Datetime,Open,High,Low,Close,Volume,Dividends,Stock Splits,Capital Gains
2024-08-19 09:30:00-04:00,7.78000020980835,7.809999942779541,7.769999980926514,7.809999942779541,39734,0.0,0.0,0.0
2024-08-19 09:32:00-04:00,7.800000190734863,7.800000190734863,7.800000190734863,7.800000190734863,170,0.0,0.0,0.0
2024-08-19 09:33:00-04:00,7.800000190734863,7.820000171661377,7.800000190734863,7.802800178527832,946,0.0,0.0,0.0
2024-08-19 09:35:00-04:00,7.809999942779541,7.809999942779541,7.804999828338623,7.804999828338623,1361,0.0,0.0,0.0
2024-08-19 09:36:00-04:00,7.809999942779541,7.809999942779541,7.804999828338623,7.804999828338623,323,0.0,0.0,0.0
2024-08-19 09:38:00-04:00,7.780300140380859,7.780300140380859,7.78000020980835,7.780300140380859,272,0.0,0.0,0.0
2024-08-19 09:39:00-04:00,7.800000190734863,7.800000190734863,7.800000190734863,7.800000190734863,4174,0.0,0.0,0.0
2024-08-19 09:40:00-04:00,7.800000190734863,7.800000190734863,7.800000190734863,7.800000190734863,364,0.0,0.0,0.0
2024-08-19 09:42:00-04:00,7.800099849700928,7.809999942779541,7.800099849700928,7.809999942779541,5309,0.0,0.0,0.0
2024-08-19 09:43:00-04:00,7.815000057220459,7.815000057220459,7.810299873352051,7.810299873352051,3238,0.0,0.0,0.0
2024-08-19 09:45:00-04:00,7.800000190734863,7.800000190734863,7.800000190734863,7.800000190734863,2020,0.0,0.0,0.0
2024-08-19 09:47:00-04:00,7.809899806976318,7.809899806976318,7.809899806976318,7.809899806976318,120,0.0,0.0,0.0
2024-08-19 09:48:00-04:00,7.809999942779541,7.822700023651123,7.801199913024902,7.820000171661377,5419,0.0,0.0,0.0
2024-08-19 09:49:00-04:00,7.820000171661377,7.820000171661377,7.820000171661377,7.820000171661377,117,0.0,0.0,0.0
2024-08-19 09:52:00-04:00,7.828700065612793,7.829999923706055,7.828700065612793,7.829999923706055,301,0.0,0.0,0.0
2024-08-19 09:53:00-04:00,7.820000171661377,7.820000171661377,7.820000171661377,7.820000171661377,315,0.0,0.0,0.0
2024-08-19 09:54:00-04:00,7.809999942779541,7.809999942779541,7.800000190734863,7.809999942779541,969,0.0,0.0,0.0
2024-08-19 09:55:00-04:00,7.809999942779541,7.815000057220459,7.809999942779541,7.810999870300293,5210,0.0,0.0,0.0
2024-08-19 09:56:00-04:00,7.809999942779541,7.824999809265137,7.809999942779541,7.820000171661377,1102,0.0,0.0,0.0
2024-08-19 09:57:00-04:00,7.829999923706055,7.829999923706055,7.829999923706055,7.829999923706055,323,0.0,0.0,0.0
2024-08-19 09:59:00-04:00,7.820000171661377,7.820000171661377,7.819900035858154,7.820000171661377,2935,0.0,0.0,0.0
2024-08-19 10:00:00-04:00,7.824999809265137,7.831299781799316,7.820000171661377,7.829999923706055,1365,0.0,0.0,0.0
2024-08-19 10:01:00-04:00,7.830100059509277,7.830100059509277,7.809999942779541,7.819900035858154,2729,0.0,0.0,0.0
2024-08-19 10:02:00-04:00,7.820000171661377,7.820000171661377,7.809999942779541,7.809999942779541,1206,0.0,0.0,0.0
2024-08-19 10:03:00-04:00,7.809999942779541,7.820000171661377,7.809999942779541,7.820000171661377,1509,0.0,0.0,0.0
2024-08-19 10:04:00-04:00,7.820000171661377,7.824999809265137,7.820000171661377,7.824999809265137,6837,0.0,0.0,0.0
2024-08-19 10:07:00-04:00,7.829999923706055,7.830100059509277,7.829999923706055,7.830100059509277,496,0.0,0.0,0.0
2024-08-19 10:08:00-04:00,7.840000152587891,7.855000019073486,7.840000152587891,7.850100040435791,6680,0.0,0.0,0.0
2024-08-19 10:09:00-04:00,7.849999904632568,7.849999904632568,7.841000080108643,7.849999904632568,821,0.0,0.0,0.0
2024-08-19 10:10:00-04:00,7.855000019073486,7.855000019073486,7.855000019073486,7.855000019073486,1725,0.0,0.0,0.0
2024-08-19 10:11:00-04:00,7.840000152587891,7.840000152587891,7.840000152587891,7.840000152587891,293,0.0,0.0,0.0
2024-08-19 10:12:00-04:00,7.840000152587891,7.840000152587891,7.840000152587891,7.840000152587891,682,0.0,0.0,0.0
2024-08-19 10:14:00-04:00,7.840000152587891,7.840000152587891,7.840000152587891,7.840000152587891,126,0.0,0.0,0.0
2024-08-19 10:15:00-04:00,7.840000152587891,7.840000152587891,7.840000152587891,7.840000152587891,200,0.0,0.0,0.0
2024-08-19 10:16:00-04:00,7.840000152587891,7.840000152587891,7.829999923706055,7.829999923706055,7655,0.0,0.0,0.0
2024-08-19 10:18:00-04:00,7.800000190734863,7.809999942779541,7.800000190734863,7.809999942779541,1905,0.0,0.0,0.0
2024-08-19 10:19:00-04:00,7.800000190734863,7.804699897766113,7.798699855804443,7.800000190734863,2559,0.0,0.0,0.0
2024-08-19 10:20:00-04:00,7.800000190734863,7.804999828338623,7.800000190734863,7.804999828338623,10944,0.0,0.0,0.0
2024-08-19 10:21:00-04:00,7.820000171661377,7.821300029754639,7.818699836730957,7.820000171661377,1027,0.0,0.0,0.0
2024-08-19 10:22:00-04:00,7.829999923706055,7.829999923706055,7.829999923706055,7.829999923706055,310,0.0,0.0,0.0
2024-08-19 10:23:00-04:00,7.840000152587891,7.840000152587891,7.840000152587891,7.840000152587891,113,0.0,0.0,0.0
2024-08-19 10:24:00-04:00,7.840000152587891,7.840000152587891,7.840000152587891,7.840000152587891,7067,0.0,0.0,0.0
2024-08-19 10:25:00-04:00,7.849999904632568,7.849999904632568,7.849999904632568,7.849999904632568,528,0.0,0.0,0.0
2024-08-19 10:27:00-04:00,7.860000133514404,7.869999885559082,7.860000133514404,7.869999885559082,1125,0.0,0.0,0.0
2024-08-19 10:28:00-04:00,7.869999885559082,7.869999885559082,7.869999885559082,7.869999885559082,302,0.0,0.0,0.0
2024-08-19 10:29:00-04:00,7.869999885559082,7.869999885559082,7.869999885559082,7.869999885559082,220,0.0,0.0,0.0
2024-08-19 10:30:00-04:00,7.869999885559082,7.869999885559082,7.869999885559082,7.869999885559082,1635,0.0,0.0,0.0
2024-08-19 10:31:00-04:00,7.880000114440918,7.880000114440918,7.880000114440918,7.880000114440918,235,0.0,0.0,0.0
2024-08-19 10:32:00-04:00,7.889999866485596,7.889999866485596,7.889999866485596,7.889999866485596,425,0.0,0.0,0.0
2024-08-19 10:33:00-04:00,7.898200035095215,7.898200035095215,7.89739990234375,7.89739990234375,385,0.0,0.0,0.0
2024-08-19 10:34:00-04:00,7.900000095367432,7.914999961853027,7.89709997177124,7.914999961853027,20573,0.0,0.0,0.0
2024-08-19 10:35:00-04:00,7.920000076293945,7.920000076293945,7.914999961853027,7.914999961853027,1221,0.0,0.0,0.0
2024-08-19 10:36:00-04:00,7.920000076293945,7.920000076293945,7.920000076293945,7.920000076293945,607,0.0,0.0,0.0
2024-08-19 10:37:00-04:00,7.914999961853027,7.920000076293945,7.914999961853027,7.914999961853027,3226,0.0,0.0,0.0
2024-08-19 10:38:00-04:00,7.916800022125244,7.916800022125244,7.909999847412109,7.909999847412109,1306,0.0,0.0,0.0
2024-08-19 10:39:00-04:00,7.911300182342529,7.911300182342529,7.910999774932861,7.910999774932861,1105,0.0,0.0,0.0
2024-08-19 10:40:00-04:00,7.919899940490723,7.919899940490723,7.909999847412109,7.909999847412109,2889,0.0,0.0,0.0
2024-08-19 10:42:00-04:00,7.914999961853027,7.920000076293945,7.91379976272583,7.920000076293945,6303,0.0,0.0,0.0
2024-08-19 10:43:00-04:00,7.920000076293945,7.920000076293945,7.914999961853027,7.914999961853027,1564,0.0,0.0,0.0
2024-08-19 10:45:00-04:00,7.929900169372559,7.934999942779541,7.929599761962891,7.934999942779541,3222,0.0,0.0,0.0
2024-08-19 10:46:00-04:00,7.938700199127197,7.940000057220459,7.938700199127197,7.940000057220459,1244,0.0,0.0,0.0
2024-08-19 10:47:00-04:00,7.938899993896484,7.938899993896484,7.938899993896484,7.938899993896484,550,0.0,0.0,0.0
2024-08-19 10:49:00-04:00,7.940000057220459,7.949999809265137,7.940000057220459,7.949999809265137,4102,0.0,0.0,0.0
2024-08-19 10:51:00-04:00,7.949999809265137,7.960000038146973,7.949999809265137,7.949999809265137,4633,0.0,0.0,0.0
2024-08-19 10:52:00-04:00,7.949999809265137,7.960000038146973,7.949999809265137,7.960000038146973,901,0.0,0.0,0.0
2024-08-19 10:53:00-04:00,7.950099945068359,7.950099945068359,7.9496002197265625,7.949999809265137,693,0.0,0.0,0.0
2024-08-19 10:54:00-04:00,7.960000038146973,7.960000038146973,7.949999809265137,7.949999809265137,936,0.0,0.0,0.0
2024-08-19 10:55:00-04:00,7.949999809265137,7.949999809265137,7.949999809265137,7.949999809265137,1319,0.0,0.0,0.0
2024-08-19 10:56:00-04:00,7.949999809265137,7.949999809265137,7.949999809265137,7.949999809265137,1514,0.0,0.0,0.0
2024-08-19 10:57:00-04:00,7.941299915313721,7.941299915313721,7.940000057220459,7.940000057220459,430,0.0,0.0,0.0
2024-08-19 11:00:00-04:00,7.949999809265137,7.949999809265137,7.949999809265137,7.949999809265137,770,0.0,0.0,0.0
2024-08-19 11:01:00-04:00,7.94350004196167,7.94350004196167,7.940000057220459,7.940000057220459,271,0.0,0.0,0.0
2024-08-19 11:02:00-04:00,7.940000057220459,7.940000057220459,7.929999828338623,7.929999828338623,4720,0.0,0.0,0.0
2024-08-19 11:03:00-04:00,7.929999828338623,7.929999828338623,7.925000190734863,7.925000190734863,1093,0.0,0.0,0.0
2024-08-19 11:04:00-04:00,7.929999828338623,7.929999828338623,7.929900169372559,7.929900169372559,748,0.0,0.0,0.0
2024-08-19 11:05:00-04:00,7.929999828338623,7.929999828338623,7.925000190734863,7.929999828338623,313,0.0,0.0,0.0
2024-08-19 11:07:00-04:00,7.929999828338623,7.929999828338623,7.929999828338623,7.929999828338623,1860,0.0,0.0,0.0
2024-08-19 11:08:00-04:00,7.929999828338623,7.929999828338623,7.929999828338623,7.929999828338623,733,0.0,0.0,0.0
2024-08-19 11:10:00-04:00,7.934999942779541,7.941299915313721,7.934999942779541,7.941299915313721,453,0.0,0.0,0.0
2024-08-19 11:11:00-04:00,7.940000057220459,7.94890022277832,7.940000057220459,7.94890022277832,494,0.0,0.0,0.0
2024-08-19 11:12:00-04:00,7.940000057220459,7.940000057220459,7.940000057220459,7.940000057220459,1167,0.0,0.0,0.0
2024-08-19 11:13:00-04:00,7.934999942779541,7.949999809265137,7.934999942779541,7.945000171661377,661,0.0,0.0,0.0
2024-08-19 11:14:00-04:00,7.940100193023682,7.940100193023682,7.940100193023682,7.940100193023682,109,0.0,0.0,0.0
2024-08-19 11:16:00-04:00,7.949999809265137,7.949999809265137,7.940000057220459,7.940000057220459,3205,0.0,0.0,0.0
2024-08-19 11:17:00-04:00,7.940000057220459,7.940000057220459,7.940000057220459,7.940000057220459,900,0.0,0.0,0.0
2024-08-19 11:19:00-04:00,7.940000057220459,7.940000057220459,7.940000057220459,7.940000057220459,300,0.0,0.0,0.0
2024-08-19 11:20:00-04:00,7.940000057220459,7.949999809265137,7.940000057220459,7.941299915313721,314,0.0,0.0,0.0
2024-08-19 11:21:00-04:00,7.940000057220459,7.940000057220459,7.940000057220459,7.940000057220459,212,0.0,0.0,0.0
2024-08-19 11:22:00-04:00,7.940000057220459,7.940000057220459,7.940000057220459,7.940000057220459,744,0.0,0.0,0.0
2024-08-19 11:23:00-04:00,7.929800033569336,7.931300163269043,7.929800033569336,7.931300163269043,411,0.0,0.0,0.0
2024-08-19 11:24:00-04:00,7.945000171661377,7.945000171661377,7.945000171661377,7.945000171661377,100,0.0,0.0,0.0
2024-08-19 11:25:00-04:00,7.949900150299072,7.949900150299072,7.940000057220459,7.940000057220459,2950,0.0,0.0,0.0
2024-08-19 11:26:00-04:00,7.929999828338623,7.929999828338623,7.929999828338623,7.929999828338623,500,0.0,0.0,0.0
2024-08-19 11:27:00-04:00,7.940000057220459,7.940000057220459,7.940000057220459,7.940000057220459,600,0.0,0.0,0.0
2024-08-19 11:28:00-04:00,7.940000057220459,7.940000057220459,7.940000057220459,7.940000057220459,240,0.0,0.0,0.0
2024-08-19 11:29:00-04:00,7.940000057220459,7.949999809265137,7.940000057220459,7.940000057220459,3700,0.0,0.0,0.0
2024-08-19 11:30:00-04:00,7.940000057220459,7.940000057220459,7.940000057220459,7.940000057220459,102,0.0,0.0,0.0
2024-08-19 11:31:00-04:00,7.945000171661377,7.94980001449585,7.945000171661377,7.94980001449585,206,0.0,0.0,0.0
2024-08-19 11:32:00-04:00,7.940100193023682,7.940100193023682,7.940100193023682,7.940100193023682,251,0.0,0.0,0.0
2024-08-19 11:33:00-04:00,7.949999809265137,7.949999809265137,7.949999809265137,7.949999809265137,1342,0.0,0.0,0.0
2024-08-19 11:34:00-04:00,7.949999809265137,7.954999923706055,7.949999809265137,7.954999923706055,325,0.0,0.0,0.0
2024-08-19 11:35:00-04:00,7.949999809265137,7.949999809265137,7.949999809265137,7.949999809265137,1377,0.0,0.0,0.0
2024-08-19 11:40:00-04:00,7.949999809265137,7.949999809265137,7.949999809265137,7.949999809265137,700,0.0,0.0,0.0
2024-08-19 11:41:00-04:00,7.949999809265137,7.949999809265137,7.940000057220459,7.940000057220459,1618,0.0,0.0,0.0
2024-08-19 11:42:00-04:00,7.929999828338623,7.929999828338623,7.921299934387207,7.921299934387207,1389,0.0,0.0,0.0
2024-08-19 11:43:00-04:00,7.929999828338623,7.929999828338623,7.929999828338623,7.929999828338623,301,0.0,0.0,0.0
2024-08-19 11:45:00-04:00,7.929999828338623,7.929999828338623,7.929999828338623,7.929999828338623,100,0.0,0.0,0.0
2024-08-19 11:46:00-04:00,7.929900169372559,7.929900169372559,7.929900169372559,7.929900169372559,704,0.0,0.0,0.0
2024-08-19 11:50:00-04:00,7.920000076293945,7.920000076293945,7.920000076293945,7.920000076293945,200,0.0,0.0,0.0
2024-08-19 11:51:00-04:00,7.920000076293945,7.920000076293945,7.920000076293945,7.920000076293945,114,0.0,0.0,0.0
2024-08-19 11:56:00-04:00,7.920000076293945,7.920000076293945,7.920000076293945,7.920000076293945,710,0.0,0.0,0.0
2024-08-19 11:57:00-04:00,7.900000095367432,7.900000095367432,7.889999866485596,7.889999866485596,1756,0.0,0.0,0.0
2024-08-19 11:58:00-04:00,7.860000133514404,7.860000133514404,7.860000133514404,7.860000133514404,1573,0.0,0.0,0.0
2024-08-19 11:59:00-04:00,7.880000114440918,7.880000114440918,7.880000114440918,7.880000114440918,226,0.0,0.0,0.0
2024-08-19 12:00:00-04:00,7.880000114440918,7.880000114440918,7.869999885559082,7.869999885559082,391,0.0,0.0,0.0
2024-08-19 12:01:00-04:00,7.869999885559082,7.869999885559082,7.869999885559082,7.869999885559082,255,0.0,0.0,0.0
2024-08-19 12:02:00-04:00,7.894999980926514,7.900000095367432,7.894999980926514,7.900000095367432,300,0.0,0.0,0.0
2024-08-19 12:03:00-04:00,7.8927001953125,7.8927001953125,7.889999866485596,7.889999866485596,500,0.0,0.0,0.0
2024-08-19 12:04:00-04:00,7.889999866485596,7.889999866485596,7.889999866485596,7.889999866485596,300,0.0,0.0,0.0
2024-08-19 12:05:00-04:00,7.889999866485596,7.889999866485596,7.889999866485596,7.889999866485596,609,0.0,0.0,0.0
2024-08-19 12:06:00-04:00,7.875,7.875,7.875,7.875,253,0.0,0.0,0.0
2024-08-19 12:07:00-04:00,7.880000114440918,7.880000114440918,7.880000114440918,7.880000114440918,500,0.0,0.0,0.0
2024-08-19 12:08:00-04:00,7.885000228881836,7.885000228881836,7.885000228881836,7.885000228881836,200,0.0,0.0,0.0
2024-08-19 12:09:00-04:00,7.889999866485596,7.889999866485596,7.889999866485596,7.889999866485596,200,0.0,0.0,0.0
2024-08-19 12:10:00-04:00,7.889999866485596,7.899899959564209,7.889999866485596,7.899899959564209,700,0.0,0.0,0.0
2024-08-19 12:12:00-04:00,7.909999847412109,7.909999847412109,7.909999847412109,7.909999847412109,700,0.0,0.0,0.0
2024-08-19 12:13:00-04:00,7.909999847412109,7.909999847412109,7.908699989318848,7.909999847412109,402,0.0,0.0,0.0
2024-08-19 12:14:00-04:00,7.909999847412109,7.909999847412109,7.909999847412109,7.909999847412109,708,0.0,0.0,0.0
2024-08-19 12:18:00-04:00,7.90500020980835,7.90500020980835,7.90500020980835,7.90500020980835,101,0.0,0.0,0.0
2024-08-19 12:19:00-04:00,7.909999847412109,7.909999847412109,7.909999847412109,7.909999847412109,602,0.0,0.0,0.0
2024-08-19 12:20:00-04:00,7.909999847412109,7.909999847412109,7.909999847412109,7.909999847412109,1266,0.0,0.0,0.0
2024-08-19 12:21:00-04:00,7.90500020980835,7.90500020980835,7.90500020980835,7.90500020980835,100,0.0,0.0,0.0
2024-08-19 12:23:00-04:00,7.900300025939941,7.900300025939941,7.900300025939941,7.900300025939941,1202,0.0,0.0,0.0
2024-08-19 12:24:00-04:00,7.90500020980835,7.90500020980835,7.90500020980835,7.90500020980835,110,0.0,0.0,0.0
2024-08-19 12:27:00-04:00,7.90500020980835,7.90500020980835,7.90500020980835,7.90500020980835,187,0.0,0.0,0.0
2024-08-19 12:28:00-04:00,7.909999847412109,7.909999847412109,7.909999847412109,7.909999847412109,307,0.0,0.0,0.0
2024-08-19 12:30:00-04:00,7.909999847412109,7.909999847412109,7.909999847412109,7.909999847412109,385,0.0,0.0,0.0
2024-08-19 12:32:00-04:00,7.909999847412109,7.909999847412109,7.909999847412109,7.909999847412109,283,0.0,0.0,0.0
2024-08-19 12:34:00-04:00,7.89870023727417,7.89870023727417,7.89870023727417,7.89870023727417,101,0.0,0.0,0.0
2024-08-19 12:39:00-04:00,7.908699989318848,7.909999847412109,7.908699989318848,7.909999847412109,201,0.0,0.0,0.0
2024-08-19 12:40:00-04:00,7.909900188446045,7.909999847412109,7.909900188446045,7.909999847412109,3056,0.0,0.0,0.0
2024-08-19 12:42:00-04:00,7.909999847412109,7.909999847412109,7.909999847412109,7.909999847412109,552,0.0,0.0,0.0
2024-08-19 12:45:00-04:00,7.909999847412109,7.909999847412109,7.909999847412109,7.909999847412109,363,0.0,0.0,0.0
2024-08-19 12:50:00-04:00,7.91949987411499,7.920000076293945,7.91949987411499,7.920000076293945,1763,0.0,0.0,0.0
2024-08-19 12:52:00-04:00,7.940000057220459,7.940000057220459,7.940000057220459,7.940000057220459,220,0.0,0.0,0.0
2024-08-19 12:53:00-04:00,7.945000171661377,7.945000171661377,7.945000171661377,7.945000171661377,1140,0.0,0.0,0.0
2024-08-19 12:54:00-04:00,7.945000171661377,7.948599815368652,7.945000171661377,7.948599815368652,2000,0.0,0.0,0.0
2024-08-19 12:56:00-04:00,7.94950008392334,7.949999809265137,7.94950008392334,7.949999809265137,620,0.0,0.0,0.0
2024-08-19 12:57:00-04:00,7.954999923706055,7.954999923706055,7.954999923706055,7.954999923706055,100,0.0,0.0,0.0
2024-08-19 12:58:00-04:00,7.954999923706055,7.954999923706055,7.954999923706055,7.954999923706055,506,0.0,0.0,0.0
2024-08-19 12:59:00-04:00,7.949999809265137,7.949999809265137,7.949999809265137,7.949999809265137,1232,0.0,0.0,0.0
2024-08-19 13:01:00-04:00,7.949999809265137,7.960000038146973,7.949999809265137,7.960000038146973,500,0.0,0.0,0.0
2024-08-19 13:04:00-04:00,7.960000038146973,7.960000038146973,7.960000038146973,7.960000038146973,702,0.0,0.0,0.0
2024-08-19 13:05:00-04:00,7.960000038146973,7.960000038146973,7.949999809265137,7.949999809265137,1426,0.0,0.0,0.0
2024-08-19 13:06:00-04:00,7.949999809265137,7.949999809265137,7.949999809265137,7.949999809265137,2001,0.0,0.0,0.0
2024-08-19 13:07:00-04:00,7.960000038146973,7.960000038146973,7.959400177001953,7.960000038146973,1019,0.0,0.0,0.0
2024-08-19 13:10:00-04:00,7.96999979019165,7.96999979019165,7.96999979019165,7.96999979019165,100,0.0,0.0,0.0
2024-08-19 13:13:00-04:00,7.960000038146973,7.961299896240234,7.958700180053711,7.960000038146973,700,0.0,0.0,0.0
2024-08-19 13:14:00-04:00,7.965000152587891,7.965000152587891,7.961299896240234,7.961299896240234,363,0.0,0.0,0.0
2024-08-19 13:15:00-04:00,7.965000152587891,7.965000152587891,7.965000152587891,7.965000152587891,1000,0.0,0.0,0.0
2024-08-19 13:16:00-04:00,7.958700180053711,7.960000038146973,7.958700180053711,7.960000038146973,421,0.0,0.0,0.0
2024-08-19 13:26:00-04:00,7.960000038146973,7.960000038146973,7.960000038146973,7.960000038146973,8600,0.0,0.0,0.0
2024-08-19 13:27:00-04:00,7.965000152587891,7.965000152587891,7.965000152587891,7.965000152587891,102,0.0,0.0,0.0
2024-08-19 13:28:00-04:00,7.960000038146973,7.965000152587891,7.960000038146973,7.965000152587891,15626,0.0,0.0,0.0
2024-08-19 13:30:00-04:00,7.960000038146973,7.960000038146973,7.949999809265137,7.960000038146973,3900,0.0,0.0,0.0
2024-08-19 13:32:00-04:00,7.954999923706055,7.960000038146973,7.954999923706055,7.954999923706055,8683,0.0,0.0,0.0
2024-08-19 13:33:00-04:00,7.960000038146973,7.960000038146973,7.960000038146973,7.960000038146973,105,0.0,0.0,0.0
2024-08-19 13:37:00-04:00,7.960000038146973,7.960000038146973,7.960000038146973,7.960000038146973,3102,0.0,0.0,0.0
2024-08-19 13:39:00-04:00,7.96999979019165,7.980000019073486,7.96999979019165,7.980000019073486,8745,0.0,0.0,0.0
2024-08-19 13:41:00-04:00,7.980000019073486,7.980000019073486,7.980000019073486,7.980000019073486,380,0.0,0.0,0.0
2024-08-19 13:42:00-04:00,7.980000019073486,7.980000019073486,7.980000019073486,7.980000019073486,154,0.0,0.0,0.0
2024-08-19 13:46:00-04:00,7.980000019073486,7.980000019073486,7.980000019073486,7.980000019073486,196,0.0,0.0,0.0
2024-08-19 13:49:00-04:00,7.980299949645996,7.980299949645996,7.980299949645996,7.980299949645996,407,0.0,0.0,0.0
2024-08-19 13:55:00-04:00,7.989999771118164,8.0,7.989999771118164,8.0,737,0.0,0.0,0.0
2024-08-19 13:57:00-04:00,8.0,8.0,8.0,8.0,6524,0.0,0.0,0.0
2024-08-19 13:58:00-04:00,8.0,8.0,8.0,8.0,5621,0.0,0.0,0.0
2024-08-19 13:59:00-04:00,8.010000228881836,8.010000228881836,8.010000228881836,8.010000228881836,388,0.0,0.0,0.0
2024-08-19 14:01:00-04:00,8.024999618530273,8.024999618530273,8.020000457763672,8.024999618530273,431,0.0,0.0,0.0
2024-08-19 14:04:00-04:00,8.024999618530273,8.024999618530273,8.020000457763672,8.020000457763672,1634,0.0,0.0,0.0
2024-08-19 14:07:00-04:00,8.029999732971191,8.029999732971191,8.029999732971191,8.029999732971191,1494,0.0,0.0,0.0
2024-08-19 14:08:00-04:00,8.029999732971191,8.039999961853027,8.029999732971191,8.039999961853027,14890,0.0,0.0,0.0
2024-08-19 14:11:00-04:00,8.030099868774414,8.030099868774414,8.030099868774414,8.030099868774414,116,0.0,0.0,0.0
2024-08-19 14:12:00-04:00,8.039999961853027,8.039999961853027,8.039999961853027,8.039999961853027,921,0.0,0.0,0.0
2024-08-19 14:20:00-04:00,8.04990005493164,8.050000190734863,8.04990005493164,8.050000190734863,5099,0.0,0.0,0.0
2024-08-19 14:21:00-04:00,8.050000190734863,8.050000190734863,8.050000190734863,8.050000190734863,927,0.0,0.0,0.0
2024-08-19 14:30:00-04:00,8.0649995803833,8.0649995803833,8.0649995803833,8.0649995803833,156,0.0,0.0,0.0
2024-08-19 14:31:00-04:00,8.0649995803833,8.069899559020996,8.0649995803833,8.0649995803833,426,0.0,0.0,0.0
2024-08-19 14:32:00-04:00,8.069999694824219,8.069999694824219,8.069999694824219,8.069999694824219,992,0.0,0.0,0.0
2024-08-19 14:33:00-04:00,8.074999809265137,8.074999809265137,8.074999809265137,8.074999809265137,500,0.0,0.0,0.0
2024-08-19 14:34:00-04:00,8.078800201416016,8.078800201416016,8.078800201416016,8.078800201416016,341,0.0,0.0,0.0
2024-08-19 14:40:00-04:00,8.079999923706055,8.09000015258789,8.079999923706055,8.09000015258789,7374,0.0,0.0,0.0
2024-08-19 14:41:00-04:00,8.099900245666504,8.099900245666504,8.099900245666504,8.099900245666504,101,0.0,0.0,0.0
2024-08-19 14:43:00-04:00,8.099900245666504,8.099900245666504,8.099900245666504,8.099900245666504,100,0.0,0.0,0.0
2024-08-19 14:44:00-04:00,8.100000381469727,8.100000381469727,8.100000381469727,8.100000381469727,1368,0.0,0.0,0.0
2024-08-19 14:45:00-04:00,8.09000015258789,8.09000015258789,8.09000015258789,8.09000015258789,315,0.0,0.0,0.0
2024-08-19 14:50:00-04:00,8.09000015258789,8.09000015258789,8.09000015258789,8.09000015258789,102,0.0,0.0,0.0
2024-08-19 14:53:00-04:00,8.09000015258789,8.09000015258789,8.09000015258789,8.09000015258789,100,0.0,0.0,0.0
2024-08-19 14:54:00-04:00,8.09000015258789,8.09000015258789,8.079999923706055,8.079999923706055,5317,0.0,0.0,0.0
2024-08-19 14:55:00-04:00,8.09000015258789,8.09000015258789,8.09000015258789,8.09000015258789,1072,0.0,0.0,0.0
2024-08-19 14:56:00-04:00,8.09000015258789,8.09000015258789,8.09000015258789,8.09000015258789,1190,0.0,0.0,0.0
2024-08-19 14:57:00-04:00,8.081999778747559,8.089900016784668,8.081999778747559,8.089900016784668,1012,0.0,0.0,0.0
2024-08-19 14:58:00-04:00,8.085000038146973,8.089900016784668,8.085000038146973,8.085000038146973,724,0.0,0.0,0.0
2024-08-19 15:00:00-04:00,8.089900016784668,8.089900016784668,8.079999923706055,8.079999923706055,718,0.0,0.0,0.0
2024-08-19 15:03:00-04:00,8.079999923706055,8.079999923706055,8.074999809265137,8.074999809265137,5241,0.0,0.0,0.0
2024-08-19 15:04:00-04:00,8.079999923706055,8.079999923706055,8.079999923706055,8.079999923706055,603,0.0,0.0,0.0
2024-08-19 15:06:00-04:00,8.074999809265137,8.074999809265137,8.074999809265137,8.074999809265137,282,0.0,0.0,0.0
2024-08-19 15:07:00-04:00,8.079999923706055,8.079999923706055,8.079999923706055,8.079999923706055,281,0.0,0.0,0.0
2024-08-19 15:09:00-04:00,8.079999923706055,8.079999923706055,8.079999923706055,8.079999923706055,200,0.0,0.0,0.0
2024-08-19 15:10:00-04:00,8.079999923706055,8.079999923706055,8.079999923706055,8.079999923706055,701,0.0,0.0,0.0
2024-08-19 15:12:00-04:00,8.079899787902832,8.079899787902832,8.074999809265137,8.079899787902832,1478,0.0,0.0,0.0
2024-08-19 15:15:00-04:00,8.074999809265137,8.074999809265137,8.074999809265137,8.074999809265137,200,0.0,0.0,0.0
2024-08-19 15:17:00-04:00,8.079999923706055,8.079999923706055,8.079999923706055,8.079999923706055,250,0.0,0.0,0.0
2024-08-19 15:19:00-04:00,8.079700469970703,8.079700469970703,8.079700469970703,8.079700469970703,252,0.0,0.0,0.0
2024-08-19 15:20:00-04:00,8.074999809265137,8.074999809265137,8.0649995803833,8.0649995803833,3169,0.0,0.0,0.0
2024-08-19 15:25:00-04:00,8.0649995803833,8.0649995803833,8.055000305175781,8.055000305175781,3116,0.0,0.0,0.0
2024-08-19 15:27:00-04:00,8.0600004196167,8.0600004196167,8.055000305175781,8.055000305175781,990,0.0,0.0,0.0
2024-08-19 15:32:00-04:00,8.0600004196167,8.0600004196167,8.0600004196167,8.0600004196167,1057,0.0,0.0,0.0
2024-08-19 15:33:00-04:00,8.059900283813477,8.059900283813477,8.059900283813477,8.059900283813477,251,0.0,0.0,0.0
2024-08-19 15:34:00-04:00,8.050000190734863,8.050000190734863,8.050000190734863,8.050000190734863,1262,0.0,0.0,0.0
2024-08-19 15:35:00-04:00,8.050000190734863,8.050000190734863,8.045000076293945,8.045000076293945,905,0.0,0.0,0.0
2024-08-19 15:36:00-04:00,8.050000190734863,8.050000190734863,8.039999961853027,8.039999961853027,1375,0.0,0.0,0.0
2024-08-19 15:38:00-04:00,8.039999961853027,8.039999961853027,8.039999961853027,8.039999961853027,436,0.0,0.0,0.0
2024-08-19 15:41:00-04:00,8.03499984741211,8.037300109863281,8.029999732971191,8.03499984741211,3136,0.0,0.0,0.0
2024-08-19 15:43:00-04:00,8.039999961853027,8.039999961853027,8.039999961853027,8.039999961853027,500,0.0,0.0,0.0
2024-08-19 15:44:00-04:00,8.045000076293945,8.045000076293945,8.045000076293945,8.045000076293945,189,0.0,0.0,0.0
2024-08-19 15:47:00-04:00,8.039999961853027,8.039999961853027,8.039999961853027,8.039999961853027,432,0.0,0.0,0.0
2024-08-19 15:48:00-04:00,8.050000190734863,8.055000305175781,8.050000190734863,8.055000305175781,385,0.0,0.0,0.0
2024-08-19 15:50:00-04:00,8.0600004196167,8.0600004196167,8.055000305175781,8.055000305175781,1181,0.0,0.0,0.0
2024-08-19 15:51:00-04:00,8.0600004196167,8.0600004196167,8.045000076293945,8.0600004196167,4100,0.0,0.0,0.0
2024-08-19 15:52:00-04:00,8.059900283813477,8.0600004196167,8.050000190734863,8.0600004196167,631,0.0,0.0,0.0
2024-08-19 15:53:00-04:00,8.0600004196167,8.061300277709961,8.0600004196167,8.0600004196167,833,0.0,0.0,0.0
2024-08-19 15:54:00-04:00,8.0600004196167,8.0600004196167,8.0600004196167,8.0600004196167,1902,0.0,0.0,0.0
2024-08-19 15:55:00-04:00,8.069999694824219,8.069999694824219,8.0600004196167,8.0649995803833,1107,0.0,0.0,0.0
2024-08-19 15:56:00-04:00,8.069999694824219,8.069999694824219,8.069999694824219,8.069999694824219,641,0.0,0.0,0.0
2024-08-19 15:57:00-04:00,8.069999694824219,8.069999694824219,8.0600004196167,8.0600004196167,3501,0.0,0.0,0.0
2024-08-19 15:58:00-04:00,8.0600004196167,8.0649995803833,8.05739974975586,8.0600004196167,6356,0.0,0.0,0.0
2024-08-19 15:59:00-04:00,8.0600004196167,8.079999923706055,8.0600004196167,8.069999694824219,4320,0.0,0.0,0.0
2024-08-20 09:30:00-04:00,8.039999961853027,8.100000381469727,8.039999961853027,8.09000015258789,26983,0.0,0.0,0.0
2024-08-20 09:31:00-04:00,8.09000015258789,8.09000015258789,8.079999923706055,8.079999923706055,916,0.0,0.0,0.0
2024-08-20 09:32:00-04:00,8.09000015258789,8.09000015258789,8.09000015258789,8.09000015258789,1410,0.0,0.0,0.0
2024-08-20 09:33:00-04:00,8.079999923706055,8.09000015258789,8.079999923706055,8.09000015258789,2237,0.0,0.0,0.0
2024-08-20 09:35:00-04:00,8.079999923706055,8.079999923706055,8.079999923706055,8.079999923706055,670,0.0,0.0,0.0
2024-08-20 09:36:00-04:00,8.069999694824219,8.069999694824219,8.0649995803833,8.0649995803833,645,0.0,0.0,0.0
2024-08-20 09:37:00-04:00,8.069999694824219,8.069999694824219,8.050000190734863,8.050000190734863,201,0.0,0.0,0.0
2024-08-20 09:38:00-04:00,8.050000190734863,8.050000190734863,8.050000190734863,8.050000190734863,422,0.0,0.0,0.0
2024-08-20 09:40:00-04:00,8.045000076293945,8.055000305175781,8.039999961853027,8.055000305175781,7929,0.0,0.0,0.0
2024-08-20 09:41:00-04:00,8.050000190734863,8.0600004196167,8.050000190734863,8.0600004196167,6098,0.0,0.0,0.0
2024-08-20 09:42:00-04:00,8.0649995803833,8.067099571228027,8.0600004196167,8.067099571228027,3363,0.0,0.0,0.0
2024-08-20 09:43:00-04:00,8.0649995803833,8.069999694824219,8.0649995803833,8.069999694824219,10097,0.0,0.0,0.0
2024-08-20 09:45:00-04:00,8.0600004196167,8.0600004196167,8.0600004196167,8.0600004196167,514,0.0,0.0,0.0
2024-08-20 09:46:00-04:00,8.0600004196167,8.0600004196167,8.0600004196167,8.0600004196167,645,0.0,0.0,0.0
2024-08-20 09:47:00-04:00,8.060099601745605,8.069999694824219,8.060099601745605,8.069999694824219,940,0.0,0.0,0.0
2024-08-20 09:48:00-04:00,8.069999694824219,8.069999694824219,8.0649995803833,8.0649995803833,1586,0.0,0.0,0.0
2024-08-20 09:49:00-04:00,8.070099830627441,8.070099830627441,8.070099830627441,8.070099830627441,271,0.0,0.0,0.0
2024-08-20 09:50:00-04:00,8.071000099182129,8.071000099182129,8.071000099182129,8.071000099182129,6895,0.0,0.0,0.0
2024-08-20 09:53:00-04:00,8.079999923706055,8.079999923706055,8.079999923706055,8.079999923706055,1127,0.0,0.0,0.0
2024-08-20 09:54:00-04:00,8.09000015258789,8.09000015258789,8.09000015258789,8.09000015258789,934,0.0,0.0,0.0
2024-08-20 09:55:00-04:00,8.100000381469727,8.109999656677246,8.100000381469727,8.100000381469727,54470,0.0,0.0,0.0
2024-08-20 09:56:00-04:00,8.095000267028809,8.095000267028809,8.090100288391113,8.095000267028809,3221,0.0,0.0,0.0
2024-08-20 09:57:00-04:00,8.100000381469727,8.100000381469727,8.100000381469727,8.100000381469727,5561,0.0,0.0,0.0
2024-08-20 09:59:00-04:00,8.100000381469727,8.104999542236328,8.100000381469727,8.104999542236328,426,0.0,0.0,0.0
2024-08-20 10:01:00-04:00,8.100000381469727,8.100000381469727,8.100000381469727,8.100000381469727,299,0.0,0.0,0.0
2024-08-20 10:02:00-04:00,8.100000381469727,8.100000381469727,8.090800285339355,8.090800285339355,822,0.0,0.0,0.0
2024-08-20 10:03:00-04:00,8.089900016784668,8.09000015258789,8.079999923706055,8.079999923706055,667,0.0,0.0,0.0
2024-08-20 10:04:00-04:00,8.085100173950195,8.09000015258789,8.085100173950195,8.09000015258789,410,0.0,0.0,0.0
2024-08-20 10:05:00-04:00,8.079999923706055,8.079999923706055,8.079999923706055,8.079999923706055,540,0.0,0.0,0.0
2024-08-20 10:06:00-04:00,8.09000015258789,8.09000015258789,8.09000015258789,8.09000015258789,321,0.0,0.0,0.0
2024-08-20 10:09:00-04:00,8.079999923706055,8.079999923706055,8.079999923706055,8.079999923706055,101,0.0,0.0,0.0
2024-08-20 10:10:00-04:00,8.079999923706055,8.079999923706055,8.079999923706055,8.079999923706055,238,0.0,0.0,0.0
2024-08-20 10:11:00-04:00,8.050000190734863,8.050999641418457,8.03499984741211,8.03499984741211,2200,0.0,0.0,0.0
2024-08-20 10:12:00-04:00,8.03499984741211,8.03499984741211,8.015000343322754,8.020000457763672,5310,0.0,0.0,0.0
2024-08-20 10:13:00-04:00,8.020000457763672,8.03219985961914,8.020000457763672,8.03219985961914,3313,0.0,0.0,0.0
2024-08-20 10:14:00-04:00,8.03499984741211,8.03499984741211,8.03499984741211,8.03499984741211,611,0.0,0.0,0.0
2024-08-20 10:15:00-04:00,8.03499984741211,8.03499984741211,8.03499984741211,8.03499984741211,333,0.0,0.0,0.0
2024-08-20 10:16:00-04:00,8.020000457763672,8.020099639892578,8.010000228881836,8.010000228881836,2433,0.0,0.0,0.0
2024-08-20 10:17:00-04:00,8.015000343322754,8.015000343322754,8.015000343322754,8.015000343322754,213,0.0,0.0,0.0
2024-08-20 10:19:00-04:00,8.020000457763672,8.020099639892578,8.015000343322754,8.015000343322754,1140,0.0,0.0,0.0
2024-08-20 10:20:00-04:00,8.015000343322754,8.015000343322754,8.009499549865723,8.009900093078613,1822,0.0,0.0,0.0
2024-08-20 10:21:00-04:00,8.000100135803223,8.010199546813965,8.000100135803223,8.010199546813965,1635,0.0,0.0,0.0
2024-08-20 10:22:00-04:00,8.010000228881836,8.020000457763672,8.010000228881836,8.020000457763672,1973,0.0,0.0,0.0
2024-08-20 10:24:00-04:00,8.01099967956543,8.01099967956543,8.01099967956543,8.01099967956543,564,0.0,0.0,0.0
2024-08-20 10:25:00-04:00,8.020000457763672,8.020000457763672,8.020000457763672,8.020000457763672,414,0.0,0.0,0.0
2024-08-20 10:26:00-04:00,8.010199546813965,8.015000343322754,8.010000228881836,8.010100364685059,3935,0.0,0.0,0.0
2024-08-20 10:27:00-04:00,8.020000457763672,8.020000457763672,8.015000343322754,8.020000457763672,2858,0.0,0.0,0.0
2024-08-20 10:29:00-04:00,8.01990032196045,8.01990032196045,8.01990032196045,8.01990032196045,1104,0.0,0.0,0.0
2024-08-20 10:30:00-04:00,8.029999732971191,8.029999732971191,8.020000457763672,8.024999618530273,7315,0.0,0.0,0.0
2024-08-20 10:31:00-04:00,8.024999618530273,8.024999618530273,8.015000343322754,8.015000343322754,9714,0.0,0.0,0.0
2024-08-20 10:32:00-04:00,8.020000457763672,8.020000457763672,8.020000457763672,8.020000457763672,195072,0.0,0.0,0.0
2024-08-20 10:34:00-04:00,8.020099639892578,8.020099639892578,8.020099639892578,8.020099639892578,549,0.0,0.0,0.0
2024-08-20 10:35:00-04:00,8.024999618530273,8.024999618530273,8.020000457763672,8.020000457763672,320,0.0,0.0,0.0
2024-08-20 10:36:00-04:00,8.010000228881836,8.010000228881836,8.010000228881836,8.010000228881836,422,0.0,0.0,0.0
2024-08-20 10:37:00-04:00,8.005000114440918,8.005000114440918,8.0,8.0,10481,0.0,0.0,0.0
2024-08-20 10:38:00-04:00,8.0,8.0,8.0,8.0,1223,0.0,0.0,0.0
2024-08-20 10:40:00-04:00,7.989999771118164,8.0,7.989999771118164,8.0,1240,0.0,0.0,0.0
2024-08-20 10:41:00-04:00,8.0,8.0,7.989999771118164,7.989999771118164,1297,0.0,0.0,0.0
2024-08-20 10:42:00-04:00,7.989999771118164,7.989999771118164,7.96999979019165,7.96999979019165,1672,0.0,0.0,0.0
2024-08-20 10:43:00-04:00,7.970300197601318,7.980000019073486,7.970300197601318,7.980000019073486,1466,0.0,0.0,0.0
2024-08-20 10:44:00-04:00,7.985000133514404,7.989999771118164,7.985000133514404,7.989999771118164,500,0.0,0.0,0.0
2024-08-20 10:45:00-04:00,7.989999771118164,7.989999771118164,7.989999771118164,7.989999771118164,325,0.0,0.0,0.0
2024-08-20 10:46:00-04:00,8.0,8.010000228881836,8.0,8.010000228881836,4463,0.0,0.0,0.0
2024-08-20 10:47:00-04:00,8.010000228881836,8.010000228881836,8.010000228881836,8.010000228881836,161,0.0,0.0,0.0
2024-08-20 10:48:00-04:00,8.020000457763672,8.020000457763672,8.010000228881836,8.010000228881836,4635,0.0,0.0,0.0
2024-08-20 10:52:00-04:00,8.010000228881836,8.010000228881836,8.010000228881836,8.010000228881836,101,0.0,0.0,0.0
2024-08-20 10:53:00-04:00,8.015000343322754,8.020000457763672,8.015000343322754,8.020000457763672,1125,0.0,0.0,0.0
2024-08-20 10:54:00-04:00,8.024999618530273,8.024999618530273,8.020000457763672,8.020000457763672,1267,0.0,0.0,0.0
2024-08-20 10:55:00-04:00,8.029999732971191,8.029999732971191,8.029999732971191,8.029999732971191,110,0.0,0.0,0.0
2024-08-20 10:56:00-04:00,8.010000228881836,8.010000228881836,8.010000228881836,8.010000228881836,699,0.0,0.0,0.0
2024-08-20 10:58:00-04:00,7.999899864196777,8.001299858093262,7.999899864196777,8.0,1795,0.0,0.0,0.0
2024-08-20 10:59:00-04:00,7.989999771118164,7.989999771118164,7.978700160980225,7.978700160980225,102,0.0,0.0,0.0
2024-08-20 11:00:00-04:00,7.989999771118164,7.990499973297119,7.96999979019165,7.96999979019165,234475,0.0,0.0,0.0
2024-08-20 11:01:00-04:00,7.974999904632568,7.974999904632568,7.96999979019165,7.96999979019165,714,0.0,0.0,0.0
2024-08-20 11:03:00-04:00,7.979499816894531,7.980000019073486,7.979499816894531,7.980000019073486,330,0.0,0.0,0.0
2024-08-20 11:04:00-04:00,7.974999904632568,7.981299877166748,7.974999904632568,7.981299877166748,1035,0.0,0.0,0.0
2024-08-20 11:05:00-04:00,7.980000019073486,7.980000019073486,7.980000019073486,7.980000019073486,502,0.0,0.0,0.0
2024-08-20 11:07:00-04:00,7.96999979019165,7.980000019073486,7.96999979019165,7.980000019073486,310,0.0,0.0,0.0
2024-08-20 11:09:00-04:00,7.96999979019165,7.97130012512207,7.96999979019165,7.96999979019165,563,0.0,0.0,0.0
2024-08-20 11:10:00-04:00,7.96999979019165,7.96999979019165,7.965000152587891,7.965000152587891,2354,0.0,0.0,0.0
2024-08-20 11:11:00-04:00,7.9633002281188965,7.9633002281188965,7.9633002281188965,7.9633002281188965,104,0.0,0.0,0.0
2024-08-20 11:13:00-04:00,7.968699932098389,7.96999979019165,7.968699932098389,7.96999979019165,1300,0.0,0.0,0.0
2024-08-20 11:14:00-04:00,7.97130012512207,7.97130012512207,7.950099945068359,7.950099945068359,2000,0.0,0.0,0.0
2024-08-20 11:15:00-04:00,7.958700180053711,7.960000038146973,7.958700180053711,7.960000038146973,312,0.0,0.0,0.0
2024-08-20 11:17:00-04:00,7.970099925994873,7.970099925994873,7.970099925994873,7.970099925994873,5011,0.0,0.0,0.0
2024-08-20 11:18:00-04:00,7.974999904632568,7.974999904632568,7.974999904632568,7.974999904632568,500,0.0,0.0,0.0
2024-08-20 11:20:00-04:00,7.979899883270264,7.980000019073486,7.979899883270264,7.980000019073486,1102,0.0,0.0,0.0
2024-08-20 11:21:00-04:00,7.989999771118164,7.989999771118164,7.989999771118164,7.989999771118164,1157,0.0,0.0,0.0
2024-08-20 11:22:00-04:00,7.981299877166748,7.981299877166748,7.980000019073486,7.980000019073486,2175,0.0,0.0,0.0
2024-08-20 11:23:00-04:00,7.979599952697754,7.980000019073486,7.979599952697754,7.980000019073486,200,0.0,0.0,0.0
2024-08-20 11:24:00-04:00,7.980000019073486,7.989999771118164,7.980000019073486,7.989999771118164,1927,0.0,0.0,0.0
2024-08-20 11:27:00-04:00,7.96999979019165,7.96999979019165,7.960000038146973,7.960000038146973,1573,0.0,0.0,0.0
2024-08-20 11:28:00-04:00,7.960000038146973,7.960000038146973,7.954999923706055,7.960000038146973,1271,0.0,0.0,0.0
2024-08-20 11:30:00-04:00,7.96999979019165,7.974999904632568,7.96999979019165,7.974999904632568,584,0.0,0.0,0.0
2024-08-20 11:32:00-04:00,7.980100154876709,7.980100154876709,7.980100154876709,7.980100154876709,100,0.0,0.0,0.0
2024-08-20 11:33:00-04:00,7.989999771118164,7.989999771118164,7.989999771118164,7.989999771118164,259888,0.0,0.0,0.0
2024-08-20 11:35:00-04:00,7.989999771118164,7.989999771118164,7.989999771118164,7.989999771118164,603,0.0,0.0,0.0
2024-08-20 11:37:00-04:00,8.0,8.0,8.0,8.0,837,0.0,0.0,0.0
2024-08-20 11:38:00-04:00,8.010000228881836,8.010000228881836,8.010000228881836,8.010000228881836,500,0.0,0.0,0.0
2024-08-20 11:39:00-04:00,8.000100135803223,8.000100135803223,8.000100135803223,8.000100135803223,660,0.0,0.0,0.0
2024-08-20 11:42:00-04:00,8.020000457763672,8.020000457763672,8.000100135803223,8.000100135803223,1247,0.0,0.0,0.0
2024-08-20 11:43:00-04:00,8.0,8.0,8.0,8.0,3700,0.0,0.0,0.0
2024-08-20 11:45:00-04:00,7.989999771118164,7.989999771118164,7.989999771118164,7.989999771118164,11750,0.0,0.0,0.0
2024-08-20 11:46:00-04:00,7.989999771118164,7.989999771118164,7.989999771118164,7.989999771118164,1000,0.0,0.0,0.0
2024-08-20 11:48:00-04:00,7.989999771118164,7.989999771118164,7.980000019073486,7.980000019073486,700,0.0,0.0,0.0
2024-08-20 11:49:00-04:00,7.985000133514404,7.985000133514404,7.985000133514404,7.985000133514404,200,0.0,0.0,0.0
2024-08-20 11:50:00-04:00,7.989999771118164,7.989999771118164,7.989999771118164,7.989999771118164,353,0.0,0.0,0.0
2024-08-20 11:52:00-04:00,7.989999771118164,7.989999771118164,7.989999771118164,7.989999771118164,304,0.0,0.0,0.0
2024-08-20 11:53:00-04:00,8.0,8.0,8.0,8.0,785,0.0,0.0,0.0
2024-08-20 11:56:00-04:00,8.010000228881836,8.010000228881836,8.010000228881836,8.010000228881836,449,0.0,0.0,0.0
2024-08-20 11:57:00-04:00,8.020000457763672,8.020000457763672,8.020000457763672,8.020000457763672,100,0.0,0.0,0.0
2024-08-20 11:58:00-04:00,8.020000457763672,8.020000457763672,8.020000457763672,8.020000457763672,803,0.0,0.0,0.0
2024-08-20 11:59:00-04:00,8.024999618530273,8.029999732971191,8.024999618530273,8.029999732971191,1111,0.0,0.0,0.0
2024-08-20 12:03:00-04:00,8.024999618530273,8.024999618530273,8.024999618530273,8.024999618530273,1004,0.0,0.0,0.0
2024-08-20 12:10:00-04:00,8.039999961853027,8.039999961853027,8.039999961853027,8.039999961853027,210,0.0,0.0,0.0
2024-08-20 12:12:00-04:00,8.029999732971191,8.029999732971191,8.029999732971191,8.029999732971191,1600,0.0,0.0,0.0
2024-08-20 12:14:00-04:00,8.039999961853027,8.039999961853027,8.039999961853027,8.039999961853027,600,0.0,0.0,0.0
2024-08-20 12:15:00-04:00,8.029999732971191,8.029999732971191,8.024999618530273,8.024999618530273,5084,0.0,0.0,0.0
2024-08-20 12:20:00-04:00,8.005000114440918,8.005000114440918,8.005000114440918,8.005000114440918,1301,0.0,0.0,0.0
2024-08-20 12:23:00-04:00,8.010000228881836,8.010000228881836,8.010000228881836,8.010000228881836,8000,0.0,0.0,0.0
2024-08-20 12:25:00-04:00,8.010000228881836,8.010000228881836,8.010000228881836,8.010000228881836,121,0.0,0.0,0.0
2024-08-20 12:28:00-04:00,8.005000114440918,8.005000114440918,8.005000114440918,8.005000114440918,199,0.0,0.0,0.0
2024-08-20 12:30:00-04:00,8.010000228881836,8.010000228881836,8.010000228881836,8.010000228881836,200,0.0,0.0,0.0
2024-08-20 12:31:00-04:00,8.020000457763672,8.020000457763672,8.020000457763672,8.020000457763672,100,0.0,0.0,0.0
2024-08-20 12:33:00-04:00,8.010000228881836,8.020000457763672,8.009900093078613,8.020000457763672,3900,0.0,0.0,0.0
2024-08-20 12:36:00-04:00,8.005000114440918,8.005000114440918,8.005000114440918,8.005000114440918,1500,0.0,0.0,0.0
2024-08-20 12:37:00-04:00,8.005000114440918,8.005000114440918,8.005000114440918,8.005000114440918,300,0.0,0.0,0.0
2024-08-20 12:38:00-04:00,8.015000343322754,8.015000343322754,8.015000343322754,8.015000343322754,1006,0.0,0.0,0.0
2024-08-20 12:41:00-04:00,8.015000343322754,8.015000343322754,8.015000343322754,8.015000343322754,5434,0.0,0.0,0.0
2024-08-20 12:42:00-04:00,8.010000228881836,8.010499954223633,8.010000228881836,8.010000228881836,405,0.0,0.0,0.0
2024-08-20 12:44:00-04:00,8.010000228881836,8.015000343322754,8.010000228881836,8.015000343322754,403,0.0,0.0,0.0
2024-08-20 12:46:00-04:00,8.020000457763672,8.020000457763672,8.019499778747559,8.020000457763672,704,0.0,0.0,0.0
2024-08-20 12:50:00-04:00,8.030099868774414,8.030099868774414,8.030099868774414,8.030099868774414,100,0.0,0.0,0.0
2024-08-20 12:53:00-04:00,8.020000457763672,8.020000457763672,8.020000457763672,8.020000457763672,748,0.0,0.0,0.0
2024-08-20 12:54:00-04:00,8.010000228881836,8.011699676513672,8.010000228881836,8.010000228881836,1100,0.0,0.0,0.0
2024-08-20 12:56:00-04:00,8.010499954223633,8.010499954223633,8.008700370788574,8.010000228881836,616,0.0,0.0,0.0
2024-08-20 12:59:00-04:00,8.010000228881836,8.010000228881836,8.010000228881836,8.010000228881836,396,0.0,0.0,0.0
2024-08-20 13:00:00-04:00,8.010000228881836,8.010000228881836,7.979499816894531,7.980000019073486,3266,0.0,0.0,0.0
2024-08-20 13:01:00-04:00,8.0,8.0,8.0,8.0,100,0.0,0.0,0.0
2024-08-20 13:02:00-04:00,7.994999885559082,7.994999885559082,7.994999885559082,7.994999885559082,687,0.0,0.0,0.0
2024-08-20 13:03:00-04:00,8.000800132751465,8.000800132751465,8.0,8.0,300,0.0,0.0,0.0
2024-08-20 13:04:00-04:00,8.0,8.001299858093262,8.0,8.0,3650,0.0,0.0,0.0
2024-08-20 13:05:00-04:00,8.0,8.0,7.998700141906738,7.998700141906738,350,0.0,0.0,0.0
2024-08-20 13:07:00-04:00,8.024999618530273,8.024999618530273,8.024999618530273,8.024999618530273,275,0.0,0.0,0.0
2024-08-20 13:09:00-04:00,8.030099868774414,8.030099868774414,8.030099868774414,8.030099868774414,142,0.0,0.0,0.0
2024-08-20 13:12:00-04:00,8.020000457763672,8.020000457763672,8.020000457763672,8.020000457763672,280,0.0,0.0,0.0
2024-08-20 13:17:00-04:00,8.020000457763672,8.020000457763672,8.020000457763672,8.020000457763672,401,0.0,0.0,0.0
2024-08-20 13:20:00-04:00,8.015000343322754,8.020000457763672,8.015000343322754,8.020000457763672,630,0.0,0.0,0.0
2024-08-20 13:21:00-04:00,8.0,8.005000114440918,8.0,8.005000114440918,4248,0.0,0.0,0.0
2024-08-20 13:26:00-04:00,8.011300086975098,8.011300086975098,8.010000228881836,8.010000228881836,570,0.0,0.0,0.0
2024-08-20 13:27:00-04:00,8.02869987487793,8.029999732971191,8.02869987487793,8.029999732971191,200,0.0,0.0,0.0
2024-08-20 13:28:00-04:00,8.020000457763672,8.020000457763672,8.020000457763672,8.020000457763672,140,0.0,0.0,0.0
2024-08-20 13:30:00-04:00,8.01990032196045,8.020000457763672,8.01990032196045,8.020000457763672,210,0.0,0.0,0.0
2024-08-20 13:36:00-04:00,8.020000457763672,8.020000457763672,8.020000457763672,8.020000457763672,638,0.0,0.0,0.0
2024-08-20 13:43:00-04:00,8.029999732971191,8.029999732971191,8.029999732971191,8.029999732971191,200,0.0,0.0,0.0
2024-08-20 13:44:00-04:00,8.029999732971191,8.03499984741211,8.029999732971191,8.03499984741211,470,0.0,0.0,0.0
2024-08-20 13:46:00-04:00,8.039999961853027,8.039999961853027,8.039999961853027,8.039999961853027,100,0.0,0.0,0.0
2024-08-20 13:47:00-04:00,8.050000190734863,8.050000190734863,8.050000190734863,8.050000190734863,990,0.0,0.0,0.0
2024-08-20 13:52:00-04:00,8.050000190734863,8.050000190734863,8.050000190734863,8.050000190734863,101,0.0,0.0,0.0
2024-08-20 13:53:00-04:00,8.050000190734863,8.050000190734863,8.050000190734863,8.050000190734863,122,0.0,0.0,0.0
2024-08-20 13:54:00-04:00,8.050000190734863,8.050000190734863,8.050000190734863,8.050000190734863,600,0.0,0.0,0.0
2024-08-20 13:56:00-04:00,8.050000190734863,8.050000190734863,8.050000190734863,8.050000190734863,609,0.0,0.0,0.0
2024-08-20 14:02:00-04:00,8.050000190734863,8.055000305175781,8.050000190734863,8.055000305175781,2850,0.0,0.0,0.0
2024-08-20 14:03:00-04:00,8.0600004196167,8.0600004196167,8.0600004196167,8.0600004196167,503,0.0,0.0,0.0
2024-08-20 14:10:00-04:00,8.069999694824219,8.069999694824219,8.069999694824219,8.069999694824219,304,0.0,0.0,0.0
2024-08-20 14:12:00-04:00,8.069999694824219,8.069999694824219,8.069999694824219,8.069999694824219,1146,0.0,0.0,0.0
2024-08-20 14:13:00-04:00,8.079999923706055,8.079999923706055,8.069999694824219,8.079999923706055,680,0.0,0.0,0.0
2024-08-20 14:16:00-04:00,8.09000015258789,8.100000381469727,8.09000015258789,8.100000381469727,1014,0.0,0.0,0.0
2024-08-20 14:17:00-04:00,8.100000381469727,8.100000381469727,8.100000381469727,8.100000381469727,100,0.0,0.0,0.0
2024-08-20 14:18:00-04:00,8.109999656677246,8.109999656677246,8.109999656677246,8.109999656677246,708,0.0,0.0,0.0
2024-08-20 14:20:00-04:00,8.111300468444824,8.111300468444824,8.109999656677246,8.109999656677246,400,0.0,0.0,0.0
2024-08-20 14:21:00-04:00,8.108699798583984,8.10990047454834,8.108699798583984,8.108699798583984,351,0.0,0.0,0.0
2024-08-20 14:26:00-04:00,8.111300468444824,8.111300468444824,8.109999656677246,8.109999656677246,300,0.0,0.0,0.0
2024-08-20 14:29:00-04:00,8.100000381469727,8.100000381469727,8.100000381469727,8.100000381469727,100,0.0,0.0,0.0
2024-08-20 14:30:00-04:00,8.100000381469727,8.100000381469727,8.100000381469727,8.100000381469727,1000,0.0,0.0,0.0
2024-08-20 14:32:00-04:00,8.10990047454834,8.109999656677246,8.10990047454834,8.109999656677246,300,0.0,0.0,0.0
2024-08-20 14:34:00-04:00,8.111300468444824,8.111300468444824,8.109999656677246,8.109999656677246,301,0.0,0.0,0.0
2024-08-20 14:37:00-04:00,8.10990047454834,8.109999656677246,8.10990047454834,8.109999656677246,650,0.0,0.0,0.0
2024-08-20 14:40:00-04:00,8.111200332641602,8.111200332641602,8.111200332641602,8.111200332641602,151,0.0,0.0,0.0
2024-08-20 14:42:00-04:00,8.111700057983398,8.111700057983398,8.111700057983398,8.111700057983398,334,0.0,0.0,0.0
2024-08-20 14:45:00-04:00,8.109999656677246,8.109999656677246,8.109999656677246,8.109999656677246,400,0.0,0.0,0.0
2024-08-20 14:46:00-04:00,8.100000381469727,8.109999656677246,8.100000381469727,8.109999656677246,2950,0.0,0.0,0.0
2024-08-20 14:47:00-04:00,8.109999656677246,8.109999656677246,8.109999656677246,8.109999656677246,400,0.0,0.0,0.0
2024-08-20 14:48:00-04:00,8.109999656677246,8.109999656677246,8.109999656677246,8.109999656677246,350,0.0,0.0,0.0
2024-08-20 14:50:00-04:00,8.100000381469727,8.100000381469727,8.100000381469727,8.100000381469727,2000,0.0,0.0,0.0
2024-08-20 14:51:00-04:00,8.100000381469727,8.109999656677246,8.100000381469727,8.109999656677246,3100,0.0,0.0,0.0
2024-08-20 14:53:00-04:00,8.09000015258789,8.09000015258789,8.09000015258789,8.09000015258789,200,0.0,0.0,0.0
2024-08-20 14:54:00-04:00,8.09000015258789,8.09000015258789,8.09000015258789,8.09000015258789,298,0.0,0.0,0.0
2024-08-20 14:55:00-04:00,8.09000015258789,8.09000015258789,8.09000015258789,8.09000015258789,850,0.0,0.0,0.0
2024-08-20 14:57:00-04:00,8.095000267028809,8.095000267028809,8.095000267028809,8.095000267028809,146,0.0,0.0,0.0
2024-08-20 15:04:00-04:00,8.09000015258789,8.09000015258789,8.09000015258789,8.09000015258789,200,0.0,0.0,0.0
2024-08-20 15:08:00-04:00,8.092599868774414,8.092599868774414,8.09000015258789,8.092000007629395,746,0.0,0.0,0.0
2024-08-20 15:10:00-04:00,8.085000038146973,8.085000038146973,8.085000038146973,8.085000038146973,501,0.0,0.0,0.0
2024-08-20 15:12:00-04:00,8.083999633789062,8.083999633789062,8.083999633789062,8.083999633789062,190,0.0,0.0,0.0
2024-08-20 15:19:00-04:00,8.088700294494629,8.09000015258789,8.088700294494629,8.09000015258789,1785,0.0,0.0,0.0
2024-08-20 15:20:00-04:00,8.100000381469727,8.109999656677246,8.100000381469727,8.109999656677246,1551,0.0,0.0,0.0
2024-08-20 15:21:00-04:00,8.109999656677246,8.109999656677246,8.109999656677246,8.109999656677246,2702,0.0,0.0,0.0
2024-08-20 15:23:00-04:00,8.100000381469727,8.100000381469727,8.100000381469727,8.100000381469727,1221,0.0,0.0,0.0
2024-08-20 15:26:00-04:00,8.109999656677246,8.109999656677246,8.109999656677246,8.109999656677246,1046,0.0,0.0,0.0
2024-08-20 15:32:00-04:00,8.104999542236328,8.104999542236328,8.104999542236328,8.104999542236328,216,0.0,0.0,0.0
2024-08-20 15:38:00-04:00,8.109999656677246,8.114999771118164,8.109999656677246,8.109999656677246,2371,0.0,0.0,0.0
2024-08-20 15:39:00-04:00,8.109999656677246,8.109999656677246,8.104999542236328,8.104999542236328,962,0.0,0.0,0.0
2024-08-20 15:40:00-04:00,8.104000091552734,8.104000091552734,8.104000091552734,8.104000091552734,213,0.0,0.0,0.0
2024-08-20 15:43:00-04:00,8.101799964904785,8.101799964904785,8.101799964904785,8.101799964904785,277,0.0,0.0,0.0
2024-08-20 15:49:00-04:00,8.109999656677246,8.114999771118164,8.109999656677246,8.114999771118164,1968,0.0,0.0,0.0
2024-08-20 15:50:00-04:00,8.114999771118164,8.114999771118164,8.109999656677246,8.109999656677246,2835,0.0,0.0,0.0
2024-08-20 15:53:00-04:00,8.100000381469727,8.100000381469727,8.100000381469727,8.100000381469727,863,0.0,0.0,0.0
2024-08-20 15:55:00-04:00,8.09000015258789,8.09000015258789,8.09000015258789,8.09000015258789,396,0.0,0.0,0.0
2024-08-20 15:57:00-04:00,8.09000015258789,8.09000015258789,8.09000015258789,8.09000015258789,705,0.0,0.0,0.0
2024-08-20 15:59:00-04:00,8.079999923706055,8.09000015258789,8.069999694824219,8.09000015258789,7242,0.0,0.0,0.0
2024-08-21 09:30:00-04:00,8.020000457763672,8.069999694824219,8.010000228881836,8.010000228881836,5351,0.0,0.0,0.0
2024-08-21 09:31:00-04:00,8.010000228881836,8.010000228881836,8.010000228881836,8.010000228881836,105,0.0,0.0,0.0
2024-08-21 09:32:00-04:00,8.009900093078613,8.009900093078613,8.009900093078613,8.009900093078613,267,0.0,0.0,0.0
2024-08-21 09:33:00-04:00,8.0,8.0,8.0,8.0,429,0.0,0.0,0.0
2024-08-21 09:34:00-04:00,7.989999771118164,8.0,7.989999771118164,7.989999771118164,1362,0.0,0.0,0.0
2024-08-21 09:35:00-04:00,7.994999885559082,8.0,7.994999885559082,8.0,3700,0.0,0.0,0.0
2024-08-21 09:40:00-04:00,7.989999771118164,7.990099906921387,7.989999771118164,7.990099906921387,1431,0.0,0.0,0.0
2024-08-21 09:41:00-04:00,8.0,8.0,8.0,8.0,550,0.0,0.0,0.0
2024-08-21 09:42:00-04:00,7.989999771118164,7.993599891662598,7.989999771118164,7.993599891662598,1033,0.0,0.0,0.0
2024-08-21 09:43:00-04:00,7.989999771118164,7.989999771118164,7.989999771118164,7.989999771118164,1923,0.0,0.0,0.0
2024-08-21 09:44:00-04:00,7.9899001121521,7.989999771118164,7.9899001121521,7.989999771118164,328,0.0,0.0,0.0
2024-08-21 09:45:00-04:00,7.994999885559082,7.994999885559082,7.989999771118164,7.989999771118164,140897,0.0,0.0,0.0
2024-08-21 09:46:00-04:00,7.989999771118164,7.994999885559082,7.989999771118164,7.989999771118164,53273,0.0,0.0,0.0
2024-08-21 09:47:00-04:00,7.980000019073486,7.989999771118164,7.980000019073486,7.989999771118164,12660,0.0,0.0,0.0
2024-08-21 09:48:00-04:00,7.989999771118164,7.989999771118164,7.9899001121521,7.989999771118164,30044,0.0,0.0,0.0
2024-08-21 09:49:00-04:00,7.989999771118164,7.989999771118164,7.989999771118164,7.989999771118164,13010,0.0,0.0,0.0
2024-08-21 09:50:00-04:00,7.989999771118164,7.989999771118164,7.989999771118164,7.989999771118164,53575,0.0,0.0,0.0
2024-08-21 09:51:00-04:00,7.989999771118164,7.989999771118164,7.989999771118164,7.989999771118164,2688,0.0,0.0,0.0
2024-08-21 09:53:00-04:00,7.989999771118164,7.989999771118164,7.989999771118164,7.989999771118164,100,0.0,0.0,0.0
2024-08-21 09:54:00-04:00,7.989999771118164,7.994999885559082,7.989999771118164,7.994999885559082,2371,0.0,0.0,0.0
2024-08-21 09:57:00-04:00,8.0,8.000100135803223,8.0,8.000100135803223,1177,0.0,0.0,0.0
2024-08-21 10:00:00-04:00,8.0,8.0,7.989999771118164,8.0,23224,0.0,0.0,0.0
2024-08-21 10:01:00-04:00,8.0,8.009900093078613,8.0,8.0,3100,0.0,0.0,0.0
2024-08-21 10:02:00-04:00,8.010000228881836,8.010100364685059,8.010000228881836,8.010000228881836,3358,0.0,0.0,0.0
2024-08-21 10:03:00-04:00,8.010000228881836,8.020000457763672,8.010000228881836,8.020000457763672,950,0.0,0.0,0.0
2024-08-21 10:04:00-04:00,8.024999618530273,8.024999618530273,8.020000457763672,8.024999618530273,1850,0.0,0.0,0.0
2024-08-21 10:05:00-04:00,8.020000457763672,8.020000457763672,8.020000457763672,8.020000457763672,400,0.0,0.0,0.0
2024-08-21 10:06:00-04:00,8.015000343322754,8.015000343322754,8.015000343322754,8.015000343322754,1313,0.0,0.0,0.0
2024-08-21 10:07:00-04:00,8.010000228881836,8.010000228881836,8.010000228881836,8.010000228881836,1039,0.0,0.0,0.0
2024-08-21 10:08:00-04:00,8.0,8.0,7.994999885559082,7.994999885559082,3988,0.0,0.0,0.0
2024-08-21 10:09:00-04:00,7.989999771118164,7.989999771118164,7.96999979019165,7.980000019073486,7309,0.0,0.0,0.0
2024-08-21 10:10:00-04:00,7.980000019073486,7.989999771118164,7.980000019073486,7.989999771118164,2196,0.0,0.0,0.0
2024-08-21 10:11:00-04:00,8.0,8.000499725341797,8.0,8.0,1636,0.0,0.0,0.0
2024-08-21 10:12:00-04:00,8.000100135803223,8.010000228881836,8.0,8.010000228881836,2485,0.0,0.0,0.0
2024-08-21 10:13:00-04:00,8.005000114440918,8.010000228881836,8.005000114440918,8.005000114440918,1349,0.0,0.0,0.0
2024-08-21 10:14:00-04:00,8.001299858093262,8.010000228881836,7.965000152587891,7.96999979019165,5710,0.0,0.0,0.0
2024-08-21 10:15:00-04:00,7.96999979019165,7.980000019073486,7.968699932098389,7.980000019073486,2206,0.0,0.0,0.0
2024-08-21 10:16:00-04:00,7.965000152587891,7.980000019073486,7.965000152587891,7.980000019073486,1407,0.0,0.0,0.0
2024-08-21 10:17:00-04:00,7.980000019073486,7.980000019073486,7.980000019073486,7.980000019073486,1402,0.0,0.0,0.0
2024-08-21 10:18:00-04:00,7.989999771118164,8.0,7.989999771118164,8.0,1685,0.0,0.0,0.0
2024-08-21 10:20:00-04:00,8.020000457763672,8.020000457763672,8.020000457763672,8.020000457763672,116,0.0,0.0,0.0
2024-08-21 10:21:00-04:00,8.020000457763672,8.020000457763672,8.020000457763672,8.020000457763672,208,0.0,0.0,0.0
2024-08-21 10:22:00-04:00,8.020000457763672,8.020000457763672,8.020000457763672,8.020000457763672,336,0.0,0.0,0.0
2024-08-21 10:25:00-04:00,8.021300315856934,8.021300315856934,8.020000457763672,8.020000457763672,1939,0.0,0.0,0.0
2024-08-21 10:26:00-04:00,8.018699645996094,8.020000457763672,8.018699645996094,8.020000457763672,593,0.0,0.0,0.0
2024-08-21 10:30:00-04:00,8.028900146484375,8.028900146484375,8.028900146484375,8.028900146484375,220,0.0,0.0,0.0
2024-08-21 10:31:00-04:00,8.029999732971191,8.029999732971191,8.029999732971191,8.029999732971191,100,0.0,0.0,0.0
2024-08-21 10:32:00-04:00,8.029999732971191,8.029999732971191,8.010000228881836,8.015000343322754,6677,0.0,0.0,0.0
2024-08-21 10:33:00-04:00,8.020000457763672,8.020000457763672,8.015000343322754,8.015000343322754,10248,0.0,0.0,0.0
2024-08-21 10:34:00-04:00,8.020000457763672,8.020000457763672,8.018699645996094,8.020000457763672,431,0.0,0.0,0.0
2024-08-21 10:35:00-04:00,8.010000228881836,8.010000228881836,8.010000228881836,8.010000228881836,300,0.0,0.0,0.0
2024-08-21 10:36:00-04:00,8.010000228881836,8.055000305175781,8.010000228881836,8.055000305175781,56310,0.0,0.0,0.0
2024-08-21 10:37:00-04:00,8.059800148010254,8.0600004196167,8.059800148010254,8.0600004196167,880,0.0,0.0,0.0
2024-08-21 10:38:00-04:00,8.057999610900879,8.057999610900879,8.050000190734863,8.050000190734863,1550,0.0,0.0,0.0
2024-08-21 10:40:00-04:00,8.050000190734863,8.0649995803833,8.050000190734863,8.0649995803833,3094,0.0,0.0,0.0
2024-08-21 10:41:00-04:00,8.069999694824219,8.069999694824219,8.069999694824219,8.069999694824219,20840,0.0,0.0,0.0
2024-08-21 10:44:00-04:00,8.079999923706055,8.079999923706055,8.079999923706055,8.079999923706055,3700,0.0,0.0,0.0
2024-08-21 10:45:00-04:00,8.09000015258789,8.09000015258789,8.079999923706055,8.079999923706055,3595,0.0,0.0,0.0
2024-08-21 10:46:00-04:00,8.08530044555664,8.08530044555664,8.079999923706055,8.079999923706055,1220,0.0,0.0,0.0
2024-08-21 10:47:00-04:00,8.079999923706055,8.079999923706055,8.069899559020996,8.069899559020996,2760,0.0,0.0,0.0
2024-08-21 10:49:00-04:00,8.055000305175781,8.055000305175781,8.055000305175781,8.055000305175781,5142,0.0,0.0,0.0
2024-08-21 10:50:00-04:00,8.050000190734863,8.050000190734863,8.010000228881836,8.010000228881836,9955,0.0,0.0,0.0
2024-08-21 10:51:00-04:00,8.0,8.010000228881836,7.994999885559082,8.0,1032,0.0,0.0,0.0
2024-08-21 10:52:00-04:00,8.00100040435791,8.005000114440918,7.980000019073486,7.980000019073486,5124,0.0,0.0,0.0
2024-08-21 10:53:00-04:00,7.991300106048584,8.008700370788574,7.980000019073486,8.00570011138916,1128,0.0,0.0,0.0
2024-08-21 10:54:00-04:00,8.0,8.0,8.0,8.0,3252,0.0,0.0,0.0
2024-08-21 10:55:00-04:00,7.980000019073486,7.980000019073486,7.980000019073486,7.980000019073486,641,0.0,0.0,0.0
2024-08-21 10:56:00-04:00,7.980000019073486,7.980000019073486,7.980000019073486,7.980000019073486,2650,0.0,0.0,0.0
2024-08-21 10:57:00-04:00,7.980000019073486,7.980000019073486,7.980000019073486,7.980000019073486,600,0.0,0.0,0.0
2024-08-21 10:58:00-04:00,7.989999771118164,8.0,7.989999771118164,8.0,3541,0.0,0.0,0.0
2024-08-21 10:59:00-04:00,8.0,8.0,8.0,8.0,200,0.0,0.0,0.0
2024-08-21 11:00:00-04:00,7.999899864196777,7.999899864196777,7.999899864196777,7.999899864196777,100,0.0,0.0,0.0
2024-08-21 11:01:00-04:00,7.989999771118164,7.989999771118164,7.978700160980225,7.980000019073486,4675,0.0,0.0,0.0
2024-08-21 11:02:00-04:00,7.980100154876709,7.980100154876709,7.980000019073486,7.980000019073486,1200,0.0,0.0,0.0
2024-08-21 11:03:00-04:00,7.989999771118164,7.989999771118164,7.989999771118164,7.989999771118164,5170,0.0,0.0,0.0
2024-08-21 11:04:00-04:00,8.0,8.001299858093262,7.989999771118164,7.999899864196777,858,0.0,0.0,0.0
2024-08-21 11:06:00-04:00,8.020000457763672,8.029999732971191,8.020000457763672,8.029999732971191,2596,0.0,0.0,0.0
2024-08-21 11:07:00-04:00,8.029999732971191,8.031299591064453,8.02869987487793,8.029999732971191,1865,0.0,0.0,0.0
2024-08-21 11:08:00-04:00,8.020000457763672,8.020000457763672,8.020000457763672,8.020000457763672,800,0.0,0.0,0.0
2024-08-21 11:09:00-04:00,8.020000457763672,8.020000457763672,8.020000457763672,8.020000457763672,300,0.0,0.0,0.0
2024-08-21 11:10:00-04:00,8.020000457763672,8.039999961853027,8.020000457763672,8.03499984741211,940,0.0,0.0,0.0
2024-08-21 11:11:00-04:00,8.039999961853027,8.039999961853027,8.039999961853027,8.039999961853027,1446,0.0,0.0,0.0
2024-08-21 11:12:00-04:00,8.050000190734863,8.050000190734863,8.050000190734863,8.050000190734863,2006,0.0,0.0,0.0
2024-08-21 11:13:00-04:00,8.050000190734863,8.050000190734863,8.050000190734863,8.050000190734863,300,0.0,0.0,0.0
2024-08-21 11:14:00-04:00,8.050000190734863,8.050000190734863,8.050000190734863,8.050000190734863,609,0.0,0.0,0.0
2024-08-21 11:15:00-04:00,8.050000190734863,8.050000190734863,8.050000190734863,8.050000190734863,202,0.0,0.0,0.0
2024-08-21 11:16:00-04:00,8.050000190734863,8.050000190734863,8.050000190734863,8.050000190734863,800,0.0,0.0,0.0
2024-08-21 11:17:00-04:00,8.0600004196167,8.0600004196167,8.055000305175781,8.055000305175781,4565,0.0,0.0,0.0
2024-08-21 11:18:00-04:00,8.055000305175781,8.055000305175781,8.055000305175781,8.055000305175781,751,0.0,0.0,0.0
2024-08-21 11:19:00-04:00,8.055000305175781,8.055000305175781,8.050000190734863,8.050000190734863,3932,0.0,0.0,0.0
2024-08-21 11:20:00-04:00,8.0600004196167,8.0600004196167,8.0600004196167,8.0600004196167,200,0.0,0.0,0.0
2024-08-21 11:21:00-04:00,8.0600004196167,8.0600004196167,8.0600004196167,8.0600004196167,300,0.0,0.0,0.0
2024-08-21 11:22:00-04:00,8.055000305175781,8.055000305175781,8.0516996383667,8.0516996383667,769,0.0,0.0,0.0
2024-08-21 11:23:00-04:00,8.0600004196167,8.0600004196167,8.0600004196167,8.0600004196167,2201,0.0,0.0,0.0
2024-08-21 11:24:00-04:00,8.0600004196167,8.0600004196167,8.0600004196167,8.0600004196167,785,0.0,0.0,0.0
2024-08-21 11:25:00-04:00,8.0600004196167,8.0600004196167,8.0600004196167,8.0600004196167,3923,0.0,0.0,0.0
2024-08-21 11:26:00-04:00,8.069999694824219,8.069999694824219,8.069999694824219,8.069999694824219,210,0.0,0.0,0.0
2024-08-21 11:27:00-04:00,8.069999694824219,8.072699546813965,8.069999694824219,8.069999694824219,329,0.0,0.0,0.0
2024-08-21 11:28:00-04:00,8.079999923706055,8.09000015258789,8.079999923706055,8.079999923706055,1650,0.0,0.0,0.0
2024-08-21 11:29:00-04:00,8.079999923706055,8.079999923706055,8.079999923706055,8.079999923706055,800,0.0,0.0,0.0
2024-08-21 11:30:00-04:00,8.079999923706055,8.079999923706055,8.079999923706055,8.079999923706055,1300,0.0,0.0,0.0
2024-08-21 11:32:00-04:00,8.079999923706055,8.079999923706055,8.079999923706055,8.079999923706055,600,0.0,0.0,0.0
2024-08-21 11:34:00-04:00,8.069999694824219,8.069999694824219,8.069999694824219,8.069999694824219,236,0.0,0.0,0.0
2024-08-21 11:36:00-04:00,8.079999923706055,8.09000015258789,8.079999923706055,8.09000015258789,1355,0.0,0.0,0.0
2024-08-21 11:37:00-04:00,8.100000381469727,8.100000381469727,8.100000381469727,8.100000381469727,237,0.0,0.0,0.0
2024-08-21 11:40:00-04:00,8.079999923706055,8.079999923706055,8.079999923706055,8.079999923706055,217,0.0,0.0,0.0
2024-08-21 11:46:00-04:00,8.09000015258789,8.09000015258789,8.09000015258789,8.09000015258789,200,0.0,0.0,0.0
2024-08-21 11:48:00-04:00,8.079999923706055,8.079999923706055,8.074999809265137,8.074999809265137,2910,0.0,0.0,0.0
2024-08-21 11:49:00-04:00,8.070099830627441,8.070099830627441,8.0600004196167,8.0600004196167,4400,0.0,0.0,0.0
2024-08-21 11:50:00-04:00,8.058699607849121,8.072699546813965,8.058699607849121,8.070099830627441,3502,0.0,0.0,0.0
2024-08-21 11:51:00-04:00,8.069999694824219,8.069999694824219,8.059800148010254,8.0600004196167,1450,0.0,0.0,0.0
2024-08-21 11:52:00-04:00,8.0600004196167,8.0600004196167,8.0600004196167,8.0600004196167,1200,0.0,0.0,0.0
2024-08-21 11:53:00-04:00,8.0600004196167,8.0600004196167,8.0600004196167,8.0600004196167,2000,0.0,0.0,0.0
2024-08-21 11:54:00-04:00,8.061300277709961,8.061300277709961,8.059900283813477,8.0600004196167,1800,0.0,0.0,0.0
2024-08-21 11:55:00-04:00,8.050000190734863,8.050000190734863,8.050000190734863,8.050000190734863,223,0.0,0.0,0.0
2024-08-21 12:00:00-04:00,8.03499984741211,8.03499984741211,8.03499984741211,8.03499984741211,351,0.0,0.0,0.0
2024-08-21 12:03:00-04:00,8.0,8.0,8.0,8.0,210,0.0,0.0,0.0
2024-08-21 12:05:00-04:00,8.0,8.0,8.0,8.0,1003,0.0,0.0,0.0
2024-08-21 12:08:00-04:00,8.010000228881836,8.010000228881836,8.010000228881836,8.010000228881836,200,0.0,0.0,0.0
2024-08-21 12:10:00-04:00,8.010000228881836,8.010000228881836,8.010000228881836,8.010000228881836,219,0.0,0.0,0.0
2024-08-21 12:12:00-04:00,8.020000457763672,8.020000457763672,8.020000457763672,8.020000457763672,203,0.0,0.0,0.0
2024-08-21 12:17:00-04:00,8.029999732971191,8.029999732971191,8.020000457763672,8.020000457763672,2053,0.0,0.0,0.0
2024-08-21 12:19:00-04:00,8.029999732971191,8.029999732971191,8.029999732971191,8.029999732971191,400,0.0,0.0,0.0
2024-08-21 12:23:00-04:00,8.039999961853027,8.045000076293945,8.039999961853027,8.045000076293945,1000,0.0,0.0,0.0
2024-08-21 12:28:00-04:00,8.041299819946289,8.041299819946289,8.038700103759766,8.038700103759766,220,0.0,0.0,0.0
2024-08-21 12:29:00-04:00,8.045000076293945,8.045000076293945,8.045000076293945,8.045000076293945,1270,0.0,0.0,0.0
2024-08-21 12:36:00-04:00,8.050000190734863,8.050000190734863,8.050000190734863,8.050000190734863,301,0.0,0.0,0.0
2024-08-21 12:37:00-04:00,8.058699607849121,8.0600004196167,8.058699607849121,8.0600004196167,501,0.0,0.0,0.0
2024-08-21 12:44:00-04:00,8.06190013885498,8.06190013885498,8.06190013885498,8.06190013885498,8000,0.0,0.0,0.0
2024-08-21 12:46:00-04:00,8.0649995803833,8.0649995803833,8.0649995803833,8.0649995803833,185,0.0,0.0,0.0
2024-08-21 12:49:00-04:00,8.0600004196167,8.060999870300293,8.0600004196167,8.0600004196167,2529,0.0,0.0,0.0
2024-08-21 12:50:00-04:00,8.055000305175781,8.0600004196167,8.055000305175781,8.0600004196167,512,0.0,0.0,0.0
2024-08-21 12:52:00-04:00,8.0600004196167,8.0600004196167,8.055000305175781,8.055000305175781,500,0.0,0.0,0.0
2024-08-21 12:53:00-04:00,8.0600004196167,8.0600004196167,8.0600004196167,8.0600004196167,200,0.0,0.0,0.0
2024-08-21 12:54:00-04:00,8.058699607849121,8.0600004196167,8.058699607849121,8.0600004196167,450,0.0,0.0,0.0
2024-08-21 12:57:00-04:00,8.0649995803833,8.0649995803833,8.0649995803833,8.0649995803833,650,0.0,0.0,0.0
2024-08-21 12:58:00-04:00,8.069999694824219,8.069999694824219,8.069999694824219,8.069999694824219,5981,0.0,0.0,0.0
2024-08-21 12:59:00-04:00,8.079999923706055,8.079999923706055,8.079999923706055,8.079999923706055,1655,0.0,0.0,0.0
2024-08-21 13:00:00-04:00,8.069999694824219,8.069999694824219,8.061300277709961,8.069999694824219,1600,0.0,0.0,0.0
2024-08-21 13:01:00-04:00,8.07129955291748,8.07129955291748,8.07129955291748,8.07129955291748,205,0.0,0.0,0.0
2024-08-21 13:02:00-04:00,8.0802001953125,8.085000038146973,8.0802001953125,8.085000038146973,1405,0.0,0.0,0.0
2024-08-21 13:03:00-04:00,8.079999923706055,8.079999923706055,8.079999923706055,8.079999923706055,1402,0.0,0.0,0.0
2024-08-21 13:04:00-04:00,8.079899787902832,8.079899787902832,8.078700065612793,8.078700065612793,300,0.0,0.0,0.0
2024-08-21 13:05:00-04:00,8.069999694824219,8.069999694824219,8.069999694824219,8.069999694824219,397,0.0,0.0,0.0
2024-08-21 13:06:00-04:00,8.070099830627441,8.070099830627441,8.069999694824219,8.069999694824219,4401,0.0,0.0,0.0
2024-08-21 13:10:00-04:00,8.074999809265137,8.079999923706055,8.074999809265137,8.079999923706055,450,0.0,0.0,0.0
2024-08-21 13:12:00-04:00,8.080100059509277,8.080100059509277,8.080100059509277,8.080100059509277,100,0.0,0.0,0.0
2024-08-21 13:16:00-04:00,8.080100059509277,8.080100059509277,8.080100059509277,8.080100059509277,100,0.0,0.0,0.0
2024-08-21 13:17:00-04:00,8.070099830627441,8.070099830627441,8.070099830627441,8.070099830627441,1184,0.0,0.0,0.0
2024-08-21 13:20:00-04:00,8.073800086975098,8.073800086975098,8.073800086975098,8.073800086975098,406,0.0,0.0,0.0
2024-08-21 13:27:00-04:00,8.079999923706055,8.09000015258789,8.079999923706055,8.09000015258789,1503,0.0,0.0,0.0
2024-08-21 13:29:00-04:00,8.079999923706055,8.079999923706055,8.079999923706055,8.079999923706055,115,0.0,0.0,0.0
2024-08-21 13:31:00-04:00,8.088700294494629,8.088700294494629,8.088700294494629,8.088700294494629,1960,0.0,0.0,0.0
2024-08-21 13:34:00-04:00,8.09000015258789,8.09000015258789,8.09000015258789,8.09000015258789,1642,0.0,0.0,0.0
2024-08-21 13:40:00-04:00,8.09000015258789,8.09000015258789,8.09000015258789,8.09000015258789,901,0.0,0.0,0.0
2024-08-21 13:42:00-04:00,8.079999923706055,8.079999923706055,8.079999923706055,8.079999923706055,1000,0.0,0.0,0.0
2024-08-21 13:45:00-04:00,8.089900016784668,8.089900016784668,8.089900016784668,8.089900016784668,115,0.0,0.0,0.0
2024-08-21 13:48:00-04:00,8.100000381469727,8.104999542236328,8.100000381469727,8.104999542236328,5122,0.0,0.0,0.0
2024-08-21 13:49:00-04:00,8.104999542236328,8.104999542236328,8.104999542236328,8.104999542236328,300,0.0,0.0,0.0
2024-08-21 13:51:00-04:00,8.10990047454834,8.10990047454834,8.10990047454834,8.10990047454834,170,0.0,0.0,0.0
2024-08-21 13:55:00-04:00,8.109999656677246,8.109999656677246,8.109999656677246,8.109999656677246,201,0.0,0.0,0.0
2024-08-21 13:58:00-04:00,8.100000381469727,8.10990047454834,8.100000381469727,8.10990047454834,274,0.0,0.0,0.0
2024-08-21 13:59:00-04:00,8.104999542236328,8.104999542236328,8.104999542236328,8.104999542236328,197,0.0,0.0,0.0
2024-08-21 14:00:00-04:00,8.109999656677246,8.130000114440918,8.109999656677246,8.130000114440918,9215,0.0,0.0,0.0
2024-08-21 14:01:00-04:00,8.130000114440918,8.130000114440918,8.130000114440918,8.130000114440918,2097,0.0,0.0,0.0
2024-08-21 14:02:00-04:00,8.119999885559082,8.119999885559082,8.100000381469727,8.109999656677246,1900,0.0,0.0,0.0
2024-08-21 14:03:00-04:00,8.119999885559082,8.119999885559082,8.119999885559082,8.119999885559082,400,0.0,0.0,0.0
2024-08-21 14:04:00-04:00,8.119999885559082,8.119999885559082,8.119999885559082,8.119999885559082,1101,0.0,0.0,0.0
2024-08-21 14:05:00-04:00,8.109999656677246,8.109999656677246,8.109999656677246,8.109999656677246,1000,0.0,0.0,0.0
2024-08-21 14:09:00-04:00,8.130000114440918,8.130000114440918,8.130000114440918,8.130000114440918,200,0.0,0.0,0.0
2024-08-21 14:10:00-04:00,8.130000114440918,8.149999618530273,8.130000114440918,8.149999618530273,454,0.0,0.0,0.0
2024-08-21 14:12:00-04:00,8.140000343322754,8.140000343322754,8.140000343322754,8.140000343322754,164,0.0,0.0,0.0
2024-08-21 14:14:00-04:00,8.149999618530273,8.149999618530273,8.149999618530273,8.149999618530273,971,0.0,0.0,0.0
2024-08-21 14:18:00-04:00,8.15999984741211,8.15999984741211,8.15999984741211,8.15999984741211,160,0.0,0.0,0.0
2024-08-21 14:19:00-04:00,8.170000076293945,8.170000076293945,8.170000076293945,8.170000076293945,515,0.0,0.0,0.0
2024-08-21 14:27:00-04:00,8.1850004196167,8.1850004196167,8.1850004196167,8.1850004196167,451,0.0,0.0,0.0
2024-08-21 14:28:00-04:00,8.1899995803833,8.1899995803833,8.1899995803833,8.1899995803833,329,0.0,0.0,0.0
2024-08-21 14:30:00-04:00,8.199999809265137,8.199999809265137,8.199999809265137,8.199999809265137,836,0.0,0.0,0.0
2024-08-21 14:33:00-04:00,8.220000267028809,8.22130012512207,8.220000267028809,8.220000267028809,3703,0.0,0.0,0.0
2024-08-21 14:34:00-04:00,8.220000267028809,8.220000267028809,8.220000267028809,8.220000267028809,1000,0.0,0.0,0.0
2024-08-21 14:35:00-04:00,8.199999809265137,8.199999809265137,8.199899673461914,8.199899673461914,10117,0.0,0.0,0.0
2024-08-21 14:37:00-04:00,8.199999809265137,8.199999809265137,8.199799537658691,8.199899673461914,7741,0.0,0.0,0.0
2024-08-21 14:38:00-04:00,8.1899995803833,8.1899995803833,8.1899995803833,8.1899995803833,222,0.0,0.0,0.0
2024-08-21 14:39:00-04:00,8.170000076293945,8.170000076293945,8.170000076293945,8.170000076293945,500,0.0,0.0,0.0
2024-08-21 14:40:00-04:00,8.170000076293945,8.170000076293945,8.168999671936035,8.168999671936035,5401,0.0,0.0,0.0
2024-08-21 14:43:00-04:00,8.154999732971191,8.15999984741211,8.149999618530273,8.15999984741211,600,0.0,0.0,0.0
2024-08-21 14:48:00-04:00,8.170499801635742,8.170499801635742,8.168700218200684,8.170000076293945,654,0.0,0.0,0.0
2024-08-21 14:51:00-04:00,8.170000076293945,8.181300163269043,8.170000076293945,8.180000305175781,1724,0.0,0.0,0.0
2024-08-21 14:58:00-04:00,8.170499801635742,8.170499801635742,8.170000076293945,8.170000076293945,301,0.0,0.0,0.0
2024-08-21 14:59:00-04:00,8.179499626159668,8.180000305175781,8.170000076293945,8.170000076293945,1000,0.0,0.0,0.0
2024-08-21 15:00:00-04:00,8.168700218200684,8.170000076293945,8.15999984741211,8.15999984741211,2300,0.0,0.0,0.0
2024-08-21 15:01:00-04:00,8.151000022888184,8.154199600219727,8.148699760437012,8.149999618530273,3619,0.0,0.0,0.0
2024-08-21 15:04:00-04:00,8.140000343322754,8.140000343322754,8.140000343322754,8.140000343322754,280,0.0,0.0,0.0
2024-08-21 15:07:00-04:00,8.141300201416016,8.141300201416016,8.140000343322754,8.140000343322754,1208,0.0,0.0,0.0
2024-08-21 15:08:00-04:00,8.139900207519531,8.141300201416016,8.138699531555176,8.140000343322754,1282,0.0,0.0,0.0
2024-08-21 15:09:00-04:00,8.119999885559082,8.130000114440918,8.119999885559082,8.130000114440918,432,0.0,0.0,0.0
2024-08-21 15:11:00-04:00,8.140000343322754,8.140000343322754,8.140000343322754,8.140000343322754,382,0.0,0.0,0.0
2024-08-21 15:13:00-04:00,8.130000114440918,8.130000114440918,8.130000114440918,8.130000114440918,1129,0.0,0.0,0.0
2024-08-21 15:15:00-04:00,8.128700256347656,8.130000114440918,8.128700256347656,8.130000114440918,231,0.0,0.0,0.0
2024-08-21 15:17:00-04:00,8.129899978637695,8.129899978637695,8.129899978637695,8.129899978637695,200,0.0,0.0,0.0
2024-08-21 15:18:00-04:00,8.121299743652344,8.121299743652344,8.119999885559082,8.119999885559082,634,0.0,0.0,0.0
2024-08-21 15:20:00-04:00,8.109999656677246,8.109999656677246,8.109999656677246,8.109999656677246,426,0.0,0.0,0.0
2024-08-21 15:21:00-04:00,8.100000381469727,8.100000381469727,8.100000381469727,8.100000381469727,333,0.0,0.0,0.0
2024-08-21 15:24:00-04:00,8.098699569702148,8.109999656677246,8.098699569702148,8.109999656677246,1840,0.0,0.0,0.0
2024-08-21 15:25:00-04:00,8.109999656677246,8.109999656677246,8.109999656677246,8.109999656677246,4460,0.0,0.0,0.0
2024-08-21 15:26:00-04:00,8.119999885559082,8.119999885559082,8.119999885559082,8.119999885559082,218,0.0,0.0,0.0
2024-08-21 15:27:00-04:00,8.119999885559082,8.119999885559082,8.119999885559082,8.119999885559082,431,0.0,0.0,0.0
2024-08-21 15:28:00-04:00,8.119999885559082,8.119999885559082,8.119999885559082,8.119999885559082,100,0.0,0.0,0.0
2024-08-21 15:30:00-04:00,8.109999656677246,8.109999656677246,8.109999656677246,8.109999656677246,301,0.0,0.0,0.0
2024-08-21 15:33:00-04:00,8.100099563598633,8.100099563598633,8.100099563598633,8.100099563598633,104,0.0,0.0,0.0
2024-08-21 15:34:00-04:00,8.100000381469727,8.100099563598633,8.100000381469727,8.100000381469727,900,0.0,0.0,0.0
2024-08-21 15:35:00-04:00,8.100000381469727,8.100000381469727,8.100000381469727,8.100000381469727,674,0.0,0.0,0.0
2024-08-21 15:36:00-04:00,8.100000381469727,8.100000381469727,8.098699569702148,8.100000381469727,452,0.0,0.0,0.0
2024-08-21 15:37:00-04:00,8.101300239562988,8.101300239562988,8.100000381469727,8.100000381469727,321,0.0,0.0,0.0
2024-08-21 15:38:00-04:00,8.095000267028809,8.095000267028809,8.09000015258789,8.09000015258789,539,0.0,0.0,0.0
2024-08-21 15:40:00-04:00,8.089500427246094,8.09000015258789,8.089500427246094,8.09000015258789,323,0.0,0.0,0.0
2024-08-21 15:43:00-04:00,8.09000015258789,8.09000015258789,8.09000015258789,8.09000015258789,1523,0.0,0.0,0.0
2024-08-21 15:44:00-04:00,8.079999923706055,8.079999923706055,8.079999923706055,8.079999923706055,935,0.0,0.0,0.0
2024-08-21 15:45:00-04:00,8.079999923706055,8.079999923706055,8.079999923706055,8.079999923706055,3496,0.0,0.0,0.0
2024-08-21 15:50:00-04:00,8.074999809265137,8.074999809265137,8.074999809265137,8.074999809265137,766,0.0,0.0,0.0
2024-08-21 15:51:00-04:00,8.069999694824219,8.069999694824219,8.069999694824219,8.069999694824219,314,0.0,0.0,0.0
2024-08-21 15:52:00-04:00,8.069999694824219,8.069999694824219,8.069999694824219,8.069999694824219,100,0.0,0.0,0.0
2024-08-21 15:53:00-04:00,8.069999694824219,8.069999694824219,8.069999694824219,8.069999694824219,1115,0.0,0.0,0.0
2024-08-21 15:54:00-04:00,8.069999694824219,8.079999923706055,8.0649995803833,8.079999923706055,401,0.0,0.0,0.0
2024-08-21 15:55:00-04:00,8.079999923706055,8.079999923706055,8.079999923706055,8.079999923706055,1132,0.0,0.0,0.0
2024-08-21 15:57:00-04:00,8.074999809265137,8.09000015258789,8.074999809265137,8.09000015258789,2934,0.0,0.0,0.0
2024-08-21 15:58:00-04:00,8.100000381469727,8.119999885559082,8.100000381469727,8.100000381469727,8221,0.0,0.0,0.0
2024-08-21 15:59:00-04:00,8.100000381469727,8.109999656677246,8.100000381469727,8.109999656677246,9946,0.0,0.0,0.0
2024-08-22 09:30:00-04:00,8.020000457763672,8.059700012207031,8.020000457763672,8.059700012207031,3652,0.0,0.0,0.0
2024-08-22 09:31:00-04:00,8.035300254821777,8.039999961853027,8.029999732971191,8.035300254821777,5902,0.0,0.0,0.0
2024-08-22 09:32:00-04:00,8.03499984741211,8.03499984741211,8.024999618530273,8.024999618530273,1946,0.0,0.0,0.0
2024-08-22 09:33:00-04:00,8.024999618530273,8.03499984741211,8.020000457763672,8.03499984741211,2476,0.0,0.0,0.0
2024-08-22 09:34:00-04:00,8.029999732971191,8.029999732971191,8.029999732971191,8.029999732971191,400,0.0,0.0,0.0
2024-08-22 09:35:00-04:00,8.029999732971191,8.029999732971191,8.020000457763672,8.020000457763672,1531,0.0,0.0,0.0
2024-08-22 09:36:00-04:00,8.020000457763672,8.020000457763672,8.020000457763672,8.020000457763672,2071,0.0,0.0,0.0
2024-08-22 09:37:00-04:00,8.015000343322754,8.024700164794922,8.015000343322754,8.024700164794922,1489,0.0,0.0,0.0
2024-08-22 09:39:00-04:00,8.005000114440918,8.010000228881836,8.005000114440918,8.010000228881836,824,0.0,0.0,0.0
2024-08-22 09:40:00-04:00,8.01990032196045,8.01990032196045,8.01990032196045,8.01990032196045,500,0.0,0.0,0.0
2024-08-22 09:41:00-04:00,8.020000457763672,8.020000457763672,8.020000457763672,8.020000457763672,335,0.0,0.0,0.0
2024-08-22 09:42:00-04:00,8.020000457763672,8.020000457763672,8.015000343322754,8.015000343322754,964,0.0,0.0,0.0
2024-08-22 09:43:00-04:00,8.010000228881836,8.010000228881836,8.010000228881836,8.010000228881836,363,0.0,0.0,0.0
2024-08-22 09:44:00-04:00,8.010000228881836,8.010000228881836,8.010000228881836,8.010000228881836,700,0.0,0.0,0.0
2024-08-22 09:45:00-04:00,8.020000457763672,8.020000457763672,8.0,8.0,3517,0.0,0.0,0.0
2024-08-22 09:46:00-04:00,8.0,8.0,7.980000019073486,7.989999771118164,1582,0.0,0.0,0.0
2024-08-22 09:47:00-04:00,7.989999771118164,7.989999771118164,7.989999771118164,7.989999771118164,320,0.0,0.0,0.0
2024-08-22 09:48:00-04:00,7.989999771118164,7.990099906921387,7.989200115203857,7.990099906921387,1885,0.0,0.0,0.0
2024-08-22 09:50:00-04:00,7.97130012512207,7.97130012512207,7.951300144195557,7.958700180053711,4483,0.0,0.0,0.0
2024-08-22 09:51:00-04:00,7.96999979019165,7.96999979019165,7.949999809265137,7.96999979019165,3946,0.0,0.0,0.0
2024-08-22 09:52:00-04:00,7.9604997634887695,7.9604997634887695,7.960000038146973,7.960000038146973,1051,0.0,0.0,0.0
2024-08-22 09:53:00-04:00,7.960000038146973,7.96999979019165,7.960000038146973,7.96999979019165,1237,0.0,0.0,0.0
2024-08-22 09:54:00-04:00,7.96999979019165,7.980000019073486,7.96999979019165,7.980000019073486,2159,0.0,0.0,0.0
2024-08-22 09:55:00-04:00,7.980500221252441,7.980500221252441,7.980000019073486,7.980000019073486,313,0.0,0.0,0.0
2024-08-22 09:56:00-04:00,7.980000019073486,7.980000019073486,7.980000019073486,7.980000019073486,1502,0.0,0.0,0.0
2024-08-22 09:57:00-04:00,7.980000019073486,7.980000019073486,7.96999979019165,7.980000019073486,12487,0.0,0.0,0.0
2024-08-22 09:59:00-04:00,7.978499889373779,7.978499889373779,7.978499889373779,7.978499889373779,1863,0.0,0.0,0.0
2024-08-22 10:00:00-04:00,7.960000038146973,7.961999893188477,7.960000038146973,7.961999893188477,2601,0.0,0.0,0.0
2024-08-22 10:01:00-04:00,7.96999979019165,7.96999979019165,7.960000038146973,7.960000038146973,9162,0.0,0.0,0.0
2024-08-22 10:02:00-04:00,7.960000038146973,7.960000038146973,7.959799766540527,7.959799766540527,504,0.0,0.0,0.0
2024-08-22 10:03:00-04:00,7.960000038146973,7.960000038146973,7.949999809265137,7.949999809265137,1179,0.0,0.0,0.0
2024-08-22 10:04:00-04:00,7.949999809265137,7.949999809265137,7.949999809265137,7.949999809265137,179,0.0,0.0,0.0
2024-08-22 10:05:00-04:00,7.949999809265137,7.949999809265137,7.949999809265137,7.949999809265137,316,0.0,0.0,0.0
2024-08-22 10:06:00-04:00,7.940000057220459,7.940000057220459,7.929900169372559,7.934999942779541,2380,0.0,0.0,0.0
2024-08-22 10:07:00-04:00,7.934999942779541,7.934999942779541,7.909999847412109,7.909999847412109,2290,0.0,0.0,0.0
2024-08-22 10:08:00-04:00,7.909999847412109,7.909999847412109,7.880000114440918,7.889999866485596,4575,0.0,0.0,0.0
2024-08-22 10:09:00-04:00,7.880000114440918,7.891300201416016,7.880000114440918,7.891300201416016,1726,0.0,0.0,0.0
2024-08-22 10:10:00-04:00,7.874899864196777,7.880000114440918,7.869999885559082,7.870100021362305,9914,0.0,0.0,0.0
2024-08-22 10:11:00-04:00,7.875,7.875,7.869999885559082,7.869999885559082,1191,0.0,0.0,0.0
2024-08-22 10:12:00-04:00,7.860000133514404,7.875,7.860000133514404,7.860000133514404,4066,0.0,0.0,0.0
2024-08-22 10:13:00-04:00,7.860000133514404,7.869999885559082,7.860000133514404,7.869999885559082,483,0.0,0.0,0.0
2024-08-22 10:14:00-04:00,7.875,7.875,7.869999885559082,7.869999885559082,816,0.0,0.0,0.0
2024-08-22 10:15:00-04:00,7.869999885559082,7.869999885559082,7.860000133514404,7.860000133514404,362,0.0,0.0,0.0
2024-08-22 10:16:00-04:00,7.860000133514404,7.875,7.860000133514404,7.875,629,0.0,0.0,0.0
2024-08-22 10:17:00-04:00,7.869999885559082,7.869999885559082,7.869999885559082,7.869999885559082,603,0.0,0.0,0.0
2024-08-22 10:18:00-04:00,7.875,7.875,7.875,7.875,1379,0.0,0.0,0.0
2024-08-22 10:19:00-04:00,7.869999885559082,7.878600120544434,7.869999885559082,7.878600120544434,1407,0.0,0.0,0.0
2024-08-22 10:20:00-04:00,7.869900226593018,7.869999885559082,7.864999771118164,7.869999885559082,949,0.0,0.0,0.0
2024-08-22 10:21:00-04:00,7.859899997711182,7.860000133514404,7.850100040435791,7.850100040435791,2357,0.0,0.0,0.0
2024-08-22 10:24:00-04:00,7.84499979019165,7.850200176239014,7.840000152587891,7.850200176239014,2512,0.0,0.0,0.0
2024-08-22 10:25:00-04:00,7.860000133514404,7.869999885559082,7.860000133514404,7.869999885559082,652,0.0,0.0,0.0
2024-08-22 10:26:00-04:00,7.869999885559082,7.869999885559082,7.869999885559082,7.869999885559082,630,0.0,0.0,0.0
2024-08-22 10:27:00-04:00,7.871300220489502,7.871300220489502,7.864999771118164,7.864999771118164,1324,0.0,0.0,0.0
2024-08-22 10:28:00-04:00,7.860000133514404,7.860000133514404,7.860000133514404,7.860000133514404,217,0.0,0.0,0.0
2024-08-22 10:30:00-04:00,7.840000152587891,7.840000152587891,7.840000152587891,7.840000152587891,4676,0.0,0.0,0.0
2024-08-22 10:31:00-04:00,7.829999923706055,7.829999923706055,7.829999923706055,7.829999923706055,1233,0.0,0.0,0.0
2024-08-22 10:33:00-04:00,7.820000171661377,7.820000171661377,7.820000171661377,7.820000171661377,120547,0.0,0.0,0.0
2024-08-22 10:34:00-04:00,7.820000171661377,7.820000171661377,7.820000171661377,7.820000171661377,398,0.0,0.0,0.0
2024-08-22 10:35:00-04:00,7.829999923706055,7.839900016784668,7.829999923706055,7.839900016784668,514,0.0,0.0,0.0
2024-08-22 10:36:00-04:00,7.849999904632568,7.849999904632568,7.849999904632568,7.849999904632568,200,0.0,0.0,0.0
2024-08-22 10:37:00-04:00,7.860000133514404,7.860000133514404,7.860000133514404,7.860000133514404,121,0.0,0.0,0.0
2024-08-22 10:38:00-04:00,7.860000133514404,7.860000133514404,7.849999904632568,7.849999904632568,390,0.0,0.0,0.0
2024-08-22 10:39:00-04:00,7.859899997711182,7.859899997711182,7.859899997711182,7.859899997711182,191,0.0,0.0,0.0
2024-08-22 10:40:00-04:00,7.850299835205078,7.850299835205078,7.850299835205078,7.850299835205078,1390,0.0,0.0,0.0
2024-08-22 10:41:00-04:00,7.860000133514404,7.860000133514404,7.860000133514404,7.860000133514404,366,0.0,0.0,0.0
2024-08-22 10:42:00-04:00,7.860000133514404,7.860099792480469,7.860000133514404,7.860099792480469,2275,0.0,0.0,0.0
2024-08-22 10:43:00-04:00,7.860000133514404,7.860000133514404,7.860000133514404,7.860000133514404,108,0.0,0.0,0.0
2024-08-22 10:44:00-04:00,7.85129976272583,7.85129976272583,7.848700046539307,7.849999904632568,811,0.0,0.0,0.0
2024-08-22 10:45:00-04:00,7.857900142669678,7.857900142669678,7.857900142669678,7.857900142669678,600,0.0,0.0,0.0
2024-08-22 10:48:00-04:00,7.849999904632568,7.860000133514404,7.849999904632568,7.860000133514404,1051,0.0,0.0,0.0
2024-08-22 10:49:00-04:00,7.849999904632568,7.849999904632568,7.840000152587891,7.840000152587891,436,0.0,0.0,0.0
2024-08-22 10:50:00-04:00,7.840099811553955,7.849999904632568,7.840099811553955,7.849999904632568,400,0.0,0.0,0.0
2024-08-22 10:51:00-04:00,7.850100040435791,7.850100040435791,7.849999904632568,7.849999904632568,640,0.0,0.0,0.0
2024-08-22 10:52:00-04:00,7.849999904632568,7.849999904632568,7.849999904632568,7.849999904632568,100,0.0,0.0,0.0
2024-08-22 10:53:00-04:00,7.849999904632568,7.849999904632568,7.849999904632568,7.849999904632568,300,0.0,0.0,0.0
2024-08-22 10:54:00-04:00,7.859899997711182,7.859899997711182,7.859899997711182,7.859899997711182,2163,0.0,0.0,0.0
2024-08-22 10:55:00-04:00,7.860000133514404,7.860000133514404,7.860000133514404,7.860000133514404,604,0.0,0.0,0.0
2024-08-22 10:57:00-04:00,7.869999885559082,7.869999885559082,7.869999885559082,7.869999885559082,133827,0.0,0.0,0.0
2024-08-22 10:58:00-04:00,7.869999885559082,7.869999885559082,7.869999885559082,7.869999885559082,154,0.0,0.0,0.0
2024-08-22 11:03:00-04:00,7.899899959564209,7.899899959564209,7.899899959564209,7.899899959564209,301,0.0,0.0,0.0
2024-08-22 11:04:00-04:00,7.889999866485596,7.889999866485596,7.889999866485596,7.889999866485596,303,0.0,0.0,0.0
2024-08-22 11:05:00-04:00,7.889999866485596,7.889999866485596,7.889999866485596,7.889999866485596,1200,0.0,0.0,0.0
2024-08-22 11:06:00-04:00,7.900000095367432,7.900000095367432,7.889999866485596,7.900000095367432,2750,0.0,0.0,0.0
2024-08-22 11:09:00-04:00,7.860000133514404,7.861299991607666,7.855000019073486,7.855000019073486,1247,0.0,0.0,0.0
2024-08-22 11:10:00-04:00,7.84499979019165,7.84499979019165,7.84499979019165,7.84499979019165,297,0.0,0.0,0.0
2024-08-22 11:12:00-04:00,7.840000152587891,7.849999904632568,7.840000152587891,7.849999904632568,2276,0.0,0.0,0.0
2024-08-22 11:17:00-04:00,7.840000152587891,7.840000152587891,7.840000152587891,7.840000152587891,1622,0.0,0.0,0.0
2024-08-22 11:19:00-04:00,7.829999923706055,7.829999923706055,7.809999942779541,7.809999942779541,637,0.0,0.0,0.0
2024-08-22 11:20:00-04:00,7.809999942779541,7.809999942779541,7.800000190734863,7.804999828338623,3667,0.0,0.0,0.0
2024-08-22 11:21:00-04:00,7.798699855804443,7.800000190734863,7.798699855804443,7.800000190734863,300,0.0,0.0,0.0
2024-08-22 11:22:00-04:00,7.800000190734863,7.804999828338623,7.800000190734863,7.804999828338623,443,0.0,0.0,0.0
2024-08-22 11:23:00-04:00,7.801300048828125,7.801300048828125,7.800000190734863,7.800000190734863,534,0.0,0.0,0.0
2024-08-22 11:24:00-04:00,7.800000190734863,7.809999942779541,7.800000190734863,7.809999942779541,602,0.0,0.0,0.0
2024-08-22 11:25:00-04:00,7.804999828338623,7.809999942779541,7.800000190734863,7.800000190734863,20162,0.0,0.0,0.0
2024-08-22 11:26:00-04:00,7.804999828338623,7.804999828338623,7.804999828338623,7.804999828338623,144,0.0,0.0,0.0
2024-08-22 11:27:00-04:00,7.809999942779541,7.809999942779541,7.809999942779541,7.809999942779541,100,0.0,0.0,0.0
2024-08-22 11:28:00-04:00,7.815000057220459,7.815000057220459,7.815000057220459,7.815000057220459,934,0.0,0.0,0.0
2024-08-22 11:31:00-04:00,7.809999942779541,7.809999942779541,7.809999942779541,7.809999942779541,300,0.0,0.0,0.0
2024-08-22 11:32:00-04:00,7.809999942779541,7.809999942779541,7.800000190734863,7.809999942779541,11146,0.0,0.0,0.0
2024-08-22 11:33:00-04:00,7.800000190734863,7.800000190734863,7.78000020980835,7.78000020980835,3386,0.0,0.0,0.0
2024-08-22 11:34:00-04:00,7.78000020980835,7.78000020980835,7.78000020980835,7.78000020980835,309,0.0,0.0,0.0
2024-08-22 11:35:00-04:00,7.795000076293945,7.795000076293945,7.795000076293945,7.795000076293945,3240,0.0,0.0,0.0
2024-08-22 11:36:00-04:00,7.795000076293945,7.795000076293945,7.795000076293945,7.795000076293945,1375,0.0,0.0,0.0
2024-08-22 11:40:00-04:00,7.769999980926514,7.769999980926514,7.764999866485596,7.764999866485596,5123,0.0,0.0,0.0
2024-08-22 11:41:00-04:00,7.769999980926514,7.769999980926514,7.769999980926514,7.769999980926514,508,0.0,0.0,0.0
2024-08-22 11:42:00-04:00,7.769999980926514,7.769999980926514,7.755000114440918,7.755000114440918,4271,0.0,0.0,0.0
2024-08-22 11:43:00-04:00,7.75,7.75,7.720200061798096,7.720200061798096,1466,0.0,0.0,0.0
2024-08-22 11:44:00-04:00,7.71999979019165,7.730000019073486,7.71999979019165,7.730000019073486,908,0.0,0.0,0.0
2024-08-22 11:45:00-04:00,7.715000152587891,7.715000152587891,7.710000038146973,7.710000038146973,769,0.0,0.0,0.0
2024-08-22 11:46:00-04:00,7.71999979019165,7.724999904632568,7.71999979019165,7.71999979019165,178868,0.0,0.0,0.0
2024-08-22 11:47:00-04:00,7.71999979019165,7.71999979019165,7.71999979019165,7.71999979019165,48775,0.0,0.0,0.0
2024-08-22 11:48:00-04:00,7.715000152587891,7.715000152587891,7.679999828338623,7.679999828338623,3499,0.0,0.0,0.0
2024-08-22 11:49:00-04:00,7.690000057220459,7.695000171661377,7.684999942779541,7.690000057220459,10409,0.0,0.0,0.0
2024-08-22 11:50:00-04:00,7.690000057220459,7.690000057220459,7.679999828338623,7.679999828338623,9475,0.0,0.0,0.0
2024-08-22 11:51:00-04:00,7.690000057220459,7.690000057220459,7.690000057220459,7.690000057220459,859,0.0,0.0,0.0
2024-08-22 11:52:00-04:00,7.699100017547607,7.699100017547607,7.695000171661377,7.695000171661377,1642,0.0,0.0,0.0
2024-08-22 11:53:00-04:00,7.690000057220459,7.690000057220459,7.690000057220459,7.690000057220459,458670,0.0,0.0,0.0
2024-08-22 11:54:00-04:00,7.684999942779541,7.690000057220459,7.684999942779541,7.690000057220459,2332,0.0,0.0,0.0
2024-08-22 11:55:00-04:00,7.681000232696533,7.690100193023682,7.681000232696533,7.690000057220459,13097,0.0,0.0,0.0
2024-08-22 11:58:00-04:00,7.71999979019165,7.71999979019165,7.719900131225586,7.719900131225586,1923,0.0,0.0,0.0
2024-08-22 11:59:00-04:00,7.719699859619141,7.719699859619141,7.710000038146973,7.710000038146973,1563,0.0,0.0,0.0
2024-08-22 12:00:00-04:00,7.710000038146973,7.710999965667725,7.699999809265137,7.699999809265137,11754,0.0,0.0,0.0
2024-08-22 12:01:00-04:00,7.710000038146973,7.711299896240234,7.704999923706055,7.710000038146973,1402,0.0,0.0,0.0
2024-08-22 12:02:00-04:00,7.710000038146973,7.710000038146973,7.708700180053711,7.710000038146973,5368,0.0,0.0,0.0
2024-08-22 12:03:00-04:00,7.71999979019165,7.71999979019165,7.71999979019165,7.71999979019165,131,0.0,0.0,0.0
2024-08-22 12:04:00-04:00,7.729899883270264,7.729899883270264,7.724999904632568,7.724999904632568,254,0.0,0.0,0.0
2024-08-22 12:05:00-04:00,7.72130012512207,7.72130012512207,7.71999979019165,7.71999979019165,300,0.0,0.0,0.0
2024-08-22 12:06:00-04:00,7.730000019073486,7.730000019073486,7.730000019073486,7.730000019073486,2705,0.0,0.0,0.0
2024-08-22 12:07:00-04:00,7.739799976348877,7.739999771118164,7.738699913024902,7.739999771118164,1453,0.0,0.0,0.0
2024-08-22 12:09:00-04:00,7.730000019073486,7.730000019073486,7.730000019073486,7.730000019073486,600,0.0,0.0,0.0
2024-08-22 12:10:00-04:00,7.730000019073486,7.730000019073486,7.730000019073486,7.730000019073486,1120,0.0,0.0,0.0
2024-08-22 12:11:00-04:00,7.730000019073486,7.730000019073486,7.730000019073486,7.730000019073486,700,0.0,0.0,0.0
2024-08-22 12:12:00-04:00,7.730999946594238,7.730999946594238,7.728700160980225,7.730000019073486,10641,0.0,0.0,0.0
2024-08-22 12:13:00-04:00,7.735000133514404,7.735000133514404,7.735000133514404,7.735000133514404,100,0.0,0.0,0.0
2024-08-22 12:14:00-04:00,7.735000133514404,7.735000133514404,7.730000019073486,7.735000133514404,2404,0.0,0.0,0.0
2024-08-22 12:15:00-04:00,7.735000133514404,7.735000133514404,7.735000133514404,7.735000133514404,102,0.0,0.0,0.0
2024-08-22 12:17:00-04:00,7.730000019073486,7.730000019073486,7.730000019073486,7.730000019073486,1062,0.0,0.0,0.0
2024-08-22 12:19:00-04:00,7.739999771118164,7.739999771118164,7.739999771118164,7.739999771118164,3000,0.0,0.0,0.0
2024-08-22 12:20:00-04:00,7.75,7.75,7.75,7.75,260,0.0,0.0,0.0
2024-08-22 12:21:00-04:00,7.7600998878479,7.7600998878479,7.760000228881836,7.760000228881836,200,0.0,0.0,0.0
2024-08-22 12:22:00-04:00,7.760000228881836,7.769999980926514,7.760000228881836,7.769999980926514,773,0.0,0.0,0.0
2024-08-22 12:23:00-04:00,7.769999980926514,7.769999980926514,7.769999980926514,7.769999980926514,373,0.0,0.0,0.0
2024-08-22 12:24:00-04:00,7.775000095367432,7.775000095367432,7.775000095367432,7.775000095367432,234,0.0,0.0,0.0
2024-08-22 12:28:00-04:00,7.800000190734863,7.804999828338623,7.800000190734863,7.801000118255615,1432,0.0,0.0,0.0
2024-08-22 12:29:00-04:00,7.80620002746582,7.80620002746582,7.80620002746582,7.80620002746582,112,0.0,0.0,0.0
2024-08-22 12:30:00-04:00,7.809899806976318,7.820000171661377,7.808700084686279,7.820000171661377,2906,0.0,0.0,0.0
2024-08-22 12:34:00-04:00,7.800000190734863,7.800000190734863,7.800000190734863,7.800000190734863,601,0.0,0.0,0.0
2024-08-22 12:36:00-04:00,7.809999942779541,7.809999942779541,7.809999942779541,7.809999942779541,400,0.0,0.0,0.0
2024-08-22 12:37:00-04:00,7.804999828338623,7.804999828338623,7.800099849700928,7.804999828338623,1601,0.0,0.0,0.0
2024-08-22 12:38:00-04:00,7.809999942779541,7.809999942779541,7.809999942779541,7.809999942779541,200,0.0,0.0,0.0
2024-08-22 12:39:00-04:00,7.809999942779541,7.809999942779541,7.809999942779541,7.809999942779541,189,0.0,0.0,0.0
2024-08-22 12:40:00-04:00,7.809999942779541,7.809999942779541,7.809999942779541,7.809999942779541,554,0.0,0.0,0.0
2024-08-22 12:41:00-04:00,7.800000190734863,7.800000190734863,7.800000190734863,7.800000190734863,1884,0.0,0.0,0.0
2024-08-22 12:42:00-04:00,7.809999942779541,7.809999942779541,7.809999942779541,7.809999942779541,100,0.0,0.0,0.0
2024-08-22 12:43:00-04:00,7.808899879455566,7.808899879455566,7.808899879455566,7.808899879455566,152,0.0,0.0,0.0
2024-08-22 12:44:00-04:00,7.800000190734863,7.800000190734863,7.800000190734863,7.800000190734863,500,0.0,0.0,0.0
2024-08-22 12:45:00-04:00,7.800000190734863,7.801000118255615,7.800000190734863,7.800000190734863,2942,0.0,0.0,0.0
2024-08-22 12:46:00-04:00,7.789999961853027,7.789999961853027,7.789999961853027,7.789999961853027,2739,0.0,0.0,0.0
2024-08-22 12:48:00-04:00,7.769999980926514,7.769999980926514,7.769999980926514,7.769999980926514,105,0.0,0.0,0.0
2024-08-22 12:50:00-04:00,7.767000198364258,7.767000198364258,7.760000228881836,7.760000228881836,4402,0.0,0.0,0.0
2024-08-22 12:51:00-04:00,7.760000228881836,7.760000228881836,7.744999885559082,7.744999885559082,401,0.0,0.0,0.0
2024-08-22 12:52:00-04:00,7.739999771118164,7.739999771118164,7.739999771118164,7.739999771118164,1900,0.0,0.0,0.0
2024-08-22 12:53:00-04:00,7.739999771118164,7.739999771118164,7.739999771118164,7.739999771118164,5045,0.0,0.0,0.0
2024-08-22 12:54:00-04:00,7.71999979019165,7.71999979019165,7.71999979019165,7.71999979019165,400,0.0,0.0,0.0
2024-08-22 12:55:00-04:00,7.710000038146973,7.71999979019165,7.710000038146973,7.710100173950195,3163,0.0,0.0,0.0
2024-08-22 12:56:00-04:00,7.710000038146973,7.711299896240234,7.710000038146973,7.710999965667725,1200,0.0,0.0,0.0
2024-08-22 12:57:00-04:00,7.704999923706055,7.70989990234375,7.684999942779541,7.690000057220459,32188,0.0,0.0,0.0
2024-08-22 12:58:00-04:00,7.695000171661377,7.699999809265137,7.695000171661377,7.699999809265137,1224,0.0,0.0,0.0
2024-08-22 12:59:00-04:00,7.699999809265137,7.699999809265137,7.695000171661377,7.695000171661377,209,0.0,0.0,0.0
2024-08-22 13:00:00-04:00,7.709000110626221,7.709000110626221,7.709000110626221,7.709000110626221,504,0.0,0.0,0.0
2024-08-22 13:01:00-04:00,7.699999809265137,7.704999923706055,7.699999809265137,7.704999923706055,1703,0.0,0.0,0.0
2024-08-22 13:04:00-04:00,7.690000057220459,7.690000057220459,7.690000057220459,7.690000057220459,103,0.0,0.0,0.0
2024-08-22 13:05:00-04:00,7.690000057220459,7.690000057220459,7.690000057220459,7.690000057220459,197,0.0,0.0,0.0
2024-08-22 13:06:00-04:00,7.689700126647949,7.689700126647949,7.689700126647949,7.689700126647949,200,0.0,0.0,0.0
2024-08-22 13:07:00-04:00,7.690000057220459,7.690000057220459,7.690000057220459,7.690000057220459,100,0.0,0.0,0.0
2024-08-22 13:08:00-04:00,7.699999809265137,7.699999809265137,7.699999809265137,7.699999809265137,1123,0.0,0.0,0.0
2024-08-22 13:09:00-04:00,7.699999809265137,7.699999809265137,7.699999809265137,7.699999809265137,3331,0.0,0.0,0.0
2024-08-22 13:11:00-04:00,7.748499870300293,7.748499870300293,7.748499870300293,7.748499870300293,200,0.0,0.0,0.0
2024-08-22 13:13:00-04:00,7.730000019073486,7.730000019073486,7.730000019073486,7.730000019073486,2301,0.0,0.0,0.0
2024-08-22 13:14:00-04:00,7.704999923706055,7.704999923706055,7.704999923706055,7.704999923706055,3000,0.0,0.0,0.0
2024-08-22 13:15:00-04:00,7.710000038146973,7.72130012512207,7.710000038146973,7.71999979019165,900,0.0,0.0,0.0
2024-08-22 13:16:00-04:00,7.719900131225586,7.71999979019165,7.719900131225586,7.71999979019165,330,0.0,0.0,0.0
2024-08-22 13:20:00-04:00,7.71999979019165,7.71999979019165,7.71999979019165,7.71999979019165,2900,0.0,0.0,0.0
2024-08-22 13:22:00-04:00,7.71999979019165,7.71999979019165,7.71999979019165,7.71999979019165,200,0.0,0.0,0.0
2024-08-22 13:25:00-04:00,7.715000152587891,7.715000152587891,7.715000152587891,7.715000152587891,771,0.0,0.0,0.0
2024-08-22 13:26:00-04:00,7.715000152587891,7.71999979019165,7.710000038146973,7.710000038146973,1395,0.0,0.0,0.0
2024-08-22 13:29:00-04:00,7.715000152587891,7.715000152587891,7.704999923706055,7.704999923706055,1688,0.0,0.0,0.0
2024-08-22 13:30:00-04:00,7.695000171661377,7.695000171661377,7.695000171661377,7.695000171661377,263,0.0,0.0,0.0
2024-08-22 13:31:00-04:00,7.690000057220459,7.690000057220459,7.664999961853027,7.664999961853027,7141,0.0,0.0,0.0
2024-08-22 13:32:00-04:00,7.659999847412109,7.670000076293945,7.659999847412109,7.659999847412109,966,0.0,0.0,0.0
2024-08-22 13:34:00-04:00,7.679999828338623,7.679999828338623,7.679999828338623,7.679999828338623,110,0.0,0.0,0.0
2024-08-22 13:36:00-04:00,7.670000076293945,7.670000076293945,7.670000076293945,7.670000076293945,800,0.0,0.0,0.0
2024-08-22 13:37:00-04:00,7.670000076293945,7.689700126647949,7.670000076293945,7.689700126647949,1702,0.0,0.0,0.0
2024-08-22 13:38:00-04:00,7.690000057220459,7.690000057220459,7.690000057220459,7.690000057220459,100,0.0,0.0,0.0
2024-08-22 13:39:00-04:00,7.680099964141846,7.680099964141846,7.680099964141846,7.680099964141846,101,0.0,0.0,0.0
2024-08-22 13:41:00-04:00,7.670100212097168,7.675000190734863,7.670100212097168,7.670100212097168,1468,0.0,0.0,0.0
2024-08-22 13:45:00-04:00,7.670000076293945,7.670000076293945,7.670000076293945,7.670000076293945,4796,0.0,0.0,0.0
2024-08-22 13:48:00-04:00,7.664999961853027,7.664999961853027,7.664999961853027,7.664999961853027,492,0.0,0.0,0.0
2024-08-22 13:53:00-04:00,7.639999866485596,7.639999866485596,7.639999866485596,7.639999866485596,1274,0.0,0.0,0.0
2024-08-22 13:54:00-04:00,7.625,7.625,7.625,7.625,124,0.0,0.0,0.0
2024-08-22 13:56:00-04:00,7.630000114440918,7.630000114440918,7.625,7.630000114440918,1979,0.0,0.0,0.0
2024-08-22 13:57:00-04:00,7.625,7.629899978637695,7.625,7.629899978637695,1419,0.0,0.0,0.0
2024-08-22 14:03:00-04:00,7.619999885559082,7.619999885559082,7.619999885559082,7.619999885559082,2402,0.0,0.0,0.0
2024-08-22 14:05:00-04:00,7.625,7.625,7.625,7.625,201,0.0,0.0,0.0
2024-08-22 14:06:00-04:00,7.621300220489502,7.621300220489502,7.619999885559082,7.619999885559082,302,0.0,0.0,0.0
2024-08-22 14:08:00-04:00,7.61870002746582,7.630000114440918,7.61870002746582,7.630000114440918,1619,0.0,0.0,0.0
2024-08-22 14:09:00-04:00,7.639999866485596,7.639999866485596,7.639999866485596,7.639999866485596,336,0.0,0.0,0.0
2024-08-22 14:12:00-04:00,7.650000095367432,7.650000095367432,7.650000095367432,7.650000095367432,1003,0.0,0.0,0.0
2024-08-22 14:13:00-04:00,7.639999866485596,7.639999866485596,7.639900207519531,7.639999866485596,500,0.0,0.0,0.0
2024-08-22 14:14:00-04:00,7.65500020980835,7.65500020980835,7.65500020980835,7.65500020980835,100,0.0,0.0,0.0
2024-08-22 14:15:00-04:00,7.659999847412109,7.659999847412109,7.659999847412109,7.659999847412109,640,0.0,0.0,0.0
2024-08-22 14:17:00-04:00,7.670000076293945,7.670000076293945,7.670000076293945,7.670000076293945,293,0.0,0.0,0.0
2024-08-22 14:18:00-04:00,7.670000076293945,7.670000076293945,7.670000076293945,7.670000076293945,232,0.0,0.0,0.0
2024-08-22 14:24:00-04:00,7.675000190734863,7.675000190734863,7.670000076293945,7.670000076293945,585,0.0,0.0,0.0
2024-08-22 14:26:00-04:00,7.678699970245361,7.679999828338623,7.678699970245361,7.679999828338623,300,0.0,0.0,0.0
2024-08-22 14:27:00-04:00,7.675000190734863,7.679999828338623,7.675000190734863,7.679999828338623,1220,0.0,0.0,0.0
2024-08-22 14:29:00-04:00,7.679999828338623,7.701600074768066,7.679999828338623,7.701600074768066,367,0.0,0.0,0.0
2024-08-22 14:32:00-04:00,7.690000057220459,7.690000057220459,7.690000057220459,7.690000057220459,523,0.0,0.0,0.0
2024-08-22 14:33:00-04:00,7.699999809265137,7.699999809265137,7.699999809265137,7.699999809265137,185,0.0,0.0,0.0
2024-08-22 14:36:00-04:00,7.691299915313721,7.691299915313721,7.690000057220459,7.690000057220459,301,0.0,0.0,0.0
2024-08-22 14:37:00-04:00,7.699900150299072,7.699999809265137,7.699900150299072,7.699999809265137,309,0.0,0.0,0.0
2024-08-22 14:39:00-04:00,7.695000171661377,7.695000171661377,7.695000171661377,7.695000171661377,3401,0.0,0.0,0.0
2024-08-22 14:42:00-04:00,7.699900150299072,7.699900150299072,7.699900150299072,7.699900150299072,750,0.0,0.0,0.0
2024-08-22 14:43:00-04:00,7.690000057220459,7.690000057220459,7.690000057220459,7.690000057220459,632,0.0,0.0,0.0
2024-08-22 14:45:00-04:00,7.699999809265137,7.699999809265137,7.699999809265137,7.699999809265137,1200,0.0,0.0,0.0
2024-08-22 14:46:00-04:00,7.704999923706055,7.704999923706055,7.704999923706055,7.704999923706055,585,0.0,0.0,0.0
2024-08-22 14:47:00-04:00,7.710000038146973,7.710000038146973,7.710000038146973,7.710000038146973,440,0.0,0.0,0.0
2024-08-22 14:48:00-04:00,7.710000038146973,7.711299896240234,7.699999809265137,7.699999809265137,691,0.0,0.0,0.0
2024-08-22 14:49:00-04:00,7.699999809265137,7.699999809265137,7.699699878692627,7.699999809265137,454,0.0,0.0,0.0
2024-08-22 14:50:00-04:00,7.699999809265137,7.704999923706055,7.699999809265137,7.699999809265137,3383,0.0,0.0,0.0
2024-08-22 14:53:00-04:00,7.710000038146973,7.710000038146973,7.710000038146973,7.710000038146973,824,0.0,0.0,0.0
2024-08-22 15:00:00-04:00,7.695000171661377,7.6992998123168945,7.695000171661377,7.6992998123168945,5978,0.0,0.0,0.0
2024-08-22 15:01:00-04:00,7.699999809265137,7.715000152587891,7.699999809265137,7.715000152587891,5394,0.0,0.0,0.0
2024-08-22 15:02:00-04:00,7.71999979019165,7.739999771118164,7.71999979019165,7.739999771118164,1880,0.0,0.0,0.0
2024-08-22 15:03:00-04:00,7.739999771118164,7.739999771118164,7.738699913024902,7.7399001121521,700,0.0,0.0,0.0
2024-08-22 15:04:00-04:00,7.724999904632568,7.724999904632568,7.724999904632568,7.724999904632568,248,0.0,0.0,0.0
2024-08-22 15:05:00-04:00,7.739999771118164,7.739999771118164,7.735000133514404,7.735000133514404,1158,0.0,0.0,0.0
2024-08-22 15:06:00-04:00,7.739999771118164,7.739999771118164,7.739999771118164,7.739999771118164,350,0.0,0.0,0.0
2024-08-22 15:09:00-04:00,7.730000019073486,7.730000019073486,7.724999904632568,7.724999904632568,1214,0.0,0.0,0.0
2024-08-22 15:10:00-04:00,7.724999904632568,7.724999904632568,7.715000152587891,7.715000152587891,924,0.0,0.0,0.0
2024-08-22 15:11:00-04:00,7.719900131225586,7.71999979019165,7.715000152587891,7.71999979019165,1115,0.0,0.0,0.0
2024-08-22 15:12:00-04:00,7.72130012512207,7.730000019073486,7.715000152587891,7.715000152587891,2659,0.0,0.0,0.0
2024-08-22 15:13:00-04:00,7.715000152587891,7.730000019073486,7.715000152587891,7.730000019073486,1717,0.0,0.0,0.0
2024-08-22 15:14:00-04:00,7.724999904632568,7.724999904632568,7.724999904632568,7.724999904632568,440,0.0,0.0,0.0
2024-08-22 15:15:00-04:00,7.71999979019165,7.71999979019165,7.71999979019165,7.71999979019165,300,0.0,0.0,0.0
2024-08-22 15:16:00-04:00,7.715000152587891,7.71999979019165,7.715000152587891,7.71999979019165,897,0.0,0.0,0.0
2024-08-22 15:17:00-04:00,7.72130012512207,7.72130012512207,7.71999979019165,7.71999979019165,320,0.0,0.0,0.0
2024-08-22 15:18:00-04:00,7.704999923706055,7.710000038146973,7.704999923706055,7.710000038146973,483,0.0,0.0,0.0
2024-08-22 15:19:00-04:00,7.704999923706055,7.704999923706055,7.699999809265137,7.704999923706055,631,0.0,0.0,0.0
2024-08-22 15:20:00-04:00,7.699999809265137,7.699999809265137,7.699999809265137,7.699999809265137,518,0.0,0.0,0.0
2024-08-22 15:21:00-04:00,7.692299842834473,7.695000171661377,7.692299842834473,7.695000171661377,1455,0.0,0.0,0.0
2024-08-22 15:22:00-04:00,7.695000171661377,7.695000171661377,7.675000190734863,7.679999828338623,3920,0.0,0.0,0.0
2024-08-22 15:23:00-04:00,7.679999828338623,7.681300163269043,7.679999828338623,7.679999828338623,609,0.0,0.0,0.0
2024-08-22 15:25:00-04:00,7.679900169372559,7.684999942779541,7.679900169372559,7.684999942779541,625,0.0,0.0,0.0
2024-08-22 15:26:00-04:00,7.679999828338623,7.684999942779541,7.679999828338623,7.684999942779541,7133,0.0,0.0,0.0
2024-08-22 15:28:00-04:00,7.679999828338623,7.679999828338623,7.679999828338623,7.679999828338623,222,0.0,0.0,0.0
2024-08-22 15:29:00-04:00,7.681300163269043,7.681300163269043,7.678699970245361,7.679999828338623,600,0.0,0.0,0.0
2024-08-22 15:30:00-04:00,7.675000190734863,7.679999828338623,7.675000190734863,7.679999828338623,822,0.0,0.0,0.0
2024-08-22 15:31:00-04:00,7.679999828338623,7.679999828338623,7.679999828338623,7.679999828338623,258,0.0,0.0,0.0
2024-08-22 15:32:00-04:00,7.681300163269043,7.681300163269043,7.678699970245361,7.679999828338623,656,0.0,0.0,0.0
2024-08-22 15:33:00-04:00,7.679999828338623,7.679999828338623,7.679999828338623,7.679999828338623,3184,0.0,0.0,0.0
2024-08-22 15:34:00-04:00,7.675000190734863,7.675000190734863,7.675000190734863,7.675000190734863,1158,0.0,0.0,0.0
2024-08-22 15:37:00-04:00,7.684999942779541,7.684999942779541,7.675000190734863,7.675000190734863,1376,0.0,0.0,0.0
2024-08-22 15:39:00-04:00,7.684999942779541,7.684999942779541,7.679999828338623,7.679999828338623,2798,0.0,0.0,0.0
2024-08-22 15:40:00-04:00,7.679999828338623,7.679999828338623,7.664999961853027,7.670000076293945,2757,0.0,0.0,0.0
2024-08-22 15:41:00-04:00,7.675000190734863,7.675000190734863,7.670000076293945,7.670000076293945,722,0.0,0.0,0.0
2024-08-22 15:43:00-04:00,7.659999847412109,7.660099983215332,7.659999847412109,7.660099983215332,1016,0.0,0.0,0.0
2024-08-22 15:44:00-04:00,7.65500020980835,7.658699989318848,7.650000095367432,7.658699989318848,3485,0.0,0.0,0.0
2024-08-22 15:45:00-04:00,7.661300182342529,7.661300182342529,7.659999847412109,7.659999847412109,400,0.0,0.0,0.0
2024-08-22 15:46:00-04:00,7.652500152587891,7.661099910736084,7.652500152587891,7.659999847412109,1055,0.0,0.0,0.0
2024-08-22 15:47:00-04:00,7.659999847412109,7.659999847412109,7.658699989318848,7.659999847412109,849,0.0,0.0,0.0
2024-08-22 15:48:00-04:00,7.661300182342529,7.661300182342529,7.65500020980835,7.65500020980835,430,0.0,0.0,0.0
2024-08-22 15:49:00-04:00,7.659999847412109,7.664999961853027,7.659999847412109,7.659999847412109,3345,0.0,0.0,0.0
2024-08-22 15:50:00-04:00,7.659999847412109,7.659999847412109,7.650000095367432,7.650000095367432,2092,0.0,0.0,0.0
2024-08-22 15:51:00-04:00,7.65500020980835,7.65500020980835,7.639999866485596,7.639999866485596,770,0.0,0.0,0.0
2024-08-22 15:52:00-04:00,7.639999866485596,7.644999980926514,7.638700008392334,7.644999980926514,1454,0.0,0.0,0.0
2024-08-22 15:53:00-04:00,7.641300201416016,7.641300201416016,7.630000114440918,7.630000114440918,3132,0.0,0.0,0.0
2024-08-22 15:54:00-04:00,7.630000114440918,7.644999980926514,7.630000114440918,7.644999980926514,1011,0.0,0.0,0.0
2024-08-22 15:55:00-04:00,7.644999980926514,7.644999980926514,7.639999866485596,7.639999866485596,210,0.0,0.0,0.0
2024-08-22 15:56:00-04:00,7.630000114440918,7.630000114440918,7.630000114440918,7.630000114440918,213,0.0,0.0,0.0
2024-08-22 15:57:00-04:00,7.630000114440918,7.630000114440918,7.630000114440918,7.630000114440918,1648,0.0,0.0,0.0
2024-08-22 15:58:00-04:00,7.630000114440918,7.639999866485596,7.630000114440918,7.630000114440918,3796,0.0,0.0,0.0
2024-08-22 15:59:00-04:00,7.635000228881836,7.659999847412109,7.635000228881836,7.659999847412109,8778,0.0,0.0,0.0
2024-08-23 09:30:00-04:00,8.020000457763672,8.020000457763672,8.015000343322754,8.015000343322754,11168,0.0,0.0,0.0
2024-08-23 09:31:00-04:00,8.000699996948242,8.00510025024414,8.000699996948242,8.00510025024414,484,0.0,0.0,0.0
2024-08-23 09:33:00-04:00,7.998499870300293,8.00629997253418,7.998499870300293,8.0,1295,0.0,0.0,0.0
2024-08-23 09:34:00-04:00,7.994999885559082,8.0,7.994999885559082,8.0,1325,0.0,0.0,0.0
2024-08-23 09:36:00-04:00,8.001700401306152,8.001700401306152,8.001700401306152,8.001700401306152,105,0.0,0.0,0.0
2024-08-23 09:38:00-04:00,8.000300407409668,8.000300407409668,8.0,8.0,558,0.0,0.0,0.0
2024-08-23 09:43:00-04:00,7.980000019073486,7.980000019073486,7.965000152587891,7.965000152587891,1100,0.0,0.0,0.0
2024-08-23 09:44:00-04:00,7.980000019073486,7.980000019073486,7.980000019073486,7.980000019073486,429,0.0,0.0,0.0
2024-08-23 09:46:00-04:00,7.980000019073486,7.980899810791016,7.980000019073486,7.980000019073486,2418,0.0,0.0,0.0
2024-08-23 09:47:00-04:00,7.980000019073486,7.980000019073486,7.980000019073486,7.980000019073486,110,0.0,0.0,0.0
2024-08-23 09:48:00-04:00,7.980000019073486,7.980000019073486,7.980000019073486,7.980000019073486,1184,0.0,0.0,0.0
2024-08-23 09:50:00-04:00,7.980000019073486,7.980000019073486,7.980000019073486,7.980000019073486,460,0.0,0.0,0.0
2024-08-23 09:51:00-04:00,7.970200061798096,7.970200061798096,7.96999979019165,7.96999979019165,327,0.0,0.0,0.0
2024-08-23 09:53:00-04:00,7.96999979019165,7.96999979019165,7.96999979019165,7.96999979019165,843,0.0,0.0,0.0
2024-08-23 09:54:00-04:00,7.980000019073486,7.980000019073486,7.980000019073486,7.980000019073486,309,0.0,0.0,0.0
2024-08-23 09:56:00-04:00,7.980000019073486,7.980000019073486,7.980000019073486,7.980000019073486,136,0.0,0.0,0.0
2024-08-23 09:58:00-04:00,7.980000019073486,7.984000205993652,7.980000019073486,7.984000205993652,551,0.0,0.0,0.0
2024-08-23 09:59:00-04:00,7.988699913024902,7.988699913024902,7.985000133514404,7.988699913024902,400,0.0,0.0,0.0
2024-08-23 10:00:00-04:00,8.0,8.079999923706055,8.0,8.079999923706055,13588,0.0,0.0,0.0
2024-08-23 10:01:00-04:00,8.100000381469727,8.100799560546875,8.100000381469727,8.100000381469727,1242,0.0,0.0,0.0
2024-08-23 10:02:00-04:00,8.109999656677246,8.140000343322754,8.109999656677246,8.140000343322754,3339,0.0,0.0,0.0
2024-08-23 10:03:00-04:00,8.147199630737305,8.149999618530273,8.130000114440918,8.14009952545166,7242,0.0,0.0,0.0
2024-08-23 10:04:00-04:00,8.149999618530273,8.20989990234375,8.140000343322754,8.20989990234375,6454,0.0,0.0,0.0
2024-08-23 10:05:00-04:00,8.210000038146973,8.220000267028809,8.192000389099121,8.192000389099121,8145,0.0,0.0,0.0
2024-08-23 10:06:00-04:00,8.199999809265137,8.199999809265137,8.180000305175781,8.199999809265137,5177,0.0,0.0,0.0
2024-08-23 10:07:00-04:00,8.220000267028809,8.220000267028809,8.220000267028809,8.220000267028809,520,0.0,0.0,0.0
2024-08-23 10:08:00-04:00,8.21969985961914,8.228599548339844,8.21969985961914,8.220000267028809,2493,0.0,0.0,0.0
2024-08-23 10:09:00-04:00,8.220000267028809,8.220000267028809,8.220000267028809,8.220000267028809,3424,0.0,0.0,0.0
2024-08-23 10:10:00-04:00,8.234999656677246,8.260000228881836,8.234999656677246,8.260000228881836,3406,0.0,0.0,0.0
2024-08-23 10:11:00-04:00,8.259699821472168,8.27970027923584,8.259699821472168,8.27970027923584,1932,0.0,0.0,0.0
2024-08-23 10:12:00-04:00,8.270000457763672,8.270000457763672,8.270000457763672,8.270000457763672,317,0.0,0.0,0.0
2024-08-23 10:13:00-04:00,8.279999732971191,8.279999732971191,8.279999732971191,8.279999732971191,323,0.0,0.0,0.0
2024-08-23 10:15:00-04:00,8.260000228881836,8.270000457763672,8.260000228881836,8.265000343322754,15354,0.0,0.0,0.0
2024-08-23 10:16:00-04:00,8.210000038146973,8.265000343322754,8.210000038146973,8.210000038146973,903,0.0,0.0,0.0
2024-08-23 10:17:00-04:00,8.199999809265137,8.199999809265137,8.175000190734863,8.180000305175781,1781,0.0,0.0,0.0
2024-08-23 10:18:00-04:00,8.170000076293945,8.175000190734863,8.170000076293945,8.175000190734863,497,0.0,0.0,0.0
2024-08-23 10:19:00-04:00,8.1850004196167,8.1850004196167,8.1850004196167,8.1850004196167,286,0.0,0.0,0.0
2024-08-23 10:22:00-04:00,8.180000305175781,8.1899995803833,8.17870044708252,8.1899995803833,6557,0.0,0.0,0.0
2024-08-23 10:23:00-04:00,8.199999809265137,8.22130012512207,8.199999809265137,8.220100402832031,14678,0.0,0.0,0.0
2024-08-23 10:24:00-04:00,8.229999542236328,8.239999771118164,8.229999542236328,8.239999771118164,1562,0.0,0.0,0.0
2024-08-23 10:27:00-04:00,8.259499549865723,8.260000228881836,8.25,8.25,604,0.0,0.0,0.0
2024-08-23 10:28:00-04:00,8.260000228881836,8.274999618530273,8.260000228881836,8.274999618530273,11133,0.0,0.0,0.0
2024-08-23 10:29:00-04:00,8.279999732971191,8.279999732971191,8.279999732971191,8.279999732971191,209,0.0,0.0,0.0
2024-08-23 10:30:00-04:00,8.278499603271484,8.278499603271484,8.265000343322754,8.270000457763672,4877,0.0,0.0,0.0
2024-08-23 10:31:00-04:00,8.274999618530273,8.274999618530273,8.270000457763672,8.270000457763672,1235,0.0,0.0,0.0
2024-08-23 10:32:00-04:00,8.270000457763672,8.270000457763672,8.260000228881836,8.260000228881836,7228,0.0,0.0,0.0
2024-08-23 10:33:00-04:00,8.268699645996094,8.278200149536133,8.260000228881836,8.270000457763672,2940,0.0,0.0,0.0
2024-08-23 10:34:00-04:00,8.279999732971191,8.281299591064453,8.272700309753418,8.272700309753418,13757,0.0,0.0,0.0
2024-08-23 10:35:00-04:00,8.270000457763672,8.270000457763672,8.270000457763672,8.270000457763672,171,0.0,0.0,0.0
2024-08-23 10:36:00-04:00,8.25469970703125,8.25469970703125,8.239999771118164,8.239999771118164,6579,0.0,0.0,0.0
2024-08-23 10:37:00-04:00,8.25,8.26159954071045,8.25,8.260100364685059,3854,0.0,0.0,0.0
2024-08-23 10:38:00-04:00,8.25,8.25,8.239999771118164,8.239999771118164,5629,0.0,0.0,0.0
2024-08-23 10:39:00-04:00,8.260000228881836,8.260000228881836,8.260000228881836,8.260000228881836,114,0.0,0.0,0.0
2024-08-23 10:40:00-04:00,8.239999771118164,8.239999771118164,8.239999771118164,8.239999771118164,1801,0.0,0.0,0.0
2024-08-23 10:41:00-04:00,8.244999885559082,8.25,8.244999885559082,8.25,877,0.0,0.0,0.0
2024-08-23 10:42:00-04:00,8.25,8.255000114440918,8.25,8.25,808,0.0,0.0,0.0
2024-08-23 10:43:00-04:00,8.25,8.26990032196045,8.25,8.260000228881836,2155,0.0,0.0,0.0
2024-08-23 10:44:00-04:00,8.270000457763672,8.274999618530273,8.270000457763672,8.274999618530273,831,0.0,0.0,0.0
2024-08-23 10:45:00-04:00,8.279999732971191,8.279999732971191,8.267200469970703,8.267200469970703,1933,0.0,0.0,0.0
2024-08-23 10:46:00-04:00,8.265000343322754,8.265000343322754,8.239999771118164,8.239999771118164,375,0.0,0.0,0.0
2024-08-23 10:48:00-04:00,8.210000038146973,8.210000038146973,8.140000343322754,8.140000343322754,3039,0.0,0.0,0.0
2024-08-23 10:49:00-04:00,8.164999961853027,8.1850004196167,8.164999961853027,8.180000305175781,4372,0.0,0.0,0.0
2024-08-23 10:50:00-04:00,8.170000076293945,8.180000305175781,8.170000076293945,8.170000076293945,6945,0.0,0.0,0.0
2024-08-23 10:51:00-04:00,8.119999885559082,8.119999885559082,8.119999885559082,8.119999885559082,100,0.0,0.0,0.0
2024-08-23 10:52:00-04:00,8.130000114440918,8.149999618530273,8.130000114440918,8.149999618530273,469,0.0,0.0,0.0
2024-08-23 10:53:00-04:00,8.140000343322754,8.140000343322754,8.140000343322754,8.140000343322754,1841,0.0,0.0,0.0
2024-08-23 10:54:00-04:00,8.15999984741211,8.180000305175781,8.15999984741211,8.180000305175781,562,0.0,0.0,0.0
2024-08-23 10:55:00-04:00,8.1899995803833,8.1899995803833,8.1899995803833,8.1899995803833,158,0.0,0.0,0.0
2024-08-23 10:57:00-04:00,8.199999809265137,8.199999809265137,8.199999809265137,8.199999809265137,610,0.0,0.0,0.0
2024-08-23 10:58:00-04:00,8.220000267028809,8.220000267028809,8.220000267028809,8.220000267028809,1018,0.0,0.0,0.0
2024-08-23 10:59:00-04:00,8.220000267028809,8.220000267028809,8.210000038146973,8.210000038146973,1545,0.0,0.0,0.0
2024-08-23 11:00:00-04:00,8.200300216674805,8.200300216674805,8.200300216674805,8.200300216674805,522,0.0,0.0,0.0
2024-08-23 11:02:00-04:00,8.210000038146973,8.210000038146973,8.210000038146973,8.210000038146973,1254,0.0,0.0,0.0
2024-08-23 11:03:00-04:00,8.210000038146973,8.210000038146973,8.210000038146973,8.210000038146973,409,0.0,0.0,0.0
2024-08-23 11:04:00-04:00,8.213399887084961,8.213399887084961,8.213399887084961,8.213399887084961,462,0.0,0.0,0.0
2024-08-23 11:05:00-04:00,8.220000267028809,8.225000381469727,8.220000267028809,8.225000381469727,2167,0.0,0.0,0.0
2024-08-23 11:06:00-04:00,8.229999542236328,8.229999542236328,8.229999542236328,8.229999542236328,3732,0.0,0.0,0.0
2024-08-23 11:08:00-04:00,8.229999542236328,8.229999542236328,8.229999542236328,8.229999542236328,757,0.0,0.0,0.0
2024-08-23 11:10:00-04:00,8.239999771118164,8.244999885559082,8.229999542236328,8.229999542236328,2348,0.0,0.0,0.0
2024-08-23 11:11:00-04:00,8.210000038146973,8.210000038146973,8.210000038146973,8.210000038146973,1648,0.0,0.0,0.0
2024-08-23 11:12:00-04:00,8.229999542236328,8.229999542236328,8.229999542236328,8.229999542236328,700,0.0,0.0,0.0
2024-08-23 11:13:00-04:00,8.25,8.25,8.25,8.25,100,0.0,0.0,0.0
2024-08-23 11:14:00-04:00,8.25,8.279999732971191,8.25,8.279999732971191,9078,0.0,0.0,0.0
2024-08-23 11:15:00-04:00,8.279999732971191,8.289999961853027,8.279999732971191,8.289999961853027,3550,0.0,0.0,0.0
2024-08-23 11:16:00-04:00,8.295000076293945,8.295000076293945,8.289999961853027,8.291299819946289,410,0.0,0.0,0.0
2024-08-23 11:17:00-04:00,8.300000190734863,8.3100004196167,8.300000190734863,8.3100004196167,5318,0.0,0.0,0.0
2024-08-23 11:18:00-04:00,8.319899559020996,8.338700294494629,8.319899559020996,8.338700294494629,5357,0.0,0.0,0.0
2024-08-23 11:19:00-04:00,8.340100288391113,8.342700004577637,8.34000015258789,8.34000015258789,373,0.0,0.0,0.0
2024-08-23 11:20:00-04:00,8.34000015258789,8.34000015258789,8.330100059509277,8.330100059509277,250,0.0,0.0,0.0
2024-08-23 11:22:00-04:00,8.335000038146973,8.335000038146973,8.335000038146973,8.335000038146973,170,0.0,0.0,0.0
2024-08-23 11:23:00-04:00,8.34000015258789,8.34000015258789,8.34000015258789,8.34000015258789,404,0.0,0.0,0.0
2024-08-23 11:24:00-04:00,8.350000381469727,8.359999656677246,8.350000381469727,8.350000381469727,1775,0.0,0.0,0.0
2024-08-23 11:25:00-04:00,8.347999572753906,8.350000381469727,8.347999572753906,8.350000381469727,1486,0.0,0.0,0.0
2024-08-23 11:26:00-04:00,8.359999656677246,8.361300468444824,8.359999656677246,8.359999656677246,410,0.0,0.0,0.0
2024-08-23 11:27:00-04:00,8.34000015258789,8.34000015258789,8.329999923706055,8.329999923706055,1398,0.0,0.0,0.0
2024-08-23 11:29:00-04:00,8.34000015258789,8.34000015258789,8.34000015258789,8.34000015258789,5401,0.0,0.0,0.0
2024-08-23 11:30:00-04:00,8.329999923706055,8.329999923706055,8.329999923706055,8.329999923706055,215,0.0,0.0,0.0
2024-08-23 11:31:00-04:00,8.319999694824219,8.319999694824219,8.319999694824219,8.319999694824219,464,0.0,0.0,0.0
2024-08-23 11:32:00-04:00,8.3100004196167,8.3100004196167,8.3100004196167,8.3100004196167,279,0.0,0.0,0.0
2024-08-23 11:33:00-04:00,8.3149995803833,8.3149995803833,8.3149995803833,8.3149995803833,748,0.0,0.0,0.0
2024-08-23 11:34:00-04:00,8.319899559020996,8.319899559020996,8.3100004196167,8.3149995803833,1189,0.0,0.0,0.0
2024-08-23 11:35:00-04:00,8.3149995803833,8.3149995803833,8.3149995803833,8.3149995803833,300,0.0,0.0,0.0
2024-08-23 11:36:00-04:00,8.3100004196167,8.3100004196167,8.3100004196167,8.3100004196167,126,0.0,0.0,0.0
2024-08-23 11:38:00-04:00,8.3100004196167,8.3100004196167,8.3100004196167,8.3100004196167,740,0.0,0.0,0.0
2024-08-23 11:39:00-04:00,8.319999694824219,8.324999809265137,8.319999694824219,8.324999809265137,4025,0.0,0.0,0.0
2024-08-23 11:40:00-04:00,8.324999809265137,8.345000267028809,8.324999809265137,8.345000267028809,6183,0.0,0.0,0.0
2024-08-23 11:41:00-04:00,8.350000381469727,8.350000381469727,8.34000015258789,8.34000015258789,496,0.0,0.0,0.0
2024-08-23 11:43:00-04:00,8.339900016784668,8.339900016784668,8.3100004196167,8.3100004196167,3138,0.0,0.0,0.0
2024-08-23 11:44:00-04:00,8.316900253295898,8.316900253295898,8.295000076293945,8.295000076293945,2074,0.0,0.0,0.0
2024-08-23 11:45:00-04:00,8.270000457763672,8.270000457763672,8.270000457763672,8.270000457763672,301,0.0,0.0,0.0
2024-08-23 11:46:00-04:00,8.270000457763672,8.270000457763672,8.270000457763672,8.270000457763672,858,0.0,0.0,0.0
2024-08-23 11:48:00-04:00,8.289999961853027,8.289999961853027,8.289999961853027,8.289999961853027,120,0.0,0.0,0.0
2024-08-23 11:49:00-04:00,8.28499984741211,8.28499984741211,8.279999732971191,8.279999732971191,1177,0.0,0.0,0.0
2024-08-23 11:50:00-04:00,8.270000457763672,8.270000457763672,8.270000457763672,8.270000457763672,2062,0.0,0.0,0.0
2024-08-23 11:52:00-04:00,8.239999771118164,8.239999771118164,8.239999771118164,8.239999771118164,408,0.0,0.0,0.0
2024-08-23 11:53:00-04:00,8.25,8.25,8.25,8.25,4163,0.0,0.0,0.0
2024-08-23 11:54:00-04:00,8.239999771118164,8.240400314331055,8.229999542236328,8.239999771118164,2215,0.0,0.0,0.0
2024-08-23 11:55:00-04:00,8.239999771118164,8.25,8.239999771118164,8.25,727,0.0,0.0,0.0
2024-08-23 11:57:00-04:00,8.239999771118164,8.239999771118164,8.239999771118164,8.239999771118164,300,0.0,0.0,0.0
2024-08-23 11:58:00-04:00,8.229999542236328,8.229999542236328,8.220000267028809,8.229999542236328,985,0.0,0.0,0.0
2024-08-23 11:59:00-04:00,8.229999542236328,8.229999542236328,8.229999542236328,8.229999542236328,287,0.0,0.0,0.0
2024-08-23 12:00:00-04:00,8.229900360107422,8.231300354003906,8.210000038146973,8.210000038146973,1208,0.0,0.0,0.0
2024-08-23 12:01:00-04:00,8.199999809265137,8.210000038146973,8.199999809265137,8.210000038146973,760,0.0,0.0,0.0
2024-08-23 12:02:00-04:00,8.210000038146973,8.210000038146973,8.210000038146973,8.210000038146973,300,0.0,0.0,0.0
2024-08-23 12:03:00-04:00,8.208700180053711,8.210000038146973,8.208700180053711,8.210000038146973,4392,0.0,0.0,0.0
2024-08-23 12:04:00-04:00,8.210000038146973,8.210000038146973,8.210000038146973,8.210000038146973,176,0.0,0.0,0.0
2024-08-23 12:05:00-04:00,8.210000038146973,8.210000038146973,8.194999694824219,8.194999694824219,841,0.0,0.0,0.0
2024-08-23 12:06:00-04:00,8.1899995803833,8.204999923706055,8.189900398254395,8.204999923706055,1013,0.0,0.0,0.0
2024-08-23 12:07:00-04:00,8.204999923706055,8.204999923706055,8.204999923706055,8.204999923706055,324,0.0,0.0,0.0
2024-08-23 12:08:00-04:00,8.210000038146973,8.218700408935547,8.210000038146973,8.218700408935547,1181,0.0,0.0,0.0
2024-08-23 12:09:00-04:00,8.220000267028809,8.220100402832031,8.220000267028809,8.220000267028809,424,0.0,0.0,0.0
2024-08-23 12:10:00-04:00,8.225000381469727,8.225000381469727,8.225000381469727,8.225000381469727,446,0.0,0.0,0.0
2024-08-23 12:12:00-04:00,8.229999542236328,8.229999542236328,8.225000381469727,8.225000381469727,1383,0.0,0.0,0.0
2024-08-23 12:13:00-04:00,8.220000267028809,8.220000267028809,8.210000038146973,8.21500015258789,1290,0.0,0.0,0.0
2024-08-23 12:14:00-04:00,8.199999809265137,8.199999809265137,8.180000305175781,8.180000305175781,1172,0.0,0.0,0.0
2024-08-23 12:15:00-04:00,8.1899995803833,8.199999809265137,8.1899995803833,8.199999809265137,1202,0.0,0.0,0.0
2024-08-23 12:16:00-04:00,8.210000038146973,8.210000038146973,8.210000038146973,8.210000038146973,430,0.0,0.0,0.0
2024-08-23 12:17:00-04:00,8.1899995803833,8.1899995803833,8.180000305175781,8.180000305175781,704,0.0,0.0,0.0
2024-08-23 12:18:00-04:00,8.1899995803833,8.199999809265137,8.1899995803833,8.199999809265137,867,0.0,0.0,0.0
2024-08-23 12:19:00-04:00,8.210000038146973,8.210000038146973,8.210000038146973,8.210000038146973,284,0.0,0.0,0.0
2024-08-23 12:20:00-04:00,8.210000038146973,8.21500015258789,8.210000038146973,8.211099624633789,5551,0.0,0.0,0.0
2024-08-23 12:25:00-04:00,8.1899995803833,8.1899995803833,8.1899995803833,8.1899995803833,473,0.0,0.0,0.0
2024-08-23 12:27:00-04:00,8.1850004196167,8.1850004196167,8.1850004196167,8.1850004196167,567,0.0,0.0,0.0
2024-08-23 12:28:00-04:00,8.180000305175781,8.180000305175781,8.180000305175781,8.180000305175781,490,0.0,0.0,0.0
2024-08-23 12:30:00-04:00,8.1899995803833,8.1899995803833,8.1899995803833,8.1899995803833,164,0.0,0.0,0.0
2024-08-23 12:31:00-04:00,8.199600219726562,8.199999809265137,8.199600219726562,8.199999809265137,1297,0.0,0.0,0.0
2024-08-23 12:32:00-04:00,8.210000038146973,8.210000038146973,8.210000038146973,8.210000038146973,272,0.0,0.0,0.0
2024-08-23 12:35:00-04:00,8.21500015258789,8.22130012512207,8.21500015258789,8.218000411987305,4170,0.0,0.0,0.0
2024-08-23 12:37:00-04:00,8.220000267028809,8.220000267028809,8.220000267028809,8.220000267028809,100,0.0,0.0,0.0
2024-08-23 12:38:00-04:00,8.220000267028809,8.220000267028809,8.220000267028809,8.220000267028809,194,0.0,0.0,0.0
2024-08-23 12:40:00-04:00,8.20989990234375,8.210000038146973,8.208600044250488,8.210000038146973,700,0.0,0.0,0.0
2024-08-23 12:41:00-04:00,8.210000038146973,8.210000038146973,8.199999809265137,8.199999809265137,667,0.0,0.0,0.0
2024-08-23 12:42:00-04:00,8.170000076293945,8.170000076293945,8.149999618530273,8.149999618530273,838,0.0,0.0,0.0
2024-08-23 12:43:00-04:00,8.149999618530273,8.149999618530273,8.149999618530273,8.149999618530273,275,0.0,0.0,0.0
2024-08-23 12:45:00-04:00,8.149999618530273,8.149999618530273,8.149999618530273,8.149999618530273,400,0.0,0.0,0.0
2024-08-23 12:46:00-04:00,8.140000343322754,8.140000343322754,8.140000343322754,8.140000343322754,6215,0.0,0.0,0.0
2024-08-23 12:47:00-04:00,8.139900207519531,8.149999618530273,8.139900207519531,8.149999618530273,1000,0.0,0.0,0.0
2024-08-23 12:48:00-04:00,8.149999618530273,8.154999732971191,8.149999618530273,8.154999732971191,650,0.0,0.0,0.0
2024-08-23 12:49:00-04:00,8.149999618530273,8.149999618530273,8.149999618530273,8.149999618530273,300,0.0,0.0,0.0
2024-08-23 12:51:00-04:00,8.164999961853027,8.170000076293945,8.164999961853027,8.170000076293945,634,0.0,0.0,0.0
2024-08-23 12:55:00-04:00,8.1899995803833,8.210000038146973,8.1899995803833,8.210000038146973,1987,0.0,0.0,0.0
2024-08-23 12:56:00-04:00,8.210000038146973,8.210000038146973,8.210000038146973,8.210000038146973,400,0.0,0.0,0.0
2024-08-23 12:57:00-04:00,8.210000038146973,8.210000038146973,8.210000038146973,8.210000038146973,700,0.0,0.0,0.0
2024-08-23 12:58:00-04:00,8.210000038146973,8.210000038146973,8.210000038146973,8.210000038146973,475,0.0,0.0,0.0
2024-08-23 13:01:00-04:00,8.210000038146973,8.210000038146973,8.210000038146973,8.210000038146973,200,0.0,0.0,0.0
2024-08-23 13:04:00-04:00,8.21500015258789,8.220000267028809,8.21500015258789,8.220000267028809,469,0.0,0.0,0.0
2024-08-23 13:06:00-04:00,8.229999542236328,8.229999542236328,8.229999542236328,8.229999542236328,163,0.0,0.0,0.0
2024-08-23 13:08:00-04:00,8.229999542236328,8.229999542236328,8.229999542236328,8.229999542236328,181,0.0,0.0,0.0
2024-08-23 13:11:00-04:00,8.229999542236328,8.229999542236328,8.229999542236328,8.229999542236328,219,0.0,0.0,0.0
2024-08-23 13:13:00-04:00,8.229999542236328,8.229999542236328,8.229999542236328,8.229999542236328,1200,0.0,0.0,0.0
2024-08-23 13:15:00-04:00,8.234999656677246,8.239999771118164,8.234999656677246,8.239999771118164,1102,0.0,0.0,0.0
2024-08-23 13:16:00-04:00,8.244999885559082,8.244999885559082,8.244999885559082,8.244999885559082,391,0.0,0.0,0.0
2024-08-23 13:18:00-04:00,8.239999771118164,8.239999771118164,8.239999771118164,8.239999771118164,126,0.0,0.0,0.0
2024-08-23 13:19:00-04:00,8.239999771118164,8.239999771118164,8.239999771118164,8.239999771118164,200,0.0,0.0,0.0
2024-08-23 13:22:00-04:00,8.25,8.25,8.25,8.25,623,0.0,0.0,0.0
2024-08-23 13:28:00-04:00,8.270000457763672,8.270000457763672,8.270000457763672,8.270000457763672,120,0.0,0.0,0.0
2024-08-23 13:29:00-04:00,8.27869987487793,8.279999732971191,8.27869987487793,8.279999732971191,200,0.0,0.0,0.0
2024-08-23 13:30:00-04:00,8.279999732971191,8.28499984741211,8.279999732971191,8.28499984741211,358,0.0,0.0,0.0
2024-08-23 13:31:00-04:00,8.288700103759766,8.289999961853027,8.288700103759766,8.289999961853027,320,0.0,0.0,0.0
2024-08-23 13:32:00-04:00,8.289999961853027,8.289999961853027,8.289999961853027,8.289999961853027,300,0.0,0.0,0.0
2024-08-23 13:33:00-04:00,8.289999961853027,8.289999961853027,8.289999961853027,8.289999961853027,300,0.0,0.0,0.0
2024-08-23 13:34:00-04:00,8.289999961853027,8.289999961853027,8.289999961853027,8.289999961853027,100,0.0,0.0,0.0
2024-08-23 13:35:00-04:00,8.289999961853027,8.289999961853027,8.289999961853027,8.289999961853027,236,0.0,0.0,0.0
2024-08-23 13:39:00-04:00,8.289999961853027,8.289999961853027,8.289999961853027,8.289999961853027,1155,0.0,0.0,0.0
2024-08-23 13:43:00-04:00,8.300000190734863,8.300000190734863,8.295000076293945,8.295000076293945,1095,0.0,0.0,0.0
2024-08-23 13:44:00-04:00,8.3100004196167,8.3100004196167,8.3100004196167,8.3100004196167,120,0.0,0.0,0.0
2024-08-23 13:45:00-04:00,8.3100004196167,8.3100004196167,8.3100004196167,8.3100004196167,324,0.0,0.0,0.0
2024-08-23 13:46:00-04:00,8.300000190734863,8.300000190734863,8.300000190734863,8.300000190734863,200,0.0,0.0,0.0
2024-08-23 13:47:00-04:00,8.289999961853027,8.289999961853027,8.289999961853027,8.289999961853027,300,0.0,0.0,0.0
2024-08-23 13:48:00-04:00,8.300000190734863,8.300000190734863,8.300000190734863,8.300000190734863,3236,0.0,0.0,0.0
2024-08-23 13:50:00-04:00,8.305000305175781,8.305000305175781,8.305000305175781,8.305000305175781,350,0.0,0.0,0.0
2024-08-23 13:54:00-04:00,8.3100004196167,8.3100004196167,8.305000305175781,8.305000305175781,305,0.0,0.0,0.0
2024-08-23 13:55:00-04:00,8.300000190734863,8.300000190734863,8.300000190734863,8.300000190734863,200,0.0,0.0,0.0
2024-08-23 13:56:00-04:00,8.300000190734863,8.300000190734863,8.289999961853027,8.289999961853027,750,0.0,0.0,0.0
2024-08-23 13:57:00-04:00,8.300000190734863,8.300000190734863,8.300000190734863,8.300000190734863,100,0.0,0.0,0.0
2024-08-23 13:58:00-04:00,8.300000190734863,8.300000190734863,8.300000190734863,8.300000190734863,100,0.0,0.0,0.0
2024-08-23 13:59:00-04:00,8.300000190734863,8.300000190734863,8.300000190734863,8.300000190734863,1050,0.0,0.0,0.0
2024-08-23 14:02:00-04:00,8.2923002243042,8.2923002243042,8.2923002243042,8.2923002243042,294,0.0,0.0,0.0
2024-08-23 14:04:00-04:00,8.305000305175781,8.305000305175781,8.305000305175781,8.305000305175781,1178,0.0,0.0,0.0
2024-08-23 14:05:00-04:00,8.3100004196167,8.3100004196167,8.300100326538086,8.300100326538086,1200,0.0,0.0,0.0
2024-08-23 14:07:00-04:00,8.3100004196167,8.3100004196167,8.3100004196167,8.3100004196167,421,0.0,0.0,0.0
2024-08-23 14:10:00-04:00,8.3100004196167,8.3100004196167,8.3100004196167,8.3100004196167,200,0.0,0.0,0.0
2024-08-23 14:11:00-04:00,8.305000305175781,8.305000305175781,8.305000305175781,8.305000305175781,315,0.0,0.0,0.0
2024-08-23 14:13:00-04:00,8.3100004196167,8.3100004196167,8.3100004196167,8.3100004196167,400,0.0,0.0,0.0
2024-08-23 14:14:00-04:00,8.3149995803833,8.3149995803833,8.3100004196167,8.3100004196167,770,0.0,0.0,0.0
2024-08-23 14:17:00-04:00,8.305000305175781,8.305000305175781,8.305000305175781,8.305000305175781,202,0.0,0.0,0.0
2024-08-23 14:22:00-04:00,8.289999961853027,8.289999961853027,8.289999961853027,8.289999961853027,1882,0.0,0.0,0.0
2024-08-23 14:25:00-04:00,8.289999961853027,8.289999961853027,8.289999961853027,8.289999961853027,503,0.0,0.0,0.0
2024-08-23 14:30:00-04:00,8.289999961853027,8.289999961853027,8.289999961853027,8.289999961853027,190,0.0,0.0,0.0
2024-08-23 14:31:00-04:00,8.29010009765625,8.29010009765625,8.29010009765625,8.29010009765625,100,0.0,0.0,0.0
2024-08-23 14:33:00-04:00,8.29990005493164,8.29990005493164,8.295000076293945,8.295000076293945,1906,0.0,0.0,0.0
2024-08-23 14:36:00-04:00,8.300000190734863,8.300000190734863,8.300000190734863,8.300000190734863,281,0.0,0.0,0.0
2024-08-23 14:38:00-04:00,8.300000190734863,8.300000190734863,8.300000190734863,8.300000190734863,867,0.0,0.0,0.0
2024-08-23 14:41:00-04:00,8.319999694824219,8.319999694824219,8.319999694824219,8.319999694824219,144,0.0,0.0,0.0
2024-08-23 14:46:00-04:00,8.329999923706055,8.329999923706055,8.329999923706055,8.329999923706055,0,0.0,0.0,0.0
2024-08-23 14:47:00-04:00,8.319999694824219,8.319999694824219,8.319999694824219,8.319999694824219,379213,0.0,0.0,0.0
2024-08-23 14:49:00-04:00,8.319899559020996,8.319899559020996,8.318900108337402,8.318900108337402,832,0.0,0.0,0.0
2024-08-23 14:51:00-04:00,8.324999809265137,8.324999809265137,8.324999809265137,8.324999809265137,680,0.0,0.0,0.0
2024-08-23 14:52:00-04:00,8.319999694824219,8.319999694824219,8.319999694824219,8.319999694824219,178,0.0,0.0,0.0
2024-08-23 14:56:00-04:00,8.3100004196167,8.3100004196167,8.3100004196167,8.3100004196167,500,0.0,0.0,0.0
2024-08-23 14:57:00-04:00,8.300100326538086,8.300100326538086,8.300100326538086,8.300100326538086,1700,0.0,0.0,0.0
2024-08-23 14:58:00-04:00,8.295000076293945,8.295000076293945,8.295000076293945,8.295000076293945,404,0.0,0.0,0.0
2024-08-23 14:59:00-04:00,8.300000190734863,8.300000190734863,8.300000190734863,8.300000190734863,230,0.0,0.0,0.0
2024-08-23 15:01:00-04:00,8.289999961853027,8.289999961853027,8.289999961853027,8.289999961853027,3100,0.0,0.0,0.0
2024-08-23 15:02:00-04:00,8.289999961853027,8.289999961853027,8.279999732971191,8.279999732971191,1035,0.0,0.0,0.0
2024-08-23 15:03:00-04:00,8.289999961853027,8.289999961853027,8.289999961853027,8.289999961853027,1168,0.0,0.0,0.0
2024-08-23 15:05:00-04:00,8.295000076293945,8.305000305175781,8.295000076293945,8.305000305175781,681,0.0,0.0,0.0
2024-08-23 15:06:00-04:00,8.305000305175781,8.305000305175781,8.305000305175781,8.305000305175781,355,0.0,0.0,0.0
2024-08-23 15:08:00-04:00,8.305000305175781,8.305000305175781,8.305000305175781,8.305000305175781,126,0.0,0.0,0.0
2024-08-23 15:11:00-04:00,8.329999923706055,8.329999923706055,8.324999809265137,8.329999923706055,1800,0.0,0.0,0.0
2024-08-23 15:12:00-04:00,8.335000038146973,8.335000038146973,8.335000038146973,8.335000038146973,354,0.0,0.0,0.0
2024-08-23 15:13:00-04:00,8.34000015258789,8.34469985961914,8.34000015258789,8.34469985961914,2341,0.0,0.0,0.0
2024-08-23 15:16:00-04:00,8.34000015258789,8.34000015258789,8.34000015258789,8.34000015258789,100,0.0,0.0,0.0
2024-08-23 15:17:00-04:00,8.34000015258789,8.34000015258789,8.34000015258789,8.34000015258789,301,0.0,0.0,0.0
2024-08-23 15:18:00-04:00,8.350000381469727,8.350000381469727,8.340100288391113,8.340100288391113,1491,0.0,0.0,0.0
2024-08-23 15:20:00-04:00,8.350000381469727,8.354999542236328,8.350000381469727,8.354999542236328,1189,0.0,0.0,0.0
2024-08-23 15:30:00-04:00,8.35990047454834,8.35990047454834,8.35990047454834,8.35990047454834,6000,0.0,0.0,0.0
2024-08-23 15:31:00-04:00,8.354999542236328,8.354999542236328,8.350000381469727,8.350000381469727,487,0.0,0.0,0.0
2024-08-23 15:32:00-04:00,8.345000267028809,8.350000381469727,8.345000267028809,8.350000381469727,896,0.0,0.0,0.0
2024-08-23 15:33:00-04:00,8.345000267028809,8.345000267028809,8.345000267028809,8.345000267028809,906,0.0,0.0,0.0
2024-08-23 15:34:00-04:00,8.345000267028809,8.345000267028809,8.345000267028809,8.345000267028809,200,0.0,0.0,0.0
2024-08-23 15:35:00-04:00,8.350000381469727,8.350000381469727,8.34000015258789,8.34000015258789,21729,0.0,0.0,0.0
2024-08-23 15:36:00-04:00,8.34000015258789,8.34000015258789,8.34000015258789,8.34000015258789,191,0.0,0.0,0.0
2024-08-23 15:39:00-04:00,8.335000038146973,8.335000038146973,8.324999809265137,8.329999923706055,1981,0.0,0.0,0.0
2024-08-23 15:40:00-04:00,8.335000038146973,8.335000038146973,8.335000038146973,8.335000038146973,1001,0.0,0.0,0.0
2024-08-23 15:42:00-04:00,8.34000015258789,8.34000015258789,8.329999923706055,8.339900016784668,1137,0.0,0.0,0.0
2024-08-23 15:44:00-04:00,8.335000038146973,8.335000038146973,8.335000038146973,8.335000038146973,300,0.0,0.0,0.0
2024-08-23 15:46:00-04:00,8.329999923706055,8.329999923706055,8.329999923706055,8.329999923706055,340,0.0,0.0,0.0
2024-08-23 15:47:00-04:00,8.34000015258789,8.34000015258789,8.34000015258789,8.34000015258789,1180,0.0,0.0,0.0
2024-08-23 15:48:00-04:00,8.350000381469727,8.354999542236328,8.350000381469727,8.354999542236328,898,0.0,0.0,0.0
2024-08-23 15:50:00-04:00,8.359999656677246,8.359999656677246,8.354999542236328,8.359999656677246,7612,0.0,0.0,0.0
2024-08-23 15:51:00-04:00,8.359999656677246,8.369999885559082,8.359999656677246,8.364999771118164,1774,0.0,0.0,0.0
2024-08-23 15:52:00-04:00,8.369999885559082,8.369999885559082,8.369999885559082,8.369999885559082,240,0.0,0.0,0.0
2024-08-23 15:53:00-04:00,8.359999656677246,8.359999656677246,8.359999656677246,8.359999656677246,1053,0.0,0.0,0.0
2024-08-23 15:54:00-04:00,8.359999656677246,8.359999656677246,8.350000381469727,8.354999542236328,945,0.0,0.0,0.0
2024-08-23 15:55:00-04:00,8.359999656677246,8.364999771118164,8.359999656677246,8.359999656677246,3066,0.0,0.0,0.0
2024-08-23 15:56:00-04:00,8.350000381469727,8.350000381469727,8.350000381469727,8.350000381469727,761,0.0,0.0,0.0
2024-08-23 15:57:00-04:00,8.354999542236328,8.359999656677246,8.354999542236328,8.354999542236328,1279,0.0,0.0,0.0
2024-08-23 15:58:00-04:00,8.359999656677246,8.364999771118164,8.359999656677246,8.359999656677246,3825,0.0,0.0,0.0
2024-08-23 15:59:00-04:00,8.369799613952637,8.369799613952637,8.359999656677246,8.359999656677246,2560,0.0,0.0,0.0
