Datetime,Open,High,Low,Close,Volume,Dividends,Stock Splits
2024-08-19 09:30:00-04:00,419.07000732421875,419.8699951171875,418.8999938964844,419.1099853515625,587044,0.0,0.0
2024-08-19 09:31:00-04:00,419.19000244140625,419.37811279296875,418.7099914550781,418.79998779296875,41468,0.0,0.0
2024-08-19 09:32:00-04:00,418.8550109863281,419.19000244140625,418.760009765625,419.0,48812,0.0,0.0
2024-08-19 09:33:00-04:00,418.9949951171875,419.30999755859375,418.6099853515625,418.6549987792969,53053,0.0,0.0
2024-08-19 09:34:00-04:00,418.6899108886719,418.875,418.4200134277344,418.4700012207031,33352,0.0,0.0
2024-08-19 09:35:00-04:00,418.5400085449219,418.82000732421875,418.4599914550781,418.739990234375,39716,0.0,0.0
2024-08-19 09:36:00-04:00,418.7699890136719,418.7699890136719,418.239990234375,418.32501220703125,47886,0.0,0.0
2024-08-19 09:37:00-04:00,418.32501220703125,418.5398864746094,418.1449890136719,418.510009765625,47979,0.0,0.0
2024-08-19 09:38:00-04:00,418.489990234375,418.489990234375,418.0299987792969,418.2449951171875,52838,0.0,0.0
2024-08-19 09:39:00-04:00,418.2900085449219,418.3500061035156,417.9100036621094,418.17999267578125,64125,0.0,0.0
2024-08-19 09:40:00-04:00,418.19000244140625,418.42999267578125,418.1549987792969,418.3900146484375,35509,0.0,0.0
2024-08-19 09:41:00-04:00,418.3299865722656,418.7799987792969,418.1000061035156,418.2200012207031,48222,0.0,0.0
2024-08-19 09:42:00-04:00,418.17999267578125,418.1965026855469,417.9200134277344,418.0950012207031,26991,0.0,0.0
2024-08-19 09:43:00-04:00,418.0350036621094,418.1459045410156,417.7099914550781,417.7950134277344,48410,0.0,0.0
2024-08-19 09:44:00-04:00,417.7950134277344,418.16180419921875,417.6700134277344,418.0299987792969,41969,0.0,0.0
2024-08-19 09:45:00-04:00,417.9700012207031,417.9800109863281,417.760009765625,417.9100036621094,38089,0.0,0.0
2024-08-19 09:46:00-04:00,417.9200134277344,418.3999938964844,417.7200012207031,418.3999938964844,38042,0.0,0.0
2024-08-19 09:47:00-04:00,418.3800048828125,418.3837890625,418.2099914550781,418.2099914550781,22996,0.0,0.0
2024-08-19 09:48:00-04:00,418.2200012207031,418.3699951171875,418.1260070800781,418.3699951171875,30375,0.0,0.0
2024-08-19 09:50:00-04:00,418.1300048828125,418.3399963378906,418.0799865722656,418.1449890136719,64967,0.0,0.0
2024-08-19 09:51:00-04:00,418.2099914550781,418.39599609375,418.1499938964844,418.385009765625,25140,0.0,0.0
2024-08-19 09:52:00-04:00,418.3800048828125,418.95001220703125,418.3800048828125,418.94500732421875,28267,0.0,0.0
2024-08-19 09:53:00-04:00,418.9495849609375,419.0199890136719,418.8500061035156,418.92999267578125,38767,0.0,0.0
2024-08-19 09:54:00-04:00,418.94000244140625,419.1499938964844,418.70001220703125,418.7850036621094,35898,0.0,0.0
2024-08-19 09:55:00-04:00,418.80499267578125,418.9601135253906,418.6199951171875,418.8299865722656,20934,0.0,0.0
2024-08-19 09:56:00-04:00,418.82000732421875,419.5400085449219,418.82000732421875,419.44500732421875,42093,0.0,0.0
2024-08-19 09:57:00-04:00,419.3800048828125,419.5199890136719,419.2799987792969,419.4800109863281,26251,0.0,0.0
2024-08-19 09:58:00-04:00,419.489990234375,419.5,419.3399963378906,419.45001220703125,16198,0.0,0.0
2024-08-19 09:59:00-04:00,419.5,419.6499938964844,419.368896484375,419.6499938964844,29907,0.0,0.0
2024-08-19 10:00:00-04:00,419.6099853515625,419.7449951171875,419.3999938964844,419.45001220703125,37941,0.0,0.0
2024-08-19 10:01:00-04:00,419.5,419.75,419.3399963378906,419.45001220703125,30773,0.0,0.0
2024-08-19 10:02:00-04:00,419.4200134277344,419.4200134277344,419.1400146484375,419.2699890136719,24887,0.0,0.0
2024-08-19 10:03:00-04:00,419.25,419.32000732421875,418.8500061035156,418.8724060058594,33805,0.0,0.0
2024-08-19 10:04:00-04:00,418.82000732421875,419.3699951171875,418.7699890136719,419.04998779296875,62784,0.0,0.0
2024-08-19 10:05:00-04:00,419.0,419.05999755859375,418.610107421875,418.75,24791,0.0,0.0
2024-08-19 10:06:00-04:00,418.7799987792969,418.7799987792969,418.54998779296875,418.54998779296875,17040,0.0,0.0
2024-08-19 10:07:00-04:00,418.6099853515625,419.0299987792969,418.6099853515625,419.010009765625,19018,0.0,0.0
2024-08-19 10:08:00-04:00,418.9700012207031,419.2301940917969,418.8599853515625,419.2250061035156,12841,0.0,0.0
2024-08-19 10:09:00-04:00,419.25,419.25,418.9599914550781,418.9949951171875,19324,0.0,0.0
2024-08-19 10:10:00-04:00,419.010009765625,419.20001220703125,419.0,419.05999755859375,21275,0.0,0.0
2024-08-19 10:11:00-04:00,419.0899963378906,419.0899963378906,418.80999755859375,418.80999755859375,15873,0.0,0.0
2024-08-19 10:12:00-04:00,418.8349914550781,418.9599914550781,418.7799987792969,418.9599914550781,16099,0.0,0.0
2024-08-19 10:13:00-04:00,418.9798889160156,418.989990234375,418.79998779296875,418.8630065917969,16739,0.0,0.0
2024-08-19 10:14:00-04:00,418.8800048828125,418.8800048828125,418.6700134277344,418.70989990234375,30080,0.0,0.0
2024-08-19 10:15:00-04:00,418.67999267578125,418.67999267578125,418.25,418.2799987792969,33084,0.0,0.0
2024-08-19 10:16:00-04:00,418.2799987792969,418.3089904785156,417.9700012207031,418.1499938964844,39296,0.0,0.0
2024-08-19 10:17:00-04:00,418.135009765625,418.135009765625,417.3999938964844,417.44000244140625,45930,0.0,0.0
2024-08-19 10:18:00-04:00,417.510009765625,417.7120056152344,417.25,417.2825012207031,23962,0.0,0.0
2024-08-19 10:19:00-04:00,417.2900085449219,417.2900085449219,416.70001220703125,416.7591857910156,61740,0.0,0.0
2024-08-19 10:20:00-04:00,416.75909423828125,417.04998779296875,416.4700012207031,416.5,53993,0.0,0.0
2024-08-19 10:21:00-04:00,416.5299987792969,417.2200012207031,416.4700012207031,417.19000244140625,51113,0.0,0.0
2024-08-19 10:22:00-04:00,417.1400146484375,417.4599914550781,417.1099853515625,417.2799987792969,20974,0.0,0.0
2024-08-19 10:23:00-04:00,417.343994140625,417.8800048828125,417.3299865722656,417.54998779296875,30527,0.0,0.0
2024-08-19 10:24:00-04:00,417.5199890136719,417.6300048828125,417.42010498046875,417.5299987792969,21351,0.0,0.0
2024-08-19 10:25:00-04:00,417.5400085449219,417.6199951171875,417.239990234375,417.25,20122,0.0,0.0
2024-08-19 10:26:00-04:00,417.2300109863281,417.5400085449219,417.17999267578125,417.3900146484375,25273,0.0,0.0
2024-08-19 10:27:00-04:00,417.3999938964844,417.7749938964844,417.375,417.7643127441406,17520,0.0,0.0
2024-08-19 10:28:00-04:00,417.7699890136719,417.7699890136719,417.4700012207031,417.7300109863281,26285,0.0,0.0
2024-08-19 10:29:00-04:00,417.7900085449219,417.80999755859375,417.5400085449219,417.80999755859375,20456,0.0,0.0
2024-08-19 10:30:00-04:00,417.7749938964844,417.8900146484375,417.57000732421875,417.57000732421875,22309,0.0,0.0
2024-08-19 10:31:00-04:00,417.639892578125,417.7300109863281,417.5,417.67999267578125,23896,0.0,0.0
2024-08-19 10:32:00-04:00,417.739990234375,417.8800048828125,417.44000244140625,417.44500732421875,18922,0.0,0.0
2024-08-19 10:33:00-04:00,417.4700012207031,417.481689453125,417.25,417.3074951171875,17005,0.0,0.0
2024-08-19 10:34:00-04:00,417.32000732421875,417.5400085449219,417.30999755859375,417.4800109863281,17404,0.0,0.0
2024-08-19 10:35:00-04:00,417.4849853515625,417.57000732421875,417.3999938964844,417.3999938964844,18916,0.0,0.0
2024-08-19 10:36:00-04:00,417.3800048828125,417.42999267578125,417.2200012207031,417.2300109863281,14333,0.0,0.0
2024-08-19 10:37:00-04:00,417.2900085449219,417.3599853515625,417.05999755859375,417.1199951171875,38352,0.0,0.0
2024-08-19 10:38:00-04:00,417.1099853515625,417.54998779296875,417.1099853515625,417.510009765625,16413,0.0,0.0
2024-08-19 10:39:00-04:00,417.57000732421875,417.6499938964844,417.3699951171875,417.3699951171875,13221,0.0,0.0
2024-08-19 10:40:00-04:00,417.4049987792969,417.4576110839844,417.2200012207031,417.32000732421875,23876,0.0,0.0
2024-08-19 10:41:00-04:00,417.3299865722656,417.4547119140625,417.260009765625,417.4547119140625,17804,0.0,0.0
2024-08-19 10:42:00-04:00,417.4200134277344,417.4206848144531,417.2398986816406,417.2398986816406,21132,0.0,0.0
2024-08-19 10:43:00-04:00,417.2300109863281,417.4035949707031,417.1400146484375,417.2262878417969,19559,0.0,0.0
2024-08-19 10:44:00-04:00,417.1600036621094,417.3031005859375,417.1499938964844,417.1499938964844,14251,0.0,0.0
2024-08-19 10:45:00-04:00,417.20001220703125,417.3699951171875,417.20001220703125,417.29998779296875,12484,0.0,0.0
2024-08-19 10:46:00-04:00,417.3599853515625,417.5199890136719,417.32000732421875,417.4200134277344,16259,0.0,0.0
2024-08-19 10:47:00-04:00,417.44000244140625,417.5,417.3211975097656,417.5,17430,0.0,0.0
2024-08-19 10:48:00-04:00,417.43499755859375,417.5299987792969,417.2799987792969,417.4949951171875,30578,0.0,0.0
2024-08-19 10:49:00-04:00,417.4891052246094,417.6499938964844,417.3299865722656,417.6499938964844,12977,0.0,0.0
2024-08-19 10:50:00-04:00,417.6400146484375,417.9200134277344,417.6400146484375,417.9150085449219,17344,0.0,0.0
2024-08-19 10:51:00-04:00,417.9100036621094,418.25,417.8800048828125,418.25,46067,0.0,0.0
2024-08-19 10:52:00-04:00,418.2099914550781,418.30999755859375,418.1199951171875,418.1300048828125,27544,0.0,0.0
2024-08-19 10:53:00-04:00,418.1700134277344,418.57000732421875,418.1700134277344,418.5199890136719,25452,0.0,0.0
2024-08-19 10:54:00-04:00,418.57000732421875,418.70001220703125,418.5199890136719,418.54998779296875,22281,0.0,0.0
2024-08-19 10:55:00-04:00,418.55499267578125,418.55499267578125,418.2250061035156,418.2300109863281,19146,0.0,0.0
2024-08-19 10:56:00-04:00,418.2799987792969,418.2799987792969,418.1400146484375,418.2300109863281,13770,0.0,0.0
2024-08-19 10:57:00-04:00,418.2200012207031,418.2229919433594,418.010009765625,418.17999267578125,16172,0.0,0.0
2024-08-19 10:58:00-04:00,418.15008544921875,418.29998779296875,418.15008544921875,418.2930908203125,16840,0.0,0.0
2024-08-19 10:59:00-04:00,418.2799987792969,418.2799987792969,418.1000061035156,418.20001220703125,12463,0.0,0.0
2024-08-19 11:00:00-04:00,418.1700134277344,418.260009765625,418.07000732421875,418.260009765625,13207,0.0,0.0
2024-08-19 11:01:00-04:00,418.29998779296875,418.42999267578125,418.20001220703125,418.2300109863281,18270,0.0,0.0
2024-08-19 11:02:00-04:00,418.2699890136719,418.3399963378906,418.20001220703125,418.29998779296875,11933,0.0,0.0
2024-08-19 11:03:00-04:00,418.32501220703125,418.5299987792969,418.2900085449219,418.3581848144531,19593,0.0,0.0
2024-08-19 11:04:00-04:00,418.3699951171875,418.3699951171875,418.2099914550781,418.2749938964844,15082,0.0,0.0
2024-08-19 11:05:00-04:00,418.2200012207031,418.3599853515625,418.2099914550781,418.2301025390625,17205,0.0,0.0
2024-08-19 11:06:00-04:00,418.260009765625,418.3599853515625,418.2099914550781,418.2699890136719,32823,0.0,0.0
2024-08-19 11:07:00-04:00,418.3399963378906,418.3599853515625,418.20001220703125,418.2550048828125,14040,0.0,0.0
2024-08-19 11:08:00-04:00,418.2550048828125,418.2900085449219,418.1650085449219,418.239990234375,13453,0.0,0.0
2024-08-19 11:09:00-04:00,418.1499938964844,418.2799987792969,418.1099853515625,418.260009765625,14841,0.0,0.0
2024-08-19 11:10:00-04:00,418.2699890136719,418.2699890136719,417.989990234375,417.989990234375,25034,0.0,0.0
2024-08-19 11:11:00-04:00,418.0,418.0400085449219,417.8699951171875,417.8739013671875,15885,0.0,0.0
2024-08-19 11:12:00-04:00,417.8599853515625,417.8900146484375,417.6700134277344,417.8900146484375,22466,0.0,0.0
2024-08-19 11:13:00-04:00,417.94000244140625,418.04998779296875,417.92999267578125,417.94000244140625,11395,0.0,0.0
2024-08-19 11:14:00-04:00,417.95001220703125,418.0,417.79998779296875,417.82000732421875,21243,0.0,0.0
2024-08-19 11:15:00-04:00,417.864990234375,418.010009765625,417.7699890136719,417.8500061035156,16577,0.0,0.0
2024-08-19 11:16:00-04:00,417.8678894042969,417.9049987792969,417.80999755859375,417.9049987792969,9714,0.0,0.0
2024-08-19 11:17:00-04:00,417.885009765625,417.8900146484375,417.6099853515625,417.6700134277344,18424,0.0,0.0
2024-08-19 11:18:00-04:00,417.69000244140625,417.864990234375,417.69000244140625,417.7799987792969,17208,0.0,0.0
2024-08-19 11:19:00-04:00,417.7890930175781,417.8500061035156,417.7300109863281,417.7699890136719,11179,0.0,0.0
2024-08-19 11:20:00-04:00,417.7414855957031,417.80999755859375,417.67498779296875,417.7300109863281,18618,0.0,0.0
2024-08-19 11:21:00-04:00,417.70001220703125,417.82000732421875,417.57000732421875,417.760009765625,23594,0.0,0.0
2024-08-19 11:22:00-04:00,417.70001220703125,417.70001220703125,417.5299987792969,417.6099853515625,18981,0.0,0.0
2024-08-19 11:23:00-04:00,417.57000732421875,417.8800048828125,417.57000732421875,417.8550109863281,21199,0.0,0.0
2024-08-19 11:24:00-04:00,417.8800048828125,418.05999755859375,417.7099914550781,418.0400085449219,34071,0.0,0.0
2024-08-19 11:25:00-04:00,418.0199890136719,418.05999755859375,417.9407043457031,417.989990234375,16044,0.0,0.0
2024-08-19 11:26:00-04:00,417.95001220703125,418.0350036621094,417.92999267578125,417.92999267578125,10657,0.0,0.0
2024-08-19 11:27:00-04:00,417.9200134277344,418.1000061035156,417.80999755859375,418.07000732421875,32085,0.0,0.0
2024-08-19 11:28:00-04:00,418.1000061035156,418.17999267578125,418.0400085449219,418.04998779296875,14680,0.0,0.0
2024-08-19 11:29:00-04:00,418.0299987792969,418.03289794921875,417.94000244140625,417.9700012207031,16158,0.0,0.0
2024-08-19 11:30:00-04:00,417.9649963378906,418.04998779296875,417.83050537109375,417.83050537109375,19110,0.0,0.0
2024-08-19 11:31:00-04:00,417.8200988769531,417.95001220703125,417.8200988769531,417.8999938964844,10799,0.0,0.0
2024-08-19 11:32:00-04:00,417.8999938964844,418.04998779296875,417.8699951171875,417.9800109863281,15470,0.0,0.0
2024-08-19 11:33:00-04:00,417.9872131347656,418.04998779296875,417.8900146484375,418.0199890136719,12368,0.0,0.0
2024-08-19 11:34:00-04:00,418.0,418.1400146484375,417.9700012207031,418.0249938964844,14438,0.0,0.0
2024-08-19 11:35:00-04:00,418.0315856933594,418.1199951171875,417.9700012207031,418.0268859863281,13598,0.0,0.0
2024-08-19 11:36:00-04:00,417.95001220703125,418.05999755859375,417.95001220703125,418.0199890136719,13566,0.0,0.0
2024-08-19 11:37:00-04:00,418.0,418.0,417.8599853515625,417.92498779296875,14386,0.0,0.0
2024-08-19 11:38:00-04:00,417.92999267578125,417.989501953125,417.8599853515625,417.9200134277344,18796,0.0,0.0
2024-08-19 11:39:00-04:00,417.8699951171875,417.8699951171875,417.6300048828125,417.7388000488281,15548,0.0,0.0
2024-08-19 11:40:00-04:00,417.739990234375,417.864990234375,417.739990234375,417.7699890136719,13461,0.0,0.0
2024-08-19 11:41:00-04:00,417.75,417.79998779296875,417.6199951171875,417.7699890136719,23254,0.0,0.0
2024-08-19 11:42:00-04:00,417.7449951171875,417.9200134277344,417.7300109863281,417.9200134277344,17423,0.0,0.0
2024-08-19 11:43:00-04:00,417.864990234375,417.8699951171875,417.69000244140625,417.69500732421875,13345,0.0,0.0
2024-08-19 11:44:00-04:00,417.6400146484375,417.7799987792969,417.6095886230469,417.7799987792969,13068,0.0,0.0
2024-08-19 11:45:00-04:00,417.75,417.92498779296875,417.75,417.92498779296875,9978,0.0,0.0
2024-08-19 11:46:00-04:00,417.9288024902344,417.9700012207031,417.8399963378906,417.8999938964844,27596,0.0,0.0
2024-08-19 11:47:00-04:00,417.8500061035156,417.94000244140625,417.760009765625,417.8500061035156,16543,0.0,0.0
2024-08-19 11:48:00-04:00,417.8599853515625,417.9150085449219,417.78179931640625,417.80999755859375,9945,0.0,0.0
2024-08-19 11:49:00-04:00,417.80999755859375,417.8399963378906,417.6900939941406,417.7699890136719,10874,0.0,0.0
2024-08-19 11:50:00-04:00,417.75,417.7799987792969,417.6300048828125,417.7250061035156,15677,0.0,0.0
2024-08-19 11:51:00-04:00,417.75,417.8999938964844,417.739990234375,417.8999938964844,15791,0.0,0.0
2024-08-19 11:52:00-04:00,417.8900146484375,418.0224914550781,417.8500061035156,417.9700012207031,25580,0.0,0.0
2024-08-19 11:53:00-04:00,418.0150146484375,418.1199951171875,417.9200134277344,417.9700012207031,14340,0.0,0.0
2024-08-19 11:54:00-04:00,417.9599914550781,417.9599914550781,417.80999755859375,417.92999267578125,13742,0.0,0.0
2024-08-19 11:55:00-04:00,417.9200134277344,417.989990234375,417.7900085449219,417.79998779296875,13280,0.0,0.0
2024-08-19 11:56:00-04:00,417.79998779296875,417.95001220703125,417.5539855957031,417.5899963378906,24303,0.0,0.0
2024-08-19 11:57:00-04:00,417.6099853515625,417.6400146484375,417.48028564453125,417.5050048828125,20198,0.0,0.0
2024-08-19 11:58:00-04:00,417.510009765625,417.510009765625,417.0899963378906,417.2749938964844,30352,0.0,0.0
2024-08-19 11:59:00-04:00,417.2850036621094,417.3550109863281,417.2099914550781,417.30999755859375,37023,0.0,0.0
2024-08-19 12:00:00-04:00,417.4049987792969,417.4049987792969,417.4049987792969,417.4049987792969,18923,0.0,0.0
2024-08-19 12:01:00-04:00,417.3609924316406,417.5,417.3299865722656,417.3299865722656,17262,0.0,0.0
2024-08-19 12:02:00-04:00,417.3299865722656,417.5799865722656,417.3139953613281,417.5400085449219,19184,0.0,0.0
2024-08-19 12:03:00-04:00,417.5093994140625,417.71990966796875,417.4700012207031,417.66009521484375,10826,0.0,0.0
2024-08-19 12:04:00-04:00,417.7200012207031,417.7200012207031,417.5199890136719,417.54998779296875,18577,0.0,0.0
2024-08-19 12:05:00-04:00,417.5199890136719,417.67999267578125,417.5199890136719,417.57000732421875,10926,0.0,0.0
2024-08-19 12:06:00-04:00,417.6199951171875,417.7799987792969,417.6199951171875,417.7200012207031,11619,0.0,0.0
2024-08-19 12:07:00-04:00,417.67999267578125,417.7799987792969,417.610107421875,417.610107421875,18695,0.0,0.0
2024-08-19 12:08:00-04:00,417.635009765625,417.7650146484375,417.6199951171875,417.7650146484375,10554,0.0,0.0
2024-08-19 12:09:00-04:00,417.7300109863281,417.8450012207031,417.70001220703125,417.7926940917969,10393,0.0,0.0
2024-08-19 12:10:00-04:00,417.8299865722656,417.8699951171875,417.67999267578125,417.67999267578125,11978,0.0,0.0
2024-08-19 12:11:00-04:00,417.6600036621094,417.8299865722656,417.6499938964844,417.80499267578125,11706,0.0,0.0
2024-08-19 12:12:00-04:00,417.80999755859375,417.80999755859375,417.6199951171875,417.6199951171875,10766,0.0,0.0
2024-08-19 12:13:00-04:00,417.6199951171875,417.7478942871094,417.6199951171875,417.7300109863281,18952,0.0,0.0
2024-08-19 12:14:00-04:00,417.7257080078125,417.760009765625,417.5801086425781,417.6499938964844,6727,0.0,0.0
2024-08-19 12:15:00-04:00,417.6400146484375,417.6700134277344,417.57000732421875,417.6700134277344,17026,0.0,0.0
2024-08-19 12:16:00-04:00,417.67999267578125,417.760009765625,417.6600036621094,417.6900939941406,10461,0.0,0.0
2024-08-19 12:17:00-04:00,417.7300109863281,417.8299865722656,417.7300109863281,417.7799987792969,10157,0.0,0.0
2024-08-19 12:18:00-04:00,417.7799987792969,417.8599853515625,417.70001220703125,417.8399963378906,7428,0.0,0.0
2024-08-19 12:19:00-04:00,417.8500061035156,418.0299987792969,417.8500061035156,418.0299987792969,20981,0.0,0.0
2024-08-19 12:20:00-04:00,417.95001220703125,418.0299987792969,417.9200134277344,417.9200134277344,10443,0.0,0.0
2024-08-19 12:21:00-04:00,417.92999267578125,417.989990234375,417.92999267578125,417.9750061035156,12396,0.0,0.0
2024-08-19 12:22:00-04:00,417.989990234375,418.04998779296875,417.94000244140625,418.0,10644,0.0,0.0
2024-08-19 12:23:00-04:00,418.010009765625,418.0799865722656,417.94000244140625,418.0,7134,0.0,0.0
2024-08-19 12:24:00-04:00,418.0398864746094,418.1300048828125,418.0299987792969,418.04998779296875,16207,0.0,0.0
2024-08-19 12:25:00-04:00,418.05999755859375,418.1099853515625,418.010009765625,418.05999755859375,9840,0.0,0.0
2024-08-19 12:26:00-04:00,418.07000732421875,418.1000061035156,418.0400085449219,418.1000061035156,13133,0.0,0.0
2024-08-19 12:27:00-04:00,418.1099853515625,418.1099853515625,418.0,418.0085144042969,11219,0.0,0.0
2024-08-19 12:28:00-04:00,418.0,418.1499938964844,418.0,418.04998779296875,14017,0.0,0.0
2024-08-19 12:29:00-04:00,418.07000732421875,418.17999267578125,418.0400085449219,418.125,12480,0.0,0.0
2024-08-19 12:30:00-04:00,418.1499938964844,418.1700134277344,417.9700012207031,418.0450134277344,15566,0.0,0.0
2024-08-19 12:31:00-04:00,418.07000732421875,418.29998779296875,418.0660095214844,418.17999267578125,20239,0.0,0.0
2024-08-19 12:32:00-04:00,418.2200012207031,418.29998779296875,418.17999267578125,418.239990234375,9779,0.0,0.0
2024-08-19 12:33:00-04:00,418.2349853515625,418.3500061035156,418.2200012207031,418.3299865722656,13274,0.0,0.0
2024-08-19 12:34:00-04:00,418.29998779296875,418.42999267578125,418.2099914550781,418.42999267578125,17235,0.0,0.0
2024-08-19 12:35:00-04:00,418.4549865722656,418.5400085449219,418.42999267578125,418.5165100097656,11045,0.0,0.0
2024-08-19 12:36:00-04:00,418.518798828125,418.6700134277344,418.510498046875,418.6099853515625,16576,0.0,0.0
2024-08-19 12:37:00-04:00,418.6300048828125,418.677001953125,418.54998779296875,418.54998779296875,12496,0.0,0.0
2024-08-19 12:38:00-04:00,418.510009765625,418.6300048828125,418.4901123046875,418.57000732421875,13041,0.0,0.0
2024-08-19 12:39:00-04:00,418.5849914550781,418.6400146484375,418.5299987792969,418.53009033203125,10850,0.0,0.0
2024-08-19 12:40:00-04:00,418.5799865722656,418.6650085449219,418.5614013671875,418.5614013671875,12458,0.0,0.0
2024-08-19 12:41:00-04:00,418.6099853515625,418.6449890136719,418.5799865722656,418.6040954589844,14353,0.0,0.0
2024-08-19 12:42:00-04:00,418.6300048828125,418.6499938964844,418.5199890136719,418.6199951171875,16062,0.0,0.0
2024-08-19 12:43:00-04:00,418.6700134277344,418.69000244140625,418.55499267578125,418.57000732421875,7649,0.0,0.0
2024-08-19 12:44:00-04:00,418.6099853515625,418.7900085449219,418.60009765625,418.75,15662,0.0,0.0
2024-08-19 12:45:00-04:00,418.739990234375,418.739990234375,418.6300048828125,418.6300964355469,13018,0.0,0.0
2024-08-19 12:46:00-04:00,418.6300048828125,418.69158935546875,418.6199951171875,418.69158935546875,9469,0.0,0.0
2024-08-19 12:47:00-04:00,418.7012939453125,418.8500061035156,418.70001220703125,418.82000732421875,8992,0.0,0.0
2024-08-19 12:48:00-04:00,418.8501892089844,418.8501892089844,418.79998779296875,418.80999755859375,5857,0.0,0.0
2024-08-19 12:49:00-04:00,418.7900085449219,418.8349914550781,418.75,418.82000732421875,7766,0.0,0.0
2024-08-19 12:50:00-04:00,418.82000732421875,418.97491455078125,418.82000732421875,418.90008544921875,29473,0.0,0.0
2024-08-19 12:51:00-04:00,418.8999938964844,419.04998779296875,418.8999938964844,419.0199890136719,23937,0.0,0.0
2024-08-19 12:52:00-04:00,418.99359130859375,419.1300048828125,418.8900146484375,419.05999755859375,14565,0.0,0.0
2024-08-19 12:53:00-04:00,419.0,419.20001220703125,419.0,419.05999755859375,14534,0.0,0.0
2024-08-19 12:54:00-04:00,419.07000732421875,419.1499938964844,419.05108642578125,419.125,16236,0.0,0.0
2024-08-19 12:55:00-04:00,419.17999267578125,419.19000244140625,419.010009765625,419.0398864746094,10592,0.0,0.0
2024-08-19 12:56:00-04:00,419.0076904296875,419.0400085449219,418.9599914550781,419.0010070800781,11908,0.0,0.0
2024-08-19 12:57:00-04:00,419.0199890136719,419.0199890136719,418.9501037597656,418.9725036621094,12450,0.0,0.0
2024-08-19 12:58:00-04:00,418.95001220703125,418.95001220703125,418.82000732421875,418.8599853515625,13161,0.0,0.0
2024-08-19 12:59:00-04:00,418.8399963378906,418.8500061035156,418.7799987792969,418.8399963378906,8335,0.0,0.0
2024-08-19 13:00:00-04:00,418.8599853515625,418.86138916015625,418.7699890136719,418.7850036621094,7184,0.0,0.0
2024-08-19 13:01:00-04:00,418.80499267578125,418.8800048828125,418.7799987792969,418.8599853515625,5491,0.0,0.0
2024-08-19 13:02:00-04:00,418.8550109863281,418.9999084472656,418.8550109863281,418.9800109863281,13533,0.0,0.0
2024-08-19 13:03:00-04:00,418.9849853515625,418.989990234375,418.8800048828125,418.8999938964844,8462,0.0,0.0
2024-08-19 13:04:00-04:00,418.8999938964844,418.9299011230469,418.8599853515625,418.8800048828125,5291,0.0,0.0
2024-08-19 13:05:00-04:00,418.88861083984375,418.92498779296875,418.82000732421875,418.8299865722656,14742,0.0,0.0
2024-08-19 13:06:00-04:00,418.8299865722656,418.8349914550781,418.67999267578125,418.7300109863281,10159,0.0,0.0
2024-08-19 13:07:00-04:00,418.7449951171875,418.79998779296875,418.6499938964844,418.6499938964844,13713,0.0,0.0
2024-08-19 13:08:00-04:00,418.6600036621094,418.6600036621094,418.510009765625,418.5899963378906,15289,0.0,0.0
2024-08-19 13:09:00-04:00,418.5799865722656,418.5899963378906,418.46099853515625,418.510009765625,14196,0.0,0.0
2024-08-19 13:10:00-04:00,418.5299987792969,418.57000732421875,418.45001220703125,418.4800109863281,9768,0.0,0.0
2024-08-19 13:11:00-04:00,418.489990234375,418.54998779296875,418.4100036621094,418.5,10614,0.0,0.0
2024-08-19 13:12:00-04:00,418.4800109863281,418.57000732421875,418.4599914550781,418.5350036621094,10010,0.0,0.0
2024-08-19 13:13:00-04:00,418.44000244140625,418.45001220703125,418.2699890136719,418.4100036621094,15574,0.0,0.0
2024-08-19 13:14:00-04:00,418.427490234375,418.44000244140625,418.29998779296875,418.3900146484375,13671,0.0,0.0
2024-08-19 13:15:00-04:00,418.3949890136719,418.4115905761719,418.2850036621094,418.29998779296875,12282,0.0,0.0
2024-08-19 13:16:00-04:00,418.32000732421875,418.4198913574219,418.2900085449219,418.3999938964844,11081,0.0,0.0
2024-08-19 13:17:00-04:00,418.39990234375,418.4700012207031,418.3800048828125,418.3999938964844,15666,0.0,0.0
2024-08-19 13:18:00-04:00,418.3699951171875,418.5047912597656,418.3299865722656,418.4949951171875,14067,0.0,0.0
2024-08-19 13:19:00-04:00,418.4849853515625,418.5982971191406,418.4800109863281,418.57501220703125,12875,0.0,0.0
2024-08-19 13:20:00-04:00,418.57501220703125,418.6700134277344,418.56500244140625,418.6499938964844,14754,0.0,0.0
2024-08-19 13:21:00-04:00,418.7049865722656,418.7449951171875,418.6600036621094,418.70001220703125,14803,0.0,0.0
2024-08-19 13:22:00-04:00,418.7099914550781,418.7200012207031,418.55999755859375,418.55999755859375,13456,0.0,0.0
2024-08-19 13:23:00-04:00,418.57000732421875,418.57000732421875,418.42010498046875,418.5050048828125,17850,0.0,0.0
2024-08-19 13:24:00-04:00,418.4909973144531,418.5398864746094,418.489990234375,418.5115966796875,3800,0.0,0.0
2024-08-19 13:25:00-04:00,418.5199890136719,418.5199890136719,418.4200134277344,418.5,10701,0.0,0.0
2024-08-19 13:26:00-04:00,418.5,418.5799865722656,418.5,418.5799865722656,12204,0.0,0.0
2024-08-19 13:27:00-04:00,418.6050109863281,418.6993103027344,418.5899963378906,418.67999267578125,10804,0.0,0.0
2024-08-19 13:28:00-04:00,418.67999267578125,418.68499755859375,418.6099853515625,418.6300048828125,10621,0.0,0.0
2024-08-19 13:29:00-04:00,418.6099853515625,418.6400146484375,418.5199890136719,418.57000732421875,13775,0.0,0.0
2024-08-19 13:30:00-04:00,418.57000732421875,418.64898681640625,418.55999755859375,418.55999755859375,12192,0.0,0.0
2024-08-19 13:31:00-04:00,418.5400085449219,418.6199951171875,418.44000244140625,418.6199951171875,16333,0.0,0.0
2024-08-19 13:32:00-04:00,418.57000732421875,418.70001220703125,418.55999755859375,418.70001220703125,10184,0.0,0.0
2024-08-19 13:33:00-04:00,418.739990234375,418.8800048828125,418.7200012207031,418.8135070800781,20612,0.0,0.0
2024-08-19 13:34:00-04:00,418.80999755859375,418.95001220703125,418.7900085449219,418.92498779296875,17771,0.0,0.0
2024-08-19 13:35:00-04:00,418.92498779296875,418.989990234375,418.8999938964844,418.94000244140625,20191,0.0,0.0
2024-08-19 13:36:00-04:00,418.9200134277344,418.94989013671875,418.8699951171875,418.94989013671875,7701,0.0,0.0
2024-08-19 13:37:00-04:00,418.92999267578125,419.0150146484375,418.92999267578125,418.9700012207031,12461,0.0,0.0
2024-08-19 13:38:00-04:00,418.9800109863281,418.9800109863281,418.7508850097656,418.81500244140625,12479,0.0,0.0
2024-08-19 13:39:00-04:00,418.82501220703125,418.95001220703125,418.82501220703125,418.92498779296875,11146,0.0,0.0
2024-08-19 13:40:00-04:00,418.94000244140625,419.0,418.860107421875,418.860107421875,13207,0.0,0.0
2024-08-19 13:41:00-04:00,418.9194030761719,418.9798889160156,418.860107421875,418.9775085449219,10555,0.0,0.0
2024-08-19 13:42:00-04:00,418.95001220703125,418.95001220703125,418.7699890136719,418.7699890136719,11782,0.0,0.0
2024-08-19 13:43:00-04:00,418.80999755859375,418.80999755859375,418.75,418.7850036621094,8217,0.0,0.0
2024-08-19 13:44:00-04:00,418.79998779296875,418.9599914550781,418.7925109863281,418.9100036621094,16089,0.0,0.0
2024-08-19 13:45:00-04:00,418.93499755859375,419.0,418.885009765625,419.0,13713,0.0,0.0
2024-08-19 13:46:00-04:00,418.98040771484375,419.0,418.8399963378906,418.9800109863281,7439,0.0,0.0
2024-08-19 13:47:00-04:00,418.9801025390625,419.07000732421875,418.8999938964844,418.8999938964844,14373,0.0,0.0
2024-08-19 13:48:00-04:00,418.9184875488281,418.9800109863281,418.8399963378906,418.9753112792969,8879,0.0,0.0
2024-08-19 13:49:00-04:00,419.0,419.0,418.8699951171875,418.9100036621094,7736,0.0,0.0
2024-08-19 13:50:00-04:00,418.8999938964844,418.94989013671875,418.8900146484375,418.9200134277344,8520,0.0,0.0
2024-08-19 13:51:00-04:00,418.92999267578125,418.9798889160156,418.9200134277344,418.95001220703125,10114,0.0,0.0
2024-08-19 13:52:00-04:00,418.95098876953125,418.9800109863281,418.8599853515625,418.9100036621094,10447,0.0,0.0
2024-08-19 13:53:00-04:00,418.8800048828125,418.9700012207031,418.80999755859375,418.9700012207031,13788,0.0,0.0
2024-08-19 13:54:00-04:00,418.9800109863281,418.9800109863281,418.8599853515625,418.864990234375,11257,0.0,0.0
2024-08-19 13:55:00-04:00,418.8299865722656,419.0050048828125,418.79998779296875,418.9949951171875,13799,0.0,0.0
2024-08-19 13:56:00-04:00,418.9949951171875,419.0299987792969,418.95001220703125,418.95001220703125,15141,0.0,0.0
2024-08-19 13:57:00-04:00,418.95001220703125,418.9898986816406,418.9100036621094,418.9150085449219,15532,0.0,0.0
2024-08-19 13:58:00-04:00,418.885009765625,418.9200134277344,418.7950134277344,418.9200134277344,9940,0.0,0.0
2024-08-19 13:59:00-04:00,418.9100036621094,418.9599914550781,418.8999938964844,418.94000244140625,7026,0.0,0.0
2024-08-19 14:00:00-04:00,418.94000244140625,419.0929870605469,418.85418701171875,419.07000732421875,20540,0.0,0.0
2024-08-19 14:01:00-04:00,419.0899963378906,419.1300048828125,418.989990234375,419.0299987792969,13738,0.0,0.0
2024-08-19 14:02:00-04:00,419.0498962402344,419.0744934082031,418.9901123046875,419.0350036621094,10955,0.0,0.0
2024-08-19 14:03:00-04:00,419.0299987792969,419.0400085449219,418.9700012207031,419.0,12787,0.0,0.0
2024-08-19 14:04:00-04:00,418.989990234375,418.989990234375,418.8900146484375,418.93499755859375,8537,0.0,0.0
2024-08-19 14:05:00-04:00,418.9200134277344,419.0199890136719,418.9200134277344,418.99688720703125,12182,0.0,0.0
2024-08-19 14:06:00-04:00,418.9700012207031,419.0050048828125,418.8800048828125,418.9215087890625,11590,0.0,0.0
2024-08-19 14:07:00-04:00,418.9200134277344,418.94000244140625,418.8699951171875,418.8901062011719,615995,0.0,0.0
2024-08-19 14:08:00-04:00,418.9100036621094,419.0299987792969,418.8999938964844,418.9800109863281,18842,0.0,0.0
2024-08-19 14:09:00-04:00,418.9849853515625,419.1199951171875,418.92999267578125,419.05999755859375,14867,0.0,0.0
2024-08-19 14:10:00-04:00,419.0899963378906,419.1400146484375,419.0199890136719,419.1400146484375,13408,0.0,0.0
2024-08-19 14:11:00-04:00,419.1099853515625,419.1099853515625,419.0199890136719,419.0299987792969,10599,0.0,0.0
2024-08-19 14:12:00-04:00,419.0400085449219,419.1499938964844,419.0400085449219,419.1499938964844,17845,0.0,0.0
2024-08-19 14:13:00-04:00,419.1600036621094,419.2149963378906,419.1400146484375,419.1400146484375,10340,0.0,0.0
2024-08-19 14:14:00-04:00,419.1600036621094,419.239990234375,419.1300048828125,419.239990234375,8787,0.0,0.0
2024-08-19 14:15:00-04:00,419.260009765625,419.3399963378906,419.2200012207031,419.2831115722656,19805,0.0,0.0
2024-08-19 14:16:00-04:00,419.2950134277344,419.32989501953125,419.1300048828125,419.1300048828125,50912,0.0,0.0
2024-08-19 14:17:00-04:00,419.1400146484375,419.17498779296875,419.1099853515625,419.114990234375,9398,0.0,0.0
2024-08-19 14:18:00-04:00,419.114990234375,419.139892578125,419.010009765625,419.0199890136719,9946,0.0,0.0
2024-08-19 14:19:00-04:00,419.0350036621094,419.139892578125,418.989990234375,419.1099853515625,11097,0.0,0.0
2024-08-19 14:20:00-04:00,419.1199951171875,419.1199951171875,419.05029296875,419.06500244140625,7683,0.0,0.0
2024-08-19 14:21:00-04:00,419.06500244140625,419.1347961425781,419.04998779296875,419.0899963378906,13387,0.0,0.0
2024-08-19 14:22:00-04:00,419.0950012207031,419.2699890136719,419.0950012207031,419.2301025390625,11164,0.0,0.0
2024-08-19 14:23:00-04:00,419.260009765625,419.3900146484375,419.260009765625,419.3900146484375,6079,0.0,0.0
2024-08-19 14:24:00-04:00,419.3800048828125,419.39990234375,419.2699890136719,419.3399963378906,11675,0.0,0.0
2024-08-19 14:25:00-04:00,419.30999755859375,419.3800048828125,419.2300109863281,419.2699890136719,15979,0.0,0.0
2024-08-19 14:26:00-04:00,419.25,419.3598937988281,419.25,419.3349914550781,8828,0.0,0.0
2024-08-19 14:27:00-04:00,419.3550109863281,419.4049987792969,419.3500061035156,419.375,8026,0.0,0.0
2024-08-19 14:28:00-04:00,419.3821105957031,419.5,419.33551025390625,419.45001220703125,22044,0.0,0.0
2024-08-19 14:29:00-04:00,419.45001220703125,419.5,419.4100036621094,419.4200134277344,12870,0.0,0.0
2024-08-19 14:30:00-04:00,419.44989013671875,419.45001220703125,419.3599853515625,419.364990234375,11406,0.0,0.0
2024-08-19 14:31:00-04:00,419.3800048828125,419.510009765625,419.3800048828125,419.5,6714,0.0,0.0
2024-08-19 14:32:00-04:00,419.4700012207031,419.5299987792969,419.45001220703125,419.45001220703125,13797,0.0,0.0
2024-08-19 14:33:00-04:00,419.489990234375,419.57000732421875,419.489990234375,419.5360107421875,257526,0.0,0.0
2024-08-19 14:34:00-04:00,419.53009033203125,419.54998779296875,419.44000244140625,419.5400085449219,10731,0.0,0.0
2024-08-19 14:35:00-04:00,419.5422058105469,419.7799987792969,419.5199890136719,419.739990234375,15870,0.0,0.0
2024-08-19 14:36:00-04:00,419.760009765625,419.8299865722656,419.7200012207031,419.7500915527344,19146,0.0,0.0
2024-08-19 14:37:00-04:00,419.75,419.82000732421875,419.7300109863281,419.7900085449219,13589,0.0,0.0
2024-08-19 14:38:00-04:00,419.80999755859375,419.82000732421875,419.7200927734375,419.7200927734375,10260,0.0,0.0
2024-08-19 14:39:00-04:00,419.7300109863281,419.760009765625,419.626708984375,419.6600036621094,15041,0.0,0.0
2024-08-19 14:40:00-04:00,419.6600036621094,419.95989990234375,419.5838928222656,419.8800048828125,40148,0.0,0.0
2024-08-19 14:41:00-04:00,419.9097900390625,419.9750061035156,419.80999755859375,419.9750061035156,11590,0.0,0.0
2024-08-19 14:42:00-04:00,419.9609069824219,420.2749938964844,419.9609069824219,420.20001220703125,60994,0.0,0.0
2024-08-19 14:43:00-04:00,420.2200012207031,420.29998779296875,420.2200012207031,420.2699890136719,14364,0.0,0.0
2024-08-19 14:44:00-04:00,420.2699890136719,420.4797058105469,420.2699890136719,420.4200134277344,24906,0.0,0.0
2024-08-19 14:45:00-04:00,420.44000244140625,420.6000061035156,420.385009765625,420.40869140625,32439,0.0,0.0
2024-08-19 14:46:00-04:00,420.3900146484375,420.4299011230469,420.375,420.3800048828125,6626,0.0,0.0
2024-08-19 14:47:00-04:00,420.3999938964844,420.4800109863281,420.3800048828125,420.4800109863281,10186,0.0,0.0
2024-08-19 14:48:00-04:00,420.4700012207031,420.4996032714844,420.29998779296875,420.29998779296875,18767,0.0,0.0
2024-08-19 14:49:00-04:00,420.30999755859375,420.37969970703125,420.29998779296875,420.3345031738281,12904,0.0,0.0
2024-08-19 14:50:00-04:00,420.3299865722656,420.4599914550781,420.32000732421875,420.4237060546875,14092,0.0,0.0
2024-08-19 14:51:00-04:00,420.4100036621094,420.45001220703125,420.3500061035156,420.42999267578125,13011,0.0,0.0
2024-08-19 14:52:00-04:00,420.46990966796875,420.5199890136719,420.3999938964844,420.4800109863281,29194,0.0,0.0
2024-08-19 14:53:00-04:00,420.4798889160156,420.5,420.4100036621094,420.4649963378906,14113,0.0,0.0
2024-08-19 14:54:00-04:00,420.4599914550781,420.5199890136719,420.45001220703125,420.4800109863281,169314,0.0,0.0
2024-08-19 14:55:00-04:00,420.45001220703125,420.4800109863281,420.3599853515625,420.375,15178,0.0,0.0
2024-08-19 14:56:00-04:00,420.39959716796875,420.3999938964844,419.9800109863281,419.989990234375,45917,0.0,0.0
2024-08-19 14:57:00-04:00,420.0400085449219,420.05999755859375,419.91009521484375,420.0,16691,0.0,0.0
2024-08-19 14:58:00-04:00,420.05999755859375,420.1499938964844,420.0,420.0,17029,0.0,0.0
2024-08-19 14:59:00-04:00,420.0400085449219,420.07000732421875,420.010009765625,420.0299987792969,11687,0.0,0.0
2024-08-19 15:00:00-04:00,420.0450134277344,420.06500244140625,419.8599853515625,420.010009765625,16538,0.0,0.0
2024-08-19 15:01:00-04:00,420.010009765625,420.04998779296875,419.92999267578125,419.9700012207031,8376,0.0,0.0
2024-08-19 15:02:00-04:00,419.92999267578125,420.0299987792969,419.9200134277344,420.010009765625,14600,0.0,0.0
2024-08-19 15:03:00-04:00,420.0199890136719,420.1400146484375,419.989990234375,420.0,23241,0.0,0.0
2024-08-19 15:04:00-04:00,420.0,420.0780029296875,419.8999938964844,419.9200134277344,14341,0.0,0.0
2024-08-19 15:05:00-04:00,419.8999938964844,420.0,419.8699951171875,419.97088623046875,20211,0.0,0.0
2024-08-19 15:06:00-04:00,420.0199890136719,420.1600036621094,420.0199890136719,420.0799865722656,106849,0.0,0.0
2024-08-19 15:07:00-04:00,420.0799865722656,420.0849914550781,419.75,419.75,33305,0.0,0.0
2024-08-19 15:08:00-04:00,419.756103515625,419.9682922363281,419.75,419.92999267578125,18086,0.0,0.0
2024-08-19 15:09:00-04:00,419.8699951171875,419.8949890136719,419.79010009765625,419.8399963378906,16345,0.0,0.0
2024-08-19 15:10:00-04:00,419.8002014160156,419.9150085449219,419.7699890136719,419.9150085449219,19237,0.0,0.0
2024-08-19 15:11:00-04:00,419.92999267578125,419.92999267578125,419.6499938964844,419.6600036621094,17798,0.0,0.0
2024-08-19 15:12:00-04:00,419.6600036621094,419.7582092285156,419.60400390625,419.6341857910156,19152,0.0,0.0
2024-08-19 15:13:00-04:00,419.6379089355469,419.6449890136719,419.6000061035156,419.6099853515625,17911,0.0,0.0
2024-08-19 15:14:00-04:00,419.6090087890625,419.6099853515625,419.5101013183594,419.5899963378906,18280,0.0,0.0
2024-08-19 15:15:00-04:00,419.6000061035156,419.6400146484375,419.52398681640625,419.5828857421875,22687,0.0,0.0
2024-08-19 15:16:00-04:00,419.5849914550781,419.6785888671875,419.5849914550781,419.6700134277344,14549,0.0,0.0
2024-08-19 15:17:00-04:00,419.69000244140625,419.82000732421875,419.69000244140625,419.80999755859375,19889,0.0,0.0
2024-08-19 15:18:00-04:00,419.7900085449219,419.8699951171875,419.7799987792969,419.8399963378906,11409,0.0,0.0
2024-08-19 15:19:00-04:00,419.8399963378906,420.0,419.82000732421875,419.989990234375,13917,0.0,0.0
2024-08-19 15:20:00-04:00,419.95001220703125,420.0,419.8500061035156,419.8800048828125,20597,0.0,0.0
2024-08-19 15:21:00-04:00,419.8999938964844,419.94000244140625,419.82000732421875,419.8999938964844,14492,0.0,0.0
2024-08-19 15:22:00-04:00,419.9200134277344,419.92999267578125,419.8349914550781,419.8349914550781,17174,0.0,0.0
2024-08-19 15:23:00-04:00,419.8349914550781,419.8800048828125,419.7699890136719,419.8705139160156,14355,0.0,0.0
2024-08-19 15:24:00-04:00,419.8999938964844,420.0,419.8999938964844,419.9800109863281,19761,0.0,0.0
2024-08-19 15:25:00-04:00,419.9289855957031,419.9599914550781,419.8900146484375,419.9100036621094,12824,0.0,0.0
2024-08-19 15:26:00-04:00,419.9150085449219,419.9200134277344,419.6600036621094,419.6700134277344,19159,0.0,0.0
2024-08-19 15:27:00-04:00,419.6745910644531,419.7900085449219,419.6745910644531,419.7799987792969,12496,0.0,0.0
2024-08-19 15:28:00-04:00,419.739990234375,419.7900085449219,419.70001220703125,419.75,16417,0.0,0.0
2024-08-19 15:29:00-04:00,419.7687072753906,419.7799987792969,419.5899963378906,419.6400146484375,16404,0.0,0.0
2024-08-19 15:30:00-04:00,419.6000061035156,419.70001220703125,419.57501220703125,419.70001220703125,17337,0.0,0.0
2024-08-19 15:31:00-04:00,419.6700134277344,419.69500732421875,419.6400146484375,419.6400146484375,12439,0.0,0.0
2024-08-19 15:32:00-04:00,419.6099853515625,419.6300048828125,419.47808837890625,419.6099853515625,18527,0.0,0.0
2024-08-19 15:33:00-04:00,419.5950012207031,419.6099853515625,419.5299987792969,419.6000061035156,11844,0.0,0.0
2024-08-19 15:34:00-04:00,419.6000061035156,419.6449890136719,419.5199890136719,419.5400085449219,14104,0.0,0.0
2024-08-19 15:35:00-04:00,419.55499267578125,419.6400146484375,419.4800109863281,419.62860107421875,16559,0.0,0.0
2024-08-19 15:36:00-04:00,419.6300048828125,419.6300048828125,419.4700012207031,419.4873962402344,16184,0.0,0.0
2024-08-19 15:37:00-04:00,419.5,419.6400146484375,419.4800109863281,419.6099853515625,15648,0.0,0.0
2024-08-19 15:38:00-04:00,419.6199951171875,419.6300048828125,419.5249938964844,419.6099853515625,13607,0.0,0.0
2024-08-19 15:39:00-04:00,419.6499938964844,419.7200012207031,419.6000061035156,419.7099914550781,17895,0.0,0.0
2024-08-19 15:40:00-04:00,419.7099914550781,419.760009765625,419.6300048828125,419.6449890136719,20630,0.0,0.0
2024-08-19 15:41:00-04:00,419.6347961425781,419.7300109863281,419.5799865722656,419.69000244140625,18458,0.0,0.0
2024-08-19 15:42:00-04:00,419.70001220703125,419.7572021484375,419.6300048828125,419.67999267578125,20151,0.0,0.0
2024-08-19 15:43:00-04:00,419.67498779296875,419.67498779296875,419.5899963378906,419.614990234375,13226,0.0,0.0
2024-08-19 15:44:00-04:00,419.6300048828125,419.69000244140625,419.5799865722656,419.67999267578125,13562,0.0,0.0
2024-08-19 15:45:00-04:00,419.6700134277344,419.7349853515625,419.6099853515625,419.6499938964844,21534,0.0,0.0
2024-08-19 15:46:00-04:00,419.635009765625,419.69000244140625,419.614990234375,419.67999267578125,20863,0.0,0.0
2024-08-19 15:47:00-04:00,419.70001220703125,419.739990234375,419.6300048828125,419.6600036621094,14953,0.0,0.0
2024-08-19 15:48:00-04:00,419.6600036621094,419.67999267578125,419.6050109863281,419.614990234375,18040,0.0,0.0
2024-08-19 15:49:00-04:00,419.62530517578125,419.639892578125,419.54998779296875,419.5849914550781,27037,0.0,0.0
2024-08-19 15:50:00-04:00,419.6099853515625,419.72509765625,419.5,419.7200012207031,35278,0.0,0.0
2024-08-19 15:51:00-04:00,419.7004089355469,419.8428039550781,419.62750244140625,419.8428039550781,36452,0.0,0.0
2024-08-19 15:52:00-04:00,419.8699951171875,420.1700134277344,419.7799987792969,420.1099853515625,56662,0.0,0.0
2024-08-19 15:53:00-04:00,420.1300048828125,420.45001220703125,420.1099853515625,420.45001220703125,54237,0.0,0.0
2024-08-19 15:54:00-04:00,420.42999267578125,421.1600036621094,420.3399963378906,420.9601135253906,138262,0.0,0.0
2024-08-19 15:55:00-04:00,421.0199890136719,421.4200134277344,420.9150085449219,421.0,193692,0.0,0.0
2024-08-19 15:56:00-04:00,421.0050048828125,421.3699951171875,420.8999938964844,421.3299865722656,100146,0.0,0.0
2024-08-19 15:57:00-04:00,421.3399963378906,421.489990234375,421.2699890136719,421.4100036621094,144925,0.0,0.0
2024-08-19 15:58:00-04:00,421.4200134277344,421.4599914550781,420.92999267578125,421.1300048828125,155193,0.0,0.0
2024-08-19 15:59:00-04:00,421.1499938964844,421.6099853515625,421.1099853515625,421.5799865722656,493698,0.0,0.0
2024-08-20 09:30:00-04:00,421.8999938964844,422.7467041015625,421.68499755859375,422.6000061035156,1579500,0.0,0.0
2024-08-20 09:31:00-04:00,422.5400085449219,422.760009765625,422.0899963378906,422.2799987792969,34789,0.0,0.0
2024-08-20 09:32:00-04:00,422.260009765625,422.260009765625,421.6400146484375,421.92999267578125,41894,0.0,0.0
2024-08-20 09:33:00-04:00,421.94000244140625,422.34210205078125,421.94000244140625,422.260009765625,50015,0.0,0.0
2024-08-20 09:34:00-04:00,422.239990234375,422.8399963378906,422.1199951171875,422.8399963378906,39432,0.0,0.0
2024-08-20 09:35:00-04:00,422.8299865722656,423.19000244140625,422.32501220703125,422.4750061035156,64169,0.0,0.0
2024-08-20 09:36:00-04:00,422.5400085449219,422.6300048828125,422.2900085449219,422.54998779296875,50504,0.0,0.0
2024-08-20 09:37:00-04:00,422.510009765625,422.8900146484375,422.510009765625,422.8900146484375,31333,0.0,0.0
2024-08-20 09:38:00-04:00,422.85009765625,422.8999938964844,422.4750061035156,422.6000061035156,39886,0.0,0.0
2024-08-20 09:39:00-04:00,422.57000732421875,422.8500061035156,422.5,422.6600036621094,41043,0.0,0.0
2024-08-20 09:40:00-04:00,422.6000061035156,422.7699890136719,422.29998779296875,422.4800109863281,35340,0.0,0.0
2024-08-20 09:41:00-04:00,422.45001220703125,422.7300109863281,422.3699951171875,422.7300109863281,22914,0.0,0.0
2024-08-20 09:42:00-04:00,422.7200012207031,422.95001220703125,422.32000732421875,422.5450134277344,30438,0.0,0.0
2024-08-20 09:43:00-04:00,422.5450134277344,422.6300048828125,422.4649963378906,422.5199890136719,20577,0.0,0.0
2024-08-20 09:44:00-04:00,422.5242919921875,422.7250061035156,422.3399963378906,422.6499938964844,25548,0.0,0.0
2024-08-20 09:45:00-04:00,422.6099853515625,422.82159423828125,422.5101013183594,422.7099914550781,28421,0.0,0.0
2024-08-20 09:46:00-04:00,422.7112121582031,423.04998779296875,422.6400146484375,423.0400085449219,48371,0.0,0.0
2024-08-20 09:47:00-04:00,423.0799865722656,423.260009765625,423.0299987792969,423.1400146484375,36505,0.0,0.0
2024-08-20 09:48:00-04:00,423.20001220703125,423.489990234375,423.1300048828125,423.4809875488281,55137,0.0,0.0
2024-08-20 09:49:00-04:00,423.4898986816406,423.5,423.239990234375,423.2699890136719,32747,0.0,0.0
2024-08-20 09:50:00-04:00,423.3399963378906,423.3900146484375,423.05999755859375,423.30999755859375,34542,0.0,0.0
2024-08-20 09:51:00-04:00,423.1000061035156,423.29998779296875,423.0799865722656,423.2491149902344,24477,0.0,0.0
2024-08-20 09:52:00-04:00,423.2200927734375,423.3500061035156,423.19000244140625,423.3399963378906,22223,0.0,0.0
2024-08-20 09:53:00-04:00,423.30999755859375,423.3818054199219,423.05999755859375,423.1300048828125,62204,0.0,0.0
2024-08-20 09:54:00-04:00,423.1499938964844,423.20001220703125,422.94000244140625,423.20001220703125,48721,0.0,0.0
2024-08-20 09:55:00-04:00,423.20001220703125,423.5400085449219,423.0799865722656,423.5199890136719,27543,0.0,0.0
2024-08-20 09:56:00-04:00,423.5350036621094,423.5350036621094,423.1300048828125,423.1700134277344,65812,0.0,0.0
2024-08-20 09:57:00-04:00,423.1799011230469,423.57000732421875,423.1549987792969,423.4700012207031,21902,0.0,0.0
2024-08-20 09:58:00-04:00,423.5398864746094,423.6000061035156,423.4200134277344,423.5660095214844,18111,0.0,0.0
2024-08-20 09:59:00-04:00,423.57501220703125,423.6099853515625,423.30499267578125,423.4097900390625,31932,0.0,0.0
2024-08-20 10:00:00-04:00,423.42999267578125,423.6549987792969,423.2900085449219,423.30499267578125,37652,0.0,0.0
2024-08-20 10:01:00-04:00,423.3699951171875,423.44000244140625,422.92999267578125,422.95001220703125,39211,0.0,0.0
2024-08-20 10:02:00-04:00,422.9601135253906,423.1400146484375,422.8399963378906,423.0150146484375,23242,0.0,0.0
2024-08-20 10:03:00-04:00,422.9599914550781,423.2499084472656,422.9049987792969,423.17498779296875,17813,0.0,0.0
2024-08-20 10:04:00-04:00,423.19500732421875,423.2398986816406,423.07000732421875,423.2099914550781,36431,0.0,0.0
2024-08-20 10:05:00-04:00,423.25,423.375,423.1499938964844,423.30999755859375,30260,0.0,0.0
2024-08-20 10:06:00-04:00,423.30999755859375,423.44989013671875,423.2699890136719,423.29998779296875,14176,0.0,0.0
2024-08-20 10:07:00-04:00,423.322998046875,423.45001220703125,423.29998779296875,423.29998779296875,27331,0.0,0.0
2024-08-20 10:08:00-04:00,423.260009765625,423.45989990234375,423.2099914550781,423.4100036621094,18641,0.0,0.0
2024-08-20 10:09:00-04:00,423.3999938964844,423.5199890136719,423.3900146484375,423.5,19048,0.0,0.0
2024-08-20 10:10:00-04:00,423.5299987792969,423.54998779296875,423.32000732421875,423.3900146484375,30752,0.0,0.0
2024-08-20 10:11:00-04:00,423.4407043457031,423.5849914550781,423.19000244140625,423.20001220703125,29922,0.0,0.0
2024-08-20 10:12:00-04:00,423.20928955078125,423.2998962402344,422.8534851074219,422.92999267578125,52146,0.0,0.0
2024-08-20 10:13:00-04:00,422.9049987792969,422.94000244140625,422.6499938964844,422.7799987792969,37237,0.0,0.0
2024-08-20 10:14:00-04:00,422.7850036621094,422.9599914550781,422.5799865722656,422.864501953125,37019,0.0,0.0
2024-08-20 10:15:00-04:00,422.9599914550781,422.9700012207031,422.4599914550781,422.6700134277344,41246,0.0,0.0
2024-08-20 10:16:00-04:00,422.67498779296875,422.82000732421875,422.5950012207031,422.67999267578125,22539,0.0,0.0
2024-08-20 10:17:00-04:00,422.69500732421875,422.8399963378906,422.6600036621094,422.67999267578125,26281,0.0,0.0
2024-08-20 10:18:00-04:00,422.68170166015625,422.95001220703125,422.5799865722656,422.8299865722656,42971,0.0,0.0
2024-08-20 10:19:00-04:00,422.9049987792969,422.9800109863281,422.79998779296875,422.875,26241,0.0,0.0
2024-08-20 10:20:00-04:00,422.8800048828125,422.9599914550781,422.7799987792969,422.8699951171875,44114,0.0,0.0
2024-08-20 10:21:00-04:00,422.8800048828125,423.0899963378906,422.8599853515625,422.9700012207031,20297,0.0,0.0
2024-08-20 10:22:00-04:00,423.0150146484375,423.1300048828125,422.840087890625,423.1099853515625,48228,0.0,0.0
2024-08-20 10:23:00-04:00,423.1050109863281,423.1199951171875,422.8599853515625,422.94500732421875,26398,0.0,0.0
2024-08-20 10:24:00-04:00,422.94500732421875,422.9800109863281,422.7099914550781,422.8299865722656,34952,0.0,0.0
2024-08-20 10:25:00-04:00,422.8500061035156,422.8500061035156,422.6401062011719,422.7349853515625,25348,0.0,0.0
2024-08-20 10:26:00-04:00,422.69000244140625,422.8299865722656,422.385009765625,422.7398986816406,50619,0.0,0.0
2024-08-20 10:27:00-04:00,422.69500732421875,422.7850036621094,422.6300048828125,422.69000244140625,17921,0.0,0.0
2024-08-20 10:28:00-04:00,422.6099853515625,422.6099853515625,422.3500061035156,422.4649963378906,31032,0.0,0.0
2024-08-20 10:29:00-04:00,422.4549865722656,422.69000244140625,422.45001220703125,422.54998779296875,25967,0.0,0.0
2024-08-20 10:30:00-04:00,422.57000732421875,422.63330078125,422.3710021972656,422.3710021972656,20082,0.0,0.0
2024-08-20 10:31:00-04:00,422.3999938964844,422.69000244140625,422.3699951171875,422.69000244140625,19657,0.0,0.0
2024-08-20 10:32:00-04:00,422.67999267578125,422.67999267578125,422.4649963378906,422.56500244140625,22671,0.0,0.0
2024-08-20 10:33:00-04:00,422.6000061035156,422.67999267578125,422.44000244140625,422.44000244140625,19000,0.0,0.0
2024-08-20 10:34:00-04:00,422.3999938964844,422.7200012207031,422.3299865722656,422.6400146484375,32069,0.0,0.0
2024-08-20 10:35:00-04:00,422.6300048828125,422.739990234375,422.5199890136719,422.6300048828125,28149,0.0,0.0
2024-08-20 10:36:00-04:00,422.67999267578125,422.67999267578125,422.3999938964844,422.5899963378906,25285,0.0,0.0
2024-08-20 10:37:00-04:00,422.5799865722656,422.722412109375,422.3999938964844,422.54998779296875,26775,0.0,0.0
2024-08-20 10:38:00-04:00,422.510009765625,422.57000732421875,422.3900146484375,422.4100036621094,25788,0.0,0.0
2024-08-20 10:39:00-04:00,422.4100036621094,422.5199890136719,422.260009765625,422.5199890136719,44213,0.0,0.0
2024-08-20 10:40:00-04:00,422.489990234375,422.6700134277344,422.3699951171875,422.57000732421875,40330,0.0,0.0
2024-08-20 10:41:00-04:00,422.6099853515625,422.6099853515625,422.2900085449219,422.4100036621094,30538,0.0,0.0
2024-08-20 10:42:00-04:00,422.44000244140625,422.44000244140625,422.20001220703125,422.2300109863281,53638,0.0,0.0
2024-08-20 10:43:00-04:00,422.2349853515625,422.2799987792969,422.1400146484375,422.19000244140625,46767,0.0,0.0
2024-08-20 10:44:00-04:00,422.2099914550781,422.3699951171875,422.0199890136719,422.1549987792969,30949,0.0,0.0
2024-08-20 10:45:00-04:00,422.1531982421875,422.3999938964844,422.07501220703125,422.3599853515625,22922,0.0,0.0
2024-08-20 10:46:00-04:00,422.3919982910156,422.6000061035156,422.3919982910156,422.6000061035156,30595,0.0,0.0
2024-08-20 10:47:00-04:00,422.6000061035156,422.69000244140625,422.4800109863281,422.5899963378906,21658,0.0,0.0
2024-08-20 10:48:00-04:00,422.55499267578125,422.75,422.4800109863281,422.6199951171875,35430,0.0,0.0
2024-08-20 10:49:00-04:00,422.6700134277344,422.7080993652344,422.5799865722656,422.635009765625,15933,0.0,0.0
2024-08-20 10:50:00-04:00,422.6099853515625,422.83990478515625,422.5899963378906,422.7950134277344,16969,0.0,0.0
2024-08-20 10:51:00-04:00,422.760009765625,422.8299865722656,422.69000244140625,422.739990234375,17784,0.0,0.0
2024-08-20 10:52:00-04:00,422.82000732421875,422.92999267578125,422.79998779296875,422.9200134277344,16851,0.0,0.0
2024-08-20 10:53:00-04:00,422.9543151855469,423.0799865722656,422.8800048828125,423.0799865722656,19744,0.0,0.0
2024-08-20 10:54:00-04:00,423.07501220703125,423.1600036621094,423.010009765625,423.1000061035156,20079,0.0,0.0
2024-08-20 10:55:00-04:00,423.1000061035156,423.30999755859375,423.0899963378906,423.2699890136719,21893,0.0,0.0
2024-08-20 10:56:00-04:00,423.239990234375,423.3550109863281,423.20001220703125,423.239990234375,26724,0.0,0.0
2024-08-20 10:57:00-04:00,423.2699890136719,423.2699890136719,422.79998779296875,422.84991455078125,25786,0.0,0.0
2024-08-20 10:58:00-04:00,422.8139953613281,423.0299987792969,422.8139953613281,422.909912109375,20666,0.0,0.0
2024-08-20 10:59:00-04:00,422.8800048828125,423.1199951171875,422.7799987792969,423.1199951171875,15054,0.0,0.0
2024-08-20 11:00:00-04:00,423.1700134277344,423.1700134277344,422.79998779296875,422.9150085449219,18433,0.0,0.0
2024-08-20 11:01:00-04:00,422.88140869140625,422.92498779296875,422.78759765625,422.8500061035156,8797,0.0,0.0
2024-08-20 11:02:00-04:00,422.8800048828125,423.0199890136719,422.8800048828125,423.0199890136719,9357,0.0,0.0
2024-08-20 11:03:00-04:00,422.95001220703125,423.1000061035156,422.95001220703125,423.0799865722656,9494,0.0,0.0
2024-08-20 11:04:00-04:00,423.0,423.0299987792969,422.7650146484375,422.7950134277344,18337,0.0,0.0
2024-08-20 11:05:00-04:00,422.7950134277344,423.0,422.70001220703125,422.9049987792969,15702,0.0,0.0
2024-08-20 11:06:00-04:00,422.9700012207031,423.1099853515625,422.8399963378906,422.9100036621094,16229,0.0,0.0
2024-08-20 11:07:00-04:00,422.8299865722656,422.9100036621094,422.6499938964844,422.8599853515625,20340,0.0,0.0
2024-08-20 11:08:00-04:00,422.8800048828125,422.93499755859375,422.80010986328125,422.8599853515625,12942,0.0,0.0
2024-08-20 11:09:00-04:00,422.79998779296875,423.0199890136719,422.7799987792969,422.94000244140625,16525,0.0,0.0
2024-08-20 11:10:00-04:00,422.95001220703125,422.9700012207031,422.8800048828125,422.8883972167969,10801,0.0,0.0
2024-08-20 11:11:00-04:00,422.8500061035156,422.95001220703125,422.7900085449219,422.8900146484375,15803,0.0,0.0
2024-08-20 11:12:00-04:00,422.9049987792969,422.9049987792969,422.80999755859375,422.80999755859375,5005,0.0,0.0
2024-08-20 11:13:00-04:00,422.8399963378906,423.1300048828125,422.79998779296875,423.0400085449219,17127,0.0,0.0
2024-08-20 11:14:00-04:00,423.0199890136719,423.07501220703125,422.9800109863281,422.989990234375,9307,0.0,0.0
2024-08-20 11:15:00-04:00,422.8500061035156,422.9599914550781,422.8399963378906,422.8749084472656,23424,0.0,0.0
2024-08-20 11:16:00-04:00,422.875,422.9700012207031,422.760009765625,422.8965148925781,15093,0.0,0.0
2024-08-20 11:17:00-04:00,422.8500061035156,422.9100036621094,422.80999755859375,422.8399963378906,9882,0.0,0.0
2024-08-20 11:18:00-04:00,422.8800048828125,422.89990234375,422.80999755859375,422.80999755859375,11833,0.0,0.0
2024-08-20 11:19:00-04:00,422.80999755859375,422.82000732421875,422.6600036621094,422.6600036621094,125069,0.0,0.0
2024-08-20 11:20:00-04:00,422.6700134277344,422.8500061035156,422.6199951171875,422.8500061035156,17831,0.0,0.0
2024-08-20 11:21:00-04:00,422.8599853515625,422.8599853515625,422.75,422.8066101074219,10700,0.0,0.0
2024-08-20 11:22:00-04:00,422.739990234375,422.739990234375,422.5899963378906,422.6050109863281,10423,0.0,0.0
2024-08-20 11:23:00-04:00,422.6000061035156,422.6700134277344,422.5799865722656,422.6099853515625,15050,0.0,0.0
2024-08-20 11:24:00-04:00,422.6050109863281,422.7300109863281,422.5299987792969,422.57000732421875,22431,0.0,0.0
2024-08-20 11:25:00-04:00,422.55999755859375,422.5799865722656,422.45001220703125,422.4800109863281,84442,0.0,0.0
2024-08-20 11:26:00-04:00,422.4200134277344,422.489990234375,422.25,422.25,25851,0.0,0.0
2024-08-20 11:27:00-04:00,422.20001220703125,422.30999755859375,422.1300964355469,422.17498779296875,10411,0.0,0.0
2024-08-20 11:28:00-04:00,422.0799865722656,422.0799865722656,421.8699951171875,421.94000244140625,24382,0.0,0.0
2024-08-20 11:29:00-04:00,421.92498779296875,422.0199890136719,421.82000732421875,422.0130920410156,13494,0.0,0.0
2024-08-20 11:30:00-04:00,421.9100036621094,422.1199951171875,421.8699951171875,422.04998779296875,12057,0.0,0.0
2024-08-20 11:31:00-04:00,422.0553894042969,422.2598876953125,422.0553894042969,422.2598876953125,12413,0.0,0.0
2024-08-20 11:32:00-04:00,422.2699890136719,422.4200134277344,422.2699890136719,422.3800048828125,17597,0.0,0.0
2024-08-20 11:33:00-04:00,422.3599853515625,422.3999938964844,422.3399963378906,422.364990234375,7311,0.0,0.0
2024-08-20 11:34:00-04:00,422.32000732421875,422.3800048828125,422.32000732421875,422.35009765625,14148,0.0,0.0
2024-08-20 11:35:00-04:00,422.3299865722656,422.4599914550781,422.3299865722656,422.4599914550781,12513,0.0,0.0
2024-08-20 11:36:00-04:00,422.4599914550781,422.4755859375,422.1300048828125,422.30499267578125,19526,0.0,0.0
2024-08-20 11:37:00-04:00,422.3900146484375,422.6000061035156,422.3800048828125,422.6000061035156,13273,0.0,0.0
2024-08-20 11:38:00-04:00,422.57501220703125,422.5799865722656,422.4700012207031,422.57000732421875,7155,0.0,0.0
2024-08-20 11:39:00-04:00,422.6099853515625,422.6199951171875,422.5060119628906,422.5350036621094,20630,0.0,0.0
2024-08-20 11:40:00-04:00,422.5000915527344,422.6199951171875,422.5000915527344,422.57000732421875,6620,0.0,0.0
2024-08-20 11:41:00-04:00,422.57501220703125,422.6000061035156,422.4700012207031,422.5899963378906,14753,0.0,0.0
2024-08-20 11:42:00-04:00,422.5849914550781,422.6400146484375,422.5199890136719,422.56500244140625,12920,0.0,0.0
2024-08-20 11:43:00-04:00,422.57940673828125,422.57940673828125,422.3215026855469,422.3215026855469,19911,0.0,0.0
2024-08-20 11:44:00-04:00,422.2900085449219,422.3869934082031,422.2699890136719,422.2699890136719,14569,0.0,0.0
2024-08-20 11:45:00-04:00,422.25,422.32080078125,422.1300048828125,422.32080078125,13855,0.0,0.0
2024-08-20 11:46:00-04:00,422.2799987792969,422.3395080566406,422.17999267578125,422.20001220703125,11737,0.0,0.0
2024-08-20 11:47:00-04:00,422.2099914550781,422.29998779296875,422.1099853515625,422.29998779296875,12613,0.0,0.0
2024-08-20 11:48:00-04:00,422.2900085449219,422.2900085449219,422.1700134277344,422.239990234375,8038,0.0,0.0
2024-08-20 11:49:00-04:00,422.2550048828125,422.30999755859375,422.239990234375,422.239990234375,7188,0.0,0.0
2024-08-20 11:50:00-04:00,422.2799987792969,422.3599853515625,422.1400146484375,422.2300109863281,15635,0.0,0.0
2024-08-20 11:51:00-04:00,422.2200012207031,422.2898864746094,422.1614990234375,422.2749938964844,6327,0.0,0.0
2024-08-20 11:52:00-04:00,422.29998779296875,422.3583984375,422.1300964355469,422.3583984375,11490,0.0,0.0
2024-08-20 11:53:00-04:00,422.3900146484375,422.5400085449219,422.2900085449219,422.5199890136719,14896,0.0,0.0
2024-08-20 11:54:00-04:00,422.5400085449219,422.5799865722656,422.3900146484375,422.54998779296875,14704,0.0,0.0
2024-08-20 11:55:00-04:00,422.57000732421875,422.5899963378906,422.4599914550781,422.506103515625,22144,0.0,0.0
2024-08-20 11:56:00-04:00,422.510009765625,422.6000061035156,422.44500732421875,422.54998779296875,15463,0.0,0.0
2024-08-20 11:57:00-04:00,422.54998779296875,422.6400146484375,422.4800109863281,422.6199951171875,17188,0.0,0.0
2024-08-20 11:58:00-04:00,422.6300048828125,422.8092041015625,422.5899963378906,422.7900085449219,37014,0.0,0.0
2024-08-20 11:59:00-04:00,422.7699890136719,422.8800048828125,422.7099914550781,422.8699951171875,22264,0.0,0.0
2024-08-20 12:00:00-04:00,422.8999938964844,422.9100036621094,422.7300109863281,422.7900085449219,16703,0.0,0.0
2024-08-20 12:01:00-04:00,422.79998779296875,422.8662109375,422.5199890136719,422.54998779296875,30353,0.0,0.0
2024-08-20 12:02:00-04:00,422.55999755859375,422.6199951171875,422.3999938964844,422.54998779296875,16136,0.0,0.0
2024-08-20 12:03:00-04:00,422.5799865722656,422.6000061035156,422.3599853515625,422.42999267578125,28610,0.0,0.0
2024-08-20 12:04:00-04:00,422.41571044921875,422.54949951171875,422.41571044921875,422.5400085449219,13042,0.0,0.0
2024-08-20 12:05:00-04:00,422.54998779296875,422.7699890136719,422.54998779296875,422.739990234375,16387,0.0,0.0
2024-08-20 12:06:00-04:00,422.75,422.80999755859375,422.7099914550781,422.79998779296875,9053,0.0,0.0
2024-08-20 12:07:00-04:00,422.7950134277344,422.8500061035156,422.7900085449219,422.8500061035156,7959,0.0,0.0
2024-08-20 12:08:00-04:00,422.8599853515625,422.9209899902344,422.8599853515625,422.8699951171875,11458,0.0,0.0
2024-08-20 12:09:00-04:00,422.8699951171875,422.8900146484375,422.7605895996094,422.8500061035156,14038,0.0,0.0
2024-08-20 12:10:00-04:00,422.8900146484375,422.8900146484375,422.7200012207031,422.7550048828125,13738,0.0,0.0
2024-08-20 12:11:00-04:00,422.7900085449219,422.7900085449219,422.60400390625,422.6499938964844,21309,0.0,0.0
2024-08-20 12:12:00-04:00,422.6499938964844,422.69000244140625,422.6400146484375,422.6700134277344,7058,0.0,0.0
2024-08-20 12:13:00-04:00,422.69000244140625,422.82501220703125,422.6871032714844,422.7699890136719,13923,0.0,0.0
2024-08-20 12:14:00-04:00,422.7300109863281,422.7749938964844,422.7099914550781,422.7749938964844,5637,0.0,0.0
2024-08-20 12:15:00-04:00,422.7799987792969,422.7950134277344,422.5899963378906,422.5899963378906,18139,0.0,0.0
2024-08-20 12:16:00-04:00,422.57000732421875,422.6499938964844,422.5299987792969,422.6368103027344,15151,0.0,0.0
2024-08-20 12:17:00-04:00,422.6499938964844,422.6700134277344,422.5299987792969,422.54998779296875,16135,0.0,0.0
2024-08-20 12:18:00-04:00,422.55999755859375,422.6099853515625,422.5199890136719,422.6000061035156,16390,0.0,0.0
2024-08-20 12:19:00-04:00,422.5799865722656,422.6199951171875,422.5,422.5249938964844,13459,0.0,0.0
2024-08-20 12:20:00-04:00,422.5249938964844,422.6099853515625,422.4599914550781,422.6099853515625,25258,0.0,0.0
2024-08-20 12:21:00-04:00,422.6099853515625,422.6300048828125,422.5450134277344,422.6300048828125,18977,0.0,0.0
2024-08-20 12:22:00-04:00,422.6499938964844,422.7900085449219,422.6099853515625,422.7900085449219,12374,0.0,0.0
2024-08-20 12:23:00-04:00,422.8399963378906,422.8999938964844,422.67498779296875,422.7099914550781,29280,0.0,0.0
2024-08-20 12:24:00-04:00,422.7250061035156,422.79998779296875,422.6400146484375,422.7589111328125,13448,0.0,0.0
2024-08-20 12:25:00-04:00,422.760009765625,422.864990234375,422.7300109863281,422.8500061035156,12148,0.0,0.0
2024-08-20 12:26:00-04:00,422.82501220703125,422.8800048828125,422.79010009765625,422.8500061035156,10454,0.0,0.0
2024-08-20 12:27:00-04:00,422.8999938964844,422.9200134277344,422.82000732421875,422.8800048828125,13778,0.0,0.0
2024-08-20 12:28:00-04:00,422.8450012207031,422.94000244140625,422.8450012207031,422.94000244140625,11796,0.0,0.0
2024-08-20 12:29:00-04:00,422.9599914550781,423.0899963378906,422.9599914550781,423.0799865722656,17563,0.0,0.0
2024-08-20 12:30:00-04:00,423.06500244140625,423.29998779296875,423.0201110839844,423.2799987792969,30989,0.0,0.0
2024-08-20 12:31:00-04:00,423.2799987792969,423.30999755859375,422.9700012207031,423.0199890136719,9956,0.0,0.0
2024-08-20 12:32:00-04:00,423.0299987792969,423.0776062011719,422.8999938964844,422.92999267578125,13228,0.0,0.0
2024-08-20 12:33:00-04:00,422.95001220703125,423.239990234375,422.94000244140625,423.17999267578125,15064,0.0,0.0
2024-08-20 12:34:00-04:00,423.19500732421875,423.2550048828125,423.1400146484375,423.2099914550781,15644,0.0,0.0
2024-08-20 12:35:00-04:00,423.20001220703125,423.2099914550781,423.1099853515625,423.1099853515625,9582,0.0,0.0
2024-08-20 12:36:00-04:00,423.1000061035156,423.2300109863281,423.1000061035156,423.1300048828125,17851,0.0,0.0
2024-08-20 12:37:00-04:00,423.125,423.3580017089844,423.125,423.2449951171875,18299,0.0,0.0
2024-08-20 12:38:00-04:00,423.2300109863281,423.260009765625,423.19000244140625,423.256103515625,13167,0.0,0.0
2024-08-20 12:39:00-04:00,423.2799987792969,423.3500061035156,423.260009765625,423.3399963378906,12530,0.0,0.0
2024-08-20 12:40:00-04:00,423.3399963378906,423.4195861816406,423.3299865722656,423.3900146484375,19883,0.0,0.0
2024-08-20 12:41:00-04:00,423.40948486328125,423.42999267578125,423.35009765625,423.4299011230469,20246,0.0,0.0
2024-08-20 12:42:00-04:00,423.41668701171875,423.5400085449219,423.41668701171875,423.4849853515625,22160,0.0,0.0
2024-08-20 12:43:00-04:00,423.4849853515625,423.5899963378906,423.4599914550781,423.4949951171875,30111,0.0,0.0
2024-08-20 12:44:00-04:00,423.4649963378906,423.54998779296875,423.44000244140625,423.44500732421875,11648,0.0,0.0
2024-08-20 12:45:00-04:00,423.44500732421875,423.55999755859375,423.3999938964844,423.55999755859375,23094,0.0,0.0
2024-08-20 12:46:00-04:00,423.54998779296875,423.6000061035156,423.5000915527344,423.5000915527344,14509,0.0,0.0
2024-08-20 12:47:00-04:00,423.5,423.5799865722656,423.4800109863281,423.510009765625,17646,0.0,0.0
2024-08-20 12:48:00-04:00,423.55999755859375,423.55999755859375,423.4801025390625,423.5450134277344,17562,0.0,0.0
2024-08-20 12:49:00-04:00,423.55999755859375,423.639892578125,423.5400085449219,423.6199951171875,15994,0.0,0.0
2024-08-20 12:50:00-04:00,423.6400146484375,423.69000244140625,423.610107421875,423.69000244140625,23234,0.0,0.0
2024-08-20 12:51:00-04:00,423.67999267578125,423.8599853515625,423.67999267578125,423.8399963378906,34098,0.0,0.0
2024-08-20 12:52:00-04:00,423.8500061035156,423.9100036621094,423.82000732421875,423.8999938964844,21223,0.0,0.0
2024-08-20 12:53:00-04:00,423.9259948730469,423.9927978515625,423.8807067871094,423.9100036621094,37829,0.0,0.0
2024-08-20 12:54:00-04:00,423.92999267578125,423.92999267578125,423.69000244140625,423.8900146484375,40188,0.0,0.0
2024-08-20 12:55:00-04:00,423.8900146484375,423.8900146484375,423.7760009765625,423.82000732421875,30433,0.0,0.0
2024-08-20 12:56:00-04:00,423.8399963378906,423.8500061035156,423.6400146484375,423.7193908691406,19506,0.0,0.0
2024-08-20 12:57:00-04:00,423.7349853515625,423.739990234375,423.5400085449219,423.5400085449219,17501,0.0,0.0
2024-08-20 12:58:00-04:00,423.57000732421875,423.57000732421875,423.4800109863281,423.5400085449219,21558,0.0,0.0
2024-08-20 12:59:00-04:00,423.5400085449219,423.55999755859375,423.43011474609375,423.5,16702,0.0,0.0
2024-08-20 13:00:00-04:00,423.55999755859375,423.55999755859375,423.2099914550781,423.2749938964844,47247,0.0,0.0
2024-08-20 13:01:00-04:00,423.3299865722656,423.55999755859375,423.3160095214844,423.45001220703125,26660,0.0,0.0
2024-08-20 13:02:00-04:00,423.42999267578125,423.54998779296875,423.3900146484375,423.4700012207031,21005,0.0,0.0
2024-08-20 13:03:00-04:00,423.4700012207031,423.55499267578125,423.44000244140625,423.4599914550781,15989,0.0,0.0
2024-08-20 13:04:00-04:00,423.42999267578125,423.6499938964844,423.3900146484375,423.6499938964844,28594,0.0,0.0
2024-08-20 13:05:00-04:00,423.6499938964844,423.7699890136719,423.6400146484375,423.6549987792969,29356,0.0,0.0
2024-08-20 13:06:00-04:00,423.67999267578125,423.82000732421875,423.6499938964844,423.79620361328125,20862,0.0,0.0
2024-08-20 13:07:00-04:00,423.8299865722656,423.9800109863281,423.80999755859375,423.94000244140625,25750,0.0,0.0
2024-08-20 13:08:00-04:00,423.9150085449219,423.9700012207031,423.6700134277344,423.68499755859375,25719,0.0,0.0
2024-08-20 13:09:00-04:00,423.67999267578125,423.8999938964844,423.67999267578125,423.8900146484375,20314,0.0,0.0
2024-08-20 13:10:00-04:00,423.9096984863281,423.94000244140625,423.7099914550781,423.7099914550781,14247,0.0,0.0
2024-08-20 13:11:00-04:00,423.7349853515625,423.7799987792969,423.6000061035156,423.75,17275,0.0,0.0
2024-08-20 13:12:00-04:00,423.7449951171875,423.7699890136719,423.6700134277344,423.7699890136719,9985,0.0,0.0
2024-08-20 13:13:00-04:00,423.739990234375,423.739990234375,423.6099853515625,423.6400146484375,8594,0.0,0.0
2024-08-20 13:14:00-04:00,423.6199951171875,423.67999267578125,423.4700012207031,423.489990234375,18485,0.0,0.0
2024-08-20 13:15:00-04:00,423.4200134277344,423.4700012207031,423.3424987792969,423.3900146484375,7854,0.0,0.0
2024-08-20 13:16:00-04:00,423.3800048828125,423.489990234375,423.3599853515625,423.364990234375,19451,0.0,0.0
2024-08-20 13:17:00-04:00,423.3800048828125,423.5799865722656,423.35009765625,423.510009765625,7448,0.0,0.0
2024-08-20 13:18:00-04:00,423.4849853515625,423.54998779296875,423.42498779296875,423.42498779296875,8697,0.0,0.0
2024-08-20 13:19:00-04:00,423.4259948730469,423.510009765625,423.3999938964844,423.4649963378906,14284,0.0,0.0
2024-08-20 13:20:00-04:00,423.4425048828125,423.4800109863281,423.3399963378906,423.4599914550781,14172,0.0,0.0
2024-08-20 13:21:00-04:00,423.4599914550781,423.510009765625,423.4599914550781,423.5,14775,0.0,0.0
2024-08-20 13:22:00-04:00,423.4599914550781,423.5199890136719,423.3609924316406,423.5199890136719,11526,0.0,0.0
2024-08-20 13:23:00-04:00,423.4800109863281,423.6099853515625,423.4599914550781,423.5397033691406,20616,0.0,0.0
2024-08-20 13:24:00-04:00,423.5299987792969,423.7200012207031,423.4800109863281,423.57000732421875,25420,0.0,0.0
2024-08-20 13:25:00-04:00,423.6000061035156,423.6499938964844,423.54998779296875,423.6300048828125,10127,0.0,0.0
2024-08-20 13:26:00-04:00,423.6499938964844,423.7398986816406,423.6499938964844,423.70001220703125,12245,0.0,0.0
2024-08-20 13:27:00-04:00,423.69000244140625,423.7900085449219,423.6499938964844,423.7786865234375,11865,0.0,0.0
2024-08-20 13:28:00-04:00,423.80999755859375,423.80999755859375,423.7699890136719,423.7828063964844,11068,0.0,0.0
2024-08-20 13:29:00-04:00,423.67999267578125,423.7799987792969,423.6600036621094,423.7650146484375,7790,0.0,0.0
2024-08-20 13:30:00-04:00,423.739990234375,423.8699951171875,423.7300109863281,423.8599853515625,14561,0.0,0.0
2024-08-20 13:31:00-04:00,423.82000732421875,423.82000732421875,423.6802978515625,423.7550048828125,13023,0.0,0.0
2024-08-20 13:32:00-04:00,423.7550048828125,423.7550048828125,423.65509033203125,423.67498779296875,7466,0.0,0.0
2024-08-20 13:33:00-04:00,423.6549987792969,423.6549987792969,423.42999267578125,423.4800109863281,18455,0.0,0.0
2024-08-20 13:34:00-04:00,423.4750061035156,423.69000244140625,423.4750061035156,423.69000244140625,12763,0.0,0.0
2024-08-20 13:35:00-04:00,423.739990234375,423.7749938964844,423.67999267578125,423.7500915527344,13040,0.0,0.0
2024-08-20 13:36:00-04:00,423.7749938964844,423.7850036621094,423.5799865722656,423.5799865722656,11236,0.0,0.0
2024-08-20 13:37:00-04:00,423.5799865722656,423.6000061035156,423.5,423.6000061035156,12616,0.0,0.0
2024-08-20 13:38:00-04:00,423.5950012207031,423.67999267578125,423.5700988769531,423.67999267578125,7863,0.0,0.0
2024-08-20 13:39:00-04:00,423.69500732421875,423.8399963378906,423.6600036621094,423.80999755859375,11276,0.0,0.0
2024-08-20 13:40:00-04:00,423.81500244140625,423.8999938964844,423.7471923828125,423.8599853515625,20643,0.0,0.0
2024-08-20 13:41:00-04:00,423.8299865722656,423.864990234375,423.7699890136719,423.7712097167969,8837,0.0,0.0
2024-08-20 13:42:00-04:00,423.760009765625,423.8500061035156,423.760009765625,423.8299865722656,8490,0.0,0.0
2024-08-20 13:43:00-04:00,423.8500061035156,423.95001220703125,423.8399963378906,423.8900146484375,36186,0.0,0.0
2024-08-20 13:44:00-04:00,423.94000244140625,424.0,423.92498779296875,423.92608642578125,32972,0.0,0.0
2024-08-20 13:45:00-04:00,423.9049987792969,424.0199890136719,423.8699951171875,424.0024108886719,12622,0.0,0.0
2024-08-20 13:46:00-04:00,424.0,424.0299987792969,423.92999267578125,424.0199890136719,44532,0.0,0.0
2024-08-20 13:47:00-04:00,424.0299987792969,424.1400146484375,424.010009765625,424.0950012207031,36167,0.0,0.0
2024-08-20 13:48:00-04:00,424.07501220703125,424.1600036621094,424.0299987792969,424.135009765625,35516,0.0,0.0
2024-08-20 13:49:00-04:00,424.1000061035156,424.25,424.0299987792969,424.21978759765625,44886,0.0,0.0
2024-08-20 13:50:00-04:00,424.2200012207031,424.25,424.010009765625,424.1050109863281,39726,0.0,0.0
2024-08-20 13:51:00-04:00,424.1000061035156,424.2300109863281,424.1000061035156,424.1400146484375,58701,0.0,0.0
2024-08-20 13:52:00-04:00,424.1400146484375,424.1600036621094,424.07000732421875,424.1099853515625,19121,0.0,0.0
2024-08-20 13:53:00-04:00,424.1099853515625,424.1763000488281,423.9700012207031,424.0400085449219,42357,0.0,0.0
2024-08-20 13:54:00-04:00,423.9700927734375,424.1199951171875,423.9700927734375,424.1099853515625,12754,0.0,0.0
2024-08-20 13:55:00-04:00,424.1099853515625,424.239990234375,424.0801086425781,424.2099914550781,325002,0.0,0.0
2024-08-20 13:56:00-04:00,424.2149963378906,424.2149963378906,424.04998779296875,424.1099853515625,17861,0.0,0.0
2024-08-20 13:57:00-04:00,424.09600830078125,424.2200012207031,424.09600830078125,424.1000061035156,14386,0.0,0.0
2024-08-20 13:58:00-04:00,424.1099853515625,424.21990966796875,424.1099853515625,424.1499938964844,13433,0.0,0.0
2024-08-20 13:59:00-04:00,424.1400146484375,424.2099914550781,424.0799865722656,424.17999267578125,21782,0.0,0.0
2024-08-20 14:00:00-04:00,424.1700134277344,424.20001220703125,424.0799865722656,424.19000244140625,14388,0.0,0.0
2024-08-20 14:01:00-04:00,424.19000244140625,424.2200012207031,424.1099853515625,424.1700134277344,19682,0.0,0.0
2024-08-20 14:02:00-04:00,424.1600036621094,424.3999938964844,424.1499938964844,424.3699951171875,30771,0.0,0.0
2024-08-20 14:03:00-04:00,424.4100036621094,424.4100036621094,424.2950134277344,424.4049987792969,23648,0.0,0.0
2024-08-20 14:04:00-04:00,424.3970947265625,424.5199890136719,424.3800048828125,424.5199890136719,28894,0.0,0.0
2024-08-20 14:05:00-04:00,424.5400085449219,424.7200012207031,424.47821044921875,424.67999267578125,32479,0.0,0.0
2024-08-20 14:06:00-04:00,424.7099914550781,424.7200012207031,424.59100341796875,424.6195983886719,29858,0.0,0.0
2024-08-20 14:07:00-04:00,424.6199951171875,424.70001220703125,424.5899963378906,424.67999267578125,9390,0.0,0.0
2024-08-20 14:08:00-04:00,424.69000244140625,424.8399963378906,424.67498779296875,424.7799987792969,17663,0.0,0.0
2024-08-20 14:09:00-04:00,424.80999755859375,424.95989990234375,424.78009033203125,424.8900146484375,22487,0.0,0.0
2024-08-20 14:10:00-04:00,424.875,424.9549865722656,424.79998779296875,424.9150085449219,20061,0.0,0.0
2024-08-20 14:11:00-04:00,424.94000244140625,424.989990234375,424.8699951171875,424.94500732421875,23387,0.0,0.0
2024-08-20 14:12:00-04:00,424.989990234375,425.0199890136719,424.94000244140625,424.989990234375,63160,0.0,0.0
2024-08-20 14:13:00-04:00,425.0199890136719,425.31988525390625,425.0199890136719,425.2250061035156,34390,0.0,0.0
2024-08-20 14:14:00-04:00,425.2589111328125,425.4254150390625,425.2589111328125,425.3200988769531,28654,0.0,0.0
2024-08-20 14:15:00-04:00,425.3500061035156,425.3999938964844,425.2099914550781,425.2749938964844,17887,0.0,0.0
2024-08-20 14:16:00-04:00,425.2699890136719,425.4700012207031,425.25,425.3599853515625,31321,0.0,0.0
2024-08-20 14:17:00-04:00,425.3800048828125,425.4399108886719,425.35009765625,425.4200134277344,11323,0.0,0.0
2024-08-20 14:18:00-04:00,425.44268798828125,425.5,425.3599853515625,425.5,37713,0.0,0.0
2024-08-20 14:19:00-04:00,425.49200439453125,425.6400146484375,425.489990234375,425.55010986328125,39113,0.0,0.0
2024-08-20 14:20:00-04:00,425.55999755859375,425.57000732421875,425.4100036621094,425.4595947265625,24519,0.0,0.0
2024-08-20 14:21:00-04:00,425.44500732421875,425.44500732421875,425.20001220703125,425.2200012207031,28552,0.0,0.0
2024-08-20 14:22:00-04:00,425.2200012207031,425.6098937988281,425.2200012207031,425.5887145996094,26146,0.0,0.0
2024-08-20 14:23:00-04:00,425.6199951171875,425.8599853515625,425.6000061035156,425.739990234375,34264,0.0,0.0
2024-08-20 14:24:00-04:00,425.760009765625,425.8399963378906,425.7300109863281,425.80999755859375,20639,0.0,0.0
2024-08-20 14:25:00-04:00,425.8299865722656,425.8299865722656,425.5,425.56500244140625,33793,0.0,0.0
2024-08-20 14:26:00-04:00,425.57000732421875,425.6099853515625,425.20001220703125,425.20001220703125,34130,0.0,0.0
2024-08-20 14:27:00-04:00,425.2099914550781,425.32000732421875,425.19000244140625,425.29998779296875,23452,0.0,0.0
2024-08-20 14:28:00-04:00,425.2950134277344,425.3900146484375,425.2300109863281,425.239990234375,34092,0.0,0.0
2024-08-20 14:29:00-04:00,425.1199951171875,425.2799987792969,425.0400085449219,425.239990234375,23590,0.0,0.0
2024-08-20 14:30:00-04:00,425.239990234375,425.3500061035156,425.1700134277344,425.32501220703125,24077,0.0,0.0
2024-08-20 14:31:00-04:00,425.32000732421875,425.3500061035156,425.2699890136719,425.30999755859375,18012,0.0,0.0
2024-08-20 14:32:00-04:00,425.30999755859375,425.44000244140625,425.2850036621094,425.385009765625,13210,0.0,0.0
2024-08-20 14:33:00-04:00,425.3999938964844,425.4200134277344,425.2699890136719,425.3550109863281,15192,0.0,0.0
2024-08-20 14:34:00-04:00,425.3399963378906,425.3900146484375,425.25,425.3262939453125,25503,0.0,0.0
2024-08-20 14:35:00-04:00,425.32989501953125,425.32989501953125,425.2300109863281,425.2300109863281,20824,0.0,0.0
2024-08-20 14:36:00-04:00,425.231689453125,425.4198913574219,425.231689453125,425.39849853515625,14828,0.0,0.0
2024-08-20 14:37:00-04:00,425.4200134277344,425.4800109863281,425.3999938964844,425.42999267578125,17917,0.0,0.0
2024-08-20 14:38:00-04:00,425.44000244140625,425.510009765625,425.31500244140625,425.3500061035156,17042,0.0,0.0
2024-08-20 14:39:00-04:00,425.3299865722656,425.3399963378906,425.25,425.30499267578125,17064,0.0,0.0
2024-08-20 14:40:00-04:00,425.32000732421875,425.4150085449219,425.30999755859375,425.3999938964844,12638,0.0,0.0
2024-08-20 14:41:00-04:00,425.3900146484375,425.43499755859375,425.32000732421875,425.360107421875,21958,0.0,0.0
2024-08-20 14:42:00-04:00,425.3599853515625,425.44000244140625,425.3500061035156,425.44000244140625,12798,0.0,0.0
2024-08-20 14:43:00-04:00,425.44000244140625,425.4800109863281,425.4100036621094,425.44000244140625,12646,0.0,0.0
2024-08-20 14:44:00-04:00,425.42498779296875,425.489990234375,425.2200012207031,425.2200012207031,16778,0.0,0.0
2024-08-20 14:45:00-04:00,425.2200012207031,425.2850036621094,425.0299987792969,425.07000732421875,22075,0.0,0.0
2024-08-20 14:46:00-04:00,425.0299987792969,425.0299987792969,424.82000732421875,424.8599853515625,32590,0.0,0.0
2024-08-20 14:47:00-04:00,424.8599853515625,424.9772033691406,424.8399963378906,424.94000244140625,24064,0.0,0.0
2024-08-20 14:48:00-04:00,424.95001220703125,424.95989990234375,424.7300109863281,424.8599853515625,30327,0.0,0.0
2024-08-20 14:49:00-04:00,424.8399963378906,424.92999267578125,424.82000732421875,424.91009521484375,7752,0.0,0.0
2024-08-20 14:50:00-04:00,424.95001220703125,425.0899963378906,424.9200134277344,425.0400085449219,18627,0.0,0.0
2024-08-20 14:51:00-04:00,425.0462951660156,425.05999755859375,424.9400939941406,424.9700012207031,9568,0.0,0.0
2024-08-20 14:52:00-04:00,424.94000244140625,424.985595703125,424.875,424.9800109863281,17389,0.0,0.0
2024-08-20 14:53:00-04:00,424.9750061035156,424.9750061035156,424.6700134277344,424.74749755859375,14617,0.0,0.0
2024-08-20 14:54:00-04:00,424.760009765625,424.92999267578125,424.760009765625,424.92999267578125,19997,0.0,0.0
2024-08-20 14:55:00-04:00,424.94000244140625,424.9649963378906,424.8450012207031,424.95001220703125,12647,0.0,0.0
2024-08-20 14:56:00-04:00,424.9700012207031,425.1600036621094,424.9100036621094,425.1099853515625,15873,0.0,0.0
2024-08-20 14:57:00-04:00,425.1099853515625,425.1700134277344,425.05999755859375,425.0950012207031,25661,0.0,0.0
2024-08-20 14:58:00-04:00,425.1099853515625,425.1199951171875,424.8999938964844,424.92498779296875,17273,0.0,0.0
2024-08-20 14:59:00-04:00,424.9093017578125,424.9891052246094,424.8999938964844,424.94500732421875,10552,0.0,0.0
2024-08-20 15:00:00-04:00,424.92999267578125,425.0199890136719,424.8699951171875,424.8900146484375,12874,0.0,0.0
2024-08-20 15:01:00-04:00,424.8949890136719,425.010009765625,424.79998779296875,424.79998779296875,25750,0.0,0.0
2024-08-20 15:02:00-04:00,424.79998779296875,424.9599914550781,424.79998779296875,424.9200134277344,13450,0.0,0.0
2024-08-20 15:03:00-04:00,424.8900146484375,424.9299011230469,424.8299865722656,424.8599853515625,11971,0.0,0.0
2024-08-20 15:04:00-04:00,424.8800048828125,424.9599914550781,424.8800048828125,424.94000244140625,8605,0.0,0.0
2024-08-20 15:05:00-04:00,424.94500732421875,425.1585998535156,424.94500732421875,425.1260070800781,21551,0.0,0.0
2024-08-20 15:06:00-04:00,425.1300048828125,425.1300048828125,425.04998779296875,425.05999755859375,14409,0.0,0.0
2024-08-20 15:07:00-04:00,425.05499267578125,425.0799865722656,424.8699951171875,424.8699951171875,16990,0.0,0.0
2024-08-20 15:08:00-04:00,424.8599853515625,424.9700012207031,424.82000732421875,424.8924865722656,28587,0.0,0.0
2024-08-20 15:09:00-04:00,424.8800048828125,424.9100036621094,424.7950134277344,424.79998779296875,13402,0.0,0.0
2024-08-20 15:10:00-04:00,424.82000732421875,424.8599853515625,424.67999267578125,424.67999267578125,15234,0.0,0.0
2024-08-20 15:11:00-04:00,424.6700134277344,424.739990234375,424.6099853515625,424.6099853515625,19815,0.0,0.0
2024-08-20 15:12:00-04:00,424.6449890136719,424.7300109863281,424.6199951171875,424.6600036621094,11676,0.0,0.0
2024-08-20 15:13:00-04:00,424.6400146484375,424.739990234375,424.6199951171875,424.70001220703125,15947,0.0,0.0
2024-08-20 15:14:00-04:00,424.7049865722656,424.7550048828125,424.67999267578125,424.7300109863281,11549,0.0,0.0
2024-08-20 15:15:00-04:00,424.7149963378906,424.7149963378906,424.5299987792969,424.5299987792969,24512,0.0,0.0
2024-08-20 15:16:00-04:00,424.5199890136719,424.6300048828125,424.489990234375,424.6000061035156,13688,0.0,0.0
2024-08-20 15:17:00-04:00,424.5899963378906,424.5899963378906,424.375,424.4750061035156,26450,0.0,0.0
2024-08-20 15:18:00-04:00,424.4750061035156,424.55999755859375,424.42999267578125,424.5299987792969,31641,0.0,0.0
2024-08-20 15:19:00-04:00,424.5350036621094,424.54998779296875,424.489990234375,424.5350036621094,16632,0.0,0.0
2024-08-20 15:20:00-04:00,424.5199890136719,424.57000732421875,424.4599914550781,424.4599914550781,19250,0.0,0.0
2024-08-20 15:21:00-04:00,424.46240234375,424.5589904785156,424.43499755859375,424.4599914550781,25152,0.0,0.0
2024-08-20 15:22:00-04:00,424.4700012207031,424.510009765625,424.3735046386719,424.375,19814,0.0,0.0
2024-08-20 15:23:00-04:00,424.375,424.489990234375,424.3599853515625,424.45001220703125,23807,0.0,0.0
2024-08-20 15:24:00-04:00,424.4700012207031,424.4700012207031,424.3900146484375,424.4599914550781,11799,0.0,0.0
2024-08-20 15:25:00-04:00,424.44000244140625,424.4599914550781,424.3900146484375,424.4200134277344,131977,0.0,0.0
2024-08-20 15:26:00-04:00,424.45819091796875,424.55499267578125,424.4200134277344,424.489990234375,26915,0.0,0.0
2024-08-20 15:27:00-04:00,424.489990234375,424.5199890136719,424.4649963378906,424.5,14266,0.0,0.0
2024-08-20 15:28:00-04:00,424.5,424.5,424.3599853515625,424.44000244140625,18740,0.0,0.0
2024-08-20 15:29:00-04:00,424.42999267578125,424.44000244140625,424.30999755859375,424.30999755859375,17177,0.0,0.0
2024-08-20 15:30:00-04:00,424.3096923828125,424.4800109863281,424.2900085449219,424.4700012207031,24082,0.0,0.0
2024-08-20 15:31:00-04:00,424.4800109863281,424.6099853515625,424.4200134277344,424.5849914550781,34348,0.0,0.0
2024-08-20 15:32:00-04:00,424.6099853515625,424.7449951171875,424.6000061035156,424.7149963378906,34743,0.0,0.0
2024-08-20 15:33:00-04:00,424.7200012207031,424.739990234375,424.6199951171875,424.7250061035156,26990,0.0,0.0
2024-08-20 15:34:00-04:00,424.7300109863281,424.82000732421875,424.685791015625,424.7508850097656,25676,0.0,0.0
2024-08-20 15:35:00-04:00,424.7200012207031,424.7200012207031,424.5199890136719,424.5400085449219,72266,0.0,0.0
2024-08-20 15:36:00-04:00,424.5400085449219,424.5885925292969,424.510009765625,424.510009765625,20191,0.0,0.0
2024-08-20 15:37:00-04:00,424.5299987792969,424.55999755859375,424.4100036621094,424.510009765625,35509,0.0,0.0
2024-08-20 15:38:00-04:00,424.5299987792969,424.5899963378906,424.5249938964844,424.5422058105469,18715,0.0,0.0
2024-08-20 15:39:00-04:00,424.5299987792969,424.5299987792969,424.3699951171875,424.4200134277344,25469,0.0,0.0
2024-08-20 15:40:00-04:00,424.4012145996094,424.5050048828125,424.2650146484375,424.4700012207031,28058,0.0,0.0
2024-08-20 15:41:00-04:00,424.4383850097656,424.57000732421875,424.3900146484375,424.5400085449219,23876,0.0,0.0
2024-08-20 15:42:00-04:00,424.5050048828125,424.6050109863281,424.4800109863281,424.6050109863281,24777,0.0,0.0
2024-08-20 15:43:00-04:00,424.6199951171875,424.6400146484375,424.5495910644531,424.54998779296875,21184,0.0,0.0
2024-08-20 15:44:00-04:00,424.55999755859375,424.6099853515625,424.5400085449219,424.55999755859375,14645,0.0,0.0
2024-08-20 15:45:00-04:00,424.54998779296875,424.6400146484375,424.54998779296875,424.6000061035156,22668,0.0,0.0
2024-08-20 15:46:00-04:00,424.6000061035156,424.7300109863281,424.5799865722656,424.7099914550781,33425,0.0,0.0
2024-08-20 15:47:00-04:00,424.7149963378906,424.75,424.61309814453125,424.70001220703125,28700,0.0,0.0
2024-08-20 15:48:00-04:00,424.7099914550781,424.75,424.6000061035156,424.6400146484375,28400,0.0,0.0
2024-08-20 15:49:00-04:00,424.6300048828125,424.80999755859375,424.6199951171875,424.760009765625,30418,0.0,0.0
2024-08-20 15:50:00-04:00,424.760009765625,425.4200134277344,424.760009765625,425.3800048828125,147780,0.0,0.0
2024-08-20 15:51:00-04:00,425.3999938964844,425.44000244140625,425.19000244140625,425.2287902832031,76033,0.0,0.0
2024-08-20 15:52:00-04:00,425.2099914550781,425.30999755859375,425.05010986328125,425.1000061035156,61438,0.0,0.0
2024-08-20 15:53:00-04:00,425.0799865722656,425.42999267578125,425.05999755859375,425.4200134277344,69572,0.0,0.0
2024-08-20 15:54:00-04:00,425.3900146484375,425.44000244140625,425.1400146484375,425.3999938964844,106735,0.0,0.0
2024-08-20 15:55:00-04:00,425.3999938964844,425.4100036621094,424.8999938964844,424.95001220703125,128054,0.0,0.0
2024-08-20 15:56:00-04:00,424.9700012207031,425.260009765625,424.9100036621094,425.2349853515625,83187,0.0,0.0
2024-08-20 15:57:00-04:00,425.239990234375,425.3500061035156,425.2099914550781,425.2200012207031,97101,0.0,0.0
2024-08-20 15:58:00-04:00,425.239990234375,425.3699951171875,425.2099914550781,425.29998779296875,106731,0.0,0.0
2024-08-20 15:59:00-04:00,425.2900085449219,425.30999755859375,424.6700134277344,424.8699951171875,260722,0.0,0.0
2024-08-21 09:30:00-04:00,424.1499938964844,424.1499938964844,423.29998779296875,423.598388671875,488573,0.0,0.0
2024-08-21 09:31:00-04:00,423.4750061035156,424.0299072265625,423.0801086425781,423.9100036621094,53035,0.0,0.0
2024-08-21 09:32:00-04:00,423.8599853515625,424.1499938964844,423.5199890136719,423.8500061035156,67129,0.0,0.0
2024-08-21 09:33:00-04:00,423.8599853515625,423.8900146484375,423.1499938964844,423.3399963378906,44683,0.0,0.0
2024-08-21 09:34:00-04:00,423.3599853515625,423.5400085449219,422.8699951171875,422.8900146484375,53148,0.0,0.0
2024-08-21 09:35:00-04:00,422.8500061035156,423.5299987792969,422.6499938964844,423.3900146484375,60235,0.0,0.0
2024-08-21 09:36:00-04:00,423.42999267578125,423.8999938964844,423.3399963378906,423.8279113769531,46588,0.0,0.0
2024-08-21 09:37:00-04:00,423.82000732421875,424.0350036621094,423.6300048828125,423.80999755859375,56534,0.0,0.0
2024-08-21 09:38:00-04:00,423.67999267578125,423.8500061035156,422.9800109863281,422.9800109863281,41093,0.0,0.0
2024-08-21 09:39:00-04:00,422.9211120605469,423.4549865722656,422.864990234375,423.0950012207031,60863,0.0,0.0
2024-08-21 09:40:00-04:00,423.0799865722656,423.760009765625,423.0199890136719,423.489990234375,35487,0.0,0.0
2024-08-21 09:41:00-04:00,423.3550109863281,423.6700134277344,423.3399963378906,423.6199951171875,28328,0.0,0.0
2024-08-21 09:42:00-04:00,423.6199951171875,423.652099609375,423.3399963378906,423.35009765625,16137,0.0,0.0
2024-08-21 09:43:00-04:00,423.4800109863281,423.4800109863281,422.82000732421875,422.8562927246094,27232,0.0,0.0
2024-08-21 09:44:00-04:00,422.81500244140625,423.2593994140625,422.6199951171875,423.2449951171875,33700,0.0,0.0
2024-08-21 09:45:00-04:00,423.239990234375,423.5799865722656,423.2025146484375,423.5400085449219,34556,0.0,0.0
2024-08-21 09:46:00-04:00,423.57000732421875,423.8599853515625,423.3999938964844,423.69500732421875,38171,0.0,0.0
2024-08-21 09:47:00-04:00,423.5,423.56500244140625,423.25,423.25,31762,0.0,0.0
2024-08-21 09:48:00-04:00,423.2699890136719,423.2799987792969,422.9200134277344,423.08990478515625,23847,0.0,0.0
2024-08-21 09:49:00-04:00,423.0899963378906,423.17999267578125,422.9750061035156,423.0950012207031,25899,0.0,0.0
2024-08-21 09:50:00-04:00,423.07501220703125,423.2850036621094,423.0199890136719,423.1499938964844,34485,0.0,0.0
2024-08-21 09:51:00-04:00,423.2300109863281,423.4378967285156,423.1400146484375,423.239990234375,18939,0.0,0.0
2024-08-21 09:52:00-04:00,423.2349853515625,423.3699951171875,422.9100036621094,422.9549865722656,42648,0.0,0.0
2024-08-21 09:53:00-04:00,423.0199890136719,423.0799865722656,422.8500061035156,423.0400085449219,27073,0.0,0.0
2024-08-21 09:54:00-04:00,423.0299987792969,423.42999267578125,422.9549865722656,423.3999938964844,33628,0.0,0.0
2024-08-21 09:55:00-04:00,423.4200134277344,423.5,423.3599853515625,423.44000244140625,19999,0.0,0.0
2024-08-21 09:56:00-04:00,423.4700012207031,423.489990234375,423.2200012207031,423.45001220703125,25353,0.0,0.0
2024-08-21 09:57:00-04:00,423.4200134277344,423.739990234375,423.3949890136719,423.5400085449219,42428,0.0,0.0
2024-08-21 09:58:00-04:00,423.54998779296875,423.57000732421875,423.3399963378906,423.56988525390625,15079,0.0,0.0
2024-08-21 09:59:00-04:00,423.55999755859375,423.6300048828125,423.489990234375,423.6099853515625,22733,0.0,0.0
2024-08-21 10:00:00-04:00,423.62298583984375,424.3999938964844,423.62298583984375,424.239990234375,60211,0.0,0.0
2024-08-21 10:01:00-04:00,424.2900085449219,424.2900085449219,423.5899963378906,423.6700134277344,21569,0.0,0.0
2024-08-21 10:02:00-04:00,423.7200012207031,424.0199890136719,423.70001220703125,423.7099914550781,24841,0.0,0.0
2024-08-21 10:03:00-04:00,423.7099914550781,423.9299011230469,423.6499938964844,423.80999755859375,20157,0.0,0.0
2024-08-21 10:04:00-04:00,423.7900085449219,423.9200134277344,423.70001220703125,423.8450012207031,21151,0.0,0.0
2024-08-21 10:05:00-04:00,423.82000732421875,423.84991455078125,423.6000061035156,423.81640625,28066,0.0,0.0
2024-08-21 10:06:00-04:00,423.82000732421875,423.989990234375,423.7900085449219,423.8900146484375,25678,0.0,0.0
2024-08-21 10:07:00-04:00,423.8550109863281,423.8999938964844,423.54998779296875,423.69000244140625,25178,0.0,0.0
2024-08-21 10:08:00-04:00,423.7228088378906,423.8999938964844,423.6155090332031,423.6155090332031,24260,0.0,0.0
2024-08-21 10:09:00-04:00,423.6099853515625,423.7900085449219,423.6099853515625,423.739990234375,10493,0.0,0.0
2024-08-21 10:10:00-04:00,423.69000244140625,423.8699951171875,423.610107421875,423.760009765625,30285,0.0,0.0
2024-08-21 10:11:00-04:00,423.7900085449219,424.1000061035156,423.7900085449219,424.0820007324219,20704,0.0,0.0
2024-08-21 10:12:00-04:00,424.0400085449219,424.1315002441406,423.8700866699219,424.1199951171875,21319,0.0,0.0
2024-08-21 10:13:00-04:00,424.1600036621094,424.2998962402344,423.94000244140625,423.9649963378906,20133,0.0,0.0
2024-08-21 10:14:00-04:00,423.94000244140625,424.1499938964844,423.5404052734375,423.81500244140625,36135,0.0,0.0
2024-08-21 10:15:00-04:00,423.7601013183594,423.7650146484375,423.42999267578125,423.5450134277344,20319,0.0,0.0
2024-08-21 10:16:00-04:00,423.6199951171875,423.9599914550781,423.4599914550781,423.9599914550781,25750,0.0,0.0
2024-08-21 10:17:00-04:00,423.95001220703125,423.95001220703125,423.6499938964844,423.82501220703125,18464,0.0,0.0
2024-08-21 10:18:00-04:00,423.8349914550781,424.1991882324219,423.8299865722656,424.19000244140625,29658,0.0,0.0
2024-08-21 10:19:00-04:00,424.2300109863281,424.5,424.17999267578125,424.5,40630,0.0,0.0
2024-08-21 10:20:00-04:00,424.4100036621094,424.7699890136719,424.3800048828125,424.7300109863281,35489,0.0,0.0
2024-08-21 10:21:00-04:00,424.79998779296875,424.8800048828125,424.6499938964844,424.7149963378906,23293,0.0,0.0
2024-08-21 10:22:00-04:00,424.7349853515625,425.04998779296875,424.63409423828125,424.8800048828125,55809,0.0,0.0
2024-08-21 10:23:00-04:00,424.885009765625,424.94000244140625,424.4800109863281,424.4800109863281,30027,0.0,0.0
2024-08-21 10:24:00-04:00,424.595703125,424.69989013671875,424.5,424.510009765625,20232,0.0,0.0
2024-08-21 10:25:00-04:00,424.54998779296875,424.7698974609375,424.32000732421875,424.6600036621094,24764,0.0,0.0
2024-08-21 10:26:00-04:00,424.68499755859375,424.68499755859375,424.4200134277344,424.42010498046875,16918,0.0,0.0
2024-08-21 10:27:00-04:00,424.489990234375,424.5799865722656,424.32000732421875,424.5799865722656,29007,0.0,0.0
2024-08-21 10:28:00-04:00,424.54998779296875,424.6195983886719,424.4100036621094,424.4790954589844,14736,0.0,0.0
2024-08-21 10:29:00-04:00,424.41009521484375,424.54998779296875,424.2099914550781,424.2149963378906,20080,0.0,0.0
2024-08-21 10:30:00-04:00,424.1401062011719,424.5,424.1300048828125,424.4649963378906,36684,0.0,0.0
2024-08-21 10:31:00-04:00,424.5799865722656,424.6050109863281,424.3789978027344,424.3789978027344,8961,0.0,0.0
2024-08-21 10:32:00-04:00,424.4200134277344,424.489990234375,423.9200134277344,424.1499938964844,37652,0.0,0.0
2024-08-21 10:33:00-04:00,424.17498779296875,424.38848876953125,424.06109619140625,424.3550109863281,33835,0.0,0.0
2024-08-21 10:34:00-04:00,424.44000244140625,424.4700012207031,424.25,424.42498779296875,12769,0.0,0.0
2024-08-21 10:35:00-04:00,424.42498779296875,424.6700134277344,424.3500061035156,424.4200134277344,17975,0.0,0.0
2024-08-21 10:36:00-04:00,424.42999267578125,425.6000061035156,424.42999267578125,425.44000244140625,102163,0.0,0.0
2024-08-21 10:37:00-04:00,425.4549865722656,425.6000061035156,425.19000244140625,425.3500061035156,41863,0.0,0.0
2024-08-21 10:38:00-04:00,425.25,425.3216857910156,424.9649963378906,425.17999267578125,29029,0.0,0.0
2024-08-21 10:39:00-04:00,425.0997009277344,425.17999267578125,424.9100036621094,425.1300048828125,20793,0.0,0.0
2024-08-21 10:40:00-04:00,425.1300048828125,425.30999755859375,425.07000732421875,425.2699890136719,24201,0.0,0.0
2024-08-21 10:41:00-04:00,425.3500061035156,425.5899963378906,425.25,425.5799865722656,31371,0.0,0.0
2024-08-21 10:42:00-04:00,425.6000061035156,425.9200134277344,425.6000061035156,425.8890075683594,36123,0.0,0.0
2024-08-21 10:43:00-04:00,425.875,426.0199890136719,425.7301025390625,425.8900146484375,61840,0.0,0.0
2024-08-21 10:44:00-04:00,425.9100036621094,426.07000732421875,425.82000732421875,425.9599914550781,46194,0.0,0.0
2024-08-21 10:45:00-04:00,426.010009765625,426.2200012207031,425.9599914550781,426.20001220703125,33529,0.0,0.0
2024-08-21 10:46:00-04:00,426.18011474609375,426.3999938964844,426.1499938964844,426.25,27799,0.0,0.0
2024-08-21 10:47:00-04:00,426.2289123535156,426.32501220703125,425.8349914550781,425.9100036621094,31735,0.0,0.0
2024-08-21 10:48:00-04:00,425.8999938964844,425.9200134277344,425.07000732421875,425.2049865722656,40452,0.0,0.0
2024-08-21 10:49:00-04:00,425.1700134277344,425.2049865722656,424.760009765625,424.89990234375,27732,0.0,0.0
2024-08-21 10:50:00-04:00,424.8500061035156,424.8550109863281,423.9549865722656,424.17498779296875,137248,0.0,0.0
2024-08-21 10:51:00-04:00,424.1000061035156,424.32000732421875,423.82000732421875,424.20001220703125,34838,0.0,0.0
2024-08-21 10:52:00-04:00,424.2200012207031,424.2200012207031,423.1000061035156,423.3500061035156,71495,0.0,0.0
2024-08-21 10:53:00-04:00,423.20001220703125,423.9599914550781,423.1700134277344,423.9549865722656,66814,0.0,0.0
2024-08-21 10:54:00-04:00,423.93499755859375,423.93499755859375,423.3349914550781,423.375,21139,0.0,0.0
2024-08-21 10:55:00-04:00,423.20001220703125,423.5450134277344,423.07000732421875,423.0899963378906,28151,0.0,0.0
2024-08-21 10:56:00-04:00,423.0899963378906,423.54998779296875,423.0899963378906,423.54998779296875,18315,0.0,0.0
2024-08-21 10:57:00-04:00,423.489990234375,423.67999267578125,423.2900085449219,423.54998779296875,22279,0.0,0.0
2024-08-21 10:58:00-04:00,423.5400085449219,423.8660888671875,423.510009765625,423.7200012207031,19850,0.0,0.0
2024-08-21 10:59:00-04:00,423.7200012207031,423.82000732421875,423.69000244140625,423.69000244140625,13614,0.0,0.0
2024-08-21 11:00:00-04:00,423.6400146484375,423.6400146484375,423.44000244140625,423.55499267578125,19191,0.0,0.0
2024-08-21 11:01:00-04:00,423.5,423.5,422.9602966308594,423.2349853515625,32449,0.0,0.0
2024-08-21 11:02:00-04:00,423.3500061035156,423.55999755859375,423.1199951171875,423.29071044921875,16595,0.0,0.0
2024-08-21 11:03:00-04:00,423.30999755859375,423.8299865722656,423.29998779296875,423.8299865722656,21131,0.0,0.0
2024-08-21 11:04:00-04:00,423.7900085449219,423.8999938964844,423.7250061035156,423.7799987792969,13366,0.0,0.0
2024-08-21 11:05:00-04:00,423.7900085449219,424.010009765625,423.7900085449219,423.839599609375,23860,0.0,0.0
2024-08-21 11:06:00-04:00,423.8900146484375,423.989990234375,423.82000732421875,423.8349914550781,16030,0.0,0.0
2024-08-21 11:07:00-04:00,423.8900146484375,424.07501220703125,423.8900146484375,423.9599914550781,11930,0.0,0.0
2024-08-21 11:08:00-04:00,423.94000244140625,423.9549865722656,423.82000732421875,423.9200134277344,10536,0.0,0.0
2024-08-21 11:09:00-04:00,423.92498779296875,424.17999267578125,423.8999938964844,424.0899963378906,23639,0.0,0.0
2024-08-21 11:10:00-04:00,424.0799865722656,424.3598937988281,424.04998779296875,424.2149963378906,12992,0.0,0.0
2024-08-21 11:11:00-04:00,424.20001220703125,424.6299133300781,424.20001220703125,424.6000061035156,20421,0.0,0.0
2024-08-21 11:12:00-04:00,424.6499938964844,424.6700134277344,424.510009765625,424.6000061035156,18102,0.0,0.0
2024-08-21 11:13:00-04:00,424.54998779296875,424.7099914550781,424.32501220703125,424.3900146484375,20212,0.0,0.0
2024-08-21 11:14:00-04:00,424.38751220703125,424.44000244140625,424.2110900878906,424.4049987792969,24987,0.0,0.0
2024-08-21 11:15:00-04:00,424.3349914550781,424.385009765625,424.260009765625,424.2950134277344,32188,0.0,0.0
2024-08-21 11:16:00-04:00,424.2878112792969,424.3550109863281,423.9700012207031,423.9700012207031,42087,0.0,0.0
2024-08-21 11:17:00-04:00,423.94000244140625,424.1400146484375,423.94000244140625,423.95001220703125,31043,0.0,0.0
2024-08-21 11:18:00-04:00,423.95269775390625,423.9800109863281,423.9200134277344,423.92999267578125,12287,0.0,0.0
2024-08-21 11:19:00-04:00,423.989990234375,424.0,423.79998779296875,423.8949890136719,25431,0.0,0.0
2024-08-21 11:20:00-04:00,423.95001220703125,424.0299987792969,423.8800048828125,423.92999267578125,23733,0.0,0.0
2024-08-21 11:21:00-04:00,423.92999267578125,423.989990234375,423.81500244140625,423.8269958496094,19687,0.0,0.0
2024-08-21 11:22:00-04:00,423.8500061035156,423.864990234375,423.74609375,423.74609375,15335,0.0,0.0
2024-08-21 11:23:00-04:00,423.7608947753906,423.8800048828125,423.6199951171875,423.6199951171875,26086,0.0,0.0
2024-08-21 11:24:00-04:00,423.6400146484375,423.7300109863281,423.5899963378906,423.7286071777344,9931,0.0,0.0
2024-08-21 11:25:00-04:00,423.69000244140625,423.760009765625,423.5350036621094,423.760009765625,9658,0.0,0.0
2024-08-21 11:26:00-04:00,423.7349853515625,423.94000244140625,423.7349853515625,423.8299865722656,15247,0.0,0.0
2024-08-21 11:27:00-04:00,423.79998779296875,423.8999938964844,423.69000244140625,423.8800048828125,18139,0.0,0.0
2024-08-21 11:28:00-04:00,423.9200134277344,423.9800109863281,423.7950134277344,423.7950134277344,18555,0.0,0.0
2024-08-21 11:29:00-04:00,423.79998779296875,423.8800048828125,423.7250061035156,423.81500244140625,13600,0.0,0.0
2024-08-21 11:30:00-04:00,423.80499267578125,423.80499267578125,423.4200134277344,423.5450134277344,13736,0.0,0.0
2024-08-21 11:31:00-04:00,423.6050109863281,423.69000244140625,423.510009765625,423.6199951171875,22615,0.0,0.0
2024-08-21 11:32:00-04:00,423.5400085449219,423.5841979980469,423.42999267578125,423.55999755859375,26911,0.0,0.0
2024-08-21 11:33:00-04:00,423.5199890136719,423.6400146484375,423.43499755859375,423.6400146484375,18450,0.0,0.0
2024-08-21 11:34:00-04:00,423.5899963378906,423.5899963378906,423.3500061035156,423.3500061035156,8304,0.0,0.0
2024-08-21 11:35:00-04:00,423.3800048828125,423.6300048828125,423.3800048828125,423.6000061035156,17900,0.0,0.0
2024-08-21 11:36:00-04:00,423.4949951171875,423.70001220703125,423.4549865722656,423.6390075683594,19829,0.0,0.0
2024-08-21 11:37:00-04:00,423.6300048828125,423.6499938964844,423.510009765625,423.55999755859375,7776,0.0,0.0
2024-08-21 11:38:00-04:00,423.6000061035156,423.67498779296875,423.3913879394531,423.4100036621094,10132,0.0,0.0
2024-08-21 11:39:00-04:00,423.42498779296875,423.489990234375,423.3900146484375,423.3999938964844,8791,0.0,0.0
2024-08-21 11:40:00-04:00,423.3900146484375,423.4100036621094,423.25,423.39471435546875,27843,0.0,0.0
2024-08-21 11:41:00-04:00,423.3999938964844,423.3999938964844,423.19000244140625,423.32000732421875,27800,0.0,0.0
2024-08-21 11:42:00-04:00,423.3299865722656,423.3299865722656,423.2300109863281,423.2300109863281,72083,0.0,0.0
2024-08-21 11:43:00-04:00,423.239990234375,423.29998779296875,422.9800109863281,423.0299987792969,26047,0.0,0.0
2024-08-21 11:44:00-04:00,423.0199890136719,423.29998779296875,422.9200134277344,423.2799987792969,35728,0.0,0.0
2024-08-21 11:45:00-04:00,423.2699890136719,423.4700012207031,423.2699890136719,423.4200134277344,14222,0.0,0.0
2024-08-21 11:46:00-04:00,423.44000244140625,423.5,423.1499938964844,423.18499755859375,22637,0.0,0.0
2024-08-21 11:47:00-04:00,423.19500732421875,423.2799987792969,423.15008544921875,423.25,30519,0.0,0.0
2024-08-21 11:48:00-04:00,423.15008544921875,423.2300109863281,423.1000061035156,423.1000061035156,15451,0.0,0.0
2024-08-21 11:49:00-04:00,423.0299987792969,423.0768127441406,422.885009765625,423.0400085449219,26166,0.0,0.0
2024-08-21 11:50:00-04:00,423.0150146484375,423.0150146484375,422.8999938964844,422.9750061035156,29073,0.0,0.0
2024-08-21 11:51:00-04:00,422.97821044921875,422.97821044921875,422.57000732421875,422.5950012207031,35708,0.0,0.0
2024-08-21 11:52:00-04:00,422.5899963378906,422.5899963378906,422.2900085449219,422.37750244140625,52639,0.0,0.0
2024-08-21 11:53:00-04:00,422.385009765625,422.7799987792969,422.3800048828125,422.67498779296875,15173,0.0,0.0
2024-08-21 11:54:00-04:00,422.6449890136719,422.7699890136719,422.6400146484375,422.69000244140625,12821,0.0,0.0
2024-08-21 11:55:00-04:00,422.6700134277344,422.6700134277344,422.46881103515625,422.5,14705,0.0,0.0
2024-08-21 11:56:00-04:00,422.501708984375,422.5299987792969,422.239990234375,422.29998779296875,14209,0.0,0.0
2024-08-21 11:57:00-04:00,422.2650146484375,422.30499267578125,422.0,422.1050109863281,41663,0.0,0.0
2024-08-21 11:58:00-04:00,422.1050109863281,422.1199951171875,421.9599914550781,422.0,25079,0.0,0.0
2024-08-21 11:59:00-04:00,422.010009765625,422.44000244140625,422.010009765625,422.3299865722656,24232,0.0,0.0
2024-08-21 12:00:00-04:00,422.29998779296875,422.32000732421875,422.1199951171875,422.239990234375,11980,0.0,0.0
2024-08-21 12:01:00-04:00,422.239990234375,422.29998779296875,422.1612854003906,422.25,12135,0.0,0.0
2024-08-21 12:02:00-04:00,422.260009765625,422.276611328125,421.7799987792969,421.7799987792969,19661,0.0,0.0
2024-08-21 12:03:00-04:00,421.7799987792969,422.1499938964844,421.7799987792969,421.885009765625,28143,0.0,0.0
2024-08-21 12:04:00-04:00,421.875,421.9800109863281,421.7200012207031,421.8999938964844,24243,0.0,0.0
2024-08-21 12:05:00-04:00,421.8999938964844,422.1842041015625,421.8999938964844,421.9755859375,19389,0.0,0.0
2024-08-21 12:06:00-04:00,422.010009765625,422.3800048828125,421.95001220703125,422.3699951171875,16301,0.0,0.0
2024-08-21 12:07:00-04:00,422.3399963378906,422.3800048828125,422.20001220703125,422.3399963378906,23547,0.0,0.0
2024-08-21 12:08:00-04:00,422.4599914550781,422.4949951171875,422.3450012207031,422.45989990234375,24524,0.0,0.0
2024-08-21 12:09:00-04:00,422.4599914550781,422.489990234375,422.3299865722656,422.340087890625,16525,0.0,0.0
2024-08-21 12:10:00-04:00,422.3599853515625,422.54998779296875,422.3599853515625,422.5199890136719,25534,0.0,0.0
2024-08-21 12:11:00-04:00,422.6099853515625,422.69000244140625,422.5799865722656,422.6321105957031,15061,0.0,0.0
2024-08-21 12:12:00-04:00,422.69000244140625,422.7300109863281,422.5299987792969,422.6700134277344,15691,0.0,0.0
2024-08-21 12:13:00-04:00,422.6650085449219,422.70001220703125,422.5199890136719,422.54998779296875,8771,0.0,0.0
2024-08-21 12:14:00-04:00,422.5400085449219,422.68499755859375,422.5400085449219,422.68499755859375,14731,0.0,0.0
2024-08-21 12:15:00-04:00,422.6600036621094,422.7699890136719,422.55999755859375,422.55999755859375,8348,0.0,0.0
2024-08-21 12:16:00-04:00,422.57000732421875,422.69000244140625,422.57000732421875,422.6650085449219,8369,0.0,0.0
2024-08-21 12:17:00-04:00,422.6499938964844,422.6499938964844,422.4599914550781,422.5400085449219,440927,0.0,0.0
2024-08-21 12:18:00-04:00,422.54998779296875,422.739990234375,422.54998779296875,422.7099914550781,16715,0.0,0.0
2024-08-21 12:19:00-04:00,422.70001220703125,422.7799987792969,422.67999267578125,422.7799987792969,24779,0.0,0.0
2024-08-21 12:20:00-04:00,422.79998779296875,422.8900146484375,422.760009765625,422.8699951171875,17792,0.0,0.0
2024-08-21 12:21:00-04:00,422.875,422.989990234375,422.79998779296875,422.9599914550781,13655,0.0,0.0
2024-08-21 12:22:00-04:00,422.9800109863281,422.9800109863281,422.8299865722656,422.95001220703125,15471,0.0,0.0
2024-08-21 12:23:00-04:00,422.9200134277344,422.9599914550781,422.8800048828125,422.8800048828125,9082,0.0,0.0
2024-08-21 12:24:00-04:00,422.9295959472656,422.94000244140625,422.8599853515625,422.94000244140625,8461,0.0,0.0
2024-08-21 12:25:00-04:00,422.9599914550781,422.989990234375,422.9200134277344,422.94000244140625,18042,0.0,0.0
2024-08-21 12:26:00-04:00,422.8949890136719,422.989990234375,422.860595703125,422.9700012207031,6650,0.0,0.0
2024-08-21 12:27:00-04:00,422.9700012207031,423.0,422.8999938964844,422.9200134277344,10257,0.0,0.0
2024-08-21 12:28:00-04:00,422.8999938964844,423.010009765625,422.8800048828125,422.8800048828125,10320,0.0,0.0
2024-08-21 12:29:00-04:00,422.8999938964844,423.07000732421875,422.8999938964844,423.05999755859375,14703,0.0,0.0
2024-08-21 12:30:00-04:00,423.04998779296875,423.2850036621094,423.0400085449219,423.2799987792969,18783,0.0,0.0
2024-08-21 12:31:00-04:00,423.260009765625,423.2799987792969,423.1300048828125,423.1799011230469,11780,0.0,0.0
2024-08-21 12:32:00-04:00,423.1449890136719,423.36468505859375,423.1199951171875,423.3500061035156,14358,0.0,0.0
2024-08-21 12:33:00-04:00,423.3599853515625,423.54998779296875,423.28338623046875,423.54998779296875,23319,0.0,0.0
2024-08-21 12:34:00-04:00,423.55999755859375,423.59991455078125,423.4150085449219,423.4200134277344,8463,0.0,0.0
2024-08-21 12:35:00-04:00,423.4200134277344,423.5450134277344,423.3999938964844,423.43011474609375,11738,0.0,0.0
2024-08-21 12:36:00-04:00,423.5,423.5050048828125,423.32000732421875,423.32000732421875,7825,0.0,0.0
2024-08-21 12:37:00-04:00,423.3194885253906,423.3900146484375,423.29998779296875,423.29998779296875,11198,0.0,0.0
2024-08-21 12:38:00-04:00,423.2950134277344,423.4100036621094,423.2200927734375,423.3450012207031,11507,0.0,0.0
2024-08-21 12:39:00-04:00,423.3450012207031,423.4100036621094,423.3370056152344,423.3900146484375,7256,0.0,0.0
2024-08-21 12:40:00-04:00,423.3550109863281,423.3550109863281,423.20111083984375,423.239990234375,6116,0.0,0.0
2024-08-21 12:41:00-04:00,423.2300109863281,423.3037109375,423.2300109863281,423.2799987792969,7139,0.0,0.0
2024-08-21 12:42:00-04:00,423.2900085449219,423.5050048828125,423.2900085449219,423.4923095703125,11789,0.0,0.0
2024-08-21 12:43:00-04:00,423.4700012207031,423.5364074707031,423.4200134277344,423.44000244140625,6312,0.0,0.0
2024-08-21 12:44:00-04:00,423.45001220703125,423.4599914550781,423.4100036621094,423.42999267578125,3820,0.0,0.0
2024-08-21 12:45:00-04:00,423.4150085449219,423.510009765625,423.3800964355469,423.4800109863281,9735,0.0,0.0
2024-08-21 12:46:00-04:00,423.489990234375,423.6499938964844,423.489990234375,423.6000061035156,11377,0.0,0.0
2024-08-21 12:47:00-04:00,423.6000061035156,423.6199951171875,423.50140380859375,423.56500244140625,9292,0.0,0.0
2024-08-21 12:48:00-04:00,423.5820007324219,423.6700134277344,423.55999755859375,423.6700134277344,9576,0.0,0.0
2024-08-21 12:49:00-04:00,423.6499938964844,423.6499938964844,423.5400085449219,423.6099853515625,10295,0.0,0.0
2024-08-21 12:50:00-04:00,423.6199951171875,423.6700134277344,423.6000061035156,423.6099853515625,17428,0.0,0.0
2024-08-21 12:51:00-04:00,423.5899963378906,423.5899963378906,423.4700012207031,423.56500244140625,10481,0.0,0.0
2024-08-21 12:52:00-04:00,423.55999755859375,423.6090087890625,423.3909912109375,423.4200134277344,10596,0.0,0.0
2024-08-21 12:53:00-04:00,423.4100036621094,423.4100036621094,423.1400146484375,423.20001220703125,15144,0.0,0.0
2024-08-21 12:54:00-04:00,423.2102966308594,423.3399963378906,423.19000244140625,423.32989501953125,13933,0.0,0.0
2024-08-21 12:55:00-04:00,423.260009765625,423.2699890136719,423.05999755859375,423.1099853515625,19383,0.0,0.0
2024-08-21 12:56:00-04:00,423.0729064941406,423.1600036621094,423.0,423.1199951171875,8294,0.0,0.0
2024-08-21 12:57:00-04:00,423.1199951171875,423.2300109863281,423.0899963378906,423.2200012207031,12444,0.0,0.0
2024-08-21 12:58:00-04:00,423.2300109863281,423.4700012207031,423.16009521484375,423.45001220703125,23756,0.0,0.0
2024-08-21 12:59:00-04:00,423.45001220703125,423.6199951171875,423.42999267578125,423.4700012207031,14976,0.0,0.0
2024-08-21 13:00:00-04:00,423.489990234375,423.5400085449219,423.31500244140625,423.3599853515625,13409,0.0,0.0
2024-08-21 13:01:00-04:00,423.3299865722656,423.54998779296875,423.2900085449219,423.5400085449219,10271,0.0,0.0
2024-08-21 13:02:00-04:00,423.54998779296875,423.6400146484375,423.54998779296875,423.6400146484375,7537,0.0,0.0
2024-08-21 13:03:00-04:00,423.6000061035156,423.7370910644531,423.6000061035156,423.7370910644531,7456,0.0,0.0
2024-08-21 13:04:00-04:00,423.7099914550781,423.82000732421875,423.6400146484375,423.79998779296875,7184,0.0,0.0
2024-08-21 13:05:00-04:00,423.7850036621094,423.7850036621094,423.6600036621094,423.7099914550781,7115,0.0,0.0
2024-08-21 13:06:00-04:00,423.7200012207031,423.79998779296875,423.7200012207031,423.75,5846,0.0,0.0
2024-08-21 13:07:00-04:00,423.7449951171875,423.760009765625,423.6940002441406,423.739990234375,8156,0.0,0.0
2024-08-21 13:08:00-04:00,423.739990234375,423.7900085449219,423.6600036621094,423.7200012207031,11896,0.0,0.0
2024-08-21 13:09:00-04:00,423.6650085449219,423.6650085449219,423.56500244140625,423.6099853515625,5180,0.0,0.0
2024-08-21 13:10:00-04:00,423.5899963378906,423.739990234375,423.5400085449219,423.739990234375,5259,0.0,0.0
2024-08-21 13:11:00-04:00,423.79998779296875,423.8399963378906,423.69000244140625,423.69500732421875,6966,0.0,0.0
2024-08-21 13:12:00-04:00,423.67498779296875,423.7398986816406,423.6549987792969,423.69000244140625,6599,0.0,0.0
2024-08-21 13:13:00-04:00,423.69500732421875,423.7749938964844,423.67498779296875,423.7349853515625,6893,0.0,0.0
2024-08-21 13:14:00-04:00,423.760009765625,423.79998779296875,423.7099914550781,423.760009765625,9541,0.0,0.0
2024-08-21 13:15:00-04:00,423.7699890136719,423.82000732421875,423.7200012207031,423.739990234375,8015,0.0,0.0
2024-08-21 13:16:00-04:00,423.7200012207031,423.82501220703125,423.7200012207031,423.82000732421875,7593,0.0,0.0
2024-08-21 13:17:00-04:00,423.8399963378906,423.8500061035156,423.7799987792969,423.83599853515625,5905,0.0,0.0
2024-08-21 13:18:00-04:00,423.8550109863281,423.8900146484375,423.70001220703125,423.7900085449219,24467,0.0,0.0
2024-08-21 13:19:00-04:00,423.80108642578125,423.8999938964844,423.7349853515625,423.8999938964844,8814,0.0,0.0
2024-08-21 13:20:00-04:00,423.8800048828125,423.95001220703125,423.840087890625,423.8999938964844,7774,0.0,0.0
2024-08-21 13:21:00-04:00,423.8599853515625,423.94000244140625,423.8599853515625,423.9150085449219,9054,0.0,0.0
2024-08-21 13:22:00-04:00,423.92999267578125,424.010009765625,423.8900146484375,423.8900146484375,93732,0.0,0.0
2024-08-21 13:23:00-04:00,423.8900146484375,423.8900146484375,423.7051086425781,423.760009765625,15905,0.0,0.0
2024-08-21 13:24:00-04:00,423.7449951171875,423.7560119628906,423.7099914550781,423.7300109863281,10682,0.0,0.0
2024-08-21 13:25:00-04:00,423.7349853515625,423.9049987792969,423.7069091796875,423.9049987792969,9405,0.0,0.0
2024-08-21 13:26:00-04:00,423.92999267578125,423.9700012207031,423.86480712890625,423.8800048828125,7924,0.0,0.0
2024-08-21 13:27:00-04:00,423.92999267578125,424.0350036621094,423.8999938964844,424.0350036621094,12680,0.0,0.0
2024-08-21 13:28:00-04:00,424.0199890136719,424.07000732421875,423.989990234375,424.0299987792969,10456,0.0,0.0
2024-08-21 13:29:00-04:00,424.0299987792969,424.0299987792969,423.8999938964844,423.9750061035156,13723,0.0,0.0
2024-08-21 13:30:00-04:00,423.989990234375,424.1199951171875,423.9750061035156,424.05499267578125,13677,0.0,0.0
2024-08-21 13:31:00-04:00,424.0299987792969,424.05999755859375,423.989990234375,424.05999755859375,5561,0.0,0.0
2024-08-21 13:32:00-04:00,424.0899963378906,424.0899963378906,423.69000244140625,423.7349853515625,12303,0.0,0.0
2024-08-21 13:33:00-04:00,423.760009765625,423.82000732421875,423.7300109863281,423.7300109863281,8498,0.0,0.0
2024-08-21 13:34:00-04:00,423.7300109863281,423.8999938964844,423.7300109863281,423.8699951171875,9846,0.0,0.0
2024-08-21 13:35:00-04:00,423.8599853515625,423.8599853515625,423.7699890136719,423.80999755859375,7943,0.0,0.0
2024-08-21 13:36:00-04:00,423.7799987792969,423.7900085449219,423.3800048828125,423.4200134277344,20929,0.0,0.0
2024-08-21 13:37:00-04:00,423.4006042480469,423.5050048828125,423.3949890136719,423.5050048828125,9556,0.0,0.0
2024-08-21 13:38:00-04:00,423.4949951171875,423.6549987792969,423.4949951171875,423.6549987792969,7611,0.0,0.0
2024-08-21 13:39:00-04:00,423.6549987792969,423.7029113769531,423.5899963378906,423.64691162109375,8726,0.0,0.0
2024-08-21 13:40:00-04:00,423.6838073730469,423.7308044433594,423.635986328125,423.635986328125,8477,0.0,0.0
2024-08-21 13:41:00-04:00,423.6700134277344,423.75,423.6449890136719,423.6449890136719,6230,0.0,0.0
2024-08-21 13:42:00-04:00,423.6449890136719,423.69000244140625,423.4779968261719,423.4779968261719,8962,0.0,0.0
2024-08-21 13:43:00-04:00,423.5000915527344,423.58929443359375,423.45001220703125,423.45001220703125,9511,0.0,0.0
2024-08-21 13:44:00-04:00,423.4649963378906,423.6499938964844,423.4649963378906,423.5799865722656,7760,0.0,0.0
2024-08-21 13:45:00-04:00,423.5249938964844,423.6199951171875,423.5199890136719,423.6099853515625,7978,0.0,0.0
2024-08-21 13:46:00-04:00,423.6000061035156,423.6400146484375,423.5965881347656,423.6400146484375,7714,0.0,0.0
2024-08-21 13:47:00-04:00,423.6499938964844,423.7900085449219,423.6050109863281,423.6050109863281,11326,0.0,0.0
2024-08-21 13:48:00-04:00,423.6050109863281,423.8399963378906,423.6050109863281,423.67498779296875,12127,0.0,0.0
2024-08-21 13:49:00-04:00,423.6650085449219,423.82000732421875,423.6600036621094,423.7850036621094,7600,0.0,0.0
2024-08-21 13:50:00-04:00,423.7699890136719,423.9800109863281,423.7699890136719,423.864990234375,20566,0.0,0.0
2024-08-21 13:51:00-04:00,423.8599853515625,423.92999267578125,423.82000732421875,423.82000732421875,8513,0.0,0.0
2024-08-21 13:52:00-04:00,423.8599853515625,423.8799133300781,423.7900085449219,423.81500244140625,4840,0.0,0.0
2024-08-21 13:53:00-04:00,423.80499267578125,423.8699951171875,423.7900085449219,423.8526916503906,8860,0.0,0.0
2024-08-21 13:54:00-04:00,423.8550109863281,423.92999267578125,423.7799987792969,423.9100036621094,11749,0.0,0.0
2024-08-21 13:55:00-04:00,423.9800109863281,423.989990234375,423.8500061035156,423.8500061035156,7314,0.0,0.0
2024-08-21 13:56:00-04:00,423.8450012207031,423.9599914550781,423.760009765625,423.93499755859375,9565,0.0,0.0
2024-08-21 13:57:00-04:00,423.93499755859375,424.0199890136719,423.93499755859375,424.0,11162,0.0,0.0
2024-08-21 13:58:00-04:00,423.989990234375,424.0,423.8599853515625,423.95001220703125,8983,0.0,0.0
2024-08-21 13:59:00-04:00,423.9800109863281,424.0450134277344,423.8800048828125,423.9100036621094,14370,0.0,0.0
2024-08-21 14:00:00-04:00,423.9700012207031,424.510009765625,423.79998779296875,424.4800109863281,58046,0.0,0.0
2024-08-21 14:01:00-04:00,424.4549865722656,424.5450134277344,424.27398681640625,424.2900085449219,12669,0.0,0.0
2024-08-21 14:02:00-04:00,424.29998779296875,424.29998779296875,423.739990234375,423.85321044921875,16855,0.0,0.0
2024-08-21 14:03:00-04:00,423.885009765625,424.04998779296875,423.79998779296875,424.0299987792969,12566,0.0,0.0
2024-08-21 14:04:00-04:00,424.0249938964844,424.0400085449219,423.8800048828125,423.8800048828125,7117,0.0,0.0
2024-08-21 14:05:00-04:00,423.8699951171875,423.8699951171875,423.3999938964844,423.6000061035156,25573,0.0,0.0
2024-08-21 14:06:00-04:00,423.5899963378906,423.7687072753906,423.54278564453125,423.7687072753906,13130,0.0,0.0
2024-08-21 14:07:00-04:00,423.7749938964844,424.20001220703125,423.7749938964844,424.20001220703125,13820,0.0,0.0
2024-08-21 14:08:00-04:00,424.2099914550781,424.2099914550781,424.04998779296875,424.0899963378906,20509,0.0,0.0
2024-08-21 14:09:00-04:00,424.1499938964844,424.1499938964844,423.8799133300781,423.9800109863281,10296,0.0,0.0
2024-08-21 14:10:00-04:00,424.04998779296875,424.2699890136719,423.9800109863281,423.9949951171875,12646,0.0,0.0
2024-08-21 14:11:00-04:00,424.0400085449219,424.0537109375,423.8399963378906,423.92999267578125,7598,0.0,0.0
2024-08-21 14:12:00-04:00,423.9599914550781,423.9599914550781,423.76190185546875,423.84930419921875,5705,0.0,0.0
2024-08-21 14:13:00-04:00,423.80999755859375,423.80999755859375,423.70001220703125,423.70001220703125,8441,0.0,0.0
2024-08-21 14:14:00-04:00,423.7200012207031,423.843994140625,423.7200012207031,423.82501220703125,10241,0.0,0.0
2024-08-21 14:15:00-04:00,423.7099914550781,423.9100036621094,423.68499755859375,423.7850036621094,10403,0.0,0.0
2024-08-21 14:16:00-04:00,423.7550048828125,423.8999938964844,423.7099914550781,423.8999938964844,11188,0.0,0.0
2024-08-21 14:17:00-04:00,423.7699890136719,423.802001953125,423.70001220703125,423.70001220703125,6694,0.0,0.0
2024-08-21 14:18:00-04:00,423.739990234375,423.739990234375,423.55999755859375,423.6700134277344,13144,0.0,0.0
2024-08-21 14:19:00-04:00,423.681884765625,423.7699890136719,423.6679992675781,423.6910095214844,6465,0.0,0.0
2024-08-21 14:20:00-04:00,423.69000244140625,423.7449951171875,423.6600036621094,423.6600036621094,23253,0.0,0.0
2024-08-21 14:21:00-04:00,423.67999267578125,423.7099914550781,423.6000061035156,423.6549987792969,10466,0.0,0.0
2024-08-21 14:22:00-04:00,423.6000061035156,423.614990234375,423.510009765625,423.510009765625,10705,0.0,0.0
2024-08-21 14:23:00-04:00,423.55999755859375,423.64990234375,423.4599914550781,423.5799865722656,13110,0.0,0.0
2024-08-21 14:24:00-04:00,423.57000732421875,423.63330078125,423.510009765625,423.510009765625,8175,0.0,0.0
2024-08-21 14:25:00-04:00,423.57000732421875,423.8800048828125,423.57000732421875,423.82000732421875,22705,0.0,0.0
2024-08-21 14:26:00-04:00,423.79998779296875,423.8599853515625,423.7300109863281,423.8599853515625,6710,0.0,0.0
2024-08-21 14:27:00-04:00,423.8500061035156,423.92999267578125,423.80999755859375,423.9100036621094,12792,0.0,0.0
2024-08-21 14:28:00-04:00,423.9302978515625,424.07000732421875,423.92010498046875,424.04998779296875,13968,0.0,0.0
2024-08-21 14:29:00-04:00,424.04998779296875,424.17999267578125,423.9700012207031,424.17999267578125,12921,0.0,0.0
2024-08-21 14:30:00-04:00,424.2699890136719,424.489990234375,424.17999267578125,424.4700927734375,19149,0.0,0.0
2024-08-21 14:31:00-04:00,424.4700012207031,424.5,424.356201171875,424.3800048828125,22672,0.0,0.0
2024-08-21 14:32:00-04:00,424.364990234375,424.5599060058594,424.364990234375,424.51519775390625,10534,0.0,0.0
2024-08-21 14:33:00-04:00,424.510009765625,424.5498962402344,424.41009521484375,424.43499755859375,13403,0.0,0.0
2024-08-21 14:34:00-04:00,424.43499755859375,424.4599914550781,424.32000732421875,424.32000732421875,10104,0.0,0.0
2024-08-21 14:35:00-04:00,424.30999755859375,424.30999755859375,423.7300109863281,423.80499267578125,15395,0.0,0.0
2024-08-21 14:36:00-04:00,423.7799987792969,424.1700134277344,423.7799987792969,424.1000061035156,21693,0.0,0.0
2024-08-21 14:37:00-04:00,424.1000061035156,424.1390075683594,423.92999267578125,424.0,15034,0.0,0.0
2024-08-21 14:38:00-04:00,423.8999938964844,423.9200134277344,423.4800109863281,423.5150146484375,18671,0.0,0.0
2024-08-21 14:39:00-04:00,423.4601135253906,423.7200012207031,423.4601135253906,423.6199951171875,17136,0.0,0.0
2024-08-21 14:40:00-04:00,423.60528564453125,423.6300048828125,423.4700012207031,423.6095886230469,13999,0.0,0.0
2024-08-21 14:41:00-04:00,423.6000061035156,423.6600036621094,423.4800109863281,423.55999755859375,20844,0.0,0.0
2024-08-21 14:42:00-04:00,423.6050109863281,423.7300109863281,423.55999755859375,423.69000244140625,7230,0.0,0.0
2024-08-21 14:43:00-04:00,423.7250061035156,423.8299865722656,423.7250061035156,423.8299865722656,9533,0.0,0.0
2024-08-21 14:44:00-04:00,423.875,423.875,423.7900085449219,423.875,6160,0.0,0.0
2024-08-21 14:45:00-04:00,423.8800048828125,423.8800048828125,423.67999267578125,423.82501220703125,14485,0.0,0.0
2024-08-21 14:46:00-04:00,423.83929443359375,423.94000244140625,423.80999755859375,423.8800048828125,10349,0.0,0.0
2024-08-21 14:47:00-04:00,423.82501220703125,424.0,423.7909851074219,424.0,18753,0.0,0.0
2024-08-21 14:48:00-04:00,423.989990234375,424.1400146484375,423.989990234375,424.1300048828125,17820,0.0,0.0
2024-08-21 14:49:00-04:00,424.0799865722656,424.1600036621094,423.9974060058594,424.07000732421875,9389,0.0,0.0
2024-08-21 14:50:00-04:00,424.0299987792969,424.17999267578125,423.94000244140625,424.1300048828125,9579,0.0,0.0
2024-08-21 14:51:00-04:00,424.1400146484375,424.3299865722656,424.1199951171875,424.2027893066406,18049,0.0,0.0
2024-08-21 14:52:00-04:00,424.1300048828125,424.32000732421875,424.1300048828125,424.2799987792969,12831,0.0,0.0
2024-08-21 14:53:00-04:00,424.2449951171875,424.2900085449219,424.1600036621094,424.1600036621094,6446,0.0,0.0
2024-08-21 14:54:00-04:00,424.110107421875,424.17999267578125,424.0700988769531,424.1050109863281,10506,0.0,0.0
2024-08-21 14:55:00-04:00,424.1000061035156,424.1700134277344,424.0799865722656,424.1199951171875,113028,0.0,0.0
2024-08-21 14:56:00-04:00,424.1499938964844,424.1499938964844,423.94000244140625,424.07000732421875,15238,0.0,0.0
2024-08-21 14:57:00-04:00,424.0799865722656,424.1099853515625,424.010009765625,424.0899963378906,6455,0.0,0.0
2024-08-21 14:58:00-04:00,424.04998779296875,424.1700134277344,424.04998779296875,424.1099853515625,13016,0.0,0.0
2024-08-21 14:59:00-04:00,424.0950012207031,424.1650085449219,424.0799865722656,424.0899963378906,8669,0.0,0.0
2024-08-21 15:00:00-04:00,424.1600036621094,424.25,424.0799865722656,424.1199035644531,12797,0.0,0.0
2024-08-21 15:01:00-04:00,424.0799865722656,424.0899963378906,423.989990234375,423.989990234375,7679,0.0,0.0
2024-08-21 15:02:00-04:00,423.9700012207031,423.989990234375,423.7850036621094,423.8900146484375,78192,0.0,0.0
2024-08-21 15:03:00-04:00,423.9200134277344,423.9800109863281,423.8299865722656,423.89300537109375,9938,0.0,0.0
2024-08-21 15:04:00-04:00,423.864990234375,423.9100036621094,423.69000244140625,423.82501220703125,32315,0.0,0.0
2024-08-21 15:05:00-04:00,423.7699890136719,423.8500061035156,423.67999267578125,423.8349914550781,22769,0.0,0.0
2024-08-21 15:06:00-04:00,423.82000732421875,423.82000732421875,423.6664123535156,423.7300109863281,12360,0.0,0.0
2024-08-21 15:07:00-04:00,423.75,423.75,423.489990234375,423.489990234375,25465,0.0,0.0
2024-08-21 15:08:00-04:00,423.5199890136719,423.6099853515625,423.489990234375,423.489990234375,17455,0.0,0.0
2024-08-21 15:09:00-04:00,423.489990234375,423.5150146484375,423.25,423.4700012207031,33328,0.0,0.0
2024-08-21 15:10:00-04:00,423.44000244140625,423.6199951171875,423.44000244140625,423.6199951171875,25373,0.0,0.0
2024-08-21 15:11:00-04:00,423.5899963378906,423.6698913574219,423.4200134277344,423.44000244140625,12209,0.0,0.0
2024-08-21 15:12:00-04:00,423.4800109863281,423.5,423.3299865722656,423.3699951171875,10244,0.0,0.0
2024-08-21 15:13:00-04:00,423.385009765625,423.5400085449219,423.3699951171875,423.4599914550781,15120,0.0,0.0
2024-08-21 15:14:00-04:00,423.52880859375,423.5799865722656,423.42999267578125,423.44000244140625,11175,0.0,0.0
2024-08-21 15:15:00-04:00,423.3399963378906,423.4100036621094,423.17999267578125,423.3999938964844,20071,0.0,0.0
2024-08-21 15:16:00-04:00,423.3800048828125,423.4599914550781,423.3500061035156,423.3500061035156,11378,0.0,0.0
2024-08-21 15:17:00-04:00,423.3392028808594,423.3392028808594,423.2300109863281,423.25,5883,0.0,0.0
2024-08-21 15:18:00-04:00,423.2650146484375,423.2900085449219,423.19000244140625,423.239990234375,9421,0.0,0.0
2024-08-21 15:19:00-04:00,423.2373962402344,423.260009765625,423.1700134277344,423.1700134277344,11125,0.0,0.0
2024-08-21 15:20:00-04:00,423.1700134277344,423.2538146972656,422.95001220703125,423.0697937011719,24969,0.0,0.0
2024-08-21 15:21:00-04:00,423.07000732421875,423.1000061035156,422.9800109863281,423.0150146484375,12797,0.0,0.0
2024-08-21 15:22:00-04:00,422.989990234375,423.010009765625,422.75750732421875,422.8599853515625,17010,0.0,0.0
2024-08-21 15:23:00-04:00,422.8299865722656,422.885009765625,422.7900085449219,422.82000732421875,9779,0.0,0.0
2024-08-21 15:24:00-04:00,422.8450012207031,423.0799865722656,422.8450012207031,423.0299987792969,15968,0.0,0.0
2024-08-21 15:25:00-04:00,423.05999755859375,423.20001220703125,423.04998779296875,423.1000061035156,16757,0.0,0.0
2024-08-21 15:26:00-04:00,423.1400146484375,423.2300109863281,423.1099853515625,423.1099853515625,21514,0.0,0.0
2024-08-21 15:27:00-04:00,423.1000061035156,423.1000061035156,423.010009765625,423.06500244140625,10451,0.0,0.0
2024-08-21 15:28:00-04:00,423.1099853515625,423.2300109863281,423.1099853515625,423.2099914550781,10520,0.0,0.0
2024-08-21 15:29:00-04:00,423.2027893066406,423.30999755859375,423.1600036621094,423.2305908203125,13923,0.0,0.0
2024-08-21 15:30:00-04:00,423.2300109863281,423.239990234375,423.1000061035156,423.1000061035156,15103,0.0,0.0
2024-08-21 15:31:00-04:00,423.0899963378906,423.1000061035156,423.0143127441406,423.1000061035156,17268,0.0,0.0
2024-08-21 15:32:00-04:00,423.0799865722656,423.17950439453125,422.9800109863281,423.1400146484375,20272,0.0,0.0
2024-08-21 15:33:00-04:00,423.1400146484375,423.2300109863281,423.05999755859375,423.07000732421875,24377,0.0,0.0
2024-08-21 15:34:00-04:00,423.04998779296875,423.04998779296875,422.90130615234375,423.0,15974,0.0,0.0
2024-08-21 15:35:00-04:00,423.0299987792969,423.1000061035156,422.96051025390625,422.9949951171875,17607,0.0,0.0
2024-08-21 15:36:00-04:00,422.99481201171875,423.05999755859375,422.9599914550781,423.0,19600,0.0,0.0
2024-08-21 15:37:00-04:00,422.9800109863281,423.0400085449219,422.9549865722656,422.9949951171875,20327,0.0,0.0
2024-08-21 15:38:00-04:00,422.9800109863281,423.0400085449219,422.9624938964844,423.0299987792969,14573,0.0,0.0
2024-08-21 15:39:00-04:00,423.0450134277344,423.2099914550781,423.0400085449219,423.20001220703125,17360,0.0,0.0
2024-08-21 15:40:00-04:00,423.2300109863281,423.2633972167969,423.1400146484375,423.19989013671875,17356,0.0,0.0
2024-08-21 15:41:00-04:00,423.18499755859375,423.2986145019531,423.1499938964844,423.260009765625,21393,0.0,0.0
2024-08-21 15:42:00-04:00,423.27960205078125,423.2799987792969,423.1300048828125,423.13238525390625,26082,0.0,0.0
2024-08-21 15:43:00-04:00,423.1099853515625,423.1300048828125,422.8800048828125,422.92999267578125,25386,0.0,0.0
2024-08-21 15:44:00-04:00,422.8909912109375,423.0899963378906,422.8909912109375,422.9800109863281,20270,0.0,0.0
2024-08-21 15:45:00-04:00,422.9800109863281,423.1199951171875,422.92999267578125,422.92999267578125,19990,0.0,0.0
2024-08-21 15:46:00-04:00,422.95001220703125,423.1700134277344,422.8900146484375,423.1499938964844,23417,0.0,0.0
2024-08-21 15:47:00-04:00,423.1650085449219,423.3399963378906,423.1300048828125,423.2135925292969,22139,0.0,0.0
2024-08-21 15:48:00-04:00,423.17999267578125,423.3778991699219,423.17999267578125,423.3599853515625,17079,0.0,0.0
2024-08-21 15:49:00-04:00,423.3800048828125,423.57000732421875,423.31500244140625,423.4849853515625,27384,0.0,0.0
2024-08-21 15:50:00-04:00,423.5350036621094,423.739990234375,423.42010498046875,423.45001220703125,90049,0.0,0.0
2024-08-21 15:51:00-04:00,423.45001220703125,423.6099853515625,423.3949890136719,423.5899963378906,45950,0.0,0.0
2024-08-21 15:52:00-04:00,423.6000061035156,423.94000244140625,423.6000061035156,423.8349914550781,46484,0.0,0.0
2024-08-21 15:53:00-04:00,423.80999755859375,424.0199890136719,423.80999755859375,423.92498779296875,37420,0.0,0.0
2024-08-21 15:54:00-04:00,423.92498779296875,424.20001220703125,423.82000732421875,424.05999755859375,53981,0.0,0.0
2024-08-21 15:55:00-04:00,424.0899963378906,424.1400146484375,423.9100036621094,423.9150085449219,61033,0.0,0.0
2024-08-21 15:56:00-04:00,423.885009765625,424.1199951171875,423.79998779296875,423.9700012207031,70148,0.0,0.0
2024-08-21 15:57:00-04:00,423.9599914550781,424.19000244140625,423.8500061035156,424.1199951171875,72178,0.0,0.0
2024-08-21 15:58:00-04:00,424.1300048828125,424.2200012207031,423.989990234375,424.0199890136719,106530,0.0,0.0
2024-08-21 15:59:00-04:00,424.010009765625,424.1400146484375,423.8699951171875,424.1000061035156,450987,0.0,0.0
2024-08-22 09:30:00-04:00,424.3599853515625,424.7900085449219,424.05999755859375,424.6642150878906,398873,0.0,0.0
2024-08-22 09:31:00-04:00,424.6499938964844,425.32501220703125,424.6000061035156,425.2650146484375,74762,0.0,0.0
2024-08-22 09:32:00-04:00,425.2799987792969,425.2799987792969,424.7699890136719,424.7699890136719,49771,0.0,0.0
2024-08-22 09:33:00-04:00,424.75,425.2699890136719,424.6650085449219,425.125,80410,0.0,0.0
2024-08-22 09:34:00-04:00,425.1400146484375,426.7398986816406,425.1400146484375,426.3299865722656,117039,0.0,0.0
2024-08-22 09:35:00-04:00,426.29638671875,426.7799987792969,426.29638671875,426.5425109863281,75485,0.0,0.0
2024-08-22 09:36:00-04:00,426.5899963378906,426.5899963378906,425.8207092285156,425.93499755859375,100287,0.0,0.0
2024-08-22 09:37:00-04:00,426.01800537109375,426.0528869628906,425.55999755859375,425.9512023925781,63463,0.0,0.0
2024-08-22 09:38:00-04:00,425.9100036621094,426.23748779296875,425.5400085449219,425.6650085449219,42791,0.0,0.0
2024-08-22 09:39:00-04:00,425.6199951171875,425.69000244140625,425.239990234375,425.2749938964844,24788,0.0,0.0
2024-08-22 09:40:00-04:00,425.3399963378906,425.5,424.94000244140625,425.44000244140625,108625,0.0,0.0
2024-08-22 09:41:00-04:00,425.3900146484375,425.5400085449219,424.8999938964844,424.9512023925781,30717,0.0,0.0
2024-08-22 09:42:00-04:00,424.94500732421875,425.0,424.68499755859375,424.7099914550781,37996,0.0,0.0
2024-08-22 09:43:00-04:00,424.7099914550781,424.82000732421875,424.44000244140625,424.6199951171875,39028,0.0,0.0
2024-08-22 09:44:00-04:00,424.6000061035156,424.739990234375,424.510009765625,424.55999755859375,45733,0.0,0.0
2024-08-22 09:45:00-04:00,424.57000732421875,424.8699951171875,424.17999267578125,424.5400085449219,54459,0.0,0.0
2024-08-22 09:46:00-04:00,424.5150146484375,424.79998779296875,424.1300048828125,424.7699890136719,58453,0.0,0.0
2024-08-22 09:47:00-04:00,424.82000732421875,425.3935852050781,424.70001220703125,425.20001220703125,37384,0.0,0.0
2024-08-22 09:48:00-04:00,425.1499938964844,425.510009765625,425.135986328125,425.1700134277344,31068,0.0,0.0
2024-08-22 09:49:00-04:00,425.20001220703125,425.2699890136719,424.8299865722656,424.92999267578125,31889,0.0,0.0
2024-08-22 09:50:00-04:00,424.9150085449219,424.9200134277344,424.44000244140625,424.5177917480469,31109,0.0,0.0
2024-08-22 09:51:00-04:00,424.5350036621094,425.05999755859375,424.42999267578125,425.04998779296875,28602,0.0,0.0
2024-08-22 09:52:00-04:00,425.0899963378906,425.1600036621094,425.0,425.1199951171875,35353,0.0,0.0
2024-08-22 09:53:00-04:00,425.19000244140625,425.9700012207031,425.19000244140625,425.9256896972656,32924,0.0,0.0
2024-08-22 09:54:00-04:00,425.9100036621094,426.1499938964844,425.8399963378906,426.1300048828125,45684,0.0,0.0
2024-08-22 09:55:00-04:00,426.17999267578125,426.3500061035156,426.05010986328125,426.1199951171875,40436,0.0,0.0
2024-08-22 09:56:00-04:00,426.1700134277344,426.44000244140625,426.0700988769531,426.44000244140625,28075,0.0,0.0
2024-08-22 09:57:00-04:00,426.364990234375,426.44000244140625,426.1520080566406,426.29510498046875,25150,0.0,0.0
2024-08-22 09:58:00-04:00,426.2699890136719,426.2699890136719,425.80999755859375,425.8399963378906,24634,0.0,0.0
2024-08-22 09:59:00-04:00,425.8840026855469,425.989990234375,425.3699951171875,425.5450134277344,44593,0.0,0.0
2024-08-22 10:00:00-04:00,425.55999755859375,425.760009765625,425.44000244140625,425.6099853515625,31152,0.0,0.0
2024-08-22 10:01:00-04:00,425.67950439453125,425.67950439453125,425.29998779296875,425.385009765625,31722,0.0,0.0
2024-08-22 10:02:00-04:00,425.364990234375,425.6700134277344,425.2699890136719,425.63140869140625,16835,0.0,0.0
2024-08-22 10:03:00-04:00,425.54669189453125,425.82501220703125,425.4501037597656,425.82000732421875,19102,0.0,0.0
2024-08-22 10:04:00-04:00,425.7763977050781,425.92999267578125,425.5530090332031,425.6400146484375,28961,0.0,0.0
2024-08-22 10:05:00-04:00,425.5799865722656,425.6549987792969,425.4200134277344,425.4200134277344,18392,0.0,0.0
2024-08-22 10:06:00-04:00,425.3900146484375,425.3900146484375,424.94000244140625,425.30999755859375,34352,0.0,0.0
2024-08-22 10:07:00-04:00,425.3599853515625,425.3599853515625,424.93011474609375,425.07501220703125,22208,0.0,0.0
2024-08-22 10:08:00-04:00,425.0299987792969,425.1099853515625,424.1600036621094,424.3550109863281,41032,0.0,0.0
2024-08-22 10:09:00-04:00,424.3550109863281,424.57000732421875,424.29998779296875,424.3349914550781,27933,0.0,0.0
2024-08-22 10:10:00-04:00,424.3500061035156,424.3999938964844,424.1199951171875,424.1199951171875,26941,0.0,0.0
2024-08-22 10:11:00-04:00,424.07501220703125,424.2699890136719,423.6499938964844,423.6499938964844,41523,0.0,0.0
2024-08-22 10:12:00-04:00,423.6700134277344,424.1099853515625,423.6600036621094,423.7550048828125,25123,0.0,0.0
2024-08-22 10:13:00-04:00,423.7799987792969,424.2099914550781,423.7300109863281,424.1300048828125,27551,0.0,0.0
2024-08-22 10:15:00-04:00,424.1099853515625,424.42999267578125,424.0400085449219,424.1099853515625,54983,0.0,0.0
2024-08-22 10:16:00-04:00,424.1600036621094,424.489990234375,424.05999755859375,424.44000244140625,17364,0.0,0.0
2024-08-22 10:17:00-04:00,424.4599914550781,424.59991455078125,424.1199951171875,424.23480224609375,42895,0.0,0.0
2024-08-22 10:18:00-04:00,424.1400146484375,424.2900085449219,423.864990234375,423.9700012207031,20618,0.0,0.0
2024-08-22 10:19:00-04:00,424.0,424.0899963378906,423.7698059082031,423.7698059082031,24992,0.0,0.0
2024-08-22 10:20:00-04:00,423.7850036621094,423.92999267578125,423.60009765625,423.7650146484375,32477,0.0,0.0
2024-08-22 10:21:00-04:00,423.67999267578125,423.92999267578125,423.6300048828125,423.92999267578125,27083,0.0,0.0
2024-08-22 10:22:00-04:00,423.9549865722656,423.9800109863281,423.7200012207031,423.81500244140625,15136,0.0,0.0
2024-08-22 10:23:00-04:00,423.8699951171875,424.1000061035156,423.82000732421875,423.9700012207031,22564,0.0,0.0
2024-08-22 10:24:00-04:00,423.9800109863281,424.2799987792969,423.9800109863281,424.2666015625,26298,0.0,0.0
2024-08-22 10:25:00-04:00,424.25,424.3399963378906,424.0400085449219,424.0400085449219,14670,0.0,0.0
2024-08-22 10:26:00-04:00,424.0299987792969,424.2900085449219,424.0299987792969,424.1199951171875,14515,0.0,0.0
2024-08-22 10:27:00-04:00,424.0799865722656,424.0799865722656,423.8075866699219,423.8299865722656,16659,0.0,0.0
2024-08-22 10:28:00-04:00,423.84991455078125,423.84991455078125,423.55999755859375,423.6000061035156,22054,0.0,0.0
2024-08-22 10:29:00-04:00,423.57000732421875,423.80010986328125,423.4599914550781,423.80010986328125,25239,0.0,0.0
2024-08-22 10:30:00-04:00,423.7900085449219,423.7900085449219,423.2300109863281,423.2349853515625,52528,0.0,0.0
2024-08-22 10:31:00-04:00,423.2349853515625,423.2799987792969,422.9549865722656,423.0400085449219,44695,0.0,0.0
2024-08-22 10:32:00-04:00,423.1600036621094,423.1899108886719,422.8599853515625,422.9049987792969,18676,0.0,0.0
2024-08-22 10:33:00-04:00,422.95001220703125,423.0899963378906,422.8900146484375,423.05999755859375,19157,0.0,0.0
2024-08-22 10:34:00-04:00,423.0899963378906,423.29998779296875,423.06500244140625,423.131591796875,29597,0.0,0.0
2024-08-22 10:35:00-04:00,423.135009765625,423.32501220703125,423.0,423.0,21563,0.0,0.0
2024-08-22 10:36:00-04:00,422.9849853515625,423.11029052734375,422.9599914550781,423.0350036621094,23131,0.0,0.0
2024-08-22 10:37:00-04:00,423.0050048828125,423.04998779296875,422.8699951171875,422.8999938964844,18536,0.0,0.0
2024-08-22 10:38:00-04:00,422.8999938964844,423.2099914550781,422.85699462890625,422.9200134277344,19827,0.0,0.0
2024-08-22 10:39:00-04:00,422.94000244140625,423.17999267578125,422.92498779296875,423.0899963378906,16434,0.0,0.0
2024-08-22 10:40:00-04:00,423.04998779296875,423.04998779296875,422.92999267578125,422.9491882324219,14024,0.0,0.0
2024-08-22 10:41:00-04:00,422.9700012207031,423.1094055175781,422.9700012207031,423.05999755859375,14824,0.0,0.0
2024-08-22 10:42:00-04:00,423.0899963378906,423.0899963378906,422.92999267578125,423.0299987792969,20439,0.0,0.0
2024-08-22 10:43:00-04:00,422.9613952636719,422.9700012207031,422.6400146484375,422.7200012207031,35523,0.0,0.0
2024-08-22 10:44:00-04:00,422.7066955566406,422.9200134277344,422.6199951171875,422.6199951171875,22535,0.0,0.0
2024-08-22 10:45:00-04:00,422.6400146484375,422.79998779296875,422.6000061035156,422.739990234375,16032,0.0,0.0
2024-08-22 10:46:00-04:00,422.7300109863281,422.7799987792969,422.42999267578125,422.42999267578125,16708,0.0,0.0
2024-08-22 10:47:00-04:00,422.42999267578125,422.43499755859375,422.2699890136719,422.3399963378906,21574,0.0,0.0
2024-08-22 10:48:00-04:00,422.3500061035156,422.5165100097656,422.3299865722656,422.3999938964844,19842,0.0,0.0
2024-08-22 10:49:00-04:00,422.3999938964844,422.44000244140625,421.9200134277344,422.00079345703125,45991,0.0,0.0
2024-08-22 10:50:00-04:00,421.9599914550781,422.2008972167969,421.9599914550781,422.1600036621094,35615,0.0,0.0
2024-08-22 10:51:00-04:00,422.1199951171875,422.1600036621094,421.6499938964844,421.82000732421875,79800,0.0,0.0
2024-08-22 10:52:00-04:00,421.82501220703125,421.9800109863281,421.5899963378906,421.6000061035156,31929,0.0,0.0
2024-08-22 10:53:00-04:00,421.5899963378906,421.875,421.531494140625,421.6520080566406,35502,0.0,0.0
2024-08-22 10:54:00-04:00,421.6549987792969,421.8900146484375,421.6199951171875,421.7900085449219,27266,0.0,0.0
2024-08-22 10:55:00-04:00,421.7850036621094,421.8349914550781,421.6600036621094,421.7900085449219,26199,0.0,0.0
2024-08-22 10:56:00-04:00,421.7900085449219,421.8297119140625,421.6499938964844,421.8297119140625,19939,0.0,0.0
2024-08-22 10:57:00-04:00,421.8724060058594,421.9800109863281,421.8399963378906,421.8949890136719,36025,0.0,0.0
2024-08-22 10:58:00-04:00,421.8949890136719,421.8999938964844,421.4200134277344,421.4200134277344,39193,0.0,0.0
2024-08-22 10:59:00-04:00,421.4100036621094,421.5899963378906,421.3999938964844,421.510009765625,44163,0.0,0.0
2024-08-22 11:00:00-04:00,421.5199890136719,421.7749938964844,421.5,421.6000061035156,21259,0.0,0.0
2024-08-22 11:01:00-04:00,421.5899963378906,422.0299987792969,421.54998779296875,421.7799987792969,30549,0.0,0.0
2024-08-22 11:02:00-04:00,421.7850036621094,422.1300048828125,421.7850036621094,421.94000244140625,29324,0.0,0.0
2024-08-22 11:03:00-04:00,421.9599914550781,422.1650085449219,421.93499755859375,422.0950012207031,21298,0.0,0.0
2024-08-22 11:04:00-04:00,422.1199951171875,422.1199951171875,421.8869934082031,421.8869934082031,15012,0.0,0.0
2024-08-22 11:05:00-04:00,421.8999938964844,422.0199890136719,421.8599853515625,421.9100036621094,21296,0.0,0.0
2024-08-22 11:06:00-04:00,421.8999938964844,422.17999267578125,421.8064880371094,422.17999267578125,23400,0.0,0.0
2024-08-22 11:07:00-04:00,422.1661071777344,422.19500732421875,421.79998779296875,421.92498779296875,20385,0.0,0.0
2024-08-22 11:08:00-04:00,421.9591979980469,422.010009765625,421.7799987792969,421.8399963378906,16763,0.0,0.0
2024-08-22 11:09:00-04:00,421.80999755859375,421.80999755859375,421.3599853515625,421.3699951171875,34857,0.0,0.0
2024-08-22 11:10:00-04:00,421.3599853515625,421.4097900390625,420.760009765625,420.9800109863281,54625,0.0,0.0
2024-08-22 11:11:00-04:00,421.010009765625,421.0400085449219,420.7500915527344,420.8800048828125,26238,0.0,0.0
2024-08-22 11:12:00-04:00,420.9100036621094,421.135009765625,420.8299865722656,421.114990234375,23593,0.0,0.0
2024-08-22 11:13:00-04:00,421.1000061035156,421.1000061035156,420.7799987792969,420.8550109863281,18494,0.0,0.0
2024-08-22 11:14:00-04:00,420.8900146484375,420.9150085449219,420.80999755859375,420.8800048828125,22855,0.0,0.0
2024-08-22 11:15:00-04:00,420.8298034667969,421.05999755859375,420.8298034667969,421.0299987792969,27544,0.0,0.0
2024-08-22 11:16:00-04:00,421.010009765625,421.2200012207031,421.010009765625,421.1499938964844,27923,0.0,0.0
2024-08-22 11:17:00-04:00,421.19000244140625,421.2749938964844,421.05999755859375,421.1199951171875,29311,0.0,0.0
2024-08-22 11:18:00-04:00,421.1600036621094,421.3900146484375,421.010009765625,421.1000061035156,27297,0.0,0.0
2024-08-22 11:19:00-04:00,421.1300048828125,421.1700134277344,420.5,420.5,33983,0.0,0.0
2024-08-22 11:20:00-04:00,420.48291015625,420.5199890136719,420.1700134277344,420.2900085449219,46778,0.0,0.0
2024-08-22 11:21:00-04:00,420.260009765625,420.3299865722656,419.9100036621094,420.0450134277344,80462,0.0,0.0
2024-08-22 11:22:00-04:00,420.010986328125,420.2799987792969,420.010986328125,420.125,29383,0.0,0.0
2024-08-22 11:23:00-04:00,420.114990234375,420.17999267578125,420.010009765625,420.14599609375,22800,0.0,0.0
2024-08-22 11:24:00-04:00,420.20001220703125,420.21600341796875,419.95001220703125,420.1300048828125,38065,0.0,0.0
2024-08-22 11:25:00-04:00,420.04998779296875,420.0504150390625,419.8299865722656,419.8999938964844,26004,0.0,0.0
2024-08-22 11:26:00-04:00,419.8800048828125,419.94000244140625,419.67999267578125,419.7950134277344,32414,0.0,0.0
2024-08-22 11:27:00-04:00,419.7699890136719,419.9800109863281,419.7200012207031,419.930908203125,26599,0.0,0.0
2024-08-22 11:28:00-04:00,419.92999267578125,419.94000244140625,419.6156005859375,419.6199951171875,37150,0.0,0.0
2024-08-22 11:29:00-04:00,419.6300048828125,419.6300048828125,419.19000244140625,419.2749938964844,53428,0.0,0.0
2024-08-22 11:30:00-04:00,419.2276916503906,419.4599914550781,419.0799865722656,419.135009765625,42267,0.0,0.0
2024-08-22 11:31:00-04:00,419.1499938964844,419.5400085449219,419.1199951171875,419.2850036621094,27071,0.0,0.0
2024-08-22 11:32:00-04:00,419.2650146484375,419.2799987792969,419.05999755859375,419.05999755859375,24741,0.0,0.0
2024-08-22 11:33:00-04:00,419.1400146484375,419.2300109863281,418.82000732421875,418.82000732421875,49268,0.0,0.0
2024-08-22 11:34:00-04:00,418.8399963378906,419.0299987792969,418.82000732421875,418.88720703125,35148,0.0,0.0
2024-08-22 11:35:00-04:00,418.8999938964844,419.05999755859375,418.8599853515625,418.94000244140625,34191,0.0,0.0
2024-08-22 11:36:00-04:00,418.8500061035156,418.8500061035156,418.69000244140625,418.8251037597656,50441,0.0,0.0
2024-08-22 11:37:00-04:00,418.82000732421875,418.9100036621094,418.7300109863281,418.7799987792969,18864,0.0,0.0
2024-08-22 11:38:00-04:00,418.739990234375,418.9049987792969,418.7349853515625,418.77398681640625,26977,0.0,0.0
2024-08-22 11:39:00-04:00,418.7550048828125,418.8599853515625,418.6499938964844,418.7550048828125,42551,0.0,0.0
2024-08-22 11:40:00-04:00,418.7900085449219,418.80999755859375,418.5,418.5150146484375,28286,0.0,0.0
2024-08-22 11:41:00-04:00,418.5199890136719,418.9100036621094,418.5,418.7650146484375,36293,0.0,0.0
2024-08-22 11:42:00-04:00,418.7774963378906,418.7774963378906,418.3479919433594,418.3479919433594,43287,0.0,0.0
2024-08-22 11:43:00-04:00,418.3399963378906,418.3399963378906,417.6600036621094,417.71990966796875,90736,0.0,0.0
2024-08-22 11:44:00-04:00,417.7099914550781,417.939208984375,417.6000061035156,417.8399963378906,40634,0.0,0.0
2024-08-22 11:45:00-04:00,417.8399963378906,418.1099853515625,417.6700134277344,418.0719909667969,37986,0.0,0.0
2024-08-22 11:46:00-04:00,418.0714111328125,418.2815856933594,417.9100036621094,418.2301940917969,30922,0.0,0.0
2024-08-22 11:47:00-04:00,418.2698974609375,418.5400085449219,418.2349853515625,418.3349914550781,26163,0.0,0.0
2024-08-22 11:48:00-04:00,418.2900085449219,418.2900085449219,417.739990234375,417.85009765625,28051,0.0,0.0
2024-08-22 11:49:00-04:00,417.8349914550781,418.0799865722656,417.8349914550781,417.9360046386719,26957,0.0,0.0
2024-08-22 11:50:00-04:00,417.9599914550781,418.0299987792969,417.6400146484375,417.95001220703125,29307,0.0,0.0
2024-08-22 11:51:00-04:00,418.0400085449219,418.07000732421875,417.7900085449219,417.95001220703125,22482,0.0,0.0
2024-08-22 11:52:00-04:00,417.94000244140625,417.9849853515625,417.7900085449219,417.8399963378906,22814,0.0,0.0
2024-08-22 11:53:00-04:00,417.8800048828125,417.9700012207031,417.6549987792969,417.81768798828125,26330,0.0,0.0
2024-08-22 11:54:00-04:00,417.8399963378906,417.8599853515625,417.7200012207031,417.79998779296875,14494,0.0,0.0
2024-08-22 11:55:00-04:00,417.8299865722656,417.95001220703125,417.6700134277344,417.8699951171875,13617,0.0,0.0
2024-08-22 11:56:00-04:00,417.8800048828125,418.0199890136719,417.79998779296875,418.010009765625,21874,0.0,0.0
2024-08-22 11:57:00-04:00,418.0,418.25421142578125,417.9800109863281,418.25421142578125,34396,0.0,0.0
2024-08-22 11:58:00-04:00,418.2300109863281,418.4710998535156,418.17999267578125,418.3800048828125,40890,0.0,0.0
2024-08-22 11:59:00-04:00,418.3399963378906,418.3900146484375,418.0400085449219,418.0498962402344,19506,0.0,0.0
2024-08-22 12:00:00-04:00,418.010009765625,418.30999755859375,418.010009765625,418.0799865722656,20818,0.0,0.0
2024-08-22 12:01:00-04:00,418.0299987792969,418.44000244140625,418.0299987792969,418.2900085449219,24982,0.0,0.0
2024-08-22 12:02:00-04:00,418.3092956542969,418.4941101074219,418.2300109863281,418.45001220703125,26059,0.0,0.0
2024-08-22 12:03:00-04:00,418.3667907714844,418.489990234375,418.25,418.2970886230469,26671,0.0,0.0
2024-08-22 12:04:00-04:00,418.29998779296875,418.5899963378906,418.2900085449219,418.5,40201,0.0,0.0
2024-08-22 12:05:00-04:00,418.4200134277344,418.5400085449219,418.3599853515625,418.5,24901,0.0,0.0
2024-08-22 12:06:00-04:00,418.5,418.5672912597656,418.3900146484375,418.5400085449219,19367,0.0,0.0
2024-08-22 12:07:00-04:00,418.5390930175781,418.7799987792969,418.5390930175781,418.7301940917969,18654,0.0,0.0
2024-08-22 12:08:00-04:00,418.75,418.7900085449219,418.55999755859375,418.5979919433594,14471,0.0,0.0
2024-08-22 12:09:00-04:00,418.5400085449219,418.7699890136719,418.510009765625,418.7699890136719,15208,0.0,0.0
2024-08-22 12:10:00-04:00,418.7650146484375,418.8399963378906,418.6700134277344,418.70001220703125,18132,0.0,0.0
2024-08-22 12:11:00-04:00,418.7099914550781,418.7099914550781,418.5799865722656,418.6000061035156,10879,0.0,0.0
2024-08-22 12:12:00-04:00,418.6000061035156,418.83990478515625,418.5,418.83990478515625,21382,0.0,0.0
2024-08-22 12:13:00-04:00,418.8900146484375,418.9800109863281,418.6600036621094,418.67999267578125,13513,0.0,0.0
2024-08-22 12:14:00-04:00,418.75,418.75,418.5414123535156,418.54998779296875,8487,0.0,0.0
2024-08-22 12:15:00-04:00,418.6300048828125,418.6300048828125,418.4599914550781,418.4599914550781,29241,0.0,0.0
2024-08-22 12:16:00-04:00,418.5,418.760009765625,418.5,418.67498779296875,9308,0.0,0.0
2024-08-22 12:17:00-04:00,418.6401062011719,418.7300109863281,418.5400085449219,418.7300109863281,17684,0.0,0.0
2024-08-22 12:18:00-04:00,418.714599609375,418.7950134277344,418.6099853515625,418.68499755859375,10861,0.0,0.0
2024-08-22 12:19:00-04:00,418.6499938964844,418.70001220703125,418.5799865722656,418.6400146484375,9922,0.0,0.0
2024-08-22 12:20:00-04:00,418.6499938964844,419.2499084472656,418.6499938964844,419.2499084472656,29826,0.0,0.0
2024-08-22 12:21:00-04:00,419.1400146484375,419.21429443359375,419.0199890136719,419.1300048828125,12801,0.0,0.0
2024-08-22 12:22:00-04:00,419.0880126953125,419.1099853515625,419.02191162109375,419.07000732421875,8070,0.0,0.0
2024-08-22 12:23:00-04:00,419.0718994140625,419.3599853515625,419.04998779296875,419.3599853515625,12378,0.0,0.0
2024-08-22 12:24:00-04:00,419.29998779296875,419.4800109863281,419.2900085449219,419.3699951171875,20013,0.0,0.0
2024-08-22 12:25:00-04:00,419.3399963378906,419.5400085449219,419.2900085449219,419.4800109863281,13294,0.0,0.0
2024-08-22 12:26:00-04:00,419.4700927734375,419.80999755859375,419.44000244140625,419.80999755859375,24811,0.0,0.0
2024-08-22 12:27:00-04:00,419.79998779296875,419.9700012207031,419.7099914550781,419.7591857910156,14676,0.0,0.0
2024-08-22 12:28:00-04:00,419.7950134277344,419.9200134277344,419.71728515625,419.8699951171875,17538,0.0,0.0
2024-08-22 12:29:00-04:00,419.92999267578125,420.0804138183594,419.8999938964844,419.9314880371094,36709,0.0,0.0
2024-08-22 12:30:00-04:00,419.92999267578125,420.2099914550781,419.8999938964844,420.07000732421875,20547,0.0,0.0
2024-08-22 12:31:00-04:00,420.0,420.07501220703125,419.92999267578125,419.9849853515625,9850,0.0,0.0
2024-08-22 12:32:00-04:00,419.92999267578125,420.1099853515625,419.92999267578125,420.07000732421875,29377,0.0,0.0
2024-08-22 12:33:00-04:00,420.1098937988281,420.1098937988281,419.7200012207031,419.7950134277344,24900,0.0,0.0
2024-08-22 12:34:00-04:00,419.82000732421875,420.0199890136719,419.7850036621094,419.94000244140625,14529,0.0,0.0
2024-08-22 12:35:00-04:00,419.989990234375,420.0,419.8500061035156,420.0,13752,0.0,0.0
2024-08-22 12:36:00-04:00,419.95001220703125,420.04998779296875,419.82501220703125,419.8999938964844,15256,0.0,0.0
2024-08-22 12:37:00-04:00,419.8900146484375,419.9700012207031,419.7300109863281,419.760009765625,25805,0.0,0.0
2024-08-22 12:38:00-04:00,419.69000244140625,419.7950134277344,419.5400085449219,419.6199951171875,12460,0.0,0.0
2024-08-22 12:39:00-04:00,419.6099853515625,419.70001220703125,419.42999267578125,419.42999267578125,15301,0.0,0.0
2024-08-22 12:40:00-04:00,419.43499755859375,419.6499938964844,419.3999938964844,419.5,19654,0.0,0.0
2024-08-22 12:41:00-04:00,419.510009765625,419.6499938964844,419.32000732421875,419.6499938964844,20545,0.0,0.0
2024-08-22 12:42:00-04:00,419.5889892578125,419.7099914550781,419.33209228515625,419.45001220703125,15860,0.0,0.0
2024-08-22 12:43:00-04:00,419.4700012207031,419.5799865722656,419.3599853515625,419.5400085449219,28180,0.0,0.0
2024-08-22 12:44:00-04:00,419.5199890136719,419.7349853515625,419.3999938964844,419.6199951171875,15879,0.0,0.0
2024-08-22 12:45:00-04:00,419.635009765625,419.6543884277344,419.3699951171875,419.4320068359375,13748,0.0,0.0
2024-08-22 12:46:00-04:00,419.5299072265625,419.5299072265625,419.29998779296875,419.42498779296875,9848,0.0,0.0
2024-08-22 12:47:00-04:00,419.3999938964844,419.4599914550781,419.2300109863281,419.2300109863281,10217,0.0,0.0
2024-08-22 12:48:00-04:00,419.2799987792969,419.30999755859375,419.0799865722656,419.114990234375,14632,0.0,0.0
2024-08-22 12:49:00-04:00,419.0799865722656,419.18109130859375,418.9599914550781,419.0899963378906,24330,0.0,0.0
2024-08-22 12:50:00-04:00,419.1099853515625,419.1700134277344,418.7466125488281,418.8399963378906,10577,0.0,0.0
2024-08-22 12:51:00-04:00,418.8500061035156,418.8500061035156,418.4100036621094,418.4100036621094,14628,0.0,0.0
2024-08-22 12:52:00-04:00,418.3909912109375,418.4599914550781,418.1050109863281,418.3450012207031,21234,0.0,0.0
2024-08-22 12:53:00-04:00,418.3299865722656,418.3299865722656,418.1099853515625,418.20001220703125,21164,0.0,0.0
2024-08-22 12:54:00-04:00,418.1000061035156,418.1000061035156,417.6000061035156,417.6000061035156,34971,0.0,0.0
2024-08-22 12:55:00-04:00,417.635009765625,417.6499938964844,417.3800048828125,417.5199890136719,22141,0.0,0.0
2024-08-22 12:56:00-04:00,417.5199890136719,417.69000244140625,417.3399963378906,417.4849853515625,14497,0.0,0.0
2024-08-22 12:57:00-04:00,417.4599914550781,417.65380859375,417.05999755859375,417.1216125488281,38254,0.0,0.0
2024-08-22 12:58:00-04:00,417.1099853515625,417.2300109863281,417.05999755859375,417.05999755859375,36712,0.0,0.0
2024-08-22 12:59:00-04:00,417.05999755859375,417.20001220703125,416.95001220703125,417.0683898925781,44470,0.0,0.0
2024-08-22 13:00:00-04:00,417.0679931640625,417.0909118652344,416.8287048339844,417.0,24004,0.0,0.0
2024-08-22 13:01:00-04:00,417.0299987792969,417.1700134277344,416.9800109863281,417.0386047363281,24927,0.0,0.0
2024-08-22 13:02:00-04:00,417.010009765625,417.1600036621094,416.75048828125,416.8194885253906,20866,0.0,0.0
2024-08-22 13:03:00-04:00,416.8699035644531,416.8900146484375,416.6300048828125,416.67999267578125,23069,0.0,0.0
2024-08-22 13:04:00-04:00,416.67498779296875,417.0400085449219,416.6650085449219,416.94000244140625,31163,0.0,0.0
2024-08-22 13:05:00-04:00,416.8999938964844,416.989990234375,416.57000732421875,416.6300048828125,23337,0.0,0.0
2024-08-22 13:06:00-04:00,416.6099853515625,416.760009765625,416.510009765625,416.760009765625,14558,0.0,0.0
2024-08-22 13:07:00-04:00,416.7300109863281,416.9100036621094,416.6600036621094,416.8900146484375,17948,0.0,0.0
2024-08-22 13:08:00-04:00,416.8699951171875,416.94000244140625,416.5400085449219,416.5400085449219,22160,0.0,0.0
2024-08-22 13:09:00-04:00,416.54998779296875,416.7099914550781,416.5199890136719,416.7099914550781,25471,0.0,0.0
2024-08-22 13:10:00-04:00,416.67999267578125,417.1300048828125,416.60430908203125,417.1300048828125,26654,0.0,0.0
2024-08-22 13:11:00-04:00,417.0899963378906,417.489990234375,417.05999755859375,417.3232116699219,30041,0.0,0.0
2024-08-22 13:12:00-04:00,417.32000732421875,417.3599853515625,417.1099853515625,417.1199951171875,14005,0.0,0.0
2024-08-22 13:13:00-04:00,417.04998779296875,417.0899963378906,416.54998779296875,416.5899963378906,28988,0.0,0.0
2024-08-22 13:14:00-04:00,416.6000061035156,416.7080078125,416.5400085449219,416.6499938964844,14441,0.0,0.0
2024-08-22 13:15:00-04:00,416.67999267578125,416.9898986816406,416.6700134277344,416.8299865722656,20964,0.0,0.0
2024-08-22 13:16:00-04:00,416.8399963378906,416.9700012207031,416.8399963378906,416.9176025390625,19262,0.0,0.0
2024-08-22 13:17:00-04:00,416.8699951171875,417.0899963378906,416.8500061035156,417.0799865722656,10009,0.0,0.0
2024-08-22 13:18:00-04:00,417.2300109863281,417.2900085449219,417.0799865722656,417.1361083984375,10414,0.0,0.0
2024-08-22 13:19:00-04:00,417.1600036621094,417.1600036621094,416.94000244140625,416.9750061035156,11379,0.0,0.0
2024-08-22 13:20:00-04:00,416.9599914550781,417.1199951171875,416.94500732421875,417.0799865722656,13815,0.0,0.0
2024-08-22 13:21:00-04:00,417.07000732421875,417.1099853515625,416.85009765625,416.85009765625,20662,0.0,0.0
2024-08-22 13:22:00-04:00,416.8500061035156,416.9949951171875,416.7300109863281,416.9422912597656,14442,0.0,0.0
2024-08-22 13:23:00-04:00,416.95001220703125,417.0,416.8999938964844,416.9880065917969,8290,0.0,0.0
2024-08-22 13:24:00-04:00,416.9949951171875,417.1099853515625,416.8500061035156,416.8500061035156,19675,0.0,0.0
2024-08-22 13:25:00-04:00,416.85418701171875,416.85418701171875,416.5299987792969,416.55499267578125,55057,0.0,0.0
2024-08-22 13:26:00-04:00,416.54998779296875,416.69000244140625,416.3900146484375,416.6549987792969,33354,0.0,0.0
2024-08-22 13:27:00-04:00,416.6568908691406,416.75,416.57501220703125,416.75,12411,0.0,0.0
2024-08-22 13:28:00-04:00,416.7493896484375,416.7493896484375,416.5799865722656,416.639892578125,10476,0.0,0.0
2024-08-22 13:29:00-04:00,416.625,416.6400146484375,416.44000244140625,416.45330810546875,15220,0.0,0.0
2024-08-22 13:30:00-04:00,416.44000244140625,416.69000244140625,416.3900146484375,416.5299987792969,19021,0.0,0.0
2024-08-22 13:31:00-04:00,416.42498779296875,416.43499755859375,415.44000244140625,415.44000244140625,56212,0.0,0.0
2024-08-22 13:32:00-04:00,415.4999084472656,415.7799987792969,415.4100036621094,415.760009765625,40810,0.0,0.0
2024-08-22 13:33:00-04:00,415.7250061035156,416.05999755859375,415.5104064941406,415.9700012207031,32410,0.0,0.0
2024-08-22 13:34:00-04:00,415.9649963378906,416.20001220703125,415.80999755859375,415.9649963378906,21106,0.0,0.0
2024-08-22 13:35:00-04:00,415.95001220703125,416.1600036621094,415.95001220703125,416.019287109375,24115,0.0,0.0
2024-08-22 13:36:00-04:00,415.9700012207031,416.1199951171875,415.9200134277344,416.0400085449219,13850,0.0,0.0
2024-08-22 13:37:00-04:00,416.07000732421875,416.5899963378906,416.0450134277344,416.5150146484375,30654,0.0,0.0
2024-08-22 13:38:00-04:00,416.5,416.5299987792969,416.26849365234375,416.3699951171875,12375,0.0,0.0
2024-08-22 13:39:00-04:00,416.3949890136719,416.45001220703125,416.30010986328125,416.3168029785156,11257,0.0,0.0
2024-08-22 13:40:00-04:00,416.32501220703125,416.3299865722656,415.9800109863281,416.05999755859375,19032,0.0,0.0
2024-08-22 13:41:00-04:00,416.090087890625,416.2799987792969,416.05999755859375,416.2605895996094,17192,0.0,0.0
2024-08-22 13:42:00-04:00,416.2850036621094,416.29058837890625,416.05499267578125,416.1499938964844,12886,0.0,0.0
2024-08-22 13:43:00-04:00,416.11968994140625,416.2799987792969,416.11968994140625,416.2799987792969,11339,0.0,0.0
2024-08-22 13:44:00-04:00,416.32000732421875,416.5,416.2250061035156,416.2650146484375,15160,0.0,0.0
2024-08-22 13:45:00-04:00,416.2449951171875,416.31500244140625,416.05999755859375,416.05999755859375,14880,0.0,0.0
2024-08-22 13:46:00-04:00,416.0400085449219,416.19000244140625,415.95001220703125,416.0,30878,0.0,0.0
2024-08-22 13:47:00-04:00,415.9840087890625,415.9949951171875,415.79638671875,415.82000732421875,33469,0.0,0.0
2024-08-22 13:48:00-04:00,415.8500061035156,415.9299011230469,415.67999267578125,415.70001220703125,14036,0.0,0.0
2024-08-22 13:49:00-04:00,415.70001220703125,415.70001220703125,415.3731994628906,415.3800048828125,23245,0.0,0.0
2024-08-22 13:50:00-04:00,415.42999267578125,415.7449951171875,415.40960693359375,415.6499938964844,20788,0.0,0.0
2024-08-22 13:51:00-04:00,415.65960693359375,415.65960693359375,415.3999938964844,415.3999938964844,22811,0.0,0.0
2024-08-22 13:52:00-04:00,415.4100036621094,415.42999267578125,415.1199951171875,415.19500732421875,44083,0.0,0.0
2024-08-22 13:53:00-04:00,415.19500732421875,415.239990234375,414.8399963378906,414.9549865722656,66490,0.0,0.0
2024-08-22 13:54:00-04:00,414.95001220703125,414.9700012207031,414.6426086425781,414.6426086425781,27014,0.0,0.0
2024-08-22 13:55:00-04:00,414.7099914550781,414.8599853515625,414.6400146484375,414.8299865722656,16011,0.0,0.0
2024-08-22 13:56:00-04:00,414.8550109863281,415.05999755859375,414.8550109863281,414.95001220703125,17363,0.0,0.0
2024-08-22 13:57:00-04:00,414.9599914550781,415.0199890136719,414.8999938964844,415.0199890136719,16818,0.0,0.0
2024-08-22 13:58:00-04:00,415.00799560546875,415.0299987792969,414.75,414.79998779296875,13168,0.0,0.0
2024-08-22 13:59:00-04:00,414.80999755859375,415.1000061035156,414.80499267578125,415.0299987792969,19714,0.0,0.0
2024-08-22 14:00:00-04:00,415.010009765625,415.1499938964844,414.8699951171875,414.9700012207031,16629,0.0,0.0
2024-08-22 14:01:00-04:00,414.9100036621094,415.0150146484375,414.8299865722656,414.9800109863281,12425,0.0,0.0
2024-08-22 14:02:00-04:00,414.92999267578125,415.05999755859375,414.8999938964844,414.9299011230469,18405,0.0,0.0
2024-08-22 14:03:00-04:00,414.8800048828125,415.2200012207031,414.8599853515625,415.05999755859375,27942,0.0,0.0
2024-08-22 14:04:00-04:00,415.010009765625,415.1077880859375,414.92230224609375,415.04229736328125,17640,0.0,0.0
2024-08-22 14:05:00-04:00,415.07000732421875,415.2749938964844,414.94000244140625,415.2101135253906,23987,0.0,0.0
2024-08-22 14:06:00-04:00,415.18499755859375,415.2699890136719,415.010009765625,415.177001953125,77614,0.0,0.0
2024-08-22 14:07:00-04:00,415.19000244140625,415.3882141113281,415.0299987792969,415.1075134277344,25781,0.0,0.0
2024-08-22 14:08:00-04:00,415.3785095214844,415.5400085449219,415.29998779296875,415.510009765625,19417,0.0,0.0
2024-08-22 14:09:00-04:00,415.5199890136719,415.7300109863281,415.4100036621094,415.69000244140625,24451,0.0,0.0
2024-08-22 14:10:00-04:00,415.70001220703125,415.760009765625,415.3349914550781,415.3800964355469,31608,0.0,0.0
2024-08-22 14:11:00-04:00,415.3450012207031,415.9200134277344,415.29998779296875,415.9200134277344,21994,0.0,0.0
2024-08-22 14:12:00-04:00,415.95001220703125,415.9599914550781,415.3699951171875,415.3699951171875,19215,0.0,0.0
2024-08-22 14:13:00-04:00,415.3699951171875,415.67999267578125,415.2799987792969,415.5,21462,0.0,0.0
2024-08-22 14:14:00-04:00,415.57000732421875,416.05999755859375,415.510009765625,415.98529052734375,21218,0.0,0.0
2024-08-22 14:15:00-04:00,415.95001220703125,416.25,415.94000244140625,416.17999267578125,35818,0.0,0.0
2024-08-22 14:16:00-04:00,416.17999267578125,416.25,415.9700012207031,416.010009765625,25212,0.0,0.0
2024-08-22 14:17:00-04:00,415.8800048828125,416.0199890136719,415.82000732421875,415.9596862792969,17539,0.0,0.0
2024-08-22 14:18:00-04:00,415.95001220703125,416.2200012207031,415.8699951171875,416.2099914550781,21815,0.0,0.0
2024-08-22 14:19:00-04:00,416.1400146484375,416.55999755859375,416.04998779296875,416.52679443359375,28940,0.0,0.0
2024-08-22 14:20:00-04:00,416.5199890136719,416.5899963378906,416.1499938964844,416.22320556640625,18160,0.0,0.0
2024-08-22 14:21:00-04:00,416.2200012207031,416.2900085449219,416.1499938964844,416.2130126953125,15319,0.0,0.0
2024-08-22 14:22:00-04:00,416.2300109863281,416.3500061035156,416.2099914550781,416.30999755859375,15662,0.0,0.0
2024-08-22 14:23:00-04:00,416.3039855957031,416.45001220703125,416.2699890136719,416.30999755859375,19520,0.0,0.0
2024-08-22 14:24:00-04:00,416.2749938964844,416.3900146484375,416.2749938964844,416.3550109863281,12245,0.0,0.0
2024-08-22 14:25:00-04:00,416.3299865722656,416.3399963378906,416.2149963378906,416.32501220703125,12622,0.0,0.0
2024-08-22 14:26:00-04:00,416.2799987792969,416.5090026855469,416.260009765625,416.44000244140625,24314,0.0,0.0
2024-08-22 14:27:00-04:00,416.5039978027344,416.5599060058594,416.3900146484375,416.4599914550781,20303,0.0,0.0
2024-08-22 14:28:00-04:00,416.43499755859375,416.4599914550781,416.32000732421875,416.4100036621094,15173,0.0,0.0
2024-08-22 14:29:00-04:00,416.4599914550781,416.6300048828125,416.45001220703125,416.54730224609375,23932,0.0,0.0
2024-08-22 14:30:00-04:00,416.57000732421875,416.57000732421875,416.29998779296875,416.3900146484375,19858,0.0,0.0
2024-08-22 14:31:00-04:00,416.3900146484375,416.47210693359375,416.3500061035156,416.3500061035156,14340,0.0,0.0
2024-08-22 14:32:00-04:00,416.3900146484375,416.6600036621094,416.3800048828125,416.4700012207031,25753,0.0,0.0
2024-08-22 14:33:00-04:00,416.44000244140625,416.635009765625,416.44000244140625,416.6199035644531,15059,0.0,0.0
2024-08-22 14:34:00-04:00,416.5950012207031,416.6400146484375,416.1499938964844,416.239990234375,20337,0.0,0.0
2024-08-22 14:35:00-04:00,416.2107849121094,416.42999267578125,416.2099914550781,416.3349914550781,16341,0.0,0.0
2024-08-22 14:36:00-04:00,416.3411865234375,416.3599853515625,416.1700134277344,416.30499267578125,24368,0.0,0.0
2024-08-22 14:37:00-04:00,416.3399963378906,416.506103515625,416.2659912109375,416.3949890136719,14240,0.0,0.0
2024-08-22 14:38:00-04:00,416.3900146484375,416.44000244140625,416.31500244140625,416.3299865722656,13885,0.0,0.0
2024-08-22 14:39:00-04:00,416.3500061035156,416.3800048828125,416.1600036621094,416.2799072265625,16418,0.0,0.0
2024-08-22 14:40:00-04:00,416.2300109863281,416.3999938964844,416.1400146484375,416.3800048828125,21196,0.0,0.0
2024-08-22 14:41:00-04:00,416.42999267578125,416.6400146484375,416.3800048828125,416.6098937988281,22149,0.0,0.0
2024-08-22 14:42:00-04:00,416.53009033203125,416.6199951171875,416.19000244140625,416.2099914550781,23589,0.0,0.0
2024-08-22 14:43:00-04:00,416.1700134277344,416.4800109863281,416.1600036621094,416.3900146484375,16595,0.0,0.0
2024-08-22 14:44:00-04:00,416.3900146484375,416.4049987792969,416.19000244140625,416.364990234375,22639,0.0,0.0
2024-08-22 14:45:00-04:00,416.3450012207031,416.5249938964844,416.25,416.3900146484375,19535,0.0,0.0
2024-08-22 14:46:00-04:00,416.375,416.4549865722656,416.2099914550781,416.2099914550781,9953,0.0,0.0
2024-08-22 14:47:00-04:00,416.2275085449219,416.5050048828125,416.1300048828125,416.44500732421875,19273,0.0,0.0
2024-08-22 14:48:00-04:00,416.3999938964844,416.4700012207031,416.2200012207031,416.2200012207031,13253,0.0,0.0
2024-08-22 14:49:00-04:00,416.25,416.2799987792969,415.9200134277344,415.9200134277344,30198,0.0,0.0
2024-08-22 14:50:00-04:00,415.93499755859375,416.0199890136719,415.8399963378906,415.9800109863281,20431,0.0,0.0
2024-08-22 14:51:00-04:00,415.989990234375,416.0400085449219,415.92498779296875,416.0,18880,0.0,0.0
2024-08-22 14:52:00-04:00,415.9599914550781,416.0,415.79998779296875,416.0,21523,0.0,0.0
2024-08-22 14:53:00-04:00,415.9700012207031,415.9700012207031,415.7699890136719,415.8302917480469,16342,0.0,0.0
2024-08-22 14:54:00-04:00,415.78009033203125,416.0,415.67999267578125,415.68499755859375,16340,0.0,0.0
2024-08-22 14:55:00-04:00,415.67999267578125,415.94000244140625,415.67999267578125,415.8500061035156,19730,0.0,0.0
2024-08-22 14:56:00-04:00,415.875,416.04998779296875,415.79998779296875,415.79998779296875,15458,0.0,0.0
2024-08-22 14:57:00-04:00,415.7900085449219,415.7900085449219,415.6199951171875,415.6199951171875,15438,0.0,0.0
2024-08-22 14:58:00-04:00,415.6000061035156,415.69989013671875,415.5,415.5,11931,0.0,0.0
2024-08-22 14:59:00-04:00,415.5,415.5,415.29998779296875,415.42999267578125,17318,0.0,0.0
2024-08-22 15:00:00-04:00,415.55999755859375,415.75,415.55999755859375,415.7300109863281,12040,0.0,0.0
2024-08-22 15:01:00-04:00,415.739990234375,416.0199890136719,415.70001220703125,415.92999267578125,22943,0.0,0.0
2024-08-22 15:02:00-04:00,416.010009765625,416.3999938964844,416.0,416.30999755859375,40485,0.0,0.0
2024-08-22 15:03:00-04:00,416.364990234375,416.4700012207031,416.20001220703125,416.20001220703125,20747,0.0,0.0
2024-08-22 15:04:00-04:00,416.239990234375,416.3599853515625,416.239990234375,416.2749938964844,16253,0.0,0.0
2024-08-22 15:05:00-04:00,416.31109619140625,416.31109619140625,416.05999755859375,416.21990966796875,13578,0.0,0.0
2024-08-22 15:06:00-04:00,416.1600036621094,416.25,415.9800109863281,415.9800109863281,20205,0.0,0.0
2024-08-22 15:07:00-04:00,415.9800109863281,415.9800109863281,415.7300109863281,415.79998779296875,22187,0.0,0.0
2024-08-22 15:08:00-04:00,415.8399963378906,415.9200134277344,415.739990234375,415.80999755859375,15274,0.0,0.0
2024-08-22 15:09:00-04:00,415.8500061035156,415.9700012207031,415.760009765625,415.86749267578125,23961,0.0,0.0
2024-08-22 15:10:00-04:00,415.8900146484375,415.8900146484375,415.6700134277344,415.7250061035156,45505,0.0,0.0
2024-08-22 15:11:00-04:00,415.7799987792969,415.8800048828125,415.7300109863281,415.7449951171875,26587,0.0,0.0
2024-08-22 15:12:00-04:00,415.8299865722656,415.8299865722656,415.5199890136719,415.58319091796875,26314,0.0,0.0
2024-08-22 15:13:00-04:00,415.6000061035156,415.7900085449219,415.58599853515625,415.7742919921875,40162,0.0,0.0
2024-08-22 15:14:00-04:00,415.73919677734375,415.7699890136719,415.6099853515625,415.6300048828125,28798,0.0,0.0
2024-08-22 15:15:00-04:00,415.625,415.7900085449219,415.625,415.6650085449219,27193,0.0,0.0
2024-08-22 15:16:00-04:00,415.6400146484375,415.7699890136719,415.54998779296875,415.7300109863281,23753,0.0,0.0
2024-08-22 15:17:00-04:00,415.7099914550781,415.7099914550781,415.5400085449219,415.55999755859375,20936,0.0,0.0
2024-08-22 15:18:00-04:00,415.57000732421875,415.70001220703125,415.5400085449219,415.6400146484375,28009,0.0,0.0
2024-08-22 15:19:00-04:00,415.63800048828125,415.6700134277344,415.4599914550781,415.5899963378906,42874,0.0,0.0
2024-08-22 15:20:00-04:00,415.5950012207031,415.6400146484375,415.45001220703125,415.4800109863281,33853,0.0,0.0
2024-08-22 15:21:00-04:00,415.5299987792969,415.5400085449219,415.3500061035156,415.364990234375,29071,0.0,0.0
2024-08-22 15:22:00-04:00,415.3299865722656,415.3299865722656,414.9159851074219,415.1440124511719,56004,0.0,0.0
2024-08-22 15:23:00-04:00,415.1400146484375,415.19000244140625,414.7799987792969,414.7799987792969,30183,0.0,0.0
2024-08-22 15:24:00-04:00,414.82000732421875,414.8299865722656,414.739990234375,414.7799987792969,30373,0.0,0.0
2024-08-22 15:25:00-04:00,414.7699890136719,415.0199890136719,414.7099914550781,414.8999938964844,68232,0.0,0.0
2024-08-22 15:26:00-04:00,414.82000732421875,414.92999267578125,414.67999267578125,414.67999267578125,25773,0.0,0.0
2024-08-22 15:27:00-04:00,414.7200012207031,414.8800048828125,414.6700134277344,414.79998779296875,29868,0.0,0.0
2024-08-22 15:28:00-04:00,414.82000732421875,414.8489990234375,414.69000244140625,414.8299865722656,26075,0.0,0.0
2024-08-22 15:29:00-04:00,414.7900085449219,414.9599914550781,414.7200012207031,414.8299865722656,33493,0.0,0.0
2024-08-22 15:30:00-04:00,414.9100036621094,414.9700012207031,414.7699890136719,414.8500061035156,33104,0.0,0.0
2024-08-22 15:31:00-04:00,414.9200134277344,415.04998779296875,414.7200012207031,414.75,49528,0.0,0.0
2024-08-22 15:32:00-04:00,414.8399963378906,414.8399963378906,414.6199951171875,414.69000244140625,53007,0.0,0.0
2024-08-22 15:33:00-04:00,414.7300109863281,415.0199890136719,414.6499938964844,414.989990234375,36618,0.0,0.0
2024-08-22 15:34:00-04:00,415.0,415.0299987792969,414.7300109863281,414.82501220703125,36022,0.0,0.0
2024-08-22 15:35:00-04:00,414.8500061035156,414.94500732421875,414.625,414.67498779296875,32607,0.0,0.0
2024-08-22 15:36:00-04:00,414.68499755859375,414.885009765625,414.6099853515625,414.78179931640625,47859,0.0,0.0
2024-08-22 15:37:00-04:00,414.760009765625,415.0849914550781,414.7149963378906,414.9200134277344,36341,0.0,0.0
2024-08-22 15:38:00-04:00,414.9649963378906,415.29998779296875,414.9100036621094,415.25,39486,0.0,0.0
2024-08-22 15:39:00-04:00,415.17999267578125,415.30999755859375,414.92999267578125,414.9989929199219,33642,0.0,0.0
2024-08-22 15:40:00-04:00,414.989990234375,414.989990234375,414.7699890136719,414.8399963378906,37280,0.0,0.0
2024-08-22 15:41:00-04:00,414.8800048828125,414.989990234375,414.7699890136719,414.8599853515625,63860,0.0,0.0
2024-08-22 15:42:00-04:00,414.864990234375,415.04998779296875,414.7699890136719,414.9613037109375,71291,0.0,0.0
2024-08-22 15:43:00-04:00,414.94000244140625,415.1700134277344,414.94000244140625,415.0199890136719,50799,0.0,0.0
2024-08-22 15:44:00-04:00,415.0350036621094,415.0400085449219,414.7300109863281,414.92999267578125,51618,0.0,0.0
2024-08-22 15:45:00-04:00,414.9599914550781,415.3699951171875,414.92999267578125,415.0050048828125,40807,0.0,0.0
2024-08-22 15:46:00-04:00,415.0199890136719,415.3349914550781,414.92498779296875,415.3349914550781,52326,0.0,0.0
2024-08-22 15:47:00-04:00,415.3399963378906,415.5799865722656,415.2900085449219,415.4649963378906,63729,0.0,0.0
2024-08-22 15:48:00-04:00,415.45001220703125,415.7300109863281,415.4270935058594,415.6499938964844,63758,0.0,0.0
2024-08-22 15:49:00-04:00,415.6199951171875,416.0,415.5950012207031,415.92498779296875,71025,0.0,0.0
2024-08-22 15:50:00-04:00,415.95001220703125,416.32000732421875,415.82000732421875,415.8299865722656,111754,0.0,0.0
2024-08-22 15:51:00-04:00,415.8299865722656,415.989990234375,415.5400085449219,415.6000061035156,67945,0.0,0.0
2024-08-22 15:52:00-04:00,415.6400146484375,415.8999938964844,415.57000732421875,415.6199951171875,54674,0.0,0.0
2024-08-22 15:53:00-04:00,415.5799865722656,415.69000244140625,415.3399963378906,415.4100036621094,80431,0.0,0.0
2024-08-22 15:54:00-04:00,415.3299865722656,415.75,415.1499938964844,415.5899963378906,115699,0.0,0.0
2024-08-22 15:55:00-04:00,415.6000061035156,415.69000244140625,415.1199951171875,415.1449890136719,124797,0.0,0.0
2024-08-22 15:56:00-04:00,415.1199951171875,415.2799987792969,415.0199890136719,415.2099914550781,98199,0.0,0.0
2024-08-22 15:57:00-04:00,415.2049865722656,415.3500061035156,414.79998779296875,414.9162902832031,113825,0.0,0.0
2024-08-22 15:58:00-04:00,414.95001220703125,415.1499938964844,414.7099914550781,414.8699951171875,208594,0.0,0.0
2024-08-22 15:59:00-04:00,414.8500061035156,415.8399963378906,414.8500061035156,415.6199951171875,663154,0.0,0.0
2024-08-23 09:30:00-04:00,416.9800109863281,417.9100036621094,416.8699951171875,417.5199890136719,1297473,0.0,0.0
2024-08-23 09:31:00-04:00,417.5150146484375,417.5408020019531,416.8500061035156,417.20001220703125,60397,0.0,0.0
2024-08-23 09:32:00-04:00,417.2687072753906,417.45001220703125,416.67999267578125,417.0306091308594,44711,0.0,0.0
2024-08-23 09:33:00-04:00,417.11138916015625,417.5400085449219,416.760009765625,417.44000244140625,46952,0.0,0.0
2024-08-23 09:34:00-04:00,417.45001220703125,417.6236877441406,417.25,417.2799987792969,31691,0.0,0.0
2024-08-23 09:35:00-04:00,417.2900085449219,417.6600036621094,417.2900085449219,417.5950012207031,57754,0.0,0.0
2024-08-23 09:36:00-04:00,417.6499938964844,417.7699890136719,417.2099914550781,417.2275085449219,46336,0.0,0.0
2024-08-23 09:37:00-04:00,417.202392578125,417.25,416.9200134277344,416.9700012207031,44191,0.0,0.0
2024-08-23 09:38:00-04:00,417.0199890136719,417.2900085449219,417.0199890136719,417.125,51470,0.0,0.0
2024-08-23 09:39:00-04:00,417.1050109863281,417.4200134277344,417.0,417.20001220703125,40173,0.0,0.0
2024-08-23 09:40:00-04:00,417.3699951171875,417.3699951171875,416.70001220703125,416.79998779296875,41240,0.0,0.0
2024-08-23 09:41:00-04:00,416.739990234375,416.9700012207031,416.5299987792969,416.93499755859375,33995,0.0,0.0
2024-08-23 09:42:00-04:00,416.9313049316406,416.989990234375,416.70098876953125,416.8550109863281,37663,0.0,0.0
2024-08-23 09:43:00-04:00,416.8399963378906,416.9150085449219,416.3100891113281,416.6000061035156,37663,0.0,0.0
2024-08-23 09:44:00-04:00,416.6099853515625,416.6700134277344,416.2799987792969,416.57000732421875,25573,0.0,0.0
2024-08-23 09:45:00-04:00,416.625,417.0,416.5700988769531,416.8699951171875,59689,0.0,0.0
2024-08-23 09:46:00-04:00,416.875,416.95001220703125,416.5899963378906,416.8349914550781,43734,0.0,0.0
2024-08-23 09:47:00-04:00,416.8349914550781,416.8900146484375,416.5899963378906,416.635009765625,29849,0.0,0.0
2024-08-23 09:48:00-04:00,416.6499938964844,416.9570007324219,416.6400146484375,416.8739929199219,32498,0.0,0.0
2024-08-23 09:49:00-04:00,416.8699951171875,416.93218994140625,416.70001220703125,416.8284912109375,24804,0.0,0.0
2024-08-23 09:50:00-04:00,416.82501220703125,417.1199951171875,416.82501220703125,416.9150085449219,30022,0.0,0.0
2024-08-23 09:51:00-04:00,416.9200134277344,417.1199951171875,416.9100036621094,416.9200134277344,27165,0.0,0.0
2024-08-23 09:52:00-04:00,416.9200134277344,417.10009765625,416.5,416.5849914550781,35968,0.0,0.0
2024-08-23 09:53:00-04:00,416.6000061035156,417.0400085449219,416.5899963378906,416.8699951171875,30996,0.0,0.0
2024-08-23 09:54:00-04:00,416.9049987792969,417.4049987792969,416.9049987792969,417.4049987792969,28234,0.0,0.0
2024-08-23 09:55:00-04:00,417.43499755859375,417.6000061035156,417.3900146484375,417.5,30666,0.0,0.0
2024-08-23 09:56:00-04:00,417.4849853515625,417.5199890136719,417.35198974609375,417.43499755859375,30920,0.0,0.0
2024-08-23 09:57:00-04:00,417.4674987792969,417.5299987792969,417.010009765625,417.0450134277344,34012,0.0,0.0
2024-08-23 09:58:00-04:00,417.05999755859375,417.260009765625,417.05499267578125,417.1700134277344,24470,0.0,0.0
2024-08-23 09:59:00-04:00,417.010009765625,417.3800048828125,416.8971862792969,417.239990234375,44608,0.0,0.0
2024-08-23 10:00:00-04:00,417.260009765625,418.54998779296875,417.260009765625,418.18499755859375,94063,0.0,0.0
2024-08-23 10:01:00-04:00,418.25,418.75,418.1440124511719,418.20928955078125,56134,0.0,0.0
2024-08-23 10:02:00-04:00,418.1499938964844,418.3999938964844,417.8999938964844,418.2099914550781,61631,0.0,0.0
2024-08-23 10:03:00-04:00,418.2149963378906,418.2449951171875,417.6700134277344,418.05999755859375,80209,0.0,0.0
2024-08-23 10:04:00-04:00,417.9800109863281,418.3299865722656,417.79998779296875,418.30999755859375,45343,0.0,0.0
2024-08-23 10:05:00-04:00,418.3399963378906,418.42999267578125,417.79998779296875,417.8299865722656,49946,0.0,0.0
2024-08-23 10:06:00-04:00,417.6199951171875,418.010009765625,417.3399963378906,418.010009765625,59356,0.0,0.0
2024-08-23 10:07:00-04:00,418.1099853515625,418.44000244140625,417.8599853515625,418.260009765625,34285,0.0,0.0
2024-08-23 10:08:00-04:00,418.2200012207031,418.42999267578125,418.2099914550781,418.2900085449219,30805,0.0,0.0
2024-08-23 10:09:00-04:00,418.22601318359375,418.3900146484375,417.8900146484375,418.1401062011719,41920,0.0,0.0
2024-08-23 10:10:00-04:00,418.19000244140625,419.1000061035156,418.1600036621094,419.1000061035156,64591,0.0,0.0
2024-08-23 10:11:00-04:00,419.1199951171875,419.1400146484375,418.70001220703125,418.89990234375,38012,0.0,0.0
2024-08-23 10:12:00-04:00,418.83758544921875,419.0,418.6966857910156,418.80999755859375,34810,0.0,0.0
2024-08-23 10:13:00-04:00,418.79998779296875,419.2200012207031,418.7799987792969,418.8016052246094,36447,0.0,0.0
2024-08-23 10:14:00-04:00,418.8299865722656,418.8699951171875,418.54998779296875,418.5899963378906,51889,0.0,0.0
2024-08-23 10:15:00-04:00,418.6600036621094,419.0249938964844,418.6300048828125,418.9425048828125,40877,0.0,0.0
2024-08-23 10:16:00-04:00,418.9849853515625,419.260009765625,418.5600891113281,418.6112060546875,76783,0.0,0.0
2024-08-23 10:17:00-04:00,418.6300048828125,418.7200012207031,417.17999267578125,417.79998779296875,64922,0.0,0.0
2024-08-23 10:18:00-04:00,417.7300109863281,417.9399108886719,417.4800109863281,417.79998779296875,38903,0.0,0.0
2024-08-23 10:19:00-04:00,417.7250061035156,417.94000244140625,417.3699951171875,417.5038146972656,43296,0.0,0.0
2024-08-23 10:20:00-04:00,417.5849914550781,417.82000732421875,417.17999267578125,417.17999267578125,33381,0.0,0.0
2024-08-23 10:21:00-04:00,417.2699890136719,417.5,417.1700134277344,417.3450012207031,32126,0.0,0.0
2024-08-23 10:22:00-04:00,417.3949890136719,418.04998779296875,417.35009765625,417.8999938964844,45843,0.0,0.0
2024-08-23 10:23:00-04:00,417.8900146484375,418.5400085449219,417.8900146484375,418.4599914550781,33545,0.0,0.0
2024-08-23 10:24:00-04:00,418.4100036621094,418.70001220703125,418.25,418.6400146484375,31785,0.0,0.0
2024-08-23 10:25:00-04:00,418.6199951171875,418.739990234375,418.4100036621094,418.55999755859375,49599,0.0,0.0
2024-08-23 10:26:00-04:00,418.6400146484375,418.8299865722656,418.57000732421875,418.79998779296875,41648,0.0,0.0
2024-08-23 10:27:00-04:00,418.760009765625,418.8999938964844,418.44000244140625,418.6000061035156,34098,0.0,0.0
2024-08-23 10:28:00-04:00,418.5899963378906,419.1000061035156,418.5899963378906,418.8599853515625,49497,0.0,0.0
2024-08-23 10:29:00-04:00,418.7799987792969,418.7799987792969,418.17999267578125,418.17999267578125,44550,0.0,0.0
2024-08-23 10:30:00-04:00,418.19000244140625,418.30999755859375,417.75,417.9599914550781,52494,0.0,0.0
2024-08-23 10:31:00-04:00,417.9549865722656,418.1400146484375,417.7699890136719,418.0400085449219,38544,0.0,0.0
2024-08-23 10:32:00-04:00,418.07000732421875,418.1380920410156,417.510009765625,417.5400085449219,25737,0.0,0.0
2024-08-23 10:33:00-04:00,417.4849853515625,417.6050109863281,417.22100830078125,417.6000061035156,39508,0.0,0.0
2024-08-23 10:34:00-04:00,417.552001953125,417.6799011230469,417.2900085449219,417.2950134277344,34238,0.0,0.0
2024-08-23 10:35:00-04:00,417.2799987792969,417.3299865722656,416.7900085449219,417.1000061035156,59247,0.0,0.0
2024-08-23 10:36:00-04:00,417.135009765625,417.3944091796875,416.9342041015625,417.010009765625,49066,0.0,0.0
2024-08-23 10:37:00-04:00,416.989990234375,417.1000061035156,416.70001220703125,416.70001220703125,46468,0.0,0.0
2024-08-23 10:38:00-04:00,416.67999267578125,416.8699951171875,416.4100036621094,416.6099853515625,52619,0.0,0.0
2024-08-23 10:39:00-04:00,416.82000732421875,416.9549865722656,416.7200012207031,416.9346008300781,28732,0.0,0.0
2024-08-23 10:40:00-04:00,416.94000244140625,417.0,416.3999938964844,416.5320129394531,45603,0.0,0.0
2024-08-23 10:41:00-04:00,416.5205993652344,416.7300109863281,416.45001220703125,416.5400085449219,44146,0.0,0.0
2024-08-23 10:42:00-04:00,416.5899963378906,416.82000732421875,416.4200134277344,416.4549865722656,33842,0.0,0.0
2024-08-23 10:43:00-04:00,416.4949951171875,416.6199951171875,416.3599853515625,416.4115905761719,32852,0.0,0.0
2024-08-23 10:44:00-04:00,416.4599914550781,416.510009765625,416.2200012207031,416.33050537109375,44039,0.0,0.0
2024-08-23 10:45:00-04:00,416.3699951171875,416.3699951171875,415.79998779296875,415.9599914550781,65301,0.0,0.0
2024-08-23 10:46:00-04:00,415.9549865722656,415.9549865722656,415.1675109863281,415.25,53604,0.0,0.0
2024-08-23 10:47:00-04:00,415.25,415.3645935058594,414.4200134277344,414.54998779296875,91435,0.0,0.0
2024-08-23 10:48:00-04:00,414.5050048828125,414.54998779296875,413.2799987792969,413.4700012207031,114542,0.0,0.0
2024-08-23 10:49:00-04:00,413.4700012207031,414.1600036621094,413.3999938964844,413.9150085449219,56284,0.0,0.0
2024-08-23 10:50:00-04:00,413.8500061035156,414.2200012207031,413.5799865722656,413.989990234375,41202,0.0,0.0
2024-08-23 10:51:00-04:00,413.9999084472656,413.9999084472656,412.9200134277344,413.29998779296875,82337,0.0,0.0
2024-08-23 10:52:00-04:00,413.3800048828125,414.17999267578125,413.17999267578125,413.67999267578125,49716,0.0,0.0
2024-08-23 10:53:00-04:00,413.7799987792969,414.2060852050781,413.7799987792969,414.0299987792969,30451,0.0,0.0
2024-08-23 10:54:00-04:00,414.08990478515625,414.5899963378906,413.8550109863281,414.5,60915,0.0,0.0
2024-08-23 10:55:00-04:00,414.3699951171875,414.6700134277344,414.29998779296875,414.4849853515625,59452,0.0,0.0
2024-08-23 10:56:00-04:00,414.5,414.510009765625,414.0799865722656,414.30010986328125,38281,0.0,0.0
2024-08-23 10:57:00-04:00,414.32000732421875,415.0249938964844,414.29998779296875,414.8299865722656,40505,0.0,0.0
2024-08-23 10:58:00-04:00,414.7799987792969,415.0150146484375,414.6700134277344,414.95001220703125,38413,0.0,0.0
2024-08-23 10:59:00-04:00,414.9599914550781,415.07000732421875,414.79339599609375,414.92999267578125,61176,0.0,0.0
2024-08-23 11:00:00-04:00,414.8999938964844,414.8999938964844,414.2300109863281,414.2850036621094,38948,0.0,0.0
2024-08-23 11:01:00-04:00,414.2533874511719,414.7705993652344,414.25,414.6600036621094,30067,0.0,0.0
2024-08-23 11:02:00-04:00,414.6449890136719,414.8500061035156,414.6449890136719,414.739990234375,27472,0.0,0.0
2024-08-23 11:03:00-04:00,414.7250061035156,415.1299133300781,414.5215148925781,415.0050048828125,24381,0.0,0.0
2024-08-23 11:04:00-04:00,414.9200134277344,415.0150146484375,414.6099853515625,414.9845886230469,17818,0.0,0.0
2024-08-23 11:05:00-04:00,414.9800109863281,415.0299987792969,414.6400146484375,414.8399963378906,21398,0.0,0.0
2024-08-23 11:06:00-04:00,414.9100036621094,415.3299865722656,414.7799987792969,415.1700134277344,23382,0.0,0.0
2024-08-23 11:07:00-04:00,415.0,415.0299987792969,414.8299865722656,414.9549865722656,28170,0.0,0.0
2024-08-23 11:08:00-04:00,414.9700012207031,414.989990234375,414.75,414.8160095214844,17829,0.0,0.0
2024-08-23 11:09:00-04:00,414.94500732421875,415.1700134277344,414.8999938964844,415.1600036621094,18311,0.0,0.0
2024-08-23 11:10:00-04:00,415.25,415.3450012207031,414.2099914550781,414.2099914550781,38128,0.0,0.0
2024-08-23 11:11:00-04:00,414.2799987792969,414.3699951171875,413.9599914550781,414.3699951171875,45695,0.0,0.0
2024-08-23 11:12:00-04:00,414.3550109863281,414.5150146484375,414.17999267578125,414.2850036621094,28135,0.0,0.0
2024-08-23 11:13:00-04:00,414.260009765625,414.79998779296875,414.1499938964844,414.70001220703125,16778,0.0,0.0
2024-08-23 11:14:00-04:00,414.7850036621094,415.3699951171875,414.7850036621094,415.2799987792969,40359,0.0,0.0
2024-08-23 11:15:00-04:00,415.2449951171875,415.9700012207031,415.1549987792969,415.5899963378906,38448,0.0,0.0
2024-08-23 11:16:00-04:00,415.510009765625,415.7099914550781,415.42999267578125,415.67999267578125,21482,0.0,0.0
2024-08-23 11:17:00-04:00,415.6099853515625,415.67999267578125,415.30999755859375,415.44000244140625,26255,0.0,0.0
2024-08-23 11:18:00-04:00,415.45001220703125,415.8299865722656,415.32501220703125,415.7701110839844,36776,0.0,0.0
2024-08-23 11:19:00-04:00,415.80999755859375,416.0,415.7200012207031,415.92999267578125,49327,0.0,0.0
2024-08-23 11:20:00-04:00,416.0849914550781,416.20001220703125,415.989990234375,416.0,43347,0.0,0.0
2024-08-23 11:21:00-04:00,416.19000244140625,416.25,415.8299865722656,415.9700012207031,26701,0.0,0.0
2024-08-23 11:22:00-04:00,416.04071044921875,416.30999755859375,416.04071044921875,416.2300109863281,19557,0.0,0.0
2024-08-23 11:23:00-04:00,416.1499938964844,416.25,416.0950012207031,416.1000061035156,16098,0.0,0.0
2024-08-23 11:24:00-04:00,416.07501220703125,416.1199951171875,415.8399963378906,415.9100036621094,22297,0.0,0.0
2024-08-23 11:25:00-04:00,415.93359375,416.2900085449219,415.93359375,416.2200012207031,16655,0.0,0.0
2024-08-23 11:26:00-04:00,416.2850036621094,416.5899963378906,416.1300048828125,416.1449890136719,37592,0.0,0.0
2024-08-23 11:27:00-04:00,416.1449890136719,416.1549987792969,415.4100036621094,415.6199951171875,38919,0.0,0.0
2024-08-23 11:28:00-04:00,415.5899963378906,415.7799987792969,415.4800109863281,415.65008544921875,15397,0.0,0.0
2024-08-23 11:29:00-04:00,415.739990234375,415.7561950683594,415.42999267578125,415.5090026855469,14597,0.0,0.0
2024-08-23 11:30:00-04:00,415.6000061035156,416.0,415.5899963378906,415.8699035644531,19484,0.0,0.0
2024-08-23 11:31:00-04:00,415.80499267578125,415.92999267578125,415.70001220703125,415.82501220703125,11939,0.0,0.0
2024-08-23 11:32:00-04:00,415.7950134277344,415.8949890136719,415.7001037597656,415.8299865722656,13889,0.0,0.0
2024-08-23 11:33:00-04:00,415.8500061035156,415.92498779296875,415.7699890136719,415.860107421875,8105,0.0,0.0
2024-08-23 11:34:00-04:00,415.8299865722656,415.9800109863281,415.57000732421875,415.7373046875,34601,0.0,0.0
2024-08-23 11:35:00-04:00,415.67999267578125,415.7799987792969,415.5899963378906,415.6596984863281,6505,0.0,0.0
2024-08-23 11:36:00-04:00,415.65301513671875,415.92999267578125,415.481201171875,415.92999267578125,14548,0.0,0.0
2024-08-23 11:37:00-04:00,415.8999938964844,415.9700012207031,415.79998779296875,415.8599853515625,13532,0.0,0.0
2024-08-23 11:38:00-04:00,415.8500061035156,416.0992126464844,415.75,415.9649963378906,17441,0.0,0.0
2024-08-23 11:39:00-04:00,415.9649963378906,416.1400146484375,415.7900085449219,416.04998779296875,16996,0.0,0.0
2024-08-23 11:40:00-04:00,416.04998779296875,416.760009765625,416.04998779296875,416.7200012207031,32461,0.0,0.0
2024-08-23 11:41:00-04:00,416.7200012207031,416.80999755859375,416.1199951171875,416.1199951171875,32936,0.0,0.0
2024-08-23 11:42:00-04:00,416.1199951171875,416.4800109863281,416.0899963378906,416.3500061035156,23607,0.0,0.0
2024-08-23 11:43:00-04:00,416.43499755859375,416.43499755859375,416.0,416.17498779296875,26789,0.0,0.0
2024-08-23 11:44:00-04:00,416.17498779296875,416.20001220703125,415.4703063964844,415.625,24059,0.0,0.0
2024-08-23 11:45:00-04:00,415.625,415.625,414.8450012207031,415.0199890136719,42552,0.0,0.0
2024-08-23 11:46:00-04:00,415.1099853515625,415.4299011230469,414.8900146484375,415.3900146484375,28690,0.0,0.0
2024-08-23 11:47:00-04:00,415.42498779296875,415.4700012207031,415.2699890136719,415.3800048828125,10004,0.0,0.0
2024-08-23 11:48:00-04:00,415.4200134277344,415.55499267578125,415.32000732421875,415.3424987792969,19059,0.0,0.0
2024-08-23 11:49:00-04:00,415.3800048828125,415.55999755859375,415.3500061035156,415.489990234375,19563,0.0,0.0
2024-08-23 11:50:00-04:00,415.3999938964844,415.489990234375,415.2200012207031,415.4100036621094,17968,0.0,0.0
2024-08-23 11:51:00-04:00,415.3164978027344,415.38250732421875,415.05999755859375,415.05999755859375,17031,0.0,0.0
2024-08-23 11:52:00-04:00,415.30999755859375,415.30999755859375,414.8922119140625,414.99609375,12318,0.0,0.0
2024-08-23 11:53:00-04:00,415.0249938964844,415.19000244140625,415.01629638671875,415.17498779296875,11333,0.0,0.0
2024-08-23 11:54:00-04:00,415.1300048828125,415.1300048828125,414.6600036621094,415.0350036621094,14356,0.0,0.0
2024-08-23 11:55:00-04:00,415.0539855957031,415.3500061035156,414.9800109863281,415.25,14187,0.0,0.0
2024-08-23 11:56:00-04:00,415.18499755859375,415.2200012207031,415.0299987792969,415.0799865722656,8903,0.0,0.0
2024-08-23 11:57:00-04:00,415.0799865722656,415.1191101074219,414.8133850097656,414.8133850097656,17119,0.0,0.0
2024-08-23 11:58:00-04:00,414.7799987792969,414.8399963378906,414.6000061035156,414.8399963378906,27836,0.0,0.0
2024-08-23 11:59:00-04:00,414.81500244140625,414.9100036621094,414.5899963378906,414.635009765625,22411,0.0,0.0
2024-08-23 12:00:00-04:00,414.69000244140625,414.80499267578125,413.79998779296875,413.9200134277344,45671,0.0,0.0
2024-08-23 12:01:00-04:00,413.93499755859375,414.0899963378906,413.79998779296875,413.94500732421875,20785,0.0,0.0
2024-08-23 12:02:00-04:00,413.9100036621094,413.9800109863281,413.5365905761719,413.5799865722656,23411,0.0,0.0
2024-08-23 12:03:00-04:00,413.5299987792969,413.8699951171875,413.5199890136719,413.8399963378906,27566,0.0,0.0
2024-08-23 12:04:00-04:00,413.79998779296875,413.9100036621094,413.75,413.75,30339,0.0,0.0
2024-08-23 12:05:00-04:00,413.7699890136719,413.82000732421875,413.29998779296875,413.29998779296875,44397,0.0,0.0
2024-08-23 12:06:00-04:00,413.32501220703125,413.55499267578125,413.12799072265625,413.5350036621094,24200,0.0,0.0
2024-08-23 12:07:00-04:00,413.4700012207031,413.6300048828125,413.3399963378906,413.3800048828125,15086,0.0,0.0
2024-08-23 12:08:00-04:00,413.4495849609375,413.760009765625,413.360107421875,413.6499938964844,18789,0.0,0.0
2024-08-23 12:09:00-04:00,413.5425109863281,413.8900146484375,413.5425109863281,413.8900146484375,15021,0.0,0.0
2024-08-23 12:10:00-04:00,413.7900085449219,413.7900085449219,413.4700012207031,413.54998779296875,19573,0.0,0.0
2024-08-23 12:11:00-04:00,413.54998779296875,413.6199951171875,413.510009765625,413.510009765625,12561,0.0,0.0
2024-08-23 12:12:00-04:00,413.5,413.5398864746094,413.3900146484375,413.4200134277344,19130,0.0,0.0
2024-08-23 12:13:00-04:00,413.44000244140625,413.44000244140625,413.17498779296875,413.17498779296875,20833,0.0,0.0
2024-08-23 12:14:00-04:00,413.19500732421875,413.2300109863281,412.82501220703125,412.9100036621094,42558,0.0,0.0
2024-08-23 12:15:00-04:00,412.8699951171875,413.2049865722656,412.8399963378906,413.0400085449219,20924,0.0,0.0
2024-08-23 12:16:00-04:00,413.11480712890625,413.44500732421875,412.8999938964844,413.05499267578125,27388,0.0,0.0
2024-08-23 12:17:00-04:00,413.06451416015625,413.1300048828125,412.67449951171875,412.889892578125,27988,0.0,0.0
2024-08-23 12:18:00-04:00,412.8699951171875,413.29998779296875,412.849609375,413.2099914550781,24354,0.0,0.0
2024-08-23 12:19:00-04:00,413.2200012207031,413.4798889160156,413.2200012207031,413.4798889160156,20604,0.0,0.0
2024-08-23 12:20:00-04:00,413.5199890136719,413.5199890136719,413.2699890136719,413.3699951171875,14721,0.0,0.0
2024-08-23 12:21:00-04:00,413.3768005371094,413.4049987792969,412.93499755859375,413.0400085449219,20143,0.0,0.0
2024-08-23 12:22:00-04:00,413.0199890136719,413.1524963378906,412.94000244140625,412.9949951171875,18804,0.0,0.0
2024-08-23 12:23:00-04:00,413.0050048828125,413.1299133300781,412.8599853515625,412.94000244140625,25643,0.0,0.0
2024-08-23 12:24:00-04:00,413.0050048828125,413.1099853515625,412.79998779296875,412.79998779296875,26831,0.0,0.0
2024-08-23 12:25:00-04:00,412.80499267578125,412.92999267578125,412.7304992675781,412.7304992675781,16688,0.0,0.0
2024-08-23 12:26:00-04:00,412.760009765625,412.79998779296875,412.5299987792969,412.6499938964844,37419,0.0,0.0
2024-08-23 12:27:00-04:00,412.6780090332031,412.8299865722656,412.6300048828125,412.63128662109375,19101,0.0,0.0
2024-08-23 12:28:00-04:00,412.6300048828125,412.7998962402344,412.3999938964844,412.67999267578125,28930,0.0,0.0
2024-08-23 12:29:00-04:00,412.7900085449219,413.0086975097656,412.65850830078125,412.8500061035156,27899,0.0,0.0
2024-08-23 12:30:00-04:00,412.8599853515625,413.05999755859375,412.7200012207031,413.0400085449219,14679,0.0,0.0
2024-08-23 12:31:00-04:00,413.04998779296875,413.17999267578125,413.0400085449219,413.17999267578125,18393,0.0,0.0
2024-08-23 12:32:00-04:00,413.20001220703125,413.2099914550781,413.0199890136719,413.2099914550781,16961,0.0,0.0
2024-08-23 12:33:00-04:00,413.260009765625,413.3399963378906,413.1426086425781,413.2217102050781,15040,0.0,0.0
2024-08-23 12:34:00-04:00,413.260009765625,413.5899963378906,413.2099914550781,413.45001220703125,31231,0.0,0.0
2024-08-23 12:35:00-04:00,413.42999267578125,413.6054992675781,413.4150085449219,413.4700012207031,13685,0.0,0.0
2024-08-23 12:36:00-04:00,413.489990234375,413.7300109863281,413.43499755859375,413.54998779296875,18510,0.0,0.0
2024-08-23 12:37:00-04:00,413.5899963378906,413.67999267578125,413.5400085449219,413.6300048828125,9853,0.0,0.0
2024-08-23 12:38:00-04:00,413.625,413.6400146484375,413.3901062011719,413.3901062011719,21574,0.0,0.0
2024-08-23 12:39:00-04:00,413.3699951171875,413.4731140136719,413.3299865722656,413.3550109863281,14130,0.0,0.0
2024-08-23 12:40:00-04:00,413.3442077636719,413.489990234375,413.29998779296875,413.40179443359375,65657,0.0,0.0
2024-08-23 12:41:00-04:00,413.4599914550781,413.6499938964844,413.2799987792969,413.3302917480469,23254,0.0,0.0
2024-08-23 12:42:00-04:00,413.3500061035156,413.3500061035156,412.1199951171875,412.20001220703125,42605,0.0,0.0
2024-08-23 12:43:00-04:00,412.1099853515625,412.5400085449219,412.1099853515625,412.3699951171875,33116,0.0,0.0
2024-08-23 12:44:00-04:00,412.3949890136719,412.57000732421875,412.3949890136719,412.5,14618,0.0,0.0
2024-08-23 12:45:00-04:00,412.5824890136719,412.5899963378906,412.3399963378906,412.3999938964844,29707,0.0,0.0
2024-08-23 12:46:00-04:00,412.4100036621094,412.4100036621094,412.0899963378906,412.19000244140625,22023,0.0,0.0
2024-08-23 12:47:00-04:00,412.2099914550781,412.5299987792969,412.20001220703125,412.5299987792969,27244,0.0,0.0
2024-08-23 12:48:00-04:00,412.5450134277344,412.6199951171875,412.5,412.5799865722656,14177,0.0,0.0
2024-08-23 12:49:00-04:00,412.5443115234375,412.739990234375,412.42999267578125,412.69500732421875,11230,0.0,0.0
2024-08-23 12:50:00-04:00,412.75,413.2200012207031,412.7300109863281,413.10321044921875,14442,0.0,0.0
2024-08-23 12:51:00-04:00,413.07000732421875,413.54998779296875,412.9800109863281,413.45001220703125,22502,0.0,0.0
2024-08-23 12:52:00-04:00,413.5285949707031,413.57000732421875,413.3299865722656,413.4187927246094,14414,0.0,0.0
2024-08-23 12:53:00-04:00,413.43499755859375,413.67999267578125,413.4150085449219,413.6329040527344,13893,0.0,0.0
2024-08-23 12:54:00-04:00,413.75,413.7900085449219,413.67999267578125,413.7200012207031,9899,0.0,0.0
2024-08-23 12:55:00-04:00,413.7099914550781,414.1687927246094,413.67999267578125,414.0299987792969,22768,0.0,0.0
2024-08-23 12:56:00-04:00,414.07501220703125,414.3399963378906,414.06610107421875,414.3399963378906,22655,0.0,0.0
2024-08-23 12:57:00-04:00,414.3900146484375,414.3999938964844,413.9700012207031,414.0199890136719,21452,0.0,0.0
2024-08-23 12:58:00-04:00,414.0351867675781,414.1499938964844,413.9800109863281,413.9800109863281,13108,0.0,0.0
2024-08-23 12:59:00-04:00,414.010009765625,414.0400085449219,413.87579345703125,413.9700012207031,11471,0.0,0.0
2024-08-23 13:00:00-04:00,413.95001220703125,413.95001220703125,413.6700134277344,413.69500732421875,15890,0.0,0.0
2024-08-23 13:01:00-04:00,413.70001220703125,413.8500061035156,413.6600036621094,413.8399963378906,10497,0.0,0.0
2024-08-23 13:02:00-04:00,413.8450012207031,414.0,413.8450012207031,413.8800048828125,13271,0.0,0.0
2024-08-23 13:03:00-04:00,413.9299011230469,413.92999267578125,413.8450012207031,413.8799133300781,7660,0.0,0.0
2024-08-23 13:04:00-04:00,413.875,413.92999267578125,413.80999755859375,413.8345947265625,16111,0.0,0.0
2024-08-23 13:05:00-04:00,413.80999755859375,414.10418701171875,413.79998779296875,414.05999755859375,12836,0.0,0.0
2024-08-23 13:06:00-04:00,414.05999755859375,414.06988525390625,413.8599853515625,413.8599853515625,8814,0.0,0.0
2024-08-23 13:07:00-04:00,413.8399963378906,414.1499938964844,413.8399963378906,414.0400085449219,16900,0.0,0.0
2024-08-23 13:08:00-04:00,414.0299987792969,414.20001220703125,414.0299987792969,414.1600036621094,18693,0.0,0.0
2024-08-23 13:09:00-04:00,414.1199951171875,414.1600036621094,414.04901123046875,414.0899963378906,21548,0.0,0.0
2024-08-23 13:10:00-04:00,414.1000061035156,414.1400146484375,413.989990234375,414.1000061035156,26728,0.0,0.0
2024-08-23 13:11:00-04:00,414.1099853515625,414.1099853515625,413.92999267578125,413.95001220703125,13986,0.0,0.0
2024-08-23 13:12:00-04:00,414.0,414.1000061035156,413.9200134277344,414.0799865722656,17235,0.0,0.0
2024-08-23 13:13:00-04:00,414.04400634765625,414.0899963378906,413.9599914550781,413.9599914550781,17369,0.0,0.0
2024-08-23 13:14:00-04:00,414.010009765625,414.1000061035156,413.8493957519531,414.07000732421875,9760,0.0,0.0
2024-08-23 13:15:00-04:00,414.07501220703125,414.1199951171875,413.9700927734375,414.1099853515625,11512,0.0,0.0
2024-08-23 13:16:00-04:00,414.09820556640625,414.1600036621094,414.0199890136719,414.1099853515625,18782,0.0,0.0
2024-08-23 13:17:00-04:00,414.05999755859375,414.1600036621094,414.0,414.1199951171875,34582,0.0,0.0
2024-08-23 13:18:00-04:00,414.1000061035156,414.1199951171875,413.7799987792969,413.7799987792969,11836,0.0,0.0
2024-08-23 13:19:00-04:00,413.7900085449219,413.9200134277344,413.7200012207031,413.8999938964844,12261,0.0,0.0
2024-08-23 13:20:00-04:00,413.9200134277344,413.9999084472656,413.8299865722656,413.9999084472656,12215,0.0,0.0
2024-08-23 13:21:00-04:00,413.9750061035156,413.9750061035156,413.8999938964844,413.9200134277344,7477,0.0,0.0
2024-08-23 13:22:00-04:00,413.8999938964844,414.3169860839844,413.8999938964844,414.2099914550781,16643,0.0,0.0
2024-08-23 13:23:00-04:00,414.20928955078125,414.20928955078125,414.0199890136719,414.08880615234375,8948,0.0,0.0
2024-08-23 13:24:00-04:00,414.1098937988281,414.3999938964844,414.0600891113281,414.3500061035156,15561,0.0,0.0
2024-08-23 13:25:00-04:00,414.3550109863281,414.4700012207031,414.3550109863281,414.4100036621094,8937,0.0,0.0
2024-08-23 13:26:00-04:00,414.4036865234375,414.45001220703125,414.180908203125,414.20001220703125,10773,0.0,0.0
2024-08-23 13:27:00-04:00,414.20001220703125,414.32000732421875,414.1000061035156,414.2799987792969,18121,0.0,0.0
2024-08-23 13:28:00-04:00,414.2799987792969,414.4200134277344,414.2799987792969,414.4100036621094,12696,0.0,0.0
2024-08-23 13:29:00-04:00,414.42999267578125,414.70989990234375,414.42498779296875,414.50048828125,36444,0.0,0.0
2024-08-23 13:30:00-04:00,414.54998779296875,414.83990478515625,414.5199890136719,414.80499267578125,26429,0.0,0.0
2024-08-23 13:31:00-04:00,414.760009765625,414.80999755859375,414.6000061035156,414.80999755859375,14270,0.0,0.0
2024-08-23 13:32:00-04:00,414.7749938964844,414.9100036621094,414.6300048828125,414.67999267578125,26653,0.0,0.0
2024-08-23 13:33:00-04:00,414.6199951171875,414.6686096191406,414.54998779296875,414.5885925292969,10504,0.0,0.0
2024-08-23 13:34:00-04:00,414.5899963378906,414.6077880859375,414.4800109863281,414.55499267578125,9795,0.0,0.0
2024-08-23 13:35:00-04:00,414.489990234375,414.6600036621094,414.42010498046875,414.635009765625,12814,0.0,0.0
2024-08-23 13:36:00-04:00,414.635009765625,414.69000244140625,414.4800109863281,414.5,9706,0.0,0.0
2024-08-23 13:37:00-04:00,414.5094909667969,414.7250061035156,414.4800109863281,414.67999267578125,16811,0.0,0.0
2024-08-23 13:38:00-04:00,414.7250061035156,414.9599914550781,414.7099914550781,414.90008544921875,10786,0.0,0.0
2024-08-23 13:39:00-04:00,414.9100036621094,415.1199951171875,414.8999938964844,415.0799865722656,27417,0.0,0.0
2024-08-23 13:40:00-04:00,415.0199890136719,415.0409851074219,414.9100036621094,415.0,11480,0.0,0.0
2024-08-23 13:41:00-04:00,415.0,415.239990234375,415.0,415.1724853515625,23193,0.0,0.0
2024-08-23 13:42:00-04:00,415.1600036621094,415.2099914550781,415.1199951171875,415.1300048828125,10386,0.0,0.0
2024-08-23 13:43:00-04:00,415.1300048828125,415.2099914550781,415.1199951171875,415.1400146484375,16527,0.0,0.0
2024-08-23 13:44:00-04:00,415.1650085449219,415.5299987792969,415.1650085449219,415.3800048828125,12855,0.0,0.0
2024-08-23 13:45:00-04:00,415.3900146484375,415.41009521484375,415.04998779296875,415.0799865722656,10780,0.0,0.0
2024-08-23 13:46:00-04:00,415.1300048828125,415.1672058105469,414.9208068847656,414.9739074707031,15413,0.0,0.0
2024-08-23 13:47:00-04:00,414.9200134277344,415.1499938964844,414.8699951171875,415.0400085449219,20026,0.0,0.0
2024-08-23 13:48:00-04:00,415.006591796875,415.0400085449219,414.8800048828125,414.92529296875,10437,0.0,0.0
2024-08-23 13:49:00-04:00,414.8526916503906,414.92999267578125,414.8500061035156,414.8800048828125,11254,0.0,0.0
2024-08-23 13:50:00-04:00,414.92999267578125,415.0199890136719,414.92999267578125,414.9800109863281,14244,0.0,0.0
2024-08-23 13:51:00-04:00,415.0199890136719,415.0199890136719,414.7200012207031,414.7699890136719,11998,0.0,0.0
2024-08-23 13:52:00-04:00,414.7200012207031,415.0299072265625,414.67999267578125,414.9800109863281,9125,0.0,0.0
2024-08-23 13:53:00-04:00,414.9599914550781,415.20001220703125,414.92010498046875,415.17498779296875,12756,0.0,0.0
2024-08-23 13:54:00-04:00,415.19989013671875,415.19989013671875,415.0548095703125,415.0799865722656,11090,0.0,0.0
2024-08-23 13:55:00-04:00,415.1000061035156,415.1000061035156,414.7900085449219,414.82000732421875,19828,0.0,0.0
2024-08-23 13:56:00-04:00,414.7799987792969,414.7799987792969,414.5400085449219,414.6789855957031,14470,0.0,0.0
2024-08-23 13:57:00-04:00,414.7099914550781,414.8599853515625,414.6300048828125,414.8550109863281,14813,0.0,0.0
2024-08-23 13:58:00-04:00,414.8550109863281,414.9800109863281,414.760009765625,414.8900146484375,13419,0.0,0.0
2024-08-23 13:59:00-04:00,414.8399963378906,414.875,414.4800109863281,414.4800109863281,22207,0.0,0.0
2024-08-23 14:00:00-04:00,414.4949951171875,414.4949951171875,414.31500244140625,414.385009765625,18818,0.0,0.0
2024-08-23 14:01:00-04:00,414.3999938964844,414.625,414.3999938964844,414.5199890136719,16814,0.0,0.0
2024-08-23 14:02:00-04:00,414.5199890136719,414.69439697265625,414.4700012207031,414.510009765625,23446,0.0,0.0
2024-08-23 14:03:00-04:00,414.4599914550781,414.4700012207031,414.29998779296875,414.30999755859375,22878,0.0,0.0
2024-08-23 14:04:00-04:00,414.29010009765625,414.55999755859375,414.29010009765625,414.5199890136719,27869,0.0,0.0
2024-08-23 14:05:00-04:00,414.6000061035156,414.6391906738281,414.3999938964844,414.489990234375,20698,0.0,0.0
2024-08-23 14:06:00-04:00,414.5050964355469,414.5849914550781,414.3900146484375,414.4175109863281,14318,0.0,0.0
2024-08-23 14:07:00-04:00,414.3931884765625,414.4530944824219,414.260009765625,414.44989013671875,26623,0.0,0.0
2024-08-23 14:08:00-04:00,414.3999938964844,414.659912109375,414.3900146484375,414.625,14352,0.0,0.0
2024-08-23 14:09:00-04:00,414.67999267578125,414.7699890136719,414.625,414.760009765625,11045,0.0,0.0
2024-08-23 14:10:00-04:00,414.7900085449219,415.1400146484375,414.75,415.1400146484375,20990,0.0,0.0
2024-08-23 14:11:00-04:00,415.114990234375,415.1600036621094,414.6400146484375,414.6400146484375,20930,0.0,0.0
2024-08-23 14:12:00-04:00,414.69000244140625,415.04998779296875,414.69000244140625,415.04998779296875,11124,0.0,0.0
2024-08-23 14:13:00-04:00,415.010009765625,415.1700134277344,414.9100036621094,415.0918884277344,12126,0.0,0.0
2024-08-23 14:14:00-04:00,415.1355895996094,415.1499938964844,414.92498779296875,414.9599914550781,14078,0.0,0.0
2024-08-23 14:15:00-04:00,414.95001220703125,415.0700988769531,414.94500732421875,415.0700988769531,14056,0.0,0.0
2024-08-23 14:16:00-04:00,415.1400146484375,415.1449890136719,414.8999938964844,414.93499755859375,10592,0.0,0.0
2024-08-23 14:17:00-04:00,414.94000244140625,414.94000244140625,414.7300109863281,414.8299865722656,10880,0.0,0.0
2024-08-23 14:18:00-04:00,414.8399963378906,414.8500061035156,414.739990234375,414.7799987792969,12839,0.0,0.0
2024-08-23 14:19:00-04:00,414.79998779296875,414.95001220703125,414.79998779296875,414.95001220703125,7265,0.0,0.0
2024-08-23 14:20:00-04:00,414.94000244140625,415.0,414.79998779296875,414.79998779296875,15166,0.0,0.0
2024-08-23 14:21:00-04:00,414.801513671875,414.8500061035156,414.7099914550781,414.7099914550781,16007,0.0,0.0
2024-08-23 14:22:00-04:00,414.69000244140625,414.7499084472656,414.3699951171875,414.5,15351,0.0,0.0
2024-08-23 14:23:00-04:00,414.50469970703125,414.6400146484375,414.5000915527344,414.6400146484375,12485,0.0,0.0
2024-08-23 14:24:00-04:00,414.635009765625,414.9590148925781,414.6099853515625,414.94500732421875,13244,0.0,0.0
2024-08-23 14:25:00-04:00,414.94000244140625,414.94000244140625,414.6199951171875,414.6319885253906,20684,0.0,0.0
2024-08-23 14:26:00-04:00,414.6099853515625,414.6549987792969,414.54998779296875,414.6549987792969,11955,0.0,0.0
2024-08-23 14:27:00-04:00,414.6449890136719,414.69000244140625,414.4849853515625,414.510009765625,16534,0.0,0.0
2024-08-23 14:28:00-04:00,414.5,414.69000244140625,414.4729919433594,414.69000244140625,13704,0.0,0.0
2024-08-23 14:29:00-04:00,414.6600036621094,414.7200012207031,414.6199951171875,414.69500732421875,11608,0.0,0.0
2024-08-23 14:30:00-04:00,414.6600036621094,414.71990966796875,414.5400085449219,414.6499938964844,17791,0.0,0.0
2024-08-23 14:31:00-04:00,414.6499938964844,414.6499938964844,414.45001220703125,414.4700012207031,8205,0.0,0.0
2024-08-23 14:32:00-04:00,414.4750061035156,414.53759765625,414.4187927246094,414.5050048828125,15696,0.0,0.0
2024-08-23 14:33:00-04:00,414.48309326171875,414.5400085449219,414.45001220703125,414.49591064453125,10520,0.0,0.0
2024-08-23 14:34:00-04:00,414.4599914550781,414.4599914550781,414.3500061035156,414.3500061035156,11891,0.0,0.0
2024-08-23 14:35:00-04:00,414.32000732421875,414.3299865722656,414.17999267578125,414.2250061035156,36686,0.0,0.0
2024-08-23 14:36:00-04:00,414.2349853515625,414.3299865722656,414.1300048828125,414.19000244140625,20239,0.0,0.0
2024-08-23 14:37:00-04:00,414.17498779296875,414.3490905761719,414.17498779296875,414.20001220703125,17424,0.0,0.0
2024-08-23 14:38:00-04:00,414.2300109863281,414.4200134277344,414.2300109863281,414.28009033203125,14881,0.0,0.0
2024-08-23 14:39:00-04:00,414.2900085449219,414.31500244140625,414.25,414.25,11466,0.0,0.0
2024-08-23 14:40:00-04:00,414.2300109863281,414.30999755859375,414.07000732421875,414.30999755859375,16408,0.0,0.0
2024-08-23 14:41:00-04:00,414.30999755859375,414.489990234375,414.30999755859375,414.3399963378906,29281,0.0,0.0
2024-08-23 14:42:00-04:00,414.3699951171875,414.5398864746094,414.3500061035156,414.364990234375,13029,0.0,0.0
2024-08-23 14:43:00-04:00,414.3699951171875,414.5299987792969,414.32000732421875,414.510009765625,13765,0.0,0.0
2024-08-23 14:44:00-04:00,414.5199890136719,414.5237121582031,414.3700866699219,414.375,9170,0.0,0.0
2024-08-23 14:45:00-04:00,414.3900146484375,414.4849853515625,414.3301086425781,414.43438720703125,18047,0.0,0.0
2024-08-23 14:46:00-04:00,414.42498779296875,414.5899963378906,414.40399169921875,414.5356140136719,21716,0.0,0.0
2024-08-23 14:47:00-04:00,414.4949951171875,414.55999755859375,414.4150085449219,414.5,9667,0.0,0.0
2024-08-23 14:48:00-04:00,414.5119934082031,414.5119934082031,414.3800048828125,414.4100036621094,7278,0.0,0.0
2024-08-23 14:49:00-04:00,414.3599853515625,414.3900146484375,414.2843933105469,414.3900146484375,18010,0.0,0.0
2024-08-23 14:50:00-04:00,414.3599853515625,414.510009765625,414.29998779296875,414.4580078125,16077,0.0,0.0
2024-08-23 14:51:00-04:00,414.4599914550781,414.4599914550781,414.29998779296875,414.340087890625,9899,0.0,0.0
2024-08-23 14:52:00-04:00,414.3829040527344,414.5400085449219,414.3829040527344,414.5199890136719,14327,0.0,0.0
2024-08-23 14:53:00-04:00,414.5199890136719,414.5199890136719,414.3299865722656,414.3500061035156,11122,0.0,0.0
2024-08-23 14:54:00-04:00,414.3399963378906,414.4200134277344,414.32000732421875,414.4200134277344,8925,0.0,0.0
2024-08-23 14:55:00-04:00,414.4700012207031,414.5150146484375,414.4100036621094,414.4100036621094,14024,0.0,0.0
2024-08-23 14:56:00-04:00,414.3699951171875,414.4200134277344,414.2799987792969,414.4200134277344,13695,0.0,0.0
2024-08-23 14:57:00-04:00,414.40771484375,414.45001220703125,414.29998779296875,414.3599853515625,18062,0.0,0.0
2024-08-23 14:58:00-04:00,414.3900146484375,414.3900146484375,414.07000732421875,414.28240966796875,28112,0.0,0.0
2024-08-23 14:59:00-04:00,414.3699951171875,414.4800109863281,414.2900085449219,414.3999938964844,18350,0.0,0.0
2024-08-23 15:00:00-04:00,414.4200134277344,414.5299987792969,414.3699951171875,414.3699951171875,11678,0.0,0.0
2024-08-23 15:01:00-04:00,414.2900085449219,414.3800048828125,414.1700134277344,414.3299865722656,15139,0.0,0.0
2024-08-23 15:02:00-04:00,414.3500061035156,414.4100036621094,414.2200012207031,414.2699890136719,16803,0.0,0.0
2024-08-23 15:03:00-04:00,414.2449951171875,414.44000244140625,414.2449951171875,414.3999938964844,15598,0.0,0.0
2024-08-23 15:04:00-04:00,414.42999267578125,414.4800109863281,414.3399963378906,414.42999267578125,28864,0.0,0.0
2024-08-23 15:05:00-04:00,414.4100036621094,414.6549987792969,414.4100036621094,414.6449890136719,25543,0.0,0.0
2024-08-23 15:06:00-04:00,414.6630859375,414.6630859375,414.4750061035156,414.6050109863281,23933,0.0,0.0
2024-08-23 15:07:00-04:00,414.5899963378906,414.70001220703125,414.5299987792969,414.54998779296875,22617,0.0,0.0
2024-08-23 15:08:00-04:00,414.54998779296875,414.6897888183594,414.4400939941406,414.5199890136719,25133,0.0,0.0
2024-08-23 15:09:00-04:00,414.5,414.57000732421875,414.4775085449219,414.4800109863281,18516,0.0,0.0
2024-08-23 15:10:00-04:00,414.4849853515625,414.7267150878906,414.4700012207031,414.7267150878906,24640,0.0,0.0
2024-08-23 15:11:00-04:00,414.7200012207031,415.11810302734375,414.7099914550781,415.010009765625,34287,0.0,0.0
2024-08-23 15:12:00-04:00,415.0150146484375,415.0150146484375,414.9049987792969,414.9200134277344,14933,0.0,0.0
2024-08-23 15:13:00-04:00,414.9100036621094,415.6199951171875,414.9100036621094,415.3999938964844,76646,0.0,0.0
2024-08-23 15:14:00-04:00,415.3699951171875,415.45001220703125,415.31500244140625,415.4200134277344,23429,0.0,0.0
2024-08-23 15:15:00-04:00,415.4100036621094,415.4599914550781,415.30999755859375,415.3500061035156,17957,0.0,0.0
2024-08-23 15:16:00-04:00,415.3900146484375,415.489990234375,415.2300109863281,415.3399963378906,23971,0.0,0.0
2024-08-23 15:17:00-04:00,415.3999938964844,415.5799865722656,415.34759521484375,415.5577087402344,22188,0.0,0.0
2024-08-23 15:18:00-04:00,415.57000732421875,415.6400146484375,415.5249938964844,415.62469482421875,18664,0.0,0.0
2024-08-23 15:19:00-04:00,415.5899963378906,415.79998779296875,415.5899963378906,415.7699890136719,30331,0.0,0.0
2024-08-23 15:20:00-04:00,415.79998779296875,415.9661865234375,415.7900085449219,415.7900085449219,27962,0.0,0.0
2024-08-23 15:21:00-04:00,415.8370056152344,415.8450012207031,415.67999267578125,415.7591857910156,17210,0.0,0.0
2024-08-23 15:22:00-04:00,415.7401123046875,415.8399963378906,415.7401123046875,415.7699890136719,16910,0.0,0.0
2024-08-23 15:23:00-04:00,415.739990234375,415.94000244140625,415.7200927734375,415.8500061035156,22728,0.0,0.0
2024-08-23 15:24:00-04:00,415.8299865722656,416.0899963378906,415.8299865722656,415.9599914550781,34460,0.0,0.0
2024-08-23 15:25:00-04:00,416.0199890136719,416.1796875,415.95001220703125,415.9700012207031,15337,0.0,0.0
2024-08-23 15:26:00-04:00,415.9307861328125,416.17999267578125,415.9307861328125,416.0299987792969,19670,0.0,0.0
2024-08-23 15:27:00-04:00,416.04730224609375,416.1700134277344,416.0201110839844,416.125,13509,0.0,0.0
2024-08-23 15:28:00-04:00,416.12799072265625,416.19000244140625,416.04998779296875,416.1123046875,34651,0.0,0.0
2024-08-23 15:29:00-04:00,416.1400146484375,416.3045959472656,416.1099853515625,416.2099914550781,23082,0.0,0.0
2024-08-23 15:30:00-04:00,416.2749938964844,416.3399963378906,416.1700134277344,416.2099914550781,25832,0.0,0.0
2024-08-23 15:31:00-04:00,416.2900085449219,416.30999755859375,415.989990234375,416.0000915527344,23086,0.0,0.0
2024-08-23 15:32:00-04:00,416.0299987792969,416.0400085449219,415.885009765625,416.0101013183594,22074,0.0,0.0
2024-08-23 15:33:00-04:00,416.010009765625,416.1300048828125,415.9800109863281,416.0950012207031,16365,0.0,0.0
2024-08-23 15:34:00-04:00,416.1158142089844,416.1300048828125,415.8901062011719,416.04998779296875,20625,0.0,0.0
2024-08-23 15:35:00-04:00,416.0199890136719,416.09051513671875,415.95001220703125,415.9599914550781,14527,0.0,0.0
2024-08-23 15:36:00-04:00,415.92999267578125,415.92999267578125,415.7300109863281,415.9100036621094,46875,0.0,0.0
2024-08-23 15:37:00-04:00,415.9065856933594,415.95001220703125,415.760009765625,415.79278564453125,15077,0.0,0.0
2024-08-23 15:38:00-04:00,415.80499267578125,415.92999267578125,415.80499267578125,415.82501220703125,17964,0.0,0.0
2024-08-23 15:39:00-04:00,415.8500061035156,415.8599853515625,415.67010498046875,415.81500244140625,26866,0.0,0.0
2024-08-23 15:40:00-04:00,415.8008117675781,416.0799865722656,415.8008117675781,416.07501220703125,37917,0.0,0.0
2024-08-23 15:41:00-04:00,416.07000732421875,416.1000061035156,415.9100036621094,416.02178955078125,28186,0.0,0.0
2024-08-23 15:42:00-04:00,416.0400085449219,416.0400085449219,415.75,415.7900085449219,22491,0.0,0.0
2024-08-23 15:43:00-04:00,415.8399963378906,415.8399963378906,415.5744934082031,415.57720947265625,26789,0.0,0.0
2024-08-23 15:44:00-04:00,415.6000061035156,415.68499755859375,415.54998779296875,415.5589904785156,18768,0.0,0.0
2024-08-23 15:45:00-04:00,415.5400085449219,415.5450134277344,414.94000244140625,415.2799987792969,36951,0.0,0.0
2024-08-23 15:46:00-04:00,415.32000732421875,415.3598937988281,415.18499755859375,415.260009765625,24456,0.0,0.0
2024-08-23 15:47:00-04:00,415.239990234375,415.5299987792969,415.239990234375,415.3500061035156,33761,0.0,0.0
2024-08-23 15:48:00-04:00,415.3450012207031,415.7099914550781,415.33599853515625,415.69500732421875,32702,0.0,0.0
2024-08-23 15:49:00-04:00,415.6400146484375,415.79998779296875,415.6000061035156,415.75,28784,0.0,0.0
2024-08-23 15:50:00-04:00,415.739990234375,416.0899963378906,415.6199951171875,415.79998779296875,86620,0.0,0.0
2024-08-23 15:51:00-04:00,415.7900085449219,416.1000061035156,415.7900085449219,415.9599914550781,46196,0.0,0.0
2024-08-23 15:52:00-04:00,415.95001220703125,416.0849914550781,415.67999267578125,415.7550048828125,50006,0.0,0.0
2024-08-23 15:53:00-04:00,415.760009765625,416.0299987792969,415.7102966308594,415.8699951171875,55434,0.0,0.0
2024-08-23 15:54:00-04:00,415.9700012207031,416.4200134277344,415.864990234375,416.4200134277344,141925,0.0,0.0
2024-08-23 15:55:00-04:00,416.4150085449219,417.1400146484375,416.3450012207031,416.45001220703125,213017,0.0,0.0
2024-08-23 15:56:00-04:00,416.45001220703125,416.8599853515625,416.3800048828125,416.635009765625,108456,0.0,0.0
2024-08-23 15:57:00-04:00,416.6499938964844,416.95001220703125,416.5899963378906,416.8299865722656,164170,0.0,0.0
2024-08-23 15:58:00-04:00,416.80499267578125,416.9100036621094,416.75,416.82000732421875,148208,0.0,0.0
2024-08-23 15:59:00-04:00,416.81500244140625,417.0799865722656,416.4800109863281,416.5799865722656,521439,0.0,0.0
