Datetime,Open,High,Low,Close,Volume,Dividends,Stock Splits
2024-08-19 09:30:00-04:00,72.8499984741211,72.8499984741211,72.8499984741211,72.8499984741211,4880,0.0,0.0
2024-08-19 09:31:00-04:00,72.5199966430664,72.5199966430664,72.51000213623047,72.51000213623047,1151,0.0,0.0
2024-08-19 09:33:00-04:00,72.56500244140625,72.56500244140625,72.56500244140625,72.56500244140625,308,0.0,0.0
2024-08-19 09:36:00-04:00,72.87999725341797,73.11000061035156,72.87999725341797,73.11000061035156,2051,0.0,0.0
2024-08-19 09:37:00-04:00,72.95999908447266,72.95999908447266,72.91000366210938,72.94999694824219,1554,0.0,0.0
2024-08-19 09:38:00-04:00,72.95999908447266,72.98500061035156,72.95999908447266,72.98500061035156,625,0.0,0.0
2024-08-19 09:39:00-04:00,72.94000244140625,73.0999984741211,72.93000030517578,73.0999984741211,1454,0.0,0.0
2024-08-19 09:40:00-04:00,73.0999984741211,73.0999984741211,73.0999984741211,73.0999984741211,768,0.0,0.0
2024-08-19 09:44:00-04:00,73.0,73.0,73.0,73.0,148,0.0,0.0
2024-08-19 09:45:00-04:00,72.92359924316406,72.94390106201172,72.92359924316406,72.94390106201172,409,0.0,0.0
2024-08-19 09:48:00-04:00,72.80999755859375,72.87999725341797,72.80999755859375,72.87999725341797,409,0.0,0.0
2024-08-19 09:49:00-04:00,72.7699966430664,72.87999725341797,72.7699966430664,72.87999725341797,815,0.0,0.0
2024-08-19 09:50:00-04:00,73.0,73.0,73.0,73.0,778,0.0,0.0
2024-08-19 09:51:00-04:00,72.9800033569336,72.9800033569336,72.97000122070312,72.97000122070312,1236,0.0,0.0
2024-08-19 10:03:00-04:00,72.94999694824219,72.94999694824219,72.94999694824219,72.94999694824219,850,0.0,0.0
2024-08-19 10:07:00-04:00,73.08000183105469,73.08000183105469,73.08000183105469,73.08000183105469,752,0.0,0.0
2024-08-19 10:08:00-04:00,73.02999877929688,73.12999725341797,72.96499633789062,73.12999725341797,446,0.0,0.0
2024-08-19 10:09:00-04:00,73.13500213623047,73.13500213623047,73.13500213623047,73.13500213623047,471,0.0,0.0
2024-08-19 10:10:00-04:00,73.23999786376953,73.23999786376953,73.23999786376953,73.23999786376953,623,0.0,0.0
2024-08-19 10:12:00-04:00,73.47000122070312,73.47000122070312,73.47000122070312,73.47000122070312,2264,0.0,0.0
2024-08-19 10:13:00-04:00,73.77999877929688,73.77999877929688,73.62999725341797,73.62999725341797,1318,0.0,0.0
2024-08-19 10:14:00-04:00,73.76499938964844,73.76499938964844,73.76499938964844,73.76499938964844,113,0.0,0.0
2024-08-19 10:15:00-04:00,73.76000213623047,73.76000213623047,73.76000213623047,73.76000213623047,346,0.0,0.0
2024-08-19 10:16:00-04:00,73.62000274658203,73.62000274658203,73.55000305175781,73.55000305175781,2824,0.0,0.0
2024-08-19 10:18:00-04:00,73.41999816894531,73.41999816894531,73.41999816894531,73.41999816894531,437,0.0,0.0
2024-08-19 10:20:00-04:00,73.44249725341797,73.44249725341797,73.4000015258789,73.4000015258789,1679,0.0,0.0
2024-08-19 10:21:00-04:00,73.4000015258789,73.40499877929688,73.19999694824219,73.40499877929688,4179,0.0,0.0
2024-08-19 10:22:00-04:00,73.29499816894531,73.29499816894531,73.29499816894531,73.29499816894531,311,0.0,0.0
2024-08-19 10:23:00-04:00,73.29000091552734,73.29000091552734,73.29000091552734,73.29000091552734,154,0.0,0.0
2024-08-19 10:25:00-04:00,73.3499984741211,73.3499984741211,73.29000091552734,73.29000091552734,1293,0.0,0.0
2024-08-19 10:27:00-04:00,73.2750015258789,73.41000366210938,73.2750015258789,73.4000015258789,1384,0.0,0.0
2024-08-19 10:31:00-04:00,73.2979965209961,73.43000030517578,73.28500366210938,73.38500213623047,7654,0.0,0.0
2024-08-19 10:32:00-04:00,73.5,73.5,73.4800033569336,73.5,4857,0.0,0.0
2024-08-19 10:33:00-04:00,73.45999908447266,73.5,73.45999908447266,73.5,710,0.0,0.0
2024-08-19 10:34:00-04:00,73.46499633789062,73.46499633789062,73.46499633789062,73.46499633789062,752,0.0,0.0
2024-08-19 10:35:00-04:00,73.5,73.7300033569336,73.5,73.66000366210938,1796,0.0,0.0
2024-08-19 10:36:00-04:00,73.58000183105469,73.58499908447266,73.5,73.57499694824219,4125,0.0,0.0
2024-08-19 10:39:00-04:00,73.52999877929688,73.52999877929688,73.44999694824219,73.44999694824219,402,0.0,0.0
2024-08-19 10:41:00-04:00,73.58000183105469,73.58000183105469,73.58000183105469,73.58000183105469,499,0.0,0.0
2024-08-19 10:43:00-04:00,73.58000183105469,73.62000274658203,73.58000183105469,73.62000274658203,1038,0.0,0.0
2024-08-19 10:45:00-04:00,73.76000213623047,73.76000213623047,73.76000213623047,73.76000213623047,115,0.0,0.0
2024-08-19 10:46:00-04:00,73.80000305175781,73.80000305175781,73.80000305175781,73.80000305175781,483,0.0,0.0
2024-08-19 10:49:00-04:00,73.83499908447266,73.83499908447266,73.79000091552734,73.83499908447266,1412,0.0,0.0
2024-08-19 10:51:00-04:00,73.83499908447266,73.83999633789062,73.83499908447266,73.83999633789062,478,0.0,0.0
2024-08-19 10:52:00-04:00,73.88999938964844,73.88999938964844,73.87999725341797,73.87999725341797,615,0.0,0.0
2024-08-19 10:53:00-04:00,73.9000015258789,73.9000015258789,73.88999938964844,73.88999938964844,549,0.0,0.0
2024-08-19 10:54:00-04:00,73.98999786376953,73.98999786376953,73.98999786376953,73.98999786376953,1984,0.0,0.0
2024-08-19 10:56:00-04:00,73.79000091552734,73.81500244140625,73.78669738769531,73.78669738769531,1122,0.0,0.0
2024-08-19 10:58:00-04:00,73.81999969482422,73.81999969482422,73.81999969482422,73.81999969482422,447,0.0,0.0
2024-08-19 10:59:00-04:00,73.80000305175781,73.80999755859375,73.80000305175781,73.80000305175781,1109,0.0,0.0
2024-08-19 11:02:00-04:00,73.78500366210938,73.78500366210938,73.78500366210938,73.78500366210938,642,0.0,0.0
2024-08-19 11:05:00-04:00,73.83000183105469,73.83000183105469,73.83000183105469,73.83000183105469,356,0.0,0.0
2024-08-19 11:06:00-04:00,73.78500366210938,73.78500366210938,73.78500366210938,73.78500366210938,212,0.0,0.0
2024-08-19 11:07:00-04:00,73.78500366210938,73.78500366210938,73.78500366210938,73.78500366210938,692,0.0,0.0
2024-08-19 11:09:00-04:00,73.80000305175781,73.81950378417969,73.80000305175781,73.81950378417969,249,0.0,0.0
2024-08-19 11:10:00-04:00,73.86000061035156,73.86000061035156,73.70999908447266,73.73249816894531,555,0.0,0.0
2024-08-19 11:11:00-04:00,73.79499816894531,73.9800033569336,73.79499816894531,73.9800033569336,4086,0.0,0.0
2024-08-19 11:13:00-04:00,73.91000366210938,73.91000366210938,73.80000305175781,73.80000305175781,2407,0.0,0.0
2024-08-19 11:14:00-04:00,73.82499694824219,73.82499694824219,73.82499694824219,73.82499694824219,366,0.0,0.0
2024-08-19 11:18:00-04:00,73.83999633789062,73.83999633789062,73.83999633789062,73.83999633789062,1141,0.0,0.0
2024-08-19 11:20:00-04:00,73.79000091552734,73.79000091552734,73.79000091552734,73.79000091552734,796,0.0,0.0
2024-08-19 11:21:00-04:00,73.81999969482422,73.81999969482422,73.81999969482422,73.81999969482422,584,0.0,0.0
2024-08-19 11:23:00-04:00,73.79000091552734,73.79000091552734,73.79000091552734,73.79000091552734,876,0.0,0.0
2024-08-19 11:25:00-04:00,73.69000244140625,73.69000244140625,73.61000061035156,73.61000061035156,2451,0.0,0.0
2024-08-19 11:26:00-04:00,73.6449966430664,73.6449966430664,73.6449966430664,73.6449966430664,389,0.0,0.0
2024-08-19 11:29:00-04:00,73.625,73.625,73.625,73.625,556,0.0,0.0
2024-08-19 11:32:00-04:00,73.62000274658203,73.62000274658203,73.62000274658203,73.62000274658203,106,0.0,0.0
2024-08-19 11:33:00-04:00,73.62000274658203,73.62000274658203,73.62000274658203,73.62000274658203,793,0.0,0.0
2024-08-19 11:34:00-04:00,73.7300033569336,73.83000183105469,73.7300033569336,73.83000183105469,393,0.0,0.0
2024-08-19 11:35:00-04:00,73.75800323486328,73.75800323486328,73.75800323486328,73.75800323486328,519,0.0,0.0
2024-08-19 11:36:00-04:00,73.73999786376953,73.73999786376953,73.73999786376953,73.73999786376953,872,0.0,0.0
2024-08-19 11:39:00-04:00,73.81500244140625,73.81500244140625,73.81500244140625,73.81500244140625,138,0.0,0.0
2024-08-19 11:40:00-04:00,73.75499725341797,73.75499725341797,73.75499725341797,73.75499725341797,412,0.0,0.0
2024-08-19 11:41:00-04:00,73.82499694824219,73.82499694824219,73.82499694824219,73.82499694824219,598,0.0,0.0
2024-08-19 11:42:00-04:00,73.69000244140625,73.69000244140625,73.66000366210938,73.66000366210938,2061,0.0,0.0
2024-08-19 11:47:00-04:00,73.75499725341797,73.75499725341797,73.75499725341797,73.75499725341797,187,0.0,0.0
2024-08-19 11:48:00-04:00,73.75499725341797,73.75499725341797,73.75499725341797,73.75499725341797,620,0.0,0.0
2024-08-19 11:50:00-04:00,73.7750015258789,73.7750015258789,73.7750015258789,73.7750015258789,466,0.0,0.0
2024-08-19 11:51:00-04:00,73.7750015258789,73.7750015258789,73.7750015258789,73.7750015258789,109,0.0,0.0
2024-08-19 11:52:00-04:00,73.7750015258789,73.7750015258789,73.7750015258789,73.7750015258789,1090,0.0,0.0
2024-08-19 11:56:00-04:00,73.66999816894531,73.69999694824219,73.62999725341797,73.62999725341797,2894,0.0,0.0
2024-08-19 12:01:00-04:00,73.44999694824219,73.44999694824219,73.44999694824219,73.44999694824219,2055,0.0,0.0
2024-08-19 12:02:00-04:00,73.44999694824219,73.44999694824219,73.44999694824219,73.44999694824219,709,0.0,0.0
2024-08-19 12:03:00-04:00,73.50499725341797,73.50499725341797,73.50499725341797,73.50499725341797,574,0.0,0.0
2024-08-19 12:07:00-04:00,73.5,73.5,73.5,73.5,426,0.0,0.0
2024-08-19 12:08:00-04:00,73.53399658203125,73.53399658203125,73.53399658203125,73.53399658203125,889,0.0,0.0
2024-08-19 12:10:00-04:00,73.58499908447266,73.58499908447266,73.58499908447266,73.58499908447266,469,0.0,0.0
2024-08-19 12:15:00-04:00,73.5199966430664,73.5199966430664,73.5199966430664,73.5199966430664,485,0.0,0.0
2024-08-19 12:18:00-04:00,73.5250015258789,73.5250015258789,73.5250015258789,73.5250015258789,318,0.0,0.0
2024-08-19 12:20:00-04:00,73.51000213623047,73.51000213623047,73.51000213623047,73.51000213623047,166,0.0,0.0
2024-08-19 12:21:00-04:00,73.48999786376953,73.48999786376953,73.48999786376953,73.48999786376953,112,0.0,0.0
2024-08-19 12:22:00-04:00,73.5,73.5,73.5,73.5,270,0.0,0.0
2024-08-19 12:25:00-04:00,73.5999984741211,73.69999694824219,73.5999984741211,73.69999694824219,1270,0.0,0.0
2024-08-19 12:26:00-04:00,73.66999816894531,73.70999908447266,73.61000061035156,73.66999816894531,2153,0.0,0.0
2024-08-19 12:27:00-04:00,73.73999786376953,73.73999786376953,73.73999786376953,73.73999786376953,498,0.0,0.0
2024-08-19 12:29:00-04:00,73.7300033569336,73.7300033569336,73.7300033569336,73.7300033569336,202,0.0,0.0
2024-08-19 12:30:00-04:00,73.66999816894531,73.66999816894531,73.55000305175781,73.56500244140625,4484,0.0,0.0
2024-08-19 12:32:00-04:00,73.56500244140625,73.56500244140625,73.56500244140625,73.56500244140625,293,0.0,0.0
2024-08-19 12:33:00-04:00,73.56500244140625,73.56500244140625,73.56500244140625,73.56500244140625,161,0.0,0.0
2024-08-19 12:34:00-04:00,73.56500244140625,73.56500244140625,73.56500244140625,73.56500244140625,433,0.0,0.0
2024-08-19 12:37:00-04:00,73.56500244140625,73.56500244140625,73.56500244140625,73.56500244140625,371,0.0,0.0
2024-08-19 12:38:00-04:00,73.56500244140625,73.5999984741211,73.56500244140625,73.5999984741211,2938,0.0,0.0
2024-08-19 12:44:00-04:00,73.55000305175781,73.55000305175781,73.55000305175781,73.55000305175781,517,0.0,0.0
2024-08-19 12:46:00-04:00,73.5999984741211,73.5999984741211,73.5999984741211,73.5999984741211,223,0.0,0.0
2024-08-19 12:47:00-04:00,73.5999984741211,73.5999984741211,73.56500244140625,73.56500244140625,827,0.0,0.0
2024-08-19 12:48:00-04:00,73.5999984741211,73.5999984741211,73.5999984741211,73.5999984741211,1861,0.0,0.0
2024-08-19 12:49:00-04:00,73.56500244140625,73.56500244140625,73.54000091552734,73.54499816894531,1386,0.0,0.0
2024-08-19 12:50:00-04:00,73.55000305175781,73.55000305175781,73.55000305175781,73.55000305175781,446,0.0,0.0
2024-08-19 12:53:00-04:00,73.5999984741211,73.5999984741211,73.56999969482422,73.56999969482422,2446,0.0,0.0
2024-08-19 12:55:00-04:00,73.55000305175781,73.55999755859375,73.55000305175781,73.55999755859375,555,0.0,0.0
2024-08-19 12:56:00-04:00,73.5999984741211,73.5999984741211,73.59200286865234,73.59200286865234,805,0.0,0.0
2024-08-19 12:57:00-04:00,73.5999984741211,73.5999984741211,73.5999984741211,73.5999984741211,9,0.0,0.0
2024-08-19 12:58:00-04:00,73.5999984741211,73.5999984741211,73.5999984741211,73.5999984741211,213,0.0,0.0
2024-08-19 12:59:00-04:00,73.55000305175781,73.68499755859375,73.54000091552734,73.68499755859375,986,0.0,0.0
2024-08-19 13:00:00-04:00,73.68000030517578,73.75,73.66000366210938,73.75,866,0.0,0.0
2024-08-19 13:01:00-04:00,73.70500183105469,73.70500183105469,73.70500183105469,73.70500183105469,299,0.0,0.0
2024-08-19 13:03:00-04:00,73.82499694824219,73.82499694824219,73.8124008178711,73.8124008178711,550,0.0,0.0
2024-08-19 13:04:00-04:00,73.83000183105469,73.83000183105469,73.69999694824219,73.77999877929688,1304,0.0,0.0
2024-08-19 13:05:00-04:00,73.77999877929688,73.77999877929688,73.77999877929688,73.77999877929688,777,0.0,0.0
2024-08-19 13:12:00-04:00,73.88999938964844,73.9000015258789,73.82499694824219,73.9000015258789,622,0.0,0.0
2024-08-19 13:15:00-04:00,73.91999816894531,73.94000244140625,73.91999816894531,73.94000244140625,833,0.0,0.0
2024-08-19 13:16:00-04:00,74.0,74.0,74.0,74.0,447,0.0,0.0
2024-08-19 13:17:00-04:00,74.0,74.0,74.0,74.0,397,0.0,0.0
2024-08-19 13:18:00-04:00,74.11000061035156,74.18499755859375,74.0,74.0,4019,0.0,0.0
2024-08-19 13:21:00-04:00,74.06500244140625,74.06500244140625,74.06500244140625,74.06500244140625,215,0.0,0.0
2024-08-19 13:22:00-04:00,74.06500244140625,74.06500244140625,74.06500244140625,74.06500244140625,344,0.0,0.0
2024-08-19 13:23:00-04:00,74.06500244140625,74.07250213623047,73.88999938964844,73.95999908447266,5051,0.0,0.0
2024-08-19 13:26:00-04:00,74.0199966430664,74.0199966430664,74.0,74.0,535,0.0,0.0
2024-08-19 13:27:00-04:00,74.0,74.0,74.0,74.0,315,0.0,0.0
2024-08-19 13:28:00-04:00,74.0,74.02999877929688,73.9749984741211,74.02999877929688,6888,0.0,0.0
2024-08-19 13:34:00-04:00,73.99500274658203,73.99500274658203,73.99500274658203,73.99500274658203,370,0.0,0.0
2024-08-19 13:36:00-04:00,73.98400115966797,73.98400115966797,73.98400115966797,73.98400115966797,152,0.0,0.0
2024-08-19 13:37:00-04:00,74.05000305175781,74.05000305175781,74.0,74.0,552,0.0,0.0
2024-08-19 13:39:00-04:00,73.9800033569336,73.9800033569336,73.9800033569336,73.9800033569336,486,0.0,0.0
2024-08-19 13:43:00-04:00,73.9749984741211,74.02999877929688,73.9749984741211,74.02999877929688,819,0.0,0.0
2024-08-19 13:44:00-04:00,74.0,74.0,74.0,74.0,741,0.0,0.0
2024-08-19 13:45:00-04:00,73.95999908447266,73.9749984741211,73.95999908447266,73.9749984741211,547,0.0,0.0
2024-08-19 13:46:00-04:00,73.96499633789062,73.96499633789062,73.96499633789062,73.96499633789062,518,0.0,0.0
2024-08-19 13:47:00-04:00,73.94499969482422,73.94499969482422,73.94499969482422,73.94499969482422,745,0.0,0.0
2024-08-19 13:50:00-04:00,73.93000030517578,73.93000030517578,73.93000030517578,73.93000030517578,300,0.0,0.0
2024-08-19 13:51:00-04:00,73.93000030517578,73.95999908447266,73.93000030517578,73.95999908447266,445,0.0,0.0
2024-08-19 13:52:00-04:00,73.9749984741211,73.98999786376953,73.97000122070312,73.98999786376953,2589,0.0,0.0
2024-08-19 13:58:00-04:00,74.0,74.0,74.0,74.0,2938,0.0,0.0
2024-08-19 14:03:00-04:00,73.98999786376953,74.0,73.94999694824219,73.94999694824219,2138,0.0,0.0
2024-08-19 14:04:00-04:00,73.98999786376953,73.98999786376953,73.98999786376953,73.98999786376953,191,0.0,0.0
2024-08-19 14:05:00-04:00,74.0,74.0,74.0,74.0,451,0.0,0.0
2024-08-19 14:07:00-04:00,73.97000122070312,73.97000122070312,73.88999938964844,73.97000122070312,3338,0.0,0.0
2024-08-19 14:09:00-04:00,73.95999908447266,74.01000213623047,73.95999908447266,74.00499725341797,1210,0.0,0.0
2024-08-19 14:11:00-04:00,74.06099700927734,74.06099700927734,74.06099700927734,74.06099700927734,244,0.0,0.0
2024-08-19 14:13:00-04:00,74.06500244140625,74.06500244140625,74.05999755859375,74.05999755859375,646,0.0,0.0
2024-08-19 14:14:00-04:00,74.05500030517578,74.05500030517578,74.05500030517578,74.05500030517578,3414,0.0,0.0
2024-08-19 14:15:00-04:00,74.05000305175781,74.05000305175781,74.05000305175781,74.05000305175781,297,0.0,0.0
2024-08-19 14:17:00-04:00,74.04499816894531,74.04499816894531,74.04499816894531,74.04499816894531,151,0.0,0.0
2024-08-19 14:19:00-04:00,74.03500366210938,74.03500366210938,74.03500366210938,74.03500366210938,512,0.0,0.0
2024-08-19 14:20:00-04:00,74.02999877929688,74.02999877929688,74.02999877929688,74.02999877929688,367,0.0,0.0
2024-08-19 14:22:00-04:00,74.03500366210938,74.03500366210938,74.02999877929688,74.03500366210938,1233,0.0,0.0
2024-08-19 14:23:00-04:00,74.03500366210938,74.03500366210938,74.03500366210938,74.03500366210938,366,0.0,0.0
2024-08-19 14:24:00-04:00,74.03500366210938,74.03500366210938,74.03500366210938,74.03500366210938,1123,0.0,0.0
2024-08-19 14:27:00-04:00,74.05000305175781,74.05000305175781,74.05000305175781,74.05000305175781,645,0.0,0.0
2024-08-19 14:28:00-04:00,74.06999969482422,74.06999969482422,74.06999969482422,74.06999969482422,366,0.0,0.0
2024-08-19 14:29:00-04:00,74.06500244140625,74.06500244140625,74.06500244140625,74.06500244140625,132,0.0,0.0
2024-08-19 14:30:00-04:00,74.06500244140625,74.06500244140625,74.04000091552734,74.04000091552734,1084,0.0,0.0
2024-08-19 14:32:00-04:00,74.0,74.0,73.9800033569336,73.9800033569336,1289,0.0,0.0
2024-08-19 14:33:00-04:00,74.01000213623047,74.01499938964844,74.01000213623047,74.01499938964844,1168,0.0,0.0
2024-08-19 14:34:00-04:00,74.01000213623047,74.01000213623047,74.01000213623047,74.01000213623047,480,0.0,0.0
2024-08-19 14:35:00-04:00,73.94999694824219,73.98999786376953,73.94000244140625,73.98999786376953,1371,0.0,0.0
2024-08-19 14:36:00-04:00,73.94999694824219,74.0,73.86000061035156,74.0,6807,0.0,0.0
2024-08-19 14:37:00-04:00,73.94000244140625,74.0199966430664,73.94000244140625,74.0199966430664,411,0.0,0.0
2024-08-19 14:38:00-04:00,74.01000213623047,74.01000213623047,74.01000213623047,74.01000213623047,140,0.0,0.0
2024-08-19 14:40:00-04:00,74.0,74.04499816894531,74.0,74.03500366210938,2436,0.0,0.0
2024-08-19 14:41:00-04:00,74.0250015258789,74.0250015258789,74.0250015258789,74.0250015258789,293,0.0,0.0
2024-08-19 14:42:00-04:00,74.01499938964844,74.02999877929688,74.01499938964844,74.02999877929688,357,0.0,0.0
2024-08-19 14:44:00-04:00,74.06999969482422,74.06999969482422,74.06999969482422,74.06999969482422,671,0.0,0.0
2024-08-19 14:46:00-04:00,74.04499816894531,74.04499816894531,74.04499816894531,74.04499816894531,309,0.0,0.0
2024-08-19 14:49:00-04:00,74.05000305175781,74.05000305175781,73.97000122070312,74.05000305175781,1880,0.0,0.0
2024-08-19 14:50:00-04:00,73.9800033569336,74.02249908447266,73.96499633789062,73.96499633789062,743,0.0,0.0
2024-08-19 14:51:00-04:00,73.95010375976562,73.95010375976562,73.95010375976562,73.95010375976562,281,0.0,0.0
2024-08-19 14:52:00-04:00,74.0250015258789,74.0250015258789,74.0250015258789,74.0250015258789,297,0.0,0.0
2024-08-19 14:53:00-04:00,74.0250015258789,74.0250015258789,74.0250015258789,74.0250015258789,783,0.0,0.0
2024-08-19 14:55:00-04:00,74.02999877929688,74.02999877929688,74.02999877929688,74.02999877929688,827,0.0,0.0
2024-08-19 14:56:00-04:00,73.94999694824219,74.0,73.94000244140625,73.98500061035156,2759,0.0,0.0
2024-08-19 14:57:00-04:00,73.97000122070312,73.97000122070312,73.97000122070312,73.97000122070312,251,0.0,0.0
2024-08-19 14:58:00-04:00,73.95999908447266,74.0,73.93000030517578,74.0,1028,0.0,0.0
2024-08-19 14:59:00-04:00,73.93000030517578,74.00399780273438,73.93000030517578,74.00399780273438,373,0.0,0.0
2024-08-19 15:00:00-04:00,73.94000244140625,73.97000122070312,73.93000030517578,73.97000122070312,735,0.0,0.0
2024-08-19 15:01:00-04:00,74.0199966430664,74.0199966430664,74.0199966430664,74.0199966430664,727,0.0,0.0
2024-08-19 15:03:00-04:00,73.93499755859375,73.93499755859375,73.93499755859375,73.93499755859375,340,0.0,0.0
2024-08-19 15:04:00-04:00,73.91999816894531,73.93499755859375,73.87999725341797,73.93000030517578,2236,0.0,0.0
2024-08-19 15:06:00-04:00,73.94999694824219,73.94999694824219,73.94999694824219,73.94999694824219,348,0.0,0.0
2024-08-19 15:07:00-04:00,73.9800033569336,74.01499938964844,73.95999908447266,73.95999908447266,3860,0.0,0.0
2024-08-19 15:08:00-04:00,73.94000244140625,73.96499633789062,73.91000366210938,73.91000366210938,2100,0.0,0.0
2024-08-19 15:13:00-04:00,73.9489974975586,73.9489974975586,73.88999938964844,73.88999938964844,1302,0.0,0.0
2024-08-19 15:15:00-04:00,73.91000366210938,73.91000366210938,73.91000366210938,73.91000366210938,167,0.0,0.0
2024-08-19 15:17:00-04:00,73.9000015258789,73.91999816894531,73.9000015258789,73.91999816894531,769,0.0,0.0
2024-08-19 15:18:00-04:00,73.88999938964844,73.88999938964844,73.83000183105469,73.87000274658203,971,0.0,0.0
2024-08-19 15:19:00-04:00,73.93000030517578,73.94000244140625,73.90499877929688,73.93000030517578,1715,0.0,0.0
2024-08-19 15:20:00-04:00,73.87999725341797,73.87999725341797,73.83999633789062,73.83999633789062,1312,0.0,0.0
2024-08-19 15:22:00-04:00,73.77999877929688,73.77999877929688,73.77999877929688,73.77999877929688,1324,0.0,0.0
2024-08-19 15:27:00-04:00,73.76499938964844,73.80000305175781,73.76499938964844,73.80000305175781,992,0.0,0.0
2024-08-19 15:28:00-04:00,73.8550033569336,73.8550033569336,73.8550033569336,73.8550033569336,603,0.0,0.0
2024-08-19 15:31:00-04:00,73.80000305175781,73.81999969482422,73.79000091552734,73.79000091552734,2181,0.0,0.0
2024-08-19 15:32:00-04:00,73.79499816894531,73.80999755859375,73.76000213623047,73.80999755859375,2183,0.0,0.0
2024-08-19 15:34:00-04:00,73.81999969482422,73.83899688720703,73.81999969482422,73.83899688720703,722,0.0,0.0
2024-08-19 15:36:00-04:00,73.78500366210938,73.78500366210938,73.78500366210938,73.78500366210938,147,0.0,0.0
2024-08-19 15:37:00-04:00,73.83000183105469,73.83000183105469,73.83000183105469,73.83000183105469,1098,0.0,0.0
2024-08-19 15:38:00-04:00,73.80000305175781,73.80000305175781,73.80000305175781,73.80000305175781,308,0.0,0.0
2024-08-19 15:39:00-04:00,73.77999877929688,73.77999877929688,73.69999694824219,73.75,3603,0.0,0.0
2024-08-19 15:40:00-04:00,73.73999786376953,73.7699966430664,73.73999786376953,73.75,1904,0.0,0.0
2024-08-19 15:41:00-04:00,73.77999877929688,73.81999969482422,73.77999877929688,73.80999755859375,1272,0.0,0.0
2024-08-19 15:42:00-04:00,73.86499786376953,73.8949966430664,73.83000183105469,73.8949966430664,1672,0.0,0.0
2024-08-19 15:43:00-04:00,73.87000274658203,73.87000274658203,73.86000061035156,73.86499786376953,1624,0.0,0.0
2024-08-19 15:45:00-04:00,73.81999969482422,73.81999969482422,73.80000305175781,73.80000305175781,2819,0.0,0.0
2024-08-19 15:46:00-04:00,73.76000213623047,73.76000213623047,73.72049713134766,73.72049713134766,1512,0.0,0.0
2024-08-19 15:47:00-04:00,73.7300033569336,73.7300033569336,73.67500305175781,73.67500305175781,2164,0.0,0.0
2024-08-19 15:49:00-04:00,73.65899658203125,73.70999908447266,73.6500015258789,73.6500015258789,3227,0.0,0.0
2024-08-19 15:50:00-04:00,73.72000122070312,73.87000274658203,73.72000122070312,73.87000274658203,2344,0.0,0.0
2024-08-19 15:51:00-04:00,73.87999725341797,73.91000366210938,73.7300033569336,73.7300033569336,5007,0.0,0.0
2024-08-19 15:53:00-04:00,73.95999908447266,73.95999908447266,73.94499969482422,73.94499969482422,867,0.0,0.0
2024-08-19 15:54:00-04:00,73.91000366210938,74.07499694824219,73.90499877929688,74.06900024414062,10783,0.0,0.0
2024-08-19 15:55:00-04:00,74.01000213623047,74.11499786376953,73.95999908447266,74.11499786376953,5756,0.0,0.0
2024-08-19 15:56:00-04:00,74.125,74.12999725341797,74.06999969482422,74.09500122070312,3971,0.0,0.0
2024-08-19 15:57:00-04:00,74.05999755859375,74.05999755859375,74.01499938964844,74.01499938964844,5143,0.0,0.0
2024-08-19 15:58:00-04:00,73.94999694824219,74.01000213623047,73.94999694824219,74.01000213623047,2532,0.0,0.0
2024-08-19 15:59:00-04:00,74.05000305175781,74.05999755859375,73.83999633789062,73.93000030517578,15145,0.0,0.0
2024-08-20 09:30:00-04:00,73.73999786376953,73.73999786376953,73.58000183105469,73.58499908447266,4015,0.0,0.0
2024-08-20 09:31:00-04:00,73.78489685058594,73.78489685058594,73.78489685058594,73.78489685058594,114,0.0,0.0
2024-08-20 09:32:00-04:00,73.50199890136719,73.50199890136719,73.50199890136719,73.50199890136719,337,0.0,0.0
2024-08-20 09:34:00-04:00,73.2699966430664,73.2699966430664,73.2699966430664,73.2699966430664,192,0.0,0.0
2024-08-20 09:35:00-04:00,73.40280151367188,73.40280151367188,73.40280151367188,73.40280151367188,1172,0.0,0.0
2024-08-20 09:36:00-04:00,73.27999877929688,73.27999877929688,73.27999877929688,73.27999877929688,910,0.0,0.0
2024-08-20 09:37:00-04:00,73.29000091552734,73.29000091552734,73.29000091552734,73.29000091552734,814,0.0,0.0
2024-08-20 09:38:00-04:00,73.29000091552734,73.29000091552734,73.29000091552734,73.29000091552734,113,0.0,0.0
2024-08-20 09:40:00-04:00,73.29000091552734,73.29000091552734,73.29000091552734,73.29000091552734,687,0.0,0.0
2024-08-20 09:44:00-04:00,73.4800033569336,73.4800033569336,73.45999908447266,73.45999908447266,923,0.0,0.0
2024-08-20 09:45:00-04:00,73.3949966430664,73.3949966430664,73.3949966430664,73.3949966430664,624,0.0,0.0
2024-08-20 09:49:00-04:00,73.46499633789062,73.46499633789062,73.46499633789062,73.46499633789062,491,0.0,0.0
2024-08-20 09:51:00-04:00,73.44000244140625,73.44000244140625,73.41999816894531,73.41999816894531,900,0.0,0.0
2024-08-20 09:53:00-04:00,73.2699966430664,73.2699966430664,73.2699966430664,73.2699966430664,372,0.0,0.0
2024-08-20 09:58:00-04:00,73.5,73.68939971923828,73.43499755859375,73.48999786376953,8401,0.0,0.0
2024-08-20 09:59:00-04:00,73.47000122070312,73.47000122070312,73.38999938964844,73.41000366210938,1931,0.0,0.0
2024-08-20 10:00:00-04:00,73.38999938964844,73.38999938964844,73.38999938964844,73.38999938964844,312,0.0,0.0
2024-08-20 10:01:00-04:00,73.37000274658203,73.37999725341797,73.30999755859375,73.30999755859375,555,0.0,0.0
2024-08-20 10:02:00-04:00,73.29000091552734,73.29000091552734,73.04000091552734,73.04000091552734,676,0.0,0.0
2024-08-20 10:03:00-04:00,72.82009887695312,73.04000091552734,72.82009887695312,72.88999938964844,1765,0.0,0.0
2024-08-20 10:04:00-04:00,73.1449966430664,73.30000305175781,73.1449966430664,73.30000305175781,1955,0.0,0.0
2024-08-20 10:05:00-04:00,73.31500244140625,73.72000122070312,73.31500244140625,73.72000122070312,4565,0.0,0.0
2024-08-20 10:06:00-04:00,73.73500061035156,73.73500061035156,73.73500061035156,73.73500061035156,251,0.0,0.0
2024-08-20 10:07:00-04:00,73.82499694824219,73.9000015258789,73.82499694824219,73.9000015258789,693,0.0,0.0
2024-08-20 10:08:00-04:00,73.9000015258789,73.9000015258789,73.9000015258789,73.9000015258789,900,0.0,0.0
2024-08-20 10:10:00-04:00,73.8949966430664,73.8949966430664,73.8949966430664,73.8949966430664,519,0.0,0.0
2024-08-20 10:11:00-04:00,73.89250183105469,73.8949966430664,73.89250183105469,73.8949966430664,292,0.0,0.0
2024-08-20 10:12:00-04:00,73.79000091552734,73.9198989868164,73.70999908447266,73.9198989868164,1563,0.0,0.0
2024-08-20 10:14:00-04:00,73.81999969482422,73.81999969482422,73.73999786376953,73.73999786376953,239,0.0,0.0
2024-08-20 10:15:00-04:00,73.81500244140625,73.81500244140625,73.81500244140625,73.81500244140625,996,0.0,0.0
2024-08-20 10:16:00-04:00,73.58999633789062,73.63999938964844,73.52999877929688,73.52999877929688,778,0.0,0.0
2024-08-20 10:17:00-04:00,73.62999725341797,73.62999725341797,73.62999725341797,73.62999725341797,1069,0.0,0.0
2024-08-20 10:18:00-04:00,73.54000091552734,73.54000091552734,73.46499633789062,73.49500274658203,1170,0.0,0.0
2024-08-20 10:21:00-04:00,73.4000015258789,73.4000015258789,73.4000015258789,73.4000015258789,451,0.0,0.0
2024-08-20 10:23:00-04:00,73.47000122070312,73.47000122070312,73.47000122070312,73.47000122070312,204,0.0,0.0
2024-08-20 10:24:00-04:00,73.6449966430664,73.6449966430664,73.52999877929688,73.52999877929688,952,0.0,0.0
2024-08-20 10:25:00-04:00,73.65499877929688,73.65499877929688,73.65499877929688,73.65499877929688,764,0.0,0.0
2024-08-20 10:26:00-04:00,73.41999816894531,73.41999816894531,73.41999816894531,73.41999816894531,209,0.0,0.0
2024-08-20 10:27:00-04:00,73.38999938964844,73.51000213623047,73.38999938964844,73.51000213623047,532,0.0,0.0
2024-08-20 10:28:00-04:00,73.41000366210938,73.4175033569336,73.41000366210938,73.4175033569336,715,0.0,0.0
2024-08-20 10:29:00-04:00,73.26000213623047,73.26000213623047,73.26000213623047,73.26000213623047,124,0.0,0.0
2024-08-20 10:30:00-04:00,73.26000213623047,73.26000213623047,73.26000213623047,73.26000213623047,418,0.0,0.0
2024-08-20 10:33:00-04:00,73.27999877929688,73.5,73.27999877929688,73.5,654,0.0,0.0
2024-08-20 10:35:00-04:00,73.51000213623047,73.51000213623047,73.51000213623047,73.51000213623047,399,0.0,0.0
2024-08-20 10:36:00-04:00,73.37000274658203,73.37000274658203,73.2699966430664,73.2699966430664,1497,0.0,0.0
2024-08-20 10:38:00-04:00,73.02999877929688,73.02999877929688,73.02999877929688,73.02999877929688,114,0.0,0.0
2024-08-20 10:39:00-04:00,73.05000305175781,73.20500183105469,73.05000305175781,73.20500183105469,996,0.0,0.0
2024-08-20 10:41:00-04:00,73.34500122070312,73.34500122070312,73.34500122070312,73.34500122070312,737,0.0,0.0
2024-08-20 10:43:00-04:00,73.22000122070312,73.22000122070312,73.13999938964844,73.13999938964844,1123,0.0,0.0
2024-08-20 10:46:00-04:00,73.0199966430664,73.0199966430664,73.0199966430664,73.0199966430664,293,0.0,0.0
2024-08-20 10:50:00-04:00,73.08719635009766,73.16999816894531,73.08719635009766,73.16999816894531,863,0.0,0.0
2024-08-20 10:51:00-04:00,73.16000366210938,73.16000366210938,73.16000366210938,73.16000366210938,954,0.0,0.0
2024-08-20 10:52:00-04:00,72.97000122070312,73.0199966430664,72.94000244140625,72.94000244140625,863,0.0,0.0
2024-08-20 10:54:00-04:00,72.91999816894531,73.00499725341797,72.91999816894531,72.94999694824219,660,0.0,0.0
2024-08-20 10:56:00-04:00,72.88739776611328,72.94499969482422,72.5999984741211,72.62000274658203,7713,0.0,0.0
2024-08-20 10:57:00-04:00,72.58999633789062,72.58999633789062,72.55000305175781,72.55000305175781,1305,0.0,0.0
2024-08-20 10:58:00-04:00,72.55000305175781,72.9000015258789,72.55000305175781,72.9000015258789,5007,0.0,0.0
2024-08-20 10:59:00-04:00,72.78919982910156,72.78919982910156,72.78919982910156,72.78919982910156,1270,0.0,0.0
2024-08-20 11:05:00-04:00,72.69000244140625,72.69000244140625,72.69000244140625,72.69000244140625,1026,0.0,0.0
2024-08-20 11:06:00-04:00,72.91000366210938,72.98500061035156,72.70999908447266,72.98500061035156,3351,0.0,0.0
2024-08-20 11:07:00-04:00,72.9800033569336,72.9800033569336,72.9800033569336,72.9800033569336,608,0.0,0.0
2024-08-20 11:12:00-04:00,72.94999694824219,72.94999694824219,72.94999694824219,72.94999694824219,193,0.0,0.0
2024-08-20 11:13:00-04:00,73.02999877929688,73.02999877929688,73.02999877929688,73.02999877929688,760,0.0,0.0
2024-08-20 11:17:00-04:00,73.01499938964844,73.01499938964844,73.01499938964844,73.01499938964844,462,0.0,0.0
2024-08-20 11:22:00-04:00,73.05999755859375,73.05999755859375,73.05999755859375,73.05999755859375,750,0.0,0.0
2024-08-20 11:23:00-04:00,73.0199966430664,73.0199966430664,73.0199966430664,73.0199966430664,292,0.0,0.0
2024-08-20 11:24:00-04:00,73.01000213623047,73.01000213623047,73.01000213623047,73.01000213623047,520,0.0,0.0
2024-08-20 11:25:00-04:00,73.04499816894531,73.04499816894531,73.04499816894531,73.04499816894531,299,0.0,0.0
2024-08-20 11:26:00-04:00,72.9800033569336,72.9800033569336,72.9800033569336,72.9800033569336,117,0.0,0.0
2024-08-20 11:27:00-04:00,73.04000091552734,73.04000091552734,73.04000091552734,73.04000091552734,200,0.0,0.0
2024-08-20 11:28:00-04:00,73.08000183105469,73.08000183105469,73.08000183105469,73.08000183105469,9,0.0,0.0
2024-08-20 11:29:00-04:00,73.04000091552734,73.04000091552734,73.04000091552734,73.04000091552734,150,0.0,0.0
2024-08-20 11:30:00-04:00,73.11000061035156,73.11000061035156,73.11000061035156,73.11000061035156,823,0.0,0.0
2024-08-20 11:32:00-04:00,73.31999969482422,73.33499908447266,73.31999969482422,73.33499908447266,246,0.0,0.0
2024-08-20 11:33:00-04:00,73.33000183105469,73.43000030517578,73.33000183105469,73.43000030517578,463,0.0,0.0
2024-08-20 11:38:00-04:00,73.375,73.375,73.375,73.375,272,0.0,0.0
2024-08-20 11:39:00-04:00,73.47000122070312,73.47000122070312,73.47000122070312,73.47000122070312,356,0.0,0.0
2024-08-20 11:41:00-04:00,73.30000305175781,73.36499786376953,73.30000305175781,73.36499786376953,857,0.0,0.0
2024-08-20 11:42:00-04:00,73.27999877929688,73.27999877929688,73.27999877929688,73.27999877929688,756,0.0,0.0
2024-08-20 11:52:00-04:00,73.22000122070312,73.22000122070312,73.22000122070312,73.22000122070312,806,0.0,0.0
2024-08-20 11:53:00-04:00,73.1897964477539,73.1897964477539,73.1897964477539,73.1897964477539,463,0.0,0.0
2024-08-20 11:56:00-04:00,73.4749984741211,73.4749984741211,73.4749984741211,73.4749984741211,393,0.0,0.0
2024-08-20 11:57:00-04:00,73.52999877929688,73.52999877929688,73.52999877929688,73.52999877929688,132,0.0,0.0
2024-08-20 11:58:00-04:00,73.5999984741211,73.61000061035156,73.58999633789062,73.61000061035156,659,0.0,0.0
2024-08-20 12:00:00-04:00,73.5199966430664,73.52999877929688,73.5199966430664,73.5199966430664,1153,0.0,0.0
2024-08-20 12:02:00-04:00,73.56999969482422,73.56999969482422,73.56999969482422,73.56999969482422,356,0.0,0.0
2024-08-20 12:04:00-04:00,73.48999786376953,73.48999786376953,73.45999908447266,73.45999908447266,1177,0.0,0.0
2024-08-20 12:08:00-04:00,73.56999969482422,73.56999969482422,73.56999969482422,73.56999969482422,592,0.0,0.0
2024-08-20 12:15:00-04:00,73.4800033569336,73.4800033569336,73.45999908447266,73.45999908447266,1178,0.0,0.0
2024-08-20 12:18:00-04:00,73.42500305175781,73.42500305175781,73.42500305175781,73.42500305175781,550,0.0,0.0
2024-08-20 12:20:00-04:00,73.44999694824219,73.44999694824219,73.44999694824219,73.44999694824219,159,0.0,0.0
2024-08-20 12:22:00-04:00,73.44999694824219,73.44999694824219,73.44999694824219,73.44999694824219,900,0.0,0.0
2024-08-20 12:24:00-04:00,73.54000091552734,73.54000091552734,73.54000091552734,73.54000091552734,382,0.0,0.0
2024-08-20 12:28:00-04:00,73.5,73.5,73.5,73.5,200,0.0,0.0
2024-08-20 12:29:00-04:00,73.55999755859375,73.55999755859375,73.55999755859375,73.55999755859375,58,0.0,0.0
2024-08-20 12:30:00-04:00,73.44280242919922,73.44280242919922,73.44280242919922,73.44280242919922,807,0.0,0.0
2024-08-20 12:37:00-04:00,73.41500091552734,73.41500091552734,73.41500091552734,73.41500091552734,446,0.0,0.0
2024-08-20 12:41:00-04:00,73.41500091552734,73.44999694824219,73.41000366210938,73.41000366210938,3389,0.0,0.0
2024-08-20 12:42:00-04:00,73.52999877929688,73.52999877929688,73.52999877929688,73.52999877929688,288,0.0,0.0
2024-08-20 12:45:00-04:00,73.55400085449219,73.55400085449219,73.55400085449219,73.55400085449219,494,0.0,0.0
2024-08-20 12:46:00-04:00,73.5199966430664,73.5250015258789,73.5199966430664,73.5250015258789,231,0.0,0.0
2024-08-20 12:48:00-04:00,73.61000061035156,73.61000061035156,73.61000061035156,73.61000061035156,362,0.0,0.0
2024-08-20 12:50:00-04:00,73.45999908447266,73.45999908447266,73.45500183105469,73.45500183105469,1190,0.0,0.0
2024-08-20 12:54:00-04:00,73.43499755859375,73.43499755859375,73.43499755859375,73.43499755859375,966,0.0,0.0
2024-08-20 13:00:00-04:00,73.37000274658203,73.37000274658203,73.3499984741211,73.37000274658203,2639,0.0,0.0
2024-08-20 13:09:00-04:00,73.5,73.5,73.49500274658203,73.49500274658203,279,0.0,0.0
2024-08-20 13:11:00-04:00,73.51000213623047,73.51000213623047,73.51000213623047,73.51000213623047,323,0.0,0.0
2024-08-20 13:14:00-04:00,73.44999694824219,73.44999694824219,73.36499786376953,73.36499786376953,993,0.0,0.0
2024-08-20 13:16:00-04:00,73.37000274658203,73.37000274658203,73.34500122070312,73.34500122070312,339,0.0,0.0
2024-08-20 13:18:00-04:00,73.31999969482422,73.31999969482422,73.31999969482422,73.31999969482422,169,0.0,0.0
2024-08-20 13:19:00-04:00,73.30000305175781,73.30000305175781,73.30000305175781,73.30000305175781,165,0.0,0.0
2024-08-20 13:21:00-04:00,73.29000091552734,73.29000091552734,73.29000091552734,73.29000091552734,478,0.0,0.0
2024-08-20 13:22:00-04:00,73.16999816894531,73.16999816894531,73.16999816894531,73.16999816894531,202,0.0,0.0
2024-08-20 13:24:00-04:00,73.25499725341797,73.25499725341797,73.12999725341797,73.12999725341797,348,0.0,0.0
2024-08-20 13:26:00-04:00,73.16999816894531,73.16999816894531,73.16999816894531,73.16999816894531,109,0.0,0.0
2024-08-20 13:27:00-04:00,73.16999816894531,73.28500366210938,73.16999816894531,73.28500366210938,1086,0.0,0.0
2024-08-20 13:36:00-04:00,73.19000244140625,73.19000244140625,73.19000244140625,73.19000244140625,1195,0.0,0.0
2024-08-20 13:41:00-04:00,73.27999877929688,73.27999877929688,73.27999877929688,73.27999877929688,1154,0.0,0.0
2024-08-20 13:46:00-04:00,73.4000015258789,73.4000015258789,73.4000015258789,73.4000015258789,531,0.0,0.0
2024-08-20 13:48:00-04:00,73.38999938964844,73.38999938964844,73.38999938964844,73.38999938964844,760,0.0,0.0
2024-08-20 13:56:00-04:00,73.48999786376953,73.48999786376953,73.38999938964844,73.43000030517578,2485,0.0,0.0
2024-08-20 14:01:00-04:00,73.3551025390625,73.3551025390625,73.3551025390625,73.3551025390625,450,0.0,0.0
2024-08-20 14:05:00-04:00,73.30999755859375,73.30999755859375,73.30999755859375,73.30999755859375,775,0.0,0.0
2024-08-20 14:12:00-04:00,73.37999725341797,73.37999725341797,73.37999725341797,73.37999725341797,883,0.0,0.0
2024-08-20 14:17:00-04:00,73.5999984741211,73.5999984741211,73.5999984741211,73.5999984741211,516,0.0,0.0
2024-08-20 14:18:00-04:00,73.5,73.54499816894531,73.5,73.54499816894531,461,0.0,0.0
2024-08-20 14:20:00-04:00,73.55000305175781,73.55000305175781,73.55000305175781,73.55000305175781,321,0.0,0.0
2024-08-20 14:23:00-04:00,73.49009704589844,73.61000061035156,73.49009704589844,73.61000061035156,745,0.0,0.0
2024-08-20 14:25:00-04:00,73.67880249023438,73.67880249023438,73.67880249023438,73.67880249023438,1137,0.0,0.0
2024-08-20 14:29:00-04:00,73.69000244140625,73.69000244140625,73.69000244140625,73.69000244140625,355,0.0,0.0
2024-08-20 14:33:00-04:00,73.75,73.75,73.69499969482422,73.69499969482422,227,0.0,0.0
2024-08-20 14:34:00-04:00,73.62999725341797,73.62999725341797,73.62000274658203,73.62999725341797,1710,0.0,0.0
2024-08-20 14:37:00-04:00,73.58999633789062,73.58999633789062,73.58999633789062,73.58999633789062,138,0.0,0.0
2024-08-20 14:38:00-04:00,73.58999633789062,73.58999633789062,73.58999633789062,73.58999633789062,140,0.0,0.0
2024-08-20 14:40:00-04:00,73.58999633789062,73.58999633789062,73.58999633789062,73.58999633789062,209,0.0,0.0
2024-08-20 14:41:00-04:00,73.625,73.625,73.625,73.625,485,0.0,0.0
2024-08-20 14:47:00-04:00,73.63500213623047,73.63500213623047,73.63500213623047,73.63500213623047,250,0.0,0.0
2024-08-20 14:48:00-04:00,73.6449966430664,73.6449966430664,73.6449966430664,73.6449966430664,511,0.0,0.0
2024-08-20 14:51:00-04:00,73.6449966430664,73.6449966430664,73.54000091552734,73.55999755859375,2098,0.0,0.0
2024-08-20 14:52:00-04:00,73.58499908447266,73.58499908447266,73.58499908447266,73.58499908447266,228,0.0,0.0
2024-08-20 14:53:00-04:00,73.5199966430664,73.6500015258789,73.5199966430664,73.63999938964844,1928,0.0,0.0
2024-08-20 14:55:00-04:00,73.57499694824219,73.6449966430664,73.57499694824219,73.6449966430664,808,0.0,0.0
2024-08-20 14:57:00-04:00,73.66000366210938,73.66000366210938,73.66000366210938,73.66000366210938,295,0.0,0.0
2024-08-20 14:58:00-04:00,73.68000030517578,73.68000030517578,73.68000030517578,73.68000030517578,219,0.0,0.0
2024-08-20 14:59:00-04:00,73.69000244140625,73.69000244140625,73.69000244140625,73.69000244140625,535,0.0,0.0
2024-08-20 15:01:00-04:00,73.68000030517578,73.68000030517578,73.68000030517578,73.68000030517578,117,0.0,0.0
2024-08-20 15:02:00-04:00,73.68000030517578,73.68000030517578,73.68000030517578,73.68000030517578,101,0.0,0.0
2024-08-20 15:03:00-04:00,73.68000030517578,73.68000030517578,73.68000030517578,73.68000030517578,122,0.0,0.0
2024-08-20 15:04:00-04:00,73.69000244140625,73.79000091552734,73.69000244140625,73.79000091552734,555,0.0,0.0
2024-08-20 15:08:00-04:00,73.69000244140625,73.69000244140625,73.69000244140625,73.69000244140625,815,0.0,0.0
2024-08-20 15:09:00-04:00,73.55999755859375,73.5999984741211,73.55999755859375,73.55999755859375,966,0.0,0.0
2024-08-20 15:10:00-04:00,73.5199966430664,73.55999755859375,73.51000213623047,73.55999755859375,1392,0.0,0.0
2024-08-20 15:11:00-04:00,73.23999786376953,73.31999969482422,73.23999786376953,73.31999969482422,1080,0.0,0.0
2024-08-20 15:13:00-04:00,73.22000122070312,73.29000091552734,73.22000122070312,73.29000091552734,527,0.0,0.0
2024-08-20 15:15:00-04:00,73.19000244140625,73.19000244140625,73.19000244140625,73.19000244140625,121,0.0,0.0
2024-08-20 15:17:00-04:00,73.19000244140625,73.19000244140625,73.19000244140625,73.19000244140625,637,0.0,0.0
2024-08-20 15:21:00-04:00,73.18000030517578,73.18000030517578,73.18000030517578,73.18000030517578,630,0.0,0.0
2024-08-20 15:24:00-04:00,73.29949951171875,73.29949951171875,73.29949951171875,73.29949951171875,1172,0.0,0.0
2024-08-20 15:27:00-04:00,73.4000015258789,73.4000015258789,73.4000015258789,73.4000015258789,477,0.0,0.0
2024-08-20 15:28:00-04:00,73.45500183105469,73.45999908447266,73.37000274658203,73.37000274658203,627,0.0,0.0
2024-08-20 15:29:00-04:00,73.41000366210938,73.41000366210938,73.36000061035156,73.36000061035156,1400,0.0,0.0
2024-08-20 15:30:00-04:00,73.22000122070312,73.22000122070312,73.22000122070312,73.22000122070312,427,0.0,0.0
2024-08-20 15:31:00-04:00,73.2300033569336,73.25579833984375,73.2300033569336,73.25579833984375,971,0.0,0.0
2024-08-20 15:32:00-04:00,73.23500061035156,73.23500061035156,73.23500061035156,73.23500061035156,401,0.0,0.0
2024-08-20 15:35:00-04:00,73.31999969482422,73.31999969482422,73.31999969482422,73.31999969482422,701,0.0,0.0
2024-08-20 15:36:00-04:00,73.30000305175781,73.30000305175781,73.30000305175781,73.30000305175781,590,0.0,0.0
2024-08-20 15:39:00-04:00,73.30000305175781,73.30000305175781,73.25,73.25,2354,0.0,0.0
2024-08-20 15:41:00-04:00,73.22000122070312,73.22000122070312,73.22000122070312,73.22000122070312,601,0.0,0.0
2024-08-20 15:43:00-04:00,73.23999786376953,73.23999786376953,73.23999786376953,73.23999786376953,1077,0.0,0.0
2024-08-20 15:44:00-04:00,73.2300033569336,73.23500061035156,73.18000030517578,73.18000030517578,2483,0.0,0.0
2024-08-20 15:45:00-04:00,73.21499633789062,73.24500274658203,73.21499633789062,73.21499633789062,1272,0.0,0.0
2024-08-20 15:47:00-04:00,73.30999755859375,73.30999755859375,73.30999755859375,73.30999755859375,450,0.0,0.0
2024-08-20 15:49:00-04:00,73.31999969482422,73.37999725341797,73.23999786376953,73.2750015258789,2798,0.0,0.0
2024-08-20 15:50:00-04:00,73.51499938964844,73.51499938964844,73.3550033569336,73.40969848632812,3777,0.0,0.0
2024-08-20 15:51:00-04:00,73.375,73.375,73.31999969482422,73.31999969482422,2234,0.0,0.0
2024-08-20 15:52:00-04:00,73.33499908447266,73.33499908447266,73.20999908447266,73.20999908447266,2020,0.0,0.0
2024-08-20 15:53:00-04:00,73.20999908447266,73.22000122070312,73.16000366210938,73.19499969482422,2135,0.0,0.0
2024-08-20 15:54:00-04:00,73.29000091552734,73.33000183105469,73.26499938964844,73.33000183105469,2346,0.0,0.0
2024-08-20 15:55:00-04:00,73.36000061035156,73.37000274658203,73.31999969482422,73.33000183105469,2413,0.0,0.0
2024-08-20 15:56:00-04:00,73.29000091552734,73.29000091552734,73.18000030517578,73.18000030517578,4747,0.0,0.0
2024-08-20 15:57:00-04:00,73.16999816894531,73.16999816894531,73.13999938964844,73.13999938964844,2252,0.0,0.0
2024-08-20 15:58:00-04:00,73.12999725341797,73.18000030517578,73.12000274658203,73.18000030517578,3800,0.0,0.0
2024-08-20 15:59:00-04:00,73.19000244140625,73.20999908447266,73.0999984741211,73.0999984741211,9487,0.0,0.0
2024-08-21 09:30:00-04:00,73.5,73.5,73.5,73.5,4410,0.0,0.0
2024-08-21 09:43:00-04:00,73.2249984741211,73.2249984741211,73.2249984741211,73.2249984741211,382,0.0,0.0
2024-08-21 09:44:00-04:00,73.36000061035156,73.36000061035156,73.36000061035156,73.36000061035156,249,0.0,0.0
2024-08-21 09:45:00-04:00,73.48500061035156,73.48500061035156,73.48500061035156,73.48500061035156,887,0.0,0.0
2024-08-21 10:00:00-04:00,73.69000244140625,73.69000244140625,73.69000244140625,73.69000244140625,161,0.0,0.0
2024-08-21 10:04:00-04:00,73.69000244140625,73.69000244140625,73.69000244140625,73.69000244140625,455,0.0,0.0
2024-08-21 10:05:00-04:00,73.56999969482422,73.58499908447266,73.56999969482422,73.58499908447266,547,0.0,0.0
2024-08-21 10:06:00-04:00,73.55999755859375,73.55999755859375,73.54499816894531,73.54499816894531,1103,0.0,0.0
2024-08-21 10:08:00-04:00,73.29229736328125,73.4800033569336,73.29229736328125,73.4800033569336,345,0.0,0.0
2024-08-21 10:14:00-04:00,73.25,73.41500091552734,73.2300033569336,73.29499816894531,1231,0.0,0.0
2024-08-21 10:19:00-04:00,73.29900360107422,73.29900360107422,73.29900360107422,73.29900360107422,267,0.0,0.0
2024-08-21 10:21:00-04:00,73.49310302734375,73.49310302734375,73.49310302734375,73.49310302734375,120,0.0,0.0
2024-08-21 10:23:00-04:00,73.44000244140625,73.44000244140625,73.44000244140625,73.44000244140625,390,0.0,0.0
2024-08-21 10:29:00-04:00,73.72000122070312,73.72000122070312,73.72000122070312,73.72000122070312,183,0.0,0.0
2024-08-21 10:30:00-04:00,73.55999755859375,73.55999755859375,73.55999755859375,73.55999755859375,220,0.0,0.0
2024-08-21 10:31:00-04:00,73.80000305175781,73.80000305175781,73.80000305175781,73.80000305175781,397,0.0,0.0
2024-08-21 10:35:00-04:00,73.9000015258789,73.9000015258789,73.9000015258789,73.9000015258789,514,0.0,0.0
2024-08-21 10:36:00-04:00,74.0,74.19999694824219,74.0,74.19999694824219,804,0.0,0.0
2024-08-21 10:37:00-04:00,74.06999969482422,74.06999969482422,74.06999969482422,74.06999969482422,1236,0.0,0.0
2024-08-21 10:43:00-04:00,74.19999694824219,74.19999694824219,74.13369750976562,74.13369750976562,1088,0.0,0.0
2024-08-21 10:45:00-04:00,74.0999984741211,74.0999984741211,74.0999984741211,74.0999984741211,268,0.0,0.0
2024-08-21 10:47:00-04:00,74.20500183105469,74.20500183105469,74.0250015258789,74.0250015258789,287,0.0,0.0
2024-08-21 10:48:00-04:00,74.01499938964844,74.01499938964844,74.01499938964844,74.01499938964844,285,0.0,0.0
2024-08-21 10:49:00-04:00,73.87000274658203,73.87000274658203,73.87000274658203,73.87000274658203,327,0.0,0.0
2024-08-21 10:50:00-04:00,73.72000122070312,73.72000122070312,73.72000122070312,73.72000122070312,224,0.0,0.0
2024-08-21 10:52:00-04:00,73.72000122070312,73.72000122070312,73.68399810791016,73.68399810791016,2300,0.0,0.0
2024-08-21 11:10:00-04:00,73.7300033569336,73.7300033569336,73.7300033569336,73.7300033569336,467,0.0,0.0
2024-08-21 11:11:00-04:00,73.80500030517578,73.86000061035156,73.80500030517578,73.86000061035156,617,0.0,0.0
2024-08-21 11:12:00-04:00,73.86000061035156,73.91999816894531,73.81999969482422,73.91999816894531,487,0.0,0.0
2024-08-21 11:13:00-04:00,73.94000244140625,73.94000244140625,73.94000244140625,73.94000244140625,850,0.0,0.0
2024-08-21 11:21:00-04:00,73.81999969482422,73.81999969482422,73.81999969482422,73.81999969482422,818,0.0,0.0
2024-08-21 11:31:00-04:00,73.98999786376953,73.98999786376953,73.98999786376953,73.98999786376953,179,0.0,0.0
2024-08-21 11:32:00-04:00,74.08000183105469,74.08000183105469,74.08000183105469,74.08000183105469,930,0.0,0.0
2024-08-21 11:37:00-04:00,74.12999725341797,74.19000244140625,74.12999725341797,74.19000244140625,383,0.0,0.0
2024-08-21 11:38:00-04:00,74.06999969482422,74.06999969482422,74.05999755859375,74.05999755859375,1714,0.0,0.0
2024-08-21 11:39:00-04:00,74.07499694824219,74.07499694824219,74.07499694824219,74.07499694824219,214,0.0,0.0
2024-08-21 11:41:00-04:00,74.18000030517578,74.18000030517578,74.18000030517578,74.18000030517578,761,0.0,0.0
2024-08-21 11:43:00-04:00,74.08000183105469,74.08000183105469,74.08000183105469,74.08000183105469,772,0.0,0.0
2024-08-21 11:44:00-04:00,74.1500015258789,74.1500015258789,74.1500015258789,74.1500015258789,125,0.0,0.0
2024-08-21 11:45:00-04:00,74.2300033569336,74.29000091552734,74.2300033569336,74.29000091552734,888,0.0,0.0
2024-08-21 11:47:00-04:00,74.19000244140625,74.19000244140625,73.9749984741211,73.9749984741211,1493,0.0,0.0
2024-08-21 11:53:00-04:00,73.87999725341797,73.91999816894531,73.87999725341797,73.91999816894531,1406,0.0,0.0
2024-08-21 11:54:00-04:00,74.0199966430664,74.05000305175781,74.0,74.05000305175781,1835,0.0,0.0
2024-08-21 11:57:00-04:00,74.11000061035156,74.11000061035156,74.11000061035156,74.11000061035156,490,0.0,0.0
2024-08-21 12:00:00-04:00,74.11000061035156,74.11000061035156,74.11000061035156,74.11000061035156,454,0.0,0.0
2024-08-21 12:02:00-04:00,74.11000061035156,74.11000061035156,74.07499694824219,74.07499694824219,2989,0.0,0.0
2024-08-21 12:03:00-04:00,74.04499816894531,74.04499816894531,73.87999725341797,73.91999816894531,2370,0.0,0.0
2024-08-21 12:07:00-04:00,74.04000091552734,74.04000091552734,74.04000091552734,74.04000091552734,2930,0.0,0.0
2024-08-21 12:12:00-04:00,73.96189880371094,73.96189880371094,73.96189880371094,73.96189880371094,230,0.0,0.0
2024-08-21 12:20:00-04:00,74.02999877929688,74.2300033569336,74.02999877929688,74.2300033569336,1564,0.0,0.0
2024-08-21 12:21:00-04:00,74.12000274658203,74.12000274658203,74.12000274658203,74.12000274658203,416,0.0,0.0
2024-08-21 12:26:00-04:00,74.01000213623047,74.08000183105469,74.01000213623047,74.08000183105469,5035,0.0,0.0
2024-08-21 12:36:00-04:00,74.04000091552734,74.04000091552734,73.98500061035156,73.98500061035156,1366,0.0,0.0
2024-08-21 12:39:00-04:00,73.91999816894531,73.93000030517578,73.91000366210938,73.91999816894531,756,0.0,0.0
2024-08-21 12:40:00-04:00,73.88500213623047,73.88500213623047,73.88500213623047,73.88500213623047,151,0.0,0.0
2024-08-21 12:42:00-04:00,73.87000274658203,73.91000366210938,73.87000274658203,73.91000366210938,2648,0.0,0.0
2024-08-21 12:46:00-04:00,73.9000015258789,73.9000015258789,73.9000015258789,73.9000015258789,147,0.0,0.0
2024-08-21 12:47:00-04:00,73.9000015258789,73.9000015258789,73.9000015258789,73.9000015258789,804,0.0,0.0
2024-08-21 12:48:00-04:00,73.86000061035156,73.86000061035156,73.86000061035156,73.86000061035156,232,0.0,0.0
2024-08-21 12:49:00-04:00,73.86499786376953,73.86499786376953,73.86499786376953,73.86499786376953,670,0.0,0.0
2024-08-21 12:50:00-04:00,73.91000366210938,73.99500274658203,73.91000366210938,73.99500274658203,913,0.0,0.0
2024-08-21 12:51:00-04:00,73.91000366210938,73.91999816894531,73.87000274658203,73.90499877929688,2007,0.0,0.0
2024-08-21 12:52:00-04:00,73.81999969482422,73.81999969482422,73.81999969482422,73.81999969482422,301,0.0,0.0
2024-08-21 12:58:00-04:00,73.94000244140625,73.9800033569336,73.94000244140625,73.9800033569336,1464,0.0,0.0
2024-08-21 13:07:00-04:00,73.95999908447266,73.95999908447266,73.91000366210938,73.94999694824219,1288,0.0,0.0
2024-08-21 13:19:00-04:00,73.95999908447266,73.95999908447266,73.95999908447266,73.95999908447266,210,0.0,0.0
2024-08-21 13:20:00-04:00,73.98999786376953,73.98999786376953,73.9800033569336,73.9800033569336,477,0.0,0.0
2024-08-21 13:22:00-04:00,73.98999786376953,73.98999786376953,73.87000274658203,73.87999725341797,804,0.0,0.0
2024-08-21 13:28:00-04:00,73.98999786376953,73.98999786376953,73.93360137939453,73.93360137939453,658,0.0,0.0
2024-08-21 13:29:00-04:00,74.0,74.23999786376953,74.0,74.23999786376953,2115,0.0,0.0
2024-08-21 13:30:00-04:00,74.18000030517578,74.18000030517578,74.12000274658203,74.12000274658203,1290,0.0,0.0
2024-08-21 13:31:00-04:00,74.0999984741211,74.0999984741211,74.05999755859375,74.05999755859375,559,0.0,0.0
2024-08-21 13:33:00-04:00,74.13999938964844,74.13999938964844,74.13999938964844,74.13999938964844,573,0.0,0.0
2024-08-21 13:36:00-04:00,74.24199676513672,74.27799987792969,74.2300033569336,74.2699966430664,4275,0.0,0.0
2024-08-21 13:37:00-04:00,74.27999877929688,74.27999877929688,74.26000213623047,74.2699966430664,1372,0.0,0.0
2024-08-21 13:38:00-04:00,74.19000244140625,74.27999877929688,74.19000244140625,74.20770263671875,2500,0.0,0.0
2024-08-21 13:42:00-04:00,74.30999755859375,74.30999755859375,74.30999755859375,74.30999755859375,581,0.0,0.0
2024-08-21 13:43:00-04:00,74.31999969482422,74.31999969482422,74.31999969482422,74.31999969482422,413,0.0,0.0
2024-08-21 13:46:00-04:00,74.44000244140625,74.44000244140625,74.44000244140625,74.44000244140625,405,0.0,0.0
2024-08-21 13:48:00-04:00,74.5199966430664,74.5199966430664,74.5199966430664,74.5199966430664,213,0.0,0.0
2024-08-21 13:49:00-04:00,74.4800033569336,74.4800033569336,74.4800033569336,74.4800033569336,316,0.0,0.0
2024-08-21 13:51:00-04:00,74.54879760742188,74.54879760742188,74.54879760742188,74.54879760742188,296,0.0,0.0
2024-08-21 13:53:00-04:00,74.4749984741211,74.54000091552734,74.4000015258789,74.44499969482422,4525,0.0,0.0
2024-08-21 13:56:00-04:00,74.375,74.375,74.375,74.375,350,0.0,0.0
2024-08-21 13:57:00-04:00,74.38500213623047,74.38500213623047,74.38500213623047,74.38500213623047,222,0.0,0.0
2024-08-21 14:00:00-04:00,74.4000015258789,74.4800033569336,74.4000015258789,74.4800033569336,1214,0.0,0.0
2024-08-21 14:05:00-04:00,74.43499755859375,74.43499755859375,74.38999938964844,74.38999938964844,819,0.0,0.0
2024-08-21 14:07:00-04:00,74.43000030517578,74.43000030517578,74.43000030517578,74.43000030517578,319,0.0,0.0
2024-08-21 14:09:00-04:00,74.48999786376953,74.48999786376953,74.48999786376953,74.48999786376953,910,0.0,0.0
2024-08-21 14:15:00-04:00,74.37999725341797,74.37999725341797,74.37999725341797,74.37999725341797,619,0.0,0.0
2024-08-21 14:16:00-04:00,74.4000015258789,74.4000015258789,74.4000015258789,74.4000015258789,272,0.0,0.0
2024-08-21 14:17:00-04:00,74.32669830322266,74.32669830322266,74.32669830322266,74.32669830322266,220,0.0,0.0
2024-08-21 14:18:00-04:00,74.31999969482422,74.31999969482422,74.31999969482422,74.31999969482422,472,0.0,0.0
2024-08-21 14:25:00-04:00,74.43000030517578,74.51499938964844,74.43000030517578,74.51499938964844,589,0.0,0.0
2024-08-21 14:26:00-04:00,74.51499938964844,74.51499938964844,74.4800033569336,74.4800033569336,903,0.0,0.0
2024-08-21 14:29:00-04:00,74.4000015258789,74.42500305175781,74.4000015258789,74.42500305175781,653,0.0,0.0
2024-08-21 14:31:00-04:00,74.5,74.52999877929688,74.5,74.52999877929688,726,0.0,0.0
2024-08-21 14:33:00-04:00,74.55349731445312,74.55349731445312,74.55349731445312,74.55349731445312,2346,0.0,0.0
2024-08-21 14:34:00-04:00,74.5999984741211,74.5999984741211,74.5999984741211,74.5999984741211,272,0.0,0.0
2024-08-21 14:35:00-04:00,74.5999984741211,74.5999984741211,74.5199966430664,74.5199966430664,874,0.0,0.0
2024-08-21 14:38:00-04:00,74.55999755859375,74.55999755859375,74.44999694824219,74.44999694824219,617,0.0,0.0
2024-08-21 14:39:00-04:00,74.51000213623047,74.51000213623047,74.51000213623047,74.51000213623047,428,0.0,0.0
2024-08-21 14:43:00-04:00,74.50279998779297,74.50279998779297,74.50279998779297,74.50279998779297,784,0.0,0.0
2024-08-21 14:45:00-04:00,74.44999694824219,74.44999694824219,74.37000274658203,74.37000274658203,1234,0.0,0.0
2024-08-21 14:46:00-04:00,74.3550033569336,74.3550033569336,74.3550033569336,74.3550033569336,285,0.0,0.0
2024-08-21 14:47:00-04:00,74.36000061035156,74.36000061035156,74.36000061035156,74.36000061035156,959,0.0,0.0
2024-08-21 14:49:00-04:00,74.37999725341797,74.43499755859375,74.37999725341797,74.41500091552734,1335,0.0,0.0
2024-08-21 14:50:00-04:00,74.4447021484375,74.4447021484375,74.37000274658203,74.37000274658203,441,0.0,0.0
2024-08-21 14:51:00-04:00,74.3949966430664,74.3949966430664,74.3949966430664,74.3949966430664,224,0.0,0.0
2024-08-21 14:53:00-04:00,74.44969940185547,74.44969940185547,74.3949966430664,74.3949966430664,1082,0.0,0.0
2024-08-21 14:54:00-04:00,74.43000030517578,74.43000030517578,74.43000030517578,74.43000030517578,114,0.0,0.0
2024-08-21 14:55:00-04:00,74.3949966430664,74.4397964477539,74.3949966430664,74.4397964477539,324,0.0,0.0
2024-08-21 14:56:00-04:00,74.33999633789062,74.3499984741211,74.33999633789062,74.3499984741211,1251,0.0,0.0
2024-08-21 15:00:00-04:00,74.4000015258789,74.4000015258789,74.4000015258789,74.4000015258789,479,0.0,0.0
2024-08-21 15:01:00-04:00,74.33999633789062,74.33999633789062,74.33999633789062,74.33999633789062,218,0.0,0.0
2024-08-21 15:02:00-04:00,74.30000305175781,74.30000305175781,74.29000091552734,74.29000091552734,2374,0.0,0.0
2024-08-21 15:05:00-04:00,74.29399871826172,74.30500030517578,74.29399871826172,74.30500030517578,713,0.0,0.0
2024-08-21 15:06:00-04:00,74.36000061035156,74.36000061035156,74.36000061035156,74.36000061035156,641,0.0,0.0
2024-08-21 15:09:00-04:00,74.27999877929688,74.31999969482422,74.26000213623047,74.31999969482422,1371,0.0,0.0
2024-08-21 15:10:00-04:00,74.33000183105469,74.41000366210938,74.33000183105469,74.41000366210938,927,0.0,0.0
2024-08-21 15:16:00-04:00,74.4000015258789,74.4000015258789,74.4000015258789,74.4000015258789,116,0.0,0.0
2024-08-21 15:17:00-04:00,74.41000366210938,74.41000366210938,74.41000366210938,74.41000366210938,492,0.0,0.0
2024-08-21 15:19:00-04:00,74.26000213623047,74.33000183105469,74.26000213623047,74.33000183105469,1106,0.0,0.0
2024-08-21 15:22:00-04:00,74.22000122070312,74.23999786376953,74.20999908447266,74.23999786376953,983,0.0,0.0
2024-08-21 15:23:00-04:00,74.2699966430664,74.30000305175781,74.2699966430664,74.30000305175781,691,0.0,0.0
2024-08-21 15:24:00-04:00,74.30999755859375,74.30999755859375,74.30999755859375,74.30999755859375,533,0.0,0.0
2024-08-21 15:26:00-04:00,74.41999816894531,74.41999816894531,74.41999816894531,74.41999816894531,424,0.0,0.0
2024-08-21 15:27:00-04:00,74.35009765625,74.35009765625,74.35009765625,74.35009765625,1256,0.0,0.0
2024-08-21 15:33:00-04:00,74.54000091552734,74.55000305175781,74.54000091552734,74.54000091552734,1967,0.0,0.0
2024-08-21 15:35:00-04:00,74.68000030517578,74.68000030517578,74.55999755859375,74.55999755859375,1056,0.0,0.0
2024-08-21 15:37:00-04:00,74.52999877929688,74.54000091552734,74.47000122070312,74.54000091552734,2054,0.0,0.0
2024-08-21 15:39:00-04:00,74.56999969482422,74.56999969482422,74.56999969482422,74.56999969482422,696,0.0,0.0
2024-08-21 15:40:00-04:00,74.54000091552734,74.56999969482422,74.54000091552734,74.56999969482422,579,0.0,0.0
2024-08-21 15:42:00-04:00,74.58999633789062,74.58999633789062,74.58999633789062,74.58999633789062,546,0.0,0.0
2024-08-21 15:43:00-04:00,74.55500030517578,74.55500030517578,74.5199966430664,74.5199966430664,1170,0.0,0.0
2024-08-21 15:44:00-04:00,74.5199966430664,74.5199966430664,74.5199966430664,74.5199966430664,1681,0.0,0.0
2024-08-21 15:47:00-04:00,74.4800033569336,74.4800033569336,74.4800033569336,74.4800033569336,360,0.0,0.0
2024-08-21 15:48:00-04:00,74.43000030517578,74.43000030517578,74.4000015258789,74.4000015258789,1403,0.0,0.0
2024-08-21 15:49:00-04:00,74.42500305175781,74.42500305175781,74.38999938964844,74.38999938964844,596,0.0,0.0
2024-08-21 15:50:00-04:00,74.44999694824219,74.5199966430664,74.44999694824219,74.5199966430664,995,0.0,0.0
2024-08-21 15:51:00-04:00,74.48600006103516,74.54000091552734,74.47000122070312,74.51000213623047,3590,0.0,0.0
2024-08-21 15:52:00-04:00,74.47000122070312,74.47000122070312,74.47000122070312,74.47000122070312,294,0.0,0.0
2024-08-21 15:53:00-04:00,74.45580291748047,74.54000091552734,74.45580291748047,74.54000091552734,1690,0.0,0.0
2024-08-21 15:54:00-04:00,74.55999755859375,74.56999969482422,74.44000244140625,74.56999969482422,3312,0.0,0.0
2024-08-21 15:55:00-04:00,74.5,74.59500122070312,74.47000122070312,74.55000305175781,5799,0.0,0.0
2024-08-21 15:56:00-04:00,74.55000305175781,74.55000305175781,74.5199966430664,74.52999877929688,2107,0.0,0.0
2024-08-21 15:57:00-04:00,74.53500366210938,74.53500366210938,74.48999786376953,74.5,4378,0.0,0.0
2024-08-21 15:58:00-04:00,74.52749633789062,74.56999969482422,74.45999908447266,74.56999969482422,4752,0.0,0.0
2024-08-21 15:59:00-04:00,74.56500244140625,74.58000183105469,74.43000030517578,74.43000030517578,7630,0.0,0.0
2024-08-22 09:30:00-04:00,74.44999694824219,74.44999694824219,74.44999694824219,74.44999694824219,4007,0.0,0.0
2024-08-22 09:32:00-04:00,74.55000305175781,74.55000305175781,74.375,74.375,796,0.0,0.0
2024-08-22 09:33:00-04:00,75.0,75.0,75.0,75.0,1478,0.0,0.0
2024-08-22 09:35:00-04:00,74.86000061035156,75.06999969482422,74.86000061035156,75.06999969482422,1741,0.0,0.0
2024-08-22 09:37:00-04:00,74.86000061035156,74.86000061035156,74.86000061035156,74.86000061035156,460,0.0,0.0
2024-08-22 09:38:00-04:00,75.02909851074219,75.02909851074219,75.02909851074219,75.02909851074219,720,0.0,0.0
2024-08-22 09:40:00-04:00,75.25969696044922,75.25969696044922,75.25969696044922,75.25969696044922,311,0.0,0.0
2024-08-22 09:46:00-04:00,75.0,75.0,74.76000213623047,74.76000213623047,345,0.0,0.0
2024-08-22 09:47:00-04:00,74.5999984741211,74.5999984741211,74.5999984741211,74.5999984741211,360,0.0,0.0
2024-08-22 09:50:00-04:00,74.33499908447266,74.33499908447266,74.33499908447266,74.33499908447266,450,0.0,0.0
2024-08-22 09:54:00-04:00,74.26000213623047,74.26000213623047,74.26000213623047,74.26000213623047,105,0.0,0.0
2024-08-22 09:56:00-04:00,74.1500015258789,74.33499908447266,74.1500015258789,74.33499908447266,1155,0.0,0.0
2024-08-22 10:01:00-04:00,74.33999633789062,74.33999633789062,74.33999633789062,74.33999633789062,318,0.0,0.0
2024-08-22 10:04:00-04:00,74.19999694824219,74.40499877929688,74.11000061035156,74.11000061035156,3639,0.0,0.0
2024-08-22 10:05:00-04:00,74.11000061035156,74.11000061035156,74.11000061035156,74.11000061035156,215,0.0,0.0
2024-08-22 10:08:00-04:00,73.83999633789062,73.83999633789062,73.73999786376953,73.73999786376953,568,0.0,0.0
2024-08-22 10:11:00-04:00,73.74500274658203,73.74500274658203,73.73999786376953,73.73999786376953,434,0.0,0.0
2024-08-22 10:13:00-04:00,73.95500183105469,73.95500183105469,73.95500183105469,73.95500183105469,1316,0.0,0.0
2024-08-22 10:20:00-04:00,73.75,73.75,73.75,73.75,1213,0.0,0.0
2024-08-22 10:21:00-04:00,73.82499694824219,73.82499694824219,73.82499694824219,73.82499694824219,101,0.0,0.0
2024-08-22 10:22:00-04:00,73.82499694824219,73.83000183105469,73.82499694824219,73.83000183105469,297,0.0,0.0
2024-08-22 10:26:00-04:00,73.96499633789062,73.96499633789062,73.96499633789062,73.96499633789062,142,0.0,0.0
2024-08-22 10:29:00-04:00,73.83000183105469,73.83000183105469,73.83000183105469,73.83000183105469,211,0.0,0.0
2024-08-22 10:33:00-04:00,73.81999969482422,73.9000015258789,73.81999969482422,73.9000015258789,274,0.0,0.0
2024-08-22 10:36:00-04:00,73.91500091552734,73.9800033569336,73.91500091552734,73.9800033569336,491,0.0,0.0
2024-08-22 10:38:00-04:00,73.90499877929688,73.90499877929688,73.90499877929688,73.90499877929688,1034,0.0,0.0
2024-08-22 10:43:00-04:00,74.18499755859375,74.4000015258789,74.18499755859375,74.4000015258789,911,0.0,0.0
2024-08-22 10:49:00-04:00,74.33000183105469,74.33000183105469,74.19000244140625,74.19000244140625,251,0.0,0.0
2024-08-22 10:50:00-04:00,74.3949966430664,74.3949966430664,74.3949966430664,74.3949966430664,489,0.0,0.0
2024-08-22 10:52:00-04:00,74.16000366210938,74.16000366210938,74.16000366210938,74.16000366210938,580,0.0,0.0
2024-08-22 10:53:00-04:00,74.27999877929688,74.27999877929688,74.27999877929688,74.27999877929688,651,0.0,0.0
2024-08-22 10:57:00-04:00,74.12000274658203,74.12000274658203,74.12000274658203,74.12000274658203,703,0.0,0.0
2024-08-22 11:04:00-04:00,74.24500274658203,74.24500274658203,74.24500274658203,74.24500274658203,389,0.0,0.0
2024-08-22 11:10:00-04:00,74.22000122070312,74.22000122070312,74.22000122070312,74.22000122070312,372,0.0,0.0
2024-08-22 11:12:00-04:00,74.12000274658203,74.12000274658203,74.12000274658203,74.12000274658203,1108,0.0,0.0
2024-08-22 11:16:00-04:00,74.08000183105469,74.08000183105469,74.05000305175781,74.05000305175781,841,0.0,0.0
2024-08-22 11:19:00-04:00,73.95500183105469,73.95500183105469,73.95500183105469,73.95500183105469,202,0.0,0.0
2024-08-22 11:20:00-04:00,73.9000015258789,73.9000015258789,73.9000015258789,73.9000015258789,1108,0.0,0.0
2024-08-22 11:22:00-04:00,73.9800033569336,74.0,73.9800033569336,74.0,715,0.0,0.0
2024-08-22 11:25:00-04:00,74.08000183105469,74.08000183105469,74.08000183105469,74.08000183105469,961,0.0,0.0
2024-08-22 11:31:00-04:00,74.13500213623047,74.13500213623047,74.11000061035156,74.11000061035156,2015,0.0,0.0
2024-08-22 11:36:00-04:00,74.05960083007812,74.05960083007812,74.05960083007812,74.05960083007812,1581,0.0,0.0
2024-08-22 11:43:00-04:00,73.91000366210938,73.91000366210938,73.91000366210938,73.91000366210938,283,0.0,0.0
2024-08-22 11:45:00-04:00,73.9800033569336,73.9800033569336,73.9800033569336,73.9800033569336,223,0.0,0.0
2024-08-22 11:46:00-04:00,73.9800033569336,73.9800033569336,73.9800033569336,73.9800033569336,431,0.0,0.0
2024-08-22 11:47:00-04:00,73.98999786376953,73.98999786376953,73.98999786376953,73.98999786376953,740,0.0,0.0
2024-08-22 11:49:00-04:00,73.94999694824219,73.94999694824219,73.94999694824219,73.94999694824219,399,0.0,0.0
2024-08-22 11:50:00-04:00,73.83999633789062,73.83999633789062,73.83000183105469,73.83000183105469,770,0.0,0.0
2024-08-22 11:52:00-04:00,73.88999938964844,73.88999938964844,73.88999938964844,73.88999938964844,551,0.0,0.0
2024-08-22 11:58:00-04:00,73.95999908447266,73.95999908447266,73.95999908447266,73.95999908447266,1146,0.0,0.0
2024-08-22 12:03:00-04:00,74.12000274658203,74.16999816894531,74.12000274658203,74.16999816894531,503,0.0,0.0
2024-08-22 12:04:00-04:00,74.33999633789062,74.33999633789062,74.33999633789062,74.33999633789062,130,0.0,0.0
2024-08-22 12:06:00-04:00,74.33999633789062,74.33999633789062,74.33999633789062,74.33999633789062,584,0.0,0.0
2024-08-22 12:08:00-04:00,74.37000274658203,74.37000274658203,74.37000274658203,74.37000274658203,217,0.0,0.0
2024-08-22 12:09:00-04:00,74.41000366210938,74.41000366210938,74.41000366210938,74.41000366210938,208,0.0,0.0
2024-08-22 12:15:00-04:00,74.48999786376953,74.48999786376953,74.48999786376953,74.48999786376953,200,0.0,0.0
2024-08-22 12:16:00-04:00,74.47000122070312,74.47000122070312,74.47000122070312,74.47000122070312,908,0.0,0.0
2024-08-22 12:26:00-04:00,74.70999908447266,74.70999908447266,74.70999908447266,74.70999908447266,520,0.0,0.0
2024-08-22 12:31:00-04:00,74.87000274658203,74.87000274658203,74.87000274658203,74.87000274658203,191,0.0,0.0
2024-08-22 12:33:00-04:00,74.70999908447266,74.70999908447266,74.70999908447266,74.70999908447266,793,0.0,0.0
2024-08-22 12:36:00-04:00,74.6500015258789,74.6500015258789,74.6500015258789,74.6500015258789,109,0.0,0.0
2024-08-22 12:38:00-04:00,74.71759796142578,74.71759796142578,74.71759796142578,74.71759796142578,148,0.0,0.0
2024-08-22 12:39:00-04:00,74.7300033569336,74.7300033569336,74.7300033569336,74.7300033569336,105,0.0,0.0
2024-08-22 12:40:00-04:00,74.75789642333984,74.75789642333984,74.75789642333984,74.75789642333984,862,0.0,0.0
2024-08-22 12:43:00-04:00,74.72000122070312,74.72000122070312,74.72000122070312,74.72000122070312,114,0.0,0.0
2024-08-22 12:45:00-04:00,74.7249984741211,74.7249984741211,74.7249984741211,74.7249984741211,110,0.0,0.0
2024-08-22 12:46:00-04:00,74.68000030517578,74.68000030517578,74.68000030517578,74.68000030517578,415,0.0,0.0
2024-08-22 12:48:00-04:00,74.5999984741211,74.5999984741211,74.54000091552734,74.54000091552734,975,0.0,0.0
2024-08-22 12:52:00-04:00,74.44999694824219,74.44999694824219,74.3949966430664,74.3949966430664,650,0.0,0.0
2024-08-22 12:53:00-04:00,74.3949966430664,74.3949966430664,74.3949966430664,74.3949966430664,1737,0.0,0.0
2024-08-22 12:57:00-04:00,74.13999938964844,74.13999938964844,74.13999938964844,74.13999938964844,252,0.0,0.0
2024-08-22 12:58:00-04:00,74.30999755859375,74.30999755859375,74.30999755859375,74.30999755859375,870,0.0,0.0
2024-08-22 13:07:00-04:00,74.31999969482422,74.33000183105469,74.31999969482422,74.33000183105469,396,0.0,0.0
2024-08-22 13:08:00-04:00,74.42250061035156,74.42250061035156,74.42250061035156,74.42250061035156,445,0.0,0.0
2024-08-22 13:16:00-04:00,74.46499633789062,74.46499633789062,74.46499633789062,74.46499633789062,456,0.0,0.0
2024-08-22 13:20:00-04:00,74.4800033569336,74.4800033569336,74.45999908447266,74.45999908447266,572,0.0,0.0
2024-08-22 13:22:00-04:00,74.4000015258789,74.4000015258789,74.4000015258789,74.4000015258789,394,0.0,0.0
2024-08-22 13:23:00-04:00,74.4800033569336,74.4800033569336,74.4800033569336,74.4800033569336,459,0.0,0.0
2024-08-22 13:25:00-04:00,74.5250015258789,74.5250015258789,74.5250015258789,74.5250015258789,395,0.0,0.0
2024-08-22 13:30:00-04:00,74.43000030517578,74.43000030517578,74.41000366210938,74.41000366210938,973,0.0,0.0
2024-08-22 13:31:00-04:00,74.4000015258789,74.4000015258789,74.33999633789062,74.33999633789062,1514,0.0,0.0
2024-08-22 13:35:00-04:00,74.33499908447266,74.33499908447266,74.33499908447266,74.33499908447266,622,0.0,0.0
2024-08-22 13:37:00-04:00,74.44000244140625,74.55000305175781,74.44000244140625,74.55000305175781,1539,0.0,0.0
2024-08-22 13:40:00-04:00,74.47000122070312,74.47000122070312,74.47000122070312,74.47000122070312,444,0.0,0.0
2024-08-22 13:44:00-04:00,74.56900024414062,74.56900024414062,74.45999908447266,74.45999908447266,508,0.0,0.0
2024-08-22 13:49:00-04:00,74.42500305175781,74.42500305175781,74.42500305175781,74.42500305175781,220,0.0,0.0
2024-08-22 13:52:00-04:00,74.41000366210938,74.41000366210938,74.41000366210938,74.41000366210938,662,0.0,0.0
2024-08-22 13:55:00-04:00,74.36000061035156,74.36000061035156,74.36000061035156,74.36000061035156,332,0.0,0.0
2024-08-22 13:57:00-04:00,74.30000305175781,74.30000305175781,74.30000305175781,74.30000305175781,704,0.0,0.0
2024-08-22 14:03:00-04:00,74.30999755859375,74.30999755859375,74.30999755859375,74.30999755859375,469,0.0,0.0
2024-08-22 14:06:00-04:00,74.30999755859375,74.30999755859375,74.30999755859375,74.30999755859375,167,0.0,0.0
2024-08-22 14:07:00-04:00,74.36000061035156,74.36000061035156,74.36000061035156,74.36000061035156,888,0.0,0.0
2024-08-22 14:12:00-04:00,74.54000091552734,74.54000091552734,74.54000091552734,74.54000091552734,491,0.0,0.0
2024-08-22 14:14:00-04:00,74.61000061035156,74.61000061035156,74.61000061035156,74.61000061035156,570,0.0,0.0
2024-08-22 14:16:00-04:00,74.47000122070312,74.47000122070312,74.47000122070312,74.47000122070312,102,0.0,0.0
2024-08-22 14:17:00-04:00,74.5199966430664,74.5199966430664,74.5199966430664,74.5199966430664,249,0.0,0.0
2024-08-22 14:18:00-04:00,74.51000213623047,74.51000213623047,74.51000213623047,74.51000213623047,245,0.0,0.0
2024-08-22 14:19:00-04:00,74.51000213623047,74.51000213623047,74.51000213623047,74.51000213623047,119,0.0,0.0
2024-08-22 14:20:00-04:00,74.5199966430664,74.5199966430664,74.5199966430664,74.5199966430664,1239,0.0,0.0
2024-08-22 14:31:00-04:00,74.61000061035156,74.61000061035156,74.61000061035156,74.61000061035156,221,0.0,0.0
2024-08-22 14:33:00-04:00,74.54499816894531,74.5999984741211,74.54499816894531,74.5999984741211,538,0.0,0.0
2024-08-22 14:34:00-04:00,74.52999877929688,74.52999877929688,74.52999877929688,74.52999877929688,599,0.0,0.0
2024-08-22 14:42:00-04:00,74.53500366210938,74.53500366210938,74.53500366210938,74.53500366210938,330,0.0,0.0
2024-08-22 14:44:00-04:00,74.55999755859375,74.55999755859375,74.52999877929688,74.52999877929688,660,0.0,0.0
2024-08-22 14:45:00-04:00,74.55999755859375,74.58000183105469,74.55999755859375,74.58000183105469,971,0.0,0.0
2024-08-22 14:46:00-04:00,74.55999755859375,74.55999755859375,74.47000122070312,74.48999786376953,2338,0.0,0.0
2024-08-22 14:54:00-04:00,74.56999969482422,74.56999969482422,74.56999969482422,74.56999969482422,975,0.0,0.0
2024-08-22 14:58:00-04:00,74.5199966430664,74.5199966430664,74.4749984741211,74.4749984741211,1228,0.0,0.0
2024-08-22 15:00:00-04:00,74.45999908447266,74.5,74.45999908447266,74.5,380,0.0,0.0
2024-08-22 15:01:00-04:00,74.48500061035156,74.48500061035156,74.41010284423828,74.41010284423828,1045,0.0,0.0
2024-08-22 15:03:00-04:00,74.55000305175781,74.55000305175781,74.55000305175781,74.55000305175781,113,0.0,0.0
2024-08-22 15:04:00-04:00,74.54499816894531,74.54499816894531,74.54499816894531,74.54499816894531,1843,0.0,0.0
2024-08-22 15:14:00-04:00,74.48999786376953,74.48999786376953,74.48999786376953,74.48999786376953,303,0.0,0.0
2024-08-22 15:15:00-04:00,74.61499786376953,74.61499786376953,74.61499786376953,74.61499786376953,135,0.0,0.0
2024-08-22 15:16:00-04:00,74.66000366210938,74.66000366210938,74.66000366210938,74.66000366210938,646,0.0,0.0
2024-08-22 15:19:00-04:00,74.55000305175781,74.56999969482422,74.55000305175781,74.56999969482422,781,0.0,0.0
2024-08-22 15:22:00-04:00,74.51000213623047,74.5199966430664,74.41000366210938,74.41000366210938,3069,0.0,0.0
2024-08-22 15:25:00-04:00,74.45500183105469,74.45500183105469,74.45500183105469,74.45500183105469,329,0.0,0.0
2024-08-22 15:26:00-04:00,74.47000122070312,74.48999786376953,74.44499969482422,74.48999786376953,818,0.0,0.0
2024-08-22 15:28:00-04:00,74.5999984741211,74.5999984741211,74.45999908447266,74.45999908447266,2300,0.0,0.0
2024-08-22 15:29:00-04:00,74.53450012207031,74.61990356445312,74.53450012207031,74.53469848632812,1972,0.0,0.0
2024-08-22 15:30:00-04:00,74.5199966430664,74.55000305175781,74.45999908447266,74.55000305175781,1679,0.0,0.0
2024-08-22 15:31:00-04:00,74.51499938964844,74.51499938964844,74.51499938964844,74.51499938964844,298,0.0,0.0
2024-08-22 15:34:00-04:00,74.45999908447266,74.45999908447266,74.41999816894531,74.42900085449219,925,0.0,0.0
2024-08-22 15:35:00-04:00,74.4000015258789,74.41000366210938,74.3740005493164,74.38999938964844,1099,0.0,0.0
2024-08-22 15:36:00-04:00,74.41999816894531,74.44999694824219,74.41999816894531,74.42500305175781,971,0.0,0.0
2024-08-22 15:38:00-04:00,74.4800033569336,74.51000213623047,74.4800033569336,74.51000213623047,962,0.0,0.0
2024-08-22 15:40:00-04:00,74.44000244140625,74.44000244140625,74.44000244140625,74.44000244140625,682,0.0,0.0
2024-08-22 15:41:00-04:00,74.49400329589844,74.49400329589844,74.49400329589844,74.49400329589844,273,0.0,0.0
2024-08-22 15:43:00-04:00,74.46499633789062,74.48999786376953,74.46499633789062,74.46499633789062,405,0.0,0.0
2024-08-22 15:44:00-04:00,74.46499633789062,74.46499633789062,74.44000244140625,74.44000244140625,1319,0.0,0.0
2024-08-22 15:45:00-04:00,74.46900177001953,74.5,74.44999694824219,74.5,1844,0.0,0.0
2024-08-22 15:46:00-04:00,74.51000213623047,74.51000213623047,74.4749984741211,74.4749984741211,692,0.0,0.0
2024-08-22 15:47:00-04:00,74.49400329589844,74.49400329589844,74.49400329589844,74.49400329589844,537,0.0,0.0
2024-08-22 15:48:00-04:00,74.48500061035156,74.5,74.48500061035156,74.5,811,0.0,0.0
2024-08-22 15:49:00-04:00,74.6500015258789,74.66000366210938,74.6500015258789,74.66000366210938,467,0.0,0.0
2024-08-22 15:50:00-04:00,74.6500015258789,74.76000213623047,74.41999816894531,74.41999816894531,6259,0.0,0.0
2024-08-22 15:51:00-04:00,74.43000030517578,74.43000030517578,74.43000030517578,74.43000030517578,382,0.0,0.0
2024-08-22 15:52:00-04:00,74.31999969482422,74.375,74.31999969482422,74.375,2249,0.0,0.0
2024-08-22 15:53:00-04:00,74.25,74.25,74.25,74.25,260,0.0,0.0
2024-08-22 15:54:00-04:00,74.22000122070312,74.27999877929688,74.19000244140625,74.27999877929688,2229,0.0,0.0
2024-08-22 15:55:00-04:00,74.29000091552734,74.36000061035156,74.29000091552734,74.33000183105469,1951,0.0,0.0
2024-08-22 15:56:00-04:00,74.31999969482422,74.31999969482422,74.23999786376953,74.23999786376953,2694,0.0,0.0
2024-08-22 15:57:00-04:00,74.19999694824219,74.20999908447266,74.19000244140625,74.19999694824219,2622,0.0,0.0
2024-08-22 15:58:00-04:00,74.29000091552734,74.30999755859375,74.29000091552734,74.30999755859375,2026,0.0,0.0
2024-08-22 15:59:00-04:00,74.30000305175781,74.36499786376953,74.25,74.31999969482422,7353,0.0,0.0
2024-08-23 09:30:00-04:00,75.30000305175781,75.30000305175781,74.94999694824219,74.94999694824219,4802,0.0,0.0
2024-08-23 09:36:00-04:00,75.55999755859375,75.61000061035156,75.55999755859375,75.61000061035156,672,0.0,0.0
2024-08-23 09:37:00-04:00,75.54000091552734,75.54000091552734,75.12000274658203,75.12000274658203,3248,0.0,0.0
2024-08-23 09:39:00-04:00,75.51000213623047,75.51000213623047,75.51000213623047,75.51000213623047,213,0.0,0.0
2024-08-23 09:42:00-04:00,74.9000015258789,74.9000015258789,74.9000015258789,74.9000015258789,317,0.0,0.0
2024-08-23 09:43:00-04:00,74.93000030517578,74.93000030517578,74.93000030517578,74.93000030517578,442,0.0,0.0
2024-08-23 09:44:00-04:00,75.13999938964844,75.13999938964844,75.13999938964844,75.13999938964844,145,0.0,0.0
2024-08-23 09:46:00-04:00,75.18000030517578,75.18000030517578,75.18000030517578,75.18000030517578,218,0.0,0.0
2024-08-23 09:47:00-04:00,75.13999938964844,75.13999938964844,75.13999938964844,75.13999938964844,247,0.0,0.0
2024-08-23 09:48:00-04:00,75.11000061035156,75.11000061035156,75.11000061035156,75.11000061035156,423,0.0,0.0
2024-08-23 09:51:00-04:00,74.76000213623047,74.76000213623047,74.76000213623047,74.76000213623047,727,0.0,0.0
2024-08-23 09:53:00-04:00,74.75,74.75,74.75,74.75,336,0.0,0.0
2024-08-23 09:55:00-04:00,74.75,74.75,74.75,74.75,284,0.0,0.0
2024-08-23 10:00:00-04:00,74.73500061035156,74.94999694824219,74.73500061035156,74.94999694824219,705,0.0,0.0
2024-08-23 10:02:00-04:00,75.24500274658203,75.5,75.24500274658203,75.5,1061,0.0,0.0
2024-08-23 10:03:00-04:00,75.47000122070312,75.47000122070312,75.41000366210938,75.41000366210938,627,0.0,0.0
2024-08-23 10:05:00-04:00,75.25,75.25,75.25,75.25,745,0.0,0.0
2024-08-23 10:06:00-04:00,75.12999725341797,75.16000366210938,75.08999633789062,75.16000366210938,830,0.0,0.0
2024-08-23 10:07:00-04:00,75.22000122070312,75.22000122070312,75.1500015258789,75.16500091552734,524,0.0,0.0
2024-08-23 10:08:00-04:00,75.07430267333984,75.07430267333984,75.07430267333984,75.07430267333984,406,0.0,0.0
2024-08-23 10:09:00-04:00,75.08779907226562,75.25499725341797,75.08779907226562,75.25499725341797,549,0.0,0.0
2024-08-23 10:11:00-04:00,75.45999908447266,75.55000305175781,75.45999908447266,75.55000305175781,1038,0.0,0.0
2024-08-23 10:13:00-04:00,75.9000015258789,75.9000015258789,75.9000015258789,75.9000015258789,258,0.0,0.0
2024-08-23 10:15:00-04:00,76.01000213623047,76.01000213623047,76.01000213623047,76.01000213623047,102,0.0,0.0
2024-08-23 10:16:00-04:00,75.91600036621094,75.91600036621094,75.61309814453125,75.61309814453125,1025,0.0,0.0
2024-08-23 10:17:00-04:00,75.58000183105469,75.58000183105469,75.44000244140625,75.50499725341797,978,0.0,0.0
2024-08-23 10:20:00-04:00,75.36000061035156,75.36000061035156,75.36000061035156,75.36000061035156,1366,0.0,0.0
2024-08-23 10:21:00-04:00,75.27999877929688,75.36000061035156,75.2699966430664,75.2699966430664,584,0.0,0.0
2024-08-23 10:22:00-04:00,75.41000366210938,75.48500061035156,75.41000366210938,75.48500061035156,572,0.0,0.0
2024-08-23 10:23:00-04:00,75.52999877929688,75.52999877929688,75.36000061035156,75.41000366210938,2903,0.0,0.0
2024-08-23 10:25:00-04:00,75.63999938964844,75.63999938964844,75.63999938964844,75.63999938964844,439,0.0,0.0
2024-08-23 10:27:00-04:00,75.68499755859375,75.68499755859375,75.6500015258789,75.68499755859375,1271,0.0,0.0
2024-08-23 10:28:00-04:00,75.8499984741211,76.23819732666016,75.8499984741211,76.06500244140625,2384,0.0,0.0
2024-08-23 10:29:00-04:00,76.30000305175781,76.30000305175781,75.8949966430664,75.8949966430664,871,0.0,0.0
2024-08-23 10:30:00-04:00,76.02999877929688,76.02999877929688,75.88600158691406,75.88600158691406,463,0.0,0.0
2024-08-23 10:31:00-04:00,76.0999984741211,76.0999984741211,76.00499725341797,76.04000091552734,339,0.0,0.0
2024-08-23 10:32:00-04:00,76.01000213623047,76.16000366210938,76.01000213623047,76.16000366210938,485,0.0,0.0
2024-08-23 10:33:00-04:00,76.0,76.0,76.0,76.0,614,0.0,0.0
2024-08-23 10:34:00-04:00,76.16000366210938,76.16000366210938,76.16000366210938,76.16000366210938,256,0.0,0.0
2024-08-23 10:35:00-04:00,75.84500122070312,75.84500122070312,75.84500122070312,75.84500122070312,497,0.0,0.0
2024-08-23 10:37:00-04:00,75.99500274658203,75.99500274658203,75.99500274658203,75.99500274658203,528,0.0,0.0
2024-08-23 10:41:00-04:00,75.80500030517578,75.80500030517578,75.80500030517578,75.80500030517578,946,0.0,0.0
2024-08-23 10:43:00-04:00,76.05999755859375,76.05999755859375,76.05999755859375,76.05999755859375,205,0.0,0.0
2024-08-23 10:44:00-04:00,76.13999938964844,76.13999938964844,75.95500183105469,75.95500183105469,116,0.0,0.0
2024-08-23 10:46:00-04:00,76.0,76.0,76.0,76.0,524,0.0,0.0
2024-08-23 10:47:00-04:00,75.75,75.81999969482422,75.6449966430664,75.81999969482422,1255,0.0,0.0
2024-08-23 10:50:00-04:00,75.44999694824219,75.44999694824219,75.44999694824219,75.44999694824219,915,0.0,0.0
2024-08-23 10:54:00-04:00,75.58999633789062,75.58999633789062,75.5199966430664,75.5199966430664,472,0.0,0.0
2024-08-23 10:55:00-04:00,75.6449966430664,75.6449966430664,75.44000244140625,75.47949981689453,1481,0.0,0.0
2024-08-23 10:57:00-04:00,75.61000061035156,75.61000061035156,75.61000061035156,75.61000061035156,989,0.0,0.0
2024-08-23 11:00:00-04:00,75.7300033569336,75.7300033569336,75.7300033569336,75.7300033569336,416,0.0,0.0
2024-08-23 11:04:00-04:00,75.88500213623047,75.88500213623047,75.88500213623047,75.88500213623047,749,0.0,0.0
2024-08-23 11:10:00-04:00,76.2300033569336,76.2300033569336,76.2300033569336,76.2300033569336,139,0.0,0.0
2024-08-23 11:11:00-04:00,76.05999755859375,76.05999755859375,76.05999755859375,76.05999755859375,232,0.0,0.0
2024-08-23 11:13:00-04:00,76.33999633789062,76.33999633789062,76.33999633789062,76.33999633789062,346,0.0,0.0
2024-08-23 11:14:00-04:00,76.37000274658203,76.53500366210938,76.37000274658203,76.53500366210938,602,0.0,0.0
2024-08-23 11:16:00-04:00,76.4749984741211,76.68000030517578,76.4749984741211,76.68000030517578,520,0.0,0.0
2024-08-23 11:17:00-04:00,76.41500091552734,76.41500091552734,76.30000305175781,76.30000305175781,1495,0.0,0.0
2024-08-23 11:26:00-04:00,76.37999725341797,76.37999725341797,76.37999725341797,76.37999725341797,804,0.0,0.0
2024-08-23 11:27:00-04:00,76.29000091552734,76.30999755859375,76.2699966430664,76.30000305175781,1657,0.0,0.0
2024-08-23 11:29:00-04:00,76.44999694824219,76.44999694824219,76.44999694824219,76.44999694824219,288,0.0,0.0
2024-08-23 11:32:00-04:00,76.63999938964844,76.63999938964844,76.63999938964844,76.63999938964844,261,0.0,0.0
2024-08-23 11:33:00-04:00,76.54930114746094,76.54930114746094,76.54930114746094,76.54930114746094,1191,0.0,0.0
2024-08-23 11:39:00-04:00,76.63999938964844,76.63999938964844,76.63999938964844,76.63999938964844,217,0.0,0.0
2024-08-23 11:43:00-04:00,76.5250015258789,76.5250015258789,76.13999938964844,76.13999938964844,1951,0.0,0.0
2024-08-23 11:45:00-04:00,75.95999908447266,75.95999908447266,75.95999908447266,75.95999908447266,459,0.0,0.0
2024-08-23 11:46:00-04:00,76.1500015258789,76.1500015258789,76.1500015258789,76.1500015258789,262,0.0,0.0
2024-08-23 11:47:00-04:00,76.05000305175781,76.05000305175781,76.05000305175781,76.05000305175781,1308,0.0,0.0
2024-08-23 11:52:00-04:00,75.9000015258789,75.9000015258789,75.9000015258789,75.9000015258789,428,0.0,0.0
2024-08-23 11:54:00-04:00,75.87999725341797,75.87999725341797,75.81999969482422,75.81999969482422,1332,0.0,0.0
2024-08-23 11:57:00-04:00,75.83000183105469,75.83000183105469,75.83000183105469,75.83000183105469,1057,0.0,0.0
2024-08-23 11:59:00-04:00,75.73999786376953,75.73999786376953,75.73999786376953,75.73999786376953,222,0.0,0.0
2024-08-23 12:00:00-04:00,75.57499694824219,75.57499694824219,75.51000213623047,75.5250015258789,818,0.0,0.0
2024-08-23 12:01:00-04:00,75.42500305175781,75.42500305175781,75.42500305175781,75.42500305175781,627,0.0,0.0
2024-08-23 12:03:00-04:00,75.69999694824219,75.69999694824219,75.69999694824219,75.69999694824219,390,0.0,0.0
2024-08-23 12:04:00-04:00,75.73999786376953,75.76000213623047,75.73999786376953,75.76000213623047,672,0.0,0.0
2024-08-23 12:08:00-04:00,75.83999633789062,75.83999633789062,75.83000183105469,75.83000183105469,854,0.0,0.0
2024-08-23 12:10:00-04:00,75.86000061035156,75.86000061035156,75.86000061035156,75.86000061035156,1214,0.0,0.0
2024-08-23 12:13:00-04:00,75.69000244140625,75.69000244140625,75.69000244140625,75.69000244140625,506,0.0,0.0
2024-08-23 12:14:00-04:00,75.6500015258789,75.6500015258789,75.6500015258789,75.6500015258789,612,0.0,0.0
2024-08-23 12:15:00-04:00,75.76000213623047,75.76000213623047,75.76000213623047,75.76000213623047,255,0.0,0.0
2024-08-23 12:17:00-04:00,75.70999908447266,75.70999908447266,75.70999908447266,75.70999908447266,338,0.0,0.0
2024-08-23 12:20:00-04:00,75.83000183105469,75.83000183105469,75.83000183105469,75.83000183105469,398,0.0,0.0
2024-08-23 12:22:00-04:00,75.76599884033203,75.76599884033203,75.76599884033203,75.76599884033203,504,0.0,0.0
2024-08-23 12:24:00-04:00,75.66000366210938,75.66000366210938,75.66000366210938,75.66000366210938,573,0.0,0.0
2024-08-23 12:25:00-04:00,75.68240356445312,75.68240356445312,75.68240356445312,75.68240356445312,423,0.0,0.0
2024-08-23 12:26:00-04:00,75.81999969482422,75.81999969482422,75.81999969482422,75.81999969482422,370,0.0,0.0
2024-08-23 12:28:00-04:00,75.7699966430664,75.7699966430664,75.7699966430664,75.7699966430664,126,0.0,0.0
2024-08-23 12:29:00-04:00,75.83000183105469,75.83000183105469,75.83000183105469,75.83000183105469,644,0.0,0.0
2024-08-23 12:30:00-04:00,75.97000122070312,75.97000122070312,75.97000122070312,75.97000122070312,422,0.0,0.0
2024-08-23 12:31:00-04:00,76.06999969482422,76.06999969482422,76.06999969482422,76.06999969482422,299,0.0,0.0
2024-08-23 12:33:00-04:00,76.06999969482422,76.06999969482422,76.06999969482422,76.06999969482422,288,0.0,0.0
2024-08-23 12:34:00-04:00,75.93000030517578,76.05000305175781,75.93000030517578,76.05000305175781,293,0.0,0.0
2024-08-23 12:35:00-04:00,76.06999969482422,76.06999969482422,76.06999969482422,76.06999969482422,288,0.0,0.0
2024-08-23 12:37:00-04:00,76.02999877929688,76.02999877929688,76.02999877929688,76.02999877929688,124,0.0,0.0
2024-08-23 12:38:00-04:00,76.05000305175781,76.05000305175781,76.05000305175781,76.05000305175781,126,0.0,0.0
2024-08-23 12:39:00-04:00,75.94000244140625,76.0199966430664,75.94000244140625,76.0199966430664,211,0.0,0.0
2024-08-23 12:40:00-04:00,76.05000305175781,76.05000305175781,76.05000305175781,76.05000305175781,103,0.0,0.0
2024-08-23 12:41:00-04:00,75.94000244140625,76.01000213623047,75.93000030517578,75.93000030517578,432,0.0,0.0
2024-08-23 12:42:00-04:00,76.04000091552734,76.04000091552734,75.79000091552734,75.80000305175781,988,0.0,0.0
2024-08-23 12:43:00-04:00,75.71499633789062,75.71499633789062,75.71499633789062,75.71499633789062,448,0.0,0.0
2024-08-23 12:48:00-04:00,75.80999755859375,75.80999755859375,75.80999755859375,75.80999755859375,354,0.0,0.0
2024-08-23 12:51:00-04:00,75.8499984741211,75.8499984741211,75.8499984741211,75.8499984741211,1020,0.0,0.0
2024-08-23 12:55:00-04:00,75.97550201416016,75.97550201416016,75.97550201416016,75.97550201416016,511,0.0,0.0
2024-08-23 13:00:00-04:00,76.0,76.0,75.94499969482422,75.94499969482422,1633,0.0,0.0
2024-08-23 13:01:00-04:00,75.9800033569336,75.9800033569336,75.9800033569336,75.9800033569336,482,0.0,0.0
2024-08-23 13:02:00-04:00,75.91500091552734,75.94999694824219,75.91500091552734,75.94999694824219,866,0.0,0.0
2024-08-23 13:04:00-04:00,76.0250015258789,76.0250015258789,75.88009643554688,75.88009643554688,781,0.0,0.0
2024-08-23 13:10:00-04:00,75.9800033569336,75.9800033569336,75.9800033569336,75.9800033569336,622,0.0,0.0
2024-08-23 13:18:00-04:00,76.02999877929688,76.02999877929688,76.02999877929688,76.02999877929688,677,0.0,0.0
2024-08-23 13:23:00-04:00,76.05999755859375,76.05999755859375,76.05999755859375,76.05999755859375,144,0.0,0.0
2024-08-23 13:27:00-04:00,76.08000183105469,76.08000183105469,76.08000183105469,76.08000183105469,821,0.0,0.0
2024-08-23 13:32:00-04:00,76.00499725341797,76.00499725341797,76.00499725341797,76.00499725341797,280,0.0,0.0
2024-08-23 13:33:00-04:00,75.93000030517578,75.93000030517578,75.83999633789062,75.83999633789062,1658,0.0,0.0
2024-08-23 13:37:00-04:00,75.83000183105469,75.8499984741211,75.83000183105469,75.8499984741211,401,0.0,0.0
2024-08-23 13:38:00-04:00,75.75,75.7605972290039,75.75,75.7605972290039,829,0.0,0.0
2024-08-23 13:44:00-04:00,75.8499984741211,75.87999725341797,75.82499694824219,75.82499694824219,1070,0.0,0.0
2024-08-23 13:46:00-04:00,75.83999633789062,75.83999633789062,75.80999755859375,75.80999755859375,1055,0.0,0.0
2024-08-23 13:52:00-04:00,75.73999786376953,75.73999786376953,75.73999786376953,75.73999786376953,318,0.0,0.0
2024-08-23 13:53:00-04:00,75.7699966430664,75.81999969482422,75.7699966430664,75.81999969482422,209,0.0,0.0
2024-08-23 13:55:00-04:00,75.77999877929688,75.77999877929688,75.77999877929688,75.77999877929688,345,0.0,0.0
2024-08-23 13:56:00-04:00,75.83000183105469,75.83000183105469,75.83000183105469,75.83000183105469,1089,0.0,0.0
2024-08-23 14:01:00-04:00,75.77999877929688,75.77999877929688,75.77999877929688,75.77999877929688,446,0.0,0.0
2024-08-23 14:06:00-04:00,75.81999969482422,75.88999938964844,75.81999969482422,75.88999938964844,239,0.0,0.0
2024-08-23 14:08:00-04:00,75.7300033569336,75.7300033569336,75.7300033569336,75.7300033569336,817,0.0,0.0
2024-08-23 14:14:00-04:00,75.94999694824219,75.94999694824219,75.94999694824219,75.94999694824219,884,0.0,0.0
2024-08-23 14:19:00-04:00,75.9749984741211,76.0,75.9749984741211,76.0,831,0.0,0.0
2024-08-23 14:22:00-04:00,75.96499633789062,75.96499633789062,75.83999633789062,75.83999633789062,1040,0.0,0.0
2024-08-23 14:30:00-04:00,75.79000091552734,75.79000091552734,75.79000091552734,75.79000091552734,417,0.0,0.0
2024-08-23 14:34:00-04:00,75.83499908447266,75.83499908447266,75.83499908447266,75.83499908447266,440,0.0,0.0
2024-08-23 14:35:00-04:00,75.91999816894531,75.91999816894531,75.91999816894531,75.91999816894531,1522,0.0,0.0
2024-08-23 14:50:00-04:00,76.02999877929688,76.02999877929688,76.02999877929688,76.02999877929688,1206,0.0,0.0
2024-08-23 15:02:00-04:00,75.91999816894531,75.91999816894531,75.88999938964844,75.88999938964844,1752,0.0,0.0
2024-08-23 15:03:00-04:00,75.8550033569336,75.94999694824219,75.8550033569336,75.94999694824219,742,0.0,0.0
2024-08-23 15:04:00-04:00,75.91999816894531,75.91999816894531,75.91999816894531,75.91999816894531,236,0.0,0.0
2024-08-23 15:05:00-04:00,75.9800033569336,75.9800033569336,75.9800033569336,75.9800033569336,410,0.0,0.0
2024-08-23 15:08:00-04:00,75.9800033569336,75.9800033569336,75.9800033569336,75.9800033569336,708,0.0,0.0
2024-08-23 15:10:00-04:00,76.01000213623047,76.0199966430664,76.01000213623047,76.0199966430664,489,0.0,0.0
2024-08-23 15:13:00-04:00,76.12000274658203,76.12000274658203,76.06999969482422,76.06999969482422,1386,0.0,0.0
2024-08-23 15:14:00-04:00,76.12999725341797,76.12999725341797,76.12999725341797,76.12999725341797,289,0.0,0.0
2024-08-23 15:17:00-04:00,76.12999725341797,76.12999725341797,76.12999725341797,76.12999725341797,237,0.0,0.0
2024-08-23 15:19:00-04:00,76.125,76.125,76.125,76.125,331,0.0,0.0
2024-08-23 15:21:00-04:00,76.18000030517578,76.18000030517578,76.18000030517578,76.18000030517578,872,0.0,0.0
2024-08-23 15:25:00-04:00,76.19000244140625,76.19000244140625,76.19000244140625,76.19000244140625,310,0.0,0.0
2024-08-23 15:29:00-04:00,76.16500091552734,76.16500091552734,76.16500091552734,76.16500091552734,285,0.0,0.0
2024-08-23 15:31:00-04:00,76.20999908447266,76.20999908447266,76.20999908447266,76.20999908447266,1146,0.0,0.0
2024-08-23 15:33:00-04:00,76.2300033569336,76.25,76.2300033569336,76.25,473,0.0,0.0
2024-08-23 15:34:00-04:00,76.20999908447266,76.20999908447266,76.19999694824219,76.19999694824219,1200,0.0,0.0
2024-08-23 15:36:00-04:00,76.08000183105469,76.1500015258789,76.08000183105469,76.1500015258789,590,0.0,0.0
2024-08-23 15:37:00-04:00,76.16000366210938,76.16000366210938,76.16000366210938,76.16000366210938,838,0.0,0.0
2024-08-23 15:38:00-04:00,76.25,76.25,76.25,76.25,788,0.0,0.0
2024-08-23 15:41:00-04:00,76.20500183105469,76.25,76.20500183105469,76.25,1189,0.0,0.0
2024-08-23 15:42:00-04:00,76.18000030517578,76.2300033569336,76.18000030517578,76.2300033569336,1230,0.0,0.0
2024-08-23 15:43:00-04:00,76.16000366210938,76.19999694824219,76.16000366210938,76.19999694824219,724,0.0,0.0
2024-08-23 15:45:00-04:00,76.12000274658203,76.12000274658203,76.12000274658203,76.12000274658203,1859,0.0,0.0
2024-08-23 15:47:00-04:00,76.1449966430664,76.1449966430664,76.09629821777344,76.09629821777344,615,0.0,0.0
2024-08-23 15:49:00-04:00,76.09010314941406,76.19499969482422,76.09010314941406,76.19499969482422,3880,0.0,0.0
2024-08-23 15:50:00-04:00,76.23999786376953,76.23999786376953,76.18920135498047,76.20500183105469,1927,0.0,0.0
2024-08-23 15:51:00-04:00,76.22000122070312,76.25,76.16000366210938,76.16000366210938,2383,0.0,0.0
2024-08-23 15:52:00-04:00,76.2699966430664,76.2699966430664,76.25,76.25,1382,0.0,0.0
2024-08-23 15:54:00-04:00,76.20999908447266,76.30000305175781,76.20999908447266,76.27999877929688,4034,0.0,0.0
2024-08-23 15:55:00-04:00,76.23999786376953,76.25,76.22000122070312,76.23999786376953,4398,0.0,0.0
2024-08-23 15:56:00-04:00,76.1500015258789,76.16000366210938,76.13999938964844,76.13999938964844,2253,0.0,0.0
2024-08-23 15:57:00-04:00,76.1500015258789,76.1500015258789,76.12000274658203,76.12000274658203,2582,0.0,0.0
2024-08-23 15:58:00-04:00,76.16000366210938,76.28500366210938,76.13999938964844,76.16000366210938,5585,0.0,0.0
2024-08-23 15:59:00-04:00,76.22000122070312,76.3499984741211,76.22000122070312,76.3499984741211,5005,0.0,0.0
