Datetime,Open,High,Low,Close,Volume,Dividends,Stock Splits,Capital Gains
2024-08-19 09:30:00-04:00,12.229999542236328,12.229999542236328,12.229999542236328,12.229999542236328,5663,0.0,0.0,0.0
2024-08-19 09:37:00-04:00,12.3100004196167,12.3100004196167,12.3100004196167,12.3100004196167,104,0.0,0.0,0.0
2024-08-19 09:41:00-04:00,12.34000015258789,12.34000015258789,12.34000015258789,12.34000015258789,307,0.0,0.0,0.0
2024-08-19 09:51:00-04:00,12.380000114440918,12.380000114440918,12.380000114440918,12.380000114440918,1204,0.0,0.0,0.0
2024-08-19 09:56:00-04:00,12.425000190734863,12.425000190734863,12.425000190734863,12.425000190734863,1020,0.0,0.0,0.0
2024-08-19 09:58:00-04:00,12.454999923706055,12.454999923706055,12.454999923706055,12.454999923706055,1000,0.0,0.0,0.0
2024-08-19 09:59:00-04:00,12.460000038146973,12.460000038146973,12.460000038146973,12.460000038146973,486,0.0,0.0,0.0
2024-08-19 10:02:00-04:00,12.470000267028809,12.470000267028809,12.470000267028809,12.470000267028809,2000,0.0,0.0,0.0
2024-08-19 10:03:00-04:00,12.475000381469727,12.475000381469727,12.475000381469727,12.475000381469727,2196,0.0,0.0,0.0
2024-08-19 10:04:00-04:00,12.496100425720215,12.496100425720215,12.496100425720215,12.496100425720215,210,0.0,0.0,0.0
2024-08-19 10:05:00-04:00,12.510100364685059,12.53950023651123,12.510100364685059,12.53950023651123,1377,0.0,0.0,0.0
2024-08-19 10:09:00-04:00,12.539999961853027,12.539999961853027,12.539999961853027,12.539999961853027,5331,0.0,0.0,0.0
2024-08-19 10:10:00-04:00,12.5600004196167,12.5600004196167,12.541299819946289,12.541299819946289,1207,0.0,0.0,0.0
2024-08-19 10:14:00-04:00,12.534600257873535,12.534600257873535,12.534600257873535,12.534600257873535,153,0.0,0.0,0.0
2024-08-19 10:19:00-04:00,12.47189998626709,12.47189998626709,12.47189998626709,12.47189998626709,234,0.0,0.0,0.0
2024-08-19 10:22:00-04:00,12.489999771118164,12.489999771118164,12.489999771118164,12.489999771118164,181,0.0,0.0,0.0
2024-08-19 10:28:00-04:00,12.520099639892578,12.520099639892578,12.520099639892578,12.520099639892578,143,0.0,0.0,0.0
2024-08-19 10:31:00-04:00,12.529999732971191,12.529999732971191,12.529999732971191,12.529999732971191,4006,0.0,0.0,0.0
2024-08-19 10:35:00-04:00,12.59000015258789,12.59000015258789,12.579999923706055,12.579999923706055,952,0.0,0.0,0.0
2024-08-19 10:46:00-04:00,12.605999946594238,12.605999946594238,12.605999946594238,12.605999946594238,380,0.0,0.0,0.0
2024-08-19 10:47:00-04:00,12.609999656677246,12.609999656677246,12.609999656677246,12.609999656677246,1329,0.0,0.0,0.0
2024-08-19 10:52:00-04:00,12.664199829101562,12.664199829101562,12.664199829101562,12.664199829101562,300,0.0,0.0,0.0
2024-08-19 10:57:00-04:00,12.668499946594238,12.668499946594238,12.668499946594238,12.668499946594238,121,0.0,0.0,0.0
2024-08-19 11:00:00-04:00,12.65999984741211,12.668399810791016,12.65999984741211,12.668399810791016,568,0.0,0.0,0.0
2024-08-19 11:01:00-04:00,12.630000114440918,12.630000114440918,12.630000114440918,12.630000114440918,552,0.0,0.0,0.0
2024-08-19 11:11:00-04:00,12.670000076293945,12.670000076293945,12.670000076293945,12.670000076293945,104,0.0,0.0,0.0
2024-08-19 11:12:00-04:00,12.670000076293945,12.670000076293945,12.670000076293945,12.670000076293945,151,0.0,0.0,0.0
2024-08-19 11:16:00-04:00,12.670000076293945,12.670000076293945,12.670000076293945,12.670000076293945,1000,0.0,0.0,0.0
2024-08-19 11:17:00-04:00,12.699000358581543,12.699000358581543,12.699000358581543,12.699000358581543,1025,0.0,0.0,0.0
2024-08-19 11:18:00-04:00,12.6850004196167,12.6850004196167,12.6850004196167,12.6850004196167,1000,0.0,0.0,0.0
2024-08-19 11:19:00-04:00,12.720000267028809,12.720000267028809,12.720000267028809,12.720000267028809,1000,0.0,0.0,0.0
2024-08-19 11:21:00-04:00,12.69629955291748,12.69629955291748,12.69629955291748,12.69629955291748,135,0.0,0.0,0.0
2024-08-19 11:22:00-04:00,12.680000305175781,12.680000305175781,12.680000305175781,12.680000305175781,150,0.0,0.0,0.0
2024-08-19 11:23:00-04:00,12.670000076293945,12.680000305175781,12.670000076293945,12.680000305175781,1100,0.0,0.0,0.0
2024-08-19 11:24:00-04:00,12.680000305175781,12.680000305175781,12.680000305175781,12.680000305175781,1000,0.0,0.0,0.0
2024-08-19 11:25:00-04:00,12.670000076293945,12.680100440979004,12.65999984741211,12.680100440979004,2700,0.0,0.0,0.0
2024-08-19 11:26:00-04:00,12.679100036621094,12.679100036621094,12.679100036621094,12.679100036621094,2503,0.0,0.0,0.0
2024-08-19 11:27:00-04:00,12.699999809265137,12.699999809265137,12.699999809265137,12.699999809265137,900,0.0,0.0,0.0
2024-08-19 11:28:00-04:00,12.694999694824219,12.694999694824219,12.694999694824219,12.694999694824219,625,0.0,0.0,0.0
2024-08-19 11:33:00-04:00,12.699999809265137,12.699999809265137,12.698599815368652,12.698599815368652,2100,0.0,0.0,0.0
2024-08-19 11:35:00-04:00,12.699999809265137,12.699999809265137,12.699999809265137,12.699999809265137,335,0.0,0.0,0.0
2024-08-19 11:37:00-04:00,12.699899673461914,12.699899673461914,12.699899673461914,12.699899673461914,100,0.0,0.0,0.0
2024-08-19 11:39:00-04:00,12.670000076293945,12.675000190734863,12.670000076293945,12.675000190734863,705,0.0,0.0,0.0
2024-08-19 11:46:00-04:00,12.675000190734863,12.675000190734863,12.675000190734863,12.675000190734863,1720,0.0,0.0,0.0
2024-08-19 11:49:00-04:00,12.699999809265137,12.699999809265137,12.699999809265137,12.699999809265137,100,0.0,0.0,0.0
2024-08-19 11:51:00-04:00,12.649999618530273,12.649999618530273,12.649999618530273,12.649999618530273,203,0.0,0.0,0.0
2024-08-19 11:52:00-04:00,12.651200294494629,12.651200294494629,12.651200294494629,12.651200294494629,105,0.0,0.0,0.0
2024-08-19 11:58:00-04:00,12.65999984741211,12.65999984741211,12.65999984741211,12.65999984741211,409,0.0,0.0,0.0
2024-08-19 12:05:00-04:00,12.6899995803833,12.690099716186523,12.6899995803833,12.690099716186523,2003,0.0,0.0,0.0
2024-08-19 12:10:00-04:00,12.699999809265137,12.699999809265137,12.699999809265137,12.699999809265137,500,0.0,0.0,0.0
2024-08-19 12:11:00-04:00,12.699999809265137,12.699999809265137,12.699999809265137,12.699999809265137,405,0.0,0.0,0.0
2024-08-19 12:16:00-04:00,12.699999809265137,12.709500312805176,12.699999809265137,12.709500312805176,449,0.0,0.0,0.0
2024-08-19 12:19:00-04:00,12.6899995803833,12.710000038146973,12.682499885559082,12.6850004196167,129014,0.0,0.0,0.0
2024-08-19 12:20:00-04:00,12.682499885559082,12.6850004196167,12.682499885559082,12.6850004196167,200,0.0,0.0,0.0
2024-08-19 12:28:00-04:00,12.710000038146973,12.710000038146973,12.710000038146973,12.710000038146973,201,0.0,0.0,0.0
2024-08-19 12:29:00-04:00,12.6850004196167,12.6899995803833,12.6850004196167,12.6899995803833,300,0.0,0.0,0.0
2024-08-19 12:30:00-04:00,12.699999809265137,12.699999809265137,12.699999809265137,12.699999809265137,1000,0.0,0.0,0.0
2024-08-19 12:31:00-04:00,12.6899995803833,12.6899995803833,12.6899995803833,12.6899995803833,1054,0.0,0.0,0.0
2024-08-19 12:40:00-04:00,12.713399887084961,12.716899871826172,12.713399887084961,12.716899871826172,2369,0.0,0.0,0.0
2024-08-19 12:41:00-04:00,12.718799591064453,12.718799591064453,12.718799591064453,12.718799591064453,254,0.0,0.0,0.0
2024-08-19 12:45:00-04:00,12.699999809265137,12.699999809265137,12.699999809265137,12.699999809265137,554,0.0,0.0,0.0
2024-08-19 12:57:00-04:00,12.710000038146973,12.710000038146973,12.710000038146973,12.710000038146973,200,0.0,0.0,0.0
2024-08-19 12:58:00-04:00,12.710000038146973,12.710000038146973,12.710000038146973,12.710000038146973,100,0.0,0.0,0.0
2024-08-19 13:00:00-04:00,12.699999809265137,12.699999809265137,12.699999809265137,12.699999809265137,200,0.0,0.0,0.0
2024-08-19 13:01:00-04:00,12.693300247192383,12.693300247192383,12.693300247192383,12.693300247192383,150,0.0,0.0,0.0
2024-08-19 13:03:00-04:00,12.699999809265137,12.699999809265137,12.699999809265137,12.699999809265137,224,0.0,0.0,0.0
2024-08-19 13:07:00-04:00,12.6899995803833,12.710000038146973,12.6899995803833,12.710000038146973,2931,0.0,0.0,0.0
2024-08-19 13:10:00-04:00,12.729999542236328,12.729999542236328,12.729999542236328,12.729999542236328,101,0.0,0.0,0.0
2024-08-19 13:11:00-04:00,12.704999923706055,12.704999923706055,12.704999923706055,12.704999923706055,1410,0.0,0.0,0.0
2024-08-19 13:20:00-04:00,12.729999542236328,12.729999542236328,12.729999542236328,12.729999542236328,400,0.0,0.0,0.0
2024-08-19 13:26:00-04:00,12.704999923706055,12.704999923706055,12.704999923706055,12.704999923706055,995,0.0,0.0,0.0
2024-08-19 13:32:00-04:00,12.729999542236328,12.729999542236328,12.729999542236328,12.729999542236328,306,0.0,0.0,0.0
2024-08-19 13:41:00-04:00,12.75,12.770000457763672,12.75,12.770000457763672,5327,0.0,0.0,0.0
2024-08-19 13:42:00-04:00,12.770000457763672,12.770000457763672,12.770000457763672,12.770000457763672,347,0.0,0.0,0.0
2024-08-19 13:44:00-04:00,12.739999771118164,12.739999771118164,12.729999542236328,12.73009967803955,3241,0.0,0.0,0.0
2024-08-19 13:52:00-04:00,12.765000343322754,12.765000343322754,12.765000343322754,12.765000343322754,208,0.0,0.0,0.0
2024-08-19 13:55:00-04:00,12.789999961853027,12.789999961853027,12.789999961853027,12.789999961853027,100,0.0,0.0,0.0
2024-08-19 13:57:00-04:00,12.75,12.779999732971191,12.75,12.767499923706055,400,0.0,0.0,0.0
2024-08-19 14:00:00-04:00,12.769800186157227,12.769800186157227,12.760000228881836,12.768400192260742,3725,0.0,0.0,0.0
2024-08-19 14:02:00-04:00,12.760000228881836,12.760000228881836,12.760000228881836,12.760000228881836,234,0.0,0.0,0.0
2024-08-19 14:04:00-04:00,12.75,12.75,12.75,12.75,102,0.0,0.0,0.0
2024-08-19 14:06:00-04:00,12.744999885559082,12.744999885559082,12.734000205993652,12.734000205993652,1135,0.0,0.0,0.0
2024-08-19 14:07:00-04:00,12.739999771118164,12.744999885559082,12.739999771118164,12.744999885559082,2000,0.0,0.0,0.0
2024-08-19 14:08:00-04:00,12.729999542236328,12.744999885559082,12.729999542236328,12.744999885559082,200,0.0,0.0,0.0
2024-08-19 14:09:00-04:00,12.739999771118164,12.739999771118164,12.739999771118164,12.739999771118164,201,0.0,0.0,0.0
2024-08-19 14:15:00-04:00,12.729999542236328,12.739999771118164,12.729999542236328,12.739999771118164,1264,0.0,0.0,0.0
2024-08-19 14:16:00-04:00,12.720000267028809,12.720000267028809,12.720000267028809,12.720000267028809,1094,0.0,0.0,0.0
2024-08-19 14:21:00-04:00,12.725000381469727,12.725000381469727,12.725000381469727,12.725000381469727,208,0.0,0.0,0.0
2024-08-19 14:22:00-04:00,12.739999771118164,12.739999771118164,12.739999771118164,12.739999771118164,117,0.0,0.0,0.0
2024-08-19 14:23:00-04:00,12.739999771118164,12.739999771118164,12.739999771118164,12.739999771118164,1971,0.0,0.0,0.0
2024-08-19 14:25:00-04:00,12.739999771118164,12.739999771118164,12.739999771118164,12.739999771118164,426,0.0,0.0,0.0
2024-08-19 14:31:00-04:00,12.739399909973145,12.739399909973145,12.739399909973145,12.739399909973145,627,0.0,0.0,0.0
2024-08-19 14:40:00-04:00,12.725000381469727,12.725000381469727,12.725000381469727,12.725000381469727,370,0.0,0.0,0.0
2024-08-19 14:46:00-04:00,12.739999771118164,12.739999771118164,12.739999771118164,12.739999771118164,560,0.0,0.0,0.0
2024-08-19 14:53:00-04:00,12.73270034790039,12.760000228881836,12.73270034790039,12.760000228881836,7741,0.0,0.0,0.0
2024-08-19 14:58:00-04:00,12.768099784851074,12.768099784851074,12.768099784851074,12.768099784851074,472,0.0,0.0,0.0
2024-08-19 15:00:00-04:00,12.786199569702148,12.786199569702148,12.786199569702148,12.786199569702148,102,0.0,0.0,0.0
2024-08-19 15:01:00-04:00,12.739999771118164,12.739999771118164,12.739999771118164,12.739999771118164,453,0.0,0.0,0.0
2024-08-19 15:03:00-04:00,12.760000228881836,12.779999732971191,12.75,12.75,9601,0.0,0.0,0.0
2024-08-19 15:04:00-04:00,12.75,12.75,12.75,12.75,274,0.0,0.0,0.0
2024-08-19 15:09:00-04:00,12.774999618530273,12.774999618530273,12.774999618530273,12.774999618530273,868,0.0,0.0,0.0
2024-08-19 15:14:00-04:00,12.785099983215332,12.785099983215332,12.765800476074219,12.765800476074219,660,0.0,0.0,0.0
2024-08-19 15:16:00-04:00,12.774999618530273,12.779999732971191,12.760100364685059,12.779999732971191,9063,0.0,0.0,0.0
2024-08-19 15:17:00-04:00,12.75,12.779999732971191,12.75,12.774999618530273,2898,0.0,0.0,0.0
2024-08-19 15:18:00-04:00,12.764100074768066,12.764100074768066,12.760700225830078,12.760700225830078,2000,0.0,0.0,0.0
2024-08-19 15:19:00-04:00,12.760199546813965,12.774999618530273,12.760199546813965,12.774999618530273,2089,0.0,0.0,0.0
2024-08-19 15:25:00-04:00,12.779999732971191,12.779999732971191,12.770000457763672,12.772700309753418,1825,0.0,0.0,0.0
2024-08-19 15:28:00-04:00,12.78969955444336,12.789999961853027,12.78969955444336,12.789999961853027,12376,0.0,0.0,0.0
2024-08-19 15:29:00-04:00,12.789999961853027,12.799699783325195,12.789999961853027,12.789999961853027,1962,0.0,0.0,0.0
2024-08-19 15:35:00-04:00,12.800000190734863,12.800000190734863,12.800000190734863,12.800000190734863,1001,0.0,0.0,0.0
2024-08-19 15:36:00-04:00,12.800000190734863,12.800000190734863,12.800000190734863,12.800000190734863,1045,0.0,0.0,0.0
2024-08-19 15:40:00-04:00,12.784799575805664,12.784799575805664,12.784799575805664,12.784799575805664,197,0.0,0.0,0.0
2024-08-19 15:43:00-04:00,12.8100004196167,12.8100004196167,12.8100004196167,12.8100004196167,2002,0.0,0.0,0.0
2024-08-19 15:44:00-04:00,12.8100004196167,12.8100004196167,12.795000076293945,12.795000076293945,1652,0.0,0.0,0.0
2024-08-19 15:45:00-04:00,12.808799743652344,12.808799743652344,12.795000076293945,12.800000190734863,2500,0.0,0.0,0.0
2024-08-19 15:46:00-04:00,12.790900230407715,12.800000190734863,12.790900230407715,12.800000190734863,1101,0.0,0.0,0.0
2024-08-19 15:47:00-04:00,12.781100273132324,12.781100273132324,12.781100273132324,12.781100273132324,1182,0.0,0.0,0.0
2024-08-19 15:49:00-04:00,12.779999732971191,12.779999732971191,12.779999732971191,12.779999732971191,320,0.0,0.0,0.0
2024-08-19 15:50:00-04:00,12.8100004196167,12.821800231933594,12.8100004196167,12.821800231933594,270,0.0,0.0,0.0
2024-08-19 15:52:00-04:00,12.819999694824219,12.829999923706055,12.819999694824219,12.829999923706055,8060,0.0,0.0,0.0
2024-08-19 15:53:00-04:00,12.819999694824219,12.819999694824219,12.819999694824219,12.819999694824219,176,0.0,0.0,0.0
2024-08-19 15:56:00-04:00,12.800000190734863,12.800000190734863,12.800000190734863,12.800000190734863,1944,0.0,0.0,0.0
2024-08-19 15:57:00-04:00,12.800000190734863,12.800000190734863,12.800000190734863,12.800000190734863,2280,0.0,0.0,0.0
2024-08-19 15:58:00-04:00,12.819999694824219,12.819999694824219,12.819999694824219,12.819999694824219,126,0.0,0.0,0.0
2024-08-19 15:59:00-04:00,12.800000190734863,12.819999694824219,12.779999732971191,12.819999694824219,3838,0.0,0.0,0.0
2024-08-20 09:30:00-04:00,13.0,13.0,12.949999809265137,13.0,8715,0.0,0.0,0.0
2024-08-20 09:31:00-04:00,13.069999694824219,13.079999923706055,13.069999694824219,13.079999923706055,820,0.0,0.0,0.0
2024-08-20 09:33:00-04:00,13.000100135803223,13.000100135803223,13.000100135803223,13.000100135803223,101,0.0,0.0,0.0
2024-08-20 09:34:00-04:00,13.0,13.0,13.0,13.0,905,0.0,0.0,0.0
2024-08-20 09:35:00-04:00,13.029999732971191,13.029999732971191,13.029999732971191,13.029999732971191,101,0.0,0.0,0.0
2024-08-20 09:36:00-04:00,13.0,13.0,13.0,13.0,1598,0.0,0.0,0.0
2024-08-20 09:37:00-04:00,13.005000114440918,13.005000114440918,13.005000114440918,13.005000114440918,437,0.0,0.0,0.0
2024-08-20 09:41:00-04:00,13.005000114440918,13.005000114440918,13.005000114440918,13.005000114440918,427,0.0,0.0,0.0
2024-08-20 09:44:00-04:00,13.045000076293945,13.045000076293945,13.045000076293945,13.045000076293945,411,0.0,0.0,0.0
2024-08-20 09:45:00-04:00,13.050000190734863,13.0600004196167,13.050000190734863,13.0600004196167,789,0.0,0.0,0.0
2024-08-20 09:46:00-04:00,13.07919979095459,13.07919979095459,13.07919979095459,13.07919979095459,300,0.0,0.0,0.0
2024-08-20 09:47:00-04:00,13.09000015258789,13.09000015258789,13.09000015258789,13.09000015258789,535,0.0,0.0,0.0
2024-08-20 09:48:00-04:00,13.055000305175781,13.055000305175781,13.055000305175781,13.055000305175781,120,0.0,0.0,0.0
2024-08-20 09:49:00-04:00,13.035200119018555,13.079899787902832,13.035200119018555,13.079899787902832,635,0.0,0.0,0.0
2024-08-20 09:51:00-04:00,13.029999732971191,13.041799545288086,13.0,13.010000228881836,2490,0.0,0.0,0.0
2024-08-20 09:52:00-04:00,13.010000228881836,13.029999732971191,12.989999771118164,12.989999771118164,3096,0.0,0.0,0.0
2024-08-20 09:54:00-04:00,13.029999732971191,13.029999732971191,13.029999732971191,13.029999732971191,488,0.0,0.0,0.0
2024-08-20 09:57:00-04:00,13.020000457763672,13.031499862670898,13.020000457763672,13.031499862670898,651,0.0,0.0,0.0
2024-08-20 09:58:00-04:00,13.039899826049805,13.039899826049805,13.039899826049805,13.039899826049805,900,0.0,0.0,0.0
2024-08-20 09:59:00-04:00,13.029999732971191,13.029999732971191,13.029999732971191,13.029999732971191,771,0.0,0.0,0.0
2024-08-20 10:01:00-04:00,12.960000038146973,12.960000038146973,12.960000038146973,12.960000038146973,115,0.0,0.0,0.0
2024-08-20 10:03:00-04:00,13.029999732971191,13.029999732971191,13.029999732971191,13.029999732971191,180,0.0,0.0,0.0
2024-08-20 10:04:00-04:00,13.0,13.0,13.0,13.0,485,0.0,0.0,0.0
2024-08-20 10:05:00-04:00,12.990799903869629,13.013099670410156,12.988800048828125,13.013099670410156,1386,0.0,0.0,0.0
2024-08-20 10:08:00-04:00,13.0,13.0,13.0,13.0,1030,0.0,0.0,0.0
2024-08-20 10:10:00-04:00,12.979999542236328,12.979999542236328,12.979999542236328,12.979999542236328,169,0.0,0.0,0.0
2024-08-20 10:11:00-04:00,12.989999771118164,12.999199867248535,12.989999771118164,12.999199867248535,700,0.0,0.0,0.0
2024-08-20 10:12:00-04:00,12.971199989318848,12.971199989318848,12.9399995803833,12.9399995803833,578,0.0,0.0,0.0
2024-08-20 10:13:00-04:00,12.963500022888184,12.963500022888184,12.963500022888184,12.963500022888184,308,0.0,0.0,0.0
2024-08-20 10:18:00-04:00,12.90999984741211,12.90999984741211,12.90999984741211,12.90999984741211,444,0.0,0.0,0.0
2024-08-20 10:20:00-04:00,12.9399995803833,12.9399995803833,12.9399995803833,12.9399995803833,20697,0.0,0.0,0.0
2024-08-20 10:24:00-04:00,12.920000076293945,12.9399995803833,12.919899940490723,12.927000045776367,10336,0.0,0.0,0.0
2024-08-20 10:25:00-04:00,12.93850040435791,12.93850040435791,12.920000076293945,12.929900169372559,1490,0.0,0.0,0.0
2024-08-20 10:28:00-04:00,12.897600173950195,12.94950008392334,12.897600173950195,12.94950008392334,5058,0.0,0.0,0.0
2024-08-20 10:31:00-04:00,12.913599967956543,12.913599967956543,12.913599967956543,12.913599967956543,167,0.0,0.0,0.0
2024-08-20 10:36:00-04:00,12.949700355529785,12.949700355529785,12.949700355529785,12.949700355529785,463,0.0,0.0,0.0
2024-08-20 10:38:00-04:00,12.930000305175781,12.930000305175781,12.930000305175781,12.930000305175781,285,0.0,0.0,0.0
2024-08-20 10:41:00-04:00,12.899999618530273,12.899999618530273,12.899999618530273,12.899999618530273,477,0.0,0.0,0.0
2024-08-20 11:01:00-04:00,12.84000015258789,12.859999656677246,12.829999923706055,12.829999923706055,1401,0.0,0.0,0.0
2024-08-20 11:03:00-04:00,12.819999694824219,12.819999694824219,12.819999694824219,12.819999694824219,4899,0.0,0.0,0.0
2024-08-20 11:07:00-04:00,12.843999862670898,12.843999862670898,12.843999862670898,12.843999862670898,261,0.0,0.0,0.0
2024-08-20 11:09:00-04:00,12.849800109863281,12.849800109863281,12.849800109863281,12.849800109863281,1876,0.0,0.0,0.0
2024-08-20 11:11:00-04:00,12.849900245666504,12.849900245666504,12.849900245666504,12.849900245666504,111,0.0,0.0,0.0
2024-08-20 11:15:00-04:00,12.79010009765625,12.850000381469727,12.79010009765625,12.79010009765625,322,0.0,0.0,0.0
2024-08-20 11:16:00-04:00,12.84000015258789,12.850000381469727,12.84000015258789,12.850000381469727,1551,0.0,0.0,0.0
2024-08-20 11:20:00-04:00,12.819999694824219,12.819999694824219,12.819999694824219,12.819999694824219,1308,0.0,0.0,0.0
2024-08-20 11:22:00-04:00,12.84000015258789,12.84000015258789,12.84000015258789,12.84000015258789,493,0.0,0.0,0.0
2024-08-20 11:25:00-04:00,12.8100004196167,12.8100004196167,12.8100004196167,12.8100004196167,613,0.0,0.0,0.0
2024-08-20 11:32:00-04:00,12.815999984741211,12.819999694824219,12.815999984741211,12.819999694824219,325,0.0,0.0,0.0
2024-08-20 11:38:00-04:00,12.835399627685547,12.835399627685547,12.835399627685547,12.835399627685547,1001,0.0,0.0,0.0
2024-08-20 11:42:00-04:00,12.800100326538086,12.800100326538086,12.800100326538086,12.800100326538086,1196,0.0,0.0,0.0
2024-08-20 11:43:00-04:00,12.800000190734863,12.800000190734863,12.800000190734863,12.800000190734863,1000,0.0,0.0,0.0
2024-08-20 11:44:00-04:00,12.8100004196167,12.8100004196167,12.8100004196167,12.8100004196167,502,0.0,0.0,0.0
2024-08-20 11:54:00-04:00,12.78219985961914,12.78219985961914,12.78219985961914,12.78219985961914,954,0.0,0.0,0.0
2024-08-20 11:58:00-04:00,12.780099868774414,12.780099868774414,12.780099868774414,12.780099868774414,249,0.0,0.0,0.0
2024-08-20 12:03:00-04:00,12.789999961853027,12.789999961853027,12.75,12.75,2100,0.0,0.0,0.0
2024-08-20 12:04:00-04:00,12.773799896240234,12.773799896240234,12.773799896240234,12.773799896240234,461,0.0,0.0,0.0
2024-08-20 12:09:00-04:00,12.800000190734863,12.829999923706055,12.800000190734863,12.829899787902832,1701,0.0,0.0,0.0
2024-08-20 12:12:00-04:00,12.80620002746582,12.80620002746582,12.80620002746582,12.80620002746582,112,0.0,0.0,0.0
2024-08-20 12:14:00-04:00,12.850000381469727,12.850000381469727,12.850000381469727,12.850000381469727,100,0.0,0.0,0.0
2024-08-20 12:15:00-04:00,12.859999656677246,12.859999656677246,12.859999656677246,12.859999656677246,101,0.0,0.0,0.0
2024-08-20 12:26:00-04:00,12.86989974975586,12.86989974975586,12.86989974975586,12.86989974975586,500,0.0,0.0,0.0
2024-08-20 12:27:00-04:00,12.810600280761719,12.810600280761719,12.810600280761719,12.810600280761719,3750,0.0,0.0,0.0
2024-08-20 12:28:00-04:00,12.845000267028809,12.845000267028809,12.845000267028809,12.845000267028809,1096,0.0,0.0,0.0
2024-08-20 12:31:00-04:00,12.835100173950195,12.835100173950195,12.835100173950195,12.835100173950195,181,0.0,0.0,0.0
2024-08-20 12:39:00-04:00,12.84000015258789,12.84000015258789,12.84000015258789,12.84000015258789,1236,0.0,0.0,0.0
2024-08-20 12:57:00-04:00,12.850000381469727,12.850000381469727,12.850000381469727,12.850000381469727,111,0.0,0.0,0.0
2024-08-20 13:00:00-04:00,12.830400466918945,12.830400466918945,12.830400466918945,12.830400466918945,238,0.0,0.0,0.0
2024-08-20 13:16:00-04:00,12.84000015258789,12.84000015258789,12.84000015258789,12.84000015258789,325,0.0,0.0,0.0
2024-08-20 13:19:00-04:00,12.862899780273438,12.862899780273438,12.862899780273438,12.862899780273438,156,0.0,0.0,0.0
2024-08-20 13:29:00-04:00,12.820099830627441,12.820099830627441,12.820099830627441,12.820099830627441,305,0.0,0.0,0.0
2024-08-20 13:31:00-04:00,12.850000381469727,12.850000381469727,12.850000381469727,12.850000381469727,173,0.0,0.0,0.0
2024-08-20 13:42:00-04:00,12.808199882507324,12.808199882507324,12.808199882507324,12.808199882507324,204,0.0,0.0,0.0
2024-08-20 13:48:00-04:00,12.835000038146973,12.835000038146973,12.835000038146973,12.835000038146973,745,0.0,0.0,0.0
2024-08-20 13:50:00-04:00,12.835000038146973,12.835000038146973,12.835000038146973,12.835000038146973,200,0.0,0.0,0.0
2024-08-20 13:51:00-04:00,12.82349967956543,12.82349967956543,12.82349967956543,12.82349967956543,2014,0.0,0.0,0.0
2024-08-20 14:22:00-04:00,12.869999885559082,12.869999885559082,12.869999885559082,12.869999885559082,2265,0.0,0.0,0.0
2024-08-20 14:31:00-04:00,12.88599967956543,12.88599967956543,12.88599967956543,12.88599967956543,1064,0.0,0.0,0.0
2024-08-20 14:38:00-04:00,12.90719985961914,12.90719985961914,12.90719985961914,12.90719985961914,623,0.0,0.0,0.0
2024-08-20 14:50:00-04:00,12.914999961853027,12.914999961853027,12.914999961853027,12.914999961853027,314,0.0,0.0,0.0
2024-08-20 15:00:00-04:00,12.920000076293945,12.920000076293945,12.920000076293945,12.920000076293945,911,0.0,0.0,0.0
2024-08-20 15:08:00-04:00,12.899999618530273,12.899999618530273,12.899999618530273,12.899999618530273,1001,0.0,0.0,0.0
2024-08-20 15:19:00-04:00,12.899999618530273,12.899999618530273,12.899999618530273,12.899999618530273,246,0.0,0.0,0.0
2024-08-20 15:21:00-04:00,12.930000305175781,12.930000305175781,12.904999732971191,12.904999732971191,937,0.0,0.0,0.0
2024-08-20 15:25:00-04:00,12.890299797058105,12.890299797058105,12.89009952545166,12.89009952545166,2076,0.0,0.0,0.0
2024-08-20 15:35:00-04:00,12.90999984741211,12.928999900817871,12.90999984741211,12.928999900817871,1000,0.0,0.0,0.0
2024-08-20 15:36:00-04:00,12.894599914550781,12.894599914550781,12.894599914550781,12.894599914550781,547,0.0,0.0,0.0
2024-08-20 15:44:00-04:00,12.92870044708252,12.92870044708252,12.92870044708252,12.92870044708252,796,0.0,0.0,0.0
2024-08-20 15:45:00-04:00,12.928799629211426,12.928799629211426,12.928799629211426,12.928799629211426,102,0.0,0.0,0.0
2024-08-20 15:48:00-04:00,12.897500038146973,12.897500038146973,12.897500038146973,12.897500038146973,580,0.0,0.0,0.0
2024-08-20 15:49:00-04:00,12.929900169372559,12.929900169372559,12.929900169372559,12.929900169372559,212,0.0,0.0,0.0
2024-08-20 15:51:00-04:00,12.90999984741211,12.928999900817871,12.90999984741211,12.928999900817871,420,0.0,0.0,0.0
2024-08-20 15:52:00-04:00,12.90999984741211,12.90999984741211,12.90999984741211,12.90999984741211,1003,0.0,0.0,0.0
2024-08-20 15:53:00-04:00,12.90999984741211,12.914999961853027,12.90999984741211,12.914999961853027,2102,0.0,0.0,0.0
2024-08-20 15:54:00-04:00,12.914999961853027,12.930000305175781,12.914999961853027,12.930000305175781,1150,0.0,0.0,0.0
2024-08-20 15:55:00-04:00,12.899999618530273,12.930000305175781,12.899999618530273,12.904999732971191,2358,0.0,0.0,0.0
2024-08-20 15:56:00-04:00,12.904999732971191,12.904999732971191,12.904999732971191,12.904999732971191,617,0.0,0.0,0.0
2024-08-20 15:58:00-04:00,12.920000076293945,12.930000305175781,12.904999732971191,12.906900405883789,2831,0.0,0.0,0.0
2024-08-20 15:59:00-04:00,12.920000076293945,12.920000076293945,12.920000076293945,12.920000076293945,380,0.0,0.0,0.0
2024-08-21 09:30:00-04:00,12.859999656677246,12.859999656677246,12.859999656677246,12.859999656677246,2057,0.0,0.0,0.0
2024-08-21 09:31:00-04:00,12.899999618530273,12.899999618530273,12.899999618530273,12.899999618530273,224,0.0,0.0,0.0
2024-08-21 09:33:00-04:00,12.837699890136719,12.837699890136719,12.837699890136719,12.837699890136719,1039,0.0,0.0,0.0
2024-08-21 09:38:00-04:00,12.831199645996094,12.831199645996094,12.831199645996094,12.831199645996094,347,0.0,0.0,0.0
2024-08-21 09:43:00-04:00,12.800000190734863,12.800000190734863,12.800000190734863,12.800000190734863,100,0.0,0.0,0.0
2024-08-21 09:45:00-04:00,12.779999732971191,12.779999732971191,12.75,12.750699996948242,12541,0.0,0.0,0.0
2024-08-21 09:48:00-04:00,12.770000457763672,12.770000457763672,12.75,12.75,128911,0.0,0.0,0.0
2024-08-21 09:51:00-04:00,12.760000228881836,12.760000228881836,12.760000228881836,12.760000228881836,525,0.0,0.0,0.0
2024-08-21 09:53:00-04:00,12.729999542236328,12.729999542236328,12.729999542236328,12.729999542236328,200,0.0,0.0,0.0
2024-08-21 09:55:00-04:00,12.734999656677246,12.734999656677246,12.734999656677246,12.734999656677246,141,0.0,0.0,0.0
2024-08-21 09:57:00-04:00,12.739999771118164,12.739999771118164,12.739999771118164,12.739999771118164,100,0.0,0.0,0.0
2024-08-21 09:59:00-04:00,12.760000228881836,12.760000228881836,12.760000228881836,12.760000228881836,100,0.0,0.0,0.0
2024-08-21 10:00:00-04:00,12.739999771118164,12.739999771118164,12.739999771118164,12.739999771118164,438,0.0,0.0,0.0
2024-08-21 10:04:00-04:00,12.770000457763672,12.770000457763672,12.770000457763672,12.770000457763672,852,0.0,0.0,0.0
2024-08-21 10:06:00-04:00,12.8100004196167,12.8100004196167,12.8100004196167,12.8100004196167,100,0.0,0.0,0.0
2024-08-21 10:09:00-04:00,12.750900268554688,12.750900268554688,12.750900268554688,12.750900268554688,2966,0.0,0.0,0.0
2024-08-21 10:12:00-04:00,12.774999618530273,12.774999618530273,12.774999618530273,12.774999618530273,378,0.0,0.0,0.0
2024-08-21 10:15:00-04:00,12.789999961853027,12.789999961853027,12.789999961853027,12.789999961853027,426,0.0,0.0,0.0
2024-08-21 10:16:00-04:00,12.795000076293945,12.795000076293945,12.795000076293945,12.795000076293945,1000,0.0,0.0,0.0
2024-08-21 10:17:00-04:00,12.789199829101562,12.789999961853027,12.789199829101562,12.789999961853027,812,0.0,0.0,0.0
2024-08-21 10:18:00-04:00,12.779999732971191,12.779999732971191,12.779999732971191,12.779999732971191,200,0.0,0.0,0.0
2024-08-21 10:19:00-04:00,12.789999961853027,12.789999961853027,12.789999961853027,12.789999961853027,279,0.0,0.0,0.0
2024-08-21 10:20:00-04:00,12.770099639892578,12.770099639892578,12.770099639892578,12.770099639892578,400,0.0,0.0,0.0
2024-08-21 10:22:00-04:00,12.779999732971191,12.779999732971191,12.779999732971191,12.779999732971191,183,0.0,0.0,0.0
2024-08-21 10:25:00-04:00,12.779999732971191,12.779999732971191,12.779999732971191,12.779999732971191,101,0.0,0.0,0.0
2024-08-21 10:26:00-04:00,12.779999732971191,12.779999732971191,12.779999732971191,12.779999732971191,311,0.0,0.0,0.0
2024-08-21 10:36:00-04:00,12.779999732971191,12.779999732971191,12.779999732971191,12.779999732971191,225,0.0,0.0,0.0
2024-08-21 10:45:00-04:00,12.869999885559082,12.869999885559082,12.819999694824219,12.850000381469727,2201,0.0,0.0,0.0
2024-08-21 10:46:00-04:00,12.84000015258789,12.84000015258789,12.84000015258789,12.84000015258789,724,0.0,0.0,0.0
2024-08-21 10:48:00-04:00,12.850000381469727,12.850000381469727,12.850000381469727,12.850000381469727,225,0.0,0.0,0.0
2024-08-21 10:49:00-04:00,12.850000381469727,12.850000381469727,12.850000381469727,12.850000381469727,354,0.0,0.0,0.0
2024-08-21 11:01:00-04:00,12.846400260925293,12.846400260925293,12.846400260925293,12.846400260925293,215,0.0,0.0,0.0
2024-08-21 11:03:00-04:00,12.850000381469727,12.850000381469727,12.850000381469727,12.850000381469727,615,0.0,0.0,0.0
2024-08-21 11:05:00-04:00,12.850000381469727,12.850000381469727,12.850000381469727,12.850000381469727,538,0.0,0.0,0.0
2024-08-21 11:07:00-04:00,12.890000343322754,12.890000343322754,12.890000343322754,12.890000343322754,250,0.0,0.0,0.0
2024-08-21 11:15:00-04:00,12.869999885559082,12.869999885559082,12.869999885559082,12.869999885559082,1000,0.0,0.0,0.0
2024-08-21 11:16:00-04:00,12.890000343322754,12.890000343322754,12.890000343322754,12.890000343322754,582,0.0,0.0,0.0
2024-08-21 11:20:00-04:00,12.90999984741211,12.90999984741211,12.90999984741211,12.90999984741211,155,0.0,0.0,0.0
2024-08-21 11:21:00-04:00,12.916000366210938,12.916000366210938,12.916000366210938,12.916000366210938,460,0.0,0.0,0.0
2024-08-21 11:22:00-04:00,12.928299903869629,12.928299903869629,12.928299903869629,12.928299903869629,1058,0.0,0.0,0.0
2024-08-21 11:36:00-04:00,12.949999809265137,12.949999809265137,12.949999809265137,12.949999809265137,1000,0.0,0.0,0.0
2024-08-21 11:40:00-04:00,12.935400009155273,12.935400009155273,12.935400009155273,12.935400009155273,331,0.0,0.0,0.0
2024-08-21 11:47:00-04:00,12.965900421142578,12.965900421142578,12.965900421142578,12.965900421142578,585,0.0,0.0,0.0
2024-08-21 11:48:00-04:00,12.976699829101562,12.976699829101562,12.976699829101562,12.976699829101562,177,0.0,0.0,0.0
2024-08-21 11:50:00-04:00,12.960000038146973,12.960000038146973,12.960000038146973,12.960000038146973,300,0.0,0.0,0.0
2024-08-21 11:51:00-04:00,12.930000305175781,12.930000305175781,12.930000305175781,12.930000305175781,120,0.0,0.0,0.0
2024-08-21 11:54:00-04:00,12.9399995803833,12.964900016784668,12.9399995803833,12.964900016784668,3450,0.0,0.0,0.0
2024-08-21 11:56:00-04:00,12.958600044250488,12.958600044250488,12.958600044250488,12.958600044250488,284,0.0,0.0,0.0
2024-08-21 11:57:00-04:00,12.930000305175781,12.930000305175781,12.930000305175781,12.930000305175781,597,0.0,0.0,0.0
2024-08-21 11:59:00-04:00,12.930000305175781,12.949999809265137,12.930000305175781,12.9350004196167,2185,0.0,0.0,0.0
2024-08-21 12:05:00-04:00,12.929900169372559,12.929900169372559,12.929900169372559,12.929900169372559,2070,0.0,0.0,0.0
2024-08-21 12:07:00-04:00,12.90999984741211,12.90999984741211,12.90999984741211,12.90999984741211,675,0.0,0.0,0.0
2024-08-21 12:08:00-04:00,12.90999984741211,12.90999984741211,12.90999984741211,12.90999984741211,100,0.0,0.0,0.0
2024-08-21 12:09:00-04:00,12.90999984741211,12.90999984741211,12.899999618530273,12.899999618530273,2209,0.0,0.0,0.0
2024-08-21 12:10:00-04:00,12.890000343322754,12.890000343322754,12.890000343322754,12.890000343322754,1973,0.0,0.0,0.0
2024-08-21 12:19:00-04:00,12.899999618530273,12.899999618530273,12.899999618530273,12.899999618530273,9077,0.0,0.0,0.0
2024-08-21 12:30:00-04:00,12.907600402832031,12.907600402832031,12.907600402832031,12.907600402832031,302,0.0,0.0,0.0
2024-08-21 12:35:00-04:00,12.895000457763672,12.895000457763672,12.895000457763672,12.895000457763672,178,0.0,0.0,0.0
2024-08-21 12:56:00-04:00,12.890000343322754,12.890000343322754,12.890000343322754,12.890000343322754,108,0.0,0.0,0.0
2024-08-21 12:57:00-04:00,12.890000343322754,12.890000343322754,12.890000343322754,12.890000343322754,108,0.0,0.0,0.0
2024-08-21 13:02:00-04:00,12.899999618530273,12.899999618530273,12.899999618530273,12.899999618530273,498,0.0,0.0,0.0
2024-08-21 13:03:00-04:00,12.904999732971191,12.904999732971191,12.904999732971191,12.904999732971191,533,0.0,0.0,0.0
2024-08-21 13:07:00-04:00,12.90999984741211,12.90999984741211,12.90999984741211,12.90999984741211,300,0.0,0.0,0.0
2024-08-21 13:09:00-04:00,12.90999984741211,12.90999984741211,12.90999984741211,12.90999984741211,4075,0.0,0.0,0.0
2024-08-21 13:13:00-04:00,12.916399955749512,12.920000076293945,12.916399955749512,12.920000076293945,255,0.0,0.0,0.0
2024-08-21 13:17:00-04:00,12.920000076293945,12.920000076293945,12.920000076293945,12.920000076293945,300,0.0,0.0,0.0
2024-08-21 13:19:00-04:00,12.920000076293945,12.920000076293945,12.920000076293945,12.920000076293945,341,0.0,0.0,0.0
2024-08-21 13:55:00-04:00,12.925000190734863,12.930000305175781,12.925000190734863,12.930000305175781,367,0.0,0.0,0.0
2024-08-21 14:00:00-04:00,12.925000190734863,12.930000305175781,12.925000190734863,12.930000305175781,1052,0.0,0.0,0.0
2024-08-21 14:11:00-04:00,12.970000267028809,12.989999771118164,12.960000038146973,12.960000038146973,1283,0.0,0.0,0.0
2024-08-21 14:12:00-04:00,12.970000267028809,12.989999771118164,12.970000267028809,12.970000267028809,500,0.0,0.0,0.0
2024-08-21 14:13:00-04:00,12.970000267028809,12.970000267028809,12.970000267028809,12.970000267028809,556,0.0,0.0,0.0
2024-08-21 14:24:00-04:00,13.010000228881836,13.020000457763672,13.010000228881836,13.020000457763672,200,0.0,0.0,0.0
2024-08-21 14:25:00-04:00,13.0,13.0,13.0,13.0,228,0.0,0.0,0.0
2024-08-21 14:32:00-04:00,13.039999961853027,13.039999961853027,13.039999961853027,13.039999961853027,139,0.0,0.0,0.0
2024-08-21 14:37:00-04:00,12.979999542236328,12.979999542236328,12.979999542236328,12.979999542236328,100,0.0,0.0,0.0
2024-08-21 14:38:00-04:00,12.979999542236328,12.979999542236328,12.979999542236328,12.979999542236328,26900,0.0,0.0,0.0
2024-08-21 14:39:00-04:00,12.989999771118164,12.989999771118164,12.989999771118164,12.989999771118164,131,0.0,0.0,0.0
2024-08-21 14:41:00-04:00,12.95009994506836,12.95009994506836,12.95009994506836,12.95009994506836,157,0.0,0.0,0.0
2024-08-21 14:46:00-04:00,12.9399995803833,12.9399995803833,12.9399995803833,12.9399995803833,589,0.0,0.0,0.0
2024-08-21 14:49:00-04:00,12.949700355529785,12.949700355529785,12.949700355529785,12.949700355529785,125,0.0,0.0,0.0
2024-08-21 14:50:00-04:00,12.96500015258789,12.96500015258789,12.96500015258789,12.96500015258789,375,0.0,0.0,0.0
2024-08-21 14:52:00-04:00,12.96500015258789,12.96500015258789,12.96500015258789,12.96500015258789,534,0.0,0.0,0.0
2024-08-21 14:56:00-04:00,12.987000465393066,12.987000465393066,12.987000465393066,12.987000465393066,183,0.0,0.0,0.0
2024-08-21 14:57:00-04:00,12.960000038146973,12.960000038146973,12.960000038146973,12.960000038146973,500,0.0,0.0,0.0
2024-08-21 14:59:00-04:00,12.979999542236328,12.989899635314941,12.979999542236328,12.989899635314941,629,0.0,0.0,0.0
2024-08-21 15:00:00-04:00,12.9399995803833,12.9399995803833,12.9399995803833,12.9399995803833,250,0.0,0.0,0.0
2024-08-21 15:06:00-04:00,12.954999923706055,12.954999923706055,12.954999923706055,12.954999923706055,129,0.0,0.0,0.0
2024-08-21 15:11:00-04:00,12.949999809265137,12.949999809265137,12.949999809265137,12.949999809265137,200,0.0,0.0,0.0
2024-08-21 15:12:00-04:00,12.949999809265137,12.949999809265137,12.949999809265137,12.949999809265137,101,0.0,0.0,0.0
2024-08-21 15:13:00-04:00,12.970000267028809,12.970000267028809,12.970000267028809,12.970000267028809,100,0.0,0.0,0.0
2024-08-21 15:14:00-04:00,12.968899726867676,12.968899726867676,12.968899726867676,12.968899726867676,525,0.0,0.0,0.0
2024-08-21 15:16:00-04:00,12.949999809265137,12.970000267028809,12.949999809265137,12.970000267028809,593,0.0,0.0,0.0
2024-08-21 15:17:00-04:00,12.934200286865234,12.949999809265137,12.931500434875488,12.931500434875488,2847,0.0,0.0,0.0
2024-08-21 15:18:00-04:00,12.960000038146973,12.960000038146973,12.960000038146973,12.960000038146973,250,0.0,0.0,0.0
2024-08-21 15:20:00-04:00,12.960000038146973,12.960000038146973,12.960000038146973,12.960000038146973,497,0.0,0.0,0.0
2024-08-21 15:25:00-04:00,12.970000267028809,12.970000267028809,12.970000267028809,12.970000267028809,212,0.0,0.0,0.0
2024-08-21 15:28:00-04:00,12.979999542236328,12.979999542236328,12.979999542236328,12.979999542236328,158,0.0,0.0,0.0
2024-08-21 15:32:00-04:00,12.975000381469727,12.975000381469727,12.970000267028809,12.970000267028809,573,0.0,0.0,0.0
2024-08-21 15:41:00-04:00,13.0,13.0,12.979999542236328,12.979999542236328,1922,0.0,0.0,0.0
2024-08-21 15:43:00-04:00,13.0,13.0,12.984999656677246,12.984999656677246,1322,0.0,0.0,0.0
2024-08-21 15:47:00-04:00,13.010000228881836,13.010000228881836,12.984999656677246,12.984999656677246,967,0.0,0.0,0.0
2024-08-21 15:49:00-04:00,12.984999656677246,12.989999771118164,12.984999656677246,12.989999771118164,2308,0.0,0.0,0.0
2024-08-21 15:50:00-04:00,13.010000228881836,13.010000228881836,13.010000228881836,13.010000228881836,202,0.0,0.0,0.0
2024-08-21 15:52:00-04:00,12.994999885559082,12.994999885559082,12.994999885559082,12.994999885559082,1793,0.0,0.0,0.0
2024-08-21 15:53:00-04:00,12.972299575805664,12.989999771118164,12.970100402832031,12.989999771118164,2237,0.0,0.0,0.0
2024-08-21 15:54:00-04:00,12.989999771118164,13.010000228881836,12.979999542236328,12.987000465393066,5571,0.0,0.0,0.0
2024-08-21 15:55:00-04:00,13.010000228881836,13.010000228881836,12.96500015258789,12.96500015258789,2413,0.0,0.0,0.0
2024-08-21 15:58:00-04:00,13.0,13.010000228881836,13.0,13.010000228881836,619,0.0,0.0,0.0
2024-08-21 15:59:00-04:00,13.020000457763672,13.020000457763672,13.020000457763672,13.020000457763672,298,0.0,0.0,0.0
2024-08-22 09:30:00-04:00,12.899999618530273,12.899999618530273,12.899999618530273,12.899999618530273,869,0.0,0.0,0.0
2024-08-22 09:31:00-04:00,12.819999694824219,12.819999694824219,12.819999694824219,12.819999694824219,100,0.0,0.0,0.0
2024-08-22 09:32:00-04:00,12.819999694824219,12.819999694824219,12.819999694824219,12.819999694824219,166,0.0,0.0,0.0
2024-08-22 09:34:00-04:00,12.869999885559082,12.869999885559082,12.869999885559082,12.869999885559082,103,0.0,0.0,0.0
2024-08-22 09:35:00-04:00,12.807000160217285,12.807000160217285,12.807000160217285,12.807000160217285,157,0.0,0.0,0.0
2024-08-22 09:38:00-04:00,12.850000381469727,12.850000381469727,12.850000381469727,12.850000381469727,172,0.0,0.0,0.0
2024-08-22 09:41:00-04:00,12.810700416564941,12.810700416564941,12.810700416564941,12.810700416564941,326,0.0,0.0,0.0
2024-08-22 09:47:00-04:00,12.802000045776367,12.802000045776367,12.802000045776367,12.802000045776367,224,0.0,0.0,0.0
2024-08-22 09:51:00-04:00,12.800000190734863,12.800000190734863,12.800000190734863,12.800000190734863,344,0.0,0.0,0.0
2024-08-22 10:02:00-04:00,12.770000457763672,12.774999618530273,12.770000457763672,12.774999618530273,902,0.0,0.0,0.0
2024-08-22 10:03:00-04:00,12.750100135803223,12.750100135803223,12.750100135803223,12.750100135803223,470,0.0,0.0,0.0
2024-08-22 10:07:00-04:00,12.670000076293945,12.670000076293945,12.664999961853027,12.664999961853027,355,0.0,0.0,0.0
2024-08-22 10:08:00-04:00,12.640000343322754,12.640000343322754,12.640000343322754,12.640000343322754,1771,0.0,0.0,0.0
2024-08-22 10:10:00-04:00,12.619999885559082,12.630000114440918,12.609999656677246,12.630000114440918,5045,0.0,0.0,0.0
2024-08-22 10:11:00-04:00,12.630000114440918,12.630000114440918,12.630000114440918,12.630000114440918,225,0.0,0.0,0.0
2024-08-22 10:12:00-04:00,12.622200012207031,12.622200012207031,12.622200012207031,12.622200012207031,411,0.0,0.0,0.0
2024-08-22 10:19:00-04:00,12.626500129699707,12.626500129699707,12.626500129699707,12.626500129699707,101,0.0,0.0,0.0
2024-08-22 10:21:00-04:00,12.619999885559082,12.619999885559082,12.619999885559082,12.619999885559082,329,0.0,0.0,0.0
2024-08-22 10:32:00-04:00,12.6850004196167,12.6850004196167,12.6850004196167,12.6850004196167,114,0.0,0.0,0.0
2024-08-22 10:37:00-04:00,12.65999984741211,12.65999984741211,12.65999984741211,12.65999984741211,1000,0.0,0.0,0.0
2024-08-22 10:38:00-04:00,12.640800476074219,12.640800476074219,12.640800476074219,12.640800476074219,1000,0.0,0.0,0.0
2024-08-22 10:39:00-04:00,12.68220043182373,12.68220043182373,12.68220043182373,12.68220043182373,1000,0.0,0.0,0.0
2024-08-22 10:40:00-04:00,12.729900360107422,12.729900360107422,12.729900360107422,12.729900360107422,1000,0.0,0.0,0.0
2024-08-22 10:41:00-04:00,12.704999923706055,12.704999923706055,12.68970012664795,12.68970012664795,2165,0.0,0.0,0.0
2024-08-22 10:54:00-04:00,12.800000190734863,12.800000190734863,12.800000190734863,12.800000190734863,492,0.0,0.0,0.0
2024-08-22 10:59:00-04:00,12.779999732971191,12.779999732971191,12.779999732971191,12.779999732971191,967,0.0,0.0,0.0
2024-08-22 11:04:00-04:00,12.75,12.770000457763672,12.75,12.770000457763672,16564,0.0,0.0,0.0
2024-08-22 11:32:00-04:00,12.755000114440918,12.755000114440918,12.755000114440918,12.755000114440918,516,0.0,0.0,0.0
2024-08-22 11:35:00-04:00,12.734999656677246,12.734999656677246,12.734999656677246,12.734999656677246,606,0.0,0.0,0.0
2024-08-22 11:41:00-04:00,12.735099792480469,12.735099792480469,12.735099792480469,12.735099792480469,1118,0.0,0.0,0.0
2024-08-22 11:45:00-04:00,12.75,12.75,12.75,12.75,191,0.0,0.0,0.0
2024-08-22 11:57:00-04:00,12.73009967803955,12.73009967803955,12.73009967803955,12.73009967803955,6144,0.0,0.0,0.0
2024-08-22 12:09:00-04:00,12.782899856567383,12.782899856567383,12.782899856567383,12.782899856567383,120,0.0,0.0,0.0
2024-08-22 12:10:00-04:00,12.755000114440918,12.755000114440918,12.755000114440918,12.755000114440918,117,0.0,0.0,0.0
2024-08-22 12:15:00-04:00,12.774999618530273,12.774999618530273,12.774999618530273,12.774999618530273,100,0.0,0.0,0.0
2024-08-22 12:17:00-04:00,12.798999786376953,12.798999786376953,12.75790023803711,12.75790023803711,481,0.0,0.0,0.0
2024-08-22 12:26:00-04:00,12.782099723815918,12.782099723815918,12.774999618530273,12.774999618530273,310,0.0,0.0,0.0
2024-08-22 12:39:00-04:00,12.760000228881836,12.760000228881836,12.760000228881836,12.760000228881836,508,0.0,0.0,0.0
2024-08-22 12:51:00-04:00,12.74020004272461,12.775400161743164,12.720000267028809,12.75,10263,0.0,0.0,0.0
2024-08-22 12:57:00-04:00,12.720100402832031,12.720100402832031,12.720100402832031,12.720100402832031,4707,0.0,0.0,0.0
2024-08-22 13:19:00-04:00,12.765000343322754,12.765000343322754,12.765000343322754,12.765000343322754,2000,0.0,0.0,0.0
2024-08-22 13:20:00-04:00,12.789899826049805,12.789899826049805,12.789899826049805,12.789899826049805,175,0.0,0.0,0.0
2024-08-22 13:25:00-04:00,12.739999771118164,12.739999771118164,12.739999771118164,12.739999771118164,463,0.0,0.0,0.0
2024-08-22 13:33:00-04:00,12.760000228881836,12.760000228881836,12.760000228881836,12.760000228881836,117,0.0,0.0,0.0
2024-08-22 13:40:00-04:00,12.75,12.75,12.75,12.75,1003,0.0,0.0,0.0
2024-08-22 13:52:00-04:00,12.739999771118164,12.739999771118164,12.739999771118164,12.739999771118164,1230,0.0,0.0,0.0
2024-08-22 13:56:00-04:00,12.699999809265137,12.70009994506836,12.699999809265137,12.70009994506836,300,0.0,0.0,0.0
2024-08-22 13:57:00-04:00,12.699999809265137,12.699999809265137,12.699999809265137,12.699999809265137,150,0.0,0.0,0.0
2024-08-22 13:59:00-04:00,12.699999809265137,12.70009994506836,12.699999809265137,12.70009994506836,400,0.0,0.0,0.0
2024-08-22 14:05:00-04:00,12.71500015258789,12.71500015258789,12.71500015258789,12.71500015258789,170,0.0,0.0,0.0
2024-08-22 14:07:00-04:00,12.680299758911133,12.680299758911133,12.680299758911133,12.680299758911133,120,0.0,0.0,0.0
2024-08-22 14:08:00-04:00,12.680000305175781,12.710000038146973,12.680000305175781,12.710000038146973,965,0.0,0.0,0.0
2024-08-22 14:11:00-04:00,12.694999694824219,12.694999694824219,12.694999694824219,12.694999694824219,170,0.0,0.0,0.0
2024-08-22 14:13:00-04:00,12.694999694824219,12.694999694824219,12.694999694824219,12.694999694824219,800,0.0,0.0,0.0
2024-08-22 14:14:00-04:00,12.70930004119873,12.70930004119873,12.70930004119873,12.70930004119873,801,0.0,0.0,0.0
2024-08-22 14:17:00-04:00,12.704000473022461,12.704000473022461,12.704000473022461,12.704000473022461,1197,0.0,0.0,0.0
2024-08-22 14:18:00-04:00,12.720000267028809,12.720000267028809,12.720000267028809,12.720000267028809,333,0.0,0.0,0.0
2024-08-22 14:20:00-04:00,12.75,12.75,12.75,12.75,259,0.0,0.0,0.0
2024-08-22 14:44:00-04:00,12.729999542236328,12.729999542236328,12.729999542236328,12.729999542236328,315,0.0,0.0,0.0
2024-08-22 14:55:00-04:00,12.720100402832031,12.720100402832031,12.720100402832031,12.720100402832031,500,0.0,0.0,0.0
2024-08-22 15:01:00-04:00,12.734600067138672,12.734600067138672,12.734600067138672,12.734600067138672,500,0.0,0.0,0.0
2024-08-22 15:02:00-04:00,12.710000038146973,12.710000038146973,12.699999809265137,12.699999809265137,428,0.0,0.0,0.0
2024-08-22 15:07:00-04:00,12.725000381469727,12.725000381469727,12.725000381469727,12.725000381469727,505,0.0,0.0,0.0
2024-08-22 15:10:00-04:00,12.70009994506836,12.70009994506836,12.70009994506836,12.70009994506836,465,0.0,0.0,0.0
2024-08-22 15:11:00-04:00,12.749899864196777,12.749899864196777,12.749899864196777,12.749899864196777,359,0.0,0.0,0.0
2024-08-22 15:30:00-04:00,12.721799850463867,12.721799850463867,12.721799850463867,12.721799850463867,154,0.0,0.0,0.0
2024-08-22 15:37:00-04:00,12.6628999710083,12.6628999710083,12.6628999710083,12.6628999710083,103,0.0,0.0,0.0
2024-08-22 15:39:00-04:00,12.680000305175781,12.680000305175781,12.680000305175781,12.680000305175781,200,0.0,0.0,0.0
2024-08-22 15:40:00-04:00,12.719900131225586,12.719900131225586,12.719900131225586,12.719900131225586,395,0.0,0.0,0.0
2024-08-22 15:43:00-04:00,12.699399948120117,12.699399948120117,12.699399948120117,12.699399948120117,810,0.0,0.0,0.0
2024-08-22 15:53:00-04:00,12.690099716186523,12.704999923706055,12.690099716186523,12.704999923706055,331,0.0,0.0,0.0
2024-08-22 15:54:00-04:00,12.71679973602295,12.71679973602295,12.71679973602295,12.71679973602295,1008,0.0,0.0,0.0
2024-08-22 15:55:00-04:00,12.704999923706055,12.710000038146973,12.704999923706055,12.710000038146973,2000,0.0,0.0,0.0
2024-08-22 15:56:00-04:00,12.71500015258789,12.71500015258789,12.71500015258789,12.71500015258789,1001,0.0,0.0,0.0
2024-08-22 15:57:00-04:00,12.71500015258789,12.71500015258789,12.71500015258789,12.71500015258789,1000,0.0,0.0,0.0
2024-08-22 15:58:00-04:00,12.735899925231934,12.735899925231934,12.735899925231934,12.735899925231934,1096,0.0,0.0,0.0
2024-08-22 15:59:00-04:00,12.739999771118164,12.739999771118164,12.720000267028809,12.720000267028809,1436,0.0,0.0,0.0
2024-08-23 09:30:00-04:00,12.880000114440918,12.880000114440918,12.800000190734863,12.800000190734863,0,0.0,0.0,0.0
2024-08-23 09:31:00-04:00,12.789999961853027,12.789999961853027,12.789999961853027,12.789999961853027,544,0.0,0.0,0.0
2024-08-23 09:38:00-04:00,12.853699684143066,12.853699684143066,12.853699684143066,12.853699684143066,300,0.0,0.0,0.0
2024-08-23 09:40:00-04:00,12.845000267028809,12.845000267028809,12.845000267028809,12.845000267028809,654,0.0,0.0,0.0
2024-08-23 09:48:00-04:00,12.770000457763672,12.770000457763672,12.75,12.75,1643,0.0,0.0,0.0
2024-08-23 09:52:00-04:00,12.700200080871582,12.700200080871582,12.700200080871582,12.700200080871582,2132,0.0,0.0,0.0
2024-08-23 10:02:00-04:00,12.873499870300293,12.873499870300293,12.873499870300293,12.873499870300293,541,0.0,0.0,0.0
2024-08-23 10:04:00-04:00,12.869999885559082,12.880000114440918,12.869999885559082,12.880000114440918,1661,0.0,0.0,0.0
2024-08-23 10:09:00-04:00,12.960000038146973,12.960000038146973,12.960000038146973,12.960000038146973,307,0.0,0.0,0.0
2024-08-23 10:14:00-04:00,12.995699882507324,12.995699882507324,12.949999809265137,12.989999771118164,1245,0.0,0.0,0.0
2024-08-23 10:16:00-04:00,12.960000038146973,12.960000038146973,12.960000038146973,12.960000038146973,3500,0.0,0.0,0.0
2024-08-23 10:17:00-04:00,12.920000076293945,12.949999809265137,12.920000076293945,12.949999809265137,4620,0.0,0.0,0.0
2024-08-23 10:19:00-04:00,12.869999885559082,12.869999885559082,12.869999885559082,12.869999885559082,102,0.0,0.0,0.0
2024-08-23 10:22:00-04:00,12.859999656677246,12.859999656677246,12.859999656677246,12.859999656677246,2277,0.0,0.0,0.0
2024-08-23 10:30:00-04:00,12.970000267028809,12.970000267028809,12.970000267028809,12.970000267028809,343,0.0,0.0,0.0
2024-08-23 10:35:00-04:00,12.983099937438965,12.983099937438965,12.983099937438965,12.983099937438965,100,0.0,0.0,0.0
2024-08-23 10:36:00-04:00,12.956000328063965,12.956000328063965,12.949999809265137,12.949999809265137,742,0.0,0.0,0.0
2024-08-23 10:40:00-04:00,12.930000305175781,12.930000305175781,12.930000305175781,12.930000305175781,400,0.0,0.0,0.0
2024-08-23 10:41:00-04:00,12.9399995803833,12.9399995803833,12.9399995803833,12.9399995803833,400,0.0,0.0,0.0
2024-08-23 10:42:00-04:00,12.969900131225586,12.969900131225586,12.969900131225586,12.969900131225586,300,0.0,0.0,0.0
2024-08-23 10:44:00-04:00,12.958000183105469,12.960000038146973,12.958000183105469,12.960000038146973,694,0.0,0.0,0.0
2024-08-23 10:48:00-04:00,12.88949966430664,12.890000343322754,12.88949966430664,12.890000343322754,1200,0.0,0.0,0.0
2024-08-23 10:49:00-04:00,12.869500160217285,12.869500160217285,12.869500160217285,12.869500160217285,2445,0.0,0.0,0.0
2024-08-23 10:51:00-04:00,12.8100004196167,12.8100004196167,12.8100004196167,12.8100004196167,100,0.0,0.0,0.0
2024-08-23 10:52:00-04:00,12.8100004196167,12.8100004196167,12.8100004196167,12.8100004196167,100,0.0,0.0,0.0
2024-08-23 10:54:00-04:00,12.800299644470215,12.800299644470215,12.800299644470215,12.800299644470215,2193,0.0,0.0,0.0
2024-08-23 11:01:00-04:00,12.866000175476074,12.866000175476074,12.866000175476074,12.866000175476074,179,0.0,0.0,0.0
2024-08-23 11:13:00-04:00,12.899999618530273,12.899999618530273,12.899999618530273,12.899999618530273,136,0.0,0.0,0.0
2024-08-23 11:18:00-04:00,12.942500114440918,12.942500114440918,12.942500114440918,12.942500114440918,515,0.0,0.0,0.0
2024-08-23 11:46:00-04:00,12.899999618530273,12.899999618530273,12.869099617004395,12.869099617004395,1130,0.0,0.0,0.0
2024-08-23 11:47:00-04:00,12.90429973602295,12.90429973602295,12.90429973602295,12.90429973602295,1019,0.0,0.0,0.0
2024-08-23 11:59:00-04:00,12.850000381469727,12.850000381469727,12.850000381469727,12.850000381469727,105,0.0,0.0,0.0
2024-08-23 12:05:00-04:00,12.85200023651123,12.85200023651123,12.85200023651123,12.85200023651123,125,0.0,0.0,0.0
2024-08-23 12:06:00-04:00,12.84000015258789,12.84000015258789,12.84000015258789,12.84000015258789,900,0.0,0.0,0.0
2024-08-23 12:35:00-04:00,12.869999885559082,12.869999885559082,12.869999885559082,12.869999885559082,100,0.0,0.0,0.0
2024-08-23 12:36:00-04:00,12.890000343322754,12.899999618530273,12.890000343322754,12.899999618530273,750,0.0,0.0,0.0
2024-08-23 12:37:00-04:00,12.90999984741211,12.90999984741211,12.90999984741211,12.90999984741211,502,0.0,0.0,0.0
2024-08-23 12:41:00-04:00,12.885000228881836,12.885000228881836,12.885000228881836,12.885000228881836,1000,0.0,0.0,0.0
2024-08-23 12:43:00-04:00,12.880000114440918,12.889900207519531,12.869999885559082,12.889900207519531,500,0.0,0.0,0.0
2024-08-23 12:44:00-04:00,12.850000381469727,12.850000381469727,12.850000381469727,12.850000381469727,144,0.0,0.0,0.0
2024-08-23 13:04:00-04:00,12.933500289916992,12.933500289916992,12.91919994354248,12.91919994354248,625,0.0,0.0,0.0
2024-08-23 13:06:00-04:00,12.914999961853027,12.914999961853027,12.914999961853027,12.914999961853027,801,0.0,0.0,0.0
2024-08-23 13:11:00-04:00,12.89009952545166,12.89009952545166,12.89009952545166,12.89009952545166,2702,0.0,0.0,0.0
2024-08-23 13:22:00-04:00,12.914999961853027,12.914999961853027,12.914999961853027,12.914999961853027,500,0.0,0.0,0.0
2024-08-23 13:27:00-04:00,12.899299621582031,12.925299644470215,12.899299621582031,12.925299644470215,304,0.0,0.0,0.0
2024-08-23 13:31:00-04:00,12.90999984741211,12.90999984741211,12.90999984741211,12.90999984741211,342,0.0,0.0,0.0
2024-08-23 13:34:00-04:00,12.90999984741211,12.90999984741211,12.90999984741211,12.90999984741211,151,0.0,0.0,0.0
2024-08-23 13:52:00-04:00,12.890000343322754,12.890000343322754,12.890000343322754,12.890000343322754,150,0.0,0.0,0.0
2024-08-23 13:53:00-04:00,12.913800239562988,12.913800239562988,12.913800239562988,12.913800239562988,213,0.0,0.0,0.0
2024-08-23 14:06:00-04:00,12.890000343322754,12.890000343322754,12.890000343322754,12.890000343322754,1000,0.0,0.0,0.0
2024-08-23 14:08:00-04:00,12.862799644470215,12.862799644470215,12.862799644470215,12.862799644470215,2326,0.0,0.0,0.0
2024-08-23 14:09:00-04:00,12.864800453186035,12.864800453186035,12.864800453186035,12.864800453186035,100,0.0,0.0,0.0
2024-08-23 14:16:00-04:00,12.870100021362305,12.870100021362305,12.870100021362305,12.870100021362305,900,0.0,0.0,0.0
2024-08-23 14:17:00-04:00,12.869999885559082,12.869999885559082,12.869999885559082,12.869999885559082,108,0.0,0.0,0.0
2024-08-23 14:18:00-04:00,12.869999885559082,12.899900436401367,12.869999885559082,12.899900436401367,1370,0.0,0.0,0.0
2024-08-23 14:27:00-04:00,12.869999885559082,12.869999885559082,12.869999885559082,12.869999885559082,174,0.0,0.0,0.0
2024-08-23 14:35:00-04:00,12.865500450134277,12.865500450134277,12.865500450134277,12.865500450134277,254,0.0,0.0,0.0
2024-08-23 14:46:00-04:00,12.866900444030762,12.866900444030762,12.866900444030762,12.866900444030762,265,0.0,0.0,0.0
2024-08-23 14:57:00-04:00,12.869999885559082,12.869999885559082,12.850000381469727,12.850000381469727,1404,0.0,0.0,0.0
2024-08-23 15:02:00-04:00,12.820599555969238,12.820599555969238,12.820599555969238,12.820599555969238,100,0.0,0.0,0.0
2024-08-23 15:03:00-04:00,12.859999656677246,12.859999656677246,12.859999656677246,12.859999656677246,302,0.0,0.0,0.0
2024-08-23 15:17:00-04:00,12.870100021362305,12.879199981689453,12.870100021362305,12.879199981689453,1575,0.0,0.0,0.0
2024-08-23 15:22:00-04:00,12.880000114440918,12.880000114440918,12.880000114440918,12.880000114440918,407,0.0,0.0,0.0
2024-08-23 15:25:00-04:00,12.90999984741211,12.90999984741211,12.90999984741211,12.90999984741211,202,0.0,0.0,0.0
2024-08-23 15:33:00-04:00,12.899999618530273,12.899999618530273,12.899999618530273,12.899999618530273,143,0.0,0.0,0.0
2024-08-23 15:39:00-04:00,12.895000457763672,12.895000457763672,12.859999656677246,12.859999656677246,6066,0.0,0.0,0.0
2024-08-23 15:41:00-04:00,12.885000228881836,12.885000228881836,12.876700401306152,12.876700401306152,936,0.0,0.0,0.0
2024-08-23 15:46:00-04:00,12.885000228881836,12.885000228881836,12.885000228881836,12.885000228881836,159,0.0,0.0,0.0
2024-08-23 15:49:00-04:00,12.909899711608887,12.920000076293945,12.909899711608887,12.920000076293945,8143,0.0,0.0,0.0
2024-08-23 15:51:00-04:00,12.899999618530273,12.899999618530273,12.899999618530273,12.899999618530273,1001,0.0,0.0,0.0
2024-08-23 15:52:00-04:00,12.905099868774414,12.905099868774414,12.905099868774414,12.905099868774414,1000,0.0,0.0,0.0
2024-08-23 15:53:00-04:00,12.870100021362305,12.870100021362305,12.870100021362305,12.870100021362305,1000,0.0,0.0,0.0
2024-08-23 15:54:00-04:00,12.899999618530273,12.899999618530273,12.899999618530273,12.899999618530273,1000,0.0,0.0,0.0
2024-08-23 15:58:00-04:00,12.873600006103516,12.930000305175781,12.873600006103516,12.930000305175781,2413,0.0,0.0,0.0
