Datetime,Open,High,Low,Close,Volume,Dividends,Stock Splits
2022-08-04 09:00:00+09:00,1480.0,1520.0,1480.0,1500.0,0,0.0,0.0
2022-08-04 10:00:00+09:00,1505.0,1510.0,1495.0,1500.0,20715,0.0,0.0
2022-08-04 11:00:00+09:00,1500.0,1510.0,1490.0,1500.0,2783,0.0,0.0
2022-08-04 12:00:00+09:00,1500.0,1505.0,1495.0,1500.0,7672,0.0,0.0
2022-08-04 13:00:00+09:00,1500.0,1505.0,1485.0,1505.0,16270,0.0,0.0
2022-08-04 14:00:00+09:00,1505.0,1515.0,1480.0,1510.0,68517,0.0,0.0
2022-08-05 09:00:00+09:00,1500.0,1520.0,1495.0,1500.0,0,0.0,0.0
2022-08-05 10:00:00+09:00,1500.0,1525.0,1500.0,1520.0,6109,0.0,0.0
2022-08-05 11:00:00+09:00,1520.0,1525.0,1515.0,1515.0,4734,0.0,0.0
2022-08-05 12:00:00+09:00,1515.0,1515.0,1510.0,1515.0,2003,0.0,0.0
2022-08-05 13:00:00+09:00,1510.0,1520.0,1510.0,1510.0,14489,0.0,0.0
2022-08-05 14:00:00+09:00,1520.0,1520.0,1505.0,1520.0,29650,0.0,0.0
2022-08-08 09:00:00+09:00,1550.0,1550.0,1505.0,1510.0,0,0.0,0.0
2022-08-08 10:00:00+09:00,1510.0,1520.0,1510.0,1520.0,2683,0.0,0.0
2022-08-08 11:00:00+09:00,1520.0,1520.0,1510.0,1515.0,12382,0.0,0.0
2022-08-08 12:00:00+09:00,1515.0,1520.0,1505.0,1520.0,10798,0.0,0.0
2022-08-08 13:00:00+09:00,1520.0,1525.0,1510.0,1520.0,7259,0.0,0.0
2022-08-08 14:00:00+09:00,1515.0,1520.0,1505.0,1515.0,11851,0.0,0.0
2022-08-09 09:00:00+09:00,1510.0,1520.0,1495.0,1500.0,0,0.0,0.0
2022-08-09 10:00:00+09:00,1510.0,1510.0,1485.0,1495.0,21098,0.0,0.0
2022-08-09 11:00:00+09:00,1490.0,1500.0,1485.0,1500.0,6664,0.0,0.0
2022-08-09 12:00:00+09:00,1495.0,1500.0,1495.0,1495.0,3434,0.0,0.0
2022-08-09 13:00:00+09:00,1495.0,1500.0,1490.0,1495.0,3473,0.0,0.0
2022-08-09 14:00:00+09:00,1495.0,1500.0,1470.0,1495.0,18038,0.0,0.0
2022-08-10 09:00:00+09:00,1480.0,1535.0,1475.0,1515.0,0,0.0,0.0
2022-08-10 10:00:00+09:00,1515.0,1550.0,1505.0,1515.0,29921,0.0,0.0
2022-08-10 11:00:00+09:00,1520.0,1525.0,1510.0,1525.0,6707,0.0,0.0
2022-08-10 12:00:00+09:00,1525.0,1525.0,1515.0,1520.0,5888,0.0,0.0
2022-08-10 13:00:00+09:00,1520.0,1525.0,1510.0,1520.0,8494,0.0,0.0
2022-08-10 14:00:00+09:00,1520.0,1520.0,1495.0,1500.0,38498,0.0,0.0
2022-08-11 09:00:00+09:00,1520.0,1550.0,1510.0,1535.0,0,0.0,0.0
2022-08-11 10:00:00+09:00,1540.0,1545.0,1515.0,1530.0,7685,0.0,0.0
2022-08-11 11:00:00+09:00,1530.0,1530.0,1525.0,1530.0,3795,0.0,0.0
2022-08-11 12:00:00+09:00,1530.0,1535.0,1520.0,1530.0,9690,0.0,0.0
2022-08-11 13:00:00+09:00,1530.0,1535.0,1520.0,1525.0,16882,0.0,0.0
2022-08-11 14:00:00+09:00,1520.0,1530.0,1520.0,1530.0,11254,0.0,0.0
2022-08-12 09:00:00+09:00,1530.0,1540.0,1510.0,1525.0,0,0.0,0.0
2022-08-12 10:00:00+09:00,1525.0,1530.0,1510.0,1520.0,6555,0.0,0.0
2022-08-12 11:00:00+09:00,1520.0,1520.0,1510.0,1520.0,4872,0.0,0.0
2022-08-12 12:00:00+09:00,1520.0,1530.0,1515.0,1520.0,16162,0.0,0.0
2022-08-12 13:00:00+09:00,1520.0,1530.0,1515.0,1520.0,24400,0.0,0.0
2022-08-12 14:00:00+09:00,1515.0,1530.0,1515.0,1520.0,10923,0.0,0.0
2022-08-16 09:00:00+09:00,1510.0,1515.0,1495.0,1505.0,0,0.0,0.0
2022-08-16 10:00:00+09:00,1505.0,1515.0,1500.0,1510.0,6048,0.0,0.0
2022-08-16 11:00:00+09:00,1505.0,1510.0,1495.0,1495.0,13339,0.0,0.0
2022-08-16 12:00:00+09:00,1500.0,1515.0,1495.0,1515.0,17970,0.0,0.0
2022-08-16 13:00:00+09:00,1515.0,1520.0,1500.0,1515.0,57324,0.0,0.0
2022-08-16 14:00:00+09:00,1515.0,1515.0,1465.0,1500.0,41383,0.0,0.0
2022-08-17 09:00:00+09:00,1505.0,1640.0,1495.0,1625.0,368722,0.0,0.0
2022-08-17 10:00:00+09:00,1620.0,1655.0,1560.0,1615.0,1286386,0.0,0.0
2022-08-17 11:00:00+09:00,1615.0,1670.0,1580.0,1620.0,765037,0.0,0.0
2022-08-17 12:00:00+09:00,1620.0,1620.0,1590.0,1595.0,96702,0.0,0.0
2022-08-17 13:00:00+09:00,1595.0,1610.0,1565.0,1585.0,90977,0.0,0.0
2022-08-17 14:00:00+09:00,1585.0,1585.0,1560.0,1575.0,67872,0.0,0.0
2022-08-18 09:00:00+09:00,1565.0,1570.0,1490.0,1500.0,0,0.0,0.0
2022-08-18 10:00:00+09:00,1500.0,1510.0,1480.0,1490.0,141980,0.0,0.0
2022-08-18 11:00:00+09:00,1490.0,1495.0,1460.0,1490.0,115773,0.0,0.0
2022-08-18 12:00:00+09:00,1495.0,1495.0,1475.0,1485.0,26035,0.0,0.0
2022-08-18 13:00:00+09:00,1480.0,1490.0,1475.0,1485.0,52586,0.0,0.0
2022-08-18 14:00:00+09:00,1480.0,1495.0,1475.0,1480.0,24579,0.0,0.0
2022-08-19 09:00:00+09:00,1485.0,1500.0,1470.0,1480.0,0,0.0,0.0
2022-08-19 10:00:00+09:00,1475.0,1485.0,1470.0,1470.0,16277,0.0,0.0
2022-08-19 11:00:00+09:00,1480.0,1485.0,1470.0,1480.0,7903,0.0,0.0
2022-08-19 12:00:00+09:00,1480.0,1490.0,1475.0,1485.0,14169,0.0,0.0
2022-08-19 13:00:00+09:00,1485.0,1495.0,1475.0,1480.0,16953,0.0,0.0
2022-08-19 14:00:00+09:00,1485.0,1495.0,1430.0,1465.0,76649,0.0,0.0
2022-08-22 09:00:00+09:00,1420.0,1450.0,1400.0,1410.0,0,0.0,0.0
2022-08-22 10:00:00+09:00,1405.0,1420.0,1405.0,1415.0,20951,0.0,0.0
2022-08-22 11:00:00+09:00,1410.0,1415.0,1400.0,1405.0,34083,0.0,0.0
2022-08-22 12:00:00+09:00,1405.0,1415.0,1405.0,1405.0,9322,0.0,0.0
2022-08-22 13:00:00+09:00,1405.0,1410.0,1400.0,1410.0,0,0.0,0.0
2022-08-22 14:00:00+09:00,1400.0,1410.0,1395.0,1405.0,171527,0.0,0.0
2022-08-23 09:00:00+09:00,1385.0,1395.0,1365.0,1380.0,0,0.0,0.0
2022-08-23 10:00:00+09:00,1370.0,1410.0,1370.0,1400.0,34035,0.0,0.0
2022-08-23 11:00:00+09:00,1390.0,1390.0,1375.0,1380.0,7752,0.0,0.0
2022-08-23 12:00:00+09:00,1380.0,1400.0,1375.0,1395.0,29863,0.0,0.0
2022-08-23 13:00:00+09:00,1395.0,1400.0,1370.0,1375.0,9097,0.0,0.0
2022-08-23 14:00:00+09:00,1375.0,1385.0,1350.0,1375.0,39450,0.0,0.0
2022-08-24 09:00:00+09:00,1385.0,1400.0,1380.0,1385.0,0,0.0,0.0
2022-08-24 10:00:00+09:00,1385.0,1385.0,1370.0,1370.0,24119,0.0,0.0
2022-08-24 11:00:00+09:00,1370.0,1375.0,1345.0,1360.0,22167,0.0,0.0
2022-08-24 12:00:00+09:00,1360.0,1365.0,1355.0,1365.0,2966,0.0,0.0
2022-08-24 13:00:00+09:00,1365.0,1375.0,1360.0,1375.0,22514,0.0,0.0
2022-08-24 14:00:00+09:00,1370.0,1385.0,1370.0,1380.0,22605,0.0,0.0
2022-08-25 09:00:00+09:00,1380.0,1430.0,1380.0,1405.0,0,0.0,0.0
2022-08-25 10:00:00+09:00,1405.0,1405.0,1395.0,1400.0,1820,0.0,0.0
2022-08-25 11:00:00+09:00,1400.0,1405.0,1395.0,1400.0,4536,0.0,0.0
2022-08-25 12:00:00+09:00,1400.0,1405.0,1395.0,1405.0,13772,0.0,0.0
2022-08-25 13:00:00+09:00,1405.0,1410.0,1400.0,1405.0,0,0.0,0.0
2022-08-25 14:00:00+09:00,1405.0,1410.0,1405.0,1410.0,47076,0.0,0.0
2022-08-26 09:00:00+09:00,1430.0,1430.0,1405.0,1415.0,0,0.0,0.0
2022-08-26 10:00:00+09:00,1415.0,1425.0,1405.0,1415.0,11405,0.0,0.0
2022-08-26 11:00:00+09:00,1415.0,1430.0,1400.0,1425.0,22573,0.0,0.0
2022-08-26 12:00:00+09:00,1420.0,1425.0,1385.0,1400.0,64215,0.0,0.0
2022-08-26 13:00:00+09:00,1405.0,1415.0,1395.0,1405.0,5132,0.0,0.0
2022-08-26 14:00:00+09:00,1400.0,1400.0,1395.0,1400.0,24259,0.0,0.0
2022-08-29 09:00:00+09:00,1375.0,1385.0,1310.0,1350.0,0,0.0,0.0
2022-08-29 10:00:00+09:00,1345.0,1365.0,1345.0,1360.0,8283,0.0,0.0
2022-08-29 11:00:00+09:00,1360.0,1380.0,1360.0,1380.0,10267,0.0,0.0
2022-08-29 12:00:00+09:00,1375.0,1380.0,1370.0,1375.0,8934,0.0,0.0
2022-08-29 13:00:00+09:00,1370.0,1375.0,1365.0,1370.0,1780,0.0,0.0
2022-08-29 14:00:00+09:00,1365.0,1370.0,1365.0,1370.0,6623,0.0,0.0
2022-08-30 09:00:00+09:00,1355.0,1395.0,1350.0,1385.0,0,0.0,0.0
2022-08-30 10:00:00+09:00,1385.0,1390.0,1380.0,1390.0,9730,0.0,0.0
2022-08-30 11:00:00+09:00,1390.0,1400.0,1375.0,1395.0,16076,0.0,0.0
2022-08-30 12:00:00+09:00,1395.0,1400.0,1380.0,1400.0,18014,0.0,0.0
2022-08-30 13:00:00+09:00,1400.0,1405.0,1390.0,1405.0,20972,0.0,0.0
2022-08-30 14:00:00+09:00,1405.0,1410.0,1385.0,1410.0,5008,0.0,0.0
2022-08-31 09:00:00+09:00,1400.0,1405.0,1380.0,1390.0,0,0.0,0.0
2022-08-31 10:00:00+09:00,1390.0,1395.0,1385.0,1395.0,6799,0.0,0.0
2022-08-31 11:00:00+09:00,1390.0,1395.0,1380.0,1395.0,8196,0.0,0.0
2022-08-31 12:00:00+09:00,1395.0,1400.0,1395.0,1400.0,6123,0.0,0.0
2022-08-31 13:00:00+09:00,1395.0,1400.0,1390.0,1400.0,4252,0.0,0.0
2022-08-31 14:00:00+09:00,1400.0,1400.0,1380.0,1390.0,11632,0.0,0.0
2022-09-01 09:00:00+09:00,1415.0,1530.0,1360.0,1380.0,219420,0.0,0.0
2022-09-01 10:00:00+09:00,1375.0,1385.0,1365.0,1365.0,17990,0.0,0.0
2022-09-01 11:00:00+09:00,1365.0,1380.0,1365.0,1380.0,8192,0.0,0.0
2022-09-01 12:00:00+09:00,1375.0,1380.0,1360.0,1360.0,20274,0.0,0.0
2022-09-01 13:00:00+09:00,1360.0,1375.0,1355.0,1375.0,18487,0.0,0.0
2022-09-01 14:00:00+09:00,1375.0,1380.0,1370.0,1370.0,6423,0.0,0.0
2022-09-02 09:00:00+09:00,1365.0,1380.0,1360.0,1380.0,0,0.0,0.0
2022-09-02 10:00:00+09:00,1375.0,1380.0,1355.0,1355.0,15317,0.0,0.0
2022-09-02 11:00:00+09:00,1360.0,1365.0,1350.0,1365.0,6679,0.0,0.0
2022-09-02 12:00:00+09:00,1355.0,1365.0,1345.0,1350.0,5913,0.0,0.0
2022-09-02 13:00:00+09:00,1360.0,1365.0,1340.0,1365.0,0,0.0,0.0
2022-09-02 14:00:00+09:00,1360.0,1365.0,1350.0,1355.0,74960,0.0,0.0
2022-09-05 09:00:00+09:00,1345.0,1365.0,1335.0,1340.0,0,0.0,0.0
2022-09-05 10:00:00+09:00,1340.0,1350.0,1325.0,1330.0,12430,0.0,0.0
2022-09-05 11:00:00+09:00,1335.0,1335.0,1325.0,1335.0,11882,0.0,0.0
2022-09-05 12:00:00+09:00,1335.0,1340.0,1325.0,1325.0,5132,0.0,0.0
2022-09-05 13:00:00+09:00,1325.0,1335.0,1300.0,1325.0,20035,0.0,0.0
2022-09-05 14:00:00+09:00,1325.0,1325.0,1305.0,1315.0,27087,0.0,0.0
2022-09-06 09:00:00+09:00,1315.0,1345.0,1315.0,1340.0,0,0.0,0.0
2022-09-06 10:00:00+09:00,1340.0,1345.0,1330.0,1330.0,4311,0.0,0.0
2022-09-06 11:00:00+09:00,1340.0,1355.0,1325.0,1330.0,11025,0.0,0.0
2022-09-06 12:00:00+09:00,1335.0,1345.0,1330.0,1340.0,7193,0.0,0.0
2022-09-06 13:00:00+09:00,1340.0,1340.0,1325.0,1335.0,2664,0.0,0.0
2022-09-06 14:00:00+09:00,1335.0,1350.0,1330.0,1350.0,8634,0.0,0.0
2022-09-07 09:00:00+09:00,1350.0,1370.0,1320.0,1340.0,0,0.0,0.0
2022-09-07 10:00:00+09:00,1340.0,1355.0,1330.0,1345.0,36859,0.0,0.0
2022-09-07 11:00:00+09:00,1345.0,1350.0,1335.0,1340.0,4246,0.0,0.0
2022-09-07 12:00:00+09:00,1340.0,1345.0,1330.0,1340.0,3498,0.0,0.0
2022-09-07 13:00:00+09:00,1340.0,1345.0,1330.0,1335.0,8386,0.0,0.0
2022-09-07 14:00:00+09:00,1335.0,1340.0,1320.0,1340.0,9968,0.0,0.0
2022-09-08 09:00:00+09:00,1320.0,1335.0,1320.0,1335.0,0,0.0,0.0
2022-09-08 10:00:00+09:00,1330.0,1335.0,1320.0,1330.0,28305,0.0,0.0
2022-09-08 11:00:00+09:00,1320.0,1330.0,1315.0,1315.0,3936,0.0,0.0
2022-09-08 12:00:00+09:00,1315.0,1325.0,1315.0,1315.0,1426,0.0,0.0
2022-09-08 13:00:00+09:00,1320.0,1325.0,1320.0,1325.0,2511,0.0,0.0
2022-09-08 14:00:00+09:00,1325.0,1325.0,1290.0,1305.0,13184,0.0,0.0
2022-09-13 09:00:00+09:00,1325.0,1350.0,1325.0,1335.0,0,0.0,0.0
2022-09-13 10:00:00+09:00,1335.0,1350.0,1325.0,1345.0,17437,0.0,0.0
2022-09-13 11:00:00+09:00,1345.0,1350.0,1325.0,1345.0,25472,0.0,0.0
2022-09-13 12:00:00+09:00,1345.0,1350.0,1335.0,1345.0,9202,0.0,0.0
2022-09-13 13:00:00+09:00,1345.0,1350.0,1335.0,1345.0,1199,0.0,0.0
2022-09-13 14:00:00+09:00,1345.0,1345.0,1330.0,1340.0,4514,0.0,0.0
2022-09-14 09:00:00+09:00,1320.0,1325.0,1300.0,1310.0,0,0.0,0.0
2022-09-14 10:00:00+09:00,1310.0,1330.0,1305.0,1330.0,12476,0.0,0.0
2022-09-14 11:00:00+09:00,1325.0,1330.0,1325.0,1330.0,4986,0.0,0.0
2022-09-14 12:00:00+09:00,1330.0,1340.0,1325.0,1335.0,5152,0.0,0.0
2022-09-14 13:00:00+09:00,1335.0,1340.0,1335.0,1340.0,5384,0.0,0.0
2022-09-14 14:00:00+09:00,1340.0,1340.0,1330.0,1335.0,4878,0.0,0.0
2022-09-15 09:00:00+09:00,1350.0,1355.0,1335.0,1345.0,0,0.0,0.0
2022-09-15 10:00:00+09:00,1345.0,1360.0,1335.0,1360.0,7416,0.0,0.0
2022-09-15 11:00:00+09:00,1360.0,1365.0,1350.0,1360.0,5774,0.0,0.0
2022-09-15 12:00:00+09:00,1355.0,1360.0,1335.0,1335.0,8931,0.0,0.0
2022-09-15 13:00:00+09:00,1340.0,1350.0,1330.0,1340.0,6709,0.0,0.0
2022-09-15 14:00:00+09:00,1335.0,1335.0,1325.0,1330.0,6197,0.0,0.0
2022-09-16 09:00:00+09:00,1320.0,1330.0,1305.0,1315.0,0,0.0,0.0
2022-09-16 10:00:00+09:00,1305.0,1315.0,1305.0,1315.0,9150,0.0,0.0
2022-09-16 11:00:00+09:00,1315.0,1320.0,1310.0,1310.0,1286,0.0,0.0
2022-09-16 12:00:00+09:00,1310.0,1380.0,1305.0,1335.0,105124,0.0,0.0
2022-09-16 13:00:00+09:00,1335.0,1335.0,1295.0,1315.0,39993,0.0,0.0
2022-09-16 14:00:00+09:00,1310.0,1315.0,1295.0,1310.0,10180,0.0,0.0
2022-09-19 09:00:00+09:00,1290.0,1295.0,1280.0,1285.0,0,0.0,0.0
2022-09-19 10:00:00+09:00,1280.0,1285.0,1275.0,1280.0,7188,0.0,0.0
2022-09-19 11:00:00+09:00,1285.0,1285.0,1265.0,1275.0,5114,0.0,0.0
2022-09-19 12:00:00+09:00,1275.0,1275.0,1265.0,1275.0,4265,0.0,0.0
2022-09-19 13:00:00+09:00,1275.0,1275.0,1265.0,1270.0,2200,0.0,0.0
2022-09-19 14:00:00+09:00,1270.0,1290.0,1240.0,1265.0,12109,0.0,0.0
2022-09-20 09:00:00+09:00,1260.0,1285.0,1260.0,1270.0,0,0.0,0.0
2022-09-20 10:00:00+09:00,1275.0,1280.0,1260.0,1265.0,32608,0.0,0.0
2022-09-20 11:00:00+09:00,1265.0,1275.0,1255.0,1270.0,7512,0.0,0.0
2022-09-20 12:00:00+09:00,1265.0,1275.0,1260.0,1275.0,3431,0.0,0.0
2022-09-20 13:00:00+09:00,1270.0,1275.0,1260.0,1275.0,13757,0.0,0.0
2022-09-20 14:00:00+09:00,1275.0,1275.0,1255.0,1270.0,6742,0.0,0.0
2022-09-21 09:00:00+09:00,1280.0,1280.0,1245.0,1260.0,0,0.0,0.0
2022-09-21 10:00:00+09:00,1260.0,1260.0,1245.0,1255.0,4892,0.0,0.0
2022-09-21 11:00:00+09:00,1255.0,1255.0,1245.0,1250.0,2665,0.0,0.0
2022-09-21 12:00:00+09:00,1250.0,1250.0,1235.0,1235.0,14952,0.0,0.0
2022-09-21 13:00:00+09:00,1245.0,1245.0,1235.0,1245.0,5025,0.0,0.0
2022-09-21 14:00:00+09:00,1235.0,1250.0,1230.0,1250.0,27435,0.0,0.0
2022-09-22 09:00:00+09:00,1255.0,1270.0,1210.0,1230.0,0,0.0,0.0
2022-09-22 10:00:00+09:00,1220.0,1235.0,1205.0,1220.0,19839,0.0,0.0
2022-09-22 11:00:00+09:00,1220.0,1235.0,1215.0,1235.0,8903,0.0,0.0
2022-09-22 12:00:00+09:00,1235.0,1240.0,1230.0,1235.0,1383,0.0,0.0
2022-09-22 13:00:00+09:00,1235.0,1245.0,1230.0,1245.0,5656,0.0,0.0
2022-09-22 14:00:00+09:00,1245.0,1245.0,1240.0,1245.0,8584,0.0,0.0
2022-09-23 09:00:00+09:00,1225.0,1235.0,1150.0,1190.0,72386,0.0,0.0
2022-09-23 10:00:00+09:00,1190.0,1195.0,1175.0,1185.0,26022,0.0,0.0
2022-09-23 11:00:00+09:00,1185.0,1195.0,1180.0,1190.0,8408,0.0,0.0
2022-09-23 12:00:00+09:00,1185.0,1220.0,1180.0,1185.0,34890,0.0,0.0
2022-09-23 13:00:00+09:00,1190.0,1190.0,1175.0,1180.0,44773,0.0,0.0
2022-09-23 14:00:00+09:00,1180.0,1185.0,1170.0,1175.0,18024,0.0,0.0
2022-09-26 09:00:00+09:00,1195.0,1195.0,1150.0,1165.0,0,0.0,0.0
2022-09-26 10:00:00+09:00,1160.0,1165.0,1150.0,1155.0,14926,0.0,0.0
2022-09-26 11:00:00+09:00,1155.0,1165.0,1155.0,1165.0,2233,0.0,0.0
2022-09-26 12:00:00+09:00,1160.0,1165.0,1140.0,1145.0,22053,0.0,0.0
2022-09-26 13:00:00+09:00,1140.0,1155.0,1135.0,1140.0,0,0.0,0.0
2022-09-26 14:00:00+09:00,1150.0,1150.0,1135.0,1140.0,157206,0.0,0.0
2022-09-27 09:00:00+09:00,1130.0,1155.0,1120.0,1150.0,0,0.0,0.0
2022-09-27 10:00:00+09:00,1150.0,1150.0,1130.0,1135.0,10148,0.0,0.0
2022-09-27 11:00:00+09:00,1130.0,1135.0,1125.0,1125.0,990,0.0,0.0
2022-09-27 12:00:00+09:00,1125.0,1125.0,1100.0,1115.0,19301,0.0,0.0
2022-09-27 13:00:00+09:00,1115.0,1125.0,1110.0,1120.0,5408,0.0,0.0
2022-09-27 14:00:00+09:00,1120.0,1125.0,1095.0,1110.0,24080,0.0,0.0
2022-09-28 09:00:00+09:00,1095.0,1150.0,1095.0,1135.0,0,0.0,0.0
2022-09-28 10:00:00+09:00,1130.0,1135.0,1090.0,1095.0,11276,0.0,0.0
2022-09-28 11:00:00+09:00,1095.0,1095.0,1080.0,1090.0,70727,0.0,0.0
2022-09-28 12:00:00+09:00,1085.0,1090.0,1080.0,1090.0,86593,0.0,0.0
2022-09-28 13:00:00+09:00,1085.0,1095.0,1080.0,1080.0,27717,0.0,0.0
2022-09-28 14:00:00+09:00,1085.0,1095.0,1080.0,1095.0,53545,0.0,0.0
2022-09-29 09:00:00+09:00,1090.0,1125.0,1090.0,1115.0,0,0.0,0.0
2022-09-29 10:00:00+09:00,1115.0,1115.0,1105.0,1105.0,676,0.0,0.0
2022-09-29 11:00:00+09:00,1105.0,1110.0,1090.0,1095.0,5843,0.0,0.0
2022-09-29 12:00:00+09:00,1090.0,1095.0,1085.0,1090.0,5557,0.0,0.0
2022-09-29 13:00:00+09:00,1090.0,1100.0,1085.0,1100.0,4343,0.0,0.0
2022-09-29 14:00:00+09:00,1100.0,1100.0,1080.0,1085.0,11139,0.0,0.0
2022-09-30 09:00:00+09:00,1075.0,1075.0,1010.0,1050.0,0,0.0,0.0
2022-09-30 10:00:00+09:00,1045.0,1065.0,1045.0,1065.0,15141,0.0,0.0
2022-09-30 11:00:00+09:00,1065.0,1080.0,1065.0,1080.0,11256,0.0,0.0
2022-09-30 12:00:00+09:00,1080.0,1090.0,1065.0,1070.0,4092,0.0,0.0
2022-09-30 13:00:00+09:00,1065.0,1070.0,1050.0,1065.0,7287,0.0,0.0
2022-09-30 14:00:00+09:00,1065.0,1070.0,1060.0,1070.0,1367,0.0,0.0
2022-10-04 09:00:00+09:00,1090.0,1130.0,1065.0,1095.0,0,0.0,0.0
2022-10-04 10:00:00+09:00,1090.0,1100.0,1075.0,1080.0,17829,0.0,0.0
2022-10-04 11:00:00+09:00,1075.0,1080.0,1070.0,1075.0,19700,0.0,0.0
2022-10-04 12:00:00+09:00,1075.0,1085.0,1070.0,1085.0,25925,0.0,0.0
2022-10-04 13:00:00+09:00,1085.0,1090.0,1080.0,1085.0,16326,0.0,0.0
2022-10-04 14:00:00+09:00,1085.0,1095.0,1080.0,1090.0,17992,0.0,0.0
2022-10-05 09:00:00+09:00,1160.0,1160.0,1080.0,1085.0,0,0.0,0.0
2022-10-05 10:00:00+09:00,1080.0,1095.0,1080.0,1085.0,26322,0.0,0.0
2022-10-05 11:00:00+09:00,1085.0,1085.0,1065.0,1065.0,28044,0.0,0.0
2022-10-05 12:00:00+09:00,1065.0,1080.0,1065.0,1075.0,10285,0.0,0.0
2022-10-05 13:00:00+09:00,1075.0,1075.0,1060.0,1070.0,28618,0.0,0.0
2022-10-05 14:00:00+09:00,1070.0,1115.0,1065.0,1075.0,24693,0.0,0.0
2022-10-06 09:00:00+09:00,1090.0,1125.0,1085.0,1115.0,0,0.0,0.0
2022-10-06 10:00:00+09:00,1115.0,1120.0,1110.0,1115.0,18945,0.0,0.0
2022-10-06 11:00:00+09:00,1115.0,1130.0,1115.0,1130.0,6237,0.0,0.0
2022-10-06 12:00:00+09:00,1120.0,1135.0,1120.0,1130.0,8592,0.0,0.0
2022-10-06 13:00:00+09:00,1130.0,1145.0,1120.0,1145.0,10625,0.0,0.0
2022-10-06 14:00:00+09:00,1145.0,1150.0,1140.0,1150.0,25678,0.0,0.0
2022-10-07 09:00:00+09:00,1140.0,1150.0,1120.0,1120.0,0,0.0,0.0
2022-10-07 10:00:00+09:00,1120.0,1130.0,1115.0,1115.0,11174,0.0,0.0
2022-10-07 11:00:00+09:00,1115.0,1125.0,1115.0,1115.0,11381,0.0,0.0
2022-10-07 12:00:00+09:00,1120.0,1160.0,1115.0,1125.0,22079,0.0,0.0
2022-10-07 13:00:00+09:00,1125.0,1140.0,1115.0,1115.0,17543,0.0,0.0
2022-10-07 14:00:00+09:00,1115.0,1125.0,1105.0,1110.0,36861,0.0,0.0
2022-10-11 09:00:00+09:00,1135.0,1140.0,1080.0,1100.0,0,0.0,0.0
2022-10-11 10:00:00+09:00,1090.0,1095.0,1080.0,1085.0,6685,0.0,0.0
2022-10-11 11:00:00+09:00,1085.0,1095.0,1070.0,1080.0,17986,0.0,0.0
2022-10-11 12:00:00+09:00,1070.0,1080.0,1070.0,1070.0,2782,0.0,0.0
2022-10-11 13:00:00+09:00,1070.0,1080.0,1060.0,1060.0,12819,0.0,0.0
2022-10-11 14:00:00+09:00,1060.0,1070.0,1040.0,1050.0,18941,0.0,0.0
2022-10-12 09:00:00+09:00,1075.0,1095.0,1045.0,1075.0,0,0.0,0.0
2022-10-12 10:00:00+09:00,1070.0,1080.0,1055.0,1065.0,37679,0.0,0.0
2022-10-12 11:00:00+09:00,1060.0,1070.0,1060.0,1070.0,11970,0.0,0.0
2022-10-12 12:00:00+09:00,1075.0,1075.0,1065.0,1065.0,12906,0.0,0.0
2022-10-12 13:00:00+09:00,1065.0,1095.0,1065.0,1085.0,31628,0.0,0.0
2022-10-12 14:00:00+09:00,1085.0,1090.0,1075.0,1075.0,20347,0.0,0.0
2022-10-13 09:00:00+09:00,1055.0,1070.0,1045.0,1060.0,0,0.0,0.0
2022-10-13 10:00:00+09:00,1050.0,1060.0,1030.0,1045.0,54508,0.0,0.0
2022-10-13 11:00:00+09:00,1045.0,1050.0,1030.0,1050.0,18587,0.0,0.0
2022-10-13 12:00:00+09:00,1050.0,1050.0,1045.0,1045.0,1599,0.0,0.0
2022-10-13 13:00:00+09:00,1045.0,1050.0,1035.0,1045.0,3994,0.0,0.0
2022-10-13 14:00:00+09:00,1040.0,1045.0,1035.0,1045.0,11234,0.0,0.0
2022-10-14 09:00:00+09:00,1035.0,1080.0,1035.0,1075.0,0,0.0,0.0
2022-10-14 10:00:00+09:00,1075.0,1075.0,1060.0,1060.0,15531,0.0,0.0
2022-10-14 11:00:00+09:00,1060.0,1070.0,1055.0,1065.0,3282,0.0,0.0
2022-10-14 12:00:00+09:00,1065.0,1080.0,1060.0,1080.0,17345,0.0,0.0
2022-10-14 13:00:00+09:00,1080.0,1085.0,1075.0,1075.0,6295,0.0,0.0
2022-10-14 14:00:00+09:00,1075.0,1090.0,1075.0,1090.0,17756,0.0,0.0
2022-10-17 09:00:00+09:00,1075.0,1105.0,1040.0,1100.0,0,0.0,0.0
2022-10-17 10:00:00+09:00,1100.0,1110.0,1095.0,1100.0,10122,0.0,0.0
2022-10-17 11:00:00+09:00,1105.0,1115.0,1105.0,1115.0,3693,0.0,0.0
2022-10-17 12:00:00+09:00,1115.0,1115.0,1095.0,1100.0,5048,0.0,0.0
2022-10-17 13:00:00+09:00,1100.0,1110.0,1095.0,1100.0,1442,0.0,0.0
2022-10-17 14:00:00+09:00,1105.0,1110.0,1100.0,1110.0,537,0.0,0.0
2022-10-18 09:00:00+09:00,1145.0,1145.0,1125.0,1135.0,0,0.0,0.0
2022-10-18 10:00:00+09:00,1135.0,1140.0,1130.0,1135.0,6832,0.0,0.0
2022-10-18 11:00:00+09:00,1130.0,1135.0,1120.0,1130.0,5507,0.0,0.0
2022-10-18 12:00:00+09:00,1135.0,1140.0,1130.0,1135.0,2184,0.0,0.0
2022-10-18 13:00:00+09:00,1135.0,1145.0,1135.0,1145.0,5212,0.0,0.0
2022-10-18 14:00:00+09:00,1140.0,1145.0,1135.0,1145.0,4815,0.0,0.0
2022-10-19 09:00:00+09:00,1175.0,1180.0,1145.0,1175.0,0,0.0,0.0
2022-10-19 10:00:00+09:00,1175.0,1185.0,1160.0,1180.0,12016,0.0,0.0
2022-10-19 11:00:00+09:00,1180.0,1180.0,1175.0,1180.0,6401,0.0,0.0
2022-10-19 12:00:00+09:00,1175.0,1180.0,1155.0,1160.0,18862,0.0,0.0
2022-10-19 13:00:00+09:00,1165.0,1165.0,1150.0,1160.0,0,0.0,0.0
2022-10-19 14:00:00+09:00,1160.0,1165.0,1145.0,1155.0,67749,0.0,0.0
2022-10-20 09:00:00+09:00,1180.0,1195.0,1165.0,1165.0,0,0.0,0.0
2022-10-20 10:00:00+09:00,1160.0,1170.0,1140.0,1155.0,16473,0.0,0.0
2022-10-20 11:00:00+09:00,1155.0,1160.0,1140.0,1160.0,11672,0.0,0.0
2022-10-20 12:00:00+09:00,1160.0,1160.0,1145.0,1145.0,10962,0.0,0.0
2022-10-20 13:00:00+09:00,1145.0,1175.0,1140.0,1175.0,28095,0.0,0.0
2022-10-20 14:00:00+09:00,1180.0,1180.0,1160.0,1165.0,11466,0.0,0.0
2022-10-21 09:00:00+09:00,1145.0,1160.0,1130.0,1160.0,0,0.0,0.0
2022-10-21 10:00:00+09:00,1160.0,1160.0,1135.0,1145.0,6904,0.0,0.0
2022-10-21 11:00:00+09:00,1145.0,1150.0,1140.0,1145.0,2310,0.0,0.0
2022-10-21 12:00:00+09:00,1145.0,1150.0,1135.0,1145.0,14969,0.0,0.0
2022-10-21 13:00:00+09:00,1145.0,1145.0,1130.0,1130.0,5230,0.0,0.0
2022-10-21 14:00:00+09:00,1125.0,1155.0,1115.0,1125.0,16527,0.0,0.0
2022-10-24 09:00:00+09:00,1130.0,1150.0,1125.0,1135.0,0,0.0,0.0
2022-10-24 10:00:00+09:00,1135.0,1140.0,1130.0,1135.0,3417,0.0,0.0
2022-10-24 11:00:00+09:00,1130.0,1240.0,1100.0,1130.0,436643,0.0,0.0
2022-10-24 12:00:00+09:00,1130.0,1135.0,1110.0,1130.0,41756,0.0,0.0
2022-10-24 13:00:00+09:00,1130.0,1130.0,1105.0,1130.0,22080,0.0,0.0
2022-10-24 14:00:00+09:00,1130.0,1130.0,1115.0,1125.0,13936,0.0,0.0
2022-10-25 09:00:00+09:00,1145.0,1150.0,1125.0,1130.0,0,0.0,0.0
2022-10-25 10:00:00+09:00,1130.0,1135.0,1125.0,1130.0,7790,0.0,0.0
2022-10-25 11:00:00+09:00,1130.0,1165.0,1125.0,1150.0,27497,0.0,0.0
2022-10-25 12:00:00+09:00,1150.0,1175.0,1150.0,1155.0,26590,0.0,0.0
2022-10-25 13:00:00+09:00,1155.0,1155.0,1150.0,1150.0,6025,0.0,0.0
2022-10-25 14:00:00+09:00,1150.0,1150.0,1130.0,1145.0,5735,0.0,0.0
2022-10-26 09:00:00+09:00,1160.0,1160.0,1135.0,1135.0,0,0.0,0.0
2022-10-26 10:00:00+09:00,1140.0,1150.0,1135.0,1145.0,6814,0.0,0.0
2022-10-26 11:00:00+09:00,1150.0,1150.0,1140.0,1140.0,1530,0.0,0.0
2022-10-26 12:00:00+09:00,1140.0,1150.0,1140.0,1140.0,708,0.0,0.0
2022-10-26 13:00:00+09:00,1145.0,1150.0,1135.0,1135.0,5731,0.0,0.0
2022-10-26 14:00:00+09:00,1145.0,1145.0,1130.0,1130.0,7971,0.0,0.0
2022-10-27 09:00:00+09:00,1130.0,1145.0,1120.0,1145.0,0,0.0,0.0
2022-10-27 10:00:00+09:00,1140.0,1150.0,1140.0,1150.0,7716,0.0,0.0
2022-10-27 11:00:00+09:00,1145.0,1145.0,1135.0,1145.0,302,0.0,0.0
2022-10-27 12:00:00+09:00,1135.0,1135.0,1125.0,1135.0,7922,0.0,0.0
2022-10-27 13:00:00+09:00,1135.0,1140.0,1130.0,1140.0,3689,0.0,0.0
2022-10-27 14:00:00+09:00,1140.0,1220.0,1140.0,1200.0,342213,0.0,0.0
2022-10-28 09:00:00+09:00,1180.0,1190.0,1155.0,1155.0,42819,0.0,0.0
2022-10-28 10:00:00+09:00,1155.0,1165.0,1150.0,1160.0,19387,0.0,0.0
2022-10-28 11:00:00+09:00,1155.0,1160.0,1145.0,1145.0,7279,0.0,0.0
2022-10-28 12:00:00+09:00,1150.0,1150.0,1140.0,1140.0,9912,0.0,0.0
2022-10-28 13:00:00+09:00,1135.0,1140.0,1130.0,1140.0,12566,0.0,0.0
2022-10-28 14:00:00+09:00,1140.0,1140.0,1135.0,1140.0,8005,0.0,0.0
2022-10-31 09:00:00+09:00,1150.0,1160.0,1130.0,1130.0,0,0.0,0.0
2022-10-31 10:00:00+09:00,1130.0,1140.0,1120.0,1130.0,15574,0.0,0.0
2022-10-31 11:00:00+09:00,1130.0,1140.0,1125.0,1140.0,7238,0.0,0.0
2022-10-31 12:00:00+09:00,1140.0,1145.0,1135.0,1145.0,10727,0.0,0.0
2022-10-31 13:00:00+09:00,1135.0,1145.0,1135.0,1135.0,2121,0.0,0.0
2022-10-31 14:00:00+09:00,1140.0,1140.0,1130.0,1140.0,5307,0.0,0.0
2022-11-01 09:00:00+09:00,1140.0,1165.0,1140.0,1155.0,0,0.0,0.0
2022-11-01 10:00:00+09:00,1150.0,1160.0,1140.0,1155.0,11568,0.0,0.0
2022-11-01 11:00:00+09:00,1150.0,1150.0,1140.0,1150.0,22785,0.0,0.0
2022-11-01 12:00:00+09:00,1150.0,1150.0,1140.0,1150.0,4273,0.0,0.0
2022-11-01 13:00:00+09:00,1150.0,1160.0,1145.0,1160.0,5115,0.0,0.0
2022-11-01 14:00:00+09:00,1160.0,1160.0,1150.0,1160.0,14465,0.0,0.0
2022-11-02 09:00:00+09:00,1170.0,1185.0,1160.0,1180.0,0,0.0,0.0
2022-11-02 10:00:00+09:00,1175.0,1180.0,1155.0,1160.0,18409,0.0,0.0
2022-11-02 11:00:00+09:00,1165.0,1175.0,1155.0,1170.0,12282,0.0,0.0
2022-11-02 12:00:00+09:00,1165.0,1170.0,1160.0,1165.0,8471,0.0,0.0
2022-11-02 13:00:00+09:00,1165.0,1165.0,1155.0,1155.0,8000,0.0,0.0
2022-11-02 14:00:00+09:00,1160.0,1165.0,1155.0,1165.0,5495,0.0,0.0
2022-11-03 09:00:00+09:00,1145.0,1180.0,1135.0,1170.0,0,0.0,0.0
2022-11-03 10:00:00+09:00,1165.0,1175.0,1160.0,1170.0,3355,0.0,0.0
2022-11-03 11:00:00+09:00,1170.0,1170.0,1160.0,1165.0,3155,0.0,0.0
2022-11-03 12:00:00+09:00,1160.0,1160.0,1155.0,1155.0,2496,0.0,0.0
2022-11-03 13:00:00+09:00,1155.0,1165.0,1145.0,1145.0,14309,0.0,0.0
2022-11-03 14:00:00+09:00,1160.0,1160.0,1150.0,1150.0,4955,0.0,0.0
2022-11-04 09:00:00+09:00,1160.0,1165.0,1155.0,1160.0,0,0.0,0.0
2022-11-04 10:00:00+09:00,1160.0,1160.0,1135.0,1150.0,13049,0.0,0.0
2022-11-04 11:00:00+09:00,1145.0,1150.0,1145.0,1150.0,27,0.0,0.0
2022-11-04 12:00:00+09:00,1145.0,1150.0,1145.0,1150.0,5115,0.0,0.0
2022-11-04 13:00:00+09:00,1150.0,1150.0,1145.0,1145.0,3214,0.0,0.0
2022-11-04 14:00:00+09:00,1150.0,1150.0,1145.0,1150.0,3446,0.0,0.0
2022-11-07 09:00:00+09:00,1165.0,1265.0,1165.0,1260.0,125389,0.0,0.0
2022-11-07 10:00:00+09:00,1260.0,1365.0,1255.0,1305.0,1228743,0.0,0.0
2022-11-07 11:00:00+09:00,1310.0,1330.0,1290.0,1325.0,190500,0.0,0.0
2022-11-07 12:00:00+09:00,1325.0,1485.0,1315.0,1460.0,2718579,0.0,0.0
2022-11-07 13:00:00+09:00,1460.0,1485.0,1450.0,1485.0,905376,0.0,0.0
2022-11-07 14:00:00+09:00,1485.0,1485.0,1485.0,1485.0,83643,0.0,0.0
2022-11-08 09:00:00+09:00,1570.0,1580.0,1470.0,1540.0,0,0.0,0.0
2022-11-08 10:00:00+09:00,1535.0,1790.0,1530.0,1665.0,9092703,0.0,0.0
2022-11-08 11:00:00+09:00,1665.0,1720.0,1600.0,1680.0,2377890,0.0,0.0
2022-11-08 12:00:00+09:00,1680.0,1710.0,1605.0,1665.0,1768405,0.0,0.0
2022-11-08 13:00:00+09:00,1665.0,1710.0,1610.0,1625.0,1399539,0.0,0.0
2022-11-08 14:00:00+09:00,1625.0,1630.0,1570.0,1610.0,891944,0.0,0.0
2022-11-09 09:00:00+09:00,1625.0,1670.0,1590.0,1615.0,0,0.0,0.0
2022-11-09 10:00:00+09:00,1615.0,1635.0,1595.0,1610.0,373306,0.0,0.0
2022-11-09 11:00:00+09:00,1605.0,1625.0,1605.0,1605.0,182922,0.0,0.0
2022-11-09 12:00:00+09:00,1605.0,1620.0,1585.0,1585.0,224888,0.0,0.0
2022-11-09 13:00:00+09:00,1590.0,1590.0,1570.0,1590.0,216674,0.0,0.0
2022-11-09 14:00:00+09:00,1585.0,1615.0,1585.0,1605.0,177860,0.0,0.0
2022-11-10 09:00:00+09:00,1575.0,1590.0,1525.0,1580.0,0,0.0,0.0
2022-11-10 10:00:00+09:00,1570.0,1585.0,1560.0,1575.0,92741,0.0,0.0
2022-11-10 11:00:00+09:00,1585.0,1625.0,1565.0,1615.0,250543,0.0,0.0
2022-11-10 12:00:00+09:00,1615.0,1625.0,1595.0,1610.0,154226,0.0,0.0
2022-11-10 13:00:00+09:00,1605.0,1615.0,1585.0,1615.0,92733,0.0,0.0
2022-11-10 14:00:00+09:00,1615.0,1635.0,1610.0,1615.0,240114,0.0,0.0
2022-11-11 09:00:00+09:00,1635.0,1685.0,1605.0,1650.0,0,0.0,0.0
2022-11-11 10:00:00+09:00,1650.0,1695.0,1640.0,1645.0,591318,0.0,0.0
2022-11-11 11:00:00+09:00,1650.0,1665.0,1640.0,1645.0,93174,0.0,0.0
2022-11-11 12:00:00+09:00,1650.0,1650.0,1625.0,1640.0,118275,0.0,0.0
2022-11-11 13:00:00+09:00,1640.0,1640.0,1600.0,1615.0,120624,0.0,0.0
2022-11-11 14:00:00+09:00,1620.0,1635.0,1605.0,1620.0,101530,0.0,0.0
2022-11-14 09:00:00+09:00,1635.0,1655.0,1615.0,1630.0,0,0.0,0.0
2022-11-14 10:00:00+09:00,1630.0,1700.0,1610.0,1615.0,555921,0.0,0.0
2022-11-14 11:00:00+09:00,1615.0,1625.0,1600.0,1615.0,94041,0.0,0.0
2022-11-14 12:00:00+09:00,1615.0,1620.0,1605.0,1615.0,48962,0.0,0.0
2022-11-14 13:00:00+09:00,1615.0,1620.0,1600.0,1610.0,53449,0.0,0.0
2022-11-14 14:00:00+09:00,1610.0,1610.0,1555.0,1595.0,150600,0.0,0.0
2022-11-15 09:00:00+09:00,1585.0,1605.0,1570.0,1585.0,0,0.0,0.0
2022-11-15 10:00:00+09:00,1585.0,1595.0,1575.0,1590.0,60639,0.0,0.0
2022-11-15 11:00:00+09:00,1590.0,1590.0,1570.0,1585.0,60105,0.0,0.0
2022-11-15 12:00:00+09:00,1585.0,1600.0,1575.0,1595.0,30321,0.0,0.0
2022-11-15 13:00:00+09:00,1595.0,1600.0,1585.0,1590.0,21322,0.0,0.0
2022-11-15 14:00:00+09:00,1585.0,1595.0,1580.0,1595.0,57389,0.0,0.0
2022-11-16 09:00:00+09:00,1620.0,1620.0,1515.0,1555.0,0,0.0,0.0
2022-11-16 10:00:00+09:00,1555.0,1560.0,1535.0,1555.0,86717,0.0,0.0
2022-11-16 11:00:00+09:00,1550.0,1560.0,1540.0,1550.0,23543,0.0,0.0
2022-11-16 12:00:00+09:00,1550.0,1600.0,1550.0,1595.0,63260,0.0,0.0
2022-11-16 13:00:00+09:00,1590.0,1590.0,1550.0,1555.0,25427,0.0,0.0
2022-11-16 14:00:00+09:00,1555.0,1580.0,1540.0,1555.0,125525,0.0,0.0
2022-11-17 10:00:00+09:00,1550.0,1580.0,1535.0,1550.0,93887,0.0,0.0
2022-11-17 11:00:00+09:00,1540.0,1565.0,1535.0,1565.0,27112,0.0,0.0
2022-11-17 12:00:00+09:00,1565.0,1575.0,1555.0,1555.0,15869,0.0,0.0
2022-11-17 13:00:00+09:00,1550.0,1555.0,1530.0,1545.0,51961,0.0,0.0
2022-11-17 14:00:00+09:00,1545.0,1550.0,1540.0,1545.0,15669,0.0,0.0
2022-11-18 09:00:00+09:00,1535.0,1555.0,1520.0,1520.0,0,0.0,0.0
2022-11-18 10:00:00+09:00,1520.0,1535.0,1515.0,1535.0,44396,0.0,0.0
2022-11-18 11:00:00+09:00,1530.0,1540.0,1510.0,1540.0,19496,0.0,0.0
2022-11-18 12:00:00+09:00,1540.0,1555.0,1535.0,1555.0,18489,0.0,0.0
2022-11-18 13:00:00+09:00,1555.0,1560.0,1535.0,1535.0,24371,0.0,0.0
2022-11-18 14:00:00+09:00,1545.0,1545.0,1520.0,1530.0,25683,0.0,0.0
2022-11-21 09:00:00+09:00,1505.0,1535.0,1505.0,1520.0,0,0.0,0.0
2022-11-21 10:00:00+09:00,1520.0,1530.0,1510.0,1515.0,13584,0.0,0.0
2022-11-21 11:00:00+09:00,1515.0,1520.0,1495.0,1505.0,37516,0.0,0.0
2022-11-21 12:00:00+09:00,1500.0,1505.0,1490.0,1505.0,33822,0.0,0.0
2022-11-21 13:00:00+09:00,1505.0,1505.0,1490.0,1495.0,12217,0.0,0.0
2022-11-21 14:00:00+09:00,1490.0,1505.0,1485.0,1500.0,20111,0.0,0.0
2022-11-22 09:00:00+09:00,1480.0,1505.0,1475.0,1500.0,0,0.0,0.0
2022-11-22 10:00:00+09:00,1500.0,1520.0,1495.0,1510.0,43095,0.0,0.0
2022-11-22 11:00:00+09:00,1515.0,1580.0,1510.0,1560.0,348275,0.0,0.0
2022-11-22 12:00:00+09:00,1560.0,1565.0,1510.0,1530.0,112443,0.0,0.0
2022-11-22 13:00:00+09:00,1530.0,1535.0,1505.0,1525.0,39052,0.0,0.0
2022-11-22 14:00:00+09:00,1525.0,1535.0,1510.0,1525.0,24074,0.0,0.0
2022-11-23 09:00:00+09:00,1555.0,1575.0,1535.0,1545.0,0,0.0,0.0
2022-11-23 10:00:00+09:00,1545.0,1565.0,1545.0,1560.0,37991,0.0,0.0
2022-11-23 11:00:00+09:00,1560.0,1580.0,1555.0,1565.0,80622,0.0,0.0
2022-11-23 12:00:00+09:00,1565.0,1575.0,1550.0,1575.0,20727,0.0,0.0
2022-11-23 13:00:00+09:00,1570.0,1570.0,1560.0,1570.0,11522,0.0,0.0
2022-11-23 14:00:00+09:00,1565.0,1575.0,1550.0,1570.0,56508,0.0,0.0
2022-11-24 09:00:00+09:00,1590.0,1590.0,1560.0,1565.0,0,0.0,0.0
2022-11-24 10:00:00+09:00,1565.0,1570.0,1470.0,1535.0,97588,0.0,0.0
2022-11-24 11:00:00+09:00,1535.0,1565.0,1535.0,1565.0,29680,0.0,0.0
2022-11-24 12:00:00+09:00,1565.0,1570.0,1550.0,1560.0,45429,0.0,0.0
2022-11-24 13:00:00+09:00,1560.0,1570.0,1555.0,1570.0,16727,0.0,0.0
2022-11-24 14:00:00+09:00,1570.0,1580.0,1555.0,1565.0,27087,0.0,0.0
2022-11-25 09:00:00+09:00,1580.0,1595.0,1555.0,1570.0,0,0.0,0.0
2022-11-25 10:00:00+09:00,1570.0,1585.0,1570.0,1570.0,13979,0.0,0.0
2022-11-25 11:00:00+09:00,1570.0,1575.0,1565.0,1570.0,7960,0.0,0.0
2022-11-25 12:00:00+09:00,1570.0,1575.0,1555.0,1560.0,23573,0.0,0.0
2022-11-25 13:00:00+09:00,1570.0,1580.0,1565.0,1575.0,9016,0.0,0.0
2022-11-25 14:00:00+09:00,1575.0,1580.0,1565.0,1565.0,28903,0.0,0.0
2022-11-28 09:00:00+09:00,1555.0,1580.0,1545.0,1565.0,0,0.0,0.0
2022-11-28 10:00:00+09:00,1565.0,1565.0,1510.0,1530.0,60409,0.0,0.0
2022-11-28 11:00:00+09:00,1530.0,1545.0,1525.0,1535.0,12284,0.0,0.0
2022-11-28 12:00:00+09:00,1535.0,1535.0,1525.0,1530.0,7777,0.0,0.0
2022-11-28 13:00:00+09:00,1530.0,1535.0,1525.0,1535.0,7742,0.0,0.0
2022-11-28 14:00:00+09:00,1530.0,1530.0,1510.0,1510.0,30420,0.0,0.0
2022-11-29 09:00:00+09:00,1495.0,1530.0,1495.0,1505.0,0,0.0,0.0
2022-11-29 10:00:00+09:00,1505.0,1515.0,1500.0,1515.0,35778,0.0,0.0
2022-11-29 11:00:00+09:00,1505.0,1525.0,1505.0,1525.0,20550,0.0,0.0
2022-11-29 12:00:00+09:00,1525.0,1540.0,1525.0,1535.0,13626,0.0,0.0
2022-11-29 13:00:00+09:00,1535.0,1540.0,1530.0,1540.0,16525,0.0,0.0
2022-11-29 14:00:00+09:00,1540.0,1550.0,1535.0,1550.0,36286,0.0,0.0
2022-11-30 09:00:00+09:00,1550.0,1550.0,1525.0,1550.0,0,0.0,0.0
2022-11-30 10:00:00+09:00,1550.0,1555.0,1535.0,1545.0,50263,0.0,0.0
2022-11-30 11:00:00+09:00,1540.0,1545.0,1535.0,1535.0,7297,0.0,0.0
2022-11-30 12:00:00+09:00,1545.0,1545.0,1530.0,1540.0,9815,0.0,0.0
2022-11-30 13:00:00+09:00,1550.0,1555.0,1540.0,1550.0,20042,0.0,0.0
2022-11-30 14:00:00+09:00,1550.0,1570.0,1545.0,1565.0,31509,0.0,0.0
2022-12-01 09:00:00+09:00,1575.0,1610.0,1570.0,1595.0,0,0.0,0.0
2022-12-01 10:00:00+09:00,1600.0,1620.0,1590.0,1610.0,69278,0.0,0.0
2022-12-01 11:00:00+09:00,1610.0,1620.0,1600.0,1615.0,87754,0.0,0.0
2022-12-01 12:00:00+09:00,1620.0,1620.0,1605.0,1605.0,47798,0.0,0.0
2022-12-01 13:00:00+09:00,1605.0,1620.0,1605.0,1620.0,32557,0.0,0.0
2022-12-01 14:00:00+09:00,1615.0,1620.0,1610.0,1615.0,53698,0.0,0.0
2022-12-02 09:00:00+09:00,1705.0,1705.0,1590.0,1625.0,238416,0.0,0.0
2022-12-02 10:00:00+09:00,1620.0,1680.0,1620.0,1635.0,150631,0.0,0.0
2022-12-02 11:00:00+09:00,1635.0,1635.0,1605.0,1610.0,51890,0.0,0.0
2022-12-02 12:00:00+09:00,1610.0,1615.0,1600.0,1600.0,39186,0.0,0.0
2022-12-02 13:00:00+09:00,1600.0,1600.0,1570.0,1585.0,82020,0.0,0.0
2022-12-02 14:00:00+09:00,1585.0,1600.0,1575.0,1595.0,28342,0.0,0.0
2022-12-05 09:00:00+09:00,1570.0,1590.0,1530.0,1565.0,0,0.0,0.0
2022-12-05 10:00:00+09:00,1570.0,1575.0,1560.0,1570.0,18727,0.0,0.0
2022-12-05 11:00:00+09:00,1570.0,1570.0,1555.0,1560.0,6876,0.0,0.0
2022-12-05 12:00:00+09:00,1560.0,1575.0,1555.0,1575.0,16993,0.0,0.0
2022-12-05 13:00:00+09:00,1575.0,1575.0,1560.0,1570.0,14397,0.0,0.0
2022-12-05 14:00:00+09:00,1565.0,1575.0,1555.0,1570.0,17459,0.0,0.0
2022-12-06 09:00:00+09:00,1630.0,1675.0,1575.0,1600.0,53913,0.0,0.0
2022-12-06 10:00:00+09:00,1600.0,1600.0,1570.0,1570.0,47293,0.0,0.0
2022-12-06 11:00:00+09:00,1575.0,1585.0,1560.0,1560.0,20687,0.0,0.0
2022-12-06 12:00:00+09:00,1560.0,1575.0,1560.0,1575.0,12764,0.0,0.0
2022-12-06 13:00:00+09:00,1575.0,1580.0,1565.0,1575.0,0,0.0,0.0
2022-12-06 14:00:00+09:00,1570.0,1595.0,1570.0,1580.0,381643,0.0,0.0
2022-12-07 09:00:00+09:00,1570.0,1570.0,1495.0,1495.0,69914,0.0,0.0
2022-12-07 10:00:00+09:00,1495.0,1525.0,1475.0,1525.0,96945,0.0,0.0
2022-12-07 11:00:00+09:00,1525.0,1525.0,1500.0,1505.0,17868,0.0,0.0
2022-12-07 12:00:00+09:00,1500.0,1520.0,1500.0,1520.0,7887,0.0,0.0
2022-12-07 13:00:00+09:00,1520.0,1520.0,1510.0,1520.0,5442,0.0,0.0
2022-12-07 14:00:00+09:00,1520.0,1520.0,1505.0,1510.0,26294,0.0,0.0
2022-12-08 09:00:00+09:00,1500.0,1520.0,1495.0,1505.0,0,0.0,0.0
2022-12-08 10:00:00+09:00,1505.0,1510.0,1445.0,1485.0,47156,0.0,0.0
2022-12-08 11:00:00+09:00,1485.0,1490.0,1455.0,1480.0,10584,0.0,0.0
2022-12-08 12:00:00+09:00,1480.0,1490.0,1475.0,1490.0,10943,0.0,0.0
2022-12-08 13:00:00+09:00,1490.0,1490.0,1475.0,1480.0,7042,0.0,0.0
2022-12-08 14:00:00+09:00,1480.0,1485.0,1455.0,1475.0,31730,0.0,0.0
2022-12-09 09:00:00+09:00,1470.0,1505.0,1470.0,1485.0,0,0.0,0.0
2022-12-09 10:00:00+09:00,1485.0,1490.0,1460.0,1480.0,20977,0.0,0.0
2022-12-09 11:00:00+09:00,1480.0,1480.0,1470.0,1480.0,6283,0.0,0.0
2022-12-09 12:00:00+09:00,1480.0,1490.0,1475.0,1490.0,10960,0.0,0.0
2022-12-09 13:00:00+09:00,1490.0,1495.0,1475.0,1490.0,6715,0.0,0.0
2022-12-09 14:00:00+09:00,1490.0,1495.0,1485.0,1490.0,9536,0.0,0.0
2022-12-12 09:00:00+09:00,1485.0,1540.0,1480.0,1520.0,0,0.0,0.0
2022-12-12 10:00:00+09:00,1515.0,1525.0,1500.0,1515.0,40412,0.0,0.0
2022-12-12 11:00:00+09:00,1515.0,1520.0,1510.0,1515.0,13115,0.0,0.0
2022-12-12 12:00:00+09:00,1510.0,1520.0,1505.0,1520.0,7376,0.0,0.0
2022-12-12 13:00:00+09:00,1520.0,1520.0,1510.0,1520.0,13607,0.0,0.0
2022-12-12 14:00:00+09:00,1515.0,1520.0,1510.0,1520.0,0,0.0,0.0
2022-12-13 09:00:00+09:00,1520.0,1545.0,1510.0,1525.0,0,0.0,0.0
2022-12-13 10:00:00+09:00,1525.0,1525.0,1485.0,1520.0,27261,0.0,0.0
2022-12-13 11:00:00+09:00,1520.0,1525.0,1515.0,1525.0,4644,0.0,0.0
2022-12-13 12:00:00+09:00,1525.0,1525.0,1505.0,1515.0,16995,0.0,0.0
2022-12-13 13:00:00+09:00,1515.0,1515.0,1495.0,1505.0,14608,0.0,0.0
2022-12-13 14:00:00+09:00,1500.0,1505.0,1495.0,1505.0,6644,0.0,0.0
2022-12-14 09:00:00+09:00,1500.0,1525.0,1495.0,1520.0,0,0.0,0.0
2022-12-14 10:00:00+09:00,1520.0,1525.0,1495.0,1515.0,25382,0.0,0.0
2022-12-14 11:00:00+09:00,1510.0,1520.0,1500.0,1510.0,6929,0.0,0.0
2022-12-14 12:00:00+09:00,1510.0,1515.0,1505.0,1515.0,9884,0.0,0.0
2022-12-14 13:00:00+09:00,1515.0,1515.0,1510.0,1515.0,2843,0.0,0.0
2022-12-14 14:00:00+09:00,1510.0,1520.0,1510.0,1520.0,10134,0.0,0.0
2022-12-15 09:00:00+09:00,1520.0,1560.0,1520.0,1545.0,0,0.0,0.0
2022-12-15 10:00:00+09:00,1545.0,1545.0,1530.0,1530.0,18684,0.0,0.0
2022-12-15 11:00:00+09:00,1530.0,1535.0,1525.0,1530.0,3714,0.0,0.0
2022-12-15 12:00:00+09:00,1530.0,1540.0,1525.0,1540.0,9687,0.0,0.0
2022-12-15 13:00:00+09:00,1535.0,1550.0,1530.0,1550.0,12892,0.0,0.0
2022-12-15 14:00:00+09:00,1540.0,1550.0,1535.0,1535.0,11180,0.0,0.0
2022-12-16 09:00:00+09:00,1525.0,1525.0,1490.0,1505.0,0,0.0,0.0
2022-12-16 10:00:00+09:00,1505.0,1505.0,1490.0,1505.0,25596,0.0,0.0
2022-12-16 11:00:00+09:00,1505.0,1515.0,1505.0,1515.0,10227,0.0,0.0
2022-12-16 12:00:00+09:00,1510.0,1510.0,1505.0,1510.0,3308,0.0,0.0
2022-12-16 13:00:00+09:00,1510.0,1510.0,1500.0,1505.0,4647,0.0,0.0
2022-12-16 14:00:00+09:00,1505.0,1505.0,1495.0,1495.0,12408,0.0,0.0
2022-12-19 09:00:00+09:00,1495.0,1510.0,1490.0,1500.0,13379,0.0,0.0
2022-12-19 10:00:00+09:00,1500.0,1510.0,1475.0,1490.0,33410,0.0,0.0
2022-12-19 11:00:00+09:00,1490.0,1505.0,1470.0,1505.0,22781,0.0,0.0
2022-12-19 12:00:00+09:00,1505.0,1510.0,1500.0,1510.0,14129,0.0,0.0
2022-12-19 13:00:00+09:00,1495.0,1510.0,1490.0,1510.0,7250,0.0,0.0
2022-12-19 14:00:00+09:00,1510.0,1510.0,1490.0,1510.0,22342,0.0,0.0
2022-12-20 09:00:00+09:00,1595.0,1600.0,1520.0,1555.0,342484,0.0,0.0
2022-12-20 10:00:00+09:00,1545.0,1555.0,1515.0,1525.0,106173,0.0,0.0
2022-12-20 11:00:00+09:00,1520.0,1525.0,1510.0,1520.0,13290,0.0,0.0
2022-12-20 12:00:00+09:00,1515.0,1530.0,1495.0,1510.0,77599,0.0,0.0
2022-12-20 13:00:00+09:00,1510.0,1510.0,1440.0,1485.0,63641,0.0,0.0
2022-12-20 14:00:00+09:00,1480.0,1490.0,1455.0,1480.0,41098,0.0,0.0
2022-12-21 09:00:00+09:00,1465.0,1515.0,1460.0,1480.0,0,0.0,0.0
2022-12-21 10:00:00+09:00,1470.0,1495.0,1465.0,1480.0,58601,0.0,0.0
2022-12-21 11:00:00+09:00,1470.0,1480.0,1455.0,1460.0,28257,0.0,0.0
2022-12-21 12:00:00+09:00,1460.0,1465.0,1455.0,1460.0,11009,0.0,0.0
2022-12-21 13:00:00+09:00,1460.0,1470.0,1450.0,1460.0,28715,0.0,0.0
2022-12-21 14:00:00+09:00,1460.0,1460.0,1420.0,1440.0,36428,0.0,0.0
2022-12-22 09:00:00+09:00,1455.0,1455.0,1400.0,1445.0,0,0.0,0.0
2022-12-22 10:00:00+09:00,1435.0,1435.0,1405.0,1425.0,51176,0.0,0.0
2022-12-22 11:00:00+09:00,1425.0,1425.0,1400.0,1415.0,22389,0.0,0.0
2022-12-22 12:00:00+09:00,1410.0,1425.0,1395.0,1400.0,34744,0.0,0.0
2022-12-22 13:00:00+09:00,1410.0,1410.0,1390.0,1400.0,49758,0.0,0.0
2022-12-22 14:00:00+09:00,1400.0,1410.0,1390.0,1410.0,32896,0.0,0.0
2022-12-23 09:00:00+09:00,1405.0,1405.0,1335.0,1350.0,0,0.0,0.0
2022-12-23 10:00:00+09:00,1355.0,1365.0,1335.0,1360.0,36553,0.0,0.0
2022-12-23 11:00:00+09:00,1360.0,1360.0,1350.0,1355.0,8706,0.0,0.0
2022-12-23 12:00:00+09:00,1355.0,1355.0,1345.0,1355.0,2880,0.0,0.0
2022-12-23 13:00:00+09:00,1350.0,1365.0,1350.0,1355.0,21719,0.0,0.0
2022-12-23 14:00:00+09:00,1360.0,1360.0,1330.0,1340.0,25908,0.0,0.0
2022-12-26 09:00:00+09:00,1335.0,1355.0,1280.0,1330.0,0,0.0,0.0
2022-12-26 10:00:00+09:00,1325.0,1335.0,1315.0,1330.0,9396,0.0,0.0
2022-12-26 11:00:00+09:00,1330.0,1330.0,1320.0,1320.0,18511,0.0,0.0
2022-12-26 12:00:00+09:00,1320.0,1340.0,1320.0,1335.0,11105,0.0,0.0
2022-12-26 13:00:00+09:00,1330.0,1335.0,1315.0,1330.0,22649,0.0,0.0
2022-12-26 14:00:00+09:00,1320.0,1325.0,1310.0,1325.0,19657,0.0,0.0
2022-12-27 09:00:00+09:00,1325.0,1360.0,1325.0,1355.0,0,0.0,0.0
2022-12-27 10:00:00+09:00,1355.0,1355.0,1335.0,1345.0,17027,0.0,0.0
2022-12-27 11:00:00+09:00,1335.0,1345.0,1315.0,1320.0,51855,0.0,0.0
2022-12-27 12:00:00+09:00,1325.0,1340.0,1320.0,1330.0,25221,0.0,0.0
2022-12-27 13:00:00+09:00,1335.0,1335.0,1325.0,1325.0,6745,0.0,0.0
2022-12-27 14:00:00+09:00,1325.0,1340.0,1325.0,1335.0,23139,0.0,0.0
2022-12-28 09:00:00+09:00,1335.0,1345.0,1325.0,1345.0,0,0.0,0.0
2022-12-28 10:00:00+09:00,1345.0,1360.0,1340.0,1355.0,24877,0.0,0.0
2022-12-28 11:00:00+09:00,1350.0,1355.0,1335.0,1335.0,16603,0.0,0.0
2022-12-28 12:00:00+09:00,1350.0,1355.0,1340.0,1345.0,5905,0.0,0.0
2022-12-28 13:00:00+09:00,1350.0,1350.0,1345.0,1350.0,7461,0.0,0.0
2022-12-28 14:00:00+09:00,1350.0,1355.0,1345.0,1350.0,9347,0.0,0.0
2022-12-29 09:00:00+09:00,1345.0,1360.0,1325.0,1325.0,0,0.0,0.0
2022-12-29 10:00:00+09:00,1325.0,1330.0,1290.0,1300.0,48917,0.0,0.0
2022-12-29 11:00:00+09:00,1295.0,1300.0,1255.0,1280.0,56845,0.0,0.0
2022-12-29 12:00:00+09:00,1280.0,1300.0,1270.0,1275.0,25086,0.0,0.0
2022-12-29 13:00:00+09:00,1275.0,1285.0,1270.0,1280.0,16946,0.0,0.0
2022-12-29 14:00:00+09:00,1280.0,1290.0,1270.0,1280.0,24365,0.0,0.0
2023-01-02 10:00:00+09:00,1305.0,1350.0,1280.0,1290.0,30618,0.0,0.0
2023-01-02 11:00:00+09:00,1285.0,1290.0,1260.0,1270.0,23873,0.0,0.0
2023-01-02 12:00:00+09:00,1270.0,1270.0,1255.0,1260.0,15664,0.0,0.0
2023-01-02 13:00:00+09:00,1260.0,1265.0,1250.0,1260.0,17674,0.0,0.0
2023-01-02 14:00:00+09:00,1260.0,1260.0,1240.0,1250.0,57440,0.0,0.0
2023-01-03 09:00:00+09:00,1230.0,1250.0,1215.0,1220.0,0,0.0,0.0
2023-01-03 10:00:00+09:00,1220.0,1220.0,1185.0,1205.0,51773,0.0,0.0
2023-01-03 11:00:00+09:00,1195.0,1220.0,1195.0,1215.0,20606,0.0,0.0
2023-01-03 12:00:00+09:00,1215.0,1235.0,1215.0,1235.0,18519,0.0,0.0
2023-01-03 13:00:00+09:00,1235.0,1250.0,1230.0,1250.0,9041,0.0,0.0
2023-01-03 14:00:00+09:00,1250.0,1250.0,1235.0,1250.0,20491,0.0,0.0
2023-01-04 09:00:00+09:00,1235.0,1280.0,1235.0,1275.0,0,0.0,0.0
2023-01-04 10:00:00+09:00,1275.0,1290.0,1240.0,1290.0,0,0.0,0.0
2023-01-04 11:00:00+09:00,1290.0,1295.0,1280.0,1280.0,134157,0.0,0.0
2023-01-04 12:00:00+09:00,1280.0,1290.0,1275.0,1285.0,11922,0.0,0.0
2023-01-04 13:00:00+09:00,1285.0,1295.0,1280.0,1290.0,14754,0.0,0.0
2023-01-04 14:00:00+09:00,1290.0,1295.0,1285.0,1295.0,11543,0.0,0.0
2023-01-05 09:00:00+09:00,1320.0,1360.0,1300.0,1360.0,0,0.0,0.0
2023-01-05 10:00:00+09:00,1360.0,1360.0,1325.0,1340.0,40318,0.0,0.0
2023-01-05 11:00:00+09:00,1335.0,1335.0,1315.0,1315.0,14370,0.0,0.0
2023-01-05 12:00:00+09:00,1325.0,1330.0,1315.0,1315.0,6089,0.0,0.0
2023-01-05 13:00:00+09:00,1315.0,1325.0,1310.0,1325.0,7550,0.0,0.0
2023-01-05 14:00:00+09:00,1325.0,1325.0,1310.0,1310.0,12073,0.0,0.0
2023-01-06 09:00:00+09:00,1330.0,1335.0,1305.0,1320.0,0,0.0,0.0
2023-01-06 10:00:00+09:00,1320.0,1335.0,1315.0,1330.0,12276,0.0,0.0
2023-01-06 11:00:00+09:00,1335.0,1340.0,1325.0,1340.0,8677,0.0,0.0
2023-01-06 12:00:00+09:00,1335.0,1345.0,1330.0,1345.0,12850,0.0,0.0
2023-01-06 13:00:00+09:00,1340.0,1360.0,1340.0,1350.0,28615,0.0,0.0
2023-01-06 14:00:00+09:00,1345.0,1350.0,1340.0,1345.0,30293,0.0,0.0
2023-01-09 09:00:00+09:00,1365.0,1365.0,1355.0,1365.0,0,0.0,0.0
2023-01-09 10:00:00+09:00,1365.0,1365.0,1350.0,1350.0,17557,0.0,0.0
2023-01-09 11:00:00+09:00,1360.0,1370.0,1360.0,1365.0,7221,0.0,0.0
2023-01-09 12:00:00+09:00,1370.0,1380.0,1365.0,1380.0,7303,0.0,0.0
2023-01-09 13:00:00+09:00,1370.0,1375.0,1350.0,1360.0,47181,0.0,0.0
2023-01-09 14:00:00+09:00,1360.0,1370.0,1355.0,1370.0,8949,0.0,0.0
2023-01-10 09:00:00+09:00,1365.0,1365.0,1345.0,1360.0,0,0.0,0.0
2023-01-10 10:00:00+09:00,1360.0,1385.0,1355.0,1380.0,40860,0.0,0.0
2023-01-10 11:00:00+09:00,1370.0,1380.0,1365.0,1380.0,10918,0.0,0.0
2023-01-10 12:00:00+09:00,1375.0,1380.0,1360.0,1375.0,21284,0.0,0.0
2023-01-10 13:00:00+09:00,1380.0,1380.0,1365.0,1375.0,6420,0.0,0.0
2023-01-10 14:00:00+09:00,1375.0,1385.0,1365.0,1380.0,24347,0.0,0.0
2023-01-11 09:00:00+09:00,1410.0,1410.0,1380.0,1385.0,0,0.0,0.0
2023-01-11 10:00:00+09:00,1385.0,1400.0,1380.0,1390.0,29596,0.0,0.0
2023-01-11 11:00:00+09:00,1390.0,1390.0,1385.0,1390.0,10478,0.0,0.0
2023-01-11 12:00:00+09:00,1390.0,1395.0,1385.0,1390.0,10227,0.0,0.0
2023-01-11 13:00:00+09:00,1390.0,1400.0,1390.0,1400.0,6327,0.0,0.0
2023-01-11 14:00:00+09:00,1400.0,1400.0,1395.0,1395.0,6834,0.0,0.0
2023-01-12 09:00:00+09:00,1400.0,1400.0,1375.0,1390.0,0,0.0,0.0
2023-01-12 10:00:00+09:00,1385.0,1385.0,1375.0,1380.0,30438,0.0,0.0
2023-01-12 11:00:00+09:00,1380.0,1395.0,1380.0,1380.0,16324,0.0,0.0
2023-01-12 12:00:00+09:00,1380.0,1380.0,1365.0,1375.0,15397,0.0,0.0
2023-01-12 13:00:00+09:00,1375.0,1375.0,1365.0,1370.0,11465,0.0,0.0
2023-01-12 14:00:00+09:00,1375.0,1375.0,1370.0,1370.0,9736,0.0,0.0
2023-01-13 09:00:00+09:00,1375.0,1395.0,1375.0,1395.0,0,0.0,0.0
2023-01-13 10:00:00+09:00,1395.0,1395.0,1385.0,1390.0,36259,0.0,0.0
2023-01-13 11:00:00+09:00,1390.0,1395.0,1380.0,1390.0,25697,0.0,0.0
2023-01-13 12:00:00+09:00,1390.0,1395.0,1385.0,1395.0,7818,0.0,0.0
2023-01-13 13:00:00+09:00,1395.0,1400.0,1375.0,1380.0,28861,0.0,0.0
2023-01-13 14:00:00+09:00,1380.0,1390.0,1380.0,1385.0,12313,0.0,0.0
2023-01-16 09:00:00+09:00,1405.0,1420.0,1400.0,1400.0,0,0.0,0.0
2023-01-16 10:00:00+09:00,1400.0,1415.0,1400.0,1405.0,14759,0.0,0.0
2023-01-16 11:00:00+09:00,1405.0,1420.0,1405.0,1410.0,29306,0.0,0.0
2023-01-16 12:00:00+09:00,1410.0,1410.0,1400.0,1400.0,7737,0.0,0.0
2023-01-16 13:00:00+09:00,1400.0,1405.0,1390.0,1405.0,37240,0.0,0.0
2023-01-16 14:00:00+09:00,1400.0,1405.0,1375.0,1390.0,42224,0.0,0.0
2023-01-17 09:00:00+09:00,1390.0,1400.0,1355.0,1365.0,0,0.0,0.0
2023-01-17 10:00:00+09:00,1365.0,1375.0,1360.0,1375.0,12050,0.0,0.0
2023-01-17 11:00:00+09:00,1370.0,1395.0,1370.0,1395.0,14342,0.0,0.0
2023-01-17 12:00:00+09:00,1395.0,1395.0,1375.0,1385.0,12647,0.0,0.0
2023-01-17 13:00:00+09:00,1385.0,1390.0,1380.0,1385.0,5014,0.0,0.0
2023-01-17 14:00:00+09:00,1390.0,1390.0,1375.0,1385.0,22239,0.0,0.0
2023-01-18 09:00:00+09:00,1370.0,1520.0,1370.0,1480.0,800121,0.0,0.0
2023-01-18 10:00:00+09:00,1475.0,1480.0,1425.0,1455.0,147877,0.0,0.0
2023-01-18 11:00:00+09:00,1455.0,1460.0,1425.0,1440.0,58975,0.0,0.0
2023-01-18 12:00:00+09:00,1445.0,1450.0,1420.0,1440.0,22807,0.0,0.0
2023-01-18 13:00:00+09:00,1430.0,1430.0,1410.0,1415.0,97939,0.0,0.0
2023-01-18 14:00:00+09:00,1415.0,1435.0,1415.0,1435.0,28853,0.0,0.0
2023-01-19 09:00:00+09:00,1435.0,1435.0,1365.0,1415.0,0,0.0,0.0
2023-01-19 10:00:00+09:00,1415.0,1420.0,1395.0,1405.0,39083,0.0,0.0
2023-01-19 11:00:00+09:00,1405.0,1425.0,1395.0,1410.0,11023,0.0,0.0
2023-01-19 12:00:00+09:00,1400.0,1410.0,1390.0,1400.0,10393,0.0,0.0
2023-01-19 13:00:00+09:00,1405.0,1410.0,1400.0,1410.0,3470,0.0,0.0
2023-01-19 14:00:00+09:00,1405.0,1415.0,1400.0,1405.0,19766,0.0,0.0
2023-01-20 09:00:00+09:00,1435.0,1435.0,1395.0,1400.0,0,0.0,0.0
2023-01-20 10:00:00+09:00,1400.0,1470.0,1400.0,1470.0,113638,0.0,0.0
2023-01-20 11:00:00+09:00,1465.0,1465.0,1445.0,1450.0,39013,0.0,0.0
2023-01-20 12:00:00+09:00,1450.0,1455.0,1445.0,1445.0,14337,0.0,0.0
2023-01-20 13:00:00+09:00,1450.0,1450.0,1435.0,1435.0,28257,0.0,0.0
2023-01-20 14:00:00+09:00,1435.0,1445.0,1420.0,1425.0,32361,0.0,0.0
2023-01-25 09:00:00+09:00,1459.0,1485.0,1431.0,1467.0,0,0.0,0.0
2023-01-25 10:00:00+09:00,1471.0,1472.0,1451.0,1453.0,19118,0.0,0.0
2023-01-25 11:00:00+09:00,1453.0,1470.0,1453.0,1465.0,9431,0.0,0.0
2023-01-25 12:00:00+09:00,1465.0,1469.0,1464.0,1469.0,9398,0.0,0.0
2023-01-25 13:00:00+09:00,1468.0,1469.0,1465.0,1465.0,9659,0.0,0.0
2023-01-25 14:00:00+09:00,1465.0,1469.0,1464.0,1464.0,30458,0.0,0.0
2023-01-26 09:00:00+09:00,1465.0,1473.0,1440.0,1462.0,0,0.0,0.0
2023-01-26 10:00:00+09:00,1455.0,1468.0,1450.0,1464.0,22140,0.0,0.0
2023-01-26 11:00:00+09:00,1460.0,1468.0,1449.0,1449.0,52143,0.0,0.0
2023-01-26 12:00:00+09:00,1449.0,1462.0,1449.0,1462.0,24705,0.0,0.0
2023-01-26 13:00:00+09:00,1461.0,1461.0,1445.0,1448.0,22468,0.0,0.0
2023-01-26 14:00:00+09:00,1450.0,1450.0,1430.0,1437.0,29257,0.0,0.0
2023-01-27 09:00:00+09:00,1437.0,1459.0,1434.0,1448.0,0,0.0,0.0
2023-01-27 10:00:00+09:00,1456.0,1456.0,1445.0,1447.0,12253,0.0,0.0
2023-01-27 11:00:00+09:00,1445.0,1490.0,1445.0,1470.0,67200,0.0,0.0
2023-01-27 12:00:00+09:00,1472.0,1473.0,1461.0,1461.0,11997,0.0,0.0
2023-01-27 13:00:00+09:00,1463.0,1480.0,1455.0,1471.0,25766,0.0,0.0
2023-01-27 14:00:00+09:00,1474.0,1495.0,1474.0,1480.0,66558,0.0,0.0
2023-01-30 09:00:00+09:00,1477.0,1493.0,1460.0,1471.0,0,0.0,0.0
2023-01-30 10:00:00+09:00,1471.0,1473.0,1459.0,1470.0,30912,0.0,0.0
2023-01-30 11:00:00+09:00,1466.0,1469.0,1461.0,1461.0,14929,0.0,0.0
2023-01-30 12:00:00+09:00,1461.0,1468.0,1456.0,1462.0,38326,0.0,0.0
2023-01-30 13:00:00+09:00,1467.0,1467.0,1461.0,1461.0,4089,0.0,0.0
2023-01-30 14:00:00+09:00,1461.0,1463.0,1458.0,1461.0,31352,0.0,0.0
2023-01-31 09:00:00+09:00,1452.0,1464.0,1446.0,1464.0,28818,0.0,0.0
2023-01-31 10:00:00+09:00,1464.0,1465.0,1458.0,1465.0,10245,0.0,0.0
2023-01-31 11:00:00+09:00,1465.0,1487.0,1456.0,1484.0,34290,0.0,0.0
2023-01-31 12:00:00+09:00,1482.0,1482.0,1469.0,1470.0,17801,0.0,0.0
2023-01-31 13:00:00+09:00,1474.0,1474.0,1462.0,1473.0,15953,0.0,0.0
2023-01-31 14:00:00+09:00,1468.0,1473.0,1457.0,1469.0,22961,0.0,0.0
2023-02-01 09:00:00+09:00,1473.0,1499.0,1473.0,1476.0,0,0.0,0.0
2023-02-01 10:00:00+09:00,1478.0,1485.0,1462.0,1468.0,36502,0.0,0.0
2023-02-01 11:00:00+09:00,1473.0,1473.0,1466.0,1467.0,3925,0.0,0.0
2023-02-01 12:00:00+09:00,1467.0,1473.0,1457.0,1473.0,25337,0.0,0.0
2023-02-01 13:00:00+09:00,1462.0,1472.0,1462.0,1464.0,6945,0.0,0.0
2023-02-01 14:00:00+09:00,1466.0,1471.0,1457.0,1466.0,45366,0.0,0.0
2023-02-02 09:00:00+09:00,1464.0,1495.0,1463.0,1493.0,80315,0.0,0.0
2023-02-02 10:00:00+09:00,1493.0,1495.0,1487.0,1490.0,27645,0.0,0.0
2023-02-02 11:00:00+09:00,1492.0,1492.0,1486.0,1487.0,8555,0.0,0.0
2023-02-02 12:00:00+09:00,1487.0,1489.0,1484.0,1485.0,10466,0.0,0.0
2023-02-02 13:00:00+09:00,1485.0,1511.0,1484.0,1511.0,48227,0.0,0.0
2023-02-02 14:00:00+09:00,1510.0,1511.0,1497.0,1497.0,25928,0.0,0.0
2023-02-03 09:00:00+09:00,1501.0,1511.0,1468.0,1501.0,29101,0.0,0.0
2023-02-03 10:00:00+09:00,1500.0,1508.0,1490.0,1507.0,10295,0.0,0.0
2023-02-03 11:00:00+09:00,1507.0,1516.0,1494.0,1512.0,46855,0.0,0.0
2023-02-03 12:00:00+09:00,1505.0,1513.0,1504.0,1505.0,24976,0.0,0.0
2023-02-03 13:00:00+09:00,1508.0,1525.0,1508.0,1520.0,38133,0.0,0.0
2023-02-03 14:00:00+09:00,1522.0,1547.0,1520.0,1543.0,111588,0.0,0.0
2023-02-06 09:00:00+09:00,1547.0,1547.0,1495.0,1499.0,0,0.0,0.0
2023-02-06 10:00:00+09:00,1498.0,1500.0,1482.0,1498.0,85186,0.0,0.0
2023-02-06 11:00:00+09:00,1498.0,1507.0,1491.0,1498.0,40723,0.0,0.0
2023-02-06 12:00:00+09:00,1495.0,1506.0,1495.0,1505.0,12597,0.0,0.0
2023-02-06 13:00:00+09:00,1505.0,1508.0,1501.0,1508.0,35105,0.0,0.0
2023-02-06 14:00:00+09:00,1507.0,1538.0,1504.0,1515.0,46138,0.0,0.0
2023-02-07 09:00:00+09:00,1515.0,1658.0,1512.0,1608.0,678435,0.0,0.0
2023-02-07 10:00:00+09:00,1608.0,1618.0,1594.0,1610.0,111309,0.0,0.0
2023-02-07 11:00:00+09:00,1612.0,1631.0,1607.0,1631.0,123062,0.0,0.0
2023-02-07 12:00:00+09:00,1631.0,1650.0,1622.0,1629.0,261388,0.0,0.0
2023-02-07 13:00:00+09:00,1627.0,1636.0,1586.0,1594.0,163888,0.0,0.0
2023-02-07 14:00:00+09:00,1591.0,1612.0,1585.0,1606.0,60790,0.0,0.0
2023-02-08 09:00:00+09:00,1627.0,1627.0,1585.0,1603.0,109631,0.0,0.0
2023-02-08 10:00:00+09:00,1601.0,1609.0,1588.0,1606.0,53818,0.0,0.0
2023-02-08 11:00:00+09:00,1605.0,1617.0,1599.0,1607.0,37159,0.0,0.0
2023-02-08 12:00:00+09:00,1610.0,1720.0,1603.0,1666.0,860895,0.0,0.0
2023-02-08 13:00:00+09:00,1665.0,1669.0,1635.0,1660.0,476480,0.0,0.0
2023-02-08 14:00:00+09:00,1660.0,1688.0,1660.0,1670.0,246993,0.0,0.0
2023-02-09 09:00:00+09:00,1680.0,1719.0,1644.0,1694.0,373170,0.0,0.0
2023-02-09 10:00:00+09:00,1694.0,1737.0,1676.0,1677.0,206709,0.0,0.0
2023-02-09 11:00:00+09:00,1685.0,1693.0,1662.0,1684.0,0,0.0,0.0
2023-02-09 12:00:00+09:00,1683.0,1684.0,1645.0,1662.0,738208,0.0,0.0
2023-02-09 13:00:00+09:00,1662.0,1673.0,1662.0,1669.0,45970,0.0,0.0
2023-02-09 14:00:00+09:00,1669.0,1670.0,1650.0,1651.0,67400,0.0,0.0
2023-02-10 09:00:00+09:00,1654.0,1654.0,1550.0,1605.0,174384,0.0,0.0
2023-02-10 10:00:00+09:00,1603.0,1621.0,1590.0,1615.0,38740,0.0,0.0
2023-02-10 11:00:00+09:00,1611.0,1640.0,1608.0,1623.0,56312,0.0,0.0
2023-02-10 12:00:00+09:00,1625.0,1635.0,1607.0,1623.0,14851,0.0,0.0
2023-02-10 13:00:00+09:00,1616.0,1623.0,1609.0,1610.0,21529,0.0,0.0
2023-02-10 14:00:00+09:00,1615.0,1617.0,1597.0,1598.0,58726,0.0,0.0
2023-02-13 09:00:00+09:00,1605.0,1605.0,1540.0,1577.0,0,0.0,0.0
2023-02-13 10:00:00+09:00,1577.0,1577.0,1551.0,1573.0,68906,0.0,0.0
2023-02-13 11:00:00+09:00,1573.0,1594.0,1562.0,1562.0,25103,0.0,0.0
2023-02-13 12:00:00+09:00,1563.0,1583.0,1562.0,1577.0,42729,0.0,0.0
2023-02-13 13:00:00+09:00,1577.0,1750.0,1571.0,1657.0,906176,0.0,0.0
2023-02-13 14:00:00+09:00,1658.0,1952.0,1657.0,1763.0,10518841,0.0,0.0
2023-02-14 09:00:00+09:00,1695.0,1720.0,1651.0,1699.0,570818,0.0,0.0
2023-02-14 10:00:00+09:00,1699.0,1716.0,1658.0,1681.0,316059,0.0,0.0
2023-02-14 11:00:00+09:00,1673.0,1673.0,1640.0,1641.0,205014,0.0,0.0
2023-02-14 12:00:00+09:00,1641.0,1650.0,1625.0,1640.0,134985,0.0,0.0
2023-02-14 13:00:00+09:00,1638.0,1645.0,1629.0,1635.0,93185,0.0,0.0
2023-02-14 14:00:00+09:00,1639.0,1668.0,1639.0,1665.0,105447,0.0,0.0
2023-02-15 09:00:00+09:00,1653.0,1680.0,1626.0,1627.0,0,0.0,0.0
2023-02-15 10:00:00+09:00,1626.0,1719.0,1617.0,1662.0,373282,0.0,0.0
2023-02-15 11:00:00+09:00,1662.0,1662.0,1620.0,1633.0,108300,0.0,0.0
2023-02-15 12:00:00+09:00,1627.0,1629.0,1609.0,1611.0,104644,0.0,0.0
2023-02-15 13:00:00+09:00,1611.0,1617.0,1584.0,1587.0,98556,0.0,0.0
2023-02-15 14:00:00+09:00,1587.0,1602.0,1570.0,1573.0,148205,0.0,0.0
2023-02-16 09:00:00+09:00,1561.0,1578.0,1560.0,1577.0,0,0.0,0.0
2023-02-16 10:00:00+09:00,1576.0,1579.0,1564.0,1571.0,72771,0.0,0.0
2023-02-16 11:00:00+09:00,1571.0,1572.0,1562.0,1568.0,29114,0.0,0.0
2023-02-16 12:00:00+09:00,1569.0,1571.0,1558.0,1560.0,45972,0.0,0.0
2023-02-16 13:00:00+09:00,1560.0,1563.0,1555.0,1562.0,32151,0.0,0.0
2023-02-16 14:00:00+09:00,1562.0,1562.0,1545.0,1545.0,69204,0.0,0.0
2023-02-17 09:00:00+09:00,1524.0,1562.0,1508.0,1545.0,0,0.0,0.0
2023-02-17 10:00:00+09:00,1545.0,1627.0,1530.0,1620.0,358549,0.0,0.0
2023-02-17 11:00:00+09:00,1622.0,1629.0,1580.0,1583.0,183207,0.0,0.0
2023-02-17 12:00:00+09:00,1583.0,1585.0,1563.0,1563.0,51196,0.0,0.0
2023-02-17 13:00:00+09:00,1562.0,1562.0,1538.0,1543.0,51999,0.0,0.0
2023-02-17 14:00:00+09:00,1543.0,1549.0,1537.0,1543.0,37606,0.0,0.0
2023-02-20 09:00:00+09:00,1515.0,1550.0,1498.0,1538.0,0,0.0,0.0
2023-02-20 10:00:00+09:00,1538.0,1548.0,1522.0,1536.0,35939,0.0,0.0
2023-02-20 11:00:00+09:00,1536.0,1538.0,1527.0,1536.0,14203,0.0,0.0
2023-02-20 12:00:00+09:00,1535.0,1543.0,1534.0,1542.0,17085,0.0,0.0
2023-02-20 13:00:00+09:00,1542.0,1600.0,1533.0,1546.0,158816,0.0,0.0
2023-02-20 14:00:00+09:00,1546.0,1616.0,1535.0,1602.0,149653,0.0,0.0
2023-02-21 09:00:00+09:00,1598.0,1598.0,1567.0,1571.0,53718,0.0,0.0
2023-02-21 10:00:00+09:00,1573.0,1577.0,1570.0,1577.0,15730,0.0,0.0
2023-02-21 11:00:00+09:00,1574.0,1574.0,1563.0,1566.0,33083,0.0,0.0
2023-02-21 12:00:00+09:00,1566.0,1570.0,1550.0,1565.0,30533,0.0,0.0
2023-02-21 13:00:00+09:00,1563.0,1568.0,1558.0,1558.0,8980,0.0,0.0
2023-02-21 14:00:00+09:00,1563.0,1563.0,1550.0,1559.0,66699,0.0,0.0
2023-02-22 09:00:00+09:00,1545.0,1699.0,1545.0,1699.0,498580,0.0,0.0
2023-02-22 10:00:00+09:00,1733.0,1790.0,1610.0,1702.0,3242931,0.0,0.0
2023-02-22 11:00:00+09:00,1700.0,1720.0,1663.0,1699.0,646012,0.0,0.0
2023-02-22 12:00:00+09:00,1700.0,1712.0,1685.0,1699.0,200309,0.0,0.0
2023-02-22 13:00:00+09:00,1699.0,1700.0,1661.0,1691.0,227380,0.0,0.0
2023-02-22 14:00:00+09:00,1691.0,1746.0,1680.0,1708.0,1225354,0.0,0.0
2023-02-23 09:00:00+09:00,1706.0,1876.0,1704.0,1799.0,2315924,0.0,0.0
2023-02-23 10:00:00+09:00,1799.0,1815.0,1759.0,1792.0,359643,0.0,0.0
2023-02-23 11:00:00+09:00,1791.0,1838.0,1781.0,1838.0,347646,0.0,0.0
2023-02-23 12:00:00+09:00,1838.0,1964.0,1834.0,1917.0,2980978,0.0,0.0
2023-02-23 13:00:00+09:00,1916.0,1928.0,1869.0,1898.0,1005437,0.0,0.0
2023-02-23 14:00:00+09:00,1897.0,1925.0,1887.0,1924.0,487149,0.0,0.0
2023-02-24 09:00:00+09:00,1954.0,2270.0,1954.0,2195.0,7850635,0.0,0.0
2023-02-24 10:00:00+09:00,2190.0,2205.0,2065.0,2120.0,2404420,0.0,0.0
2023-02-24 11:00:00+09:00,2120.0,2170.0,2090.0,2110.0,889429,0.0,0.0
2023-02-24 12:00:00+09:00,2110.0,2150.0,2105.0,2130.0,310358,0.0,0.0
2023-02-24 13:00:00+09:00,2130.0,2140.0,1996.0,2040.0,1013490,0.0,0.0
2023-02-24 14:00:00+09:00,2040.0,2110.0,2030.0,2060.0,483583,0.0,0.0
2023-02-27 09:00:00+09:00,2040.0,2115.0,1980.0,2020.0,0,0.0,0.0
2023-02-27 10:00:00+09:00,2020.0,2080.0,2000.0,2020.0,411043,0.0,0.0
2023-02-27 11:00:00+09:00,2020.0,2020.0,1969.0,1971.0,433041,0.0,0.0
2023-02-27 12:00:00+09:00,1970.0,1990.0,1969.0,1981.0,149166,0.0,0.0
2023-02-27 13:00:00+09:00,1981.0,1995.0,1971.0,1975.0,124839,0.0,0.0
2023-02-27 14:00:00+09:00,1975.0,2010.0,1971.0,2000.0,289322,0.0,0.0
2023-02-28 09:00:00+09:00,1986.0,1992.0,1826.0,1916.0,958809,0.0,0.0
2023-02-28 10:00:00+09:00,1916.0,1928.0,1890.0,1890.0,237184,0.0,0.0
2023-02-28 11:00:00+09:00,1890.0,1926.0,1890.0,1910.0,114538,0.0,0.0
2023-02-28 12:00:00+09:00,1913.0,1933.0,1903.0,1931.0,92867,0.0,0.0
2023-02-28 13:00:00+09:00,1931.0,1940.0,1915.0,1932.0,106805,0.0,0.0
2023-02-28 14:00:00+09:00,1932.0,1949.0,1921.0,1949.0,165968,0.0,0.0
2023-03-02 09:00:00+09:00,2020.0,2020.0,1879.0,1900.0,0,0.0,0.0
2023-03-02 10:00:00+09:00,1898.0,1898.0,1838.0,1851.0,435278,0.0,0.0
2023-03-02 11:00:00+09:00,1853.0,1864.0,1819.0,1838.0,229062,0.0,0.0
2023-03-02 12:00:00+09:00,1838.0,1841.0,1828.0,1840.0,57607,0.0,0.0
2023-03-02 13:00:00+09:00,1840.0,1850.0,1835.0,1837.0,80008,0.0,0.0
2023-03-02 14:00:00+09:00,1839.0,1899.0,1820.0,1870.0,327580,0.0,0.0
2023-03-03 09:00:00+09:00,1882.0,1926.0,1869.0,1916.0,295865,0.0,0.0
2023-03-03 10:00:00+09:00,1923.0,1923.0,1877.0,1887.0,112576,0.0,0.0
2023-03-03 11:00:00+09:00,1887.0,2035.0,1887.0,2005.0,840420,0.0,0.0
2023-03-03 12:00:00+09:00,2005.0,2440.0,1998.0,2440.0,10249861,0.0,0.0
2023-03-03 13:00:00+09:00,2440.0,2440.0,2440.0,2440.0,350370,0.0,0.0
2023-03-03 14:00:00+09:00,2440.0,2440.0,2440.0,2440.0,100140,0.0,0.0
2023-03-06 09:00:00+09:00,2655.0,2880.0,2525.0,2625.0,4392332,0.0,0.0
2023-03-06 10:00:00+09:00,2625.0,2815.0,2625.0,2705.0,4045798,0.0,0.0
2023-03-06 11:00:00+09:00,2710.0,2960.0,2680.0,2820.0,7263516,0.0,0.0
2023-03-06 12:00:00+09:00,2820.0,3040.0,2790.0,2990.0,6480756,0.0,0.0
2023-03-06 13:00:00+09:00,2990.0,3030.0,2830.0,2970.0,3556878,0.0,0.0
2023-03-06 14:00:00+09:00,2975.0,2995.0,2810.0,2855.0,2955532,0.0,0.0
2023-03-07 09:00:00+09:00,3225.0,3730.0,3225.0,3730.0,2711628,0.0,0.0
2023-03-07 10:00:00+09:00,3735.0,3735.0,3735.0,3735.0,850250,0.0,0.0
2023-03-07 11:00:00+09:00,3735.0,3735.0,3735.0,3735.0,8217,0.0,0.0
2023-03-07 12:00:00+09:00,3735.0,3735.0,3735.0,3735.0,67429,0.0,0.0
2023-03-07 13:00:00+09:00,3735.0,3735.0,3735.0,3735.0,0,0.0,0.0
2023-03-07 14:00:00+09:00,3735.0,3735.0,3735.0,3735.0,61966,0.0,0.0
2023-03-08 09:00:00+09:00,3340.0,3495.0,3340.0,3495.0,0,0.0,0.0
2023-03-08 10:00:00+09:00,3100.0,3305.0,3100.0,3305.0,72943,0.0,0.0
2023-03-08 11:00:00+09:00,3295.0,3295.0,3150.0,3150.0,1416834,0.0,0.0
2023-03-08 12:00:00+09:00,3150.0,3150.0,3050.0,3050.0,774734,0.0,0.0
2023-03-08 13:00:00+09:00,3050.0,3095.0,3050.0,3095.0,257113,0.0,0.0
2023-03-08 14:00:00+09:00,3100.0,3100.0,3070.0,3070.0,291236,0.0,0.0
2023-03-09 09:00:00+09:00,3085.0,3085.0,2910.0,2910.0,900748,0.0,0.0
2023-03-09 10:00:00+09:00,2790.0,2850.0,2790.0,2850.0,736580,0.0,0.0
2023-03-09 11:00:00+09:00,2785.0,2785.0,2785.0,2785.0,642932,0.0,0.0
2023-03-09 12:00:00+09:00,2850.0,2875.0,2850.0,2875.0,135418,0.0,0.0
2023-03-09 13:00:00+09:00,2890.0,2910.0,2890.0,2910.0,410415,0.0,0.0
2023-03-09 14:00:00+09:00,2885.0,2885.0,2850.0,2850.0,202492,0.0,0.0
2023-03-10 09:00:00+09:00,2700.0,3030.0,2670.0,2935.0,9590977,0.0,0.0
2023-03-10 10:00:00+09:00,2935.0,2945.0,2770.0,2850.0,2642579,0.0,0.0
2023-03-10 11:00:00+09:00,2840.0,2895.0,2825.0,2870.0,654787,0.0,0.0
2023-03-10 12:00:00+09:00,2870.0,3195.0,2835.0,3110.0,8102203,0.0,0.0
2023-03-10 13:00:00+09:00,3100.0,3110.0,2965.0,2995.0,3615309,0.0,0.0
2023-03-10 14:00:00+09:00,2995.0,3380.0,2935.0,3170.0,7345168,0.0,0.0
2023-03-13 09:00:00+09:00,3040.0,3090.0,2860.0,2920.0,0,0.0,0.0
2023-03-13 10:00:00+09:00,2925.0,2935.0,2735.0,2895.0,2367070,0.0,0.0
2023-03-13 11:00:00+09:00,2905.0,3250.0,2855.0,2990.0,4902510,0.0,0.0
2023-03-13 12:00:00+09:00,2995.0,3035.0,2920.0,2980.0,1475639,0.0,0.0
2023-03-13 13:00:00+09:00,2980.0,3100.0,2940.0,2980.0,1151171,0.0,0.0
2023-03-13 14:00:00+09:00,2980.0,3020.0,2950.0,2955.0,725117,0.0,0.0
2023-03-14 09:00:00+09:00,2875.0,3115.0,2800.0,2910.0,4286092,0.0,0.0
2023-03-14 10:00:00+09:00,2905.0,2980.0,2855.0,2900.0,1297733,0.0,0.0
2023-03-14 11:00:00+09:00,2905.0,2940.0,2885.0,2890.0,410299,0.0,0.0
2023-03-14 12:00:00+09:00,2885.0,2890.0,2755.0,2775.0,979861,0.0,0.0
2023-03-14 13:00:00+09:00,2775.0,2830.0,2630.0,2665.0,1346619,0.0,0.0
2023-03-14 14:00:00+09:00,2665.0,2730.0,2630.0,2660.0,578499,0.0,0.0
2023-03-15 09:00:00+09:00,2810.0,2850.0,2705.0,2760.0,1854545,0.0,0.0
2023-03-15 10:00:00+09:00,2750.0,2860.0,2750.0,2785.0,1371957,0.0,0.0
2023-03-15 11:00:00+09:00,2785.0,2880.0,2780.0,2830.0,890068,0.0,0.0
2023-03-15 12:00:00+09:00,2830.0,2935.0,2815.0,2830.0,1577600,0.0,0.0
2023-03-15 13:00:00+09:00,2830.0,2890.0,2830.0,2865.0,640026,0.0,0.0
2023-03-15 14:00:00+09:00,2865.0,2915.0,2805.0,2835.0,886035,0.0,0.0
2023-03-16 09:00:00+09:00,2850.0,2965.0,2740.0,2935.0,0,0.0,0.0
2023-03-16 10:00:00+09:00,2930.0,3035.0,2880.0,2965.0,2859087,0.0,0.0
2023-03-16 11:00:00+09:00,2955.0,2995.0,2910.0,2915.0,917074,0.0,0.0
2023-03-16 12:00:00+09:00,2915.0,2955.0,2860.0,2865.0,510244,0.0,0.0
2023-03-16 13:00:00+09:00,2865.0,2885.0,2750.0,2790.0,899933,0.0,0.0
2023-03-16 14:00:00+09:00,2790.0,2855.0,2755.0,2830.0,502821,0.0,0.0
2023-03-17 09:00:00+09:00,2925.0,3450.0,2875.0,3290.0,14820579,0.0,0.0
2023-03-17 10:00:00+09:00,3280.0,3445.0,3255.0,3355.0,6327389,0.0,0.0
2023-03-17 11:00:00+09:00,3355.0,3560.0,3310.0,3515.0,6119927,0.0,0.0
2023-03-17 12:00:00+09:00,3515.0,3640.0,3500.0,3550.0,5404444,0.0,0.0
2023-03-17 13:00:00+09:00,3550.0,3630.0,3545.0,3595.0,2099438,0.0,0.0
2023-03-17 14:00:00+09:00,3590.0,3630.0,3455.0,3535.0,2758986,0.0,0.0
2023-03-20 09:00:00+09:00,3830.0,3900.0,3430.0,3540.0,0,0.0,0.0
2023-03-20 10:00:00+09:00,3540.0,3650.0,3460.0,3535.0,2086653,0.0,0.0
2023-03-20 11:00:00+09:00,3535.0,3580.0,3250.0,3295.0,3937968,0.0,0.0
2023-03-20 12:00:00+09:00,3295.0,3300.0,3130.0,3200.0,2815656,0.0,0.0
2023-03-20 13:00:00+09:00,3200.0,3215.0,3110.0,3170.0,2128716,0.0,0.0
2023-03-20 14:00:00+09:00,3175.0,3210.0,3115.0,3120.0,1025007,0.0,0.0
2023-03-21 09:00:00+09:00,3170.0,3430.0,3085.0,3360.0,9879475,0.0,0.0
2023-03-21 10:00:00+09:00,3360.0,3405.0,3205.0,3260.0,3684979,0.0,0.0
2023-03-21 11:00:00+09:00,3255.0,3325.0,3215.0,3280.0,1521753,0.0,0.0
2023-03-21 12:00:00+09:00,3280.0,3340.0,3230.0,3235.0,1575578,0.0,0.0
2023-03-21 13:00:00+09:00,3235.0,3240.0,3015.0,3025.0,2231205,0.0,0.0
2023-03-21 14:00:00+09:00,3025.0,3055.0,2925.0,2930.0,2167310,0.0,0.0
2023-03-22 09:00:00+09:00,3080.0,3130.0,2935.0,2965.0,4249516,0.0,0.0
2023-03-22 10:00:00+09:00,2960.0,3100.0,2940.0,3030.0,2165844,0.0,0.0
2023-03-22 11:00:00+09:00,3025.0,3035.0,2970.0,3025.0,517010,0.0,0.0
2023-03-22 12:00:00+09:00,3020.0,3085.0,3000.0,3010.0,1132502,0.0,0.0
2023-03-22 13:00:00+09:00,3005.0,3025.0,2990.0,3000.0,359216,0.0,0.0
2023-03-22 14:00:00+09:00,3005.0,3045.0,2985.0,3015.0,488339,0.0,0.0
2023-03-23 09:00:00+09:00,2915.0,2975.0,2880.0,2905.0,1765916,0.0,0.0
2023-03-23 10:00:00+09:00,2905.0,3025.0,2900.0,2960.0,1342146,0.0,0.0
2023-03-23 11:00:00+09:00,2960.0,2960.0,2925.0,2950.0,333998,0.0,0.0
2023-03-23 12:00:00+09:00,2950.0,2955.0,2910.0,2925.0,419034,0.0,0.0
2023-03-23 13:00:00+09:00,2925.0,3010.0,2920.0,2950.0,981730,0.0,0.0
2023-03-23 14:00:00+09:00,2955.0,3010.0,2950.0,2950.0,699783,0.0,0.0
2023-03-24 09:00:00+09:00,2955.0,3100.0,2940.0,3055.0,2728685,0.0,0.0
2023-03-24 10:00:00+09:00,3050.0,3100.0,3015.0,3035.0,1896257,0.0,0.0
2023-03-24 11:00:00+09:00,3035.0,3290.0,3030.0,3095.0,5732068,0.0,0.0
2023-03-24 12:00:00+09:00,3095.0,3160.0,3085.0,3095.0,1248159,0.0,0.0
2023-03-24 13:00:00+09:00,3095.0,3120.0,3030.0,3055.0,1003426,0.0,0.0
2023-03-24 14:00:00+09:00,3055.0,3090.0,3025.0,3035.0,591326,0.0,0.0
2023-03-27 09:00:00+09:00,3090.0,3095.0,2930.0,3000.0,0,0.0,0.0
2023-03-27 10:00:00+09:00,2990.0,3020.0,2945.0,2945.0,630604,0.0,0.0
2023-03-27 11:00:00+09:00,2945.0,2990.0,2940.0,2990.0,367318,0.0,0.0
2023-03-27 12:00:00+09:00,2985.0,3065.0,2965.0,3030.0,844377,0.0,0.0
2023-03-27 13:00:00+09:00,3025.0,3090.0,3000.0,3015.0,871618,0.0,0.0
2023-03-27 14:00:00+09:00,3015.0,3045.0,3005.0,3020.0,357180,0.0,0.0
2023-03-28 09:00:00+09:00,3010.0,3115.0,2960.0,2985.0,1990632,0.0,0.0
2023-03-28 10:00:00+09:00,2985.0,2995.0,2900.0,2910.0,1001841,0.0,0.0
2023-03-28 11:00:00+09:00,2910.0,2990.0,2910.0,2955.0,461305,0.0,0.0
2023-03-28 12:00:00+09:00,2955.0,2960.0,2920.0,2925.0,195048,0.0,0.0
2023-03-28 13:00:00+09:00,2925.0,2965.0,2920.0,2965.0,181428,0.0,0.0
2023-03-28 14:00:00+09:00,2960.0,2980.0,2945.0,2955.0,208766,0.0,0.0
2023-03-29 09:00:00+09:00,2960.0,2965.0,2675.0,2755.0,2189619,0.0,0.0
2023-03-29 10:00:00+09:00,2755.0,2770.0,2665.0,2705.0,935616,0.0,0.0
2023-03-29 11:00:00+09:00,2710.0,2735.0,2675.0,2685.0,536300,0.0,0.0
2023-03-29 12:00:00+09:00,2690.0,2715.0,2610.0,2675.0,988765,0.0,0.0
2023-03-29 13:00:00+09:00,2675.0,2695.0,2650.0,2685.0,474054,0.0,0.0
2023-03-29 14:00:00+09:00,2685.0,2690.0,2655.0,2680.0,375550,0.0,0.0
2023-03-30 09:00:00+09:00,2705.0,2710.0,2570.0,2685.0,1420387,0.0,0.0
2023-03-30 10:00:00+09:00,2685.0,2750.0,2570.0,2580.0,1203717,0.0,0.0
2023-03-30 11:00:00+09:00,2580.0,2610.0,2550.0,2585.0,444404,0.0,0.0
2023-03-30 12:00:00+09:00,2585.0,2610.0,2570.0,2595.0,191490,0.0,0.0
2023-03-30 13:00:00+09:00,2585.0,2640.0,2575.0,2615.0,321850,0.0,0.0
2023-03-30 14:00:00+09:00,2610.0,2615.0,2585.0,2590.0,237168,0.0,0.0
2023-03-31 09:00:00+09:00,2590.0,2590.0,2500.0,2510.0,1031562,0.0,0.0
2023-03-31 10:00:00+09:00,2515.0,2565.0,2505.0,2540.0,418254,0.0,0.0
2023-03-31 11:00:00+09:00,2545.0,2570.0,2540.0,2545.0,339579,0.0,0.0
2023-03-31 12:00:00+09:00,2545.0,2550.0,2525.0,2540.0,207307,0.0,0.0
2023-03-31 13:00:00+09:00,2535.0,2545.0,2505.0,2515.0,165505,0.0,0.0
2023-03-31 14:00:00+09:00,2510.0,2535.0,2490.0,2535.0,343685,0.0,0.0
2023-04-03 09:00:00+09:00,2545.0,2560.0,2460.0,2480.0,0,0.0,0.0
2023-04-03 10:00:00+09:00,2480.0,2525.0,2475.0,2515.0,297160,0.0,0.0
2023-04-03 11:00:00+09:00,2515.0,2535.0,2500.0,2515.0,145669,0.0,0.0
2023-04-03 12:00:00+09:00,2510.0,2550.0,2510.0,2520.0,232540,0.0,0.0
2023-04-03 13:00:00+09:00,2515.0,2535.0,2510.0,2520.0,146535,0.0,0.0
2023-04-03 14:00:00+09:00,2520.0,2560.0,2520.0,2550.0,284345,0.0,0.0
2023-04-04 09:00:00+09:00,2570.0,2620.0,2465.0,2465.0,1124306,0.0,0.0
2023-04-04 10:00:00+09:00,2470.0,2500.0,2460.0,2480.0,327206,0.0,0.0
2023-04-04 11:00:00+09:00,2475.0,2500.0,2475.0,2480.0,182547,0.0,0.0
2023-04-04 12:00:00+09:00,2480.0,2485.0,2445.0,2455.0,338451,0.0,0.0
2023-04-04 13:00:00+09:00,2455.0,2480.0,2440.0,2440.0,247019,0.0,0.0
2023-04-04 14:00:00+09:00,2440.0,2445.0,2365.0,2380.0,804252,0.0,0.0
2023-04-05 09:00:00+09:00,2390.0,2435.0,2365.0,2420.0,433994,0.0,0.0
2023-04-05 10:00:00+09:00,2415.0,2435.0,2390.0,2405.0,196995,0.0,0.0
2023-04-05 11:00:00+09:00,2405.0,2425.0,2395.0,2415.0,96367,0.0,0.0
2023-04-05 12:00:00+09:00,2420.0,2425.0,2400.0,2415.0,94810,0.0,0.0
2023-04-05 13:00:00+09:00,2415.0,2415.0,2380.0,2400.0,186833,0.0,0.0
2023-04-05 14:00:00+09:00,2400.0,2415.0,2365.0,2385.0,282889,0.0,0.0
2023-04-06 09:00:00+09:00,2360.0,2380.0,2325.0,2350.0,447440,0.0,0.0
2023-04-06 10:00:00+09:00,2355.0,2435.0,2345.0,2370.0,468911,0.0,0.0
2023-04-06 11:00:00+09:00,2370.0,2415.0,2370.0,2380.0,214912,0.0,0.0
2023-04-06 12:00:00+09:00,2375.0,2385.0,2325.0,2330.0,202683,0.0,0.0
2023-04-06 13:00:00+09:00,2330.0,2350.0,2320.0,2330.0,204431,0.0,0.0
2023-04-06 14:00:00+09:00,2330.0,2345.0,2310.0,2345.0,249675,0.0,0.0
2023-04-07 09:00:00+09:00,2355.0,2370.0,2315.0,2330.0,253421,0.0,0.0
2023-04-07 10:00:00+09:00,2330.0,2385.0,2315.0,2330.0,232424,0.0,0.0
2023-04-07 11:00:00+09:00,2330.0,2330.0,2300.0,2305.0,227462,0.0,0.0
2023-04-07 12:00:00+09:00,2305.0,2310.0,2280.0,2300.0,256802,0.0,0.0
2023-04-07 13:00:00+09:00,2300.0,2305.0,2275.0,2290.0,168242,0.0,0.0
2023-04-07 14:00:00+09:00,2290.0,2335.0,2290.0,2325.0,160371,0.0,0.0
2023-04-10 09:00:00+09:00,2420.0,2555.0,2370.0,2485.0,2556510,0.0,0.0
2023-04-10 10:00:00+09:00,2490.0,2575.0,2465.0,2535.0,1601135,0.0,0.0
2023-04-10 11:00:00+09:00,2530.0,2545.0,2460.0,2465.0,842262,0.0,0.0
2023-04-10 12:00:00+09:00,2465.0,2470.0,2415.0,2460.0,354448,0.0,0.0
2023-04-10 13:00:00+09:00,2465.0,2515.0,2440.0,2475.0,411220,0.0,0.0
2023-04-10 14:00:00+09:00,2485.0,2550.0,2450.0,2490.0,848937,0.0,0.0
2023-04-11 09:00:00+09:00,2490.0,2530.0,2290.0,2335.0,1096045,0.0,0.0
2023-04-11 10:00:00+09:00,2345.0,2355.0,2280.0,2295.0,369875,0.0,0.0
2023-04-11 11:00:00+09:00,2295.0,2355.0,2285.0,2315.0,197917,0.0,0.0
2023-04-11 12:00:00+09:00,2315.0,2340.0,2305.0,2320.0,149880,0.0,0.0
2023-04-11 13:00:00+09:00,2325.0,2340.0,2310.0,2340.0,93682,0.0,0.0
2023-04-11 14:00:00+09:00,2335.0,2345.0,2330.0,2335.0,113621,0.0,0.0
2023-04-12 09:00:00+09:00,2370.0,2495.0,2335.0,2455.0,970992,0.0,0.0
2023-04-12 10:00:00+09:00,2455.0,2715.0,2435.0,2660.0,3299866,0.0,0.0
2023-04-12 11:00:00+09:00,2655.0,2695.0,2500.0,2615.0,2679513,0.0,0.0
2023-04-12 12:00:00+09:00,2620.0,2660.0,2555.0,2620.0,1818755,0.0,0.0
2023-04-12 13:00:00+09:00,2620.0,2645.0,2580.0,2615.0,766994,0.0,0.0
2023-04-12 14:00:00+09:00,2605.0,2620.0,2535.0,2540.0,1336177,0.0,0.0
2023-04-13 09:00:00+09:00,2560.0,2610.0,2400.0,2425.0,1340339,0.0,0.0
2023-04-13 10:00:00+09:00,2430.0,2480.0,2410.0,2470.0,376809,0.0,0.0
2023-04-13 11:00:00+09:00,2465.0,2480.0,2435.0,2470.0,134423,0.0,0.0
2023-04-13 12:00:00+09:00,2470.0,2640.0,2460.0,2625.0,950866,0.0,0.0
2023-04-13 13:00:00+09:00,2630.0,2635.0,2520.0,2580.0,821006,0.0,0.0
2023-04-13 14:00:00+09:00,2580.0,2585.0,2545.0,2555.0,195347,0.0,0.0
2023-04-14 09:00:00+09:00,2575.0,2635.0,2460.0,2495.0,0,0.0,0.0
2023-04-14 10:00:00+09:00,2500.0,2510.0,2475.0,2495.0,214126,0.0,0.0
2023-04-14 11:00:00+09:00,2495.0,2520.0,2485.0,2510.0,114671,0.0,0.0
2023-04-14 12:00:00+09:00,2510.0,2520.0,2495.0,2495.0,110993,0.0,0.0
2023-04-14 13:00:00+09:00,2495.0,2505.0,2470.0,2485.0,197625,0.0,0.0
2023-04-14 14:00:00+09:00,2485.0,2490.0,2470.0,2490.0,116001,0.0,0.0
2023-04-17 09:00:00+09:00,2545.0,2585.0,2415.0,2450.0,0,0.0,0.0
2023-04-17 10:00:00+09:00,2455.0,2480.0,2430.0,2455.0,91640,0.0,0.0
2023-04-17 11:00:00+09:00,2455.0,2465.0,2430.0,2465.0,57165,0.0,0.0
2023-04-17 12:00:00+09:00,2465.0,2505.0,2450.0,2505.0,94798,0.0,0.0
2023-04-17 13:00:00+09:00,2505.0,2575.0,2475.0,2555.0,264857,0.0,0.0
2023-04-17 14:00:00+09:00,2550.0,2555.0,2505.0,2535.0,149584,0.0,0.0
2023-04-18 09:00:00+09:00,2545.0,2545.0,2455.0,2465.0,386546,0.0,0.0
2023-04-18 10:00:00+09:00,2460.0,2475.0,2445.0,2460.0,193995,0.0,0.0
2023-04-18 11:00:00+09:00,2450.0,2455.0,2435.0,2435.0,156505,0.0,0.0
2023-04-18 12:00:00+09:00,2440.0,2445.0,2420.0,2420.0,141953,0.0,0.0
2023-04-18 13:00:00+09:00,2425.0,2430.0,2405.0,2415.0,185113,0.0,0.0
2023-04-18 14:00:00+09:00,2415.0,2435.0,2410.0,2435.0,82850,0.0,0.0
2023-04-19 09:00:00+09:00,2400.0,2455.0,2360.0,2425.0,316786,0.0,0.0
2023-04-19 10:00:00+09:00,2425.0,2425.0,2390.0,2420.0,111269,0.0,0.0
2023-04-19 11:00:00+09:00,2420.0,2445.0,2400.0,2445.0,115167,0.0,0.0
2023-04-19 12:00:00+09:00,2440.0,2470.0,2430.0,2470.0,129662,0.0,0.0
2023-04-19 13:00:00+09:00,2465.0,2475.0,2430.0,2440.0,96775,0.0,0.0
2023-04-19 14:00:00+09:00,2430.0,2440.0,2390.0,2415.0,132639,0.0,0.0
2023-04-20 09:00:00+09:00,2420.0,2435.0,2345.0,2350.0,318896,0.0,0.0
2023-04-20 10:00:00+09:00,2350.0,2360.0,2325.0,2350.0,162834,0.0,0.0
2023-04-20 11:00:00+09:00,2350.0,2375.0,2340.0,2355.0,53880,0.0,0.0
2023-04-20 12:00:00+09:00,2355.0,2365.0,2340.0,2340.0,41461,0.0,0.0
2023-04-20 13:00:00+09:00,2340.0,2350.0,2335.0,2340.0,51181,0.0,0.0
2023-04-20 14:00:00+09:00,2340.0,2345.0,2320.0,2345.0,140870,0.0,0.0
2023-04-21 09:00:00+09:00,2360.0,2445.0,2325.0,2375.0,345000,0.0,0.0
2023-04-21 10:00:00+09:00,2375.0,2505.0,2360.0,2430.0,730003,0.0,0.0
2023-04-21 11:00:00+09:00,2435.0,2450.0,2395.0,2425.0,218938,0.0,0.0
2023-04-21 12:00:00+09:00,2425.0,2430.0,2360.0,2370.0,141485,0.0,0.0
2023-04-21 13:00:00+09:00,2370.0,2385.0,2345.0,2345.0,104713,0.0,0.0
2023-04-21 14:00:00+09:00,2345.0,2385.0,2330.0,2355.0,149610,0.0,0.0
2023-04-24 09:00:00+09:00,2320.0,2350.0,2225.0,2260.0,0,0.0,0.0
2023-04-24 10:00:00+09:00,2260.0,2300.0,2245.0,2280.0,122924,0.0,0.0
2023-04-24 11:00:00+09:00,2280.0,2350.0,2270.0,2315.0,144984,0.0,0.0
2023-04-24 12:00:00+09:00,2320.0,2370.0,2270.0,2290.0,104977,0.0,0.0
2023-04-24 13:00:00+09:00,2280.0,2305.0,2265.0,2265.0,64479,0.0,0.0
2023-04-24 14:00:00+09:00,2270.0,2280.0,2240.0,2265.0,87525,0.0,0.0
2023-04-25 09:00:00+09:00,2250.0,2305.0,2240.0,2270.0,0,0.0,0.0
2023-04-25 10:00:00+09:00,2280.0,2320.0,2270.0,2270.0,144229,0.0,0.0
2023-04-25 11:00:00+09:00,2270.0,2315.0,2255.0,2275.0,123334,0.0,0.0
2023-04-25 12:00:00+09:00,2285.0,2295.0,2275.0,2280.0,52731,0.0,0.0
2023-04-25 13:00:00+09:00,2280.0,2285.0,2245.0,2270.0,153729,0.0,0.0
2023-04-25 14:00:00+09:00,2270.0,2275.0,2255.0,2265.0,46639,0.0,0.0
2023-04-26 09:00:00+09:00,2265.0,2300.0,2185.0,2290.0,260526,0.0,0.0
2023-04-26 10:00:00+09:00,2290.0,2325.0,2260.0,2285.0,172909,0.0,0.0
2023-04-26 11:00:00+09:00,2290.0,2290.0,2235.0,2240.0,86738,0.0,0.0
2023-04-26 12:00:00+09:00,2235.0,2250.0,2215.0,2230.0,56903,0.0,0.0
2023-04-26 13:00:00+09:00,2225.0,2225.0,2190.0,2220.0,194260,0.0,0.0
2023-04-26 14:00:00+09:00,2220.0,2225.0,2195.0,2210.0,100806,0.0,0.0
2023-04-27 09:00:00+09:00,2240.0,2245.0,2135.0,2165.0,190835,0.0,0.0
2023-04-27 10:00:00+09:00,2175.0,2220.0,2155.0,2215.0,56378,0.0,0.0
2023-04-27 11:00:00+09:00,2215.0,2225.0,2180.0,2210.0,46861,0.0,0.0
2023-04-27 12:00:00+09:00,2210.0,2235.0,2180.0,2220.0,99793,0.0,0.0
2023-04-27 13:00:00+09:00,2215.0,2220.0,2195.0,2205.0,60044,0.0,0.0
2023-04-27 14:00:00+09:00,2210.0,2235.0,2210.0,2225.0,60158,0.0,0.0
2023-04-28 09:00:00+09:00,2220.0,2275.0,2190.0,2225.0,172194,0.0,0.0
2023-04-28 10:00:00+09:00,2225.0,2225.0,2195.0,2200.0,67383,0.0,0.0
2023-04-28 11:00:00+09:00,2205.0,2215.0,2140.0,2145.0,161818,0.0,0.0
2023-04-28 12:00:00+09:00,2145.0,2160.0,2130.0,2150.0,105699,0.0,0.0
2023-04-28 13:00:00+09:00,2145.0,2170.0,2135.0,2155.0,64025,0.0,0.0
2023-04-28 14:00:00+09:00,2150.0,2165.0,2115.0,2145.0,130563,0.0,0.0
2023-05-02 09:00:00+09:00,2115.0,2190.0,2095.0,2180.0,0,0.0,0.0
2023-05-02 10:00:00+09:00,2185.0,2210.0,2170.0,2200.0,110223,0.0,0.0
2023-05-02 11:00:00+09:00,2200.0,2205.0,2175.0,2195.0,90632,0.0,0.0
2023-05-02 12:00:00+09:00,2195.0,2205.0,2190.0,2200.0,31227,0.0,0.0
2023-05-02 13:00:00+09:00,2205.0,2215.0,2190.0,2205.0,39264,0.0,0.0
2023-05-02 14:00:00+09:00,2205.0,2215.0,2190.0,2205.0,37457,0.0,0.0
2023-05-03 09:00:00+09:00,2195.0,2250.0,2175.0,2230.0,200906,0.0,0.0
2023-05-03 10:00:00+09:00,2235.0,2250.0,2205.0,2230.0,55288,0.0,0.0
2023-05-03 11:00:00+09:00,2220.0,2235.0,2210.0,2230.0,32124,0.0,0.0
2023-05-03 12:00:00+09:00,2230.0,2230.0,2185.0,2195.0,61512,0.0,0.0
2023-05-03 13:00:00+09:00,2195.0,2200.0,2150.0,2160.0,69137,0.0,0.0
2023-05-03 14:00:00+09:00,2160.0,2175.0,2150.0,2155.0,49767,0.0,0.0
2023-05-04 09:00:00+09:00,2130.0,2170.0,2100.0,2100.0,169643,0.0,0.0
2023-05-04 10:00:00+09:00,2100.0,2130.0,2075.0,2095.0,127283,0.0,0.0
2023-05-04 11:00:00+09:00,2090.0,2100.0,2075.0,2095.0,63161,0.0,0.0
2023-05-04 12:00:00+09:00,2085.0,2095.0,2070.0,2070.0,63206,0.0,0.0
2023-05-04 13:00:00+09:00,2065.0,2070.0,2055.0,2070.0,68911,0.0,0.0
2023-05-04 14:00:00+09:00,2070.0,2080.0,2060.0,2070.0,73990,0.0,0.0
2023-05-08 09:00:00+09:00,2055.0,2110.0,2055.0,2100.0,0,0.0,0.0
2023-05-08 10:00:00+09:00,2100.0,2140.0,2080.0,2120.0,86052,0.0,0.0
2023-05-08 11:00:00+09:00,2140.0,2140.0,2070.0,2100.0,38574,0.0,0.0
2023-05-08 12:00:00+09:00,2100.0,2100.0,2070.0,2090.0,13275,0.0,0.0
2023-05-08 13:00:00+09:00,2090.0,2095.0,2080.0,2095.0,15837,0.0,0.0
2023-05-08 14:00:00+09:00,2095.0,2095.0,2070.0,2085.0,55745,0.0,0.0
2023-05-09 09:00:00+09:00,2070.0,2080.0,2015.0,2030.0,113794,0.0,0.0
2023-05-09 10:00:00+09:00,2020.0,2050.0,1999.0,2040.0,75080,0.0,0.0
2023-05-09 11:00:00+09:00,2040.0,2040.0,2005.0,2020.0,40381,0.0,0.0
2023-05-09 12:00:00+09:00,2020.0,2050.0,2005.0,2040.0,47466,0.0,0.0
2023-05-09 13:00:00+09:00,2030.0,2050.0,2015.0,2050.0,44101,0.0,0.0
2023-05-09 14:00:00+09:00,2045.0,2065.0,2020.0,2065.0,84266,0.0,0.0
2023-05-10 09:00:00+09:00,2060.0,2135.0,2035.0,2075.0,228524,0.0,0.0
2023-05-10 10:00:00+09:00,2065.0,2075.0,2045.0,2050.0,42171,0.0,0.0
2023-05-10 11:00:00+09:00,2040.0,2090.0,2040.0,2055.0,92829,0.0,0.0
2023-05-10 12:00:00+09:00,2065.0,2080.0,2045.0,2055.0,59583,0.0,0.0
2023-05-10 13:00:00+09:00,2050.0,2060.0,2040.0,2040.0,43528,0.0,0.0
2023-05-10 14:00:00+09:00,2040.0,2045.0,2000.0,2000.0,103235,0.0,0.0
2023-05-11 09:00:00+09:00,2030.0,2110.0,2005.0,2090.0,0,0.0,0.0
2023-05-11 10:00:00+09:00,2085.0,2120.0,2080.0,2100.0,89272,0.0,0.0
2023-05-11 11:00:00+09:00,2090.0,2115.0,2090.0,2110.0,59978,0.0,0.0
2023-05-11 12:00:00+09:00,2105.0,2120.0,2090.0,2105.0,67024,0.0,0.0
2023-05-11 13:00:00+09:00,2105.0,2260.0,2070.0,2085.0,2286638,0.0,0.0
2023-05-11 14:00:00+09:00,2085.0,2090.0,2045.0,2050.0,223724,0.0,0.0
2023-05-12 09:00:00+09:00,2030.0,2040.0,2000.0,2040.0,124946,0.0,0.0
2023-05-12 10:00:00+09:00,2030.0,2045.0,2010.0,2020.0,71819,0.0,0.0
2023-05-12 11:00:00+09:00,2015.0,2030.0,2005.0,2020.0,36817,0.0,0.0
2023-05-12 12:00:00+09:00,2020.0,2025.0,2005.0,2015.0,23236,0.0,0.0
2023-05-12 13:00:00+09:00,2020.0,2025.0,2005.0,2005.0,53995,0.0,0.0
2023-05-12 14:00:00+09:00,2005.0,2020.0,2000.0,2015.0,45403,0.0,0.0
2023-05-15 09:00:00+09:00,2000.0,2195.0,1952.0,2195.0,285120,0.0,0.0
2023-05-15 10:00:00+09:00,2195.0,2260.0,2050.0,2075.0,2196239,0.0,0.0
2023-05-15 11:00:00+09:00,2080.0,2140.0,2070.0,2130.0,259514,0.0,0.0
2023-05-15 12:00:00+09:00,2130.0,2180.0,2120.0,2135.0,268250,0.0,0.0
2023-05-15 13:00:00+09:00,2135.0,2150.0,2105.0,2110.0,132493,0.0,0.0
2023-05-15 14:00:00+09:00,2120.0,2170.0,2105.0,2145.0,124128,0.0,0.0
2023-05-16 09:00:00+09:00,2100.0,2600.0,2100.0,2345.0,7009786,0.0,0.0
2023-05-16 10:00:00+09:00,2350.0,2385.0,2265.0,2350.0,1694366,0.0,0.0
2023-05-16 11:00:00+09:00,2345.0,2365.0,2295.0,2335.0,460049,0.0,0.0
2023-05-16 12:00:00+09:00,2335.0,2345.0,2295.0,2300.0,285072,0.0,0.0
2023-05-16 13:00:00+09:00,2310.0,2340.0,2280.0,2335.0,315575,0.0,0.0
2023-05-16 14:00:00+09:00,2335.0,2385.0,2325.0,2355.0,466902,0.0,0.0
2023-05-17 09:00:00+09:00,2320.0,2350.0,2265.0,2350.0,423677,0.0,0.0
2023-05-17 10:00:00+09:00,2340.0,2385.0,2335.0,2360.0,269818,0.0,0.0
2023-05-17 11:00:00+09:00,2350.0,2370.0,2330.0,2345.0,92041,0.0,0.0
2023-05-17 12:00:00+09:00,2340.0,2360.0,2315.0,2335.0,95012,0.0,0.0
2023-05-17 13:00:00+09:00,2335.0,2375.0,2330.0,2370.0,134008,0.0,0.0
2023-05-17 14:00:00+09:00,2355.0,2370.0,2335.0,2350.0,109585,0.0,0.0
2023-05-18 09:00:00+09:00,2380.0,2435.0,2340.0,2365.0,588451,0.0,0.0
2023-05-18 10:00:00+09:00,2365.0,2405.0,2345.0,2385.0,162373,0.0,0.0
2023-05-18 11:00:00+09:00,2395.0,2395.0,2365.0,2370.0,89401,0.0,0.0
2023-05-18 12:00:00+09:00,2375.0,2375.0,2345.0,2370.0,101489,0.0,0.0
2023-05-18 13:00:00+09:00,2360.0,2385.0,2355.0,2375.0,96305,0.0,0.0
2023-05-18 14:00:00+09:00,2365.0,2375.0,2350.0,2360.0,69496,0.0,0.0
2023-05-19 09:00:00+09:00,2380.0,2525.0,2350.0,2455.0,1201503,0.0,0.0
2023-05-19 10:00:00+09:00,2455.0,2525.0,2440.0,2495.0,399631,0.0,0.0
2023-05-19 11:00:00+09:00,2495.0,2540.0,2460.0,2460.0,436192,0.0,0.0
2023-05-19 12:00:00+09:00,2460.0,2470.0,2405.0,2410.0,263720,0.0,0.0
2023-05-19 13:00:00+09:00,2410.0,2465.0,2405.0,2450.0,136512,0.0,0.0
2023-05-19 14:00:00+09:00,2450.0,2485.0,2430.0,2470.0,184666,0.0,0.0
2023-05-22 09:00:00+09:00,2470.0,2470.0,2350.0,2370.0,0,0.0,0.0
2023-05-22 10:00:00+09:00,2370.0,2410.0,2350.0,2380.0,181307,0.0,0.0
2023-05-22 11:00:00+09:00,2380.0,2390.0,2370.0,2380.0,61474,0.0,0.0
2023-05-22 12:00:00+09:00,2380.0,2380.0,2355.0,2370.0,114761,0.0,0.0
2023-05-22 13:00:00+09:00,2365.0,2385.0,2355.0,2360.0,98948,0.0,0.0
2023-05-22 14:00:00+09:00,2360.0,2385.0,2355.0,2375.0,65403,0.0,0.0
2023-05-23 09:00:00+09:00,2355.0,2485.0,2330.0,2450.0,554645,0.0,0.0
2023-05-23 10:00:00+09:00,2450.0,2695.0,2450.0,2600.0,5376424,0.0,0.0
2023-05-23 11:00:00+09:00,2605.0,2775.0,2600.0,2645.0,6427268,0.0,0.0
2023-05-23 12:00:00+09:00,2645.0,2660.0,2570.0,2600.0,1150400,0.0,0.0
2023-05-23 13:00:00+09:00,2600.0,2605.0,2545.0,2575.0,588096,0.0,0.0
2023-05-23 14:00:00+09:00,2575.0,2680.0,2545.0,2665.0,1710660,0.0,0.0
2023-05-24 09:00:00+09:00,2725.0,2885.0,2650.0,2695.0,5754531,0.0,0.0
2023-05-24 10:00:00+09:00,2700.0,2725.0,2590.0,2620.0,876856,0.0,0.0
2023-05-24 11:00:00+09:00,2620.0,2630.0,2585.0,2630.0,266387,0.0,0.0
2023-05-24 12:00:00+09:00,2630.0,2695.0,2625.0,2670.0,244044,0.0,0.0
2023-05-24 13:00:00+09:00,2670.0,2680.0,2620.0,2630.0,197774,0.0,0.0
2023-05-24 14:00:00+09:00,2655.0,2655.0,2620.0,2640.0,160639,0.0,0.0
2023-05-25 09:00:00+09:00,2685.0,2715.0,2600.0,2630.0,654942,0.0,0.0
2023-05-25 10:00:00+09:00,2630.0,2630.0,2580.0,2600.0,248140,0.0,0.0
2023-05-25 11:00:00+09:00,2600.0,2610.0,2585.0,2595.0,120331,0.0,0.0
2023-05-25 12:00:00+09:00,2595.0,2625.0,2585.0,2610.0,95001,0.0,0.0
2023-05-25 13:00:00+09:00,2610.0,2610.0,2560.0,2565.0,187744,0.0,0.0
2023-05-25 14:00:00+09:00,2560.0,2580.0,2555.0,2580.0,190314,0.0,0.0
2023-05-26 09:00:00+09:00,2600.0,2645.0,2585.0,2610.0,526160,0.0,0.0
2023-05-26 10:00:00+09:00,2610.0,2630.0,2580.0,2600.0,185481,0.0,0.0
2023-05-26 11:00:00+09:00,2600.0,2610.0,2555.0,2565.0,170104,0.0,0.0
2023-05-26 12:00:00+09:00,2565.0,2590.0,2525.0,2545.0,115346,0.0,0.0
2023-05-26 13:00:00+09:00,2545.0,2550.0,2490.0,2515.0,217584,0.0,0.0
2023-05-26 14:00:00+09:00,2520.0,2540.0,2500.0,2505.0,123577,0.0,0.0
2023-05-30 09:00:00+09:00,2560.0,2645.0,2530.0,2615.0,0,0.0,0.0
2023-05-30 10:00:00+09:00,2615.0,2615.0,2525.0,2525.0,197152,0.0,0.0
2023-05-30 11:00:00+09:00,2525.0,2570.0,2520.0,2545.0,107983,0.0,0.0
2023-05-30 12:00:00+09:00,2545.0,2560.0,2530.0,2555.0,54749,0.0,0.0
2023-05-30 13:00:00+09:00,2550.0,2550.0,2495.0,2530.0,106049,0.0,0.0
2023-05-30 14:00:00+09:00,2530.0,2540.0,2505.0,2505.0,79231,0.0,0.0
2023-05-31 09:00:00+09:00,2505.0,2545.0,2475.0,2525.0,262042,0.0,0.0
2023-05-31 10:00:00+09:00,2525.0,2535.0,2495.0,2515.0,61651,0.0,0.0
2023-05-31 11:00:00+09:00,2515.0,2520.0,2500.0,2520.0,21674,0.0,0.0
2023-05-31 12:00:00+09:00,2510.0,2520.0,2500.0,2505.0,28709,0.0,0.0
2023-05-31 13:00:00+09:00,2515.0,2515.0,2495.0,2500.0,42286,0.0,0.0
2023-05-31 14:00:00+09:00,2500.0,2505.0,2465.0,2470.0,119704,0.0,0.0
2023-06-01 09:00:00+09:00,2485.0,2485.0,2380.0,2445.0,238898,0.0,0.0
2023-06-01 10:00:00+09:00,2445.0,2475.0,2410.0,2445.0,64693,0.0,0.0
2023-06-01 11:00:00+09:00,2455.0,2480.0,2435.0,2480.0,48517,0.0,0.0
2023-06-01 12:00:00+09:00,2475.0,2480.0,2445.0,2460.0,52626,0.0,0.0
2023-06-01 13:00:00+09:00,2455.0,2455.0,2435.0,2445.0,23282,0.0,0.0
2023-06-01 14:00:00+09:00,2445.0,2465.0,2430.0,2460.0,47653,0.0,0.0
2023-06-02 09:00:00+09:00,2460.0,2495.0,2440.0,2465.0,0,0.0,0.0
2023-06-02 10:00:00+09:00,2470.0,2470.0,2435.0,2440.0,58659,0.0,0.0
2023-06-02 11:00:00+09:00,2450.0,2450.0,2420.0,2445.0,59040,0.0,0.0
2023-06-02 12:00:00+09:00,2440.0,2460.0,2405.0,2440.0,104993,0.0,0.0
2023-06-02 13:00:00+09:00,2440.0,2440.0,2385.0,2430.0,113893,0.0,0.0
2023-06-02 14:00:00+09:00,2425.0,2460.0,2420.0,2450.0,49733,0.0,0.0
2023-06-05 09:00:00+09:00,2465.0,2520.0,2455.0,2515.0,0,0.0,0.0
2023-06-05 10:00:00+09:00,2515.0,2565.0,2500.0,2540.0,238318,0.0,0.0
2023-06-05 11:00:00+09:00,2535.0,2560.0,2520.0,2560.0,75995,0.0,0.0
2023-06-05 12:00:00+09:00,2560.0,2570.0,2545.0,2565.0,87482,0.0,0.0
2023-06-05 13:00:00+09:00,2565.0,2675.0,2560.0,2615.0,1287225,0.0,0.0
2023-06-05 14:00:00+09:00,2615.0,2920.0,2580.0,2830.0,4901027,0.0,0.0
2023-06-07 09:00:00+09:00,2920.0,3190.0,2880.0,2925.0,0,0.0,0.0
2023-06-07 10:00:00+09:00,2925.0,3110.0,2920.0,2995.0,4200974,0.0,0.0
2023-06-07 11:00:00+09:00,2995.0,3045.0,2940.0,3020.0,1556543,0.0,0.0
2023-06-07 12:00:00+09:00,3025.0,3030.0,2950.0,2955.0,828010,0.0,0.0
2023-06-07 13:00:00+09:00,2955.0,3005.0,2910.0,2995.0,1239370,0.0,0.0
2023-06-07 14:00:00+09:00,2990.0,2995.0,2855.0,2860.0,1140075,0.0,0.0
2023-06-08 09:00:00+09:00,2910.0,2965.0,2810.0,2820.0,1551521,0.0,0.0
2023-06-08 10:00:00+09:00,2825.0,2865.0,2820.0,2840.0,327829,0.0,0.0
2023-06-08 11:00:00+09:00,2840.0,2845.0,2790.0,2835.0,357694,0.0,0.0
2023-06-08 12:00:00+09:00,2830.0,2840.0,2795.0,2830.0,141514,0.0,0.0
2023-06-08 13:00:00+09:00,2830.0,2875.0,2820.0,2875.0,244074,0.0,0.0
2023-06-08 14:00:00+09:00,2875.0,2910.0,2850.0,2870.0,579436,0.0,0.0
2023-06-09 09:00:00+09:00,2805.0,2815.0,2710.0,2740.0,1090373,0.0,0.0
2023-06-09 10:00:00+09:00,2740.0,2750.0,2720.0,2735.0,318892,0.0,0.0
2023-06-09 11:00:00+09:00,2735.0,2740.0,2705.0,2720.0,347494,0.0,0.0
2023-06-09 12:00:00+09:00,2720.0,2730.0,2710.0,2715.0,132666,0.0,0.0
2023-06-09 13:00:00+09:00,2710.0,2715.0,2705.0,2710.0,163776,0.0,0.0
2023-06-09 14:00:00+09:00,2710.0,2720.0,2700.0,2715.0,247723,0.0,0.0
2023-06-12 09:00:00+09:00,2770.0,3215.0,2770.0,3105.0,12894497,0.0,0.0
2023-06-12 10:00:00+09:00,3115.0,3165.0,2930.0,2980.0,2435880,0.0,0.0
2023-06-12 11:00:00+09:00,2980.0,3035.0,2910.0,2930.0,1424340,0.0,0.0
2023-06-12 12:00:00+09:00,2935.0,2935.0,2875.0,2895.0,702575,0.0,0.0
2023-06-12 13:00:00+09:00,2890.0,3065.0,2890.0,2940.0,2780321,0.0,0.0
2023-06-12 14:00:00+09:00,2935.0,3030.0,2930.0,2975.0,1506702,0.0,0.0
2023-06-13 09:00:00+09:00,2965.0,3175.0,2930.0,3135.0,4560238,0.0,0.0
2023-06-13 10:00:00+09:00,3140.0,3150.0,3090.0,3105.0,1766898,0.0,0.0
2023-06-13 11:00:00+09:00,3105.0,3140.0,3070.0,3110.0,812811,0.0,0.0
2023-06-13 12:00:00+09:00,3105.0,3145.0,3090.0,3130.0,805169,0.0,0.0
2023-06-13 13:00:00+09:00,3125.0,3185.0,3100.0,3115.0,2026311,0.0,0.0
2023-06-13 14:00:00+09:00,3115.0,3140.0,3070.0,3140.0,904899,0.0,0.0
2023-06-14 09:00:00+09:00,3260.0,3490.0,3210.0,3385.0,0,0.0,0.0
2023-06-14 10:00:00+09:00,3380.0,3745.0,3330.0,3585.0,13629711,0.0,0.0
2023-06-14 11:00:00+09:00,3580.0,3615.0,3395.0,3430.0,3615210,0.0,0.0
2023-06-14 12:00:00+09:00,3430.0,3465.0,3330.0,3345.0,1143665,0.0,0.0
2023-06-14 13:00:00+09:00,3345.0,3400.0,3285.0,3340.0,1326760,0.0,0.0
2023-06-14 14:00:00+09:00,3340.0,3415.0,3305.0,3390.0,952937,0.0,0.0
2023-06-15 09:00:00+09:00,3315.0,3445.0,3205.0,3285.0,2400782,0.0,0.0
2023-06-15 10:00:00+09:00,3285.0,3290.0,3205.0,3235.0,621184,0.0,0.0
2023-06-15 11:00:00+09:00,3235.0,3245.0,3190.0,3200.0,397617,0.0,0.0
2023-06-15 12:00:00+09:00,3200.0,3230.0,3175.0,3205.0,496091,0.0,0.0
2023-06-15 13:00:00+09:00,3205.0,3220.0,3180.0,3205.0,288620,0.0,0.0
2023-06-15 14:00:00+09:00,3210.0,3285.0,3190.0,3265.0,385684,0.0,0.0
2023-06-16 09:00:00+09:00,3460.0,3510.0,3350.0,3380.0,3115638,0.0,0.0
2023-06-16 10:00:00+09:00,3380.0,3380.0,3315.0,3345.0,477735,0.0,0.0
2023-06-16 11:00:00+09:00,3345.0,3380.0,3305.0,3365.0,274412,0.0,0.0
2023-06-16 12:00:00+09:00,3365.0,3375.0,3325.0,3365.0,236040,0.0,0.0
2023-06-16 13:00:00+09:00,3370.0,3375.0,3310.0,3320.0,190676,0.0,0.0
2023-06-16 14:00:00+09:00,3320.0,3320.0,3270.0,3280.0,388179,0.0,0.0
2023-06-19 09:00:00+09:00,3275.0,3355.0,3210.0,3320.0,0,0.0,0.0
2023-06-19 10:00:00+09:00,3325.0,3385.0,3300.0,3325.0,561595,0.0,0.0
2023-06-19 11:00:00+09:00,3325.0,3330.0,3270.0,3290.0,185682,0.0,0.0
2023-06-19 12:00:00+09:00,3290.0,3340.0,3275.0,3335.0,166950,0.0,0.0
2023-06-19 13:00:00+09:00,3330.0,3340.0,3250.0,3260.0,247453,0.0,0.0
2023-06-19 14:00:00+09:00,3265.0,3340.0,3255.0,3335.0,169620,0.0,0.0
2023-06-20 09:00:00+09:00,3295.0,3295.0,3105.0,3145.0,1084856,0.0,0.0
2023-06-20 10:00:00+09:00,3145.0,3190.0,3120.0,3130.0,360491,0.0,0.0
2023-06-20 11:00:00+09:00,3135.0,3150.0,3120.0,3125.0,140982,0.0,0.0
2023-06-20 12:00:00+09:00,3125.0,3170.0,3110.0,3150.0,168139,0.0,0.0
2023-06-20 13:00:00+09:00,3145.0,3160.0,3120.0,3125.0,138478,0.0,0.0
2023-06-20 14:00:00+09:00,3125.0,3145.0,3105.0,3110.0,244376,0.0,0.0
2023-06-21 09:00:00+09:00,3145.0,3185.0,3070.0,3090.0,533022,0.0,0.0
2023-06-21 10:00:00+09:00,3085.0,3115.0,3075.0,3075.0,221902,0.0,0.0
2023-06-21 11:00:00+09:00,3080.0,3085.0,3035.0,3050.0,261599,0.0,0.0
2023-06-21 12:00:00+09:00,3050.0,3060.0,3025.0,3025.0,165386,0.0,0.0
2023-06-21 13:00:00+09:00,3035.0,3040.0,3005.0,3030.0,223234,0.0,0.0
2023-06-21 14:00:00+09:00,3030.0,3050.0,3020.0,3040.0,125207,0.0,0.0
2023-06-22 09:00:00+09:00,3080.0,3575.0,3010.0,3355.0,10764219,0.0,0.0
2023-06-22 10:00:00+09:00,3350.0,3560.0,3350.0,3420.0,8517149,0.0,0.0
2023-06-22 11:00:00+09:00,3415.0,3455.0,3350.0,3395.0,1892565,0.0,0.0
2023-06-22 12:00:00+09:00,3395.0,3475.0,3365.0,3365.0,2600745,0.0,0.0
2023-06-22 13:00:00+09:00,3370.0,3400.0,3310.0,3320.0,1048570,0.0,0.0
2023-06-22 14:00:00+09:00,3320.0,3355.0,3290.0,3350.0,779361,0.0,0.0
2023-06-23 09:00:00+09:00,3415.0,3540.0,3335.0,3345.0,4213137,0.0,0.0
2023-06-23 10:00:00+09:00,3350.0,3360.0,3270.0,3315.0,903995,0.0,0.0
2023-06-23 11:00:00+09:00,3315.0,3315.0,3245.0,3300.0,539166,0.0,0.0
2023-06-23 12:00:00+09:00,3295.0,3305.0,3200.0,3250.0,601378,0.0,0.0
2023-06-23 13:00:00+09:00,3250.0,3250.0,3190.0,3200.0,231823,0.0,0.0
2023-06-23 14:00:00+09:00,3200.0,3230.0,3180.0,3220.0,244465,0.0,0.0
2023-06-26 09:00:00+09:00,3125.0,3200.0,3110.0,3165.0,0,0.0,0.0
2023-06-26 10:00:00+09:00,3170.0,3175.0,3130.0,3145.0,228619,0.0,0.0
2023-06-26 11:00:00+09:00,3145.0,3155.0,3135.0,3150.0,97026,0.0,0.0
2023-06-26 12:00:00+09:00,3145.0,3365.0,3145.0,3265.0,1939829,0.0,0.0
2023-06-26 13:00:00+09:00,3265.0,3270.0,3215.0,3235.0,288899,0.0,0.0
2023-06-26 14:00:00+09:00,3235.0,3245.0,3210.0,3230.0,184019,0.0,0.0
2023-06-27 09:00:00+09:00,3245.0,3460.0,3235.0,3305.0,1956216,0.0,0.0
2023-06-27 10:00:00+09:00,3310.0,3310.0,3200.0,3260.0,324368,0.0,0.0
2023-06-27 11:00:00+09:00,3250.0,3275.0,3220.0,3225.0,127693,0.0,0.0
2023-06-27 12:00:00+09:00,3225.0,3230.0,3195.0,3220.0,169853,0.0,0.0
2023-06-27 13:00:00+09:00,3220.0,3255.0,3205.0,3220.0,152577,0.0,0.0
2023-06-27 14:00:00+09:00,3220.0,3230.0,3200.0,3215.0,167092,0.0,0.0
2023-06-28 09:00:00+09:00,3225.0,3260.0,3175.0,3190.0,488765,0.0,0.0
2023-06-28 10:00:00+09:00,3190.0,3200.0,3175.0,3195.0,110085,0.0,0.0
2023-06-28 11:00:00+09:00,3195.0,3200.0,3160.0,3170.0,185035,0.0,0.0
2023-06-28 12:00:00+09:00,3170.0,3175.0,3160.0,3175.0,72023,0.0,0.0
2023-06-28 13:00:00+09:00,3170.0,3175.0,3145.0,3155.0,153260,0.0,0.0
2023-06-28 14:00:00+09:00,3155.0,3170.0,3145.0,3165.0,129693,0.0,0.0
2023-06-29 09:00:00+09:00,3140.0,3250.0,3125.0,3190.0,509552,0.0,0.0
2023-06-29 10:00:00+09:00,3195.0,3360.0,3190.0,3310.0,1827440,0.0,0.0
2023-06-29 11:00:00+09:00,3310.0,3320.0,3255.0,3275.0,422813,0.0,0.0
2023-06-29 12:00:00+09:00,3275.0,3375.0,3250.0,3330.0,955677,0.0,0.0
2023-06-29 13:00:00+09:00,3330.0,3355.0,3285.0,3305.0,535425,0.0,0.0
2023-06-29 14:00:00+09:00,3305.0,3325.0,3260.0,3285.0,409592,0.0,0.0
2023-06-30 09:00:00+09:00,3260.0,3285.0,3170.0,3205.0,0,0.0,0.0
2023-06-30 10:00:00+09:00,3205.0,3230.0,3190.0,3220.0,136091,0.0,0.0
2023-06-30 11:00:00+09:00,3220.0,3235.0,3205.0,3205.0,83637,0.0,0.0
2023-06-30 12:00:00+09:00,3205.0,3240.0,3190.0,3230.0,207633,0.0,0.0
2023-06-30 13:00:00+09:00,3230.0,3230.0,3190.0,3200.0,132825,0.0,0.0
2023-06-30 14:00:00+09:00,3200.0,3225.0,3190.0,3220.0,107076,0.0,0.0
2023-07-03 09:00:00+09:00,3240.0,3290.0,3215.0,3290.0,0,0.0,0.0
2023-07-03 10:00:00+09:00,3290.0,3300.0,3250.0,3290.0,177534,0.0,0.0
2023-07-03 11:00:00+09:00,3295.0,3315.0,3265.0,3275.0,127859,0.0,0.0
2023-07-03 12:00:00+09:00,3275.0,3280.0,3250.0,3260.0,100649,0.0,0.0
2023-07-03 13:00:00+09:00,3260.0,3280.0,3240.0,3270.0,227818,0.0,0.0
2023-07-03 14:00:00+09:00,3270.0,3285.0,3235.0,3245.0,132079,0.0,0.0
2023-07-04 09:00:00+09:00,3235.0,3245.0,3070.0,3075.0,674953,0.0,0.0
2023-07-04 10:00:00+09:00,3075.0,3105.0,2990.0,2990.0,978717,0.0,0.0
2023-07-04 11:00:00+09:00,2995.0,3015.0,2955.0,2980.0,497620,0.0,0.0
2023-07-04 12:00:00+09:00,2980.0,3025.0,2980.0,3025.0,156581,0.0,0.0
2023-07-04 13:00:00+09:00,3025.0,3025.0,2990.0,3010.0,142370,0.0,0.0
2023-07-04 14:00:00+09:00,3010.0,3035.0,2980.0,3035.0,193662,0.0,0.0
2023-07-05 09:00:00+09:00,2990.0,3000.0,2905.0,2930.0,543890,0.0,0.0
2023-07-05 10:00:00+09:00,2925.0,2940.0,2900.0,2910.0,191196,0.0,0.0
2023-07-05 11:00:00+09:00,2905.0,2905.0,2885.0,2900.0,233905,0.0,0.0
2023-07-05 12:00:00+09:00,2900.0,2900.0,2860.0,2875.0,230144,0.0,0.0
2023-07-05 13:00:00+09:00,2875.0,2905.0,2865.0,2905.0,96566,0.0,0.0
2023-07-05 14:00:00+09:00,2905.0,2920.0,2895.0,2920.0,97306,0.0,0.0
2023-07-06 09:00:00+09:00,2910.0,2935.0,2825.0,2920.0,406213,0.0,0.0
2023-07-06 10:00:00+09:00,2915.0,2960.0,2895.0,2935.0,169941,0.0,0.0
2023-07-06 11:00:00+09:00,2935.0,2950.0,2900.0,2910.0,65587,0.0,0.0
2023-07-06 12:00:00+09:00,2905.0,2925.0,2870.0,2875.0,84028,0.0,0.0
2023-07-06 13:00:00+09:00,2880.0,2890.0,2850.0,2885.0,78934,0.0,0.0
2023-07-06 14:00:00+09:00,2880.0,2885.0,2855.0,2860.0,69491,0.0,0.0
2023-07-07 09:00:00+09:00,2800.0,2890.0,2800.0,2845.0,0,0.0,0.0
2023-07-07 10:00:00+09:00,2845.0,2865.0,2800.0,2830.0,89446,0.0,0.0
2023-07-07 11:00:00+09:00,2830.0,2855.0,2800.0,2845.0,60302,0.0,0.0
2023-07-07 12:00:00+09:00,2845.0,2945.0,2825.0,2830.0,291879,0.0,0.0
2023-07-07 13:00:00+09:00,2830.0,2835.0,2800.0,2825.0,64809,0.0,0.0
2023-07-07 14:00:00+09:00,2825.0,2835.0,2800.0,2820.0,89913,0.0,0.0
2023-07-10 09:00:00+09:00,2810.0,2855.0,2740.0,2810.0,0,0.0,0.0
2023-07-10 10:00:00+09:00,2815.0,2865.0,2790.0,2795.0,86386,0.0,0.0
2023-07-10 11:00:00+09:00,2795.0,2805.0,2770.0,2795.0,45967,0.0,0.0
2023-07-10 12:00:00+09:00,2790.0,2790.0,2755.0,2765.0,68959,0.0,0.0
2023-07-10 13:00:00+09:00,2765.0,2775.0,2745.0,2765.0,70669,0.0,0.0
2023-07-10 14:00:00+09:00,2770.0,2775.0,2720.0,2730.0,105390,0.0,0.0
2023-07-11 09:00:00+09:00,2765.0,2845.0,2745.0,2820.0,0,0.0,0.0
2023-07-11 10:00:00+09:00,2820.0,2830.0,2790.0,2810.0,65871,0.0,0.0
2023-07-11 11:00:00+09:00,2810.0,2825.0,2795.0,2800.0,84665,0.0,0.0
2023-07-11 12:00:00+09:00,2800.0,2805.0,2770.0,2785.0,47654,0.0,0.0
2023-07-11 13:00:00+09:00,2785.0,2790.0,2760.0,2770.0,46352,0.0,0.0
2023-07-11 14:00:00+09:00,2770.0,2780.0,2735.0,2760.0,113897,0.0,0.0
2023-07-12 09:00:00+09:00,2810.0,2940.0,2800.0,2870.0,576160,0.0,0.0
2023-07-12 10:00:00+09:00,2880.0,2880.0,2825.0,2870.0,97859,0.0,0.0
2023-07-12 11:00:00+09:00,2870.0,2920.0,2855.0,2880.0,171548,0.0,0.0
2023-07-12 12:00:00+09:00,2880.0,3170.0,2880.0,3020.0,3465089,0.0,0.0
2023-07-12 13:00:00+09:00,3010.0,3070.0,2970.0,3035.0,861986,0.0,0.0
2023-07-12 14:00:00+09:00,3030.0,3145.0,3025.0,3095.0,1051513,0.0,0.0
2023-07-13 09:00:00+09:00,3130.0,3155.0,3060.0,3100.0,0,0.0,0.0
2023-07-13 10:00:00+09:00,3100.0,3135.0,3085.0,3110.0,176737,0.0,0.0
2023-07-13 11:00:00+09:00,3110.0,3125.0,3085.0,3110.0,129591,0.0,0.0
2023-07-13 12:00:00+09:00,3110.0,3145.0,3100.0,3115.0,157208,0.0,0.0
2023-07-13 13:00:00+09:00,3115.0,3135.0,3100.0,3120.0,121909,0.0,0.0
2023-07-13 14:00:00+09:00,3120.0,3245.0,3100.0,3195.0,667444,0.0,0.0
2023-07-14 09:00:00+09:00,3315.0,3470.0,3255.0,3330.0,1722946,0.0,0.0
2023-07-14 10:00:00+09:00,3330.0,3400.0,3205.0,3235.0,1664788,0.0,0.0
2023-07-14 11:00:00+09:00,3235.0,3260.0,3150.0,3215.0,525722,0.0,0.0
2023-07-14 12:00:00+09:00,3215.0,3280.0,3190.0,3250.0,231018,0.0,0.0
2023-07-14 13:00:00+09:00,3245.0,3250.0,3215.0,3225.0,133550,0.0,0.0
2023-07-14 14:00:00+09:00,3215.0,3240.0,3185.0,3215.0,148800,0.0,0.0
2023-07-17 09:00:00+09:00,3190.0,3400.0,3165.0,3335.0,0,0.0,0.0
2023-07-17 10:00:00+09:00,3335.0,3390.0,3325.0,3340.0,350872,0.0,0.0
2023-07-17 11:00:00+09:00,3335.0,3640.0,3325.0,3605.0,6156932,0.0,0.0
2023-07-17 12:00:00+09:00,3600.0,4155.0,3585.0,4125.0,17065629,0.0,0.0
2023-07-17 13:00:00+09:00,4130.0,4175.0,4125.0,4175.0,2186300,0.0,0.0
2023-07-17 14:00:00+09:00,4175.0,4175.0,4175.0,4175.0,113169,0.0,0.0
2023-07-18 09:00:00+09:00,4350.0,4660.0,4220.0,4305.0,22145963,0.0,0.0
2023-07-18 10:00:00+09:00,4305.0,4330.0,4110.0,4270.0,6061592,0.0,0.0
2023-07-18 11:00:00+09:00,4270.0,4545.0,4250.0,4500.0,8153433,0.0,0.0
2023-07-18 12:00:00+09:00,4490.0,4555.0,4310.0,4365.0,7601802,0.0,0.0
2023-07-18 13:00:00+09:00,4365.0,5120.0,4355.0,4940.0,23379606,0.0,0.0
2023-07-18 14:00:00+09:00,4945.0,5020.0,4440.0,4505.0,11191893,0.0,0.0
2023-07-19 09:00:00+09:00,4705.0,5380.0,4655.0,5240.0,21978988,0.0,0.0
2023-07-19 10:00:00+09:00,5250.0,5360.0,5010.0,5100.0,5846528,0.0,0.0
2023-07-19 11:00:00+09:00,5100.0,5100.0,4875.0,4930.0,2130856,0.0,0.0
2023-07-19 12:00:00+09:00,4930.0,4975.0,4865.0,4880.0,1157126,0.0,0.0
2023-07-19 13:00:00+09:00,4890.0,4900.0,4580.0,4615.0,4335939,0.0,0.0
2023-07-19 14:00:00+09:00,4620.0,4660.0,4520.0,4615.0,2141351,0.0,0.0
2023-07-20 09:00:00+09:00,4665.0,4675.0,4410.0,4590.0,3886778,0.0,0.0
2023-07-20 10:00:00+09:00,4595.0,4595.0,4420.0,4535.0,1327213,0.0,0.0
2023-07-20 11:00:00+09:00,4535.0,4610.0,4495.0,4540.0,512771,0.0,0.0
2023-07-20 12:00:00+09:00,4540.0,4690.0,4530.0,4535.0,1269647,0.0,0.0
2023-07-20 13:00:00+09:00,4535.0,4575.0,4490.0,4545.0,538354,0.0,0.0
2023-07-20 14:00:00+09:00,4550.0,4780.0,4540.0,4740.0,3227224,0.0,0.0
2023-07-21 09:00:00+09:00,4535.0,4665.0,4515.0,4635.0,1691100,0.0,0.0
2023-07-21 10:00:00+09:00,4625.0,4755.0,4600.0,4695.0,1227447,0.0,0.0
2023-07-21 11:00:00+09:00,4695.0,4915.0,4665.0,4875.0,2082846,0.0,0.0
2023-07-21 12:00:00+09:00,4875.0,4915.0,4655.0,4720.0,2552770,0.0,0.0
2023-07-21 13:00:00+09:00,4720.0,4725.0,4645.0,4685.0,612638,0.0,0.0
2023-07-21 14:00:00+09:00,4685.0,4760.0,4650.0,4735.0,632585,0.0,0.0
2023-07-24 09:00:00+09:00,4795.0,5090.0,4710.0,4980.0,0,0.0,0.0
2023-07-24 10:00:00+09:00,4980.0,5040.0,4850.0,4960.0,1764390,0.0,0.0
2023-07-24 11:00:00+09:00,4955.0,4970.0,4825.0,4895.0,939548,0.0,0.0
2023-07-24 12:00:00+09:00,4895.0,4965.0,4870.0,4895.0,707273,0.0,0.0
2023-07-24 13:00:00+09:00,4895.0,4915.0,4735.0,4815.0,884744,0.0,0.0
2023-07-24 14:00:00+09:00,4810.0,4970.0,4750.0,4940.0,1175766,0.0,0.0
2023-07-25 09:00:00+09:00,5300.0,5330.0,4825.0,4880.0,5058180,0.0,0.0
2023-07-25 10:00:00+09:00,4875.0,4885.0,4560.0,4585.0,2350805,0.0,0.0
2023-07-25 11:00:00+09:00,4590.0,4615.0,4525.0,4595.0,850658,0.0,0.0
2023-07-25 12:00:00+09:00,4595.0,4615.0,4535.0,4540.0,454451,0.0,0.0
2023-07-25 13:00:00+09:00,4540.0,4555.0,4445.0,4500.0,915281,0.0,0.0
2023-07-25 14:00:00+09:00,4500.0,4515.0,4380.0,4415.0,886952,0.0,0.0
2023-07-26 09:00:00+09:00,4280.0,4575.0,4200.0,4300.0,4579085,0.0,0.0
2023-07-26 10:00:00+09:00,4300.0,4340.0,4130.0,4195.0,1406520,0.0,0.0
2023-07-26 11:00:00+09:00,4195.0,4245.0,4040.0,4085.0,1100911,0.0,0.0
2023-07-26 12:00:00+09:00,4095.0,4125.0,4030.0,4095.0,682543,0.0,0.0
2023-07-26 13:00:00+09:00,4090.0,4135.0,3885.0,3910.0,1243777,0.0,0.0
2023-07-26 14:00:00+09:00,3900.0,4125.0,3895.0,4085.0,888927,0.0,0.0
2023-07-27 09:00:00+09:00,4095.0,4185.0,3940.0,4175.0,1361295,0.0,0.0
2023-07-27 10:00:00+09:00,4175.0,4315.0,4120.0,4315.0,965635,0.0,0.0
2023-07-27 11:00:00+09:00,4315.0,4370.0,4200.0,4210.0,800574,0.0,0.0
2023-07-27 12:00:00+09:00,4215.0,4285.0,4150.0,4235.0,419578,0.0,0.0
2023-07-27 13:00:00+09:00,4235.0,4265.0,4170.0,4250.0,172998,0.0,0.0
2023-07-27 14:00:00+09:00,4250.0,4275.0,4150.0,4175.0,394813,0.0,0.0
2023-07-28 09:00:00+09:00,4110.0,4445.0,4110.0,4300.0,3286525,0.0,0.0
2023-07-28 10:00:00+09:00,4300.0,4480.0,4295.0,4420.0,2166310,0.0,0.0
2023-07-28 11:00:00+09:00,4420.0,4420.0,4310.0,4320.0,532961,0.0,0.0
2023-07-28 12:00:00+09:00,4325.0,4415.0,4310.0,4395.0,451246,0.0,0.0
2023-07-28 13:00:00+09:00,4390.0,4450.0,4360.0,4370.0,858944,0.0,0.0
2023-07-28 14:00:00+09:00,4370.0,4390.0,4295.0,4295.0,595619,0.0,0.0
2023-07-31 09:00:00+09:00,4485.0,4530.0,4235.0,4480.0,0,0.0,0.0
2023-07-31 10:00:00+09:00,4480.0,4775.0,4480.0,4635.0,5970542,0.0,0.0
2023-07-31 11:00:00+09:00,4635.0,4950.0,4605.0,4920.0,5983291,0.0,0.0
2023-07-31 12:00:00+09:00,4920.0,4965.0,4785.0,4795.0,3579330,0.0,0.0
2023-07-31 13:00:00+09:00,4795.0,4950.0,4770.0,4850.0,2135525,0.0,0.0
2023-07-31 14:00:00+09:00,4855.0,4905.0,4735.0,4790.0,1665251,0.0,0.0
2023-08-01 09:00:00+09:00,4780.0,5210.0,4770.0,5100.0,8583250,0.0,0.0
2023-08-01 10:00:00+09:00,5090.0,5850.0,5070.0,5600.0,16610253,0.0,0.0
2023-08-01 11:00:00+09:00,5590.0,5700.0,5430.0,5530.0,4547588,0.0,0.0
2023-08-01 12:00:00+09:00,5530.0,5530.0,5280.0,5290.0,2251365,0.0,0.0
2023-08-01 13:00:00+09:00,5290.0,5360.0,5140.0,5310.0,2851603,0.0,0.0
2023-08-01 14:00:00+09:00,5310.0,5440.0,5260.0,5320.0,1950603,0.0,0.0
2023-08-02 09:00:00+09:00,5380.0,5660.0,5300.0,5380.0,5376713,0.0,0.0
2023-08-02 10:00:00+09:00,5370.0,5550.0,5360.0,5400.0,1242036,0.0,0.0
2023-08-02 11:00:00+09:00,5400.0,5580.0,5380.0,5540.0,1100126,0.0,0.0
2023-08-02 12:00:00+09:00,5540.0,6150.0,5520.0,5770.0,15388905,0.0,0.0
2023-08-02 13:00:00+09:00,5760.0,5820.0,5400.0,5500.0,4946290,0.0,0.0
2023-08-02 14:00:00+09:00,5500.0,5570.0,5420.0,5470.0,967751,0.0,0.0
2023-08-03 09:00:00+09:00,5430.0,5430.0,5070.0,5120.0,2956315,0.0,0.0
2023-08-03 10:00:00+09:00,5110.0,5200.0,4975.0,5010.0,1320687,0.0,0.0
2023-08-03 11:00:00+09:00,5020.0,5080.0,4885.0,4960.0,982237,0.0,0.0
2023-08-03 12:00:00+09:00,4955.0,4975.0,4880.0,4975.0,524760,0.0,0.0
2023-08-03 13:00:00+09:00,4975.0,5090.0,4925.0,5010.0,733946,0.0,0.0
2023-08-03 14:00:00+09:00,5010.0,5070.0,4965.0,5000.0,362364,0.0,0.0
2023-08-04 09:00:00+09:00,5160.0,5860.0,5140.0,5760.0,17152444,0.0,0.0
2023-08-04 10:00:00+09:00,5760.0,5950.0,5570.0,5880.0,7600502,0.0,0.0
2023-08-04 11:00:00+09:00,5880.0,5900.0,5600.0,5670.0,3885058,0.0,0.0
2023-08-04 12:00:00+09:00,5660.0,5720.0,5460.0,5640.0,2132383,0.0,0.0
2023-08-04 13:00:00+09:00,5640.0,5750.0,5520.0,5710.0,1772297,0.0,0.0
2023-08-04 14:00:00+09:00,5710.0,6010.0,5700.0,5960.0,5830868,0.0,0.0
2023-08-07 09:00:00+09:00,6500.0,6800.0,6170.0,6520.0,0,0.0,0.0
2023-08-07 10:00:00+09:00,6530.0,6530.0,6080.0,6300.0,3221489,0.0,0.0
2023-08-07 11:00:00+09:00,6290.0,6500.0,6220.0,6330.0,1683462,0.0,0.0
2023-08-07 12:00:00+09:00,6330.0,6640.0,6280.0,6400.0,4144570,0.0,0.0
2023-08-07 13:00:00+09:00,6390.0,6450.0,6210.0,6260.0,1419924,0.0,0.0
2023-08-07 14:00:00+09:00,6260.0,6310.0,6020.0,6020.0,1566303,0.0,0.0
2023-08-08 09:00:00+09:00,6170.0,6250.0,5970.0,6180.0,3214474,0.0,0.0
2023-08-08 10:00:00+09:00,6180.0,6430.0,6060.0,6090.0,4005462,0.0,0.0
2023-08-08 11:00:00+09:00,6090.0,6130.0,5970.0,6040.0,863433,0.0,0.0
2023-08-08 12:00:00+09:00,6050.0,6120.0,5950.0,6030.0,665722,0.0,0.0
2023-08-08 13:00:00+09:00,6030.0,6050.0,5750.0,5850.0,1114151,0.0,0.0
2023-08-08 14:00:00+09:00,5830.0,6040.0,5830.0,5910.0,1025484,0.0,0.0
2023-08-09 09:00:00+09:00,5910.0,6120.0,5870.0,6020.0,1776128,0.0,0.0
2023-08-09 10:00:00+09:00,6030.0,6120.0,6000.0,6040.0,914566,0.0,0.0
2023-08-09 11:00:00+09:00,6040.0,6530.0,6010.0,6420.0,5841662,0.0,0.0
2023-08-09 12:00:00+09:00,6400.0,6550.0,6280.0,6280.0,4193010,0.0,0.0
2023-08-09 13:00:00+09:00,6280.0,6540.0,6180.0,6430.0,3354779,0.0,0.0
2023-08-09 14:00:00+09:00,6430.0,6510.0,6370.0,6420.0,1940732,0.0,0.0
2023-08-10 09:00:00+09:00,6210.0,6210.0,5780.0,5820.0,3025187,0.0,0.0
2023-08-10 10:00:00+09:00,5820.0,5970.0,5820.0,5910.0,551371,0.0,0.0
2023-08-10 11:00:00+09:00,5910.0,6020.0,5870.0,5940.0,397251,0.0,0.0
2023-08-10 12:00:00+09:00,5940.0,6010.0,5880.0,5900.0,317535,0.0,0.0
2023-08-10 13:00:00+09:00,5890.0,5950.0,5830.0,5930.0,530920,0.0,0.0
2023-08-10 14:00:00+09:00,5930.0,5930.0,5840.0,5890.0,323249,0.0,0.0
2023-08-11 09:00:00+09:00,5830.0,5950.0,5740.0,5760.0,1554807,0.0,0.0
2023-08-11 10:00:00+09:00,5780.0,5920.0,5770.0,5880.0,435926,0.0,0.0
2023-08-11 11:00:00+09:00,5880.0,5890.0,5830.0,5880.0,179315,0.0,0.0
2023-08-11 12:00:00+09:00,5870.0,5960.0,5840.0,5900.0,443568,0.0,0.0
2023-08-11 13:00:00+09:00,5900.0,5920.0,5790.0,5810.0,317578,0.0,0.0
2023-08-11 14:00:00+09:00,5820.0,5840.0,5700.0,5710.0,592706,0.0,0.0
2023-08-14 09:00:00+09:00,5590.0,5860.0,5540.0,5800.0,0,0.0,0.0
2023-08-14 10:00:00+09:00,5800.0,5800.0,5600.0,5620.0,538498,0.0,0.0
2023-08-14 11:00:00+09:00,5620.0,5650.0,5490.0,5570.0,594379,0.0,0.0
2023-08-14 12:00:00+09:00,5560.0,5640.0,5530.0,5590.0,201837,0.0,0.0
2023-08-14 13:00:00+09:00,5600.0,5640.0,5510.0,5570.0,233935,0.0,0.0
2023-08-14 14:00:00+09:00,5570.0,5620.0,5540.0,5580.0,252301,0.0,0.0
2023-08-16 09:00:00+09:00,5620.0,5690.0,5450.0,5490.0,0,0.0,0.0
2023-08-16 10:00:00+09:00,5490.0,5790.0,5480.0,5670.0,871329,0.0,0.0
2023-08-16 11:00:00+09:00,5670.0,5760.0,5650.0,5680.0,472932,0.0,0.0
2023-08-16 12:00:00+09:00,5680.0,5750.0,5640.0,5700.0,253048,0.0,0.0
2023-08-16 13:00:00+09:00,5700.0,5710.0,5400.0,5470.0,600171,0.0,0.0
2023-08-16 14:00:00+09:00,5470.0,5520.0,5300.0,5330.0,746114,0.0,0.0
2023-08-17 09:00:00+09:00,5550.0,5580.0,5110.0,5150.0,1582737,0.0,0.0
2023-08-17 10:00:00+09:00,5150.0,5250.0,5000.0,5030.0,1152395,0.0,0.0
2023-08-17 11:00:00+09:00,5030.0,5070.0,4935.0,5020.0,648132,0.0,0.0
2023-08-17 12:00:00+09:00,5020.0,5050.0,4985.0,5010.0,272103,0.0,0.0
2023-08-17 13:00:00+09:00,5010.0,5050.0,4970.0,5030.0,397766,0.0,0.0
2023-08-17 14:00:00+09:00,5030.0,5040.0,4955.0,4990.0,395418,0.0,0.0
2023-08-18 09:00:00+09:00,4865.0,4965.0,4705.0,4720.0,1936320,0.0,0.0
2023-08-18 10:00:00+09:00,4725.0,4830.0,4660.0,4730.0,908011,0.0,0.0
2023-08-18 11:00:00+09:00,4730.0,4770.0,4685.0,4695.0,440796,0.0,0.0
2023-08-18 12:00:00+09:00,4695.0,4765.0,4600.0,4760.0,756253,0.0,0.0
2023-08-18 13:00:00+09:00,4760.0,4835.0,4740.0,4795.0,639982,0.0,0.0
2023-08-18 14:00:00+09:00,4785.0,5080.0,4755.0,5050.0,1917970,0.0,0.0
2023-08-21 09:00:00+09:00,5000.0,5190.0,4900.0,4980.0,0,0.0,0.0
2023-08-21 10:00:00+09:00,4980.0,5030.0,4850.0,4940.0,716155,0.0,0.0
2023-08-21 11:00:00+09:00,4940.0,4955.0,4815.0,4865.0,474921,0.0,0.0
2023-08-21 12:00:00+09:00,4865.0,4940.0,4830.0,4915.0,203926,0.0,0.0
2023-08-21 13:00:00+09:00,4925.0,4930.0,4865.0,4865.0,178387,0.0,0.0
2023-08-21 14:00:00+09:00,4865.0,5120.0,4850.0,5100.0,697785,0.0,0.0
2023-08-22 09:00:00+09:00,5100.0,5550.0,4985.0,5400.0,5228137,0.0,0.0
2023-08-22 10:00:00+09:00,5400.0,5630.0,5350.0,5530.0,2925237,0.0,0.0
2023-08-22 11:00:00+09:00,5540.0,5540.0,5390.0,5460.0,972317,0.0,0.0
2023-08-22 12:00:00+09:00,5470.0,5540.0,5400.0,5410.0,648967,0.0,0.0
2023-08-22 13:00:00+09:00,5420.0,5580.0,5400.0,5560.0,1004823,0.0,0.0
2023-08-22 14:00:00+09:00,5560.0,5730.0,5500.0,5730.0,2370644,0.0,0.0
2023-08-23 09:00:00+09:00,5710.0,5850.0,5500.0,5600.0,2737042,0.0,0.0
2023-08-23 10:00:00+09:00,5610.0,5680.0,5440.0,5480.0,1203442,0.0,0.0
2023-08-23 11:00:00+09:00,5480.0,5490.0,5400.0,5480.0,646918,0.0,0.0
2023-08-23 12:00:00+09:00,5470.0,5560.0,5470.0,5510.0,370616,0.0,0.0
2023-08-23 13:00:00+09:00,5510.0,5540.0,5440.0,5460.0,374603,0.0,0.0
2023-08-23 14:00:00+09:00,5450.0,5470.0,5400.0,5430.0,419819,0.0,0.0
2023-08-24 09:00:00+09:00,5670.0,6340.0,5570.0,6050.0,14727198,0.0,0.0
2023-08-24 10:00:00+09:00,6050.0,6080.0,5760.0,5940.0,3413218,0.0,0.0
2023-08-24 11:00:00+09:00,5940.0,6360.0,5910.0,6350.0,8546042,0.0,0.0
2023-08-24 12:00:00+09:00,6340.0,6800.0,6210.0,6700.0,20454061,0.0,0.0
2023-08-24 13:00:00+09:00,6710.0,6830.0,6530.0,6600.0,8152430,0.0,0.0
2023-08-24 14:00:00+09:00,6600.0,7060.0,6390.0,7050.0,7622002,0.0,0.0
2023-08-25 09:00:00+09:00,6860.0,7070.0,6660.0,6780.0,10910183,0.0,0.0
2023-08-25 10:00:00+09:00,6780.0,6880.0,6690.0,6760.0,2314374,0.0,0.0
2023-08-25 11:00:00+09:00,6770.0,6830.0,6720.0,6750.0,800146,0.0,0.0
2023-08-25 12:00:00+09:00,6700.0,6770.0,6610.0,6660.0,1444883,0.0,0.0
2023-08-25 13:00:00+09:00,6660.0,6740.0,6620.0,6670.0,838873,0.0,0.0
2023-08-25 14:00:00+09:00,6670.0,6690.0,6560.0,6590.0,1056519,0.0,0.0
2023-08-28 09:00:00+09:00,6630.0,6650.0,6330.0,6390.0,0,0.0,0.0
2023-08-28 10:00:00+09:00,6390.0,6410.0,6340.0,6380.0,477980,0.0,0.0
2023-08-28 11:00:00+09:00,6380.0,6380.0,6130.0,6130.0,2460568,0.0,0.0
2023-08-28 12:00:00+09:00,6140.0,6180.0,6060.0,6080.0,1022733,0.0,0.0
2023-08-28 13:00:00+09:00,6080.0,6150.0,5980.0,5990.0,1286105,0.0,0.0
2023-08-28 14:00:00+09:00,6000.0,6020.0,5920.0,5990.0,1331418,0.0,0.0
2023-08-29 09:00:00+09:00,6180.0,6430.0,6120.0,6280.0,9264843,0.0,0.0
2023-08-29 10:00:00+09:00,6290.0,6290.0,6120.0,6140.0,1659645,0.0,0.0
2023-08-29 11:00:00+09:00,6140.0,6190.0,6010.0,6060.0,1184370,0.0,0.0
2023-08-29 12:00:00+09:00,6060.0,6110.0,5970.0,6000.0,897695,0.0,0.0
2023-08-29 13:00:00+09:00,5990.0,6100.0,5990.0,6100.0,765428,0.0,0.0
2023-08-29 14:00:00+09:00,6100.0,6170.0,6040.0,6060.0,1265763,0.0,0.0
2023-08-30 09:00:00+09:00,6200.0,6230.0,6060.0,6090.0,2332420,0.0,0.0
2023-08-30 10:00:00+09:00,6090.0,6270.0,6050.0,6190.0,1939413,0.0,0.0
2023-08-30 11:00:00+09:00,6190.0,6190.0,6100.0,6110.0,395388,0.0,0.0
2023-08-30 12:00:00+09:00,6110.0,6160.0,6070.0,6100.0,506721,0.0,0.0
2023-08-30 13:00:00+09:00,6100.0,6140.0,6060.0,6070.0,329812,0.0,0.0
2023-08-30 14:00:00+09:00,6080.0,6080.0,5910.0,5960.0,894764,0.0,0.0
2023-08-31 09:00:00+09:00,6140.0,6470.0,6090.0,6300.0,7146604,0.0,0.0
2023-08-31 10:00:00+09:00,6310.0,6790.0,6300.0,6760.0,14906482,0.0,0.0
2023-08-31 11:00:00+09:00,6750.0,7140.0,6600.0,7060.0,10400662,0.0,0.0
2023-08-31 12:00:00+09:00,7060.0,7450.0,6950.0,7310.0,12941250,0.0,0.0
2023-08-31 13:00:00+09:00,7310.0,7370.0,6950.0,7120.0,7328404,0.0,0.0
2023-08-31 14:00:00+09:00,7120.0,7330.0,6670.0,6670.0,7051789,0.0,0.0
2023-09-01 09:00:00+09:00,6690.0,6830.0,6550.0,6710.0,4023101,0.0,0.0
2023-09-01 10:00:00+09:00,6710.0,6790.0,6560.0,6570.0,1599364,0.0,0.0
2023-09-01 11:00:00+09:00,6570.0,6600.0,6460.0,6520.0,828224,0.0,0.0
2023-09-01 12:00:00+09:00,6520.0,6620.0,6480.0,6490.0,497344,0.0,0.0
2023-09-01 13:00:00+09:00,6490.0,6540.0,6420.0,6510.0,544396,0.0,0.0
2023-09-01 14:00:00+09:00,6510.0,6640.0,6480.0,6590.0,599173,0.0,0.0
2023-09-04 09:00:00+09:00,6630.0,6880.0,6530.0,6650.0,0,0.0,0.0
2023-09-04 10:00:00+09:00,6650.0,6720.0,6610.0,6650.0,678329,0.0,0.0
2023-09-04 11:00:00+09:00,6650.0,6660.0,6470.0,6470.0,649249,0.0,0.0
2023-09-04 12:00:00+09:00,6490.0,6500.0,6300.0,6330.0,757143,0.0,0.0
2023-09-04 13:00:00+09:00,6340.0,6570.0,6280.0,6560.0,805064,0.0,0.0
2023-09-04 14:00:00+09:00,6570.0,6700.0,6550.0,6640.0,1110809,0.0,0.0
2023-09-05 09:00:00+09:00,6590.0,6610.0,6340.0,6480.0,1679400,0.0,0.0
2023-09-05 10:00:00+09:00,6480.0,6560.0,6370.0,6400.0,1030177,0.0,0.0
2023-09-05 11:00:00+09:00,6400.0,6440.0,6350.0,6370.0,445284,0.0,0.0
2023-09-05 12:00:00+09:00,6370.0,6490.0,6360.0,6480.0,276338,0.0,0.0
2023-09-05 13:00:00+09:00,6480.0,6600.0,6450.0,6510.0,636065,0.0,0.0
2023-09-05 14:00:00+09:00,6510.0,6720.0,6490.0,6610.0,1387813,0.0,0.0
2023-09-06 09:00:00+09:00,6610.0,6830.0,6470.0,6600.0,2752789,0.0,0.0
2023-09-06 10:00:00+09:00,6590.0,7080.0,6580.0,7070.0,5370458,0.0,0.0
2023-09-06 11:00:00+09:00,7060.0,7100.0,6860.0,6930.0,3583001,0.0,0.0
2023-09-06 12:00:00+09:00,6930.0,7090.0,6670.0,6700.0,2684987,0.0,0.0
2023-09-06 13:00:00+09:00,6720.0,6820.0,6530.0,6630.0,1159996,0.0,0.0
2023-09-06 14:00:00+09:00,6630.0,6700.0,6000.0,6170.0,3341542,0.0,0.0
2023-09-07 09:00:00+09:00,6550.0,6830.0,6390.0,6440.0,7442777,0.0,0.0
2023-09-07 10:00:00+09:00,6430.0,6510.0,6300.0,6410.0,1123830,0.0,0.0
2023-09-07 11:00:00+09:00,6420.0,6450.0,6320.0,6330.0,400448,0.0,0.0
2023-09-07 12:00:00+09:00,6330.0,6370.0,6200.0,6230.0,519439,0.0,0.0
2023-09-07 13:00:00+09:00,6230.0,6290.0,6070.0,6120.0,806687,0.0,0.0
2023-09-07 14:00:00+09:00,6130.0,6190.0,6090.0,6130.0,410418,0.0,0.0
2023-09-08 09:00:00+09:00,6030.0,6290.0,5680.0,5730.0,2377039,0.0,0.0
2023-09-08 10:00:00+09:00,5720.0,5740.0,5580.0,5670.0,1014681,0.0,0.0
2023-09-08 11:00:00+09:00,5680.0,5750.0,5620.0,5710.0,399197,0.0,0.0
2023-09-08 12:00:00+09:00,5720.0,5730.0,5640.0,5680.0,241685,0.0,0.0
2023-09-08 13:00:00+09:00,5680.0,5720.0,5630.0,5660.0,262653,0.0,0.0
2023-09-08 14:00:00+09:00,5660.0,5720.0,5620.0,5670.0,290437,0.0,0.0
2023-09-11 09:00:00+09:00,5640.0,5930.0,5610.0,5740.0,0,0.0,0.0
2023-09-11 10:00:00+09:00,5730.0,5870.0,5710.0,5840.0,564358,0.0,0.0
2023-09-11 11:00:00+09:00,5850.0,5950.0,5830.0,5860.0,583354,0.0,0.0
2023-09-11 12:00:00+09:00,5860.0,5900.0,5820.0,5870.0,177529,0.0,0.0
2023-09-11 13:00:00+09:00,5870.0,6180.0,5860.0,6020.0,2080108,0.0,0.0
2023-09-11 14:00:00+09:00,6010.0,6020.0,5850.0,5910.0,672248,0.0,0.0
2023-09-12 09:00:00+09:00,5890.0,5920.0,5660.0,5720.0,1086091,0.0,0.0
2023-09-12 10:00:00+09:00,5720.0,5760.0,5510.0,5570.0,534104,0.0,0.0
2023-09-12 11:00:00+09:00,5570.0,5590.0,5500.0,5540.0,365666,0.0,0.0
2023-09-12 12:00:00+09:00,5540.0,5540.0,5460.0,5460.0,367478,0.0,0.0
2023-09-12 13:00:00+09:00,5460.0,5480.0,5360.0,5380.0,539314,0.0,0.0
2023-09-12 14:00:00+09:00,5380.0,5470.0,5340.0,5470.0,407384,0.0,0.0
2023-09-13 09:00:00+09:00,5410.0,5420.0,5240.0,5310.0,867862,0.0,0.0
2023-09-13 10:00:00+09:00,5320.0,5360.0,5190.0,5220.0,742187,0.0,0.0
2023-09-13 11:00:00+09:00,5230.0,5280.0,5150.0,5210.0,423212,0.0,0.0
2023-09-13 12:00:00+09:00,5190.0,5230.0,5150.0,5190.0,304669,0.0,0.0
2023-09-13 13:00:00+09:00,5180.0,5290.0,5160.0,5270.0,249530,0.0,0.0
2023-09-13 14:00:00+09:00,5280.0,5300.0,5180.0,5240.0,331837,0.0,0.0
2023-09-14 09:00:00+09:00,5270.0,5350.0,5160.0,5200.0,875397,0.0,0.0
2023-09-14 10:00:00+09:00,5200.0,5270.0,5090.0,5240.0,650912,0.0,0.0
2023-09-14 11:00:00+09:00,5250.0,5280.0,5160.0,5220.0,341259,0.0,0.0
2023-09-14 12:00:00+09:00,5220.0,5230.0,5180.0,5210.0,105135,0.0,0.0
2023-09-14 13:00:00+09:00,5220.0,5220.0,5190.0,5200.0,112024,0.0,0.0
2023-09-14 14:00:00+09:00,5200.0,5270.0,5190.0,5240.0,190799,0.0,0.0
2023-09-15 09:00:00+09:00,5240.0,5250.0,5100.0,5190.0,453505,0.0,0.0
2023-09-15 10:00:00+09:00,5180.0,5190.0,5040.0,5110.0,539579,0.0,0.0
2023-09-15 11:00:00+09:00,5100.0,5190.0,5100.0,5160.0,183216,0.0,0.0
2023-09-15 12:00:00+09:00,5160.0,5200.0,5150.0,5160.0,91805,0.0,0.0
2023-09-15 13:00:00+09:00,5160.0,5240.0,5140.0,5210.0,206735,0.0,0.0
2023-09-15 14:00:00+09:00,5210.0,5240.0,5160.0,5180.0,247952,0.0,0.0
2023-09-18 09:00:00+09:00,5190.0,5230.0,5080.0,5090.0,0,0.0,0.0
2023-09-18 10:00:00+09:00,5090.0,5100.0,5030.0,5070.0,249293,0.0,0.0
2023-09-18 11:00:00+09:00,5060.0,5090.0,5040.0,5050.0,142256,0.0,0.0
2023-09-18 12:00:00+09:00,5050.0,5070.0,4980.0,5010.0,346517,0.0,0.0
2023-09-18 13:00:00+09:00,5000.0,5040.0,4985.0,4995.0,228901,0.0,0.0
2023-09-18 14:00:00+09:00,4990.0,5030.0,4985.0,4990.0,156623,0.0,0.0
2023-09-19 09:00:00+09:00,5000.0,5040.0,4845.0,4885.0,848570,0.0,0.0
2023-09-19 10:00:00+09:00,4885.0,4915.0,4825.0,4855.0,315871,0.0,0.0
2023-09-19 11:00:00+09:00,4860.0,4865.0,4810.0,4830.0,290705,0.0,0.0
2023-09-19 12:00:00+09:00,4830.0,4855.0,4795.0,4805.0,212498,0.0,0.0
2023-09-19 13:00:00+09:00,4800.0,4815.0,4775.0,4780.0,323824,0.0,0.0
2023-09-19 14:00:00+09:00,4785.0,4840.0,4780.0,4825.0,238761,0.0,0.0
2023-09-20 09:00:00+09:00,4830.0,4865.0,4730.0,4740.0,639581,0.0,0.0
2023-09-20 10:00:00+09:00,4735.0,4800.0,4710.0,4740.0,314441,0.0,0.0
2023-09-20 11:00:00+09:00,4740.0,4765.0,4725.0,4750.0,97393,0.0,0.0
2023-09-20 12:00:00+09:00,4755.0,4790.0,4740.0,4750.0,105296,0.0,0.0
2023-09-20 13:00:00+09:00,4745.0,4875.0,4720.0,4865.0,335812,0.0,0.0
2023-09-20 14:00:00+09:00,4860.0,5170.0,4560.0,4690.0,3413819,0.0,0.0
2023-09-21 09:00:00+09:00,4565.0,4610.0,4480.0,4480.0,852011,0.0,0.0
2023-09-21 10:00:00+09:00,4485.0,4520.0,4440.0,4450.0,380157,0.0,0.0
2023-09-21 11:00:00+09:00,4450.0,4470.0,4375.0,4400.0,479792,0.0,0.0
2023-09-21 12:00:00+09:00,4405.0,4410.0,4380.0,4385.0,232940,0.0,0.0
2023-09-21 13:00:00+09:00,4385.0,4435.0,4375.0,4395.0,193210,0.0,0.0
2023-09-21 14:00:00+09:00,4395.0,4410.0,4360.0,4380.0,262038,0.0,0.0
2023-09-22 09:00:00+09:00,4275.0,4420.0,4260.0,4310.0,709008,0.0,0.0
2023-09-22 10:00:00+09:00,4310.0,4380.0,4295.0,4365.0,171976,0.0,0.0
2023-09-22 11:00:00+09:00,4360.0,4385.0,4280.0,4285.0,163686,0.0,0.0
2023-09-22 12:00:00+09:00,4285.0,4350.0,4275.0,4325.0,102461,0.0,0.0
2023-09-22 13:00:00+09:00,4325.0,4365.0,4300.0,4330.0,116025,0.0,0.0
2023-09-22 14:00:00+09:00,4325.0,4340.0,4270.0,4325.0,264954,0.0,0.0
2023-09-25 09:00:00+09:00,4320.0,4355.0,4230.0,4245.0,0,0.0,0.0
2023-09-25 10:00:00+09:00,4240.0,4265.0,4195.0,4225.0,261878,0.0,0.0
2023-09-25 11:00:00+09:00,4225.0,4265.0,4215.0,4245.0,80925,0.0,0.0
2023-09-25 12:00:00+09:00,4245.0,4245.0,4205.0,4210.0,59220,0.0,0.0
2023-09-25 13:00:00+09:00,4210.0,4230.0,4185.0,4210.0,149234,0.0,0.0
2023-09-25 14:00:00+09:00,4210.0,4220.0,4175.0,4185.0,170628,0.0,0.0
2023-09-26 09:00:00+09:00,4220.0,4280.0,4110.0,4135.0,565424,0.0,0.0
2023-09-26 10:00:00+09:00,4135.0,4210.0,4115.0,4160.0,166257,0.0,0.0
2023-09-26 11:00:00+09:00,4160.0,4170.0,4105.0,4120.0,144633,0.0,0.0
2023-09-26 12:00:00+09:00,4125.0,4135.0,4075.0,4105.0,147545,0.0,0.0
2023-09-26 13:00:00+09:00,4105.0,4115.0,4075.0,4085.0,136539,0.0,0.0
2023-09-26 14:00:00+09:00,4085.0,4115.0,4060.0,4090.0,258017,0.0,0.0
2023-09-27 09:00:00+09:00,4020.0,4140.0,4020.0,4100.0,510876,0.0,0.0
2023-09-27 10:00:00+09:00,4095.0,4150.0,4085.0,4125.0,201173,0.0,0.0
2023-09-27 11:00:00+09:00,4120.0,4135.0,4100.0,4105.0,95660,0.0,0.0
2023-09-27 12:00:00+09:00,4105.0,4145.0,4090.0,4130.0,83534,0.0,0.0
2023-09-27 13:00:00+09:00,4140.0,4150.0,4125.0,4145.0,89888,0.0,0.0
2023-09-27 14:00:00+09:00,4145.0,4165.0,4125.0,4135.0,171959,0.0,0.0
2023-10-04 09:00:00+09:00,4070.0,4090.0,3955.0,3960.0,0,0.0,0.0
2023-10-04 10:00:00+09:00,3960.0,3990.0,3920.0,3930.0,358259,0.0,0.0
2023-10-04 11:00:00+09:00,3935.0,3960.0,3900.0,3925.0,145546,0.0,0.0
2023-10-04 12:00:00+09:00,3930.0,3940.0,3895.0,3920.0,105691,0.0,0.0
2023-10-04 13:00:00+09:00,3920.0,3945.0,3895.0,3925.0,89522,0.0,0.0
2023-10-04 14:00:00+09:00,3925.0,3935.0,3885.0,3890.0,254143,0.0,0.0
2023-10-05 09:00:00+09:00,3970.0,4015.0,3850.0,3860.0,484060,0.0,0.0
2023-10-05 10:00:00+09:00,3850.0,3900.0,3835.0,3900.0,162394,0.0,0.0
2023-10-05 11:00:00+09:00,3900.0,3915.0,3875.0,3885.0,66752,0.0,0.0
2023-10-05 12:00:00+09:00,3885.0,3970.0,3885.0,3955.0,162634,0.0,0.0
2023-10-05 13:00:00+09:00,3955.0,3955.0,3920.0,3920.0,71634,0.0,0.0
2023-10-05 14:00:00+09:00,3920.0,5060.0,3880.0,5060.0,6820253,0.0,0.0
2023-10-06 09:00:00+09:00,5500.0,5740.0,5120.0,5120.0,14893087,0.0,0.0
2023-10-06 10:00:00+09:00,5120.0,5270.0,5040.0,5180.0,3564409,0.0,0.0
2023-10-06 11:00:00+09:00,5180.0,5220.0,5080.0,5130.0,1097877,0.0,0.0
2023-10-06 12:00:00+09:00,5120.0,5190.0,5070.0,5090.0,795035,0.0,0.0
2023-10-06 13:00:00+09:00,5090.0,5310.0,5050.0,5180.0,2782016,0.0,0.0
2023-10-06 14:00:00+09:00,5190.0,5230.0,5070.0,5100.0,1145461,0.0,0.0
2023-10-10 09:00:00+09:00,5060.0,5070.0,4680.0,4880.0,0,0.0,0.0
2023-10-10 10:00:00+09:00,4880.0,4940.0,4780.0,4790.0,656504,0.0,0.0
2023-10-10 11:00:00+09:00,4795.0,4815.0,4730.0,4740.0,520409,0.0,0.0
2023-10-10 12:00:00+09:00,4740.0,4770.0,4635.0,4660.0,722602,0.0,0.0
2023-10-10 13:00:00+09:00,4660.0,4695.0,4530.0,4555.0,833101,0.0,0.0
2023-10-10 14:00:00+09:00,4555.0,4565.0,4420.0,4445.0,922971,0.0,0.0
2023-10-11 09:00:00+09:00,4800.0,5030.0,4720.0,4885.0,10153780,0.0,0.0
2023-10-11 10:00:00+09:00,4890.0,4920.0,4790.0,4830.0,1653738,0.0,0.0
2023-10-11 11:00:00+09:00,4835.0,4900.0,4800.0,4865.0,764863,0.0,0.0
2023-10-11 12:00:00+09:00,4865.0,5060.0,4820.0,4980.0,2979291,0.0,0.0
2023-10-11 13:00:00+09:00,4985.0,5040.0,4790.0,4795.0,3076618,0.0,0.0
2023-10-11 14:00:00+09:00,4795.0,4800.0,4600.0,4615.0,1778254,0.0,0.0
2023-10-12 09:00:00+09:00,4815.0,5210.0,4800.0,5070.0,11195103,0.0,0.0
2023-10-12 10:00:00+09:00,5070.0,5190.0,4875.0,4935.0,4696489,0.0,0.0
2023-10-12 11:00:00+09:00,4940.0,5560.0,4935.0,5160.0,16969731,0.0,0.0
2023-10-12 12:00:00+09:00,5160.0,5310.0,5120.0,5250.0,2687108,0.0,0.0
2023-10-12 13:00:00+09:00,5250.0,5330.0,5160.0,5210.0,2930656,0.0,0.0
2023-10-12 14:00:00+09:00,5210.0,5290.0,5160.0,5240.0,3010661,0.0,0.0
2023-10-13 09:00:00+09:00,5140.0,5280.0,5050.0,5090.0,3199062,0.0,0.0
2023-10-13 10:00:00+09:00,5090.0,5180.0,5070.0,5140.0,683394,0.0,0.0
2023-10-13 11:00:00+09:00,5140.0,5200.0,5120.0,5130.0,616007,0.0,0.0
2023-10-13 12:00:00+09:00,5130.0,5160.0,5020.0,5060.0,626894,0.0,0.0
2023-10-13 13:00:00+09:00,5050.0,5200.0,5030.0,5170.0,855503,0.0,0.0
2023-10-13 14:00:00+09:00,5160.0,5380.0,5150.0,5280.0,3758600,0.0,0.0
2023-10-16 09:00:00+09:00,5160.0,5160.0,4840.0,5000.0,0,0.0,0.0
2023-10-16 10:00:00+09:00,5000.0,5450.0,4995.0,5400.0,3798681,0.0,0.0
2023-10-16 11:00:00+09:00,5400.0,5450.0,5140.0,5140.0,2222435,0.0,0.0
2023-10-16 12:00:00+09:00,5120.0,5280.0,5090.0,5250.0,595740,0.0,0.0
2023-10-16 13:00:00+09:00,5260.0,5430.0,5240.0,5250.0,2354849,0.0,0.0
2023-10-16 14:00:00+09:00,5260.0,5340.0,5180.0,5290.0,847835,0.0,0.0
2023-10-17 09:00:00+09:00,5370.0,5620.0,5260.0,5520.0,5921498,0.0,0.0
2023-10-17 10:00:00+09:00,5580.0,5600.0,5370.0,5440.0,2726265,0.0,0.0
2023-10-17 11:00:00+09:00,5440.0,5520.0,5410.0,5500.0,888752,0.0,0.0
2023-10-17 12:00:00+09:00,5500.0,5500.0,5410.0,5430.0,620601,0.0,0.0
2023-10-17 13:00:00+09:00,5440.0,5450.0,5270.0,5320.0,844419,0.0,0.0
2023-10-17 14:00:00+09:00,5320.0,5340.0,5210.0,5260.0,576087,0.0,0.0
2023-10-18 09:00:00+09:00,5470.0,5700.0,5420.0,5440.0,7797031,0.0,0.0
2023-10-18 10:00:00+09:00,5430.0,5600.0,5340.0,5510.0,2839263,0.0,0.0
2023-10-18 11:00:00+09:00,5500.0,5540.0,5380.0,5490.0,980138,0.0,0.0
2023-10-18 12:00:00+09:00,5490.0,5520.0,5370.0,5420.0,437254,0.0,0.0
2023-10-18 13:00:00+09:00,5410.0,5420.0,5360.0,5370.0,327410,0.0,0.0
2023-10-18 14:00:00+09:00,5370.0,5370.0,5130.0,5200.0,1339745,0.0,0.0
2023-10-19 09:00:00+09:00,4910.0,5100.0,4850.0,4970.0,0,0.0,0.0
2023-10-19 10:00:00+09:00,4970.0,4970.0,4865.0,4880.0,1831289,0.0,0.0
2023-10-19 11:00:00+09:00,4880.0,4900.0,4800.0,4805.0,446105,0.0,0.0
2023-10-19 12:00:00+09:00,4805.0,4875.0,4800.0,4845.0,206439,0.0,0.0
2023-10-19 13:00:00+09:00,4845.0,4870.0,4765.0,4780.0,306681,0.0,0.0
2023-10-19 14:00:00+09:00,4780.0,4995.0,4680.0,4800.0,961547,0.0,0.0
2023-10-20 09:00:00+09:00,4500.0,4560.0,4310.0,4315.0,1258966,0.0,0.0
2023-10-20 10:00:00+09:00,4310.0,4330.0,4175.0,4250.0,790796,0.0,0.0
2023-10-20 11:00:00+09:00,4250.0,4335.0,4170.0,4330.0,420499,0.0,0.0
2023-10-20 12:00:00+09:00,4330.0,4355.0,4265.0,4355.0,272141,0.0,0.0
2023-10-20 13:00:00+09:00,4355.0,4635.0,4340.0,4520.0,590165,0.0,0.0
2023-10-20 14:00:00+09:00,4520.0,4525.0,4350.0,4385.0,383319,0.0,0.0
2023-10-23 09:00:00+09:00,4190.0,4440.0,4150.0,4355.0,0,0.0,0.0
2023-10-23 10:00:00+09:00,4355.0,4390.0,4310.0,4370.0,226456,0.0,0.0
2023-10-23 11:00:00+09:00,4370.0,4380.0,4320.0,4340.0,135938,0.0,0.0
2023-10-23 12:00:00+09:00,4345.0,4360.0,4310.0,4345.0,110177,0.0,0.0
2023-10-23 13:00:00+09:00,4345.0,4375.0,4255.0,4270.0,168955,0.0,0.0
2023-10-23 14:00:00+09:00,4270.0,4295.0,4245.0,4280.0,213081,0.0,0.0
2023-10-24 09:00:00+09:00,4340.0,4570.0,4255.0,4330.0,2595349,0.0,0.0
2023-10-24 10:00:00+09:00,4325.0,4330.0,4140.0,4255.0,546205,0.0,0.0
2023-10-24 11:00:00+09:00,4255.0,4345.0,4255.0,4290.0,243040,0.0,0.0
2023-10-24 12:00:00+09:00,4295.0,4390.0,4295.0,4370.0,232532,0.0,0.0
2023-10-24 13:00:00+09:00,4375.0,4560.0,4370.0,4485.0,976168,0.0,0.0
2023-10-24 14:00:00+09:00,4480.0,4535.0,4435.0,4470.0,429003,0.0,0.0
2023-10-25 09:00:00+09:00,4635.0,4680.0,4400.0,4440.0,894939,0.0,0.0
2023-10-25 10:00:00+09:00,4445.0,4450.0,4385.0,4410.0,242685,0.0,0.0
2023-10-25 11:00:00+09:00,4410.0,4540.0,4390.0,4390.0,269247,0.0,0.0
2023-10-25 12:00:00+09:00,4390.0,4450.0,4380.0,4405.0,349598,0.0,0.0
2023-10-25 13:00:00+09:00,4405.0,4410.0,4350.0,4365.0,226542,0.0,0.0
2023-10-25 14:00:00+09:00,4360.0,4365.0,4310.0,4325.0,228641,0.0,0.0
2023-10-26 09:00:00+09:00,4065.0,4175.0,4000.0,4100.0,492434,0.0,0.0
2023-10-26 10:00:00+09:00,4100.0,4155.0,4090.0,4125.0,123143,0.0,0.0
2023-10-26 11:00:00+09:00,4120.0,4120.0,3985.0,4030.0,294274,0.0,0.0
2023-10-26 12:00:00+09:00,4030.0,4085.0,3995.0,4070.0,105197,0.0,0.0
2023-10-26 13:00:00+09:00,4070.0,4075.0,3995.0,4000.0,111023,0.0,0.0
2023-10-26 14:00:00+09:00,4010.0,4470.0,3995.0,4220.0,2345123,0.0,0.0
2023-10-27 09:00:00+09:00,4200.0,4335.0,4140.0,4250.0,738607,0.0,0.0
2023-10-27 10:00:00+09:00,4250.0,4400.0,4250.0,4350.0,540710,0.0,0.0
2023-10-27 11:00:00+09:00,4350.0,4395.0,4305.0,4330.0,256465,0.0,0.0
2023-10-27 12:00:00+09:00,4330.0,4330.0,4210.0,4230.0,258438,0.0,0.0
2023-10-27 13:00:00+09:00,4230.0,4255.0,4185.0,4240.0,127231,0.0,0.0
2023-10-27 14:00:00+09:00,4235.0,4250.0,4210.0,4225.0,92925,0.0,0.0
2023-10-30 09:00:00+09:00,4270.0,4435.0,4265.0,4360.0,0,0.0,0.0
2023-10-30 10:00:00+09:00,4365.0,4395.0,4330.0,4380.0,179855,0.0,0.0
2023-10-30 11:00:00+09:00,4385.0,4430.0,4350.0,4360.0,204608,0.0,0.0
2023-10-30 12:00:00+09:00,4365.0,4380.0,4330.0,4370.0,113297,0.0,0.0
2023-10-30 13:00:00+09:00,4370.0,4405.0,4350.0,4375.0,133471,0.0,0.0
2023-10-30 14:00:00+09:00,4375.0,4395.0,4355.0,4370.0,137362,0.0,0.0
2023-10-31 09:00:00+09:00,4500.0,4500.0,4290.0,4290.0,716069,0.0,0.0
2023-10-31 10:00:00+09:00,4300.0,4330.0,4260.0,4290.0,188735,0.0,0.0
2023-10-31 11:00:00+09:00,4290.0,4300.0,4225.0,4225.0,153455,0.0,0.0
2023-10-31 12:00:00+09:00,4230.0,4240.0,4160.0,4170.0,134756,0.0,0.0
2023-10-31 13:00:00+09:00,4170.0,4225.0,4115.0,4130.0,161941,0.0,0.0
2023-10-31 14:00:00+09:00,4125.0,4235.0,4085.0,4205.0,227148,0.0,0.0
2023-11-01 09:00:00+09:00,4185.0,4350.0,4185.0,4300.0,512404,0.0,0.0
2023-11-01 10:00:00+09:00,4300.0,4350.0,4230.0,4245.0,206895,0.0,0.0
2023-11-01 11:00:00+09:00,4250.0,4275.0,4215.0,4245.0,82592,0.0,0.0
2023-11-01 12:00:00+09:00,4245.0,4270.0,4235.0,4245.0,45944,0.0,0.0
2023-11-01 13:00:00+09:00,4240.0,4245.0,4195.0,4195.0,108759,0.0,0.0
2023-11-01 14:00:00+09:00,4195.0,4220.0,4165.0,4185.0,110043,0.0,0.0
2023-11-02 09:00:00+09:00,4340.0,4460.0,4295.0,4460.0,813435,0.0,0.0
2023-11-02 10:00:00+09:00,4460.0,4465.0,4395.0,4435.0,260416,0.0,0.0
2023-11-02 11:00:00+09:00,4440.0,4450.0,4400.0,4425.0,174789,0.0,0.0
2023-11-02 12:00:00+09:00,4430.0,4465.0,4420.0,4460.0,235176,0.0,0.0
2023-11-02 13:00:00+09:00,4460.0,4485.0,4430.0,4470.0,396966,0.0,0.0
2023-11-02 14:00:00+09:00,4470.0,4545.0,4455.0,4485.0,545725,0.0,0.0
2023-11-03 09:00:00+09:00,4620.0,4730.0,4360.0,4580.0,2287218,0.0,0.0
2023-11-03 10:00:00+09:00,4580.0,4660.0,4545.0,4660.0,451231,0.0,0.0
2023-11-03 11:00:00+09:00,4655.0,4680.0,4615.0,4650.0,267057,0.0,0.0
2023-11-03 12:00:00+09:00,4645.0,4690.0,4605.0,4620.0,280062,0.0,0.0
2023-11-03 13:00:00+09:00,4620.0,4680.0,4600.0,4680.0,209873,0.0,0.0
2023-11-03 14:00:00+09:00,4675.0,4700.0,4645.0,4675.0,283978,0.0,0.0
2023-11-06 09:00:00+09:00,4810.0,4815.0,4610.0,4680.0,0,0.0,0.0
2023-11-06 10:00:00+09:00,4680.0,4755.0,4645.0,4710.0,409292,0.0,0.0
2023-11-06 11:00:00+09:00,4705.0,4730.0,4670.0,4720.0,228665,0.0,0.0
2023-11-06 12:00:00+09:00,4720.0,4725.0,4665.0,4695.0,175709,0.0,0.0
2023-11-06 13:00:00+09:00,4690.0,4750.0,4675.0,4745.0,230784,0.0,0.0
2023-11-06 14:00:00+09:00,4745.0,4770.0,4730.0,4760.0,266469,0.0,0.0
2023-11-07 09:00:00+09:00,5080.0,5180.0,4910.0,4965.0,3175395,0.0,0.0
2023-11-07 10:00:00+09:00,4960.0,4965.0,4745.0,4765.0,757127,0.0,0.0
2023-11-07 11:00:00+09:00,4770.0,4775.0,4630.0,4630.0,522859,0.0,0.0
2023-11-07 12:00:00+09:00,4630.0,4650.0,4575.0,4630.0,277389,0.0,0.0
2023-11-07 13:00:00+09:00,4635.0,4760.0,4615.0,4730.0,229287,0.0,0.0
2023-11-07 14:00:00+09:00,4730.0,4740.0,4645.0,4660.0,190067,0.0,0.0
2023-11-08 09:00:00+09:00,4710.0,4715.0,4570.0,4575.0,512691,0.0,0.0
2023-11-08 10:00:00+09:00,4575.0,4620.0,4540.0,4575.0,240864,0.0,0.0
2023-11-08 11:00:00+09:00,4575.0,4600.0,4540.0,4585.0,105632,0.0,0.0
2023-11-08 12:00:00+09:00,4585.0,4600.0,4555.0,4565.0,65626,0.0,0.0
2023-11-08 13:00:00+09:00,4565.0,4565.0,4510.0,4520.0,142626,0.0,0.0
2023-11-08 14:00:00+09:00,4515.0,4525.0,4410.0,4445.0,250175,0.0,0.0
2023-11-09 09:00:00+09:00,4440.0,4510.0,4360.0,4445.0,292262,0.0,0.0
2023-11-09 10:00:00+09:00,4445.0,4545.0,4430.0,4435.0,192546,0.0,0.0
2023-11-09 11:00:00+09:00,4440.0,4475.0,4385.0,4390.0,106743,0.0,0.0
2023-11-09 12:00:00+09:00,4390.0,4395.0,4365.0,4375.0,91365,0.0,0.0
2023-11-09 13:00:00+09:00,4370.0,4380.0,4340.0,4350.0,138595,0.0,0.0
2023-11-09 14:00:00+09:00,4350.0,4400.0,4345.0,4390.0,105923,0.0,0.0
2023-11-10 09:00:00+09:00,4250.0,4445.0,4215.0,4295.0,436012,0.0,0.0
2023-11-10 10:00:00+09:00,4290.0,4385.0,4275.0,4340.0,70308,0.0,0.0
2023-11-10 11:00:00+09:00,4335.0,4340.0,4280.0,4280.0,67506,0.0,0.0
2023-11-10 12:00:00+09:00,4280.0,4315.0,4270.0,4280.0,48703,0.0,0.0
2023-11-10 13:00:00+09:00,4280.0,4335.0,4280.0,4310.0,55408,0.0,0.0
2023-11-10 14:00:00+09:00,4300.0,4415.0,4280.0,4340.0,152452,0.0,0.0
2023-11-13 09:00:00+09:00,4350.0,4440.0,4305.0,4405.0,0,0.0,0.0
2023-11-13 10:00:00+09:00,4410.0,4410.0,4290.0,4335.0,203580,0.0,0.0
2023-11-13 11:00:00+09:00,4330.0,4340.0,4225.0,4230.0,129231,0.0,0.0
2023-11-13 12:00:00+09:00,4230.0,4240.0,4180.0,4195.0,116643,0.0,0.0
2023-11-13 13:00:00+09:00,4190.0,4195.0,4105.0,4115.0,204164,0.0,0.0
2023-11-13 14:00:00+09:00,4115.0,4175.0,4110.0,4115.0,104639,0.0,0.0
2023-11-14 09:00:00+09:00,4185.0,4360.0,4170.0,4275.0,482104,0.0,0.0
2023-11-14 10:00:00+09:00,4270.0,4355.0,4265.0,4315.0,147225,0.0,0.0
2023-11-14 11:00:00+09:00,4315.0,4335.0,4295.0,4325.0,75645,0.0,0.0
2023-11-14 12:00:00+09:00,4325.0,4345.0,4300.0,4340.0,102394,0.0,0.0
2023-11-14 13:00:00+09:00,4340.0,4560.0,4300.0,4540.0,441014,0.0,0.0
2023-11-14 14:00:00+09:00,4540.0,4700.0,4450.0,4535.0,3778359,0.0,0.0
2023-11-15 09:00:00+09:00,5170.0,5240.0,4885.0,4960.0,5606148,0.0,0.0
2023-11-15 10:00:00+09:00,4960.0,5090.0,4930.0,4960.0,1224279,0.0,0.0
2023-11-15 11:00:00+09:00,4965.0,5000.0,4925.0,4935.0,577719,0.0,0.0
2023-11-15 12:00:00+09:00,4930.0,5020.0,4930.0,4995.0,805260,0.0,0.0
2023-11-15 13:00:00+09:00,4995.0,5010.0,4955.0,4970.0,314834,0.0,0.0
2023-11-15 14:00:00+09:00,4975.0,5010.0,4870.0,4880.0,740030,0.0,0.0
2023-11-16 10:00:00+09:00,4915.0,4930.0,4785.0,4845.0,871779,0.0,0.0
2023-11-16 11:00:00+09:00,4850.0,4915.0,4850.0,4895.0,354469,0.0,0.0
2023-11-16 12:00:00+09:00,4895.0,4905.0,4830.0,4845.0,245159,0.0,0.0
2023-11-16 13:00:00+09:00,4845.0,4860.0,4790.0,4810.0,279879,0.0,0.0
2023-11-16 14:00:00+09:00,4810.0,4815.0,4740.0,4770.0,341964,0.0,0.0
2023-11-17 09:00:00+09:00,4805.0,5060.0,4710.0,4960.0,3369466,0.0,0.0
2023-11-17 10:00:00+09:00,4960.0,4965.0,4825.0,4835.0,714307,0.0,0.0
2023-11-17 11:00:00+09:00,4840.0,4855.0,4780.0,4830.0,335457,0.0,0.0
2023-11-17 12:00:00+09:00,4825.0,4850.0,4800.0,4830.0,171317,0.0,0.0
2023-11-17 13:00:00+09:00,4830.0,4900.0,4820.0,4870.0,290624,0.0,0.0
2023-11-17 14:00:00+09:00,4870.0,4985.0,4845.0,4975.0,574717,0.0,0.0
2023-11-20 09:00:00+09:00,4945.0,5050.0,4905.0,4990.0,0,0.0,0.0
2023-11-20 10:00:00+09:00,4990.0,5020.0,4945.0,4960.0,389348,0.0,0.0
2023-11-20 11:00:00+09:00,4955.0,5020.0,4950.0,4995.0,235781,0.0,0.0
2023-11-20 12:00:00+09:00,4995.0,5020.0,4985.0,4995.0,188313,0.0,0.0
2023-11-20 13:00:00+09:00,4995.0,5020.0,4975.0,4985.0,175368,0.0,0.0
2023-11-20 14:00:00+09:00,4985.0,5000.0,4965.0,4970.0,137034,0.0,0.0
2023-11-21 09:00:00+09:00,5420.0,5420.0,5150.0,5180.0,3430509,0.0,0.0
2023-11-21 10:00:00+09:00,5180.0,5240.0,5130.0,5150.0,487709,0.0,0.0
2023-11-21 11:00:00+09:00,5150.0,5200.0,5150.0,5170.0,192294,0.0,0.0
2023-11-21 12:00:00+09:00,5170.0,5230.0,5160.0,5190.0,276497,0.0,0.0
2023-11-21 13:00:00+09:00,5200.0,5200.0,5140.0,5150.0,256003,0.0,0.0
2023-11-21 14:00:00+09:00,5150.0,5170.0,5120.0,5120.0,213168,0.0,0.0
2023-11-22 09:00:00+09:00,4995.0,5140.0,4895.0,4955.0,952365,0.0,0.0
2023-11-22 10:00:00+09:00,4955.0,4960.0,4900.0,4925.0,237553,0.0,0.0
2023-11-22 11:00:00+09:00,4930.0,4965.0,4915.0,4950.0,109558,0.0,0.0
2023-11-22 12:00:00+09:00,4950.0,4965.0,4930.0,4950.0,73871,0.0,0.0
2023-11-22 13:00:00+09:00,4950.0,4960.0,4935.0,4940.0,78346,0.0,0.0
2023-11-22 14:00:00+09:00,4940.0,4985.0,4940.0,4945.0,172322,0.0,0.0
2023-11-23 09:00:00+09:00,4935.0,5000.0,4875.0,4950.0,374034,0.0,0.0
2023-11-23 10:00:00+09:00,4955.0,4975.0,4925.0,4935.0,118083,0.0,0.0
2023-11-23 11:00:00+09:00,4930.0,4945.0,4920.0,4930.0,77836,0.0,0.0
2023-11-23 12:00:00+09:00,4925.0,4930.0,4860.0,4865.0,178213,0.0,0.0
2023-11-23 13:00:00+09:00,4865.0,4875.0,4835.0,4850.0,185157,0.0,0.0
2023-11-23 14:00:00+09:00,4850.0,4850.0,4775.0,4800.0,236099,0.0,0.0
2023-11-24 09:00:00+09:00,4805.0,4915.0,4780.0,4865.0,336766,0.0,0.0
2023-11-24 10:00:00+09:00,4865.0,4875.0,4835.0,4835.0,100622,0.0,0.0
2023-11-24 11:00:00+09:00,4835.0,4875.0,4810.0,4870.0,73070,0.0,0.0
2023-11-24 12:00:00+09:00,4865.0,4870.0,4830.0,4830.0,29000,0.0,0.0
2023-11-24 13:00:00+09:00,4830.0,4840.0,4805.0,4810.0,90789,0.0,0.0
2023-11-24 14:00:00+09:00,4815.0,4840.0,4800.0,4825.0,98605,0.0,0.0
2023-11-27 09:00:00+09:00,4775.0,4790.0,4620.0,4645.0,0,0.0,0.0
2023-11-27 10:00:00+09:00,4645.0,4695.0,4630.0,4675.0,164736,0.0,0.0
2023-11-27 11:00:00+09:00,4675.0,4730.0,4660.0,4710.0,147355,0.0,0.0
2023-11-27 12:00:00+09:00,4710.0,4805.0,4680.0,4785.0,138322,0.0,0.0
2023-11-27 13:00:00+09:00,4785.0,4830.0,4755.0,4800.0,181733,0.0,0.0
2023-11-27 14:00:00+09:00,4800.0,4815.0,4740.0,4755.0,107925,0.0,0.0
2023-11-28 09:00:00+09:00,4775.0,4880.0,4725.0,4785.0,494822,0.0,0.0
2023-11-28 10:00:00+09:00,4785.0,4875.0,4785.0,4860.0,355621,0.0,0.0
2023-11-28 11:00:00+09:00,4855.0,4910.0,4840.0,4875.0,452607,0.0,0.0
2023-11-28 12:00:00+09:00,4875.0,4885.0,4835.0,4875.0,157576,0.0,0.0
2023-11-28 13:00:00+09:00,4875.0,4975.0,4875.0,4935.0,762255,0.0,0.0
2023-11-28 14:00:00+09:00,4935.0,5060.0,4935.0,5030.0,871561,0.0,0.0
2023-11-29 09:00:00+09:00,5030.0,5110.0,4970.0,5090.0,959234,0.0,0.0
2023-11-29 10:00:00+09:00,5090.0,5100.0,5020.0,5090.0,279806,0.0,0.0
2023-11-29 11:00:00+09:00,5090.0,5150.0,5050.0,5070.0,332698,0.0,0.0
2023-11-29 12:00:00+09:00,5070.0,5120.0,5050.0,5060.0,206435,0.0,0.0
2023-11-29 13:00:00+09:00,5070.0,5120.0,5060.0,5080.0,243853,0.0,0.0
2023-11-29 14:00:00+09:00,5080.0,5090.0,4965.0,5000.0,431709,0.0,0.0
2023-11-30 09:00:00+09:00,5040.0,5050.0,4940.0,4975.0,444960,0.0,0.0
2023-11-30 10:00:00+09:00,4975.0,4980.0,4930.0,4975.0,197283,0.0,0.0
2023-11-30 11:00:00+09:00,4980.0,4985.0,4935.0,4935.0,136070,0.0,0.0
2023-11-30 12:00:00+09:00,4935.0,4955.0,4875.0,4955.0,302177,0.0,0.0
2023-11-30 13:00:00+09:00,4950.0,4960.0,4920.0,4955.0,119095,0.0,0.0
2023-11-30 14:00:00+09:00,4955.0,5200.0,4945.0,5060.0,1302899,0.0,0.0
2023-12-01 09:00:00+09:00,5030.0,5040.0,4900.0,4905.0,510458,0.0,0.0
2023-12-01 10:00:00+09:00,4905.0,4970.0,4905.0,4945.0,131036,0.0,0.0
2023-12-01 11:00:00+09:00,4945.0,4960.0,4925.0,4940.0,83732,0.0,0.0
2023-12-01 12:00:00+09:00,4940.0,4945.0,4910.0,4915.0,91939,0.0,0.0
2023-12-01 13:00:00+09:00,4915.0,4930.0,4900.0,4905.0,97968,0.0,0.0
2023-12-01 14:00:00+09:00,4900.0,4945.0,4890.0,4920.0,158619,0.0,0.0
2023-12-04 09:00:00+09:00,4905.0,4935.0,4830.0,4845.0,0,0.0,0.0
2023-12-04 10:00:00+09:00,4845.0,4845.0,4760.0,4810.0,272822,0.0,0.0
2023-12-04 11:00:00+09:00,4810.0,4830.0,4805.0,4815.0,56091,0.0,0.0
2023-12-04 12:00:00+09:00,4820.0,4825.0,4780.0,4805.0,93273,0.0,0.0
2023-12-04 13:00:00+09:00,4795.0,4830.0,4775.0,4815.0,114277,0.0,0.0
2023-12-04 14:00:00+09:00,4810.0,4820.0,4790.0,4800.0,115114,0.0,0.0
2023-12-05 09:00:00+09:00,4730.0,4845.0,4720.0,4795.0,199744,0.0,0.0
2023-12-05 10:00:00+09:00,4795.0,4810.0,4755.0,4765.0,109733,0.0,0.0
2023-12-05 11:00:00+09:00,4765.0,4800.0,4750.0,4755.0,71386,0.0,0.0
2023-12-05 12:00:00+09:00,4750.0,4775.0,4740.0,4755.0,70118,0.0,0.0
2023-12-05 13:00:00+09:00,4750.0,4760.0,4675.0,4675.0,186917,0.0,0.0
2023-12-05 14:00:00+09:00,4675.0,4710.0,4590.0,4610.0,281951,0.0,0.0
2023-12-06 09:00:00+09:00,4620.0,4660.0,4450.0,4520.0,316718,0.0,0.0
2023-12-06 10:00:00+09:00,4520.0,4650.0,4510.0,4630.0,151032,0.0,0.0
2023-12-06 11:00:00+09:00,4630.0,4670.0,4630.0,4650.0,123348,0.0,0.0
2023-12-06 12:00:00+09:00,4650.0,4655.0,4600.0,4600.0,47094,0.0,0.0
2023-12-06 13:00:00+09:00,4600.0,4645.0,4580.0,4630.0,51444,0.0,0.0
2023-12-06 14:00:00+09:00,4630.0,4635.0,4595.0,4595.0,86159,0.0,0.0
2023-12-07 09:00:00+09:00,4585.0,4615.0,4525.0,4545.0,188777,0.0,0.0
2023-12-07 10:00:00+09:00,4550.0,4555.0,4495.0,4500.0,172964,0.0,0.0
2023-12-07 11:00:00+09:00,4500.0,4540.0,4500.0,4525.0,37977,0.0,0.0
2023-12-07 12:00:00+09:00,4525.0,4525.0,4490.0,4510.0,73711,0.0,0.0
2023-12-07 13:00:00+09:00,4510.0,4510.0,4450.0,4470.0,174605,0.0,0.0
2023-12-07 14:00:00+09:00,4470.0,4485.0,4440.0,4465.0,117307,0.0,0.0
2023-12-08 09:00:00+09:00,4590.0,4720.0,4570.0,4610.0,368786,0.0,0.0
2023-12-08 10:00:00+09:00,4610.0,4610.0,4545.0,4560.0,126699,0.0,0.0
2023-12-08 11:00:00+09:00,4560.0,4595.0,4560.0,4585.0,24948,0.0,0.0
2023-12-08 12:00:00+09:00,4585.0,4585.0,4555.0,4560.0,50135,0.0,0.0
2023-12-08 13:00:00+09:00,4570.0,4640.0,4560.0,4615.0,95722,0.0,0.0
2023-12-08 14:00:00+09:00,4615.0,4695.0,4610.0,4680.0,310266,0.0,0.0
2023-12-11 09:00:00+09:00,4690.0,4725.0,4635.0,4650.0,0,0.0,0.0
2023-12-11 10:00:00+09:00,4650.0,4695.0,4640.0,4650.0,99034,0.0,0.0
2023-12-11 11:00:00+09:00,4650.0,4680.0,4640.0,4655.0,57108,0.0,0.0
2023-12-11 12:00:00+09:00,4655.0,4685.0,4645.0,4670.0,49575,0.0,0.0
2023-12-11 13:00:00+09:00,4670.0,4690.0,4640.0,4640.0,64594,0.0,0.0
2023-12-11 14:00:00+09:00,4640.0,4690.0,4640.0,4675.0,75088,0.0,0.0
2023-12-12 09:00:00+09:00,4625.0,4665.0,4510.0,4545.0,232445,0.0,0.0
2023-12-12 10:00:00+09:00,4550.0,4570.0,4515.0,4525.0,114642,0.0,0.0
2023-12-12 11:00:00+09:00,4530.0,4540.0,4515.0,4540.0,69045,0.0,0.0
2023-12-12 12:00:00+09:00,4540.0,4540.0,4515.0,4525.0,65691,0.0,0.0
2023-12-12 13:00:00+09:00,4525.0,4685.0,4520.0,4620.0,201512,0.0,0.0
2023-12-12 14:00:00+09:00,4620.0,4625.0,4560.0,4605.0,75123,0.0,0.0
2023-12-13 09:00:00+09:00,4645.0,4645.0,4535.0,4545.0,191255,0.0,0.0
2023-12-13 10:00:00+09:00,4540.0,4575.0,4540.0,4570.0,49812,0.0,0.0
2023-12-13 11:00:00+09:00,4570.0,4580.0,4560.0,4575.0,29127,0.0,0.0
2023-12-13 12:00:00+09:00,4580.0,4580.0,4545.0,4545.0,37065,0.0,0.0
2023-12-13 13:00:00+09:00,4545.0,4565.0,4530.0,4555.0,70986,0.0,0.0
2023-12-13 14:00:00+09:00,4560.0,4605.0,4520.0,4530.0,115822,0.0,0.0
2023-12-14 09:00:00+09:00,4565.0,4615.0,4550.0,4570.0,242142,0.0,0.0
2023-12-14 10:00:00+09:00,4575.0,4575.0,4460.0,4480.0,150485,0.0,0.0
2023-12-14 11:00:00+09:00,4480.0,4485.0,4440.0,4485.0,102078,0.0,0.0
2023-12-14 12:00:00+09:00,4470.0,4495.0,4460.0,4470.0,30330,0.0,0.0
2023-12-14 13:00:00+09:00,4475.0,4500.0,4475.0,4490.0,35295,0.0,0.0
2023-12-14 14:00:00+09:00,4490.0,4495.0,4415.0,4425.0,143329,0.0,0.0
2023-12-15 09:00:00+09:00,4425.0,4525.0,4405.0,4475.0,240133,0.0,0.0
2023-12-15 10:00:00+09:00,4475.0,4530.0,4475.0,4510.0,108856,0.0,0.0
2023-12-15 11:00:00+09:00,4510.0,4515.0,4485.0,4485.0,50341,0.0,0.0
2023-12-15 12:00:00+09:00,4485.0,4485.0,4390.0,4420.0,127577,0.0,0.0
2023-12-15 13:00:00+09:00,4415.0,4445.0,4395.0,4395.0,109846,0.0,0.0
2023-12-15 14:00:00+09:00,4395.0,4400.0,4350.0,4370.0,164065,0.0,0.0
2023-12-18 09:00:00+09:00,4420.0,4545.0,4405.0,4540.0,0,0.0,0.0
2023-12-18 10:00:00+09:00,4540.0,4620.0,4515.0,4570.0,393792,0.0,0.0
2023-12-18 11:00:00+09:00,4575.0,4580.0,4555.0,4560.0,65620,0.0,0.0
2023-12-18 12:00:00+09:00,4560.0,4580.0,4550.0,4560.0,64121,0.0,0.0
2023-12-18 13:00:00+09:00,4560.0,4595.0,4495.0,4590.0,130236,0.0,0.0
2023-12-18 14:00:00+09:00,4590.0,4740.0,4575.0,4700.0,697343,0.0,0.0
2023-12-19 09:00:00+09:00,4845.0,4860.0,4720.0,4725.0,953690,0.0,0.0
2023-12-19 10:00:00+09:00,4725.0,4730.0,4660.0,4685.0,199196,0.0,0.0
2023-12-19 11:00:00+09:00,4680.0,4760.0,4675.0,4725.0,107487,0.0,0.0
2023-12-19 12:00:00+09:00,4730.0,4740.0,4700.0,4730.0,61124,0.0,0.0
2023-12-19 13:00:00+09:00,4730.0,4730.0,4690.0,4695.0,70656,0.0,0.0
2023-12-19 14:00:00+09:00,4695.0,4705.0,4660.0,4695.0,95386,0.0,0.0
2023-12-20 09:00:00+09:00,4670.0,4715.0,4635.0,4660.0,217642,0.0,0.0
2023-12-20 10:00:00+09:00,4660.0,4660.0,4615.0,4660.0,127054,0.0,0.0
2023-12-20 11:00:00+09:00,4655.0,4675.0,4640.0,4645.0,72956,0.0,0.0
2023-12-20 12:00:00+09:00,4640.0,4645.0,4605.0,4625.0,115096,0.0,0.0
2023-12-20 13:00:00+09:00,4620.0,4635.0,4615.0,4620.0,46211,0.0,0.0
2023-12-20 14:00:00+09:00,4615.0,4620.0,4575.0,4580.0,227230,0.0,0.0
2023-12-21 09:00:00+09:00,4525.0,4580.0,4495.0,4550.0,201689,0.0,0.0
2023-12-21 10:00:00+09:00,4550.0,4575.0,4460.0,4460.0,152245,0.0,0.0
2023-12-21 11:00:00+09:00,4460.0,4540.0,4460.0,4505.0,82102,0.0,0.0
2023-12-21 12:00:00+09:00,4505.0,4510.0,4480.0,4500.0,82388,0.0,0.0
2023-12-21 13:00:00+09:00,4495.0,4500.0,4465.0,4490.0,125915,0.0,0.0
2023-12-21 14:00:00+09:00,4490.0,4740.0,4480.0,4560.0,838963,0.0,0.0
2023-12-22 09:00:00+09:00,4580.0,4595.0,4485.0,4515.0,280241,0.0,0.0
2023-12-22 10:00:00+09:00,4515.0,4520.0,4485.0,4485.0,81846,0.0,0.0
2023-12-22 11:00:00+09:00,4490.0,4505.0,4475.0,4500.0,139949,0.0,0.0
2023-12-22 12:00:00+09:00,4500.0,4510.0,4490.0,4495.0,49593,0.0,0.0
2023-12-22 13:00:00+09:00,4495.0,4505.0,4485.0,4495.0,33810,0.0,0.0
2023-12-22 14:00:00+09:00,4495.0,4495.0,4460.0,4460.0,121223,0.0,0.0
2023-12-26 09:00:00+09:00,4450.0,4485.0,4310.0,4350.0,0,0.0,0.0
2023-12-26 10:00:00+09:00,4345.0,4350.0,4310.0,4325.0,150248,0.0,0.0
2023-12-26 11:00:00+09:00,4325.0,4335.0,4320.0,4330.0,54151,0.0,0.0
2023-12-26 12:00:00+09:00,4325.0,4365.0,4325.0,4365.0,50225,0.0,0.0
2023-12-26 13:00:00+09:00,4365.0,4370.0,4320.0,4340.0,75691,0.0,0.0
2023-12-26 14:00:00+09:00,4335.0,4520.0,4320.0,4480.0,253509,0.0,0.0
2023-12-27 09:00:00+09:00,4470.0,4605.0,4425.0,4480.0,476985,0.0,0.0
2023-12-27 10:00:00+09:00,4480.0,4485.0,4435.0,4465.0,122391,0.0,0.0
2023-12-27 11:00:00+09:00,4480.0,4485.0,4450.0,4470.0,35622,0.0,0.0
2023-12-27 12:00:00+09:00,4475.0,4485.0,4455.0,4470.0,33315,0.0,0.0
2023-12-27 13:00:00+09:00,4470.0,4480.0,4430.0,4440.0,95754,0.0,0.0
2023-12-27 14:00:00+09:00,4440.0,4470.0,4390.0,4460.0,198773,0.0,0.0
2023-12-28 09:00:00+09:00,4440.0,4465.0,4365.0,4410.0,263459,0.0,0.0
2023-12-28 10:00:00+09:00,4410.0,4435.0,4390.0,4415.0,101340,0.0,0.0
2023-12-28 11:00:00+09:00,4410.0,4420.0,4385.0,4410.0,82747,0.0,0.0
2023-12-28 12:00:00+09:00,4410.0,4425.0,4405.0,4410.0,52211,0.0,0.0
2023-12-28 13:00:00+09:00,4415.0,4415.0,4385.0,4400.0,90339,0.0,0.0
2023-12-28 14:00:00+09:00,4400.0,4405.0,4385.0,4400.0,90289,0.0,0.0
2024-01-02 10:00:00+09:00,4430.0,4435.0,4380.0,4390.0,171545,0.0,0.0
2024-01-02 11:00:00+09:00,4390.0,4455.0,4380.0,4425.0,137714,0.0,0.0
2024-01-02 12:00:00+09:00,4425.0,4435.0,4410.0,4415.0,36830,0.0,0.0
2024-01-02 13:00:00+09:00,4415.0,4435.0,4405.0,4430.0,48786,0.0,0.0
2024-01-02 14:00:00+09:00,4430.0,4440.0,4415.0,4435.0,85760,0.0,0.0
2024-01-03 09:00:00+09:00,4420.0,4420.0,4350.0,4355.0,331204,0.0,0.0
2024-01-03 10:00:00+09:00,4355.0,4355.0,4310.0,4335.0,135625,0.0,0.0
2024-01-03 11:00:00+09:00,4335.0,4345.0,4315.0,4330.0,76782,0.0,0.0
2024-01-03 12:00:00+09:00,4325.0,4340.0,4310.0,4310.0,72848,0.0,0.0
2024-01-03 13:00:00+09:00,4315.0,4325.0,4310.0,4315.0,57773,0.0,0.0
2024-01-03 14:00:00+09:00,4315.0,4330.0,4300.0,4330.0,128589,0.0,0.0
2024-01-04 09:00:00+09:00,4300.0,4305.0,4225.0,4240.0,196144,0.0,0.0
2024-01-04 10:00:00+09:00,4235.0,4245.0,4145.0,4160.0,346339,0.0,0.0
2024-01-04 11:00:00+09:00,4165.0,4230.0,4150.0,4225.0,113021,0.0,0.0
2024-01-04 12:00:00+09:00,4225.0,4230.0,4180.0,4205.0,39049,0.0,0.0
2024-01-04 13:00:00+09:00,4205.0,4215.0,4175.0,4205.0,75097,0.0,0.0
2024-01-04 14:00:00+09:00,4200.0,4205.0,4175.0,4185.0,98616,0.0,0.0
2024-01-05 09:00:00+09:00,4255.0,4800.0,4250.0,4745.0,3495814,0.0,0.0
2024-01-05 10:00:00+09:00,4740.0,5450.0,4725.0,5420.0,14221089,0.0,0.0
2024-01-05 11:00:00+09:00,5420.0,5460.0,5320.0,5460.0,5754713,0.0,0.0
2024-01-05 12:00:00+09:00,5460.0,5460.0,5460.0,5460.0,168059,0.0,0.0
2024-01-05 13:00:00+09:00,5460.0,5460.0,5460.0,5460.0,55441,0.0,0.0
2024-01-05 14:00:00+09:00,5460.0,5460.0,5460.0,5460.0,45112,0.0,0.0
2024-01-08 09:00:00+09:00,6080.0,6930.0,5930.0,6570.0,3690022,0.0,0.0
2024-01-08 10:00:00+09:00,6560.0,6660.0,6410.0,6640.0,3663872,0.0,0.0
2024-01-08 11:00:00+09:00,6640.0,6850.0,6590.0,6730.0,5276218,0.0,0.0
2024-01-08 12:00:00+09:00,6730.0,6840.0,6600.0,6680.0,2543925,0.0,0.0
2024-01-08 13:00:00+09:00,6680.0,6800.0,6620.0,6790.0,2465755,0.0,0.0
2024-01-08 14:00:00+09:00,6790.0,6900.0,6300.0,6450.0,6646478,0.0,0.0
2024-01-09 09:00:00+09:00,6620.0,6770.0,6510.0,6580.0,6465606,0.0,0.0
2024-01-09 10:00:00+09:00,6580.0,6650.0,6550.0,6590.0,1264001,0.0,0.0
2024-01-09 11:00:00+09:00,6600.0,6600.0,6400.0,6450.0,1532803,0.0,0.0
2024-01-09 12:00:00+09:00,6460.0,6480.0,6320.0,6370.0,1240027,0.0,0.0
2024-01-09 13:00:00+09:00,6370.0,6550.0,6370.0,6540.0,1034844,0.0,0.0
2024-01-09 14:00:00+09:00,6540.0,6640.0,6490.0,6550.0,1508168,0.0,0.0
2024-01-10 09:00:00+09:00,6500.0,7290.0,6250.0,6470.0,15585643,0.0,0.0
2024-01-10 10:00:00+09:00,6460.0,6840.0,6380.0,6670.0,3837374,0.0,0.0
2024-01-10 11:00:00+09:00,6670.0,6890.0,6620.0,6740.0,2790779,0.0,0.0
2024-01-10 12:00:00+09:00,6750.0,6800.0,6610.0,6680.0,1256442,0.0,0.0
2024-01-10 13:00:00+09:00,6680.0,6880.0,6620.0,6800.0,1715091,0.0,0.0
2024-01-10 14:00:00+09:00,6800.0,7060.0,6620.0,6670.0,5957131,0.0,0.0
2024-01-11 09:00:00+09:00,6810.0,7060.0,6520.0,6790.0,6433334,0.0,0.0
2024-01-11 10:00:00+09:00,6790.0,7200.0,6730.0,7190.0,3034101,0.0,0.0
2024-01-11 11:00:00+09:00,7190.0,7720.0,6960.0,7040.0,11146579,0.0,0.0
2024-01-11 12:00:00+09:00,7050.0,7200.0,6900.0,6920.0,2471770,0.0,0.0
2024-01-11 13:00:00+09:00,6910.0,7010.0,6800.0,6870.0,1812816,0.0,0.0
2024-01-11 14:00:00+09:00,6870.0,6970.0,6810.0,6870.0,821203,0.0,0.0
2024-01-12 09:00:00+09:00,6600.0,6600.0,6390.0,6390.0,809701,0.0,0.0
2024-01-12 10:00:00+09:00,6300.0,6380.0,6300.0,6380.0,735185,0.0,0.0
2024-01-12 11:00:00+09:00,6480.0,6490.0,6480.0,6490.0,88363,0.0,0.0
2024-01-12 12:00:00+09:00,6460.0,6460.0,6400.0,6400.0,90631,0.0,0.0
2024-01-12 13:00:00+09:00,6350.0,6350.0,6300.0,6300.0,307692,0.0,0.0
2024-01-12 14:00:00+09:00,6300.0,6300.0,6290.0,6290.0,129585,0.0,0.0
2024-01-15 09:00:00+09:00,6210.0,6440.0,6210.0,6440.0,0,0.0,0.0
2024-01-15 10:00:00+09:00,6450.0,6450.0,6390.0,6390.0,683281,0.0,0.0
2024-01-15 11:00:00+09:00,6300.0,6310.0,6300.0,6310.0,128710,0.0,0.0
2024-01-15 12:00:00+09:00,6380.0,6450.0,6380.0,6450.0,146849,0.0,0.0
2024-01-15 13:00:00+09:00,6440.0,6440.0,6440.0,6440.0,98589,0.0,0.0
2024-01-15 14:00:00+09:00,6450.0,6520.0,6450.0,6520.0,137745,0.0,0.0
2024-01-16 09:00:00+09:00,6530.0,6530.0,6320.0,6320.0,326576,0.0,0.0
2024-01-16 10:00:00+09:00,6260.0,6260.0,6260.0,6260.0,334988,0.0,0.0
2024-01-16 11:00:00+09:00,6330.0,6350.0,6330.0,6350.0,141065,0.0,0.0
2024-01-16 12:00:00+09:00,6330.0,6400.0,6330.0,6400.0,123124,0.0,0.0
2024-01-16 13:00:00+09:00,6430.0,6430.0,6380.0,6380.0,122644,0.0,0.0
2024-01-16 14:00:00+09:00,6460.0,6460.0,6400.0,6400.0,215372,0.0,0.0
2024-01-17 09:00:00+09:00,6920.0,7200.0,6610.0,6670.0,8575944,0.0,0.0
2024-01-17 10:00:00+09:00,6670.0,7070.0,6670.0,6990.0,3370325,0.0,0.0
2024-01-17 11:00:00+09:00,6990.0,7010.0,6710.0,6740.0,1482626,0.0,0.0
2024-01-17 12:00:00+09:00,6740.0,6890.0,6700.0,6800.0,736144,0.0,0.0
2024-01-17 13:00:00+09:00,6810.0,6940.0,6790.0,6900.0,1184564,0.0,0.0
2024-01-17 14:00:00+09:00,6900.0,6900.0,6520.0,6680.0,1397165,0.0,0.0
2024-01-18 09:00:00+09:00,6640.0,6790.0,6330.0,6770.0,2029557,0.0,0.0
2024-01-18 10:00:00+09:00,6770.0,7180.0,6730.0,7100.0,4934355,0.0,0.0
2024-01-18 11:00:00+09:00,7090.0,7170.0,6920.0,6940.0,2730548,0.0,0.0
2024-01-18 12:00:00+09:00,6950.0,7180.0,6940.0,7050.0,2362509,0.0,0.0
2024-01-18 13:00:00+09:00,7050.0,7060.0,6720.0,6810.0,1715178,0.0,0.0
2024-01-18 14:00:00+09:00,6810.0,7080.0,6790.0,7000.0,1376778,0.0,0.0
2024-01-19 09:00:00+09:00,7350.0,7500.0,7060.0,7230.0,8269066,0.0,0.0
2024-01-19 10:00:00+09:00,7210.0,7230.0,6950.0,7030.0,1829402,0.0,0.0
2024-01-19 11:00:00+09:00,7030.0,7160.0,7020.0,7060.0,718328,0.0,0.0
2024-01-19 12:00:00+09:00,7060.0,7170.0,7050.0,7080.0,528423,0.0,0.0
2024-01-19 13:00:00+09:00,7090.0,7090.0,6950.0,6990.0,733558,0.0,0.0
2024-01-19 14:00:00+09:00,7000.0,7280.0,6850.0,7160.0,1718363,0.0,0.0
2024-01-22 09:00:00+09:00,8190.0,9550.0,7970.0,8580.0,9787069,0.0,0.0
2024-01-22 10:00:00+09:00,8590.0,8890.0,8420.0,8760.0,6758902,0.0,0.0
2024-01-22 11:00:00+09:00,8760.0,8850.0,8540.0,8660.0,1912265,0.0,0.0
2024-01-22 12:00:00+09:00,8670.0,8810.0,8620.0,8720.0,1363322,0.0,0.0
2024-01-22 13:00:00+09:00,8720.0,8800.0,8440.0,8480.0,2012346,0.0,0.0
2024-01-22 14:00:00+09:00,8480.0,8670.0,8470.0,8570.0,1464676,0.0,0.0
2024-01-23 09:00:00+09:00,8320.0,8790.0,8010.0,8690.0,6444729,0.0,0.0
2024-01-23 10:00:00+09:00,8690.0,9000.0,8500.0,8670.0,5290657,0.0,0.0
2024-01-23 11:00:00+09:00,8670.0,8770.0,8600.0,8650.0,1011197,0.0,0.0
2024-01-23 12:00:00+09:00,8640.0,8750.0,8520.0,8550.0,1014776,0.0,0.0
2024-01-23 13:00:00+09:00,8550.0,8570.0,8200.0,8290.0,2210172,0.0,0.0
2024-01-23 14:00:00+09:00,8300.0,8450.0,8210.0,8370.0,769691,0.0,0.0
2024-01-24 09:00:00+09:00,8500.0,8500.0,7780.0,8030.0,3061206,0.0,0.0
2024-01-24 10:00:00+09:00,8040.0,8230.0,7910.0,8130.0,791572,0.0,0.0
2024-01-24 11:00:00+09:00,8130.0,8400.0,8040.0,8330.0,960305,0.0,0.0
2024-01-24 12:00:00+09:00,8330.0,8410.0,8220.0,8370.0,654074,0.0,0.0
2024-01-24 13:00:00+09:00,8390.0,8620.0,8310.0,8390.0,2475224,0.0,0.0
2024-01-24 14:00:00+09:00,8390.0,8880.0,8390.0,8820.0,6417458,0.0,0.0
2024-01-25 09:00:00+09:00,8650.0,8830.0,8470.0,8480.0,3217978,0.0,0.0
2024-01-25 10:00:00+09:00,8470.0,8720.0,8470.0,8610.0,934544,0.0,0.0
2024-01-25 11:00:00+09:00,8610.0,8820.0,8570.0,8620.0,1104461,0.0,0.0
2024-01-25 12:00:00+09:00,8630.0,8650.0,8520.0,8560.0,457632,0.0,0.0
2024-01-25 13:00:00+09:00,8570.0,8580.0,8400.0,8430.0,802626,0.0,0.0
2024-01-25 14:00:00+09:00,8430.0,8690.0,8400.0,8520.0,701376,0.0,0.0
2024-01-26 09:00:00+09:00,8460.0,8540.0,8020.0,8350.0,2242645,0.0,0.0
2024-01-26 10:00:00+09:00,8350.0,8640.0,8230.0,8620.0,1376895,0.0,0.0
2024-01-26 11:00:00+09:00,8600.0,8620.0,8280.0,8330.0,1179839,0.0,0.0
2024-01-26 12:00:00+09:00,8320.0,8430.0,8290.0,8350.0,369236,0.0,0.0
2024-01-26 13:00:00+09:00,8350.0,8430.0,8130.0,8160.0,528878,0.0,0.0
2024-01-26 14:00:00+09:00,8160.0,8370.0,8120.0,8280.0,599872,0.0,0.0
2024-01-29 09:00:00+09:00,8200.0,8220.0,7170.0,7320.0,0,0.0,0.0
2024-01-29 10:00:00+09:00,7320.0,7330.0,7100.0,7200.0,1415603,0.0,0.0
2024-01-29 11:00:00+09:00,7200.0,7260.0,7030.0,7090.0,763434,0.0,0.0
2024-01-29 12:00:00+09:00,7100.0,7150.0,7040.0,7140.0,505752,0.0,0.0
2024-01-29 13:00:00+09:00,7140.0,7210.0,6910.0,6970.0,960224,0.0,0.0
2024-01-29 14:00:00+09:00,6930.0,7050.0,6860.0,6990.0,949637,0.0,0.0
2024-01-30 09:00:00+09:00,7030.0,7160.0,6860.0,6890.0,1846000,0.0,0.0
2024-01-30 10:00:00+09:00,6890.0,7080.0,6770.0,6990.0,956761,0.0,0.0
2024-01-30 11:00:00+09:00,6980.0,7010.0,6860.0,6870.0,261651,0.0,0.0
2024-01-30 12:00:00+09:00,6900.0,6970.0,6820.0,6830.0,351735,0.0,0.0
2024-01-30 13:00:00+09:00,6820.0,6890.0,6780.0,6880.0,329825,0.0,0.0
2024-01-30 14:00:00+09:00,6870.0,7190.0,6870.0,7130.0,1083264,0.0,0.0
2024-01-31 09:00:00+09:00,6980.0,7130.0,6820.0,6900.0,1226609,0.0,0.0
2024-01-31 10:00:00+09:00,6900.0,6910.0,6690.0,6690.0,834305,0.0,0.0
2024-01-31 11:00:00+09:00,6690.0,6740.0,6480.0,6500.0,871797,0.0,0.0
2024-01-31 12:00:00+09:00,6500.0,6600.0,6400.0,6450.0,771461,0.0,0.0
2024-01-31 13:00:00+09:00,6450.0,6590.0,6320.0,6570.0,978151,0.0,0.0
2024-01-31 14:00:00+09:00,6580.0,6710.0,6550.0,6620.0,590724,0.0,0.0
2024-02-01 09:00:00+09:00,6660.0,6700.0,6400.0,6480.0,1168665,0.0,0.0
2024-02-01 10:00:00+09:00,6480.0,6570.0,6370.0,6490.0,617797,0.0,0.0
2024-02-01 11:00:00+09:00,6500.0,6510.0,6310.0,6420.0,383274,0.0,0.0
2024-02-01 12:00:00+09:00,6420.0,6560.0,6400.0,6440.0,305193,0.0,0.0
2024-02-01 13:00:00+09:00,6450.0,6480.0,6350.0,6430.0,220718,0.0,0.0
2024-02-01 14:00:00+09:00,6430.0,6490.0,6350.0,6420.0,312004,0.0,0.0
2024-02-02 09:00:00+09:00,6660.0,6820.0,6410.0,6760.0,2129893,0.0,0.0
2024-02-02 10:00:00+09:00,6750.0,6770.0,6550.0,6600.0,733106,0.0,0.0
2024-02-02 11:00:00+09:00,6600.0,6610.0,6430.0,6500.0,625827,0.0,0.0
2024-02-02 12:00:00+09:00,6500.0,6560.0,6450.0,6460.0,231062,0.0,0.0
2024-02-02 13:00:00+09:00,6460.0,6490.0,6350.0,6420.0,536737,0.0,0.0
2024-02-02 14:00:00+09:00,6420.0,6430.0,6320.0,6340.0,435571,0.0,0.0
2024-02-05 09:00:00+09:00,6370.0,6430.0,6180.0,6280.0,0,0.0,0.0
2024-02-05 10:00:00+09:00,6280.0,6370.0,6220.0,6320.0,225275,0.0,0.0
2024-02-05 11:00:00+09:00,6310.0,6320.0,6200.0,6240.0,228029,0.0,0.0
2024-02-05 12:00:00+09:00,6230.0,6330.0,6210.0,6210.0,294377,0.0,0.0
2024-02-05 13:00:00+09:00,6220.0,6310.0,6200.0,6230.0,175945,0.0,0.0
2024-02-05 14:00:00+09:00,6230.0,6280.0,6190.0,6210.0,252689,0.0,0.0
2024-02-06 09:00:00+09:00,6280.0,6370.0,5840.0,5890.0,1455235,0.0,0.0
2024-02-06 10:00:00+09:00,5890.0,6050.0,5870.0,6020.0,307894,0.0,0.0
2024-02-06 11:00:00+09:00,6010.0,6060.0,5950.0,6020.0,153552,0.0,0.0
2024-02-06 12:00:00+09:00,6020.0,6130.0,5980.0,6060.0,274543,0.0,0.0
2024-02-06 13:00:00+09:00,6060.0,6170.0,6050.0,6120.0,299686,0.0,0.0
2024-02-06 14:00:00+09:00,6110.0,6150.0,6020.0,6110.0,325175,0.0,0.0
2024-02-07 09:00:00+09:00,6050.0,6170.0,5840.0,5870.0,883743,0.0,0.0
2024-02-07 10:00:00+09:00,5880.0,5950.0,5860.0,5900.0,315524,0.0,0.0
2024-02-07 11:00:00+09:00,5900.0,5990.0,5880.0,5930.0,202243,0.0,0.0
2024-02-07 12:00:00+09:00,5930.0,5940.0,5860.0,5870.0,182170,0.0,0.0
2024-02-07 13:00:00+09:00,5880.0,5900.0,5810.0,5850.0,262930,0.0,0.0
2024-02-07 14:00:00+09:00,5860.0,7020.0,5850.0,6570.0,10005519,0.0,0.0
2024-02-08 09:00:00+09:00,6650.0,7000.0,6360.0,6810.0,3377202,0.0,0.0
2024-02-08 10:00:00+09:00,6820.0,7100.0,6660.0,6840.0,2635714,0.0,0.0
2024-02-08 11:00:00+09:00,6850.0,6930.0,6760.0,6800.0,719604,0.0,0.0
2024-02-08 12:00:00+09:00,6790.0,6820.0,6740.0,6820.0,391755,0.0,0.0
2024-02-08 13:00:00+09:00,6820.0,6830.0,6520.0,6600.0,921534,0.0,0.0
2024-02-08 14:00:00+09:00,6600.0,6860.0,6600.0,6720.0,739138,0.0,0.0
2024-02-13 09:00:00+09:00,6770.0,6830.0,6550.0,6640.0,0,0.0,0.0
2024-02-13 10:00:00+09:00,6650.0,6700.0,6600.0,6650.0,372274,0.0,0.0
2024-02-13 11:00:00+09:00,6660.0,6750.0,6600.0,6670.0,601202,0.0,0.0
2024-02-13 12:00:00+09:00,6670.0,6670.0,6570.0,6590.0,354601,0.0,0.0
2024-02-13 13:00:00+09:00,6590.0,6600.0,6460.0,6510.0,650166,0.0,0.0
2024-02-13 14:00:00+09:00,6520.0,6570.0,6390.0,6420.0,644565,0.0,0.0
2024-02-14 09:00:00+09:00,6250.0,6550.0,6120.0,6510.0,1302921,0.0,0.0
2024-02-14 10:00:00+09:00,6500.0,6530.0,6360.0,6490.0,401946,0.0,0.0
2024-02-14 11:00:00+09:00,6480.0,6530.0,6410.0,6480.0,358061,0.0,0.0
2024-02-14 12:00:00+09:00,6460.0,6590.0,6440.0,6500.0,850518,0.0,0.0
2024-02-14 13:00:00+09:00,6510.0,6670.0,6500.0,6540.0,643356,0.0,0.0
2024-02-14 14:00:00+09:00,6540.0,6840.0,6540.0,6800.0,1786799,0.0,0.0
2024-02-15 09:00:00+09:00,6830.0,6860.0,6590.0,6700.0,1538506,0.0,0.0
2024-02-15 10:00:00+09:00,6690.0,6750.0,6570.0,6740.0,519923,0.0,0.0
2024-02-15 11:00:00+09:00,6740.0,6760.0,6660.0,6720.0,287090,0.0,0.0
2024-02-15 12:00:00+09:00,6720.0,6750.0,6650.0,6690.0,251766,0.0,0.0
2024-02-15 13:00:00+09:00,6680.0,6870.0,6660.0,6790.0,437729,0.0,0.0
2024-02-15 14:00:00+09:00,6790.0,6870.0,6700.0,6710.0,510121,0.0,0.0
2024-02-16 09:00:00+09:00,6760.0,6870.0,6620.0,6670.0,1011246,0.0,0.0
2024-02-16 10:00:00+09:00,6670.0,6850.0,6650.0,6750.0,719339,0.0,0.0
2024-02-16 11:00:00+09:00,6740.0,6800.0,6720.0,6770.0,223598,0.0,0.0
2024-02-16 12:00:00+09:00,6770.0,6770.0,6660.0,6710.0,236375,0.0,0.0
2024-02-16 13:00:00+09:00,6700.0,6850.0,6690.0,6820.0,405021,0.0,0.0
2024-02-16 14:00:00+09:00,6810.0,7090.0,6760.0,7040.0,2392716,0.0,0.0
2024-02-19 09:00:00+09:00,7020.0,7380.0,6950.0,7160.0,0,0.0,0.0
2024-02-19 10:00:00+09:00,7150.0,7250.0,7070.0,7110.0,988964,0.0,0.0
2024-02-19 11:00:00+09:00,7110.0,7140.0,7000.0,7070.0,652308,0.0,0.0
2024-02-19 12:00:00+09:00,7080.0,7130.0,6970.0,6980.0,420126,0.0,0.0
2024-02-19 13:00:00+09:00,6990.0,7070.0,6970.0,7010.0,256380,0.0,0.0
2024-02-19 14:00:00+09:00,7000.0,7030.0,6940.0,6960.0,292691,0.0,0.0
2024-02-20 09:00:00+09:00,6910.0,6990.0,6650.0,6790.0,784007,0.0,0.0
2024-02-20 10:00:00+09:00,6780.0,6820.0,6700.0,6710.0,240489,0.0,0.0
2024-02-20 11:00:00+09:00,6710.0,6830.0,6680.0,6680.0,342008,0.0,0.0
2024-02-20 12:00:00+09:00,6680.0,6810.0,6670.0,6800.0,130243,0.0,0.0
2024-02-20 13:00:00+09:00,6800.0,6850.0,6720.0,6740.0,238556,0.0,0.0
2024-02-20 14:00:00+09:00,6750.0,6750.0,6680.0,6720.0,253141,0.0,0.0
2024-02-21 09:00:00+09:00,6640.0,6670.0,6380.0,6490.0,897316,0.0,0.0
2024-02-21 10:00:00+09:00,6490.0,6550.0,6470.0,6500.0,176235,0.0,0.0
2024-02-21 11:00:00+09:00,6500.0,6510.0,6450.0,6470.0,122292,0.0,0.0
2024-02-21 12:00:00+09:00,6460.0,6490.0,6410.0,6440.0,258782,0.0,0.0
2024-02-21 13:00:00+09:00,6430.0,6530.0,6420.0,6470.0,129265,0.0,0.0
2024-02-21 14:00:00+09:00,6470.0,6490.0,6370.0,6380.0,334701,0.0,0.0
2024-02-22 09:00:00+09:00,6580.0,7140.0,6520.0,6960.0,2881929,0.0,0.0
2024-02-22 10:00:00+09:00,6960.0,7230.0,6880.0,7030.0,4475633,0.0,0.0
2024-02-22 11:00:00+09:00,7030.0,7280.0,6990.0,7040.0,2420056,0.0,0.0
2024-02-22 12:00:00+09:00,7040.0,7100.0,6970.0,6970.0,883617,0.0,0.0
2024-02-22 13:00:00+09:00,6980.0,7020.0,6860.0,6990.0,941322,0.0,0.0
2024-02-22 14:00:00+09:00,6980.0,7050.0,6880.0,7000.0,726382,0.0,0.0
2024-02-23 09:00:00+09:00,7180.0,7190.0,6900.0,7080.0,2106879,0.0,0.0
2024-02-23 10:00:00+09:00,7100.0,7290.0,6980.0,7260.0,1121307,0.0,0.0
2024-02-23 11:00:00+09:00,7270.0,7350.0,7090.0,7100.0,1841306,0.0,0.0
2024-02-23 12:00:00+09:00,7110.0,7400.0,7080.0,7150.0,1655428,0.0,0.0
2024-02-23 13:00:00+09:00,7150.0,7330.0,7140.0,7240.0,907363,0.0,0.0
2024-02-23 14:00:00+09:00,7230.0,7400.0,7200.0,7300.0,1436364,0.0,0.0
2024-02-26 09:00:00+09:00,7250.0,7260.0,6780.0,6810.0,0,0.0,0.0
2024-02-26 10:00:00+09:00,6820.0,6850.0,6700.0,6760.0,629319,0.0,0.0
2024-02-26 11:00:00+09:00,6760.0,6820.0,6740.0,6800.0,148569,0.0,0.0
2024-02-26 12:00:00+09:00,6800.0,6810.0,6730.0,6770.0,224395,0.0,0.0
2024-02-26 13:00:00+09:00,6770.0,6830.0,6730.0,6770.0,192231,0.0,0.0
2024-02-26 14:00:00+09:00,6780.0,6820.0,6700.0,6710.0,278478,0.0,0.0
2024-02-27 09:00:00+09:00,6790.0,6800.0,6550.0,6690.0,691268,0.0,0.0
2024-02-27 10:00:00+09:00,6690.0,6710.0,6570.0,6590.0,202199,0.0,0.0
2024-02-27 11:00:00+09:00,6610.0,6710.0,6580.0,6690.0,163206,0.0,0.0
2024-02-27 12:00:00+09:00,6690.0,6850.0,6690.0,6770.0,342106,0.0,0.0
2024-02-27 13:00:00+09:00,6770.0,7040.0,6740.0,6810.0,904515,0.0,0.0
2024-02-27 14:00:00+09:00,6810.0,6830.0,6630.0,6740.0,325435,0.0,0.0
2024-02-28 09:00:00+09:00,6820.0,6940.0,6700.0,6750.0,659073,0.0,0.0
2024-02-28 10:00:00+09:00,6740.0,6800.0,6640.0,6700.0,342173,0.0,0.0
2024-02-28 11:00:00+09:00,6690.0,6720.0,6600.0,6700.0,352225,0.0,0.0
2024-02-28 12:00:00+09:00,6700.0,6700.0,6570.0,6590.0,248713,0.0,0.0
2024-02-28 13:00:00+09:00,6600.0,6660.0,6580.0,6610.0,104672,0.0,0.0
2024-02-28 14:00:00+09:00,6600.0,6610.0,6500.0,6540.0,313274,0.0,0.0
2024-02-29 09:00:00+09:00,6950.0,7340.0,6830.0,7190.0,6570196,0.0,0.0
2024-02-29 10:00:00+09:00,7190.0,8140.0,7160.0,8010.0,14082728,0.0,0.0
2024-02-29 11:00:00+09:00,8010.0,8230.0,7860.0,8030.0,6560079,0.0,0.0
2024-02-29 12:00:00+09:00,8020.0,8070.0,7870.0,8020.0,2681946,0.0,0.0
2024-02-29 13:00:00+09:00,8030.0,8120.0,7760.0,7890.0,3255117,0.0,0.0
2024-02-29 14:00:00+09:00,7890.0,8020.0,7780.0,7830.0,3150784,0.0,0.0
2024-03-04 09:00:00+09:00,8350.0,8660.0,8070.0,8200.0,0,0.0,0.0
2024-03-04 10:00:00+09:00,8200.0,8260.0,8020.0,8040.0,2226602,0.0,0.0
2024-03-04 11:00:00+09:00,8030.0,8090.0,7870.0,7960.0,1903856,0.0,0.0
2024-03-04 12:00:00+09:00,7960.0,8040.0,7860.0,7930.0,1006640,0.0,0.0
2024-03-04 13:00:00+09:00,7920.0,8090.0,7910.0,7990.0,1289152,0.0,0.0
2024-03-04 14:00:00+09:00,8010.0,8080.0,7920.0,7960.0,797589,0.0,0.0
2024-03-05 09:00:00+09:00,7800.0,8040.0,7680.0,8040.0,2487620,0.0,0.0
2024-03-05 10:00:00+09:00,8040.0,8060.0,7810.0,7830.0,1072524,0.0,0.0
2024-03-05 11:00:00+09:00,7820.0,7900.0,7770.0,7820.0,293313,0.0,0.0
2024-03-05 12:00:00+09:00,7820.0,7860.0,7710.0,7740.0,435553,0.0,0.0
2024-03-05 13:00:00+09:00,7740.0,7810.0,7700.0,7760.0,349657,0.0,0.0
2024-03-05 14:00:00+09:00,7760.0,7840.0,7660.0,7670.0,510894,0.0,0.0
2024-03-06 09:00:00+09:00,8160.0,8960.0,8150.0,8230.0,17715810,0.0,0.0
2024-03-06 10:00:00+09:00,8220.0,8320.0,8060.0,8240.0,2271354,0.0,0.0
2024-03-06 11:00:00+09:00,8230.0,8270.0,8140.0,8260.0,957094,0.0,0.0
2024-03-06 12:00:00+09:00,8260.0,8270.0,8020.0,8070.0,1087959,0.0,0.0
2024-03-06 13:00:00+09:00,8060.0,8080.0,7880.0,7900.0,1357443,0.0,0.0
2024-03-06 14:00:00+09:00,7910.0,8010.0,7860.0,7930.0,673677,0.0,0.0
2024-03-07 09:00:00+09:00,7860.0,8030.0,7670.0,7720.0,1507119,0.0,0.0
2024-03-07 10:00:00+09:00,7710.0,8090.0,7620.0,7860.0,1735419,0.0,0.0
2024-03-07 11:00:00+09:00,7880.0,8260.0,7840.0,7960.0,3964148,0.0,0.0
2024-03-07 12:00:00+09:00,7960.0,7990.0,7850.0,7870.0,664778,0.0,0.0
2024-03-07 13:00:00+09:00,7870.0,7920.0,7740.0,7800.0,485898,0.0,0.0
2024-03-07 14:00:00+09:00,7800.0,7800.0,7650.0,7760.0,474414,0.0,0.0
2024-03-08 09:00:00+09:00,7840.0,7970.0,7650.0,7870.0,1514798,0.0,0.0
2024-03-08 10:00:00+09:00,7870.0,7930.0,7780.0,7780.0,456848,0.0,0.0
2024-03-08 11:00:00+09:00,7780.0,7840.0,7720.0,7730.0,216135,0.0,0.0
2024-03-08 12:00:00+09:00,7730.0,7740.0,7640.0,7650.0,394687,0.0,0.0
2024-03-08 13:00:00+09:00,7650.0,7650.0,7460.0,7520.0,603383,0.0,0.0
2024-03-08 14:00:00+09:00,7520.0,7620.0,7510.0,7520.0,303029,0.0,0.0
2024-03-11 09:00:00+09:00,7400.0,7630.0,7310.0,7450.0,0,0.0,0.0
2024-03-11 10:00:00+09:00,7460.0,7480.0,7360.0,7400.0,268806,0.0,0.0
2024-03-11 11:00:00+09:00,7390.0,7470.0,7350.0,7410.0,166037,0.0,0.0
2024-03-11 12:00:00+09:00,7410.0,7410.0,7340.0,7360.0,125823,0.0,0.0
2024-03-11 13:00:00+09:00,7360.0,7380.0,7310.0,7370.0,182514,0.0,0.0
2024-03-11 14:00:00+09:00,7370.0,7470.0,7360.0,7420.0,140572,0.0,0.0
2024-03-12 09:00:00+09:00,7470.0,7540.0,7260.0,7370.0,627332,0.0,0.0
2024-03-12 10:00:00+09:00,7380.0,7500.0,7340.0,7360.0,533574,0.0,0.0
2024-03-12 11:00:00+09:00,7360.0,7370.0,7300.0,7320.0,149224,0.0,0.0
2024-03-12 12:00:00+09:00,7320.0,7340.0,7290.0,7310.0,114375,0.0,0.0
2024-03-12 13:00:00+09:00,7310.0,7330.0,7290.0,7300.0,116191,0.0,0.0
2024-03-12 14:00:00+09:00,7300.0,7310.0,7260.0,7290.0,211975,0.0,0.0
2024-03-13 09:00:00+09:00,7580.0,7930.0,7550.0,7760.0,3834740,0.0,0.0
2024-03-13 10:00:00+09:00,7760.0,7810.0,7670.0,7800.0,718366,0.0,0.0
2024-03-13 11:00:00+09:00,7800.0,7830.0,7710.0,7770.0,422943,0.0,0.0
2024-03-13 12:00:00+09:00,7770.0,7770.0,7560.0,7570.0,489924,0.0,0.0
2024-03-13 13:00:00+09:00,7570.0,7590.0,7390.0,7430.0,544333,0.0,0.0
2024-03-13 14:00:00+09:00,7430.0,7580.0,7420.0,7550.0,282017,0.0,0.0
2024-03-14 09:00:00+09:00,7620.0,7630.0,7310.0,7350.0,716307,0.0,0.0
2024-03-14 10:00:00+09:00,7340.0,7340.0,7190.0,7210.0,515986,0.0,0.0
2024-03-14 11:00:00+09:00,7210.0,7330.0,7190.0,7260.0,201715,0.0,0.0
2024-03-14 12:00:00+09:00,7260.0,7280.0,7200.0,7270.0,192664,0.0,0.0
2024-03-14 13:00:00+09:00,7270.0,7300.0,7230.0,7260.0,94877,0.0,0.0
2024-03-14 14:00:00+09:00,7250.0,7340.0,7250.0,7320.0,165687,0.0,0.0
2024-03-15 09:00:00+09:00,7260.0,7530.0,7050.0,7380.0,1122381,0.0,0.0
2024-03-15 10:00:00+09:00,7380.0,7530.0,7320.0,7360.0,372120,0.0,0.0
2024-03-15 11:00:00+09:00,7350.0,7350.0,7180.0,7270.0,209789,0.0,0.0
2024-03-15 12:00:00+09:00,7270.0,7320.0,7150.0,7170.0,141326,0.0,0.0
2024-03-15 13:00:00+09:00,7170.0,7260.0,7120.0,7140.0,132000,0.0,0.0
2024-03-15 14:00:00+09:00,7150.0,7260.0,7140.0,7220.0,160230,0.0,0.0
2024-03-18 09:00:00+09:00,7100.0,7190.0,7010.0,7050.0,0,0.0,0.0
2024-03-18 10:00:00+09:00,7050.0,7190.0,7050.0,7190.0,165086,0.0,0.0
2024-03-18 11:00:00+09:00,7190.0,7290.0,7160.0,7210.0,221106,0.0,0.0
2024-03-18 12:00:00+09:00,7210.0,7320.0,7210.0,7290.0,136175,0.0,0.0
2024-03-18 13:00:00+09:00,7290.0,7420.0,7280.0,7340.0,278209,0.0,0.0
2024-03-18 14:00:00+09:00,7340.0,7380.0,7330.0,7360.0,142236,0.0,0.0
2024-03-19 09:00:00+09:00,7650.0,7870.0,7420.0,7420.0,2444824,0.0,0.0
2024-03-19 10:00:00+09:00,7420.0,7510.0,7280.0,7390.0,433306,0.0,0.0
2024-03-19 11:00:00+09:00,7390.0,7500.0,7360.0,7450.0,225252,0.0,0.0
2024-03-19 12:00:00+09:00,7450.0,7460.0,7340.0,7360.0,135814,0.0,0.0
2024-03-19 13:00:00+09:00,7360.0,7440.0,7350.0,7390.0,100596,0.0,0.0
2024-03-19 14:00:00+09:00,7390.0,7420.0,7270.0,7320.0,242871,0.0,0.0
2024-03-20 09:00:00+09:00,7330.0,7330.0,7120.0,7180.0,406918,0.0,0.0
2024-03-20 10:00:00+09:00,7170.0,7210.0,7130.0,7160.0,196937,0.0,0.0
2024-03-20 11:00:00+09:00,7160.0,7200.0,7140.0,7160.0,94598,0.0,0.0
2024-03-20 12:00:00+09:00,7160.0,7170.0,7140.0,7140.0,71086,0.0,0.0
2024-03-20 13:00:00+09:00,7140.0,7160.0,7120.0,7130.0,127168,0.0,0.0
2024-03-20 14:00:00+09:00,7130.0,7540.0,7130.0,7370.0,1522126,0.0,0.0
2024-03-21 09:00:00+09:00,7510.0,7520.0,7320.0,7340.0,434768,0.0,0.0
2024-03-21 10:00:00+09:00,7350.0,7390.0,7280.0,7290.0,215440,0.0,0.0
2024-03-21 11:00:00+09:00,7290.0,7300.0,7260.0,7280.0,123133,0.0,0.0
2024-03-21 12:00:00+09:00,7280.0,7350.0,7280.0,7290.0,127435,0.0,0.0
2024-03-21 13:00:00+09:00,7290.0,7320.0,7270.0,7290.0,120172,0.0,0.0
2024-03-21 14:00:00+09:00,7290.0,7290.0,7210.0,7220.0,214956,0.0,0.0
2024-03-22 09:00:00+09:00,7200.0,7270.0,7100.0,7240.0,388819,0.0,0.0
2024-03-22 10:00:00+09:00,7240.0,7240.0,7150.0,7160.0,117061,0.0,0.0
2024-03-22 11:00:00+09:00,7160.0,7190.0,7130.0,7160.0,85935,0.0,0.0
2024-03-22 12:00:00+09:00,7160.0,7210.0,7150.0,7160.0,66306,0.0,0.0
2024-03-22 13:00:00+09:00,7160.0,7180.0,7130.0,7140.0,68194,0.0,0.0
2024-03-22 14:00:00+09:00,7140.0,7160.0,7120.0,7130.0,103753,0.0,0.0
2024-03-25 09:00:00+09:00,7180.0,7220.0,7060.0,7100.0,0,0.0,0.0
2024-03-25 10:00:00+09:00,7090.0,7120.0,7060.0,7080.0,135979,0.0,0.0
2024-03-25 11:00:00+09:00,7080.0,7120.0,7080.0,7080.0,59183,0.0,0.0
2024-03-25 12:00:00+09:00,7080.0,7090.0,7060.0,7080.0,57069,0.0,0.0
2024-03-25 13:00:00+09:00,7070.0,7080.0,7020.0,7040.0,156611,0.0,0.0
2024-03-25 14:00:00+09:00,7040.0,7040.0,7000.0,7020.0,170844,0.0,0.0
2024-03-26 09:00:00+09:00,7060.0,7140.0,6960.0,7050.0,362470,0.0,0.0
2024-03-26 10:00:00+09:00,7060.0,7090.0,7000.0,7010.0,114140,0.0,0.0
2024-03-26 11:00:00+09:00,7020.0,7030.0,6990.0,7020.0,100685,0.0,0.0
2024-03-26 12:00:00+09:00,7020.0,7030.0,6950.0,6960.0,94850,0.0,0.0
2024-03-26 13:00:00+09:00,6960.0,6990.0,6930.0,6960.0,102821,0.0,0.0
2024-03-26 14:00:00+09:00,6960.0,6980.0,6940.0,6950.0,89924,0.0,0.0
2024-03-27 09:00:00+09:00,7020.0,7040.0,6820.0,6970.0,358361,0.0,0.0
2024-03-27 10:00:00+09:00,6970.0,6980.0,6900.0,6900.0,90572,0.0,0.0
2024-03-27 11:00:00+09:00,6910.0,6910.0,6830.0,6850.0,159355,0.0,0.0
2024-03-27 12:00:00+09:00,6850.0,6900.0,6840.0,6860.0,73667,0.0,0.0
2024-03-27 13:00:00+09:00,6860.0,6870.0,6830.0,6840.0,111401,0.0,0.0
2024-03-27 14:00:00+09:00,6840.0,6940.0,6820.0,6900.0,128527,0.0,0.0
2024-03-28 09:00:00+09:00,7070.0,7430.0,7060.0,7130.0,3701897,0.0,0.0
2024-03-28 10:00:00+09:00,7130.0,7150.0,7010.0,7110.0,626741,0.0,0.0
2024-03-28 11:00:00+09:00,7110.0,7200.0,7080.0,7150.0,288883,0.0,0.0
2024-03-28 12:00:00+09:00,7150.0,7330.0,7130.0,7220.0,508046,0.0,0.0
2024-03-28 13:00:00+09:00,7220.0,7330.0,7130.0,7180.0,616881,0.0,0.0
2024-03-28 14:00:00+09:00,7180.0,7190.0,7090.0,7110.0,296967,0.0,0.0
2024-03-29 09:00:00+09:00,7100.0,7230.0,7090.0,7140.0,469674,0.0,0.0
2024-03-29 10:00:00+09:00,7140.0,7180.0,7080.0,7110.0,173533,0.0,0.0
2024-03-29 11:00:00+09:00,7110.0,7120.0,6900.0,6930.0,253594,0.0,0.0
2024-03-29 12:00:00+09:00,6940.0,7000.0,6930.0,6960.0,101763,0.0,0.0
2024-03-29 13:00:00+09:00,6960.0,7010.0,6950.0,6990.0,86312,0.0,0.0
2024-03-29 14:00:00+09:00,7000.0,7010.0,6770.0,6800.0,383636,0.0,0.0
2024-04-01 09:00:00+09:00,6860.0,6950.0,6820.0,6900.0,0,0.0,0.0
2024-04-01 10:00:00+09:00,6900.0,6920.0,6860.0,6890.0,105814,0.0,0.0
2024-04-01 11:00:00+09:00,6890.0,6890.0,6820.0,6840.0,83750,0.0,0.0
2024-04-01 12:00:00+09:00,6840.0,6860.0,6770.0,6820.0,96109,0.0,0.0
2024-04-01 13:00:00+09:00,6810.0,6830.0,6780.0,6820.0,65000,0.0,0.0
2024-04-01 14:00:00+09:00,6820.0,6870.0,6800.0,6840.0,58442,0.0,0.0
2024-04-02 09:00:00+09:00,6770.0,6820.0,6610.0,6620.0,454992,0.0,0.0
2024-04-02 10:00:00+09:00,6620.0,6620.0,6470.0,6520.0,429373,0.0,0.0
2024-04-02 11:00:00+09:00,6520.0,6530.0,6470.0,6500.0,117669,0.0,0.0
2024-04-02 12:00:00+09:00,6500.0,6540.0,6480.0,6520.0,98633,0.0,0.0
2024-04-02 13:00:00+09:00,6510.0,6510.0,6450.0,6470.0,184868,0.0,0.0
2024-04-02 14:00:00+09:00,6470.0,6470.0,6340.0,6420.0,366092,0.0,0.0
2024-04-03 09:00:00+09:00,6350.0,6380.0,6180.0,6280.0,414655,0.0,0.0
2024-04-03 10:00:00+09:00,6280.0,6320.0,6190.0,6220.0,151181,0.0,0.0
2024-04-03 11:00:00+09:00,6230.0,6230.0,6150.0,6180.0,190115,0.0,0.0
2024-04-03 12:00:00+09:00,6180.0,6240.0,6100.0,6240.0,166719,0.0,0.0
2024-04-03 13:00:00+09:00,6240.0,6240.0,6180.0,6230.0,71732,0.0,0.0
2024-04-03 14:00:00+09:00,6230.0,6230.0,6180.0,6200.0,104674,0.0,0.0
2024-04-04 09:00:00+09:00,6250.0,6280.0,6160.0,6190.0,290057,0.0,0.0
2024-04-04 10:00:00+09:00,6180.0,6190.0,6110.0,6170.0,163972,0.0,0.0
2024-04-04 11:00:00+09:00,6170.0,6180.0,6110.0,6140.0,79147,0.0,0.0
2024-04-04 12:00:00+09:00,6140.0,6140.0,6100.0,6120.0,90261,0.0,0.0
2024-04-04 13:00:00+09:00,6120.0,6140.0,6110.0,6130.0,52397,0.0,0.0
2024-04-04 14:00:00+09:00,6130.0,6260.0,6130.0,6160.0,169656,0.0,0.0
2024-04-05 09:00:00+09:00,6050.0,6200.0,6040.0,6180.0,221318,0.0,0.0
2024-04-05 10:00:00+09:00,6190.0,6270.0,6050.0,6080.0,243338,0.0,0.0
2024-04-05 11:00:00+09:00,6070.0,6140.0,6060.0,6110.0,70954,0.0,0.0
2024-04-05 12:00:00+09:00,6110.0,6150.0,6090.0,6140.0,34079,0.0,0.0
2024-04-05 13:00:00+09:00,6140.0,6520.0,6060.0,6460.0,649214,0.0,0.0
2024-04-05 14:00:00+09:00,6460.0,6480.0,6330.0,6410.0,318997,0.0,0.0
2024-04-08 09:00:00+09:00,6330.0,6350.0,6120.0,6160.0,0,0.0,0.0
2024-04-08 10:00:00+09:00,6160.0,6190.0,6080.0,6110.0,196611,0.0,0.0
2024-04-08 11:00:00+09:00,6110.0,6110.0,6040.0,6070.0,150712,0.0,0.0
2024-04-08 12:00:00+09:00,6070.0,6100.0,6020.0,6050.0,107548,0.0,0.0
2024-04-08 13:00:00+09:00,6060.0,6100.0,6040.0,6080.0,42212,0.0,0.0
2024-04-08 14:00:00+09:00,6080.0,6090.0,6050.0,6090.0,73089,0.0,0.0
2024-04-09 09:00:00+09:00,6000.0,6100.0,5970.0,6070.0,221945,0.0,0.0
2024-04-09 10:00:00+09:00,6070.0,6080.0,5980.0,6020.0,104240,0.0,0.0
2024-04-09 11:00:00+09:00,6020.0,6020.0,5950.0,5980.0,81053,0.0,0.0
2024-04-09 12:00:00+09:00,5980.0,6010.0,5960.0,6000.0,48786,0.0,0.0
2024-04-09 13:00:00+09:00,6000.0,6050.0,5990.0,6050.0,36809,0.0,0.0
2024-04-09 14:00:00+09:00,6050.0,6050.0,5980.0,6000.0,55988,0.0,0.0
2024-04-11 09:00:00+09:00,5840.0,6050.0,5720.0,6010.0,0,0.0,0.0
2024-04-11 10:00:00+09:00,6010.0,6010.0,5920.0,6000.0,87216,0.0,0.0
2024-04-11 11:00:00+09:00,5980.0,6020.0,5970.0,5970.0,53520,0.0,0.0
2024-04-11 12:00:00+09:00,6000.0,6010.0,5960.0,5980.0,28243,0.0,0.0
2024-04-11 13:00:00+09:00,5970.0,6070.0,5960.0,6020.0,69762,0.0,0.0
2024-04-11 14:00:00+09:00,6020.0,6050.0,6010.0,6030.0,43215,0.0,0.0
2024-04-12 09:00:00+09:00,6110.0,6140.0,6010.0,6140.0,147917,0.0,0.0
2024-04-12 10:00:00+09:00,6140.0,6220.0,6120.0,6210.0,143277,0.0,0.0
2024-04-12 11:00:00+09:00,6210.0,6210.0,6100.0,6100.0,63667,0.0,0.0
2024-04-12 12:00:00+09:00,6110.0,6140.0,6070.0,6090.0,45631,0.0,0.0
2024-04-12 13:00:00+09:00,6090.0,6610.0,6060.0,6520.0,1158114,0.0,0.0
2024-04-12 14:00:00+09:00,6530.0,7180.0,6460.0,6790.0,10335539,0.0,0.0
2024-04-15 09:00:00+09:00,6430.0,6510.0,6220.0,6300.0,0,0.0,0.0
2024-04-15 10:00:00+09:00,6300.0,6430.0,6250.0,6330.0,313574,0.0,0.0
2024-04-15 11:00:00+09:00,6330.0,6430.0,6310.0,6370.0,204661,0.0,0.0
2024-04-15 12:00:00+09:00,6380.0,6450.0,6350.0,6430.0,137560,0.0,0.0
2024-04-15 13:00:00+09:00,6430.0,6900.0,6400.0,6570.0,2523896,0.0,0.0
2024-04-15 14:00:00+09:00,6570.0,6700.0,6560.0,6640.0,379498,0.0,0.0
2024-04-16 09:00:00+09:00,6500.0,6610.0,6380.0,6510.0,419901,0.0,0.0
2024-04-16 10:00:00+09:00,6520.0,6610.0,6350.0,6380.0,312064,0.0,0.0
2024-04-16 11:00:00+09:00,6380.0,6450.0,6290.0,6400.0,231325,0.0,0.0
2024-04-16 12:00:00+09:00,6400.0,6400.0,6290.0,6320.0,124241,0.0,0.0
2024-04-16 13:00:00+09:00,6320.0,6420.0,6250.0,6250.0,185507,0.0,0.0
2024-04-16 14:00:00+09:00,6250.0,6290.0,6210.0,6280.0,161720,0.0,0.0
2024-04-17 09:00:00+09:00,6250.0,6420.0,6240.0,6400.0,319995,0.0,0.0
2024-04-17 10:00:00+09:00,6400.0,6410.0,6180.0,6310.0,217757,0.0,0.0
2024-04-17 11:00:00+09:00,6310.0,6360.0,6280.0,6290.0,41020,0.0,0.0
2024-04-17 12:00:00+09:00,6290.0,6330.0,6270.0,6290.0,41770,0.0,0.0
2024-04-17 13:00:00+09:00,6290.0,6370.0,6260.0,6370.0,89979,0.0,0.0
2024-04-17 14:00:00+09:00,6360.0,6410.0,6320.0,6330.0,153893,0.0,0.0
2024-04-18 09:00:00+09:00,6230.0,6530.0,6230.0,6460.0,448143,0.0,0.0
2024-04-18 10:00:00+09:00,6460.0,6460.0,6380.0,6400.0,153466,0.0,0.0
2024-04-18 11:00:00+09:00,6410.0,6440.0,6380.0,6390.0,60759,0.0,0.0
2024-04-18 12:00:00+09:00,6390.0,6410.0,6380.0,6390.0,35898,0.0,0.0
2024-04-18 13:00:00+09:00,6390.0,6420.0,6340.0,6410.0,89610,0.0,0.0
2024-04-18 14:00:00+09:00,6400.0,6420.0,6380.0,6410.0,76958,0.0,0.0
2024-04-19 09:00:00+09:00,6380.0,6400.0,6270.0,6310.0,219485,0.0,0.0
2024-04-19 10:00:00+09:00,6310.0,6320.0,6050.0,6060.0,311908,0.0,0.0
2024-04-19 11:00:00+09:00,6060.0,6080.0,5940.0,5960.0,273757,0.0,0.0
2024-04-19 12:00:00+09:00,5960.0,6100.0,5960.0,6080.0,120859,0.0,0.0
2024-04-19 13:00:00+09:00,6080.0,6170.0,6070.0,6120.0,78391,0.0,0.0
2024-04-19 14:00:00+09:00,6120.0,6150.0,6090.0,6100.0,98090,0.0,0.0
2024-04-22 09:00:00+09:00,6060.0,6200.0,6060.0,6080.0,0,0.0,0.0
2024-04-22 10:00:00+09:00,6090.0,6180.0,6050.0,6090.0,91587,0.0,0.0
2024-04-22 11:00:00+09:00,6090.0,6100.0,6000.0,6020.0,118384,0.0,0.0
2024-04-22 12:00:00+09:00,6020.0,6060.0,5970.0,5980.0,86096,0.0,0.0
2024-04-22 13:00:00+09:00,5990.0,6220.0,5940.0,6130.0,281287,0.0,0.0
2024-04-22 14:00:00+09:00,6130.0,6150.0,6050.0,6110.0,114010,0.0,0.0
2024-04-23 09:00:00+09:00,6210.0,6400.0,6210.0,6310.0,654522,0.0,0.0
2024-04-23 10:00:00+09:00,6310.0,6510.0,6240.0,6290.0,893442,0.0,0.0
2024-04-23 11:00:00+09:00,6300.0,6370.0,6210.0,6300.0,288058,0.0,0.0
2024-04-23 12:00:00+09:00,6320.0,6350.0,6250.0,6250.0,97505,0.0,0.0
2024-04-23 13:00:00+09:00,6260.0,6320.0,6230.0,6250.0,75559,0.0,0.0
2024-04-23 14:00:00+09:00,6230.0,6270.0,6200.0,6250.0,84335,0.0,0.0
2024-04-24 09:00:00+09:00,6320.0,6610.0,6310.0,6540.0,1220712,0.0,0.0
2024-04-24 10:00:00+09:00,6540.0,6620.0,6450.0,6540.0,813347,0.0,0.0
2024-04-24 11:00:00+09:00,6520.0,6900.0,6490.0,6800.0,3867210,0.0,0.0
2024-04-24 12:00:00+09:00,6800.0,6840.0,6520.0,6590.0,1867982,0.0,0.0
2024-04-24 13:00:00+09:00,6590.0,6680.0,6540.0,6550.0,594276,0.0,0.0
2024-04-24 14:00:00+09:00,6550.0,6580.0,6450.0,6520.0,485912,0.0,0.0
2024-04-25 09:00:00+09:00,6520.0,6620.0,6490.0,6520.0,349864,0.0,0.0
2024-04-25 10:00:00+09:00,6510.0,6520.0,6410.0,6450.0,206740,0.0,0.0
2024-04-25 11:00:00+09:00,6430.0,6720.0,6430.0,6650.0,958907,0.0,0.0
2024-04-25 12:00:00+09:00,6650.0,6680.0,6520.0,6530.0,315124,0.0,0.0
2024-04-25 13:00:00+09:00,6540.0,6570.0,6430.0,6470.0,207275,0.0,0.0
2024-04-25 14:00:00+09:00,6450.0,6480.0,6390.0,6420.0,152852,0.0,0.0
2024-04-26 09:00:00+09:00,6500.0,6600.0,6460.0,6480.0,401011,0.0,0.0
2024-04-26 10:00:00+09:00,6490.0,6500.0,6390.0,6430.0,120872,0.0,0.0
2024-04-26 11:00:00+09:00,6420.0,6430.0,6370.0,6410.0,106217,0.0,0.0
2024-04-26 12:00:00+09:00,6400.0,6530.0,6400.0,6460.0,225559,0.0,0.0
2024-04-26 13:00:00+09:00,6460.0,6490.0,6420.0,6440.0,81308,0.0,0.0
2024-04-26 14:00:00+09:00,6430.0,6540.0,6430.0,6470.0,167923,0.0,0.0
2024-04-29 09:00:00+09:00,6570.0,6600.0,6400.0,6490.0,0,0.0,0.0
2024-04-29 10:00:00+09:00,6490.0,6620.0,6480.0,6520.0,282188,0.0,0.0
2024-04-29 11:00:00+09:00,6520.0,6520.0,6450.0,6490.0,97829,0.0,0.0
2024-04-29 12:00:00+09:00,6480.0,6580.0,6460.0,6500.0,228624,0.0,0.0
2024-04-29 13:00:00+09:00,6510.0,6530.0,6470.0,6480.0,90297,0.0,0.0
2024-04-29 14:00:00+09:00,6480.0,6560.0,6440.0,6530.0,288567,0.0,0.0
2024-04-30 09:00:00+09:00,6610.0,6710.0,6520.0,6550.0,808462,0.0,0.0
2024-04-30 10:00:00+09:00,6550.0,6570.0,6510.0,6560.0,120358,0.0,0.0
2024-04-30 11:00:00+09:00,6560.0,6570.0,6510.0,6510.0,68863,0.0,0.0
2024-04-30 12:00:00+09:00,6510.0,6530.0,6500.0,6520.0,65085,0.0,0.0
2024-04-30 13:00:00+09:00,6520.0,6530.0,6470.0,6490.0,91393,0.0,0.0
2024-04-30 14:00:00+09:00,6490.0,6500.0,6420.0,6440.0,138661,0.0,0.0
2024-05-02 09:00:00+09:00,6420.0,6420.0,6230.0,6320.0,0,0.0,0.0
2024-05-02 10:00:00+09:00,6330.0,6380.0,6300.0,6350.0,61912,0.0,0.0
2024-05-02 11:00:00+09:00,6340.0,6380.0,6310.0,6360.0,39309,0.0,0.0
2024-05-02 12:00:00+09:00,6350.0,6520.0,6340.0,6490.0,149108,0.0,0.0
2024-05-02 13:00:00+09:00,6490.0,6550.0,6420.0,6460.0,289879,0.0,0.0
2024-05-02 14:00:00+09:00,6460.0,6510.0,6430.0,6440.0,106011,0.0,0.0
2024-05-03 09:00:00+09:00,6560.0,6930.0,6520.0,6920.0,4291395,0.0,0.0
2024-05-03 10:00:00+09:00,6910.0,6920.0,6630.0,6660.0,1235598,0.0,0.0
2024-05-03 11:00:00+09:00,6650.0,6790.0,6650.0,6690.0,379573,0.0,0.0
2024-05-03 12:00:00+09:00,6690.0,6740.0,6630.0,6640.0,153582,0.0,0.0
2024-05-03 13:00:00+09:00,6640.0,6700.0,6630.0,6650.0,145600,0.0,0.0
2024-05-03 14:00:00+09:00,6640.0,6650.0,6540.0,6570.0,441370,0.0,0.0
2024-05-07 09:00:00+09:00,6720.0,6930.0,6690.0,6780.0,0,0.0,0.0
2024-05-07 10:00:00+09:00,6790.0,6800.0,6680.0,6720.0,441159,0.0,0.0
2024-05-07 11:00:00+09:00,6710.0,6750.0,6700.0,6730.0,127352,0.0,0.0
2024-05-07 12:00:00+09:00,6730.0,6740.0,6680.0,6710.0,107751,0.0,0.0
2024-05-07 13:00:00+09:00,6700.0,6730.0,6670.0,6680.0,162547,0.0,0.0
2024-05-07 14:00:00+09:00,6680.0,7390.0,6670.0,7140.0,7507975,0.0,0.0
2024-05-08 09:00:00+09:00,6930.0,7360.0,6900.0,7280.0,4142861,0.0,0.0
2024-05-08 10:00:00+09:00,7290.0,8170.0,7260.0,8050.0,21664795,0.0,0.0
2024-05-08 11:00:00+09:00,8040.0,8240.0,7950.0,7990.0,9163064,0.0,0.0
2024-05-08 12:00:00+09:00,7990.0,8120.0,7820.0,8010.0,4254703,0.0,0.0
2024-05-08 13:00:00+09:00,8010.0,8040.0,7800.0,7860.0,2490676,0.0,0.0
2024-05-08 14:00:00+09:00,7860.0,7980.0,7840.0,7900.0,1792827,0.0,0.0
2024-05-09 09:00:00+09:00,7890.0,7940.0,7510.0,7550.0,4596989,0.0,0.0
2024-05-09 10:00:00+09:00,7540.0,7570.0,7400.0,7450.0,1306944,0.0,0.0
2024-05-09 11:00:00+09:00,7440.0,7500.0,7400.0,7430.0,484123,0.0,0.0
2024-05-09 12:00:00+09:00,7420.0,7580.0,7420.0,7550.0,567364,0.0,0.0
2024-05-09 13:00:00+09:00,7550.0,7620.0,7520.0,7570.0,397972,0.0,0.0
2024-05-09 14:00:00+09:00,7570.0,10130.0,7550.0,9490.0,42745964,0.0,0.0
2024-05-10 09:00:00+09:00,9450.0,9710.0,9140.0,9150.0,11657577,0.0,0.0
2024-05-10 10:00:00+09:00,9150.0,9380.0,9060.0,9280.0,3014089,0.0,0.0
2024-05-10 11:00:00+09:00,9280.0,9430.0,9160.0,9170.0,1544756,0.0,0.0
2024-05-10 12:00:00+09:00,9170.0,9250.0,8950.0,9010.0,2134987,0.0,0.0
2024-05-10 13:00:00+09:00,9020.0,9350.0,8950.0,9110.0,2400811,0.0,0.0
2024-05-10 14:00:00+09:00,9110.0,9170.0,8980.0,9020.0,1374894,0.0,0.0
2024-05-13 09:00:00+09:00,9100.0,9200.0,8830.0,8980.0,0,0.0,0.0
2024-05-13 10:00:00+09:00,8980.0,9020.0,8780.0,8880.0,1200674,0.0,0.0
2024-05-13 11:00:00+09:00,8890.0,8940.0,8800.0,8830.0,595307,0.0,0.0
2024-05-13 12:00:00+09:00,8830.0,8940.0,8730.0,8870.0,1024043,0.0,0.0
2024-05-13 13:00:00+09:00,8870.0,9550.0,8870.0,9200.0,12735533,0.0,0.0
2024-05-13 14:00:00+09:00,9200.0,9400.0,9050.0,9290.0,3160969,0.0,0.0
2024-05-14 09:00:00+09:00,9270.0,10550.0,9260.0,9950.0,34160308,0.0,0.0
2024-05-14 10:00:00+09:00,9950.0,10070.0,9580.0,9680.0,5903759,0.0,0.0
2024-05-14 11:00:00+09:00,9690.0,9830.0,9500.0,9520.0,2796826,0.0,0.0
2024-05-14 12:00:00+09:00,9520.0,9680.0,9440.0,9620.0,2179553,0.0,0.0
2024-05-14 13:00:00+09:00,9610.0,9650.0,9270.0,9300.0,2172912,0.0,0.0
2024-05-14 14:00:00+09:00,9300.0,9310.0,9050.0,9120.0,2758785,0.0,0.0
2024-05-16 09:00:00+09:00,9310.0,9680.0,9140.0,9170.0,0,0.0,0.0
2024-05-16 10:00:00+09:00,9160.0,9300.0,9060.0,9160.0,1274199,0.0,0.0
2024-05-16 11:00:00+09:00,9160.0,9290.0,9090.0,9200.0,677429,0.0,0.0
2024-05-16 12:00:00+09:00,9200.0,9500.0,9190.0,9350.0,2228376,0.0,0.0
2024-05-16 13:00:00+09:00,9360.0,9450.0,9280.0,9390.0,1209959,0.0,0.0
2024-05-16 14:00:00+09:00,9390.0,9460.0,9320.0,9330.0,960340,0.0,0.0
2024-05-17 09:00:00+09:00,9700.0,10110.0,9300.0,9460.0,16126877,0.0,0.0
2024-05-17 10:00:00+09:00,9470.0,9690.0,9310.0,9440.0,2492049,0.0,0.0
2024-05-17 11:00:00+09:00,9440.0,9810.0,9410.0,9740.0,4761656,0.0,0.0
2024-05-17 12:00:00+09:00,9740.0,9780.0,9560.0,9640.0,2545815,0.0,0.0
2024-05-17 13:00:00+09:00,9630.0,9660.0,9400.0,9520.0,1760711,0.0,0.0
2024-05-17 14:00:00+09:00,9520.0,9750.0,9430.0,9690.0,2304424,0.0,0.0
2024-05-20 09:00:00+09:00,9550.0,9840.0,9300.0,9710.0,0,0.0,0.0
2024-05-20 10:00:00+09:00,9710.0,10150.0,9630.0,9950.0,8013773,0.0,0.0
2024-05-20 11:00:00+09:00,9960.0,10090.0,9760.0,9770.0,4001252,0.0,0.0
2024-05-20 12:00:00+09:00,9770.0,9930.0,9710.0,9930.0,1639667,0.0,0.0
2024-05-20 13:00:00+09:00,9930.0,10000.0,9820.0,9870.0,1780448,0.0,0.0
2024-05-20 14:00:00+09:00,9870.0,10480.0,9870.0,10260.0,13389310,0.0,0.0
2024-05-21 09:00:00+09:00,10190.0,10230.0,9780.0,9940.0,4155372,0.0,0.0
2024-05-21 10:00:00+09:00,9920.0,10320.0,9920.0,9960.0,4661144,0.0,0.0
2024-05-21 11:00:00+09:00,9970.0,9990.0,9860.0,9890.0,991601,0.0,0.0
2024-05-21 12:00:00+09:00,9890.0,9960.0,9850.0,9920.0,510105,0.0,0.0
2024-05-21 13:00:00+09:00,9910.0,9930.0,9800.0,9840.0,631035,0.0,0.0
2024-05-21 14:00:00+09:00,9840.0,9860.0,9610.0,9720.0,1102878,0.0,0.0
2024-05-22 09:00:00+09:00,9760.0,9880.0,9150.0,9340.0,3209376,0.0,0.0
2024-05-22 10:00:00+09:00,9340.0,9470.0,9260.0,9390.0,834883,0.0,0.0
2024-05-22 11:00:00+09:00,9390.0,9400.0,9300.0,9360.0,364725,0.0,0.0
2024-05-22 12:00:00+09:00,9350.0,9780.0,9300.0,9780.0,1283826,0.0,0.0
2024-05-22 13:00:00+09:00,9780.0,9780.0,9460.0,9610.0,1172425,0.0,0.0
2024-05-22 14:00:00+09:00,9610.0,9640.0,9390.0,9390.0,739086,0.0,0.0
2024-05-23 09:00:00+09:00,9440.0,9500.0,8510.0,8900.0,3470373,0.0,0.0
2024-05-23 10:00:00+09:00,8900.0,9040.0,8780.0,8950.0,917766,0.0,0.0
2024-05-23 11:00:00+09:00,8950.0,8950.0,8790.0,8790.0,437707,0.0,0.0
2024-05-23 12:00:00+09:00,8790.0,8870.0,8760.0,8770.0,353461,0.0,0.0
2024-05-23 13:00:00+09:00,8760.0,8840.0,8740.0,8780.0,396090,0.0,0.0
2024-05-23 14:00:00+09:00,8770.0,9450.0,8680.0,9190.0,4382261,0.0,0.0
2024-05-24 09:00:00+09:00,8630.0,9130.0,8570.0,8850.0,2439125,0.0,0.0
2024-05-24 10:00:00+09:00,8850.0,8900.0,8780.0,8810.0,555882,0.0,0.0
2024-05-24 11:00:00+09:00,8820.0,8820.0,8720.0,8770.0,266170,0.0,0.0
2024-05-24 12:00:00+09:00,8780.0,8810.0,8720.0,8730.0,219285,0.0,0.0
2024-05-24 13:00:00+09:00,8740.0,8800.0,8700.0,8760.0,260898,0.0,0.0
2024-05-24 14:00:00+09:00,8760.0,9060.0,8720.0,8730.0,2044812,0.0,0.0
2024-05-27 09:00:00+09:00,8650.0,8830.0,8560.0,8750.0,0,0.0,0.0
2024-05-27 10:00:00+09:00,8750.0,8810.0,8600.0,8610.0,497464,0.0,0.0
2024-05-27 11:00:00+09:00,8620.0,8660.0,8480.0,8490.0,466917,0.0,0.0
2024-05-27 12:00:00+09:00,8490.0,8590.0,8440.0,8550.0,346914,0.0,0.0
2024-05-27 13:00:00+09:00,8550.0,8640.0,8450.0,8530.0,522703,0.0,0.0
2024-05-27 14:00:00+09:00,8530.0,8600.0,8450.0,8550.0,490690,0.0,0.0
2024-05-28 09:00:00+09:00,8820.0,9400.0,8820.0,9150.0,9352433,0.0,0.0
2024-05-28 10:00:00+09:00,9140.0,9180.0,9000.0,9140.0,1669319,0.0,0.0
2024-05-28 11:00:00+09:00,9140.0,9200.0,9090.0,9140.0,1174681,0.0,0.0
2024-05-28 12:00:00+09:00,9140.0,9250.0,8900.0,8920.0,1528843,0.0,0.0
2024-05-28 13:00:00+09:00,8920.0,8990.0,8720.0,8900.0,1065379,0.0,0.0
2024-05-28 14:00:00+09:00,8900.0,8940.0,8810.0,8900.0,540266,0.0,0.0
2024-05-29 09:00:00+09:00,8850.0,8990.0,8750.0,8840.0,923114,0.0,0.0
2024-05-29 10:00:00+09:00,8850.0,8850.0,8680.0,8690.0,347224,0.0,0.0
2024-05-29 11:00:00+09:00,8690.0,8710.0,8590.0,8610.0,301979,0.0,0.0
2024-05-29 12:00:00+09:00,8610.0,8710.0,8530.0,8670.0,222346,0.0,0.0
2024-05-29 13:00:00+09:00,8660.0,8670.0,8480.0,8550.0,275290,0.0,0.0
2024-05-29 14:00:00+09:00,8570.0,8570.0,8400.0,8420.0,490659,0.0,0.0
2024-05-30 09:00:00+09:00,8290.0,8490.0,7950.0,8000.0,1315510,0.0,0.0
2024-05-30 10:00:00+09:00,8000.0,8260.0,8000.0,8230.0,430580,0.0,0.0
2024-05-30 11:00:00+09:00,8230.0,8250.0,8120.0,8190.0,185459,0.0,0.0
2024-05-30 12:00:00+09:00,8190.0,8230.0,8130.0,8190.0,135958,0.0,0.0
2024-05-30 13:00:00+09:00,8200.0,8230.0,8070.0,8180.0,275358,0.0,0.0
2024-05-30 14:00:00+09:00,8140.0,8280.0,8140.0,8200.0,280898,0.0,0.0
2024-05-31 09:00:00+09:00,8060.0,8130.0,7970.0,8010.0,633162,0.0,0.0
2024-05-31 10:00:00+09:00,8020.0,8170.0,8010.0,8070.0,275207,0.0,0.0
2024-05-31 11:00:00+09:00,8070.0,8110.0,8000.0,8060.0,147996,0.0,0.0
2024-05-31 12:00:00+09:00,8060.0,8110.0,8020.0,8060.0,125293,0.0,0.0
2024-05-31 13:00:00+09:00,8050.0,8110.0,8030.0,8090.0,123978,0.0,0.0
2024-05-31 14:00:00+09:00,8090.0,8310.0,8000.0,8090.0,761701,0.0,0.0
2024-06-03 09:00:00+09:00,8040.0,8250.0,8040.0,8120.0,0,0.0,0.0
2024-06-03 10:00:00+09:00,8120.0,8130.0,7890.0,7930.0,551894,0.0,0.0
2024-06-03 11:00:00+09:00,7930.0,7940.0,7830.0,7870.0,321784,0.0,0.0
2024-06-03 12:00:00+09:00,7870.0,7920.0,7850.0,7910.0,101334,0.0,0.0
2024-06-03 13:00:00+09:00,7910.0,8030.0,7870.0,7990.0,189091,0.0,0.0
2024-06-03 14:00:00+09:00,7990.0,8050.0,7950.0,8000.0,187607,0.0,0.0
2024-06-04 09:00:00+09:00,8130.0,8140.0,7890.0,7940.0,539011,0.0,0.0
2024-06-04 10:00:00+09:00,7930.0,7980.0,7900.0,7930.0,207033,0.0,0.0
2024-06-04 11:00:00+09:00,7930.0,7940.0,7860.0,7920.0,187779,0.0,0.0
2024-06-04 12:00:00+09:00,7920.0,7930.0,7880.0,7910.0,105265,0.0,0.0
2024-06-04 13:00:00+09:00,7910.0,7980.0,7890.0,7930.0,142142,0.0,0.0
2024-06-04 14:00:00+09:00,7930.0,8850.0,7930.0,8280.0,7844208,0.0,0.0
2024-06-05 09:00:00+09:00,8100.0,8320.0,7950.0,8040.0,1035148,0.0,0.0
2024-06-05 10:00:00+09:00,8040.0,8440.0,8000.0,8250.0,1177645,0.0,0.0
2024-06-05 11:00:00+09:00,8260.0,8270.0,8120.0,8130.0,195773,0.0,0.0
2024-06-05 12:00:00+09:00,8140.0,8280.0,8130.0,8140.0,213990,0.0,0.0
2024-06-05 13:00:00+09:00,8150.0,8170.0,8110.0,8120.0,163627,0.0,0.0
2024-06-05 14:00:00+09:00,8120.0,8150.0,8050.0,8070.0,255561,0.0,0.0
2024-06-07 09:00:00+09:00,8150.0,8280.0,8050.0,8160.0,0,0.0,0.0
2024-06-07 10:00:00+09:00,8150.0,8180.0,8050.0,8080.0,212430,0.0,0.0
2024-06-07 11:00:00+09:00,8090.0,8120.0,8060.0,8090.0,111950,0.0,0.0
2024-06-07 12:00:00+09:00,8090.0,8150.0,8080.0,8110.0,80090,0.0,0.0
2024-06-07 13:00:00+09:00,8110.0,8210.0,8090.0,8140.0,146861,0.0,0.0
2024-06-07 14:00:00+09:00,8140.0,8220.0,8120.0,8220.0,176291,0.0,0.0
2024-06-10 09:00:00+09:00,8170.0,8260.0,8080.0,8090.0,0,0.0,0.0
2024-06-10 10:00:00+09:00,8080.0,8150.0,8070.0,8120.0,149790,0.0,0.0
2024-06-10 11:00:00+09:00,8120.0,8150.0,8080.0,8100.0,85142,0.0,0.0
2024-06-10 12:00:00+09:00,8100.0,8100.0,8040.0,8060.0,168971,0.0,0.0
2024-06-10 13:00:00+09:00,8060.0,8070.0,8020.0,8030.0,136681,0.0,0.0
2024-06-10 14:00:00+09:00,8040.0,8060.0,8010.0,8030.0,254282,0.0,0.0
2024-06-11 09:00:00+09:00,8010.0,8030.0,7740.0,7790.0,880339,0.0,0.0
2024-06-11 10:00:00+09:00,7790.0,7840.0,7700.0,7730.0,421111,0.0,0.0
2024-06-11 11:00:00+09:00,7730.0,7750.0,7710.0,7720.0,185978,0.0,0.0
2024-06-11 12:00:00+09:00,7720.0,7770.0,7700.0,7720.0,149723,0.0,0.0
2024-06-11 13:00:00+09:00,7710.0,7730.0,7650.0,7680.0,269426,0.0,0.0
2024-06-11 14:00:00+09:00,7670.0,7690.0,7620.0,7660.0,276828,0.0,0.0
2024-06-12 09:00:00+09:00,7820.0,8490.0,7820.0,8190.0,6327537,0.0,0.0
2024-06-12 10:00:00+09:00,8190.0,8240.0,8060.0,8060.0,1060920,0.0,0.0
2024-06-12 11:00:00+09:00,8060.0,8120.0,7900.0,7910.0,592118,0.0,0.0
2024-06-12 12:00:00+09:00,7910.0,7940.0,7850.0,7920.0,219988,0.0,0.0
2024-06-12 13:00:00+09:00,7920.0,7970.0,7870.0,7880.0,155017,0.0,0.0
2024-06-12 14:00:00+09:00,7880.0,7900.0,7770.0,7820.0,264693,0.0,0.0
2024-06-13 09:00:00+09:00,7950.0,8050.0,7790.0,7810.0,583079,0.0,0.0
2024-06-13 10:00:00+09:00,7810.0,7850.0,7770.0,7790.0,199131,0.0,0.0
2024-06-13 11:00:00+09:00,7800.0,7870.0,7790.0,7840.0,88796,0.0,0.0
2024-06-13 12:00:00+09:00,7840.0,7840.0,7800.0,7820.0,74098,0.0,0.0
2024-06-13 13:00:00+09:00,7820.0,7870.0,7790.0,7790.0,119474,0.0,0.0
2024-06-13 14:00:00+09:00,7790.0,7840.0,7790.0,7810.0,95938,0.0,0.0
2024-06-14 09:00:00+09:00,7830.0,7860.0,7560.0,7680.0,569387,0.0,0.0
2024-06-14 10:00:00+09:00,7670.0,7840.0,7670.0,7720.0,257554,0.0,0.0
2024-06-14 11:00:00+09:00,7710.0,7840.0,7690.0,7830.0,179185,0.0,0.0
2024-06-14 12:00:00+09:00,7830.0,7900.0,7770.0,7780.0,164858,0.0,0.0
2024-06-14 13:00:00+09:00,7800.0,7830.0,7770.0,7830.0,70286,0.0,0.0
2024-06-14 14:00:00+09:00,7830.0,7940.0,7780.0,7930.0,290301,0.0,0.0
2024-06-17 09:00:00+09:00,7910.0,7950.0,7830.0,7890.0,0,0.0,0.0
2024-06-17 10:00:00+09:00,7880.0,7890.0,7820.0,7840.0,162920,0.0,0.0
2024-06-17 11:00:00+09:00,7850.0,7870.0,7760.0,7790.0,121122,0.0,0.0
2024-06-17 12:00:00+09:00,7790.0,7800.0,7750.0,7770.0,61270,0.0,0.0
2024-06-17 13:00:00+09:00,7760.0,7780.0,7740.0,7760.0,61749,0.0,0.0
2024-06-17 14:00:00+09:00,7760.0,7770.0,7710.0,7730.0,79845,0.0,0.0
2024-06-18 09:00:00+09:00,7710.0,7750.0,7660.0,7700.0,251036,0.0,0.0
2024-06-18 10:00:00+09:00,7690.0,7690.0,7600.0,7600.0,180136,0.0,0.0
2024-06-18 11:00:00+09:00,7600.0,7630.0,7580.0,7590.0,104553,0.0,0.0
2024-06-18 12:00:00+09:00,7600.0,7650.0,7560.0,7620.0,87401,0.0,0.0
2024-06-18 13:00:00+09:00,7620.0,7640.0,7600.0,7600.0,45075,0.0,0.0
2024-06-18 14:00:00+09:00,7600.0,7670.0,7600.0,7610.0,167106,0.0,0.0
2024-06-19 09:00:00+09:00,7610.0,7660.0,7560.0,7570.0,226042,0.0,0.0
2024-06-19 10:00:00+09:00,7580.0,7600.0,7530.0,7590.0,138503,0.0,0.0
2024-06-19 11:00:00+09:00,7590.0,7610.0,7540.0,7550.0,121521,0.0,0.0
2024-06-19 12:00:00+09:00,7550.0,7580.0,7500.0,7510.0,169782,0.0,0.0
2024-06-19 13:00:00+09:00,7510.0,7600.0,7500.0,7550.0,80427,0.0,0.0
2024-06-19 14:00:00+09:00,7560.0,7660.0,7550.0,7600.0,156537,0.0,0.0
2024-06-20 09:00:00+09:00,7590.0,7590.0,7460.0,7540.0,275943,0.0,0.0
2024-06-20 10:00:00+09:00,7540.0,7540.0,7480.0,7510.0,93902,0.0,0.0
2024-06-20 11:00:00+09:00,7510.0,7520.0,7450.0,7460.0,109890,0.0,0.0
2024-06-20 12:00:00+09:00,7460.0,7500.0,7430.0,7480.0,124986,0.0,0.0
2024-06-20 13:00:00+09:00,7480.0,7480.0,7430.0,7450.0,55873,0.0,0.0
2024-06-20 14:00:00+09:00,7450.0,7470.0,7410.0,7450.0,181145,0.0,0.0
2024-06-21 09:00:00+09:00,7450.0,7530.0,7380.0,7490.0,231043,0.0,0.0
2024-06-21 10:00:00+09:00,7490.0,7500.0,7410.0,7410.0,63785,0.0,0.0
2024-06-21 11:00:00+09:00,7420.0,7440.0,7380.0,7380.0,76131,0.0,0.0
2024-06-21 12:00:00+09:00,7380.0,7440.0,7360.0,7420.0,75159,0.0,0.0
2024-06-21 13:00:00+09:00,7420.0,7430.0,7400.0,7410.0,30613,0.0,0.0
2024-06-21 14:00:00+09:00,7410.0,7670.0,7380.0,7400.0,343590,0.0,0.0
2024-06-24 09:00:00+09:00,7250.0,7370.0,7230.0,7300.0,0,0.0,0.0
2024-06-24 10:00:00+09:00,7310.0,7320.0,7200.0,7220.0,138709,0.0,0.0
2024-06-24 11:00:00+09:00,7210.0,7260.0,7200.0,7240.0,63410,0.0,0.0
2024-06-24 12:00:00+09:00,7240.0,7290.0,7240.0,7280.0,51370,0.0,0.0
2024-06-24 13:00:00+09:00,7280.0,7280.0,7220.0,7250.0,80276,0.0,0.0
2024-06-24 14:00:00+09:00,7250.0,7270.0,7220.0,7250.0,92530,0.0,0.0
2024-06-25 09:00:00+09:00,7200.0,7260.0,7120.0,7180.0,279150,0.0,0.0
2024-06-25 10:00:00+09:00,7170.0,7200.0,7090.0,7120.0,192079,0.0,0.0
2024-06-25 11:00:00+09:00,7120.0,7140.0,7080.0,7110.0,78470,0.0,0.0
2024-06-25 12:00:00+09:00,7110.0,7150.0,7100.0,7140.0,45806,0.0,0.0
2024-06-25 13:00:00+09:00,7140.0,7190.0,7140.0,7170.0,66649,0.0,0.0
2024-06-25 14:00:00+09:00,7170.0,7220.0,7170.0,7200.0,129929,0.0,0.0
2024-06-26 09:00:00+09:00,7230.0,7400.0,7210.0,7260.0,419312,0.0,0.0
2024-06-26 10:00:00+09:00,7250.0,7350.0,7220.0,7310.0,102366,0.0,0.0
2024-06-26 11:00:00+09:00,7310.0,7320.0,7290.0,7320.0,67480,0.0,0.0
2024-06-26 12:00:00+09:00,7320.0,7350.0,7280.0,7320.0,66568,0.0,0.0
2024-06-26 13:00:00+09:00,7320.0,7360.0,7280.0,7280.0,66440,0.0,0.0
2024-06-26 14:00:00+09:00,7280.0,7390.0,7280.0,7370.0,104970,0.0,0.0
2024-06-27 09:00:00+09:00,7470.0,7500.0,7350.0,7390.0,281062,0.0,0.0
2024-06-27 10:00:00+09:00,7390.0,7880.0,7320.0,7460.0,2619546,0.0,0.0
2024-06-27 11:00:00+09:00,7470.0,7490.0,7400.0,7440.0,180119,0.0,0.0
2024-06-27 12:00:00+09:00,7440.0,7460.0,7410.0,7430.0,75062,0.0,0.0
2024-06-27 13:00:00+09:00,7430.0,7620.0,7420.0,7510.0,592227,0.0,0.0
2024-06-27 14:00:00+09:00,7490.0,7510.0,7430.0,7440.0,155613,0.0,0.0
2024-06-28 09:00:00+09:00,7340.0,7690.0,7310.0,7560.0,635431,0.0,0.0
2024-06-28 10:00:00+09:00,7570.0,7640.0,7480.0,7530.0,198000,0.0,0.0
2024-06-28 11:00:00+09:00,7540.0,7550.0,7450.0,7470.0,68444,0.0,0.0
2024-06-28 12:00:00+09:00,7470.0,7540.0,7440.0,7480.0,69538,0.0,0.0
2024-06-28 13:00:00+09:00,7480.0,7520.0,7450.0,7480.0,55393,0.0,0.0
2024-06-28 14:00:00+09:00,7490.0,7500.0,7410.0,7480.0,81364,0.0,0.0
2024-07-01 09:00:00+09:00,7470.0,7760.0,7450.0,7760.0,0,0.0,0.0
2024-07-01 10:00:00+09:00,7760.0,7880.0,7680.0,7760.0,747446,0.0,0.0
2024-07-01 11:00:00+09:00,7760.0,7900.0,7740.0,7820.0,299137,0.0,0.0
2024-07-01 12:00:00+09:00,7820.0,7880.0,7810.0,7860.0,198771,0.0,0.0
2024-07-01 13:00:00+09:00,7860.0,7920.0,7840.0,7850.0,262619,0.0,0.0
2024-07-01 14:00:00+09:00,7850.0,7890.0,7810.0,7880.0,220726,0.0,0.0
2024-07-02 09:00:00+09:00,8500.0,8570.0,7980.0,8120.0,4020962,0.0,0.0
2024-07-02 10:00:00+09:00,8120.0,8120.0,7930.0,8020.0,652966,0.0,0.0
2024-07-02 11:00:00+09:00,8030.0,8050.0,7960.0,8000.0,239344,0.0,0.0
2024-07-02 12:00:00+09:00,8010.0,8090.0,7990.0,8000.0,214359,0.0,0.0
2024-07-02 13:00:00+09:00,7990.0,8000.0,7750.0,7800.0,464353,0.0,0.0
2024-07-02 14:00:00+09:00,7800.0,7880.0,7740.0,7780.0,269493,0.0,0.0
2024-07-03 09:00:00+09:00,7700.0,8150.0,7700.0,7940.0,1277602,0.0,0.0
2024-07-03 10:00:00+09:00,7950.0,7990.0,7820.0,7880.0,315636,0.0,0.0
2024-07-03 11:00:00+09:00,7880.0,7930.0,7850.0,7930.0,103332,0.0,0.0
2024-07-03 12:00:00+09:00,7930.0,7970.0,7890.0,7910.0,131927,0.0,0.0
2024-07-03 13:00:00+09:00,7910.0,7930.0,7750.0,7800.0,163444,0.0,0.0
2024-07-03 14:00:00+09:00,7800.0,7940.0,7750.0,7920.0,164991,0.0,0.0
2024-07-04 09:00:00+09:00,7860.0,7870.0,7530.0,7640.0,625372,0.0,0.0
2024-07-04 10:00:00+09:00,7640.0,7700.0,7610.0,7620.0,140547,0.0,0.0
2024-07-04 11:00:00+09:00,7620.0,7640.0,7580.0,7600.0,117526,0.0,0.0
2024-07-04 12:00:00+09:00,7600.0,7610.0,7550.0,7570.0,124857,0.0,0.0
2024-07-04 13:00:00+09:00,7570.0,7570.0,7410.0,7480.0,260338,0.0,0.0
2024-07-04 14:00:00+09:00,7480.0,7520.0,7360.0,7360.0,239547,0.0,0.0
2024-07-05 09:00:00+09:00,7370.0,7720.0,7370.0,7550.0,524119,0.0,0.0
2024-07-05 10:00:00+09:00,7550.0,7560.0,7480.0,7520.0,96484,0.0,0.0
2024-07-05 11:00:00+09:00,7520.0,7530.0,7420.0,7460.0,66321,0.0,0.0
2024-07-05 12:00:00+09:00,7460.0,7490.0,7420.0,7430.0,59337,0.0,0.0
2024-07-05 13:00:00+09:00,7430.0,7670.0,7420.0,7480.0,215799,0.0,0.0
2024-07-05 14:00:00+09:00,7470.0,7500.0,7400.0,7410.0,97160,0.0,0.0
2024-07-08 09:00:00+09:00,7390.0,7570.0,7340.0,7530.0,0,0.0,0.0
2024-07-08 10:00:00+09:00,7530.0,7560.0,7490.0,7520.0,105969,0.0,0.0
2024-07-08 11:00:00+09:00,7510.0,7610.0,7500.0,7550.0,122356,0.0,0.0
2024-07-08 12:00:00+09:00,7540.0,7550.0,7500.0,7520.0,28093,0.0,0.0
2024-07-08 13:00:00+09:00,7510.0,7530.0,7500.0,7520.0,37432,0.0,0.0
2024-07-08 14:00:00+09:00,7530.0,7530.0,7490.0,7510.0,54185,0.0,0.0
2024-07-09 09:00:00+09:00,7550.0,7670.0,7480.0,7490.0,247120,0.0,0.0
2024-07-09 10:00:00+09:00,7500.0,7500.0,7440.0,7450.0,99333,0.0,0.0
2024-07-09 11:00:00+09:00,7440.0,7470.0,7410.0,7440.0,73156,0.0,0.0
2024-07-09 12:00:00+09:00,7440.0,7460.0,7420.0,7430.0,47066,0.0,0.0
2024-07-09 13:00:00+09:00,7430.0,7440.0,7370.0,7410.0,132248,0.0,0.0
2024-07-09 14:00:00+09:00,7410.0,7460.0,7400.0,7450.0,41724,0.0,0.0
2024-07-10 09:00:00+09:00,7490.0,7580.0,7460.0,7540.0,161504,0.0,0.0
2024-07-10 10:00:00+09:00,7550.0,7660.0,7530.0,7600.0,175446,0.0,0.0
2024-07-10 11:00:00+09:00,7590.0,7730.0,7570.0,7720.0,315123,0.0,0.0
2024-07-10 12:00:00+09:00,7720.0,7790.0,7680.0,7740.0,213705,0.0,0.0
2024-07-10 13:00:00+09:00,7730.0,7840.0,7710.0,7810.0,239495,0.0,0.0
2024-07-10 14:00:00+09:00,7810.0,7940.0,7760.0,7890.0,391381,0.0,0.0
2024-07-11 09:00:00+09:00,7820.0,7910.0,7700.0,7730.0,420054,0.0,0.0
2024-07-11 10:00:00+09:00,7720.0,7740.0,7670.0,7670.0,108294,0.0,0.0
2024-07-11 11:00:00+09:00,7680.0,7710.0,7650.0,7670.0,91440,0.0,0.0
2024-07-11 12:00:00+09:00,7670.0,7720.0,7600.0,7700.0,88213,0.0,0.0
2024-07-11 13:00:00+09:00,7690.0,7700.0,7610.0,7630.0,59373,0.0,0.0
2024-07-11 14:00:00+09:00,7630.0,7670.0,7610.0,7650.0,84907,0.0,0.0
2024-07-12 09:00:00+09:00,7490.0,7600.0,7450.0,7480.0,210531,0.0,0.0
2024-07-12 10:00:00+09:00,7480.0,7500.0,7390.0,7410.0,142527,0.0,0.0
2024-07-12 11:00:00+09:00,7410.0,7450.0,7400.0,7430.0,43909,0.0,0.0
2024-07-12 12:00:00+09:00,7430.0,7470.0,7410.0,7410.0,49347,0.0,0.0
2024-07-12 13:00:00+09:00,7420.0,7430.0,7350.0,7350.0,121801,0.0,0.0
2024-07-12 14:00:00+09:00,7360.0,7460.0,7340.0,7410.0,76218,0.0,0.0
2024-07-15 09:00:00+09:00,7350.0,7420.0,7140.0,7150.0,0,0.0,0.0
2024-07-15 10:00:00+09:00,7150.0,7200.0,7130.0,7160.0,161168,0.0,0.0
2024-07-15 11:00:00+09:00,7160.0,7230.0,7150.0,7180.0,62639,0.0,0.0
2024-07-15 12:00:00+09:00,7190.0,7200.0,7170.0,7190.0,39614,0.0,0.0
2024-07-15 13:00:00+09:00,7200.0,7230.0,7170.0,7220.0,61295,0.0,0.0
2024-07-15 14:00:00+09:00,7200.0,7290.0,7190.0,7220.0,75582,0.0,0.0
2024-07-16 09:00:00+09:00,7200.0,7330.0,7170.0,7250.0,134961,0.0,0.0
2024-07-16 10:00:00+09:00,7250.0,7290.0,7200.0,7210.0,64903,0.0,0.0
2024-07-16 11:00:00+09:00,7230.0,7290.0,7210.0,7250.0,35272,0.0,0.0
2024-07-16 12:00:00+09:00,7250.0,7320.0,7240.0,7300.0,31411,0.0,0.0
2024-07-16 13:00:00+09:00,7300.0,7900.0,7280.0,7610.0,3273089,0.0,0.0
2024-07-16 14:00:00+09:00,7610.0,7630.0,7320.0,7360.0,642894,0.0,0.0
2024-07-17 09:00:00+09:00,7440.0,7740.0,7420.0,7560.0,996765,0.0,0.0
2024-07-17 10:00:00+09:00,7560.0,7560.0,7440.0,7530.0,200918,0.0,0.0
2024-07-17 11:00:00+09:00,7540.0,7570.0,7500.0,7510.0,74416,0.0,0.0
2024-07-17 12:00:00+09:00,7500.0,7600.0,7470.0,7550.0,91767,0.0,0.0
2024-07-17 13:00:00+09:00,7550.0,7590.0,7510.0,7520.0,83971,0.0,0.0
2024-07-17 14:00:00+09:00,7510.0,7600.0,7480.0,7510.0,136617,0.0,0.0
2024-07-18 09:00:00+09:00,7170.0,7350.0,7050.0,7280.0,425863,0.0,0.0
2024-07-18 10:00:00+09:00,7280.0,7290.0,7200.0,7220.0,62895,0.0,0.0
2024-07-18 11:00:00+09:00,7230.0,7230.0,7170.0,7190.0,99658,0.0,0.0
2024-07-18 12:00:00+09:00,7210.0,7230.0,7190.0,7200.0,21684,0.0,0.0
2024-07-18 13:00:00+09:00,7200.0,7230.0,7170.0,7190.0,59807,0.0,0.0
2024-07-18 14:00:00+09:00,7190.0,7200.0,7160.0,7170.0,82354,0.0,0.0
2024-07-19 09:00:00+09:00,7210.0,7230.0,7110.0,7210.0,102415,0.0,0.0
2024-07-19 10:00:00+09:00,7210.0,7260.0,7180.0,7210.0,57883,0.0,0.0
2024-07-19 11:00:00+09:00,7210.0,7230.0,7160.0,7190.0,40141,0.0,0.0
2024-07-19 12:00:00+09:00,7190.0,7190.0,7140.0,7150.0,35506,0.0,0.0
2024-07-19 13:00:00+09:00,7150.0,7190.0,7110.0,7180.0,50007,0.0,0.0
2024-07-19 14:00:00+09:00,7180.0,7290.0,7160.0,7190.0,104819,0.0,0.0
2024-07-22 09:00:00+09:00,7110.0,7190.0,6870.0,6890.0,0,0.0,0.0
2024-07-22 10:00:00+09:00,6910.0,6940.0,6780.0,6810.0,231492,0.0,0.0
2024-07-22 11:00:00+09:00,6810.0,6850.0,6720.0,6810.0,116162,0.0,0.0
2024-07-22 12:00:00+09:00,6820.0,6830.0,6740.0,6770.0,78486,0.0,0.0
2024-07-22 13:00:00+09:00,6770.0,6800.0,6760.0,6790.0,34336,0.0,0.0
2024-07-22 14:00:00+09:00,6790.0,7000.0,6790.0,6870.0,120710,0.0,0.0
2024-07-23 09:00:00+09:00,6800.0,6980.0,6780.0,6810.0,165939,0.0,0.0
2024-07-23 10:00:00+09:00,6790.0,6810.0,6720.0,6750.0,114321,0.0,0.0
2024-07-23 11:00:00+09:00,6750.0,6770.0,6680.0,6720.0,118460,0.0,0.0
2024-07-23 12:00:00+09:00,6720.0,6750.0,6680.0,6690.0,80292,0.0,0.0
2024-07-23 13:00:00+09:00,6710.0,6750.0,6690.0,6710.0,51804,0.0,0.0
2024-07-23 14:00:00+09:00,6710.0,6750.0,6690.0,6700.0,75867,0.0,0.0
2024-07-24 09:00:00+09:00,6560.0,6760.0,6560.0,6720.0,231299,0.0,0.0
2024-07-24 10:00:00+09:00,6720.0,6720.0,6640.0,6640.0,82115,0.0,0.0
2024-07-24 11:00:00+09:00,6640.0,6730.0,6630.0,6680.0,58466,0.0,0.0
2024-07-24 12:00:00+09:00,6680.0,6690.0,6650.0,6670.0,22319,0.0,0.0
2024-07-24 13:00:00+09:00,6680.0,6680.0,6570.0,6570.0,112747,0.0,0.0
2024-07-24 14:00:00+09:00,6600.0,6630.0,6550.0,6600.0,118708,0.0,0.0
2024-07-25 09:00:00+09:00,6390.0,6490.0,6300.0,6320.0,302153,0.0,0.0
2024-07-25 10:00:00+09:00,6320.0,6500.0,6320.0,6400.0,93865,0.0,0.0
2024-07-25 11:00:00+09:00,6410.0,6450.0,6380.0,6420.0,37826,0.0,0.0
2024-07-25 12:00:00+09:00,6410.0,6440.0,6380.0,6410.0,23427,0.0,0.0
2024-07-25 13:00:00+09:00,6410.0,6480.0,6400.0,6480.0,33188,0.0,0.0
2024-07-25 14:00:00+09:00,6480.0,6490.0,6400.0,6420.0,52369,0.0,0.0
2024-07-26 09:00:00+09:00,6410.0,6610.0,6360.0,6440.0,266818,0.0,0.0
2024-07-26 10:00:00+09:00,6440.0,6460.0,6400.0,6400.0,42994,0.0,0.0
2024-07-26 11:00:00+09:00,6400.0,6440.0,6400.0,6410.0,43110,0.0,0.0
2024-07-26 12:00:00+09:00,6410.0,6430.0,6400.0,6420.0,30667,0.0,0.0
2024-07-26 13:00:00+09:00,6420.0,6420.0,6340.0,6350.0,67882,0.0,0.0
2024-07-26 14:00:00+09:00,6350.0,6380.0,6290.0,6320.0,80331,0.0,0.0
2024-07-29 09:00:00+09:00,6300.0,6400.0,6250.0,6350.0,0,0.0,0.0
2024-07-29 10:00:00+09:00,6350.0,6350.0,6280.0,6320.0,52158,0.0,0.0
2024-07-29 11:00:00+09:00,6320.0,6330.0,6250.0,6260.0,56119,0.0,0.0
2024-07-29 12:00:00+09:00,6260.0,6380.0,6250.0,6340.0,54979,0.0,0.0
2024-07-29 13:00:00+09:00,6340.0,6370.0,6320.0,6340.0,34883,0.0,0.0
2024-07-29 14:00:00+09:00,6340.0,6360.0,6310.0,6320.0,40743,0.0,0.0
2024-07-30 09:00:00+09:00,6370.0,6400.0,6150.0,6180.0,181661,0.0,0.0
2024-07-30 10:00:00+09:00,6190.0,6260.0,6180.0,6200.0,82760,0.0,0.0
2024-07-30 11:00:00+09:00,6220.0,6240.0,6180.0,6230.0,42003,0.0,0.0
2024-07-30 12:00:00+09:00,6240.0,6240.0,6170.0,6210.0,62827,0.0,0.0
2024-07-30 13:00:00+09:00,6220.0,6250.0,6200.0,6200.0,29054,0.0,0.0
2024-07-30 14:00:00+09:00,6200.0,6240.0,6170.0,6210.0,47357,0.0,0.0
2024-07-31 09:00:00+09:00,6160.0,6190.0,6060.0,6140.0,164310,0.0,0.0
2024-07-31 10:00:00+09:00,6140.0,6150.0,6000.0,6030.0,182115,0.0,0.0
2024-07-31 11:00:00+09:00,6030.0,6130.0,6030.0,6070.0,42429,0.0,0.0
2024-07-31 12:00:00+09:00,6090.0,6230.0,6040.0,6190.0,70425,0.0,0.0
2024-07-31 13:00:00+09:00,6190.0,6240.0,6130.0,6170.0,56764,0.0,0.0
2024-07-31 14:00:00+09:00,6170.0,6290.0,6140.0,6260.0,67524,0.0,0.0
2024-08-01 09:00:00+09:00,6410.0,6700.0,6380.0,6560.0,639599,0.0,0.0
2024-08-01 10:00:00+09:00,6590.0,6620.0,6500.0,6520.0,127808,0.0,0.0
2024-08-01 11:00:00+09:00,6520.0,6550.0,6480.0,6520.0,40637,0.0,0.0
2024-08-01 12:00:00+09:00,6520.0,6670.0,6520.0,6620.0,149799,0.0,0.0
2024-08-01 13:00:00+09:00,6630.0,6770.0,6620.0,6680.0,398062,0.0,0.0
2024-08-01 14:00:00+09:00,6670.0,6780.0,6650.0,6710.0,230024,0.0,0.0
2024-08-02 09:00:00+09:00,6420.0,6470.0,6270.0,6320.0,442445,0.0,0.0
2024-08-02 10:00:00+09:00,6320.0,6320.0,6240.0,6250.0,141438,0.0,0.0
2024-08-02 11:00:00+09:00,6240.0,6250.0,6170.0,6250.0,115051,0.0,0.0
2024-08-02 12:00:00+09:00,6250.0,6250.0,6170.0,6200.0,42981,0.0,0.0
2024-08-02 13:00:00+09:00,6210.0,6210.0,6170.0,6190.0,34892,0.0,0.0
2024-08-02 14:00:00+09:00,6200.0,6200.0,6120.0,6190.0,156787,0.0,0.0
