Datetime,Open,High,Low,Close,Volume,Dividends,Stock Splits
2022-08-04 09:00:00+09:00,5390.0,5470.0,5390.0,5460.0,0,0.0,0.0
2022-08-04 10:00:00+09:00,5460.0,5480.0,5420.0,5430.0,15139,0.0,0.0
2022-08-04 11:00:00+09:00,5430.0,5460.0,5410.0,5420.0,10619,0.0,0.0
2022-08-04 12:00:00+09:00,5420.0,5440.0,5410.0,5430.0,3706,0.0,0.0
2022-08-04 13:00:00+09:00,5420.0,5430.0,5370.0,5400.0,12346,0.0,0.0
2022-08-04 14:00:00+09:00,5400.0,5440.0,5400.0,5410.0,3326,0.0,0.0
2022-08-05 09:00:00+09:00,5420.0,5440.0,5360.0,5380.0,0,0.0,0.0
2022-08-05 10:00:00+09:00,5360.0,5410.0,5340.0,5350.0,8322,0.0,0.0
2022-08-05 11:00:00+09:00,5350.0,5380.0,5350.0,5380.0,1707,0.0,0.0
2022-08-05 12:00:00+09:00,5380.0,5410.0,5360.0,5410.0,2725,0.0,0.0
2022-08-05 13:00:00+09:00,5400.0,5410.0,5380.0,5400.0,1119,0.0,0.0
2022-08-05 14:00:00+09:00,5400.0,5400.0,5360.0,5370.0,3861,0.0,0.0
2022-08-08 09:00:00+09:00,5310.0,5360.0,5270.0,5330.0,0,0.0,0.0
2022-08-08 10:00:00+09:00,5330.0,5330.0,5270.0,5320.0,7474,0.0,0.0
2022-08-08 11:00:00+09:00,5320.0,5320.0,5290.0,5310.0,786,0.0,0.0
2022-08-08 12:00:00+09:00,5310.0,5340.0,5300.0,5330.0,2743,0.0,0.0
2022-08-08 13:00:00+09:00,5330.0,5360.0,5310.0,5350.0,5885,0.0,0.0
2022-08-08 14:00:00+09:00,5340.0,5370.0,5280.0,5360.0,5715,0.0,0.0
2022-08-09 09:00:00+09:00,5320.0,5350.0,5300.0,5300.0,0,0.0,0.0
2022-08-09 10:00:00+09:00,5300.0,5340.0,5270.0,5280.0,16517,0.0,0.0
2022-08-09 11:00:00+09:00,5300.0,5320.0,5300.0,5300.0,981,0.0,0.0
2022-08-09 12:00:00+09:00,5300.0,5340.0,5290.0,5340.0,1078,0.0,0.0
2022-08-09 13:00:00+09:00,5330.0,5360.0,5330.0,5350.0,3945,0.0,0.0
2022-08-09 14:00:00+09:00,5350.0,5360.0,5340.0,5340.0,5975,0.0,0.0
2022-08-10 09:00:00+09:00,5290.0,5340.0,5280.0,5320.0,0,0.0,0.0
2022-08-10 10:00:00+09:00,5320.0,5430.0,5310.0,5420.0,14630,0.0,0.0
2022-08-10 11:00:00+09:00,5420.0,5450.0,5400.0,5420.0,22992,0.0,0.0
2022-08-10 12:00:00+09:00,5440.0,5450.0,5420.0,5430.0,9061,0.0,0.0
2022-08-10 13:00:00+09:00,5430.0,5470.0,5410.0,5430.0,10488,0.0,0.0
2022-08-10 14:00:00+09:00,5420.0,5440.0,5370.0,5380.0,13346,0.0,0.0
2022-08-11 09:00:00+09:00,5440.0,5510.0,5430.0,5480.0,0,0.0,0.0
2022-08-11 10:00:00+09:00,5470.0,5480.0,5450.0,5480.0,2089,0.0,0.0
2022-08-11 11:00:00+09:00,5460.0,5470.0,5440.0,5440.0,4648,0.0,0.0
2022-08-11 12:00:00+09:00,5450.0,5470.0,5420.0,5460.0,4458,0.0,0.0
2022-08-11 13:00:00+09:00,5460.0,5480.0,5440.0,5440.0,6803,0.0,0.0
2022-08-11 14:00:00+09:00,5470.0,5470.0,5430.0,5440.0,1805,0.0,0.0
2022-08-12 09:00:00+09:00,5400.0,5550.0,5380.0,5400.0,0,0.0,0.0
2022-08-12 10:00:00+09:00,5390.0,5420.0,5370.0,5390.0,9599,0.0,0.0
2022-08-12 11:00:00+09:00,5390.0,5410.0,5380.0,5410.0,2477,0.0,0.0
2022-08-12 12:00:00+09:00,5420.0,5480.0,5410.0,5480.0,6232,0.0,0.0
2022-08-12 13:00:00+09:00,5470.0,5520.0,5470.0,5510.0,13598,0.0,0.0
2022-08-12 14:00:00+09:00,5490.0,5580.0,5490.0,5530.0,33274,0.0,0.0
2022-08-16 09:00:00+09:00,5540.0,5620.0,5520.0,5550.0,0,0.0,0.0
2022-08-16 10:00:00+09:00,5550.0,5600.0,5540.0,5560.0,14360,0.0,0.0
2022-08-16 11:00:00+09:00,5540.0,5620.0,5540.0,5610.0,38654,0.0,0.0
2022-08-16 12:00:00+09:00,5600.0,5600.0,5510.0,5520.0,22396,0.0,0.0
2022-08-16 13:00:00+09:00,5510.0,5530.0,5470.0,5490.0,23949,0.0,0.0
2022-08-16 14:00:00+09:00,5490.0,5550.0,5470.0,5480.0,31977,0.0,0.0
2022-08-17 09:00:00+09:00,5480.0,5570.0,5420.0,5480.0,0,0.0,0.0
2022-08-17 10:00:00+09:00,5500.0,5520.0,5420.0,5440.0,13180,0.0,0.0
2022-08-17 11:00:00+09:00,5450.0,5500.0,5440.0,5460.0,6363,0.0,0.0
2022-08-17 12:00:00+09:00,5470.0,5500.0,5460.0,5480.0,4002,0.0,0.0
2022-08-17 13:00:00+09:00,5480.0,5490.0,5430.0,5460.0,13904,0.0,0.0
2022-08-17 14:00:00+09:00,5460.0,5470.0,5440.0,5450.0,6927,0.0,0.0
2022-08-18 09:00:00+09:00,5380.0,5520.0,5340.0,5520.0,0,0.0,0.0
2022-08-18 10:00:00+09:00,5520.0,5560.0,5480.0,5560.0,21765,0.0,0.0
2022-08-18 11:00:00+09:00,5550.0,5560.0,5520.0,5550.0,11271,0.0,0.0
2022-08-18 12:00:00+09:00,5540.0,5540.0,5500.0,5520.0,6383,0.0,0.0
2022-08-18 13:00:00+09:00,5510.0,5550.0,5510.0,5530.0,14009,0.0,0.0
2022-08-18 14:00:00+09:00,5530.0,5570.0,5490.0,5560.0,20324,0.0,0.0
2022-08-19 09:00:00+09:00,5550.0,5660.0,5490.0,5650.0,0,0.0,0.0
2022-08-19 10:00:00+09:00,5660.0,5660.0,5580.0,5610.0,18575,0.0,0.0
2022-08-19 11:00:00+09:00,5610.0,5610.0,5530.0,5570.0,18062,0.0,0.0
2022-08-19 12:00:00+09:00,5570.0,5610.0,5550.0,5550.0,10374,0.0,0.0
2022-08-19 13:00:00+09:00,5550.0,5570.0,5490.0,5490.0,12750,0.0,0.0
2022-08-19 14:00:00+09:00,5490.0,5550.0,5490.0,5500.0,15004,0.0,0.0
2022-08-22 09:00:00+09:00,5490.0,5490.0,5330.0,5440.0,0,0.0,0.0
2022-08-22 10:00:00+09:00,5440.0,5450.0,5390.0,5420.0,58296,0.0,0.0
2022-08-22 11:00:00+09:00,5420.0,5430.0,5390.0,5430.0,5882,0.0,0.0
2022-08-22 12:00:00+09:00,5410.0,5430.0,5380.0,5390.0,24278,0.0,0.0
2022-08-22 13:00:00+09:00,5380.0,5410.0,5300.0,5370.0,40755,0.0,0.0
2022-08-22 14:00:00+09:00,5360.0,5360.0,5300.0,5350.0,10220,0.0,0.0
2022-08-23 09:00:00+09:00,5240.0,5300.0,5150.0,5220.0,0,0.0,0.0
2022-08-23 10:00:00+09:00,5250.0,5300.0,5150.0,5220.0,23487,0.0,0.0
2022-08-23 11:00:00+09:00,5240.0,5240.0,5190.0,5210.0,16472,0.0,0.0
2022-08-23 12:00:00+09:00,5220.0,5270.0,5200.0,5270.0,2706,0.0,0.0
2022-08-23 13:00:00+09:00,5260.0,5260.0,5200.0,5200.0,7190,0.0,0.0
2022-08-23 14:00:00+09:00,5200.0,5210.0,5140.0,5200.0,26142,0.0,0.0
2022-08-24 09:00:00+09:00,5220.0,5400.0,5210.0,5400.0,0,0.0,0.0
2022-08-24 10:00:00+09:00,5400.0,5450.0,5300.0,5400.0,31244,0.0,0.0
2022-08-24 11:00:00+09:00,5340.0,5360.0,5300.0,5340.0,2923,0.0,0.0
2022-08-24 12:00:00+09:00,5320.0,5350.0,5310.0,5350.0,2165,0.0,0.0
2022-08-24 13:00:00+09:00,5350.0,5350.0,5310.0,5340.0,3383,0.0,0.0
2022-08-24 14:00:00+09:00,5310.0,5410.0,5310.0,5390.0,17480,0.0,0.0
2022-08-25 09:00:00+09:00,5410.0,5480.0,5410.0,5450.0,0,0.0,0.0
2022-08-25 10:00:00+09:00,5440.0,5460.0,5430.0,5450.0,8175,0.0,0.0
2022-08-25 11:00:00+09:00,5450.0,5490.0,5430.0,5470.0,18165,0.0,0.0
2022-08-25 12:00:00+09:00,5460.0,5460.0,5440.0,5450.0,10111,0.0,0.0
2022-08-25 13:00:00+09:00,5440.0,5460.0,5440.0,5440.0,4451,0.0,0.0
2022-08-25 14:00:00+09:00,5440.0,5470.0,5430.0,5470.0,8124,0.0,0.0
2022-08-26 09:00:00+09:00,5470.0,5500.0,5450.0,5470.0,0,0.0,0.0
2022-08-26 10:00:00+09:00,5470.0,5480.0,5410.0,5420.0,24335,0.0,0.0
2022-08-26 11:00:00+09:00,5410.0,5500.0,5410.0,5500.0,28513,0.0,0.0
2022-08-26 12:00:00+09:00,5490.0,5520.0,5480.0,5510.0,11283,0.0,0.0
2022-08-26 13:00:00+09:00,5520.0,5520.0,5440.0,5440.0,12681,0.0,0.0
2022-08-26 14:00:00+09:00,5450.0,5470.0,5430.0,5460.0,12019,0.0,0.0
2022-08-29 09:00:00+09:00,5310.0,5350.0,5240.0,5350.0,0,0.0,0.0
2022-08-29 10:00:00+09:00,5350.0,5350.0,5270.0,5280.0,11582,0.0,0.0
2022-08-29 11:00:00+09:00,5290.0,5320.0,5280.0,5310.0,4462,0.0,0.0
2022-08-29 12:00:00+09:00,5310.0,5320.0,5280.0,5290.0,3329,0.0,0.0
2022-08-29 13:00:00+09:00,5290.0,5310.0,5270.0,5310.0,4456,0.0,0.0
2022-08-29 14:00:00+09:00,5310.0,5320.0,5280.0,5310.0,0,0.0,0.0
2022-08-30 09:00:00+09:00,5290.0,5360.0,5260.0,5320.0,0,0.0,0.0
2022-08-30 10:00:00+09:00,5330.0,5330.0,5280.0,5280.0,5151,0.0,0.0
2022-08-30 11:00:00+09:00,5270.0,5310.0,5270.0,5270.0,4570,0.0,0.0
2022-08-30 12:00:00+09:00,5290.0,5300.0,5270.0,5290.0,2748,0.0,0.0
2022-08-30 13:00:00+09:00,5300.0,5340.0,5300.0,5330.0,3602,0.0,0.0
2022-08-30 14:00:00+09:00,5330.0,5360.0,5310.0,5350.0,7123,0.0,0.0
2022-08-31 09:00:00+09:00,5360.0,5360.0,5250.0,5340.0,0,0.0,0.0
2022-08-31 10:00:00+09:00,5330.0,5390.0,5330.0,5390.0,5806,0.0,0.0
2022-08-31 11:00:00+09:00,5390.0,5390.0,5360.0,5390.0,2021,0.0,0.0
2022-08-31 12:00:00+09:00,5390.0,5430.0,5370.0,5430.0,6072,0.0,0.0
2022-08-31 13:00:00+09:00,5420.0,5440.0,5370.0,5420.0,4022,0.0,0.0
2022-08-31 14:00:00+09:00,5390.0,5440.0,5390.0,5410.0,4478,0.0,0.0
2022-09-01 09:00:00+09:00,5370.0,5430.0,5330.0,5370.0,0,0.0,0.0
2022-09-01 10:00:00+09:00,5370.0,5370.0,5310.0,5310.0,10308,0.0,0.0
2022-09-01 11:00:00+09:00,5310.0,5340.0,5290.0,5320.0,5622,0.0,0.0
2022-09-01 12:00:00+09:00,5320.0,5340.0,5250.0,5280.0,27213,0.0,0.0
2022-09-01 13:00:00+09:00,5270.0,5290.0,5250.0,5280.0,7314,0.0,0.0
2022-09-01 14:00:00+09:00,5280.0,5280.0,5160.0,5230.0,17819,0.0,0.0
2022-09-02 09:00:00+09:00,5240.0,5290.0,5230.0,5260.0,0,0.0,0.0
2022-09-02 10:00:00+09:00,5260.0,5520.0,5240.0,5320.0,35363,0.0,0.0
2022-09-02 11:00:00+09:00,5330.0,5330.0,5260.0,5270.0,5133,0.0,0.0
2022-09-02 12:00:00+09:00,5260.0,5280.0,5240.0,5270.0,5293,0.0,0.0
2022-09-02 13:00:00+09:00,5270.0,5310.0,5240.0,5290.0,6734,0.0,0.0
2022-09-02 14:00:00+09:00,5290.0,5330.0,5260.0,5280.0,12289,0.0,0.0
2022-09-05 09:00:00+09:00,5250.0,5310.0,5230.0,5290.0,0,0.0,0.0
2022-09-05 10:00:00+09:00,5250.0,5300.0,5230.0,5240.0,8796,0.0,0.0
2022-09-05 11:00:00+09:00,5240.0,5240.0,5170.0,5170.0,18967,0.0,0.0
2022-09-05 12:00:00+09:00,5170.0,5190.0,5150.0,5170.0,15694,0.0,0.0
2022-09-05 13:00:00+09:00,5170.0,5170.0,5100.0,5120.0,20989,0.0,0.0
2022-09-05 14:00:00+09:00,5150.0,5150.0,5090.0,5130.0,34348,0.0,0.0
2022-09-06 09:00:00+09:00,5130.0,5230.0,5110.0,5230.0,0,0.0,0.0
2022-09-06 10:00:00+09:00,5230.0,5240.0,5200.0,5200.0,18691,0.0,0.0
2022-09-06 11:00:00+09:00,5200.0,5400.0,5190.0,5250.0,87268,0.0,0.0
2022-09-06 12:00:00+09:00,5270.0,5290.0,5250.0,5280.0,7431,0.0,0.0
2022-09-06 13:00:00+09:00,5270.0,5330.0,5250.0,5320.0,0,0.0,0.0
2022-09-06 14:00:00+09:00,5310.0,5320.0,5280.0,5300.0,162879,0.0,0.0
2022-09-07 09:00:00+09:00,5300.0,5300.0,5190.0,5230.0,0,0.0,0.0
2022-09-07 10:00:00+09:00,5210.0,5230.0,5190.0,5210.0,30019,0.0,0.0
2022-09-07 11:00:00+09:00,5210.0,5210.0,5160.0,5180.0,11243,0.0,0.0
2022-09-07 12:00:00+09:00,5160.0,5220.0,5160.0,5220.0,2584,0.0,0.0
2022-09-07 13:00:00+09:00,5200.0,5210.0,5170.0,5200.0,5970,0.0,0.0
2022-09-07 14:00:00+09:00,5200.0,5220.0,5170.0,5170.0,6407,0.0,0.0
2022-09-08 09:00:00+09:00,5210.0,5270.0,5200.0,5250.0,0,0.0,0.0
2022-09-08 10:00:00+09:00,5240.0,5280.0,5240.0,5250.0,7780,0.0,0.0
2022-09-08 11:00:00+09:00,5250.0,5280.0,5250.0,5260.0,3405,0.0,0.0
2022-09-08 12:00:00+09:00,5260.0,5290.0,5250.0,5260.0,4074,0.0,0.0
2022-09-08 13:00:00+09:00,5260.0,5310.0,5260.0,5270.0,15216,0.0,0.0
2022-09-08 14:00:00+09:00,5290.0,5310.0,5270.0,5300.0,5716,0.0,0.0
2022-09-13 09:00:00+09:00,5370.0,5400.0,5340.0,5380.0,0,0.0,0.0
2022-09-13 10:00:00+09:00,5380.0,5390.0,5360.0,5380.0,26142,0.0,0.0
2022-09-13 11:00:00+09:00,5370.0,5380.0,5360.0,5370.0,4599,0.0,0.0
2022-09-13 12:00:00+09:00,5370.0,5380.0,5330.0,5370.0,15682,0.0,0.0
2022-09-13 13:00:00+09:00,5370.0,5380.0,5350.0,5370.0,5737,0.0,0.0
2022-09-13 14:00:00+09:00,5370.0,5380.0,5350.0,5370.0,4334,0.0,0.0
2022-09-14 09:00:00+09:00,5240.0,5600.0,5200.0,5560.0,96253,0.0,0.0
2022-09-14 10:00:00+09:00,5560.0,5580.0,5480.0,5480.0,34820,0.0,0.0
2022-09-14 11:00:00+09:00,5480.0,5500.0,5460.0,5480.0,5408,0.0,0.0
2022-09-14 12:00:00+09:00,5470.0,5480.0,5430.0,5460.0,16331,0.0,0.0
2022-09-14 13:00:00+09:00,5460.0,5480.0,5440.0,5480.0,5977,0.0,0.0
2022-09-14 14:00:00+09:00,5480.0,5530.0,5450.0,5490.0,39992,0.0,0.0
2022-09-15 09:00:00+09:00,5520.0,5520.0,5470.0,5510.0,0,0.0,0.0
2022-09-15 10:00:00+09:00,5500.0,5520.0,5480.0,5510.0,5756,0.0,0.0
2022-09-15 11:00:00+09:00,5510.0,5540.0,5490.0,5500.0,12018,0.0,0.0
2022-09-15 12:00:00+09:00,5490.0,5500.0,5440.0,5470.0,12340,0.0,0.0
2022-09-15 13:00:00+09:00,5460.0,5480.0,5430.0,5470.0,7822,0.0,0.0
2022-09-15 14:00:00+09:00,5470.0,5480.0,5410.0,5440.0,9657,0.0,0.0
2022-09-16 09:00:00+09:00,5380.0,5430.0,5350.0,5380.0,0,0.0,0.0
2022-09-16 10:00:00+09:00,5370.0,5400.0,5370.0,5380.0,2272,0.0,0.0
2022-09-16 11:00:00+09:00,5370.0,5390.0,5330.0,5340.0,5579,0.0,0.0
2022-09-16 12:00:00+09:00,5350.0,5350.0,5290.0,5340.0,12495,0.0,0.0
2022-09-16 13:00:00+09:00,5320.0,5330.0,5290.0,5330.0,2890,0.0,0.0
2022-09-16 14:00:00+09:00,5320.0,5360.0,5310.0,5320.0,4960,0.0,0.0
2022-09-19 09:00:00+09:00,5310.0,5340.0,5250.0,5260.0,0,0.0,0.0
2022-09-19 10:00:00+09:00,5260.0,5310.0,5240.0,5280.0,17532,0.0,0.0
2022-09-19 11:00:00+09:00,5280.0,5300.0,5240.0,5250.0,6939,0.0,0.0
2022-09-19 12:00:00+09:00,5250.0,5260.0,5220.0,5240.0,10200,0.0,0.0
2022-09-19 13:00:00+09:00,5230.0,5240.0,5190.0,5220.0,20943,0.0,0.0
2022-09-19 14:00:00+09:00,5200.0,5230.0,5150.0,5190.0,29717,0.0,0.0
2022-09-20 09:00:00+09:00,5190.0,5290.0,5190.0,5290.0,0,0.0,0.0
2022-09-20 10:00:00+09:00,5290.0,5310.0,5230.0,5230.0,6469,0.0,0.0
2022-09-20 11:00:00+09:00,5270.0,5280.0,5240.0,5250.0,2491,0.0,0.0
2022-09-20 12:00:00+09:00,5270.0,5270.0,5250.0,5270.0,725,0.0,0.0
2022-09-20 13:00:00+09:00,5270.0,5280.0,5250.0,5250.0,1628,0.0,0.0
2022-09-20 14:00:00+09:00,5270.0,5280.0,5250.0,5260.0,1295,0.0,0.0
2022-09-21 09:00:00+09:00,5260.0,5350.0,5240.0,5300.0,0,0.0,0.0
2022-09-21 10:00:00+09:00,5270.0,5300.0,5240.0,5260.0,1691,0.0,0.0
2022-09-21 11:00:00+09:00,5260.0,5280.0,5240.0,5250.0,2444,0.0,0.0
2022-09-21 12:00:00+09:00,5260.0,5290.0,5250.0,5290.0,4292,0.0,0.0
2022-09-21 13:00:00+09:00,5280.0,5290.0,5270.0,5270.0,1550,0.0,0.0
2022-09-21 14:00:00+09:00,5270.0,5300.0,5270.0,5300.0,486,0.0,0.0
2022-09-22 09:00:00+09:00,5230.0,5270.0,5140.0,5230.0,0,0.0,0.0
2022-09-22 10:00:00+09:00,5240.0,5240.0,5110.0,5130.0,26013,0.0,0.0
2022-09-22 11:00:00+09:00,5160.0,5210.0,5150.0,5200.0,6773,0.0,0.0
2022-09-22 12:00:00+09:00,5200.0,5200.0,5160.0,5200.0,962,0.0,0.0
2022-09-22 13:00:00+09:00,5200.0,5220.0,5190.0,5220.0,526,0.0,0.0
2022-09-22 14:00:00+09:00,5220.0,5260.0,5190.0,5220.0,8152,0.0,0.0
2022-09-23 09:00:00+09:00,5180.0,5290.0,5160.0,5180.0,0,0.0,0.0
2022-09-23 10:00:00+09:00,5180.0,5180.0,5110.0,5140.0,15365,0.0,0.0
2022-09-23 11:00:00+09:00,5140.0,5140.0,5080.0,5100.0,15213,0.0,0.0
2022-09-23 12:00:00+09:00,5090.0,5110.0,5070.0,5080.0,11178,0.0,0.0
2022-09-23 13:00:00+09:00,5080.0,5080.0,5010.0,5040.0,24898,0.0,0.0
2022-09-23 14:00:00+09:00,5040.0,5060.0,5000.0,5060.0,37680,0.0,0.0
2022-09-26 09:00:00+09:00,4995.0,5000.0,4895.0,4900.0,0,0.0,0.0
2022-09-26 10:00:00+09:00,4895.0,4900.0,4830.0,4830.0,35946,0.0,0.0
2022-09-26 11:00:00+09:00,4835.0,4890.0,4835.0,4870.0,11288,0.0,0.0
2022-09-26 12:00:00+09:00,4870.0,4870.0,4825.0,4830.0,16019,0.0,0.0
2022-09-26 13:00:00+09:00,4825.0,4855.0,4775.0,4805.0,0,0.0,0.0
2022-09-26 14:00:00+09:00,4795.0,4825.0,4710.0,4795.0,184982,0.0,0.0
2022-09-27 09:00:00+09:00,4760.0,4775.0,4630.0,4720.0,0,0.0,0.0
2022-09-27 10:00:00+09:00,4725.0,4750.0,4675.0,4685.0,19281,0.0,0.0
2022-09-27 11:00:00+09:00,4675.0,4700.0,4660.0,4695.0,9279,0.0,0.0
2022-09-27 12:00:00+09:00,4695.0,4700.0,4645.0,4665.0,26497,0.0,0.0
2022-09-27 13:00:00+09:00,4665.0,4710.0,4655.0,4710.0,9275,0.0,0.0
2022-09-27 14:00:00+09:00,4710.0,4745.0,4695.0,4745.0,12853,0.0,0.0
2022-09-28 09:00:00+09:00,4750.0,4850.0,4735.0,4820.0,0,0.0,0.0
2022-09-28 10:00:00+09:00,4820.0,4830.0,4685.0,4690.0,21757,0.0,0.0
2022-09-28 11:00:00+09:00,4700.0,4700.0,4600.0,4635.0,21207,0.0,0.0
2022-09-28 12:00:00+09:00,4635.0,4640.0,4585.0,4605.0,9821,0.0,0.0
2022-09-28 13:00:00+09:00,4620.0,4625.0,4555.0,4585.0,14678,0.0,0.0
2022-09-28 14:00:00+09:00,4585.0,4670.0,4570.0,4640.0,6925,0.0,0.0
2022-09-29 09:00:00+09:00,4685.0,4740.0,4680.0,4705.0,0,0.0,0.0
2022-09-29 10:00:00+09:00,4700.0,4760.0,4700.0,4720.0,5217,0.0,0.0
2022-09-29 11:00:00+09:00,4715.0,4730.0,4650.0,4655.0,16845,0.0,0.0
2022-09-29 12:00:00+09:00,4665.0,4670.0,4645.0,4670.0,2442,0.0,0.0
2022-09-29 13:00:00+09:00,4670.0,4695.0,4665.0,4695.0,2436,0.0,0.0
2022-09-29 14:00:00+09:00,4680.0,4685.0,4630.0,4640.0,2915,0.0,0.0
2022-09-30 09:00:00+09:00,4530.0,4600.0,4480.0,4525.0,0,0.0,0.0
2022-09-30 10:00:00+09:00,4525.0,4645.0,4515.0,4625.0,9793,0.0,0.0
2022-09-30 11:00:00+09:00,4620.0,4660.0,4600.0,4640.0,18716,0.0,0.0
2022-09-30 12:00:00+09:00,4640.0,4660.0,4595.0,4615.0,5343,0.0,0.0
2022-09-30 13:00:00+09:00,4610.0,4615.0,4590.0,4600.0,3624,0.0,0.0
2022-09-30 14:00:00+09:00,4595.0,4655.0,4590.0,4605.0,2686,0.0,0.0
2022-10-04 09:00:00+09:00,4650.0,4745.0,4645.0,4735.0,0,0.0,0.0
2022-10-04 10:00:00+09:00,4745.0,4745.0,4720.0,4730.0,3033,0.0,0.0
2022-10-04 11:00:00+09:00,4725.0,4725.0,4680.0,4710.0,10247,0.0,0.0
2022-10-04 12:00:00+09:00,4700.0,4725.0,4700.0,4725.0,2014,0.0,0.0
2022-10-04 13:00:00+09:00,4725.0,4730.0,4715.0,4730.0,630,0.0,0.0
2022-10-04 14:00:00+09:00,4725.0,4755.0,4725.0,4745.0,6157,0.0,0.0
2022-10-05 09:00:00+09:00,4840.0,4845.0,4720.0,4735.0,0,0.0,0.0
2022-10-05 10:00:00+09:00,4735.0,4750.0,4700.0,4715.0,11219,0.0,0.0
2022-10-05 11:00:00+09:00,4715.0,4715.0,4675.0,4680.0,2844,0.0,0.0
2022-10-05 12:00:00+09:00,4670.0,4715.0,4670.0,4710.0,2997,0.0,0.0
2022-10-05 13:00:00+09:00,4695.0,4695.0,4675.0,4690.0,1976,0.0,0.0
2022-10-05 14:00:00+09:00,4690.0,4705.0,4680.0,4695.0,3554,0.0,0.0
2022-10-06 09:00:00+09:00,4700.0,4795.0,4700.0,4780.0,0,0.0,0.0
2022-10-06 10:00:00+09:00,4780.0,4805.0,4760.0,4795.0,9474,0.0,0.0
2022-10-06 11:00:00+09:00,4795.0,4795.0,4775.0,4795.0,546,0.0,0.0
2022-10-06 12:00:00+09:00,4790.0,4795.0,4775.0,4790.0,1122,0.0,0.0
2022-10-06 13:00:00+09:00,4790.0,4800.0,4780.0,4780.0,7867,0.0,0.0
2022-10-06 14:00:00+09:00,4785.0,4800.0,4755.0,4795.0,6626,0.0,0.0
2022-10-07 09:00:00+09:00,4800.0,4840.0,4750.0,4840.0,0,0.0,0.0
2022-10-07 10:00:00+09:00,4835.0,4850.0,4800.0,4825.0,7367,0.0,0.0
2022-10-07 11:00:00+09:00,4820.0,4835.0,4820.0,4830.0,1147,0.0,0.0
2022-10-07 12:00:00+09:00,4830.0,4845.0,4830.0,4840.0,3503,0.0,0.0
2022-10-07 13:00:00+09:00,4840.0,4840.0,4810.0,4810.0,3942,0.0,0.0
2022-10-07 14:00:00+09:00,4810.0,4820.0,4805.0,4815.0,422,0.0,0.0
2022-10-11 09:00:00+09:00,4770.0,4770.0,4680.0,4705.0,0,0.0,0.0
2022-10-11 10:00:00+09:00,4705.0,4730.0,4670.0,4690.0,9051,0.0,0.0
2022-10-11 11:00:00+09:00,4690.0,4690.0,4665.0,4685.0,2203,0.0,0.0
2022-10-11 12:00:00+09:00,4675.0,4700.0,4665.0,4675.0,1932,0.0,0.0
2022-10-11 13:00:00+09:00,4675.0,4675.0,4610.0,4630.0,11525,0.0,0.0
2022-10-11 14:00:00+09:00,4630.0,4670.0,4605.0,4640.0,6946,0.0,0.0
2022-10-12 09:00:00+09:00,4580.0,4630.0,4570.0,4630.0,0,0.0,0.0
2022-10-12 10:00:00+09:00,4630.0,4655.0,4615.0,4615.0,17100,0.0,0.0
2022-10-12 11:00:00+09:00,4615.0,4655.0,4605.0,4620.0,4846,0.0,0.0
2022-10-12 12:00:00+09:00,4630.0,4650.0,4610.0,4640.0,1284,0.0,0.0
2022-10-12 13:00:00+09:00,4625.0,4665.0,4620.0,4660.0,2672,0.0,0.0
2022-10-12 14:00:00+09:00,4660.0,4665.0,4620.0,4630.0,4384,0.0,0.0
2022-10-13 09:00:00+09:00,4620.0,4620.0,4510.0,4510.0,0,0.0,0.0
2022-10-13 10:00:00+09:00,4510.0,4525.0,4490.0,4495.0,11942,0.0,0.0
2022-10-13 11:00:00+09:00,4495.0,4495.0,4460.0,4480.0,3974,0.0,0.0
2022-10-13 12:00:00+09:00,4480.0,4495.0,4450.0,4470.0,28395,0.0,0.0
2022-10-13 13:00:00+09:00,4470.0,4470.0,4435.0,4455.0,16525,0.0,0.0
2022-10-13 14:00:00+09:00,4445.0,4465.0,4425.0,4460.0,5001,0.0,0.0
2022-10-14 09:00:00+09:00,4490.0,4595.0,4475.0,4565.0,0,0.0,0.0
2022-10-14 10:00:00+09:00,4565.0,4575.0,4540.0,4575.0,4032,0.0,0.0
2022-10-14 11:00:00+09:00,4575.0,4575.0,4560.0,4575.0,0,0.0,0.0
2022-10-14 12:00:00+09:00,4575.0,4610.0,4575.0,4605.0,32734,0.0,0.0
2022-10-14 13:00:00+09:00,4605.0,4605.0,4560.0,4595.0,4256,0.0,0.0
2022-10-14 14:00:00+09:00,4595.0,4595.0,4550.0,4560.0,2905,0.0,0.0
2022-10-17 09:00:00+09:00,4520.0,4585.0,4460.0,4580.0,0,0.0,0.0
2022-10-17 10:00:00+09:00,4580.0,4585.0,4565.0,4575.0,894,0.0,0.0
2022-10-17 11:00:00+09:00,4575.0,4630.0,4560.0,4630.0,2098,0.0,0.0
2022-10-17 12:00:00+09:00,4630.0,4630.0,4620.0,4630.0,644,0.0,0.0
2022-10-17 13:00:00+09:00,4630.0,4630.0,4585.0,4610.0,1119,0.0,0.0
2022-10-17 14:00:00+09:00,4605.0,4630.0,4585.0,4630.0,1911,0.0,0.0
2022-10-18 09:00:00+09:00,4650.0,4710.0,4650.0,4700.0,0,0.0,0.0
2022-10-18 10:00:00+09:00,4700.0,4700.0,4630.0,4655.0,7758,0.0,0.0
2022-10-18 11:00:00+09:00,4645.0,4655.0,4615.0,4640.0,2306,0.0,0.0
2022-10-18 12:00:00+09:00,4640.0,4655.0,4630.0,4655.0,1311,0.0,0.0
2022-10-18 13:00:00+09:00,4655.0,4695.0,4640.0,4670.0,7073,0.0,0.0
2022-10-18 14:00:00+09:00,4670.0,4700.0,4650.0,4650.0,6152,0.0,0.0
2022-10-19 09:00:00+09:00,4700.0,4705.0,4640.0,4695.0,0,0.0,0.0
2022-10-19 10:00:00+09:00,4680.0,4740.0,4675.0,4735.0,7265,0.0,0.0
2022-10-19 11:00:00+09:00,4735.0,4740.0,4680.0,4705.0,9211,0.0,0.0
2022-10-19 12:00:00+09:00,4705.0,4705.0,4685.0,4700.0,1360,0.0,0.0
2022-10-19 13:00:00+09:00,4700.0,4735.0,4675.0,4700.0,6504,0.0,0.0
2022-10-19 14:00:00+09:00,4700.0,4705.0,4660.0,4670.0,1966,0.0,0.0
2022-10-20 09:00:00+09:00,4625.0,4695.0,4625.0,4655.0,0,0.0,0.0
2022-10-20 10:00:00+09:00,4655.0,4675.0,4620.0,4640.0,9703,0.0,0.0
2022-10-20 11:00:00+09:00,4620.0,4645.0,4595.0,4645.0,3867,0.0,0.0
2022-10-20 12:00:00+09:00,4630.0,4650.0,4620.0,4640.0,864,0.0,0.0
2022-10-20 13:00:00+09:00,4640.0,4645.0,4595.0,4640.0,4097,0.0,0.0
2022-10-20 14:00:00+09:00,4640.0,4665.0,4640.0,4655.0,1919,0.0,0.0
2022-10-21 09:00:00+09:00,4610.0,4705.0,4610.0,4680.0,0,0.0,0.0
2022-10-21 10:00:00+09:00,4680.0,4685.0,4610.0,4620.0,2685,0.0,0.0
2022-10-21 11:00:00+09:00,4615.0,4620.0,4615.0,4620.0,20,0.0,0.0
2022-10-21 12:00:00+09:00,4615.0,4630.0,4615.0,4630.0,2539,0.0,0.0
2022-10-21 13:00:00+09:00,4630.0,4635.0,4580.0,4585.0,6725,0.0,0.0
2022-10-21 14:00:00+09:00,4585.0,4605.0,4585.0,4595.0,2600,0.0,0.0
2022-10-24 09:00:00+09:00,4645.0,4750.0,4645.0,4730.0,0,0.0,0.0
2022-10-24 10:00:00+09:00,4730.0,4730.0,4700.0,4710.0,1727,0.0,0.0
2022-10-24 11:00:00+09:00,4710.0,4710.0,4690.0,4700.0,1973,0.0,0.0
2022-10-24 12:00:00+09:00,4695.0,4700.0,4675.0,4685.0,616,0.0,0.0
2022-10-24 13:00:00+09:00,4685.0,4685.0,4660.0,4675.0,3869,0.0,0.0
2022-10-24 14:00:00+09:00,4665.0,4685.0,4655.0,4680.0,1950,0.0,0.0
2022-10-25 09:00:00+09:00,4690.0,4705.0,4685.0,4700.0,0,0.0,0.0
2022-10-25 10:00:00+09:00,4700.0,4700.0,4675.0,4690.0,3901,0.0,0.0
2022-10-25 11:00:00+09:00,4690.0,4690.0,4630.0,4645.0,14499,0.0,0.0
2022-10-25 12:00:00+09:00,4630.0,4650.0,4630.0,4650.0,708,0.0,0.0
2022-10-25 13:00:00+09:00,4650.0,4655.0,4630.0,4655.0,4132,0.0,0.0
2022-10-25 14:00:00+09:00,4655.0,4655.0,4630.0,4645.0,1220,0.0,0.0
2022-10-26 09:00:00+09:00,4660.0,4665.0,4575.0,4590.0,0,0.0,0.0
2022-10-26 10:00:00+09:00,4590.0,4590.0,4530.0,4580.0,5871,0.0,0.0
2022-10-26 11:00:00+09:00,4580.0,4580.0,4565.0,4580.0,940,0.0,0.0
2022-10-26 12:00:00+09:00,4580.0,4600.0,4575.0,4590.0,2561,0.0,0.0
2022-10-26 13:00:00+09:00,4590.0,4590.0,4545.0,4545.0,3324,0.0,0.0
2022-10-26 14:00:00+09:00,4545.0,4555.0,4515.0,4525.0,13884,0.0,0.0
2022-10-27 09:00:00+09:00,4510.0,4630.0,4510.0,4595.0,0,0.0,0.0
2022-10-27 10:00:00+09:00,4595.0,4630.0,4595.0,4630.0,3851,0.0,0.0
2022-10-27 11:00:00+09:00,4630.0,4630.0,4600.0,4600.0,2159,0.0,0.0
2022-10-27 12:00:00+09:00,4600.0,4600.0,4595.0,4600.0,715,0.0,0.0
2022-10-27 13:00:00+09:00,4600.0,4620.0,4600.0,4620.0,0,0.0,0.0
2022-10-27 14:00:00+09:00,4620.0,4625.0,4605.0,4625.0,20807,0.0,0.0
2022-10-28 09:00:00+09:00,4620.0,4660.0,4620.0,4630.0,4315,0.0,0.0
2022-10-28 10:00:00+09:00,4620.0,4640.0,4610.0,4630.0,6163,0.0,0.0
2022-10-28 11:00:00+09:00,4615.0,4630.0,4590.0,4590.0,3740,0.0,0.0
2022-10-28 12:00:00+09:00,4605.0,4605.0,4570.0,4580.0,7903,0.0,0.0
2022-10-28 13:00:00+09:00,4580.0,4580.0,4575.0,4580.0,795,0.0,0.0
2022-10-28 14:00:00+09:00,4580.0,4600.0,4560.0,4585.0,5367,0.0,0.0
2022-10-31 09:00:00+09:00,4660.0,4685.0,4625.0,4685.0,0,0.0,0.0
2022-10-31 10:00:00+09:00,4680.0,4695.0,4650.0,4650.0,2531,0.0,0.0
2022-10-31 11:00:00+09:00,4655.0,4680.0,4650.0,4670.0,1678,0.0,0.0
2022-10-31 12:00:00+09:00,4670.0,4680.0,4670.0,4680.0,1556,0.0,0.0
2022-10-31 13:00:00+09:00,4680.0,4680.0,4660.0,4675.0,928,0.0,0.0
2022-10-31 14:00:00+09:00,4675.0,4675.0,4660.0,4665.0,925,0.0,0.0
2022-11-01 09:00:00+09:00,4695.0,4700.0,4675.0,4690.0,0,0.0,0.0
2022-11-01 10:00:00+09:00,4695.0,4715.0,4690.0,4715.0,5377,0.0,0.0
2022-11-01 11:00:00+09:00,4710.0,4720.0,4700.0,4715.0,4444,0.0,0.0
2022-11-01 12:00:00+09:00,4705.0,4715.0,4690.0,4695.0,5204,0.0,0.0
2022-11-01 13:00:00+09:00,4695.0,4715.0,4695.0,4715.0,4602,0.0,0.0
2022-11-01 14:00:00+09:00,4715.0,4715.0,4700.0,4710.0,789,0.0,0.0
2022-11-02 09:00:00+09:00,4705.0,4710.0,4675.0,4690.0,0,0.0,0.0
2022-11-02 10:00:00+09:00,4690.0,4695.0,4685.0,4695.0,1239,0.0,0.0
2022-11-02 11:00:00+09:00,4695.0,4705.0,4685.0,4700.0,2376,0.0,0.0
2022-11-02 12:00:00+09:00,4700.0,4730.0,4690.0,4725.0,7298,0.0,0.0
2022-11-02 13:00:00+09:00,4725.0,4730.0,4710.0,4720.0,4535,0.0,0.0
2022-11-02 14:00:00+09:00,4720.0,4720.0,4710.0,4720.0,1050,0.0,0.0
2022-11-03 09:00:00+09:00,4665.0,4715.0,4650.0,4705.0,0,0.0,0.0
2022-11-03 10:00:00+09:00,4705.0,4705.0,4675.0,4700.0,781,0.0,0.0
2022-11-03 11:00:00+09:00,4700.0,4735.0,4685.0,4725.0,5342,0.0,0.0
2022-11-03 12:00:00+09:00,4715.0,4730.0,4710.0,4725.0,2893,0.0,0.0
2022-11-03 13:00:00+09:00,4725.0,4735.0,4715.0,4735.0,3308,0.0,0.0
2022-11-03 14:00:00+09:00,4735.0,4745.0,4715.0,4745.0,4321,0.0,0.0
2022-11-04 09:00:00+09:00,4710.0,4780.0,4705.0,4745.0,0,0.0,0.0
2022-11-04 10:00:00+09:00,4760.0,4790.0,4735.0,4780.0,8372,0.0,0.0
2022-11-04 11:00:00+09:00,4780.0,4820.0,4700.0,4810.0,16454,0.0,0.0
2022-11-04 12:00:00+09:00,4810.0,4820.0,4790.0,4820.0,2463,0.0,0.0
2022-11-04 13:00:00+09:00,4815.0,4840.0,4760.0,4815.0,14277,0.0,0.0
2022-11-04 14:00:00+09:00,4815.0,4855.0,4800.0,4840.0,11812,0.0,0.0
2022-11-07 09:00:00+09:00,4870.0,4885.0,4835.0,4840.0,0,0.0,0.0
2022-11-07 10:00:00+09:00,4840.0,4845.0,4825.0,4845.0,2218,0.0,0.0
2022-11-07 11:00:00+09:00,4845.0,4845.0,4815.0,4820.0,4819,0.0,0.0
2022-11-07 12:00:00+09:00,4815.0,4845.0,4800.0,4810.0,4722,0.0,0.0
2022-11-07 13:00:00+09:00,4810.0,4820.0,4805.0,4820.0,1253,0.0,0.0
2022-11-07 14:00:00+09:00,4815.0,4880.0,4795.0,4860.0,23342,0.0,0.0
2022-11-08 09:00:00+09:00,4850.0,4875.0,4835.0,4870.0,0,0.0,0.0
2022-11-08 10:00:00+09:00,4865.0,4880.0,4860.0,4875.0,4838,0.0,0.0
2022-11-08 11:00:00+09:00,4875.0,4875.0,4865.0,4870.0,1353,0.0,0.0
2022-11-08 12:00:00+09:00,4870.0,4875.0,4860.0,4875.0,1593,0.0,0.0
2022-11-08 13:00:00+09:00,4865.0,4910.0,4865.0,4900.0,12343,0.0,0.0
2022-11-08 14:00:00+09:00,4900.0,4910.0,4890.0,4905.0,6098,0.0,0.0
2022-11-09 09:00:00+09:00,4890.0,4930.0,4885.0,4930.0,0,0.0,0.0
2022-11-09 10:00:00+09:00,4925.0,4975.0,4925.0,4960.0,13273,0.0,0.0
2022-11-09 11:00:00+09:00,4960.0,4960.0,4925.0,4945.0,0,0.0,0.0
2022-11-09 12:00:00+09:00,4935.0,4935.0,4900.0,4925.0,32922,0.0,0.0
2022-11-09 13:00:00+09:00,4925.0,4945.0,4905.0,4945.0,2298,0.0,0.0
2022-11-09 14:00:00+09:00,4940.0,4945.0,4910.0,4910.0,2352,0.0,0.0
2022-11-10 09:00:00+09:00,4890.0,4940.0,4880.0,4930.0,0,0.0,0.0
2022-11-10 10:00:00+09:00,4930.0,4940.0,4895.0,4905.0,3622,0.0,0.0
2022-11-10 11:00:00+09:00,4905.0,4905.0,4890.0,4905.0,2543,0.0,0.0
2022-11-10 12:00:00+09:00,4895.0,4915.0,4895.0,4915.0,903,0.0,0.0
2022-11-10 13:00:00+09:00,4905.0,4925.0,4890.0,4925.0,3758,0.0,0.0
2022-11-10 14:00:00+09:00,4920.0,4940.0,4920.0,4925.0,8239,0.0,0.0
2022-11-11 09:00:00+09:00,5050.0,5100.0,4965.0,4980.0,0,0.0,0.0
2022-11-11 10:00:00+09:00,4980.0,4990.0,4925.0,4945.0,40003,0.0,0.0
2022-11-11 11:00:00+09:00,4945.0,4950.0,4900.0,4945.0,19381,0.0,0.0
2022-11-11 12:00:00+09:00,4940.0,4940.0,4925.0,4940.0,4270,0.0,0.0
2022-11-11 13:00:00+09:00,4940.0,4955.0,4930.0,4945.0,2963,0.0,0.0
2022-11-11 14:00:00+09:00,4940.0,4955.0,4930.0,4935.0,5305,0.0,0.0
2022-11-14 09:00:00+09:00,4980.0,4980.0,4935.0,4975.0,0,0.0,0.0
2022-11-14 10:00:00+09:00,4975.0,4975.0,4950.0,4950.0,6067,0.0,0.0
2022-11-14 11:00:00+09:00,4950.0,4955.0,4940.0,4955.0,2431,0.0,0.0
2022-11-14 12:00:00+09:00,4955.0,4975.0,4950.0,4975.0,1900,0.0,0.0
2022-11-14 13:00:00+09:00,4975.0,4980.0,4965.0,4975.0,2145,0.0,0.0
2022-11-14 14:00:00+09:00,4975.0,4975.0,4750.0,4795.0,76922,0.0,0.0
2022-11-15 09:00:00+09:00,4775.0,4850.0,4770.0,4810.0,0,0.0,0.0
2022-11-15 10:00:00+09:00,4805.0,4865.0,4800.0,4855.0,23671,0.0,0.0
2022-11-15 11:00:00+09:00,4850.0,4865.0,4835.0,4855.0,14600,0.0,0.0
2022-11-15 12:00:00+09:00,4855.0,4855.0,4840.0,4845.0,5555,0.0,0.0
2022-11-15 13:00:00+09:00,4845.0,4855.0,4840.0,4855.0,6921,0.0,0.0
2022-11-15 14:00:00+09:00,4855.0,4870.0,4840.0,4870.0,11061,0.0,0.0
2022-11-16 09:00:00+09:00,4880.0,4885.0,4805.0,4810.0,0,0.0,0.0
2022-11-16 10:00:00+09:00,4815.0,4850.0,4800.0,4825.0,13963,0.0,0.0
2022-11-16 11:00:00+09:00,4820.0,4845.0,4820.0,4835.0,7132,0.0,0.0
2022-11-16 12:00:00+09:00,4835.0,4850.0,4820.0,4850.0,7933,0.0,0.0
2022-11-16 13:00:00+09:00,4845.0,4850.0,4795.0,4815.0,23532,0.0,0.0
2022-11-16 14:00:00+09:00,4805.0,4835.0,4805.0,4835.0,13161,0.0,0.0
2022-11-17 10:00:00+09:00,4845.0,4860.0,4800.0,4835.0,14736,0.0,0.0
2022-11-17 11:00:00+09:00,4820.0,4835.0,4820.0,4835.0,3087,0.0,0.0
2022-11-17 12:00:00+09:00,4835.0,4850.0,4825.0,4840.0,7046,0.0,0.0
2022-11-17 13:00:00+09:00,4840.0,4855.0,4835.0,4845.0,4047,0.0,0.0
2022-11-17 14:00:00+09:00,4845.0,4855.0,4840.0,4850.0,12562,0.0,0.0
2022-11-18 09:00:00+09:00,4840.0,4895.0,4840.0,4880.0,0,0.0,0.0
2022-11-18 10:00:00+09:00,4880.0,4880.0,4860.0,4870.0,1732,0.0,0.0
2022-11-18 11:00:00+09:00,4865.0,4870.0,4845.0,4860.0,0,0.0,0.0
2022-11-18 12:00:00+09:00,4860.0,4870.0,4850.0,4860.0,17166,0.0,0.0
2022-11-18 13:00:00+09:00,4850.0,4855.0,4830.0,4840.0,2498,0.0,0.0
2022-11-18 14:00:00+09:00,4835.0,4840.0,4805.0,4815.0,7900,0.0,0.0
2022-11-21 09:00:00+09:00,4825.0,4850.0,4745.0,4770.0,2957,0.0,0.0
2022-11-21 10:00:00+09:00,4765.0,4795.0,4760.0,4790.0,8455,0.0,0.0
2022-11-21 11:00:00+09:00,4775.0,4790.0,4755.0,4765.0,14368,0.0,0.0
2022-11-21 12:00:00+09:00,4765.0,4765.0,4760.0,4760.0,2896,0.0,0.0
2022-11-21 13:00:00+09:00,4765.0,4770.0,4760.0,4770.0,3925,0.0,0.0
2022-11-21 14:00:00+09:00,4770.0,4780.0,4760.0,4770.0,14129,0.0,0.0
2022-11-22 09:00:00+09:00,4745.0,4785.0,4745.0,4785.0,0,0.0,0.0
2022-11-22 10:00:00+09:00,4785.0,4795.0,4780.0,4795.0,3142,0.0,0.0
2022-11-22 11:00:00+09:00,4785.0,4795.0,4770.0,4795.0,1966,0.0,0.0
2022-11-22 12:00:00+09:00,4795.0,4795.0,4780.0,4795.0,1840,0.0,0.0
2022-11-22 13:00:00+09:00,4795.0,4795.0,4785.0,4795.0,330,0.0,0.0
2022-11-22 14:00:00+09:00,4790.0,4800.0,4780.0,4795.0,1813,0.0,0.0
2022-11-23 09:00:00+09:00,4795.0,4915.0,4795.0,4895.0,41932,0.0,0.0
2022-11-23 10:00:00+09:00,4895.0,5550.0,4890.0,5470.0,4425883,0.0,0.0
2022-11-23 11:00:00+09:00,5490.0,5600.0,5310.0,5570.0,3216495,0.0,0.0
2022-11-23 12:00:00+09:00,5560.0,5750.0,5100.0,5150.0,3904552,0.0,0.0
2022-11-23 13:00:00+09:00,5150.0,5160.0,5040.0,5070.0,583200,0.0,0.0
2022-11-23 14:00:00+09:00,5060.0,5110.0,5040.0,5090.0,260987,0.0,0.0
2022-11-24 09:00:00+09:00,5060.0,5100.0,5000.0,5020.0,0,0.0,0.0
2022-11-24 10:00:00+09:00,5020.0,5070.0,5000.0,5070.0,111256,0.0,0.0
2022-11-24 11:00:00+09:00,5070.0,5090.0,5020.0,5040.0,85749,0.0,0.0
2022-11-24 12:00:00+09:00,5040.0,5340.0,5040.0,5190.0,1161489,0.0,0.0
2022-11-24 13:00:00+09:00,5190.0,5230.0,5120.0,5170.0,323826,0.0,0.0
2022-11-24 14:00:00+09:00,5170.0,5190.0,5150.0,5180.0,91381,0.0,0.0
2022-11-25 09:00:00+09:00,5180.0,5210.0,5120.0,5180.0,0,0.0,0.0
2022-11-25 10:00:00+09:00,5180.0,5210.0,5140.0,5170.0,95010,0.0,0.0
2022-11-25 11:00:00+09:00,5170.0,5180.0,5130.0,5140.0,45745,0.0,0.0
2022-11-25 12:00:00+09:00,5140.0,5150.0,5130.0,5150.0,36925,0.0,0.0
2022-11-25 13:00:00+09:00,5150.0,5180.0,5140.0,5170.0,30842,0.0,0.0
2022-11-25 14:00:00+09:00,5170.0,5170.0,5130.0,5150.0,58013,0.0,0.0
2022-11-28 09:00:00+09:00,5100.0,5160.0,5050.0,5100.0,0,0.0,0.0
2022-11-28 10:00:00+09:00,5100.0,5120.0,5060.0,5110.0,27024,0.0,0.0
2022-11-28 11:00:00+09:00,5110.0,5150.0,5100.0,5110.0,22346,0.0,0.0
2022-11-28 12:00:00+09:00,5110.0,5130.0,5080.0,5090.0,25898,0.0,0.0
2022-11-28 13:00:00+09:00,5080.0,5130.0,5080.0,5120.0,11799,0.0,0.0
2022-11-28 14:00:00+09:00,5120.0,5150.0,5090.0,5100.0,59835,0.0,0.0
2022-11-29 09:00:00+09:00,5070.0,5160.0,5070.0,5110.0,0,0.0,0.0
2022-11-29 10:00:00+09:00,5110.0,5140.0,5080.0,5130.0,39819,0.0,0.0
2022-11-29 11:00:00+09:00,5130.0,5130.0,5100.0,5130.0,16786,0.0,0.0
2022-11-29 12:00:00+09:00,5130.0,5170.0,5110.0,5140.0,25515,0.0,0.0
2022-11-29 13:00:00+09:00,5140.0,5220.0,5130.0,5200.0,65865,0.0,0.0
2022-11-29 14:00:00+09:00,5200.0,5210.0,5160.0,5200.0,46220,0.0,0.0
2022-11-30 09:00:00+09:00,5190.0,5190.0,5110.0,5160.0,0,0.0,0.0
2022-11-30 10:00:00+09:00,5150.0,5210.0,5150.0,5170.0,37146,0.0,0.0
2022-11-30 11:00:00+09:00,5170.0,5180.0,5090.0,5110.0,67176,0.0,0.0
2022-11-30 12:00:00+09:00,5100.0,5160.0,5090.0,5140.0,17236,0.0,0.0
2022-11-30 13:00:00+09:00,5140.0,5180.0,5140.0,5150.0,25401,0.0,0.0
2022-11-30 14:00:00+09:00,5150.0,5170.0,5140.0,5160.0,12085,0.0,0.0
2022-12-01 09:00:00+09:00,5200.0,5240.0,5140.0,5170.0,0,0.0,0.0
2022-12-01 10:00:00+09:00,5160.0,5180.0,5150.0,5170.0,35549,0.0,0.0
2022-12-01 11:00:00+09:00,5170.0,5170.0,5140.0,5160.0,22744,0.0,0.0
2022-12-01 12:00:00+09:00,5160.0,5190.0,5140.0,5190.0,27950,0.0,0.0
2022-12-01 13:00:00+09:00,5190.0,5230.0,5170.0,5220.0,46161,0.0,0.0
2022-12-01 14:00:00+09:00,5230.0,5240.0,5190.0,5220.0,39417,0.0,0.0
2022-12-02 09:00:00+09:00,5220.0,5220.0,5160.0,5170.0,0,0.0,0.0
2022-12-02 10:00:00+09:00,5170.0,5190.0,5150.0,5170.0,31838,0.0,0.0
2022-12-02 11:00:00+09:00,5170.0,5170.0,5130.0,5160.0,19499,0.0,0.0
2022-12-02 12:00:00+09:00,5160.0,5160.0,5100.0,5130.0,35330,0.0,0.0
2022-12-02 13:00:00+09:00,5130.0,5150.0,5120.0,5130.0,11112,0.0,0.0
2022-12-02 14:00:00+09:00,5120.0,5140.0,5110.0,5130.0,16597,0.0,0.0
2022-12-05 09:00:00+09:00,5110.0,5170.0,5080.0,5150.0,0,0.0,0.0
2022-12-05 10:00:00+09:00,5140.0,5140.0,5120.0,5120.0,13451,0.0,0.0
2022-12-05 11:00:00+09:00,5120.0,5150.0,5110.0,5130.0,15316,0.0,0.0
2022-12-05 12:00:00+09:00,5130.0,5140.0,5110.0,5110.0,9065,0.0,0.0
2022-12-05 13:00:00+09:00,5120.0,5130.0,5110.0,5130.0,15366,0.0,0.0
2022-12-05 14:00:00+09:00,5120.0,5140.0,5100.0,5120.0,15891,0.0,0.0
2022-12-06 09:00:00+09:00,5120.0,5150.0,5070.0,5130.0,0,0.0,0.0
2022-12-06 10:00:00+09:00,5130.0,5130.0,5070.0,5110.0,34526,0.0,0.0
2022-12-06 11:00:00+09:00,5100.0,5130.0,5090.0,5110.0,5351,0.0,0.0
2022-12-06 12:00:00+09:00,5110.0,5120.0,5080.0,5120.0,18702,0.0,0.0
2022-12-06 13:00:00+09:00,5090.0,5120.0,5090.0,5110.0,9386,0.0,0.0
2022-12-06 14:00:00+09:00,5100.0,5110.0,5060.0,5090.0,22873,0.0,0.0
2022-12-07 09:00:00+09:00,5040.0,5090.0,4970.0,5000.0,79509,0.0,0.0
2022-12-07 10:00:00+09:00,5000.0,5000.0,4955.0,4985.0,43448,0.0,0.0
2022-12-07 11:00:00+09:00,4990.0,5030.0,4990.0,5010.0,2337,0.0,0.0
2022-12-07 12:00:00+09:00,5000.0,5000.0,4980.0,4990.0,9099,0.0,0.0
2022-12-07 13:00:00+09:00,4990.0,5030.0,4990.0,5030.0,4868,0.0,0.0
2022-12-07 14:00:00+09:00,5020.0,5040.0,4990.0,5010.0,18356,0.0,0.0
2022-12-08 09:00:00+09:00,4970.0,5000.0,4915.0,4925.0,0,0.0,0.0
2022-12-08 10:00:00+09:00,4925.0,4925.0,4825.0,4870.0,77168,0.0,0.0
2022-12-08 11:00:00+09:00,4875.0,4910.0,4870.0,4900.0,14848,0.0,0.0
2022-12-08 12:00:00+09:00,4900.0,4925.0,4890.0,4925.0,9113,0.0,0.0
2022-12-08 13:00:00+09:00,4920.0,4925.0,4890.0,4890.0,6501,0.0,0.0
2022-12-08 14:00:00+09:00,4890.0,4915.0,4875.0,4910.0,7183,0.0,0.0
2022-12-09 09:00:00+09:00,4870.0,4950.0,4860.0,4910.0,0,0.0,0.0
2022-12-09 10:00:00+09:00,4900.0,4940.0,4900.0,4935.0,7320,0.0,0.0
2022-12-09 11:00:00+09:00,4935.0,4950.0,4885.0,4900.0,14058,0.0,0.0
2022-12-09 12:00:00+09:00,4920.0,4950.0,4920.0,4950.0,9522,0.0,0.0
2022-12-09 13:00:00+09:00,4950.0,4950.0,4910.0,4940.0,8005,0.0,0.0
2022-12-09 14:00:00+09:00,4940.0,4945.0,4900.0,4945.0,8807,0.0,0.0
2022-12-12 09:00:00+09:00,4950.0,4950.0,4860.0,4910.0,0,0.0,0.0
2022-12-12 10:00:00+09:00,4910.0,4910.0,4880.0,4880.0,10726,0.0,0.0
2022-12-12 11:00:00+09:00,4895.0,4905.0,4875.0,4895.0,11120,0.0,0.0
2022-12-12 12:00:00+09:00,4895.0,4900.0,4885.0,4900.0,2981,0.0,0.0
2022-12-12 13:00:00+09:00,4895.0,4915.0,4890.0,4915.0,7386,0.0,0.0
2022-12-12 14:00:00+09:00,4905.0,4920.0,4885.0,4885.0,6656,0.0,0.0
2022-12-13 09:00:00+09:00,4895.0,5020.0,4895.0,4960.0,0,0.0,0.0
2022-12-13 10:00:00+09:00,4960.0,4995.0,4935.0,4980.0,12423,0.0,0.0
2022-12-13 11:00:00+09:00,4980.0,5020.0,4980.0,4990.0,12250,0.0,0.0
2022-12-13 12:00:00+09:00,4990.0,5010.0,4985.0,5010.0,6537,0.0,0.0
2022-12-13 13:00:00+09:00,5000.0,5010.0,4970.0,4985.0,5593,0.0,0.0
2022-12-13 14:00:00+09:00,4990.0,4995.0,4965.0,4980.0,5064,0.0,0.0
2022-12-14 09:00:00+09:00,4990.0,5040.0,4980.0,5000.0,0,0.0,0.0
2022-12-14 10:00:00+09:00,5030.0,5060.0,5010.0,5060.0,13800,0.0,0.0
2022-12-14 11:00:00+09:00,5070.0,5080.0,5040.0,5050.0,8577,0.0,0.0
2022-12-14 12:00:00+09:00,5050.0,5060.0,5040.0,5060.0,4860,0.0,0.0
2022-12-14 13:00:00+09:00,5050.0,5070.0,5040.0,5050.0,5867,0.0,0.0
2022-12-14 14:00:00+09:00,5060.0,5080.0,5050.0,5060.0,4426,0.0,0.0
2022-12-15 09:00:00+09:00,5070.0,5110.0,5000.0,5110.0,0,0.0,0.0
2022-12-15 10:00:00+09:00,5110.0,5120.0,5040.0,5040.0,13645,0.0,0.0
2022-12-15 11:00:00+09:00,5040.0,5070.0,5030.0,5040.0,11097,0.0,0.0
2022-12-15 12:00:00+09:00,5050.0,5070.0,5040.0,5060.0,2402,0.0,0.0
2022-12-15 13:00:00+09:00,5060.0,5070.0,5040.0,5040.0,3752,0.0,0.0
2022-12-15 14:00:00+09:00,5070.0,5070.0,5040.0,5040.0,1975,0.0,0.0
2022-12-16 09:00:00+09:00,4995.0,5020.0,4955.0,4975.0,0,0.0,0.0
2022-12-16 10:00:00+09:00,4965.0,4980.0,4955.0,4980.0,12766,0.0,0.0
2022-12-16 11:00:00+09:00,4980.0,4985.0,4955.0,4985.0,9134,0.0,0.0
2022-12-16 12:00:00+09:00,4985.0,4995.0,4970.0,4995.0,2067,0.0,0.0
2022-12-16 13:00:00+09:00,4990.0,4995.0,4965.0,4980.0,5294,0.0,0.0
2022-12-16 14:00:00+09:00,4980.0,4980.0,4950.0,4975.0,12449,0.0,0.0
2022-12-19 09:00:00+09:00,4930.0,4970.0,4920.0,4970.0,0,0.0,0.0
2022-12-19 10:00:00+09:00,4970.0,4980.0,4965.0,4980.0,14617,0.0,0.0
2022-12-19 11:00:00+09:00,4980.0,4980.0,4965.0,4980.0,1630,0.0,0.0
2022-12-19 12:00:00+09:00,4975.0,4980.0,4960.0,4970.0,7740,0.0,0.0
2022-12-19 13:00:00+09:00,4970.0,4970.0,4955.0,4960.0,5831,0.0,0.0
2022-12-19 14:00:00+09:00,4970.0,4970.0,4950.0,4960.0,6122,0.0,0.0
2022-12-20 09:00:00+09:00,4935.0,4965.0,4935.0,4945.0,0,0.0,0.0
2022-12-20 10:00:00+09:00,4950.0,4960.0,4935.0,4955.0,14103,0.0,0.0
2022-12-20 11:00:00+09:00,4950.0,4960.0,4940.0,4955.0,1044,0.0,0.0
2022-12-20 12:00:00+09:00,4955.0,4955.0,4920.0,4940.0,12073,0.0,0.0
2022-12-20 13:00:00+09:00,4940.0,4940.0,4875.0,4905.0,19938,0.0,0.0
2022-12-20 14:00:00+09:00,4905.0,4935.0,4855.0,4860.0,18098,0.0,0.0
2022-12-21 09:00:00+09:00,4890.0,4940.0,4890.0,4920.0,0,0.0,0.0
2022-12-21 10:00:00+09:00,4910.0,4940.0,4910.0,4930.0,6603,0.0,0.0
2022-12-21 11:00:00+09:00,4930.0,4935.0,4905.0,4910.0,2486,0.0,0.0
2022-12-21 12:00:00+09:00,4920.0,4925.0,4900.0,4925.0,6990,0.0,0.0
2022-12-21 13:00:00+09:00,4925.0,4925.0,4915.0,4920.0,2200,0.0,0.0
2022-12-21 14:00:00+09:00,4920.0,4925.0,4905.0,4905.0,2717,0.0,0.0
2022-12-22 09:00:00+09:00,4915.0,5020.0,4915.0,4995.0,0,0.0,0.0
2022-12-22 10:00:00+09:00,4980.0,5140.0,4970.0,5030.0,79815,0.0,0.0
2022-12-22 11:00:00+09:00,5030.0,5060.0,4980.0,5010.0,33455,0.0,0.0
2022-12-22 12:00:00+09:00,5010.0,5010.0,4985.0,4990.0,5159,0.0,0.0
2022-12-22 13:00:00+09:00,4985.0,5000.0,4970.0,4990.0,11776,0.0,0.0
2022-12-22 14:00:00+09:00,4990.0,4995.0,4975.0,4990.0,4663,0.0,0.0
2022-12-23 09:00:00+09:00,4965.0,4965.0,4900.0,4920.0,0,0.0,0.0
2022-12-23 10:00:00+09:00,4925.0,4950.0,4895.0,4950.0,19272,0.0,0.0
2022-12-23 11:00:00+09:00,4950.0,4955.0,4915.0,4925.0,2888,0.0,0.0
2022-12-23 12:00:00+09:00,4930.0,4935.0,4920.0,4930.0,2011,0.0,0.0
2022-12-23 13:00:00+09:00,4930.0,4960.0,4920.0,4955.0,4530,0.0,0.0
2022-12-23 14:00:00+09:00,4950.0,4970.0,4945.0,4950.0,6238,0.0,0.0
2022-12-26 09:00:00+09:00,4940.0,4970.0,4900.0,4915.0,0,0.0,0.0
2022-12-26 10:00:00+09:00,4910.0,4960.0,4910.0,4960.0,10075,0.0,0.0
2022-12-26 11:00:00+09:00,4960.0,4970.0,4950.0,4965.0,13427,0.0,0.0
2022-12-26 12:00:00+09:00,4970.0,4975.0,4965.0,4975.0,8076,0.0,0.0
2022-12-26 13:00:00+09:00,4970.0,4975.0,4965.0,4965.0,793,0.0,0.0
2022-12-26 14:00:00+09:00,4970.0,4970.0,4960.0,4965.0,2216,0.0,0.0
2022-12-27 09:00:00+09:00,4945.0,5060.0,4945.0,5030.0,0,0.0,0.0
2022-12-27 10:00:00+09:00,5020.0,5050.0,5010.0,5030.0,12997,0.0,0.0
2022-12-27 11:00:00+09:00,5040.0,5040.0,5020.0,5030.0,5025,0.0,0.0
2022-12-27 12:00:00+09:00,5030.0,5050.0,5020.0,5030.0,14688,0.0,0.0
2022-12-27 13:00:00+09:00,5040.0,5050.0,5030.0,5050.0,11176,0.0,0.0
2022-12-27 14:00:00+09:00,5050.0,5060.0,5030.0,5060.0,21619,0.0,0.0
2022-12-28 09:00:00+09:00,4950.0,4950.0,4855.0,4870.0,0,0.0,0.0
2022-12-28 10:00:00+09:00,4875.0,4895.0,4870.0,4895.0,8503,0.0,0.0
2022-12-28 11:00:00+09:00,4890.0,4890.0,4860.0,4865.0,17564,0.0,0.0
2022-12-28 12:00:00+09:00,4860.0,4870.0,4860.0,4865.0,3255,0.0,0.0
2022-12-28 13:00:00+09:00,4865.0,4870.0,4845.0,4850.0,21376,0.0,0.0
2022-12-28 14:00:00+09:00,4850.0,4850.0,4820.0,4820.0,23838,0.0,0.0
2022-12-29 09:00:00+09:00,4785.0,4785.0,4630.0,4650.0,0,0.0,0.0
2022-12-29 10:00:00+09:00,4650.0,4665.0,4625.0,4625.0,17952,0.0,0.0
2022-12-29 11:00:00+09:00,4630.0,4665.0,4630.0,4660.0,4023,0.0,0.0
2022-12-29 12:00:00+09:00,4660.0,4660.0,4625.0,4625.0,7419,0.0,0.0
2022-12-29 13:00:00+09:00,4625.0,4640.0,4610.0,4615.0,14075,0.0,0.0
2022-12-29 14:00:00+09:00,4615.0,4655.0,4610.0,4610.0,8831,0.0,0.0
2023-01-02 10:00:00+09:00,4615.0,4650.0,4615.0,4615.0,12651,0.0,0.0
2023-01-02 11:00:00+09:00,4615.0,4640.0,4615.0,4620.0,9676,0.0,0.0
2023-01-02 12:00:00+09:00,4620.0,4620.0,4560.0,4560.0,9437,0.0,0.0
2023-01-02 13:00:00+09:00,4560.0,4610.0,4550.0,4570.0,2874,0.0,0.0
2023-01-02 14:00:00+09:00,4570.0,4595.0,4555.0,4580.0,2439,0.0,0.0
2023-01-03 09:00:00+09:00,4540.0,4580.0,4450.0,4465.0,0,0.0,0.0
2023-01-03 10:00:00+09:00,4455.0,4490.0,4380.0,4420.0,18091,0.0,0.0
2023-01-03 11:00:00+09:00,4410.0,4515.0,4410.0,4460.0,10474,0.0,0.0
2023-01-03 12:00:00+09:00,4465.0,4505.0,4465.0,4505.0,3803,0.0,0.0
2023-01-03 13:00:00+09:00,4490.0,4510.0,4475.0,4505.0,6960,0.0,0.0
2023-01-03 14:00:00+09:00,4510.0,4520.0,4495.0,4520.0,2761,0.0,0.0
2023-01-04 09:00:00+09:00,4430.0,4525.0,4430.0,4515.0,0,0.0,0.0
2023-01-04 10:00:00+09:00,4515.0,4540.0,4505.0,4535.0,9159,0.0,0.0
2023-01-04 11:00:00+09:00,4520.0,4560.0,4510.0,4545.0,4195,0.0,0.0
2023-01-04 12:00:00+09:00,4545.0,4560.0,4535.0,4555.0,2091,0.0,0.0
2023-01-04 13:00:00+09:00,4550.0,4565.0,4550.0,4550.0,3838,0.0,0.0
2023-01-04 14:00:00+09:00,4550.0,4565.0,4535.0,4560.0,2205,0.0,0.0
2023-01-05 09:00:00+09:00,4575.0,4600.0,4525.0,4550.0,0,0.0,0.0
2023-01-05 10:00:00+09:00,4545.0,4550.0,4520.0,4535.0,7617,0.0,0.0
2023-01-05 11:00:00+09:00,4520.0,4550.0,4510.0,4530.0,2788,0.0,0.0
2023-01-05 12:00:00+09:00,4520.0,4535.0,4510.0,4525.0,1595,0.0,0.0
2023-01-05 13:00:00+09:00,4520.0,4535.0,4500.0,4510.0,2621,0.0,0.0
2023-01-05 14:00:00+09:00,4505.0,4535.0,4500.0,4520.0,2723,0.0,0.0
2023-01-06 09:00:00+09:00,4525.0,4530.0,4475.0,4515.0,0,0.0,0.0
2023-01-06 10:00:00+09:00,4515.0,4545.0,4515.0,4545.0,5272,0.0,0.0
2023-01-06 11:00:00+09:00,4545.0,4605.0,4545.0,4600.0,5736,0.0,0.0
2023-01-06 12:00:00+09:00,4600.0,4610.0,4580.0,4610.0,4495,0.0,0.0
2023-01-06 13:00:00+09:00,4610.0,4645.0,4585.0,4635.0,0,0.0,0.0
2023-01-06 14:00:00+09:00,4630.0,4740.0,4615.0,4635.0,52813,0.0,0.0
2023-01-09 09:00:00+09:00,4630.0,4710.0,4625.0,4655.0,0,0.0,0.0
2023-01-09 10:00:00+09:00,4665.0,4670.0,4625.0,4665.0,9357,0.0,0.0
2023-01-09 11:00:00+09:00,4655.0,4740.0,4650.0,4715.0,21373,0.0,0.0
2023-01-09 12:00:00+09:00,4715.0,4715.0,4690.0,4715.0,6196,0.0,0.0
2023-01-09 13:00:00+09:00,4710.0,4715.0,4685.0,4710.0,1324,0.0,0.0
2023-01-09 14:00:00+09:00,4710.0,4710.0,4690.0,4705.0,206,0.0,0.0
2023-01-10 09:00:00+09:00,4705.0,4725.0,4650.0,4685.0,0,0.0,0.0
2023-01-10 10:00:00+09:00,4685.0,4755.0,4685.0,4715.0,15230,0.0,0.0
2023-01-10 11:00:00+09:00,4705.0,4715.0,4680.0,4695.0,2924,0.0,0.0
2023-01-10 12:00:00+09:00,4685.0,4705.0,4685.0,4705.0,1027,0.0,0.0
2023-01-10 13:00:00+09:00,4690.0,4700.0,4680.0,4690.0,3271,0.0,0.0
2023-01-10 14:00:00+09:00,4690.0,4690.0,4670.0,4685.0,862,0.0,0.0
2023-01-11 09:00:00+09:00,4695.0,4745.0,4665.0,4730.0,0,0.0,0.0
2023-01-11 10:00:00+09:00,4725.0,4725.0,4685.0,4715.0,16770,0.0,0.0
2023-01-11 11:00:00+09:00,4715.0,4780.0,4690.0,4735.0,21478,0.0,0.0
2023-01-11 12:00:00+09:00,4730.0,4740.0,4725.0,4725.0,637,0.0,0.0
2023-01-11 13:00:00+09:00,4740.0,4740.0,4720.0,4740.0,2105,0.0,0.0
2023-01-11 14:00:00+09:00,4735.0,4755.0,4710.0,4750.0,5652,0.0,0.0
2023-01-12 09:00:00+09:00,4805.0,4805.0,4725.0,4745.0,0,0.0,0.0
2023-01-12 10:00:00+09:00,4735.0,4750.0,4725.0,4740.0,2498,0.0,0.0
2023-01-12 11:00:00+09:00,4740.0,4770.0,4740.0,4765.0,1136,0.0,0.0
2023-01-12 12:00:00+09:00,4760.0,4765.0,4740.0,4740.0,2104,0.0,0.0
2023-01-12 13:00:00+09:00,4740.0,4775.0,4735.0,4770.0,5508,0.0,0.0
2023-01-12 14:00:00+09:00,4770.0,4815.0,4765.0,4795.0,15049,0.0,0.0
2023-01-13 09:00:00+09:00,4770.0,4825.0,4770.0,4815.0,0,0.0,0.0
2023-01-13 10:00:00+09:00,4815.0,4825.0,4790.0,4820.0,2077,0.0,0.0
2023-01-13 11:00:00+09:00,4815.0,4820.0,4805.0,4815.0,1743,0.0,0.0
2023-01-13 12:00:00+09:00,4810.0,4835.0,4805.0,4825.0,4946,0.0,0.0
2023-01-13 13:00:00+09:00,4825.0,4825.0,4805.0,4810.0,4754,0.0,0.0
2023-01-13 14:00:00+09:00,4810.0,4825.0,4805.0,4825.0,4259,0.0,0.0
2023-01-16 09:00:00+09:00,4890.0,4925.0,4860.0,4875.0,0,0.0,0.0
2023-01-16 10:00:00+09:00,4870.0,4870.0,4845.0,4850.0,3241,0.0,0.0
2023-01-16 11:00:00+09:00,4860.0,4865.0,4845.0,4865.0,4689,0.0,0.0
2023-01-16 12:00:00+09:00,4860.0,4865.0,4845.0,4850.0,10111,0.0,0.0
2023-01-16 13:00:00+09:00,4850.0,4865.0,4845.0,4850.0,5188,0.0,0.0
2023-01-16 14:00:00+09:00,4850.0,4855.0,4840.0,4845.0,4783,0.0,0.0
2023-01-17 09:00:00+09:00,4855.0,4855.0,4805.0,4825.0,0,0.0,0.0
2023-01-17 10:00:00+09:00,4825.0,4825.0,4800.0,4800.0,12031,0.0,0.0
2023-01-17 11:00:00+09:00,4805.0,4810.0,4800.0,4805.0,4397,0.0,0.0
2023-01-17 12:00:00+09:00,4805.0,4810.0,4800.0,4810.0,4146,0.0,0.0
2023-01-17 13:00:00+09:00,4805.0,4810.0,4795.0,4805.0,4945,0.0,0.0
2023-01-17 14:00:00+09:00,4800.0,4810.0,4780.0,4785.0,15451,0.0,0.0
2023-01-18 09:00:00+09:00,4805.0,4805.0,4705.0,4760.0,0,0.0,0.0
2023-01-18 10:00:00+09:00,4760.0,4760.0,4710.0,4730.0,4516,0.0,0.0
2023-01-18 11:00:00+09:00,4720.0,4730.0,4710.0,4725.0,2574,0.0,0.0
2023-01-18 12:00:00+09:00,4730.0,4735.0,4725.0,4735.0,2157,0.0,0.0
2023-01-18 13:00:00+09:00,4730.0,4760.0,4730.0,4760.0,12561,0.0,0.0
2023-01-18 14:00:00+09:00,4760.0,4805.0,4750.0,4805.0,18398,0.0,0.0
2023-01-19 09:00:00+09:00,4775.0,4805.0,4760.0,4790.0,0,0.0,0.0
2023-01-19 10:00:00+09:00,4790.0,4790.0,4745.0,4750.0,1967,0.0,0.0
2023-01-19 11:00:00+09:00,4750.0,4770.0,4750.0,4760.0,5243,0.0,0.0
2023-01-19 12:00:00+09:00,4760.0,4760.0,4745.0,4760.0,913,0.0,0.0
2023-01-19 13:00:00+09:00,4755.0,4760.0,4735.0,4745.0,6492,0.0,0.0
2023-01-19 14:00:00+09:00,4745.0,4760.0,4745.0,4755.0,1127,0.0,0.0
2023-01-20 09:00:00+09:00,4755.0,4795.0,4685.0,4745.0,0,0.0,0.0
2023-01-20 10:00:00+09:00,4745.0,4775.0,4720.0,4760.0,2595,0.0,0.0
2023-01-20 11:00:00+09:00,4750.0,4750.0,4715.0,4750.0,0,0.0,0.0
2023-01-20 12:00:00+09:00,4725.0,4750.0,4725.0,4745.0,10035,0.0,0.0
2023-01-20 13:00:00+09:00,4745.0,4745.0,4730.0,4740.0,1688,0.0,0.0
2023-01-20 14:00:00+09:00,4735.0,4760.0,4735.0,4755.0,5249,0.0,0.0
2023-01-25 09:00:00+09:00,4765.0,4815.0,4750.0,4810.0,0,0.0,0.0
2023-01-25 10:00:00+09:00,4810.0,4875.0,4765.0,4790.0,37828,0.0,0.0
2023-01-25 11:00:00+09:00,4785.0,4815.0,4785.0,4815.0,16149,0.0,0.0
2023-01-25 12:00:00+09:00,4805.0,4820.0,4795.0,4820.0,10061,0.0,0.0
2023-01-25 13:00:00+09:00,4810.0,4825.0,4805.0,4820.0,11287,0.0,0.0
2023-01-25 14:00:00+09:00,4820.0,4830.0,4820.0,4825.0,8243,0.0,0.0
2023-01-26 09:00:00+09:00,4810.0,4830.0,4805.0,4805.0,17948,0.0,0.0
2023-01-26 10:00:00+09:00,4820.0,4820.0,4800.0,4810.0,4085,0.0,0.0
2023-01-26 11:00:00+09:00,4810.0,4810.0,4790.0,4810.0,2286,0.0,0.0
2023-01-26 12:00:00+09:00,4810.0,4810.0,4795.0,4805.0,3876,0.0,0.0
2023-01-26 13:00:00+09:00,4805.0,4810.0,4800.0,4805.0,3478,0.0,0.0
2023-01-26 14:00:00+09:00,4800.0,4820.0,4800.0,4805.0,7916,0.0,0.0
2023-01-27 09:00:00+09:00,4805.0,4835.0,4805.0,4835.0,17557,0.0,0.0
2023-01-27 10:00:00+09:00,4835.0,4835.0,4795.0,4835.0,13609,0.0,0.0
2023-01-27 11:00:00+09:00,4830.0,4830.0,4790.0,4810.0,8267,0.0,0.0
2023-01-27 12:00:00+09:00,4805.0,4820.0,4790.0,4795.0,3712,0.0,0.0
2023-01-27 13:00:00+09:00,4800.0,4800.0,4785.0,4790.0,4945,0.0,0.0
2023-01-27 14:00:00+09:00,4795.0,4800.0,4780.0,4795.0,6781,0.0,0.0
2023-01-30 09:00:00+09:00,4820.0,4825.0,4785.0,4795.0,0,0.0,0.0
2023-01-30 10:00:00+09:00,4795.0,4815.0,4785.0,4810.0,2039,0.0,0.0
2023-01-30 11:00:00+09:00,4810.0,4820.0,4785.0,4805.0,3226,0.0,0.0
2023-01-30 12:00:00+09:00,4800.0,4805.0,4795.0,4800.0,232,0.0,0.0
2023-01-30 13:00:00+09:00,4800.0,4800.0,4790.0,4790.0,3176,0.0,0.0
2023-01-30 14:00:00+09:00,4785.0,4795.0,4765.0,4765.0,6186,0.0,0.0
2023-01-31 09:00:00+09:00,4740.0,4780.0,4740.0,4780.0,4500,0.0,0.0
2023-01-31 10:00:00+09:00,4780.0,4780.0,4760.0,4775.0,2521,0.0,0.0
2023-01-31 11:00:00+09:00,4775.0,4780.0,4765.0,4780.0,4556,0.0,0.0
2023-01-31 12:00:00+09:00,4780.0,4780.0,4760.0,4780.0,2268,0.0,0.0
2023-01-31 13:00:00+09:00,4775.0,4800.0,4770.0,4785.0,6413,0.0,0.0
2023-01-31 14:00:00+09:00,4790.0,4795.0,4775.0,4785.0,1964,0.0,0.0
2023-02-01 09:00:00+09:00,4800.0,4870.0,4765.0,4870.0,3795,0.0,0.0
2023-02-01 10:00:00+09:00,4870.0,4890.0,4825.0,4855.0,51391,0.0,0.0
2023-02-01 11:00:00+09:00,4855.0,4860.0,4845.0,4860.0,7294,0.0,0.0
2023-02-01 12:00:00+09:00,4850.0,4860.0,4830.0,4845.0,8963,0.0,0.0
2023-02-01 13:00:00+09:00,4840.0,4850.0,4830.0,4840.0,5094,0.0,0.0
2023-02-01 14:00:00+09:00,4830.0,4840.0,4815.0,4815.0,9263,0.0,0.0
2023-02-02 09:00:00+09:00,4855.0,4910.0,4845.0,4885.0,51680,0.0,0.0
2023-02-02 10:00:00+09:00,4885.0,4900.0,4845.0,4860.0,10385,0.0,0.0
2023-02-02 11:00:00+09:00,4860.0,4875.0,4855.0,4855.0,2463,0.0,0.0
2023-02-02 12:00:00+09:00,4850.0,4870.0,4830.0,4870.0,3007,0.0,0.0
2023-02-02 13:00:00+09:00,4860.0,4870.0,4855.0,4855.0,5947,0.0,0.0
2023-02-02 14:00:00+09:00,4850.0,4875.0,4840.0,4875.0,11741,0.0,0.0
2023-02-03 09:00:00+09:00,4860.0,4875.0,4830.0,4870.0,0,0.0,0.0
2023-02-03 10:00:00+09:00,4835.0,4850.0,4815.0,4840.0,14212,0.0,0.0
2023-02-03 11:00:00+09:00,4840.0,4865.0,4810.0,4860.0,12302,0.0,0.0
2023-02-03 12:00:00+09:00,4860.0,4860.0,4845.0,4860.0,1681,0.0,0.0
2023-02-03 13:00:00+09:00,4860.0,4865.0,4845.0,4860.0,3944,0.0,0.0
2023-02-03 14:00:00+09:00,4860.0,4865.0,4840.0,4855.0,1703,0.0,0.0
2023-02-06 09:00:00+09:00,4825.0,4860.0,4795.0,4835.0,7193,0.0,0.0
2023-02-06 10:00:00+09:00,4825.0,4850.0,4810.0,4850.0,8693,0.0,0.0
2023-02-06 11:00:00+09:00,4855.0,4860.0,4835.0,4835.0,1571,0.0,0.0
2023-02-06 12:00:00+09:00,4840.0,4850.0,4835.0,4845.0,861,0.0,0.0
2023-02-06 13:00:00+09:00,4845.0,4850.0,4815.0,4830.0,11523,0.0,0.0
2023-02-06 14:00:00+09:00,4825.0,4830.0,4815.0,4830.0,6210,0.0,0.0
2023-02-07 09:00:00+09:00,4810.0,4850.0,4805.0,4845.0,0,0.0,0.0
2023-02-07 10:00:00+09:00,4840.0,4855.0,4830.0,4850.0,17378,0.0,0.0
2023-02-07 11:00:00+09:00,4850.0,4850.0,4830.0,4850.0,3073,0.0,0.0
2023-02-07 12:00:00+09:00,4850.0,4850.0,4840.0,4850.0,1786,0.0,0.0
2023-02-07 13:00:00+09:00,4850.0,4850.0,4835.0,4845.0,2699,0.0,0.0
2023-02-07 14:00:00+09:00,4835.0,4845.0,4825.0,4840.0,4455,0.0,0.0
2023-02-08 09:00:00+09:00,4845.0,4850.0,4825.0,4835.0,7788,0.0,0.0
2023-02-08 10:00:00+09:00,4825.0,4845.0,4825.0,4845.0,6923,0.0,0.0
2023-02-08 11:00:00+09:00,4840.0,4840.0,4825.0,4830.0,2496,0.0,0.0
2023-02-08 12:00:00+09:00,4830.0,4845.0,4825.0,4840.0,1789,0.0,0.0
2023-02-08 13:00:00+09:00,4840.0,4850.0,4835.0,4850.0,10371,0.0,0.0
2023-02-08 14:00:00+09:00,4840.0,4855.0,4830.0,4845.0,7428,0.0,0.0
2023-02-09 09:00:00+09:00,4840.0,4925.0,4830.0,4865.0,0,0.0,0.0
2023-02-09 10:00:00+09:00,4860.0,4880.0,4860.0,4875.0,2563,0.0,0.0
2023-02-09 11:00:00+09:00,4865.0,4870.0,4850.0,4855.0,5929,0.0,0.0
2023-02-09 12:00:00+09:00,4850.0,4850.0,4840.0,4845.0,5213,0.0,0.0
2023-02-09 13:00:00+09:00,4845.0,4850.0,4825.0,4845.0,5912,0.0,0.0
2023-02-09 14:00:00+09:00,4840.0,4850.0,4830.0,4840.0,1981,0.0,0.0
2023-02-10 09:00:00+09:00,4855.0,4855.0,4770.0,4800.0,22339,0.0,0.0
2023-02-10 10:00:00+09:00,4800.0,4805.0,4775.0,4795.0,5576,0.0,0.0
2023-02-10 11:00:00+09:00,4795.0,4820.0,4790.0,4820.0,2847,0.0,0.0
2023-02-10 12:00:00+09:00,4790.0,4850.0,4785.0,4805.0,3234,0.0,0.0
2023-02-10 13:00:00+09:00,4805.0,4825.0,4795.0,4805.0,705,0.0,0.0
2023-02-10 14:00:00+09:00,4825.0,4825.0,4795.0,4795.0,4976,0.0,0.0
2023-02-13 09:00:00+09:00,4805.0,4810.0,4760.0,4800.0,0,0.0,0.0
2023-02-13 10:00:00+09:00,4770.0,4795.0,4765.0,4785.0,3833,0.0,0.0
2023-02-13 11:00:00+09:00,4780.0,4785.0,4770.0,4780.0,2931,0.0,0.0
2023-02-13 12:00:00+09:00,4785.0,4800.0,4770.0,4795.0,918,0.0,0.0
2023-02-13 13:00:00+09:00,4795.0,4830.0,4795.0,4805.0,5126,0.0,0.0
2023-02-13 14:00:00+09:00,4800.0,4810.0,4760.0,4785.0,17050,0.0,0.0
2023-02-14 09:00:00+09:00,4790.0,4820.0,4780.0,4820.0,0,0.0,0.0
2023-02-14 10:00:00+09:00,4820.0,4820.0,4805.0,4810.0,3421,0.0,0.0
2023-02-14 11:00:00+09:00,4805.0,4810.0,4780.0,4790.0,2330,0.0,0.0
2023-02-14 12:00:00+09:00,4780.0,4790.0,4780.0,4785.0,3447,0.0,0.0
2023-02-14 13:00:00+09:00,4780.0,4790.0,4780.0,4790.0,1321,0.0,0.0
2023-02-14 14:00:00+09:00,4785.0,4790.0,4780.0,4790.0,2403,0.0,0.0
2023-02-15 09:00:00+09:00,4815.0,4820.0,4760.0,4785.0,6937,0.0,0.0
2023-02-15 10:00:00+09:00,4765.0,4780.0,4750.0,4770.0,6213,0.0,0.0
2023-02-15 11:00:00+09:00,4750.0,4760.0,4700.0,4730.0,21025,0.0,0.0
2023-02-15 12:00:00+09:00,4715.0,4730.0,4700.0,4700.0,4751,0.0,0.0
2023-02-15 13:00:00+09:00,4700.0,4700.0,4650.0,4685.0,15916,0.0,0.0
2023-02-15 14:00:00+09:00,4685.0,4685.0,4650.0,4685.0,3663,0.0,0.0
2023-02-16 09:00:00+09:00,4675.0,4730.0,4675.0,4720.0,7261,0.0,0.0
2023-02-16 10:00:00+09:00,4720.0,4735.0,4705.0,4735.0,6803,0.0,0.0
2023-02-16 11:00:00+09:00,4735.0,4770.0,4735.0,4755.0,4468,0.0,0.0
2023-02-16 12:00:00+09:00,4740.0,4760.0,4740.0,4745.0,515,0.0,0.0
2023-02-16 13:00:00+09:00,4750.0,4770.0,4730.0,4760.0,4143,0.0,0.0
2023-02-16 14:00:00+09:00,4750.0,4890.0,4735.0,4815.0,57377,0.0,0.0
2023-02-17 09:00:00+09:00,4830.0,4835.0,4775.0,4820.0,4774,0.0,0.0
2023-02-17 10:00:00+09:00,4800.0,4815.0,4795.0,4815.0,8566,0.0,0.0
2023-02-17 11:00:00+09:00,4815.0,4815.0,4800.0,4815.0,8688,0.0,0.0
2023-02-17 12:00:00+09:00,4815.0,4815.0,4800.0,4810.0,8058,0.0,0.0
2023-02-17 13:00:00+09:00,4810.0,4825.0,4810.0,4825.0,1757,0.0,0.0
2023-02-17 14:00:00+09:00,4825.0,4860.0,4820.0,4850.0,12778,0.0,0.0
2023-02-20 09:00:00+09:00,4850.0,4880.0,4850.0,4870.0,0,0.0,0.0
2023-02-20 10:00:00+09:00,4870.0,4940.0,4870.0,4925.0,44363,0.0,0.0
2023-02-20 11:00:00+09:00,4920.0,4925.0,4900.0,4925.0,12809,0.0,0.0
2023-02-20 12:00:00+09:00,4915.0,4915.0,4895.0,4895.0,3595,0.0,0.0
2023-02-20 13:00:00+09:00,4900.0,4925.0,4895.0,4920.0,10073,0.0,0.0
2023-02-20 14:00:00+09:00,4915.0,4930.0,4915.0,4915.0,24488,0.0,0.0
2023-02-21 09:00:00+09:00,4900.0,5000.0,4900.0,4965.0,0,0.0,0.0
2023-02-21 10:00:00+09:00,4965.0,4975.0,4945.0,4950.0,38384,0.0,0.0
2023-02-21 11:00:00+09:00,4955.0,4955.0,4935.0,4935.0,7921,0.0,0.0
2023-02-21 12:00:00+09:00,4935.0,4960.0,4935.0,4960.0,14227,0.0,0.0
2023-02-21 13:00:00+09:00,4955.0,4970.0,4955.0,4970.0,0,0.0,0.0
2023-02-21 14:00:00+09:00,4965.0,5050.0,4965.0,5040.0,209966,0.0,0.0
2023-02-22 09:00:00+09:00,5000.0,5440.0,4940.0,5330.0,700756,0.0,0.0
2023-02-22 10:00:00+09:00,5340.0,5490.0,5000.0,5030.0,1469590,0.0,0.0
2023-02-22 11:00:00+09:00,5020.0,5120.0,5010.0,5050.0,137558,0.0,0.0
2023-02-22 12:00:00+09:00,5040.0,5090.0,5020.0,5060.0,20618,0.0,0.0
2023-02-22 13:00:00+09:00,5050.0,5060.0,5000.0,5010.0,40728,0.0,0.0
2023-02-22 14:00:00+09:00,5010.0,5040.0,4990.0,5010.0,39722,0.0,0.0
2023-02-23 09:00:00+09:00,4980.0,5040.0,4960.0,4960.0,59043,0.0,0.0
2023-02-23 10:00:00+09:00,4970.0,4990.0,4940.0,4970.0,20068,0.0,0.0
2023-02-23 11:00:00+09:00,4970.0,5030.0,4970.0,5000.0,10969,0.0,0.0
2023-02-23 12:00:00+09:00,5020.0,5030.0,4995.0,4995.0,10043,0.0,0.0
2023-02-23 13:00:00+09:00,5000.0,5020.0,4990.0,5000.0,14640,0.0,0.0
2023-02-23 14:00:00+09:00,5000.0,5010.0,4960.0,4990.0,19874,0.0,0.0
2023-02-24 09:00:00+09:00,5000.0,5020.0,4950.0,4975.0,0,0.0,0.0
2023-02-24 10:00:00+09:00,4975.0,4995.0,4900.0,4950.0,69721,0.0,0.0
2023-02-24 11:00:00+09:00,4945.0,4960.0,4910.0,4945.0,12436,0.0,0.0
2023-02-24 12:00:00+09:00,4945.0,4945.0,4910.0,4915.0,15274,0.0,0.0
2023-02-24 13:00:00+09:00,4915.0,4930.0,4885.0,4905.0,19598,0.0,0.0
2023-02-24 14:00:00+09:00,4890.0,4930.0,4850.0,4895.0,27830,0.0,0.0
2023-02-27 09:00:00+09:00,4870.0,4885.0,4805.0,4885.0,0,0.0,0.0
2023-02-27 10:00:00+09:00,4880.0,4895.0,4850.0,4890.0,5846,0.0,0.0
2023-02-27 11:00:00+09:00,4890.0,4980.0,4870.0,4950.0,28829,0.0,0.0
2023-02-27 12:00:00+09:00,4950.0,4965.0,4915.0,4965.0,13666,0.0,0.0
2023-02-27 13:00:00+09:00,4965.0,4965.0,4915.0,4955.0,13922,0.0,0.0
2023-02-27 14:00:00+09:00,4955.0,4955.0,4910.0,4910.0,14443,0.0,0.0
2023-02-28 09:00:00+09:00,4950.0,5050.0,4950.0,4985.0,0,0.0,0.0
2023-02-28 10:00:00+09:00,4985.0,4995.0,4975.0,4975.0,54965,0.0,0.0
2023-02-28 11:00:00+09:00,4975.0,4985.0,4960.0,4965.0,6559,0.0,0.0
2023-02-28 12:00:00+09:00,4960.0,4980.0,4950.0,4970.0,5563,0.0,0.0
2023-02-28 13:00:00+09:00,4960.0,4980.0,4950.0,4950.0,3079,0.0,0.0
2023-02-28 14:00:00+09:00,4950.0,4970.0,4910.0,4960.0,14986,0.0,0.0
2023-03-02 09:00:00+09:00,4950.0,4980.0,4935.0,4940.0,0,0.0,0.0
2023-03-02 10:00:00+09:00,4940.0,4940.0,4850.0,4895.0,15258,0.0,0.0
2023-03-02 11:00:00+09:00,4895.0,4915.0,4895.0,4910.0,5284,0.0,0.0
2023-03-02 12:00:00+09:00,4910.0,4910.0,4870.0,4890.0,5880,0.0,0.0
2023-03-02 13:00:00+09:00,4890.0,4910.0,4890.0,4905.0,2278,0.0,0.0
2023-03-02 14:00:00+09:00,4910.0,4910.0,4900.0,4910.0,4804,0.0,0.0
2023-03-03 09:00:00+09:00,4955.0,4995.0,4910.0,4965.0,0,0.0,0.0
2023-03-03 10:00:00+09:00,4965.0,4975.0,4930.0,4930.0,8001,0.0,0.0
2023-03-03 11:00:00+09:00,4930.0,4940.0,4925.0,4930.0,1903,0.0,0.0
2023-03-03 12:00:00+09:00,4935.0,4935.0,4915.0,4915.0,3609,0.0,0.0
2023-03-03 13:00:00+09:00,4920.0,4940.0,4915.0,4925.0,1429,0.0,0.0
2023-03-03 14:00:00+09:00,4920.0,4940.0,4900.0,4935.0,10316,0.0,0.0
2023-03-06 09:00:00+09:00,4935.0,4960.0,4910.0,4940.0,0,0.0,0.0
2023-03-06 10:00:00+09:00,4940.0,4940.0,4920.0,4940.0,4523,0.0,0.0
2023-03-06 11:00:00+09:00,4940.0,4965.0,4930.0,4955.0,10684,0.0,0.0
2023-03-06 12:00:00+09:00,4955.0,4960.0,4925.0,4950.0,2013,0.0,0.0
2023-03-06 13:00:00+09:00,4935.0,4955.0,4930.0,4955.0,5404,0.0,0.0
2023-03-06 14:00:00+09:00,4955.0,4955.0,4945.0,4950.0,2305,0.0,0.0
2023-03-07 09:00:00+09:00,4965.0,4980.0,4925.0,4950.0,0,0.0,0.0
2023-03-07 10:00:00+09:00,4950.0,4965.0,4925.0,4950.0,8723,0.0,0.0
2023-03-07 11:00:00+09:00,4950.0,5100.0,4950.0,5020.0,82733,0.0,0.0
2023-03-07 12:00:00+09:00,5040.0,5060.0,5010.0,5040.0,13777,0.0,0.0
2023-03-07 13:00:00+09:00,5030.0,5040.0,4995.0,5040.0,16244,0.0,0.0
2023-03-07 14:00:00+09:00,5040.0,5060.0,5020.0,5050.0,22111,0.0,0.0
2023-03-08 09:00:00+09:00,5020.0,5050.0,4985.0,5040.0,0,0.0,0.0
2023-03-08 10:00:00+09:00,5040.0,5040.0,5010.0,5040.0,6671,0.0,0.0
2023-03-08 11:00:00+09:00,5040.0,5050.0,5000.0,5000.0,14612,0.0,0.0
2023-03-08 12:00:00+09:00,5000.0,5010.0,5000.0,5010.0,6114,0.0,0.0
2023-03-08 13:00:00+09:00,5020.0,5060.0,5010.0,5050.0,8288,0.0,0.0
2023-03-08 14:00:00+09:00,5050.0,5060.0,5020.0,5030.0,12159,0.0,0.0
2023-03-09 09:00:00+09:00,5070.0,5110.0,5020.0,5050.0,48068,0.0,0.0
2023-03-09 10:00:00+09:00,5040.0,5060.0,4990.0,5000.0,28990,0.0,0.0
2023-03-09 11:00:00+09:00,5000.0,5050.0,5000.0,5030.0,8343,0.0,0.0
2023-03-09 12:00:00+09:00,5040.0,5040.0,5000.0,5000.0,13846,0.0,0.0
2023-03-09 13:00:00+09:00,5000.0,5030.0,4995.0,5030.0,12322,0.0,0.0
2023-03-09 14:00:00+09:00,5010.0,5030.0,5000.0,5030.0,10488,0.0,0.0
2023-03-10 09:00:00+09:00,4905.0,5010.0,4905.0,4975.0,0,0.0,0.0
2023-03-10 10:00:00+09:00,4975.0,5050.0,4975.0,5020.0,19701,0.0,0.0
2023-03-10 11:00:00+09:00,5020.0,5070.0,5010.0,5020.0,13214,0.0,0.0
2023-03-10 12:00:00+09:00,5020.0,5050.0,5000.0,5020.0,8771,0.0,0.0
2023-03-10 13:00:00+09:00,5010.0,5010.0,4980.0,4990.0,6523,0.0,0.0
2023-03-10 14:00:00+09:00,4975.0,4990.0,4955.0,4970.0,6905,0.0,0.0
2023-03-13 09:00:00+09:00,4900.0,4930.0,4670.0,4830.0,0,0.0,0.0
2023-03-13 10:00:00+09:00,4820.0,4830.0,4775.0,4810.0,8500,0.0,0.0
2023-03-13 11:00:00+09:00,4805.0,4830.0,4755.0,4830.0,11144,0.0,0.0
2023-03-13 12:00:00+09:00,4825.0,4855.0,4800.0,4800.0,4676,0.0,0.0
2023-03-13 13:00:00+09:00,4845.0,4845.0,4790.0,4830.0,3140,0.0,0.0
2023-03-13 14:00:00+09:00,4830.0,4850.0,4800.0,4835.0,8053,0.0,0.0
2023-03-14 09:00:00+09:00,4810.0,4830.0,4670.0,4670.0,64306,0.0,0.0
2023-03-14 10:00:00+09:00,4670.0,4730.0,4665.0,4690.0,11752,0.0,0.0
2023-03-14 11:00:00+09:00,4695.0,4720.0,4680.0,4720.0,13325,0.0,0.0
2023-03-14 12:00:00+09:00,4720.0,4720.0,4650.0,4665.0,32294,0.0,0.0
2023-03-14 13:00:00+09:00,4670.0,4700.0,4650.0,4670.0,12377,0.0,0.0
2023-03-14 14:00:00+09:00,4670.0,4690.0,4610.0,4650.0,33627,0.0,0.0
2023-03-15 09:00:00+09:00,4665.0,4770.0,4665.0,4770.0,12904,0.0,0.0
2023-03-15 10:00:00+09:00,4770.0,4785.0,4755.0,4765.0,6120,0.0,0.0
2023-03-15 11:00:00+09:00,4755.0,4770.0,4750.0,4760.0,3882,0.0,0.0
2023-03-15 12:00:00+09:00,4755.0,4780.0,4750.0,4770.0,4741,0.0,0.0
2023-03-15 13:00:00+09:00,4765.0,4775.0,4760.0,4775.0,1705,0.0,0.0
2023-03-15 14:00:00+09:00,4775.0,4780.0,4745.0,4760.0,9979,0.0,0.0
2023-03-16 09:00:00+09:00,4700.0,4720.0,4650.0,4695.0,0,0.0,0.0
2023-03-16 10:00:00+09:00,4680.0,4760.0,4670.0,4700.0,33908,0.0,0.0
2023-03-16 11:00:00+09:00,4705.0,4710.0,4675.0,4700.0,4703,0.0,0.0
2023-03-16 12:00:00+09:00,4700.0,4710.0,4675.0,4680.0,6507,0.0,0.0
2023-03-16 13:00:00+09:00,4680.0,4690.0,4675.0,4690.0,3753,0.0,0.0
2023-03-16 14:00:00+09:00,4690.0,4690.0,4670.0,4690.0,2000,0.0,0.0
2023-03-17 09:00:00+09:00,4745.0,4765.0,4695.0,4760.0,11815,0.0,0.0
2023-03-17 10:00:00+09:00,4760.0,4785.0,4755.0,4765.0,3983,0.0,0.0
2023-03-17 11:00:00+09:00,4765.0,4800.0,4755.0,4785.0,5960,0.0,0.0
2023-03-17 12:00:00+09:00,4775.0,4795.0,4755.0,4785.0,1498,0.0,0.0
2023-03-17 13:00:00+09:00,4760.0,4780.0,4755.0,4765.0,3796,0.0,0.0
2023-03-17 14:00:00+09:00,4765.0,4775.0,4755.0,4760.0,6994,0.0,0.0
2023-03-20 09:00:00+09:00,4760.0,4785.0,4745.0,4775.0,0,0.0,0.0
2023-03-20 10:00:00+09:00,4765.0,4775.0,4750.0,4775.0,1841,0.0,0.0
2023-03-20 11:00:00+09:00,4760.0,4785.0,4755.0,4780.0,5324,0.0,0.0
2023-03-20 12:00:00+09:00,4780.0,4785.0,4770.0,4780.0,811,0.0,0.0
2023-03-20 13:00:00+09:00,4780.0,4780.0,4750.0,4780.0,6094,0.0,0.0
2023-03-20 14:00:00+09:00,4780.0,4785.0,4745.0,4785.0,2678,0.0,0.0
2023-03-21 09:00:00+09:00,4795.0,4795.0,4730.0,4765.0,5818,0.0,0.0
2023-03-21 10:00:00+09:00,4765.0,4765.0,4685.0,4700.0,19152,0.0,0.0
2023-03-21 11:00:00+09:00,4700.0,4720.0,4680.0,4680.0,9968,0.0,0.0
2023-03-21 12:00:00+09:00,4700.0,4700.0,4665.0,4695.0,7367,0.0,0.0
2023-03-21 13:00:00+09:00,4695.0,4695.0,4635.0,4645.0,22736,0.0,0.0
2023-03-21 14:00:00+09:00,4640.0,4670.0,4625.0,4645.0,9175,0.0,0.0
2023-03-22 09:00:00+09:00,4650.0,4700.0,4590.0,4595.0,20965,0.0,0.0
2023-03-22 10:00:00+09:00,4595.0,4595.0,4500.0,4550.0,33957,0.0,0.0
2023-03-22 11:00:00+09:00,4550.0,4555.0,4500.0,4545.0,38540,0.0,0.0
2023-03-22 12:00:00+09:00,4545.0,4550.0,4530.0,4545.0,6975,0.0,0.0
2023-03-22 13:00:00+09:00,4545.0,4550.0,4510.0,4530.0,30853,0.0,0.0
2023-03-22 14:00:00+09:00,4530.0,4535.0,4500.0,4525.0,21947,0.0,0.0
2023-03-23 09:00:00+09:00,4515.0,4530.0,4490.0,4500.0,11774,0.0,0.0
2023-03-23 10:00:00+09:00,4500.0,4535.0,4490.0,4530.0,9078,0.0,0.0
2023-03-23 11:00:00+09:00,4505.0,4520.0,4485.0,4510.0,7196,0.0,0.0
2023-03-23 12:00:00+09:00,4510.0,4510.0,4485.0,4510.0,7083,0.0,0.0
2023-03-23 13:00:00+09:00,4500.0,4510.0,4480.0,4500.0,8672,0.0,0.0
2023-03-23 14:00:00+09:00,4490.0,4500.0,4460.0,4460.0,33882,0.0,0.0
2023-03-24 09:00:00+09:00,4450.0,4530.0,4450.0,4505.0,29279,0.0,0.0
2023-03-24 10:00:00+09:00,4505.0,4510.0,4485.0,4500.0,3805,0.0,0.0
2023-03-24 11:00:00+09:00,4500.0,4515.0,4500.0,4505.0,3271,0.0,0.0
2023-03-24 12:00:00+09:00,4510.0,4515.0,4495.0,4510.0,3047,0.0,0.0
2023-03-24 13:00:00+09:00,4505.0,4540.0,4495.0,4540.0,5438,0.0,0.0
2023-03-24 14:00:00+09:00,4535.0,4540.0,4490.0,4495.0,14475,0.0,0.0
2023-03-27 09:00:00+09:00,4475.0,4515.0,4440.0,4445.0,0,0.0,0.0
2023-03-27 10:00:00+09:00,4465.0,4465.0,4425.0,4435.0,14011,0.0,0.0
2023-03-27 11:00:00+09:00,4435.0,4465.0,4435.0,4465.0,1563,0.0,0.0
2023-03-27 12:00:00+09:00,4465.0,4480.0,4465.0,4475.0,8238,0.0,0.0
2023-03-27 13:00:00+09:00,4475.0,4495.0,4460.0,4460.0,6001,0.0,0.0
2023-03-27 14:00:00+09:00,4470.0,4495.0,4465.0,4490.0,28938,0.0,0.0
2023-03-28 09:00:00+09:00,4490.0,4540.0,4490.0,4540.0,14509,0.0,0.0
2023-03-28 10:00:00+09:00,4540.0,4545.0,4520.0,4540.0,4531,0.0,0.0
2023-03-28 11:00:00+09:00,4535.0,4540.0,4515.0,4530.0,4889,0.0,0.0
2023-03-28 12:00:00+09:00,4530.0,4550.0,4525.0,4550.0,6461,0.0,0.0
2023-03-28 13:00:00+09:00,4545.0,4550.0,4530.0,4540.0,5225,0.0,0.0
2023-03-28 14:00:00+09:00,4535.0,4550.0,4535.0,4545.0,4387,0.0,0.0
2023-03-29 09:00:00+09:00,4550.0,4590.0,4535.0,4570.0,9343,0.0,0.0
2023-03-29 10:00:00+09:00,4570.0,4575.0,4535.0,4535.0,18564,0.0,0.0
2023-03-29 11:00:00+09:00,4535.0,4535.0,4495.0,4525.0,36193,0.0,0.0
2023-03-29 12:00:00+09:00,4525.0,4540.0,4500.0,4535.0,12259,0.0,0.0
2023-03-29 13:00:00+09:00,4530.0,4560.0,4530.0,4550.0,7937,0.0,0.0
2023-03-29 14:00:00+09:00,4550.0,4565.0,4545.0,4555.0,3977,0.0,0.0
2023-03-30 09:00:00+09:00,4565.0,4595.0,4560.0,4585.0,8735,0.0,0.0
2023-03-30 10:00:00+09:00,4585.0,4620.0,4550.0,4605.0,31063,0.0,0.0
2023-03-30 11:00:00+09:00,4600.0,4630.0,4570.0,4620.0,3086,0.0,0.0
2023-03-30 12:00:00+09:00,4610.0,4620.0,4605.0,4620.0,1744,0.0,0.0
2023-03-30 13:00:00+09:00,4620.0,4625.0,4605.0,4615.0,2006,0.0,0.0
2023-03-30 14:00:00+09:00,4615.0,4615.0,4600.0,4615.0,6747,0.0,0.0
2023-03-31 09:00:00+09:00,4645.0,4645.0,4575.0,4580.0,11407,0.0,0.0
2023-03-31 10:00:00+09:00,4580.0,4625.0,4565.0,4620.0,2661,0.0,0.0
2023-03-31 11:00:00+09:00,4590.0,4615.0,4550.0,4575.0,8210,0.0,0.0
2023-03-31 12:00:00+09:00,4555.0,4605.0,4555.0,4590.0,3311,0.0,0.0
2023-03-31 13:00:00+09:00,4565.0,4590.0,4550.0,4555.0,6368,0.0,0.0
2023-03-31 14:00:00+09:00,4560.0,4575.0,4515.0,4550.0,22138,0.0,0.0
2023-04-03 09:00:00+09:00,4520.0,4550.0,4490.0,4530.0,0,0.0,0.0
2023-04-03 10:00:00+09:00,4530.0,4540.0,4495.0,4505.0,14469,0.0,0.0
2023-04-03 11:00:00+09:00,4510.0,4515.0,4480.0,4505.0,18417,0.0,0.0
2023-04-03 12:00:00+09:00,4510.0,4535.0,4500.0,4525.0,4786,0.0,0.0
2023-04-03 13:00:00+09:00,4520.0,4545.0,4515.0,4530.0,5502,0.0,0.0
2023-04-03 14:00:00+09:00,4540.0,4540.0,4510.0,4540.0,5041,0.0,0.0
2023-04-04 09:00:00+09:00,4550.0,4555.0,4500.0,4545.0,6303,0.0,0.0
2023-04-04 10:00:00+09:00,4540.0,4545.0,4520.0,4545.0,9074,0.0,0.0
2023-04-04 11:00:00+09:00,4545.0,4585.0,4545.0,4570.0,11876,0.0,0.0
2023-04-04 12:00:00+09:00,4570.0,4580.0,4555.0,4580.0,6395,0.0,0.0
2023-04-04 13:00:00+09:00,4580.0,4595.0,4580.0,4590.0,5412,0.0,0.0
2023-04-04 14:00:00+09:00,4585.0,4590.0,4550.0,4580.0,14074,0.0,0.0
2023-04-05 09:00:00+09:00,4680.0,4680.0,4550.0,4560.0,0,0.0,0.0
2023-04-05 10:00:00+09:00,4555.0,4580.0,4550.0,4565.0,3346,0.0,0.0
2023-04-05 11:00:00+09:00,4560.0,4570.0,4555.0,4560.0,4795,0.0,0.0
2023-04-05 12:00:00+09:00,4555.0,4570.0,4555.0,4560.0,3513,0.0,0.0
2023-04-05 13:00:00+09:00,4570.0,4575.0,4560.0,4570.0,4499,0.0,0.0
2023-04-05 14:00:00+09:00,4565.0,4575.0,4560.0,4560.0,8765,0.0,0.0
2023-04-06 09:00:00+09:00,4525.0,4530.0,4475.0,4505.0,25702,0.0,0.0
2023-04-06 10:00:00+09:00,4505.0,4530.0,4485.0,4530.0,3309,0.0,0.0
2023-04-06 11:00:00+09:00,4530.0,4550.0,4485.0,4485.0,4118,0.0,0.0
2023-04-06 12:00:00+09:00,4490.0,4510.0,4470.0,4480.0,15343,0.0,0.0
2023-04-06 13:00:00+09:00,4480.0,4485.0,4460.0,4485.0,20617,0.0,0.0
2023-04-06 14:00:00+09:00,4485.0,4485.0,4460.0,4475.0,6586,0.0,0.0
2023-04-07 09:00:00+09:00,4475.0,4495.0,4450.0,4480.0,14972,0.0,0.0
2023-04-07 10:00:00+09:00,4480.0,4490.0,4455.0,4470.0,8963,0.0,0.0
2023-04-07 11:00:00+09:00,4465.0,4480.0,4455.0,4470.0,10877,0.0,0.0
2023-04-07 12:00:00+09:00,4465.0,4475.0,4455.0,4470.0,5412,0.0,0.0
2023-04-07 13:00:00+09:00,4470.0,4475.0,4460.0,4470.0,4171,0.0,0.0
2023-04-07 14:00:00+09:00,4470.0,4485.0,4470.0,4480.0,9296,0.0,0.0
2023-04-10 09:00:00+09:00,4475.0,4495.0,4425.0,4465.0,0,0.0,0.0
2023-04-10 10:00:00+09:00,4465.0,4475.0,4435.0,4440.0,6354,0.0,0.0
2023-04-10 11:00:00+09:00,4440.0,4455.0,4425.0,4455.0,10058,0.0,0.0
2023-04-10 12:00:00+09:00,4455.0,4455.0,4430.0,4455.0,7782,0.0,0.0
2023-04-10 13:00:00+09:00,4455.0,4455.0,4425.0,4450.0,11909,0.0,0.0
2023-04-10 14:00:00+09:00,4450.0,4455.0,4425.0,4445.0,3902,0.0,0.0
2023-04-11 09:00:00+09:00,4425.0,4455.0,4390.0,4430.0,37824,0.0,0.0
2023-04-11 10:00:00+09:00,4430.0,4455.0,4380.0,4455.0,20513,0.0,0.0
2023-04-11 11:00:00+09:00,4450.0,4515.0,4440.0,4510.0,16418,0.0,0.0
2023-04-11 12:00:00+09:00,4510.0,4575.0,4495.0,4565.0,27702,0.0,0.0
2023-04-11 13:00:00+09:00,4565.0,4600.0,4560.0,4580.0,20700,0.0,0.0
2023-04-11 14:00:00+09:00,4580.0,4600.0,4570.0,4595.0,17396,0.0,0.0
2023-04-12 09:00:00+09:00,4595.0,4655.0,4580.0,4595.0,22104,0.0,0.0
2023-04-12 10:00:00+09:00,4595.0,4610.0,4575.0,4580.0,14338,0.0,0.0
2023-04-12 11:00:00+09:00,4595.0,4630.0,4580.0,4620.0,7306,0.0,0.0
2023-04-12 12:00:00+09:00,4605.0,4630.0,4605.0,4615.0,7427,0.0,0.0
2023-04-12 13:00:00+09:00,4615.0,4625.0,4600.0,4625.0,5072,0.0,0.0
2023-04-12 14:00:00+09:00,4625.0,4645.0,4595.0,4615.0,9424,0.0,0.0
2023-04-13 09:00:00+09:00,4620.0,4620.0,4520.0,4565.0,10440,0.0,0.0
2023-04-13 10:00:00+09:00,4565.0,4590.0,4535.0,4580.0,2887,0.0,0.0
2023-04-13 11:00:00+09:00,4555.0,4580.0,4535.0,4570.0,4214,0.0,0.0
2023-04-13 12:00:00+09:00,4570.0,4580.0,4540.0,4580.0,2563,0.0,0.0
2023-04-13 13:00:00+09:00,4575.0,4615.0,4555.0,4610.0,4313,0.0,0.0
2023-04-13 14:00:00+09:00,4610.0,4620.0,4600.0,4605.0,7527,0.0,0.0
2023-04-14 09:00:00+09:00,4615.0,4620.0,4555.0,4565.0,10059,0.0,0.0
2023-04-14 10:00:00+09:00,4565.0,4575.0,4550.0,4575.0,5181,0.0,0.0
2023-04-14 11:00:00+09:00,4575.0,4590.0,4550.0,4575.0,7322,0.0,0.0
2023-04-14 12:00:00+09:00,4580.0,4590.0,4565.0,4580.0,2833,0.0,0.0
2023-04-14 13:00:00+09:00,4580.0,4585.0,4565.0,4570.0,4827,0.0,0.0
2023-04-14 14:00:00+09:00,4565.0,4580.0,4560.0,4570.0,9218,0.0,0.0
2023-04-17 09:00:00+09:00,4575.0,4580.0,4530.0,4560.0,0,0.0,0.0
2023-04-17 10:00:00+09:00,4560.0,4575.0,4525.0,4575.0,3887,0.0,0.0
2023-04-17 11:00:00+09:00,4560.0,4605.0,4560.0,4595.0,8419,0.0,0.0
2023-04-17 12:00:00+09:00,4595.0,4600.0,4585.0,4600.0,1155,0.0,0.0
2023-04-17 13:00:00+09:00,4600.0,4620.0,4570.0,4615.0,8676,0.0,0.0
2023-04-17 14:00:00+09:00,4615.0,4615.0,4585.0,4585.0,3640,0.0,0.0
2023-04-18 09:00:00+09:00,4595.0,4600.0,4520.0,4520.0,15059,0.0,0.0
2023-04-18 10:00:00+09:00,4525.0,4580.0,4520.0,4580.0,4935,0.0,0.0
2023-04-18 11:00:00+09:00,4550.0,4565.0,4520.0,4530.0,10819,0.0,0.0
2023-04-18 12:00:00+09:00,4540.0,4570.0,4530.0,4535.0,2313,0.0,0.0
2023-04-18 13:00:00+09:00,4535.0,4550.0,4530.0,4530.0,1487,0.0,0.0
2023-04-18 14:00:00+09:00,4530.0,4545.0,4520.0,4540.0,6142,0.0,0.0
2023-04-19 09:00:00+09:00,4570.0,4580.0,4535.0,4580.0,0,0.0,0.0
2023-04-19 10:00:00+09:00,4580.0,4615.0,4570.0,4600.0,14086,0.0,0.0
2023-04-19 11:00:00+09:00,4605.0,4610.0,4600.0,4605.0,7320,0.0,0.0
2023-04-19 12:00:00+09:00,4605.0,4610.0,4595.0,4610.0,4814,0.0,0.0
2023-04-19 13:00:00+09:00,4610.0,4620.0,4605.0,4615.0,4749,0.0,0.0
2023-04-19 14:00:00+09:00,4615.0,4630.0,4600.0,4620.0,6291,0.0,0.0
2023-04-20 09:00:00+09:00,4620.0,4625.0,4580.0,4590.0,0,0.0,0.0
2023-04-20 10:00:00+09:00,4585.0,4600.0,4560.0,4570.0,4231,0.0,0.0
2023-04-20 11:00:00+09:00,4570.0,4595.0,4560.0,4590.0,2660,0.0,0.0
2023-04-20 12:00:00+09:00,4575.0,4580.0,4545.0,4560.0,8563,0.0,0.0
2023-04-20 13:00:00+09:00,4565.0,4565.0,4545.0,4545.0,8041,0.0,0.0
2023-04-20 14:00:00+09:00,4545.0,4545.0,4475.0,4500.0,36037,0.0,0.0
2023-04-21 09:00:00+09:00,4470.0,4505.0,4395.0,4420.0,29461,0.0,0.0
2023-04-21 10:00:00+09:00,4400.0,4490.0,4400.0,4480.0,17973,0.0,0.0
2023-04-21 11:00:00+09:00,4480.0,4485.0,4470.0,4485.0,2248,0.0,0.0
2023-04-21 12:00:00+09:00,4485.0,4485.0,4465.0,4465.0,6924,0.0,0.0
2023-04-21 13:00:00+09:00,4465.0,4465.0,4455.0,4455.0,4863,0.0,0.0
2023-04-21 14:00:00+09:00,4460.0,4465.0,4445.0,4450.0,15932,0.0,0.0
2023-04-24 09:00:00+09:00,4405.0,4460.0,4405.0,4435.0,0,0.0,0.0
2023-04-24 10:00:00+09:00,4435.0,4435.0,4400.0,4405.0,13629,0.0,0.0
2023-04-24 11:00:00+09:00,4405.0,4415.0,4400.0,4405.0,8070,0.0,0.0
2023-04-24 12:00:00+09:00,4405.0,4405.0,4380.0,4395.0,10451,0.0,0.0
2023-04-24 13:00:00+09:00,4390.0,4390.0,4380.0,4380.0,12291,0.0,0.0
2023-04-24 14:00:00+09:00,4380.0,4395.0,4365.0,4390.0,7254,0.0,0.0
2023-04-25 09:00:00+09:00,4370.0,4400.0,4365.0,4400.0,5817,0.0,0.0
2023-04-25 10:00:00+09:00,4395.0,4410.0,4345.0,4345.0,21161,0.0,0.0
2023-04-25 11:00:00+09:00,4360.0,4365.0,4305.0,4330.0,13595,0.0,0.0
2023-04-25 12:00:00+09:00,4325.0,4360.0,4300.0,4360.0,8113,0.0,0.0
2023-04-25 13:00:00+09:00,4360.0,4360.0,4320.0,4330.0,1228,0.0,0.0
2023-04-25 14:00:00+09:00,4330.0,4350.0,4315.0,4350.0,4661,0.0,0.0
2023-04-26 09:00:00+09:00,4300.0,4390.0,4300.0,4390.0,12831,0.0,0.0
2023-04-26 10:00:00+09:00,4390.0,4435.0,4390.0,4425.0,6300,0.0,0.0
2023-04-26 11:00:00+09:00,4425.0,4430.0,4360.0,4395.0,6223,0.0,0.0
2023-04-26 12:00:00+09:00,4395.0,4400.0,4360.0,4395.0,1782,0.0,0.0
2023-04-26 13:00:00+09:00,4395.0,4395.0,4370.0,4395.0,1715,0.0,0.0
2023-04-26 14:00:00+09:00,4375.0,4405.0,4370.0,4400.0,5846,0.0,0.0
2023-04-27 09:00:00+09:00,4400.0,4400.0,4330.0,4380.0,4187,0.0,0.0
2023-04-27 10:00:00+09:00,4380.0,4395.0,4355.0,4395.0,2962,0.0,0.0
2023-04-27 11:00:00+09:00,4395.0,4400.0,4360.0,4400.0,2375,0.0,0.0
2023-04-27 12:00:00+09:00,4400.0,4415.0,4385.0,4415.0,1002,0.0,0.0
2023-04-27 13:00:00+09:00,4415.0,4460.0,4405.0,4450.0,8831,0.0,0.0
2023-04-27 14:00:00+09:00,4455.0,4500.0,4450.0,4485.0,7444,0.0,0.0
2023-04-28 09:00:00+09:00,4475.0,4510.0,4455.0,4460.0,4192,0.0,0.0
2023-04-28 10:00:00+09:00,4460.0,4485.0,4435.0,4465.0,3981,0.0,0.0
2023-04-28 11:00:00+09:00,4465.0,4465.0,4425.0,4425.0,8722,0.0,0.0
2023-04-28 12:00:00+09:00,4445.0,4460.0,4385.0,4430.0,17957,0.0,0.0
2023-04-28 13:00:00+09:00,4430.0,4430.0,4380.0,4400.0,2443,0.0,0.0
2023-04-28 14:00:00+09:00,4400.0,4440.0,4400.0,4435.0,1975,0.0,0.0
2023-05-02 09:00:00+09:00,4405.0,4455.0,4395.0,4455.0,0,0.0,0.0
2023-05-02 10:00:00+09:00,4455.0,4455.0,4425.0,4435.0,4054,0.0,0.0
2023-05-02 11:00:00+09:00,4435.0,4435.0,4400.0,4430.0,3597,0.0,0.0
2023-05-02 12:00:00+09:00,4430.0,4430.0,4405.0,4425.0,1838,0.0,0.0
2023-05-02 13:00:00+09:00,4425.0,4450.0,4420.0,4445.0,5451,0.0,0.0
2023-05-02 14:00:00+09:00,4445.0,4455.0,4435.0,4450.0,573,0.0,0.0
2023-05-03 09:00:00+09:00,4455.0,4455.0,4395.0,4435.0,65799,0.0,0.0
2023-05-03 10:00:00+09:00,4440.0,4450.0,4425.0,4445.0,6039,0.0,0.0
2023-05-03 11:00:00+09:00,4445.0,4460.0,4430.0,4460.0,3295,0.0,0.0
2023-05-03 12:00:00+09:00,4460.0,4475.0,4440.0,4470.0,4356,0.0,0.0
2023-05-03 13:00:00+09:00,4470.0,4470.0,4445.0,4450.0,684,0.0,0.0
2023-05-03 14:00:00+09:00,4445.0,4455.0,4445.0,4445.0,1952,0.0,0.0
2023-05-04 09:00:00+09:00,4435.0,4470.0,4435.0,4455.0,0,0.0,0.0
2023-05-04 10:00:00+09:00,4445.0,4450.0,4420.0,4440.0,4478,0.0,0.0
2023-05-04 11:00:00+09:00,4440.0,4450.0,4415.0,4450.0,1211,0.0,0.0
2023-05-04 12:00:00+09:00,4450.0,4460.0,4435.0,4435.0,925,0.0,0.0
2023-05-04 13:00:00+09:00,4450.0,4455.0,4420.0,4450.0,434,0.0,0.0
2023-05-04 14:00:00+09:00,4450.0,4455.0,4425.0,4425.0,560,0.0,0.0
2023-05-08 09:00:00+09:00,4420.0,4455.0,4420.0,4450.0,0,0.0,0.0
2023-05-08 10:00:00+09:00,4450.0,4490.0,4450.0,4485.0,4359,0.0,0.0
2023-05-08 11:00:00+09:00,4485.0,4485.0,4445.0,4475.0,5946,0.0,0.0
2023-05-08 12:00:00+09:00,4470.0,4475.0,4470.0,4475.0,561,0.0,0.0
2023-05-08 13:00:00+09:00,4475.0,4475.0,4455.0,4465.0,706,0.0,0.0
2023-05-08 14:00:00+09:00,4455.0,4470.0,4450.0,4465.0,2690,0.0,0.0
2023-05-09 09:00:00+09:00,4430.0,4485.0,4395.0,4395.0,7679,0.0,0.0
2023-05-09 10:00:00+09:00,4400.0,4415.0,4390.0,4410.0,1946,0.0,0.0
2023-05-09 11:00:00+09:00,4415.0,4425.0,4410.0,4415.0,721,0.0,0.0
2023-05-09 12:00:00+09:00,4420.0,4425.0,4410.0,4420.0,1015,0.0,0.0
2023-05-09 13:00:00+09:00,4420.0,4420.0,4395.0,4405.0,1844,0.0,0.0
2023-05-09 14:00:00+09:00,4405.0,4410.0,4395.0,4395.0,1686,0.0,0.0
2023-05-10 09:00:00+09:00,4400.0,4450.0,4395.0,4440.0,7709,0.0,0.0
2023-05-10 10:00:00+09:00,4440.0,4460.0,4440.0,4450.0,2752,0.0,0.0
2023-05-10 11:00:00+09:00,4450.0,4455.0,4440.0,4445.0,1202,0.0,0.0
2023-05-10 12:00:00+09:00,4450.0,4450.0,4420.0,4440.0,1899,0.0,0.0
2023-05-10 13:00:00+09:00,4445.0,4465.0,4415.0,4465.0,5375,0.0,0.0
2023-05-10 14:00:00+09:00,4460.0,4470.0,4420.0,4460.0,19582,0.0,0.0
2023-05-11 09:00:00+09:00,4460.0,4510.0,4460.0,4500.0,0,0.0,0.0
2023-05-11 10:00:00+09:00,4505.0,4505.0,4475.0,4500.0,4503,0.0,0.0
2023-05-11 11:00:00+09:00,4490.0,4520.0,4480.0,4480.0,7430,0.0,0.0
2023-05-11 12:00:00+09:00,4520.0,4520.0,4505.0,4505.0,1275,0.0,0.0
2023-05-11 13:00:00+09:00,4505.0,4530.0,4490.0,4530.0,4394,0.0,0.0
2023-05-11 14:00:00+09:00,4530.0,4530.0,4515.0,4520.0,1744,0.0,0.0
2023-05-12 09:00:00+09:00,4520.0,4570.0,4490.0,4545.0,13315,0.0,0.0
2023-05-12 10:00:00+09:00,4520.0,4540.0,4515.0,4535.0,1286,0.0,0.0
2023-05-12 11:00:00+09:00,4535.0,4590.0,4535.0,4570.0,19294,0.0,0.0
2023-05-12 12:00:00+09:00,4570.0,4595.0,4550.0,4580.0,9218,0.0,0.0
2023-05-12 13:00:00+09:00,4580.0,4595.0,4555.0,4585.0,11555,0.0,0.0
2023-05-12 14:00:00+09:00,4585.0,4585.0,4555.0,4575.0,2213,0.0,0.0
2023-05-15 09:00:00+09:00,4570.0,4575.0,4485.0,4530.0,0,0.0,0.0
2023-05-15 10:00:00+09:00,4500.0,4535.0,4490.0,4535.0,3557,0.0,0.0
2023-05-15 11:00:00+09:00,4535.0,4535.0,4485.0,4515.0,3385,0.0,0.0
2023-05-15 12:00:00+09:00,4515.0,4520.0,4500.0,4515.0,829,0.0,0.0
2023-05-15 13:00:00+09:00,4510.0,4515.0,4485.0,4505.0,5463,0.0,0.0
2023-05-15 14:00:00+09:00,4505.0,4505.0,4485.0,4500.0,2942,0.0,0.0
2023-05-16 09:00:00+09:00,4455.0,4475.0,4415.0,4435.0,0,0.0,0.0
2023-05-16 10:00:00+09:00,4435.0,4440.0,4315.0,4350.0,67948,0.0,0.0
2023-05-16 11:00:00+09:00,4345.0,4375.0,4325.0,4350.0,24778,0.0,0.0
2023-05-16 12:00:00+09:00,4350.0,4375.0,4345.0,4360.0,6798,0.0,0.0
2023-05-16 13:00:00+09:00,4370.0,4375.0,4360.0,4360.0,1476,0.0,0.0
2023-05-16 14:00:00+09:00,4370.0,4375.0,4350.0,4375.0,9668,0.0,0.0
2023-05-17 09:00:00+09:00,4365.0,4390.0,4345.0,4390.0,6313,0.0,0.0
2023-05-17 10:00:00+09:00,4390.0,4390.0,4375.0,4380.0,1289,0.0,0.0
2023-05-17 11:00:00+09:00,4380.0,4390.0,4380.0,4380.0,857,0.0,0.0
2023-05-17 12:00:00+09:00,4375.0,4390.0,4370.0,4380.0,1831,0.0,0.0
2023-05-17 13:00:00+09:00,4380.0,4390.0,4375.0,4390.0,1940,0.0,0.0
2023-05-17 14:00:00+09:00,4385.0,4395.0,4380.0,4380.0,2550,0.0,0.0
2023-05-18 09:00:00+09:00,4410.0,4480.0,4400.0,4450.0,5306,0.0,0.0
2023-05-18 10:00:00+09:00,4430.0,4465.0,4430.0,4445.0,5414,0.0,0.0
2023-05-18 11:00:00+09:00,4445.0,4455.0,4445.0,4450.0,2328,0.0,0.0
2023-05-18 12:00:00+09:00,4460.0,4470.0,4450.0,4450.0,3966,0.0,0.0
2023-05-18 13:00:00+09:00,4450.0,4465.0,4445.0,4460.0,3806,0.0,0.0
2023-05-18 14:00:00+09:00,4450.0,4465.0,4450.0,4460.0,2324,0.0,0.0
2023-05-19 09:00:00+09:00,4485.0,4485.0,4450.0,4450.0,1903,0.0,0.0
2023-05-19 10:00:00+09:00,4445.0,4455.0,4405.0,4420.0,9649,0.0,0.0
2023-05-19 11:00:00+09:00,4420.0,4450.0,4415.0,4450.0,5151,0.0,0.0
2023-05-19 12:00:00+09:00,4450.0,4450.0,4410.0,4440.0,12910,0.0,0.0
2023-05-19 13:00:00+09:00,4440.0,4440.0,4420.0,4440.0,3722,0.0,0.0
2023-05-19 14:00:00+09:00,4440.0,4440.0,4415.0,4440.0,2099,0.0,0.0
2023-05-22 09:00:00+09:00,4435.0,4465.0,4375.0,4445.0,0,0.0,0.0
2023-05-22 10:00:00+09:00,4445.0,4450.0,4420.0,4430.0,2215,0.0,0.0
2023-05-22 11:00:00+09:00,4435.0,4435.0,4420.0,4420.0,2584,0.0,0.0
2023-05-22 12:00:00+09:00,4425.0,4430.0,4415.0,4420.0,3368,0.0,0.0
2023-05-22 13:00:00+09:00,4425.0,4435.0,4420.0,4435.0,2297,0.0,0.0
2023-05-22 14:00:00+09:00,4435.0,4435.0,4405.0,4435.0,9553,0.0,0.0
2023-05-23 09:00:00+09:00,4425.0,4450.0,4425.0,4435.0,0,0.0,0.0
2023-05-23 10:00:00+09:00,4435.0,4450.0,4410.0,4425.0,5586,0.0,0.0
2023-05-23 11:00:00+09:00,4410.0,4425.0,4390.0,4415.0,11196,0.0,0.0
2023-05-23 12:00:00+09:00,4415.0,4415.0,4390.0,4390.0,7472,0.0,0.0
2023-05-23 13:00:00+09:00,4415.0,4415.0,4385.0,4395.0,9524,0.0,0.0
2023-05-23 14:00:00+09:00,4395.0,4415.0,4395.0,4405.0,3308,0.0,0.0
2023-05-24 09:00:00+09:00,4420.0,4420.0,4375.0,4380.0,7162,0.0,0.0
2023-05-24 10:00:00+09:00,4395.0,4395.0,4370.0,4375.0,6602,0.0,0.0
2023-05-24 11:00:00+09:00,4375.0,4390.0,4370.0,4370.0,5762,0.0,0.0
2023-05-24 12:00:00+09:00,4390.0,4390.0,4365.0,4370.0,2623,0.0,0.0
2023-05-24 13:00:00+09:00,4375.0,4375.0,4360.0,4360.0,6855,0.0,0.0
2023-05-24 14:00:00+09:00,4370.0,4385.0,4365.0,4365.0,3000,0.0,0.0
2023-05-25 09:00:00+09:00,4370.0,4380.0,4355.0,4380.0,8885,0.0,0.0
2023-05-25 10:00:00+09:00,4380.0,4380.0,4355.0,4375.0,6260,0.0,0.0
2023-05-25 11:00:00+09:00,4375.0,4375.0,4360.0,4365.0,3798,0.0,0.0
2023-05-25 12:00:00+09:00,4365.0,4370.0,4360.0,4370.0,2025,0.0,0.0
2023-05-25 13:00:00+09:00,4370.0,4370.0,4340.0,4350.0,12184,0.0,0.0
2023-05-25 14:00:00+09:00,4350.0,4350.0,4330.0,4335.0,5223,0.0,0.0
2023-05-26 09:00:00+09:00,4340.0,4350.0,4310.0,4330.0,0,0.0,0.0
2023-05-26 10:00:00+09:00,4330.0,4330.0,4300.0,4310.0,7971,0.0,0.0
2023-05-26 11:00:00+09:00,4320.0,4325.0,4305.0,4315.0,1164,0.0,0.0
2023-05-26 12:00:00+09:00,4315.0,4315.0,4295.0,4310.0,3676,0.0,0.0
2023-05-26 13:00:00+09:00,4310.0,4315.0,4295.0,4305.0,4998,0.0,0.0
2023-05-26 14:00:00+09:00,4305.0,4310.0,4295.0,4310.0,4020,0.0,0.0
2023-05-30 09:00:00+09:00,4300.0,4330.0,4290.0,4315.0,0,0.0,0.0
2023-05-30 10:00:00+09:00,4315.0,4315.0,4260.0,4305.0,15000,0.0,0.0
2023-05-30 11:00:00+09:00,4305.0,4305.0,4275.0,4305.0,0,0.0,0.0
2023-05-30 12:00:00+09:00,4305.0,4305.0,4275.0,4295.0,29173,0.0,0.0
2023-05-30 13:00:00+09:00,4295.0,4300.0,4275.0,4290.0,2788,0.0,0.0
2023-05-30 14:00:00+09:00,4290.0,4300.0,4275.0,4300.0,9963,0.0,0.0
2023-05-31 09:00:00+09:00,4280.0,4305.0,4260.0,4270.0,18143,0.0,0.0
2023-05-31 10:00:00+09:00,4270.0,4290.0,4260.0,4280.0,13826,0.0,0.0
2023-05-31 11:00:00+09:00,4280.0,4305.0,4280.0,4300.0,8313,0.0,0.0
2023-05-31 12:00:00+09:00,4310.0,4310.0,4295.0,4310.0,1052,0.0,0.0
2023-05-31 13:00:00+09:00,4310.0,4320.0,4290.0,4310.0,3790,0.0,0.0
2023-05-31 14:00:00+09:00,4315.0,4315.0,4290.0,4300.0,5094,0.0,0.0
2023-06-01 09:00:00+09:00,4300.0,4300.0,4280.0,4290.0,0,0.0,0.0
2023-06-01 10:00:00+09:00,4290.0,4305.0,4290.0,4295.0,4809,0.0,0.0
2023-06-01 11:00:00+09:00,4295.0,4300.0,4290.0,4300.0,1328,0.0,0.0
2023-06-01 12:00:00+09:00,4300.0,4335.0,4290.0,4325.0,9034,0.0,0.0
2023-06-01 13:00:00+09:00,4325.0,4370.0,4310.0,4350.0,10511,0.0,0.0
2023-06-01 14:00:00+09:00,4350.0,4370.0,4335.0,4360.0,8073,0.0,0.0
2023-06-02 09:00:00+09:00,4360.0,4410.0,4345.0,4360.0,22588,0.0,0.0
2023-06-02 10:00:00+09:00,4360.0,4385.0,4350.0,4360.0,1219,0.0,0.0
2023-06-02 11:00:00+09:00,4360.0,4380.0,4340.0,4350.0,3333,0.0,0.0
2023-06-02 12:00:00+09:00,4350.0,4365.0,4330.0,4365.0,5456,0.0,0.0
2023-06-02 13:00:00+09:00,4345.0,4370.0,4345.0,4355.0,1512,0.0,0.0
2023-06-02 14:00:00+09:00,4355.0,4375.0,4350.0,4370.0,2569,0.0,0.0
2023-06-05 09:00:00+09:00,4350.0,4390.0,4350.0,4355.0,0,0.0,0.0
2023-06-05 10:00:00+09:00,4360.0,4360.0,4340.0,4340.0,6163,0.0,0.0
2023-06-05 11:00:00+09:00,4350.0,4355.0,4340.0,4350.0,1505,0.0,0.0
2023-06-05 12:00:00+09:00,4355.0,4370.0,4345.0,4370.0,1838,0.0,0.0
2023-06-05 13:00:00+09:00,4370.0,4375.0,4355.0,4355.0,2076,0.0,0.0
2023-06-05 14:00:00+09:00,4360.0,4365.0,4350.0,4350.0,4636,0.0,0.0
2023-06-07 09:00:00+09:00,4370.0,4400.0,4330.0,4375.0,0,0.0,0.0
2023-06-07 10:00:00+09:00,4375.0,4380.0,4350.0,4365.0,1722,0.0,0.0
2023-06-07 11:00:00+09:00,4365.0,4365.0,4355.0,4360.0,584,0.0,0.0
2023-06-07 12:00:00+09:00,4355.0,4360.0,4355.0,4360.0,2286,0.0,0.0
2023-06-07 13:00:00+09:00,4360.0,4375.0,4360.0,4370.0,812,0.0,0.0
2023-06-07 14:00:00+09:00,4370.0,4375.0,4335.0,4340.0,7506,0.0,0.0
2023-06-08 09:00:00+09:00,4335.0,4365.0,4330.0,4350.0,0,0.0,0.0
2023-06-08 10:00:00+09:00,4350.0,4350.0,4315.0,4335.0,3161,0.0,0.0
2023-06-08 11:00:00+09:00,4335.0,4335.0,4315.0,4330.0,2107,0.0,0.0
2023-06-08 12:00:00+09:00,4320.0,4335.0,4315.0,4330.0,4645,0.0,0.0
2023-06-08 13:00:00+09:00,4330.0,4345.0,4325.0,4340.0,524,0.0,0.0
2023-06-08 14:00:00+09:00,4330.0,4345.0,4330.0,4345.0,1921,0.0,0.0
2023-06-09 09:00:00+09:00,4345.0,4360.0,4320.0,4350.0,0,0.0,0.0
2023-06-09 10:00:00+09:00,4350.0,4350.0,4330.0,4345.0,6172,0.0,0.0
2023-06-09 11:00:00+09:00,4345.0,4355.0,4345.0,4355.0,664,0.0,0.0
2023-06-09 12:00:00+09:00,4350.0,4375.0,4350.0,4370.0,6747,0.0,0.0
2023-06-09 13:00:00+09:00,4370.0,4370.0,4340.0,4355.0,3724,0.0,0.0
2023-06-09 14:00:00+09:00,4350.0,4355.0,4340.0,4345.0,3339,0.0,0.0
2023-06-12 09:00:00+09:00,4360.0,4360.0,4315.0,4335.0,0,0.0,0.0
2023-06-12 10:00:00+09:00,4320.0,4335.0,4315.0,4320.0,1611,0.0,0.0
2023-06-12 11:00:00+09:00,4325.0,4330.0,4315.0,4325.0,1450,0.0,0.0
2023-06-12 12:00:00+09:00,4320.0,4330.0,4315.0,4325.0,1330,0.0,0.0
2023-06-12 13:00:00+09:00,4315.0,4330.0,4310.0,4330.0,2528,0.0,0.0
2023-06-12 14:00:00+09:00,4325.0,4325.0,4295.0,4310.0,10244,0.0,0.0
2023-06-13 09:00:00+09:00,4305.0,4340.0,4305.0,4335.0,0,0.0,0.0
2023-06-13 10:00:00+09:00,4335.0,4335.0,4315.0,4335.0,1165,0.0,0.0
2023-06-13 11:00:00+09:00,4330.0,4335.0,4315.0,4335.0,1030,0.0,0.0
2023-06-13 12:00:00+09:00,4330.0,4335.0,4315.0,4325.0,1030,0.0,0.0
2023-06-13 13:00:00+09:00,4320.0,4330.0,4305.0,4325.0,3112,0.0,0.0
2023-06-13 14:00:00+09:00,4325.0,4325.0,4305.0,4320.0,1534,0.0,0.0
2023-06-14 09:00:00+09:00,4325.0,4335.0,4295.0,4320.0,0,0.0,0.0
2023-06-14 10:00:00+09:00,4305.0,4320.0,4295.0,4305.0,3802,0.0,0.0
2023-06-14 11:00:00+09:00,4315.0,4315.0,4295.0,4295.0,2587,0.0,0.0
2023-06-14 12:00:00+09:00,4300.0,4305.0,4290.0,4290.0,6432,0.0,0.0
2023-06-14 13:00:00+09:00,4290.0,4300.0,4275.0,4285.0,7536,0.0,0.0
2023-06-14 14:00:00+09:00,4285.0,4310.0,4265.0,4275.0,14316,0.0,0.0
2023-06-15 09:00:00+09:00,4290.0,4310.0,4270.0,4285.0,0,0.0,0.0
2023-06-15 10:00:00+09:00,4285.0,4295.0,4260.0,4285.0,17857,0.0,0.0
2023-06-15 11:00:00+09:00,4285.0,4300.0,4250.0,4300.0,7563,0.0,0.0
2023-06-15 12:00:00+09:00,4295.0,4300.0,4285.0,4295.0,1315,0.0,0.0
2023-06-15 13:00:00+09:00,4295.0,4350.0,4290.0,4345.0,12012,0.0,0.0
2023-06-15 14:00:00+09:00,4345.0,4345.0,4305.0,4335.0,2281,0.0,0.0
2023-06-16 09:00:00+09:00,4335.0,4350.0,4300.0,4340.0,0,0.0,0.0
2023-06-16 10:00:00+09:00,4340.0,4360.0,4290.0,4340.0,16361,0.0,0.0
2023-06-16 11:00:00+09:00,4340.0,4340.0,4330.0,4340.0,1632,0.0,0.0
2023-06-16 12:00:00+09:00,4340.0,4340.0,4310.0,4335.0,3700,0.0,0.0
2023-06-16 13:00:00+09:00,4335.0,4340.0,4315.0,4330.0,3378,0.0,0.0
2023-06-16 14:00:00+09:00,4330.0,4340.0,4315.0,4340.0,3603,0.0,0.0
2023-06-19 09:00:00+09:00,4330.0,4330.0,4290.0,4310.0,0,0.0,0.0
2023-06-19 10:00:00+09:00,4315.0,4315.0,4290.0,4290.0,1876,0.0,0.0
2023-06-19 11:00:00+09:00,4310.0,4310.0,4295.0,4300.0,216,0.0,0.0
2023-06-19 12:00:00+09:00,4310.0,4310.0,4290.0,4310.0,1162,0.0,0.0
2023-06-19 13:00:00+09:00,4310.0,4325.0,4300.0,4325.0,3427,0.0,0.0
2023-06-19 14:00:00+09:00,4325.0,4330.0,4285.0,4320.0,8638,0.0,0.0
2023-06-20 09:00:00+09:00,4315.0,4320.0,4300.0,4310.0,0,0.0,0.0
2023-06-20 10:00:00+09:00,4310.0,4315.0,4290.0,4310.0,1076,0.0,0.0
2023-06-20 11:00:00+09:00,4310.0,4310.0,4290.0,4305.0,1094,0.0,0.0
2023-06-20 12:00:00+09:00,4305.0,4305.0,4290.0,4305.0,239,0.0,0.0
2023-06-20 13:00:00+09:00,4305.0,4305.0,4285.0,4295.0,1862,0.0,0.0
2023-06-20 14:00:00+09:00,4295.0,4315.0,4275.0,4300.0,7347,0.0,0.0
2023-06-21 09:00:00+09:00,4300.0,4300.0,4280.0,4300.0,2894,0.0,0.0
2023-06-21 10:00:00+09:00,4280.0,4300.0,4275.0,4285.0,1629,0.0,0.0
2023-06-21 11:00:00+09:00,4285.0,4295.0,4285.0,4295.0,245,0.0,0.0
2023-06-21 12:00:00+09:00,4295.0,4295.0,4275.0,4285.0,3023,0.0,0.0
2023-06-21 13:00:00+09:00,4285.0,4285.0,4270.0,4275.0,2659,0.0,0.0
2023-06-21 14:00:00+09:00,4275.0,4280.0,4270.0,4275.0,5763,0.0,0.0
2023-06-22 09:00:00+09:00,4260.0,4280.0,4250.0,4275.0,0,0.0,0.0
2023-06-22 10:00:00+09:00,4275.0,4275.0,4260.0,4270.0,2875,0.0,0.0
2023-06-22 11:00:00+09:00,4270.0,4275.0,4260.0,4270.0,654,0.0,0.0
2023-06-22 12:00:00+09:00,4270.0,4270.0,4255.0,4270.0,2840,0.0,0.0
2023-06-22 13:00:00+09:00,4270.0,4270.0,4255.0,4260.0,1620,0.0,0.0
2023-06-22 14:00:00+09:00,4260.0,4260.0,4240.0,4245.0,5190,0.0,0.0
2023-06-23 09:00:00+09:00,4240.0,4240.0,4200.0,4215.0,0,0.0,0.0
2023-06-23 10:00:00+09:00,4215.0,4220.0,4185.0,4190.0,8014,0.0,0.0
2023-06-23 11:00:00+09:00,4190.0,4200.0,4185.0,4190.0,4872,0.0,0.0
2023-06-23 12:00:00+09:00,4200.0,4200.0,4150.0,4150.0,34576,0.0,0.0
2023-06-23 13:00:00+09:00,4165.0,4165.0,4110.0,4145.0,15352,0.0,0.0
2023-06-23 14:00:00+09:00,4130.0,4160.0,4130.0,4140.0,3170,0.0,0.0
2023-06-26 09:00:00+09:00,4145.0,4150.0,4100.0,4130.0,0,0.0,0.0
2023-06-26 10:00:00+09:00,4130.0,4155.0,4105.0,4155.0,5331,0.0,0.0
2023-06-26 11:00:00+09:00,4155.0,4155.0,4145.0,4150.0,493,0.0,0.0
2023-06-26 12:00:00+09:00,4150.0,4155.0,4150.0,4155.0,555,0.0,0.0
2023-06-26 13:00:00+09:00,4155.0,4165.0,4140.0,4145.0,5505,0.0,0.0
2023-06-26 14:00:00+09:00,4145.0,4145.0,4135.0,4140.0,1219,0.0,0.0
2023-06-27 09:00:00+09:00,4150.0,4160.0,4120.0,4150.0,3851,0.0,0.0
2023-06-27 10:00:00+09:00,4150.0,4160.0,4120.0,4125.0,2882,0.0,0.0
2023-06-27 11:00:00+09:00,4125.0,4145.0,4120.0,4145.0,2295,0.0,0.0
2023-06-27 12:00:00+09:00,4145.0,4145.0,4130.0,4130.0,885,0.0,0.0
2023-06-27 13:00:00+09:00,4130.0,4140.0,4130.0,4140.0,2702,0.0,0.0
2023-06-27 14:00:00+09:00,4140.0,4145.0,4125.0,4130.0,3644,0.0,0.0
2023-06-28 09:00:00+09:00,4130.0,4150.0,4125.0,4145.0,3595,0.0,0.0
2023-06-28 10:00:00+09:00,4145.0,4150.0,4130.0,4140.0,5019,0.0,0.0
2023-06-28 11:00:00+09:00,4150.0,4185.0,4150.0,4165.0,2507,0.0,0.0
2023-06-28 12:00:00+09:00,4175.0,4175.0,4170.0,4170.0,44,0.0,0.0
2023-06-28 13:00:00+09:00,4170.0,4170.0,4160.0,4170.0,906,0.0,0.0
2023-06-28 14:00:00+09:00,4170.0,4175.0,4150.0,4170.0,4049,0.0,0.0
2023-06-29 09:00:00+09:00,4175.0,4185.0,4160.0,4175.0,0,0.0,0.0
2023-06-29 10:00:00+09:00,4175.0,4175.0,4150.0,4170.0,3955,0.0,0.0
2023-06-29 11:00:00+09:00,4165.0,4165.0,4130.0,4130.0,10292,0.0,0.0
2023-06-29 12:00:00+09:00,4140.0,4150.0,4125.0,4145.0,4655,0.0,0.0
2023-06-29 13:00:00+09:00,4145.0,4145.0,4105.0,4120.0,6057,0.0,0.0
2023-06-29 14:00:00+09:00,4115.0,4130.0,4080.0,4090.0,23034,0.0,0.0
2023-06-30 09:00:00+09:00,4080.0,4090.0,4060.0,4080.0,0,0.0,0.0
2023-06-30 10:00:00+09:00,4090.0,4125.0,4085.0,4125.0,4354,0.0,0.0
2023-06-30 11:00:00+09:00,4125.0,4135.0,4115.0,4135.0,2752,0.0,0.0
2023-06-30 12:00:00+09:00,4135.0,4135.0,4095.0,4115.0,2038,0.0,0.0
2023-06-30 13:00:00+09:00,4115.0,4120.0,4090.0,4120.0,2224,0.0,0.0
2023-06-30 14:00:00+09:00,4110.0,4155.0,4110.0,4150.0,2045,0.0,0.0
2023-07-03 09:00:00+09:00,4165.0,4190.0,4160.0,4180.0,0,0.0,0.0
2023-07-03 10:00:00+09:00,4190.0,4190.0,4180.0,4185.0,4929,0.0,0.0
2023-07-03 11:00:00+09:00,4185.0,4185.0,4175.0,4175.0,2010,0.0,0.0
2023-07-03 12:00:00+09:00,4175.0,4180.0,4175.0,4175.0,1448,0.0,0.0
2023-07-03 13:00:00+09:00,4175.0,4175.0,4170.0,4170.0,408,0.0,0.0
2023-07-03 14:00:00+09:00,4170.0,4170.0,4160.0,4160.0,2665,0.0,0.0
2023-07-04 09:00:00+09:00,4175.0,4215.0,4175.0,4210.0,3194,0.0,0.0
2023-07-04 10:00:00+09:00,4205.0,4205.0,4195.0,4200.0,4066,0.0,0.0
2023-07-04 11:00:00+09:00,4200.0,4205.0,4195.0,4195.0,1497,0.0,0.0
2023-07-04 12:00:00+09:00,4195.0,4205.0,4195.0,4205.0,978,0.0,0.0
2023-07-04 13:00:00+09:00,4205.0,4225.0,4195.0,4210.0,3545,0.0,0.0
2023-07-04 14:00:00+09:00,4210.0,4275.0,4200.0,4255.0,13390,0.0,0.0
2023-07-05 09:00:00+09:00,4250.0,4280.0,4245.0,4265.0,4757,0.0,0.0
2023-07-05 10:00:00+09:00,4260.0,4260.0,4225.0,4240.0,1928,0.0,0.0
2023-07-05 11:00:00+09:00,4240.0,4240.0,4200.0,4225.0,1999,0.0,0.0
2023-07-05 12:00:00+09:00,4210.0,4225.0,4200.0,4215.0,3420,0.0,0.0
2023-07-05 13:00:00+09:00,4215.0,4230.0,4200.0,4225.0,743,0.0,0.0
2023-07-05 14:00:00+09:00,4225.0,4230.0,4205.0,4220.0,2744,0.0,0.0
2023-07-06 09:00:00+09:00,4195.0,4205.0,4150.0,4175.0,7115,0.0,0.0
2023-07-06 10:00:00+09:00,4170.0,4220.0,4140.0,4220.0,7448,0.0,0.0
2023-07-06 11:00:00+09:00,4215.0,4215.0,4185.0,4190.0,1359,0.0,0.0
2023-07-06 12:00:00+09:00,4190.0,4195.0,4160.0,4180.0,5330,0.0,0.0
2023-07-06 13:00:00+09:00,4180.0,4180.0,4150.0,4170.0,2829,0.0,0.0
2023-07-06 14:00:00+09:00,4170.0,4180.0,4150.0,4180.0,8113,0.0,0.0
2023-07-07 09:00:00+09:00,4180.0,4185.0,4160.0,4175.0,1998,0.0,0.0
2023-07-07 10:00:00+09:00,4175.0,4175.0,4145.0,4155.0,5907,0.0,0.0
2023-07-07 11:00:00+09:00,4155.0,4155.0,4140.0,4145.0,2129,0.0,0.0
2023-07-07 12:00:00+09:00,4145.0,4145.0,4130.0,4140.0,3223,0.0,0.0
2023-07-07 13:00:00+09:00,4130.0,4155.0,4120.0,4150.0,2310,0.0,0.0
2023-07-07 14:00:00+09:00,4150.0,4160.0,4120.0,4160.0,1319,0.0,0.0
2023-07-10 09:00:00+09:00,4140.0,4145.0,4080.0,4130.0,0,0.0,0.0
2023-07-10 10:00:00+09:00,4115.0,4135.0,4110.0,4135.0,1900,0.0,0.0
2023-07-10 11:00:00+09:00,4135.0,4135.0,4115.0,4135.0,344,0.0,0.0
2023-07-10 12:00:00+09:00,4135.0,4135.0,4130.0,4135.0,430,0.0,0.0
2023-07-10 13:00:00+09:00,4135.0,4140.0,4120.0,4140.0,1217,0.0,0.0
2023-07-10 14:00:00+09:00,4140.0,4140.0,4130.0,4135.0,861,0.0,0.0
2023-07-11 09:00:00+09:00,4115.0,4160.0,4115.0,4135.0,0,0.0,0.0
2023-07-11 10:00:00+09:00,4135.0,4150.0,4130.0,4140.0,1069,0.0,0.0
2023-07-11 11:00:00+09:00,4140.0,4150.0,4140.0,4150.0,620,0.0,0.0
2023-07-11 12:00:00+09:00,4150.0,4150.0,4140.0,4150.0,866,0.0,0.0
2023-07-11 13:00:00+09:00,4150.0,4150.0,4135.0,4145.0,1189,0.0,0.0
2023-07-11 14:00:00+09:00,4145.0,4160.0,4135.0,4150.0,2401,0.0,0.0
2023-07-12 09:00:00+09:00,4165.0,4195.0,4165.0,4180.0,0,0.0,0.0
2023-07-12 10:00:00+09:00,4180.0,4230.0,4170.0,4225.0,6733,0.0,0.0
2023-07-12 11:00:00+09:00,4200.0,4225.0,4180.0,4190.0,2457,0.0,0.0
2023-07-12 12:00:00+09:00,4190.0,4190.0,4180.0,4180.0,168,0.0,0.0
2023-07-12 13:00:00+09:00,4180.0,4185.0,4160.0,4180.0,2083,0.0,0.0
2023-07-12 14:00:00+09:00,4180.0,4180.0,4140.0,4180.0,2191,0.0,0.0
2023-07-13 09:00:00+09:00,4180.0,4200.0,4125.0,4180.0,21072,0.0,0.0
2023-07-13 10:00:00+09:00,4180.0,4195.0,4150.0,4190.0,4702,0.0,0.0
2023-07-13 11:00:00+09:00,4190.0,4190.0,4165.0,4180.0,1701,0.0,0.0
2023-07-13 12:00:00+09:00,4180.0,4180.0,4165.0,4175.0,1419,0.0,0.0
2023-07-13 13:00:00+09:00,4175.0,4175.0,4145.0,4175.0,3194,0.0,0.0
2023-07-13 14:00:00+09:00,4175.0,4175.0,4140.0,4160.0,2785,0.0,0.0
2023-07-14 09:00:00+09:00,4180.0,4185.0,4130.0,4130.0,0,0.0,0.0
2023-07-14 10:00:00+09:00,4145.0,4160.0,4130.0,4160.0,4353,0.0,0.0
2023-07-14 11:00:00+09:00,4160.0,4200.0,4135.0,4165.0,12270,0.0,0.0
2023-07-14 12:00:00+09:00,4165.0,4195.0,4165.0,4195.0,3223,0.0,0.0
2023-07-14 13:00:00+09:00,4190.0,4190.0,4155.0,4180.0,3527,0.0,0.0
2023-07-14 14:00:00+09:00,4180.0,4180.0,4160.0,4175.0,1769,0.0,0.0
2023-07-17 09:00:00+09:00,4150.0,4175.0,4135.0,4150.0,0,0.0,0.0
2023-07-17 10:00:00+09:00,4165.0,4355.0,4150.0,4295.0,79805,0.0,0.0
2023-07-17 11:00:00+09:00,4300.0,4320.0,4280.0,4285.0,19593,0.0,0.0
2023-07-17 12:00:00+09:00,4290.0,4360.0,4290.0,4325.0,27741,0.0,0.0
2023-07-17 13:00:00+09:00,4320.0,4330.0,4285.0,4315.0,16901,0.0,0.0
2023-07-17 14:00:00+09:00,4305.0,4315.0,4280.0,4300.0,16985,0.0,0.0
2023-07-18 09:00:00+09:00,4315.0,4360.0,4235.0,4260.0,40755,0.0,0.0
2023-07-18 10:00:00+09:00,4260.0,4320.0,4235.0,4295.0,9187,0.0,0.0
2023-07-18 11:00:00+09:00,4280.0,4295.0,4250.0,4265.0,8646,0.0,0.0
2023-07-18 12:00:00+09:00,4255.0,4270.0,4245.0,4270.0,6057,0.0,0.0
2023-07-18 13:00:00+09:00,4255.0,4270.0,4245.0,4265.0,4249,0.0,0.0
2023-07-18 14:00:00+09:00,4250.0,4265.0,4240.0,4260.0,5812,0.0,0.0
2023-07-19 09:00:00+09:00,4255.0,4255.0,4140.0,4175.0,16139,0.0,0.0
2023-07-19 10:00:00+09:00,4175.0,4180.0,4155.0,4170.0,1049,0.0,0.0
2023-07-19 11:00:00+09:00,4165.0,4175.0,4140.0,4165.0,8300,0.0,0.0
2023-07-19 12:00:00+09:00,4160.0,4190.0,4140.0,4180.0,2881,0.0,0.0
2023-07-19 13:00:00+09:00,4170.0,4170.0,4140.0,4170.0,3139,0.0,0.0
2023-07-19 14:00:00+09:00,4160.0,4170.0,4140.0,4160.0,2474,0.0,0.0
2023-07-20 09:00:00+09:00,4155.0,4155.0,4095.0,4105.0,13566,0.0,0.0
2023-07-20 10:00:00+09:00,4100.0,4125.0,4085.0,4100.0,9654,0.0,0.0
2023-07-20 11:00:00+09:00,4100.0,4110.0,4090.0,4105.0,2916,0.0,0.0
2023-07-20 12:00:00+09:00,4105.0,4130.0,4100.0,4130.0,1837,0.0,0.0
2023-07-20 13:00:00+09:00,4130.0,4150.0,4105.0,4130.0,4290,0.0,0.0
2023-07-20 14:00:00+09:00,4130.0,4135.0,4115.0,4125.0,965,0.0,0.0
2023-07-21 09:00:00+09:00,4100.0,4120.0,4080.0,4100.0,6169,0.0,0.0
2023-07-21 10:00:00+09:00,4095.0,4115.0,4085.0,4100.0,4055,0.0,0.0
2023-07-21 11:00:00+09:00,4100.0,4100.0,4080.0,4095.0,2635,0.0,0.0
2023-07-21 12:00:00+09:00,4095.0,4100.0,4085.0,4090.0,1212,0.0,0.0
2023-07-21 13:00:00+09:00,4090.0,4115.0,4080.0,4095.0,5557,0.0,0.0
2023-07-21 14:00:00+09:00,4095.0,4105.0,4080.0,4105.0,13197,0.0,0.0
2023-07-24 09:00:00+09:00,4080.0,4095.0,4025.0,4030.0,0,0.0,0.0
2023-07-24 10:00:00+09:00,4030.0,4030.0,4000.0,4020.0,15990,0.0,0.0
2023-07-24 11:00:00+09:00,4020.0,4025.0,3955.0,3960.0,18843,0.0,0.0
2023-07-24 12:00:00+09:00,3960.0,3980.0,3945.0,3975.0,11207,0.0,0.0
2023-07-24 13:00:00+09:00,3975.0,3975.0,3920.0,3965.0,23265,0.0,0.0
2023-07-24 14:00:00+09:00,3960.0,3975.0,3950.0,3975.0,2837,0.0,0.0
2023-07-25 09:00:00+09:00,3900.0,3940.0,3900.0,3940.0,25780,0.0,0.0
2023-07-25 10:00:00+09:00,3940.0,3940.0,3900.0,3900.0,8126,0.0,0.0
2023-07-25 11:00:00+09:00,3895.0,3895.0,3855.0,3875.0,13441,0.0,0.0
2023-07-25 12:00:00+09:00,3880.0,3900.0,3860.0,3900.0,5379,0.0,0.0
2023-07-25 13:00:00+09:00,3900.0,3900.0,3880.0,3885.0,4556,0.0,0.0
2023-07-25 14:00:00+09:00,3885.0,3885.0,3875.0,3885.0,3959,0.0,0.0
2023-07-26 09:00:00+09:00,3875.0,3875.0,3750.0,3750.0,52390,0.0,0.0
2023-07-26 10:00:00+09:00,3760.0,3770.0,3720.0,3730.0,22248,0.0,0.0
2023-07-26 11:00:00+09:00,3730.0,3730.0,3690.0,3690.0,20575,0.0,0.0
2023-07-26 12:00:00+09:00,3690.0,3705.0,3640.0,3660.0,19092,0.0,0.0
2023-07-26 13:00:00+09:00,3660.0,3685.0,3640.0,3650.0,5747,0.0,0.0
2023-07-26 14:00:00+09:00,3655.0,3695.0,3650.0,3660.0,12821,0.0,0.0
2023-07-27 09:00:00+09:00,3685.0,3880.0,3685.0,3825.0,6567,0.0,0.0
2023-07-27 10:00:00+09:00,3830.0,3835.0,3785.0,3820.0,1007,0.0,0.0
2023-07-27 11:00:00+09:00,3820.0,3830.0,3810.0,3810.0,1706,0.0,0.0
2023-07-27 12:00:00+09:00,3805.0,3805.0,3795.0,3805.0,2599,0.0,0.0
2023-07-27 13:00:00+09:00,3805.0,3805.0,3775.0,3800.0,2412,0.0,0.0
2023-07-27 14:00:00+09:00,3800.0,3800.0,3765.0,3765.0,3064,0.0,0.0
2023-07-28 09:00:00+09:00,3795.0,3795.0,3750.0,3770.0,12259,0.0,0.0
2023-07-28 10:00:00+09:00,3770.0,3790.0,3770.0,3790.0,0,0.0,0.0
2023-07-28 11:00:00+09:00,3790.0,3800.0,3780.0,3790.0,1000,0.0,0.0
2023-07-28 12:00:00+09:00,3790.0,3830.0,3780.0,3830.0,2409,0.0,0.0
2023-07-28 13:00:00+09:00,3835.0,3835.0,3830.0,3830.0,746,0.0,0.0
2023-07-28 14:00:00+09:00,3825.0,3875.0,3825.0,3870.0,2927,0.0,0.0
2023-07-31 09:00:00+09:00,3910.0,3940.0,3900.0,3940.0,0,0.0,0.0
2023-07-31 10:00:00+09:00,3940.0,3940.0,3925.0,3940.0,2347,0.0,0.0
2023-07-31 11:00:00+09:00,3935.0,3940.0,3900.0,3905.0,2138,0.0,0.0
2023-07-31 12:00:00+09:00,3910.0,3945.0,3910.0,3945.0,389,0.0,0.0
2023-07-31 13:00:00+09:00,3940.0,3945.0,3920.0,3940.0,371,0.0,0.0
2023-07-31 14:00:00+09:00,3925.0,4010.0,3920.0,4000.0,5442,0.0,0.0
2023-08-01 09:00:00+09:00,4000.0,4035.0,3995.0,4010.0,1459,0.0,0.0
2023-08-01 10:00:00+09:00,4015.0,4025.0,4000.0,4015.0,1410,0.0,0.0
2023-08-01 11:00:00+09:00,4015.0,4015.0,3950.0,3970.0,12546,0.0,0.0
2023-08-01 12:00:00+09:00,3960.0,3990.0,3960.0,3970.0,536,0.0,0.0
2023-08-01 13:00:00+09:00,3970.0,3985.0,3965.0,3965.0,1608,0.0,0.0
2023-08-01 14:00:00+09:00,3975.0,4015.0,3975.0,4005.0,4983,0.0,0.0
2023-08-02 09:00:00+09:00,4065.0,4100.0,4000.0,4055.0,6124,0.0,0.0
2023-08-02 10:00:00+09:00,4045.0,4045.0,4010.0,4010.0,801,0.0,0.0
2023-08-02 11:00:00+09:00,4010.0,4010.0,3900.0,3930.0,11597,0.0,0.0
2023-08-02 12:00:00+09:00,3930.0,3935.0,3900.0,3930.0,4942,0.0,0.0
2023-08-02 13:00:00+09:00,3930.0,3930.0,3900.0,3910.0,1024,0.0,0.0
2023-08-02 14:00:00+09:00,3900.0,3940.0,3900.0,3940.0,4103,0.0,0.0
2023-08-03 09:00:00+09:00,3870.0,3955.0,3870.0,3955.0,1898,0.0,0.0
2023-08-03 10:00:00+09:00,3955.0,3955.0,3885.0,3900.0,1198,0.0,0.0
2023-08-03 11:00:00+09:00,3900.0,3930.0,3880.0,3895.0,2234,0.0,0.0
2023-08-03 12:00:00+09:00,3885.0,3920.0,3880.0,3915.0,1694,0.0,0.0
2023-08-03 13:00:00+09:00,3910.0,3920.0,3900.0,3910.0,1343,0.0,0.0
2023-08-03 14:00:00+09:00,3910.0,3920.0,3905.0,3920.0,726,0.0,0.0
2023-08-04 09:00:00+09:00,3910.0,3955.0,3895.0,3940.0,5038,0.0,0.0
2023-08-04 10:00:00+09:00,3940.0,3945.0,3910.0,3925.0,131,0.0,0.0
2023-08-04 11:00:00+09:00,3930.0,3940.0,3920.0,3940.0,765,0.0,0.0
2023-08-04 12:00:00+09:00,3940.0,3945.0,3925.0,3940.0,639,0.0,0.0
2023-08-04 13:00:00+09:00,3940.0,3940.0,3930.0,3940.0,67,0.0,0.0
2023-08-04 14:00:00+09:00,3940.0,3940.0,3900.0,3925.0,5994,0.0,0.0
2023-08-07 09:00:00+09:00,3900.0,3920.0,3870.0,3915.0,0,0.0,0.0
2023-08-07 10:00:00+09:00,3910.0,3920.0,3910.0,3920.0,1026,0.0,0.0
2023-08-07 11:00:00+09:00,3915.0,3920.0,3910.0,3920.0,63,0.0,0.0
2023-08-07 12:00:00+09:00,3920.0,3920.0,3890.0,3900.0,1410,0.0,0.0
2023-08-07 13:00:00+09:00,3900.0,3900.0,3880.0,3890.0,579,0.0,0.0
2023-08-07 14:00:00+09:00,3890.0,3890.0,3875.0,3890.0,1116,0.0,0.0
2023-08-08 09:00:00+09:00,3870.0,3910.0,3870.0,3890.0,1758,0.0,0.0
2023-08-08 10:00:00+09:00,3890.0,3900.0,3880.0,3890.0,3194,0.0,0.0
2023-08-08 11:00:00+09:00,3890.0,3915.0,3880.0,3915.0,4834,0.0,0.0
2023-08-08 12:00:00+09:00,3915.0,3915.0,3910.0,3915.0,346,0.0,0.0
2023-08-08 13:00:00+09:00,3915.0,3915.0,3900.0,3900.0,968,0.0,0.0
2023-08-08 14:00:00+09:00,3890.0,3900.0,3885.0,3890.0,170,0.0,0.0
2023-08-09 09:00:00+09:00,3865.0,3895.0,3865.0,3890.0,300,0.0,0.0
2023-08-09 10:00:00+09:00,3895.0,3895.0,3890.0,3890.0,323,0.0,0.0
2023-08-09 11:00:00+09:00,3885.0,3890.0,3880.0,3890.0,306,0.0,0.0
2023-08-09 12:00:00+09:00,3890.0,3895.0,3880.0,3890.0,494,0.0,0.0
2023-08-09 13:00:00+09:00,3890.0,3895.0,3880.0,3895.0,130,0.0,0.0
2023-08-09 14:00:00+09:00,3895.0,3895.0,3895.0,3895.0,39,0.0,0.0
2023-08-10 09:00:00+09:00,3885.0,3890.0,3850.0,3865.0,2387,0.0,0.0
2023-08-10 10:00:00+09:00,3870.0,3890.0,3865.0,3880.0,1764,0.0,0.0
2023-08-10 11:00:00+09:00,3890.0,3905.0,3890.0,3905.0,150,0.0,0.0
2023-08-10 12:00:00+09:00,3905.0,3905.0,3895.0,3895.0,199,0.0,0.0
2023-08-10 13:00:00+09:00,3895.0,3895.0,3890.0,3890.0,194,0.0,0.0
2023-08-10 14:00:00+09:00,3890.0,3895.0,3890.0,3895.0,241,0.0,0.0
2023-08-11 09:00:00+09:00,3910.0,3945.0,3890.0,3920.0,2670,0.0,0.0
2023-08-11 10:00:00+09:00,3920.0,3935.0,3920.0,3930.0,109,0.0,0.0
2023-08-11 11:00:00+09:00,3925.0,3930.0,3915.0,3925.0,751,0.0,0.0
2023-08-11 12:00:00+09:00,3920.0,3925.0,3915.0,3925.0,104,0.0,0.0
2023-08-11 13:00:00+09:00,3920.0,3925.0,3900.0,3900.0,1814,0.0,0.0
2023-08-11 14:00:00+09:00,3900.0,3900.0,3895.0,3900.0,958,0.0,0.0
2023-08-14 09:00:00+09:00,3930.0,3930.0,3895.0,3900.0,0,0.0,0.0
2023-08-14 10:00:00+09:00,3895.0,3910.0,3890.0,3890.0,1479,0.0,0.0
2023-08-14 11:00:00+09:00,3910.0,3910.0,3875.0,3890.0,1013,0.0,0.0
2023-08-14 12:00:00+09:00,3890.0,3910.0,3880.0,3880.0,661,0.0,0.0
2023-08-14 13:00:00+09:00,3880.0,3905.0,3860.0,3895.0,2335,0.0,0.0
2023-08-14 14:00:00+09:00,3875.0,3895.0,3860.0,3895.0,382,0.0,0.0
2023-08-16 09:00:00+09:00,3820.0,3860.0,3775.0,3800.0,14352,0.0,0.0
2023-08-16 10:00:00+09:00,3800.0,3820.0,3785.0,3790.0,11,0.0,0.0
2023-08-16 11:00:00+09:00,3790.0,3795.0,3780.0,3795.0,2878,0.0,0.0
2023-08-16 12:00:00+09:00,3790.0,3800.0,3780.0,3800.0,2914,0.0,0.0
2023-08-16 13:00:00+09:00,3800.0,3800.0,3785.0,3790.0,2063,0.0,0.0
2023-08-16 14:00:00+09:00,3785.0,3790.0,3780.0,3785.0,1846,0.0,0.0
2023-08-17 09:00:00+09:00,3755.0,3800.0,3700.0,3730.0,12493,0.0,0.0
2023-08-17 10:00:00+09:00,3730.0,3745.0,3695.0,3735.0,6556,0.0,0.0
2023-08-17 11:00:00+09:00,3730.0,3745.0,3695.0,3730.0,2255,0.0,0.0
2023-08-17 12:00:00+09:00,3730.0,3765.0,3730.0,3760.0,3002,0.0,0.0
2023-08-17 13:00:00+09:00,3760.0,3765.0,3710.0,3730.0,5710,0.0,0.0
2023-08-17 14:00:00+09:00,3730.0,3755.0,3730.0,3745.0,1284,0.0,0.0
2023-08-18 09:00:00+09:00,3725.0,3745.0,3700.0,3710.0,4936,0.0,0.0
2023-08-18 10:00:00+09:00,3710.0,3715.0,3680.0,3695.0,6803,0.0,0.0
2023-08-18 11:00:00+09:00,3685.0,3695.0,3655.0,3665.0,14355,0.0,0.0
2023-08-18 12:00:00+09:00,3670.0,3690.0,3670.0,3680.0,82,0.0,0.0
2023-08-18 13:00:00+09:00,3680.0,3680.0,3645.0,3645.0,10214,0.0,0.0
2023-08-18 14:00:00+09:00,3675.0,3675.0,3645.0,3655.0,3573,0.0,0.0
2023-08-21 09:00:00+09:00,3655.0,3760.0,3655.0,3700.0,0,0.0,0.0
2023-08-21 10:00:00+09:00,3695.0,3720.0,3685.0,3705.0,7977,0.0,0.0
2023-08-21 11:00:00+09:00,3700.0,3710.0,3685.0,3705.0,6325,0.0,0.0
2023-08-21 12:00:00+09:00,3705.0,3740.0,3705.0,3735.0,4154,0.0,0.0
2023-08-21 13:00:00+09:00,3735.0,3735.0,3700.0,3730.0,3582,0.0,0.0
2023-08-21 14:00:00+09:00,3730.0,3735.0,3720.0,3720.0,936,0.0,0.0
2023-08-22 09:00:00+09:00,3715.0,3760.0,3715.0,3715.0,2553,0.0,0.0
2023-08-22 10:00:00+09:00,3720.0,3735.0,3715.0,3735.0,3245,0.0,0.0
2023-08-22 11:00:00+09:00,3730.0,3740.0,3730.0,3740.0,1961,0.0,0.0
2023-08-22 12:00:00+09:00,3740.0,3745.0,3740.0,3740.0,875,0.0,0.0
2023-08-22 13:00:00+09:00,3740.0,3745.0,3720.0,3745.0,165,0.0,0.0
2023-08-22 14:00:00+09:00,3740.0,3745.0,3720.0,3740.0,1471,0.0,0.0
2023-08-23 09:00:00+09:00,3715.0,3755.0,3715.0,3740.0,0,0.0,0.0
2023-08-23 10:00:00+09:00,3740.0,3745.0,3715.0,3745.0,2403,0.0,0.0
2023-08-23 11:00:00+09:00,3720.0,3745.0,3715.0,3745.0,3251,0.0,0.0
2023-08-23 12:00:00+09:00,3745.0,3745.0,3735.0,3745.0,1401,0.0,0.0
2023-08-23 13:00:00+09:00,3730.0,3750.0,3725.0,3750.0,3154,0.0,0.0
2023-08-23 14:00:00+09:00,3750.0,3755.0,3745.0,3750.0,484,0.0,0.0
2023-08-24 09:00:00+09:00,3720.0,3785.0,3720.0,3780.0,1209,0.0,0.0
2023-08-24 10:00:00+09:00,3780.0,3805.0,3765.0,3800.0,2038,0.0,0.0
2023-08-24 11:00:00+09:00,3795.0,3805.0,3790.0,3800.0,4446,0.0,0.0
2023-08-24 12:00:00+09:00,3800.0,3800.0,3780.0,3795.0,2150,0.0,0.0
2023-08-24 13:00:00+09:00,3780.0,3780.0,3745.0,3780.0,1004,0.0,0.0
2023-08-24 14:00:00+09:00,3770.0,3785.0,3770.0,3785.0,503,0.0,0.0
2023-08-25 09:00:00+09:00,3765.0,3850.0,3765.0,3815.0,2601,0.0,0.0
2023-08-25 10:00:00+09:00,3805.0,3815.0,3785.0,3815.0,1433,0.0,0.0
2023-08-25 11:00:00+09:00,3810.0,3810.0,3795.0,3810.0,15,0.0,0.0
2023-08-25 12:00:00+09:00,3800.0,3800.0,3770.0,3770.0,772,0.0,0.0
2023-08-25 13:00:00+09:00,3795.0,3795.0,3775.0,3775.0,64,0.0,0.0
2023-08-25 14:00:00+09:00,3770.0,3785.0,3750.0,3770.0,900,0.0,0.0
2023-08-28 09:00:00+09:00,3770.0,3815.0,3770.0,3815.0,0,0.0,0.0
2023-08-28 10:00:00+09:00,3795.0,3810.0,3785.0,3805.0,593,0.0,0.0
2023-08-28 11:00:00+09:00,3805.0,3805.0,3800.0,3805.0,113,0.0,0.0
2023-08-28 12:00:00+09:00,3805.0,3830.0,3780.0,3830.0,5370,0.0,0.0
2023-08-28 13:00:00+09:00,3820.0,3830.0,3820.0,3830.0,350,0.0,0.0
2023-08-28 14:00:00+09:00,3830.0,3830.0,3820.0,3825.0,820,0.0,0.0
2023-08-29 09:00:00+09:00,3815.0,3870.0,3815.0,3860.0,1751,0.0,0.0
2023-08-29 10:00:00+09:00,3850.0,3860.0,3850.0,3860.0,727,0.0,0.0
2023-08-29 11:00:00+09:00,3860.0,3860.0,3830.0,3835.0,4841,0.0,0.0
2023-08-29 12:00:00+09:00,3845.0,3870.0,3845.0,3870.0,1223,0.0,0.0
2023-08-29 13:00:00+09:00,3870.0,3885.0,3865.0,3880.0,6564,0.0,0.0
2023-08-29 14:00:00+09:00,3870.0,3870.0,3865.0,3870.0,276,0.0,0.0
2023-08-30 09:00:00+09:00,3890.0,3900.0,3885.0,3895.0,156,0.0,0.0
2023-08-30 10:00:00+09:00,3890.0,3890.0,3880.0,3880.0,678,0.0,0.0
2023-08-30 11:00:00+09:00,3880.0,3885.0,3875.0,3875.0,917,0.0,0.0
2023-08-30 12:00:00+09:00,3880.0,3880.0,3850.0,3870.0,5058,0.0,0.0
2023-08-30 13:00:00+09:00,3870.0,3870.0,3850.0,3855.0,1633,0.0,0.0
2023-08-30 14:00:00+09:00,3870.0,3890.0,3865.0,3890.0,3847,0.0,0.0
2023-08-31 09:00:00+09:00,3945.0,3945.0,3885.0,3900.0,4463,0.0,0.0
2023-08-31 10:00:00+09:00,3900.0,3905.0,3885.0,3885.0,2422,0.0,0.0
2023-08-31 11:00:00+09:00,3885.0,3900.0,3880.0,3895.0,1166,0.0,0.0
2023-08-31 12:00:00+09:00,3885.0,3885.0,3875.0,3875.0,266,0.0,0.0
2023-08-31 13:00:00+09:00,3880.0,3885.0,3855.0,3880.0,5508,0.0,0.0
2023-08-31 14:00:00+09:00,3880.0,3880.0,3855.0,3860.0,371,0.0,0.0
2023-09-01 09:00:00+09:00,3890.0,3915.0,3865.0,3915.0,4737,0.0,0.0
2023-09-01 10:00:00+09:00,3910.0,3925.0,3870.0,3895.0,4230,0.0,0.0
2023-09-01 11:00:00+09:00,3920.0,3930.0,3915.0,3915.0,1730,0.0,0.0
2023-09-01 12:00:00+09:00,3930.0,3940.0,3915.0,3935.0,1351,0.0,0.0
2023-09-01 13:00:00+09:00,3935.0,3940.0,3905.0,3935.0,884,0.0,0.0
2023-09-01 14:00:00+09:00,3930.0,3935.0,3890.0,3920.0,3656,0.0,0.0
2023-09-04 09:00:00+09:00,3945.0,3960.0,3880.0,3920.0,0,0.0,0.0
2023-09-04 10:00:00+09:00,3900.0,3915.0,3890.0,3890.0,697,0.0,0.0
2023-09-04 11:00:00+09:00,3895.0,3915.0,3885.0,3905.0,634,0.0,0.0
2023-09-04 12:00:00+09:00,3900.0,3905.0,3890.0,3905.0,426,0.0,0.0
2023-09-04 13:00:00+09:00,3905.0,3905.0,3890.0,3905.0,174,0.0,0.0
2023-09-04 14:00:00+09:00,3890.0,3910.0,3885.0,3900.0,2196,0.0,0.0
2023-09-05 09:00:00+09:00,3910.0,3950.0,3885.0,3890.0,5609,0.0,0.0
2023-09-05 10:00:00+09:00,3885.0,3885.0,3850.0,3885.0,3478,0.0,0.0
2023-09-05 11:00:00+09:00,3885.0,3905.0,3880.0,3900.0,2731,0.0,0.0
2023-09-05 12:00:00+09:00,3900.0,3905.0,3880.0,3905.0,4218,0.0,0.0
2023-09-05 13:00:00+09:00,3900.0,3900.0,3885.0,3890.0,373,0.0,0.0
2023-09-05 14:00:00+09:00,3880.0,3890.0,3860.0,3865.0,1343,0.0,0.0
2023-09-06 09:00:00+09:00,3870.0,3915.0,3870.0,3895.0,2106,0.0,0.0
2023-09-06 10:00:00+09:00,3890.0,3895.0,3870.0,3885.0,3512,0.0,0.0
2023-09-06 11:00:00+09:00,3885.0,3900.0,3870.0,3880.0,3944,0.0,0.0
2023-09-06 12:00:00+09:00,3880.0,3895.0,3870.0,3890.0,424,0.0,0.0
2023-09-06 13:00:00+09:00,3870.0,3895.0,3865.0,3890.0,777,0.0,0.0
2023-09-06 14:00:00+09:00,3890.0,3890.0,3865.0,3890.0,2594,0.0,0.0
2023-09-07 09:00:00+09:00,3890.0,3915.0,3890.0,3895.0,834,0.0,0.0
2023-09-07 10:00:00+09:00,3895.0,3915.0,3850.0,3855.0,9689,0.0,0.0
2023-09-07 11:00:00+09:00,3855.0,3875.0,3850.0,3875.0,7310,0.0,0.0
2023-09-07 12:00:00+09:00,3860.0,3875.0,3860.0,3865.0,2014,0.0,0.0
2023-09-07 13:00:00+09:00,3865.0,3880.0,3860.0,3880.0,4394,0.0,0.0
2023-09-07 14:00:00+09:00,3875.0,3900.0,3875.0,3900.0,647,0.0,0.0
2023-09-08 09:00:00+09:00,3890.0,3940.0,3865.0,3900.0,2701,0.0,0.0
2023-09-08 10:00:00+09:00,3900.0,3900.0,3875.0,3900.0,2228,0.0,0.0
2023-09-08 11:00:00+09:00,3900.0,3900.0,3880.0,3900.0,788,0.0,0.0
2023-09-08 12:00:00+09:00,3900.0,3900.0,3885.0,3900.0,208,0.0,0.0
2023-09-08 13:00:00+09:00,3900.0,3945.0,3890.0,3935.0,16572,0.0,0.0
2023-09-08 14:00:00+09:00,3925.0,3950.0,3920.0,3950.0,4529,0.0,0.0
2023-09-11 09:00:00+09:00,3945.0,3955.0,3905.0,3905.0,0,0.0,0.0
2023-09-11 10:00:00+09:00,3930.0,3935.0,3930.0,3935.0,216,0.0,0.0
2023-09-11 11:00:00+09:00,3925.0,3950.0,3910.0,3950.0,1117,0.0,0.0
2023-09-11 12:00:00+09:00,3950.0,3965.0,3940.0,3950.0,706,0.0,0.0
2023-09-11 13:00:00+09:00,3950.0,3995.0,3950.0,3990.0,2716,0.0,0.0
2023-09-11 14:00:00+09:00,3985.0,3985.0,3965.0,3980.0,140,0.0,0.0
2023-09-12 09:00:00+09:00,3980.0,4010.0,3965.0,4005.0,6278,0.0,0.0
2023-09-12 10:00:00+09:00,4000.0,4000.0,3965.0,3970.0,1489,0.0,0.0
2023-09-12 11:00:00+09:00,3970.0,3990.0,3965.0,3975.0,1863,0.0,0.0
2023-09-12 12:00:00+09:00,3960.0,3975.0,3950.0,3950.0,3187,0.0,0.0
2023-09-12 13:00:00+09:00,3975.0,3975.0,3940.0,3940.0,254,0.0,0.0
2023-09-12 14:00:00+09:00,3935.0,3970.0,3915.0,3965.0,2114,0.0,0.0
2023-09-13 09:00:00+09:00,3975.0,3975.0,3930.0,3935.0,1954,0.0,0.0
2023-09-13 10:00:00+09:00,3930.0,3935.0,3910.0,3935.0,4402,0.0,0.0
2023-09-13 11:00:00+09:00,3960.0,3960.0,3910.0,3955.0,2135,0.0,0.0
2023-09-13 12:00:00+09:00,3950.0,3955.0,3920.0,3950.0,300,0.0,0.0
2023-09-13 13:00:00+09:00,3950.0,3950.0,3915.0,3935.0,214,0.0,0.0
2023-09-13 14:00:00+09:00,3935.0,3935.0,3895.0,3920.0,4359,0.0,0.0
2023-09-14 09:00:00+09:00,3920.0,3925.0,3870.0,3910.0,3108,0.0,0.0
2023-09-14 10:00:00+09:00,3900.0,3905.0,3890.0,3895.0,880,0.0,0.0
2023-09-14 11:00:00+09:00,3895.0,3895.0,3875.0,3895.0,545,0.0,0.0
2023-09-14 12:00:00+09:00,3890.0,3895.0,3880.0,3885.0,692,0.0,0.0
2023-09-14 13:00:00+09:00,3885.0,3905.0,3870.0,3900.0,2108,0.0,0.0
2023-09-14 14:00:00+09:00,3900.0,3900.0,3870.0,3870.0,979,0.0,0.0
2023-09-15 09:00:00+09:00,3900.0,3900.0,3870.0,3900.0,967,0.0,0.0
2023-09-15 10:00:00+09:00,3900.0,3900.0,3900.0,3900.0,52,0.0,0.0
2023-09-15 11:00:00+09:00,3890.0,3900.0,3885.0,3900.0,1187,0.0,0.0
2023-09-15 12:00:00+09:00,3900.0,3900.0,3890.0,3895.0,294,0.0,0.0
2023-09-15 13:00:00+09:00,3895.0,3900.0,3890.0,3895.0,728,0.0,0.0
2023-09-15 14:00:00+09:00,3890.0,3915.0,3875.0,3895.0,6028,0.0,0.0
2023-09-18 09:00:00+09:00,3895.0,3905.0,3890.0,3905.0,0,0.0,0.0
2023-09-18 10:00:00+09:00,3895.0,3905.0,3870.0,3905.0,3576,0.0,0.0
2023-09-18 11:00:00+09:00,3905.0,3905.0,3880.0,3900.0,1278,0.0,0.0
2023-09-18 12:00:00+09:00,3900.0,3905.0,3885.0,3890.0,939,0.0,0.0
2023-09-18 13:00:00+09:00,3885.0,3890.0,3880.0,3885.0,2456,0.0,0.0
2023-09-18 14:00:00+09:00,3885.0,3890.0,3885.0,3890.0,163,0.0,0.0
2023-09-19 09:00:00+09:00,3940.0,3940.0,3705.0,3920.0,21308,0.0,0.0
2023-09-19 10:00:00+09:00,3920.0,3925.0,3890.0,3890.0,175,0.0,0.0
2023-09-19 11:00:00+09:00,3920.0,3920.0,3900.0,3915.0,150,0.0,0.0
2023-09-19 12:00:00+09:00,3915.0,3920.0,3880.0,3915.0,229,0.0,0.0
2023-09-19 13:00:00+09:00,3890.0,3915.0,3890.0,3910.0,15,0.0,0.0
2023-09-19 14:00:00+09:00,3910.0,3915.0,3900.0,3915.0,366,0.0,0.0
2023-09-20 09:00:00+09:00,3925.0,3925.0,3900.0,3905.0,707,0.0,0.0
2023-09-20 10:00:00+09:00,3900.0,3915.0,3890.0,3915.0,1264,0.0,0.0
2023-09-20 11:00:00+09:00,3915.0,3945.0,3905.0,3935.0,4101,0.0,0.0
2023-09-20 12:00:00+09:00,3930.0,3930.0,3910.0,3910.0,476,0.0,0.0
2023-09-20 13:00:00+09:00,3910.0,3940.0,3910.0,3920.0,402,0.0,0.0
2023-09-20 14:00:00+09:00,3925.0,3935.0,3910.0,3915.0,882,0.0,0.0
2023-09-21 09:00:00+09:00,3900.0,3910.0,3880.0,3880.0,756,0.0,0.0
2023-09-21 10:00:00+09:00,3875.0,3880.0,3845.0,3865.0,3627,0.0,0.0
2023-09-21 11:00:00+09:00,3875.0,3880.0,3865.0,3870.0,120,0.0,0.0
2023-09-21 12:00:00+09:00,3880.0,3880.0,3855.0,3860.0,2758,0.0,0.0
2023-09-21 13:00:00+09:00,3855.0,3870.0,3850.0,3860.0,559,0.0,0.0
2023-09-21 14:00:00+09:00,3850.0,3850.0,3810.0,3825.0,7487,0.0,0.0
2023-09-22 09:00:00+09:00,3845.0,3870.0,3815.0,3835.0,1454,0.0,0.0
2023-09-22 10:00:00+09:00,3835.0,3855.0,3825.0,3845.0,1572,0.0,0.0
2023-09-22 11:00:00+09:00,3825.0,3845.0,3825.0,3845.0,265,0.0,0.0
2023-09-22 12:00:00+09:00,3825.0,3845.0,3820.0,3840.0,336,0.0,0.0
2023-09-22 13:00:00+09:00,3820.0,3845.0,3815.0,3825.0,1134,0.0,0.0
2023-09-22 14:00:00+09:00,3815.0,3840.0,3810.0,3825.0,2100,0.0,0.0
2023-09-25 09:00:00+09:00,3840.0,3850.0,3825.0,3840.0,0,0.0,0.0
2023-09-25 10:00:00+09:00,3830.0,3845.0,3815.0,3835.0,478,0.0,0.0
2023-09-25 11:00:00+09:00,3815.0,3835.0,3800.0,3800.0,756,0.0,0.0
2023-09-25 12:00:00+09:00,3815.0,3820.0,3805.0,3815.0,322,0.0,0.0
2023-09-25 13:00:00+09:00,3805.0,3820.0,3795.0,3795.0,659,0.0,0.0
2023-09-25 14:00:00+09:00,3805.0,3805.0,3785.0,3785.0,1450,0.0,0.0
2023-09-26 09:00:00+09:00,3780.0,3850.0,3765.0,3780.0,3725,0.0,0.0
2023-09-26 10:00:00+09:00,3780.0,3785.0,3770.0,3780.0,1040,0.0,0.0
2023-09-26 11:00:00+09:00,3775.0,3775.0,3760.0,3770.0,1515,0.0,0.0
2023-09-26 12:00:00+09:00,3770.0,3780.0,3755.0,3755.0,5025,0.0,0.0
2023-09-26 13:00:00+09:00,3755.0,3775.0,3745.0,3765.0,2277,0.0,0.0
2023-09-26 14:00:00+09:00,3765.0,3765.0,3750.0,3765.0,115,0.0,0.0
2023-09-27 09:00:00+09:00,3795.0,3795.0,3760.0,3780.0,0,0.0,0.0
2023-09-27 10:00:00+09:00,3785.0,3785.0,3720.0,3785.0,3524,0.0,0.0
2023-09-27 11:00:00+09:00,3780.0,3785.0,3730.0,3760.0,758,0.0,0.0
2023-09-27 12:00:00+09:00,3750.0,3750.0,3720.0,3740.0,109,0.0,0.0
2023-09-27 13:00:00+09:00,3740.0,3760.0,3740.0,3760.0,1006,0.0,0.0
2023-09-27 14:00:00+09:00,3750.0,3775.0,3750.0,3770.0,405,0.0,0.0
2023-10-04 09:00:00+09:00,3800.0,3800.0,3715.0,3735.0,0,0.0,0.0
2023-10-04 10:00:00+09:00,3730.0,3735.0,3715.0,3725.0,1910,0.0,0.0
2023-10-04 11:00:00+09:00,3725.0,3735.0,3715.0,3735.0,838,0.0,0.0
2023-10-04 12:00:00+09:00,3720.0,3800.0,3720.0,3795.0,1885,0.0,0.0
2023-10-04 13:00:00+09:00,3775.0,3795.0,3750.0,3785.0,536,0.0,0.0
2023-10-04 14:00:00+09:00,3785.0,3785.0,3740.0,3755.0,547,0.0,0.0
2023-10-05 09:00:00+09:00,3700.0,3790.0,3700.0,3760.0,5178,0.0,0.0
2023-10-05 10:00:00+09:00,3760.0,3760.0,3745.0,3750.0,0,0.0,0.0
2023-10-05 11:00:00+09:00,3745.0,3745.0,3745.0,3745.0,25,0.0,0.0
2023-10-05 12:00:00+09:00,3745.0,3750.0,3740.0,3750.0,672,0.0,0.0
2023-10-05 13:00:00+09:00,3750.0,3755.0,3750.0,3755.0,145,0.0,0.0
2023-10-05 14:00:00+09:00,3755.0,3755.0,3730.0,3745.0,275,0.0,0.0
2023-10-06 09:00:00+09:00,3680.0,3765.0,3680.0,3740.0,1782,0.0,0.0
2023-10-06 10:00:00+09:00,3740.0,3765.0,3740.0,3755.0,469,0.0,0.0
2023-10-06 11:00:00+09:00,3755.0,3765.0,3755.0,3765.0,647,0.0,0.0
2023-10-06 12:00:00+09:00,3765.0,3775.0,3745.0,3760.0,1242,0.0,0.0
2023-10-06 13:00:00+09:00,3760.0,3770.0,3760.0,3770.0,135,0.0,0.0
2023-10-06 14:00:00+09:00,3770.0,3770.0,3760.0,3770.0,131,0.0,0.0
2023-10-10 09:00:00+09:00,3725.0,3780.0,3725.0,3770.0,0,0.0,0.0
2023-10-10 10:00:00+09:00,3765.0,3770.0,3760.0,3770.0,254,0.0,0.0
2023-10-10 11:00:00+09:00,3770.0,3770.0,3760.0,3770.0,164,0.0,0.0
2023-10-10 12:00:00+09:00,3770.0,3770.0,3740.0,3765.0,306,0.0,0.0
2023-10-10 13:00:00+09:00,3740.0,3765.0,3740.0,3765.0,277,0.0,0.0
2023-10-10 14:00:00+09:00,3755.0,3765.0,3725.0,3760.0,578,0.0,0.0
2023-10-11 09:00:00+09:00,3705.0,3765.0,3700.0,3745.0,1407,0.0,0.0
2023-10-11 10:00:00+09:00,3745.0,3765.0,3745.0,3765.0,481,0.0,0.0
2023-10-11 11:00:00+09:00,3760.0,3765.0,3750.0,3765.0,52,0.0,0.0
2023-10-11 12:00:00+09:00,3765.0,3765.0,3735.0,3760.0,368,0.0,0.0
2023-10-11 13:00:00+09:00,3735.0,3755.0,3730.0,3745.0,1156,0.0,0.0
2023-10-11 14:00:00+09:00,3745.0,3770.0,3745.0,3770.0,480,0.0,0.0
2023-10-12 09:00:00+09:00,3755.0,3775.0,3750.0,3770.0,794,0.0,0.0
2023-10-12 10:00:00+09:00,3770.0,3770.0,3730.0,3760.0,1340,0.0,0.0
2023-10-12 11:00:00+09:00,3760.0,3760.0,3755.0,3755.0,247,0.0,0.0
2023-10-12 12:00:00+09:00,3750.0,3760.0,3740.0,3760.0,820,0.0,0.0
2023-10-12 13:00:00+09:00,3760.0,3765.0,3750.0,3765.0,1442,0.0,0.0
2023-10-12 14:00:00+09:00,3765.0,3770.0,3755.0,3755.0,1774,0.0,0.0
2023-10-13 09:00:00+09:00,3755.0,3760.0,3725.0,3745.0,2125,0.0,0.0
2023-10-13 10:00:00+09:00,3745.0,3755.0,3740.0,3745.0,517,0.0,0.0
2023-10-13 11:00:00+09:00,3745.0,3750.0,3740.0,3745.0,178,0.0,0.0
2023-10-13 12:00:00+09:00,3745.0,3750.0,3740.0,3740.0,486,0.0,0.0
2023-10-13 13:00:00+09:00,3745.0,3750.0,3735.0,3745.0,414,0.0,0.0
2023-10-13 14:00:00+09:00,3745.0,3745.0,3725.0,3740.0,999,0.0,0.0
2023-10-16 09:00:00+09:00,3725.0,4095.0,3715.0,3735.0,71985,0.0,0.0
2023-10-16 10:00:00+09:00,3735.0,3755.0,3725.0,3750.0,5647,0.0,0.0
2023-10-16 11:00:00+09:00,3750.0,3770.0,3745.0,3770.0,2649,0.0,0.0
2023-10-16 12:00:00+09:00,3765.0,3765.0,3730.0,3740.0,3008,0.0,0.0
2023-10-16 13:00:00+09:00,3740.0,3745.0,3725.0,3730.0,2115,0.0,0.0
2023-10-16 14:00:00+09:00,3745.0,3745.0,3730.0,3740.0,3822,0.0,0.0
2023-10-17 09:00:00+09:00,3720.0,3780.0,3720.0,3765.0,2077,0.0,0.0
2023-10-17 10:00:00+09:00,3760.0,3795.0,3760.0,3790.0,3091,0.0,0.0
2023-10-17 11:00:00+09:00,3785.0,3785.0,3760.0,3770.0,955,0.0,0.0
2023-10-17 12:00:00+09:00,3760.0,3790.0,3760.0,3790.0,535,0.0,0.0
2023-10-17 13:00:00+09:00,3790.0,3795.0,3780.0,3795.0,551,0.0,0.0
2023-10-17 14:00:00+09:00,3795.0,3795.0,3780.0,3795.0,668,0.0,0.0
2023-10-18 09:00:00+09:00,3790.0,3790.0,3740.0,3785.0,3254,0.0,0.0
2023-10-18 10:00:00+09:00,3775.0,3785.0,3740.0,3775.0,1476,0.0,0.0
2023-10-18 11:00:00+09:00,3770.0,3775.0,3760.0,3775.0,1955,0.0,0.0
2023-10-18 12:00:00+09:00,3770.0,3775.0,3760.0,3770.0,97,0.0,0.0
2023-10-18 13:00:00+09:00,3765.0,3765.0,3750.0,3760.0,600,0.0,0.0
2023-10-18 14:00:00+09:00,3760.0,3770.0,3750.0,3765.0,1955,0.0,0.0
2023-10-19 09:00:00+09:00,3765.0,3765.0,3685.0,3725.0,9247,0.0,0.0
2023-10-19 10:00:00+09:00,3725.0,3725.0,3675.0,3685.0,15411,0.0,0.0
2023-10-19 11:00:00+09:00,3685.0,3700.0,3670.0,3675.0,2068,0.0,0.0
2023-10-19 12:00:00+09:00,3675.0,3685.0,3675.0,3675.0,528,0.0,0.0
2023-10-19 13:00:00+09:00,3680.0,3685.0,3625.0,3650.0,5603,0.0,0.0
2023-10-19 14:00:00+09:00,3650.0,3670.0,3625.0,3635.0,2873,0.0,0.0
2023-10-20 09:00:00+09:00,3620.0,3655.0,3535.0,3555.0,20110,0.0,0.0
2023-10-20 10:00:00+09:00,3555.0,3570.0,3540.0,3565.0,1028,0.0,0.0
2023-10-20 11:00:00+09:00,3570.0,3575.0,3535.0,3565.0,2004,0.0,0.0
2023-10-20 12:00:00+09:00,3565.0,3570.0,3535.0,3570.0,8301,0.0,0.0
2023-10-20 13:00:00+09:00,3570.0,3580.0,3565.0,3580.0,3231,0.0,0.0
2023-10-20 14:00:00+09:00,3580.0,3580.0,3545.0,3545.0,3654,0.0,0.0
2023-10-23 09:00:00+09:00,3520.0,3610.0,3520.0,3565.0,0,0.0,0.0
2023-10-23 10:00:00+09:00,3570.0,3585.0,3565.0,3565.0,2202,0.0,0.0
2023-10-23 11:00:00+09:00,3565.0,3565.0,3565.0,3565.0,542,0.0,0.0
2023-10-23 12:00:00+09:00,3565.0,3565.0,3555.0,3555.0,450,0.0,0.0
2023-10-23 13:00:00+09:00,3555.0,3565.0,3550.0,3565.0,806,0.0,0.0
2023-10-23 14:00:00+09:00,3565.0,3565.0,3530.0,3530.0,2223,0.0,0.0
2023-10-24 09:00:00+09:00,3545.0,3585.0,3530.0,3550.0,959,0.0,0.0
2023-10-24 10:00:00+09:00,3550.0,3550.0,3500.0,3525.0,5821,0.0,0.0
2023-10-24 11:00:00+09:00,3525.0,3535.0,3525.0,3525.0,893,0.0,0.0
2023-10-24 12:00:00+09:00,3530.0,3550.0,3530.0,3545.0,1199,0.0,0.0
2023-10-24 13:00:00+09:00,3550.0,3555.0,3550.0,3555.0,701,0.0,0.0
2023-10-24 14:00:00+09:00,3555.0,3570.0,3555.0,3570.0,872,0.0,0.0
2023-10-25 09:00:00+09:00,3545.0,4140.0,3535.0,4105.0,1043918,0.0,0.0
2023-10-25 10:00:00+09:00,4105.0,4245.0,4030.0,4155.0,2479780,0.0,0.0
2023-10-25 11:00:00+09:00,4155.0,4280.0,3855.0,3910.0,2466420,0.0,0.0
2023-10-25 12:00:00+09:00,3920.0,3955.0,3690.0,3695.0,530791,0.0,0.0
2023-10-25 13:00:00+09:00,3695.0,3705.0,3570.0,3620.0,411221,0.0,0.0
2023-10-25 14:00:00+09:00,3615.0,3685.0,3605.0,3620.0,146828,0.0,0.0
2023-10-26 09:00:00+09:00,3550.0,3550.0,3325.0,3345.0,269848,0.0,0.0
2023-10-26 10:00:00+09:00,3345.0,3370.0,3330.0,3340.0,39246,0.0,0.0
2023-10-26 11:00:00+09:00,3340.0,3360.0,3335.0,3355.0,21712,0.0,0.0
2023-10-26 12:00:00+09:00,3350.0,3355.0,3330.0,3350.0,16021,0.0,0.0
2023-10-26 13:00:00+09:00,3345.0,3365.0,3340.0,3345.0,15228,0.0,0.0
2023-10-26 14:00:00+09:00,3345.0,3355.0,3290.0,3330.0,59119,0.0,0.0
2023-10-27 09:00:00+09:00,3310.0,3340.0,3245.0,3260.0,41407,0.0,0.0
2023-10-27 10:00:00+09:00,3260.0,3285.0,3235.0,3280.0,27084,0.0,0.0
2023-10-27 11:00:00+09:00,3280.0,3295.0,3255.0,3275.0,11050,0.0,0.0
2023-10-27 12:00:00+09:00,3285.0,3290.0,3250.0,3250.0,12050,0.0,0.0
2023-10-27 13:00:00+09:00,3260.0,3260.0,3225.0,3230.0,42041,0.0,0.0
2023-10-27 14:00:00+09:00,3230.0,3240.0,3120.0,3155.0,91601,0.0,0.0
2023-10-30 09:00:00+09:00,3120.0,3160.0,3120.0,3130.0,0,0.0,0.0
2023-10-30 10:00:00+09:00,3130.0,3190.0,3125.0,3190.0,6730,0.0,0.0
2023-10-30 11:00:00+09:00,3165.0,3170.0,3155.0,3160.0,3009,0.0,0.0
2023-10-30 12:00:00+09:00,3160.0,3165.0,3160.0,3160.0,567,0.0,0.0
2023-10-30 13:00:00+09:00,3165.0,3175.0,3125.0,3145.0,12622,0.0,0.0
2023-10-30 14:00:00+09:00,3145.0,3150.0,3120.0,3150.0,5079,0.0,0.0
2023-10-31 09:00:00+09:00,3160.0,3210.0,3155.0,3155.0,9332,0.0,0.0
2023-10-31 10:00:00+09:00,3155.0,3165.0,3150.0,3165.0,2653,0.0,0.0
2023-10-31 11:00:00+09:00,3150.0,3165.0,3140.0,3160.0,1762,0.0,0.0
2023-10-31 12:00:00+09:00,3160.0,3160.0,3130.0,3135.0,1984,0.0,0.0
2023-10-31 13:00:00+09:00,3140.0,3145.0,3130.0,3135.0,2939,0.0,0.0
2023-10-31 14:00:00+09:00,3130.0,3145.0,3130.0,3145.0,1785,0.0,0.0
2023-11-01 09:00:00+09:00,3140.0,3245.0,3140.0,3200.0,9901,0.0,0.0
2023-11-01 10:00:00+09:00,3200.0,3200.0,3160.0,3170.0,2942,0.0,0.0
2023-11-01 11:00:00+09:00,3170.0,3175.0,3150.0,3175.0,2942,0.0,0.0
2023-11-01 12:00:00+09:00,3165.0,3195.0,3150.0,3195.0,6378,0.0,0.0
2023-11-01 13:00:00+09:00,3195.0,3195.0,3175.0,3190.0,785,0.0,0.0
2023-11-01 14:00:00+09:00,3190.0,3190.0,3165.0,3185.0,2047,0.0,0.0
2023-11-02 09:00:00+09:00,3205.0,3240.0,3185.0,3235.0,12221,0.0,0.0
2023-11-02 10:00:00+09:00,3235.0,3260.0,3220.0,3245.0,8304,0.0,0.0
2023-11-02 11:00:00+09:00,3245.0,3255.0,3230.0,3255.0,3521,0.0,0.0
2023-11-02 12:00:00+09:00,3255.0,3270.0,3255.0,3270.0,1154,0.0,0.0
2023-11-02 13:00:00+09:00,3270.0,3270.0,3240.0,3260.0,1480,0.0,0.0
2023-11-02 14:00:00+09:00,3260.0,3270.0,3245.0,3260.0,804,0.0,0.0
2023-11-03 09:00:00+09:00,3280.0,3300.0,3230.0,3240.0,7530,0.0,0.0
2023-11-03 10:00:00+09:00,3240.0,3260.0,3235.0,3255.0,3628,0.0,0.0
2023-11-03 11:00:00+09:00,3255.0,3270.0,3235.0,3270.0,5059,0.0,0.0
2023-11-03 12:00:00+09:00,3270.0,3270.0,3265.0,3270.0,523,0.0,0.0
2023-11-03 13:00:00+09:00,3270.0,3275.0,3270.0,3275.0,447,0.0,0.0
2023-11-03 14:00:00+09:00,3275.0,3275.0,3265.0,3275.0,137,0.0,0.0
2023-11-06 09:00:00+09:00,3280.0,3300.0,3250.0,3300.0,0,0.0,0.0
2023-11-06 10:00:00+09:00,3300.0,3360.0,3295.0,3335.0,17627,0.0,0.0
2023-11-06 11:00:00+09:00,3335.0,3335.0,3295.0,3325.0,3117,0.0,0.0
2023-11-06 12:00:00+09:00,3320.0,3330.0,3290.0,3305.0,1799,0.0,0.0
2023-11-06 13:00:00+09:00,3300.0,3320.0,3290.0,3315.0,4822,0.0,0.0
2023-11-06 14:00:00+09:00,3315.0,3315.0,3290.0,3305.0,6238,0.0,0.0
2023-11-07 09:00:00+09:00,3315.0,3325.0,3260.0,3290.0,7376,0.0,0.0
2023-11-07 10:00:00+09:00,3290.0,3290.0,3275.0,3285.0,1187,0.0,0.0
2023-11-07 11:00:00+09:00,3285.0,3285.0,3250.0,3265.0,2528,0.0,0.0
2023-11-07 12:00:00+09:00,3260.0,3265.0,3245.0,3265.0,822,0.0,0.0
2023-11-07 13:00:00+09:00,3265.0,3265.0,3250.0,3255.0,10189,0.0,0.0
2023-11-07 14:00:00+09:00,3250.0,3260.0,3240.0,3260.0,3147,0.0,0.0
2023-11-08 09:00:00+09:00,3245.0,3330.0,3245.0,3295.0,9439,0.0,0.0
2023-11-08 10:00:00+09:00,3295.0,3295.0,3270.0,3295.0,3118,0.0,0.0
2023-11-08 11:00:00+09:00,3290.0,3305.0,3290.0,3305.0,2381,0.0,0.0
2023-11-08 12:00:00+09:00,3305.0,3305.0,3290.0,3305.0,4424,0.0,0.0
2023-11-08 13:00:00+09:00,3310.0,3310.0,3290.0,3300.0,2475,0.0,0.0
2023-11-08 14:00:00+09:00,3305.0,3330.0,3295.0,3320.0,17021,0.0,0.0
2023-11-09 09:00:00+09:00,3340.0,3340.0,3295.0,3335.0,4422,0.0,0.0
2023-11-09 10:00:00+09:00,3325.0,3330.0,3295.0,3320.0,1766,0.0,0.0
2023-11-09 11:00:00+09:00,3310.0,3325.0,3305.0,3325.0,494,0.0,0.0
2023-11-09 12:00:00+09:00,3315.0,3325.0,3250.0,3305.0,3231,0.0,0.0
2023-11-09 13:00:00+09:00,3305.0,3315.0,3285.0,3310.0,3172,0.0,0.0
2023-11-09 14:00:00+09:00,3310.0,3315.0,3285.0,3310.0,3052,0.0,0.0
2023-11-10 09:00:00+09:00,3290.0,3290.0,3215.0,3275.0,18622,0.0,0.0
2023-11-10 10:00:00+09:00,3275.0,3275.0,3255.0,3275.0,311,0.0,0.0
2023-11-10 11:00:00+09:00,3275.0,3275.0,3250.0,3250.0,3694,0.0,0.0
2023-11-10 12:00:00+09:00,3250.0,3265.0,3245.0,3260.0,654,0.0,0.0
2023-11-10 13:00:00+09:00,3260.0,3260.0,3250.0,3260.0,755,0.0,0.0
2023-11-10 14:00:00+09:00,3260.0,3265.0,3250.0,3265.0,277,0.0,0.0
2023-11-13 09:00:00+09:00,3265.0,3310.0,3255.0,3280.0,0,0.0,0.0
2023-11-13 10:00:00+09:00,3280.0,3280.0,3265.0,3280.0,70,0.0,0.0
2023-11-13 11:00:00+09:00,3280.0,3285.0,3240.0,3240.0,4181,0.0,0.0
2023-11-13 12:00:00+09:00,3240.0,3260.0,3225.0,3255.0,1335,0.0,0.0
2023-11-13 13:00:00+09:00,3245.0,3260.0,3225.0,3250.0,533,0.0,0.0
2023-11-13 14:00:00+09:00,3250.0,3255.0,3225.0,3255.0,1982,0.0,0.0
2023-11-14 09:00:00+09:00,3240.0,3295.0,3240.0,3290.0,2281,0.0,0.0
2023-11-14 10:00:00+09:00,3290.0,3290.0,3270.0,3270.0,572,0.0,0.0
2023-11-14 11:00:00+09:00,3270.0,3275.0,3270.0,3275.0,692,0.0,0.0
2023-11-14 12:00:00+09:00,3275.0,3275.0,3275.0,3275.0,68,0.0,0.0
2023-11-14 13:00:00+09:00,3270.0,3275.0,3265.0,3270.0,476,0.0,0.0
2023-11-14 14:00:00+09:00,3270.0,3275.0,3270.0,3270.0,791,0.0,0.0
2023-11-15 09:00:00+09:00,3275.0,3290.0,3270.0,3280.0,11638,0.0,0.0
2023-11-15 10:00:00+09:00,3285.0,3295.0,3280.0,3295.0,5401,0.0,0.0
2023-11-15 11:00:00+09:00,3290.0,3310.0,3290.0,3310.0,1057,0.0,0.0
2023-11-15 12:00:00+09:00,3310.0,3320.0,3290.0,3315.0,10965,0.0,0.0
2023-11-15 13:00:00+09:00,3315.0,3315.0,3285.0,3305.0,2740,0.0,0.0
2023-11-15 14:00:00+09:00,3305.0,3305.0,3295.0,3300.0,433,0.0,0.0
2023-11-16 10:00:00+09:00,3285.0,3320.0,3275.0,3305.0,1889,0.0,0.0
2023-11-16 11:00:00+09:00,3305.0,3330.0,3295.0,3330.0,4602,0.0,0.0
2023-11-16 12:00:00+09:00,3330.0,3345.0,3315.0,3320.0,6434,0.0,0.0
2023-11-16 13:00:00+09:00,3335.0,3340.0,3325.0,3335.0,1223,0.0,0.0
2023-11-16 14:00:00+09:00,3335.0,3335.0,3320.0,3330.0,1385,0.0,0.0
2023-11-17 09:00:00+09:00,3290.0,3330.0,3280.0,3320.0,9436,0.0,0.0
2023-11-17 10:00:00+09:00,3315.0,3315.0,3295.0,3305.0,2109,0.0,0.0
2023-11-17 11:00:00+09:00,3305.0,3305.0,3295.0,3300.0,1038,0.0,0.0
2023-11-17 12:00:00+09:00,3305.0,3310.0,3300.0,3305.0,52,0.0,0.0
2023-11-17 13:00:00+09:00,3310.0,3315.0,3305.0,3315.0,983,0.0,0.0
2023-11-17 14:00:00+09:00,3315.0,3320.0,3310.0,3320.0,1119,0.0,0.0
2023-11-20 09:00:00+09:00,3340.0,3355.0,3320.0,3345.0,0,0.0,0.0
2023-11-20 10:00:00+09:00,3345.0,3345.0,3335.0,3340.0,1276,0.0,0.0
2023-11-20 11:00:00+09:00,3340.0,3345.0,3340.0,3345.0,386,0.0,0.0
2023-11-20 12:00:00+09:00,3345.0,3360.0,3345.0,3360.0,5100,0.0,0.0
2023-11-20 13:00:00+09:00,3360.0,3370.0,3355.0,3370.0,1909,0.0,0.0
2023-11-20 14:00:00+09:00,3370.0,3375.0,3350.0,3375.0,6355,0.0,0.0
2023-11-21 09:00:00+09:00,3400.0,3430.0,3370.0,3400.0,18482,0.0,0.0
2023-11-21 10:00:00+09:00,3400.0,3400.0,3375.0,3395.0,1779,0.0,0.0
2023-11-21 11:00:00+09:00,3395.0,3395.0,3380.0,3390.0,3072,0.0,0.0
2023-11-21 12:00:00+09:00,3390.0,3395.0,3380.0,3395.0,2233,0.0,0.0
2023-11-21 13:00:00+09:00,3395.0,3405.0,3385.0,3400.0,5016,0.0,0.0
2023-11-21 14:00:00+09:00,3400.0,3405.0,3385.0,3400.0,6901,0.0,0.0
2023-11-22 09:00:00+09:00,3400.0,3435.0,3400.0,3415.0,4308,0.0,0.0
2023-11-22 10:00:00+09:00,3415.0,3420.0,3405.0,3420.0,1248,0.0,0.0
2023-11-22 11:00:00+09:00,3415.0,3430.0,3410.0,3430.0,2011,0.0,0.0
2023-11-22 12:00:00+09:00,3430.0,3435.0,3410.0,3420.0,1154,0.0,0.0
2023-11-22 13:00:00+09:00,3420.0,3425.0,3410.0,3420.0,1181,0.0,0.0
2023-11-22 14:00:00+09:00,3420.0,3425.0,3410.0,3415.0,2710,0.0,0.0
2023-11-23 09:00:00+09:00,3405.0,3420.0,3405.0,3420.0,3238,0.0,0.0
2023-11-23 10:00:00+09:00,3420.0,3420.0,3410.0,3420.0,1757,0.0,0.0
2023-11-23 11:00:00+09:00,3420.0,3425.0,3410.0,3425.0,4174,0.0,0.0
2023-11-23 12:00:00+09:00,3415.0,3425.0,3410.0,3415.0,3143,0.0,0.0
2023-11-23 13:00:00+09:00,3415.0,3415.0,3400.0,3415.0,2980,0.0,0.0
2023-11-23 14:00:00+09:00,3405.0,3415.0,3395.0,3405.0,2462,0.0,0.0
2023-11-24 09:00:00+09:00,3390.0,3420.0,3390.0,3420.0,2234,0.0,0.0
2023-11-24 10:00:00+09:00,3420.0,3420.0,3410.0,3410.0,241,0.0,0.0
2023-11-24 11:00:00+09:00,3415.0,3420.0,3410.0,3420.0,997,0.0,0.0
2023-11-24 12:00:00+09:00,3420.0,3425.0,3410.0,3420.0,1268,0.0,0.0
2023-11-24 13:00:00+09:00,3420.0,3420.0,3400.0,3420.0,2436,0.0,0.0
2023-11-24 14:00:00+09:00,3410.0,3425.0,3400.0,3425.0,2615,0.0,0.0
2023-11-27 09:00:00+09:00,3395.0,3430.0,3395.0,3420.0,0,0.0,0.0
2023-11-27 10:00:00+09:00,3420.0,3430.0,3395.0,3430.0,4663,0.0,0.0
2023-11-27 11:00:00+09:00,3425.0,3430.0,3410.0,3410.0,2960,0.0,0.0
2023-11-27 12:00:00+09:00,3420.0,3450.0,3410.0,3450.0,7500,0.0,0.0
2023-11-27 13:00:00+09:00,3445.0,3455.0,3425.0,3445.0,1381,0.0,0.0
2023-11-27 14:00:00+09:00,3450.0,3475.0,3425.0,3455.0,4499,0.0,0.0
2023-11-28 09:00:00+09:00,3450.0,3475.0,3450.0,3450.0,12849,0.0,0.0
2023-11-28 10:00:00+09:00,3450.0,3470.0,3445.0,3460.0,1809,0.0,0.0
2023-11-28 11:00:00+09:00,3460.0,3470.0,3460.0,3465.0,1736,0.0,0.0
2023-11-28 12:00:00+09:00,3465.0,3500.0,3435.0,3460.0,7554,0.0,0.0
2023-11-28 13:00:00+09:00,3455.0,3460.0,3435.0,3460.0,734,0.0,0.0
2023-11-28 14:00:00+09:00,3460.0,3465.0,3450.0,3450.0,1583,0.0,0.0
2023-11-29 09:00:00+09:00,3465.0,3490.0,3450.0,3475.0,2052,0.0,0.0
2023-11-29 10:00:00+09:00,3465.0,3480.0,3450.0,3470.0,2689,0.0,0.0
2023-11-29 11:00:00+09:00,3465.0,3465.0,3435.0,3435.0,5996,0.0,0.0
2023-11-29 12:00:00+09:00,3450.0,3450.0,3425.0,3425.0,2982,0.0,0.0
2023-11-29 13:00:00+09:00,3450.0,3450.0,3425.0,3425.0,620,0.0,0.0
2023-11-29 14:00:00+09:00,3430.0,3435.0,3370.0,3415.0,24704,0.0,0.0
2023-11-30 09:00:00+09:00,3410.0,3420.0,3370.0,3370.0,2803,0.0,0.0
2023-11-30 10:00:00+09:00,3375.0,3395.0,3350.0,3370.0,8775,0.0,0.0
2023-11-30 11:00:00+09:00,3375.0,3375.0,3355.0,3365.0,2532,0.0,0.0
2023-11-30 12:00:00+09:00,3365.0,3370.0,3360.0,3370.0,2464,0.0,0.0
2023-11-30 13:00:00+09:00,3370.0,3385.0,3365.0,3385.0,2008,0.0,0.0
2023-11-30 14:00:00+09:00,3380.0,3380.0,3370.0,3375.0,2250,0.0,0.0
2023-12-01 09:00:00+09:00,3380.0,3380.0,3350.0,3375.0,2061,0.0,0.0
2023-12-01 10:00:00+09:00,3375.0,3375.0,3355.0,3370.0,655,0.0,0.0
2023-12-01 11:00:00+09:00,3370.0,3370.0,3350.0,3370.0,1800,0.0,0.0
2023-12-01 12:00:00+09:00,3365.0,3380.0,3365.0,3380.0,1685,0.0,0.0
2023-12-01 13:00:00+09:00,3380.0,3385.0,3355.0,3385.0,3478,0.0,0.0
2023-12-01 14:00:00+09:00,3360.0,3385.0,3360.0,3370.0,952,0.0,0.0
2023-12-04 09:00:00+09:00,3380.0,3385.0,3360.0,3385.0,0,0.0,0.0
2023-12-04 10:00:00+09:00,3385.0,3385.0,3350.0,3380.0,1899,0.0,0.0
2023-12-04 11:00:00+09:00,3380.0,3405.0,3380.0,3405.0,2915,0.0,0.0
2023-12-04 12:00:00+09:00,3405.0,3415.0,3400.0,3415.0,3788,0.0,0.0
2023-12-04 13:00:00+09:00,3415.0,3415.0,3410.0,3410.0,2277,0.0,0.0
2023-12-04 14:00:00+09:00,3405.0,3415.0,3400.0,3410.0,1114,0.0,0.0
2023-12-05 09:00:00+09:00,3440.0,3440.0,3365.0,3395.0,4422,0.0,0.0
2023-12-05 10:00:00+09:00,3395.0,3395.0,3375.0,3395.0,1696,0.0,0.0
2023-12-05 11:00:00+09:00,3395.0,3395.0,3380.0,3390.0,84,0.0,0.0
2023-12-05 12:00:00+09:00,3385.0,3395.0,3385.0,3395.0,2267,0.0,0.0
2023-12-05 13:00:00+09:00,3395.0,3395.0,3360.0,3385.0,2124,0.0,0.0
2023-12-05 14:00:00+09:00,3385.0,3385.0,3325.0,3325.0,22353,0.0,0.0
2023-12-06 09:00:00+09:00,3325.0,3370.0,3325.0,3350.0,0,0.0,0.0
2023-12-06 10:00:00+09:00,3350.0,3355.0,3340.0,3340.0,9294,0.0,0.0
2023-12-06 11:00:00+09:00,3340.0,3355.0,3330.0,3350.0,1268,0.0,0.0
2023-12-06 12:00:00+09:00,3345.0,3350.0,3340.0,3350.0,822,0.0,0.0
2023-12-06 13:00:00+09:00,3350.0,3370.0,3345.0,3365.0,1230,0.0,0.0
2023-12-06 14:00:00+09:00,3365.0,3365.0,3355.0,3365.0,741,0.0,0.0
2023-12-07 09:00:00+09:00,3370.0,3370.0,3345.0,3370.0,3498,0.0,0.0
2023-12-07 10:00:00+09:00,3360.0,3370.0,3360.0,3365.0,1335,0.0,0.0
2023-12-07 11:00:00+09:00,3365.0,3370.0,3360.0,3370.0,249,0.0,0.0
2023-12-07 12:00:00+09:00,3370.0,3375.0,3360.0,3375.0,2208,0.0,0.0
2023-12-07 13:00:00+09:00,3375.0,3385.0,3360.0,3385.0,7981,0.0,0.0
2023-12-07 14:00:00+09:00,3385.0,3385.0,3360.0,3375.0,1295,0.0,0.0
2023-12-08 09:00:00+09:00,3385.0,3405.0,3380.0,3400.0,3973,0.0,0.0
2023-12-08 10:00:00+09:00,3400.0,3420.0,3390.0,3415.0,7091,0.0,0.0
2023-12-08 11:00:00+09:00,3410.0,3415.0,3410.0,3410.0,99,0.0,0.0
2023-12-08 12:00:00+09:00,3405.0,3415.0,3390.0,3415.0,2202,0.0,0.0
2023-12-08 13:00:00+09:00,3400.0,3415.0,3395.0,3410.0,996,0.0,0.0
2023-12-08 14:00:00+09:00,3410.0,3420.0,3395.0,3420.0,3184,0.0,0.0
2023-12-11 09:00:00+09:00,3405.0,3440.0,3405.0,3435.0,0,0.0,0.0
2023-12-11 10:00:00+09:00,3435.0,3435.0,3420.0,3435.0,1806,0.0,0.0
2023-12-11 11:00:00+09:00,3430.0,3440.0,3420.0,3430.0,1376,0.0,0.0
2023-12-11 12:00:00+09:00,3430.0,3430.0,3410.0,3420.0,851,0.0,0.0
2023-12-11 13:00:00+09:00,3420.0,3435.0,3415.0,3435.0,2636,0.0,0.0
2023-12-11 14:00:00+09:00,3420.0,3430.0,3410.0,3430.0,816,0.0,0.0
2023-12-12 09:00:00+09:00,3435.0,3455.0,3415.0,3450.0,3509,0.0,0.0
2023-12-12 10:00:00+09:00,3450.0,3450.0,3425.0,3440.0,257,0.0,0.0
2023-12-12 11:00:00+09:00,3430.0,3460.0,3425.0,3455.0,6374,0.0,0.0
2023-12-12 12:00:00+09:00,3450.0,3465.0,3450.0,3465.0,1027,0.0,0.0
2023-12-12 13:00:00+09:00,3465.0,3465.0,3450.0,3465.0,570,0.0,0.0
2023-12-12 14:00:00+09:00,3450.0,3465.0,3445.0,3460.0,583,0.0,0.0
2023-12-13 09:00:00+09:00,3455.0,3795.0,3445.0,3500.0,523492,0.0,0.0
2023-12-13 10:00:00+09:00,3485.0,3510.0,3480.0,3480.0,21216,0.0,0.0
2023-12-13 11:00:00+09:00,3480.0,3500.0,3460.0,3495.0,16348,0.0,0.0
2023-12-13 12:00:00+09:00,3495.0,3515.0,3435.0,3465.0,23577,0.0,0.0
2023-12-13 13:00:00+09:00,3475.0,3490.0,3435.0,3450.0,18059,0.0,0.0
2023-12-13 14:00:00+09:00,3455.0,3515.0,3455.0,3510.0,20189,0.0,0.0
2023-12-14 09:00:00+09:00,3465.0,3720.0,3465.0,3550.0,227122,0.0,0.0
2023-12-14 10:00:00+09:00,3550.0,3565.0,3500.0,3515.0,28675,0.0,0.0
2023-12-14 11:00:00+09:00,3525.0,3550.0,3500.0,3540.0,15649,0.0,0.0
2023-12-14 12:00:00+09:00,3550.0,3595.0,3550.0,3580.0,8038,0.0,0.0
2023-12-14 13:00:00+09:00,3580.0,3580.0,3530.0,3540.0,10410,0.0,0.0
2023-12-14 14:00:00+09:00,3535.0,3570.0,3530.0,3560.0,4091,0.0,0.0
2023-12-15 09:00:00+09:00,3590.0,3595.0,3525.0,3545.0,14388,0.0,0.0
2023-12-15 10:00:00+09:00,3540.0,3560.0,3535.0,3555.0,4953,0.0,0.0
2023-12-15 11:00:00+09:00,3555.0,3555.0,3505.0,3515.0,10998,0.0,0.0
2023-12-15 12:00:00+09:00,3515.0,3535.0,3505.0,3535.0,1780,0.0,0.0
2023-12-15 13:00:00+09:00,3515.0,3535.0,3510.0,3515.0,3423,0.0,0.0
2023-12-15 14:00:00+09:00,3515.0,3545.0,3510.0,3545.0,4437,0.0,0.0
2023-12-18 09:00:00+09:00,3500.0,3540.0,3470.0,3505.0,0,0.0,0.0
2023-12-18 10:00:00+09:00,3505.0,3525.0,3480.0,3515.0,6850,0.0,0.0
2023-12-18 11:00:00+09:00,3500.0,3510.0,3500.0,3510.0,1037,0.0,0.0
2023-12-18 12:00:00+09:00,3505.0,3515.0,3485.0,3500.0,3735,0.0,0.0
2023-12-18 13:00:00+09:00,3500.0,3520.0,3500.0,3515.0,1647,0.0,0.0
2023-12-18 14:00:00+09:00,3515.0,3515.0,3490.0,3510.0,1117,0.0,0.0
2023-12-19 09:00:00+09:00,3500.0,3550.0,3485.0,3550.0,8012,0.0,0.0
2023-12-19 10:00:00+09:00,3550.0,4180.0,3510.0,4025.0,3275304,0.0,0.0
2023-12-19 11:00:00+09:00,4025.0,4250.0,3715.0,3775.0,3398771,0.0,0.0
2023-12-19 12:00:00+09:00,3780.0,3780.0,3640.0,3730.0,378827,0.0,0.0
2023-12-19 13:00:00+09:00,3735.0,3755.0,3635.0,3650.0,214147,0.0,0.0
2023-12-19 14:00:00+09:00,3660.0,3675.0,3585.0,3595.0,197736,0.0,0.0
2023-12-20 09:00:00+09:00,3665.0,3680.0,3615.0,3640.0,173105,0.0,0.0
2023-12-20 10:00:00+09:00,3645.0,3665.0,3605.0,3635.0,69909,0.0,0.0
2023-12-20 11:00:00+09:00,3635.0,3650.0,3615.0,3635.0,35103,0.0,0.0
2023-12-20 12:00:00+09:00,3635.0,3670.0,3625.0,3635.0,30259,0.0,0.0
2023-12-20 13:00:00+09:00,3635.0,3645.0,3625.0,3635.0,20661,0.0,0.0
2023-12-20 14:00:00+09:00,3635.0,3645.0,3615.0,3615.0,37998,0.0,0.0
2023-12-21 09:00:00+09:00,3580.0,3645.0,3560.0,3600.0,39677,0.0,0.0
2023-12-21 10:00:00+09:00,3600.0,3620.0,3565.0,3575.0,34927,0.0,0.0
2023-12-21 11:00:00+09:00,3565.0,3590.0,3565.0,3575.0,26111,0.0,0.0
2023-12-21 12:00:00+09:00,3575.0,3595.0,3565.0,3575.0,5622,0.0,0.0
2023-12-21 13:00:00+09:00,3570.0,3585.0,3565.0,3575.0,12572,0.0,0.0
2023-12-21 14:00:00+09:00,3575.0,3600.0,3560.0,3575.0,25795,0.0,0.0
2023-12-22 09:00:00+09:00,3570.0,3840.0,3570.0,3670.0,705375,0.0,0.0
2023-12-22 10:00:00+09:00,3665.0,3670.0,3600.0,3635.0,78126,0.0,0.0
2023-12-22 11:00:00+09:00,3630.0,3640.0,3605.0,3635.0,24473,0.0,0.0
2023-12-22 12:00:00+09:00,3635.0,3640.0,3615.0,3630.0,12770,0.0,0.0
2023-12-22 13:00:00+09:00,3630.0,3630.0,3610.0,3615.0,21625,0.0,0.0
2023-12-22 14:00:00+09:00,3610.0,3620.0,3580.0,3600.0,26207,0.0,0.0
2023-12-26 09:00:00+09:00,3600.0,3640.0,3595.0,3610.0,0,0.0,0.0
2023-12-26 10:00:00+09:00,3610.0,3705.0,3610.0,3660.0,32665,0.0,0.0
2023-12-26 11:00:00+09:00,3650.0,3675.0,3640.0,3665.0,9824,0.0,0.0
2023-12-26 12:00:00+09:00,3660.0,3675.0,3655.0,3660.0,9774,0.0,0.0
2023-12-26 13:00:00+09:00,3660.0,3685.0,3645.0,3680.0,25216,0.0,0.0
2023-12-26 14:00:00+09:00,3685.0,3745.0,3665.0,3685.0,42547,0.0,0.0
2023-12-27 09:00:00+09:00,3595.0,3620.0,3550.0,3560.0,63743,0.0,0.0
2023-12-27 10:00:00+09:00,3560.0,3595.0,3555.0,3585.0,12363,0.0,0.0
2023-12-27 11:00:00+09:00,3590.0,3595.0,3565.0,3580.0,8566,0.0,0.0
2023-12-27 12:00:00+09:00,3575.0,3585.0,3570.0,3570.0,7000,0.0,0.0
2023-12-27 13:00:00+09:00,3570.0,3585.0,3570.0,3580.0,3846,0.0,0.0
2023-12-27 14:00:00+09:00,3575.0,3590.0,3570.0,3575.0,19444,0.0,0.0
2023-12-28 09:00:00+09:00,3560.0,3600.0,3550.0,3560.0,7968,0.0,0.0
2023-12-28 10:00:00+09:00,3555.0,3585.0,3555.0,3580.0,1845,0.0,0.0
2023-12-28 11:00:00+09:00,3575.0,3590.0,3560.0,3580.0,3232,0.0,0.0
2023-12-28 12:00:00+09:00,3580.0,3595.0,3570.0,3570.0,8342,0.0,0.0
2023-12-28 13:00:00+09:00,3580.0,3580.0,3550.0,3560.0,5784,0.0,0.0
2023-12-28 14:00:00+09:00,3570.0,3580.0,3565.0,3575.0,3564,0.0,0.0
2024-01-02 10:00:00+09:00,3565.0,3570.0,3500.0,3525.0,62085,0.0,0.0
2024-01-02 11:00:00+09:00,3530.0,3555.0,3520.0,3550.0,8908,0.0,0.0
2024-01-02 12:00:00+09:00,3550.0,3565.0,3545.0,3560.0,5128,0.0,0.0
2024-01-02 13:00:00+09:00,3560.0,3575.0,3540.0,3575.0,10450,0.0,0.0
2024-01-02 14:00:00+09:00,3550.0,3575.0,3535.0,3560.0,21606,0.0,0.0
2024-01-03 09:00:00+09:00,3525.0,3535.0,3500.0,3505.0,0,0.0,0.0
2024-01-03 10:00:00+09:00,3505.0,3510.0,3480.0,3490.0,36613,0.0,0.0
2024-01-03 11:00:00+09:00,3490.0,3515.0,3485.0,3505.0,10569,0.0,0.0
2024-01-03 12:00:00+09:00,3500.0,3515.0,3495.0,3505.0,5578,0.0,0.0
2024-01-03 13:00:00+09:00,3510.0,3525.0,3505.0,3525.0,2599,0.0,0.0
2024-01-03 14:00:00+09:00,3525.0,3535.0,3510.0,3515.0,3450,0.0,0.0
2024-01-04 09:00:00+09:00,3490.0,3525.0,3485.0,3525.0,11536,0.0,0.0
2024-01-04 10:00:00+09:00,3525.0,3525.0,3485.0,3490.0,10905,0.0,0.0
2024-01-04 11:00:00+09:00,3485.0,3525.0,3475.0,3490.0,10246,0.0,0.0
2024-01-04 12:00:00+09:00,3495.0,3510.0,3475.0,3480.0,5362,0.0,0.0
2024-01-04 13:00:00+09:00,3480.0,3495.0,3480.0,3480.0,4522,0.0,0.0
2024-01-04 14:00:00+09:00,3475.0,3490.0,3475.0,3485.0,4499,0.0,0.0
2024-01-05 09:00:00+09:00,3480.0,3500.0,3480.0,3495.0,4035,0.0,0.0
2024-01-05 10:00:00+09:00,3485.0,3495.0,3480.0,3495.0,3883,0.0,0.0
2024-01-05 11:00:00+09:00,3490.0,3500.0,3490.0,3500.0,3682,0.0,0.0
2024-01-05 12:00:00+09:00,3500.0,3525.0,3500.0,3525.0,5234,0.0,0.0
2024-01-05 13:00:00+09:00,3515.0,3520.0,3490.0,3490.0,9064,0.0,0.0
2024-01-05 14:00:00+09:00,3490.0,3500.0,3485.0,3485.0,8764,0.0,0.0
2024-01-08 09:00:00+09:00,3490.0,3500.0,3485.0,3500.0,0,0.0,0.0
2024-01-08 10:00:00+09:00,3500.0,3515.0,3500.0,3515.0,3555,0.0,0.0
2024-01-08 11:00:00+09:00,3515.0,3520.0,3505.0,3510.0,1289,0.0,0.0
2024-01-08 12:00:00+09:00,3510.0,3525.0,3500.0,3525.0,6478,0.0,0.0
2024-01-08 13:00:00+09:00,3525.0,3535.0,3505.0,3510.0,3027,0.0,0.0
2024-01-08 14:00:00+09:00,3510.0,3530.0,3510.0,3525.0,3868,0.0,0.0
2024-01-09 09:00:00+09:00,3550.0,3580.0,3535.0,3570.0,17158,0.0,0.0
2024-01-09 10:00:00+09:00,3570.0,3955.0,3565.0,3910.0,2296654,0.0,0.0
2024-01-09 11:00:00+09:00,3910.0,3995.0,3580.0,3620.0,1628282,0.0,0.0
2024-01-09 12:00:00+09:00,3620.0,3630.0,3585.0,3585.0,131145,0.0,0.0
2024-01-09 13:00:00+09:00,3585.0,3610.0,3580.0,3605.0,78598,0.0,0.0
2024-01-09 14:00:00+09:00,3605.0,3650.0,3590.0,3635.0,55479,0.0,0.0
2024-01-10 09:00:00+09:00,3635.0,3700.0,3610.0,3655.0,112568,0.0,0.0
2024-01-10 10:00:00+09:00,3650.0,3655.0,3635.0,3640.0,30723,0.0,0.0
2024-01-10 11:00:00+09:00,3645.0,3645.0,3615.0,3620.0,28614,0.0,0.0
2024-01-10 12:00:00+09:00,3630.0,3635.0,3620.0,3625.0,3775,0.0,0.0
2024-01-10 13:00:00+09:00,3625.0,3630.0,3615.0,3630.0,19462,0.0,0.0
2024-01-10 14:00:00+09:00,3630.0,3665.0,3630.0,3655.0,15921,0.0,0.0
2024-01-11 09:00:00+09:00,3705.0,3705.0,3655.0,3655.0,38312,0.0,0.0
2024-01-11 10:00:00+09:00,3655.0,3690.0,3650.0,3680.0,16658,0.0,0.0
2024-01-11 11:00:00+09:00,3680.0,3705.0,3675.0,3680.0,15397,0.0,0.0
2024-01-11 12:00:00+09:00,3680.0,3680.0,3665.0,3675.0,12795,0.0,0.0
2024-01-11 13:00:00+09:00,3675.0,3675.0,3655.0,3660.0,12512,0.0,0.0
2024-01-11 14:00:00+09:00,3660.0,3665.0,3650.0,3660.0,18520,0.0,0.0
2024-01-12 09:00:00+09:00,3705.0,3705.0,3640.0,3660.0,33428,0.0,0.0
2024-01-12 10:00:00+09:00,3660.0,3670.0,3640.0,3670.0,14442,0.0,0.0
2024-01-12 11:00:00+09:00,3670.0,3680.0,3660.0,3675.0,6721,0.0,0.0
2024-01-12 12:00:00+09:00,3675.0,3675.0,3660.0,3665.0,3247,0.0,0.0
2024-01-12 13:00:00+09:00,3665.0,3665.0,3620.0,3620.0,32600,0.0,0.0
2024-01-12 14:00:00+09:00,3620.0,3640.0,3610.0,3630.0,13297,0.0,0.0
2024-01-15 09:00:00+09:00,3625.0,3635.0,3600.0,3635.0,0,0.0,0.0
2024-01-15 10:00:00+09:00,3635.0,3650.0,3630.0,3640.0,6770,0.0,0.0
2024-01-15 11:00:00+09:00,3640.0,3695.0,3640.0,3695.0,19030,0.0,0.0
2024-01-15 12:00:00+09:00,3695.0,3705.0,3675.0,3690.0,14310,0.0,0.0
2024-01-15 13:00:00+09:00,3680.0,3730.0,3675.0,3725.0,20129,0.0,0.0
2024-01-15 14:00:00+09:00,3715.0,3750.0,3695.0,3710.0,21440,0.0,0.0
2024-01-16 09:00:00+09:00,3725.0,3730.0,3620.0,3650.0,41411,0.0,0.0
2024-01-16 10:00:00+09:00,3645.0,3700.0,3630.0,3685.0,13102,0.0,0.0
2024-01-16 11:00:00+09:00,3685.0,3700.0,3670.0,3670.0,8164,0.0,0.0
2024-01-16 12:00:00+09:00,3685.0,3685.0,3665.0,3680.0,2849,0.0,0.0
2024-01-16 13:00:00+09:00,3675.0,3685.0,3655.0,3655.0,10444,0.0,0.0
2024-01-16 14:00:00+09:00,3655.0,3660.0,3630.0,3660.0,8480,0.0,0.0
2024-01-17 09:00:00+09:00,3670.0,3680.0,3590.0,3615.0,31513,0.0,0.0
2024-01-17 10:00:00+09:00,3620.0,3620.0,3595.0,3605.0,2962,0.0,0.0
2024-01-17 11:00:00+09:00,3605.0,3620.0,3590.0,3595.0,9345,0.0,0.0
2024-01-17 12:00:00+09:00,3595.0,3625.0,3585.0,3605.0,7930,0.0,0.0
2024-01-17 13:00:00+09:00,3600.0,3630.0,3590.0,3625.0,4692,0.0,0.0
2024-01-17 14:00:00+09:00,3610.0,3635.0,3605.0,3605.0,11294,0.0,0.0
2024-01-18 09:00:00+09:00,3625.0,3660.0,3595.0,3640.0,6567,0.0,0.0
2024-01-18 10:00:00+09:00,3635.0,3650.0,3605.0,3610.0,5755,0.0,0.0
2024-01-18 11:00:00+09:00,3630.0,3650.0,3610.0,3640.0,9528,0.0,0.0
2024-01-18 12:00:00+09:00,3640.0,3675.0,3635.0,3660.0,12811,0.0,0.0
2024-01-18 13:00:00+09:00,3660.0,3685.0,3625.0,3640.0,13279,0.0,0.0
2024-01-18 14:00:00+09:00,3650.0,3650.0,3620.0,3650.0,7592,0.0,0.0
2024-01-19 09:00:00+09:00,3700.0,3730.0,3665.0,3715.0,38534,0.0,0.0
2024-01-19 10:00:00+09:00,3720.0,3725.0,3685.0,3685.0,14141,0.0,0.0
2024-01-19 11:00:00+09:00,3685.0,3715.0,3680.0,3690.0,8211,0.0,0.0
2024-01-19 12:00:00+09:00,3705.0,3710.0,3685.0,3700.0,5976,0.0,0.0
2024-01-19 13:00:00+09:00,3700.0,3705.0,3680.0,3695.0,8797,0.0,0.0
2024-01-19 14:00:00+09:00,3680.0,3680.0,3655.0,3665.0,9035,0.0,0.0
2024-01-22 09:00:00+09:00,3680.0,3700.0,3630.0,3645.0,0,0.0,0.0
2024-01-22 10:00:00+09:00,3650.0,3695.0,3640.0,3675.0,10006,0.0,0.0
2024-01-22 11:00:00+09:00,3670.0,3795.0,3650.0,3760.0,66637,0.0,0.0
2024-01-22 12:00:00+09:00,3765.0,3805.0,3745.0,3755.0,53367,0.0,0.0
2024-01-22 13:00:00+09:00,3755.0,3790.0,3750.0,3775.0,27528,0.0,0.0
2024-01-22 14:00:00+09:00,3775.0,3775.0,3730.0,3770.0,28392,0.0,0.0
2024-01-23 09:00:00+09:00,3785.0,3800.0,3695.0,3775.0,40058,0.0,0.0
2024-01-23 10:00:00+09:00,3770.0,3795.0,3740.0,3775.0,14220,0.0,0.0
2024-01-23 11:00:00+09:00,3775.0,3795.0,3770.0,3770.0,12269,0.0,0.0
2024-01-23 12:00:00+09:00,3780.0,3790.0,3765.0,3785.0,5530,0.0,0.0
2024-01-23 13:00:00+09:00,3780.0,3785.0,3750.0,3775.0,7830,0.0,0.0
2024-01-23 14:00:00+09:00,3770.0,3825.0,3770.0,3820.0,63639,0.0,0.0
2024-01-24 09:00:00+09:00,3830.0,3830.0,3740.0,3765.0,37059,0.0,0.0
2024-01-24 10:00:00+09:00,3755.0,3770.0,3740.0,3745.0,11813,0.0,0.0
2024-01-24 11:00:00+09:00,3745.0,3755.0,3740.0,3740.0,11319,0.0,0.0
2024-01-24 12:00:00+09:00,3740.0,3760.0,3730.0,3735.0,7932,0.0,0.0
2024-01-24 13:00:00+09:00,3735.0,3765.0,3735.0,3750.0,4284,0.0,0.0
2024-01-24 14:00:00+09:00,3755.0,3760.0,3740.0,3745.0,6648,0.0,0.0
2024-01-25 09:00:00+09:00,3745.0,3750.0,3610.0,3655.0,24284,0.0,0.0
2024-01-25 10:00:00+09:00,3670.0,3670.0,3650.0,3655.0,8397,0.0,0.0
2024-01-25 11:00:00+09:00,3655.0,3680.0,3645.0,3680.0,12999,0.0,0.0
2024-01-25 12:00:00+09:00,3665.0,3685.0,3660.0,3685.0,3145,0.0,0.0
2024-01-25 13:00:00+09:00,3685.0,3700.0,3665.0,3685.0,3270,0.0,0.0
2024-01-25 14:00:00+09:00,3695.0,3715.0,3690.0,3695.0,5955,0.0,0.0
2024-01-26 09:00:00+09:00,3750.0,3750.0,3675.0,3695.0,9953,0.0,0.0
2024-01-26 10:00:00+09:00,3700.0,3735.0,3690.0,3715.0,9347,0.0,0.0
2024-01-26 11:00:00+09:00,3715.0,3715.0,3695.0,3715.0,5567,0.0,0.0
2024-01-26 12:00:00+09:00,3700.0,3715.0,3700.0,3715.0,2684,0.0,0.0
2024-01-26 13:00:00+09:00,3715.0,3730.0,3695.0,3695.0,3260,0.0,0.0
2024-01-26 14:00:00+09:00,3700.0,3710.0,3685.0,3710.0,10939,0.0,0.0
2024-01-29 09:00:00+09:00,3700.0,3745.0,3610.0,3655.0,0,0.0,0.0
2024-01-29 10:00:00+09:00,3650.0,3680.0,3625.0,3650.0,6619,0.0,0.0
2024-01-29 11:00:00+09:00,3660.0,3680.0,3650.0,3665.0,1722,0.0,0.0
2024-01-29 12:00:00+09:00,3665.0,3680.0,3640.0,3650.0,3756,0.0,0.0
2024-01-29 13:00:00+09:00,3650.0,3650.0,3625.0,3635.0,5778,0.0,0.0
2024-01-29 14:00:00+09:00,3640.0,3650.0,3615.0,3635.0,13823,0.0,0.0
2024-01-30 09:00:00+09:00,3650.0,3680.0,3615.0,3625.0,16320,0.0,0.0
2024-01-30 10:00:00+09:00,3625.0,3630.0,3605.0,3610.0,10499,0.0,0.0
2024-01-30 11:00:00+09:00,3610.0,3620.0,3600.0,3600.0,6552,0.0,0.0
2024-01-30 12:00:00+09:00,3600.0,3600.0,3545.0,3545.0,24328,0.0,0.0
2024-01-30 13:00:00+09:00,3550.0,3570.0,3550.0,3550.0,11999,0.0,0.0
2024-01-30 14:00:00+09:00,3560.0,3575.0,3550.0,3575.0,21029,0.0,0.0
2024-01-31 09:00:00+09:00,3570.0,3600.0,3535.0,3590.0,0,0.0,0.0
2024-01-31 10:00:00+09:00,3590.0,3595.0,3535.0,3585.0,21271,0.0,0.0
2024-01-31 11:00:00+09:00,3555.0,3580.0,3545.0,3545.0,4432,0.0,0.0
2024-01-31 12:00:00+09:00,3540.0,3570.0,3540.0,3555.0,1758,0.0,0.0
2024-01-31 13:00:00+09:00,3565.0,3565.0,3545.0,3565.0,1700,0.0,0.0
2024-01-31 14:00:00+09:00,3555.0,3565.0,3525.0,3540.0,9098,0.0,0.0
2024-02-01 09:00:00+09:00,3535.0,3610.0,3515.0,3535.0,5124,0.0,0.0
2024-02-01 10:00:00+09:00,3555.0,3555.0,3530.0,3530.0,3878,0.0,0.0
2024-02-01 11:00:00+09:00,3550.0,3565.0,3540.0,3565.0,1807,0.0,0.0
2024-02-01 12:00:00+09:00,3565.0,3565.0,3545.0,3545.0,734,0.0,0.0
2024-02-01 13:00:00+09:00,3560.0,3560.0,3540.0,3540.0,2167,0.0,0.0
2024-02-01 14:00:00+09:00,3540.0,3540.0,3525.0,3540.0,1774,0.0,0.0
2024-02-02 09:00:00+09:00,3560.0,3645.0,3550.0,3615.0,0,0.0,0.0
2024-02-02 10:00:00+09:00,3615.0,3625.0,3605.0,3620.0,13887,0.0,0.0
2024-02-02 11:00:00+09:00,3625.0,3625.0,3605.0,3605.0,2360,0.0,0.0
2024-02-02 12:00:00+09:00,3605.0,3620.0,3605.0,3620.0,4044,0.0,0.0
2024-02-02 13:00:00+09:00,3620.0,3620.0,3600.0,3600.0,995,0.0,0.0
2024-02-02 14:00:00+09:00,3615.0,3615.0,3595.0,3600.0,2164,0.0,0.0
2024-02-05 09:00:00+09:00,3605.0,3605.0,3570.0,3570.0,0,0.0,0.0
2024-02-05 10:00:00+09:00,3600.0,3600.0,3550.0,3555.0,5990,0.0,0.0
2024-02-05 11:00:00+09:00,3585.0,3585.0,3550.0,3550.0,2175,0.0,0.0
2024-02-05 12:00:00+09:00,3555.0,3565.0,3555.0,3555.0,48,0.0,0.0
2024-02-05 13:00:00+09:00,3565.0,3565.0,3535.0,3555.0,5317,0.0,0.0
2024-02-05 14:00:00+09:00,3555.0,3555.0,3540.0,3550.0,217,0.0,0.0
2024-02-06 09:00:00+09:00,3585.0,3610.0,3515.0,3540.0,7133,0.0,0.0
2024-02-06 10:00:00+09:00,3540.0,3545.0,3515.0,3540.0,2914,0.0,0.0
2024-02-06 11:00:00+09:00,3545.0,3565.0,3535.0,3560.0,198,0.0,0.0
2024-02-06 12:00:00+09:00,3560.0,3570.0,3540.0,3540.0,3469,0.0,0.0
2024-02-06 13:00:00+09:00,3545.0,3580.0,3540.0,3565.0,958,0.0,0.0
2024-02-06 14:00:00+09:00,3560.0,3570.0,3540.0,3540.0,1409,0.0,0.0
2024-02-07 09:00:00+09:00,3570.0,3580.0,3540.0,3550.0,3119,0.0,0.0
2024-02-07 10:00:00+09:00,3570.0,3580.0,3550.0,3570.0,1091,0.0,0.0
2024-02-07 11:00:00+09:00,3555.0,3570.0,3545.0,3570.0,2697,0.0,0.0
2024-02-07 12:00:00+09:00,3570.0,3575.0,3550.0,3575.0,523,0.0,0.0
2024-02-07 13:00:00+09:00,3570.0,3575.0,3520.0,3545.0,5189,0.0,0.0
2024-02-07 14:00:00+09:00,3550.0,3570.0,3545.0,3570.0,1004,0.0,0.0
2024-02-08 09:00:00+09:00,3590.0,3605.0,3520.0,3570.0,18686,0.0,0.0
2024-02-08 10:00:00+09:00,3565.0,3570.0,3560.0,3560.0,3691,0.0,0.0
2024-02-08 11:00:00+09:00,3565.0,3590.0,3560.0,3585.0,5757,0.0,0.0
2024-02-08 12:00:00+09:00,3585.0,3590.0,3540.0,3585.0,3716,0.0,0.0
2024-02-08 13:00:00+09:00,3550.0,3570.0,3550.0,3565.0,853,0.0,0.0
2024-02-08 14:00:00+09:00,3565.0,3575.0,3550.0,3560.0,2407,0.0,0.0
2024-02-13 09:00:00+09:00,3560.0,3610.0,3560.0,3565.0,0,0.0,0.0
2024-02-13 10:00:00+09:00,3575.0,3590.0,3565.0,3580.0,6375,0.0,0.0
2024-02-13 11:00:00+09:00,3590.0,3595.0,3590.0,3595.0,2901,0.0,0.0
2024-02-13 12:00:00+09:00,3595.0,3595.0,3580.0,3590.0,757,0.0,0.0
2024-02-13 13:00:00+09:00,3580.0,3600.0,3580.0,3590.0,2627,0.0,0.0
2024-02-13 14:00:00+09:00,3595.0,3595.0,3530.0,3570.0,16060,0.0,0.0
2024-02-14 09:00:00+09:00,3550.0,3600.0,3550.0,3585.0,6616,0.0,0.0
2024-02-14 10:00:00+09:00,3585.0,3595.0,3585.0,3590.0,2596,0.0,0.0
2024-02-14 11:00:00+09:00,3590.0,3600.0,3590.0,3590.0,1116,0.0,0.0
2024-02-14 12:00:00+09:00,3590.0,3590.0,3590.0,3590.0,657,0.0,0.0
2024-02-14 13:00:00+09:00,3585.0,3590.0,3580.0,3585.0,1834,0.0,0.0
2024-02-14 14:00:00+09:00,3580.0,3600.0,3575.0,3585.0,2205,0.0,0.0
2024-02-15 09:00:00+09:00,3600.0,3625.0,3600.0,3620.0,5689,0.0,0.0
2024-02-15 10:00:00+09:00,3620.0,3635.0,3590.0,3615.0,4624,0.0,0.0
2024-02-15 11:00:00+09:00,3615.0,3615.0,3590.0,3615.0,1413,0.0,0.0
2024-02-15 12:00:00+09:00,3615.0,3625.0,3610.0,3625.0,2759,0.0,0.0
2024-02-15 13:00:00+09:00,3630.0,3635.0,3620.0,3620.0,1984,0.0,0.0
2024-02-15 14:00:00+09:00,3620.0,3640.0,3610.0,3630.0,6318,0.0,0.0
2024-02-16 09:00:00+09:00,3650.0,3650.0,3605.0,3635.0,7582,0.0,0.0
2024-02-16 10:00:00+09:00,3630.0,3640.0,3620.0,3640.0,331,0.0,0.0
2024-02-16 11:00:00+09:00,3640.0,3660.0,3640.0,3660.0,3829,0.0,0.0
2024-02-16 12:00:00+09:00,3660.0,3660.0,3640.0,3650.0,3183,0.0,0.0
2024-02-16 13:00:00+09:00,3645.0,3645.0,3630.0,3640.0,956,0.0,0.0
2024-02-16 14:00:00+09:00,3640.0,3645.0,3620.0,3640.0,2836,0.0,0.0
2024-02-19 09:00:00+09:00,3650.0,3680.0,3625.0,3670.0,0,0.0,0.0
2024-02-19 10:00:00+09:00,3670.0,3670.0,3655.0,3660.0,2960,0.0,0.0
2024-02-19 11:00:00+09:00,3665.0,3675.0,3650.0,3650.0,9746,0.0,0.0
2024-02-19 12:00:00+09:00,3665.0,3665.0,3650.0,3650.0,4027,0.0,0.0
2024-02-19 13:00:00+09:00,3655.0,3660.0,3645.0,3645.0,2355,0.0,0.0
2024-02-19 14:00:00+09:00,3650.0,3660.0,3645.0,3660.0,2886,0.0,0.0
2024-02-20 09:00:00+09:00,3665.0,3680.0,3630.0,3635.0,11074,0.0,0.0
2024-02-20 10:00:00+09:00,3650.0,3650.0,3630.0,3640.0,4929,0.0,0.0
2024-02-20 11:00:00+09:00,3640.0,3650.0,3625.0,3625.0,8313,0.0,0.0
2024-02-20 12:00:00+09:00,3625.0,3645.0,3625.0,3645.0,5346,0.0,0.0
2024-02-20 13:00:00+09:00,3645.0,3645.0,3625.0,3630.0,382,0.0,0.0
2024-02-20 14:00:00+09:00,3635.0,3635.0,3615.0,3630.0,4431,0.0,0.0
2024-02-21 09:00:00+09:00,3630.0,3630.0,3575.0,3580.0,13739,0.0,0.0
2024-02-21 10:00:00+09:00,3580.0,3600.0,3570.0,3600.0,8133,0.0,0.0
2024-02-21 11:00:00+09:00,3590.0,3600.0,3550.0,3580.0,14466,0.0,0.0
2024-02-21 12:00:00+09:00,3580.0,3580.0,3560.0,3580.0,2040,0.0,0.0
2024-02-21 13:00:00+09:00,3570.0,3590.0,3565.0,3565.0,1686,0.0,0.0
2024-02-21 14:00:00+09:00,3565.0,3585.0,3565.0,3575.0,4685,0.0,0.0
2024-02-22 09:00:00+09:00,3605.0,3620.0,3555.0,3555.0,12050,0.0,0.0
2024-02-22 10:00:00+09:00,3565.0,3590.0,3555.0,3575.0,5340,0.0,0.0
2024-02-22 11:00:00+09:00,3580.0,3585.0,3570.0,3580.0,133,0.0,0.0
2024-02-22 12:00:00+09:00,3580.0,3595.0,3575.0,3575.0,4137,0.0,0.0
2024-02-22 13:00:00+09:00,3575.0,3580.0,3565.0,3580.0,2165,0.0,0.0
2024-02-22 14:00:00+09:00,3565.0,3580.0,3560.0,3575.0,3076,0.0,0.0
2024-02-23 09:00:00+09:00,3565.0,3585.0,3520.0,3550.0,17150,0.0,0.0
2024-02-23 10:00:00+09:00,3550.0,3550.0,3475.0,3525.0,25761,0.0,0.0
2024-02-23 11:00:00+09:00,3510.0,3530.0,3500.0,3500.0,4729,0.0,0.0
2024-02-23 12:00:00+09:00,3525.0,3530.0,3490.0,3500.0,3568,0.0,0.0
2024-02-23 13:00:00+09:00,3500.0,3525.0,3475.0,3505.0,9216,0.0,0.0
2024-02-23 14:00:00+09:00,3495.0,3520.0,3480.0,3485.0,6488,0.0,0.0
2024-02-26 09:00:00+09:00,3485.0,3560.0,3465.0,3490.0,0,0.0,0.0
2024-02-26 10:00:00+09:00,3485.0,3495.0,3475.0,3480.0,4515,0.0,0.0
2024-02-26 11:00:00+09:00,3475.0,3490.0,3470.0,3470.0,1319,0.0,0.0
2024-02-26 12:00:00+09:00,3470.0,3490.0,3470.0,3470.0,1010,0.0,0.0
2024-02-26 13:00:00+09:00,3485.0,3495.0,3470.0,3490.0,3421,0.0,0.0
2024-02-26 14:00:00+09:00,3490.0,3490.0,3465.0,3470.0,866,0.0,0.0
2024-02-27 09:00:00+09:00,3500.0,3520.0,3435.0,3460.0,17771,0.0,0.0
2024-02-27 10:00:00+09:00,3460.0,3460.0,3450.0,3450.0,1535,0.0,0.0
2024-02-27 11:00:00+09:00,3455.0,3465.0,3445.0,3445.0,683,0.0,0.0
2024-02-27 12:00:00+09:00,3445.0,3460.0,3430.0,3430.0,1871,0.0,0.0
2024-02-27 13:00:00+09:00,3430.0,3440.0,3400.0,3420.0,10809,0.0,0.0
2024-02-27 14:00:00+09:00,3420.0,3430.0,3405.0,3420.0,7898,0.0,0.0
2024-02-28 09:00:00+09:00,3440.0,3440.0,3395.0,3405.0,9441,0.0,0.0
2024-02-28 10:00:00+09:00,3410.0,3450.0,3410.0,3420.0,2619,0.0,0.0
2024-02-28 11:00:00+09:00,3435.0,3435.0,3420.0,3425.0,466,0.0,0.0
2024-02-28 12:00:00+09:00,3435.0,3435.0,3415.0,3415.0,573,0.0,0.0
2024-02-28 13:00:00+09:00,3415.0,3420.0,3405.0,3420.0,2260,0.0,0.0
2024-02-28 14:00:00+09:00,3420.0,3430.0,3410.0,3415.0,708,0.0,0.0
2024-02-29 09:00:00+09:00,3440.0,3440.0,3385.0,3385.0,4433,0.0,0.0
2024-02-29 10:00:00+09:00,3385.0,3400.0,3360.0,3370.0,5415,0.0,0.0
2024-02-29 11:00:00+09:00,3370.0,3400.0,3370.0,3375.0,1934,0.0,0.0
2024-02-29 12:00:00+09:00,3390.0,3390.0,3365.0,3380.0,2382,0.0,0.0
2024-02-29 13:00:00+09:00,3370.0,3370.0,3355.0,3365.0,9399,0.0,0.0
2024-02-29 14:00:00+09:00,3365.0,3375.0,3355.0,3355.0,5910,0.0,0.0
2024-03-04 09:00:00+09:00,3345.0,3415.0,3345.0,3365.0,0,0.0,0.0
2024-03-04 10:00:00+09:00,3365.0,3365.0,3355.0,3355.0,5754,0.0,0.0
2024-03-04 11:00:00+09:00,3365.0,3365.0,3350.0,3350.0,1364,0.0,0.0
2024-03-04 12:00:00+09:00,3350.0,3370.0,3350.0,3365.0,1037,0.0,0.0
2024-03-04 13:00:00+09:00,3365.0,3370.0,3360.0,3370.0,987,0.0,0.0
2024-03-04 14:00:00+09:00,3370.0,3370.0,3365.0,3370.0,363,0.0,0.0
2024-03-05 09:00:00+09:00,3360.0,3380.0,3355.0,3360.0,7197,0.0,0.0
2024-03-05 10:00:00+09:00,3360.0,3370.0,3345.0,3355.0,3929,0.0,0.0
2024-03-05 11:00:00+09:00,3350.0,3350.0,3335.0,3340.0,5078,0.0,0.0
2024-03-05 12:00:00+09:00,3340.0,3360.0,3335.0,3350.0,3904,0.0,0.0
2024-03-05 13:00:00+09:00,3365.0,3365.0,3335.0,3350.0,2427,0.0,0.0
2024-03-05 14:00:00+09:00,3350.0,3350.0,3335.0,3345.0,1897,0.0,0.0
2024-03-06 09:00:00+09:00,3350.0,3420.0,3335.0,3365.0,3884,0.0,0.0
2024-03-06 10:00:00+09:00,3355.0,3385.0,3345.0,3345.0,919,0.0,0.0
2024-03-06 11:00:00+09:00,3345.0,3375.0,3345.0,3370.0,158,0.0,0.0
2024-03-06 12:00:00+09:00,3350.0,3370.0,3345.0,3370.0,1696,0.0,0.0
2024-03-06 13:00:00+09:00,3375.0,3375.0,3345.0,3350.0,2915,0.0,0.0
2024-03-06 14:00:00+09:00,3350.0,3370.0,3345.0,3345.0,2327,0.0,0.0
2024-03-07 09:00:00+09:00,3360.0,3415.0,3355.0,3360.0,4687,0.0,0.0
2024-03-07 10:00:00+09:00,3365.0,3380.0,3355.0,3370.0,1901,0.0,0.0
2024-03-07 11:00:00+09:00,3355.0,3380.0,3355.0,3355.0,75,0.0,0.0
2024-03-07 12:00:00+09:00,3355.0,3375.0,3340.0,3375.0,3599,0.0,0.0
2024-03-07 13:00:00+09:00,3370.0,3375.0,3335.0,3370.0,2670,0.0,0.0
2024-03-07 14:00:00+09:00,3365.0,3365.0,3320.0,3350.0,16235,0.0,0.0
2024-03-08 09:00:00+09:00,3310.0,3360.0,3310.0,3310.0,6838,0.0,0.0
2024-03-08 10:00:00+09:00,3335.0,3355.0,3315.0,3330.0,4261,0.0,0.0
2024-03-08 11:00:00+09:00,3345.0,3345.0,3345.0,3345.0,515,0.0,0.0
2024-03-08 12:00:00+09:00,3345.0,3350.0,3325.0,3345.0,967,0.0,0.0
2024-03-08 13:00:00+09:00,3325.0,3340.0,3315.0,3325.0,2061,0.0,0.0
2024-03-08 14:00:00+09:00,3325.0,3340.0,3325.0,3335.0,289,0.0,0.0
2024-03-11 09:00:00+09:00,3415.0,3415.0,3330.0,3340.0,0,0.0,0.0
2024-03-11 10:00:00+09:00,3340.0,3345.0,3320.0,3345.0,4114,0.0,0.0
2024-03-11 11:00:00+09:00,3345.0,3370.0,3335.0,3365.0,2205,0.0,0.0
2024-03-11 12:00:00+09:00,3350.0,3365.0,3345.0,3360.0,433,0.0,0.0
2024-03-11 13:00:00+09:00,3350.0,3360.0,3340.0,3350.0,2892,0.0,0.0
2024-03-11 14:00:00+09:00,3350.0,3350.0,3330.0,3335.0,4491,0.0,0.0
2024-03-12 09:00:00+09:00,3360.0,3370.0,3335.0,3345.0,3328,0.0,0.0
2024-03-12 10:00:00+09:00,3345.0,3360.0,3340.0,3345.0,2438,0.0,0.0
2024-03-12 11:00:00+09:00,3345.0,3360.0,3345.0,3345.0,1093,0.0,0.0
2024-03-12 12:00:00+09:00,3345.0,3345.0,3345.0,3345.0,1074,0.0,0.0
2024-03-12 13:00:00+09:00,3350.0,3355.0,3340.0,3350.0,1232,0.0,0.0
2024-03-12 14:00:00+09:00,3350.0,3350.0,3330.0,3345.0,1278,0.0,0.0
2024-03-13 09:00:00+09:00,3355.0,3355.0,3325.0,3340.0,3327,0.0,0.0
2024-03-13 10:00:00+09:00,3340.0,3340.0,3330.0,3335.0,1242,0.0,0.0
2024-03-13 11:00:00+09:00,3340.0,3355.0,3325.0,3335.0,3862,0.0,0.0
2024-03-13 12:00:00+09:00,3335.0,3355.0,3335.0,3355.0,1249,0.0,0.0
2024-03-13 13:00:00+09:00,3355.0,3355.0,3340.0,3355.0,217,0.0,0.0
2024-03-13 14:00:00+09:00,3355.0,3360.0,3345.0,3345.0,298,0.0,0.0
2024-03-14 09:00:00+09:00,3360.0,3385.0,3345.0,3355.0,1370,0.0,0.0
2024-03-14 10:00:00+09:00,3360.0,3360.0,3345.0,3345.0,1135,0.0,0.0
2024-03-14 11:00:00+09:00,3345.0,3345.0,3310.0,3325.0,17884,0.0,0.0
2024-03-14 12:00:00+09:00,3325.0,3335.0,3320.0,3335.0,1677,0.0,0.0
2024-03-14 13:00:00+09:00,3335.0,3345.0,3330.0,3340.0,1043,0.0,0.0
2024-03-14 14:00:00+09:00,3345.0,3345.0,3335.0,3345.0,1078,0.0,0.0
2024-03-15 09:00:00+09:00,3310.0,3370.0,3305.0,3330.0,4173,0.0,0.0
2024-03-15 10:00:00+09:00,3330.0,3330.0,3285.0,3315.0,10265,0.0,0.0
2024-03-15 11:00:00+09:00,3310.0,3320.0,3295.0,3295.0,6581,0.0,0.0
2024-03-15 12:00:00+09:00,3300.0,3305.0,3295.0,3300.0,0,0.0,0.0
2024-03-15 13:00:00+09:00,3300.0,3305.0,3295.0,3295.0,1290,0.0,0.0
2024-03-15 14:00:00+09:00,3295.0,3320.0,3290.0,3320.0,4683,0.0,0.0
2024-03-18 09:00:00+09:00,3325.0,3355.0,3325.0,3330.0,0,0.0,0.0
2024-03-18 10:00:00+09:00,3330.0,3340.0,3320.0,3320.0,2176,0.0,0.0
2024-03-18 11:00:00+09:00,3325.0,3325.0,3315.0,3325.0,1838,0.0,0.0
2024-03-18 12:00:00+09:00,3325.0,3325.0,3310.0,3310.0,1166,0.0,0.0
2024-03-18 13:00:00+09:00,3310.0,3330.0,3310.0,3330.0,1756,0.0,0.0
2024-03-18 14:00:00+09:00,3320.0,3330.0,3320.0,3330.0,2484,0.0,0.0
2024-03-19 09:00:00+09:00,3315.0,3355.0,3315.0,3355.0,2430,0.0,0.0
2024-03-19 10:00:00+09:00,3355.0,3355.0,3325.0,3325.0,2965,0.0,0.0
2024-03-19 11:00:00+09:00,3335.0,3340.0,3330.0,3335.0,133,0.0,0.0
2024-03-19 12:00:00+09:00,3340.0,3345.0,3320.0,3320.0,288,0.0,0.0
2024-03-19 13:00:00+09:00,3320.0,3320.0,3315.0,3320.0,4115,0.0,0.0
2024-03-19 14:00:00+09:00,3320.0,3330.0,3315.0,3320.0,4382,0.0,0.0
2024-03-20 09:00:00+09:00,3305.0,3340.0,3305.0,3335.0,0,0.0,0.0
2024-03-20 10:00:00+09:00,3330.0,3335.0,3320.0,3320.0,6092,0.0,0.0
2024-03-20 11:00:00+09:00,3325.0,3330.0,3310.0,3320.0,619,0.0,0.0
2024-03-20 12:00:00+09:00,3325.0,3335.0,3325.0,3325.0,635,0.0,0.0
2024-03-20 13:00:00+09:00,3320.0,3335.0,3320.0,3335.0,1126,0.0,0.0
2024-03-20 14:00:00+09:00,3335.0,3340.0,3320.0,3320.0,6276,0.0,0.0
2024-03-21 09:00:00+09:00,3380.0,3380.0,3330.0,3360.0,5211,0.0,0.0
2024-03-21 10:00:00+09:00,3360.0,3360.0,3335.0,3335.0,158,0.0,0.0
2024-03-21 11:00:00+09:00,3335.0,3415.0,3325.0,3395.0,27549,0.0,0.0
2024-03-21 12:00:00+09:00,3395.0,3395.0,3365.0,3365.0,3547,0.0,0.0
2024-03-21 13:00:00+09:00,3375.0,3415.0,3355.0,3355.0,21884,0.0,0.0
2024-03-21 14:00:00+09:00,3365.0,3370.0,3355.0,3355.0,1847,0.0,0.0
2024-03-22 09:00:00+09:00,3375.0,3375.0,3300.0,3315.0,10518,0.0,0.0
2024-03-22 10:00:00+09:00,3315.0,3335.0,3300.0,3310.0,5320,0.0,0.0
2024-03-22 11:00:00+09:00,3315.0,3330.0,3315.0,3315.0,463,0.0,0.0
2024-03-22 12:00:00+09:00,3330.0,3330.0,3315.0,3325.0,2382,0.0,0.0
2024-03-22 13:00:00+09:00,3320.0,3330.0,3315.0,3330.0,889,0.0,0.0
2024-03-22 14:00:00+09:00,3330.0,3340.0,3330.0,3330.0,1364,0.0,0.0
2024-03-25 09:00:00+09:00,3355.0,3355.0,3305.0,3315.0,0,0.0,0.0
2024-03-25 10:00:00+09:00,3315.0,3320.0,3305.0,3320.0,2711,0.0,0.0
2024-03-25 11:00:00+09:00,3320.0,3335.0,3320.0,3325.0,83,0.0,0.0
2024-03-25 12:00:00+09:00,3325.0,3335.0,3310.0,3315.0,1885,0.0,0.0
2024-03-25 13:00:00+09:00,3320.0,3320.0,3310.0,3320.0,115,0.0,0.0
2024-03-25 14:00:00+09:00,3315.0,3320.0,3310.0,3315.0,1944,0.0,0.0
2024-03-26 09:00:00+09:00,3300.0,3325.0,3300.0,3310.0,7133,0.0,0.0
2024-03-26 10:00:00+09:00,3305.0,3315.0,3300.0,3315.0,3134,0.0,0.0
2024-03-26 11:00:00+09:00,3315.0,3320.0,3305.0,3320.0,3501,0.0,0.0
2024-03-26 12:00:00+09:00,3320.0,3320.0,3310.0,3315.0,0,0.0,0.0
2024-03-26 13:00:00+09:00,3310.0,3320.0,3305.0,3305.0,6078,0.0,0.0
2024-03-26 14:00:00+09:00,3305.0,3310.0,3305.0,3310.0,1151,0.0,0.0
2024-03-27 09:00:00+09:00,3315.0,3350.0,3315.0,3325.0,1507,0.0,0.0
2024-03-27 10:00:00+09:00,3335.0,3335.0,3310.0,3310.0,2301,0.0,0.0
2024-03-27 11:00:00+09:00,3310.0,3330.0,3300.0,3325.0,16841,0.0,0.0
2024-03-27 12:00:00+09:00,3320.0,3320.0,3305.0,3305.0,822,0.0,0.0
2024-03-27 13:00:00+09:00,3305.0,3325.0,3300.0,3325.0,2113,0.0,0.0
2024-03-27 14:00:00+09:00,3305.0,3325.0,3300.0,3325.0,1173,0.0,0.0
2024-03-28 09:00:00+09:00,3305.0,3310.0,3280.0,3295.0,6931,0.0,0.0
2024-03-28 10:00:00+09:00,3305.0,3315.0,3290.0,3315.0,3193,0.0,0.0
2024-03-28 11:00:00+09:00,3315.0,3315.0,3275.0,3285.0,4044,0.0,0.0
2024-03-28 12:00:00+09:00,3290.0,3300.0,3285.0,3290.0,2613,0.0,0.0
2024-03-28 13:00:00+09:00,3290.0,3315.0,3290.0,3305.0,3260,0.0,0.0
2024-03-28 14:00:00+09:00,3305.0,3320.0,3300.0,3300.0,3206,0.0,0.0
2024-03-29 09:00:00+09:00,3285.0,3305.0,3285.0,3300.0,2394,0.0,0.0
2024-03-29 10:00:00+09:00,3295.0,3300.0,3290.0,3295.0,5173,0.0,0.0
2024-03-29 11:00:00+09:00,3295.0,3300.0,3290.0,3290.0,9227,0.0,0.0
2024-03-29 12:00:00+09:00,3290.0,3300.0,3290.0,3300.0,409,0.0,0.0
2024-03-29 13:00:00+09:00,3290.0,3305.0,3290.0,3305.0,1411,0.0,0.0
2024-03-29 14:00:00+09:00,3300.0,3315.0,3295.0,3310.0,3064,0.0,0.0
2024-04-01 09:00:00+09:00,3310.0,3320.0,3310.0,3315.0,0,0.0,0.0
2024-04-01 10:00:00+09:00,3320.0,3320.0,3310.0,3315.0,877,0.0,0.0
2024-04-01 11:00:00+09:00,3315.0,3325.0,3315.0,3320.0,687,0.0,0.0
2024-04-01 12:00:00+09:00,3320.0,3325.0,3315.0,3325.0,547,0.0,0.0
2024-04-01 13:00:00+09:00,3315.0,3335.0,3315.0,3335.0,1705,0.0,0.0
2024-04-01 14:00:00+09:00,3340.0,3345.0,3335.0,3335.0,2998,0.0,0.0
2024-04-02 09:00:00+09:00,3310.0,3310.0,3280.0,3300.0,9825,0.0,0.0
2024-04-02 10:00:00+09:00,3300.0,3310.0,3295.0,3295.0,1187,0.0,0.0
2024-04-02 11:00:00+09:00,3295.0,3310.0,3295.0,3295.0,658,0.0,0.0
2024-04-02 12:00:00+09:00,3305.0,3310.0,3295.0,3300.0,1798,0.0,0.0
2024-04-02 13:00:00+09:00,3300.0,3310.0,3295.0,3300.0,1092,0.0,0.0
2024-04-02 14:00:00+09:00,3300.0,3310.0,3295.0,3300.0,2800,0.0,0.0
2024-04-03 09:00:00+09:00,3290.0,3310.0,3290.0,3310.0,1820,0.0,0.0
2024-04-03 10:00:00+09:00,3305.0,3320.0,3305.0,3315.0,4645,0.0,0.0
2024-04-03 11:00:00+09:00,3310.0,3315.0,3310.0,3315.0,0,0.0,0.0
2024-04-03 12:00:00+09:00,3315.0,3330.0,3310.0,3320.0,746,0.0,0.0
2024-04-03 13:00:00+09:00,3320.0,3330.0,3315.0,3320.0,2262,0.0,0.0
2024-04-03 14:00:00+09:00,3320.0,3355.0,3320.0,3325.0,506,0.0,0.0
2024-04-04 09:00:00+09:00,3320.0,3365.0,3320.0,3355.0,3549,0.0,0.0
2024-04-04 10:00:00+09:00,3355.0,3360.0,3335.0,3340.0,4274,0.0,0.0
2024-04-04 11:00:00+09:00,3340.0,3370.0,3340.0,3365.0,9335,0.0,0.0
2024-04-04 12:00:00+09:00,3375.0,3960.0,3365.0,3775.0,3119862,0.0,0.0
2024-04-04 13:00:00+09:00,3770.0,3825.0,3355.0,3380.0,2020825,0.0,0.0
2024-04-04 14:00:00+09:00,3380.0,3430.0,3355.0,3395.0,234874,0.0,0.0
2024-04-05 09:00:00+09:00,3345.0,3360.0,3300.0,3310.0,183345,0.0,0.0
2024-04-05 10:00:00+09:00,3310.0,3340.0,3305.0,3340.0,32514,0.0,0.0
2024-04-05 11:00:00+09:00,3335.0,3380.0,3330.0,3365.0,22784,0.0,0.0
2024-04-05 12:00:00+09:00,3365.0,3365.0,3335.0,3350.0,20763,0.0,0.0
2024-04-05 13:00:00+09:00,3350.0,3355.0,3330.0,3345.0,9560,0.0,0.0
2024-04-05 14:00:00+09:00,3340.0,3350.0,3325.0,3325.0,22378,0.0,0.0
2024-04-08 09:00:00+09:00,3320.0,3350.0,3300.0,3320.0,0,0.0,0.0
2024-04-08 10:00:00+09:00,3325.0,3330.0,3305.0,3320.0,5071,0.0,0.0
2024-04-08 11:00:00+09:00,3320.0,3320.0,3305.0,3310.0,5586,0.0,0.0
2024-04-08 12:00:00+09:00,3305.0,3315.0,3305.0,3315.0,8222,0.0,0.0
2024-04-08 13:00:00+09:00,3310.0,3325.0,3310.0,3325.0,2314,0.0,0.0
2024-04-08 14:00:00+09:00,3325.0,3325.0,3315.0,3325.0,6199,0.0,0.0
2024-04-09 09:00:00+09:00,3295.0,3315.0,3280.0,3295.0,11654,0.0,0.0
2024-04-09 10:00:00+09:00,3295.0,3310.0,3275.0,3285.0,19723,0.0,0.0
2024-04-09 11:00:00+09:00,3300.0,3305.0,3255.0,3280.0,23395,0.0,0.0
2024-04-09 12:00:00+09:00,3285.0,3295.0,3265.0,3295.0,7857,0.0,0.0
2024-04-09 13:00:00+09:00,3295.0,3295.0,3265.0,3265.0,7386,0.0,0.0
2024-04-09 14:00:00+09:00,3265.0,3295.0,3265.0,3265.0,8322,0.0,0.0
2024-04-11 09:00:00+09:00,3290.0,3300.0,3225.0,3240.0,0,0.0,0.0
2024-04-11 10:00:00+09:00,3240.0,3245.0,3230.0,3240.0,2127,0.0,0.0
2024-04-11 11:00:00+09:00,3245.0,3260.0,3240.0,3240.0,2424,0.0,0.0
2024-04-11 12:00:00+09:00,3240.0,3265.0,3240.0,3265.0,0,0.0,0.0
2024-04-11 13:00:00+09:00,3265.0,3265.0,3240.0,3250.0,4684,0.0,0.0
2024-04-11 14:00:00+09:00,3245.0,3250.0,3240.0,3245.0,7790,0.0,0.0
2024-04-12 09:00:00+09:00,3255.0,3270.0,3250.0,3270.0,4313,0.0,0.0
2024-04-12 10:00:00+09:00,3265.0,3265.0,3240.0,3260.0,3523,0.0,0.0
2024-04-12 11:00:00+09:00,3260.0,3275.0,3260.0,3275.0,970,0.0,0.0
2024-04-12 12:00:00+09:00,3275.0,3285.0,3250.0,3255.0,2257,0.0,0.0
2024-04-12 13:00:00+09:00,3255.0,3280.0,3255.0,3280.0,443,0.0,0.0
2024-04-12 14:00:00+09:00,3270.0,3275.0,3245.0,3265.0,12946,0.0,0.0
2024-04-15 09:00:00+09:00,3220.0,3220.0,3165.0,3205.0,15277,0.0,0.0
2024-04-15 10:00:00+09:00,3200.0,3205.0,3180.0,3190.0,2140,0.0,0.0
2024-04-15 11:00:00+09:00,3195.0,3200.0,3190.0,3190.0,939,0.0,0.0
2024-04-15 12:00:00+09:00,3190.0,3205.0,3190.0,3205.0,1381,0.0,0.0
2024-04-15 13:00:00+09:00,3205.0,3215.0,3180.0,3210.0,8381,0.0,0.0
2024-04-15 14:00:00+09:00,3200.0,3205.0,3195.0,3200.0,291,0.0,0.0
2024-04-16 09:00:00+09:00,3180.0,3190.0,3150.0,3180.0,0,0.0,0.0
2024-04-16 10:00:00+09:00,3180.0,3180.0,3165.0,3170.0,18890,0.0,0.0
2024-04-16 11:00:00+09:00,3170.0,3170.0,3160.0,3170.0,2383,0.0,0.0
2024-04-16 12:00:00+09:00,3170.0,3180.0,3170.0,3180.0,3027,0.0,0.0
2024-04-16 13:00:00+09:00,3180.0,3185.0,3170.0,3180.0,4019,0.0,0.0
2024-04-16 14:00:00+09:00,3185.0,3185.0,3170.0,3185.0,3080,0.0,0.0
2024-04-17 09:00:00+09:00,3180.0,3240.0,3180.0,3235.0,5169,0.0,0.0
2024-04-17 10:00:00+09:00,3235.0,3240.0,3210.0,3225.0,1861,0.0,0.0
2024-04-17 11:00:00+09:00,3220.0,3230.0,3210.0,3225.0,1121,0.0,0.0
2024-04-17 12:00:00+09:00,3225.0,3230.0,3225.0,3230.0,671,0.0,0.0
2024-04-17 13:00:00+09:00,3230.0,3240.0,3210.0,3215.0,2351,0.0,0.0
2024-04-17 14:00:00+09:00,3215.0,3270.0,3215.0,3225.0,1330,0.0,0.0
2024-04-18 09:00:00+09:00,3235.0,3300.0,3235.0,3265.0,3879,0.0,0.0
2024-04-18 10:00:00+09:00,3285.0,3285.0,3265.0,3270.0,2031,0.0,0.0
2024-04-18 11:00:00+09:00,3270.0,3285.0,3270.0,3275.0,1319,0.0,0.0
2024-04-18 12:00:00+09:00,3275.0,3300.0,3270.0,3280.0,1822,0.0,0.0
2024-04-18 13:00:00+09:00,3285.0,3300.0,3275.0,3275.0,2132,0.0,0.0
2024-04-18 14:00:00+09:00,3295.0,3295.0,3275.0,3295.0,659,0.0,0.0
2024-04-19 09:00:00+09:00,3265.0,3285.0,3265.0,3280.0,5345,0.0,0.0
2024-04-19 10:00:00+09:00,3275.0,3275.0,3240.0,3245.0,4156,0.0,0.0
2024-04-19 11:00:00+09:00,3245.0,3260.0,3200.0,3205.0,0,0.0,0.0
2024-04-19 12:00:00+09:00,3205.0,3250.0,3205.0,3240.0,16548,0.0,0.0
2024-04-19 13:00:00+09:00,3220.0,3250.0,3220.0,3230.0,881,0.0,0.0
2024-04-19 14:00:00+09:00,3230.0,3250.0,3225.0,3230.0,2598,0.0,0.0
2024-04-22 09:00:00+09:00,3225.0,3295.0,3225.0,3260.0,0,0.0,0.0
2024-04-22 10:00:00+09:00,3285.0,3285.0,3260.0,3260.0,458,0.0,0.0
2024-04-22 11:00:00+09:00,3260.0,3295.0,3260.0,3265.0,3441,0.0,0.0
2024-04-22 12:00:00+09:00,3265.0,3290.0,3265.0,3265.0,1363,0.0,0.0
2024-04-22 13:00:00+09:00,3270.0,3290.0,3260.0,3275.0,1489,0.0,0.0
2024-04-22 14:00:00+09:00,3275.0,3295.0,3260.0,3295.0,1854,0.0,0.0
2024-04-23 09:00:00+09:00,3310.0,3330.0,3300.0,3300.0,3526,0.0,0.0
2024-04-23 10:00:00+09:00,3300.0,3310.0,3300.0,3305.0,3136,0.0,0.0
2024-04-23 11:00:00+09:00,3305.0,3315.0,3300.0,3310.0,2328,0.0,0.0
2024-04-23 12:00:00+09:00,3315.0,3315.0,3310.0,3310.0,278,0.0,0.0
2024-04-23 13:00:00+09:00,3310.0,3310.0,3300.0,3300.0,4328,0.0,0.0
2024-04-23 14:00:00+09:00,3300.0,3305.0,3300.0,3300.0,2618,0.0,0.0
2024-04-24 09:00:00+09:00,3330.0,3340.0,3300.0,3310.0,5744,0.0,0.0
2024-04-24 10:00:00+09:00,3310.0,3330.0,3300.0,3305.0,692,0.0,0.0
2024-04-24 11:00:00+09:00,3315.0,3320.0,3305.0,3320.0,1236,0.0,0.0
2024-04-24 12:00:00+09:00,3305.0,3315.0,3305.0,3310.0,804,0.0,0.0
2024-04-24 13:00:00+09:00,3310.0,3320.0,3305.0,3305.0,3839,0.0,0.0
2024-04-24 14:00:00+09:00,3305.0,3330.0,3305.0,3320.0,850,0.0,0.0
2024-04-25 09:00:00+09:00,3290.0,3305.0,3285.0,3305.0,4907,0.0,0.0
2024-04-25 10:00:00+09:00,3300.0,3305.0,3285.0,3285.0,1416,0.0,0.0
2024-04-25 11:00:00+09:00,3285.0,3290.0,3280.0,3290.0,2374,0.0,0.0
2024-04-25 12:00:00+09:00,3290.0,3290.0,3275.0,3275.0,1957,0.0,0.0
2024-04-25 13:00:00+09:00,3275.0,3300.0,3275.0,3285.0,564,0.0,0.0
2024-04-25 14:00:00+09:00,3285.0,3300.0,3285.0,3285.0,575,0.0,0.0
2024-04-26 09:00:00+09:00,3300.0,3340.0,3275.0,3285.0,12371,0.0,0.0
2024-04-26 10:00:00+09:00,3285.0,3300.0,3275.0,3275.0,1263,0.0,0.0
2024-04-26 11:00:00+09:00,3275.0,3300.0,3275.0,3285.0,532,0.0,0.0
2024-04-26 12:00:00+09:00,3285.0,3300.0,3275.0,3275.0,2278,0.0,0.0
2024-04-26 13:00:00+09:00,3275.0,3290.0,3275.0,3280.0,3092,0.0,0.0
2024-04-26 14:00:00+09:00,3280.0,3300.0,3280.0,3285.0,1370,0.0,0.0
2024-04-29 09:00:00+09:00,3300.0,3330.0,3290.0,3310.0,0,0.0,0.0
2024-04-29 10:00:00+09:00,3310.0,3325.0,3310.0,3320.0,4002,0.0,0.0
2024-04-29 11:00:00+09:00,3320.0,3330.0,3315.0,3320.0,767,0.0,0.0
2024-04-29 12:00:00+09:00,3325.0,3335.0,3320.0,3330.0,3247,0.0,0.0
2024-04-29 13:00:00+09:00,3330.0,3335.0,3315.0,3320.0,2508,0.0,0.0
2024-04-29 14:00:00+09:00,3320.0,3325.0,3315.0,3320.0,909,0.0,0.0
2024-04-30 09:00:00+09:00,3305.0,3340.0,3305.0,3320.0,3497,0.0,0.0
2024-04-30 10:00:00+09:00,3325.0,3330.0,3315.0,3315.0,1014,0.0,0.0
2024-04-30 11:00:00+09:00,3315.0,3320.0,3305.0,3320.0,4759,0.0,0.0
2024-04-30 12:00:00+09:00,3315.0,3330.0,3310.0,3320.0,3993,0.0,0.0
2024-04-30 13:00:00+09:00,3320.0,3330.0,3320.0,3320.0,1156,0.0,0.0
2024-04-30 14:00:00+09:00,3320.0,3330.0,3315.0,3320.0,932,0.0,0.0
2024-05-02 09:00:00+09:00,3325.0,3340.0,3310.0,3330.0,0,0.0,0.0
2024-05-02 10:00:00+09:00,3330.0,3330.0,3315.0,3315.0,547,0.0,0.0
2024-05-02 11:00:00+09:00,3325.0,3330.0,3315.0,3320.0,3034,0.0,0.0
2024-05-02 12:00:00+09:00,3320.0,3330.0,3315.0,3320.0,2755,0.0,0.0
2024-05-02 13:00:00+09:00,3320.0,3330.0,3310.0,3315.0,1985,0.0,0.0
2024-05-02 14:00:00+09:00,3330.0,3335.0,3315.0,3320.0,313,0.0,0.0
2024-05-03 09:00:00+09:00,3330.0,3365.0,3310.0,3330.0,7209,0.0,0.0
2024-05-03 10:00:00+09:00,3325.0,3335.0,3320.0,3325.0,199,0.0,0.0
2024-05-03 11:00:00+09:00,3325.0,3335.0,3315.0,3330.0,1223,0.0,0.0
2024-05-03 12:00:00+09:00,3330.0,3335.0,3315.0,3315.0,1377,0.0,0.0
2024-05-03 13:00:00+09:00,3315.0,3335.0,3315.0,3315.0,629,0.0,0.0
2024-05-03 14:00:00+09:00,3315.0,3330.0,3310.0,3310.0,2681,0.0,0.0
2024-05-07 09:00:00+09:00,3345.0,3355.0,3315.0,3315.0,0,0.0,0.0
2024-05-07 10:00:00+09:00,3340.0,3340.0,3310.0,3320.0,1774,0.0,0.0
2024-05-07 11:00:00+09:00,3320.0,3335.0,3315.0,3320.0,1717,0.0,0.0
2024-05-07 12:00:00+09:00,3320.0,3325.0,3320.0,3320.0,544,0.0,0.0
2024-05-07 13:00:00+09:00,3320.0,3330.0,3315.0,3330.0,2433,0.0,0.0
2024-05-07 14:00:00+09:00,3315.0,3330.0,3315.0,3330.0,1769,0.0,0.0
2024-05-08 09:00:00+09:00,3340.0,3370.0,3310.0,3340.0,7366,0.0,0.0
2024-05-08 10:00:00+09:00,3340.0,3350.0,3320.0,3340.0,3144,0.0,0.0
2024-05-08 11:00:00+09:00,3340.0,3345.0,3335.0,3335.0,355,0.0,0.0
2024-05-08 12:00:00+09:00,3335.0,3335.0,3325.0,3325.0,1419,0.0,0.0
2024-05-08 13:00:00+09:00,3335.0,3335.0,3320.0,3335.0,895,0.0,0.0
2024-05-08 14:00:00+09:00,3335.0,3375.0,3330.0,3370.0,8378,0.0,0.0
2024-05-09 09:00:00+09:00,3370.0,3385.0,3350.0,3360.0,1596,0.0,0.0
2024-05-09 10:00:00+09:00,3370.0,3370.0,3340.0,3340.0,1825,0.0,0.0
2024-05-09 11:00:00+09:00,3340.0,3355.0,3340.0,3345.0,766,0.0,0.0
2024-05-09 12:00:00+09:00,3345.0,3345.0,3340.0,3340.0,2693,0.0,0.0
2024-05-09 13:00:00+09:00,3340.0,3355.0,3335.0,3350.0,608,0.0,0.0
2024-05-09 14:00:00+09:00,3345.0,3345.0,3335.0,3335.0,1303,0.0,0.0
2024-05-10 09:00:00+09:00,3370.0,3370.0,3330.0,3350.0,1466,0.0,0.0
2024-05-10 10:00:00+09:00,3350.0,3350.0,3325.0,3330.0,539,0.0,0.0
2024-05-10 11:00:00+09:00,3330.0,3335.0,3325.0,3330.0,140,0.0,0.0
2024-05-10 12:00:00+09:00,3350.0,3350.0,3350.0,3350.0,126,0.0,0.0
2024-05-10 13:00:00+09:00,3350.0,3350.0,3330.0,3335.0,989,0.0,0.0
2024-05-10 14:00:00+09:00,3335.0,3365.0,3330.0,3330.0,5962,0.0,0.0
2024-05-13 09:00:00+09:00,3340.0,3350.0,3325.0,3340.0,0,0.0,0.0
2024-05-13 10:00:00+09:00,3350.0,3350.0,3340.0,3340.0,3435,0.0,0.0
2024-05-13 11:00:00+09:00,3340.0,3345.0,3335.0,3340.0,8070,0.0,0.0
2024-05-13 12:00:00+09:00,3340.0,3350.0,3335.0,3335.0,376,0.0,0.0
2024-05-13 13:00:00+09:00,3335.0,3350.0,3330.0,3330.0,810,0.0,0.0
2024-05-13 14:00:00+09:00,3335.0,3340.0,3330.0,3340.0,458,0.0,0.0
2024-05-14 09:00:00+09:00,3345.0,3370.0,3335.0,3355.0,6463,0.0,0.0
2024-05-14 10:00:00+09:00,3350.0,3365.0,3345.0,3345.0,755,0.0,0.0
2024-05-14 11:00:00+09:00,3345.0,3370.0,3345.0,3350.0,1359,0.0,0.0
2024-05-14 12:00:00+09:00,3350.0,3370.0,3350.0,3355.0,1018,0.0,0.0
2024-05-14 13:00:00+09:00,3355.0,3370.0,3355.0,3360.0,1988,0.0,0.0
2024-05-14 14:00:00+09:00,3360.0,3375.0,3360.0,3365.0,2629,0.0,0.0
2024-05-16 09:00:00+09:00,3375.0,3380.0,3360.0,3360.0,0,0.0,0.0
2024-05-16 10:00:00+09:00,3375.0,3380.0,3375.0,3375.0,3593,0.0,0.0
2024-05-16 11:00:00+09:00,3375.0,3380.0,3370.0,3375.0,2131,0.0,0.0
2024-05-16 12:00:00+09:00,3380.0,3380.0,3370.0,3370.0,2267,0.0,0.0
2024-05-16 13:00:00+09:00,3380.0,3380.0,3375.0,3380.0,1697,0.0,0.0
2024-05-16 14:00:00+09:00,3380.0,3450.0,3375.0,3425.0,14150,0.0,0.0
2024-05-17 09:00:00+09:00,3445.0,3445.0,3390.0,3405.0,925,0.0,0.0
2024-05-17 10:00:00+09:00,3405.0,3405.0,3380.0,3380.0,2795,0.0,0.0
2024-05-17 11:00:00+09:00,3380.0,3390.0,3380.0,3390.0,1565,0.0,0.0
2024-05-17 12:00:00+09:00,3385.0,3405.0,3385.0,3400.0,1475,0.0,0.0
2024-05-17 13:00:00+09:00,3400.0,3405.0,3365.0,3375.0,5581,0.0,0.0
2024-05-17 14:00:00+09:00,3375.0,3395.0,3370.0,3375.0,2681,0.0,0.0
2024-05-20 09:00:00+09:00,3380.0,3415.0,3375.0,3385.0,0,0.0,0.0
2024-05-20 10:00:00+09:00,3400.0,3415.0,3385.0,3410.0,1617,0.0,0.0
2024-05-20 11:00:00+09:00,3410.0,3410.0,3385.0,3400.0,1238,0.0,0.0
2024-05-20 12:00:00+09:00,3390.0,3400.0,3380.0,3385.0,814,0.0,0.0
2024-05-20 13:00:00+09:00,3400.0,3405.0,3400.0,3400.0,605,0.0,0.0
2024-05-20 14:00:00+09:00,3400.0,3400.0,3390.0,3400.0,353,0.0,0.0
2024-05-21 09:00:00+09:00,3410.0,3415.0,3385.0,3385.0,2569,0.0,0.0
2024-05-21 10:00:00+09:00,3390.0,3390.0,3375.0,3390.0,1260,0.0,0.0
2024-05-21 11:00:00+09:00,3390.0,3390.0,3375.0,3375.0,2873,0.0,0.0
2024-05-21 12:00:00+09:00,3380.0,3385.0,3375.0,3380.0,1455,0.0,0.0
2024-05-21 13:00:00+09:00,3380.0,3390.0,3380.0,3385.0,1875,0.0,0.0
2024-05-21 14:00:00+09:00,3385.0,3390.0,3385.0,3390.0,609,0.0,0.0
2024-05-22 09:00:00+09:00,3375.0,3390.0,3370.0,3390.0,4485,0.0,0.0
2024-05-22 10:00:00+09:00,3390.0,3390.0,3385.0,3390.0,2006,0.0,0.0
2024-05-22 11:00:00+09:00,3400.0,3400.0,3390.0,3390.0,1704,0.0,0.0
2024-05-22 12:00:00+09:00,3395.0,3400.0,3390.0,3400.0,0,0.0,0.0
2024-05-22 13:00:00+09:00,3395.0,3400.0,3395.0,3400.0,567,0.0,0.0
2024-05-22 14:00:00+09:00,3395.0,3400.0,3390.0,3400.0,1132,0.0,0.0
2024-05-23 09:00:00+09:00,3410.0,3410.0,3375.0,3405.0,18995,0.0,0.0
2024-05-23 10:00:00+09:00,3405.0,3480.0,3405.0,3460.0,20220,0.0,0.0
2024-05-23 11:00:00+09:00,3455.0,3470.0,3435.0,3455.0,5588,0.0,0.0
2024-05-23 12:00:00+09:00,3455.0,3475.0,3450.0,3450.0,6136,0.0,0.0
2024-05-23 13:00:00+09:00,3445.0,3470.0,3420.0,3450.0,10115,0.0,0.0
2024-05-23 14:00:00+09:00,3465.0,3490.0,3450.0,3490.0,11223,0.0,0.0
2024-05-24 09:00:00+09:00,3500.0,3505.0,3460.0,3495.0,9504,0.0,0.0
2024-05-24 10:00:00+09:00,3505.0,3520.0,3490.0,3490.0,5794,0.0,0.0
2024-05-24 11:00:00+09:00,3490.0,3500.0,3485.0,3500.0,2212,0.0,0.0
2024-05-24 12:00:00+09:00,3500.0,3505.0,3480.0,3490.0,1576,0.0,0.0
2024-05-24 13:00:00+09:00,3495.0,3525.0,3490.0,3495.0,1092,0.0,0.0
2024-05-24 14:00:00+09:00,3495.0,3495.0,3400.0,3485.0,38359,0.0,0.0
2024-05-27 09:00:00+09:00,3495.0,3500.0,3435.0,3450.0,0,0.0,0.0
2024-05-27 10:00:00+09:00,3470.0,3490.0,3470.0,3485.0,1571,0.0,0.0
2024-05-27 11:00:00+09:00,3480.0,3485.0,3465.0,3465.0,2025,0.0,0.0
2024-05-27 12:00:00+09:00,3465.0,3490.0,3465.0,3480.0,304,0.0,0.0
2024-05-27 13:00:00+09:00,3480.0,3485.0,3465.0,3465.0,3059,0.0,0.0
2024-05-27 14:00:00+09:00,3465.0,3490.0,3460.0,3490.0,2315,0.0,0.0
2024-05-28 09:00:00+09:00,3470.0,3505.0,3470.0,3505.0,2702,0.0,0.0
2024-05-28 10:00:00+09:00,3495.0,3515.0,3495.0,3515.0,2916,0.0,0.0
2024-05-28 11:00:00+09:00,3505.0,3515.0,3490.0,3505.0,1100,0.0,0.0
2024-05-28 12:00:00+09:00,3500.0,3510.0,3490.0,3500.0,2768,0.0,0.0
2024-05-28 13:00:00+09:00,3500.0,3505.0,3475.0,3495.0,2202,0.0,0.0
2024-05-28 14:00:00+09:00,3475.0,3490.0,3475.0,3475.0,2161,0.0,0.0
2024-05-29 09:00:00+09:00,3490.0,3490.0,3450.0,3480.0,3916,0.0,0.0
2024-05-29 10:00:00+09:00,3480.0,3485.0,3460.0,3460.0,985,0.0,0.0
2024-05-29 11:00:00+09:00,3485.0,3485.0,3460.0,3480.0,388,0.0,0.0
2024-05-29 12:00:00+09:00,3480.0,3480.0,3450.0,3465.0,1790,0.0,0.0
2024-05-29 13:00:00+09:00,3460.0,3460.0,3430.0,3445.0,9372,0.0,0.0
2024-05-29 14:00:00+09:00,3435.0,3435.0,3400.0,3425.0,14186,0.0,0.0
2024-05-30 09:00:00+09:00,3465.0,3465.0,3365.0,3380.0,11348,0.0,0.0
2024-05-30 10:00:00+09:00,3380.0,3400.0,3350.0,3370.0,8157,0.0,0.0
2024-05-30 11:00:00+09:00,3370.0,3375.0,3360.0,3360.0,2973,0.0,0.0
2024-05-30 12:00:00+09:00,3360.0,3360.0,3305.0,3330.0,15637,0.0,0.0
2024-05-30 13:00:00+09:00,3340.0,3350.0,3320.0,3340.0,1961,0.0,0.0
2024-05-30 14:00:00+09:00,3335.0,3345.0,3315.0,3345.0,4501,0.0,0.0
2024-05-31 09:00:00+09:00,3315.0,3360.0,3315.0,3335.0,7899,0.0,0.0
2024-05-31 10:00:00+09:00,3335.0,3355.0,3335.0,3355.0,1555,0.0,0.0
2024-05-31 11:00:00+09:00,3350.0,3355.0,3340.0,3350.0,1116,0.0,0.0
2024-05-31 12:00:00+09:00,3350.0,3355.0,3340.0,3350.0,1653,0.0,0.0
2024-05-31 13:00:00+09:00,3340.0,3345.0,3340.0,3340.0,320,0.0,0.0
2024-05-31 14:00:00+09:00,3340.0,3345.0,3335.0,3345.0,1328,0.0,0.0
2024-06-03 09:00:00+09:00,3400.0,3400.0,3340.0,3365.0,0,0.0,0.0
2024-06-03 10:00:00+09:00,3365.0,3365.0,3345.0,3360.0,598,0.0,0.0
2024-06-03 11:00:00+09:00,3360.0,3365.0,3355.0,3365.0,128,0.0,0.0
2024-06-03 12:00:00+09:00,3365.0,3365.0,3350.0,3355.0,844,0.0,0.0
2024-06-03 13:00:00+09:00,3365.0,3365.0,3360.0,3365.0,113,0.0,0.0
2024-06-03 14:00:00+09:00,3365.0,3365.0,3350.0,3365.0,1775,0.0,0.0
2024-06-04 09:00:00+09:00,3370.0,3395.0,3370.0,3385.0,2449,0.0,0.0
2024-06-04 10:00:00+09:00,3385.0,3395.0,3370.0,3390.0,2664,0.0,0.0
2024-06-04 11:00:00+09:00,3375.0,3390.0,3375.0,3390.0,62,0.0,0.0
2024-06-04 12:00:00+09:00,3390.0,3390.0,3375.0,3390.0,547,0.0,0.0
2024-06-04 13:00:00+09:00,3390.0,3390.0,3370.0,3385.0,305,0.0,0.0
2024-06-04 14:00:00+09:00,3380.0,3380.0,3370.0,3380.0,384,0.0,0.0
2024-06-05 09:00:00+09:00,3395.0,3420.0,3365.0,3380.0,2420,0.0,0.0
2024-06-05 10:00:00+09:00,3380.0,3410.0,3365.0,3405.0,6090,0.0,0.0
2024-06-05 11:00:00+09:00,3405.0,3405.0,3375.0,3400.0,1002,0.0,0.0
2024-06-05 12:00:00+09:00,3400.0,3400.0,3380.0,3390.0,136,0.0,0.0
2024-06-05 13:00:00+09:00,3385.0,3400.0,3370.0,3390.0,1236,0.0,0.0
2024-06-05 14:00:00+09:00,3390.0,3390.0,3370.0,3390.0,395,0.0,0.0
2024-06-07 09:00:00+09:00,3405.0,3420.0,3375.0,3390.0,0,0.0,0.0
2024-06-07 10:00:00+09:00,3390.0,3410.0,3375.0,3405.0,2216,0.0,0.0
2024-06-07 11:00:00+09:00,3405.0,3405.0,3385.0,3405.0,29,0.0,0.0
2024-06-07 12:00:00+09:00,3405.0,3405.0,3395.0,3395.0,5,0.0,0.0
2024-06-07 13:00:00+09:00,3390.0,3390.0,3380.0,3385.0,0,0.0,0.0
2024-06-07 14:00:00+09:00,3385.0,3385.0,3360.0,3380.0,7013,0.0,0.0
2024-06-10 09:00:00+09:00,3380.0,3400.0,3360.0,3360.0,0,0.0,0.0
2024-06-10 10:00:00+09:00,3370.0,3375.0,3360.0,3360.0,414,0.0,0.0
2024-06-10 11:00:00+09:00,3360.0,3360.0,3350.0,3360.0,3045,0.0,0.0
2024-06-10 12:00:00+09:00,3355.0,3400.0,3350.0,3350.0,2816,0.0,0.0
2024-06-10 13:00:00+09:00,3350.0,3360.0,3350.0,3355.0,336,0.0,0.0
2024-06-10 14:00:00+09:00,3350.0,3355.0,3350.0,3350.0,1449,0.0,0.0
2024-06-11 09:00:00+09:00,3360.0,3380.0,3350.0,3370.0,2127,0.0,0.0
2024-06-11 10:00:00+09:00,3370.0,3370.0,3355.0,3370.0,845,0.0,0.0
2024-06-11 11:00:00+09:00,3355.0,3370.0,3350.0,3370.0,2527,0.0,0.0
2024-06-11 12:00:00+09:00,3360.0,3370.0,3350.0,3360.0,1048,0.0,0.0
2024-06-11 13:00:00+09:00,3360.0,3410.0,3360.0,3370.0,5089,0.0,0.0
2024-06-11 14:00:00+09:00,3385.0,3385.0,3365.0,3385.0,182,0.0,0.0
2024-06-12 09:00:00+09:00,3360.0,3395.0,3360.0,3390.0,3087,0.0,0.0
2024-06-12 10:00:00+09:00,3390.0,3395.0,3380.0,3395.0,1017,0.0,0.0
2024-06-12 11:00:00+09:00,3385.0,3395.0,3385.0,3395.0,554,0.0,0.0
2024-06-12 12:00:00+09:00,3385.0,3395.0,3385.0,3395.0,931,0.0,0.0
2024-06-12 13:00:00+09:00,3385.0,3390.0,3375.0,3380.0,2169,0.0,0.0
2024-06-12 14:00:00+09:00,3375.0,3380.0,3365.0,3370.0,3068,0.0,0.0
2024-06-13 09:00:00+09:00,3365.0,3395.0,3360.0,3390.0,4978,0.0,0.0
2024-06-13 10:00:00+09:00,3390.0,3390.0,3365.0,3365.0,1389,0.0,0.0
2024-06-13 11:00:00+09:00,3370.0,3370.0,3365.0,3370.0,2088,0.0,0.0
2024-06-13 12:00:00+09:00,3365.0,3385.0,3365.0,3370.0,769,0.0,0.0
2024-06-13 13:00:00+09:00,3370.0,3370.0,3360.0,3370.0,2520,0.0,0.0
2024-06-13 14:00:00+09:00,3370.0,3380.0,3355.0,3360.0,11168,0.0,0.0
2024-06-14 09:00:00+09:00,3385.0,3395.0,3360.0,3365.0,2411,0.0,0.0
2024-06-14 10:00:00+09:00,3360.0,3370.0,3360.0,3365.0,887,0.0,0.0
2024-06-14 11:00:00+09:00,3370.0,3380.0,3360.0,3380.0,579,0.0,0.0
2024-06-14 12:00:00+09:00,3380.0,3380.0,3365.0,3380.0,540,0.0,0.0
2024-06-14 13:00:00+09:00,3380.0,3380.0,3360.0,3370.0,606,0.0,0.0
2024-06-14 14:00:00+09:00,3360.0,3370.0,3315.0,3345.0,14629,0.0,0.0
2024-06-17 09:00:00+09:00,3345.0,3365.0,3340.0,3360.0,0,0.0,0.0
2024-06-17 10:00:00+09:00,3360.0,3365.0,3355.0,3365.0,354,0.0,0.0
2024-06-17 11:00:00+09:00,3360.0,3365.0,3360.0,3360.0,4,0.0,0.0
2024-06-17 12:00:00+09:00,3355.0,3360.0,3340.0,3355.0,876,0.0,0.0
2024-06-17 13:00:00+09:00,3355.0,3360.0,3335.0,3360.0,1186,0.0,0.0
2024-06-17 14:00:00+09:00,3360.0,3360.0,3335.0,3350.0,642,0.0,0.0
2024-06-18 09:00:00+09:00,3320.0,3370.0,3320.0,3360.0,2262,0.0,0.0
2024-06-18 10:00:00+09:00,3360.0,3410.0,3330.0,3395.0,17484,0.0,0.0
2024-06-18 11:00:00+09:00,3395.0,3460.0,3395.0,3420.0,29663,0.0,0.0
2024-06-18 12:00:00+09:00,3420.0,3445.0,3420.0,3440.0,7406,0.0,0.0
2024-06-18 13:00:00+09:00,3440.0,3440.0,3410.0,3410.0,4645,0.0,0.0
2024-06-18 14:00:00+09:00,3415.0,3425.0,3410.0,3420.0,3601,0.0,0.0
2024-06-19 09:00:00+09:00,3410.0,3620.0,3410.0,3575.0,143675,0.0,0.0
2024-06-19 10:00:00+09:00,3570.0,3575.0,3430.0,3490.0,82199,0.0,0.0
2024-06-19 11:00:00+09:00,3490.0,3510.0,3435.0,3460.0,18939,0.0,0.0
2024-06-19 12:00:00+09:00,3460.0,3480.0,3435.0,3440.0,13243,0.0,0.0
2024-06-19 13:00:00+09:00,3440.0,3475.0,3440.0,3470.0,4661,0.0,0.0
2024-06-19 14:00:00+09:00,3460.0,3460.0,3440.0,3440.0,5143,0.0,0.0
2024-06-20 09:00:00+09:00,3480.0,3480.0,3380.0,3410.0,14752,0.0,0.0
2024-06-20 10:00:00+09:00,3410.0,3415.0,3380.0,3415.0,5475,0.0,0.0
2024-06-20 11:00:00+09:00,3415.0,3415.0,3400.0,3415.0,3523,0.0,0.0
2024-06-20 12:00:00+09:00,3415.0,3420.0,3405.0,3410.0,1173,0.0,0.0
2024-06-20 13:00:00+09:00,3410.0,3420.0,3410.0,3415.0,0,0.0,0.0
2024-06-20 14:00:00+09:00,3420.0,3420.0,3380.0,3405.0,34474,0.0,0.0
2024-06-21 09:00:00+09:00,3390.0,3400.0,3355.0,3380.0,9377,0.0,0.0
2024-06-21 10:00:00+09:00,3380.0,3380.0,3360.0,3365.0,2833,0.0,0.0
2024-06-21 11:00:00+09:00,3365.0,3385.0,3360.0,3380.0,5179,0.0,0.0
2024-06-21 12:00:00+09:00,3385.0,3405.0,3365.0,3405.0,2774,0.0,0.0
2024-06-21 13:00:00+09:00,3405.0,3405.0,3370.0,3395.0,2510,0.0,0.0
2024-06-21 14:00:00+09:00,3395.0,3410.0,3370.0,3400.0,4299,0.0,0.0
2024-06-24 09:00:00+09:00,3370.0,3380.0,3370.0,3375.0,0,0.0,0.0
2024-06-24 10:00:00+09:00,3375.0,3375.0,3355.0,3360.0,3682,0.0,0.0
2024-06-24 11:00:00+09:00,3360.0,3785.0,3360.0,3455.0,1120619,0.0,0.0
2024-06-24 12:00:00+09:00,3455.0,3470.0,3390.0,3400.0,133207,0.0,0.0
2024-06-24 13:00:00+09:00,3400.0,3415.0,3380.0,3390.0,52667,0.0,0.0
2024-06-24 14:00:00+09:00,3390.0,3405.0,3380.0,3400.0,28625,0.0,0.0
2024-06-25 09:00:00+09:00,3370.0,3470.0,3365.0,3390.0,63918,0.0,0.0
2024-06-25 10:00:00+09:00,3410.0,3410.0,3385.0,3400.0,12425,0.0,0.0
2024-06-25 11:00:00+09:00,3390.0,3410.0,3380.0,3395.0,5486,0.0,0.0
2024-06-25 12:00:00+09:00,3395.0,3400.0,3390.0,3395.0,3040,0.0,0.0
2024-06-25 13:00:00+09:00,3390.0,3395.0,3380.0,3390.0,5435,0.0,0.0
2024-06-25 14:00:00+09:00,3385.0,3395.0,3380.0,3395.0,8182,0.0,0.0
2024-06-26 09:00:00+09:00,3405.0,3475.0,3405.0,3465.0,26816,0.0,0.0
2024-06-26 10:00:00+09:00,3465.0,3465.0,3435.0,3460.0,3993,0.0,0.0
2024-06-26 11:00:00+09:00,3460.0,3460.0,3435.0,3450.0,4069,0.0,0.0
2024-06-26 12:00:00+09:00,3450.0,3455.0,3435.0,3450.0,1216,0.0,0.0
2024-06-26 13:00:00+09:00,3450.0,3450.0,3430.0,3450.0,5103,0.0,0.0
2024-06-26 14:00:00+09:00,3445.0,3450.0,3435.0,3445.0,4477,0.0,0.0
2024-06-27 09:00:00+09:00,3450.0,3460.0,3420.0,3445.0,3336,0.0,0.0
2024-06-27 10:00:00+09:00,3445.0,3450.0,3420.0,3450.0,10224,0.0,0.0
2024-06-27 11:00:00+09:00,3450.0,3455.0,3445.0,3445.0,2294,0.0,0.0
2024-06-27 12:00:00+09:00,3450.0,3450.0,3445.0,3450.0,310,0.0,0.0
2024-06-27 13:00:00+09:00,3450.0,3450.0,3440.0,3450.0,1257,0.0,0.0
2024-06-27 14:00:00+09:00,3450.0,3450.0,3430.0,3430.0,1865,0.0,0.0
2024-06-28 09:00:00+09:00,3450.0,3450.0,3430.0,3435.0,2257,0.0,0.0
2024-06-28 10:00:00+09:00,3435.0,3435.0,3405.0,3430.0,6851,0.0,0.0
2024-06-28 11:00:00+09:00,3410.0,3430.0,3400.0,3425.0,3348,0.0,0.0
2024-06-28 12:00:00+09:00,3425.0,3425.0,3400.0,3410.0,3058,0.0,0.0
2024-06-28 13:00:00+09:00,3410.0,3425.0,3395.0,3425.0,3921,0.0,0.0
2024-06-28 14:00:00+09:00,3420.0,3425.0,3410.0,3415.0,1122,0.0,0.0
2024-07-01 09:00:00+09:00,3410.0,3435.0,3410.0,3435.0,0,0.0,0.0
2024-07-01 10:00:00+09:00,3435.0,3440.0,3410.0,3435.0,3713,0.0,0.0
2024-07-01 11:00:00+09:00,3435.0,3440.0,3430.0,3430.0,2185,0.0,0.0
2024-07-01 12:00:00+09:00,3435.0,3435.0,3415.0,3435.0,619,0.0,0.0
2024-07-01 13:00:00+09:00,3425.0,3430.0,3415.0,3430.0,586,0.0,0.0
2024-07-01 14:00:00+09:00,3420.0,3430.0,3410.0,3430.0,4464,0.0,0.0
2024-07-02 09:00:00+09:00,3415.0,3430.0,3400.0,3410.0,3941,0.0,0.0
2024-07-02 10:00:00+09:00,3410.0,3425.0,3400.0,3420.0,721,0.0,0.0
2024-07-02 11:00:00+09:00,3405.0,3420.0,3405.0,3410.0,3194,0.0,0.0
2024-07-02 12:00:00+09:00,3405.0,3420.0,3400.0,3400.0,3848,0.0,0.0
2024-07-02 13:00:00+09:00,3400.0,3415.0,3400.0,3410.0,441,0.0,0.0
2024-07-02 14:00:00+09:00,3410.0,3420.0,3410.0,3415.0,2539,0.0,0.0
2024-07-03 09:00:00+09:00,3425.0,3425.0,3415.0,3420.0,4295,0.0,0.0
2024-07-03 10:00:00+09:00,3420.0,3430.0,3405.0,3430.0,8761,0.0,0.0
2024-07-03 11:00:00+09:00,3430.0,3430.0,3410.0,3430.0,3626,0.0,0.0
2024-07-03 12:00:00+09:00,3410.0,3430.0,3410.0,3420.0,662,0.0,0.0
2024-07-03 13:00:00+09:00,3415.0,3420.0,3410.0,3410.0,2479,0.0,0.0
2024-07-03 14:00:00+09:00,3410.0,3410.0,3395.0,3405.0,5760,0.0,0.0
2024-07-04 09:00:00+09:00,3405.0,3430.0,3390.0,3410.0,8702,0.0,0.0
2024-07-04 10:00:00+09:00,3410.0,3410.0,3400.0,3405.0,1725,0.0,0.0
2024-07-04 11:00:00+09:00,3400.0,3405.0,3400.0,3405.0,15,0.0,0.0
2024-07-04 12:00:00+09:00,3400.0,3405.0,3365.0,3405.0,8274,0.0,0.0
2024-07-04 13:00:00+09:00,3405.0,3405.0,3375.0,3400.0,409,0.0,0.0
2024-07-04 14:00:00+09:00,3390.0,3405.0,3380.0,3400.0,940,0.0,0.0
2024-07-05 09:00:00+09:00,3395.0,3405.0,3375.0,3400.0,4929,0.0,0.0
2024-07-05 10:00:00+09:00,3400.0,3400.0,3375.0,3390.0,2512,0.0,0.0
2024-07-05 11:00:00+09:00,3390.0,3395.0,3380.0,3390.0,2402,0.0,0.0
2024-07-05 12:00:00+09:00,3385.0,3385.0,3375.0,3375.0,2919,0.0,0.0
2024-07-05 13:00:00+09:00,3375.0,3390.0,3370.0,3390.0,4625,0.0,0.0
2024-07-05 14:00:00+09:00,3375.0,3390.0,3370.0,3370.0,7131,0.0,0.0
2024-07-08 09:00:00+09:00,3390.0,3390.0,3365.0,3390.0,0,0.0,0.0
2024-07-08 10:00:00+09:00,3390.0,3390.0,3365.0,3390.0,1143,0.0,0.0
2024-07-08 11:00:00+09:00,3365.0,3390.0,3365.0,3390.0,137,0.0,0.0
2024-07-08 12:00:00+09:00,3390.0,3390.0,3385.0,3390.0,545,0.0,0.0
2024-07-08 13:00:00+09:00,3375.0,3390.0,3370.0,3390.0,1631,0.0,0.0
2024-07-08 14:00:00+09:00,3375.0,3390.0,3375.0,3380.0,641,0.0,0.0
2024-07-09 09:00:00+09:00,3365.0,3385.0,3365.0,3385.0,250,0.0,0.0
2024-07-09 10:00:00+09:00,3385.0,3385.0,3375.0,3380.0,36,0.0,0.0
2024-07-09 11:00:00+09:00,3375.0,3380.0,3360.0,3375.0,3024,0.0,0.0
2024-07-09 12:00:00+09:00,3370.0,3380.0,3365.0,3380.0,576,0.0,0.0
2024-07-09 13:00:00+09:00,3375.0,3380.0,3365.0,3380.0,1071,0.0,0.0
2024-07-09 14:00:00+09:00,3380.0,3380.0,3370.0,3370.0,394,0.0,0.0
2024-07-10 09:00:00+09:00,3375.0,3380.0,3350.0,3375.0,7714,0.0,0.0
2024-07-10 10:00:00+09:00,3375.0,3375.0,3365.0,3365.0,0,0.0,0.0
2024-07-10 11:00:00+09:00,3365.0,3375.0,3355.0,3365.0,1140,0.0,0.0
2024-07-10 12:00:00+09:00,3365.0,3370.0,3365.0,3370.0,153,0.0,0.0
2024-07-10 13:00:00+09:00,3370.0,3375.0,3365.0,3375.0,630,0.0,0.0
2024-07-10 14:00:00+09:00,3370.0,3375.0,3365.0,3365.0,1210,0.0,0.0
2024-07-11 09:00:00+09:00,3365.0,3415.0,3365.0,3405.0,11427,0.0,0.0
2024-07-11 10:00:00+09:00,3410.0,3430.0,3400.0,3420.0,13361,0.0,0.0
2024-07-11 11:00:00+09:00,3420.0,3425.0,3415.0,3425.0,1859,0.0,0.0
2024-07-11 12:00:00+09:00,3425.0,3425.0,3420.0,3425.0,3804,0.0,0.0
2024-07-11 13:00:00+09:00,3420.0,3425.0,3400.0,3425.0,3979,0.0,0.0
2024-07-11 14:00:00+09:00,3420.0,3425.0,3400.0,3425.0,1130,0.0,0.0
2024-07-12 09:00:00+09:00,3425.0,3485.0,3420.0,3465.0,15339,0.0,0.0
2024-07-12 10:00:00+09:00,3465.0,3465.0,3435.0,3450.0,4249,0.0,0.0
2024-07-12 11:00:00+09:00,3445.0,3450.0,3440.0,3440.0,609,0.0,0.0
2024-07-12 12:00:00+09:00,3440.0,3445.0,3435.0,3445.0,762,0.0,0.0
2024-07-12 13:00:00+09:00,3440.0,3445.0,3430.0,3440.0,2371,0.0,0.0
2024-07-12 14:00:00+09:00,3435.0,3445.0,3435.0,3435.0,2526,0.0,0.0
2024-07-15 09:00:00+09:00,3445.0,3475.0,3445.0,3470.0,0,0.0,0.0
2024-07-15 10:00:00+09:00,3465.0,3465.0,3445.0,3445.0,674,0.0,0.0
2024-07-15 11:00:00+09:00,3450.0,3465.0,3450.0,3465.0,241,0.0,0.0
2024-07-15 12:00:00+09:00,3460.0,3460.0,3450.0,3455.0,1499,0.0,0.0
2024-07-15 13:00:00+09:00,3450.0,3460.0,3445.0,3455.0,6196,0.0,0.0
2024-07-15 14:00:00+09:00,3455.0,3460.0,3440.0,3445.0,4078,0.0,0.0
2024-07-16 09:00:00+09:00,3465.0,3515.0,3460.0,3475.0,12305,0.0,0.0
2024-07-16 10:00:00+09:00,3470.0,3475.0,3455.0,3455.0,7860,0.0,0.0
2024-07-16 11:00:00+09:00,3455.0,3475.0,3450.0,3475.0,3390,0.0,0.0
2024-07-16 12:00:00+09:00,3475.0,3475.0,3460.0,3475.0,3627,0.0,0.0
2024-07-16 13:00:00+09:00,3480.0,3480.0,3465.0,3470.0,304,0.0,0.0
2024-07-16 14:00:00+09:00,3470.0,3475.0,3450.0,3475.0,1635,0.0,0.0
2024-07-17 09:00:00+09:00,3475.0,3515.0,3475.0,3505.0,8476,0.0,0.0
2024-07-17 10:00:00+09:00,3505.0,3505.0,3480.0,3485.0,6652,0.0,0.0
2024-07-17 11:00:00+09:00,3500.0,3515.0,3490.0,3510.0,7791,0.0,0.0
2024-07-17 12:00:00+09:00,3505.0,3510.0,3500.0,3505.0,1315,0.0,0.0
2024-07-17 13:00:00+09:00,3495.0,3555.0,3495.0,3540.0,16113,0.0,0.0
2024-07-17 14:00:00+09:00,3530.0,3580.0,3520.0,3540.0,16061,0.0,0.0
2024-07-18 09:00:00+09:00,3550.0,3550.0,3440.0,3475.0,7211,0.0,0.0
2024-07-18 10:00:00+09:00,3475.0,3475.0,3460.0,3470.0,898,0.0,0.0
2024-07-18 11:00:00+09:00,3460.0,3470.0,3455.0,3460.0,6184,0.0,0.0
2024-07-18 12:00:00+09:00,3455.0,3470.0,3455.0,3465.0,743,0.0,0.0
2024-07-18 13:00:00+09:00,3460.0,3465.0,3455.0,3465.0,4410,0.0,0.0
2024-07-18 14:00:00+09:00,3465.0,3470.0,3460.0,3470.0,631,0.0,0.0
2024-07-19 09:00:00+09:00,3440.0,3485.0,3440.0,3485.0,2217,0.0,0.0
2024-07-19 10:00:00+09:00,3485.0,3485.0,3470.0,3475.0,3073,0.0,0.0
2024-07-19 11:00:00+09:00,3470.0,3480.0,3470.0,3475.0,90,0.0,0.0
2024-07-19 12:00:00+09:00,3470.0,3480.0,3460.0,3460.0,1707,0.0,0.0
2024-07-19 13:00:00+09:00,3470.0,3470.0,3455.0,3455.0,2292,0.0,0.0
2024-07-19 14:00:00+09:00,3455.0,3485.0,3455.0,3480.0,6095,0.0,0.0
2024-07-22 09:00:00+09:00,3450.0,3485.0,3350.0,3395.0,18045,0.0,0.0
2024-07-22 10:00:00+09:00,3395.0,3410.0,3375.0,3400.0,2682,0.0,0.0
2024-07-22 11:00:00+09:00,3400.0,3405.0,3390.0,3400.0,173,0.0,0.0
2024-07-22 12:00:00+09:00,3400.0,3400.0,3385.0,3395.0,1190,0.0,0.0
2024-07-22 13:00:00+09:00,3395.0,3395.0,3385.0,3390.0,808,0.0,0.0
2024-07-22 14:00:00+09:00,3385.0,3390.0,3375.0,3385.0,1721,0.0,0.0
2024-07-23 09:00:00+09:00,3425.0,3425.0,3365.0,3365.0,1473,0.0,0.0
2024-07-23 10:00:00+09:00,3395.0,3395.0,3370.0,3390.0,930,0.0,0.0
2024-07-23 11:00:00+09:00,3385.0,3390.0,3365.0,3390.0,1978,0.0,0.0
2024-07-23 12:00:00+09:00,3390.0,3395.0,3380.0,3390.0,640,0.0,0.0
2024-07-23 13:00:00+09:00,3390.0,3395.0,3390.0,3395.0,256,0.0,0.0
2024-07-23 14:00:00+09:00,3400.0,3405.0,3365.0,3375.0,2663,0.0,0.0
2024-07-24 09:00:00+09:00,3350.0,3410.0,3350.0,3395.0,1646,0.0,0.0
2024-07-24 10:00:00+09:00,3395.0,3405.0,3395.0,3400.0,1210,0.0,0.0
2024-07-24 11:00:00+09:00,3400.0,3400.0,3365.0,3380.0,2939,0.0,0.0
2024-07-24 12:00:00+09:00,3380.0,3395.0,3370.0,3390.0,1334,0.0,0.0
2024-07-24 13:00:00+09:00,3390.0,3390.0,3365.0,3385.0,2308,0.0,0.0
2024-07-24 14:00:00+09:00,3365.0,3390.0,3350.0,3390.0,4787,0.0,0.0
2024-07-25 09:00:00+09:00,3360.0,3380.0,3340.0,3350.0,6702,0.0,0.0
2024-07-25 10:00:00+09:00,3350.0,3365.0,3330.0,3350.0,10575,0.0,0.0
2024-07-25 11:00:00+09:00,3350.0,3350.0,3325.0,3330.0,3855,0.0,0.0
2024-07-25 12:00:00+09:00,3330.0,3340.0,3330.0,3335.0,195,0.0,0.0
2024-07-25 13:00:00+09:00,3330.0,3340.0,3325.0,3340.0,1802,0.0,0.0
2024-07-25 14:00:00+09:00,3330.0,3340.0,3325.0,3330.0,1760,0.0,0.0
2024-07-26 09:00:00+09:00,3315.0,3395.0,3315.0,3375.0,1114,0.0,0.0
2024-07-26 10:00:00+09:00,3370.0,3375.0,3365.0,3370.0,628,0.0,0.0
2024-07-26 11:00:00+09:00,3365.0,3370.0,3340.0,3340.0,1554,0.0,0.0
2024-07-26 12:00:00+09:00,3335.0,3355.0,3330.0,3350.0,564,0.0,0.0
2024-07-26 13:00:00+09:00,3335.0,3355.0,3320.0,3335.0,3586,0.0,0.0
2024-07-26 14:00:00+09:00,3320.0,3350.0,3310.0,3325.0,39523,0.0,0.0
2024-07-29 09:00:00+09:00,3335.0,3350.0,3325.0,3340.0,0,0.0,0.0
2024-07-29 10:00:00+09:00,3340.0,3345.0,3320.0,3340.0,3676,0.0,0.0
2024-07-29 11:00:00+09:00,3340.0,3340.0,3320.0,3340.0,262,0.0,0.0
2024-07-29 12:00:00+09:00,3335.0,3340.0,3320.0,3330.0,636,0.0,0.0
2024-07-29 13:00:00+09:00,3330.0,3365.0,3330.0,3365.0,2251,0.0,0.0
2024-07-29 14:00:00+09:00,3355.0,3370.0,3355.0,3360.0,539,0.0,0.0
2024-07-30 09:00:00+09:00,3380.0,3380.0,3360.0,3370.0,3619,0.0,0.0
2024-07-30 10:00:00+09:00,3375.0,3375.0,3350.0,3370.0,922,0.0,0.0
2024-07-30 11:00:00+09:00,3370.0,3370.0,3350.0,3350.0,254,0.0,0.0
2024-07-30 12:00:00+09:00,3355.0,3365.0,3335.0,3340.0,2783,0.0,0.0
2024-07-30 13:00:00+09:00,3335.0,3340.0,3335.0,3340.0,375,0.0,0.0
2024-07-30 14:00:00+09:00,3335.0,3340.0,3335.0,3340.0,495,0.0,0.0
2024-07-31 09:00:00+09:00,3310.0,3360.0,3300.0,3335.0,6881,0.0,0.0
2024-07-31 10:00:00+09:00,3335.0,3335.0,3325.0,3330.0,361,0.0,0.0
2024-07-31 11:00:00+09:00,3325.0,3335.0,3310.0,3335.0,2348,0.0,0.0
2024-07-31 12:00:00+09:00,3335.0,3345.0,3315.0,3345.0,1736,0.0,0.0
2024-07-31 13:00:00+09:00,3345.0,3345.0,3340.0,3340.0,2,0.0,0.0
2024-07-31 14:00:00+09:00,3335.0,3340.0,3325.0,3340.0,746,0.0,0.0
2024-08-01 09:00:00+09:00,3355.0,3370.0,3320.0,3360.0,1436,0.0,0.0
2024-08-01 10:00:00+09:00,3360.0,3360.0,3335.0,3350.0,1621,0.0,0.0
2024-08-01 11:00:00+09:00,3350.0,3350.0,3315.0,3345.0,3257,0.0,0.0
2024-08-01 12:00:00+09:00,3345.0,3350.0,3330.0,3345.0,776,0.0,0.0
2024-08-01 13:00:00+09:00,3340.0,3345.0,3340.0,3345.0,87,0.0,0.0
2024-08-01 14:00:00+09:00,3345.0,3350.0,3345.0,3350.0,736,0.0,0.0
2024-08-02 09:00:00+09:00,3350.0,3365.0,3310.0,3325.0,2449,0.0,0.0
2024-08-02 10:00:00+09:00,3310.0,3325.0,3295.0,3295.0,11285,0.0,0.0
2024-08-02 11:00:00+09:00,3315.0,3315.0,3275.0,3310.0,9272,0.0,0.0
2024-08-02 12:00:00+09:00,3295.0,3320.0,3285.0,3300.0,2948,0.0,0.0
2024-08-02 13:00:00+09:00,3300.0,3300.0,3265.0,3265.0,3676,0.0,0.0
2024-08-02 14:00:00+09:00,3270.0,3285.0,3240.0,3250.0,13430,0.0,0.0
