Datetime,Open,High,Low,Close,Volume,Dividends,Stock Splits
2023-02-21 09:30:00-05:00,0.37630000710487366,0.38999998569488525,0.37380000948905945,0.38999998569488525,7292,0.0,0.0
2023-02-21 10:30:00-05:00,0.3799999952316284,0.3799999952316284,0.3781000077724457,0.3799999952316284,6943,0.0,0.0
2023-02-21 11:30:00-05:00,0.3799999952316284,0.3799999952316284,0.3781000077724457,0.3799999952316284,2284,0.0,0.0
2023-02-21 12:30:00-05:00,0.3799999952316284,0.3799999952316284,0.3700000047683716,0.3745500147342682,10233,0.0,0.0
2023-02-21 13:30:00-05:00,0.3779999911785126,0.38499999046325684,0.37130001187324524,0.38499999046325684,30910,0.0,0.0
2023-02-21 14:30:00-05:00,0.38429999351501465,0.38499999046325684,0.37549999356269836,0.3840000033378601,43908,0.0,0.0
2023-02-21 15:30:00-05:00,0.383899986743927,0.3840000033378601,0.3799999952316284,0.3840000033378601,2637,0.0,0.0
2023-02-22 09:30:00-05:00,0.37459999322891235,0.38999998569488525,0.36010101437568665,0.36010101437568665,13374,0.0,0.0
2023-02-22 10:30:00-05:00,0.36750099062919617,0.375,0.36000001430511475,0.37049999833106995,66566,0.0,0.0
2023-02-22 11:30:00-05:00,0.3700000047683716,0.3711000084877014,0.36399999260902405,0.36399999260902405,13768,0.0,0.0
2023-02-22 12:30:00-05:00,0.36399999260902405,0.367900013923645,0.36039999127388,0.3639500141143799,1734,0.0,0.0
2023-02-22 13:30:00-05:00,0.36010000109672546,0.3619999885559082,0.3577899932861328,0.3578000068664551,37003,0.0,0.0
2023-02-22 14:30:00-05:00,0.3578000068664551,0.3601999878883362,0.3499999940395355,0.36000001430511475,131287,0.0,0.0
2023-02-22 15:30:00-05:00,0.3589000105857849,0.367900013923645,0.35749998688697815,0.367900013923645,84007,0.0,0.0
2023-02-23 09:30:00-05:00,0.36149999499320984,0.3700000047683716,0.36149999499320984,0.3693999946117401,33892,0.0,0.0
2023-02-23 10:30:00-05:00,0.3691999912261963,0.3691999912261963,0.3580000102519989,0.3580000102519989,7787,0.0,0.0
2023-02-23 11:30:00-05:00,0.3578999936580658,0.3628000020980835,0.3578999936580658,0.3582000136375427,2263,0.0,0.0
2023-02-23 12:30:00-05:00,0.36039999127388,0.361299991607666,0.36010000109672546,0.361299991607666,5042,0.0,0.0
2023-02-23 13:30:00-05:00,0.36010000109672546,0.36640000343322754,0.36010000109672546,0.36469998955726624,19781,0.0,0.0
2023-02-23 14:30:00-05:00,0.36469998955726624,0.36480000615119934,0.36000001430511475,0.36329999566078186,15542,0.0,0.0
2023-02-23 15:30:00-05:00,0.36239999532699585,0.36340001225471497,0.36039999127388,0.36340001225471497,5819,0.0,0.0
2023-02-24 09:30:00-05:00,0.37059998512268066,0.3799999952316284,0.35920000076293945,0.3695000112056732,16573,0.0,0.0
2023-02-24 10:30:00-05:00,0.359499990940094,0.36899998784065247,0.35040101408958435,0.35040101408958435,6210,0.0,0.0
2023-02-24 11:30:00-05:00,0.35040000081062317,0.3871000111103058,0.35040000081062317,0.37599998712539673,123064,0.0,0.0
2023-02-24 12:30:00-05:00,0.384799987077713,0.384799987077713,0.3707999885082245,0.3799000084400177,11118,0.0,0.0
2023-02-24 13:30:00-05:00,0.3707999885082245,0.3707999885082245,0.3580999970436096,0.3675999939441681,4347,0.0,0.0
2023-02-24 14:30:00-05:00,0.36309999227523804,0.36559900641441345,0.3580000102519989,0.36559900641441345,5885,0.0,0.0
2023-02-24 15:30:00-05:00,0.36010000109672546,0.3659000098705292,0.35830000042915344,0.35830000042915344,10237,0.0,0.0
2023-02-27 09:30:00-05:00,0.36000001430511475,0.38999998569488525,0.3580000102519989,0.38339999318122864,35166,0.0,0.0
2023-02-27 10:30:00-05:00,0.38999998569488525,0.38999998569488525,0.3700000047683716,0.3799999952316284,30514,0.0,0.0
2023-02-27 11:30:00-05:00,0.37459999322891235,0.3801000118255615,0.3736000061035156,0.3799000084400177,5914,0.0,0.0
2023-02-27 12:30:00-05:00,0.3741999864578247,0.3797000050544739,0.3695000112056732,0.3736000061035156,4980,0.0,0.0
2023-02-27 13:30:00-05:00,0.37369999289512634,0.3799000084400177,0.37070000171661377,0.3785000145435333,6228,0.0,0.0
2023-02-27 14:30:00-05:00,0.37709999084472656,0.3799999952316284,0.375,0.3767000138759613,17542,0.0,0.0
2023-02-27 15:30:00-05:00,0.3767000138759613,0.37959998846054077,0.3767000138759613,0.37959998846054077,6550,0.0,0.0
2023-02-28 09:30:00-05:00,0.36000001430511475,0.3700000047683716,0.3546000123023987,0.3700000047683716,29749,0.0,0.0
2023-02-28 10:30:00-05:00,0.3700000047683716,0.3700000047683716,0.36059999465942383,0.36149999499320984,10878,0.0,0.0
2023-02-28 11:30:00-05:00,0.3700000047683716,0.3720000088214874,0.3617999851703644,0.36879900097846985,19120,0.0,0.0
2023-02-28 12:30:00-05:00,0.3720000088214874,0.3720000088214874,0.36550000309944153,0.3682999908924103,9451,0.0,0.0
2023-02-28 13:30:00-05:00,0.36559998989105225,0.36570000648498535,0.3580999970436096,0.358599990606308,12768,0.0,0.0
2023-02-28 14:30:00-05:00,0.3587000072002411,0.36500000953674316,0.35850000381469727,0.36489999294281006,21873,0.0,0.0
2023-02-28 15:30:00-05:00,0.36489999294281006,0.36500000953674316,0.3610000014305115,0.3610000014305115,12205,0.0,0.0
2023-03-01 09:30:00-05:00,0.367000013589859,0.3725999891757965,0.36010000109672546,0.36808300018310547,28275,0.0,0.0
2023-03-01 10:30:00-05:00,0.3671000003814697,0.36980000138282776,0.3547999858856201,0.3547999858856201,16596,0.0,0.0
2023-03-01 11:30:00-05:00,0.35510000586509705,0.36010000109672546,0.35510000586509705,0.3553999960422516,16127,0.0,0.0
2023-03-01 12:30:00-05:00,0.3553999960422516,0.35544300079345703,0.3441999852657318,0.3441999852657318,70725,0.0,0.0
2023-03-01 13:30:00-05:00,0.3456999957561493,0.34860000014305115,0.3440999984741211,0.34860000014305115,7957,0.0,0.0
2023-03-01 14:30:00-05:00,0.36500000953674316,0.3700000047683716,0.35850000381469727,0.36625000834465027,10231,0.0,0.0
2023-03-01 15:30:00-05:00,0.36625000834465027,0.3709999918937683,0.3630000054836273,0.3709999918937683,23684,0.0,0.0
2023-03-02 09:30:00-05:00,0.3540000021457672,0.375,0.3504999876022339,0.3747990131378174,11421,0.0,0.0
2023-03-02 10:30:00-05:00,0.37389999628067017,0.37400001287460327,0.3625999987125397,0.3697989881038666,28125,0.0,0.0
2023-03-02 11:30:00-05:00,0.3698999881744385,0.3698999881744385,0.3562999963760376,0.3562999963760376,6319,0.0,0.0
2023-03-02 12:30:00-05:00,0.35510000586509705,0.36800000071525574,0.35499998927116394,0.35989999771118164,1829,0.0,0.0
2023-03-02 13:30:00-05:00,0.35979899764060974,0.3612000048160553,0.35030001401901245,0.3612000048160553,29449,0.0,0.0
2023-03-02 14:30:00-05:00,0.3612000048160553,0.3612000048160553,0.350600004196167,0.3522999882698059,9978,0.0,0.0
2023-03-02 15:30:00-05:00,0.3522999882698059,0.36000001430511475,0.3521000146865845,0.36000001430511475,10069,0.0,0.0
2023-03-03 09:30:00-05:00,0.3749000132083893,0.3799000084400177,0.35499998927116394,0.36970001459121704,15324,0.0,0.0
2023-03-03 10:30:00-05:00,0.36970001459121704,0.36970001459121704,0.35499998927116394,0.36010000109672546,15531,0.0,0.0
2023-03-03 11:30:00-05:00,0.3695000112056732,0.3695000112056732,0.36000001430511475,0.3693999946117401,8415,0.0,0.0
2023-03-03 12:30:00-05:00,0.3693999946117401,0.3693999946117401,0.3596000075340271,0.3634999990463257,9426,0.0,0.0
2023-03-03 13:30:00-05:00,0.3621000051498413,0.3709999918937683,0.3621000051498413,0.3709999918937683,54695,0.0,0.0
2023-03-03 14:30:00-05:00,0.3709999918937683,0.3709999918937683,0.36800000071525574,0.3684999942779541,5299,0.0,0.0
2023-03-03 15:30:00-05:00,0.3684999942779541,0.3700000047683716,0.36489999294281006,0.36489999294281006,30343,0.0,0.0
2023-03-06 09:30:00-05:00,0.4099999964237213,0.4189999997615814,0.3822000026702881,0.4092000126838684,158170,0.0,0.0
2023-03-06 10:30:00-05:00,0.4077009856700897,0.42640000581741333,0.4077000021934509,0.4230000078678131,174041,0.0,0.0
2023-03-06 11:30:00-05:00,0.42260000109672546,0.43619999289512634,0.4050000011920929,0.4052000045776367,238989,0.0,0.0
2023-03-06 12:30:00-05:00,0.4052000045776367,0.43299999833106995,0.4047999978065491,0.42719998955726624,145858,0.0,0.0
2023-03-06 13:30:00-05:00,0.42719998955726624,0.4320000112056732,0.420199990272522,0.4275999963283539,79263,0.0,0.0
2023-03-06 14:30:00-05:00,0.4307999908924103,0.4316999912261963,0.4275999963283539,0.42899999022483826,201458,0.0,0.0
2023-03-06 15:30:00-05:00,0.42899999022483826,0.43299999833106995,0.42160001397132874,0.42160001397132874,150425,0.0,0.0
2023-03-07 09:30:00-05:00,0.4399999976158142,0.4399999976158142,0.41999998688697815,0.4399999976158142,59887,0.0,0.0
2023-03-07 10:30:00-05:00,0.41999998688697815,0.44999998807907104,0.41999998688697815,0.4474000036716461,163529,0.0,0.0
2023-03-07 11:30:00-05:00,0.44999998807907104,0.4512999951839447,0.43160000443458557,0.4512999951839447,142818,0.0,0.0
2023-03-07 12:30:00-05:00,0.4514000117778778,0.4699999988079071,0.45010000467300415,0.4699999988079071,108919,0.0,0.0
2023-03-07 13:30:00-05:00,0.45989999175071716,0.4699999988079071,0.45899999141693115,0.4596000015735626,197936,0.0,0.0
2023-03-07 14:30:00-05:00,0.4595000147819519,0.4699999988079071,0.4577000141143799,0.46059998869895935,136087,0.0,0.0
2023-03-07 15:30:00-05:00,0.46059998869895935,0.4699999988079071,0.4535999894142151,0.45840001106262207,180791,0.0,0.0
2023-03-08 09:30:00-05:00,0.4528999924659729,0.48399999737739563,0.4528999924659729,0.4650000035762787,126896,0.0,0.0
2023-03-08 10:30:00-05:00,0.4650000035762787,0.4699999988079071,0.45989999175071716,0.46560001373291016,44565,0.0,0.0
2023-03-08 11:30:00-05:00,0.4634999930858612,0.4699999988079071,0.46140000224113464,0.4699999988079071,54594,0.0,0.0
2023-03-08 12:30:00-05:00,0.4699999988079071,0.4699999988079071,0.4657999873161316,0.4690000116825104,31293,0.0,0.0
2023-03-08 13:30:00-05:00,0.4699999988079071,0.4699999988079071,0.4681999981403351,0.4699000120162964,61311,0.0,0.0
2023-03-08 14:30:00-05:00,0.4699000120162964,0.47440001368522644,0.4648999869823456,0.47440001368522644,55705,0.0,0.0
2023-03-08 15:30:00-05:00,0.47440001368522644,0.47690001130104065,0.4650999903678894,0.4650999903678894,27961,0.0,0.0
2023-03-09 09:30:00-05:00,0.49000000953674316,0.49889999628067017,0.46959999203681946,0.4699999988079071,118547,0.0,0.0
2023-03-09 10:30:00-05:00,0.4699999988079071,0.477400004863739,0.46970000863075256,0.47699999809265137,21178,0.0,0.0
2023-03-09 11:30:00-05:00,0.47699999809265137,0.4950000047683716,0.47609999775886536,0.4950000047683716,47555,0.0,0.0
2023-03-09 12:30:00-05:00,0.4950000047683716,0.4950000047683716,0.4699999988079071,0.4948999881744385,96943,0.0,0.0
2023-03-09 13:30:00-05:00,0.48969998955726624,0.5,0.48639199137687683,0.49939998984336853,225659,0.0,0.0
2023-03-09 14:30:00-05:00,0.499210000038147,0.5,0.4945000112056732,0.4966999888420105,91809,0.0,0.0
2023-03-09 15:30:00-05:00,0.4945000112056732,0.49889999628067017,0.48840001225471497,0.4927999973297119,112855,0.0,0.0
2023-03-10 09:30:00-05:00,0.48010000586509705,0.5,0.4699999988079071,0.4699999988079071,226822,0.0,0.0
2023-03-10 10:30:00-05:00,0.4699999988079071,0.474700003862381,0.4699999988079071,0.4700999855995178,59946,0.0,0.0
2023-03-10 11:30:00-05:00,0.4700999855995178,0.47429999709129333,0.44999998807907104,0.45680001378059387,119243,0.0,0.0
2023-03-10 12:30:00-05:00,0.45680001378059387,0.46970000863075256,0.45680001378059387,0.4690000116825104,19733,0.0,0.0
2023-03-10 13:30:00-05:00,0.4690000116825104,0.4690000116825104,0.46000000834465027,0.4668999910354614,26422,0.0,0.0
2023-03-10 14:30:00-05:00,0.4659000039100647,0.4659999907016754,0.46000000834465027,0.46000000834465027,52606,0.0,0.0
2023-03-10 15:30:00-05:00,0.46560001373291016,0.4699999988079071,0.46000000834465027,0.4699000120162964,57822,0.0,0.0
2023-03-13 09:30:00-04:00,0.4724999964237213,0.4790000021457672,0.46000000834465027,0.4790000021457672,62683,0.0,0.0
2023-03-13 10:30:00-04:00,0.4790000021457672,0.47999998927116394,0.4724009931087494,0.47999998927116394,37326,0.0,0.0
2023-03-13 11:30:00-04:00,0.47999998927116394,0.4948999881744385,0.47530001401901245,0.4817500114440918,38190,0.0,0.0
2023-03-13 12:30:00-04:00,0.4869000017642975,0.4869000017642975,0.47999998927116394,0.4816249907016754,36972,0.0,0.0
2023-03-13 13:30:00-04:00,0.48649999499320984,0.48649999499320984,0.4749999940395355,0.4749999940395355,42954,0.0,0.0
2023-03-13 14:30:00-04:00,0.47519999742507935,0.48100000619888306,0.4681999981403351,0.47929999232292175,29521,0.0,0.0
2023-03-13 15:30:00-04:00,0.47929999232292175,0.48100000619888306,0.44999998807907104,0.44999998807907104,62156,0.0,0.0
2023-03-14 09:30:00-04:00,0.44999998807907104,0.4950000047683716,0.44999998807907104,0.461650013923645,88438,0.0,0.0
2023-03-14 10:30:00-04:00,0.4627000093460083,0.4627000093460083,0.4410000145435333,0.4537000060081482,67118,0.0,0.0
2023-03-14 11:30:00-04:00,0.4537000060081482,0.4542999863624573,0.44110000133514404,0.4523000121116638,58736,0.0,0.0
2023-03-14 12:30:00-04:00,0.4523000121116638,0.453000009059906,0.4410000145435333,0.44530001282691956,74691,0.0,0.0
2023-03-14 13:30:00-04:00,0.44530001282691956,0.4587000012397766,0.4410000145435333,0.4587000012397766,36855,0.0,0.0
2023-03-14 14:30:00-04:00,0.45010000467300415,0.4586000144481659,0.4410000145435333,0.4410499930381775,52971,0.0,0.0
2023-03-14 15:30:00-04:00,0.4410499930381775,0.45170000195503235,0.4410000145435333,0.45170000195503235,35157,0.0,0.0
2023-03-15 09:30:00-04:00,0.4442000091075897,0.44929999113082886,0.42730000615119934,0.4278999865055084,164429,0.0,0.0
2023-03-15 10:30:00-04:00,0.42590001225471497,0.4278999865055084,0.41999998688697815,0.427700012922287,107307,0.0,0.0
2023-03-15 11:30:00-04:00,0.427700012922287,0.4318000078201294,0.42100000381469727,0.4318000078201294,15407,0.0,0.0
2023-03-15 12:30:00-04:00,0.4318000078201294,0.4318000078201294,0.42289999127388,0.4311999976634979,21858,0.0,0.0
2023-03-15 13:30:00-04:00,0.4271000027656555,0.4311999976634979,0.42260000109672546,0.43059998750686646,40660,0.0,0.0
2023-03-15 14:30:00-04:00,0.43059998750686646,0.44999998807907104,0.42271000146865845,0.4453499913215637,152533,0.0,0.0
2023-03-15 15:30:00-04:00,0.4406999945640564,0.4724999964237213,0.421099990606308,0.44999998807907104,357621,0.0,0.0
2023-03-16 09:30:00-04:00,0.4666000008583069,0.47999998927116394,0.4650000035762787,0.47999998927116394,91562,0.0,0.0
2023-03-16 10:30:00-04:00,0.47999998927116394,0.4945000112056732,0.4702000021934509,0.486299991607666,102963,0.0,0.0
2023-03-16 11:30:00-04:00,0.48989999294281006,0.49000000953674316,0.48429998755455017,0.48590001463890076,45095,0.0,0.0
2023-03-16 12:30:00-04:00,0.48590001463890076,0.4867999851703644,0.47600001096725464,0.4867999851703644,56540,0.0,0.0
2023-03-16 13:30:00-04:00,0.48330000042915344,0.48899999260902405,0.48330000042915344,0.4880000054836273,41076,0.0,0.0
2023-03-16 14:30:00-04:00,0.4880000054836273,0.5059999823570251,0.48339998722076416,0.49459999799728394,442690,0.0,0.0
2023-03-16 15:30:00-04:00,0.49584999680519104,0.5299999713897705,0.4902999997138977,0.5110999941825867,628040,0.0,0.0
2023-03-17 09:30:00-04:00,0.5285000205039978,0.5404000282287598,0.5099999904632568,0.5336999893188477,247347,0.0,0.0
2023-03-17 10:30:00-04:00,0.5336999893188477,0.5400000214576721,0.5,0.5066999793052673,154910,0.0,0.0
2023-03-17 11:30:00-04:00,0.5140500068664551,0.5296000242233276,0.5066999793052673,0.5220000147819519,107968,0.0,0.0
2023-03-17 12:30:00-04:00,0.5220000147819519,0.5299999713897705,0.5198000073432922,0.5271999835968018,74493,0.0,0.0
2023-03-17 13:30:00-04:00,0.5271000266075134,0.5339000225067139,0.5257999897003174,0.533050000667572,123849,0.0,0.0
2023-03-17 14:30:00-04:00,0.5339000225067139,0.6499999761581421,0.5321999788284302,0.6420000195503235,1190665,0.0,0.0
2023-03-17 15:30:00-04:00,0.6480000019073486,0.6599000096321106,0.5859000086784363,0.5900999903678894,600387,0.0,0.0
2023-03-20 09:30:00-04:00,0.5954999923706055,0.6000000238418579,0.5609999895095825,0.5611000061035156,166647,0.0,0.0
2023-03-20 10:30:00-04:00,0.5705000162124634,0.5705000162124634,0.5511999726295471,0.5594000220298767,57671,0.0,0.0
2023-03-20 11:30:00-04:00,0.5594499707221985,0.5697000026702881,0.5594000220298767,0.5648499727249146,70847,0.0,0.0
2023-03-20 12:30:00-04:00,0.5648499727249146,0.5699999928474426,0.559499979019165,0.5632500052452087,112813,0.0,0.0
2023-03-20 13:30:00-04:00,0.5633000135421753,0.569599986076355,0.5600000023841858,0.5626000165939331,163152,0.0,0.0
2023-03-20 14:30:00-04:00,0.5626000165939331,0.6200000047683716,0.5626000165939331,0.6172999739646912,253655,0.0,0.0
2023-03-20 15:30:00-04:00,0.6198999881744385,0.6488999724388123,0.6144999861717224,0.6480000019073486,253187,0.0,0.0
2023-03-21 09:30:00-04:00,0.6299999952316284,0.6299999952316284,0.6000000238418579,0.6000999808311462,79328,0.0,0.0
2023-03-21 10:30:00-04:00,0.6000499725341797,0.6098999977111816,0.6000249981880188,0.6098999977111816,19992,0.0,0.0
2023-03-21 11:30:00-04:00,0.6098999977111816,0.6098999977111816,0.5932999849319458,0.5965999960899353,85843,0.0,0.0
2023-03-21 12:30:00-04:00,0.5948010087013245,0.5965999960899353,0.5827000141143799,0.5900999903678894,50870,0.0,0.0
2023-03-21 13:30:00-04:00,0.5899999737739563,0.6200000047683716,0.5899999737739563,0.6200000047683716,124455,0.0,0.0
2023-03-21 14:30:00-04:00,0.6168000102043152,0.6685000061988831,0.6136000156402588,0.6471999883651733,338455,0.0,0.0
2023-03-21 15:30:00-04:00,0.6489999890327454,0.6700000166893005,0.6349999904632568,0.6351000070571899,468435,0.0,0.0
2023-03-22 09:30:00-04:00,0.6208000183105469,0.6600000262260437,0.6208000183105469,0.6437000036239624,53381,0.0,0.0
2023-03-22 10:30:00-04:00,0.6437000036239624,0.6437000036239624,0.6304749846458435,0.6399000287055969,43296,0.0,0.0
2023-03-22 11:30:00-04:00,0.6396499872207642,0.6399999856948853,0.6394000053405762,0.6395000219345093,44286,0.0,0.0
2023-03-22 12:30:00-04:00,0.6395000219345093,0.6399000287055969,0.6297000050544739,0.6399000287055969,64917,0.0,0.0
2023-03-22 13:30:00-04:00,0.6399000287055969,0.6589999794960022,0.6331999897956848,0.6449999809265137,100029,0.0,0.0
2023-03-22 14:30:00-04:00,0.6449499726295471,0.6689000129699707,0.6000000238418579,0.6399000287055969,505519,0.0,0.0
2023-03-22 15:30:00-04:00,0.635200023651123,0.6539999842643738,0.609000027179718,0.6462000012397766,327419,0.0,0.0
2023-03-23 09:30:00-04:00,0.6200000047683716,0.6463000178337097,0.6119999885559082,0.6302000284194946,95523,0.0,0.0
2023-03-23 10:30:00-04:00,0.6302000284194946,0.6345999836921692,0.6182000041007996,0.6299999952316284,59717,0.0,0.0
2023-03-23 11:30:00-04:00,0.6180999875068665,0.6309999823570251,0.6180999875068665,0.6309999823570251,12288,0.0,0.0
2023-03-23 12:30:00-04:00,0.6309999823570251,0.6463000178337097,0.6299999952316284,0.6399999856948853,28917,0.0,0.0
2023-03-23 13:30:00-04:00,0.6399999856948853,0.6399999856948853,0.6299999952316284,0.6398000121116638,46751,0.0,0.0
2023-03-23 14:30:00-04:00,0.6373999714851379,0.6499999761581421,0.6341999769210815,0.6499000191688538,128716,0.0,0.0
2023-03-23 15:30:00-04:00,0.6499000191688538,0.6700000166893005,0.6499000191688538,0.6700000166893005,182091,0.0,0.0
2023-03-24 09:30:00-04:00,0.6582000255584717,0.6582000255584717,0.6299999952316284,0.6399999856948853,21540,0.0,0.0
2023-03-24 10:30:00-04:00,0.6420000195503235,0.6438999772071838,0.6301000118255615,0.6357499957084656,60316,0.0,0.0
2023-03-24 11:30:00-04:00,0.6414999961853027,0.6499999761581421,0.6399999856948853,0.6498000025749207,54216,0.0,0.0
2023-03-24 12:30:00-04:00,0.6498000025749207,0.6498000025749207,0.635200023651123,0.6399000287055969,48197,0.0,0.0
2023-03-24 13:30:00-04:00,0.6399000287055969,0.6488000154495239,0.6355999708175659,0.6485999822616577,36800,0.0,0.0
2023-03-24 14:30:00-04:00,0.6485999822616577,0.6498000025749207,0.6355000138282776,0.6445000171661377,52650,0.0,0.0
2023-03-24 15:30:00-04:00,0.6445000171661377,0.6460999846458435,0.642799973487854,0.6460999846458435,76137,0.0,0.0
2023-03-27 09:30:00-04:00,0.6499999761581421,0.6499999761581421,0.6241999864578247,0.6241999864578247,50927,0.0,0.0
2023-03-27 10:30:00-04:00,0.6378999948501587,0.6378999948501587,0.6050000190734863,0.6162999868392944,66336,0.0,0.0
2023-03-27 11:30:00-04:00,0.6215999722480774,0.6215999722480774,0.6050000190734863,0.6129000186920166,31362,0.0,0.0
2023-03-27 12:30:00-04:00,0.6132490038871765,0.6183000206947327,0.6100000143051147,0.6182000041007996,10574,0.0,0.0
2023-03-27 13:30:00-04:00,0.6182000041007996,0.6208000183105469,0.6118000149726868,0.6126999855041504,22512,0.0,0.0
2023-03-27 14:30:00-04:00,0.6207000017166138,0.6208000183105469,0.6122000217437744,0.614300012588501,13440,0.0,0.0
2023-03-27 15:30:00-04:00,0.6195999979972839,0.6205000281333923,0.6062999963760376,0.6123999953269958,18928,0.0,0.0
2023-03-28 09:30:00-04:00,0.609499990940094,0.609499990940094,0.5667999982833862,0.574999988079071,256957,0.0,0.0
2023-03-28 10:30:00-04:00,0.574999988079071,0.5751000046730042,0.5669999718666077,0.5748999714851379,62444,0.0,0.0
2023-03-28 11:30:00-04:00,0.5748999714851379,0.574999988079071,0.5640000104904175,0.5640000104904175,201673,0.0,0.0
2023-03-28 12:30:00-04:00,0.5641000270843506,0.574999988079071,0.5640000104904175,0.574999988079071,52158,0.0,0.0
2023-03-28 13:30:00-04:00,0.5749989748001099,0.574999988079071,0.5640000104904175,0.5724999904632568,21378,0.0,0.0
2023-03-28 14:30:00-04:00,0.5724999904632568,0.5799999833106995,0.565500020980835,0.5799000263214111,46025,0.0,0.0
2023-03-28 15:30:00-04:00,0.5735999941825867,0.5799999833106995,0.5669000148773193,0.5799999833106995,31977,0.0,0.0
2023-03-29 09:30:00-04:00,0.5687999725341797,0.5799999833106995,0.567300021648407,0.5795000195503235,98062,0.0,0.0
2023-03-29 10:30:00-04:00,0.5795000195503235,0.5954999923706055,0.5759999752044678,0.5867999792098999,39373,0.0,0.0
2023-03-29 11:30:00-04:00,0.5867999792098999,0.5867999792098999,0.517799973487854,0.5498999953269958,85865,0.0,0.0
2023-03-29 12:30:00-04:00,0.5470499992370605,0.5583000183105469,0.5446000099182129,0.5569999814033508,37114,0.0,0.0
2023-03-29 13:30:00-04:00,0.5525000095367432,0.5659999847412109,0.5525000095367432,0.5633000135421753,79322,0.0,0.0
2023-03-29 14:30:00-04:00,0.5633000135421753,0.5649999976158142,0.5615500211715698,0.5631999969482422,21024,0.0,0.0
2023-03-29 15:30:00-04:00,0.5631999969482422,0.5699999928474426,0.5616000294685364,0.5699999928474426,0,0.0,0.0
2023-03-30 09:30:00-04:00,0.5595999956130981,0.5799999833106995,0.550000011920929,0.5799999833106995,9762,0.0,0.0
2023-03-30 10:30:00-04:00,0.5799999833106995,0.6000000238418579,0.5600000023841858,0.5900499820709229,46223,0.0,0.0
2023-03-30 11:30:00-04:00,0.5999000072479248,0.6100000143051147,0.5981000065803528,0.6000000238418579,52686,0.0,0.0
2023-03-30 12:30:00-04:00,0.6000999808311462,0.603600025177002,0.5995000004768372,0.5995000004768372,23389,0.0,0.0
2023-03-30 13:30:00-04:00,0.5906999707221985,0.5989000201225281,0.5906999707221985,0.5986989736557007,9385,0.0,0.0
2023-03-30 14:30:00-04:00,0.598800003528595,0.598800003528595,0.5906999707221985,0.598800003528595,20640,0.0,0.0
2023-03-30 15:30:00-04:00,0.598800003528595,0.6100000143051147,0.5906999707221985,0.6100000143051147,94607,0.0,0.0
2023-03-31 09:30:00-04:00,0.6100000143051147,0.6193000078201294,0.6000000238418579,0.6001999974250793,38332,0.0,0.0
2023-03-31 10:30:00-04:00,0.6096500158309937,0.6191999912261963,0.6000999808311462,0.6191999912261963,10550,0.0,0.0
2023-03-31 11:30:00-04:00,0.6050999760627747,0.6299999952316284,0.6050999760627747,0.6298999786376953,85260,0.0,0.0
2023-03-31 12:30:00-04:00,0.6298999786376953,0.6298999786376953,0.6200000047683716,0.6200000047683716,37369,0.0,0.0
2023-03-31 13:30:00-04:00,0.6200010180473328,0.6298999786376953,0.6200010180473328,0.6243000030517578,77572,0.0,0.0
2023-03-31 14:30:00-04:00,0.6248000264167786,0.6298999786376953,0.6243000030517578,0.6284999847412109,57088,0.0,0.0
2023-03-31 15:30:00-04:00,0.6251009702682495,0.6299999952316284,0.625,0.6299999952316284,96779,0.0,0.0
2023-04-03 09:30:00-04:00,0.6380000114440918,0.6600000262260437,0.6033999919891357,0.6299999952316284,117502,0.0,0.0
2023-04-03 10:30:00-04:00,0.6499999761581421,0.6499999761581421,0.6209999918937683,0.6209999918937683,25568,0.0,0.0
2023-04-03 11:30:00-04:00,0.6348999738693237,0.6348999738693237,0.6209999918937683,0.629800021648407,27211,0.0,0.0
2023-04-03 12:30:00-04:00,0.6209999918937683,0.6309000253677368,0.6209999918937683,0.625,9859,0.0,0.0
2023-04-03 13:30:00-04:00,0.6209999918937683,0.6499999761581421,0.6209999918937683,0.6499999761581421,81273,0.0,0.0
2023-04-03 14:30:00-04:00,0.6499999761581421,0.6899999976158142,0.6399999856948853,0.6899999976158142,243223,0.0,0.0
2023-04-03 15:30:00-04:00,0.6899999976158142,0.6924999952316284,0.6656000018119812,0.6730999946594238,155007,0.0,0.0
2023-04-04 09:30:00-04:00,0.6899999976158142,0.6899999976158142,0.6600000262260437,0.6647989749908447,149297,0.0,0.0
2023-04-04 10:30:00-04:00,0.664900004863739,0.6697999835014343,0.6499999761581421,0.6622999906539917,147004,0.0,0.0
2023-04-04 11:30:00-04:00,0.6622999906539917,0.6696000099182129,0.6549999713897705,0.6549999713897705,44462,0.0,0.0
2023-04-04 12:30:00-04:00,0.6549999713897705,0.6840000152587891,0.6549999713897705,0.6549999713897705,138830,0.0,0.0
2023-04-04 13:30:00-04:00,0.6549999713897705,0.6603999733924866,0.6549999713897705,0.6549999713897705,13490,0.0,0.0
2023-04-04 14:30:00-04:00,0.6600000262260437,0.6617000102996826,0.6549999713897705,0.659850001335144,20674,0.0,0.0
2023-04-04 15:30:00-04:00,0.6597999930381775,0.6600000262260437,0.6549999713897705,0.6600000262260437,23436,0.0,0.0
2023-04-05 09:30:00-04:00,0.6600000262260437,0.6624000072479248,0.6399999856948853,0.6449000239372253,47031,0.0,0.0
2023-04-05 10:30:00-04:00,0.6424999833106995,0.6449000239372253,0.5899999737739563,0.5899999737739563,129899,0.0,0.0
2023-04-05 11:30:00-04:00,0.5949000120162964,0.6150000095367432,0.5669999718666077,0.6126999855041504,74839,0.0,0.0
2023-04-05 12:30:00-04:00,0.5903000235557556,0.6151000261306763,0.5899999737739563,0.6000000238418579,4570,0.0,0.0
2023-04-05 13:30:00-04:00,0.6150000095367432,0.6455000042915344,0.6010000109672546,0.6299999952316284,12317,0.0,0.0
2023-04-05 14:30:00-04:00,0.6299999952316284,0.6399999856948853,0.6294999718666077,0.6295999884605408,19710,0.0,0.0
2023-04-05 15:30:00-04:00,0.6295999884605408,0.6295999884605408,0.6200000047683716,0.6201000213623047,33390,0.0,0.0
2023-04-06 09:30:00-04:00,0.6100000143051147,0.6299999952316284,0.5899999737739563,0.5899999737739563,18748,0.0,0.0
2023-04-06 10:30:00-04:00,0.5900999903678894,0.6000000238418579,0.5900499820709229,0.5975000262260437,34118,0.0,0.0
2023-04-06 11:30:00-04:00,0.5950000286102295,0.6198999881744385,0.5899999737739563,0.597350001335144,51672,0.0,0.0
2023-04-06 12:30:00-04:00,0.597350001335144,0.6108999848365784,0.5972999930381775,0.6003000140190125,4390,0.0,0.0
2023-04-06 13:30:00-04:00,0.6100000143051147,0.6948000192642212,0.6001999974250793,0.6191499829292297,136362,0.0,0.0
2023-04-06 14:30:00-04:00,0.6050999760627747,0.6398900151252747,0.6050000190734863,0.6228489875793457,43825,0.0,0.0
2023-04-06 15:30:00-04:00,0.6201000213623047,0.6499999761581421,0.6200000047683716,0.6499999761581421,74458,0.0,0.0
2023-04-10 09:30:00-04:00,0.6200000047683716,0.6399999856948853,0.6110000014305115,0.6399999856948853,13234,0.0,0.0
2023-04-10 10:30:00-04:00,0.6200000047683716,0.6499000191688538,0.6200000047683716,0.649399995803833,48482,0.0,0.0
2023-04-10 11:30:00-04:00,0.649399995803833,0.6723489761352539,0.6399999856948853,0.6499999761581421,197468,0.0,0.0
2023-04-10 12:30:00-04:00,0.6547999978065491,0.6740000247955322,0.6499999761581421,0.6740000247955322,102829,0.0,0.0
2023-04-10 13:30:00-04:00,0.6694999933242798,0.675000011920929,0.660099983215332,0.660099983215332,48832,0.0,0.0
2023-04-10 14:30:00-04:00,0.660099983215332,0.6721000075340271,0.6401000022888184,0.6450999975204468,95792,0.0,0.0
2023-04-10 15:30:00-04:00,0.6426500082015991,0.6948000192642212,0.6402000188827515,0.6899999976158142,180405,0.0,0.0
2023-04-11 09:30:00-04:00,0.66839998960495,0.6898990273475647,0.6600000262260437,0.6800000071525574,45802,0.0,0.0
2023-04-11 10:30:00-04:00,0.6610000133514404,0.6958000063896179,0.6610000133514404,0.6631010174751282,32732,0.0,0.0
2023-04-11 11:30:00-04:00,0.663100004196167,0.6899999976158142,0.663100004196167,0.6899999976158142,21359,0.0,0.0
2023-04-11 12:30:00-04:00,0.6899999976158142,0.6899999976158142,0.6700999736785889,0.6800000071525574,53436,0.0,0.0
2023-04-11 13:30:00-04:00,0.6801000237464905,0.6899999976158142,0.6700000166893005,0.6898000240325928,35728,0.0,0.0
2023-04-11 14:30:00-04:00,0.6894000172615051,0.6899999976158142,0.6600000262260437,0.6825000047683716,41490,0.0,0.0
2023-04-11 15:30:00-04:00,0.675000011920929,0.6899999976158142,0.6685000061988831,0.6899999976158142,21464,0.0,0.0
2023-04-12 09:30:00-04:00,0.6704999804496765,0.6948000192642212,0.6362000107765198,0.6499999761581421,49318,0.0,0.0
2023-04-12 10:30:00-04:00,0.6500999927520752,0.6700000166893005,0.6499999761581421,0.6700000166893005,8102,0.0,0.0
2023-04-12 11:30:00-04:00,0.6499999761581421,0.6809999942779541,0.6499999761581421,0.680899977684021,43310,0.0,0.0
2023-04-12 12:30:00-04:00,0.6655510067939758,0.6809999942779541,0.6503099799156189,0.6514000296592712,10101,0.0,0.0
2023-04-12 13:30:00-04:00,0.6531000137329102,0.6809999942779541,0.6521999835968018,0.6800000071525574,9783,0.0,0.0
2023-04-12 14:30:00-04:00,0.6809999942779541,0.6898999810218811,0.6809999942779541,0.689300000667572,51172,0.0,0.0
2023-04-12 15:30:00-04:00,0.6890000104904175,0.6940000057220459,0.6800000071525574,0.6940000057220459,70226,0.0,0.0
2023-04-13 09:30:00-04:00,0.6499999761581421,0.6800000071525574,0.6495000123977661,0.6654000282287598,43104,0.0,0.0
2023-04-13 10:30:00-04:00,0.6521009802818298,0.6695410013198853,0.6520000100135803,0.6520000100135803,26507,0.0,0.0
2023-04-13 11:30:00-04:00,0.6521009802818298,0.6660000085830688,0.6514999866485596,0.6521000266075134,31300,0.0,0.0
2023-04-13 12:30:00-04:00,0.6658999919891357,0.6779999732971191,0.652999997138977,0.6600000262260437,47253,0.0,0.0
2023-04-13 13:30:00-04:00,0.6600000262260437,0.6777999997138977,0.6600000262260437,0.6740000247955322,7401,0.0,0.0
2023-04-13 14:30:00-04:00,0.6740000247955322,0.6800000071525574,0.6721000075340271,0.6798999905586243,45357,0.0,0.0
2023-04-13 15:30:00-04:00,0.6798999905586243,0.6820999979972839,0.6724500060081482,0.6746000051498413,147060,0.0,0.0
2023-04-14 09:30:00-04:00,0.6858000159263611,0.6940000057220459,0.6377999782562256,0.6377999782562256,138480,0.0,0.0
2023-04-14 10:30:00-04:00,0.6377999782562256,0.6700000166893005,0.6299999952316284,0.6436499953269958,220890,0.0,0.0
2023-04-14 11:30:00-04:00,0.6317999958992004,0.6597999930381775,0.6200000047683716,0.621999979019165,206434,0.0,0.0
2023-04-14 12:30:00-04:00,0.621999979019165,0.6488000154495239,0.621999979019165,0.6230000257492065,183619,0.0,0.0
2023-04-14 13:30:00-04:00,0.6230999827384949,0.6499999761581421,0.6230000257492065,0.6399999856948853,220082,0.0,0.0
2023-04-14 14:30:00-04:00,0.6399999856948853,0.6499999761581421,0.6236000061035156,0.6301000118255615,190776,0.0,0.0
2023-04-14 15:30:00-04:00,0.6309999823570251,0.6449999809265137,0.6200000047683716,0.6298999786376953,224175,0.0,0.0
2023-04-17 09:30:00-04:00,0.6453999876976013,0.6700000166893005,0.6399999856948853,0.6450999975204468,32030,0.0,0.0
2023-04-17 10:30:00-04:00,0.6700000166893005,0.6740999817848206,0.6449999809265137,0.6740999817848206,44406,0.0,0.0
2023-04-17 11:30:00-04:00,0.6740999817848206,0.6809999942779541,0.6449999809265137,0.6809999942779541,9107,0.0,0.0
2023-04-17 12:30:00-04:00,0.6809999942779541,0.6809999942779541,0.6620000004768372,0.6784999966621399,41766,0.0,0.0
2023-04-17 13:30:00-04:00,0.6784999966621399,0.6784999966621399,0.6535009741783142,0.6600000262260437,16847,0.0,0.0
2023-04-17 14:30:00-04:00,0.6499999761581421,0.6690000295639038,0.6450999975204468,0.6690000295639038,41519,0.0,0.0
2023-04-17 15:30:00-04:00,0.6690000295639038,0.6690999865531921,0.632099986076355,0.6353999972343445,75286,0.0,0.0
2023-04-18 09:30:00-04:00,0.6302000284194946,0.6700000166893005,0.6302000284194946,0.6463000178337097,28534,0.0,0.0
2023-04-18 10:30:00-04:00,0.6499999761581421,0.6700000166893005,0.6450999975204468,0.6600000262260437,57884,0.0,0.0
2023-04-18 11:30:00-04:00,0.6600000262260437,0.6700000166893005,0.6571000218391418,0.6636999845504761,35021,0.0,0.0
2023-04-18 12:30:00-04:00,0.6700000166893005,0.6700000166893005,0.6500999927520752,0.6650000214576721,26853,0.0,0.0
2023-04-18 13:30:00-04:00,0.6650000214576721,0.6650000214576721,0.6500999927520752,0.6599000096321106,30524,0.0,0.0
2023-04-18 14:30:00-04:00,0.6599000096321106,0.6600000262260437,0.6503999829292297,0.6600000262260437,12709,0.0,0.0
2023-04-18 15:30:00-04:00,0.6550999879837036,0.6600000262260437,0.6501160264015198,0.6600000262260437,49968,0.0,0.0
2023-04-19 09:30:00-04:00,0.6766999959945679,0.6800000071525574,0.6416000127792358,0.6669999957084656,54705,0.0,0.0
2023-04-19 10:30:00-04:00,0.6416000127792358,0.6700000166893005,0.6399999856948853,0.6495000123977661,39688,0.0,0.0
2023-04-19 11:30:00-04:00,0.6424499750137329,0.6500999927520752,0.6312000155448914,0.6363999843597412,41851,0.0,0.0
2023-04-19 12:30:00-04:00,0.6360999941825867,0.6500999927520752,0.6348990201950073,0.6349999904632568,6839,0.0,0.0
2023-04-19 13:30:00-04:00,0.6371009945869446,0.6384999752044678,0.6299999952316284,0.6309999823570251,56526,0.0,0.0
2023-04-19 14:30:00-04:00,0.6262999773025513,0.6499999761581421,0.625,0.6401000022888184,131236,0.0,0.0
2023-04-19 15:30:00-04:00,0.6401000022888184,0.6489999890327454,0.6373999714851379,0.6489999890327454,92140,0.0,0.0
2023-04-20 09:30:00-04:00,0.6499999761581421,0.6850000023841858,0.6401000022888184,0.6850000023841858,149623,0.0,0.0
2023-04-20 10:30:00-04:00,0.6850000023841858,0.6899999976158142,0.6812999844551086,0.6898999810218811,239935,0.0,0.0
2023-04-20 11:30:00-04:00,0.6898999810218811,0.6966000199317932,0.6499999761581421,0.6794999837875366,262988,0.0,0.0
2023-04-20 12:30:00-04:00,0.6794000267982483,0.6794999837875366,0.652400016784668,0.6794999837875366,39217,0.0,0.0
2023-04-20 13:30:00-04:00,0.6794999837875366,0.6930000185966492,0.659600019454956,0.6800000071525574,32946,0.0,0.0
2023-04-20 14:30:00-04:00,0.6800000071525574,0.6949999928474426,0.6779000163078308,0.6862999796867371,60658,0.0,0.0
2023-04-20 15:30:00-04:00,0.6862999796867371,0.6899999976158142,0.6844000220298767,0.6899999976158142,56632,0.0,0.0
2023-04-21 09:30:00-04:00,0.6700000166893005,0.6899999976158142,0.6600000262260437,0.6603000164031982,8966,0.0,0.0
2023-04-21 10:30:00-04:00,0.6899999976158142,0.6899999976158142,0.6603999733924866,0.6722999811172485,37705,0.0,0.0
2023-04-21 11:30:00-04:00,0.6761999726295471,0.6800000071525574,0.6603999733924866,0.6603999733924866,43953,0.0,0.0
2023-04-21 12:30:00-04:00,0.6692000031471252,0.6779999732971191,0.6450999975204468,0.6450999975204468,29474,0.0,0.0
2023-04-21 13:30:00-04:00,0.6459000110626221,0.6779999732971191,0.6459000110626221,0.6776000261306763,8803,0.0,0.0
2023-04-21 14:30:00-04:00,0.6710000038146973,0.6899999976158142,0.6503000259399414,0.6899999976158142,247326,0.0,0.0
2023-04-21 15:30:00-04:00,0.6898999810218811,0.6899999976158142,0.6761000156402588,0.6895999908447266,155997,0.0,0.0
2023-04-24 09:30:00-04:00,0.6800000071525574,0.6897000074386597,0.6600000262260437,0.6600000262260437,46574,0.0,0.0
2023-04-24 10:30:00-04:00,0.6600000262260437,0.6718999743461609,0.6600000262260437,0.6700000166893005,9179,0.0,0.0
2023-04-24 11:30:00-04:00,0.6700000166893005,0.6779000163078308,0.6700000166893005,0.6703959703445435,5359,0.0,0.0
2023-04-24 12:30:00-04:00,0.6601999998092651,0.6779999732971191,0.6601999998092651,0.6705999970436096,8800,0.0,0.0
2023-04-24 13:30:00-04:00,0.6601999998092651,0.6779999732971191,0.6510000228881836,0.6779999732971191,84211,0.0,0.0
2023-04-24 14:30:00-04:00,0.6779999732971191,0.6779999732971191,0.6539999842643738,0.6779999732971191,73025,0.0,0.0
2023-04-24 15:30:00-04:00,0.6660000085830688,0.6700000166893005,0.6499999761581421,0.6499999761581421,90105,0.0,0.0
2023-04-25 09:30:00-04:00,0.6614999771118164,0.6800000071525574,0.6151999831199646,0.6151999831199646,142220,0.0,0.0
2023-04-25 10:30:00-04:00,0.6200000047683716,0.6200000047683716,0.5674999952316284,0.5845999717712402,134667,0.0,0.0
2023-04-25 11:30:00-04:00,0.5790860056877136,0.5849999785423279,0.5304999947547913,0.545199990272522,113910,0.0,0.0
2023-04-25 12:30:00-04:00,0.5548999905586243,0.5849999785423279,0.5450000166893005,0.5501000285148621,79279,0.0,0.0
2023-04-25 13:30:00-04:00,0.5501000285148621,0.5698999762535095,0.5410000085830688,0.5410000085830688,127917,0.0,0.0
2023-04-25 14:30:00-04:00,0.5410000085830688,0.5600000023841858,0.5400000214576721,0.5400000214576721,183267,0.0,0.0
2023-04-25 15:30:00-04:00,0.5400000214576721,0.5569999814033508,0.5220000147819519,0.5569999814033508,368489,0.0,0.0
2023-04-26 09:30:00-04:00,0.5199999809265137,0.5799999833106995,0.5199999809265137,0.5799999833106995,312888,0.0,0.0
2023-04-26 10:30:00-04:00,0.5799000263214111,0.5799999833106995,0.5699999928474426,0.5730999708175659,43242,0.0,0.0
2023-04-26 11:30:00-04:00,0.5730999708175659,0.5755000114440918,0.5637999773025513,0.5748999714851379,26395,0.0,0.0
2023-04-26 12:30:00-04:00,0.5748500227928162,0.5748999714851379,0.5746999979019165,0.5748999714851379,32521,0.0,0.0
2023-04-26 13:30:00-04:00,0.5748999714851379,0.5759999752044678,0.5717999935150146,0.5746999979019165,41353,0.0,0.0
2023-04-26 14:30:00-04:00,0.5745999813079834,0.5746999979019165,0.5653499960899353,0.5734999775886536,49529,0.0,0.0
2023-04-26 15:30:00-04:00,0.5734999775886536,0.5746999979019165,0.5717999935150146,0.5746999979019165,23162,0.0,0.0
2023-04-27 09:30:00-04:00,0.5501999855041504,0.5699999928474426,0.5501999855041504,0.5600000023841858,31587,0.0,0.0
2023-04-27 10:30:00-04:00,0.5648999810218811,0.579200029373169,0.5648000240325928,0.5759000182151794,13442,0.0,0.0
2023-04-27 11:30:00-04:00,0.5758990049362183,0.5759999752044678,0.5662000179290771,0.5759000182151794,25155,0.0,0.0
2023-04-27 12:30:00-04:00,0.5759999752044678,0.5849999785423279,0.5759999752044678,0.5849499702453613,11171,0.0,0.0
2023-04-27 13:30:00-04:00,0.5849999785423279,0.585099995136261,0.5849000215530396,0.585099995136261,9086,0.0,0.0
2023-04-27 14:30:00-04:00,0.585099995136261,0.5898000001907349,0.5697000026702881,0.5781999826431274,31318,0.0,0.0
2023-04-27 15:30:00-04:00,0.5799499750137329,0.5864999890327454,0.5759999752044678,0.5799999833106995,50288,0.0,0.0
2023-04-28 09:30:00-04:00,0.5684999823570251,0.589900016784668,0.5684999823570251,0.5874999761581421,44860,0.0,0.0
2023-04-28 10:30:00-04:00,0.5776000022888184,0.5899999737739563,0.5699999928474426,0.5702999830245972,24117,0.0,0.0
2023-04-28 11:30:00-04:00,0.5703999996185303,0.5899999737739563,0.5703999996185303,0.5716999769210815,25210,0.0,0.0
2023-04-28 12:30:00-04:00,0.5899999737739563,0.5899999737739563,0.5800999999046326,0.5899999737739563,6763,0.0,0.0
2023-04-28 13:30:00-04:00,0.589900016784668,0.6100000143051147,0.589900016784668,0.6100000143051147,90102,0.0,0.0
2023-04-28 14:30:00-04:00,0.6176999807357788,0.6183000206947327,0.589900016784668,0.6000000238418579,58654,0.0,0.0
2023-04-28 15:30:00-04:00,0.5950000286102295,0.6399999856948853,0.5950000286102295,0.6223000288009644,235150,0.0,0.0
2023-05-01 09:30:00-04:00,0.6100000143051147,0.625,0.6000999808311462,0.625,59883,0.0,0.0
2023-05-01 10:30:00-04:00,0.625,0.6488999724388123,0.6201000213623047,0.6299999952316284,10723,0.0,0.0
2023-05-01 11:30:00-04:00,0.6299999952316284,0.6399999856948853,0.6201009750366211,0.6298999786376953,9226,0.0,0.0
2023-05-01 12:30:00-04:00,0.6298999786376953,0.6399999856948853,0.620199978351593,0.6399999856948853,9089,0.0,0.0
2023-05-01 13:30:00-04:00,0.6399999856948853,0.6399999856948853,0.6201000213623047,0.6341999769210815,23847,0.0,0.0
2023-05-01 14:30:00-04:00,0.6272000074386597,0.6399999856948853,0.6201000213623047,0.6300010085105896,18608,0.0,0.0
2023-05-01 15:30:00-04:00,0.6389999985694885,0.6389999985694885,0.628000020980835,0.628000020980835,6770,0.0,0.0
2023-05-02 09:30:00-04:00,0.6000000238418579,0.6200000047683716,0.6000000238418579,0.6200000047683716,26525,0.0,0.0
2023-05-02 10:30:00-04:00,0.6100999712944031,0.6200000047683716,0.6010000109672546,0.6198999881744385,47872,0.0,0.0
2023-05-02 11:30:00-04:00,0.6183000206947327,0.6183000206947327,0.6021999716758728,0.6113010048866272,44866,0.0,0.0
2023-05-02 12:30:00-04:00,0.6136000156402588,0.6136000156402588,0.6018000245094299,0.6108999848365784,24142,0.0,0.0
2023-05-02 13:30:00-04:00,0.6108999848365784,0.6198999881744385,0.609499990940094,0.614300012588501,14088,0.0,0.0
2023-05-02 14:30:00-04:00,0.6198999881744385,0.6198999881744385,0.6139000058174133,0.6198999881744385,17321,0.0,0.0
2023-05-02 15:30:00-04:00,0.619642972946167,0.6200000047683716,0.6158999800682068,0.6197999715805054,15093,0.0,0.0
2023-05-03 09:30:00-04:00,0.6198999881744385,0.6309000253677368,0.6198999881744385,0.6297000050544739,17556,0.0,0.0
2023-05-03 10:30:00-04:00,0.6269999742507935,0.6399999856948853,0.604200005531311,0.6399999856948853,114347,0.0,0.0
2023-05-03 11:30:00-04:00,0.6399999856948853,0.6399999856948853,0.6208999752998352,0.6341000199317932,33560,0.0,0.0
2023-05-03 12:30:00-04:00,0.6209999918937683,0.6398000121116638,0.6209999918937683,0.6396999955177307,8890,0.0,0.0
2023-05-03 13:30:00-04:00,0.6396999955177307,0.6396999955177307,0.6216999888420105,0.6218000054359436,14344,0.0,0.0
2023-05-03 14:30:00-04:00,0.6299999952316284,0.6396999955177307,0.6261060237884521,0.6395999789237976,15525,0.0,0.0
2023-05-03 15:30:00-04:00,0.6345999836921692,0.6395999789237976,0.6299999952316284,0.6370000243186951,35081,0.0,0.0
2023-05-04 09:30:00-04:00,0.6019999980926514,0.625,0.6019999980926514,0.621999979019165,28808,0.0,0.0
2023-05-04 10:30:00-04:00,0.6132000088691711,0.625,0.6132000088691711,0.6136999726295471,20619,0.0,0.0
2023-05-04 11:30:00-04:00,0.6136999726295471,0.625,0.6136999726295471,0.6198999881744385,27302,0.0,0.0
2023-05-04 12:30:00-04:00,0.614300012588501,0.6299999952316284,0.614300012588501,0.625,21883,0.0,0.0
2023-05-04 13:30:00-04:00,0.625,0.628000020980835,0.613099992275238,0.628000020980835,63423,0.0,0.0
2023-05-04 14:30:00-04:00,0.628000020980835,0.628000020980835,0.6248559951782227,0.628000020980835,8022,0.0,0.0
2023-05-04 15:30:00-04:00,0.6208999752998352,0.628000020980835,0.6200000047683716,0.6279000043869019,2800,0.0,0.0
2023-05-05 09:30:00-04:00,0.6021000146865845,0.6279000043869019,0.6021000146865845,0.6279000043869019,39203,0.0,0.0
2023-05-05 10:30:00-04:00,0.6279000043869019,0.6399999856948853,0.6202999949455261,0.6399999856948853,68184,0.0,0.0
2023-05-05 11:30:00-04:00,0.6399999856948853,0.6600000262260437,0.6309999823570251,0.6504999995231628,253662,0.0,0.0
2023-05-05 12:30:00-04:00,0.6549999713897705,0.6589999794960022,0.6504999995231628,0.6589999794960022,50937,0.0,0.0
2023-05-05 13:30:00-04:00,0.6518999934196472,0.6599000096321106,0.635200023651123,0.635200023651123,245724,0.0,0.0
2023-05-05 14:30:00-04:00,0.6320000290870667,0.6593999862670898,0.6320000290870667,0.6499999761581421,82632,0.0,0.0
2023-05-05 15:30:00-04:00,0.6450999975204468,0.6600000262260437,0.6450999975204468,0.6589000225067139,315466,0.0,0.0
2023-05-08 09:30:00-04:00,0.6460000276565552,0.6600000262260437,0.6410999894142151,0.6595789790153503,36051,0.0,0.0
2023-05-08 10:30:00-04:00,0.656499981880188,0.6690000295639038,0.6466000080108643,0.6690000295639038,173285,0.0,0.0
2023-05-08 11:30:00-04:00,0.6690000295639038,0.6690000295639038,0.6600000262260437,0.6664000153541565,14872,0.0,0.0
2023-05-08 12:30:00-04:00,0.6664999723434448,0.675000011920929,0.660099983215332,0.6710000038146973,33429,0.0,0.0
2023-05-08 13:30:00-04:00,0.6748999953269958,0.675000011920929,0.6657000184059143,0.6700000166893005,45390,0.0,0.0
2023-05-08 14:30:00-04:00,0.6700000166893005,0.671999990940094,0.6499999761581421,0.652999997138977,21692,0.0,0.0
2023-05-08 15:30:00-04:00,0.6609510183334351,0.6689000129699707,0.6531000137329102,0.6538000106811523,6004,0.0,0.0
2023-05-09 09:30:00-04:00,0.6650000214576721,0.6650000214576721,0.6499999761581421,0.6541000008583069,28435,0.0,0.0
2023-05-09 10:30:00-04:00,0.6499999761581421,0.6600000262260437,0.6376000046730042,0.6498000025749207,99423,0.0,0.0
2023-05-09 11:30:00-04:00,0.6399999856948853,0.6498000025749207,0.6376000046730042,0.6407999992370605,29651,0.0,0.0
2023-05-09 12:30:00-04:00,0.6407999992370605,0.6499999761581421,0.6366000175476074,0.6499999761581421,47035,0.0,0.0
2023-05-09 13:30:00-04:00,0.6450999975204468,0.6499999761581421,0.6401010155677795,0.6499999761581421,10130,0.0,0.0
2023-05-09 14:30:00-04:00,0.6495000123977661,0.6600000262260437,0.6414999961853027,0.6571000218391418,139855,0.0,0.0
2023-05-09 15:30:00-04:00,0.6571999788284302,0.6571999788284302,0.640999972820282,0.6420000195503235,43275,0.0,0.0
2023-05-10 09:30:00-04:00,0.6481000185012817,0.6503999829292297,0.6414999961853027,0.6488000154495239,13569,0.0,0.0
2023-05-10 10:30:00-04:00,0.6499999761581421,0.6600000262260437,0.6480000019073486,0.6499999761581421,121930,0.0,0.0
2023-05-10 11:30:00-04:00,0.6499999761581421,0.6520000100135803,0.6481000185012817,0.6510000228881836,68146,0.0,0.0
2023-05-10 12:30:00-04:00,0.6496000289916992,0.6520000100135803,0.6482999920845032,0.6520000100135803,18204,0.0,0.0
2023-05-10 13:30:00-04:00,0.6520000100135803,0.6549999713897705,0.6499999761581421,0.652999997138977,73122,0.0,0.0
2023-05-10 14:30:00-04:00,0.6521999835968018,0.652999997138977,0.6473000049591064,0.652999997138977,48078,0.0,0.0
2023-05-10 15:30:00-04:00,0.652999997138977,0.652999997138977,0.6474999785423279,0.6499999761581421,33325,0.0,0.0
2023-05-11 09:30:00-04:00,0.6342999935150146,0.6599000096321106,0.6265000104904175,0.6492000222206116,81239,0.0,0.0
2023-05-11 10:30:00-04:00,0.6491000056266785,0.6549999713897705,0.6480000019073486,0.6499999761581421,21294,0.0,0.0
2023-05-11 11:30:00-04:00,0.6539999842643738,0.6549999713897705,0.633899986743927,0.6549000144004822,100799,0.0,0.0
2023-05-11 12:30:00-04:00,0.6549000144004822,0.6549999713897705,0.6384000182151794,0.6549999713897705,65127,0.0,0.0
2023-05-11 13:30:00-04:00,0.6549999713897705,0.6549999713897705,0.6495000123977661,0.6510000228881836,29168,0.0,0.0
2023-05-11 14:30:00-04:00,0.6500999927520752,0.6545000076293945,0.6262999773025513,0.6473000049591064,88589,0.0,0.0
2023-05-11 15:30:00-04:00,0.6499999761581421,0.6549999713897705,0.637499988079071,0.6499999761581421,76808,0.0,0.0
2023-05-12 09:30:00-04:00,0.6600000262260437,0.6700000166893005,0.6455000042915344,0.6698989868164062,95679,0.0,0.0
2023-05-12 10:30:00-04:00,0.6632000207901001,0.6699000000953674,0.6305999755859375,0.6686760187149048,39797,0.0,0.0
2023-05-12 11:30:00-04:00,0.6629999876022339,0.6699000000953674,0.6290479898452759,0.6644999980926514,49874,0.0,0.0
2023-05-12 12:30:00-04:00,0.6549500226974487,0.6620000004768372,0.6481000185012817,0.6600000262260437,83332,0.0,0.0
2023-05-12 13:30:00-04:00,0.6601999998092651,0.6620000004768372,0.6510000228881836,0.6510000228881836,8249,0.0,0.0
2023-05-12 14:30:00-04:00,0.6482999920845032,0.6614999771118164,0.6312999725341797,0.6572999954223633,44862,0.0,0.0
2023-05-12 15:30:00-04:00,0.6600000262260437,0.6600000262260437,0.6385999917984009,0.6492999792098999,21749,0.0,0.0
2023-05-15 09:30:00-04:00,0.6403999924659729,0.6613990068435669,0.6301010251045227,0.6581760048866272,22015,0.0,0.0
2023-05-15 10:30:00-04:00,0.6579999923706055,0.6600000262260437,0.6470000147819519,0.6550999879837036,10430,0.0,0.0
2023-05-15 11:30:00-04:00,0.6467000246047974,0.6550999879837036,0.6355000138282776,0.6550999879837036,74386,0.0,0.0
2023-05-15 12:30:00-04:00,0.6550999879837036,0.6550999879837036,0.6402999758720398,0.6473000049591064,21992,0.0,0.0
2023-05-15 13:30:00-04:00,0.6499999761581421,0.6499999761581421,0.6403999924659729,0.6499999761581421,17296,0.0,0.0
2023-05-15 14:30:00-04:00,0.6460999846458435,0.6499999761581421,0.6460999846458435,0.6467000246047974,107334,0.0,0.0
2023-05-15 15:30:00-04:00,0.6466000080108643,0.6499999761581421,0.6337000131607056,0.6499999761581421,60820,0.0,0.0
2023-05-16 09:30:00-04:00,0.5699999928474426,0.5728999972343445,0.5006999969482422,0.5598999857902527,1486784,0.0,0.0
2023-05-16 10:30:00-04:00,0.5521000027656555,0.5550000071525574,0.45179998874664307,0.459850013256073,868395,0.0,0.0
2023-05-16 11:30:00-04:00,0.46769899129867554,0.5026000142097473,0.4604499936103821,0.4880000054836273,235825,0.0,0.0
2023-05-16 12:30:00-04:00,0.48809999227523804,0.48809999227523804,0.4835500121116638,0.4853000044822693,39267,0.0,0.0
2023-05-16 13:30:00-04:00,0.4869000017642975,0.4999000132083893,0.483599990606308,0.4997999966144562,52146,0.0,0.0
2023-05-16 14:30:00-04:00,0.4999000132083893,0.4999000132083893,0.4950000047683716,0.499099999666214,54352,0.0,0.0
2023-05-16 15:30:00-04:00,0.49904999136924744,0.5099999904632568,0.4900999963283539,0.5099999904632568,23677,0.0,0.0
2023-05-17 09:30:00-04:00,0.5,0.5099999904632568,0.46320098638534546,0.4700999855995178,91205,0.0,0.0
2023-05-17 10:30:00-04:00,0.47005000710487366,0.4724999964237213,0.4634999930858612,0.4712499976158142,105269,0.0,0.0
2023-05-17 11:30:00-04:00,0.47130000591278076,0.47130000591278076,0.47119998931884766,0.47130000591278076,42648,0.0,0.0
2023-05-17 12:30:00-04:00,0.47130000591278076,0.47130000591278076,0.45339998602867126,0.4578000009059906,129651,0.0,0.0
2023-05-17 13:30:00-04:00,0.4578000009059906,0.46000000834465027,0.4575999975204468,0.4599500000476837,108508,0.0,0.0
2023-05-17 14:30:00-04:00,0.46000000834465027,0.46000000834465027,0.4255000054836273,0.43470001220703125,222719,0.0,0.0
2023-05-17 15:30:00-04:00,0.44522398710250854,0.4490000009536743,0.4433000087738037,0.4433000087738037,51406,0.0,0.0
2023-05-18 09:30:00-04:00,0.4399999976158142,0.4577000141143799,0.4300000071525574,0.45535001158714294,42780,0.0,0.0
2023-05-18 10:30:00-04:00,0.457599014043808,0.46000000834465027,0.4560000002384186,0.45660001039505005,61185,0.0,0.0
2023-05-18 11:30:00-04:00,0.45660001039505005,0.45809999108314514,0.45660001039505005,0.45730000734329224,28560,0.0,0.0
2023-05-18 12:30:00-04:00,0.45715001225471497,0.4577000141143799,0.45704999566078186,0.4577000141143799,8811,0.0,0.0
2023-05-18 13:30:00-04:00,0.4570010006427765,0.4668000042438507,0.45170000195503235,0.46345001459121704,91295,0.0,0.0
2023-05-18 14:30:00-04:00,0.4668000042438507,0.4668000042438507,0.46059998869895935,0.4636000096797943,62227,0.0,0.0
2023-05-18 15:30:00-04:00,0.46070000529289246,0.4729999899864197,0.46070000529289246,0.4729999899864197,18563,0.0,0.0
2023-05-19 09:30:00-04:00,0.4749999940395355,0.49000000953674316,0.4729999899864197,0.48919999599456787,17355,0.0,0.0
2023-05-19 10:30:00-04:00,0.48910000920295715,0.48910000920295715,0.48010000586509705,0.4867990016937256,6578,0.0,0.0
2023-05-19 11:30:00-04:00,0.4869000017642975,0.4869999885559082,0.48019999265670776,0.48069998621940613,6959,0.0,0.0
2023-05-19 12:30:00-04:00,0.483599990606308,0.4869000017642975,0.45809999108314514,0.47540000081062317,18091,0.0,0.0
2023-05-19 13:30:00-04:00,0.4681999981403351,0.47540000081062317,0.460999995470047,0.47540000081062317,5887,0.0,0.0
2023-05-19 14:30:00-04:00,0.46959999203681946,0.4869000017642975,0.4652000069618225,0.4869000017642975,4268,0.0,0.0
2023-05-19 15:30:00-04:00,0.47530001401901245,0.49000000953674316,0.47530001401901245,0.4862000048160553,45447,0.0,0.0
2023-05-22 09:30:00-04:00,0.49000000953674316,0.5450999736785889,0.47099998593330383,0.5249000191688538,160595,0.0,0.0
2023-05-22 10:30:00-04:00,0.5248000025749207,0.5299000144004822,0.5120000243186951,0.5120000243186951,24220,0.0,0.0
2023-05-22 11:30:00-04:00,0.5120000243186951,0.5196999907493591,0.5008000135421753,0.5065000057220459,15191,0.0,0.0
2023-05-22 12:30:00-04:00,0.5065000057220459,0.5196999907493591,0.5065000057220459,0.5196999907493591,1249,0.0,0.0
2023-05-22 13:30:00-04:00,0.5196999907493591,0.5196999907493591,0.5174000263214111,0.5174000263214111,2100,0.0,0.0
2023-05-22 14:30:00-04:00,0.5065010190010071,0.5098999738693237,0.5009999871253967,0.5009999871253967,3691,0.0,0.0
2023-05-22 15:30:00-04:00,0.5175999999046326,0.5175999999046326,0.5019999742507935,0.5047000050544739,14585,0.0,0.0
2023-05-23 09:30:00-04:00,0.5199999809265137,0.5199999809265137,0.5099999904632568,0.5113000273704529,18263,0.0,0.0
2023-05-23 10:30:00-04:00,0.5113499760627747,0.5199000239372253,0.5006999969482422,0.5149999856948853,7704,0.0,0.0
2023-05-23 11:30:00-04:00,0.5149999856948853,0.5199999809265137,0.5051000118255615,0.5058000087738037,7787,0.0,0.0
2023-05-23 12:30:00-04:00,0.5101010203361511,0.5198000073432922,0.5099999904632568,0.5147500038146973,1713,0.0,0.0
2023-05-23 13:30:00-04:00,0.51419997215271,0.5184000134468079,0.5099999904632568,0.5181000232696533,2960,0.0,0.0
2023-05-23 14:30:00-04:00,0.5180000066757202,0.5180000066757202,0.5059000253677368,0.5123000144958496,21845,0.0,0.0
2023-05-23 15:30:00-04:00,0.5095000267028809,0.5127999782562256,0.5008999705314636,0.5076000094413757,18065,0.0,0.0
2023-05-24 09:30:00-04:00,0.5120999813079834,0.5120999813079834,0.5009999871253967,0.5059999823570251,15916,0.0,0.0
2023-05-24 10:30:00-04:00,0.5099999904632568,0.5199999809265137,0.5013999938964844,0.5199999809265137,4245,0.0,0.0
2023-05-24 11:30:00-04:00,0.5099999904632568,0.5199999809265137,0.5060999989509583,0.5199999809265137,9451,0.0,0.0
2023-05-24 12:30:00-04:00,0.5199999809265137,0.5199999809265137,0.5090000033378601,0.5199000239372253,2709,0.0,0.0
2023-05-24 13:30:00-04:00,0.5144000053405762,0.5199000239372253,0.508899986743927,0.5098249912261963,3826,0.0,0.0
2023-05-24 14:30:00-04:00,0.5199000239372253,0.5199000239372253,0.508899986743927,0.5134000182151794,6007,0.0,0.0
2023-05-24 15:30:00-04:00,0.5149999856948853,0.517799973487854,0.5010499954223633,0.5024999976158142,16498,0.0,0.0
2023-05-25 09:30:00-04:00,0.5,0.5299999713897705,0.4756999909877777,0.4999000132083893,89274,0.0,0.0
2023-05-25 10:30:00-04:00,0.4999000132083893,0.4999000132083893,0.491100013256073,0.491100013256073,16652,0.0,0.0
2023-05-25 11:30:00-04:00,0.4997999966144562,0.5,0.4909999966621399,0.4997999966144562,3951,0.0,0.0
2023-05-25 12:30:00-04:00,0.4909999966621399,0.5,0.4909999966621399,0.49445798993110657,2198,0.0,0.0
2023-05-25 13:30:00-04:00,0.49994999170303345,0.511900007724762,0.49160000681877136,0.5099999904632568,3590,0.0,0.0
2023-05-25 14:30:00-04:00,0.5099999904632568,0.5099999904632568,0.49149999022483826,0.5099999904632568,7159,0.0,0.0
2023-05-25 15:30:00-04:00,0.5099999904632568,0.5099999904632568,0.4997999966144562,0.5042999982833862,18556,0.0,0.0
2023-05-26 09:30:00-04:00,0.5199999809265137,0.5299999713897705,0.5084999799728394,0.5199999809265137,45169,0.0,0.0
2023-05-26 10:30:00-04:00,0.5285000205039978,0.5285000205039978,0.5134000182151794,0.5238999724388123,14129,0.0,0.0
2023-05-26 11:30:00-04:00,0.5238999724388123,0.5249999761581421,0.5109000205993652,0.5109000205993652,5452,0.0,0.0
2023-05-26 12:30:00-04:00,0.5109000205993652,0.5109000205993652,0.5009530186653137,0.5103999972343445,17897,0.0,0.0
2023-05-26 13:30:00-04:00,0.5103999972343445,0.5109000205993652,0.5030999779701233,0.5109000205993652,6602,0.0,0.0
2023-05-26 14:30:00-04:00,0.5077999830245972,0.5109000205993652,0.5048999786376953,0.5077000260353088,8670,0.0,0.0
2023-05-26 15:30:00-04:00,0.5052000284194946,0.5109000205993652,0.5052000284194946,0.5109000205993652,20623,0.0,0.0
2023-05-30 09:30:00-04:00,0.5199999809265137,0.5400000214576721,0.5181000232696533,0.5199999809265137,40602,0.0,0.0
2023-05-30 10:30:00-04:00,0.510699987411499,0.5304999947547913,0.510699987411499,0.5299999713897705,24025,0.0,0.0
2023-05-30 11:30:00-04:00,0.5108000040054321,0.5394999980926514,0.5108000040054321,0.5346999764442444,40859,0.0,0.0
2023-05-30 12:30:00-04:00,0.5339999794960022,0.5339999794960022,0.5212000012397766,0.5339999794960022,0,0.0,0.0
2023-05-30 13:30:00-04:00,0.5339999794960022,0.5400000214576721,0.5339999794960022,0.5370000004768372,172416,0.0,0.0
2023-05-30 14:30:00-04:00,0.5400000214576721,0.5899999737739563,0.5356000065803528,0.550000011920929,205777,0.0,0.0
2023-05-30 15:30:00-04:00,0.5485000014305115,0.5575000047683716,0.5396000146865845,0.5554999709129333,24659,0.0,0.0
2023-05-31 09:30:00-04:00,0.5407999753952026,0.5550000071525574,0.5371999740600586,0.5550000071525574,15718,0.0,0.0
2023-05-31 10:30:00-04:00,0.5529999732971191,0.5799999833106995,0.5414000153541565,0.5698999762535095,53418,0.0,0.0
2023-05-31 11:30:00-04:00,0.5698999762535095,0.5698999762535095,0.5361999869346619,0.5361999869346619,89813,0.0,0.0
2023-05-31 12:30:00-04:00,0.5372999906539917,0.5372999906539917,0.5302000045776367,0.5358999967575073,6383,0.0,0.0
2023-05-31 13:30:00-04:00,0.5358999967575073,0.5559999942779541,0.5302000045776367,0.5318999886512756,43101,0.0,0.0
2023-05-31 14:30:00-04:00,0.5324000120162964,0.5455999970436096,0.5324000120162964,0.5422999858856201,4075,0.0,0.0
2023-05-31 15:30:00-04:00,0.5397999882698059,0.5400000214576721,0.5299999713897705,0.5350000262260437,12420,0.0,0.0
2023-06-01 09:30:00-04:00,0.550000011920929,0.550000011920929,0.5300999879837036,0.5300999879837036,30109,0.0,0.0
2023-06-01 10:30:00-04:00,0.5300999879837036,0.535099983215332,0.5210999846458435,0.5325999855995178,25810,0.0,0.0
2023-06-01 11:30:00-04:00,0.5299999713897705,0.5367900133132935,0.5223000049591064,0.5300999879837036,16868,0.0,0.0
2023-06-01 12:30:00-04:00,0.5299999713897705,0.535099983215332,0.5199999809265137,0.5260000228881836,12676,0.0,0.0
2023-06-01 13:30:00-04:00,0.5256999731063843,0.5256999731063843,0.5009999871253967,0.5040000081062317,50053,0.0,0.0
2023-06-01 14:30:00-04:00,0.507099986076355,0.5199000239372253,0.5041000247001648,0.5095000267028809,22520,0.0,0.0
2023-06-01 15:30:00-04:00,0.5199999809265137,0.527999997138977,0.505299985408783,0.5238999724388123,11386,0.0,0.0
2023-06-02 09:30:00-04:00,0.5320000052452087,0.5446000099182129,0.5320000052452087,0.5400000214576721,12593,0.0,0.0
2023-06-02 10:30:00-04:00,0.5450000166893005,0.5450000166893005,0.5394999980926514,0.5410000085830688,11158,0.0,0.0
2023-06-02 11:30:00-04:00,0.5396000146865845,0.5425000190734863,0.5396000146865845,0.5425000190734863,5420,0.0,0.0
2023-06-02 12:30:00-04:00,0.5425000190734863,0.5425000190734863,0.5390999913215637,0.5390999913215637,3464,0.0,0.0
2023-06-02 13:30:00-04:00,0.5410000085830688,0.5410000085830688,0.5400000214576721,0.5405499935150146,25265,0.0,0.0
2023-06-02 14:30:00-04:00,0.5410000085830688,0.5410000085830688,0.5400999784469604,0.5410000085830688,16001,0.0,0.0
2023-06-02 15:30:00-04:00,0.5410000085830688,0.5450000166893005,0.5403000116348267,0.5450000166893005,12286,0.0,0.0
2023-06-05 09:30:00-04:00,0.550000011920929,0.550000011920929,0.5200999975204468,0.5286499857902527,55420,0.0,0.0
2023-06-05 10:30:00-04:00,0.534500002861023,0.550000011920929,0.5293999910354614,0.5490000247955322,17078,0.0,0.0
2023-06-05 11:30:00-04:00,0.5293999910354614,0.550000011920929,0.4500499963760376,0.5009999871253967,391604,0.0,0.0
2023-06-05 12:30:00-04:00,0.5049999952316284,0.5299999713897705,0.4927000105381012,0.5163999795913696,75844,0.0,0.0
2023-06-05 13:30:00-04:00,0.5163999795913696,0.5299999713897705,0.5120000243186951,0.5210000276565552,106851,0.0,0.0
2023-06-05 14:30:00-04:00,0.5200999975204468,0.5299999713897705,0.5200999975204468,0.5200999975204468,9023,0.0,0.0
2023-06-05 15:30:00-04:00,0.5200999975204468,0.5299999713897705,0.5199999809265137,0.5199999809265137,24605,0.0,0.0
2023-06-06 09:30:00-04:00,0.5350000262260437,0.5381010174751282,0.5199999809265137,0.5381010174751282,5697,0.0,0.0
2023-06-06 10:30:00-04:00,0.5400000214576721,0.542900025844574,0.522599995136261,0.5400000214576721,3670,0.0,0.0
2023-06-06 11:30:00-04:00,0.5351999998092651,0.5351999998092651,0.5299999713897705,0.5336999893188477,10336,0.0,0.0
2023-06-06 12:30:00-04:00,0.5320000052452087,0.5389999747276306,0.5320000052452087,0.5321009755134583,2280,0.0,0.0
2023-06-06 13:30:00-04:00,0.5389999747276306,0.5389999747276306,0.5333999991416931,0.5361999869346619,4845,0.0,0.0
2023-06-06 14:30:00-04:00,0.5356000065803528,0.5400000214576721,0.5333999991416931,0.5400000214576721,15247,0.0,0.0
2023-06-06 15:30:00-04:00,0.5400000214576721,0.5400000214576721,0.5360000133514404,0.5400000214576721,0,0.0,0.0
2023-06-07 09:30:00-04:00,0.5320000052452087,0.5400000214576721,0.5320000052452087,0.5328999757766724,4405,0.0,0.0
2023-06-07 10:30:00-04:00,0.5328999757766724,0.5400000214576721,0.5328999757766724,0.5389000177383423,7943,0.0,0.0
2023-06-07 11:30:00-04:00,0.536899983882904,0.5375000238418579,0.536899983882904,0.5375000238418579,263,0.0,0.0
2023-06-07 12:30:00-04:00,0.5371999740600586,0.5400000214576721,0.5320000052452087,0.5329999923706055,13647,0.0,0.0
2023-06-07 13:30:00-04:00,0.5329999923706055,0.5374000072479248,0.5328999757766724,0.535099983215332,1684,0.0,0.0
2023-06-07 14:30:00-04:00,0.5358999967575073,0.5497000217437744,0.5358999967575073,0.5440999865531921,21532,0.0,0.0
2023-06-07 15:30:00-04:00,0.5400000214576721,0.5450000166893005,0.5328999757766724,0.5419999957084656,8182,0.0,0.0
2023-06-08 09:30:00-04:00,0.5320000052452087,0.5483999848365784,0.5320000052452087,0.5418490171432495,7830,0.0,0.0
2023-06-08 10:30:00-04:00,0.5376999974250793,0.5400000214576721,0.5320000052452087,0.5340999960899353,3581,0.0,0.0
2023-06-08 11:30:00-04:00,0.5321999788284302,0.5400000214576721,0.499099999666214,0.5400000214576721,212232,0.0,0.0
2023-06-08 12:30:00-04:00,0.5400000214576721,0.5400000214576721,0.5164999961853027,0.539900004863739,8728,0.0,0.0
2023-06-08 13:30:00-04:00,0.539900004863739,0.539900004863739,0.5166000127792358,0.5224999785423279,5772,0.0,0.0
2023-06-08 14:30:00-04:00,0.5297999978065491,0.539900004863739,0.5268999934196472,0.5297999978065491,15534,0.0,0.0
2023-06-08 15:30:00-04:00,0.5289999842643738,0.539900004863739,0.5203999876976013,0.5217999815940857,72265,0.0,0.0
2023-06-09 09:30:00-04:00,0.5397999882698059,0.5397999882698059,0.5200999975204468,0.5299999713897705,29106,0.0,0.0
2023-06-09 10:30:00-04:00,0.527899980545044,0.5397999882698059,0.527899980545044,0.5397999882698059,13518,0.0,0.0
2023-06-09 11:30:00-04:00,0.5397999882698059,0.5397999882698059,0.5266000032424927,0.5397999882698059,26054,0.0,0.0
2023-06-09 12:30:00-04:00,0.5400000214576721,0.5425000190734863,0.5321999788284302,0.5321999788284302,32863,0.0,0.0
2023-06-09 13:30:00-04:00,0.5300999879837036,0.5322999954223633,0.5250999927520752,0.5288500189781189,22212,0.0,0.0
2023-06-09 14:30:00-04:00,0.5322999954223633,0.5353000164031982,0.5254999995231628,0.5353000164031982,44871,0.0,0.0
2023-06-09 15:30:00-04:00,0.5353000164031982,0.5353000164031982,0.5271999835968018,0.5314000248908997,6469,0.0,0.0
2023-06-12 09:30:00-04:00,0.5199999809265137,0.5299999713897705,0.5199999809265137,0.5299999713897705,15807,0.0,0.0
2023-06-12 10:30:00-04:00,0.5299999713897705,0.5299999713897705,0.5200999975204468,0.5250999927520752,44605,0.0,0.0
2023-06-12 11:30:00-04:00,0.5250999927520752,0.5699999928474426,0.5227000117301941,0.5619999766349792,35597,0.0,0.0
2023-06-12 12:30:00-04:00,0.5799999833106995,0.5799999833106995,0.5199999809265137,0.5600000023841858,83613,0.0,0.0
2023-06-12 13:30:00-04:00,0.5699999928474426,0.5699999928474426,0.527999997138977,0.5422999858856201,15974,0.0,0.0
2023-06-12 14:30:00-04:00,0.5422999858856201,0.5490000247955322,0.5383999943733215,0.5490000247955322,20884,0.0,0.0
2023-06-12 15:30:00-04:00,0.5490000247955322,0.5490000247955322,0.5393000245094299,0.5393000245094299,13058,0.0,0.0
2023-06-13 09:30:00-04:00,0.5414999723434448,0.550000011920929,0.5281999707221985,0.5346999764442444,22159,0.0,0.0
2023-06-13 10:30:00-04:00,0.5346999764442444,0.550000011920929,0.5346999764442444,0.550000011920929,78414,0.0,0.0
2023-06-13 11:30:00-04:00,0.550000011920929,0.550000011920929,0.5322999954223633,0.5497999787330627,25986,0.0,0.0
2023-06-13 12:30:00-04:00,0.5454000234603882,0.5699999928474426,0.5450999736785889,0.5690000057220459,58047,0.0,0.0
2023-06-13 13:30:00-04:00,0.5699999928474426,0.5799999833106995,0.5600000023841858,0.5662500262260437,32651,0.0,0.0
2023-06-13 14:30:00-04:00,0.5662999749183655,0.5695000290870667,0.5626000165939331,0.5630000233650208,24151,0.0,0.0
2023-06-13 15:30:00-04:00,0.5630000233650208,0.5651000142097473,0.5594000220298767,0.5594000220298767,22134,0.0,0.0
2023-06-14 09:30:00-04:00,0.5600000023841858,0.574999988079071,0.5561000108718872,0.565500020980835,11914,0.0,0.0
2023-06-14 10:30:00-04:00,0.5654000043869019,0.565500020980835,0.559499979019165,0.5619000196456909,14232,0.0,0.0
2023-06-14 11:30:00-04:00,0.5619000196456909,0.5629000067710876,0.559499979019165,0.5600000023841858,61783,0.0,0.0
2023-06-14 12:30:00-04:00,0.5600000023841858,0.5619000196456909,0.550000011920929,0.5608999729156494,60754,0.0,0.0
2023-06-14 13:30:00-04:00,0.5608999729156494,0.5608999729156494,0.5503000020980835,0.5598999857902527,27205,0.0,0.0
2023-06-14 14:30:00-04:00,0.5550000071525574,0.5598999857902527,0.5503000020980835,0.5598000288009644,26483,0.0,0.0
2023-06-14 15:30:00-04:00,0.5598000288009644,0.5598000288009644,0.5511000156402588,0.5550000071525574,22409,0.0,0.0
2023-06-15 09:30:00-04:00,0.550000011920929,0.5649999976158142,0.550000011920929,0.5600000023841858,50856,0.0,0.0
2023-06-15 10:30:00-04:00,0.5600000023841858,0.5600000023841858,0.5504000186920166,0.5600000023841858,16279,0.0,0.0
2023-06-15 11:30:00-04:00,0.5600000023841858,0.5600000023841858,0.5508999824523926,0.5597000122070312,11069,0.0,0.0
2023-06-15 12:30:00-04:00,0.5600000023841858,0.5600000023841858,0.550000011920929,0.550000011920929,7239,0.0,0.0
2023-06-15 13:30:00-04:00,0.5519000291824341,0.5699999928474426,0.5515999794006348,0.5645999908447266,52958,0.0,0.0
2023-06-15 14:30:00-04:00,0.5672000050544739,0.5699999928474426,0.5601000189781189,0.5699999928474426,120499,0.0,0.0
2023-06-15 15:30:00-04:00,0.5699999928474426,0.574999988079071,0.5600000023841858,0.5723999738693237,46419,0.0,0.0
2023-06-16 09:30:00-04:00,0.5590999722480774,0.5799000263214111,0.5540000200271606,0.5759999752044678,14534,0.0,0.0
2023-06-16 10:30:00-04:00,0.5759999752044678,0.5759999752044678,0.571399986743927,0.5727999806404114,12837,0.0,0.0
2023-06-16 11:30:00-04:00,0.5724999904632568,0.5740000009536743,0.5574010014533997,0.5740000009536743,17271,0.0,0.0
2023-06-16 12:30:00-04:00,0.5734999775886536,0.574999988079071,0.5698000192642212,0.5699999928474426,8280,0.0,0.0
2023-06-16 13:30:00-04:00,0.574999988079071,0.5796999931335449,0.569100022315979,0.5796999931335449,22481,0.0,0.0
2023-06-16 14:30:00-04:00,0.5796999931335449,0.6399999856948853,0.5796999931335449,0.6230999827384949,287987,0.0,0.0
2023-06-16 15:30:00-04:00,0.6299999952316284,0.6890000104904175,0.6154999732971191,0.6700000166893005,336439,0.0,0.0
2023-06-20 09:30:00-04:00,0.675599992275238,0.6800000071525574,0.6499999761581421,0.6697999835014343,180845,0.0,0.0
2023-06-20 10:30:00-04:00,0.6697999835014343,0.6841999888420105,0.6672999858856201,0.675000011920929,82104,0.0,0.0
2023-06-20 11:30:00-04:00,0.675000011920929,0.6882039904594421,0.671999990940094,0.6805999875068665,65617,0.0,0.0
2023-06-20 12:30:00-04:00,0.6800000071525574,0.6898999810218811,0.6725000143051147,0.6890000104904175,75767,0.0,0.0
2023-06-20 13:30:00-04:00,0.6890000104904175,0.7049999833106995,0.6841999888420105,0.699999988079071,93558,0.0,0.0
2023-06-20 14:30:00-04:00,0.699999988079071,0.699999988079071,0.6797999739646912,0.685699999332428,34520,0.0,0.0
2023-06-20 15:30:00-04:00,0.6959999799728394,0.6959999799728394,0.6743000149726868,0.6800000071525574,51729,0.0,0.0
2023-06-21 09:30:00-04:00,0.6499000191688538,0.6800000071525574,0.6299999952316284,0.6798999905586243,48748,0.0,0.0
2023-06-21 10:30:00-04:00,0.6798999905586243,0.696399986743927,0.6700000166893005,0.6899999976158142,34121,0.0,0.0
2023-06-21 11:30:00-04:00,0.6915000081062317,0.696399986743927,0.6800000071525574,0.696399986743927,108669,0.0,0.0
2023-06-21 12:30:00-04:00,0.6884999871253967,0.6949999928474426,0.6800000071525574,0.6949999928474426,73517,0.0,0.0
2023-06-21 13:30:00-04:00,0.6949999928474426,0.6949999928474426,0.6811000108718872,0.6898999810218811,11940,0.0,0.0
2023-06-21 14:30:00-04:00,0.6898999810218811,0.6949999928474426,0.6815999746322632,0.6899999976158142,34833,0.0,0.0
2023-06-21 15:30:00-04:00,0.6899999976158142,0.6948999762535095,0.6850000023841858,0.6850000023841858,18274,0.0,0.0
2023-06-22 09:30:00-04:00,0.675000011920929,0.6899999976158142,0.6743999719619751,0.6898999810218811,29170,0.0,0.0
2023-06-22 10:30:00-04:00,0.6898999810218811,0.7084000110626221,0.6875,0.7083989977836609,106455,0.0,0.0
2023-06-22 11:30:00-04:00,0.7080000042915344,0.7099999785423279,0.6949999928474426,0.699999988079071,144807,0.0,0.0
2023-06-22 12:30:00-04:00,0.7080000042915344,0.7099999785423279,0.699999988079071,0.7089499831199646,176506,0.0,0.0
2023-06-22 13:30:00-04:00,0.708299994468689,0.7178000211715698,0.6984999775886536,0.7178000211715698,104005,0.0,0.0
2023-06-22 14:30:00-04:00,0.7178000211715698,0.727400004863739,0.7110000252723694,0.7265999913215637,518816,0.0,0.0
2023-06-22 15:30:00-04:00,0.727400004863739,0.7297999858856201,0.7149999737739563,0.7200000286102295,140037,0.0,0.0
2023-06-23 09:30:00-04:00,0.6899999976158142,0.7099000215530396,0.6800000071525574,0.7097989916801453,83549,0.0,0.0
2023-06-23 10:30:00-04:00,0.699999988079071,0.7099000215530396,0.6700000166893005,0.6769000291824341,76574,0.0,0.0
2023-06-23 11:30:00-04:00,0.6735000014305115,0.6769999861717224,0.6531999707221985,0.6626999974250793,77409,0.0,0.0
2023-06-23 12:30:00-04:00,0.6654000282287598,0.6654000282287598,0.652999997138977,0.652999997138977,45184,0.0,0.0
2023-06-23 13:30:00-04:00,0.6622999906539917,0.6866000294685364,0.6600009799003601,0.6700000166893005,10510,0.0,0.0
2023-06-23 14:30:00-04:00,0.6783000230789185,0.699999988079071,0.6647999882698059,0.699999988079071,40120,0.0,0.0
2023-06-23 15:30:00-04:00,0.6987000107765198,0.7099999785423279,0.678600013256073,0.6988999843597412,65538,0.0,0.0
2023-06-26 09:30:00-04:00,0.7037000060081482,0.7037000060081482,0.6800000071525574,0.6926500201225281,10528,0.0,0.0
2023-06-26 10:30:00-04:00,0.6819999814033508,0.7032999992370605,0.6819999814033508,0.6927000284194946,6795,0.0,0.0
2023-06-26 11:30:00-04:00,0.6919999718666077,0.6919999718666077,0.6800000071525574,0.6832000017166138,8321,0.0,0.0
2023-06-26 12:30:00-04:00,0.6800000071525574,0.6909000277519226,0.6800000071525574,0.6909000277519226,5780,0.0,0.0
2023-06-26 13:30:00-04:00,0.6855000257492065,0.6998999714851379,0.6855000257492065,0.6937999725341797,13145,0.0,0.0
2023-06-26 14:30:00-04:00,0.6850000023841858,0.6850000023841858,0.6570000052452087,0.6621000170707703,10828,0.0,0.0
2023-06-26 15:30:00-04:00,0.6621000170707703,0.6894000172615051,0.6549999713897705,0.6723999977111816,45330,0.0,0.0
2023-06-27 09:30:00-04:00,0.6790000200271606,0.6974989771842957,0.6650009751319885,0.6671000123023987,36744,0.0,0.0
2023-06-27 10:30:00-04:00,0.6669999957084656,0.6847000122070312,0.660099983215332,0.6847000122070312,32928,0.0,0.0
2023-06-27 11:30:00-04:00,0.6782000064849854,0.6867669820785522,0.6721000075340271,0.6722000241279602,2752,0.0,0.0
2023-06-27 12:30:00-04:00,0.6858000159263611,0.6858999729156494,0.671999990940094,0.6808500289916992,2656,0.0,0.0
2023-06-27 13:30:00-04:00,0.6769009828567505,0.683899998664856,0.6740000247955322,0.6775500178337097,23602,0.0,0.0
2023-06-27 14:30:00-04:00,0.6775500178337097,0.6775500178337097,0.6499999761581421,0.6549999713897705,54449,0.0,0.0
2023-06-27 15:30:00-04:00,0.6599000096321106,0.6600000262260437,0.6399999856948853,0.652999997138977,41421,0.0,0.0
2023-06-28 09:30:00-04:00,0.6399999856948853,0.6866000294685364,0.6399999856948853,0.6596999764442444,29056,0.0,0.0
2023-06-28 10:30:00-04:00,0.65829998254776,0.6653000116348267,0.6500009894371033,0.6552000045776367,6730,0.0,0.0
2023-06-28 11:30:00-04:00,0.6552000045776367,0.6603000164031982,0.6399999856948853,0.6444000005722046,22341,0.0,0.0
2023-06-28 12:30:00-04:00,0.6444000005722046,0.6583999991416931,0.6399999856948853,0.6583999991416931,26930,0.0,0.0
2023-06-28 13:30:00-04:00,0.6583999991416931,0.6798999905586243,0.6460999846458435,0.6797999739646912,17587,0.0,0.0
2023-06-28 14:30:00-04:00,0.656499981880188,0.6800000071525574,0.6500999927520752,0.6800000071525574,13501,0.0,0.0
2023-06-28 15:30:00-04:00,0.6798999905586243,0.6800000071525574,0.6500999927520752,0.6700000166893005,15876,0.0,0.0
2023-06-29 09:30:00-04:00,0.6503999829292297,0.6689000129699707,0.602400004863739,0.6399999856948853,95371,0.0,0.0
2023-06-29 10:30:00-04:00,0.6535000205039978,0.6690000295639038,0.6380000114440918,0.6485999822616577,19822,0.0,0.0
2023-06-29 11:30:00-04:00,0.6425999999046326,0.6675999760627747,0.6419000029563904,0.656000018119812,33489,0.0,0.0
2023-06-29 12:30:00-04:00,0.6424000263214111,0.6531000137329102,0.6380000114440918,0.6425999999046326,14842,0.0,0.0
2023-06-29 13:30:00-04:00,0.6381000280380249,0.6628999710083008,0.6381000280380249,0.6628999710083008,10591,0.0,0.0
2023-06-29 14:30:00-04:00,0.6399999856948853,0.6639999747276306,0.6384000182151794,0.6450999975204468,23077,0.0,0.0
2023-06-29 15:30:00-04:00,0.6639000177383423,0.6639999747276306,0.6545000076293945,0.6639999747276306,26047,0.0,0.0
2023-06-30 09:30:00-04:00,0.6499999761581421,0.6690999865531921,0.6499999761581421,0.6690999865531921,48791,0.0,0.0
2023-06-30 10:30:00-04:00,0.6602010130882263,0.6690000295639038,0.6499999761581421,0.6499999761581421,24660,0.0,0.0
2023-06-30 11:30:00-04:00,0.6650000214576721,0.6690000295639038,0.6301010251045227,0.6679999828338623,16969,0.0,0.0
2023-06-30 12:30:00-04:00,0.6679999828338623,0.6679999828338623,0.6557000279426575,0.6557000279426575,1352,0.0,0.0
2023-06-30 13:30:00-04:00,0.6552000045776367,0.6679999828338623,0.6399999856948853,0.6499999761581421,31532,0.0,0.0
2023-06-30 14:30:00-04:00,0.6400099992752075,0.6679999828338623,0.6400099992752075,0.6629999876022339,7277,0.0,0.0
2023-06-30 15:30:00-04:00,0.656499981880188,0.6629999876022339,0.656499981880188,0.6603999733924866,5376,0.0,0.0
2023-07-03 09:30:00-04:00,0.6800000071525574,0.6800000071525574,0.6700000166893005,0.675000011920929,74835,0.0,0.0
2023-07-03 10:30:00-04:00,0.675000011920929,0.6899999976158142,0.6700000166893005,0.6899999976158142,42666,0.0,0.0
2023-07-03 11:30:00-04:00,0.6899999976158142,0.6899999976158142,0.6711000204086304,0.6898999810218811,20534,0.0,0.0
2023-07-05 09:30:00-04:00,0.6351000070571899,0.6642000079154968,0.6299999952316284,0.652899980545044,127131,0.0,0.0
2023-07-05 10:30:00-04:00,0.6549000144004822,0.6549000144004822,0.6399999856948853,0.6453499794006348,63100,0.0,0.0
2023-07-05 11:30:00-04:00,0.6408010125160217,0.6643000245094299,0.6408010125160217,0.6643000245094299,12559,0.0,0.0
2023-07-05 12:30:00-04:00,0.6460000276565552,0.6643000245094299,0.6452000141143799,0.6643000245094299,5275,0.0,0.0
2023-07-05 13:30:00-04:00,0.6643000245094299,0.6643000245094299,0.6399999856948853,0.6600000262260437,36292,0.0,0.0
2023-07-05 14:30:00-04:00,0.6535999774932861,0.6600000262260437,0.6495000123977661,0.6498000025749207,8283,0.0,0.0
2023-07-05 15:30:00-04:00,0.6546499729156494,0.6588000059127808,0.6499999761581421,0.6499999761581421,4558,0.0,0.0
2023-07-06 09:30:00-04:00,0.6589999794960022,0.6599000096321106,0.6399999856948853,0.6499999761581421,0,0.0,0.0
2023-07-06 10:30:00-04:00,0.6600000262260437,0.6600000262260437,0.6399999856948853,0.6600000262260437,37216,0.0,0.0
2023-07-06 11:30:00-04:00,0.6600000262260437,0.6600000262260437,0.6399999856948853,0.6499999761581421,3993,0.0,0.0
2023-07-06 12:30:00-04:00,0.6449000239372253,0.6499000191688538,0.6399999856948853,0.6428999900817871,28254,0.0,0.0
2023-07-06 13:30:00-04:00,0.6412000060081482,0.6499999761581421,0.635200023651123,0.6499000191688538,64979,0.0,0.0
2023-07-06 14:30:00-04:00,0.6399999856948853,0.6499000191688538,0.6399999856948853,0.6499000191688538,3552,0.0,0.0
2023-07-06 15:30:00-04:00,0.6484940052032471,0.6499000191688538,0.6399999856948853,0.6499000191688538,12177,0.0,0.0
2023-07-07 09:30:00-04:00,0.6600000262260437,0.6650000214576721,0.6600000262260437,0.6639000177383423,23825,0.0,0.0
2023-07-07 10:30:00-04:00,0.663798987865448,0.6639000177383423,0.6600000262260437,0.663798987865448,20866,0.0,0.0
2023-07-07 11:30:00-04:00,0.6639000177383423,0.6639000177383423,0.650600016117096,0.650600016117096,70125,0.0,0.0
2023-07-07 12:30:00-04:00,0.6499999761581421,0.6639000177383423,0.6442000269889832,0.6442000269889832,9141,0.0,0.0
2023-07-07 13:30:00-04:00,0.6442999839782715,0.6518999934196472,0.6442000269889832,0.6492999792098999,29839,0.0,0.0
2023-07-07 14:30:00-04:00,0.6492999792098999,0.6492999792098999,0.6399999856948853,0.6421499848365784,54348,0.0,0.0
2023-07-07 15:30:00-04:00,0.6442000269889832,0.6499999761581421,0.6406000256538391,0.6499000191688538,12039,0.0,0.0
2023-07-10 09:30:00-04:00,0.6349999904632568,0.6520000100135803,0.6299999952316284,0.6431999802589417,49941,0.0,0.0
2023-07-10 10:30:00-04:00,0.6431999802589417,0.6496000289916992,0.6371999979019165,0.6371999979019165,14127,0.0,0.0
2023-07-10 11:30:00-04:00,0.6395000219345093,0.6424499750137329,0.6371999979019165,0.6399999856948853,0,0.0,0.0
2023-07-10 12:30:00-04:00,0.6424000263214111,0.6428999900817871,0.6399999856948853,0.6428999900817871,79852,0.0,0.0
2023-07-10 13:30:00-04:00,0.6428999900817871,0.6449999809265137,0.6399999856948853,0.6409000158309937,8183,0.0,0.0
2023-07-10 14:30:00-04:00,0.6399999856948853,0.6449000239372253,0.6323000192642212,0.6323000192642212,31052,0.0,0.0
2023-07-10 15:30:00-04:00,0.6323000192642212,0.6445000171661377,0.6323000192642212,0.6372500061988831,5504,0.0,0.0
2023-07-11 09:30:00-04:00,0.6316999793052673,0.6499999761581421,0.6299999952316284,0.6299999952316284,24698,0.0,0.0
2023-07-11 10:30:00-04:00,0.6489999890327454,0.6489999890327454,0.6299999952316284,0.6395000219345093,18062,0.0,0.0
2023-07-11 11:30:00-04:00,0.6399999856948853,0.6488990187644958,0.6299999952316284,0.6488990187644958,2656,0.0,0.0
2023-07-11 12:30:00-04:00,0.6301000118255615,0.6489999890327454,0.6301000118255615,0.6301000118255615,2990,0.0,0.0
2023-07-11 13:30:00-04:00,0.639549970626831,0.6399999856948853,0.6302000284194946,0.630200982093811,4187,0.0,0.0
2023-07-11 14:30:00-04:00,0.6347500085830688,0.6392999887466431,0.6316760182380676,0.6345499753952026,1387,0.0,0.0
2023-07-11 15:30:00-04:00,0.6345000267028809,0.6388999819755554,0.6299999952316284,0.6344000101089478,4811,0.0,0.0
2023-07-12 09:30:00-04:00,0.6309999823570251,0.6499000191688538,0.6309999823570251,0.6352970004081726,55806,0.0,0.0
2023-07-12 10:30:00-04:00,0.6421999931335449,0.6448000073432922,0.6299999952316284,0.6365000009536743,62634,0.0,0.0
2023-07-12 11:30:00-04:00,0.6396999955177307,0.6399000287055969,0.6366000175476074,0.6399000287055969,3831,0.0,0.0
2023-07-12 12:30:00-04:00,0.6399000287055969,0.6406999826431274,0.6365000009536743,0.6406999826431274,16286,0.0,0.0
2023-07-12 13:30:00-04:00,0.6406509876251221,0.6406509876251221,0.6365000009536743,0.6378999948501587,17410,0.0,0.0
2023-07-12 14:30:00-04:00,0.6378999948501587,0.6378999948501587,0.6329500079154968,0.6333500146865845,3179,0.0,0.0
2023-07-12 15:30:00-04:00,0.6359000205993652,0.6359000205993652,0.6308000087738037,0.6330000162124634,9792,0.0,0.0
2023-07-13 09:30:00-04:00,0.6299999952316284,0.6438999772071838,0.6299999952316284,0.640999972820282,50469,0.0,0.0
2023-07-13 10:30:00-04:00,0.6399999856948853,0.6499999761581421,0.6349999904632568,0.6499999761581421,39608,0.0,0.0
2023-07-13 11:30:00-04:00,0.6401000022888184,0.6520000100135803,0.6301000118255615,0.6410999894142151,27517,0.0,0.0
2023-07-13 12:30:00-04:00,0.6489999890327454,0.6510000228881836,0.6320000290870667,0.6499999761581421,4978,0.0,0.0
2023-07-13 13:30:00-04:00,0.6399999856948853,0.6499999761581421,0.6310999989509583,0.6399999856948853,7521,0.0,0.0
2023-07-13 14:30:00-04:00,0.6320000290870667,0.640500009059906,0.6312000155448914,0.6399999856948853,13516,0.0,0.0
2023-07-13 15:30:00-04:00,0.6399999856948853,0.6399999856948853,0.6330000162124634,0.6398000121116638,3626,0.0,0.0
2023-07-14 09:30:00-04:00,0.6301000118255615,0.6520000100135803,0.6301000118255615,0.6489999890327454,13667,0.0,0.0
2023-07-14 10:30:00-04:00,0.6402000188827515,0.6499999761581421,0.6399999856948853,0.6489999890327454,23312,0.0,0.0
2023-07-14 11:30:00-04:00,0.6401000022888184,0.6499999761581421,0.6399999856948853,0.6399999856948853,19554,0.0,0.0
2023-07-14 12:30:00-04:00,0.6399999856948853,0.6499999761581421,0.6399999856948853,0.6499999761581421,7644,0.0,0.0
2023-07-14 13:30:00-04:00,0.6499999761581421,0.6499999761581421,0.625,0.6370000243186951,45515,0.0,0.0
2023-07-14 14:30:00-04:00,0.6358000040054321,0.6478000283241272,0.6259999871253967,0.6398000121116638,5799,0.0,0.0
2023-07-14 15:30:00-04:00,0.6326500177383423,0.6398000121116638,0.6200000047683716,0.632099986076355,12032,0.0,0.0
2023-07-17 09:30:00-04:00,0.6150000095367432,0.628000020980835,0.6069999933242798,0.6100999712944031,67534,0.0,0.0
2023-07-17 10:30:00-04:00,0.6100999712944031,0.6298999786376953,0.6100999712944031,0.6222500205039978,15878,0.0,0.0
2023-07-17 11:30:00-04:00,0.6223000288009644,0.6299999952316284,0.6159999966621399,0.6299999952316284,5168,0.0,0.0
2023-07-17 12:30:00-04:00,0.6306999921798706,0.6306999921798706,0.6144999861717224,0.614799976348877,15224,0.0,0.0
2023-07-17 13:30:00-04:00,0.6220499873161316,0.6292999982833862,0.6148999929428101,0.6223499774932861,31660,0.0,0.0
2023-07-17 14:30:00-04:00,0.629800021648407,0.629800021648407,0.6150000095367432,0.6150000095367432,8356,0.0,0.0
2023-07-17 15:30:00-04:00,0.6150000095367432,0.6216999888420105,0.6150000095367432,0.6200000047683716,35938,0.0,0.0
2023-07-18 09:30:00-04:00,0.6100000143051147,0.6297000050544739,0.6069999933242798,0.6097000241279602,19034,0.0,0.0
2023-07-18 10:30:00-04:00,0.6097000241279602,0.6165000200271606,0.6011999845504761,0.6011999845504761,38598,0.0,0.0
2023-07-18 11:30:00-04:00,0.6148999929428101,0.6150000095367432,0.6011000275611877,0.614300012588501,16608,0.0,0.0
2023-07-18 12:30:00-04:00,0.6011999845504761,0.6150000095367432,0.6000000238418579,0.6001250147819519,21075,0.0,0.0
2023-07-18 13:30:00-04:00,0.6087499856948853,0.6148999929428101,0.6035000085830688,0.6148999929428101,5659,0.0,0.0
2023-07-18 14:30:00-04:00,0.6150000095367432,0.6150000095367432,0.5899999737739563,0.5975000262260437,55925,0.0,0.0
2023-07-18 15:30:00-04:00,0.5950999855995178,0.6050500273704529,0.5950999855995178,0.5985000133514404,11491,0.0,0.0
2023-07-19 09:30:00-04:00,0.5965999960899353,0.6148999929428101,0.5965999960899353,0.6000009775161743,25102,0.0,0.0
2023-07-19 10:30:00-04:00,0.609000027179718,0.6148999929428101,0.5982000231742859,0.6148999929428101,47605,0.0,0.0
2023-07-19 11:30:00-04:00,0.6148999929428101,0.6320000290870667,0.611299991607666,0.6298999786376953,55126,0.0,0.0
2023-07-19 12:30:00-04:00,0.6298999786376953,0.6299999952316284,0.625,0.6298999786376953,23142,0.0,0.0
2023-07-19 13:30:00-04:00,0.6276000142097473,0.6298999786376953,0.6100000143051147,0.6298999786376953,37699,0.0,0.0
2023-07-19 14:30:00-04:00,0.6298999786376953,0.6298999786376953,0.6107000112533569,0.621999979019165,7645,0.0,0.0
2023-07-19 15:30:00-04:00,0.6258000135421753,0.6298999786376953,0.6173999905586243,0.6290000081062317,5173,0.0,0.0
2023-07-20 09:30:00-04:00,0.5989999771118164,0.6320000290870667,0.5989999771118164,0.6320000290870667,56041,0.0,0.0
2023-07-20 10:30:00-04:00,0.6320000290870667,0.6320000290870667,0.6053000092506409,0.6320000290870667,36600,0.0,0.0
2023-07-20 11:30:00-04:00,0.6309999823570251,0.6320000290870667,0.6104000210762024,0.6230000257492065,25272,0.0,0.0
2023-07-20 12:30:00-04:00,0.6200000047683716,0.6200000047683716,0.6122009754180908,0.6200000047683716,17655,0.0,0.0
2023-07-20 13:30:00-04:00,0.6200000047683716,0.6200000047683716,0.6121000051498413,0.6200000047683716,3931,0.0,0.0
2023-07-20 14:30:00-04:00,0.6200000047683716,0.6200000047683716,0.6050009727478027,0.6200000047683716,6445,0.0,0.0
2023-07-20 15:30:00-04:00,0.6200000047683716,0.6200000047683716,0.6050999760627747,0.6140000224113464,10248,0.0,0.0
2023-07-21 09:30:00-04:00,0.6050999760627747,0.6140000224113464,0.6050999760627747,0.6071000099182129,32561,0.0,0.0
2023-07-21 10:30:00-04:00,0.6140000224113464,0.6140000224113464,0.6071000099182129,0.6105999946594238,24089,0.0,0.0
2023-07-21 11:30:00-04:00,0.6100000143051147,0.6299999952316284,0.6100000143051147,0.6299999952316284,46481,0.0,0.0
2023-07-21 12:30:00-04:00,0.6299999952316284,0.6309999823570251,0.6201000213623047,0.6299999952316284,15965,0.0,0.0
2023-07-21 13:30:00-04:00,0.6299999952316284,0.6309999823570251,0.6222000122070312,0.6309999823570251,7568,0.0,0.0
2023-07-21 14:30:00-04:00,0.6284000277519226,0.6299999952316284,0.6283000111579895,0.6299999952316284,25959,0.0,0.0
2023-07-21 15:30:00-04:00,0.6283000111579895,0.6320000290870667,0.6281999945640564,0.6299999952316284,49130,0.0,0.0
2023-07-24 09:30:00-04:00,0.6258000135421753,0.6258000135421753,0.6100000143051147,0.6145470142364502,21691,0.0,0.0
2023-07-24 10:30:00-04:00,0.6241999864578247,0.625,0.6100000143051147,0.625,7634,0.0,0.0
2023-07-24 11:30:00-04:00,0.6100000143051147,0.625,0.6100000143051147,0.6100000143051147,5861,0.0,0.0
2023-07-24 12:30:00-04:00,0.6166999936103821,0.625,0.6100000143051147,0.6190000176429749,28122,0.0,0.0
2023-07-24 13:30:00-04:00,0.6190000176429749,0.6200000047683716,0.6091009974479675,0.6144999861717224,12452,0.0,0.0
2023-07-24 14:30:00-04:00,0.6200000047683716,0.6200000047683716,0.609000027179718,0.6186000108718872,55041,0.0,0.0
2023-07-24 15:30:00-04:00,0.6186000108718872,0.6240000128746033,0.6090999841690063,0.6218000054359436,34107,0.0,0.0
2023-07-25 09:30:00-04:00,0.609000027179718,0.6200000047683716,0.6000000238418579,0.6050000190734863,57766,0.0,0.0
2023-07-25 10:30:00-04:00,0.6002010107040405,0.6144000291824341,0.6000999808311462,0.6144000291824341,28172,0.0,0.0
2023-07-25 11:30:00-04:00,0.6103000044822693,0.625,0.6019999980926514,0.625,21183,0.0,0.0
2023-07-25 12:30:00-04:00,0.6150500178337097,0.6200000047683716,0.6021000146865845,0.6200000047683716,18543,0.0,0.0
2023-07-25 13:30:00-04:00,0.6110010147094727,0.6200000047683716,0.6050999760627747,0.6200000047683716,3992,0.0,0.0
2023-07-25 14:30:00-04:00,0.6050999760627747,0.6200000047683716,0.6019999980926514,0.6019999980926514,94015,0.0,0.0
2023-07-25 15:30:00-04:00,0.6021000146865845,0.6021000146865845,0.565500020980835,0.5666000247001648,132442,0.0,0.0
2023-07-26 09:30:00-04:00,0.5799999833106995,0.5929999947547913,0.554099977016449,0.5782999992370605,76807,0.0,0.0
2023-07-26 10:30:00-04:00,0.5849000215530396,0.5849000215530396,0.5609999895095825,0.5799999833106995,39354,0.0,0.0
2023-07-26 11:30:00-04:00,0.5799999833106995,0.5799999833106995,0.5794000029563904,0.5799999833106995,7890,0.0,0.0
2023-07-26 12:30:00-04:00,0.5799999833106995,0.5830000042915344,0.5723999738693237,0.5830000042915344,10669,0.0,0.0
2023-07-26 13:30:00-04:00,0.5830000042915344,0.5899999737739563,0.5720999836921692,0.5899999737739563,13613,0.0,0.0
2023-07-26 14:30:00-04:00,0.5820000171661377,0.5899999737739563,0.5755000114440918,0.5899999737739563,11000,0.0,0.0
2023-07-26 15:30:00-04:00,0.5844500064849854,0.6000000238418579,0.5844500064849854,0.6000000238418579,9439,0.0,0.0
2023-07-27 09:30:00-04:00,0.5855000019073486,0.6100000143051147,0.5799999833106995,0.5996999740600586,12612,0.0,0.0
2023-07-27 10:30:00-04:00,0.6050999760627747,0.6054999828338623,0.5902010202407837,0.5950999855995178,10332,0.0,0.0
2023-07-27 11:30:00-04:00,0.5904009938240051,0.6000000238418579,0.5903000235557556,0.6000000238418579,11956,0.0,0.0
2023-07-27 12:30:00-04:00,0.6000000238418579,0.6019999980926514,0.590499997138977,0.6000000238418579,6131,0.0,0.0
2023-07-27 13:30:00-04:00,0.6000000238418579,0.6000000238418579,0.5799999833106995,0.5938000082969666,10516,0.0,0.0
2023-07-27 14:30:00-04:00,0.5938000082969666,0.5996000170707703,0.574999988079071,0.5979999899864197,17549,0.0,0.0
2023-07-27 15:30:00-04:00,0.5759999752044678,0.5989999771118164,0.5751010179519653,0.5986999869346619,14526,0.0,0.0
2023-07-28 09:30:00-04:00,0.5799999833106995,0.6061999797821045,0.5799999833106995,0.5998989939689636,25684,0.0,0.0
2023-07-28 10:30:00-04:00,0.6000000238418579,0.6000000238418579,0.5946999788284302,0.5989999771118164,6059,0.0,0.0
2023-07-28 11:30:00-04:00,0.5946999788284302,0.5950000286102295,0.5770000219345093,0.5800999999046326,60828,0.0,0.0
2023-07-28 12:30:00-04:00,0.5861999988555908,0.5884000062942505,0.5803999900817871,0.5884000062942505,5038,0.0,0.0
2023-07-28 13:30:00-04:00,0.5884000062942505,0.5920000076293945,0.5806999802589417,0.5821999907493591,0,0.0,0.0
2023-07-28 14:30:00-04:00,0.5899999737739563,0.5899999737739563,0.5824000239372253,0.5856999754905701,111742,0.0,0.0
2023-07-28 15:30:00-04:00,0.5875999927520752,0.5899999737739563,0.5830000042915344,0.5899999737739563,34711,0.0,0.0
2023-07-31 09:30:00-04:00,0.5802000164985657,0.5979999899864197,0.5802000164985657,0.5885999798774719,30553,0.0,0.0
2023-07-31 10:30:00-04:00,0.597000002861023,0.597000002861023,0.5809999704360962,0.5809999704360962,14324,0.0,0.0
2023-07-31 11:30:00-04:00,0.5849000215530396,0.5849999785423279,0.5802000164985657,0.5849999785423279,25488,0.0,0.0
2023-07-31 12:30:00-04:00,0.5849999785423279,0.5899999737739563,0.5825999975204468,0.5889999866485596,8590,0.0,0.0
2023-07-31 13:30:00-04:00,0.589900016784668,0.5899999737739563,0.5838000178337097,0.5871000289916992,4110,0.0,0.0
2023-07-31 14:30:00-04:00,0.5871000289916992,0.5871000289916992,0.578000009059906,0.5781000256538391,32195,0.0,0.0
2023-07-31 15:30:00-04:00,0.5781000256538391,0.5870000123977661,0.5701000094413757,0.5870000123977661,22747,0.0,0.0
2023-08-01 09:30:00-04:00,0.5748999714851379,0.5899999737739563,0.5748999714851379,0.5889999866485596,105272,0.0,0.0
2023-08-01 10:30:00-04:00,0.5899999737739563,0.597000002861023,0.5800999999046326,0.597000002861023,22893,0.0,0.0
2023-08-01 11:30:00-04:00,0.5910000205039978,0.5929999947547913,0.5799999833106995,0.5929999947547913,13618,0.0,0.0
2023-08-01 12:30:00-04:00,0.5800999999046326,0.5929999947547913,0.5799999833106995,0.5929999947547913,8403,0.0,0.0
2023-08-01 13:30:00-04:00,0.5910000205039978,0.597000002861023,0.5799999833106995,0.597000002861023,14700,0.0,0.0
2023-08-01 14:30:00-04:00,0.597000002861023,0.597000002861023,0.5799999833106995,0.5950000286102295,15619,0.0,0.0
2023-08-01 15:30:00-04:00,0.5950000286102295,0.5950000286102295,0.5874999761581421,0.5950000286102295,29760,0.0,0.0
2023-08-02 09:30:00-04:00,0.5799999833106995,0.5879999995231628,0.5799999833106995,0.5879999995231628,45858,0.0,0.0
2023-08-02 10:30:00-04:00,0.5879999995231628,0.5879999995231628,0.5751010179519653,0.5751010179519653,29488,0.0,0.0
2023-08-02 11:30:00-04:00,0.5870000123977661,0.5879999995231628,0.574999988079071,0.5870000123977661,22586,0.0,0.0
2023-08-02 12:30:00-04:00,0.5775499939918518,0.5799999833106995,0.5759999752044678,0.5799999833106995,17301,0.0,0.0
2023-08-02 13:30:00-04:00,0.5764999985694885,0.5879999995231628,0.5764999985694885,0.5879999995231628,7961,0.0,0.0
2023-08-02 14:30:00-04:00,0.5879999995231628,0.5899999737739563,0.5759999752044678,0.5889999866485596,16529,0.0,0.0
2023-08-02 15:30:00-04:00,0.589900016784668,0.5899999737739563,0.5827999711036682,0.5899999737739563,7373,0.0,0.0
2023-08-03 09:30:00-04:00,0.5979999899864197,0.5979999899864197,0.5799999833106995,0.5802000164985657,128862,0.0,0.0
2023-08-03 10:30:00-04:00,0.5802000164985657,0.5899999737739563,0.5800999999046326,0.5874999761581421,10318,0.0,0.0
2023-08-03 11:30:00-04:00,0.5899999737739563,0.5899999737739563,0.5875999927520752,0.5887500047683716,5722,0.0,0.0
2023-08-03 12:30:00-04:00,0.5874999761581421,0.5899999737739563,0.5799999833106995,0.5849999785423279,19480,0.0,0.0
2023-08-03 13:30:00-04:00,0.5899999737739563,0.5899999737739563,0.5799999833106995,0.5899999737739563,7928,0.0,0.0
2023-08-03 14:30:00-04:00,0.5849999785423279,0.5899999737739563,0.5799999833106995,0.5899999737739563,15543,0.0,0.0
2023-08-03 15:30:00-04:00,0.5899999737739563,0.5899999737739563,0.574999988079071,0.5759999752044678,24403,0.0,0.0
2023-08-04 09:30:00-04:00,0.5870000123977661,0.5999000072479248,0.5763000249862671,0.5950000286102295,12774,0.0,0.0
2023-08-04 10:30:00-04:00,0.589900016784668,0.5948989987373352,0.5774999856948853,0.5774999856948853,8341,0.0,0.0
2023-08-04 11:30:00-04:00,0.5774999856948853,0.5849000215530396,0.574999988079071,0.5806999802589417,19019,0.0,0.0
2023-08-04 12:30:00-04:00,0.5809000134468079,0.5809000134468079,0.572700023651123,0.5753999948501587,24230,0.0,0.0
2023-08-04 13:30:00-04:00,0.5699999928474426,0.5752999782562256,0.5699999928474426,0.5712000131607056,16049,0.0,0.0
2023-08-04 14:30:00-04:00,0.5699999928474426,0.5712000131607056,0.5649999976158142,0.5649999976158142,42409,0.0,0.0
2023-08-04 15:30:00-04:00,0.5674999952316284,0.5674999952316284,0.5561000108718872,0.5597000122070312,32425,0.0,0.0
2023-08-07 09:30:00-04:00,0.550000011920929,0.552299976348877,0.5109999775886536,0.5199999809265137,230206,0.0,0.0
2023-08-07 10:30:00-04:00,0.5299999713897705,0.5299999713897705,0.5099999904632568,0.5110999941825867,52310,0.0,0.0
2023-08-07 11:30:00-04:00,0.5110999941825867,0.5110999941825867,0.5006999969482422,0.503000020980835,28912,0.0,0.0
2023-08-07 12:30:00-04:00,0.5083000063896179,0.5099999904632568,0.5066499710083008,0.5097000002861023,47665,0.0,0.0
2023-08-07 13:30:00-04:00,0.5099999904632568,0.5099999904632568,0.4880000054836273,0.5001999735832214,205642,0.0,0.0
2023-08-07 14:30:00-04:00,0.5001000165939331,0.5070000290870667,0.4880000054836273,0.4959999918937683,15029,0.0,0.0
2023-08-07 15:30:00-04:00,0.504800021648407,0.504800021648407,0.47839999198913574,0.4950000047683716,96505,0.0,0.0
2023-08-08 09:30:00-04:00,0.5400000214576721,0.5400000214576721,0.4961000084877014,0.5,131610,0.0,0.0
2023-08-08 10:30:00-04:00,0.5,0.5054000020027161,0.4925000071525574,0.49709901213645935,172476,0.0,0.0
2023-08-08 11:30:00-04:00,0.49810001254081726,0.49810001254081726,0.4900999963283539,0.4950000047683716,76340,0.0,0.0
2023-08-08 12:30:00-04:00,0.5,0.5044999718666077,0.4900999963283539,0.5,32708,0.0,0.0
2023-08-08 13:30:00-04:00,0.5006999969482422,0.5006999969482422,0.49000000953674316,0.5,27343,0.0,0.0
2023-08-08 14:30:00-04:00,0.4950999915599823,0.5,0.4900999963283539,0.490200012922287,7059,0.0,0.0
2023-08-08 15:30:00-04:00,0.49149999022483826,0.5,0.49149999022483826,0.5,3186,0.0,0.0
2023-08-09 09:30:00-04:00,0.49129998683929443,0.5049999952316284,0.47999998927116394,0.4950000047683716,18673,0.0,0.0
2023-08-09 10:30:00-04:00,0.5,0.5,0.47999998927116394,0.4909000098705292,109240,0.0,0.0
2023-08-09 11:30:00-04:00,0.4909000098705292,0.4950000047683716,0.48190000653266907,0.48980000615119934,9208,0.0,0.0
2023-08-09 12:30:00-04:00,0.4848499894142151,0.4894999861717224,0.47999998927116394,0.4894999861717224,42766,0.0,0.0
2023-08-09 13:30:00-04:00,0.4805999994277954,0.4893999993801117,0.47999998927116394,0.47999998927116394,35225,0.0,0.0
2023-08-09 14:30:00-04:00,0.4779999852180481,0.4830999970436096,0.46619999408721924,0.46710100769996643,37344,0.0,0.0
2023-08-09 15:30:00-04:00,0.4812000095844269,0.4860000014305115,0.4684999883174896,0.4830000102519989,49139,0.0,0.0
2023-08-10 09:30:00-04:00,0.47999998927116394,0.48500001430511475,0.47999998927116394,0.48018598556518555,20298,0.0,0.0
2023-08-10 10:30:00-04:00,0.4887000024318695,0.49000000953674316,0.48010000586509705,0.4823000133037567,16817,0.0,0.0
2023-08-10 11:30:00-04:00,0.48899999260902405,0.48989999294281006,0.48010000586509705,0.48489999771118164,23456,0.0,0.0
2023-08-10 12:30:00-04:00,0.48969998955726624,0.48969998955726624,0.47999998927116394,0.4896000027656555,77197,0.0,0.0
2023-08-10 13:30:00-04:00,0.4896000027656555,0.48969998955726624,0.47999998927116394,0.4896000027656555,6862,0.0,0.0
2023-08-10 14:30:00-04:00,0.48500001430511475,0.4896000027656555,0.47999998927116394,0.4894999861717224,15667,0.0,0.0
2023-08-10 15:30:00-04:00,0.4894999861717224,0.4894999861717224,0.48010000586509705,0.48010000586509705,6214,0.0,0.0
2023-08-11 09:30:00-04:00,0.47999998927116394,0.5,0.47999998927116394,0.4950000047683716,42561,0.0,0.0
2023-08-11 10:30:00-04:00,0.4999000132083893,0.4999000132083893,0.4749999940395355,0.4788999855518341,15442,0.0,0.0
2023-08-11 11:30:00-04:00,0.477400004863739,0.47999998927116394,0.4674000144004822,0.4722000062465668,32894,0.0,0.0
2023-08-11 12:30:00-04:00,0.47699999809265137,0.47699999809265137,0.44999998807907104,0.46000000834465027,50870,0.0,0.0
2023-08-11 13:30:00-04:00,0.46000000834465027,0.4650000035762787,0.45010000467300415,0.4650000035762787,51724,0.0,0.0
2023-08-11 14:30:00-04:00,0.4650000035762787,0.4650000035762787,0.45509999990463257,0.4648999869823456,42012,0.0,0.0
2023-08-11 15:30:00-04:00,0.4641599953174591,0.4740000069141388,0.460099995136261,0.46320000290870667,6750,0.0,0.0
2023-08-14 09:30:00-04:00,0.453000009059906,0.4666999876499176,0.453000009059906,0.46650001406669617,52526,0.0,0.0
2023-08-14 10:30:00-04:00,0.45500001311302185,0.46639999747276306,0.45500001311302185,0.4634999930858612,13814,0.0,0.0
2023-08-14 11:30:00-04:00,0.46355000138282776,0.4724000096321106,0.45570001006126404,0.4724000096321106,389651,0.0,0.0
2023-08-14 12:30:00-04:00,0.4724000096321106,0.47999998927116394,0.4560000002384186,0.4799000024795532,514261,0.0,0.0
2023-08-14 13:30:00-04:00,0.47749999165534973,0.47999998927116394,0.4700999855995178,0.47699999809265137,39836,0.0,0.0
2023-08-14 14:30:00-04:00,0.476500004529953,0.47699999809265137,0.4700999855995178,0.47049999237060547,179216,0.0,0.0
2023-08-14 15:30:00-04:00,0.47029998898506165,0.4735499918460846,0.4700999855995178,0.4700999855995178,0,0.0,0.0
2023-08-15 09:30:00-04:00,0.47679999470710754,0.47999998927116394,0.4700999855995178,0.4702000021934509,17659,0.0,0.0
2023-08-15 10:30:00-04:00,0.475600004196167,0.47999998927116394,0.4702000021934509,0.47530001401901245,13586,0.0,0.0
2023-08-15 11:30:00-04:00,0.477649986743927,0.47999998927116394,0.44999998807907104,0.46000000834465027,227656,0.0,0.0
2023-08-15 12:30:00-04:00,0.46000000834465027,0.4699000120162964,0.46000000834465027,0.460099995136261,2853,0.0,0.0
2023-08-15 13:30:00-04:00,0.46239998936653137,0.46239998936653137,0.4569999873638153,0.46129998564720154,14649,0.0,0.0
2023-08-15 14:30:00-04:00,0.4602000117301941,0.4625000059604645,0.44999998807907104,0.45010000467300415,135656,0.0,0.0
2023-08-15 15:30:00-04:00,0.45010000467300415,0.4569999873638153,0.44999998807907104,0.451200008392334,6648,0.0,0.0
2023-08-16 09:30:00-04:00,0.4449999928474426,0.45500001311302185,0.4399999976158142,0.4399999976158142,53942,0.0,0.0
2023-08-16 10:30:00-04:00,0.4399999976158142,0.45080000162124634,0.4300000071525574,0.43709999322891235,27482,0.0,0.0
2023-08-16 11:30:00-04:00,0.43709999322891235,0.43709999322891235,0.3799999952316284,0.4009000062942505,171329,0.0,0.0
2023-08-16 12:30:00-04:00,0.40299999713897705,0.41040000319480896,0.4000000059604645,0.4009999930858612,0,0.0,0.0
2023-08-16 13:30:00-04:00,0.4000999927520752,0.40959998965263367,0.4000999927520752,0.4023999869823456,581436,0.0,0.0
2023-08-16 14:30:00-04:00,0.4000999927520752,0.40369999408721924,0.39890000224113464,0.4000999927520752,53157,0.0,0.0
2023-08-16 15:30:00-04:00,0.4000999927520752,0.40389999747276306,0.4000000059604645,0.4000999927520752,48097,0.0,0.0
2023-08-17 09:30:00-04:00,0.4000999927520752,0.4083999991416931,0.4000000059604645,0.4068000018596649,26375,0.0,0.0
2023-08-17 10:30:00-04:00,0.4009999930858612,0.4050999879837036,0.38510099053382874,0.40209999680519104,12713,0.0,0.0
2023-08-17 11:30:00-04:00,0.4016000032424927,0.4016000032424927,0.3801000118255615,0.3850489854812622,74485,0.0,0.0
2023-08-17 12:30:00-04:00,0.38749998807907104,0.40119999647140503,0.3804999887943268,0.3831000030040741,82401,0.0,0.0
2023-08-17 13:30:00-04:00,0.3831000030040741,0.40610000491142273,0.3804999887943268,0.38449999690055847,88117,0.0,0.0
2023-08-17 14:30:00-04:00,0.3865000009536743,0.3865000009536743,0.3806000053882599,0.3864000141620636,2986,0.0,0.0
2023-08-17 15:30:00-04:00,0.3865000009536743,0.39309999346733093,0.38510000705718994,0.38609999418258667,29565,0.0,0.0
2023-08-18 09:30:00-04:00,0.4000000059604645,0.4090000092983246,0.39500001072883606,0.4011000096797943,9286,0.0,0.0
2023-08-18 10:30:00-04:00,0.4059999883174896,0.415800005197525,0.3922150135040283,0.4052000045776367,95241,0.0,0.0
2023-08-18 11:30:00-04:00,0.4000999927520752,0.4034000039100647,0.4000999927520752,0.4034000039100647,1534,0.0,0.0
2023-08-18 12:30:00-04:00,0.4047999978065491,0.4047999978065491,0.4000000059604645,0.4011000096797943,36230,0.0,0.0
2023-08-18 13:30:00-04:00,0.4036000072956085,0.4047999978065491,0.4000000059604645,0.4047999978065491,40373,0.0,0.0
2023-08-18 14:30:00-04:00,0.4047999978065491,0.4129999876022339,0.4047999978065491,0.41290000081062317,15217,0.0,0.0
2023-08-18 15:30:00-04:00,0.41280001401901245,0.4131999909877777,0.4009999930858612,0.4043999910354614,8916,0.0,0.0
2023-08-21 09:30:00-04:00,0.4000000059604645,0.4000000059604645,0.39100000262260437,0.39500001072883606,45701,0.0,0.0
2023-08-21 10:30:00-04:00,0.39980000257492065,0.39980000257492065,0.3912000060081482,0.391400009393692,2558,0.0,0.0
2023-08-21 11:30:00-04:00,0.39800000190734863,0.39800000190734863,0.3912000060081482,0.3930000066757202,47638,0.0,0.0
2023-08-21 12:30:00-04:00,0.39320001006126404,0.39500001072883606,0.39160001277923584,0.39160001277923584,2308,0.0,0.0
2023-08-21 13:30:00-04:00,0.39500001072883606,0.39500001072883606,0.3912999927997589,0.39500001072883606,11786,0.0,0.0
2023-08-21 14:30:00-04:00,0.39489901065826416,0.39500001072883606,0.3919999897480011,0.3921000063419342,7397,0.0,0.0
2023-08-21 15:30:00-04:00,0.39500001072883606,0.3978999853134155,0.39149999618530273,0.39149999618530273,12540,0.0,0.0
2023-08-22 09:30:00-04:00,0.421999990940094,0.421999990940094,0.40630000829696655,0.4099000096321106,9960,0.0,0.0
2023-08-22 10:30:00-04:00,0.4097999930381775,0.414900004863739,0.4066630005836487,0.4099999964237213,262652,0.0,0.0
2023-08-22 11:30:00-04:00,0.4099999964237213,0.414900004863739,0.4074000120162964,0.414900004863739,4919,0.0,0.0
2023-08-22 12:30:00-04:00,0.414900004863739,0.414900004863739,0.4000000059604645,0.40689900517463684,955092,0.0,0.0
2023-08-22 13:30:00-04:00,0.4034999907016754,0.40700000524520874,0.3970000147819519,0.3971000015735626,37924,0.0,0.0
2023-08-22 14:30:00-04:00,0.4059999883174896,0.40700000524520874,0.39719998836517334,0.39899998903274536,5508,0.0,0.0
2023-08-22 15:30:00-04:00,0.39899998903274536,0.4090000092983246,0.3970000147819519,0.4090000092983246,24321,0.0,0.0
2023-08-23 09:30:00-04:00,0.38999998569488525,0.40049999952316284,0.38999998569488525,0.4000000059604645,23001,0.0,0.0
2023-08-23 10:30:00-04:00,0.4009999930858612,0.41999998688697815,0.39419999718666077,0.3971000015735626,27362,0.0,0.0
2023-08-23 11:30:00-04:00,0.4000000059604645,0.40700000524520874,0.39500001072883606,0.398499995470047,7898,0.0,0.0
2023-08-23 12:30:00-04:00,0.4000000059604645,0.4099999964237213,0.39590001106262207,0.4099000096321106,69854,0.0,0.0
2023-08-23 13:30:00-04:00,0.4074000120162964,0.4074000120162964,0.3959999978542328,0.4049000144004822,5852,0.0,0.0
2023-08-23 14:30:00-04:00,0.4050000011920929,0.4050000011920929,0.3977999985218048,0.39959898591041565,17269,0.0,0.0
2023-08-23 15:30:00-04:00,0.39647701382637024,0.3977000117301941,0.3953999876976013,0.3953999876976013,22888,0.0,0.0
2023-08-24 09:30:00-04:00,0.4090000092983246,0.41679999232292175,0.40549999475479126,0.40560001134872437,14195,0.0,0.0
2023-08-24 10:30:00-04:00,0.40560001134872437,0.4099999964237213,0.39800000190734863,0.39800000190734863,4988,0.0,0.0
2023-08-24 11:30:00-04:00,0.3996250033378601,0.40209999680519104,0.39489999413490295,0.4020000100135803,642785,0.0,0.0
2023-08-24 12:30:00-04:00,0.4020000100135803,0.4099000096321106,0.39809998869895935,0.4099000096321106,1806,0.0,0.0
2023-08-24 13:30:00-04:00,0.40860000252723694,0.4099999964237213,0.39820000529289246,0.4000999927520752,2510,0.0,0.0
2023-08-24 14:30:00-04:00,0.4099999964237213,0.4099999964237213,0.4002000093460083,0.40459999442100525,1168,0.0,0.0
2023-08-24 15:30:00-04:00,0.40060099959373474,0.4050000011920929,0.4000999927520752,0.4000999927520752,19693,0.0,0.0
2023-08-25 09:30:00-04:00,0.4090000092983246,0.4090000092983246,0.4011000096797943,0.4049000144004822,29442,0.0,0.0
2023-08-25 10:30:00-04:00,0.4049000144004822,0.4049000144004822,0.400299996137619,0.40389999747276306,381365,0.0,0.0
2023-08-25 11:30:00-04:00,0.40389999747276306,0.40400001406669617,0.39969998598098755,0.40400001406669617,30877,0.0,0.0
2023-08-25 12:30:00-04:00,0.40389999747276306,0.40790000557899475,0.4009999930858612,0.40400001406669617,22980,0.0,0.0
2023-08-25 13:30:00-04:00,0.4059999883174896,0.40799999237060547,0.38999998569488525,0.4066999852657318,12173,0.0,0.0
2023-08-25 14:30:00-04:00,0.4000000059604645,0.4000000059604645,0.38999998569488525,0.3952000141143799,12240,0.0,0.0
2023-08-25 15:30:00-04:00,0.4000000059604645,0.4000000059604645,0.397599995136261,0.39800000190734863,11273,0.0,0.0
2023-08-28 09:30:00-04:00,0.3910999894142151,0.40700000524520874,0.39010000228881836,0.40700000524520874,41572,0.0,0.0
2023-08-28 10:30:00-04:00,0.40334999561309814,0.40790000557899475,0.4000000059604645,0.40750598907470703,8353,0.0,0.0
2023-08-28 11:30:00-04:00,0.40790000557899475,0.40790000557899475,0.39959999918937683,0.39959999918937683,5824,0.0,0.0
2023-08-28 12:30:00-04:00,0.40400001406669617,0.4058000147342682,0.40095001459121704,0.40095001459121704,2915,0.0,0.0
2023-08-28 13:30:00-04:00,0.4058000147342682,0.4059000015258789,0.40290001034736633,0.4058000147342682,2739,0.0,0.0
2023-08-28 14:30:00-04:00,0.4056999981403351,0.4056999981403351,0.3986000120639801,0.3986000120639801,34208,0.0,0.0
2023-08-28 15:30:00-04:00,0.3986999988555908,0.3996500074863434,0.38999998569488525,0.3952989876270294,37665,0.0,0.0
2023-08-29 09:30:00-04:00,0.4000000059604645,0.40790000557899475,0.38999998569488525,0.40380001068115234,13640,0.0,0.0
2023-08-29 10:30:00-04:00,0.4020000100135803,0.4049000144004822,0.39719998836517334,0.3977999985218048,7302,0.0,0.0
2023-08-29 11:30:00-04:00,0.39910098910331726,0.40450000762939453,0.39719998836517334,0.4009000062942505,3198,0.0,0.0
2023-08-29 12:30:00-04:00,0.4000000059604645,0.4007999897003174,0.39719998836517334,0.39719998836517334,6563,0.0,0.0
2023-08-29 13:30:00-04:00,0.40070000290870667,0.4050000011920929,0.4002000093460083,0.40255099534988403,7273,0.0,0.0
2023-08-29 14:30:00-04:00,0.4018000066280365,0.4050000011920929,0.39800000190734863,0.4049000144004822,4747,0.0,0.0
2023-08-29 15:30:00-04:00,0.40459999442100525,0.40470001101493835,0.38999998569488525,0.38999998569488525,12638,0.0,0.0
2023-08-30 09:30:00-04:00,0.3919999897480011,0.4050000011920929,0.3919999897480011,0.39809998869895935,17695,0.0,0.0
2023-08-30 10:30:00-04:00,0.4050000011920929,0.4050000011920929,0.39809998869895935,0.40299999713897705,7910,0.0,0.0
2023-08-30 11:30:00-04:00,0.40299999713897705,0.40299999713897705,0.40039899945259094,0.4004000127315521,971,0.0,0.0
2023-08-30 12:30:00-04:00,0.3984000086784363,0.4025000035762787,0.3982999920845032,0.4025000035762787,6771,0.0,0.0
2023-08-30 13:30:00-04:00,0.40130001306533813,0.4050000011920929,0.40130001306533813,0.40209999680519104,63010,0.0,0.0
2023-08-30 14:30:00-04:00,0.4050000011920929,0.40799999237060547,0.40209999680519104,0.40799999237060547,43940,0.0,0.0
2023-08-30 15:30:00-04:00,0.4050999879837036,0.40799999237060547,0.4050999879837036,0.40799999237060547,15665,0.0,0.0
2023-08-31 09:30:00-04:00,0.3901999890804291,0.40799999237060547,0.3901999890804291,0.40799999237060547,14425,0.0,0.0
2023-08-31 10:30:00-04:00,0.40799999237060547,0.40799999237060547,0.4000999927520752,0.40799999237060547,46005,0.0,0.0
2023-08-31 11:30:00-04:00,0.40799999237060547,0.40799999237060547,0.4050999879837036,0.40799999237060547,5306,0.0,0.0
2023-08-31 12:30:00-04:00,0.40700000524520874,0.40799999237060547,0.4049000144004822,0.40799999237060547,19978,0.0,0.0
2023-08-31 13:30:00-04:00,0.4065999984741211,0.4099999964237213,0.4065000116825104,0.4099999964237213,19372,0.0,0.0
2023-08-31 14:30:00-04:00,0.4083000123500824,0.4099999964237213,0.4065999984741211,0.4083000123500824,14547,0.0,0.0
2023-08-31 15:30:00-04:00,0.4099999964237213,0.4099999964237213,0.4065000116825104,0.4066999852657318,48802,0.0,0.0
2023-09-01 09:30:00-04:00,0.4000000059604645,0.41999998688697815,0.4000000059604645,0.41499999165534973,34681,0.0,0.0
2023-09-01 10:30:00-04:00,0.41530001163482666,0.42100000381469727,0.41019999980926514,0.42010000348091125,15712,0.0,0.0
2023-09-01 11:30:00-04:00,0.4205000102519989,0.42089998722076416,0.41200000047683716,0.42089998722076416,8620,0.0,0.0
2023-09-01 12:30:00-04:00,0.42089998722076416,0.421999990940094,0.412200003862381,0.421999990940094,7833,0.0,0.0
2023-09-01 13:30:00-04:00,0.4171999990940094,0.421999990940094,0.4124999940395355,0.41290000081062317,11124,0.0,0.0
2023-09-01 14:30:00-04:00,0.4153999984264374,0.42500001192092896,0.41269999742507935,0.41659998893737793,35214,0.0,0.0
2023-09-01 15:30:00-04:00,0.41659998893737793,0.41659998893737793,0.41119998693466187,0.41600000858306885,2794,0.0,0.0
2023-09-05 09:30:00-04:00,0.4050000011920929,0.41990000009536743,0.4050000011920929,0.4189999997615814,34338,0.0,0.0
2023-09-05 10:30:00-04:00,0.41999998688697815,0.41999998688697815,0.4052000045776367,0.4099999964237213,3305,0.0,0.0
2023-09-05 11:30:00-04:00,0.4050000011920929,0.4099999964237213,0.4050000011920929,0.4050000011920929,14334,0.0,0.0
2023-09-05 12:30:00-04:00,0.4074999988079071,0.4074999988079071,0.39010000228881836,0.39989998936653137,55088,0.0,0.0
2023-09-05 13:30:00-04:00,0.4009999930858612,0.4009999930858612,0.39800000190734863,0.39800000190734863,8111,0.0,0.0
2023-09-05 14:30:00-04:00,0.39800000190734863,0.3989500105381012,0.38999998569488525,0.39100000262260437,33610,0.0,0.0
2023-09-05 15:30:00-04:00,0.39100000262260437,0.39204999804496765,0.38999998569488525,0.39149999618530273,0,0.0,0.0
2023-09-06 09:30:00-04:00,0.3905999958515167,0.4000000059604645,0.3905999958515167,0.3986999988555908,63164,0.0,0.0
2023-09-06 10:30:00-04:00,0.39149999618530273,0.39989998936653137,0.39149999618530273,0.3956499993801117,21930,0.0,0.0
2023-09-06 11:30:00-04:00,0.39980000257492065,0.39989998936653137,0.39149999618530273,0.3917999863624573,9671,0.0,0.0
2023-09-06 12:30:00-04:00,0.3917999863624573,0.39899998903274536,0.3912000060081482,0.39500001072883606,26814,0.0,0.0
2023-09-06 13:30:00-04:00,0.39500999450683594,0.39969998598098755,0.3905999958515167,0.39500001072883606,3056,0.0,0.0
2023-09-06 14:30:00-04:00,0.39899998903274536,0.3995000123977661,0.3905999958515167,0.3905999958515167,5354,0.0,0.0
2023-09-06 15:30:00-04:00,0.3905999958515167,0.39800000190734863,0.3905999958515167,0.3905999958515167,5619,0.0,0.0
2023-09-07 09:30:00-04:00,0.38999998569488525,0.3935999870300293,0.38999998569488525,0.39239999651908875,27887,0.0,0.0
2023-09-07 10:30:00-04:00,0.38999998569488525,0.4000000059604645,0.38999998569488525,0.3944999873638153,20391,0.0,0.0
2023-09-07 11:30:00-04:00,0.38999998569488525,0.4000000059604645,0.38999998569488525,0.38999998569488525,4328,0.0,0.0
2023-09-07 12:30:00-04:00,0.39010000228881836,0.39489999413490295,0.38999998569488525,0.38999998569488525,5254,0.0,0.0
2023-09-07 13:30:00-04:00,0.38999998569488525,0.39800000190734863,0.38999998569488525,0.38999998569488525,8562,0.0,0.0
2023-09-07 14:30:00-04:00,0.38999998569488525,0.40299999713897705,0.3804999887943268,0.3804999887943268,59269,0.0,0.0
2023-09-07 15:30:00-04:00,0.38999998569488525,0.40389999747276306,0.38999998569488525,0.4020000100135803,32682,0.0,0.0
2023-09-08 09:30:00-04:00,0.38100001215934753,0.39239999651908875,0.3799999952316284,0.39160001277923584,63544,0.0,0.0
2023-09-08 10:30:00-04:00,0.38999998569488525,0.39169999957084656,0.3840000033378601,0.3840000033378601,12339,0.0,0.0
2023-09-08 11:30:00-04:00,0.3840000033378601,0.3898000121116638,0.38290101289749146,0.38290101289749146,13829,0.0,0.0
2023-09-08 12:30:00-04:00,0.38280001282691956,0.3898000121116638,0.38280001282691956,0.382999986410141,3428,0.0,0.0
2023-09-08 13:30:00-04:00,0.38393500447273254,0.3898000121116638,0.38280001282691956,0.38280001282691956,9656,0.0,0.0
2023-09-08 14:30:00-04:00,0.38280001282691956,0.3889999985694885,0.38280001282691956,0.38280001282691956,3935,0.0,0.0
2023-09-08 15:30:00-04:00,0.38280001282691956,0.38979899883270264,0.38100001215934753,0.38100001215934753,8391,0.0,0.0
2023-09-11 09:30:00-04:00,0.38029998540878296,0.38960000872612,0.3799999952316284,0.38100001215934753,76047,0.0,0.0
2023-09-11 10:30:00-04:00,0.38100001215934753,0.3874399960041046,0.3804999887943268,0.3804999887943268,17131,0.0,0.0
2023-09-11 11:30:00-04:00,0.38429999351501465,0.38429999351501465,0.3804999887943268,0.3804999887943268,4594,0.0,0.0
2023-09-11 12:30:00-04:00,0.38029998540878296,0.3849000036716461,0.3799999952316284,0.3799999952316284,10140,0.0,0.0
2023-09-11 13:30:00-04:00,0.38179999589920044,0.3847990036010742,0.38019999861717224,0.38029998540878296,10453,0.0,0.0
2023-09-11 14:30:00-04:00,0.38029998540878296,0.38245001435279846,0.38029998540878296,0.38199999928474426,12172,0.0,0.0
2023-09-11 15:30:00-04:00,0.38199999928474426,0.38429999351501465,0.38029998540878296,0.38029998540878296,9111,0.0,0.0
2023-09-12 09:30:00-04:00,0.3799999952316284,0.38260000944137573,0.3790000081062317,0.3799999952316284,53094,0.0,0.0
2023-09-12 10:30:00-04:00,0.3799999952316284,0.3815999925136566,0.3799999952316284,0.3799999952316284,15598,0.0,0.0
2023-09-12 11:30:00-04:00,0.3799999952316284,0.3822000026702881,0.375,0.375,130107,0.0,0.0
2023-09-12 12:30:00-04:00,0.3799999952316284,0.3822000026702881,0.3732999861240387,0.37599998712539673,10235,0.0,0.0
2023-09-12 13:30:00-04:00,0.3769499957561493,0.3797999918460846,0.3734999895095825,0.3734999895095825,28047,0.0,0.0
2023-09-12 14:30:00-04:00,0.3734999895095825,0.37770000100135803,0.3240000009536743,0.351500004529953,113851,0.0,0.0
2023-09-12 15:30:00-04:00,0.362199991941452,0.3698999881744385,0.351500004529953,0.3611010015010834,9826,0.0,0.0
2023-09-13 09:30:00-04:00,0.3700000047683716,0.3700000047683716,0.3610999882221222,0.367125004529953,26035,0.0,0.0
2023-09-13 10:30:00-04:00,0.3693999946117401,0.36959999799728394,0.3626999855041504,0.3662000000476837,46725,0.0,0.0
2023-09-13 11:30:00-04:00,0.36559998989105225,0.36559998989105225,0.3650999963283539,0.365200012922287,11043,0.0,0.0
2023-09-13 12:30:00-04:00,0.365200012922287,0.36899998784065247,0.3650999963283539,0.36550000309944153,15024,0.0,0.0
2023-09-13 13:30:00-04:00,0.3675999939441681,0.3700000047683716,0.3652999997138977,0.3700000047683716,13627,0.0,0.0
2023-09-13 14:30:00-04:00,0.366100013256073,0.3700000047683716,0.366100013256073,0.36719998717308044,8300,0.0,0.0
2023-09-13 15:30:00-04:00,0.3668999969959259,0.3797999918460846,0.3652999997138977,0.3790000081062317,22853,0.0,0.0
2023-09-14 09:30:00-04:00,0.36500000953674316,0.4000000059604645,0.36500000953674316,0.38510000705718994,34427,0.0,0.0
2023-09-14 10:30:00-04:00,0.39969998598098755,0.39969998598098755,0.38499999046325684,0.38499999046325684,16662,0.0,0.0
2023-09-14 11:30:00-04:00,0.38519999384880066,0.3874000012874603,0.38499999046325684,0.38499999046325684,8276,0.0,0.0
2023-09-14 12:30:00-04:00,0.38510099053382874,0.3873499929904938,0.37599998712539673,0.382999986410141,34918,0.0,0.0
2023-09-14 13:30:00-04:00,0.37610000371932983,0.37985000014305115,0.3725999891757965,0.3725999891757965,19720,0.0,0.0
2023-09-14 14:30:00-04:00,0.37310001254081726,0.37610000371932983,0.3325999975204468,0.3499999940395355,117394,0.0,0.0
2023-09-14 15:30:00-04:00,0.3499999940395355,0.3499999940395355,0.3499000072479248,0.3499999940395355,26622,0.0,0.0
2023-09-15 09:30:00-04:00,0.3562000095844269,0.38960000872612,0.3562000095844269,0.3815000057220459,9776,0.0,0.0
2023-09-15 10:30:00-04:00,0.3799999952316284,0.3799999952316284,0.3781000077724457,0.3781000077724457,4842,0.0,0.0
2023-09-15 11:30:00-04:00,0.3690510094165802,0.3779990077018738,0.35350000858306885,0.353549987077713,32145,0.0,0.0
2023-09-15 12:30:00-04:00,0.35350000858306885,0.3781000077724457,0.3370000123977661,0.3781000077724457,63188,0.0,0.0
2023-09-15 13:30:00-04:00,0.3571999967098236,0.3781000077724457,0.3571000099182129,0.3571999967098236,11386,0.0,0.0
2023-09-15 14:30:00-04:00,0.3675999939441681,0.3675999939441681,0.3230000138282776,0.35040000081062317,60024,0.0,0.0
2023-09-15 15:30:00-04:00,0.335099995136261,0.35010001063346863,0.33500000834465027,0.33660000562667847,38256,0.0,0.0
2023-09-18 09:30:00-04:00,0.27000001072883606,0.35109999775886536,0.2662999927997589,0.32010000944137573,4405114,0.0,0.0
2023-09-18 10:30:00-04:00,0.3260999917984009,0.5034999847412109,0.3213599920272827,0.3499999940395355,25565202,0.0,0.0
2023-09-18 11:30:00-04:00,0.3497999906539917,0.35920000076293945,0.32199999690055847,0.3393999934196472,5499570,0.0,0.0
2023-09-18 12:30:00-04:00,0.3391999900341034,0.35530000925064087,0.296099990606308,0.3052999973297119,2053906,0.0,0.0
2023-09-18 13:30:00-04:00,0.30524900555610657,0.35499998927116394,0.299001008272171,0.3346000015735626,1220576,0.0,0.0
2023-09-18 14:30:00-04:00,0.33009999990463257,0.3346000015735626,0.30300000309944153,0.3199999928474426,902966,0.0,0.0
2023-09-18 15:30:00-04:00,0.3199999928474426,0.33000001311302185,0.2998499870300293,0.29989999532699585,855361,0.0,0.0
2023-09-19 09:30:00-04:00,0.3418999910354614,0.3418999910354614,0.27000001072883606,0.27000001072883606,1244344,0.0,0.0
2023-09-19 10:30:00-04:00,0.2700999975204468,0.2800000011920929,0.27000001072883606,0.27149999141693115,276332,0.0,0.0
2023-09-19 11:30:00-04:00,0.27149999141693115,0.27559998631477356,0.27000001072883606,0.2700999975204468,155588,0.0,0.0
2023-09-19 12:30:00-04:00,0.27000001072883606,0.27309998869895935,0.27000001072883606,0.27000099420547485,143231,0.0,0.0
2023-09-19 13:30:00-04:00,0.27079999446868896,0.2784000039100647,0.27079999446868896,0.27090001106262207,104563,0.0,0.0
2023-09-19 14:30:00-04:00,0.2703999876976013,0.2782000005245209,0.2703999876976013,0.2766999900341034,101311,0.0,0.0
2023-09-19 15:30:00-04:00,0.2768000066280365,0.2809999883174896,0.272599995136261,0.2800999879837036,170512,0.0,0.0
2023-09-20 09:30:00-04:00,0.2849999964237213,0.2953000068664551,0.2800999879837036,0.28130000829696655,267802,0.0,0.0
2023-09-20 10:30:00-04:00,0.28139999508857727,0.2948000133037567,0.2800000011920929,0.2924000024795532,85762,0.0,0.0
2023-09-20 11:30:00-04:00,0.2924000024795532,0.33000001311302185,0.2816999852657318,0.3199999928474426,311285,0.0,0.0
2023-09-20 12:30:00-04:00,0.32010000944137573,0.3239000141620636,0.28999999165534973,0.29989999532699585,234567,0.0,0.0
2023-09-20 13:30:00-04:00,0.29989999532699585,0.30000001192092896,0.2906999886035919,0.29989999532699585,98733,0.0,0.0
2023-09-20 14:30:00-04:00,0.30000001192092896,0.30000001192092896,0.29989999532699585,0.2999500036239624,54192,0.0,0.0
2023-09-20 15:30:00-04:00,0.30000001192092896,0.30000001192092896,0.29190000891685486,0.29989999532699585,72186,0.0,0.0
2023-09-21 09:30:00-04:00,0.28999999165534973,0.296999990940094,0.2849999964237213,0.29260000586509705,209364,0.0,0.0
2023-09-21 10:30:00-04:00,0.28999999165534973,0.29269999265670776,0.28519999980926514,0.28999999165534973,40163,0.0,0.0
2023-09-21 11:30:00-04:00,0.28999999165534973,0.29260000586509705,0.28060001134872437,0.2824000120162964,167994,0.0,0.0
2023-09-21 12:30:00-04:00,0.2874999940395355,0.29260000586509705,0.2824999988079071,0.28299999237060547,29294,0.0,0.0
2023-09-21 13:30:00-04:00,0.29249998927116394,0.29249998927116394,0.2824000120162964,0.29010000824928284,24954,0.0,0.0
2023-09-21 14:30:00-04:00,0.2840999960899353,0.2921000123023987,0.2840999960899353,0.28780001401901245,55796,0.0,0.0
2023-09-21 15:30:00-04:00,0.28610000014305115,0.2921999990940094,0.28600001335144043,0.28700000047683716,51083,0.0,0.0
2023-09-22 09:30:00-04:00,0.29420000314712524,0.2971000075340271,0.29010000824928284,0.2962999939918518,50561,0.0,0.0
2023-09-22 10:30:00-04:00,0.29330000281333923,0.2992999851703644,0.29319998621940613,0.29319998621940613,25803,0.0,0.0
2023-09-22 11:30:00-04:00,0.2962999939918518,0.2978000044822693,0.29330000281333923,0.2978000044822693,12132,0.0,0.0
2023-09-22 12:30:00-04:00,0.2992999851703644,0.30000001192092896,0.29510000348091125,0.29980000853538513,24215,0.0,0.0
2023-09-22 13:30:00-04:00,0.299699991941452,0.299699991941452,0.29499998688697815,0.29649999737739563,10124,0.0,0.0
2023-09-22 14:30:00-04:00,0.2962000072002411,0.29725000262260437,0.29499998688697815,0.29499998688697815,5862,0.0,0.0
2023-09-22 15:30:00-04:00,0.29499998688697815,0.3066999912261963,0.29499998688697815,0.2985000014305115,102678,0.0,0.0
2023-09-25 09:30:00-04:00,0.28999999165534973,0.3100000023841858,0.28999999165534973,0.3019999861717224,82262,0.0,0.0
2023-09-25 10:30:00-04:00,0.30140000581741333,0.3050000071525574,0.29750001430511475,0.29760101437568665,55503,0.0,0.0
2023-09-25 11:30:00-04:00,0.29760000109672546,0.29809999465942383,0.29739999771118164,0.29750001430511475,16237,0.0,0.0
2023-09-25 12:30:00-04:00,0.29760000109672546,0.30000001192092896,0.29750001430511475,0.29750001430511475,10074,0.0,0.0
2023-09-25 13:30:00-04:00,0.29750001430511475,0.30149999260902405,0.29750001430511475,0.30000001192092896,22477,0.0,0.0
2023-09-25 14:30:00-04:00,0.29809999465942383,0.30000001192092896,0.29809999465942383,0.29980000853538513,19846,0.0,0.0
2023-09-25 15:30:00-04:00,0.29989999532699585,0.30000001192092896,0.2991499900817871,0.29989999532699585,64289,0.0,0.0
2023-09-26 09:30:00-04:00,0.29750001430511475,0.3098999857902527,0.29750001430511475,0.3098999857902527,59629,0.0,0.0
2023-09-26 10:30:00-04:00,0.3070000112056732,0.33000001311302185,0.3043000102043152,0.3140999972820282,145417,0.0,0.0
2023-09-26 11:30:00-04:00,0.31450000405311584,0.31540000438690186,0.2976999878883362,0.299699991941452,209170,0.0,0.0
2023-09-26 12:30:00-04:00,0.299699991941452,0.30000001192092896,0.29760000109672546,0.30000001192092896,66385,0.0,0.0
2023-09-26 13:30:00-04:00,0.29899999499320984,0.30000001192092896,0.2978000044822693,0.299699991941452,4806,0.0,0.0
2023-09-26 14:30:00-04:00,0.2994000017642975,0.30000001192092896,0.2913999855518341,0.2989000082015991,22795,0.0,0.0
2023-09-26 15:30:00-04:00,0.2913999855518341,0.2971000075340271,0.28999999165534973,0.29019999504089355,51320,0.0,0.0
2023-09-27 09:30:00-04:00,0.28999999165534973,0.29899999499320984,0.28999999165534973,0.29899999499320984,11301,0.0,0.0
2023-09-27 10:30:00-04:00,0.29899999499320984,0.29989999532699585,0.29159998893737793,0.29159998893737793,11486,0.0,0.0
2023-09-27 11:30:00-04:00,0.29589998722076416,0.29989999532699585,0.29019999504089355,0.29980000853538513,55740,0.0,0.0
2023-09-27 12:30:00-04:00,0.29980000853538513,0.29980000853538513,0.28999999165534973,0.2904999852180481,37917,0.0,0.0
2023-09-27 13:30:00-04:00,0.2904999852180481,0.29980000853538513,0.2874999940395355,0.2874999940395355,42442,0.0,0.0
2023-09-27 14:30:00-04:00,0.2851099967956543,0.29980000853538513,0.2851099967956543,0.28999999165534973,19741,0.0,0.0
2023-09-27 15:30:00-04:00,0.29899999499320984,0.30000001192092896,0.28049999475479126,0.2987000048160553,74298,0.0,0.0
2023-09-28 09:30:00-04:00,0.2800000011920929,0.2883000075817108,0.2800000011920929,0.2883000075817108,64395,0.0,0.0
2023-09-28 10:30:00-04:00,0.2800999879837036,0.2883000075817108,0.2800999879837036,0.28049999475479126,8491,0.0,0.0
2023-09-28 11:30:00-04:00,0.28049999475479126,0.2881999909877777,0.2800999879837036,0.2809999883174896,27239,0.0,0.0
2023-09-28 12:30:00-04:00,0.2809999883174896,0.28459998965263367,0.2809999883174896,0.28110000491142273,3751,0.0,0.0
2023-09-28 13:30:00-04:00,0.2809999883174896,0.28248000144958496,0.2800999879837036,0.2800999879837036,19787,0.0,0.0
2023-09-28 14:30:00-04:00,0.2800999879837036,0.28220000863075256,0.2800000011920929,0.2800000011920929,18468,0.0,0.0
2023-09-28 15:30:00-04:00,0.2800000011920929,0.28130000829696655,0.27000001072883606,0.27000001072883606,74063,0.0,0.0
2023-09-29 09:30:00-04:00,0.28220000863075256,0.28220000863075256,0.2702000141143799,0.27059999108314514,24637,0.0,0.0
2023-09-29 10:30:00-04:00,0.2705000042915344,0.2750000059604645,0.2705000042915344,0.2712000012397766,5871,0.0,0.0
2023-09-29 11:30:00-04:00,0.27320000529289246,0.27639999985694885,0.2730019986629486,0.27639999985694885,14144,0.0,0.0
2023-09-29 12:30:00-04:00,0.27469998598098755,0.28040000796318054,0.2734000086784363,0.2773999869823456,7520,0.0,0.0
2023-09-29 13:30:00-04:00,0.273499995470047,0.28119999170303345,0.2711000144481659,0.2711000144481659,29354,0.0,0.0
2023-09-29 14:30:00-04:00,0.2712000012397766,0.27379998564720154,0.27000001072883606,0.2705000042915344,85816,0.0,0.0
2023-09-29 15:30:00-04:00,0.2724500000476837,0.274399995803833,0.27000001072883606,0.27399998903274536,13562,0.0,0.0
2023-10-02 09:30:00-04:00,0.2736999988555908,0.2802000045776367,0.27000001072883606,0.27000001072883606,24239,0.0,0.0
2023-10-02 10:30:00-04:00,0.27000001072883606,0.2736630141735077,0.27000001072883606,0.27090001106262207,13138,0.0,0.0
2023-10-02 11:30:00-04:00,0.27000001072883606,0.27090001106262207,0.265500009059906,0.27044999599456787,84020,0.0,0.0
2023-10-02 12:30:00-04:00,0.2705000042915344,0.2705000042915344,0.25999999046325684,0.26980000734329224,102059,0.0,0.0
2023-10-02 13:30:00-04:00,0.26980000734329224,0.26980000734329224,0.2619999945163727,0.2621000111103058,31233,0.0,0.0
2023-10-02 14:30:00-04:00,0.2662000060081482,0.26899999380111694,0.2621000111103058,0.26440000534057617,27521,0.0,0.0
2023-10-02 15:30:00-04:00,0.26440000534057617,0.26989999413490295,0.26420000195503235,0.26420000195503235,43023,0.0,0.0
2023-10-03 09:30:00-04:00,0.25999999046325684,0.26980000734329224,0.25999999046325684,0.26774999499320984,72862,0.0,0.0
2023-10-03 10:30:00-04:00,0.2676999866962433,0.26829999685287476,0.2676999866962433,0.2678990066051483,12031,0.0,0.0
2023-10-03 11:30:00-04:00,0.2676999866962433,0.26889899373054504,0.2676999866962433,0.2678009867668152,24191,0.0,0.0
2023-10-03 12:30:00-04:00,0.26899999380111694,0.273499995470047,0.26840001344680786,0.27094998955726624,5787,0.0,0.0
2023-10-03 13:30:00-04:00,0.26934999227523804,0.273499995470047,0.26820001006126404,0.2705000042915344,18308,0.0,0.0
2023-10-03 14:30:00-04:00,0.27059999108314514,0.28540000319480896,0.2685999870300293,0.28540000319480896,48260,0.0,0.0
2023-10-03 15:30:00-04:00,0.2800000011920929,0.28600001335144043,0.27790001034736633,0.2800000011920929,11920,0.0,0.0
2023-10-04 09:30:00-04:00,0.27709999680519104,0.3199999928474426,0.2721000015735626,0.3100000023841858,578206,0.0,0.0
2023-10-04 10:30:00-04:00,0.3100000023841858,0.31439998745918274,0.29510000348091125,0.29989999532699585,109760,0.0,0.0
2023-10-04 11:30:00-04:00,0.29989999532699585,0.29989999532699585,0.29499998688697815,0.29840001463890076,36255,0.0,0.0
2023-10-04 12:30:00-04:00,0.2985000014305115,0.30000001192092896,0.29600000381469727,0.29899999499320984,27608,0.0,0.0
2023-10-04 13:30:00-04:00,0.30000001192092896,0.30000001192092896,0.29510000348091125,0.29989999532699585,12981,0.0,0.0
2023-10-04 14:30:00-04:00,0.29980000853538513,0.30000001192092896,0.29499998688697815,0.29739999771118164,4402,0.0,0.0
2023-10-04 15:30:00-04:00,0.29739999771118164,0.29789999127388,0.29499998688697815,0.29499998688697815,0,0.0,0.0
2023-10-05 09:30:00-04:00,0.28610000014305115,0.31209999322891235,0.28610000014305115,0.31200000643730164,39222,0.0,0.0
2023-10-05 10:30:00-04:00,0.3100000023841858,0.3100000023841858,0.28760001063346863,0.30000001192092896,33263,0.0,0.0
2023-10-05 11:30:00-04:00,0.30000001192092896,0.30000001192092896,0.2922999858856201,0.30000001192092896,19811,0.0,0.0
2023-10-05 12:30:00-04:00,0.30000001192092896,0.30000001192092896,0.29760000109672546,0.30000001192092896,17975,0.0,0.0
2023-10-05 13:30:00-04:00,0.30000001192092896,0.30000001192092896,0.2985999882221222,0.2997500002384186,17636,0.0,0.0
2023-10-05 14:30:00-04:00,0.30000001192092896,0.30000001192092896,0.298799991607666,0.30000001192092896,27725,0.0,0.0
2023-10-05 15:30:00-04:00,0.30000001192092896,0.30000001192092896,0.2939000129699707,0.30000001192092896,35407,0.0,0.0
2023-10-06 09:30:00-04:00,0.28999999165534973,0.30000001192092896,0.28999999165534973,0.30000001192092896,39753,0.0,0.0
2023-10-06 10:30:00-04:00,0.29580000042915344,0.30000001192092896,0.29580000042915344,0.29989999532699585,1085,0.0,0.0
2023-10-06 11:30:00-04:00,0.297650009393692,0.30000001192092896,0.2953000068664551,0.29989999532699585,41197,0.0,0.0
2023-10-06 12:30:00-04:00,0.30000001192092896,0.30000001192092896,0.29989999532699585,0.2999500036239624,13401,0.0,0.0
2023-10-06 13:30:00-04:00,0.29989999532699585,0.30000001192092896,0.29989999532699585,0.29989999532699585,2577,0.0,0.0
2023-10-06 14:30:00-04:00,0.29989999532699585,0.30000001192092896,0.2964000105857849,0.29829999804496765,5643,0.0,0.0
2023-10-06 15:30:00-04:00,0.29670000076293945,0.30000001192092896,0.29510000348091125,0.29760000109672546,49706,0.0,0.0
2023-10-09 09:30:00-04:00,0.29760000109672546,0.30000001192092896,0.29580000042915344,0.29785001277923584,34355,0.0,0.0
2023-10-09 10:30:00-04:00,0.29989999532699585,0.3050999939441681,0.2978000044822693,0.3050999939441681,55271,0.0,0.0
2023-10-09 11:30:00-04:00,0.3050999939441681,0.3118000030517578,0.2990100085735321,0.2998499870300293,106344,0.0,0.0
2023-10-09 12:30:00-04:00,0.30000001192092896,0.30000001192092896,0.29980000853538513,0.2999500036239624,10968,0.0,0.0
2023-10-09 13:30:00-04:00,0.29989999532699585,0.30000001192092896,0.29910001158714294,0.29910001158714294,3937,0.0,0.0
2023-10-09 14:30:00-04:00,0.2992999851703644,0.2992999851703644,0.29580000042915344,0.29580000042915344,10622,0.0,0.0
2023-10-09 15:30:00-04:00,0.29580000042915344,0.29580000042915344,0.2800000011920929,0.2800000011920929,12645,0.0,0.0
2023-10-10 09:30:00-04:00,0.31949999928474426,0.3499999940395355,0.29120001196861267,0.2943499982357025,180545,0.0,0.0
2023-10-10 10:30:00-04:00,0.29739999771118164,0.30000001192092896,0.29249998927116394,0.30000001192092896,46942,0.0,0.0
2023-10-10 11:30:00-04:00,0.2987000048160553,0.30000001192092896,0.2985000014305115,0.2985000014305115,22698,0.0,0.0
2023-10-10 12:30:00-04:00,0.2985000014305115,0.29910001158714294,0.2915000021457672,0.29260000586509705,15205,0.0,0.0
2023-10-10 13:30:00-04:00,0.29260000586509705,0.296999990940094,0.28600001335144043,0.2924000024795532,21915,0.0,0.0
2023-10-10 14:30:00-04:00,0.29249998927116394,0.2939000129699707,0.2809999883174896,0.2849999964237213,27234,0.0,0.0
2023-10-10 15:30:00-04:00,0.28595098853111267,0.2903999984264374,0.2815000116825104,0.2842000126838684,11609,0.0,0.0
2023-10-11 09:30:00-04:00,0.2849999964237213,0.2944999933242798,0.2840000092983246,0.28870001435279846,64591,0.0,0.0
2023-10-11 10:30:00-04:00,0.2849999964237213,0.28744998574256897,0.27810001373291016,0.2799000144004822,44559,0.0,0.0
2023-10-11 11:30:00-04:00,0.2709999978542328,0.2856000065803528,0.2709999978542328,0.2847000062465668,9192,0.0,0.0
2023-10-11 12:30:00-04:00,0.2847000062465668,0.2847000062465668,0.2720000147819519,0.2773999869823456,24624,0.0,0.0
2023-10-11 13:30:00-04:00,0.28220000863075256,0.28290000557899475,0.2720000147819519,0.2750000059604645,20158,0.0,0.0
2023-10-11 14:30:00-04:00,0.2750000059604645,0.2750000059604645,0.2720000147819519,0.2721000015735626,31608,0.0,0.0
2023-10-11 15:30:00-04:00,0.2750000059604645,0.2750000059604645,0.2720000147819519,0.2720000147819519,63937,0.0,0.0
2023-10-12 09:30:00-04:00,0.28349998593330383,0.28700000047683716,0.2709999978542328,0.2709999978542328,44401,0.0,0.0
2023-10-12 10:30:00-04:00,0.2815620005130768,0.28600001335144043,0.2709999978542328,0.28200000524520874,23467,0.0,0.0
2023-10-12 11:30:00-04:00,0.2750000059604645,0.2809999883174896,0.2709999978542328,0.2720000147819519,4554,0.0,0.0
2023-10-12 12:30:00-04:00,0.2754000127315521,0.2793999910354614,0.2711000144481659,0.27535000443458557,24747,0.0,0.0
2023-10-12 13:30:00-04:00,0.27535000443458557,0.2793999910354614,0.27149999141693115,0.27219998836517334,16750,0.0,0.0
2023-10-12 14:30:00-04:00,0.2793000042438507,0.2793000042438507,0.2685000002384186,0.27869999408721924,37613,0.0,0.0
2023-10-12 15:30:00-04:00,0.27390000224113464,0.27869999408721924,0.2606000006198883,0.26100000739097595,73942,0.0,0.0
2023-10-13 09:30:00-04:00,0.27000001072883606,0.29481300711631775,0.27000001072883606,0.27639999985694885,140641,0.0,0.0
2023-10-13 10:30:00-04:00,0.27900001406669617,0.28439998626708984,0.2761000096797943,0.2761000096797943,9081,0.0,0.0
2023-10-13 11:30:00-04:00,0.27950000762939453,0.27950000762939453,0.2712000012397766,0.2750000059604645,5837,0.0,0.0
2023-10-13 12:30:00-04:00,0.2711000144481659,0.27140000462532043,0.26600000262260437,0.2672500014305115,44314,0.0,0.0
2023-10-13 13:30:00-04:00,0.2685000002384186,0.2707499861717224,0.2672500014305115,0.2703999876976013,40500,0.0,0.0
2023-10-13 14:30:00-04:00,0.27090099453926086,0.27309998869895935,0.2687000036239624,0.27000001072883606,4754,0.0,0.0
2023-10-13 15:30:00-04:00,0.27000001072883606,0.27309998869895935,0.27000001072883606,0.27000001072883606,56418,0.0,0.0
2023-10-16 09:30:00-04:00,0.27000001072883606,0.2888000011444092,0.27000001072883606,0.2793000042438507,23270,0.0,0.0
2023-10-16 10:30:00-04:00,0.27059999108314514,0.2879999876022339,0.27059999108314514,0.2784999907016754,34319,0.0,0.0
2023-10-16 11:30:00-04:00,0.2800000011920929,0.2879999876022339,0.27239999175071716,0.2800000011920929,71545,0.0,0.0
2023-10-16 12:30:00-04:00,0.2829500138759613,0.29260000586509705,0.2800000011920929,0.28110000491142273,90131,0.0,0.0
2023-10-16 13:30:00-04:00,0.29249998927116394,0.2978000044822693,0.28200000524520874,0.28850099444389343,66681,0.0,0.0
2023-10-16 14:30:00-04:00,0.2930000126361847,0.2930000126361847,0.28110000491142273,0.28360000252723694,26288,0.0,0.0
2023-10-16 15:30:00-04:00,0.28610000014305115,0.287200003862381,0.28029999136924744,0.2838999927043915,20447,0.0,0.0
2023-10-17 09:30:00-04:00,0.2750000059604645,0.2849999964237213,0.2750000059604645,0.2847999930381775,45165,0.0,0.0
2023-10-17 10:30:00-04:00,0.2800999879837036,0.2939999997615814,0.2800999879837036,0.29260000586509705,96650,0.0,0.0
2023-10-17 11:30:00-04:00,0.2912999987602234,0.30000001192092896,0.28850001096725464,0.296099990606308,44518,0.0,0.0
2023-10-17 12:30:00-04:00,0.3031010031700134,0.32749998569488525,0.288100004196167,0.2985000014305115,252635,0.0,0.0
2023-10-17 13:30:00-04:00,0.2985000014305115,0.30000001192092896,0.2985000014305115,0.30000001192092896,70031,0.0,0.0
2023-10-17 14:30:00-04:00,0.30000001192092896,0.30300000309944153,0.2985999882221222,0.30000001192092896,58096,0.0,0.0
2023-10-17 15:30:00-04:00,0.30000001192092896,0.30059999227523804,0.29330000281333923,0.30000001192092896,93050,0.0,0.0
2023-10-18 09:30:00-04:00,0.28999999165534973,0.328000009059906,0.2874999940395355,0.29760000109672546,239126,0.0,0.0
2023-10-18 10:30:00-04:00,0.3019999861717224,0.30660000443458557,0.289000004529953,0.29989999532699585,72507,0.0,0.0
2023-10-18 11:30:00-04:00,0.30000001192092896,0.30000001192092896,0.289000004529953,0.29989999532699585,10838,0.0,0.0
2023-10-18 12:30:00-04:00,0.29499998688697815,0.29499998688697815,0.2825999855995178,0.28439998626708984,29073,0.0,0.0
2023-10-18 13:30:00-04:00,0.2887499928474426,0.29100000858306885,0.2825999855995178,0.29100000858306885,8190,0.0,0.0
2023-10-18 14:30:00-04:00,0.2924500107765198,0.30000001192092896,0.2863999903202057,0.29319998621940613,57183,0.0,0.0
2023-10-18 15:30:00-04:00,0.29315000772476196,0.30000001192092896,0.2824999988079071,0.2915000021457672,53616,0.0,0.0
2023-10-19 09:30:00-04:00,0.28999999165534973,0.2930000126361847,0.2759999930858612,0.2849000096321106,44415,0.0,0.0
2023-10-19 10:30:00-04:00,0.2759999930858612,0.2849999964237213,0.2759999930858612,0.2849999964237213,8297,0.0,0.0
2023-10-19 11:30:00-04:00,0.2770000100135803,0.29319998621940613,0.2770000100135803,0.287200003862381,6952,0.0,0.0
2023-10-19 12:30:00-04:00,0.29319998621940613,0.29319998621940613,0.28299999237060547,0.28299999237060547,22837,0.0,0.0
2023-10-19 13:30:00-04:00,0.2919999957084656,0.29280000925064087,0.2800999879837036,0.2800999879837036,5990,0.0,0.0
2023-10-19 14:30:00-04:00,0.29269999265670776,0.29269999265670776,0.2800999879837036,0.2869499921798706,15375,0.0,0.0
2023-10-19 15:30:00-04:00,0.2824000120162964,0.2928999960422516,0.28110000491142273,0.2849999964237213,38882,0.0,0.0
2023-10-20 09:30:00-04:00,0.2879999876022339,0.2946000099182129,0.2879999876022339,0.2946000099182129,9601,0.0,0.0
2023-10-20 10:30:00-04:00,0.2946000099182129,0.2946000099182129,0.28619998693466187,0.28619998693466187,3232,0.0,0.0
2023-10-20 11:30:00-04:00,0.28769999742507935,0.2944999933242798,0.28700000047683716,0.2944999933242798,3449,0.0,0.0
2023-10-20 12:30:00-04:00,0.2888199985027313,0.2944999933242798,0.28700000047683716,0.2944999933242798,4111,0.0,0.0
2023-10-20 13:30:00-04:00,0.29440000653266907,0.30300000309944153,0.2903999984264374,0.2996000051498413,36069,0.0,0.0
2023-10-20 14:30:00-04:00,0.29809999465942383,0.29989999532699585,0.29019999504089355,0.29019999504089355,17103,0.0,0.0
2023-10-20 15:30:00-04:00,0.29089999198913574,0.29649999737739563,0.28999999165534973,0.28999999165534973,18630,0.0,0.0
2023-10-23 09:30:00-04:00,0.29649999737739563,0.29649999737739563,0.289000004529953,0.289900004863739,21603,0.0,0.0
2023-10-23 10:30:00-04:00,0.28610000014305115,0.289000004529953,0.2809999883174896,0.2809999883174896,19618,0.0,0.0
2023-10-23 11:30:00-04:00,0.28485000133514404,0.28850001096725464,0.2800000011920929,0.2809999883174896,7305,0.0,0.0
2023-10-23 12:30:00-04:00,0.28049999475479126,0.28859999775886536,0.28049999475479126,0.28200000524520874,7700,0.0,0.0
2023-10-23 13:30:00-04:00,0.28519999980926514,0.28850001096725464,0.28110000491142273,0.28110000491142273,30072,0.0,0.0
2023-10-23 14:30:00-04:00,0.2845500111579895,0.2883000075817108,0.27810001373291016,0.28189998865127563,7190,0.0,0.0
2023-10-23 15:30:00-04:00,0.2819499969482422,0.2842000126838684,0.27799999713897705,0.27959999442100525,48350,0.0,0.0
2023-10-24 09:30:00-04:00,0.27250000834465027,0.2849999964237213,0.27250000834465027,0.2849999964237213,9375,0.0,0.0
2023-10-24 10:30:00-04:00,0.2809999883174896,0.2847990095615387,0.27810001373291016,0.2800999879837036,4398,0.0,0.0
2023-10-24 11:30:00-04:00,0.2800000011920929,0.2800000011920929,0.27799999713897705,0.2784999907016754,19056,0.0,0.0
2023-10-24 12:30:00-04:00,0.2784999907016754,0.2800000011920929,0.27000001072883606,0.2800000011920929,73380,0.0,0.0
2023-10-24 13:30:00-04:00,0.2800000011920929,0.2849999964237213,0.27059999108314514,0.27250000834465027,59850,0.0,0.0
2023-10-24 14:30:00-04:00,0.27250000834465027,0.2750000059604645,0.27000001072883606,0.27000001072883606,25184,0.0,0.0
2023-10-24 15:30:00-04:00,0.2711000144481659,0.27149999141693115,0.27000001072883606,0.27149999141693115,0,0.0,0.0
2023-10-25 09:30:00-04:00,0.27000001072883606,0.2800000011920929,0.26510998606681824,0.27500098943710327,25883,0.0,0.0
2023-10-25 10:30:00-04:00,0.2750000059604645,0.28139999508857727,0.2750000059604645,0.27900001406669617,1390,0.0,0.0
2023-10-25 11:30:00-04:00,0.27900001406669617,0.2799000144004822,0.271699994802475,0.2718000113964081,21212,0.0,0.0
2023-10-25 12:30:00-04:00,0.2732749879360199,0.27584999799728394,0.271699994802475,0.2750000059604645,8098,0.0,0.0
2023-10-25 13:30:00-04:00,0.27300000190734863,0.27570000290870667,0.2718000113964081,0.27549999952316284,15989,0.0,0.0
2023-10-25 14:30:00-04:00,0.27549999952316284,0.27549999952316284,0.25999999046325684,0.25999999046325684,37070,0.0,0.0
2023-10-25 15:30:00-04:00,0.26100000739097595,0.2745000123977661,0.26100000739097595,0.27399998903274536,0,0.0,0.0
2023-10-26 09:30:00-04:00,0.26109999418258667,0.27390000224113464,0.26109999418258667,0.2736999988555908,79041,0.0,0.0
2023-10-26 10:30:00-04:00,0.27000001072883606,0.2736999988555908,0.27000001072883606,0.2703000009059906,19107,0.0,0.0
2023-10-26 11:30:00-04:00,0.27000001072883606,0.27160000801086426,0.266400009393692,0.266400009393692,8440,0.0,0.0
2023-10-26 12:30:00-04:00,0.2623009979724884,0.27000001072883606,0.2612000107765198,0.2612000107765198,71142,0.0,0.0
2023-10-26 13:30:00-04:00,0.2637999951839447,0.2637999951839447,0.25999999046325684,0.25999999046325684,26681,0.0,0.0
2023-10-26 14:30:00-04:00,0.2644999921321869,0.2644999921321869,0.25999999046325684,0.2605000138282776,56307,0.0,0.0
2023-10-26 15:30:00-04:00,0.25999999046325684,0.2621999979019165,0.25859999656677246,0.25859999656677246,51800,0.0,0.0
2023-10-27 09:30:00-04:00,0.25999999046325684,0.26589998602867126,0.25999999046325684,0.2640500068664551,29671,0.0,0.0
2023-10-27 10:30:00-04:00,0.2639999985694885,0.2639999985694885,0.25999999046325684,0.26100000739097595,17547,0.0,0.0
2023-10-27 11:30:00-04:00,0.26179999113082886,0.2662999927997589,0.26100000739097595,0.2616499960422516,37701,0.0,0.0
2023-10-27 12:30:00-04:00,0.2616499960422516,0.2637999951839447,0.25839999318122864,0.25999999046325684,62580,0.0,0.0
2023-10-27 13:30:00-04:00,0.25999999046325684,0.2602500021457672,0.25850000977516174,0.2601499855518341,2267,0.0,0.0
2023-10-27 14:30:00-04:00,0.26010000705718994,0.26100000739097595,0.26010000705718994,0.26089999079704285,4993,0.0,0.0
2023-10-27 15:30:00-04:00,0.26089999079704285,0.26089999079704285,0.25999999046325684,0.25999999046325684,5268,0.0,0.0
2023-10-30 09:30:00-04:00,0.26260000467300415,0.2809999883174896,0.25999999046325684,0.25999999046325684,113580,0.0,0.0
2023-10-30 10:30:00-04:00,0.26010000705718994,0.274399995803833,0.25110000371932983,0.25929999351501465,106655,0.0,0.0
2023-10-30 11:30:00-04:00,0.2556000053882599,0.2590999901294708,0.2515999972820282,0.2558000087738037,24026,0.0,0.0
2023-10-30 12:30:00-04:00,0.2556999921798706,0.2597000002861023,0.2556999921798706,0.2596000134944916,16646,0.0,0.0
2023-10-30 13:30:00-04:00,0.25949999690055847,0.2605000138282776,0.2515999972820282,0.2599000036716461,32557,0.0,0.0
2023-10-30 14:30:00-04:00,0.2605000138282776,0.26499998569488525,0.25929999351501465,0.2648000121116638,80676,0.0,0.0
2023-10-30 15:30:00-04:00,0.26499998569488525,0.26499998569488525,0.25769999623298645,0.25769999623298645,0,0.0,0.0
2023-10-31 09:30:00-04:00,0.2502000033855438,0.26225000619888306,0.2502000033855438,0.26225000619888306,10809,0.0,0.0
2023-10-31 10:30:00-04:00,0.2581000030040741,0.26600000262260437,0.2581000030040741,0.26579999923706055,6715,0.0,0.0
2023-10-31 11:30:00-04:00,0.2628999948501587,0.26570001244544983,0.25999999046325684,0.26019999384880066,13411,0.0,0.0
2023-10-31 12:30:00-04:00,0.26600000262260437,0.26600000262260437,0.26030001044273376,0.2606000006198883,43410,0.0,0.0
2023-10-31 13:30:00-04:00,0.25999999046325684,0.26170000433921814,0.25999999046325684,0.26010000705718994,9642,0.0,0.0
2023-10-31 14:30:00-04:00,0.2614000141620636,0.262800008058548,0.26010000705718994,0.26019999384880066,21163,0.0,0.0
2023-10-31 15:30:00-04:00,0.2603999972343445,0.26499998569488525,0.2590999901294708,0.2590999901294708,85699,0.0,0.0
2023-11-01 09:30:00-04:00,0.2590000033378601,0.26489999890327454,0.257999986410141,0.26489999890327454,7309,0.0,0.0
2023-11-01 10:30:00-04:00,0.2619999945163727,0.26489999890327454,0.25920000672340393,0.25920000672340393,36064,0.0,0.0
2023-11-01 11:30:00-04:00,0.2621000111103058,0.27000001072883606,0.26019999384880066,0.2603999972343445,27909,0.0,0.0
2023-11-01 12:30:00-04:00,0.26660001277923584,0.27000001072883606,0.2603999972343445,0.260699987411499,12437,0.0,0.0
2023-11-01 13:30:00-04:00,0.26109999418258667,0.2656010091304779,0.26109999418258667,0.2615000009536743,22999,0.0,0.0
2023-11-01 14:30:00-04:00,0.2615000009536743,0.2615000009536743,0.26109999418258667,0.2615000009536743,2550,0.0,0.0
2023-11-01 15:30:00-04:00,0.2621999979019165,0.27000001072883606,0.2621999979019165,0.2621999979019165,14468,0.0,0.0
2023-11-02 09:30:00-04:00,0.2540000081062317,0.2709999978542328,0.2540000081062317,0.27000001072883606,106132,0.0,0.0
2023-11-02 10:30:00-04:00,0.27000001072883606,0.271699994802475,0.2621000111103058,0.271699994802475,28196,0.0,0.0
2023-11-02 11:30:00-04:00,0.2750000059604645,0.2750000059604645,0.2694000005722046,0.27070000767707825,4265,0.0,0.0
2023-11-02 12:30:00-04:00,0.26980000734329224,0.27880001068115234,0.26980000734329224,0.2743000090122223,35969,0.0,0.0
2023-11-02 13:30:00-04:00,0.2741999924182892,0.27790001034736633,0.2705000042915344,0.2743000090122223,27125,0.0,0.0
2023-11-02 14:30:00-04:00,0.27000001072883606,0.2709999978542328,0.27000001072883606,0.2703999876976013,1984,0.0,0.0
2023-11-02 15:30:00-04:00,0.2705000042915344,0.2770000100135803,0.2700999975204468,0.2700999975204468,0,0.0,0.0
2023-11-03 09:30:00-04:00,0.2736999988555908,0.28999999165534973,0.27000001072883606,0.2702000141143799,36108,0.0,0.0
2023-11-03 10:30:00-04:00,0.2800000011920929,0.2800999879837036,0.2720000147819519,0.2800000011920929,12602,0.0,0.0
2023-11-03 11:30:00-04:00,0.2800000011920929,0.2800000011920929,0.27300000190734863,0.2800000011920929,2673,0.0,0.0
2023-11-03 12:30:00-04:00,0.2800000011920929,0.2840000092983246,0.27300000190734863,0.28325000405311584,8812,0.0,0.0
2023-11-03 13:30:00-04:00,0.28325000405311584,0.2863999903202057,0.2800000011920929,0.2800000011920929,8429,0.0,0.0
2023-11-03 14:30:00-04:00,0.2800000011920929,0.2842999994754791,0.2800000011920929,0.28235000371932983,12213,0.0,0.0
2023-11-03 15:30:00-04:00,0.28235000371932983,0.28235000371932983,0.2799000144004822,0.28049999475479126,29006,0.0,0.0
2023-11-06 09:30:00-05:00,0.2628999948501587,0.3100000023841858,0.26080000400543213,0.29809999465942383,107886,0.0,0.0
2023-11-06 10:30:00-05:00,0.29809999465942383,0.3098999857902527,0.2849999964237213,0.2874999940395355,54921,0.0,0.0
2023-11-06 11:30:00-05:00,0.2874999940395355,0.29589998722076416,0.2750999927520752,0.2854999899864197,31138,0.0,0.0
2023-11-06 12:30:00-05:00,0.2750999927520752,0.29589998722076416,0.26530900597572327,0.26919999718666077,21852,0.0,0.0
2023-11-06 13:30:00-05:00,0.2822999954223633,0.2822999954223633,0.26750001311302185,0.26750001311302185,5026,0.0,0.0
2023-11-06 14:30:00-05:00,0.2736000120639801,0.2849999964237213,0.26750001311302185,0.2680000066757202,25587,0.0,0.0
2023-11-06 15:30:00-05:00,0.2800000011920929,0.2800000011920929,0.26750001311302185,0.27059999108314514,12436,0.0,0.0
2023-11-07 09:30:00-05:00,0.27900001406669617,0.27900001406669617,0.27000001072883606,0.2700999975204468,55205,0.0,0.0
2023-11-07 10:30:00-05:00,0.2700999975204468,0.27950000762939453,0.2700999975204468,0.27950000762939453,28119,0.0,0.0
2023-11-07 11:30:00-05:00,0.2800000011920929,0.2800000011920929,0.27320000529289246,0.274399995803833,30145,0.0,0.0
2023-11-07 12:30:00-05:00,0.274399995803833,0.27720099687576294,0.273499995470047,0.2736000120639801,49922,0.0,0.0
2023-11-07 13:30:00-05:00,0.2736999988555908,0.27799999713897705,0.2736000120639801,0.27399998903274536,8533,0.0,0.0
2023-11-07 14:30:00-05:00,0.27399998903274536,0.27889999747276306,0.27379998564720154,0.27889999747276306,82079,0.0,0.0
2023-11-07 15:30:00-05:00,0.27889999747276306,0.27889999747276306,0.2736999988555908,0.27379998564720154,27723,0.0,0.0
2023-11-08 09:30:00-05:00,0.28040000796318054,0.28369998931884766,0.2752000093460083,0.2800000011920929,42532,0.0,0.0
2023-11-08 10:30:00-05:00,0.2756099998950958,0.2797999978065491,0.27149999141693115,0.27149999141693115,31196,0.0,0.0
2023-11-08 11:30:00-05:00,0.2745000123977661,0.2745000123977661,0.26750001311302185,0.26989999413490295,19235,0.0,0.0
2023-11-08 12:30:00-05:00,0.26969999074935913,0.26980000734329224,0.26969999074935913,0.26980000734329224,4046,0.0,0.0
2023-11-08 13:30:00-05:00,0.26969999074935913,0.2750000059604645,0.26969999074935913,0.2750000059604645,22635,0.0,0.0
2023-11-08 14:30:00-05:00,0.2750000059604645,0.2750000059604645,0.27489998936653137,0.2750000059604645,2255,0.0,0.0
2023-11-08 15:30:00-05:00,0.27489998936653137,0.27489998936653137,0.27000001072883606,0.274399995803833,2090,0.0,0.0
2023-11-09 09:30:00-05:00,0.2761000096797943,0.2761000096797943,0.26499998569488525,0.26969999074935913,55563,0.0,0.0
2023-11-09 10:30:00-05:00,0.26489999890327454,0.2694999873638153,0.2590000033378601,0.2590000033378601,35513,0.0,0.0
2023-11-09 11:30:00-05:00,0.2638989984989166,0.2639000117778778,0.25870001316070557,0.2599000036716461,14015,0.0,0.0
2023-11-09 12:30:00-05:00,0.25600001215934753,0.25999999046325684,0.25099998712539673,0.2599000036716461,46718,0.0,0.0
2023-11-09 13:30:00-05:00,0.2597990036010742,0.2599000036716461,0.25,0.25099998712539673,65560,0.0,0.0
2023-11-09 14:30:00-05:00,0.250900000333786,0.27390000224113464,0.25,0.2599000036716461,145186,0.0,0.0
2023-11-09 15:30:00-05:00,0.2599000036716461,0.26989999413490295,0.25029999017715454,0.2590000033378601,10058,0.0,0.0
2023-11-10 09:30:00-05:00,0.27000001072883606,0.27000001072883606,0.2549999952316284,0.2630020081996918,11939,0.0,0.0
2023-11-10 10:30:00-05:00,0.2599000036716461,0.2599000036716461,0.2549999952316284,0.2572999894618988,8545,0.0,0.0
2023-11-10 11:30:00-05:00,0.2549999952316284,0.2549999952316284,0.22106699645519257,0.24120000004768372,402169,0.0,0.0
2023-11-10 12:30:00-05:00,0.24120000004768372,0.25859999656677246,0.24120000004768372,0.2578999996185303,41500,0.0,0.0
2023-11-10 13:30:00-05:00,0.2578999996185303,0.2578999996185303,0.25,0.25349900126457214,27909,0.0,0.0
2023-11-10 14:30:00-05:00,0.24979999661445618,0.2533000111579895,0.24120000004768372,0.24490000307559967,57329,0.0,0.0
2023-11-10 15:30:00-05:00,0.2430099993944168,0.24459999799728394,0.23489899933338165,0.23499999940395355,76158,0.0,0.0
2023-11-13 09:30:00-05:00,0.23899999260902405,0.23899999260902405,0.23499999940395355,0.23890000581741333,19008,0.0,0.0
2023-11-13 10:30:00-05:00,0.23649999499320984,0.23649999499320984,0.2320999950170517,0.2321999967098236,17002,0.0,0.0
2023-11-13 11:30:00-05:00,0.23330000042915344,0.23360000550746918,0.23000000417232513,0.23000000417232513,28675,0.0,0.0
2023-11-13 12:30:00-05:00,0.23000000417232513,0.23350000381469727,0.22599999606609344,0.23350000381469727,25135,0.0,0.0
2023-11-13 13:30:00-05:00,0.23080000281333923,0.23350000381469727,0.2281000018119812,0.23000000417232513,15701,0.0,0.0
2023-11-13 14:30:00-05:00,0.23000000417232513,0.24199999868869781,0.22910000383853912,0.2378000020980835,51405,0.0,0.0
2023-11-13 15:30:00-05:00,0.2378000020980835,0.2409999966621399,0.2290000021457672,0.22949999570846558,41735,0.0,0.0
2023-11-14 09:30:00-05:00,0.23999999463558197,0.2402999997138977,0.23600000143051147,0.23919999599456787,36998,0.0,0.0
2023-11-14 10:30:00-05:00,0.23980000615119934,0.23980000615119934,0.22010000050067902,0.23199999332427979,60176,0.0,0.0
2023-11-14 11:30:00-05:00,0.2320999950170517,0.23960000276565552,0.23000000417232513,0.23000000417232513,41063,0.0,0.0
2023-11-14 12:30:00-05:00,0.23000000417232513,0.2409999966621399,0.22529999911785126,0.22540000081062317,224903,0.0,0.0
2023-11-14 13:30:00-05:00,0.22540000081062317,0.23520000278949738,0.22540000081062317,0.22930000722408295,21862,0.0,0.0
2023-11-14 14:30:00-05:00,0.22930000722408295,0.23639999330043793,0.22609999775886536,0.23010000586509705,29549,0.0,0.0
2023-11-14 15:30:00-05:00,0.23010000586509705,0.23989999294281006,0.23000000417232513,0.23989999294281006,39869,0.0,0.0
2023-11-15 09:30:00-05:00,0.25690001249313354,0.25989899039268494,0.23899999260902405,0.25989899039268494,191626,0.0,0.0
2023-11-15 10:30:00-05:00,0.2599000036716461,0.25999999046325684,0.25110000371932983,0.25110000371932983,56886,0.0,0.0
2023-11-15 11:30:00-05:00,0.2542499899864197,0.25450000166893005,0.25099998712539673,0.25110000371932983,18785,0.0,0.0
2023-11-15 12:30:00-05:00,0.25304898619651794,0.25450000166893005,0.2498999983072281,0.2498999983072281,32906,0.0,0.0
2023-11-15 13:30:00-05:00,0.2502250075340271,0.25049999356269836,0.24979999661445618,0.25049999356269836,10036,0.0,0.0
2023-11-15 14:30:00-05:00,0.2502000033855438,0.2540000081062317,0.24899999797344208,0.25099998712539673,18146,0.0,0.0
2023-11-15 15:30:00-05:00,0.25459998846054077,0.2549999952316284,0.24979999661445618,0.2549999952316284,297261,0.0,0.0
2023-11-16 09:30:00-05:00,0.2590999901294708,0.2630000114440918,0.2549999952316284,0.2628999948501587,170287,0.0,0.0
2023-11-16 10:30:00-05:00,0.2630000114440918,0.2630000114440918,0.25999999046325684,0.25999999046325684,16629,0.0,0.0
2023-11-16 11:30:00-05:00,0.25999999046325684,0.2628999948501587,0.2563999891281128,0.2563999891281128,22453,0.0,0.0
2023-11-16 12:30:00-05:00,0.2563999891281128,0.25999999046325684,0.2563999891281128,0.259799987077713,16547,0.0,0.0
2023-11-16 13:30:00-05:00,0.2583000063896179,0.2599000036716461,0.25279998779296875,0.2596000134944916,34171,0.0,0.0
2023-11-16 14:30:00-05:00,0.2585139870643616,0.2597000002861023,0.2554999887943268,0.25699999928474426,79079,0.0,0.0
2023-11-16 15:30:00-05:00,0.25699999928474426,0.25999999046325684,0.25699999928474426,0.25995001196861267,32998,0.0,0.0
2023-11-17 09:30:00-05:00,0.2540000081062317,0.26499998569488525,0.25,0.2624500095844269,27916,0.0,0.0
2023-11-17 10:30:00-05:00,0.2624500095844269,0.2648000121116638,0.25999999046325684,0.2624500095844269,5494,0.0,0.0
2023-11-17 11:30:00-05:00,0.2612999975681305,0.26750001311302185,0.26010000705718994,0.26750001311302185,46783,0.0,0.0
2023-11-17 12:30:00-05:00,0.26499998569488525,0.2750000059604645,0.2599000036716461,0.2599000036716461,183738,0.0,0.0
2023-11-17 13:30:00-05:00,0.25999999046325684,0.25999999046325684,0.2599000036716461,0.25999999046325684,24500,0.0,0.0
2023-11-17 14:30:00-05:00,0.25999999046325684,0.25999999046325684,0.2599000036716461,0.25999999046325684,19081,0.0,0.0
2023-11-17 15:30:00-05:00,0.25999999046325684,0.25999999046325684,0.25859999656677246,0.25999999046325684,76236,0.0,0.0
2023-11-20 09:30:00-05:00,0.2549999952316284,0.27000001072883606,0.2549999952316284,0.27000001072883606,49781,0.0,0.0
2023-11-20 10:30:00-05:00,0.27459999918937683,0.27459999918937683,0.24899999797344208,0.2599000036716461,284737,0.0,0.0
2023-11-20 11:30:00-05:00,0.2540000081062317,0.2623499929904938,0.24699999392032623,0.2547000050544739,13263,0.0,0.0
2023-11-20 12:30:00-05:00,0.25049999356269836,0.26739999651908875,0.25049999356269836,0.257999986410141,27516,0.0,0.0
2023-11-20 13:30:00-05:00,0.257999986410141,0.25999999046325684,0.2529999911785126,0.2542000114917755,30541,0.0,0.0
2023-11-20 14:30:00-05:00,0.25429999828338623,0.25999999046325684,0.2531000077724457,0.25380098819732666,23278,0.0,0.0
2023-11-20 15:30:00-05:00,0.2549999952316284,0.2556999921798706,0.24789999425411224,0.24969999492168427,38481,0.0,0.0
2023-11-21 09:30:00-05:00,0.25999999046325684,0.26030099391937256,0.25270000100135803,0.25270000100135803,22717,0.0,0.0
2023-11-21 10:30:00-05:00,0.25270000100135803,0.26339998841285706,0.25270000100135803,0.26339998841285706,67264,0.0,0.0
2023-11-21 11:30:00-05:00,0.26100000739097595,0.2619999945163727,0.26019999384880066,0.2619999945163727,8168,0.0,0.0
2023-11-21 12:30:00-05:00,0.26109999418258667,0.26109999418258667,0.26019999384880066,0.2603999972343445,4148,0.0,0.0
2023-11-21 13:30:00-05:00,0.26065000891685486,0.26109999418258667,0.25999999046325684,0.2605000138282776,20386,0.0,0.0
2023-11-21 14:30:00-05:00,0.25999999046325684,0.2605000138282776,0.2563999891281128,0.2599000036716461,27080,0.0,0.0
2023-11-21 15:30:00-05:00,0.2584500014781952,0.2628999948501587,0.2584500014781952,0.25999999046325684,42299,0.0,0.0
2023-11-22 09:30:00-05:00,0.25999999046325684,0.26159998774528503,0.2581999897956848,0.2583000063896179,22071,0.0,0.0
2023-11-22 10:30:00-05:00,0.25999999046325684,0.25999999046325684,0.2549999952316284,0.2549999952316284,30187,0.0,0.0
2023-11-22 11:30:00-05:00,0.2574999928474426,0.2574999928474426,0.25360000133514404,0.2574000060558319,7814,0.0,0.0
2023-11-22 12:30:00-05:00,0.2572999894618988,0.2574999928474426,0.25360000133514404,0.2574999928474426,6784,0.0,0.0
2023-11-22 13:30:00-05:00,0.2574999928474426,0.2574999928474426,0.25360000133514404,0.25360000133514404,10805,0.0,0.0
2023-11-22 14:30:00-05:00,0.2574999928474426,0.2574999928474426,0.2533999979496002,0.2572999894618988,26899,0.0,0.0
2023-11-22 15:30:00-05:00,0.2572999894618988,0.2572999894618988,0.2533999979496002,0.2549999952316284,16488,0.0,0.0
2023-11-24 09:30:00-05:00,0.25,0.25999999046325684,0.25,0.25999999046325684,21633,0.0,0.0
2023-11-24 10:30:00-05:00,0.25999999046325684,0.25999999046325684,0.2540000081062317,0.2570500075817108,14527,0.0,0.0
2023-11-24 11:30:00-05:00,0.2570500075817108,0.25999999046325684,0.2540999948978424,0.25589999556541443,23995,0.0,0.0
2023-11-27 09:30:00-05:00,0.2563999891281128,0.2637999951839447,0.2563999891281128,0.259799987077713,34214,0.0,0.0
2023-11-27 10:30:00-05:00,0.25999999046325684,0.260699987411499,0.2574999928474426,0.2578999996185303,17578,0.0,0.0
2023-11-27 11:30:00-05:00,0.2605000138282776,0.2630000114440918,0.2581999897956848,0.26054999232292175,9361,0.0,0.0
2023-11-27 12:30:00-05:00,0.26054999232292175,0.2630000114440918,0.2581000030040741,0.26080000400543213,16216,0.0,0.0
2023-11-27 13:30:00-05:00,0.26080000400543213,0.2630000114440918,0.25770100951194763,0.25780001282691956,52133,0.0,0.0
2023-11-27 14:30:00-05:00,0.25999999046325684,0.25999999046325684,0.2599000036716461,0.25999999046325684,31848,0.0,0.0
2023-11-27 15:30:00-05:00,0.25999999046325684,0.25999999046325684,0.25940001010894775,0.25999999046325684,33868,0.0,0.0
2023-11-28 09:30:00-05:00,0.25699999928474426,0.26019999384880066,0.25699999928474426,0.25999999046325684,39589,0.0,0.0
2023-11-28 10:30:00-05:00,0.25999999046325684,0.25999999046325684,0.2581000030040741,0.2581000030040741,9842,0.0,0.0
2023-11-28 11:30:00-05:00,0.25999999046325684,0.25999999046325684,0.257999986410141,0.2581000030040741,13647,0.0,0.0
2023-11-28 12:30:00-05:00,0.257999986410141,0.25999999046325684,0.257999986410141,0.257999986410141,20506,0.0,0.0
2023-11-28 13:30:00-05:00,0.257999986410141,0.2599000036716461,0.2565999925136566,0.257999986410141,14876,0.0,0.0
2023-11-28 14:30:00-05:00,0.25609999895095825,0.257999986410141,0.2551000118255615,0.2551000118255615,13455,0.0,0.0
2023-11-28 15:30:00-05:00,0.2551000118255615,0.2551499903202057,0.2515000104904175,0.2549999952316284,27832,0.0,0.0
2023-11-29 09:30:00-05:00,0.2574999928474426,0.26019999384880066,0.2574999928474426,0.26010000705718994,54473,0.0,0.0
2023-11-29 10:30:00-05:00,0.25999999046325684,0.25999999046325684,0.2574999928474426,0.25769999623298645,9659,0.0,0.0
2023-11-29 11:30:00-05:00,0.25780001282691956,0.259799987077713,0.2547999918460846,0.2572999894618988,40598,0.0,0.0
2023-11-29 12:30:00-05:00,0.2549000084400177,0.2597000002861023,0.2549000084400177,0.257099986076355,5108,0.0,0.0
2023-11-29 13:30:00-05:00,0.25839999318122864,0.25999999046325684,0.25699999928474426,0.2574000060558319,13155,0.0,0.0
2023-11-29 14:30:00-05:00,0.25999999046325684,0.25999999046325684,0.2574000060558319,0.25999999046325684,22568,0.0,0.0
2023-11-29 15:30:00-05:00,0.258899986743927,0.26019999384880066,0.2547999918460846,0.2549999952316284,49721,0.0,0.0
2023-11-30 09:30:00-05:00,0.25029999017715454,0.25760000944137573,0.2500999867916107,0.25760000944137573,40855,0.0,0.0
2023-11-30 10:30:00-05:00,0.2522580027580261,0.25760000944137573,0.25200000405311584,0.2529999911785126,18920,0.0,0.0
2023-11-30 11:30:00-05:00,0.25209999084472656,0.2574999928474426,0.25209999084472656,0.2572000026702881,6318,0.0,0.0
2023-11-30 12:30:00-05:00,0.2572000026702881,0.2624000012874603,0.2564390003681183,0.25999999046325684,44832,0.0,0.0
2023-11-30 13:30:00-05:00,0.25999999046325684,0.2612000107765198,0.2574999928474426,0.25949999690055847,41689,0.0,0.0
2023-11-30 14:30:00-05:00,0.2587999999523163,0.25999999046325684,0.25380000472068787,0.25999999046325684,12908,0.0,0.0
2023-11-30 15:30:00-05:00,0.25999999046325684,0.25999999046325684,0.25380000472068787,0.2549000084400177,24388,0.0,0.0
2023-12-01 09:30:00-05:00,0.25999999046325684,0.25999999046325684,0.2549999952316284,0.259799987077713,7660,0.0,0.0
2023-12-01 10:30:00-05:00,0.259799987077713,0.25999999046325684,0.251800000667572,0.25999999046325684,47392,0.0,0.0
2023-12-01 11:30:00-05:00,0.25999999046325684,0.25999999046325684,0.257099986076355,0.25999999046325684,10737,0.0,0.0
2023-12-01 12:30:00-05:00,0.2572000026702881,0.25999999046325684,0.25699999928474426,0.25699999928474426,22170,0.0,0.0
2023-12-01 13:30:00-05:00,0.25999999046325684,0.25999999046325684,0.25679999589920044,0.25769999623298645,5763,0.0,0.0
2023-12-01 14:30:00-05:00,0.258899986743927,0.25999999046325684,0.25839999318122864,0.25839999318122864,9078,0.0,0.0
2023-12-01 15:30:00-05:00,0.25920000672340393,0.25999999046325684,0.2549999952316284,0.25999999046325684,50442,0.0,0.0
2023-12-04 09:30:00-05:00,0.25099998712539673,0.26750001311302185,0.25099998712539673,0.25769999623298645,219757,0.0,0.0
2023-12-04 10:30:00-05:00,0.26330000162124634,0.27000001072883606,0.25769999623298645,0.2680000066757202,31380,0.0,0.0
2023-12-04 11:30:00-05:00,0.26989999413490295,0.2734000086784363,0.2605000138282776,0.26980000734329224,59476,0.0,0.0
2023-12-04 12:30:00-05:00,0.26980000734329224,0.2750000059604645,0.2680000066757202,0.2703000009059906,49377,0.0,0.0
2023-12-04 13:30:00-05:00,0.27254998683929443,0.27480000257492065,0.2700999975204468,0.2703000009059906,5760,0.0,0.0
2023-12-04 14:30:00-05:00,0.2705000042915344,0.2720000147819519,0.2703999876976013,0.2720000147819519,5752,0.0,0.0
2023-12-04 15:30:00-05:00,0.27160000801086426,0.27160000801086426,0.27000001072883606,0.27000001072883606,41074,0.0,0.0
2023-12-05 09:30:00-05:00,0.26930001378059387,0.272599995136261,0.26249998807907104,0.26260000467300415,43530,0.0,0.0
2023-12-05 10:30:00-05:00,0.2637999951839447,0.27000001072883606,0.26249998807907104,0.27000001072883606,19104,0.0,0.0
2023-12-05 11:30:00-05:00,0.2685999870300293,0.27000001072883606,0.2671999931335449,0.27000001072883606,21241,0.0,0.0
2023-12-05 12:30:00-05:00,0.27254998683929443,0.2771500051021576,0.2680000066757202,0.26910099387168884,106251,0.0,0.0
2023-12-05 13:30:00-05:00,0.27254998683929443,0.27399998903274536,0.26820001006126404,0.27254998683929443,4524,0.0,0.0
2023-12-05 14:30:00-05:00,0.26809999346733093,0.271699994802475,0.2669999897480011,0.27000001072883606,17782,0.0,0.0
2023-12-05 15:30:00-05:00,0.27000001072883606,0.27000001072883606,0.26100000739097595,0.2615010142326355,64742,0.0,0.0
2023-12-06 09:30:00-05:00,0.2551000118255615,0.26899999380111694,0.25099998712539673,0.2689000070095062,36691,0.0,0.0
2023-12-06 10:30:00-05:00,0.2689000070095062,0.27204999327659607,0.25999999046325684,0.26989999413490295,113451,0.0,0.0
2023-12-06 11:30:00-05:00,0.26019999384880066,0.27000001072883606,0.26019999384880066,0.26989999413490295,16917,0.0,0.0
2023-12-06 12:30:00-05:00,0.26899999380111694,0.26899999380111694,0.2603999972343445,0.26489999890327454,57859,0.0,0.0
2023-12-06 13:30:00-05:00,0.26489999890327454,0.26899999380111694,0.2639999985694885,0.26649999618530273,7746,0.0,0.0
2023-12-06 14:30:00-05:00,0.26420000195503235,0.2669999897480011,0.26420000195503235,0.2662999927997589,21394,0.0,0.0
2023-12-06 15:30:00-05:00,0.26510000228881836,0.2662999927997589,0.2574999928474426,0.2599000036716461,44958,0.0,0.0
2023-12-07 09:30:00-05:00,0.25690001249313354,0.26080000400543213,0.2552010118961334,0.25540098547935486,28412,0.0,0.0
2023-12-07 10:30:00-05:00,0.25999999046325684,0.26899999380111694,0.25589999556541443,0.2676999866962433,60834,0.0,0.0
2023-12-07 11:30:00-05:00,0.2667999863624573,0.27000001072883606,0.2667999863624573,0.26989999413490295,16223,0.0,0.0
2023-12-07 12:30:00-05:00,0.26489999890327454,0.26739999651908875,0.26409998536109924,0.26409998536109924,13136,0.0,0.0
2023-12-07 13:30:00-05:00,0.26010000705718994,0.26409998536109924,0.25999999046325684,0.260699987411499,5249,0.0,0.0
2023-12-07 14:30:00-05:00,0.26089999079704285,0.26409998536109924,0.25999999046325684,0.26409998536109924,31960,0.0,0.0
2023-12-07 15:30:00-05:00,0.26045000553131104,0.26045000553131104,0.2554999887943268,0.2554999887943268,0,0.0,0.0
2023-12-08 09:30:00-05:00,0.25540000200271606,0.25927698612213135,0.2551000118255615,0.25540000200271606,52874,0.0,0.0
2023-12-08 10:30:00-05:00,0.25540000200271606,0.25769999623298645,0.2500770092010498,0.2529999911785126,68043,0.0,0.0
2023-12-08 11:30:00-05:00,0.25049999356269836,0.25780001282691956,0.25049999356269836,0.25119999051094055,18228,0.0,0.0
2023-12-08 12:30:00-05:00,0.2517000138759613,0.2531000077724457,0.25099998712539673,0.2522999942302704,10695,0.0,0.0
2023-12-08 13:30:00-05:00,0.2529999911785126,0.2554999887943268,0.2529999911785126,0.2549000084400177,10883,0.0,0.0
2023-12-08 14:30:00-05:00,0.2551000118255615,0.2574000060558319,0.2500999867916107,0.25540000200271606,53923,0.0,0.0
2023-12-08 15:30:00-05:00,0.2552500069141388,0.25529998540878296,0.25060001015663147,0.2529999911785126,16694,0.0,0.0
2023-12-11 09:30:00-05:00,0.25,0.2596000134944916,0.25,0.2551000118255615,44623,0.0,0.0
2023-12-11 10:30:00-05:00,0.25279998779296875,0.25279998779296875,0.25049999356269836,0.2515000104904175,45235,0.0,0.0
2023-12-11 11:30:00-05:00,0.2510010004043579,0.25519999861717224,0.2510010004043579,0.25220000743865967,18332,0.0,0.0
2023-12-11 12:30:00-05:00,0.25220000743865967,0.2524999976158142,0.24969999492168427,0.24969999492168427,59778,0.0,0.0
2023-12-11 13:30:00-05:00,0.2502000033855438,0.25049999356269836,0.24899999797344208,0.24969999492168427,19938,0.0,0.0
2023-12-11 14:30:00-05:00,0.24934999644756317,0.25029999017715454,0.24934999644756317,0.25029999017715454,5048,0.0,0.0
2023-12-11 15:30:00-05:00,0.2498999983072281,0.2506999969482422,0.24899999797344208,0.25029999017715454,28207,0.0,0.0
2023-12-12 09:30:00-05:00,0.2556000053882599,0.259799987077713,0.24500000476837158,0.2451000064611435,146051,0.0,0.0
2023-12-12 10:30:00-05:00,0.25119999051094055,0.25699999928474426,0.2484000027179718,0.2484000027179718,176402,0.0,0.0
2023-12-12 11:30:00-05:00,0.2483000010251999,0.2483000010251999,0.24449999630451202,0.24799999594688416,69719,0.0,0.0
2023-12-12 12:30:00-05:00,0.2475000023841858,0.24819999933242798,0.24449999630451202,0.24809999763965607,19774,0.0,0.0
2023-12-12 13:30:00-05:00,0.24650000035762787,0.24789999425411224,0.24549500644207,0.24789999425411224,11001,0.0,0.0
2023-12-12 14:30:00-05:00,0.24779999256134033,0.24799999594688416,0.2442999929189682,0.24789999425411224,31613,0.0,0.0
2023-12-12 15:30:00-05:00,0.2463500052690506,0.2476000040769577,0.24269999563694,0.24269999563694,14026,0.0,0.0
2023-12-13 09:30:00-05:00,0.25,0.25,0.2280000001192093,0.23520000278949738,131669,0.0,0.0
2023-12-13 10:30:00-05:00,0.2370000034570694,0.24500000476837158,0.2370000034570694,0.24490000307559967,50097,0.0,0.0
2023-12-13 11:30:00-05:00,0.24490000307559967,0.25949999690055847,0.24490000307559967,0.24719999730587006,166393,0.0,0.0
2023-12-13 12:30:00-05:00,0.25949999690055847,0.25949999690055847,0.25119999051094055,0.25949999690055847,197217,0.0,0.0
2023-12-13 13:30:00-05:00,0.25949999690055847,0.2720000147819519,0.2549999952316284,0.2706499993801117,180343,0.0,0.0
2023-12-13 14:30:00-05:00,0.2669999897480011,0.27489998936653137,0.266400009393692,0.27204999327659607,76767,0.0,0.0
2023-12-13 15:30:00-05:00,0.27204999327659607,0.2750000059604645,0.2711000144481659,0.2750000059604645,45889,0.0,0.0
2023-12-14 09:30:00-05:00,0.2700999975204468,0.2800999879837036,0.2656010091304779,0.2667999863624573,61151,0.0,0.0
2023-12-14 10:30:00-05:00,0.2667509913444519,0.27000001072883606,0.265500009059906,0.26989999413490295,24278,0.0,0.0
2023-12-14 11:30:00-05:00,0.2699500024318695,0.27000001072883606,0.2687999904155731,0.26930001378059387,22820,0.0,0.0
2023-12-14 12:30:00-05:00,0.2699500024318695,0.27000001072883606,0.2687999904155731,0.26899999380111694,83448,0.0,0.0
2023-12-14 13:30:00-05:00,0.2689000070095062,0.27000001072883606,0.2689000070095062,0.27000001072883606,10234,0.0,0.0
2023-12-14 14:30:00-05:00,0.27000001072883606,0.27379998564720154,0.26989999413490295,0.2732999920845032,49507,0.0,0.0
2023-12-14 15:30:00-05:00,0.2736999988555908,0.2750000059604645,0.27000001072883606,0.27000001072883606,85821,0.0,0.0
2023-12-15 09:30:00-05:00,0.2720000147819519,0.2750000059604645,0.25,0.2605000138282776,67511,0.0,0.0
2023-12-15 10:30:00-05:00,0.25870001316070557,0.267300009727478,0.25540000200271606,0.25540000200271606,29307,0.0,0.0
2023-12-15 11:30:00-05:00,0.26489999890327454,0.2694000005722046,0.2587999999523163,0.2606000006198883,15753,0.0,0.0
2023-12-15 12:30:00-05:00,0.260699987411499,0.27160000801086426,0.260699987411499,0.26861000061035156,187345,0.0,0.0
2023-12-15 13:30:00-05:00,0.26649999618530273,0.27059999108314514,0.26440000534057617,0.2646999955177307,21583,0.0,0.0
2023-12-15 14:30:00-05:00,0.2646999955177307,0.2711000144481659,0.25839999318122864,0.26499998569488525,47354,0.0,0.0
2023-12-15 15:30:00-05:00,0.26510000228881836,0.2721000015735626,0.26510000228881836,0.2720000147819519,79370,0.0,0.0
2023-12-18 09:30:00-05:00,0.26489999890327454,0.26489999890327454,0.2529999911785126,0.2612999975681305,58968,0.0,0.0
2023-12-18 10:30:00-05:00,0.25290000438690186,0.2572999894618988,0.25290000438690186,0.2572999894618988,31670,0.0,0.0
2023-12-18 11:30:00-05:00,0.2572000026702881,0.2572999894618988,0.2529999911785126,0.25519999861717224,27541,0.0,0.0
2023-12-18 12:30:00-05:00,0.2551000118255615,0.2572999894618988,0.25209999084472656,0.25532498955726624,70296,0.0,0.0
2023-12-18 13:30:00-05:00,0.2559249997138977,0.25690001249313354,0.25589999556541443,0.25609999895095825,30249,0.0,0.0
2023-12-18 14:30:00-05:00,0.25589999556541443,0.259799987077713,0.25589999556541443,0.2590000033378601,45022,0.0,0.0
2023-12-18 15:30:00-05:00,0.2590000033378601,0.26190000772476196,0.2590000033378601,0.26190000772476196,77542,0.0,0.0
2023-12-19 09:30:00-05:00,0.26010000705718994,0.2750999927520752,0.26010000705718994,0.27502501010894775,424066,0.0,0.0
2023-12-19 10:30:00-05:00,0.27502501010894775,0.2862499952316284,0.273499995470047,0.28600001335144043,287975,0.0,0.0
2023-12-19 11:30:00-05:00,0.2849999964237213,0.30390000343322754,0.2802000045776367,0.30079999566078186,296738,0.0,0.0
2023-12-19 12:30:00-05:00,0.30079999566078186,0.3375000059604645,0.30079999566078186,0.32989999651908875,548026,0.0,0.0
2023-12-19 13:30:00-05:00,0.3296999931335449,0.3352999985218048,0.3199999928474426,0.33239999413490295,207586,0.0,0.0
2023-12-19 14:30:00-05:00,0.3321000039577484,0.3321000039577484,0.31220000982284546,0.31605100631713867,208254,0.0,0.0
2023-12-19 15:30:00-05:00,0.31610000133514404,0.3499999940395355,0.30889999866485596,0.33000001311302185,610672,0.0,0.0
2023-12-20 09:30:00-05:00,0.36000001430511475,0.36800000071525574,0.33000001311302185,0.3370490074157715,539358,0.0,0.0
2023-12-20 10:30:00-05:00,0.3418999910354614,0.34900200366973877,0.33309999108314514,0.3450999855995178,160234,0.0,0.0
2023-12-20 11:30:00-05:00,0.3450999855995178,0.3799999952316284,0.3199999928474426,0.3316499888896942,134907,0.0,0.0
2023-12-20 12:30:00-05:00,0.3353999853134155,0.3424000144004822,0.3278999924659729,0.33755001425743103,70603,0.0,0.0
2023-12-20 13:30:00-05:00,0.3400000035762787,0.3449000120162964,0.32910001277923584,0.33695000410079956,47730,0.0,0.0
2023-12-20 14:30:00-05:00,0.336899995803833,0.33695000410079956,0.32190001010894775,0.3284749984741211,40703,0.0,0.0
2023-12-20 15:30:00-05:00,0.32190001010894775,0.335999995470047,0.32190001010894775,0.328000009059906,28157,0.0,0.0
2023-12-21 09:30:00-05:00,0.34360000491142273,0.3499999940395355,0.32499998807907104,0.32499998807907104,159233,0.0,0.0
2023-12-21 10:30:00-05:00,0.33000001311302185,0.33500000834465027,0.32510000467300415,0.3305000066757202,61841,0.0,0.0
2023-12-21 11:30:00-05:00,0.3330000042915344,0.33399999141693115,0.32600000500679016,0.3305000066757202,21001,0.0,0.0
2023-12-21 12:30:00-05:00,0.3305000066757202,0.33059999346733093,0.3197999894618988,0.3305000066757202,92961,0.0,0.0
2023-12-21 13:30:00-05:00,0.3305000066757202,0.3305000066757202,0.3239000141620636,0.3305000066757202,59758,0.0,0.0
2023-12-21 14:30:00-05:00,0.3303999900817871,0.33899998664855957,0.33009999990463257,0.33899998664855957,71053,0.0,0.0
2023-12-21 15:30:00-05:00,0.33899998664855957,0.33899998664855957,0.3305000066757202,0.3352000117301941,14070,0.0,0.0
2023-12-22 09:30:00-05:00,0.3418999910354614,0.35499998927116394,0.335099995136261,0.3499999940395355,181586,0.0,0.0
2023-12-22 10:30:00-05:00,0.35499998927116394,0.35989999771118164,0.35010001063346863,0.35899999737739563,87585,0.0,0.0
2023-12-22 11:30:00-05:00,0.3598000109195709,0.36500000953674316,0.35019999742507935,0.35019999742507935,159441,0.0,0.0
2023-12-22 12:30:00-05:00,0.36399999260902405,0.3799000084400177,0.35100001096725464,0.3799000084400177,114052,0.0,0.0
2023-12-22 13:30:00-05:00,0.3799999952316284,0.3799999952316284,0.35499998927116394,0.3571000099182129,160355,0.0,0.0
2023-12-22 14:30:00-05:00,0.3698999881744385,0.3799999952316284,0.35499998927116394,0.3790000081062317,188907,0.0,0.0
2023-12-22 15:30:00-05:00,0.3750999867916107,0.38499999046325684,0.35510000586509705,0.375,35679,0.0,0.0
2023-12-26 09:30:00-05:00,0.4000000059604645,0.44999998807907104,0.39989998936653137,0.41999998688697815,751987,0.0,0.0
2023-12-26 10:30:00-05:00,0.41999998688697815,0.4343999922275543,0.4018000066280365,0.42980000376701355,133515,0.0,0.0
2023-12-26 11:30:00-05:00,0.4202499985694885,0.4202499985694885,0.4099999964237213,0.4099999964237213,45116,0.0,0.0
2023-12-26 12:30:00-05:00,0.4099999964237213,0.41780000925064087,0.4099999964237213,0.4129999876022339,31223,0.0,0.0
2023-12-26 13:30:00-05:00,0.4129999876022339,0.4244000017642975,0.4117000102996826,0.4187999963760376,92397,0.0,0.0
2023-12-26 14:30:00-05:00,0.414449006319046,0.4189999997615814,0.4099999964237213,0.4189000129699707,49056,0.0,0.0
2023-12-26 15:30:00-05:00,0.4189000129699707,0.42910000681877136,0.4187999963760376,0.42899999022483826,64358,0.0,0.0
2023-12-27 09:30:00-05:00,0.47999998927116394,0.5249999761581421,0.4514999985694885,0.4659999907016754,808905,0.0,0.0
2023-12-27 10:30:00-05:00,0.4605009853839874,0.4799000024795532,0.4514999985694885,0.4602999985218048,149024,0.0,0.0
2023-12-27 11:30:00-05:00,0.47350001335144043,0.47780001163482666,0.4602999985218048,0.46310800313949585,50981,0.0,0.0
2023-12-27 12:30:00-05:00,0.4749999940395355,0.4799000024795532,0.460999995470047,0.4699000120162964,30839,0.0,0.0
2023-12-27 13:30:00-05:00,0.4675999879837036,0.4699999988079071,0.4620000123977661,0.4620000123977661,19423,0.0,0.0
2023-12-27 14:30:00-05:00,0.4620000123977661,0.4699999988079071,0.460999995470047,0.46799999475479126,47547,0.0,0.0
2023-12-27 15:30:00-05:00,0.4659999907016754,0.4717999994754791,0.4620000123977661,0.4717499911785126,63358,0.0,0.0
2023-12-28 09:30:00-05:00,0.49799999594688416,0.4999000132083893,0.45320001244544983,0.4645000100135803,294018,0.0,0.0
2023-12-28 10:30:00-05:00,0.460099995136261,0.4767000079154968,0.44999998807907104,0.4733000099658966,215495,0.0,0.0
2023-12-28 11:30:00-05:00,0.4712510108947754,0.4729999899864197,0.4609000086784363,0.4699999988079071,115361,0.0,0.0
2023-12-28 12:30:00-05:00,0.4729999899864197,0.4749000072479248,0.4699999988079071,0.4747999906539917,38772,0.0,0.0
2023-12-28 13:30:00-05:00,0.4699999988079071,0.47909998893737793,0.4699000120162964,0.47859999537467957,36976,0.0,0.0
2023-12-28 14:30:00-05:00,0.4788999855518341,0.47940000891685486,0.46939998865127563,0.4738999903202057,253896,0.0,0.0
2023-12-28 15:30:00-05:00,0.46480000019073486,0.4699999988079071,0.45159998536109924,0.45500001311302185,570125,0.0,0.0
2023-12-29 09:30:00-05:00,0.4790000021457672,0.4799000024795532,0.45020100474357605,0.4595000147819519,98088,0.0,0.0
2023-12-29 10:30:00-05:00,0.45989999175071716,0.45989999175071716,0.43299999833106995,0.4350000023841858,57960,0.0,0.0
2023-12-29 11:30:00-05:00,0.43299999833106995,0.44850000739097595,0.41999998688697815,0.4385499954223633,138128,0.0,0.0
2023-12-29 12:30:00-05:00,0.4385499954223633,0.4388999938964844,0.4050000011920929,0.4050999879837036,214986,0.0,0.0
2023-12-29 13:30:00-05:00,0.40709999203681946,0.420199990272522,0.4027999937534332,0.41839998960494995,1449818,0.0,0.0
2023-12-29 14:30:00-05:00,0.41839998960494995,0.43709999322891235,0.41019999980926514,0.42500001192092896,426818,0.0,0.0
2023-12-29 15:30:00-05:00,0.41999998688697815,0.4300000071525574,0.3882000148296356,0.41489899158477783,695755,0.0,0.0
2024-01-02 09:30:00-05:00,0.4000999927520752,0.42719998955726624,0.4000999927520752,0.41734999418258667,78191,0.0,0.0
2024-01-02 10:30:00-05:00,0.41734999418258667,0.41734999418258667,0.40310001373291016,0.40939998626708984,95329,0.0,0.0
2024-01-02 11:30:00-05:00,0.40654999017715454,0.4101000130176544,0.40310001373291016,0.4099999964237213,77080,0.0,0.0
2024-01-02 12:30:00-05:00,0.4099999964237213,0.4124000072479248,0.40310001373291016,0.4117250144481659,155568,0.0,0.0
2024-01-02 13:30:00-05:00,0.4117250144481659,0.41179999709129333,0.4032000005245209,0.4099999964237213,74822,0.0,0.0
2024-01-02 14:30:00-05:00,0.4059999883174896,0.4111250042915344,0.4032000005245209,0.40799999237060547,177977,0.0,0.0
2024-01-02 15:30:00-05:00,0.40790000557899475,0.4083000123500824,0.4000000059604645,0.40119999647140503,173451,0.0,0.0
2024-01-03 09:30:00-05:00,0.4000000059604645,0.40049999952316284,0.38510000705718994,0.392549991607666,236010,0.0,0.0
2024-01-03 10:30:00-05:00,0.4000000059604645,0.4000000059604645,0.3824999928474426,0.3862000107765198,244224,0.0,0.0
2024-01-03 11:30:00-05:00,0.38999998569488525,0.3982999920845032,0.38499999046325684,0.3855000138282776,604458,0.0,0.0
2024-01-03 12:30:00-05:00,0.38029998540878296,0.40139999985694885,0.38029998540878296,0.4000000059604645,42876,0.0,0.0
2024-01-03 13:30:00-05:00,0.4000000059604645,0.40139999985694885,0.38499999046325684,0.4000000059604645,17833,0.0,0.0
2024-01-03 14:30:00-05:00,0.4004000127315521,0.40049999952316284,0.38499999046325684,0.39765000343322754,77529,0.0,0.0
2024-01-03 15:30:00-05:00,0.3977000117301941,0.42294999957084656,0.39489999413490295,0.41405001282691956,73746,0.0,0.0
2024-01-04 09:30:00-05:00,0.413100004196167,0.42899999022483826,0.3955000042915344,0.41999998688697815,112350,0.0,0.0
2024-01-04 10:30:00-05:00,0.42010000348091125,0.42399999499320984,0.41280001401901245,0.41999998688697815,60285,0.0,0.0
2024-01-04 11:30:00-05:00,0.41999998688697815,0.4219990074634552,0.40400001406669617,0.40799999237060547,38531,0.0,0.0
2024-01-04 12:30:00-05:00,0.4074999988079071,0.41499999165534973,0.39899998903274536,0.4099999964237213,68491,0.0,0.0
2024-01-04 13:30:00-05:00,0.41499999165534973,0.5400000214576721,0.4000000059604645,0.5389999747276306,3419897,0.0,0.0
2024-01-04 14:30:00-05:00,0.5389999747276306,0.5665000081062317,0.5102999806404114,0.519599974155426,1804284,0.0,0.0
2024-01-04 15:30:00-05:00,0.5210000276565552,0.574999988079071,0.5166000127792358,0.570451021194458,1073361,0.0,0.0
2024-01-05 09:30:00-05:00,0.583899974822998,0.6244999766349792,0.5699999928474426,0.6187499761581421,2175858,0.0,0.0
2024-01-05 10:30:00-05:00,0.6187499761581421,0.6399999856948853,0.6010000109672546,0.6258999705314636,740073,0.0,0.0
2024-01-05 11:30:00-05:00,0.6201000213623047,0.6489999890327454,0.6051999926567078,0.6200000047683716,483062,0.0,0.0
2024-01-05 12:30:00-05:00,0.6299999952316284,0.6499999761581421,0.6255000233650208,0.6277999877929688,560042,0.0,0.0
2024-01-05 13:30:00-05:00,0.6299999952316284,0.6299999952316284,0.6006100177764893,0.6103000044822693,330758,0.0,0.0
2024-01-05 14:30:00-05:00,0.6103000044822693,0.6274999976158142,0.5899999737739563,0.6187499761581421,481331,0.0,0.0
2024-01-05 15:30:00-05:00,0.6175000071525574,0.625,0.5989999771118164,0.6198999881744385,459487,0.0,0.0
2024-01-08 09:30:00-05:00,0.625,0.6600000262260437,0.621999979019165,0.6499999761581421,523229,0.0,0.0
2024-01-08 10:30:00-05:00,0.6499999761581421,0.6572999954223633,0.621999979019165,0.6380000114440918,356418,0.0,0.0
2024-01-08 11:30:00-05:00,0.6359999775886536,0.6380000114440918,0.5899999737739563,0.6195999979972839,320682,0.0,0.0
2024-01-08 12:30:00-05:00,0.6079999804496765,0.6301000118255615,0.5899999737739563,0.6299999952316284,218464,0.0,0.0
2024-01-08 13:30:00-05:00,0.6299999952316284,0.6419000029563904,0.6299999952316284,0.6399999856948853,147313,0.0,0.0
2024-01-08 14:30:00-05:00,0.6398000121116638,0.6700000166893005,0.5450999736785889,0.5509999990463257,1655184,0.0,0.0
2024-01-08 15:30:00-05:00,0.5511000156402588,0.6000000238418579,0.5511000156402588,0.5899999737739563,352464,0.0,0.0
2024-01-09 09:30:00-05:00,0.6499999761581421,0.6600000262260437,0.5877000093460083,0.6200000047683716,795063,0.0,0.0
2024-01-09 10:30:00-05:00,0.6223999857902527,0.6225000023841858,0.6086000204086304,0.6175000071525574,170777,0.0,0.0
2024-01-09 11:30:00-05:00,0.6198999881744385,0.6499999761581421,0.6197999715805054,0.6349999904632568,330138,0.0,0.0
2024-01-09 12:30:00-05:00,0.6324999928474426,0.6401000022888184,0.6299999952316284,0.6389999985694885,183302,0.0,0.0
2024-01-09 13:30:00-05:00,0.6376000046730042,0.6401000022888184,0.6351000070571899,0.6400499939918518,214003,0.0,0.0
2024-01-09 14:30:00-05:00,0.6401000022888184,0.6690000295639038,0.6389999985694885,0.6600000262260437,426866,0.0,0.0
2024-01-09 15:30:00-05:00,0.660099983215332,0.660099983215332,0.6349999904632568,0.6549999713897705,265038,0.0,0.0
2024-01-10 09:30:00-05:00,0.6450999975204468,0.6669999957084656,0.6299999952316284,0.6654000282287598,310447,0.0,0.0
2024-01-10 10:30:00-05:00,0.6674000024795532,0.6800000071525574,0.6500999927520752,0.6700000166893005,270718,0.0,0.0
2024-01-10 11:30:00-05:00,0.6699000000953674,0.6746000051498413,0.6539999842643738,0.670199990272522,90550,0.0,0.0
2024-01-10 12:30:00-05:00,0.6539999842643738,0.6703000068664551,0.6444000005722046,0.6499999761581421,188964,0.0,0.0
2024-01-10 13:30:00-05:00,0.6523000001907349,0.6579999923706055,0.6255000233650208,0.6256999969482422,174411,0.0,0.0
2024-01-10 14:30:00-05:00,0.6200000047683716,0.6226000189781189,0.5709999799728394,0.5963990092277527,476075,0.0,0.0
2024-01-10 15:30:00-05:00,0.5930500030517578,0.6158999800682068,0.5857999920845032,0.6010000109672546,209133,0.0,0.0
2024-01-11 09:30:00-05:00,0.6043999791145325,0.6115000247955322,0.5928999781608582,0.6108999848365784,127708,0.0,0.0
2024-01-11 10:30:00-05:00,0.5940999984741211,0.6000999808311462,0.5799999833106995,0.5799999833106995,78617,0.0,0.0
2024-01-11 11:30:00-05:00,0.5799999833106995,0.5999000072479248,0.5666000247001648,0.5997999906539917,120778,0.0,0.0
2024-01-11 12:30:00-05:00,0.5997999906539917,0.5999000072479248,0.5849999785423279,0.5860000252723694,39325,0.0,0.0
2024-01-11 13:30:00-05:00,0.5849999785423279,0.5992000102996826,0.5802000164985657,0.5990999937057495,47209,0.0,0.0
2024-01-11 14:30:00-05:00,0.5899999737739563,0.6098999977111816,0.5899999737739563,0.6044999957084656,88918,0.0,0.0
2024-01-11 15:30:00-05:00,0.6044999957084656,0.6046000123023987,0.6000000238418579,0.6000000238418579,0,0.0,0.0
2024-01-12 09:30:00-05:00,0.5899999737739563,0.6079999804496765,0.589900016784668,0.5924999713897705,84861,0.0,0.0
2024-01-12 10:30:00-05:00,0.5924999713897705,0.5924999713897705,0.5770000219345093,0.5770000219345093,55529,0.0,0.0
2024-01-12 11:30:00-05:00,0.5795999765396118,0.5848000049591064,0.5709999799728394,0.5769000053405762,68057,0.0,0.0
2024-01-12 12:30:00-05:00,0.5767999887466431,0.5849999785423279,0.5709999799728394,0.5726000070571899,18175,0.0,0.0
2024-01-12 13:30:00-05:00,0.5787000060081482,0.5849000215530396,0.5724999904632568,0.574999988079071,34387,0.0,0.0
2024-01-12 14:30:00-05:00,0.574999988079071,0.579800009727478,0.5724999904632568,0.5763999819755554,16529,0.0,0.0
2024-01-12 15:30:00-05:00,0.5730000138282776,0.579800009727478,0.5724999904632568,0.5771999955177307,32260,0.0,0.0
2024-01-16 09:30:00-05:00,0.5799999833106995,0.5899990200996399,0.4000000059604645,0.4676760137081146,1582059,0.0,0.0
2024-01-16 10:30:00-05:00,0.4699000120162964,0.4749999940395355,0.4300000071525574,0.4325999915599823,436662,0.0,0.0
2024-01-16 11:30:00-05:00,0.4307500123977661,0.44704899191856384,0.4300000071525574,0.4341000020503998,295593,0.0,0.0
2024-01-16 12:30:00-05:00,0.4357999861240387,0.4399000108242035,0.41190001368522644,0.43299999833106995,403144,0.0,0.0
2024-01-16 13:30:00-05:00,0.43309998512268066,0.4544000029563904,0.43309998512268066,0.44999998807907104,90435,0.0,0.0
2024-01-16 14:30:00-05:00,0.44029998779296875,0.45210000872612,0.44020000100135803,0.44429901242256165,54403,0.0,0.0
2024-01-16 15:30:00-05:00,0.4474000036716461,0.45210000872612,0.4410000145435333,0.45210000872612,0,0.0,0.0
2024-01-17 09:30:00-05:00,0.45179998874664307,0.45179998874664307,0.4034000039100647,0.41920000314712524,323969,0.0,0.0
2024-01-17 10:30:00-05:00,0.41510000824928284,0.42419999837875366,0.41499999165534973,0.4221999943256378,92483,0.0,0.0
2024-01-17 11:30:00-05:00,0.42010000348091125,0.4361000061035156,0.41510000824928284,0.4318000078201294,88960,0.0,0.0
2024-01-17 12:30:00-05:00,0.4359999895095825,0.4359999895095825,0.4223000109195709,0.42329999804496765,25962,0.0,0.0
2024-01-17 13:30:00-05:00,0.42260000109672546,0.42524999380111694,0.42250001430511475,0.42524999380111694,22251,0.0,0.0
2024-01-17 14:30:00-05:00,0.42260000109672546,0.43720000982284546,0.42260000109672546,0.42660000920295715,22729,0.0,0.0
2024-01-17 15:30:00-05:00,0.42660000920295715,0.43810001015663147,0.42660000920295715,0.43810001015663147,22837,0.0,0.0
2024-01-18 09:30:00-05:00,0.39989998936653137,0.42649999260902405,0.3799000084400177,0.421999990940094,2276174,0.0,0.0
2024-01-18 10:30:00-05:00,0.42399999499320984,0.4555000066757202,0.42010000348091125,0.4505000114440918,618713,0.0,0.0
2024-01-18 11:30:00-05:00,0.45034998655319214,0.4580000042915344,0.4300000071525574,0.4560000002384186,452223,0.0,0.0
2024-01-18 12:30:00-05:00,0.4580000042915344,0.4699999988079071,0.4410000145435333,0.4587000012397766,445252,0.0,0.0
2024-01-18 13:30:00-05:00,0.45899999141693115,0.4894999861717224,0.45829999446868896,0.4826500117778778,642372,0.0,0.0
2024-01-18 14:30:00-05:00,0.48660001158714294,0.550000011920929,0.4749999940395355,0.5227000117301941,1142348,0.0,0.0
2024-01-18 15:30:00-05:00,0.5224999785423279,0.569350004196167,0.5224499702453613,0.5692999958992004,628477,0.0,0.0
2024-01-19 09:30:00-05:00,0.5498999953269958,0.550000011920929,0.5,0.5175999999046326,337072,0.0,0.0
2024-01-19 10:30:00-05:00,0.5175999999046326,0.5271999835968018,0.5044999718666077,0.5129500031471252,325969,0.0,0.0
2024-01-19 11:30:00-05:00,0.5129500031471252,0.5206000208854675,0.5044000148773193,0.5044000148773193,165586,0.0,0.0
2024-01-19 12:30:00-05:00,0.5044000148773193,0.5044999718666077,0.46209999918937683,0.4763999879360199,310682,0.0,0.0
2024-01-19 13:30:00-05:00,0.48080000281333923,0.5026000142097473,0.47600001096725464,0.5001999735832214,135709,0.0,0.0
2024-01-19 14:30:00-05:00,0.5001500248908997,0.5099999904632568,0.4943999946117401,0.5001000165939331,168141,0.0,0.0
2024-01-19 15:30:00-05:00,0.5000500082969666,0.5016000270843506,0.4772000014781952,0.47859999537467957,436873,0.0,0.0
2024-01-22 09:30:00-05:00,0.4699999988079071,0.5,0.44999998807907104,0.4830000102519989,493509,0.0,0.0
2024-01-22 10:30:00-05:00,0.48159998655319214,0.48190000653266907,0.47609999775886536,0.4781000018119812,70384,0.0,0.0
2024-01-22 11:30:00-05:00,0.476500004529953,0.4857630133628845,0.47609999775886536,0.47999998927116394,35658,0.0,0.0
2024-01-22 12:30:00-05:00,0.47999998927116394,0.48010000586509705,0.47589999437332153,0.4765999913215637,71396,0.0,0.0
2024-01-22 13:30:00-05:00,0.47769999504089355,0.4828000068664551,0.47600001096725464,0.47999998927116394,34411,0.0,0.0
2024-01-22 14:30:00-05:00,0.4786500036716461,0.49380001425743103,0.476500004529953,0.47999998927116394,95109,0.0,0.0
2024-01-22 15:30:00-05:00,0.4802500009536743,0.48179998993873596,0.4763849973678589,0.47999998927116394,53958,0.0,0.0
2024-01-23 09:30:00-05:00,0.46970000863075256,0.49900001287460327,0.46059998869895935,0.47269999980926514,163774,0.0,0.0
2024-01-23 10:30:00-05:00,0.47029998898506165,0.49219998717308044,0.46059998869895935,0.4700999855995178,68374,0.0,0.0
2024-01-23 11:30:00-05:00,0.48899999260902405,0.48899999260902405,0.4650000035762787,0.4699999988079071,47294,0.0,0.0
2024-01-23 12:30:00-05:00,0.4699999988079071,0.4810999929904938,0.4659999907016754,0.46700000762939453,44691,0.0,0.0
2024-01-23 13:30:00-05:00,0.46700000762939453,0.48100000619888306,0.46619999408721924,0.47029998898506165,0,0.0,0.0
2024-01-23 14:30:00-05:00,0.4869000017642975,0.48890000581741333,0.47436800599098206,0.48890000581741333,669850,0.0,0.0
2024-01-23 15:30:00-05:00,0.4887999892234802,0.4887999892234802,0.47679999470710754,0.4860000014305115,38681,0.0,0.0
2024-01-24 09:30:00-05:00,0.47999998927116394,0.5059999823570251,0.47600001096725464,0.492000013589859,137077,0.0,0.0
2024-01-24 10:30:00-05:00,0.4961000084877014,0.5,0.49000000953674316,0.49320000410079956,32168,0.0,0.0
2024-01-24 11:30:00-05:00,0.49254998564720154,0.5,0.48010000586509705,0.49050000309944153,334395,0.0,0.0
2024-01-24 12:30:00-05:00,0.49050000309944153,0.5,0.48100000619888306,0.4903999865055084,30176,0.0,0.0
2024-01-24 13:30:00-05:00,0.49399998784065247,0.49970000982284546,0.48100000619888306,0.48100000619888306,89541,0.0,0.0
2024-01-24 14:30:00-05:00,0.48100000619888306,0.48980000615119934,0.48100000619888306,0.4810999929904938,9575,0.0,0.0
2024-01-24 15:30:00-05:00,0.4810999929904938,0.4885999858379364,0.4810999929904938,0.4848000109195709,9648,0.0,0.0
2024-01-25 09:30:00-05:00,0.4959000051021576,0.49880000948905945,0.4790000021457672,0.482699990272522,87810,0.0,0.0
2024-01-25 10:30:00-05:00,0.482699990272522,0.49000000953674316,0.47530001401901245,0.4857499897480011,116499,0.0,0.0
2024-01-25 11:30:00-05:00,0.49000000953674316,0.4966999888420105,0.4814999997615814,0.4900999963283539,91979,0.0,0.0
2024-01-25 12:30:00-05:00,0.4900999963283539,0.4957999885082245,0.4900999963283539,0.49105000495910645,83464,0.0,0.0
2024-01-25 13:30:00-05:00,0.491100013256073,0.492000013589859,0.49000000953674316,0.49000000953674316,66400,0.0,0.0
2024-01-25 14:30:00-05:00,0.49000000953674316,0.4932999908924103,0.49000000953674316,0.4921000003814697,73922,0.0,0.0
2024-01-25 15:30:00-05:00,0.4921000003814697,0.5170999765396118,0.4900999963283539,0.5139999985694885,373970,0.0,0.0
2024-01-26 09:30:00-05:00,0.5320000052452087,0.5734000205993652,0.5210099816322327,0.5600000023841858,414787,0.0,0.0
2024-01-26 10:30:00-05:00,0.5598999857902527,0.5598999857902527,0.5400000214576721,0.5400999784469604,190145,0.0,0.0
2024-01-26 11:30:00-05:00,0.5400999784469604,0.5617989897727966,0.5234000086784363,0.5565999746322632,157143,0.0,0.0
2024-01-26 12:30:00-05:00,0.5551000237464905,0.6800000071525574,0.5522000193595886,0.5891000032424927,488119,0.0,0.0
2024-01-26 13:30:00-05:00,0.5950000286102295,0.6370000243186951,0.582099974155426,0.6159999966621399,643814,0.0,0.0
2024-01-26 14:30:00-05:00,0.6200000047683716,0.6299999952316284,0.6159999966621399,0.625,698463,0.0,0.0
2024-01-26 15:30:00-05:00,0.6201009750366211,0.6330000162124634,0.6050999760627747,0.6159999966621399,638032,0.0,0.0
2024-01-29 09:30:00-05:00,0.6499999761581421,0.6600000262260437,0.6399999856948853,0.6452000141143799,873135,0.0,0.0
2024-01-29 10:30:00-05:00,0.6452000141143799,0.6549999713897705,0.631600022315979,0.6401000022888184,336886,0.0,0.0
2024-01-29 11:30:00-05:00,0.6417499780654907,0.6498379707336426,0.6401000022888184,0.6417999863624573,131214,0.0,0.0
2024-01-29 12:30:00-05:00,0.6417499780654907,0.656499981880188,0.6399999856948853,0.6504999995231628,180634,0.0,0.0
2024-01-29 13:30:00-05:00,0.6450999975204468,0.6600000262260437,0.640999972820282,0.6499999761581421,335221,0.0,0.0
2024-01-29 14:30:00-05:00,0.6499999761581421,0.6600000262260437,0.6399999856948853,0.6474999785423279,217209,0.0,0.0
2024-01-29 15:30:00-05:00,0.6499999761581421,0.675000011920929,0.6460000276565552,0.6639999747276306,1616343,0.0,0.0
2024-01-30 09:30:00-05:00,0.6718999743461609,0.7009999752044678,0.650600016117096,0.6970000267028809,1479062,0.0,0.0
2024-01-30 10:30:00-05:00,0.6984999775886536,0.7200000286102295,0.6949999928474426,0.6953999996185303,609209,0.0,0.0
2024-01-30 11:30:00-05:00,0.6951500177383423,0.7250000238418579,0.6951500177383423,0.7106999754905701,348127,0.0,0.0
2024-01-30 12:30:00-05:00,0.7106999754905701,0.7167990207672119,0.6899999976158142,0.7081000208854675,226906,0.0,0.0
2024-01-30 13:30:00-05:00,0.7120000123977661,0.7250000238418579,0.7042999863624573,0.7200999855995178,131176,0.0,0.0
2024-01-30 14:30:00-05:00,0.7200999855995178,0.7300000190734863,0.7192000150680542,0.7246999740600586,245657,0.0,0.0
2024-01-30 15:30:00-05:00,0.7249000072479248,0.75,0.7246000170707703,0.75,565356,0.0,0.0
2024-01-31 09:30:00-05:00,0.7699999809265137,0.800000011920929,0.7401000261306763,0.800000011920929,1379110,0.0,0.0
2024-01-31 10:30:00-05:00,0.7975000143051147,0.8199999928474426,0.7908999919891357,0.800000011920929,924826,0.0,0.0
2024-01-31 11:30:00-05:00,0.800000011920929,0.8199999928474426,0.796999990940094,0.8197000026702881,539117,0.0,0.0
2024-01-31 12:30:00-05:00,0.8197000026702881,0.8500000238418579,0.8162999749183655,0.8403000235557556,797869,0.0,0.0
2024-01-31 13:30:00-05:00,0.8403000235557556,0.8500000238418579,0.7900000214576721,0.8137500286102295,1402403,0.0,0.0
2024-01-31 14:30:00-05:00,0.8123000264167786,0.833299994468689,0.7858999967575073,0.7922000288963318,637698,0.0,0.0
2024-01-31 15:30:00-05:00,0.7943999767303467,0.8047999739646912,0.7815999984741211,0.7942000031471252,318019,0.0,0.0
2024-02-01 09:30:00-05:00,0.800000011920929,0.8009999990463257,0.7300000190734863,0.7810999751091003,1100151,0.0,0.0
2024-02-01 10:30:00-05:00,0.7825999855995178,0.800000011920929,0.7310000061988831,0.7565000057220459,761535,0.0,0.0
2024-02-01 11:30:00-05:00,0.75,0.7768999934196472,0.7310000061988831,0.7763000130653381,276123,0.0,0.0
2024-02-01 12:30:00-05:00,0.7550100088119507,0.7763000130653381,0.7515000104904175,0.7626000046730042,189453,0.0,0.0
2024-02-01 13:30:00-05:00,0.7627000212669373,0.7799999713897705,0.7533000111579895,0.767799973487854,163228,0.0,0.0
2024-02-01 14:30:00-05:00,0.765999972820282,0.7940999865531921,0.7570000290870667,0.7936000227928162,189592,0.0,0.0
2024-02-01 15:30:00-05:00,0.7936000227928162,0.8125,0.7850000262260437,0.800000011920929,316061,0.0,0.0
2024-02-02 09:30:00-05:00,0.8230000138282776,0.824999988079071,0.800000011920929,0.8115000128746033,318442,0.0,0.0
2024-02-02 10:30:00-05:00,0.8057000041007996,0.8299999833106995,0.800000011920929,0.824999988079071,187973,0.0,0.0
2024-02-02 11:30:00-05:00,0.8248999714851379,0.8399999737739563,0.8100000023841858,0.8149999976158142,491256,0.0,0.0
2024-02-02 12:30:00-05:00,0.8199999928474426,0.829800009727478,0.8100000023841858,0.8152499794960022,106605,0.0,0.0
2024-02-02 13:30:00-05:00,0.8199999928474426,0.8295999765396118,0.8105000257492065,0.8248999714851379,214586,0.0,0.0
2024-02-02 14:30:00-05:00,0.8287000060081482,0.8399999737739563,0.8210999965667725,0.8370000123977661,213720,0.0,0.0
2024-02-02 15:30:00-05:00,0.8370000123977661,0.8500000238418579,0.833299994468689,0.8486999869346619,714116,0.0,0.0
2024-02-05 09:30:00-05:00,0.8500000238418579,0.8500000238418579,0.8109999895095825,0.8219000101089478,245904,0.0,0.0
2024-02-05 10:30:00-05:00,0.8219500184059143,0.8238999843597412,0.7942000031471252,0.8237000107765198,316625,0.0,0.0
2024-02-05 11:30:00-05:00,0.8236989974975586,0.8417999744415283,0.8236989974975586,0.8281000256538391,67569,0.0,0.0
2024-02-05 12:30:00-05:00,0.8281000256538391,0.8393999934196472,0.8245999813079834,0.830299973487854,63824,0.0,0.0
2024-02-05 13:30:00-05:00,0.834850013256073,0.8393999934196472,0.8216999769210815,0.8278999924659729,75611,0.0,0.0
2024-02-05 14:30:00-05:00,0.8278999924659729,0.8500000238418579,0.824999988079071,0.8398000001907349,292726,0.0,0.0
2024-02-05 15:30:00-05:00,0.8427500128746033,0.8600000143051147,0.8339999914169312,0.8600000143051147,449592,0.0,0.0
2024-02-06 09:30:00-05:00,0.8495000004768372,0.8500000238418579,0.8241999745368958,0.8500000238418579,128878,0.0,0.0
2024-02-06 10:30:00-05:00,0.8400999903678894,0.8500000238418579,0.7709000110626221,0.8062999844551086,452530,0.0,0.0
2024-02-06 11:30:00-05:00,0.8098999857902527,0.8222000002861023,0.8051000237464905,0.8180999755859375,138173,0.0,0.0
2024-02-06 12:30:00-05:00,0.8180999755859375,0.8299999833106995,0.8105999827384949,0.8201500177383423,153112,0.0,0.0
2024-02-06 13:30:00-05:00,0.8202000260353088,0.8299999833106995,0.8201500177383423,0.8274999856948853,63947,0.0,0.0
2024-02-06 14:30:00-05:00,0.8299999833106995,0.8399999737739563,0.824999988079071,0.8356000185012817,176462,0.0,0.0
2024-02-06 15:30:00-05:00,0.8356000185012817,0.8819000124931335,0.8356000185012817,0.8809499740600586,545473,0.0,0.0
2024-02-07 09:30:00-05:00,0.8719000220298767,0.9200000166893005,0.8500000238418579,0.9049999713897705,1145358,0.0,0.0
2024-02-07 10:30:00-05:00,0.9063000082969666,1.0,0.9020000100135803,0.9576500058174133,7243236,0.0,0.0
2024-02-07 11:30:00-05:00,0.9575999975204468,0.9800000190734863,0.9291999936103821,0.9800000190734863,1926734,0.0,0.0
2024-02-07 12:30:00-05:00,0.9800000190734863,0.9800000190734863,0.9222000241279602,0.9433000087738037,783097,0.0,0.0
2024-02-07 13:30:00-05:00,0.9300000071525574,0.9366499781608582,0.8720999956130981,0.9013000130653381,312611,0.0,0.0
2024-02-07 14:30:00-05:00,0.9013500213623047,0.9301000237464905,0.8999999761581421,0.9301000237464905,144644,0.0,0.0
2024-02-07 15:30:00-05:00,0.9275500178337097,0.9301000237464905,0.9010000228881836,0.9039999842643738,260021,0.0,0.0
2024-02-08 09:30:00-05:00,0.8799999952316284,0.9200000166893005,0.8700000047683716,0.9150000214576721,184446,0.0,0.0
2024-02-08 10:30:00-05:00,0.9100000262260437,0.9200000166893005,0.8899999856948853,0.894599974155426,92188,0.0,0.0
2024-02-08 11:30:00-05:00,0.8912000060081482,0.8999999761581421,0.8009999990463257,0.8500000238418579,602947,0.0,0.0
2024-02-08 12:30:00-05:00,0.8500000238418579,0.8500999808311462,0.8199999928474426,0.8303009867668152,305363,0.0,0.0
2024-02-08 13:30:00-05:00,0.8355000019073486,0.8650000095367432,0.830299973487854,0.8500750064849854,273315,0.0,0.0
2024-02-08 14:30:00-05:00,0.8500000238418579,0.8650000095367432,0.8400999903678894,0.8519999980926514,248428,0.0,0.0
2024-02-08 15:30:00-05:00,0.8519999980926514,0.8700000047683716,0.8400999903678894,0.862500011920929,326648,0.0,0.0
2024-02-09 09:30:00-05:00,0.8700000047683716,0.8948000073432922,0.8399999737739563,0.8400499820709229,250486,0.0,0.0
2024-02-09 10:30:00-05:00,0.8400999903678894,0.8431000113487244,0.8100000023841858,0.8299999833106995,279542,0.0,0.0
2024-02-09 11:30:00-05:00,0.830049991607666,0.838100016117096,0.8170999884605408,0.824999988079071,265303,0.0,0.0
2024-02-09 12:30:00-05:00,0.824999988079071,0.8299999833106995,0.8199999928474426,0.8250499963760376,242098,0.0,0.0
2024-02-09 13:30:00-05:00,0.8299999833106995,0.8349999785423279,0.8162000179290771,0.8162000179290771,168090,0.0,0.0
2024-02-09 14:30:00-05:00,0.8124759793281555,0.8246999979019165,0.7799999713897705,0.8199999928474426,466629,0.0,0.0
2024-02-09 15:30:00-05:00,0.8199999928474426,0.9160000085830688,0.8111000061035156,0.9100000262260437,648742,0.0,0.0
2024-02-12 09:30:00-05:00,0.944599986076355,0.9449999928474426,0.8500000238418579,0.8600000143051147,295322,0.0,0.0
2024-02-12 10:30:00-05:00,0.8600000143051147,0.8689000010490417,0.8282999992370605,0.8399999737739563,215596,0.0,0.0
2024-02-12 11:30:00-05:00,0.8399999737739563,0.8496999740600586,0.8399999737739563,0.8399999737739563,169653,0.0,0.0
2024-02-12 12:30:00-05:00,0.8399999737739563,0.843500018119812,0.8299999833106995,0.8299999833106995,126789,0.0,0.0
2024-02-12 13:30:00-05:00,0.8299999833106995,0.8349999785423279,0.8199999928474426,0.8206999897956848,96870,0.0,0.0
2024-02-12 14:30:00-05:00,0.8206999897956848,0.8299000263214111,0.8133999705314636,0.8166000247001648,168992,0.0,0.0
2024-02-12 15:30:00-05:00,0.8166000247001648,0.839900016784668,0.8151000142097473,0.8324999809265137,568585,0.0,0.0
2024-02-13 09:30:00-05:00,0.8199999928474426,0.828000009059906,0.8004999756813049,0.8198999762535095,176223,0.0,0.0
2024-02-13 10:30:00-05:00,0.8101999759674072,0.8198999762535095,0.8057000041007996,0.8153499960899353,296669,0.0,0.0
2024-02-13 11:30:00-05:00,0.8153499960899353,0.8203999996185303,0.8001000285148621,0.8066499829292297,338359,0.0,0.0
2024-02-13 12:30:00-05:00,0.8030999898910522,0.8058000206947327,0.7803000211715698,0.8044000267982483,85551,0.0,0.0
2024-02-13 13:30:00-05:00,0.8044000267982483,0.8058000206947327,0.7950000166893005,0.8004000186920166,42614,0.0,0.0
2024-02-13 14:30:00-05:00,0.8004000186920166,0.8037999868392944,0.7930999994277954,0.800000011920929,81671,0.0,0.0
2024-02-13 15:30:00-05:00,0.800000011920929,0.8118000030517578,0.7975000143051147,0.8047999739646912,599559,0.0,0.0
2024-02-14 09:30:00-05:00,0.8220000267028809,0.839900016784668,0.7178000211715698,0.7666000127792358,431795,0.0,0.0
2024-02-14 10:30:00-05:00,0.7645000219345093,0.7699999809265137,0.757099986076355,0.7601990103721619,124082,0.0,0.0
2024-02-14 11:30:00-05:00,0.7610999941825867,0.7699999809265137,0.7599999904632568,0.7648000121116638,95730,0.0,0.0
2024-02-14 12:30:00-05:00,0.7648000121116638,0.7789000272750854,0.7617999911308289,0.76419997215271,59179,0.0,0.0
2024-02-14 13:30:00-05:00,0.7653999924659729,0.7692000269889832,0.7627000212669373,0.7639999985694885,125926,0.0,0.0
2024-02-14 14:30:00-05:00,0.7644000053405762,0.8197000026702881,0.7616000175476074,0.8100000023841858,257800,0.0,0.0
2024-02-14 15:30:00-05:00,0.8100000023841858,0.8424000144004822,0.8100000023841858,0.8348000049591064,330699,0.0,0.0
2024-02-15 09:30:00-05:00,0.8453999757766724,0.8453999757766724,0.8278999924659729,0.8327000141143799,132867,0.0,0.0
2024-02-15 10:30:00-05:00,0.8353000283241272,0.8500000238418579,0.8300999999046326,0.8300999999046326,66258,0.0,0.0
2024-02-15 11:30:00-05:00,0.833899974822998,0.8399999737739563,0.8302000164985657,0.835099995136261,20362,0.0,0.0
2024-02-15 12:30:00-05:00,0.8396000266075134,0.8396000266075134,0.8360000252723694,0.8371000289916992,25542,0.0,0.0
2024-02-15 13:30:00-05:00,0.8371999859809875,0.8402000069618225,0.835099995136261,0.8360000252723694,51455,0.0,0.0
2024-02-15 14:30:00-05:00,0.8339999914169312,0.875,0.833899974822998,0.8540999889373779,185783,0.0,0.0
2024-02-15 15:30:00-05:00,0.8540999889373779,0.8777999877929688,0.8432999849319458,0.859000027179718,190402,0.0,0.0
2024-02-16 09:30:00-05:00,0.8600000143051147,0.8600000143051147,0.8050000071525574,0.8299999833106995,106693,0.0,0.0
2024-02-16 10:30:00-05:00,0.8349999785423279,0.8399999737739563,0.8105000257492065,0.8201000094413757,81673,0.0,0.0
2024-02-16 11:30:00-05:00,0.8199999928474426,0.8500000238418579,0.8199999928474426,0.8199999928474426,132329,0.0,0.0
2024-02-16 12:30:00-05:00,0.824999988079071,0.8600000143051147,0.8104000091552734,0.8199999928474426,173439,0.0,0.0
2024-02-16 13:30:00-05:00,0.8199999928474426,0.8550000190734863,0.8159000277519226,0.8500000238418579,59260,0.0,0.0
2024-02-16 14:30:00-05:00,0.8500000238418579,0.8709999918937683,0.8299999833106995,0.8500000238418579,219940,0.0,0.0
2024-02-16 15:30:00-05:00,0.854200005531311,0.8809999823570251,0.8500000238418579,0.8776999711990356,315674,0.0,0.0
2024-02-20 09:30:00-05:00,0.8819000124931335,0.9193990230560303,0.8600000143051147,0.9033499956130981,306711,0.0,0.0
2024-02-20 10:30:00-05:00,0.9033499956130981,0.9200000166893005,0.8672000169754028,0.8974999785423279,220029,0.0,0.0
2024-02-20 11:30:00-05:00,0.904699981212616,0.9197999835014343,0.8899999856948853,0.9135500192642212,79201,0.0,0.0
2024-02-20 12:30:00-05:00,0.9135500192642212,0.9200000166893005,0.9003000259399414,0.9082000255584717,133031,0.0,0.0
2024-02-20 13:30:00-05:00,0.9079999923706055,0.925000011920929,0.8962010145187378,0.9099000096321106,304364,0.0,0.0
2024-02-20 14:30:00-05:00,0.9100000262260437,0.9200000166893005,0.8988100290298462,0.9041000008583069,133592,0.0,0.0
2024-02-20 15:30:00-05:00,0.9089499711990356,0.9139999747276306,0.8916000127792358,0.9100000262260437,368304,0.0,0.0
2024-02-21 09:30:00-05:00,0.8899999856948853,0.9399999976158142,0.8849999904632568,0.9398999810218811,186610,0.0,0.0
2024-02-21 10:30:00-05:00,0.9395999908447266,0.9426000118255615,0.9041000008583069,0.9071999788284302,220376,0.0,0.0
2024-02-21 11:30:00-05:00,0.9093000292778015,0.9387999773025513,0.9000999927520752,0.9200000166893005,89512,0.0,0.0
2024-02-21 12:30:00-05:00,0.9133999943733215,0.9399999976158142,0.9099000096321106,0.9300000071525574,91580,0.0,0.0
2024-02-21 13:30:00-05:00,0.9300000071525574,0.9495000243186951,0.9204000234603882,0.9495000243186951,278291,0.0,0.0
2024-02-21 14:30:00-05:00,0.9495000243186951,0.949999988079071,0.901199996471405,0.9272000193595886,322476,0.0,0.0
2024-02-21 15:30:00-05:00,0.9273999929428101,0.9273999929428101,0.9000999927520752,0.927299976348877,286831,0.0,0.0
2024-02-22 09:30:00-05:00,0.9312000274658203,0.9399999976158142,0.8510000109672546,0.8777999877929688,391381,0.0,0.0
2024-02-22 10:30:00-05:00,0.8748999834060669,0.9003999829292297,0.8748999834060669,0.8930500149726868,54983,0.0,0.0
2024-02-22 11:30:00-05:00,0.8955000042915344,0.9084500074386597,0.8906000256538391,0.9084500074386597,157372,0.0,0.0
2024-02-22 12:30:00-05:00,0.9084500074386597,0.9300000071525574,0.9084500074386597,0.9226999878883362,79022,0.0,0.0
2024-02-22 13:30:00-05:00,0.9226999878883362,0.9248999953269958,0.9204999804496765,0.9248999953269958,100836,0.0,0.0
2024-02-22 14:30:00-05:00,0.9248999953269958,0.9495999813079834,0.9200000166893005,0.9399999976158142,218690,0.0,0.0
2024-02-22 15:30:00-05:00,0.9351000189781189,0.9520000219345093,0.9301999807357788,0.9495999813079834,526177,0.0,0.0
2024-02-23 09:30:00-05:00,0.9399999976158142,0.9440000057220459,0.9100000262260437,0.9301000237464905,64199,0.0,0.0
2024-02-23 10:30:00-05:00,0.9419999718666077,0.949999988079071,0.9300000071525574,0.9498000144958496,166285,0.0,0.0
2024-02-23 11:30:00-05:00,0.9498000144958496,0.949999988079071,0.9251999855041504,0.9498000144958496,113186,0.0,0.0
2024-02-23 12:30:00-05:00,0.9498000144958496,0.949999988079071,0.9275000095367432,0.9491000175476074,296362,0.0,0.0
2024-02-23 13:30:00-05:00,0.949999988079071,0.949999988079071,0.9204000234603882,0.9449999928474426,84132,0.0,0.0
2024-02-23 14:30:00-05:00,0.9449999928474426,0.9449999928474426,0.9129999876022339,0.9129999876022339,76395,0.0,0.0
2024-02-23 15:30:00-05:00,0.919700026512146,0.9599999785423279,0.9023000001907349,0.9399999976158142,308279,0.0,0.0
2024-02-26 09:30:00-05:00,0.9552000164985657,0.9714000225067139,0.9355999827384949,0.9596499800682068,278178,0.0,0.0
2024-02-26 10:30:00-05:00,0.9596999883651733,0.97079998254776,0.949999988079071,0.9591000080108643,173948,0.0,0.0
2024-02-26 11:30:00-05:00,0.9599999785423279,0.9603999853134155,0.949999988079071,0.960099995136261,64428,0.0,0.0
2024-02-26 12:30:00-05:00,0.9559500217437744,0.9641000032424927,0.9316999912261963,0.9319999814033508,74985,0.0,0.0
2024-02-26 13:30:00-05:00,0.9300000071525574,0.9363999962806702,0.9125999808311462,0.9125999808311462,81670,0.0,0.0
2024-02-26 14:30:00-05:00,0.9125999808311462,0.9300000071525574,0.9027000069618225,0.9290000200271606,227119,0.0,0.0
2024-02-26 15:30:00-05:00,0.9284999966621399,0.9290000200271606,0.897599995136261,0.8999999761581421,288537,0.0,0.0
2024-02-27 09:30:00-05:00,0.9085000157356262,0.9498000144958496,0.8999999761581421,0.9409999847412109,252484,0.0,0.0
2024-02-27 10:30:00-05:00,0.9419999718666077,0.9465000033378601,0.9298999905586243,0.9298999905586243,75848,0.0,0.0
2024-02-27 11:30:00-05:00,0.9298999905586243,0.9300000071525574,0.9100000262260437,0.9193999767303467,136652,0.0,0.0
2024-02-27 12:30:00-05:00,0.9150000214576721,0.9246000051498413,0.8956999778747559,0.9061999917030334,53412,0.0,0.0
2024-02-27 13:30:00-05:00,0.9024999737739563,0.9057000279426575,0.8799999952316284,0.9028000235557556,110831,0.0,0.0
2024-02-27 14:30:00-05:00,0.9028000235557556,0.9100000262260437,0.8801000118255615,0.8924000263214111,57440,0.0,0.0
2024-02-27 15:30:00-05:00,0.892300009727478,0.9010000228881836,0.8805000185966492,0.8949999809265137,155314,0.0,0.0
2024-02-28 09:30:00-05:00,0.9200000166893005,0.9200000166893005,0.8949999809265137,0.902999997138977,151960,0.0,0.0
2024-02-28 10:30:00-05:00,0.9097999930381775,0.9100000262260437,0.8960999846458435,0.8989999890327454,205972,0.0,0.0
2024-02-28 11:30:00-05:00,0.8989999890327454,0.9049999713897705,0.8700000047683716,0.8799999952316284,630071,0.0,0.0
2024-02-28 12:30:00-05:00,0.8701000213623047,0.9007999897003174,0.8510000109672546,0.8783000111579895,108285,0.0,0.0
2024-02-28 13:30:00-05:00,0.8784000277519226,0.8999999761581421,0.8513000011444092,0.8754500150680542,131811,0.0,0.0
2024-02-28 14:30:00-05:00,0.8755000233650208,0.8999999761581421,0.8730000257492065,0.8894500136375427,142596,0.0,0.0
2024-02-28 15:30:00-05:00,0.8799999952316284,0.8999999761581421,0.8799999952316284,0.8999999761581421,120890,0.0,0.0
2024-02-29 09:30:00-05:00,0.8955000042915344,0.9099000096321106,0.8899999856948853,0.8949999809265137,363217,0.0,0.0
2024-02-29 10:30:00-05:00,0.8991000056266785,0.902999997138977,0.8700000047683716,0.878000020980835,59039,0.0,0.0
2024-02-29 11:30:00-05:00,0.878000020980835,0.8999999761581421,0.878000020980835,0.896399974822998,359978,0.0,0.0
2024-02-29 12:30:00-05:00,0.896399974822998,0.8985000252723694,0.8880000114440918,0.8985000252723694,55827,0.0,0.0
2024-02-29 13:30:00-05:00,0.8952999711036682,0.8985000252723694,0.8920000195503235,0.896399974822998,228547,0.0,0.0
2024-02-29 14:30:00-05:00,0.896399974822998,0.9000999927520752,0.8920000195503235,0.8933500051498413,951023,0.0,0.0
2024-02-29 15:30:00-05:00,0.8920999765396118,0.8999999761581421,0.8885999917984009,0.8942000269889832,122720,0.0,0.0
2024-03-01 09:30:00-05:00,0.8899999856948853,0.9100000262260437,0.8830000162124634,0.8934000134468079,558123,0.0,0.0
2024-03-01 10:30:00-05:00,0.8988000154495239,0.9049999713897705,0.8925999999046326,0.8927000164985657,45915,0.0,0.0
2024-03-01 11:30:00-05:00,0.8996000289916992,0.9035999774932861,0.8901000022888184,0.8927000164985657,177259,0.0,0.0
2024-03-01 12:30:00-05:00,0.8927000164985657,0.8999999761581421,0.8927000164985657,0.896399974822998,67878,0.0,0.0
2024-03-01 13:30:00-05:00,0.8995000123977661,0.942799985408783,0.8932999968528748,0.9232000112533569,275660,0.0,0.0
2024-03-01 14:30:00-05:00,0.9282490015029907,0.9399999976158142,0.92330002784729,0.9348999857902527,163864,0.0,0.0
2024-03-01 15:30:00-05:00,0.9383999705314636,0.9431999921798706,0.9314000010490417,0.9390000104904175,432606,0.0,0.0
2024-03-04 09:30:00-05:00,0.9800000190734863,1.059999942779541,0.9431999921798706,1.0399999618530273,2469676,0.0,0.0
2024-03-04 10:30:00-05:00,1.0399999618530273,1.0499999523162842,0.9603999853134155,1.0476000308990479,1675167,0.0,0.0
2024-03-04 11:30:00-05:00,1.0399999618530273,1.0499999523162842,1.0,1.024999976158142,533163,0.0,0.0
2024-03-04 12:30:00-05:00,1.024999976158142,1.024999976158142,0.970300018787384,0.9998999834060669,1473852,0.0,0.0
2024-03-04 13:30:00-05:00,0.9998999834060669,1.0299999713897705,0.9982500076293945,1.0299999713897705,1144552,0.0,0.0
2024-03-04 14:30:00-05:00,1.0099999904632568,1.059999942779541,1.0099999904632568,1.059999942779541,2353218,0.0,0.0
2024-03-04 15:30:00-05:00,1.059999942779541,1.059999942779541,1.0399999618530273,1.0499999523162842,1176925,0.0,0.0
2024-03-05 09:30:00-05:00,1.0499999523162842,1.100000023841858,1.0099999904632568,1.0499999523162842,915930,0.0,0.0
2024-03-05 10:30:00-05:00,1.0449999570846558,1.0700000524520874,1.0199999809265137,1.0499999523162842,278612,0.0,0.0
2024-03-05 11:30:00-05:00,1.0499999523162842,1.0800000429153442,1.0399999618530273,1.0750000476837158,226065,0.0,0.0
2024-03-05 12:30:00-05:00,1.0750000476837158,1.0800000429153442,1.0299999713897705,1.032099962234497,324112,0.0,0.0
2024-03-05 13:30:00-05:00,1.0399999618530273,1.0499999523162842,1.0199999809265137,1.0299999713897705,138365,0.0,0.0
2024-03-05 14:30:00-05:00,1.0299999713897705,1.0299999713897705,1.0199999809265137,1.0299999713897705,204529,0.0,0.0
2024-03-05 15:30:00-05:00,1.024999976158142,1.0299999713897705,0.9901000261306763,1.0,649698,0.0,0.0
2024-03-06 09:30:00-05:00,1.0099999904632568,1.0499999523162842,0.9961000084877014,1.0199999809265137,250124,0.0,0.0
2024-03-06 10:30:00-05:00,1.0199999809265137,1.0700000524520874,1.0099999904632568,1.0199999809265137,292909,0.0,0.0
2024-03-06 11:30:00-05:00,1.0199999809265137,1.059999942779541,1.0099999904632568,1.0399999618530273,124000,0.0,0.0
2024-03-06 12:30:00-05:00,1.034999966621399,1.059999942779541,1.0299999713897705,1.0399999618530273,202937,0.0,0.0
2024-03-06 13:30:00-05:00,1.0399999618530273,1.0499999523162842,1.0199999809265137,1.034999966621399,145045,0.0,0.0
2024-03-06 14:30:00-05:00,1.034999966621399,1.034999966621399,1.0099999904632568,1.0149999856948853,228416,0.0,0.0
2024-03-06 15:30:00-05:00,1.0199999809265137,1.0299999713897705,1.0,1.0199999809265137,445249,0.0,0.0
2024-03-07 09:30:00-05:00,1.0399999618530273,1.0499999523162842,1.0199999809265137,1.0499999523162842,354323,0.0,0.0
2024-03-07 10:30:00-05:00,1.0449999570846558,1.059999942779541,1.0399999618530273,1.0410000085830688,403643,0.0,0.0
2024-03-07 11:30:00-05:00,1.0499999523162842,1.0499999523162842,1.034999966621399,1.0499999523162842,138088,0.0,0.0
2024-03-07 12:30:00-05:00,1.0499999523162842,1.059999942779541,1.0399999618530273,1.0499999523162842,165187,0.0,0.0
2024-03-07 13:30:00-05:00,1.0499999523162842,1.0499999523162842,1.0299999713897705,1.0399999618530273,187390,0.0,0.0
2024-03-07 14:30:00-05:00,1.0399999618530273,1.0499999523162842,1.0299999713897705,1.0499999523162842,156814,0.0,0.0
2024-03-07 15:30:00-05:00,1.0499999523162842,1.059999942779541,1.0399999618530273,1.0499999523162842,305099,0.0,0.0
2024-03-08 09:30:00-05:00,1.0499999523162842,1.090000033378601,1.0499999523162842,1.0850000381469727,444556,0.0,0.0
2024-03-08 10:30:00-05:00,1.0800000429153442,1.1200000047683716,1.0700000524520874,1.100000023841858,828469,0.0,0.0
2024-03-08 11:30:00-05:00,1.100000023841858,1.149999976158142,1.100000023841858,1.1349999904632568,839264,0.0,0.0
2024-03-08 12:30:00-05:00,1.1349999904632568,1.1699999570846558,1.1200000047683716,1.1349999904632568,708225,0.0,0.0
2024-03-08 13:30:00-05:00,1.1349999904632568,1.159999966621399,1.1200000047683716,1.1399999856948853,542916,0.0,0.0
2024-03-08 14:30:00-05:00,1.149999976158142,1.190000057220459,1.1399999856948853,1.184999942779541,741178,0.0,0.0
2024-03-08 15:30:00-05:00,1.184999942779541,1.190000057220459,1.1349999904632568,1.1649999618530273,722235,0.0,0.0
2024-03-11 09:30:00-04:00,1.2000000476837158,1.2100000381469727,1.1699999570846558,1.1950000524520874,655368,0.0,0.0
2024-03-11 10:30:00-04:00,1.2000000476837158,1.2300000190734863,1.1799999475479126,1.2050000429153442,1041920,0.0,0.0
2024-03-11 11:30:00-04:00,1.2050000429153442,1.2100000381469727,1.1699999570846558,1.184999942779541,440038,0.0,0.0
2024-03-11 12:30:00-04:00,1.184999942779541,1.190000057220459,1.1699999570846558,1.184999942779541,394388,0.0,0.0
2024-03-11 13:30:00-04:00,1.190000057220459,1.2000000476837158,1.1299999952316284,1.159999966621399,382250,0.0,0.0
2024-03-11 14:30:00-04:00,1.1549999713897705,1.159999966621399,1.1299999952316284,1.1349999904632568,376962,0.0,0.0
2024-03-11 15:30:00-04:00,1.1349999904632568,1.1699999570846558,1.1299999952316284,1.1399999856948853,719880,0.0,0.0
2024-03-12 09:30:00-04:00,1.1399999856948853,1.1699999570846558,1.100000023841858,1.1399999856948853,277345,0.0,0.0
2024-03-12 10:30:00-04:00,1.1398999691009521,1.149999976158142,1.1349999904632568,1.1449999809265137,318203,0.0,0.0
2024-03-12 11:30:00-04:00,1.1483999490737915,1.1699999570846558,1.1399999856948853,1.159999966621399,215232,0.0,0.0
2024-03-12 12:30:00-04:00,1.1649999618530273,1.1649999618530273,1.1399999856948853,1.149999976158142,268656,0.0,0.0
2024-03-12 13:30:00-04:00,1.149999976158142,1.1799999475479126,1.1399999856948853,1.1749999523162842,262052,0.0,0.0
2024-03-12 14:30:00-04:00,1.1699999570846558,1.1799999475479126,1.149999976158142,1.159999966621399,219814,0.0,0.0
2024-03-12 15:30:00-04:00,1.1649999618530273,1.1799999475479126,1.1399999856948853,1.149999976158142,408726,0.0,0.0
2024-03-13 09:30:00-04:00,1.149999976158142,1.1649999618530273,1.0800000429153442,1.1050000190734863,447897,0.0,0.0
2024-03-13 10:30:00-04:00,1.1050000190734863,1.1200000047683716,1.0800000429153442,1.100000023841858,392352,0.0,0.0
2024-03-13 11:30:00-04:00,1.1050000190734863,1.1100000143051147,1.0399999618530273,1.1100000143051147,394744,0.0,0.0
2024-03-13 12:30:00-04:00,1.1050000190734863,1.1100000143051147,1.0700000524520874,1.090000033378601,217636,0.0,0.0
2024-03-13 13:30:00-04:00,1.0950000286102295,1.100000023841858,1.0800000429153442,1.090000033378601,159757,0.0,0.0
2024-03-13 14:30:00-04:00,1.090000033378601,1.1299999952316284,1.0800000429153442,1.0950000286102295,368529,0.0,0.0
2024-03-13 15:30:00-04:00,1.0993000268936157,1.1200000047683716,1.0800000429153442,1.1200000047683716,768411,0.0,0.0
2024-03-14 09:30:00-04:00,1.1399999856948853,1.149999976158142,1.090000033378601,1.0950000286102295,277858,0.0,0.0
2024-03-14 10:30:00-04:00,1.100000023841858,1.122499942779541,1.0399999618530273,1.0549999475479126,240941,0.0,0.0
2024-03-14 11:30:00-04:00,1.0549999475479126,1.100000023841858,1.0500999689102173,1.0850000381469727,90013,0.0,0.0
2024-03-14 12:30:00-04:00,1.0850000381469727,1.090000033378601,1.059999942779541,1.059999942779541,98915,0.0,0.0
2024-03-14 13:30:00-04:00,1.059999942779541,1.0700000524520874,1.0399999618530273,1.0605000257492065,223332,0.0,0.0
2024-03-14 14:30:00-04:00,1.0700000524520874,1.0700000524520874,1.0399999618530273,1.059999942779541,241178,0.0,0.0
2024-03-14 15:30:00-04:00,1.0549999475479126,1.0700000524520874,1.0399999618530273,1.0499999523162842,325451,0.0,0.0
2024-03-15 09:30:00-04:00,1.0499999523162842,1.100000023841858,1.0399999618530273,1.0449999570846558,344188,0.0,0.0
2024-03-15 10:30:00-04:00,1.0499999523162842,1.059999942779541,1.0399999618530273,1.0499999523162842,215397,0.0,0.0
2024-03-15 11:30:00-04:00,1.0499999523162842,1.0700000524520874,1.0299999713897705,1.0399999618530273,250078,0.0,0.0
2024-03-15 12:30:00-04:00,1.034999966621399,1.0499999523162842,1.034999966621399,1.0499999523162842,148873,0.0,0.0
2024-03-15 13:30:00-04:00,1.0449999570846558,1.0499999523162842,1.0,1.0,734679,0.0,0.0
2024-03-15 14:30:00-04:00,1.0,1.0800000429153442,1.0,1.0299999713897705,693540,0.0,0.0
2024-03-15 15:30:00-04:00,1.0299999713897705,1.0800000429153442,1.0199999809265137,1.0399999618530273,1044966,0.0,0.0
2024-03-18 09:30:00-04:00,1.090000033378601,1.1100000143051147,1.0,1.034999966621399,622675,0.0,0.0
2024-03-18 10:30:00-04:00,1.030500054359436,1.059999942779541,1.0199999809265137,1.024999976158142,229375,0.0,0.0
2024-03-18 11:30:00-04:00,1.0299999713897705,1.0399999618530273,1.0099999904632568,1.0149999856948853,212607,0.0,0.0
2024-03-18 12:30:00-04:00,1.0149999856948853,1.0199999809265137,1.0,1.0049999952316284,136386,0.0,0.0
2024-03-18 13:30:00-04:00,1.0099999904632568,1.0099999904632568,0.9900000095367432,0.9952999949455261,230604,0.0,0.0
2024-03-18 14:30:00-04:00,0.9953500032424927,1.0099999904632568,0.9714999794960022,0.9947500228881836,264181,0.0,0.0
2024-03-18 15:30:00-04:00,0.9957000017166138,1.0099999904632568,0.9800000190734863,0.9822999835014343,190334,0.0,0.0
2024-03-19 09:30:00-04:00,1.149999976158142,1.2000000476837158,1.090000033378601,1.1100000143051147,3642185,0.0,0.0
2024-03-19 10:30:00-04:00,1.1193000078201294,1.1200000047683716,1.0499999523162842,1.1050000190734863,1771268,0.0,0.0
2024-03-19 11:30:00-04:00,1.100100040435791,1.1749999523162842,1.100000023841858,1.1699999570846558,1150133,0.0,0.0
2024-03-19 12:30:00-04:00,1.1699999570846558,1.2100000381469727,1.1648999452590942,1.1950000524520874,1708927,0.0,0.0
2024-03-19 13:30:00-04:00,1.2000000476837158,1.2000000476837158,1.1699999570846558,1.1813000440597534,569008,0.0,0.0
2024-03-19 14:30:00-04:00,1.1799999475479126,1.190000057220459,1.1100000143051147,1.1299999952316284,919126,0.0,0.0
2024-03-19 15:30:00-04:00,1.1399999856948853,1.1399999856948853,1.0700000524520874,1.1050000190734863,837660,0.0,0.0
2024-03-20 09:30:00-04:00,1.1799999475479126,1.1799999475479126,1.0800000429153442,1.1150000095367432,570630,0.0,0.0
2024-03-20 10:30:00-04:00,1.1150000095367432,1.159999966621399,1.1100000143051147,1.159999966621399,144104,0.0,0.0
2024-03-20 11:30:00-04:00,1.159999966621399,1.190000057220459,1.1549999713897705,1.1749999523162842,266425,0.0,0.0
2024-03-20 12:30:00-04:00,1.1749999523162842,1.1799999475479126,1.1699999570846558,1.1799999475479126,154103,0.0,0.0
2024-03-20 13:30:00-04:00,1.1799999475479126,1.2000000476837158,1.1603000164031982,1.190000057220459,298801,0.0,0.0
2024-03-20 14:30:00-04:00,1.184000015258789,1.2000000476837158,1.1799999475479126,1.2000000476837158,581435,0.0,0.0
2024-03-20 15:30:00-04:00,1.1950000524520874,1.2000000476837158,1.190000057220459,1.2000000476837158,484390,0.0,0.0
2024-03-21 09:30:00-04:00,1.2200000286102295,1.2300000190734863,1.190000057220459,1.2106000185012817,439835,0.0,0.0
2024-03-21 10:30:00-04:00,1.2200000286102295,1.2400000095367432,1.2000000476837158,1.2400000095367432,555314,0.0,0.0
2024-03-21 11:30:00-04:00,1.2350000143051147,1.2899999618530273,1.2350000143051147,1.2899999618530273,1212982,0.0,0.0
2024-03-21 12:30:00-04:00,1.2899999618530273,1.3600000143051147,1.2799999713897705,1.350000023841858,2090746,0.0,0.0
2024-03-21 13:30:00-04:00,1.3450000286102295,1.3600000143051147,1.3200000524520874,1.358299970626831,963164,0.0,0.0
2024-03-21 14:30:00-04:00,1.350000023841858,1.3600000143051147,1.3200000524520874,1.340000033378601,822936,0.0,0.0
2024-03-21 15:30:00-04:00,1.340000033378601,1.350000023841858,1.3200000524520874,1.3200000524520874,975400,0.0,0.0
2024-03-22 09:30:00-04:00,1.3200000524520874,1.3200000524520874,1.25,1.277400016784668,677212,0.0,0.0
2024-03-22 10:30:00-04:00,1.2799999713897705,1.2899999618530273,1.2699999809265137,1.2799999713897705,307134,0.0,0.0
2024-03-22 11:30:00-04:00,1.2799999713897705,1.2899999618530273,1.2699999809265137,1.2799999713897705,179183,0.0,0.0
2024-03-22 12:30:00-04:00,1.284999966621399,1.2899999618530273,1.2699999809265137,1.274999976158142,179917,0.0,0.0
2024-03-22 13:30:00-04:00,1.2799999713897705,1.2899999618530273,1.2699999809265137,1.2799999713897705,225676,0.0,0.0
2024-03-22 14:30:00-04:00,1.2799999713897705,1.2899999618530273,1.2699999809265137,1.274999976158142,106484,0.0,0.0
2024-03-22 15:30:00-04:00,1.2799999713897705,1.2799999713897705,1.25,1.2599999904632568,539655,0.0,0.0
2024-03-25 09:30:00-04:00,1.2899999618530273,1.2949999570846558,1.2200000286102295,1.2400000095367432,491094,0.0,0.0
2024-03-25 10:30:00-04:00,1.2350000143051147,1.2599999904632568,1.2309000492095947,1.25,181557,0.0,0.0
2024-03-25 11:30:00-04:00,1.25,1.25,1.2400000095367432,1.25,78790,0.0,0.0
2024-03-25 12:30:00-04:00,1.25,1.25,1.2400000095367432,1.25,143370,0.0,0.0
2024-03-25 13:30:00-04:00,1.25,1.25,1.2300000190734863,1.2350000143051147,156464,0.0,0.0
2024-03-25 14:30:00-04:00,1.2350000143051147,1.2599999904632568,1.2315000295639038,1.2575000524520874,249111,0.0,0.0
2024-03-25 15:30:00-04:00,1.2549999952316284,1.2599999904632568,1.2400000095367432,1.25,451253,0.0,0.0
2024-03-26 09:30:00-04:00,1.2599999904632568,1.279099941253662,1.2300000190734863,1.2300000190734863,632311,0.0,0.0
2024-03-26 10:30:00-04:00,1.2307000160217285,1.25,1.225000023841858,1.2350000143051147,255801,0.0,0.0
2024-03-26 11:30:00-04:00,1.2350000143051147,1.25,1.2300000190734863,1.25,109889,0.0,0.0
2024-03-26 12:30:00-04:00,1.2450000047683716,1.2599999904632568,1.2300000190734863,1.2400000095367432,235768,0.0,0.0
2024-03-26 13:30:00-04:00,1.2350000143051147,1.25,1.2300000190734863,1.25,146010,0.0,0.0
2024-03-26 14:30:00-04:00,1.2450000047683716,1.2699999809265137,1.2300000190734863,1.23989999294281,280542,0.0,0.0
2024-03-26 15:30:00-04:00,1.2350000143051147,1.25,1.2300000190734863,1.25,285424,0.0,0.0
2024-03-27 09:30:00-04:00,1.25,1.267199993133545,1.2000000476837158,1.215000033378601,374480,0.0,0.0
2024-03-27 10:30:00-04:00,1.215000033378601,1.2300000190734863,1.2101000547409058,1.225000023841858,173509,0.0,0.0
2024-03-27 11:30:00-04:00,1.2300000190734863,1.2300000190734863,1.2200000286102295,1.225000023841858,95219,0.0,0.0
2024-03-27 12:30:00-04:00,1.2300000190734863,1.2400000095367432,1.2100000381469727,1.2200000286102295,217569,0.0,0.0
2024-03-27 13:30:00-04:00,1.2200000286102295,1.2200000286102295,1.2100000381469727,1.2200000286102295,103428,0.0,0.0
2024-03-27 14:30:00-04:00,1.2200000286102295,1.2200000286102295,1.1799999475479126,1.2050000429153442,344259,0.0,0.0
2024-03-27 15:30:00-04:00,1.2000000476837158,1.2200000286102295,1.2000000476837158,1.215000033378601,427762,0.0,0.0
2024-03-28 09:30:00-04:00,1.25,1.25,1.1799999475479126,1.190000057220459,571915,0.0,0.0
2024-03-28 10:30:00-04:00,1.190000057220459,1.2000000476837158,1.1799999475479126,1.1899000406265259,461527,0.0,0.0
2024-03-28 11:30:00-04:00,1.190000057220459,1.2100000381469727,1.190000057220459,1.1900999546051025,286246,0.0,0.0
2024-03-28 12:30:00-04:00,1.1950000524520874,1.2100000381469727,1.1799999475479126,1.184999942779541,474732,0.0,0.0
2024-03-28 13:30:00-04:00,1.1799999475479126,1.190000057220459,1.1699999570846558,1.1749999523162842,287910,0.0,0.0
2024-03-28 14:30:00-04:00,1.174399971961975,1.190000057220459,1.1699999570846558,1.184999942779541,293587,0.0,0.0
2024-03-28 15:30:00-04:00,1.184999942779541,1.2000000476837158,1.1799999475479126,1.190000057220459,583558,0.0,0.0
2024-04-01 09:30:00-04:00,1.25,1.25,1.149999976158142,1.184999942779541,725860,0.0,0.0
2024-04-01 10:30:00-04:00,1.184999942779541,1.2300000190734863,1.1799999475479126,1.2000000476837158,498020,0.0,0.0
2024-04-01 11:30:00-04:00,1.2000000476837158,1.2575000524520874,1.190000057220459,1.2200000286102295,1757012,0.0,0.0
2024-04-01 12:30:00-04:00,1.2200000286102295,1.2288000583648682,1.2100000381469727,1.215000033378601,209999,0.0,0.0
2024-04-01 13:30:00-04:00,1.2100000381469727,1.2400000095367432,1.2000000476837158,1.2350000143051147,456949,0.0,0.0
2024-04-01 14:30:00-04:00,1.2350000143051147,1.2400000095367432,1.2300000190734863,1.2350000143051147,201170,0.0,0.0
2024-04-01 15:30:00-04:00,1.2350000143051147,1.2799999713897705,1.2300000190734863,1.2699999809265137,530543,0.0,0.0
2024-04-02 09:30:00-04:00,1.2799999713897705,1.2899999618530273,1.2450000047683716,1.2799999713897705,320822,0.0,0.0
2024-04-02 10:30:00-04:00,1.2799999713897705,1.3300000429153442,1.2699999809265137,1.3300000429153442,233150,0.0,0.0
2024-04-02 11:30:00-04:00,1.3250000476837158,1.350000023841858,1.3200000524520874,1.350000023841858,291067,0.0,0.0
2024-04-02 12:30:00-04:00,1.3450000286102295,1.409999966621399,1.340000033378601,1.3899999856948853,1452401,0.0,0.0
2024-04-02 13:30:00-04:00,1.3898999691009521,1.3899999856948853,1.3600000143051147,1.375,513082,0.0,0.0
2024-04-02 14:30:00-04:00,1.375,1.3849999904632568,1.3600000143051147,1.3700000047683716,472352,0.0,0.0
2024-04-02 15:30:00-04:00,1.3700000047683716,1.4700000286102295,1.3600000143051147,1.4500000476837158,2935676,0.0,0.0
2024-04-03 09:30:00-04:00,1.4299999475479126,1.5299999713897705,1.399999976158142,1.4501999616622925,1708840,0.0,0.0
2024-04-03 10:30:00-04:00,1.4600000381469727,1.475000023841858,1.4199999570846558,1.4249999523162842,756755,0.0,0.0
2024-04-03 11:30:00-04:00,1.4249999523162842,1.4600000381469727,1.4199999570846558,1.4249999523162842,382900,0.0,0.0
2024-04-03 12:30:00-04:00,1.4199999570846558,1.4500000476837158,1.4199999570846558,1.440000057220459,444022,0.0,0.0
2024-04-03 13:30:00-04:00,1.440000057220459,1.4600000381469727,1.4299999475479126,1.440000057220459,572953,0.0,0.0
2024-04-03 14:30:00-04:00,1.440000057220459,1.4500000476837158,1.409999966621399,1.4299999475479126,609989,0.0,0.0
2024-04-03 15:30:00-04:00,1.4299999475479126,1.4500000476837158,1.409999966621399,1.4299999475479126,987650,0.0,0.0
2024-04-04 09:30:00-04:00,1.4700000286102295,1.4700000286102295,1.409999966621399,1.4500000476837158,345861,0.0,0.0
2024-04-04 10:30:00-04:00,1.4450000524520874,1.4500000476837158,1.409999966621399,1.4149999618530273,189136,0.0,0.0
2024-04-04 11:30:00-04:00,1.4149999618530273,1.4199999570846558,1.3799999952316284,1.4049999713897705,593990,0.0,0.0
2024-04-04 12:30:00-04:00,1.409999966621399,1.4199999570846558,1.3949999809265137,1.4149999618530273,263146,0.0,0.0
2024-04-04 13:30:00-04:00,1.4199999570846558,1.4500000476837158,1.3799999952316284,1.4500000476837158,455273,0.0,0.0
2024-04-04 14:30:00-04:00,1.4500000476837158,1.4500000476837158,1.399999976158142,1.4149999618530273,405322,0.0,0.0
2024-04-04 15:30:00-04:00,1.409999966621399,1.4600000381469727,1.409999966621399,1.4199999570846558,1022788,0.0,0.0
2024-04-05 09:30:00-04:00,1.4500000476837158,1.4500000476837158,1.409999966621399,1.440000057220459,267938,0.0,0.0
2024-04-05 10:30:00-04:00,1.440000057220459,1.5499999523162842,1.434000015258789,1.5199999809265137,1287165,0.0,0.0
2024-04-05 11:30:00-04:00,1.5199999809265137,1.5700000524520874,1.5199999809265137,1.559999942779541,699639,0.0,0.0
2024-04-05 12:30:00-04:00,1.559999942779541,1.600000023841858,1.559999942779541,1.590000033378601,459642,0.0,0.0
2024-04-05 13:30:00-04:00,1.5898000001907349,1.590000033378601,1.4900000095367432,1.5,548368,0.0,0.0
2024-04-05 14:30:00-04:00,1.4900000095367432,1.5,1.465000033378601,1.4950000047683716,565716,0.0,0.0
2024-04-05 15:30:00-04:00,1.4950000047683716,1.5099999904632568,1.4800000190734863,1.4900000095367432,622286,0.0,0.0
2024-04-08 09:30:00-04:00,1.5,1.5099999904632568,1.440000057220459,1.4600000381469727,272130,0.0,0.0
2024-04-08 10:30:00-04:00,1.4599000215530396,1.4800000190734863,1.4500000476837158,1.4600000381469727,131865,0.0,0.0
2024-04-08 11:30:00-04:00,1.4550000429153442,1.5,1.4550000429153442,1.4800000190734863,362075,0.0,0.0
2024-04-08 12:30:00-04:00,1.475000023841858,1.5,1.4700000286102295,1.475000023841858,168745,0.0,0.0
2024-04-08 13:30:00-04:00,1.4800000190734863,1.4800000190734863,1.4600000381469727,1.4700000286102295,85408,0.0,0.0
2024-04-08 14:30:00-04:00,1.465000033378601,1.4800000190734863,1.4500000476837158,1.4550000429153442,149297,0.0,0.0
2024-04-08 15:30:00-04:00,1.4550000429153442,1.4800000190734863,1.4500000476837158,1.4700000286102295,235620,0.0,0.0
2024-04-09 09:30:00-04:00,1.5,1.5199999809265137,1.4500000476837158,1.4850000143051147,539908,0.0,0.0
2024-04-09 10:30:00-04:00,1.4900000095367432,1.5,1.4800000190734863,1.5,292013,0.0,0.0
2024-04-09 11:30:00-04:00,1.5,1.5,1.4900000095367432,1.5,151652,0.0,0.0
2024-04-09 12:30:00-04:00,1.5,1.5099999904632568,1.4900000095367432,1.5,338240,0.0,0.0
2024-04-09 13:30:00-04:00,1.5,1.5199999809265137,1.4800000190734863,1.5199999809265137,315251,0.0,0.0
2024-04-09 14:30:00-04:00,1.5149999856948853,1.5199999809265137,1.4900000095367432,1.5,217695,0.0,0.0
2024-04-09 15:30:00-04:00,1.5,1.5399999618530273,1.4900000095367432,1.5399999618530273,514663,0.0,0.0
2024-04-10 09:30:00-04:00,1.5299999713897705,1.5299999713897705,1.4800000190734863,1.5,521748,0.0,0.0
2024-04-10 10:30:00-04:00,1.5,1.5800000429153442,1.4900000095367432,1.544800043106079,459414,0.0,0.0
2024-04-10 11:30:00-04:00,1.5499999523162842,1.5700000524520874,1.5399999618530273,1.5549999475479126,294420,0.0,0.0
2024-04-10 12:30:00-04:00,1.5549999475479126,1.5800000429153442,1.5549999475479126,1.5750000476837158,329659,0.0,0.0
2024-04-10 13:30:00-04:00,1.5800000429153442,1.590000033378601,1.5449999570846558,1.5449999570846558,427773,0.0,0.0
2024-04-10 14:30:00-04:00,1.5449999570846558,1.5499999523162842,1.5199999809265137,1.524999976158142,376561,0.0,0.0
2024-04-10 15:30:00-04:00,1.524999976158142,1.5299999713897705,1.4850000143051147,1.5199999809265137,822945,0.0,0.0
2024-04-11 09:30:00-04:00,1.5199999809265137,1.5499999523162842,1.399999976158142,1.4900000095367432,18422117,0.0,0.0
2024-04-11 10:30:00-04:00,1.5,1.5950000286102295,1.4850000143051147,1.534999966621399,1022653,0.0,0.0
2024-04-11 11:30:00-04:00,1.534999966621399,1.5399999618530273,1.399999976158142,1.4500000476837158,5495637,0.0,0.0
2024-04-11 12:30:00-04:00,1.4550000429153442,1.4900000095367432,1.399999976158142,1.4149999618530273,14205934,0.0,0.0
2024-04-11 13:30:00-04:00,1.419800043106079,1.4199999570846558,1.3700000047683716,1.3799999952316284,1430435,0.0,0.0
2024-04-11 14:30:00-04:00,1.3799999952316284,1.409999966621399,1.3650000095367432,1.409999966621399,1001502,0.0,0.0
2024-04-11 15:30:00-04:00,1.409999966621399,1.440000057220459,1.3899999856948853,1.399999976158142,1179492,0.0,0.0
2024-04-12 09:30:00-04:00,1.399999976158142,1.4299999475479126,1.2899999618530273,1.3700000047683716,768503,0.0,0.0
2024-04-12 10:30:00-04:00,1.3700000047683716,1.399999976158142,1.3200000524520874,1.399999976158142,380157,0.0,0.0
2024-04-12 11:30:00-04:00,1.399999976158142,1.409999966621399,1.3799999952316284,1.3849999904632568,380149,0.0,0.0
2024-04-12 12:30:00-04:00,1.3799999952316284,1.3899999856948853,1.340000033378601,1.3700000047683716,371996,0.0,0.0
2024-04-12 13:30:00-04:00,1.3700000047683716,1.4299999475479126,1.3650000095367432,1.4249999523162842,762344,0.0,0.0
2024-04-12 14:30:00-04:00,1.4299999475479126,1.4900000095367432,1.4199999570846558,1.4800000190734863,1408372,0.0,0.0
2024-04-12 15:30:00-04:00,1.4850000143051147,1.5,1.4299999475479126,1.4950000047683716,971234,0.0,0.0
2024-04-15 09:30:00-04:00,1.4700000286102295,1.5199999809265137,1.4199999570846558,1.5049999952316284,1079881,0.0,0.0
2024-04-15 10:30:00-04:00,1.5049999952316284,1.5099999904632568,1.4850000143051147,1.5049999952316284,811479,0.0,0.0
2024-04-15 11:30:00-04:00,1.5049999952316284,1.5199999809265137,1.4800000190734863,1.4950000047683716,900213,0.0,0.0
2024-04-15 12:30:00-04:00,1.5,1.5399999618530273,1.4900000095367432,1.5399999618530273,577655,0.0,0.0
2024-04-15 13:30:00-04:00,1.5399999618530273,1.5499999523162842,1.5199999809265137,1.5299999713897705,1341553,0.0,0.0
2024-04-15 14:30:00-04:00,1.5299999713897705,1.5299999713897705,1.5,1.5149999856948853,687487,0.0,0.0
2024-04-15 15:30:00-04:00,1.5149999856948853,1.524999976158142,1.4950000047683716,1.5099999904632568,1158644,0.0,0.0
2024-04-16 09:30:00-04:00,1.5099999904632568,1.5399999618530273,1.4900000095367432,1.5,1489024,0.0,0.0
2024-04-16 10:30:00-04:00,1.4950000047683716,1.5299999713897705,1.4850000143051147,1.5099999904632568,942855,0.0,0.0
2024-04-16 11:30:00-04:00,1.5099999904632568,1.5199999809265137,1.4700000286102295,1.475000023841858,872825,0.0,0.0
2024-04-16 12:30:00-04:00,1.4700000286102295,1.4900000095367432,1.4700000286102295,1.4800000190734863,336147,0.0,0.0
2024-04-16 13:30:00-04:00,1.4700000286102295,1.4800000190734863,1.4199999570846558,1.434999942779541,554323,0.0,0.0
2024-04-16 14:30:00-04:00,1.434999942779541,1.4700000286102295,1.399999976158142,1.4700000286102295,573518,0.0,0.0
2024-04-16 15:30:00-04:00,1.4700000286102295,1.4800000190734863,1.440000057220459,1.4500000476837158,554288,0.0,0.0
2024-04-17 09:30:00-04:00,1.4600000381469727,1.4600000381469727,1.409999966621399,1.4299999475479126,255417,0.0,0.0
2024-04-17 10:30:00-04:00,1.4249999523162842,1.440000057220459,1.409999966621399,1.417099952697754,401856,0.0,0.0
2024-04-17 11:30:00-04:00,1.4149999618530273,1.4700000286102295,1.409999966621399,1.469499945640564,226941,0.0,0.0
2024-04-17 12:30:00-04:00,1.4700000286102295,1.4800000190734863,1.4500000476837158,1.465000033378601,191849,0.0,0.0
2024-04-17 13:30:00-04:00,1.4600000381469727,1.4700000286102295,1.440000057220459,1.440000057220459,151673,0.0,0.0
2024-04-17 14:30:00-04:00,1.4450000524520874,1.4674999713897705,1.4149999618530273,1.4149999618530273,354981,0.0,0.0
2024-04-17 15:30:00-04:00,1.4149999618530273,1.440000057220459,1.409999966621399,1.4299999475479126,396422,0.0,0.0
2024-04-18 09:30:00-04:00,1.4500000476837158,1.4500000476837158,1.399999976158142,1.409999966621399,178317,0.0,0.0
2024-04-18 10:30:00-04:00,1.4049999713897705,1.4600000381469727,1.399999976158142,1.4500000476837158,235605,0.0,0.0
2024-04-18 11:30:00-04:00,1.4500000476837158,1.4600000381469727,1.4299999475479126,1.4299999475479126,306348,0.0,0.0
2024-04-18 12:30:00-04:00,1.434999942779541,1.4500000476837158,1.3700000047683716,1.375,628693,0.0,0.0
2024-04-18 13:30:00-04:00,1.3700000047683716,1.409999966621399,1.3300000429153442,1.3799999952316284,601642,0.0,0.0
2024-04-18 14:30:00-04:00,1.3849999904632568,1.440000057220459,1.3700000047683716,1.440000057220459,804408,0.0,0.0
2024-04-18 15:30:00-04:00,1.4325000047683716,1.4700000286102295,1.4299999475479126,1.4500000476837158,2026849,0.0,0.0
2024-04-19 09:30:00-04:00,1.440000057220459,1.4850000143051147,1.3596999645233154,1.4850000143051147,621690,0.0,0.0
2024-04-19 10:30:00-04:00,1.4850000143051147,1.4900000095367432,1.4299999475479126,1.440000057220459,334127,0.0,0.0
2024-04-19 11:30:00-04:00,1.434999942779541,1.4600000381469727,1.4299999475479126,1.4550000429153442,253696,0.0,0.0
2024-04-19 12:30:00-04:00,1.4541000127792358,1.4700000286102295,1.4500000476837158,1.465000033378601,301265,0.0,0.0
2024-04-19 13:30:00-04:00,1.4600000381469727,1.4700000286102295,1.4500000476837158,1.465000033378601,265346,0.0,0.0
2024-04-19 14:30:00-04:00,1.465000033378601,1.4800000190734863,1.4500000476837158,1.475000023841858,442376,0.0,0.0
2024-04-19 15:30:00-04:00,1.475000023841858,1.5,1.4500000476837158,1.5,831981,0.0,0.0
2024-04-22 09:30:00-04:00,1.5,1.559999942779541,1.5,1.5549999475479126,822240,0.0,0.0
2024-04-22 10:30:00-04:00,1.5549999475479126,1.559999942779541,1.5399999618530273,1.5499999523162842,1183862,0.0,0.0
2024-04-22 11:30:00-04:00,1.5549999475479126,1.559999942779541,1.5199999809265137,1.5199999809265137,1135107,0.0,0.0
2024-04-22 12:30:00-04:00,1.5199999809265137,1.559999942779541,1.5199999809265137,1.5449999570846558,790041,0.0,0.0
2024-04-22 13:30:00-04:00,1.5449999570846558,1.559999942779541,1.5299999713897705,1.534999966621399,271092,0.0,0.0
2024-04-22 14:30:00-04:00,1.534999966621399,1.559999942779541,1.5299999713897705,1.534999966621399,650340,0.0,0.0
2024-04-22 15:30:00-04:00,1.534999966621399,1.559999942779541,1.5199999809265137,1.5399999618530273,605639,0.0,0.0
2024-04-23 09:30:00-04:00,1.5399999618530273,1.6200000047683716,1.5299999713897705,1.600000023841858,1624297,0.0,0.0
2024-04-23 10:30:00-04:00,1.600000023841858,1.690000057220459,1.593999981880188,1.684999942779541,1037296,0.0,0.0
2024-04-23 11:30:00-04:00,1.684999942779541,1.690000057220459,1.659999966621399,1.6699999570846558,668469,0.0,0.0
2024-04-23 12:30:00-04:00,1.6799999475479126,1.7000000476837158,1.659999966621399,1.6749999523162842,1572817,0.0,0.0
2024-04-23 13:30:00-04:00,1.6749999523162842,1.6799999475479126,1.6299999952316284,1.6449999809265137,383002,0.0,0.0
2024-04-23 14:30:00-04:00,1.6449999809265137,1.690000057220459,1.6399999856948853,1.684999942779541,600324,0.0,0.0
2024-04-23 15:30:00-04:00,1.690000057220459,1.7000000476837158,1.6699999570846558,1.690000057220459,535183,0.0,0.0
2024-04-24 09:30:00-04:00,1.6699999570846558,1.6950000524520874,1.659999966621399,1.6799999475479126,473384,0.0,0.0
2024-04-24 10:30:00-04:00,1.6799999475479126,1.75,1.6699999570846558,1.7000000476837158,1190166,0.0,0.0
2024-04-24 11:30:00-04:00,1.7050000429153442,1.7400000095367432,1.6950000524520874,1.7400000095367432,479579,0.0,0.0
2024-04-24 12:30:00-04:00,1.7400000095367432,1.7699999809265137,1.690000057220459,1.6950000524520874,971715,0.0,0.0
2024-04-24 13:30:00-04:00,1.7100000381469727,1.725000023841858,1.690000057220459,1.7000000476837158,1046864,0.0,0.0
2024-04-24 14:30:00-04:00,1.690000057220459,1.7100000381469727,1.6649999618530273,1.6950000524520874,1287759,0.0,0.0
2024-04-24 15:30:00-04:00,1.690000057220459,1.7100000381469727,1.649999976158142,1.6549999713897705,855669,0.0,0.0
2024-04-25 09:30:00-04:00,1.649999976158142,1.649999976158142,1.6100000143051147,1.6299999952316284,691476,0.0,0.0
2024-04-25 10:30:00-04:00,1.6349999904632568,1.6399999856948853,1.6100000143051147,1.6150000095367432,254784,0.0,0.0
2024-04-25 11:30:00-04:00,1.6100000143051147,1.6299999952316284,1.590000033378601,1.5987999439239502,575637,0.0,0.0
2024-04-25 12:30:00-04:00,1.5950000286102295,1.600000023841858,1.5700000524520874,1.5700000524520874,652057,0.0,0.0
2024-04-25 13:30:00-04:00,1.5750000476837158,1.590000033378601,1.559999942779541,1.5750000476837158,860287,0.0,0.0
2024-04-25 14:30:00-04:00,1.5750000476837158,1.5800000429153442,1.559999942779541,1.5625,345082,0.0,0.0
2024-04-25 15:30:00-04:00,1.5700000524520874,1.600000023841858,1.559999942779541,1.600000023841858,1089982,0.0,0.0
2024-04-26 09:30:00-04:00,1.5800000429153442,1.6100000143051147,1.534999966621399,1.534999966621399,473917,0.0,0.0
2024-04-26 10:30:00-04:00,1.5311000347137451,1.559999942779541,1.5311000347137451,1.5449999570846558,524421,0.0,0.0
2024-04-26 11:30:00-04:00,1.5449999570846558,1.5700000524520874,1.5399999618530273,1.565000057220459,1354895,0.0,0.0
2024-04-26 12:30:00-04:00,1.559999942779541,1.5700000524520874,1.559999942779541,1.5700000524520874,269472,0.0,0.0
2024-04-26 13:30:00-04:00,1.565000057220459,1.6100000143051147,1.559999942779541,1.600000023841858,723289,0.0,0.0
2024-04-26 14:30:00-04:00,1.600000023841858,1.6200000047683716,1.5950000286102295,1.6200000047683716,350378,0.0,0.0
2024-04-26 15:30:00-04:00,1.6200000047683716,1.6200000047683716,1.565000057220459,1.600000023841858,890141,0.0,0.0
2024-04-29 09:30:00-04:00,1.590000033378601,1.659999966621399,1.590000033378601,1.6449999809265137,972624,0.0,0.0
2024-04-29 10:30:00-04:00,1.6449999809265137,1.649999976158142,1.6200000047683716,1.6399999856948853,582070,0.0,0.0
2024-04-29 11:30:00-04:00,1.649999976158142,1.6799999475479126,1.6399999856948853,1.6649999618530273,934700,0.0,0.0
2024-04-29 12:30:00-04:00,1.6649999618530273,1.6799999475479126,1.649999976158142,1.6649999618530273,520225,0.0,0.0
2024-04-29 13:30:00-04:00,1.6649999618530273,1.690000057220459,1.6399999856948853,1.684999942779541,721594,0.0,0.0
2024-04-29 14:30:00-04:00,1.6886999607086182,1.7000000476837158,1.6799999475479126,1.6799999475479126,434266,0.0,0.0
2024-04-29 15:30:00-04:00,1.684999942779541,1.684999942779541,1.649999976158142,1.6510000228881836,657277,0.0,0.0
2024-04-30 09:30:00-04:00,1.6699999570846558,1.6699999570846558,1.600000023841858,1.600000023841858,326093,0.0,0.0
2024-04-30 10:30:00-04:00,1.6050000190734863,1.6699999570846558,1.600000023841858,1.649999976158142,1023587,0.0,0.0
2024-04-30 11:30:00-04:00,1.649999976158142,1.659999966621399,1.6399999856948853,1.649999976158142,334382,0.0,0.0
2024-04-30 12:30:00-04:00,1.6549999713897705,1.6699999570846558,1.6399999856948853,1.6699999570846558,343679,0.0,0.0
2024-04-30 13:30:00-04:00,1.6699999570846558,1.6749999523162842,1.6399999856948853,1.6549999713897705,710304,0.0,0.0
2024-04-30 14:30:00-04:00,1.6549999713897705,1.7100000381469727,1.6399999856948853,1.7000000476837158,720102,0.0,0.0
2024-04-30 15:30:00-04:00,1.6950000524520874,1.7100000381469727,1.6799999475479126,1.690000057220459,703072,0.0,0.0
2024-05-01 09:30:00-04:00,1.6799999475479126,1.7000000476837158,1.6449999809265137,1.7000000476837158,328373,0.0,0.0
2024-05-01 10:30:00-04:00,1.7000000476837158,1.7200000286102295,1.6799999475479126,1.6890000104904175,417749,0.0,0.0
2024-05-01 11:30:00-04:00,1.690000057220459,1.7200000286102295,1.6799999475479126,1.7000000476837158,247840,0.0,0.0
2024-05-01 12:30:00-04:00,1.7000000476837158,1.7000000476837158,1.6799999475479126,1.6825000047683716,173436,0.0,0.0
2024-05-01 13:30:00-04:00,1.690000057220459,1.7200000286102295,1.684999942779541,1.6950000524520874,449159,0.0,0.0
2024-05-01 14:30:00-04:00,1.6950000524520874,1.7400000095367432,1.690000057220459,1.7350000143051147,919961,0.0,0.0
2024-05-01 15:30:00-04:00,1.7400000095367432,1.75,1.7100000381469727,1.7100000381469727,1160429,0.0,0.0
2024-05-02 09:30:00-04:00,1.7599999904632568,1.8700000047683716,1.750100016593933,1.8451999425888062,2143595,0.0,0.0
2024-05-02 10:30:00-04:00,1.8450000286102295,1.8600000143051147,1.7799999713897705,1.815000057220459,746418,0.0,0.0
2024-05-02 11:30:00-04:00,1.815000057220459,1.8200000524520874,1.7899999618530273,1.8049999475479126,496268,0.0,0.0
2024-05-02 12:30:00-04:00,1.8049999475479126,1.809999942779541,1.7899999618530273,1.8049999475479126,250714,0.0,0.0
2024-05-02 13:30:00-04:00,1.809999942779541,1.8200000524520874,1.7999999523162842,1.815000057220459,466771,0.0,0.0
2024-05-02 14:30:00-04:00,1.8200000524520874,1.8200000524520874,1.7300000190734863,1.7450000047683716,915391,0.0,0.0
2024-05-02 15:30:00-04:00,1.7400000095367432,1.7799999713897705,1.7100000381469727,1.7400000095367432,1434151,0.0,0.0
2024-05-03 09:30:00-04:00,1.75,1.7999999523162842,1.7200000286102295,1.7999999523162842,816472,0.0,0.0
2024-05-03 10:30:00-04:00,1.7999999523162842,1.7999999523162842,1.7699999809265137,1.7799999713897705,323685,0.0,0.0
2024-05-03 11:30:00-04:00,1.774999976158142,1.8300000429153442,1.7699999809265137,1.8200000524520874,779393,0.0,0.0
2024-05-03 12:30:00-04:00,1.8200000524520874,1.8700000047683716,1.7999999523162842,1.8250000476837158,1254929,0.0,0.0
2024-05-03 13:30:00-04:00,1.8250000476837158,1.850000023841858,1.8200000524520874,1.840000033378601,312853,0.0,0.0
2024-05-03 14:30:00-04:00,1.840000033378601,1.850000023841858,1.7999999523162842,1.8025000095367432,438984,0.0,0.0
2024-05-03 15:30:00-04:00,1.8049999475479126,1.8300000429153442,1.7999999523162842,1.809999942779541,627768,0.0,0.0
2024-05-06 09:30:00-04:00,1.840000033378601,1.850000023841858,1.7949999570846558,1.8350000381469727,750949,0.0,0.0
2024-05-06 10:30:00-04:00,1.8350000381469727,1.850000023841858,1.7999999523162842,1.809999942779541,271512,0.0,0.0
2024-05-06 11:30:00-04:00,1.809999942779541,1.8300000429153442,1.7899999618530273,1.8200000524520874,334668,0.0,0.0
2024-05-06 12:30:00-04:00,1.8200000524520874,1.8300000429153442,1.7999999523162842,1.8200000524520874,140379,0.0,0.0
2024-05-06 13:30:00-04:00,1.8200000524520874,1.840000033378601,1.7899999618530273,1.8250000476837158,439455,0.0,0.0
2024-05-06 14:30:00-04:00,1.8250000476837158,1.850000023841858,1.809999942779541,1.8350000381469727,305715,0.0,0.0
2024-05-06 15:30:00-04:00,1.8350000381469727,1.850000023841858,1.8200000524520874,1.850000023841858,611570,0.0,0.0
2024-05-07 09:30:00-04:00,1.840000033378601,1.8899999856948853,1.8200000524520874,1.8450000286102295,650352,0.0,0.0
2024-05-07 10:30:00-04:00,1.8450000286102295,1.8700000047683716,1.8300000429153442,1.850000023841858,502733,0.0,0.0
2024-05-07 11:30:00-04:00,1.8550000190734863,1.8600000143051147,1.840000033378601,1.850000023841858,331589,0.0,0.0
2024-05-07 12:30:00-04:00,1.8450000286102295,1.8700000047683716,1.8300000429153442,1.8350000381469727,510836,0.0,0.0
2024-05-07 13:30:00-04:00,1.8350000381469727,1.8600000143051147,1.8300000429153442,1.8350000381469727,472662,0.0,0.0
2024-05-07 14:30:00-04:00,1.8350000381469727,1.8350000381469727,1.809999942779541,1.8250000476837158,501875,0.0,0.0
2024-05-07 15:30:00-04:00,1.8250000476837158,1.850000023841858,1.8200000524520874,1.8300000429153442,799275,0.0,0.0
2024-05-08 09:30:00-04:00,1.8300000429153442,1.850000023841858,1.7799999713897705,1.8200000524520874,450748,0.0,0.0
2024-05-08 10:30:00-04:00,1.8300000429153442,1.8300000429153442,1.7599999904632568,1.7694000005722046,321422,0.0,0.0
2024-05-08 11:30:00-04:00,1.7649999856948853,1.7899999618530273,1.7400000095367432,1.7649999856948853,686261,0.0,0.0
2024-05-08 12:30:00-04:00,1.7649999856948853,1.7699999809265137,1.7300000190734863,1.75,179999,0.0,0.0
2024-05-08 13:30:00-04:00,1.7450000047683716,1.7599999904632568,1.7200000286102295,1.725000023841858,209599,0.0,0.0
2024-05-08 14:30:00-04:00,1.725000023841858,1.7300000190734863,1.7000000476837158,1.7101999521255493,289985,0.0,0.0
2024-05-08 15:30:00-04:00,1.715000033378601,1.7599999904632568,1.7100000381469727,1.7400000095367432,2764383,0.0,0.0
2024-05-09 09:30:00-04:00,1.7999999523162842,1.8250000476837158,1.7450000047683716,1.75,3470663,0.0,0.0
2024-05-09 10:30:00-04:00,1.75,1.7699999809265137,1.7400000095367432,1.7599999904632568,344705,0.0,0.0
2024-05-09 11:30:00-04:00,1.7599999904632568,1.774999976158142,1.7300000190734863,1.7350000143051147,341911,0.0,0.0
2024-05-09 12:30:00-04:00,1.7350000143051147,1.7999999523162842,1.7315000295639038,1.7899999618530273,440007,0.0,0.0
2024-05-09 13:30:00-04:00,1.7949999570846558,1.7999999523162842,1.7799999713897705,1.7949999570846558,296501,0.0,0.0
2024-05-09 14:30:00-04:00,1.7949999570846558,1.7999999523162842,1.7799999713897705,1.7899999618530273,255153,0.0,0.0
2024-05-09 15:30:00-04:00,1.7899999618530273,1.7999999523162842,1.7799999713897705,1.7999999523162842,782665,0.0,0.0
2024-05-10 09:30:00-04:00,1.7999999523162842,1.809999942779541,1.7100000381469727,1.7350000143051147,550296,0.0,0.0
2024-05-10 10:30:00-04:00,1.7350000143051147,1.7699999809265137,1.7000000476837158,1.7300000190734863,1442645,0.0,0.0
2024-05-10 11:30:00-04:00,1.7300000190734863,1.7374999523162842,1.6649999618530273,1.6749999523162842,402814,0.0,0.0
2024-05-10 12:30:00-04:00,1.6749999523162842,1.7200000286102295,1.659999966621399,1.6950000524520874,596965,0.0,0.0
2024-05-10 13:30:00-04:00,1.6950000524520874,1.7300000190734863,1.690000057220459,1.7300000190734863,285774,0.0,0.0
2024-05-10 14:30:00-04:00,1.7300000190734863,1.7400000095367432,1.690000057220459,1.715000033378601,495099,0.0,0.0
2024-05-10 15:30:00-04:00,1.7100000381469727,1.7649999856948853,1.7100000381469727,1.75,941250,0.0,0.0
2024-05-13 09:30:00-04:00,1.7400000095367432,1.7798000574111938,1.6799999475479126,1.7450000047683716,520159,0.0,0.0
2024-05-13 10:30:00-04:00,1.7450000047683716,1.7699999809265137,1.7200000286102295,1.7400000095367432,578697,0.0,0.0
2024-05-13 11:30:00-04:00,1.75,1.7649999856948853,1.7300000190734863,1.7300000190734863,572361,0.0,0.0
2024-05-13 12:30:00-04:00,1.7350000143051147,1.7350000143051147,1.6799999475479126,1.6799999475479126,436043,0.0,0.0
2024-05-13 13:30:00-04:00,1.684999942779541,1.7200000286102295,1.649999976158142,1.715000033378601,787257,0.0,0.0
2024-05-13 14:30:00-04:00,1.7200000286102295,1.7374999523162842,1.6950000524520874,1.715000033378601,823504,0.0,0.0
2024-05-13 15:30:00-04:00,1.715000033378601,1.7300000190734863,1.7000000476837158,1.7200000286102295,1695066,0.0,0.0
2024-05-14 09:30:00-04:00,1.7699999809265137,1.7799999713897705,1.7100000381469727,1.7450000047683716,1602060,0.0,0.0
2024-05-14 10:30:00-04:00,1.7450000047683716,1.7450000047683716,1.7300000190734863,1.7350000143051147,579984,0.0,0.0
2024-05-14 11:30:00-04:00,1.7350000143051147,1.7400000095367432,1.7100000381469727,1.7300000190734863,555135,0.0,0.0
2024-05-14 12:30:00-04:00,1.7350000143051147,1.7400000095367432,1.7200000286102295,1.7350000143051147,582981,0.0,0.0
2024-05-14 13:30:00-04:00,1.7389999628067017,1.7400000095367432,1.725000023841858,1.7350000143051147,784325,0.0,0.0
2024-05-14 14:30:00-04:00,1.7350000143051147,1.75,1.7300000190734863,1.7400000095367432,657066,0.0,0.0
2024-05-14 15:30:00-04:00,1.7450000047683716,1.75,1.7300000190734863,1.7450000047683716,1607966,0.0,0.0
2024-05-15 09:30:00-04:00,1.809999942779541,1.9049999713897705,1.659999966621399,1.6950000524520874,3364465,0.0,0.0
2024-05-15 10:30:00-04:00,1.7000000476837158,1.7100000381469727,1.6699999570846558,1.684999942779541,1004727,0.0,0.0
2024-05-15 11:30:00-04:00,1.684999942779541,1.7100000381469727,1.6799999475479126,1.6950000524520874,800905,0.0,0.0
2024-05-15 12:30:00-04:00,1.690000057220459,1.7400000095367432,1.6100000143051147,1.625,1014980,0.0,0.0
2024-05-15 13:30:00-04:00,1.625,1.6399999856948853,1.409999966621399,1.4450000524520874,3457202,0.0,0.0
2024-05-15 14:30:00-04:00,1.4500000476837158,1.6200000047683716,1.3200000524520874,1.5950000286102295,5015232,0.0,0.0
2024-05-15 15:30:00-04:00,1.5950000286102295,1.659999966621399,1.5199999809265137,1.559999942779541,3278564,0.0,0.0
2024-05-16 09:30:00-04:00,1.5700000524520874,1.5800000429153442,1.440000057220459,1.5049999952316284,2165255,0.0,0.0
2024-05-16 10:30:00-04:00,1.5049999952316284,1.5549999475479126,1.4800000190734863,1.5449999570846558,2653347,0.0,0.0
2024-05-16 11:30:00-04:00,1.5399999618530273,1.600000023841858,1.5299999713897705,1.559999942779541,1775123,0.0,0.0
2024-05-16 12:30:00-04:00,1.565000057220459,1.5700000524520874,1.4700000286102295,1.4850000143051147,753869,0.0,0.0
2024-05-16 13:30:00-04:00,1.4850000143051147,1.5700000524520874,1.4801000356674194,1.5700000524520874,522474,0.0,0.0
2024-05-16 14:30:00-04:00,1.565000057220459,1.590000033378601,1.5,1.5049999952316284,1022019,0.0,0.0
2024-05-16 15:30:00-04:00,1.5049999952316284,1.5399999618530273,1.5,1.5299999713897705,1650802,0.0,0.0
2024-05-17 09:30:00-04:00,1.5299999713897705,1.6799999475479126,1.5199999809265137,1.6399999856948853,965384,0.0,0.0
2024-05-17 10:30:00-04:00,1.6399999856948853,1.649999976158142,1.600000023841858,1.6050000190734863,855448,0.0,0.0
2024-05-17 11:30:00-04:00,1.6050000190734863,1.6200000047683716,1.590000033378601,1.6150000095367432,900030,0.0,0.0
2024-05-17 12:30:00-04:00,1.6200000047683716,1.6449999809265137,1.6100000143051147,1.6150000095367432,490511,0.0,0.0
2024-05-17 13:30:00-04:00,1.6150000095367432,1.6299999952316284,1.600000023841858,1.6150000095367432,485305,0.0,0.0
2024-05-17 14:30:00-04:00,1.6100000143051147,1.6299999952316284,1.600000023841858,1.6050000190734863,518065,0.0,0.0
2024-05-17 15:30:00-04:00,1.6050000190734863,1.6100000143051147,1.5800000429153442,1.5950000286102295,1178060,0.0,0.0
2024-05-20 09:30:00-04:00,1.6200000047683716,1.625,1.5399999618530273,1.5850000381469727,401082,0.0,0.0
2024-05-20 10:30:00-04:00,1.5850000381469727,1.6749999523162842,1.5600999593734741,1.6649999618530273,545080,0.0,0.0
2024-05-20 11:30:00-04:00,1.6649999618530273,1.690000057220459,1.6299999952316284,1.6549999713897705,397859,0.0,0.0
2024-05-20 12:30:00-04:00,1.649999976158142,1.659999966621399,1.625,1.6349999904632568,401546,0.0,0.0
2024-05-20 13:30:00-04:00,1.6349999904632568,1.649999976158142,1.6299999952316284,1.6349999904632568,683835,0.0,0.0
2024-05-20 14:30:00-04:00,1.6349999904632568,1.649999976158142,1.6200000047683716,1.6349999904632568,544501,0.0,0.0
2024-05-20 15:30:00-04:00,1.6349999904632568,1.6486999988555908,1.6100000143051147,1.6200000047683716,849594,0.0,0.0
2024-05-21 09:30:00-04:00,1.6299999952316284,1.6399999856948853,1.6100000143051147,1.6399999856948853,265094,0.0,0.0
2024-05-21 10:30:00-04:00,1.6349999904632568,1.649999976158142,1.5700000524520874,1.5850000381469727,1516233,0.0,0.0
2024-05-21 11:30:00-04:00,1.5850000381469727,1.6050000190734863,1.5700000524520874,1.5950000286102295,367758,0.0,0.0
2024-05-21 12:30:00-04:00,1.5950000286102295,1.600000023841858,1.5399999618530273,1.5399999618530273,316716,0.0,0.0
2024-05-21 13:30:00-04:00,1.5449999570846558,1.5499999523162842,1.5,1.5011999607086182,324809,0.0,0.0
2024-05-21 14:30:00-04:00,1.5049999952316284,1.5499999523162842,1.4950000047683716,1.5449999570846558,385927,0.0,0.0
2024-05-21 15:30:00-04:00,1.5499999523162842,1.5800000429153442,1.5399999618530273,1.5700000524520874,674399,0.0,0.0
2024-05-22 09:30:00-04:00,1.5800000429153442,1.5800000429153442,1.5149999856948853,1.5549999475479126,351322,0.0,0.0
2024-05-22 10:30:00-04:00,1.5549999475479126,1.555999994277954,1.4800000190734863,1.4950000047683716,883954,0.0,0.0
2024-05-22 11:30:00-04:00,1.4901000261306763,1.5199999809265137,1.4800000190734863,1.5149999856948853,318430,0.0,0.0
2024-05-22 12:30:00-04:00,1.5149999856948853,1.5399999618530273,1.4299999475479126,1.4850000143051147,293203,0.0,0.0
2024-05-22 13:30:00-04:00,1.4850000143051147,1.5,1.4800000190734863,1.4900000095367432,228058,0.0,0.0
2024-05-22 14:30:00-04:00,1.4800000190734863,1.5,1.4800000190734863,1.4950000047683716,344266,0.0,0.0
2024-05-22 15:30:00-04:00,1.4900000095367432,1.5,1.4800000190734863,1.4900000095367432,545628,0.0,0.0
2024-05-23 09:30:00-04:00,1.4800000190734863,1.524999976158142,1.4700000286102295,1.5099999904632568,553267,0.0,0.0
2024-05-23 10:30:00-04:00,1.5188000202178955,1.5399999618530273,1.5099999904632568,1.5099999904632568,262848,0.0,0.0
2024-05-23 11:30:00-04:00,1.5149999856948853,1.5299999713897705,1.5099999904632568,1.524999976158142,137662,0.0,0.0
2024-05-23 12:30:00-04:00,1.5299999713897705,1.565000057220459,1.5199999809265137,1.565000057220459,1199323,0.0,0.0
2024-05-23 13:30:00-04:00,1.565000057220459,1.5700000524520874,1.5199999809265137,1.524999976158142,323194,0.0,0.0
2024-05-23 14:30:00-04:00,1.5199999809265137,1.5299999713897705,1.4900000095367432,1.5,779880,0.0,0.0
2024-05-23 15:30:00-04:00,1.5049999952316284,1.5099999904632568,1.4900000095367432,1.5,455372,0.0,0.0
2024-05-24 09:30:00-04:00,1.5299999713897705,1.6699999570846558,1.475000023841858,1.625,2383424,0.0,0.0
2024-05-24 10:30:00-04:00,1.6200000047683716,1.6200000047683716,1.534999966621399,1.5449999570846558,987029,0.0,0.0
2024-05-24 11:30:00-04:00,1.5449999570846558,1.559999942779541,1.5200999975204468,1.524999976158142,359582,0.0,0.0
2024-05-24 12:30:00-04:00,1.5199999809265137,1.5299999713897705,1.5049999952316284,1.5199999809265137,560507,0.0,0.0
2024-05-24 13:30:00-04:00,1.5149999856948853,1.5199999809265137,1.4800000190734863,1.4850000143051147,411006,0.0,0.0
2024-05-24 14:30:00-04:00,1.4850000143051147,1.5,1.440000057220459,1.5,504111,0.0,0.0
2024-05-24 15:30:00-04:00,1.4950000047683716,1.5,1.4700000286102295,1.4900000095367432,1283826,0.0,0.0
2024-05-28 09:30:00-04:00,1.5199999809265137,1.559999942779541,1.5099999904632568,1.5149999856948853,981929,0.0,0.0
2024-05-28 10:30:00-04:00,1.5149999856948853,1.5700000524520874,1.5099999904632568,1.559999942779541,1639389,0.0,0.0
2024-05-28 11:30:00-04:00,1.565000057220459,1.5800000429153442,1.559999942779541,1.5800000429153442,1130099,0.0,0.0
2024-05-28 12:30:00-04:00,1.5800000429153442,1.5850000381469727,1.5099999904632568,1.524999976158142,1343400,0.0,0.0
2024-05-28 13:30:00-04:00,1.5199999809265137,1.5499999523162842,1.4700000286102295,1.5299999713897705,2306838,0.0,0.0
2024-05-28 14:30:00-04:00,1.534999966621399,1.5499999523162842,1.4900000095367432,1.524999976158142,1353308,0.0,0.0
2024-05-28 15:30:00-04:00,1.5299999713897705,1.565000057220459,1.5,1.5399999618530273,1829133,0.0,0.0
2024-05-29 09:30:00-04:00,1.5299999713897705,1.5499999523162842,1.409999966621399,1.4199999570846558,2518514,0.0,0.0
2024-05-29 10:30:00-04:00,1.4249999523162842,1.4299999475479126,1.3600000143051147,1.3624999523162842,1501179,0.0,0.0
2024-05-29 11:30:00-04:00,1.3600000143051147,1.3700000047683716,1.340000033378601,1.3450000286102295,1244787,0.0,0.0
2024-05-29 12:30:00-04:00,1.3450000286102295,1.3550000190734863,1.3200000524520874,1.3250000476837158,709249,0.0,0.0
2024-05-29 13:30:00-04:00,1.3250000476837158,1.3250000476837158,1.2900999784469604,1.3200000524520874,827377,0.0,0.0
2024-05-29 14:30:00-04:00,1.315000057220459,1.350000023841858,1.2999999523162842,1.3450000286102295,2272729,0.0,0.0
2024-05-29 15:30:00-04:00,1.3450000286102295,1.3600000143051147,1.3200000524520874,1.350000023841858,1920590,0.0,0.0
2024-05-30 09:30:00-04:00,1.309999942779541,1.399999976158142,1.309999942779541,1.375,447844,0.0,0.0
2024-05-30 10:30:00-04:00,1.375,1.375,1.3350000381469727,1.3600000143051147,494900,0.0,0.0
2024-05-30 11:30:00-04:00,1.3600000143051147,1.3687000274658203,1.350000023841858,1.3550000190734863,558595,0.0,0.0
2024-05-30 12:30:00-04:00,1.350000023841858,1.3600000143051147,1.350000023841858,1.3550000190734863,223466,0.0,0.0
2024-05-30 13:30:00-04:00,1.3600000143051147,1.3600000143051147,1.350000023841858,1.3600000143051147,250870,0.0,0.0
2024-05-30 14:30:00-04:00,1.3550000190734863,1.3600000143051147,1.3049999475479126,1.3300000429153442,548434,0.0,0.0
2024-05-30 15:30:00-04:00,1.3250000476837158,1.350000023841858,1.3250000476837158,1.340000033378601,765392,0.0,0.0
2024-05-31 09:30:00-04:00,1.3899999856948853,1.4199999570846558,1.350000023841858,1.3799999952316284,544618,0.0,0.0
2024-05-31 10:30:00-04:00,1.3799999952316284,1.3799999952316284,1.309999942779541,1.3550000190734863,432991,0.0,0.0
2024-05-31 11:30:00-04:00,1.3550000190734863,1.3600000143051147,1.3300000429153442,1.340000033378601,808367,0.0,0.0
2024-05-31 12:30:00-04:00,1.3450000286102295,1.3799999952316284,1.340000033378601,1.3650000095367432,701982,0.0,0.0
2024-05-31 13:30:00-04:00,1.3600000143051147,1.4075000286102295,1.3600000143051147,1.399999976158142,1215246,0.0,0.0
2024-05-31 14:30:00-04:00,1.399999976158142,1.5,1.3899999856948853,1.440000057220459,2202264,0.0,0.0
2024-05-31 15:30:00-04:00,1.434999942779541,1.4500000476837158,1.3600000143051147,1.3899999856948853,2344898,0.0,0.0
2024-06-03 09:30:00-04:00,1.3899999856948853,1.4600000381469727,1.3700000047683716,1.4600000381469727,922082,0.0,0.0
2024-06-03 10:30:00-04:00,1.4600000381469727,1.5199999809265137,1.4299999475479126,1.4550000429153442,1180511,0.0,0.0
2024-06-03 11:30:00-04:00,1.4600000381469727,1.469099998474121,1.4199999570846558,1.429900050163269,500677,0.0,0.0
2024-06-03 12:30:00-04:00,1.4199999570846558,1.4299999475479126,1.375,1.3949999809265137,555509,0.0,0.0
2024-06-03 13:30:00-04:00,1.3899999856948853,1.4500000476837158,1.3799999952316284,1.4299999475479126,944709,0.0,0.0
2024-06-03 14:30:00-04:00,1.4299999475479126,1.4500000476837158,1.3899999856948853,1.399999976158142,812831,0.0,0.0
2024-06-03 15:30:00-04:00,1.399999976158142,1.4049999713897705,1.3600000143051147,1.3600000143051147,1120288,0.0,0.0
2024-06-04 09:30:00-04:00,1.4600000381469727,1.4600000381469727,1.3200000524520874,1.3450000286102295,827997,0.0,0.0
2024-06-04 10:30:00-04:00,1.340000033378601,1.350000023841858,1.309999942779541,1.309999942779541,601234,0.0,0.0
2024-06-04 11:30:00-04:00,1.309999942779541,1.340000033378601,1.2599999904632568,1.274999976158142,2183872,0.0,0.0
2024-06-04 12:30:00-04:00,1.2799999713897705,1.2799999713897705,1.2200000286102295,1.2725000381469727,1334922,0.0,0.0
2024-06-04 13:30:00-04:00,1.2699999809265137,1.315000057220459,1.2599999904632568,1.3000999689102173,834726,0.0,0.0
2024-06-04 14:30:00-04:00,1.3049999475479126,1.350000023841858,1.2899999618530273,1.340000033378601,1003651,0.0,0.0
2024-06-04 15:30:00-04:00,1.340000033378601,1.3799999952316284,1.3301000595092773,1.3700000047683716,974082,0.0,0.0
2024-06-05 09:30:00-04:00,1.3700000047683716,1.4199999570846558,1.3301000595092773,1.375,733441,0.0,0.0
2024-06-05 10:30:00-04:00,1.375,1.3799999952316284,1.350000023841858,1.3550000190734863,523314,0.0,0.0
2024-06-05 11:30:00-04:00,1.3550000190734863,1.399999976158142,1.340000033378601,1.3949999809265137,523833,0.0,0.0
2024-06-05 12:30:00-04:00,1.3949999809265137,1.409999966621399,1.3899999856948853,1.399999976158142,401389,0.0,0.0
2024-06-05 13:30:00-04:00,1.4049999713897705,1.409999966621399,1.399999976158142,1.399999976158142,303100,0.0,0.0
2024-06-05 14:30:00-04:00,1.4049999713897705,1.409999966621399,1.399999976158142,1.399999976158142,509390,0.0,0.0
2024-06-05 15:30:00-04:00,1.4049999713897705,1.409999966621399,1.399999976158142,1.409999966621399,983054,0.0,0.0
2024-06-06 09:30:00-04:00,1.3899999856948853,1.399999976158142,1.3300000429153442,1.3300000429153442,674047,0.0,0.0
2024-06-06 10:30:00-04:00,1.3300000429153442,1.339900016784668,1.2999999523162842,1.315000057220459,415647,0.0,0.0
2024-06-06 11:30:00-04:00,1.315000057220459,1.3200000524520874,1.2599999904632568,1.2799999713897705,1123813,0.0,0.0
2024-06-06 12:30:00-04:00,1.274999976158142,1.2999999523162842,1.2699999809265137,1.2949999570846558,489147,0.0,0.0
2024-06-06 13:30:00-04:00,1.298799991607666,1.2999999523162842,1.2899999618530273,1.2949999570846558,480138,0.0,0.0
2024-06-06 14:30:00-04:00,1.2949999570846558,1.2999999523162842,1.2899999618530273,1.2899999618530273,1492786,0.0,0.0
2024-06-06 15:30:00-04:00,1.2899999618530273,1.309999942779541,1.2799999713897705,1.2999999523162842,1757631,0.0,0.0
2024-06-07 09:30:00-04:00,1.2899999618530273,1.3255000114440918,1.2350000143051147,1.2400000095367432,819150,0.0,0.0
2024-06-07 10:30:00-04:00,1.25,1.25,1.2400000095367432,1.2450000047683716,272678,0.0,0.0
2024-06-07 11:30:00-04:00,1.2400000095367432,1.25,1.2200000286102295,1.2400000095367432,766557,0.0,0.0
2024-06-07 12:30:00-04:00,1.2400000095367432,1.25,1.2300000190734863,1.2400000095367432,380880,0.0,0.0
2024-06-07 13:30:00-04:00,1.2458000183105469,1.25,1.2300000190734863,1.2300000190734863,203198,0.0,0.0
2024-06-07 14:30:00-04:00,1.2300000190734863,1.2400000095367432,1.2300000190734863,1.2350000143051147,374317,0.0,0.0
2024-06-07 15:30:00-04:00,1.2300000190734863,1.23989999294281,1.190000057220459,1.190000057220459,935988,0.0,0.0
2024-06-10 09:30:00-04:00,1.1399999856948853,1.25,1.0199999809265137,1.1699999570846558,2268237,0.0,0.0
2024-06-10 10:30:00-04:00,1.1749999523162842,1.190000057220459,1.1399999856948853,1.1449999809265137,599262,0.0,0.0
2024-06-10 11:30:00-04:00,1.1399999856948853,1.2100000381469727,1.1349999904632568,1.190000057220459,2052424,0.0,0.0
2024-06-10 12:30:00-04:00,1.190000057220459,1.2300000190734863,1.1749999523162842,1.2200000286102295,610023,0.0,0.0
2024-06-10 13:30:00-04:00,1.225000023841858,1.2599999904632568,1.2100000381469727,1.2300000190734863,1281540,0.0,0.0
2024-06-10 14:30:00-04:00,1.2300000190734863,1.2899999618530273,1.2200000286102295,1.2899999618530273,1258800,0.0,0.0
2024-06-10 15:30:00-04:00,1.2899999618530273,1.3200000524520874,1.2799999713897705,1.309999942779541,2324155,0.0,0.0
2024-06-11 09:30:00-04:00,1.25,1.2899999618530273,1.1299999952316284,1.2009999752044678,1977615,0.0,0.0
2024-06-11 10:30:00-04:00,1.2000000476837158,1.2200000286102295,1.2000000476837158,1.2100000381469727,614521,0.0,0.0
2024-06-11 11:30:00-04:00,1.2101000547409058,1.2200000286102295,1.2000000476837158,1.2100000381469727,521361,0.0,0.0
2024-06-11 12:30:00-04:00,1.2100000381469727,1.25,1.2100000381469727,1.2200000286102295,655938,0.0,0.0
2024-06-11 13:30:00-04:00,1.225000023841858,1.2599999904632568,1.2200000286102295,1.2309999465942383,864722,0.0,0.0
2024-06-11 14:30:00-04:00,1.2300000190734863,1.2699999809265137,1.225000023841858,1.2549999952316284,817618,0.0,0.0
2024-06-11 15:30:00-04:00,1.2549999952316284,1.2899999618530273,1.25,1.284999966621399,2078790,0.0,0.0
2024-06-12 09:30:00-04:00,1.2799999713897705,1.350000023841858,1.2519999742507935,1.2999999523162842,879649,0.0,0.0
2024-06-12 10:30:00-04:00,1.2999999523162842,1.350000023841858,1.2899999618530273,1.3174999952316284,961274,0.0,0.0
2024-06-12 11:30:00-04:00,1.3174999952316284,1.3300000429153442,1.2899999618530273,1.3049999475479126,1188161,0.0,0.0
2024-06-12 12:30:00-04:00,1.2999999523162842,1.309999942779541,1.2999999523162842,1.309999942779541,201990,0.0,0.0
2024-06-12 13:30:00-04:00,1.309999942779541,1.350000023841858,1.2999999523162842,1.340000033378601,351684,0.0,0.0
2024-06-12 14:30:00-04:00,1.340000033378601,1.3600000143051147,1.3200000524520874,1.350000023841858,941215,0.0,0.0
2024-06-12 15:30:00-04:00,1.350000023841858,1.3600000143051147,1.3300000429153442,1.330049991607666,1217661,0.0,0.0
2024-06-13 09:30:00-04:00,1.3600000143051147,1.3600000143051147,1.2000000476837158,1.2100000381469727,984387,0.0,0.0
2024-06-13 10:30:00-04:00,1.2200000286102295,1.2400000095367432,1.1799999475479126,1.215000033378601,2133716,0.0,0.0
2024-06-13 11:30:00-04:00,1.2100000381469727,1.2200000286102295,1.190000057220459,1.2000000476837158,320238,0.0,0.0
2024-06-13 12:30:00-04:00,1.2000000476837158,1.2200000286102295,1.190000057220459,1.1900999546051025,308408,0.0,0.0
2024-06-13 13:30:00-04:00,1.190000057220459,1.2000000476837158,1.159999966621399,1.159999966621399,524041,0.0,0.0
2024-06-13 14:30:00-04:00,1.1649999618530273,1.184999942779541,1.159999966621399,1.1699999570846558,1602892,0.0,0.0
2024-06-13 15:30:00-04:00,1.1749999523162842,1.190000057220459,1.159999966621399,1.159999966621399,548809,0.0,0.0
2024-06-14 09:30:00-04:00,1.2899999618530273,1.2899999618530273,1.149999976158142,1.1549999713897705,1606736,0.0,0.0
2024-06-14 10:30:00-04:00,1.1549999713897705,1.159999966621399,1.1150000095367432,1.1449999809265137,1533163,0.0,0.0
2024-06-14 11:30:00-04:00,1.1449999809265137,1.149999976158142,1.1100000143051147,1.1100000143051147,2369035,0.0,0.0
2024-06-14 12:30:00-04:00,1.1101000308990479,1.1198999881744385,1.0800000429153442,1.100100040435791,616304,0.0,0.0
2024-06-14 13:30:00-04:00,1.100000023841858,1.1100000143051147,1.059999942779541,1.0750000476837158,480963,0.0,0.0
2024-06-14 14:30:00-04:00,1.0700000524520874,1.090000033378601,1.0499999523162842,1.0800000429153442,972382,0.0,0.0
2024-06-14 15:30:00-04:00,1.0800000429153442,1.090000033378601,1.0700000524520874,1.0700000524520874,892188,0.0,0.0
2024-06-17 09:30:00-04:00,10.399999618530273,10.649999618530273,10.010000228881836,10.25,284380,0.0,0.0
2024-06-17 10:30:00-04:00,10.199999809265137,10.220000267028809,9.65999984741211,9.779899597167969,303586,0.0,0.0
2024-06-17 11:30:00-04:00,9.774999618530273,9.9399995803833,9.609999656677246,9.880000114440918,190414,0.0,0.0
2024-06-17 12:30:00-04:00,9.850000381469727,9.899999618530273,9.675000190734863,9.819999694824219,138659,0.0,0.0
2024-06-17 13:30:00-04:00,9.84000015258789,10.330100059509277,9.819999694824219,10.069999694824219,172100,0.0,0.0
2024-06-17 14:30:00-04:00,10.069999694824219,10.399900436401367,9.9350004196167,10.09000015258789,145667,0.0,0.0
2024-06-17 15:30:00-04:00,10.109999656677246,10.399999618530273,10.079999923706055,10.380000114440918,313499,0.0,0.0
2024-06-18 09:30:00-04:00,10.680000305175781,10.979999542236328,10.0,10.869999885559082,222788,0.0,0.0
2024-06-18 10:30:00-04:00,10.869999885559082,11.199999809265137,10.779999732971191,11.079899787902832,167904,0.0,0.0
2024-06-18 11:30:00-04:00,11.085000038146973,11.260000228881836,10.949999809265137,11.199999809265137,179945,0.0,0.0
2024-06-18 12:30:00-04:00,11.119999885559082,11.460000038146973,11.09000015258789,11.460000038146973,84597,0.0,0.0
2024-06-18 13:30:00-04:00,11.460000038146973,11.489999771118164,11.289999961853027,11.359999656677246,68833,0.0,0.0
2024-06-18 14:30:00-04:00,11.329999923706055,11.5,11.220000267028809,11.479999542236328,90158,0.0,0.0
2024-06-18 15:30:00-04:00,11.420000076293945,11.930000305175781,11.260000228881836,11.920000076293945,316219,0.0,0.0
2024-06-20 09:30:00-04:00,12.010000228881836,12.449999809265137,11.800000190734863,11.930000305175781,253589,0.0,0.0
2024-06-20 10:30:00-04:00,11.920000076293945,12.039999961853027,11.289999961853027,11.470000267028809,301146,0.0,0.0
2024-06-20 11:30:00-04:00,11.460000038146973,11.545000076293945,10.989999771118164,11.135000228881836,127430,0.0,0.0
2024-06-20 12:30:00-04:00,11.109999656677246,11.15999984741211,10.449999809265137,10.632499694824219,172489,0.0,0.0
2024-06-20 13:30:00-04:00,10.645000457763672,11.020000457763672,10.520000457763672,10.989999771118164,117146,0.0,0.0
2024-06-20 14:30:00-04:00,10.989999771118164,11.029999732971191,10.75,10.795000076293945,137047,0.0,0.0
2024-06-20 15:30:00-04:00,10.774999618530273,10.8100004196167,10.649999618530273,10.680000305175781,92786,0.0,0.0
2024-06-21 09:30:00-04:00,10.479999542236328,10.600000381469727,10.0600004196167,10.350000381469727,103903,0.0,0.0
2024-06-21 10:30:00-04:00,10.375,10.375,9.949999809265137,10.100000381469727,155721,0.0,0.0
2024-06-21 11:30:00-04:00,10.109999656677246,10.140000343322754,10.0,10.0600004196167,164835,0.0,0.0
2024-06-21 12:30:00-04:00,10.109999656677246,10.319999694824219,10.020000457763672,10.140000343322754,129664,0.0,0.0
2024-06-21 13:30:00-04:00,10.114999771118164,10.270000457763672,10.029999732971191,10.09000015258789,64400,0.0,0.0
2024-06-21 14:30:00-04:00,10.09000015258789,10.279999732971191,10.0,10.100000381469727,192019,0.0,0.0
2024-06-21 15:30:00-04:00,10.100000381469727,10.220000267028809,10.079999923706055,10.130000114440918,101267,0.0,0.0
2024-06-24 09:30:00-04:00,10.010000228881836,10.75,9.96500015258789,10.720000267028809,125675,0.0,0.0
2024-06-24 10:30:00-04:00,10.71500015258789,10.760000228881836,10.569999694824219,10.615799903869629,157898,0.0,0.0
2024-06-24 11:30:00-04:00,10.592499732971191,10.670000076293945,10.449999809265137,10.470000267028809,96803,0.0,0.0
2024-06-24 12:30:00-04:00,10.479999542236328,10.529999732971191,10.380000114440918,10.4399995803833,82385,0.0,0.0
2024-06-24 13:30:00-04:00,10.430000305175781,10.479999542236328,10.329999923706055,10.460000038146973,63009,0.0,0.0
2024-06-24 14:30:00-04:00,10.479999542236328,10.5600004196167,10.430000305175781,10.479999542236328,92065,0.0,0.0
2024-06-24 15:30:00-04:00,10.470000267028809,10.470000267028809,10.220000267028809,10.279999732971191,123299,0.0,0.0
2024-06-25 09:30:00-04:00,10.199999809265137,10.270000457763672,9.989999771118164,10.109999656677246,104593,0.0,0.0
2024-06-25 10:30:00-04:00,10.09000015258789,10.229999542236328,10.020000457763672,10.164999961853027,101041,0.0,0.0
2024-06-25 11:30:00-04:00,10.149999618530273,10.180000305175781,9.989999771118164,10.015000343322754,103759,0.0,0.0
2024-06-25 12:30:00-04:00,10.020000457763672,10.125,9.989999771118164,10.09000015258789,94315,0.0,0.0
2024-06-25 13:30:00-04:00,10.09000015258789,10.09000015258789,9.989999771118164,10.029999732971191,77906,0.0,0.0
2024-06-25 14:30:00-04:00,10.010000228881836,10.029999732971191,9.645000457763672,9.699999809265137,288353,0.0,0.0
2024-06-25 15:30:00-04:00,9.678500175476074,9.739999771118164,9.359999656677246,9.579999923706055,363797,0.0,0.0
2024-06-26 09:30:00-04:00,9.329999923706055,9.529999732971191,8.15999984741211,8.289999961853027,523540,0.0,0.0
2024-06-26 10:30:00-04:00,8.289999961853027,9.109999656677246,8.227499961853027,9.0600004196167,282092,0.0,0.0
2024-06-26 11:30:00-04:00,9.030099868774414,9.0649995803833,8.819999694824219,9.010000228881836,184305,0.0,0.0
2024-06-26 12:30:00-04:00,9.000100135803223,9.199999809265137,8.949999809265137,9.050000190734863,148155,0.0,0.0
2024-06-26 13:30:00-04:00,9.05370044708252,9.25,9.03499984741211,9.154999732971191,116226,0.0,0.0
2024-06-26 14:30:00-04:00,9.050100326538086,9.600000381469727,9.039999961853027,9.574999809265137,339264,0.0,0.0
2024-06-26 15:30:00-04:00,9.569999694824219,9.640000343322754,9.460000038146973,9.550000190734863,360556,0.0,0.0
2024-06-27 09:30:00-04:00,9.479999542236328,9.970000267028809,9.359999656677246,9.789999961853027,176780,0.0,0.0
2024-06-27 10:30:00-04:00,9.800000190734863,10.039999961853027,9.779999732971191,9.914999961853027,145569,0.0,0.0
2024-06-27 11:30:00-04:00,9.949999809265137,10.130000114440918,9.819999694824219,10.104999542236328,136900,0.0,0.0
2024-06-27 12:30:00-04:00,10.104999542236328,10.140000343322754,9.545000076293945,9.569999694824219,160043,0.0,0.0
2024-06-27 13:30:00-04:00,9.569999694824219,9.729999542236328,9.5,9.65999984741211,176036,0.0,0.0
2024-06-27 14:30:00-04:00,9.65999984741211,9.970000267028809,9.65999984741211,9.944999694824219,150341,0.0,0.0
2024-06-27 15:30:00-04:00,9.949999809265137,10.020000457763672,9.789999961853027,9.880000114440918,221315,0.0,0.0
2024-06-28 09:30:00-04:00,9.970000267028809,10.149999618530273,9.710000038146973,9.890000343322754,153790,0.0,0.0
2024-06-28 10:30:00-04:00,9.875,9.890000343322754,9.494999885559082,9.614999771118164,172608,0.0,0.0
2024-06-28 11:30:00-04:00,9.614999771118164,9.670000076293945,9.539999961853027,9.604999542236328,107249,0.0,0.0
2024-06-28 12:30:00-04:00,9.600000381469727,9.850000381469727,9.59000015258789,9.600000381469727,126172,0.0,0.0
2024-06-28 13:30:00-04:00,9.600000381469727,9.827500343322754,9.529999732971191,9.779999732971191,170879,0.0,0.0
2024-06-28 14:30:00-04:00,9.779999732971191,9.890000343322754,9.550000190734863,9.84000015258789,217178,0.0,0.0
2024-06-28 15:30:00-04:00,9.824999809265137,10.010000228881836,9.635000228881836,9.859999656677246,357755,0.0,0.0
2024-07-01 09:30:00-04:00,10.0,10.15999984741211,9.760000228881836,10.15999984741211,114971,0.0,0.0
2024-07-01 10:30:00-04:00,10.140000343322754,10.260000228881836,10.010000228881836,10.119999885559082,151574,0.0,0.0
2024-07-01 11:30:00-04:00,10.140000343322754,10.399999618530273,10.09000015258789,10.34000015258789,118112,0.0,0.0
2024-07-01 12:30:00-04:00,10.34000015258789,10.385000228881836,10.260000228881836,10.329999923706055,101610,0.0,0.0
2024-07-01 13:30:00-04:00,10.329999923706055,10.71500015258789,10.319999694824219,10.619999885559082,164383,0.0,0.0
2024-07-01 14:30:00-04:00,10.619999885559082,11.010000228881836,10.619999885559082,11.0,217076,0.0,0.0
2024-07-01 15:30:00-04:00,11.010000228881836,11.289999961853027,10.949999809265137,11.229999542236328,363888,0.0,0.0
2024-07-02 09:30:00-04:00,11.140000343322754,11.359999656677246,10.890000343322754,11.170000076293945,98601,0.0,0.0
2024-07-02 10:30:00-04:00,11.164999961853027,11.350000381469727,10.9399995803833,11.010000228881836,126578,0.0,0.0
2024-07-02 11:30:00-04:00,11.020000457763672,11.125,10.949999809265137,10.949999809265137,102786,0.0,0.0
2024-07-02 12:30:00-04:00,10.9399995803833,10.9399995803833,10.710000038146973,10.722000122070312,76634,0.0,0.0
2024-07-02 13:30:00-04:00,10.720000267028809,10.9399995803833,10.630000114440918,10.670000076293945,103021,0.0,0.0
2024-07-02 14:30:00-04:00,10.65999984741211,10.800000190734863,10.5600004196167,10.65999984741211,140660,0.0,0.0
2024-07-02 15:30:00-04:00,10.649999618530273,10.65999984741211,10.470000267028809,10.489999771118164,175113,0.0,0.0
2024-07-03 09:30:00-04:00,10.619999885559082,10.619999885559082,10.210000038146973,10.449999809265137,59104,0.0,0.0
2024-07-03 10:30:00-04:00,10.470000267028809,10.619999885559082,10.260000228881836,10.319999694824219,89318,0.0,0.0
2024-07-03 11:30:00-04:00,10.3149995803833,10.760000228881836,10.25,10.739999771118164,92581,0.0,0.0
2024-07-05 09:30:00-04:00,10.65999984741211,10.65999984741211,10.260000228881836,10.479999542236328,75678,0.0,0.0
2024-07-05 10:30:00-04:00,10.479999542236328,10.6899995803833,10.34000015258789,10.520000457763672,78732,0.0,0.0
2024-07-05 11:30:00-04:00,10.520000457763672,10.675000190734863,10.420000076293945,10.420000076293945,50747,0.0,0.0
2024-07-05 12:30:00-04:00,10.420000076293945,10.470000267028809,10.380000114440918,10.430000305175781,45622,0.0,0.0
2024-07-05 13:30:00-04:00,10.4350004196167,10.505000114440918,10.319999694824219,10.359999656677246,53272,0.0,0.0
2024-07-05 14:30:00-04:00,10.359999656677246,10.375,10.140000343322754,10.300000190734863,192953,0.0,0.0
2024-07-05 15:30:00-04:00,10.290200233459473,10.819999694824219,10.270000457763672,10.710000038146973,223076,0.0,0.0
2024-07-08 09:30:00-04:00,10.59000015258789,10.84000015258789,10.420000076293945,10.600000381469727,71240,0.0,0.0
2024-07-08 10:30:00-04:00,10.550000190734863,10.75,10.449999809265137,10.600000381469727,107844,0.0,0.0
2024-07-08 11:30:00-04:00,10.609999656677246,10.649999618530273,10.329999923706055,10.460000038146973,48589,0.0,0.0
2024-07-08 12:30:00-04:00,10.470000267028809,10.649999618530273,10.40999984741211,10.601300239562988,45567,0.0,0.0
2024-07-08 13:30:00-04:00,10.630000114440918,10.890000343322754,10.614999771118164,10.850000381469727,110749,0.0,0.0
2024-07-08 14:30:00-04:00,10.859999656677246,10.9399995803833,10.547800064086914,10.800000190734863,124316,0.0,0.0
2024-07-08 15:30:00-04:00,10.8100004196167,11.010000228881836,10.760000228881836,10.960000038146973,168004,0.0,0.0
2024-07-09 09:30:00-04:00,10.890000343322754,11.10990047454834,10.720000267028809,10.875,66819,0.0,0.0
2024-07-09 10:30:00-04:00,10.880000114440918,11.020000457763672,10.819999694824219,10.899999618530273,65561,0.0,0.0
2024-07-09 11:30:00-04:00,10.899999618530273,10.989999771118164,10.760000228881836,10.800000190734863,55106,0.0,0.0
2024-07-09 12:30:00-04:00,10.800000190734863,10.800000190734863,10.609999656677246,10.720000267028809,40018,0.0,0.0
2024-07-09 13:30:00-04:00,10.720000267028809,10.920000076293945,10.698399543762207,10.869999885559082,41000,0.0,0.0
2024-07-09 14:30:00-04:00,10.850000381469727,10.899999618530273,10.479999542236328,10.539999961853027,107232,0.0,0.0
2024-07-09 15:30:00-04:00,10.539999961853027,10.640000343322754,10.4399995803833,10.569999694824219,155513,0.0,0.0
2024-07-10 09:30:00-04:00,10.40999984741211,11.399999618530273,10.40999984741211,11.21500015258789,152103,0.0,0.0
2024-07-10 10:30:00-04:00,11.239999771118164,11.449999809265137,11.09000015258789,11.369999885559082,96069,0.0,0.0
2024-07-10 11:30:00-04:00,11.399999618530273,11.850000381469727,11.359999656677246,11.770000457763672,96789,0.0,0.0
2024-07-10 12:30:00-04:00,11.789999961853027,12.229999542236328,11.75,12.100000381469727,126541,0.0,0.0
2024-07-10 13:30:00-04:00,12.055000305175781,12.119999885559082,11.539999961853027,11.649999618530273,285686,0.0,0.0
2024-07-10 14:30:00-04:00,11.649999618530273,11.699999809265137,11.359999656677246,11.630000114440918,263122,0.0,0.0
2024-07-10 15:30:00-04:00,11.635000228881836,11.890000343322754,11.5600004196167,11.729999542236328,192546,0.0,0.0
2024-07-11 09:30:00-04:00,12.0,12.380000114440918,11.920000076293945,12.15999984741211,144471,0.0,0.0
2024-07-11 10:30:00-04:00,12.15999984741211,12.199999809265137,11.90999984741211,11.90999984741211,115015,0.0,0.0
2024-07-11 11:30:00-04:00,11.970000267028809,12.0,11.850000381469727,11.925000190734863,40668,0.0,0.0
2024-07-11 12:30:00-04:00,11.940099716186523,12.020000457763672,11.890000343322754,11.9399995803833,50966,0.0,0.0
2024-07-11 13:30:00-04:00,11.960000038146973,12.010000228881836,11.899999618530273,11.949999809265137,49619,0.0,0.0
2024-07-11 14:30:00-04:00,11.949999809265137,11.979999542236328,11.880000114440918,11.914999961853027,60556,0.0,0.0
2024-07-11 15:30:00-04:00,11.930000305175781,12.039999961853027,11.899999618530273,11.970000267028809,144439,0.0,0.0
2024-07-12 09:30:00-04:00,12.119999885559082,12.149999618530273,11.8100004196167,12.005000114440918,173962,0.0,0.0
2024-07-12 10:30:00-04:00,12.006999969482422,12.380000114440918,11.989999771118164,12.15999984741211,156835,0.0,0.0
2024-07-12 11:30:00-04:00,12.140000343322754,12.180000305175781,12.0,12.109999656677246,123457,0.0,0.0
2024-07-12 12:30:00-04:00,12.104999542236328,12.380000114440918,12.090100288391113,12.34000015258789,111661,0.0,0.0
2024-07-12 13:30:00-04:00,12.335000038146973,12.84000015258789,12.3100004196167,12.75,125961,0.0,0.0
2024-07-12 14:30:00-04:00,12.764100074768066,12.84000015258789,12.569999694824219,12.640000343322754,150930,0.0,0.0
2024-07-12 15:30:00-04:00,12.65999984741211,12.949999809265137,12.630000114440918,12.90999984741211,183221,0.0,0.0
2024-07-15 09:30:00-04:00,13.0,13.039999961853027,12.510000228881836,12.640000343322754,120337,0.0,0.0
2024-07-15 10:30:00-04:00,12.630000114440918,12.6899995803833,12.229999542236328,12.479999542236328,105602,0.0,0.0
2024-07-15 11:30:00-04:00,12.449999809265137,12.649999618530273,12.420000076293945,12.4399995803833,63015,0.0,0.0
2024-07-15 12:30:00-04:00,12.420000076293945,12.569999694824219,12.109999656677246,12.5,136348,0.0,0.0
2024-07-15 13:30:00-04:00,12.5,12.569999694824219,12.430000305175781,12.510000228881836,41607,0.0,0.0
2024-07-15 14:30:00-04:00,12.529999732971191,12.680000305175781,12.470000267028809,12.510000228881836,99252,0.0,0.0
2024-07-15 15:30:00-04:00,12.5,12.510000228881836,12.119999885559082,12.399999618530273,165135,0.0,0.0
2024-07-16 09:30:00-04:00,12.539999961853027,12.739999771118164,12.219599723815918,12.255000114440918,100994,0.0,0.0
2024-07-16 10:30:00-04:00,12.220000267028809,12.229999542236328,11.920000076293945,12.119999885559082,158968,0.0,0.0
2024-07-16 11:30:00-04:00,12.100000381469727,12.534099578857422,12.085000038146973,12.479999542236328,78252,0.0,0.0
2024-07-16 12:30:00-04:00,12.449999809265137,12.515000343322754,12.300000190734863,12.430000305175781,45596,0.0,0.0
2024-07-16 13:30:00-04:00,12.430000305175781,12.710000038146973,12.40999984741211,12.670000076293945,42255,0.0,0.0
2024-07-16 14:30:00-04:00,12.680000305175781,12.789999961853027,12.569999694824219,12.699999809265137,75787,0.0,0.0
2024-07-16 15:30:00-04:00,12.699999809265137,12.8100004196167,12.5,12.609999656677246,112055,0.0,0.0
2024-07-17 09:30:00-04:00,12.569999694824219,12.949999809265137,12.149999618530273,12.180000305175781,76191,0.0,0.0
2024-07-17 10:30:00-04:00,12.229999542236328,12.430000305175781,12.220000267028809,12.260000228881836,44409,0.0,0.0
2024-07-17 11:30:00-04:00,12.220000267028809,12.40999984741211,11.977399826049805,12.029999732971191,66385,0.0,0.0
2024-07-17 12:30:00-04:00,12.050000190734863,12.1850004196167,11.930000305175781,12.149999618530273,62948,0.0,0.0
2024-07-17 13:30:00-04:00,12.119600296020508,12.180000305175781,11.949999809265137,12.050000190734863,102453,0.0,0.0
2024-07-17 14:30:00-04:00,12.050000190734863,12.100000381469727,11.880000114440918,11.949999809265137,73784,0.0,0.0
2024-07-17 15:30:00-04:00,11.949999809265137,12.010000228881836,11.899999618530273,11.930000305175781,85392,0.0,0.0
2024-07-18 09:30:00-04:00,11.850000381469727,12.350000381469727,11.850000381469727,12.0600004196167,44934,0.0,0.0
2024-07-18 10:30:00-04:00,12.039999961853027,12.09000015258789,11.869999885559082,11.925000190734863,91064,0.0,0.0
2024-07-18 11:30:00-04:00,11.899999618530273,11.9399995803833,11.760000228881836,11.829999923706055,57754,0.0,0.0
2024-07-18 12:30:00-04:00,11.859999656677246,12.010000228881836,11.770000457763672,11.880000114440918,44952,0.0,0.0
2024-07-18 13:30:00-04:00,11.859999656677246,11.930000305175781,11.75,11.75,30802,0.0,0.0
2024-07-18 14:30:00-04:00,11.760000228881836,11.829999923706055,11.6899995803833,11.699999809265137,51058,0.0,0.0
2024-07-18 15:30:00-04:00,11.710000038146973,11.925000190734863,11.680000305175781,11.890000343322754,101592,0.0,0.0
2024-07-19 09:30:00-04:00,12.0,12.220000267028809,11.864999771118164,12.079999923706055,81275,0.0,0.0
2024-07-19 10:30:00-04:00,12.069999694824219,12.289999961853027,12.069999694824219,12.239999771118164,49591,0.0,0.0
2024-07-19 11:30:00-04:00,12.265000343322754,12.579999923706055,12.239999771118164,12.4399995803833,91174,0.0,0.0
2024-07-19 12:30:00-04:00,12.4350004196167,12.869999885559082,12.4350004196167,12.729999542236328,84014,0.0,0.0
2024-07-19 13:30:00-04:00,12.739999771118164,12.739999771118164,12.329999923706055,12.385000228881836,92331,0.0,0.0
2024-07-19 14:30:00-04:00,12.385000228881836,12.600000381469727,12.180000305175781,12.479999542236328,161513,0.0,0.0
2024-07-19 15:30:00-04:00,12.489999771118164,12.670000076293945,12.470000267028809,12.619999885559082,112566,0.0,0.0
2024-07-22 09:30:00-04:00,12.65999984741211,13.079999923706055,12.630000114440918,12.949999809265137,101280,0.0,0.0
2024-07-22 10:30:00-04:00,12.949999809265137,13.329999923706055,12.90999984741211,13.149999618530273,55912,0.0,0.0
2024-07-22 11:30:00-04:00,13.130000114440918,13.279999732971191,13.0600004196167,13.140000343322754,36951,0.0,0.0
2024-07-22 12:30:00-04:00,13.145000457763672,13.149999618530273,12.890000343322754,12.9350004196167,159747,0.0,0.0
2024-07-22 13:30:00-04:00,12.930000305175781,12.9399995803833,12.704999923706055,12.755000114440918,30386,0.0,0.0
2024-07-22 14:30:00-04:00,12.729999542236328,12.84000015258789,12.670000076293945,12.779999732971191,57259,0.0,0.0
2024-07-22 15:30:00-04:00,12.819999694824219,13.09000015258789,12.789999961853027,13.029999732971191,123597,0.0,0.0
2024-07-23 09:30:00-04:00,12.890000343322754,13.039999961853027,12.751799583435059,12.920000076293945,40443,0.0,0.0
2024-07-23 10:30:00-04:00,12.918000221252441,13.050000190734863,12.918000221252441,12.989999771118164,43185,0.0,0.0
2024-07-23 11:30:00-04:00,13.010000228881836,13.029999732971191,12.835000038146973,12.845000267028809,32984,0.0,0.0
2024-07-23 12:30:00-04:00,12.829999923706055,12.930000305175781,12.829999923706055,12.880000114440918,20737,0.0,0.0
2024-07-23 13:30:00-04:00,12.880000114440918,12.899999618530273,12.770000457763672,12.859999656677246,32949,0.0,0.0
2024-07-23 14:30:00-04:00,12.869999885559082,12.9552001953125,12.84000015258789,12.875,37699,0.0,0.0
2024-07-23 15:30:00-04:00,12.880000114440918,13.0600004196167,12.880000114440918,12.9399995803833,84097,0.0,0.0
2024-07-24 09:30:00-04:00,12.805000305175781,12.805000305175781,12.4399995803833,12.619999885559082,72544,0.0,0.0
2024-07-24 10:30:00-04:00,12.649999618530273,12.800000190734863,12.569999694824219,12.6899995803833,82234,0.0,0.0
2024-07-24 11:30:00-04:00,12.65999984741211,12.789999961853027,12.630000114440918,12.789999961853027,29508,0.0,0.0
2024-07-24 12:30:00-04:00,12.760000228881836,12.770000457763672,12.609999656677246,12.6850004196167,35489,0.0,0.0
2024-07-24 13:30:00-04:00,12.649999618530273,12.8100004196167,12.649999618530273,12.75,40971,0.0,0.0
2024-07-24 14:30:00-04:00,12.819999694824219,12.819999694824219,12.460000038146973,12.649999618530273,168777,0.0,0.0
2024-07-24 15:30:00-04:00,12.649999618530273,12.829999923706055,12.630000114440918,12.8100004196167,142209,0.0,0.0
2024-07-25 09:30:00-04:00,13.199999809265137,13.34000015258789,12.819999694824219,13.289999961853027,320179,0.0,0.0
2024-07-25 10:30:00-04:00,13.260000228881836,13.390000343322754,13.039999961853027,13.329999923706055,65276,0.0,0.0
2024-07-25 11:30:00-04:00,13.329999923706055,13.569999694824219,13.319999694824219,13.524999618530273,106249,0.0,0.0
2024-07-25 12:30:00-04:00,13.529999732971191,13.619999885559082,13.369999885559082,13.460000038146973,74616,0.0,0.0
2024-07-25 13:30:00-04:00,13.46500015258789,13.529999732971191,13.369999885559082,13.460000038146973,94426,0.0,0.0
2024-07-25 14:30:00-04:00,13.460000038146973,13.5,13.319999694824219,13.449999809265137,57595,0.0,0.0
2024-07-25 15:30:00-04:00,13.449999809265137,13.670000076293945,13.359999656677246,13.619999885559082,211373,0.0,0.0
2024-07-26 09:30:00-04:00,14.029999732971191,14.09000015258789,13.699999809265137,13.760000228881836,117059,0.0,0.0
2024-07-26 10:30:00-04:00,13.739999771118164,13.770000457763672,13.37399959564209,13.505000114440918,65078,0.0,0.0
2024-07-26 11:30:00-04:00,13.510000228881836,13.550000190734863,13.390000343322754,13.4399995803833,31704,0.0,0.0
2024-07-26 12:30:00-04:00,13.460000038146973,13.484999656677246,13.319999694824219,13.449999809265137,31335,0.0,0.0
2024-07-26 13:30:00-04:00,13.460000038146973,13.520000457763672,13.369999885559082,13.460000038146973,33449,0.0,0.0
2024-07-26 14:30:00-04:00,13.449999809265137,13.640000343322754,13.449999809265137,13.604999542236328,99390,0.0,0.0
2024-07-26 15:30:00-04:00,13.59000015258789,13.84000015258789,13.449999809265137,13.760000228881836,200836,0.0,0.0
2024-07-29 09:30:00-04:00,13.600000381469727,13.739999771118164,13.291099548339844,13.319999694824219,50677,0.0,0.0
2024-07-29 10:30:00-04:00,13.319999694824219,13.375,13.170000076293945,13.239999771118164,53401,0.0,0.0
2024-07-29 11:30:00-04:00,13.199999809265137,13.359999656677246,13.170000076293945,13.25,28956,0.0,0.0
2024-07-29 12:30:00-04:00,13.260000228881836,13.289999961853027,12.920000076293945,13.020000457763672,46089,0.0,0.0
2024-07-29 13:30:00-04:00,13.010000228881836,13.079999923706055,12.890000343322754,13.020000457763672,53349,0.0,0.0
2024-07-29 14:30:00-04:00,13.0,13.020000457763672,12.65999984741211,12.6850004196167,82501,0.0,0.0
2024-07-29 15:30:00-04:00,12.680000305175781,12.890000343322754,12.59000015258789,12.640000343322754,128346,0.0,0.0
2024-07-30 09:30:00-04:00,12.9399995803833,13.199999809265137,12.75,12.78499984741211,48930,0.0,0.0
2024-07-30 10:30:00-04:00,12.84000015258789,12.979999542236328,12.65999984741211,12.710000038146973,36373,0.0,0.0
2024-07-30 11:30:00-04:00,12.6899995803833,12.704999923706055,12.430000305175781,12.520000457763672,40624,0.0,0.0
2024-07-30 12:30:00-04:00,12.539999961853027,12.550000190734863,12.319999694824219,12.460000038146973,40321,0.0,0.0
2024-07-30 13:30:00-04:00,12.470000267028809,12.630000114440918,12.460000038146973,12.579999923706055,34738,0.0,0.0
2024-07-30 14:30:00-04:00,12.59000015258789,12.720000267028809,12.550000190734863,12.569999694824219,61204,0.0,0.0
2024-07-30 15:30:00-04:00,12.539999961853027,12.670000076293945,12.470000267028809,12.579999923706055,105820,0.0,0.0
2024-07-31 09:30:00-04:00,12.600000381469727,13.069999694824219,12.40999984741211,12.9399995803833,46111,0.0,0.0
2024-07-31 10:30:00-04:00,12.949999809265137,13.319999694824219,12.850000381469727,13.295000076293945,58951,0.0,0.0
2024-07-31 11:30:00-04:00,13.319999694824219,13.359999656677246,13.130000114440918,13.199999809265137,107107,0.0,0.0
2024-07-31 12:30:00-04:00,13.199999809265137,13.210000038146973,13.109999656677246,13.1899995803833,82276,0.0,0.0
2024-07-31 13:30:00-04:00,13.170000076293945,13.40999984741211,13.125,13.369999885559082,44024,0.0,0.0
2024-07-31 14:30:00-04:00,13.380000114440918,13.75,13.380000114440918,13.520000457763672,127520,0.0,0.0
2024-07-31 15:30:00-04:00,13.539999961853027,13.6850004196167,13.520000457763672,13.65999984741211,179248,0.0,0.0
2024-08-01 09:30:00-04:00,13.649999618530273,13.75,13.40999984741211,13.5,111500,0.0,0.0
2024-08-01 10:30:00-04:00,13.5,13.550000190734863,13.234999656677246,13.25,123491,0.0,0.0
2024-08-01 11:30:00-04:00,13.270000457763672,13.300000190734863,13.149999618530273,13.220000267028809,49370,0.0,0.0
2024-08-01 12:30:00-04:00,13.229999542236328,13.420000076293945,13.069999694824219,13.25,58367,0.0,0.0
2024-08-01 13:30:00-04:00,13.260000228881836,13.364999771118164,13.170000076293945,13.25,55682,0.0,0.0
2024-08-01 14:30:00-04:00,13.270000457763672,13.5,13.170000076293945,13.444999694824219,64412,0.0,0.0
2024-08-01 15:30:00-04:00,13.470000267028809,13.529999732971191,13.274999618530273,13.430000305175781,143649,0.0,0.0
2024-08-02 09:30:00-04:00,12.880000114440918,13.130000114440918,12.630000114440918,12.770000457763672,69603,0.0,0.0
2024-08-02 10:30:00-04:00,12.768600463867188,12.774999618530273,12.3149995803833,12.324999809265137,39420,0.0,0.0
2024-08-02 11:30:00-04:00,12.359999656677246,12.710000038146973,12.319999694824219,12.699999809265137,0,0.0,0.0
2024-08-02 12:30:00-04:00,12.670000076293945,13.0,12.649999618530273,12.850000381469727,189883,0.0,0.0
2024-08-02 13:30:00-04:00,12.800000190734863,12.827500343322754,12.210000038146973,12.268699645996094,93662,0.0,0.0
2024-08-02 14:30:00-04:00,12.289999961853027,12.4399995803833,12.25,12.390000343322754,61943,0.0,0.0
2024-08-02 15:30:00-04:00,12.369999885559082,12.4399995803833,12.300000190734863,12.380000114440918,85302,0.0,0.0
2024-08-05 09:30:00-04:00,11.199999809265137,12.010000228881836,11.010000228881836,11.569999694824219,172687,0.0,0.0
2024-08-05 10:30:00-04:00,11.600000381469727,11.9399995803833,11.510000228881836,11.9399995803833,70270,0.0,0.0
2024-08-05 11:30:00-04:00,11.899999618530273,12.260000228881836,11.880000114440918,12.220000267028809,38761,0.0,0.0
2024-08-05 12:30:00-04:00,12.260000228881836,12.3100004196167,12.119999885559082,12.154999732971191,34702,0.0,0.0
2024-08-05 13:30:00-04:00,12.170000076293945,12.279999732971191,11.984999656677246,12.0600004196167,49596,0.0,0.0
2024-08-05 14:30:00-04:00,12.050000190734863,12.135000228881836,12.0,12.010000228881836,76597,0.0,0.0
2024-08-05 15:30:00-04:00,12.015000343322754,12.15999984741211,11.960000038146973,11.96500015258789,107384,0.0,0.0
2024-08-06 09:30:00-04:00,12.399999618530273,12.399999618530273,11.845000267028809,12.1850004196167,86398,0.0,0.0
2024-08-06 10:30:00-04:00,12.0600004196167,12.390000343322754,11.989999771118164,12.024999618530273,42057,0.0,0.0
2024-08-06 11:30:00-04:00,12.024999618530273,12.239999771118164,12.024999618530273,12.180000305175781,30023,0.0,0.0
2024-08-06 12:30:00-04:00,12.170000076293945,12.170000076293945,11.970000267028809,12.09000015258789,37345,0.0,0.0
2024-08-06 13:30:00-04:00,12.09000015258789,12.260000228881836,12.0600004196167,12.21500015258789,24982,0.0,0.0
2024-08-06 14:30:00-04:00,12.220000267028809,12.260000228881836,11.979999542236328,12.141799926757812,64551,0.0,0.0
2024-08-06 15:30:00-04:00,12.140000343322754,12.369999885559082,12.140000343322754,12.359999656677246,117282,0.0,0.0
2024-08-07 09:30:00-04:00,12.680000305175781,12.680000305175781,12.079999923706055,12.140000343322754,44265,0.0,0.0
2024-08-07 10:30:00-04:00,12.135000228881836,12.289999961853027,11.954999923706055,11.970000267028809,59716,0.0,0.0
2024-08-07 11:30:00-04:00,11.949999809265137,12.104999542236328,11.949999809265137,12.0,67297,0.0,0.0
2024-08-07 12:30:00-04:00,12.0,12.0,11.694999694824219,11.75,72995,0.0,0.0
2024-08-07 13:30:00-04:00,11.744999885559082,11.859999656677246,11.550000190734863,11.680000305175781,92173,0.0,0.0
2024-08-07 14:30:00-04:00,11.65999984741211,11.829999923706055,11.630000114440918,11.829999923706055,84596,0.0,0.0
2024-08-07 15:30:00-04:00,11.829999923706055,11.850000381469727,11.609999656677246,11.640000343322754,152626,0.0,0.0
2024-08-08 09:30:00-04:00,11.699999809265137,11.850000381469727,11.420000076293945,11.8100004196167,37173,0.0,0.0
2024-08-08 10:30:00-04:00,11.779999732971191,12.0,11.734999656677246,11.850000381469727,43018,0.0,0.0
2024-08-08 11:30:00-04:00,11.875,11.920000076293945,11.800000190734863,11.920000076293945,89229,0.0,0.0
2024-08-08 12:30:00-04:00,11.890000343322754,12.140000343322754,11.835000038146973,12.140000343322754,55337,0.0,0.0
2024-08-08 13:30:00-04:00,12.079999923706055,12.130000114440918,11.994999885559082,12.074999809265137,67200,0.0,0.0
2024-08-08 14:30:00-04:00,12.0600004196167,12.170000076293945,11.989999771118164,11.9975004196167,79027,0.0,0.0
2024-08-08 15:30:00-04:00,12.0,12.25,11.970000267028809,12.180000305175781,129955,0.0,0.0
2024-08-09 09:30:00-04:00,12.109999656677246,12.220000267028809,11.960000038146973,12.15999984741211,25643,0.0,0.0
2024-08-09 10:30:00-04:00,12.145999908447266,12.25,12.050000190734863,12.0600004196167,32399,0.0,0.0
2024-08-09 11:30:00-04:00,12.074999809265137,12.109999656677246,11.989999771118164,12.024999618530273,33468,0.0,0.0
2024-08-09 12:30:00-04:00,12.029999732971191,12.100000381469727,12.010000228881836,12.029999732971191,0,0.0,0.0
2024-08-09 13:30:00-04:00,12.069999694824219,12.079999923706055,11.84000015258789,11.9399995803833,230162,0.0,0.0
2024-08-09 14:30:00-04:00,11.949999809265137,12.0600004196167,11.890000343322754,12.010000228881836,129706,0.0,0.0
2024-08-09 15:30:00-04:00,12.010000228881836,12.140000343322754,11.970000267028809,12.050000190734863,90701,0.0,0.0
2024-08-12 09:30:00-04:00,11.9399995803833,12.180000305175781,11.850000381469727,11.90999984741211,72328,0.0,0.0
2024-08-12 10:30:00-04:00,11.901000022888184,12.0600004196167,11.680000305175781,11.680000305175781,105946,0.0,0.0
2024-08-12 11:30:00-04:00,11.6850004196167,11.9399995803833,11.630000114440918,11.770000457763672,38489,0.0,0.0
2024-08-12 12:30:00-04:00,11.739999771118164,11.949999809265137,11.670000076293945,11.949999809265137,45029,0.0,0.0
2024-08-12 13:30:00-04:00,11.989999771118164,11.989999771118164,11.779999732971191,11.795000076293945,48485,0.0,0.0
2024-08-12 14:30:00-04:00,11.795000076293945,11.989999771118164,11.779999732971191,11.979999542236328,67074,0.0,0.0
2024-08-12 15:30:00-04:00,12.0,12.25,11.899999618530273,12.069999694824219,173179,0.0,0.0
2024-08-13 09:30:00-04:00,11.0,12.489999771118164,10.90999984741211,12.289999961853027,148936,0.0,0.0
2024-08-13 10:30:00-04:00,12.279999732971191,12.479999542236328,12.100000381469727,12.350000381469727,102529,0.0,0.0
2024-08-13 11:30:00-04:00,12.350000381469727,12.619999885559082,12.34000015258789,12.550000190734863,73333,0.0,0.0
2024-08-13 12:30:00-04:00,12.5600004196167,12.59000015258789,12.28499984741211,12.489999771118164,41159,0.0,0.0
2024-08-13 13:30:00-04:00,12.460000038146973,12.550000190734863,12.34000015258789,12.529999732971191,43370,0.0,0.0
2024-08-13 14:30:00-04:00,12.550000190734863,12.65999984741211,12.5,12.539999961853027,68829,0.0,0.0
2024-08-13 15:30:00-04:00,12.53499984741211,12.970000267028809,12.53499984741211,12.770000457763672,147187,0.0,0.0
2024-08-14 09:30:00-04:00,12.640000343322754,12.869999885559082,12.4399995803833,12.595000267028809,45166,0.0,0.0
2024-08-14 10:30:00-04:00,12.600000381469727,12.664999961853027,12.460000038146973,12.600000381469727,24008,0.0,0.0
2024-08-14 11:30:00-04:00,12.600000381469727,13.020000457763672,12.600000381469727,12.765000343322754,55248,0.0,0.0
2024-08-14 12:30:00-04:00,12.770000457763672,13.085000038146973,12.739999771118164,13.029999732971191,40630,0.0,0.0
2024-08-14 13:30:00-04:00,13.010000228881836,13.100000381469727,12.90999984741211,13.09000015258789,45954,0.0,0.0
2024-08-14 14:30:00-04:00,13.100000381469727,13.4399995803833,13.079999923706055,13.319999694824219,83226,0.0,0.0
2024-08-14 15:30:00-04:00,13.3100004196167,13.460000038146973,13.279999732971191,13.380000114440918,85893,0.0,0.0
2024-08-15 09:30:00-04:00,13.550000190734863,13.949999809265137,13.5,13.869999885559082,128219,0.0,0.0
2024-08-15 10:30:00-04:00,13.890000343322754,14.529999732971191,13.890000343322754,14.4306001663208,103287,0.0,0.0
2024-08-15 11:30:00-04:00,14.420000076293945,14.539999961853027,14.25,14.350000381469727,108247,0.0,0.0
2024-08-15 12:30:00-04:00,14.359999656677246,14.420000076293945,13.949999809265137,14.25,74947,0.0,0.0
2024-08-15 13:30:00-04:00,14.239999771118164,14.3149995803833,13.949999809265137,13.970000267028809,40506,0.0,0.0
2024-08-15 14:30:00-04:00,13.96500015258789,13.989999771118164,13.75,13.770000457763672,65968,0.0,0.0
2024-08-15 15:30:00-04:00,13.779999732971191,13.960000038146973,13.765000343322754,13.899999618530273,93852,0.0,0.0
2024-08-16 09:30:00-04:00,13.920000076293945,14.604999542236328,13.864999771118164,14.239999771118164,187016,0.0,0.0
2024-08-16 10:30:00-04:00,14.210000038146973,14.249899864196777,13.819999694824219,13.9399995803833,111420,0.0,0.0
2024-08-16 11:30:00-04:00,13.969900131225586,14.029999732971191,13.220000267028809,13.364999771118164,81378,0.0,0.0
2024-08-16 12:30:00-04:00,13.369999885559082,13.470000267028809,13.119999885559082,13.470000267028809,59715,0.0,0.0
2024-08-16 13:30:00-04:00,13.470000267028809,13.529999732971191,13.359999656677246,13.5,46641,0.0,0.0
2024-08-16 14:30:00-04:00,13.489999771118164,13.510000228881836,13.390000343322754,13.5,63661,0.0,0.0
2024-08-16 15:30:00-04:00,13.489999771118164,13.640000343322754,13.380000114440918,13.460000038146973,140000,0.0,0.0
2024-08-19 09:30:00-04:00,13.550000190734863,13.550000190734863,13.0,13.069999694824219,59261,0.0,0.0
2024-08-19 10:30:00-04:00,13.0649995803833,13.15999984741211,12.850000381469727,12.904999732971191,65438,0.0,0.0
2024-08-19 11:30:00-04:00,12.904999732971191,13.130000114440918,12.850000381469727,13.09000015258789,56922,0.0,0.0
2024-08-19 12:30:00-04:00,13.119999885559082,13.119999885559082,12.930000305175781,13.085000038146973,39167,0.0,0.0
2024-08-19 13:30:00-04:00,13.079999923706055,13.800000190734863,13.039999961853027,13.720000267028809,76503,0.0,0.0
2024-08-19 14:30:00-04:00,13.720000267028809,13.899999618530273,13.59160041809082,13.800000190734863,70613,0.0,0.0
2024-08-19 15:30:00-04:00,13.75,14.109999656677246,13.739999771118164,14.109999656677246,106203,0.0,0.0
2024-08-20 09:30:00-04:00,14.199999809265137,14.489999771118164,13.79010009765625,13.79010009765625,62471,0.0,0.0
2024-08-20 10:30:00-04:00,13.800000190734863,14.029999732971191,13.770000457763672,13.84000015258789,31943,0.0,0.0
2024-08-20 11:30:00-04:00,13.8100004196167,13.90999984741211,13.680000305175781,13.720000267028809,45544,0.0,0.0
2024-08-20 12:30:00-04:00,13.6899995803833,13.920000076293945,13.6899995803833,13.920000076293945,24404,0.0,0.0
2024-08-20 13:30:00-04:00,13.90999984741211,14.25,13.890000343322754,14.248499870300293,57233,0.0,0.0
2024-08-20 14:30:00-04:00,14.249600410461426,14.619999885559082,14.199999809265137,14.619999885559082,90597,0.0,0.0
2024-08-20 15:30:00-04:00,14.595000267028809,14.859999656677246,14.550000190734863,14.760000228881836,146307,0.0,0.0
2024-08-21 09:30:00-04:00,14.899999618530273,14.949999809265137,14.5600004196167,14.670000076293945,52069,0.0,0.0
2024-08-21 10:30:00-04:00,14.699999809265137,14.8100004196167,14.569999694824219,14.6899995803833,28309,0.0,0.0
2024-08-21 11:30:00-04:00,14.71500015258789,14.819999694824219,14.649999618530273,14.779999732971191,19839,0.0,0.0
2024-08-21 12:30:00-04:00,14.779999732971191,14.949999809265137,14.720000267028809,14.949999809265137,32472,0.0,0.0
2024-08-21 13:30:00-04:00,14.949999809265137,15.300000190734863,14.930000305175781,15.300000190734863,115888,0.0,0.0
2024-08-21 14:30:00-04:00,15.25,15.28499984741211,14.9399995803833,14.979999542236328,57460,0.0,0.0
2024-08-21 15:30:00-04:00,14.979999542236328,15.289999961853027,14.979999542236328,15.229999542236328,110794,0.0,0.0
2024-08-22 09:30:00-04:00,15.010000228881836,15.430000305175781,15.0,15.295000076293945,70202,0.0,0.0
2024-08-22 10:30:00-04:00,15.295000076293945,15.329999923706055,15.180000305175781,15.199999809265137,40121,0.0,0.0
2024-08-22 11:30:00-04:00,15.1899995803833,15.279999732971191,14.949999809265137,15.220000267028809,69654,0.0,0.0
2024-08-22 12:30:00-04:00,15.229999542236328,15.25,14.920000076293945,15.0,33954,0.0,0.0
2024-08-22 13:30:00-04:00,14.960000038146973,15.039999961853027,14.899999618530273,14.994999885559082,57364,0.0,0.0
2024-08-22 14:30:00-04:00,14.994999885559082,15.0600004196167,14.944999694824219,14.949999809265137,50274,0.0,0.0
2024-08-22 15:30:00-04:00,14.949999809265137,15.039999961853027,14.920000076293945,15.020000457763672,139018,0.0,0.0
2024-08-23 09:30:00-04:00,15.109999656677246,15.520000457763672,15.109999656677246,15.489999771118164,64686,0.0,0.0
2024-08-23 10:30:00-04:00,15.489999771118164,15.670000076293945,15.350000381469727,15.460000038146973,56184,0.0,0.0
2024-08-23 11:30:00-04:00,15.460000038146973,15.539999961853027,15.359999656677246,15.470000267028809,68565,0.0,0.0
2024-08-23 12:30:00-04:00,15.5,15.550000190734863,15.399999618530273,15.5,34931,0.0,0.0
2024-08-23 13:30:00-04:00,15.510000228881836,15.704999923706055,15.5,15.664999961853027,68230,0.0,0.0
2024-08-23 14:30:00-04:00,15.664999961853027,15.729999542236328,15.579999923706055,15.675000190734863,121641,0.0,0.0
2024-08-23 15:30:00-04:00,15.675000190734863,15.819999694824219,15.579999923706055,15.687999725341797,209352,0.0,0.0
2024-08-26 09:30:00-04:00,15.989999771118164,16.549999237060547,15.630000114440918,15.75,261378,0.0,0.0
2024-08-26 10:30:00-04:00,15.75,15.760000228881836,15.3100004196167,15.430000305175781,139843,0.0,0.0
2024-08-26 11:30:00-04:00,15.430000305175781,16.040000915527344,15.399999618530273,15.9399995803833,77011,0.0,0.0
2024-08-26 12:30:00-04:00,15.930000305175781,16.174999237060547,15.930000305175781,16.040000915527344,53021,0.0,0.0
2024-08-26 13:30:00-04:00,16.049999237060547,16.100000381469727,15.829999923706055,15.930000305175781,63099,0.0,0.0
2024-08-26 14:30:00-04:00,15.970000267028809,16.040000915527344,15.800000190734863,15.800000190734863,84509,0.0,0.0
2024-08-26 15:30:00-04:00,15.819999694824219,15.829999923706055,15.600000381469727,15.819999694824219,247160,0.0,0.0
2024-08-27 09:30:00-04:00,15.75,15.954999923706055,15.46500015258789,15.699999809265137,98151,0.0,0.0
2024-08-27 10:30:00-04:00,15.725000381469727,16.0,15.5649995803833,15.579999923706055,75260,0.0,0.0
2024-08-27 11:30:00-04:00,15.569999694824219,15.579999923706055,15.119999885559082,15.210000038146973,99190,0.0,0.0
2024-08-27 12:30:00-04:00,15.199999809265137,15.260000228881836,15.100000381469727,15.194999694824219,86799,0.0,0.0
2024-08-27 13:30:00-04:00,15.210000038146973,15.289999961853027,15.114999771118164,15.180000305175781,109049,0.0,0.0
2024-08-27 14:30:00-04:00,15.175000190734863,15.279999732971191,15.15999984741211,15.210000038146973,97027,0.0,0.0
2024-08-27 15:30:00-04:00,15.204999923706055,15.270000457763672,15.149999618530273,15.260000228881836,235744,0.0,0.0
2024-08-28 09:30:00-04:00,15.229999542236328,15.970000267028809,15.229999542236328,15.399999618530273,136045,0.0,0.0
2024-08-28 10:30:00-04:00,15.420999526977539,15.569999694824219,15.28499984741211,15.380000114440918,125289,0.0,0.0
2024-08-28 11:30:00-04:00,15.350000381469727,15.5,15.240099906921387,15.305000305175781,74919,0.0,0.0
2024-08-28 12:30:00-04:00,15.279999732971191,15.329999923706055,15.07919979095459,15.279999732971191,61175,0.0,0.0
2024-08-28 13:30:00-04:00,15.289999961853027,15.3100004196167,15.09000015258789,15.1899995803833,70222,0.0,0.0
2024-08-28 14:30:00-04:00,15.180000305175781,15.710000038146973,15.170000076293945,15.399999618530273,138346,0.0,0.0
2024-08-28 15:30:00-04:00,15.399999618530273,15.505000114440918,15.140000343322754,15.289999961853027,229158,0.0,0.0
2024-08-29 09:30:00-04:00,15.4399995803833,15.654999732971191,15.369999885559082,15.604999542236328,66159,0.0,0.0
2024-08-29 10:30:00-04:00,15.574999809265137,15.619999885559082,15.460000038146973,15.539999961853027,55121,0.0,0.0
2024-08-29 11:30:00-04:00,15.555000305175781,15.635000228881836,15.475000381469727,15.529999732971191,47278,0.0,0.0
2024-08-29 12:30:00-04:00,15.524999618530273,15.539999961853027,15.449999809265137,15.479999542236328,33156,0.0,0.0
2024-08-29 13:30:00-04:00,15.5,15.59000015258789,15.444999694824219,15.460000038146973,50783,0.0,0.0
2024-08-29 14:30:00-04:00,15.509900093078613,15.550000190734863,15.390000343322754,15.510000228881836,98043,0.0,0.0
2024-08-29 15:30:00-04:00,15.510000228881836,15.640000343322754,15.420000076293945,15.5600004196167,206585,0.0,0.0
2024-08-30 09:30:00-04:00,15.539999961853027,16.0,15.539999961853027,15.729999542236328,51072,0.0,0.0
2024-08-30 10:30:00-04:00,15.699999809265137,15.869999885559082,15.630000114440918,15.6899995803833,69775,0.0,0.0
2024-08-30 11:30:00-04:00,15.680000305175781,16.0049991607666,15.595000267028809,16.0,103502,0.0,0.0
2024-08-30 12:30:00-04:00,16.0,16.1299991607666,15.920000076293945,15.920000076293945,158821,0.0,0.0
2024-08-30 13:30:00-04:00,15.90999984741211,16.049999237060547,15.710000038146973,15.779999732971191,85904,0.0,0.0
2024-08-30 14:30:00-04:00,15.74470043182373,15.899999618530273,15.699999809265137,15.845000267028809,72556,0.0,0.0
2024-08-30 15:30:00-04:00,15.850000381469727,15.869999885559082,15.645000457763672,15.779999732971191,161864,0.0,0.0
2024-09-03 09:30:00-04:00,15.550000190734863,15.9399995803833,14.579999923706055,14.755000114440918,95608,0.0,0.0
2024-09-03 10:30:00-04:00,14.699999809265137,14.869999885559082,14.609999656677246,14.649999618530273,77960,0.0,0.0
2024-09-03 11:30:00-04:00,14.600000381469727,14.670000076293945,14.170000076293945,14.390000343322754,143848,0.0,0.0
2024-09-03 12:30:00-04:00,14.390000343322754,14.390000343322754,14.234999656677246,14.329999923706055,46145,0.0,0.0
2024-09-03 13:30:00-04:00,14.319999694824219,14.449999809265137,14.199999809265137,14.4350004196167,60173,0.0,0.0
2024-09-03 14:30:00-04:00,14.460000038146973,14.479999542236328,14.244999885559082,14.244999885559082,54776,0.0,0.0
2024-09-03 15:30:00-04:00,14.265000343322754,14.329999923706055,13.949999809265137,14.180000305175781,267239,0.0,0.0
2024-09-04 09:30:00-04:00,14.119999885559082,14.6850004196167,14.039999961853027,14.680000305175781,38881,0.0,0.0
2024-09-04 10:30:00-04:00,14.680000305175781,15.02750015258789,14.680000305175781,14.760000228881836,66971,0.0,0.0
2024-09-04 11:30:00-04:00,14.760000228881836,14.829999923706055,14.699999809265137,14.78499984741211,53352,0.0,0.0
2024-09-04 12:30:00-04:00,14.78499984741211,14.864999771118164,14.65999984741211,14.84000015258789,33478,0.0,0.0
2024-09-04 13:30:00-04:00,14.84060001373291,14.90999984741211,14.680000305175781,14.789999961853027,38862,0.0,0.0
2024-09-04 14:30:00-04:00,14.789999961853027,14.819999694824219,14.59000015258789,14.819999694824219,45523,0.0,0.0
2024-09-04 15:30:00-04:00,14.800000190734863,14.989999771118164,14.739999771118164,14.960000038146973,140411,0.0,0.0
2024-09-05 09:30:00-04:00,15.0,15.744999885559082,14.859999656677246,15.630000114440918,739950,0.0,0.0
2024-09-05 10:30:00-04:00,15.614999771118164,15.675000190734863,15.319999694824219,15.515000343322754,70258,0.0,0.0
2024-09-05 11:30:00-04:00,15.515000343322754,15.65999984741211,15.420000076293945,15.550000190734863,47712,0.0,0.0
2024-09-05 12:30:00-04:00,15.550000190734863,15.619999885559082,15.175000190734863,15.380000114440918,156274,0.0,0.0
2024-09-05 13:30:00-04:00,15.40999984741211,15.460000038146973,15.329999923706055,15.380000114440918,41879,0.0,0.0
2024-09-05 14:30:00-04:00,15.380000114440918,15.609999656677246,15.380000114440918,15.520000457763672,182119,0.0,0.0
2024-09-05 15:30:00-04:00,15.5,15.59000015258789,15.369999885559082,15.420000076293945,211598,0.0,0.0
2024-09-06 09:30:00-04:00,15.494999885559082,15.645000457763672,14.869999885559082,14.870100021362305,55231,0.0,0.0
2024-09-06 10:30:00-04:00,14.890000343322754,14.989999771118164,14.511199951171875,14.609999656677246,27357,0.0,0.0
2024-09-06 11:30:00-04:00,14.630000114440918,14.880000114440918,14.539999961853027,14.795000076293945,39511,0.0,0.0
2024-09-06 12:30:00-04:00,14.829999923706055,15.125,14.699999809265137,15.100000381469727,43720,0.0,0.0
2024-09-06 13:30:00-04:00,15.100000381469727,15.125,14.875,14.9399995803833,23819,0.0,0.0
2024-09-06 14:30:00-04:00,14.960000038146973,15.229999542236328,14.869999885559082,15.170000076293945,66142,0.0,0.0
2024-09-06 15:30:00-04:00,15.170000076293945,15.4399995803833,15.119999885559082,15.270000457763672,119672,0.0,0.0
