Datetime,Open,High,Low,Close,Volume,Dividends,Stock Splits
2022-09-08 10:30:00-04:00,27.0,27.0,27.0,27.0,0,0.0,0.0
2022-09-08 11:30:00-04:00,26.81999969482422,26.81999969482422,26.520000457763672,26.520000457763672,1545,0.0,0.0
2022-09-08 12:30:00-04:00,26.81999969482422,27.18000030517578,26.219999313354492,27.18000030517578,3593,0.0,0.0
2022-09-08 13:30:00-04:00,27.104999542236328,27.68000030517578,27.0,27.549999237060547,2270,0.0,0.0
2022-09-08 14:30:00-04:00,27.049999237060547,27.549999237060547,27.049999237060547,27.549999237060547,1214,0.0,0.0
2022-09-08 15:30:00-04:00,27.975000381469727,28.0,27.975000381469727,27.975000381469727,732,0.0,0.0
2022-09-09 09:30:00-04:00,28.100000381469727,28.100000381469727,28.100000381469727,28.100000381469727,0,0.0,0.0
2022-09-09 10:30:00-04:00,28.0,28.0,28.0,28.0,889,0.0,0.0
2022-09-09 11:30:00-04:00,28.5,28.5,28.5,28.5,578,0.0,0.0
2022-09-09 12:30:00-04:00,28.5,28.5,28.5,28.5,761,0.0,0.0
2022-09-09 13:30:00-04:00,28.0,28.25,28.0,28.25,1459,0.0,0.0
2022-09-09 14:30:00-04:00,28.5,28.5,28.24570083618164,28.5,1788,0.0,0.0
2022-09-09 15:30:00-04:00,28.3700008392334,28.3700008392334,28.25,28.3700008392334,841,0.0,0.0
2022-09-12 09:30:00-04:00,28.510000228881836,28.510000228881836,28.0,28.0,0,0.0,0.0
2022-09-12 10:30:00-04:00,28.5,28.5,28.5,28.5,285,0.0,0.0
2022-09-12 11:30:00-04:00,28.5,28.5,28.5,28.5,869,0.0,0.0
2022-09-12 12:30:00-04:00,28.5,28.5,28.25,28.25,596,0.0,0.0
2022-09-12 13:30:00-04:00,28.5,28.5,28.270000457763672,28.5,1525,0.0,0.0
2022-09-12 14:30:00-04:00,28.260000228881836,28.649999618530273,28.260000228881836,28.489999771118164,5677,0.0,0.0
2022-09-12 15:30:00-04:00,28.5,28.75,28.5,28.75,0,0.0,0.0
2022-09-13 11:30:00-04:00,28.75,28.850000381469727,28.75,28.850000381469727,1905,0.0,0.0
2022-09-13 12:30:00-04:00,28.850000381469727,28.950000762939453,28.850000381469727,28.950000762939453,2081,0.0,0.0
2022-09-13 13:30:00-04:00,29.0,29.0,29.0,29.0,886,0.0,0.0
2022-09-13 14:30:00-04:00,29.0,29.0,29.0,29.0,2065,0.0,0.0
2022-09-13 15:30:00-04:00,29.0,29.0,29.0,29.0,2150,0.0,0.0
2022-09-14 09:30:00-04:00,29.0,29.0,29.0,29.0,0,0.0,0.0
2022-09-14 10:30:00-04:00,28.649999618530273,28.649999618530273,28.43000030517578,28.43000030517578,1424,0.0,0.0
2022-09-14 11:30:00-04:00,29.5,29.5,29.0,29.0,800,0.0,0.0
2022-09-14 12:30:00-04:00,29.5,29.5,29.5,29.5,460,0.0,0.0
2022-09-14 13:30:00-04:00,29.5,29.5,28.575000762939453,29.5,1218,0.0,0.0
2022-09-14 14:30:00-04:00,29.5,29.5,29.5,29.5,957,0.0,0.0
2022-09-14 15:30:00-04:00,29.5,29.600000381469727,29.450000762939453,29.600000381469727,0,0.0,0.0
2022-09-15 11:30:00-04:00,29.3799991607666,30.0,29.3799991607666,30.0,963,0.0,0.0
2022-09-15 12:30:00-04:00,30.10379981994629,30.10379981994629,30.0,30.0,2036,0.0,0.0
2022-09-15 13:30:00-04:00,30.19499969482422,30.5,29.889999389648438,29.889999389648438,1288,0.0,0.0
2022-09-15 14:30:00-04:00,29.920000076293945,30.219999313354492,29.920000076293945,29.975000381469727,1757,0.0,0.0
2022-09-15 15:30:00-04:00,29.975000381469727,30.290000915527344,29.0,30.25,5400,0.0,0.0
2022-09-16 09:30:00-04:00,28.790000915527344,28.790000915527344,28.790000915527344,28.790000915527344,0,0.0,0.0
2022-09-16 10:30:00-04:00,28.790000915527344,28.790000915527344,28.790000915527344,28.790000915527344,432,0.0,0.0
2022-09-16 12:30:00-04:00,29.0,29.950000762939453,28.799999237060547,29.950000762939453,3306,0.0,0.0
2022-09-16 13:30:00-04:00,29.125,30.299999237060547,29.125,30.299999237060547,1669,0.0,0.0
2022-09-16 14:30:00-04:00,29.729999542236328,30.299999237060547,29.399999618530273,29.969999313354492,5045,0.0,0.0
2022-09-16 15:30:00-04:00,30.145000457763672,30.299999237060547,29.399999618530273,29.399999618530273,2166,0.0,0.0
2022-09-19 09:30:00-04:00,29.0,29.020000457763672,29.0,29.0,1069,0.0,0.0
2022-09-19 10:30:00-04:00,29.237499237060547,29.237499237060547,29.237499237060547,29.237499237060547,183,0.0,0.0
2022-09-19 11:30:00-04:00,29.499900817871094,29.499900817871094,29.499900817871094,29.499900817871094,459,0.0,0.0
2022-09-19 14:30:00-04:00,29.295000076293945,29.295000076293945,29.295000076293945,29.295000076293945,631,0.0,0.0
2022-09-20 09:30:00-04:00,28.670000076293945,28.739999771118164,28.670000076293945,28.739999771118164,1011,0.0,0.0
2022-09-20 10:30:00-04:00,28.670000076293945,28.920000076293945,28.670000076293945,28.850000381469727,2079,0.0,0.0
2022-09-20 11:30:00-04:00,28.90999984741211,30.25,28.90999984741211,29.809999465942383,1723,0.0,0.0
2022-09-20 12:30:00-04:00,29.950000762939453,29.950000762939453,29.950000762939453,29.950000762939453,363,0.0,0.0
2022-09-20 13:30:00-04:00,30.299999237060547,30.299999237060547,30.299999237060547,30.299999237060547,260,0.0,0.0
2022-09-20 14:30:00-04:00,30.059999465942383,30.059999465942383,30.059999465942383,30.059999465942383,242,0.0,0.0
2022-09-21 09:30:00-04:00,30.059999465942383,30.059999465942383,30.059999465942383,30.059999465942383,0,0.0,0.0
2022-09-21 11:30:00-04:00,29.590700149536133,29.642000198364258,29.590700149536133,29.642000198364258,1388,0.0,0.0
2022-09-21 14:30:00-04:00,29.950000762939453,29.950000762939453,29.950000762939453,29.950000762939453,0,0.0,0.0
2022-09-22 09:30:00-04:00,29.799999237060547,29.799999237060547,29.250099182128906,29.549999237060547,1071,0.0,0.0
2022-09-22 10:30:00-04:00,29.549999237060547,29.575000762939453,29.440000534057617,29.440000534057617,705,0.0,0.0
2022-09-22 11:30:00-04:00,29.489999771118164,29.489999771118164,29.395000457763672,29.395000457763672,627,0.0,0.0
2022-09-22 12:30:00-04:00,29.395000457763672,30.155000686645508,29.395000457763672,30.0,4170,0.0,0.0
2022-09-22 13:30:00-04:00,29.90999984741211,29.90999984741211,29.299999237060547,29.299999237060547,838,0.0,0.0
2022-09-22 14:30:00-04:00,29.84000015258789,29.84000015258789,29.84000015258789,29.84000015258789,337,0.0,0.0
2022-09-22 15:30:00-04:00,29.739999771118164,29.799999237060547,29.739999771118164,29.799999237060547,471,0.0,0.0
2022-09-23 09:30:00-04:00,29.87150001525879,29.87150001525879,29.87150001525879,29.87150001525879,0,0.0,0.0
2022-09-23 10:30:00-04:00,29.700000762939453,29.700000762939453,29.700000762939453,29.700000762939453,444,0.0,0.0
2022-09-23 11:30:00-04:00,29.635000228881836,29.684999465942383,29.470500946044922,29.684999465942383,4873,0.0,0.0
2022-09-23 13:30:00-04:00,29.549999237060547,29.549999237060547,29.549999237060547,29.549999237060547,545,0.0,0.0
2022-09-23 14:30:00-04:00,29.519800186157227,29.549999237060547,29.424999237060547,29.424999237060547,2628,0.0,0.0
2022-09-23 15:30:00-04:00,29.424999237060547,29.8700008392334,29.424999237060547,29.8700008392334,4129,0.0,0.0
2022-09-26 09:30:00-04:00,29.34000015258789,29.34000015258789,29.34000015258789,29.34000015258789,0,0.0,0.0
2022-09-26 10:30:00-04:00,29.299999237060547,29.302000045776367,28.8799991607666,28.8799991607666,771,0.0,0.0
2022-09-26 12:30:00-04:00,28.468000411987305,28.53499984741211,27.920000076293945,27.920000076293945,1257,0.0,0.0
2022-09-26 13:30:00-04:00,28.038700103759766,28.530000686645508,28.038700103759766,28.530000686645508,1786,0.0,0.0
2022-09-27 10:30:00-04:00,29.0,29.0,29.0,29.0,0,0.0,0.0
2022-09-29 09:30:00-04:00,28.100000381469727,28.100000381469727,28.100000381469727,28.100000381469727,0,0.0,0.0
2022-09-29 10:30:00-04:00,29.376300811767578,29.376300811767578,29.376300811767578,29.376300811767578,454,0.0,0.0
2022-09-29 15:30:00-04:00,29.809999465942383,29.8700008392334,29.809999465942383,29.8700008392334,787,0.0,0.0
2022-09-30 14:30:00-04:00,29.860000610351562,29.860000610351562,29.860000610351562,29.860000610351562,0,0.0,0.0
2022-10-03 11:30:00-04:00,30.03260040283203,30.03260040283203,30.03260040283203,30.03260040283203,0,0.0,0.0
2022-10-03 12:30:00-04:00,30.01919937133789,30.01919937133789,30.01919937133789,30.01919937133789,157,0.0,0.0
2022-10-03 13:30:00-04:00,30.010000228881836,30.010000228881836,30.0,30.0,681,0.0,0.0
2022-10-03 14:30:00-04:00,29.399999618530273,29.399999618530273,29.399999618530273,29.399999618530273,440,0.0,0.0
2022-10-03 15:30:00-04:00,28.8700008392334,28.8700008392334,28.8700008392334,28.8700008392334,247,0.0,0.0
2022-10-04 11:30:00-04:00,29.99690055847168,29.99690055847168,29.99690055847168,29.99690055847168,0,0.0,0.0
2022-10-04 15:30:00-04:00,29.975000381469727,30.0,29.975000381469727,30.0,1038,0.0,0.0
2022-10-05 11:30:00-04:00,30.25,30.25,30.25,30.25,0,0.0,0.0
2022-10-07 11:30:00-04:00,29.610000610351562,30.125,29.610000610351562,30.100000381469727,303,0.0,0.0
2022-10-11 10:30:00-04:00,30.100000381469727,30.100000381469727,30.100000381469727,30.100000381469727,0,0.0,0.0
2022-10-11 12:30:00-04:00,30.100000381469727,30.149999618530273,30.100000381469727,30.100000381469727,1027,0.0,0.0
2022-10-11 13:30:00-04:00,30.100000381469727,30.100000381469727,30.100000381469727,30.100000381469727,375,0.0,0.0
2022-10-11 15:30:00-04:00,30.100000381469727,30.100000381469727,29.18000030517578,29.466999053955078,4692,0.0,0.0
2022-10-13 13:30:00-04:00,29.200000762939453,29.200000762939453,29.200000762939453,29.200000762939453,0,0.0,0.0
2022-10-14 13:30:00-04:00,29.20009994506836,29.20009994506836,29.20009994506836,29.20009994506836,750,0.0,0.0
2022-10-14 15:30:00-04:00,30.100000381469727,30.100000381469727,30.100000381469727,30.100000381469727,419,0.0,0.0
2022-10-17 09:30:00-04:00,29.200000762939453,29.782499313354492,29.200000762939453,29.782499313354492,0,0.0,0.0
2022-10-17 11:30:00-04:00,29.479999542236328,29.577499389648438,29.479999542236328,29.577499389648438,740,0.0,0.0
2022-10-17 12:30:00-04:00,29.600000381469727,29.727500915527344,29.600000381469727,29.727500915527344,640,0.0,0.0
2022-10-17 13:30:00-04:00,29.450000762939453,29.510000228881836,28.139999389648438,28.139999389648438,0,0.0,0.0
2022-10-18 10:30:00-04:00,28.57200050354004,29.06800079345703,28.57200050354004,29.06800079345703,658,0.0,0.0
2022-10-19 14:30:00-04:00,28.524999618530273,28.81999969482422,28.524999618530273,28.81999969482422,1014,0.0,0.0
2022-10-20 11:30:00-04:00,29.239999771118164,29.239999771118164,29.229999542236328,29.229999542236328,591,0.0,0.0
2022-10-20 14:30:00-04:00,30.091400146484375,30.091400146484375,30.091400146484375,30.091400146484375,113,0.0,0.0
2022-10-20 15:30:00-04:00,29.149999618530273,29.149999618530273,29.100000381469727,29.100000381469727,0,0.0,0.0
2022-10-21 11:30:00-04:00,28.269699096679688,28.799999237060547,28.269699096679688,28.799999237060547,736,0.0,0.0
2022-10-21 14:30:00-04:00,28.920000076293945,28.920000076293945,28.218000411987305,28.600000381469727,1622,0.0,0.0
2022-10-24 11:30:00-04:00,28.200000762939453,28.200000762939453,28.200000762939453,28.200000762939453,865,0.0,0.0
2022-10-24 13:30:00-04:00,28.049999237060547,28.049999237060547,28.0,28.0,228,0.0,0.0
2022-10-24 14:30:00-04:00,28.0,28.2450008392334,28.0,28.2450008392334,729,0.0,0.0
2022-10-24 15:30:00-04:00,28.829999923706055,28.829999923706055,28.829999923706055,28.829999923706055,108,0.0,0.0
2022-10-25 15:30:00-04:00,28.010000228881836,28.520000457763672,27.110000610351562,27.299999237060547,1809,0.0,0.0
2022-10-26 09:30:00-04:00,27.925600051879883,27.925600051879883,27.925600051879883,27.925600051879883,0,0.0,0.0
2022-10-26 12:30:00-04:00,27.0,27.0,26.450000762939453,26.450000762939453,1121,0.0,0.0
2022-10-27 11:30:00-04:00,26.329999923706055,26.329999923706055,26.329999923706055,26.329999923706055,72,0.0,0.0
2022-10-31 09:30:00-04:00,25.100000381469727,25.100000381469727,25.100000381469727,25.100000381469727,205,0.0,0.0
2022-10-31 10:30:00-04:00,24.709999084472656,24.709999084472656,24.100000381469727,24.100000381469727,542,0.0,0.0
2022-10-31 12:30:00-04:00,24.0,24.74340057373047,24.0,24.74340057373047,740,0.0,0.0
2022-10-31 15:30:00-04:00,24.100000381469727,24.100000381469727,24.100000381469727,24.100000381469727,0,0.0,0.0
2022-11-02 11:30:00-04:00,23.691200256347656,23.691200256347656,23.691200256347656,23.691200256347656,217,0.0,0.0
2022-11-02 15:30:00-04:00,23.719999313354492,24.559999465942383,23.049999237060547,23.049999237060547,0,0.0,0.0
2022-11-03 11:30:00-04:00,23.450000762939453,24.261999130249023,23.450000762939453,24.261999130249023,1227,0.0,0.0
2022-11-03 13:30:00-04:00,24.5,24.5,23.940000534057617,23.940000534057617,646,0.0,0.0
2022-11-03 15:30:00-04:00,23.825000762939453,23.825000762939453,23.825000762939453,23.825000762939453,0,0.0,0.0
2022-11-04 11:30:00-04:00,24.110000610351562,24.110000610351562,24.110000610351562,24.110000610351562,322,0.0,0.0
2022-11-04 14:30:00-04:00,24.56999969482422,24.56999969482422,24.56999969482422,24.56999969482422,355,0.0,0.0
2022-11-07 09:30:00-05:00,25.31999969482422,25.31999969482422,25.31999969482422,25.31999969482422,0,0.0,0.0
2022-11-07 10:30:00-05:00,25.299999237060547,25.299999237060547,25.299999237060547,25.299999237060547,588,0.0,0.0
2022-11-07 14:30:00-05:00,25.110000610351562,25.31999969482422,25.110000610351562,25.239999771118164,971,0.0,0.0
2022-11-08 09:30:00-05:00,25.31999969482422,25.31999969482422,25.31999969482422,25.31999969482422,0,0.0,0.0
2022-11-08 10:30:00-05:00,25.989999771118164,26.1299991607666,25.9822998046875,26.1299991607666,954,0.0,0.0
2022-11-08 13:30:00-05:00,26.243000030517578,26.243000030517578,26.243000030517578,26.243000030517578,136,0.0,0.0
2022-11-08 14:30:00-05:00,26.680400848388672,26.680400848388672,26.680400848388672,26.680400848388672,120,0.0,0.0
2022-11-09 09:30:00-05:00,27.836599349975586,27.836599349975586,27.836599349975586,27.836599349975586,0,0.0,0.0
2022-11-09 11:30:00-05:00,26.950000762939453,26.950000762939453,26.950000762939453,26.950000762939453,440,0.0,0.0
2022-11-09 13:30:00-05:00,26.899900436401367,26.899900436401367,26.899900436401367,26.899900436401367,301,0.0,0.0
2022-11-10 10:30:00-05:00,26.20009994506836,26.20009994506836,26.20009994506836,26.20009994506836,0,0.0,0.0
2022-11-11 09:30:00-05:00,25.31999969482422,25.31999969482422,25.31999969482422,25.31999969482422,298,0.0,0.0
2022-11-11 10:30:00-05:00,25.31999969482422,25.31999969482422,25.209999084472656,25.209999084472656,1120,0.0,0.0
2022-11-15 09:30:00-05:00,24.5,24.5,24.499900817871094,24.5,514,0.0,0.0
2022-11-16 15:30:00-05:00,25.526100158691406,25.699899673461914,25.526100158691406,25.699899673461914,144,0.0,0.0
2022-11-17 10:30:00-05:00,24.78030014038086,24.78030014038086,24.78030014038086,24.78030014038086,423,0.0,0.0
2022-11-17 12:30:00-05:00,25.674999237060547,25.674999237060547,25.674999237060547,25.674999237060547,497,0.0,0.0
2022-11-22 09:30:00-05:00,23.73900032043457,23.73900032043457,23.73900032043457,23.73900032043457,0,0.0,0.0
2022-11-22 14:30:00-05:00,23.8617000579834,23.8617000579834,23.8617000579834,23.8617000579834,544,0.0,0.0
2022-11-23 14:30:00-05:00,23.649999618530273,23.649999618530273,23.600000381469727,23.600000381469727,798,0.0,0.0
2022-11-29 14:30:00-05:00,22.900100708007812,22.900100708007812,22.900100708007812,22.900100708007812,268,0.0,0.0
2022-12-02 15:30:00-05:00,23.25,23.25,23.25,23.25,803,0.0,0.0
2022-12-05 09:30:00-05:00,23.759899139404297,23.759899139404297,23.759899139404297,23.759899139404297,0,0.0,0.0
2022-12-08 15:30:00-05:00,23.276399612426758,23.276399612426758,23.276399612426758,23.276399612426758,418,0.0,0.0
2022-12-09 12:30:00-05:00,23.63990020751953,23.63990020751953,23.63990020751953,23.63990020751953,0,0.0,0.0
2022-12-12 14:30:00-05:00,23.360000610351562,23.389999389648438,23.34000015258789,23.389999389648438,1068,0.0,0.0
2022-12-13 09:30:00-05:00,22.3799991607666,22.3799991607666,22.3799991607666,22.3799991607666,0,0.0,0.0
2022-12-19 09:30:00-05:00,22.806299209594727,22.806299209594727,22.806299209594727,22.806299209594727,796,0.0,0.0
2022-12-19 15:30:00-05:00,22.809999465942383,22.809999465942383,22.809999465942383,22.809999465942383,119,0.0,0.0
2022-12-20 14:30:00-05:00,22.937999725341797,22.937999725341797,22.937999725341797,22.937999725341797,287,0.0,0.0
2022-12-27 09:30:00-05:00,22.75,22.75,22.75,22.75,0,0.0,0.0
2022-12-27 11:30:00-05:00,22.65679931640625,22.65679931640625,22.65679931640625,22.65679931640625,141,0.0,0.0
2022-12-28 13:30:00-05:00,22.375,22.375,22.375,22.375,0,0.0,0.0
2022-12-28 15:30:00-05:00,22.289199829101562,22.289199829101562,22.289199829101562,22.289199829101562,156,0.0,0.0
2022-12-29 13:30:00-05:00,22.920499801635742,22.920499801635742,22.920499801635742,22.920499801635742,1532,0.0,0.0
2023-01-03 09:30:00-05:00,22.90999984741211,22.90999984741211,22.600099563598633,22.600099563598633,0,0.0,0.0
2023-01-05 14:30:00-05:00,22.56999969482422,23.0,22.56999969482422,23.0,1149,0.0,0.0
2023-01-05 15:30:00-05:00,21.760000228881836,21.760000228881836,21.760000228881836,21.760000228881836,100,0.0,0.0
2023-01-06 12:30:00-05:00,22.469999313354492,22.510000228881836,22.469999313354492,22.510000228881836,0,0.0,0.0
2023-01-06 13:30:00-05:00,22.510000228881836,22.510000228881836,22.0,22.0,1689,0.0,0.0
2023-01-06 14:30:00-05:00,22.000099182128906,22.049999237060547,22.0,22.030500411987305,1576,0.0,0.0
2023-01-09 13:30:00-05:00,21.915000915527344,21.915000915527344,21.915000915527344,21.915000915527344,0,0.0,0.0
2023-01-09 15:30:00-05:00,21.700000762939453,23.790000915527344,21.700000762939453,22.950000762939453,1992,0.0,0.0
2023-01-10 11:30:00-05:00,22.5,24.559999465942383,22.5,24.440000534057617,1642,0.0,0.0
2023-01-10 12:30:00-05:00,23.600000381469727,23.600000381469727,23.600000381469727,23.600000381469727,371,0.0,0.0
2023-01-10 14:30:00-05:00,24.360000610351562,26.899999618530273,24.0,25.75,0,0.0,0.0
2023-01-12 14:30:00-05:00,25.880199432373047,25.880199432373047,25.880199432373047,25.880199432373047,179,0.0,0.0
2023-01-17 10:30:00-05:00,26.0,27.25,26.0,27.25,1189,0.0,0.0
2023-01-17 11:30:00-05:00,27.549999237060547,29.020000457763672,27.170000076293945,29.020000457763672,2108,0.0,0.0
2023-01-17 12:30:00-05:00,28.65999984741211,29.079999923706055,28.65999984741211,29.079999923706055,939,0.0,0.0
2023-01-17 13:30:00-05:00,28.31999969482422,28.31999969482422,27.8799991607666,27.8799991607666,728,0.0,0.0
2023-01-17 14:30:00-05:00,27.560100555419922,27.560100555419922,27.560100555419922,27.560100555419922,0,0.0,0.0
2023-01-19 09:30:00-05:00,27.5,27.5,27.5,27.5,0,0.0,0.0
2023-01-19 15:30:00-05:00,27.75,27.75,27.75,27.75,76,0.0,0.0
2023-01-23 11:30:00-05:00,26.770000457763672,26.827999114990234,26.760000228881836,26.82069969177246,2253,0.0,0.0
2023-01-23 12:30:00-05:00,26.079999923706055,26.079999923706055,26.079999923706055,26.079999923706055,1146,0.0,0.0
2023-01-23 14:30:00-05:00,26.237899780273438,26.237899780273438,26.237899780273438,26.237899780273438,177,0.0,0.0
2023-01-23 15:30:00-05:00,26.0,26.079999923706055,26.0,26.0,0,0.0,0.0
2023-01-24 13:30:00-05:00,25.049999237060547,25.049999237060547,25.010000228881836,25.030000686645508,708,0.0,0.0
2023-01-24 15:30:00-05:00,26.860000610351562,26.860000610351562,26.860000610351562,26.860000610351562,0,0.0,0.0
2023-01-26 12:30:00-05:00,25.8700008392334,26.45800018310547,25.290000915527344,26.45800018310547,1483,0.0,0.0
2023-01-26 13:30:00-05:00,24.309999465942383,24.309999465942383,24.309999465942383,24.309999465942383,508,0.0,0.0
2023-01-26 14:30:00-05:00,24.860000610351562,25.31920051574707,24.790000915527344,24.79010009765625,1171,0.0,0.0
2023-01-26 15:30:00-05:00,24.5,24.5,24.5,24.5,100,0.0,0.0
2023-02-01 12:30:00-05:00,24.5,24.5,24.5,24.5,0,0.0,0.0
2023-02-01 13:30:00-05:00,24.195499420166016,24.195499420166016,24.195499420166016,24.195499420166016,269,0.0,0.0
2023-02-01 15:30:00-05:00,24.0049991607666,24.0049991607666,24.0049991607666,24.0049991607666,122,0.0,0.0
2023-02-02 10:30:00-05:00,24.057100296020508,24.057100296020508,24.057100296020508,24.057100296020508,3596,0.0,0.0
2023-02-07 11:30:00-05:00,24.06209945678711,24.06209945678711,24.06209945678711,24.06209945678711,0,0.0,0.0
2023-02-07 12:30:00-05:00,24.0,24.000099182128906,24.0,24.000099182128906,0,0.0,0.0
2023-02-09 09:30:00-05:00,23.989999771118164,23.989999771118164,23.989999771118164,23.989999771118164,207,0.0,0.0
2023-02-09 11:30:00-05:00,23.257400512695312,23.257400512695312,23.257400512695312,23.257400512695312,502,0.0,0.0
2023-02-10 09:30:00-05:00,23.260000228881836,23.260000228881836,23.260000228881836,23.260000228881836,0,0.0,0.0
2023-02-10 14:30:00-05:00,23.283300399780273,23.283300399780273,23.149999618530273,23.237499237060547,1323,0.0,0.0
2023-02-13 11:30:00-05:00,23.0,23.0,23.0,23.0,0,0.0,0.0
2023-02-13 12:30:00-05:00,22.5,22.5,22.5,22.5,126,0.0,0.0
2023-02-13 14:30:00-05:00,22.5,22.5,22.5,22.5,306,0.0,0.0
2023-02-14 10:30:00-05:00,22.510000228881836,22.510000228881836,22.510000228881836,22.510000228881836,0,0.0,0.0
2023-02-15 12:30:00-05:00,22.74250030517578,22.74250030517578,22.510000228881836,22.510000228881836,266,0.0,0.0
2023-02-15 13:30:00-05:00,22.5,22.520000457763672,22.5,22.520000457763672,0,0.0,0.0
2023-02-16 11:30:00-05:00,22.558700561523438,22.558700561523438,22.558700561523438,22.558700561523438,443,0.0,0.0
2023-02-21 09:30:00-05:00,24.360000610351562,24.360000610351562,23.420000076293945,24.2549991607666,727,0.0,0.0
2023-02-21 10:30:00-05:00,24.24679946899414,24.24679946899414,24.149999618530273,24.149999618530273,2891,0.0,0.0
2023-02-21 11:30:00-05:00,24.25,24.325599670410156,24.25,24.325599670410156,397,0.0,0.0
2023-02-21 12:30:00-05:00,24.25,24.250099182128906,24.1200008392334,24.1200008392334,2251,0.0,0.0
2023-02-21 13:30:00-05:00,24.149999618530273,24.360000610351562,24.149999618530273,24.360000610351562,355,0.0,0.0
2023-02-21 14:30:00-05:00,23.89109992980957,23.89109992980957,23.89109992980957,23.89109992980957,150,0.0,0.0
2023-02-22 09:30:00-05:00,24.950000762939453,24.969999313354492,23.960100173950195,23.960100173950195,2623,0.0,0.0
2023-02-22 12:30:00-05:00,24.010099411010742,24.010099411010742,24.010099411010742,24.010099411010742,106,0.0,0.0
2023-02-22 13:30:00-05:00,24.489900588989258,24.489999771118164,24.489900588989258,24.489999771118164,547,0.0,0.0
2023-02-22 15:30:00-05:00,24.489900588989258,24.489900588989258,24.479999542236328,24.479999542236328,227,0.0,0.0
2023-02-23 12:30:00-05:00,24.350000381469727,24.350000381469727,24.350000381469727,24.350000381469727,261,0.0,0.0
2023-02-23 14:30:00-05:00,24.395000457763672,24.395000457763672,24.299999237060547,24.300100326538086,1012,0.0,0.0
2023-02-24 09:30:00-05:00,24.299999237060547,24.299999237060547,24.299999237060547,24.299999237060547,0,0.0,0.0
2023-02-24 11:30:00-05:00,23.889999389648438,24.0,23.889999389648438,24.0,1174,0.0,0.0
2023-02-24 13:30:00-05:00,23.999900817871094,23.999900817871094,23.999900817871094,23.999900817871094,175,0.0,0.0
2023-02-27 11:30:00-05:00,23.890100479125977,24.094999313354492,23.890100479125977,24.094999313354492,149,0.0,0.0
2023-02-27 14:30:00-05:00,24.100000381469727,24.100000381469727,24.100000381469727,24.100000381469727,144,0.0,0.0
2023-02-27 15:30:00-05:00,23.889999389648438,24.290000915527344,23.889999389648438,23.889999389648438,1324,0.0,0.0
2023-02-28 09:30:00-05:00,23.889999389648438,23.889999389648438,23.889999389648438,23.889999389648438,0,0.0,0.0
2023-03-03 15:30:00-05:00,23.599899291992188,23.599899291992188,23.599899291992188,23.599899291992188,148,0.0,0.0
2023-03-07 10:30:00-05:00,23.09000015258789,23.09000015258789,23.09000015258789,23.09000015258789,0,0.0,0.0
2023-03-09 10:30:00-05:00,23.940000534057617,23.940000534057617,23.940000534057617,23.940000534057617,252,0.0,0.0
2023-03-09 12:30:00-05:00,22.59000015258789,22.59000015258789,22.59000015258789,22.59000015258789,0,0.0,0.0
2023-03-10 14:30:00-05:00,23.0,23.0,22.899599075317383,22.899599075317383,750,0.0,0.0
2023-03-13 09:30:00-04:00,22.850000381469727,22.850000381469727,22.81999969482422,22.81999969482422,0,0.0,0.0
2023-03-14 09:30:00-04:00,24.43000030517578,24.43000030517578,24.43000030517578,24.43000030517578,0,0.0,0.0
2023-03-14 14:30:00-04:00,24.389999389648438,24.389999389648438,24.389999389648438,24.389999389648438,321,0.0,0.0
2023-03-15 09:30:00-04:00,23.26129913330078,23.26129913330078,23.26129913330078,23.26129913330078,383,0.0,0.0
2023-03-16 09:30:00-04:00,23.489999771118164,23.489999771118164,23.0,23.0,0,0.0,0.0
2023-03-16 10:30:00-04:00,23.446500778198242,23.450000762939453,23.446500778198242,23.450000762939453,728,0.0,0.0
2023-03-16 14:30:00-04:00,23.25,23.25,23.25,23.25,0,0.0,0.0
2023-03-17 10:30:00-04:00,23.25,23.25,23.25,23.25,261,0.0,0.0
2023-03-17 12:30:00-04:00,23.25,23.25,23.25,23.25,276,0.0,0.0
2023-03-17 14:30:00-04:00,24.1200008392334,24.1200008392334,24.09000015258789,24.110000610351562,681,0.0,0.0
2023-03-20 09:30:00-04:00,22.860000610351562,23.65999984741211,22.860000610351562,23.65999984741211,1361,0.0,0.0
2023-03-20 12:30:00-04:00,24.09000015258789,24.09000015258789,24.09000015258789,24.09000015258789,502,0.0,0.0
2023-03-21 09:30:00-04:00,25.0,26.165000915527344,25.0,26.165000915527344,0,0.0,0.0
2023-03-21 12:30:00-04:00,25.440000534057617,26.034000396728516,25.0,25.231000900268555,8598,0.0,0.0
2023-03-22 09:30:00-04:00,25.049999237060547,25.049999237060547,25.010000228881836,25.010000228881836,0,0.0,0.0
2023-03-22 11:30:00-04:00,26.06999969482422,26.06999969482422,26.06999969482422,26.06999969482422,226,0.0,0.0
2023-03-22 13:30:00-04:00,26.06999969482422,26.06999969482422,26.06999969482422,26.06999969482422,175,0.0,0.0
2023-03-22 15:30:00-04:00,26.060300827026367,26.060300827026367,26.020000457763672,26.040000915527344,553,0.0,0.0
2023-03-23 09:30:00-04:00,25.8700008392334,25.8700008392334,25.049999237060547,25.049999237060547,17,0.0,0.0
2023-03-23 10:30:00-04:00,26.249900817871094,26.249900817871094,25.0,25.075000762939453,3154,0.0,0.0
2023-03-23 11:30:00-04:00,25.489999771118164,25.489999771118164,25.06999969482422,25.450000762939453,1033,0.0,0.0
2023-03-23 12:30:00-04:00,25.450000762939453,25.549999237060547,25.450000762939453,25.450000762939453,789,0.0,0.0
2023-03-23 13:30:00-04:00,26.219999313354492,26.219999313354492,26.219999313354492,26.219999313354492,598,0.0,0.0
2023-03-23 14:30:00-04:00,25.0,25.0,24.5,24.5,783,0.0,0.0
2023-03-23 15:30:00-04:00,24.65999984741211,25.43000030517578,24.18000030517578,24.399999618530273,1963,0.0,0.0
2023-03-24 09:30:00-04:00,24.15999984741211,24.172100067138672,24.15999984741211,24.172100067138672,0,0.0,0.0
2023-03-24 14:30:00-04:00,25.270000457763672,25.29990005493164,24.836700439453125,25.260000228881836,3337,0.0,0.0
2023-03-24 15:30:00-04:00,25.290000915527344,26.18000030517578,25.290000915527344,26.18000030517578,864,0.0,0.0
2023-03-27 09:30:00-04:00,24.899999618530273,24.899999618530273,24.899999618530273,24.899999618530273,0,0.0,0.0
2023-03-27 10:30:00-04:00,26.200000762939453,26.200000762939453,26.200000762939453,26.200000762939453,615,0.0,0.0
2023-03-27 12:30:00-04:00,26.389999389648438,26.389999389648438,26.389999389648438,26.389999389648438,2556,0.0,0.0
2023-03-27 15:30:00-04:00,26.389999389648438,26.389999389648438,26.389999389648438,26.389999389648438,1886,0.0,0.0
2023-03-28 09:30:00-04:00,26.600000381469727,26.600000381469727,26.600000381469727,26.600000381469727,0,0.0,0.0
2023-03-28 14:30:00-04:00,27.229999542236328,27.25,27.229999542236328,27.25,1089,0.0,0.0
2023-03-28 15:30:00-04:00,27.25,27.25,27.25,27.25,1259,0.0,0.0
2023-03-29 09:30:00-04:00,27.25,27.25,27.25,27.25,838,0.0,0.0
2023-03-29 10:30:00-04:00,27.25,27.25,27.25,27.25,671,0.0,0.0
2023-03-29 13:30:00-04:00,26.900100708007812,27.145000457763672,26.900100708007812,27.145000457763672,304,0.0,0.0
2023-03-29 14:30:00-04:00,27.389999389648438,27.389999389648438,27.389999389648438,27.389999389648438,326,0.0,0.0
2023-03-29 15:30:00-04:00,27.295000076293945,27.389999389648438,27.295000076293945,27.389999389648438,0,0.0,0.0
2023-03-30 09:30:00-04:00,26.895000457763672,26.895000457763672,26.40999984741211,26.895000457763672,800,0.0,0.0
2023-03-30 11:30:00-04:00,27.389999389648438,27.389999389648438,27.389999389648438,27.389999389648438,365,0.0,0.0
2023-03-30 12:30:00-04:00,27.389999389648438,27.389999389648438,27.389999389648438,27.389999389648438,576,0.0,0.0
2023-03-30 13:30:00-04:00,27.389999389648438,28.139999389648438,27.385000228881836,28.139999389648438,3267,0.0,0.0
2023-03-30 14:30:00-04:00,28.024999618530273,28.024999618530273,27.850000381469727,27.899999618530273,1645,0.0,0.0
2023-03-30 15:30:00-04:00,28.399999618530273,28.399999618530273,28.399999618530273,28.399999618530273,1283,0.0,0.0
2023-03-31 09:30:00-04:00,27.450000762939453,28.304000854492188,27.420000076293945,28.304000854492188,0,0.0,0.0
2023-03-31 10:30:00-04:00,28.575000762939453,28.780000686645508,28.5,28.700000762939453,1070,0.0,0.0
2023-03-31 11:30:00-04:00,28.700000762939453,28.700000762939453,28.5,28.5,461,0.0,0.0
2023-03-31 12:30:00-04:00,28.52050018310547,28.899999618530273,28.250099182128906,28.328800201416016,2344,0.0,0.0
2023-03-31 13:30:00-04:00,28.700000762939453,28.75,28.250099182128906,28.5,2490,0.0,0.0
2023-03-31 14:30:00-04:00,28.5,28.690000534057617,28.25,28.5,3359,0.0,0.0
2023-03-31 15:30:00-04:00,28.450000762939453,28.5,28.30500030517578,28.489999771118164,1808,0.0,0.0
2023-04-03 09:30:00-04:00,28.8700008392334,28.8700008392334,27.0,27.0,1824,0.0,0.0
2023-04-03 10:30:00-04:00,27.059999465942383,27.56999969482422,26.520099639892578,27.010000228881836,1761,0.0,0.0
2023-04-03 11:30:00-04:00,27.020000457763672,27.299999237060547,27.020000457763672,27.299999237060547,804,0.0,0.0
2023-04-03 12:30:00-04:00,27.600000381469727,27.600000381469727,27.600000381469727,27.600000381469727,842,0.0,0.0
2023-04-03 13:30:00-04:00,27.549999237060547,28.399999618530273,27.549999237060547,27.70009994506836,1232,0.0,0.0
2023-04-03 14:30:00-04:00,27.920000076293945,27.950000762939453,27.809999465942383,27.809999465942383,1185,0.0,0.0
2023-04-03 15:30:00-04:00,27.950000762939453,27.950000762939453,27.910600662231445,27.910600662231445,372,0.0,0.0
2023-04-04 10:30:00-04:00,28.270000457763672,28.270000457763672,28.270000457763672,28.270000457763672,0,0.0,0.0
2023-04-04 11:30:00-04:00,28.299999237060547,28.51930046081543,28.0,28.5,4485,0.0,0.0
2023-04-04 12:30:00-04:00,28.799999237060547,28.799999237060547,28.5,28.50950050354004,621,0.0,0.0
2023-04-04 13:30:00-04:00,28.5,28.899999618530273,28.5,28.899999618530273,1213,0.0,0.0
2023-04-04 14:30:00-04:00,28.780000686645508,28.780000686645508,28.5,28.5,875,0.0,0.0
2023-04-04 15:30:00-04:00,28.540000915527344,28.59000015258789,28.540000915527344,28.559999465942383,565,0.0,0.0
2023-04-05 09:30:00-04:00,28.40999984741211,28.899999618530273,28.40999984741211,28.899999618530273,0,0.0,0.0
2023-04-05 10:30:00-04:00,28.559999465942383,28.559999465942383,28.399999618530273,28.399999618530273,1483,0.0,0.0
2023-04-05 11:30:00-04:00,27.899999618530273,28.483999252319336,27.899999618530273,28.483999252319336,435,0.0,0.0
2023-04-05 12:30:00-04:00,27.8700008392334,27.8700008392334,27.8700008392334,27.8700008392334,401,0.0,0.0
2023-04-05 14:30:00-04:00,28.399999618530273,28.399999618530273,28.399999618530273,28.399999618530273,545,0.0,0.0
2023-04-06 09:30:00-04:00,28.700000762939453,28.700000762939453,27.36039924621582,28.094999313354492,926,0.0,0.0
2023-04-06 12:30:00-04:00,29.229999542236328,29.229999542236328,29.229999542236328,29.229999542236328,240,0.0,0.0
2023-04-06 13:30:00-04:00,29.270000457763672,29.270000457763672,29.270000457763672,29.270000457763672,347,0.0,0.0
2023-04-06 14:30:00-04:00,28.854299545288086,29.25,28.854299545288086,29.100000381469727,774,0.0,0.0
2023-04-06 15:30:00-04:00,29.149999618530273,29.25,29.149999618530273,29.25,1539,0.0,0.0
2023-04-10 09:30:00-04:00,29.100000381469727,29.100000381469727,27.5,28.040000915527344,3263,0.0,0.0
2023-04-10 10:30:00-04:00,29.225000381469727,29.225000381469727,28.372499465942383,28.372499465942383,258,0.0,0.0
2023-04-10 11:30:00-04:00,28.5,29.024999618530273,28.299999237060547,28.5,1076,0.0,0.0
2023-04-10 13:30:00-04:00,29.024999618530273,29.024999618530273,29.024999618530273,29.024999618530273,172,0.0,0.0
2023-04-10 14:30:00-04:00,29.024999618530273,29.024999618530273,29.024999618530273,29.024999618530273,384,0.0,0.0
2023-04-10 15:30:00-04:00,29.030000686645508,29.030000686645508,28.47100067138672,28.489999771118164,0,0.0,0.0
2023-04-11 13:30:00-04:00,28.5,28.75,28.5,28.735000610351562,1273,0.0,0.0
2023-04-11 14:30:00-04:00,28.5,28.5,28.5,28.5,745,0.0,0.0
2023-04-11 15:30:00-04:00,29.290000915527344,29.290000915527344,29.190000534057617,29.190000534057617,613,0.0,0.0
2023-04-12 09:30:00-04:00,29.100000381469727,29.100000381469727,28.75,28.75,0,0.0,0.0
2023-04-12 11:30:00-04:00,28.950000762939453,28.950000762939453,28.950000762939453,28.950000762939453,268,0.0,0.0
2023-04-12 12:30:00-04:00,28.950000762939453,28.989999771118164,28.950000762939453,28.989999771118164,433,0.0,0.0
2023-04-12 13:30:00-04:00,28.989999771118164,29.0,28.4950008392334,29.0,722,0.0,0.0
2023-04-12 14:30:00-04:00,28.809999465942383,29.25,28.809999465942383,29.25,561,0.0,0.0
2023-04-12 15:30:00-04:00,28.809999465942383,29.290000915527344,28.6200008392334,28.6200008392334,979,0.0,0.0
2023-04-13 09:30:00-04:00,29.09000015258789,29.09000015258789,29.09000015258789,29.09000015258789,0,0.0,0.0
2023-04-13 11:30:00-04:00,28.950000762939453,28.989999771118164,28.950000762939453,28.989999771118164,376,0.0,0.0
2023-04-13 12:30:00-04:00,29.270000457763672,29.290000915527344,29.270000457763672,29.290000915527344,612,0.0,0.0
2023-04-13 13:30:00-04:00,29.290000915527344,29.290000915527344,29.290000915527344,29.290000915527344,289,0.0,0.0
2023-04-13 14:30:00-04:00,29.290000915527344,29.56999969482422,29.290000915527344,29.56999969482422,4093,0.0,0.0
2023-04-13 15:30:00-04:00,29.600000381469727,29.600000381469727,29.600000381469727,29.600000381469727,1823,0.0,0.0
2023-04-14 09:30:00-04:00,29.670000076293945,29.670000076293945,28.399999618530273,28.399999618530273,0,0.0,0.0
2023-04-14 10:30:00-04:00,29.43000030517578,29.700000762939453,29.43000030517578,29.700000762939453,1946,0.0,0.0
2023-04-14 11:30:00-04:00,29.850000381469727,29.850000381469727,29.84000015258789,29.84000015258789,2716,0.0,0.0
2023-04-14 12:30:00-04:00,29.84000015258789,30.549999237060547,29.84000015258789,30.0,10204,0.0,0.0
2023-04-14 13:30:00-04:00,30.100000381469727,30.84000015258789,30.100000381469727,30.450000762939453,1274,0.0,0.0
2023-04-14 14:30:00-04:00,30.450000762939453,30.5,30.450000762939453,30.5,713,0.0,0.0
2023-04-14 15:30:00-04:00,30.5,30.5,30.450000762939453,30.450000762939453,286,0.0,0.0
2023-04-17 09:30:00-04:00,30.5,30.5,30.399999618530273,30.399999618530273,531,0.0,0.0
2023-04-17 10:30:00-04:00,30.440000534057617,30.440000534057617,29.96500015258789,29.96500015258789,1852,0.0,0.0
2023-04-17 11:30:00-04:00,29.795000076293945,29.979999542236328,29.795000076293945,29.979999542236328,788,0.0,0.0
2023-04-17 12:30:00-04:00,29.866300582885742,30.170000076293945,29.510000228881836,30.0049991607666,4225,0.0,0.0
2023-04-17 14:30:00-04:00,30.0049991607666,30.469999313354492,30.0049991607666,30.170000076293945,989,0.0,0.0
2023-04-17 15:30:00-04:00,30.049999237060547,30.049999237060547,30.0,30.049999237060547,0,0.0,0.0
2023-04-18 11:30:00-04:00,30.450000762939453,30.450000762939453,30.450000762939453,30.450000762939453,139,0.0,0.0
2023-04-18 12:30:00-04:00,30.489999771118164,30.489999771118164,30.399999618530273,30.450000762939453,981,0.0,0.0
2023-04-18 13:30:00-04:00,30.5,30.5,30.5,30.5,1427,0.0,0.0
2023-04-18 14:30:00-04:00,30.760000228881836,31.200000762939453,30.760000228881836,31.15999984741211,4773,0.0,0.0
2023-04-18 15:30:00-04:00,30.829999923706055,31.100000381469727,30.829999923706055,31.100000381469727,697,0.0,0.0
2023-04-19 09:30:00-04:00,30.0,30.970199584960938,29.889999389648438,30.970199584960938,36,0.0,0.0
2023-04-19 10:30:00-04:00,30.0,30.0,29.010000228881836,29.010000228881836,858,0.0,0.0
2023-04-19 11:30:00-04:00,31.0,31.0,30.200000762939453,30.75,3682,0.0,0.0
2023-04-19 12:30:00-04:00,30.559999465942383,30.56999969482422,30.559999465942383,30.56999969482422,1011,0.0,0.0
2023-04-19 13:30:00-04:00,31.174999237060547,31.200000762939453,30.989999771118164,31.049999237060547,1590,0.0,0.0
2023-04-19 14:30:00-04:00,31.139999389648438,31.139999389648438,30.75,30.75,1275,0.0,0.0
2023-04-19 15:30:00-04:00,30.700000762939453,31.200000762939453,30.700000762939453,31.098100662231445,1780,0.0,0.0
2023-04-20 09:30:00-04:00,30.549999237060547,30.549999237060547,28.56999969482422,29.917699813842773,0,0.0,0.0
2023-04-20 10:30:00-04:00,30.559999465942383,30.600000381469727,30.559999465942383,30.600000381469727,899,0.0,0.0
2023-04-20 11:30:00-04:00,30.989999771118164,31.65999984741211,30.989999771118164,31.65999984741211,1850,0.0,0.0
2023-04-20 12:30:00-04:00,31.700000762939453,32.939998626708984,31.690000534057617,32.5,6043,0.0,0.0
2023-04-20 13:30:00-04:00,32.29999923706055,32.68000030517578,31.690000534057617,31.690000534057617,1858,0.0,0.0
2023-04-20 14:30:00-04:00,31.700000762939453,31.8700008392334,30.809999465942383,31.0,4704,0.0,0.0
2023-04-20 15:30:00-04:00,31.0,31.774999618530273,30.200000762939453,30.549999237060547,2600,0.0,0.0
2023-04-21 09:30:00-04:00,30.99650001525879,30.99650001525879,30.975000381469727,30.975000381469727,0,0.0,0.0
2023-04-21 10:30:00-04:00,30.969999313354492,30.969999313354492,30.600000381469727,30.700000762939453,1657,0.0,0.0
2023-04-21 11:30:00-04:00,30.674999237060547,30.674999237060547,30.674999237060547,30.674999237060547,1122,0.0,0.0
2023-04-21 13:30:00-04:00,30.575000762939453,30.575000762939453,30.575000762939453,30.575000762939453,533,0.0,0.0
2023-04-21 14:30:00-04:00,30.489999771118164,30.489999771118164,30.489999771118164,30.489999771118164,532,0.0,0.0
2023-04-21 15:30:00-04:00,29.899999618530273,30.469999313354492,29.899999618530273,30.15999984741211,590,0.0,0.0
2023-04-24 09:30:00-04:00,30.15999984741211,30.15999984741211,30.15999984741211,30.15999984741211,0,0.0,0.0
2023-04-24 10:30:00-04:00,29.989999771118164,29.989999771118164,29.989999771118164,29.989999771118164,984,0.0,0.0
2023-04-24 11:30:00-04:00,30.0,30.0,29.950000762939453,30.0,1220,0.0,0.0
2023-04-24 12:30:00-04:00,30.049999237060547,30.049999237060547,29.84000015258789,29.84000015258789,3892,0.0,0.0
2023-04-24 14:30:00-04:00,29.799999237060547,29.799999237060547,29.799999237060547,29.799999237060547,617,0.0,0.0
2023-04-24 15:30:00-04:00,29.84000015258789,29.84000015258789,29.84000015258789,29.84000015258789,0,0.0,0.0
2023-04-25 10:30:00-04:00,29.81999969482422,29.81999969482422,29.489999771118164,29.49970054626465,767,0.0,0.0
2023-04-25 11:30:00-04:00,29.700000762939453,29.899999618530273,29.6200008392334,29.799999237060547,1177,0.0,0.0
2023-04-25 12:30:00-04:00,29.770000457763672,30.25,29.770000457763672,30.101200103759766,3486,0.0,0.0
2023-04-25 13:30:00-04:00,29.979999542236328,29.979999542236328,29.959999084472656,29.969999313354492,1054,0.0,0.0
2023-04-25 14:30:00-04:00,29.799999237060547,30.0,29.799999237060547,30.0,2850,0.0,0.0
2023-04-25 15:30:00-04:00,29.799999237060547,30.0,29.799999237060547,29.799999237060547,1092,0.0,0.0
2023-04-26 09:30:00-04:00,29.799999237060547,29.799999237060547,29.799999237060547,29.799999237060547,0,0.0,0.0
2023-04-26 10:30:00-04:00,29.90999984741211,29.90999984741211,29.41200065612793,29.420000076293945,1111,0.0,0.0
2023-04-26 11:30:00-04:00,29.912799835205078,29.912799835205078,29.399999618530273,29.399999618530273,580,0.0,0.0
2023-04-26 12:30:00-04:00,30.0,30.0,29.899999618530273,30.0,2611,0.0,0.0
2023-04-26 13:30:00-04:00,29.905000686645508,30.049999237060547,29.47209930419922,30.049999237060547,1306,0.0,0.0
2023-04-26 14:30:00-04:00,30.0,30.0,29.709999084472656,29.709999084472656,1204,0.0,0.0
2023-04-26 15:30:00-04:00,29.950000762939453,30.0,29.899999618530273,30.0,2435,0.0,0.0
2023-04-27 09:30:00-04:00,30.0,30.0,30.0,30.0,0,0.0,0.0
2023-04-27 10:30:00-04:00,30.0,30.0,30.0,30.0,787,0.0,0.0
2023-04-27 11:30:00-04:00,29.969999313354492,29.969999313354492,29.969999313354492,29.969999313354492,1499,0.0,0.0
2023-04-27 14:30:00-04:00,30.0,30.0,30.0,30.0,965,0.0,0.0
2023-04-27 15:30:00-04:00,30.0,30.0,29.989999771118164,29.989999771118164,0,0.0,0.0
2023-04-28 10:30:00-04:00,29.899999618530273,29.899999618530273,29.899999618530273,29.899999618530273,855,0.0,0.0
2023-04-28 11:30:00-04:00,29.899999618530273,29.899999618530273,29.889999389648438,29.889999389648438,1771,0.0,0.0
2023-04-28 14:30:00-04:00,29.899999618530273,29.899999618530273,29.899999618530273,29.899999618530273,529,0.0,0.0
2023-04-28 15:30:00-04:00,29.899999618530273,29.899999618530273,29.899999618530273,29.899999618530273,162,0.0,0.0
2023-05-01 09:30:00-04:00,30.0,30.0,30.0,30.0,0,0.0,0.0
2023-05-01 10:30:00-04:00,29.800100326538086,29.989999771118164,29.799999237060547,29.989999771118164,1205,0.0,0.0
2023-05-01 11:30:00-04:00,30.139999389648438,30.139999389648438,30.0,30.1200008392334,1199,0.0,0.0
2023-05-01 12:30:00-04:00,30.0,30.0,30.0,30.0,294,0.0,0.0
2023-05-02 09:30:00-04:00,29.5,29.510000228881836,29.5,29.510000228881836,0,0.0,0.0
2023-05-02 10:30:00-04:00,29.833999633789062,29.833999633789062,29.833999633789062,29.833999633789062,2439,0.0,0.0
2023-05-02 11:30:00-04:00,29.850000381469727,29.850000381469727,29.850000381469727,29.850000381469727,168,0.0,0.0
2023-05-02 12:30:00-04:00,29.88990020751953,29.889999389648438,29.44499969482422,29.44499969482422,920,0.0,0.0
2023-05-02 13:30:00-04:00,29.8085994720459,29.8085994720459,29.450000762939453,29.450000762939453,873,0.0,0.0
2023-05-02 14:30:00-04:00,29.5,29.69499969482422,29.5,29.69499969482422,774,0.0,0.0
2023-05-02 15:30:00-04:00,29.889999389648438,29.889999389648438,29.889999389648438,29.889999389648438,0,0.0,0.0
2023-05-03 09:30:00-04:00,29.674999237060547,29.674999237060547,29.674999237060547,29.674999237060547,902,0.0,0.0
2023-05-03 12:30:00-04:00,29.899999618530273,29.989999771118164,29.899999618530273,29.989999771118164,1725,0.0,0.0
2023-05-03 13:30:00-04:00,29.950000762939453,29.989999771118164,29.950000762939453,29.989999771118164,1504,0.0,0.0
2023-05-03 14:30:00-04:00,29.989999771118164,29.989999771118164,29.989999771118164,29.989999771118164,788,0.0,0.0
2023-05-03 15:30:00-04:00,29.989999771118164,29.989999771118164,29.989999771118164,29.989999771118164,458,0.0,0.0
2023-05-04 09:30:00-04:00,29.420000076293945,29.420000076293945,29.420000076293945,29.420000076293945,0,0.0,0.0
2023-05-04 10:30:00-04:00,29.829999923706055,29.829999923706055,29.829999923706055,29.829999923706055,129,0.0,0.0
2023-05-04 13:30:00-04:00,30.0,30.0,30.0,30.0,443,0.0,0.0
2023-05-04 14:30:00-04:00,29.979999542236328,29.979999542236328,29.979999542236328,29.979999542236328,300,0.0,0.0
2023-05-04 15:30:00-04:00,29.78499984741211,29.78499984741211,29.600000381469727,29.600000381469727,1147,0.0,0.0
2023-05-05 09:30:00-04:00,29.989999771118164,29.989999771118164,29.81100082397461,29.81100082397461,0,0.0,0.0
2023-05-05 10:30:00-04:00,29.989999771118164,29.989999771118164,29.989999771118164,29.989999771118164,490,0.0,0.0
2023-05-05 11:30:00-04:00,29.989999771118164,29.989999771118164,29.950000762939453,29.989999771118164,1390,0.0,0.0
2023-05-05 12:30:00-04:00,29.989999771118164,29.989999771118164,29.989999771118164,29.989999771118164,963,0.0,0.0
2023-05-05 14:30:00-04:00,29.989999771118164,29.989999771118164,29.989999771118164,29.989999771118164,0,0.0,0.0
2023-05-08 09:30:00-04:00,29.510000228881836,29.510000228881836,29.510000228881836,29.510000228881836,0,0.0,0.0
2023-05-08 10:30:00-04:00,29.5,29.989999771118164,29.5,29.989999771118164,686,0.0,0.0
2023-05-08 12:30:00-04:00,30.0,30.280000686645508,30.0,30.149999618530273,3432,0.0,0.0
2023-05-08 14:30:00-04:00,30.299999237060547,30.299999237060547,30.079999923706055,30.149999618530273,4049,0.0,0.0
2023-05-08 15:30:00-04:00,30.020000457763672,30.299999237060547,30.002199172973633,30.299999237060547,0,0.0,0.0
2023-05-09 12:30:00-04:00,30.0,30.0,30.0,30.0,1246,0.0,0.0
2023-05-09 14:30:00-04:00,29.915000915527344,29.989999771118164,29.915000915527344,29.989999771118164,1123,0.0,0.0
2023-05-09 15:30:00-04:00,30.0,30.0,30.0,30.0,952,0.0,0.0
2023-05-10 10:30:00-04:00,30.0,30.0,30.0,30.0,0,0.0,0.0
2023-05-10 11:30:00-04:00,30.0,30.110000610351562,29.655000686645508,29.655000686645508,1402,0.0,0.0
2023-05-10 12:30:00-04:00,29.65999984741211,29.65999984741211,29.65999984741211,29.65999984741211,1693,0.0,0.0
2023-05-10 15:30:00-04:00,30.0,30.0,30.0,30.0,241,0.0,0.0
2023-05-11 09:30:00-04:00,29.549999237060547,29.700000762939453,29.118799209594727,29.700000762939453,0,0.0,0.0
2023-05-11 10:30:00-04:00,29.729999542236328,29.899999618530273,29.729999542236328,29.729999542236328,620,0.0,0.0
2023-05-11 11:30:00-04:00,29.75,29.75,29.75,29.75,730,0.0,0.0
2023-05-11 13:30:00-04:00,29.6200008392334,30.010000228881836,29.6200008392334,29.899999618530273,1970,0.0,0.0
2023-05-11 14:30:00-04:00,29.969999313354492,29.969999313354492,29.969999313354492,29.969999313354492,342,0.0,0.0
2023-05-12 09:30:00-04:00,30.0,30.0,30.0,30.0,676,0.0,0.0
2023-05-12 11:30:00-04:00,30.0,30.0,30.0,30.0,2281,0.0,0.0
2023-05-12 15:30:00-04:00,30.049999237060547,30.049999237060547,29.6299991607666,30.0,608,0.0,0.0
2023-05-15 09:30:00-04:00,30.0,30.0,30.0,30.0,0,0.0,0.0
2023-05-15 12:30:00-04:00,30.049999237060547,30.049999237060547,30.049999237060547,30.049999237060547,603,0.0,0.0
2023-05-15 13:30:00-04:00,30.389999389648438,30.389999389648438,29.825000762939453,29.825000762939453,1077,0.0,0.0
2023-05-15 14:30:00-04:00,30.09000015258789,30.09000015258789,29.829999923706055,29.829999923706055,1732,0.0,0.0
2023-05-15 15:30:00-04:00,29.649999618530273,29.90999984741211,29.649999618530273,29.649999618530273,513,0.0,0.0
2023-05-16 09:30:00-04:00,29.520000457763672,29.520000457763672,28.75349998474121,29.475000381469727,0,0.0,0.0
2023-05-16 11:30:00-04:00,30.049999237060547,30.049999237060547,30.030000686645508,30.030000686645508,671,0.0,0.0
2023-05-16 12:30:00-04:00,30.049999237060547,30.200000762939453,30.030000686645508,30.030000686645508,1337,0.0,0.0
2023-05-16 13:30:00-04:00,30.049999237060547,30.049999237060547,30.049999237060547,30.049999237060547,836,0.0,0.0
2023-05-16 14:30:00-04:00,30.235000610351562,30.235000610351562,30.0,30.0,1831,0.0,0.0
2023-05-16 15:30:00-04:00,29.895000457763672,29.895000457763672,29.895000457763672,29.895000457763672,2077,0.0,0.0
2023-05-17 09:30:00-04:00,30.0049991607666,30.131399154663086,29.287799835205078,30.0,0,0.0,0.0
2023-05-17 10:30:00-04:00,30.0,30.0,30.0,30.0,595,0.0,0.0
2023-05-17 11:30:00-04:00,29.809999465942383,29.809999465942383,29.809999465942383,29.809999465942383,3711,0.0,0.0
2023-05-17 15:30:00-04:00,29.309999465942383,29.805099487304688,29.1299991607666,29.149999618530273,1607,0.0,0.0
2023-05-18 12:30:00-04:00,29.280000686645508,29.280000686645508,29.280000686645508,29.280000686645508,1160,0.0,0.0
2023-05-18 15:30:00-04:00,29.0,29.0,28.674999237060547,28.799999237060547,2988,0.0,0.0
2023-05-19 09:30:00-04:00,28.40999984741211,28.40999984741211,28.40999984741211,28.40999984741211,0,0.0,0.0
2023-05-19 15:30:00-04:00,28.065000534057617,28.065000534057617,28.065000534057617,28.065000534057617,0,0.0,0.0
2023-05-22 09:30:00-04:00,28.0,28.0,28.0,28.0,358,0.0,0.0
2023-05-22 10:30:00-04:00,27.64889907836914,27.989999771118164,27.64889907836914,27.989999771118164,1195,0.0,0.0
2023-05-22 11:30:00-04:00,26.8700008392334,26.8700008392334,25.934999465942383,25.934999465942383,1071,0.0,0.0
2023-05-22 12:30:00-04:00,25.510000228881836,25.899999618530273,25.510000228881836,25.899999618530273,6506,0.0,0.0
2023-05-22 13:30:00-04:00,26.5,27.010000228881836,26.5,27.0,2423,0.0,0.0
2023-05-22 14:30:00-04:00,26.06999969482422,26.06999969482422,25.649999618530273,25.649999618530273,2184,0.0,0.0
2023-05-22 15:30:00-04:00,25.5,25.5,24.799999237060547,25.010000228881836,0,0.0,0.0
2023-05-23 09:30:00-04:00,25.0,25.899999618530273,25.0,25.75,1444,0.0,0.0
2023-05-23 10:30:00-04:00,25.290000915527344,25.299999237060547,25.0,25.299999237060547,0,0.0,0.0
2023-05-23 11:30:00-04:00,25.533599853515625,25.533599853515625,25.399999618530273,25.399999618530273,3840,0.0,0.0
2023-05-23 12:30:00-04:00,25.299999237060547,25.299999237060547,25.299999237060547,25.299999237060547,176,0.0,0.0
2023-05-23 13:30:00-04:00,25.860000610351562,25.860000610351562,25.59000015258789,25.59000015258789,587,0.0,0.0
2023-05-23 15:30:00-04:00,25.81999969482422,27.399999618530273,25.760000228881836,27.399999618530273,2424,0.0,0.0
2023-05-24 09:30:00-04:00,28.010000228881836,28.010000228881836,28.010000228881836,28.010000228881836,0,0.0,0.0
2023-05-24 11:30:00-04:00,26.209999084472656,27.979999542236328,26.209999084472656,27.979999542236328,1055,0.0,0.0
2023-05-24 13:30:00-04:00,26.209999084472656,26.209999084472656,26.200000762939453,26.200000762939453,631,0.0,0.0
2023-05-24 14:30:00-04:00,26.969999313354492,26.969999313354492,26.059999465942383,26.5,992,0.0,0.0
2023-05-24 15:30:00-04:00,26.795000076293945,26.989999771118164,26.600000381469727,26.600000381469727,1344,0.0,0.0
2023-05-25 10:30:00-04:00,26.200000762939453,26.485000610351562,26.200000762939453,26.485000610351562,302,0.0,0.0
2023-05-25 11:30:00-04:00,26.920000076293945,26.920000076293945,26.100000381469727,26.100000381469727,4561,0.0,0.0
2023-05-26 09:30:00-04:00,26.200000762939453,26.200000762939453,25.700000762939453,25.700000762939453,0,0.0,0.0
2023-05-26 10:30:00-04:00,25.96500015258789,25.96500015258789,25.96500015258789,25.96500015258789,837,0.0,0.0
2023-05-26 12:30:00-04:00,25.309999465942383,25.309999465942383,25.309999465942383,25.309999465942383,1592,0.0,0.0
2023-05-26 15:30:00-04:00,25.309999465942383,25.309999465942383,25.309999465942383,25.309999465942383,633,0.0,0.0
2023-05-30 10:30:00-04:00,25.905000686645508,25.905000686645508,25.905000686645508,25.905000686645508,1235,0.0,0.0
2023-05-30 14:30:00-04:00,26.455400466918945,26.455400466918945,26.455400466918945,26.455400466918945,405,0.0,0.0
2023-05-30 15:30:00-04:00,26.09000015258789,26.09000015258789,26.09000015258789,26.09000015258789,207,0.0,0.0
2023-05-31 09:30:00-04:00,26.100000381469727,26.100000381469727,26.100000381469727,26.100000381469727,0,0.0,0.0
2023-05-31 11:30:00-04:00,25.300100326538086,25.300100326538086,25.300100326538086,25.300100326538086,2877,0.0,0.0
2023-05-31 12:30:00-04:00,26.399999618530273,26.399999618530273,26.399999618530273,26.399999618530273,562,0.0,0.0
2023-05-31 13:30:00-04:00,25.950000762939453,25.950000762939453,25.950000762939453,25.950000762939453,124,0.0,0.0
2023-05-31 15:30:00-04:00,25.950000762939453,25.950000762939453,25.3799991607666,25.3799991607666,1917,0.0,0.0
2023-06-01 11:30:00-04:00,25.95240020751953,26.0,25.95240020751953,26.0,2187,0.0,0.0
2023-06-02 09:30:00-04:00,27.100000381469727,27.100000381469727,27.100000381469727,27.100000381469727,0,0.0,0.0
2023-06-02 10:30:00-04:00,26.600000381469727,26.600000381469727,26.600000381469727,26.600000381469727,699,0.0,0.0
2023-06-02 12:30:00-04:00,27.174999237060547,27.174999237060547,27.174999237060547,27.174999237060547,196,0.0,0.0
2023-06-02 13:30:00-04:00,27.174999237060547,27.174999237060547,27.174999237060547,27.174999237060547,965,0.0,0.0
2023-06-02 14:30:00-04:00,28.375,28.3799991607666,28.375,28.3799991607666,445,0.0,0.0
2023-06-02 15:30:00-04:00,28.375,28.375,28.375,28.375,326,0.0,0.0
2023-06-05 10:30:00-04:00,29.270000457763672,29.270000457763672,29.270000457763672,29.270000457763672,1669,0.0,0.0
2023-06-05 11:30:00-04:00,29.399999618530273,29.5,29.334999084472656,29.334999084472656,2903,0.0,0.0
2023-06-05 13:30:00-04:00,30.399999618530273,30.399999618530273,30.399999618530273,30.399999618530273,2235,0.0,0.0
2023-06-05 14:30:00-04:00,30.59000015258789,30.65999984741211,30.236000061035156,30.65999984741211,741,0.0,0.0
2023-06-05 15:30:00-04:00,30.34309959411621,30.850000381469727,30.000099182128906,30.000099182128906,1760,0.0,0.0
2023-06-06 09:30:00-04:00,30.399999618530273,30.399999618530273,29.850000381469727,29.850000381469727,0,0.0,0.0
2023-06-06 10:30:00-04:00,30.5,30.790000915527344,30.5,30.790000915527344,873,0.0,0.0
2023-06-06 11:30:00-04:00,30.780000686645508,30.799999237060547,30.780000686645508,30.799999237060547,909,0.0,0.0
2023-06-06 12:30:00-04:00,30.600099563598633,30.90999984741211,30.600099563598633,30.90999984741211,5174,0.0,0.0
2023-06-06 13:30:00-04:00,31.15999984741211,31.200000762939453,31.15999984741211,31.15999984741211,611,0.0,0.0
2023-06-06 14:30:00-04:00,31.15999984741211,31.200000762939453,31.1200008392334,31.200000762939453,972,0.0,0.0
2023-06-06 15:30:00-04:00,31.149999618530273,31.190000534057617,30.690000534057617,30.690000534057617,0,0.0,0.0
2023-06-07 09:30:00-04:00,30.020000457763672,30.020000457763672,30.020000457763672,30.020000457763672,946,0.0,0.0
2023-06-07 11:30:00-04:00,31.200000762939453,31.200000762939453,31.200000762939453,31.200000762939453,1610,0.0,0.0
2023-06-07 12:30:00-04:00,31.0,31.27549934387207,30.700000762939453,31.145000457763672,2642,0.0,0.0
2023-06-07 13:30:00-04:00,31.0,31.020000457763672,31.0,31.020000457763672,919,0.0,0.0
2023-06-07 14:30:00-04:00,31.0,31.545000076293945,31.0,31.545000076293945,1911,0.0,0.0
2023-06-07 15:30:00-04:00,31.56999969482422,31.600000381469727,31.31999969482422,31.600000381469727,2356,0.0,0.0
2023-06-08 09:30:00-04:00,31.690000534057617,31.690000534057617,31.690000534057617,31.690000534057617,397,0.0,0.0
2023-06-08 10:30:00-04:00,31.690000534057617,31.690000534057617,31.591400146484375,31.690000534057617,2289,0.0,0.0
2023-06-08 11:30:00-04:00,31.950000762939453,31.950000762939453,31.799999237060547,31.950000762939453,7165,0.0,0.0
2023-06-08 13:30:00-04:00,32.75,33.66999816894531,32.75,33.0,9064,0.0,0.0
2023-06-08 14:30:00-04:00,32.79999923706055,32.79999923706055,32.79999923706055,32.79999923706055,985,0.0,0.0
2023-06-08 15:30:00-04:00,32.70000076293945,32.70000076293945,32.70000076293945,32.70000076293945,663,0.0,0.0
2023-06-09 09:30:00-04:00,33.18000030517578,33.18000030517578,33.18000030517578,33.18000030517578,670,0.0,0.0
2023-06-09 10:30:00-04:00,32.70000076293945,32.70000076293945,32.70000076293945,32.70000076293945,1070,0.0,0.0
2023-06-09 11:30:00-04:00,32.95000076293945,32.95000076293945,32.95000076293945,32.95000076293945,1578,0.0,0.0
2023-06-09 12:30:00-04:00,32.290000915527344,32.599998474121094,32.2400016784668,32.5005989074707,3551,0.0,0.0
2023-06-09 13:30:00-04:00,32.79999923706055,32.79999923706055,32.0099983215332,32.0099983215332,2956,0.0,0.0
2023-06-09 14:30:00-04:00,32.0,32.0,32.0,32.0,400,0.0,0.0
2023-06-09 15:30:00-04:00,32.0,32.130001068115234,31.5,31.5,2404,0.0,0.0
2023-06-12 09:30:00-04:00,32.5,32.5,32.0,32.0,1133,0.0,0.0
2023-06-12 10:30:00-04:00,32.0,32.0,32.0,32.0,1109,0.0,0.0
2023-06-12 11:30:00-04:00,32.0,32.0,31.229999542236328,31.229999542236328,2887,0.0,0.0
2023-06-12 13:30:00-04:00,31.25,32.0,31.25,32.0,1013,0.0,0.0
2023-06-12 14:30:00-04:00,32.0,32.0,32.0,32.0,1085,0.0,0.0
2023-06-12 15:30:00-04:00,31.940000534057617,31.989999771118164,30.920000076293945,31.989999771118164,0,0.0,0.0
2023-06-13 09:30:00-04:00,32.0,32.0,32.0,32.0,557,0.0,0.0
2023-06-13 11:30:00-04:00,31.020000457763672,31.799999237060547,30.434999465942383,30.434999465942383,4211,0.0,0.0
2023-06-13 14:30:00-04:00,30.440000534057617,32.45000076293945,30.440000534057617,31.600000381469727,7827,0.0,0.0
2023-06-13 15:30:00-04:00,31.5,31.5,29.899999618530273,30.0,0,0.0,0.0
2023-06-14 09:30:00-04:00,30.899999618530273,30.899999618530273,30.06999969482422,30.06999969482422,1050,0.0,0.0
2023-06-14 10:30:00-04:00,30.020000457763672,31.114999771118164,30.020000457763672,31.114999771118164,812,0.0,0.0
2023-06-14 11:30:00-04:00,30.3799991607666,30.600000381469727,30.100000381469727,30.600000381469727,1203,0.0,0.0
2023-06-14 12:30:00-04:00,30.600000381469727,30.600000381469727,30.200000762939453,30.200000762939453,2052,0.0,0.0
2023-06-14 13:30:00-04:00,30.020000457763672,30.4950008392334,30.020000457763672,30.020000457763672,3318,0.0,0.0
2023-06-14 15:30:00-04:00,29.924999237060547,30.1476993560791,29.43000030517578,29.524999618530273,1595,0.0,0.0
2023-06-15 09:30:00-04:00,29.31999969482422,29.31999969482422,29.31999969482422,29.31999969482422,0,0.0,0.0
2023-06-15 10:30:00-04:00,29.075000762939453,29.075000762939453,29.075000762939453,29.075000762939453,1051,0.0,0.0
2023-06-15 11:30:00-04:00,29.295000076293945,29.295000076293945,29.28420066833496,29.28420066833496,2620,0.0,0.0
2023-06-15 13:30:00-04:00,29.290000915527344,29.290000915527344,29.290000915527344,29.290000915527344,1814,0.0,0.0
2023-06-15 14:30:00-04:00,29.8700008392334,29.950000762939453,29.8700008392334,29.90999984741211,1096,0.0,0.0
2023-06-15 15:30:00-04:00,29.90999984741211,29.90999984741211,29.790000915527344,29.790000915527344,0,0.0,0.0
2023-06-16 09:30:00-04:00,30.100000381469727,30.100000381469727,30.100000381469727,30.100000381469727,453,0.0,0.0
2023-06-16 10:30:00-04:00,29.950000762939453,29.959999084472656,29.950000762939453,29.959999084472656,4001,0.0,0.0
2023-06-16 12:30:00-04:00,29.424999237060547,29.424999237060547,29.424999237060547,29.424999237060547,661,0.0,0.0
2023-06-16 13:30:00-04:00,30.0,30.0,30.0,30.0,634,0.0,0.0
2023-06-16 14:30:00-04:00,29.834999084472656,31.790000915527344,29.834999084472656,30.604999542236328,21043,0.0,0.0
2023-06-16 15:30:00-04:00,30.729999542236328,31.139999389648438,30.520000457763672,31.139999389648438,7584,0.0,0.0
2023-06-20 09:30:00-04:00,30.75,30.75,30.5,30.5,0,0.0,0.0
2023-06-20 10:30:00-04:00,30.5,30.5,30.5,30.5,1281,0.0,0.0
2023-06-20 11:30:00-04:00,30.879100799560547,31.399999618530273,30.540000915527344,30.545000076293945,4770,0.0,0.0
2023-06-20 12:30:00-04:00,30.545000076293945,30.545000076293945,30.010000228881836,30.020000457763672,4950,0.0,0.0
2023-06-20 13:30:00-04:00,30.010000228881836,30.5,29.959999084472656,30.5,6581,0.0,0.0
2023-06-20 14:30:00-04:00,30.43000030517578,30.479999542236328,29.459999084472656,30.0,6553,0.0,0.0
2023-06-20 15:30:00-04:00,29.8700008392334,30.059999465942383,29.8700008392334,30.0,2187,0.0,0.0
2023-06-21 10:30:00-04:00,30.0,30.149999618530273,30.0,30.149999618530273,1978,0.0,0.0
2023-06-21 11:30:00-04:00,30.149999618530273,30.149999618530273,30.149999618530273,30.149999618530273,989,0.0,0.0
2023-06-21 12:30:00-04:00,30.149999618530273,30.200000762939453,30.149999618530273,30.200000762939453,2634,0.0,0.0
2023-06-21 13:30:00-04:00,30.19300079345703,30.5,30.19300079345703,30.200000762939453,3582,0.0,0.0
2023-06-21 14:30:00-04:00,30.200000762939453,30.25,29.799999237060547,29.799999237060547,3081,0.0,0.0
2023-06-21 15:30:00-04:00,30.0,30.059999465942383,29.8700008392334,30.0,4160,0.0,0.0
2023-06-22 10:30:00-04:00,29.55900001525879,30.0,29.55900001525879,30.0,505,0.0,0.0
2023-06-22 11:30:00-04:00,29.975000381469727,30.2450008392334,29.975000381469727,30.045000076293945,3532,0.0,0.0
2023-06-22 12:30:00-04:00,30.045000076293945,30.059999465942383,30.024999618530273,30.059999465942383,2451,0.0,0.0
2023-06-22 13:30:00-04:00,30.06999969482422,30.100000381469727,30.0,30.100000381469727,2676,0.0,0.0
2023-06-22 14:30:00-04:00,30.100000381469727,30.100000381469727,29.920000076293945,30.0,4022,0.0,0.0
2023-06-22 15:30:00-04:00,30.0,30.0,29.93000030517578,30.0,6641,0.0,0.0
2023-06-23 09:30:00-04:00,29.940000534057617,30.25,29.3799991607666,29.3799991607666,6865,0.0,0.0
2023-06-23 10:30:00-04:00,29.75,29.979999542236328,29.28499984741211,29.739999771118164,2221,0.0,0.0
2023-06-23 11:30:00-04:00,29.114999771118164,29.690000534057617,29.114999771118164,29.350000381469727,2659,0.0,0.0
2023-06-23 12:30:00-04:00,29.350000381469727,29.959999084472656,29.31999969482422,29.31999969482422,2622,0.0,0.0
2023-06-23 13:30:00-04:00,29.315000534057617,29.315000534057617,29.0049991607666,29.200000762939453,2254,0.0,0.0
2023-06-23 14:30:00-04:00,29.200000762939453,29.760000228881836,27.0,27.020000457763672,13433,0.0,0.0
2023-06-23 15:30:00-04:00,27.010099411010742,27.399999618530273,24.264999389648438,24.420000076293945,19239,0.0,0.0
2023-06-26 09:30:00-04:00,25.149999618530273,25.905000686645508,25.149999618530273,25.600000381469727,7343,0.0,0.0
2023-06-26 10:30:00-04:00,25.829999923706055,25.829999923706055,25.5,25.780000686645508,2114,0.0,0.0
2023-06-26 11:30:00-04:00,25.5,25.670000076293945,25.184999465942383,25.184999465942383,2925,0.0,0.0
2023-06-26 12:30:00-04:00,25.200000762939453,25.239999771118164,23.90999984741211,24.0,18620,0.0,0.0
2023-06-26 13:30:00-04:00,23.65999984741211,24.325000762939453,23.65999984741211,24.301599502563477,5665,0.0,0.0
2023-06-26 14:30:00-04:00,24.329999923706055,24.59000015258789,23.889999389648438,24.540000915527344,5685,0.0,0.0
2023-06-26 15:30:00-04:00,24.424999237060547,24.565000534057617,23.68000030517578,23.729999542236328,8904,0.0,0.0
2023-06-27 09:30:00-04:00,24.200000762939453,24.75,23.329999923706055,23.790000915527344,7842,0.0,0.0
2023-06-27 10:30:00-04:00,23.799999237060547,23.920000076293945,23.459999084472656,23.8799991607666,1632,0.0,0.0
2023-06-27 11:30:00-04:00,23.8700008392334,23.8799991607666,23.850000381469727,23.850000381469727,2145,0.0,0.0
2023-06-27 12:30:00-04:00,23.850000381469727,24.610000610351562,23.450000762939453,24.610000610351562,2568,0.0,0.0
2023-06-27 13:30:00-04:00,24.6200008392334,24.6200008392334,24.59000015258789,24.59000015258789,899,0.0,0.0
2023-06-27 14:30:00-04:00,24.459999084472656,24.709999084472656,24.25,24.25,1633,0.0,0.0
2023-06-27 15:30:00-04:00,24.25,24.719999313354492,24.25,24.559999465942383,6510,0.0,0.0
2023-06-28 09:30:00-04:00,24.15999984741211,24.15999984741211,23.0,23.649999618530273,0,0.0,0.0
2023-06-28 11:30:00-04:00,24.079999923706055,24.079999923706055,24.079999923706055,24.079999923706055,1257,0.0,0.0
2023-06-28 14:30:00-04:00,24.6299991607666,24.6299991607666,24.6299991607666,24.6299991607666,428,0.0,0.0
2023-06-28 15:30:00-04:00,24.940000534057617,24.940000534057617,24.860000610351562,24.860000610351562,1336,0.0,0.0
2023-06-29 09:30:00-04:00,24.540000915527344,24.56999969482422,24.540000915527344,24.549999237060547,2185,0.0,0.0
2023-06-29 13:30:00-04:00,24.06999969482422,24.80500030517578,24.06999969482422,24.565000534057617,3764,0.0,0.0
2023-06-29 14:30:00-04:00,24.21500015258789,24.889999389648438,24.21500015258789,24.56999969482422,2915,0.0,0.0
2023-06-29 15:30:00-04:00,25.0,25.0,24.764999389648438,25.0,1338,0.0,0.0
2023-06-30 09:30:00-04:00,24.61870002746582,24.61870002746582,24.61870002746582,24.61870002746582,471,0.0,0.0
2023-06-30 15:30:00-04:00,25.049999237060547,25.3700008392334,24.81999969482422,25.3700008392334,2766,0.0,0.0
2023-07-03 09:30:00-04:00,23.75,23.75,23.75,23.75,1551,0.0,0.0
2023-07-03 10:30:00-04:00,24.899999618530273,24.899999618530273,24.899999618530273,24.899999618530273,169,0.0,0.0
2023-07-03 11:30:00-04:00,24.850000381469727,24.850000381469727,24.459999084472656,24.459999084472656,812,0.0,0.0
2023-07-05 09:30:00-04:00,24.360000610351562,25.200000762939453,24.357900619506836,24.68000030517578,3885,0.0,0.0
2023-07-05 11:30:00-04:00,24.350000381469727,24.420000076293945,24.350000381469727,24.350000381469727,1712,0.0,0.0
2023-07-05 12:30:00-04:00,23.850000381469727,24.020000457763672,23.850000381469727,24.0,3529,0.0,0.0
2023-07-05 13:30:00-04:00,24.235000610351562,24.235000610351562,24.049999237060547,24.049999237060547,1120,0.0,0.0
2023-07-05 14:30:00-04:00,24.100000381469727,24.260000228881836,23.290000915527344,23.469999313354492,5932,0.0,0.0
2023-07-05 15:30:00-04:00,23.700000762939453,23.700000762939453,22.920000076293945,22.920000076293945,3253,0.0,0.0
2023-07-06 09:30:00-04:00,22.950000762939453,22.950000762939453,22.5,22.5,2993,0.0,0.0
2023-07-06 12:30:00-04:00,23.09000015258789,23.09000015258789,22.5,22.5,3641,0.0,0.0
2023-07-06 13:30:00-04:00,22.549999237060547,23.075000762939453,22.549999237060547,22.600000381469727,997,0.0,0.0
2023-07-06 14:30:00-04:00,22.885000228881836,23.190000534057617,22.885000228881836,23.190000534057617,1077,0.0,0.0
2023-07-06 15:30:00-04:00,22.375,23.34000015258789,22.375,23.34000015258789,615,0.0,0.0
2023-07-07 12:30:00-04:00,22.959999084472656,22.959999084472656,22.959999084472656,22.959999084472656,1188,0.0,0.0
2023-07-07 13:30:00-04:00,22.75,23.280000686645508,22.75,23.149999618530273,674,0.0,0.0
2023-07-07 14:30:00-04:00,23.25,23.354999542236328,23.0,23.354999542236328,1728,0.0,0.0
2023-07-07 15:30:00-04:00,23.309999465942383,23.5,23.309999465942383,23.5,2885,0.0,0.0
2023-07-10 09:30:00-04:00,23.739999771118164,23.739999771118164,23.739999771118164,23.739999771118164,0,0.0,0.0
2023-07-10 10:30:00-04:00,24.100000381469727,24.25,24.100000381469727,24.25,1276,0.0,0.0
2023-07-10 12:30:00-04:00,23.780000686645508,23.780000686645508,23.780000686645508,23.780000686645508,1026,0.0,0.0
2023-07-10 13:30:00-04:00,22.6299991607666,22.6299991607666,22.6299991607666,22.6299991607666,357,0.0,0.0
2023-07-10 14:30:00-04:00,23.964399337768555,23.964399337768555,23.25,23.65999984741211,2570,0.0,0.0
2023-07-10 15:30:00-04:00,23.0,23.65999984741211,23.0,23.5718994140625,652,0.0,0.0
2023-07-11 11:30:00-04:00,23.299999237060547,23.489999771118164,23.100000381469727,23.489999771118164,2633,0.0,0.0
2023-07-11 12:30:00-04:00,23.5,24.979999542236328,23.459999084472656,24.5,3687,0.0,0.0
2023-07-11 13:30:00-04:00,24.540000915527344,24.540000915527344,24.000600814819336,24.479999542236328,2861,0.0,0.0
2023-07-11 14:30:00-04:00,24.6200008392334,24.6200008392334,24.43000030517578,24.43000030517578,927,0.0,0.0
2023-07-11 15:30:00-04:00,24.350000381469727,24.399999618530273,24.350000381469727,24.389999389648438,1539,0.0,0.0
2023-07-12 12:30:00-04:00,24.360000610351562,24.399999618530273,24.360000610351562,24.399999618530273,3328,0.0,0.0
2023-07-12 13:30:00-04:00,23.770000457763672,24.200000762939453,23.770000457763672,24.200000762939453,920,0.0,0.0
2023-07-12 14:30:00-04:00,23.825000762939453,24.399999618530273,23.825000762939453,24.399999618530273,1263,0.0,0.0
2023-07-12 15:30:00-04:00,24.329999923706055,24.389999389648438,23.329999923706055,23.860000610351562,2977,0.0,0.0
2023-07-13 09:30:00-04:00,24.399999618530273,25.5,24.200000762939453,25.5,0,0.0,0.0
2023-07-13 10:30:00-04:00,25.549999237060547,25.604999542236328,25.5,25.549999237060547,1133,0.0,0.0
2023-07-13 12:30:00-04:00,25.0,25.0,24.790000915527344,24.790000915527344,1696,0.0,0.0
2023-07-13 15:30:00-04:00,26.020000457763672,26.020000457763672,25.600000381469727,25.600000381469727,1024,0.0,0.0
2023-07-14 09:30:00-04:00,24.899999618530273,24.899999618530273,24.899999618530273,24.899999618530273,0,0.0,0.0
2023-07-14 10:30:00-04:00,26.100000381469727,26.100000381469727,24.709999084472656,25.25,15023,0.0,0.0
2023-07-14 11:30:00-04:00,25.5,26.700000762939453,25.239999771118164,26.5,7521,0.0,0.0
2023-07-14 12:30:00-04:00,26.299999237060547,26.6200008392334,26.200000762939453,26.5,3097,0.0,0.0
2023-07-14 14:30:00-04:00,26.389999389648438,27.979999542236328,26.389999389648438,27.489999771118164,15536,0.0,0.0
2023-07-14 15:30:00-04:00,27.190000534057617,27.235000610351562,26.549999237060547,27.235000610351562,7005,0.0,0.0
2023-07-17 09:30:00-04:00,26.28420066833496,26.950000762939453,26.28420066833496,26.600000381469727,9156,0.0,0.0
2023-07-17 10:30:00-04:00,27.200000762939453,27.489999771118164,27.200000762939453,27.489999771118164,656,0.0,0.0
2023-07-17 11:30:00-04:00,27.030000686645508,28.110000610351562,27.030000686645508,28.110000610351562,2931,0.0,0.0
2023-07-17 12:30:00-04:00,27.774999618530273,27.774999618530273,27.774999618530273,27.774999618530273,221,0.0,0.0
2023-07-17 13:30:00-04:00,27.530000686645508,27.700000762939453,26.600000381469727,26.850000381469727,10831,0.0,0.0
2023-07-17 14:30:00-04:00,26.899999618530273,27.100000381469727,26.565000534057617,26.649999618530273,2895,0.0,0.0
2023-07-17 15:30:00-04:00,26.809999465942383,27.0,26.809999465942383,26.979999542236328,3211,0.0,0.0
2023-07-18 09:30:00-04:00,27.200000762939453,27.299999237060547,26.540000915527344,26.540000915527344,0,0.0,0.0
2023-07-18 10:30:00-04:00,26.170000076293945,27.399999618530273,26.170000076293945,27.25,6502,0.0,0.0
2023-07-18 11:30:00-04:00,27.33300018310547,27.33300018310547,27.25,27.25,643,0.0,0.0
2023-07-18 12:30:00-04:00,27.309999465942383,27.329999923706055,26.940000534057617,27.200000762939453,5554,0.0,0.0
2023-07-18 13:30:00-04:00,27.010000228881836,28.510000228881836,27.010000228881836,28.510000228881836,4722,0.0,0.0
2023-07-18 14:30:00-04:00,28.5,28.510000228881836,27.010000228881836,27.299999237060547,11591,0.0,0.0
2023-07-18 15:30:00-04:00,27.399999618530273,27.399999618530273,27.020000457763672,27.200000762939453,1310,0.0,0.0
2023-07-19 09:30:00-04:00,27.200000762939453,27.280000686645508,27.0,27.280000686645508,1726,0.0,0.0
2023-07-19 10:30:00-04:00,27.59000015258789,27.59000015258789,27.59000015258789,27.59000015258789,150,0.0,0.0
2023-07-19 12:30:00-04:00,27.049999237060547,27.049999237060547,27.0,27.0,779,0.0,0.0
2023-07-19 13:30:00-04:00,26.700000762939453,26.700000762939453,26.700000762939453,26.700000762939453,189,0.0,0.0
2023-07-19 14:30:00-04:00,26.455799102783203,26.65999984741211,26.455799102783203,26.65999984741211,1289,0.0,0.0
2023-07-20 09:30:00-04:00,27.0,27.0,27.0,27.0,4798,0.0,0.0
2023-07-20 10:30:00-04:00,27.100000381469727,27.100000381469727,27.100000381469727,27.100000381469727,567,0.0,0.0
2023-07-20 11:30:00-04:00,26.90999984741211,27.013500213623047,26.90999984741211,27.013500213623047,583,0.0,0.0
2023-07-20 12:30:00-04:00,27.3799991607666,27.3799991607666,27.3799991607666,27.3799991607666,583,0.0,0.0
2023-07-20 13:30:00-04:00,26.700000762939453,27.049999237060547,26.455900192260742,26.969999313354492,4192,0.0,0.0
2023-07-20 14:30:00-04:00,26.969999313354492,26.969999313354492,26.18000030517578,26.18000030517578,2558,0.0,0.0
2023-07-20 15:30:00-04:00,26.309999465942383,26.93000030517578,26.09000015258789,26.520000457763672,3169,0.0,0.0
2023-07-21 09:30:00-04:00,26.239999771118164,26.239999771118164,26.0,26.0,0,0.0,0.0
2023-07-21 12:30:00-04:00,25.889999389648438,25.889999389648438,25.889999389648438,25.889999389648438,202,0.0,0.0
2023-07-21 13:30:00-04:00,25.969999313354492,26.760000228881836,25.969999313354492,26.5,7037,0.0,0.0
2023-07-21 15:30:00-04:00,26.299999237060547,26.5,26.135000228881836,26.399999618530273,4440,0.0,0.0
2023-07-24 09:30:00-04:00,19.809999465942383,19.940000534057617,19.350000381469727,19.809999465942383,263210,0.0,0.0
2023-07-24 10:30:00-04:00,19.75,20.0,19.559999465942383,19.905000686645508,47640,0.0,0.0
2023-07-24 11:30:00-04:00,19.875,20.0,19.549999237060547,19.549999237060547,50405,0.0,0.0
2023-07-24 12:30:00-04:00,19.6299991607666,19.6299991607666,19.299999237060547,19.31999969482422,44626,0.0,0.0
2023-07-24 13:30:00-04:00,19.329999923706055,19.329999923706055,18.799999237060547,18.829999923706055,89781,0.0,0.0
2023-07-24 14:30:00-04:00,18.905000686645508,18.905099868774414,18.75,18.770000457763672,56382,0.0,0.0
2023-07-24 15:30:00-04:00,18.75,18.979999542236328,18.700000762939453,18.700000762939453,69104,0.0,0.0
2023-07-25 09:30:00-04:00,19.0,19.100000381469727,18.610000610351562,18.6299991607666,44709,0.0,0.0
2023-07-25 10:30:00-04:00,18.655000686645508,18.75,18.6200008392334,18.649999618530273,14350,0.0,0.0
2023-07-25 11:30:00-04:00,18.665000915527344,18.819900512695312,18.645000457763672,18.770000457763672,7050,0.0,0.0
2023-07-25 12:30:00-04:00,18.770000457763672,18.81800079345703,18.760000228881836,18.764999389648438,4581,0.0,0.0
2023-07-25 13:30:00-04:00,18.760000228881836,18.889999389648438,18.760000228881836,18.770000457763672,9330,0.0,0.0
2023-07-25 14:30:00-04:00,18.770000457763672,18.774999618530273,18.510000228881836,18.540000915527344,26526,0.0,0.0
2023-07-25 15:30:00-04:00,18.53660011291504,18.6200008392334,18.459999084472656,18.540000915527344,32047,0.0,0.0
2023-07-26 09:30:00-04:00,18.450000762939453,18.639999389648438,18.200000762939453,18.331499099731445,45423,0.0,0.0
2023-07-26 10:30:00-04:00,18.219999313354492,18.350000381469727,18.100000381469727,18.200000762939453,27629,0.0,0.0
2023-07-26 11:30:00-04:00,18.200000762939453,18.380599975585938,18.200000762939453,18.34000015258789,6058,0.0,0.0
2023-07-26 12:30:00-04:00,18.299999237060547,18.56999969482422,18.1200008392334,18.399999618530273,34577,0.0,0.0
2023-07-26 13:30:00-04:00,18.34000015258789,18.6299991607666,18.170000076293945,18.420000076293945,43437,0.0,0.0
2023-07-26 14:30:00-04:00,18.399999618530273,18.549999237060547,18.25,18.299999237060547,34326,0.0,0.0
2023-07-26 15:30:00-04:00,18.25,18.40999984741211,18.149999618530273,18.399999618530273,15812,0.0,0.0
2023-07-27 09:30:00-04:00,18.459999084472656,18.549999237060547,18.399999618530273,18.421499252319336,4980,0.0,0.0
2023-07-27 10:30:00-04:00,18.40049934387207,18.450000762939453,18.290000915527344,18.38330078125,14221,0.0,0.0
2023-07-27 11:30:00-04:00,18.350000381469727,18.350000381469727,18.219999313354492,18.219999313354492,3958,0.0,0.0
2023-07-27 12:30:00-04:00,18.25,18.549999237060547,18.25,18.518199920654297,11395,0.0,0.0
2023-07-27 13:30:00-04:00,18.52630043029785,18.700000762939453,18.44499969482422,18.5,11526,0.0,0.0
2023-07-27 14:30:00-04:00,18.549999237060547,18.604000091552734,18.399999618530273,18.399999618530273,7796,0.0,0.0
2023-07-27 15:30:00-04:00,18.40999984741211,18.559999465942383,18.399999618530273,18.549999237060547,10250,0.0,0.0
2023-07-28 09:30:00-04:00,18.559999465942383,18.738100051879883,18.25,18.350000381469727,14420,0.0,0.0
2023-07-28 10:30:00-04:00,18.350000381469727,18.549999237060547,18.350000381469727,18.540000915527344,3198,0.0,0.0
2023-07-28 11:30:00-04:00,18.549999237060547,18.549999237060547,18.450000762939453,18.450000762939453,1107,0.0,0.0
2023-07-28 12:30:00-04:00,18.454999923706055,18.485000610351562,18.350000381469727,18.479999542236328,2689,0.0,0.0
2023-07-28 13:30:00-04:00,18.489999771118164,18.5,18.350000381469727,18.469999313354492,10500,0.0,0.0
2023-07-28 14:30:00-04:00,18.469999313354492,18.479999542236328,18.389999389648438,18.434999465942383,8898,0.0,0.0
2023-07-28 15:30:00-04:00,18.434999465942383,18.799999237060547,18.350000381469727,18.75,13273,0.0,0.0
2023-07-31 09:30:00-04:00,18.850000381469727,19.149999618530273,18.850000381469727,19.04990005493164,27978,0.0,0.0
2023-07-31 10:30:00-04:00,18.979999542236328,18.979999542236328,18.700000762939453,18.700000762939453,10944,0.0,0.0
2023-07-31 11:30:00-04:00,18.700000762939453,18.700000762939453,18.700000762939453,18.700000762939453,569,0.0,0.0
2023-07-31 12:30:00-04:00,18.649999618530273,18.75,18.6299991607666,18.700000762939453,1601,0.0,0.0
2023-07-31 13:30:00-04:00,18.730499267578125,18.739999771118164,18.695499420166016,18.725000381469727,1961,0.0,0.0
2023-07-31 14:30:00-04:00,18.709999084472656,18.940000534057617,18.610000610351562,18.690000534057617,29764,0.0,0.0
2023-07-31 15:30:00-04:00,18.75,18.75,18.56999969482422,18.604999542236328,10096,0.0,0.0
2023-08-01 09:30:00-04:00,18.649999618530273,18.850000381469727,18.549999237060547,18.549999237060547,7130,0.0,0.0
2023-08-01 10:30:00-04:00,18.583599090576172,18.583599090576172,18.489999771118164,18.489999771118164,5128,0.0,0.0
2023-08-01 11:30:00-04:00,18.5,18.5,18.5,18.5,1193,0.0,0.0
2023-08-01 12:30:00-04:00,18.450000762939453,18.454999923706055,18.300100326538086,18.329999923706055,2595,0.0,0.0
2023-08-01 13:30:00-04:00,18.429899215698242,18.429899215698242,18.309999465942383,18.309999465942383,7076,0.0,0.0
2023-08-01 14:30:00-04:00,18.309999465942383,18.3700008392334,18.280000686645508,18.31999969482422,6284,0.0,0.0
2023-08-01 15:30:00-04:00,18.299999237060547,18.389999389648438,18.209999084472656,18.3700008392334,11580,0.0,0.0
2023-08-02 09:30:00-04:00,18.450000762939453,18.475000381469727,18.350000381469727,18.350000381469727,3793,0.0,0.0
2023-08-02 10:30:00-04:00,18.3799991607666,18.3799991607666,17.75,17.799999237060547,18907,0.0,0.0
2023-08-02 11:30:00-04:00,18.0,18.799999237060547,18.0,18.399999618530273,23569,0.0,0.0
2023-08-02 12:30:00-04:00,18.420000076293945,18.420000076293945,18.399999618530273,18.399999618530273,2597,0.0,0.0
2023-08-02 13:30:00-04:00,18.360000610351562,18.360000610351562,18.350000381469727,18.350099563598633,816,0.0,0.0
2023-08-02 14:30:00-04:00,18.350000381469727,18.399999618530273,18.309999465942383,18.389999389648438,3260,0.0,0.0
2023-08-02 15:30:00-04:00,18.385000228881836,18.565000534057617,18.385000228881836,18.540000915527344,10488,0.0,0.0
2023-08-03 10:30:00-04:00,18.579999923706055,18.799999237060547,18.579999923706055,18.799999237060547,5997,0.0,0.0
2023-08-03 11:30:00-04:00,18.799999237060547,18.889999389648438,18.799999237060547,18.799999237060547,2742,0.0,0.0
2023-08-03 12:30:00-04:00,18.889999389648438,19.0,18.889999389648438,18.979999542236328,4322,0.0,0.0
2023-08-03 13:30:00-04:00,19.0,19.030000686645508,19.0,19.030000686645508,897,0.0,0.0
2023-08-03 14:30:00-04:00,18.920000076293945,18.920000076293945,18.899999618530273,18.899999618530273,2089,0.0,0.0
2023-08-03 15:30:00-04:00,18.860000610351562,18.93000030517578,18.799999237060547,18.809999465942383,4731,0.0,0.0
2023-08-04 09:30:00-04:00,18.829999923706055,18.829999923706055,18.809999465942383,18.809999465942383,1090,0.0,0.0
2023-08-04 10:30:00-04:00,18.809999465942383,18.84000015258789,18.62689971923828,18.62689971923828,6033,0.0,0.0
2023-08-04 11:30:00-04:00,18.790000915527344,18.790000915527344,18.700000762939453,18.700000762939453,614,0.0,0.0
2023-08-04 12:30:00-04:00,18.68000030517578,18.75,18.68000030517578,18.729999542236328,7765,0.0,0.0
2023-08-04 13:30:00-04:00,18.729999542236328,18.729999542236328,18.510099411010742,18.510099411010742,2263,0.0,0.0
2023-08-04 14:30:00-04:00,18.594999313354492,18.594999313354492,18.309999465942383,18.399999618530273,9501,0.0,0.0
2023-08-04 15:30:00-04:00,18.399999618530273,18.40999984741211,18.280000686645508,18.280000686645508,5335,0.0,0.0
2023-08-07 09:30:00-04:00,18.309999465942383,18.485000610351562,18.309999465942383,18.3799991607666,0,0.0,0.0
2023-08-07 10:30:00-04:00,18.3700008392334,18.489999771118164,18.190000534057617,18.280000686645508,10898,0.0,0.0
2023-08-07 11:30:00-04:00,18.350000381469727,18.440000534057617,18.329999923706055,18.329999923706055,2339,0.0,0.0
2023-08-07 13:30:00-04:00,18.31130027770996,18.53499984741211,18.31130027770996,18.5,1020,0.0,0.0
2023-08-07 14:30:00-04:00,18.450000762939453,18.5,18.43000030517578,18.5,584,0.0,0.0
2023-08-07 15:30:00-04:00,18.399999618530273,18.40999984741211,18.219999313354492,18.25,11380,0.0,0.0
2023-08-08 09:30:00-04:00,18.200000762939453,18.32360076904297,18.200000762939453,18.32360076904297,786,0.0,0.0
2023-08-08 10:30:00-04:00,18.399999618530273,18.407499313354492,18.395000457763672,18.399999618530273,873,0.0,0.0
2023-08-08 11:30:00-04:00,18.450000762939453,18.520000457763672,18.4375,18.450000762939453,2251,0.0,0.0
2023-08-08 12:30:00-04:00,18.565000534057617,18.575000762939453,18.447999954223633,18.447999954223633,2515,0.0,0.0
2023-08-08 13:30:00-04:00,18.412700653076172,18.483999252319336,18.40999984741211,18.483999252319336,2062,0.0,0.0
2023-08-08 14:30:00-04:00,18.395000457763672,18.417600631713867,18.34000015258789,18.354999542236328,2971,0.0,0.0
2023-08-08 15:30:00-04:00,18.270000457763672,18.420000076293945,18.270000457763672,18.309999465942383,4731,0.0,0.0
2023-08-09 09:30:00-04:00,18.420000076293945,18.420000076293945,18.200000762939453,18.200000762939453,1297,0.0,0.0
2023-08-09 10:30:00-04:00,18.100099563598633,18.135299682617188,18.079999923706055,18.079999923706055,4989,0.0,0.0
2023-08-09 11:30:00-04:00,18.014999389648438,18.085599899291992,17.899999618530273,18.023399353027344,9706,0.0,0.0
2023-08-09 12:30:00-04:00,18.0,18.100000381469727,18.0,18.09000015258789,7072,0.0,0.0
2023-08-09 13:30:00-04:00,18.09000015258789,18.40999984741211,17.94499969482422,18.40999984741211,16452,0.0,0.0
2023-08-09 14:30:00-04:00,18.299999237060547,18.364999771118164,18.200000762939453,18.25,6497,0.0,0.0
2023-08-09 15:30:00-04:00,18.299999237060547,18.510000228881836,18.260000228881836,18.329999923706055,10103,0.0,0.0
2023-08-10 09:30:00-04:00,18.700000762939453,18.77910041809082,18.510000228881836,18.600000381469727,4665,0.0,0.0
2023-08-10 10:30:00-04:00,18.520000457763672,18.6200008392334,18.479999542236328,18.6200008392334,1873,0.0,0.0
2023-08-10 11:30:00-04:00,18.5,18.5,18.499900817871094,18.499900817871094,1763,0.0,0.0
2023-08-10 12:30:00-04:00,18.579999923706055,18.635000228881836,18.54990005493164,18.54990005493164,3213,0.0,0.0
2023-08-10 13:30:00-04:00,18.489999771118164,18.489999771118164,18.489999771118164,18.489999771118164,246,0.0,0.0
2023-08-10 14:30:00-04:00,18.489999771118164,18.5,18.489299774169922,18.489999771118164,3219,0.0,0.0
2023-08-10 15:30:00-04:00,18.5,18.5,18.299999237060547,18.360000610351562,4875,0.0,0.0
2023-08-11 09:30:00-04:00,18.5,18.600000381469727,18.5,18.600000381469727,1900,0.0,0.0
2023-08-11 10:30:00-04:00,18.594999313354492,18.700000762939453,18.5,18.700000762939453,2932,0.0,0.0
2023-08-11 11:30:00-04:00,18.639999389648438,18.670000076293945,18.600000381469727,18.670000076293945,2876,0.0,0.0
2023-08-11 12:30:00-04:00,18.68000030517578,18.68000030517578,18.65999984741211,18.65999984741211,2463,0.0,0.0
2023-08-11 13:30:00-04:00,18.670000076293945,18.670000076293945,18.600900650024414,18.600900650024414,785,0.0,0.0
2023-08-11 14:30:00-04:00,18.56999969482422,18.625,18.420000076293945,18.440000534057617,4606,0.0,0.0
2023-08-11 15:30:00-04:00,18.459999084472656,18.510000228881836,18.420000076293945,18.510000228881836,3788,0.0,0.0
2023-08-14 09:30:00-04:00,18.665599822998047,18.665599822998047,18.302400588989258,18.302400588989258,1988,0.0,0.0
2023-08-14 10:30:00-04:00,18.300100326538086,18.350000381469727,18.300100326538086,18.329999923706055,1333,0.0,0.0
2023-08-14 11:30:00-04:00,18.299999237060547,18.299999237060547,18.299999237060547,18.299999237060547,888,0.0,0.0
2023-08-14 12:30:00-04:00,18.111400604248047,18.111400604248047,18.111400604248047,18.111400604248047,306,0.0,0.0
2023-08-14 13:30:00-04:00,18.15999984741211,18.690000534057617,18.15999984741211,18.489999771118164,26262,0.0,0.0
2023-08-14 14:30:00-04:00,18.459999084472656,18.6200008392334,18.110000610351562,18.405000686645508,9093,0.0,0.0
2023-08-14 15:30:00-04:00,18.209999084472656,18.31999969482422,18.170000076293945,18.267499923706055,2262,0.0,0.0
2023-08-15 09:30:00-04:00,18.440000534057617,18.440000534057617,18.100000381469727,18.100000381469727,2967,0.0,0.0
2023-08-15 10:30:00-04:00,18.239999771118164,18.239999771118164,17.843700408935547,18.059999465942383,8566,0.0,0.0
2023-08-15 11:30:00-04:00,18.100000381469727,18.100000381469727,17.94099998474121,17.950000762939453,1163,0.0,0.0
2023-08-15 12:30:00-04:00,18.014999389648438,18.022499084472656,17.920000076293945,17.920000076293945,2468,0.0,0.0
2023-08-15 13:30:00-04:00,17.969999313354492,17.969999313354492,17.920000076293945,17.920000076293945,831,0.0,0.0
2023-08-15 14:30:00-04:00,17.899999618530273,17.93000030517578,17.75,17.768999099731445,14915,0.0,0.0
2023-08-15 15:30:00-04:00,17.770000457763672,18.010000228881836,17.5,18.0,26546,0.0,0.0
2023-08-16 09:30:00-04:00,17.969999313354492,18.049999237060547,17.700000762939453,17.8700008392334,2036,0.0,0.0
2023-08-16 10:30:00-04:00,17.829999923706055,18.020599365234375,17.829999923706055,18.020599365234375,9762,0.0,0.0
2023-08-16 11:30:00-04:00,17.84000015258789,17.959999084472656,17.799999237060547,17.899999618530273,16869,0.0,0.0
2023-08-16 12:30:00-04:00,17.760000228881836,17.8799991607666,17.760000228881836,17.829999923706055,6066,0.0,0.0
2023-08-16 13:30:00-04:00,17.811199188232422,17.93000030517578,17.809999465942383,17.93000030517578,4237,0.0,0.0
2023-08-16 14:30:00-04:00,17.950000762939453,18.0,17.899999618530273,17.899999618530273,5411,0.0,0.0
2023-08-16 15:30:00-04:00,17.860000610351562,17.950000762939453,17.809999465942383,17.809999465942383,4834,0.0,0.0
2023-08-17 09:30:00-04:00,17.799999237060547,17.799999237060547,17.799999237060547,17.799999237060547,183,0.0,0.0
2023-08-17 10:30:00-04:00,17.860000610351562,18.0,17.850000381469727,18.0,1707,0.0,0.0
2023-08-17 11:30:00-04:00,17.992000579833984,17.992000579833984,17.8799991607666,17.979999542236328,3188,0.0,0.0
2023-08-17 12:30:00-04:00,17.899999618530273,18.049999237060547,17.75,17.93000030517578,21839,0.0,0.0
2023-08-17 13:30:00-04:00,17.799999237060547,18.15049934387207,17.75,17.979400634765625,15586,0.0,0.0
2023-08-17 14:30:00-04:00,17.899999618530273,17.93000030517578,17.834999084472656,17.899999618530273,4819,0.0,0.0
2023-08-17 15:30:00-04:00,17.899999618530273,18.0,17.700000762939453,17.700000762939453,6535,0.0,0.0
2023-08-18 09:30:00-04:00,17.760000228881836,17.914499282836914,17.75,17.914499282836914,2176,0.0,0.0
2023-08-18 10:30:00-04:00,18.014999389648438,18.059999465942383,18.014999389648438,18.059999465942383,2059,0.0,0.0
2023-08-18 11:30:00-04:00,18.100000381469727,18.299999237060547,18.100000381469727,18.299999237060547,3341,0.0,0.0
2023-08-18 12:30:00-04:00,18.309999465942383,18.309999465942383,18.309999465942383,18.309999465942383,565,0.0,0.0
2023-08-18 13:30:00-04:00,18.309999465942383,18.479999542236328,18.149999618530273,18.209999084472656,12854,0.0,0.0
2023-08-18 14:30:00-04:00,18.239999771118164,18.520000457763672,18.0,18.030000686645508,15319,0.0,0.0
2023-08-18 15:30:00-04:00,18.25,18.360000610351562,18.010000228881836,18.309999465942383,12514,0.0,0.0
2023-08-21 09:30:00-04:00,18.149999618530273,18.3799991607666,18.149999618530273,18.350000381469727,2099,0.0,0.0
2023-08-21 10:30:00-04:00,18.34000015258789,18.827999114990234,18.270000457763672,18.524999618530273,25903,0.0,0.0
2023-08-21 11:30:00-04:00,18.520000457763672,18.520000457763672,18.415000915527344,18.415000915527344,3715,0.0,0.0
2023-08-21 12:30:00-04:00,18.40999984741211,18.85070037841797,18.20009994506836,18.579999923706055,21116,0.0,0.0
2023-08-21 13:30:00-04:00,18.655000686645508,18.859600067138672,18.530000686645508,18.7549991607666,1744,0.0,0.0
2023-08-21 14:30:00-04:00,18.780000686645508,18.780000686645508,18.540000915527344,18.639999389648438,2111,0.0,0.0
2023-08-21 15:30:00-04:00,18.68000030517578,18.709999084472656,18.600000381469727,18.610000610351562,2454,0.0,0.0
2023-08-22 09:30:00-04:00,18.75,18.75,18.309999465942383,18.575000762939453,2871,0.0,0.0
2023-08-22 10:30:00-04:00,18.489999771118164,18.899999618530273,18.489999771118164,18.8700008392334,12950,0.0,0.0
2023-08-22 11:30:00-04:00,18.834999084472656,18.860000610351562,18.700000762939453,18.710599899291992,13437,0.0,0.0
2023-08-22 12:30:00-04:00,18.80500030517578,18.80500030517578,18.474599838256836,18.549999237060547,4838,0.0,0.0
2023-08-22 13:30:00-04:00,18.5,18.610000610351562,18.379600524902344,18.379600524902344,8996,0.0,0.0
2023-08-22 14:30:00-04:00,18.420000076293945,18.420000076293945,17.84000015258789,17.950000762939453,15954,0.0,0.0
2023-08-22 15:30:00-04:00,17.825000762939453,18.1299991607666,17.75,17.969999313354492,10802,0.0,0.0
2023-08-23 09:30:00-04:00,18.0,18.110000610351562,18.0,18.104999542236328,3137,0.0,0.0
2023-08-23 10:30:00-04:00,18.219999313354492,18.25,18.219999313354492,18.25,720,0.0,0.0
2023-08-23 11:30:00-04:00,18.100000381469727,18.190000534057617,18.09000015258789,18.09000015258789,3203,0.0,0.0
2023-08-23 12:30:00-04:00,18.1299991607666,18.239999771118164,18.059999465942383,18.110000610351562,5812,0.0,0.0
2023-08-23 13:30:00-04:00,18.09000015258789,18.174999237060547,18.049999237060547,18.174999237060547,6068,0.0,0.0
2023-08-23 14:30:00-04:00,18.049999237060547,18.149999618530273,18.049999237060547,18.094999313354492,3363,0.0,0.0
2023-08-23 15:30:00-04:00,18.129899978637695,18.149999618530273,18.059999465942383,18.079999923706055,8221,0.0,0.0
2023-08-24 09:30:00-04:00,18.0,18.0,18.0,18.0,474,0.0,0.0
2023-08-24 10:30:00-04:00,17.950000762939453,17.969900131225586,17.83009910583496,17.899999618530273,1293,0.0,0.0
2023-08-24 11:30:00-04:00,17.8799991607666,17.899999618530273,17.799999237060547,17.799999237060547,1861,0.0,0.0
2023-08-24 12:30:00-04:00,17.799999237060547,18.09000015258789,17.43000030517578,18.040000915527344,33244,0.0,0.0
2023-08-24 13:30:00-04:00,18.010000228881836,18.18000030517578,18.010000228881836,18.18000030517578,2364,0.0,0.0
2023-08-24 14:30:00-04:00,18.309999465942383,18.440000534057617,18.1299991607666,18.34000015258789,1795,0.0,0.0
2023-08-24 15:30:00-04:00,18.389999389648438,18.459999084472656,18.299999237060547,18.3700008392334,5104,0.0,0.0
2023-08-25 09:30:00-04:00,18.43000030517578,18.43000030517578,18.389999389648438,18.389999389648438,540,0.0,0.0
2023-08-25 11:30:00-04:00,18.389999389648438,18.399999618530273,18.389999389648438,18.399999618530273,554,0.0,0.0
2023-08-25 12:30:00-04:00,18.40999984741211,18.45989990234375,18.360000610351562,18.360000610351562,7714,0.0,0.0
2023-08-25 13:30:00-04:00,18.405000686645508,18.40999984741211,18.389999389648438,18.389999389648438,1809,0.0,0.0
2023-08-25 14:30:00-04:00,18.260000228881836,18.334999084472656,18.260000228881836,18.334999084472656,737,0.0,0.0
2023-08-25 15:30:00-04:00,18.405000686645508,18.469999313354492,18.31999969482422,18.43000030517578,4706,0.0,0.0
2023-08-28 09:30:00-04:00,18.25,18.25189971923828,18.209999084472656,18.25189971923828,0,0.0,0.0
2023-08-28 10:30:00-04:00,18.34000015258789,18.34000015258789,18.200000762939453,18.209999084472656,2849,0.0,0.0
2023-08-28 12:30:00-04:00,18.209999084472656,18.290000915527344,18.190000534057617,18.290000915527344,864,0.0,0.0
2023-08-28 14:30:00-04:00,18.2362003326416,18.2362003326416,18.125,18.148399353027344,28609,0.0,0.0
2023-08-28 15:30:00-04:00,18.2450008392334,18.530000686645508,18.2450008392334,18.510000228881836,3293,0.0,0.0
2023-08-29 09:30:00-04:00,18.559999465942383,18.559999465942383,18.559999465942383,18.559999465942383,654,0.0,0.0
2023-08-29 10:30:00-04:00,18.274999618530273,18.540000915527344,18.260000228881836,18.540000915527344,1465,0.0,0.0
2023-08-29 11:30:00-04:00,18.44499969482422,18.450000762939453,18.440000534057617,18.440000534057617,1271,0.0,0.0
2023-08-29 12:30:00-04:00,18.395000457763672,18.395000457763672,18.280000686645508,18.280000686645508,0,0.0,0.0
2023-08-29 13:30:00-04:00,18.395000457763672,18.450000762939453,18.395000457763672,18.450000762939453,5760,0.0,0.0
2023-08-29 14:30:00-04:00,18.530000686645508,18.530000686645508,18.514999389648438,18.524999618530273,830,0.0,0.0
2023-08-29 15:30:00-04:00,18.559999465942383,18.559999465942383,18.460100173950195,18.5,5500,0.0,0.0
2023-08-30 09:30:00-04:00,18.040000915527344,18.709999084472656,18.040000915527344,18.700000762939453,8794,0.0,0.0
2023-08-30 10:30:00-04:00,18.719999313354492,18.80500030517578,18.600000381469727,18.659299850463867,17292,0.0,0.0
2023-08-30 11:30:00-04:00,18.559999465942383,18.7450008392334,18.549999237060547,18.68000030517578,9802,0.0,0.0
2023-08-30 12:30:00-04:00,18.649999618530273,18.697799682617188,18.59000015258789,18.68000030517578,4296,0.0,0.0
2023-08-30 13:30:00-04:00,18.6825008392334,18.6825008392334,18.270000457763672,18.270000457763672,6980,0.0,0.0
2023-08-30 14:30:00-04:00,18.610000610351562,18.610000610351562,18.458099365234375,18.459999084472656,974,0.0,0.0
2023-08-30 15:30:00-04:00,18.459999084472656,18.565000534057617,18.450000762939453,18.530000686645508,2128,0.0,0.0
2023-08-31 09:30:00-04:00,18.600000381469727,18.667400360107422,18.549999237060547,18.650800704956055,3799,0.0,0.0
2023-08-31 10:30:00-04:00,18.540000915527344,18.6200008392334,18.447099685668945,18.60849952697754,1924,0.0,0.0
2023-08-31 11:30:00-04:00,18.610000610351562,18.6200008392334,18.3799991607666,18.3799991607666,553,0.0,0.0
2023-08-31 12:30:00-04:00,18.3799991607666,18.43000030517578,18.350000381469727,18.43000030517578,3024,0.0,0.0
2023-08-31 13:30:00-04:00,18.3700008392334,18.399999618530273,18.3700008392334,18.389999389648438,2178,0.0,0.0
2023-08-31 14:30:00-04:00,18.389999389648438,18.389999389648438,18.315000534057617,18.315000534057617,1062,0.0,0.0
2023-08-31 15:30:00-04:00,18.28499984741211,18.360000610351562,18.010000228881836,18.25,8072,0.0,0.0
2023-09-01 10:30:00-04:00,18.479999542236328,18.59000015258789,18.459999084472656,18.479999542236328,8591,0.0,0.0
2023-09-01 11:30:00-04:00,18.799999237060547,18.799999237060547,18.459999084472656,18.549999237060547,4975,0.0,0.0
2023-09-01 12:30:00-04:00,18.56999969482422,18.59000015258789,18.43000030517578,18.43000030517578,2674,0.0,0.0
2023-09-01 13:30:00-04:00,18.549999237060547,18.59000015258789,18.5,18.59000015258789,5798,0.0,0.0
2023-09-01 14:30:00-04:00,18.770000457763672,18.770000457763672,18.549999237060547,18.600000381469727,6859,0.0,0.0
2023-09-01 15:30:00-04:00,18.68000030517578,18.774999618530273,18.440000534057617,18.440000534057617,7043,0.0,0.0
2023-09-05 09:30:00-04:00,18.479999542236328,18.760000228881836,18.479999542236328,18.520000457763672,2715,0.0,0.0
2023-09-05 10:30:00-04:00,18.59000015258789,18.769899368286133,18.454999923706055,18.454999923706055,9757,0.0,0.0
2023-09-05 11:30:00-04:00,18.354999542236328,18.354999542236328,18.0,18.260000228881836,9141,0.0,0.0
2023-09-05 12:30:00-04:00,18.299999237060547,18.489999771118164,18.280000686645508,18.440000534057617,4525,0.0,0.0
2023-09-05 13:30:00-04:00,18.469999313354492,18.612899780273438,18.354999542236328,18.389999389648438,5721,0.0,0.0
2023-09-05 14:30:00-04:00,18.420000076293945,18.579999923706055,18.149999618530273,18.165000915527344,3959,0.0,0.0
2023-09-05 15:30:00-04:00,18.2549991607666,18.299999237060547,18.18000030517578,18.235000610351562,2456,0.0,0.0
2023-09-06 09:30:00-04:00,18.26849937438965,18.26849937438965,18.26849937438965,18.26849937438965,1205,0.0,0.0
2023-09-06 10:30:00-04:00,18.270000457763672,18.270000457763672,18.25,18.25,1390,0.0,0.0
2023-09-06 11:30:00-04:00,18.1200008392334,18.1200008392334,18.1200008392334,18.1200008392334,800,0.0,0.0
2023-09-06 12:30:00-04:00,18.049999237060547,18.049999237060547,17.81999969482422,18.010000228881836,11071,0.0,0.0
2023-09-06 13:30:00-04:00,18.149900436401367,18.149900436401367,18.079999923706055,18.079999923706055,2846,0.0,0.0
2023-09-06 14:30:00-04:00,18.100000381469727,18.100000381469727,18.049999237060547,18.049999237060547,1163,0.0,0.0
2023-09-06 15:30:00-04:00,18.040000915527344,18.190000534057617,18.040000915527344,18.190000534057617,3449,0.0,0.0
2023-09-07 09:30:00-04:00,18.020000457763672,18.020000457763672,17.950000762939453,17.950000762939453,2623,0.0,0.0
2023-09-07 10:30:00-04:00,17.959999084472656,17.959999084472656,17.895000457763672,17.950000762939453,3528,0.0,0.0
2023-09-07 12:30:00-04:00,17.989999771118164,17.989999771118164,17.8700008392334,17.895000457763672,2054,0.0,0.0
2023-09-07 13:30:00-04:00,17.899999618530273,18.0,17.874500274658203,17.920000076293945,7142,0.0,0.0
2023-09-07 14:30:00-04:00,17.799999237060547,17.799999237060547,17.700000762939453,17.789600372314453,1877,0.0,0.0
2023-09-07 15:30:00-04:00,17.799999237060547,17.889999389648438,17.790000915527344,17.8700008392334,3781,0.0,0.0
2023-09-08 09:30:00-04:00,17.969999313354492,17.969999313354492,17.969999313354492,17.969999313354492,558,0.0,0.0
2023-09-08 10:30:00-04:00,17.989999771118164,17.989999771118164,17.989999771118164,17.989999771118164,1199,0.0,0.0
2023-09-08 12:30:00-04:00,17.799999237060547,17.829999923706055,17.799999237060547,17.829999923706055,416,0.0,0.0
2023-09-08 13:30:00-04:00,17.850000381469727,17.850000381469727,17.850000381469727,17.850000381469727,1166,0.0,0.0
2023-09-08 15:30:00-04:00,17.760000228881836,17.81999969482422,17.649999618530273,17.700000762939453,5932,0.0,0.0
2023-09-11 09:30:00-04:00,17.597999572753906,17.739999771118164,17.597999572753906,17.739999771118164,770,0.0,0.0
2023-09-11 10:30:00-04:00,17.969999313354492,17.969999313354492,17.969999313354492,17.969999313354492,2384,0.0,0.0
2023-09-11 12:30:00-04:00,18.030000686645508,18.030000686645508,17.6299991607666,17.6299991607666,2139,0.0,0.0
2023-09-11 13:30:00-04:00,17.610000610351562,17.780000686645508,17.350000381469727,17.760000228881836,13725,0.0,0.0
2023-09-11 14:30:00-04:00,17.799999237060547,18.149999618530273,17.549999237060547,17.575000762939453,19531,0.0,0.0
2023-09-11 15:30:00-04:00,17.3799991607666,17.485000610351562,17.3799991607666,17.389999389648438,3108,0.0,0.0
2023-09-12 09:30:00-04:00,17.40999984741211,17.510000228881836,17.40999984741211,17.5,1759,0.0,0.0
2023-09-12 11:30:00-04:00,17.780000686645508,17.780000686645508,17.780000686645508,17.780000686645508,648,0.0,0.0
2023-09-12 12:30:00-04:00,17.90999984741211,17.90999984741211,17.8700008392334,17.8700008392334,1459,0.0,0.0
2023-09-12 13:30:00-04:00,17.719999313354492,17.719999313354492,17.489999771118164,17.489999771118164,1809,0.0,0.0
2023-09-12 14:30:00-04:00,17.420000076293945,17.450000762939453,17.200000762939453,17.200000762939453,3295,0.0,0.0
2023-09-12 15:30:00-04:00,17.190000534057617,17.389999389648438,17.110000610351562,17.200000762939453,3865,0.0,0.0
2023-09-13 10:30:00-04:00,17.111799240112305,17.290000915527344,17.010000228881836,17.010000228881836,2836,0.0,0.0
2023-09-13 11:30:00-04:00,17.13789939880371,17.165000915527344,17.020000457763672,17.15999984741211,2286,0.0,0.0
2023-09-13 12:30:00-04:00,17.118000030517578,17.118000030517578,17.118000030517578,17.118000030517578,2380,0.0,0.0
2023-09-13 14:30:00-04:00,17.139999389648438,17.170000076293945,17.040000915527344,17.170000076293945,3939,0.0,0.0
2023-09-13 15:30:00-04:00,17.119400024414062,17.829999923706055,17.049999237060547,17.709999084472656,25439,0.0,0.0
2023-09-14 09:30:00-04:00,17.600000381469727,17.790000915527344,17.600000381469727,17.71500015258789,2523,0.0,0.0
2023-09-14 10:30:00-04:00,18.0,18.0,17.895000457763672,17.940000534057617,1089,0.0,0.0
2023-09-14 11:30:00-04:00,17.860000610351562,18.020000457763672,17.860000610351562,17.959999084472656,4248,0.0,0.0
2023-09-14 12:30:00-04:00,17.959999084472656,17.959999084472656,17.799999237060547,17.850000381469727,7746,0.0,0.0
2023-09-14 13:30:00-04:00,17.8700008392334,17.875999450683594,17.809999465942383,17.809999465942383,1784,0.0,0.0
2023-09-14 14:30:00-04:00,17.860000610351562,17.940000534057617,17.840099334716797,17.850000381469727,2295,0.0,0.0
2023-09-14 15:30:00-04:00,17.860000610351562,18.809999465942383,17.860000610351562,18.6200008392334,53022,0.0,0.0
2023-09-15 09:30:00-04:00,17.950000762939453,18.739999771118164,17.950000762939453,18.739999771118164,5857,0.0,0.0
2023-09-15 10:30:00-04:00,18.352500915527344,18.674999237060547,18.352500915527344,18.674999237060547,700,0.0,0.0
2023-09-15 11:30:00-04:00,18.579999923706055,18.579999923706055,18.579999923706055,18.579999923706055,469,0.0,0.0
2023-09-15 12:30:00-04:00,18.600000381469727,18.769800186157227,18.590299606323242,18.769800186157227,7843,0.0,0.0
2023-09-15 13:30:00-04:00,18.8799991607666,18.899999618530273,18.760000228881836,18.760000228881836,5515,0.0,0.0
2023-09-15 14:30:00-04:00,18.674999237060547,18.75,18.670000076293945,18.68000030517578,1193,0.0,0.0
2023-09-15 15:30:00-04:00,18.850000381469727,19.700000762939453,18.770000457763672,19.450000762939453,55018,0.0,0.0
2023-09-18 09:30:00-04:00,19.059999465942383,19.079999923706055,18.619199752807617,19.079999923706055,2161,0.0,0.0
2023-09-18 10:30:00-04:00,19.2450008392334,19.479999542236328,19.06999969482422,19.479999542236328,6683,0.0,0.0
2023-09-18 11:30:00-04:00,19.479999542236328,19.850000381469727,19.438199996948242,19.704999923706055,14119,0.0,0.0
2023-09-18 12:30:00-04:00,19.690000534057617,19.690000534057617,19.350000381469727,19.5,9208,0.0,0.0
2023-09-18 13:30:00-04:00,19.309999465942383,19.309999465942383,19.049999237060547,19.290000915527344,2430,0.0,0.0
2023-09-18 14:30:00-04:00,19.100000381469727,19.299999237060547,19.030000686645508,19.299999237060547,8883,0.0,0.0
2023-09-18 15:30:00-04:00,19.299999237060547,19.950000762939453,19.149999618530273,19.440000534057617,49569,0.0,0.0
2023-09-19 09:30:00-04:00,19.420000076293945,19.479999542236328,18.87779998779297,19.139999389648438,5175,0.0,0.0
2023-09-19 10:30:00-04:00,19.28499984741211,19.28499984741211,19.1200008392334,19.260000228881836,1770,0.0,0.0
2023-09-19 11:30:00-04:00,19.100000381469727,19.190000534057617,19.09000015258789,19.190000534057617,737,0.0,0.0
2023-09-19 12:30:00-04:00,18.979999542236328,18.979999542236328,18.979999542236328,18.979999542236328,423,0.0,0.0
2023-09-19 13:30:00-04:00,19.200000762939453,19.440000534057617,19.200000762939453,19.434999465942383,1859,0.0,0.0
2023-09-19 14:30:00-04:00,19.321800231933594,19.399999618530273,19.31999969482422,19.31999969482422,2978,0.0,0.0
2023-09-19 15:30:00-04:00,19.315000534057617,19.799999237060547,19.030000686645508,19.709999084472656,56147,0.0,0.0
2023-09-20 09:30:00-04:00,19.520000457763672,19.959999084472656,19.520000457763672,19.600000381469727,19195,0.0,0.0
2023-09-20 10:30:00-04:00,19.559999465942383,19.6200008392334,19.479999542236328,19.6200008392334,1547,0.0,0.0
2023-09-20 11:30:00-04:00,19.559999465942383,19.559999465942383,19.459999084472656,19.5,2226,0.0,0.0
2023-09-20 12:30:00-04:00,19.51129913330078,19.700000762939453,19.51129913330078,19.55500030517578,2002,0.0,0.0
2023-09-20 13:30:00-04:00,19.594999313354492,19.700000762939453,19.549999237060547,19.600000381469727,4929,0.0,0.0
2023-09-20 14:30:00-04:00,19.600000381469727,19.639999389648438,19.31999969482422,19.40999984741211,5366,0.0,0.0
2023-09-20 15:30:00-04:00,19.440000534057617,19.475000381469727,19.34000015258789,19.459999084472656,6695,0.0,0.0
2023-09-21 09:30:00-04:00,19.220600128173828,19.220600128173828,19.049999237060547,19.139999389648438,9850,0.0,0.0
2023-09-21 10:30:00-04:00,19.149999618530273,19.200000762939453,19.09000015258789,19.09000015258789,8034,0.0,0.0
2023-09-21 11:30:00-04:00,19.100000381469727,19.200000762939453,19.079999923706055,19.087099075317383,7404,0.0,0.0
2023-09-21 12:30:00-04:00,19.100099563598633,19.25,19.100099563598633,19.25,3042,0.0,0.0
2023-09-21 13:30:00-04:00,19.22010040283203,19.274999618530273,19.22010040283203,19.270099639892578,590,0.0,0.0
2023-09-21 14:30:00-04:00,19.280000686645508,19.34000015258789,19.09000015258789,19.260000228881836,4697,0.0,0.0
2023-09-21 15:30:00-04:00,19.155000686645508,19.40999984741211,19.110000610351562,19.110000610351562,7298,0.0,0.0
2023-09-22 09:30:00-04:00,19.399999618530273,19.399999618530273,19.000200271606445,19.000200271606445,630,0.0,0.0
2023-09-22 10:30:00-04:00,19.014999389648438,19.020000457763672,18.959999084472656,18.959999084472656,1358,0.0,0.0
2023-09-22 11:30:00-04:00,19.049999237060547,19.25,19.049999237060547,19.25,791,0.0,0.0
2023-09-22 12:30:00-04:00,19.079999923706055,19.079999923706055,19.079999923706055,19.079999923706055,713,0.0,0.0
2023-09-22 13:30:00-04:00,19.079999923706055,19.149999618530273,18.989999771118164,18.989999771118164,1251,0.0,0.0
2023-09-22 14:30:00-04:00,18.979999542236328,19.110000610351562,18.979999542236328,19.040000915527344,595,0.0,0.0
2023-09-22 15:30:00-04:00,18.959999084472656,19.014999389648438,18.780000686645508,18.829999923706055,3145,0.0,0.0
2023-09-25 09:30:00-04:00,18.90999984741211,18.90999984741211,18.6299991607666,18.700000762939453,664,0.0,0.0
2023-09-25 10:30:00-04:00,18.829999923706055,18.829999923706055,18.819000244140625,18.819000244140625,1131,0.0,0.0
2023-09-25 11:30:00-04:00,18.969999313354492,19.159900665283203,18.829999923706055,19.139999389648438,3315,0.0,0.0
2023-09-25 12:30:00-04:00,19.059999465942383,19.079999923706055,18.93000030517578,19.040000915527344,4641,0.0,0.0
2023-09-25 13:30:00-04:00,19.020000457763672,19.149999618530273,19.0,19.0,1238,0.0,0.0
2023-09-25 14:30:00-04:00,19.040000915527344,19.079999923706055,18.829999923706055,19.079999923706055,2675,0.0,0.0
2023-09-25 15:30:00-04:00,19.045000076293945,19.25,19.045000076293945,19.1299991607666,11403,0.0,0.0
2023-09-26 09:30:00-04:00,19.0,19.29990005493164,19.0,19.297500610351562,2100,0.0,0.0
2023-09-26 10:30:00-04:00,19.287399291992188,19.498600006103516,19.287399291992188,19.299999237060547,2012,0.0,0.0
2023-09-26 11:30:00-04:00,19.389999389648438,19.443099975585938,19.389999389648438,19.399999618530273,1655,0.0,0.0
2023-09-26 12:30:00-04:00,19.350000381469727,19.420000076293945,19.299999237060547,19.299999237060547,1288,0.0,0.0
2023-09-26 13:30:00-04:00,19.299999237060547,19.299999237060547,19.170000076293945,19.170000076293945,782,0.0,0.0
2023-09-26 14:30:00-04:00,19.170000076293945,19.170000076293945,19.170000076293945,19.170000076293945,513,0.0,0.0
2023-09-26 15:30:00-04:00,19.15839958190918,19.209999084472656,19.06999969482422,19.06999969482422,3917,0.0,0.0
2023-09-27 09:30:00-04:00,19.0,19.0,18.895000457763672,18.915000915527344,1368,0.0,0.0
2023-09-27 10:30:00-04:00,19.0,19.0,18.975000381469727,18.9950008392334,1376,0.0,0.0
2023-09-27 11:30:00-04:00,19.0,19.0,18.764999389648438,18.84000015258789,2704,0.0,0.0
2023-09-27 12:30:00-04:00,18.825000762939453,18.90999984741211,18.735000610351562,18.81999969482422,1743,0.0,0.0
2023-09-27 13:30:00-04:00,18.729999542236328,18.739999771118164,18.545000076293945,18.602500915527344,3273,0.0,0.0
2023-09-27 14:30:00-04:00,18.649900436401367,18.649900436401367,18.549999237060547,18.59000015258789,1415,0.0,0.0
2023-09-27 15:30:00-04:00,18.56999969482422,18.639999389648438,18.549999237060547,18.610000610351562,3539,0.0,0.0
2023-09-28 10:30:00-04:00,18.730100631713867,18.899999618530273,18.730100631713867,18.815000534057617,630,0.0,0.0
2023-09-28 11:30:00-04:00,18.80500030517578,18.80500030517578,18.80500030517578,18.80500030517578,222,0.0,0.0
2023-09-28 12:30:00-04:00,18.530000686645508,18.65999984741211,18.530000686645508,18.600000381469727,439,0.0,0.0
2023-09-28 13:30:00-04:00,18.61009979248047,18.66990089416504,18.5,18.575000762939453,1693,0.0,0.0
2023-09-28 14:30:00-04:00,18.600000381469727,18.600000381469727,18.34000015258789,18.45989990234375,2421,0.0,0.0
2023-09-28 15:30:00-04:00,18.34000015258789,18.399999618530273,18.083599090576172,18.31999969482422,5729,0.0,0.0
2023-09-29 09:30:00-04:00,18.5,18.5,18.5,18.5,678,0.0,0.0
2023-09-29 10:30:00-04:00,18.268999099731445,18.329999923706055,18.0,18.0,2748,0.0,0.0
2023-09-29 11:30:00-04:00,17.959999084472656,18.170000076293945,17.959999084472656,18.0,1731,0.0,0.0
2023-09-29 12:30:00-04:00,18.0,18.0,17.61009979248047,17.61009979248047,3197,0.0,0.0
2023-09-29 13:30:00-04:00,17.700000762939453,17.829999923706055,17.600000381469727,17.65999984741211,3129,0.0,0.0
2023-09-29 14:30:00-04:00,17.785999298095703,18.0,17.785999298095703,18.0,2377,0.0,0.0
2023-09-29 15:30:00-04:00,17.93000030517578,18.34000015258789,17.93000030517578,18.280000686645508,4250,0.0,0.0
2023-10-02 09:30:00-04:00,18.06999969482422,18.549999237060547,18.06999969482422,18.19499969482422,6534,0.0,0.0
2023-10-02 10:30:00-04:00,18.709999084472656,18.73900032043457,18.09000015258789,18.182199478149414,1300,0.0,0.0
2023-10-02 11:30:00-04:00,18.06999969482422,18.094999313354492,18.06999969482422,18.06999969482422,531,0.0,0.0
2023-10-02 13:30:00-04:00,18.170000076293945,18.170000076293945,18.06999969482422,18.06999969482422,5554,0.0,0.0
2023-10-02 14:30:00-04:00,17.989999771118164,18.049999237060547,17.8700008392334,17.93000030517578,3163,0.0,0.0
2023-10-02 15:30:00-04:00,17.90999984741211,18.3799991607666,17.90049934387207,18.200000762939453,4335,0.0,0.0
2023-10-03 09:30:00-04:00,18.06999969482422,18.639999389648438,18.06999969482422,18.079999923706055,2941,0.0,0.0
2023-10-03 10:30:00-04:00,18.329999923706055,18.329999923706055,18.329999923706055,18.329999923706055,217,0.0,0.0
2023-10-03 11:30:00-04:00,18.079999923706055,18.325000762939453,18.079999923706055,18.325000762939453,1443,0.0,0.0
2023-10-03 12:30:00-04:00,18.389999389648438,18.559999465942383,18.100000381469727,18.385000228881836,1680,0.0,0.0
2023-10-03 13:30:00-04:00,18.389999389648438,18.479999542236328,18.209999084472656,18.389999389648438,2955,0.0,0.0
2023-10-03 14:30:00-04:00,18.389999389648438,18.389999389648438,18.06999969482422,18.15999984741211,7818,0.0,0.0
2023-10-03 15:30:00-04:00,18.15999984741211,18.190000534057617,17.790000915527344,18.184999465942383,10826,0.0,0.0
2023-10-04 09:30:00-04:00,18.100000381469727,18.100000381469727,18.100000381469727,18.100000381469727,360,0.0,0.0
2023-10-04 10:30:00-04:00,18.040000915527344,18.530000686645508,18.040000915527344,18.405799865722656,1500,0.0,0.0
2023-10-04 11:30:00-04:00,18.34000015258789,18.34000015258789,18.34000015258789,18.34000015258789,932,0.0,0.0
2023-10-04 12:30:00-04:00,18.174999237060547,18.489999771118164,18.100000381469727,18.190000534057617,11578,0.0,0.0
2023-10-04 13:30:00-04:00,18.389999389648438,18.389999389648438,18.280000686645508,18.354999542236328,1135,0.0,0.0
2023-10-04 14:30:00-04:00,18.475000381469727,18.475000381469727,18.409000396728516,18.40999984741211,2061,0.0,0.0
2023-10-04 15:30:00-04:00,18.409000396728516,18.409000396728516,17.610000610351562,17.75,16019,0.0,0.0
2023-10-05 09:30:00-04:00,18.229999542236328,18.229999542236328,18.229999542236328,18.229999542236328,371,0.0,0.0
2023-10-05 10:30:00-04:00,18.219999313354492,18.219999313354492,18.193700790405273,18.193700790405273,440,0.0,0.0
2023-10-05 11:30:00-04:00,17.959999084472656,17.959999084472656,17.959999084472656,17.959999084472656,160,0.0,0.0
2023-10-05 12:30:00-04:00,17.920000076293945,18.270000457763672,17.920000076293945,18.270000457763672,1420,0.0,0.0
2023-10-05 13:30:00-04:00,18.079999923706055,18.155000686645508,18.079999923706055,18.155000686645508,861,0.0,0.0
2023-10-05 14:30:00-04:00,18.5,18.5,18.165000915527344,18.165000915527344,2097,0.0,0.0
2023-10-05 15:30:00-04:00,18.3700008392334,18.90999984741211,18.219999313354492,18.600000381469727,8534,0.0,0.0
2023-10-06 09:30:00-04:00,18.3700008392334,18.3700008392334,18.3700008392334,18.3700008392334,241,0.0,0.0
2023-10-06 10:30:00-04:00,18.81839942932129,18.81839942932129,18.81839942932129,18.81839942932129,1734,0.0,0.0
2023-10-06 11:30:00-04:00,18.93000030517578,19.099899291992188,18.90999984741211,19.09000015258789,2506,0.0,0.0
2023-10-06 12:30:00-04:00,19.088499069213867,19.609899520874023,19.007699966430664,19.609899520874023,9124,0.0,0.0
2023-10-06 13:30:00-04:00,19.5,19.5,19.299999237060547,19.399900436401367,3445,0.0,0.0
2023-10-06 14:30:00-04:00,19.399900436401367,19.399900436401367,19.25,19.260000228881836,1466,0.0,0.0
2023-10-06 15:30:00-04:00,19.209999084472656,19.339399337768555,19.18000030517578,19.25,3344,0.0,0.0
2023-10-09 10:30:00-04:00,19.0,19.0,18.815000534057617,18.815000534057617,3127,0.0,0.0
2023-10-09 11:30:00-04:00,18.815000534057617,19.050600051879883,18.815000534057617,19.050600051879883,733,0.0,0.0
2023-10-09 12:30:00-04:00,19.07900047302246,19.07900047302246,19.07900047302246,19.07900047302246,274,0.0,0.0
2023-10-09 13:30:00-04:00,19.042800903320312,19.042800903320312,18.970300674438477,18.970300674438477,487,0.0,0.0
2023-10-09 14:30:00-04:00,19.079999923706055,19.079999923706055,19.079999923706055,19.079999923706055,128,0.0,0.0
2023-10-09 15:30:00-04:00,19.100000381469727,19.200000762939453,19.030000686645508,19.200000762939453,3085,0.0,0.0
2023-10-10 09:30:00-04:00,19.020000457763672,19.020000457763672,19.020000457763672,19.020000457763672,321,0.0,0.0
2023-10-10 10:30:00-04:00,18.649999618530273,19.06290054321289,18.6299991607666,18.90999984741211,7585,0.0,0.0
2023-10-10 11:30:00-04:00,18.90999984741211,19.184999465942383,18.90999984741211,19.110000610351562,4753,0.0,0.0
2023-10-10 12:30:00-04:00,19.06999969482422,19.1299991607666,19.06999969482422,19.1299991607666,780,0.0,0.0
2023-10-10 13:30:00-04:00,19.100000381469727,19.100000381469727,18.93000030517578,19.06999969482422,3365,0.0,0.0
2023-10-10 14:30:00-04:00,19.06999969482422,19.200000762939453,18.94099998474121,19.0,4972,0.0,0.0
2023-10-10 15:30:00-04:00,19.09000015258789,19.09000015258789,18.809999465942383,19.09000015258789,3619,0.0,0.0
2023-10-11 10:30:00-04:00,19.0,19.0,18.84000015258789,18.90999984741211,497,0.0,0.0
2023-10-11 11:30:00-04:00,18.600000381469727,18.6200008392334,18.06999969482422,18.200000762939453,8000,0.0,0.0
2023-10-11 12:30:00-04:00,18.109899520874023,18.109899520874023,17.31100082397461,17.875,9041,0.0,0.0
2023-10-11 13:30:00-04:00,17.760099411010742,18.170000076293945,17.760000228881836,18.170000076293945,4835,0.0,0.0
2023-10-11 14:30:00-04:00,18.084999084472656,18.084999084472656,17.84000015258789,17.98430061340332,3758,0.0,0.0
2023-10-11 15:30:00-04:00,17.899999618530273,17.940000534057617,17.440000534057617,17.700000762939453,28998,0.0,0.0
2023-10-12 09:30:00-04:00,17.670000076293945,17.920000076293945,17.149999618530273,17.899999618530273,13156,0.0,0.0
2023-10-12 10:30:00-04:00,17.989999771118164,18.329999923706055,17.989999771118164,18.329999923706055,7503,0.0,0.0
2023-10-12 11:30:00-04:00,18.239999771118164,18.299999237060547,17.950000762939453,18.260799407958984,10720,0.0,0.0
2023-10-12 12:30:00-04:00,17.905000686645508,17.905000686645508,17.905000686645508,17.905000686645508,156,0.0,0.0
2023-10-12 13:30:00-04:00,17.899999618530273,17.899999618530273,17.84000015258789,17.899999618530273,2826,0.0,0.0
2023-10-12 14:30:00-04:00,17.798500061035156,17.850000381469727,17.45170021057129,17.850000381469727,4932,0.0,0.0
2023-10-12 15:30:00-04:00,17.799999237060547,17.8799991607666,17.739999771118164,17.850000381469727,2998,0.0,0.0
2023-10-13 09:30:00-04:00,17.700000762939453,18.049999237060547,17.270999908447266,17.760000228881836,7264,0.0,0.0
2023-10-13 10:30:00-04:00,17.760000228881836,17.84000015258789,17.75,17.84000015258789,1979,0.0,0.0
2023-10-13 11:30:00-04:00,18.045000076293945,18.189800262451172,18.045000076293945,18.170000076293945,2147,0.0,0.0
2023-10-13 12:30:00-04:00,18.049999237060547,18.1299991607666,17.549999237060547,17.799999237060547,11105,0.0,0.0
2023-10-13 13:30:00-04:00,18.0,18.0,17.549999237060547,17.549999237060547,3268,0.0,0.0
2023-10-13 14:30:00-04:00,17.940000534057617,17.940000534057617,17.549999237060547,17.8799991607666,3411,0.0,0.0
2023-10-13 15:30:00-04:00,17.809999465942383,18.06999969482422,17.809999465942383,17.809999465942383,8088,0.0,0.0
2023-10-16 09:30:00-04:00,18.200000762939453,18.200000762939453,17.885000228881836,17.885000228881836,0,0.0,0.0
2023-10-16 11:30:00-04:00,18.280000686645508,18.280000686645508,17.950000762939453,17.959999084472656,7098,0.0,0.0
2023-10-16 12:30:00-04:00,18.049999237060547,18.049999237060547,17.8799991607666,18.0,1294,0.0,0.0
2023-10-16 13:30:00-04:00,18.069799423217773,18.110000610351562,17.989999771118164,18.09000015258789,6853,0.0,0.0
2023-10-16 14:30:00-04:00,18.06920051574707,18.450000762939453,17.950000762939453,18.450000762939453,7838,0.0,0.0
2023-10-16 15:30:00-04:00,18.450000762939453,18.450000762939453,18.43000030517578,18.450000762939453,2152,0.0,0.0
2023-10-17 09:30:00-04:00,17.90999984741211,18.3799991607666,17.90999984741211,18.139999389648438,867,0.0,0.0
2023-10-17 10:30:00-04:00,18.43000030517578,18.440000534057617,18.100000381469727,18.200000762939453,1591,0.0,0.0
2023-10-17 11:30:00-04:00,18.200000762939453,18.920000076293945,18.200000762939453,18.90999984741211,19492,0.0,0.0
2023-10-17 12:30:00-04:00,18.81999969482422,19.09000015258789,18.758699417114258,18.950000762939453,5214,0.0,0.0
2023-10-17 13:30:00-04:00,18.90999984741211,19.200000762939453,18.90999984741211,18.989999771118164,11371,0.0,0.0
2023-10-17 14:30:00-04:00,18.959999084472656,19.0,18.959999084472656,19.0,1887,0.0,0.0
2023-10-17 15:30:00-04:00,18.969999313354492,19.049999237060547,18.969999313354492,18.969999313354492,2941,0.0,0.0
2023-10-18 10:30:00-04:00,18.770000457763672,19.0,18.420000076293945,19.0,8306,0.0,0.0
2023-10-18 11:30:00-04:00,18.979999542236328,19.34000015258789,18.979999542236328,19.334999084472656,4537,0.0,0.0
2023-10-18 12:30:00-04:00,19.25,19.25,19.049999237060547,19.110000610351562,4523,0.0,0.0
2023-10-18 13:30:00-04:00,19.100000381469727,19.299999237060547,19.049999237060547,19.260000228881836,2501,0.0,0.0
2023-10-18 14:30:00-04:00,19.226999282836914,19.226999282836914,19.12579917907715,19.12579917907715,640,0.0,0.0
2023-10-18 15:30:00-04:00,19.08679962158203,19.08679962158203,18.604999542236328,18.610000610351562,2996,0.0,0.0
2023-10-19 10:30:00-04:00,18.75,18.770000457763672,18.65999984741211,18.65999984741211,1509,0.0,0.0
2023-10-19 11:30:00-04:00,18.649999618530273,18.649999618530273,18.600000381469727,18.625,988,0.0,0.0
2023-10-19 12:30:00-04:00,18.520000457763672,18.520000457763672,18.1299991607666,18.1299991607666,0,0.0,0.0
2023-10-19 13:30:00-04:00,18.1299991607666,18.149900436401367,18.05500030517578,18.06570053100586,5248,0.0,0.0
2023-10-19 14:30:00-04:00,17.979999542236328,18.079999923706055,17.90999984741211,17.90999984741211,2875,0.0,0.0
2023-10-19 15:30:00-04:00,17.8799991607666,17.8799991607666,17.540000915527344,17.719999313354492,3968,0.0,0.0
2023-10-20 09:30:00-04:00,17.899999618530273,17.899999618530273,17.899999618530273,17.899999618530273,1652,0.0,0.0
2023-10-20 12:30:00-04:00,17.549999237060547,17.790000915527344,17.549999237060547,17.790000915527344,226,0.0,0.0
2023-10-20 13:30:00-04:00,17.700000762939453,17.888200759887695,17.700000762939453,17.888200759887695,683,0.0,0.0
2023-10-20 14:30:00-04:00,17.850000381469727,17.850000381469727,17.850000381469727,17.850000381469727,570,0.0,0.0
2023-10-20 15:30:00-04:00,17.93000030517578,17.93000030517578,17.81999969482422,17.81999969482422,1886,0.0,0.0
2023-10-23 09:30:00-04:00,17.72010040283203,17.844999313354492,17.72010040283203,17.844999313354492,1143,0.0,0.0
2023-10-23 10:30:00-04:00,17.780000686645508,17.850000381469727,17.780000686645508,17.84000015258789,2114,0.0,0.0
2023-10-23 11:30:00-04:00,18.190000534057617,18.190000534057617,18.190000534057617,18.190000534057617,839,0.0,0.0
2023-10-23 12:30:00-04:00,18.09000015258789,18.09000015258789,18.09000015258789,18.09000015258789,329,0.0,0.0
2023-10-23 13:30:00-04:00,17.780000686645508,18.049999237060547,17.780000686645508,18.049999237060547,650,0.0,0.0
2023-10-23 14:30:00-04:00,17.850000381469727,18.040000915527344,17.850000381469727,18.040000915527344,1334,0.0,0.0
2023-10-23 15:30:00-04:00,17.834999084472656,17.950000762939453,17.719999313354492,17.780000686645508,3045,0.0,0.0
2023-10-24 09:30:00-04:00,17.799999237060547,17.799999237060547,17.799999237060547,17.799999237060547,1464,0.0,0.0
2023-10-24 11:30:00-04:00,17.850000381469727,18.31999969482422,17.520000457763672,17.559999465942383,22923,0.0,0.0
2023-10-24 12:30:00-04:00,17.610000610351562,17.979999542236328,17.610000610351562,17.979999542236328,19828,0.0,0.0
2023-10-24 13:30:00-04:00,17.829999923706055,18.34000015258789,17.829999923706055,17.989999771118164,3217,0.0,0.0
2023-10-24 14:30:00-04:00,17.950000762939453,18.0049991607666,17.65999984741211,17.739999771118164,14294,0.0,0.0
2023-10-24 15:30:00-04:00,17.75,18.149999618530273,17.5,17.5,13687,0.0,0.0
2023-10-25 09:30:00-04:00,17.600000381469727,17.75,17.600000381469727,17.600000381469727,1086,0.0,0.0
2023-10-25 10:30:00-04:00,17.700000762939453,17.700000762939453,17.700000762939453,17.700000762939453,987,0.0,0.0
2023-10-25 11:30:00-04:00,18.0,18.0,18.0,18.0,548,0.0,0.0
2023-10-25 12:30:00-04:00,18.0,18.0,18.0,18.0,418,0.0,0.0
2023-10-25 13:30:00-04:00,17.780000686645508,18.0,17.600000381469727,17.600000381469727,2784,0.0,0.0
2023-10-25 14:30:00-04:00,17.829999923706055,17.834999084472656,17.610000610351562,17.635000228881836,2690,0.0,0.0
2023-10-25 15:30:00-04:00,17.549999237060547,17.6299991607666,17.15999984741211,17.15999984741211,8949,0.0,0.0
2023-10-26 09:30:00-04:00,17.450000762939453,17.450000762939453,17.020000457763672,17.020000457763672,1387,0.0,0.0
2023-10-26 10:30:00-04:00,17.235000610351562,17.235000610351562,17.235000610351562,17.235000610351562,239,0.0,0.0
2023-10-26 11:30:00-04:00,17.190000534057617,17.190000534057617,17.190000534057617,17.190000534057617,125,0.0,0.0
2023-10-26 12:30:00-04:00,17.285999298095703,17.285999298095703,16.530099868774414,16.550100326538086,3911,0.0,0.0
2023-10-26 13:30:00-04:00,16.719999313354492,16.719999313354492,16.719999313354492,16.719999313354492,246,0.0,0.0
2023-10-26 14:30:00-04:00,16.700000762939453,16.799999237060547,16.61009979248047,16.799999237060547,2587,0.0,0.0
2023-10-26 15:30:00-04:00,16.75,16.8700008392334,16.735000610351562,16.75,1656,0.0,0.0
2023-10-27 10:30:00-04:00,17.139999389648438,17.139999389648438,17.139999389648438,17.139999389648438,443,0.0,0.0
2023-10-27 11:30:00-04:00,17.0,17.0,17.0,17.0,204,0.0,0.0
2023-10-27 12:30:00-04:00,17.0,17.0,17.0,17.0,387,0.0,0.0
2023-10-27 13:30:00-04:00,17.0,17.0,16.696699142456055,16.696699142456055,575,0.0,0.0
2023-10-27 14:30:00-04:00,16.969999313354492,16.979999542236328,16.969999313354492,16.979999542236328,418,0.0,0.0
2023-10-27 15:30:00-04:00,16.979999542236328,17.020000457763672,16.790000915527344,16.790000915527344,2804,0.0,0.0
2023-10-30 09:30:00-04:00,16.90999984741211,16.90999984741211,16.90999984741211,16.90999984741211,163,0.0,0.0
2023-10-30 10:30:00-04:00,17.19499969482422,17.459999084472656,17.19499969482422,17.360000610351562,5555,0.0,0.0
2023-10-30 11:30:00-04:00,17.354999542236328,17.354999542236328,17.190000534057617,17.229999542236328,1297,0.0,0.0
2023-10-30 12:30:00-04:00,17.212499618530273,17.212499618530273,16.940000534057617,16.940000534057617,2063,0.0,0.0
2023-10-30 13:30:00-04:00,16.870800018310547,17.0,16.870800018310547,16.950000762939453,2995,0.0,0.0
2023-10-30 14:30:00-04:00,16.950000762939453,17.049999237060547,16.781600952148438,17.049999237060547,8295,0.0,0.0
2023-10-30 15:30:00-04:00,16.850000381469727,17.270000457763672,16.760000228881836,16.760000228881836,9488,0.0,0.0
2023-10-31 10:30:00-04:00,17.100000381469727,17.2549991607666,17.010000228881836,17.2549991607666,10870,0.0,0.0
2023-10-31 11:30:00-04:00,17.459999084472656,17.459999084472656,17.459999084472656,17.459999084472656,189,0.0,0.0
2023-10-31 12:30:00-04:00,17.389999389648438,17.389999389648438,17.010000228881836,17.010000228881836,3282,0.0,0.0
2023-10-31 13:30:00-04:00,17.399999618530273,17.399999618530273,17.399999618530273,17.399999618530273,277,0.0,0.0
2023-10-31 14:30:00-04:00,17.100000381469727,17.100000381469727,17.100000381469727,17.100000381469727,975,0.0,0.0
2023-10-31 15:30:00-04:00,17.0,17.040000915527344,16.84000015258789,17.040000915527344,2316,0.0,0.0
2023-11-01 09:30:00-04:00,17.139999389648438,17.139999389648438,17.139999389648438,17.139999389648438,0,0.0,0.0
2023-11-01 12:30:00-04:00,17.449899673461914,17.449899673461914,17.449899673461914,17.449899673461914,125,0.0,0.0
2023-11-01 13:30:00-04:00,17.110000610351562,17.479999542236328,17.110000610351562,17.479999542236328,1081,0.0,0.0
2023-11-01 15:30:00-04:00,17.499900817871094,17.499900817871094,17.3799991607666,17.3799991607666,1672,0.0,0.0
2023-11-02 09:30:00-04:00,17.4768009185791,17.4768009185791,17.4768009185791,17.4768009185791,0,0.0,0.0
2023-11-02 10:30:00-04:00,17.479999542236328,17.479999542236328,17.110000610351562,17.110000610351562,520,0.0,0.0
2023-11-02 11:30:00-04:00,17.110000610351562,17.420000076293945,17.110000610351562,17.420000076293945,731,0.0,0.0
2023-11-02 14:30:00-04:00,17.309999465942383,17.46500015258789,17.290000915527344,17.459999084472656,2055,0.0,0.0
2023-11-02 15:30:00-04:00,17.475000381469727,17.479999542236328,17.34000015258789,17.360000610351562,2490,0.0,0.0
2023-11-03 11:30:00-04:00,17.44499969482422,17.899999618530273,17.44499969482422,17.899999618530273,8479,0.0,0.0
2023-11-03 12:30:00-04:00,18.143199920654297,18.143199920654297,18.110000610351562,18.110000610351562,1551,0.0,0.0
2023-11-03 13:30:00-04:00,18.30500030517578,18.524999618530273,18.209999084472656,18.524999618530273,1244,0.0,0.0
2023-11-03 14:30:00-04:00,18.530000686645508,18.65999984741211,18.5,18.5,2035,0.0,0.0
2023-11-03 15:30:00-04:00,18.459999084472656,18.49920082092285,18.420000076293945,18.459999084472656,3767,0.0,0.0
2023-11-06 09:30:00-05:00,18.5,18.5,18.287700653076172,18.287700653076172,678,0.0,0.0
2023-11-06 10:30:00-05:00,18.219999313354492,18.649999618530273,18.219999313354492,18.649999618530273,696,0.0,0.0
2023-11-06 11:30:00-05:00,18.479999542236328,18.6299991607666,18.479999542236328,18.6299991607666,959,0.0,0.0
2023-11-06 13:30:00-05:00,18.375699996948242,18.375699996948242,18.375699996948242,18.375699996948242,457,0.0,0.0
2023-11-06 14:30:00-05:00,18.524999618530273,18.649999618530273,18.524999618530273,18.649999618530273,2777,0.0,0.0
2023-11-06 15:30:00-05:00,18.520000457763672,18.639999389648438,18.520000457763672,18.639999389648438,1335,0.0,0.0
2023-11-07 09:30:00-05:00,18.5,18.610000610351562,17.760099411010742,18.610000610351562,0,0.0,0.0
2023-11-07 11:30:00-05:00,18.59000015258789,19.299999237060547,18.59000015258789,19.299999237060547,11869,0.0,0.0
2023-11-07 12:30:00-05:00,19.229999542236328,19.2450008392334,18.860000610351562,19.2450008392334,5118,0.0,0.0
2023-11-07 13:30:00-05:00,19.235000610351562,19.235000610351562,18.729999542236328,18.799999237060547,6812,0.0,0.0
2023-11-07 14:30:00-05:00,18.899999618530273,18.96769905090332,18.700000762939453,18.764999389648438,7866,0.0,0.0
2023-11-07 15:30:00-05:00,18.265499114990234,19.199899673461914,18.265499114990234,18.93000030517578,6552,0.0,0.0
2023-11-08 10:30:00-05:00,18.670000076293945,18.670000076293945,18.670000076293945,18.670000076293945,2,0.0,0.0
2023-11-08 11:30:00-05:00,18.75,18.979999542236328,18.75,18.979999542236328,909,0.0,0.0
2023-11-08 12:30:00-05:00,18.649999618530273,19.079999923706055,18.309999465942383,18.809999465942383,1858,0.0,0.0
2023-11-08 13:30:00-05:00,19.110000610351562,19.110000610351562,19.110000610351562,19.110000610351562,600,0.0,0.0
2023-11-08 14:30:00-05:00,19.125,19.125,18.979999542236328,18.979999542236328,1549,0.0,0.0
2023-11-08 15:30:00-05:00,19.06999969482422,19.079999923706055,18.950000762939453,19.06999969482422,2011,0.0,0.0
2023-11-09 10:30:00-05:00,18.739999771118164,19.18000030517578,18.739999771118164,19.18000030517578,1340,0.0,0.0
2023-11-09 12:30:00-05:00,18.989999771118164,19.1299991607666,18.950000762939453,19.1299991607666,4930,0.0,0.0
2023-11-09 13:30:00-05:00,19.09000015258789,19.170000076293945,19.09000015258789,19.170000076293945,928,0.0,0.0
2023-11-09 14:30:00-05:00,19.110000610351562,19.18000030517578,19.110000610351562,19.18000030517578,983,0.0,0.0
2023-11-09 15:30:00-05:00,18.918100357055664,19.184999465942383,18.918100357055664,19.18000030517578,1406,0.0,0.0
2023-11-10 09:30:00-05:00,18.899999618530273,19.03499984741211,18.899999618530273,19.03499984741211,1449,0.0,0.0
2023-11-10 13:30:00-05:00,18.940000534057617,18.940000534057617,18.610000610351562,18.940000534057617,1648,0.0,0.0
2023-11-10 14:30:00-05:00,18.809999465942383,18.940000534057617,18.809999465942383,18.940000534057617,1364,0.0,0.0
2023-11-10 15:30:00-05:00,18.540000915527344,18.950000762939453,18.540000915527344,18.950000762939453,2951,0.0,0.0
2023-11-13 09:30:00-05:00,18.75,18.75,18.540000915527344,18.540000915527344,2466,0.0,0.0
2023-11-13 10:30:00-05:00,18.600000381469727,18.8700008392334,18.600000381469727,18.8700008392334,2095,0.0,0.0
2023-11-13 11:30:00-05:00,19.165000915527344,19.165000915527344,19.165000915527344,19.165000915527344,610,0.0,0.0
2023-11-13 12:30:00-05:00,18.985000610351562,19.0,18.985000610351562,19.0,1762,0.0,0.0
2023-11-13 13:30:00-05:00,18.829999923706055,18.829999923706055,18.829999923706055,18.829999923706055,1209,0.0,0.0
2023-11-13 15:30:00-05:00,19.0,19.0,18.864999771118164,18.864999771118164,2430,0.0,0.0
2023-11-14 09:30:00-05:00,19.190000534057617,19.609899520874023,19.110000610351562,19.46139907836914,1677,0.0,0.0
2023-11-14 10:30:00-05:00,19.540000915527344,19.760000228881836,19.475000381469727,19.704999923706055,6167,0.0,0.0
2023-11-14 11:30:00-05:00,19.6299991607666,19.649999618530273,19.5,19.5,3402,0.0,0.0
2023-11-14 12:30:00-05:00,19.524999618530273,19.58209991455078,19.100000381469727,19.114200592041016,6246,0.0,0.0
2023-11-14 13:30:00-05:00,19.174999237060547,19.645000457763672,19.174999237060547,19.420000076293945,3906,0.0,0.0
2023-11-14 14:30:00-05:00,19.579999923706055,19.59000015258789,19.43000030517578,19.43000030517578,1587,0.0,0.0
2023-11-14 15:30:00-05:00,19.479999542236328,19.639999389648438,19.364999771118164,19.364999771118164,6787,0.0,0.0
2023-11-15 10:30:00-05:00,19.700000762939453,20.09000015258789,19.617700576782227,20.030000686645508,17496,0.0,0.0
2023-11-15 11:30:00-05:00,20.099899291992188,20.099899291992188,19.969999313354492,20.0,3223,0.0,0.0
2023-11-15 12:30:00-05:00,19.57539939880371,19.90999984741211,19.57539939880371,19.799999237060547,3155,0.0,0.0
2023-11-15 13:30:00-05:00,19.934999465942383,19.934999465942383,19.809999465942383,19.809999465942383,604,0.0,0.0
2023-11-15 14:30:00-05:00,19.829999923706055,19.829999923706055,19.829999923706055,19.829999923706055,942,0.0,0.0
2023-11-15 15:30:00-05:00,19.959999084472656,19.979999542236328,19.84000015258789,19.979999542236328,2923,0.0,0.0
2023-11-16 09:30:00-05:00,19.899999618530273,20.389999389648438,19.899999618530273,20.150100708007812,18139,0.0,0.0
2023-11-16 10:30:00-05:00,20.25,20.280000686645508,20.15999984741211,20.15999984741211,12568,0.0,0.0
2023-11-16 11:30:00-05:00,20.200000762939453,20.299999237060547,20.184999465942383,20.299999237060547,1648,0.0,0.0
2023-11-16 12:30:00-05:00,20.155799865722656,20.299999237060547,20.155799865722656,20.299999237060547,1302,0.0,0.0
2023-11-16 14:30:00-05:00,20.299999237060547,20.360000610351562,20.299999237060547,20.360000610351562,6277,0.0,0.0
2023-11-16 15:30:00-05:00,20.360000610351562,20.360000610351562,20.004499435424805,20.360000610351562,3741,0.0,0.0
2023-11-17 09:30:00-05:00,20.360000610351562,20.360000610351562,19.64349937438965,20.020000457763672,0,0.0,0.0
2023-11-17 10:30:00-05:00,20.354999542236328,20.3700008392334,19.65999984741211,19.65999984741211,2050,0.0,0.0
2023-11-17 11:30:00-05:00,19.829999923706055,20.094999313354492,19.829999923706055,20.094999313354492,423,0.0,0.0
2023-11-17 13:30:00-05:00,20.190000534057617,20.190000534057617,19.559999465942383,20.104999542236328,1178,0.0,0.0
2023-11-17 14:30:00-05:00,20.139999389648438,20.149999618530273,20.020000457763672,20.149999618530273,1541,0.0,0.0
2023-11-17 15:30:00-05:00,20.18000030517578,20.719999313354492,20.18000030517578,20.690000534057617,16346,0.0,0.0
2023-11-20 09:30:00-05:00,20.600000381469727,21.950000762939453,20.600000381469727,21.649999618530273,22968,0.0,0.0
2023-11-20 10:30:00-05:00,21.649999618530273,21.860000610351562,21.489999771118164,21.489999771118164,15292,0.0,0.0
2023-11-20 11:30:00-05:00,21.479999542236328,23.524999618530273,21.479999542236328,22.600000381469727,24542,0.0,0.0
2023-11-20 12:30:00-05:00,22.5,22.790000915527344,21.959999084472656,22.540000915527344,9479,0.0,0.0
2023-11-20 13:30:00-05:00,21.989999771118164,22.479999542236328,21.93000030517578,22.049999237060547,11024,0.0,0.0
2023-11-20 14:30:00-05:00,22.149999618530273,22.299999237060547,21.899999618530273,22.0,5021,0.0,0.0
2023-11-20 15:30:00-05:00,22.299999237060547,22.690000534057617,21.989999771118164,22.399999618530273,18271,0.0,0.0
2023-11-21 09:30:00-05:00,22.3799991607666,24.18000030517578,22.3799991607666,24.18000030517578,54687,0.0,0.0
2023-11-21 10:30:00-05:00,24.079999923706055,24.489999771118164,22.920000076293945,22.920000076293945,17258,0.0,0.0
2023-11-21 11:30:00-05:00,22.90999984741211,23.0,22.770000457763672,22.770000457763672,2375,0.0,0.0
2023-11-21 12:30:00-05:00,22.75,22.799999237060547,22.601999282836914,22.799999237060547,2353,0.0,0.0
2023-11-21 13:30:00-05:00,22.799999237060547,22.889999389648438,22.520000457763672,22.520000457763672,4167,0.0,0.0
2023-11-21 14:30:00-05:00,22.790000915527344,22.889999389648438,22.790000915527344,22.8799991607666,2320,0.0,0.0
2023-11-21 15:30:00-05:00,22.860000610351562,22.899999618530273,22.649999618530273,22.899999618530273,10113,0.0,0.0
2023-11-22 09:30:00-05:00,23.0,23.06999969482422,22.337099075317383,22.649999618530273,0,0.0,0.0
2023-11-22 10:30:00-05:00,22.530000686645508,22.530000686645508,22.520000457763672,22.530000686645508,1809,0.0,0.0
2023-11-22 11:30:00-05:00,22.549999237060547,22.559999465942383,22.549999237060547,22.559999465942383,798,0.0,0.0
2023-11-22 12:30:00-05:00,22.739999771118164,22.739999771118164,22.549999237060547,22.549999237060547,2593,0.0,0.0
2023-11-22 13:30:00-05:00,22.360000610351562,22.6200008392334,22.110000610351562,22.459999084472656,1973,0.0,0.0
2023-11-22 14:30:00-05:00,22.739999771118164,22.739999771118164,22.520000457763672,22.739999771118164,1952,0.0,0.0
2023-11-22 15:30:00-05:00,22.68000030517578,23.219999313354492,22.415000915527344,22.43000030517578,13723,0.0,0.0
2023-11-24 09:30:00-05:00,22.75,23.44499969482422,22.5,23.44499969482422,2632,0.0,0.0
2023-11-24 10:30:00-05:00,23.81999969482422,24.139999389648438,23.510000228881836,24.049999237060547,7143,0.0,0.0
2023-11-24 11:30:00-05:00,23.854999542236328,23.854999542236328,23.309999465942383,23.309999465942383,3188,0.0,0.0
2023-11-27 09:30:00-05:00,23.559999465942383,24.075000762939453,23.559999465942383,23.899999618530273,3444,0.0,0.0
2023-11-27 10:30:00-05:00,23.719999313354492,23.899999618530273,23.385000228881836,23.899999618530273,4842,0.0,0.0
2023-11-27 11:30:00-05:00,23.899999618530273,24.149999618530273,23.600000381469727,23.940000534057617,8832,0.0,0.0
2023-11-27 12:30:00-05:00,23.899999618530273,24.415000915527344,23.700000762939453,23.989999771118164,16509,0.0,0.0
2023-11-27 13:30:00-05:00,23.799999237060547,23.899999618530273,23.559999465942383,23.639999389648438,5824,0.0,0.0
2023-11-27 14:30:00-05:00,23.549999237060547,23.829999923706055,23.489999771118164,23.75,8747,0.0,0.0
2023-11-27 15:30:00-05:00,23.6299991607666,23.719999313354492,23.329999923706055,23.43000030517578,10985,0.0,0.0
2023-11-28 09:30:00-05:00,23.43000030517578,23.75,23.399999618530273,23.399999618530273,6193,0.0,0.0
2023-11-28 10:30:00-05:00,23.354999542236328,23.64739990234375,23.354999542236328,23.354999542236328,1558,0.0,0.0
2023-11-28 11:30:00-05:00,23.44499969482422,23.68000030517578,23.200000762939453,23.299999237060547,3960,0.0,0.0
2023-11-28 12:30:00-05:00,23.290000915527344,23.3799991607666,22.790000915527344,22.790000915527344,5168,0.0,0.0
2023-11-28 13:30:00-05:00,23.0,23.0,22.299999237060547,22.575000762939453,5225,0.0,0.0
2023-11-28 14:30:00-05:00,22.709999084472656,22.940000534057617,22.625,22.899999618530273,3167,0.0,0.0
2023-11-28 15:30:00-05:00,22.979999542236328,23.125,22.8799991607666,23.040000915527344,7101,0.0,0.0
2023-11-29 09:30:00-05:00,22.600000381469727,23.049999237060547,22.600000381469727,22.670000076293945,1527,0.0,0.0
2023-11-29 10:30:00-05:00,22.825000762939453,23.049999237060547,22.649999618530273,23.049999237060547,4871,0.0,0.0
2023-11-29 11:30:00-05:00,23.049999237060547,23.329999923706055,23.020000457763672,23.25,7802,0.0,0.0
2023-11-29 12:30:00-05:00,23.350000381469727,23.389999389648438,23.139999389648438,23.299999237060547,4864,0.0,0.0
2023-11-29 13:30:00-05:00,23.19499969482422,23.514999389648438,23.049999237060547,23.514999389648438,5971,0.0,0.0
2023-11-29 14:30:00-05:00,23.399999618530273,23.510000228881836,23.19499969482422,23.3799991607666,9870,0.0,0.0
2023-11-29 15:30:00-05:00,23.469999313354492,23.489999771118164,23.299999237060547,23.485000610351562,7498,0.0,0.0
2023-11-30 09:30:00-05:00,22.809999465942383,23.53499984741211,22.809999465942383,23.5049991607666,19725,0.0,0.0
2023-11-30 10:30:00-05:00,23.239999771118164,23.600000381469727,23.104999542236328,23.594999313354492,4777,0.0,0.0
2023-11-30 11:30:00-05:00,23.610000610351562,23.684999465942383,22.920000076293945,23.34000015258789,20778,0.0,0.0
2023-11-30 12:30:00-05:00,23.270000457763672,23.290000915527344,23.100000381469727,23.110000610351562,3397,0.0,0.0
2023-11-30 13:30:00-05:00,23.110000610351562,23.239999771118164,22.600000381469727,22.665000915527344,4264,0.0,0.0
2023-11-30 14:30:00-05:00,22.770000457763672,22.770000457763672,22.399999618530273,22.399999618530273,3775,0.0,0.0
2023-11-30 15:30:00-05:00,22.40999984741211,22.40999984741211,21.65999984741211,21.8799991607666,8853,0.0,0.0
2023-12-01 09:30:00-05:00,22.299999237060547,22.309999465942383,20.75,21.18000030517578,11099,0.0,0.0
2023-12-01 10:30:00-05:00,21.40999984741211,21.645000457763672,21.389999389648438,21.600000381469727,2191,0.0,0.0
2023-12-01 11:30:00-05:00,21.290000915527344,21.936399459838867,21.290000915527344,21.635000228881836,4052,0.0,0.0
2023-12-01 12:30:00-05:00,21.770000457763672,21.93000030517578,21.110000610351562,21.110000610351562,5896,0.0,0.0
2023-12-01 13:30:00-05:00,21.09000015258789,21.459999084472656,21.06999969482422,21.1200008392334,4771,0.0,0.0
2023-12-01 14:30:00-05:00,20.989999771118164,21.31999969482422,20.959999084472656,21.18000030517578,4629,0.0,0.0
2023-12-01 15:30:00-05:00,21.15999984741211,21.25,21.049999237060547,21.049999237060547,4249,0.0,0.0
2023-12-04 09:30:00-05:00,21.030000686645508,21.3799991607666,21.030000686645508,21.3799991607666,1258,0.0,0.0
2023-12-04 10:30:00-05:00,21.379899978637695,21.3799991607666,21.18000030517578,21.18000030517578,2071,0.0,0.0
2023-12-04 11:30:00-05:00,21.059999465942383,21.059999465942383,20.690000534057617,20.690000534057617,2990,0.0,0.0
2023-12-04 12:30:00-05:00,20.65999984741211,20.65999984741211,20.190000534057617,20.610000610351562,9467,0.0,0.0
2023-12-04 13:30:00-05:00,20.729999542236328,20.729999542236328,20.155000686645508,20.329999923706055,6384,0.0,0.0
2023-12-04 14:30:00-05:00,20.360000610351562,20.5,20.325000762939453,20.5,1504,0.0,0.0
2023-12-04 15:30:00-05:00,20.389999389648438,20.530000686645508,20.329999923706055,20.34000015258789,5350,0.0,0.0
2023-12-05 09:30:00-05:00,20.329999923706055,20.739999771118164,20.329999923706055,20.684999465942383,0,0.0,0.0
2023-12-05 10:30:00-05:00,20.295000076293945,20.440000534057617,20.121000289916992,20.121000289916992,1107,0.0,0.0
2023-12-05 11:30:00-05:00,20.440000534057617,20.440000534057617,20.350000381469727,20.424999237060547,810,0.0,0.0
2023-12-05 12:30:00-05:00,20.264999389648438,20.264999389648438,19.799999237060547,19.899999618530273,2659,0.0,0.0
2023-12-05 13:30:00-05:00,20.3700008392334,20.3700008392334,20.354999542236328,20.354999542236328,1179,0.0,0.0
2023-12-05 14:30:00-05:00,20.209999084472656,20.450000762939453,20.209999084472656,20.360000610351562,2393,0.0,0.0
2023-12-05 15:30:00-05:00,20.190000534057617,20.344999313354492,20.149999618530273,20.344999313354492,1386,0.0,0.0
2023-12-06 09:30:00-05:00,20.309999465942383,20.309999465942383,20.309999465942383,20.309999465942383,0,0.0,0.0
2023-12-06 10:30:00-05:00,21.139999389648438,21.139999389648438,21.139999389648438,21.139999389648438,750,0.0,0.0
2023-12-06 11:30:00-05:00,21.270000457763672,21.270000457763672,20.9689998626709,20.9689998626709,2046,0.0,0.0
2023-12-06 12:30:00-05:00,20.979999542236328,21.079999923706055,20.969999313354492,21.079999923706055,2130,0.0,0.0
2023-12-06 13:30:00-05:00,21.280000686645508,21.479999542236328,21.270000457763672,21.466699600219727,5366,0.0,0.0
2023-12-06 14:30:00-05:00,21.309999465942383,21.40999984741211,21.229999542236328,21.34000015258789,2899,0.0,0.0
2023-12-06 15:30:00-05:00,21.309999465942383,21.309999465942383,20.450000762939453,20.989999771118164,12351,0.0,0.0
2023-12-07 09:30:00-05:00,20.649999618530273,21.040000915527344,20.649999618530273,21.040000915527344,805,0.0,0.0
2023-12-07 10:30:00-05:00,21.3799991607666,22.09749984741211,21.3799991607666,22.059999465942383,5658,0.0,0.0
2023-12-07 11:30:00-05:00,22.049999237060547,22.079999923706055,21.790000915527344,22.0,10075,0.0,0.0
2023-12-07 12:30:00-05:00,21.959999084472656,22.209999084472656,21.959999084472656,21.969999313354492,1809,0.0,0.0
2023-12-07 13:30:00-05:00,22.010000228881836,22.010000228881836,21.989999771118164,21.989999771118164,2171,0.0,0.0
2023-12-07 14:30:00-05:00,22.3700008392334,22.3700008392334,21.96139907836914,22.170000076293945,3943,0.0,0.0
2023-12-07 15:30:00-05:00,22.049999237060547,22.100000381469727,22.03890037536621,22.049999237060547,7445,0.0,0.0
2023-12-08 09:30:00-05:00,22.100000381469727,22.100000381469727,21.755399703979492,21.84000015258789,3459,0.0,0.0
2023-12-08 11:30:00-05:00,21.430099487304688,21.589000701904297,21.430099487304688,21.430099487304688,2956,0.0,0.0
2023-12-08 12:30:00-05:00,21.360000610351562,21.360000610351562,21.360000610351562,21.360000610351562,1007,0.0,0.0
2023-12-08 13:30:00-05:00,21.239999771118164,21.520000457763672,21.239999771118164,21.520000457763672,3453,0.0,0.0
2023-12-08 14:30:00-05:00,21.700000762939453,21.700000762939453,21.649999618530273,21.649999618530273,2064,0.0,0.0
2023-12-08 15:30:00-05:00,21.639999389648438,21.639999389648438,21.25,21.31999969482422,3355,0.0,0.0
2023-12-11 09:30:00-05:00,21.0,21.0,20.497900009155273,21.0,2437,0.0,0.0
2023-12-11 10:30:00-05:00,20.770000457763672,20.90999984741211,20.770000457763672,20.774999618530273,895,0.0,0.0
2023-12-11 11:30:00-05:00,20.860000610351562,20.860000610351562,20.719999313354492,20.719999313354492,1125,0.0,0.0
2023-12-11 12:30:00-05:00,20.600000381469727,20.600000381469727,20.600000381469727,20.600000381469727,2957,0.0,0.0
2023-12-11 14:30:00-05:00,20.420000076293945,21.174999237060547,20.18000030517578,20.93000030517578,11408,0.0,0.0
2023-12-11 15:30:00-05:00,20.940000534057617,21.604999542236328,20.860000610351562,21.34000015258789,8744,0.0,0.0
2023-12-12 09:30:00-05:00,21.313600540161133,21.808500289916992,21.313600540161133,21.430099487304688,6337,0.0,0.0
2023-12-12 10:30:00-05:00,21.139999389648438,21.139999389648438,21.030099868774414,21.098400115966797,1277,0.0,0.0
2023-12-12 11:30:00-05:00,21.06999969482422,21.06999969482422,21.03660011291504,21.03660011291504,1177,0.0,0.0
2023-12-12 12:30:00-05:00,21.0846004486084,21.0846004486084,20.920000076293945,20.920000076293945,840,0.0,0.0
2023-12-12 13:30:00-05:00,20.920000076293945,20.959999084472656,20.920000076293945,20.920000076293945,2169,0.0,0.0
2023-12-12 14:30:00-05:00,20.684999465942383,20.69499969482422,20.684999465942383,20.69499969482422,893,0.0,0.0
2023-12-12 15:30:00-05:00,20.540000915527344,20.6299991607666,20.5,20.510000228881836,4784,0.0,0.0
2023-12-13 09:30:00-05:00,20.010000228881836,20.760000228881836,20.010000228881836,20.760000228881836,2621,0.0,0.0
2023-12-13 10:30:00-05:00,20.690000534057617,21.059999465942383,20.690000534057617,21.059999465942383,1524,0.0,0.0
2023-12-13 11:30:00-05:00,20.844999313354492,20.871599197387695,20.84000015258789,20.84000015258789,1356,0.0,0.0
2023-12-13 12:30:00-05:00,20.270000457763672,20.270000457763672,19.86009979248047,19.86009979248047,3552,0.0,0.0
2023-12-13 13:30:00-05:00,19.8799991607666,20.549999237060547,19.8799991607666,20.243000030517578,4750,0.0,0.0
2023-12-13 14:30:00-05:00,20.6299991607666,20.809999465942383,19.860000610351562,19.985000610351562,13485,0.0,0.0
2023-12-13 15:30:00-05:00,19.889999389648438,19.969999313354492,18.329999923706055,19.1200008392334,34246,0.0,0.0
2023-12-14 09:30:00-05:00,19.329999923706055,19.8700008392334,19.079999923706055,19.19499969482422,9923,0.0,0.0
2023-12-14 10:30:00-05:00,19.265899658203125,19.329999923706055,19.200000762939453,19.329999923706055,2138,0.0,0.0
2023-12-14 11:30:00-05:00,19.389999389648438,19.389999389648438,19.270000457763672,19.270000457763672,1634,0.0,0.0
2023-12-14 12:30:00-05:00,19.270000457763672,19.270000457763672,19.100000381469727,19.18000030517578,3611,0.0,0.0
2023-12-14 13:30:00-05:00,19.100000381469727,19.149999618530273,19.09000015258789,19.110000610351562,4727,0.0,0.0
2023-12-14 14:30:00-05:00,19.100000381469727,19.100000381469727,18.700000762939453,18.709999084472656,7785,0.0,0.0
2023-12-14 15:30:00-05:00,18.704999923706055,18.709199905395508,18.579999923706055,18.59000015258789,7498,0.0,0.0
2023-12-15 09:30:00-05:00,17.989999771118164,18.239999771118164,17.899999618530273,18.1299991607666,23179,0.0,0.0
2023-12-15 10:30:00-05:00,18.1299991607666,18.200000762939453,17.889999389648438,17.90999984741211,21281,0.0,0.0
2023-12-15 11:30:00-05:00,17.90999984741211,17.920000076293945,17.780000686645508,17.815000534057617,3378,0.0,0.0
2023-12-15 12:30:00-05:00,17.850000381469727,17.850000381469727,17.399999618530273,17.399999618530273,15104,0.0,0.0
2023-12-15 13:30:00-05:00,17.44499969482422,17.44499969482422,16.735000610351562,16.90999984741211,11543,0.0,0.0
2023-12-15 14:30:00-05:00,17.065000534057617,18.719999313354492,16.81999969482422,17.860000610351562,63071,0.0,0.0
2023-12-15 15:30:00-05:00,17.969999313354492,18.030000686645508,17.280000686645508,17.6200008392334,17881,0.0,0.0
2023-12-18 09:30:00-05:00,17.75,19.25,17.75,19.0,14544,0.0,0.0
2023-12-18 10:30:00-05:00,19.0,19.559999465942383,18.809999465942383,19.559999465942383,18959,0.0,0.0
2023-12-18 11:30:00-05:00,19.5,19.674999237060547,19.489999771118164,19.489999771118164,7297,0.0,0.0
2023-12-18 12:30:00-05:00,19.5,19.700000762939453,19.4950008392334,19.614999771118164,6340,0.0,0.0
2023-12-18 13:30:00-05:00,19.614999771118164,19.614999771118164,19.270000457763672,19.34000015258789,7828,0.0,0.0
2023-12-18 14:30:00-05:00,19.34000015258789,19.510000228881836,17.770599365234375,17.950000762939453,26653,0.0,0.0
2023-12-18 15:30:00-05:00,17.959999084472656,17.959999084472656,17.204999923706055,17.530000686645508,32412,0.0,0.0
2023-12-19 09:30:00-05:00,17.639999389648438,18.062000274658203,17.639999389648438,17.860000610351562,5907,0.0,0.0
2023-12-19 10:30:00-05:00,17.8700008392334,17.905000686645508,17.68000030517578,17.755399703979492,3778,0.0,0.0
2023-12-19 11:30:00-05:00,17.719999313354492,17.75,17.59000015258789,17.59000015258789,3602,0.0,0.0
2023-12-19 12:30:00-05:00,17.90999984741211,18.076099395751953,17.565000534057617,17.989999771118164,4296,0.0,0.0
2023-12-19 13:30:00-05:00,18.030000686645508,18.049999237060547,17.75,17.75,3233,0.0,0.0
2023-12-19 14:30:00-05:00,17.639999389648438,17.65999984741211,16.700000762939453,17.43000030517578,30911,0.0,0.0
2023-12-19 15:30:00-05:00,17.309999465942383,17.549999237060547,16.969999313354492,17.020000457763672,22372,0.0,0.0
2023-12-20 09:30:00-05:00,17.049999237060547,17.049999237060547,16.899999618530273,16.9822998046875,5661,0.0,0.0
2023-12-20 10:30:00-05:00,17.079999923706055,17.25,17.049999237060547,17.049999237060547,4837,0.0,0.0
2023-12-20 11:30:00-05:00,17.246700286865234,17.246700286865234,16.920000076293945,16.92009925842285,4465,0.0,0.0
2023-12-20 12:30:00-05:00,16.989999771118164,17.15999984741211,16.989999771118164,17.079999923706055,4879,0.0,0.0
2023-12-20 13:30:00-05:00,17.165000915527344,17.165000915527344,17.079999923706055,17.139999389648438,2650,0.0,0.0
2023-12-20 14:30:00-05:00,17.1200008392334,17.149999618530273,16.75,17.010000228881836,18380,0.0,0.0
2023-12-20 15:30:00-05:00,17.18000030517578,17.200000762939453,16.989999771118164,17.0,5078,0.0,0.0
2023-12-21 09:30:00-05:00,17.030000686645508,17.809999465942383,17.030000686645508,17.809999465942383,4853,0.0,0.0
2023-12-21 10:30:00-05:00,17.950000762939453,18.049999237060547,17.850000381469727,17.969999313354492,4441,0.0,0.0
2023-12-21 11:30:00-05:00,17.84000015258789,17.84000015258789,17.799999237060547,17.815000534057617,3719,0.0,0.0
2023-12-21 12:30:00-05:00,17.75,17.774999618530273,17.729999542236328,17.729999542236328,1434,0.0,0.0
2023-12-21 13:30:00-05:00,17.559999465942383,17.719999313354492,17.20680046081543,17.20680046081543,5290,0.0,0.0
2023-12-21 14:30:00-05:00,17.209999084472656,17.600000381469727,17.209999084472656,17.344999313354492,20572,0.0,0.0
2023-12-21 15:30:00-05:00,17.309999465942383,17.375,17.15999984741211,17.219999313354492,12196,0.0,0.0
2023-12-22 09:30:00-05:00,17.360000610351562,17.889999389648438,17.360000610351562,17.780000686645508,2489,0.0,0.0
2023-12-22 10:30:00-05:00,17.59000015258789,17.59000015258789,17.59000015258789,17.59000015258789,1910,0.0,0.0
2023-12-22 11:30:00-05:00,17.579999923706055,17.579999923706055,17.579999923706055,17.579999923706055,1286,0.0,0.0
2023-12-22 13:30:00-05:00,17.690000534057617,17.690000534057617,17.690000534057617,17.690000534057617,695,0.0,0.0
2023-12-22 14:30:00-05:00,17.489999771118164,17.5,17.409900665283203,17.5,1761,0.0,0.0
2023-12-22 15:30:00-05:00,17.5,17.5,17.475000381469727,17.5,8178,0.0,0.0
2023-12-26 09:30:00-05:00,17.520000457763672,17.520000457763672,17.520000457763672,17.520000457763672,714,0.0,0.0
2023-12-26 10:30:00-05:00,17.59000015258789,17.739999771118164,17.5,17.624799728393555,1640,0.0,0.0
2023-12-26 11:30:00-05:00,17.600000381469727,17.799999237060547,17.600000381469727,17.790000915527344,2227,0.0,0.0
2023-12-26 13:30:00-05:00,18.0,18.0,17.8700008392334,17.8700008392334,1810,0.0,0.0
2023-12-26 14:30:00-05:00,18.049999237060547,18.39940071105957,18.049999237060547,18.079999923706055,3647,0.0,0.0
2023-12-26 15:30:00-05:00,18.290000915527344,18.389999389648438,18.290000915527344,18.329999923706055,2523,0.0,0.0
2023-12-27 10:30:00-05:00,18.42609977722168,19.05500030517578,18.42609977722168,18.920000076293945,3204,0.0,0.0
2023-12-27 11:30:00-05:00,19.145000457763672,19.199899673461914,18.90999984741211,18.920000076293945,2328,0.0,0.0
2023-12-27 12:30:00-05:00,18.920000076293945,19.020000457763672,18.79439926147461,18.860000610351562,3529,0.0,0.0
2023-12-27 13:30:00-05:00,18.889999389648438,18.989999771118164,18.889999389648438,18.989999771118164,448,0.0,0.0
2023-12-27 14:30:00-05:00,19.059999465942383,19.059999465942383,19.040000915527344,19.040000915527344,1638,0.0,0.0
2023-12-27 15:30:00-05:00,19.049999237060547,19.049999237060547,18.809999465942383,18.940000534057617,3338,0.0,0.0
2023-12-28 09:30:00-05:00,19.237199783325195,19.237199783325195,19.237199783325195,19.237199783325195,906,0.0,0.0
2023-12-28 11:30:00-05:00,19.13990020751953,19.13990020751953,19.0,19.0,5829,0.0,0.0
2023-12-28 12:30:00-05:00,19.0,19.015600204467773,19.0,19.0,1584,0.0,0.0
2023-12-28 13:30:00-05:00,19.049999237060547,19.049999237060547,19.049999237060547,19.049999237060547,589,0.0,0.0
2023-12-28 14:30:00-05:00,19.06999969482422,19.06999969482422,19.020000457763672,19.069900512695312,1466,0.0,0.0
2023-12-28 15:30:00-05:00,19.010000228881836,19.010000228881836,18.56999969482422,18.56999969482422,4749,0.0,0.0
2023-12-29 09:30:00-05:00,18.850000381469727,18.850000381469727,18.440000534057617,18.440000534057617,533,0.0,0.0
2023-12-29 11:30:00-05:00,18.579999923706055,18.579999923706055,18.469999313354492,18.469999313354492,1509,0.0,0.0
2023-12-29 12:30:00-05:00,18.43000030517578,18.43000030517578,18.290000915527344,18.299999237060547,2051,0.0,0.0
2023-12-29 13:30:00-05:00,18.399999618530273,18.399999618530273,18.399999618530273,18.399999618530273,310,0.0,0.0
2023-12-29 14:30:00-05:00,18.420000076293945,18.420000076293945,18.25,18.25,1847,0.0,0.0
2023-12-29 15:30:00-05:00,18.209999084472656,18.209999084472656,18.020000457763672,18.111299514770508,1797,0.0,0.0
2024-01-02 09:30:00-05:00,18.06999969482422,18.06999969482422,18.06999969482422,18.06999969482422,0,0.0,0.0
2024-01-02 10:30:00-05:00,18.0,18.040000915527344,17.899999618530273,17.899999618530273,1511,0.0,0.0
2024-01-02 12:30:00-05:00,17.899999618530273,17.942399978637695,17.76810073852539,17.76810073852539,1873,0.0,0.0
2024-01-02 13:30:00-05:00,17.920000076293945,17.920000076293945,17.790000915527344,17.889999389648438,666,0.0,0.0
2024-01-02 14:30:00-05:00,17.799999237060547,17.8700008392334,17.670000076293945,17.760000228881836,2597,0.0,0.0
2024-01-02 15:30:00-05:00,17.65999984741211,17.889999389648438,17.65999984741211,17.84000015258789,7392,0.0,0.0
2024-01-03 09:30:00-05:00,17.649999618530273,17.90999984741211,17.520000457763672,17.520000457763672,3040,0.0,0.0
2024-01-03 10:30:00-05:00,17.510000228881836,17.510000228881836,16.799999237060547,16.799999237060547,13821,0.0,0.0
2024-01-03 11:30:00-05:00,16.899999618530273,17.049999237060547,16.729999542236328,16.729999542236328,8570,0.0,0.0
2024-01-03 12:30:00-05:00,16.604999542236328,16.82990074157715,16.604999542236328,16.6299991607666,5226,0.0,0.0
2024-01-03 13:30:00-05:00,16.628999710083008,16.79990005493164,16.511999130249023,16.511999130249023,9305,0.0,0.0
2024-01-03 14:30:00-05:00,16.520000457763672,16.520000457763672,16.149999618530273,16.287500381469727,9408,0.0,0.0
2024-01-03 15:30:00-05:00,16.319900512695312,16.489999771118164,16.28499984741211,16.3799991607666,13003,0.0,0.0
2024-01-04 09:30:00-05:00,16.540000915527344,16.670000076293945,16.4950008392334,16.5,4129,0.0,0.0
2024-01-04 10:30:00-05:00,16.56999969482422,16.649999618530273,16.520000457763672,16.520000457763672,1771,0.0,0.0
2024-01-04 11:30:00-05:00,16.55500030517578,16.55500030517578,16.190000534057617,16.190000534057617,2344,0.0,0.0
2024-01-04 12:30:00-05:00,16.1299991607666,16.1299991607666,15.710000038146973,15.920000076293945,8294,0.0,0.0
2024-01-04 13:30:00-05:00,15.949999809265137,16.030000686645508,15.710000038146973,15.710000038146973,4457,0.0,0.0
2024-01-04 14:30:00-05:00,15.8100004196167,15.960000038146973,15.699999809265137,15.779999732971191,7359,0.0,0.0
2024-01-04 15:30:00-05:00,15.854999542236328,16.1200008392334,15.760000228881836,15.979999542236328,4877,0.0,0.0
2024-01-05 09:30:00-05:00,15.960000038146973,15.960000038146973,15.8100004196167,15.8100004196167,1967,0.0,0.0
2024-01-05 11:30:00-05:00,16.18000030517578,16.18000030517578,15.829999923706055,16.05500030517578,4001,0.0,0.0
2024-01-05 12:30:00-05:00,15.90999984741211,15.90999984741211,15.65999984741211,15.65999984741211,2499,0.0,0.0
2024-01-05 13:30:00-05:00,15.65999984741211,15.65999984741211,15.65999984741211,15.65999984741211,990,0.0,0.0
2024-01-05 14:30:00-05:00,15.829999923706055,15.829999923706055,15.430000305175781,15.604599952697754,11952,0.0,0.0
2024-01-05 15:30:00-05:00,15.390000343322754,15.929400444030762,15.390000343322754,15.699999809265137,9279,0.0,0.0
2024-01-08 09:30:00-05:00,15.460000038146973,15.899999618530273,15.460000038146973,15.890000343322754,1487,0.0,0.0
2024-01-08 10:30:00-05:00,15.954099655151367,15.954099655151367,15.954099655151367,15.954099655151367,269,0.0,0.0
2024-01-08 11:30:00-05:00,16.0,16.260000228881836,16.0,16.204999923706055,1550,0.0,0.0
2024-01-08 12:30:00-05:00,16.200000762939453,16.200000762939453,16.104999542236328,16.104999542236328,1216,0.0,0.0
2024-01-08 14:30:00-05:00,16.042400360107422,16.049999237060547,16.010000228881836,16.049999237060547,2324,0.0,0.0
2024-01-08 15:30:00-05:00,16.059999465942383,16.190000534057617,16.059999465942383,16.190000534057617,2838,0.0,0.0
2024-01-09 09:30:00-05:00,16.0,16.309999465942383,16.0,16.309999465942383,1616,0.0,0.0
2024-01-09 10:30:00-05:00,16.329999923706055,16.329999923706055,16.174999237060547,16.174999237060547,1068,0.0,0.0
2024-01-09 11:30:00-05:00,16.329999923706055,16.5,16.329999923706055,16.5,1142,0.0,0.0
2024-01-09 12:30:00-05:00,16.450000762939453,16.5,16.450000762939453,16.5,1395,0.0,0.0
2024-01-09 13:30:00-05:00,16.354999542236328,16.360000610351562,16.350000381469727,16.350000381469727,2818,0.0,0.0
2024-01-09 15:30:00-05:00,16.125,16.170000076293945,16.1200008392334,16.139999389648438,2369,0.0,0.0
2024-01-10 09:30:00-05:00,16.1200008392334,16.14150047302246,16.1200008392334,16.134899139404297,1690,0.0,0.0
2024-01-10 13:30:00-05:00,16.1200008392334,16.1200008392334,15.979999542236328,15.979999542236328,2034,0.0,0.0
2024-01-10 15:30:00-05:00,16.020000457763672,16.020000457763672,15.8100004196167,15.84000015258789,2641,0.0,0.0
2024-01-11 13:30:00-05:00,15.5600004196167,15.5600004196167,15.5600004196167,15.5600004196167,995,0.0,0.0
2024-01-11 14:30:00-05:00,15.595000267028809,15.595000267028809,15.180000305175781,15.180000305175781,4264,0.0,0.0
2024-01-11 15:30:00-05:00,15.21500015258789,15.229999542236328,14.805000305175781,15.09000015258789,8220,0.0,0.0
2024-01-12 09:30:00-05:00,15.229999542236328,15.260000228881836,15.093700408935547,15.25,2664,0.0,0.0
2024-01-12 10:30:00-05:00,15.25,15.464699745178223,15.229999542236328,15.25,7758,0.0,0.0
2024-01-12 11:30:00-05:00,15.25,15.25,15.229999542236328,15.229999542236328,1499,0.0,0.0
2024-01-12 13:30:00-05:00,15.170000076293945,15.279999732971191,15.0,15.0,3034,0.0,0.0
2024-01-12 14:30:00-05:00,14.850000381469727,15.010000228881836,14.850000381469727,15.010000228881836,1167,0.0,0.0
2024-01-12 15:30:00-05:00,15.010000228881836,15.079999923706055,14.899999618530273,14.899999618530273,7388,0.0,0.0
2024-01-16 09:30:00-05:00,15.0,15.109999656677246,14.539999961853027,14.880000114440918,6557,0.0,0.0
2024-01-16 10:30:00-05:00,14.979999542236328,15.0,14.979999542236328,15.0,3024,0.0,0.0
2024-01-16 11:30:00-05:00,14.65999984741211,14.65999984741211,14.65999984741211,14.65999984741211,420,0.0,0.0
2024-01-16 12:30:00-05:00,14.550000190734863,14.550000190734863,14.130000114440918,14.130000114440918,4270,0.0,0.0
2024-01-16 13:30:00-05:00,14.199999809265137,14.199999809265137,14.100000381469727,14.100000381469727,1099,0.0,0.0
2024-01-16 14:30:00-05:00,14.326000213623047,14.326000213623047,14.326000213623047,14.326000213623047,589,0.0,0.0
2024-01-16 15:30:00-05:00,14.170000076293945,15.069999694824219,14.029999732971191,15.069999694824219,16290,0.0,0.0
2024-01-17 09:30:00-05:00,14.3100004196167,15.180000305175781,14.3100004196167,15.170000076293945,11126,0.0,0.0
2024-01-17 10:30:00-05:00,15.470000267028809,15.470000267028809,15.454999923706055,15.454999923706055,496,0.0,0.0
2024-01-17 11:30:00-05:00,15.454999923706055,15.553000450134277,15.399999618530273,15.553000450134277,695,0.0,0.0
2024-01-17 12:30:00-05:00,15.543999671936035,15.5600004196167,15.4399995803833,15.5600004196167,1485,0.0,0.0
2024-01-17 13:30:00-05:00,15.60099983215332,15.779999732971191,15.60099983215332,15.753000259399414,1529,0.0,0.0
2024-01-17 14:30:00-05:00,15.753000259399414,15.845000267028809,15.753000259399414,15.819999694824219,2901,0.0,0.0
2024-01-17 15:30:00-05:00,15.881999969482422,16.274999618530273,15.881999969482422,15.90999984741211,2930,0.0,0.0
2024-01-18 09:30:00-05:00,15.859999656677246,15.859999656677246,15.795999526977539,15.795999526977539,619,0.0,0.0
2024-01-18 13:30:00-05:00,15.720000267028809,15.720000267028809,15.720000267028809,15.720000267028809,372,0.0,0.0
2024-01-18 14:30:00-05:00,15.539999961853027,15.875,15.539999961853027,15.859999656677246,2075,0.0,0.0
2024-01-18 15:30:00-05:00,15.5600004196167,15.710000038146973,15.550000190734863,15.710000038146973,1511,0.0,0.0
2024-01-19 09:30:00-05:00,15.59000015258789,15.59000015258789,15.59000015258789,15.59000015258789,1160,0.0,0.0
2024-01-19 11:30:00-05:00,15.720000267028809,15.720000267028809,15.710000038146973,15.710000038146973,1712,0.0,0.0
2024-01-19 12:30:00-05:00,15.739999771118164,15.739999771118164,15.739999771118164,15.739999771118164,393,0.0,0.0
2024-01-19 13:30:00-05:00,15.40999984741211,15.40999984741211,15.40999984741211,15.40999984741211,410,0.0,0.0
2024-01-19 14:30:00-05:00,15.40999984741211,15.710000038146973,15.40999984741211,15.710000038146973,802,0.0,0.0
2024-01-19 15:30:00-05:00,15.420000076293945,15.550000190734863,15.420000076293945,15.460000038146973,1748,0.0,0.0
2024-01-22 09:30:00-05:00,15.699999809265137,15.880000114440918,15.699999809265137,15.880000114440918,834,0.0,0.0
2024-01-22 12:30:00-05:00,15.4399995803833,15.4399995803833,15.4399995803833,15.4399995803833,581,0.0,0.0
2024-01-22 13:30:00-05:00,15.4350004196167,15.4350004196167,15.4350004196167,15.4350004196167,1905,0.0,0.0
2024-01-22 15:30:00-05:00,15.109999656677246,15.109999656677246,14.479999542236328,14.680000305175781,11538,0.0,0.0
2024-01-23 09:30:00-05:00,15.050000190734863,15.050000190734863,14.805000305175781,14.824999809265137,1156,0.0,0.0
2024-01-23 10:30:00-05:00,15.029999732971191,15.029999732971191,14.8149995803833,14.8149995803833,461,0.0,0.0
2024-01-23 11:30:00-05:00,14.989999771118164,14.989999771118164,14.989999771118164,14.989999771118164,237,0.0,0.0
2024-01-23 12:30:00-05:00,14.8149995803833,15.050000190734863,14.8149995803833,15.050000190734863,1125,0.0,0.0
2024-01-23 13:30:00-05:00,15.050000190734863,15.279999732971191,15.050000190734863,15.176600456237793,1012,0.0,0.0
2024-01-23 14:30:00-05:00,15.164999961853027,15.170000076293945,15.164999961853027,15.170000076293945,1431,0.0,0.0
2024-01-23 15:30:00-05:00,15.164999961853027,15.300000190734863,15.015000343322754,15.140000343322754,1849,0.0,0.0
2024-01-24 09:30:00-05:00,15.270000457763672,15.270000457763672,15.270000457763672,15.270000457763672,474,0.0,0.0
2024-01-24 10:30:00-05:00,15.0600004196167,15.13700008392334,15.0600004196167,15.13700008392334,300,0.0,0.0
2024-01-24 12:30:00-05:00,15.4399995803833,15.4399995803833,15.062000274658203,15.062000274658203,453,0.0,0.0
2024-01-24 13:30:00-05:00,15.110799789428711,15.279999732971191,15.110799789428711,15.279999732971191,577,0.0,0.0
2024-01-24 14:30:00-05:00,15.359999656677246,15.5,15.279999732971191,15.279999732971191,1684,0.0,0.0
2024-01-24 15:30:00-05:00,15.239999771118164,15.380000114440918,15.050000190734863,15.050000190734863,1297,0.0,0.0
2024-01-25 09:30:00-05:00,15.40999984741211,15.619999885559082,15.40999984741211,15.619999885559082,0,0.0,0.0
2024-01-25 10:30:00-05:00,15.270000457763672,15.449999809265137,15.270000457763672,15.449999809265137,1894,0.0,0.0
2024-01-25 13:30:00-05:00,15.579999923706055,15.640000343322754,15.579999923706055,15.640000343322754,381,0.0,0.0
2024-01-25 14:30:00-05:00,15.649999618530273,15.65999984741211,15.649999618530273,15.65999984741211,348,0.0,0.0
2024-01-25 15:30:00-05:00,15.65999984741211,15.699999809265137,15.480600357055664,15.699999809265137,2684,0.0,0.0
2024-01-26 09:30:00-05:00,15.899999618530273,16.0,15.710000038146973,15.710000038146973,1982,0.0,0.0
2024-01-26 14:30:00-05:00,15.774999618530273,15.89900016784668,15.65999984741211,15.770000457763672,1361,0.0,0.0
2024-01-26 15:30:00-05:00,15.880000114440918,15.880000114440918,15.720000267028809,15.720000267028809,1234,0.0,0.0
2024-01-29 09:30:00-05:00,15.949999809265137,15.949999809265137,15.949999809265137,15.949999809265137,713,0.0,0.0
2024-01-29 10:30:00-05:00,15.949999809265137,16.40999984741211,15.949999809265137,16.139999389648438,8045,0.0,0.0
2024-01-29 11:30:00-05:00,16.139999389648438,16.280899047851562,15.979999542236328,15.979999542236328,1097,0.0,0.0
2024-01-29 12:30:00-05:00,16.34000015258789,16.3799991607666,16.34000015258789,16.350000381469727,1012,0.0,0.0
2024-01-29 15:30:00-05:00,16.280000686645508,16.59000015258789,16.21500015258789,16.450000762939453,9218,0.0,0.0
2024-01-30 09:30:00-05:00,16.6299991607666,16.84000015258789,16.350000381469727,16.639999389648438,3008,0.0,0.0
2024-01-30 10:30:00-05:00,16.584999084472656,16.829999923706055,16.584999084472656,16.829999923706055,1700,0.0,0.0
2024-01-30 11:30:00-05:00,16.829999923706055,16.829999923706055,16.81999969482422,16.81999969482422,1654,0.0,0.0
2024-01-30 12:30:00-05:00,17.09000015258789,17.09000015258789,16.800100326538086,17.010000228881836,1587,0.0,0.0
2024-01-30 13:30:00-05:00,17.049999237060547,17.049999237060547,17.020000457763672,17.030000686645508,880,0.0,0.0
2024-01-30 14:30:00-05:00,17.030000686645508,17.049999237060547,16.899999618530273,16.899999618530273,1231,0.0,0.0
2024-01-30 15:30:00-05:00,16.950000762939453,16.950000762939453,16.610000610351562,16.610000610351562,2965,0.0,0.0
2024-01-31 09:30:00-05:00,16.690000534057617,16.690000534057617,16.690000534057617,16.690000534057617,338,0.0,0.0
2024-01-31 10:30:00-05:00,16.594999313354492,16.600000381469727,16.594999313354492,16.600000381469727,2013,0.0,0.0
2024-01-31 11:30:00-05:00,16.6299991607666,16.889999389648438,16.6299991607666,16.889999389648438,865,0.0,0.0
2024-01-31 12:30:00-05:00,16.90999984741211,16.90999984741211,16.90999984741211,16.90999984741211,307,0.0,0.0
2024-01-31 13:30:00-05:00,16.899999618530273,17.135000228881836,16.899999618530273,17.135000228881836,1310,0.0,0.0
2024-01-31 14:30:00-05:00,17.09000015258789,17.09000015258789,16.881399154663086,16.881399154663086,386,0.0,0.0
2024-01-31 15:30:00-05:00,17.110000610351562,17.110000610351562,16.43000030517578,16.485000610351562,4861,0.0,0.0
2024-02-01 09:30:00-05:00,16.780000686645508,17.76740074157715,16.780000686645508,17.76740074157715,5932,0.0,0.0
2024-02-01 10:30:00-05:00,17.700000762939453,17.700000762939453,17.079999923706055,17.079999923706055,3337,0.0,0.0
2024-02-01 11:30:00-05:00,17.12019920349121,17.12019920349121,16.760000228881836,16.760000228881836,5058,0.0,0.0
2024-02-01 12:30:00-05:00,16.75,16.899999618530273,16.579999923706055,16.75,2848,0.0,0.0
2024-02-01 13:30:00-05:00,16.75,17.010000228881836,16.6200008392334,17.010000228881836,1500,0.0,0.0
2024-02-01 14:30:00-05:00,16.850000381469727,17.290000915527344,16.850000381469727,17.290000915527344,2973,0.0,0.0
2024-02-01 15:30:00-05:00,17.270000457763672,17.270000457763672,16.84000015258789,16.850000381469727,2901,0.0,0.0
2024-02-02 09:30:00-05:00,16.8700008392334,17.5,16.8700008392334,17.049999237060547,4145,0.0,0.0
2024-02-02 10:30:00-05:00,17.149999618530273,17.200000762939453,16.860000610351562,16.860000610351562,1456,0.0,0.0
2024-02-02 11:30:00-05:00,17.110000610351562,17.110000610351562,17.028200149536133,17.028200149536133,909,0.0,0.0
2024-02-02 12:30:00-05:00,16.989999771118164,17.040000915527344,16.950000762939453,17.040000915527344,3908,0.0,0.0
2024-02-02 15:30:00-05:00,16.90999984741211,16.950000762939453,16.760000228881836,16.760000228881836,2696,0.0,0.0
2024-02-05 09:30:00-05:00,17.229999542236328,17.229999542236328,16.729999542236328,16.790000915527344,3763,0.0,0.0
2024-02-05 10:30:00-05:00,16.790000915527344,16.790000915527344,16.790000915527344,16.790000915527344,340,0.0,0.0
2024-02-05 11:30:00-05:00,16.565000534057617,16.93000030517578,16.565000534057617,16.722700119018555,779,0.0,0.0
2024-02-05 12:30:00-05:00,16.93000030517578,16.93000030517578,16.93000030517578,16.93000030517578,310,0.0,0.0
2024-02-05 13:30:00-05:00,17.110000610351562,17.110000610351562,16.700000762939453,16.700000762939453,442,0.0,0.0
2024-02-05 14:30:00-05:00,16.680099487304688,17.32550048828125,16.680099487304688,17.280000686645508,2208,0.0,0.0
2024-02-05 15:30:00-05:00,17.079999923706055,17.079999923706055,16.829999923706055,16.829999923706055,2687,0.0,0.0
2024-02-06 11:30:00-05:00,17.21500015258789,17.229999542236328,17.100000381469727,17.229999542236328,2957,0.0,0.0
2024-02-06 12:30:00-05:00,17.200000762939453,17.610000610351562,17.200000762939453,17.549999237060547,4676,0.0,0.0
2024-02-06 13:30:00-05:00,17.690000534057617,17.80500030517578,17.565000534057617,17.665000915527344,5161,0.0,0.0
2024-02-06 14:30:00-05:00,17.665000915527344,17.665000915527344,17.619600296020508,17.639999389648438,1093,0.0,0.0
2024-02-06 15:30:00-05:00,17.6200008392334,17.649999618530273,17.209999084472656,17.209999084472656,3523,0.0,0.0
2024-02-07 09:30:00-05:00,17.31999969482422,17.31999969482422,17.31999969482422,17.31999969482422,1061,0.0,0.0
2024-02-07 10:30:00-05:00,17.280000686645508,17.4950008392334,17.190000534057617,17.190000534057617,6062,0.0,0.0
2024-02-07 11:30:00-05:00,17.200000762939453,17.239999771118164,17.100000381469727,17.100000381469727,1415,0.0,0.0
2024-02-07 12:30:00-05:00,17.1299991607666,17.139999389648438,17.1299991607666,17.139999389648438,1372,0.0,0.0
2024-02-07 13:30:00-05:00,17.110000610351562,17.110000610351562,16.649999618530273,16.649999618530273,4563,0.0,0.0
2024-02-07 15:30:00-05:00,16.68000030517578,16.68000030517578,16.350000381469727,16.350000381469727,1525,0.0,0.0
2024-02-08 09:30:00-05:00,16.510000228881836,16.510000228881836,16.229999542236328,16.229999542236328,1656,0.0,0.0
2024-02-08 10:30:00-05:00,16.420000076293945,16.43000030517578,15.960000038146973,15.960000038146973,857,0.0,0.0
2024-02-08 11:30:00-05:00,15.949999809265137,15.949999809265137,15.890000343322754,15.890000343322754,798,0.0,0.0
2024-02-08 12:30:00-05:00,15.880000114440918,15.880000114440918,15.75,15.75,913,0.0,0.0
2024-02-08 13:30:00-05:00,15.949999809265137,15.949999809265137,15.949999809265137,15.949999809265137,300,0.0,0.0
2024-02-08 14:30:00-05:00,15.890000343322754,15.890000343322754,15.890000343322754,15.890000343322754,558,0.0,0.0
2024-02-08 15:30:00-05:00,15.75,15.75,15.5,15.5,2917,0.0,0.0
2024-02-09 09:30:00-05:00,15.720000267028809,15.720000267028809,15.550000190734863,15.550000190734863,615,0.0,0.0
2024-02-09 10:30:00-05:00,15.710000038146973,15.710000038146973,15.710000038146973,15.710000038146973,777,0.0,0.0
2024-02-09 12:30:00-05:00,15.399999618530273,15.399999618530273,15.399999618530273,15.399999618530273,728,0.0,0.0
2024-02-09 13:30:00-05:00,15.710000038146973,15.710000038146973,15.710000038146973,15.710000038146973,659,0.0,0.0
2024-02-09 14:30:00-05:00,15.670000076293945,15.725000381469727,15.537400245666504,15.725000381469727,2194,0.0,0.0
2024-02-09 15:30:00-05:00,15.609999656677246,15.609999656677246,15.369999885559082,15.579999923706055,1976,0.0,0.0
2024-02-12 10:30:00-05:00,15.937299728393555,15.937299728393555,15.660099983215332,15.660099983215332,1398,0.0,0.0
2024-02-12 11:30:00-05:00,15.64009952545166,15.64009952545166,15.64009952545166,15.64009952545166,499,0.0,0.0
2024-02-12 12:30:00-05:00,16.0,16.0,16.0,16.0,1060,0.0,0.0
2024-02-12 13:30:00-05:00,16.170000076293945,16.170000076293945,16.170000076293945,16.170000076293945,598,0.0,0.0
2024-02-12 14:30:00-05:00,16.40999984741211,17.06999969482422,16.40999984741211,16.850000381469727,4095,0.0,0.0
2024-02-12 15:30:00-05:00,16.760000228881836,16.989900588989258,16.540000915527344,16.864999771118164,6388,0.0,0.0
2024-02-13 09:30:00-05:00,16.299999237060547,16.299999237060547,16.299999237060547,16.299999237060547,723,0.0,0.0
2024-02-13 10:30:00-05:00,16.265100479125977,16.265100479125977,16.265100479125977,16.265100479125977,896,0.0,0.0
2024-02-13 11:30:00-05:00,16.0,16.0,16.0,16.0,446,0.0,0.0
2024-02-13 12:30:00-05:00,15.979999542236328,15.979999542236328,15.979999542236328,15.979999542236328,258,0.0,0.0
2024-02-13 13:30:00-05:00,15.747400283813477,15.747400283813477,15.747400283813477,15.747400283813477,184,0.0,0.0
2024-02-13 14:30:00-05:00,15.65999984741211,15.65999984741211,15.130000114440918,15.130000114440918,2243,0.0,0.0
2024-02-13 15:30:00-05:00,15.109999656677246,15.520000457763672,15.100000381469727,15.15999984741211,10566,0.0,0.0
2024-02-14 09:30:00-05:00,15.029999732971191,15.555700302124023,15.029999732971191,15.300000190734863,2909,0.0,0.0
2024-02-14 10:30:00-05:00,15.289999961853027,15.37909984588623,15.21780014038086,15.370800018310547,1459,0.0,0.0
2024-02-14 12:30:00-05:00,15.345000267028809,15.359000205993652,15.25,15.25,948,0.0,0.0
2024-02-14 13:30:00-05:00,15.229999542236328,15.859999656677246,15.0600004196167,15.859999656677246,8487,0.0,0.0
2024-02-14 14:30:00-05:00,15.779999732971191,16.25,15.467000007629395,15.467000007629395,17564,0.0,0.0
2024-02-14 15:30:00-05:00,15.829999923706055,15.84000015258789,15.40999984741211,15.449999809265137,1019,0.0,0.0
2024-02-15 09:30:00-05:00,15.470000267028809,15.899999618530273,15.34000015258789,15.899999618530273,8829,0.0,0.0
2024-02-15 10:30:00-05:00,15.850000381469727,16.020000457763672,15.800000190734863,16.020000457763672,5147,0.0,0.0
2024-02-15 11:30:00-05:00,16.05660057067871,16.389999389648438,16.05660057067871,16.389999389648438,830,0.0,0.0
2024-02-15 12:30:00-05:00,16.389999389648438,16.760000228881836,16.350000381469727,16.760000228881836,3131,0.0,0.0
2024-02-15 13:30:00-05:00,16.770000457763672,16.959999084472656,16.764999389648438,16.959999084472656,794,0.0,0.0
2024-02-15 14:30:00-05:00,17.020000457763672,17.085899353027344,16.934999465942383,16.934999465942383,4006,0.0,0.0
2024-02-15 15:30:00-05:00,16.905000686645508,17.510000228881836,16.905000686645508,17.270000457763672,3658,0.0,0.0
2024-02-16 09:30:00-05:00,17.6299991607666,17.6299991607666,16.90999984741211,17.34000015258789,4625,0.0,0.0
2024-02-16 10:30:00-05:00,17.329999923706055,17.329999923706055,17.329999923706055,17.329999923706055,649,0.0,0.0
2024-02-16 12:30:00-05:00,16.8799991607666,17.200000762939453,16.8799991607666,17.200000762939453,525,0.0,0.0
2024-02-16 13:30:00-05:00,16.936100006103516,17.0,16.936100006103516,17.0,908,0.0,0.0
2024-02-16 14:30:00-05:00,17.010000228881836,17.010000228881836,17.010000228881836,17.010000228881836,483,0.0,0.0
2024-02-16 15:30:00-05:00,16.8799991607666,16.950000762939453,16.8799991607666,16.950000762939453,726,0.0,0.0
2024-02-20 09:30:00-05:00,17.1299991607666,17.149999618530273,16.979999542236328,16.979999542236328,4299,0.0,0.0
2024-02-20 10:30:00-05:00,16.799999237060547,16.81999969482422,16.3799991607666,16.3843994140625,4827,0.0,0.0
2024-02-20 11:30:00-05:00,16.43000030517578,16.43000030517578,16.43000030517578,16.43000030517578,583,0.0,0.0
2024-02-20 12:30:00-05:00,16.25,16.5,16.010000228881836,16.5,5221,0.0,0.0
2024-02-20 13:30:00-05:00,16.399900436401367,16.610000610351562,16.399900436401367,16.610000610351562,3050,0.0,0.0
2024-02-20 14:30:00-05:00,16.450000762939453,16.450000762939453,16.21299934387207,16.21299934387207,716,0.0,0.0
2024-02-20 15:30:00-05:00,16.209999084472656,16.25,16.0,16.209999084472656,3223,0.0,0.0
2024-02-21 09:30:00-05:00,16.468299865722656,16.468299865722656,16.468299865722656,16.468299865722656,812,0.0,0.0
2024-02-21 10:30:00-05:00,16.020000457763672,16.020000457763672,16.020000457763672,16.020000457763672,1158,0.0,0.0
2024-02-21 15:30:00-05:00,15.899999618530273,15.899999618530273,15.899999618530273,15.899999618530273,452,0.0,0.0
2024-02-22 09:30:00-05:00,16.309999465942383,16.309999465942383,16.309999465942383,16.309999465942383,2116,0.0,0.0
2024-02-22 10:30:00-05:00,16.450000762939453,16.450000762939453,16.450000762939453,16.450000762939453,260,0.0,0.0
2024-02-22 11:30:00-05:00,16.450000762939453,16.5,16.450000762939453,16.450000762939453,1803,0.0,0.0
2024-02-22 14:30:00-05:00,16.260000228881836,16.260000228881836,16.260000228881836,16.260000228881836,654,0.0,0.0
2024-02-22 15:30:00-05:00,16.28499984741211,16.28499984741211,16.28499984741211,16.28499984741211,119,0.0,0.0
2024-02-23 09:30:00-05:00,16.139999389648438,16.139999389648438,15.760000228881836,15.800000190734863,2597,0.0,0.0
2024-02-23 10:30:00-05:00,15.989999771118164,15.989999771118164,15.819999694824219,15.819999694824219,568,0.0,0.0
2024-02-23 11:30:00-05:00,15.949999809265137,15.949999809265137,15.949999809265137,15.949999809265137,993,0.0,0.0
2024-02-23 12:30:00-05:00,16.0,16.059999465942383,16.0,16.059999465942383,1559,0.0,0.0
2024-02-23 13:30:00-05:00,16.139999389648438,16.139999389648438,16.139999389648438,16.139999389648438,383,0.0,0.0
2024-02-23 14:30:00-05:00,16.15999984741211,16.33989906311035,16.15999984741211,16.33989906311035,1809,0.0,0.0
2024-02-26 09:30:00-05:00,16.1299991607666,16.1299991607666,16.1299991607666,16.1299991607666,361,0.0,0.0
2024-02-26 10:30:00-05:00,16.204999923706055,16.540000915527344,16.149999618530273,16.399999618530273,2580,0.0,0.0
2024-02-26 11:30:00-05:00,16.5,16.559999465942383,16.5,16.559999465942383,1577,0.0,0.0
2024-02-26 12:30:00-05:00,16.719999313354492,16.979999542236328,16.719999313354492,16.979999542236328,1458,0.0,0.0
2024-02-26 13:30:00-05:00,16.780000686645508,16.829999923706055,16.719999313354492,16.829999923706055,2940,0.0,0.0
2024-02-26 14:30:00-05:00,16.969999313354492,17.049999237060547,16.739999771118164,16.739999771118164,4478,0.0,0.0
2024-02-26 15:30:00-05:00,16.81999969482422,17.020000457763672,16.56999969482422,16.739999771118164,1464,0.0,0.0
2024-02-27 09:30:00-05:00,16.56999969482422,16.56999969482422,16.56999969482422,16.56999969482422,1401,0.0,0.0
2024-02-27 11:30:00-05:00,16.020000457763672,16.020000457763672,16.020000457763672,16.020000457763672,1196,0.0,0.0
2024-02-27 14:30:00-05:00,16.199899673461914,16.199899673461914,16.020000457763672,16.024999618530273,1268,0.0,0.0
2024-02-27 15:30:00-05:00,16.0049991607666,16.0049991607666,16.0,16.0,1191,0.0,0.0
2024-02-28 09:30:00-05:00,15.800000190734863,16.149999618530273,15.800000190734863,16.149999618530273,1415,0.0,0.0
2024-02-28 10:30:00-05:00,16.200000762939453,16.200000762939453,16.200000762939453,16.200000762939453,489,0.0,0.0
2024-02-28 12:30:00-05:00,16.209999084472656,16.25,16.0,16.25,1291,0.0,0.0
2024-02-28 13:30:00-05:00,16.600000381469727,16.989999771118164,16.528900146484375,16.528900146484375,1866,0.0,0.0
2024-02-28 14:30:00-05:00,17.239999771118164,17.239999771118164,16.760000228881836,16.969999313354492,2163,0.0,0.0
2024-02-28 15:30:00-05:00,16.969900131225586,16.969900131225586,16.514999389648438,16.514999389648438,654,0.0,0.0
2024-02-29 09:30:00-05:00,17.079999923706055,17.274999618530273,16.969999313354492,17.15999984741211,2747,0.0,0.0
2024-02-29 10:30:00-05:00,16.834999084472656,16.927499771118164,16.834999084472656,16.927499771118164,859,0.0,0.0
2024-02-29 11:30:00-05:00,16.93000030517578,16.940000534057617,16.68000030517578,16.68000030517578,1065,0.0,0.0
2024-02-29 12:30:00-05:00,16.780000686645508,16.899999618530273,16.780000686645508,16.899999618530273,1690,0.0,0.0
2024-02-29 14:30:00-05:00,16.950000762939453,16.950000762939453,16.690000534057617,16.690000534057617,1328,0.0,0.0
2024-02-29 15:30:00-05:00,16.950000762939453,17.04400062561035,16.829999923706055,17.04400062561035,1626,0.0,0.0
2024-03-01 09:30:00-05:00,17.0,17.450000762939453,17.0,17.450000762939453,1433,0.0,0.0
2024-03-01 10:30:00-05:00,17.610000610351562,18.100000381469727,17.510099411010742,18.100000381469727,5952,0.0,0.0
2024-03-01 11:30:00-05:00,18.1200008392334,18.18000030517578,18.094999313354492,18.18000030517578,1081,0.0,0.0
2024-03-01 12:30:00-05:00,18.209999084472656,18.299999237060547,18.209999084472656,18.280000686645508,1169,0.0,0.0
2024-03-01 13:30:00-05:00,18.34000015258789,18.34000015258789,18.100000381469727,18.299999237060547,4166,0.0,0.0
2024-03-01 14:30:00-05:00,18.459999084472656,18.459999084472656,18.100000381469727,18.100000381469727,2582,0.0,0.0
2024-03-01 15:30:00-05:00,18.100000381469727,18.25,18.049999237060547,18.249900817871094,6101,0.0,0.0
2024-03-04 09:30:00-05:00,18.450000762939453,18.450000762939453,18.25,18.299999237060547,2861,0.0,0.0
2024-03-04 10:30:00-05:00,18.379899978637695,18.379899978637695,17.700000762939453,17.81999969482422,4272,0.0,0.0
2024-03-04 11:30:00-05:00,17.700000762939453,17.886499404907227,17.540000915527344,17.75,2705,0.0,0.0
2024-03-04 12:30:00-05:00,17.809999465942383,17.81999969482422,17.540000915527344,17.81999969482422,1759,0.0,0.0
2024-03-04 13:30:00-05:00,17.75,18.200000762939453,17.610000610351562,18.187000274658203,5487,0.0,0.0
2024-03-04 14:30:00-05:00,18.170000076293945,18.170000076293945,18.100000381469727,18.100000381469727,2368,0.0,0.0
2024-03-04 15:30:00-05:00,17.90999984741211,17.989999771118164,17.889999389648438,17.96500015258789,3017,0.0,0.0
2024-03-05 09:30:00-05:00,18.350000381469727,18.3700008392334,18.043800354003906,18.3700008392334,4386,0.0,0.0
2024-03-05 10:30:00-05:00,18.34000015258789,18.34000015258789,18.1200008392334,18.1200008392334,793,0.0,0.0
2024-03-05 11:30:00-05:00,18.239999771118164,18.25,18.239999771118164,18.25,1725,0.0,0.0
2024-03-05 12:30:00-05:00,18.25,18.389999389648438,18.25,18.389999389648438,2045,0.0,0.0
2024-03-05 13:30:00-05:00,18.375,18.469900131225586,18.375,18.469900131225586,1237,0.0,0.0
2024-03-05 14:30:00-05:00,18.469999313354492,18.59000015258789,18.38920021057129,18.5,3215,0.0,0.0
2024-03-05 15:30:00-05:00,18.489999771118164,18.489999771118164,18.489999771118164,18.489999771118164,714,0.0,0.0
2024-03-06 09:30:00-05:00,18.770000457763672,19.5,18.770000457763672,19.5,1970,0.0,0.0
2024-03-06 10:30:00-05:00,19.334999084472656,20.0,19.325000762939453,19.90999984741211,8934,0.0,0.0
2024-03-06 11:30:00-05:00,20.020000457763672,20.29599952697754,19.8257999420166,19.889999389648438,7569,0.0,0.0
2024-03-06 12:30:00-05:00,20.096500396728516,20.170000076293945,19.920000076293945,20.001399993896484,4237,0.0,0.0
2024-03-06 13:30:00-05:00,20.049999237060547,20.049999237060547,19.765199661254883,19.828800201416016,5885,0.0,0.0
2024-03-06 14:30:00-05:00,19.610000610351562,19.75,19.5,19.709999084472656,1563,0.0,0.0
2024-03-06 15:30:00-05:00,19.719999313354492,19.899999618530273,19.670000076293945,19.729999542236328,2959,0.0,0.0
2024-03-07 09:30:00-05:00,20.399999618530273,20.425600051879883,20.0,20.094999313354492,3425,0.0,0.0
2024-03-07 10:30:00-05:00,20.100000381469727,20.100000381469727,19.899999618530273,19.899999618530273,1579,0.0,0.0
2024-03-07 11:30:00-05:00,19.739999771118164,19.895000457763672,19.739999771118164,19.7450008392334,1019,0.0,0.0
2024-03-07 12:30:00-05:00,19.753799438476562,20.0,19.753799438476562,20.0,2608,0.0,0.0
2024-03-07 13:30:00-05:00,20.135000228881836,20.34000015258789,20.0,20.0,3982,0.0,0.0
2024-03-07 14:30:00-05:00,20.0,20.0,19.649999618530273,19.649999618530273,2489,0.0,0.0
2024-03-07 15:30:00-05:00,19.59000015258789,19.600000381469727,19.34000015258789,19.34000015258789,6906,0.0,0.0
2024-03-08 09:30:00-05:00,19.399999618530273,20.200000762939453,19.399999618530273,20.050100326538086,5655,0.0,0.0
2024-03-08 10:30:00-05:00,19.899999618530273,19.899999618530273,19.6299991607666,19.637500762939453,2713,0.0,0.0
2024-03-08 11:30:00-05:00,19.56999969482422,19.56999969482422,19.5,19.5,932,0.0,0.0
2024-03-08 12:30:00-05:00,19.5,19.5,19.5,19.5,2502,0.0,0.0
2024-03-08 13:30:00-05:00,19.559999465942383,19.559999465942383,19.559999465942383,19.559999465942383,541,0.0,0.0
2024-03-08 14:30:00-05:00,19.735000610351562,19.81999969482422,19.600000381469727,19.81999969482422,2934,0.0,0.0
2024-03-08 15:30:00-05:00,19.850000381469727,20.80500030517578,19.850000381469727,20.790000915527344,5686,0.0,0.0
2024-03-11 09:30:00-04:00,20.649999618530273,20.88990020751953,20.40019989013672,20.88990020751953,2961,0.0,0.0
2024-03-11 10:30:00-04:00,20.639999389648438,20.860000610351562,20.639999389648438,20.844999313354492,1808,0.0,0.0
2024-03-11 11:30:00-04:00,20.79640007019043,21.0,20.71150016784668,20.850000381469727,3142,0.0,0.0
2024-03-11 13:30:00-04:00,21.0,21.479999542236328,21.0,21.479999542236328,3387,0.0,0.0
2024-03-11 14:30:00-04:00,21.45159912109375,21.850000381469727,21.299999237060547,21.850000381469727,9494,0.0,0.0
2024-03-11 15:30:00-04:00,21.854999542236328,22.0,21.854999542236328,22.0,4492,0.0,0.0
2024-03-12 09:30:00-04:00,22.15999984741211,22.15999984741211,21.149999618530273,21.149999618530273,2743,0.0,0.0
2024-03-12 10:30:00-04:00,21.0,21.18000030517578,21.0,21.18000030517578,1542,0.0,0.0
2024-03-12 11:30:00-04:00,21.25,21.25,20.559999465942383,20.700000762939453,2757,0.0,0.0
2024-03-12 12:30:00-04:00,20.526199340820312,20.526199340820312,20.526199340820312,20.526199340820312,1150,0.0,0.0
2024-03-12 13:30:00-04:00,20.84000015258789,20.84000015258789,20.799999237060547,20.799999237060547,1903,0.0,0.0
2024-03-12 14:30:00-04:00,20.946399688720703,20.950000762939453,20.88599967956543,20.88599967956543,1678,0.0,0.0
2024-03-12 15:30:00-04:00,20.770000457763672,20.770000457763672,20.770000457763672,20.770000457763672,291,0.0,0.0
2024-03-13 09:30:00-04:00,20.790000915527344,20.790000915527344,20.719999313354492,20.719999313354492,973,0.0,0.0
2024-03-13 10:30:00-04:00,20.707500457763672,20.707500457763672,20.707500457763672,20.707500457763672,366,0.0,0.0
2024-03-13 11:30:00-04:00,20.72319984436035,20.72319984436035,20.510000228881836,20.610000610351562,3113,0.0,0.0
2024-03-13 12:30:00-04:00,20.604999542236328,20.8700008392334,20.604999542236328,20.8700008392334,1917,0.0,0.0
2024-03-13 13:30:00-04:00,21.097999572753906,21.429899215698242,21.097999572753906,21.429899215698242,764,0.0,0.0
2024-03-13 14:30:00-04:00,21.690000534057617,21.690000534057617,21.690000534057617,21.690000534057617,1358,0.0,0.0
2024-03-13 15:30:00-04:00,21.34000015258789,21.34000015258789,21.190000534057617,21.190000534057617,1536,0.0,0.0
2024-03-14 09:30:00-04:00,21.059999465942383,21.690000534057617,20.84000015258789,21.635000228881836,2820,0.0,0.0
2024-03-14 10:30:00-04:00,21.600000381469727,21.889999389648438,21.309999465942383,21.469999313354492,3846,0.0,0.0
2024-03-14 11:30:00-04:00,21.66990089416504,21.66990089416504,21.581600189208984,21.581600189208984,1059,0.0,0.0
2024-03-14 12:30:00-04:00,21.6299991607666,21.6299991607666,21.51799964904785,21.51799964904785,710,0.0,0.0
2024-03-14 13:30:00-04:00,21.579999923706055,21.579999923706055,21.559499740600586,21.559999465942383,1708,0.0,0.0
2024-03-14 14:30:00-04:00,21.690000534057617,21.690000534057617,21.690000534057617,21.690000534057617,1149,0.0,0.0
2024-03-14 15:30:00-04:00,21.399999618530273,21.4950008392334,21.309999465942383,21.309999465942383,5050,0.0,0.0
2024-03-15 09:30:00-04:00,20.959999084472656,21.239999771118164,20.81999969482422,20.820100784301758,13293,0.0,0.0
2024-03-15 10:30:00-04:00,21.219999313354492,21.30500030517578,21.219999313354492,21.30500030517578,624,0.0,0.0
2024-03-15 11:30:00-04:00,21.257999420166016,22.219999313354492,21.257999420166016,21.979999542236328,5538,0.0,0.0
2024-03-15 12:30:00-04:00,22.110000610351562,22.219999313354492,21.770000457763672,21.770000457763672,3892,0.0,0.0
2024-03-15 13:30:00-04:00,22.139999389648438,22.139999389648438,21.90999984741211,21.90999984741211,1695,0.0,0.0
2024-03-15 14:30:00-04:00,22.149999618530273,23.530000686645508,22.149999618530273,23.174999237060547,11497,0.0,0.0
2024-03-15 15:30:00-04:00,23.030000686645508,23.899999618530273,23.030000686645508,23.540000915527344,13719,0.0,0.0
2024-03-18 09:30:00-04:00,23.989999771118164,23.989999771118164,21.899999618530273,21.899999618530273,10379,0.0,0.0
2024-03-18 10:30:00-04:00,21.82670021057129,21.82670021057129,21.790000915527344,21.790000915527344,1072,0.0,0.0
2024-03-18 11:30:00-04:00,21.464099884033203,21.75,21.464099884033203,21.75,1009,0.0,0.0
2024-03-18 12:30:00-04:00,21.690000534057617,21.690000534057617,21.690000534057617,21.690000534057617,480,0.0,0.0
2024-03-18 13:30:00-04:00,21.649999618530273,22.049999237060547,21.649999618530273,21.690000534057617,19816,0.0,0.0
2024-03-18 14:30:00-04:00,21.90999984741211,21.989999771118164,21.829999923706055,21.989999771118164,1582,0.0,0.0
2024-03-18 15:30:00-04:00,21.938400268554688,21.938400268554688,21.479999542236328,21.479999542236328,3533,0.0,0.0
2024-03-19 09:30:00-04:00,21.399999618530273,21.399999618530273,20.899999618530273,20.899999618530273,6676,0.0,0.0
2024-03-19 11:30:00-04:00,20.68000030517578,20.809999465942383,20.68000030517578,20.809999465942383,889,0.0,0.0
2024-03-19 12:30:00-04:00,20.780000686645508,20.780000686645508,20.645000457763672,20.645000457763672,1208,0.0,0.0
2024-03-19 13:30:00-04:00,20.594999313354492,20.68000030517578,20.594999313354492,20.68000030517578,1147,0.0,0.0
2024-03-19 14:30:00-04:00,20.649999618530273,20.649999618530273,20.584999084472656,20.584999084472656,751,0.0,0.0
2024-03-19 15:30:00-04:00,20.530000686645508,20.565000534057617,20.3799991607666,20.440000534057617,4630,0.0,0.0
2024-03-20 09:30:00-04:00,20.43000030517578,20.43000030517578,20.030000686645508,20.030000686645508,0,0.0,0.0
2024-03-20 10:30:00-04:00,20.030000686645508,20.388999938964844,20.030000686645508,20.219999313354492,958,0.0,0.0
2024-03-20 11:30:00-04:00,20.3799991607666,20.69499969482422,20.09000015258789,20.09000015258789,696,0.0,0.0
2024-03-20 12:30:00-04:00,20.059999465942383,20.09000015258789,20.059999465942383,20.09000015258789,564,0.0,0.0
2024-03-20 13:30:00-04:00,20.25,20.815000534057617,20.25,20.815000534057617,2142,0.0,0.0
2024-03-20 14:30:00-04:00,20.329999923706055,20.979999542236328,20.329999923706055,20.979999542236328,2597,0.0,0.0
2024-03-20 15:30:00-04:00,20.875,20.8799991607666,20.610000610351562,20.610000610351562,2290,0.0,0.0
2024-03-21 09:30:00-04:00,21.0,21.0,20.155500411987305,20.5,3795,0.0,0.0
2024-03-21 10:30:00-04:00,20.513900756835938,21.18000030517578,20.513900756835938,20.8799991607666,13509,0.0,0.0
2024-03-21 11:30:00-04:00,20.875,20.87529945373535,20.550600051879883,20.87529945373535,3461,0.0,0.0
2024-03-21 12:30:00-04:00,20.5,20.5,20.170000076293945,20.442800521850586,3281,0.0,0.0
2024-03-21 13:30:00-04:00,20.43000030517578,20.60890007019043,20.1200008392334,20.1200008392334,3912,0.0,0.0
2024-03-21 14:30:00-04:00,20.223600387573242,20.223600387573242,20.223600387573242,20.223600387573242,538,0.0,0.0
2024-03-21 15:30:00-04:00,20.40999984741211,20.40999984741211,20.25,20.25,2135,0.0,0.0
2024-03-22 09:30:00-04:00,20.520000457763672,20.520000457763672,19.950000762939453,19.950000762939453,2403,0.0,0.0
2024-03-22 10:30:00-04:00,20.270000457763672,20.270000457763672,19.029600143432617,19.692100524902344,5452,0.0,0.0
2024-03-22 11:30:00-04:00,19.700000762939453,19.979999542236328,19.219999313354492,19.700000762939453,3213,0.0,0.0
2024-03-22 12:30:00-04:00,19.719999313354492,20.549999237060547,19.700000762939453,20.111499786376953,7182,0.0,0.0
2024-03-22 13:30:00-04:00,20.270000457763672,20.510000228881836,20.270000457763672,20.5,1824,0.0,0.0
2024-03-22 14:30:00-04:00,20.599000930786133,20.836999893188477,20.434999465942383,20.434999465942383,5102,0.0,0.0
2024-03-22 15:30:00-04:00,20.559999465942383,20.559999465942383,20.100000381469727,20.329999923706055,4594,0.0,0.0
2024-03-25 09:30:00-04:00,20.8700008392334,20.8700008392334,20.450000762939453,20.799999237060547,3413,0.0,0.0
2024-03-25 10:30:00-04:00,20.222700119018555,20.488500595092773,20.222700119018555,20.365400314331055,844,0.0,0.0
2024-03-25 11:30:00-04:00,20.459999084472656,20.670000076293945,20.459999084472656,20.670000076293945,652,0.0,0.0
2024-03-25 12:30:00-04:00,20.889999389648438,20.889999389648438,20.75,20.75,699,0.0,0.0
2024-03-25 13:30:00-04:00,20.75,20.899999618530273,20.584999084472656,20.639999389648438,4210,0.0,0.0
2024-03-25 14:30:00-04:00,20.540000915527344,20.540000915527344,20.510000228881836,20.510000228881836,598,0.0,0.0
2024-03-25 15:30:00-04:00,20.635000228881836,20.635000228881836,20.635000228881836,20.635000228881836,200,0.0,0.0
2024-03-26 09:30:00-04:00,20.239999771118164,20.239999771118164,19.514999389648438,19.514999389648438,2469,0.0,0.0
2024-03-26 10:30:00-04:00,19.520000457763672,19.520000457763672,19.5,19.5,2804,0.0,0.0
2024-03-26 12:30:00-04:00,19.450000762939453,19.450000762939453,19.450000762939453,19.450000762939453,1084,0.0,0.0
2024-03-26 14:30:00-04:00,19.540000915527344,20.0,19.540000915527344,20.0,1896,0.0,0.0
2024-03-26 15:30:00-04:00,20.049999237060547,20.049999237060547,19.875,19.875,611,0.0,0.0
2024-03-27 09:30:00-04:00,19.649999618530273,19.719999313354492,19.43000030517578,19.528600692749023,3125,0.0,0.0
2024-03-27 10:30:00-04:00,19.778200149536133,19.778200149536133,19.778200149536133,19.778200149536133,1794,0.0,0.0
2024-03-27 11:30:00-04:00,19.540000915527344,19.540000915527344,19.540000915527344,19.540000915527344,1009,0.0,0.0
2024-03-27 12:30:00-04:00,19.529800415039062,19.529800415039062,19.354000091552734,19.354999542236328,3216,0.0,0.0
2024-03-27 13:30:00-04:00,19.350000381469727,19.450000762939453,19.34000015258789,19.450000762939453,1689,0.0,0.0
2024-03-27 14:30:00-04:00,19.256799697875977,19.299999237060547,19.256799697875977,19.299999237060547,2372,0.0,0.0
2024-03-27 15:30:00-04:00,19.219999313354492,19.440000534057617,19.040000915527344,19.440000534057617,6370,0.0,0.0
2024-03-28 09:30:00-04:00,19.399999618530273,19.8799991607666,19.399999618530273,19.440000534057617,3714,0.0,0.0
2024-03-28 10:30:00-04:00,19.479999542236328,20.5,19.440000534057617,20.3799991607666,4701,0.0,0.0
2024-03-28 11:30:00-04:00,20.110000610351562,20.25,19.709999084472656,19.709999084472656,1942,0.0,0.0
2024-03-28 12:30:00-04:00,19.6299991607666,19.829999923706055,19.6299991607666,19.829999923706055,305,0.0,0.0
2024-03-28 13:30:00-04:00,19.489999771118164,20.170000076293945,19.459999084472656,20.159900665283203,1817,0.0,0.0
2024-03-28 14:30:00-04:00,19.5,20.25,19.5,20.0,2935,0.0,0.0
2024-03-28 15:30:00-04:00,19.459999084472656,20.18000030517578,19.459999084472656,19.489999771118164,6904,0.0,0.0
2024-04-01 09:30:00-04:00,20.049999237060547,20.450000762939453,19.920000076293945,20.389999389648438,14179,0.0,0.0
2024-04-01 10:30:00-04:00,20.389999389648438,20.459999084472656,19.93000030517578,20.190000534057617,6850,0.0,0.0
2024-04-01 11:30:00-04:00,20.18000030517578,20.25,19.8700008392334,20.110000610351562,2861,0.0,0.0
2024-04-01 12:30:00-04:00,20.18000030517578,20.225000381469727,19.8799991607666,20.225000381469727,4293,0.0,0.0
2024-04-01 13:30:00-04:00,20.0,20.219999313354492,19.899999618530273,19.899999618530273,2024,0.0,0.0
2024-04-01 14:30:00-04:00,20.0,20.0,19.899999618530273,20.0,6910,0.0,0.0
2024-04-01 15:30:00-04:00,19.989999771118164,20.0,19.700000762939453,19.700000762939453,9092,0.0,0.0
2024-04-02 09:30:00-04:00,19.75,19.802000045776367,19.5,19.549999237060547,5671,0.0,0.0
2024-04-02 10:30:00-04:00,19.549999237060547,19.940000534057617,19.09000015258789,19.299999237060547,7465,0.0,0.0
2024-04-02 11:30:00-04:00,19.0,19.0,18.586599349975586,18.72480010986328,2650,0.0,0.0
2024-04-02 12:30:00-04:00,18.139999389648438,18.479999542236328,18.010000228881836,18.479999542236328,3955,0.0,0.0
2024-04-02 13:30:00-04:00,18.31999969482422,18.84000015258789,18.31999969482422,18.610000610351562,2382,0.0,0.0
2024-04-02 14:30:00-04:00,18.610000610351562,19.34000015258789,18.31999969482422,18.829999923706055,8670,0.0,0.0
2024-04-02 15:30:00-04:00,18.799999237060547,19.25,18.68000030517578,18.809999465942383,6633,0.0,0.0
2024-04-03 09:30:00-04:00,18.920000076293945,18.920000076293945,18.389999389648438,18.450000762939453,3120,0.0,0.0
2024-04-03 10:30:00-04:00,18.979999542236328,18.979999542236328,18.190000534057617,18.704999923706055,5808,0.0,0.0
2024-04-03 11:30:00-04:00,18.65999984741211,18.889999389648438,18.65999984741211,18.889999389648438,2374,0.0,0.0
2024-04-03 12:30:00-04:00,18.68000030517578,18.8799991607666,18.65999984741211,18.65999984741211,1447,0.0,0.0
2024-04-03 13:30:00-04:00,18.889999389648438,19.200000762939453,18.670000076293945,19.174999237060547,3307,0.0,0.0
2024-04-03 14:30:00-04:00,19.270000457763672,19.469999313354492,19.079999923706055,19.079999923706055,3696,0.0,0.0
2024-04-03 15:30:00-04:00,19.28499984741211,19.600000381469727,19.209999084472656,19.209999084472656,4758,0.0,0.0
2024-04-04 09:30:00-04:00,19.399999618530273,19.597900390625,19.010000228881836,19.350000381469727,4853,0.0,0.0
2024-04-04 10:30:00-04:00,19.350000381469727,19.739999771118164,19.06999969482422,19.534700393676758,7596,0.0,0.0
2024-04-04 11:30:00-04:00,19.260000228881836,19.799999237060547,19.260000228881836,19.655000686645508,3129,0.0,0.0
2024-04-04 12:30:00-04:00,19.3700008392334,19.6299991607666,19.360000610351562,19.3700008392334,2405,0.0,0.0
2024-04-04 13:30:00-04:00,19.600000381469727,19.999900817871094,19.389999389648438,19.389999389648438,3671,0.0,0.0
2024-04-04 14:30:00-04:00,19.520000457763672,19.93000030517578,19.520000457763672,19.84000015258789,5356,0.0,0.0
2024-04-04 15:30:00-04:00,19.760000228881836,19.940000534057617,19.530000686645508,19.645000457763672,6212,0.0,0.0
2024-04-05 09:30:00-04:00,19.65999984741211,19.999000549316406,19.520000457763672,19.530000686645508,5563,0.0,0.0
2024-04-05 10:30:00-04:00,19.520000457763672,20.56999969482422,19.520000457763672,20.56999969482422,34666,0.0,0.0
2024-04-05 11:30:00-04:00,20.56999969482422,20.77899932861328,19.670000076293945,19.770000457763672,16968,0.0,0.0
2024-04-05 12:30:00-04:00,19.600000381469727,20.290000915527344,19.559999465942383,19.899999618530273,9592,0.0,0.0
2024-04-05 13:30:00-04:00,20.020000457763672,20.219999313354492,19.81999969482422,20.010000228881836,5878,0.0,0.0
2024-04-05 14:30:00-04:00,20.139999389648438,20.18000030517578,20.0,20.1200008392334,6949,0.0,0.0
2024-04-05 15:30:00-04:00,20.020000457763672,20.25,20.0,20.0,10593,0.0,0.0
2024-04-08 09:30:00-04:00,20.079999923706055,20.6200008392334,19.5,19.719999313354492,9859,0.0,0.0
2024-04-08 10:30:00-04:00,19.799999237060547,19.950000762939453,19.350299835205078,19.559999465942383,9963,0.0,0.0
2024-04-08 11:30:00-04:00,19.540000915527344,19.545000076293945,19.190000534057617,19.545000076293945,6092,0.0,0.0
2024-04-08 12:30:00-04:00,19.73859977722168,19.760000228881836,19.3799991607666,19.760000228881836,6196,0.0,0.0
2024-04-08 13:30:00-04:00,19.989999771118164,19.989999771118164,19.520000457763672,19.950000762939453,2430,0.0,0.0
2024-04-08 14:30:00-04:00,19.579999923706055,19.899999618530273,19.549999237060547,19.65999984741211,2173,0.0,0.0
2024-04-08 15:30:00-04:00,19.670000076293945,19.780000686645508,19.440000534057617,19.65999984741211,3345,0.0,0.0
2024-04-09 09:30:00-04:00,19.5,19.94580078125,19.299999237060547,19.809600830078125,8429,0.0,0.0
2024-04-09 10:30:00-04:00,19.75,20.0,19.6200008392334,19.825000762939453,1601,0.0,0.0
2024-04-09 11:30:00-04:00,19.825000762939453,19.989999771118164,19.825000762939453,19.989999771118164,1325,0.0,0.0
2024-04-09 12:30:00-04:00,19.940000534057617,20.205900192260742,19.829999923706055,20.010000228881836,3839,0.0,0.0
2024-04-09 13:30:00-04:00,20.229999542236328,20.309999465942383,20.15999984741211,20.165000915527344,2618,0.0,0.0
2024-04-09 14:30:00-04:00,20.15999984741211,20.81999969482422,20.15999984741211,20.81999969482422,10581,0.0,0.0
2024-04-09 15:30:00-04:00,20.7549991607666,20.899999618530273,20.530000686645508,20.530000686645508,3153,0.0,0.0
2024-04-10 09:30:00-04:00,20.579999923706055,20.579999923706055,20.229999542236328,20.260000228881836,2640,0.0,0.0
2024-04-10 10:30:00-04:00,20.31999969482422,20.3700008392334,20.0,20.0,4596,0.0,0.0
2024-04-10 11:30:00-04:00,19.780000686645508,19.790000915527344,19.520000457763672,19.520000457763672,2138,0.0,0.0
2024-04-10 12:30:00-04:00,19.5,19.81999969482422,19.5,19.81999969482422,737,0.0,0.0
2024-04-10 13:30:00-04:00,19.324499130249023,19.545000076293945,19.324499130249023,19.545000076293945,948,0.0,0.0
2024-04-10 14:30:00-04:00,19.586000442504883,19.614999771118164,19.586000442504883,19.614999771118164,1560,0.0,0.0
2024-04-10 15:30:00-04:00,19.545000076293945,19.670000076293945,19.31999969482422,19.520000457763672,9039,0.0,0.0
2024-04-11 09:30:00-04:00,19.610000610351562,19.6200008392334,19.170000076293945,19.31999969482422,2323,0.0,0.0
2024-04-11 10:30:00-04:00,19.31999969482422,19.469900131225586,19.1200008392334,19.440000534057617,5243,0.0,0.0
2024-04-11 11:30:00-04:00,19.43000030517578,19.690000534057617,19.399999618530273,19.399999618530273,1293,0.0,0.0
2024-04-11 12:30:00-04:00,19.440000534057617,19.729999542236328,19.3799991607666,19.440000534057617,1799,0.0,0.0
2024-04-11 13:30:00-04:00,19.479999542236328,19.739900588989258,19.40999984741211,19.479999542236328,1514,0.0,0.0
2024-04-11 14:30:00-04:00,19.420000076293945,19.43000030517578,19.360000610351562,19.360000610351562,1329,0.0,0.0
2024-04-11 15:30:00-04:00,19.360000610351562,19.530399322509766,19.360000610351562,19.3700008392334,3794,0.0,0.0
2024-04-12 09:30:00-04:00,19.450000762939453,19.88640022277832,19.450000762939453,19.815000534057617,6569,0.0,0.0
2024-04-12 10:30:00-04:00,19.8799991607666,20.110000610351562,19.850000381469727,20.042400360107422,2085,0.0,0.0
2024-04-12 11:30:00-04:00,20.040000915527344,20.31999969482422,20.040000915527344,20.31999969482422,2805,0.0,0.0
2024-04-12 12:30:00-04:00,20.375,20.375,20.31999969482422,20.31999969482422,1168,0.0,0.0
2024-04-12 13:30:00-04:00,20.670000076293945,20.670000076293945,20.309999465942383,20.40999984741211,4076,0.0,0.0
2024-04-12 14:30:00-04:00,20.469999313354492,20.469999313354492,20.469999313354492,20.469999313354492,525,0.0,0.0
2024-04-12 15:30:00-04:00,20.53499984741211,20.899999618530273,20.53499984741211,20.84950065612793,3803,0.0,0.0
2024-04-15 09:30:00-04:00,21.0,21.114999771118164,20.950000762939453,20.950000762939453,5191,0.0,0.0
2024-04-15 10:30:00-04:00,21.022899627685547,21.022899627685547,20.094999313354492,20.094999313354492,3456,0.0,0.0
2024-04-15 11:30:00-04:00,20.350000381469727,20.350000381469727,20.08009910583496,20.350000381469727,865,0.0,0.0
2024-04-15 12:30:00-04:00,20.325000762939453,20.389999389648438,20.295000076293945,20.295000076293945,1279,0.0,0.0
2024-04-15 13:30:00-04:00,20.71299934387207,21.11400032043457,20.71299934387207,21.11400032043457,2595,0.0,0.0
2024-04-15 14:30:00-04:00,21.03499984741211,21.450000762939453,21.03499984741211,21.450000762939453,5480,0.0,0.0
2024-04-15 15:30:00-04:00,21.309999465942383,21.5,21.309999465942383,21.5,1455,0.0,0.0
2024-04-16 09:30:00-04:00,21.5,21.5,21.170000076293945,21.170000076293945,1477,0.0,0.0
2024-04-16 10:30:00-04:00,21.079999923706055,21.5,20.8799991607666,21.5,3813,0.0,0.0
2024-04-16 11:30:00-04:00,21.79990005493164,21.79990005493164,21.224000930786133,21.224000930786133,922,0.0,0.0
2024-04-16 12:30:00-04:00,21.209999084472656,21.229999542236328,20.94499969482422,21.099899291992188,7079,0.0,0.0
2024-04-16 13:30:00-04:00,21.149999618530273,21.149999618530273,21.149999618530273,21.149999618530273,2783,0.0,0.0
2024-04-16 14:30:00-04:00,21.100000381469727,21.100000381469727,20.809999465942383,21.100000381469727,821,0.0,0.0
2024-04-16 15:30:00-04:00,21.100000381469727,21.531400680541992,20.950000762939453,20.950000762939453,8959,0.0,0.0
2024-04-17 09:30:00-04:00,21.610000610351562,21.610000610351562,21.0,21.065000534057617,5164,0.0,0.0
2024-04-17 10:30:00-04:00,21.079999923706055,21.09000015258789,20.84000015258789,20.84000015258789,3996,0.0,0.0
2024-04-17 11:30:00-04:00,20.850000381469727,20.850000381469727,20.4950008392334,20.4950008392334,2026,0.0,0.0
2024-04-17 13:30:00-04:00,20.125,20.193500518798828,20.125,20.193500518798828,2073,0.0,0.0
2024-04-17 14:30:00-04:00,20.09670066833496,20.09670066833496,19.729999542236328,19.75,2068,0.0,0.0
2024-04-17 15:30:00-04:00,19.8799991607666,19.8799991607666,19.8799991607666,19.8799991607666,792,0.0,0.0
2024-04-18 09:30:00-04:00,19.829999923706055,20.040000915527344,19.829999923706055,19.94729995727539,2104,0.0,0.0
2024-04-18 11:30:00-04:00,20.030000686645508,20.569900512695312,20.030000686645508,20.34000015258789,3305,0.0,0.0
2024-04-18 12:30:00-04:00,20.420000076293945,20.420000076293945,20.200000762939453,20.420000076293945,1536,0.0,0.0
2024-04-18 13:30:00-04:00,20.280000686645508,20.290000915527344,20.280000686645508,20.280000686645508,1744,0.0,0.0
2024-04-18 14:30:00-04:00,20.440000534057617,20.440000534057617,20.280000686645508,20.43000030517578,851,0.0,0.0
2024-04-18 15:30:00-04:00,20.479999542236328,20.520000457763672,20.2549991607666,20.459999084472656,2094,0.0,0.0
2024-04-19 09:30:00-04:00,20.190000534057617,20.190000534057617,20.190000534057617,20.190000534057617,1929,0.0,0.0
2024-04-19 10:30:00-04:00,20.78529930114746,20.78529930114746,20.78529930114746,20.78529930114746,640,0.0,0.0
2024-04-19 11:30:00-04:00,20.554100036621094,20.959999084472656,20.5,20.5,3855,0.0,0.0
2024-04-19 12:30:00-04:00,20.260000228881836,20.260000228881836,20.020000457763672,20.020000457763672,6099,0.0,0.0
2024-04-19 13:30:00-04:00,20.0,20.0,19.719999313354492,19.719999313354492,1843,0.0,0.0
2024-04-19 14:30:00-04:00,19.976299285888672,19.976299285888672,19.719999313354492,19.719999313354492,1366,0.0,0.0
2024-04-19 15:30:00-04:00,20.0,20.0,19.975000381469727,20.0,1243,0.0,0.0
2024-04-22 09:30:00-04:00,19.979999542236328,20.07110023498535,19.799999237060547,20.07110023498535,2290,0.0,0.0
2024-04-22 11:30:00-04:00,19.860000610351562,20.200000762939453,19.860000610351562,20.200000762939453,1069,0.0,0.0
2024-04-22 12:30:00-04:00,19.790000915527344,19.790000915527344,19.790000915527344,19.790000915527344,870,0.0,0.0
2024-04-22 13:30:00-04:00,20.155000686645508,20.155000686645508,20.155000686645508,20.155000686645508,715,0.0,0.0
2024-04-22 14:30:00-04:00,19.65999984741211,19.65999984741211,19.65999984741211,19.65999984741211,423,0.0,0.0
2024-04-22 15:30:00-04:00,19.68000030517578,19.68000030517578,19.68000030517578,19.68000030517578,832,0.0,0.0
2024-04-23 09:30:00-04:00,19.780000686645508,20.1299991607666,19.780000686645508,19.835100173950195,1442,0.0,0.0
2024-04-23 10:30:00-04:00,20.0,20.0,20.0,20.0,310,0.0,0.0
2024-04-23 11:30:00-04:00,19.760000228881836,20.0,19.760000228881836,20.0,2044,0.0,0.0
2024-04-23 13:30:00-04:00,19.968900680541992,19.968900680541992,19.968900680541992,19.968900680541992,363,0.0,0.0
2024-04-23 14:30:00-04:00,19.954999923706055,19.954999923706055,19.954999923706055,19.954999923706055,2423,0.0,0.0
2024-04-23 15:30:00-04:00,20.0,20.1299991607666,19.954999923706055,19.9950008392334,1869,0.0,0.0
2024-04-24 09:30:00-04:00,20.030000686645508,20.53499984741211,20.030000686645508,20.499900817871094,11988,0.0,0.0
2024-04-24 10:30:00-04:00,20.399999618530273,20.399999618530273,20.0,20.0,5523,0.0,0.0
2024-04-24 13:30:00-04:00,20.094999313354492,20.15999984741211,20.0,20.077499389648438,2932,0.0,0.0
2024-04-24 14:30:00-04:00,20.06999969482422,20.190000534057617,20.06999969482422,20.190000534057617,1131,0.0,0.0
2024-04-24 15:30:00-04:00,20.100000381469727,20.479999542236328,19.90999984741211,20.200000762939453,2844,0.0,0.0
2024-04-25 09:30:00-04:00,20.100000381469727,20.239999771118164,20.100000381469727,20.100000381469727,756,0.0,0.0
2024-04-25 10:30:00-04:00,20.154199600219727,20.389999389648438,20.049999237060547,20.265199661254883,1253,0.0,0.0
2024-04-25 11:30:00-04:00,20.1033992767334,20.170000076293945,20.048900604248047,20.09000015258789,2024,0.0,0.0
2024-04-25 12:30:00-04:00,20.359399795532227,20.359399795532227,20.309999465942383,20.309999465942383,1916,0.0,0.0
2024-04-25 13:30:00-04:00,20.399999618530273,20.5,20.399999618530273,20.5,2135,0.0,0.0
2024-04-25 15:30:00-04:00,20.5049991607666,20.52359962463379,20.309999465942383,20.3799991607666,1766,0.0,0.0
2024-04-26 09:30:00-04:00,21.0,21.14579963684082,20.893199920654297,21.0,9392,0.0,0.0
2024-04-26 10:30:00-04:00,21.280000686645508,21.280000686645508,21.280000686645508,21.280000686645508,577,0.0,0.0
2024-04-26 11:30:00-04:00,21.0,21.360000610351562,21.0,21.360000610351562,2164,0.0,0.0
2024-04-26 12:30:00-04:00,21.360000610351562,21.43000030517578,21.360000610351562,21.43000030517578,224,0.0,0.0
2024-04-26 13:30:00-04:00,21.4148006439209,21.43000030517578,21.360000610351562,21.360000610351562,1958,0.0,0.0
2024-04-26 14:30:00-04:00,21.350000381469727,21.350000381469727,21.350000381469727,21.350000381469727,451,0.0,0.0
2024-04-26 15:30:00-04:00,21.25,21.280000686645508,21.049999237060547,21.049999237060547,2190,0.0,0.0
2024-04-29 09:30:00-04:00,21.40999984741211,21.40999984741211,21.2549991607666,21.2549991607666,1763,0.0,0.0
2024-04-29 11:30:00-04:00,21.290000915527344,21.360000610351562,21.290000915527344,21.360000610351562,1078,0.0,0.0
2024-04-29 12:30:00-04:00,21.25,21.377500534057617,21.200000762939453,21.377500534057617,4353,0.0,0.0
2024-04-29 13:30:00-04:00,21.264999389648438,21.264999389648438,21.264999389648438,21.264999389648438,1273,0.0,0.0
2024-04-29 14:30:00-04:00,21.358999252319336,21.358999252319336,21.2450008392334,21.2450008392334,534,0.0,0.0
2024-04-29 15:30:00-04:00,21.2450008392334,21.5,21.2450008392334,21.5,3182,0.0,0.0
2024-04-30 09:30:00-04:00,21.1200008392334,21.207399368286133,21.049999237060547,21.207399368286133,1268,0.0,0.0
2024-04-30 10:30:00-04:00,21.059999465942383,21.059999465942383,20.889999389648438,20.889999389648438,1113,0.0,0.0
2024-04-30 11:30:00-04:00,20.6299991607666,20.6299991607666,20.610000610351562,20.610000610351562,331,0.0,0.0
2024-04-30 12:30:00-04:00,20.770000457763672,20.954999923706055,20.69729995727539,20.84939956665039,904,0.0,0.0
2024-04-30 14:30:00-04:00,20.920000076293945,20.920000076293945,20.920000076293945,20.920000076293945,645,0.0,0.0
2024-04-30 15:30:00-04:00,20.934999465942383,21.299999237060547,20.799999237060547,20.93000030517578,3435,0.0,0.0
2024-05-01 09:30:00-04:00,21.010000228881836,21.112499237060547,21.010000228881836,21.112499237060547,1268,0.0,0.0
2024-05-01 10:30:00-04:00,21.229999542236328,21.25,20.90999984741211,21.25,3711,0.0,0.0
2024-05-01 11:30:00-04:00,21.309999465942383,21.309999465942383,21.309999465942383,21.309999465942383,969,0.0,0.0
2024-05-01 12:30:00-04:00,21.456899642944336,21.649999618530273,21.080400466918945,21.649999618530273,850,0.0,0.0
2024-05-01 13:30:00-04:00,21.59000015258789,21.799999237060547,21.477500915527344,21.549999237060547,2432,0.0,0.0
2024-05-01 14:30:00-04:00,21.559999465942383,21.639999389648438,21.385000228881836,21.639999389648438,2945,0.0,0.0
2024-05-01 15:30:00-04:00,21.709999084472656,21.780000686645508,21.600000381469727,21.65999984741211,1348,0.0,0.0
2024-05-02 09:30:00-04:00,21.709999084472656,21.709999084472656,19.100000381469727,19.559999465942383,23194,0.0,0.0
2024-05-02 10:30:00-04:00,19.540000915527344,19.719999313354492,19.219999313354492,19.719999313354492,32704,0.0,0.0
2024-05-02 11:30:00-04:00,19.860000610351562,20.0,19.479999542236328,19.5,24492,0.0,0.0
2024-05-02 12:30:00-04:00,19.510000228881836,19.510000228881836,19.399999618530273,19.409900665283203,19536,0.0,0.0
2024-05-02 13:30:00-04:00,19.409900665283203,19.600000381469727,19.399999618530273,19.479999542236328,27655,0.0,0.0
2024-05-02 14:30:00-04:00,19.450000762939453,19.609899520874023,19.450000762939453,19.562000274658203,3432,0.0,0.0
2024-05-02 15:30:00-04:00,19.609899520874023,19.609899520874023,19.454999923706055,19.479999542236328,11213,0.0,0.0
2024-05-03 09:30:00-04:00,19.450000762939453,19.450000762939453,19.010000228881836,19.260000228881836,17083,0.0,0.0
2024-05-03 10:30:00-04:00,19.299999237060547,19.323699951171875,19.15999984741211,19.16010093688965,9961,0.0,0.0
2024-05-03 11:30:00-04:00,19.15999984741211,19.170000076293945,19.05069923400879,19.060100555419922,6463,0.0,0.0
2024-05-03 12:30:00-04:00,19.06999969482422,19.100000381469727,19.010000228881836,19.100000381469727,124271,0.0,0.0
2024-05-03 13:30:00-04:00,19.1200008392334,19.290000915527344,19.1200008392334,19.290000915527344,3009,0.0,0.0
2024-05-03 14:30:00-04:00,19.219999313354492,19.219999313354492,19.010000228881836,19.052499771118164,11091,0.0,0.0
2024-05-03 15:30:00-04:00,19.098499298095703,19.160900115966797,19.017499923706055,19.100000381469727,7418,0.0,0.0
2024-05-06 09:30:00-04:00,19.75,19.75,19.25,19.31920051574707,11839,0.0,0.0
2024-05-06 10:30:00-04:00,19.3799991607666,19.6200008392334,19.25,19.292499542236328,3419,0.0,0.0
2024-05-06 11:30:00-04:00,19.359899520874023,19.649999618530273,19.25,19.489999771118164,4117,0.0,0.0
2024-05-06 12:30:00-04:00,19.510000228881836,19.75,19.479999542236328,19.700000762939453,3377,0.0,0.0
2024-05-06 13:30:00-04:00,19.309999465942383,19.530000686645508,19.309999465942383,19.375,4052,0.0,0.0
2024-05-06 14:30:00-04:00,19.31800079345703,19.325000762939453,19.149999618530273,19.25,9803,0.0,0.0
2024-05-06 15:30:00-04:00,19.260000228881836,19.3700008392334,19.200000762939453,19.270000457763672,4998,0.0,0.0
2024-05-07 09:30:00-04:00,19.290000915527344,19.290000915527344,19.0,19.040000915527344,0,0.0,0.0
2024-05-07 10:30:00-04:00,19.040000915527344,19.079999923706055,18.979999542236328,19.019899368286133,11582,0.0,0.0
2024-05-07 11:30:00-04:00,19.0,19.100000381469727,19.0,19.100000381469727,5271,0.0,0.0
2024-05-07 12:30:00-04:00,19.05500030517578,19.200000762939453,19.05500030517578,19.18000030517578,3184,0.0,0.0
2024-05-07 13:30:00-04:00,19.190000534057617,19.29949951171875,18.920000076293945,18.959999084472656,6467,0.0,0.0
2024-05-07 14:30:00-04:00,18.950000762939453,18.969999313354492,18.739999771118164,18.850000381469727,8442,0.0,0.0
2024-05-07 15:30:00-04:00,18.75,19.045000076293945,18.75,18.889999389648438,11432,0.0,0.0
2024-05-08 09:30:00-04:00,18.850000381469727,19.084999084472656,18.68000030517578,18.809999465942383,6362,0.0,0.0
2024-05-08 11:30:00-04:00,18.90250015258789,18.959999084472656,18.750099182128906,18.8799991607666,3342,0.0,0.0
2024-05-08 12:30:00-04:00,18.8799991607666,18.8799991607666,18.690000534057617,18.690000534057617,1082,0.0,0.0
2024-05-08 13:30:00-04:00,18.799999237060547,18.799999237060547,18.020000457763672,18.111099243164062,16565,0.0,0.0
2024-05-08 14:30:00-04:00,18.200000762939453,18.520000457763672,18.200000762939453,18.399999618530273,14693,0.0,0.0
2024-05-08 15:30:00-04:00,18.420000076293945,18.48780059814453,18.200000762939453,18.34000015258789,6401,0.0,0.0
2024-05-09 09:30:00-04:00,18.059999465942383,18.520000457763672,18.059999465942383,18.51099967956543,4927,0.0,0.0
2024-05-09 10:30:00-04:00,18.65999984741211,18.66010093688965,18.635000228881836,18.635000228881836,1641,0.0,0.0
2024-05-09 11:30:00-04:00,18.651500701904297,18.790000915527344,18.590099334716797,18.690000534057617,11144,0.0,0.0
2024-05-09 12:30:00-04:00,18.6200008392334,18.790000915527344,18.6200008392334,18.719999313354492,2420,0.0,0.0
2024-05-09 13:30:00-04:00,18.649999618530273,18.780000686645508,18.639999389648438,18.670000076293945,1560,0.0,0.0
2024-05-09 14:30:00-04:00,18.770000457763672,18.94499969482422,18.770000457763672,18.834999084472656,9121,0.0,0.0
2024-05-09 15:30:00-04:00,18.809999465942383,18.860000610351562,18.709999084472656,18.829999923706055,9968,0.0,0.0
2024-05-10 09:30:00-04:00,19.1299991607666,19.1299991607666,18.5,18.649999618530273,5232,0.0,0.0
2024-05-10 10:30:00-04:00,18.530000686645508,18.799999237060547,18.510000228881836,18.799999237060547,2200,0.0,0.0
2024-05-10 11:30:00-04:00,18.770000457763672,18.770000457763672,18.700000762939453,18.770000457763672,1064,0.0,0.0
2024-05-10 12:30:00-04:00,18.764999389648438,18.809999465942383,18.764999389648438,18.790000915527344,1514,0.0,0.0
2024-05-10 13:30:00-04:00,18.799999237060547,18.899999618530273,18.709999084472656,18.84000015258789,6476,0.0,0.0
2024-05-10 14:30:00-04:00,18.774999618530273,18.80699920654297,18.719999313354492,18.80699920654297,2291,0.0,0.0
2024-05-10 15:30:00-04:00,18.84000015258789,18.899999618530273,18.84000015258789,18.84000015258789,4746,0.0,0.0
2024-05-13 09:30:00-04:00,19.219999313354492,19.219999313354492,18.93000030517578,18.93000030517578,3164,0.0,0.0
2024-05-13 10:30:00-04:00,18.920000076293945,18.920000076293945,18.920000076293945,18.920000076293945,722,0.0,0.0
2024-05-13 11:30:00-04:00,18.6299991607666,18.670000076293945,18.440000534057617,18.625600814819336,2526,0.0,0.0
2024-05-13 12:30:00-04:00,18.65999984741211,18.65999984741211,18.530000686645508,18.530000686645508,1923,0.0,0.0
2024-05-13 13:30:00-04:00,18.459999084472656,18.600000381469727,18.360000610351562,18.598899841308594,4376,0.0,0.0
2024-05-13 14:30:00-04:00,18.5,18.5,18.4950008392334,18.4950008392334,428,0.0,0.0
2024-05-13 15:30:00-04:00,18.610000610351562,18.75,18.610000610351562,18.670000076293945,5180,0.0,0.0
2024-05-14 09:30:00-04:00,18.75,19.049999237060547,18.65999984741211,18.959999084472656,0,0.0,0.0
2024-05-14 10:30:00-04:00,18.959999084472656,19.200000762939453,18.8799991607666,18.959999084472656,51151,0.0,0.0
2024-05-14 11:30:00-04:00,19.0802001953125,19.0802001953125,18.989999771118164,18.9950008392334,1709,0.0,0.0
2024-05-14 12:30:00-04:00,18.999300003051758,19.19499969482422,18.999300003051758,19.170000076293945,3284,0.0,0.0
2024-05-14 13:30:00-04:00,19.110000610351562,19.43000030517578,19.110000610351562,19.399999618530273,9209,0.0,0.0
2024-05-14 14:30:00-04:00,19.424999237060547,19.489999771118164,19.300100326538086,19.44499969482422,8572,0.0,0.0
2024-05-14 15:30:00-04:00,19.489999771118164,19.489999771118164,19.3700008392334,19.40999984741211,4098,0.0,0.0
2024-05-15 09:30:00-04:00,19.5,19.5,19.200000762939453,19.440000534057617,0,0.0,0.0
2024-05-15 10:30:00-04:00,19.489999771118164,19.950000762939453,19.489999771118164,19.950000762939453,21394,0.0,0.0
2024-05-15 11:30:00-04:00,19.940000534057617,19.950000762939453,19.639999389648438,19.639999389648438,8651,0.0,0.0
2024-05-15 12:30:00-04:00,19.725000381469727,19.799999237060547,19.725000381469727,19.799999237060547,2349,0.0,0.0
2024-05-15 13:30:00-04:00,19.81999969482422,19.81999969482422,19.81999969482422,19.81999969482422,267,0.0,0.0
2024-05-15 14:30:00-04:00,19.8700008392334,19.889999389648438,19.860000610351562,19.8799991607666,2221,0.0,0.0
2024-05-15 15:30:00-04:00,19.8799991607666,19.8799991607666,19.770000457763672,19.850000381469727,3384,0.0,0.0
2024-05-16 09:30:00-04:00,19.850000381469727,20.239999771118164,19.700000762939453,20.229999542236328,12614,0.0,0.0
2024-05-16 10:30:00-04:00,20.229999542236328,20.450000762939453,20.219999313354492,20.420000076293945,6969,0.0,0.0
2024-05-16 11:30:00-04:00,20.420000076293945,21.145000457763672,20.329999923706055,20.40410041809082,33615,0.0,0.0
2024-05-16 12:30:00-04:00,20.5,20.549999237060547,20.280000686645508,20.450000762939453,6064,0.0,0.0
2024-05-16 13:30:00-04:00,20.428499221801758,20.586299896240234,20.219999313354492,20.299999237060547,10733,0.0,0.0
2024-05-16 14:30:00-04:00,20.3700008392334,20.440000534057617,20.100000381469727,20.100000381469727,5790,0.0,0.0
2024-05-16 15:30:00-04:00,20.040000915527344,20.40999984741211,20.040000915527344,20.329999923706055,9710,0.0,0.0
2024-05-17 09:30:00-04:00,20.559999465942383,20.56999969482422,20.31999969482422,20.479999542236328,12535,0.0,0.0
2024-05-17 10:30:00-04:00,20.3700008392334,20.450000762939453,20.3700008392334,20.450000762939453,305,0.0,0.0
2024-05-17 11:30:00-04:00,20.5,20.850000381469727,20.489999771118164,20.850000381469727,8186,0.0,0.0
2024-05-17 12:30:00-04:00,20.790000915527344,20.84429931640625,20.770000457763672,20.770000457763672,2122,0.0,0.0
2024-05-17 13:30:00-04:00,20.84980010986328,20.950000762939453,20.84980010986328,20.950000762939453,1624,0.0,0.0
2024-05-17 14:30:00-04:00,20.940000534057617,21.09000015258789,20.940000534057617,21.079999923706055,1885,0.0,0.0
2024-05-17 15:30:00-04:00,21.19969940185547,21.31999969482422,21.19969940185547,21.31999969482422,9197,0.0,0.0
2024-05-20 09:30:00-04:00,21.270000457763672,21.702699661254883,21.200000762939453,21.702699661254883,6031,0.0,0.0
2024-05-20 10:30:00-04:00,21.770000457763672,21.860000610351562,21.59000015258789,21.600000381469727,10634,0.0,0.0
2024-05-20 11:30:00-04:00,21.559999465942383,21.68000030517578,21.5,21.545000076293945,1787,0.0,0.0
2024-05-20 12:30:00-04:00,21.6299991607666,21.649999618530273,21.421300888061523,21.5,4934,0.0,0.0
2024-05-20 13:30:00-04:00,21.649999618530273,21.749900817871094,21.530000686645508,21.68000030517578,4028,0.0,0.0
2024-05-20 14:30:00-04:00,21.729999542236328,21.75,21.65999984741211,21.739999771118164,2208,0.0,0.0
2024-05-20 15:30:00-04:00,21.75,21.969999313354492,21.719999313354492,21.795000076293945,6072,0.0,0.0
2024-05-21 09:30:00-04:00,21.920000076293945,22.0,21.59000015258789,21.93000030517578,11712,0.0,0.0
2024-05-21 10:30:00-04:00,21.780000686645508,21.780000686645508,21.540000915527344,21.549999237060547,1892,0.0,0.0
2024-05-21 11:30:00-04:00,21.579999923706055,21.579999923706055,21.5,21.5,1955,0.0,0.0
2024-05-21 12:30:00-04:00,21.420000076293945,21.420000076293945,21.383699417114258,21.383699417114258,677,0.0,0.0
2024-05-21 13:30:00-04:00,21.229999542236328,21.639999389648438,21.149999618530273,21.545000076293945,7241,0.0,0.0
2024-05-21 14:30:00-04:00,21.584999084472656,21.700000762939453,21.5,21.639999389648438,2198,0.0,0.0
2024-05-21 15:30:00-04:00,21.489999771118164,21.579999923706055,21.40999984741211,21.489999771118164,3851,0.0,0.0
2024-05-22 09:30:00-04:00,21.75,21.75,21.200000762939453,21.299999237060547,9451,0.0,0.0
2024-05-22 10:30:00-04:00,21.649999618530273,21.649999618530273,21.510000228881836,21.510000228881836,739,0.0,0.0
2024-05-22 12:30:00-04:00,21.520000457763672,21.809999465942383,21.520000457763672,21.639999389648438,1928,0.0,0.0
2024-05-22 13:30:00-04:00,21.6299991607666,21.639999389648438,21.43000030517578,21.6299991607666,4172,0.0,0.0
2024-05-22 14:30:00-04:00,21.440000534057617,21.450000762939453,21.3799991607666,21.424999237060547,2634,0.0,0.0
2024-05-22 15:30:00-04:00,21.440000534057617,21.604999542236328,21.420000076293945,21.559999465942383,6928,0.0,0.0
2024-05-23 09:30:00-04:00,21.549999237060547,21.549999237060547,21.200000762939453,21.200000762939453,1509,0.0,0.0
2024-05-23 10:30:00-04:00,21.165000915527344,21.25,21.020000457763672,21.25,2139,0.0,0.0
2024-05-23 11:30:00-04:00,21.180700302124023,21.180700302124023,21.18000030517578,21.18000030517578,385,0.0,0.0
2024-05-23 12:30:00-04:00,21.15999984741211,21.15999984741211,21.0,21.0,1249,0.0,0.0
2024-05-23 13:30:00-04:00,21.0,21.170000076293945,21.0,21.0,2590,0.0,0.0
2024-05-23 14:30:00-04:00,21.045000076293945,21.045000076293945,20.649999618530273,20.649999618530273,4502,0.0,0.0
2024-05-23 15:30:00-04:00,20.670000076293945,20.68000030517578,20.59000015258789,20.68000030517578,3297,0.0,0.0
2024-05-24 09:30:00-04:00,20.68000030517578,20.68000030517578,20.43000030517578,20.43000030517578,897,0.0,0.0
2024-05-24 11:30:00-04:00,20.399999618530273,20.399999618530273,20.2549991607666,20.2549991607666,1676,0.0,0.0
2024-05-24 12:30:00-04:00,20.21500015258789,20.29990005493164,20.21500015258789,20.21500015258789,867,0.0,0.0
2024-05-24 13:30:00-04:00,20.079999923706055,20.190000534057617,20.049999237060547,20.184999465942383,3174,0.0,0.0
2024-05-24 14:30:00-04:00,20.450000762939453,20.450000762939453,20.200000762939453,20.204999923706055,1885,0.0,0.0
2024-05-24 15:30:00-04:00,20.1299991607666,20.3700008392334,20.1299991607666,20.260000228881836,4634,0.0,0.0
2024-05-28 09:30:00-04:00,20.6200008392334,21.100000381469727,20.350000381469727,21.079999923706055,11486,0.0,0.0
2024-05-28 10:30:00-04:00,21.110000610351562,22.700000762939453,21.110000610351562,22.450000762939453,103692,0.0,0.0
2024-05-28 11:30:00-04:00,22.59000015258789,23.889999389648438,22.3799991607666,23.5,71535,0.0,0.0
2024-05-28 12:30:00-04:00,23.520000457763672,23.760000228881836,23.0,23.5,16030,0.0,0.0
2024-05-28 13:30:00-04:00,23.599899291992188,23.770000457763672,23.40999984741211,23.627399444580078,16795,0.0,0.0
2024-05-28 14:30:00-04:00,23.549999237060547,23.799999237060547,23.450000762939453,23.69499969482422,27026,0.0,0.0
2024-05-28 15:30:00-04:00,23.700000762939453,24.3799991607666,23.520000457763672,24.295000076293945,33892,0.0,0.0
2024-05-29 09:30:00-04:00,24.75,24.75,22.73780059814453,23.450000762939453,35183,0.0,0.0
2024-05-29 10:30:00-04:00,23.40999984741211,23.674999237060547,23.12619972229004,23.12619972229004,7441,0.0,0.0
2024-05-29 11:30:00-04:00,23.479999542236328,23.799999237060547,23.459999084472656,23.799999237060547,10430,0.0,0.0
2024-05-29 12:30:00-04:00,23.670000076293945,23.799999237060547,23.600000381469727,23.799999237060547,4149,0.0,0.0
2024-05-29 13:30:00-04:00,23.709999084472656,24.0049991607666,23.709999084472656,23.969999313354492,9728,0.0,0.0
2024-05-29 14:30:00-04:00,23.950000762939453,24.145000457763672,23.75,23.979999542236328,11421,0.0,0.0
2024-05-29 15:30:00-04:00,23.735000610351562,24.29990005493164,23.735000610351562,23.989999771118164,12159,0.0,0.0
2024-05-30 09:30:00-04:00,24.25,24.309999465942383,23.799999237060547,23.799999237060547,17743,0.0,0.0
2024-05-30 10:30:00-04:00,24.0,24.200000762939453,23.889999389648438,24.045000076293945,7244,0.0,0.0
2024-05-30 11:30:00-04:00,24.239900588989258,24.5,24.0,24.429899215698242,14130,0.0,0.0
2024-05-30 12:30:00-04:00,24.399999618530273,24.608699798583984,24.01289939880371,24.149900436401367,8250,0.0,0.0
2024-05-30 13:30:00-04:00,24.170000076293945,24.510000228881836,24.170000076293945,24.34000015258789,7699,0.0,0.0
2024-05-30 14:30:00-04:00,24.458599090576172,24.579999923706055,24.458599090576172,24.559999465942383,10698,0.0,0.0
2024-05-30 15:30:00-04:00,24.5,24.559999465942383,24.43000030517578,24.440000534057617,4140,0.0,0.0
2024-05-31 09:30:00-04:00,24.6200008392334,24.689899444580078,24.329999923706055,24.549999237060547,11917,0.0,0.0
2024-05-31 10:30:00-04:00,24.600000381469727,24.600000381469727,24.299999237060547,24.389999389648438,3168,0.0,0.0
2024-05-31 11:30:00-04:00,24.030099868774414,24.222000122070312,23.850000381469727,23.889999389648438,4478,0.0,0.0
2024-05-31 12:30:00-04:00,23.809999465942383,23.81999969482422,23.649999618530273,23.700000762939453,2190,0.0,0.0
2024-05-31 13:30:00-04:00,23.825000762939453,23.950000762939453,23.709999084472656,23.940000534057617,3491,0.0,0.0
2024-05-31 14:30:00-04:00,24.170000076293945,24.170000076293945,23.799999237060547,23.799999237060547,2386,0.0,0.0
2024-05-31 15:30:00-04:00,23.742300033569336,23.8799991607666,23.742300033569336,23.86400032043457,3865,0.0,0.0
2024-06-03 09:30:00-04:00,24.5,24.68000030517578,24.149999618530273,24.399999618530273,7583,0.0,0.0
2024-06-03 10:30:00-04:00,24.200000762939453,24.59000015258789,24.200000762939453,24.5,4705,0.0,0.0
2024-06-03 11:30:00-04:00,24.665000915527344,24.709999084472656,24.575000762939453,24.700000762939453,1554,0.0,0.0
2024-06-03 12:30:00-04:00,24.700000762939453,25.0,24.700000762939453,24.86520004272461,5620,0.0,0.0
2024-06-03 13:30:00-04:00,24.979999542236328,25.079999923706055,24.770000457763672,25.079999923706055,14276,0.0,0.0
2024-06-03 14:30:00-04:00,25.040000915527344,25.1299991607666,25.0,25.049999237060547,7621,0.0,0.0
2024-06-03 15:30:00-04:00,24.93000030517578,25.18000030517578,24.93000030517578,25.020000457763672,9123,0.0,0.0
2024-06-04 09:30:00-04:00,25.0,25.0,23.030000686645508,23.200000762939453,20403,0.0,0.0
2024-06-04 10:30:00-04:00,23.030000686645508,23.420000076293945,22.924999237060547,23.350000381469727,5440,0.0,0.0
2024-06-04 11:30:00-04:00,23.442899703979492,23.442899703979492,23.389999389648438,23.399999618530273,1965,0.0,0.0
2024-06-04 12:30:00-04:00,23.360000610351562,23.510000228881836,23.329999923706055,23.479999542236328,2343,0.0,0.0
2024-06-04 13:30:00-04:00,23.334999084472656,23.489999771118164,23.329999923706055,23.45989990234375,1955,0.0,0.0
2024-06-04 14:30:00-04:00,23.565000534057617,23.68000030517578,23.549999237060547,23.549999237060547,2689,0.0,0.0
2024-06-04 15:30:00-04:00,23.614999771118164,23.770000457763672,23.549999237060547,23.709999084472656,3221,0.0,0.0
2024-06-05 09:30:00-04:00,23.700000762939453,23.832199096679688,23.043399810791016,23.043399810791016,7102,0.0,0.0
2024-06-05 10:30:00-04:00,23.00149917602539,23.209999084472656,22.701099395751953,22.701099395751953,6410,0.0,0.0
2024-06-05 11:30:00-04:00,22.559999465942383,22.66990089416504,22.399999618530273,22.628700256347656,4250,0.0,0.0
2024-06-05 12:30:00-04:00,22.738500595092773,23.200000762939453,22.329999923706055,23.200000762939453,6917,0.0,0.0
2024-06-05 13:30:00-04:00,23.18000030517578,24.450000762939453,23.18000030517578,24.450000762939453,12988,0.0,0.0
2024-06-05 14:30:00-04:00,24.5,25.020099639892578,24.459999084472656,24.975000381469727,16217,0.0,0.0
2024-06-05 15:30:00-04:00,25.010000228881836,25.269899368286133,25.0,25.0,8433,0.0,0.0
2024-06-06 09:30:00-04:00,25.31999969482422,25.31999969482422,24.59000015258789,24.600000381469727,18606,0.0,0.0
2024-06-06 10:30:00-04:00,24.549999237060547,25.0,24.549999237060547,24.829999923706055,3621,0.0,0.0
2024-06-06 11:30:00-04:00,24.850000381469727,24.98189926147461,24.84000015258789,24.850000381469727,6202,0.0,0.0
2024-06-06 12:30:00-04:00,24.899999618530273,24.899999618530273,24.600000381469727,24.638999938964844,15458,0.0,0.0
2024-06-06 13:30:00-04:00,24.670000076293945,24.690000534057617,24.420000076293945,24.479999542236328,6215,0.0,0.0
2024-06-06 14:30:00-04:00,24.424999237060547,24.489999771118164,24.270000457763672,24.420000076293945,10732,0.0,0.0
2024-06-06 15:30:00-04:00,24.399999618530273,24.40999984741211,24.25,24.270000457763672,8594,0.0,0.0
2024-06-07 09:30:00-04:00,23.899999618530273,24.010000228881836,22.770000457763672,22.770000457763672,12684,0.0,0.0
2024-06-07 10:30:00-04:00,22.739999771118164,22.90999984741211,22.516199111938477,22.649999618530273,13113,0.0,0.0
2024-06-07 11:30:00-04:00,22.84000015258789,22.979999542236328,22.559999465942383,22.559999465942383,10609,0.0,0.0
2024-06-07 12:30:00-04:00,22.530000686645508,22.530000686645508,22.25,22.25,3926,0.0,0.0
2024-06-07 13:30:00-04:00,22.31999969482422,23.540000915527344,22.31999969482422,23.454999923706055,24099,0.0,0.0
2024-06-07 14:30:00-04:00,23.454999923706055,24.799999237060547,23.399999618530273,24.350000381469727,22860,0.0,0.0
2024-06-07 15:30:00-04:00,24.344999313354492,24.344999313354492,23.610000610351562,23.770000457763672,11507,0.0,0.0
2024-06-10 09:30:00-04:00,23.530000686645508,23.530000686645508,22.691600799560547,23.239999771118164,8661,0.0,0.0
2024-06-10 10:30:00-04:00,23.299999237060547,23.299999237060547,23.09000015258789,23.11009979248047,3049,0.0,0.0
2024-06-10 11:30:00-04:00,23.209999084472656,23.309900283813477,22.809999465942383,22.969999313354492,14179,0.0,0.0
2024-06-10 12:30:00-04:00,23.139999389648438,23.530000686645508,23.139999389648438,23.530000686645508,5438,0.0,0.0
2024-06-10 13:30:00-04:00,23.719999313354492,23.719999313354492,23.579999923706055,23.610000610351562,1627,0.0,0.0
2024-06-10 14:30:00-04:00,23.65999984741211,25.100000381469727,23.649999618530273,25.100000381469727,26820,0.0,0.0
2024-06-10 15:30:00-04:00,25.049999237060547,25.200000762939453,24.799999237060547,24.969999313354492,68893,0.0,0.0
2024-06-11 09:30:00-04:00,20.489999771118164,21.209999084472656,19.982500076293945,19.989999771118164,132696,0.0,0.0
2024-06-11 10:30:00-04:00,19.979999542236328,19.989999771118164,19.40999984741211,19.43000030517578,47036,0.0,0.0
2024-06-11 11:30:00-04:00,19.350000381469727,19.71500015258789,19.110000610351562,19.600000381469727,44151,0.0,0.0
2024-06-11 12:30:00-04:00,19.59000015258789,19.760000228881836,19.44499969482422,19.5049991607666,15932,0.0,0.0
2024-06-11 13:30:00-04:00,19.510000228881836,19.549999237060547,19.34000015258789,19.389999389648438,22271,0.0,0.0
2024-06-11 14:30:00-04:00,19.38990020751953,19.860000610351562,19.3799991607666,19.809999465942383,30365,0.0,0.0
2024-06-11 15:30:00-04:00,19.770000457763672,20.0,19.640100479125977,19.780000686645508,72006,0.0,0.0
2024-06-12 09:30:00-04:00,19.75,20.299999237060547,19.6299991607666,19.760000228881836,42962,0.0,0.0
2024-06-12 10:30:00-04:00,19.899999618530273,19.899999618530273,19.674999237060547,19.770000457763672,17123,0.0,0.0
2024-06-12 11:30:00-04:00,19.770000457763672,19.799999237060547,19.621200561523438,19.68000030517578,21330,0.0,0.0
2024-06-12 12:30:00-04:00,19.68000030517578,19.829999923706055,19.645000457763672,19.729999542236328,21901,0.0,0.0
2024-06-12 13:30:00-04:00,19.790000915527344,19.850000381469727,19.65999984741211,19.729999542236328,33265,0.0,0.0
2024-06-12 14:30:00-04:00,19.729999542236328,19.75,19.68090057373047,19.719999313354492,39687,0.0,0.0
2024-06-12 15:30:00-04:00,19.704999923706055,20.1200008392334,19.700000762939453,19.899999618530273,73559,0.0,0.0
2024-06-13 09:30:00-04:00,19.739999771118164,19.770000457763672,18.6299991607666,18.700000762939453,17562,0.0,0.0
2024-06-13 10:30:00-04:00,18.6200008392334,18.770000457763672,18.200000762939453,18.364999771118164,17912,0.0,0.0
2024-06-13 11:30:00-04:00,18.325000762939453,18.709999084472656,18.325000762939453,18.55500030517578,11466,0.0,0.0
2024-06-13 12:30:00-04:00,18.600000381469727,18.6299991607666,18.405000686645508,18.43000030517578,5707,0.0,0.0
2024-06-13 13:30:00-04:00,18.43000030517578,18.989999771118164,18.43000030517578,18.56999969482422,8709,0.0,0.0
2024-06-13 14:30:00-04:00,18.549999237060547,18.559999465942383,18.25,18.545000076293945,13377,0.0,0.0
2024-06-13 15:30:00-04:00,18.625,19.0,18.5,19.0,31238,0.0,0.0
2024-06-14 09:30:00-04:00,18.850000381469727,18.850000381469727,18.510000228881836,18.827899932861328,11032,0.0,0.0
2024-06-14 10:30:00-04:00,18.775999069213867,18.959999084472656,18.549999237060547,18.549999237060547,12157,0.0,0.0
2024-06-14 11:30:00-04:00,18.610000610351562,18.760000228881836,18.610000610351562,18.639999389648438,6886,0.0,0.0
2024-06-14 12:30:00-04:00,18.700700759887695,18.709999084472656,18.610000610351562,18.690000534057617,6919,0.0,0.0
2024-06-14 13:30:00-04:00,18.704999923706055,18.741199493408203,18.68000030517578,18.729999542236328,5231,0.0,0.0
2024-06-14 14:30:00-04:00,18.75,18.969999313354492,18.739999771118164,18.938400268554688,10236,0.0,0.0
2024-06-14 15:30:00-04:00,18.899999618530273,18.950000762939453,18.770000457763672,18.8799991607666,27533,0.0,0.0
2024-06-17 09:30:00-04:00,18.850000381469727,18.920000076293945,18.625,18.850000381469727,9700,0.0,0.0
2024-06-17 10:30:00-04:00,18.875999450683594,18.875999450683594,18.51689910888672,18.6299991607666,12243,0.0,0.0
2024-06-17 11:30:00-04:00,18.665000915527344,18.69499969482422,18.56999969482422,18.59000015258789,6583,0.0,0.0
2024-06-17 12:30:00-04:00,18.600000381469727,18.790000915527344,18.549999237060547,18.790000915527344,7174,0.0,0.0
2024-06-17 13:30:00-04:00,18.790000915527344,18.799999237060547,18.6299991607666,18.7549991607666,4494,0.0,0.0
2024-06-17 14:30:00-04:00,18.670000076293945,18.799999237060547,18.6200008392334,18.770000457763672,7223,0.0,0.0
2024-06-17 15:30:00-04:00,18.815000534057617,19.010000228881836,18.65999984741211,18.90999984741211,24542,0.0,0.0
2024-06-18 09:30:00-04:00,18.809999465942383,18.809999465942383,18.350000381469727,18.46299934387207,4062,0.0,0.0
2024-06-18 10:30:00-04:00,18.2549991607666,18.61989974975586,18.1299991607666,18.47719955444336,9343,0.0,0.0
2024-06-18 11:30:00-04:00,18.43000030517578,18.479999542236328,18.43000030517578,18.440000534057617,4538,0.0,0.0
2024-06-18 12:30:00-04:00,18.445199966430664,18.445199966430664,18.06999969482422,18.06999969482422,6365,0.0,0.0
2024-06-18 13:30:00-04:00,18.0,18.06999969482422,17.821699142456055,17.950000762939453,9637,0.0,0.0
2024-06-18 14:30:00-04:00,17.93000030517578,17.954999923706055,17.549999237060547,17.645000457763672,10357,0.0,0.0
2024-06-18 15:30:00-04:00,17.690000534057617,17.790000915527344,17.280000686645508,17.399999618530273,17501,0.0,0.0
2024-06-20 09:30:00-04:00,17.5,17.699199676513672,17.309999465942383,17.459999084472656,15724,0.0,0.0
2024-06-20 10:30:00-04:00,17.520000457763672,17.639999389648438,17.100000381469727,17.299999237060547,15495,0.0,0.0
2024-06-20 11:30:00-04:00,17.280000686645508,17.699899673461914,17.280000686645508,17.625,7415,0.0,0.0
2024-06-20 12:30:00-04:00,17.68000030517578,17.889999389648438,17.649999618530273,17.790000915527344,4418,0.0,0.0
2024-06-20 13:30:00-04:00,17.790000915527344,17.799999237060547,17.570100784301758,17.704999923706055,4403,0.0,0.0
2024-06-20 14:30:00-04:00,17.690000534057617,17.969999313354492,17.690000534057617,17.899999618530273,8032,0.0,0.0
2024-06-20 15:30:00-04:00,17.90999984741211,18.045000076293945,17.81999969482422,17.975000381469727,23987,0.0,0.0
2024-06-21 09:30:00-04:00,17.860000610351562,17.860000610351562,17.06999969482422,17.110000610351562,15649,0.0,0.0
2024-06-21 10:30:00-04:00,17.09000015258789,17.09000015258789,16.790000915527344,16.920000076293945,16247,0.0,0.0
2024-06-21 11:30:00-04:00,16.969999313354492,17.190000534057617,16.889999389648438,16.90999984741211,9701,0.0,0.0
2024-06-21 12:30:00-04:00,16.90999984741211,16.940000534057617,16.809999465942383,16.809999465942383,4426,0.0,0.0
2024-06-21 13:30:00-04:00,16.899999618530273,17.049999237060547,16.81999969482422,16.81999969482422,10637,0.0,0.0
2024-06-21 14:30:00-04:00,16.850000381469727,17.449899673461914,16.700000762939453,17.1200008392334,30971,0.0,0.0
2024-06-21 15:30:00-04:00,17.1299991607666,17.1299991607666,16.610000610351562,16.780000686645508,24083,0.0,0.0
2024-06-24 09:30:00-04:00,16.899999618530273,17.097999572753906,16.649999618530273,16.649999618530273,5697,0.0,0.0
2024-06-24 10:30:00-04:00,16.670000076293945,17.1200008392334,16.59000015258789,16.8799991607666,13469,0.0,0.0
2024-06-24 11:30:00-04:00,16.809999465942383,16.8799991607666,16.670000076293945,16.709999084472656,4638,0.0,0.0
2024-06-24 12:30:00-04:00,16.725000381469727,17.049999237060547,16.725000381469727,16.969999313354492,2884,0.0,0.0
2024-06-24 13:30:00-04:00,16.969999313354492,17.09000015258789,16.920000076293945,16.959999084472656,1855,0.0,0.0
2024-06-24 14:30:00-04:00,16.950000762939453,17.18000030517578,16.950000762939453,17.18000030517578,5516,0.0,0.0
2024-06-24 15:30:00-04:00,17.18000030517578,17.350000381469727,17.162500381469727,17.350000381469727,10183,0.0,0.0
2024-06-25 09:30:00-04:00,17.719999313354492,17.719999313354492,17.3799991607666,17.420000076293945,0,0.0,0.0
2024-06-25 10:30:00-04:00,17.540000915527344,17.604999542236328,17.45199966430664,17.600000381469727,4783,0.0,0.0
2024-06-25 11:30:00-04:00,17.5049991607666,17.5049991607666,17.312000274658203,17.312000274658203,2414,0.0,0.0
2024-06-25 12:30:00-04:00,17.40999984741211,17.420000076293945,17.299999237060547,17.350000381469727,5199,0.0,0.0
2024-06-25 13:30:00-04:00,17.350000381469727,17.399999618530273,17.309999465942383,17.389999389648438,2568,0.0,0.0
2024-06-25 14:30:00-04:00,17.354999542236328,17.594999313354492,17.350000381469727,17.540000915527344,7699,0.0,0.0
2024-06-25 15:30:00-04:00,17.5,17.670000076293945,17.459999084472656,17.489999771118164,7762,0.0,0.0
2024-06-26 09:30:00-04:00,17.440000534057617,17.530000686645508,16.860000610351562,16.897499084472656,9500,0.0,0.0
2024-06-26 10:30:00-04:00,16.885000228881836,17.290000915527344,16.882999420166016,17.290000915527344,5028,0.0,0.0
2024-06-26 11:30:00-04:00,17.334999084472656,17.439899444580078,17.219999313354492,17.439899444580078,6041,0.0,0.0
2024-06-26 12:30:00-04:00,17.329999923706055,17.329999923706055,17.1200008392334,17.139999389648438,8404,0.0,0.0
2024-06-26 13:30:00-04:00,17.049999237060547,17.18000030517578,17.049999237060547,17.050100326538086,3049,0.0,0.0
2024-06-26 14:30:00-04:00,17.100000381469727,17.309999465942383,17.100000381469727,17.239999771118164,9456,0.0,0.0
2024-06-26 15:30:00-04:00,17.200000762939453,17.219999313354492,17.06999969482422,17.219999313354492,12382,0.0,0.0
2024-06-27 09:30:00-04:00,17.360000610351562,17.489999771118164,17.229999542236328,17.489999771118164,3919,0.0,0.0
2024-06-27 10:30:00-04:00,17.44499969482422,17.545000076293945,17.44499969482422,17.545000076293945,3045,0.0,0.0
2024-06-27 11:30:00-04:00,17.579999923706055,17.579999923706055,17.25,17.25,8591,0.0,0.0
2024-06-27 12:30:00-04:00,17.25,17.385000228881836,16.989999771118164,16.989999771118164,12717,0.0,0.0
2024-06-27 13:30:00-04:00,17.110000610351562,17.25,17.0,17.19499969482422,4209,0.0,0.0
2024-06-27 14:30:00-04:00,17.229999542236328,17.364999771118164,17.110000610351562,17.129899978637695,9827,0.0,0.0
2024-06-27 15:30:00-04:00,17.06999969482422,17.100000381469727,16.889999389648438,16.979999542236328,11484,0.0,0.0
2024-06-28 09:30:00-04:00,17.170000076293945,17.299999237060547,16.799999237060547,16.899999618530273,17574,0.0,0.0
2024-06-28 10:30:00-04:00,16.924999237060547,16.93000030517578,16.68000030517578,16.729999542236328,5092,0.0,0.0
2024-06-28 11:30:00-04:00,16.790000915527344,16.879899978637695,16.64229965209961,16.809999465942383,4711,0.0,0.0
2024-06-28 12:30:00-04:00,16.780000686645508,16.899999618530273,16.719999313354492,16.899999618530273,1428,0.0,0.0
2024-06-28 13:30:00-04:00,16.8799991607666,16.940000534057617,16.690000534057617,16.940000534057617,5227,0.0,0.0
2024-06-28 14:30:00-04:00,16.950000762939453,17.450000762939453,16.81999969482422,17.170000076293945,30169,0.0,0.0
2024-06-28 15:30:00-04:00,17.18000030517578,18.489999771118164,17.135000228881836,17.899999618530273,75291,0.0,0.0
2024-07-01 09:30:00-04:00,18.06999969482422,18.135000228881836,17.915000915527344,18.079999923706055,17311,0.0,0.0
2024-07-01 10:30:00-04:00,18.149999618530273,18.440000534057617,17.969999313354492,17.969999313354492,7756,0.0,0.0
2024-07-01 11:30:00-04:00,17.96500015258789,18.170000076293945,17.860000610351562,18.110000610351562,5633,0.0,0.0
2024-07-01 12:30:00-04:00,18.110000610351562,18.40999984741211,18.110000610351562,18.31999969482422,5780,0.0,0.0
2024-07-01 13:30:00-04:00,18.354999542236328,18.799999237060547,18.354999542236328,18.725000381469727,11078,0.0,0.0
2024-07-01 14:30:00-04:00,18.725000381469727,18.79990005493164,18.65999984741211,18.7450008392334,13218,0.0,0.0
2024-07-01 15:30:00-04:00,18.770000457763672,18.969999313354492,18.700000762939453,18.770000457763672,38364,0.0,0.0
2024-07-02 09:30:00-04:00,18.93000030517578,19.049999237060547,18.81999969482422,18.899999618530273,12638,0.0,0.0
2024-07-02 10:30:00-04:00,18.799999237060547,19.04400062561035,18.610000610351562,18.780000686645508,5728,0.0,0.0
2024-07-02 11:30:00-04:00,18.68000030517578,18.757200241088867,18.434799194335938,18.434799194335938,1743,0.0,0.0
2024-07-02 12:30:00-04:00,18.405000686645508,18.489999771118164,18.364999771118164,18.364999771118164,3810,0.0,0.0
2024-07-02 13:30:00-04:00,18.3799991607666,18.389999389648438,18.250099182128906,18.389999389648438,1231,0.0,0.0
2024-07-02 14:30:00-04:00,18.420000076293945,18.450000762939453,18.1200008392334,18.1200008392334,5638,0.0,0.0
2024-07-02 15:30:00-04:00,18.200000762939453,18.200000762939453,17.953500747680664,18.079999923706055,11176,0.0,0.0
2024-07-03 09:30:00-04:00,18.18000030517578,18.350000381469727,17.94499969482422,18.145000457763672,7098,0.0,0.0
2024-07-03 10:30:00-04:00,18.11009979248047,18.25,17.81999969482422,18.020000457763672,6194,0.0,0.0
2024-07-03 11:30:00-04:00,18.049999237060547,18.309999465942383,18.049999237060547,18.260000228881836,6566,0.0,0.0
2024-07-05 09:30:00-04:00,18.780000686645508,19.129899978637695,18.579999923706055,18.579999923706055,0,0.0,0.0
2024-07-05 10:30:00-04:00,18.559999465942383,19.09000015258789,18.40999984741211,18.93000030517578,13508,0.0,0.0
2024-07-05 11:30:00-04:00,19.010000228881836,19.100000381469727,19.0,19.0,5831,0.0,0.0
2024-07-05 12:30:00-04:00,19.065000534057617,19.1200008392334,18.90999984741211,18.90999984741211,6971,0.0,0.0
2024-07-05 13:30:00-04:00,18.790000915527344,19.1200008392334,18.790000915527344,18.899999618530273,14103,0.0,0.0
2024-07-05 14:30:00-04:00,19.01849937438965,19.01849937438965,18.760000228881836,18.760000228881836,2009,0.0,0.0
2024-07-05 15:30:00-04:00,18.899999618530273,19.139999389648438,18.899999618530273,19.09000015258789,6394,0.0,0.0
2024-07-08 09:30:00-04:00,19.299999237060547,19.299999237060547,18.78499984741211,18.859899520874023,14648,0.0,0.0
2024-07-08 10:30:00-04:00,18.700000762939453,18.719999313354492,18.610000610351562,18.610000610351562,3024,0.0,0.0
2024-07-08 11:30:00-04:00,18.59000015258789,18.719999313354492,18.350000381469727,18.719999313354492,10506,0.0,0.0
2024-07-08 12:30:00-04:00,18.774999618530273,18.774999618530273,18.75,18.764999389648438,2613,0.0,0.0
2024-07-08 13:30:00-04:00,18.770000457763672,18.81999969482422,18.719999313354492,18.774999618530273,2432,0.0,0.0
2024-07-08 14:30:00-04:00,18.774999618530273,18.920000076293945,18.729999542236328,18.860000610351562,4139,0.0,0.0
2024-07-08 15:30:00-04:00,18.829999923706055,19.1200008392334,18.829999923706055,19.045000076293945,9728,0.0,0.0
2024-07-09 09:30:00-04:00,19.170000076293945,19.3799991607666,18.950000762939453,19.31999969482422,3793,0.0,0.0
2024-07-09 10:30:00-04:00,19.399999618530273,19.790000915527344,19.399999618530273,19.690000534057617,8987,0.0,0.0
2024-07-09 11:30:00-04:00,19.65999984741211,19.75,19.594999313354492,19.594999313354492,2813,0.0,0.0
2024-07-09 12:30:00-04:00,19.729999542236328,19.729999542236328,19.559999465942383,19.670000076293945,8205,0.0,0.0
2024-07-09 13:30:00-04:00,19.729999542236328,19.899999618530273,19.670000076293945,19.899999618530273,1277,0.0,0.0
2024-07-09 14:30:00-04:00,19.885000228881836,19.885000228881836,19.530000686645508,19.530000686645508,4251,0.0,0.0
2024-07-09 15:30:00-04:00,19.44499969482422,19.65999984741211,19.44499969482422,19.65999984741211,3970,0.0,0.0
2024-07-10 09:30:00-04:00,19.760000228881836,19.84440040588379,19.389999389648438,19.68000030517578,6874,0.0,0.0
2024-07-10 10:30:00-04:00,19.549999237060547,19.559999465942383,19.235000610351562,19.28499984741211,1558,0.0,0.0
2024-07-10 11:30:00-04:00,19.389999389648438,19.389999389648438,19.350000381469727,19.350000381469727,2814,0.0,0.0
2024-07-10 12:30:00-04:00,19.299999237060547,19.3700008392334,19.299999237060547,19.34000015258789,2487,0.0,0.0
2024-07-10 13:30:00-04:00,19.42009925842285,19.719999313354492,19.42009925842285,19.65999984741211,2658,0.0,0.0
2024-07-10 14:30:00-04:00,19.56999969482422,19.836000442504883,19.459999084472656,19.6299991607666,6067,0.0,0.0
2024-07-10 15:30:00-04:00,19.749900817871094,19.875,19.6299991607666,19.860000610351562,11412,0.0,0.0
2024-07-11 09:30:00-04:00,19.979999542236328,20.06529998779297,19.6289005279541,19.83449935913086,8492,0.0,0.0
2024-07-11 10:30:00-04:00,20.071500778198242,20.071500778198242,19.799999237060547,19.979999542236328,3335,0.0,0.0
2024-07-11 11:30:00-04:00,19.979999542236328,20.0,19.799999237060547,19.809999465942383,5127,0.0,0.0
2024-07-11 12:30:00-04:00,19.940000534057617,20.204999923706055,19.815000534057617,20.204999923706055,16552,0.0,0.0
2024-07-11 13:30:00-04:00,20.170000076293945,20.68000030517578,20.010000228881836,20.489999771118164,14879,0.0,0.0
2024-07-11 14:30:00-04:00,20.510000228881836,20.719999313354492,20.360000610351562,20.5,11140,0.0,0.0
2024-07-11 15:30:00-04:00,20.510000228881836,20.799999237060547,20.442899703979492,20.75,15051,0.0,0.0
2024-07-12 09:30:00-04:00,20.8700008392334,21.5,20.8700008392334,21.459999084472656,10946,0.0,0.0
2024-07-12 10:30:00-04:00,21.440000534057617,21.6200008392334,21.299999237060547,21.485000610351562,3067,0.0,0.0
2024-07-12 11:30:00-04:00,21.399999618530273,21.59000015258789,21.28499984741211,21.350000381469727,22131,0.0,0.0
2024-07-12 12:30:00-04:00,21.389999389648438,21.6299991607666,21.31999969482422,21.479999542236328,26138,0.0,0.0
2024-07-12 13:30:00-04:00,21.395000457763672,21.68000030517578,21.395000457763672,21.610000610351562,10134,0.0,0.0
2024-07-12 14:30:00-04:00,21.610000610351562,22.229999542236328,21.610000610351562,21.90999984741211,71803,0.0,0.0
2024-07-12 15:30:00-04:00,22.0,22.190000534057617,21.65999984741211,21.75,18173,0.0,0.0
2024-07-15 09:30:00-04:00,21.75,21.847999572753906,21.3799991607666,21.739999771118164,7962,0.0,0.0
2024-07-15 10:30:00-04:00,21.777999877929688,21.815000534057617,21.600000381469727,21.719999313354492,5828,0.0,0.0
2024-07-15 11:30:00-04:00,21.6299991607666,21.84000015258789,21.6299991607666,21.735000610351562,13508,0.0,0.0
2024-07-15 12:30:00-04:00,21.735000610351562,21.760000228881836,21.405000686645508,21.405000686645508,9051,0.0,0.0
2024-07-15 13:30:00-04:00,21.434999465942383,21.434999465942383,21.145000457763672,21.334999084472656,4892,0.0,0.0
2024-07-15 14:30:00-04:00,21.334999084472656,21.510000228881836,21.219999313354492,21.40999984741211,7939,0.0,0.0
2024-07-15 15:30:00-04:00,21.59000015258789,21.700000762939453,21.389999389648438,21.5,22964,0.0,0.0
2024-07-16 09:30:00-04:00,21.510000228881836,22.280000686645508,21.3700008392334,21.799999237060547,53498,0.0,0.0
2024-07-16 10:30:00-04:00,21.850000381469727,22.18000030517578,21.709999084472656,22.0,5251,0.0,0.0
2024-07-16 11:30:00-04:00,22.18000030517578,22.3700008392334,21.90999984741211,22.3700008392334,10970,0.0,0.0
2024-07-16 12:30:00-04:00,22.399999618530273,22.40999984741211,22.25,22.360000610351562,6235,0.0,0.0
2024-07-16 13:30:00-04:00,22.399999618530273,22.399999618530273,22.110000610351562,22.34000015258789,10509,0.0,0.0
2024-07-16 14:30:00-04:00,22.309999465942383,22.520000457763672,22.239999771118164,22.510000228881836,11832,0.0,0.0
2024-07-16 15:30:00-04:00,22.579999923706055,22.760000228881836,22.565000534057617,22.6200008392334,11375,0.0,0.0
2024-07-17 09:30:00-04:00,22.75,23.100000381469727,22.25,22.670000076293945,26264,0.0,0.0
2024-07-17 10:30:00-04:00,22.68000030517578,23.0,22.479999542236328,22.69499969482422,8980,0.0,0.0
2024-07-17 11:30:00-04:00,22.670000076293945,23.1200008392334,22.575000762939453,22.920000076293945,15061,0.0,0.0
2024-07-17 12:30:00-04:00,22.75,22.75,22.3799991607666,22.719999313354492,10394,0.0,0.0
2024-07-17 13:30:00-04:00,22.670000076293945,23.100000381469727,22.670000076293945,22.790000915527344,9765,0.0,0.0
2024-07-17 14:30:00-04:00,22.8799991607666,23.05500030517578,22.75,22.780000686645508,52091,0.0,0.0
2024-07-17 15:30:00-04:00,22.78499984741211,22.93000030517578,22.469999313354492,22.479999542236328,15386,0.0,0.0
2024-07-18 09:30:00-04:00,22.6200008392334,22.6200008392334,21.504899978637695,22.15999984741211,9848,0.0,0.0
2024-07-18 10:30:00-04:00,22.209999084472656,22.274999618530273,22.06999969482422,22.100000381469727,2976,0.0,0.0
2024-07-18 11:30:00-04:00,22.084999084472656,22.084999084472656,21.709999084472656,21.837200164794922,7226,0.0,0.0
2024-07-18 12:30:00-04:00,21.959999084472656,22.079999923706055,21.799999237060547,22.05500030517578,5349,0.0,0.0
2024-07-18 13:30:00-04:00,22.18000030517578,22.18000030517578,21.6200008392334,21.729999542236328,7936,0.0,0.0
2024-07-18 14:30:00-04:00,21.71500015258789,21.860000610351562,21.690000534057617,21.860000610351562,3411,0.0,0.0
2024-07-18 15:30:00-04:00,21.780000686645508,22.059999465942383,21.780000686645508,22.024999618530273,5459,0.0,0.0
2024-07-19 09:30:00-04:00,21.739999771118164,22.399999618530273,21.739999771118164,22.399999618530273,6665,0.0,0.0
2024-07-19 10:30:00-04:00,22.68000030517578,23.010000228881836,22.600000381469727,22.850000381469727,5275,0.0,0.0
2024-07-19 11:30:00-04:00,22.719999313354492,22.899999618530273,22.699199676513672,22.860000610351562,4695,0.0,0.0
2024-07-19 12:30:00-04:00,22.829999923706055,22.854999542236328,22.760000228881836,22.760000228881836,1839,0.0,0.0
2024-07-19 13:30:00-04:00,22.56999969482422,22.56999969482422,22.18000030517578,22.18000030517578,3481,0.0,0.0
2024-07-19 14:30:00-04:00,22.18000030517578,22.540000915527344,22.18000030517578,22.540000915527344,3360,0.0,0.0
2024-07-19 15:30:00-04:00,22.649999618530273,22.921199798583984,22.649999618530273,22.68000030517578,6611,0.0,0.0
2024-07-22 09:30:00-04:00,22.889999389648438,23.440000534057617,22.75,23.299999237060547,13648,0.0,0.0
2024-07-22 10:30:00-04:00,23.440000534057617,23.659400939941406,23.299999237060547,23.299999237060547,11028,0.0,0.0
2024-07-22 11:30:00-04:00,23.31999969482422,23.5,23.31999969482422,23.434999465942383,6036,0.0,0.0
2024-07-22 12:30:00-04:00,23.5,23.600000381469727,23.3799991607666,23.399999618530273,21827,0.0,0.0
2024-07-22 13:30:00-04:00,23.395000457763672,23.65999984741211,23.344999313354492,23.565000534057617,11315,0.0,0.0
2024-07-22 14:30:00-04:00,23.565000534057617,23.6200008392334,22.954999923706055,23.239999771118164,56578,0.0,0.0
2024-07-22 15:30:00-04:00,23.25,23.489999771118164,23.0,23.1299991607666,27046,0.0,0.0
2024-07-23 09:30:00-04:00,23.209999084472656,23.260000228881836,22.8700008392334,23.0,7054,0.0,0.0
2024-07-23 10:30:00-04:00,23.135000228881836,23.5,23.135000228881836,23.231199264526367,6496,0.0,0.0
2024-07-23 11:30:00-04:00,23.34000015258789,23.43000030517578,23.010000228881836,23.09000015258789,8403,0.0,0.0
2024-07-23 12:30:00-04:00,22.985000610351562,23.010000228881836,22.969999313354492,22.979999542236328,1351,0.0,0.0
2024-07-23 13:30:00-04:00,22.854999542236328,23.010000228881836,22.799999237060547,23.010000228881836,4579,0.0,0.0
2024-07-23 14:30:00-04:00,23.1200008392334,23.149999618530273,22.94499969482422,23.1200008392334,5143,0.0,0.0
2024-07-23 15:30:00-04:00,23.049999237060547,23.170000076293945,23.049999237060547,23.159000396728516,8423,0.0,0.0
2024-07-24 09:30:00-04:00,23.229999542236328,23.420000076293945,23.020000457763672,23.030000686645508,18738,0.0,0.0
2024-07-24 10:30:00-04:00,23.31999969482422,23.3799991607666,23.15999984741211,23.34000015258789,5665,0.0,0.0
2024-07-24 11:30:00-04:00,23.290599822998047,23.309999465942383,22.899999618530273,22.899999618530273,3362,0.0,0.0
2024-07-24 12:30:00-04:00,23.0,23.030000686645508,22.8799991607666,22.8799991607666,2089,0.0,0.0
2024-07-24 13:30:00-04:00,22.8799991607666,23.010000228881836,22.760000228881836,22.760000228881836,3819,0.0,0.0
2024-07-24 14:30:00-04:00,22.625,22.68000030517578,22.424999237060547,22.559999465942383,4645,0.0,0.0
2024-07-24 15:30:00-04:00,22.6299991607666,22.65999984741211,22.350000381469727,22.395000457763672,7982,0.0,0.0
2024-07-25 09:30:00-04:00,22.530000686645508,22.579999923706055,21.559999465942383,21.889999389648438,15749,0.0,0.0
2024-07-25 10:30:00-04:00,21.690000534057617,22.450000762939453,21.690000534057617,22.450000762939453,3907,0.0,0.0
2024-07-25 11:30:00-04:00,22.354999542236328,22.520000457763672,22.354999542236328,22.399999618530273,2647,0.0,0.0
2024-07-25 12:30:00-04:00,23.0,23.0,22.56879997253418,22.56879997253418,19362,0.0,0.0
2024-07-25 13:30:00-04:00,22.584999084472656,22.584999084472656,22.489999771118164,22.55500030517578,1751,0.0,0.0
2024-07-25 14:30:00-04:00,22.59000015258789,22.689899444580078,22.30500030517578,22.530000686645508,4528,0.0,0.0
2024-07-25 15:30:00-04:00,22.530000686645508,22.649999618530273,22.399999618530273,22.530000686645508,4678,0.0,0.0
2024-07-26 09:30:00-04:00,22.719999313354492,22.75,22.604999542236328,22.68000030517578,3944,0.0,0.0
2024-07-26 10:30:00-04:00,22.75,22.8700008392334,22.75,22.8700008392334,5002,0.0,0.0
2024-07-26 11:30:00-04:00,22.979999542236328,23.1200008392334,22.8700008392334,22.875,11283,0.0,0.0
2024-07-26 12:30:00-04:00,22.850000381469727,22.850000381469727,22.777999877929688,22.777999877929688,1000,0.0,0.0
2024-07-26 13:30:00-04:00,22.729999542236328,23.020000457763672,22.670000076293945,23.020000457763672,7877,0.0,0.0
2024-07-26 14:30:00-04:00,22.950000762939453,23.040000915527344,22.889999389648438,23.0,6546,0.0,0.0
2024-07-26 15:30:00-04:00,23.020000457763672,23.059999465942383,22.93000030517578,23.0,11432,0.0,0.0
2024-07-29 09:30:00-04:00,22.950000762939453,22.950000762939453,21.760000228881836,22.360000610351562,18659,0.0,0.0
2024-07-29 10:30:00-04:00,22.350000381469727,22.639999389648438,22.079999923706055,22.639999389648438,10820,0.0,0.0
2024-07-29 11:30:00-04:00,22.739999771118164,22.989999771118164,22.704999923706055,22.729999542236328,4521,0.0,0.0
2024-07-29 12:30:00-04:00,22.600000381469727,22.850000381469727,22.3799991607666,22.3799991607666,5498,0.0,0.0
2024-07-29 13:30:00-04:00,22.43000030517578,22.670000076293945,22.360000610351562,22.6200008392334,5085,0.0,0.0
2024-07-29 14:30:00-04:00,22.59000015258789,23.049999237060547,22.555400848388672,23.040000915527344,5686,0.0,0.0
2024-07-29 15:30:00-04:00,23.040000915527344,23.110000610351562,22.729999542236328,22.985000610351562,22237,0.0,0.0
2024-07-30 09:30:00-04:00,23.0,23.31999969482422,22.93000030517578,23.21500015258789,7770,0.0,0.0
2024-07-30 10:30:00-04:00,23.20599937438965,23.3799991607666,23.030000686645508,23.100000381469727,21133,0.0,0.0
2024-07-30 11:30:00-04:00,23.209999084472656,23.229999542236328,22.799999237060547,23.0,21871,0.0,0.0
2024-07-30 12:30:00-04:00,22.94499969482422,23.299999237060547,22.889999389648438,23.25,27480,0.0,0.0
2024-07-30 13:30:00-04:00,23.21500015258789,23.770000457763672,23.0,23.770000457763672,31137,0.0,0.0
2024-07-30 14:30:00-04:00,23.645000457763672,23.690000534057617,22.825000762939453,22.940000534057617,39877,0.0,0.0
2024-07-30 15:30:00-04:00,22.799999237060547,22.950000762939453,22.719999313354492,22.799999237060547,11505,0.0,0.0
2024-07-31 09:30:00-04:00,23.0,23.0,22.799999237060547,22.844999313354492,4213,0.0,0.0
2024-07-31 10:30:00-04:00,22.979999542236328,23.049999237060547,22.649999618530273,22.905000686645508,36832,0.0,0.0
2024-07-31 11:30:00-04:00,23.0,23.014999389648438,22.889999389648438,22.899999618530273,9550,0.0,0.0
2024-07-31 12:30:00-04:00,23.0,23.0,22.8700008392334,23.0,15304,0.0,0.0
2024-07-31 13:30:00-04:00,22.93000030517578,23.024999618530273,22.8700008392334,22.899999618530273,16601,0.0,0.0
2024-07-31 14:30:00-04:00,22.989999771118164,23.100000381469727,22.920000076293945,22.9950008392334,29597,0.0,0.0
2024-07-31 15:30:00-04:00,23.040000915527344,23.040000915527344,22.78499984741211,22.924999237060547,20528,0.0,0.0
2024-08-01 09:30:00-04:00,22.8700008392334,23.0,22.139999389648438,22.139999389648438,6822,0.0,0.0
2024-08-01 10:30:00-04:00,22.010000228881836,22.010000228881836,21.059999465942383,21.225000381469727,10107,0.0,0.0
2024-08-01 11:30:00-04:00,21.350799560546875,21.41900062561035,20.882099151611328,21.149999618530273,6486,0.0,0.0
2024-08-01 12:30:00-04:00,21.155000686645508,21.155000686645508,20.80500030517578,20.80500030517578,2855,0.0,0.0
2024-08-01 13:30:00-04:00,20.68000030517578,20.81999969482422,20.56999969482422,20.575000762939453,5618,0.0,0.0
2024-08-01 14:30:00-04:00,20.5,21.0,20.34000015258789,21.0,6447,0.0,0.0
2024-08-01 15:30:00-04:00,21.15999984741211,21.40999984741211,21.15999984741211,21.399999618530273,9144,0.0,0.0
2024-08-02 09:30:00-04:00,20.84000015258789,21.200000762939453,20.84000015258789,21.100000381469727,3958,0.0,0.0
2024-08-02 10:30:00-04:00,20.815000534057617,20.8700008392334,20.5,20.5,1549,0.0,0.0
2024-08-02 11:30:00-04:00,20.513399124145508,20.513399124145508,20.420000076293945,20.420000076293945,2274,0.0,0.0
2024-08-02 12:30:00-04:00,20.399999618530273,20.399999618530273,20.399999618530273,20.399999618530273,650,0.0,0.0
2024-08-02 13:30:00-04:00,20.318599700927734,20.31999969482422,19.65999984741211,19.75,6133,0.0,0.0
2024-08-02 14:30:00-04:00,19.75,19.829999923706055,19.655000686645508,19.81999969482422,4867,0.0,0.0
2024-08-02 15:30:00-04:00,19.795000076293945,20.06999969482422,19.594999313354492,19.920000076293945,17337,0.0,0.0
2024-08-05 09:30:00-04:00,18.84000015258789,19.149999618530273,18.31999969482422,18.979999542236328,14777,0.0,0.0
2024-08-05 10:30:00-04:00,19.0,19.61989974975586,19.0,19.239999771118164,13842,0.0,0.0
2024-08-05 11:30:00-04:00,19.2549991607666,19.415000915527344,19.2549991607666,19.415000915527344,2679,0.0,0.0
2024-08-05 12:30:00-04:00,19.520000457763672,19.520000457763672,19.010000228881836,19.020000457763672,5928,0.0,0.0
2024-08-05 13:30:00-04:00,19.270000457763672,19.270000457763672,18.889999389648438,18.889999389648438,2376,0.0,0.0
2024-08-05 14:30:00-04:00,18.90999984741211,19.075000762939453,18.6200008392334,18.6200008392334,6193,0.0,0.0
2024-08-05 15:30:00-04:00,18.670000076293945,18.68000030517578,18.280000686645508,18.68000030517578,14850,0.0,0.0
2024-08-06 09:30:00-04:00,18.579999923706055,19.100000381469727,18.579999923706055,18.95989990234375,9226,0.0,0.0
2024-08-06 10:30:00-04:00,18.829999923706055,18.959999084472656,18.299999237060547,18.299999237060547,7752,0.0,0.0
2024-08-06 11:30:00-04:00,18.25,18.729999542236328,18.184999465942383,18.729999542236328,10839,0.0,0.0
2024-08-06 12:30:00-04:00,18.704999923706055,18.8799991607666,18.600000381469727,18.809999465942383,4802,0.0,0.0
2024-08-06 13:30:00-04:00,18.8799991607666,18.979999542236328,18.790000915527344,18.959999084472656,6733,0.0,0.0
2024-08-06 14:30:00-04:00,18.8700008392334,19.14699935913086,18.719999313354492,18.815000534057617,13856,0.0,0.0
2024-08-06 15:30:00-04:00,18.829999923706055,18.899999618530273,18.469999313354492,18.6299991607666,10645,0.0,0.0
2024-08-07 09:30:00-04:00,18.729999542236328,19.079999923706055,18.729999542236328,18.790000915527344,5091,0.0,0.0
2024-08-07 10:30:00-04:00,18.709999084472656,18.850000381469727,18.709999084472656,18.799999237060547,2548,0.0,0.0
2024-08-07 11:30:00-04:00,18.81999969482422,18.81999969482422,18.309999465942383,18.5,3743,0.0,0.0
2024-08-07 12:30:00-04:00,18.530000686645508,18.66029930114746,18.139999389648438,18.139999389648438,8833,0.0,0.0
2024-08-07 13:30:00-04:00,18.319900512695312,18.319900512695312,17.82200050354004,17.945499420166016,15381,0.0,0.0
2024-08-07 14:30:00-04:00,17.850000381469727,17.960800170898438,17.75,17.860000610351562,2967,0.0,0.0
2024-08-07 15:30:00-04:00,17.790000915527344,17.950000762939453,17.600000381469727,17.729999542236328,11260,0.0,0.0
2024-08-08 09:30:00-04:00,17.829999923706055,18.31999969482422,17.829999923706055,18.06999969482422,10030,0.0,0.0
2024-08-08 10:30:00-04:00,18.030000686645508,18.217599868774414,17.90999984741211,18.059999465942383,6695,0.0,0.0
2024-08-08 11:30:00-04:00,18.09000015258789,18.09000015258789,17.854999542236328,17.989999771118164,2268,0.0,0.0
2024-08-08 12:30:00-04:00,17.989999771118164,18.397499084472656,17.959999084472656,18.219999313354492,5905,0.0,0.0
2024-08-08 13:30:00-04:00,18.219999313354492,18.420000076293945,18.1200008392334,18.420000076293945,9534,0.0,0.0
2024-08-08 14:30:00-04:00,18.270000457763672,18.56999969482422,18.270000457763672,18.489999771118164,7158,0.0,0.0
2024-08-08 15:30:00-04:00,18.5,18.5,18.219999313354492,18.280000686645508,6221,0.0,0.0
2024-08-09 09:30:00-04:00,18.360000610351562,18.424999237060547,18.1200008392334,18.219999313354492,2813,0.0,0.0
2024-08-09 10:30:00-04:00,18.510000228881836,18.68000030517578,18.510000228881836,18.68000030517578,411,0.0,0.0
2024-08-09 11:30:00-04:00,18.43000030517578,18.559999465942383,18.309999465942383,18.309999465942383,2798,0.0,0.0
2024-08-09 12:30:00-04:00,18.31999969482422,18.31999969482422,17.854999542236328,18.040000915527344,7781,0.0,0.0
2024-08-09 13:30:00-04:00,18.065000534057617,18.06999969482422,17.700000762939453,18.059999465942383,5679,0.0,0.0
2024-08-09 14:30:00-04:00,18.110000610351562,18.110000610351562,17.809999465942383,17.979999542236328,9699,0.0,0.0
2024-08-09 15:30:00-04:00,17.969999313354492,18.290000915527344,17.969999313354492,18.200000762939453,9696,0.0,0.0
2024-08-12 09:30:00-04:00,18.459999084472656,18.780000686645508,18.329999923706055,18.415000915527344,5055,0.0,0.0
2024-08-12 10:30:00-04:00,18.424999237060547,19.0,18.424999237060547,18.76140022277832,9385,0.0,0.0
2024-08-12 11:30:00-04:00,18.584999084472656,18.84000015258789,18.584999084472656,18.84000015258789,8149,0.0,0.0
2024-08-12 12:30:00-04:00,18.760000228881836,18.770000457763672,18.524999618530273,18.524999618530273,2669,0.0,0.0
2024-08-12 13:30:00-04:00,18.703100204467773,18.8799991607666,18.450000762939453,18.8700008392334,4441,0.0,0.0
2024-08-12 14:30:00-04:00,18.924999237060547,19.420000076293945,18.924999237060547,19.33989906311035,11571,0.0,0.0
2024-08-12 15:30:00-04:00,19.15999984741211,19.15999984741211,18.989999771118164,19.128999710083008,6916,0.0,0.0
2024-08-13 09:30:00-04:00,19.18000030517578,19.989999771118164,19.18000030517578,19.989999771118164,8879,0.0,0.0
2024-08-13 10:30:00-04:00,19.809999465942383,19.809999465942383,19.690000534057617,19.725000381469727,2278,0.0,0.0
2024-08-13 11:30:00-04:00,19.65999984741211,19.65999984741211,19.350000381469727,19.484699249267578,1570,0.0,0.0
2024-08-13 12:30:00-04:00,19.399999618530273,19.399999618530273,19.270099639892578,19.299999237060547,3035,0.0,0.0
2024-08-13 14:30:00-04:00,19.454999923706055,19.739999771118164,19.454999923706055,19.739999771118164,2799,0.0,0.0
2024-08-13 15:30:00-04:00,19.790000915527344,19.790000915527344,19.56999969482422,19.56999969482422,5127,0.0,0.0
2024-08-14 09:30:00-04:00,19.899999618530273,19.899999618530273,19.1299991607666,19.1299991607666,6254,0.0,0.0
2024-08-14 10:30:00-04:00,19.010000228881836,19.184999465942383,18.90019989013672,19.184999465942383,4696,0.0,0.0
2024-08-14 11:30:00-04:00,19.200000762939453,19.260000228881836,18.75,18.75,12955,0.0,0.0
2024-08-14 12:30:00-04:00,18.8700008392334,18.920000076293945,18.655000686645508,18.655000686645508,4808,0.0,0.0
2024-08-14 13:30:00-04:00,18.760000228881836,18.829999923706055,18.559999465942383,18.690000534057617,5379,0.0,0.0
2024-08-14 14:30:00-04:00,18.709999084472656,18.770000457763672,18.510000228881836,18.6299991607666,12134,0.0,0.0
2024-08-14 15:30:00-04:00,18.700000762939453,18.850000381469727,18.639999389648438,18.850000381469727,5230,0.0,0.0
2024-08-15 09:30:00-04:00,19.40999984741211,20.0,19.290000915527344,19.740800857543945,14386,0.0,0.0
2024-08-15 10:30:00-04:00,19.836999893188477,19.959999084472656,19.549999237060547,19.560100555419922,5529,0.0,0.0
2024-08-15 11:30:00-04:00,19.42009925842285,19.530000686645508,19.3799991607666,19.530000686645508,4605,0.0,0.0
2024-08-15 12:30:00-04:00,19.799999237060547,19.799999237060547,19.40999984741211,19.40999984741211,427,0.0,0.0
2024-08-15 13:30:00-04:00,19.635000228881836,19.81999969482422,19.440000534057617,19.81999969482422,1857,0.0,0.0
2024-08-15 14:30:00-04:00,19.83989906311035,19.989999771118164,19.770000457763672,19.989999771118164,2379,0.0,0.0
2024-08-15 15:30:00-04:00,19.90999984741211,19.989999771118164,19.709999084472656,19.709999084472656,10251,0.0,0.0
2024-08-16 09:30:00-04:00,19.889999389648438,20.489999771118164,19.889999389648438,20.174999237060547,7584,0.0,0.0
2024-08-16 10:30:00-04:00,19.8700008392334,20.18000030517578,19.860000610351562,20.09000015258789,4089,0.0,0.0
2024-08-16 11:30:00-04:00,20.010000228881836,20.024999618530273,20.0,20.024999618530273,685,0.0,0.0
2024-08-16 12:30:00-04:00,20.049999237060547,20.139999389648438,20.049999237060547,20.059600830078125,3315,0.0,0.0
2024-08-16 13:30:00-04:00,20.100000381469727,20.209999084472656,20.020000457763672,20.100000381469727,3696,0.0,0.0
2024-08-16 14:30:00-04:00,20.190000534057617,20.440000534057617,20.149999618530273,20.40999984741211,7315,0.0,0.0
2024-08-16 15:30:00-04:00,20.360000610351562,20.360000610351562,20.059999465942383,20.1200008392334,6066,0.0,0.0
2024-08-19 09:30:00-04:00,20.5,20.989999771118164,20.25,20.940000534057617,20205,0.0,0.0
2024-08-19 10:30:00-04:00,20.81999969482422,21.014999389648438,20.81999969482422,21.014999389648438,1178,0.0,0.0
2024-08-19 11:30:00-04:00,21.049999237060547,21.049999237060547,20.8700008392334,21.0,2715,0.0,0.0
2024-08-19 12:30:00-04:00,21.149999618530273,21.260000228881836,21.030000686645508,21.260000228881836,13987,0.0,0.0
2024-08-19 13:30:00-04:00,21.43000030517578,21.488000869750977,20.850000381469727,20.959999084472656,13023,0.0,0.0
2024-08-19 14:30:00-04:00,21.040000915527344,21.079999923706055,20.950000762939453,21.059999465942383,3502,0.0,0.0
2024-08-19 15:30:00-04:00,21.079999923706055,21.107999801635742,20.920000076293945,21.045000076293945,7345,0.0,0.0
2024-08-20 09:30:00-04:00,21.030000686645508,21.3799991607666,20.832000732421875,21.219999313354492,5304,0.0,0.0
2024-08-20 10:30:00-04:00,21.0,21.104999542236328,20.93000030517578,21.03499984741211,2006,0.0,0.0
2024-08-20 11:30:00-04:00,21.06999969482422,21.06999969482422,20.560100555419922,20.560100555419922,2246,0.0,0.0
2024-08-20 12:30:00-04:00,20.799999237060547,20.799999237060547,20.674999237060547,20.674999237060547,1029,0.0,0.0
2024-08-20 13:30:00-04:00,20.535200119018555,20.690000534057617,20.535200119018555,20.598800659179688,2303,0.0,0.0
2024-08-20 14:30:00-04:00,20.829999923706055,21.06999969482422,20.709999084472656,21.0,3144,0.0,0.0
2024-08-20 15:30:00-04:00,21.0049991607666,21.229999542236328,20.739999771118164,20.81999969482422,16984,0.0,0.0
2024-08-21 09:30:00-04:00,21.1200008392334,21.200000762939453,20.969999313354492,21.040000915527344,1536,0.0,0.0
2024-08-21 10:30:00-04:00,21.1200008392334,21.135000228881836,20.989999771118164,21.104999542236328,2542,0.0,0.0
2024-08-21 11:30:00-04:00,21.19499969482422,21.19499969482422,21.024999618530273,21.024999618530273,1075,0.0,0.0
2024-08-21 12:30:00-04:00,21.030000686645508,21.155000686645508,21.0,21.0049991607666,6207,0.0,0.0
2024-08-21 13:30:00-04:00,21.0,21.155000686645508,20.899999618530273,21.065000534057617,4052,0.0,0.0
2024-08-21 14:30:00-04:00,21.079999923706055,21.079999923706055,20.93000030517578,21.0,3936,0.0,0.0
2024-08-21 15:30:00-04:00,21.0,21.15999984741211,21.0,21.139999389648438,12907,0.0,0.0
2024-08-22 09:30:00-04:00,21.139999389648438,21.139999389648438,20.614999771118164,20.80500030517578,14236,0.0,0.0
2024-08-22 10:30:00-04:00,20.799999237060547,20.889999389648438,20.790000915527344,20.795000076293945,1404,0.0,0.0
2024-08-22 11:30:00-04:00,20.979999542236328,21.100000381469727,20.979999542236328,21.0049991607666,3103,0.0,0.0
2024-08-22 12:30:00-04:00,21.100000381469727,21.209999084472656,21.0,21.0,13272,0.0,0.0
2024-08-22 13:30:00-04:00,20.979999542236328,21.024999618530273,20.8799991607666,21.024999618530273,2014,0.0,0.0
2024-08-22 14:30:00-04:00,21.0,21.0049991607666,20.889999389648438,20.933300018310547,5843,0.0,0.0
2024-08-22 15:30:00-04:00,20.940000534057617,20.959999084472656,20.8700008392334,20.920000076293945,9883,0.0,0.0
2024-08-23 09:30:00-04:00,21.3799991607666,21.3799991607666,20.959999084472656,21.020000457763672,0,0.0,0.0
2024-08-23 10:30:00-04:00,21.059999465942383,21.06999969482422,20.969999313354492,20.969999313354492,8508,0.0,0.0
2024-08-23 11:30:00-04:00,20.979999542236328,21.100000381469727,20.979999542236328,21.09000015258789,6378,0.0,0.0
2024-08-23 12:30:00-04:00,21.040000915527344,21.09000015258789,20.824100494384766,21.0049991607666,4468,0.0,0.0
2024-08-23 13:30:00-04:00,21.040000915527344,21.040000915527344,21.040000915527344,21.040000915527344,1680,0.0,0.0
2024-08-23 14:30:00-04:00,20.950000762939453,21.024999618530273,20.854999542236328,21.024999618530273,7935,0.0,0.0
2024-08-23 15:30:00-04:00,21.024999618530273,21.040000915527344,20.889999389648438,20.899999618530273,11162,0.0,0.0
2024-08-26 09:30:00-04:00,21.190000534057617,21.389999389648438,20.989999771118164,20.9950008392334,13248,0.0,0.0
2024-08-26 10:30:00-04:00,21.2185001373291,21.25,20.959999084472656,21.100000381469727,9876,0.0,0.0
2024-08-26 11:30:00-04:00,20.9950008392334,21.34000015258789,20.9950008392334,21.25,18320,0.0,0.0
2024-08-26 12:30:00-04:00,21.270000457763672,21.270000457763672,21.139999389648438,21.200000762939453,9137,0.0,0.0
2024-08-26 13:30:00-04:00,21.19499969482422,21.989999771118164,21.190000534057617,21.889999389648438,19819,0.0,0.0
2024-08-26 14:30:00-04:00,21.93000030517578,21.93000030517578,21.520000457763672,21.700000762939453,26291,0.0,0.0
2024-08-26 15:30:00-04:00,21.691499710083008,21.770000457763672,21.420000076293945,21.5,28629,0.0,0.0
2024-08-27 09:30:00-04:00,21.5,21.809999465942383,21.20009994506836,21.25,21103,0.0,0.0
2024-08-27 10:30:00-04:00,21.209999084472656,21.209999084472656,20.847900390625,20.847900390625,5901,0.0,0.0
2024-08-27 11:30:00-04:00,20.90999984741211,21.420000076293945,20.90999984741211,21.15999984741211,3319,0.0,0.0
2024-08-27 12:30:00-04:00,21.110000610351562,21.110000610351562,20.719999313354492,20.75,9469,0.0,0.0
2024-08-27 13:30:00-04:00,20.799999237060547,20.8125,20.65999984741211,20.790000915527344,5545,0.0,0.0
2024-08-27 14:30:00-04:00,20.780000686645508,20.8799991607666,20.780000686645508,20.844999313354492,5154,0.0,0.0
2024-08-27 15:30:00-04:00,20.809999465942383,20.81999969482422,20.719999313354492,20.729999542236328,12418,0.0,0.0
2024-08-28 09:30:00-04:00,20.59000015258789,20.644100189208984,20.260099411010742,20.459999084472656,5943,0.0,0.0
2024-08-28 10:30:00-04:00,20.364999771118164,20.649999618530273,20.364999771118164,20.649999618530273,2877,0.0,0.0
2024-08-28 11:30:00-04:00,20.59000015258789,20.600000381469727,20.399999618530273,20.399999618530273,2404,0.0,0.0
2024-08-28 12:30:00-04:00,20.270000457763672,20.270000457763672,19.899999618530273,19.979999542236328,5087,0.0,0.0
2024-08-28 13:30:00-04:00,20.2450008392334,20.479999542236328,20.139999389648438,20.239999771118164,2262,0.0,0.0
2024-08-28 14:30:00-04:00,20.050600051879883,20.25,19.940000534057617,19.989999771118164,10869,0.0,0.0
2024-08-28 15:30:00-04:00,20.299999237060547,20.389999389648438,20.231300354003906,20.290000915527344,7389,0.0,0.0
2024-08-29 09:30:00-04:00,20.3799991607666,20.93829917907715,20.3799991607666,20.8799991607666,4920,0.0,0.0
2024-08-29 10:30:00-04:00,20.899900436401367,21.3700008392334,20.899900436401367,21.3700008392334,2741,0.0,0.0
2024-08-29 11:30:00-04:00,21.360000610351562,21.610000610351562,21.06999969482422,21.40999984741211,5000,0.0,0.0
2024-08-29 12:30:00-04:00,21.399999618530273,21.569900512695312,21.399999618530273,21.569900512695312,2119,0.0,0.0
2024-08-29 13:30:00-04:00,21.5,21.5,21.293399810791016,21.5,5286,0.0,0.0
2024-08-29 14:30:00-04:00,21.40999984741211,21.549999237060547,21.40999984741211,21.549999237060547,7098,0.0,0.0
2024-08-29 15:30:00-04:00,21.530000686645508,21.540000915527344,21.40999984741211,21.530000686645508,9190,0.0,0.0
2024-08-30 09:30:00-04:00,21.709999084472656,21.809999465942383,21.600000381469727,21.600000381469727,4220,0.0,0.0
2024-08-30 10:30:00-04:00,21.5,21.579999923706055,21.29010009765625,21.399999618530273,7916,0.0,0.0
2024-08-30 11:30:00-04:00,21.3700008392334,21.459999084472656,21.239999771118164,21.459999084472656,2468,0.0,0.0
2024-08-30 12:30:00-04:00,21.450000762939453,21.5,21.34000015258789,21.489999771118164,2360,0.0,0.0
2024-08-30 13:30:00-04:00,21.459999084472656,21.5,21.459999084472656,21.479999542236328,3486,0.0,0.0
2024-08-30 14:30:00-04:00,21.440000534057617,21.5,21.3799991607666,21.389999389648438,4759,0.0,0.0
2024-08-30 15:30:00-04:00,21.450000762939453,21.5,21.389999389648438,21.5,8307,0.0,0.0
2024-09-03 09:30:00-04:00,21.459999084472656,21.459999084472656,20.010000228881836,20.2549991607666,8689,0.0,0.0
2024-09-03 10:30:00-04:00,20.260000228881836,20.3700008392334,20.0,20.354999542236328,2416,0.0,0.0
2024-09-03 11:30:00-04:00,20.354999542236328,20.610000610351562,20.354999542236328,20.51289939880371,1717,0.0,0.0
2024-09-03 12:30:00-04:00,20.670000076293945,20.670000076293945,20.09000015258789,20.170000076293945,6772,0.0,0.0
2024-09-03 13:30:00-04:00,20.15999984741211,20.34000015258789,20.020000457763672,20.34000015258789,2970,0.0,0.0
2024-09-03 14:30:00-04:00,20.239999771118164,20.30500030517578,20.165000915527344,20.165000915527344,1914,0.0,0.0
2024-09-03 15:30:00-04:00,20.06999969482422,20.270000457763672,20.049999237060547,20.170000076293945,4801,0.0,0.0
2024-09-04 09:30:00-04:00,20.06999969482422,20.600000381469727,19.760000228881836,19.959999084472656,5007,0.0,0.0
2024-09-04 10:30:00-04:00,19.969999313354492,20.059999465942383,19.84000015258789,19.905000686645508,8203,0.0,0.0
2024-09-04 11:30:00-04:00,19.954999923706055,20.100000381469727,19.950000762939453,19.96500015258789,4406,0.0,0.0
2024-09-04 12:30:00-04:00,19.969999313354492,20.049999237060547,19.895000457763672,19.959999084472656,5793,0.0,0.0
2024-09-04 13:30:00-04:00,20.0,20.059999465942383,19.840999603271484,20.0,5808,0.0,0.0
2024-09-04 14:30:00-04:00,20.0,20.0,19.84000015258789,19.8799991607666,1564,0.0,0.0
2024-09-04 15:30:00-04:00,19.899999618530273,20.0,19.850000381469727,19.96500015258789,8026,0.0,0.0
2024-09-05 09:30:00-04:00,20.049999237060547,20.700000762939453,20.049999237060547,20.1200008392334,8325,0.0,0.0
2024-09-05 10:30:00-04:00,20.163000106811523,20.163000106811523,19.770000457763672,20.010000228881836,4775,0.0,0.0
2024-09-05 11:30:00-04:00,19.8799991607666,19.90999984741211,19.729999542236328,19.84000015258789,3637,0.0,0.0
2024-09-05 12:30:00-04:00,19.799999237060547,19.8799991607666,19.729999542236328,19.729999542236328,3007,0.0,0.0
2024-09-05 13:30:00-04:00,19.700000762939453,19.75,19.59000015258789,19.6299991607666,4886,0.0,0.0
2024-09-05 14:30:00-04:00,19.780899047851562,19.780899047851562,19.350000381469727,19.450000762939453,11728,0.0,0.0
2024-09-05 15:30:00-04:00,19.5,19.545000076293945,19.350000381469727,19.43000030517578,6966,0.0,0.0
2024-09-06 09:30:00-04:00,19.360000610351562,19.670000076293945,19.25,19.290000915527344,3567,0.0,0.0
2024-09-06 10:30:00-04:00,19.290000915527344,19.489999771118164,19.209999084472656,19.3700008392334,2682,0.0,0.0
2024-09-06 11:30:00-04:00,19.362899780273438,19.362899780273438,19.110000610351562,19.34000015258789,1560,0.0,0.0
2024-09-06 12:30:00-04:00,19.239999771118164,19.430999755859375,19.15999984741211,19.430999755859375,3803,0.0,0.0
2024-09-06 13:30:00-04:00,19.5,19.570600509643555,19.43000030517578,19.514999389648438,3222,0.0,0.0
2024-09-06 14:30:00-04:00,19.420000076293945,19.65999984741211,19.3799991607666,19.540000915527344,5291,0.0,0.0
2024-09-06 15:30:00-04:00,19.520000457763672,19.520000457763672,18.920000076293945,18.920000076293945,15889,0.0,0.0
