Datetime,Open,High,Low,Close,Volume,Dividends,Stock Splits
2022-09-08 09:30:00-04:00,5.300000190734863,5.34499979019165,5.170000076293945,5.244999885559082,770548,0.0,0.0
2022-09-08 10:30:00-04:00,5.244999885559082,5.360000133514404,5.239999771118164,5.295000076293945,459402,0.0,0.0
2022-09-08 11:30:00-04:00,5.295000076293945,5.300000190734863,5.090000152587891,5.135000228881836,537084,0.0,0.0
2022-09-08 12:30:00-04:00,5.135000228881836,5.210000038146973,5.135000228881836,5.170000076293945,286939,0.0,0.0
2022-09-08 13:30:00-04:00,5.159999847412109,5.210000038146973,5.135000228881836,5.190000057220459,302291,0.0,0.0
2022-09-08 14:30:00-04:00,5.190000057220459,5.255000114440918,5.190000057220459,5.21999979019165,243983,0.0,0.0
2022-09-08 15:30:00-04:00,5.21999979019165,5.239999771118164,5.190000057220459,5.239999771118164,260149,0.0,0.0
2022-09-09 09:30:00-04:00,5.289999961853027,5.489999771118164,5.28000020980835,5.360000133514404,905161,0.0,0.0
2022-09-09 10:30:00-04:00,5.365699768066406,5.440000057220459,5.340000152587891,5.40500020980835,621036,0.0,0.0
2022-09-09 11:30:00-04:00,5.40500020980835,5.425000190734863,5.239999771118164,5.268799781799316,343193,0.0,0.0
2022-09-09 12:30:00-04:00,5.264999866485596,5.340000152587891,5.264999866485596,5.329999923706055,289717,0.0,0.0
2022-09-09 13:30:00-04:00,5.329999923706055,5.340000152587891,5.28000020980835,5.340000152587891,274253,0.0,0.0
2022-09-09 14:30:00-04:00,5.340000152587891,5.360000133514404,5.275000095367432,5.359899997711182,269484,0.0,0.0
2022-09-09 15:30:00-04:00,5.360000133514404,5.389999866485596,5.355000019073486,5.385000228881836,201720,0.0,0.0
2022-09-12 09:30:00-04:00,5.460000038146973,5.800000190734863,5.429999828338623,5.789999961853027,1272310,0.0,0.0
2022-09-12 10:30:00-04:00,5.784999847412109,5.829999923706055,5.590000152587891,5.730000019073486,580824,0.0,0.0
2022-09-12 11:30:00-04:00,5.735000133514404,5.75,5.670000076293945,5.710000038146973,212395,0.0,0.0
2022-09-12 12:30:00-04:00,5.71999979019165,5.769999980926514,5.710000038146973,5.744999885559082,194089,0.0,0.0
2022-09-12 13:30:00-04:00,5.75,5.829999923706055,5.744999885559082,5.795000076293945,205247,0.0,0.0
2022-09-12 14:30:00-04:00,5.789999961853027,5.900000095367432,5.789999961853027,5.900000095367432,285743,0.0,0.0
2022-09-12 15:30:00-04:00,5.900000095367432,5.925000190734863,5.880000114440918,5.909999847412109,359417,0.0,0.0
2022-09-13 09:30:00-04:00,5.570000171661377,5.75,5.5,5.639999866485596,1352840,0.0,0.0
2022-09-13 10:30:00-04:00,5.639999866485596,5.670000076293945,5.480000019073486,5.5395002365112305,496198,0.0,0.0
2022-09-13 11:30:00-04:00,5.550000190734863,5.630000114440918,5.550000190734863,5.600500106811523,167792,0.0,0.0
2022-09-13 12:30:00-04:00,5.610000133514404,5.690000057220459,5.590000152587891,5.689000129699707,135333,0.0,0.0
2022-09-13 13:30:00-04:00,5.690000057220459,5.699999809265137,5.642899990081787,5.642899990081787,118703,0.0,0.0
2022-09-13 14:30:00-04:00,5.644999980926514,5.667099952697754,5.625,5.630000114440918,245528,0.0,0.0
2022-09-13 15:30:00-04:00,5.635000228881836,5.63730001449585,5.590000152587891,5.590000152587891,198776,0.0,0.0
2022-09-14 09:30:00-04:00,5.630000114440918,5.659999847412109,5.460000038146973,5.579999923706055,668801,0.0,0.0
2022-09-14 10:30:00-04:00,5.570000171661377,5.800000190734863,5.565000057220459,5.784999847412109,351657,0.0,0.0
2022-09-14 11:30:00-04:00,5.78000020980835,5.889999866485596,5.760000228881836,5.849999904632568,261672,0.0,0.0
2022-09-14 12:30:00-04:00,5.84119987487793,5.960000038146973,5.840000152587891,5.855000019073486,372867,0.0,0.0
2022-09-14 13:30:00-04:00,5.855000019073486,5.860000133514404,5.744999885559082,5.764999866485596,214819,0.0,0.0
2022-09-14 14:30:00-04:00,5.760000228881836,5.769999980926514,5.695000171661377,5.730000019073486,355367,0.0,0.0
2022-09-14 15:30:00-04:00,5.724999904632568,5.789999961853027,5.710000038146973,5.78000020980835,160221,0.0,0.0
2022-09-15 09:30:00-04:00,5.679999828338623,5.980000019073486,5.590000152587891,5.869999885559082,760457,0.0,0.0
2022-09-15 10:30:00-04:00,5.864999771118164,5.929999828338623,5.730000019073486,5.789999961853027,446711,0.0,0.0
2022-09-15 11:30:00-04:00,5.800000190734863,5.869999885559082,5.78000020980835,5.789999961853027,193903,0.0,0.0
2022-09-15 12:30:00-04:00,5.790900230407715,5.909999847412109,5.789999961853027,5.9085001945495605,225328,0.0,0.0
2022-09-15 13:30:00-04:00,5.90500020980835,5.909999847412109,5.792099952697754,5.835000038146973,154297,0.0,0.0
2022-09-15 14:30:00-04:00,5.835000038146973,5.860000133514404,5.739999771118164,5.739999771118164,190793,0.0,0.0
2022-09-15 15:30:00-04:00,5.744999885559082,5.769999980926514,5.739999771118164,5.755000114440918,198699,0.0,0.0
2022-09-16 09:30:00-04:00,5.679999828338623,5.679999828338623,5.519999980926514,5.565000057220459,681852,0.0,0.0
2022-09-16 10:30:00-04:00,5.565000057220459,5.679999828338623,5.539999961853027,5.554999828338623,350967,0.0,0.0
2022-09-16 11:30:00-04:00,5.550000190734863,5.590000152587891,5.53410005569458,5.534999847412109,303487,0.0,0.0
2022-09-16 12:30:00-04:00,5.534999847412109,5.599999904632568,5.534999847412109,5.554999828338623,166587,0.0,0.0
2022-09-16 13:30:00-04:00,5.554999828338623,5.589900016784668,5.519999980926514,5.574999809265137,250054,0.0,0.0
2022-09-16 14:30:00-04:00,5.570000171661377,5.570000171661377,5.46999979019165,5.474999904632568,311995,0.0,0.0
2022-09-16 15:30:00-04:00,5.474999904632568,5.53000020980835,5.409999847412109,5.489999771118164,480267,0.0,0.0
2022-09-19 09:30:00-04:00,5.409999847412109,5.510000228881836,5.269999980926514,5.289999961853027,678002,0.0,0.0
2022-09-19 10:30:00-04:00,5.289999961853027,5.400000095367432,5.28000020980835,5.320000171661377,215499,0.0,0.0
2022-09-19 11:30:00-04:00,5.320000171661377,5.329999923706055,5.25,5.2606000900268555,215172,0.0,0.0
2022-09-19 12:30:00-04:00,5.260000228881836,5.309999942779541,5.230000019073486,5.309999942779541,190402,0.0,0.0
2022-09-19 13:30:00-04:00,5.304999828338623,5.320000171661377,5.289999961853027,5.304999828338623,112887,0.0,0.0
2022-09-19 14:30:00-04:00,5.304999828338623,5.375,5.300000190734863,5.375,167827,0.0,0.0
2022-09-19 15:30:00-04:00,5.375,5.400000095367432,5.369999885559082,5.394999980926514,202276,0.0,0.0
2022-09-20 09:30:00-04:00,5.360000133514404,5.409999847412109,5.28000020980835,5.349999904632568,385785,0.0,0.0
2022-09-20 10:30:00-04:00,5.340000152587891,5.420000076293945,5.309999942779541,5.409999847412109,215279,0.0,0.0
2022-09-20 11:30:00-04:00,5.409999847412109,5.414999961853027,5.329999923706055,5.335000038146973,152643,0.0,0.0
2022-09-20 12:30:00-04:00,5.335000038146973,5.335000038146973,5.269999980926514,5.269999980926514,97614,0.0,0.0
2022-09-20 13:30:00-04:00,5.269999980926514,5.269999980926514,5.210000038146973,5.25,246343,0.0,0.0
2022-09-20 14:30:00-04:00,5.239999771118164,5.28000020980835,5.21999979019165,5.264999866485596,190534,0.0,0.0
2022-09-20 15:30:00-04:00,5.260000228881836,5.28000020980835,5.239999771118164,5.25,226798,0.0,0.0
2022-09-21 09:30:00-04:00,5.329999923706055,5.34499979019165,5.210000038146973,5.335000038146973,335662,0.0,0.0
2022-09-21 10:30:00-04:00,5.340000152587891,5.349999904632568,5.295000076293945,5.340000152587891,133738,0.0,0.0
2022-09-21 11:30:00-04:00,5.34499979019165,5.360000133514404,5.300000190734863,5.304999828338623,107213,0.0,0.0
2022-09-21 12:30:00-04:00,5.304999828338623,5.329999923706055,5.239999771118164,5.28000020980835,133767,0.0,0.0
2022-09-21 13:30:00-04:00,5.28000020980835,5.320000171661377,5.175000190734863,5.244999885559082,230374,0.0,0.0
2022-09-21 14:30:00-04:00,5.249300003051758,5.519999980926514,5.224999904632568,5.304999828338623,605028,0.0,0.0
2022-09-21 15:30:00-04:00,5.300000190734863,5.320000171661377,5.199999809265137,5.199999809265137,355536,0.0,0.0
2022-09-22 09:30:00-04:00,5.25,5.25,5.039999961853027,5.070000171661377,635737,0.0,0.0
2022-09-22 10:30:00-04:00,5.070000171661377,5.114999771118164,5.010000228881836,5.039999961853027,286709,0.0,0.0
2022-09-22 11:30:00-04:00,5.035999774932861,5.050000190734863,4.940000057220459,4.949999809265137,514402,0.0,0.0
2022-09-22 12:30:00-04:00,4.958799839019775,4.958799839019775,4.889999866485596,4.900000095367432,356958,0.0,0.0
2022-09-22 13:30:00-04:00,4.909999847412109,4.929999828338623,4.855000019073486,4.889999866485596,296775,0.0,0.0
2022-09-22 14:30:00-04:00,4.894999980926514,4.96999979019165,4.881199836730957,4.941199779510498,338258,0.0,0.0
2022-09-22 15:30:00-04:00,4.945000171661377,5.018499851226807,4.940000057220459,4.960000038146973,275190,0.0,0.0
2022-09-23 09:30:00-04:00,4.820000171661377,4.902500152587891,4.650000095367432,4.739999771118164,829514,0.0,0.0
2022-09-23 10:30:00-04:00,4.739999771118164,4.78000020980835,4.730000019073486,4.745999813079834,354567,0.0,0.0
2022-09-23 11:30:00-04:00,4.744999885559082,4.760000228881836,4.670000076293945,4.675000190734863,217922,0.0,0.0
2022-09-23 12:30:00-04:00,4.675000190734863,4.764999866485596,4.650000095367432,4.736199855804443,223891,0.0,0.0
2022-09-23 13:30:00-04:00,4.739999771118164,4.75,4.675000190734863,4.719600200653076,209504,0.0,0.0
2022-09-23 14:30:00-04:00,4.715000152587891,4.75,4.673900127410889,4.75,200951,0.0,0.0
2022-09-23 15:30:00-04:00,4.75,4.800000190734863,4.739999771118164,4.78000020980835,268682,0.0,0.0
2022-09-26 09:30:00-04:00,4.75,5.03000020980835,4.730000019073486,4.991199970245361,590775,0.0,0.0
2022-09-26 10:30:00-04:00,4.994999885559082,4.994999885559082,4.78000020980835,4.78000020980835,318595,0.0,0.0
2022-09-26 11:30:00-04:00,4.784999847412109,4.820000171661377,4.760000228881836,4.760000228881836,250595,0.0,0.0
2022-09-26 12:30:00-04:00,4.760000228881836,4.789999961853027,4.739999771118164,4.764999866485596,173095,0.0,0.0
2022-09-26 13:30:00-04:00,4.769999980926514,4.840000152587891,4.739999771118164,4.815000057220459,184469,0.0,0.0
2022-09-26 14:30:00-04:00,4.815000057220459,4.860000133514404,4.800000190734863,4.835000038146973,123865,0.0,0.0
2022-09-26 15:30:00-04:00,4.835000038146973,4.840000152587891,4.78000020980835,4.789999961853027,223357,0.0,0.0
2022-09-27 09:30:00-04:00,4.980000019073486,5.049499988555908,4.849999904632568,4.900000095367432,490329,0.0,0.0
2022-09-27 10:30:00-04:00,4.900000095367432,4.96999979019165,4.860000133514404,4.864999771118164,221443,0.0,0.0
2022-09-27 11:30:00-04:00,4.860000133514404,4.869999885559082,4.769999980926514,4.809999942779541,218978,0.0,0.0
2022-09-27 12:30:00-04:00,4.809999942779541,4.809999942779541,4.775000095367432,4.800000190734863,101082,0.0,0.0
2022-09-27 13:30:00-04:00,4.800000190734863,4.82919979095459,4.789999961853027,4.804999828338623,97339,0.0,0.0
2022-09-27 14:30:00-04:00,4.804999828338623,4.869999885559082,4.800000190734863,4.849999904632568,139419,0.0,0.0
2022-09-27 15:30:00-04:00,4.84499979019165,4.860000133514404,4.829999923706055,4.840000152587891,105201,0.0,0.0
2022-09-28 09:30:00-04:00,4.75,4.929999828338623,4.730000019073486,4.925000190734863,460674,0.0,0.0
2022-09-28 10:30:00-04:00,4.920000076293945,4.980000019073486,4.860000133514404,4.960000038146973,183803,0.0,0.0
2022-09-28 11:30:00-04:00,4.954999923706055,4.965000152587891,4.920000076293945,4.920000076293945,196736,0.0,0.0
2022-09-28 12:30:00-04:00,4.920000076293945,4.949999809265137,4.909999847412109,4.947700023651123,98967,0.0,0.0
2022-09-28 13:30:00-04:00,4.945000171661377,4.994999885559082,4.920000076293945,4.994999885559082,126294,0.0,0.0
2022-09-28 14:30:00-04:00,4.994999885559082,5.085000038146973,4.989999771118164,5.085000038146973,206294,0.0,0.0
2022-09-28 15:30:00-04:00,5.085000038146973,5.119999885559082,5.070000171661377,5.070000171661377,205970,0.0,0.0
2022-09-29 09:30:00-04:00,4.920000076293945,4.989999771118164,4.760000228881836,4.789999961853027,469218,0.0,0.0
2022-09-29 10:30:00-04:00,4.789999961853027,4.789999961853027,4.730000019073486,4.764999866485596,263138,0.0,0.0
2022-09-29 11:30:00-04:00,4.769999980926514,4.820000171661377,4.740900039672852,4.758800029754639,135022,0.0,0.0
2022-09-29 12:30:00-04:00,4.755000114440918,4.760000228881836,4.710000038146973,4.731800079345703,99429,0.0,0.0
2022-09-29 13:30:00-04:00,4.730000019073486,4.736299991607666,4.659999847412109,4.689599990844727,209828,0.0,0.0
2022-09-29 14:30:00-04:00,4.690000057220459,4.730000019073486,4.679999828338623,4.715000152587891,137736,0.0,0.0
2022-09-29 15:30:00-04:00,4.715000152587891,4.800000190734863,4.710000038146973,4.800000190734863,223463,0.0,0.0
2022-09-30 09:30:00-04:00,5.090000152587891,5.289999961853027,4.929999828338623,5.284999847412109,3568945,0.0,0.0
2022-09-30 10:30:00-04:00,5.284999847412109,5.445000171661377,5.25,5.425000190734863,1487686,0.0,0.0
2022-09-30 11:30:00-04:00,5.4217000007629395,5.5,5.34499979019165,5.369999885559082,1034855,0.0,0.0
2022-09-30 12:30:00-04:00,5.364999771118164,5.409999847412109,5.329999923706055,5.375,297884,0.0,0.0
2022-09-30 13:30:00-04:00,5.375,5.380000114440918,5.230000019073486,5.253399848937988,501185,0.0,0.0
2022-09-30 14:30:00-04:00,5.252999782562256,5.260000228881836,5.125,5.164999961853027,429048,0.0,0.0
2022-09-30 15:30:00-04:00,5.159999847412109,5.175000190734863,5.059999942779541,5.079999923706055,492326,0.0,0.0
2022-10-03 09:30:00-04:00,5.179999828338623,5.184999942779541,4.965000152587891,5.110000133514404,1087970,0.0,0.0
2022-10-03 10:30:00-04:00,5.110000133514404,5.199999809265137,5.079999923706055,5.175000190734863,349056,0.0,0.0
2022-10-03 11:30:00-04:00,5.175000190734863,5.185999870300293,5.110000133514404,5.144999980926514,270268,0.0,0.0
2022-10-03 12:30:00-04:00,5.150000095367432,5.260000228881836,5.139999866485596,5.24429988861084,272570,0.0,0.0
2022-10-03 13:30:00-04:00,5.25,5.304999828338623,5.230000019073486,5.289999961853027,208883,0.0,0.0
2022-10-03 14:30:00-04:00,5.289999961853027,5.309999942779541,5.269999980926514,5.300000190734863,180497,0.0,0.0
2022-10-03 15:30:00-04:00,5.295000076293945,5.300000190734863,5.260000228881836,5.269999980926514,200655,0.0,0.0
2022-10-04 09:30:00-04:00,5.480000019073486,5.639999866485596,5.460000038146973,5.625,1183750,0.0,0.0
2022-10-04 10:30:00-04:00,5.619999885559082,5.980000019073486,5.60830020904541,5.84499979019165,1133194,0.0,0.0
2022-10-04 11:30:00-04:00,5.84499979019165,5.96999979019165,5.78000020980835,5.8592000007629395,688975,0.0,0.0
2022-10-04 12:30:00-04:00,5.855000019073486,5.889999866485596,5.679999828338623,5.71999979019165,363257,0.0,0.0
2022-10-04 13:30:00-04:00,5.724999904632568,5.789999961853027,5.71999979019165,5.764999866485596,252055,0.0,0.0
2022-10-04 14:30:00-04:00,5.761899948120117,5.829999923706055,5.755000114440918,5.824999809265137,291870,0.0,0.0
2022-10-04 15:30:00-04:00,5.824999809265137,5.880000114440918,5.820000171661377,5.869999885559082,259859,0.0,0.0
2022-10-05 09:30:00-04:00,5.610000133514404,5.789899826049805,5.53000020980835,5.539999961853027,977478,0.0,0.0
2022-10-05 10:30:00-04:00,5.539999961853027,5.570000171661377,5.489999771118164,5.550000190734863,353365,0.0,0.0
2022-10-05 11:30:00-04:00,5.545000076293945,5.675000190734863,5.520699977874756,5.630000114440918,356137,0.0,0.0
2022-10-05 12:30:00-04:00,5.630000114440918,5.699999809265137,5.610000133514404,5.698500156402588,176599,0.0,0.0
2022-10-05 13:30:00-04:00,5.699999809265137,5.699999809265137,5.619999885559082,5.659999847412109,165653,0.0,0.0
2022-10-05 14:30:00-04:00,5.659999847412109,5.75,5.65500020980835,5.710000038146973,171609,0.0,0.0
2022-10-05 15:30:00-04:00,5.715000152587891,5.739999771118164,5.699999809265137,5.715000152587891,273864,0.0,0.0
2022-10-06 09:30:00-04:00,5.730000019073486,5.920000076293945,5.650000095367432,5.651100158691406,625005,0.0,0.0
2022-10-06 10:30:00-04:00,5.65500020980835,5.769999980926514,5.650000095367432,5.75,238546,0.0,0.0
2022-10-06 11:30:00-04:00,5.730000019073486,5.769999980926514,5.674300193786621,5.728499889373779,92568,0.0,0.0
2022-10-06 12:30:00-04:00,5.730000019073486,5.760000228881836,5.679999828338623,5.735000133514404,167082,0.0,0.0
2022-10-06 13:30:00-04:00,5.735000133514404,5.735000133514404,5.679999828338623,5.684999942779541,149215,0.0,0.0
2022-10-06 14:30:00-04:00,5.688499927520752,5.699900150299072,5.610000133514404,5.644999980926514,213313,0.0,0.0
2022-10-06 15:30:00-04:00,5.644999980926514,5.659999847412109,5.630000114440918,5.650000095367432,235068,0.0,0.0
2022-10-07 09:30:00-04:00,5.449999809265137,5.53000020980835,5.34499979019165,5.4085001945495605,638712,0.0,0.0
2022-10-07 10:30:00-04:00,5.40500020980835,5.460000038146973,5.340000152587891,5.369100093841553,349161,0.0,0.0
2022-10-07 11:30:00-04:00,5.364999771118164,5.369999885559082,5.295000076293945,5.304999828338623,422782,0.0,0.0
2022-10-07 12:30:00-04:00,5.304999828338623,5.329999923706055,5.28000020980835,5.319200038909912,175210,0.0,0.0
2022-10-07 13:30:00-04:00,5.319900035858154,5.329999923706055,5.289999961853027,5.302000045776367,203856,0.0,0.0
2022-10-07 14:30:00-04:00,5.304999828338623,5.329999923706055,5.269999980926514,5.2729997634887695,239770,0.0,0.0
2022-10-07 15:30:00-04:00,5.275000095367432,5.309999942779541,5.25,5.28000020980835,363624,0.0,0.0
2022-10-10 09:30:00-04:00,5.320000171661377,5.340000152587891,5.060200214385986,5.184999942779541,576694,0.0,0.0
2022-10-10 10:30:00-04:00,5.179999828338623,5.181000232696533,4.980000019073486,5.070000171661377,644733,0.0,0.0
2022-10-10 11:30:00-04:00,5.070000171661377,5.090000152587891,5.0,5.001500129699707,165443,0.0,0.0
2022-10-10 12:30:00-04:00,5.005000114440918,5.059999942779541,4.994999885559082,5.054999828338623,150592,0.0,0.0
2022-10-10 13:30:00-04:00,5.054999828338623,5.139999866485596,5.050099849700928,5.090000152587891,159969,0.0,0.0
2022-10-10 14:30:00-04:00,5.090000152587891,5.125,5.070000171661377,5.085000038146973,169149,0.0,0.0
2022-10-10 15:30:00-04:00,5.085000038146973,5.110000133514404,5.059999942779541,5.070000171661377,189127,0.0,0.0
2022-10-11 09:30:00-04:00,5.010000228881836,5.050000190734863,4.520299911499023,4.869999885559082,1462320,0.0,0.0
2022-10-11 10:30:00-04:00,4.860000133514404,4.940000057220459,4.835000038146973,4.929999828338623,259318,0.0,0.0
2022-10-11 11:30:00-04:00,4.934999942779541,5.050000190734863,4.929999828338623,4.990099906921387,230325,0.0,0.0
2022-10-11 12:30:00-04:00,5.0,5.059999942779541,4.989999771118164,4.994999885559082,193802,0.0,0.0
2022-10-11 13:30:00-04:00,4.990699768066406,5.0,4.925000190734863,4.949999809265137,124196,0.0,0.0
2022-10-11 14:30:00-04:00,4.954999923706055,4.965000152587891,4.840000152587891,4.855000019073486,235997,0.0,0.0
2022-10-11 15:30:00-04:00,4.855000019073486,4.909999847412109,4.849999904632568,4.889999866485596,192092,0.0,0.0
2022-10-12 09:30:00-04:00,4.920000076293945,4.989999771118164,4.809999942779541,4.894999980926514,576924,0.0,0.0
2022-10-12 10:30:00-04:00,4.894999980926514,4.940000057220459,4.830100059509277,4.914999961853027,171560,0.0,0.0
2022-10-12 11:30:00-04:00,4.920000076293945,5.0,4.920000076293945,4.96999979019165,301306,0.0,0.0
2022-10-12 12:30:00-04:00,4.974999904632568,5.019999980926514,4.960000038146973,5.005000114440918,179014,0.0,0.0
2022-10-12 13:30:00-04:00,5.005000114440918,5.050000190734863,4.960000038146973,5.045000076293945,236431,0.0,0.0
2022-10-12 14:30:00-04:00,5.050000190734863,5.054999828338623,4.990099906921387,5.040900230407715,183924,0.0,0.0
2022-10-12 15:30:00-04:00,5.039999961853027,5.050000190734863,5.03000020980835,5.045000076293945,148618,0.0,0.0
2022-10-13 09:30:00-04:00,4.78000020980835,4.96999979019165,4.679999828338623,4.875,1143507,0.0,0.0
2022-10-13 10:30:00-04:00,4.869999885559082,5.190000057220459,4.840000152587891,5.071499824523926,459867,0.0,0.0
2022-10-13 11:30:00-04:00,5.090000152587891,5.195000171661377,5.039999961853027,5.050000190734863,266156,0.0,0.0
2022-10-13 12:30:00-04:00,5.054999828338623,5.179999828338623,5.045000076293945,5.170000076293945,163615,0.0,0.0
2022-10-13 13:30:00-04:00,5.176700115203857,5.199999809265137,5.110000133514404,5.110000133514404,130024,0.0,0.0
2022-10-13 14:30:00-04:00,5.110000133514404,5.179999828338623,5.099999904632568,5.150000095367432,286714,0.0,0.0
2022-10-13 15:30:00-04:00,5.15500020980835,5.184999942779541,5.130000114440918,5.170000076293945,290906,0.0,0.0
2022-10-14 09:30:00-04:00,5.269999980926514,5.335000038146973,4.952199935913086,4.985000133514404,718929,0.0,0.0
2022-10-14 10:30:00-04:00,4.985000133514404,5.050000190734863,4.940000057220459,4.994999885559082,209825,0.0,0.0
2022-10-14 11:30:00-04:00,5.0,5.010000228881836,4.960000038146973,4.989999771118164,164076,0.0,0.0
2022-10-14 12:30:00-04:00,4.989999771118164,5.015200138092041,4.965000152587891,4.980000019073486,86346,0.0,0.0
2022-10-14 13:30:00-04:00,4.980000019073486,5.0,4.932400226593018,4.960000038146973,93807,0.0,0.0
2022-10-14 14:30:00-04:00,4.960000038146973,4.96999979019165,4.929999828338623,4.934999942779541,99596,0.0,0.0
2022-10-14 15:30:00-04:00,4.929999828338623,4.929999828338623,4.860000133514404,4.869999885559082,225790,0.0,0.0
2022-10-17 09:30:00-04:00,5.050000190734863,5.25,5.050000190734863,5.23829984664917,601796,0.0,0.0
2022-10-17 10:30:00-04:00,5.2399001121521,5.256100177764893,5.110000133514404,5.150199890136719,270242,0.0,0.0
2022-10-17 11:30:00-04:00,5.150000095367432,5.210000038146973,5.130000114440918,5.150000095367432,151645,0.0,0.0
2022-10-17 12:30:00-04:00,5.15500020980835,5.159999847412109,5.099999904632568,5.110000133514404,112111,0.0,0.0
2022-10-17 13:30:00-04:00,5.110000133514404,5.15500020980835,5.099999904632568,5.128499984741211,236633,0.0,0.0
2022-10-17 14:30:00-04:00,5.130000114440918,5.150000095367432,5.101500034332275,5.119999885559082,143057,0.0,0.0
2022-10-17 15:30:00-04:00,5.125,5.159999847412109,5.119999885559082,5.139999866485596,265798,0.0,0.0
2022-10-18 09:30:00-04:00,5.340000152587891,5.389999866485596,5.199999809265137,5.200399875640869,605798,0.0,0.0
2022-10-18 10:30:00-04:00,5.204999923706055,5.230000019073486,5.050000190734863,5.054999828338623,332258,0.0,0.0
2022-10-18 11:30:00-04:00,5.050000190734863,5.119999885559082,5.005000114440918,5.099999904632568,261200,0.0,0.0
2022-10-18 12:30:00-04:00,5.090000152587891,5.164999961853027,5.079999923706055,5.130000114440918,204541,0.0,0.0
2022-10-18 13:30:00-04:00,5.130000114440918,5.150000095367432,5.105000019073486,5.135000228881836,104432,0.0,0.0
2022-10-18 14:30:00-04:00,5.130000114440918,5.130000114440918,5.025000095367432,5.065000057220459,175927,0.0,0.0
2022-10-18 15:30:00-04:00,5.070000171661377,5.090000152587891,5.065000057220459,5.079999923706055,154662,0.0,0.0
2022-10-19 09:30:00-04:00,5.019999980926514,5.079999923706055,4.920000076293945,5.054999828338623,537866,0.0,0.0
2022-10-19 10:30:00-04:00,5.059999942779541,5.059999942779541,4.965000152587891,4.994999885559082,144889,0.0,0.0
2022-10-19 11:30:00-04:00,4.994999885559082,5.014999866485596,4.934999942779541,4.940000057220459,153266,0.0,0.0
2022-10-19 12:30:00-04:00,4.934999942779541,4.9593000411987305,4.898200035095215,4.910900115966797,157086,0.0,0.0
2022-10-19 13:30:00-04:00,4.920000076293945,4.989999771118164,4.914999961853027,4.989999771118164,133404,0.0,0.0
2022-10-19 14:30:00-04:00,4.980000019073486,5.010000228881836,4.949999809265137,4.980000019073486,147198,0.0,0.0
2022-10-19 15:30:00-04:00,4.979899883270264,5.014999866485596,4.960000038146973,5.010000228881836,143038,0.0,0.0
2022-10-20 09:30:00-04:00,5.0,5.210000038146973,4.96999979019165,5.190000057220459,484972,0.0,0.0
2022-10-20 10:30:00-04:00,5.195000171661377,5.2179999351501465,5.139999866485596,5.195000171661377,196957,0.0,0.0
2022-10-20 11:30:00-04:00,5.199999809265137,5.25,5.119999885559082,5.130000114440918,260457,0.0,0.0
2022-10-20 12:30:00-04:00,5.119999885559082,5.130000114440918,5.050000190734863,5.071199893951416,140509,0.0,0.0
2022-10-20 13:30:00-04:00,5.079999923706055,5.079999923706055,5.010000228881836,5.025000095367432,104701,0.0,0.0
2022-10-20 14:30:00-04:00,5.020899772644043,5.099999904632568,5.020899772644043,5.090000152587891,151857,0.0,0.0
2022-10-20 15:30:00-04:00,5.085000038146973,5.090000152587891,5.059999942779541,5.070000171661377,138350,0.0,0.0
2022-10-21 09:30:00-04:00,5.070000171661377,5.121699810028076,4.960000038146973,5.010000228881836,371247,0.0,0.0
2022-10-21 10:30:00-04:00,5.010000228881836,5.03000020980835,4.954999923706055,5.03000020980835,177589,0.0,0.0
2022-10-21 11:30:00-04:00,5.039999961853027,5.130000114440918,5.03000020980835,5.110000133514404,159233,0.0,0.0
2022-10-21 12:30:00-04:00,5.099999904632568,5.150000095367432,5.081500053405762,5.135000228881836,116329,0.0,0.0
2022-10-21 13:30:00-04:00,5.130000114440918,5.150000095367432,5.099999904632568,5.105000019073486,127790,0.0,0.0
2022-10-21 14:30:00-04:00,5.105000019073486,5.150000095367432,5.099999904632568,5.144999980926514,97957,0.0,0.0
2022-10-21 15:30:00-04:00,5.144999980926514,5.150000095367432,5.130000114440918,5.139999866485596,137979,0.0,0.0
2022-10-24 09:30:00-04:00,5.099999904632568,5.099999904632568,4.929999828338623,4.934999942779541,737022,0.0,0.0
2022-10-24 10:30:00-04:00,4.929999828338623,5.019999980926514,4.920000076293945,5.005000114440918,216315,0.0,0.0
2022-10-24 11:30:00-04:00,5.0,5.039999961853027,4.980000019073486,5.014999866485596,170243,0.0,0.0
2022-10-24 12:30:00-04:00,5.014999866485596,5.050000190734863,5.0,5.019999980926514,111049,0.0,0.0
2022-10-24 13:30:00-04:00,5.014999866485596,5.039700031280518,4.985099792480469,5.0345001220703125,96206,0.0,0.0
2022-10-24 14:30:00-04:00,5.039000034332275,5.090000152587891,5.03000020980835,5.070000171661377,138215,0.0,0.0
2022-10-24 15:30:00-04:00,5.070000171661377,5.090000152587891,5.059999942779541,5.059999942779541,155630,0.0,0.0
2022-10-25 09:30:00-04:00,5.110000133514404,5.4095001220703125,5.099999904632568,5.29010009765625,652614,0.0,0.0
2022-10-25 10:30:00-04:00,5.284999847412109,5.360000133514404,5.249899864196777,5.360000133514404,242600,0.0,0.0
2022-10-25 11:30:00-04:00,5.360000133514404,5.478499889373779,5.354300022125244,5.440000057220459,770125,0.0,0.0
2022-10-25 12:30:00-04:00,5.440000057220459,5.454999923706055,5.324999809265137,5.355000019073486,291695,0.0,0.0
2022-10-25 13:30:00-04:00,5.360000133514404,5.400000095367432,5.3414998054504395,5.389999866485596,159269,0.0,0.0
2022-10-25 14:30:00-04:00,5.389999866485596,5.3979997634887695,5.349999904632568,5.394999980926514,219033,0.0,0.0
2022-10-25 15:30:00-04:00,5.394999980926514,5.409999847412109,5.375,5.40500020980835,220581,0.0,0.0
2022-10-26 09:30:00-04:00,5.28000020980835,5.489999771118164,5.25,5.470099925994873,563349,0.0,0.0
2022-10-26 10:30:00-04:00,5.510000228881836,5.599999904632568,5.5,5.5696001052856445,451827,0.0,0.0
2022-10-26 11:30:00-04:00,5.565000057220459,5.599999904632568,5.545000076293945,5.574999809265137,307070,0.0,0.0
2022-10-26 12:30:00-04:00,5.574999809265137,5.59499979019165,5.425000190734863,5.429999828338623,372935,0.0,0.0
2022-10-26 13:30:00-04:00,5.429999828338623,5.559999942779541,5.420000076293945,5.534999847412109,340662,0.0,0.0
2022-10-26 14:30:00-04:00,5.534999847412109,5.570000171661377,5.53000020980835,5.550000190734863,289531,0.0,0.0
2022-10-26 15:30:00-04:00,5.545000076293945,5.565000057220459,5.53000020980835,5.550000190734863,419777,0.0,0.0
2022-10-27 09:30:00-04:00,5.590000152587891,5.739999771118164,5.460000038146973,5.550000190734863,606637,0.0,0.0
2022-10-27 10:30:00-04:00,5.554999828338623,5.570000171661377,5.420000076293945,5.510000228881836,178635,0.0,0.0
2022-10-27 11:30:00-04:00,5.508999824523926,5.539999961853027,5.400000095367432,5.440000057220459,302675,0.0,0.0
2022-10-27 12:30:00-04:00,5.441100120544434,5.489999771118164,5.434999942779541,5.449999809265137,132504,0.0,0.0
2022-10-27 13:30:00-04:00,5.449999809265137,5.510000228881836,5.449999809265137,5.5,177811,0.0,0.0
2022-10-27 14:30:00-04:00,5.494999885559082,5.510000228881836,5.429999828338623,5.474999904632568,250045,0.0,0.0
2022-10-27 15:30:00-04:00,5.474999904632568,5.510000228881836,5.43209981918335,5.46999979019165,687159,0.0,0.0
2022-10-28 09:30:00-04:00,5.480000019073486,5.650000095367432,5.460000038146973,5.519999980926514,584448,0.0,0.0
2022-10-28 10:30:00-04:00,5.514999866485596,5.618500232696533,5.449999809265137,5.574999809265137,271084,0.0,0.0
2022-10-28 11:30:00-04:00,5.574999809265137,5.614999771118164,5.559999942779541,5.614999771118164,180044,0.0,0.0
2022-10-28 12:30:00-04:00,5.610000133514404,5.699999809265137,5.610000133514404,5.675000190734863,224176,0.0,0.0
2022-10-28 13:30:00-04:00,5.679999828338623,5.699900150299072,5.630000114440918,5.630000114440918,120120,0.0,0.0
2022-10-28 14:30:00-04:00,5.630000114440918,5.690000057220459,5.625,5.679999828338623,193433,0.0,0.0
2022-10-28 15:30:00-04:00,5.684999942779541,5.699999809265137,5.670000076293945,5.679999828338623,217410,0.0,0.0
2022-10-31 09:30:00-04:00,5.650000095367432,5.800000190734863,5.650000095367432,5.71999979019165,464528,0.0,0.0
2022-10-31 10:30:00-04:00,5.710000038146973,5.764999866485596,5.670000076293945,5.750699996948242,171895,0.0,0.0
2022-10-31 11:30:00-04:00,5.75,5.800000190734863,5.739999771118164,5.78000020980835,198024,0.0,0.0
2022-10-31 12:30:00-04:00,5.78000020980835,5.824999809265137,5.760000228881836,5.824999809265137,283804,0.0,0.0
2022-10-31 13:30:00-04:00,5.828000068664551,5.869999885559082,5.809999942779541,5.864999771118164,269715,0.0,0.0
2022-10-31 14:30:00-04:00,5.864999771118164,5.909999847412109,5.849999904632568,5.880000114440918,331812,0.0,0.0
2022-10-31 15:30:00-04:00,5.880000114440918,5.934999942779541,5.880000114440918,5.909999847412109,347287,0.0,0.0
2022-11-01 09:30:00-04:00,6.0,6.090000152587891,5.739999771118164,5.869999885559082,870683,0.0,0.0
2022-11-01 10:30:00-04:00,5.860000133514404,5.860000133514404,5.690000057220459,5.718500137329102,224161,0.0,0.0
2022-11-01 11:30:00-04:00,5.715000152587891,5.730000019073486,5.65500020980835,5.684999942779541,216327,0.0,0.0
2022-11-01 12:30:00-04:00,5.684999942779541,5.704999923706055,5.670000076293945,5.698500156402588,101920,0.0,0.0
2022-11-01 13:30:00-04:00,5.690000057220459,5.695000171661377,5.639999866485596,5.664999961853027,189733,0.0,0.0
2022-11-01 14:30:00-04:00,5.659999847412109,5.684999942779541,5.639999866485596,5.639999866485596,164048,0.0,0.0
2022-11-01 15:30:00-04:00,5.639999866485596,5.639999866485596,5.599999904632568,5.619999885559082,261522,0.0,0.0
2022-11-02 09:30:00-04:00,5.630000114440918,5.670000076293945,5.489999771118164,5.559999942779541,370411,0.0,0.0
2022-11-02 10:30:00-04:00,5.559999942779541,5.630000114440918,5.510000228881836,5.525000095367432,101939,0.0,0.0
2022-11-02 11:30:00-04:00,5.528500080108643,5.539999961853027,5.46999979019165,5.47130012512207,121490,0.0,0.0
2022-11-02 12:30:00-04:00,5.474999904632568,5.514999866485596,5.440000057220459,5.491499900817871,115835,0.0,0.0
2022-11-02 13:30:00-04:00,5.494999885559082,5.699999809265137,5.46999979019165,5.699999809265137,248423,0.0,0.0
2022-11-02 14:30:00-04:00,5.699999809265137,5.704999923706055,5.340000152587891,5.360000133514404,480525,0.0,0.0
2022-11-02 15:30:00-04:00,5.360000133514404,5.389999866485596,5.324999809265137,5.340000152587891,292258,0.0,0.0
2022-11-03 09:30:00-04:00,5.320000171661377,5.369999885559082,5.170000076293945,5.304999828338623,544232,0.0,0.0
2022-11-03 10:30:00-04:00,5.308899879455566,5.400000095367432,5.269999980926514,5.295000076293945,180706,0.0,0.0
2022-11-03 11:30:00-04:00,5.300000190734863,5.341000080108643,5.230000019073486,5.23199987411499,210321,0.0,0.0
2022-11-03 12:30:00-04:00,5.235000133514404,5.269999980926514,5.190000057220459,5.204999923706055,160806,0.0,0.0
2022-11-03 13:30:00-04:00,5.204999923706055,5.21999979019165,5.179999828338623,5.210000038146973,109489,0.0,0.0
2022-11-03 14:30:00-04:00,5.210000038146973,5.216599941253662,5.170000076293945,5.195000171661377,142134,0.0,0.0
2022-11-03 15:30:00-04:00,5.195000171661377,5.210000038146973,5.150000095367432,5.150000095367432,230879,0.0,0.0
2022-11-04 09:30:00-04:00,5.349999904632568,5.369999885559082,5.101500034332275,5.28000020980835,644079,0.0,0.0
2022-11-04 10:30:00-04:00,5.269999980926514,5.309999942779541,5.199999809265137,5.199999809265137,190502,0.0,0.0
2022-11-04 11:30:00-04:00,5.199999809265137,5.210000038146973,5.079999923706055,5.128799915313721,464333,0.0,0.0
2022-11-04 12:30:00-04:00,5.119999885559082,5.125,5.045000076293945,5.0528998374938965,148364,0.0,0.0
2022-11-04 13:30:00-04:00,5.054999828338623,5.09499979019165,5.019999980926514,5.085000038146973,177609,0.0,0.0
2022-11-04 14:30:00-04:00,5.085000038146973,5.144999980926514,5.083499908447266,5.114999771118164,176149,0.0,0.0
2022-11-04 15:30:00-04:00,5.114999771118164,5.159999847412109,5.110000133514404,5.15500020980835,300128,0.0,0.0
2022-11-07 09:30:00-05:00,5.210000038146973,5.269999980926514,5.063899993896484,5.1356000900268555,451669,0.0,0.0
2022-11-07 10:30:00-05:00,5.139999866485596,5.230000019073486,5.130000114440918,5.229899883270264,196571,0.0,0.0
2022-11-07 11:30:00-05:00,5.230100154876709,5.255000114440918,5.159999847412109,5.215000152587891,173626,0.0,0.0
2022-11-07 12:30:00-05:00,5.210899829864502,5.235000133514404,5.179999828338623,5.210000038146973,101590,0.0,0.0
2022-11-07 13:30:00-05:00,5.210000038146973,5.25,5.190000057220459,5.244999885559082,88717,0.0,0.0
2022-11-07 14:30:00-05:00,5.2480998039245605,5.28000020980835,5.230000019073486,5.264999866485596,158455,0.0,0.0
2022-11-07 15:30:00-05:00,5.264999866485596,5.28000020980835,5.260000228881836,5.260000228881836,172731,0.0,0.0
2022-11-08 09:30:00-05:00,5.300000190734863,5.309999942779541,5.03000020980835,5.034999847412109,866994,0.0,0.0
2022-11-08 10:30:00-05:00,5.034999847412109,5.190000057220459,5.03000020980835,5.184999942779541,360657,0.0,0.0
2022-11-08 11:30:00-05:00,5.190000057220459,5.21999979019165,5.159999847412109,5.179999828338623,253721,0.0,0.0
2022-11-08 12:30:00-05:00,5.184999942779541,5.190000057220459,5.059999942779541,5.059999942779541,230804,0.0,0.0
2022-11-08 13:30:00-05:00,5.059999942779541,5.070000171661377,4.949999809265137,4.956399917602539,664139,0.0,0.0
2022-11-08 14:30:00-05:00,4.959499835968018,5.079999923706055,4.930099964141846,5.065000057220459,382506,0.0,0.0
2022-11-08 15:30:00-05:00,5.065000057220459,5.099999904632568,4.949999809265137,4.96999979019165,793330,0.0,0.0
2022-11-09 09:30:00-05:00,5.0,5.0,4.769999980926514,4.775000095367432,1098639,0.0,0.0
2022-11-09 10:30:00-05:00,4.775000095367432,4.809999942779541,4.755000114440918,4.800000190734863,367407,0.0,0.0
2022-11-09 11:30:00-05:00,4.799799919128418,4.829999923706055,4.760000228881836,4.762499809265137,239056,0.0,0.0
2022-11-09 12:30:00-05:00,4.769999980926514,4.769999980926514,4.710000038146973,4.715000152587891,321125,0.0,0.0
2022-11-09 13:30:00-05:00,4.710000038146973,4.710000038146973,4.659999847412109,4.704999923706055,310286,0.0,0.0
2022-11-09 14:30:00-05:00,4.704999923706055,4.71999979019165,4.670000076293945,4.71999979019165,207780,0.0,0.0
2022-11-09 15:30:00-05:00,4.715000152587891,4.715000152587891,4.610000133514404,4.610000133514404,521000,0.0,0.0
2022-11-10 09:30:00-05:00,5.059999942779541,5.449999809265137,5.059999942779541,5.429999828338623,1566228,0.0,0.0
2022-11-10 10:30:00-05:00,5.440000057220459,5.440000057220459,5.309999942779541,5.369999885559082,465784,0.0,0.0
2022-11-10 11:30:00-05:00,5.369999885559082,5.445000171661377,5.349999904632568,5.369999885559082,270237,0.0,0.0
2022-11-10 12:30:00-05:00,5.369999885559082,5.407700061798096,5.324999809265137,5.381100177764893,263011,0.0,0.0
2022-11-10 13:30:00-05:00,5.385000228881836,5.420000076293945,5.360000133514404,5.414999961853027,221110,0.0,0.0
2022-11-10 14:30:00-05:00,5.414999961853027,5.480000019073486,5.40500020980835,5.474999904632568,276472,0.0,0.0
2022-11-10 15:30:00-05:00,5.474999904632568,5.550000190734863,5.46999979019165,5.539999961853027,490739,0.0,0.0
2022-11-11 09:30:00-05:00,5.519999980926514,5.829999923706055,5.369999885559082,5.829999923706055,1017760,0.0,0.0
2022-11-11 10:30:00-05:00,5.829999923706055,5.909999847412109,5.809999942779541,5.824999809265137,421127,0.0,0.0
2022-11-11 11:30:00-05:00,5.824999809265137,5.900000095367432,5.809999942779541,5.873499870300293,287279,0.0,0.0
2022-11-11 12:30:00-05:00,5.869999885559082,5.909999847412109,5.840000152587891,5.901500225067139,230756,0.0,0.0
2022-11-11 13:30:00-05:00,5.906000137329102,5.929999828338623,5.860000133514404,5.909200191497803,261895,0.0,0.0
2022-11-11 14:30:00-05:00,5.909999847412109,5.929999828338623,5.769999980926514,5.849999904632568,304890,0.0,0.0
2022-11-11 15:30:00-05:00,5.849999904632568,5.880000114440918,5.829999923706055,5.840000152587891,321958,0.0,0.0
2022-11-14 09:30:00-05:00,5.78000020980835,5.85890007019043,5.639999866485596,5.809999942779541,958959,0.0,0.0
2022-11-14 10:30:00-05:00,5.828499794006348,5.860000133514404,5.769999980926514,5.78000020980835,360247,0.0,0.0
2022-11-14 11:30:00-05:00,5.789999961853027,5.824999809265137,5.735000133514404,5.815000057220459,167161,0.0,0.0
2022-11-14 12:30:00-05:00,5.809999942779541,5.860000133514404,5.800000190734863,5.855000019073486,131812,0.0,0.0
2022-11-14 13:30:00-05:00,5.860000133514404,6.079999923706055,5.849999904632568,6.054999828338623,676347,0.0,0.0
2022-11-14 14:30:00-05:00,6.054999828338623,6.065000057220459,5.949999809265137,5.980000019073486,472280,0.0,0.0
2022-11-14 15:30:00-05:00,5.980000019073486,6.045000076293945,5.949999809265137,6.005000114440918,565650,0.0,0.0
2022-11-15 09:30:00-05:00,5.820000171661377,6.269999980926514,5.78000020980835,6.21999979019165,3074900,0.0,0.0
2022-11-15 10:30:00-05:00,6.215000152587891,6.230000019073486,6.079999923706055,6.199999809265137,693163,0.0,0.0
2022-11-15 11:30:00-05:00,6.197400093078613,6.230000019073486,5.769999980926514,5.785399913787842,708801,0.0,0.0
2022-11-15 12:30:00-05:00,5.78000020980835,5.789999961853027,5.590000152587891,5.614999771118164,570911,0.0,0.0
2022-11-15 13:30:00-05:00,5.610000133514404,5.65500020980835,5.46999979019165,5.539999961853027,556646,0.0,0.0
2022-11-15 14:30:00-05:00,5.534999847412109,5.699999809265137,5.525000095367432,5.675000190734863,614872,0.0,0.0
2022-11-15 15:30:00-05:00,5.670000076293945,5.675000190734863,5.614999771118164,5.659999847412109,393371,0.0,0.0
2022-11-16 09:30:00-05:00,5.599999904632568,5.630000114440918,5.364999771118164,5.40500020980835,907841,0.0,0.0
2022-11-16 10:30:00-05:00,5.40500020980835,5.460000038146973,5.329999923706055,5.449999809265137,308265,0.0,0.0
2022-11-16 11:30:00-05:00,5.445000171661377,5.445000171661377,5.324999809265137,5.349999904632568,154915,0.0,0.0
2022-11-16 12:30:00-05:00,5.349999904632568,5.389999866485596,5.320000171661377,5.349999904632568,173093,0.0,0.0
2022-11-16 13:30:00-05:00,5.34499979019165,5.349999904632568,5.250999927520752,5.295000076293945,257175,0.0,0.0
2022-11-16 14:30:00-05:00,5.289999961853027,5.300000190734863,5.199999809265137,5.25,341000,0.0,0.0
2022-11-16 15:30:00-05:00,5.25,5.260000228881836,5.210000038146973,5.260000228881836,378163,0.0,0.0
2022-11-17 09:30:00-05:00,5.0,5.005000114440918,4.800000190734863,4.9207000732421875,1979343,0.0,0.0
2022-11-17 10:30:00-05:00,4.920000076293945,4.920000076293945,4.860000133514404,4.900000095367432,631513,0.0,0.0
2022-11-17 11:30:00-05:00,4.900000095367432,4.929999828338623,4.804999828338623,4.885000228881836,663490,0.0,0.0
2022-11-17 12:30:00-05:00,4.885000228881836,5.099999904632568,4.885000228881836,5.005000114440918,633066,0.0,0.0
2022-11-17 13:30:00-05:00,5.005000114440918,5.010000228881836,4.909999847412109,4.920000076293945,403963,0.0,0.0
2022-11-17 14:30:00-05:00,4.920000076293945,4.940000057220459,4.880000114440918,4.885000228881836,443328,0.0,0.0
2022-11-17 15:30:00-05:00,4.880000114440918,4.909999847412109,4.860000133514404,4.900000095367432,628239,0.0,0.0
2022-11-18 09:30:00-05:00,5.070000171661377,5.070000171661377,4.829999923706055,4.978799819946289,1039229,0.0,0.0
2022-11-18 10:30:00-05:00,4.980000019073486,5.03000020980835,4.960000038146973,5.025000095367432,264351,0.0,0.0
2022-11-18 11:30:00-05:00,5.020400047302246,5.03000020980835,4.909999847412109,4.954999923706055,213448,0.0,0.0
2022-11-18 12:30:00-05:00,4.954999923706055,4.980000019073486,4.934999942779541,4.965000152587891,190728,0.0,0.0
2022-11-18 13:30:00-05:00,4.96999979019165,4.96999979019165,4.920000076293945,4.947299957275391,262962,0.0,0.0
2022-11-18 14:30:00-05:00,4.945000171661377,4.980000019073486,4.920000076293945,4.96999979019165,186335,0.0,0.0
2022-11-18 15:30:00-05:00,4.965000152587891,4.974999904632568,4.909999847412109,4.929999828338623,529033,0.0,0.0
2022-11-21 09:30:00-05:00,4.940000057220459,4.940000057220459,4.761499881744385,4.880000114440918,697369,0.0,0.0
2022-11-21 10:30:00-05:00,4.870800018310547,4.900000095367432,4.849999904632568,4.880000114440918,232954,0.0,0.0
2022-11-21 11:30:00-05:00,4.880000114440918,4.880000114440918,4.769999980926514,4.775000095367432,404155,0.0,0.0
2022-11-21 12:30:00-05:00,4.775000095367432,4.800000190734863,4.760000228881836,4.769999980926514,188264,0.0,0.0
2022-11-21 13:30:00-05:00,4.764999866485596,4.78000020980835,4.760000228881836,4.769999980926514,112320,0.0,0.0
2022-11-21 14:30:00-05:00,4.769999980926514,4.769999980926514,4.75,4.764999866485596,248009,0.0,0.0
2022-11-21 15:30:00-05:00,4.769999980926514,4.809999942779541,4.760000228881836,4.789999961853027,308059,0.0,0.0
2022-11-22 09:30:00-05:00,4.869999885559082,4.889999866485596,4.739999771118164,4.84499979019165,549790,0.0,0.0
2022-11-22 10:30:00-05:00,4.84499979019165,4.880000114440918,4.800000190734863,4.84499979019165,294978,0.0,0.0
2022-11-22 11:30:00-05:00,4.840000152587891,4.840000152587891,4.800000190734863,4.800000190734863,99163,0.0,0.0
2022-11-22 12:30:00-05:00,4.809999942779541,4.820000171661377,4.784999847412109,4.809999942779541,122360,0.0,0.0
2022-11-22 13:30:00-05:00,4.81850004196167,4.820000171661377,4.800000190734863,4.818999767303467,92982,0.0,0.0
2022-11-22 14:30:00-05:00,4.809999942779541,4.849999904632568,4.800000190734863,4.849999904632568,150300,0.0,0.0
2022-11-22 15:30:00-05:00,4.84499979019165,4.860000133514404,4.829999923706055,4.849999904632568,285552,0.0,0.0
2022-11-23 09:30:00-05:00,4.920000076293945,4.920000076293945,4.829999923706055,4.880000114440918,630240,0.0,0.0
2022-11-23 10:30:00-05:00,4.875,4.971499919891357,4.869999885559082,4.940000057220459,279179,0.0,0.0
2022-11-23 11:30:00-05:00,4.944900035858154,4.96999979019165,4.869999885559082,4.900000095367432,253776,0.0,0.0
2022-11-23 12:30:00-05:00,4.900000095367432,4.909999847412109,4.840000152587891,4.878499984741211,210847,0.0,0.0
2022-11-23 13:30:00-05:00,4.880000114440918,4.960000038146973,4.880000114440918,4.954999923706055,156916,0.0,0.0
2022-11-23 14:30:00-05:00,4.949999809265137,4.989999771118164,4.940000057220459,4.954999923706055,271346,0.0,0.0
2022-11-23 15:30:00-05:00,4.954999923706055,4.980000019073486,4.934999942779541,4.980000019073486,307574,0.0,0.0
2022-11-25 09:30:00-05:00,4.949999809265137,5.010000228881836,4.909999847412109,4.965000152587891,376416,0.0,0.0
2022-11-25 10:30:00-05:00,4.96999979019165,4.980000019073486,4.949999809265137,4.965000152587891,123667,0.0,0.0
2022-11-25 11:30:00-05:00,4.965000152587891,4.96999979019165,4.949999809265137,4.968999862670898,47682,0.0,0.0
2022-11-28 09:30:00-05:00,4.880000114440918,5.019999980926514,4.849999904632568,4.940000057220459,718504,0.0,0.0
2022-11-28 10:30:00-05:00,4.946000099182129,4.979100227355957,4.940000057220459,4.959199905395508,244919,0.0,0.0
2022-11-28 11:30:00-05:00,4.960000038146973,4.980000019073486,4.949999809265137,4.954999923706055,128103,0.0,0.0
2022-11-28 12:30:00-05:00,4.951900005340576,4.960000038146973,4.925000190734863,4.945000171661377,164580,0.0,0.0
2022-11-28 13:30:00-05:00,4.945000171661377,4.949999809265137,4.900000095367432,4.90500020980835,184076,0.0,0.0
2022-11-28 14:30:00-05:00,4.90500020980835,4.920000076293945,4.900000095367432,4.90500020980835,214809,0.0,0.0
2022-11-28 15:30:00-05:00,4.900000095367432,4.949999809265137,4.900000095367432,4.949999809265137,258191,0.0,0.0
2022-11-29 09:30:00-05:00,4.989999771118164,5.0,4.920000076293945,4.980000019073486,381695,0.0,0.0
2022-11-29 10:30:00-05:00,4.980000019073486,4.985000133514404,4.909999847412109,4.925000190734863,213786,0.0,0.0
2022-11-29 11:30:00-05:00,4.925000190734863,4.960000038146973,4.920000076293945,4.925000190734863,147935,0.0,0.0
2022-11-29 12:30:00-05:00,4.929999828338623,4.960000038146973,4.901500225067139,4.90500020980835,141365,0.0,0.0
2022-11-29 13:30:00-05:00,4.90500020980835,4.914999961853027,4.840000152587891,4.864999771118164,192164,0.0,0.0
2022-11-29 14:30:00-05:00,4.864999771118164,4.869999885559082,4.821499824523926,4.840000152587891,187708,0.0,0.0
2022-11-29 15:30:00-05:00,4.840000152587891,4.840000152587891,4.809999942779541,4.824999809265137,238044,0.0,0.0
2022-11-30 09:30:00-05:00,4.909999847412109,5.010000228881836,4.875,4.914999961853027,589022,0.0,0.0
2022-11-30 10:30:00-05:00,4.914999961853027,4.920000076293945,4.840000152587891,4.869999885559082,171843,0.0,0.0
2022-11-30 11:30:00-05:00,4.864999771118164,4.880000114440918,4.790200233459473,4.820000171661377,212149,0.0,0.0
2022-11-30 12:30:00-05:00,4.820000171661377,4.869999885559082,4.800000190734863,4.855000019073486,94257,0.0,0.0
2022-11-30 13:30:00-05:00,4.849999904632568,5.079999923706055,4.849999904632568,5.03000020980835,644791,0.0,0.0
2022-11-30 14:30:00-05:00,5.0370001792907715,5.050000190734863,4.960000038146973,5.005000114440918,500920,0.0,0.0
2022-11-30 15:30:00-05:00,5.005000114440918,5.150000095367432,5.005000114440918,5.144999980926514,483960,0.0,0.0
2022-12-01 09:30:00-05:00,5.119999885559082,5.260000228881836,4.96999979019165,4.980000019073486,836302,0.0,0.0
2022-12-01 10:30:00-05:00,4.974999904632568,5.090000152587891,4.960000038146973,5.089900016784668,224390,0.0,0.0
2022-12-01 11:30:00-05:00,5.090000152587891,5.114999771118164,4.96999979019165,4.980000019073486,256062,0.0,0.0
2022-12-01 12:30:00-05:00,4.985000133514404,5.019999980926514,4.949999809265137,5.010000228881836,140233,0.0,0.0
2022-12-01 13:30:00-05:00,5.010000228881836,5.03000020980835,4.980000019073486,4.985000133514404,144005,0.0,0.0
2022-12-01 14:30:00-05:00,4.985000133514404,4.989999771118164,4.960000038146973,4.980000019073486,227457,0.0,0.0
2022-12-01 15:30:00-05:00,4.980000019073486,5.010000228881836,4.949999809265137,4.965000152587891,310059,0.0,0.0
2022-12-02 09:30:00-05:00,4.849999904632568,4.880000114440918,4.744999885559082,4.829999923706055,1118629,0.0,0.0
2022-12-02 10:30:00-05:00,4.829999923706055,4.909999847412109,4.820000171661377,4.894999980926514,240590,0.0,0.0
2022-12-02 11:30:00-05:00,4.894999980926514,4.909999847412109,4.880000114440918,4.894999980926514,136504,0.0,0.0
2022-12-02 12:30:00-05:00,4.894999980926514,4.9085001945495605,4.849999904632568,4.864999771118164,281576,0.0,0.0
2022-12-02 13:30:00-05:00,4.864999771118164,4.949999809265137,4.855000019073486,4.945000171661377,157795,0.0,0.0
2022-12-02 14:30:00-05:00,4.949999809265137,4.980000019073486,4.929999828338623,4.951499938964844,342862,0.0,0.0
2022-12-02 15:30:00-05:00,4.960000038146973,4.969900131225586,4.900000095367432,4.940000057220459,395512,0.0,0.0
2022-12-05 09:30:00-05:00,4.860000133514404,4.900000095367432,4.739999771118164,4.75,985620,0.0,0.0
2022-12-05 10:30:00-05:00,4.755000114440918,4.784999847412109,4.71999979019165,4.739999771118164,475562,0.0,0.0
2022-12-05 11:30:00-05:00,4.744999885559082,4.75,4.699999809265137,4.699999809265137,249434,0.0,0.0
2022-12-05 12:30:00-05:00,4.699999809265137,4.710000038146973,4.639999866485596,4.670000076293945,396985,0.0,0.0
2022-12-05 13:30:00-05:00,4.670000076293945,4.690000057220459,4.650000095367432,4.679999828338623,157671,0.0,0.0
2022-12-05 14:30:00-05:00,4.679999828338623,4.679999828338623,4.650000095367432,4.658199787139893,301416,0.0,0.0
2022-12-05 15:30:00-05:00,4.65500020980835,4.670000076293945,4.610000133514404,4.639999866485596,491963,0.0,0.0
2022-12-06 09:30:00-05:00,4.679999828338623,4.710000038146973,4.489999771118164,4.514999866485596,1095818,0.0,0.0
2022-12-06 10:30:00-05:00,4.519999980926514,4.539999961853027,4.489999771118164,4.505000114440918,399309,0.0,0.0
2022-12-06 11:30:00-05:00,4.510000228881836,4.519999980926514,4.429999828338623,4.455999851226807,404001,0.0,0.0
2022-12-06 12:30:00-05:00,4.460000038146973,4.460000038146973,4.409999847412109,4.420000076293945,328315,0.0,0.0
2022-12-06 13:30:00-05:00,4.426799774169922,4.429999828338623,4.349999904632568,4.349999904632568,389616,0.0,0.0
2022-12-06 14:30:00-05:00,4.355000019073486,4.400000095367432,4.340000152587891,4.348800182342529,426757,0.0,0.0
2022-12-06 15:30:00-05:00,4.340000152587891,4.349999904632568,4.329999923706055,4.340000152587891,670358,0.0,0.0
2022-12-07 09:30:00-05:00,4.369999885559082,4.440000057220459,4.311500072479248,4.34499979019165,866270,0.0,0.0
2022-12-07 10:30:00-05:00,4.34499979019165,4.400000095367432,4.340000152587891,4.360000133514404,244067,0.0,0.0
2022-12-07 11:30:00-05:00,4.360000133514404,4.385000228881836,4.340000152587891,4.340000152587891,142292,0.0,0.0
2022-12-07 12:30:00-05:00,4.340099811553955,4.360000133514404,4.329999923706055,4.349899768829346,206190,0.0,0.0
2022-12-07 13:30:00-05:00,4.34499979019165,4.349999904632568,4.320000171661377,4.324999809265137,217202,0.0,0.0
2022-12-07 14:30:00-05:00,4.324999809265137,4.349999904632568,4.320000171661377,4.340000152587891,250891,0.0,0.0
2022-12-07 15:30:00-05:00,4.335000038146973,4.360000133514404,4.329999923706055,4.349999904632568,260772,0.0,0.0
2022-12-08 09:30:00-05:00,4.449999809265137,4.659999847412109,4.34499979019165,4.650000095367432,651856,0.0,0.0
2022-12-08 10:30:00-05:00,4.650000095367432,4.690000057220459,4.539999961853027,4.59499979019165,273712,0.0,0.0
2022-12-08 11:30:00-05:00,4.59499979019165,4.619999885559082,4.559999942779541,4.585000038146973,197600,0.0,0.0
2022-12-08 12:30:00-05:00,4.585000038146973,4.619999885559082,4.579999923706055,4.618100166320801,123895,0.0,0.0
2022-12-08 13:30:00-05:00,4.614999771118164,4.640500068664551,4.579999923706055,4.610000133514404,174006,0.0,0.0
2022-12-08 14:30:00-05:00,4.600500106811523,4.630000114440918,4.599999904632568,4.614999771118164,151563,0.0,0.0
2022-12-08 15:30:00-05:00,4.614999771118164,4.630000114440918,4.610000133514404,4.630000114440918,306109,0.0,0.0
2022-12-09 09:30:00-05:00,4.590000152587891,4.679999828338623,4.550000190734863,4.635000228881836,504420,0.0,0.0
2022-12-09 10:30:00-05:00,4.635000228881836,4.670000076293945,4.619999885559082,4.625,175950,0.0,0.0
2022-12-09 11:30:00-05:00,4.625,4.650000095367432,4.619999885559082,4.625,119867,0.0,0.0
2022-12-09 12:30:00-05:00,4.621399879455566,4.635000228881836,4.53000020980835,4.534999847412109,230584,0.0,0.0
2022-12-09 13:30:00-05:00,4.539999961853027,4.558499813079834,4.53000020980835,4.545000076293945,129029,0.0,0.0
2022-12-09 14:30:00-05:00,4.550000190734863,4.550000190734863,4.53000020980835,4.53000020980835,83841,0.0,0.0
2022-12-09 15:30:00-05:00,4.53000020980835,4.534999847412109,4.480000019073486,4.480000019073486,217020,0.0,0.0
2022-12-12 09:30:00-05:00,4.429999828338623,4.489999771118164,4.375,4.400000095367432,748092,0.0,0.0
2022-12-12 10:30:00-05:00,4.40500020980835,4.449999809265137,4.380000114440918,4.445000171661377,268517,0.0,0.0
2022-12-12 11:30:00-05:00,4.449999809265137,4.449999809265137,4.409999847412109,4.420000076293945,151919,0.0,0.0
2022-12-12 12:30:00-05:00,4.425000190734863,4.460000038146973,4.420000076293945,4.434999942779541,91284,0.0,0.0
2022-12-12 13:30:00-05:00,4.440000057220459,4.460000038146973,4.409999847412109,4.416100025177002,263902,0.0,0.0
2022-12-12 14:30:00-05:00,4.409999847412109,4.460000038146973,4.409999847412109,4.454999923706055,218542,0.0,0.0
2022-12-12 15:30:00-05:00,4.454999923706055,4.46999979019165,4.440000057220459,4.465000152587891,261120,0.0,0.0
2022-12-13 09:30:00-05:00,4.699999809265137,4.755000114440918,4.510000228881836,4.528900146484375,1259901,0.0,0.0
2022-12-13 10:30:00-05:00,4.519999980926514,4.539999961853027,4.460000038146973,4.465000152587891,329786,0.0,0.0
2022-12-13 11:30:00-05:00,4.465000152587891,4.478499889373779,4.275000095367432,4.300000190734863,498570,0.0,0.0
2022-12-13 12:30:00-05:00,4.300000190734863,4.359899997711182,4.269999980926514,4.355000019073486,292510,0.0,0.0
2022-12-13 13:30:00-05:00,4.355000019073486,4.369999885559082,4.320099830627441,4.335000038146973,198459,0.0,0.0
2022-12-13 14:30:00-05:00,4.340000152587891,4.349999904632568,4.309999942779541,4.320000171661377,248271,0.0,0.0
2022-12-13 15:30:00-05:00,4.320000171661377,4.340000152587891,4.269999980926514,4.320000171661377,762950,0.0,0.0
2022-12-14 09:30:00-05:00,4.369999885559082,4.505000114440918,4.320000171661377,4.389999866485596,647441,0.0,0.0
2022-12-14 10:30:00-05:00,4.380000114440918,4.440000057220459,4.355000019073486,4.409999847412109,251832,0.0,0.0
2022-12-14 11:30:00-05:00,4.409999847412109,4.420000076293945,4.329999923706055,4.349999904632568,185240,0.0,0.0
2022-12-14 12:30:00-05:00,4.356299877166748,4.375,4.320000171661377,4.335000038146973,159853,0.0,0.0
2022-12-14 13:30:00-05:00,4.335000038146973,4.369999885559082,4.239999771118164,4.25,461970,0.0,0.0
2022-12-14 14:30:00-05:00,4.244999885559082,4.320000171661377,4.170000076293945,4.218400001525879,557261,0.0,0.0
2022-12-14 15:30:00-05:00,4.210000038146973,4.235000133514404,4.170000076293945,4.224999904632568,615477,0.0,0.0
2022-12-15 09:30:00-05:00,4.159999847412109,4.199999809265137,4.03000020980835,4.088500022888184,1473190,0.0,0.0
2022-12-15 10:30:00-05:00,4.088900089263916,4.088900089263916,3.990000009536743,3.9999001026153564,748890,0.0,0.0
2022-12-15 11:30:00-05:00,4.0,4.010000228881836,3.9700000286102295,3.9798998832702637,532432,0.0,0.0
2022-12-15 12:30:00-05:00,3.9749999046325684,3.994999885559082,3.930000066757202,3.93149995803833,462392,0.0,0.0
2022-12-15 13:30:00-05:00,3.934999942779541,3.9549999237060547,3.9200000762939453,3.940000057220459,539240,0.0,0.0
2022-12-15 14:30:00-05:00,3.930000066757202,3.9700000286102295,3.9200000762939453,3.924999952316284,529475,0.0,0.0
2022-12-15 15:30:00-05:00,3.9200000762939453,3.930000066757202,3.880000114440918,3.9049999713897705,794448,0.0,0.0
2022-12-16 09:30:00-05:00,3.9600000381469727,3.9700000286102295,3.8399999141693115,3.859999895095825,1217695,0.0,0.0
2022-12-16 10:30:00-05:00,3.865000009536743,3.880000114440918,3.8499999046325684,3.8515000343322754,342006,0.0,0.0
2022-12-16 11:30:00-05:00,3.8550000190734863,3.859999895095825,3.7799999713897705,3.7950000762939453,572878,0.0,0.0
2022-12-16 12:30:00-05:00,3.7899999618530273,3.809999942779541,3.7750000953674316,3.799999952316284,562248,0.0,0.0
2022-12-16 13:30:00-05:00,3.799999952316284,3.8350000381469727,3.7915000915527344,3.809999942779541,235031,0.0,0.0
2022-12-16 14:30:00-05:00,3.809999942779541,3.859999895095825,3.799999952316284,3.8450000286102295,415818,0.0,0.0
2022-12-16 15:30:00-05:00,3.8499999046325684,3.859999895095825,3.8399999141693115,3.8499999046325684,336130,0.0,0.0
2022-12-19 09:30:00-05:00,3.869999885559082,3.9100000858306885,3.7200000286102295,3.755000114440918,1057394,0.0,0.0
2022-12-19 10:30:00-05:00,3.759999990463257,3.759999990463257,3.7200000286102295,3.7249999046325684,300751,0.0,0.0
2022-12-19 11:30:00-05:00,3.7284998893737793,3.7300000190734863,3.7100000381469727,3.7100000381469727,212621,0.0,0.0
2022-12-19 12:30:00-05:00,3.719899892807007,3.740000009536743,3.7100000381469727,3.7149999141693115,215951,0.0,0.0
2022-12-19 13:30:00-05:00,3.7200000286102295,3.7200000286102295,3.6700000762939453,3.674999952316284,303358,0.0,0.0
2022-12-19 14:30:00-05:00,3.6700000762939453,3.700000047683716,3.6500000953674316,3.6649999618530273,260687,0.0,0.0
2022-12-19 15:30:00-05:00,3.6649999618530273,3.700000047683716,3.640000104904175,3.700000047683716,406157,0.0,0.0
2022-12-20 09:30:00-05:00,3.6700000762939453,3.759999990463257,3.625,3.75,889641,0.0,0.0
2022-12-20 10:30:00-05:00,3.759999990463257,3.809999942779541,3.7200000286102295,3.734999895095825,408571,0.0,0.0
2022-12-20 11:30:00-05:00,3.734999895095825,3.7799999713897705,3.7300000190734863,3.743000030517578,165966,0.0,0.0
2022-12-20 12:30:00-05:00,3.75,3.7699999809265137,3.7200000286102295,3.7249999046325684,243853,0.0,0.0
2022-12-20 13:30:00-05:00,3.7249999046325684,3.740000009536743,3.700000047683716,3.7149999141693115,199059,0.0,0.0
2022-12-20 14:30:00-05:00,3.7149999141693115,3.75,3.7100000381469727,3.7249999046325684,274217,0.0,0.0
2022-12-20 15:30:00-05:00,3.7249999046325684,3.740000009536743,3.7100000381469727,3.7100000381469727,316900,0.0,0.0
2022-12-21 09:30:00-05:00,3.7699999809265137,3.799999952316284,3.6600000858306885,3.765000104904175,669091,0.0,0.0
2022-12-21 10:30:00-05:00,3.765000104904175,3.819999933242798,3.759999990463257,3.809999942779541,230534,0.0,0.0
2022-12-21 11:30:00-05:00,3.815000057220459,3.8299999237060547,3.7699999809265137,3.7750000953674316,185419,0.0,0.0
2022-12-21 12:30:00-05:00,3.7750000953674316,3.7750000953674316,3.7300000190734863,3.744999885559082,199258,0.0,0.0
2022-12-21 13:30:00-05:00,3.744999885559082,3.75,3.7100000381469727,3.7249999046325684,212399,0.0,0.0
2022-12-21 14:30:00-05:00,3.7300000190734863,3.7300000190734863,3.680000066757202,3.680000066757202,159709,0.0,0.0
2022-12-21 15:30:00-05:00,3.680000066757202,3.690000057220459,3.6700000762939453,3.680000066757202,244736,0.0,0.0
2022-12-22 09:30:00-05:00,3.619999885559082,3.634999990463257,3.4600000381469727,3.555000066757202,1334545,0.0,0.0
2022-12-22 10:30:00-05:00,3.549999952316284,3.5799999237060547,3.5199999809265137,3.5399999618530273,444307,0.0,0.0
2022-12-22 11:30:00-05:00,3.5299999713897705,3.5329999923706055,3.4100000858306885,3.4149999618530273,664381,0.0,0.0
2022-12-22 12:30:00-05:00,3.4200000762939453,3.424999952316284,3.369999885559082,3.3984999656677246,486960,0.0,0.0
2022-12-22 13:30:00-05:00,3.3949999809265137,3.4298999309539795,3.390000104904175,3.4200000762939453,359692,0.0,0.0
2022-12-22 14:30:00-05:00,3.419300079345703,3.4200000762939453,3.390000104904175,3.4149999618530273,496430,0.0,0.0
2022-12-22 15:30:00-05:00,3.4149999618530273,3.434999942779541,3.359999895095825,3.369999885559082,1649813,0.0,0.0
2022-12-23 09:30:00-05:00,3.390000104904175,3.4000000953674316,3.299999952316284,3.3399999141693115,1197778,0.0,0.0
2022-12-23 10:30:00-05:00,3.3399999141693115,3.390000104904175,3.309999942779541,3.3350000381469727,502371,0.0,0.0
2022-12-23 11:30:00-05:00,3.3399999141693115,3.3499999046325684,3.319999933242798,3.3294999599456787,210815,0.0,0.0
2022-12-23 12:30:00-05:00,3.3299999237060547,3.3399999141693115,3.2799999713897705,3.2850000858306885,378389,0.0,0.0
2022-12-23 13:30:00-05:00,3.2834999561309814,3.309999942779541,3.2702999114990234,3.2950000762939453,171690,0.0,0.0
2022-12-23 14:30:00-05:00,3.2899999618530273,3.309999942779541,3.2899999618530273,3.2899999618530273,295197,0.0,0.0
2022-12-23 15:30:00-05:00,3.2950000762939453,3.3299999237060547,3.2799999713897705,3.2950000762939453,1483913,0.0,0.0
2022-12-27 09:30:00-05:00,3.2799999713897705,3.299999952316284,3.0999999046325684,3.186000108718872,1436125,0.0,0.0
2022-12-27 10:30:00-05:00,3.184999942779541,3.190000057220459,3.140000104904175,3.1549999713897705,422904,0.0,0.0
2022-12-27 11:30:00-05:00,3.1514999866485596,3.1700000762939453,3.0999999046325684,3.1050000190734863,320827,0.0,0.0
2022-12-27 12:30:00-05:00,3.1010000705718994,3.119999885559082,3.049999952316284,3.069999933242798,442114,0.0,0.0
2022-12-27 13:30:00-05:00,3.065999984741211,3.069999933242798,3.049999952316284,3.055000066757202,311004,0.0,0.0
2022-12-27 14:30:00-05:00,3.0590999126434326,3.0999999046325684,3.055000066757202,3.075000047683716,581085,0.0,0.0
2022-12-27 15:30:00-05:00,3.075000047683716,3.0999999046325684,3.075000047683716,3.0999999046325684,524401,0.0,0.0
2022-12-28 09:30:00-05:00,3.119999885559082,3.2049999237060547,3.0899999141693115,3.0999999046325684,772786,0.0,0.0
2022-12-28 10:30:00-05:00,3.0999999046325684,3.108599901199341,3.0399999618530273,3.0950000286102295,460799,0.0,0.0
2022-12-28 11:30:00-05:00,3.0999999046325684,3.0999999046325684,3.0399999618530273,3.059999942779541,437582,0.0,0.0
2022-12-28 12:30:00-05:00,3.0627999305725098,3.130000114440918,3.059999942779541,3.075000047683716,406385,0.0,0.0
2022-12-28 13:30:00-05:00,3.075000047683716,3.1050000190734863,3.059999942779541,3.0785000324249268,289358,0.0,0.0
2022-12-28 14:30:00-05:00,3.075000047683716,3.089900016784668,3.0399999618530273,3.075000047683716,536390,0.0,0.0
2022-12-28 15:30:00-05:00,3.075000047683716,3.125,3.069999933242798,3.109999895095825,365544,0.0,0.0
2022-12-29 09:30:00-05:00,3.180000066757202,3.5299999713897705,3.130000114440918,3.5,1376890,0.0,0.0
2022-12-29 10:30:00-05:00,3.505000114440918,3.640000104904175,3.505000114440918,3.615000009536743,994583,0.0,0.0
2022-12-29 11:30:00-05:00,3.6106998920440674,3.680000066757202,3.509999990463257,3.549999952316284,883343,0.0,0.0
2022-12-29 12:30:00-05:00,3.5450000762939453,3.5450000762939453,3.5,3.515000104904175,372827,0.0,0.0
2022-12-29 13:30:00-05:00,3.515000104904175,3.5350000858306885,3.5,3.5199999809265137,269191,0.0,0.0
2022-12-29 14:30:00-05:00,3.5114998817443848,3.5199999809265137,3.490000009536743,3.515000104904175,299265,0.0,0.0
2022-12-29 15:30:00-05:00,3.515000104904175,3.565000057220459,3.5100998878479004,3.5399999618530273,461437,0.0,0.0
2022-12-30 09:30:00-05:00,3.450000047683716,3.5,3.390000104904175,3.4800000190734863,612791,0.0,0.0
2022-12-30 10:30:00-05:00,3.4800000190734863,3.529900074005127,3.4200000762939453,3.430000066757202,332181,0.0,0.0
2022-12-30 11:30:00-05:00,3.4200000762939453,3.4700000286102295,3.4200000762939453,3.4375,223715,0.0,0.0
2022-12-30 12:30:00-05:00,3.434999942779541,3.4600000381469727,3.4000000953674316,3.404400110244751,222940,0.0,0.0
2022-12-30 13:30:00-05:00,3.4100000858306885,3.424999952316284,3.380000114440918,3.3949999809265137,188406,0.0,0.0
2022-12-30 14:30:00-05:00,3.4000000953674316,3.434999942779541,3.380000114440918,3.430000066757202,313460,0.0,0.0
2022-12-30 15:30:00-05:00,3.430000066757202,3.4700000286102295,3.4200000762939453,3.450000047683716,325927,0.0,0.0
2023-01-03 09:30:00-05:00,3.569999933242798,3.7149999141693115,3.4200000762939453,3.430000066757202,952961,0.0,0.0
2023-01-03 10:30:00-05:00,3.424999952316284,3.5,3.4100000858306885,3.4423000812530518,332503,0.0,0.0
2023-01-03 11:30:00-05:00,3.447000026702881,3.4700000286102295,3.430000066757202,3.4700000286102295,170047,0.0,0.0
2023-01-03 12:30:00-05:00,3.469099998474121,3.4800000190734863,3.424999952316284,3.4600000381469727,219063,0.0,0.0
2023-01-03 13:30:00-05:00,3.450000047683716,3.4600000381469727,3.430000066757202,3.440000057220459,190522,0.0,0.0
2023-01-03 14:30:00-05:00,3.440000057220459,3.509999990463257,3.4200000762939453,3.484999895095825,362070,0.0,0.0
2023-01-03 15:30:00-05:00,3.484999895095825,3.494999885559082,3.4600000381469727,3.4600000381469727,349690,0.0,0.0
2023-01-04 09:30:00-05:00,3.509999990463257,3.619999885559082,3.450000047683716,3.5999999046325684,666358,0.0,0.0
2023-01-04 10:30:00-05:00,3.5989999771118164,3.6700000762939453,3.5701000690460205,3.6649999618530273,271561,0.0,0.0
2023-01-04 11:30:00-05:00,3.6619999408721924,3.700000047683716,3.6449999809265137,3.6649999618530273,255749,0.0,0.0
2023-01-04 12:30:00-05:00,3.661600112915039,3.680000066757202,3.5899999141693115,3.619999885559082,180779,0.0,0.0
2023-01-04 13:30:00-05:00,3.619999885559082,3.6500000953674316,3.559999942779541,3.559999942779541,177494,0.0,0.0
2023-01-04 14:30:00-05:00,3.559999942779541,3.6389999389648438,3.559999942779541,3.615000009536743,166498,0.0,0.0
2023-01-04 15:30:00-05:00,3.609999895095825,3.619999885559082,3.575000047683716,3.6050000190734863,185249,0.0,0.0
2023-01-05 09:30:00-05:00,3.549999952316284,3.6549999713897705,3.5199999809265137,3.609999895095825,597473,0.0,0.0
2023-01-05 10:30:00-05:00,3.607300043106079,3.630000114440918,3.5799999237060547,3.5950000286102295,134482,0.0,0.0
2023-01-05 11:30:00-05:00,3.5950000286102295,3.6298999786376953,3.5899999141693115,3.6050000190734863,161193,0.0,0.0
2023-01-05 12:30:00-05:00,3.6050000190734863,3.6500000953674316,3.5899999141693115,3.634999990463257,166028,0.0,0.0
2023-01-05 13:30:00-05:00,3.640000104904175,3.690000057220459,3.634999990463257,3.674999952316284,172687,0.0,0.0
2023-01-05 14:30:00-05:00,3.671099901199341,3.680000066757202,3.630000114440918,3.630000114440918,236236,0.0,0.0
2023-01-05 15:30:00-05:00,3.634999990463257,3.6600000858306885,3.630000114440918,3.6500000953674316,297954,0.0,0.0
2023-01-06 09:30:00-05:00,3.680000066757202,3.700000047683716,3.5899999141693115,3.630000114440918,643817,0.0,0.0
2023-01-06 10:30:00-05:00,3.634999990463257,3.7100000381469727,3.634999990463257,3.674999952316284,188167,0.0,0.0
2023-01-06 11:30:00-05:00,3.6700000762939453,3.700000047683716,3.6600000858306885,3.684999942779541,107772,0.0,0.0
2023-01-06 12:30:00-05:00,3.684999942779541,3.7200000286102295,3.6700000762939453,3.7200000286102295,134368,0.0,0.0
2023-01-06 13:30:00-05:00,3.7200000286102295,3.7699999809265137,3.7200000286102295,3.755000114440918,177583,0.0,0.0
2023-01-06 14:30:00-05:00,3.755000114440918,3.7699999809265137,3.744999885559082,3.759999990463257,134289,0.0,0.0
2023-01-06 15:30:00-05:00,3.759999990463257,3.7799999713897705,3.740000009536743,3.7799999713897705,211748,0.0,0.0
2023-01-09 09:30:00-05:00,3.890000104904175,4.010000228881836,3.8499999046325684,3.9999001026153564,967656,0.0,0.0
2023-01-09 10:30:00-05:00,4.0,4.010000228881836,3.9000000953674316,3.9749999046325684,494212,0.0,0.0
2023-01-09 11:30:00-05:00,3.9700000286102295,4.0,3.950000047683716,4.0,175629,0.0,0.0
2023-01-09 12:30:00-05:00,3.996500015258789,4.0,3.950000047683716,3.984999895095825,213136,0.0,0.0
2023-01-09 13:30:00-05:00,3.984999895095825,4.0,3.9200000762939453,3.950000047683716,374148,0.0,0.0
2023-01-09 14:30:00-05:00,3.950000047683716,3.9549999237060547,3.809999942779541,3.815000057220459,523063,0.0,0.0
2023-01-09 15:30:00-05:00,3.815000057220459,3.8299999237060547,3.7850000858306885,3.7899999618530273,520219,0.0,0.0
2023-01-10 09:30:00-05:00,3.8299999237060547,3.8589999675750732,3.7200000286102295,3.7260000705718994,752703,0.0,0.0
2023-01-10 10:30:00-05:00,3.7249999046325684,3.7699999809265137,3.680000066757202,3.7599000930786133,339544,0.0,0.0
2023-01-10 11:30:00-05:00,3.758500099182129,3.758500099182129,3.7049999237060547,3.734999895095825,195383,0.0,0.0
2023-01-10 12:30:00-05:00,3.734999895095825,3.7799999713897705,3.734999895095825,3.7750000953674316,104651,0.0,0.0
2023-01-10 13:30:00-05:00,3.7699999809265137,3.799999952316284,3.765000104904175,3.7950000762939453,326947,0.0,0.0
2023-01-10 14:30:00-05:00,3.7950000762939453,3.809999942779541,3.759999990463257,3.765000104904175,153278,0.0,0.0
2023-01-10 15:30:00-05:00,3.7679998874664307,3.809999942779541,3.759999990463257,3.809999942779541,274399,0.0,0.0
2023-01-11 09:30:00-05:00,3.9100000858306885,3.990000009536743,3.7799999713897705,3.9649999141693115,785375,0.0,0.0
2023-01-11 10:30:00-05:00,3.9649999141693115,3.9649999141693115,3.890000104904175,3.944999933242798,318297,0.0,0.0
2023-01-11 11:30:00-05:00,3.950000047683716,3.9700000286102295,3.940000057220459,3.9649999141693115,165977,0.0,0.0
2023-01-11 12:30:00-05:00,3.9700000286102295,3.9700000286102295,3.9049999713897705,3.934999942779541,193666,0.0,0.0
2023-01-11 13:30:00-05:00,3.934999942779541,3.9600000381469727,3.865000009536743,3.865000009536743,298964,0.0,0.0
2023-01-11 14:30:00-05:00,3.869999885559082,3.869999885559082,3.7899999618530273,3.819999933242798,496517,0.0,0.0
2023-01-11 15:30:00-05:00,3.819999933242798,3.859999895095825,3.809999942779541,3.859999895095825,305788,0.0,0.0
2023-01-12 09:30:00-05:00,3.9000000953674316,3.930000066757202,3.700000047683716,3.8499999046325684,1044115,0.0,0.0
2023-01-12 10:30:00-05:00,3.8499999046325684,3.880000114440918,3.799999952316284,3.869499921798706,316754,0.0,0.0
2023-01-12 11:30:00-05:00,3.869999885559082,3.9549999237060547,3.8550000190734863,3.940000057220459,279449,0.0,0.0
2023-01-12 12:30:00-05:00,3.930000066757202,3.9800000190734863,3.9100000858306885,3.9149999618530273,319906,0.0,0.0
2023-01-12 13:30:00-05:00,3.9100000858306885,3.9800000190734863,3.9100000858306885,3.9700000286102295,212595,0.0,0.0
2023-01-12 14:30:00-05:00,3.9649999141693115,4.03000020980835,3.9549999237060547,4.019999980926514,371028,0.0,0.0
2023-01-12 15:30:00-05:00,4.019999980926514,4.050000190734863,4.010000228881836,4.050000190734863,317521,0.0,0.0
2023-01-13 09:30:00-05:00,3.9700000286102295,4.130000114440918,3.944999933242798,4.111499786376953,916897,0.0,0.0
2023-01-13 10:30:00-05:00,4.114999771118164,4.131499767303467,4.059999942779541,4.079999923706055,483381,0.0,0.0
2023-01-13 11:30:00-05:00,4.085000038146973,4.190000057220459,4.061500072479248,4.189700126647949,239794,0.0,0.0
2023-01-13 12:30:00-05:00,4.184999942779541,4.275000095367432,4.170000076293945,4.230000019073486,430474,0.0,0.0
2023-01-13 13:30:00-05:00,4.22760009765625,4.349999904632568,4.21999979019165,4.34499979019165,617487,0.0,0.0
2023-01-13 14:30:00-05:00,4.349999904632568,4.420000076293945,4.329999923706055,4.407400131225586,648551,0.0,0.0
2023-01-13 15:30:00-05:00,4.409999847412109,4.420000076293945,4.380000114440918,4.409999847412109,485537,0.0,0.0
2023-01-17 09:30:00-05:00,4.429200172424316,4.429999828338623,4.21999979019165,4.320000171661377,1106547,0.0,0.0
2023-01-17 10:30:00-05:00,4.324999809265137,4.324999809265137,4.195000171661377,4.235000133514404,719238,0.0,0.0
2023-01-17 11:30:00-05:00,4.235000133514404,4.315000057220459,4.21999979019165,4.309999942779541,296726,0.0,0.0
2023-01-17 12:30:00-05:00,4.319900035858154,4.360000133514404,4.309999942779541,4.315000057220459,192679,0.0,0.0
2023-01-17 13:30:00-05:00,4.309999942779541,4.340000152587891,4.28000020980835,4.304999828338623,171724,0.0,0.0
2023-01-17 14:30:00-05:00,4.304999828338623,4.329999923706055,4.304999828338623,4.324999809265137,221476,0.0,0.0
2023-01-17 15:30:00-05:00,4.324999809265137,4.360000133514404,4.320000171661377,4.355000019073486,259335,0.0,0.0
2023-01-18 09:30:00-05:00,4.400000095367432,4.539999961853027,4.360000133514404,4.539999961853027,707384,0.0,0.0
2023-01-18 10:30:00-05:00,4.539999961853027,4.545000076293945,4.260000228881836,4.284999847412109,477803,0.0,0.0
2023-01-18 11:30:00-05:00,4.281099796295166,4.320000171661377,4.25,4.299099922180176,285186,0.0,0.0
2023-01-18 12:30:00-05:00,4.29010009765625,4.309999942779541,4.239999771118164,4.28000020980835,188069,0.0,0.0
2023-01-18 13:30:00-05:00,4.275000095367432,4.320000171661377,4.25,4.264999866485596,203323,0.0,0.0
2023-01-18 14:30:00-05:00,4.269999980926514,4.269999980926514,4.230000019073486,4.230000019073486,168606,0.0,0.0
2023-01-18 15:30:00-05:00,4.230000019073486,4.231200218200684,4.199999809265137,4.204999923706055,252731,0.0,0.0
2023-01-19 09:30:00-05:00,4.090000152587891,4.150000095367432,4.054999828338623,4.059999942779541,537398,0.0,0.0
2023-01-19 10:30:00-05:00,4.061200141906738,4.090000152587891,4.03000020980835,4.03000020980835,317101,0.0,0.0
2023-01-19 11:30:00-05:00,4.034999847412109,4.046500205993652,4.010000228881836,4.014999866485596,141616,0.0,0.0
2023-01-19 12:30:00-05:00,4.010000228881836,4.070000171661377,4.010000228881836,4.050000190734863,167553,0.0,0.0
2023-01-19 13:30:00-05:00,4.054999828338623,4.1092000007629395,4.050000190734863,4.105000019073486,124346,0.0,0.0
2023-01-19 14:30:00-05:00,4.105000019073486,4.119999885559082,4.050000190734863,4.059999942779541,206403,0.0,0.0
2023-01-19 15:30:00-05:00,4.059999942779541,4.06820011138916,4.010000228881836,4.010000228881836,213341,0.0,0.0
2023-01-20 09:30:00-05:00,4.239999771118164,4.440000057220459,4.139999866485596,4.32919979095459,1764150,0.0,0.0
2023-01-20 10:30:00-05:00,4.329999923706055,4.36870002746582,4.21999979019165,4.289999961853027,401635,0.0,0.0
2023-01-20 11:30:00-05:00,4.300000190734863,4.329999923706055,4.260000228881836,4.315000057220459,300502,0.0,0.0
2023-01-20 12:30:00-05:00,4.315000057220459,4.409999847412109,4.295000076293945,4.313600063323975,347883,0.0,0.0
2023-01-20 13:30:00-05:00,4.320000171661377,4.360000133514404,4.309999942779541,4.315000057220459,253980,0.0,0.0
2023-01-20 14:30:00-05:00,4.315000057220459,4.349999904632568,4.300000190734863,4.320000171661377,197755,0.0,0.0
2023-01-20 15:30:00-05:00,4.320000171661377,4.349999904632568,4.309999942779541,4.34499979019165,252427,0.0,0.0
2023-01-23 09:30:00-05:00,4.510000228881836,4.619999885559082,4.364999771118164,4.559999942779541,1421174,0.0,0.0
2023-01-23 10:30:00-05:00,4.559999942779541,4.579999923706055,4.489999771118164,4.489999771118164,581564,0.0,0.0
2023-01-23 11:30:00-05:00,4.489999771118164,4.550000190734863,4.480000019073486,4.545000076293945,282263,0.0,0.0
2023-01-23 12:30:00-05:00,4.545000076293945,4.574999809265137,4.514999866485596,4.570000171661377,287481,0.0,0.0
2023-01-23 13:30:00-05:00,4.576399803161621,4.590000152587891,4.440000057220459,4.460000038146973,511254,0.0,0.0
2023-01-23 14:30:00-05:00,4.465000152587891,4.474999904632568,4.400000095367432,4.434999942779541,321421,0.0,0.0
2023-01-23 15:30:00-05:00,4.434999942779541,4.494999885559082,4.414999961853027,4.494999885559082,303142,0.0,0.0
2023-01-24 09:30:00-05:00,4.460000038146973,4.730000019073486,4.369999885559082,4.480000019073486,723235,0.0,0.0
2023-01-24 10:30:00-05:00,4.471499919891357,4.510000228881836,4.440000057220459,4.510000228881836,186694,0.0,0.0
2023-01-24 11:30:00-05:00,4.515200138092041,4.519999980926514,4.46999979019165,4.489999771118164,128016,0.0,0.0
2023-01-24 12:30:00-05:00,4.5,4.5,4.449999809265137,4.489999771118164,156746,0.0,0.0
2023-01-24 13:30:00-05:00,4.489999771118164,4.505000114440918,4.460000038146973,4.485000133514404,103275,0.0,0.0
2023-01-24 14:30:00-05:00,4.485000133514404,4.5,4.460000038146973,4.474999904632568,127633,0.0,0.0
2023-01-24 15:30:00-05:00,4.46999979019165,4.474999904632568,4.429999828338623,4.449999809265137,224388,0.0,0.0
2023-01-25 09:30:00-05:00,4.309999942779541,4.389800071716309,4.261499881744385,4.309999942779541,543364,0.0,0.0
2023-01-25 10:30:00-05:00,4.309999942779541,4.400000095367432,4.289999961853027,4.378699779510498,123498,0.0,0.0
2023-01-25 11:30:00-05:00,4.375,4.420000076293945,4.364999771118164,4.375,155303,0.0,0.0
2023-01-25 12:30:00-05:00,4.375,4.449999809265137,4.364999771118164,4.449999809265137,103478,0.0,0.0
2023-01-25 13:30:00-05:00,4.445000171661377,4.519999980926514,4.434999942779541,4.489999771118164,172398,0.0,0.0
2023-01-25 14:30:00-05:00,4.5,4.539999961853027,4.485000133514404,4.5,251416,0.0,0.0
2023-01-25 15:30:00-05:00,4.5,4.510000228881836,4.480000019073486,4.5,148174,0.0,0.0
2023-01-26 09:30:00-05:00,4.630000114440918,4.679999828338623,4.442500114440918,4.465000152587891,964728,0.0,0.0
2023-01-26 10:30:00-05:00,4.465000152587891,4.46999979019165,4.304999828338623,4.336699962615967,455638,0.0,0.0
2023-01-26 11:30:00-05:00,4.335000038146973,4.429999828338623,4.329999923706055,4.414999961853027,227022,0.0,0.0
2023-01-26 12:30:00-05:00,4.415999889373779,4.440000057220459,4.400000095367432,4.401599884033203,154849,0.0,0.0
2023-01-26 13:30:00-05:00,4.400000095367432,4.474999904632568,4.400000095367432,4.460000038146973,178586,0.0,0.0
2023-01-26 14:30:00-05:00,4.460000038146973,4.46999979019165,4.449999809265137,4.454999923706055,146423,0.0,0.0
2023-01-26 15:30:00-05:00,4.454999923706055,4.539999961853027,4.449999809265137,4.53000020980835,502739,0.0,0.0
2023-01-27 09:30:00-05:00,4.480000019073486,4.565000057220459,4.449999809265137,4.525199890136719,487238,0.0,0.0
2023-01-27 10:30:00-05:00,4.525000095367432,4.53000020980835,4.460000038146973,4.474999904632568,379568,0.0,0.0
2023-01-27 11:30:00-05:00,4.474999904632568,4.53000020980835,4.46999979019165,4.53000020980835,344842,0.0,0.0
2023-01-27 12:30:00-05:00,4.528500080108643,4.53000020980835,4.46999979019165,4.476500034332275,589454,0.0,0.0
2023-01-27 13:30:00-05:00,4.480000019073486,4.53000020980835,4.429999828338623,4.5,1298740,0.0,0.0
2023-01-27 14:30:00-05:00,4.499000072479248,4.519999980926514,4.4868998527526855,4.514999866485596,376912,0.0,0.0
2023-01-27 15:30:00-05:00,4.514999866485596,4.519999980926514,4.460000038146973,4.489999771118164,478910,0.0,0.0
2023-01-30 09:30:00-05:00,4.46999979019165,4.590000152587891,4.409999847412109,4.4421000480651855,965180,0.0,0.0
2023-01-30 10:30:00-05:00,4.449900150299072,4.514999866485596,4.400000095367432,4.510000228881836,279886,0.0,0.0
2023-01-30 11:30:00-05:00,4.514999866485596,4.550000190734863,4.480000019073486,4.531300067901611,214091,0.0,0.0
2023-01-30 12:30:00-05:00,4.534999847412109,4.534999847412109,4.489999771118164,4.514999866485596,135611,0.0,0.0
2023-01-30 13:30:00-05:00,4.514999866485596,4.514999866485596,4.46999979019165,4.484300136566162,196159,0.0,0.0
2023-01-30 14:30:00-05:00,4.480000019073486,4.505000114440918,4.449999809265137,4.460000038146973,138281,0.0,0.0
2023-01-30 15:30:00-05:00,4.454999923706055,4.497499942779541,4.449999809265137,4.460000038146973,200509,0.0,0.0
2023-01-31 09:30:00-05:00,4.5,4.53000020980835,4.421500205993652,4.5,568866,0.0,0.0
2023-01-31 10:30:00-05:00,4.5,4.574999809265137,4.5,4.525000095367432,406423,0.0,0.0
2023-01-31 11:30:00-05:00,4.53000020980835,4.539999961853027,4.474999904632568,4.505000114440918,328885,0.0,0.0
2023-01-31 12:30:00-05:00,4.505000114440918,4.519999980926514,4.46999979019165,4.46999979019165,128267,0.0,0.0
2023-01-31 13:30:00-05:00,4.46999979019165,4.5,4.460000038146973,4.473899841308594,125863,0.0,0.0
2023-01-31 14:30:00-05:00,4.480000019073486,4.488999843597412,4.440000057220459,4.442299842834473,218737,0.0,0.0
2023-01-31 15:30:00-05:00,4.449999809265137,4.460100173950195,4.429999828338623,4.440000057220459,223297,0.0,0.0
2023-02-01 09:30:00-05:00,4.5,4.539999961853027,4.425000190734863,4.519999980926514,504396,0.0,0.0
2023-02-01 10:30:00-05:00,4.521500110626221,4.539999961853027,4.400000095367432,4.519999980926514,406042,0.0,0.0
2023-02-01 11:30:00-05:00,4.510000228881836,4.53000020980835,4.480000019073486,4.5,175220,0.0,0.0
2023-02-01 12:30:00-05:00,4.489999771118164,4.514999866485596,4.489999771118164,4.489999771118164,162395,0.0,0.0
2023-02-01 13:30:00-05:00,4.494999885559082,4.548799991607666,4.400000095367432,4.46999979019165,632928,0.0,0.0
2023-02-01 14:30:00-05:00,4.474999904632568,4.699999809265137,4.40500020980835,4.699999809265137,1404095,0.0,0.0
2023-02-01 15:30:00-05:00,4.699999809265137,4.789999961853027,4.699999809265137,4.760000228881836,663037,0.0,0.0
2023-02-02 09:30:00-05:00,4.929999828338623,5.130000114440918,4.903900146484375,5.039999961853027,1747061,0.0,0.0
2023-02-02 10:30:00-05:00,5.045000076293945,5.199999809265137,5.039999961853027,5.170000076293945,851553,0.0,0.0
2023-02-02 11:30:00-05:00,5.178899765014648,5.394999980926514,5.159999847412109,5.310999870300293,1126650,0.0,0.0
2023-02-02 12:30:00-05:00,5.309999942779541,5.460000038146973,5.309999942779541,5.454999923706055,666213,0.0,0.0
2023-02-02 13:30:00-05:00,5.457499980926514,5.570000171661377,5.4217000007629395,5.440000057220459,1373074,0.0,0.0
2023-02-02 14:30:00-05:00,5.4430999755859375,5.454999923706055,5.269999980926514,5.40500020980835,939476,0.0,0.0
2023-02-02 15:30:00-05:00,5.409999847412109,5.489999771118164,5.369999885559082,5.485000133514404,571324,0.0,0.0
2023-02-03 09:30:00-05:00,5.260000228881836,5.599999904632568,5.21999979019165,5.46999979019165,1416077,0.0,0.0
2023-02-03 10:30:00-05:00,5.465000152587891,5.614999771118164,5.460000038146973,5.565000057220459,487157,0.0,0.0
2023-02-03 11:30:00-05:00,5.565000057220459,5.71999979019165,5.498499870300293,5.585000038146973,623181,0.0,0.0
2023-02-03 12:30:00-05:00,5.581500053405762,5.605000019073486,5.460000038146973,5.489999771118164,475939,0.0,0.0
2023-02-03 13:30:00-05:00,5.489999771118164,5.630000114440918,5.409999847412109,5.588900089263916,627658,0.0,0.0
2023-02-03 14:30:00-05:00,5.590000152587891,5.619999885559082,5.490099906921387,5.525000095367432,530389,0.0,0.0
2023-02-03 15:30:00-05:00,5.525000095367432,5.53000020980835,5.480000019073486,5.489999771118164,346071,0.0,0.0
2023-02-06 09:30:00-05:00,5.800000190734863,6.0,5.479899883270264,5.5,4791868,0.0,0.0
2023-02-06 10:30:00-05:00,5.505000114440918,5.869999885559082,5.449999809265137,5.860000133514404,1654986,0.0,0.0
2023-02-06 11:30:00-05:00,5.860000133514404,5.869900226593018,5.53000020980835,5.585000038146973,1124830,0.0,0.0
2023-02-06 12:30:00-05:00,5.585000038146973,5.637899875640869,5.349999904632568,5.3506999015808105,799601,0.0,0.0
2023-02-06 13:30:00-05:00,5.349999904632568,5.474999904632568,5.340000152587891,5.390900135040283,440154,0.0,0.0
2023-02-06 14:30:00-05:00,5.394999980926514,5.440000057220459,5.360000133514404,5.385000228881836,432605,0.0,0.0
2023-02-06 15:30:00-05:00,5.380000114440918,5.46999979019165,5.380000114440918,5.409999847412109,432832,0.0,0.0
2023-02-07 09:30:00-05:00,5.440000057220459,5.440000057220459,4.980000019073486,5.005000114440918,2247150,0.0,0.0
2023-02-07 10:30:00-05:00,5.0,5.118500232696533,4.980000019073486,5.090000152587891,719887,0.0,0.0
2023-02-07 11:30:00-05:00,5.090000152587891,5.149899959564209,4.989999771118164,5.0,480637,0.0,0.0
2023-02-07 12:30:00-05:00,5.0,5.210000038146973,4.989999771118164,5.03000020980835,769536,0.0,0.0
2023-02-07 13:30:00-05:00,5.010000228881836,5.099999904632568,4.949999809265137,5.070000171661377,434305,0.0,0.0
2023-02-07 14:30:00-05:00,5.065000057220459,5.119999885559082,5.039999961853027,5.105000019073486,345880,0.0,0.0
2023-02-07 15:30:00-05:00,5.110000133514404,5.190000057220459,5.079999923706055,5.150000095367432,549364,0.0,0.0
2023-02-08 09:30:00-05:00,5.150000095367432,5.480000019073486,5.110000133514404,5.338500022888184,1501294,0.0,0.0
2023-02-08 10:30:00-05:00,5.335000038146973,5.338500022888184,5.139999866485596,5.144999980926514,510042,0.0,0.0
2023-02-08 11:30:00-05:00,5.140100002288818,5.215000152587891,5.114999771118164,5.210000038146973,315764,0.0,0.0
2023-02-08 12:30:00-05:00,5.210000038146973,5.224999904632568,5.159999847412109,5.164999961853027,181439,0.0,0.0
2023-02-08 13:30:00-05:00,5.164999961853027,5.179999828338623,5.119999885559082,5.130000114440918,174846,0.0,0.0
2023-02-08 14:30:00-05:00,5.135000228881836,5.150000095367432,5.099999904632568,5.135000228881836,212187,0.0,0.0
2023-02-08 15:30:00-05:00,5.130300045013428,5.159999847412109,5.110000133514404,5.125,302517,0.0,0.0
2023-02-09 09:30:00-05:00,5.210000038146973,5.21999979019165,4.981400012969971,4.994699954986572,1074624,0.0,0.0
2023-02-09 10:30:00-05:00,4.989999771118164,5.0,4.855000019073486,4.860000133514404,848967,0.0,0.0
2023-02-09 11:30:00-05:00,4.869999885559082,4.920000076293945,4.860000133514404,4.880000114440918,328990,0.0,0.0
2023-02-09 12:30:00-05:00,4.880000114440918,4.885000228881836,4.800899982452393,4.815000057220459,304252,0.0,0.0
2023-02-09 13:30:00-05:00,4.815000057220459,4.837900161743164,4.664999961853027,4.670000076293945,741182,0.0,0.0
2023-02-09 14:30:00-05:00,4.675000190734863,4.75,4.670000076293945,4.687699794769287,786568,0.0,0.0
2023-02-09 15:30:00-05:00,4.6890997886657715,4.710000038146973,4.670000076293945,4.699999809265137,437460,0.0,0.0
2023-02-10 09:30:00-05:00,4.71999979019165,4.940000057220459,4.679999828338623,4.851500034332275,1319710,0.0,0.0
2023-02-10 10:30:00-05:00,4.849999904632568,4.889999866485596,4.744999885559082,4.769999980926514,387708,0.0,0.0
2023-02-10 11:30:00-05:00,4.769999980926514,4.769999980926514,4.71999979019165,4.7291998863220215,197800,0.0,0.0
2023-02-10 12:30:00-05:00,4.724999904632568,4.849999904632568,4.71999979019165,4.809999942779541,200830,0.0,0.0
2023-02-10 13:30:00-05:00,4.800000190734863,4.820000171661377,4.769999980926514,4.769999980926514,135789,0.0,0.0
2023-02-10 14:30:00-05:00,4.769999980926514,4.809999942779541,4.760000228881836,4.795000076293945,150902,0.0,0.0
2023-02-10 15:30:00-05:00,4.800000190734863,4.835000038146973,4.795000076293945,4.809999942779541,234758,0.0,0.0
2023-02-13 09:30:00-05:00,4.869999885559082,4.880000114440918,4.680099964141846,4.804999828338623,712890,0.0,0.0
2023-02-13 10:30:00-05:00,4.809999942779541,4.880000114440918,4.800000190734863,4.835000038146973,224381,0.0,0.0
2023-02-13 11:30:00-05:00,4.840000152587891,4.900000095367432,4.789999961853027,4.864999771118164,292075,0.0,0.0
2023-02-13 12:30:00-05:00,4.864999771118164,4.898799896240234,4.84499979019165,4.889999866485596,160807,0.0,0.0
2023-02-13 13:30:00-05:00,4.89169979095459,4.909999847412109,4.829999923706055,4.829999923706055,210487,0.0,0.0
2023-02-13 14:30:00-05:00,4.824999809265137,4.849999904632568,4.800000190734863,4.820000171661377,288211,0.0,0.0
2023-02-13 15:30:00-05:00,4.829999923706055,4.900000095367432,4.820000171661377,4.885000228881836,512889,0.0,0.0
2023-02-14 09:30:00-05:00,4.760000228881836,5.070000171661377,4.670000076293945,4.889999866485596,1423256,0.0,0.0
2023-02-14 10:30:00-05:00,4.889999866485596,4.900000095367432,4.699999809265137,4.744999885559082,629229,0.0,0.0
2023-02-14 11:30:00-05:00,4.744999885559082,4.809999942779541,4.715000152587891,4.775000095367432,246107,0.0,0.0
2023-02-14 12:30:00-05:00,4.775000095367432,4.885000228881836,4.769999980926514,4.849999904632568,314279,0.0,0.0
2023-02-14 13:30:00-05:00,4.849999904632568,4.869999885559082,4.800000190734863,4.849999904632568,213279,0.0,0.0
2023-02-14 14:30:00-05:00,4.849999904632568,4.994999885559082,4.84499979019165,4.974999904632568,520783,0.0,0.0
2023-02-14 15:30:00-05:00,4.96999979019165,5.019999980926514,4.963500022888184,4.989999771118164,416059,0.0,0.0
2023-02-15 09:30:00-05:00,5.0,5.400000095367432,5.0,5.34089994430542,1971680,0.0,0.0
2023-02-15 10:30:00-05:00,5.340000152587891,5.505000114440918,5.329999923706055,5.5,1153060,0.0,0.0
2023-02-15 11:30:00-05:00,5.494999885559082,5.559999942779541,5.375,5.394999980926514,633648,0.0,0.0
2023-02-15 12:30:00-05:00,5.394999980926514,5.46999979019165,5.389999866485596,5.465000152587891,328640,0.0,0.0
2023-02-15 13:30:00-05:00,5.46999979019165,5.539999961853027,5.465000152587891,5.534999847412109,312546,0.0,0.0
2023-02-15 14:30:00-05:00,5.534999847412109,5.570000171661377,5.510000228881836,5.559999942779541,500472,0.0,0.0
2023-02-15 15:30:00-05:00,5.565000057220459,5.650000095367432,5.565000057220459,5.644999980926514,435358,0.0,0.0
2023-02-16 09:30:00-05:00,5.480000019073486,5.519999980926514,5.295000076293945,5.425000190734863,1423514,0.0,0.0
2023-02-16 10:30:00-05:00,5.425000190734863,5.590000152587891,5.420000076293945,5.46999979019165,462252,0.0,0.0
2023-02-16 11:30:00-05:00,5.468500137329102,5.519999980926514,5.440000057220459,5.460899829864502,202426,0.0,0.0
2023-02-16 12:30:00-05:00,5.460000038146973,5.5,5.389999866485596,5.392000198364258,310680,0.0,0.0
2023-02-16 13:30:00-05:00,5.400000095367432,5.498499870300293,5.389999866485596,5.460000038146973,169104,0.0,0.0
2023-02-16 14:30:00-05:00,5.46999979019165,5.489999771118164,5.331500053405762,5.340000152587891,302953,0.0,0.0
2023-02-16 15:30:00-05:00,5.340000152587891,5.340000152587891,5.260000228881836,5.260000228881836,459031,0.0,0.0
2023-02-17 09:30:00-05:00,5.170000076293945,5.199900150299072,5.010000228881836,5.039999961853027,863297,0.0,0.0
2023-02-17 10:30:00-05:00,5.039999961853027,5.088500022888184,4.900000095367432,4.910900115966797,590381,0.0,0.0
2023-02-17 11:30:00-05:00,4.911300182342529,4.949999809265137,4.892199993133545,4.909900188446045,297845,0.0,0.0
2023-02-17 12:30:00-05:00,4.909999847412109,4.909999847412109,4.809999942779541,4.824999809265137,378673,0.0,0.0
2023-02-17 13:30:00-05:00,4.820000171661377,4.829999923706055,4.800000190734863,4.824999809265137,480748,0.0,0.0
2023-02-17 14:30:00-05:00,4.824999809265137,4.880000114440918,4.809999942779541,4.819200038909912,449493,0.0,0.0
2023-02-17 15:30:00-05:00,4.815000057220459,4.880000114440918,4.809999942779541,4.875,377097,0.0,0.0
2023-02-21 09:30:00-05:00,4.869999885559082,4.920000076293945,4.699999809265137,4.699999809265137,1070571,0.0,0.0
2023-02-21 10:30:00-05:00,4.699999809265137,4.755000114440918,4.684999942779541,4.690000057220459,263208,0.0,0.0
2023-02-21 11:30:00-05:00,4.690000057220459,4.71999979019165,4.619999885559082,4.619999885559082,422053,0.0,0.0
2023-02-21 12:30:00-05:00,4.619999885559082,4.699999809265137,4.614999771118164,4.64139986038208,200797,0.0,0.0
2023-02-21 13:30:00-05:00,4.639999866485596,4.659999847412109,4.630000114440918,4.644999980926514,172846,0.0,0.0
2023-02-21 14:30:00-05:00,4.644999980926514,4.690000057220459,4.639999866485596,4.650000095367432,224382,0.0,0.0
2023-02-21 15:30:00-05:00,4.650000095367432,4.659999847412109,4.619999885559082,4.639999866485596,317538,0.0,0.0
2023-02-22 09:30:00-05:00,4.679999828338623,4.78000020980835,4.550099849700928,4.610000133514404,897806,0.0,0.0
2023-02-22 10:30:00-05:00,4.606900215148926,4.670000076293945,4.570000171661377,4.644700050354004,189063,0.0,0.0
2023-02-22 11:30:00-05:00,4.64900016784668,4.690000057220459,4.635000228881836,4.670000076293945,234059,0.0,0.0
2023-02-22 12:30:00-05:00,4.676199913024902,4.704999923706055,4.650000095367432,4.699999809265137,142129,0.0,0.0
2023-02-22 13:30:00-05:00,4.700699806213379,4.739999771118164,4.680099964141846,4.704999923706055,259294,0.0,0.0
2023-02-22 14:30:00-05:00,4.699999809265137,4.749000072479248,4.664999961853027,4.71999979019165,224524,0.0,0.0
2023-02-22 15:30:00-05:00,4.728400230407715,4.769999980926514,4.699999809265137,4.769999980926514,297118,0.0,0.0
2023-02-23 09:30:00-05:00,4.869999885559082,4.900000095367432,4.650000095367432,4.731299877166748,934970,0.0,0.0
2023-02-23 10:30:00-05:00,4.735000133514404,4.739999771118164,4.650000095367432,4.665599822998047,196964,0.0,0.0
2023-02-23 11:30:00-05:00,4.670000076293945,4.679999828338623,4.610099792480469,4.664999961853027,211205,0.0,0.0
2023-02-23 12:30:00-05:00,4.664999961853027,4.678500175476074,4.644999980926514,4.675000190734863,103958,0.0,0.0
2023-02-23 13:30:00-05:00,4.670000076293945,4.784999847412109,4.670000076293945,4.775000095367432,351874,0.0,0.0
2023-02-23 14:30:00-05:00,4.775000095367432,4.835000038146973,4.775000095367432,4.825300216674805,179830,0.0,0.0
2023-02-23 15:30:00-05:00,4.824999809265137,4.835000038146973,4.769999980926514,4.769999980926514,255483,0.0,0.0
2023-02-24 09:30:00-05:00,4.599999904632568,4.659999847412109,4.554999828338623,4.579999923706055,836899,0.0,0.0
2023-02-24 10:30:00-05:00,4.585000038146973,4.670000076293945,4.570000171661377,4.65500020980835,210803,0.0,0.0
2023-02-24 11:30:00-05:00,4.650000095367432,4.699999809265137,4.600100040435791,4.610000133514404,222073,0.0,0.0
2023-02-24 12:30:00-05:00,4.605000019073486,4.614999771118164,4.570000171661377,4.590000152587891,161247,0.0,0.0
2023-02-24 13:30:00-05:00,4.585000038146973,4.59499979019165,4.559999942779541,4.559999942779541,156030,0.0,0.0
2023-02-24 14:30:00-05:00,4.559999942779541,4.610000133514404,4.554999828338623,4.559999942779541,265985,0.0,0.0
2023-02-24 15:30:00-05:00,4.559999942779541,4.570000171661377,4.510000228881836,4.570000171661377,367549,0.0,0.0
2023-02-27 09:30:00-05:00,4.599999904632568,4.669000148773193,4.579999923706055,4.639999866485596,531767,0.0,0.0
2023-02-27 10:30:00-05:00,4.639999866485596,4.659999847412109,4.590000152587891,4.644999980926514,175586,0.0,0.0
2023-02-27 11:30:00-05:00,4.650000095367432,4.659999847412109,4.59499979019165,4.630000114440918,144620,0.0,0.0
2023-02-27 12:30:00-05:00,4.635000228881836,4.670000076293945,4.630000114440918,4.644999980926514,121246,0.0,0.0
2023-02-27 13:30:00-05:00,4.644999980926514,4.659999847412109,4.619999885559082,4.638999938964844,84977,0.0,0.0
2023-02-27 14:30:00-05:00,4.638700008392334,4.639999866485596,4.599999904632568,4.630000114440918,132386,0.0,0.0
2023-02-27 15:30:00-05:00,4.630000114440918,4.639999866485596,4.610000133514404,4.619999885559082,157050,0.0,0.0
2023-02-28 09:30:00-05:00,4.650000095367432,4.71999979019165,4.59499979019165,4.644999980926514,414126,0.0,0.0
2023-02-28 10:30:00-05:00,4.644999980926514,4.760000228881836,4.644999980926514,4.739999771118164,223213,0.0,0.0
2023-02-28 11:30:00-05:00,4.748000144958496,4.78000020980835,4.730000019073486,4.775000095367432,162347,0.0,0.0
2023-02-28 12:30:00-05:00,4.769999980926514,4.78000020980835,4.71999979019165,4.744999885559082,149531,0.0,0.0
2023-02-28 13:30:00-05:00,4.75,4.820000171661377,4.739999771118164,4.809999942779541,181689,0.0,0.0
2023-02-28 14:30:00-05:00,4.800000190734863,4.800000190734863,4.739999771118164,4.75,181490,0.0,0.0
2023-02-28 15:30:00-05:00,4.739999771118164,4.760000228881836,4.71999979019165,4.75,234269,0.0,0.0
2023-03-01 09:30:00-05:00,4.760000228881836,4.769999980926514,4.619999885559082,4.650000095367432,596488,0.0,0.0
2023-03-01 10:30:00-05:00,4.644999980926514,4.715000152587891,4.619999885559082,4.635000228881836,246448,0.0,0.0
2023-03-01 11:30:00-05:00,4.630000114440918,4.675000190734863,4.610000133514404,4.650000095367432,144653,0.0,0.0
2023-03-01 12:30:00-05:00,4.644999980926514,4.644999980926514,4.599999904632568,4.601500034332275,143431,0.0,0.0
2023-03-01 13:30:00-05:00,4.59499979019165,4.610000133514404,4.559999942779541,4.599999904632568,236383,0.0,0.0
2023-03-01 14:30:00-05:00,4.590000152587891,4.608799934387207,4.570000171661377,4.585000038146973,177409,0.0,0.0
2023-03-01 15:30:00-05:00,4.585000038146973,4.619999885559082,4.579999923706055,4.619999885559082,228701,0.0,0.0
2023-03-02 09:30:00-05:00,4.539999961853027,4.6194000244140625,4.460000038146973,4.565000057220459,846372,0.0,0.0
2023-03-02 10:30:00-05:00,4.565000057220459,4.619999885559082,4.55109977722168,4.554200172424316,164169,0.0,0.0
2023-03-02 11:30:00-05:00,4.554999828338623,4.610000133514404,4.554999828338623,4.59499979019165,168249,0.0,0.0
2023-03-02 12:30:00-05:00,4.599999904632568,4.619999885559082,4.591300010681152,4.614999771118164,64512,0.0,0.0
2023-03-02 13:30:00-05:00,4.619999885559082,4.760000228881836,4.619100093841553,4.757999897003174,313539,0.0,0.0
2023-03-02 14:30:00-05:00,4.758999824523926,4.769999980926514,4.71999979019165,4.755000114440918,229179,0.0,0.0
2023-03-02 15:30:00-05:00,4.755000114440918,4.769999980926514,4.71999979019165,4.760000228881836,277738,0.0,0.0
2023-03-03 09:30:00-05:00,4.800000190734863,4.929999828338623,4.784999847412109,4.860000133514404,708561,0.0,0.0
2023-03-03 10:30:00-05:00,4.864999771118164,4.900000095367432,4.840000152587891,4.900000095367432,229300,0.0,0.0
2023-03-03 11:30:00-05:00,4.900000095367432,4.960000038146973,4.889999866485596,4.954999923706055,253503,0.0,0.0
2023-03-03 12:30:00-05:00,4.954999923706055,4.985000133514404,4.941100120544434,4.977499961853027,198919,0.0,0.0
2023-03-03 13:30:00-05:00,4.974999904632568,4.989999771118164,4.96150016784668,4.980000019073486,112998,0.0,0.0
2023-03-03 14:30:00-05:00,4.989999771118164,5.050000190734863,4.979000091552734,5.025000095367432,413808,0.0,0.0
2023-03-03 15:30:00-05:00,5.025000095367432,5.050000190734863,5.0,5.019999980926514,299739,0.0,0.0
2023-03-06 09:30:00-05:00,5.070000171661377,5.195000171661377,4.940000057220459,5.190000057220459,1027226,0.0,0.0
2023-03-06 10:30:00-05:00,5.184899806976318,5.210000038146973,5.090000152587891,5.114999771118164,296584,0.0,0.0
2023-03-06 11:30:00-05:00,5.119200229644775,5.139999866485596,5.070000171661377,5.074999809265137,108692,0.0,0.0
2023-03-06 12:30:00-05:00,5.074999809265137,5.079999923706055,4.96999979019165,4.985000133514404,197264,0.0,0.0
2023-03-06 13:30:00-05:00,4.989999771118164,4.989999771118164,4.920000076293945,4.920400142669678,177934,0.0,0.0
2023-03-06 14:30:00-05:00,4.920000076293945,4.949999809265137,4.909999847412109,4.918600082397461,183833,0.0,0.0
2023-03-06 15:30:00-05:00,4.909999847412109,4.929999828338623,4.900000095367432,4.925000190734863,232524,0.0,0.0
2023-03-07 09:30:00-05:00,4.960000038146973,5.025000095367432,4.820000171661377,4.900000095367432,664964,0.0,0.0
2023-03-07 10:30:00-05:00,4.90500020980835,4.989999771118164,4.900000095367432,4.968100070953369,313587,0.0,0.0
2023-03-07 11:30:00-05:00,4.9608001708984375,5.090000152587891,4.951499938964844,5.079999923706055,250755,0.0,0.0
2023-03-07 12:30:00-05:00,5.085000038146973,5.130000114440918,5.079999923706055,5.099999904632568,227337,0.0,0.0
2023-03-07 13:30:00-05:00,5.099999904632568,5.11870002746582,4.949999809265137,4.965000152587891,220400,0.0,0.0
2023-03-07 14:30:00-05:00,4.960000038146973,4.980000019073486,4.920000076293945,4.920000076293945,176402,0.0,0.0
2023-03-07 15:30:00-05:00,4.920000076293945,4.96999979019165,4.920000076293945,4.934999942779541,236407,0.0,0.0
2023-03-08 09:30:00-05:00,4.96999979019165,5.050000190734863,4.863999843597412,5.0,683549,0.0,0.0
2023-03-08 10:30:00-05:00,5.0,5.139999866485596,4.994999885559082,5.072000026702881,342749,0.0,0.0
2023-03-08 11:30:00-05:00,5.078499794006348,5.150000095367432,5.03000020980835,5.091400146484375,258287,0.0,0.0
2023-03-08 12:30:00-05:00,5.090000152587891,5.099999904632568,5.039899826049805,5.069900035858154,199888,0.0,0.0
2023-03-08 13:30:00-05:00,5.065000057220459,5.090000152587891,5.050000190734863,5.074999809265137,112524,0.0,0.0
2023-03-08 14:30:00-05:00,5.079999923706055,5.089799880981445,5.010000228881836,5.019999980926514,184306,0.0,0.0
2023-03-08 15:30:00-05:00,5.014999866485596,5.099999904632568,5.014999866485596,5.059999942779541,241023,0.0,0.0
2023-03-09 09:30:00-05:00,5.050000190734863,5.190000057220459,5.0,5.11870002746582,900481,0.0,0.0
2023-03-09 10:30:00-05:00,5.119999885559082,5.159999847412109,5.03000020980835,5.034999847412109,267441,0.0,0.0
2023-03-09 11:30:00-05:00,5.039999961853027,5.059999942779541,5.010000228881836,5.019899845123291,163774,0.0,0.0
2023-03-09 12:30:00-05:00,5.019999980926514,5.03000020980835,4.929999828338623,4.934999942779541,272035,0.0,0.0
2023-03-09 13:30:00-05:00,4.939599990844727,4.939599990844727,4.7846999168396,4.805600166320801,684893,0.0,0.0
2023-03-09 14:30:00-05:00,4.809999942779541,4.860000133514404,4.769999980926514,4.78000020980835,327806,0.0,0.0
2023-03-09 15:30:00-05:00,4.78000020980835,4.840000152587891,4.769999980926514,4.824999809265137,501237,0.0,0.0
2023-03-10 09:30:00-05:00,4.829999923706055,4.840000152587891,4.599999904632568,4.659999847412109,1026386,0.0,0.0
2023-03-10 10:30:00-05:00,4.670000076293945,4.764999866485596,4.639999866485596,4.755000114440918,400210,0.0,0.0
2023-03-10 11:30:00-05:00,4.760000228881836,4.800000190734863,4.644999980926514,4.659999847412109,353894,0.0,0.0
2023-03-10 12:30:00-05:00,4.65500020980835,4.690000057220459,4.528500080108643,4.54449987411499,453909,0.0,0.0
2023-03-10 13:30:00-05:00,4.539999961853027,4.557700157165527,4.489999771118164,4.508900165557861,587341,0.0,0.0
2023-03-10 14:30:00-05:00,4.509900093078613,4.599999904632568,4.5,4.554999828338623,439025,0.0,0.0
2023-03-10 15:30:00-05:00,4.557600021362305,4.570000171661377,4.505000114440918,4.570000171661377,357650,0.0,0.0
2023-03-13 09:30:00-04:00,4.46999979019165,4.699999809265137,4.380000114440918,4.590000152587891,1437983,0.0,0.0
2023-03-13 10:30:00-04:00,4.59499979019165,4.699999809265137,4.519999980926514,4.695000171661377,922824,0.0,0.0
2023-03-13 11:30:00-04:00,4.695000171661377,4.730000019073486,4.639999866485596,4.694499969482422,317207,0.0,0.0
2023-03-13 12:30:00-04:00,4.699999809265137,4.710000038146973,4.610000133514404,4.639999866485596,215345,0.0,0.0
2023-03-13 13:30:00-04:00,4.644999980926514,4.760000228881836,4.630000114440918,4.735000133514404,246663,0.0,0.0
2023-03-13 14:30:00-04:00,4.739999771118164,4.789999961853027,4.710000038146973,4.730000019073486,293747,0.0,0.0
2023-03-13 15:30:00-04:00,4.735000133514404,4.78000020980835,4.710000038146973,4.715000152587891,228705,0.0,0.0
2023-03-14 09:30:00-04:00,4.769999980926514,4.929999828338623,4.75,4.90500020980835,874536,0.0,0.0
2023-03-14 10:30:00-04:00,4.900300025939941,4.909999847412109,4.820000171661377,4.8993000984191895,237628,0.0,0.0
2023-03-14 11:30:00-04:00,4.900000095367432,4.909999847412109,4.864999771118164,4.875,164333,0.0,0.0
2023-03-14 12:30:00-04:00,4.869999885559082,4.894999980926514,4.795000076293945,4.814000129699707,180341,0.0,0.0
2023-03-14 13:30:00-04:00,4.809999942779541,4.839900016784668,4.755000114440918,4.800000190734863,185813,0.0,0.0
2023-03-14 14:30:00-04:00,4.795000076293945,4.819399833679199,4.730000019073486,4.760000228881836,242865,0.0,0.0
2023-03-14 15:30:00-04:00,4.764999866485596,4.809999942779541,4.730000019073486,4.78000020980835,278940,0.0,0.0
2023-03-15 09:30:00-04:00,4.639999866485596,4.800000190734863,4.630000114440918,4.755000114440918,823966,0.0,0.0
2023-03-15 10:30:00-04:00,4.75,4.764999866485596,4.670000076293945,4.701300144195557,320843,0.0,0.0
2023-03-15 11:30:00-04:00,4.699999809265137,4.769999980926514,4.690000057220459,4.715000152587891,142855,0.0,0.0
2023-03-15 12:30:00-04:00,4.715000152587891,4.730000019073486,4.650000095367432,4.704999923706055,139087,0.0,0.0
2023-03-15 13:30:00-04:00,4.702400207519531,4.744999885559082,4.650000095367432,4.731500148773193,219612,0.0,0.0
2023-03-15 14:30:00-04:00,4.730100154876709,4.775000095367432,4.710000038146973,4.773600101470947,167277,0.0,0.0
2023-03-15 15:30:00-04:00,4.775000095367432,4.78000020980835,4.724999904632568,4.78000020980835,343810,0.0,0.0
2023-03-16 09:30:00-04:00,4.769999980926514,4.8394999504089355,4.679999828338623,4.717899799346924,445646,0.0,0.0
2023-03-16 10:30:00-04:00,4.719900131225586,4.875,4.715000152587891,4.829999923706055,304677,0.0,0.0
2023-03-16 11:30:00-04:00,4.828499794006348,4.880000114440918,4.800000190734863,4.820099830627441,157720,0.0,0.0
2023-03-16 12:30:00-04:00,4.822299957275391,4.880000114440918,4.804999828338623,4.840000152587891,144640,0.0,0.0
2023-03-16 13:30:00-04:00,4.840000152587891,4.849999904632568,4.800000190734863,4.84499979019165,152631,0.0,0.0
2023-03-16 14:30:00-04:00,4.84499979019165,4.880000114440918,4.824999809265137,4.864999771118164,123509,0.0,0.0
2023-03-16 15:30:00-04:00,4.860000133514404,4.860000133514404,4.800000190734863,4.800000190734863,322406,0.0,0.0
2023-03-17 09:30:00-04:00,4.820000171661377,4.889999866485596,4.650000095367432,4.809999942779541,1007357,0.0,0.0
2023-03-17 10:30:00-04:00,4.801300048828125,4.838500022888184,4.669899940490723,4.690000057220459,387788,0.0,0.0
2023-03-17 11:30:00-04:00,4.690000057220459,4.710000038146973,4.635000228881836,4.675000190734863,360439,0.0,0.0
2023-03-17 12:30:00-04:00,4.679999828338623,4.7399001121521,4.650000095367432,4.715000152587891,117533,0.0,0.0
2023-03-17 13:30:00-04:00,4.71999979019165,4.769999980926514,4.710000038146973,4.730000019073486,113615,0.0,0.0
2023-03-17 14:30:00-04:00,4.724999904632568,4.760000228881836,4.699999809265137,4.755000114440918,154947,0.0,0.0
2023-03-17 15:30:00-04:00,4.75,4.760000228881836,4.71999979019165,4.730000019073486,215398,0.0,0.0
2023-03-20 09:30:00-04:00,4.71999979019165,4.739999771118164,4.630000114440918,4.7291998863220215,659699,0.0,0.0
2023-03-20 10:30:00-04:00,4.730000019073486,4.758900165557861,4.670000076293945,4.709400177001953,265059,0.0,0.0
2023-03-20 11:30:00-04:00,4.708499908447266,4.730000019073486,4.639999866485596,4.650000095367432,259003,0.0,0.0
2023-03-20 12:30:00-04:00,4.650000095367432,4.71999979019165,4.639999866485596,4.715000152587891,173196,0.0,0.0
2023-03-20 13:30:00-04:00,4.710000038146973,4.730000019073486,4.690000057220459,4.71999979019165,101659,0.0,0.0
2023-03-20 14:30:00-04:00,4.71999979019165,4.730000019073486,4.659999847412109,4.664999961853027,238395,0.0,0.0
2023-03-20 15:30:00-04:00,4.664999961853027,4.675000190734863,4.610000133514404,4.610000133514404,356639,0.0,0.0
2023-03-21 09:30:00-04:00,4.650000095367432,4.800000190734863,4.630000114440918,4.692699909210205,779808,0.0,0.0
2023-03-21 10:30:00-04:00,4.690000057220459,4.925000190734863,4.65500020980835,4.798500061035156,2005857,0.0,0.0
2023-03-21 11:30:00-04:00,4.800000190734863,4.940000057220459,4.71999979019165,4.769999980926514,898436,0.0,0.0
2023-03-21 12:30:00-04:00,4.769999980926514,4.889999866485596,4.75,4.8867998123168945,298854,0.0,0.0
2023-03-21 13:30:00-04:00,4.880000114440918,4.90500020980835,4.820000171661377,4.894999980926514,293327,0.0,0.0
2023-03-21 14:30:00-04:00,4.894999980926514,4.929999828338623,4.880000114440918,4.923099994659424,377620,0.0,0.0
2023-03-21 15:30:00-04:00,4.925000190734863,4.925000190734863,4.869999885559082,4.880000114440918,287799,0.0,0.0
2023-03-22 09:30:00-04:00,4.880000114440918,4.980000019073486,4.764999866485596,4.880000114440918,703143,0.0,0.0
2023-03-22 10:30:00-04:00,4.889599800109863,4.889999866485596,4.800000190734863,4.810100078582764,232861,0.0,0.0
2023-03-22 11:30:00-04:00,4.809999942779541,4.829999923706055,4.769999980926514,4.801300048828125,154772,0.0,0.0
2023-03-22 12:30:00-04:00,4.809999942779541,4.840000152587891,4.800000190734863,4.840000152587891,103733,0.0,0.0
2023-03-22 13:30:00-04:00,4.835000038146973,4.929999828338623,4.800000190734863,4.860000133514404,303195,0.0,0.0
2023-03-22 14:30:00-04:00,4.860000133514404,4.925000190734863,4.769999980926514,4.829999923706055,370363,0.0,0.0
2023-03-22 15:30:00-04:00,4.824999809265137,4.828000068664551,4.650000095367432,4.650000095367432,486687,0.0,0.0
2023-03-23 09:30:00-04:00,4.71999979019165,4.929999828338623,4.710000038146973,4.909999847412109,715271,0.0,0.0
2023-03-23 10:30:00-04:00,4.911600112915039,5.079999923706055,4.900000095367432,4.900100231170654,964053,0.0,0.0
2023-03-23 11:30:00-04:00,4.909999847412109,4.949999809265137,4.860000133514404,4.925000190734863,346742,0.0,0.0
2023-03-23 12:30:00-04:00,4.925000190734863,4.945000171661377,4.869999885559082,4.884200096130371,457518,0.0,0.0
2023-03-23 13:30:00-04:00,4.880099773406982,4.920000076293945,4.820000171661377,4.820000171661377,194264,0.0,0.0
2023-03-23 14:30:00-04:00,4.820000171661377,4.879199981689453,4.760000228881836,4.809999942779541,363423,0.0,0.0
2023-03-23 15:30:00-04:00,4.800000190734863,4.875,4.800000190734863,4.829999923706055,215678,0.0,0.0
2023-03-24 09:30:00-04:00,4.840000152587891,4.949999809265137,4.744999885559082,4.940000057220459,979600,0.0,0.0
2023-03-24 10:30:00-04:00,4.940000057220459,4.954999923706055,4.784999847412109,4.838399887084961,427379,0.0,0.0
2023-03-24 11:30:00-04:00,4.829999923706055,4.900000095367432,4.815000057220459,4.820000171661377,228293,0.0,0.0
2023-03-24 12:30:00-04:00,4.827000141143799,4.860000133514404,4.800000190734863,4.825200080871582,155558,0.0,0.0
2023-03-24 13:30:00-04:00,4.829999923706055,4.855000019073486,4.800000190734863,4.848499774932861,98124,0.0,0.0
2023-03-24 14:30:00-04:00,4.84499979019165,4.920000076293945,4.84499979019165,4.900000095367432,140713,0.0,0.0
2023-03-24 15:30:00-04:00,4.90500020980835,4.909999847412109,4.880000114440918,4.880000114440918,179366,0.0,0.0
2023-03-27 09:30:00-04:00,4.940000057220459,5.019999980926514,4.840000152587891,4.911499977111816,759611,0.0,0.0
2023-03-27 10:30:00-04:00,4.920000076293945,4.994999885559082,4.8907999992370605,4.989999771118164,515603,0.0,0.0
2023-03-27 11:30:00-04:00,4.991499900817871,5.03000020980835,4.949999809265137,5.03000020980835,385586,0.0,0.0
2023-03-27 12:30:00-04:00,5.025000095367432,5.090000152587891,4.96999979019165,5.079999923706055,346507,0.0,0.0
2023-03-27 13:30:00-04:00,5.079999923706055,5.15500020980835,5.059999942779541,5.1265997886657715,737037,0.0,0.0
2023-03-27 14:30:00-04:00,5.130000114440918,5.235000133514404,5.125,5.130000114440918,576943,0.0,0.0
2023-03-27 15:30:00-04:00,5.130000114440918,5.170000076293945,5.099999904632568,5.130000114440918,286688,0.0,0.0
2023-03-28 09:30:00-04:00,5.119999885559082,5.130000114440918,4.889999866485596,4.909999847412109,1130314,0.0,0.0
2023-03-28 10:30:00-04:00,4.920000076293945,4.920000076293945,4.869999885559082,4.889999866485596,345666,0.0,0.0
2023-03-28 11:30:00-04:00,4.894999980926514,4.919899940490723,4.820000171661377,4.840000152587891,439785,0.0,0.0
2023-03-28 12:30:00-04:00,4.840000152587891,4.840000152587891,4.760000228881836,4.768099784851074,455389,0.0,0.0
2023-03-28 13:30:00-04:00,4.769899845123291,4.769999980926514,4.65500020980835,4.664999961853027,591357,0.0,0.0
2023-03-28 14:30:00-04:00,4.664999961853027,4.730000019073486,4.650000095367432,4.684999942779541,492666,0.0,0.0
2023-03-28 15:30:00-04:00,4.679999828338623,4.71999979019165,4.670000076293945,4.699999809265137,368576,0.0,0.0
2023-03-29 09:30:00-04:00,4.820000171661377,5.049900054931641,4.800000190734863,4.965099811553955,1347275,0.0,0.0
2023-03-29 10:30:00-04:00,4.96999979019165,4.989999771118164,4.900000095367432,4.920000076293945,240244,0.0,0.0
2023-03-29 11:30:00-04:00,4.929900169372559,4.989999771118164,4.920000076293945,4.980000019073486,122436,0.0,0.0
2023-03-29 12:30:00-04:00,4.980000019073486,5.0,4.940999984741211,4.989999771118164,177865,0.0,0.0
2023-03-29 13:30:00-04:00,4.994999885559082,5.050000190734863,4.960000038146973,5.043900012969971,286710,0.0,0.0
2023-03-29 14:30:00-04:00,5.039999961853027,5.135000228881836,5.034999847412109,5.130000114440918,622484,0.0,0.0
2023-03-29 15:30:00-04:00,5.125,5.139999866485596,5.099999904632568,5.125,400291,0.0,0.0
2023-03-30 09:30:00-04:00,5.199999809265137,5.349999904632568,5.150000095367432,5.279900074005127,1420175,0.0,0.0
2023-03-30 10:30:00-04:00,5.2820000648498535,5.304999828338623,5.190000057220459,5.224999904632568,437167,0.0,0.0
2023-03-30 11:30:00-04:00,5.230000019073486,5.235000133514404,5.099999904632568,5.119999885559082,448684,0.0,0.0
2023-03-30 12:30:00-04:00,5.119999885559082,5.139999866485596,5.057499885559082,5.059999942779541,404426,0.0,0.0
2023-03-30 13:30:00-04:00,5.059999942779541,5.142499923706055,5.039999961853027,5.114999771118164,342249,0.0,0.0
2023-03-30 14:30:00-04:00,5.110000133514404,5.135000228881836,5.090000152587891,5.099999904632568,227502,0.0,0.0
2023-03-30 15:30:00-04:00,5.105000019073486,5.139999866485596,5.079999923706055,5.090000152587891,458618,0.0,0.0
2023-03-31 09:30:00-04:00,5.349999904632568,6.639999866485596,5.264999866485596,6.399899959564209,15249824,0.0,0.0
2023-03-31 10:30:00-04:00,6.399600028991699,6.769999980926514,6.360000133514404,6.710899829864502,6515224,0.0,0.0
2023-03-31 11:30:00-04:00,6.715000152587891,6.769999980926514,6.269999980926514,6.296599864959717,3759486,0.0,0.0
2023-03-31 12:30:00-04:00,6.289999961853027,6.349999904632568,6.139999866485596,6.260000228881836,2623925,0.0,0.0
2023-03-31 13:30:00-04:00,6.258600234985352,6.309999942779541,6.135000228881836,6.241700172424316,1456712,0.0,0.0
2023-03-31 14:30:00-04:00,6.240799903869629,6.25,6.170000076293945,6.199999809265137,1251753,0.0,0.0
2023-03-31 15:30:00-04:00,6.199999809265137,6.199999809265137,6.099999904632568,6.150000095367432,2126322,0.0,0.0
2023-04-03 09:30:00-04:00,6.269999980926514,6.539999961853027,6.190100193023682,6.389999866485596,4335358,0.0,0.0
2023-04-03 10:30:00-04:00,6.394999980926514,6.400000095367432,6.170000076293945,6.199999809265137,1448334,0.0,0.0
2023-04-03 11:30:00-04:00,6.204999923706055,6.28000020980835,6.119999885559082,6.128399848937988,1080490,0.0,0.0
2023-04-03 12:30:00-04:00,6.130000114440918,6.150000095367432,5.921500205993652,5.929999828338623,957195,0.0,0.0
2023-04-03 13:30:00-04:00,5.925000190734863,6.039999961853027,5.909999847412109,6.03849983215332,492228,0.0,0.0
2023-04-03 14:30:00-04:00,6.039999961853027,6.139999866485596,6.03000020980835,6.125,660702,0.0,0.0
2023-04-03 15:30:00-04:00,6.125,6.190000057220459,6.090000152587891,6.159999847412109,857569,0.0,0.0
2023-04-04 09:30:00-04:00,6.309999942779541,6.940000057220459,6.300000190734863,6.934999942779541,6110772,0.0,0.0
2023-04-04 10:30:00-04:00,6.940000057220459,6.974999904632568,6.605000019073486,6.798799991607666,2833120,0.0,0.0
2023-04-04 11:30:00-04:00,6.789999961853027,7.150000095367432,6.769999980926514,7.149099826812744,3380763,0.0,0.0
2023-04-04 12:30:00-04:00,7.139999866485596,7.150000095367432,6.96999979019165,7.048699855804443,1484464,0.0,0.0
2023-04-04 13:30:00-04:00,7.045000076293945,7.179999828338623,7.0,7.119999885559082,1414962,0.0,0.0
2023-04-04 14:30:00-04:00,7.125,7.130000114440918,7.0,7.03000020980835,1063683,0.0,0.0
2023-04-04 15:30:00-04:00,7.034999847412109,7.130000114440918,6.985000133514404,7.074999809265137,1769244,0.0,0.0
2023-04-05 09:30:00-04:00,7.210000038146973,7.210000038146973,6.69920015335083,6.720099925994873,5712378,0.0,0.0
2023-04-05 10:30:00-04:00,6.730000019073486,6.760000228881836,6.409999847412109,6.590000152587891,2572730,0.0,0.0
2023-04-05 11:30:00-04:00,6.599999904632568,6.662300109863281,6.441199779510498,6.519999980926514,1123712,0.0,0.0
2023-04-05 12:30:00-04:00,6.510000228881836,6.610000133514404,6.510000228881836,6.579999923706055,567872,0.0,0.0
2023-04-05 13:30:00-04:00,6.584099769592285,6.630000114440918,6.550000190734863,6.550000190734863,601626,0.0,0.0
2023-04-05 14:30:00-04:00,6.550000190734863,6.650000095367432,6.53000020980835,6.590000152587891,543466,0.0,0.0
2023-04-05 15:30:00-04:00,6.59499979019165,6.699999809265137,6.580699920654297,6.659999847412109,973449,0.0,0.0
2023-04-06 09:30:00-04:00,6.300000190734863,6.599999904632568,6.210000038146973,6.531799793243408,2492525,0.0,0.0
2023-04-06 10:30:00-04:00,6.53000020980835,6.829999923706055,6.519999980926514,6.779300212860107,1391602,0.0,0.0
2023-04-06 11:30:00-04:00,6.771500110626221,6.960000038146973,6.71999979019165,6.869999885559082,976994,0.0,0.0
2023-04-06 12:30:00-04:00,6.869999885559082,6.930099964141846,6.829999923706055,6.914999961853027,444643,0.0,0.0
2023-04-06 13:30:00-04:00,6.920000076293945,6.940000057220459,6.809999942779541,6.885000228881836,432868,0.0,0.0
2023-04-06 14:30:00-04:00,6.880000114440918,6.888700008392334,6.760000228881836,6.824999809265137,499369,0.0,0.0
2023-04-06 15:30:00-04:00,6.829999923706055,6.849999904632568,6.800000190734863,6.809999942779541,421319,0.0,0.0
2023-04-10 09:30:00-04:00,6.840000152587891,7.0,6.730000019073486,6.789999961853027,2700199,0.0,0.0
2023-04-10 10:30:00-04:00,6.800000190734863,6.96999979019165,6.800000190734863,6.888500213623047,727596,0.0,0.0
2023-04-10 11:30:00-04:00,6.889999866485596,6.900000095367432,6.659999847412109,6.670000076293945,525738,0.0,0.0
2023-04-10 12:30:00-04:00,6.664999961853027,6.808499813079834,6.639999866485596,6.789999961853027,369128,0.0,0.0
2023-04-10 13:30:00-04:00,6.784999847412109,6.820000171661377,6.704999923706055,6.809999942779541,303011,0.0,0.0
2023-04-10 14:30:00-04:00,6.804999828338623,6.864999771118164,6.789999961853027,6.829999923706055,352313,0.0,0.0
2023-04-10 15:30:00-04:00,6.835000038146973,6.860000133514404,6.789999961853027,6.849999904632568,488282,0.0,0.0
2023-04-11 09:30:00-04:00,6.920000076293945,7.349999904632568,6.869999885559082,7.159999847412109,3034993,0.0,0.0
2023-04-11 10:30:00-04:00,7.170000076293945,7.179999828338623,6.809999942779541,6.869900226593018,1150549,0.0,0.0
2023-04-11 11:30:00-04:00,6.864999771118164,6.920000076293945,6.75,6.778500080108643,565510,0.0,0.0
2023-04-11 12:30:00-04:00,6.7718000411987305,6.789999961853027,6.690000057220459,6.788400173187256,514999,0.0,0.0
2023-04-11 13:30:00-04:00,6.789999961853027,6.829999923706055,6.679999828338623,6.809999942779541,711626,0.0,0.0
2023-04-11 14:30:00-04:00,6.809999942779541,6.840000152587891,6.769999980926514,6.809999942779541,434583,0.0,0.0
2023-04-11 15:30:00-04:00,6.809999942779541,6.820000171661377,6.710000038146973,6.78000020980835,578522,0.0,0.0
2023-04-12 09:30:00-04:00,7.039999961853027,7.059999942779541,6.619999885559082,6.78849983215332,1867759,0.0,0.0
2023-04-12 10:30:00-04:00,6.78849983215332,6.809999942779541,6.510000228881836,6.541500091552734,718372,0.0,0.0
2023-04-12 11:30:00-04:00,6.545000076293945,6.71999979019165,6.519999980926514,6.670000076293945,369748,0.0,0.0
2023-04-12 12:30:00-04:00,6.664999961853027,6.670000076293945,6.585000038146973,6.625,224001,0.0,0.0
2023-04-12 13:30:00-04:00,6.630000114440918,6.650000095367432,6.565000057220459,6.599999904632568,376755,0.0,0.0
2023-04-12 14:30:00-04:00,6.59499979019165,6.679999828338623,6.590000152587891,6.612100124359131,302175,0.0,0.0
2023-04-12 15:30:00-04:00,6.610000133514404,6.619999885559082,6.565000057220459,6.585000038146973,337591,0.0,0.0
2023-04-13 09:30:00-04:00,6.670000076293945,6.809999942779541,6.625,6.688499927520752,1120842,0.0,0.0
2023-04-13 10:30:00-04:00,6.679999828338623,6.755000114440918,6.610000133514404,6.691199779510498,657203,0.0,0.0
2023-04-13 11:30:00-04:00,6.690000057220459,6.7881999015808105,6.690000057220459,6.784999847412109,357516,0.0,0.0
2023-04-13 12:30:00-04:00,6.782599925994873,6.940000057220459,6.739999771118164,6.920000076293945,539224,0.0,0.0
2023-04-13 13:30:00-04:00,6.925000190734863,6.929999828338623,6.849999904632568,6.869999885559082,321669,0.0,0.0
2023-04-13 14:30:00-04:00,6.869999885559082,6.869999885559082,6.789999961853027,6.820000171661377,376799,0.0,0.0
2023-04-13 15:30:00-04:00,6.824999809265137,6.849999904632568,6.800000190734863,6.820000171661377,254642,0.0,0.0
2023-04-14 09:30:00-04:00,6.710000038146973,6.954999923706055,6.639999866485596,6.724999904632568,1172294,0.0,0.0
2023-04-14 10:30:00-04:00,6.71999979019165,6.760000228881836,6.539999961853027,6.550000190734863,744635,0.0,0.0
2023-04-14 11:30:00-04:00,6.550000190734863,6.638199806213379,6.53000020980835,6.579100131988525,275018,0.0,0.0
2023-04-14 12:30:00-04:00,6.579999923706055,6.614999771118164,6.550000190734863,6.5904998779296875,173844,0.0,0.0
2023-04-14 13:30:00-04:00,6.5914998054504395,6.659999847412109,6.570000171661377,6.659999847412109,183165,0.0,0.0
2023-04-14 14:30:00-04:00,6.659999847412109,6.699999809265137,6.619999885559082,6.695000171661377,296659,0.0,0.0
2023-04-14 15:30:00-04:00,6.695000171661377,6.739999771118164,6.680699825286865,6.704999923706055,390796,0.0,0.0
2023-04-17 09:30:00-04:00,6.679999828338623,6.869999885559082,6.599999904632568,6.78000020980835,1002520,0.0,0.0
2023-04-17 10:30:00-04:00,6.775000095367432,6.820000171661377,6.670000076293945,6.690000057220459,414511,0.0,0.0
2023-04-17 11:30:00-04:00,6.684999942779541,6.684999942779541,6.550000190734863,6.552800178527832,328700,0.0,0.0
2023-04-17 12:30:00-04:00,6.551499843597412,6.585000038146973,6.550000190734863,6.560100078582764,265133,0.0,0.0
2023-04-17 13:30:00-04:00,6.560800075531006,6.570000171661377,6.420000076293945,6.449999809265137,549072,0.0,0.0
2023-04-17 14:30:00-04:00,6.454999923706055,6.569300174713135,6.454999923706055,6.550000190734863,257939,0.0,0.0
2023-04-17 15:30:00-04:00,6.550000190734863,6.570000171661377,6.514999866485596,6.545000076293945,341662,0.0,0.0
2023-04-18 09:30:00-04:00,6.590000152587891,6.610000133514404,6.284999847412109,6.300000190734863,1150278,0.0,0.0
2023-04-18 10:30:00-04:00,6.300000190734863,6.445000171661377,6.269999980926514,6.349999904632568,812549,0.0,0.0
2023-04-18 11:30:00-04:00,6.349999904632568,6.360000133514404,6.289999961853027,6.34499979019165,305388,0.0,0.0
2023-04-18 12:30:00-04:00,6.349999904632568,6.369999885559082,6.329999923706055,6.329999923706055,217430,0.0,0.0
2023-04-18 13:30:00-04:00,6.329999923706055,6.349999904632568,6.300000190734863,6.343200206756592,219406,0.0,0.0
2023-04-18 14:30:00-04:00,6.34499979019165,6.375,6.284999847412109,6.329999923706055,386841,0.0,0.0
2023-04-18 15:30:00-04:00,6.329999923706055,6.400000095367432,6.320000171661377,6.400000095367432,351032,0.0,0.0
2023-04-19 09:30:00-04:00,6.210000038146973,6.300000190734863,6.159999847412109,6.199999809265137,848610,0.0,0.0
2023-04-19 10:30:00-04:00,6.199999809265137,6.260000228881836,6.195000171661377,6.224999904632568,340408,0.0,0.0
2023-04-19 11:30:00-04:00,6.21999979019165,6.320000171661377,6.179999828338623,6.317999839782715,406177,0.0,0.0
2023-04-19 12:30:00-04:00,6.315000057220459,6.329999923706055,6.260000228881836,6.295000076293945,278676,0.0,0.0
2023-04-19 13:30:00-04:00,6.295000076293945,6.309999942779541,6.260000228881836,6.304999828338623,147016,0.0,0.0
2023-04-19 14:30:00-04:00,6.304999828338623,6.364999771118164,6.28000020980835,6.329999923706055,238088,0.0,0.0
2023-04-19 15:30:00-04:00,6.329999923706055,6.355000019073486,6.269999980926514,6.269999980926514,312027,0.0,0.0
2023-04-20 09:30:00-04:00,6.070000171661377,6.230000019073486,6.0,6.195000171661377,1148625,0.0,0.0
2023-04-20 10:30:00-04:00,6.197700023651123,6.239999771118164,6.010000228881836,6.014999866485596,524439,0.0,0.0
2023-04-20 11:30:00-04:00,6.014999866485596,6.090000152587891,6.010000228881836,6.050000190734863,280536,0.0,0.0
2023-04-20 12:30:00-04:00,6.059999942779541,6.150000095367432,6.054999828338623,6.144999980926514,249591,0.0,0.0
2023-04-20 13:30:00-04:00,6.144999980926514,6.159999847412109,6.099999904632568,6.105000019073486,243647,0.0,0.0
2023-04-20 14:30:00-04:00,6.105000019073486,6.150000095367432,6.074999809265137,6.081999778747559,233986,0.0,0.0
2023-04-20 15:30:00-04:00,6.085000038146973,6.125,6.06689977645874,6.090000152587891,293210,0.0,0.0
2023-04-21 09:30:00-04:00,6.099999904632568,6.150000095367432,6.000100135803223,6.125,687462,0.0,0.0
2023-04-21 10:30:00-04:00,6.119999885559082,6.151500225067139,6.059999942779541,6.151500225067139,249172,0.0,0.0
2023-04-21 11:30:00-04:00,6.15500020980835,6.239999771118164,6.119999885559082,6.1596999168396,394987,0.0,0.0
2023-04-21 12:30:00-04:00,6.159999847412109,6.190000057220459,6.144999980926514,6.152200222015381,199405,0.0,0.0
2023-04-21 13:30:00-04:00,6.150000095367432,6.269999980926514,6.150000095367432,6.244999885559082,241943,0.0,0.0
2023-04-21 14:30:00-04:00,6.244999885559082,6.255000114440918,6.190000057220459,6.21999979019165,188602,0.0,0.0
2023-04-21 15:30:00-04:00,6.215000152587891,6.25,6.179999828338623,6.244999885559082,231483,0.0,0.0
2023-04-24 09:30:00-04:00,6.28000020980835,6.340000152587891,6.050000190734863,6.079999923706055,1343697,0.0,0.0
2023-04-24 10:30:00-04:00,6.074999809265137,6.090000152587891,5.96999979019165,5.98199987411499,1088832,0.0,0.0
2023-04-24 11:30:00-04:00,5.9816999435424805,6.010000228881836,5.90500020980835,5.949999809265137,561929,0.0,0.0
2023-04-24 12:30:00-04:00,5.960000038146973,5.994999885559082,5.860000133514404,5.875,484964,0.0,0.0
2023-04-24 13:30:00-04:00,5.875,5.949999809265137,5.84499979019165,5.90500020980835,338147,0.0,0.0
2023-04-24 14:30:00-04:00,5.90500020980835,5.90500020980835,5.849999904632568,5.864999771118164,280761,0.0,0.0
2023-04-24 15:30:00-04:00,5.860000133514404,5.875,5.820000171661377,5.829999923706055,451442,0.0,0.0
2023-04-25 09:30:00-04:00,5.710000038146973,5.739999771118164,5.599999904632568,5.600900173187256,1332980,0.0,0.0
2023-04-25 10:30:00-04:00,5.605000019073486,5.614999771118164,5.550000190734863,5.581999778747559,587686,0.0,0.0
2023-04-25 11:30:00-04:00,5.585000038146973,5.586699962615967,5.519999980926514,5.534999847412109,302830,0.0,0.0
2023-04-25 12:30:00-04:00,5.53000020980835,5.539700031280518,5.440000057220459,5.494999885559082,654858,0.0,0.0
2023-04-25 13:30:00-04:00,5.491499900817871,5.539999961853027,5.480000019073486,5.539899826049805,233114,0.0,0.0
2023-04-25 14:30:00-04:00,5.539899826049805,5.570000171661377,5.53000020980835,5.539999961853027,338843,0.0,0.0
2023-04-25 15:30:00-04:00,5.539999961853027,5.554999828338623,5.510000228881836,5.510000228881836,261559,0.0,0.0
2023-04-26 09:30:00-04:00,5.519999980926514,5.599999904632568,5.400000095367432,5.440000057220459,1029894,0.0,0.0
2023-04-26 10:30:00-04:00,5.449999809265137,5.529900074005127,5.433199882507324,5.474999904632568,355778,0.0,0.0
2023-04-26 11:30:00-04:00,5.474999904632568,5.545000076293945,5.46999979019165,5.480800151824951,272441,0.0,0.0
2023-04-26 12:30:00-04:00,5.485000133514404,5.489999771118164,5.454999923706055,5.465000152587891,179810,0.0,0.0
2023-04-26 13:30:00-04:00,5.465000152587891,5.474999904632568,5.409999847412109,5.449999809265137,317357,0.0,0.0
2023-04-26 14:30:00-04:00,5.445000171661377,5.449999809265137,5.369999885559082,5.394999980926514,378001,0.0,0.0
2023-04-26 15:30:00-04:00,5.390100002288818,5.420000076293945,5.369999885559082,5.389999866485596,295164,0.0,0.0
2023-04-27 09:30:00-04:00,5.5,5.559999942779541,5.449999809265137,5.53000020980835,836664,0.0,0.0
2023-04-27 10:30:00-04:00,5.539999961853027,5.619999885559082,5.5,5.590000152587891,344622,0.0,0.0
2023-04-27 11:30:00-04:00,5.590000152587891,5.65910005569458,5.579999923706055,5.614999771118164,348059,0.0,0.0
2023-04-27 12:30:00-04:00,5.619999885559082,5.650000095367432,5.570000171661377,5.59499979019165,207324,0.0,0.0
2023-04-27 13:30:00-04:00,5.59499979019165,5.630000114440918,5.570000171661377,5.605000019073486,153688,0.0,0.0
2023-04-27 14:30:00-04:00,5.610000133514404,5.610000133514404,5.53000020980835,5.539999961853027,219481,0.0,0.0
2023-04-27 15:30:00-04:00,5.534999847412109,5.570000171661377,5.53000020980835,5.559999942779541,225946,0.0,0.0
2023-04-28 09:30:00-04:00,5.599999904632568,5.599999904632568,5.409999847412109,5.565000057220459,716811,0.0,0.0
2023-04-28 10:30:00-04:00,5.569300174713135,5.585000038146973,5.460000038146973,5.465000152587891,376959,0.0,0.0
2023-04-28 11:30:00-04:00,5.46999979019165,5.494999885559082,5.460000038146973,5.46999979019165,213573,0.0,0.0
2023-04-28 12:30:00-04:00,5.465000152587891,5.53000020980835,5.460000038146973,5.514999866485596,220913,0.0,0.0
2023-04-28 13:30:00-04:00,5.510000228881836,5.53000020980835,5.489999771118164,5.494999885559082,233639,0.0,0.0
2023-04-28 14:30:00-04:00,5.494999885559082,5.535600185394287,5.489999771118164,5.514999866485596,274517,0.0,0.0
2023-04-28 15:30:00-04:00,5.514999866485596,5.514999866485596,5.46999979019165,5.510000228881836,399348,0.0,0.0
2023-05-01 09:30:00-04:00,5.53000020980835,5.659999847412109,5.460100173950195,5.559999942779541,898081,0.0,0.0
2023-05-01 10:30:00-04:00,5.554999828338623,5.59499979019165,5.460000038146973,5.465000152587891,308629,0.0,0.0
2023-05-01 11:30:00-04:00,5.460000038146973,5.550000190734863,5.449999809265137,5.548999786376953,249597,0.0,0.0
2023-05-01 12:30:00-04:00,5.539999961853027,5.610000133514404,5.539999961853027,5.565000057220459,269769,0.0,0.0
2023-05-01 13:30:00-04:00,5.559999942779541,5.579999923706055,5.510000228881836,5.519999980926514,281246,0.0,0.0
2023-05-01 14:30:00-04:00,5.519999980926514,5.550000190734863,5.46999979019165,5.474999904632568,360071,0.0,0.0
2023-05-01 15:30:00-04:00,5.474999904632568,5.519999980926514,5.46999979019165,5.489999771118164,562066,0.0,0.0
2023-05-02 09:30:00-04:00,5.449999809265137,5.585000038146973,5.340000152587891,5.369999885559082,841457,0.0,0.0
2023-05-02 10:30:00-04:00,5.364999771118164,5.385000228881836,5.300000190734863,5.34250020980835,404070,0.0,0.0
2023-05-02 11:30:00-04:00,5.34499979019165,5.364999771118164,5.309999942779541,5.34499979019165,280265,0.0,0.0
2023-05-02 12:30:00-04:00,5.349899768829346,5.355000019073486,5.312099933624268,5.324999809265137,202288,0.0,0.0
2023-05-02 13:30:00-04:00,5.320000171661377,5.389999866485596,5.320000171661377,5.335000038146973,220793,0.0,0.0
2023-05-02 14:30:00-04:00,5.335000038146973,5.360000133514404,5.300000190734863,5.329999923706055,354818,0.0,0.0
2023-05-02 15:30:00-04:00,5.335000038146973,5.339600086212158,5.300000190734863,5.309999942779541,278672,0.0,0.0
2023-05-03 09:30:00-04:00,5.340000152587891,5.389999866485596,5.289999961853027,5.329999923706055,542246,0.0,0.0
2023-05-03 10:30:00-04:00,5.329999923706055,5.3790998458862305,5.329999923706055,5.335000038146973,233617,0.0,0.0
2023-05-03 11:30:00-04:00,5.329999923706055,5.34499979019165,5.315000057220459,5.320000171661377,188443,0.0,0.0
2023-05-03 12:30:00-04:00,5.320000171661377,5.360000133514404,5.309999942779541,5.355000019073486,127076,0.0,0.0
2023-05-03 13:30:00-04:00,5.355000019073486,5.510000228881836,5.335000038146973,5.454999923706055,313560,0.0,0.0
2023-05-03 14:30:00-04:00,5.454999923706055,5.529900074005127,5.360000133514404,5.389999866485596,479956,0.0,0.0
2023-05-03 15:30:00-04:00,5.389999866485596,5.409999847412109,5.360000133514404,5.40500020980835,382074,0.0,0.0
2023-05-04 09:30:00-04:00,5.449999809265137,5.510000228881836,5.380000114440918,5.434999942779541,757119,0.0,0.0
2023-05-04 10:30:00-04:00,5.434999942779541,5.599999904632568,5.400000095367432,5.507999897003174,426989,0.0,0.0
2023-05-04 11:30:00-04:00,5.505000114440918,5.550000190734863,5.449999809265137,5.465000152587891,321446,0.0,0.0
2023-05-04 12:30:00-04:00,5.46999979019165,5.480000019073486,5.434999942779541,5.474999904632568,195220,0.0,0.0
2023-05-04 13:30:00-04:00,5.474999904632568,5.550000190734863,5.474999904632568,5.494999885559082,215370,0.0,0.0
2023-05-04 14:30:00-04:00,5.489999771118164,5.529900074005127,5.474999904632568,5.522500038146973,188417,0.0,0.0
2023-05-04 15:30:00-04:00,5.525000095367432,5.579999923706055,5.525000095367432,5.579999923706055,313785,0.0,0.0
2023-05-05 09:30:00-04:00,5.739999771118164,5.820000171661377,5.699999809265137,5.801499843597412,1027636,0.0,0.0
2023-05-05 10:30:00-04:00,5.804999828338623,5.900000095367432,5.784999847412109,5.894999980926514,635637,0.0,0.0
2023-05-05 11:30:00-04:00,5.894999980926514,5.920000076293945,5.855000019073486,5.910099983215332,465525,0.0,0.0
2023-05-05 12:30:00-04:00,5.914999961853027,5.960000038146973,5.829999923706055,5.84499979019165,586652,0.0,0.0
2023-05-05 13:30:00-04:00,5.84499979019165,5.880000114440918,5.840000152587891,5.875,304895,0.0,0.0
2023-05-05 14:30:00-04:00,5.875,5.900000095367432,5.840000152587891,5.880000114440918,385221,0.0,0.0
2023-05-05 15:30:00-04:00,5.875,5.90500020980835,5.860000133514404,5.900000095367432,526221,0.0,0.0
2023-05-08 09:30:00-04:00,6.130000114440918,6.130000114440918,6.005000114440918,6.039999961853027,1460004,0.0,0.0
2023-05-08 10:30:00-04:00,6.050000190734863,6.110000133514404,6.03000020980835,6.099999904632568,369808,0.0,0.0
2023-05-08 11:30:00-04:00,6.090000152587891,6.239999771118164,6.090000152587891,6.235000133514404,431022,0.0,0.0
2023-05-08 12:30:00-04:00,6.238100051879883,6.239999771118164,6.130000114440918,6.164999961853027,469457,0.0,0.0
2023-05-08 13:30:00-04:00,6.164999961853027,6.170000076293945,6.059999942779541,6.135000228881836,360537,0.0,0.0
2023-05-08 14:30:00-04:00,6.139999866485596,6.170000076293945,6.119999885559082,6.1392998695373535,337885,0.0,0.0
2023-05-08 15:30:00-04:00,6.130000114440918,6.170000076293945,6.130000114440918,6.139999866485596,374391,0.0,0.0
2023-05-09 09:30:00-04:00,6.119999885559082,6.300000190734863,6.070000171661377,6.175000190734863,1186520,0.0,0.0
2023-05-09 10:30:00-04:00,6.170000076293945,6.259500026702881,6.139999866485596,6.170000076293945,389219,0.0,0.0
2023-05-09 11:30:00-04:00,6.175000190734863,6.264999866485596,6.170000076293945,6.244999885559082,241249,0.0,0.0
2023-05-09 12:30:00-04:00,6.244999885559082,6.429699897766113,6.239999771118164,6.389999866485596,366378,0.0,0.0
2023-05-09 13:30:00-04:00,6.400000095367432,6.460000038146973,6.380000114440918,6.440000057220459,292997,0.0,0.0
2023-05-09 14:30:00-04:00,6.440000057220459,6.460000038146973,6.400000095367432,6.400000095367432,512958,0.0,0.0
2023-05-09 15:30:00-04:00,6.40500020980835,6.429999828338623,6.364999771118164,6.385000228881836,542975,0.0,0.0
2023-05-10 09:30:00-04:00,6.539999961853027,6.820000171661377,6.429999828338623,6.764999866485596,1743232,0.0,0.0
2023-05-10 10:30:00-04:00,6.760000228881836,6.800000190734863,6.559999942779541,6.739999771118164,845223,0.0,0.0
2023-05-10 11:30:00-04:00,6.738500118255615,6.889999866485596,6.730000019073486,6.885000228881836,596490,0.0,0.0
2023-05-10 12:30:00-04:00,6.885000228881836,6.900000095367432,6.735000133514404,6.769999980926514,547448,0.0,0.0
2023-05-10 13:30:00-04:00,6.775000095367432,6.869200229644775,6.730000019073486,6.849999904632568,357824,0.0,0.0
2023-05-10 14:30:00-04:00,6.849899768829346,6.929999828338623,6.840000152587891,6.919899940490723,431658,0.0,0.0
2023-05-10 15:30:00-04:00,6.920000076293945,6.96999979019165,6.914999961853027,6.949999809265137,513641,0.0,0.0
2023-05-11 09:30:00-04:00,6.840000152587891,6.940000057220459,6.650000095367432,6.908899784088135,1910713,0.0,0.0
2023-05-11 10:30:00-04:00,6.909999847412109,7.099999904632568,6.820000171661377,7.039999961853027,1202039,0.0,0.0
2023-05-11 11:30:00-04:00,7.039999961853027,7.119699954986572,6.980000019073486,7.061100006103516,1005010,0.0,0.0
2023-05-11 12:30:00-04:00,7.0696001052856445,7.090000152587891,7.034999847412109,7.054999828338623,481309,0.0,0.0
2023-05-11 13:30:00-04:00,7.050000190734863,7.070000171661377,6.960000038146973,7.034999847412109,562886,0.0,0.0
2023-05-11 14:30:00-04:00,7.034999847412109,7.119999885559082,7.010000228881836,7.079999923706055,968301,0.0,0.0
2023-05-11 15:30:00-04:00,7.085000038146973,7.090000152587891,7.010000228881836,7.019999980926514,1172170,0.0,0.0
2023-05-12 09:30:00-04:00,6.389999866485596,6.659999847412109,6.2600998878479,6.3607001304626465,3447488,0.0,0.0
2023-05-12 10:30:00-04:00,6.360199928283691,6.449999809265137,6.284999847412109,6.34499979019165,951593,0.0,0.0
2023-05-12 11:30:00-04:00,6.348499774932861,6.348499774932861,6.110000133514404,6.14769983291626,1102812,0.0,0.0
2023-05-12 12:30:00-04:00,6.139999866485596,6.204999923706055,6.0,6.175000190734863,1295421,0.0,0.0
2023-05-12 13:30:00-04:00,6.176400184631348,6.360000133514404,6.139999866485596,6.309999942779541,588576,0.0,0.0
2023-05-12 14:30:00-04:00,6.309999942779541,6.369999885559082,6.269999980926514,6.275000095367432,485987,0.0,0.0
2023-05-12 15:30:00-04:00,6.275000095367432,6.349999904632568,6.235000133514404,6.349599838256836,1013760,0.0,0.0
2023-05-15 09:30:00-04:00,6.340000152587891,6.489999771118164,6.331200122833252,6.40500020980835,1055233,0.0,0.0
2023-05-15 10:30:00-04:00,6.40500020980835,6.570000171661377,6.380000114440918,6.554999828338623,733174,0.0,0.0
2023-05-15 11:30:00-04:00,6.554999828338623,6.800000190734863,6.554999828338623,6.769999980926514,740943,0.0,0.0
2023-05-15 12:30:00-04:00,6.769999980926514,6.949999809265137,6.710000038146973,6.90500020980835,785765,0.0,0.0
2023-05-15 13:30:00-04:00,6.90500020980835,7.010000228881836,6.880000114440918,7.005000114440918,660847,0.0,0.0
2023-05-15 14:30:00-04:00,7.010000228881836,7.25,6.980000019073486,7.25,1093607,0.0,0.0
2023-05-15 15:30:00-04:00,7.240799903869629,7.460000038146973,7.224999904632568,7.340000152587891,2337808,0.0,0.0
2023-05-16 09:30:00-04:00,7.039999961853027,7.710000038146973,7.019999980926514,7.710000038146973,3918233,0.0,0.0
2023-05-16 10:30:00-04:00,7.708499908447266,7.769999980926514,7.559999942779541,7.65500020980835,1684770,0.0,0.0
2023-05-16 11:30:00-04:00,7.658999919891357,7.860000133514404,7.658999919891357,7.75,1248777,0.0,0.0
2023-05-16 12:30:00-04:00,7.739999771118164,7.980000019073486,7.699999809265137,7.894999980926514,1137442,0.0,0.0
2023-05-16 13:30:00-04:00,7.900000095367432,8.055000305175781,7.869999885559082,8.001799583435059,1630252,0.0,0.0
2023-05-16 14:30:00-04:00,8.009599685668945,8.0600004196167,7.954999923706055,7.985000133514404,1197966,0.0,0.0
2023-05-16 15:30:00-04:00,7.985000133514404,8.0600004196167,7.920000076293945,7.980000019073486,1269052,0.0,0.0
2023-05-17 09:30:00-04:00,7.989999771118164,8.300000190734863,7.909999847412109,8.270700454711914,2650948,0.0,0.0
2023-05-17 10:30:00-04:00,8.274999618530273,8.568499565124512,8.239999771118164,8.551300048828125,2605173,0.0,0.0
2023-05-17 11:30:00-04:00,8.550000190734863,8.880000114440918,8.520000457763672,8.824799537658691,2018655,0.0,0.0
2023-05-17 12:30:00-04:00,8.824999809265137,8.9399995803833,8.75,8.898500442504883,1305465,0.0,0.0
2023-05-17 13:30:00-04:00,8.895000457763672,9.149999618530273,8.880000114440918,9.09000015258789,1705598,0.0,0.0
2023-05-17 14:30:00-04:00,9.095000267028809,9.119999885559082,8.739999771118164,8.795000076293945,1678274,0.0,0.0
2023-05-17 15:30:00-04:00,8.789999961853027,9.0,8.779999732971191,8.954999923706055,1413332,0.0,0.0
2023-05-18 09:30:00-04:00,8.949999809265137,9.449999809265137,8.851499557495117,9.085000038146973,5366695,0.0,0.0
2023-05-18 10:30:00-04:00,9.085000038146973,9.378800392150879,9.0600004196167,9.190099716186523,1685123,0.0,0.0
2023-05-18 11:30:00-04:00,9.194999694824219,9.210000038146973,8.8149995803833,8.819999694824219,1806609,0.0,0.0
2023-05-18 12:30:00-04:00,8.819999694824219,8.819999694824219,8.529999732971191,8.729999542236328,2288386,0.0,0.0
2023-05-18 13:30:00-04:00,8.720000267028809,8.984999656677246,8.710000038146973,8.960100173950195,700031,0.0,0.0
2023-05-18 14:30:00-04:00,8.968500137329102,9.149999618530273,8.930000305175781,9.104999542236328,1121083,0.0,0.0
2023-05-18 15:30:00-04:00,9.109999656677246,9.15999984741211,9.020000457763672,9.079999923706055,1116312,0.0,0.0
2023-05-19 09:30:00-04:00,9.140000343322754,9.319999694824219,9.0600004196167,9.135000228881836,2589705,0.0,0.0
2023-05-19 10:30:00-04:00,9.130000114440918,9.260000228881836,8.8100004196167,9.140000343322754,1632776,0.0,0.0
2023-05-19 11:30:00-04:00,9.140000343322754,9.159899711608887,8.989999771118164,9.029999732971191,716410,0.0,0.0
2023-05-19 12:30:00-04:00,9.020000457763672,9.029199600219727,8.869999885559082,8.999300003051758,451826,0.0,0.0
2023-05-19 13:30:00-04:00,9.0,9.024999618530273,8.850000381469727,8.850000381469727,450298,0.0,0.0
2023-05-19 14:30:00-04:00,8.859999656677246,8.899999618530273,8.765000343322754,8.829999923706055,559368,0.0,0.0
2023-05-19 15:30:00-04:00,8.84000015258789,8.880000114440918,8.8100004196167,8.880000114440918,501878,0.0,0.0
2023-05-22 09:30:00-04:00,9.010000228881836,10.390000343322754,8.890000343322754,10.149999618530273,7312337,0.0,0.0
2023-05-22 10:30:00-04:00,10.140000343322754,10.78499984741211,10.09220027923584,10.68179988861084,4353373,0.0,0.0
2023-05-22 11:30:00-04:00,10.6899995803833,11.319899559020996,10.6899995803833,11.300000190734863,4213848,0.0,0.0
2023-05-22 12:30:00-04:00,11.299799919128418,11.3100004196167,10.781100273132324,10.781299591064453,3380849,0.0,0.0
2023-05-22 13:30:00-04:00,10.779999732971191,11.130000114440918,10.699999809265137,11.030099868774414,2398530,0.0,0.0
2023-05-22 14:30:00-04:00,11.050000190734863,11.130000114440918,10.922499656677246,11.03499984741211,1974056,0.0,0.0
2023-05-22 15:30:00-04:00,11.039999961853027,11.149999618530273,10.829999923706055,10.859999656677246,2099610,0.0,0.0
2023-05-23 09:30:00-04:00,10.930000305175781,11.449999809265137,10.65999984741211,11.289999961853027,7362539,0.0,0.0
2023-05-23 10:30:00-04:00,11.279999732971191,11.649999618530273,11.199999809265137,11.524999618530273,2573050,0.0,0.0
2023-05-23 11:30:00-04:00,11.529999732971191,11.539999961853027,11.050000190734863,11.09000015258789,1663694,0.0,0.0
2023-05-23 12:30:00-04:00,11.097000122070312,11.11989974975586,10.819999694824219,11.050000190734863,1506365,0.0,0.0
2023-05-23 13:30:00-04:00,11.050000190734863,11.074999809265137,10.8149995803833,10.885000228881836,1245289,0.0,0.0
2023-05-23 14:30:00-04:00,10.887299537658691,11.020000457763672,10.729999542236328,10.92590045928955,1505523,0.0,0.0
2023-05-23 15:30:00-04:00,10.925000190734863,11.020000457763672,10.760000228881836,10.829999923706055,1458690,0.0,0.0
2023-05-24 09:30:00-04:00,9.680000305175781,10.10099983215332,9.279999732971191,9.295000076293945,6429459,0.0,0.0
2023-05-24 10:30:00-04:00,9.289999961853027,9.654999732971191,9.149999618530273,9.569999694824219,2622952,0.0,0.0
2023-05-24 11:30:00-04:00,9.579999923706055,9.800000190734863,9.569999694824219,9.710000038146973,1419329,0.0,0.0
2023-05-24 12:30:00-04:00,9.710000038146973,10.147899627685547,9.699999809265137,10.070099830627441,1245674,0.0,0.0
2023-05-24 13:30:00-04:00,10.069999694824219,10.260000228881836,10.069999694824219,10.164999961853027,1064197,0.0,0.0
2023-05-24 14:30:00-04:00,10.170000076293945,10.260000228881836,10.0600004196167,10.260000228881836,1021187,0.0,0.0
2023-05-24 15:30:00-04:00,10.260000228881836,10.359999656677246,10.170000076293945,10.239999771118164,1058453,0.0,0.0
2023-05-25 09:30:00-04:00,10.510000228881836,10.630000114440918,9.5,9.569999694824219,6482717,0.0,0.0
2023-05-25 10:30:00-04:00,9.579999923706055,9.609999656677246,9.229999542236328,9.372599601745605,3009784,0.0,0.0
2023-05-25 11:30:00-04:00,9.377400398254395,9.6899995803833,9.364999771118164,9.510000228881836,1684513,0.0,0.0
2023-05-25 12:30:00-04:00,9.501199722290039,9.501199722290039,9.3100004196167,9.320099830627441,1043167,0.0,0.0
2023-05-25 13:30:00-04:00,9.319999694824219,9.4399995803833,9.289999961853027,9.308899879455566,1010289,0.0,0.0
2023-05-25 14:30:00-04:00,9.3100004196167,9.5,9.289999961853027,9.470000267028809,1288690,0.0,0.0
2023-05-25 15:30:00-04:00,9.475000381469727,9.515000343322754,9.34000015258789,9.34000015258789,1415908,0.0,0.0
2023-05-26 09:30:00-04:00,9.479999542236328,10.140000343322754,9.449999809265137,10.095000267028809,3867762,0.0,0.0
2023-05-26 10:30:00-04:00,10.100000381469727,10.220000267028809,10.010000228881836,10.079999923706055,2054982,0.0,0.0
2023-05-26 11:30:00-04:00,10.085000038146973,10.220000267028809,10.050000190734863,10.09119987487793,1127953,0.0,0.0
2023-05-26 12:30:00-04:00,10.100000381469727,10.199999809265137,9.9399995803833,9.989999771118164,1093831,0.0,0.0
2023-05-26 13:30:00-04:00,9.989999771118164,10.0,9.8100004196167,9.952500343322754,779549,0.0,0.0
2023-05-26 14:30:00-04:00,9.954999923706055,10.039999961853027,9.859999656677246,10.005000114440918,740872,0.0,0.0
2023-05-26 15:30:00-04:00,10.005000114440918,10.039999961853027,9.920000076293945,10.0,839181,0.0,0.0
2023-05-30 09:30:00-04:00,10.229999542236328,10.619999885559082,9.859999656677246,10.180000305175781,4931044,0.0,0.0
2023-05-30 10:30:00-04:00,10.180000305175781,10.6899995803833,10.15999984741211,10.664999961853027,2357772,0.0,0.0
2023-05-30 11:30:00-04:00,10.670000076293945,11.100000381469727,10.61620044708252,10.770000457763672,2858005,0.0,0.0
2023-05-30 12:30:00-04:00,10.759200096130371,10.899999618530273,10.619999885559082,10.75,1213934,0.0,0.0
2023-05-30 13:30:00-04:00,10.744999885559082,10.895000457763672,10.579999923706055,10.819999694824219,1145717,0.0,0.0
2023-05-30 14:30:00-04:00,10.8149995803833,11.039999961853027,10.795000076293945,10.989999771118164,1422649,0.0,0.0
2023-05-30 15:30:00-04:00,10.994999885559082,11.09000015258789,10.9350004196167,10.989999771118164,1289468,0.0,0.0
2023-05-31 09:30:00-04:00,10.529999732971191,11.069999694824219,10.3100004196167,10.505000114440918,4047312,0.0,0.0
2023-05-31 10:30:00-04:00,10.5,10.670000076293945,10.399999618530273,10.5108003616333,891167,0.0,0.0
2023-05-31 11:30:00-04:00,10.515000343322754,10.699999809265137,10.380000114440918,10.5,782787,0.0,0.0
2023-05-31 12:30:00-04:00,10.505000114440918,10.729999542236328,10.460000038146973,10.720000267028809,763941,0.0,0.0
2023-05-31 13:30:00-04:00,10.719900131225586,10.800000190734863,10.6850004196167,10.736800193786621,522392,0.0,0.0
2023-05-31 14:30:00-04:00,10.739999771118164,10.84000015258789,10.680000305175781,10.779999732971191,685183,0.0,0.0
2023-05-31 15:30:00-04:00,10.78499984741211,10.864999771118164,10.744999885559082,10.789999961853027,1154203,0.0,0.0
2023-06-01 09:30:00-04:00,10.569999694824219,11.069999694824219,10.430000305175781,10.949999809265137,3590112,0.0,0.0
2023-06-01 10:30:00-04:00,10.944999694824219,11.34000015258789,10.800000190734863,10.949999809265137,3166206,0.0,0.0
2023-06-01 11:30:00-04:00,10.949999809265137,11.119999885559082,10.90999984741211,11.003100395202637,1682693,0.0,0.0
2023-06-01 12:30:00-04:00,11.007200241088867,11.010000228881836,10.579999923706055,10.850600242614746,1288103,0.0,0.0
2023-06-01 13:30:00-04:00,10.85099983215332,10.9399995803833,10.729999542236328,10.739999771118164,601483,0.0,0.0
2023-06-01 14:30:00-04:00,10.73900032043457,10.800000190734863,10.65999984741211,10.65999984741211,720286,0.0,0.0
2023-06-01 15:30:00-04:00,10.664999961853027,10.8100004196167,10.399999618530273,10.71500015258789,2017301,0.0,0.0
2023-06-02 09:30:00-04:00,10.630000114440918,10.699999809265137,9.545000076293945,9.6899995803833,5626848,0.0,0.0
2023-06-02 10:30:00-04:00,9.690099716186523,9.850000381469727,9.5,9.760000228881836,2731913,0.0,0.0
2023-06-02 11:30:00-04:00,9.75,9.765000343322754,9.5600004196167,9.580100059509277,1489869,0.0,0.0
2023-06-02 12:30:00-04:00,9.581399917602539,9.59000015258789,9.210000038146973,9.395000457763672,2104836,0.0,0.0
2023-06-02 13:30:00-04:00,9.399900436401367,9.420000076293945,9.3100004196167,9.367199897766113,787910,0.0,0.0
2023-06-02 14:30:00-04:00,9.364999771118164,9.390000343322754,9.079999923706055,9.095000267028809,1875182,0.0,0.0
2023-06-02 15:30:00-04:00,9.095000267028809,9.3100004196167,9.0600004196167,9.212499618530273,1568536,0.0,0.0
2023-06-05 09:30:00-04:00,9.460000038146973,9.460000038146973,8.899999618530273,9.05840015411377,3115833,0.0,0.0
2023-06-05 10:30:00-04:00,9.055000305175781,9.529999732971191,9.011500358581543,9.414999961853027,1675587,0.0,0.0
2023-06-05 11:30:00-04:00,9.420000076293945,9.640000343322754,9.329999923706055,9.627799987792969,920561,0.0,0.0
2023-06-05 12:30:00-04:00,9.618800163269043,9.850000381469727,9.539999961853027,9.773200035095215,1061576,0.0,0.0
2023-06-05 13:30:00-04:00,9.774999618530273,9.800000190734863,9.630000114440918,9.680100440979004,596556,0.0,0.0
2023-06-05 14:30:00-04:00,9.680000305175781,9.899999618530273,9.609999656677246,9.830100059509277,856246,0.0,0.0
2023-06-05 15:30:00-04:00,9.835000038146973,9.859999656677246,9.760000228881836,9.829999923706055,731673,0.0,0.0
2023-06-06 09:30:00-04:00,9.550000190734863,9.619999885559082,9.300000190734863,9.592000007629395,2553575,0.0,0.0
2023-06-06 10:30:00-04:00,9.59000015258789,10.010000228881836,9.579999923706055,9.859999656677246,1576952,0.0,0.0
2023-06-06 11:30:00-04:00,9.864999771118164,10.050000190734863,9.851499557495117,9.930000305175781,874124,0.0,0.0
2023-06-06 12:30:00-04:00,9.9350004196167,10.050000190734863,9.7524995803833,9.925000190734863,950524,0.0,0.0
2023-06-06 13:30:00-04:00,9.929300308227539,9.960000038146973,9.819999694824219,9.878000259399414,508975,0.0,0.0
2023-06-06 14:30:00-04:00,9.869999885559082,9.930000305175781,9.84000015258789,9.869999885559082,425407,0.0,0.0
2023-06-06 15:30:00-04:00,9.880000114440918,9.899999618530273,9.710000038146973,9.805000305175781,897497,0.0,0.0
2023-06-07 09:30:00-04:00,9.930000305175781,10.479999542236328,9.930000305175781,10.119999885559082,3221839,0.0,0.0
2023-06-07 10:30:00-04:00,10.119999885559082,10.1899995803833,9.680000305175781,9.878199577331543,1745465,0.0,0.0
2023-06-07 11:30:00-04:00,9.885000228881836,9.90999984741211,9.609999656677246,9.649999618530273,927090,0.0,0.0
2023-06-07 12:30:00-04:00,9.649999618530273,9.710000038146973,9.5,9.529999732971191,651399,0.0,0.0
2023-06-07 13:30:00-04:00,9.524999618530273,9.664999961853027,9.5,9.649999618530273,563131,0.0,0.0
2023-06-07 14:30:00-04:00,9.649999618530273,9.65999984741211,9.529999732971191,9.545000076293945,574317,0.0,0.0
2023-06-07 15:30:00-04:00,9.545000076293945,9.59000015258789,9.40999984741211,9.449999809265137,1206858,0.0,0.0
2023-06-08 09:30:00-04:00,9.640000343322754,10.140000343322754,9.449999809265137,10.092300415039062,2802821,0.0,0.0
2023-06-08 10:30:00-04:00,10.09000015258789,10.270000457763672,10.0,10.199999809265137,1421088,0.0,0.0
2023-06-08 11:30:00-04:00,10.199999809265137,10.649999618530273,10.173700332641602,10.539999961853027,2389954,0.0,0.0
2023-06-08 12:30:00-04:00,10.529999732971191,10.869999885559082,10.420000076293945,10.720000267028809,1576083,0.0,0.0
2023-06-08 13:30:00-04:00,10.723799705505371,10.739999771118164,10.569999694824219,10.729999542236328,1253997,0.0,0.0
2023-06-08 14:30:00-04:00,10.729999542236328,10.779999732971191,10.640000343322754,10.640800476074219,1103789,0.0,0.0
2023-06-08 15:30:00-04:00,10.640000343322754,10.720000267028809,10.59000015258789,10.649999618530273,1154287,0.0,0.0
2023-06-09 09:30:00-04:00,10.449999809265137,11.3100004196167,10.359999656677246,10.75,5077762,0.0,0.0
2023-06-09 10:30:00-04:00,10.75,10.90999984741211,10.510100364685059,10.585000038146973,1952359,0.0,0.0
2023-06-09 11:30:00-04:00,10.579999923706055,10.65999984741211,10.460000038146973,10.510100364685059,936889,0.0,0.0
2023-06-09 12:30:00-04:00,10.510000228881836,10.561400413513184,10.430000305175781,10.510100364685059,495429,0.0,0.0
2023-06-09 13:30:00-04:00,10.515000343322754,10.664999961853027,10.484999656677246,10.609999656677246,475111,0.0,0.0
2023-06-09 14:30:00-04:00,10.601499557495117,10.614999771118164,10.329999923706055,10.5,922344,0.0,0.0
2023-06-09 15:30:00-04:00,10.494999885559082,10.579999923706055,10.489999771118164,10.539999961853027,624058,0.0,0.0
2023-06-12 09:30:00-04:00,10.649999618530273,11.220000267028809,10.600000381469727,10.819999694824219,3782071,0.0,0.0
2023-06-12 10:30:00-04:00,10.819999694824219,10.949999809265137,10.25100040435791,10.380000114440918,1961163,0.0,0.0
2023-06-12 11:30:00-04:00,10.395000457763672,10.539999961853027,10.329999923706055,10.4399995803833,656073,0.0,0.0
2023-06-12 12:30:00-04:00,10.449999809265137,10.600000381469727,10.430000305175781,10.569999694824219,395407,0.0,0.0
2023-06-12 13:30:00-04:00,10.5649995803833,10.640000343322754,10.520000457763672,10.600000381469727,444320,0.0,0.0
2023-06-12 14:30:00-04:00,10.600000381469727,10.609999656677246,10.479999542236328,10.5,495930,0.0,0.0
2023-06-12 15:30:00-04:00,10.50160026550293,10.619999885559082,10.5,10.550000190734863,733018,0.0,0.0
2023-06-13 09:30:00-04:00,10.850000381469727,10.850000381469727,9.9399995803833,10.10990047454834,4499776,0.0,0.0
2023-06-13 10:30:00-04:00,10.109999656677246,10.5,10.0,10.498100280761719,1647885,0.0,0.0
2023-06-13 11:30:00-04:00,10.499500274658203,10.614999771118164,10.40999984741211,10.529999732971191,1086673,0.0,0.0
2023-06-13 12:30:00-04:00,10.529999732971191,10.654999732971191,10.350000381469727,10.37440013885498,1008062,0.0,0.0
2023-06-13 13:30:00-04:00,10.375,10.449999809265137,10.270000457763672,10.3100004196167,562917,0.0,0.0
2023-06-13 14:30:00-04:00,10.300000190734863,10.59000015258789,10.289999961853027,10.515000343322754,665683,0.0,0.0
2023-06-13 15:30:00-04:00,10.520000457763672,10.640000343322754,10.510000228881836,10.640000343322754,619403,0.0,0.0
2023-06-14 09:30:00-04:00,10.520000457763672,10.795000076293945,10.380000114440918,10.75,2596622,0.0,0.0
2023-06-14 10:30:00-04:00,10.760000228881836,11.5600004196167,10.289999961853027,10.35990047454834,8281544,0.0,0.0
2023-06-14 11:30:00-04:00,10.350000381469727,10.520000457763672,10.225000381469727,10.329999923706055,2146623,0.0,0.0
2023-06-14 12:30:00-04:00,10.319999694824219,10.34000015258789,10.0,10.089300155639648,1680301,0.0,0.0
2023-06-14 13:30:00-04:00,10.085000038146973,10.130000114440918,9.720000267028809,9.8326997756958,2044387,0.0,0.0
2023-06-14 14:30:00-04:00,9.835000038146973,10.114999771118164,9.835000038146973,10.005000114440918,1471471,0.0,0.0
2023-06-14 15:30:00-04:00,10.005000114440918,10.029999732971191,9.920000076293945,9.9399995803833,1234863,0.0,0.0
2023-06-15 09:30:00-04:00,9.930000305175781,10.049400329589844,9.729999542236328,9.930000305175781,2301222,0.0,0.0
2023-06-15 10:30:00-04:00,9.9399995803833,9.95989990234375,9.8100004196167,9.90999984741211,670836,0.0,0.0
2023-06-15 11:30:00-04:00,9.90999984741211,9.984999656677246,9.845000267028809,9.859999656677246,635251,0.0,0.0
2023-06-15 12:30:00-04:00,9.864999771118164,9.920000076293945,9.824999809265137,9.890000343322754,372815,0.0,0.0
2023-06-15 13:30:00-04:00,9.890999794006348,9.984999656677246,9.859999656677246,9.979700088500977,489431,0.0,0.0
2023-06-15 14:30:00-04:00,9.970000267028809,10.020000457763672,9.930000305175781,9.96500015258789,501617,0.0,0.0
2023-06-15 15:30:00-04:00,9.970000267028809,9.989999771118164,9.890000343322754,9.949999809265137,595595,0.0,0.0
2023-06-16 09:30:00-04:00,10.119999885559082,10.170000076293945,9.670000076293945,9.829999923706055,2045232,0.0,0.0
2023-06-16 10:30:00-04:00,9.829999923706055,9.979999542236328,9.640000343322754,9.675000190734863,860334,0.0,0.0
2023-06-16 11:30:00-04:00,9.680000305175781,9.800000190734863,9.619999885559082,9.774999618530273,509939,0.0,0.0
2023-06-16 12:30:00-04:00,9.770099639892578,9.880000114440918,9.720000267028809,9.725000381469727,340759,0.0,0.0
2023-06-16 13:30:00-04:00,9.725000381469727,9.800000190734863,9.710000038146973,9.71969985961914,363527,0.0,0.0
2023-06-16 14:30:00-04:00,9.710000038146973,9.729999542236328,9.630000114440918,9.670000076293945,527935,0.0,0.0
2023-06-16 15:30:00-04:00,9.670000076293945,9.75,9.670000076293945,9.710000038146973,647070,0.0,0.0
2023-06-20 09:30:00-04:00,9.649999618530273,9.708800315856934,9.128399848937988,9.145000457763672,3069172,0.0,0.0
2023-06-20 10:30:00-04:00,9.140700340270996,9.359999656677246,9.119999885559082,9.239999771118164,929480,0.0,0.0
2023-06-20 11:30:00-04:00,9.244999885559082,9.3100004196167,9.173500061035156,9.3100004196167,532827,0.0,0.0
2023-06-20 12:30:00-04:00,9.305000305175781,9.34000015258789,9.220000267028809,9.220000267028809,426968,0.0,0.0
2023-06-20 13:30:00-04:00,9.22719955444336,9.289999961853027,9.180000305175781,9.28499984741211,446775,0.0,0.0
2023-06-20 14:30:00-04:00,9.279999732971191,9.335000038146973,9.255000114440918,9.335000038146973,425646,0.0,0.0
2023-06-20 15:30:00-04:00,9.329999923706055,9.350000381469727,9.300000190734863,9.3149995803833,493119,0.0,0.0
2023-06-21 09:30:00-04:00,9.149999618530273,9.3100004196167,8.899999618530273,9.020000457763672,2202289,0.0,0.0
2023-06-21 10:30:00-04:00,9.020000457763672,9.170000076293945,8.829999923706055,9.09000015258789,1538232,0.0,0.0
2023-06-21 11:30:00-04:00,9.085000038146973,9.238100051879883,9.020000457763672,9.199999809265137,766014,0.0,0.0
2023-06-21 12:30:00-04:00,9.194999694824219,9.289999961853027,9.140000343322754,9.175000190734863,603757,0.0,0.0
2023-06-21 13:30:00-04:00,9.180000305175781,9.354999542236328,9.180000305175781,9.34000015258789,558648,0.0,0.0
2023-06-21 14:30:00-04:00,9.34000015258789,9.380000114440918,9.297800064086914,9.350000381469727,416880,0.0,0.0
2023-06-21 15:30:00-04:00,9.350000381469727,9.350000381469727,9.220000267028809,9.220000267028809,707073,0.0,0.0
2023-06-22 09:30:00-04:00,9.010000228881836,9.429900169372559,8.975000381469727,9.381500244140625,2134044,0.0,0.0
2023-06-22 10:30:00-04:00,9.390000343322754,9.470000267028809,9.25,9.295000076293945,724357,0.0,0.0
2023-06-22 11:30:00-04:00,9.295000076293945,9.539999961853027,9.282299995422363,9.399999618530273,793946,0.0,0.0
2023-06-22 12:30:00-04:00,9.399999618530273,9.475000381469727,9.343000411987305,9.46500015258789,422916,0.0,0.0
2023-06-22 13:30:00-04:00,9.460000038146973,9.510000228881836,9.430000305175781,9.449999809265137,335046,0.0,0.0
2023-06-22 14:30:00-04:00,9.449999809265137,9.510000228881836,9.420000076293945,9.425000190734863,406901,0.0,0.0
2023-06-22 15:30:00-04:00,9.42490005493164,9.470000267028809,9.40999984741211,9.430000305175781,476507,0.0,0.0
2023-06-23 09:30:00-04:00,10.0600004196167,10.670000076293945,9.510000228881836,9.520000457763672,9763431,0.0,0.0
2023-06-23 10:30:00-04:00,9.529999732971191,9.670000076293945,9.420000076293945,9.569999694824219,2241747,0.0,0.0
2023-06-23 11:30:00-04:00,9.579999923706055,9.579999923706055,9.350000381469727,9.48009967803955,1154886,0.0,0.0
2023-06-23 12:30:00-04:00,9.489999771118164,9.529999732971191,9.255000114440918,9.265000343322754,864174,0.0,0.0
2023-06-23 13:30:00-04:00,9.270000457763672,9.460000038146973,9.199999809265137,9.420000076293945,910805,0.0,0.0
2023-06-23 14:30:00-04:00,9.420000076293945,9.4399995803833,9.199999809265137,9.312000274658203,906230,0.0,0.0
2023-06-23 15:30:00-04:00,9.3100004196167,9.399999618530273,9.3100004196167,9.379599571228027,1039394,0.0,0.0
2023-06-26 09:30:00-04:00,9.760000228881836,10.635000228881836,9.520000457763672,10.614999771118164,6679904,0.0,0.0
2023-06-26 10:30:00-04:00,10.619799613952637,10.670000076293945,10.289999961853027,10.359999656677246,2959239,0.0,0.0
2023-06-26 11:30:00-04:00,10.359999656677246,10.779999732971191,10.34000015258789,10.40999984741211,2923276,0.0,0.0
2023-06-26 12:30:00-04:00,10.417200088500977,10.420000076293945,10.109999656677246,10.335000038146973,1742023,0.0,0.0
2023-06-26 13:30:00-04:00,10.335000038146973,10.380000114440918,10.140000343322754,10.380000114440918,1050881,0.0,0.0
2023-06-26 14:30:00-04:00,10.375,10.470000267028809,10.350000381469727,10.4350004196167,799253,0.0,0.0
2023-06-26 15:30:00-04:00,10.4399995803833,10.520000457763672,10.279999732971191,10.324999809265137,1042063,0.0,0.0
2023-06-27 09:30:00-04:00,10.460000038146973,10.75,10.260000228881836,10.479999542236328,2708951,0.0,0.0
2023-06-27 10:30:00-04:00,10.479999542236328,10.640000343322754,10.369999885559082,10.545000076293945,855706,0.0,0.0
2023-06-27 11:30:00-04:00,10.543100357055664,10.75,10.520000457763672,10.614999771118164,1200395,0.0,0.0
2023-06-27 12:30:00-04:00,10.619999885559082,10.729900360107422,10.575799942016602,10.704999923706055,590573,0.0,0.0
2023-06-27 13:30:00-04:00,10.699999809265137,10.880000114440918,10.699999809265137,10.760000228881836,1284298,0.0,0.0
2023-06-27 14:30:00-04:00,10.770000457763672,10.8100004196167,10.75,10.805000305175781,609371,0.0,0.0
2023-06-27 15:30:00-04:00,10.805000305175781,10.8100004196167,10.720000267028809,10.8100004196167,888550,0.0,0.0
2023-06-28 09:30:00-04:00,10.670000076293945,11.229999542236328,10.65999984741211,11.085000038146973,4196446,0.0,0.0
2023-06-28 10:30:00-04:00,11.088500022888184,12.119999885559082,10.970000267028809,12.119999885559082,6053963,0.0,0.0
2023-06-28 11:30:00-04:00,12.109999656677246,12.640000343322754,11.989999771118164,12.478500366210938,5951163,0.0,0.0
2023-06-28 12:30:00-04:00,12.475000381469727,13.0600004196167,12.4399995803833,13.010000228881836,4947137,0.0,0.0
2023-06-28 13:30:00-04:00,13.015000343322754,13.40999984741211,13.010000228881836,13.369999885559082,4758851,0.0,0.0
2023-06-28 14:30:00-04:00,13.375,13.555000305175781,13.09000015258789,13.329999923706055,4457483,0.0,0.0
2023-06-28 15:30:00-04:00,13.329999923706055,13.520000457763672,13.199999809265137,13.350000381469727,2941275,0.0,0.0
2023-06-29 09:30:00-04:00,13.199999809265137,14.069999694824219,13.079999923706055,13.420000076293945,8014765,0.0,0.0
2023-06-29 10:30:00-04:00,13.425000190734863,13.480500221252441,12.859999656677246,13.4399995803833,2571114,0.0,0.0
2023-06-29 11:30:00-04:00,13.4399995803833,13.5,13.239999771118164,13.335000038146973,1233388,0.0,0.0
2023-06-29 12:30:00-04:00,13.339900016784668,13.460000038146973,13.079999923706055,13.234999656677246,1116752,0.0,0.0
2023-06-29 13:30:00-04:00,13.229999542236328,13.279999732971191,13.104999542236328,13.21500015258789,841962,0.0,0.0
2023-06-29 14:30:00-04:00,13.21500015258789,13.449999809265137,13.15999984741211,13.34000015258789,952953,0.0,0.0
2023-06-29 15:30:00-04:00,13.34000015258789,13.529999732971191,13.329999923706055,13.529999732971191,1322523,0.0,0.0
2023-06-30 09:30:00-04:00,13.819999694824219,14.800000190734863,13.720999717712402,14.438199996948242,6715173,0.0,0.0
2023-06-30 10:30:00-04:00,14.4399995803833,14.630000114440918,13.835000038146973,13.90999984741211,3202960,0.0,0.0
2023-06-30 11:30:00-04:00,13.904999732971191,13.9399995803833,13.579999923706055,13.770000457763672,1876655,0.0,0.0
2023-06-30 12:30:00-04:00,13.770000457763672,13.960000038146973,13.619999885559082,13.694999694824219,1107314,0.0,0.0
2023-06-30 13:30:00-04:00,13.699899673461914,13.744999885559082,13.510000228881836,13.699999809265137,1059711,0.0,0.0
2023-06-30 14:30:00-04:00,13.704999923706055,13.779999732971191,13.475000381469727,13.5600004196167,957155,0.0,0.0
2023-06-30 15:30:00-04:00,13.5600004196167,13.585000038146973,13.414999961853027,13.529999732971191,1401886,0.0,0.0
2023-07-03 09:30:00-04:00,13.789999961853027,14.300000190734863,13.569999694824219,13.664999961853027,3429783,0.0,0.0
2023-07-03 10:30:00-04:00,13.670000076293945,13.729900360107422,13.501500129699707,13.59000015258789,1011405,0.0,0.0
2023-07-03 11:30:00-04:00,13.589300155639648,13.664999961853027,13.319999694824219,13.454999923706055,1010807,0.0,0.0
2023-07-05 09:30:00-04:00,13.489999771118164,15.029999732971191,13.34000015258789,14.779999732971191,6075564,0.0,0.0
2023-07-05 10:30:00-04:00,14.779999732971191,15.069999694824219,14.180000305175781,14.229999542236328,2887849,0.0,0.0
2023-07-05 11:30:00-04:00,14.220000267028809,14.270000457763672,13.9399995803833,14.0649995803833,1464789,0.0,0.0
2023-07-05 12:30:00-04:00,14.0600004196167,14.140000343322754,13.899999618530273,14.015000343322754,732303,0.0,0.0
2023-07-05 13:30:00-04:00,14.010000228881836,14.130000114440918,13.930000305175781,13.960000038146973,668844,0.0,0.0
2023-07-05 14:30:00-04:00,13.970000267028809,14.1899995803833,13.960000038146973,14.140000343322754,697464,0.0,0.0
2023-07-05 15:30:00-04:00,14.149999618530273,14.187999725341797,14.085000038146973,14.119999885559082,903972,0.0,0.0
2023-07-06 09:30:00-04:00,13.859999656677246,13.890000343322754,12.690099716186523,12.839699745178223,5094732,0.0,0.0
2023-07-06 10:30:00-04:00,12.835000038146973,13.140000343322754,12.760000228881836,12.86870002746582,1543268,0.0,0.0
2023-07-06 11:30:00-04:00,12.869999885559082,13.149999618530273,12.84000015258789,13.039899826049805,757607,0.0,0.0
2023-07-06 12:30:00-04:00,13.03499984741211,13.1899995803833,13.010000228881836,13.072799682617188,597953,0.0,0.0
2023-07-06 13:30:00-04:00,13.078800201416016,13.289999961853027,13.029999732971191,13.24899959564209,477646,0.0,0.0
2023-07-06 14:30:00-04:00,13.244999885559082,13.3100004196167,13.149999618530273,13.270000457763672,571106,0.0,0.0
2023-07-06 15:30:00-04:00,13.270000457763672,13.34000015258789,13.180000305175781,13.28499984741211,906897,0.0,0.0
2023-07-07 09:30:00-04:00,13.720000267028809,14.130000114440918,13.479999542236328,13.657999992370605,3570679,0.0,0.0
2023-07-07 10:30:00-04:00,13.658599853515625,13.890000343322754,13.5,13.739999771118164,1044354,0.0,0.0
2023-07-07 11:30:00-04:00,13.734999656677246,13.739999771118164,13.370400428771973,13.430000305175781,1000731,0.0,0.0
2023-07-07 12:30:00-04:00,13.430000305175781,13.489999771118164,13.300000190734863,13.425000190734863,704473,0.0,0.0
2023-07-07 13:30:00-04:00,13.428500175476074,13.580100059509277,13.369999885559082,13.44279956817627,496478,0.0,0.0
2023-07-07 14:30:00-04:00,13.4399995803833,13.460000038146973,13.310099601745605,13.310099601745605,492436,0.0,0.0
2023-07-07 15:30:00-04:00,13.31779956817627,13.359999656677246,13.220000267028809,13.279999732971191,776864,0.0,0.0
2023-07-10 09:30:00-04:00,13.5,14.149999618530273,12.930000305175781,13.390000343322754,4870302,0.0,0.0
2023-07-10 10:30:00-04:00,13.380000114440918,13.449999809265137,13.210000038146973,13.4399995803833,834656,0.0,0.0
2023-07-10 11:30:00-04:00,13.449999809265137,13.5,13.158499717712402,13.341899871826172,720229,0.0,0.0
2023-07-10 12:30:00-04:00,13.34000015258789,13.449999809265137,13.3100004196167,13.40779972076416,418904,0.0,0.0
2023-07-10 13:30:00-04:00,13.40999984741211,13.625,13.369999885559082,13.619999885559082,456435,0.0,0.0
2023-07-10 14:30:00-04:00,13.619999885559082,13.795000076293945,13.591699600219727,13.779999732971191,673362,0.0,0.0
2023-07-10 15:30:00-04:00,13.779999732971191,14.039999961853027,13.755000114440918,14.03499984741211,1085968,0.0,0.0
2023-07-11 09:30:00-04:00,14.069999694824219,14.210000038146973,13.510000228881836,14.03499984741211,3635688,0.0,0.0
2023-07-11 10:30:00-04:00,14.039999961853027,14.545000076293945,13.920000076293945,14.135000228881836,2499350,0.0,0.0
2023-07-11 11:30:00-04:00,14.130000114440918,14.180000305175781,13.619999885559082,13.641400337219238,1427683,0.0,0.0
2023-07-11 12:30:00-04:00,13.649999618530273,13.779999732971191,13.529999732971191,13.680000305175781,958456,0.0,0.0
2023-07-11 13:30:00-04:00,13.6899995803833,13.75,13.59000015258789,13.679900169372559,670965,0.0,0.0
2023-07-11 14:30:00-04:00,13.678400039672852,13.960000038146973,13.619999885559082,13.914999961853027,602345,0.0,0.0
2023-07-11 15:30:00-04:00,13.914999961853027,13.9399995803833,13.829999923706055,13.864999771118164,689846,0.0,0.0
2023-07-12 09:30:00-04:00,14.170000076293945,14.180000305175781,13.609999656677246,14.029999732971191,3667882,0.0,0.0
2023-07-12 10:30:00-04:00,14.032099723815918,14.550000190734863,13.970000267028809,14.291099548339844,2266201,0.0,0.0
2023-07-12 11:30:00-04:00,14.300000190734863,14.300100326538086,13.729999542236328,13.810999870300293,1741695,0.0,0.0
2023-07-12 12:30:00-04:00,13.819999694824219,14.145000457763672,13.800000190734863,14.0600004196167,750378,0.0,0.0
2023-07-12 13:30:00-04:00,14.0649995803833,14.420000076293945,14.0600004196167,14.399900436401367,837347,0.0,0.0
2023-07-12 14:30:00-04:00,14.390000343322754,14.789999961853027,14.3100004196167,14.789999961853027,1279934,0.0,0.0
2023-07-12 15:30:00-04:00,14.789999961853027,14.824999809265137,14.680000305175781,14.720000267028809,1537714,0.0,0.0
2023-07-13 09:30:00-04:00,14.600000381469727,14.880000114440918,14.149999618530273,14.280200004577637,4215989,0.0,0.0
2023-07-13 10:30:00-04:00,14.279999732971191,14.399999618530273,14.010000228881836,14.079999923706055,1772912,0.0,0.0
2023-07-13 11:30:00-04:00,14.09000015258789,14.510000228881836,14.039999961853027,14.484999656677246,1284753,0.0,0.0
2023-07-13 12:30:00-04:00,14.479999542236328,14.640000343322754,14.414999961853027,14.579999923706055,730967,0.0,0.0
2023-07-13 13:30:00-04:00,14.585000038146973,14.59000015258789,14.369999885559082,14.467599868774414,560209,0.0,0.0
2023-07-13 14:30:00-04:00,14.470000267028809,14.475000381469727,14.34000015258789,14.430000305175781,611800,0.0,0.0
2023-07-13 15:30:00-04:00,14.430000305175781,14.520000457763672,14.40999984741211,14.460000038146973,874401,0.0,0.0
2023-07-14 09:30:00-04:00,14.619999885559082,15.359999656677246,14.40999984741211,14.4399995803833,5899283,0.0,0.0
2023-07-14 10:30:00-04:00,14.4399995803833,14.479999542236328,13.90999984741211,14.095000267028809,2605939,0.0,0.0
2023-07-14 11:30:00-04:00,14.095000267028809,14.145000457763672,13.930100440979004,14.050000190734863,867449,0.0,0.0
2023-07-14 12:30:00-04:00,14.048500061035156,14.089900016784668,13.654999732971191,13.760000228881836,1216594,0.0,0.0
2023-07-14 13:30:00-04:00,13.755000114440918,13.850000381469727,13.670700073242188,13.675000190734863,776596,0.0,0.0
2023-07-14 14:30:00-04:00,13.675000190734863,13.6899995803833,13.410799980163574,13.479999542236328,1229930,0.0,0.0
2023-07-14 15:30:00-04:00,13.489999771118164,13.625,13.484999656677246,13.5649995803833,949263,0.0,0.0
2023-07-17 09:30:00-04:00,13.760000228881836,14.180000305175781,13.470000267028809,14.140000343322754,2522455,0.0,0.0
2023-07-17 10:30:00-04:00,14.135000228881836,14.345000267028809,13.920000076293945,14.34000015258789,1536381,0.0,0.0
2023-07-17 11:30:00-04:00,14.34000015258789,14.6850004196167,14.270000457763672,14.510000228881836,1751328,0.0,0.0
2023-07-17 12:30:00-04:00,14.51990032196045,14.859999656677246,14.510000228881836,14.859999656677246,1101680,0.0,0.0
2023-07-17 13:30:00-04:00,14.869999885559082,14.9399995803833,14.699999809265137,14.720000267028809,911856,0.0,0.0
2023-07-17 14:30:00-04:00,14.71500015258789,14.829999923706055,14.621800422668457,14.744999885559082,755084,0.0,0.0
2023-07-17 15:30:00-04:00,14.742799758911133,14.899999618530273,14.734999656677246,14.89050006866455,1040246,0.0,0.0
2023-07-18 09:30:00-04:00,14.800000190734863,15.569899559020996,14.779999732971191,15.119999885559082,5341692,0.0,0.0
2023-07-18 10:30:00-04:00,15.119999885559082,15.510000228881836,15.050000190734863,15.125,2337674,0.0,0.0
2023-07-18 11:30:00-04:00,15.119999885559082,15.550000190734863,15.020000457763672,15.509200096130371,1476583,0.0,0.0
2023-07-18 12:30:00-04:00,15.505000114440918,15.649999618530273,15.25,15.289999961853027,1186917,0.0,0.0
2023-07-18 13:30:00-04:00,15.293000221252441,15.600000381469727,15.293000221252441,15.510000228881836,751087,0.0,0.0
2023-07-18 14:30:00-04:00,15.513699531555176,15.768500328063965,15.460100173950195,15.720000267028809,1080737,0.0,0.0
2023-07-18 15:30:00-04:00,15.720000267028809,15.850000381469727,15.6899995803833,15.71500015258789,1254457,0.0,0.0
2023-07-19 09:30:00-04:00,16.020000457763672,16.299999237060547,15.5,15.710000038146973,4255019,0.0,0.0
2023-07-19 10:30:00-04:00,15.71500015258789,16.178499221801758,15.71500015258789,16.05500030517578,1592264,0.0,0.0
2023-07-19 11:30:00-04:00,16.05500030517578,16.149999618530273,15.199999809265137,15.201600074768066,1614979,0.0,0.0
2023-07-19 12:30:00-04:00,15.204700469970703,15.229999542236328,14.890000343322754,15.024999618530273,1774118,0.0,0.0
2023-07-19 13:30:00-04:00,15.020000457763672,15.145000457763672,14.930000305175781,15.109999656677246,762395,0.0,0.0
2023-07-19 14:30:00-04:00,15.109999656677246,15.600000381469727,15.079999923706055,15.512100219726562,975368,0.0,0.0
2023-07-19 15:30:00-04:00,15.520000457763672,15.550000190734863,15.395000457763672,15.510000228881836,797779,0.0,0.0
2023-07-20 09:30:00-04:00,15.380000114440918,16.07939910888672,15.010000228881836,15.029999732971191,3176356,0.0,0.0
2023-07-20 10:30:00-04:00,15.029999732971191,15.189000129699707,14.770000457763672,15.154999732971191,1366847,0.0,0.0
2023-07-20 11:30:00-04:00,15.156900405883789,15.199899673461914,14.979999542236328,15.015000343322754,535120,0.0,0.0
2023-07-20 12:30:00-04:00,15.020000457763672,15.069999694824219,14.899999618530273,15.050000190734863,449031,0.0,0.0
2023-07-20 13:30:00-04:00,15.050000190734863,15.199999809265137,14.989999771118164,14.989999771118164,432471,0.0,0.0
2023-07-20 14:30:00-04:00,15.0,15.149999618530273,14.899999618530273,14.918499946594238,614250,0.0,0.0
2023-07-20 15:30:00-04:00,14.920000076293945,15.0,14.904999732971191,14.929200172424316,898318,0.0,0.0
2023-07-21 09:30:00-04:00,15.329999923706055,15.479999542236328,14.234999656677246,14.241000175476074,3447826,0.0,0.0
2023-07-21 10:30:00-04:00,14.244999885559082,14.718999862670898,14.194999694824219,14.718999862670898,1057335,0.0,0.0
2023-07-21 11:30:00-04:00,14.710000038146973,14.760000228881836,14.489999771118164,14.545000076293945,488257,0.0,0.0
2023-07-21 12:30:00-04:00,14.539999961853027,14.670000076293945,14.510000228881836,14.640000343322754,264873,0.0,0.0
2023-07-21 13:30:00-04:00,14.636899948120117,14.710000038146973,14.609999656677246,14.670000076293945,280565,0.0,0.0
2023-07-21 14:30:00-04:00,14.675000190734863,14.710000038146973,14.319999694824219,14.380000114440918,653695,0.0,0.0
2023-07-21 15:30:00-04:00,14.380000114440918,14.4399995803833,14.300000190734863,14.420599937438965,635065,0.0,0.0
2023-07-24 09:30:00-04:00,14.579999923706055,14.800000190734863,14.149999618530273,14.59000015258789,2154657,0.0,0.0
2023-07-24 10:30:00-04:00,14.600000381469727,14.620100021362305,14.180000305175781,14.279999732971191,751899,0.0,0.0
2023-07-24 11:30:00-04:00,14.274999618530273,14.399999618530273,14.220000267028809,14.329999923706055,362132,0.0,0.0
2023-07-24 12:30:00-04:00,14.329999923706055,14.429900169372559,14.3100004196167,14.380000114440918,189030,0.0,0.0
2023-07-24 13:30:00-04:00,14.381999969482422,14.555000305175781,14.359999656677246,14.520000457763672,290594,0.0,0.0
2023-07-24 14:30:00-04:00,14.524999618530273,14.527799606323242,14.35099983215332,14.357799530029297,293616,0.0,0.0
2023-07-24 15:30:00-04:00,14.359999656677246,14.4399995803833,14.359999656677246,14.390000343322754,322218,0.0,0.0
2023-07-25 09:30:00-04:00,14.569999694824219,15.529899597167969,14.470999717712402,15.260000228881836,3350580,0.0,0.0
2023-07-25 10:30:00-04:00,15.25,15.869999885559082,15.229999542236328,15.640000343322754,1794234,0.0,0.0
2023-07-25 11:30:00-04:00,15.649999618530273,15.795000076293945,15.420000076293945,15.4350004196167,1210038,0.0,0.0
2023-07-25 12:30:00-04:00,15.4399995803833,15.470000267028809,15.25,15.335000038146973,931115,0.0,0.0
2023-07-25 13:30:00-04:00,15.34000015258789,15.5,15.295000076293945,15.350000381469727,488336,0.0,0.0
2023-07-25 14:30:00-04:00,15.350000381469727,15.4399995803833,15.203800201416016,15.28499984741211,497818,0.0,0.0
2023-07-25 15:30:00-04:00,15.279999732971191,15.34000015258789,15.210000038146973,15.225000381469727,649996,0.0,0.0
2023-07-26 09:30:00-04:00,15.430000305175781,16.31999969482422,14.930000305175781,16.049999237060547,3997035,0.0,0.0
2023-07-26 10:30:00-04:00,16.050100326538086,16.06999969482422,15.5,15.817999839782715,1605526,0.0,0.0
2023-07-26 11:30:00-04:00,15.801600456237793,16.149999618530273,15.801600456237793,16.079999923706055,809838,0.0,0.0
2023-07-26 12:30:00-04:00,16.079999923706055,16.190000534057617,16.059999465942383,16.188100814819336,571078,0.0,0.0
2023-07-26 13:30:00-04:00,16.18000030517578,16.200000762939453,15.9350004196167,15.970000267028809,557286,0.0,0.0
2023-07-26 14:30:00-04:00,15.970000267028809,16.3799991607666,15.960000038146973,16.165000915527344,1217633,0.0,0.0
2023-07-26 15:30:00-04:00,16.15999984741211,16.295000076293945,16.114999771118164,16.184999465942383,890749,0.0,0.0
2023-07-27 09:30:00-04:00,16.610000610351562,17.049999237060547,16.110000610351562,16.133499145507812,4664809,0.0,0.0
2023-07-27 10:30:00-04:00,16.139999389648438,16.6299991607666,16.1299991607666,16.469999313354492,1198299,0.0,0.0
2023-07-27 11:30:00-04:00,16.469999313354492,16.520000457763672,16.190000534057617,16.40999984741211,664640,0.0,0.0
2023-07-27 12:30:00-04:00,16.399999618530273,16.488500595092773,15.869999885559082,15.898500442504883,908385,0.0,0.0
2023-07-27 13:30:00-04:00,15.895000457763672,16.049999237060547,15.63010025024414,15.640000343322754,991382,0.0,0.0
2023-07-27 14:30:00-04:00,15.640000343322754,15.699999809265137,15.340100288391113,15.380000114440918,1791572,0.0,0.0
2023-07-27 15:30:00-04:00,15.375,15.539999961853027,15.270000457763672,15.539999961853027,883302,0.0,0.0
2023-07-28 09:30:00-04:00,15.859999656677246,17.170000076293945,15.770000457763672,16.889999389648438,4685232,0.0,0.0
2023-07-28 10:30:00-04:00,16.899999618530273,17.59000015258789,16.729999542236328,17.260000228881836,2798598,0.0,0.0
2023-07-28 11:30:00-04:00,17.260000228881836,17.690000534057617,17.209999084472656,17.619800567626953,1790794,0.0,0.0
2023-07-28 12:30:00-04:00,17.610000610351562,17.799999237060547,17.43000030517578,17.668500900268555,1298449,0.0,0.0
2023-07-28 13:30:00-04:00,17.65999984741211,17.8799991607666,17.470699310302734,17.81999969482422,1241722,0.0,0.0
2023-07-28 14:30:00-04:00,17.81879997253418,18.010000228881836,17.770000457763672,17.809099197387695,1189081,0.0,0.0
2023-07-28 15:30:00-04:00,17.799999237060547,18.0,17.780000686645508,17.93000030517578,1150597,0.0,0.0
2023-07-31 09:30:00-04:00,18.81999969482422,19.329999923706055,18.059999465942383,18.80500030517578,7507727,0.0,0.0
2023-07-31 10:30:00-04:00,18.815000534057617,18.950000762939453,18.469999313354492,18.75,1582001,0.0,0.0
2023-07-31 11:30:00-04:00,18.74799919128418,18.989999771118164,18.6299991607666,18.899999618530273,956561,0.0,0.0
2023-07-31 12:30:00-04:00,18.889999389648438,18.950000762939453,18.69499969482422,18.889999389648438,707585,0.0,0.0
2023-07-31 13:30:00-04:00,18.889999389648438,19.020000457763672,18.841999053955078,18.94499969482422,690088,0.0,0.0
2023-07-31 14:30:00-04:00,18.94499969482422,19.099899291992188,18.829999923706055,18.950000762939453,761839,0.0,0.0
2023-07-31 15:30:00-04:00,18.950000762939453,19.25,18.9325008392334,19.25,1119437,0.0,0.0
2023-08-01 09:30:00-04:00,18.479999542236328,19.718000411987305,18.43000030517578,19.01020050048828,7110326,0.0,0.0
2023-08-01 10:30:00-04:00,19.02589988708496,19.229999542236328,18.829999923706055,19.209999084472656,1200263,0.0,0.0
2023-08-01 11:30:00-04:00,19.219999313354492,19.389999389648438,19.06999969482422,19.13010025024414,1033033,0.0,0.0
2023-08-01 12:30:00-04:00,19.139999389648438,19.5049991607666,19.09000015258789,19.429899215698242,824173,0.0,0.0
2023-08-01 13:30:00-04:00,19.420000076293945,20.1200008392334,19.350000381469727,19.940000534057617,1927082,0.0,0.0
2023-08-01 14:30:00-04:00,19.950000762939453,20.139999389648438,19.889999389648438,19.979999542236328,1722675,0.0,0.0
2023-08-01 15:30:00-04:00,19.989999771118164,20.020000457763672,19.84000015258789,19.860000610351562,1270766,0.0,0.0
2023-08-02 09:30:00-04:00,19.1299991607666,19.469999313354492,18.350000381469727,18.59000015258789,4674638,0.0,0.0
2023-08-02 10:30:00-04:00,18.59000015258789,18.665000915527344,18.03499984741211,18.09000015258789,1783619,0.0,0.0
2023-08-02 11:30:00-04:00,18.09000015258789,18.149999618530273,17.299999237060547,17.54789924621582,2586429,0.0,0.0
2023-08-02 12:30:00-04:00,17.540000915527344,18.1200008392334,17.530000686645508,17.989999771118164,1506912,0.0,0.0
2023-08-02 13:30:00-04:00,17.989999771118164,18.239999771118164,17.81999969482422,18.200000762939453,983192,0.0,0.0
2023-08-02 14:30:00-04:00,18.200000762939453,18.25,18.010000228881836,18.01490020751953,871978,0.0,0.0
2023-08-02 15:30:00-04:00,18.020000457763672,18.357999801635742,17.969999313354492,18.329999923706055,1160240,0.0,0.0
2023-08-03 09:30:00-04:00,18.0,19.020000457763672,17.85099983215332,18.030000686645508,3610240,0.0,0.0
2023-08-03 10:30:00-04:00,18.040000915527344,18.68000030517578,18.030000686645508,18.459999084472656,1333042,0.0,0.0
2023-08-03 11:30:00-04:00,18.469999313354492,18.520000457763672,18.160999298095703,18.190000534057617,617669,0.0,0.0
2023-08-03 12:30:00-04:00,18.209999084472656,18.57710075378418,18.20490074157715,18.48900032043457,628085,0.0,0.0
2023-08-03 13:30:00-04:00,18.48270034790039,18.514999389648438,18.200000762939453,18.242900848388672,531173,0.0,0.0
2023-08-03 14:30:00-04:00,18.25,18.31999969482422,18.1200008392334,18.219999313354492,361789,0.0,0.0
2023-08-03 15:30:00-04:00,18.21500015258789,18.3700008392334,18.170000076293945,18.287599563598633,490922,0.0,0.0
2023-08-04 09:30:00-04:00,18.350000381469727,18.610000610351562,17.15999984741211,17.360000610351562,3956922,0.0,0.0
2023-08-04 10:30:00-04:00,17.354999542236328,18.100000381469727,17.31999969482422,18.094999313354492,1458284,0.0,0.0
2023-08-04 11:30:00-04:00,18.079999923706055,18.274999618530273,17.889999389648438,18.25,901856,0.0,0.0
2023-08-04 12:30:00-04:00,18.251800537109375,18.399999618530273,17.979999542236328,18.040000915527344,772114,0.0,0.0
2023-08-04 13:30:00-04:00,18.030000686645508,18.110000610351562,17.610000610351562,17.645000457763672,976177,0.0,0.0
2023-08-04 14:30:00-04:00,17.635000228881836,17.690000534057617,17.30769920349121,17.420000076293945,1533077,0.0,0.0
2023-08-04 15:30:00-04:00,17.420000076293945,17.510000228881836,17.354999542236328,17.389999389648438,904276,0.0,0.0
2023-08-07 09:30:00-04:00,17.40999984741211,17.40999984741211,15.800000190734863,15.904999732971191,5742786,0.0,0.0
2023-08-07 10:30:00-04:00,15.907699584960938,15.90999984741211,15.0,15.020000457763672,3724940,0.0,0.0
2023-08-07 11:30:00-04:00,15.010000228881836,15.399999618530273,15.0,15.391400337219238,1874651,0.0,0.0
2023-08-07 12:30:00-04:00,15.390000343322754,15.420000076293945,15.100000381469727,15.1899995803833,1021629,0.0,0.0
2023-08-07 13:30:00-04:00,15.199999809265137,15.479999542236328,15.149999618530273,15.380000114440918,709281,0.0,0.0
2023-08-07 14:30:00-04:00,15.380000114440918,15.569999694824219,15.321000099182129,15.5649995803833,752042,0.0,0.0
2023-08-07 15:30:00-04:00,15.560500144958496,15.654999732971191,15.484999656677246,15.574999809265137,1152781,0.0,0.0
2023-08-08 09:30:00-04:00,15.220000267028809,15.5,15.029999732971191,15.33180046081543,3651674,0.0,0.0
2023-08-08 10:30:00-04:00,15.329999923706055,15.359999656677246,15.069999694824219,15.130000114440918,885613,0.0,0.0
2023-08-08 11:30:00-04:00,15.125,15.244999885559082,14.880000114440918,15.0108003616333,953895,0.0,0.0
2023-08-08 12:30:00-04:00,15.011300086975098,15.140000343322754,14.969900131225586,15.050000190734863,467748,0.0,0.0
2023-08-08 13:30:00-04:00,15.050000190734863,15.3149995803833,15.050000190734863,15.227999687194824,526015,0.0,0.0
2023-08-08 14:30:00-04:00,15.229999542236328,15.399999618530273,15.225000381469727,15.380000114440918,577922,0.0,0.0
2023-08-08 15:30:00-04:00,15.390000343322754,15.390000343322754,15.279999732971191,15.324999809265137,769802,0.0,0.0
2023-08-09 09:30:00-04:00,15.84000015258789,15.84000015258789,14.449999809265137,14.550000190734863,4214458,0.0,0.0
2023-08-09 10:30:00-04:00,14.550000190734863,14.598999977111816,14.100000381469727,14.270000457763672,2526646,0.0,0.0
2023-08-09 11:30:00-04:00,14.260000228881836,14.399999618530273,14.130000114440918,14.335000038146973,1092530,0.0,0.0
2023-08-09 12:30:00-04:00,14.331000328063965,14.4399995803833,14.170000076293945,14.378199577331543,847815,0.0,0.0
2023-08-09 13:30:00-04:00,14.380000114440918,14.6899995803833,14.350000381469727,14.660799980163574,1027412,0.0,0.0
2023-08-09 14:30:00-04:00,14.670000076293945,14.699999809265137,14.460000038146973,14.614999771118164,959811,0.0,0.0
2023-08-09 15:30:00-04:00,14.619999885559082,14.675000190734863,14.479999542236328,14.494999885559082,1227223,0.0,0.0
2023-08-10 09:30:00-04:00,14.850000381469727,15.279999732971191,14.59000015258789,15.079999923706055,3258917,0.0,0.0
2023-08-10 10:30:00-04:00,15.079999923706055,15.149999618530273,14.5600004196167,14.694999694824219,1641986,0.0,0.0
2023-08-10 11:30:00-04:00,14.699999809265137,14.8100004196167,14.380000114440918,14.497300148010254,1100802,0.0,0.0
2023-08-10 12:30:00-04:00,14.489999771118164,14.670000076293945,14.329999923706055,14.380000114440918,1009422,0.0,0.0
2023-08-10 13:30:00-04:00,14.369999885559082,14.444999694824219,14.220000267028809,14.345000267028809,961320,0.0,0.0
2023-08-10 14:30:00-04:00,14.34000015258789,14.404999732971191,14.265000343322754,14.265000343322754,896715,0.0,0.0
2023-08-10 15:30:00-04:00,14.265000343322754,14.34000015258789,14.149999618530273,14.1899995803833,1220303,0.0,0.0
2023-08-11 09:30:00-04:00,14.9399995803833,17.010000228881836,14.90999984741211,16.946399688720703,14882961,0.0,0.0
2023-08-11 10:30:00-04:00,16.950000762939453,17.739900588989258,16.809999465942383,17.25200080871582,11267945,0.0,0.0
2023-08-11 11:30:00-04:00,17.25,17.450000762939453,16.75,16.979999542236328,6820276,0.0,0.0
2023-08-11 12:30:00-04:00,16.969999313354492,17.08989906311035,15.9399995803833,16.128299713134766,5578374,0.0,0.0
2023-08-11 13:30:00-04:00,16.128799438476562,16.270000457763672,15.8100004196167,16.144899368286133,4136371,0.0,0.0
2023-08-11 14:30:00-04:00,16.147300720214844,16.280000686645508,15.510000228881836,15.641300201416016,4777291,0.0,0.0
2023-08-11 15:30:00-04:00,15.640000343322754,15.850000381469727,15.600000381469727,15.710000038146973,3313439,0.0,0.0
2023-08-14 09:30:00-04:00,16.549999237060547,16.639999389648438,14.920000076293945,15.385000228881836,6739959,0.0,0.0
2023-08-14 10:30:00-04:00,15.390000343322754,15.65999984741211,15.050000190734863,15.109100341796875,2526964,0.0,0.0
2023-08-14 11:30:00-04:00,15.130000114440918,15.46150016784668,15.069999694824219,15.110199928283691,1443449,0.0,0.0
2023-08-14 12:30:00-04:00,15.115300178527832,15.180000305175781,14.829999923706055,14.949999809265137,1473516,0.0,0.0
2023-08-14 13:30:00-04:00,14.949999809265137,14.978899955749512,14.65999984741211,14.805000305175781,1611818,0.0,0.0
2023-08-14 14:30:00-04:00,14.800000190734863,14.980999946594238,14.720000267028809,14.954999923706055,1279376,0.0,0.0
2023-08-14 15:30:00-04:00,14.949999809265137,14.989999771118164,14.859999656677246,14.880000114440918,1325927,0.0,0.0
2023-08-15 09:30:00-04:00,14.729999542236328,15.119999885559082,14.529999732971191,14.850000381469727,3590184,0.0,0.0
2023-08-15 10:30:00-04:00,14.829999923706055,16.700000762939453,14.699999809265137,16.309999465942383,8570030,0.0,0.0
2023-08-15 11:30:00-04:00,16.299999237060547,16.77989959716797,16.040000915527344,16.049999237060547,6045752,0.0,0.0
2023-08-15 12:30:00-04:00,16.049999237060547,16.11989974975586,15.59000015258789,15.640000343322754,3440956,0.0,0.0
2023-08-15 13:30:00-04:00,15.640000343322754,15.720000267028809,15.449999809265137,15.595000267028809,1782240,0.0,0.0
2023-08-15 14:30:00-04:00,15.600000381469727,15.770000457763672,15.475000381469727,15.475899696350098,869778,0.0,0.0
2023-08-15 15:30:00-04:00,15.479999542236328,15.604999542236328,15.470000267028809,15.559900283813477,1039787,0.0,0.0
2023-08-16 09:30:00-04:00,15.180000305175781,15.5,14.34000015258789,14.360099792480469,5119933,0.0,0.0
2023-08-16 10:30:00-04:00,14.367600440979004,14.40999984741211,13.920000076293945,13.949999809265137,3624734,0.0,0.0
2023-08-16 11:30:00-04:00,13.947799682617188,14.029999732971191,13.609999656677246,13.638099670410156,2611131,0.0,0.0
2023-08-16 12:30:00-04:00,13.63290023803711,13.920000076293945,13.614999771118164,13.899999618530273,1447926,0.0,0.0
2023-08-16 13:30:00-04:00,13.895000457763672,14.149999618530273,13.84000015258789,14.09000015258789,1226365,0.0,0.0
2023-08-16 14:30:00-04:00,14.09000015258789,14.149999618530273,13.829999923706055,13.90999984741211,1139194,0.0,0.0
2023-08-16 15:30:00-04:00,13.907699584960938,13.9399995803833,13.680000305175781,13.6850004196167,1228761,0.0,0.0
2023-08-17 09:30:00-04:00,14.020000457763672,14.020000457763672,13.25,13.449999809265137,4044952,0.0,0.0
2023-08-17 10:30:00-04:00,13.460000038146973,13.640000343322754,13.39229965209961,13.490099906921387,1299187,0.0,0.0
2023-08-17 11:30:00-04:00,13.5,13.550000190734863,13.399999618530273,13.51990032196045,845158,0.0,0.0
2023-08-17 12:30:00-04:00,13.518400192260742,13.670000076293945,13.410099983215332,13.610199928283691,767192,0.0,0.0
2023-08-17 13:30:00-04:00,13.609999656677246,13.726300239562988,13.300000190734863,13.329999923706055,1153080,0.0,0.0
2023-08-17 14:30:00-04:00,13.34000015258789,13.350000381469727,13.010000228881836,13.112199783325195,1699915,0.0,0.0
2023-08-17 15:30:00-04:00,13.114999771118164,13.140000343322754,13.0,13.0,1453411,0.0,0.0
2023-08-18 09:30:00-04:00,12.369999885559082,13.265000343322754,12.1899995803833,12.920000076293945,5228857,0.0,0.0
2023-08-18 10:30:00-04:00,12.904999732971191,13.308699607849121,12.904999732971191,13.069999694824219,1661788,0.0,0.0
2023-08-18 11:30:00-04:00,13.069999694824219,13.300000190734863,13.024999618530273,13.204999923706055,821456,0.0,0.0
2023-08-18 12:30:00-04:00,13.199999809265137,13.404999732971191,13.170000076293945,13.324999809265137,942001,0.0,0.0
2023-08-18 13:30:00-04:00,13.329999923706055,13.520000457763672,13.265000343322754,13.475000381469727,833308,0.0,0.0
2023-08-18 14:30:00-04:00,13.470000267028809,13.65839958190918,13.4399995803833,13.479999542236328,1040318,0.0,0.0
2023-08-18 15:30:00-04:00,13.489999771118164,13.5600004196167,13.40999984741211,13.420000076293945,1010982,0.0,0.0
2023-08-21 09:30:00-04:00,13.720000267028809,14.239999771118164,13.354999542236328,13.8100004196167,3782049,0.0,0.0
2023-08-21 10:30:00-04:00,13.819999694824219,14.140000343322754,13.800000190734863,13.880900382995605,1289087,0.0,0.0
2023-08-21 11:30:00-04:00,13.885000228881836,14.039999961853027,13.680000305175781,14.020000457763672,889731,0.0,0.0
2023-08-21 12:30:00-04:00,14.012299537658691,14.119999885559082,13.949999809265137,14.079999923706055,550723,0.0,0.0
2023-08-21 13:30:00-04:00,14.069999694824219,14.225099563598633,14.0600004196167,14.221599578857422,529499,0.0,0.0
2023-08-21 14:30:00-04:00,14.225000381469727,14.48009967803955,14.220000267028809,14.364999771118164,1048844,0.0,0.0
2023-08-21 15:30:00-04:00,14.359999656677246,14.420000076293945,14.244999885559082,14.420000076293945,1043365,0.0,0.0
2023-08-22 09:30:00-04:00,14.899999618530273,15.069999694824219,14.380000114440918,14.470000267028809,3577835,0.0,0.0
2023-08-22 10:30:00-04:00,14.475000381469727,14.880000114440918,14.170000076293945,14.765000343322754,1999467,0.0,0.0
2023-08-22 11:30:00-04:00,14.760000228881836,14.84000015258789,14.375,14.498600006103516,869424,0.0,0.0
2023-08-22 12:30:00-04:00,14.498600006103516,14.6899995803833,14.454999923706055,14.680100440979004,567431,0.0,0.0
2023-08-22 13:30:00-04:00,14.6899995803833,14.829999923706055,14.614999771118164,14.802300453186035,540008,0.0,0.0
2023-08-22 14:30:00-04:00,14.800000190734863,14.944999694824219,14.760000228881836,14.930000305175781,533001,0.0,0.0
2023-08-22 15:30:00-04:00,14.930000305175781,14.960000038146973,14.84000015258789,14.930000305175781,951211,0.0,0.0
2023-08-23 09:30:00-04:00,14.789999961853027,15.629899978637695,14.640000343322754,15.489999771118164,3399557,0.0,0.0
2023-08-23 10:30:00-04:00,15.494999885559082,15.994999885559082,15.449999809265137,15.960000038146973,1739295,0.0,0.0
2023-08-23 11:30:00-04:00,15.954999923706055,16.059999465942383,15.771599769592285,16.028600692749023,993583,0.0,0.0
2023-08-23 12:30:00-04:00,16.024999618530273,16.139999389648438,15.914999961853027,15.9576997756958,748449,0.0,0.0
2023-08-23 13:30:00-04:00,15.960000038146973,16.170000076293945,15.949999809265137,16.09000015258789,767969,0.0,0.0
2023-08-23 14:30:00-04:00,16.09000015258789,16.190000534057617,15.975000381469727,16.190000534057617,716011,0.0,0.0
2023-08-23 15:30:00-04:00,16.184999465942383,16.270000457763672,16.021799087524414,16.100000381469727,1025952,0.0,0.0
2023-08-24 09:30:00-04:00,16.3799991607666,16.420000076293945,14.55049991607666,14.59179973602295,4742526,0.0,0.0
2023-08-24 10:30:00-04:00,14.599499702453613,14.747699737548828,14.300000190734863,14.350000381469727,2204517,0.0,0.0
2023-08-24 11:30:00-04:00,14.34280014038086,14.635000228881836,14.180000305175781,14.595000267028809,1380420,0.0,0.0
2023-08-24 12:30:00-04:00,14.595000267028809,14.845000267028809,14.510000228881836,14.6899995803833,995063,0.0,0.0
2023-08-24 13:30:00-04:00,14.699999809265137,14.895000457763672,14.645000457763672,14.824999809265137,464245,0.0,0.0
2023-08-24 14:30:00-04:00,14.819999694824219,14.875,14.585000038146973,14.65999984741211,781753,0.0,0.0
2023-08-24 15:30:00-04:00,14.65999984741211,14.739999771118164,14.609999656677246,14.614999771118164,835446,0.0,0.0
2023-08-25 09:30:00-04:00,14.65999984741211,15.34000015258789,14.5,14.770000457763672,3471264,0.0,0.0
2023-08-25 10:30:00-04:00,14.760100364685059,14.8100004196167,14.199999809265137,14.448100090026855,2079259,0.0,0.0
2023-08-25 11:30:00-04:00,14.449999809265137,14.640000343322754,14.300000190734863,14.628199577331543,1185657,0.0,0.0
2023-08-25 12:30:00-04:00,14.630000114440918,14.75730037689209,14.470000267028809,14.550000190734863,718951,0.0,0.0
2023-08-25 13:30:00-04:00,14.545000076293945,14.75,14.5,14.710000038146973,649466,0.0,0.0
2023-08-25 14:30:00-04:00,14.720000267028809,14.930000305175781,14.670000076293945,14.859999656677246,798085,0.0,0.0
2023-08-25 15:30:00-04:00,14.859999656677246,14.859999656677246,14.650400161743164,14.670000076293945,888957,0.0,0.0
2023-08-28 09:30:00-04:00,14.859999656677246,15.279999732971191,14.319999694824219,15.20829963684082,2820842,0.0,0.0
2023-08-28 10:30:00-04:00,15.199999809265137,15.430000305175781,15.079999923706055,15.210000038146973,1335584,0.0,0.0
2023-08-28 11:30:00-04:00,15.21500015258789,15.25,14.920000076293945,15.039999961853027,772223,0.0,0.0
2023-08-28 12:30:00-04:00,15.031000137329102,15.329999923706055,15.0,15.270000457763672,629752,0.0,0.0
2023-08-28 13:30:00-04:00,15.270299911499023,15.288700103759766,15.109999656677246,15.211899757385254,411377,0.0,0.0
2023-08-28 14:30:00-04:00,15.21090030670166,15.398799896240234,15.204999923706055,15.255000114440918,785543,0.0,0.0
2023-08-28 15:30:00-04:00,15.239999771118164,15.390000343322754,15.210000038146973,15.25,902427,0.0,0.0
2023-08-29 09:30:00-04:00,15.140000343322754,16.084999084472656,14.951000213623047,16.040000915527344,2746064,0.0,0.0
2023-08-29 10:30:00-04:00,16.040000915527344,16.239999771118164,15.880000114440918,15.9350004196167,2112355,0.0,0.0
2023-08-29 11:30:00-04:00,15.939900398254395,16.290000915527344,15.880000114440918,16.200000762939453,1855822,0.0,0.0
2023-08-29 12:30:00-04:00,16.200000762939453,16.600000381469727,16.15999984741211,16.489999771118164,1875514,0.0,0.0
2023-08-29 13:30:00-04:00,16.489999771118164,16.59830093383789,16.3302001953125,16.375,942192,0.0,0.0
2023-08-29 14:30:00-04:00,16.3799991607666,16.524999618530273,16.3700008392334,16.499099731445312,769074,0.0,0.0
2023-08-29 15:30:00-04:00,16.489999771118164,16.53499984741211,16.3700008392334,16.5,941505,0.0,0.0
2023-08-30 09:30:00-04:00,16.31999969482422,16.920000076293945,16.110000610351562,16.450000762939453,3831464,0.0,0.0
2023-08-30 10:30:00-04:00,16.459999084472656,17.334999084472656,16.454999923706055,17.231000900268555,2741258,0.0,0.0
2023-08-30 11:30:00-04:00,17.235000610351562,17.42840003967285,17.139999389648438,17.31679916381836,1432742,0.0,0.0
2023-08-30 12:30:00-04:00,17.31999969482422,17.389999389648438,16.94099998474121,17.18000030517578,1170645,0.0,0.0
2023-08-30 13:30:00-04:00,17.18000030517578,17.200000762939453,16.809999465942383,16.815000534057617,765942,0.0,0.0
2023-08-30 14:30:00-04:00,16.815000534057617,17.1200008392334,16.809999465942383,17.045000076293945,574533,0.0,0.0
2023-08-30 15:30:00-04:00,17.040000915527344,17.1200008392334,16.989999771118164,17.1200008392334,629060,0.0,0.0
2023-08-31 09:30:00-04:00,17.1200008392334,17.530000686645508,16.889999389648438,17.329999923706055,2573345,0.0,0.0
2023-08-31 10:30:00-04:00,17.31999969482422,17.3799991607666,16.959999084472656,17.110000610351562,969672,0.0,0.0
2023-08-31 11:30:00-04:00,17.110000610351562,17.290000915527344,16.850000381469727,16.8700008392334,866166,0.0,0.0
2023-08-31 12:30:00-04:00,16.8700008392334,17.027999877929688,16.56130027770996,17.020000457763672,973491,0.0,0.0
2023-08-31 13:30:00-04:00,17.018299102783203,17.1299991607666,16.8799991607666,17.059999465942383,441470,0.0,0.0
2023-08-31 14:30:00-04:00,17.059999465942383,17.18000030517578,17.0049991607666,17.145000457763672,510075,0.0,0.0
2023-08-31 15:30:00-04:00,17.139999389648438,17.25,17.100099563598633,17.18000030517578,721433,0.0,0.0
2023-09-01 09:30:00-04:00,17.34000015258789,17.44499969482422,16.530000686645508,17.1299991607666,2770844,0.0,0.0
2023-09-01 10:30:00-04:00,17.1299991607666,17.329999923706055,16.820100784301758,17.290000915527344,1123129,0.0,0.0
2023-09-01 11:30:00-04:00,17.295000076293945,17.479999542236328,17.079999923706055,17.290000915527344,922360,0.0,0.0
2023-09-01 12:30:00-04:00,17.290000915527344,17.350000381469727,17.170000076293945,17.25,618945,0.0,0.0
2023-09-01 13:30:00-04:00,17.24209976196289,17.405000686645508,17.170000076293945,17.309999465942383,385142,0.0,0.0
2023-09-01 14:30:00-04:00,17.308300018310547,17.6200008392334,17.308300018310547,17.579999923706055,942720,0.0,0.0
2023-09-01 15:30:00-04:00,17.579999923706055,17.604999542236328,17.45009994506836,17.489999771118164,767626,0.0,0.0
2023-09-05 09:30:00-04:00,17.280000686645508,18.299999237060547,17.270000457763672,18.094999313354492,3831785,0.0,0.0
2023-09-05 10:30:00-04:00,18.094999313354492,18.440000534057617,17.780000686645508,18.198999404907227,1653673,0.0,0.0
2023-09-05 11:30:00-04:00,18.200000762939453,18.424999237060547,18.06999969482422,18.360000610351562,805823,0.0,0.0
2023-09-05 12:30:00-04:00,18.360000610351562,18.690000534057617,18.231199264526367,18.684999465942383,998374,0.0,0.0
2023-09-05 13:30:00-04:00,18.684999465942383,18.979999542236328,18.670000076293945,18.790000915527344,1873735,0.0,0.0
2023-09-05 14:30:00-04:00,18.789899826049805,18.8700008392334,18.56999969482422,18.844999313354492,1012146,0.0,0.0
2023-09-05 15:30:00-04:00,18.850000381469727,19.06999969482422,18.850000381469727,18.975000381469727,1545506,0.0,0.0
2023-09-06 09:30:00-04:00,18.84000015258789,20.049999237060547,18.6299991607666,18.920000076293945,6810304,0.0,0.0
2023-09-06 10:30:00-04:00,18.91990089416504,19.360000610351562,18.815000534057617,19.342199325561523,1802391,0.0,0.0
2023-09-06 11:30:00-04:00,19.344999313354492,19.43000030517578,19.040000915527344,19.09000015258789,1030093,0.0,0.0
2023-09-06 12:30:00-04:00,19.09000015258789,19.295000076293945,18.93000030517578,19.25,752718,0.0,0.0
2023-09-06 13:30:00-04:00,19.25,19.3700008392334,19.16010093688965,19.329999923706055,607104,0.0,0.0
2023-09-06 14:30:00-04:00,19.325000762939453,19.520000457763672,19.260000228881836,19.399900436401367,836483,0.0,0.0
2023-09-06 15:30:00-04:00,19.399999618530273,19.610000610351562,19.364999771118164,19.58099937438965,1022645,0.0,0.0
2023-09-07 09:30:00-04:00,18.520000457763672,18.520000457763672,16.81999969482422,16.81999969482422,7361703,0.0,0.0
2023-09-07 10:30:00-04:00,16.905000686645508,17.2987003326416,16.600000381469727,16.7549991607666,3112459,0.0,0.0
2023-09-07 11:30:00-04:00,16.760000228881836,17.049999237060547,16.670000076293945,17.010000228881836,1343293,0.0,0.0
2023-09-07 12:30:00-04:00,17.0049991607666,17.295000076293945,16.899999618530273,17.21500015258789,1074810,0.0,0.0
2023-09-07 13:30:00-04:00,17.209999084472656,17.350000381469727,17.05500030517578,17.111499786376953,977230,0.0,0.0
2023-09-07 14:30:00-04:00,17.11989974975586,17.592599868774414,17.110000610351562,17.592599868774414,971099,0.0,0.0
2023-09-07 15:30:00-04:00,17.59000015258789,17.600000381469727,17.40999984741211,17.489999771118164,1015449,0.0,0.0
2023-09-08 09:30:00-04:00,17.600000381469727,18.940000534057617,17.591800689697266,18.690000534057617,5241803,0.0,0.0
2023-09-08 10:30:00-04:00,18.69879913330078,18.760000228881836,18.020000457763672,18.59000015258789,1964819,0.0,0.0
2023-09-08 11:30:00-04:00,18.59000015258789,18.836999893188477,18.485000610351562,18.668100357055664,1088343,0.0,0.0
2023-09-08 12:30:00-04:00,18.670000076293945,19.100000381469727,18.655000686645508,19.09000015258789,1060859,0.0,0.0
2023-09-08 13:30:00-04:00,19.100000381469727,19.270000457763672,18.969999313354492,19.149999618530273,1278084,0.0,0.0
2023-09-08 14:30:00-04:00,19.152299880981445,19.219999313354492,19.0,19.139999389648438,996191,0.0,0.0
2023-09-08 15:30:00-04:00,19.139999389648438,19.350000381469727,19.1299991607666,19.334999084472656,1149116,0.0,0.0
2023-09-11 09:30:00-04:00,19.030000686645508,19.47559928894043,18.760000228881836,19.190000534057617,4527782,0.0,0.0
2023-09-11 10:30:00-04:00,19.190000534057617,19.729999542236328,19.110000610351562,19.579999923706055,2027331,0.0,0.0
2023-09-11 11:30:00-04:00,19.56999969482422,19.770000457763672,19.15999984741211,19.309999465942383,1139403,0.0,0.0
2023-09-11 12:30:00-04:00,19.315000534057617,19.510000228881836,19.110000610351562,19.469999313354492,691697,0.0,0.0
2023-09-11 13:30:00-04:00,19.46500015258789,19.59000015258789,19.40999984741211,19.469900131225586,514510,0.0,0.0
2023-09-11 14:30:00-04:00,19.469999313354492,19.739999771118164,19.450000762939453,19.719999313354492,793094,0.0,0.0
2023-09-11 15:30:00-04:00,19.719999313354492,19.719999313354492,19.584999084472656,19.68000030517578,1007842,0.0,0.0
2023-09-12 09:30:00-04:00,19.209999084472656,21.59000015258789,19.160999298095703,20.770099639892578,9765846,0.0,0.0
2023-09-12 10:30:00-04:00,20.774999618530273,20.774999618530273,19.1200008392334,19.475000381469727,5004605,0.0,0.0
2023-09-12 11:30:00-04:00,19.479999542236328,19.949899673461914,19.450000762939453,19.899900436401367,1878818,0.0,0.0
2023-09-12 12:30:00-04:00,19.899999618530273,20.06999969482422,19.760000228881836,20.012100219726562,1033597,0.0,0.0
2023-09-12 13:30:00-04:00,20.030000686645508,20.239999771118164,19.25,19.354999542236328,1701997,0.0,0.0
2023-09-12 14:30:00-04:00,19.354999542236328,19.5,19.29319953918457,19.459999084472656,708825,0.0,0.0
2023-09-12 15:30:00-04:00,19.469999313354492,19.549999237060547,19.299999237060547,19.309999465942383,937212,0.0,0.0
2023-09-13 09:30:00-04:00,19.3700008392334,19.540000915527344,18.670000076293945,19.48900032043457,4191226,0.0,0.0
2023-09-13 10:30:00-04:00,19.479999542236328,19.959999084472656,19.43000030517578,19.611400604248047,2669287,0.0,0.0
2023-09-13 11:30:00-04:00,19.610000610351562,19.709999084472656,18.719999313354492,18.905000686645508,1847077,0.0,0.0
2023-09-13 12:30:00-04:00,18.90999984741211,19.1299991607666,18.780000686645508,18.979999542236328,1035945,0.0,0.0
2023-09-13 13:30:00-04:00,18.975000381469727,19.149999618530273,18.711700439453125,18.739999771118164,847535,0.0,0.0
2023-09-13 14:30:00-04:00,18.729999542236328,18.809999465942383,18.56999969482422,18.735000610351562,1035889,0.0,0.0
2023-09-13 15:30:00-04:00,18.739999771118164,18.809999465942383,18.665000915527344,18.690000534057617,1061816,0.0,0.0
2023-09-14 09:30:00-04:00,18.649999618530273,19.290000915527344,18.219999313354492,18.344999313354492,3866270,0.0,0.0
2023-09-14 10:30:00-04:00,18.34000015258789,18.948999404907227,18.34000015258789,18.510000228881836,1757403,0.0,0.0
2023-09-14 11:30:00-04:00,18.520000457763672,18.540000915527344,17.940000534057617,17.96500015258789,1874133,0.0,0.0
2023-09-14 12:30:00-04:00,17.96500015258789,18.190000534057617,17.770000457763672,18.014999389648438,1303739,0.0,0.0
2023-09-14 13:30:00-04:00,18.012100219726562,18.170000076293945,17.934999465942383,18.079999923706055,931021,0.0,0.0
2023-09-14 14:30:00-04:00,18.084999084472656,18.309999465942383,18.0,18.030000686645508,1001505,0.0,0.0
2023-09-14 15:30:00-04:00,18.024999618530273,18.114999771118164,17.96500015258789,18.020000457763672,859359,0.0,0.0
2023-09-15 09:30:00-04:00,17.969999313354492,18.06999969482422,16.959999084472656,17.170000076293945,4718625,0.0,0.0
2023-09-15 10:30:00-04:00,17.15999984741211,17.219999313354492,16.809999465942383,16.940000534057617,2239836,0.0,0.0
2023-09-15 11:30:00-04:00,16.940000534057617,17.15999984741211,16.850000381469727,17.10569953918457,1289537,0.0,0.0
2023-09-15 12:30:00-04:00,17.110000610351562,17.209999084472656,16.799999237060547,16.825000762939453,1126060,0.0,0.0
2023-09-15 13:30:00-04:00,16.825000762939453,16.899999618530273,16.750099182128906,16.809200286865234,743203,0.0,0.0
2023-09-15 14:30:00-04:00,16.809999465942383,16.905000686645508,16.75,16.885000228881836,728808,0.0,0.0
2023-09-15 15:30:00-04:00,16.889999389648438,17.100000381469727,16.889999389648438,17.09000015258789,1223896,0.0,0.0
2023-09-18 09:30:00-04:00,17.030000686645508,17.68000030517578,16.7810001373291,16.829999923706055,3498681,0.0,0.0
2023-09-18 10:30:00-04:00,16.829999923706055,16.899999618530273,16.604999542236328,16.869199752807617,1236519,0.0,0.0
2023-09-18 11:30:00-04:00,16.850000381469727,17.020000457763672,16.760000228881836,16.891700744628906,752248,0.0,0.0
2023-09-18 12:30:00-04:00,16.895000457763672,16.980899810791016,16.530000686645508,16.549999237060547,929488,0.0,0.0
2023-09-18 13:30:00-04:00,16.55500030517578,16.614999771118164,16.325000762939453,16.450000762939453,1154178,0.0,0.0
2023-09-18 14:30:00-04:00,16.459999084472656,16.53499984741211,16.264999389648438,16.280000686645508,984040,0.0,0.0
2023-09-18 15:30:00-04:00,16.280000686645508,16.28499984741211,16.079999923706055,16.15999984741211,1519478,0.0,0.0
2023-09-19 09:30:00-04:00,16.350000381469727,16.600000381469727,15.720000267028809,16.136199951171875,3958821,0.0,0.0
2023-09-19 10:30:00-04:00,16.1299991607666,16.170000076293945,15.920000076293945,16.014999389648438,1130753,0.0,0.0
2023-09-19 11:30:00-04:00,16.010000228881836,16.239999771118164,15.944999694824219,15.989999771118164,787400,0.0,0.0
2023-09-19 12:30:00-04:00,15.984999656677246,16.149999618530273,15.880000114440918,16.079999923706055,697227,0.0,0.0
2023-09-19 13:30:00-04:00,16.094999313354492,16.15999984741211,15.979999542236328,15.989999771118164,553528,0.0,0.0
2023-09-19 14:30:00-04:00,15.990099906921387,16.079999923706055,15.84000015258789,15.895000457763672,784656,0.0,0.0
2023-09-19 15:30:00-04:00,15.899999618530273,15.9399995803833,15.729999542236328,15.779999732971191,1250748,0.0,0.0
2023-09-20 09:30:00-04:00,15.949999809265137,16.440000534057617,15.529999732971191,15.577099800109863,3861388,0.0,0.0
2023-09-20 10:30:00-04:00,15.569999694824219,15.649999618530273,15.300000190734863,15.344599723815918,1900397,0.0,0.0
2023-09-20 11:30:00-04:00,15.350000381469727,15.420000076293945,15.269000053405762,15.349499702453613,1162972,0.0,0.0
2023-09-20 12:30:00-04:00,15.34000015258789,15.345000267028809,15.020000457763672,15.1899995803833,1528528,0.0,0.0
2023-09-20 13:30:00-04:00,15.180000305175781,15.229999542236328,14.970000267028809,15.098299980163574,1662822,0.0,0.0
2023-09-20 14:30:00-04:00,15.099499702453613,15.260000228881836,14.869999885559082,15.03499984741211,1631153,0.0,0.0
2023-09-20 15:30:00-04:00,15.039999961853027,15.045000076293945,14.774999618530273,14.800000190734863,1727343,0.0,0.0
2023-09-21 09:30:00-04:00,14.399999618530273,14.649100303649902,13.970000267028809,14.021900177001953,5016507,0.0,0.0
2023-09-21 10:30:00-04:00,14.010000228881836,14.289999961853027,13.829999923706055,13.989999771118164,2204750,0.0,0.0
2023-09-21 11:30:00-04:00,13.979999542236328,14.079999923706055,13.649999618530273,13.779999732971191,1762372,0.0,0.0
2023-09-21 12:30:00-04:00,13.789999961853027,13.880000114440918,13.699999809265137,13.759900093078613,1302340,0.0,0.0
2023-09-21 13:30:00-04:00,13.75,13.770000457763672,13.579999923706055,13.699899673461914,1366636,0.0,0.0
2023-09-21 14:30:00-04:00,13.694999694824219,13.78499984741211,13.510000228881836,13.520000457763672,1408725,0.0,0.0
2023-09-21 15:30:00-04:00,13.520000457763672,13.65999984741211,13.510000228881836,13.520000457763672,1748943,0.0,0.0
2023-09-22 09:30:00-04:00,14.079999923706055,14.359999656677246,13.520000457763672,13.614999771118164,4451170,0.0,0.0
2023-09-22 10:30:00-04:00,13.625,13.9399995803833,13.529999732971191,13.5600004196167,1687107,0.0,0.0
2023-09-22 11:30:00-04:00,13.55049991607666,13.649999618530273,13.510000228881836,13.545000076293945,914583,0.0,0.0
2023-09-22 12:30:00-04:00,13.539999961853027,13.5600004196167,13.180000305175781,13.258299827575684,1272004,0.0,0.0
2023-09-22 13:30:00-04:00,13.25,13.369999885559082,13.1899995803833,13.229999542236328,896921,0.0,0.0
2023-09-22 14:30:00-04:00,13.234999656677246,13.470000267028809,13.229999542236328,13.40999984741211,1133400,0.0,0.0
2023-09-22 15:30:00-04:00,13.40999984741211,13.420000076293945,13.255000114440918,13.279999732971191,942136,0.0,0.0
2023-09-25 09:30:00-04:00,13.210000038146973,13.649999618530273,12.960000038146973,13.210000038146973,3910171,0.0,0.0
2023-09-25 10:30:00-04:00,13.204999923706055,13.520000457763672,13.15999984741211,13.36989974975586,1106242,0.0,0.0
2023-09-25 11:30:00-04:00,13.364999771118164,13.630000114440918,13.300000190734863,13.595000267028809,902513,0.0,0.0
2023-09-25 12:30:00-04:00,13.600000381469727,13.609999656677246,13.380000114440918,13.420000076293945,729797,0.0,0.0
2023-09-25 13:30:00-04:00,13.420000076293945,13.489999771118164,13.359999656677246,13.360300064086914,409178,0.0,0.0
2023-09-25 14:30:00-04:00,13.369999885559082,13.449999809265137,13.300100326538086,13.36989974975586,560488,0.0,0.0
2023-09-25 15:30:00-04:00,13.364999771118164,13.425000190734863,13.329999923706055,13.420000076293945,787833,0.0,0.0
2023-09-26 09:30:00-04:00,13.239999771118164,13.579999923706055,13.104999542236328,13.469900131225586,2354638,0.0,0.0
2023-09-26 10:30:00-04:00,13.460000038146973,13.6899995803833,13.260000228881836,13.274999618530273,1529495,0.0,0.0
2023-09-26 11:30:00-04:00,13.271200180053711,13.399999618530273,13.260000228881836,13.350000381469727,746186,0.0,0.0
2023-09-26 12:30:00-04:00,13.350000381469727,13.369600296020508,13.119999885559082,13.15999984741211,784916,0.0,0.0
2023-09-26 13:30:00-04:00,13.164999961853027,13.225000381469727,13.140000343322754,13.194999694824219,577063,0.0,0.0
2023-09-26 14:30:00-04:00,13.194999694824219,13.220000267028809,13.010000228881836,13.020000457763672,979152,0.0,0.0
2023-09-26 15:30:00-04:00,13.020000457763672,13.100000381469727,12.979999542236328,13.100000381469727,1026200,0.0,0.0
2023-09-27 09:30:00-04:00,13.329999923706055,14.369999885559082,13.25,14.358699798583984,4543757,0.0,0.0
2023-09-27 10:30:00-04:00,14.354999542236328,14.369999885559082,13.979999542236328,14.244999885559082,2655823,0.0,0.0
2023-09-27 11:30:00-04:00,14.249899864196777,14.25,13.84000015258789,13.995499610900879,1547767,0.0,0.0
2023-09-27 12:30:00-04:00,13.989999771118164,14.03969955444336,13.721599578857422,13.75,986878,0.0,0.0
2023-09-27 13:30:00-04:00,13.740099906921387,14.100000381469727,13.649999618530273,14.098899841308594,1325650,0.0,0.0
2023-09-27 14:30:00-04:00,14.100000381469727,14.520000457763672,14.100000381469727,14.4350004196167,1806946,0.0,0.0
2023-09-27 15:30:00-04:00,14.430100440979004,14.4399995803833,14.199999809265137,14.25,1514171,0.0,0.0
2023-09-28 09:30:00-04:00,14.269800186157227,14.850000381469727,13.930000305175781,14.61460018157959,4755047,0.0,0.0
2023-09-28 10:30:00-04:00,14.609999656677246,15.104999542236328,14.4399995803833,14.944999694824219,2986290,0.0,0.0
2023-09-28 11:30:00-04:00,14.94909954071045,15.5,14.890000343322754,15.460000038146973,2447339,0.0,0.0
2023-09-28 12:30:00-04:00,15.46500015258789,15.619999885559082,15.279999732971191,15.4399995803833,2142152,0.0,0.0
2023-09-28 13:30:00-04:00,15.4350004196167,15.5,15.329999923706055,15.45009994506836,818056,0.0,0.0
2023-09-28 14:30:00-04:00,15.454999923706055,15.520000457763672,15.229999542236328,15.444999694824219,956441,0.0,0.0
2023-09-28 15:30:00-04:00,15.4399995803833,15.475000381469727,15.329999923706055,15.380000114440918,1058968,0.0,0.0
2023-09-29 09:30:00-04:00,15.489999771118164,15.875,15.069999694824219,15.305000305175781,4946568,0.0,0.0
2023-09-29 10:30:00-04:00,15.319999694824219,15.720000267028809,15.279999732971191,15.319999694824219,1358719,0.0,0.0
2023-09-29 11:30:00-04:00,15.3100004196167,15.369999885559082,15.069999694824219,15.095000267028809,1581450,0.0,0.0
2023-09-29 12:30:00-04:00,15.09000015258789,15.164999961853027,14.59000015258789,14.779999732971191,2269002,0.0,0.0
2023-09-29 13:30:00-04:00,14.779999732971191,14.920000076293945,14.717900276184082,14.800000190734863,944824,0.0,0.0
2023-09-29 14:30:00-04:00,14.805000305175781,15.079999923706055,14.789999961853027,14.960000038146973,861452,0.0,0.0
2023-09-29 15:30:00-04:00,14.960000038146973,14.989999771118164,14.810199737548828,14.88010025024414,1117157,0.0,0.0
2023-10-02 09:30:00-04:00,14.989999771118164,15.145000457763672,14.670000076293945,14.725000381469727,2512077,0.0,0.0
2023-10-02 10:30:00-04:00,14.720000267028809,15.039999961853027,14.649999618530273,15.0,1163688,0.0,0.0
2023-10-02 11:30:00-04:00,14.996800422668457,15.005000114440918,14.510000228881836,14.66100025177002,1037006,0.0,0.0
2023-10-02 12:30:00-04:00,14.667499542236328,14.730999946594238,14.470000267028809,14.560099601745605,594336,0.0,0.0
2023-10-02 13:30:00-04:00,14.569999694824219,14.760000228881836,14.479999542236328,14.670000076293945,613446,0.0,0.0
2023-10-02 14:30:00-04:00,14.670000076293945,14.75,14.574999809265137,14.680000305175781,492052,0.0,0.0
2023-10-02 15:30:00-04:00,14.6899995803833,14.859999656677246,14.680000305175781,14.8100004196167,920250,0.0,0.0
2023-10-03 09:30:00-04:00,14.470000267028809,14.630000114440918,13.850000381469727,13.960000038146973,3330814,0.0,0.0
2023-10-03 10:30:00-04:00,13.9399995803833,14.050000190734863,13.699999809265137,13.875,1500745,0.0,0.0
2023-10-03 11:30:00-04:00,13.869999885559082,14.109999656677246,13.795000076293945,14.0600004196167,744824,0.0,0.0
2023-10-03 12:30:00-04:00,14.0600004196167,14.172100067138672,14.01140022277832,14.0649995803833,619452,0.0,0.0
2023-10-03 13:30:00-04:00,14.0600004196167,14.09000015258789,13.779999732971191,13.869999885559082,563051,0.0,0.0
2023-10-03 14:30:00-04:00,13.880000114440918,14.029999732971191,13.829999923706055,13.85099983215332,608156,0.0,0.0
2023-10-03 15:30:00-04:00,13.859999656677246,13.979999542236328,13.84000015258789,13.930000305175781,785880,0.0,0.0
2023-10-04 09:30:00-04:00,13.859999656677246,14.320099830627441,13.829999923706055,13.880000114440918,2574540,0.0,0.0
2023-10-04 10:30:00-04:00,13.899999618530273,14.260000228881836,13.885000228881836,14.069999694824219,1217032,0.0,0.0
2023-10-04 11:30:00-04:00,14.069999694824219,14.390000343322754,14.0600004196167,14.3100004196167,1067711,0.0,0.0
2023-10-04 12:30:00-04:00,14.300000190734863,14.670000076293945,14.279999732971191,14.469099998474121,1288309,0.0,0.0
2023-10-04 13:30:00-04:00,14.460000038146973,14.600000381469727,14.399999618530273,14.489999771118164,636096,0.0,0.0
2023-10-04 14:30:00-04:00,14.494999885559082,14.77910041809082,14.46500015258789,14.729999542236328,657838,0.0,0.0
2023-10-04 15:30:00-04:00,14.720000267028809,14.875,14.720000267028809,14.760000228881836,870389,0.0,0.0
2023-10-05 09:30:00-04:00,14.5,14.850000381469727,14.3100004196167,14.571599960327148,1977560,0.0,0.0
2023-10-05 10:30:00-04:00,14.569999694824219,14.579999923706055,14.191200256347656,14.229900360107422,1052651,0.0,0.0
2023-10-05 11:30:00-04:00,14.229900360107422,14.524999618530273,14.170000076293945,14.505000114440918,733160,0.0,0.0
2023-10-05 12:30:00-04:00,14.5,14.539999961853027,14.319999694824219,14.520000457763672,512773,0.0,0.0
2023-10-05 13:30:00-04:00,14.529999732971191,14.749899864196777,14.475000381469727,14.647500038146973,507811,0.0,0.0
2023-10-05 14:30:00-04:00,14.654999732971191,14.869999885559082,14.649999618530273,14.749300003051758,502621,0.0,0.0
2023-10-05 15:30:00-04:00,14.75,14.779999732971191,14.670000076293945,14.670000076293945,518694,0.0,0.0
2023-10-06 09:30:00-04:00,14.390000343322754,14.770000457763672,14.170000076293945,14.729999542236328,2228948,0.0,0.0
2023-10-06 10:30:00-04:00,14.729999542236328,15.010000228881836,14.723199844360352,14.944999694824219,1567309,0.0,0.0
2023-10-06 11:30:00-04:00,14.944999694824219,15.34000015258789,14.944999694824219,15.149999618530273,1685938,0.0,0.0
2023-10-06 12:30:00-04:00,15.151000022888184,15.350000381469727,15.0600004196167,15.29010009765625,773509,0.0,0.0
2023-10-06 13:30:00-04:00,15.289999961853027,15.305000305175781,15.079999923706055,15.164999961853027,590034,0.0,0.0
2023-10-06 14:30:00-04:00,15.15999984741211,15.270000457763672,15.114999771118164,15.229999542236328,617245,0.0,0.0
2023-10-06 15:30:00-04:00,15.239999771118164,15.300000190734863,15.170000076293945,15.300000190734863,686131,0.0,0.0
2023-10-09 09:30:00-04:00,14.420000076293945,15.129799842834473,14.380000114440918,14.880000114440918,3266793,0.0,0.0
2023-10-09 10:30:00-04:00,14.869999885559082,14.890000343322754,14.329999923706055,14.539999961853027,1555452,0.0,0.0
2023-10-09 11:30:00-04:00,14.545000076293945,14.649999618530273,14.359999656677246,14.649999618530273,800212,0.0,0.0
2023-10-09 12:30:00-04:00,14.652000427246094,14.680000305175781,14.489999771118164,14.619999885559082,465012,0.0,0.0
2023-10-09 13:30:00-04:00,14.618200302124023,14.930000305175781,14.600000381469727,14.920000076293945,714035,0.0,0.0
2023-10-09 14:30:00-04:00,14.90999984741211,14.949999809265137,14.579999923706055,14.6850004196167,1131629,0.0,0.0
2023-10-09 15:30:00-04:00,14.680000305175781,14.704700469970703,14.609999656677246,14.640000343322754,700391,0.0,0.0
2023-10-10 09:30:00-04:00,14.739999771118164,15.970000267028809,14.710000038146973,15.9350004196167,3997281,0.0,0.0
2023-10-10 10:30:00-04:00,15.930100440979004,16.229999542236328,15.829999923706055,16.190000534057617,2660716,0.0,0.0
2023-10-10 11:30:00-04:00,16.190099716186523,16.3799991607666,15.859999656677246,15.890000343322754,1902177,0.0,0.0
2023-10-10 12:30:00-04:00,15.885000228881836,15.960000038146973,15.449999809265137,15.630000114440918,1604430,0.0,0.0
2023-10-10 13:30:00-04:00,15.619999885559082,15.930000305175781,15.5600004196167,15.779999732971191,950368,0.0,0.0
2023-10-10 14:30:00-04:00,15.777299880981445,16.045000076293945,15.760000228881836,15.970000267028809,878061,0.0,0.0
2023-10-10 15:30:00-04:00,15.960000038146973,16.084999084472656,15.920000076293945,16.010000228881836,988092,0.0,0.0
2023-10-11 09:30:00-04:00,16.190000534057617,16.600000381469727,15.710000038146973,16.05299949645996,3844571,0.0,0.0
2023-10-11 10:30:00-04:00,16.049999237060547,16.28499984741211,15.744999885559082,15.75,1360595,0.0,0.0
2023-10-11 11:30:00-04:00,15.760000228881836,15.8149995803833,15.329999923706055,15.549699783325195,1562631,0.0,0.0
2023-10-11 12:30:00-04:00,15.541600227355957,15.654999732971191,15.420000076293945,15.515000343322754,665870,0.0,0.0
2023-10-11 13:30:00-04:00,15.510000228881836,15.800000190734863,15.319999694824219,15.720000267028809,940142,0.0,0.0
2023-10-11 14:30:00-04:00,15.71500015258789,15.76990032196045,15.539999961853027,15.675000190734863,500350,0.0,0.0
2023-10-11 15:30:00-04:00,15.670000076293945,15.725000381469727,15.550000190734863,15.6899995803833,825867,0.0,0.0
2023-10-12 09:30:00-04:00,15.779999732971191,16.229999542236328,15.050000190734863,15.739999771118164,3728778,0.0,0.0
2023-10-12 10:30:00-04:00,15.744999885559082,15.96500015258789,15.640199661254883,15.84000015258789,1213443,0.0,0.0
2023-10-12 11:30:00-04:00,15.835000038146973,15.920000076293945,15.78499984741211,15.890000343322754,599241,0.0,0.0
2023-10-12 12:30:00-04:00,15.890000343322754,15.9399995803833,15.345000267028809,15.389300346374512,957117,0.0,0.0
2023-10-12 13:30:00-04:00,15.390000343322754,15.430100440979004,14.970000267028809,15.244999885559082,1658751,0.0,0.0
2023-10-12 14:30:00-04:00,15.234999656677246,15.429900169372559,15.220800399780273,15.270000457763672,759257,0.0,0.0
2023-10-12 15:30:00-04:00,15.279999732971191,15.34000015258789,15.180000305175781,15.199999809265137,607418,0.0,0.0
2023-10-13 09:30:00-04:00,15.010000228881836,15.229999542236328,14.760000228881836,14.829400062561035,2320537,0.0,0.0
2023-10-13 10:30:00-04:00,14.819999694824219,14.9399995803833,14.609999656677246,14.625,1086568,0.0,0.0
2023-10-13 11:30:00-04:00,14.62720012664795,14.705599784851074,14.479999542236328,14.640000343322754,836598,0.0,0.0
2023-10-13 12:30:00-04:00,14.645000457763672,14.829999923706055,14.399999618530273,14.40999984741211,895687,0.0,0.0
2023-10-13 13:30:00-04:00,14.401599884033203,14.50790023803711,14.1850004196167,14.25,1016190,0.0,0.0
2023-10-13 14:30:00-04:00,14.260000228881836,14.489999771118164,14.255000114440918,14.369999885559082,1036456,0.0,0.0
2023-10-13 15:30:00-04:00,14.369999885559082,14.399999618530273,14.260000228881836,14.300000190734863,895232,0.0,0.0
2023-10-16 09:30:00-04:00,14.199999809265137,14.695599555969238,14.020000457763672,14.6899995803833,2607245,0.0,0.0
2023-10-16 10:30:00-04:00,14.687999725341797,14.729999542236328,14.429900169372559,14.555000305175781,978642,0.0,0.0
2023-10-16 11:30:00-04:00,14.559900283813477,14.699999809265137,14.40999984741211,14.680000305175781,661903,0.0,0.0
2023-10-16 12:30:00-04:00,14.673100471496582,14.766300201416016,14.475000381469727,14.56820011138916,637405,0.0,0.0
2023-10-16 13:30:00-04:00,14.569999694824219,14.699999809265137,14.550000190734863,14.555000305175781,503217,0.0,0.0
2023-10-16 14:30:00-04:00,14.559900283813477,14.600000381469727,14.460800170898438,14.479299545288086,524735,0.0,0.0
2023-10-16 15:30:00-04:00,14.479999542236328,14.510000228881836,14.359999656677246,14.399999618530273,612280,0.0,0.0
2023-10-17 09:30:00-04:00,14.119999885559082,14.354999542236328,13.8100004196167,14.305000305175781,2561096,0.0,0.0
2023-10-17 10:30:00-04:00,14.300000190734863,14.604999542236328,14.241700172424316,14.5,1013040,0.0,0.0
2023-10-17 11:30:00-04:00,14.510000228881836,14.65999984741211,14.380800247192383,14.600000381469727,803431,0.0,0.0
2023-10-17 12:30:00-04:00,14.595000267028809,14.70989990234375,14.490099906921387,14.614999771118164,551194,0.0,0.0
2023-10-17 13:30:00-04:00,14.604999542236328,14.609999656677246,14.385000228881836,14.500100135803223,449321,0.0,0.0
2023-10-17 14:30:00-04:00,14.5,14.604999542236328,14.34000015258789,14.414999961853027,630743,0.0,0.0
2023-10-17 15:30:00-04:00,14.414999961853027,14.444999694824219,14.350000381469727,14.385000228881836,594817,0.0,0.0
2023-10-18 09:30:00-04:00,14.180000305175781,14.529999732971191,13.979999542236328,14.09000015258789,2158960,0.0,0.0
2023-10-18 10:30:00-04:00,14.079999923706055,14.100000381469727,13.8100004196167,14.029999732971191,1295582,0.0,0.0
2023-10-18 11:30:00-04:00,14.039999961853027,14.059499740600586,13.78499984741211,13.835000038146973,807771,0.0,0.0
2023-10-18 12:30:00-04:00,13.835000038146973,13.84000015258789,13.510000228881836,13.75,1264091,0.0,0.0
2023-10-18 13:30:00-04:00,13.760000228881836,13.765000343322754,13.5649995803833,13.667799949645996,658777,0.0,0.0
2023-10-18 14:30:00-04:00,13.65999984741211,13.739999771118164,13.609999656677246,13.71500015258789,666291,0.0,0.0
2023-10-18 15:30:00-04:00,13.71500015258789,13.739899635314941,13.619999885559082,13.6899995803833,696907,0.0,0.0
2023-10-19 09:30:00-04:00,13.789999961853027,14.069999694824219,13.569999694824219,13.699999809265137,2040874,0.0,0.0
2023-10-19 10:30:00-04:00,13.694999694824219,13.890199661254883,13.329999923706055,13.479999542236328,1637685,0.0,0.0
2023-10-19 11:30:00-04:00,13.479999542236328,13.800000190734863,13.4399995803833,13.720000267028809,901924,0.0,0.0
2023-10-19 12:30:00-04:00,13.720000267028809,13.805000305175781,13.454999923706055,13.800000190734863,848407,0.0,0.0
2023-10-19 13:30:00-04:00,13.758199691772461,13.770000457763672,13.579999923706055,13.637800216674805,557916,0.0,0.0
2023-10-19 14:30:00-04:00,13.630000114440918,13.630000114440918,13.44849967956543,13.510000228881836,645203,0.0,0.0
2023-10-19 15:30:00-04:00,13.515000343322754,13.625,13.470000267028809,13.470000267028809,628713,0.0,0.0
2023-10-20 09:30:00-04:00,13.289999961853027,13.520000457763672,13.060400009155273,13.060400009155273,1877583,0.0,0.0
2023-10-20 10:30:00-04:00,13.0600004196167,13.125,12.699999809265137,12.819999694824219,2177072,0.0,0.0
2023-10-20 11:30:00-04:00,12.824999809265137,12.938400268554688,12.729999542236328,12.861700057983398,930203,0.0,0.0
2023-10-20 12:30:00-04:00,12.869600296020508,13.119999885559082,12.859999656677246,13.069499969482422,1142584,0.0,0.0
2023-10-20 13:30:00-04:00,13.069999694824219,13.149999618530273,12.84000015258789,12.869999885559082,547426,0.0,0.0
2023-10-20 14:30:00-04:00,12.859999656677246,12.880000114440918,12.515000343322754,12.54990005493164,1488278,0.0,0.0
2023-10-20 15:30:00-04:00,12.545000076293945,12.670000076293945,12.545000076293945,12.59000015258789,901490,0.0,0.0
2023-10-23 09:30:00-04:00,12.380000114440918,12.595000267028809,11.829999923706055,12.479999542236328,4836541,0.0,0.0
2023-10-23 10:30:00-04:00,12.489999771118164,12.729999542236328,12.371600151062012,12.654999732971191,1322448,0.0,0.0
2023-10-23 11:30:00-04:00,12.649999618530273,12.725000381469727,12.579999923706055,12.670000076293945,776322,0.0,0.0
2023-10-23 12:30:00-04:00,12.677000045776367,12.879500389099121,12.619999885559082,12.704999923706055,964046,0.0,0.0
2023-10-23 13:30:00-04:00,12.680000305175781,12.859999656677246,12.680000305175781,12.779999732971191,583952,0.0,0.0
2023-10-23 14:30:00-04:00,12.779999732971191,12.84000015258789,12.680000305175781,12.725000381469727,741170,0.0,0.0
2023-10-23 15:30:00-04:00,12.720000267028809,12.744999885559082,12.619999885559082,12.630000114440918,764796,0.0,0.0
2023-10-24 09:30:00-04:00,11.130000114440918,11.800000190734863,11.069999694824219,11.621000289916992,8325933,0.0,0.0
2023-10-24 10:30:00-04:00,11.628800392150879,11.829999923706055,11.39009952545166,11.39009952545166,2376239,0.0,0.0
2023-10-24 11:30:00-04:00,11.390000343322754,11.470000267028809,11.199999809265137,11.229999542236328,1403763,0.0,0.0
2023-10-24 12:30:00-04:00,11.220000267028809,11.270000457763672,10.910099983215332,11.079999923706055,2047457,0.0,0.0
2023-10-24 13:30:00-04:00,11.081700325012207,11.220000267028809,11.000100135803223,11.18970012664795,992538,0.0,0.0
2023-10-24 14:30:00-04:00,11.1850004196167,11.220000267028809,10.979999542236328,10.994999885559082,1435618,0.0,0.0
2023-10-24 15:30:00-04:00,10.994999885559082,11.039999961853027,10.979999542236328,11.005000114440918,1340458,0.0,0.0
2023-10-25 09:30:00-04:00,11.149999618530273,11.210000038146973,10.539999961853027,10.614999771118164,4416711,0.0,0.0
2023-10-25 10:30:00-04:00,10.609999656677246,10.6899995803833,10.494999885559082,10.600000381469727,1981393,0.0,0.0
2023-10-25 11:30:00-04:00,10.600000381469727,10.619999885559082,10.420100212097168,10.484999656677246,1121717,0.0,0.0
2023-10-25 12:30:00-04:00,10.489899635314941,10.53499984741211,10.369999885559082,10.45989990234375,890090,0.0,0.0
2023-10-25 13:30:00-04:00,10.449999809265137,10.479999542236328,10.340999603271484,10.418999671936035,867616,0.0,0.0
2023-10-25 14:30:00-04:00,10.420000076293945,10.4399995803833,10.270000457763672,10.3149995803833,1937326,0.0,0.0
2023-10-25 15:30:00-04:00,10.319999694824219,10.399999618530273,10.29010009765625,10.390000343322754,1187930,0.0,0.0
2023-10-26 09:30:00-04:00,10.289999961853027,10.449999809265137,9.90999984741211,10.109999656677246,3945396,0.0,0.0
2023-10-26 10:30:00-04:00,10.109999656677246,10.229999542236328,9.952199935913086,10.017000198364258,1982275,0.0,0.0
2023-10-26 11:30:00-04:00,10.010000228881836,10.119999885559082,9.920100212097168,9.9350004196167,1231941,0.0,0.0
2023-10-26 12:30:00-04:00,9.9399995803833,10.020000457763672,9.850000381469727,9.954999923706055,1406145,0.0,0.0
2023-10-26 13:30:00-04:00,9.949999809265137,10.100000381469727,9.914999961853027,10.055000305175781,902059,0.0,0.0
2023-10-26 14:30:00-04:00,10.055000305175781,10.229999542236328,10.039999961853027,10.069999694824219,1165672,0.0,0.0
2023-10-26 15:30:00-04:00,10.069999694824219,10.089900016784668,9.90999984741211,9.920000076293945,1319340,0.0,0.0
2023-10-27 09:30:00-04:00,10.199999809265137,10.388699531555176,10.0600004196167,10.274999618530273,2663511,0.0,0.0
2023-10-27 10:30:00-04:00,10.270000457763672,10.390000343322754,10.14009952545166,10.350000381469727,1313635,0.0,0.0
2023-10-27 11:30:00-04:00,10.350000381469727,10.354999542236328,10.210000038146973,10.234700202941895,672818,0.0,0.0
2023-10-27 12:30:00-04:00,10.239800453186035,10.3100004196167,10.100000381469727,10.140000343322754,716946,0.0,0.0
2023-10-27 13:30:00-04:00,10.145000457763672,10.210000038146973,10.110099792480469,10.154999732971191,615946,0.0,0.0
2023-10-27 14:30:00-04:00,10.154999732971191,10.270000457763672,10.145000457763672,10.255000114440918,743826,0.0,0.0
2023-10-27 15:30:00-04:00,10.25,10.25,10.100000381469727,10.140000343322754,912375,0.0,0.0
2023-10-30 09:30:00-04:00,10.399999618530273,10.429800033569336,9.760100364685059,9.774999618530273,3862904,0.0,0.0
2023-10-30 10:30:00-04:00,9.770000457763672,9.800000190734863,9.520000457763672,9.550000190734863,2270468,0.0,0.0
2023-10-30 11:30:00-04:00,9.539999961853027,9.600000381469727,9.449999809265137,9.46500015258789,1648071,0.0,0.0
2023-10-30 12:30:00-04:00,9.469900131225586,9.5,9.350000381469727,9.454999923706055,1234981,0.0,0.0
2023-10-30 13:30:00-04:00,9.449999809265137,9.579999923706055,9.4399995803833,9.569999694824219,775562,0.0,0.0
2023-10-30 14:30:00-04:00,9.574999809265137,9.670000076293945,9.569999694824219,9.625,774877,0.0,0.0
2023-10-30 15:30:00-04:00,9.630000114440918,9.635000228881836,9.479999542236328,9.5,1230266,0.0,0.0
2023-10-31 09:30:00-04:00,9.460000038146973,9.60990047454834,9.229999542236328,9.515000343322754,2482255,0.0,0.0
2023-10-31 10:30:00-04:00,9.510000228881836,9.720000267028809,9.4350004196167,9.5649995803833,1009904,0.0,0.0
2023-10-31 11:30:00-04:00,9.569999694824219,9.657899856567383,9.460000038146973,9.494999885559082,877377,0.0,0.0
2023-10-31 12:30:00-04:00,9.5,9.559900283813477,9.449999809265137,9.479999542236328,569901,0.0,0.0
2023-10-31 13:30:00-04:00,9.487000465393066,9.587200164794922,9.460000038146973,9.53499984741211,449968,0.0,0.0
2023-10-31 14:30:00-04:00,9.529999732971191,9.720000267028809,9.524999618530273,9.680000305175781,750254,0.0,0.0
2023-10-31 15:30:00-04:00,9.680000305175781,9.6899995803833,9.625,9.630000114440918,709768,0.0,0.0
2023-11-01 09:30:00-04:00,9.729999542236328,9.938400268554688,9.600000381469727,9.8149995803833,1830638,0.0,0.0
2023-11-01 10:30:00-04:00,9.81149959564209,10.15999984741211,9.8100004196167,9.954999923706055,1680793,0.0,0.0
2023-11-01 11:30:00-04:00,9.960000038146973,10.145000457763672,9.949999809265137,9.96500015258789,934167,0.0,0.0
2023-11-01 12:30:00-04:00,9.970000267028809,10.0600004196167,9.854999542236328,10.039999961853027,714275,0.0,0.0
2023-11-01 13:30:00-04:00,10.039999961853027,10.085000038146973,9.9399995803833,9.989999771118164,731279,0.0,0.0
2023-11-01 14:30:00-04:00,10.0,10.119999885559082,9.890000343322754,10.095000267028809,1270354,0.0,0.0
2023-11-01 15:30:00-04:00,10.095000267028809,10.289999961853027,10.079999923706055,10.220000267028809,1319369,0.0,0.0
2023-11-02 09:30:00-04:00,10.920000076293945,11.34000015258789,10.75,10.939900398254395,4970617,0.0,0.0
2023-11-02 10:30:00-04:00,10.93179988861084,11.149999618530273,10.789999961853027,11.045000076293945,1857288,0.0,0.0
2023-11-02 11:30:00-04:00,11.045000076293945,11.25,10.979999542236328,11.140000343322754,1125962,0.0,0.0
2023-11-02 12:30:00-04:00,11.130000114440918,11.220000267028809,11.104999542236328,11.111700057983398,782858,0.0,0.0
2023-11-02 13:30:00-04:00,11.119999885559082,11.130000114440918,11.029999732971191,11.039999961853027,648891,0.0,0.0
2023-11-02 14:30:00-04:00,11.041799545288086,11.109000205993652,11.0,11.024999618530273,687662,0.0,0.0
2023-11-02 15:30:00-04:00,11.024999618530273,11.1899995803833,11.020000457763672,11.13010025024414,1225082,0.0,0.0
2023-11-03 09:30:00-04:00,11.239999771118164,12.09000015258789,11.239999771118164,11.390000343322754,4293732,0.0,0.0
2023-11-03 10:30:00-04:00,11.395000457763672,11.710000038146973,11.369999885559082,11.59000015258789,1555233,0.0,0.0
2023-11-03 11:30:00-04:00,11.59000015258789,11.71500015258789,11.569999694824219,11.670000076293945,629663,0.0,0.0
2023-11-03 12:30:00-04:00,11.680000305175781,11.767999649047852,11.430000305175781,11.479999542236328,773268,0.0,0.0
2023-11-03 13:30:00-04:00,11.489999771118164,11.59000015258789,11.399999618530273,11.588600158691406,589607,0.0,0.0
2023-11-03 14:30:00-04:00,11.586700439453125,11.630000114440918,11.539999961853027,11.579999923706055,615499,0.0,0.0
2023-11-03 15:30:00-04:00,11.585000038146973,11.59000015258789,11.524999618530273,11.585000038146973,796259,0.0,0.0
2023-11-06 09:30:00-05:00,11.8100004196167,11.920000076293945,11.149999618530273,11.210000038146973,2985495,0.0,0.0
2023-11-06 10:30:00-05:00,11.21500015258789,11.475000381469727,11.21500015258789,11.321999549865723,862575,0.0,0.0
2023-11-06 11:30:00-05:00,11.320599555969238,11.380900382995605,11.220000267028809,11.244999885559082,431551,0.0,0.0
2023-11-06 12:30:00-05:00,11.241600036621094,11.295000076293945,11.010499954223633,11.050000190734863,675829,0.0,0.0
2023-11-06 13:30:00-05:00,11.041000366210938,11.145000457763672,10.979999542236328,11.029999732971191,573549,0.0,0.0
2023-11-06 14:30:00-05:00,11.029999732971191,11.220000267028809,10.969400405883789,11.180000305175781,623549,0.0,0.0
2023-11-06 15:30:00-05:00,11.1899995803833,11.210000038146973,11.135000228881836,11.210000038146973,541823,0.0,0.0
2023-11-07 09:30:00-05:00,11.1899995803833,11.460000038146973,11.030099868774414,11.359999656677246,1713179,0.0,0.0
2023-11-07 10:30:00-05:00,11.350000381469727,11.609999656677246,11.335000038146973,11.444999694824219,951988,0.0,0.0
2023-11-07 11:30:00-05:00,11.442500114440918,11.510000228881836,11.300000190734863,11.3149995803833,495835,0.0,0.0
2023-11-07 12:30:00-05:00,11.319999694824219,11.430000305175781,11.279999732971191,11.350000381469727,451414,0.0,0.0
2023-11-07 13:30:00-05:00,11.350000381469727,11.5,11.350000381469727,11.369999885559082,518582,0.0,0.0
2023-11-07 14:30:00-05:00,11.380000114440918,11.5,11.380000114440918,11.489999771118164,596931,0.0,0.0
2023-11-07 15:30:00-05:00,11.494999885559082,11.529999732971191,11.449999809265137,11.470000267028809,846026,0.0,0.0
2023-11-08 09:30:00-05:00,11.5600004196167,11.569999694824219,11.25,11.251099586486816,1597004,0.0,0.0
2023-11-08 10:30:00-05:00,11.25,11.380000114440918,11.220000267028809,11.244999885559082,952301,0.0,0.0
2023-11-08 11:30:00-05:00,11.239999771118164,11.319899559020996,11.104999542236328,11.199799537658691,775238,0.0,0.0
2023-11-08 12:30:00-05:00,11.194999694824219,11.319999694824219,11.15999984741211,11.304300308227539,517195,0.0,0.0
2023-11-08 13:30:00-05:00,11.305000305175781,11.414999961853027,11.305000305175781,11.394700050354004,591517,0.0,0.0
2023-11-08 14:30:00-05:00,11.395000457763672,11.470000267028809,11.362700462341309,11.454999923706055,719828,0.0,0.0
2023-11-08 15:30:00-05:00,11.449999809265137,11.460000038146973,11.354999542236328,11.414999961853027,1165893,0.0,0.0
2023-11-09 09:30:00-05:00,11.180000305175781,12.579999923706055,10.90999984741211,12.395000457763672,7549641,0.0,0.0
2023-11-09 10:30:00-05:00,12.399999618530273,12.419899940490723,11.859999656677246,11.869999885559082,1899071,0.0,0.0
2023-11-09 11:30:00-05:00,11.871899604797363,12.050000190734863,11.350000381469727,11.38010025024414,1651161,0.0,0.0
2023-11-09 12:30:00-05:00,11.380000114440918,11.65999984741211,11.369999885559082,11.5,1197929,0.0,0.0
2023-11-09 13:30:00-05:00,11.475000381469727,11.569999694824219,11.100000381469727,11.204999923706055,1090309,0.0,0.0
2023-11-09 14:30:00-05:00,11.199999809265137,11.385000228881836,11.020000457763672,11.300000190734863,1140016,0.0,0.0
2023-11-09 15:30:00-05:00,11.300000190734863,11.34000015258789,11.149999618530273,11.229999542236328,1061061,0.0,0.0
2023-11-10 09:30:00-05:00,11.0600004196167,11.130000114440918,10.329999923706055,10.34000015258789,3778194,0.0,0.0
2023-11-10 10:30:00-05:00,10.34000015258789,10.59000015258789,10.149999618530273,10.380000114440918,2699000,0.0,0.0
2023-11-10 11:30:00-05:00,10.38010025024414,10.489899635314941,10.260000228881836,10.350000381469727,1237666,0.0,0.0
2023-11-10 12:30:00-05:00,10.35949993133545,10.670000076293945,10.329999923706055,10.619999885559082,1086199,0.0,0.0
2023-11-10 13:30:00-05:00,10.619999885559082,10.708800315856934,10.529999732971191,10.620100021362305,739797,0.0,0.0
2023-11-10 14:30:00-05:00,10.619999885559082,10.725000381469727,10.539999961853027,10.65999984741211,795947,0.0,0.0
2023-11-10 15:30:00-05:00,10.65880012512207,10.675000190734863,10.585000038146973,10.670000076293945,1064000,0.0,0.0
2023-11-13 09:30:00-05:00,10.59000015258789,11.380000114440918,10.529999732971191,11.329999923706055,2930206,0.0,0.0
2023-11-13 10:30:00-05:00,11.329999923706055,11.585000038146973,11.130000114440918,11.449999809265137,1981597,0.0,0.0
2023-11-13 11:30:00-05:00,11.444999694824219,11.569999694824219,11.399999618530273,11.420000076293945,961839,0.0,0.0
2023-11-13 12:30:00-05:00,11.411399841308594,11.522700309753418,11.370100021362305,11.520000457763672,617628,0.0,0.0
2023-11-13 13:30:00-05:00,11.520000457763672,11.720000267028809,11.489999771118164,11.6850004196167,773257,0.0,0.0
2023-11-13 14:30:00-05:00,11.682499885559082,11.71500015258789,11.59000015258789,11.670000076293945,642920,0.0,0.0
2023-11-13 15:30:00-05:00,11.670000076293945,11.739999771118164,11.515000343322754,11.550000190734863,1618309,0.0,0.0
2023-11-14 09:30:00-05:00,11.869999885559082,12.180000305175781,11.65999984741211,11.920000076293945,3481529,0.0,0.0
2023-11-14 10:30:00-05:00,11.928500175476074,12.140000343322754,11.890000343322754,12.130000114440918,1283677,0.0,0.0
2023-11-14 11:30:00-05:00,12.130000114440918,12.380000114440918,12.100000381469727,12.229999542236328,1314116,0.0,0.0
2023-11-14 12:30:00-05:00,12.229999542236328,12.470000267028809,12.229999542236328,12.4399995803833,956472,0.0,0.0
2023-11-14 13:30:00-05:00,12.444999694824219,12.53499984741211,12.359999656677246,12.529999732971191,692063,0.0,0.0
2023-11-14 14:30:00-05:00,12.529999732971191,12.694999694824219,12.484999656677246,12.6899995803833,962828,0.0,0.0
2023-11-14 15:30:00-05:00,12.6899995803833,12.734999656677246,12.640000343322754,12.699999809265137,1006241,0.0,0.0
2023-11-15 09:30:00-05:00,12.8100004196167,13.270000457763672,12.279999732971191,13.208800315856934,4035054,0.0,0.0
2023-11-15 10:30:00-05:00,13.210000038146973,13.579999923706055,13.210000038146973,13.569999694824219,2080278,0.0,0.0
2023-11-15 11:30:00-05:00,13.5600004196167,13.5600004196167,12.930000305175781,13.029999732971191,1516359,0.0,0.0
2023-11-15 12:30:00-05:00,13.029999732971191,13.140000343322754,12.8100004196167,13.029999732971191,1273383,0.0,0.0
2023-11-15 13:30:00-05:00,13.03499984741211,13.100000381469727,12.930000305175781,13.029899597167969,872533,0.0,0.0
2023-11-15 14:30:00-05:00,13.029999732971191,13.114999771118164,12.970000267028809,12.975000381469727,898323,0.0,0.0
2023-11-15 15:30:00-05:00,12.970000267028809,13.020000457763672,12.9399995803833,13.0,957887,0.0,0.0
2023-11-16 09:30:00-05:00,12.789999961853027,12.789999961853027,12.180000305175781,12.430000305175781,2488073,0.0,0.0
2023-11-16 10:30:00-05:00,12.4399995803833,12.539899826049805,12.060099601745605,12.279000282287598,1253735,0.0,0.0
2023-11-16 11:30:00-05:00,12.274999618530273,12.425000190734863,12.140299797058105,12.398799896240234,574251,0.0,0.0
2023-11-16 12:30:00-05:00,12.399999618530273,12.447500228881836,12.199999809265137,12.239800453186035,543701,0.0,0.0
2023-11-16 13:30:00-05:00,12.229999542236328,12.279999732971191,12.1850004196167,12.239999771118164,382364,0.0,0.0
2023-11-16 14:30:00-05:00,12.229999542236328,12.369199752807617,12.225000381469727,12.3100004196167,360219,0.0,0.0
2023-11-16 15:30:00-05:00,12.305000305175781,12.305000305175781,12.125,12.199999809265137,702855,0.0,0.0
2023-11-17 09:30:00-05:00,12.4399995803833,12.850000381469727,12.369999885559082,12.729999542236328,2403488,0.0,0.0
2023-11-17 10:30:00-05:00,12.720000267028809,12.734399795532227,12.34000015258789,12.385000228881836,978458,0.0,0.0
2023-11-17 11:30:00-05:00,12.380000114440918,12.470100402832031,12.270000457763672,12.390000343322754,755197,0.0,0.0
2023-11-17 12:30:00-05:00,12.390000343322754,12.579999923706055,12.31719970703125,12.579999923706055,561846,0.0,0.0
2023-11-17 13:30:00-05:00,12.579999923706055,12.75,12.569999694824219,12.699999809265137,595016,0.0,0.0
2023-11-17 14:30:00-05:00,12.699999809265137,12.800000190734863,12.670000076293945,12.720000267028809,571417,0.0,0.0
2023-11-17 15:30:00-05:00,12.720000267028809,12.720000267028809,12.609999656677246,12.6899995803833,717175,0.0,0.0
2023-11-20 09:30:00-05:00,12.859999656677246,13.289999961853027,12.859999656677246,13.09000015258789,2132413,0.0,0.0
2023-11-20 10:30:00-05:00,13.100000381469727,13.239999771118164,12.975000381469727,13.050000190734863,784847,0.0,0.0
2023-11-20 11:30:00-05:00,13.050800323486328,13.088000297546387,12.899999618530273,13.039999961853027,549118,0.0,0.0
2023-11-20 12:30:00-05:00,13.039999961853027,13.140000343322754,12.979999542236328,13.048999786376953,457777,0.0,0.0
2023-11-20 13:30:00-05:00,13.039999961853027,13.079999923706055,12.800000190734863,12.829999923706055,532738,0.0,0.0
2023-11-20 14:30:00-05:00,12.829999923706055,12.960000038146973,12.75,12.765000343322754,674757,0.0,0.0
2023-11-20 15:30:00-05:00,12.768799781799316,12.850000381469727,12.75,12.850000381469727,584625,0.0,0.0
2023-11-21 09:30:00-05:00,12.569999694824219,12.59000015258789,12.170000076293945,12.265000343322754,2264124,0.0,0.0
2023-11-21 10:30:00-05:00,12.260100364685059,12.335000038146973,12.1899995803833,12.3100004196167,577908,0.0,0.0
2023-11-21 11:30:00-05:00,12.3149995803833,12.523900032043457,12.280200004577637,12.51200008392334,597498,0.0,0.0
2023-11-21 12:30:00-05:00,12.519399642944336,12.550000190734863,12.260000228881836,12.3100004196167,432538,0.0,0.0
2023-11-21 13:30:00-05:00,12.300000190734863,12.420000076293945,12.260299682617188,12.404999732971191,327939,0.0,0.0
2023-11-21 14:30:00-05:00,12.40999984741211,12.430000305175781,12.335000038146973,12.345000267028809,339699,0.0,0.0
2023-11-21 15:30:00-05:00,12.350000381469727,12.380000114440918,12.265000343322754,12.279999732971191,471550,0.0,0.0
2023-11-22 09:30:00-05:00,12.529999732971191,13.380000114440918,12.21500015258789,12.414999961853027,4173188,0.0,0.0
2023-11-22 10:30:00-05:00,12.411199569702148,12.5600004196167,12.34000015258789,12.5,709075,0.0,0.0
2023-11-22 11:30:00-05:00,12.510000228881836,12.630000114440918,12.489999771118164,12.600000381469727,432572,0.0,0.0
2023-11-22 12:30:00-05:00,12.600000381469727,12.720000267028809,12.538200378417969,12.585000038146973,479482,0.0,0.0
2023-11-22 13:30:00-05:00,12.59000015258789,12.619999885559082,12.40999984741211,12.40999984741211,322434,0.0,0.0
2023-11-22 14:30:00-05:00,12.414999961853027,12.449999809265137,12.324999809265137,12.419899940490723,438485,0.0,0.0
2023-11-22 15:30:00-05:00,12.420000076293945,12.4399995803833,12.390000343322754,12.42870044708252,510404,0.0,0.0
2023-11-24 09:30:00-05:00,12.460000038146973,12.5,12.079999923706055,12.371899604797363,1545349,0.0,0.0
2023-11-24 10:30:00-05:00,12.369999885559082,12.430000305175781,12.210000038146973,12.354999542236328,630826,0.0,0.0
2023-11-24 11:30:00-05:00,12.354999542236328,12.430000305175781,12.31190013885498,12.40999984741211,373683,0.0,0.0
2023-11-27 09:30:00-05:00,12.1899995803833,12.600000381469727,12.029999732971191,12.319999694824219,1830596,0.0,0.0
2023-11-27 10:30:00-05:00,12.319999694824219,12.444999694824219,12.260000228881836,12.345000267028809,510910,0.0,0.0
2023-11-27 11:30:00-05:00,12.346599578857422,12.504300117492676,12.34000015258789,12.480899810791016,337311,0.0,0.0
2023-11-27 12:30:00-05:00,12.48009967803955,12.493900299072266,12.149999618530273,12.149999618530273,618094,0.0,0.0
2023-11-27 13:30:00-05:00,12.149999618530273,12.220000267028809,12.081000328063965,12.154999732971191,569585,0.0,0.0
2023-11-27 14:30:00-05:00,12.154999732971191,12.210000038146973,12.069999694824219,12.140000343322754,693594,0.0,0.0
2023-11-27 15:30:00-05:00,12.140000343322754,12.15999984741211,12.09000015258789,12.09000015258789,731805,0.0,0.0
2023-11-28 09:30:00-05:00,12.039999961853027,12.270000457763672,11.6899995803833,11.850000381469727,2383060,0.0,0.0
2023-11-28 10:30:00-05:00,11.850000381469727,12.079999923706055,11.789999961853027,12.010000228881836,1171909,0.0,0.0
2023-11-28 11:30:00-05:00,12.020000457763672,12.220000267028809,12.020000457763672,12.1899995803833,589808,0.0,0.0
2023-11-28 12:30:00-05:00,12.1899995803833,12.1899995803833,11.869999885559082,11.885000228881836,550692,0.0,0.0
2023-11-28 13:30:00-05:00,11.885000228881836,12.010000228881836,11.84000015258789,11.954500198364258,405211,0.0,0.0
2023-11-28 14:30:00-05:00,11.954999923706055,12.109999656677246,11.954999923706055,12.069999694824219,388447,0.0,0.0
2023-11-28 15:30:00-05:00,12.0649995803833,12.220000267028809,12.0649995803833,12.204999923706055,643504,0.0,0.0
2023-11-29 09:30:00-05:00,12.619999885559082,13.239999771118164,12.579999923706055,12.819999694824219,4173609,0.0,0.0
2023-11-29 10:30:00-05:00,12.819999694824219,13.105299949645996,12.670000076293945,12.680000305175781,1436374,0.0,0.0
2023-11-29 11:30:00-05:00,12.688799858093262,12.819999694824219,12.600000381469727,12.699999809265137,749657,0.0,0.0
2023-11-29 12:30:00-05:00,12.699999809265137,12.75,12.5600004196167,12.579999923706055,452007,0.0,0.0
2023-11-29 13:30:00-05:00,12.569999694824219,12.649999618530273,12.475000381469727,12.569999694824219,465767,0.0,0.0
2023-11-29 14:30:00-05:00,12.560500144958496,12.560500144958496,12.380000114440918,12.40999984741211,530186,0.0,0.0
2023-11-29 15:30:00-05:00,12.40999984741211,12.5,12.375,12.479999542236328,746153,0.0,0.0
2023-11-30 09:30:00-05:00,12.729999542236328,12.829999923706055,12.279999732971191,12.471400260925293,1961939,0.0,0.0
2023-11-30 10:30:00-05:00,12.479999542236328,12.510000228881836,12.229999542236328,12.300200462341309,818657,0.0,0.0
2023-11-30 11:30:00-05:00,12.300000190734863,12.3149995803833,12.170000076293945,12.229999542236328,610794,0.0,0.0
2023-11-30 12:30:00-05:00,12.239999771118164,12.399999618530273,12.229999542236328,12.25,503798,0.0,0.0
2023-11-30 13:30:00-05:00,12.244999885559082,12.324999809265137,12.180000305175781,12.289999961853027,460200,0.0,0.0
2023-11-30 14:30:00-05:00,12.28499984741211,12.359999656677246,12.1899995803833,12.210000038146973,621585,0.0,0.0
2023-11-30 15:30:00-05:00,12.204999923706055,12.270000457763672,12.1899995803833,12.229999542236328,648994,0.0,0.0
2023-12-01 09:30:00-05:00,12.210000038146973,12.5600004196167,11.920000076293945,12.40999984741211,1865490,0.0,0.0
2023-12-01 10:30:00-05:00,12.40999984741211,12.768099784851074,12.395000457763672,12.725000381469727,1072727,0.0,0.0
2023-12-01 11:30:00-05:00,12.729999542236328,12.82919979095459,12.649999618530273,12.798299789428711,917971,0.0,0.0
2023-12-01 12:30:00-05:00,12.797200202941895,13.159899711608887,12.78499984741211,13.12720012664795,1257532,0.0,0.0
2023-12-01 13:30:00-05:00,13.125,13.329999923706055,13.119999885559082,13.324999809265137,1191580,0.0,0.0
2023-12-01 14:30:00-05:00,13.319999694824219,13.529999732971191,13.305000305175781,13.520000457763672,1660307,0.0,0.0
2023-12-01 15:30:00-05:00,13.515000343322754,13.65999984741211,13.505000114440918,13.609999656677246,1369878,0.0,0.0
2023-12-04 09:30:00-05:00,13.319999694824219,14.09000015258789,13.300000190734863,13.651200294494629,4886645,0.0,0.0
2023-12-04 10:30:00-05:00,13.654999732971191,13.746199607849121,13.3100004196167,13.529999732971191,1494926,0.0,0.0
2023-12-04 11:30:00-05:00,13.529999732971191,13.839799880981445,13.481399536132812,13.8100004196167,682364,0.0,0.0
2023-12-04 12:30:00-05:00,13.8100004196167,13.920000076293945,13.571700096130371,13.59000015258789,748580,0.0,0.0
2023-12-04 13:30:00-05:00,13.59000015258789,13.795000076293945,13.569999694824219,13.699999809265137,505467,0.0,0.0
2023-12-04 14:30:00-05:00,13.699999809265137,13.75,13.550000190734863,13.619999885559082,488976,0.0,0.0
2023-12-04 15:30:00-05:00,13.630000114440918,13.8149995803833,13.630000114440918,13.765000343322754,778520,0.0,0.0
2023-12-05 09:30:00-05:00,13.550000190734863,13.600000381469727,13.130000114440918,13.41670036315918,2436847,0.0,0.0
2023-12-05 10:30:00-05:00,13.419899940490723,13.524999618530273,13.300000190734863,13.305000305175781,682688,0.0,0.0
2023-12-05 11:30:00-05:00,13.305000305175781,13.329999923706055,13.03499984741211,13.069999694824219,822843,0.0,0.0
2023-12-05 12:30:00-05:00,13.069999694824219,13.079999923706055,12.880000114440918,12.902099609375,776618,0.0,0.0
2023-12-05 13:30:00-05:00,12.904999732971191,13.104999542236328,12.880000114440918,13.024499893188477,524164,0.0,0.0
2023-12-05 14:30:00-05:00,13.020000457763672,13.119999885559082,12.949999809265137,13.070099830627441,565567,0.0,0.0
2023-12-05 15:30:00-05:00,13.0649995803833,13.074999809265137,12.994999885559082,13.010000228881836,725908,0.0,0.0
2023-12-06 09:30:00-05:00,13.460000038146973,14.0,13.220000267028809,13.619999885559082,3411194,0.0,0.0
2023-12-06 10:30:00-05:00,13.619999885559082,13.880000114440918,13.619999885559082,13.858599662780762,1224777,0.0,0.0
2023-12-06 11:30:00-05:00,13.850000381469727,13.878000259399414,13.460000038146973,13.494999885559082,885294,0.0,0.0
2023-12-06 12:30:00-05:00,13.489999771118164,13.515000343322754,13.120100021362305,13.180000305175781,788183,0.0,0.0
2023-12-06 13:30:00-05:00,13.170000076293945,13.300000190734863,13.125,13.200200080871582,428917,0.0,0.0
2023-12-06 14:30:00-05:00,13.210000038146973,13.29990005493164,12.9399995803833,12.967300415039062,699139,0.0,0.0
2023-12-06 15:30:00-05:00,12.960000038146973,13.010000228881836,12.9399995803833,12.970000267028809,791247,0.0,0.0
2023-12-07 09:30:00-05:00,13.050000190734863,13.148300170898438,12.649999618530273,13.080599784851074,1941253,0.0,0.0
2023-12-07 10:30:00-05:00,13.079999923706055,13.170000076293945,12.925000190734863,13.010199546813965,622861,0.0,0.0
2023-12-07 11:30:00-05:00,13.015000343322754,13.069999694824219,12.779999732971191,12.920000076293945,764320,0.0,0.0
2023-12-07 12:30:00-05:00,12.910099983215332,13.119999885559082,12.869999885559082,13.069199562072754,430254,0.0,0.0
2023-12-07 13:30:00-05:00,13.0649995803833,13.149999618530273,13.020000457763672,13.109999656677246,307883,0.0,0.0
2023-12-07 14:30:00-05:00,13.100000381469727,13.109999656677246,12.954999923706055,13.055000305175781,445498,0.0,0.0
2023-12-07 15:30:00-05:00,13.055000305175781,13.210000038146973,13.050000190734863,13.199999809265137,659670,0.0,0.0
2023-12-08 09:30:00-05:00,13.0600004196167,13.679900169372559,12.979999542236328,13.475000381469727,2864630,0.0,0.0
2023-12-08 10:30:00-05:00,13.470000267028809,13.520000457763672,13.1899995803833,13.260000228881836,1145543,0.0,0.0
2023-12-08 11:30:00-05:00,13.260000228881836,13.300000190734863,13.130000114440918,13.289999961853027,718559,0.0,0.0
2023-12-08 12:30:00-05:00,13.289999961853027,13.489999771118164,13.270000457763672,13.484999656677246,453023,0.0,0.0
2023-12-08 13:30:00-05:00,13.479999542236328,13.645000457763672,13.40999984741211,13.638999938964844,754516,0.0,0.0
2023-12-08 14:30:00-05:00,13.635000228881836,13.779999732971191,13.625,13.76200008392334,1163744,0.0,0.0
2023-12-08 15:30:00-05:00,13.760000228881836,13.789999961853027,13.654999732971191,13.6899995803833,740837,0.0,0.0
2023-12-11 09:30:00-05:00,13.170000076293945,13.399999618530273,12.859999656677246,12.859999656677246,4462518,0.0,0.0
2023-12-11 10:30:00-05:00,12.859999656677246,12.960000038146973,12.6899995803833,12.70009994506836,1647207,0.0,0.0
2023-12-11 11:30:00-05:00,12.708800315856934,13.175000190734863,12.664999961853027,13.170000076293945,1106548,0.0,0.0
2023-12-11 12:30:00-05:00,13.15999984741211,13.199999809265137,13.050000190734863,13.109999656677246,642139,0.0,0.0
2023-12-11 13:30:00-05:00,13.119999885559082,13.25,13.069999694824219,13.220000267028809,925897,0.0,0.0
2023-12-11 14:30:00-05:00,13.225000381469727,13.319999694824219,13.085000038146973,13.09000015258789,637436,0.0,0.0
2023-12-11 15:30:00-05:00,13.090200424194336,13.119999885559082,13.020000457763672,13.039999961853027,826399,0.0,0.0
2023-12-12 09:30:00-05:00,13.029999732971191,13.234999656677246,12.795000076293945,13.055000305175781,2353301,0.0,0.0
2023-12-12 10:30:00-05:00,13.0600004196167,13.1850004196167,12.829999923706055,12.84749984741211,789711,0.0,0.0
2023-12-12 11:30:00-05:00,12.848799705505371,12.880000114440918,12.680000305175781,12.710000038146973,1143733,0.0,0.0
2023-12-12 12:30:00-05:00,12.710000038146973,12.755000114440918,12.649999618530273,12.720000267028809,882063,0.0,0.0
2023-12-12 13:30:00-05:00,12.719900131225586,12.904999732971191,12.699999809265137,12.791999816894531,645861,0.0,0.0
2023-12-12 14:30:00-05:00,12.789999961853027,12.920000076293945,12.770000457763672,12.869999885559082,566820,0.0,0.0
2023-12-12 15:30:00-05:00,12.869999885559082,12.880000114440918,12.75,12.760000228881836,840938,0.0,0.0
2023-12-13 09:30:00-05:00,12.75,13.220000267028809,12.350099563598633,12.380000114440918,2943064,0.0,0.0
2023-12-13 10:30:00-05:00,12.385000228881836,12.59000015258789,12.270000457763672,12.458800315856934,1671964,0.0,0.0
2023-12-13 11:30:00-05:00,12.454999923706055,12.454999923706055,12.300000190734863,12.399999618530273,607421,0.0,0.0
2023-12-13 12:30:00-05:00,12.404000282287598,12.46500015258789,12.300000190734863,12.3149995803833,390789,0.0,0.0
2023-12-13 13:30:00-05:00,12.3100004196167,12.869999885559082,12.289999961853027,12.860699653625488,1238119,0.0,0.0
2023-12-13 14:30:00-05:00,12.869199752807617,13.350000381469727,12.782999992370605,13.111200332641602,2329837,0.0,0.0
2023-12-13 15:30:00-05:00,13.119999885559082,13.430000305175781,13.100000381469727,13.430000305175781,1913121,0.0,0.0
2023-12-14 09:30:00-05:00,13.640000343322754,14.1899995803833,13.619999885559082,14.015000343322754,5123338,0.0,0.0
2023-12-14 10:30:00-05:00,14.020000457763672,14.069999694824219,13.850000381469727,14.020000457763672,1522817,0.0,0.0
2023-12-14 11:30:00-05:00,14.020000457763672,14.5600004196167,14.0,14.520000457763672,1996446,0.0,0.0
2023-12-14 12:30:00-05:00,14.511199951171875,14.899999618530273,14.120800018310547,14.1899995803833,2472542,0.0,0.0
2023-12-14 13:30:00-05:00,14.1899995803833,14.399999618530273,14.020000457763672,14.398900032043457,801563,0.0,0.0
2023-12-14 14:30:00-05:00,14.399999618530273,14.800000190734863,14.369999885559082,14.699999809265137,1432521,0.0,0.0
2023-12-14 15:30:00-05:00,14.699999809265137,14.850000381469727,14.65999984741211,14.765000343322754,1284786,0.0,0.0
2023-12-15 09:30:00-05:00,14.630000114440918,15.494999885559082,14.59000015258789,15.199999809265137,5040306,0.0,0.0
2023-12-15 10:30:00-05:00,15.204999923706055,15.457500457763672,15.149999618530273,15.34000015258789,1767650,0.0,0.0
2023-12-15 11:30:00-05:00,15.350000381469727,15.350000381469727,15.080100059509277,15.25,930970,0.0,0.0
2023-12-15 12:30:00-05:00,15.25,15.25,14.760000228881836,15.050000190734863,1278728,0.0,0.0
2023-12-15 13:30:00-05:00,15.045000076293945,15.069999694824219,14.8100004196167,14.954999923706055,687877,0.0,0.0
2023-12-15 14:30:00-05:00,14.949999809265137,15.09000015258789,14.899999618530273,15.03499984741211,725370,0.0,0.0
2023-12-15 15:30:00-05:00,15.039999961853027,15.069999694824219,14.899999618530273,14.90999984741211,1260259,0.0,0.0
2023-12-18 09:30:00-05:00,14.600000381469727,15.024999618530273,14.420000076293945,14.710000038146973,2788744,0.0,0.0
2023-12-18 10:30:00-05:00,14.729999542236328,14.729999542236328,14.407299995422363,14.600000381469727,1136861,0.0,0.0
2023-12-18 11:30:00-05:00,14.595000267028809,14.609999656677246,14.470000267028809,14.510000228881836,419565,0.0,0.0
2023-12-18 12:30:00-05:00,14.513400077819824,14.654999732971191,14.513400077819824,14.649999618530273,361893,0.0,0.0
2023-12-18 13:30:00-05:00,14.645000457763672,14.835000038146973,14.625,14.694999694824219,639320,0.0,0.0
2023-12-18 14:30:00-05:00,14.6983003616333,14.8100004196167,14.625,14.73900032043457,554754,0.0,0.0
2023-12-18 15:30:00-05:00,14.739999771118164,14.765000343322754,14.5600004196167,14.569999694824219,565827,0.0,0.0
2023-12-19 09:30:00-05:00,14.680000305175781,15.229999542236328,14.529999732971191,14.869999885559082,2487268,0.0,0.0
2023-12-19 10:30:00-05:00,14.880000114440918,14.885000228881836,14.449999809265137,14.489999771118164,1221313,0.0,0.0
2023-12-19 11:30:00-05:00,14.489999771118164,14.57759952545166,14.229999542236328,14.378800392150879,1147532,0.0,0.0
2023-12-19 12:30:00-05:00,14.378800392150879,14.46500015258789,14.25,14.335000038146973,599121,0.0,0.0
2023-12-19 13:30:00-05:00,14.335000038146973,14.449199676513672,14.28499984741211,14.40999984741211,350765,0.0,0.0
2023-12-19 14:30:00-05:00,14.420000076293945,14.4399995803833,14.320699691772461,14.40999984741211,475067,0.0,0.0
2023-12-19 15:30:00-05:00,14.40999984741211,14.4350004196167,14.3100004196167,14.34000015258789,753086,0.0,0.0
2023-12-20 09:30:00-05:00,14.199999809265137,14.539999961853027,13.960000038146973,14.501799583435059,2578744,0.0,0.0
2023-12-20 10:30:00-05:00,14.505000114440918,14.609999656677246,14.210000038146973,14.225000381469727,996703,0.0,0.0
2023-12-20 11:30:00-05:00,14.22029972076416,14.380000114440918,14.149999618530273,14.34000015258789,541712,0.0,0.0
2023-12-20 12:30:00-05:00,14.350000381469727,14.378999710083008,14.240500450134277,14.274999618530273,337485,0.0,0.0
2023-12-20 13:30:00-05:00,14.289999961853027,14.375,14.149999618530273,14.168899536132812,329623,0.0,0.0
2023-12-20 14:30:00-05:00,14.15999984741211,14.170000076293945,13.329999923706055,13.381799697875977,2354333,0.0,0.0
2023-12-20 15:30:00-05:00,13.385000228881836,13.545000076293945,13.380000114440918,13.390000343322754,1071902,0.0,0.0
2023-12-21 09:30:00-05:00,13.829999923706055,14.0,13.529999732971191,13.710000038146973,2153005,0.0,0.0
2023-12-21 10:30:00-05:00,13.710000038146973,13.774999618530273,13.579000473022461,13.661199569702148,595513,0.0,0.0
2023-12-21 11:30:00-05:00,13.664999961853027,13.744999885559082,13.595000267028809,13.619999885559082,370419,0.0,0.0
2023-12-21 12:30:00-05:00,13.614999771118164,13.680000305175781,13.515000343322754,13.600000381469727,368270,0.0,0.0
2023-12-21 13:30:00-05:00,13.600000381469727,13.6899995803833,13.550000190734863,13.645000457763672,265122,0.0,0.0
2023-12-21 14:30:00-05:00,13.640000343322754,13.765000343322754,13.619999885559082,13.760499954223633,348475,0.0,0.0
2023-12-21 15:30:00-05:00,13.760000228881836,13.8149995803833,13.699999809265137,13.789999961853027,499816,0.0,0.0
2023-12-22 09:30:00-05:00,13.90999984741211,14.149999618530273,13.720100402832031,13.800000190734863,1620135,0.0,0.0
2023-12-22 10:30:00-05:00,13.8100004196167,13.850000381469727,13.649999618530273,13.78499984741211,648857,0.0,0.0
2023-12-22 11:30:00-05:00,13.789999961853027,13.90999984741211,13.770000457763672,13.859000205993652,408587,0.0,0.0
2023-12-22 12:30:00-05:00,13.850000381469727,13.970000267028809,13.774999618530273,13.9350004196167,310260,0.0,0.0
2023-12-22 13:30:00-05:00,13.930000305175781,13.970000267028809,13.579999923706055,13.595000267028809,528817,0.0,0.0
2023-12-22 14:30:00-05:00,13.59000015258789,13.760000228881836,13.529999732971191,13.725000381469727,534340,0.0,0.0
2023-12-22 15:30:00-05:00,13.729999542236328,13.736700057983398,13.640000343322754,13.649999618530273,558551,0.0,0.0
2023-12-26 09:30:00-05:00,13.670000076293945,13.6899995803833,13.180000305175781,13.239999771118164,2737841,0.0,0.0
2023-12-26 10:30:00-05:00,13.239999771118164,13.289999961853027,13.0,13.010000228881836,1609009,0.0,0.0
2023-12-26 11:30:00-05:00,13.010000228881836,13.270000457763672,13.010000228881836,13.23740005493164,1478037,0.0,0.0
2023-12-26 12:30:00-05:00,13.239999771118164,13.425000190734863,13.194999694824219,13.364999771118164,551170,0.0,0.0
2023-12-26 13:30:00-05:00,13.364999771118164,13.520000457763672,13.364999771118164,13.501500129699707,498711,0.0,0.0
2023-12-26 14:30:00-05:00,13.505000114440918,13.739999771118164,13.4975004196167,13.649999618530273,788660,0.0,0.0
2023-12-26 15:30:00-05:00,13.649999618530273,13.675000190734863,13.5,13.520000457763672,785822,0.0,0.0
2023-12-27 09:30:00-05:00,13.640000343322754,13.90999984741211,13.319999694824219,13.364999771118164,2601078,0.0,0.0
2023-12-27 10:30:00-05:00,13.369999885559082,13.380000114440918,13.1899995803833,13.329400062561035,1020164,0.0,0.0
2023-12-27 11:30:00-05:00,13.326000213623047,13.479999542236328,13.319999694824219,13.425000190734863,611726,0.0,0.0
2023-12-27 12:30:00-05:00,13.420000076293945,13.630000114440918,13.40999984741211,13.555000305175781,742844,0.0,0.0
2023-12-27 13:30:00-05:00,13.5600004196167,13.649999618530273,13.3100004196167,13.43340015411377,635414,0.0,0.0
2023-12-27 14:30:00-05:00,13.4350004196167,13.449999809265137,13.279999732971191,13.279999732971191,529076,0.0,0.0
2023-12-27 15:30:00-05:00,13.279999732971191,13.305000305175781,13.170000076293945,13.210000038146973,941988,0.0,0.0
2023-12-28 09:30:00-05:00,13.149999618530273,13.359999656677246,13.020000457763672,13.350099563598633,1800929,0.0,0.0
2023-12-28 10:30:00-05:00,13.354999542236328,13.395000457763672,13.109999656677246,13.149999618530273,816461,0.0,0.0
2023-12-28 11:30:00-05:00,13.145000457763672,13.3326997756958,13.125,13.289999961853027,506709,0.0,0.0
2023-12-28 12:30:00-05:00,13.289999961853027,13.345000267028809,13.21500015258789,13.270000457763672,346089,0.0,0.0
2023-12-28 13:30:00-05:00,13.274999618530273,13.279999732971191,13.154999732971191,13.199999809265137,323591,0.0,0.0
2023-12-28 14:30:00-05:00,13.194999694824219,13.204999923706055,13.09000015258789,13.135000228881836,465029,0.0,0.0
2023-12-28 15:30:00-05:00,13.140000343322754,13.234999656677246,13.130000114440918,13.225000381469727,551004,0.0,0.0
2023-12-29 09:30:00-05:00,13.170000076293945,13.180000305175781,12.600000381469727,12.670000076293945,2201731,0.0,0.0
2023-12-29 10:30:00-05:00,12.675000190734863,12.6899995803833,12.329999923706055,12.3725004196167,1860071,0.0,0.0
2023-12-29 11:30:00-05:00,12.378199577331543,12.449999809265137,12.329999923706055,12.357999801635742,999270,0.0,0.0
2023-12-29 12:30:00-05:00,12.350000381469727,12.470000267028809,12.34119987487793,12.439200401306152,622859,0.0,0.0
2023-12-29 13:30:00-05:00,12.4350004196167,12.569999694824219,12.4350004196167,12.505000114440918,504370,0.0,0.0
2023-12-29 14:30:00-05:00,12.503800392150879,12.5600004196167,12.460000038146973,12.515000343322754,614633,0.0,0.0
2023-12-29 15:30:00-05:00,12.520000457763672,12.520000457763672,12.380000114440918,12.380000114440918,1041884,0.0,0.0
2024-01-02 09:30:00-05:00,12.199999809265137,12.5600004196167,12.180000305175781,12.399999618530273,2358094,0.0,0.0
2024-01-02 10:30:00-05:00,12.399999618530273,12.460000038146973,12.3100004196167,12.4399995803833,581650,0.0,0.0
2024-01-02 11:30:00-05:00,12.430000305175781,12.529800415039062,12.407099723815918,12.489999771118164,338564,0.0,0.0
2024-01-02 12:30:00-05:00,12.489999771118164,12.589900016784668,12.354999542236328,12.354999542236328,528914,0.0,0.0
2024-01-02 13:30:00-05:00,12.359999656677246,12.385000228881836,12.201199531555176,12.225000381469727,496071,0.0,0.0
2024-01-02 14:30:00-05:00,12.225000381469727,12.239999771118164,12.100000381469727,12.180000305175781,626550,0.0,0.0
2024-01-02 15:30:00-05:00,12.170000076293945,12.204999923706055,12.100000381469727,12.170000076293945,689112,0.0,0.0
2024-01-03 09:30:00-05:00,11.8100004196167,12.079999923706055,11.770000457763672,11.920000076293945,2083651,0.0,0.0
2024-01-03 10:30:00-05:00,11.920999526977539,12.015000343322754,11.829999923706055,11.970000267028809,663024,0.0,0.0
2024-01-03 11:30:00-05:00,11.960000038146973,12.005000114440918,11.869999885559082,11.925000190734863,583476,0.0,0.0
2024-01-03 12:30:00-05:00,11.920000076293945,12.029999732971191,11.890000343322754,12.023500442504883,394888,0.0,0.0
2024-01-03 13:30:00-05:00,12.024999618530273,12.069999694824219,11.864999771118164,12.055000305175781,739468,0.0,0.0
2024-01-03 14:30:00-05:00,12.0600004196167,12.089699745178223,11.859999656677246,11.899999618530273,744390,0.0,0.0
2024-01-03 15:30:00-05:00,11.909000396728516,11.970000267028809,11.899999618530273,11.9399995803833,658028,0.0,0.0
2024-01-04 09:30:00-05:00,12.0600004196167,12.114999771118164,11.850000381469727,12.055000305175781,1988939,0.0,0.0
2024-01-04 10:30:00-05:00,12.0600004196167,12.274999618530273,11.975000381469727,12.239999771118164,791331,0.0,0.0
2024-01-04 11:30:00-05:00,12.25,12.25,12.072199821472168,12.204999923706055,662512,0.0,0.0
2024-01-04 12:30:00-05:00,12.201700210571289,12.270000457763672,12.149999618530273,12.21500015258789,433723,0.0,0.0
2024-01-04 13:30:00-05:00,12.220000267028809,12.364999771118164,12.220000267028809,12.229999542236328,611284,0.0,0.0
2024-01-04 14:30:00-05:00,12.229999542236328,12.609999656677246,12.149999618530273,12.439000129699707,1514244,0.0,0.0
2024-01-04 15:30:00-05:00,12.430700302124023,12.470000267028809,12.25,12.274999618530273,934622,0.0,0.0
2024-01-05 09:30:00-05:00,12.09000015258789,12.359999656677246,11.960000038146973,12.260000228881836,1947012,0.0,0.0
2024-01-05 10:30:00-05:00,12.279999732971191,12.380000114440918,12.125,12.130000114440918,711388,0.0,0.0
2024-01-05 11:30:00-05:00,12.140000343322754,12.15999984741211,12.005000114440918,12.085000038146973,588506,0.0,0.0
2024-01-05 12:30:00-05:00,12.079999923706055,12.170000076293945,12.055000305175781,12.130000114440918,349436,0.0,0.0
2024-01-05 13:30:00-05:00,12.140000343322754,12.1899995803833,12.09000015258789,12.095000267028809,358330,0.0,0.0
2024-01-05 14:30:00-05:00,12.097700119018555,12.100000381469727,11.979999542236328,12.010000228881836,792905,0.0,0.0
2024-01-05 15:30:00-05:00,12.010000228881836,12.010000228881836,11.949999809265137,11.994999885559082,925956,0.0,0.0
2024-01-08 09:30:00-05:00,12.119999885559082,12.319999694824219,12.024999618530273,12.265000343322754,1656963,0.0,0.0
2024-01-08 10:30:00-05:00,12.270000457763672,12.414999961853027,12.239999771118164,12.270000457763672,997435,0.0,0.0
2024-01-08 11:30:00-05:00,12.260000228881836,12.399999618530273,12.25,12.375,414868,0.0,0.0
2024-01-08 12:30:00-05:00,12.375,12.57800006866455,12.359999656677246,12.53499984741211,700565,0.0,0.0
2024-01-08 13:30:00-05:00,12.53499984741211,12.729999542236328,12.531200408935547,12.66100025177002,595611,0.0,0.0
2024-01-08 14:30:00-05:00,12.670000076293945,12.699999809265137,12.550000190734863,12.600000381469727,507075,0.0,0.0
2024-01-08 15:30:00-05:00,12.605199813842773,12.6899995803833,12.59000015258789,12.640000343322754,618902,0.0,0.0
2024-01-09 09:30:00-05:00,12.420000076293945,12.489999771118164,12.170000076293945,12.364999771118164,1428335,0.0,0.0
2024-01-09 10:30:00-05:00,12.369999885559082,12.46500015258789,12.335000038146973,12.395000457763672,462979,0.0,0.0
2024-01-09 11:30:00-05:00,12.395000457763672,12.40999984741211,12.319999694824219,12.349800109863281,667632,0.0,0.0
2024-01-09 12:30:00-05:00,12.350000381469727,12.510000228881836,12.281999588012695,12.460000038146973,666872,0.0,0.0
2024-01-09 13:30:00-05:00,12.460000038146973,12.59000015258789,12.40999984741211,12.520000457763672,418447,0.0,0.0
2024-01-09 14:30:00-05:00,12.510000228881836,12.640000343322754,12.489999771118164,12.520000457763672,508141,0.0,0.0
2024-01-09 15:30:00-05:00,12.529999732971191,12.529999732971191,12.40999984741211,12.444999694824219,551192,0.0,0.0
2024-01-10 09:30:00-05:00,12.460000038146973,12.489999771118164,11.609999656677246,11.760000228881836,3268408,0.0,0.0
2024-01-10 10:30:00-05:00,11.765600204467773,12.21500015258789,11.765000343322754,12.087900161743164,1216454,0.0,0.0
2024-01-10 11:30:00-05:00,12.084500312805176,12.130000114440918,11.970000267028809,12.085000038146973,498436,0.0,0.0
2024-01-10 12:30:00-05:00,12.09000015258789,12.129899978637695,12.055000305175781,12.114999771118164,313076,0.0,0.0
2024-01-10 13:30:00-05:00,12.114999771118164,12.210000038146973,12.100000381469727,12.149999618530273,318283,0.0,0.0
2024-01-10 14:30:00-05:00,12.154999732971191,12.199999809265137,12.079999923706055,12.095000267028809,453670,0.0,0.0
2024-01-10 15:30:00-05:00,12.09000015258789,12.130000114440918,12.020000457763672,12.09000015258789,679574,0.0,0.0
2024-01-11 09:30:00-05:00,12.069999694824219,12.270000457763672,11.510000228881836,11.608400344848633,2465747,0.0,0.0
2024-01-11 10:30:00-05:00,11.604999542236328,11.680000305175781,11.380000114440918,11.380000114440918,1162757,0.0,0.0
2024-01-11 11:30:00-05:00,11.389300346374512,11.489999771118164,11.359999656677246,11.420000076293945,729292,0.0,0.0
2024-01-11 12:30:00-05:00,11.425000190734863,11.664999961853027,11.425000190734863,11.585000038146973,555215,0.0,0.0
2024-01-11 13:30:00-05:00,11.579999923706055,11.65999984741211,11.53499984741211,11.609999656677246,467469,0.0,0.0
2024-01-11 14:30:00-05:00,11.609999656677246,11.630000114440918,11.539999961853027,11.604999542236328,589315,0.0,0.0
2024-01-11 15:30:00-05:00,11.609999656677246,11.628899574279785,11.539999961853027,11.550000190734863,654729,0.0,0.0
2024-01-12 09:30:00-05:00,11.739999771118164,11.96500015258789,11.569999694824219,11.600000381469727,1622653,0.0,0.0
2024-01-12 10:30:00-05:00,11.604999542236328,11.670000076293945,11.4399995803833,11.545000076293945,718639,0.0,0.0
2024-01-12 11:30:00-05:00,11.550000190734863,11.555000305175781,11.470000267028809,11.510000228881836,309775,0.0,0.0
2024-01-12 12:30:00-05:00,11.505000114440918,11.515000343322754,11.430000305175781,11.484999656677246,321773,0.0,0.0
2024-01-12 13:30:00-05:00,11.484999656677246,11.539999961853027,11.399999618530273,11.410099983215332,304552,0.0,0.0
2024-01-12 14:30:00-05:00,11.40999984741211,11.460000038146973,11.369999885559082,11.414999961853027,449278,0.0,0.0
2024-01-12 15:30:00-05:00,11.420000076293945,11.430000305175781,11.380000114440918,11.40999984741211,501427,0.0,0.0
2024-01-16 09:30:00-05:00,11.239999771118164,11.25,10.881199836730957,11.220000267028809,2075661,0.0,0.0
2024-01-16 10:30:00-05:00,11.21500015258789,11.270000457763672,10.984999656677246,11.128000259399414,830527,0.0,0.0
2024-01-16 11:30:00-05:00,11.125,11.15999984741211,11.029999732971191,11.03499984741211,444478,0.0,0.0
2024-01-16 12:30:00-05:00,11.03499984741211,11.050000190734863,10.984999656677246,11.010000228881836,491421,0.0,0.0
2024-01-16 13:30:00-05:00,11.010000228881836,11.020000457763672,10.869999885559082,10.89009952545166,544257,0.0,0.0
2024-01-16 14:30:00-05:00,10.899999618530273,10.979999542236328,10.875,10.96500015258789,507720,0.0,0.0
2024-01-16 15:30:00-05:00,10.970000267028809,10.979999542236328,10.930000305175781,10.970000267028809,475087,0.0,0.0
2024-01-17 09:30:00-05:00,10.699999809265137,10.760000228881836,10.460000038146973,10.652000427246094,1927565,0.0,0.0
2024-01-17 10:30:00-05:00,10.654999732971191,10.75,10.579999923706055,10.744999885559082,593237,0.0,0.0
2024-01-17 11:30:00-05:00,10.739999771118164,10.819999694824219,10.710000038146973,10.760000228881836,490446,0.0,0.0
2024-01-17 12:30:00-05:00,10.760000228881836,10.835000038146973,10.740099906921387,10.779999732971191,301702,0.0,0.0
2024-01-17 13:30:00-05:00,10.770000457763672,10.829999923706055,10.739999771118164,10.829999923706055,337343,0.0,0.0
2024-01-17 14:30:00-05:00,10.829999923706055,10.854999542236328,10.75,10.78499984741211,402331,0.0,0.0
2024-01-17 15:30:00-05:00,10.779999732971191,10.890000343322754,10.774999618530273,10.850000381469727,592884,0.0,0.0
2024-01-18 09:30:00-05:00,11.390000343322754,11.399999618530273,10.859999656677246,10.918000221252441,2189002,0.0,0.0
2024-01-18 10:30:00-05:00,10.914999961853027,10.930000305175781,10.621800422668457,10.755000114440918,777724,0.0,0.0
2024-01-18 11:30:00-05:00,10.75,10.789999961853027,10.555000305175781,10.600099563598633,511663,0.0,0.0
2024-01-18 12:30:00-05:00,10.600000381469727,10.630000114440918,10.470000267028809,10.489999771118164,624565,0.0,0.0
2024-01-18 13:30:00-05:00,10.489500045776367,10.670000076293945,10.489500045776367,10.670000076293945,614805,0.0,0.0
2024-01-18 14:30:00-05:00,10.670000076293945,10.720000267028809,10.604999542236328,10.689900398254395,391555,0.0,0.0
2024-01-18 15:30:00-05:00,10.680000305175781,10.739999771118164,10.65999984741211,10.710000038146973,539769,0.0,0.0
2024-01-19 09:30:00-05:00,10.84000015258789,10.84000015258789,10.40999984741211,10.41510009765625,1851887,0.0,0.0
2024-01-19 10:30:00-05:00,10.40999984741211,10.539999961853027,10.319999694824219,10.454999923706055,806274,0.0,0.0
2024-01-19 11:30:00-05:00,10.454999923706055,10.479999542236328,10.410099983215332,10.470000267028809,372646,0.0,0.0
2024-01-19 12:30:00-05:00,10.46500015258789,10.604999542236328,10.460000038146973,10.604999542236328,441050,0.0,0.0
2024-01-19 13:30:00-05:00,10.604999542236328,10.805000305175781,10.595000267028809,10.78499984741211,469693,0.0,0.0
2024-01-19 14:30:00-05:00,10.78499984741211,10.829999923706055,10.739999771118164,10.765000343322754,500056,0.0,0.0
2024-01-19 15:30:00-05:00,10.765000343322754,10.859999656677246,10.765000343322754,10.850000381469727,616998,0.0,0.0
2024-01-22 09:30:00-05:00,11.180000305175781,11.864999771118164,11.149999618530273,11.75,2739756,0.0,0.0
2024-01-22 10:30:00-05:00,11.739999771118164,11.744999885559082,11.430000305175781,11.539999961853027,1041188,0.0,0.0
2024-01-22 11:30:00-05:00,11.550000190734863,11.579999923706055,11.329999923706055,11.454999923706055,783154,0.0,0.0
2024-01-22 12:30:00-05:00,11.454999923706055,11.510000228881836,11.345000267028809,11.350000381469727,393674,0.0,0.0
2024-01-22 13:30:00-05:00,11.34000015258789,11.5,11.3100004196167,11.399999618530273,427710,0.0,0.0
2024-01-22 14:30:00-05:00,11.399999618530273,11.639100074768066,11.385000228881836,11.639100074768066,539870,0.0,0.0
2024-01-22 15:30:00-05:00,11.635000228881836,11.75,11.630000114440918,11.710000038146973,883262,0.0,0.0
2024-01-23 09:30:00-05:00,12.100000381469727,12.119999885559082,11.621800422668457,11.805000305175781,2320852,0.0,0.0
2024-01-23 10:30:00-05:00,11.8100004196167,11.8149995803833,11.569999694824219,11.65999984741211,687524,0.0,0.0
2024-01-23 11:30:00-05:00,11.65999984741211,11.699999809265137,11.542400360107422,11.67199993133545,321592,0.0,0.0
2024-01-23 12:30:00-05:00,11.680000305175781,11.710000038146973,11.569999694824219,11.699999809265137,297751,0.0,0.0
2024-01-23 13:30:00-05:00,11.699999809265137,11.760000228881836,11.630000114440918,11.71500015258789,294778,0.0,0.0
2024-01-23 14:30:00-05:00,11.704999923706055,11.819999694824219,11.664999961853027,11.805000305175781,407229,0.0,0.0
2024-01-23 15:30:00-05:00,11.805000305175781,11.869999885559082,11.75,11.75,673917,0.0,0.0
2024-01-24 09:30:00-05:00,12.050000190734863,12.100000381469727,11.40999984741211,11.609999656677246,1923052,0.0,0.0
2024-01-24 10:30:00-05:00,11.609999656677246,11.68120002746582,11.520000457763672,11.59000015258789,559653,0.0,0.0
2024-01-24 11:30:00-05:00,11.59000015258789,11.614999771118164,11.479999542236328,11.515000343322754,320115,0.0,0.0
2024-01-24 12:30:00-05:00,11.520000457763672,11.550000190734863,11.28499984741211,11.319999694824219,470091,0.0,0.0
2024-01-24 13:30:00-05:00,11.319999694824219,11.319999694824219,11.140000343322754,11.194999694824219,542819,0.0,0.0
2024-01-24 14:30:00-05:00,11.194999694824219,11.25,11.095000267028809,11.130000114440918,449521,0.0,0.0
2024-01-24 15:30:00-05:00,11.119999885559082,11.15999984741211,11.0600004196167,11.069999694824219,515901,0.0,0.0
2024-01-25 09:30:00-05:00,11.449999809265137,11.989999771118164,11.369999885559082,11.619999885559082,3704785,0.0,0.0
2024-01-25 10:30:00-05:00,11.630000114440918,11.675000190734863,11.520000457763672,11.58810043334961,800467,0.0,0.0
2024-01-25 11:30:00-05:00,11.585000038146973,11.630000114440918,11.28499984741211,11.354999542236328,882544,0.0,0.0
2024-01-25 12:30:00-05:00,11.359999656677246,11.413299560546875,11.291199684143066,11.350000381469727,381229,0.0,0.0
2024-01-25 13:30:00-05:00,11.350000381469727,11.364999771118164,11.15999984741211,11.21500015258789,351944,0.0,0.0
2024-01-25 14:30:00-05:00,11.21049976348877,11.270000457763672,11.1899995803833,11.220000267028809,276549,0.0,0.0
2024-01-25 15:30:00-05:00,11.21500015258789,11.300000190734863,11.203700065612793,11.279999732971191,522848,0.0,0.0
2024-01-26 09:30:00-05:00,11.380000114440918,11.569999694824219,10.960000038146973,11.119999885559082,1967902,0.0,0.0
2024-01-26 10:30:00-05:00,11.11989974975586,11.369999885559082,11.095000267028809,11.241399765014648,590464,0.0,0.0
2024-01-26 11:30:00-05:00,11.239999771118164,11.260000228881836,11.074999809265137,11.100000381469727,329346,0.0,0.0
2024-01-26 12:30:00-05:00,11.105899810791016,11.109999656677246,10.989999771118164,11.097999572753906,419407,0.0,0.0
2024-01-26 13:30:00-05:00,11.095000267028809,11.100000381469727,10.989999771118164,11.069999694824219,330935,0.0,0.0
2024-01-26 14:30:00-05:00,11.0649995803833,11.100000381469727,10.954999923706055,10.971199989318848,387867,0.0,0.0
2024-01-26 15:30:00-05:00,10.975000381469727,11.024999618530273,10.970000267028809,11.015000343322754,484201,0.0,0.0
2024-01-29 09:30:00-05:00,10.890000343322754,11.079999923706055,10.75,10.961000442504883,1788639,0.0,0.0
2024-01-29 10:30:00-05:00,10.970000267028809,11.050000190734863,10.859999656677246,11.019399642944336,571982,0.0,0.0
2024-01-29 11:30:00-05:00,11.018699645996094,11.100000381469727,10.949999809265137,11.010000228881836,380592,0.0,0.0
2024-01-29 12:30:00-05:00,11.013899803161621,11.050000190734863,10.984999656677246,11.029999732971191,326510,0.0,0.0
2024-01-29 13:30:00-05:00,11.039999961853027,11.04990005493164,10.96030044555664,11.045000076293945,298004,0.0,0.0
2024-01-29 14:30:00-05:00,11.039999961853027,11.180000305175781,10.9399995803833,11.170000076293945,538070,0.0,0.0
2024-01-29 15:30:00-05:00,11.171699523925781,11.220000267028809,11.109999656677246,11.210000038146973,588908,0.0,0.0
2024-01-30 09:30:00-05:00,11.0600004196167,11.11989974975586,10.720000267028809,10.78499984741211,1890450,0.0,0.0
2024-01-30 10:30:00-05:00,10.789999961853027,10.819999694824219,10.675000190734863,10.770000457763672,855146,0.0,0.0
2024-01-30 11:30:00-05:00,10.779999732971191,10.850000381469727,10.680000305175781,10.6899995803833,578203,0.0,0.0
2024-01-30 12:30:00-05:00,10.693099975585938,10.699999809265137,10.550000190734863,10.699999809265137,721618,0.0,0.0
2024-01-30 13:30:00-05:00,10.699999809265137,10.720000267028809,10.630000114440918,10.675000190734863,342502,0.0,0.0
2024-01-30 14:30:00-05:00,10.680000305175781,10.720000267028809,10.640000343322754,10.675000190734863,385269,0.0,0.0
2024-01-30 15:30:00-05:00,10.680000305175781,10.709199905395508,10.655200004577637,10.694999694824219,459133,0.0,0.0
2024-01-31 09:30:00-05:00,10.619999885559082,10.71500015258789,10.449999809265137,10.633999824523926,1084855,0.0,0.0
2024-01-31 10:30:00-05:00,10.640000343322754,10.656100273132324,10.489999771118164,10.524999618530273,479668,0.0,0.0
2024-01-31 11:30:00-05:00,10.529899597167969,10.640000343322754,10.454999923706055,10.60990047454834,370766,0.0,0.0
2024-01-31 12:30:00-05:00,10.609999656677246,10.699999809265137,10.579999923706055,10.649999618530273,262749,0.0,0.0
2024-01-31 13:30:00-05:00,10.65999984741211,10.670000076293945,10.449999809265137,10.46500015258789,363835,0.0,0.0
2024-01-31 14:30:00-05:00,10.46500015258789,10.9350004196167,10.359999656677246,10.4399995803833,1410855,0.0,0.0
2024-01-31 15:30:00-05:00,10.430000305175781,10.4399995803833,10.270000457763672,10.270000457763672,768809,0.0,0.0
2024-02-01 09:30:00-05:00,10.470000267028809,10.479999542236328,9.960000038146973,10.1899995803833,2760795,0.0,0.0
2024-02-01 10:30:00-05:00,10.1850004196167,10.210000038146973,9.9350004196167,10.010000228881836,865677,0.0,0.0
2024-02-01 11:30:00-05:00,10.010899543762207,10.244999885559082,10.010000228881836,10.170000076293945,603290,0.0,0.0
2024-02-01 12:30:00-05:00,10.17199993133545,10.295000076293945,10.154999732971191,10.270000457763672,590052,0.0,0.0
2024-02-01 13:30:00-05:00,10.265000343322754,10.34000015258789,10.220000267028809,10.270000457763672,406287,0.0,0.0
2024-02-01 14:30:00-05:00,10.270000457763672,10.34000015258789,10.234999656677246,10.270000457763672,374518,0.0,0.0
2024-02-01 15:30:00-05:00,10.270000457763672,10.297100067138672,10.220000267028809,10.239999771118164,357597,0.0,0.0
2024-02-02 09:30:00-05:00,9.9399995803833,10.130000114440918,9.899999618530273,10.029999732971191,1791318,0.0,0.0
2024-02-02 10:30:00-05:00,10.03499984741211,10.139900207519531,9.979999542236328,10.045000076293945,689909,0.0,0.0
2024-02-02 11:30:00-05:00,10.045000076293945,10.069999694824219,9.979999542236328,10.050000190734863,533789,0.0,0.0
2024-02-02 12:30:00-05:00,10.050000190734863,10.100000381469727,9.949999809265137,10.069999694824219,478430,0.0,0.0
2024-02-02 13:30:00-05:00,10.070099830627441,10.279999732971191,10.039899826049805,10.255000114440918,486096,0.0,0.0
2024-02-02 14:30:00-05:00,10.25,10.28499984741211,10.1850004196167,10.274999618530273,387723,0.0,0.0
2024-02-02 15:30:00-05:00,10.274999618530273,10.33810043334961,10.239999771118164,10.260100364685059,551150,0.0,0.0
2024-02-05 09:30:00-05:00,10.119999885559082,10.15999984741211,9.600000381469727,9.70009994506836,2239339,0.0,0.0
2024-02-05 10:30:00-05:00,9.699999809265137,9.829999923706055,9.609999656677246,9.800000190734863,948404,0.0,0.0
2024-02-05 11:30:00-05:00,9.800000190734863,9.859999656677246,9.763099670410156,9.829999923706055,491320,0.0,0.0
2024-02-05 12:30:00-05:00,9.829999923706055,9.899999618530273,9.800000190734863,9.854999542236328,359354,0.0,0.0
2024-02-05 13:30:00-05:00,9.854999542236328,9.920000076293945,9.840299606323242,9.895000457763672,314762,0.0,0.0
2024-02-05 14:30:00-05:00,9.895000457763672,9.970000267028809,9.831299781799316,9.899999618530273,435792,0.0,0.0
2024-02-05 15:30:00-05:00,9.899800300598145,9.930000305175781,9.835000038146973,9.859999656677246,525303,0.0,0.0
2024-02-06 09:30:00-05:00,9.899999618530273,10.25,9.789999961853027,10.109999656677246,2065905,0.0,0.0
2024-02-06 10:30:00-05:00,10.11989974975586,10.300000190734863,10.104999542236328,10.289999961853027,677208,0.0,0.0
2024-02-06 11:30:00-05:00,10.289999961853027,10.369999885559082,10.149999618530273,10.244999885559082,801976,0.0,0.0
2024-02-06 12:30:00-05:00,10.244000434875488,10.25,10.149999618530273,10.25,257690,0.0,0.0
2024-02-06 13:30:00-05:00,10.25,10.319999694824219,10.199999809265137,10.303000450134277,317865,0.0,0.0
2024-02-06 14:30:00-05:00,10.3100004196167,10.4399995803833,10.265000343322754,10.4399995803833,560627,0.0,0.0
2024-02-06 15:30:00-05:00,10.430000305175781,10.460000038146973,10.390000343322754,10.4399995803833,695780,0.0,0.0
2024-02-07 09:30:00-05:00,10.369999885559082,10.369999885559082,10.15999984741211,10.324999809265137,1314543,0.0,0.0
2024-02-07 10:30:00-05:00,10.329999923706055,10.369999885559082,10.160099983215332,10.220000267028809,694957,0.0,0.0
2024-02-07 11:30:00-05:00,10.229999542236328,10.289899826049805,10.204999923706055,10.25,327036,0.0,0.0
2024-02-07 12:30:00-05:00,10.255000114440918,10.420000076293945,10.199999809265137,10.419899940490723,407312,0.0,0.0
2024-02-07 13:30:00-05:00,10.420000076293945,10.48009967803955,10.380000114440918,10.385000228881836,677322,0.0,0.0
2024-02-07 14:30:00-05:00,10.390000343322754,10.5,10.375,10.484999656677246,361369,0.0,0.0
2024-02-07 15:30:00-05:00,10.484999656677246,10.484999656677246,10.350000381469727,10.420000076293945,514527,0.0,0.0
2024-02-08 09:30:00-05:00,10.449999809265137,10.930000305175781,10.380000114440918,10.829999923706055,1666650,0.0,0.0
2024-02-08 10:30:00-05:00,10.829999923706055,10.989999771118164,10.720000267028809,10.720000267028809,996773,0.0,0.0
2024-02-08 11:30:00-05:00,10.720000267028809,10.720000267028809,10.539999961853027,10.710000038146973,622694,0.0,0.0
2024-02-08 12:30:00-05:00,10.704999923706055,10.765000343322754,10.604999542236328,10.765000343322754,369450,0.0,0.0
2024-02-08 13:30:00-05:00,10.770000457763672,10.899999618530273,10.75,10.819999694824219,508519,0.0,0.0
2024-02-08 14:30:00-05:00,10.8100004196167,10.970000267028809,10.734999656677246,10.970000267028809,627461,0.0,0.0
2024-02-08 15:30:00-05:00,10.96500015258789,10.970000267028809,10.824999809265137,10.899999618530273,561646,0.0,0.0
2024-02-09 09:30:00-05:00,11.229999542236328,11.25,10.979999542236328,11.1899995803833,1835173,0.0,0.0
2024-02-09 10:30:00-05:00,11.199999809265137,11.199999809265137,10.760000228881836,10.839900016784668,910474,0.0,0.0
2024-02-09 11:30:00-05:00,10.84000015258789,10.975000381469727,10.8100004196167,10.960000038146973,595011,0.0,0.0
2024-02-09 12:30:00-05:00,10.960000038146973,11.140000343322754,10.914999961853027,11.140000343322754,436040,0.0,0.0
2024-02-09 13:30:00-05:00,11.135000228881836,11.140000343322754,11.039999961853027,11.125,471644,0.0,0.0
2024-02-09 14:30:00-05:00,11.119999885559082,11.130000114440918,11.005000114440918,11.119999885559082,457086,0.0,0.0
2024-02-09 15:30:00-05:00,11.129899978637695,11.180000305175781,11.09000015258789,11.180000305175781,605963,0.0,0.0
2024-02-12 09:30:00-05:00,11.130000114440918,11.640000343322754,11.0600004196167,11.630000114440918,2212653,0.0,0.0
2024-02-12 10:30:00-05:00,11.633999824523926,11.885000228881836,11.630000114440918,11.880000114440918,1290795,0.0,0.0
2024-02-12 11:30:00-05:00,11.885000228881836,11.999899864196777,11.819999694824219,11.890000343322754,1016721,0.0,0.0
2024-02-12 12:30:00-05:00,11.891200065612793,12.024999618530273,11.84000015258789,11.96500015258789,847648,0.0,0.0
2024-02-12 13:30:00-05:00,11.960000038146973,11.960000038146973,11.5600004196167,11.710000038146973,803755,0.0,0.0
2024-02-12 14:30:00-05:00,11.71500015258789,11.725000381469727,11.529999732971191,11.630000114440918,546921,0.0,0.0
2024-02-12 15:30:00-05:00,11.630000114440918,11.720000267028809,11.619999885559082,11.619999885559082,665168,0.0,0.0
2024-02-13 09:30:00-05:00,10.539999961853027,10.829999923706055,10.449999809265137,10.718799591064453,3542665,0.0,0.0
2024-02-13 10:30:00-05:00,10.71500015258789,10.859999656677246,10.609999656677246,10.726799964904785,984490,0.0,0.0
2024-02-13 11:30:00-05:00,10.725000381469727,10.899999618530273,10.690999984741211,10.779999732971191,526115,0.0,0.0
2024-02-13 12:30:00-05:00,10.78499984741211,10.899900436401367,10.720000267028809,10.8100004196167,411538,0.0,0.0
2024-02-13 13:30:00-05:00,10.800100326538086,10.8100004196167,10.579999923706055,10.65999984741211,593448,0.0,0.0
2024-02-13 14:30:00-05:00,10.649999618530273,10.678199768066406,10.470000267028809,10.479999542236328,624375,0.0,0.0
2024-02-13 15:30:00-05:00,10.479999542236328,10.539999961853027,10.470000267028809,10.539999961853027,639187,0.0,0.0
2024-02-14 09:30:00-05:00,10.9399995803833,10.979999542236328,10.5,10.664999961853027,2524690,0.0,0.0
2024-02-14 10:30:00-05:00,10.670000076293945,10.848799705505371,10.609999656677246,10.845000267028809,677266,0.0,0.0
2024-02-14 11:30:00-05:00,10.850000381469727,10.90999984741211,10.721099853515625,10.869799613952637,489691,0.0,0.0
2024-02-14 12:30:00-05:00,10.869600296020508,10.890000343322754,10.75,10.859999656677246,271130,0.0,0.0
2024-02-14 13:30:00-05:00,10.859999656677246,10.949999809265137,10.795000076293945,10.87559986114502,286375,0.0,0.0
2024-02-14 14:30:00-05:00,10.880000114440918,10.949999809265137,10.84000015258789,10.895000457763672,431175,0.0,0.0
2024-02-14 15:30:00-05:00,10.89009952545166,10.930000305175781,10.824999809265137,10.920000076293945,556878,0.0,0.0
2024-02-15 09:30:00-05:00,11.170000076293945,11.279999732971191,10.843600273132324,10.881199836730957,1927064,0.0,0.0
2024-02-15 10:30:00-05:00,10.890000343322754,11.010000228881836,10.770000457763672,10.970000267028809,707828,0.0,0.0
2024-02-15 11:30:00-05:00,10.975000381469727,10.982500076293945,10.850000381469727,10.914999961853027,269152,0.0,0.0
2024-02-15 12:30:00-05:00,10.920000076293945,11.015000343322754,10.890399932861328,11.0,296089,0.0,0.0
2024-02-15 13:30:00-05:00,11.0,11.010000228881836,10.930000305175781,11.0,386114,0.0,0.0
2024-02-15 14:30:00-05:00,10.994000434875488,11.0,10.90999984741211,10.984999656677246,459842,0.0,0.0
2024-02-15 15:30:00-05:00,10.989999771118164,11.005000114440918,10.949999809265137,11.0,691625,0.0,0.0
2024-02-16 09:30:00-05:00,11.029999732971191,11.1899995803833,10.720000267028809,10.760000228881836,2775970,0.0,0.0
2024-02-16 10:30:00-05:00,10.760000228881836,10.930000305175781,10.699999809265137,10.859999656677246,626271,0.0,0.0
2024-02-16 11:30:00-05:00,10.859999656677246,10.946700096130371,10.84000015258789,10.890000343322754,460382,0.0,0.0
2024-02-16 12:30:00-05:00,10.899999618530273,10.90999984741211,10.75,10.800000190734863,361120,0.0,0.0
2024-02-16 13:30:00-05:00,10.795000076293945,10.890000343322754,10.770000457763672,10.84000015258789,306182,0.0,0.0
2024-02-16 14:30:00-05:00,10.84000015258789,10.84000015258789,10.720000267028809,10.75,377931,0.0,0.0
2024-02-16 15:30:00-05:00,10.75,10.829999923706055,10.729999542236328,10.829999923706055,546478,0.0,0.0
2024-02-20 09:30:00-05:00,10.880000114440918,11.010000228881836,10.380000114440918,10.390999794006348,2411323,0.0,0.0
2024-02-20 10:30:00-05:00,10.399999618530273,10.6496000289917,10.350000381469727,10.609999656677246,694536,0.0,0.0
2024-02-20 11:30:00-05:00,10.609999656677246,10.609999656677246,10.449999809265137,10.5,320766,0.0,0.0
2024-02-20 12:30:00-05:00,10.501299858093262,10.550000190734863,10.460000038146973,10.5,297340,0.0,0.0
2024-02-20 13:30:00-05:00,10.5,10.558799743652344,10.460000038146973,10.479999542236328,261793,0.0,0.0
2024-02-20 14:30:00-05:00,10.484999656677246,10.609999656677246,10.470000267028809,10.580499649047852,340329,0.0,0.0
2024-02-20 15:30:00-05:00,10.59000015258789,10.630000114440918,10.550000190734863,10.609999656677246,459675,0.0,0.0
2024-02-21 09:30:00-05:00,10.420000076293945,10.520000457763672,10.350000381469727,10.390000343322754,1010636,0.0,0.0
2024-02-21 10:30:00-05:00,10.399999618530273,10.59000015258789,10.380000114440918,10.53499984741211,442031,0.0,0.0
2024-02-21 11:30:00-05:00,10.53499984741211,10.555000305175781,10.430000305175781,10.449999809265137,358832,0.0,0.0
2024-02-21 12:30:00-05:00,10.449999809265137,10.579999923706055,10.4399995803833,10.510000228881836,279500,0.0,0.0
2024-02-21 13:30:00-05:00,10.515000343322754,10.539999961853027,10.470000267028809,10.510000228881836,302996,0.0,0.0
2024-02-21 14:30:00-05:00,10.510000228881836,10.609999656677246,10.470000267028809,10.604999542236328,510246,0.0,0.0
2024-02-21 15:30:00-05:00,10.603500366210938,10.710000038146973,10.603500366210938,10.640000343322754,755992,0.0,0.0
2024-02-22 09:30:00-05:00,10.930000305175781,11.164999961853027,10.760000228881836,10.90999984741211,2306195,0.0,0.0
2024-02-22 10:30:00-05:00,10.90999984741211,11.029999732971191,10.779999732971191,10.994500160217285,702138,0.0,0.0
2024-02-22 11:30:00-05:00,10.994999885559082,11.059900283813477,10.9350004196167,10.979999542236328,512896,0.0,0.0
2024-02-22 12:30:00-05:00,10.974100112915039,11.018400192260742,10.850000381469727,10.854999542236328,385191,0.0,0.0
2024-02-22 13:30:00-05:00,10.859999656677246,11.010000228881836,10.859999656677246,10.989999771118164,456809,0.0,0.0
2024-02-22 14:30:00-05:00,10.984999656677246,10.989999771118164,10.880000114440918,10.920000076293945,452826,0.0,0.0
2024-02-22 15:30:00-05:00,10.930000305175781,11.010000228881836,10.930000305175781,10.979999542236328,715939,0.0,0.0
2024-02-23 09:30:00-05:00,11.109999656677246,11.119999885559082,10.720000267028809,10.733099937438965,1563869,0.0,0.0
2024-02-23 10:30:00-05:00,10.739999771118164,10.800000190734863,10.529999732971191,10.60990047454834,720885,0.0,0.0
2024-02-23 11:30:00-05:00,10.600000381469727,10.680000305175781,10.529999732971191,10.65999984741211,580323,0.0,0.0
2024-02-23 12:30:00-05:00,10.649999618530273,10.75,10.614999771118164,10.734999656677246,281934,0.0,0.0
2024-02-23 13:30:00-05:00,10.734999656677246,10.829999923706055,10.710000038146973,10.805000305175781,393012,0.0,0.0
2024-02-23 14:30:00-05:00,10.805000305175781,10.819700241088867,10.600000381469727,10.604999542236328,343297,0.0,0.0
2024-02-23 15:30:00-05:00,10.604999542236328,10.65999984741211,10.579999923706055,10.630000114440918,560042,0.0,0.0
2024-02-26 09:30:00-05:00,10.960000038146973,11.134099960327148,10.851200103759766,11.061100006103516,1999874,0.0,0.0
2024-02-26 10:30:00-05:00,11.0649995803833,11.1899995803833,10.975000381469727,11.100000381469727,1049134,0.0,0.0
2024-02-26 11:30:00-05:00,11.100000381469727,11.229999542236328,11.039999961853027,11.1899995803833,575542,0.0,0.0
2024-02-26 12:30:00-05:00,11.192500114440918,11.300000190734863,11.029999732971191,11.0600004196167,661520,0.0,0.0
2024-02-26 13:30:00-05:00,11.0600004196167,11.179499626159668,11.029999732971191,11.145000457763672,414253,0.0,0.0
2024-02-26 14:30:00-05:00,11.145999908447266,11.229900360107422,11.109999656677246,11.194999694824219,616024,0.0,0.0
2024-02-26 15:30:00-05:00,11.199999809265137,11.25,11.15999984741211,11.25,731693,0.0,0.0
2024-02-27 09:30:00-05:00,11.430000305175781,11.600000381469727,11.260000228881836,11.420000076293945,2202489,0.0,0.0
2024-02-27 10:30:00-05:00,11.414999961853027,11.5649995803833,11.399999618530273,11.5,1144205,0.0,0.0
2024-02-27 11:30:00-05:00,11.499699592590332,11.675600051879883,11.451199531555176,11.49839973449707,749979,0.0,0.0
2024-02-27 12:30:00-05:00,11.494999885559082,11.531100273132324,11.239999771118164,11.305000305175781,1151922,0.0,0.0
2024-02-27 13:30:00-05:00,11.300000190734863,11.5600004196167,11.300000190734863,11.539999961853027,424935,0.0,0.0
2024-02-27 14:30:00-05:00,11.539999961853027,11.595000267028809,11.479999542236328,11.579700469970703,520020,0.0,0.0
2024-02-27 15:30:00-05:00,11.579999923706055,11.59000015258789,11.529999732971191,11.569999694824219,702500,0.0,0.0
2024-02-28 09:30:00-05:00,11.300000190734863,11.430000305175781,11.15999984741211,11.359199523925781,2157574,0.0,0.0
2024-02-28 10:30:00-05:00,11.359800338745117,11.460000038146973,11.270000457763672,11.354999542236328,810256,0.0,0.0
2024-02-28 11:30:00-05:00,11.350000381469727,11.628700256347656,11.34000015258789,11.46500015258789,1080244,0.0,0.0
2024-02-28 12:30:00-05:00,11.460000038146973,11.469099998474121,11.329999923706055,11.390000343322754,855457,0.0,0.0
2024-02-28 13:30:00-05:00,11.395000457763672,11.4350004196167,11.350000381469727,11.350000381469727,757778,0.0,0.0
2024-02-28 14:30:00-05:00,11.350000381469727,11.369999885559082,11.229999542236328,11.335000038146973,1153401,0.0,0.0
2024-02-28 15:30:00-05:00,11.34000015258789,11.350000381469727,11.25,11.270000457763672,1108069,0.0,0.0
2024-02-29 09:30:00-05:00,11.710000038146973,11.719799995422363,10.5,10.720000267028809,9471113,0.0,0.0
2024-02-29 10:30:00-05:00,10.729999542236328,10.90999984741211,10.475000381469727,10.510000228881836,2517668,0.0,0.0
2024-02-29 11:30:00-05:00,10.509900093078613,10.699999809265137,10.449999809265137,10.510000228881836,1711333,0.0,0.0
2024-02-29 12:30:00-05:00,10.510100364685059,10.539999961853027,10.350000381469727,10.444999694824219,1248878,0.0,0.0
2024-02-29 13:30:00-05:00,10.441900253295898,10.545000076293945,10.370200157165527,10.375,907681,0.0,0.0
2024-02-29 14:30:00-05:00,10.378399848937988,10.390000343322754,10.199999809265137,10.305000305175781,1513796,0.0,0.0
2024-02-29 15:30:00-05:00,10.3100004196167,10.404999732971191,10.239999771118164,10.34000015258789,1255955,0.0,0.0
2024-03-01 09:30:00-05:00,10.3100004196167,10.654999732971191,10.170000076293945,10.539999961853027,3051476,0.0,0.0
2024-03-01 10:30:00-05:00,10.539999961853027,10.630000114440918,10.305000305175781,10.589900016784668,1670151,0.0,0.0
2024-03-01 11:30:00-05:00,10.579999923706055,10.8100004196167,10.520000457763672,10.6899995803833,1349051,0.0,0.0
2024-03-01 12:30:00-05:00,10.694999694824219,10.859999656677246,10.630000114440918,10.84000015258789,926456,0.0,0.0
2024-03-01 13:30:00-05:00,10.84000015258789,10.850000381469727,10.670000076293945,10.779999732971191,910267,0.0,0.0
2024-03-01 14:30:00-05:00,10.774999618530273,10.858799934387207,10.640000343322754,10.649999618530273,744295,0.0,0.0
2024-03-01 15:30:00-05:00,10.645000457763672,10.65999984741211,10.5,10.65999984741211,1055112,0.0,0.0
2024-03-04 09:30:00-05:00,10.489999771118164,10.550000190734863,10.119999885559082,10.229999542236328,3651306,0.0,0.0
2024-03-04 10:30:00-05:00,10.234999656677246,10.65999984741211,10.22249984741211,10.301899909973145,1426450,0.0,0.0
2024-03-04 11:30:00-05:00,10.3100004196167,10.3100004196167,10.109999656677246,10.129500389099121,973636,0.0,0.0
2024-03-04 12:30:00-05:00,10.125,10.130000114440918,9.850000381469727,9.979999542236328,1689246,0.0,0.0
2024-03-04 13:30:00-05:00,9.979999542236328,10.09000015258789,9.944999694824219,9.970000267028809,931918,0.0,0.0
2024-03-04 14:30:00-05:00,9.970000267028809,10.170000076293945,9.960000038146973,10.114999771118164,764330,0.0,0.0
2024-03-04 15:30:00-05:00,10.114999771118164,10.130000114440918,9.979999542236328,10.09000015258789,928732,0.0,0.0
2024-03-05 09:30:00-05:00,9.930000305175781,10.0,9.479999542236328,9.501799583435059,3938560,0.0,0.0
2024-03-05 10:30:00-05:00,9.5,9.5,9.239999771118164,9.319999694824219,1671272,0.0,0.0
2024-03-05 11:30:00-05:00,9.329899787902832,9.4399995803833,9.260000228881836,9.4399995803833,932715,0.0,0.0
2024-03-05 12:30:00-05:00,9.4399995803833,9.4399995803833,9.260000228881836,9.279999732971191,714511,0.0,0.0
2024-03-05 13:30:00-05:00,9.274999618530273,9.34000015258789,9.25,9.28849983215332,765360,0.0,0.0
2024-03-05 14:30:00-05:00,9.28499984741211,9.287799835205078,9.151200294494629,9.229999542236328,1169023,0.0,0.0
2024-03-05 15:30:00-05:00,9.225000381469727,9.380000114440918,9.223799705505371,9.369999885559082,1273821,0.0,0.0
2024-03-06 09:30:00-05:00,9.890000343322754,10.0,9.3100004196167,9.498800277709961,3238504,0.0,0.0
2024-03-06 10:30:00-05:00,9.498800277709961,9.90999984741211,9.470000267028809,9.899999618530273,1395992,0.0,0.0
2024-03-06 11:30:00-05:00,9.90429973602295,10.045000076293945,9.770000457763672,10.023099899291992,966511,0.0,0.0
2024-03-06 12:30:00-05:00,10.024999618530273,10.154999732971191,10.0,10.050000190734863,1154098,0.0,0.0
2024-03-06 13:30:00-05:00,10.050000190734863,10.069999694824219,9.734999656677246,9.805000305175781,872883,0.0,0.0
2024-03-06 14:30:00-05:00,9.8100004196167,9.859999656677246,9.720000267028809,9.75,613122,0.0,0.0
2024-03-06 15:30:00-05:00,9.755000114440918,9.920000076293945,9.6899995803833,9.920000076293945,932679,0.0,0.0
2024-03-07 09:30:00-05:00,10.399999618530273,10.710000038146973,10.175000190734863,10.670000076293945,3794373,0.0,0.0
2024-03-07 10:30:00-05:00,10.680000305175781,11.149999618530273,10.569999694824219,11.145000457763672,2471714,0.0,0.0
2024-03-07 11:30:00-05:00,11.140000343322754,11.319999694824219,10.729999542236328,10.979399681091309,2520083,0.0,0.0
2024-03-07 12:30:00-05:00,10.970000267028809,11.0,10.739999771118164,10.84000015258789,1140281,0.0,0.0
2024-03-07 13:30:00-05:00,10.84000015258789,10.949999809265137,10.805000305175781,10.880000114440918,760916,0.0,0.0
2024-03-07 14:30:00-05:00,10.885000228881836,10.970000267028809,10.859999656677246,10.90999984741211,667672,0.0,0.0
2024-03-07 15:30:00-05:00,10.90999984741211,10.920000076293945,10.854999542236328,10.899999618530273,1129694,0.0,0.0
2024-03-08 09:30:00-05:00,11.15999984741211,12.319999694824219,11.069999694824219,12.0,7640484,0.0,0.0
2024-03-08 10:30:00-05:00,12.001099586486816,12.010000228881836,11.239999771118164,11.239999771118164,2797091,0.0,0.0
2024-03-08 11:30:00-05:00,11.239999771118164,11.399999618530273,11.140000343322754,11.319999694824219,1816786,0.0,0.0
2024-03-08 12:30:00-05:00,11.319999694824219,11.389900207519531,11.145000457763672,11.1899995803833,922243,0.0,0.0
2024-03-08 13:30:00-05:00,11.1850004196167,11.21500015258789,10.970000267028809,11.055000305175781,1410388,0.0,0.0
2024-03-08 14:30:00-05:00,11.0600004196167,11.1899995803833,10.930000305175781,10.930999755859375,818292,0.0,0.0
2024-03-08 15:30:00-05:00,10.9350004196167,10.979999542236328,10.800000190734863,10.8100004196167,1259857,0.0,0.0
2024-03-11 09:30:00-04:00,10.770000457763672,10.770000457763672,10.069999694824219,10.311200141906738,4047033,0.0,0.0
2024-03-11 10:30:00-04:00,10.319999694824219,10.380000114440918,10.180000305175781,10.199999809265137,1435775,0.0,0.0
2024-03-11 11:30:00-04:00,10.199999809265137,10.210000038146973,10.0,10.029899597167969,1293968,0.0,0.0
2024-03-11 12:30:00-04:00,10.024999618530273,10.050000190734863,9.90999984741211,9.949999809265137,1344141,0.0,0.0
2024-03-11 13:30:00-04:00,9.95989990234375,9.970000267028809,9.859999656677246,9.913999557495117,1013644,0.0,0.0
2024-03-11 14:30:00-04:00,9.914999961853027,9.920000076293945,9.699999809265137,9.71500015258789,1407148,0.0,0.0
2024-03-11 15:30:00-04:00,9.720000267028809,9.8100004196167,9.710000038146973,9.789999961853027,857555,0.0,0.0
2024-03-12 09:30:00-04:00,10.010000228881836,10.100000381469727,9.609999656677246,10.100000381469727,2967153,0.0,0.0
2024-03-12 10:30:00-04:00,10.100000381469727,10.25,9.970000267028809,10.220000267028809,1475037,0.0,0.0
2024-03-12 11:30:00-04:00,10.21500015258789,10.21500015258789,9.890000343322754,9.895000457763672,998177,0.0,0.0
2024-03-12 12:30:00-04:00,9.895000457763672,9.9399995803833,9.829999923706055,9.90999984741211,554192,0.0,0.0
2024-03-12 13:30:00-04:00,9.907500267028809,9.975000381469727,9.851900100708008,9.890000343322754,615908,0.0,0.0
2024-03-12 14:30:00-04:00,9.890000343322754,9.899999618530273,9.850000381469727,9.854999542236328,455866,0.0,0.0
2024-03-12 15:30:00-04:00,9.857500076293945,9.899999618530273,9.850000381469727,9.86989974975586,812612,0.0,0.0
2024-03-13 09:30:00-04:00,9.770000457763672,10.0649995803833,9.649999618530273,9.979999542236328,2332588,0.0,0.0
2024-03-13 10:30:00-04:00,9.970000267028809,10.0600004196167,9.84000015258789,9.899999618530273,941131,0.0,0.0
2024-03-13 11:30:00-04:00,9.899999618530273,9.994999885559082,9.84000015258789,9.870100021362305,789534,0.0,0.0
2024-03-13 12:30:00-04:00,9.880000114440918,9.889900207519531,9.734999656677246,9.8100004196167,741116,0.0,0.0
2024-03-13 13:30:00-04:00,9.800000190734863,9.899999618530273,9.760000228881836,9.864999771118164,425911,0.0,0.0
2024-03-13 14:30:00-04:00,9.869999885559082,9.880000114440918,9.600000381469727,9.640000343322754,1021083,0.0,0.0
2024-03-13 15:30:00-04:00,9.638799667358398,9.670000076293945,9.600000381469727,9.640000343322754,851444,0.0,0.0
2024-03-14 09:30:00-04:00,9.680000305175781,9.699999809265137,9.335000038146973,9.45009994506836,2740072,0.0,0.0
2024-03-14 10:30:00-04:00,9.449999809265137,9.5,9.329999923706055,9.339099884033203,771915,0.0,0.0
2024-03-14 11:30:00-04:00,9.338800430297852,9.359999656677246,9.229999542236328,9.259900093078613,979675,0.0,0.0
2024-03-14 12:30:00-04:00,9.259499549865723,9.34000015258789,9.25,9.28499984741211,498170,0.0,0.0
2024-03-14 13:30:00-04:00,9.279999732971191,9.390000343322754,9.260000228881836,9.299799919128418,441051,0.0,0.0
2024-03-14 14:30:00-04:00,9.295000076293945,9.300000190734863,9.130000114440918,9.15999984741211,888540,0.0,0.0
2024-03-14 15:30:00-04:00,9.164999961853027,9.210000038146973,9.109999656677246,9.210000038146973,857103,0.0,0.0
2024-03-15 09:30:00-04:00,9.15999984741211,9.34000015258789,9.069999694824219,9.239299774169922,2073597,0.0,0.0
2024-03-15 10:30:00-04:00,9.239999771118164,9.380000114440918,9.210000038146973,9.25879955291748,757981,0.0,0.0
2024-03-15 11:30:00-04:00,9.255000114440918,9.300000190734863,9.15999984741211,9.1899995803833,646360,0.0,0.0
2024-03-15 12:30:00-04:00,9.1899995803833,9.25,9.140000343322754,9.239999771118164,792558,0.0,0.0
2024-03-15 13:30:00-04:00,9.23009967803955,9.329999923706055,9.225000381469727,9.28499984741211,350852,0.0,0.0
2024-03-15 14:30:00-04:00,9.28499984741211,9.375,9.274399757385254,9.34000015258789,464285,0.0,0.0
2024-03-15 15:30:00-04:00,9.345000267028809,9.350000381469727,9.260000228881836,9.3100004196167,585992,0.0,0.0
2024-03-18 09:30:00-04:00,9.390000343322754,9.399999618530273,9.069999694824219,9.350000381469727,2029326,0.0,0.0
2024-03-18 10:30:00-04:00,9.350000381469727,9.5600004196167,9.300000190734863,9.40999984741211,879163,0.0,0.0
2024-03-18 11:30:00-04:00,9.418399810791016,9.555000305175781,9.350000381469727,9.489999771118164,475706,0.0,0.0
2024-03-18 12:30:00-04:00,9.484999656677246,9.520000457763672,9.369999885559082,9.494999885559082,380016,0.0,0.0
2024-03-18 13:30:00-04:00,9.5,9.675000190734863,9.470000267028809,9.619999885559082,592941,0.0,0.0
2024-03-18 14:30:00-04:00,9.625,9.635000228881836,9.550000190734863,9.595000267028809,336454,0.0,0.0
2024-03-18 15:30:00-04:00,9.59000015258789,9.600000381469727,9.524999618530273,9.539999961853027,458460,0.0,0.0
2024-03-19 09:30:00-04:00,9.210000038146973,9.430000305175781,9.0600004196167,9.074999809265137,2155569,0.0,0.0
2024-03-19 10:30:00-04:00,9.074000358581543,9.300000190734863,9.0600004196167,9.225000381469727,843198,0.0,0.0
2024-03-19 11:30:00-04:00,9.220000267028809,9.39739990234375,9.220000267028809,9.380000114440918,324564,0.0,0.0
2024-03-19 12:30:00-04:00,9.380000114440918,9.479999542236328,9.380000114440918,9.460000038146973,401837,0.0,0.0
2024-03-19 13:30:00-04:00,9.454999923706055,9.460000038146973,9.21500015258789,9.25,556310,0.0,0.0
2024-03-19 14:30:00-04:00,9.25,9.289999961853027,9.140000343322754,9.184000015258789,603859,0.0,0.0
2024-03-19 15:30:00-04:00,9.180000305175781,9.270000457763672,9.170000076293945,9.25,615620,0.0,0.0
2024-03-20 09:30:00-04:00,9.170000076293945,9.359999656677246,9.095000267028809,9.34000015258789,1112408,0.0,0.0
2024-03-20 10:30:00-04:00,9.335000038146973,9.350000381469727,9.239999771118164,9.260000228881836,390952,0.0,0.0
2024-03-20 11:30:00-04:00,9.262900352478027,9.270000457763672,9.15999984741211,9.170000076293945,487950,0.0,0.0
2024-03-20 12:30:00-04:00,9.15999984741211,9.15999984741211,9.093600273132324,9.104999542236328,473262,0.0,0.0
2024-03-20 13:30:00-04:00,9.109199523925781,9.430000305175781,9.09000015258789,9.329999923706055,692671,0.0,0.0
2024-03-20 14:30:00-04:00,9.34000015258789,9.539999961853027,9.180000305175781,9.505000114440918,745917,0.0,0.0
2024-03-20 15:30:00-04:00,9.510000228881836,9.59000015258789,9.479999542236328,9.585000038146973,906491,0.0,0.0
2024-03-21 09:30:00-04:00,9.739999771118164,9.789999961853027,9.489999771118164,9.609999656677246,1675439,0.0,0.0
2024-03-21 10:30:00-04:00,9.60260009765625,9.710000038146973,9.489999771118164,9.520000457763672,647497,0.0,0.0
2024-03-21 11:30:00-04:00,9.526000022888184,9.550000190734863,9.430000305175781,9.484999656677246,442981,0.0,0.0
2024-03-21 12:30:00-04:00,9.479999542236328,9.546099662780762,9.470000267028809,9.524999618530273,405434,0.0,0.0
2024-03-21 13:30:00-04:00,9.520000457763672,9.529999732971191,9.329999923706055,9.414999961853027,490183,0.0,0.0
2024-03-21 14:30:00-04:00,9.411800384521484,9.496000289916992,9.350000381469727,9.4350004196167,344227,0.0,0.0
2024-03-21 15:30:00-04:00,9.4399995803833,9.460000038146973,9.404999732971191,9.420000076293945,552120,0.0,0.0
2024-03-22 09:30:00-04:00,9.380000114440918,9.5,9.26200008392334,9.364999771118164,841045,0.0,0.0
2024-03-22 10:30:00-04:00,9.364999771118164,9.430000305175781,9.300000190734863,9.430000305175781,454568,0.0,0.0
2024-03-22 11:30:00-04:00,9.425000190734863,9.4399995803833,9.350000381469727,9.404999732971191,263046,0.0,0.0
2024-03-22 12:30:00-04:00,9.40999984741211,9.539999961853027,9.373700141906738,9.509900093078613,284904,0.0,0.0
2024-03-22 13:30:00-04:00,9.505000114440918,9.550000190734863,9.460000038146973,9.5,295486,0.0,0.0
2024-03-22 14:30:00-04:00,9.494999885559082,9.520000457763672,9.440099716186523,9.489999771118164,269139,0.0,0.0
2024-03-22 15:30:00-04:00,9.479999542236328,9.494999885559082,9.390000343322754,9.390000343322754,483557,0.0,0.0
2024-03-25 09:30:00-04:00,9.350000381469727,9.640000343322754,9.329999923706055,9.4399995803833,1255423,0.0,0.0
2024-03-25 10:30:00-04:00,9.444999694824219,9.600000381469727,9.37030029296875,9.484999656677246,674577,0.0,0.0
2024-03-25 11:30:00-04:00,9.489999771118164,9.5600004196167,9.470100402832031,9.555000305175781,315703,0.0,0.0
2024-03-25 12:30:00-04:00,9.555000305175781,9.670000076293945,9.545000076293945,9.649999618530273,335371,0.0,0.0
2024-03-25 13:30:00-04:00,9.651200294494629,9.699999809265137,9.600000381469727,9.604999542236328,309495,0.0,0.0
2024-03-25 14:30:00-04:00,9.600000381469727,9.649999618530273,9.550000190734863,9.5600004196167,392940,0.0,0.0
2024-03-25 15:30:00-04:00,9.5649995803833,9.609999656677246,9.550000190734863,9.550000190734863,441764,0.0,0.0
2024-03-26 09:30:00-04:00,9.614999771118164,9.6899995803833,9.34000015258789,9.34000015258789,1423698,0.0,0.0
2024-03-26 10:30:00-04:00,9.34000015258789,9.420000076293945,9.319999694824219,9.399999618530273,674836,0.0,0.0
2024-03-26 11:30:00-04:00,9.392499923706055,9.494999885559082,9.390000343322754,9.479999542236328,324693,0.0,0.0
2024-03-26 12:30:00-04:00,9.484999656677246,9.515000343322754,9.420000076293945,9.4399995803833,250005,0.0,0.0
2024-03-26 13:30:00-04:00,9.449999809265137,9.460000038146973,9.359999656677246,9.369999885559082,334854,0.0,0.0
2024-03-26 14:30:00-04:00,9.369999885559082,9.390000343322754,9.199999809265137,9.21500015258789,524743,0.0,0.0
2024-03-26 15:30:00-04:00,9.210000038146973,9.220000267028809,9.100000381469727,9.109999656677246,850110,0.0,0.0
2024-03-27 09:30:00-04:00,9.229999542236328,9.390000343322754,9.145000457763672,9.350000381469727,1689853,0.0,0.0
2024-03-27 10:30:00-04:00,9.359999656677246,9.479999542236328,9.329999923706055,9.399999618530273,454313,0.0,0.0
2024-03-27 11:30:00-04:00,9.399999618530273,9.479999542236328,9.350000381469727,9.475000381469727,318691,0.0,0.0
2024-03-27 12:30:00-04:00,9.479999542236328,9.5600004196167,9.4399995803833,9.449999809265137,366760,0.0,0.0
2024-03-27 13:30:00-04:00,9.444999694824219,9.529999732971191,9.430000305175781,9.515000343322754,220123,0.0,0.0
2024-03-27 14:30:00-04:00,9.513699531555176,9.529999732971191,9.449999809265137,9.48009967803955,316915,0.0,0.0
2024-03-27 15:30:00-04:00,9.484999656677246,9.5600004196167,9.449999809265137,9.5600004196167,506727,0.0,0.0
2024-03-28 09:30:00-04:00,9.489999771118164,9.800000190734863,9.40999984741211,9.760000228881836,1463054,0.0,0.0
2024-03-28 10:30:00-04:00,9.760000228881836,9.979999542236328,9.739999771118164,9.85990047454834,1211009,0.0,0.0
2024-03-28 11:30:00-04:00,9.859999656677246,9.930000305175781,9.819999694824219,9.880000114440918,518890,0.0,0.0
2024-03-28 12:30:00-04:00,9.885000228881836,9.899999618530273,9.829999923706055,9.864999771118164,278151,0.0,0.0
2024-03-28 13:30:00-04:00,9.869999885559082,9.949999809265137,9.845000267028809,9.888799667358398,385568,0.0,0.0
2024-03-28 14:30:00-04:00,9.890000343322754,10.0,9.880000114440918,9.96500015258789,512986,0.0,0.0
2024-03-28 15:30:00-04:00,9.970000267028809,10.010000228881836,9.890000343322754,9.984999656677246,823309,0.0,0.0
2024-04-01 09:30:00-04:00,9.979999542236328,10.09000015258789,9.670000076293945,9.739999771118164,1966841,0.0,0.0
2024-04-01 10:30:00-04:00,9.75,9.800000190734863,9.65999984741211,9.725000381469727,628966,0.0,0.0
2024-04-01 11:30:00-04:00,9.725000381469727,9.850000381469727,9.669899940490723,9.84000015258789,388524,0.0,0.0
2024-04-01 12:30:00-04:00,9.845000267028809,9.914999961853027,9.810500144958496,9.849900245666504,314280,0.0,0.0
2024-04-01 13:30:00-04:00,9.845000267028809,9.960000038146973,9.829999923706055,9.90999984741211,249502,0.0,0.0
2024-04-01 14:30:00-04:00,9.904999732971191,9.960000038146973,9.904999732971191,9.944999694824219,190546,0.0,0.0
2024-04-01 15:30:00-04:00,9.944999694824219,10.0,9.899999618530273,9.989999771118164,468228,0.0,0.0
2024-04-02 09:30:00-04:00,9.630000114440918,9.725000381469727,9.380000114440918,9.5,1793781,0.0,0.0
2024-04-02 10:30:00-04:00,9.505000114440918,9.555000305175781,9.449999809265137,9.508299827575684,479779,0.0,0.0
2024-04-02 11:30:00-04:00,9.502400398254395,9.529999732971191,9.404999732971191,9.40999984741211,504343,0.0,0.0
2024-04-02 12:30:00-04:00,9.414999961853027,9.430000305175781,9.279999732971191,9.295000076293945,546090,0.0,0.0
2024-04-02 13:30:00-04:00,9.295000076293945,9.379199981689453,9.260000228881836,9.329999923706055,386358,0.0,0.0
2024-04-02 14:30:00-04:00,9.34000015258789,9.34000015258789,9.270000457763672,9.295000076293945,363772,0.0,0.0
2024-04-02 15:30:00-04:00,9.289999961853027,9.399999618530273,9.270000457763672,9.354999542236328,731515,0.0,0.0
2024-04-03 09:30:00-04:00,9.319999694824219,9.539999961853027,9.289999961853027,9.489999771118164,1094822,0.0,0.0
2024-04-03 10:30:00-04:00,9.494999885559082,9.515000343322754,9.4399995803833,9.449999809265137,317584,0.0,0.0
2024-04-03 11:30:00-04:00,9.45989990234375,9.45989990234375,9.329999923706055,9.381400108337402,426087,0.0,0.0
2024-04-03 12:30:00-04:00,9.380000114440918,9.420000076293945,9.300000190734863,9.399999618530273,372804,0.0,0.0
2024-04-03 13:30:00-04:00,9.399999618530273,9.4399995803833,9.395000457763672,9.399999618530273,157597,0.0,0.0
2024-04-03 14:30:00-04:00,9.399999618530273,9.420000076293945,9.279999732971191,9.289999961853027,355441,0.0,0.0
2024-04-03 15:30:00-04:00,9.289999961853027,9.329999923706055,9.279999732971191,9.319999694824219,372263,0.0,0.0
2024-04-04 09:30:00-04:00,9.470000267028809,9.720000267028809,9.420000076293945,9.609999656677246,999779,0.0,0.0
2024-04-04 10:30:00-04:00,9.614999771118164,9.619999885559082,9.470000267028809,9.515000343322754,401913,0.0,0.0
2024-04-04 11:30:00-04:00,9.518799781799316,9.600000381469727,9.479999542236328,9.539999961853027,490807,0.0,0.0
2024-04-04 12:30:00-04:00,9.539999961853027,9.539999961853027,9.385000228881836,9.390000343322754,442132,0.0,0.0
2024-04-04 13:30:00-04:00,9.389900207519531,9.4399995803833,9.279999732971191,9.281999588012695,493100,0.0,0.0
2024-04-04 14:30:00-04:00,9.281100273132324,9.350000381469727,9.09000015258789,9.09000015258789,1009663,0.0,0.0
2024-04-04 15:30:00-04:00,9.092399597167969,9.1850004196167,9.09000015258789,9.119999885559082,881601,0.0,0.0
2024-04-05 09:30:00-04:00,9.220000267028809,9.369999885559082,9.02750015258789,9.229999542236328,1558152,0.0,0.0
2024-04-05 10:30:00-04:00,9.229999542236328,9.289999961853027,9.079999923706055,9.149999618530273,568554,0.0,0.0
2024-04-05 11:30:00-04:00,9.140000343322754,9.267499923706055,9.140000343322754,9.260000228881836,322590,0.0,0.0
2024-04-05 12:30:00-04:00,9.258099555969238,9.329999923706055,9.220000267028809,9.3100004196167,335530,0.0,0.0
2024-04-05 13:30:00-04:00,9.305000305175781,9.329999923706055,9.119999885559082,9.218999862670898,458322,0.0,0.0
2024-04-05 14:30:00-04:00,9.220000267028809,9.25,9.149999618530273,9.16100025177002,292146,0.0,0.0
2024-04-05 15:30:00-04:00,9.15999984741211,9.229999542236328,9.15999984741211,9.210000038146973,408437,0.0,0.0
2024-04-08 09:30:00-04:00,9.270000457763672,9.359999656677246,8.739999771118164,8.845000267028809,3032794,0.0,0.0
2024-04-08 10:30:00-04:00,8.845000267028809,8.930000305175781,8.59000015258789,8.59000015258789,2121518,0.0,0.0
2024-04-08 11:30:00-04:00,8.59000015258789,8.600000381469727,8.390000343322754,8.429200172424316,2457672,0.0,0.0
2024-04-08 12:30:00-04:00,8.425999641418457,8.529999732971191,8.420000076293945,8.430000305175781,1093534,0.0,0.0
2024-04-08 13:30:00-04:00,8.425000190734863,8.4399995803833,8.320099830627441,8.404999732971191,1153316,0.0,0.0
2024-04-08 14:30:00-04:00,8.404999732971191,8.5,8.380000114440918,8.4399995803833,906319,0.0,0.0
2024-04-08 15:30:00-04:00,8.4399995803833,8.460000038146973,8.369999885559082,8.380000114440918,870672,0.0,0.0
2024-04-09 09:30:00-04:00,8.279999732971191,8.609999656677246,8.170000076293945,8.360699653625488,2528230,0.0,0.0
2024-04-09 10:30:00-04:00,8.364999771118164,8.479999542236328,8.319999694824219,8.40999984741211,641132,0.0,0.0
2024-04-09 11:30:00-04:00,8.40999984741211,8.5,8.390000343322754,8.471199989318848,423367,0.0,0.0
2024-04-09 12:30:00-04:00,8.470000267028809,8.484999656677246,8.369999885559082,8.398099899291992,271696,0.0,0.0
2024-04-09 13:30:00-04:00,8.394000053405762,8.470000267028809,8.369999885559082,8.414999961853027,249046,0.0,0.0
2024-04-09 14:30:00-04:00,8.414999961853027,8.430000305175781,8.329999923706055,8.404999732971191,352805,0.0,0.0
2024-04-09 15:30:00-04:00,8.404999732971191,8.40999984741211,8.359999656677246,8.390000343322754,429098,0.0,0.0
2024-04-10 09:30:00-04:00,8.0,8.220000267028809,7.949999809265137,8.17590045928955,2170865,0.0,0.0
2024-04-10 10:30:00-04:00,8.175000190734863,8.25,8.050000190734863,8.13010025024414,781882,0.0,0.0
2024-04-10 11:30:00-04:00,8.140000343322754,8.15999984741211,8.069999694824219,8.151000022888184,423380,0.0,0.0
2024-04-10 12:30:00-04:00,8.151200294494629,8.220000267028809,8.079999923706055,8.079999923706055,409506,0.0,0.0
2024-04-10 13:30:00-04:00,8.079999923706055,8.109999656677246,8.020000457763672,8.020000457763672,441427,0.0,0.0
2024-04-10 14:30:00-04:00,8.020000457763672,8.020000457763672,7.940000057220459,7.980100154876709,868496,0.0,0.0
2024-04-10 15:30:00-04:00,7.980000019073486,8.029999732971191,7.949999809265137,7.989999771118164,649217,0.0,0.0
2024-04-11 09:30:00-04:00,8.020000457763672,8.16759967803955,7.96120023727417,8.09000015258789,1558939,0.0,0.0
2024-04-11 10:30:00-04:00,8.09000015258789,8.135000228881836,8.020000457763672,8.055000305175781,312737,0.0,0.0
2024-04-11 11:30:00-04:00,8.055000305175781,8.229999542236328,8.039999961853027,8.1850004196167,357967,0.0,0.0
2024-04-11 12:30:00-04:00,8.181699752807617,8.34000015258789,8.170000076293945,8.317299842834473,381061,0.0,0.0
2024-04-11 13:30:00-04:00,8.310999870300293,8.380000114440918,8.244999885559082,8.329999923706055,404555,0.0,0.0
2024-04-11 14:30:00-04:00,8.324999809265137,8.329999923706055,8.220000267028809,8.265000343322754,337364,0.0,0.0
2024-04-11 15:30:00-04:00,8.260000228881836,8.300000190734863,8.229999542236328,8.239999771118164,415906,0.0,0.0
2024-04-12 09:30:00-04:00,8.079999923706055,8.139900207519531,8.03499984741211,8.100000381469727,850523,0.0,0.0
2024-04-12 10:30:00-04:00,8.09000015258789,8.210000038146973,8.020000457763672,8.199999809265137,377826,0.0,0.0
2024-04-12 11:30:00-04:00,8.194999694824219,8.221500396728516,8.130000114440918,8.170000076293945,246727,0.0,0.0
2024-04-12 12:30:00-04:00,8.160099983215332,8.170000076293945,8.020000457763672,8.04990005493164,342077,0.0,0.0
2024-04-12 13:30:00-04:00,8.039999961853027,8.109999656677246,8.029999732971191,8.050100326538086,252666,0.0,0.0
2024-04-12 14:30:00-04:00,8.050000190734863,8.055000305175781,7.929999828338623,7.940000057220459,705043,0.0,0.0
2024-04-12 15:30:00-04:00,7.929999828338623,8.039999961853027,7.929999828338623,8.039999961853027,624435,0.0,0.0
2024-04-15 09:30:00-04:00,8.010000228881836,8.020700454711914,7.769999980926514,7.789999961853027,1752154,0.0,0.0
2024-04-15 10:30:00-04:00,7.789999961853027,7.860000133514404,7.65500020980835,7.710999965667725,956497,0.0,0.0
2024-04-15 11:30:00-04:00,7.715000152587891,7.800000190734863,7.650000095367432,7.659999847412109,629401,0.0,0.0
2024-04-15 12:30:00-04:00,7.659999847412109,7.690000057220459,7.559999942779541,7.565000057220459,747429,0.0,0.0
2024-04-15 13:30:00-04:00,7.559999942779541,7.579999923706055,7.449999809265137,7.4959001541137695,957925,0.0,0.0
2024-04-15 14:30:00-04:00,7.494999885559082,7.559999942779541,7.485000133514404,7.520199775695801,560817,0.0,0.0
2024-04-15 15:30:00-04:00,7.525000095367432,7.559999942779541,7.5,7.53000020980835,548001,0.0,0.0
2024-04-16 09:30:00-04:00,7.323999881744385,7.489999771118164,7.260000228881836,7.409999847412109,2164360,0.0,0.0
2024-04-16 10:30:00-04:00,7.400000095367432,7.519899845123291,7.369999885559082,7.508399963378906,622547,0.0,0.0
2024-04-16 11:30:00-04:00,7.510000228881836,7.614999771118164,7.489999771118164,7.570000171661377,502434,0.0,0.0
2024-04-16 12:30:00-04:00,7.574999809265137,7.679999828338623,7.539999961853027,7.635000228881836,502867,0.0,0.0
2024-04-16 13:30:00-04:00,7.639999866485596,7.71999979019165,7.519999980926514,7.579999923706055,414030,0.0,0.0
2024-04-16 14:30:00-04:00,7.579999923706055,7.625,7.559999942779541,7.590000152587891,332968,0.0,0.0
2024-04-16 15:30:00-04:00,7.584199905395508,7.599999904632568,7.519999980926514,7.53000020980835,643434,0.0,0.0
2024-04-17 09:30:00-04:00,7.550000190734863,7.789999961853027,7.539999961853027,7.590000152587891,1185654,0.0,0.0
2024-04-17 10:30:00-04:00,7.579999923706055,7.590000152587891,7.440000057220459,7.445000171661377,432825,0.0,0.0
2024-04-17 11:30:00-04:00,7.448999881744385,7.449999809265137,7.360000133514404,7.409999847412109,364662,0.0,0.0
2024-04-17 12:30:00-04:00,7.409999847412109,7.489999771118164,7.360000133514404,7.489999771118164,296091,0.0,0.0
2024-04-17 13:30:00-04:00,7.4899001121521,7.619999885559082,7.4899001121521,7.505000114440918,286447,0.0,0.0
2024-04-17 14:30:00-04:00,7.505000114440918,7.579999923706055,7.364999771118164,7.364999771118164,303116,0.0,0.0
2024-04-17 15:30:00-04:00,7.364999771118164,7.380000114440918,7.264999866485596,7.269999980926514,783878,0.0,0.0
2024-04-18 09:30:00-04:00,7.28000020980835,7.454999923706055,7.139999866485596,7.440000057220459,1307945,0.0,0.0
2024-04-18 10:30:00-04:00,7.440000057220459,7.590000152587891,7.440000057220459,7.530099868774414,601397,0.0,0.0
2024-04-18 11:30:00-04:00,7.534999847412109,7.550000190734863,7.460000038146973,7.519899845123291,295287,0.0,0.0
2024-04-18 12:30:00-04:00,7.514999866485596,7.519999980926514,7.369999885559082,7.434999942779541,282583,0.0,0.0
2024-04-18 13:30:00-04:00,7.429999828338623,7.434999942779541,7.300000190734863,7.309999942779541,301920,0.0,0.0
2024-04-18 14:30:00-04:00,7.309999942779541,7.369999885559082,7.269999980926514,7.355000019073486,334858,0.0,0.0
2024-04-18 15:30:00-04:00,7.360000133514404,7.389999866485596,7.340000152587891,7.369999885559082,485775,0.0,0.0
2024-04-19 09:30:00-04:00,7.210000038146973,7.340000152587891,7.199999809265137,7.244999885559082,954488,0.0,0.0
2024-04-19 10:30:00-04:00,7.239999771118164,7.28000020980835,7.159999847412109,7.184999942779541,530690,0.0,0.0
2024-04-19 11:30:00-04:00,7.187099933624268,7.210000038146973,7.099999904632568,7.130000114440918,526205,0.0,0.0
2024-04-19 12:30:00-04:00,7.131800174713135,7.199999809265137,7.130000114440918,7.139900207519531,356639,0.0,0.0
2024-04-19 13:30:00-04:00,7.130000114440918,7.190000057220459,7.03000020980835,7.03000020980835,470810,0.0,0.0
2024-04-19 14:30:00-04:00,7.03000020980835,7.080100059509277,6.985000133514404,7.049699783325195,886274,0.0,0.0
2024-04-19 15:30:00-04:00,7.045000076293945,7.090000152587891,6.980000019073486,7.085000038146973,685193,0.0,0.0
2024-04-22 09:30:00-04:00,7.179999828338623,7.380000114440918,7.119999885559082,7.264999866485596,1596504,0.0,0.0
2024-04-22 10:30:00-04:00,7.269999980926514,7.369999885559082,7.199999809265137,7.235000133514404,740952,0.0,0.0
2024-04-22 11:30:00-04:00,7.235000133514404,7.434999942779541,7.230000019073486,7.380000114440918,753688,0.0,0.0
2024-04-22 12:30:00-04:00,7.369999885559082,7.46999979019165,7.329999923706055,7.460000038146973,702150,0.0,0.0
2024-04-22 13:30:00-04:00,7.46999979019165,7.559999942779541,7.414999961853027,7.554999828338623,505364,0.0,0.0
2024-04-22 14:30:00-04:00,7.557499885559082,7.614999771118164,7.519999980926514,7.556000232696533,589092,0.0,0.0
2024-04-22 15:30:00-04:00,7.554999828338623,7.570000171661377,7.494999885559082,7.5,808054,0.0,0.0
2024-04-23 09:30:00-04:00,7.550000190734863,8.210000038146973,7.53000020980835,8.170000076293945,2707444,0.0,0.0
2024-04-23 10:30:00-04:00,8.169899940490723,8.1899995803833,8.0600004196167,8.175000190734863,885388,0.0,0.0
2024-04-23 11:30:00-04:00,8.175000190734863,8.175000190734863,7.880000114440918,7.949999809265137,772358,0.0,0.0
2024-04-23 12:30:00-04:00,7.940000057220459,7.989999771118164,7.909900188446045,7.909900188446045,396711,0.0,0.0
2024-04-23 13:30:00-04:00,7.90500020980835,8.020000457763672,7.900000095367432,7.994999885559082,397336,0.0,0.0
2024-04-23 14:30:00-04:00,8.0,8.029999732971191,7.974999904632568,8.0,491870,0.0,0.0
2024-04-23 15:30:00-04:00,7.989999771118164,8.0,7.920000076293945,7.974999904632568,734741,0.0,0.0
2024-04-24 09:30:00-04:00,8.15999984741211,8.369999885559082,8.130000114440918,8.1899995803833,1954083,0.0,0.0
2024-04-24 10:30:00-04:00,8.1850004196167,8.270000457763672,8.149999618530273,8.225000381469727,738830,0.0,0.0
2024-04-24 11:30:00-04:00,8.229999542236328,8.26990032196045,8.039999961853027,8.039999961853027,647648,0.0,0.0
2024-04-24 12:30:00-04:00,8.03969955444336,8.229999542236328,8.010000228881836,8.210000038146973,379368,0.0,0.0
2024-04-24 13:30:00-04:00,8.211199760437012,8.286499977111816,8.100000381469727,8.104999542236328,357810,0.0,0.0
2024-04-24 14:30:00-04:00,8.100000381469727,8.135000228881836,8.033300399780273,8.135000228881836,516737,0.0,0.0
2024-04-24 15:30:00-04:00,8.130000114440918,8.270000457763672,8.119999885559082,8.199999809265137,875530,0.0,0.0
2024-04-25 09:30:00-04:00,7.889999866485596,8.130000114440918,7.840000152587891,8.100000381469727,1129224,0.0,0.0
2024-04-25 10:30:00-04:00,8.09000015258789,8.143199920654297,8.050000190734863,8.109999656677246,416319,0.0,0.0
2024-04-25 11:30:00-04:00,8.109999656677246,8.140000343322754,8.0,8.130000114440918,272074,0.0,0.0
2024-04-25 12:30:00-04:00,8.130000114440918,8.199999809265137,8.10420036315918,8.170000076293945,259319,0.0,0.0
2024-04-25 13:30:00-04:00,8.15999984741211,8.229999542236328,8.154999732971191,8.154999732971191,238790,0.0,0.0
2024-04-25 14:30:00-04:00,8.15999984741211,8.1850004196167,8.085000038146973,8.149999618530273,278867,0.0,0.0
2024-04-25 15:30:00-04:00,8.145000457763672,8.1850004196167,8.125,8.15999984741211,415618,0.0,0.0
2024-04-26 09:30:00-04:00,8.220000267028809,8.539999961853027,8.154999732971191,8.449999809265137,1381473,0.0,0.0
2024-04-26 10:30:00-04:00,8.449999809265137,8.6899995803833,8.4399995803833,8.630000114440918,1116428,0.0,0.0
2024-04-26 11:30:00-04:00,8.625,8.739999771118164,8.600000381469727,8.720000267028809,693624,0.0,0.0
2024-04-26 12:30:00-04:00,8.720000267028809,8.8100004196167,8.720000267028809,8.789899826049805,676499,0.0,0.0
2024-04-26 13:30:00-04:00,8.78499984741211,8.859999656677246,8.770000457763672,8.835000038146973,618700,0.0,0.0
2024-04-26 14:30:00-04:00,8.838800430297852,8.899499893188477,8.8100004196167,8.890000343322754,768988,0.0,0.0
2024-04-26 15:30:00-04:00,8.890000343322754,8.970000267028809,8.880000114440918,8.970000267028809,998930,0.0,0.0
2024-04-29 09:30:00-04:00,9.0,9.149999618530273,8.930000305175781,9.020000457763672,2341558,0.0,0.0
2024-04-29 10:30:00-04:00,9.020000457763672,9.0649995803833,8.890000343322754,8.9350004196167,770938,0.0,0.0
2024-04-29 11:30:00-04:00,8.930000305175781,9.050000190734863,8.861200332641602,9.050000190734863,535566,0.0,0.0
2024-04-29 12:30:00-04:00,9.045000076293945,9.045000076293945,8.949999809265137,9.03499984741211,418892,0.0,0.0
2024-04-29 13:30:00-04:00,9.039999961853027,9.039999961853027,8.949999809265137,8.973999977111816,334776,0.0,0.0
2024-04-29 14:30:00-04:00,8.975000381469727,8.975000381469727,8.819999694824219,8.875,467839,0.0,0.0
2024-04-29 15:30:00-04:00,8.880000114440918,8.989999771118164,8.875,8.90999984741211,728270,0.0,0.0
2024-04-30 09:30:00-04:00,8.729999542236328,8.798999786376953,8.5600004196167,8.599900245666504,1149756,0.0,0.0
2024-04-30 10:30:00-04:00,8.595000267028809,8.664999961853027,8.542200088500977,8.585000038146973,330896,0.0,0.0
2024-04-30 11:30:00-04:00,8.592000007629395,8.65999984741211,8.5600004196167,8.630000114440918,212963,0.0,0.0
2024-04-30 12:30:00-04:00,8.625,8.625,8.529999732971191,8.574999809265137,272815,0.0,0.0
2024-04-30 13:30:00-04:00,8.569999694824219,8.607000350952148,8.539999961853027,8.545000076293945,162565,0.0,0.0
2024-04-30 14:30:00-04:00,8.550000190734863,8.579999923706055,8.520000457763672,8.5649995803833,227887,0.0,0.0
2024-04-30 15:30:00-04:00,8.5600004196167,8.609999656677246,8.550000190734863,8.555000305175781,396979,0.0,0.0
2024-05-01 09:30:00-04:00,8.489999771118164,8.619999885559082,8.450900077819824,8.569999694824219,737317,0.0,0.0
2024-05-01 10:30:00-04:00,8.574999809265137,8.630000114440918,8.449999809265137,8.503000259399414,245792,0.0,0.0
2024-05-01 11:30:00-04:00,8.5,8.59000015258789,8.460000038146973,8.579999923706055,160764,0.0,0.0
2024-05-01 12:30:00-04:00,8.579999923706055,8.619999885559082,8.514100074768066,8.619999885559082,180064,0.0,0.0
2024-05-01 13:30:00-04:00,8.611800193786621,8.829899787902832,8.600000381469727,8.824999809265137,426671,0.0,0.0
2024-05-01 14:30:00-04:00,8.829299926757812,9.21500015258789,8.680000305175781,8.989999771118164,1075885,0.0,0.0
2024-05-01 15:30:00-04:00,8.989999771118164,8.989999771118164,8.739999771118164,8.739999771118164,583242,0.0,0.0
2024-05-02 09:30:00-04:00,9.09000015258789,9.140000343322754,8.660200119018555,8.833999633789062,1001124,0.0,0.0
2024-05-02 10:30:00-04:00,8.839900016784668,8.904000282287598,8.760899543762207,8.880000114440918,433022,0.0,0.0
2024-05-02 11:30:00-04:00,8.880000114440918,8.960000038146973,8.859999656677246,8.890000343322754,303813,0.0,0.0
2024-05-02 12:30:00-04:00,8.890000343322754,9.020000457763672,8.84000015258789,8.98900032043457,254924,0.0,0.0
2024-05-02 13:30:00-04:00,8.989999771118164,9.0,8.890000343322754,8.970499992370605,234746,0.0,0.0
2024-05-02 14:30:00-04:00,8.979999542236328,9.0600004196167,8.979999542236328,9.03499984741211,280095,0.0,0.0
2024-05-02 15:30:00-04:00,9.029999732971191,9.03499984741211,8.90999984741211,9.0,393063,0.0,0.0
2024-05-03 09:30:00-04:00,9.25,9.3100004196167,8.965999603271484,9.01200008392334,1580976,0.0,0.0
2024-05-03 10:30:00-04:00,9.017499923706055,9.039999961853027,8.90999984741211,8.925000190734863,505994,0.0,0.0
2024-05-03 11:30:00-04:00,8.930000305175781,9.010000228881836,8.925000190734863,8.960000038146973,325266,0.0,0.0
2024-05-03 12:30:00-04:00,8.960000038146973,8.979999542236328,8.930000305175781,8.9350004196167,145382,0.0,0.0
2024-05-03 13:30:00-04:00,8.930000305175781,9.020000457763672,8.90999984741211,9.0,220223,0.0,0.0
2024-05-03 14:30:00-04:00,9.0,9.029999732971191,8.912500381469727,8.99489974975586,365890,0.0,0.0
2024-05-03 15:30:00-04:00,8.992899894714355,9.0,8.9399995803833,8.9399995803833,395793,0.0,0.0
2024-05-06 09:30:00-04:00,9.170000076293945,9.329999923706055,9.149999618530273,9.170000076293945,1129400,0.0,0.0
2024-05-06 10:30:00-04:00,9.164999961853027,9.270000457763672,9.140000343322754,9.175000190734863,432291,0.0,0.0
2024-05-06 11:30:00-04:00,9.172499656677246,9.279999732971191,9.160099983215332,9.1850004196167,335743,0.0,0.0
2024-05-06 12:30:00-04:00,9.1899995803833,9.220000267028809,9.140000343322754,9.1899995803833,267350,0.0,0.0
2024-05-06 13:30:00-04:00,9.1899995803833,9.210000038146973,9.149999618530273,9.170000076293945,258949,0.0,0.0
2024-05-06 14:30:00-04:00,9.170000076293945,9.1899995803833,9.140000343322754,9.1850004196167,173615,0.0,0.0
2024-05-06 15:30:00-04:00,9.180000305175781,9.3100004196167,9.180000305175781,9.300000190734863,524528,0.0,0.0
2024-05-07 09:30:00-04:00,9.15999984741211,9.189000129699707,8.9399995803833,8.94629955291748,1146938,0.0,0.0
2024-05-07 10:30:00-04:00,8.944999694824219,9.09000015258789,8.90999984741211,9.015000343322754,421564,0.0,0.0
2024-05-07 11:30:00-04:00,9.015000343322754,9.039999961853027,8.970000267028809,9.015000343322754,252441,0.0,0.0
2024-05-07 12:30:00-04:00,9.010000228881836,9.010000228881836,8.84000015258789,8.890000343322754,506661,0.0,0.0
2024-05-07 13:30:00-04:00,8.890000343322754,8.90999984741211,8.729999542236328,8.739999771118164,386993,0.0,0.0
2024-05-07 14:30:00-04:00,8.739999771118164,8.779999732971191,8.710000038146973,8.75,308870,0.0,0.0
2024-05-07 15:30:00-04:00,8.75,8.770000457763672,8.619999885559082,8.630000114440918,898571,0.0,0.0
2024-05-08 09:30:00-04:00,8.600000381469727,8.670000076293945,8.479999542236328,8.645000457763672,1167389,0.0,0.0
2024-05-08 10:30:00-04:00,8.640000343322754,8.694999694824219,8.585000038146973,8.600099563598633,381185,0.0,0.0
2024-05-08 11:30:00-04:00,8.600000381469727,8.688799858093262,8.600000381469727,8.65999984741211,267622,0.0,0.0
2024-05-08 12:30:00-04:00,8.664999961853027,8.6899995803833,8.600000381469727,8.65999984741211,313292,0.0,0.0
2024-05-08 13:30:00-04:00,8.65999984741211,8.739999771118164,8.630000114440918,8.71500015258789,300750,0.0,0.0
2024-05-08 14:30:00-04:00,8.71500015258789,8.739999771118164,8.680000305175781,8.734999656677246,383048,0.0,0.0
2024-05-08 15:30:00-04:00,8.734999656677246,8.795000076293945,8.734999656677246,8.774999618530273,737860,0.0,0.0
2024-05-09 09:30:00-04:00,9.050000190734863,9.470000267028809,8.630000114440918,8.734999656677246,2373482,0.0,0.0
2024-05-09 10:30:00-04:00,8.734999656677246,8.96500015258789,8.732000350952148,8.925000190734863,824889,0.0,0.0
2024-05-09 11:30:00-04:00,8.925000190734863,9.109999656677246,8.899999618530273,9.039999961853027,460694,0.0,0.0
2024-05-09 12:30:00-04:00,9.045000076293945,9.069999694824219,8.979999542236328,9.015000343322754,328683,0.0,0.0
2024-05-09 13:30:00-04:00,9.010000228881836,9.095000267028809,9.005000114440918,9.069899559020996,365282,0.0,0.0
2024-05-09 14:30:00-04:00,9.06879997253418,9.248700141906738,9.050100326538086,9.244999885559082,516811,0.0,0.0
2024-05-09 15:30:00-04:00,9.244999885559082,9.350000381469727,9.199999809265137,9.210000038146973,954295,0.0,0.0
2024-05-10 09:30:00-04:00,9.210000038146973,9.3100004196167,8.84000015258789,8.859999656677246,1291894,0.0,0.0
2024-05-10 10:30:00-04:00,8.859999656677246,8.885000228881836,8.779999732971191,8.845000267028809,448320,0.0,0.0
2024-05-10 11:30:00-04:00,8.849900245666504,8.859999656677246,8.760000228881836,8.761899948120117,291420,0.0,0.0
2024-05-10 12:30:00-04:00,8.769100189208984,8.769100189208984,8.65999984741211,8.65999984741211,393174,0.0,0.0
2024-05-10 13:30:00-04:00,8.661199569702148,8.6899995803833,8.609999656677246,8.619999885559082,335285,0.0,0.0
2024-05-10 14:30:00-04:00,8.627599716186523,8.649999618530273,8.609999656677246,8.645000457763672,329163,0.0,0.0
2024-05-10 15:30:00-04:00,8.645000457763672,8.720000267028809,8.640000343322754,8.720000267028809,494393,0.0,0.0
2024-05-13 09:30:00-04:00,8.789999961853027,9.234999656677246,8.779999732971191,9.129300117492676,2037330,0.0,0.0
2024-05-13 10:30:00-04:00,9.119999885559082,9.210000038146973,8.960000038146973,8.96619987487793,595471,0.0,0.0
2024-05-13 11:30:00-04:00,8.920000076293945,8.9399995803833,8.84000015258789,8.84000015258789,373791,0.0,0.0
2024-05-13 12:30:00-04:00,8.845000267028809,8.845000267028809,8.699999809265137,8.728599548339844,471958,0.0,0.0
2024-05-13 13:30:00-04:00,8.725000381469727,8.739700317382812,8.67039966583252,8.725000381469727,272051,0.0,0.0
2024-05-13 14:30:00-04:00,8.725000381469727,8.77750015258789,8.670000076293945,8.706999778747559,440751,0.0,0.0
2024-05-13 15:30:00-04:00,8.699999809265137,8.78499984741211,8.6899995803833,8.760000228881836,452583,0.0,0.0
2024-05-14 09:30:00-04:00,8.960000038146973,9.414999961853027,8.960000038146973,9.140000343322754,2392605,0.0,0.0
2024-05-14 10:30:00-04:00,9.140000343322754,9.380000114440918,9.0600004196167,9.300000190734863,1095150,0.0,0.0
2024-05-14 11:30:00-04:00,9.292699813842773,9.324999809265137,9.130000114440918,9.130000114440918,447518,0.0,0.0
2024-05-14 12:30:00-04:00,9.130000114440918,9.15999984741211,8.970000267028809,9.024999618530273,553700,0.0,0.0
2024-05-14 13:30:00-04:00,9.024999618530273,9.175000190734863,9.010000228881836,9.154999732971191,259784,0.0,0.0
2024-05-14 14:30:00-04:00,9.154999732971191,9.260000228881836,9.140000343322754,9.255000114440918,370523,0.0,0.0
2024-05-14 15:30:00-04:00,9.257200241088867,9.3100004196167,9.220000267028809,9.220000267028809,1250506,0.0,0.0
2024-05-15 09:30:00-04:00,9.460000038146973,9.5600004196167,8.90999984741211,8.925000190734863,1780950,0.0,0.0
2024-05-15 10:30:00-04:00,8.925000190734863,9.050000190734863,8.880000114440918,8.998800277709961,565869,0.0,0.0
2024-05-15 11:30:00-04:00,8.999899864196777,9.09000015258789,8.992500305175781,9.074999809265137,263133,0.0,0.0
2024-05-15 12:30:00-04:00,9.078800201416016,9.09000015258789,8.930000305175781,8.949999809265137,464305,0.0,0.0
2024-05-15 13:30:00-04:00,8.944999694824219,9.010000228881836,8.9399995803833,8.994999885559082,258491,0.0,0.0
2024-05-15 14:30:00-04:00,8.994999885559082,9.028499603271484,8.960000038146973,8.998100280761719,339699,0.0,0.0
2024-05-15 15:30:00-04:00,8.989999771118164,9.010000228881836,8.960000038146973,9.0,595684,0.0,0.0
2024-05-16 09:30:00-04:00,8.970000267028809,9.019599914550781,8.869999885559082,8.920000076293945,770177,0.0,0.0
2024-05-16 10:30:00-04:00,8.925000190734863,8.9399995803833,8.890000343322754,8.930000305175781,286030,0.0,0.0
2024-05-16 11:30:00-04:00,8.925000190734863,8.960000038146973,8.899999618530273,8.9399995803833,234174,0.0,0.0
2024-05-16 12:30:00-04:00,8.944999694824219,8.951199531555176,8.85200023651123,8.869999885559082,288793,0.0,0.0
2024-05-16 13:30:00-04:00,8.880000114440918,8.880000114440918,8.800000190734863,8.805000305175781,307216,0.0,0.0
2024-05-16 14:30:00-04:00,8.8100004196167,8.819999694824219,8.770000457763672,8.774999618530273,330657,0.0,0.0
2024-05-16 15:30:00-04:00,8.770000457763672,8.779999732971191,8.699999809265137,8.710000038146973,598832,0.0,0.0
2024-05-17 09:30:00-04:00,8.8100004196167,8.90999984741211,8.6899995803833,8.800700187683105,914519,0.0,0.0
2024-05-17 10:30:00-04:00,8.801199913024902,8.84000015258789,8.779999732971191,8.835000038146973,253491,0.0,0.0
2024-05-17 11:30:00-04:00,8.83180046081543,8.889900207519531,8.770000457763672,8.858599662780762,290867,0.0,0.0
2024-05-17 12:30:00-04:00,8.850000381469727,8.850000381469727,8.75,8.763400077819824,298906,0.0,0.0
2024-05-17 13:30:00-04:00,8.765000343322754,8.765000343322754,8.649999618530273,8.670000076293945,238767,0.0,0.0
2024-05-17 14:30:00-04:00,8.665800094604492,8.75,8.65999984741211,8.75,253058,0.0,0.0
2024-05-17 15:30:00-04:00,8.7475004196167,8.800000190734863,8.734999656677246,8.779999732971191,333972,0.0,0.0
2024-05-20 09:30:00-04:00,8.8100004196167,8.989999771118164,8.723099708557129,8.970199584960938,1031331,0.0,0.0
2024-05-20 10:30:00-04:00,8.970000267028809,9.0,8.880000114440918,8.914999961853027,646945,0.0,0.0
2024-05-20 11:30:00-04:00,8.918800354003906,9.005000114440918,8.914999961853027,8.952799797058105,343968,0.0,0.0
2024-05-20 12:30:00-04:00,8.949999809265137,9.0,8.90999984741211,8.914999961853027,322707,0.0,0.0
2024-05-20 13:30:00-04:00,8.920000076293945,8.949999809265137,8.829999923706055,8.890000343322754,322351,0.0,0.0
2024-05-20 14:30:00-04:00,8.885000228881836,8.975000381469727,8.885000228881836,8.944999694824219,322517,0.0,0.0
2024-05-20 15:30:00-04:00,8.944999694824219,8.970000267028809,8.869999885559082,8.880000114440918,586098,0.0,0.0
2024-05-21 09:30:00-04:00,8.84000015258789,8.858599662780762,8.609999656677246,8.649999618530273,1027046,0.0,0.0
2024-05-21 10:30:00-04:00,8.649999618530273,8.694999694824219,8.470000267028809,8.520000457763672,952790,0.0,0.0
2024-05-21 11:30:00-04:00,8.515000343322754,8.539999961853027,8.470000267028809,8.531000137329102,413769,0.0,0.0
2024-05-21 12:30:00-04:00,8.539999961853027,8.550000190734863,8.430000305175781,8.454999923706055,394113,0.0,0.0
2024-05-21 13:30:00-04:00,8.454999923706055,8.510000228881836,8.449999809265137,8.454999923706055,354759,0.0,0.0
2024-05-21 14:30:00-04:00,8.454999923706055,8.478799819946289,8.399999618530273,8.404999732971191,352020,0.0,0.0
2024-05-21 15:30:00-04:00,8.406000137329102,8.494999885559082,8.359999656677246,8.489999771118164,922233,0.0,0.0
2024-05-22 09:30:00-04:00,8.489999771118164,8.625,8.460000038146973,8.609999656677246,716160,0.0,0.0
2024-05-22 10:30:00-04:00,8.614999771118164,8.851200103759766,8.59000015258789,8.84000015258789,717467,0.0,0.0
2024-05-22 11:30:00-04:00,8.836700439453125,8.854999542236328,8.729999542236328,8.845000267028809,338031,0.0,0.0
2024-05-22 12:30:00-04:00,8.848600387573242,8.854999542236328,8.800000190734863,8.845000267028809,241034,0.0,0.0
2024-05-22 13:30:00-04:00,8.84000015258789,8.84000015258789,8.600000381469727,8.604999542236328,292350,0.0,0.0
2024-05-22 14:30:00-04:00,8.604999542236328,8.65999984741211,8.59000015258789,8.640000343322754,231166,0.0,0.0
2024-05-22 15:30:00-04:00,8.640000343322754,8.668899536132812,8.59000015258789,8.600000381469727,350914,0.0,0.0
2024-05-23 09:30:00-04:00,8.6899995803833,8.739999771118164,8.329999923706055,8.430000305175781,1313591,0.0,0.0
2024-05-23 10:30:00-04:00,8.430000305175781,8.475000381469727,8.329999923706055,8.46500015258789,479126,0.0,0.0
2024-05-23 11:30:00-04:00,8.46500015258789,8.609999656677246,8.46500015258789,8.585000038146973,350629,0.0,0.0
2024-05-23 12:30:00-04:00,8.585000038146973,8.619999885559082,8.46500015258789,8.479999542236328,254656,0.0,0.0
2024-05-23 13:30:00-04:00,8.479999542236328,8.479999542236328,8.3100004196167,8.3100004196167,417081,0.0,0.0
2024-05-23 14:30:00-04:00,8.3100004196167,8.34000015258789,8.270000457763672,8.319999694824219,378394,0.0,0.0
2024-05-23 15:30:00-04:00,8.31980037689209,8.359999656677246,8.3100004196167,8.319999694824219,378650,0.0,0.0
2024-05-24 09:30:00-04:00,8.4399995803833,8.530599594116211,8.369999885559082,8.510499954223633,567836,0.0,0.0
2024-05-24 10:30:00-04:00,8.510000228881836,8.555500030517578,8.454999923706055,8.510000228881836,272514,0.0,0.0
2024-05-24 11:30:00-04:00,8.51990032196045,8.539999961853027,8.40999984741211,8.501899719238281,293985,0.0,0.0
2024-05-24 12:30:00-04:00,8.5,8.510000228881836,8.4399995803833,8.470000267028809,237974,0.0,0.0
2024-05-24 13:30:00-04:00,8.460100173950195,8.5,8.430000305175781,8.475000381469727,289065,0.0,0.0
2024-05-24 14:30:00-04:00,8.477800369262695,8.478799819946289,8.430000305175781,8.461000442504883,138503,0.0,0.0
2024-05-24 15:30:00-04:00,8.46500015258789,8.494999885559082,8.395000457763672,8.420000076293945,514660,0.0,0.0
2024-05-28 09:30:00-04:00,8.420000076293945,8.479999542236328,8.229999542236328,8.380000114440918,1162032,0.0,0.0
2024-05-28 10:30:00-04:00,8.375,8.47920036315918,8.319999694824219,8.425000190734863,353601,0.0,0.0
2024-05-28 11:30:00-04:00,8.428799629211426,8.430000305175781,8.34000015258789,8.345000267028809,309585,0.0,0.0
2024-05-28 12:30:00-04:00,8.34000015258789,8.395000457763672,8.319999694824219,8.369999885559082,184014,0.0,0.0
2024-05-28 13:30:00-04:00,8.359999656677246,8.380000114440918,8.25,8.25,308540,0.0,0.0
2024-05-28 14:30:00-04:00,8.25,8.260000228881836,8.180000305175781,8.220000267028809,514588,0.0,0.0
2024-05-28 15:30:00-04:00,8.225000381469727,8.3100004196167,8.225000381469727,8.270000457763672,365647,0.0,0.0
2024-05-29 09:30:00-04:00,8.100000381469727,8.170000076293945,8.03499984741211,8.125,895737,0.0,0.0
2024-05-29 10:30:00-04:00,8.130000114440918,8.188799858093262,8.079999923706055,8.164999961853027,423800,0.0,0.0
2024-05-29 11:30:00-04:00,8.164999961853027,8.21500015258789,8.149999618530273,8.168800354003906,282615,0.0,0.0
2024-05-29 12:30:00-04:00,8.160799980163574,8.180000305175781,8.119999885559082,8.154999732971191,242098,0.0,0.0
2024-05-29 13:30:00-04:00,8.154999732971191,8.1899995803833,8.130000114440918,8.135000228881836,188104,0.0,0.0
2024-05-29 14:30:00-04:00,8.135000228881836,8.1850004196167,8.100000381469727,8.164999961853027,252747,0.0,0.0
2024-05-29 15:30:00-04:00,8.15999984741211,8.180000305175781,8.130000114440918,8.140000343322754,431534,0.0,0.0
2024-05-30 09:30:00-04:00,8.25,8.390000343322754,8.170100212097168,8.265000343322754,810984,0.0,0.0
2024-05-30 10:30:00-04:00,8.26990032196045,8.369999885559082,8.180100440979004,8.364999771118164,445511,0.0,0.0
2024-05-30 11:30:00-04:00,8.359999656677246,8.380000114440918,8.329999923706055,8.354999542236328,239948,0.0,0.0
2024-05-30 12:30:00-04:00,8.354999542236328,8.449999809265137,8.324000358581543,8.4399995803833,243650,0.0,0.0
2024-05-30 13:30:00-04:00,8.449899673461914,8.470000267028809,8.350500106811523,8.399999618530273,277543,0.0,0.0
2024-05-30 14:30:00-04:00,8.399999618530273,8.430000305175781,8.319999694824219,8.342000007629395,299395,0.0,0.0
2024-05-30 15:30:00-04:00,8.350000381469727,8.430000305175781,8.319999694824219,8.399999618530273,621780,0.0,0.0
2024-05-31 09:30:00-04:00,8.510000228881836,8.619999885559082,8.239999771118164,8.279000282287598,811481,0.0,0.0
2024-05-31 10:30:00-04:00,8.270000457763672,8.279899597167969,8.180000305175781,8.220000267028809,340621,0.0,0.0
2024-05-31 11:30:00-04:00,8.210100173950195,8.234999656677246,8.09000015258789,8.130000114440918,302381,0.0,0.0
2024-05-31 12:30:00-04:00,8.119999885559082,8.1899995803833,8.09000015258789,8.175000190734863,186653,0.0,0.0
2024-05-31 13:30:00-04:00,8.180000305175781,8.1899995803833,8.119999885559082,8.135000228881836,181977,0.0,0.0
2024-05-31 14:30:00-04:00,8.139900207519531,8.15999984741211,8.100000381469727,8.109999656677246,260510,0.0,0.0
2024-05-31 15:30:00-04:00,8.109999656677246,8.15999984741211,8.100000381469727,8.15999984741211,420289,0.0,0.0
2024-06-03 09:30:00-04:00,8.289999961853027,8.319999694824219,8.0649995803833,8.109999656677246,1003583,0.0,0.0
2024-06-03 10:30:00-04:00,8.109999656677246,8.109999656677246,8.045000076293945,8.074999809265137,317168,0.0,0.0
2024-06-03 11:30:00-04:00,8.079999923706055,8.079999923706055,7.880099773406982,7.900000095367432,742811,0.0,0.0
2024-06-03 12:30:00-04:00,7.900000095367432,7.920000076293945,7.809999942779541,7.869999885559082,402739,0.0,0.0
2024-06-03 13:30:00-04:00,7.869699954986572,7.889999866485596,7.809999942779541,7.820000171661377,353549,0.0,0.0
2024-06-03 14:30:00-04:00,7.829999923706055,7.869999885559082,7.78000020980835,7.815000057220459,444966,0.0,0.0
2024-06-03 15:30:00-04:00,7.809999942779541,7.815299987792969,7.769999980926514,7.78000020980835,593128,0.0,0.0
2024-06-04 09:30:00-04:00,7.78000020980835,7.909999847412109,7.75,7.820899963378906,1042672,0.0,0.0
2024-06-04 10:30:00-04:00,7.824999809265137,7.864999771118164,7.769999980926514,7.829999923706055,365092,0.0,0.0
2024-06-04 11:30:00-04:00,7.826499938964844,7.860000133514404,7.78000020980835,7.804999828338623,212539,0.0,0.0
2024-06-04 12:30:00-04:00,7.800000190734863,7.829999923706055,7.710000038146973,7.730000019073486,375336,0.0,0.0
2024-06-04 13:30:00-04:00,7.730000019073486,7.789999961853027,7.690000057220459,7.775000095367432,363242,0.0,0.0
2024-06-04 14:30:00-04:00,7.779900074005127,7.800000190734863,7.679999828338623,7.684999942779541,322448,0.0,0.0
2024-06-04 15:30:00-04:00,7.689799785614014,7.71999979019165,7.670000076293945,7.699999809265137,392574,0.0,0.0
2024-06-05 09:30:00-04:00,7.880000114440918,7.889999866485596,7.699999809265137,7.784999847412109,908606,0.0,0.0
2024-06-05 10:30:00-04:00,7.789999961853027,7.885000228881836,7.778299808502197,7.84499979019165,420904,0.0,0.0
2024-06-05 11:30:00-04:00,7.844399929046631,7.909999847412109,7.840000152587891,7.871699810028076,314453,0.0,0.0
2024-06-05 12:30:00-04:00,7.870500087738037,7.900000095367432,7.840000152587891,7.885000228881836,211234,0.0,0.0
2024-06-05 13:30:00-04:00,7.885000228881836,7.900000095367432,7.840000152587891,7.869999885559082,177801,0.0,0.0
2024-06-05 14:30:00-04:00,7.869999885559082,7.909999847412109,7.849999904632568,7.880000114440918,312853,0.0,0.0
2024-06-05 15:30:00-04:00,7.880000114440918,7.96999979019165,7.875,7.934999942779541,436364,0.0,0.0
2024-06-06 09:30:00-04:00,7.860000133514404,7.869999885559082,7.699999809265137,7.730000019073486,755311,0.0,0.0
2024-06-06 10:30:00-04:00,7.730000019073486,7.760000228881836,7.710000038146973,7.755000114440918,343504,0.0,0.0
2024-06-06 11:30:00-04:00,7.755499839782715,7.760000228881836,7.710000038146973,7.739999771118164,180949,0.0,0.0
2024-06-06 12:30:00-04:00,7.740099906921387,7.769999980926514,7.719900131225586,7.764999866485596,160757,0.0,0.0
2024-06-06 13:30:00-04:00,7.769999980926514,7.820000171661377,7.739999771118164,7.779399871826172,240919,0.0,0.0
2024-06-06 14:30:00-04:00,7.775000095367432,7.829999923706055,7.775000095367432,7.829999923706055,180125,0.0,0.0
2024-06-06 15:30:00-04:00,7.824999809265137,7.864999771118164,7.820000171661377,7.835000038146973,401733,0.0,0.0
2024-06-07 09:30:00-04:00,7.710000038146973,7.960000038146973,7.670000076293945,7.835000038146973,995950,0.0,0.0
2024-06-07 10:30:00-04:00,7.831200122833252,7.900000095367432,7.820000171661377,7.849999904632568,258156,0.0,0.0
2024-06-07 11:30:00-04:00,7.860000133514404,8.079999923706055,7.860000133514404,8.079999923706055,360636,0.0,0.0
2024-06-07 12:30:00-04:00,8.079999923706055,8.119999885559082,7.894999980926514,7.929999828338623,465282,0.0,0.0
2024-06-07 13:30:00-04:00,7.920000076293945,7.95989990234375,7.820000171661377,7.869999885559082,246194,0.0,0.0
2024-06-07 14:30:00-04:00,7.869999885559082,7.929999828338623,7.829999923706055,7.84499979019165,219425,0.0,0.0
2024-06-07 15:30:00-04:00,7.840000152587891,7.880000114440918,7.804999828338623,7.869999885559082,702234,0.0,0.0
2024-06-10 09:30:00-04:00,7.800000190734863,8.039899826049805,7.739999771118164,7.940000057220459,843017,0.0,0.0
2024-06-10 10:30:00-04:00,7.949999809265137,8.039999961853027,7.929999828338623,8.010000228881836,402431,0.0,0.0
2024-06-10 11:30:00-04:00,8.005000114440918,8.119999885559082,8.0,8.085000038146973,417752,0.0,0.0
2024-06-10 12:30:00-04:00,8.085000038146973,8.119999885559082,8.045000076293945,8.085000038146973,235155,0.0,0.0
2024-06-10 13:30:00-04:00,8.085000038146973,8.180000305175781,8.0600004196167,8.135000228881836,380200,0.0,0.0
2024-06-10 14:30:00-04:00,8.139900207519531,8.305000305175781,8.130000114440918,8.244999885559082,668581,0.0,0.0
2024-06-10 15:30:00-04:00,8.239999771118164,8.279999732971191,8.199999809265137,8.239999771118164,416418,0.0,0.0
2024-06-11 09:30:00-04:00,8.079999923706055,8.130000114440918,7.869999885559082,7.880799770355225,825899,0.0,0.0
2024-06-11 10:30:00-04:00,7.889599800109863,7.934999942779541,7.869999885559082,7.895999908447266,304612,0.0,0.0
2024-06-11 11:30:00-04:00,7.890200138092041,7.900000095367432,7.809999942779541,7.815000057220459,274384,0.0,0.0
2024-06-11 12:30:00-04:00,7.815000057220459,7.929999828338623,7.809999942779541,7.894999980926514,198981,0.0,0.0
2024-06-11 13:30:00-04:00,7.894999980926514,7.945000171661377,7.855000019073486,7.934999942779541,330517,0.0,0.0
2024-06-11 14:30:00-04:00,7.933800220489502,7.940100193023682,7.864999771118164,7.869999885559082,228037,0.0,0.0
2024-06-11 15:30:00-04:00,7.869999885559082,7.889999866485596,7.849999904632568,7.880000114440918,560884,0.0,0.0
2024-06-12 09:30:00-04:00,8.220000267028809,8.369999885559082,8.135000228881836,8.149999618530273,1518565,0.0,0.0
2024-06-12 10:30:00-04:00,8.149999618530273,8.199999809265137,8.120100021362305,8.154999732971191,411230,0.0,0.0
2024-06-12 11:30:00-04:00,8.149999618530273,8.1899995803833,8.079999923706055,8.104999542236328,313971,0.0,0.0
2024-06-12 12:30:00-04:00,8.104999542236328,8.180000305175781,8.095000267028809,8.145000457763672,207535,0.0,0.0
2024-06-12 13:30:00-04:00,8.140000343322754,8.140000343322754,8.020000457763672,8.130000114440918,969441,0.0,0.0
2024-06-12 14:30:00-04:00,8.121100425720215,8.15999984741211,7.960000038146973,7.960100173950195,357854,0.0,0.0
2024-06-12 15:30:00-04:00,7.96999979019165,7.989999771118164,7.929999828338623,7.949999809265137,409884,0.0,0.0
2024-06-13 09:30:00-04:00,8.0,8.119999885559082,7.710000038146973,7.755499839782715,1364348,0.0,0.0
2024-06-13 10:30:00-04:00,7.755000114440918,7.78000020980835,7.675000190734863,7.698999881744385,726966,0.0,0.0
2024-06-13 11:30:00-04:00,7.698800086975098,7.71999979019165,7.590000152587891,7.619999885559082,596204,0.0,0.0
2024-06-13 12:30:00-04:00,7.619999885559082,7.739999771118164,7.610099792480469,7.736599922180176,246238,0.0,0.0
2024-06-13 13:30:00-04:00,7.735000133514404,7.760000228881836,7.695000171661377,7.749899864196777,261585,0.0,0.0
2024-06-13 14:30:00-04:00,7.742700099945068,7.760000228881836,7.71999979019165,7.724999904632568,259376,0.0,0.0
2024-06-13 15:30:00-04:00,7.724999904632568,7.730000019073486,7.670000076293945,7.710000038146973,393365,0.0,0.0
2024-06-14 09:30:00-04:00,7.590000152587891,7.679999828338623,7.556000232696533,7.670000076293945,1058140,0.0,0.0
2024-06-14 10:30:00-04:00,7.679999828338623,7.764999866485596,7.610000133514404,7.699999809265137,338605,0.0,0.0
2024-06-14 11:30:00-04:00,7.695000171661377,7.699999809265137,7.599999904632568,7.635000228881836,266216,0.0,0.0
2024-06-14 12:30:00-04:00,7.639999866485596,7.690000057220459,7.630000114440918,7.679999828338623,168943,0.0,0.0
2024-06-14 13:30:00-04:00,7.679999828338623,7.690000057220459,7.633200168609619,7.65500020980835,208056,0.0,0.0
2024-06-14 14:30:00-04:00,7.659999847412109,7.690000057220459,7.619999885559082,7.679999828338623,252545,0.0,0.0
2024-06-14 15:30:00-04:00,7.670000076293945,7.710000038146973,7.650000095367432,7.699999809265137,360665,0.0,0.0
2024-06-17 09:30:00-04:00,7.610000133514404,7.630799770355225,7.360000133514404,7.394999980926514,1970479,0.0,0.0
2024-06-17 10:30:00-04:00,7.389999866485596,7.40500020980835,7.295000076293945,7.349999904632568,800818,0.0,0.0
2024-06-17 11:30:00-04:00,7.348800182342529,7.420000076293945,7.300000190734863,7.414999961853027,503887,0.0,0.0
2024-06-17 12:30:00-04:00,7.420000076293945,7.519999980926514,7.400000095367432,7.489999771118164,400355,0.0,0.0
2024-06-17 13:30:00-04:00,7.494999885559082,7.639999866485596,7.489999771118164,7.579999923706055,510400,0.0,0.0
2024-06-17 14:30:00-04:00,7.570000171661377,7.599999904632568,7.539999961853027,7.585000038146973,410579,0.0,0.0
2024-06-17 15:30:00-04:00,7.590000152587891,7.619999885559082,7.53000020980835,7.559999942779541,529785,0.0,0.0
2024-06-18 09:30:00-04:00,7.329999923706055,7.409999847412109,7.184299945831299,7.210000038146973,1982722,0.0,0.0
2024-06-18 10:30:00-04:00,7.200099945068359,7.349999904632568,7.199999809265137,7.320000171661377,632760,0.0,0.0
2024-06-18 11:30:00-04:00,7.32289981842041,7.329999923706055,7.269999980926514,7.315000057220459,280874,0.0,0.0
2024-06-18 12:30:00-04:00,7.315000057220459,7.320000171661377,7.25,7.25029993057251,290605,0.0,0.0
2024-06-18 13:30:00-04:00,7.255000114440918,7.275000095367432,7.21999979019165,7.248700141906738,291830,0.0,0.0
2024-06-18 14:30:00-04:00,7.244999885559082,7.300000190734863,7.230000019073486,7.248799800872803,364630,0.0,0.0
2024-06-18 15:30:00-04:00,7.239999771118164,7.269999980926514,7.199999809265137,7.215000152587891,461043,0.0,0.0
2024-06-20 09:30:00-04:00,7.099999904632568,7.114999771118164,6.929999828338623,6.951200008392334,2735047,0.0,0.0
2024-06-20 10:30:00-04:00,6.949999809265137,7.0,6.940000057220459,6.960000038146973,722538,0.0,0.0
2024-06-20 11:30:00-04:00,6.969900131225586,7.0,6.940000057220459,6.949999809265137,526978,0.0,0.0
2024-06-20 12:30:00-04:00,6.954999923706055,6.954999923706055,6.769999980926514,6.880000114440918,1265985,0.0,0.0
2024-06-20 13:30:00-04:00,6.880000114440918,6.929999828338623,6.840000152587891,6.928999900817871,421820,0.0,0.0
2024-06-20 14:30:00-04:00,6.929999828338623,6.940000057220459,6.800000190734863,6.849999904632568,565196,0.0,0.0
2024-06-20 15:30:00-04:00,6.84499979019165,6.860000133514404,6.789999961853027,6.800000190734863,900327,0.0,0.0
2024-06-21 09:30:00-04:00,6.739999771118164,6.739999771118164,6.329999923706055,6.519999980926514,3277045,0.0,0.0
2024-06-21 10:30:00-04:00,6.510000228881836,6.53000020980835,6.434800148010254,6.451200008392334,800615,0.0,0.0
2024-06-21 11:30:00-04:00,6.454999923706055,6.489999771118164,6.409999847412109,6.46999979019165,588849,0.0,0.0
2024-06-21 12:30:00-04:00,6.46999979019165,6.670000076293945,6.46999979019165,6.651599884033203,531531,0.0,0.0
2024-06-21 13:30:00-04:00,6.659999847412109,6.760000228881836,6.630000114440918,6.760000228881836,495614,0.0,0.0
2024-06-21 14:30:00-04:00,6.755000114440918,6.809999942779541,6.739999771118164,6.784999847412109,621575,0.0,0.0
2024-06-21 15:30:00-04:00,6.784999847412109,6.800000190734863,6.730000019073486,6.78000020980835,788117,0.0,0.0
2024-06-24 09:30:00-04:00,6.840000152587891,7.090000152587891,6.800000190734863,6.880000114440918,1719305,0.0,0.0
2024-06-24 10:30:00-04:00,6.880000114440918,7.008299827575684,6.880000114440918,6.949900150299072,646070,0.0,0.0
2024-06-24 11:30:00-04:00,6.949999809265137,6.949999809265137,6.78000020980835,6.784999847412109,421892,0.0,0.0
2024-06-24 12:30:00-04:00,6.784999847412109,6.789999961853027,6.684999942779541,6.699999809265137,327719,0.0,0.0
2024-06-24 13:30:00-04:00,6.699999809265137,6.735000133514404,6.659999847412109,6.715000152587891,286522,0.0,0.0
2024-06-24 14:30:00-04:00,6.71999979019165,6.84499979019165,6.710000038146973,6.824999809265137,317844,0.0,0.0
2024-06-24 15:30:00-04:00,6.824999809265137,6.860000133514404,6.75,6.760000228881836,464271,0.0,0.0
2024-06-25 09:30:00-04:00,6.829999923706055,6.829999923706055,6.659999847412109,6.789999961853027,1051178,0.0,0.0
2024-06-25 10:30:00-04:00,6.795000076293945,6.820000171661377,6.755000114440918,6.808800220489502,329767,0.0,0.0
2024-06-25 11:30:00-04:00,6.809899806976318,6.840000152587891,6.78000020980835,6.789999961853027,254995,0.0,0.0
2024-06-25 12:30:00-04:00,6.789899826049805,6.820000171661377,6.760000228881836,6.809999942779541,193058,0.0,0.0
2024-06-25 13:30:00-04:00,6.815000057220459,6.820000171661377,6.739999771118164,6.75,267176,0.0,0.0
2024-06-25 14:30:00-04:00,6.750500202178955,6.754199981689453,6.639999866485596,6.650000095367432,398217,0.0,0.0
2024-06-25 15:30:00-04:00,6.650000095367432,6.653900146484375,6.579999923706055,6.579999923706055,676716,0.0,0.0
2024-06-26 09:30:00-04:00,6.630000114440918,6.75,6.579999923706055,6.70989990234375,1294722,0.0,0.0
2024-06-26 10:30:00-04:00,6.708700180053711,6.735000133514404,6.664999961853027,6.715000152587891,574101,0.0,0.0
2024-06-26 11:30:00-04:00,6.715000152587891,6.764999866485596,6.630000114440918,6.635000228881836,524993,0.0,0.0
2024-06-26 12:30:00-04:00,6.630000114440918,6.638800144195557,6.559999942779541,6.570000171661377,335162,0.0,0.0
2024-06-26 13:30:00-04:00,6.570000171661377,6.579999923706055,6.53000020980835,6.554999828338623,285918,0.0,0.0
2024-06-26 14:30:00-04:00,6.551799774169922,6.599999904632568,6.539999961853027,6.599999904632568,326275,0.0,0.0
2024-06-26 15:30:00-04:00,6.599999904632568,6.75,6.590000152587891,6.730000019073486,746181,0.0,0.0
2024-06-27 09:30:00-04:00,6.800000190734863,6.934999942779541,6.659999847412109,6.801700115203857,1042050,0.0,0.0
2024-06-27 10:30:00-04:00,6.800000190734863,6.855100154876709,6.739999771118164,6.740099906921387,318580,0.0,0.0
2024-06-27 11:30:00-04:00,6.739999771118164,6.829999923706055,6.710000038146973,6.78000020980835,317396,0.0,0.0
2024-06-27 12:30:00-04:00,6.783400058746338,6.849999904632568,6.78000020980835,6.835000038146973,264264,0.0,0.0
2024-06-27 13:30:00-04:00,6.835000038146973,7.039999961853027,6.835000038146973,7.021999835968018,1142870,0.0,0.0
2024-06-27 14:30:00-04:00,7.025000095367432,7.150000095367432,7.010000228881836,7.090000152587891,564664,0.0,0.0
2024-06-27 15:30:00-04:00,7.09499979019165,7.139999866485596,7.070000171661377,7.105000019073486,757732,0.0,0.0
2024-06-28 09:30:00-04:00,7.179999828338623,7.190000057220459,6.840000152587891,7.005000114440918,1514468,0.0,0.0
2024-06-28 10:30:00-04:00,7.005000114440918,7.070000171661377,6.940000057220459,7.025000095367432,462344,0.0,0.0
2024-06-28 11:30:00-04:00,7.02810001373291,7.034999847412109,6.972499847412109,7.005000114440918,250144,0.0,0.0
2024-06-28 12:30:00-04:00,7.010000228881836,7.014999866485596,6.920000076293945,6.954999923706055,374862,0.0,0.0
2024-06-28 13:30:00-04:00,6.949999809265137,6.989999771118164,6.889999866485596,6.980000019073486,263756,0.0,0.0
2024-06-28 14:30:00-04:00,6.980000019073486,7.0,6.940000057220459,6.940000057220459,357505,0.0,0.0
2024-06-28 15:30:00-04:00,6.940000057220459,7.039999961853027,6.889999866485596,7.03000020980835,1253157,0.0,0.0
2024-07-01 09:30:00-04:00,7.070000171661377,7.119900226593018,6.900000095367432,6.954999923706055,954780,0.0,0.0
2024-07-01 10:30:00-04:00,6.960000038146973,6.976900100708008,6.869999885559082,6.945000171661377,544668,0.0,0.0
2024-07-01 11:30:00-04:00,6.945000171661377,6.980000019073486,6.880000114440918,6.885000228881836,230472,0.0,0.0
2024-07-01 12:30:00-04:00,6.888800144195557,6.889999866485596,6.849999904632568,6.873899936676025,284252,0.0,0.0
2024-07-01 13:30:00-04:00,6.875,6.920000076293945,6.789999961853027,6.864099979400635,480968,0.0,0.0
2024-07-01 14:30:00-04:00,6.864999771118164,6.900000095367432,6.849999904632568,6.889999866485596,286534,0.0,0.0
2024-07-01 15:30:00-04:00,6.889900207519531,6.900000095367432,6.824999809265137,6.840000152587891,650513,0.0,0.0
2024-07-02 09:30:00-04:00,6.840000152587891,7.019999980926514,6.840000152587891,6.989999771118164,899748,0.0,0.0
2024-07-02 10:30:00-04:00,6.995500087738037,7.019899845123291,6.909999847412109,7.007299900054932,380786,0.0,0.0
2024-07-02 11:30:00-04:00,7.007900238037109,7.070000171661377,6.940000057220459,6.949999809265137,397011,0.0,0.0
2024-07-02 12:30:00-04:00,6.945000171661377,6.989999771118164,6.929999828338623,6.965000152587891,149829,0.0,0.0
2024-07-02 13:30:00-04:00,6.965000152587891,7.0,6.929999828338623,6.994999885559082,197837,0.0,0.0
2024-07-02 14:30:00-04:00,6.999899864196777,7.110000133514404,6.989999771118164,7.110000133514404,408109,0.0,0.0
2024-07-02 15:30:00-04:00,7.110000133514404,7.179999828338623,7.105000019073486,7.144999980926514,608894,0.0,0.0
2024-07-03 09:30:00-04:00,7.139999866485596,7.315000057220459,7.065000057220459,7.289999961853027,1002013,0.0,0.0
2024-07-03 10:30:00-04:00,7.284999847412109,7.289999961853027,7.159999847412109,7.191199779510498,404451,0.0,0.0
2024-07-03 11:30:00-04:00,7.191199779510498,7.210000038146973,7.139999866485596,7.190000057220459,277470,0.0,0.0
2024-07-05 09:30:00-04:00,7.199999809265137,7.409999847412109,7.09250020980835,7.308800220489502,1111825,0.0,0.0
2024-07-05 10:30:00-04:00,7.301000118255615,7.480000019073486,7.300000190734863,7.420000076293945,771416,0.0,0.0
2024-07-05 11:30:00-04:00,7.429999828338623,7.6092000007629395,7.400000095367432,7.570000171661377,799755,0.0,0.0
2024-07-05 12:30:00-04:00,7.570000171661377,7.570000171661377,7.380000114440918,7.40500020980835,294235,0.0,0.0
2024-07-05 13:30:00-04:00,7.409999847412109,7.480000019073486,7.389999866485596,7.429500102996826,230624,0.0,0.0
2024-07-05 14:30:00-04:00,7.425000190734863,7.434999942779541,7.34499979019165,7.409999847412109,278591,0.0,0.0
2024-07-05 15:30:00-04:00,7.414999961853027,7.440000057220459,7.400000095367432,7.409999847412109,458565,0.0,0.0
2024-07-08 09:30:00-04:00,7.519999980926514,7.800000190734863,7.510000228881836,7.563600063323975,1683427,0.0,0.0
2024-07-08 10:30:00-04:00,7.570000171661377,7.739999771118164,7.559999942779541,7.65500020980835,583272,0.0,0.0
2024-07-08 11:30:00-04:00,7.65500020980835,7.65500020980835,7.494999885559082,7.519999980926514,362870,0.0,0.0
2024-07-08 12:30:00-04:00,7.519999980926514,7.670000076293945,7.519999980926514,7.619999885559082,255556,0.0,0.0
2024-07-08 13:30:00-04:00,7.625,7.699999809265137,7.619999885559082,7.675000190734863,233739,0.0,0.0
2024-07-08 14:30:00-04:00,7.675000190734863,7.71999979019165,7.650000095367432,7.710000038146973,324120,0.0,0.0
2024-07-08 15:30:00-04:00,7.718500137329102,7.71999979019165,7.639999866485596,7.670000076293945,607936,0.0,0.0
2024-07-09 09:30:00-04:00,7.690000057220459,7.769999980926514,7.489999771118164,7.510000228881836,1295256,0.0,0.0
2024-07-09 10:30:00-04:00,7.509300231933594,7.579999923706055,7.449999809265137,7.510000228881836,494589,0.0,0.0
2024-07-09 11:30:00-04:00,7.510000228881836,7.679999828338623,7.505000114440918,7.65500020980835,301191,0.0,0.0
2024-07-09 12:30:00-04:00,7.65500020980835,7.70989990234375,7.610000133514404,7.65500020980835,256130,0.0,0.0
2024-07-09 13:30:00-04:00,7.65500020980835,7.724999904632568,7.639999866485596,7.704999923706055,197508,0.0,0.0
2024-07-09 14:30:00-04:00,7.699999809265137,7.829999923706055,7.690000057220459,7.809899806976318,444776,0.0,0.0
2024-07-09 15:30:00-04:00,7.800000190734863,7.945000171661377,7.791100025177002,7.940000057220459,748441,0.0,0.0
2024-07-10 09:30:00-04:00,7.929999828338623,8.039999961853027,7.79010009765625,7.809999942779541,1320019,0.0,0.0
2024-07-10 10:30:00-04:00,7.809999942779541,7.894999980926514,7.760000228881836,7.880000114440918,536603,0.0,0.0
2024-07-10 11:30:00-04:00,7.885000228881836,8.180000305175781,7.864999771118164,8.175000190734863,711889,0.0,0.0
2024-07-10 12:30:00-04:00,8.17199993133545,8.204999923706055,8.104999542236328,8.15999984741211,501026,0.0,0.0
2024-07-10 13:30:00-04:00,8.164999961853027,8.324999809265137,8.15999984741211,8.2701997756958,483123,0.0,0.0
2024-07-10 14:30:00-04:00,8.271200180053711,8.460000038146973,8.239999771118164,8.4350004196167,1142745,0.0,0.0
2024-07-10 15:30:00-04:00,8.4350004196167,8.449999809265137,8.350000381469727,8.449999809265137,1080931,0.0,0.0
2024-07-11 09:30:00-04:00,8.404999732971191,8.770000457763672,8.404999732971191,8.635000228881836,2784818,0.0,0.0
2024-07-11 10:30:00-04:00,8.640000343322754,8.699899673461914,8.074999809265137,8.09000015258789,1697151,0.0,0.0
2024-07-11 11:30:00-04:00,8.09000015258789,8.109999656677246,7.880000114440918,7.980000019073486,1309922,0.0,0.0
2024-07-11 12:30:00-04:00,7.985000133514404,8.069999694824219,7.811399936676025,7.960000038146973,659192,0.0,0.0
2024-07-11 13:30:00-04:00,7.960000038146973,7.960000038146973,7.78000020980835,7.929999828338623,687995,0.0,0.0
2024-07-11 14:30:00-04:00,7.925000190734863,8.005000114440918,7.909999847412109,7.909999847412109,657425,0.0,0.0
2024-07-11 15:30:00-04:00,7.909999847412109,8.029999732971191,7.894999980926514,8.029999732971191,1341322,0.0,0.0
2024-07-12 09:30:00-04:00,8.170000076293945,8.229999542236328,8.010000228881836,8.149999618530273,1514368,0.0,0.0
2024-07-12 10:30:00-04:00,8.15999984741211,8.21500015258789,8.050000190734863,8.100000381469727,578791,0.0,0.0
2024-07-12 11:30:00-04:00,8.104999542236328,8.149999618530273,8.0,8.130000114440918,455647,0.0,0.0
2024-07-12 12:30:00-04:00,8.137999534606934,8.239999771118164,8.119999885559082,8.204999923706055,380208,0.0,0.0
2024-07-12 13:30:00-04:00,8.204999923706055,8.274999618530273,8.199999809265137,8.260000228881836,459621,0.0,0.0
2024-07-12 14:30:00-04:00,8.260000228881836,8.4399995803833,8.260000228881836,8.425000190734863,885658,0.0,0.0
2024-07-12 15:30:00-04:00,8.425000190734863,8.449999809265137,8.380000114440918,8.444999694824219,975894,0.0,0.0
2024-07-15 09:30:00-04:00,8.529999732971191,8.760000228881836,8.454999923706055,8.65999984741211,1723395,0.0,0.0
2024-07-15 10:30:00-04:00,8.670000076293945,8.805000305175781,8.664999961853027,8.765000343322754,744457,0.0,0.0
2024-07-15 11:30:00-04:00,8.76990032196045,8.89900016784668,8.739999771118164,8.880000114440918,523509,0.0,0.0
2024-07-15 12:30:00-04:00,8.888500213623047,9.020000457763672,8.819999694824219,8.949999809265137,822198,0.0,0.0
2024-07-15 13:30:00-04:00,8.9399995803833,8.970000267028809,8.769399642944336,8.875,622859,0.0,0.0
2024-07-15 14:30:00-04:00,8.875,8.970000267028809,8.790499687194824,8.968099594116211,464417,0.0,0.0
2024-07-15 15:30:00-04:00,8.970000267028809,9.03499984741211,8.920000076293945,8.970000267028809,943033,0.0,0.0
2024-07-16 09:30:00-04:00,9.0,9.029999732971191,8.6899995803833,8.699999809265137,1847574,0.0,0.0
2024-07-16 10:30:00-04:00,8.704999923706055,8.739999771118164,8.63010025024414,8.694999694824219,761799,0.0,0.0
2024-07-16 11:30:00-04:00,8.699899673461914,8.739999771118164,8.645000457763672,8.704999923706055,371172,0.0,0.0
2024-07-16 12:30:00-04:00,8.706999778747559,8.895000457763672,8.694999694824219,8.869999885559082,358583,0.0,0.0
2024-07-16 13:30:00-04:00,8.859999656677246,8.930000305175781,8.845000267028809,8.925000190734863,317557,0.0,0.0
2024-07-16 14:30:00-04:00,8.929100036621094,9.029999732971191,8.9128999710083,9.020000457763672,526282,0.0,0.0
2024-07-16 15:30:00-04:00,9.020000457763672,9.050000190734863,8.979999542236328,9.029999732971191,804154,0.0,0.0
2024-07-17 09:30:00-04:00,8.680000305175781,8.90999984741211,8.609999656677246,8.649999618530273,1566138,0.0,0.0
2024-07-17 10:30:00-04:00,8.658499717712402,8.765000343322754,8.5600004196167,8.614800453186035,594897,0.0,0.0
2024-07-17 11:30:00-04:00,8.610099792480469,8.645000457763672,8.369999885559082,8.409299850463867,659711,0.0,0.0
2024-07-17 12:30:00-04:00,8.404999732971191,8.479999542236328,8.359999656677246,8.47089958190918,385099,0.0,0.0
2024-07-17 13:30:00-04:00,8.479000091552734,8.65999984741211,8.470000267028809,8.635000228881836,307208,0.0,0.0
2024-07-17 14:30:00-04:00,8.635000228881836,8.635000228881836,8.545000076293945,8.630000114440918,299034,0.0,0.0
2024-07-17 15:30:00-04:00,8.630000114440918,8.635000228881836,8.550000190734863,8.5649995803833,516838,0.0,0.0
2024-07-18 09:30:00-04:00,8.630000114440918,8.84000015258789,8.569999694824219,8.789999961853027,963250,0.0,0.0
2024-07-18 10:30:00-04:00,8.781700134277344,8.78499984741211,8.510000228881836,8.510000228881836,600938,0.0,0.0
2024-07-18 11:30:00-04:00,8.510000228881836,8.579999923706055,8.370100021362305,8.40999984741211,479421,0.0,0.0
2024-07-18 12:30:00-04:00,8.40999984741211,8.529999732971191,8.401599884033203,8.510000228881836,222827,0.0,0.0
2024-07-18 13:30:00-04:00,8.510000228881836,8.520000457763672,8.265000343322754,8.28499984741211,334085,0.0,0.0
2024-07-18 14:30:00-04:00,8.28030014038086,8.300000190734863,8.079999923706055,8.145000457763672,758023,0.0,0.0
2024-07-18 15:30:00-04:00,8.145000457763672,8.255000114440918,8.130000114440918,8.210000038146973,954617,0.0,0.0
2024-07-19 09:30:00-04:00,8.069999694824219,8.071000099182129,7.710000038146973,7.714099884033203,1799442,0.0,0.0
2024-07-19 10:30:00-04:00,7.71999979019165,7.739999771118164,7.630000114440918,7.639999866485596,741825,0.0,0.0
2024-07-19 11:30:00-04:00,7.644999980926514,7.75,7.590000152587891,7.592100143432617,498318,0.0,0.0
2024-07-19 12:30:00-04:00,7.591100215911865,7.610000133514404,7.369999885559082,7.46999979019165,1023152,0.0,0.0
2024-07-19 13:30:00-04:00,7.477399826049805,7.539999961853027,7.409999847412109,7.419899940490723,590351,0.0,0.0
2024-07-19 14:30:00-04:00,7.414999961853027,7.510000228881836,7.369999885559082,7.449999809265137,700589,0.0,0.0
2024-07-19 15:30:00-04:00,7.449900150299072,7.449999809265137,7.420000076293945,7.425000190734863,552602,0.0,0.0
2024-07-22 09:30:00-04:00,7.679999828338623,7.75,7.545000076293945,7.65500020980835,1343799,0.0,0.0
2024-07-22 10:30:00-04:00,7.659999847412109,7.869999885559082,7.6504998207092285,7.75,544758,0.0,0.0
2024-07-22 11:30:00-04:00,7.759900093078613,7.820000171661377,7.710000038146973,7.789999961853027,308343,0.0,0.0
2024-07-22 12:30:00-04:00,7.800000190734863,7.949999809265137,7.769999980926514,7.925000190734863,388952,0.0,0.0
2024-07-22 13:30:00-04:00,7.925000190734863,7.929999828338623,7.800000190734863,7.875,385253,0.0,0.0
2024-07-22 14:30:00-04:00,7.878799915313721,8.029999732971191,7.869999885559082,8.02750015258789,449048,0.0,0.0
2024-07-22 15:30:00-04:00,8.024999618530273,8.079999923706055,7.985000133514404,8.074999809265137,669779,0.0,0.0
2024-07-23 09:30:00-04:00,7.96999979019165,8.319999694824219,7.909999847412109,8.260000228881836,998452,0.0,0.0
2024-07-23 10:30:00-04:00,8.265000343322754,8.300000190734863,8.15999984741211,8.279999732971191,512177,0.0,0.0
2024-07-23 11:30:00-04:00,8.289999961853027,8.359999656677246,8.15999984741211,8.199899673461914,446696,0.0,0.0
2024-07-23 12:30:00-04:00,8.199999809265137,8.229999542236328,8.170000076293945,8.1899995803833,240785,0.0,0.0
2024-07-23 13:30:00-04:00,8.180000305175781,8.3100004196167,8.109999656677246,8.295000076293945,401787,0.0,0.0
2024-07-23 14:30:00-04:00,8.300000190734863,8.375,8.300000190734863,8.34000015258789,335014,0.0,0.0
2024-07-23 15:30:00-04:00,8.345000267028809,8.369999885559082,8.260000228881836,8.3100004196167,529596,0.0,0.0
2024-07-24 09:30:00-04:00,8.140000343322754,8.360300064086914,8.031000137329102,8.300000190734863,1167292,0.0,0.0
2024-07-24 10:30:00-04:00,8.300000190734863,8.300000190734863,7.914999961853027,7.950500011444092,613651,0.0,0.0
2024-07-24 11:30:00-04:00,7.965000152587891,8.050000190734863,7.909999847412109,7.96999979019165,333649,0.0,0.0
2024-07-24 12:30:00-04:00,7.96999979019165,7.994999885559082,7.800000190734863,7.82859992980957,458955,0.0,0.0
2024-07-24 13:30:00-04:00,7.820000171661377,7.864999771118164,7.75,7.750999927520752,406333,0.0,0.0
2024-07-24 14:30:00-04:00,7.755000114440918,7.755000114440918,7.619999885559082,7.679999828338623,626685,0.0,0.0
2024-07-24 15:30:00-04:00,7.680099964141846,7.739999771118164,7.619999885559082,7.619999885559082,650526,0.0,0.0
2024-07-25 09:30:00-04:00,7.570000171661377,7.759900093078613,7.480000019073486,7.739999771118164,1461379,0.0,0.0
2024-07-25 10:30:00-04:00,7.724999904632568,7.909999847412109,7.670000076293945,7.829999923706055,545772,0.0,0.0
2024-07-25 11:30:00-04:00,7.829999923706055,7.96999979019165,7.820000171661377,7.945000171661377,267390,0.0,0.0
2024-07-25 12:30:00-04:00,7.949999809265137,8.154999732971191,7.934999942779541,8.010000228881836,432258,0.0,0.0
2024-07-25 13:30:00-04:00,8.010000228881836,8.039999961853027,7.900100231170654,7.900100231170654,293521,0.0,0.0
2024-07-25 14:30:00-04:00,7.909999847412109,7.980000019073486,7.84499979019165,7.969900131225586,234766,0.0,0.0
2024-07-25 15:30:00-04:00,7.965000152587891,7.985000133514404,7.885000228881836,7.920000076293945,558111,0.0,0.0
2024-07-26 09:30:00-04:00,8.119999885559082,8.170000076293945,7.855000019073486,7.90500020980835,1193999,0.0,0.0
2024-07-26 10:30:00-04:00,7.909999847412109,7.96999979019165,7.820000171661377,7.940000057220459,427239,0.0,0.0
2024-07-26 11:30:00-04:00,7.949999809265137,8.095000267028809,7.920000076293945,8.029999732971191,285994,0.0,0.0
2024-07-26 12:30:00-04:00,8.024999618530273,8.149999618530273,8.00100040435791,8.145000457763672,408212,0.0,0.0
2024-07-26 13:30:00-04:00,8.145000457763672,8.189900398254395,8.010000228881836,8.180000305175781,529763,0.0,0.0
2024-07-26 14:30:00-04:00,8.170000076293945,8.270000457763672,8.109999656677246,8.23009967803955,534472,0.0,0.0
2024-07-26 15:30:00-04:00,8.229999542236328,8.239999771118164,8.180100440979004,8.210000038146973,581147,0.0,0.0
2024-07-29 09:30:00-04:00,8.34000015258789,8.4399995803833,8.149999618530273,8.199999809265137,1090067,0.0,0.0
2024-07-29 10:30:00-04:00,8.1899995803833,8.199999809265137,8.010000228881836,8.0600004196167,470356,0.0,0.0
2024-07-29 11:30:00-04:00,8.0600004196167,8.069899559020996,7.96999979019165,7.989999771118164,316734,0.0,0.0
2024-07-29 12:30:00-04:00,7.994999885559082,8.020000457763672,7.800000190734863,7.809999942779541,316158,0.0,0.0
2024-07-29 13:30:00-04:00,7.809999942779541,7.889999866485596,7.804999828338623,7.869999885559082,231575,0.0,0.0
2024-07-29 14:30:00-04:00,7.869999885559082,7.909999847412109,7.820000171661377,7.90500020980835,246081,0.0,0.0
2024-07-29 15:30:00-04:00,7.909999847412109,7.994999885559082,7.889999866485596,7.889999866485596,429675,0.0,0.0
2024-07-30 09:30:00-04:00,7.940000057220459,8.0,7.78000020980835,7.860000133514404,715617,0.0,0.0
2024-07-30 10:30:00-04:00,7.860000133514404,7.909999847412109,7.664999961853027,7.800000190734863,456751,0.0,0.0
2024-07-30 11:30:00-04:00,7.800000190734863,7.809999942779541,7.670000076293945,7.715000152587891,344604,0.0,0.0
2024-07-30 12:30:00-04:00,7.710000038146973,7.769899845123291,7.610000133514404,7.699999809265137,262780,0.0,0.0
2024-07-30 13:30:00-04:00,7.699999809265137,7.789999961853027,7.679999828338623,7.752200126647949,190277,0.0,0.0
2024-07-30 14:30:00-04:00,7.755099773406982,7.755099773406982,7.710000038146973,7.730000019073486,201313,0.0,0.0
2024-07-30 15:30:00-04:00,7.730000019073486,7.849999904632568,7.71999979019165,7.804999828338623,437949,0.0,0.0
2024-07-31 09:30:00-04:00,7.980000019073486,8.0600004196167,7.920000076293945,7.9791998863220215,761107,0.0,0.0
2024-07-31 10:30:00-04:00,7.973700046539307,8.079999923706055,7.954999923706055,8.02869987487793,331538,0.0,0.0
2024-07-31 11:30:00-04:00,8.029999732971191,8.149999618530273,8.005000114440918,8.099300384521484,316129,0.0,0.0
2024-07-31 12:30:00-04:00,8.090200424194336,8.140000343322754,8.069999694824219,8.104999542236328,236165,0.0,0.0
2024-07-31 13:30:00-04:00,8.104999542236328,8.130000114440918,8.020000457763672,8.028499603271484,264935,0.0,0.0
2024-07-31 14:30:00-04:00,8.024999618530273,8.46500015258789,8.024999618530273,8.164199829101562,1189559,0.0,0.0
2024-07-31 15:30:00-04:00,8.15999984741211,8.260000228881836,8.130000114440918,8.140000343322754,672233,0.0,0.0
2024-08-01 09:30:00-04:00,8.029999732971191,8.100000381469727,7.838600158691406,7.838600158691406,883153,0.0,0.0
2024-08-01 10:30:00-04:00,7.840000152587891,7.860000133514404,7.639999866485596,7.659999847412109,616574,0.0,0.0
2024-08-01 11:30:00-04:00,7.659900188446045,7.679999828338623,7.539999961853027,7.579999923706055,532292,0.0,0.0
2024-08-01 12:30:00-04:00,7.579999923706055,7.59499979019165,7.380000114440918,7.425000190734863,639131,0.0,0.0
2024-08-01 13:30:00-04:00,7.420000076293945,7.494999885559082,7.380000114440918,7.429999828338623,400883,0.0,0.0
2024-08-01 14:30:00-04:00,7.429900169372559,7.460000038146973,7.380000114440918,7.449999809265137,583425,0.0,0.0
2024-08-01 15:30:00-04:00,7.449999809265137,7.53000020980835,7.409999847412109,7.525000095367432,671150,0.0,0.0
2024-08-02 09:30:00-04:00,7.010000228881836,7.2241997718811035,6.945000171661377,7.065000057220459,1834672,0.0,0.0
2024-08-02 10:30:00-04:00,7.059999942779541,7.130000114440918,7.0,7.085000038146973,641993,0.0,0.0
2024-08-02 11:30:00-04:00,7.090000152587891,7.264999866485596,7.085000038146973,7.170000076293945,454858,0.0,0.0
2024-08-02 12:30:00-04:00,7.170000076293945,7.239999771118164,7.110000133514404,7.179999828338623,292522,0.0,0.0
2024-08-02 13:30:00-04:00,7.170000076293945,7.170000076293945,7.050000190734863,7.119999885559082,311370,0.0,0.0
2024-08-02 14:30:00-04:00,7.110000133514404,7.164999961853027,7.059999942779541,7.105000019073486,414746,0.0,0.0
2024-08-02 15:30:00-04:00,7.110000133514404,7.139999866485596,7.034999847412109,7.070000171661377,629570,0.0,0.0
2024-08-05 09:30:00-04:00,6.239999771118164,6.820000171661377,6.21999979019165,6.546681880950928,3071095,0.0,0.0
2024-08-05 10:30:00-04:00,6.550000190734863,6.889999866485596,6.545000076293945,6.78000020980835,845248,0.0,0.0
2024-08-05 11:30:00-04:00,6.78000020980835,6.929999828338623,6.755000114440918,6.914999961853027,394114,0.0,0.0
2024-08-05 12:30:00-04:00,6.910999774932861,6.920000076293945,6.71999979019165,6.772900104522705,394425,0.0,0.0
2024-08-05 13:30:00-04:00,6.78000020980835,6.820000171661377,6.614999771118164,6.639999866485596,495977,0.0,0.0
2024-08-05 14:30:00-04:00,6.639999866485596,6.650000095367432,6.519999980926514,6.605000019073486,518896,0.0,0.0
2024-08-05 15:30:00-04:00,6.599999904632568,6.619999885559082,6.554999828338623,6.590000152587891,869100,0.0,0.0
2024-08-06 09:30:00-04:00,6.840000152587891,6.900000095367432,6.585000038146973,6.829999923706055,2230585,0.0,0.0
2024-08-06 10:30:00-04:00,6.829999923706055,7.03000020980835,6.803999900817871,6.875,849338,0.0,0.0
2024-08-06 11:30:00-04:00,6.875,7.03000020980835,6.871099948883057,7.0289998054504395,437443,0.0,0.0
2024-08-06 12:30:00-04:00,7.0289998054504395,7.260000228881836,7.001200199127197,7.251299858093262,542720,0.0,0.0
2024-08-06 13:30:00-04:00,7.251100063323975,7.320000171661377,7.159999847412109,7.308899879455566,516558,0.0,0.0
2024-08-06 14:30:00-04:00,7.309899806976318,7.349999904632568,7.199999809265137,7.289999961853027,706523,0.0,0.0
2024-08-06 15:30:00-04:00,7.300000190734863,7.329999923706055,7.210000038146973,7.210000038146973,870325,0.0,0.0
2024-08-07 09:30:00-04:00,7.340000152587891,7.369999885559082,7.090000152587891,7.099999904632568,1433574,0.0,0.0
2024-08-07 10:30:00-04:00,7.105000019073486,7.269999980926514,7.070000171661377,7.195000171661377,538207,0.0,0.0
2024-08-07 11:30:00-04:00,7.190100193023682,7.235000133514404,7.090000152587891,7.170000076293945,618444,0.0,0.0
2024-08-07 12:30:00-04:00,7.175000190734863,7.190000057220459,7.010000228881836,7.039999961853027,848427,0.0,0.0
2024-08-07 13:30:00-04:00,7.045000076293945,7.079999923706055,6.840000152587891,6.920000076293945,592116,0.0,0.0
2024-08-07 14:30:00-04:00,6.920000076293945,6.989999771118164,6.860000133514404,6.914999961853027,460880,0.0,0.0
2024-08-07 15:30:00-04:00,6.914999961853027,6.949999809265137,6.78000020980835,6.800000190734863,869086,0.0,0.0
2024-08-08 09:30:00-04:00,7.239999771118164,7.239999771118164,6.90500020980835,7.195000171661377,2144702,0.0,0.0
2024-08-08 10:30:00-04:00,7.195000171661377,7.199999809265137,6.989999771118164,7.125,867002,0.0,0.0
2024-08-08 11:30:00-04:00,7.125,7.28000020980835,7.005000114440918,7.014999866485596,593273,0.0,0.0
2024-08-08 12:30:00-04:00,7.0192999839782715,7.049900054931641,6.894999980926514,7.045000076293945,577077,0.0,0.0
2024-08-08 13:30:00-04:00,7.045000076293945,7.159999847412109,7.014999866485596,7.125,461940,0.0,0.0
2024-08-08 14:30:00-04:00,7.122000217437744,7.150000095367432,7.010000228881836,7.099999904632568,552590,0.0,0.0
2024-08-08 15:30:00-04:00,7.090000152587891,7.130000114440918,7.03000020980835,7.110000133514404,802741,0.0,0.0
2024-08-09 09:30:00-04:00,7.199999809265137,7.519999980926514,7.054999828338623,7.139999866485596,1478427,0.0,0.0
2024-08-09 10:30:00-04:00,7.135000228881836,7.159999847412109,7.030900001525879,7.034999847412109,441742,0.0,0.0
2024-08-09 11:30:00-04:00,7.039999961853027,7.059999942779541,6.940000057220459,6.980000019073486,418224,0.0,0.0
2024-08-09 12:30:00-04:00,6.980000019073486,7.139999866485596,6.974999904632568,7.139999866485596,281642,0.0,0.0
2024-08-09 13:30:00-04:00,7.139999866485596,7.210000038146973,7.09499979019165,7.150000095367432,270597,0.0,0.0
2024-08-09 14:30:00-04:00,7.150000095367432,7.190000057220459,7.079999923706055,7.099999904632568,292391,0.0,0.0
2024-08-09 15:30:00-04:00,7.099999904632568,7.164999961853027,7.070099830627441,7.119999885559082,582032,0.0,0.0
2024-08-12 09:30:00-04:00,7.130000114440918,7.210000038146973,6.96999979019165,7.139900207519531,1235080,0.0,0.0
2024-08-12 10:30:00-04:00,7.135000228881836,7.170000076293945,6.940000057220459,6.9710001945495605,750703,0.0,0.0
2024-08-12 11:30:00-04:00,6.96999979019165,7.0,6.929999828338623,6.945000171661377,381778,0.0,0.0
2024-08-12 12:30:00-04:00,6.945000171661377,6.980000019073486,6.880000114440918,6.934999942779541,415802,0.0,0.0
2024-08-12 13:30:00-04:00,6.934999942779541,6.965000152587891,6.849999904632568,6.869999885559082,455125,0.0,0.0
2024-08-12 14:30:00-04:00,6.860000133514404,6.860000133514404,6.760000228881836,6.764999866485596,478199,0.0,0.0
2024-08-12 15:30:00-04:00,6.764999866485596,6.784999847412109,6.679999828338623,6.71999979019165,754031,0.0,0.0
2024-08-13 09:30:00-04:00,6.849999904632568,7.125400066375732,6.775000095367432,7.050099849700928,1360465,0.0,0.0
2024-08-13 10:30:00-04:00,7.054999828338623,7.119999885559082,7.03000020980835,7.074999809265137,385486,0.0,0.0
2024-08-13 11:30:00-04:00,7.079999923706055,7.179999828338623,7.079999923706055,7.15500020980835,329522,0.0,0.0
2024-08-13 12:30:00-04:00,7.159999847412109,7.289999961853027,7.150000095367432,7.239999771118164,338993,0.0,0.0
2024-08-13 13:30:00-04:00,7.239999771118164,7.25,7.139999866485596,7.239999771118164,312841,0.0,0.0
2024-08-13 14:30:00-04:00,7.244999885559082,7.28000020980835,7.21999979019165,7.244999885559082,317199,0.0,0.0
2024-08-13 15:30:00-04:00,7.244999885559082,7.320000171661377,7.230000019073486,7.289999961853027,771917,0.0,0.0
2024-08-14 09:30:00-04:00,7.380000114440918,7.440000057220459,7.079999923706055,7.099999904632568,1035309,0.0,0.0
2024-08-14 10:30:00-04:00,7.100100040435791,7.235000133514404,7.059999942779541,7.21999979019165,291368,0.0,0.0
2024-08-14 11:30:00-04:00,7.230000019073486,7.315000057220459,7.159999847412109,7.204999923706055,335377,0.0,0.0
2024-08-14 12:30:00-04:00,7.210000038146973,7.364999771118164,7.199900150299072,7.324999809265137,284705,0.0,0.0
2024-08-14 13:30:00-04:00,7.320000171661377,7.380000114440918,7.275000095367432,7.364999771118164,247671,0.0,0.0
2024-08-14 14:30:00-04:00,7.369999885559082,7.40500020980835,7.335000038146973,7.34499979019165,285692,0.0,0.0
2024-08-14 15:30:00-04:00,7.340000152587891,7.394999980926514,7.309999942779541,7.309999942779541,433614,0.0,0.0
2024-08-15 09:30:00-04:00,7.429999828338623,7.590000152587891,7.425000190734863,7.559999942779541,1033900,0.0,0.0
2024-08-15 10:30:00-04:00,7.559999942779541,7.659999847412109,7.53000020980835,7.585000038146973,504740,0.0,0.0
2024-08-15 11:30:00-04:00,7.581200122833252,7.639999866485596,7.550000190734863,7.639900207519531,264959,0.0,0.0
2024-08-15 12:30:00-04:00,7.635000228881836,7.650000095367432,7.545000076293945,7.545000076293945,261277,0.0,0.0
2024-08-15 13:30:00-04:00,7.539999961853027,7.579999923706055,7.460000038146973,7.505000114440918,235124,0.0,0.0
2024-08-15 14:30:00-04:00,7.505000114440918,7.579999923706055,7.489999771118164,7.494999885559082,320609,0.0,0.0
2024-08-15 15:30:00-04:00,7.494999885559082,7.505000114440918,7.389999866485596,7.429999828338623,559903,0.0,0.0
2024-08-16 09:30:00-04:00,7.360000133514404,7.53000020980835,7.320000171661377,7.451900005340576,741873,0.0,0.0
2024-08-16 10:30:00-04:00,7.449999809265137,7.46120023727417,7.289999961853027,7.295000076293945,425706,0.0,0.0
2024-08-16 11:30:00-04:00,7.289999961853027,7.369999885559082,7.289999961853027,7.360000133514404,184579,0.0,0.0
2024-08-16 12:30:00-04:00,7.363999843597412,7.369999885559082,7.269999980926514,7.295000076293945,192172,0.0,0.0
2024-08-16 13:30:00-04:00,7.290200233459473,7.320000171661377,7.240099906921387,7.275000095367432,267303,0.0,0.0
2024-08-16 14:30:00-04:00,7.28000020980835,7.340000152587891,7.28000020980835,7.28000020980835,167720,0.0,0.0
2024-08-16 15:30:00-04:00,7.289999961853027,7.309999942779541,7.260000228881836,7.28000020980835,363450,0.0,0.0
2024-08-19 09:30:00-04:00,7.320000171661377,7.320000171661377,7.130000114440918,7.215000152587891,773619,0.0,0.0
2024-08-19 10:30:00-04:00,7.214000225067139,7.320000171661377,7.199999809265137,7.286900043487549,284419,0.0,0.0
2024-08-19 11:30:00-04:00,7.284999847412109,7.329999923706055,7.204999923706055,7.230000019073486,389525,0.0,0.0
2024-08-19 12:30:00-04:00,7.21999979019165,7.2778000831604,7.199999809265137,7.264999866485596,136816,0.0,0.0
2024-08-19 13:30:00-04:00,7.269999980926514,7.300000190734863,7.25,7.299699783325195,159467,0.0,0.0
2024-08-19 14:30:00-04:00,7.2932000160217285,7.324999809265137,7.28000020980835,7.315000057220459,318354,0.0,0.0
2024-08-19 15:30:00-04:00,7.309999942779541,7.309999942779541,7.269999980926514,7.289999961853027,294486,0.0,0.0
2024-08-20 09:30:00-04:00,7.269999980926514,7.364999771118164,7.21999979019165,7.235000133514404,730455,0.0,0.0
2024-08-20 10:30:00-04:00,7.231799125671387,7.284999847412109,7.190000057220459,7.209499835968018,392917,0.0,0.0
2024-08-20 11:30:00-04:00,7.204999923706055,7.260000228881836,7.150000095367432,7.15500020980835,199352,0.0,0.0
2024-08-20 12:30:00-04:00,7.150100231170654,7.170000076293945,7.081200122833252,7.15500020980835,224749,0.0,0.0
2024-08-20 13:30:00-04:00,7.15500020980835,7.190000057220459,7.099999904632568,7.1691999435424805,162358,0.0,0.0
2024-08-20 14:30:00-04:00,7.1616997718811035,7.210000038146973,7.159999847412109,7.204999923706055,136303,0.0,0.0
2024-08-20 15:30:00-04:00,7.199999809265137,7.260000228881836,7.190000057220459,7.210000038146973,381062,0.0,0.0
2024-08-21 09:30:00-04:00,7.300000190734863,7.429999828338623,7.25,7.389999866485596,802548,0.0,0.0
2024-08-21 10:30:00-04:00,7.394999980926514,7.460000038146973,7.300000190734863,7.414999961853027,437388,0.0,0.0
2024-08-21 11:30:00-04:00,7.409999847412109,7.519000053405762,7.400000095367432,7.5,489947,0.0,0.0
2024-08-21 12:30:00-04:00,7.5,7.590000152587891,7.489999771118164,7.539999961853027,391747,0.0,0.0
2024-08-21 13:30:00-04:00,7.550000190734863,7.670000076293945,7.53000020980835,7.670000076293945,463122,0.0,0.0
2024-08-21 14:30:00-04:00,7.670000076293945,7.744999885559082,7.639999866485596,7.739999771118164,576492,0.0,0.0
2024-08-21 15:30:00-04:00,7.739999771118164,7.789999961853027,7.730000019073486,7.78000020980835,727728,0.0,0.0
2024-08-22 09:30:00-04:00,7.699999809265137,7.752900123596191,7.5,7.539999961853027,1196035,0.0,0.0
2024-08-22 10:30:00-04:00,7.539999961853027,7.565000057220459,7.440000057220459,7.474999904632568,477224,0.0,0.0
2024-08-22 11:30:00-04:00,7.474999904632568,7.534999847412109,7.349999904632568,7.514999866485596,468028,0.0,0.0
2024-08-22 12:30:00-04:00,7.514999866485596,7.545000076293945,7.400000095367432,7.420000076293945,255679,0.0,0.0
2024-08-22 13:30:00-04:00,7.414999961853027,7.429999828338623,7.349999904632568,7.394999980926514,284845,0.0,0.0
2024-08-22 14:30:00-04:00,7.389999866485596,7.449999809265137,7.360000133514404,7.369800090789795,358847,0.0,0.0
2024-08-22 15:30:00-04:00,7.364999771118164,7.375,7.300000190734863,7.309999942779541,574132,0.0,0.0
2024-08-23 09:30:00-04:00,7.369999885559082,7.679900169372559,7.369999885559082,7.599999904632568,1343272,0.0,0.0
2024-08-23 10:30:00-04:00,7.610000133514404,7.64139986038208,7.40500020980835,7.540500164031982,729416,0.0,0.0
2024-08-23 11:30:00-04:00,7.539999961853027,7.565700054168701,7.43149995803833,7.465000152587891,286792,0.0,0.0
2024-08-23 12:30:00-04:00,7.460000038146973,7.480000019073486,7.369999885559082,7.460000038146973,368967,0.0,0.0
2024-08-23 13:30:00-04:00,7.465000152587891,7.46999979019165,7.389999866485596,7.414999961853027,303735,0.0,0.0
2024-08-23 14:30:00-04:00,7.420000076293945,7.460000038146973,7.34499979019165,7.445000171661377,305453,0.0,0.0
2024-08-23 15:30:00-04:00,7.445000171661377,7.445000171661377,7.380000114440918,7.380000114440918,538501,0.0,0.0
2024-08-26 09:30:00-04:00,7.5,7.619999885559082,7.420000076293945,7.494999885559082,1161783,0.0,0.0
2024-08-26 10:30:00-04:00,7.499100208282471,7.519999980926514,7.389999866485596,7.489999771118164,436540,0.0,0.0
2024-08-26 11:30:00-04:00,7.480000019073486,7.53000020980835,7.440000057220459,7.514999866485596,232712,0.0,0.0
2024-08-26 12:30:00-04:00,7.519999980926514,7.59499979019165,7.5,7.579999923706055,259983,0.0,0.0
2024-08-26 13:30:00-04:00,7.5802001953125,7.599999904632568,7.519999980926514,7.589900016784668,268933,0.0,0.0
2024-08-26 14:30:00-04:00,7.590000152587891,7.650000095367432,7.570000171661377,7.580900192260742,368591,0.0,0.0
2024-08-26 15:30:00-04:00,7.579999923706055,7.585000038146973,7.510000228881836,7.510000228881836,459867,0.0,0.0
2024-08-27 09:30:00-04:00,7.409999847412109,7.46999979019165,7.21999979019165,7.269999980926514,960395,0.0,0.0
2024-08-27 10:30:00-04:00,7.269999980926514,7.34499979019165,7.125,7.130000114440918,669614,0.0,0.0
2024-08-27 11:30:00-04:00,7.125,7.260000228881836,7.099999904632568,7.254000186920166,617149,0.0,0.0
2024-08-27 12:30:00-04:00,7.25,7.349999904632568,7.199999809265137,7.349999904632568,346537,0.0,0.0
2024-08-27 13:30:00-04:00,7.34499979019165,7.385000228881836,7.28000020980835,7.289999961853027,276067,0.0,0.0
2024-08-27 14:30:00-04:00,7.28000020980835,7.335000038146973,7.264999866485596,7.299900054931641,246068,0.0,0.0
2024-08-27 15:30:00-04:00,7.289999961853027,7.324999809265137,7.25,7.28000020980835,338784,0.0,0.0
2024-08-28 09:30:00-04:00,7.260000228881836,7.349999904632568,7.210000038146973,7.213799953460693,546701,0.0,0.0
2024-08-28 10:30:00-04:00,7.21120023727417,7.244999885559082,6.980000019073486,7.025000095367432,704244,0.0,0.0
2024-08-28 11:30:00-04:00,7.019999980926514,7.039999961853027,6.940000057220459,6.945000171661377,438941,0.0,0.0
2024-08-28 12:30:00-04:00,6.945000171661377,7.045000076293945,6.945000171661377,6.99399995803833,258883,0.0,0.0
2024-08-28 13:30:00-04:00,6.989999771118164,7.010000228881836,6.909999847412109,6.934999942779541,448557,0.0,0.0
2024-08-28 14:30:00-04:00,6.940000057220459,6.994999885559082,6.909999847412109,6.994999885559082,364360,0.0,0.0
2024-08-28 15:30:00-04:00,6.989999771118164,7.019999980926514,6.960000038146973,7.014999866485596,490862,0.0,0.0
2024-08-29 09:30:00-04:00,7.230000019073486,7.340000152587891,7.179999828338623,7.304999828338623,806917,0.0,0.0
2024-08-29 10:30:00-04:00,7.304999828338623,7.368299961090088,7.269999980926514,7.329999923706055,304247,0.0,0.0
2024-08-29 11:30:00-04:00,7.340000152587891,7.449999809265137,7.320000171661377,7.434999942779541,312662,0.0,0.0
2024-08-29 12:30:00-04:00,7.434999942779541,7.514999866485596,7.420000076293945,7.5,317105,0.0,0.0
2024-08-29 13:30:00-04:00,7.505000114440918,7.539999961853027,7.390100002288818,7.414999961853027,335025,0.0,0.0
2024-08-29 14:30:00-04:00,7.409999847412109,7.420000076293945,7.28000020980835,7.349999904632568,305820,0.0,0.0
2024-08-29 15:30:00-04:00,7.34250020980835,7.388000011444092,7.320000171661377,7.320000171661377,455937,0.0,0.0
2024-08-30 09:30:00-04:00,7.440000057220459,7.489999771118164,7.355000019073486,7.46999979019165,511371,0.0,0.0
2024-08-30 10:30:00-04:00,7.46999979019165,7.5395002365112305,7.375,7.400000095367432,277736,0.0,0.0
2024-08-30 11:30:00-04:00,7.409999847412109,7.429999828338623,7.329999923706055,7.379899978637695,201543,0.0,0.0
2024-08-30 12:30:00-04:00,7.370100021362305,7.389999866485596,7.329999923706055,7.349999904632568,147078,0.0,0.0
2024-08-30 13:30:00-04:00,7.355000019073486,7.380000114440918,7.340000152587891,7.359899997711182,115864,0.0,0.0
2024-08-30 14:30:00-04:00,7.349999904632568,7.420000076293945,7.349999904632568,7.414999961853027,227921,0.0,0.0
2024-08-30 15:30:00-04:00,7.414999961853027,7.460000038146973,7.389999866485596,7.420000076293945,625111,0.0,0.0
2024-09-03 09:30:00-04:00,7.300000190734863,7.364999771118164,7.119999885559082,7.175000190734863,895256,0.0,0.0
2024-09-03 10:30:00-04:00,7.179999828338623,7.179999828338623,7.065000057220459,7.118299961090088,517287,0.0,0.0
2024-09-03 11:30:00-04:00,7.110000133514404,7.130000114440918,7.065000057220459,7.09499979019165,424776,0.0,0.0
2024-09-03 12:30:00-04:00,7.09499979019165,7.110000133514404,7.050000190734863,7.099999904632568,241075,0.0,0.0
2024-09-03 13:30:00-04:00,7.09499979019165,7.139900207519531,6.940000057220459,6.954999923706055,703240,0.0,0.0
2024-09-03 14:30:00-04:00,6.954999923706055,7.034999847412109,6.954999923706055,6.990499973297119,418282,0.0,0.0
2024-09-03 15:30:00-04:00,6.994999885559082,7.005000114440918,6.940000057220459,6.960000038146973,848116,0.0,0.0
2024-09-04 09:30:00-04:00,6.889999866485596,6.960000038146973,6.78000020980835,6.954999923706055,1202374,0.0,0.0
2024-09-04 10:30:00-04:00,6.960000038146973,7.139999866485596,6.954999923706055,7.065000057220459,550118,0.0,0.0
2024-09-04 11:30:00-04:00,7.041999816894531,7.139999866485596,7.039999961853027,7.130000114440918,236496,0.0,0.0
2024-09-04 12:30:00-04:00,7.139900207519531,7.139999866485596,7.040200233459473,7.056600093841553,188052,0.0,0.0
2024-09-04 13:30:00-04:00,7.050099849700928,7.059899806976318,6.980000019073486,7.005000114440918,188634,0.0,0.0
2024-09-04 14:30:00-04:00,7.005000114440918,7.029900074005127,6.940000057220459,7.010000228881836,292601,0.0,0.0
2024-09-04 15:30:00-04:00,7.010000228881836,7.03000020980835,6.974999904632568,7.010000228881836,368072,0.0,0.0
2024-09-05 09:30:00-04:00,7.03000020980835,7.239999771118164,7.0,7.150000095367432,705946,0.0,0.0
2024-09-05 10:30:00-04:00,7.150000095367432,7.184899806976318,7.0,7.010000228881836,240553,0.0,0.0
2024-09-05 11:30:00-04:00,7.005000114440918,7.09499979019165,6.980000019073486,7.079999923706055,186933,0.0,0.0
2024-09-05 12:30:00-04:00,7.070000171661377,7.074999809265137,6.989999771118164,6.989999771118164,147495,0.0,0.0
2024-09-05 13:30:00-04:00,6.994999885559082,7.09499979019165,6.992499828338623,7.079999923706055,155663,0.0,0.0
2024-09-05 14:30:00-04:00,7.074999809265137,7.099999904632568,7.020100116729736,7.054999828338623,142481,0.0,0.0
2024-09-05 15:30:00-04:00,7.053999900817871,7.079999923706055,7.010000228881836,7.050000190734863,250301,0.0,0.0
2024-09-06 09:30:00-04:00,7.059999942779541,7.109899997711182,6.795000076293945,6.795000076293945,1132012,0.0,0.0
2024-09-06 10:30:00-04:00,6.799699783325195,6.820000171661377,6.710000038146973,6.7220001220703125,761350,0.0,0.0
2024-09-06 11:30:00-04:00,6.730000019073486,6.760000228881836,6.71999979019165,6.724999904632568,316973,0.0,0.0
2024-09-06 12:30:00-04:00,6.724999904632568,6.869999885559082,6.710000038146973,6.855000019073486,347194,0.0,0.0
2024-09-06 13:30:00-04:00,6.849999904632568,6.864999771118164,6.800000190734863,6.811200141906738,176296,0.0,0.0
2024-09-06 14:30:00-04:00,6.819799900054932,6.909999847412109,6.804999828338623,6.885000228881836,257788,0.0,0.0
2024-09-06 15:30:00-04:00,6.880000114440918,6.900000095367432,6.800000190734863,6.800000190734863,504205,0.0,0.0
