Datetime,Open,High,Low,Close,Volume,Dividends,Stock Splits
2022-09-08 09:30:00-04:00,23.75,24.114999771118164,23.530000686645508,24.0,0,0.0,0.0
2022-09-08 10:30:00-04:00,24.05500030517578,24.239099502563477,24.05500030517578,24.1200008392334,4901,0.0,0.0
2022-09-08 11:30:00-04:00,24.110000610351562,24.239999771118164,23.979999542236328,24.010000228881836,4432,0.0,0.0
2022-09-08 12:30:00-04:00,24.030000686645508,24.09000015258789,24.0,24.010000228881836,5024,0.0,0.0
2022-09-08 13:30:00-04:00,24.079999923706055,24.079999923706055,24.0,24.010000228881836,7209,0.0,0.0
2022-09-08 14:30:00-04:00,24.049999237060547,24.049999237060547,23.940000534057617,24.0,7110,0.0,0.0
2022-09-08 15:30:00-04:00,23.989999771118164,23.989999771118164,23.899999618530273,23.950000762939453,19102,0.0,0.0
2022-09-09 09:30:00-04:00,24.010000228881836,24.31999969482422,23.969999313354492,24.31999969482422,4735,0.0,0.0
2022-09-09 10:30:00-04:00,24.3700008392334,24.40999984741211,24.190000534057617,24.200000762939453,6793,0.0,0.0
2022-09-09 11:30:00-04:00,24.209999084472656,24.274999618530273,24.209999084472656,24.260000228881836,2976,0.0,0.0
2022-09-09 12:30:00-04:00,24.260799407958984,24.270000457763672,24.190000534057617,24.239999771118164,4207,0.0,0.0
2022-09-09 13:30:00-04:00,24.225000381469727,24.225000381469727,24.09000015258789,24.1299991607666,3207,0.0,0.0
2022-09-09 14:30:00-04:00,24.170000076293945,24.280000686645508,24.110000610351562,24.204999923706055,8315,0.0,0.0
2022-09-09 15:30:00-04:00,24.190000534057617,24.219999313354492,24.100000381469727,24.139999389648438,12367,0.0,0.0
2022-09-12 09:30:00-04:00,24.350000381469727,24.649999618530273,24.209999084472656,24.540000915527344,8227,0.0,0.0
2022-09-12 10:30:00-04:00,24.549999237060547,24.579999923706055,24.5,24.549999237060547,5242,0.0,0.0
2022-09-12 11:30:00-04:00,24.530000686645508,24.530000686645508,24.3700008392334,24.389999389648438,3872,0.0,0.0
2022-09-12 12:30:00-04:00,24.450000762939453,24.530000686645508,24.450000762939453,24.5,4067,0.0,0.0
2022-09-12 13:30:00-04:00,24.639999389648438,24.68600082397461,24.56999969482422,24.59000015258789,7856,0.0,0.0
2022-09-12 14:30:00-04:00,24.56999969482422,24.700000762939453,24.56999969482422,24.6200008392334,8520,0.0,0.0
2022-09-12 15:30:00-04:00,24.610000610351562,24.729000091552734,24.56999969482422,24.700000762939453,14300,0.0,0.0
2022-09-13 09:30:00-04:00,24.469999313354492,24.780000686645508,24.280000686645508,24.71500015258789,11012,0.0,0.0
2022-09-13 10:30:00-04:00,24.739999771118164,24.84000015258789,24.549999237060547,24.579999923706055,23263,0.0,0.0
2022-09-13 11:30:00-04:00,24.579999923706055,24.725000381469727,24.579999923706055,24.684999465942383,5093,0.0,0.0
2022-09-13 12:30:00-04:00,24.649999618530273,24.75,24.600000381469727,24.614999771118164,7346,0.0,0.0
2022-09-13 13:30:00-04:00,24.639999389648438,24.719999313354492,24.56999969482422,24.65999984741211,11481,0.0,0.0
2022-09-13 14:30:00-04:00,24.6200008392334,24.68000030517578,24.469999313354492,24.5049991607666,15209,0.0,0.0
2022-09-13 15:30:00-04:00,24.5,24.575000762939453,24.389999389648438,24.4950008392334,21433,0.0,0.0
2022-09-14 09:30:00-04:00,24.6200008392334,24.6200008392334,24.270000457763672,24.319900512695312,6924,0.0,0.0
2022-09-14 10:30:00-04:00,24.315000534057617,24.610000610351562,24.315000534057617,24.549999237060547,8574,0.0,0.0
2022-09-14 11:30:00-04:00,24.600000381469727,24.6200008392334,24.530000686645508,24.530000686645508,7027,0.0,0.0
2022-09-14 12:30:00-04:00,24.540000915527344,24.795000076293945,24.540000915527344,24.649999618530273,6456,0.0,0.0
2022-09-14 13:30:00-04:00,24.665000915527344,24.84000015258789,24.635000228881836,24.709999084472656,19088,0.0,0.0
2022-09-14 14:30:00-04:00,24.700000762939453,24.739999771118164,24.350000381469727,24.540000915527344,16067,0.0,0.0
2022-09-14 15:30:00-04:00,24.540000915527344,24.709999084472656,24.43000030517578,24.709999084472656,22716,0.0,0.0
2022-09-15 09:30:00-04:00,24.520000457763672,25.079999923706055,24.520000457763672,25.03499984741211,7823,0.0,0.0
2022-09-15 10:30:00-04:00,25.0,25.020000457763672,24.530000686645508,24.55500030517578,44825,0.0,0.0
2022-09-15 11:30:00-04:00,24.530000686645508,24.549999237060547,24.469999313354492,24.4950008392334,5011,0.0,0.0
2022-09-15 12:30:00-04:00,24.530000686645508,24.729999542236328,24.5,24.684999465942383,17532,0.0,0.0
2022-09-15 13:30:00-04:00,24.684999465942383,24.770000457763672,24.510000228881836,24.530000686645508,12358,0.0,0.0
2022-09-15 14:30:00-04:00,24.53499984741211,24.540000915527344,24.229999542236328,24.260000228881836,7899,0.0,0.0
2022-09-15 15:30:00-04:00,24.25,24.260000228881836,23.979999542236328,24.0,55339,0.0,0.0
2022-09-16 09:30:00-04:00,23.690000534057617,23.690000534057617,23.1200008392334,23.18000030517578,46831,0.0,0.0
2022-09-16 10:30:00-04:00,23.209999084472656,23.209999084472656,23.030000686645508,23.06999969482422,14752,0.0,0.0
2022-09-16 11:30:00-04:00,23.06999969482422,23.729999542236328,23.059999465942383,23.700000762939453,55619,0.0,0.0
2022-09-16 12:30:00-04:00,23.690000534057617,23.770000457763672,23.344999313354492,23.344999313354492,43310,0.0,0.0
2022-09-16 13:30:00-04:00,23.30500030517578,23.31999969482422,23.100000381469727,23.149999618530273,29469,0.0,0.0
2022-09-16 14:30:00-04:00,23.139999389648438,23.59000015258789,23.139999389648438,23.440000534057617,35046,0.0,0.0
2022-09-16 15:30:00-04:00,23.420000076293945,24.1299991607666,23.385000228881836,24.045000076293945,118032,0.0,0.0
2022-09-19 09:30:00-04:00,23.950000762939453,24.190500259399414,23.549999237060547,24.149999618530273,9901,0.0,0.0
2022-09-19 10:30:00-04:00,24.100000381469727,24.174999237060547,23.920000076293945,23.920000076293945,13563,0.0,0.0
2022-09-19 11:30:00-04:00,23.940000534057617,24.040000915527344,23.854999542236328,23.854999542236328,13996,0.0,0.0
2022-09-19 12:30:00-04:00,23.84000015258789,24.34000015258789,23.81999969482422,24.225000381469727,18939,0.0,0.0
2022-09-19 13:30:00-04:00,24.219999313354492,24.40999984741211,24.15999984741211,24.329999923706055,18317,0.0,0.0
2022-09-19 14:30:00-04:00,24.31999969482422,24.459999084472656,24.239999771118164,24.440000534057617,11227,0.0,0.0
2022-09-19 15:30:00-04:00,24.420000076293945,24.56999969482422,24.389999389648438,24.540000915527344,31162,0.0,0.0
2022-09-20 09:30:00-04:00,24.34000015258789,24.719999313354492,24.34000015258789,24.719999313354492,8822,0.0,0.0
2022-09-20 10:30:00-04:00,24.670000076293945,24.790000915527344,24.54599952697754,24.670000076293945,15182,0.0,0.0
2022-09-20 11:30:00-04:00,24.65999984741211,24.799999237060547,24.549999237060547,24.780000686645508,11518,0.0,0.0
2022-09-20 12:30:00-04:00,24.764999389648438,24.799999237060547,24.56999969482422,24.56999969482422,12655,0.0,0.0
2022-09-20 13:30:00-04:00,24.53499984741211,24.670000076293945,24.440000534057617,24.639999389648438,13578,0.0,0.0
2022-09-20 14:30:00-04:00,24.6299991607666,24.809999465942383,24.600000381469727,24.809999465942383,18382,0.0,0.0
2022-09-20 15:30:00-04:00,24.770000457763672,24.799999237060547,24.56999969482422,24.6299991607666,22664,0.0,0.0
2022-09-21 09:30:00-04:00,24.670000076293945,24.961999893188477,24.610000610351562,24.961999893188477,6712,0.0,0.0
2022-09-21 10:30:00-04:00,24.90999984741211,24.90999984741211,24.719999313354492,24.739999771118164,6320,0.0,0.0
2022-09-21 11:30:00-04:00,24.809999465942383,24.860000610351562,24.808900833129883,24.81999969482422,1945,0.0,0.0
2022-09-21 12:30:00-04:00,24.84000015258789,24.93000030517578,24.84000015258789,24.920000076293945,4648,0.0,0.0
2022-09-21 13:30:00-04:00,24.979999542236328,25.09600067138672,24.719999313354492,24.729999542236328,10280,0.0,0.0
2022-09-21 14:30:00-04:00,24.690000534057617,25.030000686645508,24.690000534057617,24.770000457763672,16883,0.0,0.0
2022-09-21 15:30:00-04:00,24.75,24.780000686645508,24.459999084472656,24.479999542236328,15355,0.0,0.0
2022-09-22 09:30:00-04:00,24.3700008392334,24.3700008392334,23.834999084472656,23.969999313354492,5101,0.0,0.0
2022-09-22 10:30:00-04:00,23.920000076293945,24.030000686645508,23.690000534057617,23.809999465942383,9091,0.0,0.0
2022-09-22 11:30:00-04:00,23.790000915527344,23.899999618530273,23.790000915527344,23.889999389648438,4648,0.0,0.0
2022-09-22 12:30:00-04:00,23.90999984741211,23.989999771118164,23.8700008392334,23.899999618530273,8432,0.0,0.0
2022-09-22 13:30:00-04:00,23.899999618530273,24.0,23.8700008392334,23.885000228881836,5879,0.0,0.0
2022-09-22 14:30:00-04:00,23.860000610351562,23.8799991607666,23.739999771118164,23.8799991607666,11022,0.0,0.0
2022-09-22 15:30:00-04:00,23.899999618530273,24.020000457763672,23.899999618530273,23.90999984741211,26452,0.0,0.0
2022-09-23 09:30:00-04:00,23.540000915527344,23.584999084472656,23.329999923706055,23.350000381469727,5476,0.0,0.0
2022-09-23 10:30:00-04:00,23.40999984741211,23.68000030517578,23.40999984741211,23.68000030517578,7671,0.0,0.0
2022-09-23 11:30:00-04:00,23.66010093688965,23.674999237060547,23.479999542236328,23.510000228881836,4985,0.0,0.0
2022-09-23 12:30:00-04:00,23.510000228881836,23.56999969482422,23.489999771118164,23.489999771118164,4628,0.0,0.0
2022-09-23 13:30:00-04:00,23.469999313354492,23.520000457763672,23.405000686645508,23.40999984741211,5757,0.0,0.0
2022-09-23 14:30:00-04:00,23.3799991607666,23.399999618530273,23.200000762939453,23.399999618530273,14192,0.0,0.0
2022-09-23 15:30:00-04:00,23.420000076293945,23.56999969482422,23.3799991607666,23.549999237060547,25087,0.0,0.0
2022-09-26 09:30:00-04:00,23.290000915527344,23.5,22.834999084472656,23.170000076293945,9944,0.0,0.0
2022-09-26 10:30:00-04:00,23.15999984741211,23.170000076293945,22.969999313354492,23.1200008392334,7572,0.0,0.0
2022-09-26 11:30:00-04:00,23.06999969482422,23.06999969482422,22.790000915527344,22.850000381469727,5711,0.0,0.0
2022-09-26 12:30:00-04:00,22.84000015258789,22.93000030517578,22.670000076293945,22.68000030517578,8755,0.0,0.0
2022-09-26 13:30:00-04:00,22.684999465942383,22.780000686645508,22.55500030517578,22.760000228881836,9932,0.0,0.0
2022-09-26 14:30:00-04:00,22.709999084472656,22.815000534057617,22.65999984741211,22.764999389648438,11029,0.0,0.0
2022-09-26 15:30:00-04:00,22.735000610351562,22.989999771118164,22.729999542236328,22.920000076293945,34041,0.0,0.0
2022-09-27 09:30:00-04:00,22.920000076293945,23.2549991607666,22.860000610351562,23.155000686645508,15522,0.0,0.0
2022-09-27 10:30:00-04:00,23.165000915527344,23.30500030517578,23.15999984741211,23.15999984741211,12869,0.0,0.0
2022-09-27 11:30:00-04:00,23.15999984741211,23.209999084472656,22.8700008392334,22.8700008392334,9830,0.0,0.0
2022-09-27 12:30:00-04:00,22.93000030517578,23.010000228881836,22.809999465942383,22.93000030517578,10507,0.0,0.0
2022-09-27 13:30:00-04:00,22.903600692749023,22.915000915527344,22.649999618530273,22.68000030517578,16689,0.0,0.0
2022-09-27 14:30:00-04:00,22.684999465942383,22.899999618530273,22.65999984741211,22.850000381469727,10435,0.0,0.0
2022-09-27 15:30:00-04:00,22.809999465942383,22.889999389648438,22.760000228881836,22.81999969482422,13571,0.0,0.0
2022-09-28 09:30:00-04:00,22.809999465942383,22.90999984741211,22.670000076293945,22.75,5146,0.0,0.0
2022-09-28 10:30:00-04:00,22.770000457763672,23.040000915527344,22.770000457763672,23.030000686645508,4695,0.0,0.0
2022-09-28 11:30:00-04:00,23.040000915527344,23.239999771118164,23.040000915527344,23.209999084472656,3702,0.0,0.0
2022-09-28 12:30:00-04:00,23.18000030517578,23.350000381469727,23.18000030517578,23.34000015258789,3650,0.0,0.0
2022-09-28 13:30:00-04:00,23.31999969482422,23.34000015258789,23.200000762939453,23.200000762939453,7606,0.0,0.0
2022-09-28 14:30:00-04:00,23.204999923706055,23.274999618530273,23.190000534057617,23.25,8633,0.0,0.0
2022-09-28 15:30:00-04:00,23.2450008392334,23.309999465942383,23.079999923706055,23.079999923706055,31395,0.0,0.0
2022-09-29 09:30:00-04:00,22.81999969482422,22.850000381469727,22.520000457763672,22.56999969482422,8975,0.0,0.0
2022-09-29 10:30:00-04:00,22.520000457763672,22.850000381469727,22.510000228881836,22.799999237060547,8870,0.0,0.0
2022-09-29 11:30:00-04:00,22.790000915527344,22.959999084472656,22.790000915527344,22.81999969482422,5851,0.0,0.0
2022-09-29 12:30:00-04:00,22.760000228881836,22.770000457763672,22.59000015258789,22.65999984741211,13653,0.0,0.0
2022-09-29 13:30:00-04:00,22.65999984741211,22.84000015258789,22.65999984741211,22.81999969482422,7826,0.0,0.0
2022-09-29 14:30:00-04:00,22.81999969482422,22.959999084472656,22.81999969482422,22.84000015258789,8671,0.0,0.0
2022-09-29 15:30:00-04:00,22.84000015258789,22.979999542236328,22.84000015258789,22.920000076293945,22395,0.0,0.0
2022-09-30 09:30:00-04:00,23.030000686645508,23.399999618530273,23.030000686645508,23.31999969482422,5789,0.0,0.0
2022-09-30 10:30:00-04:00,23.34000015258789,23.540000915527344,23.280000686645508,23.489999771118164,12970,0.0,0.0
2022-09-30 11:30:00-04:00,23.512100219726562,23.639999389648438,23.450000762939453,23.450000762939453,11512,0.0,0.0
2022-09-30 12:30:00-04:00,23.479999542236328,23.625,23.479999542236328,23.5,7090,0.0,0.0
2022-09-30 13:30:00-04:00,23.5,23.5,23.229999542236328,23.229999542236328,7143,0.0,0.0
2022-09-30 14:30:00-04:00,23.200000762939453,23.219999313354492,23.020000457763672,23.040000915527344,9108,0.0,0.0
2022-09-30 15:30:00-04:00,23.049999237060547,23.049999237060547,22.770000457763672,22.829999923706055,21833,0.0,0.0
2022-10-03 09:30:00-04:00,22.979999542236328,23.385000228881836,22.5,22.959999084472656,10753,0.0,0.0
2022-10-03 10:30:00-04:00,22.989999771118164,22.989999771118164,22.75,22.760000228881836,8634,0.0,0.0
2022-10-03 11:30:00-04:00,22.760000228881836,22.764999389648438,22.709999084472656,22.729999542236328,4356,0.0,0.0
2022-10-03 12:30:00-04:00,22.790000915527344,22.959999084472656,22.790000915527344,22.950000762939453,4533,0.0,0.0
2022-10-03 13:30:00-04:00,22.969999313354492,23.059999465942383,22.93000030517578,22.979999542236328,6590,0.0,0.0
2022-10-03 14:30:00-04:00,22.959999084472656,23.21030044555664,22.959999084472656,23.1299991607666,10830,0.0,0.0
2022-10-03 15:30:00-04:00,23.1200008392334,23.149999618530273,22.989999771118164,23.0,16345,0.0,0.0
2022-10-04 09:30:00-04:00,23.170000076293945,23.864999771118164,23.170000076293945,23.760000228881836,11403,0.0,0.0
2022-10-04 10:30:00-04:00,23.889999389648438,24.040000915527344,23.709999084472656,23.709999084472656,11076,0.0,0.0
2022-10-04 11:30:00-04:00,23.65999984741211,23.677499771118164,23.559999465942383,23.635000228881836,17024,0.0,0.0
2022-10-04 12:30:00-04:00,23.649999618530273,23.65999984741211,23.399999618530273,23.479999542236328,16533,0.0,0.0
2022-10-04 13:30:00-04:00,23.479999542236328,23.579999923706055,23.450000762939453,23.450000762939453,16497,0.0,0.0
2022-10-04 14:30:00-04:00,23.520000457763672,23.545000076293945,23.450000762939453,23.469999313354492,16615,0.0,0.0
2022-10-04 15:30:00-04:00,23.461000442504883,23.56999969482422,23.459999084472656,23.549999237060547,45890,0.0,0.0
2022-10-05 09:30:00-04:00,23.1200008392334,23.549999237060547,22.84000015258789,22.84000015258789,16617,0.0,0.0
2022-10-05 10:30:00-04:00,22.809999465942383,23.260000228881836,22.68000030517578,23.260000228881836,19027,0.0,0.0
2022-10-05 11:30:00-04:00,23.280000686645508,23.280000686645508,22.979999542236328,22.979999542236328,21147,0.0,0.0
2022-10-05 12:30:00-04:00,22.979999542236328,23.110000610351562,22.959999084472656,23.09000015258789,26741,0.0,0.0
2022-10-05 13:30:00-04:00,23.06999969482422,23.100000381469727,22.889999389648438,22.895000457763672,12270,0.0,0.0
2022-10-05 14:30:00-04:00,22.889999389648438,22.950000762939453,22.739999771118164,22.920000076293945,21022,0.0,0.0
2022-10-05 15:30:00-04:00,22.950000762939453,22.969999313354492,22.84000015258789,22.8799991607666,31041,0.0,0.0
2022-10-06 09:30:00-04:00,22.93000030517578,23.436199188232422,22.350000381469727,22.350000381469727,24025,0.0,0.0
2022-10-06 10:30:00-04:00,22.309999465942383,22.5,22.280000686645508,22.4950008392334,17462,0.0,0.0
2022-10-06 11:30:00-04:00,22.489999771118164,22.56999969482422,22.389999389648438,22.450000762939453,8671,0.0,0.0
2022-10-06 12:30:00-04:00,22.454999923706055,22.5,22.3700008392334,22.5,27793,0.0,0.0
2022-10-06 13:30:00-04:00,22.469999313354492,22.5,22.280000686645508,22.290000915527344,9174,0.0,0.0
2022-10-06 14:30:00-04:00,22.299999237060547,22.450000762939453,22.299999237060547,22.399999618530273,25621,0.0,0.0
2022-10-06 15:30:00-04:00,22.40999984741211,22.520000457763672,22.31999969482422,22.520000457763672,35398,0.0,0.0
2022-10-07 09:30:00-04:00,22.469999313354492,22.6299991607666,22.0,22.0,20187,0.0,0.0
2022-10-07 10:30:00-04:00,22.0,22.059999465942383,21.850000381469727,21.885000228881836,8703,0.0,0.0
2022-10-07 11:30:00-04:00,21.860000610351562,21.8700008392334,21.639999389648438,21.639999389648438,13835,0.0,0.0
2022-10-07 12:30:00-04:00,21.59000015258789,21.59000015258789,21.329999923706055,21.43000030517578,14821,0.0,0.0
2022-10-07 13:30:00-04:00,21.40999984741211,21.40999984741211,20.975000381469727,21.0,16557,0.0,0.0
2022-10-07 14:30:00-04:00,20.989999771118164,21.364999771118164,20.979999542236328,21.239999771118164,37911,0.0,0.0
2022-10-07 15:30:00-04:00,21.25,21.420000076293945,21.170000076293945,21.299999237060547,36526,0.0,0.0
2022-10-10 09:30:00-04:00,21.360000610351562,21.979999542236328,21.28499984741211,21.969999313354492,12315,0.0,0.0
2022-10-10 10:30:00-04:00,22.040000915527344,22.3799991607666,21.969999313354492,22.350000381469727,10049,0.0,0.0
2022-10-10 11:30:00-04:00,22.3799991607666,22.40999984741211,22.209999084472656,22.219999313354492,6981,0.0,0.0
2022-10-10 12:30:00-04:00,22.200000762939453,22.290000915527344,22.170000076293945,22.290000915527344,6317,0.0,0.0
2022-10-10 13:30:00-04:00,22.329999923706055,22.700000762939453,22.329999923706055,22.559999465942383,11602,0.0,0.0
2022-10-10 14:30:00-04:00,22.559999465942383,22.639999389648438,22.440000534057617,22.440000534057617,11250,0.0,0.0
2022-10-10 15:30:00-04:00,22.489999771118164,22.579999923706055,22.459999084472656,22.520000457763672,16197,0.0,0.0
2022-10-11 09:30:00-04:00,22.5,22.8799991607666,22.440000534057617,22.559999465942383,15603,0.0,0.0
2022-10-11 10:30:00-04:00,22.5,22.649999618530273,22.3700008392334,22.600000381469727,16779,0.0,0.0
2022-10-11 11:30:00-04:00,22.600000381469727,22.790000915527344,22.540000915527344,22.739999771118164,31120,0.0,0.0
2022-10-11 12:30:00-04:00,22.75,22.989999771118164,22.719999313354492,22.989999771118164,9205,0.0,0.0
2022-10-11 13:30:00-04:00,23.0,23.149999618530273,23.0,23.149999618530273,7843,0.0,0.0
2022-10-11 14:30:00-04:00,23.149999618530273,23.184999465942383,22.795000076293945,22.809999465942383,15589,0.0,0.0
2022-10-11 15:30:00-04:00,22.770000457763672,22.959999084472656,22.75,22.8700008392334,25665,0.0,0.0
2022-10-12 09:30:00-04:00,22.829999923706055,22.829999923706055,22.540000915527344,22.59000015258789,9658,0.0,0.0
2022-10-12 10:30:00-04:00,22.655000686645508,22.665000915527344,22.479999542236328,22.520000457763672,5761,0.0,0.0
2022-10-12 11:30:00-04:00,22.489999771118164,22.670000076293945,22.489999771118164,22.649999618530273,5823,0.0,0.0
2022-10-12 12:30:00-04:00,22.59000015258789,22.600000381469727,22.420000076293945,22.489999771118164,10424,0.0,0.0
2022-10-12 13:30:00-04:00,22.469999313354492,22.610000610351562,22.469999313354492,22.610000610351562,9406,0.0,0.0
2022-10-12 14:30:00-04:00,22.579999923706055,22.579999923706055,22.420000076293945,22.420000076293945,5710,0.0,0.0
2022-10-12 15:30:00-04:00,22.385000228881836,22.399999618530273,22.270000457763672,22.270000457763672,19151,0.0,0.0
2022-10-13 09:30:00-04:00,21.770000457763672,21.81999969482422,21.450000762939453,21.489999771118164,26238,0.0,0.0
2022-10-13 10:30:00-04:00,21.479999542236328,21.790000915527344,21.344999313354492,21.670000076293945,17341,0.0,0.0
2022-10-13 11:30:00-04:00,21.639999389648438,21.799999237060547,21.530000686645508,21.700000762939453,15907,0.0,0.0
2022-10-13 12:30:00-04:00,21.700000762939453,22.030000686645508,21.68000030517578,22.030000686645508,19472,0.0,0.0
2022-10-13 13:30:00-04:00,22.149999618530273,22.510000228881836,22.104999542236328,22.389999389648438,12675,0.0,0.0
2022-10-13 14:30:00-04:00,22.399999618530273,22.530000686645508,22.290000915527344,22.479999542236328,18299,0.0,0.0
2022-10-13 15:30:00-04:00,22.469999313354492,22.469999313354492,22.280000686645508,22.309999465942383,33009,0.0,0.0
2022-10-14 09:30:00-04:00,22.360000610351562,22.6200008392334,22.25,22.309999465942383,6669,0.0,0.0
2022-10-14 10:30:00-04:00,22.25,22.280000686645508,22.100000381469727,22.139999389648438,5746,0.0,0.0
2022-10-14 11:30:00-04:00,22.100000381469727,22.104999542236328,21.954999923706055,22.030000686645508,5268,0.0,0.0
2022-10-14 12:30:00-04:00,22.06999969482422,22.110000610351562,21.729999542236328,21.790000915527344,5324,0.0,0.0
2022-10-14 13:30:00-04:00,21.790000915527344,21.809999465942383,21.59000015258789,21.639999389648438,8625,0.0,0.0
2022-10-14 14:30:00-04:00,21.59000015258789,21.665000915527344,21.440000534057617,21.665000915527344,11167,0.0,0.0
2022-10-14 15:30:00-04:00,21.670000076293945,21.735000610351562,21.579999923706055,21.690000534057617,26511,0.0,0.0
2022-10-17 09:30:00-04:00,22.09000015258789,22.739999771118164,21.8799991607666,22.690000534057617,6943,0.0,0.0
2022-10-17 10:30:00-04:00,22.729999542236328,22.809999465942383,22.5,22.809999465942383,13273,0.0,0.0
2022-10-17 11:30:00-04:00,22.829999923706055,22.959999084472656,22.6299991607666,22.725000381469727,10081,0.0,0.0
2022-10-17 12:30:00-04:00,22.704999923706055,22.760000228881836,22.670000076293945,22.709999084472656,10074,0.0,0.0
2022-10-17 13:30:00-04:00,22.68000030517578,22.700000762939453,22.469999313354492,22.489700317382812,8399,0.0,0.0
2022-10-17 14:30:00-04:00,22.485000610351562,22.56999969482422,22.454999923706055,22.559999465942383,10753,0.0,0.0
2022-10-17 15:30:00-04:00,22.545000076293945,22.719999313354492,22.520000457763672,22.700000762939453,26315,0.0,0.0
2022-10-18 09:30:00-04:00,23.020000457763672,23.31999969482422,22.67020034790039,22.68000030517578,14651,0.0,0.0
2022-10-18 10:30:00-04:00,22.69499969482422,22.75,22.485000610351562,22.485000610351562,9568,0.0,0.0
2022-10-18 11:30:00-04:00,22.469999313354492,22.600000381469727,22.375,22.579999923706055,7649,0.0,0.0
2022-10-18 12:30:00-04:00,22.59000015258789,22.610000610351562,22.459999084472656,22.520000457763672,8954,0.0,0.0
2022-10-18 13:30:00-04:00,22.520000457763672,22.520000457763672,22.380399703979492,22.43000030517578,10376,0.0,0.0
2022-10-18 14:30:00-04:00,22.450000762939453,22.489999771118164,22.344999313354492,22.489999771118164,9247,0.0,0.0
2022-10-18 15:30:00-04:00,22.510000228881836,22.559999465942383,22.450000762939453,22.549999237060547,13784,0.0,0.0
2022-10-19 09:30:00-04:00,22.350000381469727,23.045000076293945,22.350000381469727,22.559999465942383,8904,0.0,0.0
2022-10-19 10:30:00-04:00,22.510000228881836,22.700000762939453,22.440000534057617,22.594999313354492,11304,0.0,0.0
2022-10-19 11:30:00-04:00,22.579999923706055,22.579999923706055,22.334999084472656,22.334999084472656,5539,0.0,0.0
2022-10-19 12:30:00-04:00,22.329999923706055,22.329999923706055,22.145000457763672,22.295000076293945,8035,0.0,0.0
2022-10-19 13:30:00-04:00,22.290000915527344,22.489999771118164,22.280000686645508,22.295000076293945,13668,0.0,0.0
2022-10-19 14:30:00-04:00,22.299999237060547,22.489999771118164,22.209999084472656,22.489999771118164,18484,0.0,0.0
2022-10-19 15:30:00-04:00,22.496000289916992,22.496000289916992,22.309999465942383,22.399999618530273,41577,0.0,0.0
2022-10-20 09:30:00-04:00,22.280000686645508,22.299999237060547,21.8799991607666,22.200000762939453,11106,0.0,0.0
2022-10-20 10:30:00-04:00,22.170000076293945,22.170000076293945,21.860000610351562,22.030000686645508,7420,0.0,0.0
2022-10-20 11:30:00-04:00,22.100000381469727,22.149999618530273,21.799999237060547,21.799999237060547,4171,0.0,0.0
2022-10-20 12:30:00-04:00,21.729999542236328,21.729999542236328,21.530000686645508,21.530000686645508,4827,0.0,0.0
2022-10-20 13:30:00-04:00,21.520000457763672,21.559999465942383,21.3700008392334,21.40999984741211,5250,0.0,0.0
2022-10-20 14:30:00-04:00,21.34000015258789,21.579999923706055,21.34000015258789,21.520000457763672,14111,0.0,0.0
2022-10-20 15:30:00-04:00,21.510000228881836,21.709999084472656,21.510000228881836,21.649999618530273,14253,0.0,0.0
2022-10-21 09:30:00-04:00,21.84000015258789,22.040000915527344,21.84000015258789,21.889999389648438,9218,0.0,0.0
2022-10-21 10:30:00-04:00,21.84000015258789,21.93000030517578,21.84000015258789,21.889999389648438,2666,0.0,0.0
2022-10-21 11:30:00-04:00,21.940000534057617,22.100000381469727,21.940000534057617,22.09000015258789,9875,0.0,0.0
2022-10-21 12:30:00-04:00,22.06999969482422,22.260000228881836,22.06999969482422,22.229999542236328,4666,0.0,0.0
2022-10-21 13:30:00-04:00,22.25,22.290000915527344,22.229999542236328,22.2450008392334,1763,0.0,0.0
2022-10-21 14:30:00-04:00,22.139999389648438,22.3700008392334,22.1299991607666,22.280000686645508,6996,0.0,0.0
2022-10-21 15:30:00-04:00,22.34000015258789,22.3799991607666,22.219999313354492,22.219999313354492,18732,0.0,0.0
2022-10-24 09:30:00-04:00,22.43000030517578,22.583900451660156,22.429800033569336,22.56999969482422,5161,0.0,0.0
2022-10-24 10:30:00-04:00,22.540000915527344,22.709999084472656,22.540000915527344,22.709999084472656,5366,0.0,0.0
2022-10-24 11:30:00-04:00,22.739999771118164,22.8799991607666,22.739999771118164,22.760099411010742,3149,0.0,0.0
2022-10-24 12:30:00-04:00,22.809999465942383,22.84000015258789,22.6200008392334,22.6200008392334,4830,0.0,0.0
2022-10-24 13:30:00-04:00,22.579999923706055,22.65999984741211,22.579999923706055,22.65999984741211,2594,0.0,0.0
2022-10-24 14:30:00-04:00,22.687299728393555,22.719999313354492,22.459999084472656,22.459999084472656,5207,0.0,0.0
2022-10-24 15:30:00-04:00,22.520000457763672,22.579999923706055,22.440000534057617,22.479999542236328,18883,0.0,0.0
2022-10-25 09:30:00-04:00,22.5,22.700000762939453,22.21500015258789,22.65999984741211,6472,0.0,0.0
2022-10-25 10:30:00-04:00,22.670000076293945,22.81999969482422,22.639999389648438,22.639999389648438,5570,0.0,0.0
2022-10-25 11:30:00-04:00,22.6299991607666,22.899999618530273,22.6200008392334,22.829999923706055,5239,0.0,0.0
2022-10-25 12:30:00-04:00,22.829999923706055,22.950000762939453,22.75,22.75,8733,0.0,0.0
2022-10-25 13:30:00-04:00,22.780000686645508,22.790000915527344,22.700000762939453,22.729999542236328,7755,0.0,0.0
2022-10-25 14:30:00-04:00,22.7549991607666,22.969999313354492,22.7549991607666,22.940000534057617,8135,0.0,0.0
2022-10-25 15:30:00-04:00,22.969999313354492,23.040000915527344,22.93000030517578,22.950000762939453,19015,0.0,0.0
2022-10-26 09:30:00-04:00,23.040000915527344,23.040000915527344,22.639999389648438,22.8700008392334,12104,0.0,0.0
2022-10-26 10:30:00-04:00,22.920000076293945,23.100000381469727,22.81999969482422,23.044700622558594,7514,0.0,0.0
2022-10-26 11:30:00-04:00,23.05500030517578,23.229999542236328,23.009300231933594,23.149999618530273,14134,0.0,0.0
2022-10-26 12:30:00-04:00,23.149999618530273,23.34000015258789,23.149999618530273,23.290000915527344,17762,0.0,0.0
2022-10-26 13:30:00-04:00,23.290000915527344,23.395000457763672,23.25,23.290000915527344,11081,0.0,0.0
2022-10-26 14:30:00-04:00,23.280000686645508,23.34000015258789,23.149999618530273,23.219999313354492,6353,0.0,0.0
2022-10-26 15:30:00-04:00,23.219999313354492,23.270000457763672,23.149999618530273,23.149999618530273,40331,0.0,0.0
2022-10-27 09:30:00-04:00,23.43000030517578,23.90999984741211,23.104999542236328,23.90999984741211,7253,0.0,0.0
2022-10-27 10:30:00-04:00,23.93589973449707,23.989999771118164,23.770000457763672,23.899999618530273,8499,0.0,0.0
2022-10-27 11:30:00-04:00,23.850000381469727,24.18000030517578,23.829999923706055,24.079999923706055,5842,0.0,0.0
2022-10-27 12:30:00-04:00,24.079999923706055,24.229999542236328,24.079999923706055,24.139999389648438,6804,0.0,0.0
2022-10-27 13:30:00-04:00,24.139999389648438,24.299999237060547,24.030000686645508,24.110000610351562,16104,0.0,0.0
2022-10-27 14:30:00-04:00,24.09000015258789,24.09000015258789,23.860000610351562,23.8700008392334,21073,0.0,0.0
2022-10-27 15:30:00-04:00,23.959999084472656,23.959999084472656,23.639999389648438,23.719999313354492,25173,0.0,0.0
2022-10-28 09:30:00-04:00,23.889999389648438,24.614999771118164,23.889999389648438,24.399999618530273,12989,0.0,0.0
2022-10-28 10:30:00-04:00,24.344999313354492,24.75,24.280000686645508,24.704999923706055,17557,0.0,0.0
2022-10-28 11:30:00-04:00,24.71500015258789,24.71500015258789,24.299999237060547,24.40999984741211,15106,0.0,0.0
2022-10-28 12:30:00-04:00,24.454999923706055,24.75,24.450000762939453,24.450000762939453,19283,0.0,0.0
2022-10-28 13:30:00-04:00,24.399999618530273,24.579999923706055,24.329999923706055,24.440000534057617,19878,0.0,0.0
2022-10-28 14:30:00-04:00,24.459999084472656,24.760000228881836,24.459999084472656,24.760000228881836,14161,0.0,0.0
2022-10-28 15:30:00-04:00,24.760000228881836,25.030000686645508,24.760000228881836,25.0,47924,0.0,0.0
2022-10-31 09:30:00-04:00,24.8799991607666,25.299999237060547,24.399999618530273,25.299999237060547,14460,0.0,0.0
2022-10-31 10:30:00-04:00,25.239999771118164,25.559999465942383,25.239999771118164,25.454999923706055,11841,0.0,0.0
2022-10-31 11:30:00-04:00,25.454999923706055,25.540000915527344,25.30500030517578,25.3799991607666,13602,0.0,0.0
2022-10-31 12:30:00-04:00,25.329999923706055,25.329999923706055,25.079999923706055,25.299999237060547,8965,0.0,0.0
2022-10-31 13:30:00-04:00,25.329999923706055,25.420000076293945,25.260000228881836,25.399999618530273,7195,0.0,0.0
2022-10-31 14:30:00-04:00,25.389999389648438,25.540000915527344,25.389999389648438,25.540000915527344,14659,0.0,0.0
2022-10-31 15:30:00-04:00,25.559999465942383,25.6299991607666,25.100000381469727,25.290000915527344,46242,0.0,0.0
2022-11-01 09:30:00-04:00,25.56999969482422,25.959999084472656,23.360000610351562,25.59749984741211,16284,0.0,0.0
2022-11-01 10:30:00-04:00,25.489999771118164,25.670000076293945,25.389999389648438,25.65999984741211,16758,0.0,0.0
2022-11-01 11:30:00-04:00,25.649999618530273,25.719999313354492,25.139999389648438,25.139999389648438,54930,0.0,0.0
2022-11-01 12:30:00-04:00,25.110000610351562,25.5,25.079999923706055,25.479999542236328,18762,0.0,0.0
2022-11-01 13:30:00-04:00,25.5,25.520000457763672,25.309999465942383,25.479999542236328,50308,0.0,0.0
2022-11-01 14:30:00-04:00,25.479999542236328,25.549999237060547,25.299999237060547,25.520000457763672,86706,0.0,0.0
2022-11-01 15:30:00-04:00,25.520000457763672,25.790000915527344,25.490100860595703,25.75,57177,0.0,0.0
2022-11-02 09:30:00-04:00,25.200000762939453,26.600000381469727,24.639999389648438,25.079999923706055,23422,0.0,0.0
2022-11-02 10:30:00-04:00,24.899999618530273,25.5,24.899999618530273,25.354999542236328,8774,0.0,0.0
2022-11-02 11:30:00-04:00,25.40999984741211,25.420000076293945,24.270000457763672,24.270000457763672,41892,0.0,0.0
2022-11-02 12:30:00-04:00,24.200000762939453,25.020000457763672,23.969999313354492,24.719999313354492,18381,0.0,0.0
2022-11-02 13:30:00-04:00,24.729999542236328,25.25,24.68000030517578,25.020000457763672,54150,0.0,0.0
2022-11-02 14:30:00-04:00,25.040000915527344,25.040000915527344,23.864999771118164,24.094999313354492,81147,0.0,0.0
2022-11-02 15:30:00-04:00,24.1200008392334,24.149999618530273,23.469999313354492,23.899999618530273,105212,0.0,0.0
2022-11-03 09:30:00-04:00,23.149999618530273,23.942899703979492,23.139999389648438,23.780000686645508,26764,0.0,0.0
2022-11-03 10:30:00-04:00,23.674999237060547,23.674999237060547,23.3700008392334,23.434999465942383,26005,0.0,0.0
2022-11-03 11:30:00-04:00,23.469999313354492,23.690000534057617,23.420000076293945,23.530000686645508,22070,0.0,0.0
2022-11-03 12:30:00-04:00,23.55500030517578,23.75,23.469999313354492,23.709999084472656,21972,0.0,0.0
2022-11-03 13:30:00-04:00,23.700000762939453,23.799999237060547,23.5,23.56999969482422,25894,0.0,0.0
2022-11-03 14:30:00-04:00,23.56999969482422,23.700000762939453,23.2450008392334,23.2450008392334,29103,0.0,0.0
2022-11-03 15:30:00-04:00,23.190000534057617,23.290000915527344,22.860000610351562,23.020000457763672,46012,0.0,0.0
2022-11-04 09:30:00-04:00,23.100000381469727,23.25,22.704999923706055,22.979999542236328,45015,0.0,0.0
2022-11-04 10:30:00-04:00,23.010000228881836,23.1200008392334,22.899999618530273,22.899999618530273,31726,0.0,0.0
2022-11-04 11:30:00-04:00,22.770000457763672,22.84000015258789,22.575000762939453,22.84000015258789,13255,0.0,0.0
2022-11-04 12:30:00-04:00,22.84000015258789,22.989999771118164,22.799999237060547,22.975000381469727,21126,0.0,0.0
2022-11-04 13:30:00-04:00,22.969999313354492,23.030000686645508,22.790000915527344,22.94499969482422,62299,0.0,0.0
2022-11-04 14:30:00-04:00,22.940000534057617,23.049999237060547,22.90999984741211,23.030000686645508,29658,0.0,0.0
2022-11-04 15:30:00-04:00,23.020000457763672,23.094999313354492,22.93000030517578,22.950000762939453,46722,0.0,0.0
2022-11-07 09:30:00-05:00,22.75,23.100000381469727,22.1200008392334,22.5,50941,0.0,0.0
2022-11-07 10:30:00-05:00,22.494199752807617,22.579999923706055,22.450000762939453,22.540000915527344,18667,0.0,0.0
2022-11-07 11:30:00-05:00,22.520000457763672,22.764999389648438,22.420000076293945,22.764999389648438,87738,0.0,0.0
2022-11-07 12:30:00-05:00,22.790000915527344,23.059999465942383,22.790000915527344,23.0,54920,0.0,0.0
2022-11-07 13:30:00-05:00,23.0,23.110000610351562,22.969999313354492,23.049999237060547,60119,0.0,0.0
2022-11-07 14:30:00-05:00,23.0,23.15999984741211,22.985000610351562,23.0,67036,0.0,0.0
2022-11-07 15:30:00-05:00,23.0,23.084999084472656,22.975000381469727,23.020000457763672,52149,0.0,0.0
2022-11-08 09:30:00-05:00,23.25,23.760000228881836,23.100000381469727,23.405000686645508,36125,0.0,0.0
2022-11-08 10:30:00-05:00,23.405000686645508,23.450000762939453,23.239999771118164,23.239999771118164,37876,0.0,0.0
2022-11-08 11:30:00-05:00,23.299999237060547,23.31999969482422,23.110000610351562,23.110000610351562,13577,0.0,0.0
2022-11-08 12:30:00-05:00,23.100000381469727,23.170000076293945,22.969999313354492,22.969999313354492,12084,0.0,0.0
2022-11-08 13:30:00-05:00,22.959999084472656,23.09000015258789,22.889999389648438,22.889999389648438,11447,0.0,0.0
2022-11-08 14:30:00-05:00,22.809999465942383,23.065000534057617,22.809999465942383,23.065000534057617,24863,0.0,0.0
2022-11-08 15:30:00-05:00,23.059999465942383,23.100000381469727,22.969999313354492,23.010000228881836,33964,0.0,0.0
2022-11-09 09:30:00-05:00,23.1200008392334,23.719999313354492,23.040000915527344,23.600000381469727,42356,0.0,0.0
2022-11-09 10:30:00-05:00,23.53499984741211,23.649999618530273,23.40999984741211,23.549999237060547,27720,0.0,0.0
2022-11-09 11:30:00-05:00,23.5,23.649999618530273,23.5,23.579999923706055,35040,0.0,0.0
2022-11-09 12:30:00-05:00,23.600000381469727,23.600000381469727,23.45009994506836,23.469999313354492,7637,0.0,0.0
2022-11-09 13:30:00-05:00,23.385000228881836,23.489999771118164,23.350000381469727,23.395000457763672,19977,0.0,0.0
2022-11-09 14:30:00-05:00,23.3799991607666,23.3799991607666,23.165000915527344,23.200000762939453,14053,0.0,0.0
2022-11-09 15:30:00-05:00,23.18000030517578,23.200000762939453,23.040000915527344,23.149999618530273,32193,0.0,0.0
2022-11-10 09:30:00-05:00,23.940000534057617,24.575000762939453,23.489999771118164,24.469999313354492,33611,0.0,0.0
2022-11-10 10:30:00-05:00,24.440000534057617,24.639999389648438,24.43000030517578,24.549999237060547,28057,0.0,0.0
2022-11-10 11:30:00-05:00,24.53499984741211,24.645000457763672,24.3700008392334,24.5049991607666,72922,0.0,0.0
2022-11-10 12:30:00-05:00,24.434999465942383,24.540000915527344,24.190000534057617,24.3700008392334,23051,0.0,0.0
2022-11-10 13:30:00-05:00,24.350000381469727,24.489999771118164,24.329999923706055,24.40999984741211,20683,0.0,0.0
2022-11-10 14:30:00-05:00,24.389999389648438,24.40999984741211,24.18000030517578,24.209999084472656,21519,0.0,0.0
2022-11-10 15:30:00-05:00,24.19499969482422,24.260000228881836,24.110000610351562,24.110000610351562,44492,0.0,0.0
2022-11-11 09:30:00-05:00,24.25,24.30500030517578,23.94499969482422,24.299999237060547,17205,0.0,0.0
2022-11-11 10:30:00-05:00,24.1299991607666,24.139999389648438,23.68000030517578,23.68000030517578,9393,0.0,0.0
2022-11-11 11:30:00-05:00,23.68000030517578,23.729999542236328,23.549999237060547,23.729999542236328,5236,0.0,0.0
2022-11-11 12:30:00-05:00,23.709999084472656,23.709999084472656,23.309999465942383,23.34000015258789,9127,0.0,0.0
2022-11-11 13:30:00-05:00,23.299999237060547,23.477500915527344,23.200000762939453,23.475000381469727,13480,0.0,0.0
2022-11-11 14:30:00-05:00,23.489999771118164,23.489999771118164,23.264999389648438,23.40399932861328,14948,0.0,0.0
2022-11-11 15:30:00-05:00,23.43000030517578,23.479999542236328,23.280000686645508,23.280000686645508,27749,0.0,0.0
2022-11-14 09:30:00-05:00,23.25,23.25,22.469999313354492,22.469999313354492,24081,0.0,0.0
2022-11-14 10:30:00-05:00,22.5049991607666,22.559999465942383,22.3799991607666,22.479999542236328,13431,0.0,0.0
2022-11-14 11:30:00-05:00,22.485000610351562,22.56999969482422,22.40999984741211,22.530000686645508,9922,0.0,0.0
2022-11-14 12:30:00-05:00,22.614999771118164,22.860000610351562,22.610000610351562,22.834999084472656,18787,0.0,0.0
2022-11-14 13:30:00-05:00,22.84000015258789,22.90999984741211,22.71500015258789,22.850000381469727,36049,0.0,0.0
2022-11-14 14:30:00-05:00,22.850000381469727,23.075000762939453,22.809999465942383,23.040000915527344,19843,0.0,0.0
2022-11-14 15:30:00-05:00,23.047500610351562,23.145000457763672,22.899999618530273,22.90999984741211,29316,0.0,0.0
2022-11-15 09:30:00-05:00,23.18000030517578,23.479999542236328,22.93000030517578,23.399999618530273,23203,0.0,0.0
2022-11-15 10:30:00-05:00,23.3799991607666,23.520000457763672,23.350000381469727,23.520000457763672,7249,0.0,0.0
2022-11-15 11:30:00-05:00,23.565000534057617,23.84000015258789,23.565000534057617,23.84000015258789,6364,0.0,0.0
2022-11-15 12:30:00-05:00,23.91200065612793,23.920000076293945,23.450000762939453,23.450000762939453,18439,0.0,0.0
2022-11-15 13:30:00-05:00,23.450000762939453,23.684999465942383,23.350000381469727,23.65999984741211,11365,0.0,0.0
2022-11-15 14:30:00-05:00,23.690000534057617,23.889999389648438,23.670000076293945,23.850000381469727,30560,0.0,0.0
2022-11-15 15:30:00-05:00,23.8700008392334,23.940000534057617,23.799999237060547,23.940000534057617,35197,0.0,0.0
2022-11-16 09:30:00-05:00,23.81999969482422,24.329999923706055,23.799999237060547,24.274999618530273,10383,0.0,0.0
2022-11-16 10:30:00-05:00,24.270000457763672,24.684999465942383,24.190000534057617,24.649999618530273,22759,0.0,0.0
2022-11-16 11:30:00-05:00,24.670000076293945,24.780000686645508,24.559999465942383,24.591999053955078,8323,0.0,0.0
2022-11-16 12:30:00-05:00,24.59600067138672,24.84000015258789,24.59000015258789,24.59000015258789,8645,0.0,0.0
2022-11-16 13:30:00-05:00,24.59000015258789,24.670000076293945,24.559999465942383,24.639999389648438,11770,0.0,0.0
2022-11-16 14:30:00-05:00,24.604999542236328,24.719999313354492,24.559999465942383,24.649999618530273,10662,0.0,0.0
2022-11-16 15:30:00-05:00,24.649999618530273,24.649999618530273,24.360000610351562,24.43000030517578,35184,0.0,0.0
2022-11-17 09:30:00-05:00,24.260000228881836,24.639999389648438,24.100000381469727,24.510000228881836,19573,0.0,0.0
2022-11-17 10:30:00-05:00,24.549999237060547,24.600000381469727,24.34000015258789,24.389999389648438,8983,0.0,0.0
2022-11-17 11:30:00-05:00,24.360000610351562,24.360000610351562,24.170000076293945,24.170000076293945,19026,0.0,0.0
2022-11-17 12:30:00-05:00,24.149999618530273,24.260000228881836,24.020000457763672,24.229999542236328,11757,0.0,0.0
2022-11-17 13:30:00-05:00,24.200000762939453,24.270000457763672,24.15999984741211,24.200000762939453,15751,0.0,0.0
2022-11-17 14:30:00-05:00,24.260000228881836,24.299999237060547,23.93000030517578,24.024999618530273,18797,0.0,0.0
2022-11-17 15:30:00-05:00,24.049999237060547,24.1299991607666,24.0,24.059999465942383,35523,0.0,0.0
2022-11-18 09:30:00-05:00,24.559999465942383,24.690000534057617,24.100099563598633,24.690000534057617,23040,0.0,0.0
2022-11-18 10:30:00-05:00,24.729999542236328,24.729999542236328,24.270000457763672,24.270000457763672,9713,0.0,0.0
2022-11-18 11:30:00-05:00,24.239999771118164,24.299999237060547,24.135000228881836,24.229999542236328,7293,0.0,0.0
2022-11-18 12:30:00-05:00,24.174999237060547,24.174999237060547,23.90999984741211,23.924999237060547,13366,0.0,0.0
2022-11-18 13:30:00-05:00,23.959999084472656,24.200000762939453,23.950000762939453,24.155000686645508,15876,0.0,0.0
2022-11-18 14:30:00-05:00,24.135000228881836,24.190000534057617,23.899999618530273,24.0,21499,0.0,0.0
2022-11-18 15:30:00-05:00,23.989999771118164,24.15999984741211,23.989999771118164,24.1200008392334,22606,0.0,0.0
2022-11-21 09:30:00-05:00,23.969999313354492,24.43000030517578,23.969999313354492,24.135000228881836,11058,0.0,0.0
2022-11-21 10:30:00-05:00,24.149999618530273,24.229999542236328,23.985000610351562,24.059999465942383,24325,0.0,0.0
2022-11-21 11:30:00-05:00,24.059999465942383,24.2450008392334,24.030000686645508,24.239999771118164,15256,0.0,0.0
2022-11-21 12:30:00-05:00,24.25,24.25,24.030000686645508,24.174999237060547,6287,0.0,0.0
2022-11-21 13:30:00-05:00,24.190000534057617,24.21500015258789,24.149999618530273,24.21500015258789,4790,0.0,0.0
2022-11-21 14:30:00-05:00,24.190000534057617,24.219999313354492,23.9950008392334,24.0,15757,0.0,0.0
2022-11-21 15:30:00-05:00,24.049999237060547,24.1299991607666,24.040000915527344,24.1299991607666,20907,0.0,0.0
2022-11-22 09:30:00-05:00,24.09000015258789,24.309999465942383,23.520000457763672,23.520000457763672,43701,0.0,0.0
2022-11-22 10:30:00-05:00,23.540000915527344,23.540000915527344,22.8799991607666,23.15999984741211,39832,0.0,0.0
2022-11-22 11:30:00-05:00,22.979999542236328,23.209999084472656,22.899999618530273,23.100000381469727,12051,0.0,0.0
2022-11-22 12:30:00-05:00,23.049999237060547,23.049999237060547,22.90999984741211,22.90999984741211,5623,0.0,0.0
2022-11-22 13:30:00-05:00,22.889999389648438,23.05389976501465,22.8700008392334,22.989999771118164,12232,0.0,0.0
2022-11-22 14:30:00-05:00,23.0,23.399999618530273,22.979999542236328,23.375,22062,0.0,0.0
2022-11-22 15:30:00-05:00,23.360000610351562,23.43000030517578,23.1299991607666,23.18000030517578,45022,0.0,0.0
2022-11-23 09:30:00-05:00,23.15999984741211,23.65999984741211,22.860000610351562,23.5,19093,0.0,0.0
2022-11-23 10:30:00-05:00,23.5,23.75,23.4950008392334,23.594999313354492,11937,0.0,0.0
2022-11-23 11:30:00-05:00,23.540000915527344,23.579999923706055,23.450000762939453,23.55500030517578,14062,0.0,0.0
2022-11-23 12:30:00-05:00,23.549999237060547,23.59000015258789,23.309999465942383,23.59000015258789,15742,0.0,0.0
2022-11-23 13:30:00-05:00,23.59000015258789,23.649999618530273,23.5,23.59000015258789,17680,0.0,0.0
2022-11-23 14:30:00-05:00,23.520000457763672,23.520000457763672,23.34000015258789,23.34000015258789,9491,0.0,0.0
2022-11-23 15:30:00-05:00,23.34000015258789,23.360000610351562,23.239999771118164,23.290000915527344,27870,0.0,0.0
2022-11-25 09:30:00-05:00,23.43000030517578,23.8700008392334,23.200000762939453,23.809999465942383,7680,0.0,0.0
2022-11-25 10:30:00-05:00,23.80500030517578,23.80500030517578,23.69499969482422,23.780000686645508,5863,0.0,0.0
2022-11-25 11:30:00-05:00,23.780000686645508,23.989999771118164,23.760000228881836,23.799999237060547,15907,0.0,0.0
2022-11-28 09:30:00-05:00,23.690000534057617,23.860000610351562,23.094999313354492,23.649999618530273,9654,0.0,0.0
2022-11-28 10:30:00-05:00,23.65999984741211,23.65999984741211,23.204999923706055,23.219999313354492,4343,0.0,0.0
2022-11-28 11:30:00-05:00,23.309999465942383,23.420000076293945,23.2549991607666,23.344999313354492,12802,0.0,0.0
2022-11-28 12:30:00-05:00,23.3700008392334,23.3700008392334,23.2450008392334,23.280000686645508,3266,0.0,0.0
2022-11-28 13:30:00-05:00,23.190000534057617,23.219999313354492,23.010000228881836,23.020000457763672,10279,0.0,0.0
2022-11-28 14:30:00-05:00,23.040000915527344,23.079999923706055,22.950000762939453,22.959999084472656,8038,0.0,0.0
2022-11-28 15:30:00-05:00,22.979999542236328,23.110000610351562,22.979999542236328,23.049999237060547,29066,0.0,0.0
2022-11-29 09:30:00-05:00,23.110000610351562,23.389999389648438,22.950000762939453,23.19499969482422,5779,0.0,0.0
2022-11-29 10:30:00-05:00,23.19499969482422,23.3700008392334,23.19499969482422,23.34000015258789,6648,0.0,0.0
2022-11-29 11:30:00-05:00,23.395000457763672,23.440000534057617,23.200000762939453,23.200000762939453,4725,0.0,0.0
2022-11-29 12:30:00-05:00,23.079999923706055,23.209999084472656,23.079999923706055,23.110000610351562,3959,0.0,0.0
2022-11-29 13:30:00-05:00,23.110000610351562,23.170000076293945,23.110000610351562,23.114999771118164,4313,0.0,0.0
2022-11-29 14:30:00-05:00,23.1299991607666,23.1299991607666,23.05500030517578,23.05500030517578,3585,0.0,0.0
2022-11-29 15:30:00-05:00,23.06999969482422,23.1299991607666,23.049999237060547,23.1200008392334,14327,0.0,0.0
2022-11-30 09:30:00-05:00,23.229999542236328,23.229999542236328,22.760000228881836,22.834999084472656,8603,0.0,0.0
2022-11-30 10:30:00-05:00,22.84000015258789,22.969999313354492,22.799999237060547,22.920000076293945,10619,0.0,0.0
2022-11-30 11:30:00-05:00,22.979999542236328,23.1200008392334,22.90999984741211,22.90999984741211,9766,0.0,0.0
2022-11-30 12:30:00-05:00,22.90999984741211,23.100000381469727,22.90999984741211,23.100000381469727,21997,0.0,0.0
2022-11-30 13:30:00-05:00,23.100000381469727,23.719999313354492,23.09000015258789,23.690000534057617,33960,0.0,0.0
2022-11-30 14:30:00-05:00,23.649999618530273,23.75,23.649999618530273,23.68000030517578,27036,0.0,0.0
2022-11-30 15:30:00-05:00,23.719999313354492,24.06999969482422,23.709999084472656,24.020000457763672,71902,0.0,0.0
2022-12-01 09:30:00-05:00,24.329999923706055,24.559999465942383,23.729999542236328,23.729999542236328,14571,0.0,0.0
2022-12-01 10:30:00-05:00,23.700000762939453,24.149999618530273,23.700000762939453,24.149999618530273,9964,0.0,0.0
2022-12-01 11:30:00-05:00,24.209999084472656,24.399999618530273,24.1200008392334,24.270000457763672,13720,0.0,0.0
2022-12-01 12:30:00-05:00,24.260000228881836,24.329999923706055,24.200000762939453,24.270000457763672,8014,0.0,0.0
2022-12-01 13:30:00-05:00,24.25,24.31999969482422,24.1200008392334,24.270000457763672,9642,0.0,0.0
2022-12-01 14:30:00-05:00,24.25,24.31999969482422,24.25,24.270000457763672,8177,0.0,0.0
2022-12-01 15:30:00-05:00,24.260000228881836,24.260000228881836,24.079999923706055,24.18000030517578,20511,0.0,0.0
2022-12-02 09:30:00-05:00,23.780000686645508,24.03499984741211,23.780000686645508,24.030000686645508,9357,0.0,0.0
2022-12-02 10:30:00-05:00,23.969999313354492,24.139999389648438,23.969999313354492,24.100000381469727,8307,0.0,0.0
2022-12-02 11:30:00-05:00,24.040000915527344,24.136999130249023,23.979999542236328,23.979999542236328,6770,0.0,0.0
2022-12-02 12:30:00-05:00,24.030000686645508,24.1299991607666,23.950000762939453,24.1299991607666,4855,0.0,0.0
2022-12-02 13:30:00-05:00,24.18000030517578,24.295000076293945,24.149999618530273,24.270000457763672,10603,0.0,0.0
2022-12-02 14:30:00-05:00,24.239999771118164,24.360000610351562,24.15999984741211,24.270000457763672,17437,0.0,0.0
2022-12-02 15:30:00-05:00,24.274999618530273,24.3799991607666,24.239999771118164,24.3799991607666,29458,0.0,0.0
2022-12-05 09:30:00-05:00,24.31999969482422,24.395000457763672,23.90999984741211,24.149999618530273,10541,0.0,0.0
2022-12-05 10:30:00-05:00,24.079999923706055,24.200000762939453,24.040000915527344,24.079999923706055,9037,0.0,0.0
2022-12-05 11:30:00-05:00,24.059999465942383,24.209999084472656,24.020000457763672,24.135000228881836,13762,0.0,0.0
2022-12-05 12:30:00-05:00,24.079999923706055,24.15999984741211,24.030000686645508,24.114999771118164,7600,0.0,0.0
2022-12-05 13:30:00-05:00,24.139999389648438,24.200000762939453,24.100000381469727,24.100000381469727,15929,0.0,0.0
2022-12-05 14:30:00-05:00,24.09000015258789,24.09000015258789,23.780000686645508,23.780000686645508,12168,0.0,0.0
2022-12-05 15:30:00-05:00,23.809999465942383,23.90999984741211,23.809999465942383,23.860000610351562,19902,0.0,0.0
2022-12-06 09:30:00-05:00,23.809999465942383,23.93000030517578,23.489999771118164,23.665000915527344,7171,0.0,0.0
2022-12-06 10:30:00-05:00,23.530000686645508,23.649999618530273,23.5,23.5,5610,0.0,0.0
2022-12-06 11:30:00-05:00,23.459999084472656,23.520000457763672,23.389999389648438,23.485000610351562,4477,0.0,0.0
2022-12-06 12:30:00-05:00,23.475000381469727,23.475000381469727,23.360000610351562,23.389999389648438,6706,0.0,0.0
2022-12-06 13:30:00-05:00,23.420000076293945,23.469999313354492,23.31999969482422,23.360000610351562,7514,0.0,0.0
2022-12-06 14:30:00-05:00,23.34000015258789,23.420000076293945,23.309999465942383,23.360000610351562,10996,0.0,0.0
2022-12-06 15:30:00-05:00,23.399999618530273,23.489999771118164,23.3700008392334,23.399999618530273,21384,0.0,0.0
2022-12-07 09:30:00-05:00,23.469999313354492,23.770000457763672,22.56999969482422,22.860000610351562,21258,0.0,0.0
2022-12-07 10:30:00-05:00,22.84000015258789,23.040000915527344,22.719999313354492,22.774999618530273,19811,0.0,0.0
2022-12-07 11:30:00-05:00,22.690000534057617,22.850000381469727,22.610000610351562,22.610000610351562,19426,0.0,0.0
2022-12-07 12:30:00-05:00,22.510000228881836,22.510000228881836,22.28499984741211,22.28499984741211,12024,0.0,0.0
2022-12-07 13:30:00-05:00,22.260000228881836,22.520000457763672,22.149999618530273,22.424999237060547,28146,0.0,0.0
2022-12-07 14:30:00-05:00,22.424999237060547,22.790000915527344,22.424999237060547,22.600000381469727,27570,0.0,0.0
2022-12-07 15:30:00-05:00,22.649999618530273,22.65999984741211,22.489999771118164,22.520000457763672,39262,0.0,0.0
2022-12-08 09:30:00-05:00,22.670000076293945,23.209999084472656,22.520000457763672,23.209999084472656,9489,0.0,0.0
2022-12-08 10:30:00-05:00,23.09000015258789,23.209999084472656,22.790000915527344,22.868499755859375,8661,0.0,0.0
2022-12-08 11:30:00-05:00,22.889999389648438,22.93000030517578,22.8799991607666,22.93000030517578,5302,0.0,0.0
2022-12-08 12:30:00-05:00,22.860000610351562,23.139999389648438,22.81999969482422,23.087400436401367,10886,0.0,0.0
2022-12-08 13:30:00-05:00,23.125,23.225000381469727,23.020000457763672,23.040000915527344,12760,0.0,0.0
2022-12-08 14:30:00-05:00,23.05500030517578,23.059999465942383,22.8799991607666,23.03499984741211,13902,0.0,0.0
2022-12-08 15:30:00-05:00,23.03499984741211,23.03499984741211,22.895000457763672,22.969999313354492,21978,0.0,0.0
2022-12-09 09:30:00-05:00,22.799999237060547,22.924999237060547,22.704999923706055,22.71500015258789,8001,0.0,0.0
2022-12-09 10:30:00-05:00,22.65999984741211,22.809999465942383,22.6200008392334,22.709999084472656,12844,0.0,0.0
2022-12-09 11:30:00-05:00,22.719999313354492,22.829999923706055,22.700000762939453,22.704999923706055,7140,0.0,0.0
2022-12-09 12:30:00-05:00,22.719999313354492,22.8799991607666,22.719999313354492,22.809999465942383,4419,0.0,0.0
2022-12-09 13:30:00-05:00,22.809999465942383,22.829999923706055,22.660999298095703,22.709999084472656,7640,0.0,0.0
2022-12-09 14:30:00-05:00,22.700000762939453,22.739999771118164,22.520000457763672,22.6299991607666,12137,0.0,0.0
2022-12-09 15:30:00-05:00,22.600000381469727,22.635000228881836,22.3799991607666,22.399999618530273,28969,0.0,0.0
2022-12-12 09:30:00-05:00,22.40999984741211,22.40999984741211,22.100000381469727,22.135000228881836,9319,0.0,0.0
2022-12-12 10:30:00-05:00,22.209999084472656,22.25,22.110000610351562,22.139999389648438,10090,0.0,0.0
2022-12-12 11:30:00-05:00,22.125,22.200000762939453,21.950000762939453,21.950000762939453,11158,0.0,0.0
2022-12-12 12:30:00-05:00,21.889999389648438,21.950000762939453,21.739999771118164,21.93000030517578,14494,0.0,0.0
2022-12-12 13:30:00-05:00,21.934999465942383,22.09000015258789,21.81999969482422,21.940000534057617,17750,0.0,0.0
2022-12-12 14:30:00-05:00,21.940000534057617,22.40999984741211,21.940000534057617,22.3700008392334,23667,0.0,0.0
2022-12-12 15:30:00-05:00,22.399999618530273,22.59000015258789,22.329999923706055,22.559999465942383,51876,0.0,0.0
2022-12-13 09:30:00-05:00,23.15999984741211,23.170000076293945,22.757099151611328,22.8799991607666,0,0.0,0.0
2022-12-13 10:30:00-05:00,22.780000686645508,22.920000076293945,22.700000762939453,22.729999542236328,20480,0.0,0.0
2022-12-13 11:30:00-05:00,22.770000457763672,22.780000686645508,22.3700008392334,22.3700008392334,13873,0.0,0.0
2022-12-13 12:30:00-05:00,22.3700008392334,22.450000762939453,22.219999313354492,22.450000762939453,16221,0.0,0.0
2022-12-13 13:30:00-05:00,22.450000762939453,22.514999389648438,22.34000015258789,22.3439998626709,9978,0.0,0.0
2022-12-13 14:30:00-05:00,22.329999923706055,22.420000076293945,22.25,22.290000915527344,26674,0.0,0.0
2022-12-13 15:30:00-05:00,22.30500030517578,22.34000015258789,22.139999389648438,22.219999313354492,26079,0.0,0.0
2022-12-14 09:30:00-05:00,22.190000534057617,22.469999313354492,22.15999984741211,22.43000030517578,19275,0.0,0.0
2022-12-14 10:30:00-05:00,22.466299057006836,22.610000610351562,22.31999969482422,22.579999923706055,20142,0.0,0.0
2022-12-14 11:30:00-05:00,22.6299991607666,22.649999618530273,22.541000366210938,22.635000228881836,29934,0.0,0.0
2022-12-14 12:30:00-05:00,22.625,22.770000457763672,22.625,22.739999771118164,16494,0.0,0.0
2022-12-14 13:30:00-05:00,22.739999771118164,22.979999542236328,22.730100631713867,22.979999542236328,33398,0.0,0.0
2022-12-14 14:30:00-05:00,22.899999618530273,23.270000457763672,22.770000457763672,23.1200008392334,43297,0.0,0.0
2022-12-14 15:30:00-05:00,23.059999465942383,23.30500030517578,22.899999618530273,23.049999237060547,65122,0.0,0.0
2022-12-15 09:30:00-05:00,22.899999618530273,22.950000762939453,22.420000076293945,22.639999389648438,25695,0.0,0.0
2022-12-15 10:30:00-05:00,22.639999389648438,22.639999389648438,21.649999618530273,21.780000686645508,30537,0.0,0.0
2022-12-15 11:30:00-05:00,21.850000381469727,22.3700008392334,21.850000381469727,22.309999465942383,22319,0.0,0.0
2022-12-15 12:30:00-05:00,22.309999465942383,22.389999389648438,22.049999237060547,22.18000030517578,30238,0.0,0.0
2022-12-15 13:30:00-05:00,22.209999084472656,22.290000915527344,22.1299991607666,22.290000915527344,22008,0.0,0.0
2022-12-15 14:30:00-05:00,22.290000915527344,22.440000534057617,22.290000915527344,22.395000457763672,22791,0.0,0.0
2022-12-15 15:30:00-05:00,22.389999389648438,22.389999389648438,22.15999984741211,22.25,42921,0.0,0.0
2022-12-16 09:30:00-05:00,21.940000534057617,22.110000610351562,21.6200008392334,21.649999618530273,67984,0.0,0.0
2022-12-16 10:30:00-05:00,21.645000457763672,21.899999618530273,21.530000686645508,21.864999771118164,19931,0.0,0.0
2022-12-16 11:30:00-05:00,21.84000015258789,21.8799991607666,21.65999984741211,21.792699813842773,24384,0.0,0.0
2022-12-16 12:30:00-05:00,21.809999465942383,21.829999923706055,21.520000457763672,21.540000915527344,12647,0.0,0.0
2022-12-16 13:30:00-05:00,21.514999389648438,21.670000076293945,21.510000228881836,21.670000076293945,9332,0.0,0.0
2022-12-16 14:30:00-05:00,21.59000015258789,21.65999984741211,21.510000228881836,21.559999465942383,16047,0.0,0.0
2022-12-16 15:30:00-05:00,21.59000015258789,21.899999618530273,21.59000015258789,21.709999084472656,44070,0.0,0.0
2022-12-19 09:30:00-05:00,21.809999465942383,21.989999771118164,21.59000015258789,21.809999465942383,11768,0.0,0.0
2022-12-19 10:30:00-05:00,21.799999237060547,21.950000762939453,21.739999771118164,21.739999771118164,8270,0.0,0.0
2022-12-19 11:30:00-05:00,21.739999771118164,21.780000686645508,21.56999969482422,21.614999771118164,10581,0.0,0.0
2022-12-19 12:30:00-05:00,21.625,21.780000686645508,21.530000686645508,21.780000686645508,11316,0.0,0.0
2022-12-19 13:30:00-05:00,21.729999542236328,21.90999984741211,21.610000610351562,21.610000610351562,14520,0.0,0.0
2022-12-19 14:30:00-05:00,21.575000762939453,21.790000915527344,21.575000762939453,21.729999542236328,16811,0.0,0.0
2022-12-19 15:30:00-05:00,21.729999542236328,21.860000610351562,21.719999313354492,21.80500030517578,29037,0.0,0.0
2022-12-20 09:30:00-05:00,21.860000610351562,22.100000381469727,21.860000610351562,21.989999771118164,13675,0.0,0.0
2022-12-20 10:30:00-05:00,21.989999771118164,22.030000686645508,21.809999465942383,21.844999313354492,20927,0.0,0.0
2022-12-20 11:30:00-05:00,21.844999313354492,22.020000457763672,21.844999313354492,22.020000457763672,8137,0.0,0.0
2022-12-20 12:30:00-05:00,22.030000686645508,22.209999084472656,22.030000686645508,22.15999984741211,6986,0.0,0.0
2022-12-20 13:30:00-05:00,22.149999618530273,22.235000610351562,22.1299991607666,22.139999389648438,15843,0.0,0.0
2022-12-20 14:30:00-05:00,22.139999389648438,22.200000762939453,22.1200008392334,22.145999908447266,9352,0.0,0.0
2022-12-20 15:30:00-05:00,22.135000228881836,22.170000076293945,22.010000228881836,22.040000915527344,22775,0.0,0.0
2022-12-21 09:30:00-05:00,22.25,22.337499618530273,22.030000686645508,22.149999618530273,7157,0.0,0.0
2022-12-21 10:30:00-05:00,22.260000228881836,22.43000030517578,22.260000228881836,22.40999984741211,15910,0.0,0.0
2022-12-21 11:30:00-05:00,22.405000686645508,22.604999542236328,22.3700008392334,22.600000381469727,17557,0.0,0.0
2022-12-21 12:30:00-05:00,22.59000015258789,22.639999389648438,22.549999237060547,22.610000610351562,12636,0.0,0.0
2022-12-21 13:30:00-05:00,22.6299991607666,22.690000534057617,22.59000015258789,22.59000015258789,12079,0.0,0.0
2022-12-21 14:30:00-05:00,22.6200008392334,22.6299991607666,22.549999237060547,22.600000381469727,31637,0.0,0.0
2022-12-21 15:30:00-05:00,22.6299991607666,22.75,22.59000015258789,22.700000762939453,46978,0.0,0.0
2022-12-22 09:30:00-05:00,22.559999465942383,22.559999465942383,22.110000610351562,22.280000686645508,13286,0.0,0.0
2022-12-22 10:30:00-05:00,22.239999771118164,22.329999923706055,22.19300079345703,22.270000457763672,8407,0.0,0.0
2022-12-22 11:30:00-05:00,22.270000457763672,22.280000686645508,22.18000030517578,22.229999542236328,13091,0.0,0.0
2022-12-22 12:30:00-05:00,22.229999542236328,22.229999542236328,22.020000457763672,22.03499984741211,7479,0.0,0.0
2022-12-22 13:30:00-05:00,22.010000228881836,22.010000228881836,21.7450008392334,21.860000610351562,12777,0.0,0.0
2022-12-22 14:30:00-05:00,21.85099983215332,22.010000228881836,21.85099983215332,21.989999771118164,11853,0.0,0.0
2022-12-22 15:30:00-05:00,21.9950008392334,22.1200008392334,21.989999771118164,22.09000015258789,17471,0.0,0.0
2022-12-23 09:30:00-05:00,22.1200008392334,22.25,22.020000457763672,22.200000762939453,10732,0.0,0.0
2022-12-23 10:30:00-05:00,22.200000762939453,22.260000228881836,22.040000915527344,22.040000915527344,5572,0.0,0.0
2022-12-23 11:30:00-05:00,22.040000915527344,22.260000228881836,22.020000457763672,22.229999542236328,4975,0.0,0.0
2022-12-23 12:30:00-05:00,22.219999313354492,22.219999313354492,22.149999618530273,22.149999618530273,9440,0.0,0.0
2022-12-23 13:30:00-05:00,22.155000686645508,22.155000686645508,21.8700008392334,22.139999389648438,13133,0.0,0.0
2022-12-23 14:30:00-05:00,22.170000076293945,22.21500015258789,22.06999969482422,22.1200008392334,8723,0.0,0.0
2022-12-23 15:30:00-05:00,22.1299991607666,22.139999389648438,22.040000915527344,22.06999969482422,14679,0.0,0.0
2022-12-27 09:30:00-05:00,22.110000610351562,22.110000610351562,21.895000457763672,22.040000915527344,4435,0.0,0.0
2022-12-27 10:30:00-05:00,22.040000915527344,22.059999465942383,21.8700008392334,21.875,3993,0.0,0.0
2022-12-27 11:30:00-05:00,21.875,21.8799991607666,21.700000762939453,21.75,3423,0.0,0.0
2022-12-27 12:30:00-05:00,21.709999084472656,21.709999084472656,21.579999923706055,21.614999771118164,9956,0.0,0.0
2022-12-27 13:30:00-05:00,21.639999389648438,21.639999389648438,21.354999542236328,21.354999542236328,9630,0.0,0.0
2022-12-27 14:30:00-05:00,21.329999923706055,21.360000610351562,21.239999771118164,21.299999237060547,11322,0.0,0.0
2022-12-27 15:30:00-05:00,21.30500030517578,21.399999618530273,21.190000534057617,21.209999084472656,19134,0.0,0.0
2022-12-28 09:30:00-05:00,21.270000457763672,21.450000762939453,20.975000381469727,20.975000381469727,5856,0.0,0.0
2022-12-28 10:30:00-05:00,20.920000076293945,21.059999465942383,20.834999084472656,20.979999542236328,9684,0.0,0.0
2022-12-28 11:30:00-05:00,20.979999542236328,21.024999618530273,20.829999923706055,20.879899978637695,5615,0.0,0.0
2022-12-28 12:30:00-05:00,20.8700008392334,21.06999969482422,20.8700008392334,20.9783992767334,7779,0.0,0.0
2022-12-28 13:30:00-05:00,20.989999771118164,21.020000457763672,20.8700008392334,20.889999389648438,6080,0.0,0.0
2022-12-28 14:30:00-05:00,20.899999618530273,20.950000762939453,20.809999465942383,20.84000015258789,11980,0.0,0.0
2022-12-28 15:30:00-05:00,20.84000015258789,20.860000610351562,20.729999542236328,20.739999771118164,14118,0.0,0.0
2022-12-29 09:30:00-05:00,20.8700008392334,21.229999542236328,20.700000762939453,21.0,6671,0.0,0.0
2022-12-29 10:30:00-05:00,21.010000228881836,21.280000686645508,21.010000228881836,21.15999984741211,13565,0.0,0.0
2022-12-29 11:30:00-05:00,21.1200008392334,21.239999771118164,21.030000686645508,21.209999084472656,24101,0.0,0.0
2022-12-29 12:30:00-05:00,21.239999771118164,21.40999984741211,21.229999542236328,21.40999984741211,21225,0.0,0.0
2022-12-29 13:30:00-05:00,21.3799991607666,21.412500381469727,21.270000457763672,21.270000457763672,9900,0.0,0.0
2022-12-29 14:30:00-05:00,21.270000457763672,21.270000457763672,21.1299991607666,21.204999923706055,13521,0.0,0.0
2022-12-29 15:30:00-05:00,21.204999923706055,21.239999771118164,21.139999389648438,21.2189998626709,20872,0.0,0.0
2022-12-30 09:30:00-05:00,21.020000457763672,21.145000457763672,20.860000610351562,21.114999771118164,12968,0.0,0.0
2022-12-30 10:30:00-05:00,21.114999771118164,21.21500015258789,20.920000076293945,21.030000686645508,29621,0.0,0.0
2022-12-30 11:30:00-05:00,20.979999542236328,21.030000686645508,20.940000534057617,21.030000686645508,4710,0.0,0.0
2022-12-30 12:30:00-05:00,21.007999420166016,21.114999771118164,20.959999084472656,20.959999084472656,6847,0.0,0.0
2022-12-30 13:30:00-05:00,20.979999542236328,20.979999542236328,20.790000915527344,20.850000381469727,12993,0.0,0.0
2022-12-30 14:30:00-05:00,20.829999923706055,20.829999923706055,20.579999923706055,20.709999084472656,12946,0.0,0.0
2022-12-30 15:30:00-05:00,20.68000030517578,20.989999771118164,20.68000030517578,20.899999618530273,25557,0.0,0.0
2023-01-03 09:30:00-05:00,21.219999313354492,21.219999313354492,20.81999969482422,20.84000015258789,11524,0.0,0.0
2023-01-03 10:30:00-05:00,20.8799991607666,20.950000762939453,20.709999084472656,20.799999237060547,13760,0.0,0.0
2023-01-03 11:30:00-05:00,20.770000457763672,20.93000030517578,20.770000457763672,20.93000030517578,12246,0.0,0.0
2023-01-03 12:30:00-05:00,20.959999084472656,21.0,20.899999618530273,20.950000762939453,15980,0.0,0.0
2023-01-03 13:30:00-05:00,20.979999542236328,20.979999542236328,20.81999969482422,20.889999389648438,12222,0.0,0.0
2023-01-03 14:30:00-05:00,20.885000228881836,20.979999542236328,20.81999969482422,20.905000686645508,19840,0.0,0.0
2023-01-03 15:30:00-05:00,20.889999389648438,20.959999084472656,20.81999969482422,20.889999389648438,24802,0.0,0.0
2023-01-04 09:30:00-05:00,21.079999923706055,21.309999465942383,21.06999969482422,21.2549991607666,9594,0.0,0.0
2023-01-04 10:30:00-05:00,21.299999237060547,21.360000610351562,21.299999237060547,21.31999969482422,6830,0.0,0.0
2023-01-04 11:30:00-05:00,21.3700008392334,21.493999481201172,21.329999923706055,21.360000610351562,7681,0.0,0.0
2023-01-04 12:30:00-05:00,21.3799991607666,21.540000915527344,21.3799991607666,21.540000915527344,12260,0.0,0.0
2023-01-04 13:30:00-05:00,21.540000915527344,21.540000915527344,21.260000228881836,21.31999969482422,12449,0.0,0.0
2023-01-04 14:30:00-05:00,21.329999923706055,21.399999618530273,21.299999237060547,21.325000762939453,10520,0.0,0.0
2023-01-04 15:30:00-05:00,21.299999237060547,21.450000762939453,21.290000915527344,21.40999984741211,25052,0.0,0.0
2023-01-05 09:30:00-05:00,21.229999542236328,21.4950008392334,21.084999084472656,21.389999389648438,9934,0.0,0.0
2023-01-05 10:30:00-05:00,21.31999969482422,21.3700008392334,21.149999618530273,21.149999618530273,14237,0.0,0.0
2023-01-05 11:30:00-05:00,21.059999465942383,21.229999542236328,21.059999465942383,21.139999389648438,9450,0.0,0.0
2023-01-05 12:30:00-05:00,21.139999389648438,21.34000015258789,21.139999389648438,21.34000015258789,6678,0.0,0.0
2023-01-05 13:30:00-05:00,21.364999771118164,21.420000076293945,21.31999969482422,21.31999969482422,5742,0.0,0.0
2023-01-05 14:30:00-05:00,21.350000381469727,21.520000457763672,21.34000015258789,21.3799991607666,17087,0.0,0.0
2023-01-05 15:30:00-05:00,21.389999389648438,21.399999618530273,21.309999465942383,21.350000381469727,17793,0.0,0.0
2023-01-06 09:30:00-05:00,21.530000686645508,21.71500015258789,21.110000610351562,21.110000610351562,13569,0.0,0.0
2023-01-06 10:30:00-05:00,21.100000381469727,21.479999542236328,21.100000381469727,21.3700008392334,70303,0.0,0.0
2023-01-06 11:30:00-05:00,21.3799991607666,21.579999923706055,21.309999465942383,21.43000030517578,47427,0.0,0.0
2023-01-06 12:30:00-05:00,21.3799991607666,21.389999389648438,21.219999313354492,21.219999313354492,6378,0.0,0.0
2023-01-06 13:30:00-05:00,21.209999084472656,21.329999923706055,21.200000762939453,21.204999923706055,12223,0.0,0.0
2023-01-06 14:30:00-05:00,21.21500015258789,21.43000030517578,21.209999084472656,21.360000610351562,21445,0.0,0.0
2023-01-06 15:30:00-05:00,21.364999771118164,21.3799991607666,21.200000762939453,21.25,32646,0.0,0.0
2023-01-09 09:30:00-05:00,21.239999771118164,21.690000534057617,21.200000762939453,21.59000015258789,21878,0.0,0.0
2023-01-09 10:30:00-05:00,21.524999618530273,21.65999984741211,21.415000915527344,21.59000015258789,12932,0.0,0.0
2023-01-09 11:30:00-05:00,21.579999923706055,21.579999923706055,21.34000015258789,21.360000610351562,9004,0.0,0.0
2023-01-09 12:30:00-05:00,21.3799991607666,21.399999618530273,21.110000610351562,21.121000289916992,6582,0.0,0.0
2023-01-09 13:30:00-05:00,21.079999923706055,21.274999618530273,20.979999542236328,21.184999465942383,15110,0.0,0.0
2023-01-09 14:30:00-05:00,21.174999237060547,21.174999237060547,21.049999237060547,21.139999389648438,15196,0.0,0.0
2023-01-09 15:30:00-05:00,21.174999237060547,21.190000534057617,21.079999923706055,21.09000015258789,20742,0.0,0.0
2023-01-10 09:30:00-05:00,20.989999771118164,21.360000610351562,20.989999771118164,21.270000457763672,5586,0.0,0.0
2023-01-10 10:30:00-05:00,21.270000457763672,21.610000610351562,21.270000457763672,21.520000457763672,10638,0.0,0.0
2023-01-10 11:30:00-05:00,21.489999771118164,21.610000610351562,21.389999389648438,21.395000457763672,8801,0.0,0.0
2023-01-10 12:30:00-05:00,21.43000030517578,21.610000610351562,21.43000030517578,21.600000381469727,7813,0.0,0.0
2023-01-10 13:30:00-05:00,21.649999618530273,21.749000549316406,21.59000015258789,21.670000076293945,8035,0.0,0.0
2023-01-10 14:30:00-05:00,21.65999984741211,21.670000076293945,21.579999923706055,21.600000381469727,9753,0.0,0.0
2023-01-10 15:30:00-05:00,21.59000015258789,21.65999984741211,21.540000915527344,21.6200008392334,20158,0.0,0.0
2023-01-11 09:30:00-05:00,21.739999771118164,21.899999618530273,21.520000457763672,21.599000930786133,6434,0.0,0.0
2023-01-11 10:30:00-05:00,21.479999542236328,21.489999771118164,21.074899673461914,21.360000610351562,12649,0.0,0.0
2023-01-11 11:30:00-05:00,21.31999969482422,21.3799991607666,21.309999465942383,21.370100021362305,6148,0.0,0.0
2023-01-11 12:30:00-05:00,21.3700008392334,21.459999084472656,21.200000762939453,21.40999984741211,10491,0.0,0.0
2023-01-11 13:30:00-05:00,21.43000030517578,21.440000534057617,21.280000686645508,21.424999237060547,8874,0.0,0.0
2023-01-11 14:30:00-05:00,21.48900032043457,21.59000015258789,21.450000762939453,21.540000915527344,9291,0.0,0.0
2023-01-11 15:30:00-05:00,21.5,21.56999969482422,21.459999084472656,21.510000228881836,29571,0.0,0.0
2023-01-12 09:30:00-05:00,21.5,21.5,21.045000076293945,21.219999313354492,12825,0.0,0.0
2023-01-12 10:30:00-05:00,21.190000534057617,21.479999542236328,21.190000534057617,21.479999542236328,11302,0.0,0.0
2023-01-12 11:30:00-05:00,21.454999923706055,21.600000381469727,21.329999923706055,21.5,11149,0.0,0.0
2023-01-12 12:30:00-05:00,21.520000457763672,21.610000610351562,21.459999084472656,21.479999542236328,10489,0.0,0.0
2023-01-12 13:30:00-05:00,21.469999313354492,21.610000610351562,21.459999084472656,21.520000457763672,18707,0.0,0.0
2023-01-12 14:30:00-05:00,21.5,21.600000381469727,21.469999313354492,21.540000915527344,19446,0.0,0.0
2023-01-12 15:30:00-05:00,21.549999237060547,21.559999465942383,21.450000762939453,21.469999313354492,23439,0.0,0.0
2023-01-13 09:30:00-05:00,21.25,21.296300888061523,21.114999771118164,21.204999923706055,5831,0.0,0.0
2023-01-13 10:30:00-05:00,21.209999084472656,21.579999923706055,21.209999084472656,21.575000762939453,12591,0.0,0.0
2023-01-13 11:30:00-05:00,21.549999237060547,21.579999923706055,21.440000534057617,21.579999923706055,7390,0.0,0.0
2023-01-13 12:30:00-05:00,21.600000381469727,21.635000228881836,21.520000457763672,21.524999618530273,10632,0.0,0.0
2023-01-13 13:30:00-05:00,21.489999771118164,21.56999969482422,21.44499969482422,21.540000915527344,9500,0.0,0.0
2023-01-13 14:30:00-05:00,21.540000915527344,21.549999237060547,21.459999084472656,21.549999237060547,13696,0.0,0.0
2023-01-13 15:30:00-05:00,21.559999465942383,21.6299991607666,21.489999771118164,21.520000457763672,24682,0.0,0.0
2023-01-17 09:30:00-05:00,21.559999465942383,21.670000076293945,21.21500015258789,21.540000915527344,17919,0.0,0.0
2023-01-17 10:30:00-05:00,21.469999313354492,21.6200008392334,21.424999237060547,21.5049991607666,12572,0.0,0.0
2023-01-17 11:30:00-05:00,21.489999771118164,21.700000762939453,21.43000030517578,21.649999618530273,36201,0.0,0.0
2023-01-17 12:30:00-05:00,21.649999618530273,21.649999618530273,21.469999313354492,21.489999771118164,8761,0.0,0.0
2023-01-17 13:30:00-05:00,21.479999542236328,21.540000915527344,21.329999923706055,21.360000610351562,13444,0.0,0.0
2023-01-17 14:30:00-05:00,21.399999618530273,21.5,21.399999618530273,21.479999542236328,14356,0.0,0.0
2023-01-17 15:30:00-05:00,21.459999084472656,21.530000686645508,21.44499969482422,21.530000686645508,36071,0.0,0.0
2023-01-18 09:30:00-05:00,21.59000015258789,21.969999313354492,21.440099716186523,21.969999313354492,6243,0.0,0.0
2023-01-18 10:30:00-05:00,21.979999542236328,21.979999542236328,21.610000610351562,21.649999618530273,9531,0.0,0.0
2023-01-18 11:30:00-05:00,21.645000457763672,21.68000030517578,21.510000228881836,21.65999984741211,23455,0.0,0.0
2023-01-18 12:30:00-05:00,21.670000076293945,21.850000381469727,21.56999969482422,21.729999542236328,12878,0.0,0.0
2023-01-18 13:30:00-05:00,21.729999542236328,21.8799991607666,21.6299991607666,21.645000457763672,13096,0.0,0.0
2023-01-18 14:30:00-05:00,21.65999984741211,22.18000030517578,21.600000381469727,22.18000030517578,38848,0.0,0.0
2023-01-18 15:30:00-05:00,22.18000030517578,22.34000015258789,22.059999465942383,22.059999465942383,55091,0.0,0.0
2023-01-19 09:30:00-05:00,21.850000381469727,22.219999313354492,21.774999618530273,22.020000457763672,8264,0.0,0.0
2023-01-19 10:30:00-05:00,21.989999771118164,21.989999771118164,21.639999389648438,21.84000015258789,13236,0.0,0.0
2023-01-19 11:30:00-05:00,21.790000915527344,21.941499710083008,21.764999389648438,21.860000610351562,10294,0.0,0.0
2023-01-19 12:30:00-05:00,21.90999984741211,21.917999267578125,21.81999969482422,21.917999267578125,10461,0.0,0.0
2023-01-19 13:30:00-05:00,21.905000686645508,22.024999618530273,21.905000686645508,22.0,12925,0.0,0.0
2023-01-19 14:30:00-05:00,21.959999084472656,22.0,21.780000686645508,21.829999923706055,15312,0.0,0.0
2023-01-19 15:30:00-05:00,21.829999923706055,22.0,21.820999145507812,21.889999389648438,29118,0.0,0.0
2023-01-20 09:30:00-05:00,22.1299991607666,22.1299991607666,21.440000534057617,21.65999984741211,34788,0.0,0.0
2023-01-20 10:30:00-05:00,21.639999389648438,21.645000457763672,21.325000762939453,21.3700008392334,21897,0.0,0.0
2023-01-20 11:30:00-05:00,21.3799991607666,21.485000610351562,21.229999542236328,21.264999389648438,28812,0.0,0.0
2023-01-20 12:30:00-05:00,21.280000686645508,21.399999618530273,21.280000686645508,21.329999923706055,6112,0.0,0.0
2023-01-20 13:30:00-05:00,21.309999465942383,21.43000030517578,21.170000076293945,21.170000076293945,12694,0.0,0.0
2023-01-20 14:30:00-05:00,21.170000076293945,21.209999084472656,20.989999771118164,21.1299991607666,23121,0.0,0.0
2023-01-20 15:30:00-05:00,21.149999618530273,21.149999618530273,20.96500015258789,21.06999969482422,30070,0.0,0.0
2023-01-23 09:30:00-05:00,21.049999237060547,21.170000076293945,20.969999313354492,21.06999969482422,7690,0.0,0.0
2023-01-23 10:30:00-05:00,21.084999084472656,21.15999984741211,20.8700008392334,21.15999984741211,15696,0.0,0.0
2023-01-23 11:30:00-05:00,21.15399932861328,21.264999389648438,21.100000381469727,21.1299991607666,17853,0.0,0.0
2023-01-23 12:30:00-05:00,21.1200008392334,21.270000457763672,21.09000015258789,21.270000457763672,14724,0.0,0.0
2023-01-23 13:30:00-05:00,21.260000228881836,21.40999984741211,21.229999542236328,21.229999542236328,16209,0.0,0.0
2023-01-23 14:30:00-05:00,21.239999771118164,21.280000686645508,21.100000381469727,21.209999084472656,22573,0.0,0.0
2023-01-23 15:30:00-05:00,21.204999923706055,21.229999542236328,21.1299991607666,21.219999313354492,29972,0.0,0.0
2023-01-24 09:30:00-05:00,21.209999084472656,21.309999465942383,21.170000076293945,21.280000686645508,6516,0.0,0.0
2023-01-24 10:30:00-05:00,21.290000915527344,21.459999084472656,21.274999618530273,21.459999084472656,4956,0.0,0.0
2023-01-24 11:30:00-05:00,21.43000030517578,21.584999084472656,21.3700008392334,21.559999465942383,9191,0.0,0.0
2023-01-24 12:30:00-05:00,21.559999465942383,21.610000610351562,21.520000457763672,21.545000076293945,9515,0.0,0.0
2023-01-24 13:30:00-05:00,21.545000076293945,21.6299991607666,21.530000686645508,21.59000015258789,9816,0.0,0.0
2023-01-24 14:30:00-05:00,21.600000381469727,21.700000762939453,21.600000381469727,21.600000381469727,13926,0.0,0.0
2023-01-24 15:30:00-05:00,21.6299991607666,21.65999984741211,21.545000076293945,21.6200008392334,23963,0.0,0.0
2023-01-25 09:30:00-05:00,21.520000457763672,21.6200008392334,21.28499984741211,21.43000030517578,14650,0.0,0.0
2023-01-25 10:30:00-05:00,21.479999542236328,21.663400650024414,21.405000686645508,21.663400650024414,10110,0.0,0.0
2023-01-25 11:30:00-05:00,21.68199920654297,21.809999465942383,21.649999618530273,21.649999618530273,7340,0.0,0.0
2023-01-25 12:30:00-05:00,21.670000076293945,21.809999465942383,21.670000076293945,21.809999465942383,8440,0.0,0.0
2023-01-25 13:30:00-05:00,21.799999237060547,21.889999389648438,21.780000686645508,21.790000915527344,7891,0.0,0.0
2023-01-25 14:30:00-05:00,21.770000457763672,21.84000015258789,21.68000030517578,21.81999969482422,11936,0.0,0.0
2023-01-25 15:30:00-05:00,21.80500030517578,21.90999984741211,21.80500030517578,21.850000381469727,22273,0.0,0.0
2023-01-26 09:30:00-05:00,22.0,22.170000076293945,21.969999313354492,22.170000076293945,5900,0.0,0.0
2023-01-26 10:30:00-05:00,22.190000534057617,22.190000534057617,21.834999084472656,21.834999084472656,10836,0.0,0.0
2023-01-26 11:30:00-05:00,21.850000381469727,21.93000030517578,21.774999618530273,21.844999313354492,8860,0.0,0.0
2023-01-26 12:30:00-05:00,21.84000015258789,22.010000228881836,21.81999969482422,21.899999618530273,8842,0.0,0.0
2023-01-26 13:30:00-05:00,21.8700008392334,21.920000076293945,21.69499969482422,21.719999313354492,12385,0.0,0.0
2023-01-26 14:30:00-05:00,21.729999542236328,21.795000076293945,21.709999084472656,21.760000228881836,9363,0.0,0.0
2023-01-26 15:30:00-05:00,21.770000457763672,21.774999618530273,21.709999084472656,21.709999084472656,26115,0.0,0.0
2023-01-27 09:30:00-05:00,21.6299991607666,21.6299991607666,21.5,21.5,3418,0.0,0.0
2023-01-27 10:30:00-05:00,21.5,21.5,21.229999542236328,21.389999389648438,8213,0.0,0.0
2023-01-27 11:30:00-05:00,21.395000457763672,21.5049991607666,21.364999771118164,21.442699432373047,9065,0.0,0.0
2023-01-27 12:30:00-05:00,21.459999084472656,21.6200008392334,21.459999084472656,21.540000915527344,15827,0.0,0.0
2023-01-27 13:30:00-05:00,21.540000915527344,21.7450008392334,21.540000915527344,21.719999313354492,8990,0.0,0.0
2023-01-27 14:30:00-05:00,21.684999465942383,21.739999771118164,21.649999618530273,21.71500015258789,8700,0.0,0.0
2023-01-27 15:30:00-05:00,21.709999084472656,21.739999771118164,21.56999969482422,21.610000610351562,22267,0.0,0.0
2023-01-30 09:30:00-05:00,21.5,22.1299991607666,21.489999771118164,22.1299991607666,12262,0.0,0.0
2023-01-30 10:30:00-05:00,22.1200008392334,22.18000030517578,21.75,22.020000457763672,20266,0.0,0.0
2023-01-30 11:30:00-05:00,22.059999465942383,22.059999465942383,21.860000610351562,21.860000610351562,9963,0.0,0.0
2023-01-30 12:30:00-05:00,21.81999969482422,21.875,21.770000457763672,21.84000015258789,10768,0.0,0.0
2023-01-30 13:30:00-05:00,21.84000015258789,21.969999313354492,21.809999465942383,21.81999969482422,9702,0.0,0.0
2023-01-30 14:30:00-05:00,21.84000015258789,21.889999389648438,21.75,21.850000381469727,8724,0.0,0.0
2023-01-30 15:30:00-05:00,21.8700008392334,21.8799991607666,21.780000686645508,21.799999237060547,19639,0.0,0.0
2023-01-31 09:30:00-05:00,21.709999084472656,22.100000381469727,21.709999084472656,22.100000381469727,5848,0.0,0.0
2023-01-31 10:30:00-05:00,22.084999084472656,22.239999771118164,22.020000457763672,22.020000457763672,14054,0.0,0.0
2023-01-31 11:30:00-05:00,22.079999923706055,22.30500030517578,22.06999969482422,22.280000686645508,12238,0.0,0.0
2023-01-31 12:30:00-05:00,22.280000686645508,22.299999237060547,22.190000534057617,22.28499984741211,12492,0.0,0.0
2023-01-31 13:30:00-05:00,22.28499984741211,22.600000381469727,22.28499984741211,22.549999237060547,23647,0.0,0.0
2023-01-31 14:30:00-05:00,22.610000610351562,22.6299991607666,22.520000457763672,22.6299991607666,14763,0.0,0.0
2023-01-31 15:30:00-05:00,22.635000228881836,22.670000076293945,22.540000915527344,22.665000915527344,26577,0.0,0.0
2023-02-01 09:30:00-05:00,22.729999542236328,22.7549991607666,22.5,22.59000015258789,11545,0.0,0.0
2023-02-01 10:30:00-05:00,22.510000228881836,22.530000686645508,22.209999084472656,22.440000534057617,12041,0.0,0.0
2023-02-01 11:30:00-05:00,22.450000762939453,22.649999618530273,22.399999618530273,22.649999618530273,18962,0.0,0.0
2023-02-01 12:30:00-05:00,22.649999618530273,22.670000076293945,22.5,22.6299991607666,21530,0.0,0.0
2023-02-01 13:30:00-05:00,22.6299991607666,22.649999618530273,22.399999618530273,22.399999618530273,17018,0.0,0.0
2023-02-01 14:30:00-05:00,22.43000030517578,22.6299991607666,22.200000762939453,22.290000915527344,51043,0.0,0.0
2023-02-01 15:30:00-05:00,22.31999969482422,22.520000457763672,22.0,22.059999465942383,79016,0.0,0.0
2023-02-02 09:30:00-05:00,22.059999465942383,22.450000762939453,21.8799991607666,22.014999389648438,37762,0.0,0.0
2023-02-02 10:30:00-05:00,22.0,22.030000686645508,21.889999389648438,21.979999542236328,27249,0.0,0.0
2023-02-02 11:30:00-05:00,21.969999313354492,22.3700008392334,21.905000686645508,22.2549991607666,77201,0.0,0.0
2023-02-02 12:30:00-05:00,22.239999771118164,22.579999923706055,22.239999771118164,22.51849937438965,25533,0.0,0.0
2023-02-02 13:30:00-05:00,22.540000915527344,22.690000534057617,22.40999984741211,22.545000076293945,46875,0.0,0.0
2023-02-02 14:30:00-05:00,22.55500030517578,22.690000534057617,22.479999542236328,22.6200008392334,77111,0.0,0.0
2023-02-02 15:30:00-05:00,22.639999389648438,22.93000030517578,22.610000610351562,22.920000076293945,86854,0.0,0.0
2023-02-03 09:30:00-05:00,22.770000457763672,23.020000457763672,22.6200008392334,22.829999923706055,12406,0.0,0.0
2023-02-03 10:30:00-05:00,22.860000610351562,23.1299991607666,22.860000610351562,23.09000015258789,15869,0.0,0.0
2023-02-03 11:30:00-05:00,23.09000015258789,23.399999618530273,22.979999542236328,23.399999618530273,18492,0.0,0.0
2023-02-03 12:30:00-05:00,23.360000610351562,23.469999313354492,23.280000686645508,23.3700008392334,23579,0.0,0.0
2023-02-03 13:30:00-05:00,23.399999618530273,23.420000076293945,23.229999542236328,23.229999542236328,17184,0.0,0.0
2023-02-03 14:30:00-05:00,23.239999771118164,23.329999923706055,23.209999084472656,23.31999969482422,12463,0.0,0.0
2023-02-03 15:30:00-05:00,23.31999969482422,23.43000030517578,23.219999313354492,23.389999389648438,46351,0.0,0.0
2023-02-06 09:30:00-05:00,23.25,23.5,23.145000457763672,23.145000457763672,6638,0.0,0.0
2023-02-06 10:30:00-05:00,23.1299991607666,23.3700008392334,23.1299991607666,23.219999313354492,7359,0.0,0.0
2023-02-06 11:30:00-05:00,23.18000030517578,23.239700317382812,22.8799991607666,22.93000030517578,8966,0.0,0.0
2023-02-06 12:30:00-05:00,23.0049991607666,23.059999465942383,22.90999984741211,23.045000076293945,7751,0.0,0.0
2023-02-06 13:30:00-05:00,23.059999465942383,23.280000686645508,23.049999237060547,23.239999771118164,12953,0.0,0.0
2023-02-06 14:30:00-05:00,23.2450008392334,23.25,23.030000686645508,23.059999465942383,10394,0.0,0.0
2023-02-06 15:30:00-05:00,23.059999465942383,23.219999313354492,23.059999465942383,23.170000076293945,17715,0.0,0.0
2023-02-07 09:30:00-05:00,23.020000457763672,23.31999969482422,22.639999389648438,22.760000228881836,9107,0.0,0.0
2023-02-07 10:30:00-05:00,22.709999084472656,22.940000534057617,22.709999084472656,22.920000076293945,6026,0.0,0.0
2023-02-07 11:30:00-05:00,22.889999389648438,23.079999923706055,22.889999389648438,23.030000686645508,8195,0.0,0.0
2023-02-07 12:30:00-05:00,23.010000228881836,23.489999771118164,23.010000228881836,23.360000610351562,15476,0.0,0.0
2023-02-07 13:30:00-05:00,23.329999923706055,23.5,23.170000076293945,23.469999313354492,10614,0.0,0.0
2023-02-07 14:30:00-05:00,23.469999313354492,23.709999084472656,23.469999313354492,23.709999084472656,19876,0.0,0.0
2023-02-07 15:30:00-05:00,23.684999465942383,23.790000915527344,23.649999618530273,23.690000534057617,24257,0.0,0.0
2023-02-08 09:30:00-05:00,23.469999313354492,23.639999389648438,22.93000030517578,23.469999313354492,8142,0.0,0.0
2023-02-08 10:30:00-05:00,23.459999084472656,23.489999771118164,23.290000915527344,23.489999771118164,14317,0.0,0.0
2023-02-08 11:30:00-05:00,23.450000762939453,23.46500015258789,23.34000015258789,23.434999465942383,13195,0.0,0.0
2023-02-08 12:30:00-05:00,23.420000076293945,23.5049991607666,23.389999389648438,23.489999771118164,12825,0.0,0.0
2023-02-08 13:30:00-05:00,23.510000228881836,23.559999465942383,23.09000015258789,23.09000015258789,13284,0.0,0.0
2023-02-08 14:30:00-05:00,23.1200008392334,23.139999389648438,22.969999313354492,23.09000015258789,15505,0.0,0.0
2023-02-08 15:30:00-05:00,23.100000381469727,23.139999389648438,22.940000534057617,22.979999542236328,38255,0.0,0.0
2023-02-09 09:30:00-05:00,23.229999542236328,23.719999313354492,23.190000534057617,23.190000534057617,5999,0.0,0.0
2023-02-09 10:30:00-05:00,23.170000076293945,23.264999389648438,23.15999984741211,23.190000534057617,6355,0.0,0.0
2023-02-09 11:30:00-05:00,23.19499969482422,23.19499969482422,22.8700008392334,22.959999084472656,8094,0.0,0.0
2023-02-09 12:30:00-05:00,22.850000381469727,22.875,22.719999313354492,22.780000686645508,10073,0.0,0.0
2023-02-09 13:30:00-05:00,22.75,22.75,22.59000015258789,22.600000381469727,7839,0.0,0.0
2023-02-09 14:30:00-05:00,22.579999923706055,22.690000534057617,22.510400772094727,22.6200008392334,11928,0.0,0.0
2023-02-09 15:30:00-05:00,22.600000381469727,22.700000762939453,22.59000015258789,22.610000610351562,23948,0.0,0.0
2023-02-10 09:30:00-05:00,22.5,22.790000915527344,22.450000762939453,22.510000228881836,12242,0.0,0.0
2023-02-10 10:30:00-05:00,22.459999084472656,22.59000015258789,22.450000762939453,22.59000015258789,3681,0.0,0.0
2023-02-10 11:30:00-05:00,22.639999389648438,22.65999984741211,22.5049991607666,22.549999237060547,7404,0.0,0.0
2023-02-10 12:30:00-05:00,22.559999465942383,22.639999389648438,22.559999465942383,22.579999923706055,10626,0.0,0.0
2023-02-10 13:30:00-05:00,22.575000762939453,22.610000610351562,22.549999237060547,22.579999923706055,5772,0.0,0.0
2023-02-10 14:30:00-05:00,22.56999969482422,22.579999923706055,22.530000686645508,22.549999237060547,4854,0.0,0.0
2023-02-10 15:30:00-05:00,22.559999465942383,22.6299991607666,22.53499984741211,22.600000381469727,14773,0.0,0.0
2023-02-13 09:30:00-05:00,22.700000762939453,22.94499969482422,22.450000762939453,22.94499969482422,8804,0.0,0.0
2023-02-13 10:30:00-05:00,22.954999923706055,23.100000381469727,22.850000381469727,22.93000030517578,8388,0.0,0.0
2023-02-13 11:30:00-05:00,22.850000381469727,22.950000762939453,22.84000015258789,22.8700008392334,6087,0.0,0.0
2023-02-13 12:30:00-05:00,22.865699768066406,22.950000762939453,22.865699768066406,22.950000762939453,6902,0.0,0.0
2023-02-13 13:30:00-05:00,22.989999771118164,23.06999969482422,22.950000762939453,23.040000915527344,6732,0.0,0.0
2023-02-13 14:30:00-05:00,23.030000686645508,23.030000686645508,22.8799991607666,22.889999389648438,8477,0.0,0.0
2023-02-13 15:30:00-05:00,22.860000610351562,22.899999618530273,22.700000762939453,22.770000457763672,37744,0.0,0.0
2023-02-14 09:30:00-05:00,22.610000610351562,23.1200008392334,22.479999542236328,22.65999984741211,15781,0.0,0.0
2023-02-14 10:30:00-05:00,22.559999465942383,22.56999969482422,22.31999969482422,22.34000015258789,8789,0.0,0.0
2023-02-14 11:30:00-05:00,22.3799991607666,22.3799991607666,22.18000030517578,22.360000610351562,8929,0.0,0.0
2023-02-14 12:30:00-05:00,22.350000381469727,22.440000534057617,22.329999923706055,22.420000076293945,4252,0.0,0.0
2023-02-14 13:30:00-05:00,22.389999389648438,22.40999984741211,22.270000457763672,22.290000915527344,7387,0.0,0.0
2023-02-14 14:30:00-05:00,22.280000686645508,22.3799991607666,22.280000686645508,22.34000015258789,7419,0.0,0.0
2023-02-14 15:30:00-05:00,22.344999313354492,22.43000030517578,22.204999923706055,22.239999771118164,36536,0.0,0.0
2023-02-15 09:30:00-05:00,22.010000228881836,22.40999984741211,21.780000686645508,22.389999389648438,11201,0.0,0.0
2023-02-15 10:30:00-05:00,22.450000762939453,22.559999465942383,22.450000762939453,22.559999465942383,7731,0.0,0.0
2023-02-15 11:30:00-05:00,22.559999465942383,22.559999465942383,22.329999923706055,22.329999923706055,5781,0.0,0.0
2023-02-15 12:30:00-05:00,22.270000457763672,22.459999084472656,22.270000457763672,22.459999084472656,6489,0.0,0.0
2023-02-15 13:30:00-05:00,22.469999313354492,22.59000015258789,22.469999313354492,22.520000457763672,6629,0.0,0.0
2023-02-15 14:30:00-05:00,22.530000686645508,22.6200008392334,22.510000228881836,22.59000015258789,8769,0.0,0.0
2023-02-15 15:30:00-05:00,22.600000381469727,22.700000762939453,22.56999969482422,22.649999618530273,22338,0.0,0.0
2023-02-16 09:30:00-05:00,22.309999465942383,22.71500015258789,21.815000534057617,22.0,14640,0.0,0.0
2023-02-16 10:30:00-05:00,22.094999313354492,22.1299991607666,21.93000030517578,22.0049991607666,21867,0.0,0.0
2023-02-16 11:30:00-05:00,22.010000228881836,22.079999923706055,21.969999313354492,21.979999542236328,17727,0.0,0.0
2023-02-16 12:30:00-05:00,22.020000457763672,22.299999237060547,22.020000457763672,22.149999618530273,15170,0.0,0.0
2023-02-16 13:30:00-05:00,22.114999771118164,22.270000457763672,22.079999923706055,22.174999237060547,16495,0.0,0.0
2023-02-16 14:30:00-05:00,22.139999389648438,22.174999237060547,21.809999465942383,21.809999465942383,43353,0.0,0.0
2023-02-16 15:30:00-05:00,21.790000915527344,21.790000915527344,21.639999389648438,21.729999542236328,43780,0.0,0.0
2023-02-17 09:30:00-05:00,21.889999389648438,22.5,21.56999969482422,22.30500030517578,30126,0.0,0.0
2023-02-17 10:30:00-05:00,22.229999542236328,22.4950008392334,22.170000076293945,22.350000381469727,43258,0.0,0.0
2023-02-17 11:30:00-05:00,22.354999542236328,22.670000076293945,22.295000076293945,22.600000381469727,27631,0.0,0.0
2023-02-17 12:30:00-05:00,22.59000015258789,22.719999313354492,22.59000015258789,22.610000610351562,21719,0.0,0.0
2023-02-17 13:30:00-05:00,22.614999771118164,22.71500015258789,22.469999313354492,22.670000076293945,23518,0.0,0.0
2023-02-17 14:30:00-05:00,22.69499969482422,22.924999237060547,22.68000030517578,22.729999542236328,18877,0.0,0.0
2023-02-17 15:30:00-05:00,22.719999313354492,22.84000015258789,22.709999084472656,22.7549991607666,35728,0.0,0.0
2023-02-21 09:30:00-05:00,22.579999923706055,22.90999984741211,22.290000915527344,22.540000915527344,8206,0.0,0.0
2023-02-21 10:30:00-05:00,22.520000457763672,22.520000457763672,22.219999313354492,22.264999389648438,12162,0.0,0.0
2023-02-21 11:30:00-05:00,22.200000762939453,22.219999313354492,22.06999969482422,22.139999389648438,8503,0.0,0.0
2023-02-21 12:30:00-05:00,22.100000381469727,22.155000686645508,21.969999313354492,22.049999237060547,16197,0.0,0.0
2023-02-21 13:30:00-05:00,22.049999237060547,22.059999465942383,21.90999984741211,21.959999084472656,8418,0.0,0.0
2023-02-21 14:30:00-05:00,21.979999542236328,22.100000381469727,21.969999313354492,22.040000915527344,6947,0.0,0.0
2023-02-21 15:30:00-05:00,22.049999237060547,22.204999923706055,22.030000686645508,22.110000610351562,30003,0.0,0.0
2023-02-22 09:30:00-05:00,22.1299991607666,22.65999984741211,22.1299991607666,22.329999923706055,28902,0.0,0.0
2023-02-22 10:30:00-05:00,22.325000762939453,22.3799991607666,22.170000076293945,22.204999923706055,13971,0.0,0.0
2023-02-22 11:30:00-05:00,22.219999313354492,22.239999771118164,22.100000381469727,22.1299991607666,9080,0.0,0.0
2023-02-22 12:30:00-05:00,22.1299991607666,22.184999465942383,22.079999923706055,22.1299991607666,8095,0.0,0.0
2023-02-22 13:30:00-05:00,22.139999389648438,22.15999984741211,22.059999465942383,22.06999969482422,10632,0.0,0.0
2023-02-22 14:30:00-05:00,22.020000457763672,22.040000915527344,21.959999084472656,22.040000915527344,20321,0.0,0.0
2023-02-22 15:30:00-05:00,22.040000915527344,22.204999923706055,22.040000915527344,22.135000228881836,42942,0.0,0.0
2023-02-23 09:30:00-05:00,22.139999389648438,22.59670066833496,22.139999389648438,22.489999771118164,14265,0.0,0.0
2023-02-23 10:30:00-05:00,22.489999771118164,22.5,22.389999389648438,22.399999618530273,16340,0.0,0.0
2023-02-23 11:30:00-05:00,22.415000915527344,22.415000915527344,22.049999237060547,22.100000381469727,19106,0.0,0.0
2023-02-23 12:30:00-05:00,22.100000381469727,22.34000015258789,22.100000381469727,22.34000015258789,10021,0.0,0.0
2023-02-23 13:30:00-05:00,22.350000381469727,22.5,22.239999771118164,22.5,17169,0.0,0.0
2023-02-23 14:30:00-05:00,22.489999771118164,22.655000686645508,22.489999771118164,22.579999923706055,10629,0.0,0.0
2023-02-23 15:30:00-05:00,22.600000381469727,22.610000610351562,22.450000762939453,22.524999618530273,22546,0.0,0.0
2023-02-24 09:30:00-05:00,22.219999313354492,22.600000381469727,22.200000762939453,22.299999237060547,8294,0.0,0.0
2023-02-24 10:30:00-05:00,22.260000228881836,22.3799991607666,22.149999618530273,22.360000610351562,8845,0.0,0.0
2023-02-24 11:30:00-05:00,22.389999389648438,22.399999618530273,22.209999084472656,22.290000915527344,9350,0.0,0.0
2023-02-24 12:30:00-05:00,22.329999923706055,22.440000534057617,22.299999237060547,22.30500030517578,12158,0.0,0.0
2023-02-24 13:30:00-05:00,22.290000915527344,22.350000381469727,22.21500015258789,22.31999969482422,10008,0.0,0.0
2023-02-24 14:30:00-05:00,22.309999465942383,22.309999465942383,22.100000381469727,22.1299991607666,11667,0.0,0.0
2023-02-24 15:30:00-05:00,22.114999771118164,22.200000762939453,22.09000015258789,22.170000076293945,23049,0.0,0.0
2023-02-27 09:30:00-05:00,22.34000015258789,22.65999984741211,21.809999465942383,22.655000686645508,12570,0.0,0.0
2023-02-27 10:30:00-05:00,22.59000015258789,22.59000015258789,22.329999923706055,22.34000015258789,14111,0.0,0.0
2023-02-27 11:30:00-05:00,22.309999465942383,22.389999389648438,22.260000228881836,22.280000686645508,6710,0.0,0.0
2023-02-27 12:30:00-05:00,22.290000915527344,22.34000015258789,22.190000534057617,22.25,27302,0.0,0.0
2023-02-27 13:30:00-05:00,22.290000915527344,22.34000015258789,22.25,22.31999969482422,11850,0.0,0.0
2023-02-27 14:30:00-05:00,22.264999389648438,22.5,22.25,22.5,20082,0.0,0.0
2023-02-27 15:30:00-05:00,22.485000610351562,22.520000457763672,22.309999465942383,22.459999084472656,37948,0.0,0.0
2023-02-28 09:30:00-05:00,23.540000915527344,24.809999465942383,22.760000228881836,24.520000457763672,52141,0.0,0.0
2023-02-28 10:30:00-05:00,24.530000686645508,24.739999771118164,24.350000381469727,24.53499984741211,30242,0.0,0.0
2023-02-28 11:30:00-05:00,24.549999237060547,24.674999237060547,24.209999084472656,24.530000686645508,61263,0.0,0.0
2023-02-28 12:30:00-05:00,24.549999237060547,24.600000381469727,24.280000686645508,24.5,25287,0.0,0.0
2023-02-28 13:30:00-05:00,24.485000610351562,24.485000610351562,24.25,24.25,17129,0.0,0.0
2023-02-28 14:30:00-05:00,24.209999084472656,24.209999084472656,23.829999923706055,23.969999313354492,33598,0.0,0.0
2023-02-28 15:30:00-05:00,23.979999542236328,24.299999237060547,23.905000686645508,24.100000381469727,72323,0.0,0.0
2023-03-01 09:30:00-05:00,24.09000015258789,24.510000228881836,23.389999389648438,24.459999084472656,20457,0.0,0.0
2023-03-01 10:30:00-05:00,24.520000457763672,24.520000457763672,24.1200008392334,24.149999618530273,18764,0.0,0.0
2023-03-01 11:30:00-05:00,24.155000686645508,24.43000030517578,24.155000686645508,24.43000030517578,9892,0.0,0.0
2023-03-01 12:30:00-05:00,24.424999237060547,24.540000915527344,24.40999984741211,24.540000915527344,11468,0.0,0.0
2023-03-01 13:30:00-05:00,24.530000686645508,24.8700008392334,24.434999465942383,24.84000015258789,40138,0.0,0.0
2023-03-01 14:30:00-05:00,24.850000381469727,24.899999618530273,24.709999084472656,24.825000762939453,22773,0.0,0.0
2023-03-01 15:30:00-05:00,24.825000762939453,24.8700008392334,24.709999084472656,24.860000610351562,34993,0.0,0.0
2023-03-02 09:30:00-05:00,24.670000076293945,24.84000015258789,24.559999465942383,24.75,8486,0.0,0.0
2023-03-02 10:30:00-05:00,24.680099487304688,24.920000076293945,24.639999389648438,24.84000015258789,14472,0.0,0.0
2023-03-02 11:30:00-05:00,24.860000610351562,24.905000686645508,24.81999969482422,24.829999923706055,3898,0.0,0.0
2023-03-02 12:30:00-05:00,24.829999923706055,24.860000610351562,24.450000762939453,24.450000762939453,9785,0.0,0.0
2023-03-02 13:30:00-05:00,24.43000030517578,24.729999542236328,24.420000076293945,24.68000030517578,12871,0.0,0.0
2023-03-02 14:30:00-05:00,24.700000762939453,24.760000228881836,24.415000915527344,24.469999313354492,15352,0.0,0.0
2023-03-02 15:30:00-05:00,24.479999542236328,24.59000015258789,24.469999313354492,24.489999771118164,25102,0.0,0.0
2023-03-03 09:30:00-05:00,24.450000762939453,24.459999084472656,23.969999313354492,23.969999313354492,13764,0.0,0.0
2023-03-03 10:30:00-05:00,23.93000030517578,24.030000686645508,23.760000228881836,23.940000534057617,17477,0.0,0.0
2023-03-03 11:30:00-05:00,23.959999084472656,24.170000076293945,23.959999084472656,24.149999618530273,5406,0.0,0.0
2023-03-03 12:30:00-05:00,24.149999618530273,24.209999084472656,24.149999618530273,24.190000534057617,3265,0.0,0.0
2023-03-03 13:30:00-05:00,24.190000534057617,24.26110076904297,24.18000030517578,24.2450008392334,5616,0.0,0.0
2023-03-03 14:30:00-05:00,24.2450008392334,24.3799991607666,24.200000762939453,24.354999542236328,11651,0.0,0.0
2023-03-03 15:30:00-05:00,24.3700008392334,24.459999084472656,24.299999237060547,24.44499969482422,27920,0.0,0.0
2023-03-06 09:30:00-05:00,24.459999084472656,24.725000381469727,24.28499984741211,24.44499969482422,14242,0.0,0.0
2023-03-06 10:30:00-05:00,24.44499969482422,24.469999313354492,24.010000228881836,24.010000228881836,27191,0.0,0.0
2023-03-06 11:30:00-05:00,24.010000228881836,24.1299991607666,23.889999389648438,24.09000015258789,12446,0.0,0.0
2023-03-06 12:30:00-05:00,24.059999465942383,24.100000381469727,24.049999237060547,24.06999969482422,9727,0.0,0.0
2023-03-06 13:30:00-05:00,24.049999237060547,24.139999389648438,23.9950008392334,24.06999969482422,18909,0.0,0.0
2023-03-06 14:30:00-05:00,24.100000381469727,24.229999542236328,24.09000015258789,24.18000030517578,28669,0.0,0.0
2023-03-06 15:30:00-05:00,24.1299991607666,24.18899917602539,24.049999237060547,24.15999984741211,50997,0.0,0.0
2023-03-07 09:30:00-05:00,24.09000015258789,24.135000228881836,23.860000610351562,23.8799991607666,11930,0.0,0.0
2023-03-07 10:30:00-05:00,23.760000228881836,23.850000381469727,23.670000076293945,23.709999084472656,11628,0.0,0.0
2023-03-07 11:30:00-05:00,23.709999084472656,23.760000228881836,23.479999542236328,23.674999237060547,18133,0.0,0.0
2023-03-07 12:30:00-05:00,23.684999465942383,23.735000610351562,23.520000457763672,23.549999237060547,8745,0.0,0.0
2023-03-07 13:30:00-05:00,23.5049991607666,23.514999389648438,23.350000381469727,23.489999771118164,8828,0.0,0.0
2023-03-07 14:30:00-05:00,23.489999771118164,23.59000015258789,23.469999313354492,23.549999237060547,10009,0.0,0.0
2023-03-07 15:30:00-05:00,23.579999923706055,23.780000686645508,23.579999923706055,23.709999084472656,65980,0.0,0.0
2023-03-08 09:30:00-05:00,23.84000015258789,23.989900588989258,23.6299991607666,23.809999465942383,12592,0.0,0.0
2023-03-08 10:30:00-05:00,23.84000015258789,23.8700008392334,23.415000915527344,23.43000030517578,11882,0.0,0.0
2023-03-08 11:30:00-05:00,23.40999984741211,23.53499984741211,23.19499969482422,23.25,11257,0.0,0.0
2023-03-08 12:30:00-05:00,23.260000228881836,23.280000686645508,23.209999084472656,23.239999771118164,6954,0.0,0.0
2023-03-08 13:30:00-05:00,23.229999542236328,23.280000686645508,23.219999313354492,23.25,10212,0.0,0.0
2023-03-08 14:30:00-05:00,23.260000228881836,23.290000915527344,23.15999984741211,23.21500015258789,10649,0.0,0.0
2023-03-08 15:30:00-05:00,23.239999771118164,23.3799991607666,23.239999771118164,23.329999923706055,34723,0.0,0.0
2023-03-09 09:30:00-05:00,23.329999923706055,23.344999313354492,23.059999465942383,23.200000762939453,13166,0.0,0.0
2023-03-09 10:30:00-05:00,23.229999542236328,23.454999923706055,23.18000030517578,23.350000381469727,12732,0.0,0.0
2023-03-09 11:30:00-05:00,23.299999237060547,23.325000762939453,23.200000762939453,23.2549991607666,7252,0.0,0.0
2023-03-09 12:30:00-05:00,23.239999771118164,23.420000076293945,23.200000762939453,23.31999969482422,13876,0.0,0.0
2023-03-09 13:30:00-05:00,23.280000686645508,23.360000610351562,23.190000534057617,23.309999465942383,14233,0.0,0.0
2023-03-09 14:30:00-05:00,23.280000686645508,23.280000686645508,23.1299991607666,23.200000762939453,38591,0.0,0.0
2023-03-09 15:30:00-05:00,23.200000762939453,23.239999771118164,23.1200008392334,23.190000534057617,63975,0.0,0.0
2023-03-10 09:30:00-05:00,23.0,23.100000381469727,22.489999771118164,22.69499969482422,11312,0.0,0.0
2023-03-10 10:30:00-05:00,22.69499969482422,22.855100631713867,22.65999984741211,22.855100631713867,13166,0.0,0.0
2023-03-10 11:30:00-05:00,22.825000762939453,22.8700008392334,22.68000030517578,22.68000030517578,8488,0.0,0.0
2023-03-10 12:30:00-05:00,22.719999313354492,22.850000381469727,22.299999237060547,22.299999237060547,9585,0.0,0.0
2023-03-10 13:30:00-05:00,22.2450008392334,22.3700008392334,22.079999923706055,22.260000228881836,13544,0.0,0.0
2023-03-10 14:30:00-05:00,22.309999465942383,22.479999542236328,22.155000686645508,22.18000030517578,10810,0.0,0.0
2023-03-10 15:30:00-05:00,22.18000030517578,22.3700008392334,22.1200008392334,22.350000381469727,24725,0.0,0.0
2023-03-13 09:30:00-04:00,21.889999389648438,22.209999084472656,21.450000762939453,21.489999771118164,13498,0.0,0.0
2023-03-13 10:30:00-04:00,21.475000381469727,21.8700008392334,21.475000381469727,21.8700008392334,9421,0.0,0.0
2023-03-13 11:30:00-04:00,21.75,21.75,21.489999771118164,21.489999771118164,7782,0.0,0.0
2023-03-13 12:30:00-04:00,21.479999542236328,21.540000915527344,21.31999969482422,21.329999923706055,15602,0.0,0.0
2023-03-13 13:30:00-04:00,21.3799991607666,21.55500030517578,21.3700008392334,21.510000228881836,9085,0.0,0.0
2023-03-13 14:30:00-04:00,21.520000457763672,21.600000381469727,21.3700008392334,21.43000030517578,15848,0.0,0.0
2023-03-13 15:30:00-04:00,21.434999465942383,21.459999084472656,21.270000457763672,21.329999923706055,22129,0.0,0.0
2023-03-14 09:30:00-04:00,22.0,22.170000076293945,21.799999237060547,22.1299991607666,14348,0.0,0.0
2023-03-14 10:30:00-04:00,22.100000381469727,22.209999084472656,22.030000686645508,22.149999618530273,12971,0.0,0.0
2023-03-14 11:30:00-04:00,22.170000076293945,22.260000228881836,22.084999084472656,22.200000762939453,13848,0.0,0.0
2023-03-14 12:30:00-04:00,22.145000457763672,22.170000076293945,21.81999969482422,21.829999923706055,10759,0.0,0.0
2023-03-14 13:30:00-04:00,21.799999237060547,21.81999969482422,21.65999984741211,21.81999969482422,9091,0.0,0.0
2023-03-14 14:30:00-04:00,21.780000686645508,21.8700008392334,21.69499969482422,21.69499969482422,13284,0.0,0.0
2023-03-14 15:30:00-04:00,21.709999084472656,21.809999465942383,21.639999389648438,21.799999237060547,41747,0.0,0.0
2023-03-15 09:30:00-04:00,21.260000228881836,21.399999618530273,20.799999237060547,21.079999923706055,22403,0.0,0.0
2023-03-15 10:30:00-04:00,21.079999923706055,21.079999923706055,20.860000610351562,21.03499984741211,8797,0.0,0.0
2023-03-15 11:30:00-04:00,20.979999542236328,20.979999542236328,20.700000762939453,20.780000686645508,13863,0.0,0.0
2023-03-15 12:30:00-04:00,20.78499984741211,20.790000915527344,20.65999984741211,20.75,16608,0.0,0.0
2023-03-15 13:30:00-04:00,20.719999313354492,21.010000228881836,20.6200008392334,21.010000228881836,18205,0.0,0.0
2023-03-15 14:30:00-04:00,20.94499969482422,21.170000076293945,20.8700008392334,21.149999618530273,24203,0.0,0.0
2023-03-15 15:30:00-04:00,21.145000457763672,21.510000228881836,21.139999389648438,21.5,82035,0.0,0.0
2023-03-16 09:30:00-04:00,21.190000534057617,21.280000686645508,20.899999618530273,21.0,14708,0.0,0.0
2023-03-16 10:30:00-04:00,21.020000457763672,21.690000534057617,21.010000228881836,21.56999969482422,18468,0.0,0.0
2023-03-16 11:30:00-04:00,21.579999923706055,21.709999084472656,21.489999771118164,21.579999923706055,17995,0.0,0.0
2023-03-16 12:30:00-04:00,21.59000015258789,22.05500030517578,21.559999465942383,21.829999923706055,17665,0.0,0.0
2023-03-16 13:30:00-04:00,21.829999923706055,21.860000610351562,21.65999984741211,21.65999984741211,13428,0.0,0.0
2023-03-16 14:30:00-04:00,21.68000030517578,21.780000686645508,21.6200008392334,21.725000381469727,15131,0.0,0.0
2023-03-16 15:30:00-04:00,21.690000534057617,21.815000534057617,21.6200008392334,21.690000534057617,40827,0.0,0.0
2023-03-17 09:30:00-04:00,21.3799991607666,21.3799991607666,20.6200008392334,20.690000534057617,73536,0.0,0.0
2023-03-17 10:30:00-04:00,20.809999465942383,21.020000457763672,20.719999313354492,20.719999313354492,21001,0.0,0.0
2023-03-17 11:30:00-04:00,20.735000610351562,20.809999465942383,20.6299991607666,20.799999237060547,16136,0.0,0.0
2023-03-17 12:30:00-04:00,20.799999237060547,20.850000381469727,20.389999389648438,20.459999084472656,15104,0.0,0.0
2023-03-17 13:30:00-04:00,20.489999771118164,20.604999542236328,20.239999771118164,20.264999389648438,16926,0.0,0.0
2023-03-17 14:30:00-04:00,20.25,20.415000915527344,20.25,20.385000228881836,27787,0.0,0.0
2023-03-17 15:30:00-04:00,20.3700008392334,20.469999313354492,20.149999618530273,20.40999984741211,63513,0.0,0.0
2023-03-20 09:30:00-04:00,20.649999618530273,21.0,20.549999237060547,21.0,14579,0.0,0.0
2023-03-20 10:30:00-04:00,21.06999969482422,21.18000030517578,20.93000030517578,21.034500122070312,15130,0.0,0.0
2023-03-20 11:30:00-04:00,21.010000228881836,21.059999465942383,20.649999618530273,20.739999771118164,17488,0.0,0.0
2023-03-20 12:30:00-04:00,20.719999313354492,20.969999313354492,20.719999313354492,20.8799991607666,11899,0.0,0.0
2023-03-20 13:30:00-04:00,20.875,20.934999465942383,20.735000610351562,20.850000381469727,20086,0.0,0.0
2023-03-20 14:30:00-04:00,20.829999923706055,20.90999984741211,20.7549991607666,20.865999221801758,18187,0.0,0.0
2023-03-20 15:30:00-04:00,20.860000610351562,20.905000686645508,20.700000762939453,20.709999084472656,35345,0.0,0.0
2023-03-21 09:30:00-04:00,21.100000381469727,21.719999313354492,21.100000381469727,21.5,16016,0.0,0.0
2023-03-21 10:30:00-04:00,21.530000686645508,21.6299991607666,21.329999923706055,21.420000076293945,14861,0.0,0.0
2023-03-21 11:30:00-04:00,21.399999618530273,21.40999984741211,21.280000686645508,21.280000686645508,9649,0.0,0.0
2023-03-21 12:30:00-04:00,21.219999313354492,21.3799991607666,21.219999313354492,21.34000015258789,12353,0.0,0.0
2023-03-21 13:30:00-04:00,21.350000381469727,21.399999618530273,21.239999771118164,21.329999923706055,8669,0.0,0.0
2023-03-21 14:30:00-04:00,21.309999465942383,21.34000015258789,21.219999313354492,21.229999542236328,14039,0.0,0.0
2023-03-21 15:30:00-04:00,21.260000228881836,21.28499984741211,21.18000030517578,21.200000762939453,18301,0.0,0.0
2023-03-22 09:30:00-04:00,21.09000015258789,21.239999771118164,20.989999771118164,21.110000610351562,8336,0.0,0.0
2023-03-22 10:30:00-04:00,21.079999923706055,21.18000030517578,21.045000076293945,21.049999237060547,51586,0.0,0.0
2023-03-22 11:30:00-04:00,21.049999237060547,21.1200008392334,21.049999237060547,21.049999237060547,12115,0.0,0.0
2023-03-22 12:30:00-04:00,21.049999237060547,21.139999389648438,21.030000686645508,21.1200008392334,10454,0.0,0.0
2023-03-22 13:30:00-04:00,21.1299991607666,21.3799991607666,21.06999969482422,21.09000015258789,11873,0.0,0.0
2023-03-22 14:30:00-04:00,21.110000610351562,21.200000762939453,20.81999969482422,20.93000030517578,25706,0.0,0.0
2023-03-22 15:30:00-04:00,20.979999542236328,20.989999771118164,20.6200008392334,20.6200008392334,20246,0.0,0.0
2023-03-23 09:30:00-04:00,20.639999389648438,21.0,20.5,20.940000534057617,19890,0.0,0.0
2023-03-23 10:30:00-04:00,20.940000534057617,21.06999969482422,20.8700008392334,21.040000915527344,20942,0.0,0.0
2023-03-23 11:30:00-04:00,21.0,21.03499984741211,20.6299991607666,20.719999313354492,15225,0.0,0.0
2023-03-23 12:30:00-04:00,20.700000762939453,20.729999542236328,20.56999969482422,20.610000610351562,15692,0.0,0.0
2023-03-23 13:30:00-04:00,20.59000015258789,20.665000915527344,20.399999618530273,20.40999984741211,24129,0.0,0.0
2023-03-23 14:30:00-04:00,20.43000030517578,20.709999084472656,20.3700008392334,20.440000534057617,27069,0.0,0.0
2023-03-23 15:30:00-04:00,20.440000534057617,20.559999465942383,20.3700008392334,20.3799991607666,36983,0.0,0.0
2023-03-24 09:30:00-04:00,20.209999084472656,20.885000228881836,19.969999313354492,20.229999542236328,17098,0.0,0.0
2023-03-24 10:30:00-04:00,20.288400650024414,20.31999969482422,20.049999237060547,20.174999237060547,11094,0.0,0.0
2023-03-24 11:30:00-04:00,20.209999084472656,20.59000015258789,20.190000534057617,20.584999084472656,13967,0.0,0.0
2023-03-24 12:30:00-04:00,20.600000381469727,20.719999313354492,20.579999923706055,20.65999984741211,13866,0.0,0.0
2023-03-24 13:30:00-04:00,20.649999618530273,20.739999771118164,20.59000015258789,20.690000534057617,14611,0.0,0.0
2023-03-24 14:30:00-04:00,20.690000534057617,20.739999771118164,20.559999465942383,20.719999313354492,15834,0.0,0.0
2023-03-24 15:30:00-04:00,20.719999313354492,20.739999771118164,20.559999465942383,20.709999084472656,24354,0.0,0.0
2023-03-27 09:30:00-04:00,20.979999542236328,21.0,20.760000228881836,20.84000015258789,14354,0.0,0.0
2023-03-27 10:30:00-04:00,20.690000534057617,20.850000381469727,20.690000534057617,20.81999969482422,8802,0.0,0.0
2023-03-27 11:30:00-04:00,20.809999465942383,20.899999618530273,20.780000686645508,20.850000381469727,9339,0.0,0.0
2023-03-27 12:30:00-04:00,20.860000610351562,20.979999542236328,20.860000610351562,20.920000076293945,10187,0.0,0.0
2023-03-27 13:30:00-04:00,20.920000076293945,20.969999313354492,20.799999237060547,20.8700008392334,10197,0.0,0.0
2023-03-27 14:30:00-04:00,20.8700008392334,20.8700008392334,20.799999237060547,20.81999969482422,11230,0.0,0.0
2023-03-27 15:30:00-04:00,20.809999465942383,20.889999389648438,20.690000534057617,20.719999313354492,26448,0.0,0.0
2023-03-28 09:30:00-04:00,20.579999923706055,20.739999771118164,20.579999923706055,20.690000534057617,15078,0.0,0.0
2023-03-28 10:30:00-04:00,20.700000762939453,20.700000762939453,20.59000015258789,20.6299991607666,12804,0.0,0.0
2023-03-28 11:30:00-04:00,20.600000381469727,20.662500381469727,20.59000015258789,20.649999618530273,15802,0.0,0.0
2023-03-28 12:30:00-04:00,20.6200008392334,20.649999618530273,20.514999389648438,20.520000457763672,10770,0.0,0.0
2023-03-28 13:30:00-04:00,20.520000457763672,20.520000457763672,20.440000534057617,20.440000534057617,6665,0.0,0.0
2023-03-28 14:30:00-04:00,20.450000762939453,20.55500030517578,20.450000762939453,20.530000686645508,18611,0.0,0.0
2023-03-28 15:30:00-04:00,20.545000076293945,20.610000610351562,20.459999084472656,20.469999313354492,41849,0.0,0.0
2023-03-29 09:30:00-04:00,20.600000381469727,20.742399215698242,20.334999084472656,20.68000030517578,19503,0.0,0.0
2023-03-29 10:30:00-04:00,20.735000610351562,20.736000061035156,20.530000686645508,20.70560073852539,14355,0.0,0.0
2023-03-29 11:30:00-04:00,20.690000534057617,20.78499984741211,20.65999984741211,20.739999771118164,13231,0.0,0.0
2023-03-29 12:30:00-04:00,20.739999771118164,20.764999389648438,20.7007999420166,20.764999389648438,8753,0.0,0.0
2023-03-29 13:30:00-04:00,20.760000228881836,20.760000228881836,20.600000381469727,20.6200008392334,9389,0.0,0.0
2023-03-29 14:30:00-04:00,20.611299514770508,20.700000762939453,20.600000381469727,20.700000762939453,10727,0.0,0.0
2023-03-29 15:30:00-04:00,20.700000762939453,20.809999465942383,20.68000030517578,20.709999084472656,22190,0.0,0.0
2023-03-30 09:30:00-04:00,20.809999465942383,20.950000762939453,20.739999771118164,20.815000534057617,11400,0.0,0.0
2023-03-30 10:30:00-04:00,20.81999969482422,20.825000762939453,20.520000457763672,20.645000457763672,21987,0.0,0.0
2023-03-30 11:30:00-04:00,20.6299991607666,20.6299991607666,20.510000228881836,20.540000915527344,7714,0.0,0.0
2023-03-30 12:30:00-04:00,20.530000686645508,20.530000686645508,20.440000534057617,20.459999084472656,6567,0.0,0.0
2023-03-30 13:30:00-04:00,20.399999618530273,20.485000610351562,20.3799991607666,20.485000610351562,15833,0.0,0.0
2023-03-30 14:30:00-04:00,20.489999771118164,20.690000534057617,20.489999771118164,20.65999984741211,31844,0.0,0.0
2023-03-30 15:30:00-04:00,20.649999618530273,20.71500015258789,20.6299991607666,20.690000534057617,33522,0.0,0.0
2023-03-31 09:30:00-04:00,20.780000686645508,20.81999969482422,20.6200008392334,20.81999969482422,22688,0.0,0.0
2023-03-31 10:30:00-04:00,20.8700008392334,20.9950008392334,20.8700008392334,20.9950008392334,16534,0.0,0.0
2023-03-31 11:30:00-04:00,20.969999313354492,20.969999313354492,20.65999984741211,20.65999984741211,10211,0.0,0.0
2023-03-31 12:30:00-04:00,20.649999618530273,20.649999618530273,20.520000457763672,20.56999969482422,12940,0.0,0.0
2023-03-31 13:30:00-04:00,20.549999237060547,20.68000030517578,20.549999237060547,20.59000015258789,17867,0.0,0.0
2023-03-31 14:30:00-04:00,20.579999923706055,20.59000015258789,20.530000686645508,20.59000015258789,15266,0.0,0.0
2023-03-31 15:30:00-04:00,20.600000381469727,20.68000030517578,20.56999969482422,20.649999618530273,50925,0.0,0.0
2023-04-03 09:30:00-04:00,20.649999618530273,20.899999618530273,20.19499969482422,20.479999542236328,32402,0.0,0.0
2023-04-03 10:30:00-04:00,20.454999923706055,20.454999923706055,20.1299991607666,20.280000686645508,43198,0.0,0.0
2023-04-03 11:30:00-04:00,20.239999771118164,20.329999923706055,20.229999542236328,20.290000915527344,21276,0.0,0.0
2023-04-03 12:30:00-04:00,20.260000228881836,20.389999389648438,20.25,20.389999389648438,24566,0.0,0.0
2023-04-03 13:30:00-04:00,20.389999389648438,20.450000762939453,20.350000381469727,20.424999237060547,22573,0.0,0.0
2023-04-03 14:30:00-04:00,20.415000915527344,20.440000534057617,20.264999389648438,20.3799991607666,24651,0.0,0.0
2023-04-03 15:30:00-04:00,20.360000610351562,20.389999389648438,20.290000915527344,20.3700008392334,46336,0.0,0.0
2023-04-04 09:30:00-04:00,20.489999771118164,20.56999969482422,20.059999465942383,20.084999084472656,16373,0.0,0.0
2023-04-04 10:30:00-04:00,20.114999771118164,20.114999771118164,19.68000030517578,19.700000762939453,20024,0.0,0.0
2023-04-04 11:30:00-04:00,19.700000762939453,19.700000762939453,19.440000534057617,19.440000534057617,12589,0.0,0.0
2023-04-04 12:30:00-04:00,19.440000534057617,19.450000762939453,19.334999084472656,19.440000534057617,12842,0.0,0.0
2023-04-04 13:30:00-04:00,19.440000534057617,19.479999542236328,19.25,19.290000915527344,45543,0.0,0.0
2023-04-04 14:30:00-04:00,19.24209976196289,19.420000076293945,19.239999771118164,19.370399475097656,33950,0.0,0.0
2023-04-04 15:30:00-04:00,19.360000610351562,19.520000457763672,19.360000610351562,19.5,50321,0.0,0.0
2023-04-05 09:30:00-04:00,19.450000762939453,19.690000534057617,19.3799991607666,19.594999313354492,18027,0.0,0.0
2023-04-05 10:30:00-04:00,19.639999389648438,19.68000030517578,19.5,19.56999969482422,14094,0.0,0.0
2023-04-05 11:30:00-04:00,19.59000015258789,19.610000610351562,19.510000228881836,19.514299392700195,10479,0.0,0.0
2023-04-05 12:30:00-04:00,19.510000228881836,19.729999542236328,19.510000228881836,19.68000030517578,13983,0.0,0.0
2023-04-05 13:30:00-04:00,19.65999984741211,19.739999771118164,19.65999984741211,19.684999465942383,10030,0.0,0.0
2023-04-05 14:30:00-04:00,19.700000762939453,19.75,19.65999984741211,19.690000534057617,17793,0.0,0.0
2023-04-05 15:30:00-04:00,19.709999084472656,19.709999084472656,19.579999923706055,19.610000610351562,35832,0.0,0.0
2023-04-06 09:30:00-04:00,19.75,19.795000076293945,19.55500030517578,19.649999618530273,18855,0.0,0.0
2023-04-06 10:30:00-04:00,19.6200008392334,19.719999313354492,19.579999923706055,19.65999984741211,13155,0.0,0.0
2023-04-06 11:30:00-04:00,19.639999389648438,19.649999618530273,19.610000610351562,19.645000457763672,13783,0.0,0.0
2023-04-06 12:30:00-04:00,19.65999984741211,19.81999969482422,19.6299991607666,19.78499984741211,56935,0.0,0.0
2023-04-06 13:30:00-04:00,19.764999389648438,19.780000686645508,19.59000015258789,19.600000381469727,74571,0.0,0.0
2023-04-06 14:30:00-04:00,19.600000381469727,19.7549991607666,19.540000915527344,19.700000762939453,177493,0.0,0.0
2023-04-06 15:30:00-04:00,19.69499969482422,19.84000015258789,19.65999984741211,19.81999969482422,118097,0.0,0.0
2023-04-10 09:30:00-04:00,19.809999465942383,20.149999618530273,19.809999465942383,20.030000686645508,18241,0.0,0.0
2023-04-10 10:30:00-04:00,20.09000015258789,20.190000534057617,19.989999771118164,19.989999771118164,17501,0.0,0.0
2023-04-10 11:30:00-04:00,19.989999771118164,20.045000076293945,19.885000228881836,19.93000030517578,12653,0.0,0.0
2023-04-10 12:30:00-04:00,19.93000030517578,20.010000228881836,19.93000030517578,20.0,10607,0.0,0.0
2023-04-10 13:30:00-04:00,20.0,20.030000686645508,19.81999969482422,19.84000015258789,20848,0.0,0.0
2023-04-10 14:30:00-04:00,19.84000015258789,19.969999313354492,19.81999969482422,19.950000762939453,19935,0.0,0.0
2023-04-10 15:30:00-04:00,19.959999084472656,19.989999771118164,19.920000076293945,19.959999084472656,31949,0.0,0.0
2023-04-11 09:30:00-04:00,19.950000762939453,20.860000610351562,19.770000457763672,19.790000915527344,23075,0.0,0.0
2023-04-11 10:30:00-04:00,19.799999237060547,19.8799991607666,19.719999313354492,19.75,17163,0.0,0.0
2023-04-11 11:30:00-04:00,19.760000228881836,19.860000610351562,19.75,19.860000610351562,10559,0.0,0.0
2023-04-11 12:30:00-04:00,19.885000228881836,19.885000228881836,19.780000686645508,19.815000534057617,17594,0.0,0.0
2023-04-11 13:30:00-04:00,19.815000534057617,20.059999465942383,19.799999237060547,19.979999542236328,19058,0.0,0.0
2023-04-11 14:30:00-04:00,19.959999084472656,20.049999237060547,19.950000762939453,19.969999313354492,14790,0.0,0.0
2023-04-11 15:30:00-04:00,19.989999771118164,20.0,19.889999389648438,19.899999618530273,27416,0.0,0.0
2023-04-12 09:30:00-04:00,19.989999771118164,20.079999923706055,19.899999618530273,20.049999237060547,18455,0.0,0.0
2023-04-12 10:30:00-04:00,20.042499542236328,20.059999465942383,19.940000534057617,19.9950008392334,25613,0.0,0.0
2023-04-12 11:30:00-04:00,20.020000457763672,20.149999618530273,20.020000457763672,20.040000915527344,8411,0.0,0.0
2023-04-12 12:30:00-04:00,20.020000457763672,20.065000534057617,20.0,20.030000686645508,9602,0.0,0.0
2023-04-12 13:30:00-04:00,20.030000686645508,20.045000076293945,19.8799991607666,19.8799991607666,12760,0.0,0.0
2023-04-12 14:30:00-04:00,19.8799991607666,19.90999984741211,19.799999237060547,19.81999969482422,13939,0.0,0.0
2023-04-12 15:30:00-04:00,19.829999923706055,19.899999618530273,19.799999237060547,19.84000015258789,36788,0.0,0.0
2023-04-13 09:30:00-04:00,19.860000610351562,19.899999618530273,19.59000015258789,19.770000457763672,14143,0.0,0.0
2023-04-13 10:30:00-04:00,19.65999984741211,19.65999984741211,19.479999542236328,19.56999969482422,12517,0.0,0.0
2023-04-13 11:30:00-04:00,19.559999465942383,19.559999465942383,19.440000534057617,19.459999084472656,7243,0.0,0.0
2023-04-13 12:30:00-04:00,19.489999771118164,19.56999969482422,19.44499969482422,19.524999618530273,15413,0.0,0.0
2023-04-13 13:30:00-04:00,19.520000457763672,19.549999237060547,19.459999084472656,19.489999771118164,16855,0.0,0.0
2023-04-13 14:30:00-04:00,19.5,19.809999465942383,19.489999771118164,19.645000457763672,32934,0.0,0.0
2023-04-13 15:30:00-04:00,19.649999618530273,19.649999618530273,19.520000457763672,19.59000015258789,37170,0.0,0.0
2023-04-14 09:30:00-04:00,19.6200008392334,19.709999084472656,19.479999542236328,19.510000228881836,11189,0.0,0.0
2023-04-14 10:30:00-04:00,19.510000228881836,19.559999465942383,19.360000610351562,19.3799991607666,8919,0.0,0.0
2023-04-14 11:30:00-04:00,19.329999923706055,19.415000915527344,19.299999237060547,19.399999618530273,14885,0.0,0.0
2023-04-14 12:30:00-04:00,19.399999618530273,19.440000534057617,19.360000610351562,19.375,8433,0.0,0.0
2023-04-14 13:30:00-04:00,19.360000610351562,19.375,19.229999542236328,19.239999771118164,16238,0.0,0.0
2023-04-14 14:30:00-04:00,19.239999771118164,19.260000228881836,19.190000534057617,19.25,16750,0.0,0.0
2023-04-14 15:30:00-04:00,19.239999771118164,19.239999771118164,19.149999618530273,19.170000076293945,22191,0.0,0.0
2023-04-17 09:30:00-04:00,19.229999542236328,19.229999542236328,18.93000030517578,19.09000015258789,9639,0.0,0.0
2023-04-17 10:30:00-04:00,19.139999389648438,19.190000534057617,19.079999923706055,19.1200008392334,9448,0.0,0.0
2023-04-17 11:30:00-04:00,19.100000381469727,19.145000457763672,19.059999465942383,19.09000015258789,6981,0.0,0.0
2023-04-17 12:30:00-04:00,19.100000381469727,19.100000381469727,18.90999984741211,18.979999542236328,17779,0.0,0.0
2023-04-17 13:30:00-04:00,18.969999313354492,19.110000610351562,18.889999389648438,19.110000610351562,21049,0.0,0.0
2023-04-17 14:30:00-04:00,19.125,19.31999969482422,19.1200008392334,19.299999237060547,18803,0.0,0.0
2023-04-17 15:30:00-04:00,19.299999237060547,19.389999389648438,19.270000457763672,19.389999389648438,18482,0.0,0.0
2023-04-18 09:30:00-04:00,19.260000228881836,19.469999313354492,19.25,19.325000762939453,15106,0.0,0.0
2023-04-18 10:30:00-04:00,19.299999237060547,19.315000534057617,19.229999542236328,19.309999465942383,15081,0.0,0.0
2023-04-18 11:30:00-04:00,19.325000762939453,19.334999084472656,19.200000762939453,19.219999313354492,11331,0.0,0.0
2023-04-18 12:30:00-04:00,19.239999771118164,19.3700008392334,19.229999542236328,19.229999542236328,15452,0.0,0.0
2023-04-18 13:30:00-04:00,19.204999923706055,19.260000228881836,19.187299728393555,19.260000228881836,11088,0.0,0.0
2023-04-18 14:30:00-04:00,19.270000457763672,19.31999969482422,19.219999313354492,19.25,22687,0.0,0.0
2023-04-18 15:30:00-04:00,19.264999389648438,19.28499984741211,19.139999389648438,19.170000076293945,49375,0.0,0.0
2023-04-19 09:30:00-04:00,19.209999084472656,19.459999084472656,19.06999969482422,19.450000762939453,19690,0.0,0.0
2023-04-19 10:30:00-04:00,19.440000534057617,19.5,19.3799991607666,19.469999313354492,14146,0.0,0.0
2023-04-19 11:30:00-04:00,19.43000030517578,19.479999542236328,19.3799991607666,19.479999542236328,11051,0.0,0.0
2023-04-19 12:30:00-04:00,19.475000381469727,19.6299991607666,19.475000381469727,19.6200008392334,12725,0.0,0.0
2023-04-19 13:30:00-04:00,19.615999221801758,19.709999084472656,19.575000762939453,19.670000076293945,10509,0.0,0.0
2023-04-19 14:30:00-04:00,19.68000030517578,19.75,19.639999389648438,19.68000030517578,17106,0.0,0.0
2023-04-19 15:30:00-04:00,19.690000534057617,19.690000534057617,19.530000686645508,19.600000381469727,29449,0.0,0.0
2023-04-20 09:30:00-04:00,19.579999923706055,19.844999313354492,19.579999923706055,19.829999923706055,12388,0.0,0.0
2023-04-20 10:30:00-04:00,19.825000762939453,19.860000610351562,19.75,19.770000457763672,13713,0.0,0.0
2023-04-20 11:30:00-04:00,19.739999771118164,19.739999771118164,19.639999389648438,19.68000030517578,8056,0.0,0.0
2023-04-20 12:30:00-04:00,19.670000076293945,19.739999771118164,19.639999389648438,19.729999542236328,12053,0.0,0.0
2023-04-20 13:30:00-04:00,19.7450008392334,19.860000610351562,19.7450008392334,19.834999084472656,8201,0.0,0.0
2023-04-20 14:30:00-04:00,19.81999969482422,19.829999923706055,19.760000228881836,19.809999465942383,12993,0.0,0.0
2023-04-20 15:30:00-04:00,19.81999969482422,19.93000030517578,19.809999465942383,19.899999618530273,20392,0.0,0.0
2023-04-21 09:30:00-04:00,19.719999313354492,19.780000686645508,19.59000015258789,19.59000015258789,17752,0.0,0.0
2023-04-21 10:30:00-04:00,19.6299991607666,19.6299991607666,19.30500030517578,19.354999542236328,10103,0.0,0.0
2023-04-21 11:30:00-04:00,19.329999923706055,19.440000534057617,19.309999465942383,19.440000534057617,4893,0.0,0.0
2023-04-21 12:30:00-04:00,19.420000076293945,19.450000762939453,19.34000015258789,19.34000015258789,4460,0.0,0.0
2023-04-21 13:30:00-04:00,19.3700008392334,19.454999923706055,19.3700008392334,19.450000762939453,4377,0.0,0.0
2023-04-21 14:30:00-04:00,19.440000534057617,19.446399688720703,19.350000381469727,19.350000381469727,5742,0.0,0.0
2023-04-21 15:30:00-04:00,19.344999313354492,19.5,19.329999923706055,19.479999542236328,25866,0.0,0.0
2023-04-24 09:30:00-04:00,19.420000076293945,19.949899673461914,19.420000076293945,19.8799991607666,0,0.0,0.0
2023-04-24 10:30:00-04:00,19.920000076293945,19.920000076293945,19.610000610351562,19.6299991607666,11262,0.0,0.0
2023-04-24 11:30:00-04:00,19.639999389648438,19.66710090637207,19.579999923706055,19.639999389648438,10756,0.0,0.0
2023-04-24 12:30:00-04:00,19.649999618530273,19.65399932861328,19.6299991607666,19.639999389648438,2395,0.0,0.0
2023-04-24 13:30:00-04:00,19.670000076293945,19.708999633789062,19.6200008392334,19.6200008392334,3415,0.0,0.0
2023-04-24 14:30:00-04:00,19.609500885009766,19.639999389648438,19.56999969482422,19.579999923706055,8142,0.0,0.0
2023-04-24 15:30:00-04:00,19.59000015258789,19.670000076293945,19.530000686645508,19.530000686645508,17233,0.0,0.0
2023-04-25 09:30:00-04:00,19.399999618530273,19.53499984741211,19.317100524902344,19.440000534057617,0,0.0,0.0
2023-04-25 10:30:00-04:00,19.389999389648438,19.46500015258789,19.3700008392334,19.454999923706055,5253,0.0,0.0
2023-04-25 11:30:00-04:00,19.44499969482422,19.479999542236328,19.40999984741211,19.440000534057617,3686,0.0,0.0
2023-04-25 12:30:00-04:00,19.420000076293945,19.42099952697754,19.18000030517578,19.229999542236328,9965,0.0,0.0
2023-04-25 13:30:00-04:00,19.225000381469727,19.225000381469727,19.110000610351562,19.165000915527344,5473,0.0,0.0
2023-04-25 14:30:00-04:00,19.170000076293945,19.190000534057617,19.010000228881836,19.059999465942383,10431,0.0,0.0
2023-04-25 15:30:00-04:00,19.05500030517578,19.075000762939453,19.010000228881836,19.030000686645508,17722,0.0,0.0
2023-04-26 09:30:00-04:00,18.940000534057617,19.079999923706055,18.807300567626953,18.850000381469727,10814,0.0,0.0
2023-04-26 10:30:00-04:00,18.8799991607666,18.881399154663086,18.790000915527344,18.809999465942383,6412,0.0,0.0
2023-04-26 11:30:00-04:00,18.809999465942383,19.075000762939453,18.809999465942383,18.979999542236328,11305,0.0,0.0
2023-04-26 12:30:00-04:00,18.96500015258789,19.010000228881836,18.90999984741211,18.90999984741211,9062,0.0,0.0
2023-04-26 13:30:00-04:00,18.940000534057617,18.989999771118164,18.825000762939453,18.8799991607666,8725,0.0,0.0
2023-04-26 14:30:00-04:00,18.860000610351562,18.860000610351562,18.780000686645508,18.844999313354492,14068,0.0,0.0
2023-04-26 15:30:00-04:00,18.815000534057617,18.920000076293945,18.809999465942383,18.8700008392334,20526,0.0,0.0
2023-04-27 09:30:00-04:00,18.90999984741211,19.280000686645508,18.90999984741211,19.149999618530273,17685,0.0,0.0
2023-04-27 10:30:00-04:00,19.20669937133789,19.20669937133789,19.059999465942383,19.149999618530273,14818,0.0,0.0
2023-04-27 11:30:00-04:00,19.15999984741211,19.309999465942383,19.110000610351562,19.299999237060547,9755,0.0,0.0
2023-04-27 12:30:00-04:00,19.309999465942383,19.344999313354492,19.25,19.2549991607666,9209,0.0,0.0
2023-04-27 13:30:00-04:00,19.270000457763672,19.295000076293945,19.260000228881836,19.295000076293945,6984,0.0,0.0
2023-04-27 14:30:00-04:00,19.329999923706055,19.34000015258789,19.299999237060547,19.31999969482422,7975,0.0,0.0
2023-04-27 15:30:00-04:00,19.309999465942383,19.309999465942383,19.219999313354492,19.270000457763672,21471,0.0,0.0
2023-04-28 09:30:00-04:00,19.200000762939453,19.59000015258789,19.040000915527344,19.440000534057617,11999,0.0,0.0
2023-04-28 10:30:00-04:00,19.410499572753906,19.639999389648438,19.360000610351562,19.639999389648438,14095,0.0,0.0
2023-04-28 11:30:00-04:00,19.600000381469727,19.6200008392334,19.540000915527344,19.540000915527344,7764,0.0,0.0
2023-04-28 12:30:00-04:00,19.530000686645508,19.600000381469727,19.510000228881836,19.520000457763672,5371,0.0,0.0
2023-04-28 13:30:00-04:00,19.5,19.520000457763672,19.40999984741211,19.489999771118164,12275,0.0,0.0
2023-04-28 14:30:00-04:00,19.459999084472656,19.459999084472656,19.309999465942383,19.350000381469727,16345,0.0,0.0
2023-04-28 15:30:00-04:00,19.3799991607666,19.5,19.31999969482422,19.450000762939453,36571,0.0,0.0
2023-05-01 09:30:00-04:00,19.31999969482422,19.59000015258789,19.213499069213867,19.56999969482422,20895,0.0,0.0
2023-05-01 10:30:00-04:00,19.50279998779297,19.79759979248047,19.50279998779297,19.649999618530273,6590,0.0,0.0
2023-05-01 11:30:00-04:00,19.639999389648438,19.639999389648438,19.549999237060547,19.59000015258789,4917,0.0,0.0
2023-05-01 12:30:00-04:00,19.600000381469727,19.6299991607666,19.440000534057617,19.440000534057617,5342,0.0,0.0
2023-05-01 13:30:00-04:00,19.399999618530273,19.459999084472656,19.399999618530273,19.43000030517578,6311,0.0,0.0
2023-05-01 14:30:00-04:00,19.40999984741211,19.450000762939453,19.3799991607666,19.424999237060547,11611,0.0,0.0
2023-05-01 15:30:00-04:00,19.440000534057617,19.530000686645508,19.41029930114746,19.469999313354492,18007,0.0,0.0
2023-05-02 09:30:00-04:00,19.440000534057617,19.440000534057617,18.979999542236328,18.979999542236328,13194,0.0,0.0
2023-05-02 10:30:00-04:00,18.940000534057617,18.954999923706055,18.809999465942383,18.850000381469727,10747,0.0,0.0
2023-05-02 11:30:00-04:00,18.799999237060547,18.93000030517578,18.795000076293945,18.93000030517578,6982,0.0,0.0
2023-05-02 12:30:00-04:00,18.959999084472656,19.014999389648438,18.950000762939453,19.014999389648438,5934,0.0,0.0
2023-05-02 13:30:00-04:00,19.030000686645508,19.1200008392334,18.989999771118164,19.049999237060547,11367,0.0,0.0
2023-05-02 14:30:00-04:00,19.079999923706055,19.094999313354492,18.989999771118164,19.024999618530273,15824,0.0,0.0
2023-05-02 15:30:00-04:00,19.040000915527344,19.1200008392334,18.93000030517578,18.979999542236328,35977,0.0,0.0
2023-05-03 09:30:00-04:00,19.889999389648438,21.170000076293945,19.84000015258789,20.834999084472656,26736,0.0,0.0
2023-05-03 10:30:00-04:00,20.774999618530273,21.06999969482422,20.500099182128906,20.700000762939453,22766,0.0,0.0
2023-05-03 11:30:00-04:00,20.729999542236328,20.75,20.625,20.709999084472656,12603,0.0,0.0
2023-05-03 12:30:00-04:00,20.71150016784668,20.84000015258789,20.68000030517578,20.81999969482422,17611,0.0,0.0
2023-05-03 13:30:00-04:00,20.84000015258789,20.899999618530273,20.729999542236328,20.760000228881836,19160,0.0,0.0
2023-05-03 14:30:00-04:00,20.68000030517578,20.850000381469727,20.280000686645508,20.325000762939453,31759,0.0,0.0
2023-05-03 15:30:00-04:00,20.309999465942383,20.43000030517578,20.280000686645508,20.280000686645508,41113,0.0,0.0
2023-05-04 09:30:00-04:00,20.110000610351562,20.280000686645508,19.65999984741211,19.700000762939453,14897,0.0,0.0
2023-05-04 10:30:00-04:00,19.700000762939453,19.815000534057617,19.579999923706055,19.75,13482,0.0,0.0
2023-05-04 11:30:00-04:00,19.719999313354492,19.719999313354492,19.469999313354492,19.649999618530273,15340,0.0,0.0
2023-05-04 12:30:00-04:00,19.670000076293945,19.969999313354492,19.590099334716797,19.934999465942383,14658,0.0,0.0
2023-05-04 13:30:00-04:00,19.969999313354492,19.969999313354492,19.780000686645508,19.8799991607666,11853,0.0,0.0
2023-05-04 14:30:00-04:00,19.850000381469727,20.06999969482422,19.850000381469727,20.049999237060547,15458,0.0,0.0
2023-05-04 15:30:00-04:00,20.030000686645508,20.09000015258789,19.950000762939453,20.024999618530273,37595,0.0,0.0
2023-05-05 09:30:00-04:00,20.280000686645508,20.674999237060547,20.239999771118164,20.5,13556,0.0,0.0
2023-05-05 10:30:00-04:00,20.559999465942383,20.639999389648438,20.420000076293945,20.540000915527344,10676,0.0,0.0
2023-05-05 11:30:00-04:00,20.489999771118164,20.56999969482422,20.479999542236328,20.510000228881836,10363,0.0,0.0
2023-05-05 12:30:00-04:00,20.469999313354492,20.520000457763672,20.3700008392334,20.510000228881836,29100,0.0,0.0
2023-05-05 13:30:00-04:00,20.540000915527344,20.799999237060547,20.540000915527344,20.799999237060547,22532,0.0,0.0
2023-05-05 14:30:00-04:00,20.84000015258789,21.139999389648438,20.809999465942383,21.0,26477,0.0,0.0
2023-05-05 15:30:00-04:00,21.020000457763672,21.020000457763672,20.700000762939453,20.719999313354492,34966,0.0,0.0
2023-05-08 09:30:00-04:00,20.829999923706055,21.114999771118164,20.639999389648438,20.899999618530273,25890,0.0,0.0
2023-05-08 10:30:00-04:00,20.950000762939453,21.0,20.889999389648438,20.934999465942383,19385,0.0,0.0
2023-05-08 11:30:00-04:00,20.8799991607666,21.010000228881836,20.860000610351562,21.010000228881836,13232,0.0,0.0
2023-05-08 12:30:00-04:00,21.020000457763672,21.100000381469727,20.969999313354492,21.079999923706055,10643,0.0,0.0
2023-05-08 13:30:00-04:00,21.108999252319336,21.19890022277832,21.040000915527344,21.139999389648438,25363,0.0,0.0
2023-05-08 14:30:00-04:00,21.1299991607666,21.15999984741211,21.059999465942383,21.149999618530273,27445,0.0,0.0
2023-05-08 15:30:00-04:00,21.15999984741211,21.260000228881836,21.139999389648438,21.260000228881836,34873,0.0,0.0
2023-05-09 09:30:00-04:00,21.1299991607666,21.280000686645508,21.040000915527344,21.280000686645508,8727,0.0,0.0
2023-05-09 10:30:00-04:00,21.280000686645508,21.350000381469727,21.190000534057617,21.309999465942383,9866,0.0,0.0
2023-05-09 11:30:00-04:00,21.329999923706055,21.360000610351562,21.31999969482422,21.350000381469727,4563,0.0,0.0
2023-05-09 12:30:00-04:00,21.3799991607666,21.3799991607666,21.308300018310547,21.34000015258789,3114,0.0,0.0
2023-05-09 13:30:00-04:00,21.299999237060547,21.450000762939453,21.299999237060547,21.40999984741211,11947,0.0,0.0
2023-05-09 14:30:00-04:00,21.395000457763672,21.420000076293945,21.309999465942383,21.3700008392334,19354,0.0,0.0
2023-05-09 15:30:00-04:00,21.40999984741211,21.420000076293945,21.299999237060547,21.31999969482422,24855,0.0,0.0
2023-05-10 09:30:00-04:00,21.469999313354492,21.59000015258789,21.145000457763672,21.200000762939453,17918,0.0,0.0
2023-05-10 10:30:00-04:00,21.260000228881836,21.389999389648438,21.18000030517578,21.3799991607666,7743,0.0,0.0
2023-05-10 11:30:00-04:00,21.360000610351562,21.40999984741211,21.25,21.299999237060547,4853,0.0,0.0
2023-05-10 12:30:00-04:00,21.260000228881836,21.309999465942383,21.190000534057617,21.270000457763672,12784,0.0,0.0
2023-05-10 13:30:00-04:00,21.270000457763672,21.290000915527344,21.229999542236328,21.25,6624,0.0,0.0
2023-05-10 14:30:00-04:00,21.239999771118164,21.309999465942383,21.15999984741211,21.280000686645508,16997,0.0,0.0
2023-05-10 15:30:00-04:00,21.280000686645508,21.395000457763672,21.270000457763672,21.360000610351562,27196,0.0,0.0
2023-05-11 09:30:00-04:00,21.1299991607666,21.469999313354492,21.06999969482422,21.43000030517578,17176,0.0,0.0
2023-05-11 10:30:00-04:00,21.440000534057617,21.5,21.260000228881836,21.270000457763672,13100,0.0,0.0
2023-05-11 11:30:00-04:00,21.31999969482422,21.600000381469727,21.31999969482422,21.579999923706055,12544,0.0,0.0
2023-05-11 12:30:00-04:00,21.56999969482422,21.649999618530273,21.5,21.554000854492188,8818,0.0,0.0
2023-05-11 13:30:00-04:00,21.575000762939453,21.670000076293945,21.56999969482422,21.670000076293945,9219,0.0,0.0
2023-05-11 14:30:00-04:00,21.690000534057617,21.75,21.440000534057617,21.575000762939453,18135,0.0,0.0
2023-05-11 15:30:00-04:00,21.579999923706055,21.600000381469727,21.520000457763672,21.579999923706055,34710,0.0,0.0
2023-05-12 09:30:00-04:00,21.700000762939453,21.760000228881836,21.4375,21.459999084472656,8427,0.0,0.0
2023-05-12 10:30:00-04:00,21.420000076293945,21.434999465942383,21.219999313354492,21.32110023498535,16381,0.0,0.0
2023-05-12 11:30:00-04:00,21.34000015258789,21.3799991607666,21.260000228881836,21.299999237060547,7208,0.0,0.0
2023-05-12 12:30:00-04:00,21.299999237060547,21.34000015258789,21.260000228881836,21.309999465942383,12408,0.0,0.0
2023-05-12 13:30:00-04:00,21.309999465942383,21.378999710083008,21.260000228881836,21.34600067138672,20738,0.0,0.0
2023-05-12 14:30:00-04:00,21.30500030517578,21.3799991607666,21.280000686645508,21.3799991607666,8913,0.0,0.0
2023-05-12 15:30:00-04:00,21.40999984741211,21.559999465942383,21.399999618530273,21.540000915527344,14228,0.0,0.0
2023-05-15 09:30:00-04:00,21.670000076293945,21.75,21.530000686645508,21.649999618530273,6817,0.0,0.0
2023-05-15 10:30:00-04:00,21.600000381469727,21.709999084472656,21.540000915527344,21.639999389648438,10094,0.0,0.0
2023-05-15 11:30:00-04:00,21.6299991607666,21.6299991607666,21.450000762939453,21.450000762939453,7164,0.0,0.0
2023-05-15 12:30:00-04:00,21.459999084472656,21.5,21.440000534057617,21.440000534057617,6288,0.0,0.0
2023-05-15 13:30:00-04:00,21.40999984741211,21.40999984741211,21.280000686645508,21.299999237060547,11459,0.0,0.0
2023-05-15 14:30:00-04:00,21.329999923706055,21.610000610351562,21.309999465942383,21.56999969482422,16858,0.0,0.0
2023-05-15 15:30:00-04:00,21.56999969482422,21.59000015258789,21.420000076293945,21.459999084472656,26331,0.0,0.0
2023-05-16 09:30:00-04:00,21.309999465942383,21.40999984741211,20.979999542236328,21.100000381469727,12380,0.0,0.0
2023-05-16 10:30:00-04:00,21.06999969482422,21.200000762939453,21.06999969482422,21.200000762939453,14984,0.0,0.0
2023-05-16 11:30:00-04:00,21.229999542236328,21.290000915527344,21.1200008392334,21.229999542236328,10796,0.0,0.0
2023-05-16 12:30:00-04:00,21.259000778198242,21.3799991607666,21.259000778198242,21.30500030517578,8121,0.0,0.0
2023-05-16 13:30:00-04:00,21.31999969482422,21.34000015258789,21.295000076293945,21.309999465942383,9761,0.0,0.0
2023-05-16 14:30:00-04:00,21.313100814819336,21.3700008392334,21.190000534057617,21.260000228881836,25140,0.0,0.0
2023-05-16 15:30:00-04:00,21.229999542236328,21.246000289916992,21.09000015258789,21.09000015258789,24762,0.0,0.0
2023-05-17 09:30:00-04:00,21.25,21.309999465942383,20.969999313354492,20.989999771118164,3986,0.0,0.0
2023-05-17 10:30:00-04:00,20.979999542236328,20.979999542236328,20.809999465942383,20.975000381469727,14997,0.0,0.0
2023-05-17 11:30:00-04:00,20.959999084472656,20.9950008392334,20.8700008392334,20.93000030517578,13083,0.0,0.0
2023-05-17 12:30:00-04:00,21.020000457763672,21.09000015258789,21.0,21.03499984741211,15262,0.0,0.0
2023-05-17 13:30:00-04:00,21.03499984741211,21.06999969482422,20.8700008392334,20.889999389648438,10405,0.0,0.0
2023-05-17 14:30:00-04:00,20.8700008392334,20.8799991607666,20.75,20.75,14072,0.0,0.0
2023-05-17 15:30:00-04:00,20.770000457763672,20.770000457763672,20.6200008392334,20.75,28805,0.0,0.0
2023-05-18 09:30:00-04:00,20.6200008392334,21.06999969482422,20.579999923706055,21.06999969482422,7585,0.0,0.0
2023-05-18 10:30:00-04:00,21.079999923706055,21.274999618530273,21.045000076293945,21.1200008392334,38098,0.0,0.0
2023-05-18 11:30:00-04:00,21.1200008392334,21.1299991607666,21.06999969482422,21.110000610351562,11413,0.0,0.0
2023-05-18 12:30:00-04:00,21.094999313354492,21.329999923706055,21.040000915527344,21.31999969482422,11095,0.0,0.0
2023-05-18 13:30:00-04:00,21.31999969482422,21.514999389648438,21.260000228881836,21.510000228881836,12796,0.0,0.0
2023-05-18 14:30:00-04:00,21.520000457763672,21.579999923706055,21.450000762939453,21.55500030517578,12873,0.0,0.0
2023-05-18 15:30:00-04:00,21.579999923706055,21.649999618530273,21.46500015258789,21.479999542236328,39513,0.0,0.0
2023-05-19 09:30:00-04:00,21.829999923706055,21.969999313354492,21.68000030517578,21.75,17957,0.0,0.0
2023-05-19 10:30:00-04:00,21.760000228881836,21.774999618530273,21.5,21.520000457763672,39040,0.0,0.0
2023-05-19 11:30:00-04:00,21.43000030517578,21.450000762939453,21.31999969482422,21.389999389648438,5544,0.0,0.0
2023-05-19 12:30:00-04:00,21.360000610351562,21.610000610351562,21.360000610351562,21.56999969482422,7450,0.0,0.0
2023-05-19 13:30:00-04:00,21.56999969482422,21.579999923706055,21.44499969482422,21.450000762939453,6626,0.0,0.0
2023-05-19 14:30:00-04:00,21.3799991607666,21.520000457763672,21.375,21.510000228881836,10654,0.0,0.0
2023-05-19 15:30:00-04:00,21.489999771118164,21.510000228881836,21.440000534057617,21.469999313354492,23621,0.0,0.0
2023-05-22 09:30:00-04:00,21.489999771118164,21.50749969482422,20.510000228881836,21.354999542236328,9713,0.0,0.0
2023-05-22 10:30:00-04:00,21.315000534057617,21.530000686645508,21.2549991607666,21.530000686645508,12911,0.0,0.0
2023-05-22 11:30:00-04:00,21.53499984741211,21.6200008392334,21.479999542236328,21.530000686645508,10310,0.0,0.0
2023-05-22 12:30:00-04:00,21.510000228881836,21.510000228881836,21.405000686645508,21.469999313354492,8737,0.0,0.0
2023-05-22 13:30:00-04:00,21.479999542236328,21.559999465942383,21.479999542236328,21.559999465942383,9552,0.0,0.0
2023-05-22 14:30:00-04:00,21.6200008392334,21.665000915527344,21.520000457763672,21.549999237060547,14135,0.0,0.0
2023-05-22 15:30:00-04:00,21.55500030517578,21.6299991607666,21.53499984741211,21.600000381469727,32894,0.0,0.0
2023-05-23 09:30:00-04:00,21.530000686645508,21.815000534057617,21.530000686645508,21.739999771118164,5765,0.0,0.0
2023-05-23 10:30:00-04:00,21.799999237060547,21.940000534057617,21.674999237060547,21.809999465942383,9186,0.0,0.0
2023-05-23 11:30:00-04:00,21.825000762939453,21.850000381469727,21.684999465942383,21.700000762939453,6357,0.0,0.0
2023-05-23 12:30:00-04:00,21.709999084472656,21.790000915527344,21.690000534057617,21.719999313354492,16984,0.0,0.0
2023-05-23 13:30:00-04:00,21.639999389648438,21.75,21.600000381469727,21.600000381469727,4129,0.0,0.0
2023-05-23 14:30:00-04:00,21.594999313354492,21.665000915527344,21.510000228881836,21.665000915527344,11882,0.0,0.0
2023-05-23 15:30:00-04:00,21.65999984741211,21.65999984741211,21.510000228881836,21.524999618530273,13777,0.0,0.0
2023-05-24 09:30:00-04:00,21.3700008392334,21.489999771118164,20.989999771118164,21.049999237060547,4852,0.0,0.0
2023-05-24 10:30:00-04:00,21.100000381469727,21.100000381469727,20.90999984741211,20.969999313354492,6566,0.0,0.0
2023-05-24 11:30:00-04:00,20.840099334716797,20.868499755859375,20.790000915527344,20.799999237060547,1847,0.0,0.0
2023-05-24 12:30:00-04:00,20.770000457763672,20.799999237060547,20.670000076293945,20.75,9588,0.0,0.0
2023-05-24 13:30:00-04:00,20.829999923706055,20.8799991607666,20.799999237060547,20.799999237060547,3228,0.0,0.0
2023-05-24 14:30:00-04:00,20.799999237060547,20.90999984741211,20.78499984741211,20.850000381469727,7392,0.0,0.0
2023-05-24 15:30:00-04:00,20.850000381469727,20.969999313354492,20.8351993560791,20.969999313354492,26280,0.0,0.0
2023-05-25 09:30:00-04:00,20.780000686645508,20.91360092163086,20.600000381469727,20.600000381469727,4152,0.0,0.0
2023-05-25 10:30:00-04:00,20.520000457763672,20.520000457763672,20.34000015258789,20.34000015258789,7006,0.0,0.0
2023-05-25 11:30:00-04:00,20.270000457763672,20.270000457763672,20.149999618530273,20.219999313354492,7206,0.0,0.0
2023-05-25 12:30:00-04:00,20.219999313354492,20.219999313354492,20.100000381469727,20.15999984741211,5615,0.0,0.0
2023-05-25 13:30:00-04:00,20.170000076293945,20.239999771118164,20.149999618530273,20.190000534057617,5623,0.0,0.0
2023-05-25 14:30:00-04:00,20.15999984741211,20.15999984741211,20.09000015258789,20.1200008392334,5896,0.0,0.0
2023-05-25 15:30:00-04:00,20.110000610351562,20.110000610351562,19.9950008392334,20.020000457763672,15323,0.0,0.0
2023-05-26 09:30:00-04:00,19.969999313354492,20.25,19.969999313354492,20.139999389648438,23742,0.0,0.0
2023-05-26 10:30:00-04:00,20.174999237060547,20.25,20.16010093688965,20.16010093688965,4709,0.0,0.0
2023-05-26 11:30:00-04:00,20.209999084472656,20.360000610351562,20.190000534057617,20.315000534057617,6169,0.0,0.0
2023-05-26 12:30:00-04:00,20.34000015258789,20.3799991607666,20.326499938964844,20.350000381469727,4189,0.0,0.0
2023-05-26 13:30:00-04:00,20.344999313354492,20.344999313354492,20.299999237060547,20.31999969482422,4506,0.0,0.0
2023-05-26 14:30:00-04:00,20.309999465942383,20.350000381469727,20.18000030517578,20.18000030517578,9240,0.0,0.0
2023-05-26 15:30:00-04:00,20.18000030517578,20.270000457763672,20.139999389648438,20.18000030517578,22128,0.0,0.0
2023-05-30 09:30:00-04:00,20.149999618530273,20.190000534057617,20.024999618530273,20.06999969482422,4530,0.0,0.0
2023-05-30 10:30:00-04:00,20.100000381469727,20.100000381469727,19.899999618530273,19.905000686645508,5035,0.0,0.0
2023-05-30 11:30:00-04:00,19.93000030517578,19.959999084472656,19.774999618530273,19.829999923706055,8371,0.0,0.0
2023-05-30 12:30:00-04:00,19.84000015258789,19.860000610351562,19.75,19.81999969482422,5609,0.0,0.0
2023-05-30 13:30:00-04:00,19.795000076293945,19.924999237060547,19.780000686645508,19.889999389648438,7802,0.0,0.0
2023-05-30 14:30:00-04:00,19.895000457763672,19.90999984741211,19.850000381469727,19.8700008392334,6298,0.0,0.0
2023-05-30 15:30:00-04:00,19.889999389648438,19.940000534057617,19.850000381469727,19.8799991607666,21356,0.0,0.0
2023-05-31 09:30:00-04:00,19.81999969482422,19.969999313354492,19.329999923706055,19.420000076293945,10648,0.0,0.0
2023-05-31 10:30:00-04:00,19.420000076293945,19.469999313354492,19.31999969482422,19.3700008392334,7653,0.0,0.0
2023-05-31 11:30:00-04:00,19.350000381469727,19.350000381469727,19.229999542236328,19.25,5022,0.0,0.0
2023-05-31 12:30:00-04:00,19.25,19.260000228881836,19.149999618530273,19.200000762939453,7454,0.0,0.0
2023-05-31 13:30:00-04:00,19.21500015258789,19.270000457763672,19.170000076293945,19.229999542236328,6199,0.0,0.0
2023-05-31 14:30:00-04:00,19.219999313354492,19.309999465942383,19.110000610351562,19.270000457763672,15539,0.0,0.0
2023-05-31 15:30:00-04:00,19.239999771118164,19.270000457763672,19.110000610351562,19.110000610351562,33696,0.0,0.0
2023-06-01 09:30:00-04:00,19.200000762939453,19.280000686645508,18.920000076293945,19.237499237060547,10753,0.0,0.0
2023-06-01 10:30:00-04:00,19.309999465942383,19.344999313354492,19.19499969482422,19.31999969482422,8961,0.0,0.0
2023-06-01 11:30:00-04:00,19.325000762939453,19.420000076293945,19.270000457763672,19.28499984741211,8854,0.0,0.0
2023-06-01 12:30:00-04:00,19.209999084472656,19.31999969482422,19.084999084472656,19.084999084472656,11344,0.0,0.0
2023-06-01 13:30:00-04:00,19.09000015258789,19.110000610351562,19.059999465942383,19.094999313354492,6408,0.0,0.0
2023-06-01 14:30:00-04:00,19.071800231933594,19.079999923706055,18.8799991607666,18.899999618530273,18225,0.0,0.0
2023-06-01 15:30:00-04:00,18.899999618530273,18.959999084472656,18.84000015258789,18.93000030517578,32510,0.0,0.0
2023-06-02 09:30:00-04:00,19.190000534057617,19.434999465942383,18.99570083618164,19.434999465942383,15412,0.0,0.0
2023-06-02 10:30:00-04:00,19.510000228881836,19.809999465942383,19.440000534057617,19.760000228881836,33058,0.0,0.0
2023-06-02 11:30:00-04:00,19.75,19.790000915527344,19.639999389648438,19.69499969482422,32204,0.0,0.0
2023-06-02 12:30:00-04:00,19.697500228881836,19.860000610351562,19.670000076293945,19.84000015258789,13366,0.0,0.0
2023-06-02 13:30:00-04:00,19.809999465942383,19.809999465942383,19.684999465942383,19.719999313354492,51212,0.0,0.0
2023-06-02 14:30:00-04:00,19.719999313354492,19.920000076293945,19.709999084472656,19.90999984741211,34201,0.0,0.0
2023-06-02 15:30:00-04:00,19.950000762939453,20.030000686645508,19.915000915527344,20.010000228881836,29646,0.0,0.0
2023-06-05 09:30:00-04:00,19.780000686645508,19.989999771118164,19.200000762939453,19.270000457763672,18551,0.0,0.0
2023-06-05 10:30:00-04:00,19.139999389648438,19.639999389648438,19.139999389648438,19.639999389648438,19458,0.0,0.0
2023-06-05 11:30:00-04:00,19.649999618530273,19.799999237060547,19.649999618530273,19.799999237060547,10256,0.0,0.0
2023-06-05 12:30:00-04:00,19.84000015258789,19.84000015258789,19.670000076293945,19.719999313354492,12136,0.0,0.0
2023-06-05 13:30:00-04:00,19.670000076293945,19.670000076293945,19.520000457763672,19.559999465942383,16488,0.0,0.0
2023-06-05 14:30:00-04:00,19.559999465942383,19.559999465942383,19.405000686645508,19.46500015258789,19819,0.0,0.0
2023-06-05 15:30:00-04:00,19.440000534057617,19.540000915527344,19.40999984741211,19.440000534057617,27593,0.0,0.0
2023-06-06 09:30:00-04:00,19.40999984741211,19.639999389648438,19.2450008392334,19.639999389648438,11264,0.0,0.0
2023-06-06 10:30:00-04:00,19.649999618530273,19.81999969482422,19.540000915527344,19.729999542236328,26157,0.0,0.0
2023-06-06 11:30:00-04:00,19.719999313354492,19.920000076293945,19.6200008392334,19.850000381469727,31700,0.0,0.0
2023-06-06 12:30:00-04:00,19.834999084472656,19.850000381469727,19.6299991607666,19.645000457763672,12755,0.0,0.0
2023-06-06 13:30:00-04:00,19.639999389648438,19.81999969482422,19.584999084472656,19.81999969482422,7945,0.0,0.0
2023-06-06 14:30:00-04:00,19.825000762939453,19.850000381469727,19.70400047302246,19.78499984741211,52097,0.0,0.0
2023-06-06 15:30:00-04:00,19.809999465942383,19.889999389648438,19.760000228881836,19.770000457763672,39508,0.0,0.0
2023-06-07 09:30:00-04:00,19.950000762939453,20.219999313354492,19.844999313354492,20.149999618530273,19995,0.0,0.0
2023-06-07 10:30:00-04:00,20.200000762939453,20.350000381469727,19.93000030517578,20.240100860595703,58465,0.0,0.0
2023-06-07 11:30:00-04:00,20.350000381469727,20.350000381469727,20.139999389648438,20.34000015258789,20402,0.0,0.0
2023-06-07 12:30:00-04:00,20.354999542236328,20.6200008392334,20.354999542236328,20.489999771118164,22274,0.0,0.0
2023-06-07 13:30:00-04:00,20.479999542236328,20.540000915527344,20.417499542236328,20.540000915527344,16136,0.0,0.0
2023-06-07 14:30:00-04:00,20.530000686645508,20.59000015258789,20.44499969482422,20.5,20664,0.0,0.0
2023-06-07 15:30:00-04:00,20.516000747680664,20.516000747680664,20.280000686645508,20.290000915527344,113670,0.0,0.0
2023-06-08 09:30:00-04:00,20.290000915527344,22.149999618530273,19.559999465942383,20.209999084472656,24502,0.0,0.0
2023-06-08 10:30:00-04:00,20.229999542236328,20.229999542236328,19.959999084472656,20.149999618530273,14453,0.0,0.0
2023-06-08 11:30:00-04:00,20.200000762939453,20.280000686645508,20.110000610351562,20.139999389648438,18045,0.0,0.0
2023-06-08 12:30:00-04:00,20.209999084472656,20.540000915527344,20.15999984741211,20.540000915527344,32388,0.0,0.0
2023-06-08 13:30:00-04:00,20.549999237060547,20.739999771118164,20.5,20.739999771118164,21430,0.0,0.0
2023-06-08 14:30:00-04:00,20.75,20.829999923706055,20.670000076293945,20.739999771118164,19255,0.0,0.0
2023-06-08 15:30:00-04:00,20.75,20.760000228881836,20.459999084472656,20.5,33800,0.0,0.0
2023-06-09 09:30:00-04:00,20.40999984741211,20.40999984741211,20.06999969482422,20.350000381469727,10911,0.0,0.0
2023-06-09 10:30:00-04:00,20.40999984741211,20.520000457763672,20.28499984741211,20.31999969482422,10047,0.0,0.0
2023-06-09 11:30:00-04:00,20.31999969482422,20.389999389648438,20.274999618530273,20.274999618530273,7175,0.0,0.0
2023-06-09 12:30:00-04:00,20.299999237060547,20.34000015258789,20.270000457763672,20.309999465942383,6213,0.0,0.0
2023-06-09 13:30:00-04:00,20.280000686645508,20.31999969482422,20.1299991607666,20.1299991607666,9594,0.0,0.0
2023-06-09 14:30:00-04:00,20.174999237060547,20.200000762939453,20.1299991607666,20.149999618530273,13419,0.0,0.0
2023-06-09 15:30:00-04:00,20.190000534057617,20.270000457763672,20.149999618530273,20.209999084472656,22650,0.0,0.0
2023-06-12 09:30:00-04:00,20.18000030517578,20.459999084472656,19.940000534057617,20.209999084472656,9883,0.0,0.0
2023-06-12 10:30:00-04:00,20.19499969482422,20.389999389648438,20.100000381469727,20.270000457763672,12001,0.0,0.0
2023-06-12 11:30:00-04:00,20.270000457763672,20.375,20.149999618530273,20.360000610351562,18744,0.0,0.0
2023-06-12 12:30:00-04:00,20.389999389648438,20.424999237060547,20.295000076293945,20.295000076293945,8321,0.0,0.0
2023-06-12 13:30:00-04:00,20.270000457763672,20.350000381469727,20.270000457763672,20.31999969482422,7638,0.0,0.0
2023-06-12 14:30:00-04:00,20.260000228881836,20.350000381469727,20.229999542236328,20.295000076293945,9601,0.0,0.0
2023-06-12 15:30:00-04:00,20.309999465942383,20.329999923706055,20.200000762939453,20.290000915527344,37628,0.0,0.0
2023-06-13 09:30:00-04:00,20.260000228881836,20.65999984741211,20.135000228881836,20.540000915527344,11979,0.0,0.0
2023-06-13 10:30:00-04:00,20.549999237060547,20.549999237060547,20.299999237060547,20.299999237060547,30005,0.0,0.0
2023-06-13 11:30:00-04:00,20.290000915527344,20.329999923706055,20.139999389648438,20.260000228881836,11498,0.0,0.0
2023-06-13 12:30:00-04:00,20.280000686645508,20.299999237060547,20.200000762939453,20.260000228881836,10026,0.0,0.0
2023-06-13 13:30:00-04:00,20.239999771118164,20.34000015258789,20.184999465942383,20.200000762939453,13031,0.0,0.0
2023-06-13 14:30:00-04:00,20.200000762939453,20.360000610351562,20.200000762939453,20.315000534057617,17798,0.0,0.0
2023-06-13 15:30:00-04:00,20.315000534057617,20.329999923706055,20.059999465942383,20.1200008392334,32553,0.0,0.0
2023-06-14 09:30:00-04:00,20.09000015258789,20.53499984741211,19.829999923706055,19.850000381469727,50462,0.0,0.0
2023-06-14 10:30:00-04:00,19.950000762939453,20.010000228881836,19.790000915527344,20.010000228881836,23614,0.0,0.0
2023-06-14 11:30:00-04:00,20.010000228881836,20.010000228881836,19.760000228881836,19.899999618530273,7660,0.0,0.0
2023-06-14 12:30:00-04:00,19.850000381469727,19.850000381469727,19.700000762939453,19.84000015258789,11790,0.0,0.0
2023-06-14 13:30:00-04:00,19.844999313354492,19.93000030517578,19.600000381469727,19.610000610351562,12375,0.0,0.0
2023-06-14 14:30:00-04:00,19.600000381469727,19.770000457763672,19.600000381469727,19.709999084472656,22920,0.0,0.0
2023-06-14 15:30:00-04:00,19.69499969482422,19.790000915527344,19.600000381469727,19.639999389648438,110815,0.0,0.0
2023-06-15 09:30:00-04:00,19.690000534057617,19.84000015258789,19.43000030517578,19.440000534057617,14487,0.0,0.0
2023-06-15 10:30:00-04:00,19.43000030517578,19.5,19.309999465942383,19.450000762939453,21744,0.0,0.0
2023-06-15 11:30:00-04:00,19.479999542236328,19.639999389648438,19.43000030517578,19.639999389648438,16991,0.0,0.0
2023-06-15 12:30:00-04:00,19.65999984741211,19.690000534057617,19.450000762939453,19.469999313354492,17615,0.0,0.0
2023-06-15 13:30:00-04:00,19.530000686645508,19.639999389648438,19.530000686645508,19.604999542236328,12827,0.0,0.0
2023-06-15 14:30:00-04:00,19.59000015258789,19.709999084472656,19.489999771118164,19.510000228881836,17677,0.0,0.0
2023-06-15 15:30:00-04:00,19.510000228881836,19.520000457763672,19.3700008392334,19.43000030517578,34281,0.0,0.0
2023-06-16 09:30:00-04:00,19.479999542236328,19.860000610351562,19.34000015258789,19.690000534057617,94304,0.0,0.0
2023-06-16 10:30:00-04:00,19.719999313354492,20.020000457763672,19.600000381469727,19.93000030517578,150956,0.0,0.0
2023-06-16 11:30:00-04:00,19.8700008392334,19.90999984741211,19.729999542236328,19.905000686645508,56611,0.0,0.0
2023-06-16 12:30:00-04:00,19.895000457763672,19.94499969482422,19.809999465942383,19.81999969482422,42856,0.0,0.0
2023-06-16 13:30:00-04:00,19.829999923706055,19.979999542236328,19.780000686645508,19.940000534057617,60873,0.0,0.0
2023-06-16 14:30:00-04:00,19.920000076293945,20.059999465942383,19.780000686645508,19.979999542236328,57010,0.0,0.0
2023-06-16 15:30:00-04:00,19.979999542236328,20.110000610351562,19.90999984741211,20.040000915527344,98585,0.0,0.0
2023-06-20 09:30:00-04:00,20.049999237060547,20.34000015258789,19.510000228881836,19.799999237060547,12604,0.0,0.0
2023-06-20 10:30:00-04:00,19.809999465942383,19.81999969482422,19.670000076293945,19.700000762939453,15455,0.0,0.0
2023-06-20 11:30:00-04:00,19.700000762939453,19.899999618530273,19.700000762939453,19.81999969482422,9959,0.0,0.0
2023-06-20 12:30:00-04:00,19.84000015258789,19.954999923706055,19.84000015258789,19.850000381469727,12750,0.0,0.0
2023-06-20 13:30:00-04:00,19.84000015258789,19.8700008392334,19.670000076293945,19.799999237060547,55588,0.0,0.0
2023-06-20 14:30:00-04:00,19.799999237060547,19.799999237060547,19.700000762939453,19.760000228881836,14355,0.0,0.0
2023-06-20 15:30:00-04:00,19.760000228881836,19.760000228881836,19.639999389648438,19.65999984741211,19450,0.0,0.0
2023-06-21 09:30:00-04:00,19.649999618530273,19.649999618530273,19.229999542236328,19.469999313354492,12876,0.0,0.0
2023-06-21 10:30:00-04:00,19.5049991607666,19.59000015258789,19.469999313354492,19.485000610351562,13217,0.0,0.0
2023-06-21 11:30:00-04:00,19.489999771118164,19.579999923706055,19.459999084472656,19.579999923706055,13042,0.0,0.0
2023-06-21 12:30:00-04:00,19.579999923706055,19.600000381469727,19.479999542236328,19.510000228881836,7416,0.0,0.0
2023-06-21 13:30:00-04:00,19.479999542236328,19.540000915527344,19.479999542236328,19.479999542236328,7626,0.0,0.0
2023-06-21 14:30:00-04:00,19.479999542236328,19.510000228881836,19.350000381469727,19.389999389648438,20526,0.0,0.0
2023-06-21 15:30:00-04:00,19.399999618530273,19.399999618530273,19.299999237060547,19.309999465942383,26445,0.0,0.0
2023-06-22 09:30:00-04:00,19.3700008392334,19.405000686645508,19.030000686645508,19.165000915527344,9479,0.0,0.0
2023-06-22 10:30:00-04:00,19.18000030517578,19.18000030517578,18.959999084472656,18.989999771118164,8507,0.0,0.0
2023-06-22 11:30:00-04:00,18.989999771118164,19.020000457763672,18.889999389648438,18.899999618530273,7600,0.0,0.0
2023-06-22 12:30:00-04:00,18.889999389648438,19.110000610351562,18.889999389648438,19.094999313354492,13129,0.0,0.0
2023-06-22 13:30:00-04:00,19.09000015258789,19.139999389648438,19.06999969482422,19.139999389648438,9282,0.0,0.0
2023-06-22 14:30:00-04:00,19.145000457763672,19.190000534057617,19.100000381469727,19.1200008392334,18172,0.0,0.0
2023-06-22 15:30:00-04:00,19.149999618530273,19.290000915527344,19.100000381469727,19.209999084472656,67269,0.0,0.0
2023-06-23 09:30:00-04:00,19.010000228881836,19.18000030517578,19.0,19.0,6995,0.0,0.0
2023-06-23 10:30:00-04:00,19.010000228881836,19.049999237060547,18.979999542236328,19.010000228881836,10058,0.0,0.0
2023-06-23 11:30:00-04:00,19.0,19.030000686645508,18.969999313354492,18.979999542236328,7669,0.0,0.0
2023-06-23 12:30:00-04:00,18.989999771118164,18.989999771118164,18.905000686645508,18.90999984741211,8095,0.0,0.0
2023-06-23 13:30:00-04:00,18.90999984741211,18.93000030517578,18.84000015258789,18.850000381469727,10504,0.0,0.0
2023-06-23 14:30:00-04:00,18.81999969482422,18.81999969482422,18.6299991607666,18.6299991607666,20702,0.0,0.0
2023-06-23 15:30:00-04:00,18.6299991607666,18.809999465942383,18.6299991607666,18.770000457763672,62318,0.0,0.0
2023-06-26 09:30:00-04:00,18.760000228881836,19.024999618530273,18.68000030517578,18.700000762939453,8946,0.0,0.0
2023-06-26 10:30:00-04:00,18.690000534057617,18.806499481201172,18.65999984741211,18.790000915527344,14862,0.0,0.0
2023-06-26 11:30:00-04:00,18.815000534057617,18.90999984741211,18.75,18.780000686645508,13733,0.0,0.0
2023-06-26 12:30:00-04:00,18.780000686645508,18.780000686645508,18.709999084472656,18.75,9465,0.0,0.0
2023-06-26 13:30:00-04:00,18.75,18.829999923706055,18.700000762939453,18.729999542236328,11440,0.0,0.0
2023-06-26 14:30:00-04:00,18.75,18.760000228881836,18.700000762939453,18.709999084472656,13325,0.0,0.0
2023-06-26 15:30:00-04:00,18.709999084472656,18.790000915527344,18.639999389648438,18.65999984741211,33584,0.0,0.0
2023-06-27 09:30:00-04:00,18.700000762939453,18.90999984741211,18.579999923706055,18.780000686645508,10509,0.0,0.0
2023-06-27 10:30:00-04:00,18.760000228881836,18.940000534057617,18.760000228881836,18.84000015258789,13843,0.0,0.0
2023-06-27 11:30:00-04:00,18.84000015258789,18.84000015258789,18.780000686645508,18.809999465942383,9318,0.0,0.0
2023-06-27 12:30:00-04:00,18.80500030517578,18.8799991607666,18.790000915527344,18.875,9777,0.0,0.0
2023-06-27 13:30:00-04:00,18.875,18.940000534057617,18.809999465942383,18.809999465942383,10429,0.0,0.0
2023-06-27 14:30:00-04:00,18.799999237060547,18.84000015258789,18.68000030517578,18.690000534057617,16016,0.0,0.0
2023-06-27 15:30:00-04:00,18.670000076293945,18.690000534057617,18.56999969482422,18.59000015258789,30727,0.0,0.0
2023-06-28 09:30:00-04:00,18.6299991607666,18.729999542236328,18.229999542236328,18.31999969482422,35970,0.0,0.0
2023-06-28 10:30:00-04:00,18.295000076293945,18.309999465942383,18.18000030517578,18.18000030517578,11678,0.0,0.0
2023-06-28 11:30:00-04:00,18.18000030517578,18.229999542236328,18.18000030517578,18.229999542236328,22255,0.0,0.0
2023-06-28 12:30:00-04:00,18.229999542236328,18.260000228881836,18.1299991607666,18.149999618530273,11321,0.0,0.0
2023-06-28 13:30:00-04:00,18.139999389648438,18.14900016784668,18.040000915527344,18.100000381469727,20602,0.0,0.0
2023-06-28 14:30:00-04:00,18.079999923706055,18.110000610351562,18.0,18.09000015258789,19035,0.0,0.0
2023-06-28 15:30:00-04:00,18.09000015258789,18.09000015258789,17.940000534057617,18.0,39626,0.0,0.0
2023-06-29 09:30:00-04:00,18.100000381469727,18.1299991607666,17.975000381469727,18.100000381469727,17236,0.0,0.0
2023-06-29 10:30:00-04:00,18.1299991607666,18.149999618530273,18.03499984741211,18.049999237060547,19142,0.0,0.0
2023-06-29 11:30:00-04:00,18.079999923706055,18.1200008392334,18.030000686645508,18.100000381469727,11694,0.0,0.0
2023-06-29 12:30:00-04:00,18.110000610351562,18.15999984741211,18.079999923706055,18.1200008392334,10802,0.0,0.0
2023-06-29 13:30:00-04:00,18.1200008392334,18.18000030517578,18.020000457763672,18.040000915527344,12267,0.0,0.0
2023-06-29 14:30:00-04:00,18.020000457763672,18.024999618530273,17.934999465942383,17.934999465942383,11494,0.0,0.0
2023-06-29 15:30:00-04:00,17.93000030517578,18.0,17.899999618530273,17.93000030517578,39350,0.0,0.0
2023-06-30 09:30:00-04:00,18.059999465942383,18.079999923706055,17.899999618530273,17.920000076293945,14028,0.0,0.0
2023-06-30 10:30:00-04:00,17.920000076293945,18.040000915527344,17.8799991607666,18.040000915527344,25967,0.0,0.0
2023-06-30 11:30:00-04:00,18.03499984741211,18.1200008392334,18.0,18.1200008392334,14649,0.0,0.0
2023-06-30 12:30:00-04:00,18.114999771118164,18.156999588012695,18.09000015258789,18.1299991607666,16976,0.0,0.0
2023-06-30 13:30:00-04:00,18.1299991607666,18.170000076293945,18.030000686645508,18.170000076293945,17540,0.0,0.0
2023-06-30 14:30:00-04:00,18.18000030517578,18.3700008392334,18.18000030517578,18.334999084472656,35148,0.0,0.0
2023-06-30 15:30:00-04:00,18.31999969482422,18.350000381469727,18.190000534057617,18.25,65918,0.0,0.0
2023-07-03 09:30:00-04:00,18.18000030517578,18.475000381469727,18.145000457763672,18.3799991607666,11333,0.0,0.0
2023-07-03 10:30:00-04:00,18.375,18.375,18.18000030517578,18.25,17937,0.0,0.0
2023-07-03 11:30:00-04:00,18.21500015258789,18.299999237060547,18.139999389648438,18.260000228881836,32659,0.0,0.0
2023-07-05 09:30:00-04:00,18.170000076293945,18.280000686645508,17.415000915527344,17.420000076293945,24797,0.0,0.0
2023-07-05 10:30:00-04:00,17.389999389648438,17.59000015258789,17.389999389648438,17.559999465942383,24047,0.0,0.0
2023-07-05 11:30:00-04:00,17.56999969482422,17.56999969482422,17.399999618530273,17.40999984741211,18770,0.0,0.0
2023-07-05 12:30:00-04:00,17.40999984741211,17.514999389648438,17.3700008392334,17.514999389648438,24460,0.0,0.0
2023-07-05 13:30:00-04:00,17.514999389648438,17.610000610351562,17.43000030517578,17.549999237060547,15783,0.0,0.0
2023-07-05 14:30:00-04:00,17.56999969482422,17.690000534057617,17.56999969482422,17.6299991607666,27547,0.0,0.0
2023-07-05 15:30:00-04:00,17.6200008392334,17.719999313354492,17.559999465942383,17.65999984741211,56228,0.0,0.0
2023-07-06 09:30:00-04:00,17.549999237060547,17.65999984741211,17.34000015258789,17.34000015258789,23733,0.0,0.0
2023-07-06 10:30:00-04:00,17.358999252319336,17.3799991607666,17.209999084472656,17.2450008392334,28152,0.0,0.0
2023-07-06 11:30:00-04:00,17.25,17.270000457763672,17.18000030517578,17.270000457763672,12707,0.0,0.0
2023-07-06 12:30:00-04:00,17.2450008392334,17.3799991607666,17.2450008392334,17.3799991607666,9562,0.0,0.0
2023-07-06 13:30:00-04:00,17.3799991607666,17.3799991607666,17.290000915527344,17.350000381469727,10633,0.0,0.0
2023-07-06 14:30:00-04:00,17.344999313354492,17.3700008392334,17.25,17.2549991607666,11555,0.0,0.0
2023-07-06 15:30:00-04:00,17.239999771118164,17.299999237060547,17.239999771118164,17.260000228881836,31799,0.0,0.0
2023-07-07 09:30:00-04:00,17.360000610351562,17.450000762939453,17.18000030517578,17.299999237060547,18616,0.0,0.0
2023-07-07 10:30:00-04:00,17.34000015258789,17.420000076293945,17.270000457763672,17.34000015258789,13604,0.0,0.0
2023-07-07 11:30:00-04:00,17.350000381469727,17.40999984741211,17.290000915527344,17.34000015258789,17144,0.0,0.0
2023-07-07 12:30:00-04:00,17.360000610351562,17.489999771118164,17.34000015258789,17.479999542236328,19851,0.0,0.0
2023-07-07 13:30:00-04:00,17.479999542236328,17.639999389648438,17.479999542236328,17.6200008392334,19366,0.0,0.0
2023-07-07 14:30:00-04:00,17.6200008392334,17.700000762939453,17.6200008392334,17.690000534057617,22619,0.0,0.0
2023-07-07 15:30:00-04:00,17.68000030517578,17.729999542236328,17.610000610351562,17.6200008392334,39235,0.0,0.0
2023-07-10 09:30:00-04:00,17.450000762939453,17.799999237060547,17.389999389648438,17.59000015258789,18365,0.0,0.0
2023-07-10 10:30:00-04:00,17.56999969482422,17.600000381469727,17.270000457763672,17.270000457763672,19884,0.0,0.0
2023-07-10 11:30:00-04:00,17.280000686645508,17.364999771118164,17.280000686645508,17.31999969482422,13741,0.0,0.0
2023-07-10 12:30:00-04:00,17.31999969482422,17.329999923706055,17.2549991607666,17.2549991607666,17198,0.0,0.0
2023-07-10 13:30:00-04:00,17.190000534057617,17.280000686645508,17.190000534057617,17.274999618530273,15503,0.0,0.0
2023-07-10 14:30:00-04:00,17.270000457763672,17.31999969482422,17.229999542236328,17.30500030517578,21899,0.0,0.0
2023-07-10 15:30:00-04:00,17.295000076293945,17.299999237060547,17.079999923706055,17.1200008392334,39910,0.0,0.0
2023-07-11 09:30:00-04:00,17.100000381469727,17.239999771118164,17.100000381469727,17.100000381469727,18790,0.0,0.0
2023-07-11 10:30:00-04:00,17.06999969482422,17.06999969482422,16.74169921875,16.75,40056,0.0,0.0
2023-07-11 11:30:00-04:00,16.760000228881836,17.03499984741211,16.739999771118164,16.950000762939453,30562,0.0,0.0
2023-07-11 12:30:00-04:00,17.0,17.03499984741211,16.90999984741211,17.03499984741211,37580,0.0,0.0
2023-07-11 13:30:00-04:00,17.059999465942383,17.3799991607666,17.059999465942383,17.3799991607666,26033,0.0,0.0
2023-07-11 14:30:00-04:00,17.389999389648438,17.559999465942383,17.389999389648438,17.520000457763672,60124,0.0,0.0
2023-07-11 15:30:00-04:00,17.530000686645508,17.56999969482422,17.450000762939453,17.540000915527344,91520,0.0,0.0
2023-07-12 09:30:00-04:00,17.81999969482422,17.84000015258789,17.43000030517578,17.459999084472656,18699,0.0,0.0
2023-07-12 10:30:00-04:00,17.5,17.6299991607666,17.475000381469727,17.600000381469727,15182,0.0,0.0
2023-07-12 11:30:00-04:00,17.600000381469727,17.68000030517578,17.510000228881836,17.540000915527344,11182,0.0,0.0
2023-07-12 12:30:00-04:00,17.559999465942383,17.700000762939453,17.559999465942383,17.670000076293945,13559,0.0,0.0
2023-07-12 13:30:00-04:00,17.68899917602539,17.729999542236328,17.68899917602539,17.729999542236328,10266,0.0,0.0
2023-07-12 14:30:00-04:00,17.729999542236328,17.77899932861328,17.6200008392334,17.6200008392334,12308,0.0,0.0
2023-07-12 15:30:00-04:00,17.600000381469727,17.684999465942383,17.579999923706055,17.6200008392334,32624,0.0,0.0
2023-07-13 09:30:00-04:00,17.530000686645508,17.739999771118164,17.479999542236328,17.520000457763672,20842,0.0,0.0
2023-07-13 10:30:00-04:00,17.549999237060547,17.829999923706055,17.549999237060547,17.829999923706055,32261,0.0,0.0
2023-07-13 11:30:00-04:00,17.834999084472656,17.834999084472656,17.690000534057617,17.729999542236328,9032,0.0,0.0
2023-07-13 12:30:00-04:00,17.709999084472656,17.739999771118164,17.6200008392334,17.6200008392334,26984,0.0,0.0
2023-07-13 13:30:00-04:00,17.610000610351562,17.690000534057617,17.600000381469727,17.684999465942383,9165,0.0,0.0
2023-07-13 14:30:00-04:00,17.684999465942383,17.729999542236328,17.684999465942383,17.729999542236328,13227,0.0,0.0
2023-07-13 15:30:00-04:00,17.725000381469727,18.459999084472656,17.700000762939453,17.829999923706055,89260,0.0,0.0
2023-07-14 09:30:00-04:00,17.809999465942383,18.0,17.604999542236328,17.719999313354492,43837,0.0,0.0
2023-07-14 10:30:00-04:00,17.687299728393555,17.770000457763672,17.65999984741211,17.690000534057617,16468,0.0,0.0
2023-07-14 11:30:00-04:00,17.684999465942383,17.979999542236328,17.670000076293945,17.93000030517578,16031,0.0,0.0
2023-07-14 12:30:00-04:00,17.885000228881836,18.0,17.850000381469727,17.979999542236328,9541,0.0,0.0
2023-07-14 13:30:00-04:00,18.0,18.079999923706055,17.969999313354492,18.0,12694,0.0,0.0
2023-07-14 14:30:00-04:00,18.010000228881836,18.049999237060547,17.969999313354492,18.010000228881836,13035,0.0,0.0
2023-07-14 15:30:00-04:00,18.0,18.010000228881836,17.889999389648438,17.940000534057617,31162,0.0,0.0
2023-07-17 09:30:00-04:00,18.1200008392334,18.315000534057617,18.049999237060547,18.229999542236328,9393,0.0,0.0
2023-07-17 10:30:00-04:00,18.170000076293945,18.309999465942383,18.1299991607666,18.18000030517578,16113,0.0,0.0
2023-07-17 11:30:00-04:00,18.18000030517578,18.309999465942383,18.18000030517578,18.270000457763672,9849,0.0,0.0
2023-07-17 12:30:00-04:00,18.270000457763672,18.290000915527344,18.139999389648438,18.219999313354492,12612,0.0,0.0
2023-07-17 13:30:00-04:00,18.260000228881836,18.260000228881836,18.15999984741211,18.170000076293945,6418,0.0,0.0
2023-07-17 14:30:00-04:00,18.155000686645508,18.18000030517578,18.100000381469727,18.125,14882,0.0,0.0
2023-07-17 15:30:00-04:00,18.1299991607666,18.239999771118164,18.125,18.190000534057617,39083,0.0,0.0
2023-07-18 09:30:00-04:00,18.15999984741211,18.450000762939453,18.15999984741211,18.420000076293945,8087,0.0,0.0
2023-07-18 10:30:00-04:00,18.389999389648438,18.389999389648438,18.09000015258789,18.239999771118164,8428,0.0,0.0
2023-07-18 11:30:00-04:00,18.229999542236328,18.229999542236328,18.0,18.040000915527344,8132,0.0,0.0
2023-07-18 12:30:00-04:00,18.020000457763672,18.06999969482422,18.0,18.020000457763672,10110,0.0,0.0
2023-07-18 13:30:00-04:00,17.989999771118164,18.09000015258789,17.900299072265625,18.09000015258789,8736,0.0,0.0
2023-07-18 14:30:00-04:00,18.100000381469727,18.110000610351562,18.049999237060547,18.110000610351562,6351,0.0,0.0
2023-07-18 15:30:00-04:00,18.09000015258789,18.18000030517578,18.09000015258789,18.18000030517578,16095,0.0,0.0
2023-07-19 09:30:00-04:00,18.139999389648438,18.290000915527344,18.100000381469727,18.1200008392334,8852,0.0,0.0
2023-07-19 10:30:00-04:00,18.125,18.149999618530273,18.045000076293945,18.079999923706055,10498,0.0,0.0
2023-07-19 11:30:00-04:00,18.110000610351562,18.149999618530273,18.049999237060547,18.139999389648438,8813,0.0,0.0
2023-07-19 12:30:00-04:00,18.110000610351562,18.15999984741211,18.059999465942383,18.15999984741211,7546,0.0,0.0
2023-07-19 13:30:00-04:00,18.15999984741211,18.18000030517578,18.100000381469727,18.100000381469727,5586,0.0,0.0
2023-07-19 14:30:00-04:00,18.1200008392334,18.170000076293945,18.020000457763672,18.020000457763672,11209,0.0,0.0
2023-07-19 15:30:00-04:00,18.010000228881836,18.059999465942383,17.969999313354492,18.030000686645508,30770,0.0,0.0
2023-07-20 09:30:00-04:00,18.139999389648438,18.5,18.049999237060547,18.420000076293945,35766,0.0,0.0
2023-07-20 10:30:00-04:00,18.450000762939453,18.610000610351562,18.40999984741211,18.575000762939453,10880,0.0,0.0
2023-07-20 11:30:00-04:00,18.540000915527344,18.649999618530273,18.540000915527344,18.6200008392334,5692,0.0,0.0
2023-07-20 12:30:00-04:00,18.6200008392334,18.649999618530273,18.510000228881836,18.530000686645508,5405,0.0,0.0
2023-07-20 13:30:00-04:00,18.520000457763672,18.530000686645508,18.450000762939453,18.530000686645508,4910,0.0,0.0
2023-07-20 14:30:00-04:00,18.530000686645508,18.719999313354492,18.530000686645508,18.65999984741211,10124,0.0,0.0
2023-07-20 15:30:00-04:00,18.68000030517578,18.700000762939453,18.579999923706055,18.610000610351562,21571,0.0,0.0
2023-07-21 09:30:00-04:00,18.799999237060547,18.799999237060547,18.43000030517578,18.68000030517578,21307,0.0,0.0
2023-07-21 10:30:00-04:00,18.639999389648438,18.729999542236328,18.639999389648438,18.68000030517578,7937,0.0,0.0
2023-07-21 11:30:00-04:00,18.684999465942383,18.799999237060547,18.684999465942383,18.719999313354492,8285,0.0,0.0
2023-07-21 12:30:00-04:00,18.700000762939453,18.860000610351562,18.700000762939453,18.854999542236328,7405,0.0,0.0
2023-07-21 13:30:00-04:00,18.850000381469727,18.860000610351562,18.809999465942383,18.809999465942383,5232,0.0,0.0
2023-07-21 14:30:00-04:00,18.809999465942383,18.8700008392334,18.799999237060547,18.8700008392334,10640,0.0,0.0
2023-07-21 15:30:00-04:00,18.854999542236328,18.8799991607666,18.790000915527344,18.799999237060547,24047,0.0,0.0
2023-07-24 09:30:00-04:00,18.75,18.8700008392334,18.610000610351562,18.649999618530273,4737,0.0,0.0
2023-07-24 10:30:00-04:00,18.670000076293945,18.829999923706055,18.649999618530273,18.829999923706055,7646,0.0,0.0
2023-07-24 11:30:00-04:00,18.885000228881836,19.010000228881836,18.829999923706055,19.010000228881836,6513,0.0,0.0
2023-07-24 12:30:00-04:00,19.040000915527344,19.059999465942383,18.954999923706055,19.020000457763672,7509,0.0,0.0
2023-07-24 13:30:00-04:00,18.979999542236328,18.9950008392334,18.920000076293945,18.959999084472656,4654,0.0,0.0
2023-07-24 14:30:00-04:00,18.90999984741211,18.959999084472656,18.860000610351562,18.94499969482422,11606,0.0,0.0
2023-07-24 15:30:00-04:00,18.93000030517578,18.979999542236328,18.899999618530273,18.93400001525879,22599,0.0,0.0
2023-07-25 09:30:00-04:00,18.850000381469727,19.049999237060547,18.780000686645508,18.889999389648438,4358,0.0,0.0
2023-07-25 10:30:00-04:00,18.93000030517578,18.954999923706055,18.84000015258789,18.84000015258789,15402,0.0,0.0
2023-07-25 11:30:00-04:00,18.809999465942383,18.809999465942383,18.6299991607666,18.665000915527344,7984,0.0,0.0
2023-07-25 12:30:00-04:00,18.655000686645508,18.729999542236328,18.6299991607666,18.68000030517578,6716,0.0,0.0
2023-07-25 13:30:00-04:00,18.690000534057617,18.7549991607666,18.643999099731445,18.7549991607666,5797,0.0,0.0
2023-07-25 14:30:00-04:00,18.770000457763672,18.780000686645508,18.709999084472656,18.729999542236328,11427,0.0,0.0
2023-07-25 15:30:00-04:00,18.719999313354492,18.729999542236328,18.6299991607666,18.65999984741211,35010,0.0,0.0
2023-07-26 09:30:00-04:00,18.65999984741211,19.059999465942383,18.65999984741211,19.059999465942383,3879,0.0,0.0
2023-07-26 10:30:00-04:00,19.014999389648438,19.069900512695312,18.979999542236328,19.0,4569,0.0,0.0
2023-07-26 11:30:00-04:00,18.989999771118164,18.989999771118164,18.920000076293945,18.93000030517578,4060,0.0,0.0
2023-07-26 12:30:00-04:00,18.920000076293945,18.950000762939453,18.899999618530273,18.950000762939453,10736,0.0,0.0
2023-07-26 13:30:00-04:00,18.979999542236328,18.979999542236328,18.8799991607666,18.93000030517578,12716,0.0,0.0
2023-07-26 14:30:00-04:00,18.899999618530273,19.010000228881836,18.850000381469727,18.850000381469727,7327,0.0,0.0
2023-07-26 15:30:00-04:00,18.860000610351562,18.90999984741211,18.829999923706055,18.829999923706055,21066,0.0,0.0
2023-07-27 09:30:00-04:00,18.90999984741211,18.90999984741211,18.584999084472656,18.584999084472656,3976,0.0,0.0
2023-07-27 10:30:00-04:00,18.600000381469727,18.645000457763672,18.315000534057617,18.329999923706055,22856,0.0,0.0
2023-07-27 11:30:00-04:00,18.334999084472656,18.440000534057617,18.31999969482422,18.440000534057617,12178,0.0,0.0
2023-07-27 12:30:00-04:00,18.40999984741211,18.520000457763672,18.40999984741211,18.43000030517578,10836,0.0,0.0
2023-07-27 13:30:00-04:00,18.399999618530273,18.459999084472656,18.3799991607666,18.450000762939453,7597,0.0,0.0
2023-07-27 14:30:00-04:00,18.452199935913086,18.5,18.40999984741211,18.40999984741211,6945,0.0,0.0
2023-07-27 15:30:00-04:00,18.420000076293945,18.489999771118164,18.405000686645508,18.489999771118164,27262,0.0,0.0
2023-07-28 09:30:00-04:00,18.530000686645508,18.65999984741211,18.459999084472656,18.489999771118164,6550,0.0,0.0
2023-07-28 10:30:00-04:00,18.479999542236328,18.6299991607666,18.445899963378906,18.559999465942383,9036,0.0,0.0
2023-07-28 11:30:00-04:00,18.575000762939453,18.575000762939453,18.5,18.559999465942383,4136,0.0,0.0
2023-07-28 12:30:00-04:00,18.59000015258789,18.614999771118164,18.485000610351562,18.485000610351562,5264,0.0,0.0
2023-07-28 13:30:00-04:00,18.454999923706055,18.454999923706055,18.399999618530273,18.440000534057617,4605,0.0,0.0
2023-07-28 14:30:00-04:00,18.469999313354492,18.469999313354492,18.3799991607666,18.405000686645508,10391,0.0,0.0
2023-07-28 15:30:00-04:00,18.40999984741211,18.420000076293945,18.350000381469727,18.360000610351562,11108,0.0,0.0
2023-07-31 09:30:00-04:00,18.31999969482422,18.459999084472656,18.31999969482422,18.389999389648438,5607,0.0,0.0
2023-07-31 10:30:00-04:00,18.350000381469727,18.610000610351562,18.309999465942383,18.610000610351562,12856,0.0,0.0
2023-07-31 11:30:00-04:00,18.600000381469727,18.670000076293945,18.56999969482422,18.59000015258789,16209,0.0,0.0
2023-07-31 12:30:00-04:00,18.540000915527344,18.56999969482422,18.459999084472656,18.549999237060547,4797,0.0,0.0
2023-07-31 13:30:00-04:00,18.56999969482422,18.59000015258789,18.489999771118164,18.5,7204,0.0,0.0
2023-07-31 14:30:00-04:00,18.520000457763672,18.530000686645508,18.440000534057617,18.459999084472656,13563,0.0,0.0
2023-07-31 15:30:00-04:00,18.459999084472656,18.489999771118164,18.440000534057617,18.489999771118164,29666,0.0,0.0
2023-08-01 09:30:00-04:00,18.469999313354492,18.489999771118164,18.049999237060547,18.100000381469727,11551,0.0,0.0
2023-08-01 10:30:00-04:00,18.100000381469727,18.270000457763672,18.0,18.260000228881836,14033,0.0,0.0
2023-08-01 11:30:00-04:00,18.25,18.290000915527344,18.219999313354492,18.25,16319,0.0,0.0
2023-08-01 12:30:00-04:00,18.248600006103516,18.3700008392334,18.248600006103516,18.360000610351562,5682,0.0,0.0
2023-08-01 13:30:00-04:00,18.3700008392334,18.3700008392334,18.260000228881836,18.260000228881836,8736,0.0,0.0
2023-08-01 14:30:00-04:00,18.260000228881836,18.440000534057617,18.260000228881836,18.420000076293945,25007,0.0,0.0
2023-08-01 15:30:00-04:00,18.43000030517578,18.440000534057617,18.3700008392334,18.40999984741211,29693,0.0,0.0
2023-08-02 09:30:00-04:00,18.200000762939453,18.437999725341797,18.184999465942383,18.31999969482422,8564,0.0,0.0
2023-08-02 10:30:00-04:00,18.360000610351562,18.450000762939453,18.338600158691406,18.399999618530273,7790,0.0,0.0
2023-08-02 11:30:00-04:00,18.420000076293945,18.545000076293945,18.420000076293945,18.53499984741211,4637,0.0,0.0
2023-08-02 12:30:00-04:00,18.53499984741211,18.559999465942383,18.46500015258789,18.469999313354492,6453,0.0,0.0
2023-08-02 13:30:00-04:00,18.489999771118164,18.489999771118164,18.31999969482422,18.334999084472656,8618,0.0,0.0
2023-08-02 14:30:00-04:00,18.253599166870117,18.253599166870117,17.920000076293945,18.040000915527344,50979,0.0,0.0
2023-08-02 15:30:00-04:00,18.040000915527344,18.059999465942383,17.969999313354492,18.0,79054,0.0,0.0
2023-08-03 09:30:00-04:00,17.989999771118164,18.059999465942383,17.81999969482422,17.954999923706055,10103,0.0,0.0
2023-08-03 10:30:00-04:00,17.920000076293945,17.959999084472656,17.91990089416504,17.959999084472656,12974,0.0,0.0
2023-08-03 11:30:00-04:00,17.989999771118164,18.0,17.719999313354492,17.725000381469727,12927,0.0,0.0
2023-08-03 12:30:00-04:00,17.719999313354492,17.979999542236328,17.719999313354492,17.969999313354492,15660,0.0,0.0
2023-08-03 13:30:00-04:00,17.950000762939453,17.950000762939453,17.889999389648438,17.93000030517578,7487,0.0,0.0
2023-08-03 14:30:00-04:00,17.920000076293945,17.920000076293945,17.889999389648438,17.889999389648438,13039,0.0,0.0
2023-08-03 15:30:00-04:00,17.899999618530273,17.899999618530273,17.739999771118164,17.799999237060547,32795,0.0,0.0
2023-08-04 09:30:00-04:00,17.90999984741211,18.030000686645508,17.700000762939453,17.8799991607666,18811,0.0,0.0
2023-08-04 10:30:00-04:00,17.950000762939453,17.96500015258789,17.889999389648438,17.954999923706055,8935,0.0,0.0
2023-08-04 11:30:00-04:00,17.950000762939453,17.96500015258789,17.915000915527344,17.959999084472656,5634,0.0,0.0
2023-08-04 12:30:00-04:00,18.0,18.014999389648438,17.959999084472656,17.979999542236328,19272,0.0,0.0
2023-08-04 13:30:00-04:00,17.979999542236328,17.979999542236328,17.799999237060547,17.799999237060547,10623,0.0,0.0
2023-08-04 14:30:00-04:00,17.790000915527344,17.790000915527344,17.670000076293945,17.68000030517578,5641,0.0,0.0
2023-08-04 15:30:00-04:00,17.708999633789062,17.75,17.68000030517578,17.690000534057617,13858,0.0,0.0
2023-08-07 09:30:00-04:00,17.709999084472656,17.86090087890625,17.614999771118164,17.760000228881836,13473,0.0,0.0
2023-08-07 10:30:00-04:00,17.799999237060547,17.889999389648438,17.790000915527344,17.875,6138,0.0,0.0
2023-08-07 11:30:00-04:00,17.8700008392334,17.940000534057617,17.850000381469727,17.940000534057617,13771,0.0,0.0
2023-08-07 12:30:00-04:00,17.924999237060547,17.924999237060547,17.850000381469727,17.885000228881836,9467,0.0,0.0
2023-08-07 13:30:00-04:00,17.899999618530273,17.899999618530273,17.795000076293945,17.795000076293945,20916,0.0,0.0
2023-08-07 14:30:00-04:00,17.799999237060547,17.8799991607666,17.790000915527344,17.860000610351562,8636,0.0,0.0
2023-08-07 15:30:00-04:00,17.860000610351562,17.8799991607666,17.75,17.780000686645508,46941,0.0,0.0
2023-08-08 09:30:00-04:00,17.469999313354492,17.5,16.950000762939453,16.950000762939453,22776,0.0,0.0
2023-08-08 10:30:00-04:00,16.809999465942383,16.979999542236328,16.530000686645508,16.979999542236328,39838,0.0,0.0
2023-08-08 11:30:00-04:00,16.968799591064453,17.0,16.790000915527344,16.829999923706055,49628,0.0,0.0
2023-08-08 12:30:00-04:00,16.84000015258789,16.920000076293945,16.665000915527344,16.719999313354492,32727,0.0,0.0
2023-08-08 13:30:00-04:00,16.725000381469727,16.760000228881836,16.329999923706055,16.524999618530273,35044,0.0,0.0
2023-08-08 14:30:00-04:00,16.540000915527344,16.540000915527344,16.25,16.420000076293945,34674,0.0,0.0
2023-08-08 15:30:00-04:00,16.43000030517578,16.510000228881836,16.25,16.290000915527344,55436,0.0,0.0
2023-08-09 09:30:00-04:00,16.09000015258789,16.09000015258789,15.550000190734863,15.680000305175781,56596,0.0,0.0
2023-08-09 10:30:00-04:00,15.71500015258789,15.789999961853027,15.494999885559082,15.550000190734863,63565,0.0,0.0
2023-08-09 11:30:00-04:00,15.520000457763672,15.720000267028809,15.460000038146973,15.65999984741211,28814,0.0,0.0
2023-08-09 12:30:00-04:00,15.654999732971191,15.755000114440918,15.579999923706055,15.670000076293945,20005,0.0,0.0
2023-08-09 13:30:00-04:00,15.6850004196167,15.739999771118164,15.649999618530273,15.699999809265137,16748,0.0,0.0
2023-08-09 14:30:00-04:00,15.680000305175781,15.699999809265137,15.5,15.510000228881836,28176,0.0,0.0
2023-08-09 15:30:00-04:00,15.510000228881836,15.640000343322754,15.5,15.59000015258789,58726,0.0,0.0
2023-08-10 09:30:00-04:00,15.710000038146973,15.75,15.479999542236328,15.479999542236328,72806,0.0,0.0
2023-08-10 10:30:00-04:00,15.475000381469727,15.475000381469727,15.119999885559082,15.1899995803833,37569,0.0,0.0
2023-08-10 11:30:00-04:00,15.199999809265137,15.300000190734863,14.883000373840332,14.899999618530273,55718,0.0,0.0
2023-08-10 12:30:00-04:00,14.883000373840332,15.220000267028809,14.859999656677246,15.130000114440918,44246,0.0,0.0
2023-08-10 13:30:00-04:00,15.140000343322754,15.319999694824219,15.079999923706055,15.279999732971191,43546,0.0,0.0
2023-08-10 14:30:00-04:00,15.300000190734863,15.779999732971191,15.270000457763672,15.6899995803833,86291,0.0,0.0
2023-08-10 15:30:00-04:00,15.720000267028809,15.930000305175781,15.699999809265137,15.90999984741211,114284,0.0,0.0
2023-08-11 09:30:00-04:00,15.920000076293945,16.040000915527344,15.729999542236328,16.0,23538,0.0,0.0
2023-08-11 10:30:00-04:00,15.980999946594238,16.010000228881836,15.859999656677246,16.0,23240,0.0,0.0
2023-08-11 11:30:00-04:00,15.979999542236328,16.139999389648438,15.960000038146973,16.100000381469727,17423,0.0,0.0
2023-08-11 12:30:00-04:00,16.110000610351562,16.1299991607666,15.989999771118164,16.110000610351562,23074,0.0,0.0
2023-08-11 13:30:00-04:00,16.100000381469727,16.200000762939453,16.049999237060547,16.06999969482422,14763,0.0,0.0
2023-08-11 14:30:00-04:00,16.06999969482422,16.110000610351562,16.020000457763672,16.100000381469727,14861,0.0,0.0
2023-08-11 15:30:00-04:00,16.100000381469727,16.1200008392334,16.042499542236328,16.09000015258789,32505,0.0,0.0
2023-08-14 09:30:00-04:00,16.020000457763672,16.079999923706055,15.895000457763672,16.045000076293945,15984,0.0,0.0
2023-08-14 10:30:00-04:00,16.06999969482422,16.25,16.06999969482422,16.229999542236328,7554,0.0,0.0
2023-08-14 11:30:00-04:00,16.184999465942383,16.229999542236328,16.0,16.0,7445,0.0,0.0
2023-08-14 12:30:00-04:00,16.0,16.1200008392334,16.0,16.09000015258789,35598,0.0,0.0
2023-08-14 13:30:00-04:00,16.1200008392334,16.1200008392334,16.045000076293945,16.06999969482422,4312,0.0,0.0
2023-08-14 14:30:00-04:00,16.06999969482422,16.079999923706055,15.9350004196167,15.9350004196167,40085,0.0,0.0
2023-08-14 15:30:00-04:00,15.920000076293945,15.979999542236328,15.920000076293945,15.949999809265137,27067,0.0,0.0
2023-08-15 09:30:00-04:00,15.75,15.869999885559082,15.604999542236328,15.869999885559082,43738,0.0,0.0
2023-08-15 10:30:00-04:00,15.850000381469727,15.875,15.800000190734863,15.864999771118164,12803,0.0,0.0
2023-08-15 11:30:00-04:00,15.864999771118164,15.864999771118164,15.760000228881836,15.8100004196167,11159,0.0,0.0
2023-08-15 12:30:00-04:00,15.800000190734863,15.8100004196167,15.770000457763672,15.789999961853027,8389,0.0,0.0
2023-08-15 13:30:00-04:00,15.779999732971191,15.779999732971191,15.770000457763672,15.779999732971191,5831,0.0,0.0
2023-08-15 14:30:00-04:00,15.805000305175781,15.805000305175781,15.649999618530273,15.649999618530273,25038,0.0,0.0
2023-08-15 15:30:00-04:00,15.649999618530273,15.699999809265137,15.640000343322754,15.649999618530273,23469,0.0,0.0
2023-08-16 09:30:00-04:00,15.619999885559082,16.069900512695312,15.579999923706055,16.030000686645508,117662,0.0,0.0
2023-08-16 10:30:00-04:00,16.014999389648438,16.325000762939453,16.014999389648438,16.299999237060547,17557,0.0,0.0
2023-08-16 11:30:00-04:00,16.31999969482422,16.385000228881836,16.190000534057617,16.190000534057617,12603,0.0,0.0
2023-08-16 12:30:00-04:00,16.200000762939453,16.209999084472656,16.05500030517578,16.079999923706055,17668,0.0,0.0
2023-08-16 13:30:00-04:00,16.06999969482422,16.100000381469727,15.979999542236328,16.09000015258789,9069,0.0,0.0
2023-08-16 14:30:00-04:00,16.110000610351562,16.15999984741211,15.949999809265137,15.979999542236328,22045,0.0,0.0
2023-08-16 15:30:00-04:00,15.989999771118164,16.0,15.869999885559082,15.880000114440918,40090,0.0,0.0
2023-08-17 09:30:00-04:00,15.960000038146973,15.989999771118164,15.677399635314941,15.744999885559082,12685,0.0,0.0
2023-08-17 10:30:00-04:00,15.710000038146973,15.850000381469727,15.675000190734863,15.699999809265137,33900,0.0,0.0
2023-08-17 11:30:00-04:00,15.720000267028809,15.770000457763672,15.595000267028809,15.770000457763672,13391,0.0,0.0
2023-08-17 12:30:00-04:00,15.739999771118164,15.8100004196167,15.6850004196167,15.739999771118164,13440,0.0,0.0
2023-08-17 13:30:00-04:00,15.720000267028809,15.760000228881836,15.600000381469727,15.65999984741211,10709,0.0,0.0
2023-08-17 14:30:00-04:00,15.640000343322754,15.680000305175781,15.600000381469727,15.61989974975586,14408,0.0,0.0
2023-08-17 15:30:00-04:00,15.600000381469727,15.619999885559082,15.529999732971191,15.529999732971191,23133,0.0,0.0
2023-08-18 09:30:00-04:00,15.430000305175781,15.5600004196167,15.199999809265137,15.5600004196167,16382,0.0,0.0
2023-08-18 10:30:00-04:00,15.555000305175781,15.579999923706055,15.390000343322754,15.390000343322754,11592,0.0,0.0
2023-08-18 11:30:00-04:00,15.395000457763672,15.395000457763672,15.239999771118164,15.329999923706055,12935,0.0,0.0
2023-08-18 12:30:00-04:00,15.34000015258789,15.420000076293945,15.220000267028809,15.390000343322754,17877,0.0,0.0
2023-08-18 13:30:00-04:00,15.430000305175781,15.430000305175781,15.390000343322754,15.425000190734863,7757,0.0,0.0
2023-08-18 14:30:00-04:00,15.390000343322754,15.390000343322754,15.300000190734863,15.329999923706055,9067,0.0,0.0
2023-08-18 15:30:00-04:00,15.3100004196167,15.369999885559082,15.25,15.270000457763672,28609,0.0,0.0
2023-08-21 09:30:00-04:00,15.260000228881836,15.40999984741211,15.09000015258789,15.09000015258789,11063,0.0,0.0
2023-08-21 10:30:00-04:00,15.0,15.140000343322754,14.949999809265137,15.029999732971191,52447,0.0,0.0
2023-08-21 11:30:00-04:00,15.024999618530273,15.024999618530273,14.979999542236328,15.0,25549,0.0,0.0
2023-08-21 12:30:00-04:00,15.010000228881836,15.055000305175781,15.0,15.005000114440918,19828,0.0,0.0
2023-08-21 13:30:00-04:00,15.005000114440918,15.010000228881836,14.920000076293945,14.920000076293945,20435,0.0,0.0
2023-08-21 14:30:00-04:00,14.920000076293945,14.9399995803833,14.90999984741211,14.925000190734863,12356,0.0,0.0
2023-08-21 15:30:00-04:00,14.914999961853027,14.979999542236328,14.899999618530273,14.970000267028809,49226,0.0,0.0
2023-08-22 09:30:00-04:00,15.050000190734863,15.25,14.710000038146973,14.710000038146973,13349,0.0,0.0
2023-08-22 10:30:00-04:00,14.6899995803833,15.020000457763672,14.65999984741211,15.0,47482,0.0,0.0
2023-08-22 11:30:00-04:00,15.0,15.050000190734863,14.930000305175781,14.9399995803833,47756,0.0,0.0
2023-08-22 12:30:00-04:00,14.9350004196167,14.989999771118164,14.930000305175781,14.954999923706055,18538,0.0,0.0
2023-08-22 13:30:00-04:00,14.949999809265137,14.989999771118164,14.89109992980957,14.989999771118164,14173,0.0,0.0
2023-08-22 14:30:00-04:00,15.0,15.0,14.899999618530273,14.904999732971191,22775,0.0,0.0
2023-08-22 15:30:00-04:00,14.914999961853027,14.975000381469727,14.880000114440918,14.970000267028809,41823,0.0,0.0
2023-08-23 09:30:00-04:00,15.0,15.020000457763672,14.829999923706055,14.949999809265137,34979,0.0,0.0
2023-08-23 10:30:00-04:00,14.930000305175781,15.0600004196167,14.930000305175781,15.0600004196167,41435,0.0,0.0
2023-08-23 11:30:00-04:00,15.0600004196167,15.0600004196167,14.890000343322754,14.90999984741211,11474,0.0,0.0
2023-08-23 12:30:00-04:00,14.890000343322754,15.0,14.819999694824219,14.960000038146973,26932,0.0,0.0
2023-08-23 13:30:00-04:00,14.960000038146973,14.960000038146973,14.829999923706055,14.84000015258789,9243,0.0,0.0
2023-08-23 14:30:00-04:00,14.829999923706055,14.850000381469727,14.819999694824219,14.845000267028809,6013,0.0,0.0
2023-08-23 15:30:00-04:00,14.845000267028809,14.859999656677246,14.8100004196167,14.859999656677246,23938,0.0,0.0
2023-08-24 09:30:00-04:00,14.829999923706055,15.029999732971191,14.687999725341797,14.880000114440918,18440,0.0,0.0
2023-08-24 10:30:00-04:00,14.859999656677246,14.899999618530273,14.729999542236328,14.760000228881836,10874,0.0,0.0
2023-08-24 11:30:00-04:00,14.765000343322754,14.859999656677246,14.725000381469727,14.854999542236328,22399,0.0,0.0
2023-08-24 12:30:00-04:00,14.869999885559082,14.869999885559082,14.710000038146973,14.710000038146973,10214,0.0,0.0
2023-08-24 13:30:00-04:00,14.6899995803833,14.729999542236328,14.649999618530273,14.6899995803833,19464,0.0,0.0
2023-08-24 14:30:00-04:00,14.699999809265137,15.059900283813477,14.6899995803833,15.015000343322754,45019,0.0,0.0
2023-08-24 15:30:00-04:00,15.015000343322754,15.050000190734863,14.970000267028809,15.020000457763672,23306,0.0,0.0
2023-08-25 09:30:00-04:00,15.0600004196167,15.204999923706055,14.829999923706055,14.84000015258789,13727,0.0,0.0
2023-08-25 10:30:00-04:00,14.869999885559082,14.979999542236328,14.864999771118164,14.9350004196167,9404,0.0,0.0
2023-08-25 11:30:00-04:00,14.9350004196167,14.960000038146973,14.899999618530273,14.920000076293945,6299,0.0,0.0
2023-08-25 12:30:00-04:00,14.90999984741211,14.90999984741211,14.77340030670166,14.774999618530273,5200,0.0,0.0
2023-08-25 13:30:00-04:00,14.779999732971191,14.864999771118164,14.770000457763672,14.864999771118164,9220,0.0,0.0
2023-08-25 14:30:00-04:00,14.880000114440918,14.920000076293945,14.829999923706055,14.859999656677246,11595,0.0,0.0
2023-08-25 15:30:00-04:00,14.84000015258789,14.84000015258789,14.6899995803833,14.71500015258789,35003,0.0,0.0
2023-08-28 09:30:00-04:00,14.75,15.130000114440918,14.65999984741211,14.880000114440918,27394,0.0,0.0
2023-08-28 10:30:00-04:00,14.869999885559082,14.914999961853027,14.720000267028809,14.75,6890,0.0,0.0
2023-08-28 11:30:00-04:00,14.704999923706055,14.75,14.680000305175781,14.699999809265137,5735,0.0,0.0
2023-08-28 12:30:00-04:00,14.68120002746582,14.760000228881836,14.68120002746582,14.731100082397461,11175,0.0,0.0
2023-08-28 13:30:00-04:00,14.75,14.760000228881836,14.600000381469727,14.604999542236328,10535,0.0,0.0
2023-08-28 14:30:00-04:00,14.619999885559082,14.640000343322754,14.59000015258789,14.600000381469727,13518,0.0,0.0
2023-08-28 15:30:00-04:00,14.59000015258789,14.630000114440918,14.550000190734863,14.5600004196167,21876,0.0,0.0
2023-08-29 09:30:00-04:00,14.609999656677246,14.880000114440918,14.579999923706055,14.829999923706055,16649,0.0,0.0
2023-08-29 10:30:00-04:00,14.829999923706055,14.835000038146973,14.640000343322754,14.6899995803833,14700,0.0,0.0
2023-08-29 11:30:00-04:00,14.710000038146973,14.755000114440918,14.6899995803833,14.710000038146973,15505,0.0,0.0
2023-08-29 12:30:00-04:00,14.720000267028809,14.720000267028809,14.640000343322754,14.6899995803833,8220,0.0,0.0
2023-08-29 13:30:00-04:00,14.65999984741211,14.694999694824219,14.65999984741211,14.680000305175781,6910,0.0,0.0
2023-08-29 14:30:00-04:00,14.6850004196167,14.734999656677246,14.625900268554688,14.6899995803833,38106,0.0,0.0
2023-08-29 15:30:00-04:00,14.699999809265137,14.779999732971191,14.6899995803833,14.75,38464,0.0,0.0
2023-08-30 09:30:00-04:00,14.670000076293945,14.84000015258789,14.609999656677246,14.720000267028809,9647,0.0,0.0
2023-08-30 10:30:00-04:00,14.729999542236328,14.890000343322754,14.729999542236328,14.84000015258789,10746,0.0,0.0
2023-08-30 11:30:00-04:00,14.859999656677246,14.859999656677246,14.779999732971191,14.78499984741211,6968,0.0,0.0
2023-08-30 12:30:00-04:00,14.78499984741211,14.800000190734863,14.640000343322754,14.734999656677246,15340,0.0,0.0
2023-08-30 13:30:00-04:00,14.75,14.8100004196167,14.699999809265137,14.739999771118164,32246,0.0,0.0
2023-08-30 14:30:00-04:00,14.75,14.75,14.539999961853027,14.569999694824219,17911,0.0,0.0
2023-08-30 15:30:00-04:00,14.550000190734863,14.649999618530273,14.510000228881836,14.619999885559082,41374,0.0,0.0
2023-08-31 09:30:00-04:00,14.649999618530273,14.8100004196167,14.640000343322754,14.640000343322754,10870,0.0,0.0
2023-08-31 10:30:00-04:00,14.645000457763672,14.880000114440918,14.645000457763672,14.854999542236328,62181,0.0,0.0
2023-08-31 11:30:00-04:00,14.829999923706055,14.890000343322754,14.819999694824219,14.835000038146973,9196,0.0,0.0
2023-08-31 12:30:00-04:00,14.829999923706055,14.829999923706055,14.770000457763672,14.770000457763672,12746,0.0,0.0
2023-08-31 13:30:00-04:00,14.739999771118164,14.739999771118164,14.614999771118164,14.619999885559082,9022,0.0,0.0
2023-08-31 14:30:00-04:00,14.609999656677246,14.609999656677246,14.550000190734863,14.5600004196167,6394,0.0,0.0
2023-08-31 15:30:00-04:00,14.5649995803833,14.6899995803833,14.510000228881836,14.5600004196167,37837,0.0,0.0
2023-09-01 09:30:00-04:00,14.710000038146973,15.045000076293945,14.710000038146973,15.045000076293945,24377,0.0,0.0
2023-09-01 10:30:00-04:00,15.045000076293945,15.100000381469727,14.960000038146973,15.100000381469727,16739,0.0,0.0
2023-09-01 11:30:00-04:00,15.100000381469727,15.210000038146973,15.079999923706055,15.210000038146973,24669,0.0,0.0
2023-09-01 12:30:00-04:00,15.199999809265137,15.199999809265137,15.145000457763672,15.199999809265137,10559,0.0,0.0
2023-09-01 13:30:00-04:00,15.1983003616333,15.319999694824219,15.1983003616333,15.289999961853027,24810,0.0,0.0
2023-09-01 14:30:00-04:00,15.295000076293945,15.40999984741211,15.279999732971191,15.380000114440918,14845,0.0,0.0
2023-09-01 15:30:00-04:00,15.385000228881836,15.40999984741211,15.274999618530273,15.369999885559082,50656,0.0,0.0
2023-09-05 09:30:00-04:00,15.210000038146973,15.210000038146973,14.75,14.899999618530273,44933,0.0,0.0
2023-09-05 10:30:00-04:00,14.899999618530273,15.0,14.8100004196167,14.943499565124512,15002,0.0,0.0
2023-09-05 11:30:00-04:00,14.960000038146973,14.994999885559082,14.819999694824219,14.819999694824219,11216,0.0,0.0
2023-09-05 12:30:00-04:00,14.779999732971191,14.779999732971191,14.65999984741211,14.725000381469727,12184,0.0,0.0
2023-09-05 13:30:00-04:00,14.729999542236328,14.729999542236328,14.670000076293945,14.6899995803833,7671,0.0,0.0
2023-09-05 14:30:00-04:00,14.65999984741211,14.760000228881836,14.65999984741211,14.739999771118164,12500,0.0,0.0
2023-09-05 15:30:00-04:00,14.739999771118164,14.769000053405762,14.65999984741211,14.680000305175781,21170,0.0,0.0
2023-09-06 09:30:00-04:00,14.630000114440918,14.710000038146973,14.5,14.670000076293945,13736,0.0,0.0
2023-09-06 10:30:00-04:00,14.65999984741211,14.65999984741211,14.475000381469727,14.489999771118164,21181,0.0,0.0
2023-09-06 11:30:00-04:00,14.484999656677246,14.520000457763672,14.451000213623047,14.5,11562,0.0,0.0
2023-09-06 12:30:00-04:00,14.520000457763672,14.520000457763672,14.430000305175781,14.430000305175781,6403,0.0,0.0
2023-09-06 13:30:00-04:00,14.430000305175781,14.430000305175781,14.369999885559082,14.369999885559082,6909,0.0,0.0
2023-09-06 14:30:00-04:00,14.380000114440918,14.5600004196167,14.380000114440918,14.529999732971191,23978,0.0,0.0
2023-09-06 15:30:00-04:00,14.53499984741211,14.574999809265137,14.529999732971191,14.529999732971191,17736,0.0,0.0
2023-09-07 09:30:00-04:00,14.59000015258789,14.59000015258789,14.029999732971191,14.109999656677246,19761,0.0,0.0
2023-09-07 10:30:00-04:00,14.140000343322754,14.199999809265137,14.085000038146973,14.100000381469727,11501,0.0,0.0
2023-09-07 11:30:00-04:00,14.100000381469727,14.170000076293945,14.039999961853027,14.039999961853027,16812,0.0,0.0
2023-09-07 12:30:00-04:00,14.029999732971191,14.100000381469727,13.9399995803833,13.944999694824219,15607,0.0,0.0
2023-09-07 13:30:00-04:00,13.960000038146973,14.100000381469727,13.960000038146973,14.100000381469727,23304,0.0,0.0
2023-09-07 14:30:00-04:00,14.095000267028809,14.095000267028809,14.010000228881836,14.029999732971191,27940,0.0,0.0
2023-09-07 15:30:00-04:00,14.024999618530273,14.109999656677246,13.989999771118164,14.050000190734863,50756,0.0,0.0
2023-09-08 09:30:00-04:00,14.0,14.130000114440918,13.869999885559082,14.119999885559082,16011,0.0,0.0
2023-09-08 10:30:00-04:00,14.100000381469727,14.234999656677246,14.069999694824219,14.1899995803833,18943,0.0,0.0
2023-09-08 11:30:00-04:00,14.199999809265137,14.279999732971191,14.1899995803833,14.239999771118164,12679,0.0,0.0
2023-09-08 12:30:00-04:00,14.234999656677246,14.380000114440918,14.175000190734863,14.350000381469727,45442,0.0,0.0
2023-09-08 13:30:00-04:00,14.319999694824219,14.380000114440918,14.239999771118164,14.369999885559082,11255,0.0,0.0
2023-09-08 14:30:00-04:00,14.375,14.420000076293945,14.359999656677246,14.420000076293945,13629,0.0,0.0
2023-09-08 15:30:00-04:00,14.399999618530273,14.470000267028809,14.399999618530273,14.470000267028809,30131,0.0,0.0
2023-09-11 09:30:00-04:00,14.609999656677246,14.75,14.479999542236328,14.734999656677246,17394,0.0,0.0
2023-09-11 10:30:00-04:00,14.739999771118164,14.749600410461426,14.555000305175781,14.555000305175781,13445,0.0,0.0
2023-09-11 11:30:00-04:00,14.545000076293945,14.670000076293945,14.5,14.645000457763672,9528,0.0,0.0
2023-09-11 12:30:00-04:00,14.640000343322754,14.640000343322754,14.5600004196167,14.630000114440918,8802,0.0,0.0
2023-09-11 13:30:00-04:00,14.619999885559082,14.649999618530273,14.579999923706055,14.600000381469727,7265,0.0,0.0
2023-09-11 14:30:00-04:00,14.609999656677246,14.619999885559082,14.550000190734863,14.5600004196167,8883,0.0,0.0
2023-09-11 15:30:00-04:00,14.5600004196167,14.59000015258789,14.520000457763672,14.59000015258789,18219,0.0,0.0
2023-09-12 09:30:00-04:00,14.5,14.640000343322754,14.460000038146973,14.505000114440918,36223,0.0,0.0
2023-09-12 10:30:00-04:00,14.5,14.729999542236328,14.494999885559082,14.649999618530273,38745,0.0,0.0
2023-09-12 11:30:00-04:00,14.649999618530273,14.65999984741211,14.569999694824219,14.609999656677246,18798,0.0,0.0
2023-09-12 12:30:00-04:00,14.600000381469727,14.600000381469727,14.539999961853027,14.550000190734863,13305,0.0,0.0
2023-09-12 13:30:00-04:00,14.550000190734863,14.550000190734863,14.470000267028809,14.479999542236328,16011,0.0,0.0
2023-09-12 14:30:00-04:00,14.460000038146973,14.470000267028809,14.380000114440918,14.380000114440918,14473,0.0,0.0
2023-09-12 15:30:00-04:00,14.380000114440918,14.579999923706055,14.380000114440918,14.569999694824219,47540,0.0,0.0
2023-09-13 09:30:00-04:00,14.5600004196167,14.729999542236328,14.520000457763672,14.649999618530273,15086,0.0,0.0
2023-09-13 10:30:00-04:00,14.649999618530273,14.760000228881836,14.649999618530273,14.65999984741211,13899,0.0,0.0
2023-09-13 11:30:00-04:00,14.670000076293945,14.760000228881836,14.670000076293945,14.744999885559082,17182,0.0,0.0
2023-09-13 12:30:00-04:00,14.739999771118164,14.755000114440918,14.699999809265137,14.71500015258789,18514,0.0,0.0
2023-09-13 13:30:00-04:00,14.710000038146973,14.755000114440918,14.710000038146973,14.75,15372,0.0,0.0
2023-09-13 14:30:00-04:00,14.739999771118164,14.739999771118164,14.670000076293945,14.699999809265137,10319,0.0,0.0
2023-09-13 15:30:00-04:00,14.699999809265137,14.710000038146973,14.65999984741211,14.6899995803833,23998,0.0,0.0
2023-09-14 09:30:00-04:00,14.829999923706055,14.949999809265137,14.819999694824219,14.90999984741211,12934,0.0,0.0
2023-09-14 10:30:00-04:00,14.869999885559082,14.90999984741211,14.84000015258789,14.869999885559082,21633,0.0,0.0
2023-09-14 11:30:00-04:00,14.864999771118164,14.899999618530273,14.770000457763672,14.779999732971191,13814,0.0,0.0
2023-09-14 12:30:00-04:00,14.789999961853027,14.789999961853027,14.739999771118164,14.755000114440918,15064,0.0,0.0
2023-09-14 13:30:00-04:00,14.755000114440918,14.819999694824219,14.755000114440918,14.8100004196167,9678,0.0,0.0
2023-09-14 14:30:00-04:00,14.8100004196167,14.8100004196167,14.75,14.760000228881836,14206,0.0,0.0
2023-09-14 15:30:00-04:00,14.770000457763672,14.8149995803833,14.75,14.779999732971191,27522,0.0,0.0
2023-09-15 09:30:00-04:00,14.84000015258789,14.869999885559082,14.640000343322754,14.720000267028809,67603,0.0,0.0
2023-09-15 10:30:00-04:00,14.760000228881836,14.779999732971191,14.6899995803833,14.774999618530273,12238,0.0,0.0
2023-09-15 11:30:00-04:00,14.75,14.75,14.649999618530273,14.699999809265137,12171,0.0,0.0
2023-09-15 12:30:00-04:00,14.704999923706055,14.729999542236328,14.649999618530273,14.710000038146973,10708,0.0,0.0
2023-09-15 13:30:00-04:00,14.699999809265137,14.739999771118164,14.6899995803833,14.720000267028809,16710,0.0,0.0
2023-09-15 14:30:00-04:00,14.725000381469727,14.979999542236328,14.710000038146973,14.920000076293945,36005,0.0,0.0
2023-09-15 15:30:00-04:00,14.930000305175781,15.020000457763672,14.90999984741211,14.960000038146973,117018,0.0,0.0
2023-09-18 09:30:00-04:00,14.970000267028809,14.970000267028809,14.680000305175781,14.795000076293945,21239,0.0,0.0
2023-09-18 10:30:00-04:00,14.805000305175781,14.824999809265137,14.729999542236328,14.824999809265137,24062,0.0,0.0
2023-09-18 11:30:00-04:00,14.819999694824219,14.869999885559082,14.819999694824219,14.859999656677246,5970,0.0,0.0
2023-09-18 12:30:00-04:00,14.869999885559082,14.91469955444336,14.835000038146973,14.84000015258789,13192,0.0,0.0
2023-09-18 13:30:00-04:00,14.845000267028809,14.845000267028809,14.720000267028809,14.734999656677246,13439,0.0,0.0
2023-09-18 14:30:00-04:00,14.739999771118164,14.850000381469727,14.739999771118164,14.845000267028809,35550,0.0,0.0
2023-09-18 15:30:00-04:00,14.850000381469727,14.850000381469727,14.819999694824219,14.829999923706055,23402,0.0,0.0
2023-09-19 09:30:00-04:00,14.850000381469727,15.0,14.770000457763672,14.890000343322754,19593,0.0,0.0
2023-09-19 10:30:00-04:00,14.899999618530273,14.979999542236328,14.869999885559082,14.880000114440918,21031,0.0,0.0
2023-09-19 11:30:00-04:00,14.885000228881836,15.0,14.880000114440918,14.925000190734863,17583,0.0,0.0
2023-09-19 12:30:00-04:00,14.930000305175781,14.970000267028809,14.930000305175781,14.960000038146973,9488,0.0,0.0
2023-09-19 13:30:00-04:00,14.970000267028809,15.0,14.9399995803833,14.9399995803833,15775,0.0,0.0
2023-09-19 14:30:00-04:00,14.949999809265137,14.960000038146973,14.930000305175781,14.960000038146973,15049,0.0,0.0
2023-09-19 15:30:00-04:00,14.949999809265137,14.970000267028809,14.890000343322754,14.9399995803833,37292,0.0,0.0
2023-09-20 09:30:00-04:00,14.989999771118164,15.0600004196167,14.960000038146973,15.0600004196167,21395,0.0,0.0
2023-09-20 10:30:00-04:00,15.0600004196167,15.0600004196167,14.984999656677246,15.0,24038,0.0,0.0
2023-09-20 11:30:00-04:00,15.0,15.0,14.989999771118164,15.0,8332,0.0,0.0
2023-09-20 12:30:00-04:00,15.0,15.0,14.989999771118164,14.999099731445312,6383,0.0,0.0
2023-09-20 13:30:00-04:00,15.0,15.069999694824219,14.960000038146973,15.024999618530273,8852,0.0,0.0
2023-09-20 14:30:00-04:00,15.010000228881836,15.020000457763672,14.895000457763672,14.930000305175781,34640,0.0,0.0
2023-09-20 15:30:00-04:00,14.960000038146973,14.960000038146973,14.829999923706055,14.829999923706055,48661,0.0,0.0
2023-09-21 09:30:00-04:00,14.829999923706055,15.0600004196167,14.779999732971191,15.050000190734863,11083,0.0,0.0
2023-09-21 10:30:00-04:00,15.09000015258789,15.114999771118164,15.0,15.010000228881836,7239,0.0,0.0
2023-09-21 11:30:00-04:00,15.0600004196167,15.109999656677246,15.050000190734863,15.100000381469727,6399,0.0,0.0
2023-09-21 12:30:00-04:00,15.100000381469727,15.130000114440918,15.050000190734863,15.125,7483,0.0,0.0
2023-09-21 13:30:00-04:00,15.140000343322754,15.239999771118164,15.140000343322754,15.225000381469727,15925,0.0,0.0
2023-09-21 14:30:00-04:00,15.220000267028809,15.289999961853027,15.199999809265137,15.279999732971191,6536,0.0,0.0
2023-09-21 15:30:00-04:00,15.28499984741211,15.369999885559082,15.260000228881836,15.260000228881836,31742,0.0,0.0
2023-09-22 09:30:00-04:00,15.220000267028809,15.529999732971191,15.220000267028809,15.529999732971191,15542,0.0,0.0
2023-09-22 10:30:00-04:00,15.557000160217285,15.557000160217285,15.449999809265137,15.550000190734863,14372,0.0,0.0
2023-09-22 11:30:00-04:00,15.550000190734863,15.640000343322754,15.536999702453613,15.640000343322754,9597,0.0,0.0
2023-09-22 12:30:00-04:00,15.649999618530273,15.670000076293945,15.600000381469727,15.600000381469727,9669,0.0,0.0
2023-09-22 13:30:00-04:00,15.59000015258789,15.675000190734863,15.550000190734863,15.675000190734863,14608,0.0,0.0
2023-09-22 14:30:00-04:00,15.65999984741211,15.680000305175781,15.569999694824219,15.649999618530273,14028,0.0,0.0
2023-09-22 15:30:00-04:00,15.640000343322754,15.649999618530273,15.569999694824219,15.609999656677246,32299,0.0,0.0
2023-09-25 09:30:00-04:00,15.430000305175781,15.619999885559082,15.350000381469727,15.460000038146973,13981,0.0,0.0
2023-09-25 10:30:00-04:00,15.510000228881836,15.53499984741211,15.449999809265137,15.46500015258789,14819,0.0,0.0
2023-09-25 11:30:00-04:00,15.46500015258789,15.8100004196167,15.449999809265137,15.795000076293945,13745,0.0,0.0
2023-09-25 12:30:00-04:00,15.819999694824219,15.869999885559082,15.779999732971191,15.78499984741211,8622,0.0,0.0
2023-09-25 13:30:00-04:00,15.779999732971191,15.845000267028809,15.779999732971191,15.800000190734863,9334,0.0,0.0
2023-09-25 14:30:00-04:00,15.800000190734863,15.800000190734863,15.699999809265137,15.765000343322754,14320,0.0,0.0
2023-09-25 15:30:00-04:00,15.765000343322754,15.779999732971191,15.65999984741211,15.729999542236328,32955,0.0,0.0
2023-09-26 09:30:00-04:00,15.609999656677246,15.880000114440918,15.4350004196167,15.744999885559082,15467,0.0,0.0
2023-09-26 10:30:00-04:00,15.720000267028809,15.8100004196167,15.609999656677246,15.741000175476074,12091,0.0,0.0
2023-09-26 11:30:00-04:00,15.75,15.800000190734863,15.710000038146973,15.800000190734863,8904,0.0,0.0
2023-09-26 12:30:00-04:00,15.789999961853027,15.8100004196167,15.710000038146973,15.739999771118164,11608,0.0,0.0
2023-09-26 13:30:00-04:00,15.744999885559082,15.744999885559082,15.579999923706055,15.600000381469727,16346,0.0,0.0
2023-09-26 14:30:00-04:00,15.602999687194824,15.602999687194824,15.520000457763672,15.520000457763672,16892,0.0,0.0
2023-09-26 15:30:00-04:00,15.529999732971191,15.59000015258789,15.420000076293945,15.460000038146973,56192,0.0,0.0
2023-09-27 09:30:00-04:00,15.460000038146973,15.760000228881836,15.460000038146973,15.699999809265137,26086,0.0,0.0
2023-09-27 10:30:00-04:00,15.649999618530273,15.739800453186035,15.579999923706055,15.59000015258789,14229,0.0,0.0
2023-09-27 11:30:00-04:00,15.600000381469727,15.600000381469727,15.489999771118164,15.5,14061,0.0,0.0
2023-09-27 12:30:00-04:00,15.539999961853027,15.5649995803833,15.40999984741211,15.40999984741211,8223,0.0,0.0
2023-09-27 13:30:00-04:00,15.404999732971191,15.569999694824219,15.385000228881836,15.569999694824219,15037,0.0,0.0
2023-09-27 14:30:00-04:00,15.579999923706055,15.640000343322754,15.529999732971191,15.614999771118164,13299,0.0,0.0
2023-09-27 15:30:00-04:00,15.600000381469727,15.604999542236328,15.5,15.539999961853027,34980,0.0,0.0
2023-09-28 09:30:00-04:00,15.59000015258789,15.619999885559082,15.470000267028809,15.489999771118164,15862,0.0,0.0
2023-09-28 10:30:00-04:00,15.574999809265137,15.619999885559082,15.5600004196167,15.619999885559082,8297,0.0,0.0
2023-09-28 11:30:00-04:00,15.630000114440918,15.720000267028809,15.630000114440918,15.720000267028809,8404,0.0,0.0
2023-09-28 12:30:00-04:00,15.739999771118164,15.739999771118164,15.59000015258789,15.595000267028809,8689,0.0,0.0
2023-09-28 13:30:00-04:00,15.569999694824219,15.630000114440918,15.569999694824219,15.630000114440918,6304,0.0,0.0
2023-09-28 14:30:00-04:00,15.630000114440918,15.65999984741211,15.609999656677246,15.619999885559082,8131,0.0,0.0
2023-09-28 15:30:00-04:00,15.609999656677246,15.609999656677246,15.390000343322754,15.430000305175781,39585,0.0,0.0
2023-09-29 09:30:00-04:00,15.420000076293945,15.5,15.229999542236328,15.270000457763672,17193,0.0,0.0
2023-09-29 10:30:00-04:00,15.277000427246094,15.399999618530273,15.270000457763672,15.395000457763672,13812,0.0,0.0
2023-09-29 11:30:00-04:00,15.395000457763672,15.4399995803833,15.350000381469727,15.414999961853027,13745,0.0,0.0
2023-09-29 12:30:00-04:00,15.385000228881836,15.390000343322754,15.239999771118164,15.270000457763672,14857,0.0,0.0
2023-09-29 13:30:00-04:00,15.260000228881836,15.289999961853027,15.239999771118164,15.260000228881836,11927,0.0,0.0
2023-09-29 14:30:00-04:00,15.229999542236328,15.260000228881836,15.1899995803833,15.239999771118164,18605,0.0,0.0
2023-09-29 15:30:00-04:00,15.239999771118164,15.399999618530273,15.225000381469727,15.34000015258789,71052,0.0,0.0
2023-10-02 09:30:00-04:00,15.279999732971191,15.279999732971191,14.960000038146973,15.145000457763672,29241,0.0,0.0
2023-10-02 10:30:00-04:00,15.145000457763672,15.1899995803833,14.970000267028809,15.15999984741211,37563,0.0,0.0
2023-10-02 11:30:00-04:00,15.170000076293945,15.170000076293945,15.0600004196167,15.109999656677246,13468,0.0,0.0
2023-10-02 12:30:00-04:00,15.100000381469727,15.164999961853027,15.09000015258789,15.09000015258789,22596,0.0,0.0
2023-10-02 13:30:00-04:00,15.074999809265137,15.140000343322754,15.055000305175781,15.069999694824219,18621,0.0,0.0
2023-10-02 14:30:00-04:00,15.079999923706055,15.130000114440918,15.079999923706055,15.130000114440918,27499,0.0,0.0
2023-10-02 15:30:00-04:00,15.130000114440918,15.239999771118164,15.119999885559082,15.220000267028809,36127,0.0,0.0
2023-10-03 09:30:00-04:00,15.15999984741211,15.300000190734863,15.0600004196167,15.270000457763672,19389,0.0,0.0
2023-10-03 10:30:00-04:00,15.270000457763672,15.289999961853027,15.15999984741211,15.289999961853027,25715,0.0,0.0
2023-10-03 11:30:00-04:00,15.300000190734863,15.305000305175781,15.145000457763672,15.260000228881836,14618,0.0,0.0
2023-10-03 12:30:00-04:00,15.255000114440918,15.358599662780762,15.225000381469727,15.329999923706055,18199,0.0,0.0
2023-10-03 13:30:00-04:00,15.3100004196167,15.3100004196167,15.199999809265137,15.20199966430664,16495,0.0,0.0
2023-10-03 14:30:00-04:00,15.210000038146973,15.239999771118164,15.074999809265137,15.09000015258789,16920,0.0,0.0
2023-10-03 15:30:00-04:00,15.069999694824219,15.119999885559082,15.039999961853027,15.074999809265137,28061,0.0,0.0
2023-10-04 09:30:00-04:00,15.039999961853027,15.039999961853027,14.579999923706055,14.734999656677246,23980,0.0,0.0
2023-10-04 10:30:00-04:00,14.789999961853027,14.890000343322754,14.720000267028809,14.890000343322754,16021,0.0,0.0
2023-10-04 11:30:00-04:00,14.880000114440918,14.949999809265137,14.829999923706055,14.899999618530273,12585,0.0,0.0
2023-10-04 12:30:00-04:00,14.930000305175781,14.949999809265137,14.78499984741211,14.800000190734863,13520,0.0,0.0
2023-10-04 13:30:00-04:00,14.800000190734863,14.819999694824219,14.779999732971191,14.8100004196167,19149,0.0,0.0
2023-10-04 14:30:00-04:00,14.819999694824219,14.90999984741211,14.789999961853027,14.890000343322754,37254,0.0,0.0
2023-10-04 15:30:00-04:00,14.90999984741211,14.979999542236328,14.829999923706055,14.859999656677246,37105,0.0,0.0
2023-10-05 09:30:00-04:00,14.869999885559082,15.079999923706055,14.699999809265137,14.979999542236328,9996,0.0,0.0
2023-10-05 10:30:00-04:00,14.960000038146973,15.020000457763672,14.899999618530273,14.9350004196167,9199,0.0,0.0
2023-10-05 11:30:00-04:00,14.899999618530273,14.899999618530273,14.819999694824219,14.84000015258789,3744,0.0,0.0
2023-10-05 12:30:00-04:00,14.84000015258789,15.029999732971191,14.84000015258789,15.029999732971191,12982,0.0,0.0
2023-10-05 13:30:00-04:00,15.010000228881836,15.119999885559082,15.010000228881836,15.109999656677246,25444,0.0,0.0
2023-10-05 14:30:00-04:00,15.109999656677246,15.140000343322754,15.020000457763672,15.039999961853027,15554,0.0,0.0
2023-10-05 15:30:00-04:00,15.029999732971191,15.0600004196167,14.984999656677246,15.020000457763672,31039,0.0,0.0
2023-10-06 09:30:00-04:00,15.029999732971191,15.039999961853027,14.890000343322754,14.984999656677246,7807,0.0,0.0
2023-10-06 10:30:00-04:00,14.96500015258789,14.96500015258789,14.8100004196167,14.890000343322754,17235,0.0,0.0
2023-10-06 11:30:00-04:00,14.890000343322754,14.960000038146973,14.84000015258789,14.899999618530273,34512,0.0,0.0
2023-10-06 12:30:00-04:00,14.895000457763672,14.90999984741211,14.770000457763672,14.781000137329102,14728,0.0,0.0
2023-10-06 13:30:00-04:00,14.8100004196167,14.8100004196167,14.760000228881836,14.795000076293945,12416,0.0,0.0
2023-10-06 14:30:00-04:00,14.800000190734863,14.9399995803833,14.770000457763672,14.9399995803833,20819,0.0,0.0
2023-10-06 15:30:00-04:00,14.90999984741211,14.979999542236328,14.890000343322754,14.9399995803833,32920,0.0,0.0
2023-10-09 09:30:00-04:00,14.890000343322754,14.890000343322754,14.6899995803833,14.706100463867188,11415,0.0,0.0
2023-10-09 10:30:00-04:00,14.710000038146973,14.774999618530273,14.680000305175781,14.76200008392334,23697,0.0,0.0
2023-10-09 11:30:00-04:00,14.770000457763672,14.9399995803833,14.720000267028809,14.850000381469727,13322,0.0,0.0
2023-10-09 12:30:00-04:00,14.859999656677246,14.869999885559082,14.84000015258789,14.850000381469727,4436,0.0,0.0
2023-10-09 13:30:00-04:00,14.859999656677246,15.039999961853027,14.859999656677246,14.984999656677246,13360,0.0,0.0
2023-10-09 14:30:00-04:00,14.979999542236328,14.979999542236328,14.859999656677246,14.880000114440918,7987,0.0,0.0
2023-10-09 15:30:00-04:00,14.869999885559082,14.8774995803833,14.729999542236328,14.760000228881836,28005,0.0,0.0
2023-10-10 09:30:00-04:00,14.6899995803833,14.795000076293945,14.420000076293945,14.65999984741211,30294,0.0,0.0
2023-10-10 10:30:00-04:00,14.620100021362305,14.710000038146973,14.569999694824219,14.614999771118164,20904,0.0,0.0
2023-10-10 11:30:00-04:00,14.614999771118164,14.670000076293945,14.59000015258789,14.609999656677246,21806,0.0,0.0
2023-10-10 12:30:00-04:00,14.600000381469727,14.680000305175781,14.59000015258789,14.679900169372559,11499,0.0,0.0
2023-10-10 13:30:00-04:00,14.680000305175781,14.729999542236328,14.579999923706055,14.65999984741211,14265,0.0,0.0
2023-10-10 14:30:00-04:00,14.65999984741211,14.710000038146973,14.65999984741211,14.699999809265137,11344,0.0,0.0
2023-10-10 15:30:00-04:00,14.710000038146973,14.710000038146973,14.640000343322754,14.6899995803833,25865,0.0,0.0
2023-10-11 09:30:00-04:00,14.6899995803833,14.850000381469727,14.319999694824219,14.819999694824219,35928,0.0,0.0
2023-10-11 10:30:00-04:00,14.859999656677246,14.869999885559082,14.6899995803833,14.770000457763672,17691,0.0,0.0
2023-10-11 11:30:00-04:00,14.779999732971191,14.800000190734863,14.680000305175781,14.6899995803833,10696,0.0,0.0
2023-10-11 12:30:00-04:00,14.65999984741211,14.739999771118164,14.65999984741211,14.739999771118164,7205,0.0,0.0
2023-10-11 13:30:00-04:00,14.720000267028809,14.789999961853027,14.71500015258789,14.789999961853027,5100,0.0,0.0
2023-10-11 14:30:00-04:00,14.800000190734863,14.800000190734863,14.6899995803833,14.734999656677246,24150,0.0,0.0
2023-10-11 15:30:00-04:00,14.729999542236328,14.739999771118164,14.670000076293945,14.670000076293945,34824,0.0,0.0
2023-10-12 09:30:00-04:00,14.75,14.75,14.470000267028809,14.630000114440918,11315,0.0,0.0
2023-10-12 10:30:00-04:00,14.600000381469727,14.600000381469727,14.5,14.529999732971191,7066,0.0,0.0
2023-10-12 11:30:00-04:00,14.5600004196167,14.609999656677246,14.489999771118164,14.600000381469727,5118,0.0,0.0
2023-10-12 12:30:00-04:00,14.600000381469727,14.609999656677246,14.380000114440918,14.404999732971191,12535,0.0,0.0
2023-10-12 13:30:00-04:00,14.369999885559082,14.4399995803833,14.305000305175781,14.4399995803833,14541,0.0,0.0
2023-10-12 14:30:00-04:00,14.4399995803833,14.460000038146973,14.369999885559082,14.404999732971191,21963,0.0,0.0
2023-10-12 15:30:00-04:00,14.420000076293945,14.470000267028809,14.399999618530273,14.420000076293945,41391,0.0,0.0
2023-10-13 09:30:00-04:00,14.460000038146973,15.045000076293945,14.399999618530273,14.475000381469727,15683,0.0,0.0
2023-10-13 10:30:00-04:00,14.449999809265137,14.460000038146973,14.390000343322754,14.4399995803833,7923,0.0,0.0
2023-10-13 11:30:00-04:00,14.4350004196167,14.5,14.420000076293945,14.489999771118164,11640,0.0,0.0
2023-10-13 12:30:00-04:00,14.489999771118164,14.489999771118164,14.399999618530273,14.399999618530273,12332,0.0,0.0
2023-10-13 13:30:00-04:00,14.390000343322754,14.449999809265137,14.350000381469727,14.350000381469727,11835,0.0,0.0
2023-10-13 14:30:00-04:00,14.364100456237793,14.380000114440918,14.279999732971191,14.3100004196167,16597,0.0,0.0
2023-10-13 15:30:00-04:00,14.300000190734863,14.420000076293945,14.300000190734863,14.350000381469727,52252,0.0,0.0
2023-10-16 09:30:00-04:00,14.539999961853027,14.78499984741211,14.520000457763672,14.755000114440918,13391,0.0,0.0
2023-10-16 10:30:00-04:00,14.779000282287598,14.8149995803833,14.729999542236328,14.75,19956,0.0,0.0
2023-10-16 11:30:00-04:00,14.75,14.75,14.670000076293945,14.720000267028809,16640,0.0,0.0
2023-10-16 12:30:00-04:00,14.720000267028809,14.890000343322754,14.670100212097168,14.890000343322754,34905,0.0,0.0
2023-10-16 13:30:00-04:00,14.880000114440918,14.920000076293945,14.779999732971191,14.819999694824219,34751,0.0,0.0
2023-10-16 14:30:00-04:00,14.8100004196167,14.859999656677246,14.770000457763672,14.850000381469727,34470,0.0,0.0
2023-10-16 15:30:00-04:00,14.854599952697754,15.029999732971191,14.850000381469727,15.010000228881836,51267,0.0,0.0
2023-10-17 09:30:00-04:00,15.0,15.449999809265137,15.0,15.329999923706055,21291,0.0,0.0
2023-10-17 10:30:00-04:00,15.300000190734863,15.329999923706055,15.145000457763672,15.300000190734863,31753,0.0,0.0
2023-10-17 11:30:00-04:00,15.3149995803833,15.399999618530273,15.289999961853027,15.359999656677246,21791,0.0,0.0
2023-10-17 12:30:00-04:00,15.34000015258789,15.34000015258789,15.26200008392334,15.300000190734863,14653,0.0,0.0
2023-10-17 13:30:00-04:00,15.300000190734863,15.369999885559082,15.265000343322754,15.319999694824219,17796,0.0,0.0
2023-10-17 14:30:00-04:00,15.319999694824219,15.460000038146973,15.319999694824219,15.449999809265137,24534,0.0,0.0
2023-10-17 15:30:00-04:00,15.470000267028809,15.470000267028809,15.369999885559082,15.399999618530273,28544,0.0,0.0
2023-10-18 09:30:00-04:00,15.270000457763672,15.270000457763672,15.0600004196167,15.100000381469727,15861,0.0,0.0
2023-10-18 10:30:00-04:00,15.109999656677246,15.180000305175781,15.069999694824219,15.114999771118164,18700,0.0,0.0
2023-10-18 11:30:00-04:00,15.114999771118164,15.170000076293945,15.09000015258789,15.140000343322754,11298,0.0,0.0
2023-10-18 12:30:00-04:00,15.125,15.180000305175781,15.109999656677246,15.149999618530273,15031,0.0,0.0
2023-10-18 13:30:00-04:00,15.130000114440918,15.170000076293945,15.130000114440918,15.140000343322754,5925,0.0,0.0
2023-10-18 14:30:00-04:00,15.149999618530273,15.149999618530273,14.930000305175781,14.930000305175781,7395,0.0,0.0
2023-10-18 15:30:00-04:00,14.930000305175781,14.96500015258789,14.880000114440918,14.890000343322754,30352,0.0,0.0
2023-10-19 09:30:00-04:00,14.890000343322754,14.890000343322754,14.539999961853027,14.609999656677246,25555,0.0,0.0
2023-10-19 10:30:00-04:00,14.630000114440918,14.699999809265137,14.550000190734863,14.670000076293945,12032,0.0,0.0
2023-10-19 11:30:00-04:00,14.654999732971191,14.6899995803833,14.609999656677246,14.640000343322754,15812,0.0,0.0
2023-10-19 12:30:00-04:00,14.640000343322754,14.680000305175781,14.574999809265137,14.640000343322754,11559,0.0,0.0
2023-10-19 13:30:00-04:00,14.630000114440918,14.630000114440918,14.5,14.5,16713,0.0,0.0
2023-10-19 14:30:00-04:00,14.489999771118164,14.489999771118164,14.260000228881836,14.489999771118164,39137,0.0,0.0
2023-10-19 15:30:00-04:00,14.470000267028809,14.505000114440918,14.420000076293945,14.460000038146973,52504,0.0,0.0
2023-10-20 09:30:00-04:00,14.489999771118164,14.489999771118164,14.3100004196167,14.4399995803833,23518,0.0,0.0
2023-10-20 10:30:00-04:00,14.449999809265137,14.640000343322754,14.449999809265137,14.5600004196167,11393,0.0,0.0
2023-10-20 11:30:00-04:00,14.529999732971191,14.59000015258789,14.489999771118164,14.569999694824219,13840,0.0,0.0
2023-10-20 12:30:00-04:00,14.59000015258789,14.609999656677246,14.545000076293945,14.5600004196167,14083,0.0,0.0
2023-10-20 13:30:00-04:00,14.569999694824219,14.614999771118164,14.359999656677246,14.390000343322754,19383,0.0,0.0
2023-10-20 14:30:00-04:00,14.390000343322754,14.460000038146973,14.34000015258789,14.350000381469727,34830,0.0,0.0
2023-10-20 15:30:00-04:00,14.350000381469727,14.375,14.300000190734863,14.3100004196167,35035,0.0,0.0
2023-10-23 09:30:00-04:00,14.170000076293945,14.170000076293945,14.050000190734863,14.109999656677246,15010,0.0,0.0
2023-10-23 10:30:00-04:00,14.079999923706055,14.15999984741211,14.0,14.15999984741211,15241,0.0,0.0
2023-10-23 11:30:00-04:00,14.109999656677246,14.125,14.010000228881836,14.050000190734863,11518,0.0,0.0
2023-10-23 12:30:00-04:00,14.0600004196167,14.0600004196167,13.90999984741211,13.960000038146973,13927,0.0,0.0
2023-10-23 13:30:00-04:00,13.970000267028809,14.069999694824219,13.905099868774414,13.920000076293945,34819,0.0,0.0
2023-10-23 14:30:00-04:00,13.920000076293945,13.930000305175781,13.829999923706055,13.829999923706055,31970,0.0,0.0
2023-10-23 15:30:00-04:00,13.845000267028809,13.920000076293945,13.824999809265137,13.845000267028809,65316,0.0,0.0
2023-10-24 09:30:00-04:00,13.930000305175781,14.229999542236328,13.850000381469727,14.15999984741211,12443,0.0,0.0
2023-10-24 10:30:00-04:00,14.119999885559082,14.210000038146973,14.09000015258789,14.100000381469727,18326,0.0,0.0
2023-10-24 11:30:00-04:00,14.09000015258789,14.119999885559082,14.079999923706055,14.109999656677246,10870,0.0,0.0
2023-10-24 12:30:00-04:00,14.100000381469727,14.15999984741211,14.045900344848633,14.15999984741211,14158,0.0,0.0
2023-10-24 13:30:00-04:00,14.154999732971191,14.170000076293945,14.100000381469727,14.149999618530273,12519,0.0,0.0
2023-10-24 14:30:00-04:00,14.149999618530273,14.319999694824219,14.149999618530273,14.255000114440918,54393,0.0,0.0
2023-10-24 15:30:00-04:00,14.239999771118164,14.40999984741211,14.239999771118164,14.399999618530273,44775,0.0,0.0
2023-10-25 09:30:00-04:00,14.229999542236328,14.399999618530273,14.204999923706055,14.279999732971191,15206,0.0,0.0
2023-10-25 10:30:00-04:00,14.295000076293945,14.4399995803833,14.279999732971191,14.425000190734863,15543,0.0,0.0
2023-10-25 11:30:00-04:00,14.399999618530273,14.484999656677246,14.289999961853027,14.289999961853027,13343,0.0,0.0
2023-10-25 12:30:00-04:00,14.319999694824219,14.369999885559082,14.279999732971191,14.354999542236328,7671,0.0,0.0
2023-10-25 13:30:00-04:00,14.341899871826172,14.359999656677246,14.319999694824219,14.350000381469727,13900,0.0,0.0
2023-10-25 14:30:00-04:00,14.354999542236328,14.380000114440918,14.300000190734863,14.369999885559082,16833,0.0,0.0
2023-10-25 15:30:00-04:00,14.369999885559082,14.369999885559082,14.270000457763672,14.279999732971191,33253,0.0,0.0
2023-10-26 09:30:00-04:00,14.359999656677246,14.5,14.09000015258789,14.390000343322754,13902,0.0,0.0
2023-10-26 10:30:00-04:00,14.350000381469727,14.422800064086914,14.350000381469727,14.350000381469727,15264,0.0,0.0
2023-10-26 11:30:00-04:00,14.369999885559082,14.369999885559082,14.279999732971191,14.279999732971191,3643,0.0,0.0
2023-10-26 12:30:00-04:00,14.279999732971191,14.279999732971191,14.010000228881836,14.024999618530273,10584,0.0,0.0
2023-10-26 13:30:00-04:00,14.010000228881836,14.0600004196167,13.949999809265137,13.994999885559082,17811,0.0,0.0
2023-10-26 14:30:00-04:00,14.010000228881836,14.109999656677246,13.960000038146973,13.960000038146973,20417,0.0,0.0
2023-10-26 15:30:00-04:00,13.949999809265137,14.069999694824219,13.930000305175781,14.069999694824219,25712,0.0,0.0
2023-10-27 09:30:00-04:00,14.029999732971191,14.34000015258789,13.680000305175781,13.6899995803833,8582,0.0,0.0
2023-10-27 10:30:00-04:00,13.6899995803833,13.779999732971191,13.520000457763672,13.779999732971191,13808,0.0,0.0
2023-10-27 11:30:00-04:00,13.770000457763672,13.805000305175781,13.739999771118164,13.75,11611,0.0,0.0
2023-10-27 12:30:00-04:00,13.75,13.770000457763672,13.600000381469727,13.670000076293945,22272,0.0,0.0
2023-10-27 13:30:00-04:00,13.664999961853027,13.670000076293945,13.520000457763672,13.579999923706055,20537,0.0,0.0
2023-10-27 14:30:00-04:00,13.5600004196167,13.640000343322754,13.520000457763672,13.640000343322754,18011,0.0,0.0
2023-10-27 15:30:00-04:00,13.630000114440918,13.640000343322754,13.520000457763672,13.5600004196167,38909,0.0,0.0
2023-10-30 09:30:00-04:00,13.729999542236328,13.9350004196167,13.729999542236328,13.7475004196167,8842,0.0,0.0
2023-10-30 10:30:00-04:00,13.720000267028809,13.811800003051758,13.720000267028809,13.729999542236328,6955,0.0,0.0
2023-10-30 11:30:00-04:00,13.770000457763672,13.779999732971191,13.6899995803833,13.739999771118164,10257,0.0,0.0
2023-10-30 12:30:00-04:00,13.739999771118164,13.770099639892578,13.710000038146973,13.770000457763672,9300,0.0,0.0
2023-10-30 13:30:00-04:00,13.770000457763672,13.819999694824219,13.739999771118164,13.8100004196167,11641,0.0,0.0
2023-10-30 14:30:00-04:00,13.819999694824219,13.878000259399414,13.789999961853027,13.84000015258789,14140,0.0,0.0
2023-10-30 15:30:00-04:00,13.847999572753906,13.859999656677246,13.739999771118164,13.739999771118164,23895,0.0,0.0
2023-10-31 09:30:00-04:00,13.760000228881836,13.930000305175781,13.760000228881836,13.869999885559082,9561,0.0,0.0
2023-10-31 10:30:00-04:00,13.880000114440918,13.930000305175781,13.829999923706055,13.850000381469727,8233,0.0,0.0
2023-10-31 11:30:00-04:00,13.829999923706055,13.859999656677246,13.699999809265137,13.725000381469727,7211,0.0,0.0
2023-10-31 12:30:00-04:00,13.725000381469727,13.800000190734863,13.699999809265137,13.763199806213379,8861,0.0,0.0
2023-10-31 13:30:00-04:00,13.779999732971191,13.800000190734863,13.720000267028809,13.760000228881836,14162,0.0,0.0
2023-10-31 14:30:00-04:00,13.739999771118164,13.800000190734863,13.729999542236328,13.75,10457,0.0,0.0
2023-10-31 15:30:00-04:00,13.734999656677246,13.75,13.664999961853027,13.75,38347,0.0,0.0
2023-11-01 09:30:00-04:00,13.739999771118164,13.869999885559082,13.600000381469727,13.800000190734863,21588,0.0,0.0
2023-11-01 10:30:00-04:00,13.800000190734863,13.859999656677246,13.75,13.805000305175781,9053,0.0,0.0
2023-11-01 11:30:00-04:00,13.789999961853027,13.805000305175781,13.699999809265137,13.710000038146973,6952,0.0,0.0
2023-11-01 12:30:00-04:00,13.710000038146973,13.739999771118164,13.680000305175781,13.729999542236328,7577,0.0,0.0
2023-11-01 13:30:00-04:00,13.710000038146973,13.800000190734863,13.699999809265137,13.800000190734863,11338,0.0,0.0
2023-11-01 14:30:00-04:00,13.789999961853027,13.869999885559082,13.729999542236328,13.800000190734863,18042,0.0,0.0
2023-11-01 15:30:00-04:00,13.8100004196167,13.84000015258789,13.75,13.770000457763672,23140,0.0,0.0
2023-11-02 09:30:00-04:00,13.800000190734863,14.100000381469727,13.800000190734863,14.0,17871,0.0,0.0
2023-11-02 10:30:00-04:00,13.989999771118164,14.0649995803833,13.920000076293945,13.979999542236328,17105,0.0,0.0
2023-11-02 11:30:00-04:00,13.984999656677246,13.984999656677246,13.859999656677246,13.859999656677246,7864,0.0,0.0
2023-11-02 12:30:00-04:00,13.869999885559082,13.975000381469727,13.869999885559082,13.954999923706055,7058,0.0,0.0
2023-11-02 13:30:00-04:00,13.954999923706055,14.010000228881836,13.940199851989746,13.975000381469727,8714,0.0,0.0
2023-11-02 14:30:00-04:00,13.960000038146973,14.039999961853027,13.899999618530273,14.039999961853027,20754,0.0,0.0
2023-11-02 15:30:00-04:00,14.050000190734863,14.100000381469727,14.020000457763672,14.100000381469727,42201,0.0,0.0
2023-11-03 09:30:00-04:00,14.420000076293945,15.015000343322754,14.420000076293945,14.46500015258789,13921,0.0,0.0
2023-11-03 10:30:00-04:00,14.449999809265137,14.520000457763672,14.359999656677246,14.454999923706055,17118,0.0,0.0
2023-11-03 11:30:00-04:00,14.454999923706055,14.489999771118164,14.34000015258789,14.486100196838379,14263,0.0,0.0
2023-11-03 12:30:00-04:00,14.472000122070312,14.5625,14.460000038146973,14.484999656677246,10033,0.0,0.0
2023-11-03 13:30:00-04:00,14.460000038146973,14.510000228881836,14.395000457763672,14.510000228881836,9369,0.0,0.0
2023-11-03 14:30:00-04:00,14.524999618530273,14.5600004196167,14.460000038146973,14.460000038146973,12595,0.0,0.0
2023-11-03 15:30:00-04:00,14.4399995803833,14.470000267028809,14.390000343322754,14.40999984741211,24494,0.0,0.0
2023-11-06 09:30:00-05:00,14.319999694824219,14.411100387573242,14.036499977111816,14.25,11513,0.0,0.0
2023-11-06 10:30:00-05:00,14.25,14.25,14.194999694824219,14.205900192260742,3797,0.0,0.0
2023-11-06 11:30:00-05:00,14.1850004196167,14.239999771118164,14.13010025024414,14.20989990234375,12239,0.0,0.0
2023-11-06 12:30:00-05:00,14.210000038146973,14.210000038146973,14.085599899291992,14.170000076293945,5680,0.0,0.0
2023-11-06 13:30:00-05:00,14.140000343322754,14.140000343322754,14.100000381469727,14.130000114440918,8308,0.0,0.0
2023-11-06 14:30:00-05:00,14.135000228881836,14.180000305175781,14.109999656677246,14.109999656677246,6715,0.0,0.0
2023-11-06 15:30:00-05:00,14.119999885559082,14.119999885559082,14.029999732971191,14.069999694824219,31352,0.0,0.0
2023-11-07 09:30:00-05:00,14.0600004196167,14.220000267028809,13.9399995803833,14.204999923706055,42861,0.0,0.0
2023-11-07 10:30:00-05:00,14.230999946594238,14.300000190734863,14.1899995803833,14.279999732971191,16894,0.0,0.0
2023-11-07 11:30:00-05:00,14.279999732971191,14.279999732971191,14.199999809265137,14.199999809265137,4819,0.0,0.0
2023-11-07 12:30:00-05:00,14.1850004196167,14.210000038146973,14.079999923706055,14.079999923706055,13967,0.0,0.0
2023-11-07 13:30:00-05:00,14.130000114440918,14.199999809265137,14.130000114440918,14.140000343322754,9602,0.0,0.0
2023-11-07 14:30:00-05:00,14.140000343322754,14.229999542236328,14.119999885559082,14.199999809265137,20665,0.0,0.0
2023-11-07 15:30:00-05:00,14.199999809265137,14.21500015258789,14.140000343322754,14.140000343322754,35330,0.0,0.0
2023-11-08 09:30:00-05:00,14.1899995803833,14.559900283813477,12.680000305175781,12.949999809265137,177147,0.0,0.0
2023-11-08 10:30:00-05:00,12.930000305175781,13.329999923706055,12.890000343322754,13.329999923706055,47182,0.0,0.0
2023-11-08 11:30:00-05:00,13.380000114440918,13.420000076293945,12.886199951171875,12.930000305175781,38918,0.0,0.0
2023-11-08 12:30:00-05:00,12.920000076293945,12.989999771118164,12.819999694824219,12.925000190734863,17931,0.0,0.0
2023-11-08 13:30:00-05:00,12.944999694824219,13.09939956665039,12.925000190734863,13.0600004196167,19556,0.0,0.0
2023-11-08 14:30:00-05:00,13.119999885559082,13.229999542236328,13.074999809265137,13.119999885559082,19562,0.0,0.0
2023-11-08 15:30:00-05:00,13.119999885559082,13.244999885559082,13.119999885559082,13.149999618530273,65360,0.0,0.0
2023-11-09 09:30:00-05:00,11.460000038146973,11.649999618530273,8.34000015258789,8.5,355683,0.0,0.0
2023-11-09 10:30:00-05:00,8.510499954223633,8.789899826049805,8.149999618530273,8.479999542236328,503943,0.0,0.0
2023-11-09 11:30:00-05:00,8.479999542236328,8.699999809265137,8.369999885559082,8.680000305175781,221585,0.0,0.0
2023-11-09 12:30:00-05:00,8.6899995803833,9.438899993896484,8.680000305175781,9.199999809265137,177458,0.0,0.0
2023-11-09 13:30:00-05:00,9.15999984741211,9.300000190734863,9.130000114440918,9.175000190734863,183391,0.0,0.0
2023-11-09 14:30:00-05:00,9.180000305175781,9.249099731445312,8.914999961853027,8.949999809265137,227620,0.0,0.0
2023-11-09 15:30:00-05:00,8.9399995803833,8.960000038146973,8.761300086975098,8.819999694824219,202860,0.0,0.0
2023-11-10 09:30:00-05:00,9.359999656677246,9.829999923706055,8.5600004196167,8.569999694824219,384136,0.0,0.0
2023-11-10 10:30:00-05:00,8.560099601745605,9.100000381469727,8.510000228881836,8.987099647521973,367229,0.0,0.0
2023-11-10 11:30:00-05:00,8.998000144958496,9.109999656677246,8.949999809265137,8.970000267028809,162869,0.0,0.0
2023-11-10 12:30:00-05:00,8.970000267028809,9.239999771118164,8.960000038146973,9.170000076293945,187447,0.0,0.0
2023-11-10 13:30:00-05:00,9.170000076293945,9.305000305175781,9.149999618530273,9.300000190734863,85059,0.0,0.0
2023-11-10 14:30:00-05:00,9.300000190734863,9.300000190734863,9.029999732971191,9.109999656677246,131588,0.0,0.0
2023-11-10 15:30:00-05:00,9.109999656677246,9.260000228881836,9.039999961853027,9.220000267028809,282314,0.0,0.0
2023-11-13 09:30:00-05:00,9.40999984741211,9.46500015258789,8.779999732971191,8.930000305175781,166732,0.0,0.0
2023-11-13 10:30:00-05:00,8.930000305175781,9.039999961853027,8.819999694824219,9.0,71631,0.0,0.0
2023-11-13 11:30:00-05:00,8.979999542236328,8.979999542236328,8.739999771118164,8.765000343322754,258551,0.0,0.0
2023-11-13 12:30:00-05:00,8.75,8.800000190734863,8.65999984741211,8.680000305175781,135231,0.0,0.0
2023-11-13 13:30:00-05:00,8.680000305175781,8.800000190734863,8.670000076293945,8.800000190734863,90222,0.0,0.0
2023-11-13 14:30:00-05:00,8.795000076293945,8.89799976348877,8.770000457763672,8.800000190734863,221339,0.0,0.0
2023-11-13 15:30:00-05:00,8.805000305175781,9.0,8.789999961853027,8.994999885559082,199952,0.0,0.0
2023-11-14 09:30:00-05:00,9.199999809265137,9.279999732971191,9.0600004196167,9.270000457763672,143877,0.0,0.0
2023-11-14 10:30:00-05:00,9.234999656677246,9.479999542236328,9.220000267028809,9.430000305175781,63166,0.0,0.0
2023-11-14 11:30:00-05:00,9.430000305175781,9.479999542236328,9.295000076293945,9.335000038146973,29833,0.0,0.0
2023-11-14 12:30:00-05:00,9.315199851989746,9.359999656677246,9.199999809265137,9.260000228881836,24083,0.0,0.0
2023-11-14 13:30:00-05:00,9.289999961853027,9.300000190734863,9.210000038146973,9.210000038146973,27591,0.0,0.0
2023-11-14 14:30:00-05:00,9.239999771118164,9.335000038146973,9.220000267028809,9.300000190734863,51862,0.0,0.0
2023-11-14 15:30:00-05:00,9.300000190734863,9.300000190734863,9.109999656677246,9.140000343322754,158115,0.0,0.0
2023-11-15 09:30:00-05:00,8.90999984741211,9.3100004196167,8.90999984741211,9.260000228881836,63118,0.0,0.0
2023-11-15 10:30:00-05:00,9.265000343322754,9.300000190734863,9.069999694824219,9.140000343322754,41993,0.0,0.0
2023-11-15 11:30:00-05:00,9.140000343322754,9.140000343322754,8.979999542236328,9.100000381469727,30966,0.0,0.0
2023-11-15 12:30:00-05:00,9.104999542236328,9.109299659729004,8.960000038146973,8.96500015258789,51000,0.0,0.0
2023-11-15 13:30:00-05:00,8.970000267028809,9.010000228881836,8.890000343322754,8.920000076293945,70073,0.0,0.0
2023-11-15 14:30:00-05:00,8.920000076293945,8.949999809265137,8.739999771118164,8.760000228881836,132614,0.0,0.0
2023-11-15 15:30:00-05:00,8.760000228881836,8.805000305175781,8.670000076293945,8.699999809265137,204661,0.0,0.0
2023-11-16 09:30:00-05:00,8.720000267028809,8.989999771118164,8.635000228881836,8.819999694824219,55025,0.0,0.0
2023-11-16 10:30:00-05:00,8.800000190734863,8.859999656677246,8.729999542236328,8.779999732971191,35597,0.0,0.0
2023-11-16 11:30:00-05:00,8.789999961853027,8.819999694824219,8.640000343322754,8.640000343322754,40815,0.0,0.0
2023-11-16 12:30:00-05:00,8.65999984741211,8.6899995803833,8.5600004196167,8.650400161743164,50900,0.0,0.0
2023-11-16 13:30:00-05:00,8.65999984741211,8.680000305175781,8.600000381469727,8.640000343322754,51638,0.0,0.0
2023-11-16 14:30:00-05:00,8.630000114440918,8.640000343322754,8.510000228881836,8.529999732971191,90610,0.0,0.0
2023-11-16 15:30:00-05:00,8.520000457763672,8.529999732971191,8.470000267028809,8.5,123674,0.0,0.0
2023-11-17 09:30:00-05:00,8.529999732971191,8.880000114440918,8.529999732971191,8.880000114440918,116367,0.0,0.0
2023-11-17 10:30:00-05:00,8.829999923706055,8.850000381469727,8.630000114440918,8.630000114440918,59286,0.0,0.0
2023-11-17 11:30:00-05:00,8.65999984741211,8.680000305175781,8.550000190734863,8.5600004196167,45709,0.0,0.0
2023-11-17 12:30:00-05:00,8.5600004196167,8.60990047454834,8.479999542236328,8.5600004196167,144518,0.0,0.0
2023-11-17 13:30:00-05:00,8.579999923706055,8.670000076293945,8.5600004196167,8.670000076293945,31216,0.0,0.0
2023-11-17 14:30:00-05:00,8.6899995803833,8.859999656677246,8.670000076293945,8.829999923706055,45184,0.0,0.0
2023-11-17 15:30:00-05:00,8.845000267028809,8.895000457763672,8.819999694824219,8.859999656677246,72933,0.0,0.0
2023-11-20 09:30:00-05:00,8.859999656677246,9.09000015258789,8.819999694824219,9.085000038146973,76956,0.0,0.0
2023-11-20 10:30:00-05:00,9.079999923706055,9.34000015258789,9.0600004196167,9.34000015258789,67318,0.0,0.0
2023-11-20 11:30:00-05:00,9.34000015258789,9.399999618530273,9.220000267028809,9.220000267028809,46453,0.0,0.0
2023-11-20 12:30:00-05:00,9.239999771118164,9.258999824523926,9.130000114440918,9.170000076293945,23030,0.0,0.0
2023-11-20 13:30:00-05:00,9.180000305175781,9.289999961853027,9.140000343322754,9.274999618530273,34297,0.0,0.0
2023-11-20 14:30:00-05:00,9.274999618530273,9.319999694824219,9.085000038146973,9.140000343322754,116074,0.0,0.0
2023-11-20 15:30:00-05:00,9.140000343322754,9.140000343322754,9.0,9.029999732971191,97365,0.0,0.0
2023-11-21 09:30:00-05:00,9.039999961853027,9.300000190734863,9.039999961853027,9.210000038146973,44146,0.0,0.0
2023-11-21 10:30:00-05:00,9.199999809265137,9.364999771118164,9.119999885559082,9.364999771118164,90740,0.0,0.0
2023-11-21 11:30:00-05:00,9.359999656677246,9.539999961853027,9.359999656677246,9.399999618530273,53769,0.0,0.0
2023-11-21 12:30:00-05:00,9.399999618530273,9.520000457763672,9.359999656677246,9.385000228881836,63078,0.0,0.0
2023-11-21 13:30:00-05:00,9.385000228881836,9.449999809265137,9.350000381469727,9.4399995803833,32304,0.0,0.0
2023-11-21 14:30:00-05:00,9.430000305175781,9.470000267028809,9.359999656677246,9.404999732971191,60597,0.0,0.0
2023-11-21 15:30:00-05:00,9.404999732971191,9.40999984741211,9.300000190734863,9.3100004196167,93701,0.0,0.0
2023-11-22 09:30:00-05:00,9.319999694824219,9.579999923706055,9.260000228881836,9.539999961853027,67898,0.0,0.0
2023-11-22 10:30:00-05:00,9.510000228881836,9.600000381469727,9.430000305175781,9.494999885559082,29353,0.0,0.0
2023-11-22 11:30:00-05:00,9.479999542236328,9.550000190734863,9.399999618530273,9.444999694824219,32569,0.0,0.0
2023-11-22 12:30:00-05:00,9.4399995803833,9.4399995803833,9.319999694824219,9.399999618530273,23156,0.0,0.0
2023-11-22 13:30:00-05:00,9.380999565124512,9.427000045776367,9.319999694824219,9.380000114440918,30300,0.0,0.0
2023-11-22 14:30:00-05:00,9.390000343322754,9.420000076293945,9.3100004196167,9.364999771118164,39158,0.0,0.0
2023-11-22 15:30:00-05:00,9.369999885559082,9.425000190734863,9.319999694824219,9.319999694824219,75582,0.0,0.0
2023-11-24 09:30:00-05:00,9.319999694824219,9.550000190734863,9.3100004196167,9.489999771118164,26549,0.0,0.0
2023-11-24 10:30:00-05:00,9.510000228881836,9.649999618530273,9.4399995803833,9.630000114440918,34742,0.0,0.0
2023-11-24 11:30:00-05:00,9.649999618530273,9.729999542236328,9.510000228881836,9.71500015258789,41683,0.0,0.0
2023-11-27 09:30:00-05:00,9.609999656677246,9.680000305175781,9.319999694824219,9.420000076293945,52744,0.0,0.0
2023-11-27 10:30:00-05:00,9.420000076293945,9.420999526977539,9.3100004196167,9.380000114440918,53993,0.0,0.0
2023-11-27 11:30:00-05:00,9.380000114440918,9.40999984741211,9.329999923706055,9.350000381469727,65741,0.0,0.0
2023-11-27 12:30:00-05:00,9.369999885559082,9.414999961853027,9.329999923706055,9.350000381469727,51764,0.0,0.0
2023-11-27 13:30:00-05:00,9.359999656677246,9.385000228881836,9.34000015258789,9.359999656677246,70537,0.0,0.0
2023-11-27 14:30:00-05:00,9.350000381469727,9.399399757385254,9.319999694824219,9.359999656677246,128963,0.0,0.0
2023-11-27 15:30:00-05:00,9.369999885559082,9.399999618530273,9.34000015258789,9.390000343322754,153692,0.0,0.0
2023-11-28 09:30:00-05:00,9.420000076293945,9.430000305175781,9.289999961853027,9.380000114440918,22778,0.0,0.0
2023-11-28 10:30:00-05:00,9.369999885559082,9.46500015258789,9.3371000289917,9.359999656677246,49555,0.0,0.0
2023-11-28 11:30:00-05:00,9.375,9.419400215148926,9.359999656677246,9.380000114440918,28849,0.0,0.0
2023-11-28 12:30:00-05:00,9.369999885559082,9.390000343322754,9.343500137329102,9.369999885559082,39372,0.0,0.0
2023-11-28 13:30:00-05:00,9.369999885559082,9.377799987792969,9.319999694824219,9.319999694824219,37306,0.0,0.0
2023-11-28 14:30:00-05:00,9.319999694824219,9.390000343322754,9.305000305175781,9.369999885559082,57704,0.0,0.0
2023-11-28 15:30:00-05:00,9.359999656677246,9.390000343322754,9.329999923706055,9.390000343322754,111878,0.0,0.0
2023-11-29 09:30:00-05:00,9.479999542236328,9.520000457763672,9.229999542236328,9.329999923706055,35780,0.0,0.0
2023-11-29 10:30:00-05:00,9.336000442504883,9.336000442504883,9.210000038146973,9.239999771118164,39529,0.0,0.0
2023-11-29 11:30:00-05:00,9.229999542236328,9.260000228881836,9.140000343322754,9.229999542236328,40429,0.0,0.0
2023-11-29 12:30:00-05:00,9.210000038146973,9.229999542236328,9.109999656677246,9.119999885559082,34011,0.0,0.0
2023-11-29 13:30:00-05:00,9.109999656677246,9.109999656677246,9.010000228881836,9.0600004196167,62709,0.0,0.0
2023-11-29 14:30:00-05:00,9.069999694824219,9.069999694824219,8.979999542236328,8.979999542236328,63938,0.0,0.0
2023-11-29 15:30:00-05:00,9.0,9.0,8.869999885559082,8.869999885559082,87150,0.0,0.0
2023-11-30 09:30:00-05:00,8.880000114440918,8.891300201416016,8.569999694824219,8.72249984741211,53359,0.0,0.0
2023-11-30 10:30:00-05:00,8.70259952545166,8.829999923706055,8.6899995803833,8.824999809265137,59566,0.0,0.0
2023-11-30 11:30:00-05:00,8.8100004196167,8.8100004196167,8.720000267028809,8.770000457763672,53380,0.0,0.0
2023-11-30 12:30:00-05:00,8.770000457763672,8.800000190734863,8.729999542236328,8.739999771118164,38575,0.0,0.0
2023-11-30 13:30:00-05:00,8.729999542236328,8.829999923706055,8.720000267028809,8.8149995803833,59915,0.0,0.0
2023-11-30 14:30:00-05:00,8.8100004196167,8.970000267028809,8.800000190734863,8.9399995803833,67918,0.0,0.0
2023-11-30 15:30:00-05:00,8.930000305175781,9.0,8.90999984741211,8.979999542236328,127269,0.0,0.0
2023-12-01 09:30:00-05:00,9.0,9.010000228881836,8.850000381469727,8.984999656677246,40921,0.0,0.0
2023-12-01 10:30:00-05:00,8.989999771118164,9.15999984741211,8.989999771118164,9.130000114440918,72974,0.0,0.0
2023-12-01 11:30:00-05:00,9.140000343322754,9.300000190734863,9.100000381469727,9.265000343322754,67147,0.0,0.0
2023-12-01 12:30:00-05:00,9.260000228881836,9.270000457763672,9.220000267028809,9.244999885559082,47173,0.0,0.0
2023-12-01 13:30:00-05:00,9.239999771118164,9.260000228881836,9.199999809265137,9.225000381469727,67508,0.0,0.0
2023-12-01 14:30:00-05:00,9.220000267028809,9.270000457763672,9.210000038146973,9.234999656677246,92735,0.0,0.0
2023-12-01 15:30:00-05:00,9.234999656677246,9.270000457763672,9.210000038146973,9.229999542236328,165258,0.0,0.0
2023-12-04 09:30:00-05:00,8.90999984741211,9.664999961853027,8.850000381469727,9.65999984741211,358756,0.0,0.0
2023-12-04 10:30:00-05:00,9.649999618530273,9.649999618530273,9.5,9.550000190734863,122461,0.0,0.0
2023-12-04 11:30:00-05:00,9.539999961853027,9.550000190734863,9.359999656677246,9.364999771118164,109397,0.0,0.0
2023-12-04 12:30:00-05:00,9.369999885559082,9.4399995803833,9.270000457763672,9.420000076293945,140352,0.0,0.0
2023-12-04 13:30:00-05:00,9.420000076293945,9.460000038146973,9.364999771118164,9.460000038146973,112342,0.0,0.0
2023-12-04 14:30:00-05:00,9.444999694824219,9.460000038146973,9.289999961853027,9.34000015258789,206312,0.0,0.0
2023-12-04 15:30:00-05:00,9.34000015258789,9.390000343322754,9.289999961853027,9.390000343322754,255700,0.0,0.0
2023-12-05 09:30:00-05:00,9.390000343322754,9.609999656677246,9.289999961853027,9.34000015258789,103664,0.0,0.0
2023-12-05 10:30:00-05:00,9.359999656677246,9.359999656677246,9.220000267028809,9.270000457763672,144550,0.0,0.0
2023-12-05 11:30:00-05:00,9.270000457763672,9.399999618530273,9.229999542236328,9.390000343322754,74663,0.0,0.0
2023-12-05 12:30:00-05:00,9.390000343322754,9.5,9.359999656677246,9.399999618530273,78373,0.0,0.0
2023-12-05 13:30:00-05:00,9.40999984741211,9.489999771118164,9.399999618530273,9.479999542236328,66392,0.0,0.0
2023-12-05 14:30:00-05:00,9.479999542236328,9.5,9.460000038146973,9.479999542236328,101446,0.0,0.0
2023-12-05 15:30:00-05:00,9.475000381469727,9.494999885559082,9.300000190734863,9.34000015258789,170970,0.0,0.0
2023-12-06 09:30:00-05:00,9.539999961853027,9.619999885559082,9.300000190734863,9.300000190734863,58617,0.0,0.0
2023-12-06 10:30:00-05:00,9.329999923706055,9.468999862670898,9.239999771118164,9.239999771118164,55218,0.0,0.0
2023-12-06 11:30:00-05:00,9.239999771118164,9.3100004196167,9.229999542236328,9.279999732971191,51024,0.0,0.0
2023-12-06 12:30:00-05:00,9.279999732971191,9.300000190734863,9.210000038146973,9.229999542236328,62594,0.0,0.0
2023-12-06 13:30:00-05:00,9.239999771118164,9.239999771118164,9.130000114440918,9.149999618530273,54173,0.0,0.0
2023-12-06 14:30:00-05:00,9.15999984741211,9.239999771118164,9.140000343322754,9.180000305175781,78409,0.0,0.0
2023-12-06 15:30:00-05:00,9.180000305175781,9.199999809265137,9.119999885559082,9.130000114440918,154071,0.0,0.0
2023-12-07 09:30:00-05:00,9.130000114440918,9.25,8.90999984741211,9.020000457763672,74144,0.0,0.0
2023-12-07 10:30:00-05:00,9.020000457763672,9.039999961853027,8.90999984741211,8.979999542236328,54437,0.0,0.0
2023-12-07 11:30:00-05:00,8.970000267028809,8.970000267028809,8.760000228881836,8.8100004196167,65566,0.0,0.0
2023-12-07 12:30:00-05:00,8.79800033569336,8.880000114440918,8.729999542236328,8.760000228881836,50543,0.0,0.0
2023-12-07 13:30:00-05:00,8.760000228881836,8.859999656677246,8.729999542236328,8.859999656677246,59516,0.0,0.0
2023-12-07 14:30:00-05:00,8.869999885559082,8.880000114440918,8.760000228881836,8.8100004196167,65891,0.0,0.0
2023-12-07 15:30:00-05:00,8.789999961853027,8.829999923706055,8.760000228881836,8.829999923706055,111619,0.0,0.0
2023-12-08 09:30:00-05:00,8.789999961853027,8.904999732971191,8.600000381469727,8.729999542236328,119293,0.0,0.0
2023-12-08 10:30:00-05:00,8.739999771118164,8.880000114440918,8.720000267028809,8.789999961853027,64428,0.0,0.0
2023-12-08 11:30:00-05:00,8.800000190734863,8.8100004196167,8.720000267028809,8.770000457763672,36495,0.0,0.0
2023-12-08 12:30:00-05:00,8.770000457763672,8.829999923706055,8.760000228881836,8.824999809265137,45851,0.0,0.0
2023-12-08 13:30:00-05:00,8.829999923706055,8.960000038146973,8.819999694824219,8.930000305175781,49283,0.0,0.0
2023-12-08 14:30:00-05:00,8.920000076293945,8.989999771118164,8.880000114440918,8.979999542236328,94402,0.0,0.0
2023-12-08 15:30:00-05:00,8.989999771118164,9.050000190734863,8.970000267028809,9.039999961853027,131339,0.0,0.0
2023-12-11 09:30:00-05:00,9.039999961853027,9.0600004196167,8.779999732971191,8.880000114440918,86043,0.0,0.0
2023-12-11 10:30:00-05:00,8.869999885559082,9.010000228881836,8.869999885559082,8.989999771118164,52905,0.0,0.0
2023-12-11 11:30:00-05:00,8.989999771118164,9.109999656677246,8.960000038146973,9.085000038146973,40875,0.0,0.0
2023-12-11 12:30:00-05:00,9.079999923706055,9.180000305175781,9.079999923706055,9.175000190734863,39343,0.0,0.0
2023-12-11 13:30:00-05:00,9.170000076293945,9.210000038146973,9.079999923706055,9.170000076293945,58216,0.0,0.0
2023-12-11 14:30:00-05:00,9.180000305175781,9.239999771118164,9.149999618530273,9.229999542236328,71702,0.0,0.0
2023-12-11 15:30:00-05:00,9.229999542236328,9.229999542236328,9.15999984741211,9.1899995803833,110471,0.0,0.0
2023-12-12 09:30:00-05:00,9.15999984741211,9.15999984741211,8.920000076293945,9.045000076293945,58200,0.0,0.0
2023-12-12 10:30:00-05:00,9.039999961853027,9.079500198364258,8.949999809265137,9.0,54933,0.0,0.0
2023-12-12 11:30:00-05:00,9.005000114440918,9.109999656677246,8.989999771118164,9.050000190734863,54153,0.0,0.0
2023-12-12 12:30:00-05:00,9.050000190734863,9.109999656677246,9.039999961853027,9.095000267028809,48809,0.0,0.0
2023-12-12 13:30:00-05:00,9.09000015258789,9.100000381469727,9.0,9.029999732971191,59730,0.0,0.0
2023-12-12 14:30:00-05:00,9.039999961853027,9.0600004196167,8.96500015258789,8.979999542236328,87111,0.0,0.0
2023-12-12 15:30:00-05:00,8.979999542236328,8.979999542236328,8.890000343322754,8.920000076293945,129032,0.0,0.0
2023-12-13 09:30:00-05:00,8.960000038146973,8.960000038146973,8.6899995803833,8.789999961853027,74644,0.0,0.0
2023-12-13 10:30:00-05:00,8.800000190734863,8.84000015258789,8.699999809265137,8.789999961853027,42741,0.0,0.0
2023-12-13 11:30:00-05:00,8.779999732971191,8.800000190734863,8.645000457763672,8.645000457763672,50828,0.0,0.0
2023-12-13 12:30:00-05:00,8.640000343322754,8.75979995727539,8.619999885559082,8.75979995727539,77010,0.0,0.0
2023-12-13 13:30:00-05:00,8.760000228881836,8.949999809265137,8.720000267028809,8.9399995803833,68442,0.0,0.0
2023-12-13 14:30:00-05:00,8.930000305175781,9.168999671936035,8.920000076293945,9.055000305175781,92817,0.0,0.0
2023-12-13 15:30:00-05:00,9.055000305175781,9.170000076293945,9.03499984741211,9.170000076293945,121263,0.0,0.0
2023-12-14 09:30:00-05:00,9.239999771118164,9.329999923706055,8.729999542236328,8.739999771118164,117255,0.0,0.0
2023-12-14 10:30:00-05:00,8.729999542236328,8.789999961853027,8.5600004196167,8.609999656677246,99849,0.0,0.0
2023-12-14 11:30:00-05:00,8.609999656677246,8.649999618530273,8.460000038146973,8.475000381469727,97487,0.0,0.0
2023-12-14 12:30:00-05:00,8.470000267028809,8.680000305175781,8.430000305175781,8.585000038146973,90429,0.0,0.0
2023-12-14 13:30:00-05:00,8.585000038146973,8.649999618530273,8.510000228881836,8.539999961853027,102003,0.0,0.0
2023-12-14 14:30:00-05:00,8.5600004196167,8.5600004196167,8.4399995803833,8.479999542236328,108911,0.0,0.0
2023-12-14 15:30:00-05:00,8.484999656677246,8.505000114440918,8.390000343322754,8.390000343322754,165737,0.0,0.0
2023-12-15 09:30:00-05:00,8.619999885559082,8.680000305175781,8.369999885559082,8.529999732971191,391494,0.0,0.0
2023-12-15 10:30:00-05:00,8.510000228881836,8.539999961853027,8.34000015258789,8.539999961853027,187414,0.0,0.0
2023-12-15 11:30:00-05:00,8.529999732971191,8.680000305175781,8.489999771118164,8.489999771118164,190350,0.0,0.0
2023-12-15 12:30:00-05:00,8.510000228881836,8.579999923706055,8.390000343322754,8.40999984741211,179759,0.0,0.0
2023-12-15 13:30:00-05:00,8.40999984741211,8.4399995803833,8.319999694824219,8.40999984741211,138764,0.0,0.0
2023-12-15 14:30:00-05:00,8.420000076293945,8.479999542236328,8.380000114440918,8.430000305175781,189941,0.0,0.0
2023-12-15 15:30:00-05:00,8.420000076293945,8.5600004196167,8.390000343322754,8.520000457763672,439488,0.0,0.0
2023-12-18 09:30:00-05:00,8.619999885559082,9.739999771118164,8.550000190734863,9.65999984741211,452405,0.0,0.0
2023-12-18 10:30:00-05:00,9.630000114440918,9.979999542236328,9.510000228881836,9.9399995803833,292222,0.0,0.0
2023-12-18 11:30:00-05:00,9.9399995803833,9.960000038146973,9.760000228881836,9.895000457763672,179427,0.0,0.0
2023-12-18 12:30:00-05:00,9.899999618530273,9.979999542236328,9.595000267028809,9.949999809265137,192883,0.0,0.0
2023-12-18 13:30:00-05:00,9.949999809265137,10.09000015258789,9.739999771118164,9.869999885559082,160019,0.0,0.0
2023-12-18 14:30:00-05:00,9.859999656677246,9.859999656677246,9.529999732971191,9.545000076293945,149077,0.0,0.0
2023-12-18 15:30:00-05:00,9.539999961853027,9.65999984741211,9.5,9.510000228881836,219430,0.0,0.0
2023-12-19 09:30:00-05:00,9.5600004196167,9.9399995803833,9.40999984741211,9.859999656677246,123021,0.0,0.0
2023-12-19 10:30:00-05:00,9.84000015258789,9.895000457763672,9.760000228881836,9.779999732971191,64260,0.0,0.0
2023-12-19 11:30:00-05:00,9.779999732971191,9.8149995803833,9.649999618530273,9.73009967803955,44530,0.0,0.0
2023-12-19 12:30:00-05:00,9.720000267028809,9.859999656677246,9.710000038146973,9.8149995803833,77759,0.0,0.0
2023-12-19 13:30:00-05:00,9.8149995803833,9.850000381469727,9.6899995803833,9.725000381469727,59435,0.0,0.0
2023-12-19 14:30:00-05:00,9.725000381469727,9.789999961853027,9.600000381469727,9.75,108903,0.0,0.0
2023-12-19 15:30:00-05:00,9.75,9.779999732971191,9.65999984741211,9.710000038146973,305448,0.0,0.0
2023-12-20 09:30:00-05:00,9.779999732971191,9.890000343322754,9.5600004196167,9.720000267028809,95025,0.0,0.0
2023-12-20 10:30:00-05:00,9.739999771118164,9.880000114440918,9.649999618530273,9.720000267028809,106124,0.0,0.0
2023-12-20 11:30:00-05:00,9.720000267028809,9.829999923706055,9.6899995803833,9.8149995803833,88241,0.0,0.0
2023-12-20 12:30:00-05:00,9.8149995803833,9.880000114440918,9.75,9.829999923706055,92130,0.0,0.0
2023-12-20 13:30:00-05:00,9.829999923706055,9.880000114440918,9.739999771118164,9.770000457763672,99612,0.0,0.0
2023-12-20 14:30:00-05:00,9.760000228881836,9.78499984741211,9.5600004196167,9.5600004196167,117932,0.0,0.0
2023-12-20 15:30:00-05:00,9.5600004196167,9.5600004196167,9.399999618530273,9.4399995803833,241311,0.0,0.0
2023-12-21 09:30:00-05:00,9.420000076293945,9.6899995803833,9.270000457763672,9.319999694824219,78260,0.0,0.0
2023-12-21 10:30:00-05:00,9.3100004196167,9.3149995803833,9.199999809265137,9.239999771118164,36578,0.0,0.0
2023-12-21 11:30:00-05:00,9.25,9.260000228881836,9.109999656677246,9.140000343322754,49304,0.0,0.0
2023-12-21 12:30:00-05:00,9.140000343322754,9.270000457763672,9.09000015258789,9.270000457763672,40853,0.0,0.0
2023-12-21 13:30:00-05:00,9.260000228881836,9.300000190734863,9.220000267028809,9.300000190734863,36433,0.0,0.0
2023-12-21 14:30:00-05:00,9.300000190734863,9.335000038146973,9.244999885559082,9.329999923706055,51639,0.0,0.0
2023-12-21 15:30:00-05:00,9.324999809265137,9.380000114440918,9.3100004196167,9.319999694824219,99935,0.0,0.0
2023-12-22 09:30:00-05:00,9.4399995803833,9.609999656677246,9.380000114440918,9.489999771118164,51796,0.0,0.0
2023-12-22 10:30:00-05:00,9.489999771118164,9.510000228881836,9.329999923706055,9.430000305175781,44931,0.0,0.0
2023-12-22 11:30:00-05:00,9.430000305175781,9.449999809265137,9.380000114440918,9.40999984741211,22855,0.0,0.0
2023-12-22 12:30:00-05:00,9.40999984741211,9.40999984741211,9.3100004196167,9.3100004196167,21598,0.0,0.0
2023-12-22 13:30:00-05:00,9.300000190734863,9.34000015258789,9.239999771118164,9.289999961853027,50072,0.0,0.0
2023-12-22 14:30:00-05:00,9.279999732971191,9.364999771118164,9.274999618530273,9.350000381469727,59848,0.0,0.0
2023-12-22 15:30:00-05:00,9.359999656677246,9.359999656677246,9.28499984741211,9.300000190734863,81638,0.0,0.0
2023-12-26 09:30:00-05:00,9.420000076293945,9.4350004196167,9.145000457763672,9.180000305175781,77807,0.0,0.0
2023-12-26 10:30:00-05:00,9.199999809265137,9.289999961853027,9.149999618530273,9.210000038146973,39407,0.0,0.0
2023-12-26 11:30:00-05:00,9.180000305175781,9.279999732971191,9.170000076293945,9.260000228881836,42002,0.0,0.0
2023-12-26 12:30:00-05:00,9.260000228881836,9.289999961853027,9.229999542236328,9.25,30042,0.0,0.0
2023-12-26 13:30:00-05:00,9.239999771118164,9.3100004196167,9.220000267028809,9.28499984741211,42205,0.0,0.0
2023-12-26 14:30:00-05:00,9.279999732971191,9.345000267028809,9.270000457763672,9.3100004196167,40797,0.0,0.0
2023-12-26 15:30:00-05:00,9.289999961853027,9.291999816894531,9.199999809265137,9.220000267028809,75871,0.0,0.0
2023-12-27 09:30:00-05:00,9.229999542236328,9.25,9.15999984741211,9.25,75674,0.0,0.0
2023-12-27 10:30:00-05:00,9.25,9.40999984741211,9.249199867248535,9.399999618530273,46925,0.0,0.0
2023-12-27 11:30:00-05:00,9.40999984741211,9.5600004196167,9.40999984741211,9.520000457763672,43303,0.0,0.0
2023-12-27 12:30:00-05:00,9.520000457763672,9.625,9.510000228881836,9.600000381469727,29403,0.0,0.0
2023-12-27 13:30:00-05:00,9.600000381469727,9.649999618530273,9.420000076293945,9.460000038146973,112981,0.0,0.0
2023-12-27 14:30:00-05:00,9.470000267028809,9.520000457763672,9.399999618530273,9.420000076293945,98096,0.0,0.0
2023-12-27 15:30:00-05:00,9.420000076293945,9.449999809265137,9.399999618530273,9.420000076293945,71300,0.0,0.0
2023-12-28 09:30:00-05:00,9.430000305175781,9.579999923706055,9.399999618530273,9.449999809265137,48994,0.0,0.0
2023-12-28 10:30:00-05:00,9.460000038146973,9.520000457763672,9.430000305175781,9.489999771118164,41838,0.0,0.0
2023-12-28 11:30:00-05:00,9.489999771118164,9.5,9.4399995803833,9.460000038146973,24620,0.0,0.0
2023-12-28 12:30:00-05:00,9.46500015258789,9.479999542236328,9.399999618530273,9.461000442504883,65891,0.0,0.0
2023-12-28 13:30:00-05:00,9.461000442504883,9.529999732971191,9.461000442504883,9.515000343322754,29196,0.0,0.0
2023-12-28 14:30:00-05:00,9.515000343322754,9.550000190734863,9.480999946594238,9.515000343322754,34144,0.0,0.0
2023-12-28 15:30:00-05:00,9.51099967956543,9.609999656677246,9.494999885559082,9.59000015258789,105572,0.0,0.0
2023-12-29 09:30:00-05:00,9.699999809265137,9.699999809265137,9.444999694824219,9.489999771118164,44681,0.0,0.0
2023-12-29 10:30:00-05:00,9.489999771118164,9.550000190734863,9.460000038146973,9.489999771118164,28706,0.0,0.0
2023-12-29 11:30:00-05:00,9.494999885559082,9.5,9.319999694824219,9.329999923706055,96447,0.0,0.0
2023-12-29 12:30:00-05:00,9.34000015258789,9.470000267028809,9.34000015258789,9.420000076293945,35657,0.0,0.0
2023-12-29 13:30:00-05:00,9.430000305175781,9.449999809265137,9.390000343322754,9.414999961853027,32013,0.0,0.0
2023-12-29 14:30:00-05:00,9.420000076293945,9.449999809265137,9.329999923706055,9.359999656677246,63863,0.0,0.0
2023-12-29 15:30:00-05:00,9.350000381469727,9.359999656677246,9.229999542236328,9.239999771118164,194034,0.0,0.0
2024-01-02 09:30:00-05:00,9.25,9.539999961853027,9.210000038146973,9.46399974822998,48614,0.0,0.0
2024-01-02 10:30:00-05:00,9.463299751281738,9.539999961853027,9.40999984741211,9.510000228881836,47542,0.0,0.0
2024-01-02 11:30:00-05:00,9.510000228881836,9.640000343322754,9.5,9.550000190734863,48768,0.0,0.0
2024-01-02 12:30:00-05:00,9.550000190734863,9.574999809265137,9.420000076293945,9.449999809265137,53833,0.0,0.0
2024-01-02 13:30:00-05:00,9.444999694824219,9.449999809265137,9.380000114440918,9.385000228881836,42324,0.0,0.0
2024-01-02 14:30:00-05:00,9.380000114440918,9.399999618530273,9.279999732971191,9.3100004196167,54934,0.0,0.0
2024-01-02 15:30:00-05:00,9.3100004196167,9.319999694824219,9.180000305175781,9.1899995803833,101996,0.0,0.0
2024-01-03 09:30:00-05:00,9.170000076293945,9.21500015258789,8.890000343322754,9.199999809265137,92775,0.0,0.0
2024-01-03 10:30:00-05:00,9.1899995803833,9.279999732971191,9.09000015258789,9.239999771118164,119210,0.0,0.0
2024-01-03 11:30:00-05:00,9.239999771118164,9.279999732971191,9.1899995803833,9.244999885559082,49876,0.0,0.0
2024-01-03 12:30:00-05:00,9.25,9.329999923706055,9.220000267028809,9.300000190734863,59641,0.0,0.0
2024-01-03 13:30:00-05:00,9.3100004196167,9.350000381469727,9.204999923706055,9.3100004196167,70814,0.0,0.0
2024-01-03 14:30:00-05:00,9.3100004196167,9.319999694824219,9.109999656677246,9.149999618530273,75060,0.0,0.0
2024-01-03 15:30:00-05:00,9.15999984741211,9.210000038146973,9.114999771118164,9.15999984741211,163022,0.0,0.0
2024-01-04 09:30:00-05:00,9.180000305175781,9.300000190734863,9.100000381469727,9.15999984741211,45692,0.0,0.0
2024-01-04 10:30:00-05:00,9.119999885559082,9.15999984741211,9.020000457763672,9.079999923706055,54230,0.0,0.0
2024-01-04 11:30:00-05:00,9.0600004196167,9.170000076293945,9.010000228881836,9.130000114440918,59496,0.0,0.0
2024-01-04 12:30:00-05:00,9.130000114440918,9.319999694824219,9.125,9.319999694824219,43256,0.0,0.0
2024-01-04 13:30:00-05:00,9.329999923706055,9.350000381469727,9.210000038146973,9.229999542236328,169345,0.0,0.0
2024-01-04 14:30:00-05:00,9.229999542236328,9.329999923706055,9.199999809265137,9.319999694824219,166941,0.0,0.0
2024-01-04 15:30:00-05:00,9.319999694824219,9.380000114440918,9.295000076293945,9.369999885559082,162233,0.0,0.0
2024-01-05 09:30:00-05:00,9.279999732971191,9.5,9.279999732971191,9.369999885559082,68671,0.0,0.0
2024-01-05 10:30:00-05:00,9.369999885559082,9.460000038146973,9.300000190734863,9.300000190734863,32099,0.0,0.0
2024-01-05 11:30:00-05:00,9.300000190734863,9.34000015258789,9.255000114440918,9.279999732971191,42894,0.0,0.0
2024-01-05 12:30:00-05:00,9.270000457763672,9.359999656677246,9.2475004196167,9.335000038146973,31633,0.0,0.0
2024-01-05 13:30:00-05:00,9.335000038146973,9.458900451660156,9.335000038146973,9.449999809265137,45392,0.0,0.0
2024-01-05 14:30:00-05:00,9.449999809265137,9.454999923706055,9.292499542236328,9.354999542236328,119998,0.0,0.0
2024-01-05 15:30:00-05:00,9.354999542236328,9.380000114440918,9.3100004196167,9.329999923706055,151949,0.0,0.0
2024-01-08 09:30:00-05:00,9.369999885559082,9.390000343322754,9.045000076293945,9.140000343322754,66881,0.0,0.0
2024-01-08 10:30:00-05:00,9.140000343322754,9.265000343322754,9.140000343322754,9.229999542236328,58889,0.0,0.0
2024-01-08 11:30:00-05:00,9.229999542236328,9.319999694824219,9.199999809265137,9.244999885559082,97980,0.0,0.0
2024-01-08 12:30:00-05:00,9.239999771118164,9.244999885559082,9.140000343322754,9.154999732971191,74596,0.0,0.0
2024-01-08 13:30:00-05:00,9.170000076293945,9.204999923706055,9.09000015258789,9.140000343322754,50359,0.0,0.0
2024-01-08 14:30:00-05:00,9.130000114440918,9.140000343322754,8.899999618530273,8.9399995803833,90468,0.0,0.0
2024-01-08 15:30:00-05:00,8.920000076293945,9.010000228881836,8.920000076293945,9.010000228881836,128178,0.0,0.0
2024-01-09 09:30:00-05:00,9.0,9.0,8.4399995803833,8.569999694824219,107891,0.0,0.0
2024-01-09 10:30:00-05:00,8.550000190734863,8.550000190734863,8.399999618530273,8.5,62756,0.0,0.0
2024-01-09 11:30:00-05:00,8.489999771118164,8.5,8.399999618530273,8.40999984741211,55009,0.0,0.0
2024-01-09 12:30:00-05:00,8.420000076293945,8.550000190734863,8.329999923706055,8.34000015258789,144224,0.0,0.0
2024-01-09 13:30:00-05:00,8.329999923706055,8.420000076293945,8.3100004196167,8.375,69115,0.0,0.0
2024-01-09 14:30:00-05:00,8.369999885559082,8.479999542236328,8.319999694824219,8.479999542236328,76135,0.0,0.0
2024-01-09 15:30:00-05:00,8.479999542236328,8.484999656677246,8.399999618530273,8.40999984741211,122446,0.0,0.0
2024-01-10 09:30:00-05:00,8.369999885559082,8.385000228881836,8.175000190734863,8.369999885559082,58210,0.0,0.0
2024-01-10 10:30:00-05:00,8.368000030517578,8.460000038146973,8.319999694824219,8.390000343322754,32680,0.0,0.0
2024-01-10 11:30:00-05:00,8.390000343322754,8.460000038146973,8.354999542236328,8.399999618530273,29031,0.0,0.0
2024-01-10 12:30:00-05:00,8.380000114440918,8.420000076293945,8.274999618530273,8.300000190734863,44650,0.0,0.0
2024-01-10 13:30:00-05:00,8.295000076293945,8.369999885559082,8.234999656677246,8.34000015258789,69760,0.0,0.0
2024-01-10 14:30:00-05:00,8.34000015258789,8.390000343322754,8.289999961853027,8.319999694824219,55282,0.0,0.0
2024-01-10 15:30:00-05:00,8.319999694824219,8.40999984741211,8.3149995803833,8.40999984741211,120550,0.0,0.0
2024-01-11 09:30:00-05:00,8.390000343322754,8.390000343322754,8.140000343322754,8.180000305175781,74269,0.0,0.0
2024-01-11 10:30:00-05:00,8.187999725341797,8.187999725341797,8.079999923706055,8.145000457763672,55226,0.0,0.0
2024-01-11 11:30:00-05:00,8.145500183105469,8.229900360107422,8.100000381469727,8.199999809265137,43637,0.0,0.0
2024-01-11 12:30:00-05:00,8.194999694824219,8.40999984741211,8.194999694824219,8.380000114440918,43410,0.0,0.0
2024-01-11 13:30:00-05:00,8.380000114440918,8.449999809265137,8.335000038146973,8.430000305175781,44527,0.0,0.0
2024-01-11 14:30:00-05:00,8.430000305175781,8.470000267028809,8.399999618530273,8.420000076293945,78762,0.0,0.0
2024-01-11 15:30:00-05:00,8.425000190734863,8.430000305175781,8.380000114440918,8.430000305175781,87703,0.0,0.0
2024-01-12 09:30:00-05:00,8.510000228881836,8.585000038146973,8.395000457763672,8.529999732971191,54719,0.0,0.0
2024-01-12 10:30:00-05:00,8.529999732971191,8.529999732971191,8.369999885559082,8.4399995803833,55677,0.0,0.0
2024-01-12 11:30:00-05:00,8.4399995803833,8.460000038146973,8.34000015258789,8.350000381469727,41624,0.0,0.0
2024-01-12 12:30:00-05:00,8.34000015258789,8.40999984741211,8.34000015258789,8.350000381469727,35895,0.0,0.0
2024-01-12 13:30:00-05:00,8.350000381469727,8.420000076293945,8.34000015258789,8.399999618530273,48807,0.0,0.0
2024-01-12 14:30:00-05:00,8.390000343322754,8.399999618530273,8.3100004196167,8.345000267028809,64273,0.0,0.0
2024-01-12 15:30:00-05:00,8.34000015258789,8.387999534606934,8.329999923706055,8.359999656677246,94422,0.0,0.0
2024-01-16 09:30:00-05:00,8.399999618530273,8.559900283813477,8.270000457763672,8.5,71932,0.0,0.0
2024-01-16 10:30:00-05:00,8.50100040435791,8.579999923706055,8.479999542236328,8.579999923706055,40935,0.0,0.0
2024-01-16 11:30:00-05:00,8.5600004196167,8.569999694824219,8.380000114440918,8.390000343322754,43624,0.0,0.0
2024-01-16 12:30:00-05:00,8.385000228881836,8.385000228881836,8.300000190734863,8.34000015258789,29264,0.0,0.0
2024-01-16 13:30:00-05:00,8.329999923706055,8.425000190734863,8.329999923706055,8.390000343322754,67206,0.0,0.0
2024-01-16 14:30:00-05:00,8.390000343322754,8.420000076293945,8.380000114440918,8.390000343322754,40602,0.0,0.0
2024-01-16 15:30:00-05:00,8.399999618530273,8.460000038146973,8.369999885559082,8.460000038146973,95368,0.0,0.0
2024-01-17 09:30:00-05:00,8.300000190734863,8.4399995803833,8.270000457763672,8.319999694824219,29742,0.0,0.0
2024-01-17 10:30:00-05:00,8.298999786376953,8.390000343322754,8.279999732971191,8.369999885559082,47668,0.0,0.0
2024-01-17 11:30:00-05:00,8.369999885559082,8.399999618530273,8.305000305175781,8.390000343322754,35016,0.0,0.0
2024-01-17 12:30:00-05:00,8.390000343322754,8.390000343322754,8.25,8.260000228881836,40644,0.0,0.0
2024-01-17 13:30:00-05:00,8.25,8.25,8.11989974975586,8.149999618530273,56147,0.0,0.0
2024-01-17 14:30:00-05:00,8.149999618530273,8.149999618530273,8.010000228881836,8.125,80777,0.0,0.0
2024-01-17 15:30:00-05:00,8.130000114440918,8.270000457763672,8.125,8.21500015258789,144370,0.0,0.0
2024-01-18 09:30:00-05:00,8.220000267028809,8.300000190734863,8.039999961853027,8.260000228881836,37571,0.0,0.0
2024-01-18 10:30:00-05:00,8.28499984741211,8.420000076293945,8.279999732971191,8.420000076293945,66355,0.0,0.0
2024-01-18 11:30:00-05:00,8.420000076293945,8.420000076293945,8.327500343322754,8.369999885559082,52411,0.0,0.0
2024-01-18 12:30:00-05:00,8.369999885559082,8.369999885559082,8.260000228881836,8.319999694824219,62753,0.0,0.0
2024-01-18 13:30:00-05:00,8.329999923706055,8.364999771118164,8.300000190734863,8.359999656677246,39278,0.0,0.0
2024-01-18 14:30:00-05:00,8.350000381469727,8.380000114440918,8.3100004196167,8.380000114440918,55880,0.0,0.0
2024-01-18 15:30:00-05:00,8.380000114440918,8.399999618530273,8.359999656677246,8.380000114440918,95595,0.0,0.0
2024-01-19 09:30:00-05:00,8.479999542236328,8.614999771118164,8.40999984741211,8.529999732971191,53970,0.0,0.0
2024-01-19 10:30:00-05:00,8.53499984741211,8.609999656677246,8.510000228881836,8.5600004196167,62315,0.0,0.0
2024-01-19 11:30:00-05:00,8.539999961853027,8.5600004196167,8.520000457763672,8.539999961853027,32610,0.0,0.0
2024-01-19 12:30:00-05:00,8.550000190734863,8.619999885559082,8.550000190734863,8.595000267028809,43755,0.0,0.0
2024-01-19 13:30:00-05:00,8.59000015258789,8.649999618530273,8.59000015258789,8.649999618530273,48977,0.0,0.0
2024-01-19 14:30:00-05:00,8.640000343322754,8.710000038146973,8.600000381469727,8.640000343322754,195658,0.0,0.0
2024-01-19 15:30:00-05:00,8.649999618530273,8.649999618530273,8.59000015258789,8.609999656677246,69956,0.0,0.0
2024-01-22 09:30:00-05:00,8.609999656677246,8.930000305175781,8.600000381469727,8.90999984741211,75703,0.0,0.0
2024-01-22 10:30:00-05:00,8.914999961853027,8.914999961853027,8.824999809265137,8.829999923706055,29082,0.0,0.0
2024-01-22 11:30:00-05:00,8.819999694824219,8.859999656677246,8.789999961853027,8.845000267028809,29141,0.0,0.0
2024-01-22 12:30:00-05:00,8.850000381469727,8.90999984741211,8.829999923706055,8.890000343322754,26929,0.0,0.0
2024-01-22 13:30:00-05:00,8.890000343322754,8.975000381469727,8.880000114440918,8.895000457763672,54701,0.0,0.0
2024-01-22 14:30:00-05:00,8.890000343322754,9.055000305175781,8.890000343322754,8.970000267028809,77961,0.0,0.0
2024-01-22 15:30:00-05:00,8.949999809265137,9.0600004196167,8.949999809265137,9.0600004196167,91506,0.0,0.0
2024-01-23 09:30:00-05:00,9.199999809265137,9.350000381469727,9.079999923706055,9.149999618530273,75887,0.0,0.0
2024-01-23 10:30:00-05:00,9.164999961853027,9.170000076293945,9.109700202941895,9.135000228881836,42605,0.0,0.0
2024-01-23 11:30:00-05:00,9.135000228881836,9.145000457763672,9.045000076293945,9.045000076293945,11785,0.0,0.0
2024-01-23 12:30:00-05:00,9.039999961853027,9.140000343322754,9.039999961853027,9.140000343322754,43182,0.0,0.0
2024-01-23 13:30:00-05:00,9.149999618530273,9.199999809265137,9.119999885559082,9.145000457763672,44550,0.0,0.0
2024-01-23 14:30:00-05:00,9.149999618530273,9.199999809265137,9.140000343322754,9.1899995803833,25149,0.0,0.0
2024-01-23 15:30:00-05:00,9.199000358581543,9.204999923706055,9.130000114440918,9.149999618530273,103992,0.0,0.0
2024-01-24 09:30:00-05:00,9.270000457763672,9.350000381469727,9.1899995803833,9.289999961853027,29935,0.0,0.0
2024-01-24 10:30:00-05:00,9.300000190734863,9.410099983215332,9.289999961853027,9.369999885559082,51303,0.0,0.0
2024-01-24 11:30:00-05:00,9.359999656677246,9.359999656677246,9.289999961853027,9.319999694824219,16913,0.0,0.0
2024-01-24 12:30:00-05:00,9.3100004196167,9.354999542236328,9.3100004196167,9.350000381469727,23622,0.0,0.0
2024-01-24 13:30:00-05:00,9.350000381469727,9.359999656677246,9.3100004196167,9.319999694824219,13870,0.0,0.0
2024-01-24 14:30:00-05:00,9.3100004196167,9.390000343322754,9.3100004196167,9.324999809265137,36897,0.0,0.0
2024-01-24 15:30:00-05:00,9.319999694824219,9.329999923706055,9.265000343322754,9.329999923706055,46712,0.0,0.0
2024-01-25 09:30:00-05:00,9.399999618530273,9.529999732971191,9.34000015258789,9.34000015258789,61747,0.0,0.0
2024-01-25 10:30:00-05:00,9.359999656677246,9.388799667358398,9.270000457763672,9.329999923706055,31961,0.0,0.0
2024-01-25 11:30:00-05:00,9.319999694824219,9.324999809265137,9.195899963378906,9.195899963378906,22533,0.0,0.0
2024-01-25 12:30:00-05:00,9.180000305175781,9.3149995803833,9.180000305175781,9.289999961853027,37815,0.0,0.0
2024-01-25 13:30:00-05:00,9.28499984741211,9.4399995803833,9.270000457763672,9.4399995803833,30803,0.0,0.0
2024-01-25 14:30:00-05:00,9.4399995803833,9.460000038146973,9.359999656677246,9.369999885559082,28437,0.0,0.0
2024-01-25 15:30:00-05:00,9.369999885559082,9.479999542236328,9.369999885559082,9.46500015258789,93723,0.0,0.0
2024-01-26 09:30:00-05:00,9.529999732971191,9.649999618530273,9.404999732971191,9.5,42113,0.0,0.0
2024-01-26 10:30:00-05:00,9.510000228881836,9.550000190734863,9.420000076293945,9.430000305175781,23134,0.0,0.0
2024-01-26 11:30:00-05:00,9.430000305175781,9.479999542236328,9.399999618530273,9.460000038146973,34443,0.0,0.0
2024-01-26 12:30:00-05:00,9.458900451660156,9.460000038146973,9.399999618530273,9.40999984741211,23148,0.0,0.0
2024-01-26 13:30:00-05:00,9.40999984741211,9.430000305175781,9.380000114440918,9.414999961853027,27285,0.0,0.0
2024-01-26 14:30:00-05:00,9.40999984741211,9.470000267028809,9.390000343322754,9.390000343322754,34535,0.0,0.0
2024-01-26 15:30:00-05:00,9.399999618530273,9.470000267028809,9.399999618530273,9.430000305175781,53770,0.0,0.0
2024-01-29 09:30:00-05:00,9.390000343322754,9.470000267028809,9.3100004196167,9.34000015258789,17414,0.0,0.0
2024-01-29 10:30:00-05:00,9.350000381469727,9.489999771118164,9.34000015258789,9.470000267028809,18677,0.0,0.0
2024-01-29 11:30:00-05:00,9.470000267028809,9.579999923706055,9.454999923706055,9.579999923706055,27867,0.0,0.0
2024-01-29 12:30:00-05:00,9.587900161743164,9.619999885559082,9.550000190734863,9.600000381469727,30560,0.0,0.0
2024-01-29 13:30:00-05:00,9.59000015258789,9.604999542236328,9.550000190734863,9.5649995803833,16930,0.0,0.0
2024-01-29 14:30:00-05:00,9.5600004196167,9.670000076293945,9.555000305175781,9.65999984741211,35139,0.0,0.0
2024-01-29 15:30:00-05:00,9.664999961853027,9.770000457763672,9.65999984741211,9.75,118634,0.0,0.0
2024-01-30 09:30:00-05:00,9.640000343322754,9.739999771118164,9.539999961853027,9.65999984741211,22113,0.0,0.0
2024-01-30 10:30:00-05:00,9.65999984741211,9.70199966430664,9.609999656677246,9.699999809265137,16448,0.0,0.0
2024-01-30 11:30:00-05:00,9.710000038146973,9.819299697875977,9.710000038146973,9.779999732971191,25595,0.0,0.0
2024-01-30 12:30:00-05:00,9.765000343322754,9.819999694824219,9.75,9.75,55479,0.0,0.0
2024-01-30 13:30:00-05:00,9.760000228881836,9.779999732971191,9.739999771118164,9.779999732971191,19397,0.0,0.0
2024-01-30 14:30:00-05:00,9.779999732971191,9.84000015258789,9.729999542236328,9.760000228881836,83920,0.0,0.0
2024-01-30 15:30:00-05:00,9.770000457763672,9.84000015258789,9.720000267028809,9.829999923706055,81933,0.0,0.0
2024-01-31 09:30:00-05:00,9.789999961853027,9.890000343322754,9.670000076293945,9.779999732971191,23469,0.0,0.0
2024-01-31 10:30:00-05:00,9.800000190734863,9.819999694824219,9.6899995803833,9.694999694824219,23511,0.0,0.0
2024-01-31 11:30:00-05:00,9.6850004196167,9.800000190734863,9.6850004196167,9.789999961853027,46289,0.0,0.0
2024-01-31 12:30:00-05:00,9.770000457763672,9.779999732971191,9.710000038146973,9.729999542236328,15521,0.0,0.0
2024-01-31 13:30:00-05:00,9.720000267028809,9.739800453186035,9.614999771118164,9.66100025177002,19274,0.0,0.0
2024-01-31 14:30:00-05:00,9.680000305175781,9.789999961853027,9.539999961853027,9.619999885559082,36797,0.0,0.0
2024-01-31 15:30:00-05:00,9.600000381469727,9.630000114440918,9.569999694824219,9.569999694824219,80360,0.0,0.0
2024-02-01 09:30:00-05:00,9.510000228881836,9.5600004196167,9.270000457763672,9.369999885559082,46111,0.0,0.0
2024-02-01 10:30:00-05:00,9.399999618530273,9.399999618530273,9.149999618530273,9.180000305175781,38219,0.0,0.0
2024-02-01 11:30:00-05:00,9.210000038146973,9.274999618530273,9.119999885559082,9.270000457763672,31011,0.0,0.0
2024-02-01 12:30:00-05:00,9.270000457763672,9.34000015258789,9.229999542236328,9.229999542236328,21451,0.0,0.0
2024-02-01 13:30:00-05:00,9.239999771118164,9.25,9.170000076293945,9.199999809265137,18317,0.0,0.0
2024-02-01 14:30:00-05:00,9.199999809265137,9.6899995803833,9.119999885559082,9.119999885559082,1036452,0.0,0.0
2024-02-01 15:30:00-05:00,9.145000457763672,9.380000114440918,9.079999923706055,9.319999694824219,359524,0.0,0.0
2024-02-02 09:30:00-05:00,9.329999923706055,9.494999885559082,9.199999809265137,9.329999923706055,31680,0.0,0.0
2024-02-02 10:30:00-05:00,9.347999572753906,9.425000190734863,9.279999732971191,9.300000190734863,29576,0.0,0.0
2024-02-02 11:30:00-05:00,9.3100004196167,9.390000343322754,9.270000457763672,9.270000457763672,29503,0.0,0.0
2024-02-02 12:30:00-05:00,9.270000457763672,9.279999732971191,9.170000076293945,9.210000038146973,33311,0.0,0.0
2024-02-02 13:30:00-05:00,9.210000038146973,9.329999923706055,9.210000038146973,9.289999961853027,36933,0.0,0.0
2024-02-02 14:30:00-05:00,9.300000190734863,9.380000114440918,9.279999732971191,9.380000114440918,38855,0.0,0.0
2024-02-02 15:30:00-05:00,9.359999656677246,9.359999656677246,9.220000267028809,9.220000267028809,58333,0.0,0.0
2024-02-05 09:30:00-05:00,9.050000190734863,9.210000038146973,8.869999885559082,8.880000114440918,39696,0.0,0.0
2024-02-05 10:30:00-05:00,8.890000343322754,8.920000076293945,8.8100004196167,8.875,19469,0.0,0.0
2024-02-05 11:30:00-05:00,8.880000114440918,8.880000114440918,8.699999809265137,8.748299598693848,77277,0.0,0.0
2024-02-05 12:30:00-05:00,8.750499725341797,8.829999923706055,8.75,8.8100004196167,30944,0.0,0.0
2024-02-05 13:30:00-05:00,8.789999961853027,8.899999618530273,8.779999732971191,8.859999656677246,26409,0.0,0.0
2024-02-05 14:30:00-05:00,8.84000015258789,9.010000228881836,8.84000015258789,9.010000228881836,45959,0.0,0.0
2024-02-05 15:30:00-05:00,9.010000228881836,9.010000228881836,8.920000076293945,8.930000305175781,92320,0.0,0.0
2024-02-06 09:30:00-05:00,8.859999656677246,9.109999656677246,8.84000015258789,9.0600004196167,44434,0.0,0.0
2024-02-06 10:30:00-05:00,9.0600004196167,9.15999984741211,9.020000457763672,9.15999984741211,28008,0.0,0.0
2024-02-06 11:30:00-05:00,9.15999984741211,9.199999809265137,9.09000015258789,9.199999809265137,42540,0.0,0.0
2024-02-06 12:30:00-05:00,9.199999809265137,9.229999542236328,9.109999656677246,9.130000114440918,52761,0.0,0.0
2024-02-06 13:30:00-05:00,9.140000343322754,9.210000038146973,9.079999923706055,9.119999885559082,34211,0.0,0.0
2024-02-06 14:30:00-05:00,9.100000381469727,9.140000343322754,8.989999771118164,8.989999771118164,77370,0.0,0.0
2024-02-06 15:30:00-05:00,9.0,9.0600004196167,8.979999542236328,9.0600004196167,125451,0.0,0.0
2024-02-07 09:30:00-05:00,9.100000381469727,9.104999542236328,8.899999618530273,8.930000305175781,37223,0.0,0.0
2024-02-07 10:30:00-05:00,8.9399995803833,9.0,8.850000381469727,8.9399995803833,30941,0.0,0.0
2024-02-07 11:30:00-05:00,8.9399995803833,9.010000228881836,8.930000305175781,8.960000038146973,38923,0.0,0.0
2024-02-07 12:30:00-05:00,8.96500015258789,9.09000015258789,8.9399995803833,9.085000038146973,48316,0.0,0.0
2024-02-07 13:30:00-05:00,9.085000038146973,9.140000343322754,9.029999732971191,9.039999961853027,77127,0.0,0.0
2024-02-07 14:30:00-05:00,9.039999961853027,9.09000015258789,8.960000038146973,8.960000038146973,77919,0.0,0.0
2024-02-07 15:30:00-05:00,8.960000038146973,8.970000267028809,8.869999885559082,8.869999885559082,63998,0.0,0.0
2024-02-08 09:30:00-05:00,8.970000267028809,8.970000267028809,8.710000038146973,8.829999923706055,38296,0.0,0.0
2024-02-08 10:30:00-05:00,8.829999923706055,8.880000114440918,8.789999961853027,8.789999961853027,34266,0.0,0.0
2024-02-08 11:30:00-05:00,8.800000190734863,8.90999984741211,8.800000190734863,8.899999618530273,44872,0.0,0.0
2024-02-08 12:30:00-05:00,8.90999984741211,9.005000114440918,8.890000343322754,9.0,60676,0.0,0.0
2024-02-08 13:30:00-05:00,8.994999885559082,9.050000190734863,8.979999542236328,9.050000190734863,38819,0.0,0.0
2024-02-08 14:30:00-05:00,9.039999961853027,9.09000015258789,8.989999771118164,9.029999732971191,51372,0.0,0.0
2024-02-08 15:30:00-05:00,9.020000457763672,9.039999961853027,8.979999542236328,9.010000228881836,82638,0.0,0.0
2024-02-09 09:30:00-05:00,8.850000381469727,8.930000305175781,8.739999771118164,8.880000114440918,48199,0.0,0.0
2024-02-09 10:30:00-05:00,8.890000343322754,9.0,8.880000114440918,8.960000038146973,69456,0.0,0.0
2024-02-09 11:30:00-05:00,8.960000038146973,9.149999618530273,8.949999809265137,9.149999618530273,33952,0.0,0.0
2024-02-09 12:30:00-05:00,9.1899995803833,9.25,9.140000343322754,9.229999542236328,22393,0.0,0.0
2024-02-09 13:30:00-05:00,9.229999542236328,9.29990005493164,9.199999809265137,9.279999732971191,34763,0.0,0.0
2024-02-09 14:30:00-05:00,9.289999961853027,9.34000015258789,9.279999732971191,9.319999694824219,68309,0.0,0.0
2024-02-09 15:30:00-05:00,9.329999923706055,9.510000228881836,9.329999923706055,9.510000228881836,133173,0.0,0.0
2024-02-12 09:30:00-05:00,9.539999961853027,9.84000015258789,9.529999732971191,9.800000190734863,37193,0.0,0.0
2024-02-12 10:30:00-05:00,9.800000190734863,9.960000038146973,9.779999732971191,9.960000038146973,39907,0.0,0.0
2024-02-12 11:30:00-05:00,9.979999542236328,10.085000038146973,9.979999542236328,10.050000190734863,57858,0.0,0.0
2024-02-12 12:30:00-05:00,10.069899559020996,10.180000305175781,10.029999732971191,10.109999656677246,52779,0.0,0.0
2024-02-12 13:30:00-05:00,10.100000381469727,10.1899995803833,10.069999694824219,10.119999885559082,71684,0.0,0.0
2024-02-12 14:30:00-05:00,10.130000114440918,10.154999732971191,10.09000015258789,10.095000267028809,67260,0.0,0.0
2024-02-12 15:30:00-05:00,10.095000267028809,10.15999984741211,10.09000015258789,10.140000343322754,88881,0.0,0.0
2024-02-13 09:30:00-05:00,9.930000305175781,10.140000343322754,9.859999656677246,9.890000343322754,129354,0.0,0.0
2024-02-13 10:30:00-05:00,9.890000343322754,10.050000190734863,9.859999656677246,10.029999732971191,62547,0.0,0.0
2024-02-13 11:30:00-05:00,10.039999961853027,10.130000114440918,9.989999771118164,10.119999885559082,44518,0.0,0.0
2024-02-13 12:30:00-05:00,10.130000114440918,10.15999984741211,10.074999809265137,10.119099617004395,42034,0.0,0.0
2024-02-13 13:30:00-05:00,10.119999885559082,10.1899995803833,10.100000381469727,10.175000190734863,73515,0.0,0.0
2024-02-13 14:30:00-05:00,10.180000305175781,10.180000305175781,9.960000038146973,10.039999961853027,128055,0.0,0.0
2024-02-13 15:30:00-05:00,10.039999961853027,10.119999885559082,10.015000343322754,10.100000381469727,149865,0.0,0.0
2024-02-14 09:30:00-05:00,10.100000381469727,10.319999694824219,10.050000190734863,10.100000381469727,55350,0.0,0.0
2024-02-14 10:30:00-05:00,10.097999572753906,10.15999984741211,10.069999694824219,10.140000343322754,36676,0.0,0.0
2024-02-14 11:30:00-05:00,10.130000114440918,10.244999885559082,10.015000343322754,10.244999885559082,40768,0.0,0.0
2024-02-14 12:30:00-05:00,10.244999885559082,10.270000457763672,10.170000076293945,10.239999771118164,37226,0.0,0.0
2024-02-14 13:30:00-05:00,10.249899864196777,10.309900283813477,10.109999656677246,10.1899995803833,52470,0.0,0.0
2024-02-14 14:30:00-05:00,10.180000305175781,10.329999923706055,10.15999984741211,10.319999694824219,68295,0.0,0.0
2024-02-14 15:30:00-05:00,10.3100004196167,10.420000076293945,10.3100004196167,10.380000114440918,112514,0.0,0.0
2024-02-15 09:30:00-05:00,10.390000343322754,10.67039966583252,10.390000343322754,10.4399995803833,79098,0.0,0.0
2024-02-15 10:30:00-05:00,10.4399995803833,10.449999809265137,10.375,10.449999809265137,31793,0.0,0.0
2024-02-15 11:30:00-05:00,10.4399995803833,10.5600004196167,10.4399995803833,10.489999771118164,27129,0.0,0.0
2024-02-15 12:30:00-05:00,10.489999771118164,10.510000228881836,10.399999618530273,10.494999885559082,34949,0.0,0.0
2024-02-15 13:30:00-05:00,10.5,10.600000381469727,10.489999771118164,10.59000015258789,42496,0.0,0.0
2024-02-15 14:30:00-05:00,10.59000015258789,10.600000381469727,10.5,10.529999732971191,60490,0.0,0.0
2024-02-15 15:30:00-05:00,10.520000457763672,10.59000015258789,10.520000457763672,10.59000015258789,69398,0.0,0.0
2024-02-16 09:30:00-05:00,10.569999694824219,10.724900245666504,10.385000228881836,10.649999618530273,113411,0.0,0.0
2024-02-16 10:30:00-05:00,10.65999984741211,10.65999984741211,10.529999732971191,10.609999656677246,55331,0.0,0.0
2024-02-16 11:30:00-05:00,10.630000114440918,10.720000267028809,10.619999885559082,10.710000038146973,38196,0.0,0.0
2024-02-16 12:30:00-05:00,10.699999809265137,10.704999923706055,10.569999694824219,10.569999694824219,42967,0.0,0.0
2024-02-16 13:30:00-05:00,10.569999694824219,10.649999618530273,10.5649995803833,10.619999885559082,34082,0.0,0.0
2024-02-16 14:30:00-05:00,10.611000061035156,10.619999885559082,10.470000267028809,10.510000228881836,51279,0.0,0.0
2024-02-16 15:30:00-05:00,10.5,10.630000114440918,10.479999542236328,10.579999923706055,112234,0.0,0.0
2024-02-20 09:30:00-05:00,10.40999984741211,10.850000381469727,10.404999732971191,10.84000015258789,41817,0.0,0.0
2024-02-20 10:30:00-05:00,10.850000381469727,10.899999618530273,10.789999961853027,10.829999923706055,62508,0.0,0.0
2024-02-20 11:30:00-05:00,10.829999923706055,10.84000015258789,10.5600004196167,10.569999694824219,56393,0.0,0.0
2024-02-20 12:30:00-05:00,10.5600004196167,10.65999984741211,10.53499984741211,10.59000015258789,25009,0.0,0.0
2024-02-20 13:30:00-05:00,10.600000381469727,10.760000228881836,10.600000381469727,10.760000228881836,46110,0.0,0.0
2024-02-20 14:30:00-05:00,10.744999885559082,10.800000190734863,10.664999961853027,10.694999694824219,69209,0.0,0.0
2024-02-20 15:30:00-05:00,10.694999694824219,10.8100004196167,10.664999961853027,10.800000190734863,81196,0.0,0.0
2024-02-21 09:30:00-05:00,10.84000015258789,10.84000015258789,10.69890022277832,10.760000228881836,39832,0.0,0.0
2024-02-21 10:30:00-05:00,10.760000228881836,10.800000190734863,10.739999771118164,10.760000228881836,28541,0.0,0.0
2024-02-21 11:30:00-05:00,10.76099967956543,10.789999961853027,10.75,10.75,31507,0.0,0.0
2024-02-21 12:30:00-05:00,10.75,10.760000228881836,10.550000190734863,10.569999694824219,42717,0.0,0.0
2024-02-21 13:30:00-05:00,10.579999923706055,10.619999885559082,10.529999732971191,10.5600004196167,49895,0.0,0.0
2024-02-21 14:30:00-05:00,10.569999694824219,10.579999923706055,10.420000076293945,10.420000076293945,40490,0.0,0.0
2024-02-21 15:30:00-05:00,10.425000190734863,10.479999542236328,10.40999984741211,10.40999984741211,77305,0.0,0.0
2024-02-22 09:30:00-05:00,10.449999809265137,10.539999961853027,10.239999771118164,10.300000190734863,45706,0.0,0.0
2024-02-22 10:30:00-05:00,10.300000190734863,10.380000114440918,10.300000190734863,10.380000114440918,22826,0.0,0.0
2024-02-22 11:30:00-05:00,10.369999885559082,10.484999656677246,10.350000381469727,10.475000381469727,41956,0.0,0.0
2024-02-22 12:30:00-05:00,10.4399995803833,10.510000228881836,10.40999984741211,10.510000228881836,23114,0.0,0.0
2024-02-22 13:30:00-05:00,10.529999732971191,10.630000114440918,10.520000457763672,10.619999885559082,32386,0.0,0.0
2024-02-22 14:30:00-05:00,10.609999656677246,10.654999732971191,10.569999694824219,10.654999732971191,35032,0.0,0.0
2024-02-22 15:30:00-05:00,10.654999732971191,10.720000267028809,10.645000457763672,10.6899995803833,62545,0.0,0.0
2024-02-23 09:30:00-05:00,10.5,10.899999618530273,10.5,10.895000457763672,41455,0.0,0.0
2024-02-23 10:30:00-05:00,10.895000457763672,11.0,10.869999885559082,10.90999984741211,36384,0.0,0.0
2024-02-23 11:30:00-05:00,10.920000076293945,10.949999809265137,10.829999923706055,10.949999809265137,36501,0.0,0.0
2024-02-23 12:30:00-05:00,10.930000305175781,10.989999771118164,10.90999984741211,10.970000267028809,22388,0.0,0.0
2024-02-23 13:30:00-05:00,10.970000267028809,11.029999732971191,10.739999771118164,10.774999618530273,51076,0.0,0.0
2024-02-23 14:30:00-05:00,10.776900291442871,10.890000343322754,10.699999809265137,10.875,66906,0.0,0.0
2024-02-23 15:30:00-05:00,10.850000381469727,10.904999732971191,10.829999923706055,10.859999656677246,100783,0.0,0.0
2024-02-26 09:30:00-05:00,10.770000457763672,10.920000076293945,10.699999809265137,10.739999771118164,64812,0.0,0.0
2024-02-26 10:30:00-05:00,10.75,10.765000343322754,10.600000381469727,10.665300369262695,24701,0.0,0.0
2024-02-26 11:30:00-05:00,10.6850004196167,10.75,10.649999618530273,10.6850004196167,47862,0.0,0.0
2024-02-26 12:30:00-05:00,10.65999984741211,10.6899995803833,10.46500015258789,10.475000381469727,66627,0.0,0.0
2024-02-26 13:30:00-05:00,10.479999542236328,10.489999771118164,10.399999618530273,10.4399995803833,27841,0.0,0.0
2024-02-26 14:30:00-05:00,10.4399995803833,10.5600004196167,10.380000114440918,10.489999771118164,106187,0.0,0.0
2024-02-26 15:30:00-05:00,10.479999542236328,10.510000228881836,10.470000267028809,10.510000228881836,121831,0.0,0.0
2024-02-27 09:30:00-05:00,10.569999694824219,10.739999771118164,10.430000305175781,10.579999923706055,74100,0.0,0.0
2024-02-27 10:30:00-05:00,10.579999923706055,10.649999618530273,10.569999694824219,10.59000015258789,53353,0.0,0.0
2024-02-27 11:30:00-05:00,10.585000038146973,10.6850004196167,10.5649995803833,10.619999885559082,85725,0.0,0.0
2024-02-27 12:30:00-05:00,10.6358003616333,10.649999618530273,10.550000190734863,10.579999923706055,92176,0.0,0.0
2024-02-27 13:30:00-05:00,10.569999694824219,10.630000114440918,10.539999961853027,10.579999923706055,53251,0.0,0.0
2024-02-27 14:30:00-05:00,10.569999694824219,10.616999626159668,10.489999771118164,10.616999626159668,157224,0.0,0.0
2024-02-27 15:30:00-05:00,10.609999656677246,10.6899995803833,10.574999809265137,10.59000015258789,203845,0.0,0.0
2024-02-28 09:30:00-05:00,10.579999923706055,10.640000343322754,10.5,10.5600004196167,64010,0.0,0.0
2024-02-28 10:30:00-05:00,10.579999923706055,10.607500076293945,10.520000457763672,10.550000190734863,111936,0.0,0.0
2024-02-28 11:30:00-05:00,10.5600004196167,10.5600004196167,10.390000343322754,10.430000305175781,97316,0.0,0.0
2024-02-28 12:30:00-05:00,10.430000305175781,10.489999771118164,10.390000343322754,10.479999542236328,43856,0.0,0.0
2024-02-28 13:30:00-05:00,10.489999771118164,10.489999771118164,10.390000343322754,10.390000343322754,136862,0.0,0.0
2024-02-28 14:30:00-05:00,10.399999618530273,10.470000267028809,10.319999694824219,10.359999656677246,209526,0.0,0.0
2024-02-28 15:30:00-05:00,10.364999771118164,10.430000305175781,10.3149995803833,10.359999656677246,231684,0.0,0.0
2024-02-29 09:30:00-05:00,10.15999984741211,11.489999771118164,10.145000457763672,11.170000076293945,193482,0.0,0.0
2024-02-29 10:30:00-05:00,11.180000305175781,11.25,10.600000381469727,10.680000305175781,133452,0.0,0.0
2024-02-29 11:30:00-05:00,10.65999984741211,10.670000076293945,10.319999694824219,10.359999656677246,172062,0.0,0.0
2024-02-29 12:30:00-05:00,10.390000343322754,10.399999618530273,9.854999542236328,9.864999771118164,124823,0.0,0.0
2024-02-29 13:30:00-05:00,9.880000114440918,10.09000015258789,9.819999694824219,9.829999923706055,128415,0.0,0.0
2024-02-29 14:30:00-05:00,9.850000381469727,10.029999732971191,9.729999542236328,10.010000228881836,173947,0.0,0.0
2024-02-29 15:30:00-05:00,10.020000457763672,10.039999961853027,9.90999984741211,9.979999542236328,247263,0.0,0.0
2024-03-01 09:30:00-05:00,10.029999732971191,10.100000381469727,9.670000076293945,9.690400123596191,72174,0.0,0.0
2024-03-01 10:30:00-05:00,9.699999809265137,9.890000343322754,9.699999809265137,9.805000305175781,83552,0.0,0.0
2024-03-01 11:30:00-05:00,9.800000190734863,9.960000038146973,9.800000190734863,9.9350004196167,50639,0.0,0.0
2024-03-01 12:30:00-05:00,9.9350004196167,9.9399995803833,9.880000114440918,9.895000457763672,40938,0.0,0.0
2024-03-01 13:30:00-05:00,9.895000457763672,9.954999923706055,9.869999885559082,9.899999618530273,38756,0.0,0.0
2024-03-01 14:30:00-05:00,9.901000022888184,9.96500015258789,9.84000015258789,9.960000038146973,59576,0.0,0.0
2024-03-01 15:30:00-05:00,9.960000038146973,9.960000038146973,9.789999961853027,9.789999961853027,99688,0.0,0.0
2024-03-04 09:30:00-05:00,9.800000190734863,10.029999732971191,9.800000190734863,9.880000114440918,65805,0.0,0.0
2024-03-04 10:30:00-05:00,9.899999618530273,9.960000038146973,9.859999656677246,9.885000228881836,10685,0.0,0.0
2024-03-04 11:30:00-05:00,9.899999618530273,9.90999984741211,9.795000076293945,9.84000015258789,22254,0.0,0.0
2024-03-04 12:30:00-05:00,9.829999923706055,9.899999618530273,9.819999694824219,9.880000114440918,19097,0.0,0.0
2024-03-04 13:30:00-05:00,9.890000343322754,9.949999809265137,9.859999656677246,9.859999656677246,21699,0.0,0.0
2024-03-04 14:30:00-05:00,9.864999771118164,9.899999618530273,9.829999923706055,9.84000015258789,36596,0.0,0.0
2024-03-04 15:30:00-05:00,9.850000381469727,9.880000114440918,9.779999732971191,9.869999885559082,188406,0.0,0.0
2024-03-05 09:30:00-05:00,9.880000114440918,9.899999618530273,9.520000457763672,9.614999771118164,91497,0.0,0.0
2024-03-05 10:30:00-05:00,9.630000114440918,9.699999809265137,9.604999542236328,9.65999984741211,53019,0.0,0.0
2024-03-05 11:30:00-05:00,9.619999885559082,9.720000267028809,9.569999694824219,9.71500015258789,21902,0.0,0.0
2024-03-05 12:30:00-05:00,9.710000038146973,9.760000228881836,9.680000305175781,9.75,22136,0.0,0.0
2024-03-05 13:30:00-05:00,9.75,9.75,9.670000076293945,9.670000076293945,27118,0.0,0.0
2024-03-05 14:30:00-05:00,9.675000190734863,9.6899995803833,9.479999542236328,9.559000015258789,37516,0.0,0.0
2024-03-05 15:30:00-05:00,9.550000190734863,9.670000076293945,9.539999961853027,9.654999732971191,192858,0.0,0.0
2024-03-06 09:30:00-05:00,10.0649995803833,10.0649995803833,9.520000457763672,9.640000343322754,75159,0.0,0.0
2024-03-06 10:30:00-05:00,9.600000381469727,9.710000038146973,9.579999923706055,9.704999923706055,1572,0.0,0.0
2024-03-06 11:30:00-05:00,9.692999839782715,9.71500015258789,9.529999732971191,9.640000343322754,20304,0.0,0.0
2024-03-06 12:30:00-05:00,9.640000343322754,9.670000076293945,9.579999923706055,9.670000076293945,12567,0.0,0.0
2024-03-06 13:30:00-05:00,9.619999885559082,9.6899995803833,9.550000190734863,9.6899995803833,17060,0.0,0.0
2024-03-06 14:30:00-05:00,9.670000076293945,9.710000038146973,9.654999732971191,9.6899995803833,44198,0.0,0.0
2024-03-06 15:30:00-05:00,9.680000305175781,9.699999809265137,9.630000114440918,9.630000114440918,133903,0.0,0.0
2024-03-07 09:30:00-05:00,9.329999923706055,9.699999809265137,9.3100004196167,9.600000381469727,65940,0.0,0.0
2024-03-07 10:30:00-05:00,9.59000015258789,9.755000114440918,9.569999694824219,9.739999771118164,44731,0.0,0.0
2024-03-07 11:30:00-05:00,9.755000114440918,9.850000381469727,9.720000267028809,9.785499572753906,41189,0.0,0.0
2024-03-07 12:30:00-05:00,9.789999961853027,9.875,9.770000457763672,9.875,29875,0.0,0.0
2024-03-07 13:30:00-05:00,9.880000114440918,9.880000114440918,9.729999542236328,9.760000228881836,36567,0.0,0.0
2024-03-07 14:30:00-05:00,9.760000228881836,9.789999961853027,9.729999542236328,9.760000228881836,41489,0.0,0.0
2024-03-07 15:30:00-05:00,9.75,9.78499984741211,9.699999809265137,9.720000267028809,80491,0.0,0.0
2024-03-08 09:30:00-05:00,9.760000228881836,9.84000015258789,9.619999885559082,9.625,23761,0.0,0.0
2024-03-08 10:30:00-05:00,9.619999885559082,9.670000076293945,9.550000190734863,9.550000190734863,53170,0.0,0.0
2024-03-08 11:30:00-05:00,9.5600004196167,9.729999542236328,9.539999961853027,9.670000076293945,27345,0.0,0.0
2024-03-08 12:30:00-05:00,9.670000076293945,9.680000305175781,9.539999961853027,9.539999961853027,29383,0.0,0.0
2024-03-08 13:30:00-05:00,9.539999961853027,9.550000190734863,9.449999809265137,9.520000457763672,37820,0.0,0.0
2024-03-08 14:30:00-05:00,9.520000457763672,9.569999694824219,9.460000038146973,9.460000038146973,175188,0.0,0.0
2024-03-08 15:30:00-05:00,9.4399995803833,9.470000267028809,9.40999984741211,9.40999984741211,48688,0.0,0.0
2024-03-11 09:30:00-04:00,9.380399703979492,9.449999809265137,8.600000381469727,8.630000114440918,169913,0.0,0.0
2024-03-11 10:30:00-04:00,8.619999885559082,8.630000114440918,7.900000095367432,8.0,500660,0.0,0.0
2024-03-11 11:30:00-04:00,8.015000343322754,8.069999694824219,7.849999904632568,7.928800106048584,321910,0.0,0.0
2024-03-11 12:30:00-04:00,7.920000076293945,7.920000076293945,7.460000038146973,7.869999885559082,254639,0.0,0.0
2024-03-11 13:30:00-04:00,7.880000114440918,8.079999923706055,7.75,7.940000057220459,200272,0.0,0.0
2024-03-11 14:30:00-04:00,7.940000057220459,7.949999809265137,7.699999809265137,7.735000133514404,149106,0.0,0.0
2024-03-11 15:30:00-04:00,7.735000133514404,7.929999828338623,7.670000076293945,7.739999771118164,426241,0.0,0.0
2024-03-12 09:30:00-04:00,7.670000076293945,7.889999866485596,7.630000114440918,7.804999828338623,105010,0.0,0.0
2024-03-12 10:30:00-04:00,7.829999923706055,7.829999923706055,7.605000019073486,7.620100021362305,72158,0.0,0.0
2024-03-12 11:30:00-04:00,7.650000095367432,7.650000095367432,7.460000038146973,7.510000228881836,99071,0.0,0.0
2024-03-12 12:30:00-04:00,7.5,7.5,7.369999885559082,7.40500020980835,108952,0.0,0.0
2024-03-12 13:30:00-04:00,7.409999847412109,7.480000019073486,7.21999979019165,7.300000190734863,174884,0.0,0.0
2024-03-12 14:30:00-04:00,7.320000171661377,7.409999847412109,7.300000190734863,7.364999771118164,128729,0.0,0.0
2024-03-12 15:30:00-04:00,7.360000133514404,7.420000076293945,7.210000038146973,7.235000133514404,396891,0.0,0.0
2024-03-13 09:30:00-04:00,7.239999771118164,7.452499866485596,7.239999771118164,7.28000020980835,76418,0.0,0.0
2024-03-13 10:30:00-04:00,7.269999980926514,7.269999980926514,7.110000133514404,7.199999809265137,95572,0.0,0.0
2024-03-13 11:30:00-04:00,7.199999809265137,7.204999923706055,6.96999979019165,6.980000019073486,97559,0.0,0.0
2024-03-13 12:30:00-04:00,7.0,7.034999847412109,6.909999847412109,7.019999980926514,60474,0.0,0.0
2024-03-13 13:30:00-04:00,7.019999980926514,7.019999980926514,6.900000095367432,6.949999809265137,41698,0.0,0.0
2024-03-13 14:30:00-04:00,6.949900150299072,6.980000019073486,6.800000190734863,6.800000190734863,76234,0.0,0.0
2024-03-13 15:30:00-04:00,6.789999961853027,6.829999923706055,6.739999771118164,6.75,220517,0.0,0.0
2024-03-14 09:30:00-04:00,6.769999980926514,6.824999809265137,6.590000152587891,6.724999904632568,96434,0.0,0.0
2024-03-14 10:30:00-04:00,6.710700035095215,6.800000190734863,6.679999828338623,6.710000038146973,70439,0.0,0.0
2024-03-14 11:30:00-04:00,6.710000038146973,6.710000038146973,6.46999979019165,6.53000020980835,144695,0.0,0.0
2024-03-14 12:30:00-04:00,6.53000020980835,6.550000190734863,6.400000095367432,6.449999809265137,166013,0.0,0.0
2024-03-14 13:30:00-04:00,6.445000171661377,6.519999980926514,6.349999904632568,6.46999979019165,160081,0.0,0.0
2024-03-14 14:30:00-04:00,6.46999979019165,6.710000038146973,6.409999847412109,6.670000076293945,380975,0.0,0.0
2024-03-14 15:30:00-04:00,6.690000057220459,6.789999961853027,6.650000095367432,6.75,251219,0.0,0.0
2024-03-15 09:30:00-04:00,6.71999979019165,6.929999828338623,6.699999809265137,6.900000095367432,93102,0.0,0.0
2024-03-15 10:30:00-04:00,6.927999973297119,6.929999828338623,6.739999771118164,6.800000190734863,29519,0.0,0.0
2024-03-15 11:30:00-04:00,6.800000190734863,6.800000190734863,6.710000038146973,6.755000114440918,25927,0.0,0.0
2024-03-15 12:30:00-04:00,6.739999771118164,6.739999771118164,6.630000114440918,6.664999961853027,34639,0.0,0.0
2024-03-15 13:30:00-04:00,6.664999961853027,6.699999809265137,6.625,6.684999942779541,47521,0.0,0.0
2024-03-15 14:30:00-04:00,6.684999942779541,8.800000190734863,6.664999961853027,8.460000038146973,5248952,0.0,0.0
2024-03-15 15:30:00-04:00,8.484999656677246,8.494000434875488,7.909999847412109,7.929999828338623,3827008,0.0,0.0
2024-03-18 09:30:00-04:00,7.900000095367432,8.460000038146973,7.900000095367432,8.324999809265137,620319,0.0,0.0
2024-03-18 10:30:00-04:00,8.3100004196167,8.319999694824219,7.949999809265137,8.069999694824219,160026,0.0,0.0
2024-03-18 11:30:00-04:00,8.0600004196167,8.15999984741211,7.880000114440918,7.880000114440918,126692,0.0,0.0
2024-03-18 12:30:00-04:00,7.889999866485596,7.947000026702881,7.699999809265137,7.699999809265137,170582,0.0,0.0
2024-03-18 13:30:00-04:00,7.684299945831299,7.789999961853027,7.659999847412109,7.739999771118164,138840,0.0,0.0
2024-03-18 14:30:00-04:00,7.71999979019165,7.849999904632568,7.670000076293945,7.670000076293945,156844,0.0,0.0
2024-03-18 15:30:00-04:00,7.659999847412109,7.820000171661377,7.659999847412109,7.71999979019165,210104,0.0,0.0
2024-03-19 09:30:00-04:00,7.670000076293945,7.800000190734863,7.599999904632568,7.800000190734863,128182,0.0,0.0
2024-03-19 10:30:00-04:00,7.78000020980835,7.789999961853027,7.539999961853027,7.559999942779541,50527,0.0,0.0
2024-03-19 11:30:00-04:00,7.570000171661377,7.809999942779541,7.559999942779541,7.789999961853027,31345,0.0,0.0
2024-03-19 12:30:00-04:00,7.800000190734863,7.820000171661377,7.599999904632568,7.610000133514404,48019,0.0,0.0
2024-03-19 13:30:00-04:00,7.599999904632568,7.760000228881836,7.579999923706055,7.75,101128,0.0,0.0
2024-03-19 14:30:00-04:00,7.7444000244140625,7.789999961853027,7.699999809265137,7.75,61326,0.0,0.0
2024-03-19 15:30:00-04:00,7.744999885559082,7.769999980926514,7.650000095367432,7.760000228881836,112855,0.0,0.0
2024-03-20 09:30:00-04:00,7.71999979019165,7.84499979019165,7.630099773406982,7.730000019073486,32280,0.0,0.0
2024-03-20 10:30:00-04:00,7.730000019073486,7.789999961853027,7.699999809265137,7.78000020980835,14982,0.0,0.0
2024-03-20 11:30:00-04:00,7.800000190734863,7.960000038146973,7.795000076293945,7.929999828338623,63634,0.0,0.0
2024-03-20 12:30:00-04:00,7.949999809265137,7.949999809265137,7.849999904632568,7.849999904632568,46901,0.0,0.0
2024-03-20 13:30:00-04:00,7.8520002365112305,8.359999656677246,7.755000114440918,7.96999979019165,933661,0.0,0.0
2024-03-20 14:30:00-04:00,8.0,8.210000038146973,7.860000133514404,8.150899887084961,303800,0.0,0.0
2024-03-20 15:30:00-04:00,8.164999961853027,8.239999771118164,8.130000114440918,8.149999618530273,204876,0.0,0.0
2024-03-21 09:30:00-04:00,8.149999618530273,8.289999961853027,8.149999618530273,8.247699737548828,123809,0.0,0.0
2024-03-21 10:30:00-04:00,8.244999885559082,8.289999961853027,8.119999885559082,8.170000076293945,127834,0.0,0.0
2024-03-21 11:30:00-04:00,8.180000305175781,8.229999542236328,8.149999618530273,8.229999542236328,67633,0.0,0.0
2024-03-21 12:30:00-04:00,8.239999771118164,8.467499732971191,8.230899810791016,8.324999809265137,133442,0.0,0.0
2024-03-21 13:30:00-04:00,8.3100004196167,8.420000076293945,8.279999732971191,8.380000114440918,123546,0.0,0.0
2024-03-21 14:30:00-04:00,8.38010025024414,8.449999809265137,8.34000015258789,8.420000076293945,91739,0.0,0.0
2024-03-21 15:30:00-04:00,8.40999984741211,8.449999809265137,8.369999885559082,8.449999809265137,156371,0.0,0.0
2024-03-22 09:30:00-04:00,8.989999771118164,9.389399528503418,8.65999984741211,8.770000457763672,550891,0.0,0.0
2024-03-22 10:30:00-04:00,8.760000228881836,8.989999771118164,8.649999618530273,8.942000389099121,123421,0.0,0.0
2024-03-22 11:30:00-04:00,8.9399995803833,9.00879955291748,8.760000228881836,8.8100004196167,149095,0.0,0.0
2024-03-22 12:30:00-04:00,8.8100004196167,8.8100004196167,8.670000076293945,8.729999542236328,126060,0.0,0.0
2024-03-22 13:30:00-04:00,8.734999656677246,8.84000015258789,8.734999656677246,8.800000190734863,111620,0.0,0.0
2024-03-22 14:30:00-04:00,8.789999961853027,8.819000244140625,8.640000343322754,8.720000267028809,178683,0.0,0.0
2024-03-22 15:30:00-04:00,8.725000381469727,8.734999656677246,8.670000076293945,8.670000076293945,141813,0.0,0.0
2024-03-25 09:30:00-04:00,8.699999809265137,8.960000038146973,8.649999618530273,8.829999923706055,149437,0.0,0.0
2024-03-25 10:30:00-04:00,8.829999923706055,8.859999656677246,8.694999694824219,8.720000267028809,78055,0.0,0.0
2024-03-25 11:30:00-04:00,8.710000038146973,8.760000228881836,8.699999809265137,8.710000038146973,61835,0.0,0.0
2024-03-25 12:30:00-04:00,8.720000267028809,8.720000267028809,8.680000305175781,8.6899995803833,34027,0.0,0.0
2024-03-25 13:30:00-04:00,8.699999809265137,8.699999809265137,8.630000114440918,8.645000457763672,72433,0.0,0.0
2024-03-25 14:30:00-04:00,8.645000457763672,8.649999618530273,8.470000267028809,8.470000267028809,103665,0.0,0.0
2024-03-25 15:30:00-04:00,8.479999542236328,8.520000457763672,8.430000305175781,8.449999809265137,218457,0.0,0.0
2024-03-26 09:30:00-04:00,8.510000228881836,8.720000267028809,8.489999771118164,8.5649995803833,93924,0.0,0.0
2024-03-26 10:30:00-04:00,8.550000190734863,8.630000114440918,8.479999542236328,8.539999961853027,78828,0.0,0.0
2024-03-26 11:30:00-04:00,8.539999961853027,8.609999656677246,8.529999732971191,8.609999656677246,36751,0.0,0.0
2024-03-26 12:30:00-04:00,8.609999656677246,8.630000114440918,8.5,8.558500289916992,104293,0.0,0.0
2024-03-26 13:30:00-04:00,8.5600004196167,8.579999923706055,8.539999961853027,8.569999694824219,54265,0.0,0.0
2024-03-26 14:30:00-04:00,8.561699867248535,8.569000244140625,8.449999809265137,8.484999656677246,66616,0.0,0.0
2024-03-26 15:30:00-04:00,8.489999771118164,8.510000228881836,8.460000038146973,8.470000267028809,85307,0.0,0.0
2024-03-27 09:30:00-04:00,8.539999961853027,8.640000343322754,8.470000267028809,8.595000267028809,29419,0.0,0.0
2024-03-27 10:30:00-04:00,8.609999656677246,9.079999923706055,8.609999656677246,9.039999961853027,103991,0.0,0.0
2024-03-27 11:30:00-04:00,9.039999961853027,9.239999771118164,9.020000457763672,9.199999809265137,109745,0.0,0.0
2024-03-27 12:30:00-04:00,9.210000038146973,9.350000381469727,9.09000015258789,9.25,139013,0.0,0.0
2024-03-27 13:30:00-04:00,9.239999771118164,9.307499885559082,9.170000076293945,9.210000038146973,72369,0.0,0.0
2024-03-27 14:30:00-04:00,9.199999809265137,9.234999656677246,9.15999984741211,9.175000190734863,104523,0.0,0.0
2024-03-27 15:30:00-04:00,9.175000190734863,9.239999771118164,9.145000457763672,9.239999771118164,149631,0.0,0.0
2024-03-28 09:30:00-04:00,9.1899995803833,9.359999656677246,9.15999984741211,9.164999961853027,132761,0.0,0.0
2024-03-28 10:30:00-04:00,9.199999809265137,9.220000267028809,9.010000228881836,9.015000343322754,80482,0.0,0.0
2024-03-28 11:30:00-04:00,9.029999732971191,9.079999923706055,9.010000228881836,9.020000457763672,86358,0.0,0.0
2024-03-28 12:30:00-04:00,9.020000457763672,9.414999961853027,9.020000457763672,9.390000343322754,81484,0.0,0.0
2024-03-28 13:30:00-04:00,9.380000114440918,9.430000305175781,9.295000076293945,9.329999923706055,82525,0.0,0.0
2024-03-28 14:30:00-04:00,9.3100004196167,9.380000114440918,9.25,9.3100004196167,80601,0.0,0.0
2024-03-28 15:30:00-04:00,9.3100004196167,9.329999923706055,9.25,9.300000190734863,177300,0.0,0.0
2024-04-01 09:30:00-04:00,9.279999732971191,9.279999732971191,8.949999809265137,8.949999809265137,70179,0.0,0.0
2024-04-01 10:30:00-04:00,8.9399995803833,9.09000015258789,8.930000305175781,9.020000457763672,38484,0.0,0.0
2024-04-01 11:30:00-04:00,9.03499984741211,9.03499984741211,8.949999809265137,8.984999656677246,28541,0.0,0.0
2024-04-01 12:30:00-04:00,8.989999771118164,9.050000190734863,8.979999542236328,8.979999542236328,21862,0.0,0.0
2024-04-01 13:30:00-04:00,8.979999542236328,9.069999694824219,8.960000038146973,9.069999694824219,30937,0.0,0.0
2024-04-01 14:30:00-04:00,9.079999923706055,9.09000015258789,9.010000228881836,9.010000228881836,37521,0.0,0.0
2024-04-01 15:30:00-04:00,9.010000228881836,9.0600004196167,8.979999542236328,8.979999542236328,101359,0.0,0.0
2024-04-02 09:30:00-04:00,8.789999961853027,9.050000190734863,8.779999732971191,9.050000190734863,130453,0.0,0.0
2024-04-02 10:30:00-04:00,9.0600004196167,9.229999542236328,9.0600004196167,9.210000038146973,62323,0.0,0.0
2024-04-02 11:30:00-04:00,9.21500015258789,9.220000267028809,9.052000045776367,9.09000015258789,69668,0.0,0.0
2024-04-02 12:30:00-04:00,9.079999923706055,9.104999542236328,8.9399995803833,8.970000267028809,55471,0.0,0.0
2024-04-02 13:30:00-04:00,8.954999923706055,9.020000457763672,8.9399995803833,8.949999809265137,59616,0.0,0.0
2024-04-02 14:30:00-04:00,8.949999809265137,9.0,8.899999618530273,8.944999694824219,49844,0.0,0.0
2024-04-02 15:30:00-04:00,8.944999694824219,9.039999961853027,8.9399995803833,8.989999771118164,121435,0.0,0.0
2024-04-03 09:30:00-04:00,8.859999656677246,8.979999542236328,8.699999809265137,8.875,64648,0.0,0.0
2024-04-03 10:30:00-04:00,8.869999885559082,8.90999984741211,8.760000228881836,8.890000343322754,49231,0.0,0.0
2024-04-03 11:30:00-04:00,8.890000343322754,9.020000457763672,8.859999656677246,9.020000457763672,44598,0.0,0.0
2024-04-03 12:30:00-04:00,8.989999771118164,9.039999961853027,8.9399995803833,9.020000457763672,30948,0.0,0.0
2024-04-03 13:30:00-04:00,9.029999732971191,9.0600004196167,9.0,9.050200462341309,35265,0.0,0.0
2024-04-03 14:30:00-04:00,9.050000190734863,9.15999984741211,9.050000190734863,9.079999923706055,36638,0.0,0.0
2024-04-03 15:30:00-04:00,9.09000015258789,9.170000076293945,9.079999923706055,9.079999923706055,116256,0.0,0.0
2024-04-04 09:30:00-04:00,9.260000228881836,9.260000228881836,8.920000076293945,9.008000373840332,49140,0.0,0.0
2024-04-04 10:30:00-04:00,8.989999771118164,9.0,8.930000305175781,8.949999809265137,25943,0.0,0.0
2024-04-04 11:30:00-04:00,8.9399995803833,8.975000381469727,8.720000267028809,8.770000457763672,61939,0.0,0.0
2024-04-04 12:30:00-04:00,8.779999732971191,9.029999732971191,8.779999732971191,9.029999732971191,55094,0.0,0.0
2024-04-04 13:30:00-04:00,9.020000457763672,9.0600004196167,8.829999923706055,8.829999923706055,34015,0.0,0.0
2024-04-04 14:30:00-04:00,8.821700096130371,8.850000381469727,8.600000381469727,8.65999984741211,126974,0.0,0.0
2024-04-04 15:30:00-04:00,8.670000076293945,8.890000343322754,8.65999984741211,8.800000190734863,122109,0.0,0.0
2024-04-05 09:30:00-04:00,8.739999771118164,8.8100004196167,8.680000305175781,8.755000114440918,54081,0.0,0.0
2024-04-05 10:30:00-04:00,8.739999771118164,8.779999732971191,8.699999809265137,8.75,31373,0.0,0.0
2024-04-05 11:30:00-04:00,8.739999771118164,8.819999694824219,8.739999771118164,8.800200462341309,34818,0.0,0.0
2024-04-05 12:30:00-04:00,8.800000190734863,8.800000190734863,8.550000190734863,8.5600004196167,116273,0.0,0.0
2024-04-05 13:30:00-04:00,8.539999961853027,8.600000381469727,8.479999542236328,8.5600004196167,70201,0.0,0.0
2024-04-05 14:30:00-04:00,8.569999694824219,8.609999656677246,8.529999732971191,8.604999542236328,63125,0.0,0.0
2024-04-05 15:30:00-04:00,8.600000381469727,8.720000267028809,8.600000381469727,8.630000114440918,146091,0.0,0.0
2024-04-08 09:30:00-04:00,8.770000457763672,8.859999656677246,8.649999618530273,8.774999618530273,108610,0.0,0.0
2024-04-08 10:30:00-04:00,8.78600025177002,8.9399995803833,8.75,8.819999694824219,77661,0.0,0.0
2024-04-08 11:30:00-04:00,8.8100004196167,8.869999885559082,8.779999732971191,8.8233003616333,69337,0.0,0.0
2024-04-08 12:30:00-04:00,8.824999809265137,8.970000267028809,8.8100004196167,8.949999809265137,56938,0.0,0.0
2024-04-08 13:30:00-04:00,8.944999694824219,8.951000213623047,8.880000114440918,8.920000076293945,40523,0.0,0.0
2024-04-08 14:30:00-04:00,8.90999984741211,8.960000038146973,8.890000343322754,8.949999809265137,32191,0.0,0.0
2024-04-08 15:30:00-04:00,8.9399995803833,8.96500015258789,8.8100004196167,8.8100004196167,77593,0.0,0.0
2024-04-09 09:30:00-04:00,8.819999694824219,9.050000190734863,8.819999694824219,8.90999984741211,41869,0.0,0.0
2024-04-09 10:30:00-04:00,8.89490032196045,8.899999618530273,8.699999809265137,8.71500015258789,38960,0.0,0.0
2024-04-09 11:30:00-04:00,8.710000038146973,8.800000190734863,8.640000343322754,8.670000076293945,36579,0.0,0.0
2024-04-09 12:30:00-04:00,8.680000305175781,8.680000305175781,8.550000190734863,8.550000190734863,33653,0.0,0.0
2024-04-09 13:30:00-04:00,8.539999961853027,8.569999694824219,8.479999542236328,8.520000457763672,29142,0.0,0.0
2024-04-09 14:30:00-04:00,8.520000457763672,8.550000190734863,8.449999809265137,8.520000457763672,62923,0.0,0.0
2024-04-09 15:30:00-04:00,8.529999732971191,8.600000381469727,8.470000267028809,8.489999771118164,77352,0.0,0.0
2024-04-10 09:30:00-04:00,8.260000228881836,8.619999885559082,8.239999771118164,8.619999885559082,125104,0.0,0.0
2024-04-10 10:30:00-04:00,8.600000381469727,8.65999984741211,8.449999809265137,8.479999542236328,57993,0.0,0.0
2024-04-10 11:30:00-04:00,8.460000038146973,8.460000038146973,8.40999984741211,8.430000305175781,35280,0.0,0.0
2024-04-10 12:30:00-04:00,8.420000076293945,8.489899635314941,8.380000114440918,8.4399995803833,33338,0.0,0.0
2024-04-10 13:30:00-04:00,8.4399995803833,8.5,8.420000076293945,8.470000267028809,24095,0.0,0.0
2024-04-10 14:30:00-04:00,8.479999542236328,8.609999656677246,8.470000267028809,8.609999656677246,32117,0.0,0.0
2024-04-10 15:30:00-04:00,8.609999656677246,8.619999885559082,8.550000190734863,8.619999885559082,75029,0.0,0.0
2024-04-11 09:30:00-04:00,8.569999694824219,8.569999694824219,8.449999809265137,8.505000114440918,37405,0.0,0.0
2024-04-11 10:30:00-04:00,8.5,8.59000015258789,8.479999542236328,8.5600004196167,25700,0.0,0.0
2024-04-11 11:30:00-04:00,8.550000190734863,8.6899995803833,8.550000190734863,8.619999885559082,19570,0.0,0.0
2024-04-11 12:30:00-04:00,8.619999885559082,8.699999809265137,8.610099792480469,8.6850004196167,33434,0.0,0.0
2024-04-11 13:30:00-04:00,8.680000305175781,8.795000076293945,8.65999984741211,8.795000076293945,58186,0.0,0.0
2024-04-11 14:30:00-04:00,8.79990005493164,8.859999656677246,8.670000076293945,8.680000305175781,49583,0.0,0.0
2024-04-11 15:30:00-04:00,8.670000076293945,8.699999809265137,8.609999656677246,8.65999984741211,73192,0.0,0.0
2024-04-12 09:30:00-04:00,8.649999618530273,8.680000305175781,8.529999732971191,8.550000190734863,52131,0.0,0.0
2024-04-12 10:30:00-04:00,8.550000190734863,8.579999923706055,8.40999984741211,8.425000190734863,46757,0.0,0.0
2024-04-12 11:30:00-04:00,8.425000190734863,8.479999542236328,8.369999885559082,8.399999618530273,58463,0.0,0.0
2024-04-12 12:30:00-04:00,8.40999984741211,8.40999984741211,8.260000228881836,8.260000228881836,49948,0.0,0.0
2024-04-12 13:30:00-04:00,8.265000343322754,8.399999618530273,8.265000343322754,8.380000114440918,60640,0.0,0.0
2024-04-12 14:30:00-04:00,8.369999885559082,8.369999885559082,8.199999809265137,8.319999694824219,137922,0.0,0.0
2024-04-12 15:30:00-04:00,8.3149995803833,8.479999542236328,8.3100004196167,8.460000038146973,125585,0.0,0.0
2024-04-15 09:30:00-04:00,8.390000343322754,8.470000267028809,8.210000038146973,8.239999771118164,70240,0.0,0.0
2024-04-15 10:30:00-04:00,8.229999542236328,8.359999656677246,8.1899995803833,8.359999656677246,43162,0.0,0.0
2024-04-15 11:30:00-04:00,8.366000175476074,8.420000076293945,8.350099563598633,8.399999618530273,43697,0.0,0.0
2024-04-15 12:30:00-04:00,8.40999984741211,8.4350004196167,8.350000381469727,8.390000343322754,24042,0.0,0.0
2024-04-15 13:30:00-04:00,8.390000343322754,8.420000076293945,8.3100004196167,8.3100004196167,48082,0.0,0.0
2024-04-15 14:30:00-04:00,8.3100004196167,8.489999771118164,8.3100004196167,8.489999771118164,101743,0.0,0.0
2024-04-15 15:30:00-04:00,8.479999542236328,8.600000381469727,8.460000038146973,8.569999694824219,104414,0.0,0.0
2024-04-16 09:30:00-04:00,8.520000457763672,8.729999542236328,8.421699523925781,8.465999603271484,53434,0.0,0.0
2024-04-16 10:30:00-04:00,8.449999809265137,8.640000343322754,8.420000076293945,8.640000343322754,113647,0.0,0.0
2024-04-16 11:30:00-04:00,8.649999618530273,8.789999961853027,8.614999771118164,8.739999771118164,71106,0.0,0.0
2024-04-16 12:30:00-04:00,8.739999771118164,8.760000228881836,8.6899995803833,8.729999542236328,77895,0.0,0.0
2024-04-16 13:30:00-04:00,8.720000267028809,8.760000228881836,8.680000305175781,8.729999542236328,47329,0.0,0.0
2024-04-16 14:30:00-04:00,8.729999542236328,8.729999542236328,8.600000381469727,8.720000267028809,82729,0.0,0.0
2024-04-16 15:30:00-04:00,8.710000038146973,8.859999656677246,8.6850004196167,8.859999656677246,161503,0.0,0.0
2024-04-17 09:30:00-04:00,8.859999656677246,9.199999809265137,8.710000038146973,9.029999732971191,175638,0.0,0.0
2024-04-17 10:30:00-04:00,9.02400016784668,9.109999656677246,9.0,9.050000190734863,56352,0.0,0.0
2024-04-17 11:30:00-04:00,9.050000190734863,9.260000228881836,9.039999961853027,9.050000190734863,100672,0.0,0.0
2024-04-17 12:30:00-04:00,9.050000190734863,9.140000343322754,9.03499984741211,9.140000343322754,75648,0.0,0.0
2024-04-17 13:30:00-04:00,9.130000114440918,9.180000305175781,9.050000190734863,9.079999923706055,72543,0.0,0.0
2024-04-17 14:30:00-04:00,9.069999694824219,9.069999694824219,8.6899995803833,8.75,199624,0.0,0.0
2024-04-17 15:30:00-04:00,8.75,8.800000190734863,8.59000015258789,8.75,228274,0.0,0.0
2024-04-18 09:30:00-04:00,9.0,9.1899995803833,8.789999961853027,9.145000457763672,169116,0.0,0.0
2024-04-18 10:30:00-04:00,9.15999984741211,9.1899995803833,9.109999656677246,9.170000076293945,40607,0.0,0.0
2024-04-18 11:30:00-04:00,9.180000305175781,9.479999542236328,9.09000015258789,9.420000076293945,97221,0.0,0.0
2024-04-18 12:30:00-04:00,9.40999984741211,9.412400245666504,9.25,9.412400245666504,64460,0.0,0.0
2024-04-18 13:30:00-04:00,9.430000305175781,9.449999809265137,9.21500015258789,9.239999771118164,57770,0.0,0.0
2024-04-18 14:30:00-04:00,9.229999542236328,9.265000343322754,9.130000114440918,9.170000076293945,59527,0.0,0.0
2024-04-18 15:30:00-04:00,9.175000190734863,9.260000228881836,9.170000076293945,9.210000038146973,96971,0.0,0.0
2024-04-19 09:30:00-04:00,9.130000114440918,9.369999885559082,9.130000114440918,9.25,72107,0.0,0.0
2024-04-19 10:30:00-04:00,9.253999710083008,9.449999809265137,9.220000267028809,9.300000190734863,120028,0.0,0.0
2024-04-19 11:30:00-04:00,9.279999732971191,9.289999961853027,9.210000038146973,9.25,42817,0.0,0.0
2024-04-19 12:30:00-04:00,9.25,9.4399995803833,9.239999771118164,9.4350004196167,48814,0.0,0.0
2024-04-19 13:30:00-04:00,9.4399995803833,9.460000038146973,9.29069995880127,9.29069995880127,65483,0.0,0.0
2024-04-19 14:30:00-04:00,9.305000305175781,9.359999656677246,9.239999771118164,9.33899974822998,82308,0.0,0.0
2024-04-19 15:30:00-04:00,9.329999923706055,9.34000015258789,9.279999732971191,9.319999694824219,147627,0.0,0.0
2024-04-22 09:30:00-04:00,9.34000015258789,9.34000015258789,9.170000076293945,9.28499984741211,68619,0.0,0.0
2024-04-22 10:30:00-04:00,9.279999732971191,9.34000015258789,9.279999732971191,9.300000190734863,43493,0.0,0.0
2024-04-22 11:30:00-04:00,9.289999961853027,9.300000190734863,9.229999542236328,9.248000144958496,52815,0.0,0.0
2024-04-22 12:30:00-04:00,9.239999771118164,9.300000190734863,9.229999542236328,9.24940013885498,36867,0.0,0.0
2024-04-22 13:30:00-04:00,9.249799728393555,9.300000190734863,9.229999542236328,9.255000114440918,36355,0.0,0.0
2024-04-22 14:30:00-04:00,9.25,9.279999732971191,9.229999542236328,9.260000228881836,58576,0.0,0.0
2024-04-22 15:30:00-04:00,9.260000228881836,9.300000190734863,9.229999542236328,9.28499984741211,115702,0.0,0.0
2024-04-23 09:30:00-04:00,9.260000228881836,9.5600004196167,9.260000228881836,9.399999618530273,113677,0.0,0.0
2024-04-23 10:30:00-04:00,9.404999732971191,9.460000038146973,9.390000343322754,9.430000305175781,36342,0.0,0.0
2024-04-23 11:30:00-04:00,9.420000076293945,9.4350004196167,9.399800300598145,9.420000076293945,16415,0.0,0.0
2024-04-23 12:30:00-04:00,9.420000076293945,9.420000076293945,9.319999694824219,9.380000114440918,18731,0.0,0.0
2024-04-23 13:30:00-04:00,9.369999885559082,9.40999984741211,9.324999809265137,9.40999984741211,22869,0.0,0.0
2024-04-23 14:30:00-04:00,9.390000343322754,9.390000343322754,9.324999809265137,9.324999809265137,31229,0.0,0.0
2024-04-23 15:30:00-04:00,9.319999694824219,9.319999694824219,9.239999771118164,9.279999732971191,72800,0.0,0.0
2024-04-24 09:30:00-04:00,9.170000076293945,9.2524995803833,9.109999656677246,9.180000305175781,40937,0.0,0.0
2024-04-24 10:30:00-04:00,9.159000396728516,9.289999961853027,9.119999885559082,9.260000228881836,42488,0.0,0.0
2024-04-24 11:30:00-04:00,9.25,9.420000076293945,9.229999542236328,9.359999656677246,61949,0.0,0.0
2024-04-24 12:30:00-04:00,9.350000381469727,9.359999656677246,9.270000457763672,9.300000190734863,28049,0.0,0.0
2024-04-24 13:30:00-04:00,9.3100004196167,9.329999923706055,9.270000457763672,9.279999732971191,19381,0.0,0.0
2024-04-24 14:30:00-04:00,9.270000457763672,9.319999694824219,9.260000228881836,9.289999961853027,24574,0.0,0.0
2024-04-24 15:30:00-04:00,9.289999961853027,9.335000038146973,9.270000457763672,9.289999961853027,78670,0.0,0.0
2024-04-25 09:30:00-04:00,9.229999542236328,9.239999771118164,9.079999923706055,9.170000076293945,27874,0.0,0.0
2024-04-25 10:30:00-04:00,9.178999900817871,9.199999809265137,9.119999885559082,9.164999961853027,33280,0.0,0.0
2024-04-25 11:30:00-04:00,9.180000305175781,9.220000267028809,9.164999961853027,9.175000190734863,24758,0.0,0.0
2024-04-25 12:30:00-04:00,9.15999984741211,9.239999771118164,9.149999618530273,9.210000038146973,54147,0.0,0.0
2024-04-25 13:30:00-04:00,9.220000267028809,9.25,9.170000076293945,9.170000076293945,27040,0.0,0.0
2024-04-25 14:30:00-04:00,9.159899711608887,9.260000228881836,9.149999618530273,9.260000228881836,42323,0.0,0.0
2024-04-25 15:30:00-04:00,9.260000228881836,9.260000228881836,9.15999984741211,9.164999961853027,65756,0.0,0.0
2024-04-26 09:30:00-04:00,9.079999923706055,9.089900016784668,8.850099563598633,8.899999618530273,34261,0.0,0.0
2024-04-26 10:30:00-04:00,8.883999824523926,8.9399995803833,8.795000076293945,8.800000190734863,46230,0.0,0.0
2024-04-26 11:30:00-04:00,8.791399955749512,8.850000381469727,8.739999771118164,8.75,31170,0.0,0.0
2024-04-26 12:30:00-04:00,8.759599685668945,8.84000015258789,8.739999771118164,8.829999923706055,36645,0.0,0.0
2024-04-26 13:30:00-04:00,8.819999694824219,9.0600004196167,8.819999694824219,9.0600004196167,55303,0.0,0.0
2024-04-26 14:30:00-04:00,9.050000190734863,9.069999694824219,8.9350004196167,8.9399995803833,55404,0.0,0.0
2024-04-26 15:30:00-04:00,8.9399995803833,9.020000457763672,8.890000343322754,8.980999946594238,66922,0.0,0.0
2024-04-29 09:30:00-04:00,8.829999923706055,9.0600004196167,8.829999923706055,8.9399995803833,47157,0.0,0.0
2024-04-29 10:30:00-04:00,8.9399995803833,8.99370002746582,8.899999618530273,8.930000305175781,48916,0.0,0.0
2024-04-29 11:30:00-04:00,8.930000305175781,8.930000305175781,8.789999961853027,8.819999694824219,28648,0.0,0.0
2024-04-29 12:30:00-04:00,8.819999694824219,8.890000343322754,8.8100004196167,8.890000343322754,42140,0.0,0.0
2024-04-29 13:30:00-04:00,8.890000343322754,8.920000076293945,8.859999656677246,8.890000343322754,28298,0.0,0.0
2024-04-29 14:30:00-04:00,8.890000343322754,8.890000343322754,8.829999923706055,8.869999885559082,33367,0.0,0.0
2024-04-29 15:30:00-04:00,8.859999656677246,8.859999656677246,8.819999694824219,8.848999977111816,57748,0.0,0.0
2024-04-30 09:30:00-04:00,8.90999984741211,8.930000305175781,8.680000305175781,8.739999771118164,54188,0.0,0.0
2024-04-30 10:30:00-04:00,8.75,8.779999732971191,8.6850004196167,8.6899995803833,22991,0.0,0.0
2024-04-30 11:30:00-04:00,8.6899995803833,8.770000457763672,8.6899995803833,8.75,22121,0.0,0.0
2024-04-30 12:30:00-04:00,8.75,8.8100004196167,8.739999771118164,8.779999732971191,36246,0.0,0.0
2024-04-30 13:30:00-04:00,8.770000457763672,8.8100004196167,8.75,8.800000190734863,26826,0.0,0.0
2024-04-30 14:30:00-04:00,8.8100004196167,8.890000343322754,8.739999771118164,8.875,57717,0.0,0.0
2024-04-30 15:30:00-04:00,8.862000465393066,8.890000343322754,8.829999923706055,8.890000343322754,63828,0.0,0.0
2024-05-01 09:30:00-04:00,8.880000114440918,9.151700019836426,8.880000114440918,9.010000228881836,41700,0.0,0.0
2024-05-01 10:30:00-04:00,9.005000114440918,9.020000457763672,8.96500015258789,8.979999542236328,24858,0.0,0.0
2024-05-01 11:30:00-04:00,8.979999542236328,8.979999542236328,8.819999694824219,8.90999984741211,39938,0.0,0.0
2024-05-01 12:30:00-04:00,8.90149974822998,8.90999984741211,8.819999694824219,8.84000015258789,19948,0.0,0.0
2024-05-01 13:30:00-04:00,8.850000381469727,8.859999656677246,8.770000457763672,8.78499984741211,36702,0.0,0.0
2024-05-01 14:30:00-04:00,8.789999961853027,8.895000457763672,8.739999771118164,8.84000015258789,55994,0.0,0.0
2024-05-01 15:30:00-04:00,8.819999694824219,8.819999694824219,8.6899995803833,8.6899995803833,102711,0.0,0.0
2024-05-02 09:30:00-04:00,8.710000038146973,8.869999885559082,8.710000038146973,8.8100004196167,34563,0.0,0.0
2024-05-02 10:30:00-04:00,8.829999923706055,8.960000038146973,8.779999732971191,8.949999809265137,28232,0.0,0.0
2024-05-02 11:30:00-04:00,8.930000305175781,8.9399995803833,8.8100004196167,8.829999923706055,32400,0.0,0.0
2024-05-02 12:30:00-04:00,8.829999923706055,8.859999656677246,8.755000114440918,8.84000015258789,27859,0.0,0.0
2024-05-02 13:30:00-04:00,8.84000015258789,8.899999618530273,8.800000190734863,8.899999618530273,30825,0.0,0.0
2024-05-02 14:30:00-04:00,8.88029956817627,8.96500015258789,8.850000381469727,8.960000038146973,38416,0.0,0.0
2024-05-02 15:30:00-04:00,8.949999809265137,8.960000038146973,8.84000015258789,8.859999656677246,68277,0.0,0.0
2024-05-03 09:30:00-04:00,8.880000114440918,8.949999809265137,8.779999732971191,8.779999732971191,18824,0.0,0.0
2024-05-03 10:30:00-04:00,8.770000457763672,8.770000457763672,8.699999809265137,8.699999809265137,22022,0.0,0.0
2024-05-03 11:30:00-04:00,8.699799537658691,8.760000228881836,8.664999961853027,8.720000267028809,37168,0.0,0.0
2024-05-03 12:30:00-04:00,8.710000038146973,8.90999984741211,8.699999809265137,8.90999984741211,25928,0.0,0.0
2024-05-03 13:30:00-04:00,8.90999984741211,8.930000305175781,8.845000267028809,8.845000267028809,19169,0.0,0.0
2024-05-03 14:30:00-04:00,8.84000015258789,8.850000381469727,8.789999961853027,8.845000267028809,20700,0.0,0.0
2024-05-03 15:30:00-04:00,8.829999923706055,8.850000381469727,8.800000190734863,8.829999923706055,34236,0.0,0.0
2024-05-06 09:30:00-04:00,8.850000381469727,8.9399995803833,8.850000381469727,8.859999656677246,23369,0.0,0.0
2024-05-06 10:30:00-04:00,8.920000076293945,8.920000076293945,8.819999694824219,8.869999885559082,31986,0.0,0.0
2024-05-06 11:30:00-04:00,8.850000381469727,8.899999618530273,8.800000190734863,8.859999656677246,36195,0.0,0.0
2024-05-06 12:30:00-04:00,8.869999885559082,8.875,8.829999923706055,8.859999656677246,21086,0.0,0.0
2024-05-06 13:30:00-04:00,8.854999542236328,8.899999618530273,8.84000015258789,8.850099563598633,31929,0.0,0.0
2024-05-06 14:30:00-04:00,8.850000381469727,8.850000381469727,8.779999732971191,8.789999961853027,43855,0.0,0.0
2024-05-06 15:30:00-04:00,8.779999732971191,8.805000305175781,8.770000457763672,8.770000457763672,64993,0.0,0.0
2024-05-07 09:30:00-04:00,8.829999923706055,9.125,8.789999961853027,9.010000228881836,107693,0.0,0.0
2024-05-07 10:30:00-04:00,8.99899959564209,9.010000228881836,8.84000015258789,8.84000015258789,46564,0.0,0.0
2024-05-07 11:30:00-04:00,8.829999923706055,8.880000114440918,8.819999694824219,8.819999694824219,36690,0.0,0.0
2024-05-07 12:30:00-04:00,8.8100004196167,8.850000381469727,8.789999961853027,8.829999923706055,22335,0.0,0.0
2024-05-07 13:30:00-04:00,8.829999923706055,8.829999923706055,8.699999809265137,8.729999542236328,40039,0.0,0.0
2024-05-07 14:30:00-04:00,8.710000038146973,8.729999542236328,8.609999656677246,8.680000305175781,42217,0.0,0.0
2024-05-07 15:30:00-04:00,8.680000305175781,8.6899995803833,8.630000114440918,8.649999618530273,59678,0.0,0.0
2024-05-08 09:30:00-04:00,8.649999618530273,8.779800415039062,8.59000015258789,8.670000076293945,32004,0.0,0.0
2024-05-08 10:30:00-04:00,8.670000076293945,8.779999732971191,8.640000343322754,8.75,39045,0.0,0.0
2024-05-08 11:30:00-04:00,8.739999771118164,8.739999771118164,8.65999984741211,8.65999984741211,23930,0.0,0.0
2024-05-08 12:30:00-04:00,8.649999618530273,8.670000076293945,8.630000114440918,8.630000114440918,22557,0.0,0.0
2024-05-08 13:30:00-04:00,8.630000114440918,8.680000305175781,7.96999979019165,8.600000381469727,736039,0.0,0.0
2024-05-08 14:30:00-04:00,8.5600004196167,8.649999618530273,8.449999809265137,8.470000267028809,170335,0.0,0.0
2024-05-08 15:30:00-04:00,8.5,8.614999771118164,8.5,8.520000457763672,284827,0.0,0.0
2024-05-09 09:30:00-04:00,8.630000114440918,9.09000015258789,8.210000038146973,8.289999961853027,175047,0.0,0.0
2024-05-09 10:30:00-04:00,8.279999732971191,8.319999694824219,8.109999656677246,8.1850004196167,144391,0.0,0.0
2024-05-09 11:30:00-04:00,8.1899995803833,8.210000038146973,8.039999961853027,8.045000076293945,67556,0.0,0.0
2024-05-09 12:30:00-04:00,8.0600004196167,8.145000457763672,7.809999942779541,8.085000038146973,218572,0.0,0.0
2024-05-09 13:30:00-04:00,8.09000015258789,8.1899995803833,7.945000171661377,8.010000228881836,227648,0.0,0.0
2024-05-09 14:30:00-04:00,8.024999618530273,8.050000190734863,7.78000020980835,7.900000095367432,281078,0.0,0.0
2024-05-09 15:30:00-04:00,7.929999828338623,8.0,7.849999904632568,7.96999979019165,238569,0.0,0.0
2024-05-10 09:30:00-04:00,7.980000019073486,8.180000305175781,7.840000152587891,7.945000171661377,115202,0.0,0.0
2024-05-10 10:30:00-04:00,7.943999767303467,7.960000038146973,7.789999961853027,7.829999923706055,76869,0.0,0.0
2024-05-10 11:30:00-04:00,7.809999942779541,8.0,7.789999961853027,7.860000133514404,60721,0.0,0.0
2024-05-10 12:30:00-04:00,7.869999885559082,7.889999866485596,7.809999942779541,7.849999904632568,46858,0.0,0.0
2024-05-10 13:30:00-04:00,7.849999904632568,7.900000095367432,7.840000152587891,7.864999771118164,47454,0.0,0.0
2024-05-10 14:30:00-04:00,7.860000133514404,7.889999866485596,7.760000228881836,7.760000228881836,98542,0.0,0.0
2024-05-10 15:30:00-04:00,7.75,7.760000228881836,7.690000057220459,7.699999809265137,106431,0.0,0.0
2024-05-13 09:30:00-04:00,7.809999942779541,8.140000343322754,7.78000020980835,8.119999885559082,100879,0.0,0.0
2024-05-13 10:30:00-04:00,8.156000137329102,8.164999961853027,8.069999694824219,8.069999694824219,37208,0.0,0.0
2024-05-13 11:30:00-04:00,8.0600004196167,8.085000038146973,8.020000457763672,8.069999694824219,52812,0.0,0.0
2024-05-13 12:30:00-04:00,8.069999694824219,8.100000381469727,8.039999961853027,8.095000267028809,39850,0.0,0.0
2024-05-13 13:30:00-04:00,8.100000381469727,8.359999656677246,8.079999923706055,8.229999542236328,232160,0.0,0.0
2024-05-13 14:30:00-04:00,8.25,8.279999732971191,8.109999656677246,8.109999656677246,119362,0.0,0.0
2024-05-13 15:30:00-04:00,8.109999656677246,8.130000114440918,8.029999732971191,8.059000015258789,93494,0.0,0.0
2024-05-14 09:30:00-04:00,8.079999923706055,8.319999694824219,8.079999923706055,8.109999656677246,44283,0.0,0.0
2024-05-14 10:30:00-04:00,8.119999885559082,8.170000076293945,8.100000381469727,8.140000343322754,32506,0.0,0.0
2024-05-14 11:30:00-04:00,8.140000343322754,8.140000343322754,8.079999923706055,8.09000015258789,33154,0.0,0.0
2024-05-14 12:30:00-04:00,8.09000015258789,8.100000381469727,8.050000190734863,8.079999923706055,26685,0.0,0.0
2024-05-14 13:30:00-04:00,8.079999923706055,8.079999923706055,8.010000228881836,8.010000228881836,33707,0.0,0.0
2024-05-14 14:30:00-04:00,8.029999732971191,8.050000190734863,8.0,8.0,39132,0.0,0.0
2024-05-14 15:30:00-04:00,8.0,8.010000228881836,7.960000038146973,7.96999979019165,76039,0.0,0.0
2024-05-15 09:30:00-04:00,8.010000228881836,8.109999656677246,7.929999828338623,7.949999809265137,56980,0.0,0.0
2024-05-15 10:30:00-04:00,7.945000171661377,8.0,7.945000171661377,8.0,20832,0.0,0.0
2024-05-15 11:30:00-04:00,7.994999885559082,8.005000114440918,7.940100193023682,7.96999979019165,26993,0.0,0.0
2024-05-15 12:30:00-04:00,7.9679999351501465,8.0,7.960000038146973,7.965000152587891,21950,0.0,0.0
2024-05-15 13:30:00-04:00,7.960000038146973,7.989999771118164,7.929999828338623,7.969699859619141,31934,0.0,0.0
2024-05-15 14:30:00-04:00,7.96999979019165,8.09000015258789,7.949999809265137,8.09000015258789,98323,0.0,0.0
2024-05-15 15:30:00-04:00,8.09000015258789,8.180000305175781,8.079999923706055,8.100000381469727,128149,0.0,0.0
2024-05-16 09:30:00-04:00,8.15999984741211,8.234999656677246,8.100000381469727,8.210000038146973,36706,0.0,0.0
2024-05-16 10:30:00-04:00,8.21500015258789,8.220000267028809,8.119999885559082,8.12600040435791,18119,0.0,0.0
2024-05-16 11:30:00-04:00,8.119999885559082,8.229999542236328,8.109999656677246,8.199999809265137,31381,0.0,0.0
2024-05-16 12:30:00-04:00,8.199999809265137,8.21500015258789,8.119999885559082,8.119999885559082,16245,0.0,0.0
2024-05-16 13:30:00-04:00,8.119999885559082,8.170000076293945,8.119999885559082,8.130900382995605,33814,0.0,0.0
2024-05-16 14:30:00-04:00,8.140000343322754,8.149999618530273,8.09000015258789,8.140000343322754,38379,0.0,0.0
2024-05-16 15:30:00-04:00,8.130000114440918,8.140000343322754,8.069999694824219,8.069999694824219,73087,0.0,0.0
2024-05-17 09:30:00-04:00,8.149999618530273,8.270000457763672,8.09000015258789,8.239999771118164,65338,0.0,0.0
2024-05-17 10:30:00-04:00,8.210000038146973,8.225000381469727,8.09000015258789,8.09000015258789,29408,0.0,0.0
2024-05-17 11:30:00-04:00,8.100000381469727,8.119999885559082,8.0600004196167,8.079999923706055,38667,0.0,0.0
2024-05-17 12:30:00-04:00,8.09000015258789,8.104999542236328,8.079999923706055,8.09000015258789,36788,0.0,0.0
2024-05-17 13:30:00-04:00,8.100000381469727,8.319999694824219,8.100000381469727,8.234999656677246,109338,0.0,0.0
2024-05-17 14:30:00-04:00,8.244999885559082,8.244999885559082,8.15999984741211,8.210000038146973,52749,0.0,0.0
2024-05-17 15:30:00-04:00,8.20259952545166,8.225000381469727,8.180000305175781,8.1899995803833,103139,0.0,0.0
2024-05-20 09:30:00-04:00,8.210000038146973,8.25,7.96999979019165,7.989999771118164,35734,0.0,0.0
2024-05-20 10:30:00-04:00,8.010000228881836,8.020000457763672,7.949999809265137,7.980000019073486,29558,0.0,0.0
2024-05-20 11:30:00-04:00,7.980000019073486,7.980000019073486,7.920899868011475,7.940499782562256,23400,0.0,0.0
2024-05-20 12:30:00-04:00,7.949999809265137,7.96999979019165,7.928999900817871,7.954999923706055,81663,0.0,0.0
2024-05-20 13:30:00-04:00,7.940000057220459,7.989999771118164,7.840000152587891,7.855000019073486,57964,0.0,0.0
2024-05-20 14:30:00-04:00,7.855000019073486,7.909999847412109,7.820000171661377,7.894999980926514,64133,0.0,0.0
2024-05-20 15:30:00-04:00,7.894999980926514,7.894999980926514,7.829999923706055,7.840000152587891,222770,0.0,0.0
2024-05-21 09:30:00-04:00,7.789999961853027,7.880000114440918,7.670000076293945,7.75,75131,0.0,0.0
2024-05-21 10:30:00-04:00,7.739999771118164,7.829999923706055,7.730000019073486,7.829999923706055,28550,0.0,0.0
2024-05-21 11:30:00-04:00,7.829999923706055,7.911099910736084,7.789999961853027,7.911099910736084,28481,0.0,0.0
2024-05-21 12:30:00-04:00,7.920000076293945,7.929999828338623,7.880000114440918,7.880000114440918,38226,0.0,0.0
2024-05-21 13:30:00-04:00,7.880000114440918,7.906599998474121,7.860000133514404,7.869999885559082,21016,0.0,0.0
2024-05-21 14:30:00-04:00,7.880000114440918,7.880000114440918,7.739999771118164,7.760000228881836,80521,0.0,0.0
2024-05-21 15:30:00-04:00,7.760000228881836,7.78000020980835,7.710000038146973,7.739999771118164,84455,0.0,0.0
2024-05-22 09:30:00-04:00,7.71999979019165,7.860000133514404,7.659999847412109,7.840000152587891,36943,0.0,0.0
2024-05-22 10:30:00-04:00,7.840000152587891,7.864999771118164,7.78000020980835,7.820000171661377,38084,0.0,0.0
2024-05-22 11:30:00-04:00,7.809999942779541,7.849999904632568,7.789999961853027,7.823200225830078,46116,0.0,0.0
2024-05-22 12:30:00-04:00,7.829999923706055,7.855000019073486,7.820000171661377,7.834499835968018,42105,0.0,0.0
2024-05-22 13:30:00-04:00,7.840000152587891,7.860000133514404,7.800000190734863,7.815000057220459,55206,0.0,0.0
2024-05-22 14:30:00-04:00,7.809999942779541,7.809999942779541,7.769999980926514,7.770999908447266,49093,0.0,0.0
2024-05-22 15:30:00-04:00,7.769999980926514,7.809999942779541,7.769999980926514,7.795000076293945,75107,0.0,0.0
2024-05-23 09:30:00-04:00,7.840000152587891,7.860000133514404,7.75,7.840000152587891,22918,0.0,0.0
2024-05-23 10:30:00-04:00,7.813000202178955,7.813000202178955,7.75,7.769999980926514,15561,0.0,0.0
2024-05-23 11:30:00-04:00,7.785999774932861,7.789999961853027,7.75,7.75,19940,0.0,0.0
2024-05-23 12:30:00-04:00,7.760000228881836,7.769999980926514,7.710000038146973,7.745500087738037,26078,0.0,0.0
2024-05-23 13:30:00-04:00,7.75,7.75,7.579999923706055,7.585000038146973,58265,0.0,0.0
2024-05-23 14:30:00-04:00,7.585000038146973,7.659999847412109,7.579999923706055,7.639999866485596,33117,0.0,0.0
2024-05-23 15:30:00-04:00,7.650000095367432,7.670000076293945,7.610000133514404,7.670000076293945,76644,0.0,0.0
2024-05-24 09:30:00-04:00,7.699999809265137,7.699999809265137,7.565000057220459,7.599999904632568,35689,0.0,0.0
2024-05-24 10:30:00-04:00,7.585000038146973,7.599999904632568,7.565000057220459,7.579999923706055,8226,0.0,0.0
2024-05-24 11:30:00-04:00,7.574999809265137,7.610000133514404,7.539999961853027,7.610000133514404,16459,0.0,0.0
2024-05-24 12:30:00-04:00,7.619999885559082,7.619999885559082,7.550000190734863,7.579999923706055,28735,0.0,0.0
2024-05-24 13:30:00-04:00,7.570000171661377,7.570000171661377,7.539999961853027,7.550000190734863,23596,0.0,0.0
2024-05-24 14:30:00-04:00,7.550000190734863,7.559999942779541,7.539999961853027,7.545000076293945,26732,0.0,0.0
2024-05-24 15:30:00-04:00,7.539999961853027,7.545000076293945,7.460000038146973,7.460000038146973,109619,0.0,0.0
2024-05-28 09:30:00-04:00,7.489999771118164,7.579999923706055,7.440000057220459,7.460000038146973,31351,0.0,0.0
2024-05-28 10:30:00-04:00,7.454999923706055,7.46999979019165,7.320000171661377,7.349999904632568,38488,0.0,0.0
2024-05-28 11:30:00-04:00,7.360000133514404,7.445000171661377,7.349999904632568,7.440000057220459,17269,0.0,0.0
2024-05-28 12:30:00-04:00,7.434999942779541,7.460000038146973,7.360000133514404,7.360000133514404,20214,0.0,0.0
2024-05-28 13:30:00-04:00,7.360000133514404,7.369999885559082,7.300000190734863,7.329999923706055,16577,0.0,0.0
2024-05-28 14:30:00-04:00,7.320000171661377,7.320000171661377,7.271500110626221,7.28000020980835,32043,0.0,0.0
2024-05-28 15:30:00-04:00,7.28000020980835,7.340000152587891,7.28000020980835,7.340000152587891,101009,0.0,0.0
2024-05-29 09:30:00-04:00,7.269999980926514,7.269999980926514,7.159999847412109,7.244999885559082,31353,0.0,0.0
2024-05-29 10:30:00-04:00,7.255000114440918,7.260000228881836,7.179999828338623,7.230000019073486,39968,0.0,0.0
2024-05-29 11:30:00-04:00,7.21999979019165,7.230000019073486,7.190000057220459,7.190000057220459,27399,0.0,0.0
2024-05-29 12:30:00-04:00,7.190000057220459,7.21999979019165,7.139999866485596,7.21999979019165,41986,0.0,0.0
2024-05-29 13:30:00-04:00,7.230000019073486,7.264999866485596,7.190000057220459,7.199999809265137,93520,0.0,0.0
2024-05-29 14:30:00-04:00,7.210000038146973,7.260000228881836,7.190000057220459,7.235000133514404,41392,0.0,0.0
2024-05-29 15:30:00-04:00,7.230000019073486,7.28000020980835,7.210000038146973,7.239999771118164,154710,0.0,0.0
2024-05-30 09:30:00-04:00,7.300000190734863,7.300000190734863,7.25,7.269999980926514,34308,0.0,0.0
2024-05-30 10:30:00-04:00,7.269000053405762,7.545000076293945,7.260000228881836,7.545000076293945,202926,0.0,0.0
2024-05-30 11:30:00-04:00,7.53000020980835,7.610000133514404,7.510000228881836,7.510000228881836,71288,0.0,0.0
2024-05-30 12:30:00-04:00,7.514800071716309,7.574999809265137,7.510000228881836,7.539999961853027,15886,0.0,0.0
2024-05-30 13:30:00-04:00,7.539999961853027,7.710000038146973,7.53000020980835,7.670000076293945,79981,0.0,0.0
2024-05-30 14:30:00-04:00,7.684999942779541,7.829999923706055,7.630099773406982,7.824999809265137,79618,0.0,0.0
2024-05-30 15:30:00-04:00,7.829999923706055,7.900000095367432,7.730000019073486,7.739999771118164,120658,0.0,0.0
2024-05-31 09:30:00-04:00,7.829999923706055,7.860000133514404,7.760000228881836,7.800000190734863,68043,0.0,0.0
2024-05-31 10:30:00-04:00,7.789999961853027,7.829999923706055,7.724999904632568,7.75,80006,0.0,0.0
2024-05-31 11:30:00-04:00,7.739999771118164,7.775000095367432,7.605000019073486,7.775000095367432,109332,0.0,0.0
2024-05-31 12:30:00-04:00,7.769999980926514,7.800000190734863,7.75,7.760000228881836,25718,0.0,0.0
2024-05-31 13:30:00-04:00,7.764999866485596,7.84499979019165,7.739999771118164,7.840000152587891,44222,0.0,0.0
2024-05-31 14:30:00-04:00,7.820000171661377,7.824999809265137,7.789999961853027,7.809999942779541,44493,0.0,0.0
2024-05-31 15:30:00-04:00,7.809999942779541,7.829999923706055,7.75,7.824999809265137,91536,0.0,0.0
2024-06-03 09:30:00-04:00,7.880000114440918,7.940000057220459,7.760000228881836,7.869999885559082,28665,0.0,0.0
2024-06-03 10:30:00-04:00,7.869999885559082,7.90500020980835,7.789999961853027,7.789999961853027,27322,0.0,0.0
2024-06-03 11:30:00-04:00,7.784999847412109,7.829999923706055,7.760000228881836,7.829999923706055,17550,0.0,0.0
2024-06-03 12:30:00-04:00,7.820099830627441,7.880000114440918,7.800000190734863,7.858699798583984,41572,0.0,0.0
2024-06-03 13:30:00-04:00,7.860000133514404,7.869999885559082,7.760000228881836,7.795000076293945,67928,0.0,0.0
2024-06-03 14:30:00-04:00,7.800000190734863,7.900000095367432,7.789999961853027,7.889999866485596,61461,0.0,0.0
2024-06-03 15:30:00-04:00,7.885000228881836,7.90500020980835,7.840000152587891,7.855000019073486,73515,0.0,0.0
2024-06-04 09:30:00-04:00,7.78000020980835,8.069999694824219,7.735000133514404,8.0,92312,0.0,0.0
2024-06-04 10:30:00-04:00,8.008999824523926,8.0600004196167,7.820000171661377,7.869999885559082,36682,0.0,0.0
2024-06-04 11:30:00-04:00,7.880000114440918,7.900000095367432,7.83050012588501,7.83050012588501,23893,0.0,0.0
2024-06-04 12:30:00-04:00,7.840000152587891,7.869999885559082,7.75,7.869999885559082,43750,0.0,0.0
2024-06-04 13:30:00-04:00,7.869999885559082,7.920000076293945,7.829999923706055,7.849999904632568,44454,0.0,0.0
2024-06-04 14:30:00-04:00,7.849999904632568,7.929999828338623,7.820000171661377,7.909999847412109,106014,0.0,0.0
2024-06-04 15:30:00-04:00,7.909999847412109,7.940000057220459,7.864999771118164,7.909999847412109,87206,0.0,0.0
2024-06-05 09:30:00-04:00,7.889999866485596,7.909999847412109,7.769999980926514,7.78000020980835,36981,0.0,0.0
2024-06-05 10:30:00-04:00,7.730000019073486,7.775000095367432,7.664999961853027,7.71999979019165,28981,0.0,0.0
2024-06-05 11:30:00-04:00,7.71999979019165,7.840000152587891,7.635000228881836,7.829999923706055,42860,0.0,0.0
2024-06-05 12:30:00-04:00,7.829999923706055,7.869999885559082,7.739999771118164,7.760000228881836,50590,0.0,0.0
2024-06-05 13:30:00-04:00,7.75,7.775000095367432,7.730000019073486,7.744999885559082,30742,0.0,0.0
2024-06-05 14:30:00-04:00,7.75,7.764999866485596,7.650000095367432,7.65500020980835,32019,0.0,0.0
2024-06-05 15:30:00-04:00,7.659900188446045,7.710000038146973,7.610000133514404,7.699999809265137,102198,0.0,0.0
2024-06-06 09:30:00-04:00,7.679999828338623,7.760000228881836,7.579999923706055,7.684999942779541,0,0.0,0.0
2024-06-06 10:30:00-04:00,7.670000076293945,7.675000190734863,7.630000114440918,7.650000095367432,16525,0.0,0.0
2024-06-06 11:30:00-04:00,7.639999866485596,7.670000076293945,7.6203999519348145,7.622900009155273,14841,0.0,0.0
2024-06-06 12:30:00-04:00,7.639999866485596,7.739999771118164,7.630000114440918,7.71999979019165,39905,0.0,0.0
2024-06-06 13:30:00-04:00,7.71999979019165,7.769999980926514,7.71999979019165,7.730000019073486,9275,0.0,0.0
2024-06-06 14:30:00-04:00,7.710000038146973,7.796599864959717,7.710000038146973,7.789999961853027,22096,0.0,0.0
2024-06-06 15:30:00-04:00,7.7891998291015625,7.840000152587891,7.769999980926514,7.800000190734863,56935,0.0,0.0
2024-06-07 09:30:00-04:00,7.760000228881836,7.809999942779541,7.699999809265137,7.699999809265137,25592,0.0,0.0
2024-06-07 10:30:00-04:00,7.709000110626221,7.730000019073486,7.650000095367432,7.730000019073486,47174,0.0,0.0
2024-06-07 11:30:00-04:00,7.739999771118164,7.755000114440918,7.690000057220459,7.710000038146973,12206,0.0,0.0
2024-06-07 12:30:00-04:00,7.699999809265137,7.699999809265137,7.650000095367432,7.670000076293945,18700,0.0,0.0
2024-06-07 13:30:00-04:00,7.679999828338623,7.699999809265137,7.650000095367432,7.659999847412109,26481,0.0,0.0
2024-06-07 14:30:00-04:00,7.650000095367432,7.670000076293945,7.590000152587891,7.599999904632568,56587,0.0,0.0
2024-06-07 15:30:00-04:00,7.590000152587891,7.610000133514404,7.570000171661377,7.570000171661377,35271,0.0,0.0
2024-06-10 09:30:00-04:00,7.510000228881836,7.559999942779541,7.449999809265137,7.53000020980835,26911,0.0,0.0
2024-06-10 10:30:00-04:00,7.5289998054504395,7.539999961853027,7.460000038146973,7.5,11217,0.0,0.0
2024-06-10 11:30:00-04:00,7.5,7.510000228881836,7.489999771118164,7.505000114440918,27878,0.0,0.0
2024-06-10 12:30:00-04:00,7.505000114440918,7.559999942779541,7.5,7.53000020980835,20738,0.0,0.0
2024-06-10 13:30:00-04:00,7.5289998054504395,7.619999885559082,7.5289998054504395,7.610000133514404,22330,0.0,0.0
2024-06-10 14:30:00-04:00,7.610000133514404,7.617499828338623,7.539999961853027,7.559999942779541,37449,0.0,0.0
2024-06-10 15:30:00-04:00,7.559999942779541,7.730000019073486,7.559999942779541,7.710000038146973,66022,0.0,0.0
2024-06-11 09:30:00-04:00,7.659999847412109,7.659999847412109,7.480000019073486,7.480000019073486,35323,0.0,0.0
2024-06-11 10:30:00-04:00,7.449999809265137,7.519999980926514,7.448999881744385,7.460000038146973,38055,0.0,0.0
2024-06-11 11:30:00-04:00,7.454999923706055,7.505000114440918,7.440000057220459,7.505000114440918,62761,0.0,0.0
2024-06-11 12:30:00-04:00,7.5,7.524799823760986,7.5,7.5,16810,0.0,0.0
2024-06-11 13:30:00-04:00,7.519999980926514,7.579999923706055,7.519999980926514,7.576099872589111,14302,0.0,0.0
2024-06-11 14:30:00-04:00,7.579999923706055,7.590000152587891,7.53000020980835,7.550000190734863,29699,0.0,0.0
2024-06-11 15:30:00-04:00,7.539999961853027,7.610000133514404,7.539999961853027,7.574999809265137,43503,0.0,0.0
2024-06-12 09:30:00-04:00,7.690000057220459,7.702000141143799,7.590000152587891,7.679999828338623,24671,0.0,0.0
2024-06-12 10:30:00-04:00,7.670000076293945,7.800000190734863,7.664999961853027,7.75,20662,0.0,0.0
2024-06-12 11:30:00-04:00,7.769999980926514,7.869999885559082,7.760000228881836,7.809999942779541,26352,0.0,0.0
2024-06-12 12:30:00-04:00,7.820000171661377,7.889999866485596,7.809999942779541,7.835000038146973,26558,0.0,0.0
2024-06-12 13:30:00-04:00,7.820000171661377,7.860000133514404,7.800000190734863,7.809999942779541,26731,0.0,0.0
2024-06-12 14:30:00-04:00,7.800000190734863,7.840000152587891,7.690000057220459,7.724999904632568,50309,0.0,0.0
2024-06-12 15:30:00-04:00,7.730000019073486,7.800000190734863,7.71999979019165,7.78000020980835,61439,0.0,0.0
2024-06-13 09:30:00-04:00,7.71999979019165,7.755000114440918,7.5,7.539999961853027,15372,0.0,0.0
2024-06-13 10:30:00-04:00,7.539999961853027,7.539999961853027,7.449999809265137,7.46999979019165,21172,0.0,0.0
2024-06-13 11:30:00-04:00,7.477099895477295,7.510000228881836,7.420000076293945,7.510000228881836,64074,0.0,0.0
2024-06-13 12:30:00-04:00,7.5,7.53000020980835,7.489999771118164,7.489999771118164,21777,0.0,0.0
2024-06-13 13:30:00-04:00,7.5,7.519999980926514,7.46999979019165,7.505000114440918,20058,0.0,0.0
2024-06-13 14:30:00-04:00,7.510000228881836,7.539999961853027,7.460000038146973,7.519999980926514,70287,0.0,0.0
2024-06-13 15:30:00-04:00,7.53000020980835,7.590000152587891,7.519599914550781,7.559999942779541,49385,0.0,0.0
2024-06-14 09:30:00-04:00,7.489999771118164,7.510000228881836,7.389999866485596,7.414999961853027,44327,0.0,0.0
2024-06-14 10:30:00-04:00,7.414000034332275,7.449999809265137,7.389999866485596,7.420000076293945,25099,0.0,0.0
2024-06-14 11:30:00-04:00,7.429999828338623,7.460000038146973,7.400000095367432,7.429999828338623,17878,0.0,0.0
2024-06-14 12:30:00-04:00,7.425000190734863,7.46999979019165,7.420000076293945,7.420000076293945,16412,0.0,0.0
2024-06-14 13:30:00-04:00,7.420000076293945,7.434999942779541,7.380000114440918,7.394999980926514,35270,0.0,0.0
2024-06-14 14:30:00-04:00,7.400000095367432,7.425000190734863,7.389999866485596,7.40939998626709,42360,0.0,0.0
2024-06-14 15:30:00-04:00,7.397799968719482,7.440000057220459,7.389999866485596,7.429999828338623,56218,0.0,0.0
2024-06-17 09:30:00-04:00,7.380000114440918,7.5,7.380000114440918,7.480000019073486,19449,0.0,0.0
2024-06-17 10:30:00-04:00,7.459000110626221,7.510000228881836,7.449999809265137,7.510000228881836,14928,0.0,0.0
2024-06-17 11:30:00-04:00,7.519999980926514,7.519999980926514,7.440000057220459,7.494999885559082,29157,0.0,0.0
2024-06-17 12:30:00-04:00,7.484000205993652,7.510000228881836,7.480000019073486,7.480000019073486,22702,0.0,0.0
2024-06-17 13:30:00-04:00,7.480000019073486,7.53000020980835,7.420000076293945,7.420000076293945,37092,0.0,0.0
2024-06-17 14:30:00-04:00,7.45989990234375,7.539000034332275,7.429999828338623,7.539000034332275,44804,0.0,0.0
2024-06-17 15:30:00-04:00,7.539999961853027,7.710000038146973,7.539999961853027,7.699999809265137,48864,0.0,0.0
2024-06-18 09:30:00-04:00,7.650000095367432,7.690000057220459,7.579999923706055,7.65500020980835,27832,0.0,0.0
2024-06-18 10:30:00-04:00,7.6539998054504395,7.849899768829346,7.650000095367432,7.835000038146973,12437,0.0,0.0
2024-06-18 11:30:00-04:00,7.849999904632568,7.88100004196167,7.840000152587891,7.875,26216,0.0,0.0
2024-06-18 12:30:00-04:00,7.880000114440918,7.909999847412109,7.860000133514404,7.869999885559082,33848,0.0,0.0
2024-06-18 13:30:00-04:00,7.860000133514404,7.869999885559082,7.760000228881836,7.835000038146973,32202,0.0,0.0
2024-06-18 14:30:00-04:00,7.8343000411987305,7.909999847412109,7.769999980926514,7.795000076293945,51383,0.0,0.0
2024-06-18 15:30:00-04:00,7.78000020980835,7.809999942779541,7.760000228881836,7.789999961853027,53505,0.0,0.0
2024-06-20 09:30:00-04:00,7.78000020980835,7.945000171661377,7.699999809265137,7.940000057220459,22427,0.0,0.0
2024-06-20 10:30:00-04:00,7.925000190734863,7.955100059509277,7.8968000411987305,7.929999828338623,9418,0.0,0.0
2024-06-20 11:30:00-04:00,7.940000057220459,7.989999771118164,7.929999828338623,7.985899925231934,23111,0.0,0.0
2024-06-20 12:30:00-04:00,7.989999771118164,8.0,7.840000152587891,7.889999866485596,19900,0.0,0.0
2024-06-20 13:30:00-04:00,7.889999866485596,7.925000190734863,7.880099773406982,7.909999847412109,10661,0.0,0.0
2024-06-20 14:30:00-04:00,7.900000095367432,7.929999828338623,7.789999961853027,7.800000190734863,29332,0.0,0.0
2024-06-20 15:30:00-04:00,7.800000190734863,7.824999809265137,7.739999771118164,7.75,34775,0.0,0.0
2024-06-21 09:30:00-04:00,7.75,7.789999961853027,7.625,7.659999847412109,72506,0.0,0.0
2024-06-21 10:30:00-04:00,7.659999847412109,7.659999847412109,7.579999923706055,7.579999923706055,8102,0.0,0.0
2024-06-21 11:30:00-04:00,7.570000171661377,7.590000152587891,7.539000034332275,7.554999828338623,10564,0.0,0.0
2024-06-21 12:30:00-04:00,7.554999828338623,7.579999923706055,7.519999980926514,7.522600173950195,10284,0.0,0.0
2024-06-21 13:30:00-04:00,7.519999980926514,7.610000133514404,7.510000228881836,7.610000133514404,27245,0.0,0.0
2024-06-21 14:30:00-04:00,7.599999904632568,7.610000133514404,7.559999942779541,7.570000171661377,26796,0.0,0.0
2024-06-21 15:30:00-04:00,7.550000190734863,7.550000190734863,7.369999885559082,7.400000095367432,87639,0.0,0.0
2024-06-24 09:30:00-04:00,7.360000133514404,7.46999979019165,7.329999923706055,7.380000114440918,43193,0.0,0.0
2024-06-24 10:30:00-04:00,7.383999824523926,7.400000095367432,7.349999904632568,7.389999866485596,21160,0.0,0.0
2024-06-24 11:30:00-04:00,7.360000133514404,7.360000133514404,7.28000020980835,7.299600124359131,22166,0.0,0.0
2024-06-24 12:30:00-04:00,7.300000190734863,7.369999885559082,7.25,7.349999904632568,30245,0.0,0.0
2024-06-24 13:30:00-04:00,7.349999904632568,7.400000095367432,7.329999923706055,7.359000205993652,23479,0.0,0.0
2024-06-24 14:30:00-04:00,7.369999885559082,7.389999866485596,7.349999904632568,7.369999885559082,34324,0.0,0.0
2024-06-24 15:30:00-04:00,7.364999771118164,7.380000114440918,7.284999847412109,7.309999942779541,70447,0.0,0.0
2024-06-25 09:30:00-04:00,7.230000019073486,7.368000030517578,7.21999979019165,7.340000152587891,33117,0.0,0.0
2024-06-25 10:30:00-04:00,7.380000114440918,7.409999847412109,7.360000133514404,7.369999885559082,12128,0.0,0.0
2024-06-25 11:30:00-04:00,7.364999771118164,7.378300189971924,7.309999942779541,7.329999923706055,31571,0.0,0.0
2024-06-25 12:30:00-04:00,7.309999942779541,7.360000133514404,7.300000190734863,7.320000171661377,13218,0.0,0.0
2024-06-25 13:30:00-04:00,7.329999923706055,7.329999923706055,7.28000020980835,7.284999847412109,11588,0.0,0.0
2024-06-25 14:30:00-04:00,7.2820000648498535,7.46999979019165,7.25,7.409999847412109,60774,0.0,0.0
2024-06-25 15:30:00-04:00,7.414999961853027,7.440000057220459,7.409999847412109,7.420000076293945,44590,0.0,0.0
2024-06-26 09:30:00-04:00,7.400000095367432,7.400000095367432,7.300000190734863,7.349999904632568,12171,0.0,0.0
2024-06-26 10:30:00-04:00,7.349999904632568,7.389999866485596,7.329999923706055,7.369999885559082,9893,0.0,0.0
2024-06-26 11:30:00-04:00,7.340000152587891,7.389999866485596,7.340000152587891,7.355000019073486,10607,0.0,0.0
2024-06-26 12:30:00-04:00,7.349999904632568,7.389999866485596,7.320000171661377,7.335000038146973,44202,0.0,0.0
2024-06-26 13:30:00-04:00,7.329999923706055,7.360000133514404,7.329999923706055,7.340000152587891,10979,0.0,0.0
2024-06-26 14:30:00-04:00,7.340000152587891,7.360000133514404,7.269999980926514,7.349999904632568,57832,0.0,0.0
2024-06-26 15:30:00-04:00,7.360000133514404,7.429999828338623,7.349999904632568,7.429999828338623,42006,0.0,0.0
2024-06-27 09:30:00-04:00,7.460000038146973,7.460000038146973,7.335000038146973,7.340000152587891,6466,0.0,0.0
2024-06-27 10:30:00-04:00,7.349999904632568,7.369999885559082,7.255000114440918,7.255000114440918,12340,0.0,0.0
2024-06-27 11:30:00-04:00,7.25,7.309999942779541,7.25,7.309999942779541,22878,0.0,0.0
2024-06-27 12:30:00-04:00,7.289999961853027,7.329999923706055,7.28000020980835,7.300000190734863,16944,0.0,0.0
2024-06-27 13:30:00-04:00,7.289999961853027,7.329999923706055,7.269999980926514,7.284999847412109,28345,0.0,0.0
2024-06-27 14:30:00-04:00,7.300000190734863,7.360000133514404,7.269999980926514,7.34499979019165,27963,0.0,0.0
2024-06-27 15:30:00-04:00,7.360000133514404,7.400000095367432,7.349999904632568,7.389999866485596,46500,0.0,0.0
2024-06-28 09:30:00-04:00,7.449999809265137,7.480000019073486,7.380000114440918,7.46999979019165,14088,0.0,0.0
2024-06-28 10:30:00-04:00,7.489999771118164,7.539999961853027,7.460000038146973,7.485000133514404,12051,0.0,0.0
2024-06-28 11:30:00-04:00,7.489999771118164,7.519999980926514,7.460000038146973,7.480000019073486,20671,0.0,0.0
2024-06-28 12:30:00-04:00,7.475800037384033,7.489999771118164,7.420000076293945,7.425000190734863,16446,0.0,0.0
2024-06-28 13:30:00-04:00,7.425000190734863,7.429999828338623,7.360000133514404,7.369999885559082,18789,0.0,0.0
2024-06-28 14:30:00-04:00,7.360000133514404,7.37939977645874,7.320000171661377,7.329999923706055,17798,0.0,0.0
2024-06-28 15:30:00-04:00,7.329999923706055,7.940000057220459,7.289999961853027,7.710000038146973,286465,0.0,0.0
2024-07-01 09:30:00-04:00,7.590000152587891,7.909999847412109,7.579999923706055,7.820000171661377,66856,0.0,0.0
2024-07-01 10:30:00-04:00,7.824999809265137,7.889999866485596,7.710000038146973,7.739999771118164,40230,0.0,0.0
2024-07-01 11:30:00-04:00,7.7220001220703125,7.739999771118164,7.659999847412109,7.704999923706055,33013,0.0,0.0
2024-07-01 12:30:00-04:00,7.71999979019165,7.800000190734863,7.690000057220459,7.800000190734863,24434,0.0,0.0
2024-07-01 13:30:00-04:00,7.769999980926514,7.809999942779541,7.699999809265137,7.809999942779541,19851,0.0,0.0
2024-07-01 14:30:00-04:00,7.78000020980835,7.829999923706055,7.75,7.829999923706055,48668,0.0,0.0
2024-07-01 15:30:00-04:00,7.820000171661377,7.840000152587891,7.739999771118164,7.75,52497,0.0,0.0
2024-07-02 09:30:00-04:00,7.760000228881836,7.760000228881836,7.630000114440918,7.679999828338623,14541,0.0,0.0
2024-07-02 10:30:00-04:00,7.673999786376953,7.673999786376953,7.539999961853027,7.554999828338623,48319,0.0,0.0
2024-07-02 11:30:00-04:00,7.568999767303467,7.590000152587891,7.489999771118164,7.489999771118164,11327,0.0,0.0
2024-07-02 12:30:00-04:00,7.489999771118164,7.5,7.409999847412109,7.440000057220459,17649,0.0,0.0
2024-07-02 13:30:00-04:00,7.443999767303467,7.519999980926514,7.429999828338623,7.46999979019165,19738,0.0,0.0
2024-07-02 14:30:00-04:00,7.449999809265137,7.53000020980835,7.440000057220459,7.525000095367432,18529,0.0,0.0
2024-07-02 15:30:00-04:00,7.519999980926514,7.559999942779541,7.5,7.539999961853027,45117,0.0,0.0
2024-07-03 09:30:00-04:00,7.550000190734863,7.619999885559082,7.400000095367432,7.510000228881836,26722,0.0,0.0
2024-07-03 10:30:00-04:00,7.510000228881836,7.510000228881836,7.369999885559082,7.389999866485596,13268,0.0,0.0
2024-07-03 11:30:00-04:00,7.389999866485596,7.400000095367432,7.300000190734863,7.309999942779541,25003,0.0,0.0
2024-07-05 09:30:00-04:00,7.179999828338623,7.320000171661377,7.119999885559082,7.260000228881836,44050,0.0,0.0
2024-07-05 10:30:00-04:00,7.242499828338623,7.329999923706055,7.239999771118164,7.28000020980835,18737,0.0,0.0
2024-07-05 11:30:00-04:00,7.260000228881836,7.269999980926514,7.150000095367432,7.199999809265137,22471,0.0,0.0
2024-07-05 12:30:00-04:00,7.179999828338623,7.195000171661377,7.139999866485596,7.159999847412109,19455,0.0,0.0
2024-07-05 13:30:00-04:00,7.159999847412109,7.230000019073486,7.150000095367432,7.230000019073486,16802,0.0,0.0
2024-07-05 14:30:00-04:00,7.230000019073486,7.25,7.179999828338623,7.210000038146973,46354,0.0,0.0
2024-07-05 15:30:00-04:00,7.22790002822876,7.369999885559082,7.22790002822876,7.349999904632568,86138,0.0,0.0
2024-07-08 09:30:00-04:00,7.380000114440918,7.449999809265137,7.25,7.25,33968,0.0,0.0
2024-07-08 10:30:00-04:00,7.269999980926514,7.3979997634887695,7.260000228881836,7.300000190734863,79562,0.0,0.0
2024-07-08 11:30:00-04:00,7.300000190734863,7.400000095367432,7.280099868774414,7.389999866485596,31083,0.0,0.0
2024-07-08 12:30:00-04:00,7.394999980926514,7.400000095367432,7.329999923706055,7.329999923706055,25153,0.0,0.0
2024-07-08 13:30:00-04:00,7.300000190734863,7.389999866485596,7.25,7.25,35366,0.0,0.0
2024-07-08 14:30:00-04:00,7.269999980926514,7.289999961853027,7.190000057220459,7.260000228881836,33991,0.0,0.0
2024-07-08 15:30:00-04:00,7.255000114440918,7.260000228881836,7.130000114440918,7.150000095367432,54777,0.0,0.0
2024-07-09 09:30:00-04:00,7.159999847412109,7.159999847412109,6.96999979019165,7.005000114440918,28439,0.0,0.0
2024-07-09 10:30:00-04:00,7.00600004196167,7.050000190734863,6.949999809265137,6.960000038146973,36880,0.0,0.0
2024-07-09 11:30:00-04:00,6.96999979019165,7.014999866485596,6.96999979019165,7.014999866485596,47893,0.0,0.0
2024-07-09 12:30:00-04:00,7.014999866485596,7.059999942779541,7.0,7.031000137329102,33323,0.0,0.0
2024-07-09 13:30:00-04:00,7.019999980926514,7.059999942779541,6.980000019073486,6.989999771118164,40412,0.0,0.0
2024-07-09 14:30:00-04:00,6.989999771118164,6.989999771118164,6.889999866485596,6.900000095367432,51170,0.0,0.0
2024-07-09 15:30:00-04:00,6.901299953460693,6.980000019073486,6.900000095367432,6.96999979019165,55533,0.0,0.0
2024-07-10 09:30:00-04:00,7.039999961853027,7.829999923706055,7.039999961853027,7.639999866485596,266618,0.0,0.0
2024-07-10 10:30:00-04:00,7.630000114440918,7.699999809265137,7.599999904632568,7.650000095367432,61425,0.0,0.0
2024-07-10 11:30:00-04:00,7.651599884033203,7.679999828338623,7.639999866485596,7.679999828338623,24330,0.0,0.0
2024-07-10 12:30:00-04:00,7.659999847412109,7.880000114440918,7.659999847412109,7.820000171661377,75019,0.0,0.0
2024-07-10 13:30:00-04:00,7.829999923706055,7.900000095367432,7.820000171661377,7.864999771118164,45382,0.0,0.0
2024-07-10 14:30:00-04:00,7.860000133514404,7.869999885559082,7.809999942779541,7.829999923706055,70244,0.0,0.0
2024-07-10 15:30:00-04:00,7.829999923706055,7.909999847412109,7.804999828338623,7.869999885559082,73763,0.0,0.0
2024-07-11 09:30:00-04:00,7.789999961853027,7.948800086975098,7.65500020980835,7.824999809265137,159294,0.0,0.0
2024-07-11 10:30:00-04:00,7.849999904632568,7.909999847412109,7.760000228881836,7.849999904632568,32176,0.0,0.0
2024-07-11 11:30:00-04:00,7.849999904632568,7.880000114440918,7.820000171661377,7.860000133514404,40139,0.0,0.0
2024-07-11 12:30:00-04:00,7.849999904632568,7.860000133514404,7.639999866485596,7.670000076293945,36734,0.0,0.0
2024-07-11 13:30:00-04:00,7.679999828338623,7.75,7.599999904632568,7.739999771118164,68620,0.0,0.0
2024-07-11 14:30:00-04:00,7.710000038146973,7.739999771118164,7.679999828338623,7.683199882507324,77943,0.0,0.0
2024-07-11 15:30:00-04:00,7.690000057220459,7.75,7.684999942779541,7.730000019073486,49825,0.0,0.0
2024-07-12 09:30:00-04:00,7.769999980926514,7.910099983215332,7.679999828338623,7.900000095367432,19842,0.0,0.0
2024-07-12 10:30:00-04:00,7.90500020980835,7.953999996185303,7.90500020980835,7.909999847412109,19291,0.0,0.0
2024-07-12 11:30:00-04:00,7.909999847412109,7.949999809265137,7.849999904632568,7.920000076293945,54053,0.0,0.0
2024-07-12 12:30:00-04:00,7.889999866485596,7.900000095367432,7.800000190734863,7.860000133514404,95902,0.0,0.0
2024-07-12 13:30:00-04:00,7.860000133514404,7.940000057220459,7.840000152587891,7.860000133514404,49776,0.0,0.0
2024-07-12 14:30:00-04:00,7.840000152587891,8.079999923706055,7.840000152587891,8.029999732971191,129342,0.0,0.0
2024-07-12 15:30:00-04:00,8.024999618530273,8.045000076293945,8.0,8.01099967956543,49574,0.0,0.0
2024-07-15 09:30:00-04:00,8.039999961853027,8.061100006103516,7.909999847412109,8.024999618530273,23289,0.0,0.0
2024-07-15 10:30:00-04:00,8.020000457763672,8.15999984741211,8.010000228881836,8.140000343322754,39762,0.0,0.0
2024-07-15 11:30:00-04:00,8.154999732971191,8.25,8.154999732971191,8.21500015258789,21883,0.0,0.0
2024-07-15 12:30:00-04:00,8.229999542236328,8.300000190734863,8.21969985961914,8.297499656677246,29027,0.0,0.0
2024-07-15 13:30:00-04:00,8.3100004196167,8.369999885559082,8.289999961853027,8.364999771118164,44193,0.0,0.0
2024-07-15 14:30:00-04:00,8.369999885559082,8.399999618530273,8.229999542236328,8.244999885559082,106795,0.0,0.0
2024-07-15 15:30:00-04:00,8.229999542236328,8.369999885559082,8.199999809265137,8.324999809265137,60124,0.0,0.0
2024-07-16 09:30:00-04:00,8.109999656677246,8.414999961853027,7.840000152587891,8.390000343322754,114965,0.0,0.0
2024-07-16 10:30:00-04:00,8.420000076293945,8.430000305175781,8.350000381469727,8.390000343322754,29629,0.0,0.0
2024-07-16 11:30:00-04:00,8.390000343322754,8.449999809265137,8.350000381469727,8.380000114440918,40106,0.0,0.0
2024-07-16 12:30:00-04:00,8.385000228881836,8.479999542236328,8.270000457763672,8.4399995803833,48023,0.0,0.0
2024-07-16 13:30:00-04:00,8.444999694824219,8.569999694824219,8.40999984741211,8.420000076293945,71868,0.0,0.0
2024-07-16 14:30:00-04:00,8.430000305175781,8.539999961853027,8.430000305175781,8.505000114440918,76825,0.0,0.0
2024-07-16 15:30:00-04:00,8.505000114440918,8.515000343322754,8.444999694824219,8.470000267028809,71774,0.0,0.0
2024-07-17 09:30:00-04:00,8.399999618530273,8.609999656677246,8.399999618530273,8.545000076293945,70063,0.0,0.0
2024-07-17 10:30:00-04:00,8.529999732971191,8.5600004196167,8.479999542236328,8.529999732971191,22299,0.0,0.0
2024-07-17 11:30:00-04:00,8.529999732971191,8.550000190734863,8.489999771118164,8.505000114440918,42040,0.0,0.0
2024-07-17 12:30:00-04:00,8.510000228881836,8.529999732971191,8.449999809265137,8.529999732971191,36968,0.0,0.0
2024-07-17 13:30:00-04:00,8.529999732971191,8.59000015258789,8.510000228881836,8.59000015258789,19004,0.0,0.0
2024-07-17 14:30:00-04:00,8.59000015258789,8.59000015258789,8.479999542236328,8.524999618530273,43596,0.0,0.0
2024-07-17 15:30:00-04:00,8.520000457763672,8.539999961853027,8.420000076293945,8.420000076293945,40544,0.0,0.0
2024-07-18 09:30:00-04:00,8.390000343322754,8.489999771118164,8.350000381469727,8.470000267028809,10575,0.0,0.0
2024-07-18 10:30:00-04:00,8.460000038146973,8.489999771118164,8.359999656677246,8.425000190734863,14892,0.0,0.0
2024-07-18 11:30:00-04:00,8.4399995803833,8.479999542236328,8.399999618530273,8.420000076293945,26292,0.0,0.0
2024-07-18 12:30:00-04:00,8.420000076293945,8.460000038146973,8.390000343322754,8.399999618530273,19671,0.0,0.0
2024-07-18 13:30:00-04:00,8.390000343322754,8.390000343322754,8.25,8.25,33177,0.0,0.0
2024-07-18 14:30:00-04:00,8.25,8.25,8.149999618530273,8.180000305175781,34849,0.0,0.0
2024-07-18 15:30:00-04:00,8.180000305175781,8.239999771118164,8.180000305175781,8.210000038146973,65666,0.0,0.0
2024-07-19 09:30:00-04:00,8.229999542236328,8.229999542236328,7.949999809265137,7.980000019073486,22972,0.0,0.0
2024-07-19 10:30:00-04:00,7.949999809265137,7.954999923706055,7.800000190734863,7.860000133514404,32482,0.0,0.0
2024-07-19 11:30:00-04:00,7.860000133514404,7.900000095367432,7.835000038146973,7.880000114440918,19975,0.0,0.0
2024-07-19 12:30:00-04:00,7.849999904632568,7.869999885559082,7.840000152587891,7.860000133514404,11975,0.0,0.0
2024-07-19 13:30:00-04:00,7.830100059509277,7.889900207519531,7.830100059509277,7.860000133514404,16775,0.0,0.0
2024-07-19 14:30:00-04:00,7.840000152587891,7.889999866485596,7.829999923706055,7.841000080108643,26146,0.0,0.0
2024-07-19 15:30:00-04:00,7.840000152587891,7.869999885559082,7.800000190734863,7.840000152587891,33854,0.0,0.0
2024-07-22 09:30:00-04:00,7.889999866485596,7.900000095367432,7.610000133514404,7.710000038146973,41082,0.0,0.0
2024-07-22 10:30:00-04:00,7.699999809265137,7.724999904632568,7.679999828338623,7.695000171661377,11731,0.0,0.0
2024-07-22 11:30:00-04:00,7.695000171661377,7.789999961853027,7.679999828338623,7.769999980926514,26077,0.0,0.0
2024-07-22 12:30:00-04:00,7.769999980926514,7.929999828338623,7.769999980926514,7.869999885559082,18767,0.0,0.0
2024-07-22 13:30:00-04:00,7.849999904632568,7.929999828338623,7.849999904632568,7.869999885559082,19764,0.0,0.0
2024-07-22 14:30:00-04:00,7.860000133514404,7.949999809265137,7.860000133514404,7.923999786376953,26877,0.0,0.0
2024-07-22 15:30:00-04:00,7.889999866485596,7.910999774932861,7.840000152587891,7.900000095367432,31467,0.0,0.0
2024-07-23 09:30:00-04:00,7.889999866485596,7.929999828338623,7.789999961853027,7.880000114440918,11179,0.0,0.0
2024-07-23 10:30:00-04:00,7.880000114440918,7.900000095367432,7.849999904632568,7.869999885559082,11334,0.0,0.0
2024-07-23 11:30:00-04:00,7.889999866485596,7.929999828338623,7.800000190734863,7.829999923706055,11275,0.0,0.0
2024-07-23 12:30:00-04:00,7.809999942779541,7.880000114440918,7.809999942779541,7.860000133514404,8141,0.0,0.0
2024-07-23 13:30:00-04:00,7.860000133514404,7.920000076293945,7.860000133514404,7.900000095367432,12096,0.0,0.0
2024-07-23 14:30:00-04:00,7.900000095367432,7.985000133514404,7.900000095367432,7.920000076293945,25628,0.0,0.0
2024-07-23 15:30:00-04:00,7.900000095367432,7.989999771118164,7.849999904632568,7.949999809265137,50755,0.0,0.0
2024-07-24 09:30:00-04:00,7.909999847412109,7.989999771118164,7.889999866485596,7.980000019073486,34303,0.0,0.0
2024-07-24 10:30:00-04:00,8.0,8.020000457763672,7.949999809265137,8.010000228881836,19060,0.0,0.0
2024-07-24 11:30:00-04:00,8.020000457763672,8.109999656677246,8.020000457763672,8.109999656677246,26704,0.0,0.0
2024-07-24 12:30:00-04:00,8.109999656677246,8.109999656677246,7.96999979019165,8.0,53190,0.0,0.0
2024-07-24 13:30:00-04:00,8.0,8.050000190734863,8.0,8.029999732971191,15194,0.0,0.0
2024-07-24 14:30:00-04:00,8.029999732971191,8.069999694824219,8.0,8.0600004196167,24898,0.0,0.0
2024-07-24 15:30:00-04:00,8.055000305175781,8.100000381469727,8.050000190734863,8.079999923706055,43801,0.0,0.0
2024-07-25 09:30:00-04:00,8.050000190734863,8.319999694824219,8.050000190734863,8.3100004196167,36172,0.0,0.0
2024-07-25 10:30:00-04:00,8.319999694824219,8.449999809265137,8.300000190734863,8.430000305175781,27975,0.0,0.0
2024-07-25 11:30:00-04:00,8.40999984741211,8.460000038146973,8.390000343322754,8.430000305175781,18904,0.0,0.0
2024-07-25 12:30:00-04:00,8.428899765014648,8.569999694824219,8.420000076293945,8.5600004196167,38347,0.0,0.0
2024-07-25 13:30:00-04:00,8.550000190734863,8.550000190734863,8.510000228881836,8.539999961853027,106799,0.0,0.0
2024-07-25 14:30:00-04:00,8.5,8.5,8.395000457763672,8.479999542236328,53173,0.0,0.0
2024-07-25 15:30:00-04:00,8.470000267028809,8.479999542236328,8.319999694824219,8.319999694824219,50496,0.0,0.0
2024-07-26 09:30:00-04:00,8.430000305175781,8.470000267028809,8.34000015258789,8.350000381469727,10341,0.0,0.0
2024-07-26 10:30:00-04:00,8.329999923706055,8.449999809265137,8.279999732971191,8.350000381469727,41032,0.0,0.0
2024-07-26 11:30:00-04:00,8.359999656677246,8.40999984741211,8.350000381469727,8.40999984741211,13671,0.0,0.0
2024-07-26 12:30:00-04:00,8.375,8.375,8.25,8.300000190734863,20266,0.0,0.0
2024-07-26 13:30:00-04:00,8.279999732971191,8.359999656677246,8.279999732971191,8.359999656677246,14123,0.0,0.0
2024-07-26 14:30:00-04:00,8.359999656677246,8.399999618530273,8.34000015258789,8.390000343322754,35986,0.0,0.0
2024-07-26 15:30:00-04:00,8.390000343322754,8.40999984741211,8.350000381469727,8.399999618530273,29814,0.0,0.0
2024-07-29 09:30:00-04:00,8.449999809265137,8.449999809265137,8.390000343322754,8.399999618530273,20619,0.0,0.0
2024-07-29 10:30:00-04:00,8.414999961853027,8.455400466918945,8.399999618530273,8.429900169372559,16602,0.0,0.0
2024-07-29 11:30:00-04:00,8.420000076293945,8.456899642944336,8.420000076293945,8.430000305175781,18315,0.0,0.0
2024-07-29 12:30:00-04:00,8.4399995803833,8.470000267028809,8.420000076293945,8.470000267028809,15533,0.0,0.0
2024-07-29 13:30:00-04:00,8.449999809265137,8.597999572753906,8.449999809265137,8.579999923706055,27774,0.0,0.0
2024-07-29 14:30:00-04:00,8.569999694824219,8.59000015258789,8.539999961853027,8.550000190734863,44543,0.0,0.0
2024-07-29 15:30:00-04:00,8.539999961853027,8.585000038146973,8.520000457763672,8.569999694824219,38602,0.0,0.0
2024-07-30 09:30:00-04:00,8.630000114440918,8.6899995803833,8.600000381469727,8.668000221252441,25133,0.0,0.0
2024-07-30 10:30:00-04:00,8.65999984741211,8.725000381469727,8.65999984741211,8.6899995803833,25487,0.0,0.0
2024-07-30 11:30:00-04:00,8.6899995803833,8.710000038146973,8.670000076293945,8.710000038146973,10107,0.0,0.0
2024-07-30 12:30:00-04:00,8.710000038146973,8.829999923706055,8.704999923706055,8.800000190734863,26062,0.0,0.0
2024-07-30 13:30:00-04:00,8.8100004196167,8.8100004196167,8.734999656677246,8.734999656677246,35647,0.0,0.0
2024-07-30 14:30:00-04:00,8.729999542236328,8.739999771118164,8.630000114440918,8.630000114440918,38827,0.0,0.0
2024-07-30 15:30:00-04:00,8.625,8.645000457763672,8.609999656677246,8.630000114440918,62470,0.0,0.0
2024-07-31 09:30:00-04:00,8.640000343322754,8.789999961853027,8.640000343322754,8.739999771118164,58473,0.0,0.0
2024-07-31 10:30:00-04:00,8.739999771118164,8.850000381469727,8.73009967803955,8.819999694824219,25531,0.0,0.0
2024-07-31 11:30:00-04:00,8.824999809265137,8.880000114440918,8.800000190734863,8.869999885559082,40438,0.0,0.0
2024-07-31 12:30:00-04:00,8.866299629211426,8.880000114440918,8.699999809265137,8.779999732971191,63961,0.0,0.0
2024-07-31 13:30:00-04:00,8.770000457763672,8.850000381469727,8.739999771118164,8.770099639892578,22098,0.0,0.0
2024-07-31 14:30:00-04:00,8.800000190734863,8.989999771118164,8.779999732971191,8.8100004196167,66438,0.0,0.0
2024-07-31 15:30:00-04:00,8.800000190734863,8.805000305175781,8.600000381469727,8.670000076293945,48214,0.0,0.0
2024-08-01 09:30:00-04:00,8.649999618530273,8.699999809265137,8.289999961853027,8.300000190734863,25089,0.0,0.0
2024-08-01 10:30:00-04:00,8.270000457763672,8.300000190734863,8.09000015258789,8.130000114440918,29594,0.0,0.0
2024-08-01 11:30:00-04:00,8.114999771118164,8.130000114440918,8.039899826049805,8.109999656677246,22242,0.0,0.0
2024-08-01 12:30:00-04:00,8.109999656677246,8.118000030517578,8.029999732971191,8.050000190734863,16758,0.0,0.0
2024-08-01 13:30:00-04:00,8.050000190734863,8.09000015258789,8.039999961853027,8.069999694824219,21708,0.0,0.0
2024-08-01 14:30:00-04:00,8.0600004196167,8.09000015258789,8.020000457763672,8.079999923706055,29302,0.0,0.0
2024-08-01 15:30:00-04:00,8.09000015258789,8.140000343322754,8.079999923706055,8.09000015258789,27403,0.0,0.0
2024-08-02 09:30:00-04:00,7.849999904632568,8.0,7.699999809265137,7.849999904632568,46084,0.0,0.0
2024-08-02 10:30:00-04:00,7.869999885559082,7.889999866485596,7.769999980926514,7.78000020980835,13557,0.0,0.0
2024-08-02 11:30:00-04:00,7.789999961853027,7.840000152587891,7.78000020980835,7.809999942779541,10121,0.0,0.0
2024-08-02 12:30:00-04:00,7.829999923706055,7.869999885559082,7.760000228881836,7.869999885559082,17039,0.0,0.0
2024-08-02 13:30:00-04:00,7.869999885559082,7.869999885559082,7.751699924468994,7.820000171661377,13244,0.0,0.0
2024-08-02 14:30:00-04:00,7.820000171661377,7.849999904632568,7.78000020980835,7.849999904632568,21274,0.0,0.0
2024-08-02 15:30:00-04:00,7.840000152587891,7.860000133514404,7.78000020980835,7.800000190734863,40145,0.0,0.0
2024-08-05 09:30:00-04:00,7.300000190734863,7.420000076293945,7.260000228881836,7.289999961853027,37631,0.0,0.0
2024-08-05 10:30:00-04:00,7.28000020980835,7.369999885559082,7.21999979019165,7.369999885559082,36366,0.0,0.0
2024-08-05 11:30:00-04:00,7.369999885559082,7.46999979019165,7.369999885559082,7.46999979019165,24766,0.0,0.0
2024-08-05 12:30:00-04:00,7.46999979019165,7.519999980926514,7.375,7.519999980926514,37277,0.0,0.0
2024-08-05 13:30:00-04:00,7.510000228881836,7.539999961853027,7.465099811553955,7.48199987411499,10506,0.0,0.0
2024-08-05 14:30:00-04:00,7.480000019073486,7.480000019073486,7.400000095367432,7.449999809265137,33350,0.0,0.0
2024-08-05 15:30:00-04:00,7.449999809265137,7.53000020980835,7.40500020980835,7.519999980926514,35141,0.0,0.0
2024-08-06 09:30:00-04:00,7.369999885559082,7.369999885559082,6.769999980926514,6.800000190734863,220462,0.0,0.0
2024-08-06 10:30:00-04:00,6.800000190734863,7.019999980926514,6.789999961853027,6.820000171661377,119460,0.0,0.0
2024-08-06 11:30:00-04:00,6.800000190734863,6.96999979019165,6.800000190734863,6.96999979019165,73002,0.0,0.0
2024-08-06 12:30:00-04:00,6.96999979019165,7.070000171661377,6.960000038146973,7.059999942779541,60908,0.0,0.0
2024-08-06 13:30:00-04:00,7.059999942779541,7.170000076293945,7.059999942779541,7.170000076293945,45212,0.0,0.0
2024-08-06 14:30:00-04:00,7.170000076293945,7.460000038146973,7.170000076293945,7.449999809265137,150055,0.0,0.0
2024-08-06 15:30:00-04:00,7.434999942779541,7.5,7.110000133514404,7.150000095367432,203262,0.0,0.0
2024-08-07 09:30:00-04:00,7.28000020980835,7.53000020980835,7.28000020980835,7.420000076293945,133822,0.0,0.0
2024-08-07 10:30:00-04:00,7.440000057220459,7.489999771118164,7.409999847412109,7.46999979019165,20114,0.0,0.0
2024-08-07 11:30:00-04:00,7.489999771118164,7.630000114440918,7.46999979019165,7.630000114440918,23047,0.0,0.0
2024-08-07 12:30:00-04:00,7.635000228881836,7.650000095367432,7.489999771118164,7.510000228881836,30856,0.0,0.0
2024-08-07 13:30:00-04:00,7.510000228881836,7.53000020980835,7.329999923706055,7.369999885559082,44283,0.0,0.0
2024-08-07 14:30:00-04:00,7.355000019073486,7.389999866485596,7.320000171661377,7.389999866485596,25728,0.0,0.0
2024-08-07 15:30:00-04:00,7.380000114440918,7.440000057220459,7.329999923706055,7.360000133514404,53341,0.0,0.0
2024-08-08 09:30:00-04:00,7.349999904632568,7.519999980926514,7.349999904632568,7.505000114440918,29138,0.0,0.0
2024-08-08 10:30:00-04:00,7.489999771118164,7.491000175476074,7.394999980926514,7.409999847412109,12413,0.0,0.0
2024-08-08 11:30:00-04:00,7.40500020980835,7.40500020980835,7.300000190734863,7.309999942779541,15146,0.0,0.0
2024-08-08 12:30:00-04:00,7.320000171661377,7.335000038146973,7.269999980926514,7.329999923706055,9706,0.0,0.0
2024-08-08 13:30:00-04:00,7.329999923706055,7.360000133514404,7.28000020980835,7.350299835205078,18351,0.0,0.0
2024-08-08 14:30:00-04:00,7.360000133514404,7.380000114440918,7.289999961853027,7.369999885559082,37676,0.0,0.0
2024-08-08 15:30:00-04:00,7.349999904632568,7.349999904632568,7.309999942779541,7.349999904632568,29380,0.0,0.0
2024-08-09 09:30:00-04:00,7.389999866485596,7.489999771118164,7.21999979019165,7.34499979019165,64550,0.0,0.0
2024-08-09 10:30:00-04:00,7.335000038146973,7.5,7.230000019073486,7.230000019073486,73991,0.0,0.0
2024-08-09 11:30:00-04:00,7.230000019073486,7.25,7.129000186920166,7.129000186920166,13180,0.0,0.0
2024-08-09 12:30:00-04:00,7.139999866485596,7.309999942779541,7.139999866485596,7.300000190734863,27407,0.0,0.0
2024-08-09 13:30:00-04:00,7.329899787902832,7.349999904632568,7.25,7.329999923706055,45211,0.0,0.0
2024-08-09 14:30:00-04:00,7.315000057220459,7.369999885559082,7.300000190734863,7.369999885559082,18558,0.0,0.0
2024-08-09 15:30:00-04:00,7.369999885559082,7.380000114440918,7.284999847412109,7.300000190734863,40918,0.0,0.0
2024-08-12 09:30:00-04:00,7.320000171661377,7.440000057220459,7.309999942779541,7.400000095367432,29426,0.0,0.0
2024-08-12 10:30:00-04:00,7.400000095367432,7.400000095367432,7.260000228881836,7.260000228881836,20512,0.0,0.0
2024-08-12 11:30:00-04:00,7.241000175476074,7.260000228881836,7.199999809265137,7.21999979019165,14199,0.0,0.0
2024-08-12 12:30:00-04:00,7.214200019836426,7.21999979019165,7.130000114440918,7.139999866485596,18393,0.0,0.0
2024-08-12 13:30:00-04:00,7.150000095367432,7.190000057220459,7.059999942779541,7.190000057220459,37061,0.0,0.0
2024-08-12 14:30:00-04:00,7.199999809265137,7.259699821472168,7.170000076293945,7.210000038146973,52063,0.0,0.0
2024-08-12 15:30:00-04:00,7.210000038146973,7.230000019073486,7.139999866485596,7.210000038146973,65270,0.0,0.0
2024-08-13 09:30:00-04:00,7.269999980926514,7.369999885559082,7.235000133514404,7.235000133514404,29149,0.0,0.0
2024-08-13 10:30:00-04:00,7.25,7.264999866485596,7.199999809265137,7.25,19755,0.0,0.0
2024-08-13 11:30:00-04:00,7.25,7.28000020980835,7.199999809265137,7.28000020980835,27574,0.0,0.0
2024-08-13 12:30:00-04:00,7.275000095367432,7.320000171661377,7.260000228881836,7.300099849700928,19863,0.0,0.0
2024-08-13 13:30:00-04:00,7.304999828338623,7.409999847412109,7.28000020980835,7.369999885559082,71620,0.0,0.0
2024-08-13 14:30:00-04:00,7.380000114440918,7.480000019073486,7.380000114440918,7.420000076293945,47801,0.0,0.0
2024-08-13 15:30:00-04:00,7.440000057220459,7.510000228881836,7.420000076293945,7.5,50306,0.0,0.0
2024-08-14 09:30:00-04:00,7.510000228881836,7.539999961853027,7.394999980926514,7.40749979019165,27191,0.0,0.0
2024-08-14 10:30:00-04:00,7.4079999923706055,7.410200119018555,7.369999885559082,7.375,25131,0.0,0.0
2024-08-14 11:30:00-04:00,7.360000133514404,7.434999942779541,7.349999904632568,7.434999942779541,150636,0.0,0.0
2024-08-14 12:30:00-04:00,7.440000057220459,7.5,7.429999828338623,7.5,12839,0.0,0.0
2024-08-14 13:30:00-04:00,7.491799831390381,7.491799831390381,7.445000171661377,7.454999923706055,21056,0.0,0.0
2024-08-14 14:30:00-04:00,7.46999979019165,7.46999979019165,7.420000076293945,7.429999828338623,20660,0.0,0.0
2024-08-14 15:30:00-04:00,7.460000038146973,7.489999771118164,7.449999809265137,7.449999809265137,13594,0.0,0.0
2024-08-15 09:30:00-04:00,7.539999961853027,7.71999979019165,7.539999961853027,7.619999885559082,19754,0.0,0.0
2024-08-15 10:30:00-04:00,7.590000152587891,7.670000076293945,7.570000171661377,7.649199962615967,19055,0.0,0.0
2024-08-15 11:30:00-04:00,7.619999885559082,7.71999979019165,7.619999885559082,7.710000038146973,25007,0.0,0.0
2024-08-15 12:30:00-04:00,7.710000038146973,7.730000019073486,7.670000076293945,7.679999828338623,22299,0.0,0.0
2024-08-15 13:30:00-04:00,7.670000076293945,7.690000057220459,7.650000095367432,7.670000076293945,10176,0.0,0.0
2024-08-15 14:30:00-04:00,7.659999847412109,7.695000171661377,7.650000095367432,7.679999828338623,14731,0.0,0.0
2024-08-15 15:30:00-04:00,7.679999828338623,7.684999942779541,7.619999885559082,7.650000095367432,35586,0.0,0.0
2024-08-16 09:30:00-04:00,7.639999866485596,7.800000190734863,7.630000114440918,7.710000038146973,40271,0.0,0.0
2024-08-16 10:30:00-04:00,7.698999881744385,7.698999881744385,7.590000152587891,7.590000152587891,10313,0.0,0.0
2024-08-16 11:30:00-04:00,7.590000152587891,7.625,7.581999778747559,7.625,11537,0.0,0.0
2024-08-16 12:30:00-04:00,7.625,7.639999866485596,7.605500221252441,7.610000133514404,9660,0.0,0.0
2024-08-16 13:30:00-04:00,7.630000114440918,7.679900169372559,7.630000114440918,7.664599895477295,6230,0.0,0.0
2024-08-16 14:30:00-04:00,7.679900169372559,7.704999923706055,7.644999980926514,7.679999828338623,23235,0.0,0.0
2024-08-16 15:30:00-04:00,7.670000076293945,7.689000129699707,7.619999885559082,7.639999866485596,32011,0.0,0.0
2024-08-19 09:30:00-04:00,7.630000114440918,7.630000114440918,7.570000171661377,7.579999923706055,22405,0.0,0.0
2024-08-19 10:30:00-04:00,7.619999885559082,7.659999847412109,7.579999923706055,7.650000095367432,16967,0.0,0.0
2024-08-19 11:30:00-04:00,7.650000095367432,7.650000095367432,7.599999904632568,7.599999904632568,12122,0.0,0.0
2024-08-19 12:30:00-04:00,7.590000152587891,7.690000057220459,7.590000152587891,7.679999828338623,20332,0.0,0.0
2024-08-19 13:30:00-04:00,7.670000076293945,7.71999979019165,7.670000076293945,7.670000076293945,16433,0.0,0.0
2024-08-19 14:30:00-04:00,7.679999828338623,7.679999828338623,7.599999904632568,7.670000076293945,28619,0.0,0.0
2024-08-19 15:30:00-04:00,7.642099857330322,7.670000076293945,7.599999904632568,7.670000076293945,14268,0.0,0.0
2024-08-20 09:30:00-04:00,7.650000095367432,7.675000190734863,7.46999979019165,7.494999885559082,33155,0.0,0.0
2024-08-20 10:30:00-04:00,7.489999771118164,7.559999942779541,7.420000076293945,7.53000020980835,321801,0.0,0.0
2024-08-20 11:30:00-04:00,7.53000020980835,7.599999904632568,7.53000020980835,7.554200172424316,16733,0.0,0.0
2024-08-20 12:30:00-04:00,7.559999942779541,7.559999942779541,7.510000228881836,7.539999961853027,6720,0.0,0.0
2024-08-20 13:30:00-04:00,7.539899826049805,7.570000171661377,7.510000228881836,7.550099849700928,12261,0.0,0.0
2024-08-20 14:30:00-04:00,7.53000020980835,7.579999923706055,7.519999980926514,7.570000171661377,24654,0.0,0.0
2024-08-20 15:30:00-04:00,7.559999942779541,7.559999942779541,7.5,7.510000228881836,26756,0.0,0.0
2024-08-21 09:30:00-04:00,7.579999923706055,7.659999847412109,7.470099925994873,7.514999866485596,38371,0.0,0.0
2024-08-21 10:30:00-04:00,7.489999771118164,7.578100204467773,7.489999771118164,7.550000190734863,29172,0.0,0.0
2024-08-21 11:30:00-04:00,7.539999961853027,7.559999942779541,7.539999961853027,7.550000190734863,17112,0.0,0.0
2024-08-21 12:30:00-04:00,7.5416998863220215,7.550000190734863,7.53000020980835,7.53000020980835,12914,0.0,0.0
2024-08-21 13:30:00-04:00,7.534999847412109,7.534999847412109,7.519999980926514,7.527299880981445,6124,0.0,0.0
2024-08-21 14:30:00-04:00,7.53000020980835,7.53000020980835,7.489999771118164,7.510000228881836,13714,0.0,0.0
2024-08-21 15:30:00-04:00,7.510000228881836,7.514999866485596,7.429999828338623,7.440000057220459,23184,0.0,0.0
2024-08-22 09:30:00-04:00,7.380000114440918,7.409999847412109,7.340000152587891,7.349999904632568,12768,0.0,0.0
2024-08-22 10:30:00-04:00,7.349999904632568,7.429999828338623,7.349999904632568,7.414999961853027,15072,0.0,0.0
2024-08-22 11:30:00-04:00,7.420000076293945,7.420000076293945,7.389999866485596,7.399400234222412,8686,0.0,0.0
2024-08-22 12:30:00-04:00,7.40500020980835,7.425000190734863,7.389999866485596,7.410900115966797,9716,0.0,0.0
2024-08-22 13:30:00-04:00,7.409999847412109,7.409999847412109,7.340000152587891,7.389999866485596,28411,0.0,0.0
2024-08-22 14:30:00-04:00,7.389999866485596,7.389999866485596,7.304999828338623,7.304999828338623,19049,0.0,0.0
2024-08-22 15:30:00-04:00,7.309999942779541,7.349999904632568,7.289999961853027,7.34499979019165,32454,0.0,0.0
2024-08-23 09:30:00-04:00,7.369999885559082,7.510000228881836,7.349999904632568,7.505000114440918,15753,0.0,0.0
2024-08-23 10:30:00-04:00,7.53000020980835,7.590000152587891,7.489999771118164,7.590000152587891,46787,0.0,0.0
2024-08-23 11:30:00-04:00,7.599999904632568,7.599999904632568,7.480000019073486,7.519999980926514,9393,0.0,0.0
2024-08-23 12:30:00-04:00,7.519999980926514,7.525000095367432,7.5,7.5,8028,0.0,0.0
2024-08-23 13:30:00-04:00,7.509900093078613,7.509900093078613,7.46999979019165,7.46999979019165,11790,0.0,0.0
2024-08-23 14:30:00-04:00,7.460000038146973,7.485000133514404,7.440000057220459,7.46999979019165,13076,0.0,0.0
2024-08-23 15:30:00-04:00,7.46999979019165,7.483799934387207,7.460000038146973,7.465000152587891,19870,0.0,0.0
2024-08-26 09:30:00-04:00,7.539999961853027,7.570000171661377,7.46999979019165,7.5,14080,0.0,0.0
2024-08-26 10:30:00-04:00,7.489999771118164,7.494999885559082,7.420000076293945,7.46999979019165,15918,0.0,0.0
2024-08-26 11:30:00-04:00,7.460000038146973,7.480000019073486,7.409999847412109,7.425000190734863,11361,0.0,0.0
2024-08-26 12:30:00-04:00,7.440000057220459,7.480000019073486,7.440000057220459,7.449999809265137,4300,0.0,0.0
2024-08-26 13:30:00-04:00,7.440000057220459,7.440000057220459,7.389999866485596,7.400000095367432,8794,0.0,0.0
2024-08-26 14:30:00-04:00,7.409999847412109,7.440000057220459,7.390999794006348,7.400000095367432,18693,0.0,0.0
2024-08-26 15:30:00-04:00,7.401000022888184,7.401000022888184,7.329999923706055,7.380000114440918,12859,0.0,0.0
2024-08-27 09:30:00-04:00,7.360000133514404,7.360000133514404,7.179999828338623,7.21999979019165,55160,0.0,0.0
2024-08-27 10:30:00-04:00,7.228400230407715,7.235000133514404,7.190000057220459,7.190000057220459,5778,0.0,0.0
2024-08-27 11:30:00-04:00,7.170000076293945,7.170000076293945,7.139999866485596,7.144999980926514,4523,0.0,0.0
2024-08-27 12:30:00-04:00,7.130000114440918,7.150000095367432,7.130000114440918,7.135000228881836,5120,0.0,0.0
2024-08-27 13:30:00-04:00,7.135000228881836,7.255000114440918,7.119999885559082,7.224999904632568,63222,0.0,0.0
2024-08-27 14:30:00-04:00,7.239999771118164,7.239999771118164,7.210000038146973,7.230000019073486,44955,0.0,0.0
2024-08-27 15:30:00-04:00,7.230000019073486,7.238999843597412,7.179999828338623,7.21999979019165,25345,0.0,0.0
2024-08-28 09:30:00-04:00,7.199999809265137,7.264999866485596,7.195000171661377,7.21999979019165,18250,0.0,0.0
2024-08-28 10:30:00-04:00,7.224999904632568,7.239999771118164,7.170000076293945,7.170000076293945,4052,0.0,0.0
2024-08-28 11:30:00-04:00,7.159999847412109,7.170000076293945,7.091000080108643,7.130000114440918,16947,0.0,0.0
2024-08-28 12:30:00-04:00,7.129000186920166,7.210000038146973,7.120100021362305,7.179999828338623,20043,0.0,0.0
2024-08-28 13:30:00-04:00,7.210000038146973,7.269999980926514,7.150000095367432,7.210000038146973,29133,0.0,0.0
2024-08-28 14:30:00-04:00,7.21999979019165,7.329999923706055,7.210000038146973,7.329999923706055,40934,0.0,0.0
2024-08-28 15:30:00-04:00,7.320000171661377,7.360000133514404,7.320000171661377,7.329999923706055,20585,0.0,0.0
2024-08-29 09:30:00-04:00,7.400000095367432,7.400000095367432,7.260000228881836,7.320000171661377,20152,0.0,0.0
2024-08-29 10:30:00-04:00,7.309999942779541,7.690000057220459,7.210000038146973,7.570000171661377,328059,0.0,0.0
2024-08-29 11:30:00-04:00,7.507900238037109,7.679999828338623,7.449999809265137,7.489999771118164,105668,0.0,0.0
2024-08-29 12:30:00-04:00,7.485000133514404,7.565000057220459,7.46999979019165,7.539999961853027,15208,0.0,0.0
2024-08-29 13:30:00-04:00,7.550000190734863,7.619999885559082,7.53000020980835,7.534999847412109,23173,0.0,0.0
2024-08-29 14:30:00-04:00,7.539999961853027,7.54010009765625,7.46999979019165,7.5,29748,0.0,0.0
2024-08-29 15:30:00-04:00,7.5,7.5,7.434999942779541,7.460000038146973,30326,0.0,0.0
2024-08-30 09:30:00-04:00,7.46999979019165,7.5,7.400000095367432,7.420000076293945,7625,0.0,0.0
2024-08-30 10:30:00-04:00,7.409999847412109,7.420000076293945,7.375,7.380000114440918,5296,0.0,0.0
2024-08-30 11:30:00-04:00,7.380199909210205,7.389999866485596,7.300000190734863,7.320000171661377,29196,0.0,0.0
2024-08-30 12:30:00-04:00,7.309999942779541,7.369999885559082,7.269999980926514,7.369999885559082,45271,0.0,0.0
2024-08-30 13:30:00-04:00,7.389999866485596,7.425000190734863,7.300000190734863,7.360000133514404,16534,0.0,0.0
2024-08-30 14:30:00-04:00,7.3403000831604,7.360000133514404,7.340000152587891,7.360000133514404,10512,0.0,0.0
2024-08-30 15:30:00-04:00,7.360000133514404,7.409999847412109,7.360000133514404,7.409999847412109,24115,0.0,0.0
2024-09-03 09:30:00-04:00,7.289999961853027,7.369999885559082,7.099999904632568,7.099999904632568,65362,0.0,0.0
2024-09-03 10:30:00-04:00,7.111999988555908,7.179999828338623,7.0,7.160200119018555,40238,0.0,0.0
2024-09-03 11:30:00-04:00,7.159999847412109,7.159999847412109,7.070000171661377,7.119999885559082,7256,0.0,0.0
2024-09-03 12:30:00-04:00,7.114999771118164,7.114999771118164,7.050000190734863,7.050000190734863,11144,0.0,0.0
2024-09-03 13:30:00-04:00,7.050000190734863,7.079999923706055,7.03000020980835,7.050000190734863,18430,0.0,0.0
2024-09-03 14:30:00-04:00,7.059999942779541,7.079999923706055,7.019999980926514,7.039999961853027,32044,0.0,0.0
2024-09-03 15:30:00-04:00,7.034999847412109,7.065000057220459,7.019999980926514,7.03000020980835,30106,0.0,0.0
2024-09-04 09:30:00-04:00,7.019999980926514,7.070000171661377,7.0,7.045000076293945,32783,0.0,0.0
2024-09-04 10:30:00-04:00,7.045000076293945,7.090000152587891,6.989999771118164,7.050000190734863,59398,0.0,0.0
2024-09-04 11:30:00-04:00,7.03000020980835,7.070000171661377,6.990200042724609,7.0,32627,0.0,0.0
2024-09-04 12:30:00-04:00,7.019999980926514,7.040999889373779,6.965000152587891,6.96999979019165,17196,0.0,0.0
2024-09-04 13:30:00-04:00,6.96999979019165,6.974999904632568,6.949999809265137,6.954999923706055,14282,0.0,0.0
2024-09-04 14:30:00-04:00,6.954999923706055,6.954999923706055,6.900000095367432,6.929999828338623,50297,0.0,0.0
2024-09-04 15:30:00-04:00,6.910099983215332,6.929999828338623,6.894999980926514,6.900000095367432,30724,0.0,0.0
2024-09-05 09:30:00-04:00,6.980000019073486,7.005000114440918,6.889999866485596,6.96999979019165,51029,0.0,0.0
2024-09-05 10:30:00-04:00,6.974999904632568,6.9899001121521,6.909999847412109,6.960000038146973,33136,0.0,0.0
2024-09-05 11:30:00-04:00,6.960000038146973,7.03000020980835,6.960000038146973,7.019999980926514,16178,0.0,0.0
2024-09-05 12:30:00-04:00,7.010000228881836,7.039899826049805,6.960000038146973,6.960000038146973,13202,0.0,0.0
2024-09-05 13:30:00-04:00,6.960000038146973,7.019999980926514,6.949999809265137,6.989999771118164,28987,0.0,0.0
2024-09-05 14:30:00-04:00,6.980000019073486,7.010000228881836,6.949999809265137,6.96999979019165,38222,0.0,0.0
2024-09-05 15:30:00-04:00,6.989999771118164,7.0,6.920000076293945,6.960000038146973,56166,0.0,0.0
2024-09-06 09:30:00-04:00,6.960000038146973,6.96999979019165,6.829999923706055,6.829999923706055,18075,0.0,0.0
2024-09-06 10:30:00-04:00,6.809999942779541,6.809999942779541,6.650000095367432,6.650000095367432,49797,0.0,0.0
2024-09-06 11:30:00-04:00,6.659999847412109,6.659999847412109,6.539999961853027,6.539999961853027,54685,0.0,0.0
2024-09-06 12:30:00-04:00,6.534999847412109,6.670000076293945,6.5320000648498535,6.619999885559082,26523,0.0,0.0
2024-09-06 13:30:00-04:00,6.610000133514404,6.651400089263916,6.550000190734863,6.59499979019165,41563,0.0,0.0
2024-09-06 14:30:00-04:00,6.599999904632568,6.659999847412109,6.460000038146973,6.579999923706055,213140,0.0,0.0
2024-09-06 15:30:00-04:00,6.590000152587891,6.590000152587891,6.510000228881836,6.519999980926514,90774,0.0,0.0
