Datetime,Open,High,Low,Close,Volume,Dividends,Stock Splits
2022-12-08 09:30:00-05:00,24.989999771118164,25.09000015258789,24.899999618530273,24.950000762939453,0,0.0,0.0
2022-12-08 10:30:00-05:00,24.979999542236328,24.979999542236328,24.920000076293945,24.920000076293945,5414,0.0,0.0
2022-12-08 11:30:00-05:00,24.90999984741211,24.979999542236328,24.899999618530273,24.940000534057617,4006,0.0,0.0
2022-12-08 12:30:00-05:00,24.949499130249023,24.959999084472656,24.899999618530273,24.950000762939453,6978,0.0,0.0
2022-12-08 13:30:00-05:00,24.969999313354492,24.979999542236328,24.899999618530273,24.950000762939453,3023,0.0,0.0
2022-12-08 14:30:00-05:00,24.979999542236328,24.979999542236328,24.8700008392334,24.8700008392334,1461,0.0,0.0
2022-12-08 15:30:00-05:00,24.809999465942383,24.92530059814453,24.700000762939453,24.8799991607666,6015,0.0,0.0
2022-12-09 09:30:00-05:00,24.860000610351562,24.860000610351562,24.799999237060547,24.829999923706055,0,0.0,0.0
2022-12-09 10:30:00-05:00,24.81999969482422,24.87820053100586,24.81999969482422,24.829999923706055,2567,0.0,0.0
2022-12-09 11:30:00-05:00,24.899900436401367,24.899900436401367,24.825000762939453,24.825000762939453,724,0.0,0.0
2022-12-09 12:30:00-05:00,24.799999237060547,24.799999237060547,24.649999618530273,24.75,6200,0.0,0.0
2022-12-09 13:30:00-05:00,24.899900436401367,24.899900436401367,24.850000381469727,24.850000381469727,1200,0.0,0.0
2022-12-09 14:30:00-05:00,24.825000762939453,24.825000762939453,24.75,24.75,925,0.0,0.0
2022-12-09 15:30:00-05:00,24.662200927734375,24.799999237060547,24.662200927734375,24.799999237060547,1291,0.0,0.0
2022-12-12 09:30:00-05:00,24.829999923706055,24.84000015258789,24.799999237060547,24.799999237060547,0,0.0,0.0
2022-12-12 10:30:00-05:00,24.81999969482422,24.920000076293945,24.799999237060547,24.88599967956543,10595,0.0,0.0
2022-12-12 11:30:00-05:00,24.88599967956543,24.88599967956543,24.829999923706055,24.829999923706055,1293,0.0,0.0
2022-12-12 12:30:00-05:00,24.850000381469727,24.91990089416504,24.829999923706055,24.864999771118164,3998,0.0,0.0
2022-12-12 13:30:00-05:00,24.90999984741211,24.90999984741211,24.90999984741211,24.90999984741211,1000,0.0,0.0
2022-12-12 14:30:00-05:00,24.899999618530273,24.909900665283203,24.850000381469727,24.909900665283203,1432,0.0,0.0
2022-12-12 15:30:00-05:00,24.899999618530273,24.899999618530273,24.899999618530273,24.899999618530273,400,0.0,0.0
2022-12-13 09:30:00-05:00,24.93000030517578,25.079999923706055,24.899999618530273,24.90999984741211,0,0.0,0.0
2022-12-13 10:30:00-05:00,25.05120086669922,25.05120086669922,25.0,25.0,353,0.0,0.0
2022-12-13 11:30:00-05:00,25.049999237060547,25.049999237060547,25.020000457763672,25.020000457763672,451,0.0,0.0
2022-12-13 12:30:00-05:00,24.990100860595703,25.024999618530273,24.989999771118164,24.989999771118164,5270,0.0,0.0
2022-12-13 13:30:00-05:00,25.0,25.0,25.0,25.0,600,0.0,0.0
2022-12-13 15:30:00-05:00,25.0,25.0,25.0,25.0,100,0.0,0.0
2022-12-14 09:30:00-05:00,25.0,25.020000457763672,24.950000762939453,25.0,0,0.0,0.0
2022-12-14 10:30:00-05:00,25.0,25.0,25.0,25.0,600,0.0,0.0
2022-12-14 12:30:00-05:00,24.989999771118164,25.0,24.96500015258789,24.979999542236328,3139,0.0,0.0
2022-12-14 14:30:00-05:00,24.962799072265625,24.962799072265625,24.962799072265625,24.962799072265625,251,0.0,0.0
2022-12-14 15:30:00-05:00,24.96500015258789,24.979999542236328,24.950000762939453,24.979999542236328,8274,0.0,0.0
2022-12-15 09:30:00-05:00,25.043800354003906,25.04990005493164,25.0,25.0,0,0.0,0.0
2022-12-15 10:30:00-05:00,24.984600067138672,25.0,24.950000762939453,24.985000610351562,7004,0.0,0.0
2022-12-15 11:30:00-05:00,24.975000381469727,25.100000381469727,24.975000381469727,25.09000015258789,41817,0.0,0.0
2022-12-15 12:30:00-05:00,25.081300735473633,25.100000381469727,25.049999237060547,25.079999923706055,9944,0.0,0.0
2022-12-15 13:30:00-05:00,25.079999923706055,25.18000030517578,25.040000915527344,25.07990074157715,17273,0.0,0.0
2022-12-15 14:30:00-05:00,25.059999465942383,25.100000381469727,25.059999465942383,25.09000015258789,2400,0.0,0.0
2022-12-15 15:30:00-05:00,25.06999969482422,25.06999969482422,25.030000686645508,25.030000686645508,2602,0.0,0.0
2022-12-16 09:30:00-05:00,25.010000228881836,25.030099868774414,24.975000381469727,24.975000381469727,0,0.0,0.0
2022-12-16 10:30:00-05:00,24.979999542236328,25.000099182128906,24.979900360107422,25.000099182128906,7174,0.0,0.0
2022-12-16 11:30:00-05:00,25.08989906311035,25.08989906311035,25.079999923706055,25.079999923706055,860,0.0,0.0
2022-12-16 13:30:00-05:00,25.049999237060547,25.049999237060547,25.049999237060547,25.049999237060547,250,0.0,0.0
2022-12-16 15:30:00-05:00,25.040000915527344,25.040000915527344,25.03499984741211,25.040000915527344,1793,0.0,0.0
2022-12-19 10:30:00-05:00,25.04990005493164,25.04990005493164,24.979999542236328,24.979999542236328,3540,0.0,0.0
2022-12-19 11:30:00-05:00,25.007699966430664,25.049999237060547,25.0,25.049999237060547,5680,0.0,0.0
2022-12-19 12:30:00-05:00,25.045000076293945,25.079999923706055,25.040000915527344,25.079999923706055,8249,0.0,0.0
2022-12-19 13:30:00-05:00,25.100000381469727,25.100000381469727,25.079999923706055,25.079999923706055,1816,0.0,0.0
2022-12-19 14:30:00-05:00,25.049999237060547,25.049999237060547,25.049999237060547,25.049999237060547,1000,0.0,0.0
2022-12-19 15:30:00-05:00,25.049999237060547,25.079999923706055,25.049999237060547,25.07990074157715,2600,0.0,0.0
2022-12-20 09:30:00-05:00,25.059999465942383,25.059999465942383,25.0049991607666,25.0049991607666,0,0.0,0.0
2022-12-20 10:30:00-05:00,25.0,25.049999237060547,25.0,25.0,5625,0.0,0.0
2022-12-20 13:30:00-05:00,25.059999465942383,25.059999465942383,25.059999465942383,25.059999465942383,1308,0.0,0.0
2022-12-20 14:30:00-05:00,25.059999465942383,25.059999465942383,25.059999465942383,25.059999465942383,100,0.0,0.0
2022-12-20 15:30:00-05:00,25.010000228881836,25.100000381469727,25.010000228881836,25.100000381469727,4257,0.0,0.0
2022-12-21 10:30:00-05:00,25.04400062561035,25.100000381469727,25.04400062561035,25.075000762939453,3402,0.0,0.0
2022-12-21 13:30:00-05:00,25.059999465942383,25.059999465942383,25.049999237060547,25.049999237060547,4330,0.0,0.0
2022-12-21 15:30:00-05:00,25.020000457763672,25.020000457763672,24.993999481201172,24.993999481201172,2941,0.0,0.0
2022-12-22 09:30:00-05:00,24.950000762939453,24.950000762939453,24.950000762939453,24.950000762939453,0,0.0,0.0
2022-12-22 10:30:00-05:00,25.0,25.0,25.0,25.0,294,0.0,0.0
2022-12-22 11:30:00-05:00,25.0,25.0,25.0,25.0,400,0.0,0.0
2022-12-22 12:30:00-05:00,25.024999618530273,25.049999237060547,25.020000457763672,25.049999237060547,2386,0.0,0.0
2022-12-22 14:30:00-05:00,25.0,25.0,25.0,25.0,2326,0.0,0.0
2022-12-22 15:30:00-05:00,24.988100051879883,25.0,24.966400146484375,25.0,2522,0.0,0.0
2022-12-23 11:30:00-05:00,25.09000015258789,25.09000015258789,25.08989906311035,25.08989906311035,900,0.0,0.0
2022-12-23 12:30:00-05:00,25.049999237060547,25.049999237060547,25.0,25.0,3280,0.0,0.0
2022-12-23 13:30:00-05:00,25.040000915527344,25.040000915527344,25.030000686645508,25.040000915527344,1603,0.0,0.0
2022-12-27 09:30:00-05:00,25.079999923706055,25.079999923706055,25.049999237060547,25.049999237060547,0,0.0,0.0
2022-12-27 10:30:00-05:00,25.020000457763672,25.020000457763672,25.020000457763672,25.020000457763672,400,0.0,0.0
2022-12-27 14:30:00-05:00,25.0,25.0,24.950000762939453,24.950000762939453,2106,0.0,0.0
2022-12-27 15:30:00-05:00,25.0,25.0,25.0,25.0,500,0.0,0.0
2022-12-28 09:30:00-05:00,25.0,25.0,25.0,25.0,0,0.0,0.0
2022-12-28 10:30:00-05:00,25.000099182128906,25.000099182128906,25.000099182128906,25.000099182128906,100,0.0,0.0
2022-12-28 11:30:00-05:00,25.045000076293945,25.068099975585938,25.045000076293945,25.068099975585938,430,0.0,0.0
2022-12-28 12:30:00-05:00,25.020000457763672,25.020000457763672,25.020000457763672,25.020000457763672,1865,0.0,0.0
2022-12-28 13:30:00-05:00,25.0,25.0,24.97100067138672,24.97100067138672,470,0.0,0.0
2022-12-29 10:30:00-05:00,24.969999313354492,24.969999313354492,24.969999313354492,24.969999313354492,0,0.0,0.0
2022-12-29 11:30:00-05:00,24.969999313354492,24.969999313354492,24.969999313354492,24.969999313354492,593,0.0,0.0
2022-12-29 12:30:00-05:00,25.024999618530273,25.049999237060547,25.024999618530273,25.049999237060547,800,0.0,0.0
2022-12-29 14:30:00-05:00,25.030000686645508,25.030000686645508,25.030000686645508,25.030000686645508,100,0.0,0.0
2022-12-30 09:30:00-05:00,25.049999237060547,25.049999237060547,25.0,25.0,0,0.0,0.0
2022-12-30 10:30:00-05:00,25.000099182128906,25.04990005493164,25.000099182128906,25.04990005493164,422,0.0,0.0
2022-12-30 11:30:00-05:00,25.030000686645508,25.030000686645508,25.030000686645508,25.030000686645508,200,0.0,0.0
2022-12-30 14:30:00-05:00,25.0,25.030000686645508,25.0,25.030000686645508,200,0.0,0.0
2023-01-03 09:30:00-05:00,24.850000381469727,24.979999542236328,24.850000381469727,24.979999542236328,1003,0.0,0.0
2023-01-03 12:30:00-05:00,25.049999237060547,25.049999237060547,25.049999237060547,25.049999237060547,1000,0.0,0.0
2023-01-04 09:30:00-05:00,25.030000686645508,25.049999237060547,25.0,25.049999237060547,5281,0.0,0.0
2023-01-04 10:30:00-05:00,25.062299728393555,25.06999969482422,25.049999237060547,25.049999237060547,7691,0.0,0.0
2023-01-04 11:30:00-05:00,25.049999237060547,25.049999237060547,25.049999237060547,25.049999237060547,1219,0.0,0.0
2023-01-04 13:30:00-05:00,25.03569984436035,25.03569984436035,25.030000686645508,25.030000686645508,334,0.0,0.0
2023-01-04 14:30:00-05:00,25.030000686645508,25.030000686645508,25.030000686645508,25.030000686645508,124,0.0,0.0
2023-01-04 15:30:00-05:00,25.049999237060547,25.049999237060547,25.049999237060547,25.049999237060547,2010,0.0,0.0
2023-01-05 10:30:00-05:00,25.020000457763672,25.020000457763672,24.995399475097656,25.0,660,0.0,0.0
2023-01-05 11:30:00-05:00,24.999900817871094,25.010000228881836,24.999900817871094,25.010000228881836,8215,0.0,0.0
2023-01-05 12:30:00-05:00,25.0,25.0,24.959999084472656,24.959999084472656,2285,0.0,0.0
2023-01-05 13:30:00-05:00,24.990999221801758,25.010000228881836,24.985000610351562,24.985000610351562,800,0.0,0.0
2023-01-05 14:30:00-05:00,25.010000228881836,25.010000228881836,25.0,25.010000228881836,4850,0.0,0.0
2023-01-05 15:30:00-05:00,25.010000228881836,25.010000228881836,25.010000228881836,25.010000228881836,1000,0.0,0.0
2023-01-06 10:30:00-05:00,25.03499984741211,25.03499984741211,25.03499984741211,25.03499984741211,0,0.0,0.0
2023-01-06 11:30:00-05:00,25.049999237060547,25.100000381469727,25.030000686645508,25.100000381469727,16500,0.0,0.0
2023-01-06 13:30:00-05:00,25.123300552368164,25.123300552368164,25.123300552368164,25.123300552368164,1050,0.0,0.0
2023-01-09 09:30:00-05:00,25.149900436401367,25.149900436401367,25.149900436401367,25.149900436401367,0,0.0,0.0
2023-01-09 10:30:00-05:00,25.049999237060547,25.049999237060547,25.049999237060547,25.049999237060547,164,0.0,0.0
2023-01-09 11:30:00-05:00,25.100000381469727,25.100000381469727,25.0,25.0,9939,0.0,0.0
2023-01-09 12:30:00-05:00,25.010000228881836,25.010000228881836,25.005699157714844,25.005699157714844,18300,0.0,0.0
2023-01-09 13:30:00-05:00,25.010000228881836,25.09000015258789,25.009899139404297,25.09000015258789,4298,0.0,0.0
2023-01-10 10:30:00-05:00,25.049999237060547,25.09000015258789,25.0487003326416,25.059999465942383,610,0.0,0.0
2023-01-10 11:30:00-05:00,25.073999404907227,25.08989906311035,25.073999404907227,25.08989906311035,1100,0.0,0.0
2023-01-10 12:30:00-05:00,25.059999465942383,25.059999465942383,25.059999465942383,25.059999465942383,100,0.0,0.0
2023-01-10 13:30:00-05:00,25.039899826049805,25.040000915527344,25.039899826049805,25.040000915527344,1100,0.0,0.0
2023-01-10 14:30:00-05:00,25.040000915527344,25.09000015258789,25.040000915527344,25.059999465942383,6200,0.0,0.0
2023-01-10 15:30:00-05:00,25.059999465942383,25.059999465942383,25.059900283813477,25.059999465942383,1603,0.0,0.0
2023-01-11 09:30:00-05:00,25.021099090576172,25.09000015258789,25.021099090576172,25.09000015258789,0,0.0,0.0
2023-01-11 10:30:00-05:00,25.09000015258789,25.09000015258789,25.09000015258789,25.09000015258789,100,0.0,0.0
2023-01-11 14:30:00-05:00,25.06999969482422,25.06999969482422,25.049999237060547,25.059999465942383,648,0.0,0.0
2023-01-11 15:30:00-05:00,25.060100555419922,25.060100555419922,25.060100555419922,25.060100555419922,300,0.0,0.0
2023-01-12 09:30:00-05:00,25.100000381469727,25.100000381469727,25.06100082397461,25.06100082397461,496,0.0,0.0
2023-01-12 10:30:00-05:00,25.09000015258789,25.139999389648438,25.09000015258789,25.139999389648438,2200,0.0,0.0
2023-01-12 11:30:00-05:00,25.09000015258789,25.09000015258789,25.079999923706055,25.09000015258789,1725,0.0,0.0
2023-01-12 12:30:00-05:00,25.09000015258789,25.09000015258789,25.09000015258789,25.09000015258789,200,0.0,0.0
2023-01-12 13:30:00-05:00,25.09000015258789,25.270000457763672,25.09000015258789,25.187700271606445,31064,0.0,0.0
2023-01-12 14:30:00-05:00,25.190000534057617,25.290000915527344,25.170000076293945,25.290000915527344,14804,0.0,0.0
2023-01-12 15:30:00-05:00,25.280000686645508,25.350000381469727,25.229999542236328,25.229999542236328,5692,0.0,0.0
2023-01-13 09:30:00-05:00,25.280000686645508,25.350000381469727,25.18000030517578,25.290000915527344,0,0.0,0.0
2023-01-13 10:30:00-05:00,25.299999237060547,25.299999237060547,25.219999313354492,25.25,2198,0.0,0.0
2023-01-13 11:30:00-05:00,25.25,25.260000228881836,25.149999618530273,25.19569969177246,3156,0.0,0.0
2023-01-13 12:30:00-05:00,25.200000762939453,25.229999542236328,25.200000762939453,25.200000762939453,1415,0.0,0.0
2023-01-13 13:30:00-05:00,25.236000061035156,25.236000061035156,25.209999084472656,25.209999084472656,930,0.0,0.0
2023-01-13 14:30:00-05:00,25.210100173950195,25.239900588989258,25.1299991607666,25.149999618530273,2669,0.0,0.0
2023-01-13 15:30:00-05:00,25.18000030517578,25.18000030517578,25.18000030517578,25.18000030517578,710,0.0,0.0
2023-01-17 09:30:00-05:00,25.15999984741211,25.219999313354492,25.15999984741211,25.219999313354492,0,0.0,0.0
2023-01-17 10:30:00-05:00,25.219999313354492,25.229999542236328,25.209999084472656,25.229999542236328,2846,0.0,0.0
2023-01-17 11:30:00-05:00,25.219999313354492,25.229999542236328,25.219999313354492,25.229999542236328,500,0.0,0.0
2023-01-17 12:30:00-05:00,25.219999313354492,25.239900588989258,25.16939926147461,25.16939926147461,3632,0.0,0.0
2023-01-17 13:30:00-05:00,25.150100708007812,25.190000534057617,25.149900436401367,25.190000534057617,4450,0.0,0.0
2023-01-17 14:30:00-05:00,25.200000762939453,25.200000762939453,25.16080093383789,25.186800003051758,826,0.0,0.0
2023-01-17 15:30:00-05:00,25.1200008392334,25.149999618530273,25.100000381469727,25.110000610351562,4176,0.0,0.0
2023-01-18 09:30:00-05:00,25.15999984741211,25.280000686645508,25.15999984741211,25.200000762939453,0,0.0,0.0
2023-01-18 10:30:00-05:00,25.180500030517578,25.200000762939453,25.15999984741211,25.15999984741211,6409,0.0,0.0
2023-01-18 11:30:00-05:00,25.149999618530273,25.15999984741211,25.149999618530273,25.15999984741211,1661,0.0,0.0
2023-01-18 12:30:00-05:00,25.1200008392334,25.170000076293945,25.1200008392334,25.170000076293945,1310,0.0,0.0
2023-01-18 13:30:00-05:00,25.170000076293945,25.18000030517578,25.1299991607666,25.1299991607666,2293,0.0,0.0
2023-01-18 14:30:00-05:00,25.149999618530273,25.18000030517578,25.149700164794922,25.18000030517578,2968,0.0,0.0
2023-01-18 15:30:00-05:00,25.139999389648438,25.149999618530273,25.1200008392334,25.1200008392334,356,0.0,0.0
2023-01-19 09:30:00-05:00,25.1299991607666,25.1299991607666,25.100000381469727,25.100000381469727,0,0.0,0.0
2023-01-19 10:30:00-05:00,25.139999389648438,25.149900436401367,25.139999389648438,25.149900436401367,400,0.0,0.0
2023-01-19 11:30:00-05:00,25.149999618530273,25.149999618530273,25.149999618530273,25.149999618530273,1100,0.0,0.0
2023-01-19 13:30:00-05:00,25.190000534057617,25.190000534057617,25.190000534057617,25.190000534057617,747,0.0,0.0
2023-01-19 14:30:00-05:00,25.212799072265625,25.212799072265625,25.200000762939453,25.211200714111328,400,0.0,0.0
2023-01-20 09:30:00-05:00,25.200000762939453,25.200000762939453,25.200000762939453,25.200000762939453,0,0.0,0.0
2023-01-20 11:30:00-05:00,25.25,25.25,25.209999084472656,25.229999542236328,2038,0.0,0.0
2023-01-20 12:30:00-05:00,25.239999771118164,25.259899139404297,25.219999313354492,25.219999313354492,365,0.0,0.0
2023-01-20 13:30:00-05:00,25.219999313354492,25.22480010986328,25.203399658203125,25.21150016784668,1325,0.0,0.0
2023-01-20 14:30:00-05:00,25.219999313354492,25.219999313354492,25.219999313354492,25.219999313354492,200,0.0,0.0
2023-01-20 15:30:00-05:00,25.219999313354492,25.229999542236328,25.21500015258789,25.229999542236328,1550,0.0,0.0
2023-01-23 09:30:00-05:00,25.219999313354492,25.280000686645508,25.219999313354492,25.280000686645508,887,0.0,0.0
2023-01-23 10:30:00-05:00,25.270000457763672,25.329999923706055,25.270000457763672,25.30500030517578,4841,0.0,0.0
2023-01-23 11:30:00-05:00,25.299999237060547,25.329999923706055,25.280000686645508,25.329999923706055,5031,0.0,0.0
2023-01-23 12:30:00-05:00,25.30500030517578,25.30500030517578,25.30500030517578,25.30500030517578,175,0.0,0.0
2023-01-23 13:30:00-05:00,25.287099838256836,25.31999969482422,25.280000686645508,25.280000686645508,2039,0.0,0.0
2023-01-23 14:30:00-05:00,25.280000686645508,25.280000686645508,25.190000534057617,25.200000762939453,12294,0.0,0.0
2023-01-23 15:30:00-05:00,25.200000762939453,25.200000762939453,25.187999725341797,25.200000762939453,1800,0.0,0.0
2023-01-24 09:30:00-05:00,25.299999237060547,25.299999237060547,25.139999389648438,25.149999618530273,0,0.0,0.0
2023-01-24 10:30:00-05:00,25.200000762939453,25.200000762939453,25.149999618530273,25.161500930786133,5941,0.0,0.0
2023-01-24 11:30:00-05:00,25.18000030517578,25.180500030517578,25.139999389648438,25.139999389648438,5560,0.0,0.0
2023-01-24 12:30:00-05:00,25.149999618530273,25.149999618530273,25.139999389648438,25.149999618530273,1575,0.0,0.0
2023-01-24 13:30:00-05:00,25.139999389648438,25.149999618530273,25.1299991607666,25.149999618530273,3007,0.0,0.0
2023-01-24 14:30:00-05:00,25.143600463867188,25.149999618530273,25.143600463867188,25.149999618530273,5048,0.0,0.0
2023-01-24 15:30:00-05:00,25.149999618530273,25.149999618530273,25.139999389648438,25.139999389648438,0,0.0,0.0
2023-01-25 09:30:00-05:00,25.139999389648438,25.139999389648438,25.1200008392334,25.1200008392334,1640,0.0,0.0
2023-01-25 10:30:00-05:00,25.1200008392334,25.238300323486328,25.100000381469727,25.100000381469727,2731,0.0,0.0
2023-01-25 11:30:00-05:00,25.110000610351562,25.110000610351562,25.09000015258789,25.103200912475586,2492,0.0,0.0
2023-01-25 12:30:00-05:00,25.110000610351562,25.110000610351562,25.095699310302734,25.100000381469727,7824,0.0,0.0
2023-01-25 13:30:00-05:00,25.100000381469727,25.110000610351562,25.099899291992188,25.110000610351562,3837,0.0,0.0
2023-01-25 14:30:00-05:00,25.110000610351562,25.110000610351562,25.100000381469727,25.100000381469727,2326,0.0,0.0
2023-01-25 15:30:00-05:00,25.100000381469727,25.100000381469727,25.0,25.079999923706055,8062,0.0,0.0
2023-01-26 09:30:00-05:00,25.079999923706055,25.079999923706055,25.010000228881836,25.049699783325195,0,0.0,0.0
2023-01-26 10:30:00-05:00,25.040000915527344,25.049999237060547,25.020000457763672,25.049999237060547,6094,0.0,0.0
2023-01-26 11:30:00-05:00,25.049999237060547,25.110000610351562,25.049999237060547,25.09000015258789,1326,0.0,0.0
2023-01-26 12:30:00-05:00,25.075000762939453,25.100000381469727,25.075000762939453,25.09000015258789,1325,0.0,0.0
2023-01-26 13:30:00-05:00,25.100000381469727,25.100000381469727,25.100000381469727,25.100000381469727,401,0.0,0.0
2023-01-26 14:30:00-05:00,25.100000381469727,25.100000381469727,25.100000381469727,25.100000381469727,483,0.0,0.0
2023-01-26 15:30:00-05:00,25.100000381469727,25.100000381469727,25.100000381469727,25.100000381469727,0,0.0,0.0
2023-01-27 09:30:00-05:00,25.143400192260742,25.143400192260742,25.143400192260742,25.143400192260742,201,0.0,0.0
2023-01-27 11:30:00-05:00,25.145000457763672,25.179899215698242,25.139999389648438,25.15999984741211,1288,0.0,0.0
2023-01-27 12:30:00-05:00,25.149999618530273,25.149999618530273,25.149999618530273,25.149999618530273,273,0.0,0.0
2023-01-27 13:30:00-05:00,25.139999389648438,25.139999389648438,25.139999389648438,25.139999389648438,600,0.0,0.0
2023-01-27 14:30:00-05:00,25.149999618530273,25.149999618530273,25.149999618530273,25.149999618530273,808,0.0,0.0
2023-01-27 15:30:00-05:00,25.139999389648438,25.149999618530273,25.139999389648438,25.139999389648438,1148,0.0,0.0
2023-01-30 09:30:00-05:00,25.110000610351562,25.170000076293945,25.110000610351562,25.149999618530273,0,0.0,0.0
2023-01-30 11:30:00-05:00,25.139999389648438,25.15999984741211,25.139999389648438,25.15999984741211,500,0.0,0.0
2023-01-30 14:30:00-05:00,25.1200008392334,25.1200008392334,25.1200008392334,25.1200008392334,542,0.0,0.0
2023-01-30 15:30:00-05:00,25.1200008392334,25.1200008392334,25.1200008392334,25.1200008392334,266,0.0,0.0
2023-01-31 09:30:00-05:00,25.152700424194336,25.190000534057617,25.152700424194336,25.184200286865234,0,0.0,0.0
2023-01-31 10:30:00-05:00,25.18000030517578,25.18000030517578,25.18000030517578,25.18000030517578,326,0.0,0.0
2023-01-31 11:30:00-05:00,25.18000030517578,25.18000030517578,25.18000030517578,25.18000030517578,1036,0.0,0.0
2023-01-31 12:30:00-05:00,25.18000030517578,25.18000030517578,25.18000030517578,25.18000030517578,506,0.0,0.0
2023-01-31 13:30:00-05:00,25.18000030517578,25.18000030517578,25.167200088500977,25.16900062561035,3150,0.0,0.0
2023-01-31 14:30:00-05:00,25.18000030517578,25.18000030517578,25.149999618530273,25.170000076293945,2650,0.0,0.0
2023-01-31 15:30:00-05:00,25.170000076293945,25.170000076293945,25.149999618530273,25.152999877929688,3476,0.0,0.0
2023-02-01 09:30:00-05:00,25.190000534057617,25.190000534057617,25.1299991607666,25.15999984741211,0,0.0,0.0
2023-02-01 10:30:00-05:00,25.149999618530273,25.18000030517578,25.149999618530273,25.18000030517578,408,0.0,0.0
2023-02-01 11:30:00-05:00,25.18000030517578,25.18000030517578,25.18000030517578,25.18000030517578,200,0.0,0.0
2023-02-01 12:30:00-05:00,25.15999984741211,25.190000534057617,25.15999984741211,25.190000534057617,613,0.0,0.0
2023-02-01 14:30:00-05:00,25.170000076293945,25.200000762939453,25.166500091552734,25.170000076293945,4225,0.0,0.0
2023-02-01 15:30:00-05:00,25.177200317382812,25.177200317382812,25.170000076293945,25.170000076293945,596,0.0,0.0
2023-02-02 09:30:00-05:00,25.219999313354492,25.25,25.149999618530273,25.25,0,0.0,0.0
2023-02-02 10:30:00-05:00,25.259700775146484,25.259700775146484,25.190000534057617,25.22249984741211,1351,0.0,0.0
2023-02-02 11:30:00-05:00,25.219999313354492,25.229999542236328,25.219999313354492,25.229999542236328,838,0.0,0.0
2023-02-02 12:30:00-05:00,25.209999084472656,25.209999084472656,25.209999084472656,25.209999084472656,500,0.0,0.0
2023-02-02 13:30:00-05:00,25.15999984741211,25.15999984741211,25.15999984741211,25.15999984741211,100,0.0,0.0
2023-02-02 14:30:00-05:00,25.212900161743164,25.212900161743164,25.212900161743164,25.212900161743164,100,0.0,0.0
2023-02-02 15:30:00-05:00,25.25,25.25,25.25,25.25,334,0.0,0.0
2023-02-03 09:30:00-05:00,25.18000030517578,25.219999313354492,25.18000030517578,25.219999313354492,0,0.0,0.0
2023-02-03 10:30:00-05:00,25.200000762939453,25.200000762939453,25.200000762939453,25.200000762939453,0,0.0,0.0
2023-02-03 11:30:00-05:00,25.200000762939453,25.209999084472656,25.200000762939453,25.200000762939453,6928,0.0,0.0
2023-02-03 12:30:00-05:00,25.239999771118164,25.239999771118164,25.200000762939453,25.238399505615234,6402,0.0,0.0
2023-02-03 13:30:00-05:00,25.209999084472656,25.239500045776367,25.190000534057617,25.190000534057617,1466,0.0,0.0
2023-02-06 09:30:00-05:00,25.350000381469727,25.450000762939453,25.34000015258789,25.450000762939453,22125,0.0,0.0
2023-02-06 10:30:00-05:00,25.3700008392334,25.43000030517578,25.34000015258789,25.420000076293945,6212,0.0,0.0
2023-02-06 11:30:00-05:00,25.308000564575195,25.450000762939453,25.308000564575195,25.450000762939453,4700,0.0,0.0
2023-02-06 12:30:00-05:00,25.399999618530273,25.450000762939453,25.399999618530273,25.450000762939453,900,0.0,0.0
2023-02-06 13:30:00-05:00,25.440000534057617,25.45989990234375,25.399999618530273,25.438100814819336,2521,0.0,0.0
2023-02-06 14:30:00-05:00,25.450000762939453,25.450000762939453,25.440000534057617,25.450000762939453,2180,0.0,0.0
2023-02-06 15:30:00-05:00,25.450000762939453,25.451400756835938,25.450000762939453,25.450000762939453,1700,0.0,0.0
2023-02-07 09:30:00-05:00,25.43000030517578,25.439899444580078,25.43000030517578,25.43440055847168,0,0.0,0.0
2023-02-07 10:30:00-05:00,25.437999725341797,25.440000534057617,25.431900024414062,25.434999465942383,2200,0.0,0.0
2023-02-07 11:30:00-05:00,25.440000534057617,25.440000534057617,25.430099487304688,25.430099487304688,2118,0.0,0.0
2023-02-07 12:30:00-05:00,25.43000030517578,25.43000030517578,25.40999984741211,25.40999984741211,651,0.0,0.0
2023-02-07 13:30:00-05:00,25.44499969482422,25.44499969482422,25.388599395751953,25.388599395751953,2778,0.0,0.0
2023-02-07 14:30:00-05:00,25.38990020751953,25.389999389648438,25.3799991607666,25.3799991607666,1597,0.0,0.0
2023-02-08 09:30:00-05:00,25.469999313354492,25.469999313354492,25.469999313354492,25.469999313354492,0,0.0,0.0
2023-02-08 10:30:00-05:00,25.415000915527344,25.417999267578125,25.299999237060547,25.299999237060547,14564,0.0,0.0
2023-02-08 11:30:00-05:00,25.310199737548828,25.395000457763672,25.270000457763672,25.299999237060547,11018,0.0,0.0
2023-02-08 12:30:00-05:00,25.309999465942383,25.309999465942383,25.270000457763672,25.29159927368164,12482,0.0,0.0
2023-02-08 13:30:00-05:00,25.299999237060547,25.299999237060547,25.28499984741211,25.299999237060547,2174,0.0,0.0
2023-02-08 15:30:00-05:00,25.299999237060547,25.299999237060547,25.299999237060547,25.299999237060547,201,0.0,0.0
2023-02-09 09:30:00-05:00,25.3700008392334,25.3700008392334,25.270000457763672,25.280000686645508,0,0.0,0.0
2023-02-09 10:30:00-05:00,25.270000457763672,25.301000595092773,25.270000457763672,25.280000686645508,8211,0.0,0.0
2023-02-09 11:30:00-05:00,25.34000015258789,25.34000015258789,25.280000686645508,25.280000686645508,12982,0.0,0.0
2023-02-09 12:30:00-05:00,25.280000686645508,25.299999237060547,25.280000686645508,25.299999237060547,1200,0.0,0.0
2023-02-09 13:30:00-05:00,25.34000015258789,25.34000015258789,25.277999877929688,25.34000015258789,23586,0.0,0.0
2023-02-09 14:30:00-05:00,25.280000686645508,25.280399322509766,25.190000534057617,25.200000762939453,11356,0.0,0.0
2023-02-09 15:30:00-05:00,25.239999771118164,25.270000457763672,25.239999771118164,25.25,0,0.0,0.0
2023-02-10 11:30:00-05:00,25.270000457763672,25.270000457763672,25.270000457763672,25.270000457763672,230,0.0,0.0
2023-02-10 12:30:00-05:00,25.310100555419922,25.310800552368164,25.310100555419922,25.310800552368164,558,0.0,0.0
2023-02-10 13:30:00-05:00,25.276199340820312,25.28499984741211,25.276199340820312,25.28499984741211,378,0.0,0.0
2023-02-10 14:30:00-05:00,25.280000686645508,25.280000686645508,25.280000686645508,25.280000686645508,317,0.0,0.0
2023-02-10 15:30:00-05:00,25.28499984741211,25.28499984741211,25.28499984741211,25.28499984741211,400,0.0,0.0
2023-02-13 09:30:00-05:00,25.34000015258789,25.34000015258789,25.30500030517578,25.33799934387207,0,0.0,0.0
2023-02-13 10:30:00-05:00,25.270000457763672,25.270000457763672,25.270000457763672,25.270000457763672,200,0.0,0.0
2023-02-13 11:30:00-05:00,25.309999465942383,25.349000930786133,25.30120086669922,25.332500457763672,3800,0.0,0.0
2023-02-13 12:30:00-05:00,25.299999237060547,25.305999755859375,25.270000457763672,25.280500411987305,2304,0.0,0.0
2023-02-13 13:30:00-05:00,25.25,25.270000457763672,25.25,25.270000457763672,1350,0.0,0.0
2023-02-13 14:30:00-05:00,25.25,25.375999450683594,25.249900817871094,25.25,24490,0.0,0.0
2023-02-13 15:30:00-05:00,25.25,25.25,25.25,25.25,155,0.0,0.0
2023-02-14 09:30:00-05:00,25.059999465942383,25.059999465942383,25.01849937438965,25.059999465942383,8109,0.0,0.0
2023-02-14 10:30:00-05:00,25.1200008392334,25.139999389648438,25.1200008392334,25.1200008392334,1579,0.0,0.0
2023-02-14 11:30:00-05:00,25.115999221801758,25.139999389648438,25.09000015258789,25.09000015258789,1400,0.0,0.0
2023-02-14 12:30:00-05:00,25.1299991607666,25.139999389648438,25.1299991607666,25.1299991607666,755,0.0,0.0
2023-02-14 13:30:00-05:00,25.1299991607666,25.170000076293945,25.1299991607666,25.170000076293945,2450,0.0,0.0
2023-02-14 14:30:00-05:00,25.149999618530273,25.149999618530273,25.149999618530273,25.149999618530273,505,0.0,0.0
2023-02-14 15:30:00-05:00,25.139999389648438,25.170000076293945,25.139999389648438,25.170000076293945,700,0.0,0.0
2023-02-15 10:30:00-05:00,25.18000030517578,25.18000030517578,25.18000030517578,25.18000030517578,0,0.0,0.0
2023-02-15 14:30:00-05:00,25.170000076293945,25.190000534057617,25.170000076293945,25.190000534057617,1670,0.0,0.0
2023-02-15 15:30:00-05:00,25.15999984741211,25.15999984741211,25.149999618530273,25.149999618530273,600,0.0,0.0
2023-02-16 09:30:00-05:00,25.149999618530273,25.149999618530273,25.149999618530273,25.149999618530273,0,0.0,0.0
2023-02-16 10:30:00-05:00,25.099899291992188,25.099899291992188,25.099899291992188,25.099899291992188,234,0.0,0.0
2023-02-16 11:30:00-05:00,25.100000381469727,25.100000381469727,25.100000381469727,25.100000381469727,1041,0.0,0.0
2023-02-16 14:30:00-05:00,25.145000457763672,25.145000457763672,25.145000457763672,25.145000457763672,100,0.0,0.0
2023-02-16 15:30:00-05:00,25.110000610351562,25.110000610351562,25.100000381469727,25.100000381469727,1803,0.0,0.0
2023-02-17 09:30:00-05:00,25.110000610351562,25.110000610351562,25.091999053955078,25.091999053955078,0,0.0,0.0
2023-02-17 10:30:00-05:00,25.104999542236328,25.149999618530273,25.104999542236328,25.149999618530273,400,0.0,0.0
2023-02-17 11:30:00-05:00,25.158899307250977,25.158899307250977,25.110000610351562,25.110000610351562,200,0.0,0.0
2023-02-17 12:30:00-05:00,25.100000381469727,25.139999389648438,25.100000381469727,25.139999389648438,1435,0.0,0.0
2023-02-17 13:30:00-05:00,25.139999389648438,25.139999389648438,25.139999389648438,25.139999389648438,534,0.0,0.0
2023-02-21 09:30:00-05:00,25.100000381469727,25.1299991607666,25.079999923706055,25.1299991607666,0,0.0,0.0
2023-02-21 10:30:00-05:00,25.120800018310547,25.120800018310547,25.120800018310547,25.120800018310547,100,0.0,0.0
2023-02-21 11:30:00-05:00,25.1299991607666,25.1299991607666,25.1299991607666,25.1299991607666,500,0.0,0.0
2023-02-21 13:30:00-05:00,25.079999923706055,25.110000610351562,25.049999237060547,25.110000610351562,2339,0.0,0.0
2023-02-21 14:30:00-05:00,25.079999923706055,25.100000381469727,25.079999923706055,25.079999923706055,1200,0.0,0.0
2023-02-21 15:30:00-05:00,25.079999923706055,25.079999923706055,25.079999923706055,25.079999923706055,161,0.0,0.0
2023-02-22 09:30:00-05:00,25.100000381469727,25.100000381469727,25.040000915527344,25.040000915527344,0,0.0,0.0
2023-02-22 10:30:00-05:00,25.075000762939453,25.09000015258789,25.075000762939453,25.09000015258789,600,0.0,0.0
2023-02-22 11:30:00-05:00,25.08989906311035,25.08989906311035,25.070100784301758,25.07900047302246,960,0.0,0.0
2023-02-22 12:30:00-05:00,25.079999923706055,25.09000015258789,25.079999923706055,25.079999923706055,1210,0.0,0.0
2023-02-22 13:30:00-05:00,25.09000015258789,25.09000015258789,25.079999923706055,25.079999923706055,4596,0.0,0.0
2023-02-22 14:30:00-05:00,25.06599998474121,25.06599998474121,25.010000228881836,25.010000228881836,1670,0.0,0.0
2023-02-22 15:30:00-05:00,25.010000228881836,25.010000228881836,24.90999984741211,24.959999084472656,2604,0.0,0.0
2023-02-23 09:30:00-05:00,25.0,25.049999237060547,25.0,25.049999237060547,0,0.0,0.0
2023-02-23 10:30:00-05:00,25.049999237060547,25.078500747680664,25.049999237060547,25.078500747680664,980,0.0,0.0
2023-02-23 11:30:00-05:00,25.079999923706055,25.079999923706055,25.079999923706055,25.079999923706055,0,0.0,0.0
2023-02-23 12:30:00-05:00,25.049999237060547,25.06999969482422,25.049999237060547,25.06999969482422,4437,0.0,0.0
2023-02-23 13:30:00-05:00,25.079999923706055,25.09000015258789,25.045000076293945,25.079999923706055,1015,0.0,0.0
2023-02-23 14:30:00-05:00,25.100000381469727,25.100000381469727,25.100000381469727,25.100000381469727,697,0.0,0.0
2023-02-23 15:30:00-05:00,25.100000381469727,25.100000381469727,25.100000381469727,25.100000381469727,700,0.0,0.0
2023-02-24 09:30:00-05:00,25.100000381469727,25.100000381469727,25.100000381469727,25.100000381469727,0,0.0,0.0
2023-02-24 10:30:00-05:00,25.079999923706055,25.079999923706055,25.079999923706055,25.079999923706055,1050,0.0,0.0
2023-02-24 12:30:00-05:00,25.079999923706055,25.09000015258789,25.059999465942383,25.09000015258789,1059,0.0,0.0
2023-02-24 14:30:00-05:00,25.09000015258789,25.09000015258789,25.09000015258789,25.09000015258789,309,0.0,0.0
2023-02-24 15:30:00-05:00,25.05500030517578,25.05500030517578,25.05500030517578,25.05500030517578,160,0.0,0.0
2023-02-27 09:30:00-05:00,25.100000381469727,25.149999618530273,25.059999465942383,25.149999618530273,150,0.0,0.0
2023-02-27 10:30:00-05:00,25.09000015258789,25.15999984741211,25.09000015258789,25.15999984741211,751,0.0,0.0
2023-02-27 11:30:00-05:00,25.100000381469727,25.100000381469727,25.030000686645508,25.06999969482422,1641,0.0,0.0
2023-02-27 13:30:00-05:00,25.179899215698242,25.179899215698242,25.084999084472656,25.100000381469727,7179,0.0,0.0
2023-02-27 14:30:00-05:00,25.100000381469727,25.100000381469727,25.06999969482422,25.100000381469727,3013,0.0,0.0
2023-02-27 15:30:00-05:00,25.079999923706055,25.100000381469727,25.059999465942383,25.100000381469727,0,0.0,0.0
2023-02-28 09:30:00-05:00,25.100000381469727,25.100000381469727,25.100000381469727,25.100000381469727,270,0.0,0.0
2023-02-28 10:30:00-05:00,25.083499908447266,25.096399307250977,25.079999923706055,25.09000015258789,1739,0.0,0.0
2023-02-28 11:30:00-05:00,25.079999923706055,25.11400032043457,25.079999923706055,25.110000610351562,2130,0.0,0.0
2023-02-28 12:30:00-05:00,25.179899215698242,25.179899215698242,25.100000381469727,25.110000610351562,2043,0.0,0.0
2023-02-28 13:30:00-05:00,25.049999237060547,25.079700469970703,25.020000457763672,25.030000686645508,8655,0.0,0.0
2023-02-28 14:30:00-05:00,25.030000686645508,25.030000686645508,25.010000228881836,25.020000457763672,6890,0.0,0.0
2023-02-28 15:30:00-05:00,25.010000228881836,25.170000076293945,25.010000228881836,25.010000228881836,0,0.0,0.0
2023-03-01 09:30:00-05:00,25.030000686645508,25.030000686645508,25.010000228881836,25.010000228881836,3883,0.0,0.0
2023-03-01 10:30:00-05:00,24.959999084472656,24.959999084472656,24.945600509643555,24.945600509643555,789,0.0,0.0
2023-03-01 11:30:00-05:00,24.950000762939453,25.09000015258789,24.950000762939453,25.079999923706055,1988,0.0,0.0
2023-03-01 12:30:00-05:00,25.045000076293945,25.06999969482422,25.045000076293945,25.06999969482422,618,0.0,0.0
2023-03-01 13:30:00-05:00,25.073999404907227,25.073999404907227,25.06999969482422,25.06999969482422,379,0.0,0.0
2023-03-01 14:30:00-05:00,25.06999969482422,25.06999969482422,24.979999542236328,25.040000915527344,2222,0.0,0.0
2023-03-01 15:30:00-05:00,25.036800384521484,25.036800384521484,24.979999542236328,24.979999542236328,900,0.0,0.0
2023-03-02 09:30:00-05:00,25.0,25.047199249267578,24.979999542236328,24.979999542236328,0,0.0,0.0
2023-03-02 10:30:00-05:00,25.030000686645508,25.030000686645508,25.030000686645508,25.030000686645508,200,0.0,0.0
2023-03-02 11:30:00-05:00,25.039600372314453,25.049999237060547,25.010000228881836,25.049999237060547,632,0.0,0.0
2023-03-02 12:30:00-05:00,25.020000457763672,25.049999237060547,25.020000457763672,25.040000915527344,717,0.0,0.0
2023-03-02 14:30:00-05:00,25.055999755859375,25.079999923706055,25.055999755859375,25.079999923706055,800,0.0,0.0
2023-03-02 15:30:00-05:00,25.06999969482422,25.06999969482422,25.04199981689453,25.04199981689453,1000,0.0,0.0
2023-03-03 09:30:00-05:00,25.079999923706055,25.114999771118164,25.079999923706055,25.114999771118164,0,0.0,0.0
2023-03-03 10:30:00-05:00,25.079999923706055,25.091999053955078,25.06999969482422,25.06999969482422,1907,0.0,0.0
2023-03-03 11:30:00-05:00,25.06999969482422,25.06999969482422,25.0,25.0,2201,0.0,0.0
2023-03-03 12:30:00-05:00,25.100000381469727,25.100000381469727,25.100000381469727,25.100000381469727,600,0.0,0.0
2023-03-03 13:30:00-05:00,25.06999969482422,25.100000381469727,25.06999969482422,25.08690071105957,2961,0.0,0.0
2023-03-03 14:30:00-05:00,25.100000381469727,25.100000381469727,25.095500946044922,25.095500946044922,2950,0.0,0.0
2023-03-03 15:30:00-05:00,25.104999542236328,25.110000610351562,25.100000381469727,25.110000610351562,858,0.0,0.0
2023-03-06 09:30:00-05:00,25.15999984741211,25.15999984741211,25.1299991607666,25.15999984741211,0,0.0,0.0
2023-03-06 10:30:00-05:00,25.18000030517578,25.18000030517578,25.150800704956055,25.18000030517578,1301,0.0,0.0
2023-03-06 11:30:00-05:00,25.18000030517578,25.200000762939453,25.150100708007812,25.15999984741211,3741,0.0,0.0
2023-03-06 12:30:00-05:00,25.149999618530273,25.229999542236328,25.149999618530273,25.15999984741211,2410,0.0,0.0
2023-03-06 13:30:00-05:00,25.181800842285156,25.181800842285156,25.040000915527344,25.040000915527344,5044,0.0,0.0
2023-03-06 14:30:00-05:00,25.040000915527344,25.040000915527344,25.0,25.0,5113,0.0,0.0
2023-03-06 15:30:00-05:00,24.999900817871094,24.999900817871094,24.959999084472656,24.979999542236328,3070,0.0,0.0
2023-03-07 09:30:00-05:00,24.979999542236328,25.059999465942383,24.979999542236328,25.03499984741211,0,0.0,0.0
2023-03-07 10:30:00-05:00,25.040000915527344,25.045000076293945,25.020000457763672,25.045000076293945,2170,0.0,0.0
2023-03-07 11:30:00-05:00,25.020000457763672,25.020000457763672,25.020000457763672,25.020000457763672,1000,0.0,0.0
2023-03-07 12:30:00-05:00,25.020000457763672,25.020000457763672,25.020000457763672,25.020000457763672,880,0.0,0.0
2023-03-07 13:30:00-05:00,25.020000457763672,25.020000457763672,24.959999084472656,24.959999084472656,8528,0.0,0.0
2023-03-07 14:30:00-05:00,24.992000579833984,25.0,24.967599868774414,24.969999313354492,2335,0.0,0.0
2023-03-07 15:30:00-05:00,24.969999313354492,24.969999313354492,24.959999084472656,24.959999084472656,320,0.0,0.0
2023-03-08 09:30:00-05:00,25.0,25.0,24.830400466918945,24.959999084472656,0,0.0,0.0
2023-03-08 10:30:00-05:00,25.0,25.039899826049805,24.959999084472656,24.959999084472656,5661,0.0,0.0
2023-03-08 11:30:00-05:00,24.959999084472656,25.040000915527344,24.959999084472656,25.020000457763672,2039,0.0,0.0
2023-03-08 14:30:00-05:00,25.040000915527344,25.049999237060547,25.022600173950195,25.024999618530273,1100,0.0,0.0
2023-03-08 15:30:00-05:00,25.049999237060547,25.049999237060547,25.049999237060547,25.049999237060547,100,0.0,0.0
2023-03-09 09:30:00-05:00,25.0,25.040000915527344,25.0,25.0,0,0.0,0.0
2023-03-09 10:30:00-05:00,25.039899826049805,25.039899826049805,25.025800704956055,25.025800704956055,333,0.0,0.0
2023-03-09 11:30:00-05:00,25.0,25.020000457763672,25.0,25.0,1180,0.0,0.0
2023-03-09 12:30:00-05:00,25.020000457763672,25.040000915527344,25.020000457763672,25.040000915527344,1635,0.0,0.0
2023-03-09 13:30:00-05:00,25.030000686645508,25.030000686645508,25.0,25.00629997253418,3081,0.0,0.0
2023-03-09 14:30:00-05:00,25.006399154663086,25.020000457763672,25.0,25.0,1500,0.0,0.0
2023-03-09 15:30:00-05:00,25.02989959716797,25.030000686645508,25.0,25.0,6092,0.0,0.0
2023-03-10 09:30:00-05:00,25.030000686645508,25.030000686645508,24.808300018310547,24.808300018310547,0,0.0,0.0
2023-03-10 10:30:00-05:00,24.770099639892578,24.850000381469727,24.770099639892578,24.84000015258789,2750,0.0,0.0
2023-03-10 11:30:00-05:00,24.829999923706055,24.829999923706055,24.770000457763672,24.829999923706055,727,0.0,0.0
2023-03-10 12:30:00-05:00,24.780000686645508,24.829999923706055,24.5,24.520000457763672,6390,0.0,0.0
2023-03-10 13:30:00-05:00,24.850000381469727,24.850000381469727,24.68440055847168,24.68440055847168,1400,0.0,0.0
2023-03-10 14:30:00-05:00,24.75,24.75,24.549999237060547,24.75,1415,0.0,0.0
2023-03-13 09:30:00-04:00,25.020000457763672,25.020000457763672,23.650299072265625,24.18000030517578,1521,0.0,0.0
2023-03-13 10:30:00-04:00,24.170000076293945,24.200000762939453,24.100000381469727,24.200000762939453,7051,0.0,0.0
2023-03-13 11:30:00-04:00,24.15999984741211,24.350000381469727,24.0,24.156999588012695,6400,0.0,0.0
2023-03-13 12:30:00-04:00,24.190000534057617,24.274999618530273,24.0,24.010000228881836,7585,0.0,0.0
2023-03-13 13:30:00-04:00,24.158899307250977,24.5,24.05500030517578,24.100000381469727,3968,0.0,0.0
2023-03-13 14:30:00-04:00,24.100000381469727,24.100000381469727,24.014999389648438,24.014999389648438,992,0.0,0.0
2023-03-13 15:30:00-04:00,24.010000228881836,24.010000228881836,23.854999542236328,23.90999984741211,4155,0.0,0.0
2023-03-14 09:30:00-04:00,24.610000610351562,24.6299991607666,24.06999969482422,24.100000381469727,1810,0.0,0.0
2023-03-14 10:30:00-04:00,24.149999618530273,24.399999618530273,24.149999618530273,24.399999618530273,533,0.0,0.0
2023-03-14 11:30:00-04:00,24.399999618530273,24.399999618530273,23.950199127197266,24.0,10233,0.0,0.0
2023-03-14 12:30:00-04:00,24.0,24.0,24.0,24.0,1318,0.0,0.0
2023-03-14 13:30:00-04:00,24.165000915527344,24.165000915527344,24.0,24.0,2078,0.0,0.0
2023-03-14 14:30:00-04:00,24.072999954223633,24.100000381469727,23.959999084472656,23.959999084472656,1464,0.0,0.0
2023-03-14 15:30:00-04:00,24.083200454711914,24.100000381469727,24.045000076293945,24.045000076293945,1404,0.0,0.0
2023-03-15 09:30:00-04:00,24.0,24.0,24.0,24.0,0,0.0,0.0
2023-03-15 11:30:00-04:00,24.170000076293945,24.200000762939453,23.850099563598633,23.850099563598633,2072,0.0,0.0
2023-03-15 12:30:00-04:00,24.170000076293945,24.170000076293945,24.06999969482422,24.06999969482422,483,0.0,0.0
2023-03-15 13:30:00-04:00,24.040599822998047,24.040599822998047,23.959999084472656,23.959999084472656,1548,0.0,0.0
2023-03-15 15:30:00-04:00,23.959999084472656,23.959999084472656,23.93000030517578,23.93000030517578,705,0.0,0.0
2023-03-16 09:30:00-04:00,23.989999771118164,24.0,23.809999465942383,23.905000686645508,0,0.0,0.0
2023-03-16 10:30:00-04:00,23.899999618530273,24.030000686645508,23.889999389648438,24.0,4609,0.0,0.0
2023-03-16 11:30:00-04:00,24.329999923706055,24.360000610351562,24.290000915527344,24.360000610351562,923,0.0,0.0
2023-03-16 12:30:00-04:00,24.34000015258789,24.561500549316406,24.329999923706055,24.440000534057617,948,0.0,0.0
2023-03-16 13:30:00-04:00,24.094999313354492,24.094999313354492,24.094999313354492,24.094999313354492,100,0.0,0.0
2023-03-16 14:30:00-04:00,24.200000762939453,24.200000762939453,24.200000762939453,24.200000762939453,100,0.0,0.0
2023-03-17 09:30:00-04:00,24.229999542236328,24.344999313354492,24.154699325561523,24.154699325561523,0,0.0,0.0
2023-03-17 10:30:00-04:00,24.049999237060547,24.100000381469727,24.049999237060547,24.049999237060547,3704,0.0,0.0
2023-03-17 11:30:00-04:00,24.225000381469727,24.350000381469727,24.049999237060547,24.049999237060547,2350,0.0,0.0
2023-03-17 12:30:00-04:00,24.25,24.25,24.25,24.25,209,0.0,0.0
2023-03-17 14:30:00-04:00,24.030000686645508,24.142000198364258,23.750099182128906,23.85759925842285,3661,0.0,0.0
2023-03-17 15:30:00-04:00,24.056100845336914,24.056100845336914,23.860000610351562,23.860000610351562,1150,0.0,0.0
2023-03-20 09:30:00-04:00,24.149999618530273,24.188499450683594,24.139999389648438,24.149999618530273,0,0.0,0.0
2023-03-20 10:30:00-04:00,24.040800094604492,24.149999618530273,24.040800094604492,24.149999618530273,690,0.0,0.0
2023-03-20 14:30:00-04:00,24.100000381469727,24.100000381469727,23.850000381469727,24.0049991607666,550,0.0,0.0
2023-03-20 15:30:00-04:00,23.8799991607666,23.8799991607666,23.8799991607666,23.8799991607666,150,0.0,0.0
2023-03-21 09:30:00-04:00,23.979999542236328,24.2450008392334,23.979999542236328,24.0,0,0.0,0.0
2023-03-21 10:30:00-04:00,24.204999923706055,24.209999084472656,24.149999618530273,24.1924991607666,1310,0.0,0.0
2023-03-21 11:30:00-04:00,24.0,24.1200008392334,24.0,24.049999237060547,2058,0.0,0.0
2023-03-21 12:30:00-04:00,24.183300018310547,24.183300018310547,24.183300018310547,24.183300018310547,575,0.0,0.0
2023-03-21 13:30:00-04:00,24.249900817871094,24.249900817871094,24.0,24.0,6285,0.0,0.0
2023-03-21 15:30:00-04:00,24.0,24.0,23.989999771118164,24.0,1344,0.0,0.0
2023-03-22 09:30:00-04:00,24.135000228881836,24.135000228881836,24.135000228881836,24.135000228881836,0,0.0,0.0
2023-03-22 11:30:00-04:00,24.229999542236328,24.229999542236328,24.229999542236328,24.229999542236328,225,0.0,0.0
2023-03-22 12:30:00-04:00,24.149999618530273,24.25,24.149999618530273,24.25,1336,0.0,0.0
2023-03-22 15:30:00-04:00,24.20009994506836,24.479999542236328,24.20009994506836,24.479999542236328,1300,0.0,0.0
2023-03-23 09:30:00-04:00,24.334999084472656,24.43000030517578,24.334999084472656,24.43000030517578,0,0.0,0.0
2023-03-23 11:30:00-04:00,24.399999618530273,24.43000030517578,24.170000076293945,24.170000076293945,4022,0.0,0.0
2023-03-23 12:30:00-04:00,24.1299991607666,24.1299991607666,24.079999923706055,24.079999923706055,3388,0.0,0.0
2023-03-23 13:30:00-04:00,24.079999923706055,24.149999618530273,24.079999923706055,24.149999618530273,1328,0.0,0.0
2023-03-23 14:30:00-04:00,24.149999618530273,24.149999618530273,24.149999618530273,24.149999618530273,400,0.0,0.0
2023-03-23 15:30:00-04:00,24.059999465942383,24.40999984741211,24.059999465942383,24.40999984741211,1800,0.0,0.0
2023-03-24 09:30:00-04:00,24.0,24.0,23.850000381469727,23.890499114990234,0,0.0,0.0
2023-03-24 10:30:00-04:00,23.924999237060547,24.189199447631836,23.924999237060547,24.110000610351562,9625,0.0,0.0
2023-03-24 11:30:00-04:00,24.420000076293945,24.420000076293945,24.350000381469727,24.389999389648438,1710,0.0,0.0
2023-03-24 12:30:00-04:00,24.059999465942383,24.100000381469727,23.899999618530273,24.100000381469727,11014,0.0,0.0
2023-03-24 14:30:00-04:00,24.06800079345703,24.100000381469727,24.06800079345703,24.100000381469727,797,0.0,0.0
2023-03-27 09:30:00-04:00,24.170000076293945,24.260000228881836,24.149999618530273,24.260000228881836,0,0.0,0.0
2023-03-27 10:30:00-04:00,24.16010093688965,24.3799991607666,24.16010093688965,24.3799991607666,545,0.0,0.0
2023-03-27 11:30:00-04:00,24.270000457763672,24.270000457763672,24.270000457763672,24.270000457763672,408,0.0,0.0
2023-03-27 12:30:00-04:00,24.350000381469727,24.350000381469727,24.350000381469727,24.350000381469727,255,0.0,0.0
2023-03-27 13:30:00-04:00,24.299999237060547,24.299999237060547,24.299999237060547,24.299999237060547,200,0.0,0.0
2023-03-27 14:30:00-04:00,24.209999084472656,24.299699783325195,24.150100708007812,24.264999389648438,1289,0.0,0.0
2023-03-28 09:30:00-04:00,24.264999389648438,24.3799991607666,24.264999389648438,24.3799991607666,0,0.0,0.0
2023-03-28 11:30:00-04:00,24.34000015258789,24.34320068359375,24.170000076293945,24.34320068359375,700,0.0,0.0
2023-03-28 12:30:00-04:00,24.360000610351562,24.360000610351562,24.149999618530273,24.209999084472656,1515,0.0,0.0
2023-03-28 13:30:00-04:00,24.261999130249023,24.261999130249023,24.100000381469727,24.100000381469727,1200,0.0,0.0
2023-03-28 14:30:00-04:00,24.100000381469727,24.100000381469727,24.100000381469727,24.100000381469727,2230,0.0,0.0
2023-03-28 15:30:00-04:00,24.350000381469727,24.350000381469727,24.350000381469727,24.350000381469727,300,0.0,0.0
2023-03-29 09:30:00-04:00,24.34000015258789,24.34000015258789,24.020000457763672,24.1200008392334,0,0.0,0.0
2023-03-29 10:30:00-04:00,24.3799991607666,24.3799991607666,24.3799991607666,24.3799991607666,800,0.0,0.0
2023-03-29 11:30:00-04:00,24.3700008392334,24.3799991607666,24.3700008392334,24.3799991607666,400,0.0,0.0
2023-03-29 12:30:00-04:00,24.360000610351562,24.360000610351562,24.332700729370117,24.332700729370117,450,0.0,0.0
2023-03-29 13:30:00-04:00,24.315000534057617,24.469999313354492,24.299999237060547,24.420000076293945,3510,0.0,0.0
2023-03-30 11:30:00-04:00,24.399999618530273,24.399999618530273,24.399999618530273,24.399999618530273,77,0.0,0.0
2023-03-30 14:30:00-04:00,24.360000610351562,24.360000610351562,24.360000610351562,24.360000610351562,366,0.0,0.0
2023-03-30 15:30:00-04:00,24.329999923706055,24.389999389648438,24.31999969482422,24.389999389648438,865,0.0,0.0
2023-03-31 09:30:00-04:00,24.389999389648438,24.389999389648438,24.389999389648438,24.389999389648438,0,0.0,0.0
2023-03-31 11:30:00-04:00,24.1200008392334,24.219999313354492,24.1200008392334,24.219999313354492,807,0.0,0.0
2023-03-31 12:30:00-04:00,24.219999313354492,24.219999313354492,24.200000762939453,24.200000762939453,470,0.0,0.0
2023-03-31 13:30:00-04:00,24.219999313354492,24.3799991607666,24.219999313354492,24.350000381469727,749,0.0,0.0
2023-03-31 14:30:00-04:00,24.350000381469727,24.389999389648438,24.290000915527344,24.3799991607666,3261,0.0,0.0
2023-03-31 15:30:00-04:00,24.3799991607666,24.479999542236328,24.3799991607666,24.479999542236328,3368,0.0,0.0
2023-04-03 09:30:00-04:00,24.25,24.25,24.239999771118164,24.25,5396,0.0,0.0
2023-04-03 10:30:00-04:00,24.25,24.260000228881836,24.239999771118164,24.239999771118164,2437,0.0,0.0
2023-04-03 11:30:00-04:00,24.239999771118164,24.239999771118164,24.239999771118164,24.239999771118164,491,0.0,0.0
2023-04-03 12:30:00-04:00,24.15999984741211,24.264999389648438,24.149999618530273,24.170000076293945,6885,0.0,0.0
2023-04-03 14:30:00-04:00,24.3799991607666,24.3799991607666,24.3799991607666,24.3799991607666,640,0.0,0.0
2023-04-03 15:30:00-04:00,24.149999618530273,24.149999618530273,24.149999618530273,24.149999618530273,120,0.0,0.0
2023-04-04 09:30:00-04:00,24.25,24.25,24.149999618530273,24.149999618530273,0,0.0,0.0
2023-04-04 10:30:00-04:00,24.200000762939453,24.200000762939453,24.200000762939453,24.200000762939453,320,0.0,0.0
2023-04-04 11:30:00-04:00,24.149999618530273,24.200000762939453,24.149999618530273,24.200000762939453,2224,0.0,0.0
2023-04-04 12:30:00-04:00,24.219999313354492,24.219999313354492,24.200000762939453,24.200000762939453,290,0.0,0.0
2023-04-04 13:30:00-04:00,24.43000030517578,24.43000030517578,24.43000030517578,24.43000030517578,0,0.0,0.0
2023-04-04 14:30:00-04:00,24.450000762939453,24.450000762939453,24.450000762939453,24.450000762939453,7098,0.0,0.0
2023-04-04 15:30:00-04:00,24.270000457763672,24.270000457763672,24.25,24.25,1025,0.0,0.0
2023-04-05 10:30:00-04:00,24.25,24.25,24.25,24.25,0,0.0,0.0
2023-04-05 11:30:00-04:00,24.479999542236328,24.479999542236328,24.479999542236328,24.479999542236328,319,0.0,0.0
2023-04-05 13:30:00-04:00,24.479900360107422,24.479900360107422,24.34000015258789,24.34000015258789,300,0.0,0.0
2023-04-05 14:30:00-04:00,24.399999618530273,24.479999542236328,24.290000915527344,24.290000915527344,956,0.0,0.0
2023-04-05 15:30:00-04:00,24.19070053100586,24.19070053100586,24.19070053100586,24.19070053100586,600,0.0,0.0
2023-04-06 09:30:00-04:00,24.440000534057617,24.440000534057617,24.440000534057617,24.440000534057617,0,0.0,0.0
2023-04-06 11:30:00-04:00,24.3799991607666,24.389999389648438,24.3799991607666,24.389999389648438,319,0.0,0.0
2023-04-06 14:30:00-04:00,24.209999084472656,24.209999084472656,24.209999084472656,24.209999084472656,298,0.0,0.0
2023-04-10 09:30:00-04:00,24.258499145507812,24.258499145507812,24.237499237060547,24.237499237060547,0,0.0,0.0
2023-04-10 10:30:00-04:00,24.399999618530273,24.399999618530273,24.399999618530273,24.399999618530273,250,0.0,0.0
2023-04-10 11:30:00-04:00,24.219999313354492,24.299999237060547,24.200000762939453,24.245899200439453,4193,0.0,0.0
2023-04-10 12:30:00-04:00,24.260000228881836,24.260000228881836,24.149999618530273,24.149999618530273,5647,0.0,0.0
2023-04-10 13:30:00-04:00,24.15999984741211,24.25,24.149999618530273,24.185199737548828,6200,0.0,0.0
2023-04-10 14:30:00-04:00,24.149999618530273,24.149999618530273,24.0,24.139999389648438,8530,0.0,0.0
2023-04-10 15:30:00-04:00,24.0,24.309999465942383,24.0,24.309999465942383,1630,0.0,0.0
2023-04-11 09:30:00-04:00,24.200000762939453,24.299999237060547,24.200000762939453,24.290000915527344,0,0.0,0.0
2023-04-11 10:30:00-04:00,24.200000762939453,24.280000686645508,24.100000381469727,24.280000686645508,5654,0.0,0.0
2023-04-11 11:30:00-04:00,24.204999923706055,24.204999923706055,24.204999923706055,24.204999923706055,100,0.0,0.0
2023-04-11 12:30:00-04:00,24.1200008392334,24.260000228881836,24.110000610351562,24.260000228881836,900,0.0,0.0
2023-04-11 13:30:00-04:00,24.290000915527344,24.290000915527344,24.204999923706055,24.204999923706055,401,0.0,0.0
2023-04-11 14:30:00-04:00,24.110000610351562,24.110000610351562,24.059999465942383,24.099300384521484,2298,0.0,0.0
2023-04-11 15:30:00-04:00,24.079999923706055,24.120899200439453,24.059999465942383,24.120899200439453,2048,0.0,0.0
2023-04-12 09:30:00-04:00,24.1299991607666,24.18670082092285,24.100000381469727,24.100000381469727,0,0.0,0.0
2023-04-12 10:30:00-04:00,24.100000381469727,24.200000762939453,24.100000381469727,24.125,4805,0.0,0.0
2023-04-12 11:30:00-04:00,24.049999237060547,24.110700607299805,24.049999237060547,24.110700607299805,1100,0.0,0.0
2023-04-12 12:30:00-04:00,24.059999465942383,24.059999465942383,24.059999465942383,24.059999465942383,200,0.0,0.0
2023-04-12 13:30:00-04:00,24.200000762939453,24.200000762939453,24.200000762939453,24.200000762939453,400,0.0,0.0
2023-04-12 14:30:00-04:00,24.18000030517578,24.18000030517578,24.18000030517578,24.18000030517578,328,0.0,0.0
2023-04-13 10:30:00-04:00,24.200000762939453,24.200000762939453,24.190000534057617,24.190000534057617,426,0.0,0.0
2023-04-13 12:30:00-04:00,24.149999618530273,24.149999618530273,24.149999618530273,24.149999618530273,100,0.0,0.0
2023-04-13 13:30:00-04:00,24.200000762939453,24.299999237060547,24.18000030517578,24.18000030517578,3979,0.0,0.0
2023-04-13 14:30:00-04:00,24.1299991607666,24.190000534057617,24.110000610351562,24.190000534057617,1746,0.0,0.0
2023-04-14 09:30:00-04:00,24.170000076293945,24.270000457763672,24.0,24.0,0,0.0,0.0
2023-04-14 10:30:00-04:00,24.06999969482422,24.139999389648438,23.950000762939453,24.139999389648438,2435,0.0,0.0
2023-04-14 12:30:00-04:00,24.1299991607666,24.149999618530273,24.1299991607666,24.139999389648438,1000,0.0,0.0
2023-04-14 13:30:00-04:00,24.1299991607666,24.15999984741211,24.1299991607666,24.1299991607666,700,0.0,0.0
2023-04-14 14:30:00-04:00,24.049999237060547,24.049999237060547,24.049999237060547,24.049999237060547,202,0.0,0.0
2023-04-14 15:30:00-04:00,24.02400016784668,24.075000762939453,23.899999618530273,24.059999465942383,2103,0.0,0.0
2023-04-17 09:30:00-04:00,24.010000228881836,24.038400650024414,24.0,24.0,0,0.0,0.0
2023-04-17 10:30:00-04:00,24.114999771118164,24.229999542236328,24.040000915527344,24.229999542236328,1587,0.0,0.0
2023-04-17 11:30:00-04:00,24.209999084472656,24.209999084472656,24.0,24.0,2504,0.0,0.0
2023-04-17 12:30:00-04:00,24.0,24.020000457763672,24.0,24.020000457763672,654,0.0,0.0
2023-04-17 13:30:00-04:00,24.079999923706055,24.110000610351562,24.079999923706055,24.079999923706055,786,0.0,0.0
2023-04-17 14:30:00-04:00,24.170000076293945,24.18000030517578,24.170000076293945,24.18000030517578,361,0.0,0.0
2023-04-18 09:30:00-04:00,24.18000030517578,24.190000534057617,24.18000030517578,24.190000534057617,1136,0.0,0.0
2023-04-18 10:30:00-04:00,24.189899444580078,24.189899444580078,24.189899444580078,24.189899444580078,181,0.0,0.0
2023-04-18 11:30:00-04:00,24.104999542236328,24.195999145507812,24.104999542236328,24.149999618530273,955,0.0,0.0
2023-04-18 13:30:00-04:00,24.190000534057617,24.190000534057617,24.190000534057617,24.190000534057617,201,0.0,0.0
2023-04-18 14:30:00-04:00,24.209999084472656,24.209999084472656,24.209999084472656,24.209999084472656,300,0.0,0.0
2023-04-18 15:30:00-04:00,24.270000457763672,24.27079963684082,24.25,24.25,1046,0.0,0.0
2023-04-19 09:30:00-04:00,24.131000518798828,24.229999542236328,24.020000457763672,24.229999542236328,0,0.0,0.0
2023-04-19 10:30:00-04:00,24.079999923706055,24.139999389648438,24.079999923706055,24.139999389648438,2001,0.0,0.0
2023-04-19 12:30:00-04:00,24.239999771118164,24.239999771118164,24.239999771118164,24.239999771118164,234,0.0,0.0
2023-04-19 13:30:00-04:00,24.239999771118164,24.239999771118164,24.020000457763672,24.020000457763672,709,0.0,0.0
2023-04-19 14:30:00-04:00,24.200700759887695,24.229999542236328,24.200700759887695,24.229999542236328,200,0.0,0.0
2023-04-19 15:30:00-04:00,24.239999771118164,24.320600509643555,24.219999313354492,24.219999313354492,1198,0.0,0.0
2023-04-20 09:30:00-04:00,24.334999084472656,24.334999084472656,24.299999237060547,24.299999237060547,0,0.0,0.0
2023-04-20 10:30:00-04:00,24.31999969482422,24.3700008392334,24.31999969482422,24.3700008392334,650,0.0,0.0
2023-04-20 11:30:00-04:00,24.420000076293945,24.420000076293945,24.299999237060547,24.3700008392334,1795,0.0,0.0
2023-04-20 12:30:00-04:00,24.309999465942383,24.32110023498535,24.299999237060547,24.32110023498535,450,0.0,0.0
2023-04-20 13:30:00-04:00,24.3700008392334,24.440000534057617,24.331899642944336,24.440000534057617,1500,0.0,0.0
2023-04-20 14:30:00-04:00,24.440000534057617,24.489999771118164,24.2716007232666,24.2716007232666,2304,0.0,0.0
2023-04-20 15:30:00-04:00,24.440000534057617,24.440000534057617,24.440000534057617,24.440000534057617,300,0.0,0.0
2023-04-21 09:30:00-04:00,24.350000381469727,24.3700008392334,24.350000381469727,24.360000610351562,0,0.0,0.0
2023-04-21 11:30:00-04:00,24.489999771118164,24.489999771118164,24.469999313354492,24.469999313354492,1731,0.0,0.0
2023-04-21 12:30:00-04:00,24.479999542236328,24.489999771118164,24.471200942993164,24.489999771118164,2661,0.0,0.0
2023-04-21 13:30:00-04:00,24.489999771118164,24.579999923706055,24.25,24.25,4756,0.0,0.0
2023-04-21 14:30:00-04:00,24.5,24.5,24.299999237060547,24.31999969482422,825,0.0,0.0
2023-04-21 15:30:00-04:00,24.399999618530273,24.399999618530273,24.3799991607666,24.3799991607666,0,0.0,0.0
2023-04-24 09:30:00-04:00,24.329999923706055,24.43000030517578,24.329999923706055,24.399999618530273,1333,0.0,0.0
2023-04-24 10:30:00-04:00,24.309999465942383,24.479999542236328,24.309999465942383,24.479999542236328,0,0.0,0.0
2023-04-24 12:30:00-04:00,24.479999542236328,24.479999542236328,24.479999542236328,24.479999542236328,0,0.0,0.0
2023-04-24 13:30:00-04:00,24.479999542236328,24.479999542236328,24.479999542236328,24.479999542236328,2285,0.0,0.0
2023-04-24 15:30:00-04:00,24.479999542236328,24.549999237060547,24.479999542236328,24.479999542236328,0,0.0,0.0
2023-04-25 09:30:00-04:00,24.56999969482422,24.579999923706055,24.5,24.579999923706055,0,0.0,0.0
2023-04-25 10:30:00-04:00,24.610000610351562,24.639999389648438,24.510000228881836,24.549999237060547,4685,0.0,0.0
2023-04-25 11:30:00-04:00,24.6299991607666,24.6299991607666,24.6200008392334,24.6200008392334,0,0.0,0.0
2023-04-25 12:30:00-04:00,24.594999313354492,24.6200008392334,24.594999313354492,24.608999252319336,6831,0.0,0.0
2023-04-25 13:30:00-04:00,24.559999465942383,24.559999465942383,24.309999465942383,24.559999465942383,2978,0.0,0.0
2023-04-25 14:30:00-04:00,24.510000228881836,24.6200008392334,24.309999465942383,24.600000381469727,7700,0.0,0.0
2023-04-25 15:30:00-04:00,24.329999923706055,24.46500015258789,24.329999923706055,24.46500015258789,1265,0.0,0.0
2023-04-26 09:30:00-04:00,24.399999618530273,24.579999923706055,24.309999465942383,24.399999618530273,0,0.0,0.0
2023-04-26 10:30:00-04:00,24.46500015258789,24.540000915527344,24.309999465942383,24.540000915527344,10457,0.0,0.0
2023-04-26 11:30:00-04:00,24.329999923706055,24.410400390625,24.190000534057617,24.309999465942383,5912,0.0,0.0
2023-04-26 12:30:00-04:00,24.27630043029785,24.27630043029785,24.149999618530273,24.27630043029785,2502,0.0,0.0
2023-04-26 13:30:00-04:00,24.530000686645508,24.530000686645508,24.150100708007812,24.150100708007812,765,0.0,0.0
2023-04-26 14:30:00-04:00,24.149999618530273,24.290000915527344,24.0,24.139999389648438,10529,0.0,0.0
2023-04-26 15:30:00-04:00,24.090700149536133,24.17060089111328,24.020000457763672,24.100000381469727,3900,0.0,0.0
2023-04-27 09:30:00-04:00,24.040000915527344,24.040000915527344,24.0,24.0,0,0.0,0.0
2023-04-27 10:30:00-04:00,24.25,24.25,24.25,24.25,300,0.0,0.0
2023-04-27 11:30:00-04:00,24.204200744628906,24.204200744628906,24.18000030517578,24.18000030517578,440,0.0,0.0
2023-04-27 13:30:00-04:00,24.260000228881836,24.260000228881836,24.260000228881836,24.260000228881836,0,0.0,0.0
2023-04-27 15:30:00-04:00,24.260000228881836,24.274999618530273,24.219999313354492,24.270000457763672,6567,0.0,0.0
2023-04-28 09:30:00-04:00,24.149999618530273,24.350000381469727,24.149999618530273,24.18000030517578,0,0.0,0.0
2023-04-28 10:30:00-04:00,24.149999618530273,24.149999618530273,24.149999618530273,24.149999618530273,111,0.0,0.0
2023-04-28 11:30:00-04:00,24.3700008392334,24.3700008392334,24.3700008392334,24.3700008392334,0,0.0,0.0
2023-04-28 12:30:00-04:00,24.31999969482422,24.3700008392334,24.31999969482422,24.3700008392334,5199,0.0,0.0
2023-04-28 13:30:00-04:00,24.318599700927734,24.318599700927734,24.260000228881836,24.260000228881836,1577,0.0,0.0
2023-04-28 14:30:00-04:00,24.350000381469727,24.3700008392334,24.350000381469727,24.3700008392334,2279,0.0,0.0
2023-04-28 15:30:00-04:00,24.3700008392334,24.405000686645508,24.3700008392334,24.3700008392334,2594,0.0,0.0
2023-05-01 09:30:00-04:00,24.440000534057617,24.440000534057617,24.440000534057617,24.440000534057617,0,0.0,0.0
2023-05-01 10:30:00-04:00,24.509899139404297,24.509899139404297,24.509899139404297,24.509899139404297,320,0.0,0.0
2023-05-01 12:30:00-04:00,24.344999313354492,24.509899139404297,24.344999313354492,24.509899139404297,380,0.0,0.0
2023-05-01 13:30:00-04:00,24.472200393676758,24.472200393676758,24.405000686645508,24.405000686645508,760,0.0,0.0
2023-05-01 14:30:00-04:00,24.34000015258789,24.350000381469727,24.289199829101562,24.300600051879883,1420,0.0,0.0
2023-05-02 09:30:00-04:00,24.405000686645508,24.405000686645508,24.405000686645508,24.405000686645508,0,0.0,0.0
2023-05-02 10:30:00-04:00,24.510000228881836,24.510000228881836,24.299999237060547,24.299999237060547,0,0.0,0.0
2023-05-02 12:30:00-04:00,24.309999465942383,24.4783992767334,24.299999237060547,24.420000076293945,4922,0.0,0.0
2023-05-02 13:30:00-04:00,24.43000030517578,24.43000030517578,24.43000030517578,24.43000030517578,0,0.0,0.0
2023-05-02 14:30:00-04:00,24.43000030517578,24.43000030517578,24.356800079345703,24.356800079345703,0,0.0,0.0
2023-05-03 09:30:00-04:00,24.290000915527344,24.290000915527344,24.290000915527344,24.290000915527344,154,0.0,0.0
2023-05-03 10:30:00-04:00,24.499900817871094,24.499900817871094,24.499900817871094,24.499900817871094,204,0.0,0.0
2023-05-03 12:30:00-04:00,24.469999313354492,24.469999313354492,24.469999313354492,24.469999313354492,450,0.0,0.0
2023-05-03 13:30:00-04:00,24.451499938964844,24.549999237060547,24.451499938964844,24.549999237060547,2000,0.0,0.0
2023-05-03 14:30:00-04:00,24.524499893188477,24.59000015258789,24.450000762939453,24.450000762939453,2084,0.0,0.0
2023-05-03 15:30:00-04:00,24.520000457763672,24.59000015258789,24.520000457763672,24.59000015258789,1195,0.0,0.0
2023-05-04 09:30:00-04:00,24.40999984741211,24.40999984741211,24.399999618530273,24.399999618530273,0,0.0,0.0
2023-05-04 10:30:00-04:00,24.450000762939453,24.454999923706055,24.43000030517578,24.450000762939453,911,0.0,0.0
2023-05-04 11:30:00-04:00,24.450000762939453,24.450000762939453,24.450000762939453,24.450000762939453,150,0.0,0.0
2023-05-04 12:30:00-04:00,24.450000762939453,24.520000457763672,24.440000534057617,24.44499969482422,1355,0.0,0.0
2023-05-04 14:30:00-04:00,24.506500244140625,24.506500244140625,24.09000015258789,24.452899932861328,1360,0.0,0.0
2023-05-05 10:30:00-04:00,24.329999923706055,24.329999923706055,24.329999923706055,24.329999923706055,0,0.0,0.0
2023-05-05 11:30:00-04:00,24.399999618530273,24.5,24.399999618530273,24.5,1355,0.0,0.0
2023-05-05 12:30:00-04:00,24.5,24.5,24.5,24.5,0,0.0,0.0
2023-05-05 13:30:00-04:00,24.599899291992188,24.599899291992188,24.599899291992188,24.599899291992188,4137,0.0,0.0
2023-05-05 14:30:00-04:00,24.549999237060547,24.549999237060547,24.520000457763672,24.549999237060547,505,0.0,0.0
2023-05-08 09:30:00-04:00,24.549999237060547,24.549999237060547,24.450000762939453,24.450000762939453,0,0.0,0.0
2023-05-08 10:30:00-04:00,24.549999237060547,24.549999237060547,24.549999237060547,24.549999237060547,709,0.0,0.0
2023-05-08 11:30:00-04:00,24.5310001373291,24.549999237060547,24.5310001373291,24.549999237060547,0,0.0,0.0
2023-05-08 12:30:00-04:00,24.5231990814209,24.5231990814209,24.513500213623047,24.513500213623047,4982,0.0,0.0
2023-05-08 13:30:00-04:00,24.524999618530273,24.524999618530273,24.469999313354492,24.479999542236328,339,0.0,0.0
2023-05-08 15:30:00-04:00,24.530000686645508,24.530000686645508,24.530000686645508,24.530000686645508,400,0.0,0.0
2023-05-09 09:30:00-04:00,24.354999542236328,24.354999542236328,24.25,24.27400016784668,1433,0.0,0.0
2023-05-09 10:30:00-04:00,24.270000457763672,24.270000457763672,24.25,24.25,1821,0.0,0.0
2023-05-09 11:30:00-04:00,24.280000686645508,24.559999465942383,24.280000686645508,24.559999465942383,423,0.0,0.0
2023-05-09 13:30:00-04:00,24.300100326538086,24.300100326538086,24.300100326538086,24.300100326538086,0,0.0,0.0
2023-05-09 14:30:00-04:00,24.450000762939453,24.450000762939453,24.450000762939453,24.450000762939453,0,0.0,0.0
2023-05-09 15:30:00-04:00,24.440000534057617,24.440000534057617,24.440000534057617,24.440000534057617,13854,0.0,0.0
2023-05-10 09:30:00-04:00,24.56999969482422,24.56999969482422,24.5,24.5,0,0.0,0.0
2023-05-10 10:30:00-04:00,24.579999923706055,24.579999923706055,24.579999923706055,24.579999923706055,440,0.0,0.0
2023-05-10 12:30:00-04:00,24.540000915527344,24.56999969482422,24.31730079650879,24.56999969482422,1512,0.0,0.0
2023-05-10 15:30:00-04:00,24.540000915527344,24.540000915527344,24.540000915527344,24.540000915527344,133,0.0,0.0
2023-05-11 10:30:00-04:00,24.5,24.5,24.450000762939453,24.450000762939453,2763,0.0,0.0
2023-05-11 11:30:00-04:00,24.450000762939453,24.450000762939453,24.450000762939453,24.450000762939453,224,0.0,0.0
2023-05-11 12:30:00-04:00,24.450000762939453,24.450000762939453,24.450000762939453,24.450000762939453,150,0.0,0.0
2023-05-11 15:30:00-04:00,24.449899673461914,24.449899673461914,24.449899673461914,24.449899673461914,0,0.0,0.0
2023-05-12 09:30:00-04:00,24.200000762939453,24.200000762939453,24.149999618530273,24.200000762939453,4227,0.0,0.0
2023-05-12 10:30:00-04:00,24.110000610351562,24.149999618530273,24.05430030822754,24.149999618530273,2210,0.0,0.0
2023-05-12 11:30:00-04:00,23.93079948425293,24.1299991607666,23.93079948425293,24.00950050354004,1772,0.0,0.0
2023-05-12 13:30:00-04:00,23.950000762939453,24.06999969482422,23.899999618530273,24.059999465942383,1544,0.0,0.0
2023-05-12 14:30:00-04:00,23.93000030517578,24.152000427246094,23.75,24.139999389648438,7503,0.0,0.0
2023-05-12 15:30:00-04:00,23.859500885009766,23.9950008392334,23.859500885009766,23.9950008392334,600,0.0,0.0
2023-05-15 09:30:00-04:00,24.0,24.329999923706055,24.0,24.329999923706055,0,0.0,0.0
2023-05-15 11:30:00-04:00,24.049999237060547,24.049999237060547,24.049999237060547,24.049999237060547,100,0.0,0.0
2023-05-15 12:30:00-04:00,24.049999237060547,24.049999237060547,24.024999618530273,24.049999237060547,825,0.0,0.0
2023-05-15 13:30:00-04:00,24.049999237060547,24.049999237060547,24.024999618530273,24.040000915527344,1397,0.0,0.0
2023-05-15 14:30:00-04:00,24.024999618530273,24.024999618530273,24.024999618530273,24.024999618530273,161,0.0,0.0
2023-05-15 15:30:00-04:00,24.049999237060547,24.049999237060547,23.899999618530273,24.020000457763672,4437,0.0,0.0
2023-05-16 10:30:00-04:00,24.0,24.0,24.0,24.0,100,0.0,0.0
2023-05-16 12:30:00-04:00,24.014999389648438,24.014999389648438,23.940000534057617,23.979999542236328,1545,0.0,0.0
2023-05-16 13:30:00-04:00,24.0,24.063499450683594,23.979999542236328,23.979999542236328,912,0.0,0.0
2023-05-16 14:30:00-04:00,23.920000076293945,24.109899520874023,23.820100784301758,24.109899520874023,1438,0.0,0.0
2023-05-17 10:30:00-04:00,24.049999237060547,24.049999237060547,23.979999542236328,23.979999542236328,353,0.0,0.0
2023-05-17 12:30:00-04:00,24.0,24.0,24.0,24.0,1010,0.0,0.0
2023-05-17 13:30:00-04:00,23.979999542236328,24.0,23.979999542236328,24.0,3760,0.0,0.0
2023-05-17 14:30:00-04:00,23.959999084472656,24.0,23.93000030517578,24.0,664,0.0,0.0
2023-05-18 09:30:00-04:00,24.0,24.0,23.899999618530273,23.899999618530273,0,0.0,0.0
2023-05-18 10:30:00-04:00,23.899999618530273,23.899999618530273,23.899999618530273,23.899999618530273,134,0.0,0.0
2023-05-18 11:30:00-04:00,23.999900817871094,23.999900817871094,23.999900817871094,23.999900817871094,138,0.0,0.0
2023-05-18 14:30:00-04:00,23.989999771118164,23.989999771118164,23.989999771118164,23.989999771118164,100,0.0,0.0
2023-05-18 15:30:00-04:00,24.0,24.0,23.989999771118164,24.0,621,0.0,0.0
2023-05-19 09:30:00-04:00,24.0,24.0,23.979799270629883,23.979799270629883,0,0.0,0.0
2023-05-19 10:30:00-04:00,23.989999771118164,24.0,23.84000015258789,23.999900817871094,1802,0.0,0.0
2023-05-19 13:30:00-04:00,23.799999237060547,23.799999237060547,23.799999237060547,23.799999237060547,200,0.0,0.0
2023-05-19 14:30:00-04:00,23.799999237060547,23.989999771118164,23.799999237060547,23.899999618530273,1520,0.0,0.0
2023-05-19 15:30:00-04:00,23.889999389648438,24.0,23.861600875854492,24.0,0,0.0,0.0
2023-05-22 09:30:00-04:00,23.93000030517578,23.93000030517578,23.93000030517578,23.93000030517578,448,0.0,0.0
2023-05-22 14:30:00-04:00,23.81999969482422,24.0,23.81999969482422,24.0,5667,0.0,0.0
2023-05-22 15:30:00-04:00,23.979999542236328,23.979999542236328,23.979999542236328,23.979999542236328,643,0.0,0.0
2023-05-23 09:30:00-04:00,23.829999923706055,23.829999923706055,23.829999923706055,23.829999923706055,0,0.0,0.0
2023-05-23 10:30:00-04:00,23.81999969482422,23.90999984741211,23.81999969482422,23.90999984741211,783,0.0,0.0
2023-05-23 13:30:00-04:00,23.829999923706055,23.829999923706055,23.829999923706055,23.829999923706055,350,0.0,0.0
2023-05-23 14:30:00-04:00,23.861299514770508,23.861400604248047,23.861299514770508,23.861400604248047,1663,0.0,0.0
2023-05-23 15:30:00-04:00,23.861099243164062,23.979999542236328,23.861099243164062,23.979999542236328,315,0.0,0.0
2023-05-24 12:30:00-04:00,23.86210060119629,23.86210060119629,23.86210060119629,23.86210060119629,1017,0.0,0.0
2023-05-24 13:30:00-04:00,23.829999923706055,23.829999923706055,23.81999969482422,23.829999923706055,641,0.0,0.0
2023-05-24 14:30:00-04:00,23.979999542236328,23.979999542236328,23.799999237060547,23.979999542236328,996,0.0,0.0
2023-05-24 15:30:00-04:00,23.780000686645508,23.979999542236328,23.780000686645508,23.952199935913086,740,0.0,0.0
2023-05-25 09:30:00-04:00,23.739999771118164,23.739999771118164,23.739999771118164,23.739999771118164,0,0.0,0.0
2023-05-25 11:30:00-04:00,23.770099639892578,23.81999969482422,23.770099639892578,23.81999969482422,948,0.0,0.0
2023-05-25 15:30:00-04:00,23.847999572753906,23.847999572753906,23.847999572753906,23.847999572753906,100,0.0,0.0
2023-05-26 09:30:00-04:00,23.850000381469727,23.850000381469727,23.850000381469727,23.850000381469727,0,0.0,0.0
2023-05-26 10:30:00-04:00,23.875,23.88409996032715,23.875,23.88409996032715,750,0.0,0.0
2023-05-26 11:30:00-04:00,23.999900817871094,23.999900817871094,23.999900817871094,23.999900817871094,0,0.0,0.0
2023-05-26 13:30:00-04:00,23.799999237060547,23.799999237060547,23.799999237060547,23.799999237060547,2535,0.0,0.0
2023-05-26 14:30:00-04:00,23.899999618530273,23.899999618530273,23.899999618530273,23.899999618530273,114,0.0,0.0
2023-05-26 15:30:00-04:00,23.88789939880371,23.88789939880371,23.88789939880371,23.88789939880371,204,0.0,0.0
2023-05-30 09:30:00-04:00,24.0,24.0,23.950000762939453,24.0,0,0.0,0.0
2023-05-30 10:30:00-04:00,24.06999969482422,24.06999969482422,24.06999969482422,24.06999969482422,6010,0.0,0.0
2023-05-30 11:30:00-04:00,24.06999969482422,24.100000381469727,24.06999969482422,24.100000381469727,3228,0.0,0.0
2023-05-30 12:30:00-04:00,24.110000610351562,24.110000610351562,24.110000610351562,24.110000610351562,0,0.0,0.0
2023-05-30 15:30:00-04:00,24.075000762939453,24.075000762939453,24.075000762939453,24.075000762939453,10456,0.0,0.0
2023-05-31 10:30:00-04:00,24.040000915527344,24.040000915527344,24.040000915527344,24.040000915527344,0,0.0,0.0
2023-05-31 11:30:00-04:00,24.049999237060547,24.114999771118164,24.049999237060547,24.049999237060547,1600,0.0,0.0
2023-05-31 13:30:00-04:00,24.114999771118164,24.114999771118164,24.049999237060547,24.049999237060547,607,0.0,0.0
2023-05-31 14:30:00-04:00,24.049999237060547,24.049999237060547,24.049999237060547,24.049999237060547,391,0.0,0.0
2023-05-31 15:30:00-04:00,24.049999237060547,24.156600952148438,24.049999237060547,24.156600952148438,0,0.0,0.0
2023-06-01 09:30:00-04:00,24.139999389648438,24.139999389648438,24.139999389648438,24.139999389648438,331,0.0,0.0
2023-06-01 11:30:00-04:00,24.239999771118164,24.239999771118164,24.239999771118164,24.239999771118164,1133,0.0,0.0
2023-06-01 13:30:00-04:00,24.139999389648438,24.19499969482422,24.139999389648438,24.149999618530273,2624,0.0,0.0
2023-06-01 15:30:00-04:00,24.149999618530273,24.149999618530273,24.149999618530273,24.149999618530273,217,0.0,0.0
2023-06-02 09:30:00-04:00,24.139999389648438,24.139999389648438,24.110000610351562,24.110000610351562,0,0.0,0.0
2023-06-02 11:30:00-04:00,24.170000076293945,24.170000076293945,24.139999389648438,24.139999389648438,4629,0.0,0.0
2023-06-02 12:30:00-04:00,24.139999389648438,24.172500610351562,24.139999389648438,24.172500610351562,2856,0.0,0.0
2023-06-02 13:30:00-04:00,24.149999618530273,24.15999984741211,24.149999618530273,24.149999618530273,445,0.0,0.0
2023-06-02 14:30:00-04:00,24.149999618530273,24.149999618530273,24.149999618530273,24.149999618530273,150,0.0,0.0
2023-06-02 15:30:00-04:00,24.139999389648438,24.139999389648438,24.139999389648438,24.139999389648438,605,0.0,0.0
2023-06-05 09:30:00-04:00,24.139999389648438,24.139999389648438,24.139999389648438,24.139999389648438,0,0.0,0.0
2023-06-05 10:30:00-04:00,24.139999389648438,24.139999389648438,24.139999389648438,24.139999389648438,635,0.0,0.0
2023-06-05 11:30:00-04:00,24.139999389648438,24.139999389648438,24.030000686645508,24.030000686645508,635,0.0,0.0
2023-06-05 13:30:00-04:00,24.139999389648438,24.139999389648438,24.139999389648438,24.139999389648438,451,0.0,0.0
2023-06-05 15:30:00-04:00,24.100000381469727,24.100000381469727,24.100000381469727,24.100000381469727,368,0.0,0.0
2023-06-06 10:30:00-04:00,24.09320068359375,24.100000381469727,24.09320068359375,24.100000381469727,0,0.0,0.0
2023-06-06 11:30:00-04:00,24.087799072265625,24.100000381469727,24.087799072265625,24.100000381469727,226,0.0,0.0
2023-06-06 12:30:00-04:00,24.100000381469727,24.100000381469727,24.06999969482422,24.06999969482422,1433,0.0,0.0
2023-06-06 13:30:00-04:00,24.06999969482422,24.06999969482422,24.06999969482422,24.06999969482422,125,0.0,0.0
2023-06-06 14:30:00-04:00,24.084999084472656,24.100000381469727,24.084999084472656,24.099700927734375,619,0.0,0.0
2023-06-06 15:30:00-04:00,24.100000381469727,24.100000381469727,24.09000015258789,24.09000015258789,15795,0.0,0.0
2023-06-07 09:30:00-04:00,24.104999542236328,24.149999618530273,24.104999542236328,24.139999389648438,0,0.0,0.0
2023-06-07 10:30:00-04:00,24.149999618530273,24.149999618530273,24.139999389648438,24.139999389648438,805,0.0,0.0
2023-06-07 11:30:00-04:00,24.139999389648438,24.1830997467041,24.139999389648438,24.149999618530273,592,0.0,0.0
2023-06-07 12:30:00-04:00,24.149999618530273,24.149999618530273,24.139999389648438,24.139999389648438,1190,0.0,0.0
2023-06-07 15:30:00-04:00,24.149999618530273,24.149999618530273,24.149999618530273,24.149999618530273,271,0.0,0.0
2023-06-08 09:30:00-04:00,24.15999984741211,24.309999465942383,24.15999984741211,24.309999465942383,0,0.0,0.0
2023-06-08 10:30:00-04:00,24.260000228881836,24.260000228881836,24.239999771118164,24.25,3494,0.0,0.0
2023-06-08 11:30:00-04:00,24.25,24.25,24.239999771118164,24.239999771118164,2000,0.0,0.0
2023-06-08 13:30:00-04:00,24.200000762939453,24.200000762939453,24.200000762939453,24.200000762939453,150,0.0,0.0
2023-06-08 14:30:00-04:00,24.25,24.25,24.21150016784668,24.25,2018,0.0,0.0
2023-06-09 11:30:00-04:00,24.150100708007812,24.238000869750977,24.149999618530273,24.238000869750977,246,0.0,0.0
2023-06-09 15:30:00-04:00,24.229999542236328,24.25,24.229999542236328,24.25,700,0.0,0.0
2023-06-12 09:30:00-04:00,24.25,24.350000381469727,24.25,24.350000381469727,0,0.0,0.0
2023-06-12 10:30:00-04:00,24.349899291992188,24.40019989013672,24.3075008392334,24.40019989013672,2225,0.0,0.0
2023-06-12 11:30:00-04:00,24.317699432373047,24.350000381469727,24.30030059814453,24.30030059814453,1580,0.0,0.0
2023-06-12 12:30:00-04:00,24.350000381469727,24.350000381469727,24.350000381469727,24.350000381469727,300,0.0,0.0
2023-06-12 13:30:00-04:00,24.360000610351562,24.360000610351562,24.357999801635742,24.357999801635742,200,0.0,0.0
2023-06-12 14:30:00-04:00,24.319299697875977,24.319299697875977,24.319299697875977,24.319299697875977,1010,0.0,0.0
2023-06-12 15:30:00-04:00,24.299999237060547,24.299999237060547,24.06999969482422,24.25,2029,0.0,0.0
2023-06-13 09:30:00-04:00,24.38990020751953,24.38990020751953,24.209999084472656,24.246200561523438,0,0.0,0.0
2023-06-13 10:30:00-04:00,24.204999923706055,24.204999923706055,24.204999923706055,24.204999923706055,1415,0.0,0.0
2023-06-13 11:30:00-04:00,24.274999618530273,24.274999618530273,24.230100631713867,24.249900817871094,3846,0.0,0.0
2023-06-13 13:30:00-04:00,24.249900817871094,24.249900817871094,24.249900817871094,24.249900817871094,294,0.0,0.0
2023-06-13 15:30:00-04:00,24.149999618530273,24.25,24.149999618530273,24.25,700,0.0,0.0
2023-06-14 09:30:00-04:00,24.25,24.358999252319336,24.110000610351562,24.225000381469727,0,0.0,0.0
2023-06-14 10:30:00-04:00,24.200000762939453,24.200000762939453,24.200000762939453,24.200000762939453,200,0.0,0.0
2023-06-14 12:30:00-04:00,24.150100708007812,24.200000762939453,24.1299991607666,24.1299991607666,2693,0.0,0.0
2023-06-14 14:30:00-04:00,24.25,24.25,24.200000762939453,24.200000762939453,1375,0.0,0.0
2023-06-14 15:30:00-04:00,24.200000762939453,24.359899520874023,24.200000762939453,24.359899520874023,2370,0.0,0.0
2023-06-15 11:30:00-04:00,24.13010025024414,24.13010025024414,24.13010025024414,24.13010025024414,0,0.0,0.0
2023-06-15 12:30:00-04:00,24.25979995727539,24.25979995727539,24.25979995727539,24.25979995727539,679,0.0,0.0
2023-06-15 13:30:00-04:00,24.1299991607666,24.360000610351562,24.1299991607666,24.360000610351562,900,0.0,0.0
2023-06-15 14:30:00-04:00,24.200000762939453,24.200000762939453,24.149999618530273,24.200000762939453,5665,0.0,0.0
2023-06-15 15:30:00-04:00,24.200000762939453,24.200000762939453,24.170000076293945,24.200000762939453,0,0.0,0.0
2023-06-16 09:30:00-04:00,24.178800582885742,24.200000762939453,24.149999618530273,24.17620086669922,2438,0.0,0.0
2023-06-16 10:30:00-04:00,24.200000762939453,24.209999084472656,24.174999237060547,24.209999084472656,1050,0.0,0.0
2023-06-16 11:30:00-04:00,24.225000381469727,24.25,24.200000762939453,24.25,1095,0.0,0.0
2023-06-16 14:30:00-04:00,24.25,24.25,24.25,24.25,300,0.0,0.0
2023-06-16 15:30:00-04:00,24.325000762939453,24.325000762939453,24.200000762939453,24.200000762939453,1216,0.0,0.0
2023-06-20 09:30:00-04:00,24.389999389648438,24.389999389648438,24.299999237060547,24.38990020751953,0,0.0,0.0
2023-06-20 10:30:00-04:00,24.38990020751953,24.38990020751953,24.38990020751953,24.38990020751953,307,0.0,0.0
2023-06-20 11:30:00-04:00,24.299999237060547,24.299999237060547,24.299999237060547,24.299999237060547,1132,0.0,0.0
2023-06-20 12:30:00-04:00,24.299999237060547,24.31999969482422,24.229999542236328,24.229999542236328,2907,0.0,0.0
2023-06-20 13:30:00-04:00,24.299999237060547,24.299999237060547,24.299999237060547,24.299999237060547,243,0.0,0.0
2023-06-20 14:30:00-04:00,24.309999465942383,24.349000930786133,24.299999237060547,24.349000930786133,1300,0.0,0.0
2023-06-20 15:30:00-04:00,24.299999237060547,24.389999389648438,24.299999237060547,24.299999237060547,3406,0.0,0.0
2023-06-21 09:30:00-04:00,24.299999237060547,24.344999313354492,24.299999237060547,24.344999313354492,0,0.0,0.0
2023-06-21 10:30:00-04:00,24.344999313354492,24.38909912109375,24.299999237060547,24.299999237060547,2415,0.0,0.0
2023-06-21 11:30:00-04:00,24.34040069580078,24.34040069580078,24.34040069580078,24.34040069580078,383,0.0,0.0
2023-06-21 12:30:00-04:00,24.34000015258789,24.34000015258789,24.34000015258789,24.34000015258789,201,0.0,0.0
2023-06-21 13:30:00-04:00,24.299999237060547,24.299999237060547,24.25,24.25,900,0.0,0.0
2023-06-21 15:30:00-04:00,24.349899291992188,24.350000381469727,24.349899291992188,24.350000381469727,1000,0.0,0.0
2023-06-22 10:30:00-04:00,24.43000030517578,24.540000915527344,24.399999618530273,24.540000915527344,5519,0.0,0.0
2023-06-22 11:30:00-04:00,24.399999618530273,24.459999084472656,24.399999618530273,24.399999618530273,2260,0.0,0.0
2023-06-22 12:30:00-04:00,24.399999618530273,24.399999618530273,24.399999618530273,24.399999618530273,176,0.0,0.0
2023-06-22 15:30:00-04:00,24.399999618530273,24.399999618530273,24.399900436401367,24.399999618530273,1694,0.0,0.0
2023-06-23 09:30:00-04:00,24.40999984741211,24.424999237060547,24.399999618530273,24.399999618530273,0,0.0,0.0
2023-06-23 10:30:00-04:00,24.399999618530273,24.399999618530273,24.399999618530273,24.399999618530273,1495,0.0,0.0
2023-06-23 12:30:00-04:00,24.399999618530273,24.399999618530273,24.299999237060547,24.299999237060547,2622,0.0,0.0
2023-06-23 13:30:00-04:00,24.309999465942383,24.309999465942383,24.309999465942383,24.309999465942383,340,0.0,0.0
2023-06-23 14:30:00-04:00,24.389999389648438,24.389999389648438,24.389999389648438,24.389999389648438,449,0.0,0.0
2023-06-23 15:30:00-04:00,24.219999313354492,24.229999542236328,24.219999313354492,24.229999542236328,239,0.0,0.0
2023-06-26 09:30:00-04:00,24.28019905090332,24.440000534057617,24.280000686645508,24.440000534057617,0,0.0,0.0
2023-06-26 10:30:00-04:00,24.440000534057617,24.440000534057617,24.440000534057617,24.440000534057617,4578,0.0,0.0
2023-06-26 14:30:00-04:00,24.40999984741211,24.489999771118164,24.40999984741211,24.489999771118164,600,0.0,0.0
2023-06-27 09:30:00-04:00,24.479999542236328,24.5,24.479999542236328,24.5,0,0.0,0.0
2023-06-27 10:30:00-04:00,24.350000381469727,24.350000381469727,24.260000228881836,24.350000381469727,8355,0.0,0.0
2023-06-27 11:30:00-04:00,24.350000381469727,24.350000381469727,24.328699111938477,24.350000381469727,4081,0.0,0.0
2023-06-27 12:30:00-04:00,24.309999465942383,24.325000762939453,24.299999237060547,24.325000762939453,2262,0.0,0.0
2023-06-27 13:30:00-04:00,24.350000381469727,24.350000381469727,24.350000381469727,24.350000381469727,564,0.0,0.0
2023-06-27 14:30:00-04:00,24.350000381469727,24.350000381469727,24.329500198364258,24.329500198364258,4302,0.0,0.0
2023-06-27 15:30:00-04:00,24.329999923706055,24.350000381469727,24.31570053100586,24.325000762939453,2794,0.0,0.0
2023-06-28 11:30:00-04:00,24.3700008392334,24.3700008392334,24.3700008392334,24.3700008392334,0,0.0,0.0
2023-06-28 12:30:00-04:00,24.3799991607666,24.3799991607666,24.3799991607666,24.3799991607666,0,0.0,0.0
2023-06-28 13:30:00-04:00,24.399999618530273,24.399999618530273,24.399999618530273,24.399999618530273,1979,0.0,0.0
2023-06-28 14:30:00-04:00,24.399999618530273,24.399999618530273,24.360000610351562,24.360000610351562,0,0.0,0.0
2023-06-29 09:30:00-04:00,24.399999618530273,24.450000762939453,24.31999969482422,24.31999969482422,2104,0.0,0.0
2023-06-29 10:30:00-04:00,24.25,24.360000610351562,24.235000610351562,24.360000610351562,1226,0.0,0.0
2023-06-29 12:30:00-04:00,24.350000381469727,24.399999618530273,24.350000381469727,24.399999618530273,0,0.0,0.0
2023-06-30 09:30:00-04:00,24.399999618530273,24.399999618530273,24.399999618530273,24.399999618530273,400,0.0,0.0
2023-06-30 10:30:00-04:00,24.299999237060547,24.299999237060547,24.299999237060547,24.299999237060547,600,0.0,0.0
2023-06-30 11:30:00-04:00,24.299999237060547,24.389999389648438,24.299999237060547,24.389999389648438,698,0.0,0.0
2023-06-30 13:30:00-04:00,24.389999389648438,24.389999389648438,24.389999389648438,24.389999389648438,210,0.0,0.0
2023-06-30 14:30:00-04:00,24.389999389648438,24.389999389648438,24.389999389648438,24.389999389648438,350,0.0,0.0
2023-06-30 15:30:00-04:00,24.280000686645508,24.417499542236328,24.280000686645508,24.389999389648438,4258,0.0,0.0
2023-07-03 09:30:00-04:00,24.530000686645508,24.530000686645508,24.530000686645508,24.530000686645508,0,0.0,0.0
2023-07-03 10:30:00-04:00,24.390100479125977,24.420000076293945,24.390100479125977,24.420000076293945,624,0.0,0.0
2023-07-03 11:30:00-04:00,24.405000686645508,24.405000686645508,24.389999389648438,24.399999618530273,1189,0.0,0.0
2023-07-05 09:30:00-04:00,24.530000686645508,24.549999237060547,24.530000686645508,24.549999237060547,1012,0.0,0.0
2023-07-05 10:30:00-04:00,24.500099182128906,24.528499603271484,24.5,24.5,4570,0.0,0.0
2023-07-05 11:30:00-04:00,24.5,24.5,24.5,24.5,185,0.0,0.0
2023-07-05 12:30:00-04:00,24.489999771118164,24.489999771118164,24.489999771118164,24.489999771118164,383,0.0,0.0
2023-07-05 13:30:00-04:00,24.489999771118164,24.489999771118164,24.489999771118164,24.489999771118164,235,0.0,0.0
2023-07-05 14:30:00-04:00,24.399999618530273,24.450000762939453,24.399999618530273,24.450000762939453,1141,0.0,0.0
2023-07-06 09:30:00-04:00,24.43000030517578,24.5,24.399999618530273,24.5,0,0.0,0.0
2023-07-06 10:30:00-04:00,24.5,24.510000228881836,24.5,24.510000228881836,3173,0.0,0.0
2023-07-06 11:30:00-04:00,24.540000915527344,24.54800033569336,24.5,24.5,2710,0.0,0.0
2023-07-06 13:30:00-04:00,24.479999542236328,24.540000915527344,24.479999542236328,24.540000915527344,399,0.0,0.0
2023-07-07 09:30:00-04:00,24.565000534057617,24.579999923706055,24.520099639892578,24.520099639892578,0,0.0,0.0
2023-07-07 10:30:00-04:00,24.549999237060547,24.579700469970703,24.549999237060547,24.579700469970703,479,0.0,0.0
2023-07-07 11:30:00-04:00,24.549999237060547,24.549999237060547,24.549999237060547,24.549999237060547,151,0.0,0.0
2023-07-07 12:30:00-04:00,24.549999237060547,24.549999237060547,24.520000457763672,24.53580093383789,1390,0.0,0.0
2023-07-07 13:30:00-04:00,24.540000915527344,24.540000915527344,24.500099182128906,24.500099182128906,410,0.0,0.0
2023-07-07 14:30:00-04:00,24.540000915527344,24.540000915527344,24.510000228881836,24.510000228881836,600,0.0,0.0
2023-07-10 09:30:00-04:00,24.579999923706055,24.579999923706055,24.579999923706055,24.579999923706055,0,0.0,0.0
2023-07-10 10:30:00-04:00,24.510000228881836,24.510000228881836,24.5,24.510000228881836,500,0.0,0.0
2023-07-10 11:30:00-04:00,24.510000228881836,24.510000228881836,24.510000228881836,24.510000228881836,175,0.0,0.0
2023-07-10 15:30:00-04:00,24.5,24.540000915527344,24.5,24.5,2375,0.0,0.0
2023-07-11 10:30:00-04:00,24.5,24.5,24.489999771118164,24.489999771118164,1415,0.0,0.0
2023-07-11 11:30:00-04:00,24.489999771118164,24.489999771118164,24.489999771118164,24.489999771118164,500,0.0,0.0
2023-07-11 12:30:00-04:00,24.489900588989258,24.489900588989258,24.489900588989258,24.489900588989258,340,0.0,0.0
2023-07-11 14:30:00-04:00,24.489999771118164,24.489999771118164,24.489999771118164,24.489999771118164,221,0.0,0.0
2023-07-11 15:30:00-04:00,24.489999771118164,24.489999771118164,24.40999984741211,24.40999984741211,0,0.0,0.0
2023-07-12 09:30:00-04:00,24.600000381469727,24.600000381469727,24.600000381469727,24.600000381469727,340,0.0,0.0
2023-07-12 11:30:00-04:00,24.53350067138672,24.53350067138672,24.53350067138672,24.53350067138672,0,0.0,0.0
2023-07-12 12:30:00-04:00,24.5049991607666,24.5049991607666,24.5049991607666,24.5049991607666,1145,0.0,0.0
2023-07-12 13:30:00-04:00,24.450000762939453,24.450000762939453,24.450000762939453,24.450000762939453,2243,0.0,0.0
2023-07-12 14:30:00-04:00,24.450000762939453,24.598100662231445,24.440000534057617,24.450000762939453,3100,0.0,0.0
2023-07-12 15:30:00-04:00,24.450000762939453,24.582000732421875,24.450000762939453,24.582000732421875,0,0.0,0.0
2023-07-13 09:30:00-04:00,24.5,24.5,24.486799240112305,24.486799240112305,1401,0.0,0.0
2023-07-13 10:30:00-04:00,24.5,24.5,24.43000030517578,24.43000030517578,2548,0.0,0.0
2023-07-13 11:30:00-04:00,24.450000762939453,24.5,24.43000030517578,24.5,4880,0.0,0.0
2023-07-13 12:30:00-04:00,24.5,24.5,24.5,24.5,1215,0.0,0.0
2023-07-13 13:30:00-04:00,24.5,24.5,24.489999771118164,24.489999771118164,1153,0.0,0.0
2023-07-13 14:30:00-04:00,24.499900817871094,24.5,24.499900817871094,24.5,2167,0.0,0.0
2023-07-13 15:30:00-04:00,24.5,24.5,24.457199096679688,24.5,638,0.0,0.0
2023-07-14 12:30:00-04:00,24.559999465942383,24.559999465942383,24.559999465942383,24.559999465942383,293,0.0,0.0
2023-07-14 13:30:00-04:00,24.459999084472656,24.459999084472656,24.459999084472656,24.459999084472656,0,0.0,0.0
2023-07-14 14:30:00-04:00,24.530000686645508,24.530000686645508,24.459999084472656,24.479999542236328,2636,0.0,0.0
2023-07-14 15:30:00-04:00,24.53499984741211,24.53499984741211,24.5,24.5,1551,0.0,0.0
2023-07-17 09:30:00-04:00,24.599899291992188,24.599899291992188,24.49049949645996,24.49049949645996,0,0.0,0.0
2023-07-17 10:30:00-04:00,24.5,24.5,24.5,24.5,375,0.0,0.0
2023-07-17 11:30:00-04:00,24.479999542236328,24.489999771118164,24.459999084472656,24.471500396728516,1518,0.0,0.0
2023-07-17 12:30:00-04:00,24.5,24.5,24.5,24.5,5615,0.0,0.0
2023-07-17 13:30:00-04:00,24.489999771118164,24.5,24.469999313354492,24.5,1228,0.0,0.0
2023-07-17 14:30:00-04:00,24.485000610351562,24.5,24.40999984741211,24.40999984741211,1204,0.0,0.0
2023-07-17 15:30:00-04:00,24.420000076293945,24.48740005493164,24.40999984741211,24.469900131225586,0,0.0,0.0
2023-07-18 09:30:00-04:00,24.5,24.5,24.5,24.5,404,0.0,0.0
2023-07-18 10:30:00-04:00,24.5,24.5,24.5,24.5,410,0.0,0.0
2023-07-18 11:30:00-04:00,24.5,24.5,24.493499755859375,24.5,1394,0.0,0.0
2023-07-18 12:30:00-04:00,24.5,24.5,24.5,24.5,1613,0.0,0.0
2023-07-18 13:30:00-04:00,24.5,24.5,24.483999252319336,24.483999252319336,2210,0.0,0.0
2023-07-18 14:30:00-04:00,24.5,24.5,24.5,24.5,233,0.0,0.0
2023-07-18 15:30:00-04:00,24.4950008392334,24.4950008392334,24.489999771118164,24.489999771118164,0,0.0,0.0
2023-07-19 09:30:00-04:00,24.5,24.5,24.468900680541992,24.468900680541992,961,0.0,0.0
2023-07-19 10:30:00-04:00,24.5,24.5,24.5,24.5,1020,0.0,0.0
2023-07-19 11:30:00-04:00,24.476200103759766,24.476200103759766,24.476200103759766,24.476200103759766,2121,0.0,0.0
2023-07-19 14:30:00-04:00,24.5,24.5,24.487199783325195,24.487199783325195,439,0.0,0.0
2023-07-20 09:30:00-04:00,24.5,24.5,24.469999313354492,24.469999313354492,0,0.0,0.0
2023-07-20 10:30:00-04:00,24.5,24.5,24.5,24.5,0,0.0,0.0
2023-07-20 13:30:00-04:00,24.475000381469727,24.475000381469727,24.475000381469727,24.475000381469727,2057,0.0,0.0
2023-07-20 14:30:00-04:00,24.475000381469727,24.475000381469727,24.475000381469727,24.475000381469727,254,0.0,0.0
2023-07-21 09:30:00-04:00,24.500099182128906,24.500099182128906,24.500099182128906,24.500099182128906,0,0.0,0.0
2023-07-21 10:30:00-04:00,24.520000457763672,24.520000457763672,24.520000457763672,24.520000457763672,304,0.0,0.0
2023-07-21 11:30:00-04:00,24.625,24.625,24.500099182128906,24.599899291992188,1428,0.0,0.0
2023-07-21 15:30:00-04:00,24.600000381469727,24.600000381469727,24.549999237060547,24.549999237060547,906,0.0,0.0
2023-07-24 09:30:00-04:00,24.719999313354492,24.729999542236328,24.649999618530273,24.68000030517578,1001,0.0,0.0
2023-07-24 10:30:00-04:00,24.65999984741211,24.671499252319336,24.65999984741211,24.671499252319336,1486,0.0,0.0
2023-07-24 11:30:00-04:00,24.649999618530273,24.669599533081055,24.639999389648438,24.649999618530273,1904,0.0,0.0
2023-07-24 12:30:00-04:00,24.647899627685547,24.647899627685547,24.639999389648438,24.639999389648438,1071,0.0,0.0
2023-07-24 13:30:00-04:00,24.655399322509766,24.655399322509766,24.65180015563965,24.65180015563965,489,0.0,0.0
2023-07-24 14:30:00-04:00,24.65999984741211,24.700000762939453,24.649999618530273,24.700000762939453,2297,0.0,0.0
2023-07-24 15:30:00-04:00,24.670000076293945,24.670000076293945,24.66990089416504,24.66990089416504,0,0.0,0.0
2023-07-25 09:30:00-04:00,24.670000076293945,24.719999313354492,24.670000076293945,24.719999313354492,360,0.0,0.0
2023-07-25 10:30:00-04:00,24.719999313354492,24.719999313354492,24.700000762939453,24.700000762939453,623,0.0,0.0
2023-07-25 12:30:00-04:00,24.6299991607666,24.6299991607666,24.5856990814209,24.5856990814209,2680,0.0,0.0
2023-07-25 13:30:00-04:00,24.600000381469727,24.600000381469727,24.542299270629883,24.542299270629883,3441,0.0,0.0
2023-07-25 14:30:00-04:00,24.549999237060547,24.600000381469727,24.539499282836914,24.588699340820312,1121,0.0,0.0
2023-07-25 15:30:00-04:00,24.575000762939453,24.600000381469727,24.575000762939453,24.575000762939453,419,0.0,0.0
2023-07-26 09:30:00-04:00,24.719999313354492,24.719999313354492,24.719999313354492,24.719999313354492,0,0.0,0.0
2023-07-26 10:30:00-04:00,24.739900588989258,24.739900588989258,24.739900588989258,24.739900588989258,210,0.0,0.0
2023-07-26 11:30:00-04:00,24.68120002746582,24.739999771118164,24.68120002746582,24.690000534057617,1688,0.0,0.0
2023-07-26 12:30:00-04:00,24.700000762939453,24.75,24.700000762939453,24.700000762939453,1087,0.0,0.0
2023-07-26 13:30:00-04:00,24.708999633789062,24.73270034790039,24.700000762939453,24.73270034790039,1268,0.0,0.0
2023-07-26 14:30:00-04:00,24.700000762939453,24.700000762939453,24.700000762939453,24.700000762939453,100,0.0,0.0
2023-07-26 15:30:00-04:00,24.649999618530273,24.649999618530273,24.649999618530273,24.649999618530273,1957,0.0,0.0
2023-07-27 09:30:00-04:00,24.700000762939453,24.739999771118164,24.699899673461914,24.700000762939453,0,0.0,0.0
2023-07-27 10:30:00-04:00,24.700000762939453,24.700000762939453,24.687999725341797,24.699899673461914,21201,0.0,0.0
2023-07-27 11:30:00-04:00,24.700000762939453,24.700000762939453,24.649999618530273,24.649999618530273,2402,0.0,0.0
2023-07-27 12:30:00-04:00,24.700000762939453,24.700000762939453,24.674999237060547,24.700000762939453,1340,0.0,0.0
2023-07-27 13:30:00-04:00,24.675399780273438,24.675399780273438,24.675399780273438,24.675399780273438,228,0.0,0.0
2023-07-27 14:30:00-04:00,24.675399780273438,24.700000762939453,24.675399780273438,24.700000762939453,3356,0.0,0.0
2023-07-27 15:30:00-04:00,24.697599411010742,24.697599411010742,24.68000030517578,24.68000030517578,0,0.0,0.0
2023-07-28 09:30:00-04:00,24.649999618530273,24.649999618530273,24.54990005493164,24.59000015258789,3410,0.0,0.0
2023-07-28 10:30:00-04:00,24.542999267578125,24.59000015258789,24.542999267578125,24.59000015258789,949,0.0,0.0
2023-07-28 12:30:00-04:00,24.579999923706055,24.579999923706055,24.579999923706055,24.579999923706055,100,0.0,0.0
2023-07-28 13:30:00-04:00,24.59000015258789,24.75,24.59000015258789,24.75,6433,0.0,0.0
2023-07-28 14:30:00-04:00,24.65999984741211,24.749900817871094,24.649999618530273,24.749900817871094,2895,0.0,0.0
2023-07-28 15:30:00-04:00,24.75,24.75,24.75,24.75,500,0.0,0.0
2023-07-31 09:30:00-04:00,24.716999053955078,24.770000457763672,24.716999053955078,24.770000457763672,0,0.0,0.0
2023-07-31 10:30:00-04:00,24.769899368286133,24.780099868774414,24.769899368286133,24.780099868774414,1784,0.0,0.0
2023-07-31 11:30:00-04:00,24.84000015258789,24.84000015258789,24.799999237060547,24.799999237060547,509,0.0,0.0
2023-07-31 12:30:00-04:00,24.799999237060547,24.800100326538086,24.799999237060547,24.799999237060547,1025,0.0,0.0
2023-07-31 14:30:00-04:00,24.809999465942383,24.829999923706055,24.809999465942383,24.829999923706055,1233,0.0,0.0
2023-07-31 15:30:00-04:00,24.850000381469727,24.8799991607666,24.850000381469727,24.8799991607666,2167,0.0,0.0
2023-08-01 09:30:00-04:00,24.889999389648438,24.93000030517578,24.889999389648438,24.920000076293945,1168,0.0,0.0
2023-08-01 10:30:00-04:00,24.899999618530273,24.899999618530273,24.809999465942383,24.899999618530273,647,0.0,0.0
2023-08-01 11:30:00-04:00,24.818199157714844,24.92770004272461,24.809999465942383,24.92770004272461,2651,0.0,0.0
2023-08-01 14:30:00-04:00,24.899999618530273,24.899999618530273,24.799999237060547,24.799999237060547,1194,0.0,0.0
2023-08-01 15:30:00-04:00,24.799999237060547,24.799999237060547,24.799999237060547,24.799999237060547,1398,0.0,0.0
2023-08-02 09:30:00-04:00,24.899999618530273,24.899999618530273,24.799999237060547,24.799999237060547,0,0.0,0.0
2023-08-02 11:30:00-04:00,24.760000228881836,24.760000228881836,24.760000228881836,24.760000228881836,754,0.0,0.0
2023-08-02 12:30:00-04:00,24.790000915527344,24.790000915527344,24.790000915527344,24.790000915527344,125,0.0,0.0
2023-08-02 13:30:00-04:00,24.774900436401367,24.774900436401367,24.774900436401367,24.774900436401367,120,0.0,0.0
2023-08-02 14:30:00-04:00,24.79990005493164,24.79990005493164,24.79990005493164,24.79990005493164,212,0.0,0.0
2023-08-03 09:30:00-04:00,24.899999618530273,24.899999618530273,24.75,24.75,0,0.0,0.0
2023-08-03 10:30:00-04:00,24.749900817871094,24.75,24.749900817871094,24.75,1150,0.0,0.0
2023-08-03 11:30:00-04:00,24.75,24.75,24.75,24.75,568,0.0,0.0
2023-08-03 13:30:00-04:00,24.749900817871094,24.75,24.749900817871094,24.75,1000,0.0,0.0
2023-08-03 14:30:00-04:00,24.749900817871094,24.75,24.74799919128418,24.75,2503,0.0,0.0
2023-08-03 15:30:00-04:00,24.749900817871094,24.75,24.726200103759766,24.726200103759766,0,0.0,0.0
2023-08-04 11:30:00-04:00,24.93000030517578,24.940000534057617,24.89780044555664,24.89780044555664,700,0.0,0.0
2023-08-04 12:30:00-04:00,24.75,24.75,24.75,24.75,0,0.0,0.0
2023-08-04 13:30:00-04:00,24.799999237060547,24.799999237060547,24.799999237060547,24.799999237060547,2425,0.0,0.0
2023-08-04 14:30:00-04:00,24.799999237060547,24.799999237060547,24.799999237060547,24.799999237060547,100,0.0,0.0
2023-08-07 09:30:00-04:00,24.84000015258789,24.849899291992188,24.749900817871094,24.749900817871094,0,0.0,0.0
2023-08-07 10:30:00-04:00,24.75,24.75,24.75,24.75,227,0.0,0.0
2023-08-07 11:30:00-04:00,24.70009994506836,24.70009994506836,24.70009994506836,24.70009994506836,410,0.0,0.0
2023-08-07 12:30:00-04:00,24.749900817871094,24.75,24.749900817871094,24.75,1595,0.0,0.0
2023-08-07 13:30:00-04:00,24.75,24.75,24.726200103759766,24.75,1015,0.0,0.0
2023-08-07 14:30:00-04:00,24.75,24.75,24.74570083618164,24.74970054626465,3969,0.0,0.0
2023-08-07 15:30:00-04:00,24.7450008392334,24.7450008392334,24.739999771118164,24.739999771118164,205,0.0,0.0
2023-08-08 09:30:00-04:00,24.75,24.75,24.700000762939453,24.700000762939453,0,0.0,0.0
2023-08-08 10:30:00-04:00,24.718799591064453,24.75,24.699899673461914,24.75,1848,0.0,0.0
2023-08-08 11:30:00-04:00,24.75,24.75,24.75,24.75,851,0.0,0.0
2023-08-08 12:30:00-04:00,24.749900817871094,24.749900817871094,24.749900817871094,24.749900817871094,500,0.0,0.0
2023-08-08 13:30:00-04:00,24.75,24.75,24.749900817871094,24.749900817871094,338,0.0,0.0
2023-08-08 14:30:00-04:00,24.75,24.75,24.75,24.75,581,0.0,0.0
2023-08-08 15:30:00-04:00,24.75,24.75,24.72920036315918,24.75,800,0.0,0.0
2023-08-09 09:30:00-04:00,24.75,24.75,24.741500854492188,24.741500854492188,0,0.0,0.0
2023-08-09 11:30:00-04:00,24.75,24.75,24.75,24.75,200,0.0,0.0
2023-08-09 12:30:00-04:00,24.75,24.75,24.74049949645996,24.74049949645996,805,0.0,0.0
2023-08-09 13:30:00-04:00,24.75,24.75,24.75,24.75,778,0.0,0.0
2023-08-09 14:30:00-04:00,24.74679946899414,24.75,24.74679946899414,24.75,942,0.0,0.0
2023-08-09 15:30:00-04:00,24.75,24.75,24.74519920349121,24.75,0,0.0,0.0
2023-08-10 09:30:00-04:00,24.793699264526367,24.793699264526367,24.793699264526367,24.793699264526367,750,0.0,0.0
2023-08-10 10:30:00-04:00,24.81999969482422,24.81999969482422,24.799999237060547,24.799999237060547,569,0.0,0.0
2023-08-10 11:30:00-04:00,24.80769920349121,24.81999969482422,24.799999237060547,24.81999969482422,601,0.0,0.0
2023-08-10 12:30:00-04:00,24.803600311279297,24.803600311279297,24.803600311279297,24.803600311279297,124,0.0,0.0
2023-08-10 13:30:00-04:00,24.803600311279297,24.804000854492188,24.799999237060547,24.799999237060547,853,0.0,0.0
2023-08-10 14:30:00-04:00,24.809900283813477,24.819900512695312,24.80970001220703,24.809999465942383,879,0.0,0.0
2023-08-10 15:30:00-04:00,24.819900512695312,24.819900512695312,24.819900512695312,24.819900512695312,100,0.0,0.0
2023-08-11 09:30:00-04:00,24.770000457763672,24.844999313354492,24.760000228881836,24.760000228881836,0,0.0,0.0
2023-08-11 10:30:00-04:00,24.827999114990234,24.93000030517578,24.809999465942383,24.864999771118164,2600,0.0,0.0
2023-08-11 12:30:00-04:00,24.905000686645508,24.905000686645508,24.905000686645508,24.905000686645508,0,0.0,0.0
2023-08-11 13:30:00-04:00,24.899999618530273,24.899999618530273,24.899999618530273,24.899999618530273,5326,0.0,0.0
2023-08-11 14:30:00-04:00,24.899999618530273,24.899999618530273,24.89550018310547,24.899999618530273,1707,0.0,0.0
2023-08-11 15:30:00-04:00,24.899999618530273,24.899999618530273,24.889999389648438,24.899999618530273,596,0.0,0.0
2023-08-14 09:30:00-04:00,24.6200008392334,24.639999389648438,24.40999984741211,24.40999984741211,7257,0.0,0.0
2023-08-14 10:30:00-04:00,24.5,24.5,24.5,24.5,4056,0.0,0.0
2023-08-14 12:30:00-04:00,24.59000015258789,24.60700035095215,24.59000015258789,24.60700035095215,880,0.0,0.0
2023-08-14 13:30:00-04:00,24.607500076293945,24.607500076293945,24.607500076293945,24.607500076293945,299,0.0,0.0
2023-08-14 14:30:00-04:00,24.609899520874023,24.609899520874023,24.609899520874023,24.609899520874023,436,0.0,0.0
2023-08-14 15:30:00-04:00,24.549999237060547,24.549999237060547,24.540000915527344,24.540000915527344,0,0.0,0.0
2023-08-15 09:30:00-04:00,24.598899841308594,24.598899841308594,24.598899841308594,24.598899841308594,510,0.0,0.0
2023-08-15 11:30:00-04:00,24.6299991607666,24.6299991607666,24.629899978637695,24.629899978637695,2005,0.0,0.0
2023-08-15 12:30:00-04:00,24.6200008392334,24.6200008392334,24.609100341796875,24.609100341796875,506,0.0,0.0
2023-08-15 13:30:00-04:00,24.61989974975586,24.61989974975586,24.549999237060547,24.549999237060547,1210,0.0,0.0
2023-08-15 14:30:00-04:00,24.606000900268555,24.6200008392334,24.606000900268555,24.6200008392334,0,0.0,0.0
2023-08-16 10:30:00-04:00,24.549999237060547,24.609899520874023,24.540000915527344,24.609899520874023,479,0.0,0.0
2023-08-16 11:30:00-04:00,24.610000610351562,24.61079978942871,24.609899520874023,24.61079978942871,1426,0.0,0.0
2023-08-16 12:30:00-04:00,24.645000457763672,24.645000457763672,24.645000457763672,24.645000457763672,498,0.0,0.0
2023-08-16 13:30:00-04:00,24.690000534057617,24.690000534057617,24.689899444580078,24.689899444580078,3215,0.0,0.0
2023-08-16 14:30:00-04:00,24.650100708007812,24.690000534057617,24.649999618530273,24.650999069213867,5384,0.0,0.0
2023-08-16 15:30:00-04:00,24.690000534057617,24.690000534057617,24.690000534057617,24.690000534057617,0,0.0,0.0
2023-08-17 15:30:00-04:00,24.689899444580078,24.690000534057617,24.68000030517578,24.690000534057617,1100,0.0,0.0
2023-08-18 09:30:00-04:00,24.690000534057617,24.690000534057617,24.690000534057617,24.690000534057617,0,0.0,0.0
2023-08-18 14:30:00-04:00,24.610000610351562,24.670000076293945,24.600000381469727,24.670000076293945,2474,0.0,0.0
2023-08-21 09:30:00-04:00,24.670000076293945,24.670000076293945,24.5,24.5,1142,0.0,0.0
2023-08-21 13:30:00-04:00,24.530000686645508,24.530000686645508,24.530000686645508,24.530000686645508,307,0.0,0.0
2023-08-21 15:30:00-04:00,24.649900436401367,24.649900436401367,24.649900436401367,24.649900436401367,0,0.0,0.0
2023-08-22 09:30:00-04:00,24.600000381469727,24.600000381469727,24.600000381469727,24.600000381469727,800,0.0,0.0
2023-08-22 10:30:00-04:00,24.670000076293945,24.670000076293945,24.670000076293945,24.670000076293945,586,0.0,0.0
2023-08-22 12:30:00-04:00,24.600000381469727,24.600000381469727,24.600000381469727,24.600000381469727,728,0.0,0.0
2023-08-22 13:30:00-04:00,24.635000228881836,24.635000228881836,24.600000381469727,24.617799758911133,704,0.0,0.0
2023-08-22 14:30:00-04:00,24.600000381469727,24.615699768066406,24.5,24.5,6969,0.0,0.0
2023-08-22 15:30:00-04:00,24.5,24.540000915527344,24.389999389648438,24.450000762939453,0,0.0,0.0
2023-08-23 09:30:00-04:00,24.670000076293945,24.670000076293945,24.670000076293945,24.670000076293945,512,0.0,0.0
2023-08-23 10:30:00-04:00,24.65999984741211,24.670000076293945,24.65999984741211,24.670000076293945,1479,0.0,0.0
2023-08-23 11:30:00-04:00,24.600000381469727,24.600000381469727,24.600000381469727,24.600000381469727,1063,0.0,0.0
2023-08-23 13:30:00-04:00,24.599899291992188,24.599899291992188,24.599899291992188,24.599899291992188,301,0.0,0.0
2023-08-23 14:30:00-04:00,24.450000762939453,24.600000381469727,24.450000762939453,24.600000381469727,3678,0.0,0.0
2023-08-23 15:30:00-04:00,24.59000015258789,24.600000381469727,24.579999923706055,24.600000381469727,801,0.0,0.0
2023-08-24 09:30:00-04:00,24.459999084472656,24.459999084472656,24.459999084472656,24.459999084472656,0,0.0,0.0
2023-08-24 11:30:00-04:00,24.579999923706055,24.600000381469727,24.579999923706055,24.600000381469727,700,0.0,0.0
2023-08-24 14:30:00-04:00,24.579999923706055,24.599899291992188,24.559999465942383,24.599899291992188,0,0.0,0.0
2023-08-25 09:30:00-04:00,24.610000610351562,24.670000076293945,24.600000381469727,24.6299991607666,1434,0.0,0.0
2023-08-25 10:30:00-04:00,24.656299591064453,24.669300079345703,24.656299591064453,24.669300079345703,2050,0.0,0.0
2023-08-25 11:30:00-04:00,24.635000228881836,24.635000228881836,24.579999923706055,24.59760093688965,4633,0.0,0.0
2023-08-25 15:30:00-04:00,24.599899291992188,24.599899291992188,24.5,24.549999237060547,1244,0.0,0.0
2023-08-28 09:30:00-04:00,24.65999984741211,24.670000076293945,24.600000381469727,24.600000381469727,0,0.0,0.0
2023-08-28 11:30:00-04:00,24.6200008392334,24.6200008392334,24.610000610351562,24.610000610351562,1270,0.0,0.0
2023-08-28 13:30:00-04:00,24.6299991607666,24.6299991607666,24.6299991607666,24.6299991607666,304,0.0,0.0
2023-08-28 15:30:00-04:00,24.65999984741211,24.65999984741211,24.65999984741211,24.65999984741211,392,0.0,0.0
2023-08-29 09:30:00-04:00,24.719999313354492,24.719999313354492,24.719999313354492,24.719999313354492,0,0.0,0.0
2023-08-29 10:30:00-04:00,24.65999984741211,24.65999984741211,24.600000381469727,24.62700080871582,2152,0.0,0.0
2023-08-29 11:30:00-04:00,24.654499053955078,24.654499053955078,24.6299991607666,24.64889907836914,1441,0.0,0.0
2023-08-29 12:30:00-04:00,24.6299991607666,24.6299991607666,24.61039924621582,24.61319923400879,1046,0.0,0.0
2023-08-29 14:30:00-04:00,24.6299991607666,24.6299991607666,24.62969970703125,24.6299991607666,584,0.0,0.0
2023-08-29 15:30:00-04:00,24.6294002532959,24.6299991607666,24.530000686645508,24.6200008392334,990,0.0,0.0
2023-08-30 09:30:00-04:00,24.600000381469727,24.600000381469727,24.600000381469727,24.600000381469727,0,0.0,0.0
2023-08-30 10:30:00-04:00,24.600099563598633,24.729999542236328,24.600000381469727,24.729999542236328,2200,0.0,0.0
2023-08-30 12:30:00-04:00,24.700000762939453,24.700700759887695,24.700000762939453,24.700700759887695,900,0.0,0.0
2023-08-30 13:30:00-04:00,24.700000762939453,24.700700759887695,24.700000762939453,24.700700759887695,702,0.0,0.0
2023-08-30 14:30:00-04:00,24.649999618530273,24.649999618530273,24.649999618530273,24.649999618530273,132,0.0,0.0
2023-08-30 15:30:00-04:00,24.700000762939453,24.700000762939453,24.674999237060547,24.674999237060547,400,0.0,0.0
2023-08-31 11:30:00-04:00,24.690099716186523,24.690099716186523,24.690099716186523,24.690099716186523,0,0.0,0.0
2023-08-31 13:30:00-04:00,24.709999084472656,24.709999084472656,24.701499938964844,24.709999084472656,430,0.0,0.0
2023-08-31 14:30:00-04:00,24.690000534057617,24.729999542236328,24.520000457763672,24.630199432373047,4997,0.0,0.0
2023-08-31 15:30:00-04:00,24.709999084472656,24.709999084472656,24.709999084472656,24.709999084472656,100,0.0,0.0
2023-09-01 09:30:00-04:00,24.719999313354492,24.719999313354492,24.719999313354492,24.719999313354492,0,0.0,0.0
2023-09-01 12:30:00-04:00,24.649999618530273,24.649999618530273,24.649999618530273,24.649999618530273,200,0.0,0.0
2023-09-01 13:30:00-04:00,24.700000762939453,24.700000762939453,24.700000762939453,24.700000762939453,553,0.0,0.0
2023-09-01 14:30:00-04:00,24.600000381469727,24.690000534057617,24.520000457763672,24.690000534057617,4367,0.0,0.0
2023-09-05 10:30:00-04:00,24.594999313354492,24.594999313354492,24.594999313354492,24.594999313354492,0,0.0,0.0
2023-09-05 11:30:00-04:00,24.520000457763672,24.549999237060547,24.520000457763672,24.549999237060547,200,0.0,0.0
2023-09-05 12:30:00-04:00,24.65999984741211,24.670000076293945,24.649999618530273,24.649999618530273,1020,0.0,0.0
2023-09-05 13:30:00-04:00,24.670000076293945,24.670000076293945,24.649999618530273,24.668500900268555,700,0.0,0.0
2023-09-05 14:30:00-04:00,24.666000366210938,24.666000366210938,24.658599853515625,24.658599853515625,503,0.0,0.0
2023-09-06 10:30:00-04:00,24.729999542236328,24.729999542236328,24.700000762939453,24.700700759887695,836,0.0,0.0
2023-09-06 11:30:00-04:00,24.71500015258789,24.71500015258789,24.700000762939453,24.71419906616211,1300,0.0,0.0
2023-09-06 12:30:00-04:00,24.670000076293945,24.670000076293945,24.65999984741211,24.65999984741211,467,0.0,0.0
2023-09-06 13:30:00-04:00,24.700000762939453,24.71269989013672,24.700000762939453,24.71269989013672,800,0.0,0.0
2023-09-06 15:30:00-04:00,24.719999313354492,24.719999313354492,24.690000534057617,24.719999313354492,788,0.0,0.0
2023-09-07 09:30:00-04:00,24.729999542236328,24.729999542236328,24.729999542236328,24.729999542236328,0,0.0,0.0
2023-09-07 12:30:00-04:00,24.71500015258789,24.71500015258789,24.693199157714844,24.693199157714844,1276,0.0,0.0
2023-09-07 13:30:00-04:00,24.649999618530273,24.649999618530273,24.649999618530273,24.649999618530273,0,0.0,0.0
2023-09-08 09:30:00-04:00,24.639999389648438,24.639999389648438,24.639999389648438,24.639999389648438,1314,0.0,0.0
2023-09-08 11:30:00-04:00,24.630300521850586,24.65999984741211,24.6299991607666,24.65999984741211,3110,0.0,0.0
2023-09-08 12:30:00-04:00,24.729900360107422,24.729900360107422,24.6299991607666,24.639999389648438,711,0.0,0.0
2023-09-08 13:30:00-04:00,24.649999618530273,24.729900360107422,24.649999618530273,24.729900360107422,628,0.0,0.0
2023-09-08 14:30:00-04:00,24.700000762939453,24.700000762939453,24.700000762939453,24.700000762939453,300,0.0,0.0
2023-09-11 12:30:00-04:00,24.699899673461914,24.729900360107422,24.67620086669922,24.729900360107422,1297,0.0,0.0
2023-09-11 13:30:00-04:00,24.729999542236328,24.753999710083008,24.691999435424805,24.753999710083008,1829,0.0,0.0
2023-09-11 14:30:00-04:00,24.75,24.790000915527344,24.75,24.780000686645508,1094,0.0,0.0
2023-09-12 09:30:00-04:00,24.799999237060547,24.799999237060547,24.75,24.75,0,0.0,0.0
2023-09-12 12:30:00-04:00,24.700000762939453,24.700000762939453,24.649999618530273,24.649999618530273,2008,0.0,0.0
2023-09-12 13:30:00-04:00,24.65999984741211,24.65999984741211,24.65999984741211,24.65999984741211,365,0.0,0.0
2023-09-12 14:30:00-04:00,24.799999237060547,24.799999237060547,24.799999237060547,24.799999237060547,0,0.0,0.0
2023-09-13 09:30:00-04:00,24.649999618530273,24.649999618530273,24.649999618530273,24.649999618530273,788,0.0,0.0
2023-09-13 10:30:00-04:00,24.719999313354492,24.799999237060547,24.719999313354492,24.799999237060547,1155,0.0,0.0
2023-09-13 14:30:00-04:00,24.799999237060547,24.799999237060547,24.799999237060547,24.799999237060547,125,0.0,0.0
2023-09-13 15:30:00-04:00,24.75,24.75,24.75,24.75,382,0.0,0.0
2023-09-14 11:30:00-04:00,24.799999237060547,24.799999237060547,24.70009994506836,24.70009994506836,219,0.0,0.0
2023-09-14 12:30:00-04:00,24.799999237060547,24.799999237060547,24.79990005493164,24.79990005493164,319,0.0,0.0
2023-09-14 13:30:00-04:00,24.799999237060547,24.799999237060547,24.799999237060547,24.799999237060547,336,0.0,0.0
2023-09-14 14:30:00-04:00,24.799999237060547,24.799999237060547,24.799999237060547,24.799999237060547,352,0.0,0.0
2023-09-15 09:30:00-04:00,24.774999618530273,24.774999618530273,24.774999618530273,24.774999618530273,0,0.0,0.0
2023-09-15 14:30:00-04:00,24.79990005493164,24.79990005493164,24.79990005493164,24.79990005493164,100,0.0,0.0
2023-09-18 09:30:00-04:00,24.799999237060547,24.799999237060547,24.79949951171875,24.79949951171875,248,0.0,0.0
2023-09-18 10:30:00-04:00,24.774999618530273,24.774999618530273,24.774999618530273,24.774999618530273,110,0.0,0.0
2023-09-18 13:30:00-04:00,24.79290008544922,24.799999237060547,24.79290008544922,24.799999237060547,432,0.0,0.0
2023-09-18 14:30:00-04:00,24.799999237060547,24.799999237060547,24.799999237060547,24.799999237060547,350,0.0,0.0
2023-09-18 15:30:00-04:00,24.799999237060547,24.799999237060547,24.790000915527344,24.790000915527344,1252,0.0,0.0
2023-09-19 09:30:00-04:00,24.790000915527344,24.79050064086914,24.780000686645508,24.780000686645508,0,0.0,0.0
2023-09-19 10:30:00-04:00,24.799999237060547,24.799999237060547,24.799999237060547,24.799999237060547,300,0.0,0.0
2023-09-19 14:30:00-04:00,24.784000396728516,24.799999237060547,24.774999618530273,24.774999618530273,2435,0.0,0.0
2023-09-19 15:30:00-04:00,24.799999237060547,24.850000381469727,24.79990005493164,24.850000381469727,0,0.0,0.0
2023-09-20 10:30:00-04:00,24.86720085144043,24.86720085144043,24.850000381469727,24.850000381469727,715,0.0,0.0
2023-09-20 11:30:00-04:00,24.889999389648438,24.889999389648438,24.889999389648438,24.889999389648438,254,0.0,0.0
2023-09-20 12:30:00-04:00,24.85420036315918,24.889999389648438,24.85420036315918,24.889999389648438,631,0.0,0.0
2023-09-20 13:30:00-04:00,24.889999389648438,24.899999618530273,24.847700119018555,24.899999618530273,0,0.0,0.0
2023-09-21 11:30:00-04:00,24.760000228881836,24.809999465942383,24.75,24.809999465942383,599,0.0,0.0
2023-09-21 12:30:00-04:00,24.860000610351562,24.8700008392334,24.860000610351562,24.8700008392334,600,0.0,0.0
2023-09-21 13:30:00-04:00,24.799999237060547,24.799999237060547,24.799999237060547,24.799999237060547,600,0.0,0.0
2023-09-21 14:30:00-04:00,24.799999237060547,24.799999237060547,24.799999237060547,24.799999237060547,0,0.0,0.0
2023-09-22 10:30:00-04:00,24.799999237060547,24.799999237060547,24.799999237060547,24.799999237060547,361,0.0,0.0
2023-09-22 12:30:00-04:00,24.812299728393555,24.812299728393555,24.812299728393555,24.812299728393555,813,0.0,0.0
2023-09-22 14:30:00-04:00,24.860000610351562,24.860000610351562,24.860000610351562,24.860000610351562,221,0.0,0.0
2023-09-25 09:30:00-04:00,24.829999923706055,24.829999923706055,24.829999923706055,24.829999923706055,0,0.0,0.0
2023-09-25 14:30:00-04:00,24.860000610351562,24.860000610351562,24.860000610351562,24.860000610351562,1141,0.0,0.0
2023-09-25 15:30:00-04:00,24.838600158691406,24.860000610351562,24.799999237060547,24.860000610351562,0,0.0,0.0
2023-09-26 11:30:00-04:00,24.760000228881836,24.81529998779297,24.760000228881836,24.760000228881836,1168,0.0,0.0
2023-09-26 12:30:00-04:00,24.79400062561035,24.860000610351562,24.79400062561035,24.82550048828125,800,0.0,0.0
2023-09-26 13:30:00-04:00,24.75,24.860000610351562,24.75,24.860000610351562,0,0.0,0.0
2023-09-27 09:30:00-04:00,24.809999465942383,24.860000610351562,24.809999465942383,24.859399795532227,610,0.0,0.0
2023-09-27 10:30:00-04:00,24.799999237060547,24.799999237060547,24.799999237060547,24.799999237060547,927,0.0,0.0
2023-09-27 14:30:00-04:00,24.75,24.76420021057129,24.75,24.76420021057129,308,0.0,0.0
2023-09-27 15:30:00-04:00,24.780000686645508,24.783700942993164,24.65999984741211,24.783700942993164,0,0.0,0.0
2023-09-28 09:30:00-04:00,24.780000686645508,24.780000686645508,24.780000686645508,24.780000686645508,135,0.0,0.0
2023-09-28 12:30:00-04:00,24.81999969482422,24.836999893188477,24.81999969482422,24.836999893188477,611,0.0,0.0
2023-09-28 14:30:00-04:00,24.792400360107422,24.860000610351562,24.76020050048828,24.76020050048828,1126,0.0,0.0
2023-09-28 15:30:00-04:00,24.84000015258789,24.84000015258789,24.84000015258789,24.84000015258789,0,0.0,0.0
2023-09-29 10:30:00-04:00,24.860000610351562,24.860000610351562,24.860000610351562,24.860000610351562,417,0.0,0.0
2023-09-29 13:30:00-04:00,24.860000610351562,24.860000610351562,24.799999237060547,24.799999237060547,505,0.0,0.0
2023-09-29 15:30:00-04:00,24.860000610351562,24.860000610351562,24.649999618530273,24.860000610351562,1046,0.0,0.0
2023-10-02 12:30:00-04:00,24.860000610351562,24.860000610351562,24.860000610351562,24.860000610351562,0,0.0,0.0
2023-10-02 13:30:00-04:00,24.70009994506836,24.790000915527344,24.70009994506836,24.790000915527344,960,0.0,0.0
2023-10-02 14:30:00-04:00,24.780000686645508,24.809999465942383,24.780000686645508,24.809999465942383,200,0.0,0.0
2023-10-03 09:30:00-04:00,24.799999237060547,24.799999237060547,24.799999237060547,24.799999237060547,0,0.0,0.0
2023-10-03 11:30:00-04:00,24.510000228881836,24.540000915527344,24.510000228881836,24.530000686645508,1053,0.0,0.0
2023-10-03 14:30:00-04:00,24.520000457763672,24.850000381469727,24.5,24.850000381469727,0,0.0,0.0
2023-10-04 10:30:00-04:00,24.610000610351562,24.61090087890625,24.59000015258789,24.61090087890625,2436,0.0,0.0
2023-10-04 11:30:00-04:00,24.690000534057617,24.690000534057617,24.690000534057617,24.690000534057617,183,0.0,0.0
2023-10-04 13:30:00-04:00,24.610000610351562,24.610000610351562,24.56999969482422,24.56999969482422,388,0.0,0.0
2023-10-04 14:30:00-04:00,24.6299991607666,24.690000534057617,24.6299991607666,24.68000030517578,0,0.0,0.0
2023-10-05 09:30:00-04:00,24.559999465942383,24.849899291992188,24.559999465942383,24.849899291992188,1132,0.0,0.0
2023-10-05 10:30:00-04:00,24.799999237060547,24.80699920654297,24.799999237060547,24.799999237060547,1053,0.0,0.0
2023-10-05 11:30:00-04:00,24.799999237060547,24.84000015258789,24.799999237060547,24.799999237060547,2250,0.0,0.0
2023-10-05 12:30:00-04:00,24.83989906311035,24.83989906311035,24.81999969482422,24.81999969482422,579,0.0,0.0
2023-10-05 13:30:00-04:00,24.800100326538086,24.813899993896484,24.799999237060547,24.80900001525879,2019,0.0,0.0
2023-10-06 09:30:00-04:00,24.790000915527344,24.790000915527344,24.790000915527344,24.790000915527344,0,0.0,0.0
2023-10-09 10:30:00-04:00,24.725000381469727,24.725000381469727,24.6200008392334,24.725000381469727,511,0.0,0.0
2023-10-09 11:30:00-04:00,24.760000228881836,24.760000228881836,24.760000228881836,24.760000228881836,100,0.0,0.0
2023-10-09 12:30:00-04:00,24.760099411010742,24.760099411010742,24.760099411010742,24.760099411010742,100,0.0,0.0
2023-10-09 13:30:00-04:00,24.760000228881836,24.829999923706055,24.739999771118164,24.829999923706055,1422,0.0,0.0
2023-10-09 14:30:00-04:00,24.75,24.772499084472656,24.75,24.760000228881836,0,0.0,0.0
2023-10-10 12:30:00-04:00,24.760000228881836,24.760000228881836,24.67729949951172,24.67729949951172,2127,0.0,0.0
2023-10-10 13:30:00-04:00,24.690000534057617,24.700000762939453,24.68000030517578,24.68000030517578,702,0.0,0.0
2023-10-10 14:30:00-04:00,24.68000030517578,24.700000762939453,24.6200008392334,24.700000762939453,0,0.0,0.0
2023-10-11 10:30:00-04:00,24.5,24.5,24.5,24.5,500,0.0,0.0
2023-10-11 13:30:00-04:00,24.690000534057617,24.690000534057617,24.690000534057617,24.690000534057617,100,0.0,0.0
2023-10-11 14:30:00-04:00,24.649999618530273,24.649999618530273,24.649999618530273,24.649999618530273,0,0.0,0.0
2023-10-12 10:30:00-04:00,24.700000762939453,24.700000762939453,24.700000762939453,24.700000762939453,202,0.0,0.0
2023-10-12 11:30:00-04:00,24.690000534057617,24.690000534057617,24.690000534057617,24.690000534057617,400,0.0,0.0
2023-10-12 13:30:00-04:00,24.690000534057617,24.690000534057617,24.690000534057617,24.690000534057617,100,0.0,0.0
2023-10-12 14:30:00-04:00,24.690000534057617,24.690000534057617,24.68000030517578,24.68000030517578,0,0.0,0.0
2023-10-13 09:30:00-04:00,24.598100662231445,24.6072998046875,24.598100662231445,24.6072998046875,2100,0.0,0.0
2023-10-13 10:30:00-04:00,24.689800262451172,24.690000534057617,24.689800262451172,24.690000534057617,528,0.0,0.0
2023-10-13 11:30:00-04:00,24.530000686645508,24.530000686645508,24.510000228881836,24.510000228881836,974,0.0,0.0
2023-10-13 12:30:00-04:00,24.594999313354492,24.600000381469727,24.5,24.59000015258789,3104,0.0,0.0
2023-10-13 13:30:00-04:00,24.670000076293945,24.68000030517578,24.670000076293945,24.68000030517578,580,0.0,0.0
2023-10-13 14:30:00-04:00,24.68000030517578,24.68000030517578,24.68000030517578,24.68000030517578,182,0.0,0.0
2023-10-16 13:30:00-04:00,24.68000030517578,24.700000762939453,24.68000030517578,24.700000762939453,2591,0.0,0.0
2023-10-16 14:30:00-04:00,24.610000610351562,24.700000762939453,24.610000610351562,24.700000762939453,3100,0.0,0.0
2023-10-16 15:30:00-04:00,24.649999618530273,24.649999618530273,24.649999618530273,24.649999618530273,148,0.0,0.0
2023-10-17 09:30:00-04:00,24.649999618530273,24.649999618530273,24.59000015258789,24.6200008392334,0,0.0,0.0
2023-10-17 10:30:00-04:00,24.649999618530273,24.649999618530273,24.600000381469727,24.600000381469727,3940,0.0,0.0
2023-10-17 11:30:00-04:00,24.700000762939453,24.700000762939453,24.700000762939453,24.700000762939453,2794,0.0,0.0
2023-10-17 12:30:00-04:00,24.809999465942383,24.809999465942383,24.809999465942383,24.809999465942383,175,0.0,0.0
2023-10-17 13:30:00-04:00,24.799999237060547,24.799999237060547,24.75040054321289,24.774999618530273,1044,0.0,0.0
2023-10-17 15:30:00-04:00,24.600000381469727,24.729999542236328,24.600000381469727,24.729999542236328,253,0.0,0.0
2023-10-18 09:30:00-04:00,24.649999618530273,24.649999618530273,24.649999618530273,24.649999618530273,0,0.0,0.0
2023-10-18 10:30:00-04:00,24.600099563598633,24.6200008392334,24.600099563598633,24.6200008392334,538,0.0,0.0
2023-10-18 11:30:00-04:00,24.6200008392334,24.6200008392334,24.559999465942383,24.559999465942383,1400,0.0,0.0
2023-10-18 13:30:00-04:00,24.549999237060547,24.549999237060547,24.549999237060547,24.549999237060547,652,0.0,0.0
2023-10-18 14:30:00-04:00,24.549999237060547,24.549999237060547,24.549999237060547,24.549999237060547,478,0.0,0.0
2023-10-18 15:30:00-04:00,24.600000381469727,24.649700164794922,24.520000457763672,24.520000457763672,2575,0.0,0.0
2023-10-19 09:30:00-04:00,24.649999618530273,24.649999618530273,24.649999618530273,24.649999618530273,330,0.0,0.0
2023-10-19 10:30:00-04:00,24.649900436401367,24.649900436401367,24.649900436401367,24.649900436401367,0,0.0,0.0
2023-10-19 11:30:00-04:00,24.530000686645508,24.649999618530273,24.520000457763672,24.649999618530273,1195,0.0,0.0
2023-10-19 14:30:00-04:00,24.526500701904297,24.526500701904297,24.526500701904297,24.526500701904297,600,0.0,0.0
2023-10-19 15:30:00-04:00,24.520000457763672,24.530000686645508,24.520000457763672,24.520000457763672,0,0.0,0.0
2023-10-20 09:30:00-04:00,24.614999771118164,24.670000076293945,24.614999771118164,24.670000076293945,710,0.0,0.0
2023-10-20 11:30:00-04:00,24.690000534057617,24.690000534057617,24.690000534057617,24.690000534057617,141,0.0,0.0
2023-10-20 14:30:00-04:00,24.690000534057617,24.690000534057617,24.690000534057617,24.690000534057617,1019,0.0,0.0
2023-10-23 09:30:00-04:00,24.649999618530273,24.700000762939453,24.649999618530273,24.700000762939453,0,0.0,0.0
2023-10-23 11:30:00-04:00,24.70949935913086,24.70949935913086,24.70949935913086,24.70949935913086,100,0.0,0.0
2023-10-23 12:30:00-04:00,24.770000457763672,24.770000457763672,24.770000457763672,24.770000457763672,101,0.0,0.0
2023-10-23 13:30:00-04:00,24.760000228881836,24.760000228881836,24.700000762939453,24.700000762939453,2749,0.0,0.0
2023-10-23 14:30:00-04:00,24.780000686645508,24.84000015258789,24.7450008392334,24.799999237060547,0,0.0,0.0
2023-10-24 10:30:00-04:00,24.680099487304688,24.739999771118164,24.680099487304688,24.739999771118164,1020,0.0,0.0
2023-10-24 12:30:00-04:00,24.737499237060547,24.737499237060547,24.737499237060547,24.737499237060547,200,0.0,0.0
2023-10-24 13:30:00-04:00,24.790000915527344,24.799999237060547,24.790000915527344,24.799999237060547,580,0.0,0.0
2023-10-25 11:30:00-04:00,24.68000030517578,24.68000030517578,24.68000030517578,24.68000030517578,0,0.0,0.0
2023-10-25 13:30:00-04:00,24.68000030517578,24.680299758911133,24.68000030517578,24.680299758911133,1600,0.0,0.0
2023-10-25 14:30:00-04:00,24.68000030517578,24.690000534057617,24.5,24.690000534057617,1800,0.0,0.0
2023-10-26 09:30:00-04:00,24.690000534057617,24.690000534057617,24.690000534057617,24.690000534057617,0,0.0,0.0
2023-10-26 12:30:00-04:00,24.78849983215332,24.78849983215332,24.78849983215332,24.78849983215332,0,0.0,0.0
2023-10-27 10:30:00-04:00,24.719999313354492,24.719999313354492,24.690000534057617,24.719999313354492,593,0.0,0.0
2023-10-27 11:30:00-04:00,24.600000381469727,24.600000381469727,24.600000381469727,24.600000381469727,990,0.0,0.0
2023-10-27 12:30:00-04:00,24.600000381469727,24.600000381469727,24.600000381469727,24.600000381469727,812,0.0,0.0
2023-10-27 14:30:00-04:00,24.649999618530273,24.649999618530273,24.649999618530273,24.649999618530273,653,0.0,0.0
2023-10-27 15:30:00-04:00,24.770000457763672,24.770000457763672,24.770000457763672,24.770000457763672,200,0.0,0.0
2023-10-30 09:30:00-04:00,24.75,24.75,24.75,24.75,0,0.0,0.0
2023-10-30 11:30:00-04:00,24.75,24.75,24.75,24.75,100,0.0,0.0
2023-10-30 12:30:00-04:00,24.642099380493164,24.749900817871094,24.642099380493164,24.749900817871094,700,0.0,0.0
2023-10-30 14:30:00-04:00,24.649999618530273,24.649999618530273,24.649999618530273,24.649999618530273,317,0.0,0.0
2023-10-30 15:30:00-04:00,24.649999618530273,24.649999618530273,24.649999618530273,24.649999618530273,0,0.0,0.0
2023-10-31 11:30:00-04:00,24.739999771118164,24.75,24.739999771118164,24.75,469,0.0,0.0
2023-10-31 12:30:00-04:00,24.748600006103516,24.75,24.748600006103516,24.75,350,0.0,0.0
2023-10-31 13:30:00-04:00,24.75,24.799999237060547,24.75,24.799999237060547,1005,0.0,0.0
2023-10-31 14:30:00-04:00,24.798999786376953,24.798999786376953,24.798999786376953,24.798999786376953,100,0.0,0.0
2023-11-01 09:30:00-04:00,24.726999282836914,24.726999282836914,24.726999282836914,24.726999282836914,0,0.0,0.0
2023-11-01 10:30:00-04:00,24.79290008544922,24.79290008544922,24.79290008544922,24.79290008544922,370,0.0,0.0
2023-11-01 14:30:00-04:00,24.799999237060547,24.799999237060547,24.774999618530273,24.774999618530273,0,0.0,0.0
2023-11-02 09:30:00-04:00,24.799999237060547,24.829999923706055,24.799999237060547,24.829999923706055,366,0.0,0.0
2023-11-02 11:30:00-04:00,24.829999923706055,24.849899291992188,24.829999923706055,24.849899291992188,613,0.0,0.0
2023-11-02 13:30:00-04:00,24.850000381469727,24.889999389648438,24.850000381469727,24.889999389648438,0,0.0,0.0
2023-11-03 09:30:00-04:00,24.889999389648438,24.91990089416504,24.851600646972656,24.851600646972656,4104,0.0,0.0
2023-11-03 12:30:00-04:00,24.889999389648438,24.889999389648438,24.889999389648438,24.889999389648438,365,0.0,0.0
2023-11-03 13:30:00-04:00,24.899999618530273,24.899999618530273,24.899999618530273,24.899999618530273,234,0.0,0.0
2023-11-03 15:30:00-04:00,24.885000228881836,24.885000228881836,24.850000381469727,24.850000381469727,288,0.0,0.0
2023-11-06 09:30:00-05:00,24.899999618530273,24.899999618530273,24.899999618530273,24.899999618530273,0,0.0,0.0
2023-11-06 10:30:00-05:00,24.920000076293945,24.920000076293945,24.920000076293945,24.920000076293945,161,0.0,0.0
2023-11-06 11:30:00-05:00,24.920000076293945,24.920000076293945,24.920000076293945,24.920000076293945,390,0.0,0.0
2023-11-06 12:30:00-05:00,24.920000076293945,24.920000076293945,24.898099899291992,24.920000076293945,3419,0.0,0.0
2023-11-06 13:30:00-05:00,24.920000076293945,24.920000076293945,24.920000076293945,24.920000076293945,185,0.0,0.0
2023-11-06 14:30:00-05:00,24.886499404907227,24.886499404907227,24.860000610351562,24.860000610351562,0,0.0,0.0
2023-11-07 10:30:00-05:00,24.939899444580078,24.939899444580078,24.939899444580078,24.939899444580078,131,0.0,0.0
2023-11-07 11:30:00-05:00,24.889999389648438,24.907899856567383,24.8700008392334,24.8700008392334,2121,0.0,0.0
2023-11-07 14:30:00-05:00,24.889999389648438,24.940000534057617,24.889999389648438,24.940000534057617,667,0.0,0.0
2023-11-07 15:30:00-05:00,24.899999618530273,24.899999618530273,24.899999618530273,24.899999618530273,0,0.0,0.0
2023-11-08 10:30:00-05:00,24.850000381469727,24.850000381469727,24.850000381469727,24.850000381469727,286,0.0,0.0
2023-11-08 12:30:00-05:00,24.871000289916992,24.871000289916992,24.8700008392334,24.8700008392334,2627,0.0,0.0
2023-11-08 13:30:00-05:00,24.889999389648438,24.889999389648438,24.889999389648438,24.889999389648438,2779,0.0,0.0
2023-11-08 15:30:00-05:00,24.8700008392334,24.8700008392334,24.8700008392334,24.8700008392334,136,0.0,0.0
2023-11-09 09:30:00-05:00,24.889999389648438,24.899999618530273,24.8799991607666,24.899999618530273,0,0.0,0.0
2023-11-09 11:30:00-05:00,24.908000946044922,24.908000946044922,24.908000946044922,24.908000946044922,197,0.0,0.0
2023-11-09 12:30:00-05:00,24.899999618530273,24.899999618530273,24.899999618530273,24.899999618530273,237,0.0,0.0
2023-11-09 14:30:00-05:00,24.899999618530273,24.899999618530273,24.850099563598633,24.850099563598633,0,0.0,0.0
2023-11-10 09:30:00-05:00,24.850000381469727,24.850000381469727,24.850000381469727,24.850000381469727,143,0.0,0.0
2023-11-10 10:30:00-05:00,24.890899658203125,24.890899658203125,24.875,24.875,769,0.0,0.0
2023-11-10 12:30:00-05:00,24.875,24.875,24.875,24.875,100,0.0,0.0
2023-11-10 13:30:00-05:00,24.8799991607666,24.8799991607666,24.8799991607666,24.8799991607666,320,0.0,0.0
2023-11-10 15:30:00-05:00,24.8799991607666,24.8799991607666,24.8799991607666,24.8799991607666,100,0.0,0.0
2023-11-13 09:30:00-05:00,24.93000030517578,24.940000534057617,24.899999618530273,24.940000534057617,1713,0.0,0.0
2023-11-13 10:30:00-05:00,24.889999389648438,24.940900802612305,24.889999389648438,24.940900802612305,769,0.0,0.0
2023-11-13 12:30:00-05:00,24.899999618530273,24.940000534057617,24.899999618530273,24.940000534057617,680,0.0,0.0
2023-11-13 14:30:00-05:00,24.900100708007812,24.900100708007812,24.900100708007812,24.900100708007812,337,0.0,0.0
2023-11-13 15:30:00-05:00,24.91010093688965,24.950000762939453,24.90999984741211,24.90999984741211,912,0.0,0.0
2023-11-14 09:30:00-05:00,24.6299991607666,24.799999237060547,24.6299991607666,24.700000762939453,2999,0.0,0.0
2023-11-14 10:30:00-05:00,24.607500076293945,24.607500076293945,24.607500076293945,24.607500076293945,2011,0.0,0.0
2023-11-14 11:30:00-05:00,24.639999389648438,24.676000595092773,24.639999389648438,24.676000595092773,528,0.0,0.0
2023-11-14 12:30:00-05:00,24.640199661254883,24.640199661254883,24.640199661254883,24.640199661254883,369,0.0,0.0
2023-11-14 13:30:00-05:00,24.749900817871094,24.749900817871094,24.700000762939453,24.700000762939453,1879,0.0,0.0
2023-11-14 15:30:00-05:00,24.700000762939453,24.700000762939453,24.700000762939453,24.700000762939453,800,0.0,0.0
2023-11-15 09:30:00-05:00,24.700000762939453,24.700000762939453,24.700000762939453,24.700000762939453,0,0.0,0.0
2023-11-15 11:30:00-05:00,24.674999237060547,24.674999237060547,24.674999237060547,24.674999237060547,487,0.0,0.0
2023-11-15 12:30:00-05:00,24.700000762939453,24.700000762939453,24.700000762939453,24.700000762939453,277,0.0,0.0
2023-11-15 13:30:00-05:00,24.700000762939453,24.700000762939453,24.649999618530273,24.649999618530273,500,0.0,0.0
2023-11-15 14:30:00-05:00,24.673799514770508,24.673799514770508,24.649999618530273,24.649999618530273,811,0.0,0.0
2023-11-15 15:30:00-05:00,24.600000381469727,24.600000381469727,24.600000381469727,24.600000381469727,0,0.0,0.0
2023-11-16 10:30:00-05:00,24.725000381469727,24.725000381469727,24.725000381469727,24.725000381469727,200,0.0,0.0
2023-11-16 11:30:00-05:00,24.719999313354492,24.73270034790039,24.670000076293945,24.73270034790039,400,0.0,0.0
2023-11-16 12:30:00-05:00,24.670000076293945,24.670000076293945,24.670000076293945,24.670000076293945,243,0.0,0.0
2023-11-16 15:30:00-05:00,24.739999771118164,24.739999771118164,24.739999771118164,24.739999771118164,0,0.0,0.0
2023-11-17 11:30:00-05:00,24.790000915527344,24.790000915527344,24.790000915527344,24.790000915527344,102,0.0,0.0
2023-11-17 13:30:00-05:00,24.60099983215332,24.649999618530273,24.60099983215332,24.649999618530273,1202,0.0,0.0
2023-11-17 14:30:00-05:00,24.700000762939453,24.780000686645508,24.700000762939453,24.700000762939453,505,0.0,0.0
2023-11-17 15:30:00-05:00,24.799999237060547,24.799999237060547,24.6200008392334,24.799999237060547,561,0.0,0.0
2023-11-20 11:30:00-05:00,24.799999237060547,24.799999237060547,24.799999237060547,24.799999237060547,182,0.0,0.0
2023-11-21 09:30:00-05:00,24.790000915527344,24.790000915527344,24.600000381469727,24.600000381469727,131,0.0,0.0
2023-11-21 10:30:00-05:00,24.79990005493164,24.79990005493164,24.700000762939453,24.700000762939453,560,0.0,0.0
2023-11-21 11:30:00-05:00,24.79990005493164,24.799999237060547,24.79990005493164,24.799999237060547,733,0.0,0.0
2023-11-21 12:30:00-05:00,24.6299991607666,24.6299991607666,24.600000381469727,24.6200008392334,975,0.0,0.0
2023-11-21 13:30:00-05:00,24.729999542236328,24.739999771118164,24.729999542236328,24.739999771118164,0,0.0,0.0
2023-11-22 09:30:00-05:00,24.68000030517578,24.700000762939453,24.600299835205078,24.600299835205078,1089,0.0,0.0
2023-11-22 10:30:00-05:00,24.650999069213867,24.650999069213867,24.649999618530273,24.649999618530273,478,0.0,0.0
2023-11-22 11:30:00-05:00,24.73310089111328,24.737699508666992,24.729999542236328,24.729999542236328,500,0.0,0.0
2023-11-22 12:30:00-05:00,24.736099243164062,24.749799728393555,24.700000762939453,24.749799728393555,1669,0.0,0.0
2023-11-22 14:30:00-05:00,24.729700088500977,24.729700088500977,24.729700088500977,24.729700088500977,241,0.0,0.0
2023-11-22 15:30:00-05:00,24.650299072265625,24.709999084472656,24.649999618530273,24.649999618530273,503,0.0,0.0
2023-11-24 09:30:00-05:00,24.700000762939453,24.700000762939453,24.680999755859375,24.680999755859375,0,0.0,0.0
2023-11-24 10:30:00-05:00,24.700000762939453,24.709999084472656,24.700000762939453,24.700000762939453,810,0.0,0.0
2023-11-24 11:30:00-05:00,24.700000762939453,24.700000762939453,24.700000762939453,24.700000762939453,593,0.0,0.0
2023-11-24 12:30:00-05:00,24.700000762939453,24.700000762939453,24.65999984741211,24.65999984741211,0,0.0,0.0
2023-11-27 09:30:00-05:00,24.690000534057617,24.75,24.689899444580078,24.75,7420,0.0,0.0
2023-11-27 10:30:00-05:00,24.75,24.75,24.73900032043457,24.73900032043457,788,0.0,0.0
2023-11-27 11:30:00-05:00,24.75,24.75,24.741500854492188,24.7450008392334,1765,0.0,0.0
2023-11-27 13:30:00-05:00,24.75,24.75,24.739999771118164,24.739999771118164,1038,0.0,0.0
2023-11-27 14:30:00-05:00,24.729999542236328,24.739999771118164,24.729999542236328,24.730499267578125,1612,0.0,0.0
2023-11-27 15:30:00-05:00,24.729999542236328,24.729999542236328,24.719999313354492,24.719999313354492,0,0.0,0.0
2023-11-28 09:30:00-05:00,24.729999542236328,24.729999542236328,24.729900360107422,24.729900360107422,300,0.0,0.0
2023-11-28 10:30:00-05:00,24.729999542236328,24.729999542236328,24.690000534057617,24.690000534057617,864,0.0,0.0
2023-11-28 11:30:00-05:00,24.729999542236328,24.729999542236328,24.729999542236328,24.729999542236328,388,0.0,0.0
2023-11-28 12:30:00-05:00,24.690000534057617,24.690000534057617,24.690000534057617,24.690000534057617,519,0.0,0.0
2023-11-28 14:30:00-05:00,24.690000534057617,24.729999542236328,24.690000534057617,24.700000762939453,1569,0.0,0.0
2023-11-28 15:30:00-05:00,24.700000762939453,24.700000762939453,24.700000762939453,24.700000762939453,0,0.0,0.0
2023-11-29 09:30:00-05:00,24.729999542236328,24.790000915527344,24.729999542236328,24.789899826049805,4319,0.0,0.0
2023-11-29 10:30:00-05:00,24.780000686645508,24.780000686645508,24.780000686645508,24.780000686645508,160,0.0,0.0
2023-11-29 11:30:00-05:00,24.760000228881836,24.780000686645508,24.760000228881836,24.780000686645508,264,0.0,0.0
2023-11-30 10:30:00-05:00,24.750099182128906,24.750099182128906,24.750099182128906,24.750099182128906,0,0.0,0.0
2023-11-30 11:30:00-05:00,24.760000228881836,24.760000228881836,24.700000762939453,24.700000762939453,1481,0.0,0.0
2023-11-30 12:30:00-05:00,24.799999237060547,24.81999969482422,24.700000762939453,24.760000228881836,1767,0.0,0.0
2023-11-30 13:30:00-05:00,24.719999313354492,24.809999465942383,24.700000762939453,24.809999465942383,974,0.0,0.0
2023-11-30 14:30:00-05:00,24.700000762939453,24.799999237060547,24.700000762939453,24.799999237060547,1103,0.0,0.0
2023-11-30 15:30:00-05:00,24.700000762939453,24.700000762939453,24.700000762939453,24.700000762939453,217,0.0,0.0
2023-12-01 09:30:00-05:00,24.799999237060547,24.799999237060547,24.799999237060547,24.799999237060547,0,0.0,0.0
2023-12-01 10:30:00-05:00,24.799999237060547,24.80500030517578,24.774900436401367,24.80500030517578,2690,0.0,0.0
2023-12-01 11:30:00-05:00,24.802400588989258,24.809999465942383,24.799999237060547,24.809999465942383,631,0.0,0.0
2023-12-01 13:30:00-05:00,24.850000381469727,24.850000381469727,24.850000381469727,24.850000381469727,100,0.0,0.0
2023-12-01 14:30:00-05:00,24.825000762939453,24.825000762939453,24.825000762939453,24.825000762939453,300,0.0,0.0
2023-12-01 15:30:00-05:00,24.83300018310547,24.850000381469727,24.83169937133789,24.83169937133789,500,0.0,0.0
2023-12-04 09:30:00-05:00,24.799999237060547,24.799999237060547,24.799999237060547,24.799999237060547,0,0.0,0.0
2023-12-04 10:30:00-05:00,24.825000762939453,24.825000762939453,24.825000762939453,24.825000762939453,135,0.0,0.0
2023-12-04 11:30:00-05:00,24.825000762939453,24.825000762939453,24.825000762939453,24.825000762939453,116,0.0,0.0
2023-12-04 12:30:00-05:00,24.8439998626709,24.8439998626709,24.8439998626709,24.8439998626709,0,0.0,0.0
2023-12-05 09:30:00-05:00,24.799999237060547,24.8799991607666,24.799999237060547,24.8700008392334,2456,0.0,0.0
2023-12-05 10:30:00-05:00,24.8799991607666,24.8799991607666,24.848899841308594,24.848899841308594,1423,0.0,0.0
2023-12-05 14:30:00-05:00,24.8799991607666,24.8799991607666,24.860000610351562,24.860000610351562,502,0.0,0.0
2023-12-05 15:30:00-05:00,24.867900848388672,24.8799991607666,24.867900848388672,24.8799991607666,0,0.0,0.0
2023-12-06 11:30:00-05:00,24.940000534057617,24.940000534057617,24.880199432373047,24.880300521850586,4364,0.0,0.0
2023-12-06 12:30:00-05:00,24.90999984741211,24.90999984741211,24.889999389648438,24.889999389648438,656,0.0,0.0
2023-12-06 13:30:00-05:00,24.921600341796875,24.928499221801758,24.920000076293945,24.928499221801758,605,0.0,0.0
2023-12-06 14:30:00-05:00,24.905000686645508,24.905000686645508,24.889999389648438,24.889999389648438,291,0.0,0.0
2023-12-06 15:30:00-05:00,24.940000534057617,24.940000534057617,24.940000534057617,24.940000534057617,100,0.0,0.0
2023-12-07 09:30:00-05:00,24.809999465942383,24.809999465942383,24.809999465942383,24.809999465942383,0,0.0,0.0
2023-12-07 10:30:00-05:00,24.940000534057617,24.940000534057617,24.940000534057617,24.940000534057617,945,0.0,0.0
2023-12-07 11:30:00-05:00,24.927400588989258,24.940000534057617,24.927400588989258,24.940000534057617,1131,0.0,0.0
2023-12-07 12:30:00-05:00,24.93000030517578,24.93000030517578,24.93000030517578,24.93000030517578,211,0.0,0.0
2023-12-07 14:30:00-05:00,24.940000534057617,24.940000534057617,24.940000534057617,24.940000534057617,300,0.0,0.0
2023-12-07 15:30:00-05:00,24.93720054626465,24.940000534057617,24.93720054626465,24.940000534057617,757,0.0,0.0
2023-12-08 09:30:00-05:00,24.95989990234375,24.959999084472656,24.945600509643555,24.945600509643555,0,0.0,0.0
2023-12-08 10:30:00-05:00,24.95989990234375,24.95989990234375,24.899999618530273,24.899999618530273,470,0.0,0.0
2023-12-08 12:30:00-05:00,24.959999084472656,24.959999084472656,24.931499481201172,24.931499481201172,1410,0.0,0.0
2023-12-08 15:30:00-05:00,24.943599700927734,24.943599700927734,24.940000534057617,24.940000534057617,600,0.0,0.0
2023-12-11 09:30:00-05:00,24.899999618530273,24.899999618530273,24.899999618530273,24.899999618530273,0,0.0,0.0
2023-12-11 10:30:00-05:00,24.899999618530273,24.899999618530273,24.899999618530273,24.899999618530273,598,0.0,0.0
2023-12-11 11:30:00-05:00,24.899999618530273,24.899999618530273,24.899999618530273,24.899999618530273,781,0.0,0.0
2023-12-11 15:30:00-05:00,24.899900436401367,24.899900436401367,24.88559913635254,24.88559913635254,700,0.0,0.0
2023-12-12 09:30:00-05:00,24.899999618530273,24.899999618530273,24.899999618530273,24.899999618530273,0,0.0,0.0
2023-12-12 10:30:00-05:00,24.850000381469727,24.899999618530273,24.850000381469727,24.899999618530273,521,0.0,0.0
2023-12-12 11:30:00-05:00,24.899999618530273,24.979999542236328,24.899999618530273,24.979999542236328,2037,0.0,0.0
2023-12-12 12:30:00-05:00,24.979999542236328,24.979999542236328,24.979999542236328,24.979999542236328,0,0.0,0.0
2023-12-13 10:30:00-05:00,24.979999542236328,24.979999542236328,24.979999542236328,24.979999542236328,958,0.0,0.0
2023-12-13 11:30:00-05:00,24.915000915527344,24.915000915527344,24.8799991607666,24.8799991607666,699,0.0,0.0
2023-12-13 12:30:00-05:00,24.920000076293945,24.920000076293945,24.920000076293945,24.920000076293945,200,0.0,0.0
2023-12-13 13:30:00-05:00,24.93000030517578,24.979999542236328,24.93000030517578,24.969999313354492,1710,0.0,0.0
2023-12-13 14:30:00-05:00,24.979999542236328,25.0,24.970199584960938,24.983699798583984,1201,0.0,0.0
2023-12-13 15:30:00-05:00,24.950000762939453,24.959999084472656,24.950000762939453,24.950000762939453,0,0.0,0.0
2023-12-14 09:30:00-05:00,24.989999771118164,24.989999771118164,24.946500778198242,24.989999771118164,1433,0.0,0.0
2023-12-14 10:30:00-05:00,24.989900588989258,24.989999771118164,24.940000534057617,24.940000534057617,942,0.0,0.0
2023-12-14 11:30:00-05:00,24.953399658203125,25.0,24.904300689697266,24.904300689697266,1255,0.0,0.0
2023-12-14 12:30:00-05:00,25.0,25.0,24.976200103759766,24.976200103759766,1496,0.0,0.0
2023-12-14 14:30:00-05:00,25.0,25.100000381469727,24.976200103759766,25.100000381469727,922,0.0,0.0
2023-12-15 10:30:00-05:00,25.08880043029785,25.08880043029785,25.08880043029785,25.08880043029785,0,0.0,0.0
2023-12-15 11:30:00-05:00,25.100000381469727,25.100000381469727,25.087499618530273,25.100000381469727,1243,0.0,0.0
2023-12-15 13:30:00-05:00,25.049999237060547,25.059999465942383,25.049999237060547,25.049999237060547,499,0.0,0.0
2023-12-15 14:30:00-05:00,25.084800720214844,25.084800720214844,25.084800720214844,25.084800720214844,215,0.0,0.0
2023-12-15 15:30:00-05:00,25.100000381469727,25.100000381469727,25.100000381469727,25.100000381469727,186,0.0,0.0
2023-12-18 09:30:00-05:00,25.059999465942383,25.059999465942383,25.0,25.0,0,0.0,0.0
2023-12-18 10:30:00-05:00,25.06559944152832,25.09000015258789,25.020000457763672,25.09000015258789,1027,0.0,0.0
2023-12-18 11:30:00-05:00,25.049999237060547,25.049999237060547,25.0310001373291,25.040000915527344,1862,0.0,0.0
2023-12-18 13:30:00-05:00,25.040000915527344,25.049999237060547,25.040000915527344,25.04330062866211,1800,0.0,0.0
2023-12-18 14:30:00-05:00,25.049999237060547,25.065000534057617,25.042499542236328,25.065000534057617,1500,0.0,0.0
2023-12-18 15:30:00-05:00,25.030000686645508,25.049999237060547,25.0,25.049999237060547,1519,0.0,0.0
2023-12-19 09:30:00-05:00,25.0,25.07029914855957,25.0,25.07029914855957,0,0.0,0.0
2023-12-19 10:30:00-05:00,25.149999618530273,25.149999618530273,25.049999237060547,25.049999237060547,970,0.0,0.0
2023-12-19 13:30:00-05:00,25.149999618530273,25.149999618530273,25.149999618530273,25.149999618530273,219,0.0,0.0
2023-12-19 15:30:00-05:00,25.100000381469727,25.100000381469727,25.08169937133789,25.08169937133789,0,0.0,0.0
2023-12-20 11:30:00-05:00,25.100000381469727,25.121000289916992,25.100000381469727,25.100000381469727,1840,0.0,0.0
2023-12-20 14:30:00-05:00,25.100000381469727,25.100000381469727,25.100000381469727,25.100000381469727,285,0.0,0.0
2023-12-20 15:30:00-05:00,25.100000381469727,25.100000381469727,25.100000381469727,25.100000381469727,0,0.0,0.0
2023-12-21 11:30:00-05:00,25.158000946044922,25.170000076293945,25.079999923706055,25.079999923706055,1887,0.0,0.0
2023-12-21 12:30:00-05:00,25.1200008392334,25.1200008392334,25.07029914855957,25.07029914855957,362,0.0,0.0
2023-12-21 13:30:00-05:00,25.06999969482422,25.110000610351562,25.020000457763672,25.100000381469727,3992,0.0,0.0
2023-12-21 14:30:00-05:00,25.100000381469727,25.100000381469727,25.100000381469727,25.100000381469727,299,0.0,0.0
2023-12-21 15:30:00-05:00,25.170000076293945,25.170000076293945,25.170000076293945,25.170000076293945,0,0.0,0.0
2023-12-22 11:30:00-05:00,25.13920021057129,25.13920021057129,25.1299991607666,25.1299991607666,729,0.0,0.0
2023-12-22 12:30:00-05:00,25.1299991607666,25.1299991607666,25.1299991607666,25.1299991607666,250,0.0,0.0
2023-12-22 13:30:00-05:00,25.16160011291504,25.170000076293945,25.15999984741211,25.170000076293945,600,0.0,0.0
2023-12-26 09:30:00-05:00,25.100000381469727,25.100000381469727,25.100000381469727,25.100000381469727,0,0.0,0.0
2023-12-26 10:30:00-05:00,25.100000381469727,25.100000381469727,25.100000381469727,25.100000381469727,310,0.0,0.0
2023-12-26 12:30:00-05:00,25.133499145507812,25.133499145507812,25.133499145507812,25.133499145507812,233,0.0,0.0
2023-12-26 13:30:00-05:00,25.135000228881836,25.135000228881836,25.135000228881836,25.135000228881836,159,0.0,0.0
2023-12-26 14:30:00-05:00,25.149999618530273,25.149999618530273,25.110000610351562,25.12339973449707,1153,0.0,0.0
2023-12-27 09:30:00-05:00,25.100000381469727,25.100000381469727,25.09000015258789,25.100000381469727,0,0.0,0.0
2023-12-27 13:30:00-05:00,25.149999618530273,25.149999618530273,25.1156005859375,25.1156005859375,2150,0.0,0.0
2023-12-27 15:30:00-05:00,25.110000610351562,25.11009979248047,25.110000610351562,25.11009979248047,1054,0.0,0.0
2023-12-28 09:30:00-05:00,25.110000610351562,25.118000030517578,25.100000381469727,25.110000610351562,0,0.0,0.0
2023-12-28 10:30:00-05:00,25.131000518798828,25.149900436401367,25.110000610351562,25.110000610351562,954,0.0,0.0
2023-12-28 12:30:00-05:00,25.149999618530273,25.149999618530273,25.149999618530273,25.149999618530273,434,0.0,0.0
2023-12-28 15:30:00-05:00,25.149999618530273,25.149999618530273,25.149999618530273,25.149999618530273,0,0.0,0.0
2023-12-29 09:30:00-05:00,25.079999923706055,25.25,25.079999923706055,25.25,618,0.0,0.0
2023-12-29 13:30:00-05:00,25.15999984741211,25.15999984741211,25.0,25.125,4227,0.0,0.0
2024-01-02 14:30:00-05:00,25.113399505615234,25.113399505615234,25.113399505615234,25.113399505615234,0,0.0,0.0
2024-01-03 11:30:00-05:00,25.149999618530273,25.149999618530273,25.010000228881836,25.010000228881836,2119,0.0,0.0
2024-01-03 14:30:00-05:00,25.049999237060547,25.049999237060547,25.049999237060547,25.049999237060547,0,0.0,0.0
2024-01-04 14:30:00-05:00,25.100000381469727,25.100000381469727,25.100000381469727,25.100000381469727,619,0.0,0.0
2024-01-04 15:30:00-05:00,25.100000381469727,25.100000381469727,25.100000381469727,25.100000381469727,0,0.0,0.0
2024-01-05 13:30:00-05:00,25.09000015258789,25.100000381469727,25.09000015258789,25.100000381469727,361,0.0,0.0
2024-01-05 14:30:00-05:00,25.099899291992188,25.099899291992188,25.075000762939453,25.09000015258789,689,0.0,0.0
2024-01-05 15:30:00-05:00,25.075000762939453,25.09000015258789,25.075000762939453,25.09000015258789,500,0.0,0.0
2024-01-08 09:30:00-05:00,25.190000534057617,25.190000534057617,25.190000534057617,25.190000534057617,0,0.0,0.0
2024-01-08 10:30:00-05:00,25.190000534057617,25.190000534057617,25.190000534057617,25.190000534057617,935,0.0,0.0
2024-01-08 11:30:00-05:00,25.190000534057617,25.190000534057617,25.190000534057617,25.190000534057617,800,0.0,0.0
2024-01-08 12:30:00-05:00,25.19499969482422,25.239999771118164,25.19499969482422,25.225500106811523,1065,0.0,0.0
2024-01-08 13:30:00-05:00,25.239700317382812,25.239700317382812,25.200000762939453,25.200000762939453,1605,0.0,0.0
2024-01-08 15:30:00-05:00,25.200000762939453,25.200000762939453,25.200000762939453,25.200000762939453,1370,0.0,0.0
2024-01-09 10:30:00-05:00,25.200000762939453,25.200000762939453,25.200000762939453,25.200000762939453,0,0.0,0.0
2024-01-09 14:30:00-05:00,25.199800491333008,25.200000762939453,25.17259979248047,25.17259979248047,4585,0.0,0.0
2024-01-09 15:30:00-05:00,25.200000762939453,25.200000762939453,25.200000762939453,25.200000762939453,0,0.0,0.0
2024-01-10 10:30:00-05:00,25.22319984436035,25.22319984436035,25.219999313354492,25.219999313354492,500,0.0,0.0
2024-01-10 14:30:00-05:00,25.207000732421875,25.207000732421875,25.207000732421875,25.207000732421875,0,0.0,0.0
2024-01-11 09:30:00-05:00,25.25,25.25,25.25,25.25,495,0.0,0.0
2024-01-11 13:30:00-05:00,25.200000762939453,25.200000762939453,25.200000762939453,25.200000762939453,234,0.0,0.0
2024-01-11 15:30:00-05:00,25.229999542236328,25.229999542236328,25.229999542236328,25.229999542236328,0,0.0,0.0
2024-01-12 12:30:00-05:00,25.25,25.25,25.25,25.25,356,0.0,0.0
2024-01-12 14:30:00-05:00,25.208999633789062,25.209999084472656,25.200000762939453,25.209999084472656,1038,0.0,0.0
2024-01-12 15:30:00-05:00,25.239999771118164,25.25,25.200000762939453,25.25,3458,0.0,0.0
2024-01-16 09:30:00-05:00,25.18000030517578,25.229999542236328,25.18000030517578,25.229999542236328,0,0.0,0.0
2024-01-16 14:30:00-05:00,25.269899368286133,25.269899368286133,25.269899368286133,25.269899368286133,175,0.0,0.0
2024-01-16 15:30:00-05:00,25.270000457763672,25.290000915527344,25.270000457763672,25.280000686645508,976,0.0,0.0
2024-01-17 09:30:00-05:00,25.229999542236328,25.229999542236328,25.229999542236328,25.229999542236328,0,0.0,0.0
2024-01-17 12:30:00-05:00,25.270000457763672,25.270000457763672,25.270000457763672,25.270000457763672,450,0.0,0.0
2024-01-17 13:30:00-05:00,25.299999237060547,25.31760025024414,25.299999237060547,25.299999237060547,2993,0.0,0.0
2024-01-17 14:30:00-05:00,25.229999542236328,25.229999542236328,25.219999313354492,25.219999313354492,414,0.0,0.0
2024-01-17 15:30:00-05:00,25.25,25.25,25.25,25.25,0,0.0,0.0
2024-01-18 10:30:00-05:00,25.219999313354492,25.219999313354492,25.219999313354492,25.219999313354492,349,0.0,0.0
2024-01-18 12:30:00-05:00,25.290000915527344,25.290000915527344,25.290000915527344,25.290000915527344,339,0.0,0.0
2024-01-18 15:30:00-05:00,25.299999237060547,25.299999237060547,25.299999237060547,25.299999237060547,0,0.0,0.0
2024-01-19 10:30:00-05:00,25.209999084472656,25.209999084472656,25.209999084472656,25.209999084472656,377,0.0,0.0
2024-01-19 11:30:00-05:00,25.274999618530273,25.299999237060547,25.274999618530273,25.290000915527344,451,0.0,0.0
2024-01-19 13:30:00-05:00,25.290000915527344,25.299999237060547,25.25,25.299999237060547,1693,0.0,0.0
2024-01-19 15:30:00-05:00,25.299999237060547,25.299999237060547,25.299999237060547,25.299999237060547,159,0.0,0.0
2024-01-22 09:30:00-05:00,25.299999237060547,25.299999237060547,25.299999237060547,25.299999237060547,0,0.0,0.0
2024-01-22 11:30:00-05:00,25.28019905090332,25.28019905090332,25.28019905090332,25.28019905090332,523,0.0,0.0
2024-01-22 13:30:00-05:00,25.299999237060547,25.299999237060547,25.299999237060547,25.299999237060547,1035,0.0,0.0
2024-01-22 15:30:00-05:00,25.299999237060547,25.299999237060547,25.299999237060547,25.299999237060547,0,0.0,0.0
2024-01-23 09:30:00-05:00,25.239999771118164,25.29840087890625,25.239999771118164,25.29840087890625,0,0.0,0.0
2024-01-23 11:30:00-05:00,25.290000915527344,25.290000915527344,25.2549991607666,25.2549991607666,1760,0.0,0.0
2024-01-23 14:30:00-05:00,25.299999237060547,25.299999237060547,25.299999237060547,25.299999237060547,0,0.0,0.0
2024-01-23 15:30:00-05:00,25.299999237060547,25.299999237060547,25.299999237060547,25.299999237060547,2106,0.0,0.0
2024-01-24 09:30:00-05:00,25.209999084472656,25.209999084472656,25.209999084472656,25.209999084472656,0,0.0,0.0
2024-01-24 10:30:00-05:00,25.25,25.25,25.25,25.25,789,0.0,0.0
2024-01-24 12:30:00-05:00,25.273700714111328,25.299999237060547,25.270000457763672,25.286500930786133,2600,0.0,0.0
2024-01-24 13:30:00-05:00,25.280000686645508,25.299999237060547,25.270000457763672,25.299999237060547,871,0.0,0.0
2024-01-24 14:30:00-05:00,25.299999237060547,25.299999237060547,25.2549991607666,25.299999237060547,1373,0.0,0.0
2024-01-24 15:30:00-05:00,25.299999237060547,25.299999237060547,25.267900466918945,25.267900466918945,0,0.0,0.0
2024-01-25 10:30:00-05:00,25.299999237060547,25.299999237060547,25.260000228881836,25.299999237060547,3077,0.0,0.0
2024-01-25 11:30:00-05:00,25.25,25.299999237060547,25.25,25.299999237060547,1200,0.0,0.0
2024-01-25 13:30:00-05:00,25.28459930419922,25.28459930419922,25.25,25.25,1831,0.0,0.0
2024-01-25 14:30:00-05:00,25.25,25.25,25.239999771118164,25.239999771118164,669,0.0,0.0
2024-01-25 15:30:00-05:00,25.239999771118164,25.239999771118164,25.200000762939453,25.200000762939453,0,0.0,0.0
2024-01-26 09:30:00-05:00,25.209999084472656,25.209999084472656,25.209999084472656,25.209999084472656,380,0.0,0.0
2024-01-26 11:30:00-05:00,25.280000686645508,25.280000686645508,25.280000686645508,25.280000686645508,502,0.0,0.0
2024-01-26 12:30:00-05:00,25.280000686645508,25.280000686645508,25.280000686645508,25.280000686645508,100,0.0,0.0
2024-01-26 14:30:00-05:00,25.280000686645508,25.299999237060547,25.280000686645508,25.299999237060547,900,0.0,0.0
2024-01-26 15:30:00-05:00,25.299999237060547,25.299999237060547,25.299999237060547,25.299999237060547,139,0.0,0.0
2024-01-29 09:30:00-05:00,25.299999237060547,25.299999237060547,25.28510093688965,25.28510093688965,0,0.0,0.0
2024-01-29 10:30:00-05:00,25.299999237060547,25.299999237060547,25.299999237060547,25.299999237060547,2004,0.0,0.0
2024-01-29 12:30:00-05:00,25.250099182128906,25.299999237060547,25.250099182128906,25.299999237060547,2573,0.0,0.0
2024-01-29 13:30:00-05:00,25.360000610351562,25.360000610351562,25.360000610351562,25.360000610351562,544,0.0,0.0
2024-01-29 14:30:00-05:00,25.360000610351562,25.3799991607666,25.360000610351562,25.3799991607666,5200,0.0,0.0
2024-01-29 15:30:00-05:00,25.399999618530273,25.399999618530273,25.360000610351562,25.360000610351562,0,0.0,0.0
2024-01-30 11:30:00-05:00,25.329999923706055,25.329999923706055,25.329999923706055,25.329999923706055,702,0.0,0.0
2024-01-30 13:30:00-05:00,25.350000381469727,25.395000457763672,25.350000381469727,25.395000457763672,760,0.0,0.0
2024-01-30 15:30:00-05:00,25.440000534057617,25.440000534057617,25.3700008392334,25.3700008392334,652,0.0,0.0
2024-01-31 10:30:00-05:00,25.43000030517578,25.440000534057617,25.350000381469727,25.350000381469727,900,0.0,0.0
2024-01-31 12:30:00-05:00,25.350000381469727,25.350000381469727,25.350000381469727,25.350000381469727,250,0.0,0.0
2024-01-31 15:30:00-05:00,25.440000534057617,25.479999542236328,25.440000534057617,25.479999542236328,0,0.0,0.0
2024-02-01 13:30:00-05:00,25.582500457763672,25.582500457763672,25.582500457763672,25.582500457763672,538,0.0,0.0
2024-02-01 14:30:00-05:00,25.600000381469727,25.649999618530273,25.579999923706055,25.649999618530273,4595,0.0,0.0
2024-02-01 15:30:00-05:00,25.649999618530273,25.700000762939453,25.649999618530273,25.700000762939453,8189,0.0,0.0
2024-02-02 09:30:00-05:00,25.600000381469727,25.600000381469727,25.600000381469727,25.600000381469727,0,0.0,0.0
2024-02-02 10:30:00-05:00,25.57659912109375,25.6200008392334,25.548200607299805,25.548200607299805,1000,0.0,0.0
2024-02-02 13:30:00-05:00,25.469999313354492,25.469999313354492,25.469999313354492,25.469999313354492,1472,0.0,0.0
2024-02-02 15:30:00-05:00,25.649999618530273,25.649999618530273,25.649999618530273,25.649999618530273,205,0.0,0.0
2024-02-05 09:30:00-05:00,25.540000915527344,25.540000915527344,25.540000915527344,25.540000915527344,0,0.0,0.0
2024-02-05 10:30:00-05:00,25.496999740600586,25.577999114990234,25.496999740600586,25.577999114990234,2010,0.0,0.0
2024-02-05 13:30:00-05:00,25.614999771118164,25.614999771118164,25.479999542236328,25.479999542236328,750,0.0,0.0
2024-02-05 14:30:00-05:00,25.479999542236328,25.479999542236328,25.469999313354492,25.469999313354492,318,0.0,0.0
2024-02-05 15:30:00-05:00,25.469999313354492,25.56999969482422,25.469999313354492,25.56999969482422,0,0.0,0.0
2024-02-06 15:30:00-05:00,25.459999084472656,25.459999084472656,25.459999084472656,25.459999084472656,150,0.0,0.0
2024-02-07 10:30:00-05:00,25.510000228881836,25.510000228881836,25.510000228881836,25.510000228881836,476,0.0,0.0
2024-02-07 11:30:00-05:00,25.510000228881836,25.510000228881836,25.510000228881836,25.510000228881836,300,0.0,0.0
2024-02-07 12:30:00-05:00,25.459999084472656,25.517000198364258,25.3700008392334,25.3700008392334,1546,0.0,0.0
2024-02-07 14:30:00-05:00,25.399999618530273,25.399999618530273,25.399999618530273,25.399999618530273,856,0.0,0.0
2024-02-08 09:30:00-05:00,25.399999618530273,25.399999618530273,25.399999618530273,25.399999618530273,0,0.0,0.0
2024-02-08 12:30:00-05:00,25.420000076293945,25.420000076293945,25.40999984741211,25.420000076293945,1300,0.0,0.0
2024-02-08 13:30:00-05:00,25.420000076293945,25.420000076293945,25.420000076293945,25.420000076293945,100,0.0,0.0
2024-02-08 14:30:00-05:00,25.420000076293945,25.468599319458008,25.40999984741211,25.468599319458008,3576,0.0,0.0
2024-02-08 15:30:00-05:00,25.410900115966797,25.410900115966797,25.40999984741211,25.40999984741211,0,0.0,0.0
2024-02-09 10:30:00-05:00,25.420000076293945,25.420000076293945,25.420000076293945,25.420000076293945,647,0.0,0.0
2024-02-09 13:30:00-05:00,25.420000076293945,25.420000076293945,25.420000076293945,25.420000076293945,103,0.0,0.0
2024-02-09 14:30:00-05:00,25.420000076293945,25.420000076293945,25.40999984741211,25.420000076293945,1099,0.0,0.0
2024-02-09 15:30:00-05:00,25.420000076293945,25.420000076293945,25.420000076293945,25.420000076293945,100,0.0,0.0
2024-02-12 09:30:00-05:00,25.450000762939453,25.5,25.450000762939453,25.5,0,0.0,0.0
2024-02-12 10:30:00-05:00,25.5,25.5,25.479999542236328,25.489999771118164,1442,0.0,0.0
2024-02-12 11:30:00-05:00,25.48390007019043,25.5,25.40999984741211,25.469999313354492,7431,0.0,0.0
2024-02-12 12:30:00-05:00,25.420000076293945,25.469999313354492,25.420000076293945,25.469999313354492,302,0.0,0.0
2024-02-12 13:30:00-05:00,25.450000762939453,25.49970054626465,25.450000762939453,25.49970054626465,1416,0.0,0.0
2024-02-12 14:30:00-05:00,25.5,25.56999969482422,25.475000381469727,25.56999969482422,2071,0.0,0.0
2024-02-12 15:30:00-05:00,25.549999237060547,25.549999237060547,25.549999237060547,25.549999237060547,0,0.0,0.0
2024-02-13 09:30:00-05:00,25.579999923706055,25.579999923706055,25.579999923706055,25.579999923706055,300,0.0,0.0
2024-02-13 10:30:00-05:00,25.459999084472656,25.584999084472656,25.459999084472656,25.540000915527344,2920,0.0,0.0
2024-02-13 15:30:00-05:00,25.54840087890625,25.549999237060547,25.54840087890625,25.549999237060547,558,0.0,0.0
2024-02-14 09:30:00-05:00,25.200000762939453,25.209999084472656,25.200000762939453,25.209999084472656,0,0.0,0.0
2024-02-14 10:30:00-05:00,25.200000762939453,25.200000762939453,25.200000762939453,25.200000762939453,2500,0.0,0.0
2024-02-14 11:30:00-05:00,25.100000381469727,25.170000076293945,25.100000381469727,25.170000076293945,1267,0.0,0.0
2024-02-14 12:30:00-05:00,25.170000076293945,25.219999313354492,25.149999618530273,25.149999618530273,1273,0.0,0.0
2024-02-14 14:30:00-05:00,25.229999542236328,25.229999542236328,25.229999542236328,25.229999542236328,100,0.0,0.0
2024-02-15 09:30:00-05:00,25.209999084472656,25.34000015258789,25.1299991607666,25.31879997253418,0,0.0,0.0
2024-02-15 11:30:00-05:00,25.280000686645508,25.280000686645508,25.190000534057617,25.209999084472656,1300,0.0,0.0
2024-02-15 12:30:00-05:00,25.270000457763672,25.33970069885254,25.264999389648438,25.33970069885254,2700,0.0,0.0
2024-02-15 14:30:00-05:00,25.309999465942383,25.309999465942383,25.190000534057617,25.225400924682617,1834,0.0,0.0
2024-02-16 09:30:00-05:00,25.25,25.25,25.25,25.25,0,0.0,0.0
2024-02-16 10:30:00-05:00,25.25,25.25,25.25,25.25,277,0.0,0.0
2024-02-16 11:30:00-05:00,25.18000030517578,25.18000030517578,25.18000030517578,25.18000030517578,272,0.0,0.0
2024-02-16 13:30:00-05:00,25.1299991607666,25.1299991607666,25.1200008392334,25.1200008392334,455,0.0,0.0
2024-02-20 10:30:00-05:00,25.15999984741211,25.15999984741211,25.15999984741211,25.15999984741211,0,0.0,0.0
2024-02-21 11:30:00-05:00,25.1200008392334,25.15999984741211,25.100000381469727,25.100000381469727,3961,0.0,0.0
2024-02-21 12:30:00-05:00,25.100000381469727,25.100000381469727,25.100000381469727,25.100000381469727,237,0.0,0.0
2024-02-21 13:30:00-05:00,25.100000381469727,25.100000381469727,25.100000381469727,25.100000381469727,239,0.0,0.0
2024-02-21 14:30:00-05:00,25.049999237060547,25.050100326538086,25.049999237060547,25.050100326538086,766,0.0,0.0
2024-02-21 15:30:00-05:00,25.049999237060547,25.099899291992188,25.049999237060547,25.099899291992188,0,0.0,0.0
2024-02-22 10:30:00-05:00,25.1200008392334,25.149999618530273,25.1200008392334,25.139999389648438,776,0.0,0.0
2024-02-22 11:30:00-05:00,25.100000381469727,25.100000381469727,25.059999465942383,25.059999465942383,921,0.0,0.0
2024-02-22 12:30:00-05:00,25.100000381469727,25.100000381469727,25.049999237060547,25.06060028076172,1574,0.0,0.0
2024-02-22 13:30:00-05:00,25.05419921875,25.05419921875,25.049999237060547,25.049999237060547,0,0.0,0.0
2024-02-23 10:30:00-05:00,25.059999465942383,25.1299991607666,25.049999237060547,25.09000015258789,1021,0.0,0.0
2024-02-23 11:30:00-05:00,25.09000015258789,25.09000015258789,25.079999923706055,25.079999923706055,601,0.0,0.0
2024-02-23 12:30:00-05:00,25.079999923706055,25.079999923706055,25.079999923706055,25.079999923706055,160,0.0,0.0
2024-02-26 10:30:00-05:00,25.079999923706055,25.079999923706055,25.079999923706055,25.079999923706055,471,0.0,0.0
2024-02-26 11:30:00-05:00,25.110000610351562,25.110000610351562,25.110000610351562,25.110000610351562,417,0.0,0.0
2024-02-26 15:30:00-05:00,25.1299991607666,25.1299991607666,25.1299991607666,25.1299991607666,0,0.0,0.0
2024-02-27 09:30:00-05:00,25.139799118041992,25.139799118041992,25.139699935913086,25.139699935913086,300,0.0,0.0
2024-02-27 11:30:00-05:00,25.139999389648438,25.139999389648438,25.139999389648438,25.139999389648438,0,0.0,0.0
2024-02-28 10:30:00-05:00,25.049999237060547,25.049999237060547,25.049999237060547,25.049999237060547,401,0.0,0.0
2024-02-28 11:30:00-05:00,25.049999237060547,25.049999237060547,25.049999237060547,25.049999237060547,100,0.0,0.0
2024-02-28 12:30:00-05:00,25.050899505615234,25.050899505615234,25.050899505615234,25.050899505615234,800,0.0,0.0
2024-02-28 14:30:00-05:00,25.059999465942383,25.09000015258789,25.059999465942383,25.09000015258789,1950,0.0,0.0
2024-02-29 10:30:00-05:00,25.10650062561035,25.10650062561035,25.06999969482422,25.06999969482422,0,0.0,0.0
2024-02-29 13:30:00-05:00,25.094999313354492,25.094999313354492,25.094999313354492,25.094999313354492,277,0.0,0.0
2024-02-29 14:30:00-05:00,25.100000381469727,25.100000381469727,25.094999313354492,25.094999313354492,1025,0.0,0.0
2024-02-29 15:30:00-05:00,25.100000381469727,25.139999389648438,25.079999923706055,25.079999923706055,0,0.0,0.0
2024-03-01 13:30:00-05:00,25.149999618530273,25.149999618530273,25.125,25.149999618530273,1119,0.0,0.0
2024-03-01 14:30:00-05:00,25.149999618530273,25.149999618530273,25.149999618530273,25.149999618530273,117,0.0,0.0
2024-03-01 15:30:00-05:00,25.100000381469727,25.100000381469727,25.100000381469727,25.100000381469727,225,0.0,0.0
2024-03-04 11:30:00-05:00,25.100000381469727,25.100000381469727,25.100000381469727,25.100000381469727,0,0.0,0.0
2024-03-04 12:30:00-05:00,25.100000381469727,25.100000381469727,25.09000015258789,25.09000015258789,336,0.0,0.0
2024-03-04 13:30:00-05:00,25.100000381469727,25.100000381469727,25.100000381469727,25.100000381469727,559,0.0,0.0
2024-03-04 15:30:00-05:00,25.100000381469727,25.100000381469727,25.100000381469727,25.100000381469727,247,0.0,0.0
2024-03-05 10:30:00-05:00,25.100000381469727,25.100000381469727,25.09000015258789,25.09000015258789,0,0.0,0.0
2024-03-05 11:30:00-05:00,25.09000015258789,25.09000015258789,25.09000015258789,25.09000015258789,196,0.0,0.0
2024-03-05 13:30:00-05:00,25.09000015258789,25.09000015258789,25.09000015258789,25.09000015258789,286,0.0,0.0
2024-03-06 10:30:00-05:00,25.139999389648438,25.190000534057617,25.139999389648438,25.139999389648438,175,0.0,0.0
2024-03-06 11:30:00-05:00,25.131999969482422,25.131999969482422,25.09000015258789,25.09000015258789,2100,0.0,0.0
2024-03-06 14:30:00-05:00,25.170000076293945,25.170000076293945,25.11009979248047,25.15019989013672,2900,0.0,0.0
2024-03-06 15:30:00-05:00,25.160499572753906,25.219999313354492,25.1200008392334,25.219999313354492,0,0.0,0.0
2024-03-07 15:30:00-05:00,25.149999618530273,25.149999618530273,25.149999618530273,25.149999618530273,238,0.0,0.0
2024-03-08 09:30:00-05:00,25.1299991607666,25.200000762939453,25.1200008392334,25.200000762939453,3437,0.0,0.0
2024-03-08 10:30:00-05:00,25.200000762939453,25.200000762939453,25.135900497436523,25.135900497436523,1534,0.0,0.0
2024-03-08 11:30:00-05:00,25.149999618530273,25.149999618530273,25.149999618530273,25.149999618530273,201,0.0,0.0
2024-03-08 13:30:00-05:00,25.15999984741211,25.15999984741211,25.15999984741211,25.15999984741211,260,0.0,0.0
2024-03-08 15:30:00-05:00,25.170000076293945,25.170000076293945,25.149999618530273,25.149999618530273,400,0.0,0.0
2024-03-11 09:30:00-04:00,25.1299991607666,25.1299991607666,25.1299991607666,25.1299991607666,0,0.0,0.0
2024-03-11 10:30:00-04:00,25.149999618530273,25.149999618530273,25.1299991607666,25.1299991607666,336,0.0,0.0
2024-03-11 11:30:00-04:00,25.15999984741211,25.15999984741211,25.15999984741211,25.15999984741211,289,0.0,0.0
2024-03-11 13:30:00-04:00,25.18709945678711,25.18709945678711,25.18000030517578,25.18000030517578,786,0.0,0.0
2024-03-11 14:30:00-04:00,25.18000030517578,25.190000534057617,25.165000915527344,25.190000534057617,1590,0.0,0.0
2024-03-12 09:30:00-04:00,25.219999313354492,25.219999313354492,25.219999313354492,25.219999313354492,0,0.0,0.0
2024-03-12 10:30:00-04:00,25.217199325561523,25.229299545288086,25.217199325561523,25.219999313354492,400,0.0,0.0
2024-03-12 11:30:00-04:00,25.200000762939453,25.200000762939453,25.200000762939453,25.200000762939453,1000,0.0,0.0
2024-03-12 12:30:00-04:00,25.200000762939453,25.229999542236328,25.200000762939453,25.229999542236328,1871,0.0,0.0
2024-03-12 15:30:00-04:00,25.209999084472656,25.209999084472656,25.209999084472656,25.209999084472656,0,0.0,0.0
2024-03-13 09:30:00-04:00,25.229999542236328,25.229999542236328,25.229999542236328,25.229999542236328,792,0.0,0.0
2024-03-13 10:30:00-04:00,25.27989959716797,25.27989959716797,25.270000457763672,25.270000457763672,200,0.0,0.0
2024-03-13 11:30:00-04:00,25.219999313354492,25.219999313354492,25.2106990814209,25.219999313354492,842,0.0,0.0
2024-03-13 14:30:00-04:00,25.280000686645508,25.31999969482422,25.280000686645508,25.319000244140625,2265,0.0,0.0
2024-03-13 15:30:00-04:00,25.31999969482422,25.31999969482422,25.170000076293945,25.170000076293945,200,0.0,0.0
2024-03-14 09:30:00-04:00,25.200000762939453,25.24679946899414,25.200000762939453,25.24679946899414,0,0.0,0.0
2024-03-14 11:30:00-04:00,25.270000457763672,25.270000457763672,25.149999618530273,25.149999618530273,1418,0.0,0.0
2024-03-14 12:30:00-04:00,25.209999084472656,25.209999084472656,25.209999084472656,25.209999084472656,229,0.0,0.0
2024-03-14 13:30:00-04:00,25.15999984741211,25.239999771118164,25.149999618530273,25.190000534057617,3416,0.0,0.0
2024-03-14 14:30:00-04:00,25.149999618530273,25.149999618530273,25.1299991607666,25.13990020751953,3900,0.0,0.0
2024-03-14 15:30:00-04:00,25.329999923706055,25.329999923706055,25.139999389648438,25.139999389648438,1259,0.0,0.0
2024-03-15 09:30:00-04:00,25.260000228881836,25.260000228881836,25.260000228881836,25.260000228881836,0,0.0,0.0
2024-03-15 15:30:00-04:00,25.1299991607666,25.1299991607666,25.1299991607666,25.1299991607666,812,0.0,0.0
2024-03-18 09:30:00-04:00,25.1299991607666,25.25,25.1299991607666,25.25,1913,0.0,0.0
2024-03-18 11:30:00-04:00,25.154699325561523,25.154699325561523,25.154699325561523,25.154699325561523,326,0.0,0.0
2024-03-18 12:30:00-04:00,25.247499465942383,25.3700008392334,25.219999313354492,25.219999313354492,1841,0.0,0.0
2024-03-18 15:30:00-04:00,25.280000686645508,25.280000686645508,25.280000686645508,25.280000686645508,286,0.0,0.0
2024-03-19 13:30:00-04:00,25.155000686645508,25.155000686645508,25.155000686645508,25.155000686645508,428,0.0,0.0
2024-03-19 14:30:00-04:00,25.25,25.25,25.219999313354492,25.219999313354492,730,0.0,0.0
2024-03-19 15:30:00-04:00,25.15999984741211,25.15999984741211,25.15999984741211,25.15999984741211,128,0.0,0.0
2024-03-20 10:30:00-04:00,25.18000030517578,25.18000030517578,25.18000030517578,25.18000030517578,200,0.0,0.0
2024-03-20 12:30:00-04:00,25.25,25.25,25.15999984741211,25.15999984741211,1380,0.0,0.0
2024-03-20 15:30:00-04:00,25.170000076293945,25.264999389648438,25.170000076293945,25.200000762939453,3630,0.0,0.0
2024-03-21 09:30:00-04:00,25.149999618530273,25.209999084472656,25.149999618530273,25.209999084472656,2156,0.0,0.0
2024-03-21 10:30:00-04:00,25.264999389648438,25.264999389648438,25.264999389648438,25.264999389648438,1003,0.0,0.0
2024-03-21 12:30:00-04:00,25.209999084472656,25.25,25.200000762939453,25.25,1065,0.0,0.0
2024-03-21 13:30:00-04:00,25.239999771118164,25.239999771118164,25.200000762939453,25.200000762939453,877,0.0,0.0
2024-03-21 15:30:00-04:00,25.15999984741211,25.15999984741211,25.149999618530273,25.149999618530273,248,0.0,0.0
2024-03-22 09:30:00-04:00,25.149999618530273,25.149999618530273,25.149999618530273,25.149999618530273,588,0.0,0.0
2024-03-22 12:30:00-04:00,25.209999084472656,25.209999084472656,25.209999084472656,25.209999084472656,503,0.0,0.0
2024-03-22 14:30:00-04:00,25.170900344848633,25.1737003326416,25.149999618530273,25.1737003326416,891,0.0,0.0
2024-03-22 15:30:00-04:00,25.15999984741211,25.15999984741211,25.15999984741211,25.15999984741211,100,0.0,0.0
2024-03-25 09:30:00-04:00,25.200000762939453,25.200000762939453,25.200000762939453,25.200000762939453,729,0.0,0.0
2024-03-26 12:30:00-04:00,25.149999618530273,25.15999984741211,25.149999618530273,25.15999984741211,983,0.0,0.0
2024-03-26 15:30:00-04:00,25.15999984741211,25.15999984741211,25.15999984741211,25.15999984741211,1087,0.0,0.0
2024-03-27 12:30:00-04:00,25.170000076293945,25.170000076293945,25.15999984741211,25.15999984741211,673,0.0,0.0
2024-03-27 13:30:00-04:00,25.15999984741211,25.15999984741211,25.149999618530273,25.149999618530273,1595,0.0,0.0
2024-03-27 14:30:00-04:00,25.149999618530273,25.18000030517578,25.149999618530273,25.18000030517578,1105,0.0,0.0
2024-03-27 15:30:00-04:00,25.219999313354492,25.219999313354492,25.1200008392334,25.1200008392334,1844,0.0,0.0
2024-03-28 11:30:00-04:00,25.139999389648438,25.139999389648438,25.139999389648438,25.139999389648438,865,0.0,0.0
2024-03-28 15:30:00-04:00,25.149999618530273,25.170000076293945,25.149999618530273,25.170000076293945,385,0.0,0.0
2024-04-01 09:30:00-04:00,25.1299991607666,25.1299991607666,25.1299991607666,25.1299991607666,0,0.0,0.0
2024-04-01 10:30:00-04:00,25.087400436401367,25.170000076293945,25.06999969482422,25.06999969482422,2652,0.0,0.0
2024-04-01 13:30:00-04:00,25.100000381469727,25.131200790405273,25.100000381469727,25.1200008392334,1177,0.0,0.0
2024-04-01 14:30:00-04:00,25.1200008392334,25.135000228881836,25.1200008392334,25.135000228881836,847,0.0,0.0
2024-04-02 09:30:00-04:00,25.100000381469727,25.10420036315918,25.100000381469727,25.100000381469727,0,0.0,0.0
2024-04-02 10:30:00-04:00,25.125,25.125,25.125,25.125,0,0.0,0.0
2024-04-02 11:30:00-04:00,25.100000381469727,25.100000381469727,25.100000381469727,25.100000381469727,1272,0.0,0.0
2024-04-02 13:30:00-04:00,25.1299991607666,25.1299991607666,25.100000381469727,25.100000381469727,2850,0.0,0.0
2024-04-02 14:30:00-04:00,25.100000381469727,25.309999465942383,25.079999923706055,25.299999237060547,4127,0.0,0.0
2024-04-02 15:30:00-04:00,25.06999969482422,25.072399139404297,25.06999969482422,25.06999969482422,1150,0.0,0.0
2024-04-03 11:30:00-04:00,25.170000076293945,25.170000076293945,25.170000076293945,25.170000076293945,419,0.0,0.0
2024-04-03 13:30:00-04:00,25.190000534057617,25.25,25.190000534057617,25.25,300,0.0,0.0
2024-04-03 14:30:00-04:00,25.270000457763672,25.329999923706055,25.18829917907715,25.260000228881836,11341,0.0,0.0
2024-04-03 15:30:00-04:00,25.190000534057617,25.209999084472656,25.170000076293945,25.209999084472656,470,0.0,0.0
2024-04-04 10:30:00-04:00,25.209999084472656,25.209999084472656,25.209999084472656,25.209999084472656,0,0.0,0.0
2024-04-04 11:30:00-04:00,25.260000228881836,25.260000228881836,25.260000228881836,25.260000228881836,276,0.0,0.0
2024-04-04 14:30:00-04:00,25.2549991607666,25.25629997253418,25.229999542236328,25.229999542236328,1200,0.0,0.0
2024-04-04 15:30:00-04:00,25.200000762939453,25.200000762939453,25.200000762939453,25.200000762939453,238,0.0,0.0
2024-04-05 13:30:00-04:00,25.322099685668945,25.322099685668945,25.322099685668945,25.322099685668945,1235,0.0,0.0
2024-04-05 14:30:00-04:00,25.323299407958984,25.323299407958984,25.323299407958984,25.323299407958984,0,0.0,0.0
2024-04-05 15:30:00-04:00,25.31999969482422,25.31999969482422,25.315000534057617,25.31999969482422,764,0.0,0.0
2024-04-08 09:30:00-04:00,25.3799991607666,25.3799991607666,25.329999923706055,25.329999923706055,1130,0.0,0.0
2024-04-08 10:30:00-04:00,25.31999969482422,25.31999969482422,25.31999969482422,25.31999969482422,665,0.0,0.0
2024-04-09 09:30:00-04:00,25.31999969482422,25.31999969482422,25.25,25.25,0,0.0,0.0
2024-04-09 10:30:00-04:00,25.23419952392578,25.25,25.200000762939453,25.25,486,0.0,0.0
2024-04-09 11:30:00-04:00,25.25,25.25,25.25,25.25,3519,0.0,0.0
2024-04-09 13:30:00-04:00,25.170000076293945,25.18000030517578,25.165000915527344,25.170000076293945,1820,0.0,0.0
2024-04-09 14:30:00-04:00,25.190000534057617,25.190000534057617,25.190000534057617,25.190000534057617,507,0.0,0.0
2024-04-09 15:30:00-04:00,25.174999237060547,25.190000534057617,25.174999237060547,25.190000534057617,2871,0.0,0.0
2024-04-10 10:30:00-04:00,25.149999618530273,25.149999618530273,25.149999618530273,25.149999618530273,1200,0.0,0.0
2024-04-10 11:30:00-04:00,25.170000076293945,25.170000076293945,25.170000076293945,25.170000076293945,645,0.0,0.0
2024-04-10 13:30:00-04:00,25.15999984741211,25.15999984741211,25.15999984741211,25.15999984741211,514,0.0,0.0
2024-04-10 14:30:00-04:00,25.219900131225586,25.219900131225586,25.18000030517578,25.18000030517578,1763,0.0,0.0
2024-04-10 15:30:00-04:00,25.152799606323242,25.15999984741211,25.152799606323242,25.15999984741211,727,0.0,0.0
2024-04-11 09:30:00-04:00,25.11009979248047,25.1200008392334,25.110000610351562,25.110000610351562,0,0.0,0.0
2024-04-11 10:30:00-04:00,25.139999389648438,25.139999389648438,25.139999389648438,25.139999389648438,0,0.0,0.0
2024-04-11 12:30:00-04:00,25.120100021362305,25.120100021362305,25.120100021362305,25.120100021362305,2140,0.0,0.0
2024-04-11 14:30:00-04:00,25.149999618530273,25.215700149536133,25.149999618530273,25.215700149536133,990,0.0,0.0
2024-04-11 15:30:00-04:00,25.149999618530273,25.149999618530273,25.149999618530273,25.149999618530273,197,0.0,0.0
2024-04-12 09:30:00-04:00,25.329999923706055,25.329999923706055,25.329999923706055,25.329999923706055,537,0.0,0.0
2024-04-12 10:30:00-04:00,25.149999618530273,25.149999618530273,25.149999618530273,25.149999618530273,350,0.0,0.0
2024-04-12 12:30:00-04:00,25.174999237060547,25.174999237060547,25.174999237060547,25.174999237060547,1020,0.0,0.0
2024-04-12 14:30:00-04:00,25.149999618530273,25.149999618530273,25.149999618530273,25.149999618530273,663,0.0,0.0
2024-04-15 09:30:00-04:00,25.219999313354492,25.219999313354492,25.059999465942383,25.059999465942383,2025,0.0,0.0
2024-04-15 12:30:00-04:00,25.18000030517578,25.280000686645508,25.18000030517578,25.280000686645508,300,0.0,0.0
2024-04-15 13:30:00-04:00,25.248600006103516,25.248600006103516,25.248600006103516,25.248600006103516,125,0.0,0.0
2024-04-16 09:30:00-04:00,25.110000610351562,25.1200008392334,25.110000610351562,25.1200008392334,2394,0.0,0.0
2024-04-16 11:30:00-04:00,25.170000076293945,25.170000076293945,25.170000076293945,25.170000076293945,600,0.0,0.0
2024-04-16 13:30:00-04:00,25.149999618530273,25.190000534057617,25.125,25.190000534057617,1338,0.0,0.0
2024-04-16 14:30:00-04:00,25.110000610351562,25.110000610351562,25.100099563598633,25.110000610351562,1717,0.0,0.0
2024-04-17 10:30:00-04:00,25.170000076293945,25.170000076293945,25.149999618530273,25.170000076293945,500,0.0,0.0
2024-04-17 11:30:00-04:00,25.165000915527344,25.165000915527344,25.110000610351562,25.110000610351562,2084,0.0,0.0
2024-04-17 14:30:00-04:00,25.149999618530273,25.149999618530273,25.149999618530273,25.149999618530273,130,0.0,0.0
2024-04-18 11:30:00-04:00,25.18000030517578,25.18000030517578,25.15999984741211,25.15999984741211,558,0.0,0.0
2024-04-18 12:30:00-04:00,25.149999618530273,25.149999618530273,25.1200008392334,25.1200008392334,594,0.0,0.0
2024-04-19 11:30:00-04:00,25.100000381469727,25.100000381469727,25.100000381469727,25.100000381469727,200,0.0,0.0
2024-04-19 12:30:00-04:00,25.139999389648438,25.139999389648438,25.139999389648438,25.139999389648438,264,0.0,0.0
2024-04-19 14:30:00-04:00,25.139999389648438,25.139999389648438,25.139999389648438,25.139999389648438,203,0.0,0.0
2024-04-22 12:30:00-04:00,25.09000015258789,25.09670066833496,25.09000015258789,25.09670066833496,661,0.0,0.0
2024-04-22 13:30:00-04:00,25.100000381469727,25.1200008392334,25.100000381469727,25.1200008392334,467,0.0,0.0
2024-04-23 09:30:00-04:00,25.139999389648438,25.3799991607666,25.139999389648438,25.3799991607666,2650,0.0,0.0
2024-04-23 10:30:00-04:00,25.18000030517578,25.290000915527344,25.18000030517578,25.209999084472656,2086,0.0,0.0
2024-04-23 12:30:00-04:00,25.309999465942383,25.372499465942383,25.299999237060547,25.31800079345703,3494,0.0,0.0
2024-04-23 13:30:00-04:00,25.329700469970703,25.329700469970703,25.219999313354492,25.299999237060547,2989,0.0,0.0
2024-04-23 14:30:00-04:00,25.280000686645508,25.280000686645508,25.280000686645508,25.280000686645508,1680,0.0,0.0
2024-04-24 09:30:00-04:00,25.149999618530273,25.149999618530273,25.06999969482422,25.110000610351562,2107,0.0,0.0
2024-04-24 10:30:00-04:00,25.149999618530273,25.149999618530273,25.131900787353516,25.139999389648438,3696,0.0,0.0
2024-04-24 11:30:00-04:00,25.1299991607666,25.1299991607666,25.1299991607666,25.1299991607666,742,0.0,0.0
2024-04-24 12:30:00-04:00,25.06999969482422,25.100000381469727,25.049999237060547,25.100000381469727,1401,0.0,0.0
2024-04-24 13:30:00-04:00,25.119199752807617,25.119199752807617,25.110000610351562,25.110000610351562,992,0.0,0.0
2024-04-24 15:30:00-04:00,25.059999465942383,25.059999465942383,25.059999465942383,25.059999465942383,239,0.0,0.0
2024-04-25 09:30:00-04:00,25.09000015258789,25.09000015258789,25.09000015258789,25.09000015258789,0,0.0,0.0
2024-04-25 10:30:00-04:00,25.15999984741211,25.15999984741211,25.079999923706055,25.079999923706055,1093,0.0,0.0
2024-04-25 11:30:00-04:00,25.149999618530273,25.200000762939453,25.110000610351562,25.110000610351562,2400,0.0,0.0
2024-04-26 10:30:00-04:00,25.25,25.280000686645508,25.190000534057617,25.190000534057617,691,0.0,0.0
2024-04-26 13:30:00-04:00,25.190000534057617,25.190000534057617,25.190000534057617,25.190000534057617,632,0.0,0.0
2024-04-26 14:30:00-04:00,25.25,25.25,25.25,25.25,248,0.0,0.0
2024-04-29 09:30:00-04:00,25.25,25.25,25.25,25.25,313,0.0,0.0
2024-04-29 10:30:00-04:00,25.326400756835938,25.326400756835938,25.25,25.25,1516,0.0,0.0
2024-04-29 13:30:00-04:00,25.350000381469727,25.350000381469727,25.25,25.25,486,0.0,0.0
2024-04-29 14:30:00-04:00,25.290000915527344,25.290000915527344,25.219999313354492,25.219999313354492,421,0.0,0.0
2024-04-30 09:30:00-04:00,25.360000610351562,25.3700008392334,25.289199829101562,25.289199829101562,1041,0.0,0.0
2024-04-30 11:30:00-04:00,25.219999313354492,25.219999313354492,25.15999984741211,25.200000762939453,2449,0.0,0.0
2024-04-30 13:30:00-04:00,25.200000762939453,25.200000762939453,25.174999237060547,25.174999237060547,619,0.0,0.0
2024-04-30 14:30:00-04:00,25.18320083618164,25.200000762939453,25.18320083618164,25.18869972229004,1931,0.0,0.0
2024-05-01 10:30:00-04:00,25.25,25.25,25.25,25.25,353,0.0,0.0
2024-05-01 13:30:00-04:00,25.260000228881836,25.260000228881836,25.222400665283203,25.231000900268555,852,0.0,0.0
2024-05-02 12:30:00-04:00,25.170000076293945,25.170000076293945,25.149999618530273,25.15999984741211,4520,0.0,0.0
2024-05-03 12:30:00-04:00,25.290000915527344,25.290000915527344,25.290000915527344,25.290000915527344,400,0.0,0.0
2024-05-03 13:30:00-04:00,25.350000381469727,25.350000381469727,25.350000381469727,25.350000381469727,469,0.0,0.0
2024-05-03 14:30:00-04:00,25.290000915527344,25.290000915527344,25.26449966430664,25.26449966430664,613,0.0,0.0
2024-05-06 09:30:00-04:00,25.29199981689453,25.360000610351562,25.26449966430664,25.360000610351562,1103,0.0,0.0
2024-05-06 13:30:00-04:00,25.399999618530273,25.399999618530273,25.393199920654297,25.398500442504883,3312,0.0,0.0
2024-05-06 14:30:00-04:00,25.399999618530273,25.399999618530273,25.240100860595703,25.360700607299805,2806,0.0,0.0
2024-05-07 13:30:00-04:00,25.360000610351562,25.360000610351562,25.360000610351562,25.360000610351562,1160,0.0,0.0
2024-05-07 14:30:00-04:00,25.389999389648438,25.389999389648438,25.389999389648438,25.389999389648438,1759,0.0,0.0
2024-05-08 10:30:00-04:00,25.450000762939453,25.450000762939453,25.280000686645508,25.280000686645508,1614,0.0,0.0
2024-05-08 11:30:00-04:00,25.229999542236328,25.229999542236328,25.229999542236328,25.229999542236328,254,0.0,0.0
2024-05-08 13:30:00-04:00,25.299999237060547,25.299999237060547,25.299999237060547,25.299999237060547,174,0.0,0.0
2024-05-08 14:30:00-04:00,25.3799991607666,25.3799991607666,25.309999465942383,25.3799991607666,2354,0.0,0.0
2024-05-09 10:30:00-04:00,25.229999542236328,25.229999542236328,25.229999542236328,25.229999542236328,0,0.0,0.0
2024-05-09 11:30:00-04:00,25.260000228881836,25.399999618530273,25.25,25.399999618530273,1356,0.0,0.0
2024-05-09 14:30:00-04:00,25.299999237060547,25.309999465942383,25.299999237060547,25.309999465942383,1849,0.0,0.0
2024-05-10 09:30:00-04:00,25.350000381469727,25.350000381469727,25.350000381469727,25.350000381469727,302,0.0,0.0
2024-05-10 10:30:00-04:00,25.280000686645508,25.290000915527344,25.219999313354492,25.260000228881836,6749,0.0,0.0
2024-05-10 11:30:00-04:00,25.260099411010742,25.260099411010742,25.260099411010742,25.260099411010742,575,0.0,0.0
2024-05-10 13:30:00-04:00,25.33009910583496,25.33009910583496,25.33009910583496,25.33009910583496,452,0.0,0.0
2024-05-10 15:30:00-04:00,25.31999969482422,25.31999969482422,25.304800033569336,25.304800033569336,763,0.0,0.0
2024-05-13 09:30:00-04:00,25.440000534057617,25.459999084472656,25.43000030517578,25.43000030517578,4873,0.0,0.0
2024-05-13 10:30:00-04:00,25.450000762939453,25.479999542236328,25.450000762939453,25.479999542236328,4288,0.0,0.0
2024-05-13 11:30:00-04:00,25.459999084472656,25.459999084472656,25.459999084472656,25.459999084472656,132,0.0,0.0
2024-05-13 12:30:00-04:00,25.459999084472656,25.469999313354492,25.459999084472656,25.469999313354492,394,0.0,0.0
2024-05-13 13:30:00-04:00,25.489999771118164,25.520200729370117,25.489999771118164,25.499900817871094,3726,0.0,0.0
2024-05-13 14:30:00-04:00,25.493499755859375,25.5,25.458499908447266,25.458499908447266,2604,0.0,0.0
2024-05-13 15:30:00-04:00,25.488500595092773,25.5,25.469999313354492,25.476200103759766,3370,0.0,0.0
2024-05-14 09:30:00-04:00,25.1200008392334,25.1200008392334,25.1200008392334,25.1200008392334,3309,0.0,0.0
2024-05-14 10:30:00-04:00,25.105100631713867,25.139999389648438,25.105100631713867,25.139999389648438,2280,0.0,0.0
2024-05-14 11:30:00-04:00,25.18910026550293,25.18910026550293,25.18910026550293,25.18910026550293,326,0.0,0.0
2024-05-14 12:30:00-04:00,25.16699981689453,25.16699981689453,25.16699981689453,25.16699981689453,200,0.0,0.0
2024-05-14 13:30:00-04:00,25.155000686645508,25.170000076293945,25.1200008392334,25.169200897216797,4425,0.0,0.0
2024-05-14 14:30:00-04:00,25.170000076293945,25.190000534057617,25.170000076293945,25.174999237060547,835,0.0,0.0
2024-05-14 15:30:00-04:00,25.174999237060547,25.174999237060547,25.174999237060547,25.174999237060547,0,0.0,0.0
2024-05-15 09:30:00-04:00,25.15999984741211,25.219999313354492,25.15999984741211,25.219999313354492,894,0.0,0.0
2024-05-15 10:30:00-04:00,25.209999084472656,25.239999771118164,25.170000076293945,25.21969985961914,6671,0.0,0.0
2024-05-15 11:30:00-04:00,25.18000030517578,25.18000030517578,25.18000030517578,25.18000030517578,0,0.0,0.0
2024-05-15 12:30:00-04:00,25.235000610351562,25.235000610351562,25.200000762939453,25.200000762939453,9891,0.0,0.0
2024-05-15 13:30:00-04:00,25.200000762939453,25.200000762939453,25.200000762939453,25.200000762939453,200,0.0,0.0
2024-05-15 14:30:00-04:00,25.170000076293945,25.170700073242188,25.170000076293945,25.170700073242188,1204,0.0,0.0
2024-05-15 15:30:00-04:00,25.18000030517578,25.18000030517578,25.18000030517578,25.18000030517578,160,0.0,0.0
2024-05-16 09:30:00-04:00,25.25,25.25,25.222999572753906,25.222999572753906,538,0.0,0.0
2024-05-16 10:30:00-04:00,25.270000457763672,25.270000457763672,25.270000457763672,25.270000457763672,2736,0.0,0.0
2024-05-16 11:30:00-04:00,25.270000457763672,25.270000457763672,25.270000457763672,25.270000457763672,200,0.0,0.0
2024-05-16 13:30:00-04:00,25.208999633789062,25.260000228881836,25.208999633789062,25.260000228881836,3919,0.0,0.0
2024-05-17 09:30:00-04:00,25.244400024414062,25.244400024414062,25.244400024414062,25.244400024414062,221,0.0,0.0
2024-05-17 13:30:00-04:00,25.280099868774414,25.280099868774414,25.250099182128906,25.280099868774414,4704,0.0,0.0
2024-05-17 14:30:00-04:00,25.329999923706055,25.329999923706055,25.329999923706055,25.329999923706055,0,0.0,0.0
2024-05-20 09:30:00-04:00,25.299999237060547,25.31999969482422,25.250099182128906,25.250099182128906,603,0.0,0.0
2024-05-20 10:30:00-04:00,25.260000228881836,25.260000228881836,25.260000228881836,25.260000228881836,0,0.0,0.0
2024-05-20 13:30:00-04:00,25.299999237060547,25.309999465942383,25.260000228881836,25.309999465942383,1067,0.0,0.0
2024-05-20 14:30:00-04:00,25.299999237060547,25.342500686645508,25.299999237060547,25.299999237060547,812,0.0,0.0
2024-05-20 15:30:00-04:00,25.299999237060547,25.299999237060547,25.299999237060547,25.299999237060547,369,0.0,0.0
2024-05-21 09:30:00-04:00,25.219999313354492,25.219999313354492,25.200000762939453,25.200000762939453,2010,0.0,0.0
2024-05-21 10:30:00-04:00,25.25,25.25,25.25,25.25,647,0.0,0.0
2024-05-21 11:30:00-04:00,25.25,25.25,25.25,25.25,530,0.0,0.0
2024-05-21 12:30:00-04:00,25.260000228881836,25.260000228881836,25.15999984741211,25.15999984741211,5447,0.0,0.0
2024-05-22 10:30:00-04:00,25.16010093688965,25.270000457763672,25.15999984741211,25.15999984741211,1895,0.0,0.0
2024-05-22 11:30:00-04:00,25.28499984741211,25.28499984741211,25.204999923706055,25.209999084472656,1064,0.0,0.0
2024-05-22 14:30:00-04:00,25.15999984741211,25.15999984741211,25.09000015258789,25.09000015258789,3098,0.0,0.0
2024-05-22 15:30:00-04:00,25.15999984741211,25.15999984741211,25.15999984741211,25.15999984741211,237,0.0,0.0
2024-05-23 09:30:00-04:00,25.25,25.25,25.25,25.25,0,0.0,0.0
2024-05-23 15:30:00-04:00,25.110000610351562,25.110000610351562,25.079999923706055,25.079999923706055,1872,0.0,0.0
2024-05-24 09:30:00-04:00,25.118099212646484,25.118099212646484,25.079999923706055,25.079999923706055,2130,0.0,0.0
2024-05-24 11:30:00-04:00,25.171199798583984,25.171199798583984,25.171199798583984,25.171199798583984,300,0.0,0.0
2024-05-24 12:30:00-04:00,25.149999618530273,25.149999618530273,25.139999389648438,25.139999389648438,3264,0.0,0.0
2024-05-24 13:30:00-04:00,25.12459945678711,25.12459945678711,25.12459945678711,25.12459945678711,640,0.0,0.0
2024-05-24 14:30:00-04:00,25.139999389648438,25.170000076293945,25.09000015258789,25.170000076293945,683,0.0,0.0
2024-05-28 09:30:00-04:00,25.229999542236328,25.229999542236328,25.229999542236328,25.229999542236328,250,0.0,0.0
2024-05-28 12:30:00-04:00,25.219999313354492,25.219999313354492,25.219999313354492,25.219999313354492,324,0.0,0.0
2024-05-28 13:30:00-04:00,25.209999084472656,25.209999084472656,25.209999084472656,25.209999084472656,300,0.0,0.0
2024-05-29 09:30:00-04:00,25.100000381469727,25.2450008392334,25.100000381469727,25.2450008392334,907,0.0,0.0
2024-05-29 10:30:00-04:00,25.200000762939453,25.25,25.200000762939453,25.239999771118164,2014,0.0,0.0
2024-05-29 11:30:00-04:00,25.15999984741211,25.15999984741211,25.15999984741211,25.15999984741211,632,0.0,0.0
2024-05-29 12:30:00-04:00,25.199899673461914,25.199899673461914,25.15999984741211,25.16010093688965,997,0.0,0.0
2024-05-30 11:30:00-04:00,25.239999771118164,25.25,25.114999771118164,25.119199752807617,3607,0.0,0.0
2024-05-30 12:30:00-04:00,25.225000381469727,25.25,25.225000381469727,25.25,912,0.0,0.0
2024-05-30 13:30:00-04:00,25.225000381469727,25.225000381469727,25.225000381469727,25.225000381469727,240,0.0,0.0
2024-05-30 15:30:00-04:00,25.184999465942383,25.200000762939453,25.184999465942383,25.200000762939453,1300,0.0,0.0
2024-06-03 10:30:00-04:00,25.200000762939453,25.200000762939453,25.200000762939453,25.200000762939453,531,0.0,0.0
2024-06-03 13:30:00-04:00,25.190000534057617,25.190000534057617,25.16710090637207,25.16710090637207,543,0.0,0.0
2024-06-04 09:30:00-04:00,25.190000534057617,25.190000534057617,25.190000534057617,25.190000534057617,456,0.0,0.0
2024-06-04 12:30:00-04:00,25.200000762939453,25.200000762939453,25.200000762939453,25.200000762939453,499,0.0,0.0
2024-06-04 15:30:00-04:00,25.190000534057617,25.200000762939453,25.190000534057617,25.200000762939453,500,0.0,0.0
2024-06-05 11:30:00-04:00,25.290000915527344,25.290000915527344,25.290000915527344,25.290000915527344,1574,0.0,0.0
2024-06-06 09:30:00-04:00,25.110000610351562,25.110000610351562,25.100000381469727,25.100000381469727,1203,0.0,0.0
2024-06-06 11:30:00-04:00,25.219999313354492,25.219999313354492,25.219999313354492,25.219999313354492,1148,0.0,0.0
2024-06-06 15:30:00-04:00,25.270000457763672,25.270000457763672,25.270000457763672,25.270000457763672,114,0.0,0.0
2024-06-07 09:30:00-04:00,25.25,25.25,25.25,25.25,181,0.0,0.0
2024-06-07 11:30:00-04:00,25.192699432373047,25.192699432373047,25.192699432373047,25.192699432373047,1526,0.0,0.0
2024-06-07 15:30:00-04:00,25.170000076293945,25.170000076293945,25.170000076293945,25.170000076293945,261,0.0,0.0
2024-06-10 09:30:00-04:00,25.260000228881836,25.260000228881836,25.139999389648438,25.139999389648438,1837,0.0,0.0
2024-06-10 12:30:00-04:00,25.149999618530273,25.149999618530273,25.149999618530273,25.149999618530273,1145,0.0,0.0
2024-06-10 13:30:00-04:00,25.200000762939453,25.200000762939453,25.200000762939453,25.200000762939453,110,0.0,0.0
2024-06-10 14:30:00-04:00,25.200000762939453,25.209999084472656,25.200000762939453,25.209999084472656,573,0.0,0.0
2024-06-11 14:30:00-04:00,25.145000457763672,25.145000457763672,25.110000610351562,25.110000610351562,1216,0.0,0.0
2024-06-11 15:30:00-04:00,25.146699905395508,25.146699905395508,25.146699905395508,25.146699905395508,132,0.0,0.0
2024-06-12 09:30:00-04:00,25.15999984741211,25.15999984741211,25.15999984741211,25.15999984741211,622,0.0,0.0
2024-06-12 10:30:00-04:00,25.170000076293945,25.170000076293945,25.15999984741211,25.15999984741211,705,0.0,0.0
2024-06-12 11:30:00-04:00,25.239999771118164,25.239999771118164,25.239999771118164,25.239999771118164,301,0.0,0.0
2024-06-12 13:30:00-04:00,25.100099563598633,25.100099563598633,25.100099563598633,25.100099563598633,1502,0.0,0.0
2024-06-14 12:30:00-04:00,25.15999984741211,25.15999984741211,25.15999984741211,25.15999984741211,567,0.0,0.0
2024-06-17 11:30:00-04:00,25.1200008392334,25.1200008392334,25.1200008392334,25.1200008392334,631,0.0,0.0
2024-06-17 12:30:00-04:00,25.170000076293945,25.170000076293945,25.170000076293945,25.170000076293945,244,0.0,0.0
2024-06-17 13:30:00-04:00,25.18000030517578,25.18000030517578,25.18000030517578,25.18000030517578,200,0.0,0.0
2024-06-17 14:30:00-04:00,25.1299991607666,25.1299991607666,25.1200008392334,25.1299991607666,2123,0.0,0.0
2024-06-18 12:30:00-04:00,25.177099227905273,25.177099227905273,25.170000076293945,25.170000076293945,342,0.0,0.0
2024-06-20 10:30:00-04:00,25.189899444580078,25.189899444580078,25.189899444580078,25.189899444580078,0,0.0,0.0
2024-06-20 15:30:00-04:00,25.15999984741211,25.15999984741211,25.15999984741211,25.15999984741211,328,0.0,0.0
2024-06-21 10:30:00-04:00,25.110000610351562,25.18000030517578,25.110000610351562,25.18000030517578,840,0.0,0.0
2024-06-21 11:30:00-04:00,25.190000534057617,25.190000534057617,25.190000534057617,25.190000534057617,110,0.0,0.0
2024-06-21 13:30:00-04:00,25.110000610351562,25.110000610351562,25.110000610351562,25.110000610351562,394,0.0,0.0
2024-06-24 09:30:00-04:00,25.049999237060547,25.18000030517578,25.049999237060547,25.18000030517578,50,0.0,0.0
2024-06-24 10:30:00-04:00,25.100000381469727,25.110000610351562,25.075000762939453,25.075000762939453,2022,0.0,0.0
2024-06-24 12:30:00-04:00,25.16010093688965,25.16010093688965,25.16010093688965,25.16010093688965,1240,0.0,0.0
2024-06-24 13:30:00-04:00,25.1200008392334,25.1200008392334,25.110000610351562,25.110000610351562,2911,0.0,0.0
2024-06-24 14:30:00-04:00,25.1200008392334,25.1200008392334,25.1200008392334,25.1200008392334,410,0.0,0.0
2024-06-24 15:30:00-04:00,25.120100021362305,25.18000030517578,25.120100021362305,25.18000030517578,497,0.0,0.0
2024-06-25 09:30:00-04:00,25.149999618530273,25.149999618530273,25.149999618530273,25.149999618530273,555,0.0,0.0
2024-06-25 11:30:00-04:00,25.190000534057617,25.190000534057617,25.190000534057617,25.190000534057617,458,0.0,0.0
2024-06-26 11:30:00-04:00,25.1200008392334,25.229999542236328,25.1200008392334,25.158000946044922,1100,0.0,0.0
2024-06-26 13:30:00-04:00,25.149999618530273,25.150100708007812,25.149999618530273,25.150100708007812,1582,0.0,0.0
2024-06-26 14:30:00-04:00,25.170000076293945,25.170000076293945,25.170000076293945,25.170000076293945,208,0.0,0.0
2024-06-27 10:30:00-04:00,25.1299991607666,25.1299991607666,25.1299991607666,25.1299991607666,606,0.0,0.0
2024-06-27 14:30:00-04:00,25.170000076293945,25.170000076293945,25.170000076293945,25.170000076293945,400,0.0,0.0
2024-06-27 15:30:00-04:00,25.190000534057617,25.200000762939453,25.170000076293945,25.170000076293945,1900,0.0,0.0
2024-06-28 09:30:00-04:00,25.139999389648438,25.139999389648438,25.139999389648438,25.139999389648438,0,0.0,0.0
2024-06-28 11:30:00-04:00,25.200000762939453,25.200000762939453,25.200000762939453,25.200000762939453,2050,0.0,0.0
2024-06-28 12:30:00-04:00,25.13010025024414,25.13010025024414,25.13010025024414,25.13010025024414,0,0.0,0.0
2024-06-28 15:30:00-04:00,25.139999389648438,25.139999389648438,25.139999389648438,25.139999389648438,300,0.0,0.0
2024-07-01 09:30:00-04:00,25.139999389648438,25.139999389648438,25.139999389648438,25.139999389648438,1239,0.0,0.0
2024-07-01 10:30:00-04:00,25.139999389648438,25.168500900268555,25.110000610351562,25.149999618530273,2065,0.0,0.0
2024-07-01 12:30:00-04:00,25.149999618530273,25.149999618530273,25.125,25.149999618530273,2202,0.0,0.0
2024-07-01 13:30:00-04:00,25.149999618530273,25.149999618530273,25.149999618530273,25.149999618530273,1184,0.0,0.0
2024-07-01 14:30:00-04:00,25.18000030517578,25.18000030517578,25.1200008392334,25.1200008392334,1308,0.0,0.0
2024-07-02 10:30:00-04:00,25.190000534057617,25.190000534057617,25.09000015258789,25.100000381469727,3143,0.0,0.0
2024-07-02 11:30:00-04:00,25.100000381469727,25.149999618530273,25.100000381469727,25.149999618530273,815,0.0,0.0
2024-07-02 15:30:00-04:00,25.149999618530273,25.190000534057617,25.149999618530273,25.190000534057617,440,0.0,0.0
2024-07-03 10:30:00-04:00,25.200000762939453,25.229999542236328,25.199899673461914,25.229999542236328,2147,0.0,0.0
2024-07-05 10:30:00-04:00,25.219999313354492,25.219999313354492,25.219999313354492,25.219999313354492,0,0.0,0.0
2024-07-05 15:30:00-04:00,25.219999313354492,25.229999542236328,25.19499969482422,25.219999313354492,2675,0.0,0.0
2024-07-08 09:30:00-04:00,25.239900588989258,25.239900588989258,25.239900588989258,25.239900588989258,388,0.0,0.0
2024-07-08 10:30:00-04:00,25.209999084472656,25.209999084472656,25.200000762939453,25.200000762939453,2135,0.0,0.0
2024-07-08 11:30:00-04:00,25.165000915527344,25.165000915527344,25.165000915527344,25.165000915527344,261,0.0,0.0
2024-07-08 12:30:00-04:00,25.15999984741211,25.15999984741211,25.15999984741211,25.15999984741211,539,0.0,0.0
2024-07-08 13:30:00-04:00,25.200000762939453,25.200000762939453,25.194000244140625,25.200000762939453,4561,0.0,0.0
2024-07-09 09:30:00-04:00,25.16950035095215,25.16950035095215,25.16950035095215,25.16950035095215,242,0.0,0.0
2024-07-09 10:30:00-04:00,25.179899215698242,25.179899215698242,25.179899215698242,25.179899215698242,497,0.0,0.0
2024-07-09 11:30:00-04:00,25.168699264526367,25.168699264526367,25.168699264526367,25.168699264526367,297,0.0,0.0
2024-07-09 13:30:00-04:00,25.1648006439209,25.1648006439209,25.1648006439209,25.1648006439209,444,0.0,0.0
2024-07-09 14:30:00-04:00,25.149999618530273,25.150100708007812,25.149999618530273,25.150100708007812,536,0.0,0.0
2024-07-10 09:30:00-04:00,25.149999618530273,25.149999618530273,25.125,25.139999389648438,14741,0.0,0.0
2024-07-10 10:30:00-04:00,25.139999389648438,25.139999389648438,25.139999389648438,25.139999389648438,146,0.0,0.0
2024-07-10 11:30:00-04:00,25.139999389648438,25.139999389648438,25.139999389648438,25.139999389648438,200,0.0,0.0
2024-07-10 13:30:00-04:00,25.128999710083008,25.128999710083008,25.128999710083008,25.128999710083008,662,0.0,0.0
2024-07-10 15:30:00-04:00,25.139999389648438,25.139999389648438,25.139999389648438,25.139999389648438,1600,0.0,0.0
2024-07-11 09:30:00-04:00,25.170000076293945,25.170000076293945,25.170000076293945,25.170000076293945,3056,0.0,0.0
2024-07-11 10:30:00-04:00,25.13010025024414,25.13010025024414,25.13010025024414,25.13010025024414,748,0.0,0.0
2024-07-11 13:30:00-04:00,25.14150047302246,25.14150047302246,25.14150047302246,25.14150047302246,1397,0.0,0.0
2024-07-11 15:30:00-04:00,25.143600463867188,25.143600463867188,25.143600463867188,25.143600463867188,167,0.0,0.0
2024-07-12 11:30:00-04:00,25.139999389648438,25.149999618530273,25.12969970703125,25.142099380493164,4407,0.0,0.0
2024-07-12 12:30:00-04:00,25.149999618530273,25.149999618530273,25.149999618530273,25.149999618530273,791,0.0,0.0
2024-07-12 13:30:00-04:00,25.139999389648438,25.149999618530273,25.127199172973633,25.14900016784668,5770,0.0,0.0
2024-07-12 14:30:00-04:00,25.149999618530273,25.149999618530273,25.149999618530273,25.149999618530273,1654,0.0,0.0
2024-07-12 15:30:00-04:00,25.149999618530273,25.149999618530273,25.135400772094727,25.149999618530273,1098,0.0,0.0
2024-07-15 09:30:00-04:00,25.149999618530273,25.149999618530273,25.139999389648438,25.139999389648438,883,0.0,0.0
2024-07-15 10:30:00-04:00,25.140100479125977,25.149999618530273,25.140100479125977,25.149999618530273,18962,0.0,0.0
2024-07-15 11:30:00-04:00,25.149999618530273,25.149999618530273,25.149999618530273,25.149999618530273,0,0.0,0.0
2024-07-15 12:30:00-04:00,25.23080062866211,25.23080062866211,25.23080062866211,25.23080062866211,585,0.0,0.0
2024-07-15 13:30:00-04:00,25.200000762939453,25.200000762939453,25.200000762939453,25.200000762939453,1521,0.0,0.0
2024-07-15 15:30:00-04:00,25.15999984741211,25.15999984741211,25.139999389648438,25.149999618530273,9314,0.0,0.0
2024-07-16 09:30:00-04:00,25.280000686645508,25.280000686645508,25.280000686645508,25.280000686645508,250,0.0,0.0
2024-07-16 10:30:00-04:00,25.149999618530273,25.149999618530273,25.149999618530273,25.149999618530273,175,0.0,0.0
2024-07-16 11:30:00-04:00,25.149999618530273,25.149999618530273,25.149999618530273,25.149999618530273,1269,0.0,0.0
2024-07-16 14:30:00-04:00,25.15999984741211,25.219999313354492,25.15999984741211,25.215700149536133,3720,0.0,0.0
2024-07-16 15:30:00-04:00,25.229999542236328,25.229999542236328,25.229999542236328,25.229999542236328,619,0.0,0.0
2024-07-17 13:30:00-04:00,25.229999542236328,25.229999542236328,25.229999542236328,25.229999542236328,400,0.0,0.0
2024-07-17 14:30:00-04:00,25.2593994140625,25.270000457763672,25.229999542236328,25.260000228881836,4582,0.0,0.0
2024-07-17 15:30:00-04:00,25.260000228881836,25.266700744628906,25.260000228881836,25.260000228881836,433,0.0,0.0
2024-07-18 09:30:00-04:00,25.290000915527344,25.290000915527344,25.23069953918457,25.23069953918457,547,0.0,0.0
2024-07-18 15:30:00-04:00,25.280000686645508,25.290000915527344,25.25,25.290000915527344,2675,0.0,0.0
2024-07-19 10:30:00-04:00,25.27989959716797,25.27989959716797,25.27989959716797,25.27989959716797,201,0.0,0.0
2024-07-19 11:30:00-04:00,25.250099182128906,25.250099182128906,25.250099182128906,25.250099182128906,438,0.0,0.0
2024-07-19 12:30:00-04:00,25.264999389648438,25.264999389648438,25.264999389648438,25.264999389648438,189,0.0,0.0
2024-07-19 15:30:00-04:00,25.280000686645508,25.300100326538086,25.27519989013672,25.299999237060547,1017,0.0,0.0
2024-07-22 09:30:00-04:00,25.25,25.299999237060547,25.25,25.299999237060547,0,0.0,0.0
2024-07-22 10:30:00-04:00,25.235000610351562,25.235000610351562,25.18000030517578,25.18000030517578,339,0.0,0.0
2024-07-22 13:30:00-04:00,25.280000686645508,25.280000686645508,25.280000686645508,25.280000686645508,306,0.0,0.0
2024-07-22 15:30:00-04:00,25.280000686645508,25.280000686645508,25.280000686645508,25.280000686645508,265,0.0,0.0
2024-07-23 09:30:00-04:00,25.299999237060547,25.299999237060547,25.299999237060547,25.299999237060547,0,0.0,0.0
2024-07-23 12:30:00-04:00,25.290300369262695,25.290300369262695,25.290000915527344,25.290000915527344,3705,0.0,0.0
2024-07-24 09:30:00-04:00,25.190000534057617,25.264999389648438,25.190000534057617,25.264999389648438,2194,0.0,0.0
2024-07-24 11:30:00-04:00,25.200000762939453,25.200000762939453,25.200000762939453,25.200000762939453,836,0.0,0.0
2024-07-24 13:30:00-04:00,25.215499877929688,25.215499877929688,25.215499877929688,25.215499877929688,662,0.0,0.0
2024-07-24 15:30:00-04:00,25.190000534057617,25.190000534057617,25.190000534057617,25.190000534057617,515,0.0,0.0
2024-07-25 10:30:00-04:00,25.190000534057617,25.190000534057617,25.190000534057617,25.190000534057617,870,0.0,0.0
2024-07-26 09:30:00-04:00,25.209999084472656,25.209999084472656,25.149999618530273,25.149999618530273,2166,0.0,0.0
2024-07-26 10:30:00-04:00,25.235000610351562,25.275999069213867,25.235000610351562,25.275999069213867,589,0.0,0.0
2024-07-26 11:30:00-04:00,25.280000686645508,25.280000686645508,25.280000686645508,25.280000686645508,600,0.0,0.0
2024-07-26 13:30:00-04:00,25.260000228881836,25.260000228881836,25.260000228881836,25.260000228881836,197,0.0,0.0
2024-07-26 14:30:00-04:00,25.25,25.25,25.25,25.25,317,0.0,0.0
2024-07-29 09:30:00-04:00,25.270000457763672,25.270000457763672,25.219999313354492,25.219999313354492,1380,0.0,0.0
2024-07-29 11:30:00-04:00,25.25,25.25,25.25,25.25,400,0.0,0.0
2024-07-29 12:30:00-04:00,25.219999313354492,25.22010040283203,25.219999313354492,25.219999313354492,1784,0.0,0.0
2024-07-30 09:30:00-04:00,25.260000228881836,25.270000457763672,25.260000228881836,25.260499954223633,0,0.0,0.0
2024-07-30 10:30:00-04:00,25.270000457763672,25.270000457763672,25.25,25.25,812,0.0,0.0
2024-07-30 14:30:00-04:00,25.251399993896484,25.251399993896484,25.251399993896484,25.251399993896484,359,0.0,0.0
2024-07-30 15:30:00-04:00,25.29800033569336,25.309999465942383,25.25,25.250099182128906,3147,0.0,0.0
2024-07-31 11:30:00-04:00,25.31999969482422,25.31999969482422,25.31999969482422,25.31999969482422,200,0.0,0.0
2024-07-31 12:30:00-04:00,25.314599990844727,25.314599990844727,25.314599990844727,25.314599990844727,320,0.0,0.0
2024-07-31 13:30:00-04:00,25.329999923706055,25.329999923706055,25.329999923706055,25.329999923706055,229,0.0,0.0
2024-07-31 15:30:00-04:00,25.31999969482422,25.31999969482422,25.31999969482422,25.31999969482422,229,0.0,0.0
2024-08-01 09:30:00-04:00,25.33989906311035,25.33989906311035,25.33989906311035,25.33989906311035,660,0.0,0.0
2024-08-01 11:30:00-04:00,25.34000015258789,25.34000015258789,25.34000015258789,25.34000015258789,70,0.0,0.0
2024-08-01 13:30:00-04:00,25.299999237060547,25.299999237060547,25.299999237060547,25.299999237060547,355,0.0,0.0
2024-08-01 14:30:00-04:00,25.31999969482422,25.31999969482422,25.31999969482422,25.31999969482422,438,0.0,0.0
2024-08-02 09:30:00-04:00,25.25,25.300100326538086,25.25,25.300100326538086,936,0.0,0.0
2024-08-02 10:30:00-04:00,25.250099182128906,25.250099182128906,25.209999084472656,25.209999084472656,3047,0.0,0.0
2024-08-02 11:30:00-04:00,25.209999084472656,25.209999084472656,25.209999084472656,25.209999084472656,400,0.0,0.0
2024-08-05 09:30:00-04:00,25.270000457763672,25.270000457763672,25.020000457763672,25.040000915527344,6419,0.0,0.0
2024-08-05 12:30:00-04:00,25.145000457763672,25.25,25.145000457763672,25.25,533,0.0,0.0
2024-08-05 15:30:00-04:00,25.149999618530273,25.149999618530273,25.149999618530273,25.149999618530273,480,0.0,0.0
2024-08-06 09:30:00-04:00,25.190000534057617,25.190000534057617,25.190000534057617,25.190000534057617,292,0.0,0.0
2024-08-06 15:30:00-04:00,25.149999618530273,25.149999618530273,25.149999618530273,25.149999618530273,420,0.0,0.0
2024-08-07 09:30:00-04:00,25.229999542236328,25.229999542236328,25.15999984741211,25.170000076293945,1323,0.0,0.0
2024-08-07 11:30:00-04:00,25.200000762939453,25.200000762939453,25.200000762939453,25.200000762939453,434,0.0,0.0
2024-08-07 12:30:00-04:00,25.225000381469727,25.225000381469727,25.225000381469727,25.225000381469727,498,0.0,0.0
2024-08-08 10:30:00-04:00,25.229999542236328,25.299999237060547,25.229999542236328,25.299999237060547,571,0.0,0.0
2024-08-08 11:30:00-04:00,25.309999465942383,25.309999465942383,25.309999465942383,25.309999465942383,311,0.0,0.0
2024-08-08 12:30:00-04:00,25.252500534057617,25.2549991607666,25.252500534057617,25.2549991607666,2000,0.0,0.0
2024-08-08 13:30:00-04:00,25.25779914855957,25.25779914855957,25.25779914855957,25.25779914855957,290,0.0,0.0
2024-08-09 11:30:00-04:00,25.249900817871094,25.249900817871094,25.226200103759766,25.229999542236328,1748,0.0,0.0
2024-08-09 12:30:00-04:00,25.229999542236328,25.31999969482422,25.229999542236328,25.31999969482422,519,0.0,0.0
2024-08-09 13:30:00-04:00,25.229999542236328,25.260000228881836,25.229999542236328,25.253000259399414,1300,0.0,0.0
2024-08-09 14:30:00-04:00,25.229999542236328,25.229999542236328,25.229999542236328,25.229999542236328,624,0.0,0.0
2024-08-09 15:30:00-04:00,25.28499984741211,25.28499984741211,25.28499984741211,25.28499984741211,0,0.0,0.0
2024-08-12 10:30:00-04:00,25.25,25.25,25.212499618530273,25.212499618530273,2151,0.0,0.0
2024-08-12 11:30:00-04:00,25.200000762939453,25.200000762939453,25.200000762939453,25.200000762939453,5560,0.0,0.0
2024-08-12 14:30:00-04:00,25.34000015258789,25.34000015258789,25.325000762939453,25.325000762939453,531,0.0,0.0
2024-08-13 10:30:00-04:00,25.31999969482422,25.31999969482422,25.31999969482422,25.31999969482422,432,0.0,0.0
2024-08-13 11:30:00-04:00,25.278200149536133,25.278200149536133,25.229999542236328,25.260000228881836,672,0.0,0.0
2024-08-13 12:30:00-04:00,25.2450008392334,25.260000228881836,25.2450008392334,25.260000228881836,700,0.0,0.0
2024-08-13 13:30:00-04:00,25.239999771118164,25.239999771118164,25.229999542236328,25.229999542236328,698,0.0,0.0
2024-08-13 14:30:00-04:00,25.260000228881836,25.260000228881836,25.260000228881836,25.260000228881836,378,0.0,0.0
2024-08-14 09:30:00-04:00,25.280000686645508,25.31999969482422,25.280000686645508,25.31999969482422,634,0.0,0.0
2024-08-14 10:30:00-04:00,25.329999923706055,25.3799991607666,25.329999923706055,25.3799991607666,2073,0.0,0.0
2024-08-14 11:30:00-04:00,25.3700008392334,25.389999389648438,25.350000381469727,25.350000381469727,1528,0.0,0.0
2024-08-14 14:30:00-04:00,25.371000289916992,25.371000289916992,25.350000381469727,25.350000381469727,1041,0.0,0.0
2024-08-14 15:30:00-04:00,25.299999237060547,25.299999237060547,25.299999237060547,25.299999237060547,400,0.0,0.0
2024-08-15 09:30:00-04:00,24.889999389648438,24.928300857543945,24.860000610351562,24.928300857543945,6441,0.0,0.0
2024-08-15 10:30:00-04:00,24.940000534057617,24.940000534057617,24.940000534057617,24.940000534057617,395,0.0,0.0
2024-08-15 12:30:00-04:00,24.940000534057617,25.040000915527344,24.899999618530273,25.040000915527344,13151,0.0,0.0
2024-08-15 15:30:00-04:00,24.961000442504883,24.961000442504883,24.961000442504883,24.961000442504883,6714,0.0,0.0
2024-08-16 09:30:00-04:00,25.010000228881836,25.010000228881836,25.0,25.0,1535,0.0,0.0
2024-08-16 10:30:00-04:00,24.979999542236328,24.979999542236328,24.975000381469727,24.979999542236328,1222,0.0,0.0
2024-08-16 11:30:00-04:00,24.979799270629883,24.979999542236328,24.979799270629883,24.979999542236328,200,0.0,0.0
2024-08-16 13:30:00-04:00,24.979999542236328,24.979999542236328,24.972700119018555,24.972700119018555,1066,0.0,0.0
2024-08-16 14:30:00-04:00,24.979900360107422,24.979900360107422,24.966699600219727,24.970199584960938,6203,0.0,0.0
2024-08-16 15:30:00-04:00,24.980100631713867,24.980100631713867,24.979999542236328,24.980100631713867,710,0.0,0.0
2024-08-19 09:30:00-04:00,25.079999923706055,25.079999923706055,25.079999923706055,25.079999923706055,380,0.0,0.0
2024-08-19 11:30:00-04:00,24.9867000579834,24.9867000579834,24.9867000579834,24.9867000579834,1185,0.0,0.0
2024-08-19 12:30:00-04:00,24.989999771118164,24.989999771118164,24.989999771118164,24.989999771118164,1280,0.0,0.0
2024-08-19 13:30:00-04:00,24.972000122070312,24.972000122070312,24.972000122070312,24.972000122070312,506,0.0,0.0
2024-08-20 09:30:00-04:00,25.010000228881836,25.020000457763672,25.010000228881836,25.010000228881836,1647,0.0,0.0
2024-08-20 10:30:00-04:00,25.030000686645508,25.030000686645508,25.030000686645508,25.030000686645508,1134,0.0,0.0
2024-08-20 12:30:00-04:00,25.040000915527344,25.040000915527344,25.040000915527344,25.040000915527344,112,0.0,0.0
2024-08-20 14:30:00-04:00,25.0,25.049999237060547,25.0,25.04990005493164,7693,0.0,0.0
2024-08-21 12:30:00-04:00,25.0,25.0,25.0,25.0,215,0.0,0.0
2024-08-21 13:30:00-04:00,25.0,25.0,24.996400833129883,24.996400833129883,1620,0.0,0.0
2024-08-21 14:30:00-04:00,24.98270034790039,24.98270034790039,24.98270034790039,24.98270034790039,349,0.0,0.0
2024-08-21 15:30:00-04:00,24.989999771118164,25.024700164794922,24.989999771118164,25.020000457763672,1277,0.0,0.0
2024-08-22 09:30:00-04:00,25.0,25.0,24.950000762939453,24.978099822998047,1444,0.0,0.0
2024-08-22 10:30:00-04:00,24.950000762939453,24.950000762939453,24.93000030517578,24.93000030517578,1307,0.0,0.0
2024-08-22 11:30:00-04:00,24.920000076293945,24.93000030517578,24.8700008392334,24.920000076293945,3616,0.0,0.0
2024-08-22 12:30:00-04:00,24.920000076293945,24.95319938659668,24.920000076293945,24.95319938659668,877,0.0,0.0
2024-08-22 13:30:00-04:00,24.920000076293945,24.934200286865234,24.899999618530273,24.899999618530273,1462,0.0,0.0
2024-08-22 14:30:00-04:00,24.920000076293945,24.920000076293945,24.91990089416504,24.91990089416504,1000,0.0,0.0
2024-08-23 09:30:00-04:00,24.90999984741211,24.90999984741211,24.862600326538086,24.875,5964,0.0,0.0
2024-08-23 10:30:00-04:00,24.89229965209961,24.940200805664062,24.8799991607666,24.940200805664062,2304,0.0,0.0
2024-08-23 11:30:00-04:00,24.93000030517578,24.93000030517578,24.93000030517578,24.93000030517578,775,0.0,0.0
2024-08-23 12:30:00-04:00,24.910200119018555,24.93000030517578,24.910200119018555,24.93000030517578,534,0.0,0.0
2024-08-23 13:30:00-04:00,24.950000762939453,24.95009994506836,24.949899673461914,24.95009994506836,2122,0.0,0.0
2024-08-23 15:30:00-04:00,24.959999084472656,24.969999313354492,24.959999084472656,24.959999084472656,2476,0.0,0.0
2024-08-26 09:30:00-04:00,24.969999313354492,25.030000686645508,24.96969985961914,25.0,8355,0.0,0.0
2024-08-26 10:30:00-04:00,25.029199600219727,25.045000076293945,25.00659942626953,25.045000076293945,4410,0.0,0.0
2024-08-26 11:30:00-04:00,25.04990005493164,25.049999237060547,25.024599075317383,25.024999618530273,1072,0.0,0.0
2024-08-26 12:30:00-04:00,25.049999237060547,25.100000381469727,25.0487003326416,25.06599998474121,4164,0.0,0.0
2024-08-26 13:30:00-04:00,25.07710075378418,25.07710075378418,25.07710075378418,25.07710075378418,463,0.0,0.0
2024-08-26 14:30:00-04:00,25.09000015258789,25.09000015258789,25.08989906311035,25.08989906311035,418,0.0,0.0
2024-08-26 15:30:00-04:00,25.075000762939453,25.077199935913086,25.070199966430664,25.077199935913086,658,0.0,0.0
2024-08-27 09:30:00-04:00,25.09000015258789,25.09000015258789,25.09000015258789,25.09000015258789,1038,0.0,0.0
2024-08-27 10:30:00-04:00,25.06999969482422,25.06999969482422,25.06999969482422,25.06999969482422,248,0.0,0.0
2024-08-27 11:30:00-04:00,25.06999969482422,25.079999923706055,25.06999969482422,25.079999923706055,540,0.0,0.0
2024-08-27 12:30:00-04:00,25.079999923706055,25.079999923706055,25.070499420166016,25.070499420166016,1762,0.0,0.0
2024-08-27 13:30:00-04:00,25.09950065612793,25.09950065612793,25.092199325561523,25.092199325561523,763,0.0,0.0
2024-08-27 14:30:00-04:00,25.110000610351562,25.149999618530273,25.109899520874023,25.149999618530273,4727,0.0,0.0
2024-08-27 15:30:00-04:00,25.149999618530273,25.15999984741211,25.149900436401367,25.149999618530273,2101,0.0,0.0
2024-08-28 09:30:00-04:00,25.149999618530273,25.160900115966797,25.149999618530273,25.160900115966797,914,0.0,0.0
2024-08-28 10:30:00-04:00,25.114999771118164,25.114999771118164,25.114999771118164,25.114999771118164,411,0.0,0.0
2024-08-28 12:30:00-04:00,25.079999923706055,25.149999618530273,25.079999923706055,25.149999618530273,1786,0.0,0.0
2024-08-28 15:30:00-04:00,25.094999313354492,25.094999313354492,25.094999313354492,25.094999313354492,200,0.0,0.0
2024-08-29 09:30:00-04:00,25.10700035095215,25.127500534057617,25.10700035095215,25.127500534057617,895,0.0,0.0
2024-08-29 10:30:00-04:00,25.069599151611328,25.079999923706055,25.069599151611328,25.079999923706055,1050,0.0,0.0
2024-08-29 11:30:00-04:00,25.110000610351562,25.110000610351562,25.110000610351562,25.110000610351562,0,0.0,0.0
2024-08-29 12:30:00-04:00,25.1299991607666,25.13990020751953,25.1299991607666,25.13990020751953,828,0.0,0.0
2024-08-30 09:30:00-04:00,25.010000228881836,25.010000228881836,25.010000228881836,25.010000228881836,200,0.0,0.0
2024-08-30 14:30:00-04:00,25.079999923706055,25.079999923706055,25.079999923706055,25.079999923706055,678,0.0,0.0
2024-08-30 15:30:00-04:00,25.100000381469727,25.100000381469727,25.059999465942383,25.059999465942383,560,0.0,0.0
2024-09-03 09:30:00-04:00,25.1299991607666,25.1299991607666,25.1299991607666,25.1299991607666,116,0.0,0.0
2024-09-03 10:30:00-04:00,25.059999465942383,25.08799934387207,25.059999465942383,25.08799934387207,474,0.0,0.0
2024-09-03 11:30:00-04:00,25.049999237060547,25.049999237060547,25.049999237060547,25.049999237060547,1583,0.0,0.0
2024-09-03 12:30:00-04:00,25.049999237060547,25.06760025024414,25.049999237060547,25.05900001525879,1108,0.0,0.0
2024-09-03 13:30:00-04:00,25.08989906311035,25.1299991607666,25.08989906311035,25.129899978637695,1361,0.0,0.0
2024-09-04 09:30:00-04:00,25.100000381469727,25.100000381469727,25.100000381469727,25.100000381469727,286,0.0,0.0
2024-09-04 10:30:00-04:00,25.09000015258789,25.100000381469727,25.09000015258789,25.100000381469727,375,0.0,0.0
2024-09-04 11:30:00-04:00,25.06999969482422,25.06999969482422,25.06999969482422,25.06999969482422,254,0.0,0.0
2024-09-04 12:30:00-04:00,25.09630012512207,25.09630012512207,25.09630012512207,25.09630012512207,468,0.0,0.0
2024-09-04 13:30:00-04:00,25.09000015258789,25.200000762939453,25.073200225830078,25.199899673461914,6351,0.0,0.0
2024-09-04 14:30:00-04:00,25.149999618530273,25.150100708007812,25.149999618530273,25.149999618530273,422,0.0,0.0
2024-09-05 09:30:00-04:00,25.190000534057617,25.190000534057617,25.190000534057617,25.190000534057617,400,0.0,0.0
2024-09-05 11:30:00-04:00,25.1299991607666,25.1299991607666,25.10140037536621,25.10140037536621,200,0.0,0.0
2024-09-05 13:30:00-04:00,25.137500762939453,25.172500610351562,25.137500762939453,25.172500610351562,2830,0.0,0.0
2024-09-05 15:30:00-04:00,25.18000030517578,25.18000030517578,25.18000030517578,25.18000030517578,239,0.0,0.0
2024-09-06 10:30:00-04:00,25.049999237060547,25.16189956665039,25.049999237060547,25.16189956665039,0,0.0,0.0
2024-09-06 12:30:00-04:00,25.190000534057617,25.190000534057617,25.190000534057617,25.190000534057617,1410,0.0,0.0
2024-09-06 13:30:00-04:00,25.16990089416504,25.16990089416504,25.16990089416504,25.16990089416504,608,0.0,0.0
2024-09-06 14:30:00-04:00,25.084999084472656,25.084999084472656,25.084999084472656,25.084999084472656,400,0.0,0.0
