Datetime,Open,High,Low,Close,Volume,Dividends,Stock Splits
2022-09-08 09:30:00-04:00,33.02000045776367,34.43000030517578,32.650001525878906,34.11000061035156,209344,0.0,0.0
2022-09-08 10:30:00-04:00,34.099998474121094,34.529998779296875,34.0,34.209999084472656,210604,0.0,0.0
2022-09-08 11:30:00-04:00,34.209999084472656,34.29999923706055,33.66999816894531,33.689998626708984,148445,0.0,0.0
2022-09-08 12:30:00-04:00,33.69499969482422,34.61000061035156,33.65999984741211,34.59000015258789,233670,0.0,0.0
2022-09-08 13:30:00-04:00,34.58000183105469,35.040000915527344,34.52000045776367,34.900001525878906,386860,0.0,0.0
2022-09-08 14:30:00-04:00,34.91999816894531,35.1349983215332,34.68000030517578,34.970001220703125,388048,0.0,0.0
2022-09-08 15:30:00-04:00,34.96500015258789,35.189998626708984,34.83000183105469,35.11000061035156,544364,0.0,0.0
2022-09-09 09:30:00-04:00,35.81999969482422,36.724998474121094,35.529998779296875,36.63999938964844,444566,0.0,0.0
2022-09-09 10:30:00-04:00,36.63999938964844,37.029998779296875,36.54999923706055,37.029998779296875,230510,0.0,0.0
2022-09-09 11:30:00-04:00,37.03499984741211,37.154998779296875,36.90999984741211,37.130001068115234,224907,0.0,0.0
2022-09-09 12:30:00-04:00,37.13999938964844,37.58000183105469,37.119998931884766,37.42499923706055,252087,0.0,0.0
2022-09-09 13:30:00-04:00,37.43000030517578,37.540000915527344,37.150001525878906,37.5099983215332,279157,0.0,0.0
2022-09-09 14:30:00-04:00,37.5099983215332,37.56999969482422,37.25,37.5099983215332,247429,0.0,0.0
2022-09-09 15:30:00-04:00,37.512001037597656,37.779998779296875,37.505001068115234,37.7599983215332,342392,0.0,0.0
2022-09-12 09:30:00-04:00,38.599998474121094,39.678001403808594,38.06999969482422,39.349998474121094,800113,0.0,0.0
2022-09-12 10:30:00-04:00,39.369998931884766,39.650001525878906,39.099998474121094,39.369998931884766,274164,0.0,0.0
2022-09-12 11:30:00-04:00,39.369998931884766,39.584999084472656,39.18000030517578,39.41999816894531,288020,0.0,0.0
2022-09-12 12:30:00-04:00,39.439998626708984,39.810001373291016,39.15999984741211,39.689998626708984,353721,0.0,0.0
2022-09-12 13:30:00-04:00,39.68000030517578,40.08000183105469,39.5099983215332,39.97999954223633,311155,0.0,0.0
2022-09-12 14:30:00-04:00,39.970001220703125,40.310001373291016,39.849998474121094,40.23500061035156,287841,0.0,0.0
2022-09-12 15:30:00-04:00,40.22999954223633,40.275001525878906,40.029998779296875,40.16999816894531,378476,0.0,0.0
2022-09-13 09:30:00-04:00,37.810001373291016,38.709999084472656,37.595001220703125,38.59000015258789,350445,0.0,0.0
2022-09-13 10:30:00-04:00,38.56999969482422,38.7400016784668,38.08000183105469,38.334999084472656,245061,0.0,0.0
2022-09-13 11:30:00-04:00,38.334999084472656,38.560001373291016,38.33000183105469,38.5,193280,0.0,0.0
2022-09-13 12:30:00-04:00,38.505001068115234,38.90999984741211,38.45500183105469,38.86000061035156,192097,0.0,0.0
2022-09-13 13:30:00-04:00,38.86000061035156,39.09000015258789,38.814998626708984,38.869998931884766,288286,0.0,0.0
2022-09-13 14:30:00-04:00,38.880001068115234,38.88999938964844,38.54999923706055,38.71659851074219,261022,0.0,0.0
2022-09-13 15:30:00-04:00,38.709999084472656,38.7599983215332,38.150001525878906,38.2599983215332,357078,0.0,0.0
2022-09-14 09:30:00-04:00,38.040000915527344,38.290000915527344,37.34000015258789,38.0099983215332,195960,0.0,0.0
2022-09-14 10:30:00-04:00,37.970001220703125,38.45000076293945,37.880001068115234,38.279998779296875,126016,0.0,0.0
2022-09-14 11:30:00-04:00,38.27000045776367,38.61899948120117,38.13999938964844,38.529998779296875,227004,0.0,0.0
2022-09-14 12:30:00-04:00,38.540000915527344,38.880001068115234,38.47999954223633,38.599998474121094,123585,0.0,0.0
2022-09-14 13:30:00-04:00,38.599998474121094,38.60499954223633,37.97999954223633,38.0,155136,0.0,0.0
2022-09-14 14:30:00-04:00,37.9900016784668,38.15999984741211,37.79999923706055,37.83000183105469,172444,0.0,0.0
2022-09-14 15:30:00-04:00,37.83000183105469,37.970001220703125,37.70000076293945,37.880001068115234,425864,0.0,0.0
2022-09-15 09:30:00-04:00,37.16999816894531,38.72999954223633,37.0,38.04999923706055,169442,0.0,0.0
2022-09-15 10:30:00-04:00,38.029998779296875,38.209999084472656,37.11000061035156,37.5,182574,0.0,0.0
2022-09-15 11:30:00-04:00,37.529998779296875,37.869998931884766,37.369998931884766,37.54999923706055,119203,0.0,0.0
2022-09-15 12:30:00-04:00,37.564998626708984,38.25,37.540000915527344,38.20500183105469,119946,0.0,0.0
2022-09-15 13:30:00-04:00,38.209999084472656,38.220001220703125,37.849998474121094,37.97999954223633,132103,0.0,0.0
2022-09-15 14:30:00-04:00,37.9900016784668,38.099998474121094,37.56999969482422,37.6150016784668,203919,0.0,0.0
2022-09-15 15:30:00-04:00,37.6150016784668,37.880001068115234,37.5099983215332,37.810001373291016,313139,0.0,0.0
2022-09-16 09:30:00-04:00,36.63999938964844,36.63999938964844,35.93000030517578,36.31999969482422,181103,0.0,0.0
2022-09-16 10:30:00-04:00,36.33000183105469,36.790000915527344,36.33000183105469,36.505001068115234,138801,0.0,0.0
2022-09-16 11:30:00-04:00,36.529998779296875,36.75870132446289,36.47999954223633,36.52000045776367,165941,0.0,0.0
2022-09-16 12:30:00-04:00,36.5099983215332,36.75,36.29999923706055,36.31999969482422,141283,0.0,0.0
2022-09-16 13:30:00-04:00,36.33000183105469,36.45000076293945,35.95000076293945,36.150001525878906,229358,0.0,0.0
2022-09-16 14:30:00-04:00,36.130001068115234,36.65999984741211,35.9900016784668,36.5099983215332,180134,0.0,0.0
2022-09-16 15:30:00-04:00,36.5,36.5,36.09000015258789,36.33000183105469,363795,0.0,0.0
2022-09-19 09:30:00-04:00,35.61000061035156,36.63999938964844,35.275001525878906,35.45000076293945,356129,0.0,0.0
2022-09-19 10:30:00-04:00,35.439998626708984,35.66999816894531,35.220001220703125,35.290000915527344,162575,0.0,0.0
2022-09-19 11:30:00-04:00,35.27000045776367,35.29999923706055,34.900001525878906,35.220001220703125,102042,0.0,0.0
2022-09-19 12:30:00-04:00,35.209999084472656,35.58000183105469,35.209999084472656,35.58000183105469,98975,0.0,0.0
2022-09-19 13:30:00-04:00,35.599998474121094,35.650001525878906,35.38999938964844,35.650001525878906,65258,0.0,0.0
2022-09-19 14:30:00-04:00,35.68000030517578,36.16999816894531,35.68000030517578,36.130001068115234,106555,0.0,0.0
2022-09-19 15:30:00-04:00,36.16999816894531,36.25,36.029998779296875,36.029998779296875,182223,0.0,0.0
2022-09-20 09:30:00-04:00,35.650001525878906,36.16999816894531,35.529998779296875,35.939998626708984,72974,0.0,0.0
2022-09-20 10:30:00-04:00,35.93000030517578,36.439998626708984,35.72999954223633,36.42499923706055,115134,0.0,0.0
2022-09-20 11:30:00-04:00,36.43000030517578,36.45000076293945,35.97999954223633,35.9900016784668,51248,0.0,0.0
2022-09-20 12:30:00-04:00,35.98500061035156,36.025001525878906,35.5099983215332,35.5099983215332,79691,0.0,0.0
2022-09-20 13:30:00-04:00,35.5,35.5099983215332,35.2400016784668,35.2400016784668,73501,0.0,0.0
2022-09-20 14:30:00-04:00,35.189998626708984,35.32500076293945,35.06999969482422,35.189998626708984,172120,0.0,0.0
2022-09-20 15:30:00-04:00,35.185001373291016,35.40999984741211,35.11000061035156,35.22999954223633,193840,0.0,0.0
2022-09-21 09:30:00-04:00,35.720001220703125,35.810001373291016,34.93000030517578,35.31999969482422,108388,0.0,0.0
2022-09-21 10:30:00-04:00,35.38999938964844,35.435001373291016,35.099998474121094,35.314998626708984,80267,0.0,0.0
2022-09-21 11:30:00-04:00,35.29999923706055,35.47999954223633,35.2400016784668,35.47999954223633,81830,0.0,0.0
2022-09-21 12:30:00-04:00,35.470001220703125,35.59000015258789,35.08000183105469,35.189998626708984,84729,0.0,0.0
2022-09-21 13:30:00-04:00,35.20000076293945,35.435001373291016,34.4900016784668,34.84000015258789,138120,0.0,0.0
2022-09-21 14:30:00-04:00,34.779998779296875,35.97999954223633,34.70000076293945,34.93000030517578,234841,0.0,0.0
2022-09-21 15:30:00-04:00,34.880001068115234,34.880001068115234,34.2599983215332,34.29999923706055,234952,0.0,0.0
2022-09-22 09:30:00-04:00,34.0,34.529998779296875,32.810001373291016,32.90999984741211,200778,0.0,0.0
2022-09-22 10:30:00-04:00,32.86000061035156,33.06999969482422,32.54999923706055,32.650001525878906,84746,0.0,0.0
2022-09-22 11:30:00-04:00,32.64799880981445,32.9900016784668,32.64799880981445,32.939998626708984,106587,0.0,0.0
2022-09-22 12:30:00-04:00,32.904998779296875,33.11000061035156,32.81999969482422,33.04999923706055,235858,0.0,0.0
2022-09-22 13:30:00-04:00,33.06999969482422,33.310001373291016,33.064998626708984,33.209999084472656,126640,0.0,0.0
2022-09-22 14:30:00-04:00,33.20000076293945,33.43000030517578,32.84000015258789,33.369998931884766,336106,0.0,0.0
2022-09-22 15:30:00-04:00,33.375,33.66999816894531,33.209999084472656,33.2400016784668,293872,0.0,0.0
2022-09-23 09:30:00-04:00,32.650001525878906,33.459999084472656,32.08000183105469,32.279998779296875,517033,0.0,0.0
2022-09-23 10:30:00-04:00,32.279998779296875,32.64500045776367,32.04999923706055,32.279998779296875,271712,0.0,0.0
2022-09-23 11:30:00-04:00,32.29999923706055,32.36000061035156,31.670000076293945,31.670000076293945,293639,0.0,0.0
2022-09-23 12:30:00-04:00,31.670000076293945,31.920000076293945,31.584999084472656,31.729999542236328,196217,0.0,0.0
2022-09-23 13:30:00-04:00,31.75,31.815000534057617,31.549999237060547,31.815000534057617,206322,0.0,0.0
2022-09-23 14:30:00-04:00,31.815000534057617,32.29499816894531,31.645000457763672,32.279998779296875,233668,0.0,0.0
2022-09-23 15:30:00-04:00,32.28499984741211,32.59000015258789,32.28499984741211,32.58000183105469,268156,0.0,0.0
2022-09-26 09:30:00-04:00,32.470001220703125,33.55500030517578,32.150001525878906,32.91999816894531,299172,0.0,0.0
2022-09-26 10:30:00-04:00,32.89500045776367,32.89500045776367,31.809999465942383,31.864999771118164,131615,0.0,0.0
2022-09-26 11:30:00-04:00,31.8799991607666,32.025001525878906,31.4950008392334,31.540000915527344,84387,0.0,0.0
2022-09-26 12:30:00-04:00,31.514999389648438,31.829999923706055,31.479999542236328,31.641000747680664,81159,0.0,0.0
2022-09-26 13:30:00-04:00,31.670000076293945,31.780000686645508,31.5,31.670000076293945,120054,0.0,0.0
2022-09-26 14:30:00-04:00,31.670000076293945,31.915000915527344,31.600000381469727,31.7450008392334,132991,0.0,0.0
2022-09-26 15:30:00-04:00,31.75,31.75,31.489999771118164,31.510000228881836,245692,0.0,0.0
2022-09-27 09:30:00-04:00,32.279998779296875,32.970001220703125,32.06999969482422,32.290000915527344,176831,0.0,0.0
2022-09-27 10:30:00-04:00,32.290000915527344,32.75,32.23500061035156,32.470001220703125,112217,0.0,0.0
2022-09-27 11:30:00-04:00,32.45000076293945,32.54999923706055,31.780000686645508,31.889999389648438,80158,0.0,0.0
2022-09-27 12:30:00-04:00,31.889999389648438,32.09000015258789,31.850000381469727,32.06999969482422,90004,0.0,0.0
2022-09-27 13:30:00-04:00,32.060001373291016,32.225399017333984,31.959999084472656,31.979999542236328,86133,0.0,0.0
2022-09-27 14:30:00-04:00,31.979999542236328,32.369998931884766,31.899999618530273,32.130001068115234,155253,0.0,0.0
2022-09-27 15:30:00-04:00,32.13999938964844,32.36000061035156,32.029998779296875,32.36000061035156,203653,0.0,0.0
2022-09-28 09:30:00-04:00,32.560001373291016,33.47999954223633,32.51499938964844,33.45000076293945,80735,0.0,0.0
2022-09-28 10:30:00-04:00,33.439998626708984,33.70000076293945,33.119998931884766,33.529998779296875,139435,0.0,0.0
2022-09-28 11:30:00-04:00,33.529998779296875,34.14500045776367,33.470001220703125,33.939998626708984,178912,0.0,0.0
2022-09-28 12:30:00-04:00,33.93000030517578,34.04999923706055,33.69499969482422,34.04999923706055,202534,0.0,0.0
2022-09-28 13:30:00-04:00,34.029998779296875,34.57500076293945,34.029998779296875,34.54999923706055,398300,0.0,0.0
2022-09-28 14:30:00-04:00,34.56999969482422,34.90999984741211,34.38999938964844,34.869998931884766,202096,0.0,0.0
2022-09-28 15:30:00-04:00,34.880001068115234,35.0099983215332,34.7400016784668,34.790000915527344,330085,0.0,0.0
2022-09-29 09:30:00-04:00,33.869998931884766,34.720001220703125,33.849998474121094,33.88999938964844,199615,0.0,0.0
2022-09-29 10:30:00-04:00,33.869998931884766,34.15999984741211,33.66999816894531,34.13999938964844,152617,0.0,0.0
2022-09-29 11:30:00-04:00,34.15999984741211,34.45000076293945,34.04999923706055,34.25,133072,0.0,0.0
2022-09-29 12:30:00-04:00,34.2400016784668,34.41999816894531,34.18000030517578,34.380001068115234,155896,0.0,0.0
2022-09-29 13:30:00-04:00,34.349998474121094,34.42499923706055,34.095001220703125,34.15999984741211,236178,0.0,0.0
2022-09-29 14:30:00-04:00,34.150001525878906,34.279998779296875,34.060001373291016,34.19499969482422,252662,0.0,0.0
2022-09-29 15:30:00-04:00,34.19499969482422,34.38999938964844,34.189998626708984,34.34000015258789,351811,0.0,0.0
2022-09-30 09:30:00-04:00,34.02000045776367,35.0,33.91999816894531,34.959999084472656,247460,0.0,0.0
2022-09-30 10:30:00-04:00,34.95000076293945,35.970001220703125,34.939998626708984,35.79999923706055,216769,0.0,0.0
2022-09-30 11:30:00-04:00,35.83000183105469,35.869998931884766,35.27000045776367,35.339900970458984,149236,0.0,0.0
2022-09-30 12:30:00-04:00,35.31999969482422,35.52000045776367,35.13999938964844,35.3849983215332,107923,0.0,0.0
2022-09-30 13:30:00-04:00,35.380001068115234,35.380001068115234,34.845001220703125,34.900001525878906,110385,0.0,0.0
2022-09-30 14:30:00-04:00,34.91999816894531,34.9900016784668,34.459999084472656,34.61000061035156,195140,0.0,0.0
2022-09-30 15:30:00-04:00,34.619998931884766,34.66999816894531,34.34000015258789,34.40999984741211,434380,0.0,0.0
2022-10-03 09:30:00-04:00,35.06999969482422,35.439998626708984,34.01499938964844,34.724998474121094,198306,0.0,0.0
2022-10-03 10:30:00-04:00,34.7599983215332,35.29499816894531,34.68000030517578,35.209999084472656,154835,0.0,0.0
2022-10-03 11:30:00-04:00,35.22999954223633,35.244998931884766,34.72999954223633,34.82500076293945,136359,0.0,0.0
2022-10-03 12:30:00-04:00,34.814998626708984,35.220001220703125,34.79999923706055,35.18000030517578,95027,0.0,0.0
2022-10-03 13:30:00-04:00,35.185001373291016,35.630001068115234,35.16999816894531,35.619998931884766,86548,0.0,0.0
2022-10-03 14:30:00-04:00,35.61000061035156,35.790000915527344,35.540000915527344,35.65999984741211,178954,0.0,0.0
2022-10-03 15:30:00-04:00,35.630001068115234,35.65999984741211,35.34000015258789,35.459999084472656,221275,0.0,0.0
2022-10-04 09:30:00-04:00,36.45000076293945,37.560001373291016,36.45000076293945,36.86000061035156,188826,0.0,0.0
2022-10-04 10:30:00-04:00,36.84000015258789,37.880001068115234,36.75,37.53499984741211,219579,0.0,0.0
2022-10-04 11:30:00-04:00,37.5099983215332,37.689998626708984,37.33000183105469,37.625,300870,0.0,0.0
2022-10-04 12:30:00-04:00,37.630001068115234,37.630001068115234,37.2400016784668,37.529998779296875,173207,0.0,0.0
2022-10-04 13:30:00-04:00,37.529998779296875,37.689998626708984,37.43000030517578,37.47999954223633,192379,0.0,0.0
2022-10-04 14:30:00-04:00,37.47999954223633,37.61000061035156,37.45500183105469,37.5,221592,0.0,0.0
2022-10-04 15:30:00-04:00,37.5099983215332,37.59000015258789,37.439998626708984,37.4900016784668,432707,0.0,0.0
2022-10-05 09:30:00-04:00,36.720001220703125,37.15999984741211,36.52000045776367,36.625,129827,0.0,0.0
2022-10-05 10:30:00-04:00,36.599998474121094,36.78499984741211,36.47999954223633,36.75,71315,0.0,0.0
2022-10-05 11:30:00-04:00,36.75,37.279998779296875,36.709999084472656,37.06999969482422,109900,0.0,0.0
2022-10-05 12:30:00-04:00,37.06999969482422,37.34000015258789,37.0099983215332,37.290000915527344,212295,0.0,0.0
2022-10-05 13:30:00-04:00,37.29710006713867,37.310001373291016,37.150001525878906,37.27000045776367,73062,0.0,0.0
2022-10-05 14:30:00-04:00,37.290000915527344,37.6150016784668,37.2599983215332,37.540000915527344,217209,0.0,0.0
2022-10-05 15:30:00-04:00,37.540000915527344,37.790000915527344,37.5099983215332,37.54999923706055,210928,0.0,0.0
2022-10-06 09:30:00-04:00,37.36000061035156,38.380001068115234,37.20000076293945,37.209999084472656,97031,0.0,0.0
2022-10-06 10:30:00-04:00,37.209999084472656,38.02000045776367,37.20000076293945,37.93000030517578,95625,0.0,0.0
2022-10-06 11:30:00-04:00,37.93000030517578,38.0099983215332,37.61000061035156,37.97999954223633,65062,0.0,0.0
2022-10-06 12:30:00-04:00,37.939998626708984,38.029998779296875,37.66999816894531,37.939998626708984,81623,0.0,0.0
2022-10-06 13:30:00-04:00,37.93000030517578,37.939998626708984,37.540000915527344,37.599998474121094,61877,0.0,0.0
2022-10-06 14:30:00-04:00,37.61000061035156,37.650001525878906,37.279998779296875,37.41999816894531,92816,0.0,0.0
2022-10-06 15:30:00-04:00,37.435001373291016,37.61000061035156,37.380001068115234,37.45000076293945,186795,0.0,0.0
2022-10-07 09:30:00-04:00,35.9900016784668,36.290000915527344,35.43000030517578,36.040000915527344,192056,0.0,0.0
2022-10-07 10:30:00-04:00,36.040000915527344,36.58000183105469,35.779998779296875,36.560001373291016,124318,0.0,0.0
2022-10-07 11:30:00-04:00,36.58000183105469,36.77000045776367,36.25,36.345001220703125,153795,0.0,0.0
2022-10-07 12:30:00-04:00,36.31999969482422,36.36000061035156,35.97999954223633,36.2400016784668,132723,0.0,0.0
2022-10-07 13:30:00-04:00,36.220001220703125,36.25,35.959999084472656,36.040000915527344,121287,0.0,0.0
2022-10-07 14:30:00-04:00,36.03499984741211,36.290000915527344,35.93000030517578,36.0,167114,0.0,0.0
2022-10-07 15:30:00-04:00,36.0,36.2400016784668,35.900001525878906,36.16999816894531,325948,0.0,0.0
2022-10-10 09:30:00-04:00,36.2599983215332,36.2599983215332,34.619998931884766,34.75,146339,0.0,0.0
2022-10-10 10:30:00-04:00,34.720001220703125,34.75,33.61000061035156,33.790000915527344,124534,0.0,0.0
2022-10-10 11:30:00-04:00,33.83000183105469,33.935001373291016,33.4900016784668,33.5,98891,0.0,0.0
2022-10-10 12:30:00-04:00,33.529998779296875,33.54999923706055,33.119998931884766,33.189998626708984,114375,0.0,0.0
2022-10-10 13:30:00-04:00,33.189998626708984,33.720001220703125,33.189998626708984,33.689998626708984,108252,0.0,0.0
2022-10-10 14:30:00-04:00,33.70000076293945,33.9900016784668,33.66999816894531,33.7400016784668,88869,0.0,0.0
2022-10-10 15:30:00-04:00,33.7400016784668,33.900001525878906,33.63999938964844,33.689998626708984,238357,0.0,0.0
2022-10-11 09:30:00-04:00,33.505001068115234,33.71480178833008,31.530000686645508,31.6200008392334,295465,0.0,0.0
2022-10-11 10:30:00-04:00,31.559999465942383,33.209999084472656,31.510000228881836,33.124900817871094,308666,0.0,0.0
2022-10-11 11:30:00-04:00,33.25,33.51250076293945,32.84000015258789,32.98500061035156,104838,0.0,0.0
2022-10-11 12:30:00-04:00,32.9900016784668,33.68000030517578,32.97999954223633,33.060001373291016,144349,0.0,0.0
2022-10-11 13:30:00-04:00,33.060001373291016,33.2599983215332,32.97999954223633,33.16999816894531,53723,0.0,0.0
2022-10-11 14:30:00-04:00,33.209999084472656,33.36000061035156,32.52000045776367,32.61000061035156,95729,0.0,0.0
2022-10-11 15:30:00-04:00,32.57500076293945,32.880001068115234,32.529998779296875,32.81999969482422,205336,0.0,0.0
2022-10-12 09:30:00-04:00,32.869998931884766,33.11000061035156,31.760000228881836,32.099998474121094,78472,0.0,0.0
2022-10-12 10:30:00-04:00,32.08000183105469,32.54999923706055,31.959999084472656,32.529998779296875,75092,0.0,0.0
2022-10-12 11:30:00-04:00,32.59000015258789,32.810001373291016,32.54999923706055,32.65999984741211,127375,0.0,0.0
2022-10-12 12:30:00-04:00,32.630001068115234,32.82500076293945,32.56999969482422,32.7400016784668,56980,0.0,0.0
2022-10-12 13:30:00-04:00,32.7400016784668,33.16999816894531,32.63999938964844,33.130001068115234,98644,0.0,0.0
2022-10-12 14:30:00-04:00,33.13999938964844,33.25,32.97999954223633,33.119998931884766,121416,0.0,0.0
2022-10-12 15:30:00-04:00,33.099998474121094,33.22999954223633,32.90999984741211,32.939998626708984,177943,0.0,0.0
2022-10-13 09:30:00-04:00,31.959999084472656,31.959999084472656,30.959999084472656,31.469999313354492,174092,0.0,0.0
2022-10-13 10:30:00-04:00,31.440000534057617,33.25,31.43000030517578,32.625,91891,0.0,0.0
2022-10-13 11:30:00-04:00,32.77000045776367,33.310001373291016,32.525001525878906,32.630001068115234,113547,0.0,0.0
2022-10-13 12:30:00-04:00,32.6349983215332,33.42499923706055,32.459999084472656,33.38999938964844,93534,0.0,0.0
2022-10-13 13:30:00-04:00,33.43000030517578,33.619998931884766,33.310001373291016,33.310001373291016,150494,0.0,0.0
2022-10-13 14:30:00-04:00,33.33000183105469,33.52000045776367,33.27000045776367,33.400001525878906,141319,0.0,0.0
2022-10-13 15:30:00-04:00,33.400001525878906,33.540000915527344,33.099998474121094,33.130001068115234,313778,0.0,0.0
2022-10-14 09:30:00-04:00,33.880001068115234,34.13999938964844,32.970001220703125,33.25,298685,0.0,0.0
2022-10-14 10:30:00-04:00,33.15999984741211,33.310001373291016,32.619998931884766,32.720001220703125,157803,0.0,0.0
2022-10-14 11:30:00-04:00,32.689998626708984,32.709999084472656,32.06999969482422,32.43000030517578,124394,0.0,0.0
2022-10-14 12:30:00-04:00,32.41999816894531,32.4900016784668,32.28499984741211,32.40999984741211,84000,0.0,0.0
2022-10-14 13:30:00-04:00,32.400001525878906,32.4900016784668,31.959999084472656,32.06999969482422,90115,0.0,0.0
2022-10-14 14:30:00-04:00,32.04999923706055,32.09000015258789,31.6200008392334,31.770000457763672,135347,0.0,0.0
2022-10-14 15:30:00-04:00,31.770000457763672,31.829999923706055,31.530000686645508,31.670000076293945,250526,0.0,0.0
2022-10-17 09:30:00-04:00,32.68000030517578,33.09000015258789,32.47999954223633,32.79999923706055,190885,0.0,0.0
2022-10-17 10:30:00-04:00,32.79999923706055,32.959999084472656,32.619998931884766,32.869998931884766,100090,0.0,0.0
2022-10-17 11:30:00-04:00,32.880001068115234,33.099998474121094,32.83000183105469,32.9900016784668,121349,0.0,0.0
2022-10-17 12:30:00-04:00,32.959999084472656,33.029998779296875,32.61000061035156,32.61000061035156,74973,0.0,0.0
2022-10-17 13:30:00-04:00,32.60499954223633,33.029998779296875,32.58000183105469,32.939998626708984,80070,0.0,0.0
2022-10-17 14:30:00-04:00,32.93000030517578,32.974998474121094,32.58000183105469,32.790000915527344,117409,0.0,0.0
2022-10-17 15:30:00-04:00,32.790000915527344,32.880001068115234,32.720001220703125,32.79999923706055,209643,0.0,0.0
2022-10-18 09:30:00-04:00,34.290000915527344,35.08000183105469,34.0,34.529998779296875,254973,0.0,0.0
2022-10-18 10:30:00-04:00,34.529998779296875,34.599998474121094,33.869998931884766,33.869998931884766,99458,0.0,0.0
2022-10-18 11:30:00-04:00,33.86000061035156,34.43000030517578,33.75199890136719,34.27000045776367,84800,0.0,0.0
2022-10-18 12:30:00-04:00,34.2400016784668,34.39500045776367,33.88999938964844,34.0099983215332,61824,0.0,0.0
2022-10-18 13:30:00-04:00,34.04999923706055,34.119998931884766,33.88999938964844,34.08000183105469,64025,0.0,0.0
2022-10-18 14:30:00-04:00,34.095001220703125,34.12620162963867,33.57500076293945,33.77000045776367,131395,0.0,0.0
2022-10-18 15:30:00-04:00,33.779998779296875,33.9900016784668,33.779998779296875,33.959999084472656,232927,0.0,0.0
2022-10-19 09:30:00-04:00,33.119998931884766,33.220001220703125,32.220001220703125,33.150001525878906,102092,0.0,0.0
2022-10-19 10:30:00-04:00,33.20000076293945,33.26499938964844,32.45000076293945,32.52000045776367,61925,0.0,0.0
2022-10-19 11:30:00-04:00,32.560001373291016,32.79999923706055,32.150001525878906,32.16999816894531,51525,0.0,0.0
2022-10-19 12:30:00-04:00,32.119998931884766,32.290000915527344,31.899999618530273,31.950000762939453,63551,0.0,0.0
2022-10-19 13:30:00-04:00,31.96500015258789,32.09000015258789,31.860000610351562,32.09000015258789,59163,0.0,0.0
2022-10-19 14:30:00-04:00,32.11000061035156,32.130001068115234,31.639999389648438,31.639999389648438,85518,0.0,0.0
2022-10-19 15:30:00-04:00,31.670000076293945,31.84000015258789,31.514999389648438,31.690000534057617,169251,0.0,0.0
2022-10-20 09:30:00-04:00,31.489999771118164,33.470001220703125,31.450000762939453,33.470001220703125,107259,0.0,0.0
2022-10-20 10:30:00-04:00,33.459999084472656,33.59000015258789,33.150001525878906,33.2400016784668,82694,0.0,0.0
2022-10-20 11:30:00-04:00,33.244998931884766,33.470001220703125,32.349998474121094,32.45000076293945,72480,0.0,0.0
2022-10-20 12:30:00-04:00,32.48500061035156,32.55619812011719,32.150001525878906,32.150001525878906,84603,0.0,0.0
2022-10-20 13:30:00-04:00,32.150001525878906,32.150001525878906,31.6299991607666,31.700000762939453,97189,0.0,0.0
2022-10-20 14:30:00-04:00,31.670000076293945,31.899999618530273,31.540000915527344,31.854999542236328,144387,0.0,0.0
2022-10-20 15:30:00-04:00,31.854999542236328,31.959999084472656,31.700000762939453,31.889999389648438,181511,0.0,0.0
2022-10-21 09:30:00-04:00,31.65999984741211,31.969999313354492,30.690000534057617,31.219999313354492,180136,0.0,0.0
2022-10-21 10:30:00-04:00,31.219999313354492,31.510000228881836,30.700000762939453,31.440000534057617,93280,0.0,0.0
2022-10-21 11:30:00-04:00,31.44499969482422,32.16999816894531,31.25,31.979999542236328,58900,0.0,0.0
2022-10-21 12:30:00-04:00,31.989999771118164,32.39500045776367,31.920000076293945,32.14500045776367,44277,0.0,0.0
2022-10-21 13:30:00-04:00,32.13999938964844,32.290000915527344,32.0,32.08000183105469,53654,0.0,0.0
2022-10-21 14:30:00-04:00,32.095001220703125,32.20000076293945,31.93000030517578,32.08000183105469,108838,0.0,0.0
2022-10-21 15:30:00-04:00,32.060001373291016,32.310001373291016,32.0099983215332,32.15999984741211,178415,0.0,0.0
2022-10-24 09:30:00-04:00,32.310001373291016,32.310001373291016,30.799999237060547,31.0,123854,0.0,0.0
2022-10-24 10:30:00-04:00,31.0,32.040000915527344,31.0,31.84000015258789,64260,0.0,0.0
2022-10-24 11:30:00-04:00,31.8700008392334,32.369998931884766,31.809999465942383,32.2599983215332,88527,0.0,0.0
2022-10-24 12:30:00-04:00,32.25,32.400001525878906,32.04499816894531,32.04499816894531,52898,0.0,0.0
2022-10-24 13:30:00-04:00,32.040000915527344,32.34000015258789,31.924999237060547,32.314998626708984,69145,0.0,0.0
2022-10-24 14:30:00-04:00,32.314998626708984,32.790000915527344,32.29999923706055,32.75,99039,0.0,0.0
2022-10-24 15:30:00-04:00,32.7599983215332,32.93000030517578,32.720001220703125,32.84000015258789,178199,0.0,0.0
2022-10-25 09:30:00-04:00,33.279998779296875,35.130001068115234,33.150001525878906,34.779998779296875,120965,0.0,0.0
2022-10-25 10:30:00-04:00,34.7400016784668,34.90999984741211,34.560001373291016,34.76499938964844,99762,0.0,0.0
2022-10-25 11:30:00-04:00,34.79999923706055,34.939998626708984,34.689998626708984,34.900001525878906,95909,0.0,0.0
2022-10-25 12:30:00-04:00,34.90999984741211,34.95500183105469,34.540000915527344,34.790000915527344,65324,0.0,0.0
2022-10-25 13:30:00-04:00,34.79999923706055,34.900001525878906,34.68000030517578,34.72999954223633,74144,0.0,0.0
2022-10-25 14:30:00-04:00,34.70500183105469,34.900001525878906,34.650001525878906,34.8650016784668,110296,0.0,0.0
2022-10-25 15:30:00-04:00,34.88999938964844,34.90999984741211,34.75,34.810001373291016,168495,0.0,0.0
2022-10-26 09:30:00-04:00,33.779998779296875,35.349998474121094,33.41999816894531,35.0,88705,0.0,0.0
2022-10-26 10:30:00-04:00,35.11000061035156,35.56999969482422,34.970001220703125,35.400001525878906,50432,0.0,0.0
2022-10-26 11:30:00-04:00,35.380001068115234,35.480499267578125,34.650001525878906,34.67499923706055,44313,0.0,0.0
2022-10-26 12:30:00-04:00,34.71500015258789,34.86000061035156,33.6349983215332,33.63999938964844,143882,0.0,0.0
2022-10-26 13:30:00-04:00,33.63999938964844,34.40999984741211,33.63999938964844,34.380001068115234,69535,0.0,0.0
2022-10-26 14:30:00-04:00,34.369998931884766,34.5,34.060001373291016,34.119998931884766,74311,0.0,0.0
2022-10-26 15:30:00-04:00,34.099998474121094,34.27000045776367,33.9900016784668,34.2599983215332,183910,0.0,0.0
2022-10-27 09:30:00-04:00,34.790000915527344,36.0,34.63999938964844,35.96500015258789,177612,0.0,0.0
2022-10-27 10:30:00-04:00,36.0,36.16999816894531,35.275001525878906,35.349998474121094,112051,0.0,0.0
2022-10-27 11:30:00-04:00,35.334999084472656,35.540000915527344,34.599998474121094,34.83000183105469,93877,0.0,0.0
2022-10-27 12:30:00-04:00,34.81999969482422,35.45000076293945,34.814998626708984,35.27000045776367,44952,0.0,0.0
2022-10-27 13:30:00-04:00,35.279998779296875,35.380001068115234,34.95000076293945,35.02000045776367,82618,0.0,0.0
2022-10-27 14:30:00-04:00,35.029998779296875,35.08000183105469,34.849998474121094,34.98500061035156,89854,0.0,0.0
2022-10-27 15:30:00-04:00,34.98500061035156,35.11000061035156,34.869998931884766,35.06999969482422,254497,0.0,0.0
2022-10-28 09:30:00-04:00,34.70000076293945,35.43000030517578,33.59000015258789,33.59000015258789,104858,0.0,0.0
2022-10-28 10:30:00-04:00,33.6150016784668,33.95000076293945,33.27000045776367,33.529998779296875,84029,0.0,0.0
2022-10-28 11:30:00-04:00,33.56999969482422,34.279998779296875,33.470001220703125,34.2400016784668,38359,0.0,0.0
2022-10-28 12:30:00-04:00,34.27000045776367,34.40999984741211,34.15999984741211,34.35499954223633,69988,0.0,0.0
2022-10-28 13:30:00-04:00,34.400001525878906,34.400001525878906,34.08000183105469,34.22999954223633,50115,0.0,0.0
2022-10-28 14:30:00-04:00,34.244998931884766,34.56999969482422,34.244998931884766,34.540000915527344,120815,0.0,0.0
2022-10-28 15:30:00-04:00,34.5099983215332,34.97999954223633,34.439998626708984,34.849998474121094,207912,0.0,0.0
2022-10-31 09:30:00-04:00,34.439998626708984,35.33000183105469,34.43000030517578,34.529998779296875,126486,0.0,0.0
2022-10-31 10:30:00-04:00,34.54499816894531,34.86000061035156,34.17300033569336,34.86000061035156,86302,0.0,0.0
2022-10-31 11:30:00-04:00,34.86000061035156,35.42499923706055,34.86000061035156,35.099998474121094,101996,0.0,0.0
2022-10-31 12:30:00-04:00,35.099998474121094,35.20000076293945,34.7599983215332,35.11970138549805,86579,0.0,0.0
2022-10-31 13:30:00-04:00,35.060001373291016,35.099998474121094,34.93000030517578,35.060001373291016,56566,0.0,0.0
2022-10-31 14:30:00-04:00,35.029998779296875,35.1349983215332,34.75,35.02000045776367,102697,0.0,0.0
2022-10-31 15:30:00-04:00,35.025001525878906,35.099998474121094,34.86000061035156,34.939998626708984,161037,0.0,0.0
2022-11-01 09:30:00-04:00,36.04999923706055,36.16999816894531,34.900001525878906,35.56999969482422,157298,0.0,0.0
2022-11-01 10:30:00-04:00,35.5,35.560001373291016,35.05500030517578,35.18000030517578,173182,0.0,0.0
2022-11-01 11:30:00-04:00,35.2400016784668,35.380001068115234,34.59000015258789,34.63999938964844,120984,0.0,0.0
2022-11-01 12:30:00-04:00,34.63999938964844,35.1150016784668,34.45000076293945,34.96500015258789,74038,0.0,0.0
2022-11-01 13:30:00-04:00,34.959999084472656,34.97999954223633,34.72249984741211,34.90999984741211,105917,0.0,0.0
2022-11-01 14:30:00-04:00,34.90999984741211,35.150001525878906,34.869998931884766,34.959999084472656,115461,0.0,0.0
2022-11-01 15:30:00-04:00,35.02000045776367,35.02000045776367,34.619998931884766,34.630001068115234,149016,0.0,0.0
2022-11-02 09:30:00-04:00,34.36000061035156,34.36000061035156,32.970001220703125,33.040000915527344,77798,0.0,0.0
2022-11-02 10:30:00-04:00,33.09000015258789,33.18880081176758,32.09000015258789,32.15999984741211,75045,0.0,0.0
2022-11-02 11:30:00-04:00,32.15999984741211,32.45000076293945,31.950000762939453,32.150001525878906,208632,0.0,0.0
2022-11-02 12:30:00-04:00,32.13999938964844,32.650001525878906,31.91189956665039,32.459999084472656,74847,0.0,0.0
2022-11-02 13:30:00-04:00,32.5,33.84000015258789,32.38999938964844,33.84000015258789,101908,0.0,0.0
2022-11-02 14:30:00-04:00,33.869998931884766,33.91999816894531,31.399999618530273,31.559999465942383,318055,0.0,0.0
2022-11-02 15:30:00-04:00,31.559999465942383,31.6200008392334,31.290000915527344,31.329999923706055,271125,0.0,0.0
2022-11-03 09:30:00-04:00,31.010000228881836,31.329999923706055,30.299999237060547,30.969999313354492,203962,0.0,0.0
2022-11-03 10:30:00-04:00,30.989999771118164,31.985000610351562,30.770000457763672,31.209999084472656,197398,0.0,0.0
2022-11-03 11:30:00-04:00,31.165000915527344,31.34000015258789,30.899999618530273,30.989999771118164,134065,0.0,0.0
2022-11-03 12:30:00-04:00,31.0,31.545000076293945,30.940000534057617,31.079999923706055,118621,0.0,0.0
2022-11-03 13:30:00-04:00,31.06999969482422,31.389999389648438,31.049999237060547,31.260000228881836,140928,0.0,0.0
2022-11-03 14:30:00-04:00,31.260000228881836,31.350000381469727,31.010000228881836,31.350000381469727,176925,0.0,0.0
2022-11-03 15:30:00-04:00,31.3700008392334,31.3700008392334,31.049999237060547,31.059999465942383,190433,0.0,0.0
2022-11-04 09:30:00-04:00,30.639999389648438,30.780000686645508,27.920000076293945,28.44499969482422,546477,0.0,0.0
2022-11-04 10:30:00-04:00,28.469999313354492,28.639999389648438,27.43000030517578,27.485000610351562,375878,0.0,0.0
2022-11-04 11:30:00-04:00,27.479999542236328,27.559999465942383,27.020000457763672,27.100000381469727,355646,0.0,0.0
2022-11-04 12:30:00-04:00,27.09000015258789,27.100000381469727,26.190000534057617,26.229999542236328,335801,0.0,0.0
2022-11-04 13:30:00-04:00,26.22100067138672,26.670000076293945,26.059999465942383,26.43000030517578,233805,0.0,0.0
2022-11-04 14:30:00-04:00,26.399999618530273,26.850000381469727,26.299999237060547,26.635000228881836,410964,0.0,0.0
2022-11-04 15:30:00-04:00,26.6299991607666,26.670000076293945,26.434999465942383,26.5,456275,0.0,0.0
2022-11-07 09:30:00-05:00,26.489999771118164,26.549999237060547,25.18000030517578,25.344999313354492,432706,0.0,0.0
2022-11-07 10:30:00-05:00,25.364999771118164,26.049999237060547,25.09000015258789,26.030000686645508,485567,0.0,0.0
2022-11-07 11:30:00-05:00,26.030000686645508,26.1299991607666,25.579999923706055,25.674999237060547,267992,0.0,0.0
2022-11-07 12:30:00-05:00,25.649999618530273,25.844999313354492,25.5,25.719999313354492,211107,0.0,0.0
2022-11-07 13:30:00-05:00,25.739999771118164,26.18000030517578,25.643699645996094,26.014999389648438,218562,0.0,0.0
2022-11-07 14:30:00-05:00,26.030000686645508,26.1299991607666,25.834999084472656,26.059999465942383,333489,0.0,0.0
2022-11-07 15:30:00-05:00,26.049999237060547,26.1299991607666,25.90999984741211,26.010000228881836,303293,0.0,0.0
2022-11-08 09:30:00-05:00,26.09000015258789,26.155000686645508,25.149999618530273,25.989999771118164,178706,0.0,0.0
2022-11-08 10:30:00-05:00,26.010000228881836,27.149999618530273,25.989999771118164,27.1299991607666,359087,0.0,0.0
2022-11-08 11:30:00-05:00,27.170000076293945,27.420000076293945,27.030000686645508,27.299999237060547,258168,0.0,0.0
2022-11-08 12:30:00-05:00,27.34000015258789,27.56999969482422,26.969999313354492,27.049999237060547,259911,0.0,0.0
2022-11-08 13:30:00-05:00,27.0,27.107500076293945,26.40999984741211,26.450000762939453,200474,0.0,0.0
2022-11-08 14:30:00-05:00,26.440000534057617,26.790000915527344,26.264999389648438,26.780000686645508,229076,0.0,0.0
2022-11-08 15:30:00-05:00,26.75,26.950000762939453,26.7450008392334,26.829999923706055,273835,0.0,0.0
2022-11-09 09:30:00-05:00,26.309999465942383,26.309999465942383,25.579999923706055,25.985000610351562,409942,0.0,0.0
2022-11-09 10:30:00-05:00,25.985000610351562,26.030000686645508,25.610000610351562,25.934999465942383,209268,0.0,0.0
2022-11-09 11:30:00-05:00,25.934999465942383,26.309999465942383,25.75,25.899999618530273,180635,0.0,0.0
2022-11-09 12:30:00-05:00,25.899999618530273,26.09000015258789,25.81999969482422,25.959999084472656,256354,0.0,0.0
2022-11-09 13:30:00-05:00,25.93000030517578,26.100000381469727,25.600000381469727,26.100000381469727,216013,0.0,0.0
2022-11-09 14:30:00-05:00,26.094999313354492,26.094999313354492,25.799999237060547,26.040000915527344,204290,0.0,0.0
2022-11-09 15:30:00-05:00,26.040000915527344,26.1200008392334,25.770000457763672,25.940000534057617,346129,0.0,0.0
2022-11-10 09:30:00-05:00,28.059999465942383,29.709999084472656,27.579999923706055,29.149999618530273,341573,0.0,0.0
2022-11-10 10:30:00-05:00,29.149999618530273,29.31999969482422,28.690000534057617,29.290000915527344,113140,0.0,0.0
2022-11-10 11:30:00-05:00,29.31999969482422,29.719999313354492,29.020000457763672,29.18000030517578,117108,0.0,0.0
2022-11-10 12:30:00-05:00,29.170000076293945,29.229999542236328,28.829999923706055,28.889999389648438,153265,0.0,0.0
2022-11-10 13:30:00-05:00,28.899999618530273,29.0,28.770000457763672,28.860000610351562,89325,0.0,0.0
2022-11-10 14:30:00-05:00,28.860000610351562,29.290000915527344,28.729999542236328,29.270000457763672,141046,0.0,0.0
2022-11-10 15:30:00-05:00,29.264999389648438,29.760000228881836,29.260000228881836,29.700000762939453,326307,0.0,0.0
2022-11-11 09:30:00-05:00,30.010000228881836,32.0,29.690000534057617,31.934999465942383,213824,0.0,0.0
2022-11-11 10:30:00-05:00,31.959999084472656,32.27000045776367,31.43000030517578,31.479999542236328,169187,0.0,0.0
2022-11-11 11:30:00-05:00,31.399999618530273,31.7549991607666,31.239999771118164,31.600000381469727,121303,0.0,0.0
2022-11-11 12:30:00-05:00,31.594999313354492,32.04999923706055,31.530000686645508,32.029998779296875,129985,0.0,0.0
2022-11-11 13:30:00-05:00,32.040000915527344,32.2400016784668,31.770000457763672,32.09000015258789,77720,0.0,0.0
2022-11-11 14:30:00-05:00,32.09000015258789,32.25,31.459999084472656,31.729999542236328,158025,0.0,0.0
2022-11-11 15:30:00-05:00,31.719999313354492,31.829999923706055,31.329999923706055,31.469999313354492,342509,0.0,0.0
2022-11-14 09:30:00-05:00,32.61000061035156,32.63999938964844,29.8799991607666,31.110000610351562,290627,0.0,0.0
2022-11-14 10:30:00-05:00,31.149999618530273,31.395000457763672,30.90999984741211,31.15999984741211,142809,0.0,0.0
2022-11-14 11:30:00-05:00,31.184999465942383,31.510000228881836,30.940000534057617,31.145000457763672,89029,0.0,0.0
2022-11-14 12:30:00-05:00,31.15999984741211,31.459999084472656,31.135000228881836,31.440000534057617,77447,0.0,0.0
2022-11-14 13:30:00-05:00,31.44499969482422,31.540000915527344,31.2450008392334,31.540000915527344,51253,0.0,0.0
2022-11-14 14:30:00-05:00,31.559999465942383,31.579999923706055,31.229999542236328,31.34000015258789,80220,0.0,0.0
2022-11-14 15:30:00-05:00,31.329999923706055,31.34000015258789,30.979999542236328,31.030000686645508,272303,0.0,0.0
2022-11-15 09:30:00-05:00,32.720001220703125,32.9900016784668,32.099998474121094,32.84000015258789,379764,0.0,0.0
2022-11-15 10:30:00-05:00,32.849998474121094,33.255001068115234,32.599998474121094,32.915000915527344,123444,0.0,0.0
2022-11-15 11:30:00-05:00,32.959999084472656,33.2599983215332,32.939998626708984,33.1349983215332,188680,0.0,0.0
2022-11-15 12:30:00-05:00,33.17499923706055,33.18000030517578,32.5,32.599998474121094,157717,0.0,0.0
2022-11-15 13:30:00-05:00,32.56999969482422,32.81999969482422,32.29999923706055,32.720001220703125,268725,0.0,0.0
2022-11-15 14:30:00-05:00,32.71500015258789,32.71500015258789,32.29999923706055,32.33000183105469,151697,0.0,0.0
2022-11-15 15:30:00-05:00,32.349998474121094,32.36000061035156,31.84000015258789,32.099998474121094,444967,0.0,0.0
2022-11-16 09:30:00-05:00,31.450000762939453,31.549999237060547,30.690000534057617,30.989999771118164,146497,0.0,0.0
2022-11-16 10:30:00-05:00,30.940000534057617,31.0,30.34000015258789,30.81999969482422,128786,0.0,0.0
2022-11-16 11:30:00-05:00,30.780000686645508,30.90999984741211,30.6299991607666,30.709999084472656,71138,0.0,0.0
2022-11-16 12:30:00-05:00,30.700000762939453,30.84000015258789,30.559999465942383,30.729999542236328,88484,0.0,0.0
2022-11-16 13:30:00-05:00,30.739999771118164,30.770000457763672,30.360000610351562,30.360000610351562,96830,0.0,0.0
2022-11-16 14:30:00-05:00,30.350000381469727,30.350000381469727,30.010000228881836,30.079999923706055,206403,0.0,0.0
2022-11-16 15:30:00-05:00,30.100000381469727,30.43000030517578,30.059999465942383,30.360000610351562,378795,0.0,0.0
2022-11-17 09:30:00-05:00,28.959999084472656,29.389999389648438,28.440000534057617,28.469999313354492,168602,0.0,0.0
2022-11-17 10:30:00-05:00,28.540000915527344,28.969999313354492,28.5,28.7549991607666,136156,0.0,0.0
2022-11-17 11:30:00-05:00,28.7549991607666,29.079999923706055,28.420000076293945,29.065000534057617,131301,0.0,0.0
2022-11-17 12:30:00-05:00,29.059999465942383,29.399999618530273,29.018299102783203,29.040000915527344,111915,0.0,0.0
2022-11-17 13:30:00-05:00,29.05500030517578,29.209999084472656,28.594999313354492,28.594999313354492,134143,0.0,0.0
2022-11-17 14:30:00-05:00,28.584999084472656,29.110000610351562,28.520000457763672,28.780000686645508,147388,0.0,0.0
2022-11-17 15:30:00-05:00,28.780000686645508,28.920000076293945,28.520000457763672,28.84000015258789,270197,0.0,0.0
2022-11-18 09:30:00-05:00,29.8700008392334,29.8700008392334,28.329999923706055,28.600000381469727,211286,0.0,0.0
2022-11-18 10:30:00-05:00,28.604999542236328,28.7549991607666,28.200000762939453,28.450000762939453,116902,0.0,0.0
2022-11-18 11:30:00-05:00,28.46500015258789,28.739999771118164,28.229999542236328,28.475000381469727,246210,0.0,0.0
2022-11-18 12:30:00-05:00,28.510000228881836,28.649999618530273,28.209999084472656,28.385000228881836,136746,0.0,0.0
2022-11-18 13:30:00-05:00,28.389999389648438,28.475000381469727,28.200000762939453,28.3700008392334,153486,0.0,0.0
2022-11-18 14:30:00-05:00,28.3700008392334,28.5049991607666,28.350000381469727,28.489999771118164,154200,0.0,0.0
2022-11-18 15:30:00-05:00,28.479999542236328,28.56999969482422,28.389999389648438,28.389999389648438,261905,0.0,0.0
2022-11-21 09:30:00-05:00,28.020000457763672,28.15999984741211,27.649999618530273,27.860000610351562,100242,0.0,0.0
2022-11-21 10:30:00-05:00,27.860000610351562,28.020000457763672,27.6299991607666,27.93000030517578,68741,0.0,0.0
2022-11-21 11:30:00-05:00,27.90999984741211,27.979999542236328,27.65999984741211,27.684999465942383,100874,0.0,0.0
2022-11-21 12:30:00-05:00,27.739999771118164,27.954999923706055,27.655000686645508,27.850000381469727,62801,0.0,0.0
2022-11-21 13:30:00-05:00,27.834999084472656,28.135000228881836,27.780000686645508,28.03499984741211,81920,0.0,0.0
2022-11-21 14:30:00-05:00,28.020000457763672,28.299999237060547,27.899999618530273,28.190000534057617,154808,0.0,0.0
2022-11-21 15:30:00-05:00,28.204999923706055,28.459999084472656,28.200000762939453,28.280000686645508,243126,0.0,0.0
2022-11-22 09:30:00-05:00,28.290000915527344,28.290000915527344,27.190000534057617,27.81999969482422,106906,0.0,0.0
2022-11-22 10:30:00-05:00,27.790000915527344,27.90999984741211,27.399999618530273,27.639999389648438,92899,0.0,0.0
2022-11-22 11:30:00-05:00,27.6299991607666,27.635000228881836,27.43000030517578,27.559999465942383,63478,0.0,0.0
2022-11-22 12:30:00-05:00,27.559999465942383,27.68000030517578,27.510000228881836,27.68000030517578,86562,0.0,0.0
2022-11-22 13:30:00-05:00,27.68000030517578,27.700000762939453,27.3700008392334,27.5049991607666,107866,0.0,0.0
2022-11-22 14:30:00-05:00,27.459999084472656,27.670000076293945,27.440000534057617,27.579999923706055,118635,0.0,0.0
2022-11-22 15:30:00-05:00,27.56999969482422,27.799999237060547,27.56999969482422,27.729999542236328,247530,0.0,0.0
2022-11-23 09:30:00-05:00,27.690000534057617,28.364999771118164,27.329999923706055,28.18000030517578,115391,0.0,0.0
2022-11-23 10:30:00-05:00,28.110000610351562,28.799999237060547,28.110000610351562,28.690000534057617,125655,0.0,0.0
2022-11-23 11:30:00-05:00,28.700000762939453,28.889999389648438,28.399999618530273,28.690000534057617,86292,0.0,0.0
2022-11-23 12:30:00-05:00,28.700000762939453,28.90999984741211,28.360000610351562,28.850000381469727,101048,0.0,0.0
2022-11-23 13:30:00-05:00,28.850000381469727,29.389999389648438,28.770000457763672,29.31999969482422,190332,0.0,0.0
2022-11-23 14:30:00-05:00,29.309999465942383,29.309999465942383,28.899999618530273,29.020000457763672,205366,0.0,0.0
2022-11-23 15:30:00-05:00,29.020000457763672,29.079999923706055,28.8799991607666,29.06999969482422,194972,0.0,0.0
2022-11-25 09:30:00-05:00,28.729999542236328,28.850000381469727,28.190000534057617,28.709999084472656,113460,0.0,0.0
2022-11-25 10:30:00-05:00,28.75,29.1200008392334,28.625,29.040000915527344,76287,0.0,0.0
2022-11-25 11:30:00-05:00,29.065000534057617,29.190000534057617,28.93000030517578,29.139999389648438,70607,0.0,0.0
2022-11-28 09:30:00-05:00,28.639999389648438,29.1200008392334,28.540000915527344,28.614999771118164,96778,0.0,0.0
2022-11-28 10:30:00-05:00,28.68000030517578,28.940000534057617,28.6200008392334,28.815000534057617,144256,0.0,0.0
2022-11-28 11:30:00-05:00,28.84000015258789,29.219999313354492,28.799999237060547,28.940000534057617,111010,0.0,0.0
2022-11-28 12:30:00-05:00,28.96500015258789,29.110000610351562,28.709999084472656,28.834999084472656,127886,0.0,0.0
2022-11-28 13:30:00-05:00,28.84000015258789,28.860000610351562,28.540000915527344,28.65999984741211,121621,0.0,0.0
2022-11-28 14:30:00-05:00,28.65999984741211,28.729999542236328,28.479999542236328,28.489999771118164,137880,0.0,0.0
2022-11-28 15:30:00-05:00,28.5,28.665000915527344,28.420000076293945,28.600000381469727,307351,0.0,0.0
2022-11-29 09:30:00-05:00,28.75,28.860000610351562,28.239999771118164,28.68000030517578,162704,0.0,0.0
2022-11-29 10:30:00-05:00,28.68000030517578,28.809999465942383,28.479999542236328,28.549999237060547,157380,0.0,0.0
2022-11-29 11:30:00-05:00,28.530000686645508,28.670000076293945,28.399999618530273,28.514999389648438,176475,0.0,0.0
2022-11-29 12:30:00-05:00,28.530000686645508,28.645000457763672,28.290000915527344,28.315000534057617,156973,0.0,0.0
2022-11-29 13:30:00-05:00,28.299999237060547,28.604999542236328,28.209999084472656,28.549999237060547,185517,0.0,0.0
2022-11-29 14:30:00-05:00,28.559999465942383,28.619699478149414,28.385000228881836,28.530000686645508,221194,0.0,0.0
2022-11-29 15:30:00-05:00,28.524999618530273,28.540000915527344,28.25,28.360000610351562,341845,0.0,0.0
2022-11-30 09:30:00-05:00,28.1200008392334,29.079999923706055,28.0,29.079999923706055,296107,0.0,0.0
2022-11-30 10:30:00-05:00,29.079999923706055,29.15999984741211,28.78499984741211,28.920000076293945,147766,0.0,0.0
2022-11-30 11:30:00-05:00,28.924999237060547,29.1200008392334,28.860000610351562,29.010000228881836,131457,0.0,0.0
2022-11-30 12:30:00-05:00,28.989999771118164,29.280000686645508,28.93000030517578,29.229999542236328,127968,0.0,0.0
2022-11-30 13:30:00-05:00,29.229999542236328,30.899999618530273,29.165000915527344,30.770000457763672,312960,0.0,0.0
2022-11-30 14:30:00-05:00,30.770000457763672,30.799999237060547,30.030000686645508,30.604999542236328,444725,0.0,0.0
2022-11-30 15:30:00-05:00,30.610000610351562,30.809999465942383,30.40999984741211,30.739999771118164,487678,0.0,0.0
2022-12-01 09:30:00-05:00,30.329999923706055,32.619998931884766,30.309999465942383,31.5,435446,0.0,0.0
2022-12-01 10:30:00-05:00,31.510000228881836,32.380001068115234,31.299999237060547,31.924999237060547,289201,0.0,0.0
2022-12-01 11:30:00-05:00,31.924999237060547,32.2599983215332,31.75,32.25,222748,0.0,0.0
2022-12-01 12:30:00-05:00,32.255001068115234,32.400001525878906,32.040000915527344,32.3650016784668,349199,0.0,0.0
2022-12-01 13:30:00-05:00,32.38999938964844,32.63999938964844,32.33000183105469,32.43000030517578,259300,0.0,0.0
2022-12-01 14:30:00-05:00,32.43000030517578,32.869998931884766,32.36000061035156,32.689998626708984,428793,0.0,0.0
2022-12-01 15:30:00-05:00,32.68000030517578,32.869998931884766,32.4900016784668,32.650001525878906,814149,0.0,0.0
2022-12-02 09:30:00-05:00,35.709999084472656,38.47990036010742,35.290000915527344,37.91999816894531,1054723,0.0,0.0
2022-12-02 10:30:00-05:00,37.900001525878906,37.928001403808594,36.880001068115234,37.380001068115234,559806,0.0,0.0
2022-12-02 11:30:00-05:00,37.40999984741211,37.61000061035156,37.064998626708984,37.34000015258789,479234,0.0,0.0
2022-12-02 12:30:00-05:00,37.33000183105469,38.04499816894531,37.27000045776367,38.0099983215332,384351,0.0,0.0
2022-12-02 13:30:00-05:00,37.9900016784668,38.5099983215332,37.5099983215332,37.744998931884766,525109,0.0,0.0
2022-12-02 14:30:00-05:00,37.720001220703125,37.97999954223633,37.369998931884766,37.79499816894531,679836,0.0,0.0
2022-12-02 15:30:00-05:00,37.79999923706055,37.970001220703125,37.52000045776367,37.90999984741211,699704,0.0,0.0
2022-12-05 09:30:00-05:00,37.599998474121094,37.7400016784668,36.290000915527344,36.66999816894531,425047,0.0,0.0
2022-12-05 10:30:00-05:00,36.66999816894531,37.45000076293945,36.66999816894531,37.0,304901,0.0,0.0
2022-12-05 11:30:00-05:00,36.970001220703125,37.119998931884766,36.81999969482422,37.0099983215332,228022,0.0,0.0
2022-12-05 12:30:00-05:00,37.0,37.02000045776367,36.540000915527344,36.75,275291,0.0,0.0
2022-12-05 13:30:00-05:00,36.7599983215332,36.880001068115234,36.48500061035156,36.58000183105469,283921,0.0,0.0
2022-12-05 14:30:00-05:00,36.58000183105469,37.02000045776367,36.47999954223633,36.6349983215332,375616,0.0,0.0
2022-12-05 15:30:00-05:00,36.63999938964844,36.88999938964844,36.4900016784668,36.54499816894531,401309,0.0,0.0
2022-12-06 09:30:00-05:00,36.5099983215332,36.845001220703125,35.93000030517578,36.150001525878906,362996,0.0,0.0
2022-12-06 10:30:00-05:00,36.150001525878906,36.380001068115234,35.73500061035156,36.06999969482422,314667,0.0,0.0
2022-12-06 11:30:00-05:00,36.10499954223633,36.16170120239258,35.744998931884766,35.845001220703125,143393,0.0,0.0
2022-12-06 12:30:00-05:00,35.845001220703125,35.95000076293945,35.66749954223633,35.77000045776367,123924,0.0,0.0
2022-12-06 13:30:00-05:00,35.7599983215332,35.834999084472656,35.65999984741211,35.72999954223633,174573,0.0,0.0
2022-12-06 14:30:00-05:00,35.720001220703125,36.20500183105469,35.689998626708984,35.900001525878906,176585,0.0,0.0
2022-12-06 15:30:00-05:00,35.904998779296875,36.20000076293945,35.83000183105469,36.06999969482422,283474,0.0,0.0
2022-12-07 09:30:00-05:00,36.150001525878906,36.779998779296875,34.90999984741211,35.2400016784668,182033,0.0,0.0
2022-12-07 10:30:00-05:00,35.20000076293945,35.5099983215332,34.900001525878906,35.119998931884766,250776,0.0,0.0
2022-12-07 11:30:00-05:00,35.09000015258789,35.400001525878906,34.970001220703125,35.125,166466,0.0,0.0
2022-12-07 12:30:00-05:00,35.130001068115234,35.65999984741211,35.11000061035156,35.540000915527344,194935,0.0,0.0
2022-12-07 13:30:00-05:00,35.529998779296875,35.720001220703125,35.4900016784668,35.625,149366,0.0,0.0
2022-12-07 14:30:00-05:00,35.619998931884766,36.03129959106445,35.58000183105469,36.01499938964844,128196,0.0,0.0
2022-12-07 15:30:00-05:00,36.01499938964844,36.08000183105469,35.91999816894531,35.91999816894531,202544,0.0,0.0
2022-12-08 09:30:00-05:00,36.38999938964844,37.84000015258789,35.724998474121094,37.119998931884766,183370,0.0,0.0
2022-12-08 10:30:00-05:00,37.119998931884766,37.45000076293945,36.400001525878906,36.67499923706055,98135,0.0,0.0
2022-12-08 11:30:00-05:00,36.650001525878906,36.91999816894531,36.43000030517578,36.49720001220703,56054,0.0,0.0
2022-12-08 12:30:00-05:00,36.459999084472656,36.86000061035156,36.43000030517578,36.86000061035156,62441,0.0,0.0
2022-12-08 13:30:00-05:00,36.849998474121094,36.939998626708984,36.380001068115234,36.56999969482422,68034,0.0,0.0
2022-12-08 14:30:00-05:00,36.56999969482422,36.88890075683594,36.56999969482422,36.7599983215332,84840,0.0,0.0
2022-12-08 15:30:00-05:00,36.7400016784668,36.8849983215332,36.65999984741211,36.849998474121094,158338,0.0,0.0
2022-12-09 09:30:00-05:00,36.65999984741211,37.34000015258789,36.06999969482422,37.31999969482422,86232,0.0,0.0
2022-12-09 10:30:00-05:00,37.36000061035156,37.625,37.05500030517578,37.290000915527344,151038,0.0,0.0
2022-12-09 11:30:00-05:00,37.27000045776367,37.54999923706055,37.220001220703125,37.5,76179,0.0,0.0
2022-12-09 12:30:00-05:00,37.5099983215332,37.58000183105469,37.16709899902344,37.345001220703125,78580,0.0,0.0
2022-12-09 13:30:00-05:00,37.345001220703125,37.5,37.31999969482422,37.470001220703125,56127,0.0,0.0
2022-12-09 14:30:00-05:00,37.439998626708984,37.459999084472656,37.31999969482422,37.369998931884766,128306,0.0,0.0
2022-12-09 15:30:00-05:00,37.369998931884766,37.4900016784668,37.29999923706055,37.43000030517578,355208,0.0,0.0
2022-12-12 09:30:00-05:00,37.59000015258789,39.43000030517578,37.09000015258789,39.334999084472656,285070,0.0,0.0
2022-12-12 10:30:00-05:00,39.334999084472656,40.2599983215332,39.2400016784668,40.22999954223633,327459,0.0,0.0
2022-12-12 11:30:00-05:00,40.2400016784668,40.57500076293945,40.16999816894531,40.31999969482422,257962,0.0,0.0
2022-12-12 12:30:00-05:00,40.310001373291016,40.599998474121094,40.27000045776367,40.33000183105469,166093,0.0,0.0
2022-12-12 13:30:00-05:00,40.349998474121094,40.439998626708984,39.900001525878906,40.08000183105469,118362,0.0,0.0
2022-12-12 14:30:00-05:00,40.07500076293945,40.290000915527344,40.04999923706055,40.26499938964844,189508,0.0,0.0
2022-12-12 15:30:00-05:00,40.26499938964844,40.56999969482422,40.26499938964844,40.470001220703125,351064,0.0,0.0
2022-12-13 09:30:00-05:00,42.34000015258789,42.7400016784668,41.5099983215332,41.52000045776367,492134,0.0,0.0
2022-12-13 10:30:00-05:00,41.54999923706055,42.04999923706055,41.40999984741211,41.86000061035156,266598,0.0,0.0
2022-12-13 11:30:00-05:00,41.832000732421875,41.9900016784668,40.7599983215332,40.91999816894531,233063,0.0,0.0
2022-12-13 12:30:00-05:00,40.86000061035156,41.47999954223633,40.619998931884766,41.38999938964844,147773,0.0,0.0
2022-12-13 13:30:00-05:00,41.38999938964844,41.5099983215332,41.20000076293945,41.400001525878906,78996,0.0,0.0
2022-12-13 14:30:00-05:00,41.40999984741211,41.769901275634766,41.130001068115234,41.349998474121094,121157,0.0,0.0
2022-12-13 15:30:00-05:00,41.34000015258789,41.494998931884766,41.27000045776367,41.310001373291016,233272,0.0,0.0
2022-12-14 09:30:00-05:00,41.36000061035156,42.380001068115234,41.02009963989258,42.220001220703125,122768,0.0,0.0
2022-12-14 10:30:00-05:00,42.16999816894531,42.56999969482422,42.02000045776367,42.5099983215332,115662,0.0,0.0
2022-12-14 11:30:00-05:00,42.529998779296875,42.529998779296875,41.9900016784668,42.06999969482422,74698,0.0,0.0
2022-12-14 12:30:00-05:00,42.04999923706055,42.2599983215332,41.970001220703125,42.130001068115234,83979,0.0,0.0
2022-12-14 13:30:00-05:00,42.150001525878906,42.40999984741211,41.875,42.16999816894531,177362,0.0,0.0
2022-12-14 14:30:00-05:00,42.15999984741211,42.939998626708984,41.790000915527344,42.43000030517578,185079,0.0,0.0
2022-12-14 15:30:00-05:00,42.36000061035156,42.56999969482422,42.0,42.5099983215332,209593,0.0,0.0
2022-12-15 09:30:00-05:00,41.743499755859375,42.584999084472656,41.287200927734375,41.880001068115234,275184,0.0,0.0
2022-12-15 10:30:00-05:00,41.88999938964844,42.0099983215332,40.970001220703125,41.41999816894531,200885,0.0,0.0
2022-12-15 11:30:00-05:00,41.45000076293945,41.7400016784668,41.29999923706055,41.529998779296875,95631,0.0,0.0
2022-12-15 12:30:00-05:00,41.529998779296875,41.650001525878906,41.060001373291016,41.209999084472656,126023,0.0,0.0
2022-12-15 13:30:00-05:00,41.209999084472656,41.41999816894531,40.9900016784668,41.189998626708984,144502,0.0,0.0
2022-12-15 14:30:00-05:00,41.17499923706055,41.61000061035156,41.09000015258789,41.349998474121094,171567,0.0,0.0
2022-12-15 15:30:00-05:00,41.349998474121094,41.380001068115234,40.9900016784668,41.33000183105469,378071,0.0,0.0
2022-12-16 09:30:00-05:00,41.31999969482422,41.935001373291016,40.93000030517578,41.29999923706055,245384,0.0,0.0
2022-12-16 10:30:00-05:00,41.29499816894531,41.43000030517578,41.09000015258789,41.2400016784668,196851,0.0,0.0
2022-12-16 11:30:00-05:00,41.275001525878906,41.47990036010742,41.18000030517578,41.345001220703125,105585,0.0,0.0
2022-12-16 12:30:00-05:00,41.31999969482422,41.58000183105469,41.23500061035156,41.4900016784668,96187,0.0,0.0
2022-12-16 13:30:00-05:00,41.494998931884766,41.720001220703125,41.380001068115234,41.65999984741211,222484,0.0,0.0
2022-12-16 14:30:00-05:00,41.68000030517578,42.17900085449219,41.560001373291016,42.13999938964844,217062,0.0,0.0
2022-12-16 15:30:00-05:00,42.150001525878906,42.209999084472656,41.810001373291016,42.0,662493,0.0,0.0
2022-12-19 09:30:00-05:00,41.7599983215332,42.0,39.869998931884766,40.810001373291016,334666,0.0,0.0
2022-12-19 10:30:00-05:00,40.80500030517578,40.80500030517578,39.97999954223633,40.099998474121094,116234,0.0,0.0
2022-12-19 11:30:00-05:00,40.119998931884766,40.130001068115234,39.900001525878906,40.0099983215332,108166,0.0,0.0
2022-12-19 12:30:00-05:00,40.0,40.23500061035156,39.959999084472656,40.189998626708984,91247,0.0,0.0
2022-12-19 13:30:00-05:00,40.150001525878906,40.18000030517578,39.63999938964844,39.65999984741211,92357,0.0,0.0
2022-12-19 14:30:00-05:00,39.68000030517578,40.05500030517578,39.47999954223633,39.494998931884766,114120,0.0,0.0
2022-12-19 15:30:00-05:00,39.459999084472656,39.720001220703125,39.130001068115234,39.5099983215332,364600,0.0,0.0
2022-12-20 09:30:00-05:00,39.0,39.79499816894531,38.529998779296875,39.79499816894531,123492,0.0,0.0
2022-12-20 10:30:00-05:00,39.83000183105469,40.0099983215332,39.060001373291016,39.404998779296875,150950,0.0,0.0
2022-12-20 11:30:00-05:00,39.435001373291016,40.244998931884766,39.400001525878906,40.09000015258789,51965,0.0,0.0
2022-12-20 12:30:00-05:00,40.099998474121094,40.224998474121094,39.900001525878906,40.060001373291016,41972,0.0,0.0
2022-12-20 13:30:00-05:00,40.05500030517578,40.25,39.959999084472656,39.959999084472656,62528,0.0,0.0
2022-12-20 14:30:00-05:00,39.970001220703125,40.150001525878906,39.83000183105469,40.130001068115234,81693,0.0,0.0
2022-12-20 15:30:00-05:00,40.130001068115234,40.45819854736328,40.02000045776367,40.25,169021,0.0,0.0
2022-12-21 09:30:00-05:00,40.38999938964844,40.45000076293945,39.06999969482422,40.13999938964844,166492,0.0,0.0
2022-12-21 10:30:00-05:00,40.130001068115234,41.189998626708984,40.029998779296875,41.189998626708984,161133,0.0,0.0
2022-12-21 11:30:00-05:00,41.189998626708984,41.23699951171875,40.41999816894531,40.525001525878906,58960,0.0,0.0
2022-12-21 12:30:00-05:00,40.540000915527344,40.709999084472656,40.439998626708984,40.56999969482422,45486,0.0,0.0
2022-12-21 13:30:00-05:00,40.529998779296875,40.79999923706055,40.439998626708984,40.665000915527344,43526,0.0,0.0
2022-12-21 14:30:00-05:00,40.63999938964844,40.665000915527344,40.0,40.08000183105469,175464,0.0,0.0
2022-12-21 15:30:00-05:00,40.06999969482422,40.290000915527344,40.040000915527344,40.2599983215332,192572,0.0,0.0
2022-12-22 09:30:00-05:00,39.61000061035156,39.61000061035156,38.71500015258789,39.150001525878906,145737,0.0,0.0
2022-12-22 10:30:00-05:00,39.119998931884766,39.27000045776367,38.90999984741211,39.09000015258789,77510,0.0,0.0
2022-12-22 11:30:00-05:00,39.095001220703125,39.095001220703125,38.779998779296875,38.869998931884766,71859,0.0,0.0
2022-12-22 12:30:00-05:00,38.86000061035156,39.0,38.68000030517578,39.0,111892,0.0,0.0
2022-12-22 13:30:00-05:00,38.9900016784668,39.53730010986328,38.94499969482422,39.36000061035156,96324,0.0,0.0
2022-12-22 14:30:00-05:00,39.349998474121094,39.65999984741211,39.2400016784668,39.5,85315,0.0,0.0
2022-12-22 15:30:00-05:00,39.459999084472656,39.619998931884766,39.36000061035156,39.439998626708984,190329,0.0,0.0
2022-12-23 09:30:00-05:00,39.060001373291016,39.209999084472656,38.09000015258789,39.07500076293945,114393,0.0,0.0
2022-12-23 10:30:00-05:00,39.11000061035156,39.29999923706055,38.66999816894531,39.09000015258789,70878,0.0,0.0
2022-12-23 11:30:00-05:00,39.10499954223633,39.2400016784668,38.98500061035156,39.130001068115234,44942,0.0,0.0
2022-12-23 12:30:00-05:00,39.11000061035156,39.209999084472656,38.54999923706055,38.71500015258789,71555,0.0,0.0
2022-12-23 13:30:00-05:00,38.70000076293945,38.91999816894531,38.56999969482422,38.86000061035156,69471,0.0,0.0
2022-12-23 14:30:00-05:00,38.849998474121094,39.02000045776367,38.810001373291016,38.86000061035156,88897,0.0,0.0
2022-12-23 15:30:00-05:00,38.86000061035156,38.95000076293945,38.72999954223633,38.83000183105469,175929,0.0,0.0
2022-12-27 09:30:00-05:00,38.29999923706055,39.08000183105469,37.150001525878906,37.9900016784668,151705,0.0,0.0
2022-12-27 10:30:00-05:00,37.970001220703125,38.05500030517578,37.529998779296875,37.880001068115234,124660,0.0,0.0
2022-12-27 11:30:00-05:00,37.90999984741211,37.93000030517578,37.47999954223633,37.47999954223633,63822,0.0,0.0
2022-12-27 12:30:00-05:00,37.505001068115234,37.689998626708984,37.470001220703125,37.56999969482422,63285,0.0,0.0
2022-12-27 13:30:00-05:00,37.58000183105469,37.7599983215332,37.560001373291016,37.63999938964844,67981,0.0,0.0
2022-12-27 14:30:00-05:00,37.650001525878906,37.709999084472656,37.400001525878906,37.56999969482422,161795,0.0,0.0
2022-12-27 15:30:00-05:00,37.54999923706055,37.689998626708984,37.34000015258789,37.349998474121094,258964,0.0,0.0
2022-12-28 09:30:00-05:00,37.25,37.90999984741211,36.86000061035156,37.5,197667,0.0,0.0
2022-12-28 10:30:00-05:00,37.459999084472656,37.775001525878906,37.27000045776367,37.63999938964844,65150,0.0,0.0
2022-12-28 11:30:00-05:00,37.63999938964844,37.66999816894531,37.29999923706055,37.56999969482422,77522,0.0,0.0
2022-12-28 12:30:00-05:00,37.567901611328125,37.88999938964844,37.567901611328125,37.81999969482422,138719,0.0,0.0
2022-12-28 13:30:00-05:00,37.83000183105469,37.88999938964844,37.55500030517578,37.58000183105469,108661,0.0,0.0
2022-12-28 14:30:00-05:00,37.560001373291016,37.630001068115234,37.35499954223633,37.599998474121094,73229,0.0,0.0
2022-12-28 15:30:00-05:00,37.599998474121094,37.81999969482422,37.599998474121094,37.720001220703125,122935,0.0,0.0
2022-12-29 09:30:00-05:00,38.220001220703125,39.54999923706055,37.790000915527344,39.369998931884766,117795,0.0,0.0
2022-12-29 10:30:00-05:00,39.40999984741211,39.939998626708984,39.40999984741211,39.83000183105469,113095,0.0,0.0
2022-12-29 11:30:00-05:00,39.86000061035156,40.0,39.75,39.79999923706055,73991,0.0,0.0
2022-12-29 12:30:00-05:00,39.79999923706055,39.86000061035156,39.41999816894531,39.540000915527344,90302,0.0,0.0
2022-12-29 13:30:00-05:00,39.529998779296875,39.619998931884766,39.43000030517578,39.52000045776367,69732,0.0,0.0
2022-12-29 14:30:00-05:00,39.54999923706055,39.88999938964844,39.470001220703125,39.810001373291016,94449,0.0,0.0
2022-12-29 15:30:00-05:00,39.810001373291016,40.09000015258789,39.810001373291016,39.88999938964844,157637,0.0,0.0
2022-12-30 09:30:00-05:00,38.810001373291016,40.25,38.810001373291016,39.45000076293945,126491,0.0,0.0
2022-12-30 10:30:00-05:00,39.5099983215332,39.869998931884766,39.40999984741211,39.47999954223633,86297,0.0,0.0
2022-12-30 11:30:00-05:00,39.47999954223633,39.599998474121094,39.18000030517578,39.25,68048,0.0,0.0
2022-12-30 12:30:00-05:00,39.27000045776367,39.38999938964844,39.13999938964844,39.16999816894531,56834,0.0,0.0
2022-12-30 13:30:00-05:00,39.18000030517578,39.25,38.959999084472656,39.119998931884766,79279,0.0,0.0
2022-12-30 14:30:00-05:00,39.13999938964844,39.43000030517578,39.060001373291016,39.31999969482422,93426,0.0,0.0
2022-12-30 15:30:00-05:00,39.31999969482422,39.4900016784668,39.150001525878906,39.36000061035156,143324,0.0,0.0
2023-01-03 09:30:00-05:00,40.41999816894531,40.79999923706055,39.22999954223633,39.4900016784668,215283,0.0,0.0
2023-01-03 10:30:00-05:00,39.40999984741211,39.650001525878906,39.119998931884766,39.13999938964844,141436,0.0,0.0
2023-01-03 11:30:00-05:00,39.135101318359375,39.135101318359375,38.58000183105469,38.58000183105469,93194,0.0,0.0
2023-01-03 12:30:00-05:00,38.630001068115234,39.029998779296875,38.529998779296875,39.029998779296875,138073,0.0,0.0
2023-01-03 13:30:00-05:00,39.02000045776367,39.06999969482422,38.7400016784668,38.98500061035156,103937,0.0,0.0
2023-01-03 14:30:00-05:00,38.97999954223633,39.18000030517578,38.810001373291016,39.005001068115234,129629,0.0,0.0
2023-01-03 15:30:00-05:00,39.02000045776367,39.03499984741211,38.7400016784668,38.88999938964844,207739,0.0,0.0
2023-01-04 09:30:00-05:00,39.43000030517578,39.630001068115234,38.5,39.05500030517578,116682,0.0,0.0
2023-01-04 10:30:00-05:00,39.02000045776367,39.33000183105469,38.84000015258789,39.18000030517578,126551,0.0,0.0
2023-01-04 11:30:00-05:00,39.220001220703125,39.70000076293945,39.0,39.0,81445,0.0,0.0
2023-01-04 12:30:00-05:00,39.0,39.22999954223633,38.810001373291016,39.20000076293945,87843,0.0,0.0
2023-01-04 13:30:00-05:00,39.209999084472656,39.380001068115234,38.79499816894531,38.79999923706055,140307,0.0,0.0
2023-01-04 14:30:00-05:00,38.79999923706055,39.220001220703125,38.779998779296875,38.880001068115234,122054,0.0,0.0
2023-01-04 15:30:00-05:00,38.869998931884766,38.90999984741211,38.69499969482422,38.79999923706055,254261,0.0,0.0
2023-01-05 09:30:00-05:00,38.380001068115234,38.380001068115234,36.79999923706055,36.939998626708984,136142,0.0,0.0
2023-01-05 10:30:00-05:00,36.974998474121094,37.13999938964844,36.540000915527344,36.6150016784668,86457,0.0,0.0
2023-01-05 11:30:00-05:00,36.59000015258789,36.779998779296875,35.959999084472656,36.06999969482422,122172,0.0,0.0
2023-01-05 12:30:00-05:00,36.11000061035156,36.369998931884766,35.34000015258789,36.2599983215332,279267,0.0,0.0
2023-01-05 13:30:00-05:00,36.25,36.349998474121094,35.79999923706055,36.29999923706055,142627,0.0,0.0
2023-01-05 14:30:00-05:00,36.290000915527344,36.619998931884766,36.03200149536133,36.060001373291016,86053,0.0,0.0
2023-01-05 15:30:00-05:00,36.064998626708984,36.11000061035156,35.709999084472656,35.720001220703125,255695,0.0,0.0
2023-01-06 09:30:00-05:00,35.970001220703125,36.189998626708984,34.779998779296875,36.0,169007,0.0,0.0
2023-01-06 10:30:00-05:00,35.959999084472656,36.630001068115234,35.900001525878906,36.625,68328,0.0,0.0
2023-01-06 11:30:00-05:00,36.630001068115234,36.7400016784668,36.41999816894531,36.63999938964844,58332,0.0,0.0
2023-01-06 12:30:00-05:00,36.65999984741211,36.65999984741211,36.09000015258789,36.27000045776367,69593,0.0,0.0
2023-01-06 13:30:00-05:00,36.279998779296875,36.439998626708984,36.220001220703125,36.255001068115234,75811,0.0,0.0
2023-01-06 14:30:00-05:00,36.279998779296875,36.4900016784668,36.150001525878906,36.22999954223633,90823,0.0,0.0
2023-01-06 15:30:00-05:00,36.209999084472656,36.5,36.20500183105469,36.459999084472656,272488,0.0,0.0
2023-01-09 09:30:00-05:00,37.02000045776367,38.33000183105469,36.76499938964844,38.04999923706055,135427,0.0,0.0
2023-01-09 10:30:00-05:00,38.06999969482422,38.11000061035156,37.564998626708984,37.83000183105469,91595,0.0,0.0
2023-01-09 11:30:00-05:00,37.849998474121094,37.880001068115234,37.369998931884766,37.75,147516,0.0,0.0
2023-01-09 12:30:00-05:00,37.77000045776367,37.939998626708984,37.56999969482422,37.88999938964844,129180,0.0,0.0
2023-01-09 13:30:00-05:00,37.88999938964844,37.91999816894531,37.47999954223633,37.720001220703125,136396,0.0,0.0
2023-01-09 14:30:00-05:00,37.75,37.75,36.959999084472656,37.084999084472656,193593,0.0,0.0
2023-01-09 15:30:00-05:00,37.09000015258789,37.209999084472656,36.83000183105469,37.18000030517578,404091,0.0,0.0
2023-01-10 09:30:00-05:00,36.79999923706055,37.459999084472656,35.939998626708984,36.52000045776367,183616,0.0,0.0
2023-01-10 10:30:00-05:00,36.459999084472656,37.18000030517578,36.20000076293945,37.130001068115234,187618,0.0,0.0
2023-01-10 11:30:00-05:00,37.130001068115234,37.1349983215332,36.68000030517578,36.85499954223633,187837,0.0,0.0
2023-01-10 12:30:00-05:00,36.84000015258789,37.2400016784668,36.779998779296875,37.18000030517578,77220,0.0,0.0
2023-01-10 13:30:00-05:00,37.18000030517578,37.54999923706055,37.099998474121094,37.54499816894531,111893,0.0,0.0
2023-01-10 14:30:00-05:00,37.54499816894531,37.72999954223633,37.310001373291016,37.459999084472656,300382,0.0,0.0
2023-01-10 15:30:00-05:00,37.459999084472656,37.7400016784668,37.41999816894531,37.72999954223633,322159,0.0,0.0
2023-01-11 09:30:00-05:00,38.20000076293945,39.33000183105469,37.619998931884766,39.15999984741211,415636,0.0,0.0
2023-01-11 10:30:00-05:00,39.15999984741211,39.75,38.790000915527344,39.72999954223633,223367,0.0,0.0
2023-01-11 11:30:00-05:00,39.75,40.0,39.560001373291016,39.68000030517578,323598,0.0,0.0
2023-01-11 12:30:00-05:00,39.66999816894531,39.779998779296875,39.45000076293945,39.70000076293945,131298,0.0,0.0
2023-01-11 13:30:00-05:00,39.68000030517578,39.81999969482422,39.61000061035156,39.7400016784668,162906,0.0,0.0
2023-01-11 14:30:00-05:00,39.7400016784668,39.96500015258789,39.31999969482422,39.40999984741211,329194,0.0,0.0
2023-01-11 15:30:00-05:00,39.4010009765625,39.540000915527344,39.22999954223633,39.45000076293945,321280,0.0,0.0
2023-01-12 09:30:00-05:00,39.63999938964844,39.63999938964844,38.287498474121094,39.25,129498,0.0,0.0
2023-01-12 10:30:00-05:00,39.22999954223633,39.31999969482422,38.88999938964844,39.025001525878906,96610,0.0,0.0
2023-01-12 11:30:00-05:00,39.04999923706055,39.2599983215332,38.75,39.2400016784668,79260,0.0,0.0
2023-01-12 12:30:00-05:00,39.2400016784668,39.349998474121094,38.84000015258789,39.040000915527344,119117,0.0,0.0
2023-01-12 13:30:00-05:00,38.9900016784668,39.939998626708984,38.79999923706055,39.915000915527344,238327,0.0,0.0
2023-01-12 14:30:00-05:00,39.90999984741211,40.189998626708984,39.755001068115234,40.150001525878906,165715,0.0,0.0
2023-01-12 15:30:00-05:00,40.150001525878906,40.75,40.1349983215332,40.68000030517578,442489,0.0,0.0
2023-01-13 09:30:00-05:00,40.040000915527344,41.75,40.040000915527344,41.7400016784668,173061,0.0,0.0
2023-01-13 10:30:00-05:00,41.790000915527344,42.40999984741211,41.66999816894531,42.099998474121094,243255,0.0,0.0
2023-01-13 11:30:00-05:00,42.099998474121094,42.619998931884766,41.789100646972656,42.595001220703125,280289,0.0,0.0
2023-01-13 12:30:00-05:00,42.599998474121094,43.27000045776367,42.45000076293945,42.9900016784668,292768,0.0,0.0
2023-01-13 13:30:00-05:00,43.025001525878906,43.16999816894531,42.56999969482422,43.0,207639,0.0,0.0
2023-01-13 14:30:00-05:00,42.9900016784668,43.39500045776367,42.86000061035156,43.2599983215332,219454,0.0,0.0
2023-01-13 15:30:00-05:00,43.25,43.2599983215332,42.33000183105469,42.34000015258789,491118,0.0,0.0
2023-01-17 09:30:00-05:00,42.0,42.41999816894531,41.150001525878906,42.29999923706055,290817,0.0,0.0
2023-01-17 10:30:00-05:00,42.29499816894531,42.5,41.939998626708984,42.09000015258789,138176,0.0,0.0
2023-01-17 11:30:00-05:00,42.09000015258789,42.68000030517578,42.053001403808594,42.65999984741211,208984,0.0,0.0
2023-01-17 12:30:00-05:00,42.619998931884766,42.869998931884766,42.61000061035156,42.790000915527344,151270,0.0,0.0
2023-01-17 13:30:00-05:00,42.790000915527344,43.380001068115234,42.66999816894531,43.35499954223633,127436,0.0,0.0
2023-01-17 14:30:00-05:00,43.36000061035156,43.380001068115234,42.58000183105469,43.04999923706055,189679,0.0,0.0
2023-01-17 15:30:00-05:00,43.04999923706055,43.470001220703125,43.029998779296875,43.34000015258789,329384,0.0,0.0
2023-01-18 09:30:00-05:00,43.5,44.04999923706055,43.029998779296875,43.93899917602539,288285,0.0,0.0
2023-01-18 10:30:00-05:00,43.97999954223633,44.04999923706055,42.439998626708984,42.4900016784668,179465,0.0,0.0
2023-01-18 11:30:00-05:00,42.47999954223633,42.83000183105469,42.2599983215332,42.279998779296875,101086,0.0,0.0
2023-01-18 12:30:00-05:00,42.30500030517578,42.70000076293945,42.13999938964844,42.63999938964844,89707,0.0,0.0
2023-01-18 13:30:00-05:00,42.63999938964844,43.005001068115234,42.54999923706055,42.88999938964844,112265,0.0,0.0
2023-01-18 14:30:00-05:00,42.8849983215332,42.97999954223633,42.70500183105469,42.72999954223633,140762,0.0,0.0
2023-01-18 15:30:00-05:00,42.724998474121094,42.84000015258789,42.529998779296875,42.810001373291016,247675,0.0,0.0
2023-01-19 09:30:00-05:00,42.25,43.0,41.7599983215332,42.0099983215332,118666,0.0,0.0
2023-01-19 10:30:00-05:00,42.02000045776367,42.38999938964844,41.516300201416016,41.650001525878906,85758,0.0,0.0
2023-01-19 11:30:00-05:00,41.63999938964844,41.723899841308594,41.209999084472656,41.67499923706055,71570,0.0,0.0
2023-01-19 12:30:00-05:00,41.67499923706055,41.875,41.56999969482422,41.72999954223633,45610,0.0,0.0
2023-01-19 13:30:00-05:00,41.689998626708984,42.04999923706055,41.54499816894531,42.02000045776367,100193,0.0,0.0
2023-01-19 14:30:00-05:00,42.040000915527344,42.08000183105469,41.720001220703125,41.91999816894531,72506,0.0,0.0
2023-01-19 15:30:00-05:00,41.875,41.875,41.560001373291016,41.630001068115234,142610,0.0,0.0
2023-01-20 09:30:00-05:00,42.25,43.04999923706055,41.880001068115234,42.18000030517578,135402,0.0,0.0
2023-01-20 10:30:00-05:00,42.20000076293945,42.38999938964844,41.720001220703125,42.380001068115234,195329,0.0,0.0
2023-01-20 11:30:00-05:00,42.369998931884766,42.400001525878906,41.9900016784668,42.099998474121094,167273,0.0,0.0
2023-01-20 12:30:00-05:00,42.099998474121094,42.099998474121094,41.880001068115234,41.900001525878906,185705,0.0,0.0
2023-01-20 13:30:00-05:00,41.90999984741211,42.7400016784668,41.90999984741211,42.59000015258789,666462,0.0,0.0
2023-01-20 14:30:00-05:00,42.58000183105469,42.88999938964844,42.5,42.51499938964844,120089,0.0,0.0
2023-01-20 15:30:00-05:00,42.51499938964844,42.779998779296875,42.5,42.68000030517578,199115,0.0,0.0
2023-01-23 09:30:00-05:00,42.7599983215332,43.439998626708984,42.130001068115234,42.91999816894531,100449,0.0,0.0
2023-01-23 10:30:00-05:00,42.95000076293945,43.3650016784668,42.75,42.886600494384766,116414,0.0,0.0
2023-01-23 11:30:00-05:00,42.88999938964844,43.04999923706055,42.599998474121094,42.709999084472656,126207,0.0,0.0
2023-01-23 12:30:00-05:00,42.720001220703125,42.90999984741211,42.48500061035156,42.560001373291016,109290,0.0,0.0
2023-01-23 13:30:00-05:00,42.55500030517578,43.0099983215332,42.540000915527344,43.0,123300,0.0,0.0
2023-01-23 14:30:00-05:00,42.970001220703125,43.13999938964844,42.54499816894531,43.040000915527344,107263,0.0,0.0
2023-01-23 15:30:00-05:00,43.03499984741211,43.40999984741211,42.91999816894531,43.380001068115234,360163,0.0,0.0
2023-01-24 09:30:00-05:00,42.88999938964844,44.0,42.79499816894531,43.09000015258789,212024,0.0,0.0
2023-01-24 10:30:00-05:00,43.060001373291016,43.150001525878906,42.63999938964844,43.10499954223633,89951,0.0,0.0
2023-01-24 11:30:00-05:00,43.099998474121094,43.29240036010742,42.9900016784668,43.27000045776367,61708,0.0,0.0
2023-01-24 12:30:00-05:00,43.189998626708984,43.22520065307617,43.028499603271484,43.18000030517578,41285,0.0,0.0
2023-01-24 13:30:00-05:00,43.20500183105469,43.290000915527344,43.029998779296875,43.099998474121094,79324,0.0,0.0
2023-01-24 14:30:00-05:00,43.11880111694336,43.130001068115234,42.90999984741211,42.9900016784668,305866,0.0,0.0
2023-01-24 15:30:00-05:00,42.97999954223633,43.0099983215332,42.560001373291016,42.70000076293945,176820,0.0,0.0
2023-01-25 09:30:00-05:00,41.310001373291016,41.54999923706055,39.869998931884766,40.4900016784668,399582,0.0,0.0
2023-01-25 10:30:00-05:00,40.540000915527344,41.209999084472656,40.27000045776367,41.040000915527344,244668,0.0,0.0
2023-01-25 11:30:00-05:00,41.119998931884766,41.75,41.119998931884766,41.32500076293945,69562,0.0,0.0
2023-01-25 12:30:00-05:00,41.32500076293945,42.005001068115234,41.31999969482422,41.83000183105469,71971,0.0,0.0
2023-01-25 13:30:00-05:00,41.845001220703125,42.47999954223633,41.70000076293945,42.45000076293945,135388,0.0,0.0
2023-01-25 14:30:00-05:00,42.5,43.0,42.459999084472656,42.8650016784668,153122,0.0,0.0
2023-01-25 15:30:00-05:00,42.849998474121094,43.27000045776367,42.84000015258789,43.2599983215332,240232,0.0,0.0
2023-01-26 09:30:00-05:00,44.400001525878906,44.97999954223633,43.45000076293945,43.56999969482422,600877,0.0,0.0
2023-01-26 10:30:00-05:00,43.540000915527344,43.59000015258789,42.689998626708984,42.95000076293945,95514,0.0,0.0
2023-01-26 11:30:00-05:00,42.880001068115234,43.56999969482422,42.81999969482422,43.540000915527344,68354,0.0,0.0
2023-01-26 12:30:00-05:00,43.560001373291016,43.69499969482422,43.380001068115234,43.439998626708984,88175,0.0,0.0
2023-01-26 13:30:00-05:00,43.459999084472656,44.02000045776367,43.45000076293945,43.86000061035156,119542,0.0,0.0
2023-01-26 14:30:00-05:00,43.869998931884766,43.95500183105469,43.43000030517578,43.470001220703125,110396,0.0,0.0
2023-01-26 15:30:00-05:00,43.474998474121094,43.81999969482422,43.33000183105469,43.79999923706055,224732,0.0,0.0
2023-01-27 09:30:00-05:00,43.18000030517578,43.880001068115234,43.18000030517578,43.47999954223633,162822,0.0,0.0
2023-01-27 10:30:00-05:00,43.53499984741211,43.775001525878906,42.959999084472656,43.14500045776367,129963,0.0,0.0
2023-01-27 11:30:00-05:00,43.15999984741211,43.779998779296875,43.029998779296875,43.63999938964844,732316,0.0,0.0
2023-01-27 12:30:00-05:00,43.650001525878906,43.85499954223633,43.5,43.85499954223633,136841,0.0,0.0
2023-01-27 13:30:00-05:00,43.8650016784668,44.0099983215332,43.630001068115234,43.63999938964844,121953,0.0,0.0
2023-01-27 14:30:00-05:00,43.665000915527344,43.90999984741211,43.665000915527344,43.78499984741211,194396,0.0,0.0
2023-01-27 15:30:00-05:00,43.79999923706055,43.84000015258789,43.18000030517578,43.34000015258789,273551,0.0,0.0
2023-01-30 09:30:00-05:00,42.650001525878906,42.650001525878906,41.56999969482422,42.11000061035156,148142,0.0,0.0
2023-01-30 10:30:00-05:00,42.11909866333008,42.16999816894531,41.5099983215332,42.064998626708984,73611,0.0,0.0
2023-01-30 11:30:00-05:00,42.064998626708984,42.36000061035156,41.71500015258789,42.36000061035156,59836,0.0,0.0
2023-01-30 12:30:00-05:00,42.36000061035156,42.43000030517578,41.91999816894531,42.16999816894531,59478,0.0,0.0
2023-01-30 13:30:00-05:00,42.15999984741211,42.15999984741211,41.77000045776367,41.77000045776367,69403,0.0,0.0
2023-01-30 14:30:00-05:00,41.75,42.040000915527344,41.59000015258789,41.71269989013672,84260,0.0,0.0
2023-01-30 15:30:00-05:00,41.71620178222656,41.869998931884766,41.65999984741211,41.7400016784668,169020,0.0,0.0
2023-01-31 09:30:00-05:00,42.09000015258789,43.10499954223633,42.09000015258789,42.7599983215332,78914,0.0,0.0
2023-01-31 10:30:00-05:00,42.77000045776367,43.33000183105469,42.4900016784668,43.29999923706055,95717,0.0,0.0
2023-01-31 11:30:00-05:00,43.33000183105469,43.38999938964844,42.95000076293945,43.119998931884766,96169,0.0,0.0
2023-01-31 12:30:00-05:00,43.1150016784668,43.20000076293945,42.72999954223633,42.790000915527344,55103,0.0,0.0
2023-01-31 13:30:00-05:00,42.79899978637695,42.904998779296875,42.63999938964844,42.83000183105469,60689,0.0,0.0
2023-01-31 14:30:00-05:00,42.834999084472656,43.02000045776367,42.630001068115234,42.69499969482422,75579,0.0,0.0
2023-01-31 15:30:00-05:00,42.709999084472656,43.25,42.70500183105469,43.209999084472656,170369,0.0,0.0
2023-02-01 09:30:00-05:00,43.40999984741211,43.849998474121094,42.869998931884766,43.529998779296875,83088,0.0,0.0
2023-02-01 10:30:00-05:00,43.540000915527344,43.540000915527344,43.06999969482422,43.27000045776367,59845,0.0,0.0
2023-02-01 11:30:00-05:00,43.2599983215332,43.45000076293945,43.224998474121094,43.31999969482422,67537,0.0,0.0
2023-02-01 12:30:00-05:00,43.29499816894531,43.630001068115234,43.2400016784668,43.595001220703125,68865,0.0,0.0
2023-02-01 13:30:00-05:00,43.61000061035156,43.86909866333008,43.209999084472656,43.619998931884766,107761,0.0,0.0
2023-02-01 14:30:00-05:00,43.63999938964844,45.20000076293945,43.20000076293945,45.06999969482422,272609,0.0,0.0
2023-02-01 15:30:00-05:00,45.08000183105469,45.52000045776367,45.02000045776367,45.060001373291016,269027,0.0,0.0
2023-02-02 09:30:00-05:00,46.029998779296875,48.10499954223633,46.029998779296875,47.34000015258789,338825,0.0,0.0
2023-02-02 10:30:00-05:00,47.36000061035156,48.02000045776367,47.275001525878906,47.939998626708984,245589,0.0,0.0
2023-02-02 11:30:00-05:00,47.91999816894531,48.369998931884766,47.72999954223633,48.369998931884766,163744,0.0,0.0
2023-02-02 12:30:00-05:00,48.38999938964844,48.45000076293945,48.0,48.064998626708984,142265,0.0,0.0
2023-02-02 13:30:00-05:00,48.099998474121094,48.34000015258789,47.314998626708984,47.314998626708984,145616,0.0,0.0
2023-02-02 14:30:00-05:00,47.349998474121094,47.52000045776367,47.099998474121094,47.459999084472656,179814,0.0,0.0
2023-02-02 15:30:00-05:00,47.46500015258789,47.709999084472656,47.209999084472656,47.630001068115234,312149,0.0,0.0
2023-02-03 09:30:00-05:00,45.040000915527344,46.20000076293945,45.040000915527344,45.779998779296875,251590,0.0,0.0
2023-02-03 10:30:00-05:00,45.79999923706055,46.375,45.540000915527344,45.91999816894531,179644,0.0,0.0
2023-02-03 11:30:00-05:00,45.9275016784668,46.38999938964844,45.529998779296875,46.255001068115234,227558,0.0,0.0
2023-02-03 12:30:00-05:00,46.275001525878906,46.400001525878906,44.77000045776367,45.130001068115234,284934,0.0,0.0
2023-02-03 13:30:00-05:00,45.040000915527344,45.34000015258789,44.80500030517578,45.16999816894531,142940,0.0,0.0
2023-02-03 14:30:00-05:00,45.130001068115234,45.4900016784668,44.939998626708984,45.310001373291016,151511,0.0,0.0
2023-02-03 15:30:00-05:00,45.349998474121094,45.473899841308594,45.22999954223633,45.310001373291016,186268,0.0,0.0
2023-02-06 09:30:00-05:00,44.38999938964844,45.66999816894531,44.150001525878906,44.7599983215332,141772,0.0,0.0
2023-02-06 10:30:00-05:00,44.7599983215332,45.470001220703125,44.720001220703125,45.33000183105469,90049,0.0,0.0
2023-02-06 11:30:00-05:00,45.34000015258789,45.400001525878906,45.04999923706055,45.209999084472656,96380,0.0,0.0
2023-02-06 12:30:00-05:00,45.25,45.380001068115234,44.84000015258789,44.84000015258789,52612,0.0,0.0
2023-02-06 13:30:00-05:00,44.84000015258789,45.06999969482422,44.665000915527344,44.73500061035156,104083,0.0,0.0
2023-02-06 14:30:00-05:00,44.7400016784668,44.75,44.220001220703125,44.380001068115234,99113,0.0,0.0
2023-02-06 15:30:00-05:00,44.380001068115234,44.52000045776367,44.20000076293945,44.439998626708984,164416,0.0,0.0
2023-02-07 09:30:00-05:00,44.400001525878906,44.58000183105469,43.330101013183594,44.13999938964844,111636,0.0,0.0
2023-02-07 10:30:00-05:00,44.150001525878906,44.93000030517578,44.150001525878906,44.93000030517578,55031,0.0,0.0
2023-02-07 11:30:00-05:00,44.84000015258789,44.97999954223633,44.7400016784668,44.90999984741211,47740,0.0,0.0
2023-02-07 12:30:00-05:00,44.880001068115234,45.75,44.880001068115234,44.9900016784668,118179,0.0,0.0
2023-02-07 13:30:00-05:00,44.97999954223633,45.90999984741211,44.86000061035156,45.560001373291016,87351,0.0,0.0
2023-02-07 14:30:00-05:00,45.56999969482422,45.88999938964844,45.45000076293945,45.834999084472656,303000,0.0,0.0
2023-02-07 15:30:00-05:00,45.84000015258789,46.52000045776367,45.834999084472656,46.209999084472656,215826,0.0,0.0
2023-02-08 09:30:00-05:00,46.25,46.54999923706055,45.47999954223633,45.53499984741211,0,0.0,0.0
2023-02-08 10:30:00-05:00,45.310001373291016,45.720001220703125,44.9900016784668,45.209999084472656,77823,0.0,0.0
2023-02-08 11:30:00-05:00,45.27000045776367,45.41999816894531,45.0099983215332,45.41999816894531,52317,0.0,0.0
2023-02-08 12:30:00-05:00,45.45000076293945,45.61000061035156,45.099998474121094,45.099998474121094,38566,0.0,0.0
2023-02-08 13:30:00-05:00,45.09000015258789,45.33000183105469,44.970001220703125,45.040000915527344,38763,0.0,0.0
2023-02-08 14:30:00-05:00,45.06999969482422,45.154998779296875,44.84000015258789,45.1150016784668,59315,0.0,0.0
2023-02-08 15:30:00-05:00,45.130001068115234,45.31999969482422,45.08000183105469,45.099998474121094,76053,0.0,0.0
2023-02-09 09:30:00-05:00,46.0,46.345001220703125,45.20000076293945,45.92499923706055,165296,0.0,0.0
2023-02-09 10:30:00-05:00,45.94499969482422,46.34000015258789,45.40999984741211,45.40999984741211,533156,0.0,0.0
2023-02-09 11:30:00-05:00,45.41999816894531,46.34000015258789,45.380001068115234,46.220001220703125,76797,0.0,0.0
2023-02-09 12:30:00-05:00,46.220001220703125,46.22999954223633,45.52000045776367,45.66999816894531,67454,0.0,0.0
2023-02-09 13:30:00-05:00,45.61000061035156,45.77000045776367,44.66999816894531,44.73500061035156,130351,0.0,0.0
2023-02-09 14:30:00-05:00,44.7599983215332,44.810001373291016,44.03499984741211,44.095001220703125,211164,0.0,0.0
2023-02-09 15:30:00-05:00,44.06999969482422,44.06999969482422,43.75,43.939998626708984,478266,0.0,0.0
2023-02-10 09:30:00-05:00,43.18000030517578,43.40999984741211,42.2400016784668,42.779998779296875,281847,0.0,0.0
2023-02-10 10:30:00-05:00,42.79999923706055,42.880001068115234,42.0099983215332,42.290000915527344,223187,0.0,0.0
2023-02-10 11:30:00-05:00,42.290000915527344,42.48500061035156,41.849998474121094,41.904998779296875,206127,0.0,0.0
2023-02-10 12:30:00-05:00,41.904998779296875,42.15999984741211,41.599998474121094,41.6349983215332,257620,0.0,0.0
2023-02-10 13:30:00-05:00,41.65999984741211,42.0,41.459999084472656,41.86000061035156,235268,0.0,0.0
2023-02-10 14:30:00-05:00,41.810001373291016,41.959999084472656,41.5099983215332,41.595001220703125,257292,0.0,0.0
2023-02-10 15:30:00-05:00,41.61000061035156,41.88999938964844,41.61000061035156,41.84000015258789,413652,0.0,0.0
2023-02-13 09:30:00-05:00,42.400001525878906,44.279998779296875,42.317501068115234,43.939998626708984,182597,0.0,0.0
2023-02-13 10:30:00-05:00,43.9900016784668,44.540000915527344,43.900001525878906,44.369998931884766,144021,0.0,0.0
2023-02-13 11:30:00-05:00,44.38999938964844,44.435001373291016,43.79999923706055,43.95000076293945,105895,0.0,0.0
2023-02-13 12:30:00-05:00,43.94499969482422,44.11000061035156,43.68000030517578,43.959999084472656,110536,0.0,0.0
2023-02-13 13:30:00-05:00,43.95500183105469,44.08000183105469,43.470001220703125,43.5,131267,0.0,0.0
2023-02-13 14:30:00-05:00,43.4900016784668,43.4900016784668,42.81999969482422,42.86000061035156,219402,0.0,0.0
2023-02-13 15:30:00-05:00,42.86000061035156,43.130001068115234,42.849998474121094,43.11000061035156,230893,0.0,0.0
2023-02-14 09:30:00-05:00,42.720001220703125,45.2599983215332,42.310001373291016,44.875,155717,0.0,0.0
2023-02-14 10:30:00-05:00,44.86000061035156,44.91999816894531,44.06999969482422,44.47999954223633,142118,0.0,0.0
2023-02-14 11:30:00-05:00,44.38010025024414,44.810001373291016,44.22999954223633,44.65999984741211,153604,0.0,0.0
2023-02-14 12:30:00-05:00,44.68000030517578,45.15999984741211,44.68000030517578,44.98500061035156,94823,0.0,0.0
2023-02-14 13:30:00-05:00,44.9900016784668,45.11000061035156,44.61000061035156,44.904998779296875,157901,0.0,0.0
2023-02-14 14:30:00-05:00,44.904998779296875,45.369998931884766,44.75849914550781,45.2599983215332,343635,0.0,0.0
2023-02-14 15:30:00-05:00,45.25,45.59000015258789,45.25,45.5099983215332,298106,0.0,0.0
2023-02-15 09:30:00-05:00,45.40999984741211,46.09000015258789,44.75,45.22999954223633,219442,0.0,0.0
2023-02-15 10:30:00-05:00,45.209999084472656,45.625,44.970001220703125,45.45000076293945,103395,0.0,0.0
2023-02-15 11:30:00-05:00,45.45000076293945,45.72999954223633,45.34000015258789,45.68000030517578,79938,0.0,0.0
2023-02-15 12:30:00-05:00,45.71500015258789,46.060001373291016,45.630001068115234,45.88999938964844,152577,0.0,0.0
2023-02-15 13:30:00-05:00,45.880001068115234,46.54999923706055,45.83000183105469,46.2599983215332,98520,0.0,0.0
2023-02-15 14:30:00-05:00,46.27000045776367,46.279998779296875,45.97999954223633,46.16999816894531,112269,0.0,0.0
2023-02-15 15:30:00-05:00,46.16999816894531,46.5099983215332,46.16999816894531,46.459999084472656,203329,0.0,0.0
2023-02-16 09:30:00-05:00,44.470001220703125,45.400001525878906,44.18000030517578,45.189998626708984,243085,0.0,0.0
2023-02-16 10:30:00-05:00,45.20000076293945,45.505001068115234,45.04999923706055,45.16999816894531,130724,0.0,0.0
2023-02-16 11:30:00-05:00,45.165000915527344,45.189998626708984,44.540000915527344,44.7599983215332,118518,0.0,0.0
2023-02-16 12:30:00-05:00,44.724998474121094,44.88850021362305,44.400001525878906,44.45000076293945,134712,0.0,0.0
2023-02-16 13:30:00-05:00,44.470001220703125,44.70000076293945,44.29999923706055,44.630001068115234,122450,0.0,0.0
2023-02-16 14:30:00-05:00,44.61000061035156,44.790000915527344,44.14500045776367,44.14500045776367,156854,0.0,0.0
2023-02-16 15:30:00-05:00,44.119998931884766,44.470001220703125,44.06999969482422,44.09000015258789,287197,0.0,0.0
2023-02-17 09:30:00-05:00,43.959999084472656,44.029998779296875,42.75,43.345001220703125,182766,0.0,0.0
2023-02-17 10:30:00-05:00,43.345001220703125,43.91999816894531,43.0099983215332,43.11000061035156,271201,0.0,0.0
2023-02-17 11:30:00-05:00,43.119998931884766,43.58000183105469,42.97999954223633,43.459999084472656,92543,0.0,0.0
2023-02-17 12:30:00-05:00,43.439998626708984,43.58000183105469,43.099998474121094,43.1150016784668,86590,0.0,0.0
2023-02-17 13:30:00-05:00,43.10499954223633,43.369998931884766,43.09000015258789,43.18000030517578,94886,0.0,0.0
2023-02-17 14:30:00-05:00,43.18000030517578,43.52000045776367,43.060001373291016,43.064998626708984,125087,0.0,0.0
2023-02-17 15:30:00-05:00,43.084999084472656,43.41999816894531,43.04999923706055,43.349998474121094,221503,0.0,0.0
2023-02-21 09:30:00-05:00,42.20000076293945,43.150001525878906,42.0015983581543,42.369998931884766,129960,0.0,0.0
2023-02-21 10:30:00-05:00,42.32500076293945,42.599998474121094,42.119998931884766,42.197898864746094,88932,0.0,0.0
2023-02-21 11:30:00-05:00,42.209999084472656,42.41999816894531,42.04999923706055,42.04999923706055,71810,0.0,0.0
2023-02-21 12:30:00-05:00,42.06999969482422,42.709999084472656,42.060001373291016,42.70500183105469,76414,0.0,0.0
2023-02-21 13:30:00-05:00,42.689998626708984,42.689998626708984,42.13999938964844,42.470001220703125,104584,0.0,0.0
2023-02-21 14:30:00-05:00,42.470001220703125,42.880001068115234,42.41999816894531,42.75,130782,0.0,0.0
2023-02-21 15:30:00-05:00,42.755001068115234,42.900001525878906,42.5,42.52000045776367,268055,0.0,0.0
2023-02-22 09:30:00-05:00,43.310001373291016,43.66999816894531,42.720001220703125,42.85499954223633,133193,0.0,0.0
2023-02-22 10:30:00-05:00,42.7599983215332,43.0099983215332,42.650001525878906,42.775001525878906,66695,0.0,0.0
2023-02-22 11:30:00-05:00,42.75,43.130001068115234,42.75,43.0,92237,0.0,0.0
2023-02-22 12:30:00-05:00,43.029998779296875,43.244998931884766,42.93000030517578,43.21500015258789,49182,0.0,0.0
2023-02-22 13:30:00-05:00,43.2400016784668,43.38999938964844,42.86000061035156,43.11000061035156,102175,0.0,0.0
2023-02-22 14:30:00-05:00,43.09000015258789,43.27000045776367,42.75,43.11000061035156,86787,0.0,0.0
2023-02-22 15:30:00-05:00,43.099998474121094,43.36000061035156,43.02000045776367,43.310001373291016,130519,0.0,0.0
2023-02-23 09:30:00-05:00,44.18000030517578,44.3849983215332,43.369998931884766,43.709999084472656,116043,0.0,0.0
2023-02-23 10:30:00-05:00,43.72999954223633,43.83000183105469,43.220001220703125,43.30500030517578,102656,0.0,0.0
2023-02-23 11:30:00-05:00,43.30500030517578,43.66999816894531,43.060001373291016,43.44350051879883,104664,0.0,0.0
2023-02-23 12:30:00-05:00,43.400001525878906,43.75,43.279998779296875,43.415000915527344,96039,0.0,0.0
2023-02-23 13:30:00-05:00,43.400001525878906,43.869998931884766,43.34000015258789,43.8307991027832,49331,0.0,0.0
2023-02-23 14:30:00-05:00,43.852500915527344,44.099998474121094,43.790000915527344,43.88100051879883,118739,0.0,0.0
2023-02-23 15:30:00-05:00,43.88999938964844,44.04990005493164,43.70000076293945,43.7400016784668,255675,0.0,0.0
2023-02-24 09:30:00-05:00,42.5,43.22999954223633,42.459999084472656,42.630001068115234,94767,0.0,0.0
2023-02-24 10:30:00-05:00,42.60499954223633,42.65999984741211,42.09000015258789,42.529998779296875,104610,0.0,0.0
2023-02-24 11:30:00-05:00,42.4900016784668,43.119998931884766,42.470001220703125,42.77000045776367,99417,0.0,0.0
2023-02-24 12:30:00-05:00,42.78499984741211,42.939998626708984,42.66999816894531,42.90999984741211,77056,0.0,0.0
2023-02-24 13:30:00-05:00,42.90999984741211,43.060001373291016,42.810001373291016,42.93000030517578,84565,0.0,0.0
2023-02-24 14:30:00-05:00,42.93000030517578,43.099998474121094,42.790000915527344,42.9900016784668,96562,0.0,0.0
2023-02-24 15:30:00-05:00,42.98500061035156,43.15999984741211,42.79999923706055,43.060001373291016,178572,0.0,0.0
2023-02-27 09:30:00-05:00,43.40999984741211,43.60499954223633,42.970001220703125,43.560001373291016,65718,0.0,0.0
2023-02-27 10:30:00-05:00,43.540000915527344,43.650001525878906,43.34000015258789,43.59000015258789,80772,0.0,0.0
2023-02-27 11:30:00-05:00,43.599998474121094,43.69499969482422,43.380001068115234,43.400001525878906,46797,0.0,0.0
2023-02-27 12:30:00-05:00,43.404998779296875,43.58000183105469,43.380001068115234,43.560001373291016,65091,0.0,0.0
2023-02-27 13:30:00-05:00,43.59000015258789,43.630001068115234,43.400001525878906,43.564998626708984,86678,0.0,0.0
2023-02-27 14:30:00-05:00,43.57500076293945,43.619998931884766,43.29999923706055,43.599998474121094,130239,0.0,0.0
2023-02-27 15:30:00-05:00,43.6349983215332,43.720001220703125,43.380001068115234,43.439998626708984,191221,0.0,0.0
2023-02-28 09:30:00-05:00,43.290000915527344,44.13999938964844,43.290000915527344,43.95000076293945,59173,0.0,0.0
2023-02-28 10:30:00-05:00,43.94499969482422,44.43000030517578,43.880001068115234,44.41999816894531,106144,0.0,0.0
2023-02-28 11:30:00-05:00,44.45000076293945,44.599998474121094,44.244998931884766,44.5099983215332,95563,0.0,0.0
2023-02-28 12:30:00-05:00,44.494998931884766,44.59000015258789,44.2400016784668,44.43000030517578,109416,0.0,0.0
2023-02-28 13:30:00-05:00,44.45000076293945,44.66999816894531,44.34000015258789,44.400001525878906,107342,0.0,0.0
2023-02-28 14:30:00-05:00,44.41999816894531,44.41999816894531,43.79999923706055,43.97999954223633,115444,0.0,0.0
2023-02-28 15:30:00-05:00,43.96500015258789,44.23500061035156,43.900001525878906,44.0099983215332,269509,0.0,0.0
2023-03-01 09:30:00-05:00,44.29999923706055,44.97999954223633,43.61000061035156,44.025001525878906,113253,0.0,0.0
2023-03-01 10:30:00-05:00,44.0,44.15999984741211,43.70000076293945,43.94499969482422,103580,0.0,0.0
2023-03-01 11:30:00-05:00,43.94499969482422,44.08000183105469,43.79999923706055,43.84000015258789,97527,0.0,0.0
2023-03-01 12:30:00-05:00,43.86000061035156,44.18000030517578,43.650001525878906,43.709999084472656,76856,0.0,0.0
2023-03-01 13:30:00-05:00,43.70000076293945,43.849998474121094,43.584999084472656,43.619998931884766,85663,0.0,0.0
2023-03-01 14:30:00-05:00,43.64500045776367,43.709999084472656,43.5,43.5099983215332,106871,0.0,0.0
2023-03-01 15:30:00-05:00,43.52000045776367,43.7400016784668,43.36000061035156,43.36000061035156,234812,0.0,0.0
2023-03-02 09:30:00-05:00,42.79999923706055,43.75,42.58000183105469,43.3849983215332,105616,0.0,0.0
2023-03-02 10:30:00-05:00,43.439998626708984,43.720001220703125,43.29999923706055,43.47999954223633,68318,0.0,0.0
2023-03-02 11:30:00-05:00,43.47999954223633,43.685001373291016,43.209999084472656,43.65999984741211,212375,0.0,0.0
2023-03-02 12:30:00-05:00,43.68000030517578,43.79999923706055,43.47999954223633,43.5,65971,0.0,0.0
2023-03-02 13:30:00-05:00,43.459999084472656,44.31999969482422,43.459999084472656,44.31999969482422,83140,0.0,0.0
2023-03-02 14:30:00-05:00,44.33000183105469,44.33000183105469,44.09000015258789,44.11000061035156,104446,0.0,0.0
2023-03-02 15:30:00-05:00,44.1349983215332,44.279998779296875,44.04999923706055,44.209999084472656,188105,0.0,0.0
2023-03-03 09:30:00-05:00,44.70000076293945,45.43000030517578,44.29999923706055,44.869998931884766,118796,0.0,0.0
2023-03-03 10:30:00-05:00,44.8650016784668,45.290000915527344,44.79999923706055,45.040000915527344,85664,0.0,0.0
2023-03-03 11:30:00-05:00,45.03499984741211,45.56999969482422,44.95009994506836,45.5,69649,0.0,0.0
2023-03-03 12:30:00-05:00,45.494998931884766,45.529998779296875,45.11000061035156,45.19499969482422,82755,0.0,0.0
2023-03-03 13:30:00-05:00,45.22999954223633,45.27000045776367,44.90999984741211,44.95000076293945,105879,0.0,0.0
2023-03-03 14:30:00-05:00,44.95000076293945,45.16999816894531,44.91999816894531,45.13999938964844,110461,0.0,0.0
2023-03-03 15:30:00-05:00,45.130001068115234,45.310001373291016,45.0,45.290000915527344,180852,0.0,0.0
2023-03-06 09:30:00-05:00,45.599998474121094,45.849998474121094,45.040000915527344,45.75,90858,0.0,0.0
2023-03-06 10:30:00-05:00,45.75,46.06999969482422,45.65999984741211,45.779998779296875,63870,0.0,0.0
2023-03-06 11:30:00-05:00,45.77000045776367,45.849998474121094,45.619998931884766,45.66999816894531,44161,0.0,0.0
2023-03-06 12:30:00-05:00,45.65999984741211,45.7599983215332,45.224998474121094,45.26499938964844,66632,0.0,0.0
2023-03-06 13:30:00-05:00,45.244998931884766,45.244998931884766,44.90999984741211,45.0,87651,0.0,0.0
2023-03-06 14:30:00-05:00,45.02000045776367,45.08000183105469,44.75,44.790000915527344,98105,0.0,0.0
2023-03-06 15:30:00-05:00,44.78499984741211,44.810001373291016,44.43000030517578,44.4900016784668,145780,0.0,0.0
2023-03-07 09:30:00-05:00,44.650001525878906,45.33000183105469,44.3849983215332,45.06999969482422,111311,0.0,0.0
2023-03-07 10:30:00-05:00,45.029998779296875,45.529998779296875,44.72999954223633,44.75,109407,0.0,0.0
2023-03-07 11:30:00-05:00,44.72999954223633,45.154998779296875,44.59000015258789,45.119998931884766,64510,0.0,0.0
2023-03-07 12:30:00-05:00,45.119998931884766,45.4900016784668,45.1150016784668,45.18159866333008,59210,0.0,0.0
2023-03-07 13:30:00-05:00,45.189998626708984,45.35499954223633,44.779998779296875,44.834999084472656,53045,0.0,0.0
2023-03-07 14:30:00-05:00,44.84000015258789,45.07500076293945,44.73500061035156,44.790000915527344,85811,0.0,0.0
2023-03-07 15:30:00-05:00,44.790000915527344,44.970001220703125,44.650001525878906,44.900001525878906,222308,0.0,0.0
2023-03-08 09:30:00-05:00,44.900001525878906,45.119998931884766,43.970001220703125,44.619998931884766,100568,0.0,0.0
2023-03-08 10:30:00-05:00,44.63999938964844,45.084999084472656,44.47999954223633,44.79999923706055,90474,0.0,0.0
2023-03-08 11:30:00-05:00,44.79999923706055,44.959999084472656,44.52000045776367,44.529998779296875,37819,0.0,0.0
2023-03-08 12:30:00-05:00,44.540000915527344,44.73500061035156,44.459999084472656,44.625,64809,0.0,0.0
2023-03-08 13:30:00-05:00,44.63999938964844,44.689998626708984,44.36000061035156,44.529998779296875,102417,0.0,0.0
2023-03-08 14:30:00-05:00,44.56999969482422,44.689998626708984,44.150001525878906,44.25,64971,0.0,0.0
2023-03-08 15:30:00-05:00,44.27000045776367,44.77000045776367,44.19499969482422,44.77000045776367,206216,0.0,0.0
2023-03-09 09:30:00-05:00,44.95000076293945,45.459999084472656,44.43000030517578,45.209999084472656,88303,0.0,0.0
2023-03-09 10:30:00-05:00,45.22999954223633,45.22999954223633,44.33000183105469,44.33000183105469,125076,0.0,0.0
2023-03-09 11:30:00-05:00,44.369998931884766,44.4900016784668,44.20000076293945,44.279998779296875,82493,0.0,0.0
2023-03-09 12:30:00-05:00,44.290000915527344,44.439998626708984,43.810001373291016,43.86000061035156,75741,0.0,0.0
2023-03-09 13:30:00-05:00,43.869998931884766,43.869998931884766,42.91999816894531,43.29999923706055,154995,0.0,0.0
2023-03-09 14:30:00-05:00,43.31999969482422,43.4900016784668,42.849998474121094,42.86000061035156,128295,0.0,0.0
2023-03-09 15:30:00-05:00,42.86000061035156,43.13999938964844,42.84000015258789,43.119998931884766,271575,0.0,0.0
2023-03-10 09:30:00-05:00,42.0,42.189998626708984,39.68000030517578,39.939998626708984,557473,0.0,0.0
2023-03-10 10:30:00-05:00,40.0,41.060001373291016,39.61000061035156,41.0099983215332,376828,0.0,0.0
2023-03-10 11:30:00-05:00,41.0099983215332,41.130001068115234,39.849998474121094,39.88999938964844,174491,0.0,0.0
2023-03-10 12:30:00-05:00,39.88999938964844,40.13999938964844,39.349998474121094,39.43000030517578,206979,0.0,0.0
2023-03-10 13:30:00-05:00,39.459999084472656,39.72999954223633,39.20000076293945,39.470001220703125,285613,0.0,0.0
2023-03-10 14:30:00-05:00,39.48500061035156,39.9900016784668,39.48500061035156,39.83000183105469,273920,0.0,0.0
2023-03-10 15:30:00-05:00,39.81999969482422,39.81999969482422,39.290000915527344,39.68000030517578,438268,0.0,0.0
2023-03-13 09:30:00-04:00,39.040000915527344,39.26499938964844,38.209999084472656,38.814998626708984,461207,0.0,0.0
2023-03-13 10:30:00-04:00,38.869998931884766,40.29499816894531,38.85499954223633,40.29499816894531,325596,0.0,0.0
2023-03-13 11:30:00-04:00,40.25,40.459999084472656,39.84000015258789,39.904998779296875,227325,0.0,0.0
2023-03-13 12:30:00-04:00,39.904998779296875,40.13999938964844,39.709999084472656,39.82500076293945,224775,0.0,0.0
2023-03-13 13:30:00-04:00,39.84000015258789,40.41999816894531,39.70000076293945,40.244998931884766,164974,0.0,0.0
2023-03-13 14:30:00-04:00,40.244998931884766,40.45000076293945,39.93000030517578,39.9900016784668,250188,0.0,0.0
2023-03-13 15:30:00-04:00,39.9900016784668,40.099998474121094,39.619998931884766,39.72999954223633,469795,0.0,0.0
2023-03-14 09:30:00-04:00,40.7599983215332,41.11000061035156,37.09000015258789,38.5099983215332,728414,0.0,0.0
2023-03-14 10:30:00-04:00,38.47999954223633,38.810001373291016,37.900001525878906,38.564998626708984,517776,0.0,0.0
2023-03-14 11:30:00-04:00,38.56999969482422,39.064998626708984,37.52000045776367,37.65999984741211,409314,0.0,0.0
2023-03-14 12:30:00-04:00,37.65999984741211,38.27000045776367,37.61000061035156,38.154998779296875,329886,0.0,0.0
2023-03-14 13:30:00-04:00,38.13999938964844,38.45000076293945,37.88999938964844,38.2599983215332,271852,0.0,0.0
2023-03-14 14:30:00-04:00,38.279998779296875,38.40999984741211,37.560001373291016,37.7400016784668,678902,0.0,0.0
2023-03-14 15:30:00-04:00,37.75,38.34000015258789,37.709999084472656,38.34000015258789,912291,0.0,0.0
2023-03-15 09:30:00-04:00,43.279998779296875,45.261600494384766,41.970001220703125,44.619998931884766,2117627,0.0,0.0
2023-03-15 10:30:00-04:00,44.560001373291016,44.900001525878906,43.22999954223633,44.27000045776367,1064008,0.0,0.0
2023-03-15 11:30:00-04:00,44.2599983215332,44.529998779296875,43.63999938964844,43.85499954223633,586035,0.0,0.0
2023-03-15 12:30:00-04:00,43.84000015258789,44.83000183105469,43.7400016784668,44.7400016784668,576916,0.0,0.0
2023-03-15 13:30:00-04:00,44.709999084472656,44.84000015258789,43.861698150634766,44.310001373291016,498431,0.0,0.0
2023-03-15 14:30:00-04:00,44.36000061035156,44.9900016784668,44.16999816894531,44.900001525878906,645756,0.0,0.0
2023-03-15 15:30:00-04:00,44.88999938964844,45.16999816894531,44.70000076293945,45.150001525878906,722380,0.0,0.0
2023-03-16 09:30:00-04:00,45.290000915527344,46.130001068115234,43.88999938964844,44.14500045776367,500643,0.0,0.0
2023-03-16 10:30:00-04:00,44.099998474121094,45.220001220703125,43.75,45.02000045776367,374353,0.0,0.0
2023-03-16 11:30:00-04:00,45.029998779296875,45.7400016784668,44.68000030517578,45.369998931884766,417077,0.0,0.0
2023-03-16 12:30:00-04:00,45.36000061035156,45.65999984741211,45.130001068115234,45.33000183105469,279511,0.0,0.0
2023-03-16 13:30:00-04:00,45.349998474121094,45.66999816894531,45.125,45.474998474121094,242464,0.0,0.0
2023-03-16 14:30:00-04:00,45.474998474121094,46.59000015258789,45.30500030517578,46.48500061035156,481141,0.0,0.0
2023-03-16 15:30:00-04:00,46.48500061035156,46.52000045776367,45.970001220703125,46.33000183105469,611927,0.0,0.0
2023-03-17 09:30:00-04:00,45.869998931884766,46.7400016784668,45.599998474121094,46.025001525878906,189541,0.0,0.0
2023-03-17 10:30:00-04:00,46.0099983215332,46.13999938964844,45.029998779296875,45.220001220703125,190672,0.0,0.0
2023-03-17 11:30:00-04:00,45.189998626708984,46.189998626708984,45.130001068115234,46.16999816894531,115510,0.0,0.0
2023-03-17 12:30:00-04:00,46.16999816894531,46.400001525878906,45.91999816894531,46.27000045776367,70421,0.0,0.0
2023-03-17 13:30:00-04:00,46.29999923706055,46.77000045776367,46.290000915527344,46.54999923706055,110963,0.0,0.0
2023-03-17 14:30:00-04:00,46.52750015258789,46.83000183105469,46.37730026245117,46.709999084472656,158771,0.0,0.0
2023-03-17 15:30:00-04:00,46.72999954223633,46.72999954223633,46.119998931884766,46.400001525878906,271292,0.0,0.0
2023-03-20 09:30:00-04:00,46.709999084472656,47.349998474121094,46.16999816894531,46.5,259377,0.0,0.0
2023-03-20 10:30:00-04:00,46.529998779296875,46.81999969482422,46.23500061035156,46.400001525878906,104082,0.0,0.0
2023-03-20 11:30:00-04:00,46.39500045776367,46.40999984741211,45.404998779296875,45.56999969482422,81312,0.0,0.0
2023-03-20 12:30:00-04:00,45.59000015258789,45.790000915527344,45.45000076293945,45.595001220703125,73099,0.0,0.0
2023-03-20 13:30:00-04:00,45.564998626708984,46.25,45.564998626708984,46.14500045776367,82891,0.0,0.0
2023-03-20 14:30:00-04:00,46.13999938964844,46.599998474121094,46.06999969482422,46.540000915527344,148270,0.0,0.0
2023-03-20 15:30:00-04:00,46.4900016784668,46.7400016784668,46.38999938964844,46.43000030517578,260375,0.0,0.0
2023-03-21 09:30:00-04:00,46.66999816894531,47.36000061035156,46.459999084472656,46.970001220703125,138806,0.0,0.0
2023-03-21 10:30:00-04:00,46.994998931884766,47.72999954223633,46.83000183105469,47.69499969482422,125457,0.0,0.0
2023-03-21 11:30:00-04:00,47.66999816894531,48.0,47.58000183105469,47.93009948730469,157559,0.0,0.0
2023-03-21 12:30:00-04:00,47.970001220703125,48.040000915527344,47.650001525878906,47.79999923706055,96436,0.0,0.0
2023-03-21 13:30:00-04:00,47.83000183105469,48.27000045776367,47.720001220703125,48.12009811401367,88726,0.0,0.0
2023-03-21 14:30:00-04:00,48.13999938964844,48.400001525878906,48.02000045776367,48.165000915527344,168003,0.0,0.0
2023-03-21 15:30:00-04:00,48.157501220703125,48.36000061035156,47.970001220703125,48.0099983215332,203306,0.0,0.0
2023-03-22 09:30:00-04:00,47.97999954223633,47.97999954223633,46.56999969482422,47.2599983215332,177640,0.0,0.0
2023-03-22 10:30:00-04:00,47.20500183105469,47.2400016784668,46.70000076293945,46.7400016784668,116816,0.0,0.0
2023-03-22 11:30:00-04:00,46.7400016784668,46.869998931884766,46.47999954223633,46.775001525878906,99208,0.0,0.0
2023-03-22 12:30:00-04:00,46.810001373291016,47.27000045776367,46.7400016784668,47.1150016784668,97985,0.0,0.0
2023-03-22 13:30:00-04:00,47.11000061035156,48.540000915527344,47.11000061035156,48.133201599121094,176541,0.0,0.0
2023-03-22 14:30:00-04:00,48.27000045776367,48.845001220703125,47.5968017578125,48.02000045776367,219403,0.0,0.0
2023-03-22 15:30:00-04:00,48.02000045776367,48.02000045776367,46.79999923706055,46.84000015258789,208473,0.0,0.0
2023-03-23 09:30:00-04:00,47.810001373291016,48.849998474121094,47.630001068115234,48.529998779296875,117011,0.0,0.0
2023-03-23 10:30:00-04:00,48.58000183105469,48.9900016784668,48.38999938964844,48.42499923706055,88566,0.0,0.0
2023-03-23 11:30:00-04:00,48.459999084472656,48.72999954223633,48.22999954223633,48.36000061035156,65212,0.0,0.0
2023-03-23 12:30:00-04:00,48.400001525878906,48.43000030517578,48.07749938964844,48.07749938964844,72425,0.0,0.0
2023-03-23 13:30:00-04:00,48.08000183105469,48.27000045776367,47.58000183105469,47.58000183105469,80591,0.0,0.0
2023-03-23 14:30:00-04:00,47.53499984741211,48.040000915527344,47.2223014831543,47.540000915527344,135679,0.0,0.0
2023-03-23 15:30:00-04:00,47.540000915527344,48.08000183105469,47.53499984741211,47.689998626708984,301604,0.0,0.0
2023-03-24 09:30:00-04:00,48.040000915527344,48.2599983215332,47.369998931884766,47.709999084472656,119033,0.0,0.0
2023-03-24 10:30:00-04:00,47.66999816894531,47.76499938964844,46.7599983215332,46.89500045776367,111394,0.0,0.0
2023-03-24 11:30:00-04:00,46.84000015258789,47.25,46.77000045776367,46.97999954223633,70273,0.0,0.0
2023-03-24 12:30:00-04:00,46.9900016784668,47.04999923706055,46.54999923706055,46.84000015258789,70271,0.0,0.0
2023-03-24 13:30:00-04:00,46.845001220703125,47.16999816894531,46.845001220703125,47.13750076293945,65799,0.0,0.0
2023-03-24 14:30:00-04:00,47.18000030517578,47.275001525878906,46.959999084472656,47.209999084472656,82141,0.0,0.0
2023-03-24 15:30:00-04:00,47.209999084472656,47.2599983215332,47.029998779296875,47.15999984741211,187950,0.0,0.0
2023-03-27 09:30:00-04:00,47.150001525878906,47.5,46.58000183105469,47.08000183105469,111840,0.0,0.0
2023-03-27 10:30:00-04:00,47.04999923706055,47.04999923706055,46.36000061035156,46.470001220703125,124521,0.0,0.0
2023-03-27 11:30:00-04:00,46.48500061035156,46.77000045776367,46.13999938964844,46.71500015258789,93018,0.0,0.0
2023-03-27 12:30:00-04:00,46.7400016784668,46.75,46.470001220703125,46.64500045776367,68869,0.0,0.0
2023-03-27 13:30:00-04:00,46.63999938964844,46.935001373291016,46.6349983215332,46.849998474121094,84465,0.0,0.0
2023-03-27 14:30:00-04:00,46.86000061035156,46.9900016784668,46.76499938964844,46.8849983215332,129939,0.0,0.0
2023-03-27 15:30:00-04:00,46.88999938964844,46.98500061035156,46.599998474121094,46.63999938964844,335862,0.0,0.0
2023-03-28 09:30:00-04:00,46.630001068115234,47.21500015258789,46.400001525878906,46.56999969482422,67781,0.0,0.0
2023-03-28 10:30:00-04:00,46.66999816894531,46.91999816894531,46.61000061035156,46.779998779296875,73288,0.0,0.0
2023-03-28 11:30:00-04:00,46.7599983215332,46.779998779296875,46.369998931884766,46.4900016784668,65359,0.0,0.0
2023-03-28 12:30:00-04:00,46.47999954223633,46.47999954223633,46.18000030517578,46.41999816894531,69539,0.0,0.0
2023-03-28 13:30:00-04:00,46.45000076293945,46.45500183105469,46.08000183105469,46.27000045776367,50710,0.0,0.0
2023-03-28 14:30:00-04:00,46.26499938964844,46.349998474121094,46.119998931884766,46.130001068115234,96328,0.0,0.0
2023-03-28 15:30:00-04:00,46.13999938964844,46.345001220703125,46.040000915527344,46.29999923706055,140190,0.0,0.0
2023-03-29 09:30:00-04:00,46.65999984741211,47.540000915527344,46.369998931884766,47.2599983215332,94584,0.0,0.0
2023-03-29 10:30:00-04:00,47.27000045776367,47.29999923706055,46.56999969482422,46.790000915527344,72570,0.0,0.0
2023-03-29 11:30:00-04:00,46.79499816894531,47.119998931884766,46.77000045776367,47.0,62350,0.0,0.0
2023-03-29 12:30:00-04:00,47.0,47.02000045776367,46.64500045776367,46.880001068115234,59934,0.0,0.0
2023-03-29 13:30:00-04:00,46.88999938964844,47.060001373291016,46.81999969482422,47.0,71934,0.0,0.0
2023-03-29 14:30:00-04:00,47.0099983215332,47.29499816894531,46.939998626708984,46.97999954223633,107651,0.0,0.0
2023-03-29 15:30:00-04:00,46.97999954223633,47.11000061035156,46.85499954223633,46.880001068115234,209623,0.0,0.0
2023-03-30 09:30:00-04:00,47.52000045776367,47.77989959716797,46.82500076293945,47.2400016784668,200156,0.0,0.0
2023-03-30 10:30:00-04:00,47.2400016784668,47.27000045776367,46.7400016784668,46.93000030517578,145213,0.0,0.0
2023-03-30 11:30:00-04:00,46.92499923706055,47.02000045776367,46.68000030517578,46.76499938964844,109118,0.0,0.0
2023-03-30 12:30:00-04:00,46.76499938964844,46.779998779296875,46.529998779296875,46.689998626708984,104661,0.0,0.0
2023-03-30 13:30:00-04:00,46.69499969482422,46.80500030517578,46.5099983215332,46.76499938964844,122842,0.0,0.0
2023-03-30 14:30:00-04:00,46.76499938964844,46.86000061035156,46.60499954223633,46.654998779296875,130282,0.0,0.0
2023-03-30 15:30:00-04:00,46.654998779296875,46.7400016784668,46.474998474121094,46.599998474121094,279543,0.0,0.0
2023-03-31 09:30:00-04:00,46.79999923706055,47.29999923706055,46.01890182495117,47.220001220703125,181521,0.0,0.0
2023-03-31 10:30:00-04:00,47.224998474121094,48.0,47.16999816894531,47.67359924316406,266517,0.0,0.0
2023-03-31 11:30:00-04:00,47.689998626708984,48.01499938964844,47.53499984741211,47.689998626708984,221780,0.0,0.0
2023-03-31 12:30:00-04:00,47.70000076293945,47.8849983215332,47.630001068115234,47.77000045776367,121043,0.0,0.0
2023-03-31 13:30:00-04:00,47.779998779296875,47.849998474121094,47.48500061035156,47.65999984741211,102573,0.0,0.0
2023-03-31 14:30:00-04:00,47.65999984741211,48.0099983215332,47.494998931884766,47.96500015258789,157796,0.0,0.0
2023-03-31 15:30:00-04:00,47.95000076293945,48.0,47.599998474121094,47.790000915527344,273616,0.0,0.0
2023-04-03 09:30:00-04:00,47.04999923706055,47.540000915527344,46.5,47.349998474121094,131082,0.0,0.0
2023-04-03 10:30:00-04:00,47.380001068115234,47.599998474121094,46.59669876098633,46.93000030517578,155196,0.0,0.0
2023-04-03 11:30:00-04:00,46.90999984741211,47.40999984741211,46.77389907836914,47.04999923706055,163021,0.0,0.0
2023-04-03 12:30:00-04:00,47.04309844970703,47.119998931884766,46.52000045776367,46.540000915527344,87920,0.0,0.0
2023-04-03 13:30:00-04:00,46.540000915527344,46.779998779296875,46.349998474121094,46.560001373291016,127714,0.0,0.0
2023-04-03 14:30:00-04:00,46.564998626708984,46.9453010559082,46.560001373291016,46.9453010559082,109948,0.0,0.0
2023-04-03 15:30:00-04:00,46.95000076293945,47.25,46.91999816894531,47.0099983215332,233362,0.0,0.0
2023-04-04 09:30:00-04:00,47.11000061035156,48.119998931884766,46.790000915527344,47.790000915527344,198742,0.0,0.0
2023-04-04 10:30:00-04:00,47.79999923706055,47.79999923706055,47.0,47.29999923706055,92999,0.0,0.0
2023-04-04 11:30:00-04:00,47.29999923706055,47.560001373291016,47.119998931884766,47.547298431396484,66578,0.0,0.0
2023-04-04 12:30:00-04:00,47.56999969482422,47.880001068115234,47.560001373291016,47.68000030517578,85336,0.0,0.0
2023-04-04 13:30:00-04:00,47.66999816894531,47.79999923706055,47.529998779296875,47.53499984741211,97227,0.0,0.0
2023-04-04 14:30:00-04:00,47.53499984741211,47.77000045776367,47.41999816894531,47.63999938964844,111621,0.0,0.0
2023-04-04 15:30:00-04:00,47.61000061035156,47.849998474121094,47.459999084472656,47.790000915527344,236322,0.0,0.0
2023-04-05 09:30:00-04:00,47.22999954223633,47.72999954223633,46.080101013183594,46.15999984741211,139312,0.0,0.0
2023-04-05 10:30:00-04:00,46.119998931884766,46.2599983215332,45.03329849243164,45.255001068115234,297700,0.0,0.0
2023-04-05 11:30:00-04:00,45.25669860839844,45.45500183105469,45.13999938964844,45.290000915527344,131247,0.0,0.0
2023-04-05 12:30:00-04:00,45.29499816894531,45.404998779296875,45.130001068115234,45.15999984741211,98255,0.0,0.0
2023-04-05 13:30:00-04:00,45.16999816894531,45.41999816894531,45.16999816894531,45.224998474121094,87525,0.0,0.0
2023-04-05 14:30:00-04:00,45.2400016784668,45.61000061035156,45.16999816894531,45.529998779296875,202775,0.0,0.0
2023-04-05 15:30:00-04:00,45.529998779296875,46.0,45.4900016784668,46.0,409459,0.0,0.0
2023-04-06 09:30:00-04:00,45.5099983215332,45.52000045776367,44.68000030517578,45.130001068115234,89933,0.0,0.0
2023-04-06 10:30:00-04:00,45.130001068115234,45.45000076293945,44.93000030517578,45.27000045776367,81535,0.0,0.0
2023-04-06 11:30:00-04:00,45.2599983215332,45.709999084472656,45.209999084472656,45.61000061035156,49839,0.0,0.0
2023-04-06 12:30:00-04:00,45.650001525878906,45.77000045776367,45.45000076293945,45.45000076293945,109867,0.0,0.0
2023-04-06 13:30:00-04:00,45.41999816894531,45.525001525878906,45.330101013183594,45.380001068115234,75857,0.0,0.0
2023-04-06 14:30:00-04:00,45.39500045776367,45.39500045776367,45.064998626708984,45.34000015258789,70656,0.0,0.0
2023-04-06 15:30:00-04:00,45.310001373291016,45.54999923706055,45.29999923706055,45.400001525878906,145828,0.0,0.0
2023-04-10 09:30:00-04:00,44.63999938964844,45.189998626708984,44.03499984741211,44.994998931884766,119658,0.0,0.0
2023-04-10 10:30:00-04:00,45.02000045776367,45.150001525878906,44.779998779296875,44.880001068115234,74997,0.0,0.0
2023-04-10 11:30:00-04:00,44.90999984741211,44.970001220703125,44.34000015258789,44.86000061035156,81462,0.0,0.0
2023-04-10 12:30:00-04:00,44.86000061035156,45.66999816894531,44.86000061035156,45.63999938964844,83238,0.0,0.0
2023-04-10 13:30:00-04:00,45.68000030517578,45.689998626708984,45.15999984741211,45.48160171508789,75743,0.0,0.0
2023-04-10 14:30:00-04:00,45.52000045776367,45.790000915527344,45.5,45.70000076293945,95592,0.0,0.0
2023-04-10 15:30:00-04:00,45.709999084472656,45.90999984741211,45.68000030517578,45.849998474121094,191455,0.0,0.0
2023-04-11 09:30:00-04:00,45.61000061035156,46.15999984741211,44.970001220703125,45.4900016784668,106732,0.0,0.0
2023-04-11 10:30:00-04:00,45.540000915527344,45.564998626708984,44.290000915527344,44.369998931884766,129412,0.0,0.0
2023-04-11 11:30:00-04:00,44.375,45.029998779296875,44.279998779296875,44.994998931884766,78941,0.0,0.0
2023-04-11 12:30:00-04:00,45.0,45.08000183105469,44.90999984741211,45.08000183105469,46775,0.0,0.0
2023-04-11 13:30:00-04:00,45.084999084472656,45.52000045776367,45.064998626708984,45.52000045776367,60514,0.0,0.0
2023-04-11 14:30:00-04:00,45.529998779296875,45.790000915527344,45.459999084472656,45.7400016784668,70621,0.0,0.0
2023-04-11 15:30:00-04:00,45.724998474121094,45.724998474121094,45.36000061035156,45.400001525878906,169184,0.0,0.0
2023-04-12 09:30:00-04:00,46.470001220703125,46.970001220703125,45.20000076293945,46.259300231933594,126979,0.0,0.0
2023-04-12 10:30:00-04:00,46.27000045776367,46.31999969482422,45.025001525878906,45.470001220703125,131614,0.0,0.0
2023-04-12 11:30:00-04:00,45.470001220703125,46.150001525878906,45.45000076293945,45.65999984741211,75335,0.0,0.0
2023-04-12 12:30:00-04:00,45.619998931884766,45.689998626708984,45.36000061035156,45.52000045776367,73098,0.0,0.0
2023-04-12 13:30:00-04:00,45.5099983215332,45.5099983215332,45.025001525878906,45.08869934082031,82951,0.0,0.0
2023-04-12 14:30:00-04:00,44.9900016784668,45.150001525878906,44.900001525878906,44.98500061035156,101840,0.0,0.0
2023-04-12 15:30:00-04:00,44.91999816894531,44.91999816894531,44.470001220703125,44.540000915527344,173699,0.0,0.0
2023-04-13 09:30:00-04:00,45.310001373291016,46.20000076293945,45.29999923706055,46.01499938964844,103928,0.0,0.0
2023-04-13 10:30:00-04:00,46.0,46.0,45.689998626708984,45.849998474121094,68707,0.0,0.0
2023-04-13 11:30:00-04:00,45.81999969482422,45.834999084472656,45.4900016784668,45.810001373291016,55868,0.0,0.0
2023-04-13 12:30:00-04:00,45.80350112915039,45.93000030517578,45.68000030517578,45.79499816894531,65801,0.0,0.0
2023-04-13 13:30:00-04:00,45.79999923706055,46.099998474121094,45.709999084472656,45.790000915527344,90787,0.0,0.0
2023-04-13 14:30:00-04:00,45.77000045776367,45.779998779296875,45.43000030517578,45.6150016784668,61875,0.0,0.0
2023-04-13 15:30:00-04:00,45.63999938964844,45.810001373291016,45.470001220703125,45.58000183105469,255268,0.0,0.0
2023-04-14 09:30:00-04:00,44.9900016784668,45.52000045776367,44.540000915527344,44.91999816894531,83611,0.0,0.0
2023-04-14 10:30:00-04:00,44.86000061035156,44.877498626708984,44.27000045776367,44.290000915527344,62501,0.0,0.0
2023-04-14 11:30:00-04:00,44.30500030517578,44.33000183105469,44.060001373291016,44.31999969482422,51213,0.0,0.0
2023-04-14 12:30:00-04:00,44.290000915527344,44.470001220703125,44.02000045776367,44.43000030517578,46164,0.0,0.0
2023-04-14 13:30:00-04:00,44.40999984741211,44.630001068115234,44.33000183105469,44.619998931884766,61051,0.0,0.0
2023-04-14 14:30:00-04:00,44.599998474121094,44.63999938964844,44.28499984741211,44.57500076293945,64405,0.0,0.0
2023-04-14 15:30:00-04:00,44.56999969482422,44.68000030517578,44.439998626708984,44.5,138689,0.0,0.0
2023-04-17 09:30:00-04:00,44.52000045776367,45.02000045776367,44.38999938964844,44.709999084472656,58601,0.0,0.0
2023-04-17 10:30:00-04:00,44.65999984741211,44.75,44.2599983215332,44.439998626708984,66892,0.0,0.0
2023-04-17 11:30:00-04:00,44.40999984741211,44.63999938964844,44.2599983215332,44.54999923706055,60649,0.0,0.0
2023-04-17 12:30:00-04:00,44.56999969482422,44.689998626708984,44.540000915527344,44.540000915527344,39633,0.0,0.0
2023-04-17 13:30:00-04:00,44.540000915527344,44.59000015258789,44.404998779296875,44.470001220703125,46640,0.0,0.0
2023-04-17 14:30:00-04:00,44.47999954223633,44.65999984741211,44.3650016784668,44.652198791503906,57770,0.0,0.0
2023-04-17 15:30:00-04:00,44.650001525878906,44.65999984741211,44.470001220703125,44.48500061035156,94393,0.0,0.0
2023-04-18 09:30:00-04:00,45.2400016784668,45.4900016784668,44.650001525878906,44.880001068115234,97196,0.0,0.0
2023-04-18 10:30:00-04:00,44.86000061035156,45.005001068115234,44.29999923706055,44.369998931884766,75078,0.0,0.0
2023-04-18 11:30:00-04:00,44.369998931884766,44.474998474121094,44.099998474121094,44.40999984741211,74975,0.0,0.0
2023-04-18 12:30:00-04:00,44.41999816894531,44.41999816894531,44.15999984741211,44.345001220703125,87309,0.0,0.0
2023-04-18 13:30:00-04:00,44.33000183105469,44.61000061035156,44.279998779296875,44.61000061035156,68630,0.0,0.0
2023-04-18 14:30:00-04:00,44.599998474121094,44.65999984741211,44.375,44.47999954223633,93842,0.0,0.0
2023-04-18 15:30:00-04:00,44.470001220703125,44.65999984741211,44.470001220703125,44.540000915527344,183097,0.0,0.0
2023-04-19 09:30:00-04:00,44.060001373291016,44.470001220703125,43.619998931884766,43.779998779296875,101635,0.0,0.0
2023-04-19 10:30:00-04:00,43.790000915527344,44.0099983215332,43.66999816894531,43.869998931884766,62624,0.0,0.0
2023-04-19 11:30:00-04:00,43.90999984741211,44.2599983215332,43.869998931884766,44.20000076293945,40765,0.0,0.0
2023-04-19 12:30:00-04:00,44.209999084472656,44.292598724365234,44.06999969482422,44.16999816894531,30815,0.0,0.0
2023-04-19 13:30:00-04:00,44.189998626708984,44.209999084472656,43.61000061035156,43.77880096435547,64250,0.0,0.0
2023-04-19 14:30:00-04:00,43.82500076293945,44.0099983215332,43.810001373291016,43.93000030517578,67163,0.0,0.0
2023-04-19 15:30:00-04:00,43.935001373291016,44.04999923706055,43.70000076293945,43.959999084472656,149762,0.0,0.0
2023-04-20 09:30:00-04:00,43.25,44.11000061035156,43.029998779296875,44.0099983215332,51665,0.0,0.0
2023-04-20 10:30:00-04:00,43.939998626708984,44.09000015258789,43.5099983215332,43.650001525878906,89058,0.0,0.0
2023-04-20 11:30:00-04:00,43.61899948120117,43.810001373291016,43.47999954223633,43.650001525878906,43854,0.0,0.0
2023-04-20 12:30:00-04:00,43.65999984741211,44.0,43.650001525878906,43.959999084472656,43349,0.0,0.0
2023-04-20 13:30:00-04:00,43.959999084472656,43.959999084472656,43.630001068115234,43.70000076293945,60204,0.0,0.0
2023-04-20 14:30:00-04:00,43.689998626708984,43.84000015258789,43.52000045776367,43.630001068115234,95327,0.0,0.0
2023-04-20 15:30:00-04:00,43.630001068115234,43.709999084472656,43.57500076293945,43.66999816894531,146680,0.0,0.0
2023-04-21 09:30:00-04:00,43.689998626708984,43.77000045776367,43.0,43.13999938964844,62298,0.0,0.0
2023-04-21 10:30:00-04:00,43.119998931884766,43.27000045776367,42.869998931884766,43.09000015258789,44188,0.0,0.0
2023-04-21 11:30:00-04:00,43.130001068115234,43.31999969482422,43.06999969482422,43.220001220703125,68562,0.0,0.0
2023-04-21 12:30:00-04:00,43.20000076293945,43.29999923706055,43.06999969482422,43.10499954223633,53192,0.0,0.0
2023-04-21 13:30:00-04:00,43.09000015258789,43.61000061035156,43.09000015258789,43.529998779296875,70924,0.0,0.0
2023-04-21 14:30:00-04:00,43.560001373291016,43.65999984741211,43.2599983215332,43.380001068115234,70876,0.0,0.0
2023-04-21 15:30:00-04:00,43.380001068115234,43.560001373291016,43.375,43.54499816894531,141491,0.0,0.0
2023-04-24 09:30:00-04:00,43.189998626708984,43.56999969482422,42.630001068115234,42.630001068115234,65053,0.0,0.0
2023-04-24 10:30:00-04:00,42.65999984741211,42.709999084472656,41.959999084472656,42.0,144387,0.0,0.0
2023-04-24 11:30:00-04:00,42.02000045776367,42.15999984741211,41.790000915527344,42.029998779296875,96536,0.0,0.0
2023-04-24 12:30:00-04:00,42.029998779296875,42.06999969482422,41.790000915527344,41.849998474121094,73787,0.0,0.0
2023-04-24 13:30:00-04:00,41.84000015258789,42.209999084472656,41.83000183105469,42.060001373291016,137087,0.0,0.0
2023-04-24 14:30:00-04:00,42.04999923706055,42.15999984741211,41.92499923706055,42.040000915527344,89740,0.0,0.0
2023-04-24 15:30:00-04:00,42.029998779296875,42.220001220703125,42.029998779296875,42.220001220703125,172059,0.0,0.0
2023-04-25 09:30:00-04:00,41.79999923706055,41.79999923706055,41.38140106201172,41.41999816894531,116333,0.0,0.0
2023-04-25 10:30:00-04:00,41.41999816894531,41.59000015258789,41.27000045776367,41.349998474121094,182076,0.0,0.0
2023-04-25 11:30:00-04:00,41.349998474121094,41.369998931884766,40.970001220703125,41.04499816894531,90284,0.0,0.0
2023-04-25 12:30:00-04:00,40.9900016784668,41.0099983215332,40.560001373291016,40.939998626708984,117455,0.0,0.0
2023-04-25 13:30:00-04:00,40.900001525878906,40.95000076293945,40.75,40.900001525878906,88356,0.0,0.0
2023-04-25 14:30:00-04:00,40.88999938964844,41.025001525878906,40.77000045776367,40.880001068115234,133098,0.0,0.0
2023-04-25 15:30:00-04:00,40.869998931884766,40.95000076293945,40.7599983215332,40.810001373291016,264828,0.0,0.0
2023-04-26 09:30:00-04:00,41.54999923706055,41.95000076293945,41.31999969482422,41.45500183105469,149618,0.0,0.0
2023-04-26 10:30:00-04:00,41.45000076293945,41.58000183105469,41.349998474121094,41.4900016784668,200674,0.0,0.0
2023-04-26 11:30:00-04:00,41.48500061035156,42.06999969482422,41.48500061035156,41.56999969482422,62978,0.0,0.0
2023-04-26 12:30:00-04:00,41.592098236083984,41.619998931884766,41.45000076293945,41.5,70972,0.0,0.0
2023-04-26 13:30:00-04:00,41.5,41.54999923706055,41.310001373291016,41.369998931884766,73672,0.0,0.0
2023-04-26 14:30:00-04:00,41.349998474121094,41.38999938964844,41.08000183105469,41.26499938964844,155247,0.0,0.0
2023-04-26 15:30:00-04:00,41.2599983215332,41.310001373291016,40.88999938964844,41.005001068115234,172314,0.0,0.0
2023-04-27 09:30:00-04:00,41.470001220703125,41.630001068115234,41.04999923706055,41.35499954223633,44878,0.0,0.0
2023-04-27 10:30:00-04:00,41.31999969482422,41.34000015258789,40.720001220703125,41.119998931884766,99244,0.0,0.0
2023-04-27 11:30:00-04:00,41.119998931884766,41.540000915527344,40.849998474121094,41.540000915527344,107639,0.0,0.0
2023-04-27 12:30:00-04:00,41.52000045776367,41.720001220703125,41.45000076293945,41.5099983215332,93688,0.0,0.0
2023-04-27 13:30:00-04:00,41.52000045776367,41.61000061035156,41.369998931884766,41.42499923706055,84039,0.0,0.0
2023-04-27 14:30:00-04:00,41.40999984741211,41.47999954223633,41.150001525878906,41.18000030517578,84939,0.0,0.0
2023-04-27 15:30:00-04:00,41.18000030517578,41.189998626708984,40.88999938964844,41.060001373291016,232399,0.0,0.0
2023-04-28 09:30:00-04:00,40.290000915527344,40.650001525878906,38.970001220703125,39.849998474121094,325884,0.0,0.0
2023-04-28 10:30:00-04:00,39.880001068115234,40.0099983215332,39.470001220703125,39.845001220703125,129560,0.0,0.0
2023-04-28 11:30:00-04:00,39.86000061035156,40.380001068115234,39.86000061035156,40.290000915527344,98497,0.0,0.0
2023-04-28 12:30:00-04:00,40.310001373291016,40.56999969482422,40.20000076293945,40.56999969482422,66853,0.0,0.0
2023-04-28 13:30:00-04:00,40.53499984741211,40.619998931884766,40.380001068115234,40.44499969482422,82122,0.0,0.0
2023-04-28 14:30:00-04:00,40.45000076293945,40.720001220703125,40.28499984741211,40.28499984741211,115643,0.0,0.0
2023-04-28 15:30:00-04:00,40.290000915527344,40.95000076293945,40.20000076293945,40.81999969482422,402711,0.0,0.0
2023-05-01 09:30:00-04:00,40.470001220703125,41.0098991394043,40.290000915527344,40.53329849243164,160080,0.0,0.0
2023-05-01 10:30:00-04:00,40.540000915527344,41.20000076293945,40.30500030517578,40.33000183105469,148334,0.0,0.0
2023-05-01 11:30:00-04:00,40.345001220703125,40.79999923706055,40.31999969482422,40.75,95322,0.0,0.0
2023-05-01 12:30:00-04:00,40.72999954223633,41.13999938964844,40.720001220703125,40.9900016784668,79218,0.0,0.0
2023-05-01 13:30:00-04:00,41.0099983215332,41.029998779296875,40.63999938964844,40.65999984741211,130365,0.0,0.0
2023-05-01 14:30:00-04:00,40.66899871826172,40.93000030517578,40.630001068115234,40.775001525878906,125432,0.0,0.0
2023-05-01 15:30:00-04:00,40.790000915527344,40.91999816894531,40.63999938964844,40.720001220703125,213858,0.0,0.0
2023-05-02 09:30:00-04:00,40.72999954223633,40.81999969482422,39.61000061035156,39.619998931884766,93128,0.0,0.0
2023-05-02 10:30:00-04:00,39.619998931884766,39.654998779296875,39.09000015258789,39.11000061035156,93338,0.0,0.0
2023-05-02 11:30:00-04:00,39.099998474121094,39.40999984741211,39.029998779296875,39.375,78097,0.0,0.0
2023-05-02 12:30:00-04:00,39.38999938964844,39.41999816894531,39.220001220703125,39.27000045776367,73972,0.0,0.0
2023-05-02 13:30:00-04:00,39.27000045776367,39.61000061035156,39.209999084472656,39.54999923706055,84757,0.0,0.0
2023-05-02 14:30:00-04:00,39.59000015258789,39.65999984741211,39.439998626708984,39.58000183105469,117353,0.0,0.0
2023-05-02 15:30:00-04:00,39.56999969482422,39.630001068115234,39.45000076293945,39.540000915527344,158869,0.0,0.0
2023-05-03 09:30:00-04:00,39.0099983215332,39.95000076293945,38.90999984741211,39.119998931884766,281790,0.0,0.0
2023-05-03 10:30:00-04:00,39.10499954223633,39.81999969482422,39.10499954223633,39.79999923706055,137924,0.0,0.0
2023-05-03 11:30:00-04:00,39.810001373291016,39.810001373291016,39.15999984741211,39.220001220703125,72117,0.0,0.0
2023-05-03 12:30:00-04:00,39.189998626708984,39.40999984741211,39.15999984741211,39.404998779296875,83990,0.0,0.0
2023-05-03 13:30:00-04:00,39.36000061035156,39.849998474121094,39.189998626708984,39.720001220703125,116636,0.0,0.0
2023-05-03 14:30:00-04:00,39.73500061035156,40.20000076293945,39.189998626708984,39.3849983215332,164724,0.0,0.0
2023-05-03 15:30:00-04:00,39.3650016784668,39.404998779296875,39.130001068115234,39.18000030517578,226758,0.0,0.0
2023-05-04 09:30:00-04:00,39.66999816894531,39.93000030517578,38.95000076293945,38.95000076293945,156509,0.0,0.0
2023-05-04 10:30:00-04:00,38.959999084472656,39.560001373291016,38.84000015258789,39.22999954223633,86553,0.0,0.0
2023-05-04 11:30:00-04:00,39.20000076293945,39.2599983215332,38.810001373291016,38.9900016784668,101214,0.0,0.0
2023-05-04 12:30:00-04:00,39.02000045776367,39.08000183105469,38.75,39.08000183105469,99194,0.0,0.0
2023-05-04 13:30:00-04:00,39.11000061035156,39.26499938964844,39.0,39.025001525878906,64178,0.0,0.0
2023-05-04 14:30:00-04:00,39.02000045776367,39.119998931884766,38.91999816894531,39.005001068115234,75565,0.0,0.0
2023-05-04 15:30:00-04:00,39.005001068115234,39.31999969482422,38.95000076293945,39.27000045776367,207422,0.0,0.0
2023-05-05 09:30:00-04:00,39.54999923706055,39.959999084472656,39.220001220703125,39.59000015258789,0,0.0,0.0
2023-05-05 10:30:00-04:00,39.619998931884766,40.02000045776367,39.560001373291016,39.86000061035156,84279,0.0,0.0
2023-05-05 11:30:00-04:00,39.84000015258789,39.84000015258789,39.54999923706055,39.59000015258789,67754,0.0,0.0
2023-05-05 12:30:00-04:00,39.61000061035156,39.63999938964844,39.40010070800781,39.5099983215332,58554,0.0,0.0
2023-05-05 13:30:00-04:00,39.5099983215332,39.54999923706055,39.06999969482422,39.220001220703125,63517,0.0,0.0
2023-05-05 14:30:00-04:00,39.2400016784668,39.369998931884766,39.05500030517578,39.13999938964844,77816,0.0,0.0
2023-05-05 15:30:00-04:00,39.16999816894531,39.31999969482422,39.060001373291016,39.11000061035156,144404,0.0,0.0
2023-05-08 09:30:00-04:00,39.41999816894531,39.880001068115234,39.150001525878906,39.224998474121094,77511,0.0,0.0
2023-05-08 10:30:00-04:00,39.25,39.52000045776367,39.220001220703125,39.45000076293945,58742,0.0,0.0
2023-05-08 11:30:00-04:00,39.40999984741211,39.779998779296875,39.36000061035156,39.65999984741211,34701,0.0,0.0
2023-05-08 12:30:00-04:00,39.630001068115234,39.779998779296875,39.59000015258789,39.67499923706055,56338,0.0,0.0
2023-05-08 13:30:00-04:00,39.69499969482422,39.790000915527344,39.310001373291016,39.5099983215332,37416,0.0,0.0
2023-05-08 14:30:00-04:00,39.529998779296875,39.939998626708984,39.5099983215332,39.939998626708984,72475,0.0,0.0
2023-05-08 15:30:00-04:00,39.93000030517578,40.130001068115234,39.79999923706055,40.11000061035156,159684,0.0,0.0
2023-05-09 09:30:00-04:00,39.80500030517578,40.619998931884766,39.80500030517578,40.51499938964844,90169,0.0,0.0
2023-05-09 10:30:00-04:00,40.56999969482422,40.650001525878906,40.310001373291016,40.459999084472656,70515,0.0,0.0
2023-05-09 11:30:00-04:00,40.45500183105469,40.810001373291016,40.415000915527344,40.630001068115234,79999,0.0,0.0
2023-05-09 12:30:00-04:00,40.630001068115234,41.09000015258789,40.619998931884766,41.060001373291016,93960,0.0,0.0
2023-05-09 13:30:00-04:00,41.060001373291016,41.17250061035156,41.0099983215332,41.029998779296875,81013,0.0,0.0
2023-05-09 14:30:00-04:00,41.029998779296875,41.16999816894531,40.939998626708984,41.01499938964844,137594,0.0,0.0
2023-05-09 15:30:00-04:00,41.01499938964844,41.130001068115234,40.790000915527344,40.88999938964844,206791,0.0,0.0
2023-05-10 09:30:00-04:00,41.599998474121094,42.20000076293945,41.599998474121094,41.79999923706055,166776,0.0,0.0
2023-05-10 10:30:00-04:00,41.779998779296875,42.064998626708984,41.54999923706055,42.040000915527344,48093,0.0,0.0
2023-05-10 11:30:00-04:00,42.11000061035156,42.13999938964844,41.689998626708984,42.10499954223633,66461,0.0,0.0
2023-05-10 12:30:00-04:00,42.10749816894531,42.2400016784668,41.790000915527344,41.790000915527344,93188,0.0,0.0
2023-05-10 13:30:00-04:00,41.77000045776367,42.040000915527344,41.75,41.81999969482422,82499,0.0,0.0
2023-05-10 14:30:00-04:00,41.779998779296875,41.97999954223633,41.6150016784668,41.779998779296875,118402,0.0,0.0
2023-05-10 15:30:00-04:00,41.7599983215332,41.82500076293945,41.45000076293945,41.47999954223633,159910,0.0,0.0
2023-05-11 09:30:00-04:00,41.310001373291016,41.439998626708984,41.064998626708984,41.2599983215332,86575,0.0,0.0
2023-05-11 10:30:00-04:00,41.255001068115234,41.369998931884766,41.01499938964844,41.310001373291016,73274,0.0,0.0
2023-05-11 11:30:00-04:00,41.31999969482422,41.38999938964844,41.05500030517578,41.22999954223633,46866,0.0,0.0
2023-05-11 12:30:00-04:00,41.27000045776367,41.314998626708984,41.14500045776367,41.220001220703125,50833,0.0,0.0
2023-05-11 13:30:00-04:00,41.189998626708984,41.20000076293945,40.900001525878906,41.05500030517578,45575,0.0,0.0
2023-05-11 14:30:00-04:00,41.08000183105469,41.22999954223633,41.040000915527344,41.08000183105469,66607,0.0,0.0
2023-05-11 15:30:00-04:00,41.08000183105469,41.08000183105469,40.869998931884766,41.0099983215332,138906,0.0,0.0
2023-05-12 09:30:00-04:00,40.810001373291016,41.790000915527344,40.72999954223633,41.564998626708984,156646,0.0,0.0
2023-05-12 10:30:00-04:00,41.564998626708984,42.15999984741211,41.39500045776367,42.02000045776367,178277,0.0,0.0
2023-05-12 11:30:00-04:00,41.994998931884766,42.07500076293945,41.505001068115234,41.540000915527344,96400,0.0,0.0
2023-05-12 12:30:00-04:00,41.540000915527344,41.66999816894531,41.09000015258789,41.56999969482422,119272,0.0,0.0
2023-05-12 13:30:00-04:00,41.58000183105469,41.77000045776367,41.34000015258789,41.375,124206,0.0,0.0
2023-05-12 14:30:00-04:00,41.34000015258789,41.43000030517578,41.119998931884766,41.13999938964844,178217,0.0,0.0
2023-05-12 15:30:00-04:00,41.13999938964844,41.400001525878906,41.13999938964844,41.33000183105469,345496,0.0,0.0
2023-05-15 09:30:00-04:00,41.97999954223633,43.7400016784668,41.66999816894531,43.31999969482422,263104,0.0,0.0
2023-05-15 10:30:00-04:00,43.34000015258789,44.720001220703125,43.33000183105469,44.630001068115234,184031,0.0,0.0
2023-05-15 11:30:00-04:00,44.59000015258789,44.91999816894531,44.470001220703125,44.654998779296875,164934,0.0,0.0
2023-05-15 12:30:00-04:00,44.64500045776367,45.34000015258789,44.5,45.32500076293945,226520,0.0,0.0
2023-05-15 13:30:00-04:00,45.34000015258789,46.04560089111328,45.279998779296875,45.345001220703125,447107,0.0,0.0
2023-05-15 14:30:00-04:00,45.345001220703125,45.3849983215332,44.84000015258789,45.025001525878906,279225,0.0,0.0
2023-05-15 15:30:00-04:00,45.025001525878906,45.060001373291016,44.88999938964844,45.0,404549,0.0,0.0
2023-05-16 09:30:00-04:00,44.310001373291016,44.880001068115234,44.150001525878906,44.46500015258789,113390,0.0,0.0
2023-05-16 10:30:00-04:00,44.46500015258789,44.7400016784668,44.15999984741211,44.25,89015,0.0,0.0
2023-05-16 11:30:00-04:00,44.290000915527344,44.310001373291016,43.939998626708984,44.13999938964844,89489,0.0,0.0
2023-05-16 12:30:00-04:00,44.095001220703125,44.22999954223633,43.81999969482422,43.875,81216,0.0,0.0
2023-05-16 13:30:00-04:00,43.849998474121094,44.38999938964844,43.779998779296875,44.375,146628,0.0,0.0
2023-05-16 14:30:00-04:00,44.3650016784668,44.38999938964844,44.17499923706055,44.25,138631,0.0,0.0
2023-05-16 15:30:00-04:00,44.26499938964844,44.310001373291016,44.0,44.119998931884766,217110,0.0,0.0
2023-05-17 09:30:00-04:00,44.41999816894531,44.59000015258789,43.70000076293945,43.970001220703125,123664,0.0,0.0
2023-05-17 10:30:00-04:00,43.98500061035156,44.349998474121094,43.970001220703125,44.34000015258789,168092,0.0,0.0
2023-05-17 11:30:00-04:00,44.34000015258789,44.540000915527344,44.25,44.41999816894531,189266,0.0,0.0
2023-05-17 12:30:00-04:00,44.41999816894531,45.04999923706055,44.41999816894531,44.9900016784668,124468,0.0,0.0
2023-05-17 13:30:00-04:00,44.970001220703125,45.45000076293945,44.849998474121094,45.42499923706055,170605,0.0,0.0
2023-05-17 14:30:00-04:00,45.439998626708984,45.939998626708984,45.369998931884766,45.650001525878906,164788,0.0,0.0
2023-05-17 15:30:00-04:00,45.63999938964844,46.0,45.630001068115234,45.974998474121094,247206,0.0,0.0
2023-05-18 09:30:00-04:00,46.150001525878906,46.75,45.66999816894531,46.744998931884766,190210,0.0,0.0
2023-05-18 10:30:00-04:00,46.744998931884766,46.97990036010742,46.439998626708984,46.810001373291016,140159,0.0,0.0
2023-05-18 11:30:00-04:00,46.790000915527344,47.27000045776367,46.58000183105469,46.69499969482422,125726,0.0,0.0
2023-05-18 12:30:00-04:00,46.720001220703125,46.82500076293945,46.5,46.59000015258789,114467,0.0,0.0
2023-05-18 13:30:00-04:00,46.58000183105469,46.84000015258789,46.414798736572266,46.810001373291016,72338,0.0,0.0
2023-05-18 14:30:00-04:00,46.79999923706055,47.41999816894531,46.790000915527344,47.40999984741211,149257,0.0,0.0
2023-05-18 15:30:00-04:00,47.41999816894531,47.790000915527344,47.380001068115234,47.599998474121094,318222,0.0,0.0
2023-05-19 09:30:00-04:00,47.25,47.665000915527344,47.06999969482422,47.400001525878906,78724,0.0,0.0
2023-05-19 10:30:00-04:00,47.41999816894531,47.49150085449219,47.06999969482422,47.31999969482422,164816,0.0,0.0
2023-05-19 11:30:00-04:00,47.29999923706055,47.56999969482422,47.154998779296875,47.369998931884766,95848,0.0,0.0
2023-05-19 12:30:00-04:00,47.36000061035156,47.36000061035156,46.9900016784668,47.09000015258789,84592,0.0,0.0
2023-05-19 13:30:00-04:00,47.119998931884766,47.2400016784668,46.93000030517578,47.040000915527344,60251,0.0,0.0
2023-05-19 14:30:00-04:00,47.025001525878906,47.06999969482422,46.790000915527344,47.040000915527344,102582,0.0,0.0
2023-05-19 15:30:00-04:00,47.060001373291016,47.084999084472656,46.810001373291016,46.83000183105469,201636,0.0,0.0
2023-05-22 09:30:00-04:00,46.95000076293945,48.70000076293945,46.6150016784668,48.41999816894531,183466,0.0,0.0
2023-05-22 10:30:00-04:00,48.41999816894531,48.63999938964844,48.04999923706055,48.34000015258789,206400,0.0,0.0
2023-05-22 11:30:00-04:00,48.36000061035156,48.439998626708984,47.830101013183594,47.849998474121094,230605,0.0,0.0
2023-05-22 12:30:00-04:00,47.849998474121094,48.04999923706055,47.79999923706055,48.0,86799,0.0,0.0
2023-05-22 13:30:00-04:00,48.005001068115234,48.06999969482422,47.57059860229492,47.68000030517578,88950,0.0,0.0
2023-05-22 14:30:00-04:00,47.689998626708984,47.88999938964844,47.439998626708984,47.46500015258789,206719,0.0,0.0
2023-05-22 15:30:00-04:00,47.47999954223633,47.599998474121094,47.310001373291016,47.599998474121094,330361,0.0,0.0
2023-05-23 09:30:00-04:00,47.41999816894531,48.0099983215332,47.41999816894531,47.84000015258789,209518,0.0,0.0
2023-05-23 10:30:00-04:00,47.880001068115234,48.099998474121094,47.7400016784668,47.9900016784668,159058,0.0,0.0
2023-05-23 11:30:00-04:00,47.9723014831543,48.25,47.415000915527344,47.470001220703125,79272,0.0,0.0
2023-05-23 12:30:00-04:00,47.439998626708984,47.5099983215332,47.0,47.20000076293945,66140,0.0,0.0
2023-05-23 13:30:00-04:00,47.150001525878906,47.45000076293945,46.83000183105469,46.91999816894531,80600,0.0,0.0
2023-05-23 14:30:00-04:00,46.93000030517578,46.9900016784668,46.59000015258789,46.619998931884766,107022,0.0,0.0
2023-05-23 15:30:00-04:00,46.619998931884766,46.70000076293945,46.540000915527344,46.54999923706055,172318,0.0,0.0
2023-05-24 09:30:00-04:00,46.0,47.1531982421875,45.790000915527344,46.83000183105469,75665,0.0,0.0
2023-05-24 10:30:00-04:00,46.81999969482422,47.36000061035156,46.814998626708984,47.11000061035156,77189,0.0,0.0
2023-05-24 11:30:00-04:00,47.130001068115234,47.349998474121094,46.95000076293945,47.27000045776367,40477,0.0,0.0
2023-05-24 12:30:00-04:00,47.2599983215332,47.31489944458008,46.970001220703125,47.189998626708984,41158,0.0,0.0
2023-05-24 13:30:00-04:00,47.185001373291016,47.47999954223633,47.185001373291016,47.31999969482422,45167,0.0,0.0
2023-05-24 14:30:00-04:00,47.36000061035156,47.650001525878906,47.349998474121094,47.650001525878906,68908,0.0,0.0
2023-05-24 15:30:00-04:00,47.64500045776367,47.75,47.38999938964844,47.40999984741211,170376,0.0,0.0
2023-05-25 09:30:00-04:00,48.20000076293945,48.43000030517578,46.90999984741211,47.16320037841797,153292,0.0,0.0
2023-05-25 10:30:00-04:00,47.20000076293945,47.595001220703125,46.935001373291016,47.209999084472656,473730,0.0,0.0
2023-05-25 11:30:00-04:00,47.189998626708984,47.189998626708984,46.71500015258789,46.900001525878906,66112,0.0,0.0
2023-05-25 12:30:00-04:00,46.869998931884766,46.900001525878906,46.290000915527344,46.290000915527344,222526,0.0,0.0
2023-05-25 13:30:00-04:00,46.279998779296875,47.09000015258789,46.130001068115234,46.78499984741211,326071,0.0,0.0
2023-05-25 14:30:00-04:00,46.779998779296875,46.779998779296875,46.209999084472656,46.459999084472656,189950,0.0,0.0
2023-05-25 15:30:00-04:00,46.45000076293945,46.470001220703125,46.029998779296875,46.119998931884766,395141,0.0,0.0
2023-05-26 09:30:00-04:00,46.84000015258789,48.15999984741211,46.47999954223633,48.0,306403,0.0,0.0
2023-05-26 10:30:00-04:00,48.04999923706055,48.349998474121094,47.845001220703125,48.10499954223633,103374,0.0,0.0
2023-05-26 11:30:00-04:00,48.10499954223633,48.883399963378906,48.040000915527344,48.61000061035156,145499,0.0,0.0
2023-05-26 12:30:00-04:00,48.689998626708984,48.849998474121094,48.40999984741211,48.470001220703125,87057,0.0,0.0
2023-05-26 13:30:00-04:00,48.5,48.630001068115234,48.209999084472656,48.404998779296875,113142,0.0,0.0
2023-05-26 14:30:00-04:00,48.41999816894531,48.459999084472656,48.025001525878906,48.025001525878906,96976,0.0,0.0
2023-05-26 15:30:00-04:00,48.025001525878906,48.040000915527344,47.849998474121094,47.849998474121094,217189,0.0,0.0
2023-05-30 09:30:00-04:00,49.29999923706055,49.650001525878906,47.81999969482422,48.029998779296875,218663,0.0,0.0
2023-05-30 10:30:00-04:00,48.029998779296875,48.18989944458008,47.79999923706055,48.005001068115234,133419,0.0,0.0
2023-05-30 11:30:00-04:00,48.005001068115234,48.189998626708984,47.810001373291016,47.810001373291016,94100,0.0,0.0
2023-05-30 12:30:00-04:00,47.779998779296875,47.93000030517578,47.54999923706055,47.79999923706055,110386,0.0,0.0
2023-05-30 13:30:00-04:00,47.79999923706055,48.189998626708984,47.66999816894531,48.029998779296875,103067,0.0,0.0
2023-05-30 14:30:00-04:00,48.0099983215332,48.22999954223633,47.900001525878906,48.189998626708984,123503,0.0,0.0
2023-05-30 15:30:00-04:00,48.185001373291016,48.255001068115234,48.029998779296875,48.060001373291016,160790,0.0,0.0
2023-05-31 09:30:00-04:00,48.119998931884766,49.63999938964844,48.119998931884766,48.36000061035156,127220,0.0,0.0
2023-05-31 10:30:00-04:00,48.334999084472656,48.79999923706055,48.290000915527344,48.40999984741211,90491,0.0,0.0
2023-05-31 11:30:00-04:00,48.40999984741211,48.66999816894531,48.25,48.599998474121094,79463,0.0,0.0
2023-05-31 12:30:00-04:00,48.560001373291016,48.81999969482422,48.38999938964844,48.72999954223633,138559,0.0,0.0
2023-05-31 13:30:00-04:00,48.765201568603516,49.380001068115234,48.765201568603516,49.3650016784668,127570,0.0,0.0
2023-05-31 14:30:00-04:00,49.349998474121094,49.58000183105469,49.21500015258789,49.36000061035156,126093,0.0,0.0
2023-05-31 15:30:00-04:00,49.36000061035156,49.779998779296875,49.36000061035156,49.59000015258789,264864,0.0,0.0
2023-06-01 09:30:00-04:00,48.540000915527344,48.9900016784668,47.79999923706055,48.53499984741211,166027,0.0,0.0
2023-06-01 10:30:00-04:00,48.60219955444336,48.820098876953125,48.279998779296875,48.540000915527344,206857,0.0,0.0
2023-06-01 11:30:00-04:00,48.54999923706055,49.09000015258789,48.46500015258789,48.81999969482422,179726,0.0,0.0
2023-06-01 12:30:00-04:00,48.790000915527344,48.91999816894531,48.5099983215332,48.54499816894531,134280,0.0,0.0
2023-06-01 13:30:00-04:00,48.54499816894531,49.0099983215332,48.52000045776367,48.98500061035156,320126,0.0,0.0
2023-06-01 14:30:00-04:00,48.98500061035156,49.23500061035156,48.86000061035156,48.96500015258789,197006,0.0,0.0
2023-06-01 15:30:00-04:00,48.970001220703125,49.150001525878906,48.81999969482422,49.099998474121094,215972,0.0,0.0
2023-06-02 09:30:00-04:00,49.79999923706055,50.0,48.619998931884766,49.0099983215332,207056,0.0,0.0
2023-06-02 10:30:00-04:00,49.029998779296875,49.209999084472656,48.720001220703125,48.72999954223633,142099,0.0,0.0
2023-06-02 11:30:00-04:00,48.75,48.849998474121094,48.18000030517578,48.209999084472656,141966,0.0,0.0
2023-06-02 12:30:00-04:00,48.22999954223633,48.689998626708984,48.22999954223633,48.439998626708984,105102,0.0,0.0
2023-06-02 13:30:00-04:00,48.43000030517578,48.6239013671875,48.15999984741211,48.400001525878906,124666,0.0,0.0
2023-06-02 14:30:00-04:00,48.404998779296875,48.5,48.2599983215332,48.439998626708984,167066,0.0,0.0
2023-06-02 15:30:00-04:00,48.459999084472656,48.650001525878906,48.400001525878906,48.59000015258789,253319,0.0,0.0
2023-06-05 09:30:00-04:00,48.44499969482422,48.7400016784668,47.78499984741211,48.04999923706055,123356,0.0,0.0
2023-06-05 10:30:00-04:00,48.04999923706055,48.79999923706055,47.97999954223633,48.75,552886,0.0,0.0
2023-06-05 11:30:00-04:00,48.720001220703125,49.79999923706055,48.61000061035156,49.45500183105469,379033,0.0,0.0
2023-06-05 12:30:00-04:00,49.47999954223633,49.599998474121094,49.349998474121094,49.43000030517578,110927,0.0,0.0
2023-06-05 13:30:00-04:00,49.41999816894531,49.54999923706055,49.150001525878906,49.2400016784668,126995,0.0,0.0
2023-06-05 14:30:00-04:00,49.25,49.439998626708984,48.90999984741211,49.29999923706055,206365,0.0,0.0
2023-06-05 15:30:00-04:00,49.27000045776367,49.41999816894531,49.18000030517578,49.29999923706055,259154,0.0,0.0
2023-06-06 09:30:00-04:00,49.18000030517578,52.52000045776367,49.04999923706055,52.20000076293945,522735,0.0,0.0
2023-06-06 10:30:00-04:00,52.150001525878906,52.209999084472656,51.689998626708984,51.939998626708984,348909,0.0,0.0
2023-06-06 11:30:00-04:00,51.900001525878906,52.22999954223633,51.875,52.099998474121094,346214,0.0,0.0
2023-06-06 12:30:00-04:00,52.08000183105469,52.29999923706055,51.88999938964844,52.212501525878906,296791,0.0,0.0
2023-06-06 13:30:00-04:00,52.22999954223633,52.27000045776367,51.900001525878906,52.189998626708984,257679,0.0,0.0
2023-06-06 14:30:00-04:00,52.18000030517578,52.220001220703125,51.95000076293945,52.040000915527344,191552,0.0,0.0
2023-06-06 15:30:00-04:00,52.04999923706055,52.220001220703125,51.59000015258789,51.630001068115234,399986,0.0,0.0
2023-06-07 09:30:00-04:00,51.900001525878906,52.8125,51.529998779296875,51.81999969482422,917777,0.0,0.0
2023-06-07 10:30:00-04:00,51.845001220703125,51.849998474121094,50.400001525878906,50.79999923706055,489869,0.0,0.0
2023-06-07 11:30:00-04:00,50.81999969482422,50.849998474121094,49.369998931884766,49.470001220703125,304971,0.0,0.0
2023-06-07 12:30:00-04:00,49.439998626708984,49.720001220703125,49.0099983215332,49.060001373291016,264917,0.0,0.0
2023-06-07 13:30:00-04:00,49.084999084472656,49.75,48.91999816894531,49.6150016784668,202997,0.0,0.0
2023-06-07 14:30:00-04:00,49.58000183105469,49.584999084472656,49.06999969482422,49.084999084472656,273565,0.0,0.0
2023-06-07 15:30:00-04:00,49.084999084472656,49.15999984741211,48.72119903564453,49.01900100708008,745793,0.0,0.0
2023-06-08 09:30:00-04:00,39.900001525878906,41.5099983215332,38.58000183105469,39.13240051269531,4830174,0.0,0.0
2023-06-08 10:30:00-04:00,39.0900993347168,39.77000045776367,38.68000030517578,39.564998626708984,1613472,0.0,0.0
2023-06-08 11:30:00-04:00,39.51499938964844,40.25,39.40999984741211,39.92940139770508,1256923,0.0,0.0
2023-06-08 12:30:00-04:00,39.89500045776367,39.95000076293945,39.380001068115234,39.7400016784668,726747,0.0,0.0
2023-06-08 13:30:00-04:00,39.755001068115234,40.619998931884766,39.47999954223633,40.5,935708,0.0,0.0
2023-06-08 14:30:00-04:00,40.47999954223633,40.52000045776367,40.15999984741211,40.5099983215332,732257,0.0,0.0
2023-06-08 15:30:00-04:00,40.500099182128906,40.75,40.2599983215332,40.439998626708984,1166010,0.0,0.0
2023-06-09 09:30:00-04:00,40.310001373291016,41.689998626708984,40.209999084472656,40.7599983215332,697705,0.0,0.0
2023-06-09 10:30:00-04:00,40.76499938964844,40.849998474121094,39.6619987487793,39.689998626708984,414838,0.0,0.0
2023-06-09 11:30:00-04:00,39.70000076293945,39.84000015258789,39.20000076293945,39.369998931884766,319167,0.0,0.0
2023-06-09 12:30:00-04:00,39.38999938964844,39.4900016784668,39.140098571777344,39.31010055541992,254918,0.0,0.0
2023-06-09 13:30:00-04:00,39.327999114990234,39.38999938964844,38.88999938964844,39.119998931884766,261312,0.0,0.0
2023-06-09 14:30:00-04:00,39.130001068115234,39.130001068115234,38.714698791503906,38.8307991027832,488871,0.0,0.0
2023-06-09 15:30:00-04:00,38.84000015258789,39.040000915527344,38.65999984741211,38.83000183105469,711653,0.0,0.0
2023-06-12 09:30:00-04:00,39.06999969482422,39.07740020751953,38.25,38.689998626708984,467468,0.0,0.0
2023-06-12 10:30:00-04:00,38.689998626708984,38.779998779296875,38.34000015258789,38.5,301674,0.0,0.0
2023-06-12 11:30:00-04:00,38.52000045776367,39.087398529052734,38.52000045776367,38.79999923706055,305711,0.0,0.0
2023-06-12 12:30:00-04:00,38.79999923706055,39.22999954223633,38.66999816894531,38.66999816894531,288242,0.0,0.0
2023-06-12 13:30:00-04:00,38.709999084472656,38.97999954223633,38.599998474121094,38.7599983215332,199612,0.0,0.0
2023-06-12 14:30:00-04:00,38.7400016784668,38.77000045776367,38.290000915527344,38.41999816894531,307369,0.0,0.0
2023-06-12 15:30:00-04:00,38.40999984741211,38.810001373291016,38.36000061035156,38.58000183105469,555338,0.0,0.0
2023-06-13 09:30:00-04:00,39.209999084472656,39.439998626708984,38.52000045776367,38.869998931884766,488154,0.0,0.0
2023-06-13 10:30:00-04:00,38.875,39.310001373291016,38.72999954223633,39.290000915527344,284432,0.0,0.0
2023-06-13 11:30:00-04:00,39.290000915527344,39.41999816894531,38.93000030517578,39.005001068115234,253893,0.0,0.0
2023-06-13 12:30:00-04:00,38.9900016784668,39.70000076293945,38.88999938964844,39.310001373291016,293639,0.0,0.0
2023-06-13 13:30:00-04:00,39.31999969482422,39.5,38.93000030517578,38.9900016784668,220565,0.0,0.0
2023-06-13 14:30:00-04:00,38.9900016784668,39.290000915527344,38.97999954223633,39.13999938964844,229242,0.0,0.0
2023-06-13 15:30:00-04:00,39.150001525878906,39.369998931884766,39.12120056152344,39.36000061035156,349221,0.0,0.0
2023-06-14 09:30:00-04:00,39.15999984741211,39.619998931884766,38.95000076293945,39.23500061035156,465394,0.0,0.0
2023-06-14 10:30:00-04:00,39.2599983215332,39.88999938964844,39.2599983215332,39.86000061035156,256356,0.0,0.0
2023-06-14 11:30:00-04:00,39.88999938964844,40.63999938964844,39.880001068115234,40.334999084472656,382878,0.0,0.0
2023-06-14 12:30:00-04:00,40.310001373291016,40.59000015258789,40.06999969482422,40.52000045776367,333000,0.0,0.0
2023-06-14 13:30:00-04:00,40.5,40.97999954223633,40.36000061035156,40.59000015258789,683434,0.0,0.0
2023-06-14 14:30:00-04:00,40.560001373291016,40.9900016784668,40.429100036621094,40.459999084472656,705041,0.0,0.0
2023-06-14 15:30:00-04:00,40.41999816894531,41.150001525878906,40.310001373291016,41.1349983215332,692870,0.0,0.0
2023-06-15 09:30:00-04:00,40.689998626708984,42.29999923706055,40.5,41.755001068115234,481716,0.0,0.0
2023-06-15 10:30:00-04:00,41.7599983215332,41.88999938964844,41.470001220703125,41.76499938964844,309871,0.0,0.0
2023-06-15 11:30:00-04:00,41.75,42.220001220703125,41.66999816894531,42.08000183105469,244582,0.0,0.0
2023-06-15 12:30:00-04:00,42.09000015258789,42.97999954223633,41.90999984741211,42.915000915527344,325024,0.0,0.0
2023-06-15 13:30:00-04:00,42.93000030517578,43.06999969482422,42.58000183105469,42.724998474121094,288773,0.0,0.0
2023-06-15 14:30:00-04:00,42.68000030517578,43.31999969482422,42.650001525878906,43.30500030517578,305221,0.0,0.0
2023-06-15 15:30:00-04:00,43.30500030517578,43.470001220703125,42.88999938964844,42.88999938964844,444527,0.0,0.0
2023-06-16 09:30:00-04:00,43.59000015258789,43.959999084472656,42.73500061035156,42.744998931884766,509350,0.0,0.0
2023-06-16 10:30:00-04:00,42.75,42.880001068115234,41.770999908447266,41.88999938964844,240011,0.0,0.0
2023-06-16 11:30:00-04:00,41.88999938964844,41.970001220703125,41.459999084472656,41.845001220703125,232018,0.0,0.0
2023-06-16 12:30:00-04:00,41.869998931884766,41.91999816894531,41.279998779296875,41.40999984741211,185802,0.0,0.0
2023-06-16 13:30:00-04:00,41.39500045776367,41.790000915527344,41.31999969482422,41.3202018737793,203758,0.0,0.0
2023-06-16 14:30:00-04:00,41.31999969482422,41.77000045776367,41.31999969482422,41.66999816894531,233354,0.0,0.0
2023-06-16 15:30:00-04:00,41.65999984741211,42.14500045776367,41.65999984741211,41.9900016784668,372297,0.0,0.0
2023-06-20 09:30:00-04:00,41.220001220703125,41.90999984741211,40.72999954223633,40.72999954223633,255274,0.0,0.0
2023-06-20 10:30:00-04:00,40.72999954223633,40.790000915527344,39.959999084472656,40.220001220703125,354170,0.0,0.0
2023-06-20 11:30:00-04:00,40.2400016784668,40.4900016784668,40.150001525878906,40.47999954223633,188357,0.0,0.0
2023-06-20 12:30:00-04:00,40.470001220703125,40.61000061035156,40.27000045776367,40.3650016784668,122607,0.0,0.0
2023-06-20 13:30:00-04:00,40.380001068115234,40.470001220703125,40.33000183105469,40.43000030517578,128119,0.0,0.0
2023-06-20 14:30:00-04:00,40.42499923706055,40.470001220703125,40.09000015258789,40.44499969482422,178967,0.0,0.0
2023-06-20 15:30:00-04:00,40.44499969482422,40.470001220703125,39.939998626708984,40.0,440165,0.0,0.0
2023-06-21 09:30:00-04:00,39.95000076293945,40.08000183105469,38.52000045776367,38.68000030517578,310921,0.0,0.0
2023-06-21 10:30:00-04:00,38.68000030517578,38.900001525878906,38.06999969482422,38.2599983215332,352347,0.0,0.0
2023-06-21 11:30:00-04:00,38.2400016784668,38.45750045776367,38.06999969482422,38.33000183105469,173404,0.0,0.0
2023-06-21 12:30:00-04:00,38.34120178222656,38.41999816894531,38.13999938964844,38.27000045776367,102364,0.0,0.0
2023-06-21 13:30:00-04:00,38.290000915527344,38.529998779296875,38.18000030517578,38.5,145029,0.0,0.0
2023-06-21 14:30:00-04:00,38.502498626708984,38.61000061035156,38.38999938964844,38.43000030517578,148513,0.0,0.0
2023-06-21 15:30:00-04:00,38.43000030517578,38.459999084472656,37.9900016784668,38.02000045776367,354791,0.0,0.0
2023-06-22 09:30:00-04:00,37.65999984741211,38.18000030517578,37.5,37.880001068115234,210488,0.0,0.0
2023-06-22 10:30:00-04:00,37.93000030517578,38.15999984741211,37.70000076293945,38.0,114600,0.0,0.0
2023-06-22 11:30:00-04:00,37.9900016784668,38.46500015258789,37.91999816894531,38.150001525878906,173876,0.0,0.0
2023-06-22 12:30:00-04:00,38.119998931884766,38.150001525878906,37.849998474121094,37.93000030517578,118463,0.0,0.0
2023-06-22 13:30:00-04:00,37.959999084472656,38.189998626708984,37.88999938964844,38.08000183105469,99110,0.0,0.0
2023-06-22 14:30:00-04:00,38.06999969482422,38.13999938964844,37.88999938964844,37.88999938964844,183322,0.0,0.0
2023-06-22 15:30:00-04:00,37.869998931884766,38.0,37.810001373291016,37.9900016784668,201026,0.0,0.0
2023-06-23 09:30:00-04:00,37.52000045776367,38.17499923706055,37.310001373291016,37.849998474121094,196345,0.0,0.0
2023-06-23 10:30:00-04:00,37.869998931884766,38.27000045776367,37.709999084472656,37.7400016784668,185830,0.0,0.0
2023-06-23 11:30:00-04:00,37.7599983215332,38.099998474121094,37.689998626708984,38.0,161033,0.0,0.0
2023-06-23 12:30:00-04:00,38.0,38.18000030517578,37.970001220703125,38.02000045776367,90360,0.0,0.0
2023-06-23 13:30:00-04:00,38.029998779296875,38.34000015258789,37.90999984741211,38.16999816894531,132294,0.0,0.0
2023-06-23 14:30:00-04:00,38.15999984741211,38.369998931884766,37.930999755859375,38.34000015258789,157991,0.0,0.0
2023-06-23 15:30:00-04:00,38.349998474121094,38.54999923706055,38.22999954223633,38.290000915527344,488538,0.0,0.0
2023-06-26 09:30:00-04:00,38.0,38.9900016784668,37.7400016784668,38.505001068115234,257208,0.0,0.0
2023-06-26 10:30:00-04:00,38.5,38.689998626708984,38.18000030517578,38.40999984741211,216026,0.0,0.0
2023-06-26 11:30:00-04:00,38.38999938964844,38.56999969482422,37.77000045776367,37.775001525878906,135533,0.0,0.0
2023-06-26 12:30:00-04:00,37.78010177612305,38.290000915527344,37.540000915527344,38.220001220703125,190575,0.0,0.0
2023-06-26 13:30:00-04:00,38.220001220703125,38.36000061035156,38.01860046386719,38.2400016784668,144408,0.0,0.0
2023-06-26 14:30:00-04:00,38.22999954223633,38.45000076293945,38.18000030517578,38.33000183105469,187345,0.0,0.0
2023-06-26 15:30:00-04:00,38.349998474121094,38.439998626708984,38.09000015258789,38.20000076293945,323920,0.0,0.0
2023-06-27 09:30:00-04:00,38.810001373291016,38.83000183105469,38.0,38.15999984741211,410037,0.0,0.0
2023-06-27 10:30:00-04:00,38.15999984741211,38.349998474121094,37.83000183105469,38.21500015258789,190271,0.0,0.0
2023-06-27 11:30:00-04:00,38.21500015258789,38.64500045776367,38.20000076293945,38.45000076293945,462877,0.0,0.0
2023-06-27 12:30:00-04:00,38.45000076293945,38.779998779296875,38.279998779296875,38.75,233398,0.0,0.0
2023-06-27 13:30:00-04:00,38.755001068115234,39.29999923706055,38.70000076293945,39.279998779296875,388888,0.0,0.0
2023-06-27 14:30:00-04:00,39.29999923706055,39.36000061035156,39.13999938964844,39.25,221972,0.0,0.0
2023-06-27 15:30:00-04:00,39.2400016784668,39.244998931884766,39.02000045776367,39.029998779296875,377812,0.0,0.0
2023-06-28 09:30:00-04:00,38.959999084472656,39.17499923706055,38.599998474121094,38.86000061035156,189605,0.0,0.0
2023-06-28 10:30:00-04:00,38.810001373291016,39.1349983215332,38.79999923706055,38.869998931884766,191468,0.0,0.0
2023-06-28 11:30:00-04:00,38.869998931884766,39.029998779296875,38.68000030517578,38.71500015258789,130091,0.0,0.0
2023-06-28 12:30:00-04:00,38.709999084472656,38.709999084472656,38.310001373291016,38.529998779296875,142616,0.0,0.0
2023-06-28 13:30:00-04:00,38.529998779296875,38.81999969482422,38.439998626708984,38.79999923706055,192141,0.0,0.0
2023-06-28 14:30:00-04:00,38.79999923706055,38.970001220703125,38.732398986816406,38.83000183105469,185539,0.0,0.0
2023-06-28 15:30:00-04:00,38.83000183105469,38.959999084472656,38.68000030517578,38.93000030517578,276490,0.0,0.0
2023-06-29 09:30:00-04:00,38.72999954223633,38.78499984741211,37.849998474121094,38.25,291296,0.0,0.0
2023-06-29 10:30:00-04:00,38.2599983215332,38.630001068115234,38.17499923706055,38.4900016784668,171405,0.0,0.0
2023-06-29 11:30:00-04:00,38.505001068115234,38.505001068115234,38.01100158691406,38.29499816894531,171336,0.0,0.0
2023-06-29 12:30:00-04:00,38.29999923706055,38.439998626708984,38.16999816894531,38.189998626708984,142436,0.0,0.0
2023-06-29 13:30:00-04:00,38.20000076293945,38.20000076293945,37.529998779296875,37.7599983215332,208419,0.0,0.0
2023-06-29 14:30:00-04:00,37.77000045776367,37.810001373291016,37.52000045776367,37.68000030517578,201639,0.0,0.0
2023-06-29 15:30:00-04:00,37.665000915527344,38.040000915527344,37.665000915527344,38.040000915527344,261077,0.0,0.0
2023-06-30 09:30:00-04:00,38.439998626708984,38.70000076293945,38.14500045776367,38.415000915527344,269732,0.0,0.0
2023-06-30 10:30:00-04:00,38.439998626708984,39.0,38.22999954223633,38.790000915527344,241344,0.0,0.0
2023-06-30 11:30:00-04:00,38.779998779296875,38.779998779296875,38.369998931884766,38.435001373291016,114265,0.0,0.0
2023-06-30 12:30:00-04:00,38.43000030517578,38.505001068115234,38.31999969482422,38.33000183105469,100840,0.0,0.0
2023-06-30 13:30:00-04:00,38.31999969482422,38.459999084472656,38.2599983215332,38.310001373291016,139197,0.0,0.0
2023-06-30 14:30:00-04:00,38.310001373291016,38.33000183105469,38.130001068115234,38.18000030517578,189089,0.0,0.0
2023-06-30 15:30:00-04:00,38.189998626708984,38.290000915527344,38.084999084472656,38.25,389095,0.0,0.0
2023-07-03 09:30:00-04:00,38.5,38.89500045776367,38.20000076293945,38.41999816894531,152871,0.0,0.0
2023-07-03 10:30:00-04:00,38.459999084472656,38.560001373291016,38.10499954223633,38.13999938964844,115648,0.0,0.0
2023-07-03 11:30:00-04:00,38.150001525878906,38.45000076293945,38.084999084472656,38.435001373291016,130429,0.0,0.0
2023-07-05 09:30:00-04:00,38.02000045776367,38.33000183105469,37.77000045776367,37.95000076293945,236619,0.0,0.0
2023-07-05 10:30:00-04:00,37.95000076293945,38.29499816894531,37.81999969482422,37.98500061035156,164956,0.0,0.0
2023-07-05 11:30:00-04:00,37.98500061035156,38.09000015258789,37.880001068115234,38.08000183105469,144531,0.0,0.0
2023-07-05 12:30:00-04:00,38.04999923706055,38.29999923706055,37.97999954223633,38.150001525878906,173752,0.0,0.0
2023-07-05 13:30:00-04:00,38.13999938964844,38.209999084472656,38.0099983215332,38.040000915527344,116024,0.0,0.0
2023-07-05 14:30:00-04:00,38.060001373291016,38.56999969482422,38.060001373291016,38.529998779296875,175238,0.0,0.0
2023-07-05 15:30:00-04:00,38.53499984741211,38.769100189208984,38.5099983215332,38.70009994506836,317713,0.0,0.0
2023-07-06 09:30:00-04:00,37.91999816894531,38.0,37.380001068115234,37.61000061035156,368519,0.0,0.0
2023-07-06 10:30:00-04:00,37.63999938964844,37.810001373291016,37.454898834228516,37.5,211598,0.0,0.0
2023-07-06 11:30:00-04:00,37.52000045776367,37.73500061035156,37.435001373291016,37.73500061035156,151355,0.0,0.0
2023-07-06 12:30:00-04:00,37.75,37.939998626708984,37.619998931884766,37.75,145154,0.0,0.0
2023-07-06 13:30:00-04:00,37.76499938964844,38.10499954223633,37.72999954223633,37.959999084472656,158292,0.0,0.0
2023-07-06 14:30:00-04:00,37.959999084472656,38.36000061035156,37.95800018310547,38.150001525878906,205216,0.0,0.0
2023-07-06 15:30:00-04:00,38.13999938964844,38.22999954223633,38.040000915527344,38.189998626708984,270292,0.0,0.0
2023-07-07 09:30:00-04:00,38.25,38.8849983215332,38.13010025024414,38.310001373291016,97484,0.0,0.0
2023-07-07 10:30:00-04:00,38.29999923706055,38.34000015258789,38.11000061035156,38.119998931884766,94378,0.0,0.0
2023-07-07 11:30:00-04:00,38.1349983215332,38.1349983215332,37.9900016784668,38.04999923706055,92989,0.0,0.0
2023-07-07 12:30:00-04:00,38.060001373291016,38.43000030517578,38.060001373291016,38.349998474121094,92736,0.0,0.0
2023-07-07 13:30:00-04:00,38.349998474121094,38.41999816894531,38.16999816894531,38.39500045776367,71043,0.0,0.0
2023-07-07 14:30:00-04:00,38.39500045776367,38.39500045776367,38.13999938964844,38.13999938964844,104431,0.0,0.0
2023-07-07 15:30:00-04:00,38.13999938964844,38.150001525878906,37.744998931884766,37.84000015258789,244556,0.0,0.0
2023-07-10 09:30:00-04:00,37.599998474121094,38.47999954223633,37.439998626708984,38.40359878540039,179618,0.0,0.0
2023-07-10 10:30:00-04:00,38.439998626708984,38.68000030517578,38.22999954223633,38.68000030517578,74775,0.0,0.0
2023-07-10 11:30:00-04:00,38.71500015258789,38.77000045776367,38.472999572753906,38.724998474121094,77813,0.0,0.0
2023-07-10 12:30:00-04:00,38.70000076293945,38.95000076293945,38.68000030517578,38.939998626708984,90466,0.0,0.0
2023-07-10 13:30:00-04:00,38.939998626708984,39.04999923706055,38.8557014465332,39.0099983215332,99042,0.0,0.0
2023-07-10 14:30:00-04:00,38.99100112915039,39.13999938964844,38.810001373291016,38.970001220703125,134867,0.0,0.0
2023-07-10 15:30:00-04:00,38.95500183105469,39.02000045776367,38.869998931884766,38.970001220703125,242558,0.0,0.0
2023-07-11 09:30:00-04:00,39.08000183105469,39.31999969482422,38.67499923706055,39.29499816894531,103435,0.0,0.0
2023-07-11 10:30:00-04:00,39.310001373291016,40.060001373291016,39.290000915527344,39.810001373291016,322594,0.0,0.0
2023-07-11 11:30:00-04:00,39.810001373291016,40.31999969482422,39.709999084472656,40.25,178413,0.0,0.0
2023-07-11 12:30:00-04:00,40.27000045776367,40.59000015258789,40.27000045776367,40.45500183105469,202376,0.0,0.0
2023-07-11 13:30:00-04:00,40.459999084472656,40.505001068115234,40.13999938964844,40.15999984741211,159464,0.0,0.0
2023-07-11 14:30:00-04:00,40.15999984741211,40.630001068115234,40.06999969482422,40.61000061035156,287686,0.0,0.0
2023-07-11 15:30:00-04:00,40.60499954223633,40.82749938964844,40.56999969482422,40.7599983215332,396123,0.0,0.0
2023-07-12 09:30:00-04:00,41.77000045776367,42.099998474121094,41.040000915527344,41.20000076293945,277481,0.0,0.0
2023-07-12 10:30:00-04:00,41.20000076293945,41.25,40.77000045776367,40.935001373291016,101852,0.0,0.0
2023-07-12 11:30:00-04:00,40.90999984741211,40.97999954223633,40.38010025024414,40.45000076293945,82650,0.0,0.0
2023-07-12 12:30:00-04:00,40.46500015258789,40.7400016784668,40.43000030517578,40.709999084472656,72578,0.0,0.0
2023-07-12 13:30:00-04:00,40.724998474121094,40.91999816894531,40.619998931884766,40.869998931884766,100338,0.0,0.0
2023-07-12 14:30:00-04:00,40.86000061035156,40.970001220703125,40.75,40.880001068115234,170087,0.0,0.0
2023-07-12 15:30:00-04:00,40.875,41.15999984741211,40.869998931884766,40.880001068115234,198095,0.0,0.0
2023-07-13 09:30:00-04:00,41.2599983215332,41.689998626708984,40.93000030517578,41.38999938964844,95373,0.0,0.0
2023-07-13 10:30:00-04:00,41.40999984741211,42.09000015258789,41.290000915527344,41.86370086669922,236441,0.0,0.0
2023-07-13 11:30:00-04:00,41.88999938964844,42.171600341796875,41.83000183105469,42.150001525878906,122776,0.0,0.0
2023-07-13 12:30:00-04:00,42.130001068115234,42.2599983215332,42.06999969482422,42.220001220703125,73614,0.0,0.0
2023-07-13 13:30:00-04:00,42.22999954223633,42.404998779296875,42.20000076293945,42.279998779296875,89523,0.0,0.0
2023-07-13 14:30:00-04:00,42.279998779296875,42.415000915527344,42.209999084472656,42.40999984741211,158842,0.0,0.0
2023-07-13 15:30:00-04:00,42.40999984741211,42.599998474121094,42.38999938964844,42.540000915527344,367260,0.0,0.0
2023-07-14 09:30:00-04:00,42.689998626708984,43.04999923706055,42.084999084472656,42.084999084472656,165700,0.0,0.0
2023-07-14 10:30:00-04:00,42.08000183105469,42.153099060058594,41.369998931884766,41.40999984741211,173626,0.0,0.0
2023-07-14 11:30:00-04:00,41.439998626708984,41.689998626708984,41.349998474121094,41.41999816894531,168734,0.0,0.0
2023-07-14 12:30:00-04:00,41.40999984741211,41.650001525878906,41.150001525878906,41.26250076293945,132314,0.0,0.0
2023-07-14 13:30:00-04:00,41.279998779296875,41.310001373291016,41.064998626708984,41.14500045776367,209075,0.0,0.0
2023-07-14 14:30:00-04:00,41.14500045776367,41.29999923706055,41.02000045776367,41.06999969482422,190298,0.0,0.0
2023-07-14 15:30:00-04:00,41.06999969482422,41.309898376464844,41.0099983215332,41.209999084472656,218604,0.0,0.0
2023-07-17 09:30:00-04:00,41.25,42.130001068115234,40.75,42.130001068115234,153049,0.0,0.0
2023-07-17 10:30:00-04:00,42.10749816894531,42.61000061035156,42.10749816894531,42.45000076293945,118859,0.0,0.0
2023-07-17 11:30:00-04:00,42.439998626708984,42.95000076293945,42.369998931884766,42.650001525878906,136081,0.0,0.0
2023-07-17 12:30:00-04:00,42.630001068115234,42.880001068115234,42.55030059814453,42.73500061035156,80951,0.0,0.0
2023-07-17 13:30:00-04:00,42.75,42.8650016784668,42.45000076293945,42.61000061035156,88486,0.0,0.0
2023-07-17 14:30:00-04:00,42.58000183105469,43.150001525878906,42.54999923706055,42.96500015258789,159144,0.0,0.0
2023-07-17 15:30:00-04:00,42.95000076293945,43.060001373291016,42.86000061035156,42.88999938964844,254060,0.0,0.0
2023-07-18 09:30:00-04:00,43.060001373291016,43.08000183105469,42.30500030517578,42.599998474121094,151746,0.0,0.0
2023-07-18 10:30:00-04:00,42.56999969482422,42.790000915527344,42.13999938964844,42.439998626708984,145508,0.0,0.0
2023-07-18 11:30:00-04:00,42.43000030517578,42.95000076293945,42.415000915527344,42.935001373291016,87906,0.0,0.0
2023-07-18 12:30:00-04:00,42.970001220703125,43.099998474121094,42.66999816894531,42.834999084472656,91472,0.0,0.0
2023-07-18 13:30:00-04:00,42.81999969482422,43.29999923706055,42.77000045776367,43.28260040283203,124082,0.0,0.0
2023-07-18 14:30:00-04:00,43.29999923706055,43.38999938964844,43.150001525878906,43.27000045776367,105965,0.0,0.0
2023-07-18 15:30:00-04:00,43.27000045776367,43.31999969482422,43.08000183105469,43.095001220703125,222460,0.0,0.0
2023-07-19 09:30:00-04:00,43.25,43.7406005859375,43.099998474121094,43.41999816894531,120191,0.0,0.0
2023-07-19 10:30:00-04:00,43.41999816894531,43.880001068115234,43.380001068115234,43.869998931884766,108744,0.0,0.0
2023-07-19 11:30:00-04:00,43.880001068115234,43.970001220703125,42.9900016784668,42.994998931884766,95632,0.0,0.0
2023-07-19 12:30:00-04:00,42.869998931884766,42.959999084472656,42.6349983215332,42.880001068115234,91071,0.0,0.0
2023-07-19 13:30:00-04:00,42.869998931884766,42.92499923706055,42.61000061035156,42.665000915527344,108706,0.0,0.0
2023-07-19 14:30:00-04:00,42.68000030517578,43.279998779296875,42.66999816894531,43.244998931884766,165248,0.0,0.0
2023-07-19 15:30:00-04:00,43.244998931884766,43.54999923706055,43.064998626708984,43.310001373291016,446244,0.0,0.0
2023-07-20 09:30:00-04:00,42.54999923706055,43.0099983215332,42.25,42.349998474121094,86482,0.0,0.0
2023-07-20 10:30:00-04:00,42.330101013183594,42.63999938964844,41.97999954223633,42.52939987182617,128818,0.0,0.0
2023-07-20 11:30:00-04:00,42.470001220703125,42.625,42.02000045776367,42.029998779296875,106931,0.0,0.0
2023-07-20 12:30:00-04:00,42.02000045776367,42.03499984741211,41.650001525878906,42.025001525878906,87127,0.0,0.0
2023-07-20 13:30:00-04:00,42.040000915527344,42.16999816894531,41.915000915527344,41.915000915527344,83245,0.0,0.0
2023-07-20 14:30:00-04:00,41.900001525878906,42.029998779296875,41.619998931884766,41.68000030517578,104426,0.0,0.0
2023-07-20 15:30:00-04:00,41.70000076293945,41.95000076293945,41.70000076293945,41.869998931884766,209579,0.0,0.0
2023-07-21 09:30:00-04:00,42.529998779296875,42.744998931884766,42.0099983215332,42.17499923706055,143062,0.0,0.0
2023-07-21 10:30:00-04:00,42.14500045776367,43.0,42.14500045776367,43.0,106081,0.0,0.0
2023-07-21 11:30:00-04:00,43.0099983215332,43.029998779296875,42.21500015258789,42.3650016784668,135825,0.0,0.0
2023-07-21 12:30:00-04:00,42.34000015258789,42.40999984741211,42.18000030517578,42.32500076293945,97403,0.0,0.0
2023-07-21 13:30:00-04:00,42.34000015258789,42.45000076293945,41.96500015258789,42.0099983215332,113537,0.0,0.0
2023-07-21 14:30:00-04:00,42.0099983215332,42.16999816894531,41.58000183105469,41.70000076293945,133931,0.0,0.0
2023-07-21 15:30:00-04:00,41.70000076293945,41.95000076293945,41.65999984741211,41.95000076293945,177963,0.0,0.0
2023-07-24 09:30:00-04:00,41.97999954223633,42.11000061035156,41.150001525878906,41.27000045776367,95306,0.0,0.0
2023-07-24 10:30:00-04:00,41.2599983215332,41.60499954223633,41.0099983215332,41.40999984741211,93410,0.0,0.0
2023-07-24 11:30:00-04:00,41.40999984741211,41.560001373291016,41.040000915527344,41.09000015258789,132152,0.0,0.0
2023-07-24 12:30:00-04:00,41.09000015258789,41.224998474121094,40.90599822998047,41.11000061035156,72919,0.0,0.0
2023-07-24 13:30:00-04:00,41.130001068115234,41.345001220703125,41.040000915527344,41.279998779296875,79602,0.0,0.0
2023-07-24 14:30:00-04:00,41.27000045776367,41.65999984741211,41.27000045776367,41.474998474121094,130931,0.0,0.0
2023-07-24 15:30:00-04:00,41.459999084472656,41.7400016784668,41.439998626708984,41.66999816894531,214324,0.0,0.0
2023-07-25 09:30:00-04:00,41.84000015258789,42.2400016784668,41.77000045776367,41.9275016784668,72237,0.0,0.0
2023-07-25 10:30:00-04:00,41.939998626708984,42.084999084472656,41.779998779296875,41.95500183105469,82650,0.0,0.0
2023-07-25 11:30:00-04:00,42.0,42.31999969482422,41.84000015258789,42.26499938964844,112836,0.0,0.0
2023-07-25 12:30:00-04:00,42.2599983215332,42.66999816894531,42.189998626708984,42.599998474121094,112250,0.0,0.0
2023-07-25 13:30:00-04:00,42.6150016784668,42.619998931884766,42.38999938964844,42.459999084472656,188675,0.0,0.0
2023-07-25 14:30:00-04:00,42.470001220703125,42.599998474121094,42.29999923706055,42.36000061035156,209603,0.0,0.0
2023-07-25 15:30:00-04:00,42.36000061035156,42.41999816894531,42.27199935913086,42.310001373291016,348553,0.0,0.0
2023-07-26 09:30:00-04:00,42.20000076293945,42.70000076293945,41.900001525878906,42.56999969482422,102356,0.0,0.0
2023-07-26 10:30:00-04:00,42.540000915527344,42.65999984741211,41.97999954223633,42.15999984741211,183894,0.0,0.0
2023-07-26 11:30:00-04:00,42.150001525878906,42.26499938964844,41.827301025390625,41.84000015258789,100118,0.0,0.0
2023-07-26 12:30:00-04:00,41.84000015258789,42.2599983215332,41.790000915527344,42.25,297935,0.0,0.0
2023-07-26 13:30:00-04:00,42.22999954223633,42.33000183105469,41.970001220703125,42.095001220703125,110336,0.0,0.0
2023-07-26 14:30:00-04:00,42.06999969482422,42.5099983215332,42.04999923706055,42.31999969482422,95676,0.0,0.0
2023-07-26 15:30:00-04:00,42.279998779296875,42.349998474121094,42.025001525878906,42.189998626708984,326538,0.0,0.0
2023-07-27 09:30:00-04:00,43.0099983215332,43.599998474121094,42.58000183105469,42.60499954223633,153999,0.0,0.0
2023-07-27 10:30:00-04:00,42.59000015258789,42.8849983215332,42.4900016784668,42.849998474121094,133425,0.0,0.0
2023-07-27 11:30:00-04:00,42.880001068115234,42.97999954223633,42.540000915527344,42.97800064086914,79792,0.0,0.0
2023-07-27 12:30:00-04:00,42.974998474121094,43.06999969482422,42.40999984741211,42.42169952392578,81784,0.0,0.0
2023-07-27 13:30:00-04:00,42.38999938964844,42.42250061035156,41.939998626708984,41.959999084472656,97878,0.0,0.0
2023-07-27 14:30:00-04:00,41.959999084472656,42.02000045776367,41.6599006652832,41.79999923706055,147257,0.0,0.0
2023-07-27 15:30:00-04:00,41.79999923706055,41.83000183105469,41.36000061035156,41.709999084472656,242357,0.0,0.0
2023-07-28 09:30:00-04:00,42.709999084472656,43.33000183105469,42.459999084472656,42.56999969482422,110636,0.0,0.0
2023-07-28 10:30:00-04:00,42.630001068115234,42.91999816894531,42.38999938964844,42.84000015258789,73304,0.0,0.0
2023-07-28 11:30:00-04:00,42.87699890136719,43.2599983215332,42.81999969482422,43.13999938964844,82127,0.0,0.0
2023-07-28 12:30:00-04:00,43.13999938964844,43.369998931884766,43.029998779296875,43.19499969482422,96297,0.0,0.0
2023-07-28 13:30:00-04:00,43.212501525878906,43.282501220703125,42.939998626708984,43.16999816894531,70721,0.0,0.0
2023-07-28 14:30:00-04:00,43.189998626708984,43.22999954223633,43.040000915527344,43.08000183105469,89336,0.0,0.0
2023-07-28 15:30:00-04:00,43.060001373291016,43.21500015258789,43.029998779296875,43.16999816894531,187759,0.0,0.0
2023-07-31 09:30:00-04:00,43.2400016784668,44.36000061035156,43.119998931884766,44.06999969482422,172886,0.0,0.0
2023-07-31 10:30:00-04:00,44.08000183105469,44.2400016784668,43.83000183105469,44.2400016784668,89368,0.0,0.0
2023-07-31 11:30:00-04:00,44.22999954223633,44.56999969482422,44.099998474121094,44.220001220703125,136488,0.0,0.0
2023-07-31 12:30:00-04:00,44.220001220703125,44.310001373291016,44.0,44.28499984741211,60566,0.0,0.0
2023-07-31 13:30:00-04:00,44.279998779296875,44.41999816894531,44.20000076293945,44.290000915527344,69639,0.0,0.0
2023-07-31 14:30:00-04:00,44.29499816894531,44.54999923706055,44.29499816894531,44.43000030517578,118455,0.0,0.0
2023-07-31 15:30:00-04:00,44.43000030517578,44.54999923706055,44.34000015258789,44.40999984741211,209687,0.0,0.0
2023-08-01 09:30:00-04:00,43.84000015258789,44.029998779296875,43.380001068115234,43.665000915527344,164092,0.0,0.0
2023-08-01 10:30:00-04:00,43.665000915527344,44.040000915527344,43.665000915527344,44.029998779296875,76591,0.0,0.0
2023-08-01 11:30:00-04:00,44.03499984741211,44.18000030517578,43.88999938964844,44.029998779296875,43243,0.0,0.0
2023-08-01 12:30:00-04:00,44.0,44.375,43.959999084472656,44.207000732421875,54023,0.0,0.0
2023-08-01 13:30:00-04:00,44.16999816894531,44.27000045776367,44.02000045776367,44.040000915527344,53811,0.0,0.0
2023-08-01 14:30:00-04:00,44.04999923706055,44.06999969482422,43.95000076293945,43.97999954223633,66458,0.0,0.0
2023-08-01 15:30:00-04:00,43.994998931884766,44.13999938964844,43.91999816894531,43.959999084472656,178038,0.0,0.0
2023-08-02 09:30:00-04:00,43.0,43.0,42.18000030517578,42.345001220703125,91326,0.0,0.0
2023-08-02 10:30:00-04:00,42.29999923706055,42.310001373291016,41.290000915527344,41.40999984741211,111308,0.0,0.0
2023-08-02 11:30:00-04:00,41.38999938964844,41.57500076293945,40.77000045776367,40.80500030517578,178617,0.0,0.0
2023-08-02 12:30:00-04:00,40.80500030517578,41.43000030517578,40.80500030517578,41.19499969482422,134250,0.0,0.0
2023-08-02 13:30:00-04:00,41.185001373291016,41.34000015258789,40.9900016784668,41.279998779296875,131173,0.0,0.0
2023-08-02 14:30:00-04:00,41.27000045776367,41.345001220703125,41.099998474121094,41.099998474121094,79288,0.0,0.0
2023-08-02 15:30:00-04:00,41.11000061035156,41.47999954223633,41.08000183105469,41.400001525878906,215831,0.0,0.0
2023-08-03 09:30:00-04:00,41.2400016784668,41.68000030517578,40.959999084472656,40.97999954223633,63269,0.0,0.0
2023-08-03 10:30:00-04:00,40.97999954223633,41.459999084472656,40.97999954223633,41.380001068115234,45675,0.0,0.0
2023-08-03 11:30:00-04:00,41.34000015258789,41.40999984741211,41.06999969482422,41.38999938964844,38893,0.0,0.0
2023-08-03 12:30:00-04:00,41.3849983215332,41.5099983215332,41.31999969482422,41.380001068115234,30413,0.0,0.0
2023-08-03 13:30:00-04:00,41.40999984741211,41.540000915527344,41.224998474121094,41.5099983215332,27321,0.0,0.0
2023-08-03 14:30:00-04:00,41.540000915527344,41.59000015258789,41.37099838256836,41.380001068115234,42441,0.0,0.0
2023-08-03 15:30:00-04:00,41.41999816894531,41.47999954223633,41.290000915527344,41.41999816894531,154238,0.0,0.0
2023-08-04 09:30:00-04:00,42.220001220703125,42.220001220703125,40.92499923706055,41.459999084472656,97511,0.0,0.0
2023-08-04 10:30:00-04:00,41.470001220703125,42.18000030517578,41.43000030517578,42.17499923706055,129256,0.0,0.0
2023-08-04 11:30:00-04:00,42.189998626708984,42.310001373291016,42.0099983215332,42.25,80586,0.0,0.0
2023-08-04 12:30:00-04:00,42.27000045776367,42.380001068115234,41.959999084472656,42.08000183105469,50443,0.0,0.0
2023-08-04 13:30:00-04:00,42.040000915527344,42.13999938964844,41.86000061035156,41.93000030517578,64048,0.0,0.0
2023-08-04 14:30:00-04:00,41.904998779296875,41.95000076293945,41.540000915527344,41.59000015258789,76752,0.0,0.0
2023-08-04 15:30:00-04:00,41.619998931884766,41.70000076293945,41.56999969482422,41.619998931884766,152117,0.0,0.0
2023-08-07 09:30:00-04:00,41.66999816894531,41.91999816894531,41.2400016784668,41.88999938964844,84873,0.0,0.0
2023-08-07 10:30:00-04:00,41.970001220703125,42.11000061035156,41.84000015258789,41.91999816894531,75867,0.0,0.0
2023-08-07 11:30:00-04:00,41.91999816894531,42.5,41.810001373291016,42.5,68397,0.0,0.0
2023-08-07 12:30:00-04:00,42.5099983215332,42.790000915527344,42.380001068115234,42.689998626708984,96934,0.0,0.0
2023-08-07 13:30:00-04:00,42.66999816894531,42.959999084472656,42.63999938964844,42.900001525878906,110459,0.0,0.0
2023-08-07 14:30:00-04:00,42.91999816894531,43.119998931884766,42.90999984741211,42.939998626708984,131941,0.0,0.0
2023-08-07 15:30:00-04:00,42.939998626708984,43.10499954223633,42.849998474121094,43.029998779296875,268309,0.0,0.0
2023-08-08 09:30:00-04:00,41.25,41.51499938964844,40.36000061035156,40.689998626708984,291773,0.0,0.0
2023-08-08 10:30:00-04:00,40.650001525878906,40.84000015258789,40.099998474121094,40.68000030517578,153434,0.0,0.0
2023-08-08 11:30:00-04:00,40.720001220703125,40.970001220703125,40.56999969482422,40.6150016784668,122152,0.0,0.0
2023-08-08 12:30:00-04:00,40.61000061035156,40.86000061035156,40.560001373291016,40.65999984741211,74183,0.0,0.0
2023-08-08 13:30:00-04:00,40.66999816894531,40.900001525878906,40.61000061035156,40.709999084472656,71928,0.0,0.0
2023-08-08 14:30:00-04:00,40.7400016784668,40.84000015258789,40.54999923706055,40.810001373291016,158120,0.0,0.0
2023-08-08 15:30:00-04:00,40.81999969482422,40.939998626708984,40.70000076293945,40.70000076293945,260669,0.0,0.0
2023-08-09 09:30:00-04:00,40.91999816894531,41.2400016784668,39.959999084472656,40.150001525878906,68522,0.0,0.0
2023-08-09 10:30:00-04:00,40.165000915527344,40.349998474121094,39.90999984741211,39.970001220703125,95538,0.0,0.0
2023-08-09 11:30:00-04:00,39.97999954223633,40.30500030517578,39.939998626708984,40.18000030517578,62389,0.0,0.0
2023-08-09 12:30:00-04:00,40.18000030517578,40.36000061035156,40.0,40.2400016784668,116628,0.0,0.0
2023-08-09 13:30:00-04:00,40.2599983215332,40.67499923706055,40.150001525878906,40.59000015258789,152518,0.0,0.0
2023-08-09 14:30:00-04:00,40.61000061035156,40.779998779296875,40.54999923706055,40.61000061035156,71399,0.0,0.0
2023-08-09 15:30:00-04:00,40.61000061035156,40.619998931884766,39.970001220703125,39.9900016784668,517766,0.0,0.0
2023-08-10 09:30:00-04:00,40.880001068115234,41.34000015258789,40.29999923706055,40.72999954223633,145951,0.0,0.0
2023-08-10 10:30:00-04:00,40.72999954223633,40.849998474121094,40.29999923706055,40.439998626708984,108310,0.0,0.0
2023-08-10 11:30:00-04:00,40.41999816894531,40.689998626708984,40.22999954223633,40.54999923706055,94247,0.0,0.0
2023-08-10 12:30:00-04:00,40.54499816894531,40.70000076293945,39.88999938964844,39.93000030517578,152331,0.0,0.0
2023-08-10 13:30:00-04:00,39.98500061035156,40.0099983215332,39.65999984741211,39.95000076293945,141067,0.0,0.0
2023-08-10 14:30:00-04:00,39.95000076293945,40.040000915527344,39.84000015258789,39.900001525878906,108378,0.0,0.0
2023-08-10 15:30:00-04:00,39.880001068115234,40.02000045776367,39.849998474121094,40.02000045776367,287834,0.0,0.0
2023-08-11 09:30:00-04:00,39.75,40.095001220703125,39.32500076293945,40.040000915527344,148296,0.0,0.0
2023-08-11 10:30:00-04:00,40.040000915527344,40.2400016784668,39.83000183105469,39.90999984741211,81956,0.0,0.0
2023-08-11 11:30:00-04:00,39.869998931884766,40.189998626708984,39.70000076293945,40.11000061035156,66948,0.0,0.0
2023-08-11 12:30:00-04:00,40.13999938964844,40.189998626708984,39.90999984741211,40.125,80908,0.0,0.0
2023-08-11 13:30:00-04:00,40.13999938964844,40.18000030517578,40.0,40.095001220703125,227810,0.0,0.0
2023-08-11 14:30:00-04:00,40.095001220703125,40.15999984741211,39.959999084472656,40.130001068115234,111724,0.0,0.0
2023-08-11 15:30:00-04:00,40.150001525878906,40.224998474121094,39.880001068115234,39.93000030517578,203111,0.0,0.0
2023-08-14 09:30:00-04:00,39.77000045776367,40.54999923706055,39.400001525878906,40.38999938964844,168250,0.0,0.0
2023-08-14 10:30:00-04:00,40.400001525878906,40.66999816894531,40.314998626708984,40.4900016784668,111808,0.0,0.0
2023-08-14 11:30:00-04:00,40.47999954223633,40.59000015258789,40.33000183105469,40.400001525878906,77241,0.0,0.0
2023-08-14 12:30:00-04:00,40.400001525878906,40.5099983215332,40.349998474121094,40.40999984741211,64753,0.0,0.0
2023-08-14 13:30:00-04:00,40.40999984741211,40.47999954223633,40.25,40.34000015258789,84022,0.0,0.0
2023-08-14 14:30:00-04:00,40.33000183105469,40.369998931884766,40.25,40.33000183105469,175731,0.0,0.0
2023-08-14 15:30:00-04:00,40.33000183105469,40.529998779296875,40.31999969482422,40.5099983215332,219742,0.0,0.0
2023-08-15 09:30:00-04:00,40.0,40.349998474121094,39.720001220703125,39.8849983215332,272462,0.0,0.0
2023-08-15 10:30:00-04:00,39.869998931884766,40.2599983215332,39.79999923706055,40.220001220703125,70555,0.0,0.0
2023-08-15 11:30:00-04:00,40.189998626708984,40.37269973754883,40.189998626708984,40.26499938964844,76384,0.0,0.0
2023-08-15 12:30:00-04:00,40.27000045776367,40.5,40.22999954223633,40.48500061035156,117088,0.0,0.0
2023-08-15 13:30:00-04:00,40.470001220703125,40.48500061035156,40.25,40.275001525878906,84182,0.0,0.0
2023-08-15 14:30:00-04:00,40.2599983215332,40.33000183105469,39.9900016784668,39.9900016784668,176452,0.0,0.0
2023-08-15 15:30:00-04:00,39.97999954223633,40.0,39.75,39.91999816894531,409786,0.0,0.0
2023-08-16 09:30:00-04:00,39.65999984741211,40.38999938964844,39.477500915527344,40.23500061035156,332476,0.0,0.0
2023-08-16 10:30:00-04:00,40.244998931884766,40.650001525878906,40.244998931884766,40.290000915527344,260136,0.0,0.0
2023-08-16 11:30:00-04:00,40.29499816894531,40.529998779296875,40.22999954223633,40.415000915527344,328695,0.0,0.0
2023-08-16 12:30:00-04:00,40.40999984741211,40.415000915527344,40.150001525878906,40.36000061035156,153855,0.0,0.0
2023-08-16 13:30:00-04:00,40.36000061035156,40.560001373291016,40.2599983215332,40.5099983215332,115471,0.0,0.0
2023-08-16 14:30:00-04:00,40.52000045776367,40.529998779296875,40.22249984741211,40.290000915527344,186002,0.0,0.0
2023-08-16 15:30:00-04:00,40.31999969482422,40.380001068115234,40.08000183105469,40.13999938964844,328475,0.0,0.0
2023-08-17 09:30:00-04:00,40.369998931884766,40.59000015258789,40.010101318359375,40.250099182128906,316995,0.0,0.0
2023-08-17 10:30:00-04:00,40.2599983215332,40.34000015258789,39.439998626708984,39.75,360441,0.0,0.0
2023-08-17 11:30:00-04:00,39.75,39.970001220703125,39.59000015258789,39.959999084472656,88938,0.0,0.0
2023-08-17 12:30:00-04:00,39.970001220703125,39.970001220703125,39.744998931884766,39.83000183105469,65671,0.0,0.0
2023-08-17 13:30:00-04:00,39.810001373291016,39.91999816894531,39.75,39.779998779296875,122901,0.0,0.0
2023-08-17 14:30:00-04:00,39.7400016784668,39.7400016784668,39.25,39.3849983215332,154545,0.0,0.0
2023-08-17 15:30:00-04:00,39.40999984741211,39.459999084472656,39.15999984741211,39.32500076293945,347553,0.0,0.0
2023-08-18 09:30:00-04:00,38.619998931884766,39.41999816894531,38.119998931884766,39.2599983215332,163217,0.0,0.0
2023-08-18 10:30:00-04:00,39.25,39.587501525878906,39.25,39.47999954223633,69685,0.0,0.0
2023-08-18 11:30:00-04:00,39.43000030517578,39.58000183105469,39.255001068115234,39.5099983215332,47244,0.0,0.0
2023-08-18 12:30:00-04:00,39.505001068115234,39.599998474121094,39.380001068115234,39.540000915527344,40298,0.0,0.0
2023-08-18 13:30:00-04:00,39.540000915527344,39.66999816894531,39.5,39.650001525878906,40392,0.0,0.0
2023-08-18 14:30:00-04:00,39.619998931884766,39.83000183105469,39.619998931884766,39.814998626708984,90088,0.0,0.0
2023-08-18 15:30:00-04:00,39.81999969482422,39.880001068115234,39.709999084472656,39.78499984741211,123480,0.0,0.0
2023-08-21 09:30:00-04:00,40.08000183105469,40.400001525878906,39.3650016784668,39.380001068115234,68490,0.0,0.0
2023-08-21 10:30:00-04:00,39.47999954223633,39.5,39.15999984741211,39.2599983215332,68450,0.0,0.0
2023-08-21 11:30:00-04:00,39.2599983215332,39.61000061035156,39.220001220703125,39.52000045776367,56552,0.0,0.0
2023-08-21 12:30:00-04:00,39.54999923706055,39.8650016784668,39.4900016784668,39.79999923706055,43786,0.0,0.0
2023-08-21 13:30:00-04:00,39.790000915527344,39.95500183105469,39.75,39.84000015258789,49661,0.0,0.0
2023-08-21 14:30:00-04:00,39.849998474121094,40.11000061035156,39.84000015258789,39.970001220703125,85612,0.0,0.0
2023-08-21 15:30:00-04:00,39.95000076293945,39.970001220703125,39.77000045776367,39.779998779296875,150968,0.0,0.0
2023-08-22 09:30:00-04:00,40.09000015258789,40.34000015258789,39.44499969482422,39.58000183105469,207501,0.0,0.0
2023-08-22 10:30:00-04:00,39.540000915527344,39.900001525878906,39.29999923706055,39.81999969482422,149667,0.0,0.0
2023-08-22 11:30:00-04:00,39.79999923706055,39.93000030517578,39.529998779296875,39.65999984741211,75424,0.0,0.0
2023-08-22 12:30:00-04:00,39.63999938964844,39.97999954223633,39.630001068115234,39.7400016784668,127724,0.0,0.0
2023-08-22 13:30:00-04:00,39.75,39.810001373291016,39.58000183105469,39.744998931884766,87085,0.0,0.0
2023-08-22 14:30:00-04:00,39.7599983215332,40.040000915527344,39.7400016784668,39.970001220703125,154020,0.0,0.0
2023-08-22 15:30:00-04:00,39.974998474121094,39.9900016784668,39.79999923706055,39.95000076293945,143444,0.0,0.0
2023-08-23 09:30:00-04:00,40.29999923706055,40.30009841918945,39.709999084472656,40.060001373291016,87665,0.0,0.0
2023-08-23 10:30:00-04:00,40.08000183105469,40.435001373291016,39.97999954223633,40.435001373291016,80884,0.0,0.0
2023-08-23 11:30:00-04:00,40.4109992980957,40.4900016784668,40.220001220703125,40.41999816894531,56810,0.0,0.0
2023-08-23 12:30:00-04:00,40.43000030517578,40.7599983215332,40.34000015258789,40.3650016784668,109029,0.0,0.0
2023-08-23 13:30:00-04:00,40.38999938964844,40.630001068115234,40.369998931884766,40.470001220703125,199889,0.0,0.0
2023-08-23 14:30:00-04:00,40.459999084472656,40.51499938964844,40.290000915527344,40.36000061035156,155651,0.0,0.0
2023-08-23 15:30:00-04:00,40.334999084472656,40.5,40.25,40.41999816894531,219118,0.0,0.0
2023-08-24 09:30:00-04:00,40.84000015258789,40.84000015258789,39.619998931884766,39.630001068115234,84408,0.0,0.0
2023-08-24 10:30:00-04:00,39.599998474121094,39.81999969482422,39.0,39.220001220703125,225739,0.0,0.0
2023-08-24 11:30:00-04:00,39.310001373291016,39.540000915527344,39.11000061035156,39.4900016784668,61807,0.0,0.0
2023-08-24 12:30:00-04:00,39.5099983215332,39.70000076293945,39.41999816894531,39.474998474121094,78684,0.0,0.0
2023-08-24 13:30:00-04:00,39.4900016784668,39.630001068115234,39.459999084472656,39.625,50946,0.0,0.0
2023-08-24 14:30:00-04:00,39.63999938964844,39.71500015258789,39.2400016784668,39.29999923706055,92969,0.0,0.0
2023-08-24 15:30:00-04:00,39.29999923706055,39.38999938964844,39.04499816894531,39.25,314300,0.0,0.0
2023-08-25 09:30:00-04:00,39.25,39.849998474121094,39.18000030517578,39.459999084472656,177069,0.0,0.0
2023-08-25 10:30:00-04:00,39.43000030517578,39.5099983215332,39.06999969482422,39.38999938964844,186292,0.0,0.0
2023-08-25 11:30:00-04:00,39.400001525878906,39.6349983215332,39.29999923706055,39.625,112644,0.0,0.0
2023-08-25 12:30:00-04:00,39.619998931884766,39.779998779296875,39.54999923706055,39.70000076293945,98241,0.0,0.0
2023-08-25 13:30:00-04:00,39.689998626708984,40.150001525878906,39.65999984741211,40.125,140137,0.0,0.0
2023-08-25 14:30:00-04:00,40.150001525878906,40.26959991455078,40.04999923706055,40.21500015258789,156524,0.0,0.0
2023-08-25 15:30:00-04:00,40.209999084472656,40.220001220703125,39.880001068115234,40.025001525878906,257105,0.0,0.0
2023-08-28 09:30:00-04:00,40.2599983215332,40.599998474121094,39.869998931884766,40.41999816894531,331620,0.0,0.0
2023-08-28 10:30:00-04:00,40.38999938964844,40.38999938964844,40.119998931884766,40.25,141861,0.0,0.0
2023-08-28 11:30:00-04:00,40.25,40.33000183105469,40.18000030517578,40.22999954223633,66393,0.0,0.0
2023-08-28 12:30:00-04:00,40.25,40.369998931884766,40.191001892089844,40.27000045776367,114176,0.0,0.0
2023-08-28 13:30:00-04:00,40.2599983215332,40.349998474121094,40.1150016784668,40.209999084472656,159632,0.0,0.0
2023-08-28 14:30:00-04:00,40.19499969482422,40.220001220703125,39.970001220703125,40.10499954223633,126881,0.0,0.0
2023-08-28 15:30:00-04:00,40.099998474121094,40.11000061035156,39.72999954223633,39.775001525878906,301248,0.0,0.0
2023-08-29 09:30:00-04:00,39.75,40.880001068115234,39.59000015258789,40.849998474121094,289388,0.0,0.0
2023-08-29 10:30:00-04:00,40.83000183105469,41.33000183105469,40.72999954223633,40.93000030517578,280317,0.0,0.0
2023-08-29 11:30:00-04:00,41.005001068115234,41.58000183105469,40.959999084472656,41.25,165483,0.0,0.0
2023-08-29 12:30:00-04:00,41.290000915527344,41.290000915527344,40.959999084472656,41.02000045776367,81856,0.0,0.0
2023-08-29 13:30:00-04:00,41.0099983215332,41.13999938964844,40.93000030517578,41.06999969482422,80295,0.0,0.0
2023-08-29 14:30:00-04:00,41.040000915527344,41.279998779296875,40.970001220703125,41.279998779296875,79139,0.0,0.0
2023-08-29 15:30:00-04:00,41.275001525878906,41.45000076293945,41.22999954223633,41.45000076293945,243262,0.0,0.0
2023-08-30 09:30:00-04:00,40.9900016784668,41.71500015258789,40.7599983215332,41.25,76275,0.0,0.0
2023-08-30 10:30:00-04:00,41.279998779296875,41.56999969482422,41.189998626708984,41.2400016784668,156730,0.0,0.0
2023-08-30 11:30:00-04:00,41.23500061035156,41.40999984741211,41.13999938964844,41.290000915527344,71187,0.0,0.0
2023-08-30 12:30:00-04:00,41.33000183105469,41.36000061035156,41.119998931884766,41.25,67875,0.0,0.0
2023-08-30 13:30:00-04:00,41.27000045776367,41.44499969482422,41.099998474121094,41.17499923706055,59185,0.0,0.0
2023-08-30 14:30:00-04:00,41.19169998168945,41.275001525878906,41.11000061035156,41.119998931884766,87058,0.0,0.0
2023-08-30 15:30:00-04:00,41.125,41.20000076293945,41.01499938964844,41.189998626708984,197020,0.0,0.0
2023-08-31 09:30:00-04:00,41.40999984741211,41.790000915527344,41.099998474121094,41.70000076293945,148740,0.0,0.0
2023-08-31 10:30:00-04:00,41.72999954223633,41.782501220703125,41.470001220703125,41.54999923706055,113089,0.0,0.0
2023-08-31 11:30:00-04:00,41.55500030517578,41.790000915527344,41.38999938964844,41.77000045776367,135242,0.0,0.0
2023-08-31 12:30:00-04:00,41.77000045776367,41.8650016784668,41.43000030517578,41.689998626708984,101128,0.0,0.0
2023-08-31 13:30:00-04:00,41.7400016784668,42.130001068115234,41.68000030517578,41.93000030517578,175038,0.0,0.0
2023-08-31 14:30:00-04:00,41.95000076293945,41.970001220703125,41.7400016784668,41.779998779296875,132151,0.0,0.0
2023-08-31 15:30:00-04:00,41.790000915527344,41.959999084472656,41.68000030517578,41.72999954223633,262531,0.0,0.0
2023-09-01 09:30:00-04:00,42.02000045776367,42.599998474121094,41.7400016784668,42.47999954223633,207665,0.0,0.0
2023-09-01 10:30:00-04:00,42.4900016784668,42.90999984741211,42.220001220703125,42.86000061035156,284723,0.0,0.0
2023-09-01 11:30:00-04:00,42.900001525878906,43.040000915527344,42.689998626708984,42.93000030517578,124325,0.0,0.0
2023-09-01 12:30:00-04:00,42.91999816894531,42.9900016784668,42.70000076293945,42.779998779296875,103747,0.0,0.0
2023-09-01 13:30:00-04:00,42.7599983215332,42.880001068115234,42.54999923706055,42.58000183105469,219904,0.0,0.0
2023-09-01 14:30:00-04:00,42.56999969482422,42.630001068115234,42.470001220703125,42.5,156702,0.0,0.0
2023-09-01 15:30:00-04:00,42.5,42.54999923706055,42.209999084472656,42.220001220703125,409906,0.0,0.0
2023-09-05 09:30:00-04:00,42.0,42.0,40.84000015258789,41.400001525878906,371010,0.0,0.0
2023-09-05 10:30:00-04:00,41.380001068115234,41.7400016784668,40.97999954223633,40.98500061035156,598497,0.0,0.0
2023-09-05 11:30:00-04:00,40.98500061035156,41.439998626708984,40.560001373291016,41.25,242490,0.0,0.0
2023-09-05 12:30:00-04:00,41.2599983215332,41.36000061035156,41.029998779296875,41.029998779296875,180910,0.0,0.0
2023-09-05 13:30:00-04:00,41.02000045776367,41.11000061035156,40.90999984741211,41.0,189395,0.0,0.0
2023-09-05 14:30:00-04:00,41.0,41.13999938964844,40.92499923706055,41.0,185829,0.0,0.0
2023-09-05 15:30:00-04:00,41.02000045776367,41.119998931884766,40.88999938964844,41.0,374216,0.0,0.0
2023-09-06 09:30:00-04:00,40.61000061035156,40.959999084472656,40.04999923706055,40.47999954223633,382961,0.0,0.0
2023-09-06 10:30:00-04:00,40.45000076293945,41.130001068115234,40.43000030517578,41.0099983215332,278260,0.0,0.0
2023-09-06 11:30:00-04:00,40.9900016784668,41.099998474121094,40.689998626708984,40.744998931884766,149179,0.0,0.0
2023-09-06 12:30:00-04:00,40.7599983215332,40.775001525878906,40.58000183105469,40.59000015258789,131764,0.0,0.0
2023-09-06 13:30:00-04:00,40.63999938964844,40.79999923706055,40.60499954223633,40.77750015258789,117180,0.0,0.0
2023-09-06 14:30:00-04:00,40.77000045776367,40.814998626708984,40.58000183105469,40.599998474121094,228269,0.0,0.0
2023-09-06 15:30:00-04:00,40.599998474121094,40.900001525878906,40.58000183105469,40.70000076293945,519983,0.0,0.0
2023-09-07 09:30:00-04:00,39.650001525878906,39.939998626708984,39.16999816894531,39.47999954223633,455886,0.0,0.0
2023-09-07 10:30:00-04:00,39.52000045776367,40.029998779296875,39.47999954223633,39.7400016784668,537855,0.0,0.0
2023-09-07 11:30:00-04:00,39.810001373291016,39.95000076293945,39.540000915527344,39.77000045776367,450282,0.0,0.0
2023-09-07 12:30:00-04:00,39.779998779296875,39.959999084472656,39.61000061035156,39.71500015258789,480607,0.0,0.0
2023-09-07 13:30:00-04:00,39.72999954223633,40.099998474121094,39.619998931884766,40.01499938964844,414230,0.0,0.0
2023-09-07 14:30:00-04:00,40.01499938964844,40.59000015258789,39.79499816894531,40.5099983215332,844356,0.0,0.0
2023-09-07 15:30:00-04:00,40.5099983215332,40.59000015258789,40.29999923706055,40.33000183105469,1198353,0.0,0.0
2023-09-08 09:30:00-04:00,45.810001373291016,47.589900970458984,44.350101470947266,45.54990005493164,4445268,0.0,0.0
2023-09-08 10:30:00-04:00,45.47999954223633,45.52000045776367,44.22999954223633,44.290000915527344,1069176,0.0,0.0
2023-09-08 11:30:00-04:00,44.33000183105469,44.5099983215332,43.880001068115234,44.08000183105469,732798,0.0,0.0
2023-09-08 12:30:00-04:00,44.08000183105469,44.470001220703125,43.91999816894531,44.09000015258789,554011,0.0,0.0
2023-09-08 13:30:00-04:00,44.09000015258789,44.209999084472656,43.619998931884766,43.70000076293945,534081,0.0,0.0
2023-09-08 14:30:00-04:00,43.70000076293945,44.25,43.060001373291016,43.275001525878906,774920,0.0,0.0
2023-09-08 15:30:00-04:00,43.279998779296875,43.4099006652832,42.90999984741211,43.04999923706055,1322494,0.0,0.0
2023-09-11 09:30:00-04:00,43.36000061035156,43.9900016784668,42.840999603271484,43.880001068115234,1263616,0.0,0.0
2023-09-11 10:30:00-04:00,43.880001068115234,44.279998779296875,43.650001525878906,43.76499938964844,330057,0.0,0.0
2023-09-11 11:30:00-04:00,43.779998779296875,43.97999954223633,43.3400993347168,43.650001525878906,274688,0.0,0.0
2023-09-11 12:30:00-04:00,43.654998779296875,43.709999084472656,43.29999923706055,43.34000015258789,252370,0.0,0.0
2023-09-11 13:30:00-04:00,43.36000061035156,43.56999969482422,43.02000045776367,43.540000915527344,242301,0.0,0.0
2023-09-11 14:30:00-04:00,43.525001525878906,43.685001373291016,43.5,43.61000061035156,239055,0.0,0.0
2023-09-11 15:30:00-04:00,43.625,43.93000030517578,43.59000015258789,43.83000183105469,436318,0.0,0.0
2023-09-12 09:30:00-04:00,43.29999923706055,45.150001525878906,43.15999984741211,44.84000015258789,421164,0.0,0.0
2023-09-12 10:30:00-04:00,44.790000915527344,44.849998474121094,44.2599983215332,44.849998474121094,335194,0.0,0.0
2023-09-12 11:30:00-04:00,44.85499954223633,45.04999923706055,44.7599983215332,44.92499923706055,302433,0.0,0.0
2023-09-12 12:30:00-04:00,44.90999984741211,45.08000183105469,44.77000045776367,45.08000183105469,275062,0.0,0.0
2023-09-12 13:30:00-04:00,45.08000183105469,45.09880065917969,44.31480026245117,44.43000030517578,172562,0.0,0.0
2023-09-12 14:30:00-04:00,44.43000030517578,44.47999954223633,44.209999084472656,44.28499984741211,283955,0.0,0.0
2023-09-12 15:30:00-04:00,44.28499984741211,44.380001068115234,44.02000045776367,44.36000061035156,528528,0.0,0.0
2023-09-13 09:30:00-04:00,44.04999923706055,44.68330001831055,43.7505989074707,44.025001525878906,179748,0.0,0.0
2023-09-13 10:30:00-04:00,43.9900016784668,44.04999923706055,43.290000915527344,43.33000183105469,167690,0.0,0.0
2023-09-13 11:30:00-04:00,43.34000015258789,43.61000061035156,43.290000915527344,43.5,112944,0.0,0.0
2023-09-13 12:30:00-04:00,43.5099983215332,43.625,43.435001373291016,43.61000061035156,101610,0.0,0.0
2023-09-13 13:30:00-04:00,43.619998931884766,43.709999084472656,43.36000061035156,43.375,92713,0.0,0.0
2023-09-13 14:30:00-04:00,43.369998931884766,43.400001525878906,43.25,43.369998931884766,132223,0.0,0.0
2023-09-13 15:30:00-04:00,43.380001068115234,43.4900016784668,43.31809997558594,43.41999816894531,286276,0.0,0.0
2023-09-14 09:30:00-04:00,43.34000015258789,43.34000015258789,42.130001068115234,42.154998779296875,433538,0.0,0.0
2023-09-14 10:30:00-04:00,42.150001525878906,42.400001525878906,42.1349983215332,42.224998474121094,221968,0.0,0.0
2023-09-14 11:30:00-04:00,42.20000076293945,42.31999969482422,41.849998474121094,42.15999984741211,235642,0.0,0.0
2023-09-14 12:30:00-04:00,42.13999938964844,42.599998474121094,41.970001220703125,42.56999969482422,163489,0.0,0.0
2023-09-14 13:30:00-04:00,42.56999969482422,42.58000183105469,42.22999954223633,42.290000915527344,156357,0.0,0.0
2023-09-14 14:30:00-04:00,42.2599983215332,42.40999984741211,42.16999816894531,42.20000076293945,155213,0.0,0.0
2023-09-14 15:30:00-04:00,42.19499969482422,42.29499816894531,41.91999816894531,41.939998626708984,331061,0.0,0.0
2023-09-15 09:30:00-04:00,41.4900016784668,41.880001068115234,41.130001068115234,41.150001525878906,158697,0.0,0.0
2023-09-15 10:30:00-04:00,41.16889953613281,41.2599983215332,40.90999984741211,41.060001373291016,167626,0.0,0.0
2023-09-15 11:30:00-04:00,41.04999923706055,41.20000076293945,40.95000076293945,41.130001068115234,96061,0.0,0.0
2023-09-15 12:30:00-04:00,41.15999984741211,41.3849983215332,41.150001525878906,41.25,107778,0.0,0.0
2023-09-15 13:30:00-04:00,41.2599983215332,41.55500030517578,41.25,41.52000045776367,141348,0.0,0.0
2023-09-15 14:30:00-04:00,41.52000045776367,41.810001373291016,41.459999084472656,41.7599983215332,192257,0.0,0.0
2023-09-15 15:30:00-04:00,41.77000045776367,42.10499954223633,41.72999954223633,42.02000045776367,326326,0.0,0.0
2023-09-18 09:30:00-04:00,41.72999954223633,42.41999816894531,41.15999984741211,41.970001220703125,132437,0.0,0.0
2023-09-18 10:30:00-04:00,41.970001220703125,42.029998779296875,41.529998779296875,41.68000030517578,73836,0.0,0.0
2023-09-18 11:30:00-04:00,41.689998626708984,41.810001373291016,41.650001525878906,41.75,58167,0.0,0.0
2023-09-18 12:30:00-04:00,41.779998779296875,41.88999938964844,41.709999084472656,41.86000061035156,53378,0.0,0.0
2023-09-18 13:30:00-04:00,41.88750076293945,42.13999938964844,41.88750076293945,42.029998779296875,72773,0.0,0.0
2023-09-18 14:30:00-04:00,42.040000915527344,42.11000061035156,41.79999923706055,41.79999923706055,80148,0.0,0.0
2023-09-18 15:30:00-04:00,41.790000915527344,41.790000915527344,41.5099983215332,41.52000045776367,211481,0.0,0.0
2023-09-19 09:30:00-04:00,41.4900016784668,41.720001220703125,40.959999084472656,41.095001220703125,170662,0.0,0.0
2023-09-19 10:30:00-04:00,41.11000061035156,41.209999084472656,40.97999954223633,41.119998931884766,84710,0.0,0.0
2023-09-19 11:30:00-04:00,41.08000183105469,41.2599983215332,41.04999923706055,41.15999984741211,74758,0.0,0.0
2023-09-19 12:30:00-04:00,41.12099838256836,41.41999816894531,41.099998474121094,41.33000183105469,56237,0.0,0.0
2023-09-19 13:30:00-04:00,41.34000015258789,41.51499938964844,41.2400016784668,41.349998474121094,88861,0.0,0.0
2023-09-19 14:30:00-04:00,41.34000015258789,41.5,41.310001373291016,41.4900016784668,69594,0.0,0.0
2023-09-19 15:30:00-04:00,41.5,41.650001525878906,41.45500183105469,41.5,210824,0.0,0.0
2023-09-20 09:30:00-04:00,41.72999954223633,42.04999923706055,41.47999954223633,41.7599983215332,73258,0.0,0.0
2023-09-20 10:30:00-04:00,41.77000045776367,41.939998626708984,41.72999954223633,41.7400016784668,87430,0.0,0.0
2023-09-20 11:30:00-04:00,41.77000045776367,41.95000076293945,41.66999816894531,41.939998626708984,42636,0.0,0.0
2023-09-20 12:30:00-04:00,41.959999084472656,41.97999954223633,41.82310104370117,41.90999984741211,36914,0.0,0.0
2023-09-20 13:30:00-04:00,41.915000915527344,41.970001220703125,41.630001068115234,41.70000076293945,63667,0.0,0.0
2023-09-20 14:30:00-04:00,41.66999816894531,41.869998931884766,41.220001220703125,41.42409896850586,144634,0.0,0.0
2023-09-20 15:30:00-04:00,41.45000076293945,41.47700119018555,40.9900016784668,41.0099983215332,166772,0.0,0.0
2023-09-21 09:30:00-04:00,40.59000015258789,41.0,40.220001220703125,40.2400016784668,174633,0.0,0.0
2023-09-21 10:30:00-04:00,40.28499984741211,40.45000076293945,40.21500015258789,40.36000061035156,98424,0.0,0.0
2023-09-21 11:30:00-04:00,40.380001068115234,40.5099983215332,39.709999084472656,39.88999938964844,98980,0.0,0.0
2023-09-21 12:30:00-04:00,39.900001525878906,40.09000015258789,39.790000915527344,40.06999969482422,100584,0.0,0.0
2023-09-21 13:30:00-04:00,40.06999969482422,40.27000045776367,39.970001220703125,40.20000076293945,88807,0.0,0.0
2023-09-21 14:30:00-04:00,40.20500183105469,40.2400016784668,39.970001220703125,40.09000015258789,110168,0.0,0.0
2023-09-21 15:30:00-04:00,40.11000061035156,40.18000030517578,39.90999984741211,39.90999984741211,237013,0.0,0.0
2023-09-22 09:30:00-04:00,40.47999954223633,40.5,39.53499984741211,39.959999084472656,102375,0.0,0.0
2023-09-22 10:30:00-04:00,39.94499969482422,40.11000061035156,39.66999816894531,39.779998779296875,73846,0.0,0.0
2023-09-22 11:30:00-04:00,39.790000915527344,39.900001525878906,39.689998626708984,39.779998779296875,60661,0.0,0.0
2023-09-22 12:30:00-04:00,39.814998626708984,39.88999938964844,39.720001220703125,39.724998474121094,42656,0.0,0.0
2023-09-22 13:30:00-04:00,39.709999084472656,39.77000045776367,39.5,39.520999908447266,69414,0.0,0.0
2023-09-22 14:30:00-04:00,39.520999908447266,39.70000076293945,39.5,39.630001068115234,101584,0.0,0.0
2023-09-22 15:30:00-04:00,39.6349983215332,39.65999984741211,39.2400016784668,39.41999816894531,270589,0.0,0.0
2023-09-25 09:30:00-04:00,39.04999923706055,39.959999084472656,38.88999938964844,39.75,87798,0.0,0.0
2023-09-25 10:30:00-04:00,39.77000045776367,39.80500030517578,39.470001220703125,39.650001525878906,93801,0.0,0.0
2023-09-25 11:30:00-04:00,39.66999816894531,39.939998626708984,39.65999984741211,39.86000061035156,58076,0.0,0.0
2023-09-25 12:30:00-04:00,39.880001068115234,39.90999984741211,39.689998626708984,39.86000061035156,54123,0.0,0.0
2023-09-25 13:30:00-04:00,39.86000061035156,39.88999938964844,39.46500015258789,39.4900016784668,112606,0.0,0.0
2023-09-25 14:30:00-04:00,39.47999954223633,39.54999923706055,39.290000915527344,39.5,145534,0.0,0.0
2023-09-25 15:30:00-04:00,39.5,39.540000915527344,39.33000183105469,39.380001068115234,218813,0.0,0.0
2023-09-26 09:30:00-04:00,38.939998626708984,39.4900016784668,38.70000076293945,38.970001220703125,95918,0.0,0.0
2023-09-26 10:30:00-04:00,38.939998626708984,39.0,38.70000076293945,38.728599548339844,148176,0.0,0.0
2023-09-26 11:30:00-04:00,38.709999084472656,38.869998931884766,38.619998931884766,38.86000061035156,76095,0.0,0.0
2023-09-26 12:30:00-04:00,38.86000061035156,38.96500015258789,38.80500030517578,38.80500030517578,70422,0.0,0.0
2023-09-26 13:30:00-04:00,38.790000915527344,38.86000061035156,38.724998474121094,38.79999923706055,63790,0.0,0.0
2023-09-26 14:30:00-04:00,38.79999923706055,38.810001373291016,38.685001373291016,38.720001220703125,105056,0.0,0.0
2023-09-26 15:30:00-04:00,38.7400016784668,38.77000045776367,38.51499938964844,38.560001373291016,218564,0.0,0.0
2023-09-27 09:30:00-04:00,38.72999954223633,39.150001525878906,38.529998779296875,39.060001373291016,228018,0.0,0.0
2023-09-27 10:30:00-04:00,39.06999969482422,39.38999938964844,38.900001525878906,39.369998931884766,105884,0.0,0.0
2023-09-27 11:30:00-04:00,39.375,39.599998474121094,39.189998626708984,39.22999954223633,128100,0.0,0.0
2023-09-27 12:30:00-04:00,39.25,39.34000015258789,39.0,39.02000045776367,145898,0.0,0.0
2023-09-27 13:30:00-04:00,39.0099983215332,39.119998931884766,38.720001220703125,39.119998931884766,112673,0.0,0.0
2023-09-27 14:30:00-04:00,39.130001068115234,39.58000183105469,39.119998931884766,39.439998626708984,171023,0.0,0.0
2023-09-27 15:30:00-04:00,39.43000030517578,39.43000030517578,39.03499984741211,39.2400016784668,336063,0.0,0.0
2023-09-28 09:30:00-04:00,38.939998626708984,39.279998779296875,38.560001373291016,39.04999923706055,110640,0.0,0.0
2023-09-28 10:30:00-04:00,38.95989990234375,39.470001220703125,38.875,39.470001220703125,93707,0.0,0.0
2023-09-28 11:30:00-04:00,39.46500015258789,40.07500076293945,39.46500015258789,40.07350158691406,77958,0.0,0.0
2023-09-28 12:30:00-04:00,40.09000015258789,40.189998626708984,39.900001525878906,39.97999954223633,76239,0.0,0.0
2023-09-28 13:30:00-04:00,40.0,40.11000061035156,39.84000015258789,39.95000076293945,111651,0.0,0.0
2023-09-28 14:30:00-04:00,39.93000030517578,40.095001220703125,39.709999084472656,40.084999084472656,102801,0.0,0.0
2023-09-28 15:30:00-04:00,40.099998474121094,40.099998474121094,39.869998931884766,40.060001373291016,229077,0.0,0.0
2023-09-29 09:30:00-04:00,40.7400016784668,41.369998931884766,40.560001373291016,40.720001220703125,123752,0.0,0.0
2023-09-29 10:30:00-04:00,40.72999954223633,41.08000183105469,40.709999084472656,40.904998779296875,80287,0.0,0.0
2023-09-29 11:30:00-04:00,40.869998931884766,41.10749816894531,40.790000915527344,41.0,95866,0.0,0.0
2023-09-29 12:30:00-04:00,40.9900016784668,41.06999969482422,40.709999084472656,40.880001068115234,90691,0.0,0.0
2023-09-29 13:30:00-04:00,40.900001525878906,40.959999084472656,40.54999923706055,40.709999084472656,122609,0.0,0.0
2023-09-29 14:30:00-04:00,40.709999084472656,40.880001068115234,40.52000045776367,40.650001525878906,111827,0.0,0.0
2023-09-29 15:30:00-04:00,40.63999938964844,40.68000030517578,40.36000061035156,40.47999954223633,293911,0.0,0.0
2023-10-02 09:30:00-04:00,40.2599983215332,41.13999938964844,40.0,40.970001220703125,261557,0.0,0.0
2023-10-02 10:30:00-04:00,40.95000076293945,41.52000045776367,40.900001525878906,41.46500015258789,271615,0.0,0.0
2023-10-02 11:30:00-04:00,41.4900016784668,41.5,41.0,41.025001525878906,108634,0.0,0.0
2023-10-02 12:30:00-04:00,41.040000915527344,41.09000015258789,40.6349983215332,40.814998626708984,101311,0.0,0.0
2023-10-02 13:30:00-04:00,40.849998474121094,40.90999984741211,40.41999816894531,40.595001220703125,81724,0.0,0.0
2023-10-02 14:30:00-04:00,40.619998931884766,40.77000045776367,40.48500061035156,40.529998779296875,120065,0.0,0.0
2023-10-02 15:30:00-04:00,40.540000915527344,40.63999938964844,40.43000030517578,40.61000061035156,257004,0.0,0.0
2023-10-03 09:30:00-04:00,40.29999923706055,40.56999969482422,39.900001525878906,39.93000030517578,85988,0.0,0.0
2023-10-03 10:30:00-04:00,39.93000030517578,40.060001373291016,39.65999984741211,39.71500015258789,127857,0.0,0.0
2023-10-03 11:30:00-04:00,39.71500015258789,39.849998474121094,39.650001525878906,39.79999923706055,58281,0.0,0.0
2023-10-03 12:30:00-04:00,39.814998626708984,39.95000076293945,39.630001068115234,39.650001525878906,93882,0.0,0.0
2023-10-03 13:30:00-04:00,39.65999984741211,39.86000061035156,39.5,39.564998626708984,128685,0.0,0.0
2023-10-03 14:30:00-04:00,39.54999923706055,39.7400016784668,39.470001220703125,39.584999084472656,243463,0.0,0.0
2023-10-03 15:30:00-04:00,39.584999084472656,39.7400016784668,39.5,39.70000076293945,227348,0.0,0.0
2023-10-04 09:30:00-04:00,40.08000183105469,40.59000015258789,39.75,39.9900016784668,115855,0.0,0.0
2023-10-04 10:30:00-04:00,40.060001373291016,40.099998474121094,39.8849983215332,39.9900016784668,66010,0.0,0.0
2023-10-04 11:30:00-04:00,40.0,40.34000015258789,39.93000030517578,40.290000915527344,82111,0.0,0.0
2023-10-04 12:30:00-04:00,40.290000915527344,40.36000061035156,40.189998626708984,40.310001373291016,65936,0.0,0.0
2023-10-04 13:30:00-04:00,40.279998779296875,40.29999923706055,40.09000015258789,40.13999938964844,90759,0.0,0.0
2023-10-04 14:30:00-04:00,40.15999984741211,40.33000183105469,40.04999923706055,40.29999923706055,98316,0.0,0.0
2023-10-04 15:30:00-04:00,40.310001373291016,40.58000183105469,40.310001373291016,40.36000061035156,214748,0.0,0.0
2023-10-05 09:30:00-04:00,40.400001525878906,40.45000076293945,39.599998474121094,39.779998779296875,68946,0.0,0.0
2023-10-05 10:30:00-04:00,39.76499938964844,39.849998474121094,39.369998931884766,39.63999938964844,124808,0.0,0.0
2023-10-05 11:30:00-04:00,39.61000061035156,39.84000015258789,39.540000915527344,39.77000045776367,66570,0.0,0.0
2023-10-05 12:30:00-04:00,39.79999923706055,39.82500076293945,39.439998626708984,39.59000015258789,67045,0.0,0.0
2023-10-05 13:30:00-04:00,39.60499954223633,39.85499954223633,39.56999969482422,39.625,77122,0.0,0.0
2023-10-05 14:30:00-04:00,39.63999938964844,39.91999816894531,39.6150016784668,39.66999816894531,208188,0.0,0.0
2023-10-05 15:30:00-04:00,39.665000915527344,39.7599983215332,39.599998474121094,39.709999084472656,316802,0.0,0.0
2023-10-06 09:30:00-04:00,39.5099983215332,40.310001373291016,39.25,40.310001373291016,112517,0.0,0.0
2023-10-06 10:30:00-04:00,40.3650016784668,40.93000030517578,40.3650016784668,40.93000030517578,78335,0.0,0.0
2023-10-06 11:30:00-04:00,40.94499969482422,41.45000076293945,40.91999816894531,41.15999984741211,78608,0.0,0.0
2023-10-06 12:30:00-04:00,41.13999938964844,41.38420104980469,41.0099983215332,41.349998474121094,53514,0.0,0.0
2023-10-06 13:30:00-04:00,41.349998474121094,41.54999923706055,41.279998779296875,41.47999954223633,73658,0.0,0.0
2023-10-06 14:30:00-04:00,41.4900016784668,41.63990020751953,41.43000030517578,41.619998931884766,82284,0.0,0.0
2023-10-06 15:30:00-04:00,41.630001068115234,41.70000076293945,41.5099983215332,41.61000061035156,177388,0.0,0.0
2023-10-09 09:30:00-04:00,40.869998931884766,41.79999923706055,40.810001373291016,41.439998626708984,85502,0.0,0.0
2023-10-09 10:30:00-04:00,41.41999816894531,41.46500015258789,41.20500183105469,41.42499923706055,96109,0.0,0.0
2023-10-09 11:30:00-04:00,41.40999984741211,41.869998931884766,41.38999938964844,41.79999923706055,114099,0.0,0.0
2023-10-09 12:30:00-04:00,41.790000915527344,41.86000061035156,41.470001220703125,41.689998626708984,54434,0.0,0.0
2023-10-09 13:30:00-04:00,41.70000076293945,41.92959976196289,41.68000030517578,41.869998931884766,82666,0.0,0.0
2023-10-09 14:30:00-04:00,41.849998474121094,41.880001068115234,41.70000076293945,41.7599983215332,93343,0.0,0.0
2023-10-09 15:30:00-04:00,41.75,41.75,41.529998779296875,41.66999816894531,156797,0.0,0.0
2023-10-10 09:30:00-04:00,41.939998626708984,43.2599983215332,41.310001373291016,43.25,163405,0.0,0.0
2023-10-10 10:30:00-04:00,43.25,43.54999923706055,43.25,43.47999954223633,228799,0.0,0.0
2023-10-10 11:30:00-04:00,43.4900016784668,43.63999938964844,43.36000061035156,43.439998626708984,211193,0.0,0.0
2023-10-10 12:30:00-04:00,43.439998626708984,43.56999969482422,43.09000015258789,43.209999084472656,195096,0.0,0.0
2023-10-10 13:30:00-04:00,43.209999084472656,43.459999084472656,43.16999816894531,43.220001220703125,170222,0.0,0.0
2023-10-10 14:30:00-04:00,43.220001220703125,43.470001220703125,43.18000030517578,43.244998931884766,231175,0.0,0.0
2023-10-10 15:30:00-04:00,43.25,43.26499938964844,43.02000045776367,43.13999938964844,312993,0.0,0.0
2023-10-11 09:30:00-04:00,43.22999954223633,43.77000045776367,43.040000915527344,43.310001373291016,133285,0.0,0.0
2023-10-11 10:30:00-04:00,43.2599983215332,43.77000045776367,43.1349983215332,43.709999084472656,125231,0.0,0.0
2023-10-11 11:30:00-04:00,43.709999084472656,43.72999954223633,43.099998474121094,43.20000076293945,92528,0.0,0.0
2023-10-11 12:30:00-04:00,43.209999084472656,43.31999969482422,42.98500061035156,43.150001525878906,132705,0.0,0.0
2023-10-11 13:30:00-04:00,43.099998474121094,43.29999923706055,42.9900016784668,43.22999954223633,76997,0.0,0.0
2023-10-11 14:30:00-04:00,43.22999954223633,43.30500030517578,43.15999984741211,43.30500030517578,96361,0.0,0.0
2023-10-11 15:30:00-04:00,43.30500030517578,43.43000030517578,43.150001525878906,43.400001525878906,242875,0.0,0.0
2023-10-12 09:30:00-04:00,43.959999084472656,44.34000015258789,43.34000015258789,43.53499984741211,145469,0.0,0.0
2023-10-12 10:30:00-04:00,43.47999954223633,43.86000061035156,43.255001068115234,43.279998779296875,88907,0.0,0.0
2023-10-12 11:30:00-04:00,43.27000045776367,43.59000015258789,43.25,43.59000015258789,110654,0.0,0.0
2023-10-12 12:30:00-04:00,43.56999969482422,43.6150016784668,43.02000045776367,43.029998779296875,73384,0.0,0.0
2023-10-12 13:30:00-04:00,43.040000915527344,43.060001373291016,42.369998931884766,42.529998779296875,111197,0.0,0.0
2023-10-12 14:30:00-04:00,42.5,42.7400016784668,42.4900016784668,42.59000015258789,85287,0.0,0.0
2023-10-12 15:30:00-04:00,42.58000183105469,42.650001525878906,42.45000076293945,42.459999084472656,148341,0.0,0.0
2023-10-13 09:30:00-04:00,42.54999923706055,42.7400016784668,41.939998626708984,41.959999084472656,84322,0.0,0.0
2023-10-13 10:30:00-04:00,41.959999084472656,41.959999084472656,41.40999984741211,41.451499938964844,80689,0.0,0.0
2023-10-13 11:30:00-04:00,41.46500015258789,41.64500045776367,41.41999816894531,41.63999938964844,61624,0.0,0.0
2023-10-13 12:30:00-04:00,41.6349983215332,41.7599983215332,41.525001525878906,41.529998779296875,109898,0.0,0.0
2023-10-13 13:30:00-04:00,41.53499984741211,41.84000015258789,41.529998779296875,41.59000015258789,110491,0.0,0.0
2023-10-13 14:30:00-04:00,41.599998474121094,41.869998931884766,41.59000015258789,41.75,93951,0.0,0.0
2023-10-13 15:30:00-04:00,41.7400016784668,41.83000183105469,41.67499923706055,41.77000045776367,177996,0.0,0.0
2023-10-16 09:30:00-04:00,41.86000061035156,43.06999969482422,41.68000030517578,43.060001373291016,94577,0.0,0.0
2023-10-16 10:30:00-04:00,43.064998626708984,43.26499938964844,42.7599983215332,42.790000915527344,119680,0.0,0.0
2023-10-16 11:30:00-04:00,42.79499816894531,42.935001373291016,42.560001373291016,42.70000076293945,64477,0.0,0.0
2023-10-16 12:30:00-04:00,42.709999084472656,43.02000045776367,42.6974983215332,42.869998931884766,146394,0.0,0.0
2023-10-16 13:30:00-04:00,42.8849983215332,43.20000076293945,42.8849983215332,43.189998626708984,69414,0.0,0.0
2023-10-16 14:30:00-04:00,43.15999984741211,43.33000183105469,43.119998931884766,43.33000183105469,79328,0.0,0.0
2023-10-16 15:30:00-04:00,43.34000015258789,43.34000015258789,43.11000061035156,43.2400016784668,175371,0.0,0.0
2023-10-17 09:30:00-04:00,42.959999084472656,44.23500061035156,42.959999084472656,44.09000015258789,121492,0.0,0.0
2023-10-17 10:30:00-04:00,44.09000015258789,44.654998779296875,44.040000915527344,44.61000061035156,279343,0.0,0.0
2023-10-17 11:30:00-04:00,44.58000183105469,44.720001220703125,44.2400016784668,44.65999984741211,158239,0.0,0.0
2023-10-17 12:30:00-04:00,44.66999816894531,44.720001220703125,44.474998474121094,44.58000183105469,104586,0.0,0.0
2023-10-17 13:30:00-04:00,44.56999969482422,44.56999969482422,44.125,44.209999084472656,120869,0.0,0.0
2023-10-17 14:30:00-04:00,44.209999084472656,44.334999084472656,44.025001525878906,44.150001525878906,132021,0.0,0.0
2023-10-17 15:30:00-04:00,44.13999938964844,44.220001220703125,43.900001525878906,43.90999984741211,245163,0.0,0.0
2023-10-18 09:30:00-04:00,43.52000045776367,43.959999084472656,43.38999938964844,43.720001220703125,85740,0.0,0.0
2023-10-18 10:30:00-04:00,43.709999084472656,43.709999084472656,43.03499984741211,43.279998779296875,49772,0.0,0.0
2023-10-18 11:30:00-04:00,43.296600341796875,43.369998931884766,43.060001373291016,43.154998779296875,42035,0.0,0.0
2023-10-18 12:30:00-04:00,43.16999816894531,43.20000076293945,42.93000030517578,43.099998474121094,36264,0.0,0.0
2023-10-18 13:30:00-04:00,43.08000183105469,43.08000183105469,42.845001220703125,42.939998626708984,34922,0.0,0.0
2023-10-18 14:30:00-04:00,42.939998626708984,42.9900016784668,42.689998626708984,42.810001373291016,70297,0.0,0.0
2023-10-18 15:30:00-04:00,42.79999923706055,42.849998474121094,42.7400016784668,42.75,114849,0.0,0.0
2023-10-19 09:30:00-04:00,43.099998474121094,44.029998779296875,42.91999816894531,43.43000030517578,168677,0.0,0.0
2023-10-19 10:30:00-04:00,43.45000076293945,43.72999954223633,43.189998626708984,43.31999969482422,59780,0.0,0.0
2023-10-19 11:30:00-04:00,43.349998474121094,43.84000015258789,43.33000183105469,43.650001525878906,54965,0.0,0.0
2023-10-19 12:30:00-04:00,43.650001525878906,43.880001068115234,43.209999084472656,43.77000045776367,70722,0.0,0.0
2023-10-19 13:30:00-04:00,43.68000030517578,43.68000030517578,43.22999954223633,43.35499954223633,85172,0.0,0.0
2023-10-19 14:30:00-04:00,43.345001220703125,43.369998931884766,42.935001373291016,42.95000076293945,80950,0.0,0.0
2023-10-19 15:30:00-04:00,42.970001220703125,43.0099983215332,42.709999084472656,42.790000915527344,176543,0.0,0.0
2023-10-20 09:30:00-04:00,42.61000061035156,42.61000061035156,41.54999923706055,41.54999923706055,71542,0.0,0.0
2023-10-20 10:30:00-04:00,41.57809829711914,41.57809829711914,40.709999084472656,41.18000030517578,131173,0.0,0.0
2023-10-20 11:30:00-04:00,41.18000030517578,41.689998626708984,41.130001068115234,41.529998779296875,68028,0.0,0.0
2023-10-20 12:30:00-04:00,41.55500030517578,41.95500183105469,41.5099983215332,41.880001068115234,37609,0.0,0.0
2023-10-20 13:30:00-04:00,41.880001068115234,41.880001068115234,41.5099983215332,41.56999969482422,38913,0.0,0.0
2023-10-20 14:30:00-04:00,41.56999969482422,41.61000061035156,41.310001373291016,41.349998474121094,52352,0.0,0.0
2023-10-20 15:30:00-04:00,41.349998474121094,41.44499969482422,41.0,41.0,209898,0.0,0.0
2023-10-23 09:30:00-04:00,40.470001220703125,40.494998931884766,39.5,40.33000183105469,328630,0.0,0.0
2023-10-23 10:30:00-04:00,40.349998474121094,40.474998474121094,40.09000015258789,40.400001525878906,108808,0.0,0.0
2023-10-23 11:30:00-04:00,40.43000030517578,40.61000061035156,40.310001373291016,40.599998474121094,84800,0.0,0.0
2023-10-23 12:30:00-04:00,40.599998474121094,40.939998626708984,40.58000183105469,40.66999816894531,82248,0.0,0.0
2023-10-23 13:30:00-04:00,40.65999984741211,40.72999954223633,40.45000076293945,40.540000915527344,80314,0.0,0.0
2023-10-23 14:30:00-04:00,40.540000915527344,40.650001525878906,40.369998931884766,40.470001220703125,132976,0.0,0.0
2023-10-23 15:30:00-04:00,40.45000076293945,40.58000183105469,40.38999938964844,40.40999984741211,170350,0.0,0.0
2023-10-24 09:30:00-04:00,41.0099983215332,42.20000076293945,41.0099983215332,42.13999938964844,159189,0.0,0.0
2023-10-24 10:30:00-04:00,42.189998626708984,42.310001373291016,41.290000915527344,41.29999923706055,171845,0.0,0.0
2023-10-24 11:30:00-04:00,41.279998779296875,41.31999969482422,40.91999816894531,40.939998626708984,55883,0.0,0.0
2023-10-24 12:30:00-04:00,40.91999816894531,41.220001220703125,40.79999923706055,41.20500183105469,56449,0.0,0.0
2023-10-24 13:30:00-04:00,41.209999084472656,41.29249954223633,41.099998474121094,41.25,46256,0.0,0.0
2023-10-24 14:30:00-04:00,41.45000076293945,41.724998474121094,41.44499969482422,41.69499969482422,110918,0.0,0.0
2023-10-24 15:30:00-04:00,41.689998626708984,41.900001525878906,41.685001373291016,41.86000061035156,142200,0.0,0.0
2023-10-25 09:30:00-04:00,41.06999969482422,41.28499984741211,40.2599983215332,40.540000915527344,97620,0.0,0.0
2023-10-25 10:30:00-04:00,40.54499816894531,40.7400016784668,40.40999984741211,40.54999923706055,85479,0.0,0.0
2023-10-25 11:30:00-04:00,40.52000045776367,40.529998779296875,39.970001220703125,39.974998474121094,115186,0.0,0.0
2023-10-25 12:30:00-04:00,39.970001220703125,40.0099983215332,39.63999938964844,39.66999816894531,98322,0.0,0.0
2023-10-25 13:30:00-04:00,39.66999816894531,39.72999954223633,39.41999816894531,39.45000076293945,131898,0.0,0.0
2023-10-25 14:30:00-04:00,39.470001220703125,39.56990051269531,39.41999816894531,39.47999954223633,66999,0.0,0.0
2023-10-25 15:30:00-04:00,39.5099983215332,39.560001373291016,39.150001525878906,39.16999816894531,179642,0.0,0.0
2023-10-26 09:30:00-04:00,39.25,39.744998931884766,38.56999969482422,39.060001373291016,122302,0.0,0.0
2023-10-26 10:30:00-04:00,39.040000915527344,39.61000061035156,38.970001220703125,39.12910079956055,79993,0.0,0.0
2023-10-26 11:30:00-04:00,39.119998931884766,39.34000015258789,38.650001525878906,38.80500030517578,151631,0.0,0.0
2023-10-26 12:30:00-04:00,38.790000915527344,38.85499954223633,38.08000183105469,38.369998931884766,223909,0.0,0.0
2023-10-26 13:30:00-04:00,38.34000015258789,38.7400016784668,38.31999969482422,38.525001525878906,136636,0.0,0.0
2023-10-26 14:30:00-04:00,38.529998779296875,38.66999816894531,38.31999969482422,38.38999938964844,162616,0.0,0.0
2023-10-26 15:30:00-04:00,38.38999938964844,38.400001525878906,38.220001220703125,38.2400016784668,258470,0.0,0.0
2023-10-27 09:30:00-04:00,38.65999984741211,38.88999938964844,37.505001068115234,37.66999816894531,233570,0.0,0.0
2023-10-27 10:30:00-04:00,37.65999984741211,38.47999954223633,37.6349983215332,38.38800048828125,147289,0.0,0.0
2023-10-27 11:30:00-04:00,38.400001525878906,38.40999984741211,38.0099983215332,38.15999984741211,132073,0.0,0.0
2023-10-27 12:30:00-04:00,38.185001373291016,38.209999084472656,37.89419937133789,37.939998626708984,66690,0.0,0.0
2023-10-27 13:30:00-04:00,37.939998626708984,38.09000015258789,37.880001068115234,37.935001373291016,65727,0.0,0.0
2023-10-27 14:30:00-04:00,37.93000030517578,38.29999923706055,37.93000030517578,38.189998626708984,140594,0.0,0.0
2023-10-27 15:30:00-04:00,38.20000076293945,38.220001220703125,38.02000045776367,38.11000061035156,247829,0.0,0.0
2023-10-30 09:30:00-04:00,38.4900016784668,38.619998931884766,38.029998779296875,38.13999938964844,71207,0.0,0.0
2023-10-30 10:30:00-04:00,38.13999938964844,38.79999923706055,38.130001068115234,38.685001373291016,75178,0.0,0.0
2023-10-30 11:30:00-04:00,38.709999084472656,39.0,38.709999084472656,38.959999084472656,82115,0.0,0.0
2023-10-30 12:30:00-04:00,38.959999084472656,38.974998474121094,38.5,38.72999954223633,63543,0.0,0.0
2023-10-30 13:30:00-04:00,38.779998779296875,38.959999084472656,38.689998626708984,38.88999938964844,78257,0.0,0.0
2023-10-30 14:30:00-04:00,38.919898986816406,39.279998779296875,38.90650177001953,39.13999938964844,110983,0.0,0.0
2023-10-30 15:30:00-04:00,39.16999816894531,39.220001220703125,38.91999816894531,39.0,186838,0.0,0.0
2023-10-31 09:30:00-04:00,39.27000045776367,39.689998626708984,38.88999938964844,39.689998626708984,74949,0.0,0.0
2023-10-31 10:30:00-04:00,39.72999954223633,40.0099983215332,39.375,39.63999938964844,94135,0.0,0.0
2023-10-31 11:30:00-04:00,39.599998474121094,39.81999969482422,39.41999816894531,39.77000045776367,63516,0.0,0.0
2023-10-31 12:30:00-04:00,39.75,39.880001068115234,39.529998779296875,39.685001373291016,45537,0.0,0.0
2023-10-31 13:30:00-04:00,39.66999816894531,39.77000045776367,39.45000076293945,39.4900016784668,63882,0.0,0.0
2023-10-31 14:30:00-04:00,39.459999084472656,39.86000061035156,39.459999084472656,39.7400016784668,73428,0.0,0.0
2023-10-31 15:30:00-04:00,39.72999954223633,39.75,39.5,39.540000915527344,224274,0.0,0.0
2023-11-01 09:30:00-04:00,39.34000015258789,39.66999816894531,38.7599983215332,39.16999816894531,209387,0.0,0.0
2023-11-01 10:30:00-04:00,39.16999816894531,39.22999954223633,38.52000045776367,38.525001525878906,102291,0.0,0.0
2023-11-01 11:30:00-04:00,38.525001525878906,38.579898834228516,38.31999969482422,38.470001220703125,106506,0.0,0.0
2023-11-01 12:30:00-04:00,38.5,38.56999969482422,38.0,38.1150016784668,115478,0.0,0.0
2023-11-01 13:30:00-04:00,38.128501892089844,38.20500183105469,37.869998931884766,37.90999984741211,166138,0.0,0.0
2023-11-01 14:30:00-04:00,37.90999984741211,38.3849983215332,37.557498931884766,38.3849983215332,237979,0.0,0.0
2023-11-01 15:30:00-04:00,38.3849983215332,38.75,38.349998474121094,38.68000030517578,287248,0.0,0.0
2023-11-02 09:30:00-04:00,39.5099983215332,39.9900016784668,39.150001525878906,39.16999816894531,130979,0.0,0.0
2023-11-02 10:30:00-04:00,39.14500045776367,39.36000061035156,38.845001220703125,39.2400016784668,85334,0.0,0.0
2023-11-02 11:30:00-04:00,39.255001068115234,39.31999969482422,38.880001068115234,38.880001068115234,107012,0.0,0.0
2023-11-02 12:30:00-04:00,38.8650016784668,39.08000183105469,38.86000061035156,38.90999984741211,52426,0.0,0.0
2023-11-02 13:30:00-04:00,38.93000030517578,39.15999984741211,38.7400016784668,38.77000045776367,78359,0.0,0.0
2023-11-02 14:30:00-04:00,38.775001525878906,38.810001373291016,38.439998626708984,38.79999923706055,184822,0.0,0.0
2023-11-02 15:30:00-04:00,38.83000183105469,39.02000045776367,38.7599983215332,38.869998931884766,294172,0.0,0.0
2023-11-03 09:30:00-04:00,38.90999984741211,39.505001068115234,38.630001068115234,38.72999954223633,157339,0.0,0.0
2023-11-03 10:30:00-04:00,38.70000076293945,38.91999816894531,38.38999938964844,38.779998779296875,168764,0.0,0.0
2023-11-03 11:30:00-04:00,38.77000045776367,39.0,38.76499938964844,38.95000076293945,89485,0.0,0.0
2023-11-03 12:30:00-04:00,38.93000030517578,39.70500183105469,38.849998474121094,39.70000076293945,211738,0.0,0.0
2023-11-03 13:30:00-04:00,39.709999084472656,40.029998779296875,39.689998626708984,39.97999954223633,150277,0.0,0.0
2023-11-03 14:30:00-04:00,39.970001220703125,40.025001525878906,39.66999816894531,39.70000076293945,211901,0.0,0.0
2023-11-03 15:30:00-04:00,39.68000030517578,39.75,39.58000183105469,39.75,278072,0.0,0.0
2023-11-06 09:30:00-05:00,40.0099983215332,40.0099983215332,38.30500030517578,38.41999816894531,133667,0.0,0.0
2023-11-06 10:30:00-05:00,38.43960189819336,38.66999816894531,38.2400016784668,38.27000045776367,111428,0.0,0.0
2023-11-06 11:30:00-05:00,38.25,38.290000915527344,38.0,38.15999984741211,121250,0.0,0.0
2023-11-06 12:30:00-05:00,38.15999984741211,38.220001220703125,37.689998626708984,37.709999084472656,121402,0.0,0.0
2023-11-06 13:30:00-05:00,37.709999084472656,38.380001068115234,37.66999816894531,38.30500030517578,96828,0.0,0.0
2023-11-06 14:30:00-05:00,38.33000183105469,38.4900016784668,38.20000076293945,38.44499969482422,137040,0.0,0.0
2023-11-06 15:30:00-05:00,38.459999084472656,38.6150016784668,38.38999938964844,38.52000045776367,229228,0.0,0.0
2023-11-07 09:30:00-05:00,39.4900016784668,40.58000183105469,38.880001068115234,40.56919860839844,150874,0.0,0.0
2023-11-07 10:30:00-05:00,40.560001373291016,41.33000183105469,40.54999923706055,41.09000015258789,139545,0.0,0.0
2023-11-07 11:30:00-05:00,41.07500076293945,41.20500183105469,40.39339828491211,40.442501068115234,68786,0.0,0.0
2023-11-07 12:30:00-05:00,40.41999816894531,40.75,40.349998474121094,40.60850143432617,118466,0.0,0.0
2023-11-07 13:30:00-05:00,40.599998474121094,40.904998779296875,40.54999923706055,40.54999923706055,93966,0.0,0.0
2023-11-07 14:30:00-05:00,40.560001373291016,40.709999084472656,40.5099983215332,40.560001373291016,145681,0.0,0.0
2023-11-07 15:30:00-05:00,40.56999969482422,40.78499984741211,40.5,40.61000061035156,227846,0.0,0.0
2023-11-08 09:30:00-05:00,40.58000183105469,40.83000183105469,40.220001220703125,40.25830078125,78602,0.0,0.0
2023-11-08 10:30:00-05:00,40.189998626708984,40.290000915527344,40.040000915527344,40.22999954223633,88609,0.0,0.0
2023-11-08 11:30:00-05:00,40.220001220703125,40.38999938964844,40.11000061035156,40.16999816894531,86784,0.0,0.0
2023-11-08 12:30:00-05:00,40.150001525878906,40.32749938964844,40.040000915527344,40.27000045776367,65666,0.0,0.0
2023-11-08 13:30:00-05:00,40.2599983215332,40.3650016784668,40.185001373291016,40.310001373291016,64283,0.0,0.0
2023-11-08 14:30:00-05:00,40.33000183105469,40.369998931884766,40.189998626708984,40.209999084472656,84594,0.0,0.0
2023-11-08 15:30:00-05:00,40.220001220703125,40.310001373291016,40.06999969482422,40.279998779296875,121263,0.0,0.0
2023-11-09 09:30:00-05:00,40.599998474121094,40.599998474121094,39.959999084472656,40.04999923706055,86423,0.0,0.0
2023-11-09 10:30:00-05:00,40.040000915527344,40.599998474121094,40.040000915527344,40.43000030517578,83681,0.0,0.0
2023-11-09 11:30:00-05:00,40.439998626708984,40.689998626708984,40.154998779296875,40.154998779296875,59028,0.0,0.0
2023-11-09 12:30:00-05:00,40.220001220703125,40.40999984741211,40.029998779296875,40.2400016784668,59346,0.0,0.0
2023-11-09 13:30:00-05:00,40.224998474121094,40.224998474121094,39.85499954223633,39.97999954223633,104637,0.0,0.0
2023-11-09 14:30:00-05:00,40.0099983215332,40.04999923706055,39.72999954223633,39.90999984741211,169159,0.0,0.0
2023-11-09 15:30:00-05:00,39.95000076293945,39.97999954223633,39.630001068115234,39.65999984741211,263867,0.0,0.0
2023-11-10 09:30:00-05:00,39.58000183105469,40.290000915527344,39.45000076293945,39.619998931884766,85669,0.0,0.0
2023-11-10 10:30:00-05:00,39.68000030517578,40.20000076293945,39.45000076293945,40.06719970703125,82961,0.0,0.0
2023-11-10 11:30:00-05:00,40.09000015258789,40.09000015258789,39.72999954223633,39.939998626708984,42077,0.0,0.0
2023-11-10 12:30:00-05:00,39.94499969482422,40.310001373291016,39.94499969482422,40.25,48260,0.0,0.0
2023-11-10 13:30:00-05:00,40.28499984741211,40.41999816894531,40.209999084472656,40.40999984741211,68489,0.0,0.0
2023-11-10 14:30:00-05:00,40.40999984741211,40.41999816894531,40.029998779296875,40.16999816894531,75467,0.0,0.0
2023-11-10 15:30:00-05:00,40.18000030517578,40.380001068115234,40.060001373291016,40.34000015258789,144833,0.0,0.0
2023-11-13 09:30:00-05:00,40.369998931884766,40.79999923706055,39.900001525878906,40.27000045776367,121943,0.0,0.0
2023-11-13 10:30:00-05:00,40.282501220703125,40.46549987792969,40.040000915527344,40.17499923706055,55617,0.0,0.0
2023-11-13 11:30:00-05:00,40.16999816894531,40.349998474121094,39.900001525878906,39.939998626708984,96481,0.0,0.0
2023-11-13 12:30:00-05:00,39.970001220703125,40.209999084472656,39.92499923706055,40.02000045776367,54953,0.0,0.0
2023-11-13 13:30:00-05:00,40.0099983215332,40.27000045776367,40.0099983215332,40.2400016784668,62426,0.0,0.0
2023-11-13 14:30:00-05:00,40.244998931884766,40.439998626708984,40.20000076293945,40.310001373291016,95771,0.0,0.0
2023-11-13 15:30:00-05:00,40.310001373291016,40.34000015258789,40.16999816894531,40.31999969482422,188237,0.0,0.0
2023-11-14 09:30:00-05:00,41.439998626708984,42.310001373291016,41.36000061035156,42.275001525878906,127279,0.0,0.0
2023-11-14 10:30:00-05:00,42.290000915527344,42.599998474121094,42.290000915527344,42.56999969482422,108979,0.0,0.0
2023-11-14 11:30:00-05:00,42.56999969482422,42.709999084472656,42.20000076293945,42.2599983215332,112970,0.0,0.0
2023-11-14 12:30:00-05:00,42.250099182128906,42.880001068115234,42.25,42.689998626708984,145665,0.0,0.0
2023-11-14 13:30:00-05:00,42.71699905395508,42.7599983215332,42.27000045776367,42.27000045776367,127265,0.0,0.0
2023-11-14 14:30:00-05:00,42.29999923706055,42.74959945678711,42.11000061035156,42.70100021362305,169518,0.0,0.0
2023-11-14 15:30:00-05:00,42.70000076293945,42.77000045776367,42.494998931884766,42.70000076293945,234552,0.0,0.0
2023-11-15 09:30:00-05:00,42.70000076293945,43.084999084472656,42.22999954223633,42.69499969482422,205423,0.0,0.0
2023-11-15 10:30:00-05:00,42.7400016784668,43.20000076293945,42.61000061035156,42.900001525878906,208855,0.0,0.0
2023-11-15 11:30:00-05:00,42.900001525878906,42.95000076293945,42.0,42.22999954223633,143658,0.0,0.0
2023-11-15 12:30:00-05:00,42.209999084472656,42.27000045776367,41.619998931884766,41.88999938964844,106866,0.0,0.0
2023-11-15 13:30:00-05:00,41.88249969482422,42.060001373291016,41.77000045776367,41.97999954223633,153184,0.0,0.0
2023-11-15 14:30:00-05:00,41.9900016784668,42.119998931884766,41.834999084472656,41.89500045776367,163424,0.0,0.0
2023-11-15 15:30:00-05:00,41.880001068115234,42.0,41.79999923706055,42.0,256121,0.0,0.0
2023-11-16 09:30:00-05:00,41.65999984741211,41.66999816894531,41.25,41.470001220703125,186392,0.0,0.0
2023-11-16 10:30:00-05:00,41.470001220703125,41.59000015258789,40.42499923706055,40.43000030517578,150209,0.0,0.0
2023-11-16 11:30:00-05:00,40.45000076293945,41.07500076293945,40.439300537109375,41.040000915527344,129965,0.0,0.0
2023-11-16 12:30:00-05:00,41.040000915527344,41.33000183105469,41.0099983215332,41.2599983215332,157604,0.0,0.0
2023-11-16 13:30:00-05:00,41.28499984741211,41.29999923706055,40.900001525878906,40.939998626708984,106850,0.0,0.0
2023-11-16 14:30:00-05:00,40.95000076293945,41.16999816894531,40.880001068115234,40.93000030517578,155803,0.0,0.0
2023-11-16 15:30:00-05:00,40.93000030517578,41.06999969482422,40.88999938964844,40.93000030517578,406779,0.0,0.0
2023-11-17 09:30:00-05:00,40.790000915527344,40.934600830078125,40.11000061035156,40.77000045776367,320788,0.0,0.0
2023-11-17 10:30:00-05:00,40.770999908447266,41.02000045776367,40.70000076293945,40.849998474121094,116523,0.0,0.0
2023-11-17 11:30:00-05:00,40.849998474121094,41.08580017089844,40.779998779296875,40.92499923706055,100779,0.0,0.0
2023-11-17 12:30:00-05:00,40.94499969482422,40.96500015258789,40.83300018310547,40.91999816894531,71134,0.0,0.0
2023-11-17 13:30:00-05:00,40.92499923706055,40.9900016784668,40.79999923706055,40.86000061035156,69577,0.0,0.0
2023-11-17 14:30:00-05:00,40.84000015258789,41.26499938964844,40.7400016784668,41.16999816894531,109070,0.0,0.0
2023-11-17 15:30:00-05:00,41.16999816894531,41.2400016784668,40.95000076293945,41.220001220703125,164227,0.0,0.0
2023-11-20 09:30:00-05:00,41.43000030517578,42.369998931884766,41.279998779296875,42.154998779296875,114062,0.0,0.0
2023-11-20 10:30:00-05:00,42.130001068115234,42.41999816894531,41.90999984741211,41.959999084472656,214510,0.0,0.0
2023-11-20 11:30:00-05:00,41.959999084472656,42.2943000793457,41.81999969482422,42.16999816894531,105549,0.0,0.0
2023-11-20 12:30:00-05:00,42.17499923706055,42.18000030517578,41.869998931884766,41.9900016784668,89886,0.0,0.0
2023-11-20 13:30:00-05:00,41.9900016784668,42.060001373291016,41.77000045776367,41.810001373291016,69607,0.0,0.0
2023-11-20 14:30:00-05:00,41.79999923706055,41.904998779296875,41.57500076293945,41.58000183105469,112632,0.0,0.0
2023-11-20 15:30:00-05:00,41.58000183105469,41.7599983215332,41.52000045776367,41.7599983215332,291130,0.0,0.0
2023-11-21 09:30:00-05:00,41.209999084472656,42.09000015258789,40.900001525878906,40.959999084472656,113980,0.0,0.0
2023-11-21 10:30:00-05:00,40.9900016784668,41.10499954223633,40.779998779296875,40.95500183105469,93749,0.0,0.0
2023-11-21 11:30:00-05:00,40.970001220703125,41.36000061035156,40.86000061035156,41.310001373291016,65911,0.0,0.0
2023-11-21 12:30:00-05:00,41.300498962402344,41.39500045776367,41.18000030517578,41.279998779296875,59408,0.0,0.0
2023-11-21 13:30:00-05:00,41.310001373291016,41.349998474121094,41.099998474121094,41.224998474121094,120409,0.0,0.0
2023-11-21 14:30:00-05:00,41.22999954223633,41.290000915527344,41.150001525878906,41.15999984741211,146606,0.0,0.0
2023-11-21 15:30:00-05:00,41.16999816894531,41.18000030517578,40.849998474121094,40.88999938964844,298771,0.0,0.0
2023-11-22 09:30:00-05:00,41.38999938964844,42.059898376464844,41.36000061035156,42.02000045776367,115535,0.0,0.0
2023-11-22 10:30:00-05:00,42.040000915527344,42.150001525878906,41.88999938964844,41.9900016784668,100138,0.0,0.0
2023-11-22 11:30:00-05:00,42.0099983215332,42.2400016784668,41.97999954223633,42.08000183105469,113441,0.0,0.0
2023-11-22 12:30:00-05:00,42.099998474121094,42.099998474121094,41.872501373291016,42.03499984741211,91922,0.0,0.0
2023-11-22 13:30:00-05:00,42.04499816894531,42.189998626708984,41.849998474121094,41.880001068115234,104420,0.0,0.0
2023-11-22 14:30:00-05:00,41.869998931884766,41.869998931884766,41.650001525878906,41.77000045776367,106806,0.0,0.0
2023-11-22 15:30:00-05:00,41.779998779296875,41.779998779296875,41.5,41.5099983215332,187228,0.0,0.0
2023-11-24 09:30:00-05:00,41.33000183105469,41.599998474121094,41.1349983215332,41.54999923706055,36427,0.0,0.0
2023-11-24 10:30:00-05:00,41.5,41.790000915527344,41.47999954223633,41.75899887084961,47983,0.0,0.0
2023-11-24 11:30:00-05:00,41.755001068115234,41.81999969482422,41.68000030517578,41.70000076293945,53840,0.0,0.0
2023-11-27 09:30:00-05:00,41.5,42.11000061035156,41.279998779296875,42.01499938964844,105837,0.0,0.0
2023-11-27 10:30:00-05:00,42.07500076293945,42.310001373291016,41.88999938964844,42.060001373291016,95452,0.0,0.0
2023-11-27 11:30:00-05:00,42.06999969482422,42.380001068115234,42.029998779296875,42.34000015258789,88994,0.0,0.0
2023-11-27 12:30:00-05:00,42.34000015258789,42.349998474121094,42.16999816894531,42.20500183105469,62995,0.0,0.0
2023-11-27 13:30:00-05:00,42.189998626708984,42.21500015258789,42.040000915527344,42.09000015258789,69771,0.0,0.0
2023-11-27 14:30:00-05:00,42.084999084472656,42.22999954223633,41.95500183105469,42.17499923706055,136818,0.0,0.0
2023-11-27 15:30:00-05:00,42.16999816894531,42.20500183105469,41.66999816894531,41.66999816894531,185107,0.0,0.0
2023-11-28 09:30:00-05:00,41.40999984741211,41.78499984741211,41.20000076293945,41.40999984741211,70189,0.0,0.0
2023-11-28 10:30:00-05:00,41.40999984741211,41.875,41.380001068115234,41.4900016784668,50057,0.0,0.0
2023-11-28 11:30:00-05:00,41.58000183105469,41.849998474121094,41.56999969482422,41.779998779296875,47269,0.0,0.0
2023-11-28 12:30:00-05:00,41.765098571777344,41.939998626708984,41.529998779296875,41.63999938964844,77396,0.0,0.0
2023-11-28 13:30:00-05:00,41.619998931884766,41.720001220703125,41.540000915527344,41.59000015258789,41577,0.0,0.0
2023-11-28 14:30:00-05:00,41.59000015258789,41.75,41.560001373291016,41.6150016784668,64669,0.0,0.0
2023-11-28 15:30:00-05:00,41.61000061035156,41.779998779296875,41.59000015258789,41.7599983215332,137350,0.0,0.0
2023-11-29 09:30:00-05:00,42.38999938964844,43.150001525878906,42.38999938964844,42.720001220703125,83884,0.0,0.0
2023-11-29 10:30:00-05:00,42.75,43.0099983215332,42.459999084472656,42.459999084472656,64413,0.0,0.0
2023-11-29 11:30:00-05:00,42.45000076293945,42.779998779296875,42.27000045776367,42.62419891357422,45244,0.0,0.0
2023-11-29 12:30:00-05:00,42.619998931884766,42.68000030517578,42.33000183105469,42.380001068115234,38231,0.0,0.0
2023-11-29 13:30:00-05:00,42.400001525878906,42.4900016784668,42.279998779296875,42.34000015258789,36615,0.0,0.0
2023-11-29 14:30:00-05:00,42.36000061035156,42.40999984741211,42.04999923706055,42.06999969482422,64430,0.0,0.0
2023-11-29 15:30:00-05:00,42.08000183105469,42.16999816894531,41.97999954223633,42.15999984741211,106313,0.0,0.0
2023-11-30 09:30:00-05:00,42.4900016784668,42.91999816894531,42.040000915527344,42.220001220703125,155506,0.0,0.0
2023-11-30 10:30:00-05:00,42.209999084472656,42.36000061035156,41.52000045776367,42.15999984741211,129486,0.0,0.0
2023-11-30 11:30:00-05:00,42.130001068115234,42.130001068115234,41.869998931884766,41.90999984741211,103341,0.0,0.0
2023-11-30 12:30:00-05:00,41.915000915527344,42.119998931884766,41.83000183105469,42.08000183105469,62206,0.0,0.0
2023-11-30 13:30:00-05:00,42.06999969482422,42.16999816894531,41.9900016784668,42.04499816894531,156247,0.0,0.0
2023-11-30 14:30:00-05:00,42.02000045776367,42.2599983215332,42.02000045776367,42.150001525878906,84328,0.0,0.0
2023-11-30 15:30:00-05:00,42.15999984741211,42.41999816894531,42.15999984741211,42.380001068115234,242754,0.0,0.0
2023-12-01 09:30:00-05:00,42.779998779296875,43.75,42.61000061035156,43.25,274252,0.0,0.0
2023-12-01 10:30:00-05:00,43.22999954223633,43.790000915527344,43.16999816894531,43.68000030517578,288916,0.0,0.0
2023-12-01 11:30:00-05:00,43.68000030517578,44.060001373291016,43.619998931884766,44.060001373291016,195765,0.0,0.0
2023-12-01 12:30:00-05:00,44.06999969482422,44.459999084472656,44.060001373291016,44.189998626708984,500692,0.0,0.0
2023-12-01 13:30:00-05:00,44.20000076293945,44.494998931884766,44.119998931884766,44.38999938964844,185629,0.0,0.0
2023-12-01 14:30:00-05:00,44.400001525878906,44.48500061035156,44.17499923706055,44.48500061035156,236610,0.0,0.0
2023-12-01 15:30:00-05:00,44.4900016784668,44.4900016784668,44.29999923706055,44.4900016784668,352649,0.0,0.0
2023-12-04 09:30:00-05:00,44.18000030517578,45.02000045776367,43.69499969482422,44.58000183105469,330247,0.0,0.0
2023-12-04 10:30:00-05:00,44.59000015258789,44.88999938964844,44.349998474121094,44.85499954223633,172492,0.0,0.0
2023-12-04 11:30:00-05:00,44.84000015258789,44.84000015258789,44.45000076293945,44.68000030517578,137370,0.0,0.0
2023-12-04 12:30:00-05:00,44.68000030517578,44.790000915527344,44.4900016784668,44.59000015258789,118955,0.0,0.0
2023-12-04 13:30:00-05:00,44.56999969482422,44.720001220703125,44.375,44.6349983215332,123419,0.0,0.0
2023-12-04 14:30:00-05:00,44.6349983215332,44.709999084472656,44.44200134277344,44.66999816894531,228383,0.0,0.0
2023-12-04 15:30:00-05:00,44.68000030517578,44.875,44.654998779296875,44.709999084472656,283580,0.0,0.0
2023-12-05 09:30:00-05:00,44.4900016784668,45.959999084472656,44.36000061035156,45.38999938964844,402102,0.0,0.0
2023-12-05 10:30:00-05:00,45.39500045776367,45.810001373291016,44.8849983215332,45.119998931884766,484275,0.0,0.0
2023-12-05 11:30:00-05:00,45.11000061035156,45.150001525878906,44.67499923706055,44.83000183105469,151003,0.0,0.0
2023-12-05 12:30:00-05:00,44.79999923706055,45.08000183105469,44.59000015258789,45.08000183105469,135333,0.0,0.0
2023-12-05 13:30:00-05:00,45.08000183105469,45.40999984741211,44.810001373291016,45.27000045776367,188491,0.0,0.0
2023-12-05 14:30:00-05:00,45.27000045776367,45.599998474121094,45.16999816894531,45.46500015258789,196646,0.0,0.0
2023-12-05 15:30:00-05:00,45.459999084472656,45.470001220703125,45.244998931884766,45.2599983215332,286227,0.0,0.0
2023-12-06 09:30:00-05:00,44.9900016784668,45.0,44.220001220703125,44.46500015258789,347970,0.0,0.0
2023-12-06 10:30:00-05:00,44.5,45.150001525878906,44.5,45.02000045776367,137309,0.0,0.0
2023-12-06 11:30:00-05:00,45.040000915527344,45.189998626708984,44.779998779296875,45.029998779296875,164475,0.0,0.0
2023-12-06 12:30:00-05:00,45.03499984741211,45.099998474121094,44.810001373291016,44.95000076293945,233853,0.0,0.0
2023-12-06 13:30:00-05:00,44.93000030517578,45.150001525878906,44.810001373291016,44.810001373291016,152270,0.0,0.0
2023-12-06 14:30:00-05:00,44.81999969482422,44.970001220703125,44.61000061035156,44.7599983215332,189701,0.0,0.0
2023-12-06 15:30:00-05:00,44.7400016784668,44.7599983215332,44.61000061035156,44.720001220703125,333455,0.0,0.0
2023-12-07 09:30:00-05:00,44.33000183105469,44.45000076293945,43.345001220703125,44.45000076293945,257976,0.0,0.0
2023-12-07 10:30:00-05:00,44.380001068115234,44.58000183105469,44.150001525878906,44.415000915527344,213010,0.0,0.0
2023-12-07 11:30:00-05:00,44.42499923706055,44.599998474121094,44.25,44.41999816894531,121892,0.0,0.0
2023-12-07 12:30:00-05:00,44.43000030517578,45.119998931884766,44.400001525878906,45.09000015258789,298772,0.0,0.0
2023-12-07 13:30:00-05:00,45.08000183105469,45.25,44.81999969482422,45.0099983215332,302468,0.0,0.0
2023-12-07 14:30:00-05:00,45.0,45.15999984741211,44.70000076293945,44.91999816894531,390063,0.0,0.0
2023-12-07 15:30:00-05:00,44.91999816894531,45.08000183105469,44.720001220703125,44.93000030517578,873087,0.0,0.0
2023-12-08 09:30:00-05:00,45.380001068115234,47.099998474121094,44.339698791503906,44.85499954223633,982593,0.0,0.0
2023-12-08 10:30:00-05:00,44.845001220703125,45.334999084472656,44.66999816894531,44.720001220703125,474424,0.0,0.0
2023-12-08 11:30:00-05:00,44.77000045776367,44.88999938964844,43.880001068115234,44.29999923706055,489688,0.0,0.0
2023-12-08 12:30:00-05:00,44.27009963989258,44.5099983215332,43.709999084472656,43.75,293820,0.0,0.0
2023-12-08 13:30:00-05:00,43.7400016784668,43.75,42.7599983215332,43.18000030517578,586102,0.0,0.0
2023-12-08 14:30:00-05:00,43.15999984741211,43.83000183105469,42.869998931884766,43.70000076293945,519782,0.0,0.0
2023-12-08 15:30:00-05:00,43.709999084472656,44.31999969482422,43.689998626708984,44.150001525878906,561535,0.0,0.0
2023-12-11 09:30:00-05:00,43.81999969482422,44.4900016784668,43.70000076293945,44.08000183105469,206533,0.0,0.0
2023-12-11 10:30:00-05:00,44.04999923706055,45.20000076293945,44.02000045776367,45.10369873046875,207522,0.0,0.0
2023-12-11 11:30:00-05:00,45.095001220703125,45.519901275634766,44.9901008605957,45.220001220703125,193691,0.0,0.0
2023-12-11 12:30:00-05:00,45.22999954223633,45.22999954223633,44.75,44.86000061035156,130596,0.0,0.0
2023-12-11 13:30:00-05:00,44.85499954223633,44.88999938964844,44.65999984741211,44.81999969482422,186825,0.0,0.0
2023-12-11 14:30:00-05:00,44.82500076293945,45.244998931884766,44.79999923706055,45.20000076293945,248840,0.0,0.0
2023-12-11 15:30:00-05:00,45.20000076293945,45.30500030517578,45.00749969482422,45.15999984741211,397212,0.0,0.0
2023-12-12 09:30:00-05:00,45.13999938964844,45.209999084472656,43.96500015258789,44.09000015258789,207143,0.0,0.0
2023-12-12 10:30:00-05:00,44.08000183105469,44.380001068115234,43.939998626708984,43.939998626708984,218964,0.0,0.0
2023-12-12 11:30:00-05:00,43.95000076293945,44.04999923706055,43.529998779296875,43.54499816894531,192313,0.0,0.0
2023-12-12 12:30:00-05:00,43.54999923706055,43.775001525878906,43.52000045776367,43.57500076293945,130589,0.0,0.0
2023-12-12 13:30:00-05:00,43.56999969482422,43.64500045776367,43.459999084472656,43.54999923706055,169871,0.0,0.0
2023-12-12 14:30:00-05:00,43.54999923706055,44.150001525878906,43.54999923706055,44.11000061035156,181399,0.0,0.0
2023-12-12 15:30:00-05:00,44.099998474121094,44.154998779296875,43.86000061035156,43.9900016784668,321027,0.0,0.0
2023-12-13 09:30:00-05:00,43.959999084472656,44.20000076293945,43.279998779296875,43.31999969482422,198973,0.0,0.0
2023-12-13 10:30:00-05:00,43.33000183105469,43.685001373291016,43.20000076293945,43.59000015258789,262143,0.0,0.0
2023-12-13 11:30:00-05:00,43.625,43.63999938964844,43.244998931884766,43.34000015258789,147464,0.0,0.0
2023-12-13 12:30:00-05:00,43.34000015258789,43.45500183105469,43.244998931884766,43.279998779296875,143472,0.0,0.0
2023-12-13 13:30:00-05:00,43.28499984741211,44.81999969482422,43.189998626708984,44.755001068115234,277218,0.0,0.0
2023-12-13 14:30:00-05:00,44.7599983215332,45.97999954223633,44.540000915527344,45.470001220703125,605675,0.0,0.0
2023-12-13 15:30:00-05:00,45.470001220703125,45.72999954223633,45.41999816894531,45.5,572155,0.0,0.0
2023-12-14 09:30:00-05:00,46.0,46.599998474121094,45.66999816894531,45.70000076293945,282678,0.0,0.0
2023-12-14 10:30:00-05:00,45.69499969482422,45.7599983215332,44.95000076293945,45.060001373291016,195700,0.0,0.0
2023-12-14 11:30:00-05:00,45.02000045776367,45.70000076293945,45.0,45.45000076293945,173222,0.0,0.0
2023-12-14 12:30:00-05:00,45.45000076293945,45.505001068115234,44.880001068115234,44.959999084472656,245595,0.0,0.0
2023-12-14 13:30:00-05:00,44.96500015258789,45.0,44.5,44.84000015258789,165995,0.0,0.0
2023-12-14 14:30:00-05:00,44.83000183105469,45.25,44.77000045776367,45.029998779296875,160590,0.0,0.0
2023-12-14 15:30:00-05:00,45.025001525878906,45.18000030517578,44.869998931884766,45.15999984741211,276732,0.0,0.0
2023-12-15 09:30:00-05:00,45.20000076293945,46.0099983215332,44.595001220703125,45.9900016784668,131808,0.0,0.0
2023-12-15 10:30:00-05:00,45.98500061035156,46.220001220703125,45.685001373291016,45.91999816894531,159330,0.0,0.0
2023-12-15 11:30:00-05:00,45.91999816894531,46.0099983215332,45.654998779296875,45.900001525878906,137647,0.0,0.0
2023-12-15 12:30:00-05:00,45.88999938964844,45.90999984741211,45.45500183105469,45.68000030517578,141172,0.0,0.0
2023-12-15 13:30:00-05:00,45.66999816894531,46.314998626708984,45.43000030517578,46.189998626708984,171630,0.0,0.0
2023-12-15 14:30:00-05:00,46.189998626708984,46.38999938964844,46.099998474121094,46.279998779296875,159851,0.0,0.0
2023-12-15 15:30:00-05:00,46.28499984741211,46.68000030517578,46.20000076293945,46.56999969482422,384731,0.0,0.0
2023-12-18 09:30:00-05:00,46.970001220703125,47.060001373291016,46.29999923706055,46.375,291772,0.0,0.0
2023-12-18 10:30:00-05:00,46.369998931884766,46.369998931884766,45.90999984741211,46.11000061035156,91347,0.0,0.0
2023-12-18 11:30:00-05:00,46.099998474121094,46.380001068115234,46.060001373291016,46.209999084472656,188463,0.0,0.0
2023-12-18 12:30:00-05:00,46.19499969482422,46.619998931884766,46.19499969482422,46.56999969482422,149976,0.0,0.0
2023-12-18 13:30:00-05:00,46.56999969482422,46.7599983215332,46.529998779296875,46.630001068115234,80736,0.0,0.0
2023-12-18 14:30:00-05:00,46.619998931884766,47.0099983215332,46.45000076293945,46.91999816894531,289499,0.0,0.0
2023-12-18 15:30:00-05:00,46.939998626708984,47.060001373291016,46.5099983215332,46.52000045776367,180620,0.0,0.0
2023-12-19 09:30:00-05:00,46.81999969482422,47.369998931884766,46.720001220703125,47.09000015258789,91626,0.0,0.0
2023-12-19 10:30:00-05:00,47.04999923706055,47.04999923706055,46.63999938964844,46.83000183105469,83504,0.0,0.0
2023-12-19 11:30:00-05:00,46.84000015258789,46.95000076293945,46.63999938964844,46.689998626708984,100882,0.0,0.0
2023-12-19 12:30:00-05:00,46.70000076293945,46.94499969482422,46.560001373291016,46.92499923706055,69103,0.0,0.0
2023-12-19 13:30:00-05:00,46.939998626708984,47.185001373291016,46.8650016784668,47.060001373291016,85677,0.0,0.0
2023-12-19 14:30:00-05:00,47.060001373291016,47.349998474121094,47.040000915527344,47.279998779296875,172671,0.0,0.0
2023-12-19 15:30:00-05:00,47.279998779296875,47.380001068115234,47.220001220703125,47.25,222205,0.0,0.0
2023-12-20 09:30:00-05:00,47.38999938964844,47.91999816894531,46.869998931884766,47.79999923706055,149395,0.0,0.0
2023-12-20 10:30:00-05:00,47.779998779296875,47.88999938964844,47.54999923706055,47.75,144984,0.0,0.0
2023-12-20 11:30:00-05:00,47.7599983215332,48.0,47.68000030517578,47.83000183105469,92112,0.0,0.0
2023-12-20 12:30:00-05:00,47.84000015258789,48.119998931884766,47.72999954223633,48.084999084472656,122079,0.0,0.0
2023-12-20 13:30:00-05:00,48.08000183105469,48.150001525878906,47.7599983215332,47.779998779296875,152261,0.0,0.0
2023-12-20 14:30:00-05:00,47.7599983215332,47.779998779296875,46.7599983215332,46.7599983215332,182961,0.0,0.0
2023-12-20 15:30:00-05:00,46.77000045776367,46.86000061035156,46.459999084472656,46.47999954223633,183054,0.0,0.0
2023-12-21 09:30:00-05:00,47.20000076293945,47.275001525878906,46.4900016784668,46.810001373291016,115576,0.0,0.0
2023-12-21 10:30:00-05:00,46.79499816894531,47.060001373291016,46.72999954223633,47.01499938964844,102002,0.0,0.0
2023-12-21 11:30:00-05:00,47.025001525878906,47.47999954223633,47.0,47.29499816894531,133280,0.0,0.0
2023-12-21 12:30:00-05:00,47.29999923706055,47.540000915527344,47.279998779296875,47.525001525878906,117067,0.0,0.0
2023-12-21 13:30:00-05:00,47.540000915527344,47.630001068115234,47.44499969482422,47.55500030517578,173828,0.0,0.0
2023-12-21 14:30:00-05:00,47.55500030517578,47.806800842285156,47.459999084472656,47.7599983215332,196666,0.0,0.0
2023-12-21 15:30:00-05:00,47.77000045776367,47.790000915527344,47.5099983215332,47.61000061035156,217598,0.0,0.0
2023-12-22 09:30:00-05:00,47.84000015258789,48.04999923706055,47.65999984741211,47.85499954223633,143332,0.0,0.0
2023-12-22 10:30:00-05:00,47.86000061035156,48.130001068115234,47.7400016784668,47.790000915527344,135458,0.0,0.0
2023-12-22 11:30:00-05:00,47.790000915527344,47.90999984741211,47.650001525878906,47.68000030517578,114866,0.0,0.0
2023-12-22 12:30:00-05:00,47.68000030517578,47.720001220703125,47.529998779296875,47.69499969482422,86653,0.0,0.0
2023-12-22 13:30:00-05:00,47.70500183105469,47.720001220703125,47.36000061035156,47.439998626708984,117065,0.0,0.0
2023-12-22 14:30:00-05:00,47.459999084472656,47.779998779296875,47.34000015258789,47.77000045776367,186871,0.0,0.0
2023-12-22 15:30:00-05:00,47.78499984741211,47.834999084472656,47.63999938964844,47.63999938964844,230958,0.0,0.0
2023-12-26 09:30:00-05:00,47.650001525878906,47.84000015258789,47.20500183105469,47.66999816894531,121406,0.0,0.0
2023-12-26 10:30:00-05:00,47.71500015258789,47.75,47.3567008972168,47.439998626708984,103333,0.0,0.0
2023-12-26 11:30:00-05:00,47.45000076293945,47.63999938964844,47.45000076293945,47.56999969482422,68342,0.0,0.0
2023-12-26 12:30:00-05:00,47.56999969482422,47.86000061035156,47.54499816894531,47.83000183105469,74285,0.0,0.0
2023-12-26 13:30:00-05:00,47.84000015258789,48.01499938964844,47.84000015258789,47.935001373291016,58315,0.0,0.0
2023-12-26 14:30:00-05:00,47.93000030517578,48.130001068115234,47.93000030517578,48.119998931884766,78781,0.0,0.0
2023-12-26 15:30:00-05:00,48.11000061035156,48.170101165771484,48.02000045776367,48.060001373291016,103314,0.0,0.0
2023-12-27 09:30:00-05:00,48.15999984741211,48.290000915527344,47.849998474121094,48.060001373291016,132589,0.0,0.0
2023-12-27 10:30:00-05:00,48.06999969482422,48.09000015258789,47.79999923706055,48.060001373291016,90809,0.0,0.0
2023-12-27 11:30:00-05:00,48.09000015258789,48.29499816894531,48.08000183105469,48.28200149536133,164258,0.0,0.0
2023-12-27 12:30:00-05:00,48.290000915527344,48.56999969482422,48.25,48.40999984741211,125854,0.0,0.0
2023-12-27 13:30:00-05:00,48.38999938964844,48.43000030517578,48.224998474121094,48.380001068115234,110591,0.0,0.0
2023-12-27 14:30:00-05:00,48.349998474121094,48.429901123046875,48.244998931884766,48.35499954223633,152775,0.0,0.0
2023-12-27 15:30:00-05:00,48.35499954223633,48.43000030517578,48.165000915527344,48.43000030517578,242870,0.0,0.0
2023-12-28 09:30:00-05:00,48.310001373291016,48.4296989440918,47.97999954223633,48.349998474121094,65058,0.0,0.0
2023-12-28 10:30:00-05:00,48.38999938964844,48.38999938964844,47.939998626708984,48.22999954223633,104813,0.0,0.0
2023-12-28 11:30:00-05:00,48.22999954223633,48.29999923706055,47.994998931884766,48.08000183105469,66642,0.0,0.0
2023-12-28 12:30:00-05:00,48.07500076293945,48.150001525878906,47.97999954223633,48.1349983215332,76508,0.0,0.0
2023-12-28 13:30:00-05:00,48.119998931884766,48.2599983215332,48.08000183105469,48.209999084472656,87863,0.0,0.0
2023-12-28 14:30:00-05:00,48.20000076293945,48.2400016784668,48.0,48.11280059814453,102302,0.0,0.0
2023-12-28 15:30:00-05:00,48.11000061035156,48.290000915527344,48.040000915527344,48.27000045776367,152298,0.0,0.0
2023-12-29 09:30:00-05:00,48.33000183105469,48.959999084472656,48.150001525878906,48.56999969482422,122239,0.0,0.0
2023-12-29 10:30:00-05:00,48.54999923706055,48.54999923706055,48.029998779296875,48.060001373291016,123512,0.0,0.0
2023-12-29 11:30:00-05:00,48.04999923706055,48.31999969482422,48.02000045776367,48.1150016784668,85803,0.0,0.0
2023-12-29 12:30:00-05:00,48.130001068115234,48.380001068115234,48.130001068115234,48.279998779296875,63099,0.0,0.0
2023-12-29 13:30:00-05:00,48.26499938964844,48.380001068115234,48.189998626708984,48.189998626708984,65140,0.0,0.0
2023-12-29 14:30:00-05:00,48.189998626708984,48.22999954223633,48.040000915527344,48.064998626708984,88033,0.0,0.0
2023-12-29 15:30:00-05:00,48.064998626708984,48.064998626708984,47.76599884033203,47.83000183105469,203382,0.0,0.0
2024-01-02 09:30:00-05:00,47.099998474121094,47.279998779296875,46.18000030517578,46.22999954223633,603905,0.0,0.0
2024-01-02 10:30:00-05:00,46.20000076293945,46.869998931884766,46.040000915527344,46.86000061035156,217439,0.0,0.0
2024-01-02 11:30:00-05:00,46.85499954223633,47.150001525878906,46.84000015258789,47.065399169921875,202502,0.0,0.0
2024-01-02 12:30:00-05:00,47.06999969482422,47.099998474121094,46.75,46.93000030517578,191643,0.0,0.0
2024-01-02 13:30:00-05:00,46.90999984741211,46.96500015258789,46.5,46.76499938964844,150475,0.0,0.0
2024-01-02 14:30:00-05:00,46.779998779296875,46.79999923706055,46.400001525878906,46.41999816894531,178908,0.0,0.0
2024-01-02 15:30:00-05:00,46.41999816894531,46.70500183105469,46.400001525878906,46.619998931884766,238484,0.0,0.0
2024-01-03 09:30:00-05:00,45.560001373291016,46.310001373291016,45.43000030517578,45.63999938964844,139216,0.0,0.0
2024-01-03 10:30:00-05:00,45.650001525878906,45.68000030517578,45.349998474121094,45.58000183105469,99907,0.0,0.0
2024-01-03 11:30:00-05:00,45.56999969482422,45.709999084472656,45.20000076293945,45.38999938964844,116880,0.0,0.0
2024-01-03 12:30:00-05:00,45.38999938964844,45.559898376464844,45.29999923706055,45.36000061035156,99723,0.0,0.0
2024-01-03 13:30:00-05:00,45.3650016784668,45.369998931884766,44.81999969482422,45.04999923706055,85342,0.0,0.0
2024-01-03 14:30:00-05:00,45.060001373291016,45.130001068115234,44.630001068115234,44.67499923706055,118183,0.0,0.0
2024-01-03 15:30:00-05:00,44.689998626708984,44.900001525878906,44.54999923706055,44.560001373291016,203194,0.0,0.0
2024-01-04 09:30:00-05:00,44.22999954223633,44.70000076293945,44.04999923706055,44.38999938964844,119595,0.0,0.0
2024-01-04 10:30:00-05:00,44.400001525878906,44.599998474121094,44.290000915527344,44.4900016784668,76993,0.0,0.0
2024-01-04 11:30:00-05:00,44.470001220703125,44.58000183105469,44.16999816894531,44.349998474121094,107571,0.0,0.0
2024-01-04 12:30:00-05:00,44.345001220703125,44.40999984741211,44.189998626708984,44.31999969482422,91257,0.0,0.0
2024-01-04 13:30:00-05:00,44.34000015258789,44.47999954223633,44.2400016784668,44.27000045776367,71291,0.0,0.0
2024-01-04 14:30:00-05:00,44.255001068115234,44.40999984741211,44.13999938964844,44.34000015258789,96490,0.0,0.0
2024-01-04 15:30:00-05:00,44.33000183105469,44.47999954223633,44.029998779296875,44.060001373291016,230770,0.0,0.0
2024-01-05 09:30:00-05:00,43.630001068115234,44.88999938964844,43.630001068115234,44.619998931884766,142936,0.0,0.0
2024-01-05 10:30:00-05:00,44.650001525878906,44.869998931884766,44.439998626708984,44.47999954223633,104687,0.0,0.0
2024-01-05 11:30:00-05:00,44.52000045776367,44.70000076293945,44.40999984741211,44.529998779296875,81010,0.0,0.0
2024-01-05 12:30:00-05:00,44.52000045776367,44.59000015258789,44.36000061035156,44.43000030517578,71043,0.0,0.0
2024-01-05 13:30:00-05:00,44.42499923706055,44.66999816894531,44.42499923706055,44.56999969482422,69846,0.0,0.0
2024-01-05 14:30:00-05:00,44.58000183105469,44.599998474121094,44.279998779296875,44.33000183105469,80460,0.0,0.0
2024-01-05 15:30:00-05:00,44.33000183105469,44.400001525878906,44.224998474121094,44.279998779296875,158083,0.0,0.0
2024-01-08 09:30:00-05:00,44.75,45.9900016784668,44.43000030517578,45.8650016784668,161663,0.0,0.0
2024-01-08 10:30:00-05:00,45.900001525878906,46.22999954223633,45.70000076293945,45.79499816894531,83293,0.0,0.0
2024-01-08 11:30:00-05:00,45.810001373291016,45.97999954223633,45.619998931884766,45.97999954223633,52660,0.0,0.0
2024-01-08 12:30:00-05:00,45.9900016784668,46.06999969482422,45.93000030517578,45.970001220703125,37674,0.0,0.0
2024-01-08 13:30:00-05:00,45.989898681640625,46.09000015258789,45.89500045776367,45.900001525878906,50902,0.0,0.0
2024-01-08 14:30:00-05:00,45.90999984741211,45.970001220703125,45.7599983215332,45.95000076293945,139944,0.0,0.0
2024-01-08 15:30:00-05:00,45.95000076293945,46.130001068115234,45.869998931884766,46.06999969482422,188451,0.0,0.0
2024-01-09 09:30:00-05:00,45.880001068115234,47.129798889160156,45.79499816894531,47.09000015258789,141840,0.0,0.0
2024-01-09 10:30:00-05:00,47.130001068115234,47.279998779296875,46.95000076293945,47.0,87241,0.0,0.0
2024-01-09 11:30:00-05:00,47.02000045776367,47.060001373291016,46.44499969482422,46.470001220703125,210451,0.0,0.0
2024-01-09 12:30:00-05:00,46.470001220703125,46.939998626708984,46.470001220703125,46.58000183105469,147261,0.0,0.0
2024-01-09 13:30:00-05:00,46.56999969482422,47.02000045776367,46.540000915527344,46.93000030517578,83673,0.0,0.0
2024-01-09 14:30:00-05:00,46.93000030517578,47.02000045776367,46.75,46.79999923706055,200604,0.0,0.0
2024-01-09 15:30:00-05:00,46.79999923706055,46.97999954223633,46.68000030517578,46.95000076293945,262083,0.0,0.0
2024-01-10 09:30:00-05:00,47.5,47.5,46.560001373291016,47.099998474121094,79078,0.0,0.0
2024-01-10 10:30:00-05:00,47.08000183105469,47.494998931884766,47.040000915527344,47.27000045776367,58736,0.0,0.0
2024-01-10 11:30:00-05:00,47.25,47.66299819946289,47.189998626708984,47.63999938964844,55457,0.0,0.0
2024-01-10 12:30:00-05:00,47.63999938964844,47.8650016784668,47.5,47.85499954223633,53115,0.0,0.0
2024-01-10 13:30:00-05:00,47.869998931884766,48.029998779296875,47.810001373291016,47.95000076293945,79953,0.0,0.0
2024-01-10 14:30:00-05:00,47.9900016784668,48.119998931884766,47.83000183105469,47.880001068115234,84379,0.0,0.0
2024-01-10 15:30:00-05:00,47.875,48.11000061035156,47.83000183105469,48.09000015258789,176009,0.0,0.0
2024-01-11 09:30:00-05:00,49.06999969482422,49.41999816894531,47.992698669433594,48.345001220703125,207574,0.0,0.0
2024-01-11 10:30:00-05:00,48.3650016784668,48.54999923706055,48.084999084472656,48.099998474121094,83829,0.0,0.0
2024-01-11 11:30:00-05:00,48.06999969482422,48.310001373291016,47.91999816894531,47.970001220703125,64744,0.0,0.0
2024-01-11 12:30:00-05:00,47.98500061035156,48.650001525878906,47.95000076293945,48.54999923706055,55055,0.0,0.0
2024-01-11 13:30:00-05:00,48.540000915527344,48.790000915527344,48.46500015258789,48.779998779296875,116420,0.0,0.0
2024-01-11 14:30:00-05:00,48.81999969482422,48.84000015258789,48.3650016784668,48.470001220703125,96279,0.0,0.0
2024-01-11 15:30:00-05:00,48.47999954223633,48.67499923706055,48.43000030517578,48.54999923706055,166931,0.0,0.0
2024-01-12 09:30:00-05:00,48.7599983215332,49.41999816894531,48.599998474121094,48.65999984741211,104377,0.0,0.0
2024-01-12 10:30:00-05:00,48.650001525878906,48.81999969482422,48.4900016784668,48.650001525878906,84320,0.0,0.0
2024-01-12 11:30:00-05:00,48.630001068115234,48.869998931884766,48.470001220703125,48.81999969482422,97463,0.0,0.0
2024-01-12 12:30:00-05:00,48.790000915527344,48.810001373291016,48.52000045776367,48.709999084472656,68972,0.0,0.0
2024-01-12 13:30:00-05:00,48.72999954223633,48.75,48.540000915527344,48.685001373291016,109444,0.0,0.0
2024-01-12 14:30:00-05:00,48.66999816894531,48.66999816894531,48.31999969482422,48.45920181274414,169320,0.0,0.0
2024-01-12 15:30:00-05:00,48.45000076293945,48.4900016784668,48.290000915527344,48.310001373291016,203526,0.0,0.0
2024-01-16 09:30:00-05:00,47.83000183105469,47.9900016784668,47.16999816894531,47.79999923706055,142643,0.0,0.0
2024-01-16 10:30:00-05:00,47.790000915527344,47.95000076293945,47.470001220703125,47.72999954223633,100439,0.0,0.0
2024-01-16 11:30:00-05:00,47.6974983215332,47.834999084472656,47.599998474121094,47.64899826049805,101645,0.0,0.0
2024-01-16 12:30:00-05:00,47.6349983215332,48.0099983215332,47.529998779296875,47.75,142517,0.0,0.0
2024-01-16 13:30:00-05:00,47.7599983215332,47.849998474121094,47.47999954223633,47.56999969482422,66389,0.0,0.0
2024-01-16 14:30:00-05:00,47.56999969482422,47.73500061035156,47.529998779296875,47.650001525878906,146909,0.0,0.0
2024-01-16 15:30:00-05:00,47.66999816894531,47.86000061035156,47.61000061035156,47.81999969482422,160587,0.0,0.0
2024-01-17 09:30:00-05:00,47.369998931884766,47.5099983215332,45.52000045776367,46.25,207402,0.0,0.0
2024-01-17 10:30:00-05:00,46.22999954223633,46.63999938964844,46.060001373291016,46.529998779296875,108303,0.0,0.0
2024-01-17 11:30:00-05:00,46.529998779296875,46.529998779296875,46.02000045776367,46.029998779296875,221806,0.0,0.0
2024-01-17 12:30:00-05:00,46.029998779296875,46.09000015258789,45.78499984741211,45.810001373291016,124595,0.0,0.0
2024-01-17 13:30:00-05:00,45.79999923706055,46.08000183105469,45.69499969482422,45.974998474121094,175719,0.0,0.0
2024-01-17 14:30:00-05:00,45.97999954223633,46.560001373291016,45.97010040283203,46.38999938964844,676972,0.0,0.0
2024-01-17 15:30:00-05:00,46.380001068115234,46.84000015258789,46.34000015258789,46.779998779296875,212587,0.0,0.0
2024-01-18 09:30:00-05:00,47.29999923706055,47.529998779296875,45.650001525878906,46.20000076293945,205660,0.0,0.0
2024-01-18 10:30:00-05:00,46.19499969482422,46.380001068115234,45.88999938964844,46.040000915527344,128798,0.0,0.0
2024-01-18 11:30:00-05:00,46.060001373291016,46.185001373291016,45.540000915527344,45.56999969482422,192454,0.0,0.0
2024-01-18 12:30:00-05:00,45.560001373291016,45.61000061035156,45.189998626708984,45.25,130587,0.0,0.0
2024-01-18 13:30:00-05:00,45.255001068115234,45.61000061035156,45.2400016784668,45.54999923706055,163006,0.0,0.0
2024-01-18 14:30:00-05:00,45.54999923706055,45.689998626708984,45.33000183105469,45.689998626708984,244930,0.0,0.0
2024-01-18 15:30:00-05:00,45.709999084472656,45.88999938964844,45.685001373291016,45.81999969482422,268554,0.0,0.0
2024-01-19 09:30:00-05:00,46.099998474121094,46.099998474121094,44.93000030517578,45.33000183105469,123134,0.0,0.0
2024-01-19 10:30:00-05:00,45.33000183105469,45.63999938964844,45.20000076293945,45.5,122549,0.0,0.0
2024-01-19 11:30:00-05:00,45.470001220703125,45.5099983215332,45.20000076293945,45.38999938964844,77272,0.0,0.0
2024-01-19 12:30:00-05:00,45.380001068115234,45.619998931884766,45.33000183105469,45.619998931884766,98697,0.0,0.0
2024-01-19 13:30:00-05:00,45.61000061035156,46.06999969482422,45.59000015258789,46.040000915527344,80831,0.0,0.0
2024-01-19 14:30:00-05:00,46.02000045776367,46.040000915527344,45.72999954223633,45.744998931884766,132348,0.0,0.0
2024-01-19 15:30:00-05:00,45.7400016784668,46.16999816894531,45.72999954223633,46.16999816894531,187761,0.0,0.0
2024-01-22 09:30:00-05:00,46.849998474121094,47.619998931884766,46.689998626708984,47.185001373291016,518090,0.0,0.0
2024-01-22 10:30:00-05:00,47.119998931884766,47.40999984741211,46.7599983215332,47.25,127949,0.0,0.0
2024-01-22 11:30:00-05:00,47.25,47.279998779296875,46.689998626708984,46.779998779296875,205319,0.0,0.0
2024-01-22 12:30:00-05:00,46.82500076293945,46.82500076293945,46.16999816894531,46.16999816894531,191089,0.0,0.0
2024-01-22 13:30:00-05:00,46.16999816894531,46.34000015258789,46.04999923706055,46.119998931884766,99370,0.0,0.0
2024-01-22 14:30:00-05:00,46.130001068115234,46.380001068115234,45.9900016784668,46.380001068115234,171467,0.0,0.0
2024-01-22 15:30:00-05:00,46.38999938964844,46.43000030517578,46.150001525878906,46.27000045776367,367644,0.0,0.0
2024-01-23 09:30:00-05:00,46.630001068115234,46.88999938964844,45.974998474121094,46.6349983215332,86490,0.0,0.0
2024-01-23 10:30:00-05:00,46.67499923706055,46.67499923706055,46.06999969482422,46.09000015258789,61902,0.0,0.0
2024-01-23 11:30:00-05:00,46.09000015258789,46.28499984741211,45.88999938964844,46.27000045776367,74939,0.0,0.0
2024-01-23 12:30:00-05:00,46.25,46.41999816894531,46.15999984741211,46.18000030517578,76836,0.0,0.0
2024-01-23 13:30:00-05:00,46.18000030517578,46.33000183105469,46.08000183105469,46.220001220703125,103955,0.0,0.0
2024-01-23 14:30:00-05:00,46.20000076293945,46.529998779296875,46.189998626708984,46.470001220703125,117653,0.0,0.0
2024-01-23 15:30:00-05:00,46.459999084472656,46.5099983215332,46.3650016784668,46.439998626708984,266376,0.0,0.0
2024-01-24 09:30:00-05:00,46.880001068115234,46.95000076293945,45.90999984741211,46.15999984741211,140307,0.0,0.0
2024-01-24 10:30:00-05:00,46.150001525878906,47.095001220703125,46.09000015258789,47.095001220703125,260843,0.0,0.0
2024-01-24 11:30:00-05:00,47.11000061035156,47.38999938964844,46.9900016784668,47.2599983215332,220945,0.0,0.0
2024-01-24 12:30:00-05:00,47.21500015258789,47.27000045776367,46.619998931884766,46.66999816894531,177328,0.0,0.0
2024-01-24 13:30:00-05:00,46.66999816894531,46.99570083618164,46.599998474121094,46.8849983215332,200479,0.0,0.0
2024-01-24 14:30:00-05:00,46.88999938964844,47.040000915527344,46.70000076293945,46.7599983215332,204899,0.0,0.0
2024-01-24 15:30:00-05:00,46.7599983215332,46.77000045776367,46.31999969482422,46.40999984741211,382032,0.0,0.0
2024-01-25 09:30:00-05:00,46.72999954223633,47.0099983215332,46.040000915527344,46.400001525878906,72415,0.0,0.0
2024-01-25 10:30:00-05:00,46.38999938964844,46.54999923706055,46.09000015258789,46.380001068115234,70736,0.0,0.0
2024-01-25 11:30:00-05:00,46.43000030517578,46.529998779296875,46.209999084472656,46.380001068115234,77531,0.0,0.0
2024-01-25 12:30:00-05:00,46.38999938964844,46.43479919433594,46.119998931884766,46.20000076293945,111223,0.0,0.0
2024-01-25 13:30:00-05:00,46.20000076293945,46.209999084472656,45.52000045776367,45.599998474121094,77976,0.0,0.0
2024-01-25 14:30:00-05:00,45.59000015258789,45.90999984741211,45.56999969482422,45.810001373291016,100921,0.0,0.0
2024-01-25 15:30:00-05:00,45.790000915527344,46.04999923706055,45.7599983215332,46.0,134845,0.0,0.0
2024-01-26 09:30:00-05:00,45.709999084472656,46.34000015258789,45.709999084472656,46.15999984741211,95829,0.0,0.0
2024-01-26 10:30:00-05:00,46.15999984741211,46.54460144042969,46.150001525878906,46.15999984741211,60716,0.0,0.0
2024-01-26 11:30:00-05:00,46.16999816894531,46.380001068115234,46.14500045776367,46.20000076293945,51615,0.0,0.0
2024-01-26 12:30:00-05:00,46.14500045776367,46.14500045776367,45.970001220703125,46.029998779296875,58930,0.0,0.0
2024-01-26 13:30:00-05:00,46.040000915527344,46.16999816894531,45.90999984741211,46.040000915527344,56233,0.0,0.0
2024-01-26 14:30:00-05:00,46.02000045776367,46.13059997558594,45.900001525878906,45.91999816894531,66729,0.0,0.0
2024-01-26 15:30:00-05:00,45.93000030517578,45.95000076293945,45.75,45.75,117274,0.0,0.0
2024-01-29 09:30:00-05:00,45.849998474121094,47.0,45.849998474121094,47.0,77207,0.0,0.0
2024-01-29 10:30:00-05:00,47.0,47.01250076293945,46.650001525878906,46.72999954223633,112623,0.0,0.0
2024-01-29 11:30:00-05:00,46.720001220703125,47.18000030517578,46.720001220703125,47.02000045776367,173229,0.0,0.0
2024-01-29 12:30:00-05:00,47.04249954223633,47.17649841308594,46.90010070800781,46.959999084472656,105043,0.0,0.0
2024-01-29 13:30:00-05:00,46.959999084472656,47.0890007019043,46.7599983215332,47.0,107525,0.0,0.0
2024-01-29 14:30:00-05:00,47.02000045776367,47.369998931884766,47.0,47.31999969482422,157905,0.0,0.0
2024-01-29 15:30:00-05:00,47.33000183105469,47.369998931884766,47.130001068115234,47.369998931884766,227462,0.0,0.0
2024-01-30 09:30:00-05:00,47.68000030517578,47.7400016784668,46.45000076293945,46.54750061035156,107391,0.0,0.0
2024-01-30 10:30:00-05:00,46.56999969482422,46.59000015258789,46.189998626708984,46.5099983215332,167127,0.0,0.0
2024-01-30 11:30:00-05:00,46.5,46.65999984741211,46.43000030517578,46.45500183105469,66924,0.0,0.0
2024-01-30 12:30:00-05:00,46.45500183105469,46.59000015258789,46.380001068115234,46.57500076293945,83932,0.0,0.0
2024-01-30 13:30:00-05:00,46.58000183105469,46.599998474121094,46.369998931884766,46.45000076293945,100982,0.0,0.0
2024-01-30 14:30:00-05:00,46.459999084472656,46.494998931884766,46.33000183105469,46.47999954223633,111312,0.0,0.0
2024-01-30 15:30:00-05:00,46.47999954223633,46.6150016784668,46.45000076293945,46.599998474121094,195758,0.0,0.0
2024-01-31 09:30:00-05:00,46.04999923706055,46.04999923706055,45.28499984741211,45.290000915527344,89444,0.0,0.0
2024-01-31 10:30:00-05:00,45.31999969482422,45.32400131225586,44.59000015258789,45.040000915527344,137701,0.0,0.0
2024-01-31 11:30:00-05:00,45.040000915527344,45.27000045776367,44.90999984741211,45.220001220703125,91349,0.0,0.0
2024-01-31 12:30:00-05:00,45.22999954223633,45.400001525878906,45.06999969482422,45.279998779296875,130874,0.0,0.0
2024-01-31 13:30:00-05:00,45.290000915527344,45.380001068115234,44.869998931884766,45.04999923706055,105339,0.0,0.0
2024-01-31 14:30:00-05:00,45.04999923706055,45.95000076293945,44.665000915527344,45.30699920654297,166985,0.0,0.0
2024-01-31 15:30:00-05:00,45.27000045776367,45.27000045776367,44.849998474121094,44.970001220703125,319427,0.0,0.0
2024-02-01 09:30:00-05:00,45.029998779296875,45.709999084472656,44.95000076293945,45.15999984741211,130683,0.0,0.0
2024-02-01 10:30:00-05:00,45.16699981689453,45.16699981689453,44.29999923706055,44.51499938964844,105507,0.0,0.0
2024-02-01 11:30:00-05:00,44.540000915527344,44.814998626708984,44.529998779296875,44.630001068115234,97199,0.0,0.0
2024-02-01 12:30:00-05:00,44.63999938964844,45.029998779296875,44.630001068115234,44.88999938964844,99697,0.0,0.0
2024-02-01 13:30:00-05:00,44.900001525878906,44.970001220703125,44.68000030517578,44.88999938964844,145293,0.0,0.0
2024-02-01 14:30:00-05:00,44.89500045776367,44.90999984741211,44.65999984741211,44.7599983215332,153341,0.0,0.0
2024-02-01 15:30:00-05:00,44.7599983215332,44.79999923706055,44.529998779296875,44.7599983215332,239910,0.0,0.0
2024-02-02 09:30:00-05:00,44.43000030517578,44.744998931884766,44.189998626708984,44.45000076293945,97949,0.0,0.0
2024-02-02 10:30:00-05:00,44.45000076293945,44.83000183105469,44.2599983215332,44.689998626708984,169260,0.0,0.0
2024-02-02 11:30:00-05:00,44.7400016784668,44.83000183105469,44.459999084472656,44.68000030517578,158477,0.0,0.0
2024-02-02 12:30:00-05:00,44.68000030517578,44.755001068115234,44.400001525878906,44.63999938964844,91890,0.0,0.0
2024-02-02 13:30:00-05:00,44.63999938964844,44.97999954223633,44.529998779296875,44.81999969482422,99831,0.0,0.0
2024-02-02 14:30:00-05:00,44.84000015258789,45.060001373291016,44.720001220703125,44.97999954223633,129602,0.0,0.0
2024-02-02 15:30:00-05:00,44.97999954223633,45.130001068115234,44.82500076293945,45.099998474121094,282334,0.0,0.0
2024-02-05 09:30:00-05:00,44.689998626708984,44.86000061035156,43.93000030517578,44.21649932861328,100056,0.0,0.0
2024-02-05 10:30:00-05:00,44.185001373291016,44.689998626708984,43.86000061035156,44.529998779296875,121513,0.0,0.0
2024-02-05 11:30:00-05:00,44.540000915527344,44.540000915527344,44.06999969482422,44.39500045776367,87287,0.0,0.0
2024-02-05 12:30:00-05:00,44.40999984741211,44.814998626708984,44.37900161743164,44.560001373291016,99567,0.0,0.0
2024-02-05 13:30:00-05:00,44.529998779296875,44.720001220703125,44.47999954223633,44.70000076293945,94970,0.0,0.0
2024-02-05 14:30:00-05:00,44.70500183105469,44.82500076293945,44.560001373291016,44.689998626708984,78213,0.0,0.0
2024-02-05 15:30:00-05:00,44.70000076293945,44.939998626708984,44.63999938964844,44.790000915527344,184480,0.0,0.0
2024-02-06 09:30:00-05:00,45.130001068115234,45.42499923706055,44.77000045776367,45.20000076293945,81189,0.0,0.0
2024-02-06 10:30:00-05:00,45.13999938964844,45.349998474121094,45.11000061035156,45.34000015258789,50638,0.0,0.0
2024-02-06 11:30:00-05:00,45.36000061035156,45.38999938964844,44.33000183105469,44.470001220703125,79571,0.0,0.0
2024-02-06 12:30:00-05:00,44.470001220703125,44.880001068115234,44.400001525878906,44.869998931884766,53510,0.0,0.0
2024-02-06 13:30:00-05:00,44.880001068115234,44.9900016784668,44.70500183105469,44.880001068115234,67261,0.0,0.0
2024-02-06 14:30:00-05:00,44.88999938964844,45.279998779296875,44.88999938964844,45.23500061035156,101600,0.0,0.0
2024-02-06 15:30:00-05:00,45.23500061035156,45.2599983215332,45.029998779296875,45.220001220703125,114006,0.0,0.0
2024-02-07 09:30:00-05:00,45.65999984741211,45.959999084472656,45.08000183105469,45.939998626708984,89014,0.0,0.0
2024-02-07 10:30:00-05:00,45.970001220703125,45.970001220703125,45.529998779296875,45.560001373291016,72550,0.0,0.0
2024-02-07 11:30:00-05:00,45.47999954223633,45.7400016784668,45.380001068115234,45.56999969482422,107889,0.0,0.0
2024-02-07 12:30:00-05:00,45.56999969482422,45.95000076293945,45.494998931884766,45.95000076293945,79629,0.0,0.0
2024-02-07 13:30:00-05:00,45.96500015258789,45.9900016784668,45.810001373291016,45.880001068115234,76837,0.0,0.0
2024-02-07 14:30:00-05:00,45.880001068115234,46.2400016784668,45.810001373291016,45.81999969482422,160690,0.0,0.0
2024-02-07 15:30:00-05:00,45.83000183105469,45.83000183105469,45.529998779296875,45.529998779296875,191447,0.0,0.0
2024-02-08 09:30:00-05:00,45.58000183105469,46.65999984741211,45.2599983215332,46.36000061035156,86996,0.0,0.0
2024-02-08 10:30:00-05:00,46.345001220703125,46.66999816894531,46.33000183105469,46.48749923706055,81075,0.0,0.0
2024-02-08 11:30:00-05:00,46.470001220703125,46.93000030517578,46.439998626708984,46.85499954223633,117894,0.0,0.0
2024-02-08 12:30:00-05:00,46.83000183105469,46.83000183105469,46.279998779296875,46.38999938964844,65719,0.0,0.0
2024-02-08 13:30:00-05:00,46.380001068115234,46.439998626708984,46.13999938964844,46.18000030517578,74285,0.0,0.0
2024-02-08 14:30:00-05:00,46.15999984741211,46.35499954223633,46.06999969482422,46.23500061035156,98190,0.0,0.0
2024-02-08 15:30:00-05:00,46.23500061035156,46.369998931884766,46.11000061035156,46.36000061035156,165627,0.0,0.0
2024-02-09 09:30:00-05:00,46.81999969482422,47.63999938964844,46.415000915527344,47.63999938964844,142601,0.0,0.0
2024-02-09 10:30:00-05:00,47.630001068115234,47.90999984741211,47.54999923706055,47.849998474121094,152729,0.0,0.0
2024-02-09 11:30:00-05:00,47.849998474121094,47.95000076293945,47.59000015258789,47.91999816894531,97116,0.0,0.0
2024-02-09 12:30:00-05:00,47.90999984741211,48.13999938964844,47.869998931884766,48.099998474121094,131218,0.0,0.0
2024-02-09 13:30:00-05:00,48.099998474121094,48.31990051269531,47.994998931884766,48.30500030517578,100255,0.0,0.0
2024-02-09 14:30:00-05:00,48.30500030517578,48.349998474121094,47.810001373291016,48.005001068115234,158592,0.0,0.0
2024-02-09 15:30:00-05:00,47.970001220703125,48.09000015258789,47.77000045776367,47.939998626708984,197294,0.0,0.0
2024-02-12 09:30:00-05:00,47.650001525878906,47.79999923706055,47.09000015258789,47.36000061035156,130116,0.0,0.0
2024-02-12 10:30:00-05:00,47.40999984741211,47.41999816894531,46.959999084472656,47.02000045776367,134097,0.0,0.0
2024-02-12 11:30:00-05:00,47.02000045776367,47.06999969482422,46.845001220703125,46.97999954223633,123126,0.0,0.0
2024-02-12 12:30:00-05:00,46.959999084472656,47.084999084472656,46.88999938964844,46.91999816894531,97729,0.0,0.0
2024-02-12 13:30:00-05:00,46.904998779296875,46.93000030517578,46.459999084472656,46.630001068115234,71833,0.0,0.0
2024-02-12 14:30:00-05:00,46.625,46.779998779296875,46.45000076293945,46.75,99666,0.0,0.0
2024-02-12 15:30:00-05:00,46.77000045776367,46.77000045776367,46.525001525878906,46.540000915527344,194097,0.0,0.0
2024-02-13 09:30:00-05:00,44.81999969482422,45.22999954223633,44.4900016784668,45.22999954223633,168018,0.0,0.0
2024-02-13 10:30:00-05:00,45.2599983215332,45.630001068115234,45.16999816894531,45.54999923706055,101029,0.0,0.0
2024-02-13 11:30:00-05:00,45.540000915527344,45.72999954223633,45.20000076293945,45.27000045776367,75519,0.0,0.0
2024-02-13 12:30:00-05:00,45.29999923706055,45.52000045776367,45.040000915527344,45.119998931884766,97343,0.0,0.0
2024-02-13 13:30:00-05:00,45.11000061035156,45.2400016784668,44.75,44.91999816894531,129433,0.0,0.0
2024-02-13 14:30:00-05:00,44.91999816894531,45.06999969482422,44.529998779296875,44.720001220703125,157800,0.0,0.0
2024-02-13 15:30:00-05:00,44.72999954223633,44.814998626708984,44.540000915527344,44.779998779296875,279698,0.0,0.0
2024-02-14 09:30:00-05:00,45.4900016784668,46.16999816894531,45.16999816894531,45.79999923706055,117615,0.0,0.0
2024-02-14 10:30:00-05:00,45.81999969482422,45.81999969482422,45.26499938964844,45.474998474121094,118890,0.0,0.0
2024-02-14 11:30:00-05:00,45.474998474121094,45.619998931884766,45.27000045776367,45.54999923706055,137630,0.0,0.0
2024-02-14 12:30:00-05:00,45.564998626708984,45.75,45.220001220703125,45.22999954223633,109169,0.0,0.0
2024-02-14 13:30:00-05:00,45.25,45.47999954223633,45.0,45.310001373291016,167342,0.0,0.0
2024-02-14 14:30:00-05:00,45.310001373291016,45.7599983215332,45.29999923706055,45.400001525878906,144619,0.0,0.0
2024-02-14 15:30:00-05:00,45.400001525878906,45.70000076293945,45.290000915527344,45.68000030517578,243719,0.0,0.0
2024-02-15 09:30:00-05:00,46.13999938964844,46.13999938964844,45.224998474121094,45.41999816894531,61199,0.0,0.0
2024-02-15 10:30:00-05:00,45.375,45.5,44.9900016784668,45.14500045776367,65499,0.0,0.0
2024-02-15 11:30:00-05:00,45.13999938964844,45.220001220703125,45.02000045776367,45.16999816894531,52304,0.0,0.0
2024-02-15 12:30:00-05:00,45.16999816894531,45.279998779296875,44.970001220703125,45.279998779296875,70187,0.0,0.0
2024-02-15 13:30:00-05:00,45.275001525878906,45.66999816894531,45.1349983215332,45.59000015258789,123871,0.0,0.0
2024-02-15 14:30:00-05:00,45.56999969482422,45.56999969482422,45.02000045776367,45.20000076293945,98355,0.0,0.0
2024-02-15 15:30:00-05:00,45.20000076293945,45.27000045776367,45.13999938964844,45.22999954223633,141078,0.0,0.0
2024-02-16 09:30:00-05:00,44.689998626708984,45.025001525878906,43.720001220703125,44.165000915527344,166045,0.0,0.0
2024-02-16 10:30:00-05:00,44.119998931884766,44.529998779296875,44.04999923706055,44.459999084472656,158664,0.0,0.0
2024-02-16 11:30:00-05:00,44.459999084472656,44.502601623535156,44.08000183105469,44.23379898071289,115900,0.0,0.0
2024-02-16 12:30:00-05:00,44.2400016784668,44.5,44.154998779296875,44.47999954223633,135729,0.0,0.0
2024-02-16 13:30:00-05:00,44.4900016784668,44.619998931884766,44.279998779296875,44.279998779296875,144623,0.0,0.0
2024-02-16 14:30:00-05:00,44.290000915527344,44.29999923706055,43.880001068115234,44.06999969482422,170041,0.0,0.0
2024-02-16 15:30:00-05:00,44.084999084472656,44.11000061035156,43.689998626708984,43.70000076293945,237731,0.0,0.0
2024-02-20 09:30:00-05:00,43.209999084472656,43.45000076293945,42.720001220703125,42.970001220703125,109487,0.0,0.0
2024-02-20 10:30:00-05:00,42.959999084472656,43.40999984741211,42.77000045776367,43.345001220703125,78298,0.0,0.0
2024-02-20 11:30:00-05:00,43.34000015258789,43.47999954223633,43.18000030517578,43.439998626708984,135714,0.0,0.0
2024-02-20 12:30:00-05:00,43.44499969482422,43.63999938964844,43.25,43.2599983215332,91501,0.0,0.0
2024-02-20 13:30:00-05:00,43.2599983215332,43.55699920654297,43.2599983215332,43.369998931884766,81239,0.0,0.0
2024-02-20 14:30:00-05:00,43.38999938964844,43.4370002746582,43.29999923706055,43.38999938964844,92491,0.0,0.0
2024-02-20 15:30:00-05:00,43.38999938964844,43.58000183105469,43.2400016784668,43.56999969482422,231369,0.0,0.0
2024-02-21 09:30:00-05:00,42.099998474121094,42.970001220703125,41.70000076293945,41.86000061035156,178790,0.0,0.0
2024-02-21 10:30:00-05:00,41.86000061035156,42.2599983215332,41.83000183105469,41.974998474121094,118153,0.0,0.0
2024-02-21 11:30:00-05:00,41.974998474121094,42.119998931884766,41.654998779296875,41.83000183105469,243702,0.0,0.0
2024-02-21 12:30:00-05:00,41.83000183105469,41.869998931884766,41.599998474121094,41.66999816894531,120693,0.0,0.0
2024-02-21 13:30:00-05:00,41.68000030517578,41.900001525878906,41.58000183105469,41.599998474121094,226032,0.0,0.0
2024-02-21 14:30:00-05:00,41.59000015258789,41.619998931884766,41.2400016784668,41.4900016784668,329837,0.0,0.0
2024-02-21 15:30:00-05:00,41.5,41.709999084472656,41.439998626708984,41.45000076293945,448197,0.0,0.0
2024-02-22 09:30:00-05:00,42.47999954223633,42.57749938964844,41.79999923706055,41.8650016784668,185987,0.0,0.0
2024-02-22 10:30:00-05:00,41.89500045776367,42.029998779296875,41.5,41.65999984741211,120455,0.0,0.0
2024-02-22 11:30:00-05:00,41.66999816894531,41.81999969482422,41.560001373291016,41.775001525878906,116474,0.0,0.0
2024-02-22 12:30:00-05:00,41.779998779296875,41.91999816894531,41.70000076293945,41.755001068115234,91802,0.0,0.0
2024-02-22 13:30:00-05:00,41.7599983215332,41.974998474121094,41.72999954223633,41.86000061035156,81510,0.0,0.0
2024-02-22 14:30:00-05:00,41.86000061035156,42.099998474121094,41.81999969482422,42.09000015258789,120777,0.0,0.0
2024-02-22 15:30:00-05:00,42.099998474121094,42.11000061035156,41.88999938964844,42.040000915527344,200167,0.0,0.0
2024-02-23 09:30:00-05:00,42.099998474121094,42.72999954223633,41.84000015258789,42.13999938964844,297791,0.0,0.0
2024-02-23 10:30:00-05:00,42.16999816894531,42.44499969482422,42.0099983215332,42.25,152596,0.0,0.0
2024-02-23 11:30:00-05:00,42.2400016784668,42.34000015258789,42.04999923706055,42.08000183105469,98072,0.0,0.0
2024-02-23 12:30:00-05:00,42.06999969482422,42.310001373291016,42.04999923706055,42.189998626708984,79678,0.0,0.0
2024-02-23 13:30:00-05:00,42.18000030517578,42.29999923706055,42.0,42.119998931884766,152166,0.0,0.0
2024-02-23 14:30:00-05:00,42.12070083618164,42.150001525878906,41.92499923706055,41.95000076293945,97831,0.0,0.0
2024-02-23 15:30:00-05:00,41.95000076293945,42.08100128173828,41.91999816894531,42.0099983215332,186162,0.0,0.0
2024-02-26 09:30:00-05:00,40.90999984741211,42.22999954223633,40.709999084472656,42.16999816894531,186608,0.0,0.0
2024-02-26 10:30:00-05:00,42.16999816894531,42.310001373291016,41.900001525878906,42.060001373291016,90788,0.0,0.0
2024-02-26 11:30:00-05:00,42.060001373291016,42.810001373291016,42.04999923706055,42.779998779296875,95048,0.0,0.0
2024-02-26 12:30:00-05:00,42.790000915527344,42.810001373291016,42.290000915527344,42.290000915527344,100103,0.0,0.0
2024-02-26 13:30:00-05:00,42.27000045776367,42.7599983215332,42.2400016784668,42.560001373291016,99050,0.0,0.0
2024-02-26 14:30:00-05:00,42.560001373291016,42.698299407958984,42.4900016784668,42.5,127707,0.0,0.0
2024-02-26 15:30:00-05:00,42.5,42.5099983215332,42.04999923706055,42.060001373291016,294111,0.0,0.0
2024-02-27 09:30:00-05:00,42.2400016784668,42.68000030517578,42.150001525878906,42.435001373291016,115875,0.0,0.0
2024-02-27 10:30:00-05:00,42.45989990234375,42.599998474121094,42.154998779296875,42.474998474121094,97559,0.0,0.0
2024-02-27 11:30:00-05:00,42.5,42.56999969482422,42.34000015258789,42.369998931884766,97290,0.0,0.0
2024-02-27 12:30:00-05:00,42.369998931884766,42.400001525878906,42.0,42.21500015258789,211534,0.0,0.0
2024-02-27 13:30:00-05:00,42.220001220703125,42.599998474121094,42.20000076293945,42.51499938964844,95332,0.0,0.0
2024-02-27 14:30:00-05:00,42.52000045776367,42.61000061035156,42.43000030517578,42.54999923706055,160278,0.0,0.0
2024-02-27 15:30:00-05:00,42.540000915527344,42.56999969482422,42.29999923706055,42.439998626708984,196257,0.0,0.0
2024-02-28 09:30:00-05:00,42.0099983215332,42.29999923706055,41.709999084472656,42.165000915527344,128994,0.0,0.0
2024-02-28 10:30:00-05:00,42.189998626708984,42.34000015258789,42.0099983215332,42.29999923706055,60364,0.0,0.0
2024-02-28 11:30:00-05:00,42.29999923706055,42.29999923706055,42.08000183105469,42.11000061035156,48858,0.0,0.0
2024-02-28 12:30:00-05:00,42.087501525878906,42.15999984741211,41.939998626708984,42.02909851074219,60502,0.0,0.0
2024-02-28 13:30:00-05:00,42.040000915527344,42.08000183105469,41.97999954223633,42.06999969482422,57251,0.0,0.0
2024-02-28 14:30:00-05:00,42.060001373291016,42.13999938964844,41.900001525878906,42.08000183105469,67219,0.0,0.0
2024-02-28 15:30:00-05:00,42.06999969482422,42.06999969482422,41.79999923706055,41.93000030517578,173823,0.0,0.0
2024-02-29 09:30:00-05:00,41.97999954223633,42.494998931884766,41.81999969482422,41.970001220703125,144634,0.0,0.0
2024-02-29 10:30:00-05:00,41.97999954223633,42.380001068115234,41.90999984741211,41.90999984741211,98960,0.0,0.0
2024-02-29 11:30:00-05:00,41.924598693847656,42.02000045776367,41.70500183105469,41.8650016784668,199405,0.0,0.0
2024-02-29 12:30:00-05:00,41.869998931884766,41.91999816894531,41.68000030517578,41.900001525878906,84345,0.0,0.0
2024-02-29 13:30:00-05:00,41.8849983215332,41.91999816894531,41.75,41.779998779296875,106860,0.0,0.0
2024-02-29 14:30:00-05:00,41.78499984741211,42.2400016784668,41.72999954223633,42.2400016784668,130058,0.0,0.0
2024-02-29 15:30:00-05:00,42.25,42.36000061035156,42.060001373291016,42.18000030517578,207973,0.0,0.0
2024-03-01 09:30:00-05:00,42.279998779296875,42.369998931884766,41.369998931884766,42.32500076293945,275745,0.0,0.0
2024-03-01 10:30:00-05:00,42.349998474121094,42.70000076293945,42.290000915527344,42.60499954223633,214728,0.0,0.0
2024-03-01 11:30:00-05:00,42.60499954223633,42.84000015258789,42.440101623535156,42.83000183105469,260380,0.0,0.0
2024-03-01 12:30:00-05:00,42.82500076293945,43.220001220703125,42.779998779296875,43.220001220703125,103184,0.0,0.0
2024-03-01 13:30:00-05:00,43.209999084472656,43.2400016784668,42.79999923706055,42.97999954223633,119337,0.0,0.0
2024-03-01 14:30:00-05:00,42.98500061035156,43.11000061035156,42.84000015258789,42.900001525878906,165433,0.0,0.0
2024-03-01 15:30:00-05:00,42.900001525878906,43.02000045776367,42.775001525878906,43.0099983215332,289761,0.0,0.0
2024-03-04 09:30:00-05:00,43.349998474121094,43.380001068115234,42.630001068115234,42.7400016784668,161634,0.0,0.0
2024-03-04 10:30:00-05:00,42.72999954223633,43.224998474121094,42.68000030517578,43.19599914550781,125405,0.0,0.0
2024-03-04 11:30:00-05:00,43.2400016784668,43.52000045776367,43.16999816894531,43.400001525878906,56281,0.0,0.0
2024-03-04 12:30:00-05:00,43.400001525878906,43.43000030517578,43.20500183105469,43.279998779296875,49949,0.0,0.0
2024-03-04 13:30:00-05:00,43.275001525878906,43.540000915527344,43.275001525878906,43.459999084472656,71566,0.0,0.0
2024-03-04 14:30:00-05:00,43.47999954223633,43.630001068115234,43.412498474121094,43.412498474121094,80707,0.0,0.0
2024-03-04 15:30:00-05:00,43.43000030517578,43.56999969482422,43.31999969482422,43.52000045776367,208651,0.0,0.0
2024-03-05 09:30:00-05:00,42.470001220703125,42.65999984741211,41.0099983215332,41.15999984741211,147827,0.0,0.0
2024-03-05 10:30:00-05:00,41.130001068115234,41.33000183105469,40.900001525878906,41.22999954223633,129568,0.0,0.0
2024-03-05 11:30:00-05:00,41.22999954223633,41.41999816894531,40.93000030517578,41.380001068115234,124913,0.0,0.0
2024-03-05 12:30:00-05:00,41.41999816894531,41.51499938964844,41.290000915527344,41.380001068115234,111907,0.0,0.0
2024-03-05 13:30:00-05:00,41.36000061035156,41.375,41.08000183105469,41.21500015258789,101948,0.0,0.0
2024-03-05 14:30:00-05:00,41.20500183105469,41.290000915527344,41.040000915527344,41.130001068115234,169049,0.0,0.0
2024-03-05 15:30:00-05:00,41.119998931884766,41.42499923706055,41.06999969482422,41.310001373291016,223705,0.0,0.0
2024-03-06 09:30:00-05:00,42.209999084472656,42.334999084472656,41.380001068115234,41.68000030517578,102986,0.0,0.0
2024-03-06 10:30:00-05:00,41.665000915527344,42.040000915527344,41.45090103149414,41.970001220703125,74982,0.0,0.0
2024-03-06 11:30:00-05:00,41.9900016784668,42.04999923706055,41.7599983215332,41.97999954223633,54530,0.0,0.0
2024-03-06 12:30:00-05:00,41.99879837036133,42.04999923706055,41.599998474121094,41.599998474121094,54573,0.0,0.0
2024-03-06 13:30:00-05:00,41.599998474121094,41.6150016784668,41.27000045776367,41.60499954223633,71950,0.0,0.0
2024-03-06 14:30:00-05:00,41.61000061035156,41.70500183105469,41.400001525878906,41.6150016784668,75901,0.0,0.0
2024-03-06 15:30:00-05:00,41.625,41.67499923706055,41.400001525878906,41.41999816894531,257857,0.0,0.0
2024-03-07 09:30:00-05:00,41.66999816894531,41.81999969482422,41.15999984741211,41.48500061035156,132133,0.0,0.0
2024-03-07 10:30:00-05:00,41.459999084472656,41.7599983215332,41.29999923706055,41.65999984741211,126739,0.0,0.0
2024-03-07 11:30:00-05:00,41.630001068115234,41.75,41.560001373291016,41.630001068115234,119690,0.0,0.0
2024-03-07 12:30:00-05:00,41.61000061035156,41.95000076293945,41.564998626708984,41.94499969482422,144342,0.0,0.0
2024-03-07 13:30:00-05:00,41.95000076293945,42.02000045776367,41.83000183105469,41.86159896850586,142077,0.0,0.0
2024-03-07 14:30:00-05:00,41.86309814453125,41.97999954223633,41.68000030517578,41.75,135251,0.0,0.0
2024-03-07 15:30:00-05:00,41.75,41.904998779296875,41.709999084472656,41.790000915527344,222521,0.0,0.0
2024-03-08 09:30:00-05:00,42.0,43.029998779296875,41.84000015258789,42.75,269800,0.0,0.0
2024-03-08 10:30:00-05:00,42.75,42.79800033569336,42.040000915527344,42.04499816894531,100206,0.0,0.0
2024-03-08 11:30:00-05:00,42.040000915527344,42.290000915527344,41.70000076293945,41.88999938964844,211228,0.0,0.0
2024-03-08 12:30:00-05:00,41.90999984741211,41.970001220703125,41.52000045776367,41.63999938964844,162830,0.0,0.0
2024-03-08 13:30:00-05:00,41.630001068115234,41.720001220703125,41.5,41.584999084472656,240767,0.0,0.0
2024-03-08 14:30:00-05:00,41.59000015258789,41.900001525878906,41.540000915527344,41.560001373291016,204084,0.0,0.0
2024-03-08 15:30:00-05:00,41.58000183105469,41.68000030517578,41.310001373291016,41.34000015258789,423510,0.0,0.0
2024-03-11 09:30:00-04:00,41.459999084472656,41.970001220703125,40.51499938964844,40.79499816894531,550403,0.0,0.0
2024-03-11 10:30:00-04:00,40.79999923706055,41.630001068115234,40.790000915527344,41.46500015258789,264747,0.0,0.0
2024-03-11 11:30:00-04:00,41.470001220703125,41.619998931884766,41.369998931884766,41.540000915527344,135842,0.0,0.0
2024-03-11 12:30:00-04:00,41.56999969482422,41.689998626708984,41.52000045776367,41.665000915527344,92430,0.0,0.0
2024-03-11 13:30:00-04:00,41.65999984741211,41.86000061035156,41.61000061035156,41.779998779296875,158711,0.0,0.0
2024-03-11 14:30:00-04:00,41.790000915527344,41.81999969482422,41.529998779296875,41.53499984741211,167388,0.0,0.0
2024-03-11 15:30:00-04:00,41.529998779296875,41.869998931884766,41.51499938964844,41.849998474121094,304870,0.0,0.0
2024-03-12 09:30:00-04:00,42.0,42.290000915527344,41.54890060424805,41.93000030517578,179234,0.0,0.0
2024-03-12 10:30:00-04:00,41.90999984741211,42.125,41.810001373291016,42.099998474121094,184813,0.0,0.0
2024-03-12 11:30:00-04:00,42.09000015258789,42.09000015258789,41.43000030517578,41.54999923706055,217328,0.0,0.0
2024-03-12 12:30:00-04:00,41.54999923706055,41.619998931884766,41.314998626708984,41.44990158081055,120857,0.0,0.0
2024-03-12 13:30:00-04:00,41.43000030517578,41.779998779296875,41.380001068115234,41.779998779296875,149254,0.0,0.0
2024-03-12 14:30:00-04:00,41.77000045776367,41.80500030517578,41.54999923706055,41.79999923706055,219836,0.0,0.0
2024-03-12 15:30:00-04:00,41.790000915527344,41.79999923706055,41.560001373291016,41.75,341258,0.0,0.0
2024-03-13 09:30:00-04:00,41.72999954223633,42.333499908447266,41.650001525878906,42.333499908447266,145425,0.0,0.0
2024-03-13 10:30:00-04:00,42.34000015258789,42.40999984741211,42.130001068115234,42.21500015258789,177888,0.0,0.0
2024-03-13 11:30:00-04:00,42.209999084472656,42.22999954223633,42.02000045776367,42.04999923706055,171904,0.0,0.0
2024-03-13 12:30:00-04:00,42.06999969482422,42.06999969482422,41.810001373291016,41.84000015258789,230737,0.0,0.0
2024-03-13 13:30:00-04:00,41.86000061035156,41.86000061035156,41.70000076293945,41.81999969482422,351782,0.0,0.0
2024-03-13 14:30:00-04:00,41.81999969482422,41.849998474121094,41.470001220703125,41.540000915527344,300065,0.0,0.0
2024-03-13 15:30:00-04:00,41.540000915527344,41.59000015258789,41.16189956665039,41.27000045776367,354674,0.0,0.0
2024-03-14 09:30:00-04:00,41.119998931884766,41.380001068115234,40.279998779296875,40.529998779296875,333898,0.0,0.0
2024-03-14 10:30:00-04:00,40.5099983215332,40.69990158081055,40.15999984741211,40.279998779296875,265959,0.0,0.0
2024-03-14 11:30:00-04:00,40.310001373291016,40.5,40.2400016784668,40.25,166464,0.0,0.0
2024-03-14 12:30:00-04:00,40.25,40.349998474121094,40.150001525878906,40.20000076293945,221146,0.0,0.0
2024-03-14 13:30:00-04:00,40.20500183105469,40.459999084472656,40.154998779296875,40.40719985961914,223955,0.0,0.0
2024-03-14 14:30:00-04:00,40.38999938964844,40.42499923706055,40.08000183105469,40.130001068115234,364650,0.0,0.0
2024-03-14 15:30:00-04:00,40.13999938964844,40.32270050048828,40.02000045776367,40.29999923706055,637761,0.0,0.0
2024-03-15 09:30:00-04:00,35.97999954223633,38.810001373291016,35.52000045776367,38.70000076293945,2886310,0.0,0.0
2024-03-15 10:30:00-04:00,38.69110107421875,39.29999923706055,37.630001068115234,38.07500076293945,1269883,0.0,0.0
2024-03-15 11:30:00-04:00,38.060001373291016,38.18000030517578,37.580101013183594,37.689998626708984,761000,0.0,0.0
2024-03-15 12:30:00-04:00,37.67499923706055,37.83000183105469,37.47999954223633,37.73500061035156,653572,0.0,0.0
2024-03-15 13:30:00-04:00,37.73500061035156,37.810001373291016,37.4900016784668,37.55500030517578,582755,0.0,0.0
2024-03-15 14:30:00-04:00,37.55500030517578,37.81999969482422,37.47100067138672,37.619998931884766,669206,0.0,0.0
2024-03-15 15:30:00-04:00,37.61000061035156,37.619998931884766,37.375,37.4900016784668,1074128,0.0,0.0
2024-03-18 09:30:00-04:00,37.93000030517578,38.13999938964844,36.630001068115234,37.83000183105469,456588,0.0,0.0
2024-03-18 10:30:00-04:00,37.849998474121094,38.33000183105469,37.779998779296875,38.2599983215332,424780,0.0,0.0
2024-03-18 11:30:00-04:00,38.2599983215332,38.47999954223633,38.08000183105469,38.369998931884766,287478,0.0,0.0
2024-03-18 12:30:00-04:00,38.369998931884766,38.68000030517578,38.34000015258789,38.62120056152344,257140,0.0,0.0
2024-03-18 13:30:00-04:00,38.619998931884766,38.720001220703125,38.290000915527344,38.5,366532,0.0,0.0
2024-03-18 14:30:00-04:00,38.4900016784668,38.869998931884766,38.40999984741211,38.814998626708984,364235,0.0,0.0
2024-03-18 15:30:00-04:00,38.814998626708984,38.84000015258789,38.619998931884766,38.630001068115234,738246,0.0,0.0
2024-03-19 09:30:00-04:00,38.08000183105469,38.470001220703125,37.47999954223633,38.040000915527344,241239,0.0,0.0
2024-03-19 10:30:00-04:00,38.029998779296875,38.25,37.93000030517578,38.21500015258789,353012,0.0,0.0
2024-03-19 11:30:00-04:00,38.209999084472656,38.400001525878906,38.15999984741211,38.369998931884766,196545,0.0,0.0
2024-03-19 12:30:00-04:00,38.369998931884766,38.59000015258789,38.220001220703125,38.47999954223633,195684,0.0,0.0
2024-03-19 13:30:00-04:00,38.470001220703125,38.63999938964844,38.459999084472656,38.61000061035156,181223,0.0,0.0
2024-03-19 14:30:00-04:00,38.599998474121094,38.70000076293945,38.459999084472656,38.54499816894531,287724,0.0,0.0
2024-03-19 15:30:00-04:00,38.540000915527344,38.689998626708984,38.52000045776367,38.56999969482422,509132,0.0,0.0
2024-03-20 09:30:00-04:00,38.5,38.78499984741211,38.34000015258789,38.58000183105469,247510,0.0,0.0
2024-03-20 10:30:00-04:00,38.61000061035156,38.90999984741211,38.4900016784668,38.66999816894531,278000,0.0,0.0
2024-03-20 11:30:00-04:00,38.66999816894531,38.720001220703125,38.47999954223633,38.5099983215332,158450,0.0,0.0
2024-03-20 12:30:00-04:00,38.5,38.61000061035156,38.27000045776367,38.31999969482422,117255,0.0,0.0
2024-03-20 13:30:00-04:00,38.310001373291016,38.8849983215332,38.290000915527344,38.6864013671875,289482,0.0,0.0
2024-03-20 14:30:00-04:00,38.689998626708984,39.0,38.36000061035156,38.630001068115234,237639,0.0,0.0
2024-03-20 15:30:00-04:00,38.650001525878906,38.849998474121094,38.52000045776367,38.84000015258789,426040,0.0,0.0
2024-03-21 09:30:00-04:00,39.38999938964844,40.400001525878906,39.310001373291016,39.80500030517578,475194,0.0,0.0
2024-03-21 10:30:00-04:00,39.790000915527344,39.95000076293945,39.494998931884766,39.540000915527344,393074,0.0,0.0
2024-03-21 11:30:00-04:00,39.540000915527344,39.72999954223633,39.349998474121094,39.36000061035156,255509,0.0,0.0
2024-03-21 12:30:00-04:00,39.36000061035156,39.7400016784668,39.33000183105469,39.72999954223633,373059,0.0,0.0
2024-03-21 13:30:00-04:00,39.73500061035156,39.81999969482422,39.560001373291016,39.72999954223633,257835,0.0,0.0
2024-03-21 14:30:00-04:00,39.72999954223633,39.75,39.47999954223633,39.619998931884766,328521,0.0,0.0
2024-03-21 15:30:00-04:00,39.61000061035156,39.709999084472656,39.39500045776367,39.61000061035156,531179,0.0,0.0
2024-03-22 09:30:00-04:00,39.59000015258789,39.880001068115234,39.45000076293945,39.5099983215332,281816,0.0,0.0
2024-03-22 10:30:00-04:00,39.529998779296875,39.66999816894531,39.47999954223633,39.59260177612305,182998,0.0,0.0
2024-03-22 11:30:00-04:00,39.60499954223633,39.65999984741211,39.29999923706055,39.36000061035156,177566,0.0,0.0
2024-03-22 12:30:00-04:00,39.36000061035156,39.40999984741211,39.2400016784668,39.29999923706055,138299,0.0,0.0
2024-03-22 13:30:00-04:00,39.29999923706055,39.650001525878906,39.279998779296875,39.46500015258789,251975,0.0,0.0
2024-03-22 14:30:00-04:00,39.46500015258789,39.474998474121094,39.189998626708984,39.26499938964844,239750,0.0,0.0
2024-03-22 15:30:00-04:00,39.2599983215332,39.349998474121094,39.16999816894531,39.22999954223633,359057,0.0,0.0
2024-03-25 09:30:00-04:00,39.06999969482422,39.5,38.83000183105469,39.2400016784668,216523,0.0,0.0
2024-03-25 10:30:00-04:00,39.2400016784668,39.279998779296875,38.5099983215332,38.70000076293945,236478,0.0,0.0
2024-03-25 11:30:00-04:00,38.689998626708984,38.970001220703125,38.65250015258789,38.900001525878906,230396,0.0,0.0
2024-03-25 12:30:00-04:00,38.900001525878906,39.22999954223633,38.86000061035156,39.20000076293945,190665,0.0,0.0
2024-03-25 13:30:00-04:00,39.209999084472656,39.290000915527344,39.119998931884766,39.220001220703125,219350,0.0,0.0
2024-03-25 14:30:00-04:00,39.209999084472656,39.2400016784668,38.96500015258789,39.05500030517578,191032,0.0,0.0
2024-03-25 15:30:00-04:00,39.04999923706055,39.16999816894531,38.939998626708984,39.060001373291016,317788,0.0,0.0
2024-03-26 09:30:00-04:00,39.529998779296875,39.619998931884766,38.790000915527344,38.845001220703125,322838,0.0,0.0
2024-03-26 10:30:00-04:00,38.83000183105469,38.939998626708984,38.630001068115234,38.81999969482422,303363,0.0,0.0
2024-03-26 11:30:00-04:00,38.84000015258789,38.959999084472656,38.77000045776367,38.790000915527344,247333,0.0,0.0
2024-03-26 12:30:00-04:00,38.790000915527344,38.790000915527344,38.43000030517578,38.56999969482422,218468,0.0,0.0
2024-03-26 13:30:00-04:00,38.58000183105469,38.72999954223633,38.4900016784668,38.567501068115234,255327,0.0,0.0
2024-03-26 14:30:00-04:00,38.560001373291016,38.625,38.31999969482422,38.33000183105469,222567,0.0,0.0
2024-03-26 15:30:00-04:00,38.34000015258789,38.369998931884766,38.09000015258789,38.09000015258789,665243,0.0,0.0
2024-03-27 09:30:00-04:00,38.5,38.849998474121094,37.959999084472656,38.3650016784668,331675,0.0,0.0
2024-03-27 10:30:00-04:00,38.380001068115234,38.54999923706055,38.130001068115234,38.185001373291016,307216,0.0,0.0
2024-03-27 11:30:00-04:00,38.16999816894531,38.310001373291016,38.05500030517578,38.2400016784668,287015,0.0,0.0
2024-03-27 12:30:00-04:00,38.2400016784668,38.27000045776367,38.0,38.099998474121094,379083,0.0,0.0
2024-03-27 13:30:00-04:00,38.095001220703125,38.369998931884766,38.0,38.279998779296875,270911,0.0,0.0
2024-03-27 14:30:00-04:00,38.290000915527344,38.38999938964844,38.18000030517578,38.35900115966797,213574,0.0,0.0
2024-03-27 15:30:00-04:00,38.349998474121094,38.58000183105469,38.33000183105469,38.38999938964844,498687,0.0,0.0
2024-03-28 09:30:00-04:00,38.689998626708984,38.93000030517578,38.5,38.7510986328125,170960,0.0,0.0
2024-03-28 10:30:00-04:00,38.744998931884766,38.880001068115234,38.54499816894531,38.77000045776367,106366,0.0,0.0
2024-03-28 11:30:00-04:00,38.77000045776367,38.810001373291016,38.4900016784668,38.61000061035156,111738,0.0,0.0
2024-03-28 12:30:00-04:00,38.599998474121094,38.630001068115234,38.36000061035156,38.369998931884766,90760,0.0,0.0
2024-03-28 13:30:00-04:00,38.380001068115234,38.45500183105469,38.22999954223633,38.31999969482422,104558,0.0,0.0
2024-03-28 14:30:00-04:00,38.31999969482422,38.474998474121094,38.30500030517578,38.470001220703125,107928,0.0,0.0
2024-03-28 15:30:00-04:00,38.470001220703125,38.599998474121094,38.369998931884766,38.5,253550,0.0,0.0
2024-04-01 09:30:00-04:00,38.5,38.70000076293945,38.029998779296875,38.060001373291016,187834,0.0,0.0
2024-04-01 10:30:00-04:00,38.09000015258789,38.459999084472656,38.060001373291016,38.36000061035156,149870,0.0,0.0
2024-04-01 11:30:00-04:00,38.36000061035156,38.505001068115234,38.29999923706055,38.380001068115234,145267,0.0,0.0
2024-04-01 12:30:00-04:00,38.380001068115234,38.540000915527344,38.34000015258789,38.44499969482422,210153,0.0,0.0
2024-04-01 13:30:00-04:00,38.459999084472656,38.52000045776367,38.369998931884766,38.45000076293945,151856,0.0,0.0
2024-04-01 14:30:00-04:00,38.45000076293945,38.650001525878906,38.400001525878906,38.595001220703125,231474,0.0,0.0
2024-04-01 15:30:00-04:00,38.59000015258789,38.599998474121094,38.38999938964844,38.38999938964844,514037,0.0,0.0
2024-04-02 09:30:00-04:00,38.0,38.43000030517578,37.58000183105469,38.369998931884766,486528,0.0,0.0
2024-04-02 10:30:00-04:00,38.369998931884766,38.529998779296875,38.13999938964844,38.43000030517578,270427,0.0,0.0
2024-04-02 11:30:00-04:00,38.47999954223633,38.75,38.43000030517578,38.68000030517578,191439,0.0,0.0
2024-04-02 12:30:00-04:00,38.68000030517578,38.91999816894531,38.60530090332031,38.650001525878906,161801,0.0,0.0
2024-04-02 13:30:00-04:00,38.650001525878906,38.65999984741211,38.31999969482422,38.345001220703125,148971,0.0,0.0
2024-04-02 14:30:00-04:00,38.345001220703125,38.52000045776367,38.275001525878906,38.494998931884766,222634,0.0,0.0
2024-04-02 15:30:00-04:00,38.5,38.75,38.494998931884766,38.75,424364,0.0,0.0
2024-04-03 09:30:00-04:00,38.439998626708984,38.7400016784668,38.34000015258789,38.540000915527344,142066,0.0,0.0
2024-04-03 10:30:00-04:00,38.550498962402344,38.90999984741211,38.53499984741211,38.834999084472656,136693,0.0,0.0
2024-04-03 11:30:00-04:00,38.834999084472656,38.86000061035156,38.630001068115234,38.689998626708984,135980,0.0,0.0
2024-04-03 12:30:00-04:00,38.689998626708984,38.744998931884766,38.41999816894531,38.5,113816,0.0,0.0
2024-04-03 13:30:00-04:00,38.5099983215332,38.525001525878906,38.31999969482422,38.400001525878906,222908,0.0,0.0
2024-04-03 14:30:00-04:00,38.38999938964844,38.38999938964844,38.084999084472656,38.2599983215332,196872,0.0,0.0
2024-04-03 15:30:00-04:00,38.2400016784668,38.40999984741211,38.130001068115234,38.13999938964844,496351,0.0,0.0
2024-04-04 09:30:00-04:00,38.45000076293945,39.095001220703125,38.29999923706055,38.779998779296875,228595,0.0,0.0
2024-04-04 10:30:00-04:00,38.775001525878906,38.9900016784668,38.75,38.9900016784668,104601,0.0,0.0
2024-04-04 11:30:00-04:00,38.9900016784668,39.130001068115234,38.8849983215332,39.11000061035156,249578,0.0,0.0
2024-04-04 12:30:00-04:00,39.11000061035156,39.2400016784668,39.040000915527344,39.220001220703125,100493,0.0,0.0
2024-04-04 13:30:00-04:00,39.21009826660156,39.2400016784668,38.720001220703125,38.72999954223633,153749,0.0,0.0
2024-04-04 14:30:00-04:00,38.720001220703125,38.720001220703125,38.20000076293945,38.209999084472656,168744,0.0,0.0
2024-04-04 15:30:00-04:00,38.220001220703125,38.28499984741211,38.09000015258789,38.099998474121094,457722,0.0,0.0
2024-04-05 09:30:00-04:00,38.040000915527344,38.30500030517578,37.900001525878906,37.93000030517578,299978,0.0,0.0
2024-04-05 10:30:00-04:00,37.939998626708984,38.10499954223633,37.744998931884766,37.82500076293945,193184,0.0,0.0
2024-04-05 11:30:00-04:00,37.84000015258789,38.13999938964844,37.80500030517578,38.0099983215332,216348,0.0,0.0
2024-04-05 12:30:00-04:00,38.0099983215332,38.279998779296875,38.0,38.13999938964844,231112,0.0,0.0
2024-04-05 13:30:00-04:00,38.13999938964844,38.29999923706055,38.0,38.189998626708984,213065,0.0,0.0
2024-04-05 14:30:00-04:00,38.18000030517578,38.36000061035156,38.11000061035156,38.220001220703125,210555,0.0,0.0
2024-04-05 15:30:00-04:00,38.220001220703125,38.27000045776367,38.10499954223633,38.2599983215332,419502,0.0,0.0
2024-04-08 09:30:00-04:00,38.54999923706055,38.69990158081055,38.290000915527344,38.61000061035156,86811,0.0,0.0
2024-04-08 10:30:00-04:00,38.619998931884766,38.9900016784668,38.54999923706055,38.97999954223633,239264,0.0,0.0
2024-04-08 11:30:00-04:00,38.970001220703125,39.099998474121094,38.939998626708984,39.08000183105469,142761,0.0,0.0
2024-04-08 12:30:00-04:00,39.07500076293945,39.150001525878906,39.0,39.060001373291016,154379,0.0,0.0
2024-04-08 13:30:00-04:00,39.05500030517578,39.084999084472656,38.922298431396484,38.93000030517578,85853,0.0,0.0
2024-04-08 14:30:00-04:00,38.935001373291016,38.935001373291016,38.66999816894531,38.689998626708984,124720,0.0,0.0
2024-04-08 15:30:00-04:00,38.68000030517578,38.741336822509766,38.630001068115234,38.7400016784668,335355,0.0,0.0
2024-04-09 09:30:00-04:00,38.880001068115234,39.310001373291016,38.84000015258789,39.130001068115234,184690,0.0,0.0
2024-04-09 10:30:00-04:00,39.11000061035156,39.474998474121094,39.025001525878906,39.31529998779297,318234,0.0,0.0
2024-04-09 11:30:00-04:00,39.314998626708984,39.53499984741211,39.18000030517578,39.474998474121094,129784,0.0,0.0
2024-04-09 12:30:00-04:00,39.470001220703125,39.790000915527344,39.415000915527344,39.75,333057,0.0,0.0
2024-04-09 13:30:00-04:00,39.7400016784668,39.77000045776367,39.470001220703125,39.4900016784668,157424,0.0,0.0
2024-04-09 14:30:00-04:00,39.4900016784668,39.595001220703125,39.2599983215332,39.400001525878906,208556,0.0,0.0
2024-04-09 15:30:00-04:00,39.38999938964844,39.63999938964844,39.36000061035156,39.63999938964844,381047,0.0,0.0
2024-04-10 09:30:00-04:00,38.810001373291016,38.90999984741211,38.27000045776367,38.380001068115234,288031,0.0,0.0
2024-04-10 10:30:00-04:00,38.380001068115234,38.48500061035156,38.15999984741211,38.349998474121094,168608,0.0,0.0
2024-04-10 11:30:00-04:00,38.34000015258789,38.369998931884766,38.13999938964844,38.29999923706055,102269,0.0,0.0
2024-04-10 12:30:00-04:00,38.29999923706055,38.43000030517578,38.13999938964844,38.20000076293945,209111,0.0,0.0
2024-04-10 13:30:00-04:00,38.209999084472656,38.29999923706055,37.935001373291016,37.939998626708984,170574,0.0,0.0
2024-04-10 14:30:00-04:00,37.935001373291016,38.11000061035156,37.880001068115234,38.08000183105469,218101,0.0,0.0
2024-04-10 15:30:00-04:00,38.099998474121094,38.400001525878906,38.08000183105469,38.38999938964844,359713,0.0,0.0
2024-04-11 09:30:00-04:00,38.66999816894531,39.01750183105469,38.29999923706055,38.439998626708984,166301,0.0,0.0
2024-04-11 10:30:00-04:00,38.43000030517578,38.599998474121094,38.33000183105469,38.56999969482422,97962,0.0,0.0
2024-04-11 11:30:00-04:00,38.58000183105469,38.720001220703125,38.52000045776367,38.560001373291016,61154,0.0,0.0
2024-04-11 12:30:00-04:00,38.560001373291016,38.59000015258789,38.31999969482422,38.52000045776367,85677,0.0,0.0
2024-04-11 13:30:00-04:00,38.52050018310547,38.59000015258789,38.349998474121094,38.5,188638,0.0,0.0
2024-04-11 14:30:00-04:00,38.5099983215332,38.5099983215332,38.310001373291016,38.459999084472656,168164,0.0,0.0
2024-04-11 15:30:00-04:00,38.470001220703125,38.79999923706055,38.439998626708984,38.689998626708984,365858,0.0,0.0
2024-04-12 09:30:00-04:00,38.279998779296875,38.36909866333008,38.04999923706055,38.15999984741211,66341,0.0,0.0
2024-04-12 10:30:00-04:00,38.15999984741211,38.2400016784668,37.95000076293945,38.1349983215332,84202,0.0,0.0
2024-04-12 11:30:00-04:00,38.130001068115234,38.21500015258789,37.83000183105469,37.93000030517578,83410,0.0,0.0
2024-04-12 12:30:00-04:00,37.900001525878906,38.02000045776367,37.86000061035156,37.89500045776367,122345,0.0,0.0
2024-04-12 13:30:00-04:00,37.880001068115234,37.959999084472656,37.773101806640625,37.86000061035156,179500,0.0,0.0
2024-04-12 14:30:00-04:00,37.86000061035156,37.880001068115234,37.630001068115234,37.689998626708984,175205,0.0,0.0
2024-04-12 15:30:00-04:00,37.689998626708984,37.81999969482422,37.66999816894531,37.66999816894531,262170,0.0,0.0
2024-04-15 09:30:00-04:00,37.59000015258789,37.68000030517578,37.22999954223633,37.279998779296875,126786,0.0,0.0
2024-04-15 10:30:00-04:00,37.290000915527344,37.369998931884766,37.01499938964844,37.130001068115234,100770,0.0,0.0
2024-04-15 11:30:00-04:00,37.13999938964844,37.32500076293945,37.060001373291016,37.060001373291016,93847,0.0,0.0
2024-04-15 12:30:00-04:00,37.040000915527344,37.165000915527344,36.88999938964844,36.90999984741211,127446,0.0,0.0
2024-04-15 13:30:00-04:00,36.88999938964844,36.95000076293945,36.7599983215332,36.834999084472656,130661,0.0,0.0
2024-04-15 14:30:00-04:00,36.81999969482422,36.84000015258789,36.68000030517578,36.75,177358,0.0,0.0
2024-04-15 15:30:00-04:00,36.75,36.779998779296875,36.63999938964844,36.709999084472656,287077,0.0,0.0
2024-04-16 09:30:00-04:00,36.4900016784668,36.63999938964844,36.27000045776367,36.47999954223633,221277,0.0,0.0
2024-04-16 10:30:00-04:00,36.470001220703125,36.584999084472656,36.380001068115234,36.5,138042,0.0,0.0
2024-04-16 11:30:00-04:00,36.4900016784668,36.709999084472656,36.349998474121094,36.685001373291016,161512,0.0,0.0
2024-04-16 12:30:00-04:00,36.70000076293945,36.810001373291016,36.61000061035156,36.63999938964844,129830,0.0,0.0
2024-04-16 13:30:00-04:00,36.630001068115234,36.869998931884766,36.46500015258789,36.619998931884766,123492,0.0,0.0
2024-04-16 14:30:00-04:00,36.63999938964844,36.720001220703125,36.59000015258789,36.619998931884766,114825,0.0,0.0
2024-04-16 15:30:00-04:00,36.61000061035156,36.67499923706055,36.54999923706055,36.560001373291016,226406,0.0,0.0
2024-04-17 09:30:00-04:00,36.900001525878906,37.540000915527344,36.900001525878906,37.20500183105469,264255,0.0,0.0
2024-04-17 10:30:00-04:00,37.189998626708984,37.31999969482422,36.869998931884766,37.165000915527344,183444,0.0,0.0
2024-04-17 11:30:00-04:00,37.154998779296875,37.38999938964844,36.959999084472656,36.9900016784668,187817,0.0,0.0
2024-04-17 12:30:00-04:00,36.9900016784668,37.25,36.880001068115234,37.220001220703125,131252,0.0,0.0
2024-04-17 13:30:00-04:00,37.224998474121094,37.709999084472656,37.209999084472656,37.564998626708984,688313,0.0,0.0
2024-04-17 14:30:00-04:00,37.57500076293945,37.81999969482422,37.5099983215332,37.77000045776367,324495,0.0,0.0
2024-04-17 15:30:00-04:00,37.779998779296875,37.90999984741211,37.650001525878906,37.689998626708984,488011,0.0,0.0
2024-04-18 09:30:00-04:00,37.63999938964844,37.779998779296875,37.13999938964844,37.255001068115234,121582,0.0,0.0
2024-04-18 10:30:00-04:00,37.27000045776367,37.68000030517578,37.2599983215332,37.59000015258789,141877,0.0,0.0
2024-04-18 11:30:00-04:00,37.595001220703125,37.75,37.47999954223633,37.66999816894531,105087,0.0,0.0
2024-04-18 12:30:00-04:00,37.65999984741211,37.66999816894531,37.380001068115234,37.4900016784668,108908,0.0,0.0
2024-04-18 13:30:00-04:00,37.4900016784668,37.6150016784668,37.38999938964844,37.415000915527344,98065,0.0,0.0
2024-04-18 14:30:00-04:00,37.400001525878906,37.4900016784668,37.31999969482422,37.400001525878906,115040,0.0,0.0
2024-04-18 15:30:00-04:00,37.40999984741211,37.540000915527344,37.36000061035156,37.41999816894531,241973,0.0,0.0
2024-04-19 09:30:00-04:00,37.290000915527344,37.5,37.08000183105469,37.185001373291016,88479,0.0,0.0
2024-04-19 10:30:00-04:00,37.20000076293945,37.32500076293945,36.91999816894531,37.185001373291016,130773,0.0,0.0
2024-04-19 11:30:00-04:00,37.185001373291016,37.279998779296875,36.76499938964844,36.76499938964844,156809,0.0,0.0
2024-04-19 12:30:00-04:00,36.7599983215332,37.06999969482422,36.7599983215332,36.880001068115234,115006,0.0,0.0
2024-04-19 13:30:00-04:00,36.8650016784668,37.064998626708984,36.70000076293945,36.70000076293945,117504,0.0,0.0
2024-04-19 14:30:00-04:00,36.70000076293945,36.75,36.56999969482422,36.66999816894531,122355,0.0,0.0
2024-04-19 15:30:00-04:00,36.68000030517578,36.834999084472656,36.57500076293945,36.81999969482422,177019,0.0,0.0
2024-04-22 09:30:00-04:00,37.75,37.75,37.22999954223633,37.38999938964844,305676,0.0,0.0
2024-04-22 10:30:00-04:00,37.400001525878906,37.56999969482422,37.290000915527344,37.400001525878906,133918,0.0,0.0
2024-04-22 11:30:00-04:00,37.39500045776367,37.64500045776367,37.380001068115234,37.54999923706055,154367,0.0,0.0
2024-04-22 12:30:00-04:00,37.53499984741211,37.959999084472656,37.51750183105469,37.959999084472656,145758,0.0,0.0
2024-04-22 13:30:00-04:00,37.959999084472656,38.209999084472656,37.849998474121094,38.185001373291016,200503,0.0,0.0
2024-04-22 14:30:00-04:00,38.189998626708984,38.209999084472656,38.029998779296875,38.119998931884766,132658,0.0,0.0
2024-04-22 15:30:00-04:00,38.1150016784668,38.20000076293945,37.83000183105469,37.880001068115234,479364,0.0,0.0
2024-04-23 09:30:00-04:00,37.900001525878906,38.869998931884766,37.84000015258789,38.279998779296875,217748,0.0,0.0
2024-04-23 10:30:00-04:00,38.290000915527344,38.380001068115234,38.0,38.310001373291016,181855,0.0,0.0
2024-04-23 11:30:00-04:00,38.29999923706055,38.310001373291016,37.9900016784668,38.07979965209961,129452,0.0,0.0
2024-04-23 12:30:00-04:00,38.06999969482422,38.08000183105469,37.94499969482422,38.0,105540,0.0,0.0
2024-04-23 13:30:00-04:00,38.0,38.31999969482422,37.91999816894531,38.279998779296875,168458,0.0,0.0
2024-04-23 14:30:00-04:00,38.27000045776367,38.41999816894531,38.224998474121094,38.349998474121094,157022,0.0,0.0
2024-04-23 15:30:00-04:00,38.34000015258789,38.36899948120117,38.20000076293945,38.290000915527344,244024,0.0,0.0
2024-04-24 09:30:00-04:00,38.689998626708984,38.900001525878906,38.22999954223633,38.29999923706055,77665,0.0,0.0
2024-04-24 10:30:00-04:00,38.310001373291016,38.41999816894531,38.165000915527344,38.19499969482422,98841,0.0,0.0
2024-04-24 11:30:00-04:00,38.20000076293945,38.29999923706055,38.060001373291016,38.18000030517578,95185,0.0,0.0
2024-04-24 12:30:00-04:00,38.15999984741211,38.70000076293945,38.08000183105469,38.584999084472656,152616,0.0,0.0
2024-04-24 13:30:00-04:00,38.61000061035156,38.619998931884766,38.349998474121094,38.41999816894531,119613,0.0,0.0
2024-04-24 14:30:00-04:00,38.41999816894531,38.41999816894531,38.150001525878906,38.21500015258789,103795,0.0,0.0
2024-04-24 15:30:00-04:00,38.209999084472656,38.380001068115234,38.16999816894531,38.36000061035156,160505,0.0,0.0
2024-04-25 09:30:00-04:00,37.47999954223633,37.77989959716797,37.349998474121094,37.61000061035156,90953,0.0,0.0
2024-04-25 10:30:00-04:00,37.599998474121094,37.68000030517578,37.31999969482422,37.40999984741211,96468,0.0,0.0
2024-04-25 11:30:00-04:00,37.38999938964844,37.599998474121094,37.13999938964844,37.45000076293945,114057,0.0,0.0
2024-04-25 12:30:00-04:00,37.439998626708984,37.84000015258789,37.380001068115234,37.720001220703125,103422,0.0,0.0
2024-04-25 13:30:00-04:00,37.709999084472656,38.0099983215332,37.65999984741211,37.880001068115234,68645,0.0,0.0
2024-04-25 14:30:00-04:00,37.880001068115234,38.095001220703125,37.880001068115234,38.04499816894531,86582,0.0,0.0
2024-04-25 15:30:00-04:00,38.03499984741211,38.09000015258789,37.91999816894531,38.08000183105469,159985,0.0,0.0
2024-04-26 09:30:00-04:00,38.369998931884766,38.97999954223633,38.22999954223633,38.70500183105469,262741,0.0,0.0
2024-04-26 10:30:00-04:00,38.709999084472656,38.75230026245117,38.43000030517578,38.43000030517578,101096,0.0,0.0
2024-04-26 11:30:00-04:00,38.415000915527344,38.45000076293945,38.21500015258789,38.34000015258789,88939,0.0,0.0
2024-04-26 12:30:00-04:00,38.33000183105469,38.400001525878906,38.2400016784668,38.34000015258789,66820,0.0,0.0
2024-04-26 13:30:00-04:00,38.310001373291016,38.34000015258789,38.130001068115234,38.220001220703125,65171,0.0,0.0
2024-04-26 14:30:00-04:00,38.23500061035156,38.45000076293945,38.130001068115234,38.43000030517578,95949,0.0,0.0
2024-04-26 15:30:00-04:00,38.43000030517578,38.432498931884766,38.25,38.279998779296875,181063,0.0,0.0
2024-04-29 09:30:00-04:00,38.52000045776367,38.55500030517578,37.95000076293945,38.314998626708984,123575,0.0,0.0
2024-04-29 10:30:00-04:00,38.29499816894531,38.34000015258789,38.0,38.15999984741211,105748,0.0,0.0
2024-04-29 11:30:00-04:00,38.15999984741211,38.209999084472656,37.970001220703125,38.150001525878906,103974,0.0,0.0
2024-04-29 12:30:00-04:00,38.150001525878906,38.2599983215332,38.060001373291016,38.209999084472656,72701,0.0,0.0
2024-04-29 13:30:00-04:00,38.220001220703125,38.400001525878906,38.209999084472656,38.25,116181,0.0,0.0
2024-04-29 14:30:00-04:00,38.22999954223633,38.25,38.04499816894531,38.06999969482422,84264,0.0,0.0
2024-04-29 15:30:00-04:00,38.08000183105469,38.349998474121094,38.060001373291016,38.34000015258789,221892,0.0,0.0
2024-04-30 09:30:00-04:00,38.119998931884766,38.67499923706055,37.9900016784668,38.54999923706055,182710,0.0,0.0
2024-04-30 10:30:00-04:00,38.53499984741211,38.73500061035156,38.375,38.66999816894531,111035,0.0,0.0
2024-04-30 11:30:00-04:00,38.689998626708984,38.720001220703125,38.54999923706055,38.63999938964844,94355,0.0,0.0
2024-04-30 12:30:00-04:00,38.630001068115234,38.630001068115234,38.36000061035156,38.5,122311,0.0,0.0
2024-04-30 13:30:00-04:00,38.494998931884766,38.599998474121094,38.345001220703125,38.37200164794922,90721,0.0,0.0
2024-04-30 14:30:00-04:00,38.3849983215332,38.45989990234375,38.165000915527344,38.18000030517578,100108,0.0,0.0
2024-04-30 15:30:00-04:00,38.16999816894531,38.20000076293945,37.83000183105469,37.83000183105469,274891,0.0,0.0
2024-05-01 09:30:00-04:00,37.939998626708984,38.20000076293945,37.80500030517578,37.9900016784668,104592,0.0,0.0
2024-05-01 10:30:00-04:00,37.98500061035156,38.2400016784668,37.86000061035156,38.04499816894531,111889,0.0,0.0
2024-05-01 11:30:00-04:00,38.029998779296875,38.220001220703125,38.02000045776367,38.189998626708984,126241,0.0,0.0
2024-05-01 12:30:00-04:00,38.189998626708984,38.21500015258789,37.9900016784668,38.06999969482422,106055,0.0,0.0
2024-05-01 13:30:00-04:00,38.06999969482422,38.779998779296875,38.06999969482422,38.779998779296875,118125,0.0,0.0
2024-05-01 14:30:00-04:00,38.779998779296875,39.52000045776367,38.5099983215332,39.25,268959,0.0,0.0
2024-05-01 15:30:00-04:00,39.23500061035156,39.2400016784668,38.45000076293945,38.4900016784668,277214,0.0,0.0
2024-05-02 09:30:00-04:00,38.7599983215332,40.0099983215332,38.20000076293945,38.439998626708984,517108,0.0,0.0
2024-05-02 10:30:00-04:00,38.400001525878906,38.400001525878906,38.029998779296875,38.15999984741211,188458,0.0,0.0
2024-05-02 11:30:00-04:00,38.13999938964844,38.189998626708984,37.88999938964844,38.02000045776367,167317,0.0,0.0
2024-05-02 12:30:00-04:00,38.02000045776367,38.2599983215332,37.88999938964844,38.209999084472656,103086,0.0,0.0
2024-05-02 13:30:00-04:00,38.22999954223633,38.2599983215332,38.060001373291016,38.209999084472656,100717,0.0,0.0
2024-05-02 14:30:00-04:00,38.220001220703125,38.380001068115234,38.165000915527344,38.36000061035156,153367,0.0,0.0
2024-05-02 15:30:00-04:00,38.349998474121094,38.38999938964844,38.067501068115234,38.380001068115234,386723,0.0,0.0
2024-05-03 09:30:00-04:00,38.91999816894531,39.290000915527344,38.54999923706055,38.720001220703125,185587,0.0,0.0
2024-05-03 10:30:00-04:00,38.7400016784668,38.755001068115234,38.369998931884766,38.59000015258789,112726,0.0,0.0
2024-05-03 11:30:00-04:00,38.59000015258789,38.84000015258789,38.529998779296875,38.63999938964844,104735,0.0,0.0
2024-05-03 12:30:00-04:00,38.63999938964844,38.77980041503906,38.54999923706055,38.61000061035156,98490,0.0,0.0
2024-05-03 13:30:00-04:00,38.599998474121094,38.75,38.529998779296875,38.720001220703125,61549,0.0,0.0
2024-05-03 14:30:00-04:00,38.720001220703125,38.72999954223633,38.52000045776367,38.560001373291016,110656,0.0,0.0
2024-05-03 15:30:00-04:00,38.56999969482422,38.6150016784668,38.4900016784668,38.58000183105469,203246,0.0,0.0
2024-05-06 09:30:00-04:00,38.75,39.015899658203125,38.439998626708984,38.93000030517578,106825,0.0,0.0
2024-05-06 10:30:00-04:00,38.915000915527344,38.97999954223633,38.84000015258789,38.90999984741211,68692,0.0,0.0
2024-05-06 11:30:00-04:00,38.90999984741211,39.220001220703125,38.88999938964844,39.16999816894531,110924,0.0,0.0
2024-05-06 12:30:00-04:00,39.17499923706055,39.2400016784668,39.06999969482422,39.150001525878906,109205,0.0,0.0
2024-05-06 13:30:00-04:00,39.13999938964844,39.279998779296875,39.08000183105469,39.27000045776367,94114,0.0,0.0
2024-05-06 14:30:00-04:00,39.25,39.310001373291016,39.130001068115234,39.279998779296875,127099,0.0,0.0
2024-05-06 15:30:00-04:00,39.270999908447266,39.310001373291016,39.13100051879883,39.2599983215332,170125,0.0,0.0
2024-05-07 09:30:00-04:00,39.09000015258789,39.369998931884766,38.7599983215332,39.22999954223633,103595,0.0,0.0
2024-05-07 10:30:00-04:00,39.209999084472656,39.619998931884766,39.209999084472656,39.56999969482422,76445,0.0,0.0
2024-05-07 11:30:00-04:00,39.54999923706055,39.66999816894531,39.5,39.650001525878906,82569,0.0,0.0
2024-05-07 12:30:00-04:00,39.619998931884766,39.65999984741211,39.459999084472656,39.54999923706055,95813,0.0,0.0
2024-05-07 13:30:00-04:00,39.56999969482422,39.599998474121094,39.369998931884766,39.529998779296875,75025,0.0,0.0
2024-05-07 14:30:00-04:00,39.540000915527344,39.61000061035156,39.45000076293945,39.564998626708984,92483,0.0,0.0
2024-05-07 15:30:00-04:00,39.56999969482422,39.7599983215332,39.560001373291016,39.63999938964844,189115,0.0,0.0
2024-05-08 09:30:00-04:00,39.11000061035156,39.220001220703125,38.73500061035156,38.77000045776367,175170,0.0,0.0
2024-05-08 10:30:00-04:00,38.7599983215332,38.93000030517578,38.72999954223633,38.91999816894531,92116,0.0,0.0
2024-05-08 11:30:00-04:00,38.904998779296875,39.08000183105469,38.849998474121094,39.060001373291016,110507,0.0,0.0
2024-05-08 12:30:00-04:00,39.060001373291016,39.099998474121094,38.85499954223633,38.959999084472656,114517,0.0,0.0
2024-05-08 13:30:00-04:00,38.95000076293945,39.099998474121094,38.93000030517578,38.95000076293945,126469,0.0,0.0
2024-05-08 14:30:00-04:00,38.93000030517578,38.97999954223633,38.66999816894531,38.689998626708984,177708,0.0,0.0
2024-05-08 15:30:00-04:00,38.70000076293945,38.88999938964844,38.55500030517578,38.880001068115234,333678,0.0,0.0
2024-05-09 09:30:00-04:00,38.97999954223633,39.255001068115234,38.730098724365234,39.185001373291016,155329,0.0,0.0
2024-05-09 10:30:00-04:00,39.189998626708984,39.369998931884766,39.125,39.209999084472656,112221,0.0,0.0
2024-05-09 11:30:00-04:00,39.220001220703125,39.36000061035156,39.150001525878906,39.29999923706055,117928,0.0,0.0
2024-05-09 12:30:00-04:00,39.290000915527344,39.29999923706055,39.099998474121094,39.209999084472656,215889,0.0,0.0
2024-05-09 13:30:00-04:00,39.209999084472656,39.29999923706055,39.040000915527344,39.1349983215332,180785,0.0,0.0
2024-05-09 14:30:00-04:00,39.13999938964844,39.22999954223633,39.0,39.0,126497,0.0,0.0
2024-05-09 15:30:00-04:00,38.9900016784668,39.08000183105469,38.810001373291016,38.83000183105469,236868,0.0,0.0
2024-05-10 09:30:00-04:00,39.0099983215332,39.439998626708984,38.90999984741211,39.36000061035156,254056,0.0,0.0
2024-05-10 10:30:00-04:00,39.380001068115234,39.880001068115234,39.3650016784668,39.869998931884766,198813,0.0,0.0
2024-05-10 11:30:00-04:00,39.869998931884766,39.92499923706055,39.70000076293945,39.709999084472656,157125,0.0,0.0
2024-05-10 12:30:00-04:00,39.70000076293945,40.34000015258789,39.68000030517578,40.33000183105469,230341,0.0,0.0
2024-05-10 13:30:00-04:00,40.33000183105469,40.33000183105469,40.0099983215332,40.130001068115234,131894,0.0,0.0
2024-05-10 14:30:00-04:00,40.119998931884766,40.119998931884766,39.95000076293945,39.959999084472656,132995,0.0,0.0
2024-05-10 15:30:00-04:00,39.970001220703125,40.15999984741211,39.900001525878906,40.060001373291016,271732,0.0,0.0
2024-05-13 09:30:00-04:00,40.31999969482422,40.459999084472656,40.11000061035156,40.459999084472656,114814,0.0,0.0
2024-05-13 10:30:00-04:00,40.439998626708984,40.72999954223633,40.36000061035156,40.630001068115234,80848,0.0,0.0
2024-05-13 11:30:00-04:00,40.599998474121094,40.79999923706055,40.56999969482422,40.66999816894531,105445,0.0,0.0
2024-05-13 12:30:00-04:00,40.66999816894531,40.69499969482422,40.47999954223633,40.5,73147,0.0,0.0
2024-05-13 13:30:00-04:00,40.4900016784668,40.540000915527344,40.369998931884766,40.47999954223633,189926,0.0,0.0
2024-05-13 14:30:00-04:00,40.470001220703125,40.47999954223633,40.20000076293945,40.20000076293945,216549,0.0,0.0
2024-05-13 15:30:00-04:00,40.20000076293945,40.2599983215332,40.05500030517578,40.189998626708984,191954,0.0,0.0
2024-05-14 09:30:00-04:00,40.5099983215332,40.84000015258789,40.345001220703125,40.52000045776367,261935,0.0,0.0
2024-05-14 10:30:00-04:00,40.5099983215332,40.545501708984375,40.220001220703125,40.33000183105469,109361,0.0,0.0
2024-05-14 11:30:00-04:00,40.31560134887695,40.38999938964844,40.119998931884766,40.20000076293945,160824,0.0,0.0
2024-05-14 12:30:00-04:00,40.189998626708984,40.459999084472656,40.15999984741211,40.43000030517578,185673,0.0,0.0
2024-05-14 13:30:00-04:00,40.41999816894531,40.58000183105469,40.40999984741211,40.5099983215332,99020,0.0,0.0
2024-05-14 14:30:00-04:00,40.505001068115234,40.689998626708984,40.45000076293945,40.685001373291016,160460,0.0,0.0
2024-05-14 15:30:00-04:00,40.689998626708984,40.9900016784668,40.619998931884766,40.86000061035156,567578,0.0,0.0
2024-05-15 09:30:00-04:00,41.91999816894531,42.220001220703125,41.20000076293945,41.47999954223633,213315,0.0,0.0
2024-05-15 10:30:00-04:00,41.470001220703125,41.56999969482422,41.3650016784668,41.564998626708984,100518,0.0,0.0
2024-05-15 11:30:00-04:00,41.564998626708984,41.64500045776367,41.400001525878906,41.540000915527344,132331,0.0,0.0
2024-05-15 12:30:00-04:00,41.560001373291016,41.619998931884766,41.48500061035156,41.56999969482422,103269,0.0,0.0
2024-05-15 13:30:00-04:00,41.56999969482422,41.56999969482422,41.349998474121094,41.470001220703125,127046,0.0,0.0
2024-05-15 14:30:00-04:00,41.470001220703125,41.599998474121094,41.31999969482422,41.5099983215332,114162,0.0,0.0
2024-05-15 15:30:00-04:00,41.5,41.560001373291016,41.380001068115234,41.4900016784668,247702,0.0,0.0
2024-05-16 09:30:00-04:00,41.5099983215332,41.560001373291016,41.2599983215332,41.52000045776367,155041,0.0,0.0
2024-05-16 10:30:00-04:00,41.525001525878906,41.619998931884766,41.4900016784668,41.564998626708984,125823,0.0,0.0
2024-05-16 11:30:00-04:00,41.56999969482422,41.619998931884766,41.529998779296875,41.595001220703125,93605,0.0,0.0
2024-05-16 12:30:00-04:00,41.59000015258789,41.79499816894531,41.54999923706055,41.689998626708984,108072,0.0,0.0
2024-05-16 13:30:00-04:00,41.682498931884766,41.849998474121094,41.68000030517578,41.845001220703125,96101,0.0,0.0
2024-05-16 14:30:00-04:00,41.84000015258789,42.029998779296875,41.81999969482422,42.02000045776367,130985,0.0,0.0
2024-05-16 15:30:00-04:00,42.025001525878906,42.06999969482422,41.939998626708984,41.95000076293945,244870,0.0,0.0
2024-05-17 09:30:00-04:00,42.0,42.22999954223633,41.820098876953125,42.209999084472656,182857,0.0,0.0
2024-05-17 10:30:00-04:00,42.20000076293945,42.38999938964844,42.08000183105469,42.369998931884766,192401,0.0,0.0
2024-05-17 11:30:00-04:00,42.380001068115234,42.41999816894531,42.209999084472656,42.220001220703125,88977,0.0,0.0
2024-05-17 12:30:00-04:00,42.22999954223633,42.34000015258789,42.150001525878906,42.29750061035156,121018,0.0,0.0
2024-05-17 13:30:00-04:00,42.31230163574219,42.349998474121094,41.95249938964844,42.0099983215332,130454,0.0,0.0
2024-05-17 14:30:00-04:00,42.0,42.125,41.962501525878906,42.119998931884766,71577,0.0,0.0
2024-05-17 15:30:00-04:00,42.119998931884766,42.20000076293945,42.02000045776367,42.029998779296875,159914,0.0,0.0
2024-05-20 09:30:00-04:00,42.08000183105469,42.11000061035156,41.779998779296875,41.9900016784668,69810,0.0,0.0
2024-05-20 10:30:00-04:00,41.9900016784668,42.04999923706055,41.68000030517578,41.84000015258789,106460,0.0,0.0
2024-05-20 11:30:00-04:00,41.84000015258789,41.88999938964844,41.6150016784668,41.65999984741211,134849,0.0,0.0
2024-05-20 12:30:00-04:00,41.63999938964844,41.75,41.599998474121094,41.689998626708984,62514,0.0,0.0
2024-05-20 13:30:00-04:00,41.68000030517578,41.790000915527344,41.65999984741211,41.779998779296875,80744,0.0,0.0
2024-05-20 14:30:00-04:00,41.779998779296875,41.970001220703125,41.77000045776367,41.95500183105469,83263,0.0,0.0
2024-05-20 15:30:00-04:00,41.959999084472656,42.0,41.84000015258789,41.88999938964844,209691,0.0,0.0
2024-05-21 09:30:00-04:00,41.560001373291016,41.75,41.40999984741211,41.724998474121094,70378,0.0,0.0
2024-05-21 10:30:00-04:00,41.7400016784668,41.81999969482422,41.650001525878906,41.65999984741211,67400,0.0,0.0
2024-05-21 11:30:00-04:00,41.650001525878906,41.69499969482422,41.619998931884766,41.63999938964844,44496,0.0,0.0
2024-05-21 12:30:00-04:00,41.630001068115234,41.65999984741211,41.52000045776367,41.529998779296875,53654,0.0,0.0
2024-05-21 13:30:00-04:00,41.529998779296875,41.59000015258789,41.470001220703125,41.4900016784668,50560,0.0,0.0
2024-05-21 14:30:00-04:00,41.494998931884766,41.63999938964844,41.415000915527344,41.599998474121094,89085,0.0,0.0
2024-05-21 15:30:00-04:00,41.599998474121094,41.79999923706055,41.599998474121094,41.650001525878906,171654,0.0,0.0
2024-05-22 09:30:00-04:00,41.66999816894531,41.88999938964844,41.630001068115234,41.810001373291016,71072,0.0,0.0
2024-05-22 10:30:00-04:00,41.79999923706055,42.029998779296875,41.68000030517578,42.0099983215332,243636,0.0,0.0
2024-05-22 11:30:00-04:00,42.0,42.08000183105469,41.900001525878906,41.91999816894531,107469,0.0,0.0
2024-05-22 12:30:00-04:00,41.88999938964844,41.900001525878906,41.65999984741211,41.7599983215332,50351,0.0,0.0
2024-05-22 13:30:00-04:00,41.7599983215332,41.79999923706055,41.52000045776367,41.52000045776367,77370,0.0,0.0
2024-05-22 14:30:00-04:00,41.529998779296875,41.630001068115234,41.45000076293945,41.54999923706055,68782,0.0,0.0
2024-05-22 15:30:00-04:00,41.54999923706055,41.709999084472656,41.5,41.68000030517578,140332,0.0,0.0
2024-05-23 09:30:00-04:00,41.790000915527344,41.790000915527344,40.90999984741211,41.09000015258789,57109,0.0,0.0
2024-05-23 10:30:00-04:00,41.11000061035156,41.130001068115234,40.84000015258789,41.130001068115234,57182,0.0,0.0
2024-05-23 11:30:00-04:00,41.150001525878906,41.38999938964844,41.119998931884766,41.32500076293945,57288,0.0,0.0
2024-05-23 12:30:00-04:00,41.334999084472656,41.380001068115234,41.08000183105469,41.18000030517578,50149,0.0,0.0
2024-05-23 13:30:00-04:00,41.16999816894531,41.18000030517578,40.525001525878906,40.56999969482422,64221,0.0,0.0
2024-05-23 14:30:00-04:00,40.54999923706055,40.650001525878906,40.5,40.525001525878906,87866,0.0,0.0
2024-05-23 15:30:00-04:00,40.540000915527344,40.77000045776367,40.540000915527344,40.75,168128,0.0,0.0
2024-05-24 09:30:00-04:00,40.459999084472656,40.459999084472656,39.619998931884766,39.72999954223633,181986,0.0,0.0
2024-05-24 10:30:00-04:00,39.73749923706055,40.0099983215332,39.66999816894531,39.90999984741211,99307,0.0,0.0
2024-05-24 11:30:00-04:00,39.88999938964844,39.939998626708984,39.810001373291016,39.849998474121094,59467,0.0,0.0
2024-05-24 12:30:00-04:00,39.86000061035156,39.86000061035156,39.68000030517578,39.68000030517578,57775,0.0,0.0
2024-05-24 13:30:00-04:00,39.68000030517578,39.790000915527344,39.68000030517578,39.76499938964844,60139,0.0,0.0
2024-05-24 14:30:00-04:00,39.77000045776367,39.83000183105469,39.66999816894531,39.7599983215332,110201,0.0,0.0
2024-05-24 15:30:00-04:00,39.7599983215332,39.779998779296875,39.56999969482422,39.68000030517578,162797,0.0,0.0
2024-05-28 09:30:00-04:00,39.54999923706055,39.650001525878906,38.880001068115234,39.48500061035156,93861,0.0,0.0
2024-05-28 10:30:00-04:00,39.470001220703125,39.470001220703125,39.290000915527344,39.400001525878906,60248,0.0,0.0
2024-05-28 11:30:00-04:00,39.369998931884766,39.400001525878906,39.099998474121094,39.099998474121094,63239,0.0,0.0
2024-05-28 12:30:00-04:00,39.099998474121094,39.22999954223633,39.02000045776367,39.099998474121094,93473,0.0,0.0
2024-05-28 13:30:00-04:00,39.08000183105469,39.189998626708984,39.005001068115234,39.13999938964844,66249,0.0,0.0
2024-05-28 14:30:00-04:00,39.130001068115234,39.22999954223633,39.0,39.189998626708984,98693,0.0,0.0
2024-05-28 15:30:00-04:00,39.189998626708984,39.380001068115234,39.18000030517578,39.29999923706055,163467,0.0,0.0
2024-05-29 09:30:00-04:00,38.52000045776367,39.18000030517578,38.5,39.099998474121094,87405,0.0,0.0
2024-05-29 10:30:00-04:00,39.09000015258789,39.27000045776367,39.040000915527344,39.13999938964844,64280,0.0,0.0
2024-05-29 11:30:00-04:00,39.150001525878906,39.279998779296875,39.08000183105469,39.13999938964844,83286,0.0,0.0
2024-05-29 12:30:00-04:00,39.13999938964844,39.290000915527344,39.09000015258789,39.25,87348,0.0,0.0
2024-05-29 13:30:00-04:00,39.25,39.2599983215332,39.029998779296875,39.04499816894531,84998,0.0,0.0
2024-05-29 14:30:00-04:00,39.040000915527344,39.119998931884766,38.9900016784668,39.060001373291016,150048,0.0,0.0
2024-05-29 15:30:00-04:00,39.060001373291016,39.290000915527344,39.060001373291016,39.2599983215332,235143,0.0,0.0
2024-05-30 09:30:00-04:00,38.790000915527344,38.790000915527344,37.40999984741211,37.66999816894531,362121,0.0,0.0
2024-05-30 10:30:00-04:00,37.689998626708984,37.75,37.349998474121094,37.540000915527344,195307,0.0,0.0
2024-05-30 11:30:00-04:00,37.540000915527344,37.57500076293945,37.349998474121094,37.439998626708984,289981,0.0,0.0
2024-05-30 12:30:00-04:00,37.44499969482422,37.63999938964844,37.150001525878906,37.2599983215332,279625,0.0,0.0
2024-05-30 13:30:00-04:00,37.2599983215332,37.31999969482422,37.14500045776367,37.220001220703125,254108,0.0,0.0
2024-05-30 14:30:00-04:00,37.220001220703125,37.27000045776367,36.939998626708984,37.09000015258789,228708,0.0,0.0
2024-05-30 15:30:00-04:00,37.09000015258789,37.255001068115234,36.959999084472656,37.09000015258789,424074,0.0,0.0
2024-05-31 09:30:00-04:00,37.439998626708984,37.71500015258789,36.880001068115234,37.34000015258789,222606,0.0,0.0
2024-05-31 10:30:00-04:00,37.31999969482422,37.345001220703125,37.0,37.099998474121094,185165,0.0,0.0
2024-05-31 11:30:00-04:00,37.09000015258789,37.09000015258789,36.560001373291016,36.709999084472656,279815,0.0,0.0
2024-05-31 12:30:00-04:00,36.709999084472656,36.92499923706055,36.70000076293945,36.84000015258789,350371,0.0,0.0
2024-05-31 13:30:00-04:00,36.849998474121094,36.869998931884766,36.619998931884766,36.63999938964844,190576,0.0,0.0
2024-05-31 14:30:00-04:00,36.65999984741211,36.7599983215332,36.599998474121094,36.689998626708984,202066,0.0,0.0
2024-05-31 15:30:00-04:00,36.68000030517578,37.2599983215332,36.599998474121094,36.9900016784668,525336,0.0,0.0
2024-06-03 09:30:00-04:00,37.529998779296875,37.61000061035156,37.04999923706055,37.375,428682,0.0,0.0
2024-06-03 10:30:00-04:00,37.36000061035156,37.3650016784668,37.04999923706055,37.20000076293945,218316,0.0,0.0
2024-06-03 11:30:00-04:00,37.20000076293945,37.220001220703125,36.95000076293945,37.11000061035156,271785,0.0,0.0
2024-06-03 12:30:00-04:00,37.099998474121094,37.30500030517578,36.810001373291016,37.040000915527344,229641,0.0,0.0
2024-06-03 13:30:00-04:00,37.060001373291016,37.349998474121094,37.0,37.2599983215332,244714,0.0,0.0
2024-06-03 14:30:00-04:00,37.2599983215332,37.36000061035156,37.150001525878906,37.25,236336,0.0,0.0
2024-06-03 15:30:00-04:00,37.255001068115234,37.54499816894531,37.130001068115234,37.41999816894531,745087,0.0,0.0
2024-06-04 09:30:00-04:00,37.29999923706055,38.654998779296875,37.279998779296875,38.380001068115234,787378,0.0,0.0
2024-06-04 10:30:00-04:00,38.369998931884766,38.435001373291016,37.72999954223633,38.005001068115234,332647,0.0,0.0
2024-06-04 11:30:00-04:00,38.01499938964844,38.01499938964844,37.38999938964844,37.45000076293945,602697,0.0,0.0
2024-06-04 12:30:00-04:00,37.439998626708984,37.55500030517578,37.25,37.30500030517578,196509,0.0,0.0
2024-06-04 13:30:00-04:00,37.310001373291016,37.400001525878906,37.224998474121094,37.345001220703125,230064,0.0,0.0
2024-06-04 14:30:00-04:00,37.349998474121094,37.529998779296875,37.310001373291016,37.47999954223633,193225,0.0,0.0
2024-06-04 15:30:00-04:00,37.47999954223633,37.650001525878906,37.470001220703125,37.59000015258789,310499,0.0,0.0
2024-06-05 09:30:00-04:00,38.40999984741211,38.40999984741211,37.18989944458008,37.47999954223633,251855,0.0,0.0
2024-06-05 10:30:00-04:00,37.47999954223633,37.540000915527344,37.2599983215332,37.42499923706055,162306,0.0,0.0
2024-06-05 11:30:00-04:00,37.42499923706055,37.709999084472656,37.400001525878906,37.58000183105469,179243,0.0,0.0
2024-06-05 12:30:00-04:00,37.58000183105469,37.665000915527344,37.47999954223633,37.58000183105469,179877,0.0,0.0
2024-06-05 13:30:00-04:00,37.59000015258789,37.89500045776367,37.584999084472656,37.869998931884766,165912,0.0,0.0
2024-06-05 14:30:00-04:00,37.869998931884766,37.878299713134766,37.71500015258789,37.84000015258789,269869,0.0,0.0
2024-06-05 15:30:00-04:00,37.84000015258789,37.970001220703125,37.59000015258789,37.790000915527344,510021,0.0,0.0
2024-06-06 09:30:00-04:00,43.9900016784668,45.34000015258789,42.630001068115234,44.0099983215332,2515901,0.0,0.0
2024-06-06 10:30:00-04:00,44.0,44.68000030517578,43.65010070800781,44.150001525878906,1410228,0.0,0.0
2024-06-06 11:30:00-04:00,44.12990188598633,44.12990188598633,43.720699310302734,43.970001220703125,537428,0.0,0.0
2024-06-06 12:30:00-04:00,43.9900016784668,44.13999938964844,43.84000015258789,44.099998474121094,451995,0.0,0.0
2024-06-06 13:30:00-04:00,44.08420181274414,44.22999954223633,43.81999969482422,44.11000061035156,443512,0.0,0.0
2024-06-06 14:30:00-04:00,44.099998474121094,44.099998474121094,43.709999084472656,43.970001220703125,769767,0.0,0.0
2024-06-06 15:30:00-04:00,43.96609878540039,44.36000061035156,43.959999084472656,44.2599983215332,890962,0.0,0.0
2024-06-07 09:30:00-04:00,44.27000045776367,44.46989822387695,43.510101318359375,44.09000015258789,386047,0.0,0.0
2024-06-07 10:30:00-04:00,44.09000015258789,44.27000045776367,43.88999938964844,44.2599983215332,180327,0.0,0.0
2024-06-07 11:30:00-04:00,44.27399826049805,44.61000061035156,44.250099182128906,44.47999954223633,180967,0.0,0.0
2024-06-07 12:30:00-04:00,44.47999954223633,44.63999938964844,44.42399978637695,44.56999969482422,159920,0.0,0.0
2024-06-07 13:30:00-04:00,44.560001373291016,44.619998931884766,44.2599983215332,44.540000915527344,169680,0.0,0.0
2024-06-07 14:30:00-04:00,44.54999923706055,44.58000183105469,44.380001068115234,44.400001525878906,162064,0.0,0.0
2024-06-07 15:30:00-04:00,44.400001525878906,44.560001373291016,44.2400016784668,44.279998779296875,429851,0.0,0.0
2024-06-10 09:30:00-04:00,43.939998626708984,44.08000183105469,43.529998779296875,43.84000015258789,248924,0.0,0.0
2024-06-10 10:30:00-04:00,43.849998474121094,44.0,43.709999084472656,43.83000183105469,187971,0.0,0.0
2024-06-10 11:30:00-04:00,43.849998474121094,43.93000030517578,43.7400016784668,43.869998931884766,189341,0.0,0.0
2024-06-10 12:30:00-04:00,43.90999984741211,43.95500183105469,43.72999954223633,43.77000045776367,211473,0.0,0.0
2024-06-10 13:30:00-04:00,43.79999923706055,43.81999969482422,43.57500076293945,43.75,182916,0.0,0.0
2024-06-10 14:30:00-04:00,43.72999954223633,43.7599983215332,43.650001525878906,43.7400016784668,201581,0.0,0.0
2024-06-10 15:30:00-04:00,43.7400016784668,43.7599983215332,43.29999923706055,43.36000061035156,550247,0.0,0.0
2024-06-11 09:30:00-04:00,43.41999816894531,43.9900016784668,43.11000061035156,43.68000030517578,180205,0.0,0.0
2024-06-11 10:30:00-04:00,43.689998626708984,43.86000061035156,43.59000015258789,43.650001525878906,134403,0.0,0.0
2024-06-11 11:30:00-04:00,43.650001525878906,43.654998779296875,43.439998626708984,43.529998779296875,99060,0.0,0.0
2024-06-11 12:30:00-04:00,43.540000915527344,43.84000015258789,43.529998779296875,43.7599983215332,143189,0.0,0.0
2024-06-11 13:30:00-04:00,43.7599983215332,43.970001220703125,43.7599983215332,43.90999984741211,135268,0.0,0.0
2024-06-11 14:30:00-04:00,43.90999984741211,44.11000061035156,43.84000015258789,43.88999938964844,188967,0.0,0.0
2024-06-11 15:30:00-04:00,43.900001525878906,44.02000045776367,43.7599983215332,44.0099983215332,411686,0.0,0.0
2024-06-12 09:30:00-04:00,44.5,45.079898834228516,44.400001525878906,44.459999084472656,277749,0.0,0.0
2024-06-12 10:30:00-04:00,44.459999084472656,44.47999954223633,44.130001068115234,44.130001068115234,151314,0.0,0.0
2024-06-12 11:30:00-04:00,44.09000015258789,44.369998931884766,43.91999816894531,43.91999816894531,214182,0.0,0.0
2024-06-12 12:30:00-04:00,43.93000030517578,44.150001525878906,43.83000183105469,44.064998626708984,177214,0.0,0.0
2024-06-12 13:30:00-04:00,44.08000183105469,44.18000030517578,43.61000061035156,43.8650016784668,213951,0.0,0.0
2024-06-12 14:30:00-04:00,43.869998931884766,43.904998779296875,43.5,43.52000045776367,163790,0.0,0.0
2024-06-12 15:30:00-04:00,43.51499938964844,43.619998931884766,43.38999938964844,43.41999816894531,371381,0.0,0.0
2024-06-13 09:30:00-04:00,43.540000915527344,43.7400016784668,42.540000915527344,42.76499938964844,218335,0.0,0.0
2024-06-13 10:30:00-04:00,42.76499938964844,42.91999816894531,42.279998779296875,42.33000183105469,250974,0.0,0.0
2024-06-13 11:30:00-04:00,42.380001068115234,42.400001525878906,41.9900016784668,42.040000915527344,83473,0.0,0.0
2024-06-13 12:30:00-04:00,42.0099983215332,42.16999816894531,42.0099983215332,42.08000183105469,80555,0.0,0.0
2024-06-13 13:30:00-04:00,42.06999969482422,42.150001525878906,41.91999816894531,42.06999969482422,79874,0.0,0.0
2024-06-13 14:30:00-04:00,42.08000183105469,42.099998474121094,41.95000076293945,42.0,121319,0.0,0.0
2024-06-13 15:30:00-04:00,42.0,42.09000015258789,41.90999984741211,41.91999816894531,244867,0.0,0.0
2024-06-14 09:30:00-04:00,41.88999938964844,42.099998474121094,41.45000076293945,41.599998474121094,187594,0.0,0.0
2024-06-14 10:30:00-04:00,41.56999969482422,41.93000030517578,41.45500183105469,41.77000045776367,115489,0.0,0.0
2024-06-14 11:30:00-04:00,41.77000045776367,41.849998474121094,41.599998474121094,41.689998626708984,105164,0.0,0.0
2024-06-14 12:30:00-04:00,41.70000076293945,41.869998931884766,41.56999969482422,41.81999969482422,122996,0.0,0.0
2024-06-14 13:30:00-04:00,41.83000183105469,41.93000030517578,41.619998931884766,41.63999938964844,92030,0.0,0.0
2024-06-14 14:30:00-04:00,41.63999938964844,41.86000061035156,41.564998626708984,41.810001373291016,111394,0.0,0.0
2024-06-14 15:30:00-04:00,41.81999969482422,41.869998931884766,41.720001220703125,41.779998779296875,197668,0.0,0.0
2024-06-17 09:30:00-04:00,41.40999984741211,41.7599983215332,41.209999084472656,41.400001525878906,179743,0.0,0.0
2024-06-17 10:30:00-04:00,41.40999984741211,41.5099983215332,41.189998626708984,41.40999984741211,108372,0.0,0.0
2024-06-17 11:30:00-04:00,41.400001525878906,41.625,41.36000061035156,41.540000915527344,93027,0.0,0.0
2024-06-17 12:30:00-04:00,41.529998779296875,41.70000076293945,41.47999954223633,41.66999816894531,75708,0.0,0.0
2024-06-17 13:30:00-04:00,41.66999816894531,41.900001525878906,41.61000061035156,41.720001220703125,112905,0.0,0.0
2024-06-17 14:30:00-04:00,41.72999954223633,41.900001525878906,41.650001525878906,41.880001068115234,149015,0.0,0.0
2024-06-17 15:30:00-04:00,41.869998931884766,42.060001373291016,41.82500076293945,41.86000061035156,377655,0.0,0.0
2024-06-18 09:30:00-04:00,41.709999084472656,42.040000915527344,41.060001373291016,41.060001373291016,200075,0.0,0.0
2024-06-18 10:30:00-04:00,41.029998779296875,41.18000030517578,40.95000076293945,41.02000045776367,98627,0.0,0.0
2024-06-18 11:30:00-04:00,41.0099983215332,41.540000915527344,41.0099983215332,41.52000045776367,146037,0.0,0.0
2024-06-18 12:30:00-04:00,41.522499084472656,41.630001068115234,41.380001068115234,41.59000015258789,209975,0.0,0.0
2024-06-18 13:30:00-04:00,41.59000015258789,41.720001220703125,41.540000915527344,41.6150016784668,127888,0.0,0.0
2024-06-18 14:30:00-04:00,41.61000061035156,41.80500030517578,41.54999923706055,41.75,212003,0.0,0.0
2024-06-18 15:30:00-04:00,41.7400016784668,41.76499938964844,41.220001220703125,41.2400016784668,287150,0.0,0.0
2024-06-20 09:30:00-04:00,41.31999969482422,41.380001068115234,40.90999984741211,41.29999923706055,129992,0.0,0.0
2024-06-20 10:30:00-04:00,41.31999969482422,41.31999969482422,40.91299819946289,40.939998626708984,98400,0.0,0.0
2024-06-20 11:30:00-04:00,40.93000030517578,40.970001220703125,40.779998779296875,40.779998779296875,135933,0.0,0.0
2024-06-20 12:30:00-04:00,40.790000915527344,40.880001068115234,40.70000076293945,40.849998474121094,104224,0.0,0.0
2024-06-20 13:30:00-04:00,40.849998474121094,41.040000915527344,40.817501068115234,40.974998474121094,138728,0.0,0.0
2024-06-20 14:30:00-04:00,40.97999954223633,41.25,40.970001220703125,41.130001068115234,218016,0.0,0.0
2024-06-20 15:30:00-04:00,41.130001068115234,41.36000061035156,41.119998931884766,41.25,366494,0.0,0.0
2024-06-21 09:30:00-04:00,41.40999984741211,41.939998626708984,41.189998626708984,41.689998626708984,102132,0.0,0.0
2024-06-21 10:30:00-04:00,41.71500015258789,41.77000045776367,41.560001373291016,41.63999938964844,94541,0.0,0.0
2024-06-21 11:30:00-04:00,41.630001068115234,41.849998474121094,41.619998931884766,41.83000183105469,79101,0.0,0.0
2024-06-21 12:30:00-04:00,41.81999969482422,42.15999984741211,41.810001373291016,42.08000183105469,108700,0.0,0.0
2024-06-21 13:30:00-04:00,42.060001373291016,42.540000915527344,42.060001373291016,42.5099983215332,159318,0.0,0.0
2024-06-21 14:30:00-04:00,42.5099983215332,42.61000061035156,42.439998626708984,42.54999923706055,182225,0.0,0.0
2024-06-21 15:30:00-04:00,42.54999923706055,42.709999084472656,42.47999954223633,42.68000030517578,354954,0.0,0.0
2024-06-24 09:30:00-04:00,42.33000183105469,42.650001525878906,41.959999084472656,42.2400016784668,126840,0.0,0.0
2024-06-24 10:30:00-04:00,42.22999954223633,42.29999923706055,42.06999969482422,42.099998474121094,74772,0.0,0.0
2024-06-24 11:30:00-04:00,42.099998474121094,42.099998474121094,41.65999984741211,41.790000915527344,57832,0.0,0.0
2024-06-24 12:30:00-04:00,41.79499816894531,41.81949996948242,41.58000183105469,41.63999938964844,79526,0.0,0.0
2024-06-24 13:30:00-04:00,41.630001068115234,41.87990188598633,41.540000915527344,41.72999954223633,94850,0.0,0.0
2024-06-24 14:30:00-04:00,41.72999954223633,41.75,41.54999923706055,41.630001068115234,127799,0.0,0.0
2024-06-24 15:30:00-04:00,41.630001068115234,41.69499969482422,41.47999954223633,41.5099983215332,224360,0.0,0.0
2024-06-25 09:30:00-04:00,41.68000030517578,42.15999984741211,41.2400016784668,42.150001525878906,91553,0.0,0.0
2024-06-25 10:30:00-04:00,42.130001068115234,42.13999938964844,41.900001525878906,42.0099983215332,74275,0.0,0.0
2024-06-25 11:30:00-04:00,42.0099983215332,42.02000045776367,41.84000015258789,41.88999938964844,89235,0.0,0.0
2024-06-25 12:30:00-04:00,41.8849983215332,41.959999084472656,41.72999954223633,41.91999816894531,140172,0.0,0.0
2024-06-25 13:30:00-04:00,41.90999984741211,42.07500076293945,41.88999938964844,42.04999923706055,89188,0.0,0.0
2024-06-25 14:30:00-04:00,42.040000915527344,42.43000030517578,42.025001525878906,42.41999816894531,154890,0.0,0.0
2024-06-25 15:30:00-04:00,42.415000915527344,42.5099983215332,42.310001373291016,42.34000015258789,322672,0.0,0.0
2024-06-26 09:30:00-04:00,42.439998626708984,43.040000915527344,42.31999969482422,42.73500061035156,137221,0.0,0.0
2024-06-26 10:30:00-04:00,42.720001220703125,42.95000076293945,42.70000076293945,42.904998779296875,86328,0.0,0.0
2024-06-26 11:30:00-04:00,42.91999816894531,43.08000183105469,42.81999969482422,42.9900016784668,117855,0.0,0.0
2024-06-26 12:30:00-04:00,42.97999954223633,43.0099983215332,42.58000183105469,42.7400016784668,130629,0.0,0.0
2024-06-26 13:30:00-04:00,42.7400016784668,42.869998931884766,42.70500183105469,42.810001373291016,105374,0.0,0.0
2024-06-26 14:30:00-04:00,42.81999969482422,42.95000076293945,42.7599983215332,42.91999816894531,106960,0.0,0.0
2024-06-26 15:30:00-04:00,42.91999816894531,42.970001220703125,42.81999969482422,42.869998931884766,273976,0.0,0.0
2024-06-27 09:30:00-04:00,42.9900016784668,43.54999923706055,42.83000183105469,43.53499984741211,108262,0.0,0.0
2024-06-27 10:30:00-04:00,43.53499984741211,43.66999816894531,43.36000061035156,43.619998931884766,108098,0.0,0.0
2024-06-27 11:30:00-04:00,43.61000061035156,43.9900016784668,43.52000045776367,43.77000045776367,101345,0.0,0.0
2024-06-27 12:30:00-04:00,43.790000915527344,43.939998626708984,43.7400016784668,43.80500030517578,120709,0.0,0.0
2024-06-27 13:30:00-04:00,43.81999969482422,43.83000183105469,43.560001373291016,43.6150016784668,137804,0.0,0.0
2024-06-27 14:30:00-04:00,43.60749816894531,43.86000061035156,43.560001373291016,43.81999969482422,128729,0.0,0.0
2024-06-27 15:30:00-04:00,43.83000183105469,43.849998474121094,43.540000915527344,43.560001373291016,274567,0.0,0.0
2024-06-28 09:30:00-04:00,43.689998626708984,44.290000915527344,43.5099983215332,44.1150016784668,182276,0.0,0.0
2024-06-28 10:30:00-04:00,44.1150016784668,44.400001525878906,44.09000015258789,44.34000015258789,176079,0.0,0.0
2024-06-28 11:30:00-04:00,44.345001220703125,44.68000030517578,44.189998626708984,44.380001068115234,191738,0.0,0.0
2024-06-28 12:30:00-04:00,44.39500045776367,44.46500015258789,44.14500045776367,44.34000015258789,122719,0.0,0.0
2024-06-28 13:30:00-04:00,44.310001373291016,44.36000061035156,44.18000030517578,44.33000183105469,93007,0.0,0.0
2024-06-28 14:30:00-04:00,44.31999969482422,44.400001525878906,44.26499938964844,44.27000045776367,122295,0.0,0.0
2024-06-28 15:30:00-04:00,44.27000045776367,44.349998474121094,44.060001373291016,44.060001373291016,254981,0.0,0.0
2024-07-01 09:30:00-04:00,44.06999969482422,44.58000183105469,43.810001373291016,43.9900016784668,181082,0.0,0.0
2024-07-01 10:30:00-04:00,43.9900016784668,44.189998626708984,43.900001525878906,44.040000915527344,114678,0.0,0.0
2024-07-01 11:30:00-04:00,44.040000915527344,44.29999923706055,44.040000915527344,44.27000045776367,70293,0.0,0.0
2024-07-01 12:30:00-04:00,44.27000045776367,44.380001068115234,44.2400016784668,44.380001068115234,83391,0.0,0.0
2024-07-01 13:30:00-04:00,44.375,44.380001068115234,44.150299072265625,44.150299072265625,76481,0.0,0.0
2024-07-01 14:30:00-04:00,44.15999984741211,44.20000076293945,44.11000061035156,44.13999938964844,95800,0.0,0.0
2024-07-01 15:30:00-04:00,44.150001525878906,44.5099983215332,44.150001525878906,44.5099983215332,244700,0.0,0.0
2024-07-02 09:30:00-04:00,44.599998474121094,44.90999984741211,44.0,44.060001373291016,122478,0.0,0.0
2024-07-02 10:30:00-04:00,44.040000915527344,44.20000076293945,43.97999954223633,44.04499816894531,123753,0.0,0.0
2024-07-02 11:30:00-04:00,44.04499816894531,44.20899963378906,43.72999954223633,43.8849983215332,97072,0.0,0.0
2024-07-02 12:30:00-04:00,43.880001068115234,43.96500015258789,43.72999954223633,43.95000076293945,83756,0.0,0.0
2024-07-02 13:30:00-04:00,43.95500183105469,44.150001525878906,43.880001068115234,44.099998474121094,65925,0.0,0.0
2024-07-02 14:30:00-04:00,44.099998474121094,44.209999084472656,44.005001068115234,44.11000061035156,90756,0.0,0.0
2024-07-02 15:30:00-04:00,44.099998474121094,44.130001068115234,44.02000045776367,44.09000015258789,188446,0.0,0.0
2024-07-03 09:30:00-04:00,43.400001525878906,43.970001220703125,43.15010070800781,43.84000015258789,181764,0.0,0.0
2024-07-03 10:30:00-04:00,43.8849983215332,43.9900016784668,43.470001220703125,43.650001525878906,145114,0.0,0.0
2024-07-03 11:30:00-04:00,43.650001525878906,43.790000915527344,43.380001068115234,43.41999816894531,156598,0.0,0.0
2024-07-05 09:30:00-04:00,43.11000061035156,44.060001373291016,43.099998474121094,43.939998626708984,114256,0.0,0.0
2024-07-05 10:30:00-04:00,43.900001525878906,44.133399963378906,43.83000183105469,43.880001068115234,87954,0.0,0.0
2024-07-05 11:30:00-04:00,43.880001068115234,43.90999984741211,43.72999954223633,43.80500030517578,69305,0.0,0.0
2024-07-05 12:30:00-04:00,43.80500030517578,43.83000183105469,43.65999984741211,43.779998779296875,65979,0.0,0.0
2024-07-05 13:30:00-04:00,43.77439880371094,43.86000061035156,43.7400016784668,43.79999923706055,75239,0.0,0.0
2024-07-05 14:30:00-04:00,43.810001373291016,43.84000015258789,43.7599983215332,43.810001373291016,81641,0.0,0.0
2024-07-05 15:30:00-04:00,43.7599983215332,43.83000183105469,43.66999816894531,43.75,156212,0.0,0.0
2024-07-08 09:30:00-04:00,43.75,43.79499816894531,43.279998779296875,43.7400016784668,84827,0.0,0.0
2024-07-08 10:30:00-04:00,43.75,43.84000015258789,43.599998474121094,43.790000915527344,73970,0.0,0.0
2024-07-08 11:30:00-04:00,43.79999923706055,43.849998474121094,43.720001220703125,43.83000183105469,79857,0.0,0.0
2024-07-08 12:30:00-04:00,43.83000183105469,43.939998626708984,43.814998626708984,43.900001525878906,79261,0.0,0.0
2024-07-08 13:30:00-04:00,43.90999984741211,44.02000045776367,43.8849983215332,43.93000030517578,67747,0.0,0.0
2024-07-08 14:30:00-04:00,43.93000030517578,43.939998626708984,43.81999969482422,43.821998596191406,86526,0.0,0.0
2024-07-08 15:30:00-04:00,43.83000183105469,43.904998779296875,43.720001220703125,43.72999954223633,236057,0.0,0.0
2024-07-09 09:30:00-04:00,43.720001220703125,43.86000061035156,42.93000030517578,42.97010040283203,103277,0.0,0.0
2024-07-09 10:30:00-04:00,42.97999954223633,42.97999954223633,42.720001220703125,42.720001220703125,106090,0.0,0.0
2024-07-09 11:30:00-04:00,42.73500061035156,42.79499816894531,42.584999084472656,42.61009979248047,64816,0.0,0.0
2024-07-09 12:30:00-04:00,42.63999938964844,42.81999969482422,42.630001068115234,42.790000915527344,64440,0.0,0.0
2024-07-09 13:30:00-04:00,42.77000045776367,42.904998779296875,42.650001525878906,42.83000183105469,83490,0.0,0.0
2024-07-09 14:30:00-04:00,42.84000015258789,42.970001220703125,42.790000915527344,42.86000061035156,112246,0.0,0.0
2024-07-09 15:30:00-04:00,42.86000061035156,43.029998779296875,42.849998474121094,42.970001220703125,226760,0.0,0.0
2024-07-10 09:30:00-04:00,43.0,43.619998931884766,42.720001220703125,42.88999938964844,153462,0.0,0.0
2024-07-10 10:30:00-04:00,42.91999816894531,42.95000076293945,42.439998626708984,42.709999084472656,112783,0.0,0.0
2024-07-10 11:30:00-04:00,42.7400016784668,42.974998474121094,42.70000076293945,42.7400016784668,109304,0.0,0.0
2024-07-10 12:30:00-04:00,42.7400016784668,42.86000061035156,42.70000076293945,42.75,83114,0.0,0.0
2024-07-10 13:30:00-04:00,42.75,42.93000030517578,42.70000076293945,42.810001373291016,104047,0.0,0.0
2024-07-10 14:30:00-04:00,42.81999969482422,43.13999938964844,42.81999969482422,43.13999938964844,141992,0.0,0.0
2024-07-10 15:30:00-04:00,43.099998474121094,43.279998779296875,43.029998779296875,43.22999954223633,292369,0.0,0.0
2024-07-11 09:30:00-04:00,43.599998474121094,44.27000045776367,43.400001525878906,43.619998931884766,104174,0.0,0.0
2024-07-11 10:30:00-04:00,43.61000061035156,43.70000076293945,43.32120132446289,43.345001220703125,73868,0.0,0.0
2024-07-11 11:30:00-04:00,43.31999969482422,43.36000061035156,43.189998626708984,43.34000015258789,62589,0.0,0.0
2024-07-11 12:30:00-04:00,43.34000015258789,43.5099983215332,43.34000015258789,43.47999954223633,49169,0.0,0.0
2024-07-11 13:30:00-04:00,43.470001220703125,43.470001220703125,43.10499954223633,43.10499954223633,86704,0.0,0.0
2024-07-11 14:30:00-04:00,43.10499954223633,43.28499984741211,42.939998626708984,43.20000076293945,166341,0.0,0.0
2024-07-11 15:30:00-04:00,43.19900131225586,43.27000045776367,43.06999969482422,43.08000183105469,155790,0.0,0.0
2024-07-12 09:30:00-04:00,43.08000183105469,43.7599983215332,42.970001220703125,43.7599983215332,61874,0.0,0.0
2024-07-12 10:30:00-04:00,43.779998779296875,43.84000015258789,43.4900016784668,43.61000061035156,56066,0.0,0.0
2024-07-12 11:30:00-04:00,43.60499954223633,43.650001525878906,43.279998779296875,43.40999984741211,46175,0.0,0.0
2024-07-12 12:30:00-04:00,43.40999984741211,43.619998931884766,43.310001373291016,43.45989990234375,72091,0.0,0.0
2024-07-12 13:30:00-04:00,43.45000076293945,43.470001220703125,43.34000015258789,43.349998474121094,82842,0.0,0.0
2024-07-12 14:30:00-04:00,43.349998474121094,43.52000045776367,43.290000915527344,43.459999084472656,80460,0.0,0.0
2024-07-12 15:30:00-04:00,43.46500015258789,43.58000183105469,43.459999084472656,43.52000045776367,148997,0.0,0.0
2024-07-15 09:30:00-04:00,43.709999084472656,44.189998626708984,43.59000015258789,43.869998931884766,88442,0.0,0.0
2024-07-15 10:30:00-04:00,43.900001525878906,44.2400016784668,43.81999969482422,44.20000076293945,85588,0.0,0.0
2024-07-15 11:30:00-04:00,44.209999084472656,44.400001525878906,44.060001373291016,44.34000015258789,114169,0.0,0.0
2024-07-15 12:30:00-04:00,44.34000015258789,44.529998779296875,44.25,44.41999816894531,82589,0.0,0.0
2024-07-15 13:30:00-04:00,44.40999984741211,44.439998626708984,44.29999923706055,44.43000030517578,62972,0.0,0.0
2024-07-15 14:30:00-04:00,44.415000915527344,44.470001220703125,44.34000015258789,44.41999816894531,73515,0.0,0.0
2024-07-15 15:30:00-04:00,44.43989944458008,44.4900016784668,44.34000015258789,44.45000076293945,179526,0.0,0.0
2024-07-16 09:30:00-04:00,44.599998474121094,45.4900016784668,44.595001220703125,44.720001220703125,167378,0.0,0.0
2024-07-16 10:30:00-04:00,44.685001373291016,44.7400016784668,44.54499816894531,44.69499969482422,122949,0.0,0.0
2024-07-16 11:30:00-04:00,44.65999984741211,44.77000045776367,44.529998779296875,44.630001068115234,88367,0.0,0.0
2024-07-16 12:30:00-04:00,44.630001068115234,44.7599983215332,44.541099548339844,44.63999938964844,98327,0.0,0.0
2024-07-16 13:30:00-04:00,44.63999938964844,44.810001373291016,44.599998474121094,44.79999923706055,114975,0.0,0.0
2024-07-16 14:30:00-04:00,44.79999923706055,45.159698486328125,44.79999923706055,45.119998931884766,139208,0.0,0.0
2024-07-16 15:30:00-04:00,45.130001068115234,45.279998779296875,45.071998596191406,45.16999816894531,238099,0.0,0.0
2024-07-17 09:30:00-04:00,44.81999969482422,45.599998474121094,44.61000061035156,45.540000915527344,143982,0.0,0.0
2024-07-17 10:30:00-04:00,45.4900016784668,45.630001068115234,45.16999816894531,45.209999084472656,109452,0.0,0.0
2024-07-17 11:30:00-04:00,45.18000030517578,45.2400016784668,44.93000030517578,45.189998626708984,133212,0.0,0.0
2024-07-17 12:30:00-04:00,45.18000030517578,45.249900817871094,44.959999084472656,45.22999954223633,97110,0.0,0.0
2024-07-17 13:30:00-04:00,45.22650146484375,45.54999923706055,45.224998474121094,45.438899993896484,97490,0.0,0.0
2024-07-17 14:30:00-04:00,45.40999984741211,45.459999084472656,45.279998779296875,45.439998626708984,131611,0.0,0.0
2024-07-17 15:30:00-04:00,45.439998626708984,45.54999923706055,45.31999969482422,45.34000015258789,320131,0.0,0.0
2024-07-18 09:30:00-04:00,45.349998474121094,45.9900016784668,45.22999954223633,45.65999984741211,158042,0.0,0.0
2024-07-18 10:30:00-04:00,45.63999938964844,45.970001220703125,45.32500076293945,45.88999938964844,164004,0.0,0.0
2024-07-18 11:30:00-04:00,45.900001525878906,45.93000030517578,45.150001525878906,45.220001220703125,153584,0.0,0.0
2024-07-18 12:30:00-04:00,45.25,45.540000915527344,45.25,45.31999969482422,85168,0.0,0.0
2024-07-18 13:30:00-04:00,45.31999969482422,45.43000030517578,45.0,45.025001525878906,226357,0.0,0.0
2024-07-18 14:30:00-04:00,45.00559997558594,48.810001373291016,44.869998931884766,47.2599983215332,1838916,0.0,0.0
2024-07-18 15:30:00-04:00,47.220001220703125,48.0,47.16999816894531,47.81999969482422,1964101,0.0,0.0
2024-07-19 09:30:00-04:00,48.0,48.189998626708984,47.584999084472656,47.63999938964844,424857,0.0,0.0
2024-07-19 10:30:00-04:00,47.65999984741211,48.119998931884766,47.40999984741211,47.95000076293945,338874,0.0,0.0
2024-07-19 11:30:00-04:00,47.959999084472656,48.40999984741211,47.88999938964844,48.18000030517578,190821,0.0,0.0
2024-07-19 12:30:00-04:00,48.16999816894531,48.189998626708984,47.79999923706055,47.810001373291016,198369,0.0,0.0
2024-07-19 13:30:00-04:00,47.83000183105469,48.0,47.77000045776367,47.96500015258789,199135,0.0,0.0
2024-07-19 14:30:00-04:00,47.97999954223633,48.27000045776367,47.83000183105469,48.25,253514,0.0,0.0
2024-07-19 15:30:00-04:00,48.25,48.31999969482422,48.08000183105469,48.29999923706055,358031,0.0,0.0
2024-07-22 09:30:00-04:00,48.52000045776367,48.529998779296875,48.06999969482422,48.404998779296875,169060,0.0,0.0
2024-07-22 10:30:00-04:00,48.42499923706055,48.869998931884766,48.38999938964844,48.70000076293945,128419,0.0,0.0
2024-07-22 11:30:00-04:00,48.70000076293945,48.709999084472656,48.279998779296875,48.45000076293945,132964,0.0,0.0
2024-07-22 12:30:00-04:00,48.45000076293945,48.75,48.380001068115234,48.6150016784668,224410,0.0,0.0
2024-07-22 13:30:00-04:00,48.63999938964844,48.900001525878906,48.61000061035156,48.80500030517578,125002,0.0,0.0
2024-07-22 14:30:00-04:00,48.779998779296875,48.970001220703125,48.7599983215332,48.94499969482422,125674,0.0,0.0
2024-07-22 15:30:00-04:00,48.939998626708984,48.97999954223633,48.540000915527344,48.560001373291016,251735,0.0,0.0
2024-07-23 09:30:00-04:00,48.61000061035156,49.084999084472656,48.61000061035156,48.77000045776367,194097,0.0,0.0
2024-07-23 10:30:00-04:00,48.75,48.91999816894531,48.45000076293945,48.869998931884766,555257,0.0,0.0
2024-07-23 11:30:00-04:00,48.86000061035156,48.97999954223633,48.41999816894531,48.4900016784668,194931,0.0,0.0
2024-07-23 12:30:00-04:00,48.4900016784668,48.63249969482422,48.400001525878906,48.58000183105469,119768,0.0,0.0
2024-07-23 13:30:00-04:00,48.56999969482422,48.88999938964844,48.47999954223633,48.79999923706055,143518,0.0,0.0
2024-07-23 14:30:00-04:00,48.80500030517578,48.84000015258789,48.64500045776367,48.69499969482422,132412,0.0,0.0
2024-07-23 15:30:00-04:00,48.68000030517578,48.69499969482422,48.40999984741211,48.45000076293945,267585,0.0,0.0
2024-07-24 09:30:00-04:00,48.119998931884766,48.459999084472656,47.935001373291016,48.45000076293945,206359,0.0,0.0
2024-07-24 10:30:00-04:00,48.45000076293945,48.5,48.150001525878906,48.22999954223633,85527,0.0,0.0
2024-07-24 11:30:00-04:00,48.220001220703125,48.290000915527344,47.779998779296875,47.900001525878906,83240,0.0,0.0
2024-07-24 12:30:00-04:00,47.900001525878906,47.900001525878906,47.65999984741211,47.77000045776367,62029,0.0,0.0
2024-07-24 13:30:00-04:00,47.75,48.0,47.731998443603516,47.86000061035156,73764,0.0,0.0
2024-07-24 14:30:00-04:00,47.82500076293945,47.845001220703125,47.53499984741211,47.599998474121094,89332,0.0,0.0
2024-07-24 15:30:00-04:00,47.584999084472656,47.630001068115234,47.25,47.400001525878906,229699,0.0,0.0
2024-07-25 09:30:00-04:00,47.63999938964844,48.02000045776367,47.0099983215332,47.66999816894531,154754,0.0,0.0
2024-07-25 10:30:00-04:00,47.61000061035156,48.025001525878906,47.29999923706055,47.91999816894531,138065,0.0,0.0
2024-07-25 11:30:00-04:00,47.90999984741211,48.56999969482422,47.90999984741211,48.4900016784668,142870,0.0,0.0
2024-07-25 12:30:00-04:00,48.4900016784668,48.61000061035156,47.720001220703125,47.7599983215332,134495,0.0,0.0
2024-07-25 13:30:00-04:00,47.75,47.88999938964844,47.630001068115234,47.790000915527344,146773,0.0,0.0
2024-07-25 14:30:00-04:00,47.790000915527344,47.83000183105469,47.630001068115234,47.790000915527344,114338,0.0,0.0
2024-07-25 15:30:00-04:00,47.775001525878906,47.810001373291016,47.119998931884766,47.130001068115234,248088,0.0,0.0
2024-07-26 09:30:00-04:00,47.5,48.5,47.47999954223633,48.209999084472656,353266,0.0,0.0
2024-07-26 10:30:00-04:00,48.220001220703125,48.66999816894531,48.06999969482422,48.599998474121094,182296,0.0,0.0
2024-07-26 11:30:00-04:00,48.58000183105469,49.0,48.540000915527344,48.540000915527344,152439,0.0,0.0
2024-07-26 12:30:00-04:00,48.54999923706055,48.70000076293945,48.41080093383789,48.599998474121094,79853,0.0,0.0
2024-07-26 13:30:00-04:00,48.59000015258789,48.59000015258789,48.349998474121094,48.380001068115234,90277,0.0,0.0
2024-07-26 14:30:00-04:00,48.369998931884766,48.470001220703125,48.25,48.43000030517578,85560,0.0,0.0
2024-07-26 15:30:00-04:00,48.41999816894531,48.459999084472656,48.20000076293945,48.400001525878906,241403,0.0,0.0
2024-07-29 09:30:00-04:00,48.59000015258789,48.689998626708984,48.11000061035156,48.47999954223633,46698,0.0,0.0
2024-07-29 10:30:00-04:00,48.439998626708984,48.689998626708984,48.22999954223633,48.68000030517578,57661,0.0,0.0
2024-07-29 11:30:00-04:00,48.650001525878906,48.939998626708984,48.58000183105469,48.900001525878906,63618,0.0,0.0
2024-07-29 12:30:00-04:00,48.91999816894531,48.95000076293945,48.5,48.52000045776367,96041,0.0,0.0
2024-07-29 13:30:00-04:00,48.52000045776367,48.63999938964844,48.150001525878906,48.20000076293945,291214,0.0,0.0
2024-07-29 14:30:00-04:00,48.220001220703125,48.41999816894531,48.16999816894531,48.275001525878906,113141,0.0,0.0
2024-07-29 15:30:00-04:00,48.27750015258789,48.36000061035156,48.16999816894531,48.220001220703125,202230,0.0,0.0
2024-07-30 09:30:00-04:00,48.290000915527344,48.599998474121094,47.779998779296875,47.79999923706055,101887,0.0,0.0
2024-07-30 10:30:00-04:00,47.83599853515625,47.900001525878906,47.27000045776367,47.36259841918945,70112,0.0,0.0
2024-07-30 11:30:00-04:00,47.33000183105469,47.444698333740234,47.11000061035156,47.400001525878906,72386,0.0,0.0
2024-07-30 12:30:00-04:00,47.380001068115234,47.38100051879883,46.8849983215332,47.07310104370117,67114,0.0,0.0
2024-07-30 13:30:00-04:00,47.08000183105469,47.41999816894531,47.02000045776367,47.36000061035156,57958,0.0,0.0
2024-07-30 14:30:00-04:00,47.36000061035156,47.41999816894531,47.2400016784668,47.33000183105469,60519,0.0,0.0
2024-07-30 15:30:00-04:00,47.33000183105469,47.61000061035156,47.220001220703125,47.38999938964844,158886,0.0,0.0
2024-07-31 09:30:00-04:00,47.68000030517578,48.619998931884766,47.5099983215332,48.279998779296875,106133,0.0,0.0
2024-07-31 10:30:00-04:00,48.279998779296875,48.435001373291016,48.029998779296875,48.279998779296875,108971,0.0,0.0
2024-07-31 11:30:00-04:00,48.290000915527344,48.400001525878906,48.13999938964844,48.25,86206,0.0,0.0
2024-07-31 12:30:00-04:00,48.27000045776367,48.47999954223633,48.15999984741211,48.290000915527344,88230,0.0,0.0
2024-07-31 13:30:00-04:00,48.314998626708984,48.450401306152344,48.18000030517578,48.209999084472656,197000,0.0,0.0
2024-07-31 14:30:00-04:00,48.20000076293945,48.79999923706055,48.09000015258789,48.20000076293945,117466,0.0,0.0
2024-07-31 15:30:00-04:00,48.18000030517578,48.31999969482422,47.939998626708984,47.95000076293945,167290,0.0,0.0
2024-08-01 09:30:00-04:00,47.97999954223633,48.38999938964844,47.790000915527344,48.05419921875,88558,0.0,0.0
2024-08-01 10:30:00-04:00,48.04499816894531,48.08000183105469,47.27000045776367,47.272499084472656,90819,0.0,0.0
2024-08-01 11:30:00-04:00,47.2599983215332,47.540000915527344,47.11000061035156,47.5,81586,0.0,0.0
2024-08-01 12:30:00-04:00,47.494998931884766,47.5,46.92499923706055,47.0099983215332,52561,0.0,0.0
2024-08-01 13:30:00-04:00,46.9900016784668,47.18000030517578,46.7599983215332,47.005001068115234,59325,0.0,0.0
2024-08-01 14:30:00-04:00,47.005001068115234,47.13999938964844,46.790000915527344,47.1150016784668,60612,0.0,0.0
2024-08-01 15:30:00-04:00,47.125,47.23500061035156,46.91999816894531,47.18000030517578,172885,0.0,0.0
2024-08-02 09:30:00-04:00,45.95000076293945,46.01499938964844,45.060001373291016,45.349998474121094,286018,0.0,0.0
2024-08-02 10:30:00-04:00,45.33000183105469,45.56999969482422,45.08000183105469,45.380001068115234,132737,0.0,0.0
2024-08-02 11:30:00-04:00,45.369998931884766,45.86000061035156,45.3650016784668,45.650001525878906,68834,0.0,0.0
2024-08-02 12:30:00-04:00,45.64500045776367,45.869998931884766,45.560001373291016,45.79499816894531,62405,0.0,0.0
2024-08-02 13:30:00-04:00,45.75,45.974998474121094,45.689998626708984,45.974998474121094,101118,0.0,0.0
2024-08-02 14:30:00-04:00,45.95100021362305,46.310001373291016,45.81999969482422,46.28499984741211,98374,0.0,0.0
2024-08-02 15:30:00-04:00,46.28499984741211,46.29999923706055,45.970001220703125,45.97999954223633,323906,0.0,0.0
2024-08-05 09:30:00-04:00,43.994998931884766,45.52000045776367,43.994998931884766,44.78499984741211,308707,0.0,0.0
2024-08-05 10:30:00-04:00,44.79499816894531,45.775001525878906,44.79499816894531,45.58000183105469,111712,0.0,0.0
2024-08-05 11:30:00-04:00,45.630001068115234,45.97999954223633,45.529998779296875,45.93000030517578,83615,0.0,0.0
2024-08-05 12:30:00-04:00,45.91999816894531,45.93000030517578,45.27000045776367,45.529998779296875,66340,0.0,0.0
2024-08-05 13:30:00-04:00,45.560001373291016,45.709999084472656,45.2599983215332,45.369998931884766,51036,0.0,0.0
2024-08-05 14:30:00-04:00,45.369998931884766,45.5,45.25,45.5,87308,0.0,0.0
2024-08-05 15:30:00-04:00,45.47010040283203,45.4900016784668,45.27000045776367,45.349998474121094,184646,0.0,0.0
2024-08-06 09:30:00-04:00,45.68000030517578,45.900001525878906,45.349998474121094,45.362998962402344,53548,0.0,0.0
2024-08-06 10:30:00-04:00,45.369998931884766,45.59000015258789,45.09000015258789,45.275001525878906,80104,0.0,0.0
2024-08-06 11:30:00-04:00,45.314998626708984,45.7599983215332,45.27009963989258,45.61000061035156,65705,0.0,0.0
2024-08-06 12:30:00-04:00,45.61000061035156,45.86000061035156,45.439998626708984,45.56999969482422,75677,0.0,0.0
2024-08-06 13:30:00-04:00,45.564998626708984,45.77000045776367,45.39500045776367,45.77000045776367,74272,0.0,0.0
2024-08-06 14:30:00-04:00,45.7400016784668,45.81999969482422,45.314998626708984,45.47999954223633,73721,0.0,0.0
2024-08-06 15:30:00-04:00,45.47999954223633,45.529998779296875,45.2599983215332,45.31999969482422,136087,0.0,0.0
2024-08-07 09:30:00-04:00,46.0,46.529998779296875,45.834999084472656,46.060001373291016,79163,0.0,0.0
2024-08-07 10:30:00-04:00,46.060001373291016,46.22999954223633,45.91999816894531,45.970001220703125,72386,0.0,0.0
2024-08-07 11:30:00-04:00,46.0,46.099998474121094,45.84000015258789,45.9900016784668,54146,0.0,0.0
2024-08-07 12:30:00-04:00,45.970001220703125,45.970001220703125,45.47999954223633,45.58000183105469,43998,0.0,0.0
2024-08-07 13:30:00-04:00,45.56999969482422,45.66999816894531,45.11000061035156,45.220001220703125,80072,0.0,0.0
2024-08-07 14:30:00-04:00,45.209999084472656,45.279998779296875,44.970001220703125,45.040000915527344,89099,0.0,0.0
2024-08-07 15:30:00-04:00,45.040000915527344,45.130001068115234,44.61000061035156,44.65999984741211,177890,0.0,0.0
2024-08-08 09:30:00-04:00,45.209999084472656,45.470001220703125,44.54999923706055,45.150001525878906,178557,0.0,0.0
2024-08-08 10:30:00-04:00,45.16999816894531,45.1875,44.875,44.91999816894531,116177,0.0,0.0
2024-08-08 11:30:00-04:00,44.91999816894531,45.2599983215332,44.915000915527344,45.130001068115234,176426,0.0,0.0
2024-08-08 12:30:00-04:00,45.119998931884766,45.34000015258789,44.95500183105469,45.34000015258789,97990,0.0,0.0
2024-08-08 13:30:00-04:00,45.33000183105469,45.61000061035156,45.30500030517578,45.45000076293945,106440,0.0,0.0
2024-08-08 14:30:00-04:00,45.45500183105469,45.599998474121094,45.13999938964844,45.45000076293945,151523,0.0,0.0
2024-08-08 15:30:00-04:00,45.41999816894531,45.5,45.279998779296875,45.4900016784668,304398,0.0,0.0
2024-08-09 09:30:00-04:00,45.529998779296875,47.04990005493164,45.369998931884766,46.83000183105469,148808,0.0,0.0
2024-08-09 10:30:00-04:00,46.83000183105469,46.83000183105469,46.52000045776367,46.65999984741211,100794,0.0,0.0
2024-08-09 11:30:00-04:00,46.68000030517578,46.88999938964844,46.310001373291016,46.40999984741211,96972,0.0,0.0
2024-08-09 12:30:00-04:00,46.41999816894531,46.54999923706055,46.279998779296875,46.494998931884766,70098,0.0,0.0
2024-08-09 13:30:00-04:00,46.494998931884766,46.599998474121094,46.22999954223633,46.30400085449219,60340,0.0,0.0
2024-08-09 14:30:00-04:00,46.310001373291016,46.33000183105469,46.130001068115234,46.310001373291016,67614,0.0,0.0
2024-08-09 15:30:00-04:00,46.31999969482422,46.459999084472656,46.25,46.38999938964844,145674,0.0,0.0
2024-08-12 09:30:00-04:00,46.75,47.150001525878906,46.45000076293945,46.75,105908,0.0,0.0
2024-08-12 10:30:00-04:00,46.689998626708984,46.915000915527344,46.4900016784668,46.54999923706055,59621,0.0,0.0
2024-08-12 11:30:00-04:00,46.56999969482422,46.709999084472656,46.5,46.560001373291016,66323,0.0,0.0
2024-08-12 12:30:00-04:00,46.59000015258789,46.880001068115234,46.529998779296875,46.85499954223633,78450,0.0,0.0
2024-08-12 13:30:00-04:00,46.85499954223633,47.06999969482422,46.779998779296875,46.849998474121094,151940,0.0,0.0
2024-08-12 14:30:00-04:00,46.869998931884766,46.869998931884766,46.68000030517578,46.779998779296875,97188,0.0,0.0
2024-08-12 15:30:00-04:00,46.7599983215332,46.86000061035156,46.47999954223633,46.849998474121094,201992,0.0,0.0
2024-08-13 09:30:00-04:00,46.97999954223633,47.560001373291016,46.630001068115234,47.099998474121094,95469,0.0,0.0
2024-08-13 10:30:00-04:00,47.09000015258789,47.619998931884766,47.040000915527344,47.59000015258789,87704,0.0,0.0
2024-08-13 11:30:00-04:00,47.599998474121094,47.790000915527344,47.56999969482422,47.779998779296875,91983,0.0,0.0
2024-08-13 12:30:00-04:00,47.779998779296875,47.939998626708984,47.72999954223633,47.77000045776367,99218,0.0,0.0
2024-08-13 13:30:00-04:00,47.775001525878906,47.875,47.68000030517578,47.83000183105469,98374,0.0,0.0
2024-08-13 14:30:00-04:00,47.83000183105469,48.11000061035156,47.70000076293945,47.779998779296875,376913,0.0,0.0
2024-08-13 15:30:00-04:00,47.77000045776367,47.834999084472656,47.630001068115234,47.779998779296875,470497,0.0,0.0
2024-08-14 09:30:00-04:00,47.7599983215332,48.060001373291016,47.16999816894531,47.16999816894531,141713,0.0,0.0
2024-08-14 10:30:00-04:00,47.16999816894531,47.2599983215332,46.84000015258789,47.22999954223633,77453,0.0,0.0
2024-08-14 11:30:00-04:00,47.209999084472656,47.529998779296875,47.153499603271484,47.2400016784668,47705,0.0,0.0
2024-08-14 12:30:00-04:00,47.209999084472656,47.38999938964844,47.18000030517578,47.34000015258789,32649,0.0,0.0
2024-08-14 13:30:00-04:00,47.31999969482422,47.5,47.310001373291016,47.34000015258789,38571,0.0,0.0
2024-08-14 14:30:00-04:00,47.36000061035156,47.56999969482422,47.310001373291016,47.38999938964844,84724,0.0,0.0
2024-08-14 15:30:00-04:00,47.369998931884766,47.720001220703125,47.34000015258789,47.709999084472656,304538,0.0,0.0
2024-08-15 09:30:00-04:00,48.18000030517578,49.189998626708984,48.18000030517578,48.95000076293945,220760,0.0,0.0
2024-08-15 10:30:00-04:00,48.90999984741211,49.11000061035156,48.7400016784668,48.7400016784668,176972,0.0,0.0
2024-08-15 11:30:00-04:00,48.7400016784668,48.880001068115234,48.689998626708984,48.70000076293945,102734,0.0,0.0
2024-08-15 12:30:00-04:00,48.70000076293945,48.75,48.369998931884766,48.400001525878906,90336,0.0,0.0
2024-08-15 13:30:00-04:00,48.40999984741211,48.599998474121094,48.400001525878906,48.47999954223633,82242,0.0,0.0
2024-08-15 14:30:00-04:00,48.470001220703125,48.60499954223633,48.41999816894531,48.51499938964844,93032,0.0,0.0
2024-08-15 15:30:00-04:00,48.51499938964844,48.7400016784668,48.43000030517578,48.72999954223633,255520,0.0,0.0
2024-08-16 09:30:00-04:00,48.68000030517578,48.88999938964844,48.31999969482422,48.4900016784668,77498,0.0,0.0
2024-08-16 10:30:00-04:00,48.4900016784668,49.0,48.380001068115234,48.869998931884766,137355,0.0,0.0
2024-08-16 11:30:00-04:00,48.880001068115234,49.029998779296875,48.869998931884766,49.029998779296875,139701,0.0,0.0
2024-08-16 12:30:00-04:00,49.02000045776367,49.16999816894531,48.95000076293945,49.10499954223633,111800,0.0,0.0
2024-08-16 13:30:00-04:00,49.10499954223633,49.5099983215332,49.066001892089844,49.189998626708984,159530,0.0,0.0
2024-08-16 14:30:00-04:00,49.189998626708984,49.25,49.0099983215332,49.060001373291016,89584,0.0,0.0
2024-08-16 15:30:00-04:00,49.060001373291016,49.560001373291016,49.04999923706055,49.529998779296875,283635,0.0,0.0
2024-08-19 09:30:00-04:00,49.5099983215332,49.5099983215332,49.09299850463867,49.279998779296875,165677,0.0,0.0
2024-08-19 10:30:00-04:00,49.310001373291016,49.7400016784668,49.310001373291016,49.505001068115234,106825,0.0,0.0
2024-08-19 11:30:00-04:00,49.505001068115234,49.79999923706055,49.380001068115234,49.70000076293945,87580,0.0,0.0
2024-08-19 12:30:00-04:00,49.70500183105469,49.779998779296875,49.650001525878906,49.709999084472656,56715,0.0,0.0
2024-08-19 13:30:00-04:00,49.689998626708984,49.7599983215332,49.61000061035156,49.72999954223633,52140,0.0,0.0
2024-08-19 14:30:00-04:00,49.72999954223633,50.375,49.59000015258789,49.86000061035156,298091,0.0,0.0
2024-08-19 15:30:00-04:00,49.849998474121094,50.02000045776367,49.73500061035156,49.97999954223633,220172,0.0,0.0
2024-08-20 09:30:00-04:00,50.099998474121094,50.349998474121094,49.86000061035156,49.9900016784668,85126,0.0,0.0
2024-08-20 10:30:00-04:00,50.0099983215332,50.029998779296875,49.790000915527344,49.84000015258789,54567,0.0,0.0
2024-08-20 11:30:00-04:00,49.849998474121094,49.939998626708984,49.63999938964844,49.66999816894531,69317,0.0,0.0
2024-08-20 12:30:00-04:00,49.68000030517578,49.755001068115234,49.47999954223633,49.6349983215332,76918,0.0,0.0
2024-08-20 13:30:00-04:00,49.61899948120117,49.90999984741211,49.61899948120117,49.84000015258789,83143,0.0,0.0
2024-08-20 14:30:00-04:00,49.86000061035156,50.0,49.81999969482422,49.95000076293945,94259,0.0,0.0
2024-08-20 15:30:00-04:00,49.959999084472656,50.02000045776367,49.619998931884766,49.63999938964844,244132,0.0,0.0
2024-08-21 09:30:00-04:00,49.70000076293945,49.880001068115234,49.45000076293945,49.61000061035156,61459,0.0,0.0
2024-08-21 10:30:00-04:00,49.619998931884766,49.68000030517578,49.20000076293945,49.380001068115234,50340,0.0,0.0
2024-08-21 11:30:00-04:00,49.380001068115234,49.54999923706055,49.36000061035156,49.5,32641,0.0,0.0
2024-08-21 12:30:00-04:00,49.51499938964844,49.59000015258789,49.439998626708984,49.529998779296875,29858,0.0,0.0
2024-08-21 13:30:00-04:00,49.54999923706055,49.59000015258789,49.400001525878906,49.5,41099,0.0,0.0
2024-08-21 14:30:00-04:00,49.5,49.52000045776367,49.38999938964844,49.47999954223633,44669,0.0,0.0
2024-08-21 15:30:00-04:00,49.470001220703125,49.7400016784668,49.470001220703125,49.720001220703125,120556,0.0,0.0
2024-08-22 09:30:00-04:00,49.66999816894531,50.06999969482422,49.66999816894531,49.83000183105469,38436,0.0,0.0
2024-08-22 10:30:00-04:00,49.83000183105469,50.0,49.7599983215332,49.84000015258789,66141,0.0,0.0
2024-08-22 11:30:00-04:00,49.84000015258789,49.86000061035156,49.47999954223633,49.775001525878906,41725,0.0,0.0
2024-08-22 12:30:00-04:00,49.79999923706055,49.86000061035156,49.650001525878906,49.72999954223633,37349,0.0,0.0
2024-08-22 13:30:00-04:00,49.70000076293945,49.7599983215332,49.58000183105469,49.709999084472656,44659,0.0,0.0
2024-08-22 14:30:00-04:00,49.689998626708984,49.72999954223633,49.439998626708984,49.439998626708984,71433,0.0,0.0
2024-08-22 15:30:00-04:00,49.40999984741211,49.459999084472656,49.15999984741211,49.189998626708984,136143,0.0,0.0
2024-08-23 09:30:00-04:00,49.599998474121094,49.68000030517578,48.92499923706055,49.560001373291016,127997,0.0,0.0
2024-08-23 10:30:00-04:00,49.54999923706055,49.94499969482422,49.459999084472656,49.810001373291016,70063,0.0,0.0
2024-08-23 11:30:00-04:00,49.86000061035156,49.88999938964844,49.525001525878906,49.82749938964844,57351,0.0,0.0
2024-08-23 12:30:00-04:00,49.849998474121094,49.97999954223633,49.790000915527344,49.95000076293945,50300,0.0,0.0
2024-08-23 13:30:00-04:00,49.95000076293945,49.9900016784668,49.810001373291016,49.904998779296875,57424,0.0,0.0
2024-08-23 14:30:00-04:00,49.900001525878906,50.08000183105469,49.810001373291016,49.97999954223633,74938,0.0,0.0
2024-08-23 15:30:00-04:00,49.959999084472656,49.970001220703125,49.599998474121094,49.709999084472656,168023,0.0,0.0
2024-08-26 09:30:00-04:00,50.0,50.06999969482422,49.369998931884766,49.369998931884766,80045,0.0,0.0
2024-08-26 10:30:00-04:00,49.40999984741211,49.91999816894531,49.33000183105469,49.810001373291016,94146,0.0,0.0
2024-08-26 11:30:00-04:00,49.7599983215332,49.90999984741211,49.72999954223633,49.849998474121094,45947,0.0,0.0
2024-08-26 12:30:00-04:00,49.849998474121094,49.93000030517578,49.75,49.775001525878906,45142,0.0,0.0
2024-08-26 13:30:00-04:00,49.7599983215332,49.779998779296875,49.58000183105469,49.76499938964844,65367,0.0,0.0
2024-08-26 14:30:00-04:00,49.810001373291016,49.90999984741211,49.709999084472656,49.709999084472656,67955,0.0,0.0
2024-08-26 15:30:00-04:00,49.70000076293945,49.779998779296875,49.599998474121094,49.720001220703125,121580,0.0,0.0
2024-08-27 09:30:00-04:00,49.34000015258789,49.88999938964844,49.29999923706055,49.71500015258789,52014,0.0,0.0
2024-08-27 10:30:00-04:00,49.70750045776367,50.099998474121094,49.68000030517578,49.779998779296875,58252,0.0,0.0
2024-08-27 11:30:00-04:00,49.75,49.81999969482422,49.59370040893555,49.60499954223633,45315,0.0,0.0
2024-08-27 12:30:00-04:00,49.59000015258789,49.65999984741211,49.42499923706055,49.4900016784668,78759,0.0,0.0
2024-08-27 13:30:00-04:00,49.5099983215332,49.720001220703125,49.5,49.63999938964844,126244,0.0,0.0
2024-08-27 14:30:00-04:00,49.625,49.63999938964844,49.380001068115234,49.47999954223633,85291,0.0,0.0
2024-08-27 15:30:00-04:00,49.4900016784668,49.540000915527344,49.40999984741211,49.47999954223633,165495,0.0,0.0
2024-08-28 09:30:00-04:00,49.47999954223633,49.63999938964844,48.793701171875,48.810001373291016,93523,0.0,0.0
2024-08-28 10:30:00-04:00,48.810001373291016,49.029998779296875,48.650001525878906,48.7400016784668,103305,0.0,0.0
2024-08-28 11:30:00-04:00,48.709999084472656,48.75,48.560001373291016,48.61000061035156,70643,0.0,0.0
2024-08-28 12:30:00-04:00,48.599998474121094,48.90999984741211,48.58000183105469,48.790000915527344,112172,0.0,0.0
2024-08-28 13:30:00-04:00,48.790000915527344,48.84000015258789,48.380001068115234,48.47999954223633,89797,0.0,0.0
2024-08-28 14:30:00-04:00,48.4900016784668,48.72999954223633,48.439998626708984,48.64500045776367,113061,0.0,0.0
2024-08-28 15:30:00-04:00,48.6599006652832,48.66999816894531,48.45000076293945,48.560001373291016,220129,0.0,0.0
2024-08-29 09:30:00-04:00,48.84000015258789,49.380001068115234,48.58000183105469,49.04999923706055,224879,0.0,0.0
2024-08-29 10:30:00-04:00,49.06999969482422,49.47999954223633,48.97999954223633,49.439998626708984,98374,0.0,0.0
2024-08-29 11:30:00-04:00,49.439998626708984,49.4900016784668,49.279998779296875,49.38999938964844,100055,0.0,0.0
2024-08-29 12:30:00-04:00,49.369998931884766,49.380001068115234,49.18000030517578,49.220001220703125,77752,0.0,0.0
2024-08-29 13:30:00-04:00,49.209999084472656,49.349998474121094,49.18000030517578,49.18000030517578,120700,0.0,0.0
2024-08-29 14:30:00-04:00,49.150001525878906,49.150001525878906,48.84000015258789,49.0099983215332,96481,0.0,0.0
2024-08-29 15:30:00-04:00,48.994998931884766,49.13999938964844,48.83000183105469,48.869998931884766,181466,0.0,0.0
2024-08-30 09:30:00-04:00,49.16999816894531,49.459999084472656,48.744998931884766,48.8849983215332,123484,0.0,0.0
2024-08-30 10:30:00-04:00,48.93000030517578,49.040000915527344,48.209999084472656,48.23500061035156,90997,0.0,0.0
2024-08-30 11:30:00-04:00,48.22999954223633,48.5,48.09000015258789,48.45000076293945,102613,0.0,0.0
2024-08-30 12:30:00-04:00,48.404998779296875,48.470001220703125,48.310001373291016,48.34000015258789,53004,0.0,0.0
2024-08-30 13:30:00-04:00,48.33000183105469,48.619998931884766,48.27000045776367,48.589698791503906,98583,0.0,0.0
2024-08-30 14:30:00-04:00,48.58000183105469,49.0,48.58000183105469,48.97999954223633,157268,0.0,0.0
2024-08-30 15:30:00-04:00,48.9900016784668,49.099998474121094,48.744998931884766,48.79999923706055,439736,0.0,0.0
2024-09-03 09:30:00-04:00,48.560001373291016,49.220001220703125,48.36000061035156,48.95500183105469,150401,0.0,0.0
2024-09-03 10:30:00-04:00,48.93000030517578,48.93000030517578,48.31999969482422,48.52690124511719,135591,0.0,0.0
2024-09-03 11:30:00-04:00,48.5099983215332,48.5099983215332,48.08000183105469,48.15999984741211,105054,0.0,0.0
2024-09-03 12:30:00-04:00,48.150001525878906,48.189998626708984,47.91999816894531,48.107398986816406,122165,0.0,0.0
2024-09-03 13:30:00-04:00,48.099998474121094,48.189998626708984,47.65999984741211,47.689998626708984,104151,0.0,0.0
2024-09-03 14:30:00-04:00,47.68000030517578,47.79999923706055,47.56999969482422,47.630001068115234,122364,0.0,0.0
2024-09-03 15:30:00-04:00,47.630001068115234,47.654998779296875,47.43000030517578,47.4900016784668,328230,0.0,0.0
2024-09-04 09:30:00-04:00,46.709999084472656,47.43000030517578,46.0,47.38999938964844,307829,0.0,0.0
2024-09-04 10:30:00-04:00,47.400001525878906,47.8650016784668,47.279998779296875,47.40999984741211,219598,0.0,0.0
2024-09-04 11:30:00-04:00,47.40999984741211,47.584999084472656,47.26499938964844,47.540000915527344,121457,0.0,0.0
2024-09-04 12:30:00-04:00,47.529998779296875,47.65999984741211,47.45000076293945,47.47999954223633,106980,0.0,0.0
2024-09-04 13:30:00-04:00,47.47999954223633,47.5099983215332,47.310001373291016,47.380001068115234,113099,0.0,0.0
2024-09-04 14:30:00-04:00,47.38999938964844,47.40999984741211,46.9900016784668,47.11000061035156,213915,0.0,0.0
2024-09-04 15:30:00-04:00,47.11000061035156,47.36000061035156,47.0,47.349998474121094,373133,0.0,0.0
2024-09-05 09:30:00-04:00,46.849998474121094,47.47990036010742,45.82500076293945,45.93000030517578,342290,0.0,0.0
2024-09-05 10:30:00-04:00,46.025001525878906,46.165000915527344,45.72999954223633,45.75,289559,0.0,0.0
2024-09-05 11:30:00-04:00,45.7599983215332,46.150001525878906,45.7599983215332,46.0,161851,0.0,0.0
2024-09-05 12:30:00-04:00,45.97999954223633,51.41999816894531,45.880001068115234,50.60499954223633,1542052,0.0,0.0
2024-09-05 13:30:00-04:00,50.60499954223633,50.7599983215332,48.959999084472656,49.43000030517578,1755210,0.0,0.0
2024-09-05 14:30:00-04:00,49.43000030517578,49.650001525878906,49.099998474121094,49.51499938964844,952345,0.0,0.0
2024-09-05 15:30:00-04:00,49.5,49.630001068115234,49.09000015258789,49.31999969482422,876517,0.0,0.0
2024-09-06 09:30:00-04:00,52.314998626708984,54.275901794433594,52.22999954223633,53.33000183105469,1563767,0.0,0.0
2024-09-06 10:30:00-04:00,53.33000183105469,53.52299880981445,51.869998931884766,52.15999984741211,684579,0.0,0.0
2024-09-06 11:30:00-04:00,52.130001068115234,52.61000061035156,51.84000015258789,52.130001068115234,411903,0.0,0.0
2024-09-06 12:30:00-04:00,52.16999816894531,52.91999816894531,52.130001068115234,52.71500015258789,590042,0.0,0.0
2024-09-06 13:30:00-04:00,52.68000030517578,52.97999954223633,52.59000015258789,52.91999816894531,405361,0.0,0.0
2024-09-06 14:30:00-04:00,52.91999816894531,52.939998626708984,52.06999969482422,52.439998626708984,613928,0.0,0.0
2024-09-06 15:30:00-04:00,52.45000076293945,52.729000091552734,51.994998931884766,52.290000915527344,718903,0.0,0.0
