Datetime,Open,High,Low,Close,Volume,Dividends,Stock Splits
2022-09-08 09:30:00-04:00,21.65999984741211,22.760000228881836,21.65999984741211,22.690000534057617,0,0.0,0.0
2022-09-08 10:30:00-04:00,22.639999389648438,22.889999389648438,22.600000381469727,22.809999465942383,29554,0.0,0.0
2022-09-08 11:30:00-04:00,22.84600067138672,22.850000381469727,22.110000610351562,22.1200008392334,38560,0.0,0.0
2022-09-08 12:30:00-04:00,22.139999389648438,22.440000534057617,22.1200008392334,22.440000534057617,30179,0.0,0.0
2022-09-08 13:30:00-04:00,22.420000076293945,22.530000686645508,22.325000762939453,22.479999542236328,34724,0.0,0.0
2022-09-08 14:30:00-04:00,22.469999313354492,22.65999984741211,22.420000076293945,22.65999984741211,31055,0.0,0.0
2022-09-08 15:30:00-04:00,22.670000076293945,22.68000030517578,22.5,22.559999465942383,78971,0.0,0.0
2022-09-09 09:30:00-04:00,22.989999771118164,23.65999984741211,22.6200008392334,23.25,56795,0.0,0.0
2022-09-09 10:30:00-04:00,23.229999542236328,23.40999984741211,23.1200008392334,23.34000015258789,30119,0.0,0.0
2022-09-09 11:30:00-04:00,23.355600357055664,23.3700008392334,23.15999984741211,23.25,24259,0.0,0.0
2022-09-09 12:30:00-04:00,23.280000686645508,23.40999984741211,23.270000457763672,23.389999389648438,20928,0.0,0.0
2022-09-09 13:30:00-04:00,23.405000686645508,23.489999771118164,23.389999389648438,23.489999771118164,21454,0.0,0.0
2022-09-09 14:30:00-04:00,23.489999771118164,23.489999771118164,23.239999771118164,23.40999984741211,64311,0.0,0.0
2022-09-09 15:30:00-04:00,23.40999984741211,23.479999542236328,23.389999389648438,23.469999313354492,87554,0.0,0.0
2022-09-12 09:30:00-04:00,23.6200008392334,24.799999237060547,23.6200008392334,24.604999542236328,267365,0.0,0.0
2022-09-12 10:30:00-04:00,24.604999542236328,24.739999771118164,24.125,24.21500015258789,117443,0.0,0.0
2022-09-12 11:30:00-04:00,24.21500015258789,24.229999542236328,23.739999771118164,23.975000381469727,74297,0.0,0.0
2022-09-12 12:30:00-04:00,23.975000381469727,24.079999923706055,23.81999969482422,23.920000076293945,52422,0.0,0.0
2022-09-12 13:30:00-04:00,23.989999771118164,24.18000030517578,23.979999542236328,23.9950008392334,59646,0.0,0.0
2022-09-12 14:30:00-04:00,24.0,24.110000610351562,23.90999984741211,23.985000610351562,90579,0.0,0.0
2022-09-12 15:30:00-04:00,23.985000610351562,24.0,23.829999923706055,23.889999389648438,179485,0.0,0.0
2022-09-13 09:30:00-04:00,22.829999923706055,23.59000015258789,22.77669906616211,23.360000610351562,54001,0.0,0.0
2022-09-13 10:30:00-04:00,23.34000015258789,23.395000457763672,22.860000610351562,23.059999465942383,64956,0.0,0.0
2022-09-13 11:30:00-04:00,23.059999465942383,23.290000915527344,23.040000915527344,23.229999542236328,57392,0.0,0.0
2022-09-13 12:30:00-04:00,23.219999313354492,23.350000381469727,23.139999389648438,23.34000015258789,52110,0.0,0.0
2022-09-13 13:30:00-04:00,23.34000015258789,23.540000915527344,23.209999084472656,23.329999923706055,92405,0.0,0.0
2022-09-13 14:30:00-04:00,23.309999465942383,23.309999465942383,23.010000228881836,23.020000457763672,64863,0.0,0.0
2022-09-13 15:30:00-04:00,23.010000228881836,23.020000457763672,22.780000686645508,22.809999465942383,154946,0.0,0.0
2022-09-14 09:30:00-04:00,22.690000534057617,23.170000076293945,22.200000762939453,22.780000686645508,74703,0.0,0.0
2022-09-14 10:30:00-04:00,22.75,22.899999618530273,22.610000610351562,22.8799991607666,58070,0.0,0.0
2022-09-14 11:30:00-04:00,22.860000610351562,22.860000610351562,22.6200008392334,22.670000076293945,51182,0.0,0.0
2022-09-14 12:30:00-04:00,22.700000762939453,22.704999923706055,22.399999618530273,22.440000534057617,57430,0.0,0.0
2022-09-14 13:30:00-04:00,22.43000030517578,22.459999084472656,22.15999984741211,22.31999969482422,66752,0.0,0.0
2022-09-14 14:30:00-04:00,22.34000015258789,22.649999618530273,22.34000015258789,22.5049991607666,73045,0.0,0.0
2022-09-14 15:30:00-04:00,22.5049991607666,22.719999313354492,22.489999771118164,22.700000762939453,143672,0.0,0.0
2022-09-15 09:30:00-04:00,22.56999969482422,23.360000610351562,22.56999969482422,23.010000228881836,84448,0.0,0.0
2022-09-15 10:30:00-04:00,23.020000457763672,23.040000915527344,22.3700008392334,22.610000610351562,83808,0.0,0.0
2022-09-15 11:30:00-04:00,22.6299991607666,22.75,22.53700065612793,22.540000915527344,58270,0.0,0.0
2022-09-15 12:30:00-04:00,22.549999237060547,22.90999984741211,22.549999237060547,22.8799991607666,43256,0.0,0.0
2022-09-15 13:30:00-04:00,22.8700008392334,22.93000030517578,22.829999923706055,22.90999984741211,44420,0.0,0.0
2022-09-15 14:30:00-04:00,22.959999084472656,23.030000686645508,22.770000457763672,22.780000686645508,73256,0.0,0.0
2022-09-15 15:30:00-04:00,22.790000915527344,23.040000915527344,22.75,22.940000534057617,168607,0.0,0.0
2022-09-16 09:30:00-04:00,22.56999969482422,22.59000015258789,21.81999969482422,21.81999969482422,97000,0.0,0.0
2022-09-16 10:30:00-04:00,21.850000381469727,21.979999542236328,21.709999084472656,21.7549991607666,57171,0.0,0.0
2022-09-16 11:30:00-04:00,21.75,21.8700008392334,21.690000534057617,21.770000457763672,42493,0.0,0.0
2022-09-16 12:30:00-04:00,21.764999389648438,21.8700008392334,21.610000610351562,21.68000030517578,50551,0.0,0.0
2022-09-16 13:30:00-04:00,21.670000076293945,21.709999084472656,21.329999923706055,21.350000381469727,63369,0.0,0.0
2022-09-16 14:30:00-04:00,21.34000015258789,21.479999542236328,21.18000030517578,21.479999542236328,127716,0.0,0.0
2022-09-16 15:30:00-04:00,21.469999313354492,21.540000915527344,20.979999542236328,20.979999542236328,233285,0.0,0.0
2022-09-19 09:30:00-04:00,20.920000076293945,21.389999389648438,20.920000076293945,21.15999984741211,41892,0.0,0.0
2022-09-19 10:30:00-04:00,21.18000030517578,21.5,21.149999618530273,21.334999084472656,37133,0.0,0.0
2022-09-19 11:30:00-04:00,21.280000686645508,21.408000946044922,21.19499969482422,21.408000946044922,40013,0.0,0.0
2022-09-19 12:30:00-04:00,21.40999984741211,21.7450008392334,21.40999984741211,21.670000076293945,29682,0.0,0.0
2022-09-19 13:30:00-04:00,21.65999984741211,21.829999923706055,21.559999465942383,21.829999923706055,37743,0.0,0.0
2022-09-19 14:30:00-04:00,21.825000762939453,22.049999237060547,21.825000762939453,22.010000228881836,62607,0.0,0.0
2022-09-19 15:30:00-04:00,22.030000686645508,22.34000015258789,22.030000686645508,22.34000015258789,144214,0.0,0.0
2022-09-20 09:30:00-04:00,22.31999969482422,22.399999618530273,22.100000381469727,22.209999084472656,28033,0.0,0.0
2022-09-20 10:30:00-04:00,22.139999389648438,22.485000610351562,22.100000381469727,22.485000610351562,21516,0.0,0.0
2022-09-20 11:30:00-04:00,22.469999313354492,22.514999389648438,22.25,22.25,19574,0.0,0.0
2022-09-20 12:30:00-04:00,22.2450008392334,22.290000915527344,22.0,22.0049991607666,27181,0.0,0.0
2022-09-20 13:30:00-04:00,21.979999542236328,22.030000686645508,21.704999923706055,21.704999923706055,26133,0.0,0.0
2022-09-20 14:30:00-04:00,21.700000762939453,21.829999923706055,21.634700775146484,21.780000686645508,34269,0.0,0.0
2022-09-20 15:30:00-04:00,21.760000228881836,21.774999618530273,21.56999969482422,21.579999923706055,70711,0.0,0.0
2022-09-21 09:30:00-04:00,21.579999923706055,21.8799991607666,21.270000457763672,21.860000610351562,21784,0.0,0.0
2022-09-21 10:30:00-04:00,21.850000381469727,21.9950008392334,21.799999237060547,21.81999969482422,18146,0.0,0.0
2022-09-21 11:30:00-04:00,21.84000015258789,21.8700008392334,21.690000534057617,21.81999969482422,11327,0.0,0.0
2022-09-21 12:30:00-04:00,21.829999923706055,21.860000610351562,21.6299991607666,21.649999618530273,15616,0.0,0.0
2022-09-21 13:30:00-04:00,21.65999984741211,21.760000228881836,21.15999984741211,21.270000457763672,31426,0.0,0.0
2022-09-21 14:30:00-04:00,21.239999771118164,22.049999237060547,21.209999084472656,21.56999969482422,76071,0.0,0.0
2022-09-21 15:30:00-04:00,21.545000076293945,21.59000015258789,21.290000915527344,21.299999237060547,95302,0.0,0.0
2022-09-22 09:30:00-04:00,21.280000686645508,21.524999618530273,21.020000457763672,21.1200008392334,21674,0.0,0.0
2022-09-22 10:30:00-04:00,21.110000610351562,21.15999984741211,20.989999771118164,21.040000915527344,41065,0.0,0.0
2022-09-22 11:30:00-04:00,21.075000762939453,21.16230010986328,21.0,21.049999237060547,25780,0.0,0.0
2022-09-22 12:30:00-04:00,21.020000457763672,21.1200008392334,21.0,21.030000686645508,31359,0.0,0.0
2022-09-22 13:30:00-04:00,21.045000076293945,21.1299991607666,21.010000228881836,21.030000686645508,25124,0.0,0.0
2022-09-22 14:30:00-04:00,21.030000686645508,21.200000762939453,21.010000228881836,21.06999969482422,46131,0.0,0.0
2022-09-22 15:30:00-04:00,21.09000015258789,21.1299991607666,20.920000076293945,20.940000534057617,83485,0.0,0.0
2022-09-23 09:30:00-04:00,20.59000015258789,21.170000076293945,20.520000457763672,20.719999313354492,84907,0.0,0.0
2022-09-23 10:30:00-04:00,20.719999313354492,21.059999465942383,20.545000076293945,21.010000228881836,66727,0.0,0.0
2022-09-23 11:30:00-04:00,21.020000457763672,21.059999465942383,20.899999618530273,20.899999618530273,52729,0.0,0.0
2022-09-23 12:30:00-04:00,20.899999618530273,21.06999969482422,20.829999923706055,21.030000686645508,32549,0.0,0.0
2022-09-23 13:30:00-04:00,21.030000686645508,21.075000762939453,20.979999542236328,21.045000076293945,40703,0.0,0.0
2022-09-23 14:30:00-04:00,21.020000457763672,21.059999465942383,20.90999984741211,21.030000686645508,57145,0.0,0.0
2022-09-23 15:30:00-04:00,21.040000915527344,21.200000762939453,21.030000686645508,21.18000030517578,91250,0.0,0.0
2022-09-26 09:30:00-04:00,21.0,21.75,21.0,21.540000915527344,31186,0.0,0.0
2022-09-26 10:30:00-04:00,21.520000457763672,21.520000457763672,20.989999771118164,21.00589942932129,30639,0.0,0.0
2022-09-26 11:30:00-04:00,21.030000686645508,21.135000228881836,20.850000381469727,20.93000030517578,26125,0.0,0.0
2022-09-26 12:30:00-04:00,20.934999465942383,21.06999969482422,20.899999618530273,21.020000457763672,32125,0.0,0.0
2022-09-26 13:30:00-04:00,21.030000686645508,21.125,20.989999771118164,21.059999465942383,22986,0.0,0.0
2022-09-26 14:30:00-04:00,21.049999237060547,21.190000534057617,20.989999771118164,21.020000457763672,23687,0.0,0.0
2022-09-26 15:30:00-04:00,21.010000228881836,21.110000610351562,20.951000213623047,20.969999313354492,57574,0.0,0.0
2022-09-27 09:30:00-04:00,21.459999084472656,21.649999618530273,20.915000915527344,21.030000686645508,48811,0.0,0.0
2022-09-27 10:30:00-04:00,21.030000686645508,21.145000457763672,21.010000228881836,21.06999969482422,32363,0.0,0.0
2022-09-27 11:30:00-04:00,21.065000534057617,21.114999771118164,20.700000762939453,20.799999237060547,46410,0.0,0.0
2022-09-27 12:30:00-04:00,20.790000915527344,21.040000915527344,20.770000457763672,21.030000686645508,39847,0.0,0.0
2022-09-27 13:30:00-04:00,21.059999465942383,21.059999465942383,20.9950008392334,21.05500030517578,27372,0.0,0.0
2022-09-27 14:30:00-04:00,21.051799774169922,21.15999984741211,21.030000686645508,21.06999969482422,39050,0.0,0.0
2022-09-27 15:30:00-04:00,21.030000686645508,21.170000076293945,21.0,21.139999389648438,66926,0.0,0.0
2022-09-28 09:30:00-04:00,21.360000610351562,21.780000686645508,21.19499969482422,21.7549991607666,24565,0.0,0.0
2022-09-28 10:30:00-04:00,21.799999237060547,21.860000610351562,21.610000610351562,21.829999923706055,22578,0.0,0.0
2022-09-28 11:30:00-04:00,21.719999313354492,21.905000686645508,21.704999923706055,21.75,13147,0.0,0.0
2022-09-28 12:30:00-04:00,21.75,21.770000457763672,21.65999984741211,21.704999923706055,10508,0.0,0.0
2022-09-28 13:30:00-04:00,21.709999084472656,21.8799991607666,21.6299991607666,21.8799991607666,16784,0.0,0.0
2022-09-28 14:30:00-04:00,21.90999984741211,22.1299991607666,21.829999923706055,22.1200008392334,30085,0.0,0.0
2022-09-28 15:30:00-04:00,22.1200008392334,22.350000381469727,22.1200008392334,22.290000915527344,85561,0.0,0.0
2022-09-29 09:30:00-04:00,21.90999984741211,21.90999984741211,21.510000228881836,21.665000915527344,31127,0.0,0.0
2022-09-29 10:30:00-04:00,21.639999389648438,21.799999237060547,21.479999542236328,21.790000915527344,21216,0.0,0.0
2022-09-29 11:30:00-04:00,21.84000015258789,22.045000076293945,21.799999237060547,21.8799991607666,10929,0.0,0.0
2022-09-29 12:30:00-04:00,21.899999618530273,21.969999313354492,21.81999969482422,21.950000762939453,14496,0.0,0.0
2022-09-29 13:30:00-04:00,21.940000534057617,21.979999542236328,21.809999465942383,21.899999618530273,23665,0.0,0.0
2022-09-29 14:30:00-04:00,21.90999984741211,22.079999923706055,21.8799991607666,22.079999923706055,23207,0.0,0.0
2022-09-29 15:30:00-04:00,22.079999923706055,22.399999618530273,22.079999923706055,22.3700008392334,89728,0.0,0.0
2022-09-30 09:30:00-04:00,22.280000686645508,22.479999542236328,22.1200008392334,22.3799991607666,22992,0.0,0.0
2022-09-30 10:30:00-04:00,22.450000762939453,22.610000610351562,22.34000015258789,22.56999969482422,24972,0.0,0.0
2022-09-30 11:30:00-04:00,22.549999237060547,22.549999237060547,22.059999465942383,22.110000610351562,20618,0.0,0.0
2022-09-30 12:30:00-04:00,22.111000061035156,22.260000228881836,22.06999969482422,22.09000015258789,12960,0.0,0.0
2022-09-30 13:30:00-04:00,22.100000381469727,22.100000381469727,21.739999771118164,21.739999771118164,23982,0.0,0.0
2022-09-30 14:30:00-04:00,21.770000457763672,21.770000457763672,21.415000915527344,21.450000762939453,30225,0.0,0.0
2022-09-30 15:30:00-04:00,21.489999771118164,21.489999771118164,21.30500030517578,21.350000381469727,66646,0.0,0.0
2022-10-03 09:30:00-04:00,21.739999771118164,21.739999771118164,20.899999618530273,21.25,46254,0.0,0.0
2022-10-03 10:30:00-04:00,21.31999969482422,21.530000686645508,21.31999969482422,21.459999084472656,25403,0.0,0.0
2022-10-03 11:30:00-04:00,21.469999313354492,21.469999313354492,21.25,21.422100067138672,20721,0.0,0.0
2022-10-03 12:30:00-04:00,21.389999389648438,21.670000076293945,21.3700008392334,21.670000076293945,24368,0.0,0.0
2022-10-03 13:30:00-04:00,21.690000534057617,21.770000457763672,21.65999984741211,21.75,42796,0.0,0.0
2022-10-03 14:30:00-04:00,21.729999542236328,21.780000686645508,21.68000030517578,21.75,58085,0.0,0.0
2022-10-03 15:30:00-04:00,21.75,21.989999771118164,21.729999542236328,21.969999313354492,69765,0.0,0.0
2022-10-04 09:30:00-04:00,22.559999465942383,23.049999237060547,22.340099334716797,22.889999389648438,40385,0.0,0.0
2022-10-04 10:30:00-04:00,22.8700008392334,23.860000610351562,22.8700008392334,23.780000686645508,71363,0.0,0.0
2022-10-04 11:30:00-04:00,23.760000228881836,23.84000015258789,23.371000289916992,23.469999313354492,55862,0.0,0.0
2022-10-04 12:30:00-04:00,23.475000381469727,23.479999542236328,23.149999618530273,23.219999313354492,25636,0.0,0.0
2022-10-04 13:30:00-04:00,23.200000762939453,23.399999618530273,23.200000762939453,23.260000228881836,28720,0.0,0.0
2022-10-04 14:30:00-04:00,23.260000228881836,23.309999465942383,23.139999389648438,23.200000762939453,24794,0.0,0.0
2022-10-04 15:30:00-04:00,23.180999755859375,23.290000915527344,23.110000610351562,23.260000228881836,75118,0.0,0.0
2022-10-05 09:30:00-04:00,21.93000030517578,22.204999923706055,20.68000030517578,20.940000534057617,272882,0.0,0.0
2022-10-05 10:30:00-04:00,20.90999984741211,21.219999313354492,20.799999237060547,21.219999313354492,120510,0.0,0.0
2022-10-05 11:30:00-04:00,21.20949935913086,21.40999984741211,21.0,21.395000457763672,79267,0.0,0.0
2022-10-05 12:30:00-04:00,21.3700008392334,21.59000015258789,21.239999771118164,21.56999969482422,46642,0.0,0.0
2022-10-05 13:30:00-04:00,21.575000762939453,21.575000762939453,21.094999313354492,21.190000534057617,60069,0.0,0.0
2022-10-05 14:30:00-04:00,21.184999465942383,22.079999923706055,21.149999618530273,21.864999771118164,163343,0.0,0.0
2022-10-05 15:30:00-04:00,21.861000061035156,22.079999923706055,21.861000061035156,22.0,206502,0.0,0.0
2022-10-06 09:30:00-04:00,21.829999923706055,22.1299991607666,21.639999389648438,21.809999465942383,66701,0.0,0.0
2022-10-06 10:30:00-04:00,21.739999771118164,22.190000534057617,21.739999771118164,22.139999389648438,44835,0.0,0.0
2022-10-06 11:30:00-04:00,22.124500274658203,22.31999969482422,22.100000381469727,22.31999969482422,33512,0.0,0.0
2022-10-06 12:30:00-04:00,22.329999923706055,22.489999771118164,22.299999237060547,22.299999237060547,41845,0.0,0.0
2022-10-06 13:30:00-04:00,22.290000915527344,22.360000610351562,22.18000030517578,22.209999084472656,43425,0.0,0.0
2022-10-06 14:30:00-04:00,22.219999313354492,22.25,22.059999465942383,22.149999618530273,53256,0.0,0.0
2022-10-06 15:30:00-04:00,22.15999984741211,22.270000457763672,22.1200008392334,22.1200008392334,93327,0.0,0.0
2022-10-07 09:30:00-04:00,21.739999771118164,21.739999771118164,21.174999237060547,21.438400268554688,22583,0.0,0.0
2022-10-07 10:30:00-04:00,21.415000915527344,21.670000076293945,21.299999237060547,21.40999984741211,24488,0.0,0.0
2022-10-07 11:30:00-04:00,21.420000076293945,21.434999465942383,21.219999313354492,21.239900588989258,21452,0.0,0.0
2022-10-07 12:30:00-04:00,21.190000534057617,21.219999313354492,21.010000228881836,21.15999984741211,35445,0.0,0.0
2022-10-07 13:30:00-04:00,21.15999984741211,21.18000030517578,21.0,21.010000228881836,38467,0.0,0.0
2022-10-07 14:30:00-04:00,21.014999389648438,21.219999313354492,21.0,21.18000030517578,36130,0.0,0.0
2022-10-07 15:30:00-04:00,21.190000534057617,21.239999771118164,21.110000610351562,21.184999465942383,65082,0.0,0.0
2022-10-10 09:30:00-04:00,21.25,21.25,20.799999237060547,20.985000610351562,87103,0.0,0.0
2022-10-10 10:30:00-04:00,20.985000610351562,21.09000015258789,20.479999542236328,20.788999557495117,65407,0.0,0.0
2022-10-10 11:30:00-04:00,20.78499984741211,20.78499984741211,20.510000228881836,20.510000228881836,65578,0.0,0.0
2022-10-10 12:30:00-04:00,20.520000457763672,20.520000457763672,20.329999923706055,20.440000534057617,45670,0.0,0.0
2022-10-10 13:30:00-04:00,20.450000762939453,20.940000534057617,20.450000762939453,20.940000534057617,70728,0.0,0.0
2022-10-10 14:30:00-04:00,20.940000534057617,21.1299991607666,20.940000534057617,21.020000457763672,50891,0.0,0.0
2022-10-10 15:30:00-04:00,21.020000457763672,21.170000076293945,20.920000076293945,20.950000762939453,81049,0.0,0.0
2022-10-11 09:30:00-04:00,20.940000534057617,20.950000762939453,20.06999969482422,20.469999313354492,64259,0.0,0.0
2022-10-11 10:30:00-04:00,20.469999313354492,21.219999313354492,20.450000762939453,21.219999313354492,31541,0.0,0.0
2022-10-11 11:30:00-04:00,21.25,21.44499969482422,21.190000534057617,21.43000030517578,16754,0.0,0.0
2022-10-11 12:30:00-04:00,21.450000762939453,21.670000076293945,21.444599151611328,21.530000686645508,33018,0.0,0.0
2022-10-11 13:30:00-04:00,21.5049991607666,21.610000610351562,21.469999313354492,21.549999237060547,21074,0.0,0.0
2022-10-11 14:30:00-04:00,21.540000915527344,21.56999969482422,21.020000457763672,21.020000457763672,48315,0.0,0.0
2022-10-11 15:30:00-04:00,21.020000457763672,21.31999969482422,20.9950008392334,21.200000762939453,74130,0.0,0.0
2022-10-12 09:30:00-04:00,21.219999313354492,21.459999084472656,20.8700008392334,21.139999389648438,41186,0.0,0.0
2022-10-12 10:30:00-04:00,21.18000030517578,21.329999923706055,20.959999084472656,21.280000686645508,33566,0.0,0.0
2022-10-12 11:30:00-04:00,21.299999237060547,21.48900032043457,21.209999084472656,21.209999084472656,19687,0.0,0.0
2022-10-12 12:30:00-04:00,21.200000762939453,21.299999237060547,21.12190055847168,21.235000610351562,18825,0.0,0.0
2022-10-12 13:30:00-04:00,21.23900032043457,21.260000228881836,21.020000457763672,21.15999984741211,27479,0.0,0.0
2022-10-12 14:30:00-04:00,21.200000762939453,21.260000228881836,21.09000015258789,21.219999313354492,28325,0.0,0.0
2022-10-12 15:30:00-04:00,21.19499969482422,21.299999237060547,21.190000534057617,21.209999084472656,47311,0.0,0.0
2022-10-13 09:30:00-04:00,20.6200008392334,20.6200008392334,20.030000686645508,20.290000915527344,92061,0.0,0.0
2022-10-13 10:30:00-04:00,20.290000915527344,21.219999313354492,20.010000228881836,21.059999465942383,93023,0.0,0.0
2022-10-13 11:30:00-04:00,21.045000076293945,21.270000457763672,20.969999313354492,21.020000457763672,41741,0.0,0.0
2022-10-13 12:30:00-04:00,21.0,21.309999465942383,21.0,21.290000915527344,30839,0.0,0.0
2022-10-13 13:30:00-04:00,21.309999465942383,21.34000015258789,21.0,21.0,28014,0.0,0.0
2022-10-13 14:30:00-04:00,21.010000228881836,21.225000381469727,21.0,21.104999542236328,31050,0.0,0.0
2022-10-13 15:30:00-04:00,21.110000610351562,21.155000686645508,21.0,21.059999465942383,70233,0.0,0.0
2022-10-14 09:30:00-04:00,21.329999923706055,21.600000381469727,20.969999313354492,21.170000076293945,67129,0.0,0.0
2022-10-14 10:30:00-04:00,21.165000915527344,21.25,21.040000915527344,21.15999984741211,20934,0.0,0.0
2022-10-14 11:30:00-04:00,21.149999618530273,21.184999465942383,21.0,21.139999389648438,20863,0.0,0.0
2022-10-14 12:30:00-04:00,21.200000762939453,21.2549991607666,21.0,21.06999969482422,16598,0.0,0.0
2022-10-14 13:30:00-04:00,21.100000381469727,21.264999389648438,21.09000015258789,21.203500747680664,18402,0.0,0.0
2022-10-14 14:30:00-04:00,21.239999771118164,21.290000915527344,21.100000381469727,21.114999771118164,26203,0.0,0.0
2022-10-14 15:30:00-04:00,21.110000610351562,21.1200008392334,20.81999969482422,20.8700008392334,123414,0.0,0.0
2022-10-17 09:30:00-04:00,21.3799991607666,21.440000534057617,21.0,21.25,109200,0.0,0.0
2022-10-17 10:30:00-04:00,21.200000762939453,21.260000228881836,21.06999969482422,21.145000457763672,32309,0.0,0.0
2022-10-17 11:30:00-04:00,21.1299991607666,21.6299991607666,21.110000610351562,21.389999389648438,42575,0.0,0.0
2022-10-17 12:30:00-04:00,21.3700008392334,21.3799991607666,21.149999618530273,21.18000030517578,39115,0.0,0.0
2022-10-17 13:30:00-04:00,21.18000030517578,21.420000076293945,21.170000076293945,21.350000381469727,18915,0.0,0.0
2022-10-17 14:30:00-04:00,21.309999465942383,21.389999389648438,21.19499969482422,21.219999313354492,33317,0.0,0.0
2022-10-17 15:30:00-04:00,21.229999542236328,21.389999389648438,21.229999542236328,21.3799991607666,70032,0.0,0.0
2022-10-18 09:30:00-04:00,21.93000030517578,22.079999923706055,21.639999389648438,21.649999618530273,38468,0.0,0.0
2022-10-18 10:30:00-04:00,21.639999389648438,21.663700103759766,21.219999313354492,21.219999313354492,29789,0.0,0.0
2022-10-18 11:30:00-04:00,21.155000686645508,21.270000457763672,21.030000686645508,21.219999313354492,33123,0.0,0.0
2022-10-18 12:30:00-04:00,21.260000228881836,21.420000076293945,21.219999313354492,21.389999389648438,25258,0.0,0.0
2022-10-18 13:30:00-04:00,21.399999618530273,21.520000457763672,21.399999618530273,21.520000457763672,27405,0.0,0.0
2022-10-18 14:30:00-04:00,21.549999237060547,21.549999237060547,21.350000381469727,21.510000228881836,37472,0.0,0.0
2022-10-18 15:30:00-04:00,21.520000457763672,21.6299991607666,21.479999542236328,21.6299991607666,61572,0.0,0.0
2022-10-19 09:30:00-04:00,21.489999771118164,21.739999771118164,21.360000610351562,21.719999313354492,23783,0.0,0.0
2022-10-19 10:30:00-04:00,21.729999542236328,21.809999465942383,21.350000381469727,21.360000610351562,31924,0.0,0.0
2022-10-19 11:30:00-04:00,21.344999313354492,21.399999618530273,21.190000534057617,21.190000534057617,15495,0.0,0.0
2022-10-19 12:30:00-04:00,21.200000762939453,21.399999618530273,21.200000762939453,21.354999542236328,23250,0.0,0.0
2022-10-19 13:30:00-04:00,21.3700008392334,21.43000030517578,21.200000762939453,21.200000762939453,25362,0.0,0.0
2022-10-19 14:30:00-04:00,21.219999313354492,21.225000381469727,20.975000381469727,21.040000915527344,32530,0.0,0.0
2022-10-19 15:30:00-04:00,21.040000915527344,21.139999389648438,21.010000228881836,21.100000381469727,50143,0.0,0.0
2022-10-20 09:30:00-04:00,21.190000534057617,21.889999389648438,21.190000534057617,21.860000610351562,13051,0.0,0.0
2022-10-20 10:30:00-04:00,21.8799991607666,21.989999771118164,21.75,21.84000015258789,22134,0.0,0.0
2022-10-20 11:30:00-04:00,21.8700008392334,22.010000228881836,21.549999237060547,21.579299926757812,16212,0.0,0.0
2022-10-20 12:30:00-04:00,21.55500030517578,21.55500030517578,21.34000015258789,21.440000534057617,15761,0.0,0.0
2022-10-20 13:30:00-04:00,21.43000030517578,21.489999771118164,21.3799991607666,21.479999542236328,15350,0.0,0.0
2022-10-20 14:30:00-04:00,21.489999771118164,21.760000228881836,21.46500015258789,21.760000228881836,26664,0.0,0.0
2022-10-20 15:30:00-04:00,21.760000228881836,22.010000228881836,21.75,21.959999084472656,59450,0.0,0.0
2022-10-21 09:30:00-04:00,21.969999313354492,21.969999313354492,21.450000762939453,21.479999542236328,24026,0.0,0.0
2022-10-21 10:30:00-04:00,21.469999313354492,21.520000457763672,21.1200008392334,21.520000457763672,19241,0.0,0.0
2022-10-21 11:30:00-04:00,21.594999313354492,21.93000030517578,21.520000457763672,21.639999389648438,46716,0.0,0.0
2022-10-21 12:30:00-04:00,21.641000747680664,21.649999618530273,21.290000915527344,21.350000381469727,24539,0.0,0.0
2022-10-21 13:30:00-04:00,21.350000381469727,21.489999771118164,21.31999969482422,21.350000381469727,16100,0.0,0.0
2022-10-21 14:30:00-04:00,21.350000381469727,21.610000610351562,21.309999465942383,21.610000610351562,30653,0.0,0.0
2022-10-21 15:30:00-04:00,21.610000610351562,21.709999084472656,21.540000915527344,21.56999969482422,69797,0.0,0.0
2022-10-24 09:30:00-04:00,21.5,21.56999969482422,20.600000381469727,20.600000381469727,49055,0.0,0.0
2022-10-24 10:30:00-04:00,20.610000610351562,21.229999542236328,20.600000381469727,21.149999618530273,29929,0.0,0.0
2022-10-24 11:30:00-04:00,21.155000686645508,21.385000228881836,21.059999465942383,21.350000381469727,11898,0.0,0.0
2022-10-24 12:30:00-04:00,21.299999237060547,21.459999084472656,21.299999237060547,21.299999237060547,11258,0.0,0.0
2022-10-24 13:30:00-04:00,21.290000915527344,21.459999084472656,21.290000915527344,21.459999084472656,15790,0.0,0.0
2022-10-24 14:30:00-04:00,21.434999465942383,21.59000015258789,21.40999984741211,21.55500030517578,14514,0.0,0.0
2022-10-24 15:30:00-04:00,21.559999465942383,21.6299991607666,21.520000457763672,21.549999237060547,32551,0.0,0.0
2022-10-25 09:30:00-04:00,21.75,22.68000030517578,21.562000274658203,22.46500015258789,82889,0.0,0.0
2022-10-25 10:30:00-04:00,22.489999771118164,22.489999771118164,22.280000686645508,22.389999389648438,11554,0.0,0.0
2022-10-25 11:30:00-04:00,22.415000915527344,22.545000076293945,22.34000015258789,22.479999542236328,18824,0.0,0.0
2022-10-25 12:30:00-04:00,22.5,22.5,22.309999465942383,22.440000534057617,18776,0.0,0.0
2022-10-25 13:30:00-04:00,22.440000534057617,22.739999771118164,22.440000534057617,22.639999389648438,31776,0.0,0.0
2022-10-25 14:30:00-04:00,22.655000686645508,22.674999237060547,22.479999542236328,22.510000228881836,38562,0.0,0.0
2022-10-25 15:30:00-04:00,22.510000228881836,22.56999969482422,22.479999542236328,22.489999771118164,96518,0.0,0.0
2022-10-26 09:30:00-04:00,22.43000030517578,22.559999465942383,22.18000030517578,22.350000381469727,37147,0.0,0.0
2022-10-26 10:30:00-04:00,22.31999969482422,22.674999237060547,22.31999969482422,22.610000610351562,31153,0.0,0.0
2022-10-26 11:30:00-04:00,22.53499984741211,22.834999084472656,22.40999984741211,22.747699737548828,32130,0.0,0.0
2022-10-26 12:30:00-04:00,22.799999237060547,22.799999237060547,22.299999237060547,22.299999237060547,41408,0.0,0.0
2022-10-26 13:30:00-04:00,22.270000457763672,22.545000076293945,21.25,22.399999618530273,521588,0.0,0.0
2022-10-26 14:30:00-04:00,22.43000030517578,22.48200035095215,22.299999237060547,22.399999618530273,38141,0.0,0.0
2022-10-26 15:30:00-04:00,22.43000030517578,22.459999084472656,22.18000030517578,22.190000534057617,57795,0.0,0.0
2022-10-27 09:30:00-04:00,22.520000457763672,22.84000015258789,22.229999542236328,22.649999618530273,62231,0.0,0.0
2022-10-27 10:30:00-04:00,22.665000915527344,22.700000762939453,22.3700008392334,22.459999084472656,52795,0.0,0.0
2022-10-27 11:30:00-04:00,22.479999542236328,22.540000915527344,22.309999465942383,22.350000381469727,34330,0.0,0.0
2022-10-27 12:30:00-04:00,22.354999542236328,22.6299991607666,22.354999542236328,22.475000381469727,52398,0.0,0.0
2022-10-27 13:30:00-04:00,22.479999542236328,22.579999923706055,22.479999542236328,22.559999465942383,31414,0.0,0.0
2022-10-27 14:30:00-04:00,22.559999465942383,22.559999465942383,22.420000076293945,22.469999313354492,40146,0.0,0.0
2022-10-27 15:30:00-04:00,22.459999084472656,22.5,21.989999771118164,22.1299991607666,116449,0.0,0.0
2022-10-28 09:30:00-04:00,21.84000015258789,22.290000915527344,21.56999969482422,21.649999618530273,35443,0.0,0.0
2022-10-28 10:30:00-04:00,21.700000762939453,22.2450008392334,21.59000015258789,22.06999969482422,35765,0.0,0.0
2022-10-28 11:30:00-04:00,22.100000381469727,22.3700008392334,22.09000015258789,22.3700008392334,31570,0.0,0.0
2022-10-28 12:30:00-04:00,22.40999984741211,22.489999771118164,22.399999618530273,22.43000030517578,32584,0.0,0.0
2022-10-28 13:30:00-04:00,22.43000030517578,22.440000534057617,22.200000762939453,22.260000228881836,45673,0.0,0.0
2022-10-28 14:30:00-04:00,22.260000228881836,22.459999084472656,22.219999313354492,22.3799991607666,48587,0.0,0.0
2022-10-28 15:30:00-04:00,22.3799991607666,22.43000030517578,22.315000534057617,22.34000015258789,81210,0.0,0.0
2022-10-31 09:30:00-04:00,22.309999465942383,22.360000610351562,21.799999237060547,21.799999237060547,25664,0.0,0.0
2022-10-31 10:30:00-04:00,21.829999923706055,22.059999465942383,21.719999313354492,22.049999237060547,20973,0.0,0.0
2022-10-31 11:30:00-04:00,22.079999923706055,22.200000762939453,22.040000915527344,22.170000076293945,17331,0.0,0.0
2022-10-31 12:30:00-04:00,22.139999389648438,22.18000030517578,21.959999084472656,22.049999237060547,20491,0.0,0.0
2022-10-31 13:30:00-04:00,22.06999969482422,22.15250015258789,21.850000381469727,21.915000915527344,18877,0.0,0.0
2022-10-31 14:30:00-04:00,21.920000076293945,22.100000381469727,21.84000015258789,22.100000381469727,76365,0.0,0.0
2022-10-31 15:30:00-04:00,22.114999771118164,22.31999969482422,22.110000610351562,22.200000762939453,79444,0.0,0.0
2022-11-01 09:30:00-04:00,22.59000015258789,22.600000381469727,22.139999389648438,22.280000686645508,40471,0.0,0.0
2022-11-01 10:30:00-04:00,22.360000610351562,22.3799991607666,21.92009925842285,21.92009925842285,14409,0.0,0.0
2022-11-01 11:30:00-04:00,21.969999313354492,21.989999771118164,21.645000457763672,21.645000457763672,24470,0.0,0.0
2022-11-01 12:30:00-04:00,21.670000076293945,21.84000015258789,21.56999969482422,21.809999465942383,15026,0.0,0.0
2022-11-01 13:30:00-04:00,21.780000686645508,21.860000610351562,21.729999542236328,21.829999923706055,16156,0.0,0.0
2022-11-01 14:30:00-04:00,21.829999923706055,21.829999923706055,21.68000030517578,21.68000030517578,25792,0.0,0.0
2022-11-01 15:30:00-04:00,21.649999618530273,21.670000076293945,21.520000457763672,21.540000915527344,53323,0.0,0.0
2022-11-02 09:30:00-04:00,21.350000381469727,21.450000762939453,21.020000457763672,21.399999618530273,19148,0.0,0.0
2022-11-02 10:30:00-04:00,21.450000762939453,21.479999542236328,20.989999771118164,21.03499984741211,30961,0.0,0.0
2022-11-02 11:30:00-04:00,21.049999237060547,21.100000381469727,20.989999771118164,21.06999969482422,24528,0.0,0.0
2022-11-02 12:30:00-04:00,21.049999237060547,21.219999313354492,21.0,21.219999313354492,15893,0.0,0.0
2022-11-02 13:30:00-04:00,21.170000076293945,21.690000534057617,21.075000762939453,21.68000030517578,57220,0.0,0.0
2022-11-02 14:30:00-04:00,21.690000534057617,21.690000534057617,20.90999984741211,21.0,87009,0.0,0.0
2022-11-02 15:30:00-04:00,21.0,21.104999542236328,20.899999618530273,20.920000076293945,62523,0.0,0.0
2022-11-03 09:30:00-04:00,20.450000762939453,21.079999923706055,20.40999984741211,21.059999465942383,61013,0.0,0.0
2022-11-03 10:30:00-04:00,21.020000457763672,21.299999237060547,20.940000534057617,21.020000457763672,42942,0.0,0.0
2022-11-03 11:30:00-04:00,21.020000457763672,21.100000381469727,20.920000076293945,21.049999237060547,48200,0.0,0.0
2022-11-03 12:30:00-04:00,21.049999237060547,21.15999984741211,20.989999771118164,21.049999237060547,28954,0.0,0.0
2022-11-03 13:30:00-04:00,21.049999237060547,21.09000015258789,20.989999771118164,21.05500030517578,30390,0.0,0.0
2022-11-03 14:30:00-04:00,21.040000915527344,21.049999237060547,20.899999618530273,20.9950008392334,58364,0.0,0.0
2022-11-03 15:30:00-04:00,20.989999771118164,21.020000457763672,20.770000457763672,20.770000457763672,63550,0.0,0.0
2022-11-04 09:30:00-04:00,20.8799991607666,20.8799991607666,19.760000228881836,20.114999771118164,152779,0.0,0.0
2022-11-04 10:30:00-04:00,20.049999237060547,20.540000915527344,20.049999237060547,20.350000381469727,58130,0.0,0.0
2022-11-04 11:30:00-04:00,20.309999465942383,20.399999618530273,19.93000030517578,19.989999771118164,42146,0.0,0.0
2022-11-04 12:30:00-04:00,19.979999542236328,19.979999542236328,19.459999084472656,19.459999084472656,80221,0.0,0.0
2022-11-04 13:30:00-04:00,19.420000076293945,19.559999465942383,19.229999542236328,19.520000457763672,102164,0.0,0.0
2022-11-04 14:30:00-04:00,19.524999618530273,19.893699645996094,19.5,19.649999618530273,91340,0.0,0.0
2022-11-04 15:30:00-04:00,19.6299991607666,19.75,19.469999313354492,19.65999984741211,135654,0.0,0.0
2022-11-07 09:30:00-05:00,19.899999618530273,20.0,19.209999084472656,19.2450008392334,108112,0.0,0.0
2022-11-07 10:30:00-05:00,19.219999313354492,19.753999710083008,19.060100555419922,19.753999710083008,99781,0.0,0.0
2022-11-07 11:30:00-05:00,19.739999771118164,19.80500030517578,19.6200008392334,19.729999542236328,78946,0.0,0.0
2022-11-07 12:30:00-05:00,19.729999542236328,19.770000457763672,19.440000534057617,19.450000762939453,70974,0.0,0.0
2022-11-07 13:30:00-05:00,19.450000762939453,19.610000610351562,19.36050033569336,19.579999923706055,170146,0.0,0.0
2022-11-07 14:30:00-05:00,19.559999465942383,19.84000015258789,19.559999465942383,19.639999389648438,126304,0.0,0.0
2022-11-07 15:30:00-05:00,19.645000457763672,19.704999923706055,19.510000228881836,19.639999389648438,210502,0.0,0.0
2022-11-08 09:30:00-05:00,17.600000381469727,18.260000228881836,16.860000610351562,17.709999084472656,337826,0.0,0.0
2022-11-08 10:30:00-05:00,17.719999313354492,18.559999465942383,17.639999389648438,18.540000915527344,209915,0.0,0.0
2022-11-08 11:30:00-05:00,18.549999237060547,19.335800170898438,18.549999237060547,19.15999984741211,145142,0.0,0.0
2022-11-08 12:30:00-05:00,19.190000534057617,19.899999618530273,18.969999313354492,19.559999465942383,155898,0.0,0.0
2022-11-08 13:30:00-05:00,19.530000686645508,19.54010009765625,18.800100326538086,18.800100326538086,119049,0.0,0.0
2022-11-08 14:30:00-05:00,18.801599502563477,19.5,18.75,19.459999084472656,178536,0.0,0.0
2022-11-08 15:30:00-05:00,19.469999313354492,19.610000610351562,19.344999313354492,19.549999237060547,185721,0.0,0.0
2022-11-09 09:30:00-05:00,19.780000686645508,20.959999084472656,19.450000762939453,20.950000762939453,112509,0.0,0.0
2022-11-09 10:30:00-05:00,20.93000030517578,21.25,20.600000381469727,20.959999084472656,128334,0.0,0.0
2022-11-09 11:30:00-05:00,20.93000030517578,20.989999771118164,20.579999923706055,20.75,81067,0.0,0.0
2022-11-09 12:30:00-05:00,20.760000228881836,21.1200008392334,20.645000457763672,20.645000457763672,83996,0.0,0.0
2022-11-09 13:30:00-05:00,20.6299991607666,20.6299991607666,20.09000015258789,20.489999771118164,83403,0.0,0.0
2022-11-09 14:30:00-05:00,20.479999542236328,20.489999771118164,20.209999084472656,20.450000762939453,87145,0.0,0.0
2022-11-09 15:30:00-05:00,20.44499969482422,20.450000762939453,20.06999969482422,20.280000686645508,170018,0.0,0.0
2022-11-10 09:30:00-05:00,21.420000076293945,21.81999969482422,21.280000686645508,21.665000915527344,100473,0.0,0.0
2022-11-10 10:30:00-05:00,21.700000762939453,21.75,21.34000015258789,21.610000610351562,58167,0.0,0.0
2022-11-10 11:30:00-05:00,21.6299991607666,21.760000228881836,21.469999313354492,21.709999084472656,60620,0.0,0.0
2022-11-10 12:30:00-05:00,21.739999771118164,21.739999771118164,21.3799991607666,21.610000610351562,91319,0.0,0.0
2022-11-10 13:30:00-05:00,21.690000534057617,21.760000228881836,21.614999771118164,21.68000030517578,48241,0.0,0.0
2022-11-10 14:30:00-05:00,21.68000030517578,21.780000686645508,21.549999237060547,21.725000381469727,64387,0.0,0.0
2022-11-10 15:30:00-05:00,21.729999542236328,21.889999389648438,21.719999313354492,21.84000015258789,164841,0.0,0.0
2022-11-11 09:30:00-05:00,20.450000762939453,20.729999542236328,19.799999237060547,20.3799991607666,188686,0.0,0.0
2022-11-11 10:30:00-05:00,20.350000381469727,20.56999969482422,20.1299991607666,20.420000076293945,108253,0.0,0.0
2022-11-11 11:30:00-05:00,20.3700008392334,20.579999923706055,20.329999923706055,20.489999771118164,78869,0.0,0.0
2022-11-11 12:30:00-05:00,20.469999313354492,20.68000030517578,20.43000030517578,20.540000915527344,97175,0.0,0.0
2022-11-11 13:30:00-05:00,20.540000915527344,20.610000610351562,20.149999618530273,20.459999084472656,114974,0.0,0.0
2022-11-11 14:30:00-05:00,20.459999084472656,20.739999771118164,20.40999984741211,20.53499984741211,159661,0.0,0.0
2022-11-11 15:30:00-05:00,20.549999237060547,20.670000076293945,20.469999313354492,20.489999771118164,207714,0.0,0.0
2022-11-14 09:30:00-05:00,20.489999771118164,20.729999542236328,19.809999465942383,20.40999984741211,53502,0.0,0.0
2022-11-14 10:30:00-05:00,20.399999618530273,20.56999969482422,19.96500015258789,20.014999389648438,85144,0.0,0.0
2022-11-14 11:30:00-05:00,20.030000686645508,20.469999313354492,20.030000686645508,20.280000686645508,64257,0.0,0.0
2022-11-14 12:30:00-05:00,20.25,20.440000534057617,20.229999542236328,20.440000534057617,48582,0.0,0.0
2022-11-14 13:30:00-05:00,20.399999618530273,20.56999969482422,20.34000015258789,20.530000686645508,74646,0.0,0.0
2022-11-14 14:30:00-05:00,20.53499984741211,20.770000457763672,20.469999313354492,20.75,91318,0.0,0.0
2022-11-14 15:30:00-05:00,20.75,20.770000457763672,20.6299991607666,20.65999984741211,186551,0.0,0.0
2022-11-15 09:30:00-05:00,20.8799991607666,21.3799991607666,20.434999465942383,20.959999084472656,166203,0.0,0.0
2022-11-15 10:30:00-05:00,20.940000534057617,21.0,20.780000686645508,20.860000610351562,58889,0.0,0.0
2022-11-15 11:30:00-05:00,20.8799991607666,21.225000381469727,20.8799991607666,21.18000030517578,65116,0.0,0.0
2022-11-15 12:30:00-05:00,21.190000534057617,21.270000457763672,20.950000762939453,20.979999542236328,91280,0.0,0.0
2022-11-15 13:30:00-05:00,20.985000610351562,21.209999084472656,20.90999984741211,21.15999984741211,84684,0.0,0.0
2022-11-15 14:30:00-05:00,21.15999984741211,21.329999923706055,21.139999389648438,21.31999969482422,77093,0.0,0.0
2022-11-15 15:30:00-05:00,21.309999465942383,21.31999969482422,21.200000762939453,21.270000457763672,177113,0.0,0.0
2022-11-16 09:30:00-05:00,21.0,21.170000076293945,20.614999771118164,20.700000762939453,37493,0.0,0.0
2022-11-16 10:30:00-05:00,20.739999771118164,20.809999465942383,20.43000030517578,20.579999923706055,20742,0.0,0.0
2022-11-16 11:30:00-05:00,20.579999923706055,20.780000686645508,20.43000030517578,20.770000457763672,34143,0.0,0.0
2022-11-16 12:30:00-05:00,20.780000686645508,21.1299991607666,20.770000457763672,21.06999969482422,45451,0.0,0.0
2022-11-16 13:30:00-05:00,21.079999923706055,21.100000381469727,20.799999237060547,20.90999984741211,30198,0.0,0.0
2022-11-16 14:30:00-05:00,20.8700008392334,20.959999084472656,20.770000457763672,20.890399932861328,45700,0.0,0.0
2022-11-16 15:30:00-05:00,20.860000610351562,20.950000762939453,20.770000457763672,20.81999969482422,95324,0.0,0.0
2022-11-17 09:30:00-05:00,20.549999237060547,20.739999771118164,20.34000015258789,20.549999237060547,34553,0.0,0.0
2022-11-17 10:30:00-05:00,20.5,20.739999771118164,20.440000534057617,20.739999771118164,25966,0.0,0.0
2022-11-17 11:30:00-05:00,20.690000534057617,20.889999389648438,20.6299991607666,20.860000610351562,28695,0.0,0.0
2022-11-17 12:30:00-05:00,20.860000610351562,20.969999313354492,20.752700805664062,20.770000457763672,49349,0.0,0.0
2022-11-17 13:30:00-05:00,20.766399383544922,20.84000015258789,20.389999389648438,20.489999771118164,39999,0.0,0.0
2022-11-17 14:30:00-05:00,20.440000534057617,20.56999969482422,20.360000610351562,20.44499969482422,42038,0.0,0.0
2022-11-17 15:30:00-05:00,20.450000762939453,20.540000915527344,20.40999984741211,20.530000686645508,70181,0.0,0.0
2022-11-18 09:30:00-05:00,20.940000534057617,20.940000534057617,20.040000915527344,20.34000015258789,33332,0.0,0.0
2022-11-18 10:30:00-05:00,20.350000381469727,20.450000762939453,20.139999389648438,20.25,26717,0.0,0.0
2022-11-18 11:30:00-05:00,20.260000228881836,20.280000686645508,19.889999389648438,19.989999771118164,19122,0.0,0.0
2022-11-18 12:30:00-05:00,20.010000228881836,20.079999923706055,19.799999237060547,20.079999923706055,42397,0.0,0.0
2022-11-18 13:30:00-05:00,20.094999313354492,20.139999389648438,19.959999084472656,20.110000610351562,16563,0.0,0.0
2022-11-18 14:30:00-05:00,20.104999542236328,20.309999465942383,20.032499313354492,20.309999465942383,28380,0.0,0.0
2022-11-18 15:30:00-05:00,20.31999969482422,20.360000610351562,20.09000015258789,20.1299991607666,73224,0.0,0.0
2022-11-21 09:30:00-05:00,21.09000015258789,21.420000076293945,20.610000610351562,20.829999923706055,109949,0.0,0.0
2022-11-21 10:30:00-05:00,20.770000457763672,21.030000686645508,20.700000762939453,21.0049991607666,64834,0.0,0.0
2022-11-21 11:30:00-05:00,21.0,21.009899139404297,20.655000686645508,20.684999465942383,34340,0.0,0.0
2022-11-21 12:30:00-05:00,20.729999542236328,20.934999465942383,20.690000534057617,20.84000015258789,42295,0.0,0.0
2022-11-21 13:30:00-05:00,20.850000381469727,20.93000030517578,20.770000457763672,20.8700008392334,33304,0.0,0.0
2022-11-21 14:30:00-05:00,20.8700008392334,20.934999465942383,20.815000534057617,20.8700008392334,42920,0.0,0.0
2022-11-21 15:30:00-05:00,20.860000610351562,20.920000076293945,20.799999237060547,20.84000015258789,98849,0.0,0.0
2022-11-22 09:30:00-05:00,20.780000686645508,20.809999465942383,20.260000228881836,20.530000686645508,23485,0.0,0.0
2022-11-22 10:30:00-05:00,20.579999923706055,20.690000534057617,20.389999389648438,20.584999084472656,18091,0.0,0.0
2022-11-22 11:30:00-05:00,20.549999237060547,20.56999969482422,20.440000534057617,20.440000534057617,17125,0.0,0.0
2022-11-22 12:30:00-05:00,20.469999313354492,20.479999542236328,20.18000030517578,20.200000762939453,32852,0.0,0.0
2022-11-22 13:30:00-05:00,20.209999084472656,20.280000686645508,20.059999465942383,20.09000015258789,28977,0.0,0.0
2022-11-22 14:30:00-05:00,20.100000381469727,20.149999618530273,20.020000457763672,20.114999771118164,29559,0.0,0.0
2022-11-22 15:30:00-05:00,20.1200008392334,20.149999618530273,20.06999969482422,20.09000015258789,95727,0.0,0.0
2022-11-23 09:30:00-05:00,20.079999923706055,20.360000610351562,19.899999618530273,20.18000030517578,45294,0.0,0.0
2022-11-23 10:30:00-05:00,20.18000030517578,20.415000915527344,20.110000610351562,20.3799991607666,40499,0.0,0.0
2022-11-23 11:30:00-05:00,20.375,20.415000915527344,19.979999542236328,20.100000381469727,76405,0.0,0.0
2022-11-23 12:30:00-05:00,20.09000015258789,20.1200008392334,19.969999313354492,20.09000015258789,55458,0.0,0.0
2022-11-23 13:30:00-05:00,20.09000015258789,20.25,20.06999969482422,20.209999084472656,70868,0.0,0.0
2022-11-23 14:30:00-05:00,20.209999084472656,20.559999465942383,20.079999923706055,20.559999465942383,57948,0.0,0.0
2022-11-23 15:30:00-05:00,20.540000915527344,20.69499969482422,20.530000686645508,20.649999618530273,65402,0.0,0.0
2022-11-25 09:30:00-05:00,20.459999084472656,20.725000381469727,20.39299964904785,20.639999389648438,11634,0.0,0.0
2022-11-25 10:30:00-05:00,20.68000030517578,20.90999984741211,20.68000030517578,20.739999771118164,14811,0.0,0.0
2022-11-25 11:30:00-05:00,20.7450008392334,20.81999969482422,20.59000015258789,20.799999237060547,20137,0.0,0.0
2022-11-28 09:30:00-05:00,20.579999923706055,20.704999923706055,20.264999389648438,20.31999969482422,48975,0.0,0.0
2022-11-28 10:30:00-05:00,20.34000015258789,20.545000076293945,20.34000015258789,20.44499969482422,22223,0.0,0.0
2022-11-28 11:30:00-05:00,20.479999542236328,20.639999389648438,20.45009994506836,20.559999465942383,25810,0.0,0.0
2022-11-28 12:30:00-05:00,20.579999923706055,20.649999618530273,20.440000534057617,20.440000534057617,27862,0.0,0.0
2022-11-28 13:30:00-05:00,20.471799850463867,20.510000228881836,20.15999984741211,20.239999771118164,35287,0.0,0.0
2022-11-28 14:30:00-05:00,20.260000228881836,20.280000686645508,20.079999923706055,20.079999923706055,52605,0.0,0.0
2022-11-28 15:30:00-05:00,20.09000015258789,20.18000030517578,20.06999969482422,20.15999984741211,72220,0.0,0.0
2022-11-29 09:30:00-05:00,20.200000762939453,20.760000228881836,20.094999313354492,20.760000228881836,15191,0.0,0.0
2022-11-29 10:30:00-05:00,20.760000228881836,20.760000228881836,20.309999465942383,20.389999389648438,24634,0.0,0.0
2022-11-29 11:30:00-05:00,20.403099060058594,20.5,20.31999969482422,20.469999313354492,25919,0.0,0.0
2022-11-29 12:30:00-05:00,20.489999771118164,20.510000228881836,20.090099334716797,20.125,24334,0.0,0.0
2022-11-29 13:30:00-05:00,20.135000228881836,20.264999389648438,20.11750030517578,20.174999237060547,17981,0.0,0.0
2022-11-29 14:30:00-05:00,20.174999237060547,20.184999465942383,19.989999771118164,20.1299991607666,34167,0.0,0.0
2022-11-29 15:30:00-05:00,20.1200008392334,20.1200008392334,20.030000686645508,20.045000076293945,40139,0.0,0.0
2022-11-30 09:30:00-05:00,20.09000015258789,20.389999389648438,20.079999923706055,20.325000762939453,25859,0.0,0.0
2022-11-30 10:30:00-05:00,20.389999389648438,20.485000610351562,20.25,20.375,19612,0.0,0.0
2022-11-30 11:30:00-05:00,20.389999389648438,20.420000076293945,20.18000030517578,20.21500015258789,26376,0.0,0.0
2022-11-30 12:30:00-05:00,20.239999771118164,20.290000915527344,20.170000076293945,20.200000762939453,23430,0.0,0.0
2022-11-30 13:30:00-05:00,20.219999313354492,20.559999465942383,20.104999542236328,20.450000762939453,107968,0.0,0.0
2022-11-30 14:30:00-05:00,20.43000030517578,20.479999542236328,20.2549991607666,20.450000762939453,43786,0.0,0.0
2022-11-30 15:30:00-05:00,20.434999465942383,20.530000686645508,20.31999969482422,20.459999084472656,89170,0.0,0.0
2022-12-01 09:30:00-05:00,20.639999389648438,21.174999237060547,20.639999389648438,20.790000915527344,63067,0.0,0.0
2022-12-01 10:30:00-05:00,20.80900001525879,21.010000228881836,20.790000915527344,20.989999771118164,51081,0.0,0.0
2022-12-01 11:30:00-05:00,20.979999542236328,21.0,20.815000534057617,20.90999984741211,33070,0.0,0.0
2022-12-01 12:30:00-05:00,20.90999984741211,20.950000762939453,20.780000686645508,20.850000381469727,40314,0.0,0.0
2022-12-01 13:30:00-05:00,20.8700008392334,21.010000228881836,20.809999465942383,20.969999313354492,63690,0.0,0.0
2022-12-01 14:30:00-05:00,20.989999771118164,21.010000228881836,20.915000915527344,20.959999084472656,61115,0.0,0.0
2022-12-01 15:30:00-05:00,20.959999084472656,20.96500015258789,20.649999618530273,20.739999771118164,178206,0.0,0.0
2022-12-02 09:30:00-05:00,20.469999313354492,21.45989990234375,20.469999313354492,21.3700008392334,189649,0.0,0.0
2022-12-02 10:30:00-05:00,21.389999389648438,21.440000534057617,21.190000534057617,21.399999618530273,57471,0.0,0.0
2022-12-02 11:30:00-05:00,21.385000228881836,21.420000076293945,21.190000534057617,21.260000228881836,28214,0.0,0.0
2022-12-02 12:30:00-05:00,21.239999771118164,21.389999389648438,21.190000534057617,21.31999969482422,60640,0.0,0.0
2022-12-02 13:30:00-05:00,21.31999969482422,21.610000610351562,21.290000915527344,21.540000915527344,125953,0.0,0.0
2022-12-02 14:30:00-05:00,21.5,21.59000015258789,21.420000076293945,21.5,54561,0.0,0.0
2022-12-02 15:30:00-05:00,21.5,21.549999237060547,21.43000030517578,21.5,104274,0.0,0.0
2022-12-05 09:30:00-05:00,21.459999084472656,21.459999084472656,20.889999389648438,21.138999938964844,20435,0.0,0.0
2022-12-05 10:30:00-05:00,21.09000015258789,21.290000915527344,21.040000915527344,21.19499969482422,21785,0.0,0.0
2022-12-05 11:30:00-05:00,21.18000030517578,21.190000534057617,21.079999923706055,21.1200008392334,15018,0.0,0.0
2022-12-05 12:30:00-05:00,21.100000381469727,21.149999618530273,20.940000534057617,20.950000762939453,14711,0.0,0.0
2022-12-05 13:30:00-05:00,20.979999542236328,21.03499984741211,20.905000686645508,21.010000228881836,25126,0.0,0.0
2022-12-05 14:30:00-05:00,21.0,21.0,20.690000534057617,20.725000381469727,38766,0.0,0.0
2022-12-05 15:30:00-05:00,20.739999771118164,20.950000762939453,20.739999771118164,20.93000030517578,62907,0.0,0.0
2022-12-06 09:30:00-05:00,20.920000076293945,20.920000076293945,20.280000686645508,20.3799991607666,40006,0.0,0.0
2022-12-06 10:30:00-05:00,20.399999618530273,20.459999084472656,20.040000915527344,20.229999542236328,44184,0.0,0.0
2022-12-06 11:30:00-05:00,20.235000610351562,20.280000686645508,20.010000228881836,20.030000686645508,37113,0.0,0.0
2022-12-06 12:30:00-05:00,20.010000228881836,20.25,19.969999313354492,20.15999984741211,35556,0.0,0.0
2022-12-06 13:30:00-05:00,20.15999984741211,20.15999984741211,19.940000534057617,19.954999923706055,33967,0.0,0.0
2022-12-06 14:30:00-05:00,19.950000762939453,20.09000015258789,19.8700008392334,20.010000228881836,63391,0.0,0.0
2022-12-06 15:30:00-05:00,20.020000457763672,20.1200008392334,19.989999771118164,20.09000015258789,88020,0.0,0.0
2022-12-07 09:30:00-05:00,19.889999389648438,20.030000686645508,19.579999923706055,19.649999618530273,36628,0.0,0.0
2022-12-07 10:30:00-05:00,19.700000762939453,20.040000915527344,19.639999389648438,19.75,41538,0.0,0.0
2022-12-07 11:30:00-05:00,19.739999771118164,19.875,19.739999771118164,19.84000015258789,27196,0.0,0.0
2022-12-07 12:30:00-05:00,19.84000015258789,19.934999465942383,19.780000686645508,19.90999984741211,23768,0.0,0.0
2022-12-07 13:30:00-05:00,19.920000076293945,19.920000076293945,19.670000076293945,19.719999313354492,41051,0.0,0.0
2022-12-07 14:30:00-05:00,19.729999542236328,19.774999618530273,19.639999389648438,19.75,49358,0.0,0.0
2022-12-07 15:30:00-05:00,19.75,19.799999237060547,19.739999771118164,19.7549991607666,75470,0.0,0.0
2022-12-08 09:30:00-05:00,19.770000457763672,20.389999389648438,19.6299991607666,20.270000457763672,29902,0.0,0.0
2022-12-08 10:30:00-05:00,20.2450008392334,20.34000015258789,20.059999465942383,20.104999542236328,30262,0.0,0.0
2022-12-08 11:30:00-05:00,20.149999618530273,20.290000915527344,20.110000610351562,20.110000610351562,35344,0.0,0.0
2022-12-08 12:30:00-05:00,20.110000610351562,20.229999542236328,20.100000381469727,20.219999313354492,22004,0.0,0.0
2022-12-08 13:30:00-05:00,20.239999771118164,20.325000762939453,20.079999923706055,20.15999984741211,24007,0.0,0.0
2022-12-08 14:30:00-05:00,20.1200008392334,20.25,20.06999969482422,20.235000610351562,40482,0.0,0.0
2022-12-08 15:30:00-05:00,20.235000610351562,20.2549991607666,19.950000762939453,20.040000915527344,95397,0.0,0.0
2022-12-09 09:30:00-05:00,19.93000030517578,20.219999313354492,19.864999771118164,20.149999618530273,0,0.0,0.0
2022-12-09 10:30:00-05:00,20.170000076293945,20.25,20.079999923706055,20.249000549316406,15646,0.0,0.0
2022-12-09 11:30:00-05:00,20.235000610351562,20.299999237060547,20.200000762939453,20.219999313354492,10214,0.0,0.0
2022-12-09 12:30:00-05:00,20.200000762939453,20.34000015258789,20.200000762939453,20.270000457763672,15479,0.0,0.0
2022-12-09 13:30:00-05:00,20.290000915527344,20.295000076293945,20.18000030517578,20.219999313354492,13095,0.0,0.0
2022-12-09 14:30:00-05:00,20.209999084472656,20.2549991607666,20.181499481201172,20.239999771118164,21944,0.0,0.0
2022-12-09 15:30:00-05:00,20.219999313354492,20.270000457763672,20.1299991607666,20.139999389648438,39252,0.0,0.0
2022-12-12 09:30:00-05:00,20.1200008392334,20.216999053955078,19.920000076293945,20.139999389648438,27774,0.0,0.0
2022-12-12 10:30:00-05:00,20.1299991607666,20.399999618530273,20.079999923706055,20.360000610351562,23811,0.0,0.0
2022-12-12 11:30:00-05:00,20.360000610351562,20.3700008392334,20.260000228881836,20.329999923706055,24369,0.0,0.0
2022-12-12 12:30:00-05:00,20.360000610351562,20.459999084472656,20.239999771118164,20.3700008392334,32904,0.0,0.0
2022-12-12 13:30:00-05:00,20.3700008392334,20.530000686645508,20.3700008392334,20.530000686645508,42419,0.0,0.0
2022-12-12 14:30:00-05:00,20.510000228881836,20.670000076293945,20.440000534057617,20.670000076293945,46723,0.0,0.0
2022-12-12 15:30:00-05:00,20.665000915527344,20.670000076293945,20.209999084472656,20.360000610351562,187364,0.0,0.0
2022-12-13 09:30:00-05:00,20.829999923706055,21.100000381469727,20.614999771118164,20.614999771118164,41741,0.0,0.0
2022-12-13 10:30:00-05:00,20.610000610351562,20.760000228881836,20.510000228881836,20.610000610351562,31024,0.0,0.0
2022-12-13 11:30:00-05:00,20.610000610351562,20.6200008392334,20.15999984741211,20.200000762939453,52816,0.0,0.0
2022-12-13 12:30:00-05:00,20.15999984741211,20.290000915527344,20.0,20.274999618530273,38780,0.0,0.0
2022-12-13 13:30:00-05:00,20.274999618530273,20.40999984741211,20.219999313354492,20.325000762939453,29610,0.0,0.0
2022-12-13 14:30:00-05:00,20.34000015258789,20.46500015258789,20.229999542236328,20.290000915527344,47723,0.0,0.0
2022-12-13 15:30:00-05:00,20.31999969482422,20.424999237060547,20.25,20.360000610351562,69602,0.0,0.0
2022-12-14 09:30:00-05:00,20.420000076293945,20.940000534057617,20.3799991607666,20.90999984741211,117123,0.0,0.0
2022-12-14 10:30:00-05:00,20.979999542236328,21.079999923706055,20.8700008392334,20.8799991607666,40901,0.0,0.0
2022-12-14 11:30:00-05:00,20.81999969482422,20.81999969482422,20.59000015258789,20.68000030517578,40348,0.0,0.0
2022-12-14 12:30:00-05:00,20.690000534057617,20.690000534057617,20.540000915527344,20.59000015258789,34263,0.0,0.0
2022-12-14 13:30:00-05:00,20.610000610351562,20.729999542236328,20.3700008392334,20.4950008392334,38293,0.0,0.0
2022-12-14 14:30:00-05:00,20.479999542236328,20.795000076293945,20.209999084472656,20.690000534057617,165985,0.0,0.0
2022-12-14 15:30:00-05:00,20.68000030517578,20.790000915527344,20.6200008392334,20.729999542236328,218071,0.0,0.0
2022-12-15 09:30:00-05:00,20.540000915527344,20.940000534057617,20.517900466918945,20.8700008392334,79345,0.0,0.0
2022-12-15 10:30:00-05:00,20.889999389648438,20.899999618530273,20.670000076293945,20.670000076293945,47993,0.0,0.0
2022-12-15 11:30:00-05:00,20.670000076293945,20.860000610351562,20.610000610351562,20.84000015258789,41621,0.0,0.0
2022-12-15 12:30:00-05:00,20.829999923706055,20.860000610351562,20.760000228881836,20.799999237060547,43243,0.0,0.0
2022-12-15 13:30:00-05:00,20.799999237060547,20.84000015258789,20.719999313354492,20.829999923706055,44575,0.0,0.0
2022-12-15 14:30:00-05:00,20.84000015258789,21.040000915527344,20.829999923706055,21.040000915527344,83968,0.0,0.0
2022-12-15 15:30:00-05:00,21.040000915527344,21.040000915527344,20.799999237060547,20.90999984741211,125414,0.0,0.0
2022-12-16 09:30:00-05:00,20.799999237060547,21.5,20.799999237060547,21.239999771118164,117615,0.0,0.0
2022-12-16 10:30:00-05:00,21.219999313354492,21.24839973449707,20.100000381469727,20.979999542236328,1146096,0.0,0.0
2022-12-16 11:30:00-05:00,21.0,21.100000381469727,20.920000076293945,21.070999145507812,59379,0.0,0.0
2022-12-16 12:30:00-05:00,21.059999465942383,21.1200008392334,20.40999984741211,20.90999984741211,512552,0.0,0.0
2022-12-16 13:30:00-05:00,20.899999618530273,21.139999389648438,20.899999618530273,21.045000076293945,53081,0.0,0.0
2022-12-16 14:30:00-05:00,21.040000915527344,21.149999618530273,20.979999542236328,21.149999618530273,112625,0.0,0.0
2022-12-16 15:30:00-05:00,21.149999618530273,21.3799991607666,21.049999237060547,21.079999923706055,233912,0.0,0.0
2022-12-19 09:30:00-05:00,21.18000030517578,21.18000030517578,20.739999771118164,21.020000457763672,59345,0.0,0.0
2022-12-19 10:30:00-05:00,21.040000915527344,21.079999923706055,20.969999313354492,21.049999237060547,45783,0.0,0.0
2022-12-19 11:30:00-05:00,21.030000686645508,21.09000015258789,20.889999389648438,20.889999389648438,58901,0.0,0.0
2022-12-19 12:30:00-05:00,20.889999389648438,20.940000534057617,20.5,20.649999618530273,62790,0.0,0.0
2022-12-19 13:30:00-05:00,20.649999618530273,20.65999984741211,20.433000564575195,20.6200008392334,54713,0.0,0.0
2022-12-19 14:30:00-05:00,20.6299991607666,20.649999618530273,20.170000076293945,20.190000534057617,83149,0.0,0.0
2022-12-19 15:30:00-05:00,20.18000030517578,20.420000076293945,20.170000076293945,20.329999923706055,150315,0.0,0.0
2022-12-20 09:30:00-05:00,20.290000915527344,20.950000762939453,20.18000030517578,20.829999923706055,78837,0.0,0.0
2022-12-20 10:30:00-05:00,20.875,21.125,20.875,20.889999389648438,38403,0.0,0.0
2022-12-20 11:30:00-05:00,20.889999389648438,21.165000915527344,20.889999389648438,21.111900329589844,36865,0.0,0.0
2022-12-20 12:30:00-05:00,21.100000381469727,21.100000381469727,20.850000381469727,20.8700008392334,41043,0.0,0.0
2022-12-20 13:30:00-05:00,20.8799991607666,21.0,20.770000457763672,20.940000534057617,49993,0.0,0.0
2022-12-20 14:30:00-05:00,20.93000030517578,20.940000534057617,20.770000457763672,20.80500030517578,53481,0.0,0.0
2022-12-20 15:30:00-05:00,20.799999237060547,20.850000381469727,20.6299991607666,20.829999923706055,107707,0.0,0.0
2022-12-21 09:30:00-05:00,20.770000457763672,21.454999923706055,20.610000610351562,21.280000686645508,54994,0.0,0.0
2022-12-21 10:30:00-05:00,21.28499984741211,21.666000366210938,21.239999771118164,21.666000366210938,51362,0.0,0.0
2022-12-21 11:30:00-05:00,21.700000762939453,21.979999542236328,21.69499969482422,21.739999771118164,88603,0.0,0.0
2022-12-21 12:30:00-05:00,21.770000457763672,21.90999984741211,21.770000457763672,21.84000015258789,50260,0.0,0.0
2022-12-21 13:30:00-05:00,21.84000015258789,21.979999542236328,21.649999618530273,21.969999313354492,57095,0.0,0.0
2022-12-21 14:30:00-05:00,21.969999313354492,21.979999542236328,21.600000381469727,21.66189956665039,56413,0.0,0.0
2022-12-21 15:30:00-05:00,21.670000076293945,21.729999542236328,21.604999542236328,21.729999542236328,75519,0.0,0.0
2022-12-22 09:30:00-05:00,21.549999237060547,21.90999984741211,21.420000076293945,21.639999389648438,55551,0.0,0.0
2022-12-22 10:30:00-05:00,21.6299991607666,21.75,21.530000686645508,21.6299991607666,36019,0.0,0.0
2022-12-22 11:30:00-05:00,21.6299991607666,21.84000015258789,21.6200008392334,21.809999465942383,33009,0.0,0.0
2022-12-22 12:30:00-05:00,21.809999465942383,21.81999969482422,21.665000915527344,21.700000762939453,30347,0.0,0.0
2022-12-22 13:30:00-05:00,21.690000534057617,21.8799991607666,21.635000228881836,21.8799991607666,41300,0.0,0.0
2022-12-22 14:30:00-05:00,21.860000610351562,22.1299991607666,21.860000610351562,22.09000015258789,52386,0.0,0.0
2022-12-22 15:30:00-05:00,22.079999923706055,22.146699905395508,21.905000686645508,22.079999923706055,117226,0.0,0.0
2022-12-23 09:30:00-05:00,22.059999465942383,22.100000381469727,21.670000076293945,21.93000030517578,33374,0.0,0.0
2022-12-23 10:30:00-05:00,21.940000534057617,22.1200008392334,21.860000610351562,22.06999969482422,30816,0.0,0.0
2022-12-23 11:30:00-05:00,22.09000015258789,22.110000610351562,21.850000381469727,21.860000610351562,33308,0.0,0.0
2022-12-23 12:30:00-05:00,21.861000061035156,21.8799991607666,21.510000228881836,21.549999237060547,31583,0.0,0.0
2022-12-23 13:30:00-05:00,21.540000915527344,21.600000381469727,21.421600341796875,21.520000457763672,37570,0.0,0.0
2022-12-23 14:30:00-05:00,21.514999389648438,21.549999237060547,21.43000030517578,21.5,46495,0.0,0.0
2022-12-23 15:30:00-05:00,21.510000228881836,21.649999618530273,21.479999542236328,21.549999237060547,74025,0.0,0.0
2022-12-27 09:30:00-05:00,21.40999984741211,21.40999984741211,21.09000015258789,21.329999923706055,29279,0.0,0.0
2022-12-27 10:30:00-05:00,21.325000762939453,21.43000030517578,21.18000030517578,21.309999465942383,25484,0.0,0.0
2022-12-27 11:30:00-05:00,21.350000381469727,21.350000381469727,21.079999923706055,21.079999923706055,24237,0.0,0.0
2022-12-27 12:30:00-05:00,21.084999084472656,21.084999084472656,21.0,21.010000228881836,28388,0.0,0.0
2022-12-27 13:30:00-05:00,21.010000228881836,21.110000610351562,21.0,21.110000610351562,31032,0.0,0.0
2022-12-27 14:30:00-05:00,21.110000610351562,21.239999771118164,21.100000381469727,21.1200008392334,33824,0.0,0.0
2022-12-27 15:30:00-05:00,21.139999389648438,21.139999389648438,20.93000030517578,20.940000534057617,47030,0.0,0.0
2022-12-28 09:30:00-05:00,20.850000381469727,21.15999984741211,20.850000381469727,21.020000457763672,36452,0.0,0.0
2022-12-28 10:30:00-05:00,21.010000228881836,21.088899612426758,21.0,21.06130027770996,30878,0.0,0.0
2022-12-28 11:30:00-05:00,21.059999465942383,21.059999465942383,21.0,21.020000457763672,29754,0.0,0.0
2022-12-28 12:30:00-05:00,21.030000686645508,21.06999969482422,20.850000381469727,20.8700008392334,44086,0.0,0.0
2022-12-28 13:30:00-05:00,20.8799991607666,20.899999618530273,20.729999542236328,20.84000015258789,38177,0.0,0.0
2022-12-28 14:30:00-05:00,20.84000015258789,20.8799991607666,20.780000686645508,20.84000015258789,60729,0.0,0.0
2022-12-28 15:30:00-05:00,20.844999313354492,20.854999542236328,20.65999984741211,20.690000534057617,85286,0.0,0.0
2022-12-29 09:30:00-05:00,20.719999313354492,21.309999465942383,20.719999313354492,21.270000457763672,25644,0.0,0.0
2022-12-29 10:30:00-05:00,21.309999465942383,21.56999969482422,21.309999465942383,21.5049991607666,27513,0.0,0.0
2022-12-29 11:30:00-05:00,21.540000915527344,21.655000686645508,21.510000228881836,21.56999969482422,23358,0.0,0.0
2022-12-29 12:30:00-05:00,21.559999465942383,21.989999771118164,21.540000915527344,21.8799991607666,36098,0.0,0.0
2022-12-29 13:30:00-05:00,21.8700008392334,21.959999084472656,21.760000228881836,21.950000762939453,29506,0.0,0.0
2022-12-29 14:30:00-05:00,21.959999084472656,21.969999313354492,21.860000610351562,21.940000534057617,46493,0.0,0.0
2022-12-29 15:30:00-05:00,21.940000534057617,21.979999542236328,21.799999237060547,21.8799991607666,70830,0.0,0.0
2022-12-30 09:30:00-05:00,21.510000228881836,22.1200008392334,21.510000228881836,21.979999542236328,41613,0.0,0.0
2022-12-30 10:30:00-05:00,21.9950008392334,22.149999618530273,21.959999084472656,22.110000610351562,29168,0.0,0.0
2022-12-30 11:30:00-05:00,22.110000610351562,22.190000534057617,22.065000534057617,22.1200008392334,29652,0.0,0.0
2022-12-30 12:30:00-05:00,22.1299991607666,22.145000457763672,21.899999618530273,21.899999618530273,24255,0.0,0.0
2022-12-30 13:30:00-05:00,21.899999618530273,22.048999786376953,21.770000457763672,22.020000457763672,44038,0.0,0.0
2022-12-30 14:30:00-05:00,22.013999938964844,22.21500015258789,22.0,22.145000457763672,39411,0.0,0.0
2022-12-30 15:30:00-05:00,22.149999618530273,22.18000030517578,22.094999313354492,22.18000030517578,67318,0.0,0.0
2023-01-03 09:30:00-05:00,22.309999465942383,22.8799991607666,22.18000030517578,22.520000457763672,77524,0.0,0.0
2023-01-03 10:30:00-05:00,22.520000457763672,22.6200008392334,22.389999389648438,22.420000076293945,38438,0.0,0.0
2023-01-03 11:30:00-05:00,22.43000030517578,22.434999465942383,22.270000457763672,22.309999465942383,32528,0.0,0.0
2023-01-03 12:30:00-05:00,22.31999969482422,22.399999618530273,22.200000762939453,22.399999618530273,39368,0.0,0.0
2023-01-03 13:30:00-05:00,22.399999618530273,22.459999084472656,22.31999969482422,22.44499969482422,43483,0.0,0.0
2023-01-03 14:30:00-05:00,22.440000534057617,22.810100555419922,22.399999618530273,22.7549991607666,64197,0.0,0.0
2023-01-03 15:30:00-05:00,22.770000457763672,22.8700008392334,22.739999771118164,22.790000915527344,65871,0.0,0.0
2023-01-04 09:30:00-05:00,22.25,22.25,20.709999084472656,21.079999923706055,242562,0.0,0.0
2023-01-04 10:30:00-05:00,21.1200008392334,21.614999771118164,21.09000015258789,21.540000915527344,125302,0.0,0.0
2023-01-04 11:30:00-05:00,21.53499984741211,21.6299991607666,21.375,21.399999618530273,157460,0.0,0.0
2023-01-04 12:30:00-05:00,21.389999389648438,21.56999969482422,21.334999084472656,21.549999237060547,63583,0.0,0.0
2023-01-04 13:30:00-05:00,21.549999237060547,21.610000610351562,21.209999084472656,21.229999542236328,82144,0.0,0.0
2023-01-04 14:30:00-05:00,21.229999542236328,21.270000457763672,21.024999618530273,21.15999984741211,101415,0.0,0.0
2023-01-04 15:30:00-05:00,21.149999618530273,21.530000686645508,21.079999923706055,21.489999771118164,276235,0.0,0.0
2023-01-05 09:30:00-05:00,21.010000228881836,21.639999389648438,20.850000381469727,21.334999084472656,172734,0.0,0.0
2023-01-05 10:30:00-05:00,21.354999542236328,21.469999313354492,21.110000610351562,21.270000457763672,79490,0.0,0.0
2023-01-05 11:30:00-05:00,21.25,21.3700008392334,21.020000457763672,21.03499984741211,48186,0.0,0.0
2023-01-05 12:30:00-05:00,21.03499984741211,21.239999771118164,20.940000534057617,21.219999313354492,75911,0.0,0.0
2023-01-05 13:30:00-05:00,21.219999313354492,21.3799991607666,21.200000762939453,21.2549991607666,54247,0.0,0.0
2023-01-05 14:30:00-05:00,21.256999969482422,21.31999969482422,21.189300537109375,21.229999542236328,109421,0.0,0.0
2023-01-05 15:30:00-05:00,21.229999542236328,21.239999771118164,21.030000686645508,21.040000915527344,184986,0.0,0.0
2023-01-06 09:30:00-05:00,21.239999771118164,21.540000915527344,20.81999969482422,21.459999084472656,128623,0.0,0.0
2023-01-06 10:30:00-05:00,21.5,21.639999389648438,21.43000030517578,21.489999771118164,36418,0.0,0.0
2023-01-06 11:30:00-05:00,21.489999771118164,21.559999465942383,21.469999313354492,21.549999237060547,27699,0.0,0.0
2023-01-06 12:30:00-05:00,21.56999969482422,21.579999923706055,21.469999313354492,21.540000915527344,36587,0.0,0.0
2023-01-06 13:30:00-05:00,21.540000915527344,21.6299991607666,21.479999542236328,21.489999771118164,40932,0.0,0.0
2023-01-06 14:30:00-05:00,21.489999771118164,21.5,21.31999969482422,21.3799991607666,63960,0.0,0.0
2023-01-06 15:30:00-05:00,21.389999389648438,21.5,21.385000228881836,21.399999618530273,75623,0.0,0.0
2023-01-09 09:30:00-05:00,21.3700008392334,21.770000457763672,21.364999771118164,21.6200008392334,71009,0.0,0.0
2023-01-09 10:30:00-05:00,21.614999771118164,21.719999313354492,21.375,21.655000686645508,220736,0.0,0.0
2023-01-09 11:30:00-05:00,21.670000076293945,21.8799991607666,21.6200008392334,21.81999969482422,159654,0.0,0.0
2023-01-09 12:30:00-05:00,21.829999923706055,21.959999084472656,21.65999984741211,21.959999084472656,60055,0.0,0.0
2023-01-09 13:30:00-05:00,21.950000762939453,22.100000381469727,21.81999969482422,22.094999313354492,71526,0.0,0.0
2023-01-09 14:30:00-05:00,22.09000015258789,22.09000015258789,21.940000534057617,21.969999313354492,67188,0.0,0.0
2023-01-09 15:30:00-05:00,21.975000381469727,22.0,21.920000076293945,22.0,86691,0.0,0.0
2023-01-10 09:30:00-05:00,21.979999542236328,22.3700008392334,21.84000015258789,22.204999923706055,95652,0.0,0.0
2023-01-10 10:30:00-05:00,22.19499969482422,22.19499969482422,22.0,22.075000762939453,61447,0.0,0.0
2023-01-10 11:30:00-05:00,22.06999969482422,22.200000762939453,22.010000228881836,22.06999969482422,39118,0.0,0.0
2023-01-10 12:30:00-05:00,22.079999923706055,22.170000076293945,22.079999923706055,22.139999389648438,32674,0.0,0.0
2023-01-10 13:30:00-05:00,22.139999389648438,22.165000915527344,22.110000610351562,22.155000686645508,39547,0.0,0.0
2023-01-10 14:30:00-05:00,22.149999618530273,22.219999313354492,22.079999923706055,22.15999984741211,60686,0.0,0.0
2023-01-10 15:30:00-05:00,22.15999984741211,22.165000915527344,22.010000228881836,22.040000915527344,87290,0.0,0.0
2023-01-11 09:30:00-05:00,22.270000457763672,22.270000457763672,21.90999984741211,22.079999923706055,57107,0.0,0.0
2023-01-11 10:30:00-05:00,22.100000381469727,22.100000381469727,21.829999923706055,21.969999313354492,33403,0.0,0.0
2023-01-11 11:30:00-05:00,21.979999542236328,22.049999237060547,21.950000762939453,21.969999313354492,31400,0.0,0.0
2023-01-11 12:30:00-05:00,21.959999084472656,21.959999084472656,21.799999237060547,21.799999237060547,31756,0.0,0.0
2023-01-11 13:30:00-05:00,21.799999237060547,21.950000762939453,21.760000228881836,21.8799991607666,44440,0.0,0.0
2023-01-11 14:30:00-05:00,21.885000228881836,21.969999313354492,21.885000228881836,21.940000534057617,50103,0.0,0.0
2023-01-11 15:30:00-05:00,21.950000762939453,22.18000030517578,21.950000762939453,22.149999618530273,94683,0.0,0.0
2023-01-12 09:30:00-05:00,22.15999984741211,22.170000076293945,21.65999984741211,21.795000076293945,67081,0.0,0.0
2023-01-12 10:30:00-05:00,21.780000686645508,21.975000381469727,21.65999984741211,21.844999313354492,55742,0.0,0.0
2023-01-12 11:30:00-05:00,21.850000381469727,21.969999313354492,21.829999923706055,21.950000762939453,29747,0.0,0.0
2023-01-12 12:30:00-05:00,21.950000762939453,21.969999313354492,21.770000457763672,21.770000457763672,53900,0.0,0.0
2023-01-12 13:30:00-05:00,21.764999389648438,22.0,21.739999771118164,22.0,33433,0.0,0.0
2023-01-12 14:30:00-05:00,21.989999771118164,22.030000686645508,21.905000686645508,22.010000228881836,55786,0.0,0.0
2023-01-12 15:30:00-05:00,22.0,22.09000015258789,21.989999771118164,22.049999237060547,83936,0.0,0.0
2023-01-13 09:30:00-05:00,21.940000534057617,22.219999313354492,21.770000457763672,22.18000030517578,44755,0.0,0.0
2023-01-13 10:30:00-05:00,22.190000534057617,22.200000762939453,22.040000915527344,22.09000015258789,48142,0.0,0.0
2023-01-13 11:30:00-05:00,22.100000381469727,22.1299991607666,21.8700008392334,22.100000381469727,39722,0.0,0.0
2023-01-13 12:30:00-05:00,22.09000015258789,22.135000228881836,22.030000686645508,22.110000610351562,36539,0.0,0.0
2023-01-13 13:30:00-05:00,22.1200008392334,22.239999771118164,22.06999969482422,22.170000076293945,43989,0.0,0.0
2023-01-13 14:30:00-05:00,22.18000030517578,22.25,22.170000076293945,22.25,48642,0.0,0.0
2023-01-13 15:30:00-05:00,22.25,22.290000915527344,22.200000762939453,22.260000228881836,118149,0.0,0.0
2023-01-17 09:30:00-05:00,22.1299991607666,22.459999084472656,21.719999313354492,21.854999542236328,108666,0.0,0.0
2023-01-17 10:30:00-05:00,21.860000610351562,21.959999084472656,21.6299991607666,21.760000228881836,50497,0.0,0.0
2023-01-17 11:30:00-05:00,21.780000686645508,21.850000381469727,21.760000228881836,21.799999237060547,38098,0.0,0.0
2023-01-17 12:30:00-05:00,21.799999237060547,22.049999237060547,21.75189971923828,21.940000534057617,55372,0.0,0.0
2023-01-17 13:30:00-05:00,21.93000030517578,22.010000228881836,21.924999237060547,21.975000381469727,36009,0.0,0.0
2023-01-17 14:30:00-05:00,21.975000381469727,22.010000228881836,21.934999465942383,22.0,79891,0.0,0.0
2023-01-17 15:30:00-05:00,22.0,22.010000228881836,21.790000915527344,21.790000915527344,123510,0.0,0.0
2023-01-18 09:30:00-05:00,22.010000228881836,22.520000457763672,21.899999618530273,22.25,128917,0.0,0.0
2023-01-18 10:30:00-05:00,22.2549991607666,22.264999389648438,21.889999389648438,22.06999969482422,63460,0.0,0.0
2023-01-18 11:30:00-05:00,22.059999465942383,22.239999771118164,22.030000686645508,22.239999771118164,177544,0.0,0.0
2023-01-18 12:30:00-05:00,22.229999542236328,22.360000610351562,22.200000762939453,22.329999923706055,44451,0.0,0.0
2023-01-18 13:30:00-05:00,22.31999969482422,22.424999237060547,22.155000686645508,22.209999084472656,72842,0.0,0.0
2023-01-18 14:30:00-05:00,22.209999084472656,22.31999969482422,22.1299991607666,22.299999237060547,76926,0.0,0.0
2023-01-18 15:30:00-05:00,22.309999465942383,22.399999618530273,22.21500015258789,22.3700008392334,120987,0.0,0.0
2023-01-19 09:30:00-05:00,22.440000534057617,22.775999069213867,22.415000915527344,22.53499984741211,65740,0.0,0.0
2023-01-19 10:30:00-05:00,22.53499984741211,22.809999465942383,22.5,22.725000381469727,84331,0.0,0.0
2023-01-19 11:30:00-05:00,22.725000381469727,22.81999969482422,22.670000076293945,22.780000686645508,59880,0.0,0.0
2023-01-19 12:30:00-05:00,22.780000686645508,22.920000076293945,22.75,22.8700008392334,61591,0.0,0.0
2023-01-19 13:30:00-05:00,22.889999389648438,22.959999084472656,22.670000076293945,22.959999084472656,65584,0.0,0.0
2023-01-19 14:30:00-05:00,22.940000534057617,23.020000457763672,22.829999923706055,22.895000457763672,69407,0.0,0.0
2023-01-19 15:30:00-05:00,22.895000457763672,22.979999542236328,22.850000381469727,22.950000762939453,145679,0.0,0.0
2023-01-20 09:30:00-05:00,21.43000030517578,21.59980010986328,20.510000228881836,20.81999969482422,553168,0.0,0.0
2023-01-20 10:30:00-05:00,20.815000534057617,21.00790023803711,20.6299991607666,20.899999618530273,185554,0.0,0.0
2023-01-20 11:30:00-05:00,20.889999389648438,21.0049991607666,20.739999771118164,20.790000915527344,172934,0.0,0.0
2023-01-20 12:30:00-05:00,20.790000915527344,21.059999465942383,20.760000228881836,21.015199661254883,108537,0.0,0.0
2023-01-20 13:30:00-05:00,21.030000686645508,21.065000534057617,21.0,21.014999389648438,130063,0.0,0.0
2023-01-20 14:30:00-05:00,21.014999389648438,21.079999923706055,20.93000030517578,21.010000228881836,212899,0.0,0.0
2023-01-20 15:30:00-05:00,21.010000228881836,21.174999237060547,21.000999450683594,21.110000610351562,275307,0.0,0.0
2023-01-23 09:30:00-05:00,21.1200008392334,22.190000534057617,21.1200008392334,22.135000228881836,161828,0.0,0.0
2023-01-23 10:30:00-05:00,22.1299991607666,22.15999984741211,21.940000534057617,21.950000762939453,72723,0.0,0.0
2023-01-23 11:30:00-05:00,21.950000762939453,22.125,21.94499969482422,22.125,61711,0.0,0.0
2023-01-23 12:30:00-05:00,22.110000610351562,22.25,22.094999313354492,22.1299991607666,66541,0.0,0.0
2023-01-23 13:30:00-05:00,22.135000228881836,22.200000762939453,22.100000381469727,22.15999984741211,69585,0.0,0.0
2023-01-23 14:30:00-05:00,22.170000076293945,22.28499984741211,22.06999969482422,22.264999389648438,83594,0.0,0.0
2023-01-23 15:30:00-05:00,22.260000228881836,22.510000228881836,22.260000228881836,22.450000762939453,161260,0.0,0.0
2023-01-24 09:30:00-05:00,22.450000762939453,22.53499984741211,22.075000762939453,22.479999542236328,95366,0.0,0.0
2023-01-24 10:30:00-05:00,22.469999313354492,22.469999313354492,22.2549991607666,22.399999618530273,40393,0.0,0.0
2023-01-24 11:30:00-05:00,22.420000076293945,22.530000686645508,22.399999618530273,22.516599655151367,34751,0.0,0.0
2023-01-24 12:30:00-05:00,22.510000228881836,22.520000457763672,22.440000534057617,22.489999771118164,36516,0.0,0.0
2023-01-24 13:30:00-05:00,22.479999542236328,22.510000228881836,22.375,22.3799991607666,39118,0.0,0.0
2023-01-24 14:30:00-05:00,22.3799991607666,22.440000534057617,22.280000686645508,22.309999465942383,39541,0.0,0.0
2023-01-24 15:30:00-05:00,22.309999465942383,22.309999465942383,22.19499969482422,22.25,75682,0.0,0.0
2023-01-25 09:30:00-05:00,22.049999237060547,22.184999465942383,21.735000610351562,22.18000030517578,43154,0.0,0.0
2023-01-25 10:30:00-05:00,22.200000762939453,22.530000686645508,22.15999984741211,22.469999313354492,31688,0.0,0.0
2023-01-25 11:30:00-05:00,22.459999084472656,22.649999618530273,22.420000076293945,22.59000015258789,88101,0.0,0.0
2023-01-25 12:30:00-05:00,22.59000015258789,22.829999923706055,22.489999771118164,22.790000915527344,91387,0.0,0.0
2023-01-25 13:30:00-05:00,22.790000915527344,23.030000686645508,22.75,23.030000686645508,113002,0.0,0.0
2023-01-25 14:30:00-05:00,23.020000457763672,23.020000457763672,22.770000457763672,22.774999618530273,132012,0.0,0.0
2023-01-25 15:30:00-05:00,22.774999618530273,22.8700008392334,22.65999984741211,22.8700008392334,160828,0.0,0.0
2023-01-26 09:30:00-05:00,23.1299991607666,23.260000228881836,22.860000610351562,22.940000534057617,83555,0.0,0.0
2023-01-26 10:30:00-05:00,22.920000076293945,22.989999771118164,22.56999969482422,22.584999084472656,38590,0.0,0.0
2023-01-26 11:30:00-05:00,22.59000015258789,22.75,22.559999465942383,22.684999465942383,30436,0.0,0.0
2023-01-26 12:30:00-05:00,22.690000534057617,22.81999969482422,22.59000015258789,22.645000457763672,26809,0.0,0.0
2023-01-26 13:30:00-05:00,22.65999984741211,22.790000915527344,22.65999984741211,22.75,47792,0.0,0.0
2023-01-26 14:30:00-05:00,22.75,22.969999313354492,22.719999313354492,22.969999313354492,53372,0.0,0.0
2023-01-26 15:30:00-05:00,22.969999313354492,23.110000610351562,22.959999084472656,23.100000381469727,122490,0.0,0.0
2023-01-27 09:30:00-05:00,23.15999984741211,23.389999389648438,22.979999542236328,23.117599487304688,42315,0.0,0.0
2023-01-27 10:30:00-05:00,23.1299991607666,23.315000534057617,23.0,23.200000762939453,39499,0.0,0.0
2023-01-27 11:30:00-05:00,23.209999084472656,23.56999969482422,23.209999084472656,23.459999084472656,118052,0.0,0.0
2023-01-27 12:30:00-05:00,23.459999084472656,23.59000015258789,23.100000381469727,23.549999237060547,234638,0.0,0.0
2023-01-27 13:30:00-05:00,23.610000610351562,23.610000610351562,23.350000381469727,23.350000381469727,72905,0.0,0.0
2023-01-27 14:30:00-05:00,23.34000015258789,23.399999618530273,23.290000915527344,23.389999389648438,54191,0.0,0.0
2023-01-27 15:30:00-05:00,23.3799991607666,23.415000915527344,23.309999465942383,23.360000610351562,148165,0.0,0.0
2023-01-30 09:30:00-05:00,23.190000534057617,23.489999771118164,22.90999984741211,23.209999084472656,43148,0.0,0.0
2023-01-30 10:30:00-05:00,23.209999084472656,23.420000076293945,23.125,23.420000076293945,22141,0.0,0.0
2023-01-30 11:30:00-05:00,23.450000762939453,23.454999923706055,23.290000915527344,23.399999618530273,35839,0.0,0.0
2023-01-30 12:30:00-05:00,23.399999618530273,23.5,23.329999923706055,23.420000076293945,20562,0.0,0.0
2023-01-30 13:30:00-05:00,23.415000915527344,23.5,23.350000381469727,23.450000762939453,28373,0.0,0.0
2023-01-30 14:30:00-05:00,23.450000762939453,23.489999771118164,23.399999618530273,23.405000686645508,46763,0.0,0.0
2023-01-30 15:30:00-05:00,23.405000686645508,23.540000915527344,23.405000686645508,23.459999084472656,69306,0.0,0.0
2023-01-31 09:30:00-05:00,23.610000610351562,23.6200008392334,23.239999771118164,23.489999771118164,0,0.0,0.0
2023-01-31 10:30:00-05:00,23.530000686645508,23.56999969482422,23.395000457763672,23.454999923706055,60293,0.0,0.0
2023-01-31 11:30:00-05:00,23.454999923706055,23.520000457763672,23.3700008392334,23.479999542236328,27161,0.0,0.0
2023-01-31 12:30:00-05:00,23.504100799560547,23.540000915527344,23.464099884033203,23.489999771118164,64571,0.0,0.0
2023-01-31 13:30:00-05:00,23.469999313354492,23.59000015258789,23.459999084472656,23.53499984741211,76651,0.0,0.0
2023-01-31 14:30:00-05:00,23.540000915527344,23.709999084472656,23.524999618530273,23.6200008392334,68766,0.0,0.0
2023-01-31 15:30:00-05:00,23.6200008392334,23.770000457763672,23.6200008392334,23.719999313354492,93066,0.0,0.0
2023-02-01 09:30:00-05:00,23.770000457763672,24.030000686645508,23.639999389648438,23.84000015258789,161708,0.0,0.0
2023-02-01 10:30:00-05:00,23.860000610351562,23.8700008392334,23.399999618530273,23.559999465942383,39009,0.0,0.0
2023-02-01 11:30:00-05:00,23.549999237060547,23.549999237060547,23.40999984741211,23.479999542236328,21934,0.0,0.0
2023-02-01 12:30:00-05:00,23.475000381469727,23.674999237060547,23.454999923706055,23.59000015258789,34056,0.0,0.0
2023-02-01 13:30:00-05:00,23.59000015258789,23.6200008392334,23.399999618530273,23.56999969482422,41016,0.0,0.0
2023-02-01 14:30:00-05:00,23.579999923706055,23.90999984741211,23.459999084472656,23.90999984741211,116172,0.0,0.0
2023-02-01 15:30:00-05:00,23.934999465942383,24.0,23.815000534057617,23.899999618530273,117914,0.0,0.0
2023-02-02 09:30:00-05:00,24.139999389648438,24.969999313354492,23.920000076293945,24.850000381469727,187888,0.0,0.0
2023-02-02 10:30:00-05:00,24.8799991607666,25.229999542236328,24.790000915527344,24.93000030517578,99668,0.0,0.0
2023-02-02 11:30:00-05:00,24.940000534057617,24.979999542236328,24.809999465942383,24.91010093688965,46108,0.0,0.0
2023-02-02 12:30:00-05:00,24.93000030517578,25.020000457763672,24.709999084472656,24.979999542236328,49771,0.0,0.0
2023-02-02 13:30:00-05:00,24.969999313354492,25.065000534057617,24.940000534057617,25.0,69830,0.0,0.0
2023-02-02 14:30:00-05:00,24.990100860595703,25.079999923706055,24.795000076293945,25.079999923706055,69015,0.0,0.0
2023-02-02 15:30:00-05:00,25.100000381469727,25.280000686645508,25.020000457763672,25.229999542236328,132988,0.0,0.0
2023-02-03 09:30:00-05:00,24.6299991607666,25.06999969482422,24.110000610351562,24.700000762939453,104791,0.0,0.0
2023-02-03 10:30:00-05:00,24.690000534057617,24.90999984741211,24.670000076293945,24.729999542236328,39622,0.0,0.0
2023-02-03 11:30:00-05:00,24.670000076293945,24.805500030517578,24.479999542236328,24.6299991607666,26689,0.0,0.0
2023-02-03 12:30:00-05:00,24.6200008392334,24.709999084472656,24.420000076293945,24.5,29959,0.0,0.0
2023-02-03 13:30:00-05:00,24.469999313354492,24.469999313354492,24.209999084472656,24.25,32658,0.0,0.0
2023-02-03 14:30:00-05:00,24.239999771118164,24.389999389648438,24.190000534057617,24.3700008392334,30266,0.0,0.0
2023-02-03 15:30:00-05:00,24.354999542236328,24.549999237060547,24.30500030517578,24.510000228881836,169889,0.0,0.0
2023-02-06 09:30:00-05:00,24.399999618530273,24.530000686645508,24.104999542236328,24.110000610351562,16484,0.0,0.0
2023-02-06 10:30:00-05:00,24.094999313354492,24.290000915527344,24.049999237060547,24.2450008392334,17176,0.0,0.0
2023-02-06 11:30:00-05:00,24.25,24.28499984741211,24.1299991607666,24.225000381469727,28158,0.0,0.0
2023-02-06 12:30:00-05:00,24.229999542236328,24.280000686645508,24.05500030517578,24.059999465942383,23590,0.0,0.0
2023-02-06 13:30:00-05:00,24.059999465942383,24.360000610351562,24.030000686645508,24.290000915527344,32178,0.0,0.0
2023-02-06 14:30:00-05:00,24.28499984741211,24.299999237060547,24.1299991607666,24.219999313354492,32445,0.0,0.0
2023-02-06 15:30:00-05:00,24.200000762939453,24.299999237060547,24.200000762939453,24.299999237060547,46887,0.0,0.0
2023-02-07 09:30:00-05:00,23.1299991607666,23.1299991607666,22.06999969482422,22.125,266851,0.0,0.0
2023-02-07 10:30:00-05:00,22.1299991607666,22.829999923706055,22.059999465942383,22.704999923706055,151628,0.0,0.0
2023-02-07 11:30:00-05:00,22.704999923706055,22.739999771118164,22.479999542236328,22.520000457763672,71874,0.0,0.0
2023-02-07 12:30:00-05:00,22.520000457763672,22.950000762939453,22.520000457763672,22.799999237060547,96953,0.0,0.0
2023-02-07 13:30:00-05:00,22.780000686645508,22.899999618530273,22.479999542236328,22.68000030517578,95874,0.0,0.0
2023-02-07 14:30:00-05:00,22.670000076293945,22.83340072631836,22.639999389648438,22.80500030517578,118030,0.0,0.0
2023-02-07 15:30:00-05:00,22.80500030517578,22.979999542236328,22.770000457763672,22.899999618530273,280577,0.0,0.0
2023-02-08 09:30:00-05:00,23.059999465942383,23.190000534057617,22.899999618530273,23.020000457763672,59899,0.0,0.0
2023-02-08 10:30:00-05:00,23.0,23.05500030517578,22.809999465942383,22.96500015258789,43819,0.0,0.0
2023-02-08 11:30:00-05:00,22.969999313354492,23.079999923706055,22.969999313354492,23.065000534057617,45065,0.0,0.0
2023-02-08 12:30:00-05:00,23.06999969482422,23.139999389648438,23.0,23.079999923706055,51026,0.0,0.0
2023-02-08 13:30:00-05:00,23.079999923706055,23.125,23.0,23.030000686645508,35518,0.0,0.0
2023-02-08 14:30:00-05:00,23.040000915527344,23.09000015258789,22.93000030517578,23.084999084472656,69759,0.0,0.0
2023-02-08 15:30:00-05:00,23.084999084472656,23.15999984741211,23.020000457763672,23.049999237060547,117704,0.0,0.0
2023-02-09 09:30:00-05:00,22.889999389648438,23.229999542236328,22.84000015258789,23.020000457763672,31884,0.0,0.0
2023-02-09 10:30:00-05:00,23.0,23.079999923706055,22.940000534057617,22.954999923706055,33194,0.0,0.0
2023-02-09 11:30:00-05:00,22.947500228881836,23.030000686645508,22.875,22.969999313354492,31751,0.0,0.0
2023-02-09 12:30:00-05:00,22.950000762939453,22.950000762939453,22.797500610351562,22.920000076293945,23971,0.0,0.0
2023-02-09 13:30:00-05:00,22.920000076293945,22.940000534057617,22.549999237060547,22.600000381469727,36547,0.0,0.0
2023-02-09 14:30:00-05:00,22.600000381469727,22.700000762939453,22.530000686645508,22.584999084472656,51487,0.0,0.0
2023-02-09 15:30:00-05:00,22.59000015258789,22.719999313354492,22.59000015258789,22.700000762939453,92178,0.0,0.0
2023-02-10 09:30:00-05:00,22.670000076293945,22.68000030517578,22.34000015258789,22.5,50252,0.0,0.0
2023-02-10 10:30:00-05:00,22.510000228881836,22.739999771118164,22.479999542236328,22.709999084472656,45973,0.0,0.0
2023-02-10 11:30:00-05:00,22.690000534057617,22.760000228881836,22.600000381469727,22.735000610351562,40635,0.0,0.0
2023-02-10 12:30:00-05:00,22.75,22.979999542236328,22.709999084472656,22.950000762939453,31320,0.0,0.0
2023-02-10 13:30:00-05:00,22.940000534057617,22.969999313354492,22.788000106811523,22.790000915527344,23763,0.0,0.0
2023-02-10 14:30:00-05:00,22.780000686645508,22.860000610351562,22.75,22.850000381469727,35861,0.0,0.0
2023-02-10 15:30:00-05:00,22.850000381469727,22.90999984741211,22.770000457763672,22.889999389648438,96553,0.0,0.0
2023-02-13 09:30:00-05:00,23.010000228881836,23.25,22.8799991607666,23.0049991607666,30606,0.0,0.0
2023-02-13 10:30:00-05:00,23.049999237060547,23.299999237060547,22.989999771118164,23.239999771118164,48379,0.0,0.0
2023-02-13 11:30:00-05:00,23.230899810791016,23.559999465942383,23.229999542236328,23.514999389648438,87968,0.0,0.0
2023-02-13 12:30:00-05:00,23.489999771118164,23.658000946044922,23.31999969482422,23.59000015258789,66162,0.0,0.0
2023-02-13 13:30:00-05:00,23.600000381469727,23.600000381469727,23.385000228881836,23.385000228881836,29274,0.0,0.0
2023-02-13 14:30:00-05:00,23.354999542236328,23.40999984741211,23.18000030517578,23.270000457763672,43444,0.0,0.0
2023-02-13 15:30:00-05:00,23.260000228881836,23.40999984741211,23.25,23.40999984741211,69069,0.0,0.0
2023-02-14 09:30:00-05:00,23.329999923706055,23.549999237060547,23.020000457763672,23.229999542236328,28189,0.0,0.0
2023-02-14 10:30:00-05:00,23.190000534057617,23.329999923706055,22.969999313354492,23.200000762939453,30482,0.0,0.0
2023-02-14 11:30:00-05:00,23.18000030517578,23.270000457763672,22.885000228881836,22.920000076293945,39270,0.0,0.0
2023-02-14 12:30:00-05:00,22.93000030517578,23.09000015258789,22.899999618530273,23.05900001525879,45911,0.0,0.0
2023-02-14 13:30:00-05:00,23.040000915527344,23.079999923706055,22.93000030517578,23.0,30256,0.0,0.0
2023-02-14 14:30:00-05:00,23.010000228881836,23.209999084472656,23.010000228881836,23.184999465942383,31461,0.0,0.0
2023-02-14 15:30:00-05:00,23.170000076293945,23.34000015258789,23.170000076293945,23.329999923706055,57674,0.0,0.0
2023-02-15 09:30:00-05:00,23.270000457763672,23.459999084472656,23.139999389648438,23.149999618530273,86848,0.0,0.0
2023-02-15 10:30:00-05:00,23.149999618530273,23.600000381469727,23.09000015258789,23.5,154207,0.0,0.0
2023-02-15 11:30:00-05:00,23.5,23.540000915527344,23.399999618530273,23.43000030517578,72181,0.0,0.0
2023-02-15 12:30:00-05:00,23.43000030517578,23.610000610351562,23.399999618530273,23.520000457763672,47080,0.0,0.0
2023-02-15 13:30:00-05:00,23.520000457763672,23.6299991607666,23.475000381469727,23.530000686645508,35151,0.0,0.0
2023-02-15 14:30:00-05:00,23.53499984741211,23.655000686645508,23.510000228881836,23.639999389648438,79451,0.0,0.0
2023-02-15 15:30:00-05:00,23.649999618530273,23.760000228881836,23.6299991607666,23.725000381469727,91525,0.0,0.0
2023-02-16 09:30:00-05:00,23.399999618530273,23.81999969482422,23.300100326538086,23.739999771118164,65946,0.0,0.0
2023-02-16 10:30:00-05:00,23.75,24.049999237060547,23.709999084472656,23.735000610351562,65649,0.0,0.0
2023-02-16 11:30:00-05:00,23.735000610351562,23.809999465942383,23.579999923706055,23.610000610351562,42747,0.0,0.0
2023-02-16 12:30:00-05:00,23.6200008392334,23.739999771118164,23.549999237060547,23.59000015258789,43876,0.0,0.0
2023-02-16 13:30:00-05:00,23.595699310302734,23.6299991607666,23.469999313354492,23.540000915527344,53629,0.0,0.0
2023-02-16 14:30:00-05:00,23.540000915527344,23.600000381469727,23.209999084472656,23.25,88757,0.0,0.0
2023-02-16 15:30:00-05:00,23.235000610351562,23.290000915527344,23.18000030517578,23.25,136809,0.0,0.0
2023-02-17 09:30:00-05:00,23.1200008392334,23.209999084472656,22.649999618530273,23.209999084472656,95215,0.0,0.0
2023-02-17 10:30:00-05:00,23.209999084472656,23.290000915527344,22.875,22.875,52701,0.0,0.0
2023-02-17 11:30:00-05:00,22.861000061035156,23.190000534057617,22.790000915527344,23.100000381469727,37521,0.0,0.0
2023-02-17 12:30:00-05:00,23.079999923706055,23.079999923706055,22.860000610351562,22.98200035095215,38077,0.0,0.0
2023-02-17 13:30:00-05:00,22.979999542236328,23.110000610351562,22.969999313354492,23.100000381469727,24517,0.0,0.0
2023-02-17 14:30:00-05:00,23.100000381469727,23.25,23.079999923706055,23.155000686645508,43707,0.0,0.0
2023-02-17 15:30:00-05:00,23.15999984741211,23.329999923706055,23.15999984741211,23.190000534057617,91100,0.0,0.0
2023-02-21 09:30:00-05:00,22.959999084472656,23.1299991607666,22.670000076293945,23.05340003967285,103245,0.0,0.0
2023-02-21 10:30:00-05:00,23.1200008392334,23.1299991607666,22.90999984741211,23.110000610351562,42598,0.0,0.0
2023-02-21 11:30:00-05:00,23.1200008392334,23.239999771118164,23.079999923706055,23.200000762939453,32492,0.0,0.0
2023-02-21 12:30:00-05:00,23.190000534057617,23.389999389648438,23.15999984741211,23.34910011291504,41188,0.0,0.0
2023-02-21 13:30:00-05:00,23.34000015258789,23.420000076293945,23.299999237060547,23.399999618530273,44465,0.0,0.0
2023-02-21 14:30:00-05:00,23.389999389648438,23.510000228881836,23.354999542236328,23.420000076293945,54371,0.0,0.0
2023-02-21 15:30:00-05:00,23.420000076293945,23.459999084472656,23.280000686645508,23.309999465942383,98802,0.0,0.0
2023-02-22 09:30:00-05:00,24.049999237060547,24.469999313354492,23.959999084472656,24.049999237060547,176584,0.0,0.0
2023-02-22 10:30:00-05:00,24.0,24.25,23.952199935913086,24.18000030517578,46723,0.0,0.0
2023-02-22 11:30:00-05:00,24.170000076293945,24.200000762939453,23.809999465942383,23.889999389648438,62791,0.0,0.0
2023-02-22 12:30:00-05:00,23.889999389648438,23.989999771118164,23.84000015258789,23.989999771118164,44714,0.0,0.0
2023-02-22 13:30:00-05:00,24.0,24.15999984741211,23.959999084472656,24.100000381469727,108034,0.0,0.0
2023-02-22 14:30:00-05:00,24.09000015258789,24.139999389648438,23.950000762939453,24.09000015258789,57842,0.0,0.0
2023-02-22 15:30:00-05:00,24.040000915527344,24.059999465942383,23.93000030517578,23.959999084472656,86771,0.0,0.0
2023-02-23 09:30:00-05:00,24.06999969482422,24.079999923706055,23.825000762939453,23.825000762939453,31899,0.0,0.0
2023-02-23 10:30:00-05:00,23.799999237060547,23.940000534057617,23.6299991607666,23.780000686645508,53396,0.0,0.0
2023-02-23 11:30:00-05:00,23.780000686645508,23.799999237060547,23.648000717163086,23.799999237060547,23103,0.0,0.0
2023-02-23 12:30:00-05:00,23.790000915527344,23.809999465942383,23.684999465942383,23.799999237060547,29471,0.0,0.0
2023-02-23 13:30:00-05:00,23.819900512695312,23.969999313354492,23.774999618530273,23.920000076293945,33268,0.0,0.0
2023-02-23 14:30:00-05:00,23.93000030517578,24.010000228881836,23.8799991607666,23.989999771118164,67464,0.0,0.0
2023-02-23 15:30:00-05:00,23.989999771118164,24.100000381469727,23.985000610351562,24.06999969482422,82908,0.0,0.0
2023-02-24 09:30:00-05:00,23.68000030517578,23.81999969482422,23.459999084472656,23.540000915527344,45291,0.0,0.0
2023-02-24 10:30:00-05:00,23.55769920349121,23.670000076293945,23.440000534057617,23.53499984741211,134447,0.0,0.0
2023-02-24 11:30:00-05:00,23.530000686645508,23.579999923706055,23.358999252319336,23.360000610351562,44972,0.0,0.0
2023-02-24 12:30:00-05:00,23.360000610351562,23.520000457763672,23.299999237060547,23.3799991607666,60128,0.0,0.0
2023-02-24 13:30:00-05:00,23.3799991607666,23.3799991607666,23.1299991607666,23.1299991607666,50147,0.0,0.0
2023-02-24 14:30:00-05:00,23.110000610351562,23.28499984741211,23.065000534057617,23.1299991607666,68981,0.0,0.0
2023-02-24 15:30:00-05:00,23.100000381469727,23.100000381469727,22.94499969482422,23.059999465942383,115911,0.0,0.0
2023-02-27 09:30:00-05:00,23.260000228881836,23.559999465942383,23.110000610351562,23.40999984741211,32683,0.0,0.0
2023-02-27 10:30:00-05:00,23.3799991607666,23.44499969482422,23.280000686645508,23.360000610351562,30017,0.0,0.0
2023-02-27 11:30:00-05:00,23.360000610351562,23.40999984741211,23.274999618530273,23.329999923706055,30779,0.0,0.0
2023-02-27 12:30:00-05:00,23.3439998626709,23.3700008392334,23.270000457763672,23.34000015258789,24605,0.0,0.0
2023-02-27 13:30:00-05:00,23.31999969482422,23.40999984741211,23.290000915527344,23.385000228881836,32692,0.0,0.0
2023-02-27 14:30:00-05:00,23.3799991607666,23.399999618530273,23.268999099731445,23.347999572753906,32121,0.0,0.0
2023-02-27 15:30:00-05:00,23.329999923706055,23.34000015258789,23.219999313354492,23.25,60903,0.0,0.0
2023-02-28 09:30:00-05:00,23.100000381469727,23.559999465942383,23.100000381469727,23.40999984741211,26696,0.0,0.0
2023-02-28 10:30:00-05:00,23.40999984741211,23.459999084472656,23.329999923706055,23.399999618530273,39298,0.0,0.0
2023-02-28 11:30:00-05:00,23.40999984741211,23.40999984741211,23.260000228881836,23.34000015258789,24741,0.0,0.0
2023-02-28 12:30:00-05:00,23.299999237060547,23.389999389648438,23.270000457763672,23.3799991607666,19975,0.0,0.0
2023-02-28 13:30:00-05:00,23.3799991607666,23.440000534057617,23.31999969482422,23.434999465942383,34501,0.0,0.0
2023-02-28 14:30:00-05:00,23.434999465942383,23.479999542236328,23.389999389648438,23.399999618530273,41301,0.0,0.0
2023-02-28 15:30:00-05:00,23.399999618530273,23.469999313354492,23.329999923706055,23.40999984741211,78193,0.0,0.0
2023-03-01 09:30:00-05:00,23.190000534057617,23.43000030517578,23.149999618530273,23.280000686645508,22976,0.0,0.0
2023-03-01 10:30:00-05:00,23.270000457763672,23.329999923706055,23.126100540161133,23.219999313354492,33735,0.0,0.0
2023-03-01 11:30:00-05:00,23.209999084472656,23.350000381469727,23.135000228881836,23.190000534057617,39672,0.0,0.0
2023-03-01 12:30:00-05:00,23.149999618530273,23.219999313354492,23.1200008392334,23.190000534057617,23259,0.0,0.0
2023-03-01 13:30:00-05:00,23.190000534057617,23.235000610351562,23.110000610351562,23.135000228881836,26763,0.0,0.0
2023-03-01 14:30:00-05:00,23.139999389648438,23.200000762939453,23.084999084472656,23.100000381469727,35081,0.0,0.0
2023-03-01 15:30:00-05:00,23.100000381469727,23.209999084472656,23.100000381469727,23.18000030517578,61984,0.0,0.0
2023-03-02 09:30:00-05:00,22.93000030517578,23.06999969482422,22.729999542236328,23.059999465942383,34836,0.0,0.0
2023-03-02 10:30:00-05:00,23.054100036621094,23.100000381469727,22.8700008392334,22.90999984741211,23239,0.0,0.0
2023-03-02 11:30:00-05:00,22.920000076293945,23.045000076293945,22.920000076293945,23.0,70095,0.0,0.0
2023-03-02 12:30:00-05:00,23.0,23.045000076293945,22.924999237060547,22.93000030517578,19321,0.0,0.0
2023-03-02 13:30:00-05:00,22.915000915527344,23.15999984741211,22.915000915527344,23.15999984741211,53919,0.0,0.0
2023-03-02 14:30:00-05:00,23.15999984741211,23.260000228881836,23.149999618530273,23.25,46548,0.0,0.0
2023-03-02 15:30:00-05:00,23.260000228881836,23.434999465942383,23.260000228881836,23.40999984741211,76623,0.0,0.0
2023-03-03 09:30:00-05:00,23.40999984741211,23.809999465942383,23.309999465942383,23.780000686645508,53937,0.0,0.0
2023-03-03 10:30:00-05:00,23.80500030517578,23.969999313354492,23.729999542236328,23.815000534057617,44463,0.0,0.0
2023-03-03 11:30:00-05:00,23.81999969482422,23.950000762939453,23.809999465942383,23.936800003051758,28935,0.0,0.0
2023-03-03 12:30:00-05:00,23.93000030517578,23.985000610351562,23.850000381469727,23.969999313354492,33965,0.0,0.0
2023-03-03 13:30:00-05:00,23.979999542236328,24.0049991607666,23.829999923706055,23.90999984741211,36158,0.0,0.0
2023-03-03 14:30:00-05:00,23.889999389648438,23.90999984741211,23.75,23.795000076293945,41234,0.0,0.0
2023-03-03 15:30:00-05:00,23.790000915527344,23.93000030517578,23.790000915527344,23.899999618530273,59461,0.0,0.0
2023-03-06 09:30:00-05:00,24.299999237060547,24.959999084472656,24.09000015258789,24.290000915527344,360565,0.0,0.0
2023-03-06 10:30:00-05:00,24.295000076293945,24.3799991607666,24.219999313354492,24.235000610351562,90818,0.0,0.0
2023-03-06 11:30:00-05:00,24.239999771118164,24.299999237060547,24.170000076293945,24.29129981994629,66621,0.0,0.0
2023-03-06 12:30:00-05:00,24.280000686645508,24.364999771118164,24.139999389648438,24.18000030517578,72468,0.0,0.0
2023-03-06 13:30:00-05:00,24.170000076293945,24.31999969482422,24.079999923706055,24.290000915527344,85351,0.0,0.0
2023-03-06 14:30:00-05:00,24.295000076293945,24.295000076293945,24.08049964904785,24.197999954223633,77921,0.0,0.0
2023-03-06 15:30:00-05:00,24.200000762939453,24.209999084472656,23.989999771118164,24.040000915527344,209595,0.0,0.0
2023-03-07 09:30:00-05:00,26.1299991607666,26.84000015258789,25.5,26.399999618530273,1036193,0.0,0.0
2023-03-07 10:30:00-05:00,26.399999618530273,27.010000228881836,26.239999771118164,26.670000076293945,574190,0.0,0.0
2023-03-07 11:30:00-05:00,26.670000076293945,27.25,26.6299991607666,27.174999237060547,347673,0.0,0.0
2023-03-07 12:30:00-05:00,27.20989990234375,27.579999923706055,27.020000457763672,27.354999542236328,268193,0.0,0.0
2023-03-07 13:30:00-05:00,27.354999542236328,27.950000762939453,27.34000015258789,27.719999313354492,336234,0.0,0.0
2023-03-07 14:30:00-05:00,27.75,27.829999923706055,27.540000915527344,27.729999542236328,336422,0.0,0.0
2023-03-07 15:30:00-05:00,27.719999313354492,27.75,27.420000076293945,27.540000915527344,389679,0.0,0.0
2023-03-08 09:30:00-05:00,26.979999542236328,27.829999923706055,26.40999984741211,26.969999313354492,367934,0.0,0.0
2023-03-08 10:30:00-05:00,26.969999313354492,27.479999542236328,26.8700008392334,27.389999389648438,183977,0.0,0.0
2023-03-08 11:30:00-05:00,27.405000686645508,27.405000686645508,26.809999465942383,26.950000762939453,179966,0.0,0.0
2023-03-08 12:30:00-05:00,26.940000534057617,27.05500030517578,26.81999969482422,26.860000610351562,95662,0.0,0.0
2023-03-08 13:30:00-05:00,26.8799991607666,27.110000610351562,26.875,26.96500015258789,99795,0.0,0.0
2023-03-08 14:30:00-05:00,26.969999313354492,27.049999237060547,26.860000610351562,26.975000381469727,155035,0.0,0.0
2023-03-08 15:30:00-05:00,26.979999542236328,27.270000457763672,26.959999084472656,27.25,270608,0.0,0.0
2023-03-09 09:30:00-05:00,27.40999984741211,27.40999984741211,26.200000762939453,27.139999389648438,277329,0.0,0.0
2023-03-09 10:30:00-05:00,27.13010025024414,27.454999923706055,27.100000381469727,27.209999084472656,147294,0.0,0.0
2023-03-09 11:30:00-05:00,27.225000381469727,27.2450008392334,27.065000534057617,27.200000762939453,94136,0.0,0.0
2023-03-09 12:30:00-05:00,27.209999084472656,27.224300384521484,27.065000534057617,27.079999923706055,86640,0.0,0.0
2023-03-09 13:30:00-05:00,27.06999969482422,27.104999542236328,26.899999618530273,26.96500015258789,87717,0.0,0.0
2023-03-09 14:30:00-05:00,26.959999084472656,27.06999969482422,26.683000564575195,26.735000610351562,131568,0.0,0.0
2023-03-09 15:30:00-05:00,26.729999542236328,26.93000030517578,26.719999313354492,26.790000915527344,183811,0.0,0.0
2023-03-10 09:30:00-05:00,26.719999313354492,26.719999313354492,25.780099868774414,26.290000915527344,139227,0.0,0.0
2023-03-10 10:30:00-05:00,26.31999969482422,26.979999542236328,26.229999542236328,26.93000030517578,100474,0.0,0.0
2023-03-10 11:30:00-05:00,26.90999984741211,27.051000595092773,26.780000686645508,26.799999237060547,83447,0.0,0.0
2023-03-10 12:30:00-05:00,26.829999923706055,27.0,26.399999618530273,26.450000762939453,91972,0.0,0.0
2023-03-10 13:30:00-05:00,26.420000076293945,26.440000534057617,25.809999465942383,26.239999771118164,203073,0.0,0.0
2023-03-10 14:30:00-05:00,26.270000457763672,26.429000854492188,26.149999618530273,26.399999618530273,86562,0.0,0.0
2023-03-10 15:30:00-05:00,26.399999618530273,26.5,26.329999923706055,26.329999923706055,121392,0.0,0.0
2023-03-13 09:30:00-04:00,25.989999771118164,26.709999084472656,25.780000686645508,26.479999542236328,146517,0.0,0.0
2023-03-13 10:30:00-04:00,26.5,26.719999313354492,26.299999237060547,26.59000015258789,132671,0.0,0.0
2023-03-13 11:30:00-04:00,26.549999237060547,26.600000381469727,26.270000457763672,26.280000686645508,98986,0.0,0.0
2023-03-13 12:30:00-04:00,26.260000228881836,26.440000534057617,26.1200008392334,26.3700008392334,45439,0.0,0.0
2023-03-13 13:30:00-04:00,26.3799991607666,26.559999465942383,26.290000915527344,26.479999542236328,66271,0.0,0.0
2023-03-13 14:30:00-04:00,26.479999542236328,26.538999557495117,26.389999389648438,26.440000534057617,79081,0.0,0.0
2023-03-13 15:30:00-04:00,26.440000534057617,26.56999969482422,26.364999771118164,26.450000762939453,124665,0.0,0.0
2023-03-14 09:30:00-04:00,26.940000534057617,27.190000534057617,26.450000762939453,26.954999923706055,112834,0.0,0.0
2023-03-14 10:30:00-04:00,26.954999923706055,26.969999313354492,26.649999618530273,26.730100631713867,66249,0.0,0.0
2023-03-14 11:30:00-04:00,26.75,26.790000915527344,26.510000228881836,26.510000228881836,87671,0.0,0.0
2023-03-14 12:30:00-04:00,26.510000228881836,26.674999237060547,26.510000228881836,26.575000762939453,98557,0.0,0.0
2023-03-14 13:30:00-04:00,26.575000762939453,26.850000381469727,26.520000457763672,26.760000228881836,124878,0.0,0.0
2023-03-14 14:30:00-04:00,26.719999313354492,26.959999084472656,26.690000534057617,26.940000534057617,124993,0.0,0.0
2023-03-14 15:30:00-04:00,26.93000030517578,27.020000457763672,26.8799991607666,27.0,352287,0.0,0.0
2023-03-15 09:30:00-04:00,26.8799991607666,26.8799991607666,26.450000762939453,26.7549991607666,107515,0.0,0.0
2023-03-15 10:30:00-04:00,26.760000228881836,26.799999237060547,26.700000762939453,26.760000228881836,102908,0.0,0.0
2023-03-15 11:30:00-04:00,26.760000228881836,26.950000762939453,26.75,26.860000610351562,74951,0.0,0.0
2023-03-15 12:30:00-04:00,26.860000610351562,26.979999542236328,26.799999237060547,26.93000030517578,73904,0.0,0.0
2023-03-15 13:30:00-04:00,26.940000534057617,27.040000915527344,26.760000228881836,27.0,91995,0.0,0.0
2023-03-15 14:30:00-04:00,27.0,27.059999465942383,26.920000076293945,26.99970054626465,134768,0.0,0.0
2023-03-15 15:30:00-04:00,26.989999771118164,27.170000076293945,26.959999084472656,27.110000610351562,166572,0.0,0.0
2023-03-16 09:30:00-04:00,27.190000534057617,27.31999969482422,26.969999313354492,27.250999450683594,101617,0.0,0.0
2023-03-16 10:30:00-04:00,27.239999771118164,27.360000610351562,27.219999313354492,27.25,107873,0.0,0.0
2023-03-16 11:30:00-04:00,27.260000228881836,27.354999542236328,27.079999923706055,27.09600067138672,68895,0.0,0.0
2023-03-16 12:30:00-04:00,27.100000381469727,27.25,27.100000381469727,27.219999313354492,76863,0.0,0.0
2023-03-16 13:30:00-04:00,27.219999313354492,27.270000457763672,27.190000534057617,27.260000228881836,128746,0.0,0.0
2023-03-16 14:30:00-04:00,27.264999389648438,27.709999084472656,27.190000534057617,27.600000381469727,228105,0.0,0.0
2023-03-16 15:30:00-04:00,27.579999923706055,27.670000076293945,27.459999084472656,27.520000457763672,212450,0.0,0.0
2023-03-17 09:30:00-04:00,27.299999237060547,27.34000015258789,26.854999542236328,27.219999313354492,209257,0.0,0.0
2023-03-17 10:30:00-04:00,27.239999771118164,27.610000610351562,27.190000534057617,27.450000762939453,106246,0.0,0.0
2023-03-17 11:30:00-04:00,27.440000534057617,27.829999923706055,27.440000534057617,27.80500030517578,172491,0.0,0.0
2023-03-17 12:30:00-04:00,27.790000915527344,27.809999465942383,27.4950008392334,27.65999984741211,110090,0.0,0.0
2023-03-17 13:30:00-04:00,27.649999618530273,27.770000457763672,27.549999237060547,27.59000015258789,77304,0.0,0.0
2023-03-17 14:30:00-04:00,27.600000381469727,28.139999389648438,27.59000015258789,27.969999313354492,228223,0.0,0.0
2023-03-17 15:30:00-04:00,27.94499969482422,28.019899368286133,27.860000610351562,27.90999984741211,266931,0.0,0.0
2023-03-20 09:30:00-04:00,27.709999084472656,27.81999969482422,27.402000427246094,27.790000915527344,59111,0.0,0.0
2023-03-20 10:30:00-04:00,27.809999465942383,27.809999465942383,27.469999313354492,27.579999923706055,41406,0.0,0.0
2023-03-20 11:30:00-04:00,27.575000762939453,27.575000762939453,27.219999313354492,27.469999313354492,49233,0.0,0.0
2023-03-20 12:30:00-04:00,27.469999313354492,27.610000610351562,27.46500015258789,27.510000228881836,40632,0.0,0.0
2023-03-20 13:30:00-04:00,27.5,27.795000076293945,27.450000762939453,27.719999313354492,46412,0.0,0.0
2023-03-20 14:30:00-04:00,27.690099716186523,28.11989974975586,27.690099716186523,28.049999237060547,73379,0.0,0.0
2023-03-20 15:30:00-04:00,28.049999237060547,28.15999984741211,28.0,28.020000457763672,142811,0.0,0.0
2023-03-21 09:30:00-04:00,28.350000381469727,28.610000610351562,28.200000762939453,28.559999465942383,89358,0.0,0.0
2023-03-21 10:30:00-04:00,28.59000015258789,28.8700008392334,28.440000534057617,28.8700008392334,70674,0.0,0.0
2023-03-21 11:30:00-04:00,28.878000259399414,28.899999618530273,28.6200008392334,28.700000762939453,112397,0.0,0.0
2023-03-21 12:30:00-04:00,28.71500015258789,28.790000915527344,28.489999771118164,28.559999465942383,97137,0.0,0.0
2023-03-21 13:30:00-04:00,28.579999923706055,28.649999618530273,28.440000534057617,28.639999389648438,86597,0.0,0.0
2023-03-21 14:30:00-04:00,28.649999618530273,28.700000762939453,28.5,28.594999313354492,101344,0.0,0.0
2023-03-21 15:30:00-04:00,28.594999313354492,28.780000686645508,28.584999084472656,28.6200008392334,118328,0.0,0.0
2023-03-22 09:30:00-04:00,28.65999984741211,29.06999969482422,28.3700008392334,29.06999969482422,71480,0.0,0.0
2023-03-22 10:30:00-04:00,29.06999969482422,29.079999923706055,28.799999237060547,28.969999313354492,97637,0.0,0.0
2023-03-22 11:30:00-04:00,28.969999313354492,29.149999618530273,28.899999618530273,28.915000915527344,80170,0.0,0.0
2023-03-22 12:30:00-04:00,28.920000076293945,29.170000076293945,28.889999389648438,29.149999618530273,50756,0.0,0.0
2023-03-22 13:30:00-04:00,29.165000915527344,29.389999389648438,29.084999084472656,29.302200317382812,75592,0.0,0.0
2023-03-22 14:30:00-04:00,29.329999923706055,29.5,29.030000686645508,29.3799991607666,107412,0.0,0.0
2023-03-22 15:30:00-04:00,29.354999542236328,29.3700008392334,29.079999923706055,29.100000381469727,142355,0.0,0.0
2023-03-23 09:30:00-04:00,29.459999084472656,29.799999237060547,29.280000686645508,29.780000686645508,83002,0.0,0.0
2023-03-23 10:30:00-04:00,29.774999618530273,29.969999313354492,29.579999923706055,29.84000015258789,94353,0.0,0.0
2023-03-23 11:30:00-04:00,29.850000381469727,30.0,29.780000686645508,29.969999313354492,72734,0.0,0.0
2023-03-23 12:30:00-04:00,29.979999542236328,30.0,29.809999465942383,29.84000015258789,73163,0.0,0.0
2023-03-23 13:30:00-04:00,29.81999969482422,30.0049991607666,29.81999969482422,29.899999618530273,85894,0.0,0.0
2023-03-23 14:30:00-04:00,29.889999389648438,30.158000946044922,29.790000915527344,30.125,142645,0.0,0.0
2023-03-23 15:30:00-04:00,30.110000610351562,30.260000228881836,30.020000457763672,30.030000686645508,180993,0.0,0.0
2023-03-24 09:30:00-04:00,30.219999313354492,30.36989974975586,29.889999389648438,30.094999313354492,103657,0.0,0.0
2023-03-24 10:30:00-04:00,30.100000381469727,30.1200008392334,29.709999084472656,29.75,95522,0.0,0.0
2023-03-24 11:30:00-04:00,29.764999389648438,30.075000762939453,29.764999389648438,29.80500030517578,81506,0.0,0.0
2023-03-24 12:30:00-04:00,29.809999465942383,30.219999313354492,29.809999465942383,30.15999984741211,68640,0.0,0.0
2023-03-24 13:30:00-04:00,30.170000076293945,30.25,29.940000534057617,29.969999313354492,87219,0.0,0.0
2023-03-24 14:30:00-04:00,29.969999313354492,30.059999465942383,29.790000915527344,30.040000915527344,104585,0.0,0.0
2023-03-24 15:30:00-04:00,30.040000915527344,30.05500030517578,29.8799991607666,30.010000228881836,140218,0.0,0.0
2023-03-27 09:30:00-04:00,30.049999237060547,30.41900062561035,29.989999771118164,30.110000610351562,75462,0.0,0.0
2023-03-27 10:30:00-04:00,30.09000015258789,30.329999923706055,30.049999237060547,30.2450008392334,57512,0.0,0.0
2023-03-27 11:30:00-04:00,30.2450008392334,30.3799991607666,30.190000534057617,30.290000915527344,50994,0.0,0.0
2023-03-27 12:30:00-04:00,30.299999237060547,30.399999618530273,30.229999542236328,30.360000610351562,58705,0.0,0.0
2023-03-27 13:30:00-04:00,30.360000610351562,30.760000228881836,30.354999542236328,30.719999313354492,60443,0.0,0.0
2023-03-27 14:30:00-04:00,30.719999313354492,30.729999542236328,30.59000015258789,30.684999465942383,64246,0.0,0.0
2023-03-27 15:30:00-04:00,30.684999465942383,30.739999771118164,30.5,30.549999237060547,115772,0.0,0.0
2023-03-28 09:30:00-04:00,30.479999542236328,30.735000610351562,30.1299991607666,30.579999923706055,79902,0.0,0.0
2023-03-28 10:30:00-04:00,30.600000381469727,30.71500015258789,30.510000228881836,30.700000762939453,57609,0.0,0.0
2023-03-28 11:30:00-04:00,30.68000030517578,30.709999084472656,30.6200008392334,30.700000762939453,44496,0.0,0.0
2023-03-28 12:30:00-04:00,30.690000534057617,30.690000534057617,30.475000381469727,30.520000457763672,44025,0.0,0.0
2023-03-28 13:30:00-04:00,30.510000228881836,30.565000534057617,30.43000030517578,30.520000457763672,45582,0.0,0.0
2023-03-28 14:30:00-04:00,30.524999618530273,30.600000381469727,30.510000228881836,30.53499984741211,50922,0.0,0.0
2023-03-28 15:30:00-04:00,30.53499984741211,30.670000076293945,30.510000228881836,30.65999984741211,104237,0.0,0.0
2023-03-29 09:30:00-04:00,30.8799991607666,31.15999984741211,30.799999237060547,30.84000015258789,51279,0.0,0.0
2023-03-29 10:30:00-04:00,30.825000762939453,30.940000534057617,30.68000030517578,30.90999984741211,73081,0.0,0.0
2023-03-29 11:30:00-04:00,30.895000457763672,30.920000076293945,30.81999969482422,30.899999618530273,52379,0.0,0.0
2023-03-29 12:30:00-04:00,30.8799991607666,30.899999618530273,30.670000076293945,30.78499984741211,37398,0.0,0.0
2023-03-29 13:30:00-04:00,30.78499984741211,30.78499984741211,30.65999984741211,30.719999313354492,56272,0.0,0.0
2023-03-29 14:30:00-04:00,30.700000762939453,30.770000457763672,30.649999618530273,30.71500015258789,73799,0.0,0.0
2023-03-29 15:30:00-04:00,30.71500015258789,30.84000015258789,30.700000762939453,30.81999969482422,104740,0.0,0.0
2023-03-30 09:30:00-04:00,31.040000915527344,31.30500030517578,30.889999389648438,31.075000762939453,35514,0.0,0.0
2023-03-30 10:30:00-04:00,31.075000762939453,31.110000610351562,30.950000762939453,31.049999237060547,48500,0.0,0.0
2023-03-30 11:30:00-04:00,31.040000915527344,31.1299991607666,31.030000686645508,31.1200008392334,32172,0.0,0.0
2023-03-30 12:30:00-04:00,31.114999771118164,31.209999084472656,31.05500030517578,31.209999084472656,39532,0.0,0.0
2023-03-30 13:30:00-04:00,31.209999084472656,31.360000610351562,31.190000534057617,31.290000915527344,40159,0.0,0.0
2023-03-30 14:30:00-04:00,31.270000457763672,31.270000457763672,31.145000457763672,31.18000030517578,39040,0.0,0.0
2023-03-30 15:30:00-04:00,31.190000534057617,31.200000762939453,31.1299991607666,31.18000030517578,74345,0.0,0.0
2023-03-31 09:30:00-04:00,31.350000381469727,31.579999923706055,31.25,31.479999542236328,94902,0.0,0.0
2023-03-31 10:30:00-04:00,31.485000610351562,31.540000915527344,31.454999923706055,31.489999771118164,58393,0.0,0.0
2023-03-31 11:30:00-04:00,31.479999542236328,31.709999084472656,31.459999084472656,31.649999618530273,48412,0.0,0.0
2023-03-31 12:30:00-04:00,31.68000030517578,31.68000030517578,31.5,31.639999389648438,30895,0.0,0.0
2023-03-31 13:30:00-04:00,31.635000228881836,31.700000762939453,31.530000686645508,31.6299991607666,32434,0.0,0.0
2023-03-31 14:30:00-04:00,31.610000610351562,31.709999084472656,31.600000381469727,31.68000030517578,57949,0.0,0.0
2023-03-31 15:30:00-04:00,31.68000030517578,31.770000457763672,31.56999969482422,31.770000457763672,153899,0.0,0.0
2023-04-03 09:30:00-04:00,31.559999465942383,31.84000015258789,31.344999313354492,31.774999618530273,61612,0.0,0.0
2023-04-03 10:30:00-04:00,31.780000686645508,31.84000015258789,31.360000610351562,31.649999618530273,76275,0.0,0.0
2023-04-03 11:30:00-04:00,31.649999618530273,31.790000915527344,31.579999923706055,31.780000686645508,54581,0.0,0.0
2023-04-03 12:30:00-04:00,31.75,31.860000610351562,31.739999771118164,31.75,31313,0.0,0.0
2023-04-03 13:30:00-04:00,31.75,31.84000015258789,31.71500015258789,31.71500015258789,28455,0.0,0.0
2023-04-03 14:30:00-04:00,31.719999313354492,31.979999542236328,31.670000076293945,31.922800064086914,47379,0.0,0.0
2023-04-03 15:30:00-04:00,31.924999237060547,31.924999237060547,31.760000228881836,31.770000457763672,100517,0.0,0.0
2023-04-04 09:30:00-04:00,31.780000686645508,32.404998779296875,31.65999984741211,32.38999938964844,103968,0.0,0.0
2023-04-04 10:30:00-04:00,32.439998626708984,33.04999923706055,32.439998626708984,32.88999938964844,216789,0.0,0.0
2023-04-04 11:30:00-04:00,32.93000030517578,33.029998779296875,32.79999923706055,32.88999938964844,72079,0.0,0.0
2023-04-04 12:30:00-04:00,32.88999938964844,32.970001220703125,32.86000061035156,32.970001220703125,80506,0.0,0.0
2023-04-04 13:30:00-04:00,32.97999954223633,33.0,32.76499938964844,32.790000915527344,87737,0.0,0.0
2023-04-04 14:30:00-04:00,32.779998779296875,32.915000915527344,32.709999084472656,32.755001068115234,132069,0.0,0.0
2023-04-04 15:30:00-04:00,32.7599983215332,32.779998779296875,32.630001068115234,32.7400016784668,153473,0.0,0.0
2023-04-05 09:30:00-04:00,32.63999938964844,32.809898376464844,32.34000015258789,32.36000061035156,90374,0.0,0.0
2023-04-05 10:30:00-04:00,32.36000061035156,32.38990020751953,31.989999771118164,32.29560089111328,86820,0.0,0.0
2023-04-05 11:30:00-04:00,32.279998779296875,32.43000030517578,32.040000915527344,32.040000915527344,95426,0.0,0.0
2023-04-05 12:30:00-04:00,32.040000915527344,32.13010025024414,31.940099716186523,31.959999084472656,54007,0.0,0.0
2023-04-05 13:30:00-04:00,31.954999923706055,32.060001373291016,31.8799991607666,31.950000762939453,58851,0.0,0.0
2023-04-05 14:30:00-04:00,31.940000534057617,32.13999938964844,31.90999984741211,32.04999923706055,66815,0.0,0.0
2023-04-05 15:30:00-04:00,32.060001373291016,32.19990158081055,32.02000045776367,32.08000183105469,143385,0.0,0.0
2023-04-06 09:30:00-04:00,31.989999771118164,32.18000030517578,31.651599884033203,32.08000183105469,50058,0.0,0.0
2023-04-06 10:30:00-04:00,32.08000183105469,32.380001068115234,32.029998779296875,32.27000045776367,49145,0.0,0.0
2023-04-06 11:30:00-04:00,32.25,32.51499938964844,32.2400016784668,32.51499938964844,37857,0.0,0.0
2023-04-06 12:30:00-04:00,32.51499938964844,32.58000183105469,32.439998626708984,32.54999923706055,35933,0.0,0.0
2023-04-06 13:30:00-04:00,32.58000183105469,32.68000030517578,32.4900016784668,32.564998626708984,50981,0.0,0.0
2023-04-06 14:30:00-04:00,32.564998626708984,32.564998626708984,32.439998626708984,32.44499969482422,60418,0.0,0.0
2023-04-06 15:30:00-04:00,32.45000076293945,32.61000061035156,32.38999938964844,32.400001525878906,127183,0.0,0.0
2023-04-10 09:30:00-04:00,31.959999084472656,32.314998626708984,31.729999542236328,32.26499938964844,56583,0.0,0.0
2023-04-10 10:30:00-04:00,32.2599983215332,32.33000183105469,32.20000076293945,32.2599983215332,44483,0.0,0.0
2023-04-10 11:30:00-04:00,32.2599983215332,32.26900100708008,32.11000061035156,32.2400016784668,43240,0.0,0.0
2023-04-10 12:30:00-04:00,32.214698791503906,32.75,32.209999084472656,32.75,134199,0.0,0.0
2023-04-10 13:30:00-04:00,32.72999954223633,32.72999954223633,32.54999923706055,32.63999938964844,43407,0.0,0.0
2023-04-10 14:30:00-04:00,32.63999938964844,32.689998626708984,32.470001220703125,32.529998779296875,55226,0.0,0.0
2023-04-10 15:30:00-04:00,32.560001373291016,32.61000061035156,32.494998931884766,32.540000915527344,108675,0.0,0.0
2023-04-11 09:30:00-04:00,32.470001220703125,32.70000076293945,32.130001068115234,32.2400016784668,118891,0.0,0.0
2023-04-11 10:30:00-04:00,32.279998779296875,32.34000015258789,31.969999313354492,31.989999771118164,54036,0.0,0.0
2023-04-11 11:30:00-04:00,31.969999313354492,32.290000915527344,31.799999237060547,32.25,62334,0.0,0.0
2023-04-11 12:30:00-04:00,32.290000915527344,32.36000061035156,32.220001220703125,32.29999923706055,46737,0.0,0.0
2023-04-11 13:30:00-04:00,32.310001373291016,32.34000015258789,32.189998626708984,32.290000915527344,80862,0.0,0.0
2023-04-11 14:30:00-04:00,32.33000183105469,32.46500015258789,32.27000045776367,32.38999938964844,60752,0.0,0.0
2023-04-11 15:30:00-04:00,32.38999938964844,32.459999084472656,32.09000015258789,32.13999938964844,124513,0.0,0.0
2023-04-12 09:30:00-04:00,32.689998626708984,33.310001373291016,32.20000076293945,32.89500045776367,117818,0.0,0.0
2023-04-12 10:30:00-04:00,32.904998779296875,32.904998779296875,32.43000030517578,32.435001373291016,69058,0.0,0.0
2023-04-12 11:30:00-04:00,32.435001373291016,32.77000045776367,32.400001525878906,32.755001068115234,94150,0.0,0.0
2023-04-12 12:30:00-04:00,32.76900100708008,32.810001373291016,32.650001525878906,32.720001220703125,56082,0.0,0.0
2023-04-12 13:30:00-04:00,32.720001220703125,32.724998474121094,32.5099983215332,32.5099983215332,35593,0.0,0.0
2023-04-12 14:30:00-04:00,32.525001525878906,32.630001068115234,32.45029830932617,32.459999084472656,66159,0.0,0.0
2023-04-12 15:30:00-04:00,32.459999084472656,32.68000030517578,32.459999084472656,32.540000915527344,91232,0.0,0.0
2023-04-13 09:30:00-04:00,32.720001220703125,33.40999984741211,32.70000076293945,33.220001220703125,71250,0.0,0.0
2023-04-13 10:30:00-04:00,33.20000076293945,33.34000015258789,33.09000015258789,33.154998779296875,100785,0.0,0.0
2023-04-13 11:30:00-04:00,33.154998779296875,33.279998779296875,33.029998779296875,33.279998779296875,51816,0.0,0.0
2023-04-13 12:30:00-04:00,33.2599983215332,33.2599983215332,32.880001068115234,32.90999984741211,46339,0.0,0.0
2023-04-13 13:30:00-04:00,32.92499923706055,32.9900016784668,32.86000061035156,32.869998931884766,35779,0.0,0.0
2023-04-13 14:30:00-04:00,32.85499954223633,32.85499954223633,32.65999984741211,32.779998779296875,62053,0.0,0.0
2023-04-13 15:30:00-04:00,32.779998779296875,32.810001373291016,32.63999938964844,32.63999938964844,89539,0.0,0.0
2023-04-14 09:30:00-04:00,32.38999938964844,33.08000183105469,32.372501373291016,32.61000061035156,52377,0.0,0.0
2023-04-14 10:30:00-04:00,32.619998931884766,32.7599983215332,32.279998779296875,32.33000183105469,37568,0.0,0.0
2023-04-14 11:30:00-04:00,32.33000183105469,32.38999938964844,31.875,32.0,86303,0.0,0.0
2023-04-14 12:30:00-04:00,32.025001525878906,32.29999923706055,31.860000610351562,32.29999923706055,54926,0.0,0.0
2023-04-14 13:30:00-04:00,32.279998779296875,32.43000030517578,32.20000076293945,32.27000045776367,51186,0.0,0.0
2023-04-14 14:30:00-04:00,32.275001525878906,32.29999923706055,32.130001068115234,32.290000915527344,68724,0.0,0.0
2023-04-14 15:30:00-04:00,32.25,32.380001068115234,32.22999954223633,32.369998931884766,107619,0.0,0.0
2023-04-17 09:30:00-04:00,32.150001525878906,32.57500076293945,32.150001525878906,32.43000030517578,61039,0.0,0.0
2023-04-17 10:30:00-04:00,32.40999984741211,32.470001220703125,32.27000045776367,32.34000015258789,43889,0.0,0.0
2023-04-17 11:30:00-04:00,32.33000183105469,32.33000183105469,32.130001068115234,32.154998779296875,40231,0.0,0.0
2023-04-17 12:30:00-04:00,32.15999984741211,32.209999084472656,32.150001525878906,32.19499969482422,39399,0.0,0.0
2023-04-17 13:30:00-04:00,32.20000076293945,32.38999938964844,32.198001861572266,32.279998779296875,52409,0.0,0.0
2023-04-17 14:30:00-04:00,32.29999923706055,32.40999984741211,32.2599983215332,32.3849983215332,46761,0.0,0.0
2023-04-17 15:30:00-04:00,32.380001068115234,32.380001068115234,32.2400016784668,32.290000915527344,105817,0.0,0.0
2023-04-18 09:30:00-04:00,32.349998474121094,32.7599983215332,32.22999954223633,32.22999954223633,90647,0.0,0.0
2023-04-18 10:30:00-04:00,32.22999954223633,32.529998779296875,32.20000076293945,32.46900177001953,55788,0.0,0.0
2023-04-18 11:30:00-04:00,32.470001220703125,32.5,32.349998474121094,32.43000030517578,40313,0.0,0.0
2023-04-18 12:30:00-04:00,32.43000030517578,32.459999084472656,32.308998107910156,32.33000183105469,37731,0.0,0.0
2023-04-18 13:30:00-04:00,32.31999969482422,32.52899932861328,32.29999923706055,32.51900100708008,31986,0.0,0.0
2023-04-18 14:30:00-04:00,32.5099983215332,32.5099983215332,32.3650016784668,32.38359832763672,55482,0.0,0.0
2023-04-18 15:30:00-04:00,32.38800048828125,32.43000030517578,32.27000045776367,32.29999923706055,105691,0.0,0.0
2023-04-19 09:30:00-04:00,32.0099983215332,32.43000030517578,31.790000915527344,32.209999084472656,58275,0.0,0.0
2023-04-19 10:30:00-04:00,32.22999954223633,32.310001373291016,32.130001068115234,32.22999954223633,40894,0.0,0.0
2023-04-19 11:30:00-04:00,32.23500061035156,32.369998931884766,32.22999954223633,32.33000183105469,37555,0.0,0.0
2023-04-19 12:30:00-04:00,32.349998474121094,32.36000061035156,32.20000076293945,32.244998931884766,33687,0.0,0.0
2023-04-19 13:30:00-04:00,32.244998931884766,32.25,31.989999771118164,32.029998779296875,60281,0.0,0.0
2023-04-19 14:30:00-04:00,32.040000915527344,32.040000915527344,31.799999237060547,31.799999237060547,49611,0.0,0.0
2023-04-19 15:30:00-04:00,31.809999465942383,31.829999923706055,31.579999923706055,31.59000015258789,96627,0.0,0.0
2023-04-20 09:30:00-04:00,31.399999618530273,31.709999084472656,31.020000457763672,31.649999618530273,106476,0.0,0.0
2023-04-20 10:30:00-04:00,31.65999984741211,31.7549991607666,31.350000381469727,31.510000228881836,99678,0.0,0.0
2023-04-20 11:30:00-04:00,31.489999771118164,31.55500030517578,31.389999389648438,31.405000686645508,32965,0.0,0.0
2023-04-20 12:30:00-04:00,31.420000076293945,31.549999237060547,31.40999984741211,31.549999237060547,32201,0.0,0.0
2023-04-20 13:30:00-04:00,31.55500030517578,31.579999923706055,31.291000366210938,31.291000366210938,40704,0.0,0.0
2023-04-20 14:30:00-04:00,31.290000915527344,31.43000030517578,31.221799850463867,31.295000076293945,44223,0.0,0.0
2023-04-20 15:30:00-04:00,31.280000686645508,31.454999923706055,31.280000686645508,31.3799991607666,91716,0.0,0.0
2023-04-21 09:30:00-04:00,31.350000381469727,31.59000015258789,31.290000915527344,31.530000686645508,38381,0.0,0.0
2023-04-21 10:30:00-04:00,31.55500030517578,31.559999465942383,31.350000381469727,31.469999313354492,29748,0.0,0.0
2023-04-21 11:30:00-04:00,31.469999313354492,31.540000915527344,31.399999618530273,31.399999618530273,31763,0.0,0.0
2023-04-21 12:30:00-04:00,31.3799991607666,31.3799991607666,31.270000457763672,31.309999465942383,29103,0.0,0.0
2023-04-21 13:30:00-04:00,31.31999969482422,31.510000228881836,31.31999969482422,31.469999313354492,36882,0.0,0.0
2023-04-21 14:30:00-04:00,31.469999313354492,31.530000686645508,31.420000076293945,31.530000686645508,35983,0.0,0.0
2023-04-21 15:30:00-04:00,31.540000915527344,31.81999969482422,31.540000915527344,31.649999618530273,102015,0.0,0.0
2023-04-24 09:30:00-04:00,31.360000610351562,31.799999237060547,31.309999465942383,31.329999923706055,49462,0.0,0.0
2023-04-24 10:30:00-04:00,31.309999465942383,31.309999465942383,30.790000915527344,30.94499969482422,55679,0.0,0.0
2023-04-24 11:30:00-04:00,30.94499969482422,31.0,30.730499267578125,30.770000457763672,40909,0.0,0.0
2023-04-24 12:30:00-04:00,30.770000457763672,30.90999984741211,30.670000076293945,30.905000686645508,62637,0.0,0.0
2023-04-24 13:30:00-04:00,30.905000686645508,31.010000228881836,30.809999465942383,30.920000076293945,52357,0.0,0.0
2023-04-24 14:30:00-04:00,30.920000076293945,30.920000076293945,30.649999618530273,30.700000762939453,76708,0.0,0.0
2023-04-24 15:30:00-04:00,30.700000762939453,30.934999465942383,30.690000534057617,30.690000534057617,157755,0.0,0.0
2023-04-25 09:30:00-04:00,33.150001525878906,33.20000076293945,31.639999389648438,31.8799991607666,215427,0.0,0.0
2023-04-25 10:30:00-04:00,31.854999542236328,32.060001373291016,31.739999771118164,31.959999084472656,100668,0.0,0.0
2023-04-25 11:30:00-04:00,31.93000030517578,31.93000030517578,31.43000030517578,31.579999923706055,53693,0.0,0.0
2023-04-25 12:30:00-04:00,31.600000381469727,31.6299991607666,31.260000228881836,31.350000381469727,57389,0.0,0.0
2023-04-25 13:30:00-04:00,31.344999313354492,31.3700008392334,31.260000228881836,31.334999084472656,72744,0.0,0.0
2023-04-25 14:30:00-04:00,31.334999084472656,31.8799991607666,31.334999084472656,31.850000381469727,107204,0.0,0.0
2023-04-25 15:30:00-04:00,31.850000381469727,31.860000610351562,31.43000030517578,31.450000762939453,145505,0.0,0.0
2023-04-26 09:30:00-04:00,32.189998626708984,32.74800109863281,31.229999542236328,31.25,131578,0.0,0.0
2023-04-26 10:30:00-04:00,31.25,31.579999923706055,31.190000534057617,31.34000015258789,108330,0.0,0.0
2023-04-26 11:30:00-04:00,31.344999313354492,31.56999969482422,31.31999969482422,31.350000381469727,66009,0.0,0.0
2023-04-26 12:30:00-04:00,31.34000015258789,31.579999923706055,31.299999237060547,31.475000381469727,65491,0.0,0.0
2023-04-26 13:30:00-04:00,31.475000381469727,31.489999771118164,31.209999084472656,31.264999389648438,57095,0.0,0.0
2023-04-26 14:30:00-04:00,31.25,31.440000534057617,31.239999771118164,31.3799991607666,59559,0.0,0.0
2023-04-26 15:30:00-04:00,31.3799991607666,31.440000534057617,31.239999771118164,31.299999237060547,132003,0.0,0.0
2023-04-27 09:30:00-04:00,31.549999237060547,31.614999771118164,30.68000030517578,30.8700008392334,81703,0.0,0.0
2023-04-27 10:30:00-04:00,30.8799991607666,31.43000030517578,30.8799991607666,31.19499969482422,75882,0.0,0.0
2023-04-27 11:30:00-04:00,31.18000030517578,31.40999984741211,31.18000030517578,31.299999237060547,45837,0.0,0.0
2023-04-27 12:30:00-04:00,31.280000686645508,31.6200008392334,31.280000686645508,31.575000762939453,41686,0.0,0.0
2023-04-27 13:30:00-04:00,31.584999084472656,31.6200008392334,31.420000076293945,31.44499969482422,39102,0.0,0.0
2023-04-27 14:30:00-04:00,31.43000030517578,31.469900131225586,31.309999465942383,31.40999984741211,48155,0.0,0.0
2023-04-27 15:30:00-04:00,31.40169906616211,31.559999465942383,31.40169906616211,31.510000228881836,89513,0.0,0.0
2023-04-28 09:30:00-04:00,30.899999618530273,31.219999313354492,30.639999389648438,31.174999237060547,49648,0.0,0.0
2023-04-28 10:30:00-04:00,31.165000915527344,31.3799991607666,31.06999969482422,31.350000381469727,40244,0.0,0.0
2023-04-28 11:30:00-04:00,31.34000015258789,31.489999771118164,31.299999237060547,31.389999389648438,30166,0.0,0.0
2023-04-28 12:30:00-04:00,31.364999771118164,31.364999771118164,30.979999542236328,31.079999923706055,46905,0.0,0.0
2023-04-28 13:30:00-04:00,31.079999923706055,31.09000015258789,30.96500015258789,31.09000015258789,40428,0.0,0.0
2023-04-28 14:30:00-04:00,31.09000015258789,31.239999771118164,31.010000228881836,31.079999923706055,49947,0.0,0.0
2023-04-28 15:30:00-04:00,31.07900047302246,31.200000762939453,31.07900047302246,31.100000381469727,90621,0.0,0.0
2023-05-01 09:30:00-04:00,30.969999313354492,31.490400314331055,30.969999313354492,31.459999084472656,30008,0.0,0.0
2023-05-01 10:30:00-04:00,31.459999084472656,31.771400451660156,31.454999923706055,31.51930046081543,36923,0.0,0.0
2023-05-01 11:30:00-04:00,31.499000549316406,31.639999389648438,31.43000030517578,31.59000015258789,23425,0.0,0.0
2023-05-01 12:30:00-04:00,31.584999084472656,31.670000076293945,31.440000534057617,31.610000610351562,22839,0.0,0.0
2023-05-01 13:30:00-04:00,31.559999465942383,31.600000381469727,31.489999771118164,31.489999771118164,22134,0.0,0.0
2023-05-01 14:30:00-04:00,31.479999542236328,31.735000610351562,31.450000762939453,31.735000610351562,57535,0.0,0.0
2023-05-01 15:30:00-04:00,31.735000610351562,31.8799991607666,31.684999465942383,31.84000015258789,118513,0.0,0.0
2023-05-02 09:30:00-04:00,31.780000686645508,31.899999618530273,31.3700008392334,31.440000534057617,54952,0.0,0.0
2023-05-02 10:30:00-04:00,31.420000076293945,31.420000076293945,31.18000030517578,31.34000015258789,109864,0.0,0.0
2023-05-02 11:30:00-04:00,31.360000610351562,31.520000457763672,31.270000457763672,31.459999084472656,39929,0.0,0.0
2023-05-02 12:30:00-04:00,31.5,31.610000610351562,31.450000762939453,31.46500015258789,35507,0.0,0.0
2023-05-02 13:30:00-04:00,31.450000762939453,31.549999237060547,31.229999542236328,31.31999969482422,70247,0.0,0.0
2023-05-02 14:30:00-04:00,31.329999923706055,31.350000381469727,30.959999084472656,31.09000015258789,77755,0.0,0.0
2023-05-02 15:30:00-04:00,31.100000381469727,31.1299991607666,30.981000900268555,31.1200008392334,116535,0.0,0.0
2023-05-03 09:30:00-04:00,30.510000228881836,30.59000015258789,28.170000076293945,28.229999542236328,436489,0.0,0.0
2023-05-03 10:30:00-04:00,28.25,28.600000381469727,27.469999313354492,27.53499984741211,407539,0.0,0.0
2023-05-03 11:30:00-04:00,27.540000915527344,27.690000534057617,27.1200008392334,27.174999237060547,207851,0.0,0.0
2023-05-03 12:30:00-04:00,27.15999984741211,27.190000534057617,26.479999542236328,26.799999237060547,224462,0.0,0.0
2023-05-03 13:30:00-04:00,26.774999618530273,27.25,26.1299991607666,26.90999984741211,240740,0.0,0.0
2023-05-03 14:30:00-04:00,26.8700008392334,27.329999923706055,26.18000030517578,26.389999389648438,218018,0.0,0.0
2023-05-03 15:30:00-04:00,26.3799991607666,26.81999969482422,26.3799991607666,26.3799991607666,367710,0.0,0.0
2023-05-04 09:30:00-04:00,26.530000686645508,27.0,25.93000030517578,26.34000015258789,217553,0.0,0.0
2023-05-04 10:30:00-04:00,26.3799991607666,26.78499984741211,26.209999084472656,26.610000610351562,150510,0.0,0.0
2023-05-04 11:30:00-04:00,26.610000610351562,26.610000610351562,26.325000762939453,26.405000686645508,150856,0.0,0.0
2023-05-04 12:30:00-04:00,26.405000686645508,26.43000030517578,26.18000030517578,26.2549991607666,112256,0.0,0.0
2023-05-04 13:30:00-04:00,26.2549991607666,26.69499969482422,26.2549991607666,26.360000610351562,114581,0.0,0.0
2023-05-04 14:30:00-04:00,26.3700008392334,26.5,26.229999542236328,26.3700008392334,140541,0.0,0.0
2023-05-04 15:30:00-04:00,26.3700008392334,26.415000915527344,26.1299991607666,26.209999084472656,276230,0.0,0.0
2023-05-05 09:30:00-04:00,26.260000228881836,26.969999313354492,25.594999313354492,26.450000762939453,146699,0.0,0.0
2023-05-05 10:30:00-04:00,26.450000762939453,26.850000381469727,26.25,26.764999389648438,110889,0.0,0.0
2023-05-05 11:30:00-04:00,26.790000915527344,26.81999969482422,26.450000762939453,26.75,131339,0.0,0.0
2023-05-05 12:30:00-04:00,26.780000686645508,27.049999237060547,26.75,26.860000610351562,159396,0.0,0.0
2023-05-05 13:30:00-04:00,26.8700008392334,27.209999084472656,26.850000381469727,27.15999984741211,108555,0.0,0.0
2023-05-05 14:30:00-04:00,27.139999389648438,27.610000610351562,27.1200008392334,27.610000610351562,151162,0.0,0.0
2023-05-05 15:30:00-04:00,27.614999771118164,27.614999771118164,27.399999618530273,27.5,236772,0.0,0.0
2023-05-08 09:30:00-04:00,27.549999237060547,27.920000076293945,27.35140037536621,27.549999237060547,123791,0.0,0.0
2023-05-08 10:30:00-04:00,27.559999465942383,27.850000381469727,27.459999084472656,27.799999237060547,117001,0.0,0.0
2023-05-08 11:30:00-04:00,27.799999237060547,27.940000534057617,27.5,27.760000228881836,182853,0.0,0.0
2023-05-08 12:30:00-04:00,27.770000457763672,28.040000915527344,27.719999313354492,27.920000076293945,129596,0.0,0.0
2023-05-08 13:30:00-04:00,27.90999984741211,28.0398006439209,27.739999771118164,27.795000076293945,88677,0.0,0.0
2023-05-08 14:30:00-04:00,27.780000686645508,27.920000076293945,27.6200008392334,27.66900062561035,125493,0.0,0.0
2023-05-08 15:30:00-04:00,27.65999984741211,27.690000534057617,27.530000686645508,27.65999984741211,227510,0.0,0.0
2023-05-09 09:30:00-04:00,29.18000030517578,29.469999313354492,27.100000381469727,27.920000076293945,303611,0.0,0.0
2023-05-09 10:30:00-04:00,27.895000457763672,28.434999465942383,27.895000457763672,27.969999313354492,123577,0.0,0.0
2023-05-09 11:30:00-04:00,27.969999313354492,28.15999984741211,27.549999237060547,27.764999389648438,122503,0.0,0.0
2023-05-09 12:30:00-04:00,27.764999389648438,28.030000686645508,27.59000015258789,27.875,70387,0.0,0.0
2023-05-09 13:30:00-04:00,27.889999389648438,27.94499969482422,27.514999389648438,27.594999313354492,97830,0.0,0.0
2023-05-09 14:30:00-04:00,27.579999923706055,27.75,27.40999984741211,27.729999542236328,96596,0.0,0.0
2023-05-09 15:30:00-04:00,27.729999542236328,27.860000610351562,27.6299991607666,27.6299991607666,185451,0.0,0.0
2023-05-10 09:30:00-04:00,28.09000015258789,29.3799991607666,28.014999389648438,28.969999313354492,94258,0.0,0.0
2023-05-10 10:30:00-04:00,28.985000610351562,29.010000228881836,28.030000686645508,28.354999542236328,105205,0.0,0.0
2023-05-10 11:30:00-04:00,28.34000015258789,28.684999465942383,28.190000534057617,28.684999465942383,54908,0.0,0.0
2023-05-10 12:30:00-04:00,28.68000030517578,28.8700008392334,28.600000381469727,28.739999771118164,44168,0.0,0.0
2023-05-10 13:30:00-04:00,28.71500015258789,28.7549991607666,28.510000228881836,28.7450008392334,55892,0.0,0.0
2023-05-10 14:30:00-04:00,28.7450008392334,29.040000915527344,28.719999313354492,29.030000686645508,58165,0.0,0.0
2023-05-10 15:30:00-04:00,29.010000228881836,29.049999237060547,28.75,28.850000381469727,131938,0.0,0.0
2023-05-11 09:30:00-04:00,28.739999771118164,28.829999923706055,28.059999465942383,28.059999465942383,55929,0.0,0.0
2023-05-11 10:30:00-04:00,28.09000015258789,28.209999084472656,27.90999984741211,28.167999267578125,54224,0.0,0.0
2023-05-11 11:30:00-04:00,28.170000076293945,28.389999389648438,28.09000015258789,28.31999969482422,50123,0.0,0.0
2023-05-11 12:30:00-04:00,28.280000686645508,28.389999389648438,28.239999771118164,28.344999313354492,46602,0.0,0.0
2023-05-11 13:30:00-04:00,28.360000610351562,28.360000610351562,28.149999618530273,28.309999465942383,45812,0.0,0.0
2023-05-11 14:30:00-04:00,28.31999969482422,28.360000610351562,28.209999084472656,28.350000381469727,83252,0.0,0.0
2023-05-11 15:30:00-04:00,28.34000015258789,28.34000015258789,28.065000534057617,28.06999969482422,122450,0.0,0.0
2023-05-12 09:30:00-04:00,27.84000015258789,28.270000457763672,27.479999542236328,28.010000228881836,64864,0.0,0.0
2023-05-12 10:30:00-04:00,28.0,28.459999084472656,27.889999389648438,28.364999771118164,69317,0.0,0.0
2023-05-12 11:30:00-04:00,28.360000610351562,28.36989974975586,28.040000915527344,28.06999969482422,50061,0.0,0.0
2023-05-12 12:30:00-04:00,28.09000015258789,28.15999984741211,27.989999771118164,28.030000686645508,46036,0.0,0.0
2023-05-12 13:30:00-04:00,28.049999237060547,28.09000015258789,27.93000030517578,27.950000762939453,46908,0.0,0.0
2023-05-12 14:30:00-04:00,27.959999084472656,28.049999237060547,27.950000762939453,28.014999389648438,106641,0.0,0.0
2023-05-12 15:30:00-04:00,28.0,28.209999084472656,27.985000610351562,28.09000015258789,136745,0.0,0.0
2023-05-15 09:30:00-04:00,28.0,28.450000762939453,27.81999969482422,28.450000762939453,91621,0.0,0.0
2023-05-15 10:30:00-04:00,28.420000076293945,28.739999771118164,28.239999771118164,28.69499969482422,65391,0.0,0.0
2023-05-15 11:30:00-04:00,28.729999542236328,28.84000015258789,28.350000381469727,28.5,66283,0.0,0.0
2023-05-15 12:30:00-04:00,28.469999313354492,28.68000030517578,28.450000762939453,28.479999542236328,84845,0.0,0.0
2023-05-15 13:30:00-04:00,28.43000030517578,28.610000610351562,28.3799991607666,28.559999465942383,95749,0.0,0.0
2023-05-15 14:30:00-04:00,28.579999923706055,28.579999923706055,28.329999923706055,28.40999984741211,81989,0.0,0.0
2023-05-15 15:30:00-04:00,28.415000915527344,28.440000534057617,28.209999084472656,28.25,226832,0.0,0.0
2023-05-16 09:30:00-04:00,28.100000381469727,29.149999618530273,28.100000381469727,28.709999084472656,101172,0.0,0.0
2023-05-16 10:30:00-04:00,28.739999771118164,28.969999313354492,28.670000076293945,28.905000686645508,73868,0.0,0.0
2023-05-16 11:30:00-04:00,28.920000076293945,29.0,28.350000381469727,28.399999618530273,112380,0.0,0.0
2023-05-16 12:30:00-04:00,28.389999389648438,28.434999465942383,28.0,28.094999313354492,77669,0.0,0.0
2023-05-16 13:30:00-04:00,28.110000610351562,28.15999984741211,27.6299991607666,27.950000762939453,73504,0.0,0.0
2023-05-16 14:30:00-04:00,27.950000762939453,28.059999465942383,27.889999389648438,28.059999465942383,110534,0.0,0.0
2023-05-16 15:30:00-04:00,28.063899993896484,28.274999618530273,28.040000915527344,28.239999771118164,117427,0.0,0.0
2023-05-17 09:30:00-04:00,28.59000015258789,28.989999771118164,27.34000015258789,27.690000534057617,82678,0.0,0.0
2023-05-17 10:30:00-04:00,27.709999084472656,28.11669921875,27.639999389648438,28.041000366210938,105574,0.0,0.0
2023-05-17 11:30:00-04:00,28.040000915527344,28.059999465942383,27.780000686645508,28.00790023803711,47035,0.0,0.0
2023-05-17 12:30:00-04:00,28.010000228881836,28.030000686645508,27.889999389648438,28.030000686645508,40482,0.0,0.0
2023-05-17 13:30:00-04:00,28.040000915527344,28.40999984741211,28.030000686645508,28.3799991607666,68659,0.0,0.0
2023-05-17 14:30:00-04:00,28.3799991607666,28.395000457763672,28.190000534057617,28.235000610351562,84455,0.0,0.0
2023-05-17 15:30:00-04:00,28.229999542236328,28.290000915527344,28.145000457763672,28.280000686645508,133433,0.0,0.0
2023-05-18 09:30:00-04:00,28.280000686645508,29.209999084472656,28.197900772094727,28.959999084472656,81230,0.0,0.0
2023-05-18 10:30:00-04:00,28.96500015258789,29.270000457763672,28.84000015258789,29.270000457763672,81149,0.0,0.0
2023-05-18 11:30:00-04:00,29.299999237060547,29.389999389648438,29.150100708007812,29.260000228881836,78361,0.0,0.0
2023-05-18 12:30:00-04:00,29.219999313354492,29.399999618530273,29.079999923706055,29.280000686645508,60592,0.0,0.0
2023-05-18 13:30:00-04:00,29.274999618530273,29.3799991607666,29.209999084472656,29.3700008392334,49116,0.0,0.0
2023-05-18 14:30:00-04:00,29.378000259399414,29.399999618530273,29.229999542236328,29.31999969482422,67470,0.0,0.0
2023-05-18 15:30:00-04:00,29.329999923706055,29.489999771118164,29.291000366210938,29.469999313354492,126169,0.0,0.0
2023-05-19 09:30:00-04:00,29.469999313354492,29.56999969482422,29.1648006439209,29.219999313354492,42802,0.0,0.0
2023-05-19 10:30:00-04:00,29.239999771118164,29.3799991607666,29.110000610351562,29.309999465942383,46519,0.0,0.0
2023-05-19 11:30:00-04:00,29.31999969482422,29.559999465942383,29.309999465942383,29.440000534057617,45790,0.0,0.0
2023-05-19 12:30:00-04:00,29.415000915527344,29.43000030517578,29.219999313354492,29.299999237060547,39959,0.0,0.0
2023-05-19 13:30:00-04:00,29.28499984741211,29.40999984741211,29.270000457763672,29.389999389648438,44634,0.0,0.0
2023-05-19 14:30:00-04:00,29.3799991607666,29.405000686645508,29.280000686645508,29.3700008392334,50347,0.0,0.0
2023-05-19 15:30:00-04:00,29.3799991607666,29.6299991607666,29.3799991607666,29.600000381469727,165321,0.0,0.0
2023-05-22 09:30:00-04:00,29.459999084472656,29.950000762939453,29.36549949645996,29.90999984741211,0,0.0,0.0
2023-05-22 10:30:00-04:00,29.90999984741211,30.174999237060547,29.885000228881836,30.139999389648438,55452,0.0,0.0
2023-05-22 11:30:00-04:00,30.18000030517578,30.18000030517578,29.864999771118164,29.875,51256,0.0,0.0
2023-05-22 12:30:00-04:00,29.84000015258789,29.985000610351562,29.790000915527344,29.969999313354492,24369,0.0,0.0
2023-05-22 13:30:00-04:00,29.979999542236328,30.0,29.790000915527344,29.84000015258789,28018,0.0,0.0
2023-05-22 14:30:00-04:00,29.860000610351562,29.950000762939453,29.679500579833984,29.690000534057617,61483,0.0,0.0
2023-05-22 15:30:00-04:00,29.68000030517578,29.702499389648438,29.579999923706055,29.610000610351562,96980,0.0,0.0
2023-05-23 09:30:00-04:00,29.40999984741211,30.239999771118164,29.31999969482422,30.084999084472656,60398,0.0,0.0
2023-05-23 10:30:00-04:00,30.084999084472656,30.280000686645508,30.0,30.100000381469727,66723,0.0,0.0
2023-05-23 11:30:00-04:00,30.110000610351562,30.290000915527344,30.030000686645508,30.03499984741211,76446,0.0,0.0
2023-05-23 12:30:00-04:00,30.030000686645508,30.239999771118164,29.959999084472656,30.18000030517578,65654,0.0,0.0
2023-05-23 13:30:00-04:00,30.190000534057617,30.190000534057617,29.72010040283203,29.75,59776,0.0,0.0
2023-05-23 14:30:00-04:00,29.75,29.780000686645508,29.520000457763672,29.670000076293945,52386,0.0,0.0
2023-05-23 15:30:00-04:00,29.68000030517578,29.829999923706055,29.68000030517578,29.81999969482422,103442,0.0,0.0
2023-05-24 09:30:00-04:00,29.600000381469727,30.139999389648438,29.424999237060547,29.760000228881836,43180,0.0,0.0
2023-05-24 10:30:00-04:00,29.7549991607666,29.899999618530273,29.65999984741211,29.829999923706055,32252,0.0,0.0
2023-05-24 11:30:00-04:00,29.860000610351562,29.889999389648438,29.764999389648438,29.864999771118164,23090,0.0,0.0
2023-05-24 12:30:00-04:00,29.860000610351562,29.920000076293945,29.739999771118164,29.790000915527344,25308,0.0,0.0
2023-05-24 13:30:00-04:00,29.790000915527344,29.969999313354492,29.790000915527344,29.819599151611328,88294,0.0,0.0
2023-05-24 14:30:00-04:00,29.834999084472656,29.852699279785156,29.639999389648438,29.834999084472656,68292,0.0,0.0
2023-05-24 15:30:00-04:00,29.860000610351562,29.899999618530273,29.610000610351562,29.639999389648438,105542,0.0,0.0
2023-05-25 09:30:00-04:00,29.809999465942383,29.8700008392334,29.489999771118164,29.704999923706055,44421,0.0,0.0
2023-05-25 10:30:00-04:00,29.670000076293945,29.8799991607666,29.25,29.809999465942383,77860,0.0,0.0
2023-05-25 11:30:00-04:00,29.809999465942383,29.84000015258789,29.5,29.600000381469727,46434,0.0,0.0
2023-05-25 12:30:00-04:00,29.600000381469727,29.6200008392334,29.309999465942383,29.389999389648438,78682,0.0,0.0
2023-05-25 13:30:00-04:00,29.3799991607666,29.530000686645508,29.270000457763672,29.3799991607666,62892,0.0,0.0
2023-05-25 14:30:00-04:00,29.360000610351562,29.360000610351562,29.18000030517578,29.306499481201172,76661,0.0,0.0
2023-05-25 15:30:00-04:00,29.309999465942383,29.350000381469727,29.170000076293945,29.25,93956,0.0,0.0
2023-05-26 09:30:00-04:00,29.1299991607666,29.969999313354492,29.06999969482422,29.65999984741211,62190,0.0,0.0
2023-05-26 10:30:00-04:00,29.68000030517578,29.850000381469727,29.479999542236328,29.53059959411621,54897,0.0,0.0
2023-05-26 11:30:00-04:00,29.530000686645508,29.530000686645508,29.360000610351562,29.434999465942383,40343,0.0,0.0
2023-05-26 12:30:00-04:00,29.43000030517578,29.565000534057617,29.31999969482422,29.354999542236328,36144,0.0,0.0
2023-05-26 13:30:00-04:00,29.360000610351562,29.399999618530273,29.059999465942383,29.1299991607666,57143,0.0,0.0
2023-05-26 14:30:00-04:00,29.1200008392334,29.31999969482422,29.0049991607666,29.270000457763672,84316,0.0,0.0
2023-05-26 15:30:00-04:00,29.280000686645508,29.280000686645508,29.110000610351562,29.1200008392334,92033,0.0,0.0
2023-05-30 09:30:00-04:00,29.114999771118164,29.420000076293945,28.450000762939453,28.670000076293945,63804,0.0,0.0
2023-05-30 10:30:00-04:00,28.700000762939453,28.940000534057617,28.674999237060547,28.81999969482422,47791,0.0,0.0
2023-05-30 11:30:00-04:00,28.850000381469727,28.8799991607666,28.719999313354492,28.770000457763672,37710,0.0,0.0
2023-05-30 12:30:00-04:00,28.739999771118164,28.809999465942383,28.510000228881836,28.610000610351562,46387,0.0,0.0
2023-05-30 13:30:00-04:00,28.610000610351562,28.829999923706055,28.610000610351562,28.739999771118164,35228,0.0,0.0
2023-05-30 14:30:00-04:00,28.739999771118164,28.829999923706055,28.700000762939453,28.75,46221,0.0,0.0
2023-05-30 15:30:00-04:00,28.760000228881836,28.8700008392334,28.639999389648438,28.68000030517578,97271,0.0,0.0
2023-05-31 09:30:00-04:00,28.65999984741211,29.219999313354492,28.540000915527344,28.8700008392334,52433,0.0,0.0
2023-05-31 10:30:00-04:00,28.899999618530273,29.209999084472656,28.889999389648438,29.030000686645508,59114,0.0,0.0
2023-05-31 11:30:00-04:00,29.030000686645508,29.34000015258789,29.030000686645508,29.18000030517578,34631,0.0,0.0
2023-05-31 12:30:00-04:00,29.172199249267578,29.309999465942383,29.170000076293945,29.280000686645508,31994,0.0,0.0
2023-05-31 13:30:00-04:00,29.31999969482422,29.3700008392334,29.139999389648438,29.21500015258789,46662,0.0,0.0
2023-05-31 14:30:00-04:00,29.229999542236328,29.3700008392334,29.030000686645508,29.094999313354492,74368,0.0,0.0
2023-05-31 15:30:00-04:00,29.110000610351562,29.450000762939453,29.084999084472656,29.389999389648438,170729,0.0,0.0
2023-06-01 09:30:00-04:00,29.100000381469727,29.100000381469727,28.450000762939453,28.6299991607666,59423,0.0,0.0
2023-06-01 10:30:00-04:00,28.635000228881836,29.399999618530273,28.614999771118164,29.360000610351562,100383,0.0,0.0
2023-06-01 11:30:00-04:00,29.3799991607666,29.459999084472656,29.280000686645508,29.299999237060547,49620,0.0,0.0
2023-06-01 12:30:00-04:00,29.280000686645508,29.5,29.260000228881836,29.364999771118164,45921,0.0,0.0
2023-06-01 13:30:00-04:00,29.329999923706055,29.700000762939453,29.329999923706055,29.56999969482422,61210,0.0,0.0
2023-06-01 14:30:00-04:00,29.549999237060547,29.6299991607666,29.34000015258789,29.3799991607666,53875,0.0,0.0
2023-06-01 15:30:00-04:00,29.3700008392334,29.469999313354492,29.290000915527344,29.450000762939453,93121,0.0,0.0
2023-06-02 09:30:00-04:00,29.719999313354492,30.06999969482422,29.469999313354492,29.834999084472656,82025,0.0,0.0
2023-06-02 10:30:00-04:00,29.84000015258789,29.989999771118164,29.729999542236328,29.93000030517578,51911,0.0,0.0
2023-06-02 11:30:00-04:00,29.950000762939453,30.024999618530273,29.81999969482422,29.860000610351562,62861,0.0,0.0
2023-06-02 12:30:00-04:00,29.889999389648438,30.114999771118164,29.864999771118164,30.114999771118164,29593,0.0,0.0
2023-06-02 13:30:00-04:00,30.1200008392334,30.15999984741211,29.915000915527344,29.940000534057617,46152,0.0,0.0
2023-06-02 14:30:00-04:00,29.93000030517578,29.950000762939453,29.84000015258789,29.940000534057617,51378,0.0,0.0
2023-06-02 15:30:00-04:00,29.940000534057617,30.030000686645508,29.924999237060547,29.969999313354492,124417,0.0,0.0
2023-06-05 09:30:00-04:00,29.799999237060547,30.0,29.520000457763672,29.829999923706055,75360,0.0,0.0
2023-06-05 10:30:00-04:00,29.809999465942383,30.014999389648438,29.610000610351562,29.7450008392334,43459,0.0,0.0
2023-06-05 11:30:00-04:00,29.739999771118164,29.75,29.549999237060547,29.704999923706055,27593,0.0,0.0
2023-06-05 12:30:00-04:00,29.674999237060547,29.809999465942383,29.635000228881836,29.645000457763672,35983,0.0,0.0
2023-06-05 13:30:00-04:00,29.645000457763672,29.645000457763672,29.440000534057617,29.440000534057617,34300,0.0,0.0
2023-06-05 14:30:00-04:00,29.399999618530273,29.719999313354492,29.290000915527344,29.709999084472656,63849,0.0,0.0
2023-06-05 15:30:00-04:00,29.709999084472656,29.898000717163086,29.68000030517578,29.729999542236328,137048,0.0,0.0
2023-06-06 09:30:00-04:00,29.649999618530273,30.260000228881836,29.530000686645508,30.170000076293945,60239,0.0,0.0
2023-06-06 10:30:00-04:00,30.110000610351562,30.610000610351562,30.110000610351562,30.540000915527344,93242,0.0,0.0
2023-06-06 11:30:00-04:00,30.56999969482422,30.760000228881836,30.530000686645508,30.65999984741211,73979,0.0,0.0
2023-06-06 12:30:00-04:00,30.65999984741211,30.860000610351562,30.510000228881836,30.860000610351562,67676,0.0,0.0
2023-06-06 13:30:00-04:00,30.8700008392334,30.93000030517578,30.68000030517578,30.729999542236328,84704,0.0,0.0
2023-06-06 14:30:00-04:00,30.729999542236328,30.969999313354492,30.704999923706055,30.75,103286,0.0,0.0
2023-06-06 15:30:00-04:00,30.75,30.899999618530273,30.700000762939453,30.809999465942383,201700,0.0,0.0
2023-06-07 09:30:00-04:00,30.850000381469727,31.389999389648438,30.209999084472656,30.270000457763672,77820,0.0,0.0
2023-06-07 10:30:00-04:00,30.309999465942383,30.549999237060547,30.225000381469727,30.459999084472656,49544,0.0,0.0
2023-06-07 11:30:00-04:00,30.475000381469727,30.6299991607666,30.264999389648438,30.31999969482422,70635,0.0,0.0
2023-06-07 12:30:00-04:00,30.329999923706055,30.530000686645508,30.329999923706055,30.450000762939453,52527,0.0,0.0
2023-06-07 13:30:00-04:00,30.43000030517578,30.489999771118164,30.00749969482422,30.045000076293945,41889,0.0,0.0
2023-06-07 14:30:00-04:00,30.030000686645508,30.030000686645508,29.690000534057617,29.920000076293945,61171,0.0,0.0
2023-06-07 15:30:00-04:00,29.920000076293945,29.979999542236328,29.725000381469727,29.790000915527344,110648,0.0,0.0
2023-06-08 09:30:00-04:00,29.739999771118164,30.225000381469727,29.6299991607666,30.09000015258789,47689,0.0,0.0
2023-06-08 10:30:00-04:00,30.104999542236328,30.325000762939453,30.049999237060547,30.15999984741211,60149,0.0,0.0
2023-06-08 11:30:00-04:00,30.200000762939453,30.3700008392334,30.139999389648438,30.270000457763672,51709,0.0,0.0
2023-06-08 12:30:00-04:00,30.274999618530273,30.274999618530273,30.139999389648438,30.200000762939453,45910,0.0,0.0
2023-06-08 13:30:00-04:00,30.190000534057617,30.229999542236328,30.139999389648438,30.190000534057617,48431,0.0,0.0
2023-06-08 14:30:00-04:00,30.209999084472656,30.260000228881836,30.114999771118164,30.1200008392334,64128,0.0,0.0
2023-06-08 15:30:00-04:00,30.110000610351562,30.110000610351562,29.90999984741211,29.90999984741211,91046,0.0,0.0
2023-06-09 09:30:00-04:00,29.729999542236328,30.399999618530273,29.59000015258789,30.06999969482422,46540,0.0,0.0
2023-06-09 10:30:00-04:00,30.094999313354492,30.18000030517578,29.6200008392334,29.670000076293945,57385,0.0,0.0
2023-06-09 11:30:00-04:00,29.68000030517578,29.780000686645508,29.674999237060547,29.700000762939453,57482,0.0,0.0
2023-06-09 12:30:00-04:00,29.719999313354492,29.764999389648438,29.6299991607666,29.68000030517578,56238,0.0,0.0
2023-06-09 13:30:00-04:00,29.674999237060547,29.68000030517578,29.530000686645508,29.59000015258789,42750,0.0,0.0
2023-06-09 14:30:00-04:00,29.579999923706055,29.594999313354492,29.475000381469727,29.53499984741211,45850,0.0,0.0
2023-06-09 15:30:00-04:00,29.53499984741211,29.639999389648438,29.530000686645508,29.639999389648438,101032,0.0,0.0
2023-06-12 09:30:00-04:00,29.920000076293945,30.110000610351562,29.729999542236328,30.049999237060547,52446,0.0,0.0
2023-06-12 10:30:00-04:00,30.059999465942383,30.170000076293945,29.912500381469727,29.969999313354492,64232,0.0,0.0
2023-06-12 11:30:00-04:00,30.020000457763672,30.360000610351562,30.020000457763672,30.360000610351562,38786,0.0,0.0
2023-06-12 12:30:00-04:00,30.360000610351562,30.55500030517578,30.30500030517578,30.459999084472656,85911,0.0,0.0
2023-06-12 13:30:00-04:00,30.459999084472656,30.530000686645508,30.3799991607666,30.489999771118164,32291,0.0,0.0
2023-06-12 14:30:00-04:00,30.489999771118164,30.670000076293945,30.489999771118164,30.524999618530273,47309,0.0,0.0
2023-06-12 15:30:00-04:00,30.524999618530273,30.75,30.5,30.739999771118164,127863,0.0,0.0
2023-06-13 09:30:00-04:00,31.0,31.690000534057617,30.860000610351562,31.459999084472656,234595,0.0,0.0
2023-06-13 10:30:00-04:00,31.440000534057617,31.75,31.40250015258789,31.610000610351562,165418,0.0,0.0
2023-06-13 11:30:00-04:00,31.610000610351562,31.65999984741211,30.989999771118164,31.020000457763672,92825,0.0,0.0
2023-06-13 12:30:00-04:00,31.040000915527344,31.15999984741211,30.920000076293945,31.010000228881836,57175,0.0,0.0
2023-06-13 13:30:00-04:00,31.010000228881836,31.049999237060547,30.780000686645508,30.790000915527344,47698,0.0,0.0
2023-06-13 14:30:00-04:00,30.792699813842773,31.18000030517578,30.792699813842773,31.079999923706055,54536,0.0,0.0
2023-06-13 15:30:00-04:00,31.079999923706055,31.299999237060547,31.06999969482422,31.1299991607666,138578,0.0,0.0
2023-06-14 09:30:00-04:00,30.84000015258789,31.010000228881836,30.229999542236328,30.639999389648438,63298,0.0,0.0
2023-06-14 10:30:00-04:00,30.594999313354492,30.690000534057617,30.399999618530273,30.4950008392334,54097,0.0,0.0
2023-06-14 11:30:00-04:00,30.520000457763672,30.639999389648438,30.420000076293945,30.469999313354492,43998,0.0,0.0
2023-06-14 12:30:00-04:00,30.459999084472656,30.539899826049805,30.40999984741211,30.510000228881836,47892,0.0,0.0
2023-06-14 13:30:00-04:00,30.510000228881836,30.75,30.3799991607666,30.43000030517578,61809,0.0,0.0
2023-06-14 14:30:00-04:00,30.389999389648438,30.674999237060547,30.3799991607666,30.610000610351562,79047,0.0,0.0
2023-06-14 15:30:00-04:00,30.59000015258789,30.690000534057617,30.43000030517578,30.649999618530273,91695,0.0,0.0
2023-06-15 09:30:00-04:00,30.440000534057617,30.75,29.780000686645508,30.71500015258789,74785,0.0,0.0
2023-06-15 10:30:00-04:00,30.71500015258789,30.829999923706055,30.610000610351562,30.700000762939453,42783,0.0,0.0
2023-06-15 11:30:00-04:00,30.700000762939453,30.760000228881836,30.6200008392334,30.6200008392334,34952,0.0,0.0
2023-06-15 12:30:00-04:00,30.6200008392334,31.25,30.604999542236328,31.149999618530273,164742,0.0,0.0
2023-06-15 13:30:00-04:00,31.200000762939453,31.360000610351562,31.03499984741211,31.18000030517578,65485,0.0,0.0
2023-06-15 14:30:00-04:00,31.170000076293945,31.34000015258789,31.170000076293945,31.334999084472656,133131,0.0,0.0
2023-06-15 15:30:00-04:00,31.350000381469727,31.520000457763672,31.329999923706055,31.40999984741211,138784,0.0,0.0
2023-06-16 09:30:00-04:00,33.744998931884766,34.380001068115234,33.0,33.8650016784668,589939,0.0,0.0
2023-06-16 10:30:00-04:00,33.849998474121094,34.0,32.86000061035156,32.97999954223633,403039,0.0,0.0
2023-06-16 11:30:00-04:00,33.04999923706055,33.25,32.63999938964844,32.8650016784668,134092,0.0,0.0
2023-06-16 12:30:00-04:00,32.85499954223633,32.880001068115234,32.540000915527344,32.59000015258789,103364,0.0,0.0
2023-06-16 13:30:00-04:00,32.599998474121094,32.83000183105469,32.459999084472656,32.525001525878906,110565,0.0,0.0
2023-06-16 14:30:00-04:00,32.5099983215332,32.66999816894531,32.44599914550781,32.5,138694,0.0,0.0
2023-06-16 15:30:00-04:00,32.5,32.880001068115234,32.5,32.75,266826,0.0,0.0
2023-06-20 09:30:00-04:00,32.7599983215332,33.08000183105469,32.33000183105469,32.34000015258789,76280,0.0,0.0
2023-06-20 10:30:00-04:00,32.33000183105469,32.369998931884766,31.649999618530273,31.700000762939453,89647,0.0,0.0
2023-06-20 11:30:00-04:00,31.700000762939453,31.90999984741211,31.40999984741211,31.479999542236328,97914,0.0,0.0
2023-06-20 12:30:00-04:00,31.520000457763672,31.549999237060547,31.31999969482422,31.510000228881836,60069,0.0,0.0
2023-06-20 13:30:00-04:00,31.520000457763672,31.579999923706055,31.34000015258789,31.450000762939453,84358,0.0,0.0
2023-06-20 14:30:00-04:00,31.440000534057617,31.479999542236328,31.334999084472656,31.459999084472656,88348,0.0,0.0
2023-06-20 15:30:00-04:00,31.454999923706055,31.559999465942383,31.239999771118164,31.25,182161,0.0,0.0
2023-06-21 09:30:00-04:00,31.170000076293945,31.260000228881836,30.635000228881836,30.65999984741211,51755,0.0,0.0
2023-06-21 10:30:00-04:00,30.670000076293945,30.834999084472656,30.25,30.549999237060547,59438,0.0,0.0
2023-06-21 11:30:00-04:00,30.54990005493164,30.709999084472656,30.469999313354492,30.545000076293945,43841,0.0,0.0
2023-06-21 12:30:00-04:00,30.559999465942383,30.56999969482422,30.28499984741211,30.290000915527344,66707,0.0,0.0
2023-06-21 13:30:00-04:00,30.270000457763672,30.600000381469727,30.270000457763672,30.59000015258789,67543,0.0,0.0
2023-06-21 14:30:00-04:00,30.579999923706055,30.684999465942383,30.34000015258789,30.6299991607666,96370,0.0,0.0
2023-06-21 15:30:00-04:00,30.670000076293945,30.670000076293945,30.450000762939453,30.459999084472656,173563,0.0,0.0
2023-06-22 09:30:00-04:00,30.239999771118164,30.360000610351562,29.850000381469727,30.100000381469727,63381,0.0,0.0
2023-06-22 10:30:00-04:00,30.104999542236328,30.149999618530273,29.81999969482422,29.90999984741211,56057,0.0,0.0
2023-06-22 11:30:00-04:00,29.920000076293945,30.149999618530273,29.8700008392334,29.94499969482422,71531,0.0,0.0
2023-06-22 12:30:00-04:00,29.93000030517578,29.969999313354492,29.860000610351562,29.8700008392334,47585,0.0,0.0
2023-06-22 13:30:00-04:00,29.8799991607666,29.93000030517578,29.850000381469727,29.889999389648438,56160,0.0,0.0
2023-06-22 14:30:00-04:00,29.899999618530273,29.905000686645508,29.579999923706055,29.579999923706055,65794,0.0,0.0
2023-06-22 15:30:00-04:00,29.56999969482422,29.719999313354492,29.530000686645508,29.709999084472656,115596,0.0,0.0
2023-06-23 09:30:00-04:00,29.299999237060547,29.729999542236328,29.049999237060547,29.350000381469727,162641,0.0,0.0
2023-06-23 10:30:00-04:00,29.354999542236328,29.450000762939453,29.0,29.0,89890,0.0,0.0
2023-06-23 11:30:00-04:00,29.010000228881836,29.1200008392334,28.920000076293945,29.0,83996,0.0,0.0
2023-06-23 12:30:00-04:00,29.0,29.200000762939453,28.690000534057617,29.149999618530273,114387,0.0,0.0
2023-06-23 13:30:00-04:00,29.15999984741211,29.25,28.940000534057617,29.200000762939453,79040,0.0,0.0
2023-06-23 14:30:00-04:00,29.229999542236328,29.315000534057617,29.079999923706055,29.260000228881836,156025,0.0,0.0
2023-06-23 15:30:00-04:00,29.270000457763672,29.299999237060547,28.829999923706055,28.899999618530273,260423,0.0,0.0
2023-06-26 09:30:00-04:00,28.6200008392334,28.700000762939453,28.09000015258789,28.139999389648438,72926,0.0,0.0
2023-06-26 10:30:00-04:00,28.190000534057617,28.43000030517578,28.110000610351562,28.34000015258789,59133,0.0,0.0
2023-06-26 11:30:00-04:00,28.350000381469727,28.40999984741211,27.762100219726562,27.762100219726562,47537,0.0,0.0
2023-06-26 12:30:00-04:00,27.760000228881836,27.899999618530273,27.43000030517578,27.829999923706055,91086,0.0,0.0
2023-06-26 13:30:00-04:00,27.860000610351562,27.860000610351562,27.56999969482422,27.610000610351562,56905,0.0,0.0
2023-06-26 14:30:00-04:00,27.604999542236328,27.6299991607666,27.420000076293945,27.440000534057617,78676,0.0,0.0
2023-06-26 15:30:00-04:00,27.440000534057617,27.510000228881836,27.260000228881836,27.43000030517578,200008,0.0,0.0
2023-06-27 09:30:00-04:00,27.65999984741211,28.200000762939453,27.524999618530273,27.795000076293945,55052,0.0,0.0
2023-06-27 10:30:00-04:00,27.770000457763672,27.829999923706055,27.510000228881836,27.790000915527344,54027,0.0,0.0
2023-06-27 11:30:00-04:00,27.81999969482422,27.84000015258789,27.65999984741211,27.7450008392334,67479,0.0,0.0
2023-06-27 12:30:00-04:00,27.760000228881836,27.94499969482422,27.670000076293945,27.84000015258789,54413,0.0,0.0
2023-06-27 13:30:00-04:00,27.8799991607666,28.100000381469727,27.829999923706055,27.979999542236328,71999,0.0,0.0
2023-06-27 14:30:00-04:00,27.989999771118164,28.045000076293945,27.899999618530273,27.969999313354492,73680,0.0,0.0
2023-06-27 15:30:00-04:00,27.969999313354492,27.979999542236328,27.719999313354492,27.760000228881836,115226,0.0,0.0
2023-06-28 09:30:00-04:00,28.770000457763672,30.149999618530273,28.594999313354492,30.020000457763672,195451,0.0,0.0
2023-06-28 10:30:00-04:00,30.010000228881836,30.110000610351562,29.395000457763672,29.649999618530273,151926,0.0,0.0
2023-06-28 11:30:00-04:00,29.65999984741211,30.020000457763672,29.655000686645508,29.93000030517578,66082,0.0,0.0
2023-06-28 12:30:00-04:00,29.950000762939453,29.950000762939453,29.729999542236328,29.844999313354492,55979,0.0,0.0
2023-06-28 13:30:00-04:00,29.844999313354492,30.059999465942383,29.815000534057617,30.049999237060547,73761,0.0,0.0
2023-06-28 14:30:00-04:00,30.059999465942383,30.219999313354492,29.979999542236328,30.1200008392334,68725,0.0,0.0
2023-06-28 15:30:00-04:00,30.110000610351562,30.110000610351562,29.8700008392334,29.90999984741211,143023,0.0,0.0
2023-06-29 09:30:00-04:00,29.780000686645508,30.399999618530273,29.75,29.950000762939453,63550,0.0,0.0
2023-06-29 10:30:00-04:00,29.90999984741211,30.329999923706055,29.8700008392334,30.31999969482422,60716,0.0,0.0
2023-06-29 11:30:00-04:00,30.34000015258789,30.520000457763672,30.229999542236328,30.520000457763672,107708,0.0,0.0
2023-06-29 12:30:00-04:00,30.520000457763672,30.6200008392334,30.43199920654297,30.600000381469727,54893,0.0,0.0
2023-06-29 13:30:00-04:00,30.600000381469727,30.600000381469727,30.469999313354492,30.545000076293945,91009,0.0,0.0
2023-06-29 14:30:00-04:00,30.540000915527344,30.655000686645508,30.475000381469727,30.649999618530273,91744,0.0,0.0
2023-06-29 15:30:00-04:00,30.649999618530273,30.7549991607666,30.639999389648438,30.709999084472656,129738,0.0,0.0
2023-06-30 09:30:00-04:00,30.989999771118164,31.440000534057617,30.950000762939453,31.270000457763672,47060,0.0,0.0
2023-06-30 10:30:00-04:00,31.329999923706055,31.459999084472656,31.139999389648438,31.3799991607666,48380,0.0,0.0
2023-06-30 11:30:00-04:00,31.385000228881836,31.485000610351562,31.34000015258789,31.399999618530273,32208,0.0,0.0
2023-06-30 12:30:00-04:00,31.420000076293945,31.600000381469727,31.389999389648438,31.420000076293945,97227,0.0,0.0
2023-06-30 13:30:00-04:00,31.43000030517578,31.489999771118164,31.325000762939453,31.450000762939453,58616,0.0,0.0
2023-06-30 14:30:00-04:00,31.450000762939453,31.56999969482422,31.3799991607666,31.55500030517578,88364,0.0,0.0
2023-06-30 15:30:00-04:00,31.55500030517578,31.56999969482422,31.489999771118164,31.559999465942383,199675,0.0,0.0
2023-07-03 09:30:00-04:00,31.950000762939453,32.459999084472656,31.799999237060547,32.0,132509,0.0,0.0
2023-07-03 10:30:00-04:00,32.02000045776367,32.04999923706055,31.729999542236328,31.739999771118164,108923,0.0,0.0
2023-07-03 11:30:00-04:00,31.739999771118164,31.854999542236328,31.645000457763672,31.834999084472656,93254,0.0,0.0
2023-07-05 09:30:00-04:00,31.809999465942383,31.969999313354492,31.559999465942383,31.770000457763672,60263,0.0,0.0
2023-07-05 10:30:00-04:00,31.760000228881836,31.8700008392334,31.1200008392334,31.25,73813,0.0,0.0
2023-07-05 11:30:00-04:00,31.235000610351562,31.360000610351562,31.149999618530273,31.350000381469727,51439,0.0,0.0
2023-07-05 12:30:00-04:00,31.3799991607666,31.450000762939453,31.280000686645508,31.360000610351562,49188,0.0,0.0
2023-07-05 13:30:00-04:00,31.350000381469727,31.364999771118164,31.190000534057617,31.295000076293945,59027,0.0,0.0
2023-07-05 14:30:00-04:00,31.290000915527344,31.59000015258789,31.290000915527344,31.42300033569336,60642,0.0,0.0
2023-07-05 15:30:00-04:00,31.43000030517578,31.5,31.350000381469727,31.469999313354492,133298,0.0,0.0
2023-07-06 09:30:00-04:00,31.290000915527344,31.290000915527344,30.40999984741211,30.53499984741211,78838,0.0,0.0
2023-07-06 10:30:00-04:00,30.559999465942383,30.614999771118164,30.295000076293945,30.600000381469727,107343,0.0,0.0
2023-07-06 11:30:00-04:00,30.59000015258789,30.94499969482422,30.575000762939453,30.690000534057617,87344,0.0,0.0
2023-07-06 12:30:00-04:00,30.709999084472656,31.100000381469727,30.690000534057617,31.049999237060547,62846,0.0,0.0
2023-07-06 13:30:00-04:00,31.049999237060547,31.25,30.989999771118164,31.030000686645508,80155,0.0,0.0
2023-07-06 14:30:00-04:00,31.040000915527344,31.149999618530273,30.8700008392334,30.924999237060547,101567,0.0,0.0
2023-07-06 15:30:00-04:00,30.93000030517578,31.020000457763672,30.825000762939453,31.010000228881836,109679,0.0,0.0
2023-07-07 09:30:00-04:00,31.09000015258789,31.59000015258789,30.950000762939453,31.0,74119,0.0,0.0
2023-07-07 10:30:00-04:00,30.989999771118164,31.139999389648438,30.8799991607666,31.0,92182,0.0,0.0
2023-07-07 11:30:00-04:00,31.010000228881836,31.011999130249023,30.829999923706055,30.96500015258789,65918,0.0,0.0
2023-07-07 12:30:00-04:00,30.969999313354492,31.125,30.969999313354492,31.079999923706055,42729,0.0,0.0
2023-07-07 13:30:00-04:00,31.09000015258789,31.204999923706055,31.030000686645508,31.15999984741211,67504,0.0,0.0
2023-07-07 14:30:00-04:00,31.190000534057617,31.190000534057617,30.959999084472656,31.079999923706055,86632,0.0,0.0
2023-07-07 15:30:00-04:00,31.075000762939453,31.09000015258789,30.969999313354492,31.079999923706055,163533,0.0,0.0
2023-07-10 09:30:00-04:00,30.860000610351562,31.530000686645508,30.83009910583496,31.450000762939453,48402,0.0,0.0
2023-07-10 10:30:00-04:00,31.440000534057617,31.520000457763672,31.239999771118164,31.329999923706055,42672,0.0,0.0
2023-07-10 11:30:00-04:00,31.31999969482422,31.450000762939453,31.280000686645508,31.450000762939453,30113,0.0,0.0
2023-07-10 12:30:00-04:00,31.420000076293945,31.459999084472656,31.350000381469727,31.43000030517578,32076,0.0,0.0
2023-07-10 13:30:00-04:00,31.43000030517578,31.565000534057617,31.399999618530273,31.5,33177,0.0,0.0
2023-07-10 14:30:00-04:00,31.479999542236328,31.5,31.40999984741211,31.469999313354492,40441,0.0,0.0
2023-07-10 15:30:00-04:00,31.459999084472656,31.459999084472656,31.280000686645508,31.329999923706055,95169,0.0,0.0
2023-07-11 09:30:00-04:00,31.030000686645508,31.690000534057617,31.030000686645508,31.559999465942383,49755,0.0,0.0
2023-07-11 10:30:00-04:00,31.59000015258789,31.620399475097656,31.420000076293945,31.44499969482422,44260,0.0,0.0
2023-07-11 11:30:00-04:00,31.479999542236328,31.729999542236328,31.479999542236328,31.6299991607666,23458,0.0,0.0
2023-07-11 12:30:00-04:00,31.6200008392334,31.989999771118164,31.604999542236328,31.979999542236328,32600,0.0,0.0
2023-07-11 13:30:00-04:00,31.959999084472656,31.989999771118164,31.719999313354492,31.75,43037,0.0,0.0
2023-07-11 14:30:00-04:00,31.7450008392334,31.8799991607666,31.700000762939453,31.81100082397461,38464,0.0,0.0
2023-07-11 15:30:00-04:00,31.81999969482422,31.915000915527344,31.780000686645508,31.829999923706055,82537,0.0,0.0
2023-07-12 09:30:00-04:00,31.739999771118164,31.80660057067871,31.3799991607666,31.489999771118164,70269,0.0,0.0
2023-07-12 10:30:00-04:00,31.489999771118164,31.610000610351562,31.360000610351562,31.485000610351562,91636,0.0,0.0
2023-07-12 11:30:00-04:00,31.479999542236328,31.549999237060547,31.040000915527344,31.170000076293945,71566,0.0,0.0
2023-07-12 12:30:00-04:00,31.15999984741211,31.520000457763672,31.15999984741211,31.520000457763672,32299,0.0,0.0
2023-07-12 13:30:00-04:00,31.5,31.700000762939453,31.5,31.640300750732422,41029,0.0,0.0
2023-07-12 14:30:00-04:00,31.6299991607666,31.71500015258789,31.540000915527344,31.579999923706055,66582,0.0,0.0
2023-07-12 15:30:00-04:00,31.579999923706055,31.84000015258789,31.575000762939453,31.81999969482422,86965,0.0,0.0
2023-07-13 09:30:00-04:00,31.8799991607666,32.42499923706055,31.8799991607666,32.2400016784668,78804,0.0,0.0
2023-07-13 10:30:00-04:00,32.25,32.39500045776367,32.189998626708984,32.189998626708984,28222,0.0,0.0
2023-07-13 11:30:00-04:00,32.18130111694336,32.52830123901367,32.18000030517578,32.5,29134,0.0,0.0
2023-07-13 12:30:00-04:00,32.52000045776367,32.61000061035156,32.40999984741211,32.58000183105469,26035,0.0,0.0
2023-07-13 13:30:00-04:00,32.56999969482422,32.63759994506836,32.459999084472656,32.5,28964,0.0,0.0
2023-07-13 14:30:00-04:00,32.5099983215332,32.665000915527344,32.40999984741211,32.51300048828125,54135,0.0,0.0
2023-07-13 15:30:00-04:00,32.529998779296875,32.54999923706055,32.31999969482422,32.31999969482422,117239,0.0,0.0
2023-07-14 09:30:00-04:00,32.150001525878906,32.52000045776367,32.0099983215332,32.5,30998,0.0,0.0
2023-07-14 10:30:00-04:00,32.470001220703125,32.58000183105469,32.15999984741211,32.540000915527344,50542,0.0,0.0
2023-07-14 11:30:00-04:00,32.560001373291016,32.63999938964844,32.470001220703125,32.599998474121094,35869,0.0,0.0
2023-07-14 12:30:00-04:00,32.619998931884766,32.775001525878906,32.5099983215332,32.540000915527344,43521,0.0,0.0
2023-07-14 13:30:00-04:00,32.529998779296875,32.529998779296875,32.349998474121094,32.38999938964844,29895,0.0,0.0
2023-07-14 14:30:00-04:00,32.380001068115234,32.459999084472656,32.209999084472656,32.220001220703125,39226,0.0,0.0
2023-07-14 15:30:00-04:00,32.220001220703125,32.310001373291016,32.18000030517578,32.189998626708984,93611,0.0,0.0
2023-07-17 09:30:00-04:00,32.16999816894531,32.72999954223633,31.729999542236328,32.689998626708984,51622,0.0,0.0
2023-07-17 10:30:00-04:00,32.66999816894531,32.904998779296875,32.59000015258789,32.66999816894531,42906,0.0,0.0
2023-07-17 11:30:00-04:00,32.650001525878906,32.87990188598633,32.630001068115234,32.79999923706055,36495,0.0,0.0
2023-07-17 12:30:00-04:00,32.81999969482422,33.02000045776367,32.810001373291016,32.9900016784668,33360,0.0,0.0
2023-07-17 13:30:00-04:00,33.0,33.08000183105469,32.91999816894531,33.08000183105469,33885,0.0,0.0
2023-07-17 14:30:00-04:00,33.099998474121094,33.185001373291016,32.95000076293945,33.0,62823,0.0,0.0
2023-07-17 15:30:00-04:00,33.025001525878906,33.119998931884766,32.96099853515625,33.11000061035156,115993,0.0,0.0
2023-07-18 09:30:00-04:00,32.959999084472656,33.119998931884766,32.599998474121094,33.04999923706055,32124,0.0,0.0
2023-07-18 10:30:00-04:00,33.05500030517578,33.27000045776367,32.959999084472656,33.18000030517578,48051,0.0,0.0
2023-07-18 11:30:00-04:00,33.150001525878906,33.279998779296875,33.060001373291016,33.18000030517578,60168,0.0,0.0
2023-07-18 12:30:00-04:00,33.189998626708984,33.415000915527344,33.119998931884766,33.400001525878906,35291,0.0,0.0
2023-07-18 13:30:00-04:00,33.400001525878906,33.54999923706055,33.22999954223633,33.5099983215332,38734,0.0,0.0
2023-07-18 14:30:00-04:00,33.5099983215332,33.61000061035156,33.41999816894531,33.470001220703125,48738,0.0,0.0
2023-07-18 15:30:00-04:00,33.474998474121094,33.5099983215332,33.310001373291016,33.369998931884766,83888,0.0,0.0
2023-07-19 09:30:00-04:00,33.369998931884766,33.709999084472656,32.93000030517578,32.93000030517578,34894,0.0,0.0
2023-07-19 10:30:00-04:00,32.95500183105469,33.099998474121094,32.68000030517578,32.84000015258789,63258,0.0,0.0
2023-07-19 11:30:00-04:00,32.79999923706055,32.79999923706055,31.639999389648438,31.639999389648438,78925,0.0,0.0
2023-07-19 12:30:00-04:00,31.639999389648438,31.719999313354492,31.1299991607666,31.15999984741211,83582,0.0,0.0
2023-07-19 13:30:00-04:00,31.165000915527344,31.389999389648438,30.6200008392334,30.655000686645508,80269,0.0,0.0
2023-07-19 14:30:00-04:00,30.670000076293945,31.139999389648438,30.670000076293945,31.125,97494,0.0,0.0
2023-07-19 15:30:00-04:00,31.125,31.440000534057617,31.06999969482422,31.360000610351562,115504,0.0,0.0
2023-07-20 09:30:00-04:00,31.209999084472656,31.549999237060547,30.969999313354492,31.226999282836914,34767,0.0,0.0
2023-07-20 10:30:00-04:00,31.229999542236328,31.40999984741211,30.899999618530273,31.079999923706055,70894,0.0,0.0
2023-07-20 11:30:00-04:00,31.09000015258789,31.18000030517578,30.65999984741211,30.65999984741211,37244,0.0,0.0
2023-07-20 12:30:00-04:00,30.649999618530273,30.68000030517578,30.459999084472656,30.68000030517578,32873,0.0,0.0
2023-07-20 13:30:00-04:00,30.65999984741211,31.040000915527344,30.65999984741211,30.81999969482422,38153,0.0,0.0
2023-07-20 14:30:00-04:00,30.84000015258789,30.889999389648438,30.719999313354492,30.84000015258789,59654,0.0,0.0
2023-07-20 15:30:00-04:00,30.829999923706055,30.933000564575195,30.65999984741211,30.700000762939453,133587,0.0,0.0
2023-07-21 09:30:00-04:00,30.969999313354492,31.309999465942383,30.399999618530273,30.399999618530273,52956,0.0,0.0
2023-07-21 10:30:00-04:00,30.43000030517578,30.65999984741211,30.420000076293945,30.469999313354492,36859,0.0,0.0
2023-07-21 11:30:00-04:00,30.469999313354492,30.530000686645508,30.114999771118164,30.114999771118164,32659,0.0,0.0
2023-07-21 12:30:00-04:00,30.100000381469727,30.31999969482422,30.079999923706055,30.295000076293945,27708,0.0,0.0
2023-07-21 13:30:00-04:00,30.322500228881836,30.40999984741211,30.1200008392334,30.139999389648438,33360,0.0,0.0
2023-07-21 14:30:00-04:00,30.139999389648438,30.149999618530273,29.9950008392334,30.04010009765625,45261,0.0,0.0
2023-07-21 15:30:00-04:00,30.040000915527344,30.209999084472656,30.0,30.190000534057617,133077,0.0,0.0
2023-07-24 09:30:00-04:00,30.25,30.6299991607666,29.809999465942383,30.040000915527344,34652,0.0,0.0
2023-07-24 10:30:00-04:00,30.020000457763672,30.229999542236328,29.8799991607666,30.0,47798,0.0,0.0
2023-07-24 11:30:00-04:00,29.969999313354492,30.0,29.739999771118164,29.760000228881836,20111,0.0,0.0
2023-07-24 12:30:00-04:00,29.78499984741211,29.81999969482422,29.579999923706055,29.59000015258789,22978,0.0,0.0
2023-07-24 13:30:00-04:00,29.58370018005371,29.59000015258789,29.3799991607666,29.579999923706055,61175,0.0,0.0
2023-07-24 14:30:00-04:00,29.549999237060547,29.68000030517578,29.5,29.670000076293945,49651,0.0,0.0
2023-07-24 15:30:00-04:00,29.68000030517578,29.770000457763672,29.469999313354492,29.5,91686,0.0,0.0
2023-07-25 09:30:00-04:00,29.889999389648438,30.405000686645508,29.889999389648438,30.260000228881836,49112,0.0,0.0
2023-07-25 10:30:00-04:00,30.260000228881836,30.59000015258789,30.170000076293945,30.469999313354492,37306,0.0,0.0
2023-07-25 11:30:00-04:00,30.489999771118164,30.700000762939453,30.43000030517578,30.63010025024414,34404,0.0,0.0
2023-07-25 12:30:00-04:00,30.6299991607666,30.809999465942383,30.579999923706055,30.790000915527344,27230,0.0,0.0
2023-07-25 13:30:00-04:00,30.799999237060547,30.864999771118164,30.559999465942383,30.600000381469727,39718,0.0,0.0
2023-07-25 14:30:00-04:00,30.610000610351562,30.739999771118164,30.559999465942383,30.68000030517578,37998,0.0,0.0
2023-07-25 15:30:00-04:00,30.68000030517578,30.860000610351562,30.65999984741211,30.690000534057617,89089,0.0,0.0
2023-07-26 09:30:00-04:00,30.520000457763672,30.969999313354492,30.4950008392334,30.8799991607666,29984,0.0,0.0
2023-07-26 10:30:00-04:00,30.920000076293945,31.135000228881836,30.850000381469727,31.030000686645508,39763,0.0,0.0
2023-07-26 11:30:00-04:00,31.020000457763672,31.190000534057617,30.985200881958008,31.06999969482422,27651,0.0,0.0
2023-07-26 12:30:00-04:00,31.049999237060547,31.214000701904297,31.049999237060547,31.15999984741211,22742,0.0,0.0
2023-07-26 13:30:00-04:00,31.15999984741211,31.290000915527344,31.139999389648438,31.190000534057617,38551,0.0,0.0
2023-07-26 14:30:00-04:00,31.204999923706055,31.420000076293945,31.149999618530273,31.360000610351562,60669,0.0,0.0
2023-07-26 15:30:00-04:00,31.350000381469727,31.40999984741211,31.216400146484375,31.299999237060547,77770,0.0,0.0
2023-07-27 09:30:00-04:00,32.16999816894531,32.72999954223633,31.940000534057617,31.989999771118164,67338,0.0,0.0
2023-07-27 10:30:00-04:00,32.0099983215332,32.18000030517578,31.920000076293945,32.08000183105469,31949,0.0,0.0
2023-07-27 11:30:00-04:00,32.15999984741211,32.15999984741211,31.959999084472656,32.06999969482422,27872,0.0,0.0
2023-07-27 12:30:00-04:00,32.08000183105469,32.08000183105469,31.700000762939453,31.700000762939453,22012,0.0,0.0
2023-07-27 13:30:00-04:00,31.700000762939453,31.780000686645508,31.489999771118164,31.5,23368,0.0,0.0
2023-07-27 14:30:00-04:00,31.485000610351562,31.600000381469727,31.280000686645508,31.56999969482422,40254,0.0,0.0
2023-07-27 15:30:00-04:00,31.610000610351562,31.6200008392334,31.34000015258789,31.510000228881836,85321,0.0,0.0
2023-07-28 09:30:00-04:00,31.860000610351562,32.47999954223633,31.860000610351562,32.2599983215332,30222,0.0,0.0
2023-07-28 10:30:00-04:00,32.380001068115234,32.38999938964844,31.979999542236328,32.04999923706055,33825,0.0,0.0
2023-07-28 11:30:00-04:00,32.02000045776367,32.25,31.979999542236328,32.16999816894531,22866,0.0,0.0
2023-07-28 12:30:00-04:00,32.20000076293945,32.2599983215332,32.13999938964844,32.20500183105469,19331,0.0,0.0
2023-07-28 13:30:00-04:00,32.16999816894531,32.3114013671875,32.130001068115234,32.20000076293945,31369,0.0,0.0
2023-07-28 14:30:00-04:00,32.209999084472656,32.404998779296875,32.119998931884766,32.30500030517578,37868,0.0,0.0
2023-07-28 15:30:00-04:00,32.290000915527344,32.369998931884766,32.150001525878906,32.189998626708984,93591,0.0,0.0
2023-07-31 09:30:00-04:00,32.310001373291016,33.209999084472656,32.310001373291016,32.98569869995117,46693,0.0,0.0
2023-07-31 10:30:00-04:00,32.9900016784668,33.09000015258789,32.81999969482422,33.08000183105469,30875,0.0,0.0
2023-07-31 11:30:00-04:00,33.11000061035156,33.130001068115234,32.720001220703125,32.7599983215332,22331,0.0,0.0
2023-07-31 12:30:00-04:00,32.790000915527344,32.86000061035156,32.685001373291016,32.83000183105469,18632,0.0,0.0
2023-07-31 13:30:00-04:00,32.81999969482422,32.84000015258789,32.66999816894531,32.66999816894531,18000,0.0,0.0
2023-07-31 14:30:00-04:00,32.66999816894531,32.97999954223633,32.58000183105469,32.97999954223633,66353,0.0,0.0
2023-07-31 15:30:00-04:00,32.994998931884766,33.18000030517578,32.88999938964844,33.150001525878906,78935,0.0,0.0
2023-08-01 09:30:00-04:00,32.790000915527344,32.994998931884766,32.630001068115234,32.77000045776367,73271,0.0,0.0
2023-08-01 10:30:00-04:00,32.76499938964844,33.040000915527344,32.7400016784668,32.939998626708984,40567,0.0,0.0
2023-08-01 11:30:00-04:00,32.959999084472656,33.040000915527344,32.86000061035156,32.869998931884766,36283,0.0,0.0
2023-08-01 12:30:00-04:00,32.8650016784668,33.09000015258789,32.8650016784668,33.0099983215332,28339,0.0,0.0
2023-08-01 13:30:00-04:00,33.01499938964844,33.19200134277344,32.68000030517578,32.91999816894531,237716,0.0,0.0
2023-08-01 14:30:00-04:00,32.93000030517578,32.994998931884766,32.880001068115234,32.93000030517578,49108,0.0,0.0
2023-08-01 15:30:00-04:00,32.939998626708984,32.95000076293945,32.790000915527344,32.869998931884766,128996,0.0,0.0
2023-08-02 09:30:00-04:00,32.4900016784668,32.7400016784668,32.28499984741211,32.28499984741211,62993,0.0,0.0
2023-08-02 10:30:00-04:00,32.28499984741211,32.43000030517578,32.15999984741211,32.15999984741211,151972,0.0,0.0
2023-08-02 11:30:00-04:00,32.15999984741211,32.244998931884766,31.68000030517578,31.729999542236328,48116,0.0,0.0
2023-08-02 12:30:00-04:00,31.790000915527344,32.25699996948242,31.760000228881836,32.2400016784668,35378,0.0,0.0
2023-08-02 13:30:00-04:00,32.220001220703125,32.52000045776367,32.189998626708984,32.400001525878906,42348,0.0,0.0
2023-08-02 14:30:00-04:00,32.415000915527344,32.54999923706055,32.349998474121094,32.400001525878906,48951,0.0,0.0
2023-08-02 15:30:00-04:00,32.41999816894531,32.42499923706055,32.220001220703125,32.310001373291016,94667,0.0,0.0
2023-08-03 09:30:00-04:00,32.81999969482422,33.560001373291016,32.52000045776367,32.619998931884766,110248,0.0,0.0
2023-08-03 10:30:00-04:00,32.61899948120117,32.93000030517578,32.52000045776367,32.86000061035156,52600,0.0,0.0
2023-08-03 11:30:00-04:00,32.849998474121094,32.93000030517578,32.720001220703125,32.89500045776367,38003,0.0,0.0
2023-08-03 12:30:00-04:00,32.900001525878906,32.904998779296875,32.560001373291016,32.560001373291016,44478,0.0,0.0
2023-08-03 13:30:00-04:00,32.560001373291016,32.63999938964844,32.41999816894531,32.599998474121094,33660,0.0,0.0
2023-08-03 14:30:00-04:00,32.61000061035156,32.86000061035156,32.59000015258789,32.71500015258789,53770,0.0,0.0
2023-08-03 15:30:00-04:00,32.73849868774414,32.959999084472656,32.66999816894531,32.88999938964844,119423,0.0,0.0
2023-08-04 09:30:00-04:00,32.84000015258789,32.93000030517578,31.8799991607666,32.060001373291016,75459,0.0,0.0
2023-08-04 10:30:00-04:00,32.060001373291016,32.91999816894531,32.060001373291016,32.915000915527344,84028,0.0,0.0
2023-08-04 11:30:00-04:00,32.900001525878906,32.900001525878906,32.619998931884766,32.650001525878906,35929,0.0,0.0
2023-08-04 12:30:00-04:00,32.65999984741211,32.68000030517578,32.529998779296875,32.54499816894531,26296,0.0,0.0
2023-08-04 13:30:00-04:00,32.54499816894531,32.70000076293945,32.5,32.5099983215332,45672,0.0,0.0
2023-08-04 14:30:00-04:00,32.48500061035156,32.54999923706055,32.2599983215332,32.27000045776367,60634,0.0,0.0
2023-08-04 15:30:00-04:00,32.31999969482422,32.33000183105469,31.940000534057617,31.950000762939453,111777,0.0,0.0
2023-08-07 09:30:00-04:00,31.90999984741211,31.920000076293945,31.3700008392334,31.610000610351562,44396,0.0,0.0
2023-08-07 10:30:00-04:00,31.59000015258789,31.790000915527344,31.549999237060547,31.65999984741211,44903,0.0,0.0
2023-08-07 11:30:00-04:00,31.670000076293945,32.16999816894531,31.610000610351562,32.16999816894531,35090,0.0,0.0
2023-08-07 12:30:00-04:00,32.15999984741211,32.2599983215332,32.08000183105469,32.150001525878906,55676,0.0,0.0
2023-08-07 13:30:00-04:00,32.16999816894531,32.22999954223633,32.029998779296875,32.06999969482422,78698,0.0,0.0
2023-08-07 14:30:00-04:00,32.08000183105469,32.19499969482422,31.93000030517578,31.940000534057617,106447,0.0,0.0
2023-08-07 15:30:00-04:00,31.940000534057617,32.11000061035156,31.80500030517578,32.060001373291016,302783,0.0,0.0
2023-08-08 09:30:00-04:00,33.0,33.68960189819336,30.34000015258789,31.049999237060547,106310,0.0,0.0
2023-08-08 10:30:00-04:00,31.01650047302246,31.049999237060547,30.1299991607666,30.65999984741211,92116,0.0,0.0
2023-08-08 11:30:00-04:00,30.674999237060547,30.989999771118164,30.280000686645508,30.809999465942383,111170,0.0,0.0
2023-08-08 12:30:00-04:00,30.790000915527344,30.8799991607666,30.360000610351562,30.799999237060547,85940,0.0,0.0
2023-08-08 13:30:00-04:00,30.790000915527344,31.3700008392334,30.690000534057617,31.1200008392334,109647,0.0,0.0
2023-08-08 14:30:00-04:00,31.139999389648438,31.15999984741211,30.815000534057617,30.950000762939453,102856,0.0,0.0
2023-08-08 15:30:00-04:00,30.959999084472656,30.969999313354492,30.700000762939453,30.719999313354492,176161,0.0,0.0
2023-08-09 09:30:00-04:00,31.59000015258789,31.59000015258789,30.100000381469727,30.479999542236328,75940,0.0,0.0
2023-08-09 10:30:00-04:00,30.5,30.80500030517578,30.350000381469727,30.725000381469727,63066,0.0,0.0
2023-08-09 11:30:00-04:00,30.725000381469727,30.90999984741211,30.665000915527344,30.739999771118164,54115,0.0,0.0
2023-08-09 12:30:00-04:00,30.719999313354492,30.959999084472656,30.690000534057617,30.93000030517578,39353,0.0,0.0
2023-08-09 13:30:00-04:00,30.959999084472656,31.1299991607666,30.93000030517578,31.049999237060547,29319,0.0,0.0
2023-08-09 14:30:00-04:00,31.024999618530273,31.329999923706055,30.889999389648438,31.290000915527344,50935,0.0,0.0
2023-08-09 15:30:00-04:00,31.295000076293945,31.334999084472656,31.040000915527344,31.09000015258789,152695,0.0,0.0
2023-08-10 09:30:00-04:00,31.829999923706055,32.11000061035156,31.399999618530273,31.399999618530273,69381,0.0,0.0
2023-08-10 10:30:00-04:00,31.399999618530273,31.780000686645508,31.26180076599121,31.5,62169,0.0,0.0
2023-08-10 11:30:00-04:00,31.530000686645508,31.6299991607666,31.329999923706055,31.389999389648438,39356,0.0,0.0
2023-08-10 12:30:00-04:00,31.399999618530273,31.469999313354492,31.15999984741211,31.15999984741211,28956,0.0,0.0
2023-08-10 13:30:00-04:00,31.145000457763672,31.360000610351562,31.079999923706055,31.350000381469727,44899,0.0,0.0
2023-08-10 14:30:00-04:00,31.389999389648438,31.549999237060547,31.280000686645508,31.43000030517578,48349,0.0,0.0
2023-08-10 15:30:00-04:00,31.43000030517578,31.524999618530273,31.34000015258789,31.510000228881836,94903,0.0,0.0
2023-08-11 09:30:00-04:00,31.549999237060547,31.760000228881836,31.170000076293945,31.65999984741211,38243,0.0,0.0
2023-08-11 10:30:00-04:00,31.690000534057617,31.93000030517578,31.520000457763672,31.520000457763672,68367,0.0,0.0
2023-08-11 11:30:00-04:00,31.420000076293945,31.510000228881836,31.290000915527344,31.43000030517578,35881,0.0,0.0
2023-08-11 12:30:00-04:00,31.43000030517578,31.59000015258789,31.375,31.540000915527344,27087,0.0,0.0
2023-08-11 13:30:00-04:00,31.510000228881836,31.670000076293945,31.479999542236328,31.59000015258789,25306,0.0,0.0
2023-08-11 14:30:00-04:00,31.594999313354492,31.690000534057617,31.540000915527344,31.65999984741211,29422,0.0,0.0
2023-08-11 15:30:00-04:00,31.68000030517578,31.68000030517578,31.5049991607666,31.520000457763672,101186,0.0,0.0
2023-08-14 09:30:00-04:00,31.239999771118164,31.420000076293945,30.93000030517578,31.190000534057617,32403,0.0,0.0
2023-08-14 10:30:00-04:00,31.229999542236328,31.40999984741211,31.18000030517578,31.260000228881836,38692,0.0,0.0
2023-08-14 11:30:00-04:00,31.260000228881836,31.299999237060547,31.155000686645508,31.184999465942383,47384,0.0,0.0
2023-08-14 12:30:00-04:00,31.209999084472656,31.299999237060547,31.149999618530273,31.15999984741211,37364,0.0,0.0
2023-08-14 13:30:00-04:00,31.170000076293945,31.219999313354492,30.825000762939453,30.895000457763672,44792,0.0,0.0
2023-08-14 14:30:00-04:00,30.8799991607666,31.0,30.780000686645508,30.959999084472656,64595,0.0,0.0
2023-08-14 15:30:00-04:00,30.959999084472656,31.0,30.844999313354492,31.0,103148,0.0,0.0
2023-08-15 09:30:00-04:00,30.670000076293945,31.139999389648438,30.670000076293945,30.719999313354492,36437,0.0,0.0
2023-08-15 10:30:00-04:00,30.6299991607666,30.860000610351562,30.6299991607666,30.764999389648438,36737,0.0,0.0
2023-08-15 11:30:00-04:00,30.799999237060547,30.799999237060547,30.559999465942383,30.604999542236328,23552,0.0,0.0
2023-08-15 12:30:00-04:00,30.6200008392334,30.709999084472656,30.489999771118164,30.540000915527344,20742,0.0,0.0
2023-08-15 13:30:00-04:00,30.540000915527344,30.565000534057617,30.375,30.5,63792,0.0,0.0
2023-08-15 14:30:00-04:00,30.475000381469727,30.53499984741211,30.25,30.280000686645508,47038,0.0,0.0
2023-08-15 15:30:00-04:00,30.280000686645508,30.364999771118164,30.2450008392334,30.274999618530273,106269,0.0,0.0
2023-08-16 09:30:00-04:00,30.34000015258789,30.450000762939453,30.010000228881836,30.34000015258789,37592,0.0,0.0
2023-08-16 10:30:00-04:00,30.360000610351562,30.65999984741211,30.360000610351562,30.524999618530273,40780,0.0,0.0
2023-08-16 11:30:00-04:00,30.522600173950195,30.56999969482422,30.3799991607666,30.399999618530273,18378,0.0,0.0
2023-08-16 12:30:00-04:00,30.399999618530273,30.459999084472656,30.34000015258789,30.395000457763672,26852,0.0,0.0
2023-08-16 13:30:00-04:00,30.3799991607666,30.40999984741211,30.219999313354492,30.389999389648438,23058,0.0,0.0
2023-08-16 14:30:00-04:00,30.399999618530273,30.450000762939453,30.34000015258789,30.389999389648438,33129,0.0,0.0
2023-08-16 15:30:00-04:00,30.399999618530273,30.40999984741211,30.270000457763672,30.31999969482422,90696,0.0,0.0
2023-08-17 09:30:00-04:00,30.34000015258789,30.510000228881836,30.139999389648438,30.44499969482422,26351,0.0,0.0
2023-08-17 10:30:00-04:00,30.489999771118164,30.489999771118164,30.010000228881836,30.094999313354492,39253,0.0,0.0
2023-08-17 11:30:00-04:00,30.1299991607666,30.25,30.079999923706055,30.2450008392334,32177,0.0,0.0
2023-08-17 12:30:00-04:00,30.309999465942383,30.3700008392334,30.235000610351562,30.3700008392334,26211,0.0,0.0
2023-08-17 13:30:00-04:00,30.3700008392334,30.639999389648438,30.170000076293945,30.18000030517578,49405,0.0,0.0
2023-08-17 14:30:00-04:00,30.18000030517578,30.420000076293945,30.09000015258789,30.264999389648438,73970,0.0,0.0
2023-08-17 15:30:00-04:00,30.264999389648438,30.309999465942383,30.200000762939453,30.25,100563,0.0,0.0
2023-08-18 09:30:00-04:00,29.979999542236328,30.34000015258789,29.940000534057617,30.06999969482422,34794,0.0,0.0
2023-08-18 10:30:00-04:00,30.100000381469727,30.170000076293945,29.959999084472656,30.059999465942383,28818,0.0,0.0
2023-08-18 11:30:00-04:00,30.082599639892578,30.219999313354492,29.8799991607666,30.1200008392334,29785,0.0,0.0
2023-08-18 12:30:00-04:00,30.1200008392334,30.209999084472656,29.969999313354492,30.139999389648438,37658,0.0,0.0
2023-08-18 13:30:00-04:00,30.114999771118164,30.290000915527344,30.079999923706055,30.290000915527344,45939,0.0,0.0
2023-08-18 14:30:00-04:00,30.260000228881836,30.309999465942383,30.1200008392334,30.229999542236328,46609,0.0,0.0
2023-08-18 15:30:00-04:00,30.219999313354492,30.309999465942383,30.190000534057617,30.229999542236328,98853,0.0,0.0
2023-08-21 09:30:00-04:00,30.229999542236328,30.510000228881836,30.09000015258789,30.18000030517578,59154,0.0,0.0
2023-08-21 10:30:00-04:00,30.18000030517578,30.219999313354492,29.969999313354492,30.020000457763672,55653,0.0,0.0
2023-08-21 11:30:00-04:00,30.049999237060547,30.200000762939453,30.03499984741211,30.170000076293945,24458,0.0,0.0
2023-08-21 12:30:00-04:00,30.18000030517578,30.25,30.070199966430664,30.209999084472656,25974,0.0,0.0
2023-08-21 13:30:00-04:00,30.200000762939453,30.399999618530273,30.200000762939453,30.375,21721,0.0,0.0
2023-08-21 14:30:00-04:00,30.3700008392334,30.489999771118164,30.34000015258789,30.389999389648438,28129,0.0,0.0
2023-08-21 15:30:00-04:00,30.399999618530273,30.43000030517578,30.295000076293945,30.3700008392334,81114,0.0,0.0
2023-08-22 09:30:00-04:00,30.6299991607666,31.139999389648438,30.309999465942383,30.459999084472656,40055,0.0,0.0
2023-08-22 10:30:00-04:00,30.43000030517578,30.520000457763672,30.290000915527344,30.459999084472656,43390,0.0,0.0
2023-08-22 11:30:00-04:00,30.440099716186523,30.459999084472656,30.170000076293945,30.190000534057617,38978,0.0,0.0
2023-08-22 12:30:00-04:00,30.200000762939453,30.209999084472656,30.075000762939453,30.200000762939453,35960,0.0,0.0
2023-08-22 13:30:00-04:00,30.18000030517578,30.360000610351562,30.18000030517578,30.34000015258789,77881,0.0,0.0
2023-08-22 14:30:00-04:00,30.350000381469727,30.520000457763672,30.31999969482422,30.420000076293945,49196,0.0,0.0
2023-08-22 15:30:00-04:00,30.43000030517578,30.43000030517578,30.25,30.290000915527344,95712,0.0,0.0
2023-08-23 09:30:00-04:00,30.260000228881836,30.579999923706055,30.260000228881836,30.3700008392334,25758,0.0,0.0
2023-08-23 10:30:00-04:00,30.40999984741211,30.4689998626709,30.290000915527344,30.3799991607666,28232,0.0,0.0
2023-08-23 11:30:00-04:00,30.3799991607666,30.420000076293945,30.18000030517578,30.18000030517578,25805,0.0,0.0
2023-08-23 12:30:00-04:00,30.18000030517578,30.229999542236328,30.139999389648438,30.219999313354492,23400,0.0,0.0
2023-08-23 13:30:00-04:00,30.200000762939453,30.260000228881836,30.149999618530273,30.170000076293945,19753,0.0,0.0
2023-08-23 14:30:00-04:00,30.190000534057617,30.209999084472656,30.100000381469727,30.1200008392334,34979,0.0,0.0
2023-08-23 15:30:00-04:00,30.1200008392334,30.170000076293945,29.940000534057617,29.940000534057617,92632,0.0,0.0
2023-08-24 09:30:00-04:00,30.010000228881836,30.075000762939453,29.40999984741211,29.459999084472656,42534,0.0,0.0
2023-08-24 10:30:00-04:00,29.479999542236328,29.6299991607666,29.25,29.31999969482422,34862,0.0,0.0
2023-08-24 11:30:00-04:00,29.309999465942383,29.31999969482422,29.06999969482422,29.260000228881836,48582,0.0,0.0
2023-08-24 12:30:00-04:00,29.260000228881836,29.329999923706055,29.200000762939453,29.200000762939453,27518,0.0,0.0
2023-08-24 13:30:00-04:00,29.190000534057617,29.239999771118164,29.040000915527344,29.1299991607666,47546,0.0,0.0
2023-08-24 14:30:00-04:00,29.149999618530273,29.270000457763672,29.030000686645508,29.270000457763672,56574,0.0,0.0
2023-08-24 15:30:00-04:00,29.270000457763672,29.280000686645508,29.09000015258789,29.239999771118164,208690,0.0,0.0
2023-08-25 09:30:00-04:00,29.040000915527344,29.420000076293945,28.950000762939453,28.950000762939453,60464,0.0,0.0
2023-08-25 10:30:00-04:00,28.959999084472656,29.030000686645508,28.6299991607666,28.844999313354492,50067,0.0,0.0
2023-08-25 11:30:00-04:00,28.85689926147461,28.90999984741211,28.75,28.90999984741211,40938,0.0,0.0
2023-08-25 12:30:00-04:00,28.93000030517578,29.149999618530273,28.889999389648438,29.06999969482422,27654,0.0,0.0
2023-08-25 13:30:00-04:00,29.065000534057617,29.219999313354492,28.969999313354492,29.139999389648438,38524,0.0,0.0
2023-08-25 14:30:00-04:00,29.149999618530273,29.290000915527344,29.049999237060547,29.264999389648438,56195,0.0,0.0
2023-08-25 15:30:00-04:00,29.260000228881836,29.299999237060547,29.040000915527344,29.15999984741211,208505,0.0,0.0
2023-08-28 09:30:00-04:00,29.06999969482422,29.469999313354492,29.010000228881836,29.18000030517578,47735,0.0,0.0
2023-08-28 10:30:00-04:00,29.15999984741211,29.229999542236328,29.05500030517578,29.05500030517578,38262,0.0,0.0
2023-08-28 11:30:00-04:00,29.06999969482422,29.190000534057617,29.020000457763672,29.020000457763672,32793,0.0,0.0
2023-08-28 12:30:00-04:00,29.020000457763672,29.079999923706055,28.969999313354492,28.969999313354492,26597,0.0,0.0
2023-08-28 13:30:00-04:00,28.969999313354492,28.969999313354492,28.84000015258789,28.868600845336914,42011,0.0,0.0
2023-08-28 14:30:00-04:00,28.860000610351562,29.059999465942383,28.799999237060547,29.030000686645508,55278,0.0,0.0
2023-08-28 15:30:00-04:00,29.040000915527344,29.329999923706055,29.040000915527344,29.329999923706055,143388,0.0,0.0
2023-08-29 09:30:00-04:00,29.15999984741211,29.510000228881836,29.15999984741211,29.46929931640625,26327,0.0,0.0
2023-08-29 10:30:00-04:00,29.5,29.65999984741211,29.5,29.639999389648438,28045,0.0,0.0
2023-08-29 11:30:00-04:00,29.6299991607666,29.90999984741211,29.6299991607666,29.850000381469727,38723,0.0,0.0
2023-08-29 12:30:00-04:00,29.8799991607666,29.90999984741211,29.735000610351562,29.885000228881836,21769,0.0,0.0
2023-08-29 13:30:00-04:00,29.899999618530273,30.0,29.8700008392334,29.959999084472656,32264,0.0,0.0
2023-08-29 14:30:00-04:00,29.950000762939453,30.059999465942383,29.8799991607666,29.94499969482422,55484,0.0,0.0
2023-08-29 15:30:00-04:00,29.950000762939453,30.06999969482422,29.92690086364746,30.06999969482422,131709,0.0,0.0
2023-08-30 09:30:00-04:00,29.8799991607666,30.239999771118164,29.780000686645508,30.149999618530273,41395,0.0,0.0
2023-08-30 10:30:00-04:00,30.170000076293945,30.3799991607666,29.969999313354492,30.260000228881836,47055,0.0,0.0
2023-08-30 11:30:00-04:00,30.280000686645508,30.469999313354492,30.2549991607666,30.2549991607666,32765,0.0,0.0
2023-08-30 12:30:00-04:00,30.239999771118164,30.290000915527344,30.0841007232666,30.209999084472656,36557,0.0,0.0
2023-08-30 13:30:00-04:00,30.209999084472656,30.270000457763672,30.149999618530273,30.229999542236328,63606,0.0,0.0
2023-08-30 14:30:00-04:00,30.225000381469727,30.315000534057617,30.209999084472656,30.315000534057617,53724,0.0,0.0
2023-08-30 15:30:00-04:00,30.31999969482422,30.389999389648438,30.170000076293945,30.200000762939453,112767,0.0,0.0
2023-08-31 09:30:00-04:00,30.200000762939453,30.600000381469727,30.145000457763672,30.280000686645508,35324,0.0,0.0
2023-08-31 10:30:00-04:00,30.290000915527344,30.520000457763672,30.280000686645508,30.3700008392334,44622,0.0,0.0
2023-08-31 11:30:00-04:00,30.3799991607666,30.389999389648438,29.920000076293945,29.93000030517578,39209,0.0,0.0
2023-08-31 12:30:00-04:00,29.93000030517578,29.979999542236328,29.719999313354492,29.799999237060547,28276,0.0,0.0
2023-08-31 13:30:00-04:00,29.799999237060547,30.06999969482422,29.68000030517578,30.06999969482422,42126,0.0,0.0
2023-08-31 14:30:00-04:00,30.049999237060547,30.104999542236328,29.905000686645508,30.09000015258789,54381,0.0,0.0
2023-08-31 15:30:00-04:00,30.100000381469727,30.170000076293945,30.049999237060547,30.149999618530273,149135,0.0,0.0
2023-09-01 09:30:00-04:00,30.459999084472656,30.729999542236328,30.31999969482422,30.5,75494,0.0,0.0
2023-09-01 10:30:00-04:00,30.469999313354492,30.81999969482422,30.40999984741211,30.809999465942383,70122,0.0,0.0
2023-09-01 11:30:00-04:00,30.81999969482422,30.829999923706055,30.350000381469727,30.3700008392334,51190,0.0,0.0
2023-09-01 12:30:00-04:00,30.360000610351562,30.399999618530273,30.030000686645508,30.09000015258789,43825,0.0,0.0
2023-09-01 13:30:00-04:00,30.079999923706055,30.1299991607666,29.8799991607666,29.8799991607666,32638,0.0,0.0
2023-09-01 14:30:00-04:00,29.889999389648438,30.190000534057617,29.889999389648438,30.110000610351562,39193,0.0,0.0
2023-09-01 15:30:00-04:00,30.100000381469727,30.270000457763672,29.979999542236328,30.139999389648438,151865,0.0,0.0
2023-09-05 09:30:00-04:00,29.959999084472656,30.56999969482422,29.631999969482422,30.55500030517578,55567,0.0,0.0
2023-09-05 10:30:00-04:00,30.584999084472656,30.610000610351562,30.26930046081543,30.549999237060547,44896,0.0,0.0
2023-09-05 11:30:00-04:00,30.530000686645508,30.735000610351562,30.510000228881836,30.700000762939453,32105,0.0,0.0
2023-09-05 12:30:00-04:00,30.69499969482422,30.69499969482422,30.540000915527344,30.594999313354492,37087,0.0,0.0
2023-09-05 13:30:00-04:00,30.604999542236328,30.665000915527344,30.4950008392334,30.610000610351562,37054,0.0,0.0
2023-09-05 14:30:00-04:00,30.600000381469727,30.6200008392334,30.40999984741211,30.440000534057617,48817,0.0,0.0
2023-09-05 15:30:00-04:00,30.44499969482422,30.649999618530273,30.44499969482422,30.559999465942383,116320,0.0,0.0
2023-09-06 09:30:00-04:00,30.459999084472656,30.760000228881836,30.3799991607666,30.700000762939453,27253,0.0,0.0
2023-09-06 10:30:00-04:00,30.690000534057617,30.93000030517578,30.65999984741211,30.90999984741211,38409,0.0,0.0
2023-09-06 11:30:00-04:00,30.8799991607666,31.059999465942383,30.854999542236328,30.993999481201172,31608,0.0,0.0
2023-09-06 12:30:00-04:00,30.989999771118164,31.040000915527344,30.899999618530273,31.030000686645508,28281,0.0,0.0
2023-09-06 13:30:00-04:00,31.049999237060547,31.15999984741211,31.0,31.15999984741211,36162,0.0,0.0
2023-09-06 14:30:00-04:00,31.15999984741211,31.479999542236328,31.15999984741211,31.385000228881836,58273,0.0,0.0
2023-09-06 15:30:00-04:00,31.399999618530273,31.600000381469727,31.389999389648438,31.520000457763672,112646,0.0,0.0
2023-09-07 09:30:00-04:00,31.239999771118164,32.11000061035156,30.65999984741211,32.08000183105469,88505,0.0,0.0
2023-09-07 10:30:00-04:00,32.04999923706055,32.31999969482422,32.040000915527344,32.2400016784668,49383,0.0,0.0
2023-09-07 11:30:00-04:00,32.25,32.31999969482422,32.1150016784668,32.16999816894531,57585,0.0,0.0
2023-09-07 12:30:00-04:00,32.16999816894531,32.46500015258789,32.16999816894531,32.45000076293945,42279,0.0,0.0
2023-09-07 13:30:00-04:00,32.439998626708984,32.505001068115234,32.349998474121094,32.380001068115234,48028,0.0,0.0
2023-09-07 14:30:00-04:00,32.3849983215332,32.66999816894531,32.380001068115234,32.66999816894531,66574,0.0,0.0
2023-09-07 15:30:00-04:00,32.625,32.63999938964844,32.369998931884766,32.38999938964844,166173,0.0,0.0
2023-09-08 09:30:00-04:00,32.540000915527344,32.83000183105469,32.25,32.45000076293945,45689,0.0,0.0
2023-09-08 10:30:00-04:00,32.45000076293945,32.540000915527344,32.20000076293945,32.2400016784668,54907,0.0,0.0
2023-09-08 11:30:00-04:00,32.255001068115234,32.310001373291016,31.979999542236328,31.979999542236328,38019,0.0,0.0
2023-09-08 12:30:00-04:00,32.0099983215332,32.040000915527344,31.850000381469727,31.915000915527344,26100,0.0,0.0
2023-09-08 13:30:00-04:00,31.93000030517578,32.11000061035156,31.93000030517578,32.01499938964844,39580,0.0,0.0
2023-09-08 14:30:00-04:00,32.0,32.029998779296875,31.600000381469727,31.600000381469727,51799,0.0,0.0
2023-09-08 15:30:00-04:00,31.579999923706055,31.68000030517578,31.469999313354492,31.510000228881836,69044,0.0,0.0
2023-09-11 09:30:00-04:00,31.690000534057617,31.719999313354492,31.43000030517578,31.719999313354492,33354,0.0,0.0
2023-09-11 10:30:00-04:00,31.709999084472656,31.709999084472656,31.338300704956055,31.352500915527344,22481,0.0,0.0
2023-09-11 11:30:00-04:00,31.360000610351562,31.510000228881836,31.360000610351562,31.399999618530273,20212,0.0,0.0
2023-09-11 12:30:00-04:00,31.389999389648438,31.40999984741211,31.270000457763672,31.34000015258789,11893,0.0,0.0
2023-09-11 13:30:00-04:00,31.350000381469727,31.389999389648438,31.190000534057617,31.349899291992188,24997,0.0,0.0
2023-09-11 14:30:00-04:00,31.299999237060547,31.360000610351562,31.18000030517578,31.229999542236328,29529,0.0,0.0
2023-09-11 15:30:00-04:00,31.28499984741211,31.329999923706055,31.18000030517578,31.280000686645508,107232,0.0,0.0
2023-09-12 09:30:00-04:00,30.59000015258789,31.03499984741211,30.520000457763672,30.774599075317383,34323,0.0,0.0
2023-09-12 10:30:00-04:00,30.75,30.809999465942383,30.420000076293945,30.559999465942383,20709,0.0,0.0
2023-09-12 11:30:00-04:00,30.55030059814453,30.65999984741211,30.3700008392334,30.610000610351562,22701,0.0,0.0
2023-09-12 12:30:00-04:00,30.600000381469727,30.75,30.510000228881836,30.75,22022,0.0,0.0
2023-09-12 13:30:00-04:00,30.75,30.7549991607666,30.1299991607666,30.18000030517578,48744,0.0,0.0
2023-09-12 14:30:00-04:00,30.149999618530273,30.170000076293945,30.049999237060547,30.1200008392334,39138,0.0,0.0
2023-09-12 15:30:00-04:00,30.139999389648438,30.139999389648438,29.940000534057617,29.989999771118164,79932,0.0,0.0
2023-09-13 09:30:00-04:00,29.6200008392334,30.459999084472656,29.520000457763672,29.979999542236328,873171,0.0,0.0
2023-09-13 10:30:00-04:00,29.9950008392334,30.010000228881836,29.46500015258789,29.469999313354492,319357,0.0,0.0
2023-09-13 11:30:00-04:00,29.469999313354492,29.55500030517578,29.100000381469727,29.415000915527344,272520,0.0,0.0
2023-09-13 12:30:00-04:00,29.415000915527344,29.59000015258789,29.229999542236328,29.59000015258789,270187,0.0,0.0
2023-09-13 13:30:00-04:00,29.571699142456055,29.6200008392334,29.290000915527344,29.530000686645508,180118,0.0,0.0
2023-09-13 14:30:00-04:00,29.521099090576172,29.59000015258789,29.40999984741211,29.440000534057617,145977,0.0,0.0
2023-09-13 15:30:00-04:00,29.450000762939453,29.59000015258789,29.389999389648438,29.424999237060547,368950,0.0,0.0
2023-09-14 09:30:00-04:00,29.459999084472656,29.700000762939453,29.16659927368164,29.4950008392334,89003,0.0,0.0
2023-09-14 10:30:00-04:00,29.510000228881836,29.899999618530273,29.459999084472656,29.729999542236328,143879,0.0,0.0
2023-09-14 11:30:00-04:00,29.719999313354492,29.719999313354492,29.350000381469727,29.354999542236328,57197,0.0,0.0
2023-09-14 12:30:00-04:00,29.360000610351562,29.510000228881836,29.299999237060547,29.5,62912,0.0,0.0
2023-09-14 13:30:00-04:00,29.5049991607666,29.510000228881836,29.309999465942383,29.350000381469727,53786,0.0,0.0
2023-09-14 14:30:00-04:00,29.350000381469727,29.44499969482422,29.299999237060547,29.399999618530273,64885,0.0,0.0
2023-09-14 15:30:00-04:00,29.408300399780273,29.5,29.329999923706055,29.5,215812,0.0,0.0
2023-09-15 09:30:00-04:00,29.360000610351562,29.479999542236328,29.059999465942383,29.1299991607666,111407,0.0,0.0
2023-09-15 10:30:00-04:00,29.200000762939453,29.40999984741211,29.170000076293945,29.360000610351562,49602,0.0,0.0
2023-09-15 11:30:00-04:00,29.34000015258789,29.420000076293945,29.280000686645508,29.329999923706055,31849,0.0,0.0
2023-09-15 12:30:00-04:00,29.350000381469727,29.424999237060547,29.280000686645508,29.299999237060547,85494,0.0,0.0
2023-09-15 13:30:00-04:00,29.31999969482422,29.454999923706055,29.280000686645508,29.354999542236328,78322,0.0,0.0
2023-09-15 14:30:00-04:00,29.34000015258789,29.690000534057617,29.30500030517578,29.690000534057617,58108,0.0,0.0
2023-09-15 15:30:00-04:00,29.69499969482422,29.760000228881836,29.610000610351562,29.709999084472656,215930,0.0,0.0
2023-09-18 09:30:00-04:00,29.59000015258789,29.65999984741211,29.25,29.280000686645508,30455,0.0,0.0
2023-09-18 10:30:00-04:00,29.25,29.25,28.802000045776367,28.889999389648438,49008,0.0,0.0
2023-09-18 11:30:00-04:00,28.889999389648438,29.110000610351562,28.809999465942383,29.040000915527344,69095,0.0,0.0
2023-09-18 12:30:00-04:00,29.010000228881836,29.34000015258789,28.989999771118164,29.295000076293945,32211,0.0,0.0
2023-09-18 13:30:00-04:00,29.301300048828125,29.469999313354492,29.280000686645508,29.385000228881836,28074,0.0,0.0
2023-09-18 14:30:00-04:00,29.385000228881836,29.385000228881836,29.280000686645508,29.299999237060547,40678,0.0,0.0
2023-09-18 15:30:00-04:00,29.290000915527344,29.309999465942383,29.110000610351562,29.110000610351562,117834,0.0,0.0
2023-09-19 09:30:00-04:00,29.020000457763672,29.229999542236328,28.950000762939453,29.020000457763672,39428,0.0,0.0
2023-09-19 10:30:00-04:00,29.020000457763672,29.040000915527344,28.84000015258789,28.899999618530273,61272,0.0,0.0
2023-09-19 11:30:00-04:00,28.895000457763672,29.010000228881836,28.84000015258789,28.899999618530273,34600,0.0,0.0
2023-09-19 12:30:00-04:00,28.895000457763672,29.09000015258789,28.895000457763672,29.059999465942383,28409,0.0,0.0
2023-09-19 13:30:00-04:00,29.059999465942383,29.190000534057617,29.059999465942383,29.1299991607666,23879,0.0,0.0
2023-09-19 14:30:00-04:00,29.139999389648438,29.25,29.100000381469727,29.229999542236328,30723,0.0,0.0
2023-09-19 15:30:00-04:00,29.2450008392334,29.2450008392334,29.1299991607666,29.18000030517578,100639,0.0,0.0
2023-09-20 09:30:00-04:00,29.030000686645508,29.139999389648438,28.81999969482422,28.90999984741211,48080,0.0,0.0
2023-09-20 10:30:00-04:00,28.899999618530273,28.979999542236328,28.885000228881836,28.979999542236328,22294,0.0,0.0
2023-09-20 11:30:00-04:00,28.969999313354492,29.059999465942383,28.954999923706055,29.024999618530273,29824,0.0,0.0
2023-09-20 12:30:00-04:00,29.024999618530273,29.200000762939453,28.985000610351562,29.145000457763672,17746,0.0,0.0
2023-09-20 13:30:00-04:00,29.145000457763672,29.145000457763672,28.8700008392334,29.030000686645508,29108,0.0,0.0
2023-09-20 14:30:00-04:00,29.030000686645508,29.06999969482422,28.889999389648438,28.959999084472656,44898,0.0,0.0
2023-09-20 15:30:00-04:00,28.969999313354492,28.979999542236328,28.459999084472656,28.469999313354492,144986,0.0,0.0
2023-09-21 09:30:00-04:00,28.18000030517578,28.190000534057617,27.844999313354492,27.899999618530273,97492,0.0,0.0
2023-09-21 10:30:00-04:00,27.90999984741211,28.100000381469727,27.905000686645508,28.010000228881836,59622,0.0,0.0
2023-09-21 11:30:00-04:00,28.03499984741211,28.079999923706055,27.760000228881836,27.795000076293945,39932,0.0,0.0
2023-09-21 12:30:00-04:00,27.790000915527344,28.020000457763672,27.729999542236328,27.989999771118164,38567,0.0,0.0
2023-09-21 13:30:00-04:00,27.989999771118164,28.079999923706055,27.91230010986328,27.959999084472656,51842,0.0,0.0
2023-09-21 14:30:00-04:00,27.93000030517578,27.93000030517578,27.71809959411621,27.71809959411621,43436,0.0,0.0
2023-09-21 15:30:00-04:00,27.719999313354492,27.739999771118164,27.489999771118164,27.489999771118164,162793,0.0,0.0
2023-09-22 09:30:00-04:00,28.469999313354492,28.969999313354492,28.219999313354492,28.69499969482422,189035,0.0,0.0
2023-09-22 10:30:00-04:00,28.700000762939453,29.040000915527344,28.6299991607666,28.75,96189,0.0,0.0
2023-09-22 11:30:00-04:00,28.770000457763672,28.8700008392334,28.700000762939453,28.75,102667,0.0,0.0
2023-09-22 12:30:00-04:00,28.760000228881836,28.920000076293945,28.700000762939453,28.764999389648438,52851,0.0,0.0
2023-09-22 13:30:00-04:00,28.780000686645508,28.969999313354492,28.684999465942383,28.709999084472656,86944,0.0,0.0
2023-09-22 14:30:00-04:00,28.739999771118164,28.760000228881836,28.649999618530273,28.739999771118164,89864,0.0,0.0
2023-09-22 15:30:00-04:00,28.7549991607666,28.780000686645508,28.5,28.65999984741211,301209,0.0,0.0
2023-09-25 09:30:00-04:00,28.510000228881836,29.139999389648438,28.510000228881836,28.75,56597,0.0,0.0
2023-09-25 10:30:00-04:00,28.75,29.020000457763672,28.700000762939453,28.8700008392334,44483,0.0,0.0
2023-09-25 11:30:00-04:00,28.889999389648438,29.06999969482422,28.889999389648438,29.020000457763672,25041,0.0,0.0
2023-09-25 12:30:00-04:00,29.0,29.219999313354492,28.937000274658203,29.059999465942383,36052,0.0,0.0
2023-09-25 13:30:00-04:00,29.06999969482422,29.200000762939453,29.049999237060547,29.079999923706055,29536,0.0,0.0
2023-09-25 14:30:00-04:00,29.049999237060547,29.049999237060547,28.790000915527344,28.790000915527344,30434,0.0,0.0
2023-09-25 15:30:00-04:00,28.799999237060547,28.90999984741211,28.770000457763672,28.90999984741211,80210,0.0,0.0
2023-09-26 09:30:00-04:00,28.829999923706055,29.219999313354492,28.700000762939453,28.760000228881836,42623,0.0,0.0
2023-09-26 10:30:00-04:00,28.735000610351562,28.770000457763672,28.524999618530273,28.551000595092773,30432,0.0,0.0
2023-09-26 11:30:00-04:00,28.540000915527344,28.59000015258789,28.380300521850586,28.489999771118164,32772,0.0,0.0
2023-09-26 12:30:00-04:00,28.4950008392334,28.5049991607666,28.389999389648438,28.399999618530273,30343,0.0,0.0
2023-09-26 13:30:00-04:00,28.420000076293945,28.440000534057617,28.239999771118164,28.361000061035156,40812,0.0,0.0
2023-09-26 14:30:00-04:00,28.395000457763672,28.395000457763672,28.100000381469727,28.100000381469727,63769,0.0,0.0
2023-09-26 15:30:00-04:00,28.1200008392334,28.219999313354492,28.059999465942383,28.200000762939453,113764,0.0,0.0
2023-09-27 09:30:00-04:00,28.420000076293945,28.719999313354492,28.420000076293945,28.719999313354492,35051,0.0,0.0
2023-09-27 10:30:00-04:00,28.739999771118164,29.020000457763672,28.610000610351562,29.020000457763672,41328,0.0,0.0
2023-09-27 11:30:00-04:00,29.030000686645508,29.199899673461914,28.68000030517578,28.78499984741211,45078,0.0,0.0
2023-09-27 12:30:00-04:00,28.78499984741211,28.850000381469727,28.639999389648438,28.649999618530273,34760,0.0,0.0
2023-09-27 13:30:00-04:00,28.665000915527344,28.700000762939453,28.59000015258789,28.635000228881836,34809,0.0,0.0
2023-09-27 14:30:00-04:00,28.649999618530273,28.940000534057617,28.6299991607666,28.834999084472656,64794,0.0,0.0
2023-09-27 15:30:00-04:00,28.799999237060547,28.90999984741211,28.68000030517578,28.90999984741211,105548,0.0,0.0
2023-09-28 09:30:00-04:00,28.899999618530273,29.1299991607666,28.739999771118164,28.799999237060547,34591,0.0,0.0
2023-09-28 10:30:00-04:00,28.790199279785156,29.268999099731445,28.760000228881836,29.268999099731445,28762,0.0,0.0
2023-09-28 11:30:00-04:00,29.270000457763672,29.420000076293945,29.260000228881836,29.395000457763672,32480,0.0,0.0
2023-09-28 12:30:00-04:00,29.3799991607666,29.440000534057617,29.010000228881836,29.014999389648438,24835,0.0,0.0
2023-09-28 13:30:00-04:00,28.989999771118164,29.09000015258789,28.96500015258789,29.040000915527344,30298,0.0,0.0
2023-09-28 14:30:00-04:00,29.03499984741211,29.145000457763672,28.989999771118164,29.125,42040,0.0,0.0
2023-09-28 15:30:00-04:00,29.1200008392334,29.18000030517578,29.040000915527344,29.09000015258789,92760,0.0,0.0
2023-09-29 09:30:00-04:00,29.3799991607666,29.56999969482422,29.250099182128906,29.399999618530273,37677,0.0,0.0
2023-09-29 10:30:00-04:00,29.399999618530273,29.5,29.09000015258789,29.280000686645508,71114,0.0,0.0
2023-09-29 11:30:00-04:00,29.22760009765625,29.270000457763672,29.100000381469727,29.239999771118164,27473,0.0,0.0
2023-09-29 12:30:00-04:00,29.225000381469727,29.229999542236328,28.90999984741211,28.934999465942383,28696,0.0,0.0
2023-09-29 13:30:00-04:00,28.93000030517578,28.989999771118164,28.8075008392334,28.809999465942383,32681,0.0,0.0
2023-09-29 14:30:00-04:00,28.790000915527344,28.950000762939453,28.790000915527344,28.81999969482422,42560,0.0,0.0
2023-09-29 15:30:00-04:00,28.829999923706055,29.09000015258789,28.829999923706055,28.969999313354492,142364,0.0,0.0
2023-10-02 09:30:00-04:00,28.8700008392334,29.059999465942383,28.709999084472656,28.920000076293945,28835,0.0,0.0
2023-10-02 10:30:00-04:00,28.8799991607666,29.239999771118164,28.815000534057617,29.209999084472656,31065,0.0,0.0
2023-10-02 11:30:00-04:00,29.229999542236328,29.229999542236328,28.920000076293945,29.06999969482422,81324,0.0,0.0
2023-10-02 12:30:00-04:00,29.09000015258789,29.18000030517578,29.030000686645508,29.149999618530273,33242,0.0,0.0
2023-10-02 13:30:00-04:00,29.149999618530273,29.190000534057617,29.03499984741211,29.170000076293945,32777,0.0,0.0
2023-10-02 14:30:00-04:00,29.15999984741211,29.18000030517578,28.969999313354492,29.059999465942383,124233,0.0,0.0
2023-10-02 15:30:00-04:00,29.049999237060547,29.100000381469727,28.989999771118164,29.049999237060547,113533,0.0,0.0
2023-10-03 09:30:00-04:00,28.889999389648438,29.239999771118164,28.8799991607666,28.8799991607666,25246,0.0,0.0
2023-10-03 10:30:00-04:00,28.905000686645508,29.010000228881836,28.614999771118164,28.6299991607666,34740,0.0,0.0
2023-10-03 11:30:00-04:00,28.610000610351562,28.790000915527344,28.549999237060547,28.71500015258789,26945,0.0,0.0
2023-10-03 12:30:00-04:00,28.739999771118164,28.78499984741211,28.559999465942383,28.565000534057617,25638,0.0,0.0
2023-10-03 13:30:00-04:00,28.56999969482422,28.56999969482422,28.350000381469727,28.450000762939453,33405,0.0,0.0
2023-10-03 14:30:00-04:00,28.459999084472656,28.5,28.360000610351562,28.3700008392334,39564,0.0,0.0
2023-10-03 15:30:00-04:00,28.3799991607666,28.469999313354492,28.329999923706055,28.454999923706055,76774,0.0,0.0
2023-10-04 09:30:00-04:00,28.420000076293945,28.639999389648438,28.260000228881836,28.31999969482422,27549,0.0,0.0
2023-10-04 10:30:00-04:00,28.3799991607666,28.700000762939453,28.34000015258789,28.530000686645508,26209,0.0,0.0
2023-10-04 11:30:00-04:00,28.545000076293945,28.790000915527344,28.545000076293945,28.6299991607666,23375,0.0,0.0
2023-10-04 12:30:00-04:00,28.68000030517578,28.729999542236328,28.420000076293945,28.510000228881836,31877,0.0,0.0
2023-10-04 13:30:00-04:00,28.530000686645508,28.639999389648438,28.489999771118164,28.559999465942383,31210,0.0,0.0
2023-10-04 14:30:00-04:00,28.56999969482422,28.639999389648438,28.510000228881836,28.639999389648438,35194,0.0,0.0
2023-10-04 15:30:00-04:00,28.649999618530273,28.73900032043457,28.6200008392334,28.6200008392334,76404,0.0,0.0
2023-10-05 09:30:00-04:00,28.540000915527344,28.81999969482422,28.479999542236328,28.639999389648438,26774,0.0,0.0
2023-10-05 10:30:00-04:00,28.6200008392334,28.709999084472656,28.405000686645508,28.4950008392334,48746,0.0,0.0
2023-10-05 11:30:00-04:00,28.4950008392334,28.6299991607666,28.389999389648438,28.600000381469727,33056,0.0,0.0
2023-10-05 12:30:00-04:00,28.6200008392334,28.649999618530273,28.530000686645508,28.6299991607666,27930,0.0,0.0
2023-10-05 13:30:00-04:00,28.610000610351562,28.8700008392334,28.600000381469727,28.815000534057617,27891,0.0,0.0
2023-10-05 14:30:00-04:00,28.809999465942383,28.96500015258789,28.801000595092773,28.93000030517578,42342,0.0,0.0
2023-10-05 15:30:00-04:00,28.934999465942383,29.030000686645508,28.8700008392334,28.959999084472656,106541,0.0,0.0
2023-10-06 09:30:00-04:00,28.729999542236328,29.170000076293945,28.729999542236328,29.170000076293945,36292,0.0,0.0
2023-10-06 10:30:00-04:00,29.15999984741211,29.545000076293945,29.1299991607666,29.450000762939453,44864,0.0,0.0
2023-10-06 11:30:00-04:00,29.450000762939453,29.829999923706055,29.450000762939453,29.729999542236328,55733,0.0,0.0
2023-10-06 12:30:00-04:00,29.735000610351562,29.889999389648438,29.604999542236328,29.889999389648438,37655,0.0,0.0
2023-10-06 13:30:00-04:00,29.889999389648438,30.010000228881836,29.84000015258789,29.959999084472656,54023,0.0,0.0
2023-10-06 14:30:00-04:00,29.969999313354492,30.049999237060547,29.850000381469727,29.96500015258789,44775,0.0,0.0
2023-10-06 15:30:00-04:00,29.969999313354492,29.9950008392334,29.81999969482422,29.8700008392334,104798,0.0,0.0
2023-10-09 09:30:00-04:00,29.450000762939453,29.75,29.219999313354492,29.549999237060547,56926,0.0,0.0
2023-10-09 10:30:00-04:00,29.549999237060547,29.690000534057617,29.43000030517578,29.538999557495117,28205,0.0,0.0
2023-10-09 11:30:00-04:00,29.540000915527344,29.739999771118164,29.489999771118164,29.729999542236328,20917,0.0,0.0
2023-10-09 12:30:00-04:00,29.68000030517578,29.690000534057617,29.5,29.510000228881836,21503,0.0,0.0
2023-10-09 13:30:00-04:00,29.520000457763672,29.829999923706055,29.510000228881836,29.829999923706055,34476,0.0,0.0
2023-10-09 14:30:00-04:00,29.815000534057617,29.860000610351562,29.700000762939453,29.829999923706055,53173,0.0,0.0
2023-10-09 15:30:00-04:00,29.809999465942383,29.815000534057617,29.670000076293945,29.7549991607666,96858,0.0,0.0
2023-10-10 09:30:00-04:00,29.8700008392334,30.15999984741211,29.84000015258789,30.15999984741211,37457,0.0,0.0
2023-10-10 10:30:00-04:00,30.239999771118164,30.729999542236328,30.239999771118164,30.670000076293945,70045,0.0,0.0
2023-10-10 11:30:00-04:00,30.645000457763672,30.84000015258789,30.579999923706055,30.684999465942383,57956,0.0,0.0
2023-10-10 12:30:00-04:00,30.700000762939453,30.774999618530273,30.479999542236328,30.670000076293945,44207,0.0,0.0
2023-10-10 13:30:00-04:00,30.68000030517578,30.790000915527344,30.6299991607666,30.6299991607666,37685,0.0,0.0
2023-10-10 14:30:00-04:00,30.6200008392334,30.645000457763672,30.40999984741211,30.510000228881836,43993,0.0,0.0
2023-10-10 15:30:00-04:00,30.5049991607666,30.56999969482422,30.3700008392334,30.420000076293945,122125,0.0,0.0
2023-10-11 09:30:00-04:00,30.5,30.770000457763672,30.450000762939453,30.545000076293945,36549,0.0,0.0
2023-10-11 10:30:00-04:00,30.540000915527344,30.850000381469727,30.34000015258789,30.670000076293945,77822,0.0,0.0
2023-10-11 11:30:00-04:00,30.709999084472656,30.709999084472656,30.450000762939453,30.510000228881836,44589,0.0,0.0
2023-10-11 12:30:00-04:00,30.5,30.670000076293945,30.469999313354492,30.549999237060547,40986,0.0,0.0
2023-10-11 13:30:00-04:00,30.530000686645508,30.709999084472656,30.520000457763672,30.649999618530273,26979,0.0,0.0
2023-10-11 14:30:00-04:00,30.649999618530273,30.690000534057617,30.440000534057617,30.530000686645508,69778,0.0,0.0
2023-10-11 15:30:00-04:00,30.549999237060547,30.600000381469727,30.520000457763672,30.549999237060547,142724,0.0,0.0
2023-10-12 09:30:00-04:00,30.56999969482422,30.575000762939453,29.959999084472656,30.030000686645508,37950,0.0,0.0
2023-10-12 10:30:00-04:00,30.0,30.020000457763672,29.6200008392334,29.799999237060547,55177,0.0,0.0
2023-10-12 11:30:00-04:00,29.780000686645508,30.229999542236328,29.780000686645508,30.209999084472656,58212,0.0,0.0
2023-10-12 12:30:00-04:00,30.204999923706055,30.229999542236328,29.739999771118164,29.739999771118164,82741,0.0,0.0
2023-10-12 13:30:00-04:00,29.735000610351562,29.735000610351562,29.344999313354492,29.489999771118164,53594,0.0,0.0
2023-10-12 14:30:00-04:00,29.489999771118164,29.709999084472656,29.405000686645508,29.65999984741211,72029,0.0,0.0
2023-10-12 15:30:00-04:00,29.670000076293945,29.780000686645508,29.610000610351562,29.770000457763672,128492,0.0,0.0
2023-10-13 09:30:00-04:00,29.799999237060547,29.860000610351562,29.479999542236328,29.700000762939453,28740,0.0,0.0
2023-10-13 10:30:00-04:00,29.670000076293945,29.670000076293945,29.15999984741211,29.15999984741211,30969,0.0,0.0
2023-10-13 11:30:00-04:00,29.149999618530273,29.510000228881836,29.1200008392334,29.510000228881836,34384,0.0,0.0
2023-10-13 12:30:00-04:00,29.540000915527344,29.540000915527344,29.270000457763672,29.299999237060547,28486,0.0,0.0
2023-10-13 13:30:00-04:00,29.329999923706055,29.420000076293945,29.270000457763672,29.280000686645508,20217,0.0,0.0
2023-10-13 14:30:00-04:00,29.309999465942383,29.399999618530273,29.309999465942383,29.350000381469727,32425,0.0,0.0
2023-10-13 15:30:00-04:00,29.360000610351562,29.540000915527344,29.350000381469727,29.450000762939453,98157,0.0,0.0
2023-10-16 09:30:00-04:00,29.510000228881836,29.860000610351562,29.3700008392334,29.850000381469727,32257,0.0,0.0
2023-10-16 10:30:00-04:00,29.850000381469727,29.850000381469727,29.719999313354492,29.799999237060547,26227,0.0,0.0
2023-10-16 11:30:00-04:00,29.829999923706055,29.899999618530273,29.729999542236328,29.875,21458,0.0,0.0
2023-10-16 12:30:00-04:00,29.885000228881836,29.940000534057617,29.790000915527344,29.860000610351562,26276,0.0,0.0
2023-10-16 13:30:00-04:00,29.829999923706055,30.09000015258789,29.829999923706055,30.040000915527344,35383,0.0,0.0
2023-10-16 14:30:00-04:00,30.059999465942383,30.09000015258789,29.989999771118164,30.0,43684,0.0,0.0
2023-10-16 15:30:00-04:00,30.010000228881836,30.110000610351562,29.959999084472656,29.979999542236328,86677,0.0,0.0
2023-10-17 09:30:00-04:00,29.81999969482422,30.437000274658203,29.81999969482422,30.309999465942383,27616,0.0,0.0
2023-10-17 10:30:00-04:00,30.329999923706055,30.510000228881836,30.239999771118164,30.3799991607666,34511,0.0,0.0
2023-10-17 11:30:00-04:00,30.364999771118164,30.520000457763672,30.219999313354492,30.395000457763672,28400,0.0,0.0
2023-10-17 12:30:00-04:00,30.360000610351562,30.3799991607666,30.260000228881836,30.270000457763672,27569,0.0,0.0
2023-10-17 13:30:00-04:00,30.260000228881836,30.280000686645508,30.049999237060547,30.06999969482422,24301,0.0,0.0
2023-10-17 14:30:00-04:00,30.059999465942383,30.065000534057617,29.84000015258789,29.8799991607666,37029,0.0,0.0
2023-10-17 15:30:00-04:00,29.889999389648438,29.989999771118164,29.829999923706055,29.934999465942383,94824,0.0,0.0
2023-10-18 09:30:00-04:00,29.739999771118164,30.170000076293945,29.65999984741211,30.010000228881836,23703,0.0,0.0
2023-10-18 10:30:00-04:00,29.989999771118164,29.989999771118164,29.709999084472656,29.752500534057617,31192,0.0,0.0
2023-10-18 11:30:00-04:00,29.774999618530273,29.81999969482422,29.670000076293945,29.670000076293945,16452,0.0,0.0
2023-10-18 12:30:00-04:00,29.670000076293945,29.795000076293945,29.610000610351562,29.729999542236328,17828,0.0,0.0
2023-10-18 13:30:00-04:00,29.719999313354492,29.920000076293945,29.559999465942383,29.920000076293945,32211,0.0,0.0
2023-10-18 14:30:00-04:00,29.90999984741211,30.010000228881836,29.780000686645508,29.780000686645508,39580,0.0,0.0
2023-10-18 15:30:00-04:00,29.790000915527344,29.940000534057617,29.760000228881836,29.940000534057617,84190,0.0,0.0
2023-10-19 09:30:00-04:00,29.899999618530273,30.110000610351562,29.75,30.030000686645508,19611,0.0,0.0
2023-10-19 10:30:00-04:00,30.030000686645508,30.110000610351562,29.844999313354492,29.90999984741211,29516,0.0,0.0
2023-10-19 11:30:00-04:00,29.950000762939453,30.225000381469727,29.940000534057617,30.135000228881836,25397,0.0,0.0
2023-10-19 12:30:00-04:00,30.09000015258789,30.360000610351562,29.920000076293945,30.34000015258789,21814,0.0,0.0
2023-10-19 13:30:00-04:00,30.280000686645508,30.280000686645508,29.8700008392334,29.90999984741211,37744,0.0,0.0
2023-10-19 14:30:00-04:00,29.8799991607666,29.920000076293945,29.6299991607666,29.850000381469727,47058,0.0,0.0
2023-10-19 15:30:00-04:00,29.860000610351562,29.920000076293945,29.729999542236328,29.799999237060547,98942,0.0,0.0
2023-10-20 09:30:00-04:00,30.040000915527344,30.3700008392334,29.719999313354492,29.729999542236328,61677,0.0,0.0
2023-10-20 10:30:00-04:00,29.723499298095703,29.723499298095703,29.395000457763672,29.545000076293945,64917,0.0,0.0
2023-10-20 11:30:00-04:00,29.559999465942383,29.649999618530273,29.5,29.649999618530273,18881,0.0,0.0
2023-10-20 12:30:00-04:00,29.655000686645508,29.889999389648438,29.600000381469727,29.829999923706055,26000,0.0,0.0
2023-10-20 13:30:00-04:00,29.81999969482422,29.8700008392334,29.59000015258789,29.690000534057617,24987,0.0,0.0
2023-10-20 14:30:00-04:00,29.649999618530273,29.65999984741211,29.469999313354492,29.479999542236328,48426,0.0,0.0
2023-10-20 15:30:00-04:00,29.469999313354492,29.55500030517578,29.34000015258789,29.360000610351562,74148,0.0,0.0
2023-10-23 09:30:00-04:00,29.149999618530273,29.549999237060547,28.760000228881836,29.440000534057617,48349,0.0,0.0
2023-10-23 10:30:00-04:00,29.40999984741211,29.415000915527344,29.049999237060547,29.389999389648438,39083,0.0,0.0
2023-10-23 11:30:00-04:00,29.415000915527344,29.65999984741211,29.415000915527344,29.530000686645508,28760,0.0,0.0
2023-10-23 12:30:00-04:00,29.530000686645508,29.690000534057617,29.46500015258789,29.485000610351562,23180,0.0,0.0
2023-10-23 13:30:00-04:00,29.450000762939453,29.524999618530273,29.280000686645508,29.399999618530273,22932,0.0,0.0
2023-10-23 14:30:00-04:00,29.399999618530273,29.408599853515625,29.260000228881836,29.260000228881836,42745,0.0,0.0
2023-10-23 15:30:00-04:00,29.219999313354492,29.25,29.100000381469727,29.15999984741211,82748,0.0,0.0
2023-10-24 09:30:00-04:00,29.6200008392334,30.229999542236328,29.4950008392334,29.729999542236328,39866,0.0,0.0
2023-10-24 10:30:00-04:00,29.834999084472656,29.959999084472656,29.739999771118164,29.75,34535,0.0,0.0
2023-10-24 11:30:00-04:00,29.709999084472656,29.75,29.43000030517578,29.44499969482422,29410,0.0,0.0
2023-10-24 12:30:00-04:00,29.469999313354492,29.6200008392334,29.399999618530273,29.61750030517578,58611,0.0,0.0
2023-10-24 13:30:00-04:00,29.604999542236328,29.6299991607666,29.520000457763672,29.59000015258789,32946,0.0,0.0
2023-10-24 14:30:00-04:00,29.610000610351562,29.700000762939453,29.559999465942383,29.670000076293945,65989,0.0,0.0
2023-10-24 15:30:00-04:00,29.670000076293945,29.809999465942383,29.639999389648438,29.729999542236328,117219,0.0,0.0
2023-10-25 09:30:00-04:00,29.299999237060547,29.514999389648438,28.829999923706055,29.389999389648438,42194,0.0,0.0
2023-10-25 10:30:00-04:00,29.415000915527344,29.450000762939453,29.190000534057617,29.290000915527344,35332,0.0,0.0
2023-10-25 11:30:00-04:00,29.290000915527344,29.31999969482422,29.06999969482422,29.149999618530273,35106,0.0,0.0
2023-10-25 12:30:00-04:00,29.110000610351562,29.190000534057617,28.760000228881836,28.922500610351562,29964,0.0,0.0
2023-10-25 13:30:00-04:00,28.920000076293945,28.93000030517578,28.639999389648438,28.729999542236328,53662,0.0,0.0
2023-10-25 14:30:00-04:00,28.729999542236328,28.799999237060547,28.559999465942383,28.770000457763672,69175,0.0,0.0
2023-10-25 15:30:00-04:00,28.760000228881836,28.80500030517578,28.6200008392334,28.68000030517578,148818,0.0,0.0
2023-10-26 09:30:00-04:00,28.709999084472656,28.729999542236328,27.920000076293945,28.209999084472656,56241,0.0,0.0
2023-10-26 10:30:00-04:00,28.21500015258789,28.549999237060547,28.209999084472656,28.2549991607666,63194,0.0,0.0
2023-10-26 11:30:00-04:00,28.280000686645508,28.3700008392334,27.920000076293945,27.969999313354492,55597,0.0,0.0
2023-10-26 12:30:00-04:00,27.93000030517578,27.969999313354492,27.739999771118164,27.81999969482422,74407,0.0,0.0
2023-10-26 13:30:00-04:00,27.799999237060547,28.09000015258789,27.729999542236328,28.030000686645508,72656,0.0,0.0
2023-10-26 14:30:00-04:00,28.020000457763672,28.184999465942383,27.954999923706055,28.170000076293945,92336,0.0,0.0
2023-10-26 15:30:00-04:00,28.149999618530273,28.209999084472656,28.0,28.200000762939453,146805,0.0,0.0
2023-10-27 09:30:00-04:00,28.329999923706055,28.329999923706055,27.65999984741211,27.809999465942383,34241,0.0,0.0
2023-10-27 10:30:00-04:00,27.851999282836914,28.040000915527344,27.639999389648438,28.0,51052,0.0,0.0
2023-10-27 11:30:00-04:00,28.030000686645508,28.079999923706055,27.8799991607666,27.905000686645508,35850,0.0,0.0
2023-10-27 12:30:00-04:00,27.899999618530273,28.020000457763672,27.639999389648438,27.670000076293945,40712,0.0,0.0
2023-10-27 13:30:00-04:00,27.709999084472656,27.719999313354492,27.545000076293945,27.579999923706055,44500,0.0,0.0
2023-10-27 14:30:00-04:00,27.59000015258789,28.010000228881836,27.58799934387207,27.959999084472656,87709,0.0,0.0
2023-10-27 15:30:00-04:00,27.979999542236328,27.989999771118164,27.799999237060547,27.8799991607666,126777,0.0,0.0
2023-10-30 09:30:00-04:00,28.219999313354492,28.336000442504883,27.93000030517578,27.969999313354492,65175,0.0,0.0
2023-10-30 10:30:00-04:00,27.969999313354492,28.360000610351562,27.850000381469727,28.219999313354492,70751,0.0,0.0
2023-10-30 11:30:00-04:00,28.229999542236328,28.440000534057617,28.229999542236328,28.395000457763672,28778,0.0,0.0
2023-10-30 12:30:00-04:00,28.40999984741211,28.510000228881836,28.250099182128906,28.459999084472656,45730,0.0,0.0
2023-10-30 13:30:00-04:00,28.479999542236328,28.540000915527344,28.360000610351562,28.433000564575195,40046,0.0,0.0
2023-10-30 14:30:00-04:00,28.43000030517578,28.639999389648438,28.299999237060547,28.3799991607666,105888,0.0,0.0
2023-10-30 15:30:00-04:00,28.3799991607666,28.459999084472656,28.270000457763672,28.459999084472656,134092,0.0,0.0
2023-10-31 09:30:00-04:00,28.579999923706055,28.639999389648438,27.969999313354492,28.420000076293945,20491,0.0,0.0
2023-10-31 10:30:00-04:00,28.450000762939453,28.655000686645508,28.399999618530273,28.489999771118164,33246,0.0,0.0
2023-10-31 11:30:00-04:00,28.420000076293945,28.770000457763672,28.420000076293945,28.59000015258789,31077,0.0,0.0
2023-10-31 12:30:00-04:00,28.604999542236328,28.65999984741211,28.375,28.389999389648438,31891,0.0,0.0
2023-10-31 13:30:00-04:00,28.389999389648438,28.43000030517578,28.270000457763672,28.34000015258789,38823,0.0,0.0
2023-10-31 14:30:00-04:00,28.31999969482422,28.360000610351562,28.200000762939453,28.31999969482422,55358,0.0,0.0
2023-10-31 15:30:00-04:00,28.344999313354492,28.5,28.31999969482422,28.415000915527344,104050,0.0,0.0
2023-11-01 09:30:00-04:00,28.389999389648438,28.989999771118164,27.438100814819336,27.799999237060547,56021,0.0,0.0
2023-11-01 10:30:00-04:00,27.80500030517578,27.80500030517578,26.81999969482422,26.81999969482422,127884,0.0,0.0
2023-11-01 11:30:00-04:00,26.81999969482422,27.079999923706055,26.729999542236328,27.030000686645508,48063,0.0,0.0
2023-11-01 12:30:00-04:00,26.979999542236328,27.149999618530273,26.729999542236328,27.049999237060547,48063,0.0,0.0
2023-11-01 13:30:00-04:00,27.06999969482422,27.110000610351562,26.84000015258789,26.975000381469727,54611,0.0,0.0
2023-11-01 14:30:00-04:00,27.0,27.21500015258789,26.729999542236328,27.059999465942383,132362,0.0,0.0
2023-11-01 15:30:00-04:00,27.059999465942383,27.440000534057617,27.030000686645508,27.399999618530273,204940,0.0,0.0
2023-11-02 09:30:00-04:00,28.110000610351562,29.204999923706055,28.110000610351562,28.469999313354492,65871,0.0,0.0
2023-11-02 10:30:00-04:00,28.469999313354492,28.600000381469727,28.399999618530273,28.485000610351562,34745,0.0,0.0
2023-11-02 11:30:00-04:00,28.46500015258789,28.68000030517578,28.420000076293945,28.475000381469727,33391,0.0,0.0
2023-11-02 12:30:00-04:00,28.475000381469727,28.674999237060547,28.475000381469727,28.559999465942383,30347,0.0,0.0
2023-11-02 13:30:00-04:00,28.56999969482422,28.670000076293945,28.459999084472656,28.5049991607666,41387,0.0,0.0
2023-11-02 14:30:00-04:00,28.5049991607666,28.68000030517578,28.482999801635742,28.649999618530273,70373,0.0,0.0
2023-11-02 15:30:00-04:00,28.670000076293945,28.850000381469727,28.65999984741211,28.84000015258789,164366,0.0,0.0
2023-11-03 09:30:00-04:00,29.450000762939453,29.950000762939453,28.889999389648438,29.604999542236328,115937,0.0,0.0
2023-11-03 10:30:00-04:00,29.639999389648438,30.040000915527344,29.639999389648438,29.790000915527344,53715,0.0,0.0
2023-11-03 11:30:00-04:00,29.860000610351562,30.020000457763672,29.75,30.0,54335,0.0,0.0
2023-11-03 12:30:00-04:00,30.020000457763672,30.110000610351562,29.780000686645508,29.780000686645508,70292,0.0,0.0
2023-11-03 13:30:00-04:00,29.790000915527344,30.0,29.790000915527344,30.0,74378,0.0,0.0
2023-11-03 14:30:00-04:00,29.989999771118164,30.079999923706055,29.729999542236328,29.729999542236328,119210,0.0,0.0
2023-11-03 15:30:00-04:00,29.739999771118164,29.920000076293945,29.6200008392334,29.90999984741211,190501,0.0,0.0
2023-11-06 09:30:00-05:00,30.0,30.190000534057617,29.670000076293945,29.934999465942383,35251,0.0,0.0
2023-11-06 10:30:00-05:00,29.889999389648438,30.389999389648438,29.829999923706055,30.204999923706055,187963,0.0,0.0
2023-11-06 11:30:00-05:00,30.200000762939453,30.290000915527344,30.09000015258789,30.110000610351562,41235,0.0,0.0
2023-11-06 12:30:00-05:00,30.1299991607666,30.18000030517578,29.837900161743164,29.920000076293945,44407,0.0,0.0
2023-11-06 13:30:00-05:00,29.959999084472656,30.190000534057617,29.940000534057617,30.100000381469727,36000,0.0,0.0
2023-11-06 14:30:00-05:00,30.09000015258789,30.15999984741211,29.770000457763672,29.989999771118164,60919,0.0,0.0
2023-11-06 15:30:00-05:00,30.010000228881836,30.204999923706055,29.92300033569336,30.09000015258789,153436,0.0,0.0
2023-11-07 09:30:00-05:00,29.25,29.924999237060547,27.719999313354492,29.399999618530273,220075,0.0,0.0
2023-11-07 10:30:00-05:00,29.399999618530273,29.56999969482422,29.010000228881836,29.25,105869,0.0,0.0
2023-11-07 11:30:00-05:00,29.260000228881836,29.679399490356445,28.84000015258789,29.239999771118164,155784,0.0,0.0
2023-11-07 12:30:00-05:00,29.25,29.6299991607666,29.040000915527344,29.520000457763672,87201,0.0,0.0
2023-11-07 13:30:00-05:00,29.530000686645508,30.260000228881836,29.450000762939453,30.104999542236328,94989,0.0,0.0
2023-11-07 14:30:00-05:00,30.170000076293945,30.3700008392334,29.549999237060547,29.549999237060547,196139,0.0,0.0
2023-11-07 15:30:00-05:00,29.549999237060547,29.739999771118164,29.309999465942383,29.6299991607666,223671,0.0,0.0
2023-11-08 09:30:00-05:00,29.670000076293945,29.8700008392334,29.100000381469727,29.145000457763672,57023,0.0,0.0
2023-11-08 10:30:00-05:00,29.1299991607666,29.3700008392334,28.915000915527344,28.9950008392334,41940,0.0,0.0
2023-11-08 11:30:00-05:00,29.1200008392334,29.40999984741211,29.100000381469727,29.149999618530273,32294,0.0,0.0
2023-11-08 12:30:00-05:00,29.209999084472656,29.389999389648438,29.139999389648438,29.18000030517578,31475,0.0,0.0
2023-11-08 13:30:00-05:00,29.184999465942383,29.559999465942383,29.1200008392334,29.3799991607666,42122,0.0,0.0
2023-11-08 14:30:00-05:00,29.389999389648438,29.469999313354492,29.114999771118164,29.149999618530273,68895,0.0,0.0
2023-11-08 15:30:00-05:00,29.190000534057617,29.260000228881836,29.049999237060547,29.200000762939453,222302,0.0,0.0
2023-11-09 09:30:00-05:00,29.260000228881836,29.889999389648438,28.469999313354492,28.670000076293945,74277,0.0,0.0
2023-11-09 10:30:00-05:00,28.670000076293945,29.270000457763672,28.514999389648438,29.040000915527344,61703,0.0,0.0
2023-11-09 11:30:00-05:00,28.989999771118164,29.040000915527344,28.649999618530273,28.719999313354492,49667,0.0,0.0
2023-11-09 12:30:00-05:00,28.760000228881836,28.8799991607666,28.4950008392334,28.700000762939453,40993,0.0,0.0
2023-11-09 13:30:00-05:00,28.719999313354492,28.760000228881836,28.31999969482422,28.440000534057617,47690,0.0,0.0
2023-11-09 14:30:00-05:00,28.469999313354492,28.520000457763672,28.295000076293945,28.325000762939453,84155,0.0,0.0
2023-11-09 15:30:00-05:00,28.325000762939453,28.579999923706055,28.229999542236328,28.450000762939453,170902,0.0,0.0
2023-11-10 09:30:00-05:00,28.459999084472656,28.84000015258789,28.34000015258789,28.80500030517578,63734,0.0,0.0
2023-11-10 10:30:00-05:00,28.80500030517578,28.934999465942383,28.56999969482422,28.915000915527344,36273,0.0,0.0
2023-11-10 11:30:00-05:00,28.915000915527344,28.93000030517578,28.770000457763672,28.780000686645508,24831,0.0,0.0
2023-11-10 12:30:00-05:00,28.81999969482422,28.94499969482422,28.709999084472656,28.860000610351562,40365,0.0,0.0
2023-11-10 13:30:00-05:00,28.90999984741211,29.079999923706055,28.815000534057617,29.079999923706055,64331,0.0,0.0
2023-11-10 14:30:00-05:00,29.06999969482422,29.104999542236328,28.93000030517578,29.020000457763672,66868,0.0,0.0
2023-11-10 15:30:00-05:00,29.020000457763672,29.1299991607666,28.961999893188477,29.100000381469727,145352,0.0,0.0
2023-11-13 09:30:00-05:00,28.829999923706055,29.260000228881836,28.5,28.864999771118164,41787,0.0,0.0
2023-11-13 10:30:00-05:00,28.899999618530273,28.899999618530273,28.510000228881836,28.670000076293945,60217,0.0,0.0
2023-11-13 11:30:00-05:00,28.649999618530273,28.670000076293945,28.389999389648438,28.389999389648438,49060,0.0,0.0
2023-11-13 12:30:00-05:00,28.385000228881836,28.549999237060547,28.34000015258789,28.434999465942383,60526,0.0,0.0
2023-11-13 13:30:00-05:00,28.440000534057617,28.600000381469727,28.350000381469727,28.540000915527344,55390,0.0,0.0
2023-11-13 14:30:00-05:00,28.530000686645508,28.729999542236328,28.510000228881836,28.639999389648438,71762,0.0,0.0
2023-11-13 15:30:00-05:00,28.6299991607666,28.770000457763672,28.59000015258789,28.760000228881836,154435,0.0,0.0
2023-11-14 09:30:00-05:00,29.75,30.299999237060547,29.290000915527344,30.149999618530273,64521,0.0,0.0
2023-11-14 10:30:00-05:00,30.143999099731445,30.239999771118164,29.84000015258789,30.05500030517578,102496,0.0,0.0
2023-11-14 11:30:00-05:00,30.09000015258789,30.170000076293945,29.950000762939453,29.969999313354492,37403,0.0,0.0
2023-11-14 12:30:00-05:00,29.969999313354492,30.489999771118164,29.940000534057617,30.479999542236328,62279,0.0,0.0
2023-11-14 13:30:00-05:00,30.479999542236328,30.489999771118164,30.15999984741211,30.229999542236328,48634,0.0,0.0
2023-11-14 14:30:00-05:00,30.239999771118164,30.31999969482422,30.170000076293945,30.239999771118164,66164,0.0,0.0
2023-11-14 15:30:00-05:00,30.2549991607666,30.360000610351562,30.174999237060547,30.290000915527344,137101,0.0,0.0
2023-11-15 09:30:00-05:00,30.270000457763672,31.200000762939453,30.209999084472656,30.969999313354492,103163,0.0,0.0
2023-11-15 10:30:00-05:00,30.969999313354492,31.020000457763672,30.65999984741211,30.8700008392334,108533,0.0,0.0
2023-11-15 11:30:00-05:00,30.850000381469727,30.90999984741211,30.559999465942383,30.700000762939453,46274,0.0,0.0
2023-11-15 12:30:00-05:00,30.739999771118164,30.75,30.350000381469727,30.479999542236328,35725,0.0,0.0
2023-11-15 13:30:00-05:00,30.459999084472656,30.565000534057617,30.3700008392334,30.46500015258789,49266,0.0,0.0
2023-11-15 14:30:00-05:00,30.459999084472656,30.485000610351562,30.3799991607666,30.395000457763672,52774,0.0,0.0
2023-11-15 15:30:00-05:00,30.389999389648438,30.450000762939453,30.375,30.440000534057617,91346,0.0,0.0
2023-11-16 09:30:00-05:00,28.06999969482422,29.100000381469727,27.5,28.959999084472656,880649,0.0,0.0
2023-11-16 10:30:00-05:00,28.959999084472656,29.200000762939453,28.725000381469727,28.84000015258789,263043,0.0,0.0
2023-11-16 11:30:00-05:00,28.84000015258789,29.1299991607666,28.600000381469727,29.040000915527344,185757,0.0,0.0
2023-11-16 12:30:00-05:00,29.030000686645508,29.030000686645508,28.690000534057617,28.739999771118164,144676,0.0,0.0
2023-11-16 13:30:00-05:00,28.75,28.940000534057617,28.690000534057617,28.864999771118164,172543,0.0,0.0
2023-11-16 14:30:00-05:00,28.860000610351562,29.020000457763672,28.81999969482422,28.915000915527344,293991,0.0,0.0
2023-11-16 15:30:00-05:00,28.90999984741211,28.920000076293945,28.665000915527344,28.719999313354492,499142,0.0,0.0
2023-11-17 09:30:00-05:00,28.700000762939453,29.350000381469727,28.450000762939453,29.257999420166016,141576,0.0,0.0
2023-11-17 10:30:00-05:00,29.260000228881836,29.3700008392334,28.829999923706055,28.93000030517578,146913,0.0,0.0
2023-11-17 11:30:00-05:00,28.959999084472656,29.209999084472656,28.940000534057617,28.989999771118164,91192,0.0,0.0
2023-11-17 12:30:00-05:00,29.0,29.05500030517578,28.950000762939453,28.969999313354492,80711,0.0,0.0
2023-11-17 13:30:00-05:00,28.979999542236328,29.299999237060547,28.96500015258789,29.0,130468,0.0,0.0
2023-11-17 14:30:00-05:00,28.989999771118164,29.020000457763672,28.895000457763672,28.920000076293945,177818,0.0,0.0
2023-11-17 15:30:00-05:00,28.90999984741211,29.020000457763672,28.8799991607666,29.010000228881836,240014,0.0,0.0
2023-11-20 09:30:00-05:00,29.139999389648438,29.46500015258789,29.0,29.232500076293945,46068,0.0,0.0
2023-11-20 10:30:00-05:00,29.235000610351562,29.549999237060547,29.170000076293945,29.25,135789,0.0,0.0
2023-11-20 11:30:00-05:00,29.25,29.260000228881836,28.989999771118164,29.049999237060547,101208,0.0,0.0
2023-11-20 12:30:00-05:00,29.049999237060547,29.170000076293945,29.030000686645508,29.139999389648438,87478,0.0,0.0
2023-11-20 13:30:00-05:00,29.139999389648438,29.280000686645508,29.110000610351562,29.1200008392334,72636,0.0,0.0
2023-11-20 14:30:00-05:00,29.110000610351562,29.364999771118164,29.110000610351562,29.264999389648438,110236,0.0,0.0
2023-11-20 15:30:00-05:00,29.264999389648438,29.360000610351562,29.139999389648438,29.200000762939453,222285,0.0,0.0
2023-11-21 09:30:00-05:00,28.850000381469727,28.94499969482422,28.325000762939453,28.440000534057617,60399,0.0,0.0
2023-11-21 10:30:00-05:00,28.459999084472656,28.540000915527344,28.1200008392334,28.309999465942383,105718,0.0,0.0
2023-11-21 11:30:00-05:00,28.31999969482422,28.420000076293945,28.219999313354492,28.40999984741211,58006,0.0,0.0
2023-11-21 12:30:00-05:00,28.40999984741211,28.530000686645508,28.34000015258789,28.389999389648438,45270,0.0,0.0
2023-11-21 13:30:00-05:00,28.3799991607666,28.518999099731445,28.270000457763672,28.476999282836914,98124,0.0,0.0
2023-11-21 14:30:00-05:00,28.440000534057617,28.597999572753906,28.360000610351562,28.530000686645508,66880,0.0,0.0
2023-11-21 15:30:00-05:00,28.59000015258789,28.608999252319336,28.25,28.290000915527344,217685,0.0,0.0
2023-11-22 09:30:00-05:00,28.5,29.09000015258789,28.209999084472656,28.469999313354492,135437,0.0,0.0
2023-11-22 10:30:00-05:00,28.459999084472656,28.780000686645508,28.440000534057617,28.729999542236328,73480,0.0,0.0
2023-11-22 11:30:00-05:00,28.75,28.93000030517578,28.649999618530273,28.709999084472656,83358,0.0,0.0
2023-11-22 12:30:00-05:00,28.725000381469727,28.729999542236328,28.549999237060547,28.620899200439453,41830,0.0,0.0
2023-11-22 13:30:00-05:00,28.655000686645508,28.670000076293945,28.540000915527344,28.56999969482422,63424,0.0,0.0
2023-11-22 14:30:00-05:00,28.549999237060547,28.549999237060547,28.399999618530273,28.43000030517578,73419,0.0,0.0
2023-11-22 15:30:00-05:00,28.450000762939453,28.469999313354492,28.34000015258789,28.3700008392334,183965,0.0,0.0
2023-11-24 09:30:00-05:00,28.290000915527344,28.5,28.100000381469727,28.350000381469727,48318,0.0,0.0
2023-11-24 10:30:00-05:00,28.34000015258789,28.34000015258789,28.09000015258789,28.25,68797,0.0,0.0
2023-11-24 11:30:00-05:00,28.260000228881836,28.3700008392334,28.190000534057617,28.200000762939453,56276,0.0,0.0
2023-11-27 09:30:00-05:00,28.079999923706055,28.299999237060547,27.90999984741211,28.190000534057617,49470,0.0,0.0
2023-11-27 10:30:00-05:00,28.22100067138672,28.489999771118164,28.049999237060547,28.079999923706055,67494,0.0,0.0
2023-11-27 11:30:00-05:00,28.06999969482422,28.110000610351562,27.940000534057617,28.075000762939453,123523,0.0,0.0
2023-11-27 12:30:00-05:00,28.06999969482422,28.110000610351562,27.940000534057617,28.0049991607666,79033,0.0,0.0
2023-11-27 13:30:00-05:00,28.010000228881836,28.15999984741211,27.982999801635742,28.030000686645508,75214,0.0,0.0
2023-11-27 14:30:00-05:00,28.030000686645508,28.059999465942383,27.959999084472656,28.030000686645508,72536,0.0,0.0
2023-11-27 15:30:00-05:00,28.020000457763672,28.030000686645508,27.829999923706055,27.889999389648438,144017,0.0,0.0
2023-11-28 09:30:00-05:00,27.729999542236328,28.020000457763672,27.68000030517578,27.969999313354492,53118,0.0,0.0
2023-11-28 10:30:00-05:00,28.0,28.139999389648438,27.96500015258789,28.06999969482422,98487,0.0,0.0
2023-11-28 11:30:00-05:00,28.100000381469727,28.219999313354492,28.049999237060547,28.174999237060547,55837,0.0,0.0
2023-11-28 12:30:00-05:00,28.190000534057617,28.2549991607666,28.020000457763672,28.049999237060547,52360,0.0,0.0
2023-11-28 13:30:00-05:00,28.049999237060547,28.05500030517578,27.850000381469727,28.010000228881836,61932,0.0,0.0
2023-11-28 14:30:00-05:00,27.989999771118164,28.139999389648438,27.969999313354492,28.08099937438965,78098,0.0,0.0
2023-11-28 15:30:00-05:00,28.084999084472656,28.09000015258789,27.979999542236328,28.0,141158,0.0,0.0
2023-11-29 09:30:00-05:00,28.3700008392334,28.575000762939453,28.139999389648438,28.239999771118164,61635,0.0,0.0
2023-11-29 10:30:00-05:00,28.200000762939453,28.2549991607666,28.059999465942383,28.065000534057617,43874,0.0,0.0
2023-11-29 11:30:00-05:00,28.049999237060547,28.229999542236328,27.969999313354492,28.200000762939453,50531,0.0,0.0
2023-11-29 12:30:00-05:00,28.190000534057617,28.290000915527344,28.135000228881836,28.290000915527344,29658,0.0,0.0
2023-11-29 13:30:00-05:00,28.280000686645508,28.294300079345703,28.170000076293945,28.239999771118164,52608,0.0,0.0
2023-11-29 14:30:00-05:00,28.239999771118164,28.295000076293945,28.149999618530273,28.170000076293945,48857,0.0,0.0
2023-11-29 15:30:00-05:00,28.170000076293945,28.200000762939453,28.079999923706055,28.100000381469727,128723,0.0,0.0
2023-11-30 09:30:00-05:00,28.049999237060547,28.165000915527344,27.709999084472656,27.90999984741211,36450,0.0,0.0
2023-11-30 10:30:00-05:00,27.8700008392334,28.10700035095215,27.6299991607666,28.05500030517578,47546,0.0,0.0
2023-11-30 11:30:00-05:00,28.030000686645508,28.059999465942383,27.899999618530273,27.950000762939453,37147,0.0,0.0
2023-11-30 12:30:00-05:00,27.979999542236328,28.03499984741211,27.920000076293945,27.989999771118164,36479,0.0,0.0
2023-11-30 13:30:00-05:00,27.989999771118164,28.030000686645508,27.93000030517578,27.93000030517578,37829,0.0,0.0
2023-11-30 14:30:00-05:00,27.900999069213867,28.014999389648438,27.895000457763672,27.920000076293945,56000,0.0,0.0
2023-11-30 15:30:00-05:00,27.920000076293945,28.059999465942383,27.90999984741211,28.040000915527344,116402,0.0,0.0
2023-12-01 09:30:00-05:00,27.950000762939453,28.299999237060547,27.809999465942383,28.25,67821,0.0,0.0
2023-12-01 10:30:00-05:00,28.219999313354492,28.559999465942383,28.190000534057617,28.5,125886,0.0,0.0
2023-12-01 11:30:00-05:00,28.469999313354492,28.780000686645508,28.3799991607666,28.729999542236328,54672,0.0,0.0
2023-12-01 12:30:00-05:00,28.735000610351562,28.760000228881836,28.59000015258789,28.65999984741211,40616,0.0,0.0
2023-12-01 13:30:00-05:00,28.639999389648438,28.739999771118164,28.56999969482422,28.67530059814453,46034,0.0,0.0
2023-12-01 14:30:00-05:00,28.670000076293945,28.84000015258789,28.670000076293945,28.81999969482422,62121,0.0,0.0
2023-12-01 15:30:00-05:00,28.81999969482422,28.899999618530273,28.770000457763672,28.8700008392334,203109,0.0,0.0
2023-12-04 09:30:00-05:00,28.65999984741211,28.860000610351562,28.40999984741211,28.469999313354492,49058,0.0,0.0
2023-12-04 10:30:00-05:00,28.469999313354492,28.6200008392334,28.364999771118164,28.520000457763672,74938,0.0,0.0
2023-12-04 11:30:00-05:00,28.510000228881836,28.68000030517578,28.479999542236328,28.649999618530273,64451,0.0,0.0
2023-12-04 12:30:00-05:00,28.649999618530273,28.719999313354492,28.56999969482422,28.610000610351562,45446,0.0,0.0
2023-12-04 13:30:00-05:00,28.59000015258789,28.649999618530273,28.53499984741211,28.559999465942383,64310,0.0,0.0
2023-12-04 14:30:00-05:00,28.565000534057617,28.604999542236328,28.417600631713867,28.55500030517578,69021,0.0,0.0
2023-12-04 15:30:00-05:00,28.559999465942383,28.59000015258789,28.479999542236328,28.510000228881836,129962,0.0,0.0
2023-12-05 09:30:00-05:00,28.290000915527344,28.479999542236328,28.079999923706055,28.329999923706055,44577,0.0,0.0
2023-12-05 10:30:00-05:00,28.344999313354492,28.540000915527344,28.30500030517578,28.440000534057617,56750,0.0,0.0
2023-12-05 11:30:00-05:00,28.43000030517578,28.479999542236328,28.290000915527344,28.299999237060547,55229,0.0,0.0
2023-12-05 12:30:00-05:00,28.290000915527344,28.290000915527344,28.110000610351562,28.190000534057617,52082,0.0,0.0
2023-12-05 13:30:00-05:00,28.18000030517578,28.219999313354492,28.100000381469727,28.170000076293945,57958,0.0,0.0
2023-12-05 14:30:00-05:00,28.170000076293945,28.200000762939453,28.09000015258789,28.19969940185547,76182,0.0,0.0
2023-12-05 15:30:00-05:00,28.15999984741211,28.28499984741211,28.149999618530273,28.25,161548,0.0,0.0
2023-12-06 09:30:00-05:00,28.440000534057617,28.770000457763672,28.139999389648438,28.549999237060547,84478,0.0,0.0
2023-12-06 10:30:00-05:00,28.549999237060547,28.690000534057617,28.5,28.520000457763672,122063,0.0,0.0
2023-12-06 11:30:00-05:00,28.530000686645508,28.78499984741211,28.440000534057617,28.690000534057617,71681,0.0,0.0
2023-12-06 12:30:00-05:00,28.68000030517578,28.729999542236328,28.389999389648438,28.399999618530273,87857,0.0,0.0
2023-12-06 13:30:00-05:00,28.399999618530273,28.56999969482422,28.360000610351562,28.5,44800,0.0,0.0
2023-12-06 14:30:00-05:00,28.5049991607666,28.579999923706055,28.34000015258789,28.360000610351562,69955,0.0,0.0
2023-12-06 15:30:00-05:00,28.3700008392334,28.395000457763672,28.18000030517578,28.209999084472656,169194,0.0,0.0
2023-12-07 09:30:00-05:00,28.0,28.239900588989258,27.6200008392334,28.0,59269,0.0,0.0
2023-12-07 10:30:00-05:00,27.979999542236328,28.0,27.56999969482422,27.670000076293945,65795,0.0,0.0
2023-12-07 11:30:00-05:00,27.700000762939453,27.739999771118164,27.639999389648438,27.700000762939453,41265,0.0,0.0
2023-12-07 12:30:00-05:00,27.709999084472656,27.75,27.579999923706055,27.610000610351562,39891,0.0,0.0
2023-12-07 13:30:00-05:00,27.639999389648438,27.690000534057617,27.579999923706055,27.690000534057617,41856,0.0,0.0
2023-12-07 14:30:00-05:00,27.68000030517578,27.829999923706055,27.649999618530273,27.729999542236328,71097,0.0,0.0
2023-12-07 15:30:00-05:00,27.729999542236328,27.790000915527344,27.68000030517578,27.760000228881836,130503,0.0,0.0
2023-12-08 09:30:00-05:00,27.65999984741211,27.860000610351562,27.56999969482422,27.594999313354492,69794,0.0,0.0
2023-12-08 10:30:00-05:00,27.600000381469727,27.600000381469727,27.290000915527344,27.364999771118164,108406,0.0,0.0
2023-12-08 11:30:00-05:00,27.364999771118164,27.559999465942383,27.350000381469727,27.530000686645508,104630,0.0,0.0
2023-12-08 12:30:00-05:00,27.510000228881836,27.56999969482422,27.5,27.55500030517578,43606,0.0,0.0
2023-12-08 13:30:00-05:00,27.540000915527344,27.6299991607666,27.46500015258789,27.6299991607666,43861,0.0,0.0
2023-12-08 14:30:00-05:00,27.6343994140625,27.770000457763672,27.6200008392334,27.709999084472656,34429,0.0,0.0
2023-12-08 15:30:00-05:00,27.709999084472656,27.790000915527344,27.68000030517578,27.780000686645508,86507,0.0,0.0
2023-12-11 09:30:00-05:00,27.5,27.889999389648438,27.309999465942383,27.40999984741211,77893,0.0,0.0
2023-12-11 10:30:00-05:00,27.389999389648438,27.729999542236328,27.389999389648438,27.700000762939453,47749,0.0,0.0
2023-12-11 11:30:00-05:00,27.704999923706055,27.829999923706055,27.649999618530273,27.739999771118164,50537,0.0,0.0
2023-12-11 12:30:00-05:00,27.75,27.75,27.565000534057617,27.600000381469727,39517,0.0,0.0
2023-12-11 13:30:00-05:00,27.59000015258789,27.625,27.549999237060547,27.6200008392334,35220,0.0,0.0
2023-12-11 14:30:00-05:00,27.614999771118164,27.760000228881836,27.594999313354492,27.75,77272,0.0,0.0
2023-12-11 15:30:00-05:00,27.760000228881836,28.010000228881836,27.760000228881836,27.93000030517578,226653,0.0,0.0
2023-12-12 09:30:00-05:00,27.829999923706055,27.829999923706055,27.5,27.739999771118164,116277,0.0,0.0
2023-12-12 10:30:00-05:00,27.760000228881836,27.799999237060547,27.649999618530273,27.649999618530273,52368,0.0,0.0
2023-12-12 11:30:00-05:00,27.6299991607666,27.719999313354492,27.600000381469727,27.719999313354492,69752,0.0,0.0
2023-12-12 12:30:00-05:00,27.719999313354492,27.809999465942383,27.690000534057617,27.770099639892578,46923,0.0,0.0
2023-12-12 13:30:00-05:00,27.780000686645508,27.809999465942383,27.649999618530273,27.700000762939453,50087,0.0,0.0
2023-12-12 14:30:00-05:00,27.709999084472656,27.899999618530273,27.69499969482422,27.81999969482422,59622,0.0,0.0
2023-12-12 15:30:00-05:00,27.799999237060547,27.809999465942383,27.56999969482422,27.59000015258789,146192,0.0,0.0
2023-12-13 09:30:00-05:00,27.559999465942383,27.729999542236328,27.43000030517578,27.549999237060547,42414,0.0,0.0
2023-12-13 10:30:00-05:00,27.549999237060547,27.850000381469727,27.549999237060547,27.78499984741211,65190,0.0,0.0
2023-12-13 11:30:00-05:00,27.790000915527344,27.917999267578125,27.75,27.8799991607666,44038,0.0,0.0
2023-12-13 12:30:00-05:00,27.889999389648438,27.899999618530273,27.729999542236328,27.739999771118164,36421,0.0,0.0
2023-12-13 13:30:00-05:00,27.75,28.1299991607666,27.709999084472656,28.1299991607666,91513,0.0,0.0
2023-12-13 14:30:00-05:00,28.170000076293945,28.649999618530273,28.1200008392334,28.540000915527344,150230,0.0,0.0
2023-12-13 15:30:00-05:00,28.540000915527344,28.719999313354492,28.524999618530273,28.56999969482422,134939,0.0,0.0
2023-12-14 09:30:00-05:00,28.93000030517578,29.0,28.639999389648438,28.809999465942383,77759,0.0,0.0
2023-12-14 10:30:00-05:00,28.790000915527344,28.84000015258789,28.530000686645508,28.760000228881836,55923,0.0,0.0
2023-12-14 11:30:00-05:00,28.770000457763672,28.889999389648438,28.729999542236328,28.829999923706055,63090,0.0,0.0
2023-12-14 12:30:00-05:00,28.829999923706055,28.858999252319336,28.440000534057617,28.450000762939453,83740,0.0,0.0
2023-12-14 13:30:00-05:00,28.469999313354492,28.559999465942383,28.350000381469727,28.549999237060547,44387,0.0,0.0
2023-12-14 14:30:00-05:00,28.549999237060547,28.68000030517578,28.469999313354492,28.670000076293945,85800,0.0,0.0
2023-12-14 15:30:00-05:00,28.65999984741211,28.8700008392334,28.65999984741211,28.84000015258789,237156,0.0,0.0
2023-12-15 09:30:00-05:00,28.8799991607666,28.8799991607666,28.3700008392334,28.5674991607666,164128,0.0,0.0
2023-12-15 10:30:00-05:00,28.579999923706055,28.645000457763672,28.3799991607666,28.639999389648438,145697,0.0,0.0
2023-12-15 11:30:00-05:00,28.645000457763672,28.649999618530273,28.360000610351562,28.6299991607666,71040,0.0,0.0
2023-12-15 12:30:00-05:00,28.639999389648438,28.639999389648438,28.270000457763672,28.450000762939453,82051,0.0,0.0
2023-12-15 13:30:00-05:00,28.459999084472656,28.639999389648438,28.329999923706055,28.600000381469727,111792,0.0,0.0
2023-12-15 14:30:00-05:00,28.600000381469727,28.75,28.530000686645508,28.725000381469727,83176,0.0,0.0
2023-12-15 15:30:00-05:00,28.719999313354492,28.790000915527344,28.6299991607666,28.65999984741211,199380,0.0,0.0
2023-12-18 09:30:00-05:00,28.68000030517578,29.18000030517578,28.59000015258789,28.885000228881836,61862,0.0,0.0
2023-12-18 10:30:00-05:00,28.90999984741211,28.940000534057617,28.75,28.81999969482422,47351,0.0,0.0
2023-12-18 11:30:00-05:00,28.809999465942383,28.950000762939453,28.790000915527344,28.920000076293945,40624,0.0,0.0
2023-12-18 12:30:00-05:00,28.93000030517578,29.0,28.905000686645508,28.950000762939453,52039,0.0,0.0
2023-12-18 13:30:00-05:00,28.950000762939453,29.1200008392334,28.93000030517578,29.010000228881836,113535,0.0,0.0
2023-12-18 14:30:00-05:00,29.0049991607666,29.139999389648438,28.979999542236328,29.09000015258789,111027,0.0,0.0
2023-12-18 15:30:00-05:00,29.100000381469727,29.440000534057617,29.079999923706055,29.360000610351562,222613,0.0,0.0
2023-12-19 09:30:00-05:00,29.68000030517578,30.0,29.565000534057617,29.670000076293945,62920,0.0,0.0
2023-12-19 10:30:00-05:00,29.690000534057617,29.729999542236328,29.579999923706055,29.649999618530273,95438,0.0,0.0
2023-12-19 11:30:00-05:00,29.639999389648438,29.639999389648438,29.280000686645508,29.389999389648438,31836,0.0,0.0
2023-12-19 12:30:00-05:00,29.399999618530273,29.440000534057617,29.329999923706055,29.360000610351562,23945,0.0,0.0
2023-12-19 13:30:00-05:00,29.3700008392334,29.5,29.3700008392334,29.40999984741211,30558,0.0,0.0
2023-12-19 14:30:00-05:00,29.40999984741211,29.420000076293945,29.209999084472656,29.209999084472656,53670,0.0,0.0
2023-12-19 15:30:00-05:00,29.239999771118164,29.239999771118164,28.979999542236328,29.190000534057617,258995,0.0,0.0
2023-12-20 09:30:00-05:00,29.100000381469727,29.795000076293945,28.959999084472656,29.767499923706055,193539,0.0,0.0
2023-12-20 10:30:00-05:00,29.75,30.030000686645508,29.719999313354492,29.90999984741211,123325,0.0,0.0
2023-12-20 11:30:00-05:00,29.934999465942383,30.010000228881836,29.920000076293945,29.985000610351562,92411,0.0,0.0
2023-12-20 12:30:00-05:00,29.989999771118164,30.09000015258789,29.93000030517578,29.950000762939453,60878,0.0,0.0
2023-12-20 13:30:00-05:00,29.940000534057617,29.989999771118164,29.8799991607666,29.93000030517578,54187,0.0,0.0
2023-12-20 14:30:00-05:00,29.920000076293945,29.920000076293945,29.31999969482422,29.389999389648438,57042,0.0,0.0
2023-12-20 15:30:00-05:00,29.399999618530273,29.559999465942383,29.330900192260742,29.559999465942383,203264,0.0,0.0
2023-12-21 09:30:00-05:00,29.8799991607666,29.920000076293945,29.670000076293945,29.739999771118164,32586,0.0,0.0
2023-12-21 10:30:00-05:00,29.729999542236328,29.760000228881836,29.520000457763672,29.709999084472656,36098,0.0,0.0
2023-12-21 11:30:00-05:00,29.709999084472656,29.7549991607666,29.56999969482422,29.56999969482422,44616,0.0,0.0
2023-12-21 12:30:00-05:00,29.579999923706055,29.770000457763672,29.549999237060547,29.69499969482422,79792,0.0,0.0
2023-12-21 13:30:00-05:00,29.709999084472656,30.010000228881836,29.709999084472656,29.989999771118164,143740,0.0,0.0
2023-12-21 14:30:00-05:00,29.989999771118164,30.420000076293945,29.96500015258789,30.34000015258789,124604,0.0,0.0
2023-12-21 15:30:00-05:00,30.344999313354492,30.670000076293945,30.329999923706055,30.600000381469727,259176,0.0,0.0
2023-12-22 09:30:00-05:00,30.799999237060547,31.079999923706055,30.639999389648438,30.979700088500977,106938,0.0,0.0
2023-12-22 10:30:00-05:00,30.979999542236328,31.020000457763672,30.719999313354492,31.020000457763672,85244,0.0,0.0
2023-12-22 11:30:00-05:00,31.030000686645508,31.354999542236328,30.985000610351562,31.31999969482422,78675,0.0,0.0
2023-12-22 12:30:00-05:00,31.309999465942383,31.549999237060547,31.260000228881836,31.540000915527344,88634,0.0,0.0
2023-12-22 13:30:00-05:00,31.53499984741211,31.815000534057617,31.53499984741211,31.690000534057617,81864,0.0,0.0
2023-12-22 14:30:00-05:00,31.65999984741211,31.959999084472656,31.600000381469727,31.899999618530273,89685,0.0,0.0
2023-12-22 15:30:00-05:00,31.909000396728516,32.209999084472656,31.885000228881836,32.189998626708984,263959,0.0,0.0
2023-12-26 09:30:00-05:00,32.40999984741211,32.40999984741211,32.05500030517578,32.310001373291016,31718,0.0,0.0
2023-12-26 10:30:00-05:00,32.30500030517578,32.34000015258789,32.084999084472656,32.099998474121094,41101,0.0,0.0
2023-12-26 11:30:00-05:00,32.06999969482422,32.099998474121094,31.979999542236328,32.04999923706055,35387,0.0,0.0
2023-12-26 12:30:00-05:00,32.060001373291016,32.13999938964844,31.989999771118164,32.084999084472656,33760,0.0,0.0
2023-12-26 13:30:00-05:00,32.099998474121094,32.20000076293945,32.08000183105469,32.18190002441406,28938,0.0,0.0
2023-12-26 14:30:00-05:00,32.18000030517578,32.400001525878906,32.18000030517578,32.38999938964844,33684,0.0,0.0
2023-12-26 15:30:00-05:00,32.38999938964844,32.56999969482422,32.369998931884766,32.369998931884766,95538,0.0,0.0
2023-12-27 09:30:00-05:00,32.369998931884766,32.86000061035156,32.290000915527344,32.86000061035156,35879,0.0,0.0
2023-12-27 10:30:00-05:00,32.8650016784668,33.150001525878906,32.7599983215332,32.90999984741211,51543,0.0,0.0
2023-12-27 11:30:00-05:00,32.90999984741211,33.040000915527344,32.84000015258789,33.029998779296875,30017,0.0,0.0
2023-12-27 12:30:00-05:00,33.040000915527344,33.2599983215332,33.040000915527344,33.20000076293945,42537,0.0,0.0
2023-12-27 13:30:00-05:00,33.18000030517578,33.189998626708984,32.974998474121094,33.099998474121094,48737,0.0,0.0
2023-12-27 14:30:00-05:00,33.08000183105469,33.2599983215332,33.03499984741211,33.2599983215332,92085,0.0,0.0
2023-12-27 15:30:00-05:00,33.25,33.43000030517578,33.25,33.29999923706055,145497,0.0,0.0
2023-12-28 09:30:00-05:00,33.43000030517578,33.59000015258789,33.220001220703125,33.43000030517578,43767,0.0,0.0
2023-12-28 10:30:00-05:00,33.40700149536133,33.40700149536133,33.040000915527344,33.209999084472656,40031,0.0,0.0
2023-12-28 11:30:00-05:00,33.220001220703125,33.31999969482422,33.130001068115234,33.2599983215332,35863,0.0,0.0
2023-12-28 12:30:00-05:00,33.2599983215332,33.290000915527344,33.119998931884766,33.18000030517578,26662,0.0,0.0
2023-12-28 13:30:00-05:00,33.18000030517578,33.27000045776367,33.11000061035156,33.27000045776367,31248,0.0,0.0
2023-12-28 14:30:00-05:00,33.27000045776367,33.290000915527344,33.154998779296875,33.18000030517578,33373,0.0,0.0
2023-12-28 15:30:00-05:00,33.18000030517578,33.25,33.09000015258789,33.150001525878906,105490,0.0,0.0
2023-12-29 09:30:00-05:00,33.150001525878906,33.459999084472656,33.130001068115234,33.279998779296875,23545,0.0,0.0
2023-12-29 10:30:00-05:00,33.255001068115234,33.29999923706055,33.08000183105469,33.099998474121094,88671,0.0,0.0
2023-12-29 11:30:00-05:00,33.08000183105469,33.22999954223633,33.005001068115234,33.1349983215332,36868,0.0,0.0
2023-12-29 12:30:00-05:00,33.130001068115234,33.27000045776367,33.130001068115234,33.21500015258789,19295,0.0,0.0
2023-12-29 13:30:00-05:00,33.22999954223633,33.349998474121094,33.20000076293945,33.310001373291016,39843,0.0,0.0
2023-12-29 14:30:00-05:00,33.34000015258789,33.43000030517578,33.25,33.27000045776367,61305,0.0,0.0
2023-12-29 15:30:00-05:00,33.279998779296875,33.279998779296875,32.9900016784668,33.0099983215332,117623,0.0,0.0
2024-01-02 09:30:00-05:00,32.40999984741211,32.40999984741211,31.75,31.84000015258789,52515,0.0,0.0
2024-01-02 10:30:00-05:00,31.825000762939453,31.90999984741211,31.389999389648438,31.864999771118164,65704,0.0,0.0
2024-01-02 11:30:00-05:00,31.889999389648438,31.899999618530273,31.75,31.760000228881836,41288,0.0,0.0
2024-01-02 12:30:00-05:00,31.760000228881836,31.81999969482422,31.565000534057617,31.601999282836914,31245,0.0,0.0
2024-01-02 13:30:00-05:00,31.600000381469727,31.729999542236328,31.40999984741211,31.729999542236328,48364,0.0,0.0
2024-01-02 14:30:00-05:00,31.709999084472656,31.790000915527344,31.375,31.541000366210938,58423,0.0,0.0
2024-01-02 15:30:00-05:00,31.59000015258789,31.809999465942383,31.489999771118164,31.809999465942383,156814,0.0,0.0
2024-01-03 09:30:00-05:00,31.469999313354492,31.639999389648438,31.110000610351562,31.34000015258789,97840,0.0,0.0
2024-01-03 10:30:00-05:00,31.329999923706055,31.469999313354492,31.219999313354492,31.350000381469727,49576,0.0,0.0
2024-01-03 11:30:00-05:00,31.375,31.375,31.09000015258789,31.239999771118164,60858,0.0,0.0
2024-01-03 12:30:00-05:00,31.239999771118164,31.290000915527344,31.149999618530273,31.290000915527344,43184,0.0,0.0
2024-01-03 13:30:00-05:00,31.299999237060547,31.530000686645508,31.25,31.530000686645508,44764,0.0,0.0
2024-01-03 14:30:00-05:00,31.530000686645508,31.600000381469727,31.389999389648438,31.469999313354492,79922,0.0,0.0
2024-01-03 15:30:00-05:00,31.475000381469727,31.540000915527344,31.260000228881836,31.280000686645508,144481,0.0,0.0
2024-01-04 09:30:00-05:00,31.299999237060547,31.299999237060547,30.799999237060547,30.799999237060547,38199,0.0,0.0
2024-01-04 10:30:00-05:00,30.799999237060547,30.899999618530273,30.670000076293945,30.670000076293945,39850,0.0,0.0
2024-01-04 11:30:00-05:00,30.649999618530273,30.649999618530273,30.440000534057617,30.510000228881836,41231,0.0,0.0
2024-01-04 12:30:00-05:00,30.489999771118164,30.6299991607666,30.3700008392334,30.530000686645508,66199,0.0,0.0
2024-01-04 13:30:00-05:00,30.549999237060547,30.729999542236328,30.540000915527344,30.709999084472656,47980,0.0,0.0
2024-01-04 14:30:00-05:00,30.700000762939453,30.940000534057617,30.670000076293945,30.889999389648438,63262,0.0,0.0
2024-01-04 15:30:00-05:00,30.915000915527344,30.959999084472656,30.700000762939453,30.799999237060547,95578,0.0,0.0
2024-01-05 09:30:00-05:00,30.68000030517578,31.299999237060547,30.68000030517578,31.1200008392334,35068,0.0,0.0
2024-01-05 10:30:00-05:00,31.104999542236328,31.1299991607666,30.860000610351562,30.889999389648438,43398,0.0,0.0
2024-01-05 11:30:00-05:00,30.920000076293945,30.969999313354492,30.760000228881836,30.799999237060547,38665,0.0,0.0
2024-01-05 12:30:00-05:00,30.780000686645508,30.850000381469727,30.68000030517578,30.770000457763672,31442,0.0,0.0
2024-01-05 13:30:00-05:00,30.809999465942383,30.950000762939453,30.760000228881836,30.895000457763672,29979,0.0,0.0
2024-01-05 14:30:00-05:00,30.920000076293945,30.93000030517578,30.690000534057617,30.799999237060547,83128,0.0,0.0
2024-01-05 15:30:00-05:00,30.790000915527344,30.920000076293945,30.71500015258789,30.8799991607666,144662,0.0,0.0
2024-01-08 09:30:00-05:00,31.030000686645508,31.34000015258789,31.030000686645508,31.235000610351562,52352,0.0,0.0
2024-01-08 10:30:00-05:00,31.260000228881836,31.719999313354492,31.260000228881836,31.700000762939453,101708,0.0,0.0
2024-01-08 11:30:00-05:00,31.700000762939453,31.770000457763672,31.62809944152832,31.690000534057617,27415,0.0,0.0
2024-01-08 12:30:00-05:00,31.700000762939453,31.790000915527344,31.65130043029785,31.690000534057617,25701,0.0,0.0
2024-01-08 13:30:00-05:00,31.673999786376953,31.760000228881836,31.6299991607666,31.639999389648438,25471,0.0,0.0
2024-01-08 14:30:00-05:00,31.639999389648438,31.68000030517578,31.510000228881836,31.579999923706055,40676,0.0,0.0
2024-01-08 15:30:00-05:00,31.559999465942383,31.584999084472656,31.299999237060547,31.34000015258789,124506,0.0,0.0
2024-01-09 09:30:00-05:00,30.899999618530273,31.239999771118164,30.84000015258789,31.21500015258789,47058,0.0,0.0
2024-01-09 10:30:00-05:00,31.239999771118164,31.239999771118164,31.059999465942383,31.1299991607666,38844,0.0,0.0
2024-01-09 11:30:00-05:00,31.149999618530273,31.200000762939453,31.06999969482422,31.06999969482422,30316,0.0,0.0
2024-01-09 12:30:00-05:00,31.079999923706055,31.1299991607666,30.989999771118164,30.989999771118164,29475,0.0,0.0
2024-01-09 13:30:00-05:00,30.9950008392334,31.030000686645508,30.959999084472656,30.979999542236328,43870,0.0,0.0
2024-01-09 14:30:00-05:00,30.969999313354492,31.020000457763672,30.899999618530273,31.0049991607666,45352,0.0,0.0
2024-01-09 15:30:00-05:00,31.0,31.06999969482422,30.979999542236328,31.0049991607666,132019,0.0,0.0
2024-01-10 09:30:00-05:00,31.010000228881836,31.110000610351562,30.722000122070312,30.864999771118164,54223,0.0,0.0
2024-01-10 10:30:00-05:00,30.8799991607666,31.049999237060547,30.760000228881836,30.969999313354492,40062,0.0,0.0
2024-01-10 11:30:00-05:00,30.989999771118164,31.270000457763672,30.989999771118164,31.264999389648438,40060,0.0,0.0
2024-01-10 12:30:00-05:00,31.264999389648438,31.28499984741211,31.1299991607666,31.219999313354492,42759,0.0,0.0
2024-01-10 13:30:00-05:00,31.239999771118164,31.43000030517578,31.229999542236328,31.350000381469727,40268,0.0,0.0
2024-01-10 14:30:00-05:00,31.34000015258789,31.600000381469727,31.239999771118164,31.549999237060547,116260,0.0,0.0
2024-01-10 15:30:00-05:00,31.559999465942383,31.559999465942383,31.350000381469727,31.549999237060547,136983,0.0,0.0
2024-01-11 09:30:00-05:00,31.6200008392334,31.82990074157715,30.987499237060547,31.110000610351562,35889,0.0,0.0
2024-01-11 10:30:00-05:00,31.139999389648438,31.389999389648438,31.1299991607666,31.25,87377,0.0,0.0
2024-01-11 11:30:00-05:00,31.25,31.360000610351562,31.18000030517578,31.25,37445,0.0,0.0
2024-01-11 12:30:00-05:00,31.270000457763672,31.489999771118164,31.255699157714844,31.440000534057617,33073,0.0,0.0
2024-01-11 13:30:00-05:00,31.450000762939453,31.469999313354492,31.350000381469727,31.459999084472656,36698,0.0,0.0
2024-01-11 14:30:00-05:00,31.459999084472656,31.719999313354492,31.434999465942383,31.719999313354492,54445,0.0,0.0
2024-01-11 15:30:00-05:00,31.719999313354492,32.0,31.719999313354492,31.90999984741211,138992,0.0,0.0
2024-01-12 09:30:00-05:00,32.34000015258789,32.470001220703125,31.90999984741211,32.29999923706055,112935,0.0,0.0
2024-01-12 10:30:00-05:00,32.33000183105469,32.4900016784668,32.20000076293945,32.45000076293945,65988,0.0,0.0
2024-01-12 11:30:00-05:00,32.45000076293945,32.45000076293945,32.18199920654297,32.20909881591797,36740,0.0,0.0
2024-01-12 12:30:00-05:00,32.209999084472656,32.209999084472656,32.02000045776367,32.0630989074707,30877,0.0,0.0
2024-01-12 13:30:00-05:00,32.06999969482422,32.130001068115234,32.01559829711914,32.03499984741211,32879,0.0,0.0
2024-01-12 14:30:00-05:00,32.029998779296875,32.029998779296875,31.75,31.799999237060547,46640,0.0,0.0
2024-01-12 15:30:00-05:00,31.795000076293945,31.8799991607666,31.770000457763672,31.8700008392334,90360,0.0,0.0
2024-01-16 09:30:00-05:00,31.399999618530273,31.8700008392334,31.091899871826172,31.639999389648438,48444,0.0,0.0
2024-01-16 10:30:00-05:00,31.649999618530273,31.690000534057617,31.450000762939453,31.579999923706055,50180,0.0,0.0
2024-01-16 11:30:00-05:00,31.607999801635742,31.674999237060547,31.549999237060547,31.579999923706055,39584,0.0,0.0
2024-01-16 12:30:00-05:00,31.559999465942383,31.639999389648438,31.479999542236328,31.639999389648438,41181,0.0,0.0
2024-01-16 13:30:00-05:00,31.649999618530273,31.71500015258789,31.450000762939453,31.524999618530273,45800,0.0,0.0
2024-01-16 14:30:00-05:00,31.520000457763672,31.75,31.489999771118164,31.719999313354492,69293,0.0,0.0
2024-01-16 15:30:00-05:00,31.73900032043457,31.920000076293945,31.709999084472656,31.8700008392334,111915,0.0,0.0
2024-01-17 09:30:00-05:00,31.399999618530273,31.424999237060547,30.959999084472656,31.260000228881836,45895,0.0,0.0
2024-01-17 10:30:00-05:00,31.25,31.31999969482422,31.149999618530273,31.270000457763672,38066,0.0,0.0
2024-01-17 11:30:00-05:00,31.260000228881836,31.260000228881836,31.094999313354492,31.094999313354492,36399,0.0,0.0
2024-01-17 12:30:00-05:00,31.09000015258789,31.100000381469727,30.860000610351562,30.899999618530273,40572,0.0,0.0
2024-01-17 13:30:00-05:00,30.889999389648438,31.0,30.84000015258789,30.959999084472656,46073,0.0,0.0
2024-01-17 14:30:00-05:00,30.979999542236328,31.1200008392334,30.969999313354492,31.0,53571,0.0,0.0
2024-01-17 15:30:00-05:00,30.989999771118164,31.03499984741211,30.950000762939453,31.0,125430,0.0,0.0
2024-01-18 09:30:00-05:00,31.200000762939453,31.229999542236328,30.860000610351562,31.229999542236328,33657,0.0,0.0
2024-01-18 10:30:00-05:00,31.200000762939453,31.31999969482422,31.155000686645508,31.280000686645508,37111,0.0,0.0
2024-01-18 11:30:00-05:00,31.290000915527344,31.34000015258789,31.079999923706055,31.139999389648438,29509,0.0,0.0
2024-01-18 12:30:00-05:00,31.1299991607666,31.15999984741211,30.969999313354492,31.020000457763672,23156,0.0,0.0
2024-01-18 13:30:00-05:00,31.030000686645508,31.280000686645508,31.030000686645508,31.260000228881836,27026,0.0,0.0
2024-01-18 14:30:00-05:00,31.280000686645508,31.334999084472656,31.260000228881836,31.31999969482422,39673,0.0,0.0
2024-01-18 15:30:00-05:00,31.31999969482422,31.389999389648438,31.260000228881836,31.270000457763672,104749,0.0,0.0
2024-01-19 09:30:00-05:00,31.469999313354492,31.600000381469727,30.979999542236328,31.110000610351562,38915,0.0,0.0
2024-01-19 10:30:00-05:00,31.079999923706055,31.18000030517578,30.90999984741211,31.100000381469727,19123,0.0,0.0
2024-01-19 11:30:00-05:00,31.114999771118164,31.114999771118164,30.985000610351562,31.040000915527344,17218,0.0,0.0
2024-01-19 12:30:00-05:00,31.05500030517578,31.315000534057617,31.05500030517578,31.219999313354492,48924,0.0,0.0
2024-01-19 13:30:00-05:00,31.239999771118164,31.600000381469727,31.200000762939453,31.56999969482422,36230,0.0,0.0
2024-01-19 14:30:00-05:00,31.59000015258789,31.639999389648438,31.520000457763672,31.6299991607666,36585,0.0,0.0
2024-01-19 15:30:00-05:00,31.610000610351562,31.690000534057617,31.549999237060547,31.68000030517578,106644,0.0,0.0
2024-01-22 09:30:00-05:00,32.0,32.74100112915039,31.854999542236328,32.58000183105469,72752,0.0,0.0
2024-01-22 10:30:00-05:00,32.529998779296875,32.60499954223633,32.2599983215332,32.54999923706055,34306,0.0,0.0
2024-01-22 11:30:00-05:00,32.560001373291016,32.70000076293945,32.529998779296875,32.59000015258789,31640,0.0,0.0
2024-01-22 12:30:00-05:00,32.58000183105469,32.650001525878906,32.41999816894531,32.41999816894531,41521,0.0,0.0
2024-01-22 13:30:00-05:00,32.41999816894531,32.540000915527344,32.38999938964844,32.41999816894531,31442,0.0,0.0
2024-01-22 14:30:00-05:00,32.43000030517578,32.540000915527344,32.290000915527344,32.310001373291016,61499,0.0,0.0
2024-01-22 15:30:00-05:00,32.29999923706055,32.369998931884766,32.20000076293945,32.369998931884766,77354,0.0,0.0
2024-01-23 09:30:00-05:00,32.720001220703125,32.88999938964844,32.31999969482422,32.72999954223633,55484,0.0,0.0
2024-01-23 10:30:00-05:00,32.72999954223633,32.75,32.44499969482422,32.45000076293945,34168,0.0,0.0
2024-01-23 11:30:00-05:00,32.435001373291016,32.56999969482422,32.375,32.41999816894531,27567,0.0,0.0
2024-01-23 12:30:00-05:00,32.40999984741211,32.46989822387695,32.369998931884766,32.400001525878906,22441,0.0,0.0
2024-01-23 13:30:00-05:00,32.400001525878906,32.4900016784668,32.31999969482422,32.45000076293945,24775,0.0,0.0
2024-01-23 14:30:00-05:00,32.459999084472656,32.755001068115234,32.459999084472656,32.650001525878906,42288,0.0,0.0
2024-01-23 15:30:00-05:00,32.63999938964844,32.63999938964844,32.529998779296875,32.529998779296875,105157,0.0,0.0
2024-01-24 09:30:00-05:00,33.55500030517578,34.060001373291016,33.279998779296875,33.349998474121094,124495,0.0,0.0
2024-01-24 10:30:00-05:00,33.40999984741211,33.849998474121094,33.400001525878906,33.529998779296875,58268,0.0,0.0
2024-01-24 11:30:00-05:00,33.540000915527344,33.599998474121094,33.45000076293945,33.54499816894531,42723,0.0,0.0
2024-01-24 12:30:00-05:00,33.560001373291016,33.75,33.45000076293945,33.47999954223633,47010,0.0,0.0
2024-01-24 13:30:00-05:00,33.45000076293945,33.5,33.380001068115234,33.439998626708984,40826,0.0,0.0
2024-01-24 14:30:00-05:00,33.439998626708984,33.54999923706055,33.29999923706055,33.31999969482422,54932,0.0,0.0
2024-01-24 15:30:00-05:00,33.31999969482422,33.31999969482422,33.04999923706055,33.11000061035156,77154,0.0,0.0
2024-01-25 09:30:00-05:00,33.45000076293945,33.595001220703125,33.16999816894531,33.38999938964844,43018,0.0,0.0
2024-01-25 10:30:00-05:00,33.41999816894531,33.48500061035156,33.29999923706055,33.380001068115234,28306,0.0,0.0
2024-01-25 11:30:00-05:00,33.375,33.41999816894531,33.22999954223633,33.2400016784668,25879,0.0,0.0
2024-01-25 12:30:00-05:00,33.2400016784668,33.2400016784668,32.95000076293945,33.09000015258789,34272,0.0,0.0
2024-01-25 13:30:00-05:00,33.08599853515625,33.13999938964844,32.88999938964844,33.025001525878906,26927,0.0,0.0
2024-01-25 14:30:00-05:00,33.025001525878906,33.20000076293945,33.0099983215332,33.11000061035156,48294,0.0,0.0
2024-01-25 15:30:00-05:00,33.099998474121094,33.20000076293945,33.029998779296875,33.04999923706055,114641,0.0,0.0
2024-01-26 09:30:00-05:00,33.2599983215332,33.2599983215332,32.630001068115234,32.8849983215332,47067,0.0,0.0
2024-01-26 10:30:00-05:00,32.90999984741211,32.97999954223633,32.70000076293945,32.709999084472656,28797,0.0,0.0
2024-01-26 11:30:00-05:00,32.72999954223633,32.83000183105469,32.61000061035156,32.61000061035156,38369,0.0,0.0
2024-01-26 12:30:00-05:00,32.599998474121094,32.66999816894531,32.5099983215332,32.65999984741211,47795,0.0,0.0
2024-01-26 13:30:00-05:00,32.654998779296875,32.7599983215332,32.56999969482422,32.72999954223633,37098,0.0,0.0
2024-01-26 14:30:00-05:00,32.7400016784668,32.744998931884766,32.650001525878906,32.65999984741211,53975,0.0,0.0
2024-01-26 15:30:00-05:00,32.65999984741211,32.66999816894531,32.529998779296875,32.58000183105469,103737,0.0,0.0
2024-01-29 09:30:00-05:00,32.58000183105469,32.75,32.47999954223633,32.529998779296875,24717,0.0,0.0
2024-01-29 10:30:00-05:00,32.54999923706055,32.54999923706055,32.2599983215332,32.29999923706055,32895,0.0,0.0
2024-01-29 11:30:00-05:00,32.314998626708984,32.34000015258789,32.2400016784668,32.290000915527344,22703,0.0,0.0
2024-01-29 12:30:00-05:00,32.28499984741211,32.34000015258789,32.20000076293945,32.25,34434,0.0,0.0
2024-01-29 13:30:00-05:00,32.27000045776367,32.290000915527344,32.20000076293945,32.27000045776367,40749,0.0,0.0
2024-01-29 14:30:00-05:00,32.279998779296875,32.469600677490234,32.25,32.40999984741211,64359,0.0,0.0
2024-01-29 15:30:00-05:00,32.404998779296875,32.5,32.349998474121094,32.47999954223633,140051,0.0,0.0
2024-01-30 09:30:00-05:00,32.31999969482422,32.4900016784668,32.13999938964844,32.13999938964844,33880,0.0,0.0
2024-01-30 10:30:00-05:00,32.130001068115234,32.150001525878906,31.985000610351562,32.1349983215332,51646,0.0,0.0
2024-01-30 11:30:00-05:00,32.150001525878906,32.310001373291016,32.13999938964844,32.20000076293945,28466,0.0,0.0
2024-01-30 12:30:00-05:00,32.189998626708984,32.220001220703125,32.06999969482422,32.220001220703125,42612,0.0,0.0
2024-01-30 13:30:00-05:00,32.209999084472656,32.36000061035156,32.119998931884766,32.16999816894531,66233,0.0,0.0
2024-01-30 14:30:00-05:00,32.18000030517578,32.189998626708984,32.060001373291016,32.17499923706055,58520,0.0,0.0
2024-01-30 15:30:00-05:00,32.18000030517578,32.31999969482422,32.17499923706055,32.290000915527344,130914,0.0,0.0
2024-01-31 09:30:00-05:00,31.989999771118164,31.989999771118164,31.440000534057617,31.65999984741211,37451,0.0,0.0
2024-01-31 10:30:00-05:00,31.6200008392334,31.6200008392334,31.329999923706055,31.420000076293945,33945,0.0,0.0
2024-01-31 11:30:00-05:00,31.440000534057617,31.75,31.354999542236328,31.75,27524,0.0,0.0
2024-01-31 12:30:00-05:00,31.760000228881836,31.760000228881836,31.56999969482422,31.56999969482422,25807,0.0,0.0
2024-01-31 13:30:00-05:00,31.575000762939453,31.6200008392334,31.299999237060547,31.360000610351562,27483,0.0,0.0
2024-01-31 14:30:00-05:00,31.3700008392334,32.02000045776367,31.15999984741211,31.2549991607666,64222,0.0,0.0
2024-01-31 15:30:00-05:00,31.260000228881836,31.260000228881836,30.920000076293945,31.0,111110,0.0,0.0
2024-02-01 09:30:00-05:00,31.139999389648438,31.520000457763672,31.030000686645508,31.520000457763672,26989,0.0,0.0
2024-02-01 10:30:00-05:00,31.520000457763672,31.540000915527344,30.899999618530273,30.93000030517578,27687,0.0,0.0
2024-02-01 11:30:00-05:00,30.969999313354492,31.18000030517578,30.969999313354492,31.049999237060547,31070,0.0,0.0
2024-02-01 12:30:00-05:00,31.100000381469727,31.344999313354492,31.09000015258789,31.18000030517578,21741,0.0,0.0
2024-02-01 13:30:00-05:00,31.185199737548828,31.235000610351562,31.06999969482422,31.219999313354492,25122,0.0,0.0
2024-02-01 14:30:00-05:00,31.200000762939453,31.225000381469727,31.09000015258789,31.219999313354492,34483,0.0,0.0
2024-02-01 15:30:00-05:00,31.229999542236328,31.290000915527344,31.139999389648438,31.190000534057617,61529,0.0,0.0
2024-02-02 09:30:00-05:00,31.110000610351562,31.575000762939453,30.950000762939453,31.469999313354492,48919,0.0,0.0
2024-02-02 10:30:00-05:00,31.450000762939453,31.739999771118164,31.3799991607666,31.610000610351562,33115,0.0,0.0
2024-02-02 11:30:00-05:00,31.649999618530273,31.729999542236328,31.420000076293945,31.540000915527344,28406,0.0,0.0
2024-02-02 12:30:00-05:00,31.549999237060547,31.59000015258789,31.34000015258789,31.56999969482422,34709,0.0,0.0
2024-02-02 13:30:00-05:00,31.579999923706055,31.600000381469727,31.440000534057617,31.520000457763672,53064,0.0,0.0
2024-02-02 14:30:00-05:00,31.520000457763672,31.600000381469727,31.395000457763672,31.440000534057617,67779,0.0,0.0
2024-02-02 15:30:00-05:00,31.43000030517578,31.43000030517578,31.290000915527344,31.399999618530273,120265,0.0,0.0
2024-02-05 09:30:00-05:00,30.979999542236328,31.125,30.260000228881836,30.459999084472656,56401,0.0,0.0
2024-02-05 10:30:00-05:00,30.510000228881836,30.760000228881836,30.489999771118164,30.649999618530273,36736,0.0,0.0
2024-02-05 11:30:00-05:00,30.670000076293945,30.780000686645508,30.579999923706055,30.780000686645508,31671,0.0,0.0
2024-02-05 12:30:00-05:00,30.780000686645508,30.850000381469727,30.639999389648438,30.655000686645508,30676,0.0,0.0
2024-02-05 13:30:00-05:00,30.639999389648438,30.8799991607666,30.59000015258789,30.860000610351562,36683,0.0,0.0
2024-02-05 14:30:00-05:00,30.860000610351562,30.93000030517578,30.760000228881836,30.850000381469727,48473,0.0,0.0
2024-02-05 15:30:00-05:00,30.8700008392334,30.899999618530273,30.729999542236328,30.729999542236328,96108,0.0,0.0
2024-02-06 09:30:00-05:00,30.75,30.860000610351562,30.559999465942383,30.739999771118164,63970,0.0,0.0
2024-02-06 10:30:00-05:00,30.739999771118164,31.024999618530273,30.690000534057617,31.024999618530273,39209,0.0,0.0
2024-02-06 11:30:00-05:00,31.030000686645508,31.040000915527344,30.780000686645508,30.905000686645508,19081,0.0,0.0
2024-02-06 12:30:00-05:00,30.889999389648438,31.059999465942383,30.8799991607666,31.040000915527344,16712,0.0,0.0
2024-02-06 13:30:00-05:00,31.065000534057617,31.170000076293945,30.969999313354492,30.969999313354492,30792,0.0,0.0
2024-02-06 14:30:00-05:00,31.0,31.204999923706055,30.989999771118164,31.18000030517578,46610,0.0,0.0
2024-02-06 15:30:00-05:00,31.170000076293945,31.270000457763672,31.139999389648438,31.229999542236328,101781,0.0,0.0
2024-02-07 09:30:00-05:00,31.3700008392334,31.3799991607666,31.15999984741211,31.350000381469727,19190,0.0,0.0
2024-02-07 10:30:00-05:00,31.329999923706055,31.350000381469727,31.049999237060547,31.190000534057617,23263,0.0,0.0
2024-02-07 11:30:00-05:00,31.18000030517578,31.315000534057617,31.1200008392334,31.315000534057617,33349,0.0,0.0
2024-02-07 12:30:00-05:00,31.329999923706055,31.670000076293945,31.270000457763672,31.670000076293945,31459,0.0,0.0
2024-02-07 13:30:00-05:00,31.684999465942383,31.895000457763672,31.684999465942383,31.864999771118164,45754,0.0,0.0
2024-02-07 14:30:00-05:00,31.889999389648438,32.150001525878906,31.8700008392334,32.02000045776367,57609,0.0,0.0
2024-02-07 15:30:00-05:00,32.02000045776367,32.02000045776367,31.8799991607666,31.969999313354492,84009,0.0,0.0
2024-02-08 09:30:00-05:00,31.950000762939453,32.560001373291016,31.885000228881836,32.560001373291016,23158,0.0,0.0
2024-02-08 10:30:00-05:00,32.540000915527344,32.66999816894531,32.064998626708984,32.13999938964844,45630,0.0,0.0
2024-02-08 11:30:00-05:00,32.15999984741211,32.220001220703125,32.0,32.08000183105469,33346,0.0,0.0
2024-02-08 12:30:00-05:00,32.07500076293945,32.08000183105469,31.959999084472656,32.02000045776367,28629,0.0,0.0
2024-02-08 13:30:00-05:00,32.029998779296875,32.040000915527344,31.780000686645508,31.795000076293945,39596,0.0,0.0
2024-02-08 14:30:00-05:00,31.809999465942383,31.81999969482422,31.68000030517578,31.729999542236328,62898,0.0,0.0
2024-02-08 15:30:00-05:00,31.73699951171875,31.73699951171875,31.649999618530273,31.700000762939453,88887,0.0,0.0
2024-02-09 09:30:00-05:00,31.959999084472656,32.20500183105469,31.809999465942383,32.189998626708984,41096,0.0,0.0
2024-02-09 10:30:00-05:00,32.18000030517578,32.38999938964844,32.15999984741211,32.189998626708984,44826,0.0,0.0
2024-02-09 11:30:00-05:00,32.209999084472656,32.31999969482422,32.150001525878906,32.290000915527344,25760,0.0,0.0
2024-02-09 12:30:00-05:00,32.31999969482422,32.47999954223633,32.29499816894531,32.3650016784668,38458,0.0,0.0
2024-02-09 13:30:00-05:00,32.369998931884766,32.56999969482422,32.31999969482422,32.53499984741211,41123,0.0,0.0
2024-02-09 14:30:00-05:00,32.54999923706055,32.70000076293945,32.45000076293945,32.65999984741211,60964,0.0,0.0
2024-02-09 15:30:00-05:00,32.689998626708984,32.689998626708984,32.45000076293945,32.5,123301,0.0,0.0
2024-02-12 09:30:00-05:00,32.5099983215332,32.84000015258789,32.459999084472656,32.810001373291016,26453,0.0,0.0
2024-02-12 10:30:00-05:00,32.790000915527344,32.84000015258789,32.68000030517578,32.689998626708984,22547,0.0,0.0
2024-02-12 11:30:00-05:00,32.63999938964844,32.70000076293945,32.56999969482422,32.61000061035156,22055,0.0,0.0
2024-02-12 12:30:00-05:00,32.619998931884766,32.689998626708984,32.540000915527344,32.540000915527344,14444,0.0,0.0
2024-02-12 13:30:00-05:00,32.5,32.58000183105469,32.369998931884766,32.47999954223633,29939,0.0,0.0
2024-02-12 14:30:00-05:00,32.5,33.40230178833008,32.41999816894531,32.75,343158,0.0,0.0
2024-02-12 15:30:00-05:00,32.720001220703125,33.02000045776367,32.560001373291016,32.68000030517578,263133,0.0,0.0
2024-02-13 09:30:00-05:00,31.3700008392334,32.04999923706055,31.079999923706055,31.940000534057617,70084,0.0,0.0
2024-02-13 10:30:00-05:00,31.979999542236328,32.06999969482422,31.829999923706055,32.0099983215332,49314,0.0,0.0
2024-02-13 11:30:00-05:00,32.0099983215332,32.189998626708984,31.889999389648438,31.959999084472656,35204,0.0,0.0
2024-02-13 12:30:00-05:00,31.959999084472656,32.04999923706055,31.860000610351562,31.959999084472656,39829,0.0,0.0
2024-02-13 13:30:00-05:00,31.989999771118164,31.989999771118164,31.6200008392334,31.690000534057617,63998,0.0,0.0
2024-02-13 14:30:00-05:00,31.68000030517578,31.719999313354492,31.389999389648438,31.540000915527344,123258,0.0,0.0
2024-02-13 15:30:00-05:00,31.579999923706055,31.6299991607666,31.3799991607666,31.600000381469727,138710,0.0,0.0
2024-02-14 09:30:00-05:00,32.11000061035156,32.470001220703125,31.950000762939453,32.279998779296875,37642,0.0,0.0
2024-02-14 10:30:00-05:00,32.29999923706055,32.310001373291016,31.969999313354492,32.1349983215332,38818,0.0,0.0
2024-02-14 11:30:00-05:00,32.22999954223633,32.439998626708984,32.150001525878906,32.439998626708984,45154,0.0,0.0
2024-02-14 12:30:00-05:00,32.459999084472656,32.55500030517578,32.400001525878906,32.5099983215332,54979,0.0,0.0
2024-02-14 13:30:00-05:00,32.505001068115234,32.63999938964844,32.43000030517578,32.564998626708984,48829,0.0,0.0
2024-02-14 14:30:00-05:00,32.54999923706055,32.79999923706055,32.540000915527344,32.7400016784668,81280,0.0,0.0
2024-02-14 15:30:00-05:00,32.7400016784668,32.935001373291016,32.66999816894531,32.810001373291016,115169,0.0,0.0
2024-02-15 09:30:00-05:00,33.18000030517578,33.20000076293945,32.619998931884766,32.6349983215332,39311,0.0,0.0
2024-02-15 10:30:00-05:00,32.65999984741211,32.66999816894531,32.290000915527344,32.43000030517578,26352,0.0,0.0
2024-02-15 11:30:00-05:00,32.400001525878906,32.72999954223633,32.400001525878906,32.709999084472656,36848,0.0,0.0
2024-02-15 12:30:00-05:00,32.71500015258789,32.71500015258789,32.459999084472656,32.61000061035156,30032,0.0,0.0
2024-02-15 13:30:00-05:00,32.599998474121094,32.880001068115234,32.56999969482422,32.82500076293945,42720,0.0,0.0
2024-02-15 14:30:00-05:00,32.81999969482422,32.959999084472656,32.779998779296875,32.84000015258789,47486,0.0,0.0
2024-02-15 15:30:00-05:00,32.83000183105469,32.97999954223633,32.77000045776367,32.959999084472656,87810,0.0,0.0
2024-02-16 09:30:00-05:00,32.7400016784668,32.7400016784668,32.279998779296875,32.31999969482422,44664,0.0,0.0
2024-02-16 10:30:00-05:00,32.33000183105469,32.33000183105469,32.13999938964844,32.29999923706055,27957,0.0,0.0
2024-02-16 11:30:00-05:00,32.29999923706055,32.4900016784668,31.889999389648438,32.02519989013672,44702,0.0,0.0
2024-02-16 12:30:00-05:00,32.02000045776367,32.060001373291016,31.8799991607666,31.969999313354492,32007,0.0,0.0
2024-02-16 13:30:00-05:00,31.979999542236328,31.989999771118164,31.780000686645508,31.790000915527344,32882,0.0,0.0
2024-02-16 14:30:00-05:00,31.780000686645508,31.780000686645508,31.530000686645508,31.670000076293945,94801,0.0,0.0
2024-02-16 15:30:00-05:00,31.684999465942383,31.700000762939453,31.5,31.604999542236328,150691,0.0,0.0
2024-02-20 09:30:00-05:00,31.239999771118164,31.3799991607666,30.75,31.09000015258789,78347,0.0,0.0
2024-02-20 10:30:00-05:00,31.079999923706055,31.579999923706055,30.979999542236328,31.579999923706055,49324,0.0,0.0
2024-02-20 11:30:00-05:00,31.579999923706055,31.579999923706055,31.440000534057617,31.530000686645508,47020,0.0,0.0
2024-02-20 12:30:00-05:00,31.549999237060547,31.59000015258789,31.360000610351562,31.360000610351562,48938,0.0,0.0
2024-02-20 13:30:00-05:00,31.360000610351562,31.479999542236328,31.360000610351562,31.389999389648438,39091,0.0,0.0
2024-02-20 14:30:00-05:00,31.389999389648438,31.459999084472656,31.309999465942383,31.3799991607666,55262,0.0,0.0
2024-02-20 15:30:00-05:00,31.399999618530273,31.399999618530273,31.209999084472656,31.239999771118164,110167,0.0,0.0
2024-02-21 09:30:00-05:00,30.760000228881836,31.02199935913086,30.260000228881836,30.520000457763672,113792,0.0,0.0
2024-02-21 10:30:00-05:00,30.520000457763672,30.780000686645508,30.489999771118164,30.649999618530273,60443,0.0,0.0
2024-02-21 11:30:00-05:00,30.649999618530273,30.829999923706055,30.56999969482422,30.780000686645508,66101,0.0,0.0
2024-02-21 12:30:00-05:00,30.799999237060547,30.979999542236328,30.760000228881836,30.790000915527344,54027,0.0,0.0
2024-02-21 13:30:00-05:00,30.780000686645508,31.059999465942383,30.739999771118164,30.93000030517578,71982,0.0,0.0
2024-02-21 14:30:00-05:00,30.950000762939453,30.950000762939453,30.709999084472656,30.780000686645508,74356,0.0,0.0
2024-02-21 15:30:00-05:00,30.799999237060547,31.030000686645508,30.799999237060547,30.940000534057617,145096,0.0,0.0
2024-02-22 09:30:00-05:00,31.540000915527344,31.979999542236328,31.270000457763672,31.43000030517578,147978,0.0,0.0
2024-02-22 10:30:00-05:00,31.389999389648438,31.764999389648438,31.31999969482422,31.6200008392334,76650,0.0,0.0
2024-02-22 11:30:00-05:00,31.649999618530273,31.809999465942383,31.540000915527344,31.760000228881836,44931,0.0,0.0
2024-02-22 12:30:00-05:00,31.739999771118164,31.80500030517578,31.594999313354492,31.68000030517578,54503,0.0,0.0
2024-02-22 13:30:00-05:00,31.65999984741211,31.885000228881836,31.645000457763672,31.739999771118164,53343,0.0,0.0
2024-02-22 14:30:00-05:00,31.75,31.954999923706055,31.729999542236328,31.920000076293945,153830,0.0,0.0
2024-02-22 15:30:00-05:00,31.93000030517578,32.25,31.924999237060547,32.18000030517578,202885,0.0,0.0
2024-02-23 09:30:00-05:00,32.25,32.40999984741211,31.739999771118164,31.799999237060547,39299,0.0,0.0
2024-02-23 10:30:00-05:00,31.799999237060547,32.06999969482422,31.690000534057617,31.889999389648438,52813,0.0,0.0
2024-02-23 11:30:00-05:00,31.8700008392334,32.22999954223633,31.8700008392334,32.150001525878906,66318,0.0,0.0
2024-02-23 12:30:00-05:00,32.099998474121094,32.33000183105469,32.099998474121094,32.2599983215332,33643,0.0,0.0
2024-02-23 13:30:00-05:00,32.22999954223633,32.36000061035156,32.130001068115234,32.25,50004,0.0,0.0
2024-02-23 14:30:00-05:00,32.26499938964844,32.34000015258789,32.22999954223633,32.290000915527344,61357,0.0,0.0
2024-02-23 15:30:00-05:00,32.29999923706055,32.310001373291016,32.11000061035156,32.21500015258789,76273,0.0,0.0
2024-02-26 09:30:00-05:00,32.119998931884766,33.15999984741211,32.119998931884766,33.15299987792969,58558,0.0,0.0
2024-02-26 10:30:00-05:00,33.16999816894531,33.47999954223633,33.040000915527344,33.33250045776367,77504,0.0,0.0
2024-02-26 11:30:00-05:00,33.369998931884766,33.59000015258789,33.27000045776367,33.470001220703125,84751,0.0,0.0
2024-02-26 12:30:00-05:00,33.470001220703125,33.689998626708984,33.349998474121094,33.54999923706055,81635,0.0,0.0
2024-02-26 13:30:00-05:00,33.53499984741211,33.939998626708984,33.53499984741211,33.689998626708984,95315,0.0,0.0
2024-02-26 14:30:00-05:00,33.689998626708984,33.72999954223633,33.470001220703125,33.599998474121094,81563,0.0,0.0
2024-02-26 15:30:00-05:00,33.61000061035156,33.61000061035156,33.39500045776367,33.470001220703125,115835,0.0,0.0
2024-02-27 09:30:00-05:00,33.599998474121094,34.099998474121094,33.290000915527344,34.04499816894531,192378,0.0,0.0
2024-02-27 10:30:00-05:00,34.099998474121094,34.470001220703125,33.900001525878906,34.095001220703125,254148,0.0,0.0
2024-02-27 11:30:00-05:00,34.119998931884766,34.29999923706055,33.709999084472656,33.81999969482422,130774,0.0,0.0
2024-02-27 12:30:00-05:00,33.84000015258789,34.01499938964844,33.33000183105469,33.58000183105469,153406,0.0,0.0
2024-02-27 13:30:00-05:00,33.58000183105469,34.31999969482422,33.5,33.91999816894531,327676,0.0,0.0
2024-02-27 14:30:00-05:00,33.89500045776367,34.11000061035156,33.7599983215332,34.08000183105469,240116,0.0,0.0
2024-02-27 15:30:00-05:00,34.08000183105469,34.08000183105469,33.720001220703125,33.72999954223633,351200,0.0,0.0
2024-02-28 09:30:00-05:00,34.619998931884766,34.619998931884766,32.91999816894531,33.18000030517578,545787,0.0,0.0
2024-02-28 10:30:00-05:00,33.20000076293945,33.27000045776367,32.400001525878906,32.55500030517578,159350,0.0,0.0
2024-02-28 11:30:00-05:00,32.52000045776367,32.779998779296875,32.16999816894531,32.58000183105469,160638,0.0,0.0
2024-02-28 12:30:00-05:00,32.58000183105469,33.165000915527344,32.5,32.939998626708984,107938,0.0,0.0
2024-02-28 13:30:00-05:00,32.994998931884766,33.43000030517578,32.939998626708984,33.30500030517578,95765,0.0,0.0
2024-02-28 14:30:00-05:00,33.27000045776367,33.599998474121094,33.15999984741211,33.31999969482422,133422,0.0,0.0
2024-02-28 15:30:00-05:00,33.29999923706055,33.47999954223633,33.22999954223633,33.41999816894531,155310,0.0,0.0
2024-02-29 09:30:00-05:00,33.65999984741211,33.77000045776367,32.334999084472656,32.80500030517578,145182,0.0,0.0
2024-02-29 10:30:00-05:00,32.77000045776367,33.470001220703125,32.66999816894531,32.95000076293945,100357,0.0,0.0
2024-02-29 11:30:00-05:00,32.91999816894531,33.084999084472656,32.83000183105469,33.08000183105469,76774,0.0,0.0
2024-02-29 12:30:00-05:00,33.08000183105469,33.439998626708984,33.060001373291016,33.255001068115234,76513,0.0,0.0
2024-02-29 13:30:00-05:00,33.29999923706055,33.41999816894531,33.09000015258789,33.25,113208,0.0,0.0
2024-02-29 14:30:00-05:00,33.2599983215332,33.40999984741211,33.13999938964844,33.2400016784668,107875,0.0,0.0
2024-02-29 15:30:00-05:00,33.255001068115234,33.33000183105469,32.93000030517578,33.2400016784668,224430,0.0,0.0
2024-03-01 09:30:00-05:00,33.380001068115234,33.380001068115234,32.060001373291016,32.22999954223633,205958,0.0,0.0
2024-03-01 10:30:00-05:00,32.290000915527344,32.399898529052734,31.510000228881836,31.530000686645508,206705,0.0,0.0
2024-03-01 11:30:00-05:00,31.600000381469727,31.969999313354492,31.440000534057617,31.899999618530273,152299,0.0,0.0
2024-03-01 12:30:00-05:00,31.90999984741211,31.989999771118164,31.81999969482422,31.969999313354492,89354,0.0,0.0
2024-03-01 13:30:00-05:00,31.979999542236328,32.11000061035156,31.829999923706055,32.04499816894531,125532,0.0,0.0
2024-03-01 14:30:00-05:00,32.029998779296875,32.25,32.0,32.22999954223633,129999,0.0,0.0
2024-03-01 15:30:00-05:00,32.22999954223633,32.38999938964844,32.18000030517578,32.36000061035156,209428,0.0,0.0
2024-03-04 09:30:00-05:00,32.720001220703125,32.900001525878906,32.09000015258789,32.79999923706055,180004,0.0,0.0
2024-03-04 10:30:00-05:00,32.775001525878906,32.939998626708984,32.47999954223633,32.91999816894531,116342,0.0,0.0
2024-03-04 11:30:00-05:00,32.91999816894531,33.22990036010742,32.832000732421875,33.125,142123,0.0,0.0
2024-03-04 12:30:00-05:00,33.119998931884766,33.15999984741211,32.86000061035156,32.900001525878906,68889,0.0,0.0
2024-03-04 13:30:00-05:00,32.91999816894531,33.029998779296875,32.70000076293945,32.70500183105469,66402,0.0,0.0
2024-03-04 14:30:00-05:00,32.709999084472656,32.81999969482422,32.61199951171875,32.689998626708984,96340,0.0,0.0
2024-03-04 15:30:00-05:00,32.70000076293945,32.869998931884766,32.58000183105469,32.66999816894531,210454,0.0,0.0
2024-03-05 09:30:00-05:00,32.08000183105469,32.88999938964844,31.850000381469727,31.850000381469727,80376,0.0,0.0
2024-03-05 10:30:00-05:00,31.89699935913086,31.940000534057617,31.600000381469727,31.75,82632,0.0,0.0
2024-03-05 11:30:00-05:00,31.739999771118164,32.040000915527344,31.639999389648438,32.040000915527344,75224,0.0,0.0
2024-03-05 12:30:00-05:00,32.02000045776367,32.08000183105469,31.719999313354492,31.780000686645508,74961,0.0,0.0
2024-03-05 13:30:00-05:00,31.780000686645508,31.899999618530273,31.649999618530273,31.68000030517578,80518,0.0,0.0
2024-03-05 14:30:00-05:00,31.690000534057617,31.84000015258789,31.520000457763672,31.719999313354492,97656,0.0,0.0
2024-03-05 15:30:00-05:00,31.700000762939453,31.969999313354492,31.670000076293945,31.969999313354492,185981,0.0,0.0
2024-03-06 09:30:00-05:00,32.34000015258789,32.34000015258789,31.399999618530273,31.829999923706055,73112,0.0,0.0
2024-03-06 10:30:00-05:00,31.799999237060547,31.899999618530273,31.549999237060547,31.729999542236328,48071,0.0,0.0
2024-03-06 11:30:00-05:00,31.68000030517578,31.739999771118164,31.559999465942383,31.65999984741211,70578,0.0,0.0
2024-03-06 12:30:00-05:00,31.65999984741211,31.65999984741211,31.329999923706055,31.40999984741211,45723,0.0,0.0
2024-03-06 13:30:00-05:00,31.399999618530273,31.5,31.2450008392334,31.350000381469727,70633,0.0,0.0
2024-03-06 14:30:00-05:00,31.354999542236328,31.420000076293945,31.229999542236328,31.334999084472656,117291,0.0,0.0
2024-03-06 15:30:00-05:00,31.31999969482422,31.479999542236328,31.204999923706055,31.459999084472656,192371,0.0,0.0
2024-03-07 09:30:00-05:00,31.520000457763672,32.060001373291016,31.399999618530273,32.060001373291016,68180,0.0,0.0
2024-03-07 10:30:00-05:00,32.03300094604492,32.290000915527344,31.889999389648438,31.989999771118164,84713,0.0,0.0
2024-03-07 11:30:00-05:00,31.985000610351562,32.099998474121094,31.81999969482422,32.025001525878906,84628,0.0,0.0
2024-03-07 12:30:00-05:00,32.0099983215332,32.025001525878906,31.860000610351562,31.979999542236328,75691,0.0,0.0
2024-03-07 13:30:00-05:00,31.989999771118164,32.09000015258789,31.920000076293945,31.985000610351562,82008,0.0,0.0
2024-03-07 14:30:00-05:00,31.969999313354492,32.189998626708984,31.950000762939453,32.01499938964844,76699,0.0,0.0
2024-03-07 15:30:00-05:00,32.01900100708008,32.20000076293945,32.01499938964844,32.20000076293945,147758,0.0,0.0
2024-03-08 09:30:00-05:00,32.20000076293945,32.68000030517578,32.15999984741211,32.38999938964844,55363,0.0,0.0
2024-03-08 10:30:00-05:00,32.3849983215332,32.400001525878906,32.04999923706055,32.04999923706055,35235,0.0,0.0
2024-03-08 11:30:00-05:00,31.989999771118164,32.150001525878906,31.915000915527344,32.11000061035156,36864,0.0,0.0
2024-03-08 12:30:00-05:00,32.11000061035156,32.150001525878906,31.65999984741211,31.65999984741211,42332,0.0,0.0
2024-03-08 13:30:00-05:00,31.639999389648438,31.899999618530273,31.540000915527344,31.854999542236328,95662,0.0,0.0
2024-03-08 14:30:00-05:00,31.889999389648438,31.959999084472656,31.579999923706055,31.579999923706055,79655,0.0,0.0
2024-03-08 15:30:00-05:00,31.549999237060547,31.639999389648438,31.440000534057617,31.489999771118164,148716,0.0,0.0
2024-03-11 09:30:00-04:00,31.229999542236328,31.584999084472656,31.219999313354492,31.559999465942383,46991,0.0,0.0
2024-03-11 10:30:00-04:00,31.59000015258789,31.75,31.540000915527344,31.7450008392334,51715,0.0,0.0
2024-03-11 11:30:00-04:00,31.7450008392334,31.860000610351562,31.670000076293945,31.860000610351562,37966,0.0,0.0
2024-03-11 12:30:00-04:00,31.8799991607666,31.885000228881836,31.75,31.875,36108,0.0,0.0
2024-03-11 13:30:00-04:00,31.8799991607666,31.920000076293945,31.799999237060547,31.8700008392334,45213,0.0,0.0
2024-03-11 14:30:00-04:00,31.850000381469727,31.850000381469727,31.579999923706055,31.608999252319336,70266,0.0,0.0
2024-03-11 15:30:00-04:00,31.610000610351562,31.764999389648438,31.600000381469727,31.700000762939453,151677,0.0,0.0
2024-03-12 09:30:00-04:00,31.770000457763672,32.08000183105469,31.479999542236328,31.920000076293945,81186,0.0,0.0
2024-03-12 10:30:00-04:00,31.940000534057617,32.040000915527344,31.725000381469727,31.84000015258789,83409,0.0,0.0
2024-03-12 11:30:00-04:00,31.84000015258789,31.93000030517578,31.670000076293945,31.8700008392334,273760,0.0,0.0
2024-03-12 12:30:00-04:00,31.889999389648438,31.889999389648438,31.719999313354492,31.719999313354492,43039,0.0,0.0
2024-03-12 13:30:00-04:00,31.729999542236328,31.8799991607666,31.704999923706055,31.84000015258789,65847,0.0,0.0
2024-03-12 14:30:00-04:00,31.8700008392334,32.27000045776367,31.8700008392334,32.22999954223633,98346,0.0,0.0
2024-03-12 15:30:00-04:00,32.2400016784668,32.34000015258789,31.90999984741211,32.060001373291016,172578,0.0,0.0
2024-03-13 09:30:00-04:00,31.729999542236328,32.279998779296875,31.6299991607666,31.889999389648438,63358,0.0,0.0
2024-03-13 10:30:00-04:00,31.899999618530273,32.310001373291016,31.899999618530273,32.23500061035156,56767,0.0,0.0
2024-03-13 11:30:00-04:00,32.23500061035156,32.33000183105469,32.099998474121094,32.16999816894531,46044,0.0,0.0
2024-03-13 12:30:00-04:00,32.220001220703125,32.29999923706055,32.11000061035156,32.29999923706055,29947,0.0,0.0
2024-03-13 13:30:00-04:00,32.31999969482422,32.439998626708984,32.22999954223633,32.35499954223633,58034,0.0,0.0
2024-03-13 14:30:00-04:00,32.36000061035156,32.380001068115234,32.220001220703125,32.310001373291016,63748,0.0,0.0
2024-03-13 15:30:00-04:00,32.31999969482422,32.369998931884766,32.189998626708984,32.290000915527344,118014,0.0,0.0
2024-03-14 09:30:00-04:00,32.22999954223633,32.35499954223633,31.6200008392334,31.829999923706055,58118,0.0,0.0
2024-03-14 10:30:00-04:00,31.850000381469727,32.09000015258789,31.809999465942383,31.8799991607666,68346,0.0,0.0
2024-03-14 11:30:00-04:00,31.889999389648438,32.18000030517578,31.889999389648438,32.11000061035156,66573,0.0,0.0
2024-03-14 12:30:00-04:00,32.09550094604492,32.220001220703125,32.0099983215332,32.084999084472656,54235,0.0,0.0
2024-03-14 13:30:00-04:00,32.06999969482422,32.22999954223633,32.04999923706055,32.119998931884766,73283,0.0,0.0
2024-03-14 14:30:00-04:00,32.119998931884766,32.150001525878906,31.850000381469727,31.979999542236328,104173,0.0,0.0
2024-03-14 15:30:00-04:00,31.985000610351562,32.11000061035156,31.90999984741211,32.04999923706055,193808,0.0,0.0
2024-03-15 09:30:00-04:00,31.889999389648438,32.2400016784668,31.649999618530273,31.989999771118164,146038,0.0,0.0
2024-03-15 10:30:00-04:00,32.029998779296875,32.380001068115234,32.02000045776367,32.34000015258789,72669,0.0,0.0
2024-03-15 11:30:00-04:00,32.34000015258789,32.3650016784668,31.739999771118164,31.780000686645508,47351,0.0,0.0
2024-03-15 12:30:00-04:00,31.75,31.950000762939453,31.75,31.90999984741211,54313,0.0,0.0
2024-03-15 13:30:00-04:00,31.90999984741211,32.09000015258789,31.90999984741211,32.08000183105469,71881,0.0,0.0
2024-03-15 14:30:00-04:00,32.099998474121094,32.27000045776367,32.040000915527344,32.22200012207031,112918,0.0,0.0
2024-03-15 15:30:00-04:00,32.23500061035156,32.494998931884766,32.095001220703125,32.36000061035156,329738,0.0,0.0
2024-03-18 09:30:00-04:00,33.02000045776367,34.209999084472656,32.599998474121094,34.125,195587,0.0,0.0
2024-03-18 10:30:00-04:00,34.15999984741211,34.43000030517578,33.94960021972656,33.97999954223633,139904,0.0,0.0
2024-03-18 11:30:00-04:00,33.959999084472656,34.380001068115234,33.935001373291016,34.33000183105469,106463,0.0,0.0
2024-03-18 12:30:00-04:00,34.33000183105469,34.54999923706055,34.22999954223633,34.52000045776367,84847,0.0,0.0
2024-03-18 13:30:00-04:00,34.53499984741211,34.689998626708984,34.369998931884766,34.564998626708984,123115,0.0,0.0
2024-03-18 14:30:00-04:00,34.54999923706055,34.83000183105469,34.52000045776367,34.70000076293945,183007,0.0,0.0
2024-03-18 15:30:00-04:00,34.709999084472656,34.7400016784668,34.40999984741211,34.45000076293945,273808,0.0,0.0
2024-03-19 09:30:00-04:00,34.34000015258789,34.55979919433594,33.790000915527344,33.849998474121094,140506,0.0,0.0
2024-03-19 10:30:00-04:00,33.900001525878906,34.189998626708984,33.849998474121094,34.15999984741211,86540,0.0,0.0
2024-03-19 11:30:00-04:00,34.20000076293945,34.5,34.16999816894531,34.22999954223633,81634,0.0,0.0
2024-03-19 12:30:00-04:00,34.23500061035156,34.58000183105469,34.209999084472656,34.41999816894531,74203,0.0,0.0
2024-03-19 13:30:00-04:00,34.439998626708984,34.59000015258789,34.369998931884766,34.57500076293945,52640,0.0,0.0
2024-03-19 14:30:00-04:00,34.59000015258789,34.689998626708984,34.5,34.58000183105469,85713,0.0,0.0
2024-03-19 15:30:00-04:00,34.58000183105469,34.68000030517578,34.5,34.599998474121094,196565,0.0,0.0
2024-03-20 09:30:00-04:00,34.61000061035156,34.810001373291016,34.16999816894531,34.5099983215332,61346,0.0,0.0
2024-03-20 10:30:00-04:00,34.56999969482422,34.56999969482422,34.34000015258789,34.400001525878906,37420,0.0,0.0
2024-03-20 11:30:00-04:00,34.400001525878906,34.470001220703125,34.150001525878906,34.18000030517578,53904,0.0,0.0
2024-03-20 12:30:00-04:00,34.16999816894531,34.31999969482422,33.97999954223633,34.04999923706055,51071,0.0,0.0
2024-03-20 13:30:00-04:00,34.029998779296875,34.72999954223633,34.029998779296875,34.189998626708984,59532,0.0,0.0
2024-03-20 14:30:00-04:00,34.25,34.439998626708984,34.119998931884766,34.2599983215332,87969,0.0,0.0
2024-03-20 15:30:00-04:00,34.290000915527344,34.380001068115234,34.08000183105469,34.22999954223633,213503,0.0,0.0
2024-03-21 09:30:00-04:00,34.400001525878906,35.5099983215332,34.33000183105469,35.40999984741211,80274,0.0,0.0
2024-03-21 10:30:00-04:00,35.369998931884766,35.369998931884766,35.04999923706055,35.2599983215332,52766,0.0,0.0
2024-03-21 11:30:00-04:00,35.279998779296875,35.369998931884766,35.15999984741211,35.22999954223633,36529,0.0,0.0
2024-03-21 12:30:00-04:00,35.27000045776367,35.29999923706055,35.040000915527344,35.125,36042,0.0,0.0
2024-03-21 13:30:00-04:00,35.11000061035156,35.18000030517578,34.91999816894531,35.04999923706055,37425,0.0,0.0
2024-03-21 14:30:00-04:00,35.060001373291016,35.15999984741211,34.91999816894531,35.119998931884766,46701,0.0,0.0
2024-03-21 15:30:00-04:00,35.099998474121094,35.20000076293945,35.029998779296875,35.15999984741211,172362,0.0,0.0
2024-03-22 09:30:00-04:00,35.06999969482422,35.650001525878906,34.95500183105469,35.040000915527344,65969,0.0,0.0
2024-03-22 10:30:00-04:00,35.000999450683594,35.000999450683594,34.58000183105469,34.95500183105469,41081,0.0,0.0
2024-03-22 11:30:00-04:00,34.970001220703125,34.970001220703125,34.560001373291016,34.689998626708984,34184,0.0,0.0
2024-03-22 12:30:00-04:00,34.68000030517578,35.0,34.68000030517578,34.974998474121094,29373,0.0,0.0
2024-03-22 13:30:00-04:00,35.0099983215332,35.040000915527344,34.84000015258789,34.849998474121094,31283,0.0,0.0
2024-03-22 14:30:00-04:00,34.86000061035156,35.13999938964844,34.80500030517578,35.13999938964844,48361,0.0,0.0
2024-03-22 15:30:00-04:00,35.119998931884766,35.119998931884766,34.93000030517578,34.97999954223633,94767,0.0,0.0
2024-03-25 09:30:00-04:00,34.97999954223633,35.720001220703125,34.959999084472656,35.36000061035156,62585,0.0,0.0
2024-03-25 10:30:00-04:00,35.34000015258789,35.5099983215332,35.209999084472656,35.349998474121094,53822,0.0,0.0
2024-03-25 11:30:00-04:00,35.34000015258789,35.83000183105469,35.34000015258789,35.77000045776367,61347,0.0,0.0
2024-03-25 12:30:00-04:00,35.779998779296875,36.08000183105469,35.70000076293945,35.92689895629883,77345,0.0,0.0
2024-03-25 13:30:00-04:00,35.93000030517578,36.09000015258789,35.84000015258789,35.939998626708984,116545,0.0,0.0
2024-03-25 14:30:00-04:00,35.95000076293945,36.029998779296875,35.849998474121094,35.97999954223633,104505,0.0,0.0
2024-03-25 15:30:00-04:00,35.97999954223633,36.279998779296875,35.90999984741211,36.15999984741211,197149,0.0,0.0
2024-03-26 09:30:00-04:00,36.34000015258789,36.35260009765625,35.6349983215332,35.755001068115234,62712,0.0,0.0
2024-03-26 10:30:00-04:00,35.779998779296875,36.130001068115234,35.779998779296875,35.915000915527344,62667,0.0,0.0
2024-03-26 11:30:00-04:00,35.90999984741211,36.15999984741211,35.834999084472656,35.9900016784668,33831,0.0,0.0
2024-03-26 12:30:00-04:00,36.01499938964844,36.16999816894531,35.8849983215332,35.94499969482422,31662,0.0,0.0
2024-03-26 13:30:00-04:00,35.93000030517578,36.310001373291016,35.849998474121094,36.310001373291016,52951,0.0,0.0
2024-03-26 14:30:00-04:00,36.31999969482422,36.32500076293945,35.93000030517578,35.959999084472656,64293,0.0,0.0
2024-03-26 15:30:00-04:00,35.95500183105469,36.130001068115234,35.845001220703125,36.0099983215332,137129,0.0,0.0
2024-03-27 09:30:00-04:00,36.41999816894531,36.939998626708984,36.279998779296875,36.47249984741211,63493,0.0,0.0
2024-03-27 10:30:00-04:00,36.52000045776367,36.85380172729492,36.52000045776367,36.709999084472656,43001,0.0,0.0
2024-03-27 11:30:00-04:00,36.7400016784668,36.7599983215332,36.369998931884766,36.665000915527344,41320,0.0,0.0
2024-03-27 12:30:00-04:00,36.630001068115234,36.630001068115234,36.27000045776367,36.29999923706055,41075,0.0,0.0
2024-03-27 13:30:00-04:00,36.27000045776367,36.439998626708984,36.18000030517578,36.36000061035156,46317,0.0,0.0
2024-03-27 14:30:00-04:00,36.36000061035156,36.45000076293945,36.15999984741211,36.18619918823242,53246,0.0,0.0
2024-03-27 15:30:00-04:00,36.20000076293945,36.61000061035156,36.20000076293945,36.540000915527344,143121,0.0,0.0
2024-03-28 09:30:00-04:00,36.61000061035156,36.76029968261719,35.439998626708984,35.875,102522,0.0,0.0
2024-03-28 10:30:00-04:00,35.88750076293945,36.439998626708984,35.880001068115234,36.2599983215332,88184,0.0,0.0
2024-03-28 11:30:00-04:00,36.25,36.56999969482422,36.209999084472656,36.470001220703125,68859,0.0,0.0
2024-03-28 12:30:00-04:00,36.474998474121094,36.47999954223633,35.9900016784668,36.150001525878906,51405,0.0,0.0
2024-03-28 13:30:00-04:00,36.13999938964844,36.439998626708984,36.130001068115234,36.27000045776367,29807,0.0,0.0
2024-03-28 14:30:00-04:00,36.2599983215332,36.474998474121094,36.15999984741211,36.45000076293945,44431,0.0,0.0
2024-03-28 15:30:00-04:00,36.439998626708984,36.56999969482422,36.2400016784668,36.439998626708984,123863,0.0,0.0
2024-04-01 09:30:00-04:00,36.369998931884766,36.66999816894531,36.34000015258789,36.41999816894531,42460,0.0,0.0
2024-04-01 10:30:00-04:00,36.41999816894531,36.619998931884766,36.2599983215332,36.52000045776367,30056,0.0,0.0
2024-04-01 11:30:00-04:00,36.52000045776367,36.77000045776367,36.5099983215332,36.67499923706055,48815,0.0,0.0
2024-04-01 12:30:00-04:00,36.66999816894531,36.790000915527344,36.540000915527344,36.66999816894531,24458,0.0,0.0
2024-04-01 13:30:00-04:00,36.65999984741211,36.790000915527344,36.630001068115234,36.70000076293945,27388,0.0,0.0
2024-04-01 14:30:00-04:00,36.689998626708984,36.86000061035156,36.63999938964844,36.70000076293945,56902,0.0,0.0
2024-04-01 15:30:00-04:00,36.689998626708984,36.720001220703125,36.540000915527344,36.56999969482422,126685,0.0,0.0
2024-04-02 09:30:00-04:00,36.119998931884766,36.459999084472656,35.86000061035156,36.435001373291016,63851,0.0,0.0
2024-04-02 10:30:00-04:00,36.45000076293945,36.459999084472656,36.04999923706055,36.10749816894531,46925,0.0,0.0
2024-04-02 11:30:00-04:00,36.08000183105469,36.47999954223633,36.029998779296875,36.349998474121094,58363,0.0,0.0
2024-04-02 12:30:00-04:00,36.369998931884766,36.470001220703125,36.2599983215332,36.290000915527344,57399,0.0,0.0
2024-04-02 13:30:00-04:00,36.279998779296875,36.400001525878906,36.22999954223633,36.31999969482422,61654,0.0,0.0
2024-04-02 14:30:00-04:00,36.33000183105469,36.38999938964844,36.09000015258789,36.18000030517578,66974,0.0,0.0
2024-04-02 15:30:00-04:00,36.189998626708984,36.24599838256836,36.099998474121094,36.220001220703125,149861,0.0,0.0
2024-04-03 09:30:00-04:00,36.0099983215332,36.19499969482422,35.90999984741211,36.04999923706055,26419,0.0,0.0
2024-04-03 10:30:00-04:00,36.130001068115234,36.43000030517578,36.04999923706055,36.40999984741211,56012,0.0,0.0
2024-04-03 11:30:00-04:00,36.38999938964844,36.48970031738281,36.349998474121094,36.459999084472656,27303,0.0,0.0
2024-04-03 12:30:00-04:00,36.4900016784668,36.70000076293945,36.47999954223633,36.650001525878906,46533,0.0,0.0
2024-04-03 13:30:00-04:00,36.65999984741211,36.81999969482422,36.54999923706055,36.560001373291016,45866,0.0,0.0
2024-04-03 14:30:00-04:00,36.55500030517578,36.619998931884766,36.43899917602539,36.4900016784668,59332,0.0,0.0
2024-04-03 15:30:00-04:00,36.48500061035156,36.66999816894531,36.470001220703125,36.630001068115234,87154,0.0,0.0
2024-04-04 09:30:00-04:00,36.90999984741211,37.04999923706055,36.540000915527344,36.849998474121094,46518,0.0,0.0
2024-04-04 10:30:00-04:00,36.834999084472656,37.439998626708984,36.834999084472656,37.279998779296875,70183,0.0,0.0
2024-04-04 11:30:00-04:00,37.2599983215332,37.529998779296875,37.25,37.41999816894531,30953,0.0,0.0
2024-04-04 12:30:00-04:00,37.410099029541016,37.59000015258789,37.380001068115234,37.44990158081055,24862,0.0,0.0
2024-04-04 13:30:00-04:00,37.400001525878906,37.5099983215332,36.869998931884766,36.89500045776367,45959,0.0,0.0
2024-04-04 14:30:00-04:00,36.86000061035156,37.060001373291016,36.47999954223633,36.47999954223633,63109,0.0,0.0
2024-04-04 15:30:00-04:00,36.47999954223633,36.66999816894531,36.310001373291016,36.369998931884766,200004,0.0,0.0
2024-04-05 09:30:00-04:00,36.31999969482422,36.56999969482422,36.11000061035156,36.54999923706055,28982,0.0,0.0
2024-04-05 10:30:00-04:00,36.58000183105469,36.77000045776367,36.53630065917969,36.70000076293945,35420,0.0,0.0
2024-04-05 11:30:00-04:00,36.70000076293945,36.900001525878906,36.68000030517578,36.849998474121094,32712,0.0,0.0
2024-04-05 12:30:00-04:00,36.845699310302734,36.970001220703125,36.81999969482422,36.8849983215332,24874,0.0,0.0
2024-04-05 13:30:00-04:00,36.8849983215332,36.96500015258789,36.72999954223633,36.72999954223633,26732,0.0,0.0
2024-04-05 14:30:00-04:00,36.72999954223633,36.849998474121094,36.66999816894531,36.81999969482422,56520,0.0,0.0
2024-04-05 15:30:00-04:00,36.86000061035156,36.97999954223633,36.790000915527344,36.959999084472656,95317,0.0,0.0
2024-04-08 09:30:00-04:00,37.150001525878906,37.25,37.000099182128906,37.189998626708984,27631,0.0,0.0
2024-04-08 10:30:00-04:00,37.224998474121094,37.52000045776367,37.20000076293945,37.377498626708984,60935,0.0,0.0
2024-04-08 11:30:00-04:00,37.38999938964844,37.4900016784668,37.22999954223633,37.25,31960,0.0,0.0
2024-04-08 12:30:00-04:00,37.2400016784668,37.310001373291016,37.1870002746582,37.220001220703125,22601,0.0,0.0
2024-04-08 13:30:00-04:00,37.20000076293945,37.369998931884766,37.16999816894531,37.29999923706055,29427,0.0,0.0
2024-04-08 14:30:00-04:00,37.29999923706055,37.38999938964844,37.2599983215332,37.310001373291016,32528,0.0,0.0
2024-04-08 15:30:00-04:00,37.29999923706055,37.349998474121094,37.25,37.310001373291016,75118,0.0,0.0
2024-04-09 09:30:00-04:00,37.349998474121094,37.459999084472656,37.15999984741211,37.15999984741211,22801,0.0,0.0
2024-04-09 10:30:00-04:00,37.13999938964844,37.2599983215332,36.720001220703125,37.07500076293945,93099,0.0,0.0
2024-04-09 11:30:00-04:00,37.07500076293945,37.33000183105469,37.02000045776367,37.33000183105469,27907,0.0,0.0
2024-04-09 12:30:00-04:00,37.31999969482422,37.36000061035156,37.13999938964844,37.31999969482422,26342,0.0,0.0
2024-04-09 13:30:00-04:00,37.29999923706055,37.31890106201172,37.040000915527344,37.060001373291016,28223,0.0,0.0
2024-04-09 14:30:00-04:00,37.060001373291016,37.14500045776367,37.0,37.130001068115234,47292,0.0,0.0
2024-04-09 15:30:00-04:00,37.119998931884766,37.209999084472656,36.95000076293945,37.189998626708984,126580,0.0,0.0
2024-04-10 09:30:00-04:00,36.90999984741211,37.25,36.75,37.22999954223633,43078,0.0,0.0
2024-04-10 10:30:00-04:00,37.255001068115234,37.36000061035156,37.0099983215332,37.290000915527344,29787,0.0,0.0
2024-04-10 11:30:00-04:00,37.27000045776367,37.36000061035156,37.20000076293945,37.22999954223633,45484,0.0,0.0
2024-04-10 12:30:00-04:00,37.21500015258789,37.22999954223633,36.970001220703125,37.060001373291016,43363,0.0,0.0
2024-04-10 13:30:00-04:00,37.029998779296875,37.220001220703125,36.95000076293945,37.1150016784668,44573,0.0,0.0
2024-04-10 14:30:00-04:00,37.099998474121094,37.33000183105469,37.099998474121094,37.16999816894531,45645,0.0,0.0
2024-04-10 15:30:00-04:00,37.13999938964844,37.380001068115234,37.0,37.380001068115234,123731,0.0,0.0
2024-04-11 09:30:00-04:00,37.5099983215332,37.7599983215332,37.25,37.349998474121094,52994,0.0,0.0
2024-04-11 10:30:00-04:00,37.38999938964844,37.5099983215332,37.06999969482422,37.06999969482422,35108,0.0,0.0
2024-04-11 11:30:00-04:00,37.08000183105469,37.29999923706055,37.08000183105469,37.21500015258789,30421,0.0,0.0
2024-04-11 12:30:00-04:00,37.20000076293945,37.41999816894531,37.16999816894531,37.400001525878906,36137,0.0,0.0
2024-04-11 13:30:00-04:00,37.404998779296875,37.83000183105469,37.404998779296875,37.77000045776367,133209,0.0,0.0
2024-04-11 14:30:00-04:00,37.77000045776367,37.83000183105469,37.560001373291016,37.65999984741211,107037,0.0,0.0
2024-04-11 15:30:00-04:00,37.65999984741211,37.88999938964844,37.65999984741211,37.779998779296875,147132,0.0,0.0
2024-04-12 09:30:00-04:00,37.099998474121094,37.45000076293945,36.7400016784668,37.11000061035156,39357,0.0,0.0
2024-04-12 10:30:00-04:00,37.119998931884766,37.2400016784668,36.790000915527344,37.0099983215332,47706,0.0,0.0
2024-04-12 11:30:00-04:00,36.994998931884766,37.029998779296875,36.79999923706055,36.79999923706055,39608,0.0,0.0
2024-04-12 12:30:00-04:00,36.79999923706055,36.90999984741211,36.604698181152344,36.63999938964844,46674,0.0,0.0
2024-04-12 13:30:00-04:00,36.625,36.720001220703125,36.5099983215332,36.599998474121094,59254,0.0,0.0
2024-04-12 14:30:00-04:00,36.58000183105469,36.599998474121094,36.45500183105469,36.4900016784668,63976,0.0,0.0
2024-04-12 15:30:00-04:00,36.47999954223633,36.66999816894531,36.45000076293945,36.599998474121094,149333,0.0,0.0
2024-04-15 09:30:00-04:00,36.91999816894531,36.91999816894531,36.189998626708984,36.189998626708984,41349,0.0,0.0
2024-04-15 10:30:00-04:00,36.150001525878906,36.27000045776367,35.81999969482422,35.97999954223633,56216,0.0,0.0
2024-04-15 11:30:00-04:00,36.0,36.189998626708984,35.93000030517578,35.9900016784668,43499,0.0,0.0
2024-04-15 12:30:00-04:00,35.959999084472656,35.974998474121094,35.529998779296875,35.540000915527344,39931,0.0,0.0
2024-04-15 13:30:00-04:00,35.529998779296875,35.6349983215332,35.41999816894531,35.494998931884766,61712,0.0,0.0
2024-04-15 14:30:00-04:00,35.474998474121094,35.619998931884766,35.18000030517578,35.220001220703125,80810,0.0,0.0
2024-04-15 15:30:00-04:00,35.22999954223633,35.349998474121094,35.130001068115234,35.20000076293945,208739,0.0,0.0
2024-04-16 09:30:00-04:00,35.220001220703125,35.56999969482422,35.060001373291016,35.45000076293945,36801,0.0,0.0
2024-04-16 10:30:00-04:00,35.41999816894531,35.459999084472656,35.189998626708984,35.36000061035156,35068,0.0,0.0
2024-04-16 11:30:00-04:00,35.349998474121094,35.7599983215332,35.34000015258789,35.619998931884766,44507,0.0,0.0
2024-04-16 12:30:00-04:00,35.619998931884766,35.77000045776367,35.540000915527344,35.56999969482422,41188,0.0,0.0
2024-04-16 13:30:00-04:00,35.494998931884766,35.790000915527344,35.349998474121094,35.4900016784668,48417,0.0,0.0
2024-04-16 14:30:00-04:00,35.529998779296875,35.720001220703125,35.45000076293945,35.619998931884766,63438,0.0,0.0
2024-04-16 15:30:00-04:00,35.60499954223633,35.60499954223633,35.279998779296875,35.28099822998047,119035,0.0,0.0
2024-04-17 09:30:00-04:00,35.4900016784668,35.95000076293945,35.459999084472656,35.61000061035156,37053,0.0,0.0
2024-04-17 10:30:00-04:00,35.58399963378906,35.64500045776367,35.29999923706055,35.29999923706055,45932,0.0,0.0
2024-04-17 11:30:00-04:00,35.310001373291016,35.31999969482422,35.0099983215332,35.09000015258789,36951,0.0,0.0
2024-04-17 12:30:00-04:00,35.040000915527344,35.209999084472656,34.83000183105469,35.209999084472656,113761,0.0,0.0
2024-04-17 13:30:00-04:00,35.220001220703125,35.220001220703125,35.040000915527344,35.09000015258789,33598,0.0,0.0
2024-04-17 14:30:00-04:00,35.09000015258789,35.130001068115234,34.875,34.875,53160,0.0,0.0
2024-04-17 15:30:00-04:00,34.869998931884766,35.099998474121094,34.72999954223633,34.84000015258789,184674,0.0,0.0
2024-04-18 09:30:00-04:00,34.7599983215332,35.02000045776367,34.43000030517578,35.02000045776367,33493,0.0,0.0
2024-04-18 10:30:00-04:00,35.029998779296875,35.13999938964844,34.869998931884766,34.88999938964844,35979,0.0,0.0
2024-04-18 11:30:00-04:00,34.900001525878906,35.2400016784668,34.83000183105469,35.18000030517578,138886,0.0,0.0
2024-04-18 12:30:00-04:00,35.209999084472656,35.209999084472656,34.529998779296875,34.6150016784668,29771,0.0,0.0
2024-04-18 13:30:00-04:00,34.6150016784668,35.02000045776367,34.59000015258789,34.85499954223633,102783,0.0,0.0
2024-04-18 14:30:00-04:00,34.84000015258789,34.849998474121094,34.630001068115234,34.63999938964844,41860,0.0,0.0
2024-04-18 15:30:00-04:00,34.650001525878906,34.93000030517578,34.619998931884766,34.72999954223633,120932,0.0,0.0
2024-04-19 09:30:00-04:00,34.70000076293945,35.41999816894531,34.67499923706055,35.2599983215332,52340,0.0,0.0
2024-04-19 10:30:00-04:00,35.27000045776367,35.314998626708984,35.02000045776367,35.220001220703125,31756,0.0,0.0
2024-04-19 11:30:00-04:00,35.2599983215332,35.26499938964844,34.630001068115234,34.630001068115234,30976,0.0,0.0
2024-04-19 12:30:00-04:00,34.58000183105469,34.880001068115234,34.56999969482422,34.7599983215332,49371,0.0,0.0
2024-04-19 13:30:00-04:00,34.7599983215332,34.79999923706055,34.459999084472656,34.470001220703125,70505,0.0,0.0
2024-04-19 14:30:00-04:00,34.470001220703125,34.52000045776367,34.34090042114258,34.43000030517578,72473,0.0,0.0
2024-04-19 15:30:00-04:00,34.41999816894531,34.560001373291016,34.36000061035156,34.470001220703125,176038,0.0,0.0
2024-04-22 09:30:00-04:00,34.849998474121094,34.959999084472656,34.59000015258789,34.84000015258789,46537,0.0,0.0
2024-04-22 10:30:00-04:00,34.869998931884766,34.9900016784668,34.5,34.584999084472656,46811,0.0,0.0
2024-04-22 11:30:00-04:00,34.560001373291016,34.915000915527344,34.540000915527344,34.86000061035156,40133,0.0,0.0
2024-04-22 12:30:00-04:00,34.84000015258789,35.11000061035156,34.810001373291016,35.11000061035156,34429,0.0,0.0
2024-04-22 13:30:00-04:00,35.13999938964844,35.625,35.13999938964844,35.599998474121094,57557,0.0,0.0
2024-04-22 14:30:00-04:00,35.595001220703125,35.68000030517578,35.470001220703125,35.540000915527344,38910,0.0,0.0
2024-04-22 15:30:00-04:00,35.52000045776367,35.59000015258789,35.369998931884766,35.38999938964844,121595,0.0,0.0
2024-04-23 09:30:00-04:00,35.65999984741211,36.20000076293945,35.459999084472656,36.10499954223633,55535,0.0,0.0
2024-04-23 10:30:00-04:00,36.130001068115234,36.15999984741211,35.970001220703125,36.09000015258789,51410,0.0,0.0
2024-04-23 11:30:00-04:00,36.08000183105469,36.14500045776367,36.029998779296875,36.11000061035156,35765,0.0,0.0
2024-04-23 12:30:00-04:00,36.11000061035156,36.130001068115234,36.025001525878906,36.08000183105469,40099,0.0,0.0
2024-04-23 13:30:00-04:00,36.099998474121094,36.2400016784668,36.08000183105469,36.189998626708984,39275,0.0,0.0
2024-04-23 14:30:00-04:00,36.20000076293945,36.209999084472656,36.099998474121094,36.16999816894531,54509,0.0,0.0
2024-04-23 15:30:00-04:00,36.16999816894531,36.33000183105469,36.15999984741211,36.310001373291016,177381,0.0,0.0
2024-04-24 09:30:00-04:00,36.400001525878906,36.650001525878906,36.220001220703125,36.400001525878906,73562,0.0,0.0
2024-04-24 10:30:00-04:00,36.369998931884766,36.400001525878906,36.04999923706055,36.11000061035156,46885,0.0,0.0
2024-04-24 11:30:00-04:00,36.06999969482422,36.11000061035156,35.6150016784668,35.81999969482422,74544,0.0,0.0
2024-04-24 12:30:00-04:00,35.83000183105469,35.93000030517578,35.709999084472656,35.77000045776367,62715,0.0,0.0
2024-04-24 13:30:00-04:00,35.77000045776367,35.849998474121094,35.64500045776367,35.70500183105469,50496,0.0,0.0
2024-04-24 14:30:00-04:00,35.68000030517578,35.709999084472656,35.540000915527344,35.619998931884766,50653,0.0,0.0
2024-04-24 15:30:00-04:00,35.619998931884766,35.86000061035156,35.560001373291016,35.68000030517578,169453,0.0,0.0
2024-04-25 09:30:00-04:00,35.11000061035156,35.150001525878906,34.63999938964844,35.02000045776367,34659,0.0,0.0
2024-04-25 10:30:00-04:00,35.0099983215332,35.0099983215332,34.709999084472656,34.90999984741211,56076,0.0,0.0
2024-04-25 11:30:00-04:00,34.90250015258789,35.209999084472656,34.869998931884766,35.150001525878906,34275,0.0,0.0
2024-04-25 12:30:00-04:00,35.13999938964844,35.189998626708984,34.97999954223633,35.185001373291016,48957,0.0,0.0
2024-04-25 13:30:00-04:00,35.16999816894531,35.52000045776367,35.150001525878906,35.38999938964844,44984,0.0,0.0
2024-04-25 14:30:00-04:00,35.380001068115234,35.540000915527344,35.36000061035156,35.470001220703125,52796,0.0,0.0
2024-04-25 15:30:00-04:00,35.470001220703125,35.47999954223633,35.27000045776367,35.38999938964844,113988,0.0,0.0
2024-04-26 09:30:00-04:00,35.70000076293945,35.869998931884766,35.45500183105469,35.52000045776367,34434,0.0,0.0
2024-04-26 10:30:00-04:00,35.540000915527344,35.808799743652344,35.459999084472656,35.61000061035156,48936,0.0,0.0
2024-04-26 11:30:00-04:00,35.59000015258789,35.66999816894531,35.52000045776367,35.54999923706055,28897,0.0,0.0
2024-04-26 12:30:00-04:00,35.560001373291016,35.599998474121094,35.5099983215332,35.59000015258789,36770,0.0,0.0
2024-04-26 13:30:00-04:00,35.59000015258789,35.59000015258789,35.369998931884766,35.41999816894531,30320,0.0,0.0
2024-04-26 14:30:00-04:00,35.40999984741211,35.63999938964844,35.400001525878906,35.527099609375,66459,0.0,0.0
2024-04-26 15:30:00-04:00,35.53499984741211,35.540000915527344,35.39500045776367,35.52000045776367,111345,0.0,0.0
2024-04-29 09:30:00-04:00,35.83000183105469,36.040000915527344,35.72999954223633,35.81999969482422,38749,0.0,0.0
2024-04-29 10:30:00-04:00,35.81999969482422,35.900001525878906,35.599998474121094,35.599998474121094,24677,0.0,0.0
2024-04-29 11:30:00-04:00,35.58000183105469,35.67499923706055,35.54999923706055,35.56999969482422,22822,0.0,0.0
2024-04-29 12:30:00-04:00,35.560001373291016,35.630001068115234,35.5,35.61000061035156,26985,0.0,0.0
2024-04-29 13:30:00-04:00,35.619998931884766,35.7599983215332,35.58000183105469,35.650001525878906,32857,0.0,0.0
2024-04-29 14:30:00-04:00,35.65999984741211,35.66999816894531,35.43000030517578,35.47999954223633,45422,0.0,0.0
2024-04-29 15:30:00-04:00,35.470001220703125,35.709999084472656,35.45000076293945,35.59000015258789,106450,0.0,0.0
2024-04-30 09:30:00-04:00,35.38999938964844,35.755001068115234,35.38999938964844,35.57500076293945,47680,0.0,0.0
2024-04-30 10:30:00-04:00,35.54999923706055,35.81999969482422,35.27000045776367,35.40999984741211,45917,0.0,0.0
2024-04-30 11:30:00-04:00,35.400001525878906,35.4900016784668,35.2599983215332,35.43000030517578,19777,0.0,0.0
2024-04-30 12:30:00-04:00,35.40999984741211,35.43000030517578,34.970001220703125,34.9900016784668,35458,0.0,0.0
2024-04-30 13:30:00-04:00,34.9900016784668,35.209999084472656,34.95000076293945,35.154998779296875,32143,0.0,0.0
2024-04-30 14:30:00-04:00,35.150001525878906,35.22999954223633,35.06999969482422,35.165000915527344,32134,0.0,0.0
2024-04-30 15:30:00-04:00,35.165000915527344,35.16999816894531,34.81999969482422,34.83000183105469,142602,0.0,0.0
2024-05-01 09:30:00-04:00,34.880001068115234,35.13999938964844,34.5099983215332,34.65010070800781,57422,0.0,0.0
2024-05-01 10:30:00-04:00,34.72999954223633,34.86000061035156,34.369998931884766,34.369998931884766,40746,0.0,0.0
2024-05-01 11:30:00-04:00,34.34000015258789,34.7400016784668,34.33000183105469,34.650001525878906,31646,0.0,0.0
2024-05-01 12:30:00-04:00,34.650001525878906,34.689998626708984,34.5,34.599998474121094,27287,0.0,0.0
2024-05-01 13:30:00-04:00,34.61000061035156,34.86000061035156,34.560001373291016,34.86000061035156,42295,0.0,0.0
2024-05-01 14:30:00-04:00,34.84000015258789,35.18000030517578,34.560001373291016,34.720001220703125,164885,0.0,0.0
2024-05-01 15:30:00-04:00,34.689998626708984,34.720001220703125,34.189998626708984,34.20000076293945,359284,0.0,0.0
2024-05-02 09:30:00-04:00,34.7400016784668,34.7400016784668,33.84000015258789,34.505001068115234,57255,0.0,0.0
2024-05-02 10:30:00-04:00,34.505001068115234,34.97489929199219,34.400001525878906,34.8849983215332,60627,0.0,0.0
2024-05-02 11:30:00-04:00,34.939998626708984,35.09000015258789,34.79999923706055,35.09000015258789,52846,0.0,0.0
2024-05-02 12:30:00-04:00,35.064998626708984,35.064998626708984,34.54999923706055,34.6349983215332,74486,0.0,0.0
2024-05-02 13:30:00-04:00,34.650001525878906,34.650001525878906,34.13999938964844,34.5,104494,0.0,0.0
2024-05-02 14:30:00-04:00,34.505001068115234,34.59000015258789,34.369998931884766,34.505001068115234,97015,0.0,0.0
2024-05-02 15:30:00-04:00,34.4900016784668,34.5,34.2400016784668,34.369998931884766,233231,0.0,0.0
2024-05-03 09:30:00-04:00,34.869998931884766,35.13999938964844,34.56999969482422,35.0099983215332,72690,0.0,0.0
2024-05-03 10:30:00-04:00,35.04999923706055,35.34000015258789,34.939998626708984,35.31999969482422,86837,0.0,0.0
2024-05-03 11:30:00-04:00,35.2400016784668,35.43000030517578,35.20500183105469,35.43000030517578,53680,0.0,0.0
2024-05-03 12:30:00-04:00,35.45000076293945,35.540000915527344,35.08000183105469,35.119998931884766,62204,0.0,0.0
2024-05-03 13:30:00-04:00,35.10499954223633,35.36000061035156,34.97999954223633,35.345001220703125,53462,0.0,0.0
2024-05-03 14:30:00-04:00,35.279998779296875,35.310001373291016,35.08000183105469,35.14500045776367,55022,0.0,0.0
2024-05-03 15:30:00-04:00,35.130001068115234,35.25,35.029998779296875,35.2400016784668,147661,0.0,0.0
2024-05-06 09:30:00-04:00,35.22999954223633,35.91999816894531,35.150001525878906,35.599998474121094,42939,0.0,0.0
2024-05-06 10:30:00-04:00,35.630001068115234,35.81999969482422,35.42300033569336,35.470001220703125,63989,0.0,0.0
2024-05-06 11:30:00-04:00,35.47999954223633,35.68000030517578,35.459999084472656,35.459999084472656,51283,0.0,0.0
2024-05-06 12:30:00-04:00,35.5,35.56999969482422,35.349998474121094,35.470001220703125,41702,0.0,0.0
2024-05-06 13:30:00-04:00,35.4900016784668,35.58000183105469,35.38999938964844,35.560001373291016,66409,0.0,0.0
2024-05-06 14:30:00-04:00,35.58000183105469,35.65999984741211,35.33000183105469,35.494998931884766,88494,0.0,0.0
2024-05-06 15:30:00-04:00,35.470001220703125,35.599998474121094,35.39500045776367,35.439998626708984,369907,0.0,0.0
2024-05-07 09:30:00-04:00,37.220001220703125,37.77000045776367,35.400001525878906,36.0,231902,0.0,0.0
2024-05-07 10:30:00-04:00,36.005001068115234,36.88999938964844,35.93000030517578,36.244998931884766,136141,0.0,0.0
2024-05-07 11:30:00-04:00,36.244998931884766,36.56999969482422,35.689998626708984,35.88999938964844,107183,0.0,0.0
2024-05-07 12:30:00-04:00,35.845001220703125,36.13999938964844,35.720001220703125,35.939998626708984,98638,0.0,0.0
2024-05-07 13:30:00-04:00,35.939998626708984,36.185001373291016,35.86000061035156,35.94499969482422,77283,0.0,0.0
2024-05-07 14:30:00-04:00,35.91999816894531,36.689998626708984,35.7400016784668,36.2599983215332,165471,0.0,0.0
2024-05-07 15:30:00-04:00,36.2599983215332,37.0099983215332,36.1349983215332,36.869998931884766,467058,0.0,0.0
2024-05-08 09:30:00-04:00,36.779998779296875,37.24250030517578,36.52000045776367,36.9900016784668,64731,0.0,0.0
2024-05-08 10:30:00-04:00,37.025001525878906,37.36000061035156,36.72999954223633,37.04999923706055,67897,0.0,0.0
2024-05-08 11:30:00-04:00,37.125,37.46500015258789,37.03099822998047,37.46500015258789,44724,0.0,0.0
2024-05-08 12:30:00-04:00,37.470001220703125,37.56999969482422,37.310001373291016,37.51499938964844,72707,0.0,0.0
2024-05-08 13:30:00-04:00,37.51499938964844,37.70000076293945,37.470001220703125,37.58000183105469,64578,0.0,0.0
2024-05-08 14:30:00-04:00,37.599998474121094,37.630001068115234,37.13999938964844,37.400001525878906,78594,0.0,0.0
2024-05-08 15:30:00-04:00,37.45000076293945,37.810001373291016,37.2599983215332,37.79999923706055,253752,0.0,0.0
2024-05-09 09:30:00-04:00,37.7599983215332,38.099998474121094,36.880001068115234,36.900001525878906,113612,0.0,0.0
2024-05-09 10:30:00-04:00,36.90999984741211,36.959999084472656,36.400001525878906,36.88999938964844,58749,0.0,0.0
2024-05-09 11:30:00-04:00,36.90999984741211,37.09000015258789,36.52000045776367,36.91999816894531,87150,0.0,0.0
2024-05-09 12:30:00-04:00,36.849998474121094,36.90999984741211,36.38999938964844,36.7400016784668,83343,0.0,0.0
2024-05-09 13:30:00-04:00,36.7400016784668,36.7599983215332,36.38999938964844,36.66999816894531,90708,0.0,0.0
2024-05-09 14:30:00-04:00,36.63999938964844,37.130001068115234,36.560001373291016,37.04999923706055,116109,0.0,0.0
2024-05-09 15:30:00-04:00,37.060001373291016,37.209999084472656,36.689998626708984,36.83000183105469,209959,0.0,0.0
2024-05-10 09:30:00-04:00,38.0,38.2599983215332,37.02000045776367,37.369998931884766,110916,0.0,0.0
2024-05-10 10:30:00-04:00,37.369998931884766,37.84000015258789,37.23500061035156,37.79999923706055,64156,0.0,0.0
2024-05-10 11:30:00-04:00,37.81999969482422,38.29999923706055,37.689998626708984,38.125,123470,0.0,0.0
2024-05-10 12:30:00-04:00,38.13999938964844,38.18000030517578,37.310001373291016,37.89500045776367,150870,0.0,0.0
2024-05-10 13:30:00-04:00,37.900001525878906,38.220001220703125,37.81999969482422,38.07500076293945,105690,0.0,0.0
2024-05-10 14:30:00-04:00,38.060001373291016,38.099998474121094,37.880001068115234,38.01100158691406,143456,0.0,0.0
2024-05-10 15:30:00-04:00,38.040000915527344,38.220001220703125,37.88999938964844,38.189998626708984,355618,0.0,0.0
2024-05-13 09:30:00-04:00,43.15999984741211,43.31999969482422,43.11000061035156,43.31999969482422,6233522,0.0,0.0
2024-05-13 10:30:00-04:00,43.314998626708984,43.36000061035156,43.2400016784668,43.25,1580131,0.0,0.0
2024-05-13 11:30:00-04:00,43.244998931884766,43.25,43.15999984741211,43.209999084472656,802405,0.0,0.0
2024-05-13 12:30:00-04:00,43.20500183105469,43.209999084472656,43.150001525878906,43.18000030517578,550886,0.0,0.0
2024-05-13 13:30:00-04:00,43.18000030517578,43.189998626708984,43.15999984741211,43.18000030517578,798582,0.0,0.0
2024-05-13 14:30:00-04:00,43.17499923706055,43.279998779296875,43.16999816894531,43.275001525878906,866079,0.0,0.0
2024-05-13 15:30:00-04:00,43.279998779296875,43.310001373291016,43.16999816894531,43.2400016784668,1236635,0.0,0.0
2024-05-14 09:30:00-04:00,43.2599983215332,43.349998474121094,43.20000076293945,43.209999084472656,1174616,0.0,0.0
2024-05-14 10:30:00-04:00,43.20500183105469,43.209999084472656,43.16999816894531,43.19499969482422,520985,0.0,0.0
2024-05-14 11:30:00-04:00,43.19499969482422,43.2400016784668,43.189998626708984,43.20500183105469,821713,0.0,0.0
2024-05-14 12:30:00-04:00,43.20500183105469,43.279998779296875,43.20500183105469,43.275001525878906,841756,0.0,0.0
2024-05-14 13:30:00-04:00,43.27000045776367,43.279998779296875,43.2400016784668,43.255001068115234,342661,0.0,0.0
2024-05-14 14:30:00-04:00,43.25,43.2599983215332,43.20000076293945,43.20500183105469,493019,0.0,0.0
2024-05-14 15:30:00-04:00,43.209999084472656,43.220001220703125,43.18000030517578,43.18000030517578,796032,0.0,0.0
2024-05-15 09:30:00-04:00,43.22999954223633,43.25,43.150001525878906,43.16999816894531,710594,0.0,0.0
2024-05-15 10:30:00-04:00,43.15999984741211,43.17499923706055,43.099998474121094,43.130001068115234,703176,0.0,0.0
2024-05-15 11:30:00-04:00,43.14500045776367,43.15999984741211,43.119998931884766,43.148799896240234,502646,0.0,0.0
2024-05-15 12:30:00-04:00,43.147499084472656,43.16999816894531,43.130001068115234,43.154998779296875,598368,0.0,0.0
2024-05-15 13:30:00-04:00,43.154998779296875,43.15999984741211,43.13999938964844,43.154998779296875,301326,0.0,0.0
2024-05-15 14:30:00-04:00,43.154998779296875,43.19499969482422,43.150001525878906,43.165000915527344,388128,0.0,0.0
2024-05-15 15:30:00-04:00,43.15999984741211,43.18000030517578,43.150001525878906,43.154998779296875,631599,0.0,0.0
2024-05-16 09:30:00-04:00,43.20000076293945,43.2400016784668,43.150001525878906,43.16999816894531,1007665,0.0,0.0
2024-05-16 10:30:00-04:00,43.16999816894531,43.209999084472656,43.15999984741211,43.209999084472656,609667,0.0,0.0
2024-05-16 11:30:00-04:00,43.21500015258789,43.27000045776367,43.21500015258789,43.26499938964844,500890,0.0,0.0
2024-05-16 12:30:00-04:00,43.26499938964844,43.279998779296875,43.2400016784668,43.26499938964844,239216,0.0,0.0
2024-05-16 13:30:00-04:00,43.26499938964844,43.30500030517578,43.2599983215332,43.2599983215332,118627,0.0,0.0
2024-05-16 14:30:00-04:00,43.27000045776367,43.29999923706055,43.2599983215332,43.28010177612305,207074,0.0,0.0
2024-05-16 15:30:00-04:00,43.28499984741211,43.290000915527344,43.244998931884766,43.25,227329,0.0,0.0
2024-05-17 09:30:00-04:00,43.279998779296875,43.33000183105469,43.27000045776367,43.30500030517578,267641,0.0,0.0
2024-05-17 10:30:00-04:00,43.30500030517578,43.3302001953125,43.29999923706055,43.33000183105469,146691,0.0,0.0
2024-05-17 11:30:00-04:00,43.32500076293945,43.41999816894531,43.31999969482422,43.380001068115234,111152,0.0,0.0
2024-05-17 12:30:00-04:00,43.380001068115234,43.43000030517578,43.36000061035156,43.420101165771484,279076,0.0,0.0
2024-05-17 13:30:00-04:00,43.43000030517578,43.52000045776367,43.41999816894531,43.45000076293945,299055,0.0,0.0
2024-05-17 14:30:00-04:00,43.45000076293945,43.739898681640625,43.45000076293945,43.66999816894531,377070,0.0,0.0
2024-05-17 15:30:00-04:00,43.68000030517578,43.849998474121094,43.630001068115234,43.81999969482422,249276,0.0,0.0
2024-05-20 09:30:00-04:00,43.709999084472656,44.290000915527344,43.66999816894531,44.0099983215332,785492,0.0,0.0
2024-05-20 10:30:00-04:00,44.02000045776367,44.13999938964844,43.970001220703125,44.119998931884766,256178,0.0,0.0
2024-05-20 11:30:00-04:00,44.119998931884766,44.20000076293945,44.09000015258789,44.099998474121094,176256,0.0,0.0
2024-05-20 12:30:00-04:00,44.099998474121094,44.220001220703125,44.09000015258789,44.11000061035156,289928,0.0,0.0
2024-05-20 13:30:00-04:00,44.10499954223633,44.20500183105469,44.099998474121094,44.1349983215332,136032,0.0,0.0
2024-05-20 14:30:00-04:00,44.1349983215332,44.16999816894531,44.1349983215332,44.14500045776367,107797,0.0,0.0
2024-05-20 15:30:00-04:00,44.150001525878906,44.16999816894531,44.13999938964844,44.150001525878906,160383,0.0,0.0
2024-05-21 09:30:00-04:00,44.13999938964844,44.150001525878906,44.029998779296875,44.099998474121094,163463,0.0,0.0
2024-05-21 10:30:00-04:00,44.09000015258789,44.11000061035156,44.0,44.005001068115234,147740,0.0,0.0
2024-05-21 11:30:00-04:00,44.0,44.0,43.90999984741211,43.939998626708984,97596,0.0,0.0
2024-05-21 12:30:00-04:00,43.95000076293945,43.97999954223633,43.93000030517578,43.95000076293945,90949,0.0,0.0
2024-05-21 13:30:00-04:00,43.95000076293945,44.0,43.939998626708984,43.98500061035156,88406,0.0,0.0
2024-05-21 14:30:00-04:00,43.98500061035156,44.0,43.970001220703125,43.970001220703125,74167,0.0,0.0
2024-05-21 15:30:00-04:00,43.97999954223633,44.0,43.959999084472656,43.970001220703125,185168,0.0,0.0
2024-05-22 09:30:00-04:00,43.70000076293945,43.83000183105469,43.619998931884766,43.70500183105469,238529,0.0,0.0
2024-05-22 10:30:00-04:00,43.70000076293945,43.709999084472656,43.599998474121094,43.64500045776367,208914,0.0,0.0
2024-05-22 11:30:00-04:00,43.6411018371582,43.66999816894531,43.560001373291016,43.619998931884766,169053,0.0,0.0
2024-05-22 12:30:00-04:00,43.599998474121094,43.61000061035156,43.560001373291016,43.595001220703125,97730,0.0,0.0
2024-05-22 13:30:00-04:00,43.59000015258789,43.599998474121094,43.529998779296875,43.54999923706055,182929,0.0,0.0
2024-05-22 14:30:00-04:00,43.54999923706055,43.619998931884766,43.529998779296875,43.599998474121094,196155,0.0,0.0
2024-05-22 15:30:00-04:00,43.599998474121094,43.630001068115234,43.57500076293945,43.599998474121094,412686,0.0,0.0
2024-05-23 09:30:00-04:00,43.599998474121094,43.689998626708984,43.42499923706055,43.525001525878906,261121,0.0,0.0
2024-05-23 10:30:00-04:00,43.529998779296875,43.529998779296875,43.45000076293945,43.5,158689,0.0,0.0
2024-05-23 11:30:00-04:00,43.5,43.52000045776367,43.47019958496094,43.48500061035156,76523,0.0,0.0
2024-05-23 12:30:00-04:00,43.48500061035156,43.5099983215332,43.47999954223633,43.47999954223633,98199,0.0,0.0
2024-05-23 13:30:00-04:00,43.47999954223633,43.584999084472656,43.45000076293945,43.529998779296875,268514,0.0,0.0
2024-05-23 14:30:00-04:00,43.52000045776367,43.540000915527344,43.47999954223633,43.47999954223633,135829,0.0,0.0
2024-05-23 15:30:00-04:00,43.4900016784668,43.5,43.41999816894531,43.41999816894531,230606,0.0,0.0
2024-05-24 09:30:00-04:00,43.540000915527344,43.54999923706055,43.47999954223633,43.51499938964844,108267,0.0,0.0
2024-05-24 10:30:00-04:00,43.51499938964844,43.744998931884766,43.5099983215332,43.68000030517578,233467,0.0,0.0
2024-05-24 11:30:00-04:00,43.68000030517578,43.689998626708984,43.66999816894531,43.685001373291016,34374,0.0,0.0
2024-05-24 12:30:00-04:00,43.685001373291016,43.689998626708984,43.630001068115234,43.665000915527344,42221,0.0,0.0
2024-05-24 13:30:00-04:00,43.65999984741211,43.65999984741211,43.584999084472656,43.59000015258789,43793,0.0,0.0
2024-05-24 14:30:00-04:00,43.58000183105469,43.584999084472656,43.505001068115234,43.529998779296875,44496,0.0,0.0
2024-05-24 15:30:00-04:00,43.529998779296875,43.58000183105469,43.52000045776367,43.529998779296875,114696,0.0,0.0
2024-05-28 09:30:00-04:00,43.5,43.59000015258789,43.47999954223633,43.58000183105469,112807,0.0,0.0
2024-05-28 10:30:00-04:00,43.58000183105469,43.61000061035156,43.54999923706055,43.61000061035156,62054,0.0,0.0
2024-05-28 11:30:00-04:00,43.60499954223633,43.61000061035156,43.54999923706055,43.564998626708984,52396,0.0,0.0
2024-05-28 12:30:00-04:00,43.564998626708984,43.57500076293945,43.54999923706055,43.560001373291016,34645,0.0,0.0
2024-05-28 13:30:00-04:00,43.560001373291016,43.56999969482422,43.54999923706055,43.560001373291016,53329,0.0,0.0
2024-05-28 14:30:00-04:00,43.564998626708984,43.56999969482422,43.540000915527344,43.55500030517578,82563,0.0,0.0
2024-05-28 15:30:00-04:00,43.54999923706055,43.61000061035156,43.54999923706055,43.54999923706055,136061,0.0,0.0
2024-05-29 09:30:00-04:00,43.5,43.630001068115234,43.5,43.540000915527344,74786,0.0,0.0
2024-05-29 10:30:00-04:00,43.54999923706055,43.59000015258789,43.540000915527344,43.584999084472656,91666,0.0,0.0
2024-05-29 11:30:00-04:00,43.58000183105469,43.59000015258789,43.560001373291016,43.564998626708984,32873,0.0,0.0
2024-05-29 12:30:00-04:00,43.560001373291016,43.56999969482422,43.54999923706055,43.55500030517578,63138,0.0,0.0
2024-05-29 13:30:00-04:00,43.55500030517578,43.599998474121094,43.55500030517578,43.59000015258789,52780,0.0,0.0
2024-05-29 14:30:00-04:00,43.584999084472656,43.599998474121094,43.56999969482422,43.56999969482422,51733,0.0,0.0
2024-05-29 15:30:00-04:00,43.56999969482422,43.599998474121094,43.54999923706055,43.599998474121094,125633,0.0,0.0
2024-05-30 09:30:00-04:00,43.560001373291016,43.66999816894531,43.54999923706055,43.654998779296875,90885,0.0,0.0
2024-05-30 10:30:00-04:00,43.65999984741211,43.66999816894531,43.599998474121094,43.630001068115234,42020,0.0,0.0
2024-05-30 11:30:00-04:00,43.61009979248047,43.66999816894531,43.599998474121094,43.630001068115234,60945,0.0,0.0
2024-05-30 12:30:00-04:00,43.63999938964844,43.685001373291016,43.630001068115234,43.685001373291016,25104,0.0,0.0
2024-05-30 13:30:00-04:00,43.68000030517578,43.68000030517578,43.65999984741211,43.68000030517578,37574,0.0,0.0
2024-05-30 14:30:00-04:00,43.67499923706055,43.689998626708984,43.65999984741211,43.685001373291016,48518,0.0,0.0
2024-05-30 15:30:00-04:00,43.689998626708984,43.790000915527344,43.654998779296875,43.790000915527344,148139,0.0,0.0
2024-05-31 09:30:00-04:00,43.66999816894531,43.83000183105469,43.66999816894531,43.81999969482422,97186,0.0,0.0
2024-05-31 10:30:00-04:00,43.81999969482422,43.849998474121094,43.709999084472656,43.73500061035156,71923,0.0,0.0
2024-05-31 11:30:00-04:00,43.72999954223633,43.79999923706055,43.720001220703125,43.79999923706055,39297,0.0,0.0
2024-05-31 12:30:00-04:00,43.79499816894531,43.869998931884766,43.79499816894531,43.8650016784668,44668,0.0,0.0
2024-05-31 13:30:00-04:00,43.8650016784668,43.869998931884766,43.81999969482422,43.834999084472656,71037,0.0,0.0
2024-05-31 14:30:00-04:00,43.83000183105469,43.89500045776367,43.83000183105469,43.880001068115234,97409,0.0,0.0
2024-05-31 15:30:00-04:00,43.875,44.0,43.86000061035156,44.0,158169,0.0,0.0
2024-06-03 09:30:00-04:00,43.95000076293945,44.099998474121094,43.83000183105469,43.8849983215332,244158,0.0,0.0
2024-06-03 10:30:00-04:00,43.8849983215332,43.88999938964844,43.685001373291016,43.779998779296875,43990,0.0,0.0
2024-06-03 11:30:00-04:00,43.78499984741211,43.790000915527344,43.7400016784668,43.77000045776367,25567,0.0,0.0
2024-06-03 12:30:00-04:00,43.7599983215332,43.90999984741211,43.7599983215332,43.904998779296875,69710,0.0,0.0
2024-06-03 13:30:00-04:00,43.90999984741211,43.970001220703125,43.81999969482422,43.880001068115234,51400,0.0,0.0
2024-06-03 14:30:00-04:00,43.86000061035156,43.86000061035156,43.689998626708984,43.744998931884766,248166,0.0,0.0
2024-06-03 15:30:00-04:00,43.7400016784668,43.7599983215332,43.630001068115234,43.7599983215332,320932,0.0,0.0
2024-06-04 09:30:00-04:00,43.650001525878906,43.7400016784668,43.630001068115234,43.63999938964844,118277,0.0,0.0
2024-06-04 10:30:00-04:00,43.6349983215332,43.68000030517578,43.630001068115234,43.64500045776367,49574,0.0,0.0
2024-06-04 11:30:00-04:00,43.64500045776367,43.65999984741211,43.6349983215332,43.654998779296875,60615,0.0,0.0
2024-06-04 12:30:00-04:00,43.650001525878906,43.650001525878906,43.61000061035156,43.6150016784668,51552,0.0,0.0
2024-06-04 13:30:00-04:00,43.630001068115234,43.654998779296875,43.619998931884766,43.64500045776367,48589,0.0,0.0
2024-06-04 14:30:00-04:00,43.64500045776367,43.65999984741211,43.6349983215332,43.65999984741211,53101,0.0,0.0
2024-06-04 15:30:00-04:00,43.650001525878906,43.650001525878906,43.56999969482422,43.599998474121094,104730,0.0,0.0
2024-06-05 09:30:00-04:00,43.790000915527344,43.790000915527344,43.65999984741211,43.75,102282,0.0,0.0
2024-06-05 10:30:00-04:00,43.744998931884766,43.75,43.70000076293945,43.709999084472656,55664,0.0,0.0
2024-06-05 11:30:00-04:00,43.71500015258789,43.72999954223633,43.709999084472656,43.71500015258789,33997,0.0,0.0
2024-06-05 12:30:00-04:00,43.71500015258789,43.7400016784668,43.709999084472656,43.720001220703125,31424,0.0,0.0
2024-06-05 13:30:00-04:00,43.72999954223633,43.72999954223633,43.689998626708984,43.709999084472656,27900,0.0,0.0
2024-06-05 14:30:00-04:00,43.720001220703125,43.75,43.70000076293945,43.744998931884766,32112,0.0,0.0
2024-06-05 15:30:00-04:00,43.75,43.88999938964844,43.7400016784668,43.88999938964844,99824,0.0,0.0
2024-06-06 09:30:00-04:00,43.81999969482422,43.88999938964844,43.782501220703125,43.81999969482422,48639,0.0,0.0
2024-06-06 10:30:00-04:00,43.81999969482422,43.83000183105469,43.75,43.7599983215332,37174,0.0,0.0
2024-06-06 11:30:00-04:00,43.76499938964844,43.79999923706055,43.75,43.79499816894531,36377,0.0,0.0
2024-06-06 12:30:00-04:00,43.79499816894531,43.84000015258789,43.79499816894531,43.84000015258789,39502,0.0,0.0
2024-06-06 13:30:00-04:00,43.834999084472656,43.88999938964844,43.83000183105469,43.869998931884766,68722,0.0,0.0
2024-06-06 14:30:00-04:00,43.869998931884766,43.970001220703125,43.86000061035156,43.869998931884766,77472,0.0,0.0
2024-06-06 15:30:00-04:00,43.880001068115234,43.900001525878906,43.869998931884766,43.88999938964844,90064,0.0,0.0
2024-06-07 09:30:00-04:00,43.84000015258789,43.900001525878906,43.790000915527344,43.900001525878906,60833,0.0,0.0
2024-06-07 10:30:00-04:00,43.89500045776367,43.95000076293945,43.89500045776367,43.95000076293945,59578,0.0,0.0
2024-06-07 11:30:00-04:00,43.94499969482422,43.9900016784668,43.939998626708984,43.95000076293945,87634,0.0,0.0
2024-06-07 12:30:00-04:00,43.959999084472656,43.959999084472656,43.93000030517578,43.939998626708984,22930,0.0,0.0
2024-06-07 13:30:00-04:00,43.939998626708984,43.95000076293945,43.93000030517578,43.94499969482422,34209,0.0,0.0
2024-06-07 14:30:00-04:00,43.94499969482422,43.97999954223633,43.939998626708984,43.974998474121094,40293,0.0,0.0
2024-06-07 15:30:00-04:00,43.97999954223633,44.0,43.974998474121094,43.994998931884766,135172,0.0,0.0
2024-06-10 09:30:00-04:00,43.83000183105469,43.88999938964844,43.790000915527344,43.869998931884766,41416,0.0,0.0
2024-06-10 10:30:00-04:00,43.875,43.90999984741211,43.875,43.900001525878906,19112,0.0,0.0
2024-06-10 11:30:00-04:00,43.88999938964844,43.90999984741211,43.869998931884766,43.880001068115234,26789,0.0,0.0
2024-06-10 12:30:00-04:00,43.880001068115234,43.88999938964844,43.880001068115234,43.88999938964844,17724,0.0,0.0
2024-06-10 13:30:00-04:00,43.880001068115234,43.88999938964844,43.845001220703125,43.845001220703125,28125,0.0,0.0
2024-06-10 14:30:00-04:00,43.849998474121094,43.880001068115234,43.84000015258789,43.87099838256836,22285,0.0,0.0
2024-06-10 15:30:00-04:00,43.861000061035156,43.880001068115234,43.84000015258789,43.880001068115234,42589,0.0,0.0
2024-06-11 09:30:00-04:00,43.79999923706055,43.81999969482422,43.7400016784668,43.744998931884766,183578,0.0,0.0
2024-06-11 10:30:00-04:00,43.744998931884766,43.77000045776367,43.72999954223633,43.7599983215332,82082,0.0,0.0
2024-06-11 11:30:00-04:00,43.77000045776367,43.775001525878906,43.75,43.77000045776367,23428,0.0,0.0
2024-06-11 12:30:00-04:00,43.76499938964844,43.77000045776367,43.709999084472656,43.72999954223633,37437,0.0,0.0
2024-06-11 13:30:00-04:00,43.73500061035156,43.75,43.720001220703125,43.72999954223633,103867,0.0,0.0
2024-06-11 14:30:00-04:00,43.724998474121094,43.72999954223633,43.70000076293945,43.70000076293945,156124,0.0,0.0
2024-06-11 15:30:00-04:00,43.70000076293945,43.709999084472656,43.685001373291016,43.70000076293945,113513,0.0,0.0
2024-06-12 09:30:00-04:00,43.81999969482422,43.88999938964844,43.75,43.790000915527344,81808,0.0,0.0
2024-06-12 10:30:00-04:00,43.78499984741211,43.83000183105469,43.779998779296875,43.83000183105469,57348,0.0,0.0
2024-06-12 11:30:00-04:00,43.83000183105469,43.849998474121094,43.81999969482422,43.84000015258789,24498,0.0,0.0
2024-06-12 12:30:00-04:00,43.84000015258789,43.84600067138672,43.810001373291016,43.81999969482422,84494,0.0,0.0
2024-06-12 13:30:00-04:00,43.81999969482422,43.849998474121094,43.810001373291016,43.845001220703125,67945,0.0,0.0
2024-06-12 14:30:00-04:00,43.849998474121094,43.85499954223633,43.7400016784668,43.744998931884766,105467,0.0,0.0
2024-06-12 15:30:00-04:00,43.75,43.81999969482422,43.7400016784668,43.75,68278,0.0,0.0
2024-06-13 09:30:00-04:00,43.779998779296875,43.790000915527344,43.70000076293945,43.724998474121094,60483,0.0,0.0
2024-06-13 10:30:00-04:00,43.724998474121094,43.72999954223633,43.65999984741211,43.68000030517578,74048,0.0,0.0
2024-06-13 11:30:00-04:00,43.68000030517578,43.689998626708984,43.61000061035156,43.619998931884766,80242,0.0,0.0
2024-06-13 12:30:00-04:00,43.619998931884766,43.68000030517578,43.619998931884766,43.66999816894531,48893,0.0,0.0
2024-06-13 13:30:00-04:00,43.65999984741211,43.68000030517578,43.650001525878906,43.68000030517578,46171,0.0,0.0
2024-06-13 14:30:00-04:00,43.685001373291016,43.720001220703125,43.66999816894531,43.70500183105469,48315,0.0,0.0
2024-06-13 15:30:00-04:00,43.709999084472656,43.72999954223633,43.701900482177734,43.709999084472656,63283,0.0,0.0
2024-06-14 09:30:00-04:00,43.560001373291016,43.70500183105469,43.560001373291016,43.654998779296875,85574,0.0,0.0
2024-06-14 10:30:00-04:00,43.650001525878906,43.689998626708984,43.63999938964844,43.689998626708984,59714,0.0,0.0
2024-06-14 11:30:00-04:00,43.685001373291016,43.70000076293945,43.685001373291016,43.689998626708984,47883,0.0,0.0
2024-06-14 12:30:00-04:00,43.69499969482422,43.70000076293945,43.689998626708984,43.70000076293945,25570,0.0,0.0
2024-06-14 13:30:00-04:00,43.69499969482422,43.70000076293945,43.66999816894531,43.689998626708984,60866,0.0,0.0
2024-06-14 14:30:00-04:00,43.69499969482422,43.77000045776367,43.694000244140625,43.709999084472656,59062,0.0,0.0
2024-06-14 15:30:00-04:00,43.71500015258789,43.720001220703125,43.68000030517578,43.68000030517578,76564,0.0,0.0
2024-06-17 09:30:00-04:00,43.650001525878906,43.70000076293945,43.625,43.625,221537,0.0,0.0
2024-06-17 10:30:00-04:00,43.630001068115234,43.63999938964844,43.61000061035156,43.630001068115234,70721,0.0,0.0
2024-06-17 11:30:00-04:00,43.630001068115234,43.630001068115234,43.61000061035156,43.6150016784668,16982,0.0,0.0
2024-06-17 12:30:00-04:00,43.6150016784668,43.63999938964844,43.6150016784668,43.6349983215332,17454,0.0,0.0
2024-06-17 13:30:00-04:00,43.630001068115234,43.67499923706055,43.619998931884766,43.66999816894531,163662,0.0,0.0
2024-06-17 14:30:00-04:00,43.665000915527344,43.66999816894531,43.63999938964844,43.66999816894531,31845,0.0,0.0
2024-06-17 15:30:00-04:00,43.66999816894531,43.70000076293945,43.65999984741211,43.689998626708984,63542,0.0,0.0
2024-06-18 09:30:00-04:00,43.68000030517578,43.68000030517578,43.61000061035156,43.67499923706055,103339,0.0,0.0
2024-06-18 10:30:00-04:00,43.68000030517578,43.689998626708984,43.630001068115234,43.6349983215332,50561,0.0,0.0
2024-06-18 11:30:00-04:00,43.630001068115234,43.630001068115234,43.599998474121094,43.619998931884766,86078,0.0,0.0
2024-06-18 12:30:00-04:00,43.6150016784668,43.619998931884766,43.540000915527344,43.560001373291016,82455,0.0,0.0
2024-06-18 13:30:00-04:00,43.56999969482422,43.6150016784668,43.560001373291016,43.60499954223633,76349,0.0,0.0
2024-06-18 14:30:00-04:00,43.61000061035156,43.61000061035156,43.58000183105469,43.58000183105469,58981,0.0,0.0
2024-06-18 15:30:00-04:00,43.58000183105469,43.59000015258789,43.540000915527344,43.54999923706055,114467,0.0,0.0
2024-06-20 09:30:00-04:00,43.54999923706055,43.54999923706055,43.189998626708984,43.51499938964844,143646,0.0,0.0
2024-06-20 10:30:00-04:00,43.51499938964844,43.55500030517578,43.5,43.540000915527344,75464,0.0,0.0
2024-06-20 11:30:00-04:00,43.540000915527344,43.540000915527344,43.48500061035156,43.505001068115234,29658,0.0,0.0
2024-06-20 12:30:00-04:00,43.5,43.51499938964844,43.47999954223633,43.5,70272,0.0,0.0
2024-06-20 13:30:00-04:00,43.505001068115234,43.5099983215332,43.47999954223633,43.505001068115234,31194,0.0,0.0
2024-06-20 14:30:00-04:00,43.5099983215332,43.52000045776367,43.5,43.52000045776367,95700,0.0,0.0
2024-06-20 15:30:00-04:00,43.5099983215332,43.66999816894531,43.5099983215332,43.65999984741211,79028,0.0,0.0
2024-06-21 09:30:00-04:00,43.75,43.79999923706055,43.654998779296875,43.72999954223633,152161,0.0,0.0
2024-06-21 10:30:00-04:00,43.7239990234375,43.79999923706055,43.7239990234375,43.790000915527344,46302,0.0,0.0
2024-06-21 11:30:00-04:00,43.78499984741211,43.78499984741211,43.7599983215332,43.76499938964844,29252,0.0,0.0
2024-06-21 12:30:00-04:00,43.7599983215332,43.77000045776367,43.72999954223633,43.72999954223633,22419,0.0,0.0
2024-06-21 13:30:00-04:00,43.72999954223633,43.76499938964844,43.720001220703125,43.7400016784668,31491,0.0,0.0
2024-06-21 14:30:00-04:00,43.744998931884766,43.744998931884766,43.650001525878906,43.67499923706055,66689,0.0,0.0
2024-06-21 15:30:00-04:00,43.67499923706055,43.720001220703125,43.59000015258789,43.720001220703125,122495,0.0,0.0
2024-06-24 09:30:00-04:00,43.650001525878906,43.720001220703125,43.63999938964844,43.63999938964844,36577,0.0,0.0
2024-06-24 10:30:00-04:00,43.63999938964844,43.68000030517578,43.630001068115234,43.6349983215332,30383,0.0,0.0
2024-06-24 11:30:00-04:00,43.63999938964844,43.650001525878906,43.619998931884766,43.6349983215332,27079,0.0,0.0
2024-06-24 12:30:00-04:00,43.63999938964844,43.650001525878906,43.619998931884766,43.630001068115234,32209,0.0,0.0
2024-06-24 13:30:00-04:00,43.619998931884766,43.63999938964844,43.60499954223633,43.6150016784668,28630,0.0,0.0
2024-06-24 14:30:00-04:00,43.6150016784668,43.64500045776367,43.59000015258789,43.59000015258789,35499,0.0,0.0
2024-06-24 15:30:00-04:00,43.59000015258789,43.619998931884766,43.59000015258789,43.59000015258789,47581,0.0,0.0
2024-06-25 09:30:00-04:00,43.66999816894531,43.66999816894531,43.61000061035156,43.630001068115234,25178,0.0,0.0
2024-06-25 10:30:00-04:00,43.625,43.650001525878906,43.60499954223633,43.63999938964844,55518,0.0,0.0
2024-06-25 11:30:00-04:00,43.64500045776367,43.65999984741211,43.630001068115234,43.6349983215332,17265,0.0,0.0
2024-06-25 12:30:00-04:00,43.6349983215332,43.6349983215332,43.59000015258789,43.5901985168457,29917,0.0,0.0
2024-06-25 13:30:00-04:00,43.59000015258789,43.61000061035156,43.59000015258789,43.599998474121094,14962,0.0,0.0
2024-06-25 14:30:00-04:00,43.599998474121094,43.60499954223633,43.54999923706055,43.54999923706055,43346,0.0,0.0
2024-06-25 15:30:00-04:00,43.54999923706055,43.56999969482422,43.54999923706055,43.560001373291016,71226,0.0,0.0
2024-06-26 09:30:00-04:00,43.560001373291016,43.59000015258789,43.54999923706055,43.55500030517578,62723,0.0,0.0
2024-06-26 10:30:00-04:00,43.54999923706055,43.560001373291016,43.5,43.560001373291016,114434,0.0,0.0
2024-06-26 11:30:00-04:00,43.560001373291016,43.564998626708984,43.53499984741211,43.54999923706055,150725,0.0,0.0
2024-06-26 12:30:00-04:00,43.54999923706055,43.55500030517578,43.540000915527344,43.54999923706055,106163,0.0,0.0
2024-06-26 13:30:00-04:00,43.54999923706055,43.560001373291016,43.540000915527344,43.54999923706055,221082,0.0,0.0
2024-06-26 14:30:00-04:00,43.54999923706055,43.560001373291016,43.540000915527344,43.54999923706055,192832,0.0,0.0
2024-06-26 15:30:00-04:00,43.54999923706055,43.54999923706055,43.52000045776367,43.529998779296875,259776,0.0,0.0
2024-06-27 09:30:00-04:00,43.70000076293945,43.70000076293945,43.52000045776367,43.53499984741211,44580,0.0,0.0
2024-06-27 10:30:00-04:00,43.529998779296875,43.529998779296875,43.52000045776367,43.529998779296875,70982,0.0,0.0
2024-06-27 11:30:00-04:00,43.525001525878906,43.529998779296875,43.52000045776367,43.52000045776367,129271,0.0,0.0
2024-06-27 12:30:00-04:00,43.525001525878906,43.529998779296875,43.5099983215332,43.5099983215332,557989,0.0,0.0
2024-06-27 13:30:00-04:00,43.5099983215332,43.52000045776367,43.5099983215332,43.51499938964844,36519,0.0,0.0
2024-06-27 14:30:00-04:00,43.5099983215332,43.525001525878906,43.5099983215332,43.5099983215332,141225,0.0,0.0
2024-06-27 15:30:00-04:00,43.5099983215332,43.51750183105469,43.470001220703125,43.5,267744,0.0,0.0
2024-06-28 09:30:00-04:00,43.59000015258789,43.619998931884766,43.47999954223633,43.525001525878906,104128,0.0,0.0
2024-06-28 10:30:00-04:00,43.529998779296875,43.540000915527344,43.494998931884766,43.5,149299,0.0,0.0
2024-06-28 11:30:00-04:00,43.5,43.5099983215332,43.5,43.505001068115234,164528,0.0,0.0
2024-06-28 12:30:00-04:00,43.5,43.5099983215332,43.47999954223633,43.48500061035156,97636,0.0,0.0
2024-06-28 13:30:00-04:00,43.48500061035156,43.51599884033203,43.47999954223633,43.5099983215332,292160,0.0,0.0
2024-06-28 14:30:00-04:00,43.5,43.63999938964844,43.5,43.61000061035156,358830,0.0,0.0
2024-06-28 15:30:00-04:00,43.61000061035156,43.779998779296875,43.54999923706055,43.650001525878906,465369,0.0,0.0
2024-07-01 09:30:00-04:00,43.630001068115234,43.630001068115234,43.5,43.52000045776367,272962,0.0,0.0
2024-07-01 10:30:00-04:00,43.525001525878906,43.5260009765625,43.5099983215332,43.51499938964844,68966,0.0,0.0
2024-07-01 11:30:00-04:00,43.51499938964844,43.529998779296875,43.51499938964844,43.52000045776367,46628,0.0,0.0
2024-07-01 12:30:00-04:00,43.52000045776367,43.529998779296875,43.5099983215332,43.52000045776367,44195,0.0,0.0
2024-07-01 13:30:00-04:00,43.52000045776367,43.54999923706055,43.52000045776367,43.53499984741211,47963,0.0,0.0
2024-07-01 14:30:00-04:00,43.53499984741211,43.54999923706055,43.52000045776367,43.525001525878906,348150,0.0,0.0
2024-07-01 15:30:00-04:00,43.525001525878906,43.529998779296875,43.5099983215332,43.529998779296875,117920,0.0,0.0
2024-07-02 09:30:00-04:00,43.529998779296875,43.53499984741211,43.5,43.529998779296875,296792,0.0,0.0
2024-07-02 10:30:00-04:00,43.525001525878906,43.53499984741211,43.5099983215332,43.529998779296875,99155,0.0,0.0
2024-07-02 11:30:00-04:00,43.53499984741211,43.59000015258789,43.529998779296875,43.5629997253418,132234,0.0,0.0
2024-07-02 12:30:00-04:00,43.56999969482422,43.56999969482422,43.53499984741211,43.54069900512695,85248,0.0,0.0
2024-07-02 13:30:00-04:00,43.540000915527344,43.55500030517578,43.529998779296875,43.529998779296875,78022,0.0,0.0
2024-07-02 14:30:00-04:00,43.53499984741211,43.540000915527344,43.5099983215332,43.529998779296875,123018,0.0,0.0
2024-07-02 15:30:00-04:00,43.52109909057617,43.54999923706055,43.51499938964844,43.529998779296875,134686,0.0,0.0
2024-07-03 09:30:00-04:00,43.529998779296875,43.58000183105469,43.5099983215332,43.56999969482422,502059,0.0,0.0
2024-07-03 10:30:00-04:00,43.56999969482422,43.56999969482422,43.54999923706055,43.55500030517578,109196,0.0,0.0
2024-07-03 11:30:00-04:00,43.54999923706055,43.560001373291016,43.54999923706055,43.560001373291016,141856,0.0,0.0
2024-07-05 09:30:00-04:00,43.59000015258789,43.73500061035156,43.54999923706055,43.69499969482422,134444,0.0,0.0
2024-07-05 10:30:00-04:00,43.689998626708984,43.709999084472656,43.64500045776367,43.66999816894531,146456,0.0,0.0
2024-07-05 11:30:00-04:00,43.665000915527344,43.68000030517578,43.650001525878906,43.665000915527344,68080,0.0,0.0
2024-07-05 12:30:00-04:00,43.665000915527344,43.68000030517578,43.65999984741211,43.66999816894531,30174,0.0,0.0
2024-07-05 13:30:00-04:00,43.66999816894531,43.73500061035156,43.65999984741211,43.665000915527344,180542,0.0,0.0
2024-07-05 14:30:00-04:00,43.665000915527344,43.70000076293945,43.65999984741211,43.66999816894531,33092,0.0,0.0
2024-07-05 15:30:00-04:00,43.665000915527344,43.75,43.665000915527344,43.7400016784668,209390,0.0,0.0
2024-07-08 09:30:00-04:00,43.709999084472656,43.709999084472656,43.650001525878906,43.70000076293945,106016,0.0,0.0
2024-07-08 10:30:00-04:00,43.70000076293945,43.75,43.689998626708984,43.7400016784668,139693,0.0,0.0
2024-07-08 11:30:00-04:00,43.73500061035156,43.75,43.724998474121094,43.7400016784668,15875,0.0,0.0
2024-07-08 12:30:00-04:00,43.7400016784668,43.7599983215332,43.72999954223633,43.75,23707,0.0,0.0
2024-07-08 13:30:00-04:00,43.75,43.7599983215332,43.744998931884766,43.744998931884766,29972,0.0,0.0
2024-07-08 14:30:00-04:00,43.75,43.75,43.7400016784668,43.744998931884766,27455,0.0,0.0
2024-07-08 15:30:00-04:00,43.75,43.75,43.66999816894531,43.66999816894531,100906,0.0,0.0
2024-07-09 09:30:00-04:00,43.689998626708984,43.689998626708984,43.630001068115234,43.66999816894531,50136,0.0,0.0
2024-07-09 10:30:00-04:00,43.66999816894531,43.709999084472656,43.654998779296875,43.65999984741211,38548,0.0,0.0
2024-07-09 11:30:00-04:00,43.66999816894531,43.68000030517578,43.650001525878906,43.66999816894531,27303,0.0,0.0
2024-07-09 12:30:00-04:00,43.665000915527344,43.709999084472656,43.65999984741211,43.70989990234375,20833,0.0,0.0
2024-07-09 13:30:00-04:00,43.709999084472656,43.709999084472656,43.689998626708984,43.689998626708984,28088,0.0,0.0
2024-07-09 14:30:00-04:00,43.689998626708984,43.70000076293945,43.68000030517578,43.689998626708984,20238,0.0,0.0
2024-07-09 15:30:00-04:00,43.69499969482422,43.70000076293945,43.650001525878906,43.650001525878906,76029,0.0,0.0
2024-07-10 09:30:00-04:00,43.650001525878906,43.709999084472656,43.650001525878906,43.709999084472656,132953,0.0,0.0
2024-07-10 10:30:00-04:00,43.70500183105469,43.75,43.70000076293945,43.73500061035156,68600,0.0,0.0
2024-07-10 11:30:00-04:00,43.73699951171875,43.7400016784668,43.70000076293945,43.70500183105469,92502,0.0,0.0
2024-07-10 12:30:00-04:00,43.70500183105469,43.7400016784668,43.69499969482422,43.70500183105469,48949,0.0,0.0
2024-07-10 13:30:00-04:00,43.70500183105469,43.720001220703125,43.69499969482422,43.70500183105469,40960,0.0,0.0
2024-07-10 14:30:00-04:00,43.70500183105469,43.720001220703125,43.689998626708984,43.707000732421875,34843,0.0,0.0
2024-07-10 15:30:00-04:00,43.709999084472656,43.75,43.70000076293945,43.7400016784668,168885,0.0,0.0
2024-07-11 09:30:00-04:00,43.7599983215332,43.779998779296875,43.720001220703125,43.7400016784668,92608,0.0,0.0
2024-07-11 10:30:00-04:00,43.73500061035156,43.75,43.70000076293945,43.70500183105469,137211,0.0,0.0
2024-07-11 11:30:00-04:00,43.70500183105469,43.72999954223633,43.70500183105469,43.72999954223633,39224,0.0,0.0
2024-07-11 12:30:00-04:00,43.724998474121094,43.72999954223633,43.709999084472656,43.720001220703125,53506,0.0,0.0
2024-07-11 13:30:00-04:00,43.709999084472656,43.720001220703125,43.68000030517578,43.71500015258789,51762,0.0,0.0
2024-07-11 14:30:00-04:00,43.71500015258789,43.72999954223633,43.68000030517578,43.68000030517578,46331,0.0,0.0
2024-07-11 15:30:00-04:00,43.685001373291016,43.7400016784668,43.68000030517578,43.72999954223633,92021,0.0,0.0
2024-07-12 09:30:00-04:00,43.84000015258789,43.849998474121094,43.68000030517578,43.744998931884766,48961,0.0,0.0
2024-07-12 10:30:00-04:00,43.75,43.75,43.709999084472656,43.71500015258789,182103,0.0,0.0
2024-07-12 11:30:00-04:00,43.71500015258789,43.75,43.70000076293945,43.75,145321,0.0,0.0
2024-07-12 12:30:00-04:00,43.75,43.7599983215332,43.71500015258789,43.73500061035156,30510,0.0,0.0
2024-07-12 13:30:00-04:00,43.73500061035156,43.755001068115234,43.720001220703125,43.724998474121094,18078,0.0,0.0
2024-07-12 14:30:00-04:00,43.724998474121094,43.7400016784668,43.71500015258789,43.724998474121094,36268,0.0,0.0
2024-07-12 15:30:00-04:00,43.724998474121094,43.724998474121094,43.70000076293945,43.70000076293945,134538,0.0,0.0
2024-07-15 09:30:00-04:00,43.790000915527344,43.790000915527344,43.70000076293945,43.72999954223633,84122,0.0,0.0
2024-07-15 10:30:00-04:00,43.72999954223633,43.79999923706055,43.720001220703125,43.79499816894531,67554,0.0,0.0
2024-07-15 11:30:00-04:00,43.79499816894531,43.810001373291016,43.7599983215332,43.79499816894531,85670,0.0,0.0
2024-07-15 12:30:00-04:00,43.79499816894531,43.810001373291016,43.775001525878906,43.79999923706055,54478,0.0,0.0
2024-07-15 13:30:00-04:00,43.79999923706055,43.82500076293945,43.779998779296875,43.80500030517578,118551,0.0,0.0
2024-07-15 14:30:00-04:00,43.79999923706055,43.83000183105469,43.790000915527344,43.814998626708984,66356,0.0,0.0
2024-07-15 15:30:00-04:00,43.81999969482422,43.84000015258789,43.79999923706055,43.84000015258789,199427,0.0,0.0
2024-07-16 09:30:00-04:00,43.849998474121094,43.869998931884766,43.77000045776367,43.80500030517578,262301,0.0,0.0
2024-07-16 10:30:00-04:00,43.80500030517578,43.82500076293945,43.77000045776367,43.790000915527344,73900,0.0,0.0
2024-07-16 11:30:00-04:00,43.79999923706055,43.869998931884766,43.779998779296875,43.79999923706055,829423,0.0,0.0
2024-07-16 12:30:00-04:00,43.80500030517578,43.810001373291016,43.779998779296875,43.79499816894531,59957,0.0,0.0
2024-07-16 13:30:00-04:00,43.79499816894531,43.79999923706055,43.76499938964844,43.790000915527344,46187,0.0,0.0
2024-07-16 14:30:00-04:00,43.790000915527344,43.81999969482422,43.77000045776367,43.80500030517578,280534,0.0,0.0
2024-07-16 15:30:00-04:00,43.810001373291016,43.849998474121094,43.79999923706055,43.79999923706055,178557,0.0,0.0
2024-07-17 09:30:00-04:00,43.810001373291016,43.849998474121094,43.77000045776367,43.810001373291016,142828,0.0,0.0
2024-07-17 10:30:00-04:00,43.810001373291016,43.834999084472656,43.79499816894531,43.834999084472656,96392,0.0,0.0
2024-07-17 11:30:00-04:00,43.834999084472656,43.849998474121094,43.7599983215332,43.7599983215332,78746,0.0,0.0
2024-07-17 12:30:00-04:00,43.77000045776367,43.81999969482422,43.77000045776367,43.814998626708984,162463,0.0,0.0
2024-07-17 13:30:00-04:00,43.814998626708984,43.83000183105469,43.79999923706055,43.79999923706055,39057,0.0,0.0
2024-07-17 14:30:00-04:00,43.80500030517578,43.83000183105469,43.78499984741211,43.81999969482422,166000,0.0,0.0
2024-07-17 15:30:00-04:00,43.81999969482422,43.849998474121094,43.814998626708984,43.849998474121094,115147,0.0,0.0
2024-07-18 09:30:00-04:00,43.779998779296875,43.88999938964844,43.779998779296875,43.85499954223633,91969,0.0,0.0
2024-07-18 10:30:00-04:00,43.85499954223633,43.935001373291016,43.849998474121094,43.869998931884766,196373,0.0,0.0
2024-07-18 11:30:00-04:00,43.8650016784668,43.970001220703125,43.79999923706055,43.86000061035156,342607,0.0,0.0
2024-07-18 12:30:00-04:00,43.85499954223633,43.880001068115234,43.814998626708984,43.834999084472656,65762,0.0,0.0
2024-07-18 13:30:00-04:00,43.84000015258789,43.85499954223633,43.790000915527344,43.79999923706055,82977,0.0,0.0
2024-07-18 14:30:00-04:00,43.79999923706055,43.810001373291016,43.7599983215332,43.775001525878906,66506,0.0,0.0
2024-07-18 15:30:00-04:00,43.779998779296875,43.85499954223633,43.779998779296875,43.83000183105469,117873,0.0,0.0
2024-07-19 09:30:00-04:00,43.900001525878906,43.900001525878906,43.790000915527344,43.84000015258789,275317,0.0,0.0
2024-07-19 10:30:00-04:00,43.845001220703125,43.86000061035156,43.790000915527344,43.83000183105469,66848,0.0,0.0
2024-07-19 11:30:00-04:00,43.83000183105469,43.84000015258789,43.80500030517578,43.81999969482422,37378,0.0,0.0
2024-07-19 12:30:00-04:00,43.81999969482422,43.84000015258789,43.790000915527344,43.834999084472656,183180,0.0,0.0
2024-07-19 13:30:00-04:00,43.83000183105469,43.849998474121094,43.82500076293945,43.834999084472656,40429,0.0,0.0
2024-07-19 14:30:00-04:00,43.834999084472656,43.869998931884766,43.82500076293945,43.85499954223633,53035,0.0,0.0
2024-07-19 15:30:00-04:00,43.849998474121094,43.86000061035156,43.83000183105469,43.83000183105469,91257,0.0,0.0
2024-07-22 09:30:00-04:00,43.83000183105469,43.869998931884766,43.810001373291016,43.84000015258789,183563,0.0,0.0
2024-07-22 10:30:00-04:00,43.845001220703125,43.93000030517578,43.84000015258789,43.900001525878906,99673,0.0,0.0
2024-07-22 11:30:00-04:00,43.900001525878906,43.93000030517578,43.88999938964844,43.904998779296875,74422,0.0,0.0
2024-07-22 12:30:00-04:00,43.904998779296875,43.92499923706055,43.88999938964844,43.904998779296875,48595,0.0,0.0
2024-07-22 13:30:00-04:00,43.904998779296875,43.92499923706055,43.900001525878906,43.91999816894531,42903,0.0,0.0
2024-07-22 14:30:00-04:00,43.91999816894531,43.95000076293945,43.91999816894531,43.939998626708984,80744,0.0,0.0
2024-07-22 15:30:00-04:00,43.935001373291016,43.97999954223633,43.93000030517578,43.95000076293945,268402,0.0,0.0
2024-07-23 09:30:00-04:00,43.9900016784668,44.0,43.95000076293945,43.974998474121094,522901,0.0,0.0
2024-07-23 10:30:00-04:00,43.974998474121094,44.0,43.95500183105469,43.97999954223633,123905,0.0,0.0
2024-07-23 11:30:00-04:00,43.98500061035156,43.9900016784668,43.96500015258789,43.98500061035156,218216,0.0,0.0
2024-07-23 12:30:00-04:00,43.9900016784668,44.0,43.96500015258789,43.970001220703125,403046,0.0,0.0
2024-07-23 13:30:00-04:00,43.959999084472656,43.97999954223633,43.91999816894531,43.95500183105469,201207,0.0,0.0
2024-07-23 14:30:00-04:00,43.95500183105469,43.974998474121094,43.935001373291016,43.959999084472656,144947,0.0,0.0
2024-07-23 15:30:00-04:00,43.970001220703125,43.9900016784668,43.95000076293945,43.97999954223633,169233,0.0,0.0
2024-07-24 09:30:00-04:00,43.90999984741211,43.97999954223633,43.900001525878906,43.974998474121094,105837,0.0,0.0
2024-07-24 10:30:00-04:00,43.974998474121094,44.040000915527344,43.959999084472656,44.025001525878906,153666,0.0,0.0
2024-07-24 11:30:00-04:00,44.029998779296875,44.06999969482422,43.98500061035156,43.994998931884766,256780,0.0,0.0
2024-07-24 12:30:00-04:00,43.98500061035156,44.02000045776367,43.959999084472656,44.0099983215332,110096,0.0,0.0
2024-07-24 13:30:00-04:00,44.005001068115234,44.0099983215332,43.91999816894531,43.959999084472656,276424,0.0,0.0
2024-07-24 14:30:00-04:00,43.974998474121094,44.025001525878906,43.95500183105469,44.005001068115234,81704,0.0,0.0
2024-07-24 15:30:00-04:00,44.0,44.060001373291016,43.97999954223633,44.02000045776367,116966,0.0,0.0
2024-07-25 09:30:00-04:00,44.0,44.060001373291016,43.959999084472656,44.0099983215332,100201,0.0,0.0
2024-07-25 10:30:00-04:00,44.0,44.0099983215332,43.974998474121094,43.974998474121094,63346,0.0,0.0
2024-07-25 11:30:00-04:00,43.97100067138672,44.0099983215332,43.970001220703125,44.005001068115234,79630,0.0,0.0
2024-07-25 12:30:00-04:00,44.005001068115234,44.0099983215332,43.970001220703125,44.0,113677,0.0,0.0
2024-07-25 13:30:00-04:00,44.0,44.02000045776367,43.994998931884766,44.005001068115234,52000,0.0,0.0
2024-07-25 14:30:00-04:00,44.005001068115234,44.01499938964844,43.9900016784668,43.999900817871094,108660,0.0,0.0
2024-07-25 15:30:00-04:00,43.994998931884766,44.0,43.90999984741211,43.91999816894531,140204,0.0,0.0
2024-07-26 09:30:00-04:00,44.0099983215332,44.01499938964844,43.970001220703125,43.994998931884766,193701,0.0,0.0
2024-07-26 10:30:00-04:00,43.9900016784668,44.01750183105469,43.97999954223633,44.0,113012,0.0,0.0
2024-07-26 11:30:00-04:00,44.0099983215332,44.01750183105469,43.9900016784668,44.005001068115234,54670,0.0,0.0
2024-07-26 12:30:00-04:00,44.0099983215332,44.0099983215332,43.97999954223633,43.994998931884766,64774,0.0,0.0
2024-07-26 13:30:00-04:00,43.97999954223633,44.00529861450195,43.974998474121094,43.974998474121094,45981,0.0,0.0
2024-07-26 14:30:00-04:00,43.97480010986328,44.0,43.959999084472656,43.994998931884766,38941,0.0,0.0
2024-07-26 15:30:00-04:00,43.9900016784668,43.9900016784668,43.880001068115234,43.95000076293945,210225,0.0,0.0
2024-07-29 09:30:00-04:00,43.90999984741211,44.0099983215332,43.90999984741211,44.0,186089,0.0,0.0
2024-07-29 10:30:00-04:00,44.005001068115234,44.005001068115234,43.959999084472656,43.97999954223633,97708,0.0,0.0
2024-07-29 11:30:00-04:00,43.97999954223633,44.0,43.970001220703125,43.9900016784668,30285,0.0,0.0
2024-07-29 12:30:00-04:00,43.9900016784668,43.9900016784668,43.974998474121094,43.97999954223633,51891,0.0,0.0
2024-07-29 13:30:00-04:00,43.98500061035156,44.0,43.97999954223633,43.97999954223633,23100,0.0,0.0
2024-07-29 14:30:00-04:00,43.98500061035156,44.0,43.970001220703125,43.994998931884766,44396,0.0,0.0
2024-07-29 15:30:00-04:00,44.0,44.0099983215332,43.97999954223633,43.9900016784668,105240,0.0,0.0
2024-07-30 09:30:00-04:00,44.0,44.0099983215332,43.98500061035156,44.005001068115234,90216,0.0,0.0
2024-07-30 10:30:00-04:00,44.005001068115234,44.0099983215332,43.9900016784668,44.0,125321,0.0,0.0
2024-07-30 11:30:00-04:00,43.994998931884766,44.0,43.98500061035156,44.0,105299,0.0,0.0
2024-07-30 12:30:00-04:00,43.994998931884766,44.029998779296875,43.9900016784668,44.025001525878906,214941,0.0,0.0
2024-07-30 13:30:00-04:00,44.025001525878906,44.029998779296875,44.005001068115234,44.025001525878906,49367,0.0,0.0
2024-07-30 14:30:00-04:00,44.025001525878906,44.040000915527344,44.005001068115234,44.040000915527344,66378,0.0,0.0
2024-07-30 15:30:00-04:00,44.040000915527344,44.209999084472656,44.03499984741211,44.150001525878906,228389,0.0,0.0
2024-07-31 09:30:00-04:00,44.150001525878906,44.20000076293945,44.1150016784668,44.125,104549,0.0,0.0
2024-07-31 10:30:00-04:00,44.125,44.125,44.040000915527344,44.084999084472656,65037,0.0,0.0
2024-07-31 11:30:00-04:00,44.084999084472656,44.15999984741211,44.07500076293945,44.130001068115234,74757,0.0,0.0
2024-07-31 12:30:00-04:00,44.1349983215332,44.13999938964844,44.1150016784668,44.119998931884766,22752,0.0,0.0
2024-07-31 13:30:00-04:00,44.1150016784668,44.150001525878906,44.11000061035156,44.13999938964844,36037,0.0,0.0
2024-07-31 14:30:00-04:00,44.13999938964844,44.16999816894531,44.13990020751953,44.154998779296875,169309,0.0,0.0
2024-07-31 15:30:00-04:00,44.154998779296875,44.220001220703125,44.13999938964844,44.20000076293945,191126,0.0,0.0
2024-08-01 09:30:00-04:00,44.16999816894531,44.18000030517578,44.099998474121094,44.154998779296875,73968,0.0,0.0
2024-08-01 10:30:00-04:00,44.154998779296875,44.16999816894531,44.150001525878906,44.16999816894531,101222,0.0,0.0
2024-08-01 11:30:00-04:00,44.165000915527344,44.165000915527344,44.08000183105469,44.084999084472656,49711,0.0,0.0
2024-08-01 12:30:00-04:00,44.084999084472656,44.09000015258789,44.040000915527344,44.040000915527344,43507,0.0,0.0
2024-08-01 13:30:00-04:00,44.040000915527344,44.11000061035156,44.029998779296875,44.095001220703125,36349,0.0,0.0
2024-08-01 14:30:00-04:00,44.09000015258789,44.119998931884766,44.064998626708984,44.119998931884766,46172,0.0,0.0
2024-08-01 15:30:00-04:00,44.130001068115234,44.154998779296875,44.06999969482422,44.06999969482422,133817,0.0,0.0
2024-08-02 09:30:00-04:00,43.779998779296875,44.11000061035156,43.70000076293945,44.02000045776367,132706,0.0,0.0
2024-08-02 10:30:00-04:00,44.02000045776367,44.10499954223633,44.0,44.04999923706055,190376,0.0,0.0
2024-08-02 11:30:00-04:00,44.05500030517578,44.1150016784668,44.040000915527344,44.060001373291016,59027,0.0,0.0
2024-08-02 12:30:00-04:00,44.04999923706055,44.06999969482422,44.04999923706055,44.04999923706055,97773,0.0,0.0
2024-08-02 13:30:00-04:00,44.04999923706055,44.06999969482422,44.04999923706055,44.05500030517578,55957,0.0,0.0
2024-08-02 14:30:00-04:00,44.04999923706055,44.08000183105469,44.040000915527344,44.05500030517578,68834,0.0,0.0
2024-08-02 15:30:00-04:00,44.04999923706055,44.099998474121094,44.040000915527344,44.04999923706055,153336,0.0,0.0
2024-08-05 09:30:00-04:00,43.849998474121094,43.939998626708984,43.810001373291016,43.85499954223633,134384,0.0,0.0
2024-08-05 10:30:00-04:00,43.86000061035156,43.93000030517578,43.849998474121094,43.93000030517578,115291,0.0,0.0
2024-08-05 11:30:00-04:00,43.93000030517578,43.95000076293945,43.88999938964844,43.92499923706055,96784,0.0,0.0
2024-08-05 12:30:00-04:00,43.92499923706055,43.93000030517578,43.880001068115234,43.8849983215332,63207,0.0,0.0
2024-08-05 13:30:00-04:00,43.88999938964844,43.88999938964844,43.86000061035156,43.869998931884766,80215,0.0,0.0
2024-08-05 14:30:00-04:00,43.869998931884766,44.04999923706055,43.86000061035156,44.040000915527344,246981,0.0,0.0
2024-08-05 15:30:00-04:00,44.04499816894531,44.560001373291016,44.02000045776367,44.400001525878906,650079,0.0,0.0
2024-08-06 09:30:00-04:00,44.25,44.290000915527344,44.04999923706055,44.084999084472656,601341,0.0,0.0
2024-08-06 10:30:00-04:00,44.09000015258789,44.150001525878906,44.09000015258789,44.130001068115234,306778,0.0,0.0
2024-08-06 11:30:00-04:00,44.13999938964844,44.150001525878906,44.119998931884766,44.125,78115,0.0,0.0
2024-08-06 12:30:00-04:00,44.119998931884766,44.154998779296875,44.119998931884766,44.145999908447266,77591,0.0,0.0
2024-08-06 13:30:00-04:00,44.14500045776367,44.150001525878906,44.11000061035156,44.1349983215332,46494,0.0,0.0
2024-08-06 14:30:00-04:00,44.130001068115234,44.13999938964844,44.061100006103516,44.11000061035156,158568,0.0,0.0
2024-08-06 15:30:00-04:00,44.1150016784668,44.14500045776367,44.09000015258789,44.11000061035156,421026,0.0,0.0
2024-08-07 09:30:00-04:00,44.18000030517578,44.209999084472656,44.060001373291016,44.1349983215332,156837,0.0,0.0
2024-08-07 10:30:00-04:00,44.13399887084961,44.16999816894531,44.119998931884766,44.15999984741211,57779,0.0,0.0
2024-08-07 11:30:00-04:00,44.15999984741211,44.189998626708984,44.14500045776367,44.15999984741211,47443,0.0,0.0
2024-08-07 12:30:00-04:00,44.150901794433594,44.16080093383789,44.13999938964844,44.150001525878906,58179,0.0,0.0
2024-08-07 13:30:00-04:00,44.150001525878906,44.15999984741211,44.11000061035156,44.15999984741211,92037,0.0,0.0
2024-08-07 14:30:00-04:00,44.150001525878906,44.189998626708984,44.14500045776367,44.15999984741211,60516,0.0,0.0
2024-08-07 15:30:00-04:00,44.15999984741211,44.18000030517578,44.119998931884766,44.130001068115234,155012,0.0,0.0
2024-08-08 09:30:00-04:00,44.130001068115234,44.25,44.0,44.24599838256836,123791,0.0,0.0
2024-08-08 10:30:00-04:00,44.25,44.275001525878906,44.17499923706055,44.20500183105469,56302,0.0,0.0
2024-08-08 11:30:00-04:00,44.20500183105469,44.220001220703125,44.189998626708984,44.20500183105469,73723,0.0,0.0
2024-08-08 12:30:00-04:00,44.20000076293945,44.220001220703125,44.19499969482422,44.21500015258789,43034,0.0,0.0
2024-08-08 13:30:00-04:00,44.220001220703125,44.220001220703125,44.189998626708984,44.20000076293945,65943,0.0,0.0
2024-08-08 14:30:00-04:00,44.19499969482422,44.19499969482422,44.1349983215332,44.150001525878906,38740,0.0,0.0
2024-08-08 15:30:00-04:00,44.150001525878906,44.15999984741211,44.130001068115234,44.150001525878906,402487,0.0,0.0
2024-08-09 09:30:00-04:00,44.119998931884766,44.165000915527344,44.119998931884766,44.1349983215332,86343,0.0,0.0
2024-08-09 10:30:00-04:00,44.130001068115234,44.150001525878906,44.130001068115234,44.13999938964844,53159,0.0,0.0
2024-08-09 11:30:00-04:00,44.14500045776367,44.150001525878906,44.1349983215332,44.14500045776367,45654,0.0,0.0
2024-08-09 12:30:00-04:00,44.14500045776367,44.15999984741211,44.13999938964844,44.154998779296875,40426,0.0,0.0
2024-08-09 13:30:00-04:00,44.154998779296875,44.15999984741211,44.130001068115234,44.14500045776367,53522,0.0,0.0
2024-08-09 14:30:00-04:00,44.14500045776367,44.150001525878906,44.13999938964844,44.14500045776367,47616,0.0,0.0
2024-08-09 15:30:00-04:00,44.14500045776367,44.150001525878906,44.13999938964844,44.13999938964844,122010,0.0,0.0
2024-08-12 09:30:00-04:00,44.099998474121094,44.16999816894531,44.099998474121094,44.119998931884766,90114,0.0,0.0
2024-08-12 10:30:00-04:00,44.11249923706055,44.14500045776367,44.099998474121094,44.11000061035156,49009,0.0,0.0
2024-08-12 11:30:00-04:00,44.10499954223633,44.11000061035156,44.08000183105469,44.10499954223633,70880,0.0,0.0
2024-08-12 12:30:00-04:00,44.10499954223633,44.11000061035156,44.09000015258789,44.099998474121094,451669,0.0,0.0
2024-08-12 13:30:00-04:00,44.10499954223633,44.11000061035156,44.099998474121094,44.10499954223633,41125,0.0,0.0
2024-08-12 14:30:00-04:00,44.10499954223633,44.119998931884766,44.06999969482422,44.1150016784668,56588,0.0,0.0
2024-08-12 15:30:00-04:00,44.119998931884766,44.189998626708984,44.11000061035156,44.18000030517578,129576,0.0,0.0
2024-08-13 09:30:00-04:00,44.13999938964844,44.16999816894531,44.099998474121094,44.11000061035156,61993,0.0,0.0
2024-08-13 10:30:00-04:00,44.11000061035156,44.11000061035156,44.07749938964844,44.08000183105469,41539,0.0,0.0
2024-08-13 11:30:00-04:00,44.06999969482422,44.09000015258789,44.060001373291016,44.084999084472656,28407,0.0,0.0
2024-08-13 12:30:00-04:00,44.084999084472656,44.130001068115234,44.08000183105469,44.119998931884766,31835,0.0,0.0
2024-08-13 13:30:00-04:00,44.12009811401367,44.150001525878906,44.09000015258789,44.099998474121094,51375,0.0,0.0
2024-08-13 14:30:00-04:00,44.10499954223633,44.15999984741211,44.10499954223633,44.11000061035156,45340,0.0,0.0
2024-08-13 15:30:00-04:00,44.11000061035156,44.119998931884766,44.08000183105469,44.08000183105469,115838,0.0,0.0
2024-08-14 09:30:00-04:00,44.040000915527344,44.209999084472656,44.0,44.20500183105469,161195,0.0,0.0
2024-08-14 10:30:00-04:00,44.20500183105469,44.27000045776367,44.20000076293945,44.27000045776367,85017,0.0,0.0
2024-08-14 11:30:00-04:00,44.27000045776367,44.400001525878906,44.27000045776367,44.3849983215332,189207,0.0,0.0
2024-08-14 12:30:00-04:00,44.39500045776367,44.400001525878906,44.36000061035156,44.36000061035156,79234,0.0,0.0
2024-08-14 13:30:00-04:00,44.36000061035156,44.43000030517578,44.35499954223633,44.43000030517578,61283,0.0,0.0
2024-08-14 14:30:00-04:00,44.42499923706055,44.439998626708984,44.38999938964844,44.439998626708984,56013,0.0,0.0
2024-08-14 15:30:00-04:00,44.439998626708984,44.439998626708984,44.3650016784668,44.38999938964844,232139,0.0,0.0
2024-08-15 09:30:00-04:00,44.439998626708984,44.88999938964844,44.380001068115234,44.88999938964844,149582,0.0,0.0
2024-08-15 10:30:00-04:00,44.8849983215332,45.02000045776367,44.80500030517578,44.959999084472656,204675,0.0,0.0
2024-08-15 11:30:00-04:00,44.95000076293945,45.1349983215332,44.939998626708984,44.970001220703125,73138,0.0,0.0
2024-08-15 12:30:00-04:00,44.970001220703125,45.09000015258789,44.96500015258789,45.03499984741211,92014,0.0,0.0
2024-08-15 13:30:00-04:00,45.04999923706055,45.11000061035156,44.95000076293945,44.970001220703125,59334,0.0,0.0
2024-08-15 14:30:00-04:00,44.970001220703125,44.970001220703125,44.88999938964844,44.935001373291016,51283,0.0,0.0
2024-08-15 15:30:00-04:00,44.93000030517578,44.94499969482422,44.86000061035156,44.880001068115234,156056,0.0,0.0
2024-08-16 09:30:00-04:00,44.95000076293945,45.0,44.79999923706055,45.0,91621,0.0,0.0
2024-08-16 10:30:00-04:00,44.9900016784668,45.005001068115234,44.849998474121094,44.875,57246,0.0,0.0
2024-08-16 11:30:00-04:00,44.875,45.02000045776367,44.875,45.02000045776367,48532,0.0,0.0
2024-08-16 12:30:00-04:00,45.01279830932617,45.084999084472656,45.01279830932617,45.064998626708984,50333,0.0,0.0
2024-08-16 13:30:00-04:00,45.06999969482422,45.130001068115234,45.0099983215332,45.04499816894531,58273,0.0,0.0
2024-08-16 14:30:00-04:00,45.04499816894531,45.27000045776367,45.029998779296875,45.15999984741211,134858,0.0,0.0
2024-08-16 15:30:00-04:00,45.165000915527344,45.31999969482422,45.150001525878906,45.31999969482422,166331,0.0,0.0
2024-08-19 09:30:00-04:00,45.20000076293945,45.33000183105469,45.08000183105469,45.14500045776367,49604,0.0,0.0
2024-08-19 10:30:00-04:00,45.150001525878906,45.17279815673828,45.040000915527344,45.15999984741211,50462,0.0,0.0
2024-08-19 11:30:00-04:00,45.15999984741211,45.19670104980469,45.02000045776367,45.11000061035156,40207,0.0,0.0
2024-08-19 12:30:00-04:00,45.10499954223633,45.130001068115234,45.090999603271484,45.119998931884766,32879,0.0,0.0
2024-08-19 13:30:00-04:00,45.1150016784668,45.20500183105469,45.1150016784668,45.18000030517578,43718,0.0,0.0
2024-08-19 14:30:00-04:00,45.189998626708984,45.22999954223633,45.16999816894531,45.189998626708984,39642,0.0,0.0
2024-08-19 15:30:00-04:00,45.20000076293945,45.209999084472656,45.1150016784668,45.150001525878906,149993,0.0,0.0
2024-08-20 09:30:00-04:00,45.13999938964844,45.18000030517578,45.02000045776367,45.084999084472656,38044,0.0,0.0
2024-08-20 10:30:00-04:00,45.08000183105469,45.09000015258789,45.029998779296875,45.04499816894531,30555,0.0,0.0
2024-08-20 11:30:00-04:00,45.04499816894531,45.06999969482422,44.810001373291016,44.84000015258789,29490,0.0,0.0
2024-08-20 12:30:00-04:00,44.84000015258789,44.875,44.814998626708984,44.834999084472656,25747,0.0,0.0
2024-08-20 13:30:00-04:00,44.834999084472656,44.88999938964844,44.83000183105469,44.875,25180,0.0,0.0
2024-08-20 14:30:00-04:00,44.875,44.875,44.810001373291016,44.84000015258789,20105,0.0,0.0
2024-08-20 15:30:00-04:00,44.834999084472656,44.91999816894531,44.83000183105469,44.86000061035156,48546,0.0,0.0
2024-08-21 09:30:00-04:00,44.79999923706055,44.95000076293945,44.79999923706055,44.8650016784668,39846,0.0,0.0
2024-08-21 10:30:00-04:00,44.8650016784668,44.8650016784668,44.70500183105469,44.7599983215332,51949,0.0,0.0
2024-08-21 11:30:00-04:00,44.7599983215332,44.7599983215332,44.595001220703125,44.650001525878906,34156,0.0,0.0
2024-08-21 12:30:00-04:00,44.650001525878906,44.69499969482422,44.61000061035156,44.68000030517578,39081,0.0,0.0
2024-08-21 13:30:00-04:00,44.68000030517578,44.72999954223633,44.66999816894531,44.70500183105469,41827,0.0,0.0
2024-08-21 14:30:00-04:00,44.7140998840332,44.82500076293945,44.70000076293945,44.82500076293945,41460,0.0,0.0
2024-08-21 15:30:00-04:00,44.81999969482422,44.85499954223633,44.79999923706055,44.810001373291016,52145,0.0,0.0
2024-08-22 09:30:00-04:00,44.5,44.88999938964844,44.5,44.85499954223633,129400,0.0,0.0
2024-08-22 10:30:00-04:00,44.849998474121094,44.85599899291992,44.72999954223633,44.76020050048828,71631,0.0,0.0
2024-08-22 11:30:00-04:00,44.76340103149414,44.82500076293945,44.73500061035156,44.79499816894531,100622,0.0,0.0
2024-08-22 12:30:00-04:00,44.79499816894531,44.81999969482422,44.77000045776367,44.814998626708984,43540,0.0,0.0
2024-08-22 13:30:00-04:00,44.810001373291016,44.81999969482422,44.79499816894531,44.81999969482422,60368,0.0,0.0
2024-08-22 14:30:00-04:00,44.82500076293945,44.85499954223633,44.81999969482422,44.82500076293945,57083,0.0,0.0
2024-08-22 15:30:00-04:00,44.82500076293945,44.83000183105469,44.79999923706055,44.83000183105469,127662,0.0,0.0
2024-08-23 09:30:00-04:00,44.650001525878906,44.939998626708984,44.650001525878906,44.93000030517578,83344,0.0,0.0
2024-08-23 10:30:00-04:00,44.939998626708984,44.97999954223633,44.90999984741211,44.970001220703125,44362,0.0,0.0
2024-08-23 11:30:00-04:00,44.96500015258789,44.970001220703125,44.88999938964844,44.900001525878906,27089,0.0,0.0
2024-08-23 12:30:00-04:00,44.900001525878906,44.95000076293945,44.869998931884766,44.94499969482422,34835,0.0,0.0
2024-08-23 13:30:00-04:00,44.94499969482422,44.959999084472656,44.8849983215332,44.90999984741211,41827,0.0,0.0
2024-08-23 14:30:00-04:00,44.900001525878906,45.0,44.88999938964844,44.9900016784668,166677,0.0,0.0
2024-08-23 15:30:00-04:00,44.97999954223633,45.04999923706055,44.970298767089844,45.0099983215332,284593,0.0,0.0
2024-08-26 09:30:00-04:00,44.91999816894531,45.13999938964844,44.91999816894531,45.04499816894531,71345,0.0,0.0
2024-08-26 10:30:00-04:00,45.04499816894531,45.09000015258789,45.025001525878906,45.029998779296875,36974,0.0,0.0
2024-08-26 11:30:00-04:00,45.025001525878906,45.064998626708984,45.0,45.04499816894531,43533,0.0,0.0
2024-08-26 12:30:00-04:00,45.040000915527344,45.084999084472656,45.040000915527344,45.04499816894531,23146,0.0,0.0
2024-08-26 13:30:00-04:00,45.04999923706055,45.064998626708984,45.040000915527344,45.060001373291016,25058,0.0,0.0
2024-08-26 14:30:00-04:00,45.06380081176758,45.06380081176758,45.03499984741211,45.040000915527344,80957,0.0,0.0
2024-08-26 15:30:00-04:00,45.04499816894531,45.07500076293945,45.040000915527344,45.04999923706055,133193,0.0,0.0
2024-08-27 09:30:00-04:00,44.900001525878906,45.08000183105469,44.900001525878906,45.060001373291016,40673,0.0,0.0
2024-08-27 10:30:00-04:00,45.064998626708984,45.066001892089844,45.0099983215332,45.0099983215332,42375,0.0,0.0
2024-08-27 11:30:00-04:00,45.005001068115234,45.02000045776367,45.0,45.005001068115234,36588,0.0,0.0
2024-08-27 12:30:00-04:00,45.0099983215332,45.040000915527344,45.0099983215332,45.03499984741211,20266,0.0,0.0
2024-08-27 13:30:00-04:00,45.040000915527344,45.040000915527344,45.025001525878906,45.025001525878906,22341,0.0,0.0
2024-08-27 14:30:00-04:00,45.029998779296875,45.040000915527344,45.025001525878906,45.03499984741211,17303,0.0,0.0
2024-08-27 15:30:00-04:00,45.040000915527344,45.060001373291016,44.9900016784668,45.040000915527344,62116,0.0,0.0
2024-08-28 09:30:00-04:00,45.0,45.224998474121094,45.0,45.209999084472656,66081,0.0,0.0
2024-08-28 10:30:00-04:00,45.209999084472656,45.25,45.20000076293945,45.21500015258789,33225,0.0,0.0
2024-08-28 11:30:00-04:00,45.214698791503906,45.236000061035156,45.18000030517578,45.220001220703125,38071,0.0,0.0
2024-08-28 12:30:00-04:00,45.220001220703125,45.25,45.220001220703125,45.220001220703125,26842,0.0,0.0
2024-08-28 13:30:00-04:00,45.224998474121094,45.22999954223633,45.20000076293945,45.22999954223633,58093,0.0,0.0
2024-08-28 14:30:00-04:00,45.229000091552734,45.290000915527344,45.220001220703125,45.23500061035156,27986,0.0,0.0
2024-08-28 15:30:00-04:00,45.22999954223633,45.25,45.209999084472656,45.209999084472656,71438,0.0,0.0
2024-08-29 09:30:00-04:00,45.25,45.34000015258789,45.220001220703125,45.290000915527344,48642,0.0,0.0
2024-08-29 10:30:00-04:00,45.310001373291016,45.34000015258789,45.25,45.34000015258789,25056,0.0,0.0
2024-08-29 11:30:00-04:00,45.345001220703125,45.349998474121094,45.28499984741211,45.29999923706055,32283,0.0,0.0
2024-08-29 12:30:00-04:00,45.310001373291016,45.310001373291016,45.23500061035156,45.275001525878906,36161,0.0,0.0
2024-08-29 13:30:00-04:00,45.27000045776367,45.29999923706055,45.25,45.27000045776367,61010,0.0,0.0
2024-08-29 14:30:00-04:00,45.27000045776367,45.30500030517578,45.2400016784668,45.29999923706055,76819,0.0,0.0
2024-08-29 15:30:00-04:00,45.29999923706055,45.349998474121094,45.290000915527344,45.34000015258789,156697,0.0,0.0
2024-08-30 09:30:00-04:00,45.279998779296875,45.380001068115234,45.09000015258789,45.31999969482422,82705,0.0,0.0
2024-08-30 10:30:00-04:00,45.34000015258789,45.380001068115234,45.244998931884766,45.36000061035156,38032,0.0,0.0
2024-08-30 11:30:00-04:00,45.36000061035156,45.400001525878906,45.2599983215332,45.369998931884766,28476,0.0,0.0
2024-08-30 12:30:00-04:00,45.369998931884766,45.369998931884766,45.28499984741211,45.33000183105469,49202,0.0,0.0
2024-08-30 13:30:00-04:00,45.31999969482422,45.415000915527344,45.314998626708984,45.415000915527344,33939,0.0,0.0
2024-08-30 14:30:00-04:00,45.415000915527344,45.5,45.345001220703125,45.41170120239258,67995,0.0,0.0
2024-08-30 15:30:00-04:00,45.42499923706055,45.5,45.36000061035156,45.459999084472656,113362,0.0,0.0
2024-09-03 09:30:00-04:00,45.130001068115234,45.33000183105469,45.130001068115234,45.27000045776367,119069,0.0,0.0
2024-09-03 10:30:00-04:00,45.27000045776367,45.290000915527344,45.185001373291016,45.22999954223633,55496,0.0,0.0
2024-09-03 11:30:00-04:00,45.2400016784668,45.279998779296875,45.22999954223633,45.279998779296875,35807,0.0,0.0
2024-09-03 12:30:00-04:00,45.275001525878906,45.310001373291016,45.2400016784668,45.29499816894531,29600,0.0,0.0
2024-09-03 13:30:00-04:00,45.29499816894531,45.349998474121094,45.290000915527344,45.33000183105469,29549,0.0,0.0
2024-09-03 14:30:00-04:00,45.33000183105469,45.40999984741211,45.33000183105469,45.380001068115234,58169,0.0,0.0
2024-09-03 15:30:00-04:00,45.380001068115234,45.439998626708984,45.310001373291016,45.38999938964844,86653,0.0,0.0
2024-09-04 09:30:00-04:00,45.2599983215332,45.31999969482422,45.220001220703125,45.290000915527344,100887,0.0,0.0
2024-09-04 10:30:00-04:00,45.310001373291016,45.310001373291016,45.2400016784668,45.2599983215332,47506,0.0,0.0
2024-09-04 11:30:00-04:00,45.26499938964844,45.279998779296875,45.220001220703125,45.244998931884766,25298,0.0,0.0
2024-09-04 12:30:00-04:00,45.2400016784668,45.279998779296875,45.220001220703125,45.23500061035156,47484,0.0,0.0
2024-09-04 13:30:00-04:00,45.22999954223633,45.2400016784668,45.22999954223633,45.22999954223633,20656,0.0,0.0
2024-09-04 14:30:00-04:00,45.22999954223633,45.2599983215332,45.209999084472656,45.255001068115234,51550,0.0,0.0
2024-09-04 15:30:00-04:00,45.255001068115234,45.27000045776367,45.22999954223633,45.2599983215332,71705,0.0,0.0
2024-09-05 09:30:00-04:00,45.189998626708984,45.2400016784668,45.09000015258789,45.1349983215332,72351,0.0,0.0
2024-09-05 10:30:00-04:00,45.13999938964844,45.15999984741211,45.02000045776367,45.154998779296875,64593,0.0,0.0
2024-09-05 11:30:00-04:00,45.1349983215332,45.209999084472656,45.130001068115234,45.189998626708984,45548,0.0,0.0
2024-09-05 12:30:00-04:00,45.189998626708984,45.209999084472656,45.165000915527344,45.189998626708984,23249,0.0,0.0
2024-09-05 13:30:00-04:00,45.185001373291016,45.2400016784668,45.185001373291016,45.220001220703125,32161,0.0,0.0
2024-09-05 14:30:00-04:00,45.224998474121094,45.22999954223633,45.18000030517578,45.19499969482422,33369,0.0,0.0
2024-09-05 15:30:00-04:00,45.20000076293945,45.224998474121094,45.165000915527344,45.18000030517578,51794,0.0,0.0
2024-09-06 09:30:00-04:00,45.20000076293945,45.290000915527344,45.18000030517578,45.244998931884766,67368,0.0,0.0
2024-09-06 10:30:00-04:00,45.244998931884766,45.290000915527344,45.150001525878906,45.255001068115234,57741,0.0,0.0
2024-09-06 11:30:00-04:00,45.255001068115234,45.30500030517578,45.25,45.275001525878906,107355,0.0,0.0
2024-09-06 12:30:00-04:00,45.275001525878906,45.314998626708984,45.224998474121094,45.310001373291016,107712,0.0,0.0
2024-09-06 13:30:00-04:00,45.29999923706055,45.525001525878906,45.29999923706055,45.474998474121094,125661,0.0,0.0
2024-09-06 14:30:00-04:00,45.474998474121094,45.5,45.400001525878906,45.404998779296875,202223,0.0,0.0
2024-09-06 15:30:00-04:00,45.400001525878906,45.40999984741211,45.29499816894531,45.29999923706055,172690,0.0,0.0
