Datetime,Open,High,Low,Close,Volume,Dividends,Stock Splits
2022-09-08 09:30:00-04:00,7.639999866485596,7.639999866485596,7.639999866485596,7.639999866485596,0,0.0,0.0
2022-09-08 10:30:00-04:00,7.755000114440918,7.755000114440918,7.755000114440918,7.755000114440918,112,0.0,0.0
2022-09-08 11:30:00-04:00,7.75,7.75,7.75,7.75,1749,0.0,0.0
2022-09-08 15:30:00-04:00,7.769999980926514,7.769999980926514,7.769999980926514,7.769999980926514,161,0.0,0.0
2022-09-09 11:30:00-04:00,7.909999847412109,7.909999847412109,7.889999866485596,7.900000095367432,631,0.0,0.0
2022-09-09 12:30:00-04:00,7.900000095367432,7.909999847412109,7.900000095367432,7.909999847412109,1245,0.0,0.0
2022-09-09 13:30:00-04:00,7.78000020980835,7.78000020980835,7.78000020980835,7.78000020980835,133,0.0,0.0
2022-09-12 09:30:00-04:00,7.96999979019165,8.0,7.710000038146973,8.0,0,0.0,0.0
2022-09-12 14:30:00-04:00,7.929999828338623,8.239999771118164,7.920000076293945,8.170000076293945,6649,0.0,0.0
2022-09-12 15:30:00-04:00,7.980000019073486,7.980000019073486,7.96999979019165,7.96999979019165,488,0.0,0.0
2022-09-13 09:30:00-04:00,8.010000228881836,8.010000228881836,8.010000228881836,8.010000228881836,0,0.0,0.0
2022-09-13 10:30:00-04:00,8.029000282287598,8.180000305175781,8.029000282287598,8.180000305175781,1617,0.0,0.0
2022-09-13 11:30:00-04:00,8.030099868774414,8.030099868774414,7.989999771118164,7.989999771118164,1934,0.0,0.0
2022-09-13 12:30:00-04:00,8.010000228881836,8.010000228881836,8.0,8.010000228881836,2327,0.0,0.0
2022-09-13 15:30:00-04:00,8.050000190734863,8.050000190734863,8.050000190734863,8.050000190734863,274,0.0,0.0
2022-09-14 09:30:00-04:00,8.180000305175781,8.180000305175781,8.100000381469727,8.100000381469727,0,0.0,0.0
2022-09-14 10:30:00-04:00,7.989999771118164,7.989999771118164,7.989999771118164,7.989999771118164,377,0.0,0.0
2022-09-14 11:30:00-04:00,8.020000457763672,8.020000457763672,8.020000457763672,8.020000457763672,821,0.0,0.0
2022-09-14 14:30:00-04:00,7.974999904632568,8.023799896240234,7.974999904632568,8.023799896240234,799,0.0,0.0
2022-09-14 15:30:00-04:00,7.909999847412109,8.015000343322754,7.909999847412109,7.989999771118164,629,0.0,0.0
2022-09-15 09:30:00-04:00,7.909999847412109,7.909999847412109,7.900000095367432,7.900000095367432,0,0.0,0.0
2022-09-19 09:30:00-04:00,7.25,7.25,7.199999809265137,7.199999809265137,609,0.0,0.0
2022-09-19 10:30:00-04:00,7.275000095367432,7.389999866485596,7.275000095367432,7.349999904632568,6276,0.0,0.0
2022-09-19 13:30:00-04:00,7.349999904632568,7.349999904632568,7.349999904632568,7.349999904632568,111,0.0,0.0
2022-09-19 14:30:00-04:00,7.420000076293945,7.420000076293945,7.420000076293945,7.420000076293945,144,0.0,0.0
2022-09-19 15:30:00-04:00,7.619999885559082,7.619999885559082,7.619999885559082,7.619999885559082,784,0.0,0.0
2022-09-20 09:30:00-04:00,7.5,7.574999809265137,7.449999809265137,7.449999809265137,0,0.0,0.0
2022-09-20 13:30:00-04:00,7.360000133514404,7.360000133514404,7.360000133514404,7.360000133514404,632,0.0,0.0
2022-09-20 14:30:00-04:00,7.360000133514404,7.380000114440918,7.360000133514404,7.380000114440918,1185,0.0,0.0
2022-09-20 15:30:00-04:00,7.309999942779541,7.309999942779541,7.309999942779541,7.309999942779541,357,0.0,0.0
2022-09-21 09:30:00-04:00,7.320000171661377,7.340000152587891,7.320000171661377,7.340000152587891,0,0.0,0.0
2022-09-21 13:30:00-04:00,7.449999809265137,7.449999809265137,7.449999809265137,7.449999809265137,586,0.0,0.0
2022-09-21 14:30:00-04:00,7.329999923706055,7.329999923706055,7.309999942779541,7.320000171661377,1927,0.0,0.0
2022-09-21 15:30:00-04:00,7.329999923706055,7.329999923706055,7.320000171661377,7.320000171661377,1399,0.0,0.0
2022-09-22 09:30:00-04:00,7.400000095367432,7.449999809265137,7.320000171661377,7.320000171661377,666,0.0,0.0
2022-09-22 11:30:00-04:00,7.33650016784668,7.390699863433838,7.33650016784668,7.390699863433838,908,0.0,0.0
2022-09-22 12:30:00-04:00,7.340000152587891,7.340000152587891,7.340000152587891,7.340000152587891,235,0.0,0.0
2022-09-22 13:30:00-04:00,7.340000152587891,7.360000133514404,7.320000171661377,7.360000133514404,4799,0.0,0.0
2022-09-22 14:30:00-04:00,7.389999866485596,7.389999866485596,7.349999904632568,7.349999904632568,1617,0.0,0.0
2022-09-22 15:30:00-04:00,7.360000133514404,7.360000133514404,7.360000133514404,7.360000133514404,100,0.0,0.0
2022-09-23 09:30:00-04:00,7.28000020980835,7.289999961853027,6.949999809265137,7.0,11160,0.0,0.0
2022-09-23 10:30:00-04:00,7.077199935913086,7.077199935913086,7.077199935913086,7.077199935913086,449,0.0,0.0
2022-09-23 15:30:00-04:00,7.019999980926514,7.019999980926514,7.019999980926514,7.019999980926514,1847,0.0,0.0
2022-09-26 09:30:00-04:00,7.000100135803223,7.050000190734863,7.000100135803223,7.050000190734863,0,0.0,0.0
2022-09-26 10:30:00-04:00,7.050000190734863,7.050000190734863,7.050000190734863,7.050000190734863,170,0.0,0.0
2022-09-26 12:30:00-04:00,7.039000034332275,7.059999942779541,7.014200210571289,7.014200210571289,1946,0.0,0.0
2022-09-26 13:30:00-04:00,7.050000190734863,7.059999942779541,7.0,7.0,4614,0.0,0.0
2022-09-27 09:30:00-04:00,6.989999771118164,6.989999771118164,6.989999771118164,6.989999771118164,0,0.0,0.0
2022-09-27 10:30:00-04:00,7.130199909210205,7.190000057220459,7.09499979019165,7.190000057220459,2274,0.0,0.0
2022-09-27 11:30:00-04:00,7.059999942779541,7.059999942779541,7.059999942779541,7.059999942779541,670,0.0,0.0
2022-09-27 12:30:00-04:00,7.005000114440918,7.005000114440918,6.949999809265137,6.949999809265137,2712,0.0,0.0
2022-09-27 14:30:00-04:00,6.909999847412109,6.909999847412109,6.909999847412109,6.909999847412109,168,0.0,0.0
2022-09-27 15:30:00-04:00,7.110000133514404,7.110000133514404,6.860000133514404,6.860000133514404,482,0.0,0.0
2022-09-28 09:30:00-04:00,6.820000171661377,6.889999866485596,6.519999980926514,6.739999771118164,0,0.0,0.0
2022-09-28 11:30:00-04:00,6.96999979019165,6.96999979019165,6.96999979019165,6.96999979019165,517,0.0,0.0
2022-09-28 12:30:00-04:00,6.909999847412109,7.119999885559082,6.909999847412109,7.099999904632568,2158,0.0,0.0
2022-09-28 13:30:00-04:00,7.0,7.0,7.0,7.0,195,0.0,0.0
2022-09-28 14:30:00-04:00,7.119999885559082,7.119999885559082,7.010000228881836,7.010000228881836,656,0.0,0.0
2022-09-28 15:30:00-04:00,7.010000228881836,7.119999885559082,7.010000228881836,7.119999885559082,655,0.0,0.0
2022-09-29 09:30:00-04:00,7.019999980926514,7.065000057220459,6.550000190734863,6.900000095367432,0,0.0,0.0
2022-09-29 10:30:00-04:00,6.829999923706055,6.900000095367432,6.655300140380859,6.655300140380859,3412,0.0,0.0
2022-09-29 11:30:00-04:00,7.119999885559082,7.119999885559082,7.119999885559082,7.119999885559082,259,0.0,0.0
2022-09-29 12:30:00-04:00,6.940000057220459,7.070000171661377,6.940000057220459,6.989999771118164,2716,0.0,0.0
2022-09-29 13:30:00-04:00,7.005000114440918,7.090000152587891,6.890100002288818,7.019999980926514,2928,0.0,0.0
2022-09-29 14:30:00-04:00,7.070000171661377,7.119999885559082,7.070000171661377,7.070000171661377,3359,0.0,0.0
2022-09-30 09:30:00-04:00,7.019999980926514,7.019999980926514,6.949999809265137,7.0,0,0.0,0.0
2022-09-30 12:30:00-04:00,7.03000020980835,7.03000020980835,7.03000020980835,7.03000020980835,655,0.0,0.0
2022-09-30 13:30:00-04:00,7.019999980926514,7.019999980926514,6.960000038146973,6.960000038146973,1069,0.0,0.0
2022-09-30 14:30:00-04:00,7.09499979019165,7.239999771118164,7.09499979019165,7.239999771118164,2497,0.0,0.0
2022-10-03 09:30:00-04:00,7.0,7.130000114440918,7.0,7.130000114440918,4479,0.0,0.0
2022-10-03 10:30:00-04:00,7.039999961853027,7.039999961853027,6.946199893951416,7.0,6759,0.0,0.0
2022-10-03 11:30:00-04:00,6.980000019073486,7.010000228881836,6.980000019073486,7.010000228881836,2197,0.0,0.0
2022-10-03 12:30:00-04:00,7.090000152587891,7.230999946594238,7.090000152587891,7.150000095367432,1884,0.0,0.0
2022-10-03 15:30:00-04:00,7.190000057220459,7.239999771118164,7.150000095367432,7.210100173950195,2859,0.0,0.0
2022-10-04 09:30:00-04:00,7.25,7.53000020980835,7.224999904632568,7.510000228881836,0,0.0,0.0
2022-10-04 10:30:00-04:00,7.389999866485596,7.389999866485596,7.340000152587891,7.386300086975098,2291,0.0,0.0
2022-10-04 11:30:00-04:00,7.320000171661377,7.320000171661377,7.320000171661377,7.320000171661377,399,0.0,0.0
2022-10-04 13:30:00-04:00,7.40500020980835,7.40500020980835,7.40500020980835,7.40500020980835,749,0.0,0.0
2022-10-05 09:30:00-04:00,7.170000076293945,7.579999923706055,7.170000076293945,7.289999961853027,0,0.0,0.0
2022-10-05 12:30:00-04:00,7.184999942779541,7.184999942779541,7.184999942779541,7.184999942779541,134,0.0,0.0
2022-10-05 14:30:00-04:00,7.130000114440918,7.130000114440918,7.130000114440918,7.130000114440918,417,0.0,0.0
2022-10-06 09:30:00-04:00,7.289999961853027,7.289999961853027,7.289999961853027,7.289999961853027,0,0.0,0.0
2022-10-06 13:30:00-04:00,7.079999923706055,7.079999923706055,7.079999923706055,7.079999923706055,128,0.0,0.0
2022-10-07 09:30:00-04:00,7.199999809265137,7.199999809265137,7.199999809265137,7.199999809265137,190,0.0,0.0
2022-10-07 10:30:00-04:00,7.099999904632568,7.099999904632568,7.099999904632568,7.099999904632568,281,0.0,0.0
2022-10-07 11:30:00-04:00,7.099999904632568,7.099999904632568,7.099999904632568,7.099999904632568,908,0.0,0.0
2022-10-07 12:30:00-04:00,7.107500076293945,7.107500076293945,7.107500076293945,7.107500076293945,100,0.0,0.0
2022-10-07 14:30:00-04:00,7.050000190734863,7.119999885559082,7.03000020980835,7.03000020980835,3201,0.0,0.0
2022-10-07 15:30:00-04:00,7.090000152587891,7.090000152587891,7.090000152587891,7.090000152587891,486,0.0,0.0
2022-10-10 12:30:00-04:00,7.079999923706055,7.079999923706055,7.079999923706055,7.079999923706055,0,0.0,0.0
2022-10-10 14:30:00-04:00,7.059999942779541,7.059999942779541,7.059999942779541,7.059999942779541,369,0.0,0.0
2022-10-10 15:30:00-04:00,7.033999919891357,7.033999919891357,7.033999919891357,7.033999919891357,195,0.0,0.0
2022-10-11 09:30:00-04:00,7.0,7.28000020980835,7.0,7.28000020980835,0,0.0,0.0
2022-10-11 10:30:00-04:00,7.00570011138916,7.03000020980835,6.940000057220459,7.03000020980835,1198,0.0,0.0
2022-10-11 11:30:00-04:00,7.150000095367432,7.150000095367432,7.150000095367432,7.150000095367432,124,0.0,0.0
2022-10-11 12:30:00-04:00,7.150000095367432,7.190000057220459,7.150000095367432,7.190000057220459,877,0.0,0.0
2022-10-11 13:30:00-04:00,7.150000095367432,7.199999809265137,7.150000095367432,7.190000057220459,3848,0.0,0.0
2022-10-11 14:30:00-04:00,7.150000095367432,7.150000095367432,7.130000114440918,7.130000114440918,1407,0.0,0.0
2022-10-11 15:30:00-04:00,7.130000114440918,7.130000114440918,7.130000114440918,7.130000114440918,268,0.0,0.0
2022-10-12 09:30:00-04:00,7.0,7.150000095367432,6.889999866485596,6.889999866485596,0,0.0,0.0
2022-10-12 12:30:00-04:00,6.914999961853027,6.914999961853027,6.914999961853027,6.914999961853027,394,0.0,0.0
2022-10-12 13:30:00-04:00,6.800000190734863,6.800000190734863,6.710000038146973,6.800000190734863,1884,0.0,0.0
2022-10-12 14:30:00-04:00,6.8796000480651855,6.8796000480651855,6.800000190734863,6.8796000480651855,700,0.0,0.0
2022-10-12 15:30:00-04:00,6.800000190734863,6.900000095367432,6.800000190734863,6.900000095367432,0,0.0,0.0
2022-10-13 11:30:00-04:00,6.989999771118164,7.111700057983398,6.925000190734863,7.050000190734863,1764,0.0,0.0
2022-10-13 12:30:00-04:00,7.130000114440918,7.130000114440918,7.130000114440918,7.130000114440918,1401,0.0,0.0
2022-10-14 09:30:00-04:00,7.329999923706055,7.329999923706055,6.960000038146973,7.150000095367432,3687,0.0,0.0
2022-10-14 10:30:00-04:00,7.190000057220459,7.190000057220459,7.060100078582764,7.060100078582764,1100,0.0,0.0
2022-10-14 13:30:00-04:00,7.150000095367432,7.150000095367432,7.150000095367432,7.150000095367432,408,0.0,0.0
2022-10-14 15:30:00-04:00,7.210000038146973,7.210000038146973,7.210000038146973,7.210000038146973,145,0.0,0.0
2022-10-17 09:30:00-04:00,7.150000095367432,7.150000095367432,7.150000095367432,7.150000095367432,0,0.0,0.0
2022-10-17 10:30:00-04:00,7.2982001304626465,7.2982001304626465,7.059700012207031,7.059999942779541,7976,0.0,0.0
2022-10-17 11:30:00-04:00,7.119999885559082,7.184999942779541,7.070000171661377,7.1778998374938965,1977,0.0,0.0
2022-10-18 09:30:00-04:00,7.159999847412109,7.190000057220459,7.050000190734863,7.050000190734863,0,0.0,0.0
2022-10-18 11:30:00-04:00,7.2154998779296875,7.25,7.150000095367432,7.2322998046875,4070,0.0,0.0
2022-10-18 12:30:00-04:00,7.260000228881836,7.394999980926514,7.260000228881836,7.394999980926514,11172,0.0,0.0
2022-10-18 13:30:00-04:00,7.300000190734863,7.349999904632568,7.300000190734863,7.300000190734863,2009,0.0,0.0
2022-10-18 14:30:00-04:00,7.300000190734863,7.300000190734863,7.300000190734863,7.300000190734863,132,0.0,0.0
2022-10-18 15:30:00-04:00,7.300000190734863,7.440000057220459,7.300000190734863,7.440000057220459,290,0.0,0.0
2022-10-19 09:30:00-04:00,7.369999885559082,7.400000095367432,7.273600101470947,7.300000190734863,0,0.0,0.0
2022-10-19 11:30:00-04:00,7.385000228881836,7.385000228881836,7.385000228881836,7.385000228881836,377,0.0,0.0
2022-10-19 12:30:00-04:00,7.320000171661377,7.355000019073486,7.199999809265137,7.199999809265137,11209,0.0,0.0
2022-10-19 13:30:00-04:00,7.105000019073486,7.199999809265137,7.099999904632568,7.199999809265137,1439,0.0,0.0
2022-10-19 14:30:00-04:00,7.184999942779541,7.25,7.15500020980835,7.159999847412109,2004,0.0,0.0
2022-10-19 15:30:00-04:00,7.244999885559082,7.25,7.130000114440918,7.249899864196777,3467,0.0,0.0
2022-10-20 09:30:00-04:00,7.050000190734863,7.150000095367432,6.889999866485596,6.949999809265137,12125,0.0,0.0
2022-10-20 11:30:00-04:00,6.869999885559082,6.869999885559082,6.869999885559082,6.869999885559082,640,0.0,0.0
2022-10-20 12:30:00-04:00,6.869999885559082,6.869999885559082,6.800000190734863,6.800000190734863,3379,0.0,0.0
2022-10-20 13:30:00-04:00,6.824999809265137,6.824999809265137,6.809999942779541,6.809999942779541,1029,0.0,0.0
2022-10-20 14:30:00-04:00,6.860000133514404,6.860000133514404,6.849999904632568,6.860000133514404,6349,0.0,0.0
2022-10-20 15:30:00-04:00,6.860000133514404,6.860000133514404,6.809999942779541,6.849999904632568,892,0.0,0.0
2022-10-21 09:30:00-04:00,6.849999904632568,6.849999904632568,6.849999904632568,6.849999904632568,0,0.0,0.0
2022-10-21 12:30:00-04:00,6.760000228881836,6.849999904632568,6.760000228881836,6.849999904632568,10952,0.0,0.0
2022-10-24 09:30:00-04:00,6.815000057220459,6.820000171661377,6.769999980926514,6.815899848937988,0,0.0,0.0
2022-10-24 10:30:00-04:00,6.809999942779541,6.809999942779541,6.800000190734863,6.800000190734863,1725,0.0,0.0
2022-10-24 13:30:00-04:00,6.764999866485596,6.764999866485596,6.699999809265137,6.699999809265137,1092,0.0,0.0
2022-10-24 14:30:00-04:00,6.75,6.75,6.75,6.75,1295,0.0,0.0
2022-10-24 15:30:00-04:00,6.800000190734863,6.800000190734863,6.75,6.75,836,0.0,0.0
2022-10-25 09:30:00-04:00,6.610000133514404,6.900000095367432,6.610000133514404,6.889999866485596,0,0.0,0.0
2022-10-25 10:30:00-04:00,6.8105998039245605,6.900000095367432,6.8105998039245605,6.875,9269,0.0,0.0
2022-10-25 11:30:00-04:00,6.875,6.875,6.820000171661377,6.820000171661377,20535,0.0,0.0
2022-10-25 13:30:00-04:00,6.760000228881836,6.804999828338623,6.710000038146973,6.730000019073486,1197,0.0,0.0
2022-10-25 14:30:00-04:00,6.75,6.900000095367432,6.71999979019165,6.739999771118164,1154,0.0,0.0
2022-10-25 15:30:00-04:00,6.809999942779541,6.809999942779541,6.599999904632568,6.599999904632568,0,0.0,0.0
2022-10-26 09:30:00-04:00,6.559999942779541,6.670000076293945,6.550000190734863,6.570000171661377,2346,0.0,0.0
2022-10-26 10:30:00-04:00,6.559999942779541,6.570000171661377,6.550000190734863,6.570000171661377,1567,0.0,0.0
2022-10-26 11:30:00-04:00,6.667099952697754,6.809999942779541,6.667099952697754,6.800000190734863,7085,0.0,0.0
2022-10-26 12:30:00-04:00,6.832900047302246,6.832900047302246,6.710000038146973,6.710000038146973,9408,0.0,0.0
2022-10-26 13:30:00-04:00,6.735000133514404,6.735000133514404,6.735000133514404,6.735000133514404,240,0.0,0.0
2022-10-26 14:30:00-04:00,6.75,6.800000190734863,6.75,6.75,8335,0.0,0.0
2022-10-26 15:30:00-04:00,6.800000190734863,6.965000152587891,6.800000190734863,6.940000057220459,5763,0.0,0.0
2022-10-27 12:30:00-04:00,6.869999885559082,6.949999809265137,6.869999885559082,6.949999809265137,414,0.0,0.0
2022-10-27 13:30:00-04:00,6.989999771118164,7.210000038146973,6.989999771118164,7.184999942779541,4747,0.0,0.0
2022-10-27 14:30:00-04:00,7.114999771118164,7.114999771118164,7.090000152587891,7.090000152587891,798,0.0,0.0
2022-10-27 15:30:00-04:00,7.019999980926514,7.032800197601318,6.909999847412109,7.010000228881836,11034,0.0,0.0
2022-10-28 09:30:00-04:00,6.940000057220459,7.0395002365112305,6.940000057220459,7.0395002365112305,0,0.0,0.0
2022-10-28 11:30:00-04:00,7.099999904632568,7.099999904632568,7.099999904632568,7.099999904632568,103,0.0,0.0
2022-10-28 12:30:00-04:00,7.195000171661377,7.195000171661377,7.110000133514404,7.110000133514404,41662,0.0,0.0
2022-10-28 13:30:00-04:00,7.190000057220459,7.349999904632568,7.190000057220459,7.34499979019165,3121,0.0,0.0
2022-10-28 14:30:00-04:00,7.40500020980835,7.449999809265137,7.380000114440918,7.449999809265137,9715,0.0,0.0
2022-10-28 15:30:00-04:00,7.480000019073486,7.489999771118164,7.400000095367432,7.400000095367432,4613,0.0,0.0
2022-10-31 09:30:00-04:00,7.329999923706055,7.333399772644043,7.329999923706055,7.333399772644043,0,0.0,0.0
2022-10-31 10:30:00-04:00,7.349999904632568,7.389999866485596,7.349999904632568,7.360899925231934,1749,0.0,0.0
2022-10-31 11:30:00-04:00,7.2967000007629395,7.400000095367432,7.019999980926514,7.300000190734863,13826,0.0,0.0
2022-10-31 14:30:00-04:00,7.269999980926514,7.349999904632568,7.269999980926514,7.349999904632568,2505,0.0,0.0
2022-10-31 15:30:00-04:00,7.400000095367432,7.400000095367432,7.320000171661377,7.400000095367432,3438,0.0,0.0
2022-11-01 09:30:00-04:00,7.349999904632568,7.349999904632568,7.120100021362305,7.207099914550781,0,0.0,0.0
2022-11-01 10:30:00-04:00,7.160099983215332,7.160099983215332,7.160099983215332,7.160099983215332,1000,0.0,0.0
2022-11-01 11:30:00-04:00,7.28000020980835,7.29010009765625,7.28000020980835,7.29010009765625,1436,0.0,0.0
2022-11-01 12:30:00-04:00,7.349999904632568,7.349999904632568,7.300000190734863,7.300000190734863,932,0.0,0.0
2022-11-01 13:30:00-04:00,7.300000190734863,7.361000061035156,7.300000190734863,7.340000152587891,900,0.0,0.0
2022-11-01 14:30:00-04:00,7.449999809265137,7.449999809265137,7.309999942779541,7.340099811553955,1501,0.0,0.0
2022-11-01 15:30:00-04:00,7.349800109863281,7.372499942779541,7.320000171661377,7.320000171661377,5100,0.0,0.0
2022-11-02 09:30:00-04:00,7.408999919891357,7.408999919891357,7.309999942779541,7.309999942779541,0,0.0,0.0
2022-11-02 10:30:00-04:00,7.269999980926514,7.289999961853027,7.199999809265137,7.199999809265137,1187,0.0,0.0
2022-11-02 12:30:00-04:00,7.210000038146973,7.210000038146973,7.210000038146973,7.210000038146973,422,0.0,0.0
2022-11-02 13:30:00-04:00,7.130000114440918,7.130000114440918,7.070000171661377,7.070000171661377,1083,0.0,0.0
2022-11-02 14:30:00-04:00,7.2204999923706055,7.2316999435424805,7.150000095367432,7.150000095367432,3736,0.0,0.0
2022-11-02 15:30:00-04:00,7.03000020980835,7.03000020980835,7.03000020980835,7.03000020980835,708,0.0,0.0
2022-11-03 09:30:00-04:00,6.96999979019165,7.083199977874756,6.96999979019165,7.083199977874756,0,0.0,0.0
2022-11-03 10:30:00-04:00,7.059999942779541,7.059999942779541,7.03000020980835,7.03000020980835,331,0.0,0.0
2022-11-03 11:30:00-04:00,7.070000171661377,7.070000171661377,7.03000020980835,7.03000020980835,1132,0.0,0.0
2022-11-03 12:30:00-04:00,7.059999942779541,7.079999923706055,7.045000076293945,7.079999923706055,3061,0.0,0.0
2022-11-03 13:30:00-04:00,7.070000171661377,7.079999923706055,7.070000171661377,7.079999923706055,515,0.0,0.0
2022-11-03 14:30:00-04:00,7.067200183868408,7.079999923706055,7.067200183868408,7.079999923706055,3061,0.0,0.0
2022-11-03 15:30:00-04:00,7.079999923706055,7.079999923706055,7.079999923706055,7.079999923706055,311,0.0,0.0
2022-11-04 09:30:00-04:00,7.130000114440918,7.21999979019165,7.130000114440918,7.21999979019165,0,0.0,0.0
2022-11-04 10:30:00-04:00,7.230000019073486,7.300000190734863,7.21999979019165,7.300000190734863,4181,0.0,0.0
2022-11-04 11:30:00-04:00,7.244999885559082,7.244999885559082,7.244999885559082,7.244999885559082,1190,0.0,0.0
2022-11-07 09:30:00-05:00,7.440000057220459,7.489999771118164,7.440000057220459,7.46999979019165,865,0.0,0.0
2022-11-07 10:30:00-05:00,7.473100185394287,7.5,7.454999923706055,7.499899864196777,7748,0.0,0.0
2022-11-07 11:30:00-05:00,7.474999904632568,7.78000020980835,7.474999904632568,7.78000020980835,6821,0.0,0.0
2022-11-07 12:30:00-05:00,7.7307000160217285,7.800000190734863,7.539999961853027,7.539999961853027,8418,0.0,0.0
2022-11-07 13:30:00-05:00,7.545000076293945,7.545000076293945,7.5,7.5,306,0.0,0.0
2022-11-07 14:30:00-05:00,7.574999809265137,7.619999885559082,7.574999809265137,7.619999885559082,1360,0.0,0.0
2022-11-07 15:30:00-05:00,7.590000152587891,7.590000152587891,7.590000152587891,7.590000152587891,252,0.0,0.0
2022-11-08 09:30:00-05:00,7.589399814605713,7.5954999923706055,7.559999942779541,7.559999942779541,0,0.0,0.0
2022-11-08 10:30:00-05:00,7.570000171661377,7.836999893188477,7.570000171661377,7.820000171661377,1186,0.0,0.0
2022-11-08 11:30:00-05:00,7.650000095367432,7.730000019073486,7.650000095367432,7.730000019073486,3108,0.0,0.0
2022-11-09 09:30:00-05:00,8.010000228881836,8.010000228881836,8.010000228881836,8.010000228881836,0,0.0,0.0
2022-11-09 10:30:00-05:00,7.71999979019165,7.71999979019165,7.570000171661377,7.599999904632568,0,0.0,0.0
2022-11-09 11:30:00-05:00,7.610000133514404,7.610000133514404,7.599999904632568,7.599999904632568,6849,0.0,0.0
2022-11-09 12:30:00-05:00,7.406799793243408,7.480000019073486,7.406799793243408,7.429999828338623,728,0.0,0.0
2022-11-09 13:30:00-05:00,7.449999809265137,7.5,7.449999809265137,7.489999771118164,1035,0.0,0.0
2022-11-09 14:30:00-05:00,7.370100021362305,7.570000171661377,7.370100021362305,7.54449987411499,1697,0.0,0.0
2022-11-09 15:30:00-05:00,7.510000228881836,7.589900016784668,7.480000019073486,7.519999980926514,1819,0.0,0.0
2022-11-10 09:30:00-05:00,8.010000228881836,8.010000228881836,7.75,7.96999979019165,0,0.0,0.0
2022-11-10 10:30:00-05:00,7.760000228881836,7.769999980926514,7.75,7.75,4133,0.0,0.0
2022-11-10 11:30:00-05:00,7.699999809265137,7.739999771118164,7.619999885559082,7.739999771118164,1541,0.0,0.0
2022-11-10 12:30:00-05:00,7.670000076293945,7.7866997718811035,7.630000114440918,7.679999828338623,4981,0.0,0.0
2022-11-10 14:30:00-05:00,7.859899997711182,7.859899997711182,7.796999931335449,7.796999931335449,250,0.0,0.0
2022-11-10 15:30:00-05:00,7.888999938964844,7.888999938964844,7.888999938964844,7.888999938964844,275,0.0,0.0
2022-11-11 09:30:00-05:00,7.706900119781494,7.75,7.706900119781494,7.75,0,0.0,0.0
2022-11-11 10:30:00-05:00,7.75,7.75,7.75,7.75,110,0.0,0.0
2022-11-11 13:30:00-05:00,7.678699970245361,7.678699970245361,7.678699970245361,7.678699970245361,3397,0.0,0.0
2022-11-11 14:30:00-05:00,7.670000076293945,7.679999828338623,7.659999847412109,7.659999847412109,1631,0.0,0.0
2022-11-11 15:30:00-05:00,7.75,7.75,7.75,7.75,550,0.0,0.0
2022-11-14 09:30:00-05:00,7.679999828338623,7.679999828338623,7.679999828338623,7.679999828338623,0,0.0,0.0
2022-11-14 12:30:00-05:00,7.745200157165527,7.745200157165527,7.650000095367432,7.650000095367432,912,0.0,0.0
2022-11-14 15:30:00-05:00,7.739999771118164,7.75,7.739999771118164,7.75,906,0.0,0.0
2022-11-15 09:30:00-05:00,7.8592000007629395,7.8592000007629395,7.849999904632568,7.849999904632568,0,0.0,0.0
2022-11-15 10:30:00-05:00,7.946199893951416,7.946199893951416,7.75,7.760000228881836,4345,0.0,0.0
2022-11-15 11:30:00-05:00,7.769999980926514,7.769999980926514,7.704999923706055,7.704999923706055,455,0.0,0.0
2022-11-15 12:30:00-05:00,7.739999771118164,7.739999771118164,7.730000019073486,7.730000019073486,764,0.0,0.0
2022-11-15 13:30:00-05:00,7.739999771118164,7.75,7.730000019073486,7.730000019073486,887,0.0,0.0
2022-11-15 14:30:00-05:00,7.739999771118164,7.739999771118164,7.739999771118164,7.739999771118164,200,0.0,0.0
2022-11-15 15:30:00-05:00,7.739999771118164,7.739999771118164,7.739999771118164,7.739999771118164,323,0.0,0.0
2022-11-16 09:30:00-05:00,7.670000076293945,7.670000076293945,7.670000076293945,7.670000076293945,0,0.0,0.0
2022-11-16 13:30:00-05:00,7.840000152587891,7.840000152587891,7.840000152587891,7.840000152587891,453,0.0,0.0
2022-11-17 13:30:00-05:00,7.420000076293945,7.454999923706055,7.349999904632568,7.349999904632568,10360,0.0,0.0
2022-11-17 14:30:00-05:00,7.400000095367432,7.550000190734863,7.400000095367432,7.465000152587891,8366,0.0,0.0
2022-11-17 15:30:00-05:00,7.550000190734863,7.599999904632568,7.549900054931641,7.599999904632568,1000,0.0,0.0
2022-11-18 09:30:00-05:00,7.524899959564209,7.544000148773193,7.524899959564209,7.544000148773193,837,0.0,0.0
2022-11-18 15:30:00-05:00,7.605000019073486,7.605000019073486,7.599999904632568,7.599999904632568,1823,0.0,0.0
2022-11-21 12:30:00-05:00,7.550000190734863,7.550000190734863,7.550000190734863,7.550000190734863,0,0.0,0.0
2022-11-22 13:30:00-05:00,7.679999828338623,7.690000057220459,7.679999828338623,7.690000057220459,525,0.0,0.0
2022-11-22 15:30:00-05:00,7.600100040435791,7.644999980926514,7.599999904632568,7.600100040435791,11141,0.0,0.0
2022-11-23 15:30:00-05:00,7.53000020980835,7.550000190734863,7.465000152587891,7.550000190734863,502,0.0,0.0
2022-11-25 10:30:00-05:00,7.539999961853027,7.539999961853027,7.539999961853027,7.539999961853027,2263,0.0,0.0
2022-11-25 11:30:00-05:00,7.502200126647949,7.519999980926514,7.5,7.500100135803223,14486,0.0,0.0
2022-11-28 09:30:00-05:00,7.25,7.331200122833252,7.25,7.300000190734863,0,0.0,0.0
2022-11-28 10:30:00-05:00,7.559899806976318,7.559899806976318,7.449999809265137,7.5,917,0.0,0.0
2022-11-28 11:30:00-05:00,7.489999771118164,7.489999771118164,7.46999979019165,7.480000019073486,800,0.0,0.0
2022-11-28 12:30:00-05:00,7.480000019073486,7.480000019073486,7.46999979019165,7.46999979019165,600,0.0,0.0
2022-11-28 13:30:00-05:00,7.480000019073486,7.480000019073486,7.480000019073486,7.480000019073486,395,0.0,0.0
2022-11-28 15:30:00-05:00,7.369999885559082,7.369999885559082,7.369999885559082,7.369999885559082,200,0.0,0.0
2022-11-29 09:30:00-05:00,7.324699878692627,7.324699878692627,7.324699878692627,7.324699878692627,0,0.0,0.0
2022-11-29 10:30:00-05:00,7.300000190734863,7.300000190734863,7.300000190734863,7.300000190734863,0,0.0,0.0
2022-11-29 11:30:00-05:00,7.320000171661377,7.320000171661377,7.320000171661377,7.320000171661377,665,0.0,0.0
2022-11-30 09:30:00-05:00,7.260000228881836,7.428400039672852,7.099999904632568,7.239999771118164,3880,0.0,0.0
2022-11-30 12:30:00-05:00,7.179999828338623,7.179999828338623,7.179999828338623,7.179999828338623,243,0.0,0.0
2022-11-30 13:30:00-05:00,7.199999809265137,7.443399906158447,7.179999828338623,7.400000095367432,4692,0.0,0.0
2022-11-30 14:30:00-05:00,7.255000114440918,7.349999904632568,7.059999942779541,7.296000003814697,10177,0.0,0.0
2022-11-30 15:30:00-05:00,7.329999923706055,7.5,7.179999828338623,7.179999828338623,2530,0.0,0.0
2022-12-01 09:30:00-05:00,7.289999961853027,7.369999885559082,7.289999961853027,7.340000152587891,1658,0.0,0.0
2022-12-01 13:30:00-05:00,7.210000038146973,7.269999980926514,7.210000038146973,7.269999980926514,2559,0.0,0.0
2022-12-01 14:30:00-05:00,7.210000038146973,7.284999847412109,7.210000038146973,7.284999847412109,1809,0.0,0.0
2022-12-05 09:30:00-05:00,7.28000020980835,7.28000020980835,7.03000020980835,7.10290002822876,5944,0.0,0.0
2022-12-05 10:30:00-05:00,7.099999904632568,7.099999904632568,7.099999904632568,7.099999904632568,33039,0.0,0.0
2022-12-05 11:30:00-05:00,7.110000133514404,7.150000095367432,7.110000133514404,7.150000095367432,4375,0.0,0.0
2022-12-05 12:30:00-05:00,7.211599826812744,7.25,7.211599826812744,7.239999771118164,1780,0.0,0.0
2022-12-05 13:30:00-05:00,7.150000095367432,7.150100231170654,7.150000095367432,7.150100231170654,240,0.0,0.0
2022-12-05 14:30:00-05:00,7.150000095367432,7.199999809265137,7.050000190734863,7.199999809265137,1260,0.0,0.0
2022-12-05 15:30:00-05:00,7.218100070953369,7.218100070953369,7.199999809265137,7.199999809265137,451,0.0,0.0
2022-12-06 10:30:00-05:00,7.190000057220459,7.190000057220459,7.190000057220459,7.190000057220459,0,0.0,0.0
2022-12-06 11:30:00-05:00,7.150000095367432,7.150000095367432,7.150000095367432,7.150000095367432,251,0.0,0.0
2022-12-06 14:30:00-05:00,7.130000114440918,7.130000114440918,7.110000133514404,7.110000133514404,250,0.0,0.0
2022-12-06 15:30:00-05:00,7.110000133514404,7.110000133514404,7.059999942779541,7.059999942779541,4606,0.0,0.0
2022-12-07 09:30:00-05:00,7.139999866485596,7.139999866485596,7.139999866485596,7.139999866485596,100,0.0,0.0
2022-12-07 10:30:00-05:00,7.2399001121521,7.2399001121521,7.150000095367432,7.150000095367432,220,0.0,0.0
2022-12-07 12:30:00-05:00,7.150000095367432,7.150000095367432,7.150000095367432,7.150000095367432,206,0.0,0.0
2022-12-07 14:30:00-05:00,7.150100231170654,7.150100231170654,7.150000095367432,7.150000095367432,1400,0.0,0.0
2022-12-07 15:30:00-05:00,7.150000095367432,7.150000095367432,7.150000095367432,7.150000095367432,120,0.0,0.0
2022-12-08 09:30:00-05:00,7.210000038146973,7.210000038146973,7.210000038146973,7.210000038146973,0,0.0,0.0
2022-12-08 12:30:00-05:00,7.16379976272583,7.16379976272583,7.16379976272583,7.16379976272583,351,0.0,0.0
2022-12-08 13:30:00-05:00,7.159999847412109,7.159999847412109,7.159999847412109,7.159999847412109,200,0.0,0.0
2022-12-08 14:30:00-05:00,7.130000114440918,7.150000095367432,7.130000114440918,7.150000095367432,0,0.0,0.0
2022-12-08 15:30:00-05:00,7.119999885559082,7.119999885559082,7.119999885559082,7.119999885559082,3,0.0,0.0
2022-12-09 10:30:00-05:00,7.110000133514404,7.159999847412109,7.110000133514404,7.111800193786621,377,0.0,0.0
2022-12-09 11:30:00-05:00,7.150000095367432,7.196899890899658,7.150000095367432,7.196899890899658,1200,0.0,0.0
2022-12-09 12:30:00-05:00,7.179999828338623,7.180799961090088,7.150000095367432,7.170000076293945,916,0.0,0.0
2022-12-09 13:30:00-05:00,7.170000076293945,7.170000076293945,7.170000076293945,7.170000076293945,180,0.0,0.0
2022-12-09 15:30:00-05:00,7.150000095367432,7.150100231170654,7.150000095367432,7.150000095367432,24861,0.0,0.0
2022-12-12 09:30:00-05:00,7.130000114440918,7.239999771118164,7.130000114440918,7.199999809265137,0,0.0,0.0
2022-12-12 10:30:00-05:00,7.199999809265137,7.199999809265137,7.199999809265137,7.199999809265137,1465,0.0,0.0
2022-12-12 11:30:00-05:00,7.210000038146973,7.210000038146973,7.210000038146973,7.210000038146973,213,0.0,0.0
2022-12-12 13:30:00-05:00,7.200500011444092,7.200500011444092,7.200500011444092,7.200500011444092,709,0.0,0.0
2022-12-12 14:30:00-05:00,7.170000076293945,7.170000076293945,7.170000076293945,7.170000076293945,221,0.0,0.0
2022-12-12 15:30:00-05:00,7.170000076293945,7.170100212097168,7.110000133514404,7.135000228881836,12822,0.0,0.0
2022-12-13 09:30:00-05:00,7.170000076293945,7.170000076293945,7.159999847412109,7.159999847412109,2547,0.0,0.0
2022-12-13 10:30:00-05:00,7.139999866485596,7.139999866485596,7.139999866485596,7.139999866485596,137,0.0,0.0
2022-12-13 11:30:00-05:00,7.130000114440918,7.130099773406982,7.070000171661377,7.070099830627441,15402,0.0,0.0
2022-12-13 12:30:00-05:00,7.077600002288818,7.077600002288818,7.070000171661377,7.070000171661377,300,0.0,0.0
2022-12-13 14:30:00-05:00,7.079999923706055,7.079999923706055,7.079999923706055,7.079999923706055,445,0.0,0.0
2022-12-13 15:30:00-05:00,7.110000133514404,7.110000133514404,7.110000133514404,7.110000133514404,556,0.0,0.0
2022-12-14 11:30:00-05:00,7.110000133514404,7.110000133514404,7.099999904632568,7.110000133514404,523,0.0,0.0
2022-12-14 12:30:00-05:00,7.110000133514404,7.110000133514404,7.050000190734863,7.050000190734863,3334,0.0,0.0
2022-12-14 13:30:00-05:00,7.086100101470947,7.086100101470947,7.086100101470947,7.086100101470947,100,0.0,0.0
2022-12-14 14:30:00-05:00,7.099999904632568,7.110000133514404,7.090000152587891,7.099999904632568,5253,0.0,0.0
2022-12-15 09:30:00-05:00,6.980000019073486,7.059999942779541,6.980000019073486,7.059999942779541,0,0.0,0.0
2022-12-15 10:30:00-05:00,7.09499979019165,7.09499979019165,7.079999923706055,7.079999923706055,509,0.0,0.0
2022-12-15 11:30:00-05:00,7.074999809265137,7.074999809265137,7.0,7.0,3991,0.0,0.0
2022-12-15 13:30:00-05:00,6.949999809265137,6.980000019073486,6.949999809265137,6.960000038146973,1360,0.0,0.0
2022-12-15 14:30:00-05:00,6.976799964904785,6.976799964904785,6.949999809265137,6.949999809265137,436,0.0,0.0
2022-12-15 15:30:00-05:00,6.949999809265137,6.949999809265137,6.940000057220459,6.940000057220459,0,0.0,0.0
2022-12-16 12:30:00-05:00,6.960000038146973,6.960000038146973,6.949999809265137,6.950099945068359,2282,0.0,0.0
2022-12-16 14:30:00-05:00,6.944399833679199,6.944399833679199,6.889999866485596,6.889999866485596,663,0.0,0.0
2022-12-16 15:30:00-05:00,6.920000076293945,6.920000076293945,6.920000076293945,6.920000076293945,136,0.0,0.0
2022-12-19 09:30:00-05:00,6.889999866485596,7.150000095367432,6.889999866485596,7.150000095367432,0,0.0,0.0
2022-12-19 12:30:00-05:00,6.900000095367432,6.900000095367432,6.900000095367432,6.900000095367432,404,0.0,0.0
2022-12-19 13:30:00-05:00,6.900000095367432,6.920000076293945,6.900000095367432,6.920000076293945,1004,0.0,0.0
2022-12-19 14:30:00-05:00,6.900000095367432,6.906700134277344,6.889999866485596,6.906700134277344,4132,0.0,0.0
2022-12-19 15:30:00-05:00,6.900000095367432,6.900000095367432,6.900000095367432,6.900000095367432,0,0.0,0.0
2022-12-20 09:30:00-05:00,6.940000057220459,6.940000057220459,6.880000114440918,6.880000114440918,15361,0.0,0.0
2022-12-20 10:30:00-05:00,6.880000114440918,6.880000114440918,6.880000114440918,6.880000114440918,268,0.0,0.0
2022-12-20 11:30:00-05:00,6.889999866485596,6.889999866485596,6.8831000328063965,6.8831000328063965,402,0.0,0.0
2022-12-20 12:30:00-05:00,6.880000114440918,6.880000114440918,6.869900226593018,6.869900226593018,1601,0.0,0.0
2022-12-20 13:30:00-05:00,6.849999904632568,6.900000095367432,6.840000152587891,6.869999885559082,710,0.0,0.0
2022-12-20 14:30:00-05:00,6.864999771118164,6.872499942779541,6.864999771118164,6.864999771118164,700,0.0,0.0
2022-12-20 15:30:00-05:00,6.889999866485596,6.900000095367432,6.889999866485596,6.900000095367432,230,0.0,0.0
2022-12-21 09:30:00-05:00,6.849999904632568,6.860000133514404,6.8429999351501465,6.860000133514404,0,0.0,0.0
2022-12-21 14:30:00-05:00,6.980000019073486,6.980000019073486,6.929999828338623,6.931000232696533,6276,0.0,0.0
2022-12-22 09:30:00-05:00,6.929999828338623,6.929999828338623,6.820000171661377,6.820000171661377,0,0.0,0.0
2022-12-22 10:30:00-05:00,6.829999923706055,6.829999923706055,6.829999923706055,6.829999923706055,2436,0.0,0.0
2022-12-22 11:30:00-05:00,6.800000190734863,6.801199913024902,6.800000190734863,6.800000190734863,1307,0.0,0.0
2022-12-22 12:30:00-05:00,6.840000152587891,6.840000152587891,6.800000190734863,6.800000190734863,2272,0.0,0.0
2022-12-22 13:30:00-05:00,6.800000190734863,6.800000190734863,6.800000190734863,6.800000190734863,112,0.0,0.0
2022-12-22 14:30:00-05:00,6.804999828338623,6.804999828338623,6.804999828338623,6.804999828338623,200,0.0,0.0
2022-12-22 15:30:00-05:00,6.829899787902832,6.869999885559082,6.795000076293945,6.869999885559082,516,0.0,0.0
2022-12-23 10:30:00-05:00,6.869999885559082,6.870100021362305,6.869999885559082,6.870100021362305,4430,0.0,0.0
2022-12-23 12:30:00-05:00,6.888500213623047,6.888500213623047,6.888500213623047,6.888500213623047,201,0.0,0.0
2022-12-23 15:30:00-05:00,6.889900207519531,6.889900207519531,6.880000114440918,6.880000114440918,482,0.0,0.0
2022-12-27 09:30:00-05:00,6.900000095367432,6.900000095367432,6.900000095367432,6.900000095367432,283,0.0,0.0
2022-12-27 10:30:00-05:00,6.899899959564209,6.909900188446045,6.899899959564209,6.909900188446045,1819,0.0,0.0
2022-12-27 11:30:00-05:00,6.909999847412109,6.9394001960754395,6.909999847412109,6.9394001960754395,2145,0.0,0.0
2022-12-27 13:30:00-05:00,7.169899940490723,7.169899940490723,7.169899940490723,7.169899940490723,244,0.0,0.0
2022-12-27 14:30:00-05:00,7.079999923706055,7.079999923706055,6.974999904632568,6.974999904632568,432,0.0,0.0
2022-12-27 15:30:00-05:00,7.02209997177124,7.03000020980835,6.980000019073486,7.02209997177124,1007,0.0,0.0
2022-12-28 09:30:00-05:00,7.170000076293945,7.170000076293945,6.949999809265137,6.949999809265137,0,0.0,0.0
2022-12-28 10:30:00-05:00,6.929999828338623,6.949999809265137,6.929999828338623,6.949999809265137,300,0.0,0.0
2022-12-28 11:30:00-05:00,6.929999828338623,6.929999828338623,6.929999828338623,6.929999828338623,400,0.0,0.0
2022-12-28 12:30:00-05:00,6.929999828338623,6.960000038146973,6.929999828338623,6.960000038146973,300,0.0,0.0
2022-12-28 13:30:00-05:00,6.960000038146973,7.057300090789795,6.960000038146973,6.960000038146973,1891,0.0,0.0
2022-12-28 14:30:00-05:00,7.03000020980835,7.03000020980835,6.96999979019165,7.0,1701,0.0,0.0
2022-12-28 15:30:00-05:00,7.0,7.019999980926514,7.0,7.000100135803223,2050,0.0,0.0
2022-12-29 09:30:00-05:00,7.132500171661377,7.150000095367432,6.910099983215332,6.910099983215332,1592,0.0,0.0
2022-12-29 11:30:00-05:00,7.0808000564575195,7.110000133514404,7.0808000564575195,7.110000133514404,1033,0.0,0.0
2022-12-29 12:30:00-05:00,7.099999904632568,7.099999904632568,7.072199821472168,7.072199821472168,2443,0.0,0.0
2022-12-29 13:30:00-05:00,7.099999904632568,7.099999904632568,7.079800128936768,7.079800128936768,1202,0.0,0.0
2022-12-29 14:30:00-05:00,7.079999923706055,7.159900188446045,7.059999942779541,7.059999942779541,2856,0.0,0.0
2022-12-29 15:30:00-05:00,7.125,7.159999847412109,7.125,7.159999847412109,540,0.0,0.0
2022-12-30 09:30:00-05:00,7.109899997711182,7.170000076293945,7.077000141143799,7.112800121307373,0,0.0,0.0
2022-12-30 10:30:00-05:00,7.148600101470947,7.199999809265137,7.110000133514404,7.130099773406982,11663,0.0,0.0
2022-12-30 11:30:00-05:00,7.1508002281188965,7.190000057220459,7.150000095367432,7.150000095367432,1961,0.0,0.0
2022-12-30 12:30:00-05:00,7.1946001052856445,7.199999809265137,7.150000095367432,7.170000076293945,4153,0.0,0.0
2022-12-30 14:30:00-05:00,7.170000076293945,7.170599937438965,6.960000038146973,7.150000095367432,18709,0.0,0.0
2022-12-30 15:30:00-05:00,7.159999847412109,7.159999847412109,7.150000095367432,7.159999847412109,3531,0.0,0.0
2023-01-03 09:30:00-05:00,7.199999809265137,7.199999809265137,7.010000228881836,7.010000228881836,0,0.0,0.0
2023-01-03 12:30:00-05:00,7.099999904632568,7.099999904632568,7.099999904632568,7.099999904632568,230,0.0,0.0
2023-01-03 13:30:00-05:00,7.150000095367432,7.150000095367432,7.139999866485596,7.150000095367432,1200,0.0,0.0
2023-01-03 14:30:00-05:00,7.150000095367432,7.25,7.150000095367432,7.249000072479248,5946,0.0,0.0
2023-01-03 15:30:00-05:00,7.210000038146973,7.289999961853027,7.210000038146973,7.289999961853027,0,0.0,0.0
2023-01-04 09:30:00-05:00,7.260000228881836,7.265200138092041,7.190000057220459,7.265200138092041,3296,0.0,0.0
2023-01-04 11:30:00-05:00,7.260000228881836,7.277299880981445,7.25,7.277299880981445,1200,0.0,0.0
2023-01-04 13:30:00-05:00,7.28879976272583,7.28879976272583,7.28879976272583,7.28879976272583,200,0.0,0.0
2023-01-04 14:30:00-05:00,7.329999923706055,7.340000152587891,7.300000190734863,7.329999923706055,2264,0.0,0.0
2023-01-05 09:30:00-05:00,7.0100998878479,7.0100998878479,7.0100998878479,7.0100998878479,0,0.0,0.0
2023-01-05 11:30:00-05:00,7.317299842834473,7.317299842834473,7.264999866485596,7.264999866485596,570,0.0,0.0
2023-01-05 13:30:00-05:00,7.276800155639648,7.276800155639648,7.276800155639648,7.276800155639648,100,0.0,0.0
2023-01-05 14:30:00-05:00,7.300000190734863,7.340000152587891,7.300000190734863,7.340000152587891,6115,0.0,0.0
2023-01-05 15:30:00-05:00,7.28000020980835,7.329999923706055,7.28000020980835,7.321400165557861,2000,0.0,0.0
2023-01-06 09:30:00-05:00,7.260000228881836,7.260000228881836,7.260000228881836,7.260000228881836,0,0.0,0.0
2023-01-06 10:30:00-05:00,7.300000190734863,7.340000152587891,7.28000020980835,7.340000152587891,3331,0.0,0.0
2023-01-06 12:30:00-05:00,7.414999961853027,7.414999961853027,7.414999961853027,7.414999961853027,526,0.0,0.0
2023-01-06 13:30:00-05:00,7.366199970245361,7.420000076293945,7.366199970245361,7.414999961853027,763,0.0,0.0
2023-01-06 14:30:00-05:00,7.420000076293945,7.420000076293945,7.396599769592285,7.396599769592285,1900,0.0,0.0
2023-01-06 15:30:00-05:00,7.3780999183654785,7.449999809265137,7.3780999183654785,7.430600166320801,1500,0.0,0.0
2023-01-09 09:30:00-05:00,7.400000095367432,7.53000020980835,7.400000095367432,7.489999771118164,0,0.0,0.0
2023-01-09 11:30:00-05:00,7.631700038909912,7.650000095367432,7.545000076293945,7.545000076293945,3389,0.0,0.0
2023-01-09 12:30:00-05:00,7.586699962615967,7.593200206756592,7.554999828338623,7.593200206756592,6500,0.0,0.0
2023-01-09 13:30:00-05:00,7.639999866485596,7.64900016784668,7.589000225067139,7.639999866485596,1401,0.0,0.0
2023-01-09 14:30:00-05:00,7.639999866485596,7.639999866485596,7.605000019073486,7.605000019073486,1208,0.0,0.0
2023-01-09 15:30:00-05:00,7.639999866485596,7.650000095367432,7.610000133514404,7.650000095367432,1656,0.0,0.0
2023-01-10 09:30:00-05:00,7.579999923706055,7.78000020980835,7.579999923706055,7.78000020980835,0,0.0,0.0
2023-01-10 10:30:00-05:00,7.699999809265137,7.699999809265137,7.699999809265137,7.699999809265137,1172,0.0,0.0
2023-01-10 11:30:00-05:00,7.78000020980835,7.842199802398682,7.779600143432617,7.842199802398682,2077,0.0,0.0
2023-01-10 12:30:00-05:00,7.888999938964844,7.900000095367432,7.880199909210205,7.880199909210205,1846,0.0,0.0
2023-01-10 13:30:00-05:00,7.84499979019165,7.849999904632568,7.800000190734863,7.829999923706055,3472,0.0,0.0
2023-01-10 14:30:00-05:00,7.829999923706055,7.900000095367432,7.829999923706055,7.900000095367432,1422,0.0,0.0
2023-01-10 15:30:00-05:00,7.860099792480469,7.940000057220459,7.860000133514404,7.940000057220459,0,0.0,0.0
2023-01-11 09:30:00-05:00,7.875,7.875,7.875,7.875,1332,0.0,0.0
2023-01-11 10:30:00-05:00,7.961100101470947,7.961100101470947,7.961100101470947,7.961100101470947,351,0.0,0.0
2023-01-11 11:30:00-05:00,7.900000095367432,7.900000095367432,7.896500110626221,7.900000095367432,3243,0.0,0.0
2023-01-11 12:30:00-05:00,7.900000095367432,7.979899883270264,7.880000114440918,7.880099773406982,6614,0.0,0.0
2023-01-11 13:30:00-05:00,7.8927998542785645,7.899899959564209,7.880000114440918,7.880000114440918,4060,0.0,0.0
2023-01-11 14:30:00-05:00,7.900000095367432,7.900000095367432,7.900000095367432,7.900000095367432,400,0.0,0.0
2023-01-11 15:30:00-05:00,7.880000114440918,7.920000076293945,7.860000133514404,7.920000076293945,3505,0.0,0.0
2023-01-12 09:30:00-05:00,7.860000133514404,8.010000228881836,7.849999904632568,8.0,0,0.0,0.0
2023-01-12 10:30:00-05:00,8.020000457763672,8.09000015258789,7.909999847412109,8.024999618530273,3262,0.0,0.0
2023-01-12 11:30:00-05:00,8.03499984741211,8.180000305175781,8.010000228881836,8.069999694824219,1027,0.0,0.0
2023-01-12 12:30:00-05:00,8.1899995803833,8.25,8.180000305175781,8.220000267028809,2319,0.0,0.0
2023-01-12 13:30:00-05:00,8.1899995803833,8.260000228881836,8.140000343322754,8.199999809265137,5659,0.0,0.0
2023-01-12 14:30:00-05:00,8.255000114440918,8.255000114440918,8.029999732971191,8.050000190734863,3817,0.0,0.0
2023-01-12 15:30:00-05:00,8.050000190734863,8.069999694824219,7.934999942779541,7.934999942779541,2460,0.0,0.0
2023-01-13 09:30:00-05:00,7.900000095367432,8.319999694824219,7.228799819946289,8.18970012664795,0,0.0,0.0
2023-01-13 11:30:00-05:00,7.8343000411987305,8.215900421142578,7.8343000411987305,8.215900421142578,3846,0.0,0.0
2023-01-13 14:30:00-05:00,8.140000343322754,8.140000343322754,8.140000343322754,8.140000343322754,150,0.0,0.0
2023-01-13 15:30:00-05:00,8.140000343322754,8.239999771118164,8.140000343322754,8.166399955749512,1420,0.0,0.0
2023-01-17 09:30:00-05:00,8.0600004196167,8.0600004196167,8.0600004196167,8.0600004196167,206,0.0,0.0
2023-01-17 10:30:00-05:00,8.178000450134277,8.178000450134277,8.125,8.125,1169,0.0,0.0
2023-01-17 11:30:00-05:00,8.069999694824219,8.069999694824219,8.069999694824219,8.069999694824219,232,0.0,0.0
2023-01-17 13:30:00-05:00,8.140000343322754,8.149999618530273,8.090100288391113,8.090100288391113,2973,0.0,0.0
2023-01-17 14:30:00-05:00,8.119999885559082,8.149999618530273,8.0,8.120100021362305,10736,0.0,0.0
2023-01-17 15:30:00-05:00,8.119999885559082,8.119999885559082,8.069999694824219,8.070099830627441,2198,0.0,0.0
2023-01-18 10:30:00-05:00,8.010000228881836,8.010000228881836,8.010000228881836,8.010000228881836,0,0.0,0.0
2023-01-18 11:30:00-05:00,8.010000228881836,8.15999984741211,8.010000228881836,8.15999984741211,1374,0.0,0.0
2023-01-18 12:30:00-05:00,8.069999694824219,8.069999694824219,8.069999694824219,8.069999694824219,125,0.0,0.0
2023-01-18 13:30:00-05:00,8.065600395202637,8.079999923706055,8.065600395202637,8.079999923706055,942,0.0,0.0
2023-01-18 14:30:00-05:00,8.0649995803833,8.069999694824219,8.0649995803833,8.069999694824219,350,0.0,0.0
2023-01-19 09:30:00-05:00,8.140000343322754,8.140000343322754,7.909999847412109,7.920000076293945,327,0.0,0.0
2023-01-19 10:30:00-05:00,8.017399787902832,8.017399787902832,8.017399787902832,8.017399787902832,221,0.0,0.0
2023-01-19 12:30:00-05:00,7.920000076293945,7.945000171661377,7.429999828338623,7.495999813079834,29423,0.0,0.0
2023-01-19 13:30:00-05:00,7.545000076293945,7.590000152587891,7.545000076293945,7.579999923706055,4671,0.0,0.0
2023-01-19 14:30:00-05:00,7.580100059509277,7.584199905395508,7.389999866485596,7.390100002288818,19183,0.0,0.0
2023-01-19 15:30:00-05:00,7.449999809265137,7.449999809265137,7.400000095367432,7.400000095367432,964,0.0,0.0
2023-01-20 09:30:00-05:00,7.510000228881836,7.699999809265137,7.449999809265137,7.699999809265137,0,0.0,0.0
2023-01-20 10:30:00-05:00,7.5690999031066895,7.835400104522705,7.5690999031066895,7.835400104522705,3419,0.0,0.0
2023-01-20 11:30:00-05:00,7.900000095367432,7.900000095367432,7.900000095367432,7.900000095367432,500,0.0,0.0
2023-01-20 12:30:00-05:00,7.817500114440918,7.817500114440918,7.817500114440918,7.817500114440918,628,0.0,0.0
2023-01-20 13:30:00-05:00,7.960000038146973,8.079999923706055,7.900000095367432,8.079999923706055,4813,0.0,0.0
2023-01-20 14:30:00-05:00,7.909999847412109,7.980000019073486,7.909999847412109,7.920000076293945,644,0.0,0.0
2023-01-20 15:30:00-05:00,8.010000228881836,8.079999923706055,8.0,8.024999618530273,2400,0.0,0.0
2023-01-23 09:30:00-05:00,8.020000457763672,8.020000457763672,8.0,8.0,0,0.0,0.0
2023-01-23 10:30:00-05:00,8.0,8.020000457763672,7.650000095367432,7.849999904632568,13095,0.0,0.0
2023-01-23 11:30:00-05:00,7.7179999351501465,7.75,7.46999979019165,7.659999847412109,3808,0.0,0.0
2023-01-23 12:30:00-05:00,7.900000095367432,7.900000095367432,7.699999809265137,7.699999809265137,5087,0.0,0.0
2023-01-23 13:30:00-05:00,7.710000038146973,7.71999979019165,7.699999809265137,7.71999979019165,1959,0.0,0.0
2023-01-23 14:30:00-05:00,7.679999828338623,7.760000228881836,7.670000076293945,7.750500202178955,2038,0.0,0.0
2023-01-23 15:30:00-05:00,7.760000228881836,7.809999942779541,7.670000076293945,7.739999771118164,3942,0.0,0.0
2023-01-24 09:30:00-05:00,7.78000020980835,8.130000114440918,7.675000190734863,8.107399940490723,0,0.0,0.0
2023-01-24 10:30:00-05:00,7.800000190734863,7.800000190734863,7.800000190734863,7.800000190734863,1247,0.0,0.0
2023-01-24 11:30:00-05:00,7.934000015258789,7.989999771118164,7.735000133514404,7.735000133514404,4281,0.0,0.0
2023-01-24 12:30:00-05:00,7.804999828338623,7.860000133514404,7.804999828338623,7.860000133514404,2460,0.0,0.0
2023-01-24 14:30:00-05:00,7.862299919128418,7.862299919128418,7.800000190734863,7.800000190734863,1506,0.0,0.0
2023-01-24 15:30:00-05:00,7.710000038146973,7.800000190734863,7.550000190734863,7.550000190734863,0,0.0,0.0
2023-01-25 09:30:00-05:00,7.400000095367432,7.780300140380859,7.400000095367432,7.440000057220459,1716,0.0,0.0
2023-01-25 10:30:00-05:00,7.449999809265137,7.635000228881836,7.400000095367432,7.635000228881836,4004,0.0,0.0
2023-01-25 11:30:00-05:00,7.5,7.590000152587891,7.5,7.590000152587891,5476,0.0,0.0
2023-01-25 12:30:00-05:00,7.409999847412109,7.4328999519348145,7.409999847412109,7.4328999519348145,250,0.0,0.0
2023-01-25 13:30:00-05:00,7.510000228881836,7.699999809265137,7.510000228881836,7.699999809265137,3781,0.0,0.0
2023-01-25 14:30:00-05:00,7.877399921417236,7.974899768829346,7.599999904632568,7.800000190734863,3847,0.0,0.0
2023-01-25 15:30:00-05:00,7.769999980926514,7.799900054931641,7.599999904632568,7.699999809265137,4869,0.0,0.0
2023-01-26 09:30:00-05:00,7.75,7.809999942779541,7.570000171661377,7.570000171661377,0,0.0,0.0
2023-01-26 11:30:00-05:00,7.809999942779541,7.809999942779541,7.755000114440918,7.789999961853027,2165,0.0,0.0
2023-01-26 12:30:00-05:00,7.755000114440918,7.869999885559082,7.730000019073486,7.739999771118164,16949,0.0,0.0
2023-01-26 13:30:00-05:00,7.760000228881836,7.760000228881836,7.380000114440918,7.71999979019165,38107,0.0,0.0
2023-01-26 14:30:00-05:00,7.75,7.800000190734863,7.75,7.769999980926514,3332,0.0,0.0
2023-01-26 15:30:00-05:00,7.800000190734863,7.89900016784668,7.789999961853027,7.880000114440918,2393,0.0,0.0
2023-01-27 09:30:00-05:00,7.869999885559082,7.869999885559082,7.789999961853027,7.789999961853027,500,0.0,0.0
2023-01-27 10:30:00-05:00,7.620100021362305,7.620100021362305,7.620100021362305,7.620100021362305,203,0.0,0.0
2023-01-27 11:30:00-05:00,7.949999809265137,8.300000190734863,7.940000057220459,8.300000190734863,12180,0.0,0.0
2023-01-27 12:30:00-05:00,8.300000190734863,8.300000190734863,8.1899995803833,8.1899995803833,3823,0.0,0.0
2023-01-27 13:30:00-05:00,8.243300437927246,8.243300437927246,8.130000114440918,8.130000114440918,403,0.0,0.0
2023-01-27 14:30:00-05:00,8.15999984741211,8.15999984741211,7.974999904632568,8.020000457763672,15208,0.0,0.0
2023-01-27 15:30:00-05:00,8.100000381469727,8.229999542236328,8.010000228881836,8.229999542236328,15197,0.0,0.0
2023-01-30 09:30:00-05:00,8.25,8.25,8.25,8.25,440,0.0,0.0
2023-01-30 10:30:00-05:00,8.199999809265137,8.319999694824219,8.199999809265137,8.300000190734863,1191,0.0,0.0
2023-01-30 11:30:00-05:00,8.390000343322754,8.59000015258789,8.390000343322754,8.490500450134277,6242,0.0,0.0
2023-01-30 12:30:00-05:00,8.59000015258789,8.600000381469727,8.470499992370605,8.516599655151367,2770,0.0,0.0
2023-01-30 13:30:00-05:00,8.539999961853027,8.59850025177002,8.510000228881836,8.59850025177002,3538,0.0,0.0
2023-01-30 14:30:00-05:00,8.40999984741211,8.40999984741211,8.40999984741211,8.40999984741211,320,0.0,0.0
2023-01-30 15:30:00-05:00,8.300000190734863,8.333499908447266,8.109999656677246,8.109999656677246,9091,0.0,0.0
2023-01-31 09:30:00-05:00,8.239999771118164,8.34000015258789,8.180000305175781,8.260000228881836,0,0.0,0.0
2023-01-31 10:30:00-05:00,8.149999618530273,8.180000305175781,7.875,8.164999961853027,1798,0.0,0.0
2023-01-31 14:30:00-05:00,8.100000381469727,8.324600219726562,8.099900245666504,8.270000457763672,7882,0.0,0.0
2023-01-31 15:30:00-05:00,8.319999694824219,8.5600004196167,8.089799880981445,8.260000228881836,8746,0.0,0.0
2023-02-01 09:30:00-05:00,8.149999618530273,8.149999618530273,8.0,8.100000381469727,4087,0.0,0.0
2023-02-01 10:30:00-05:00,8.0649995803833,8.279999732971191,8.0,8.100000381469727,9022,0.0,0.0
2023-02-01 11:30:00-05:00,8.050000190734863,8.050000190734863,7.989999771118164,7.989999771118164,1989,0.0,0.0
2023-02-01 12:30:00-05:00,8.095000267028809,8.140000343322754,8.095000267028809,8.100000381469727,2030,0.0,0.0
2023-02-01 13:30:00-05:00,8.005000114440918,8.005000114440918,7.968599796295166,7.968599796295166,911,0.0,0.0
2023-02-01 14:30:00-05:00,7.944900035858154,8.376099586486816,7.944900035858154,8.376099586486816,4000,0.0,0.0
2023-02-01 15:30:00-05:00,8.259900093078613,8.259900093078613,8.09000015258789,8.09000015258789,9729,0.0,0.0
2023-02-02 09:30:00-05:00,8.09000015258789,8.09000015258789,7.949999809265137,8.0,0,0.0,0.0
2023-02-02 10:30:00-05:00,8.09000015258789,8.199999809265137,8.079999923706055,8.079999923706055,1574,0.0,0.0
2023-02-02 11:30:00-05:00,8.079999923706055,8.079999923706055,8.079999923706055,8.079999923706055,106,0.0,0.0
2023-02-02 13:30:00-05:00,8.079999923706055,8.080100059509277,8.079999923706055,8.080100059509277,2500,0.0,0.0
2023-02-02 14:30:00-05:00,8.199999809265137,8.199999809265137,8.109999656677246,8.15999984741211,2910,0.0,0.0
2023-02-02 15:30:00-05:00,8.210000038146973,8.210000038146973,8.194999694824219,8.199999809265137,845,0.0,0.0
2023-02-03 09:30:00-05:00,8.390000343322754,8.390000343322754,8.109999656677246,8.15999984741211,2734,0.0,0.0
2023-02-03 11:30:00-05:00,8.2253999710083,8.2253999710083,8.2253999710083,8.2253999710083,320,0.0,0.0
2023-02-03 12:30:00-05:00,8.077699661254883,8.265000343322754,8.077699661254883,8.229999542236328,920,0.0,0.0
2023-02-03 13:30:00-05:00,8.270000457763672,8.279999732971191,8.229999542236328,8.239999771118164,2578,0.0,0.0
2023-02-03 14:30:00-05:00,8.099599838256836,8.099599838256836,8.099599838256836,8.099599838256836,500,0.0,0.0
2023-02-03 15:30:00-05:00,8.289999961853027,8.289999961853027,8.27810001373291,8.27810001373291,692,0.0,0.0
2023-02-06 09:30:00-05:00,8.050000190734863,8.050000190734863,8.050000190734863,8.050000190734863,0,0.0,0.0
2023-02-06 11:30:00-05:00,8.09000015258789,8.09000015258789,8.020000457763672,8.06879997253418,1879,0.0,0.0
2023-02-06 12:30:00-05:00,8.020000457763672,8.085000038146973,7.9608001708984375,8.010000228881836,3347,0.0,0.0
2023-02-06 13:30:00-05:00,8.0,8.0,8.0,8.0,455,0.0,0.0
2023-02-06 14:30:00-05:00,8.0,8.0,7.989999771118164,7.989999771118164,1131,0.0,0.0
2023-02-06 15:30:00-05:00,7.980000019073486,8.050000190734863,7.954999923706055,7.980000019073486,7688,0.0,0.0
2023-02-07 09:30:00-05:00,7.900000095367432,8.180000305175781,7.8958001136779785,8.069999694824219,0,0.0,0.0
2023-02-07 11:30:00-05:00,7.949999809265137,7.966300010681152,7.949999809265137,7.966300010681152,591,0.0,0.0
2023-02-07 12:30:00-05:00,8.0,8.0600004196167,7.980000019073486,8.0600004196167,2201,0.0,0.0
2023-02-07 13:30:00-05:00,8.015000343322754,8.015000343322754,8.015000343322754,8.015000343322754,793,0.0,0.0
2023-02-07 14:30:00-05:00,7.96999979019165,7.96999979019165,7.690000057220459,7.690000057220459,15543,0.0,0.0
2023-02-07 15:30:00-05:00,7.849999904632568,7.909999847412109,7.849999904632568,7.889500141143799,1161,0.0,0.0
2023-02-08 09:30:00-05:00,7.869999885559082,8.066900253295898,7.570000171661377,8.066900253295898,8392,0.0,0.0
2023-02-08 10:30:00-05:00,7.940000057220459,7.940000057220459,7.940000057220459,7.940000057220459,218,0.0,0.0
2023-02-08 11:30:00-05:00,7.989999771118164,8.049500465393066,7.989999771118164,8.049500465393066,1004,0.0,0.0
2023-02-08 13:30:00-05:00,7.989999771118164,7.992499828338623,7.989999771118164,7.992499828338623,286,0.0,0.0
2023-02-08 14:30:00-05:00,7.985799789428711,8.020000457763672,7.920000076293945,7.920000076293945,759,0.0,0.0
2023-02-08 15:30:00-05:00,8.029999732971191,8.074999809265137,8.0,8.074999809265137,1732,0.0,0.0
2023-02-09 09:30:00-05:00,8.079999923706055,8.17959976196289,7.900000095367432,8.17959976196289,0,0.0,0.0
2023-02-09 11:30:00-05:00,8.079999923706055,8.09000015258789,7.855000019073486,7.855000019073486,3866,0.0,0.0
2023-02-09 13:30:00-05:00,7.980000019073486,8.0,7.980000019073486,8.0,801,0.0,0.0
2023-02-10 09:30:00-05:00,8.09000015258789,8.21150016784668,8.09000015258789,8.21150016784668,0,0.0,0.0
2023-02-10 11:30:00-05:00,8.100000381469727,8.125200271606445,8.100000381469727,8.100000381469727,1007,0.0,0.0
2023-02-10 15:30:00-05:00,8.180000305175781,8.220000267028809,8.119999885559082,8.220000267028809,4767,0.0,0.0
2023-02-13 09:30:00-05:00,8.15999984741211,8.199999809265137,8.128000259399414,8.128000259399414,0,0.0,0.0
2023-02-13 15:30:00-05:00,8.149999618530273,8.149999618530273,8.149999618530273,8.149999618530273,0,0.0,0.0
2023-02-14 09:30:00-05:00,8.25,8.25,8.0649995803833,8.074999809265137,2176,0.0,0.0
2023-02-14 10:30:00-05:00,8.069999694824219,8.069999694824219,8.005000114440918,8.005000114440918,1249,0.0,0.0
2023-02-14 11:30:00-05:00,7.989999771118164,8.0,7.989999771118164,8.0,1767,0.0,0.0
2023-02-14 12:30:00-05:00,8.079999923706055,8.149999618530273,8.079999923706055,8.149999618530273,1776,0.0,0.0
2023-02-14 14:30:00-05:00,8.138500213623047,8.138500213623047,8.138500213623047,8.138500213623047,0,0.0,0.0
2023-02-15 09:30:00-05:00,8.050000190734863,8.050000190734863,8.0,8.045000076293945,1841,0.0,0.0
2023-02-15 11:30:00-05:00,8.149999618530273,8.20009994506836,8.149999618530273,8.199999809265137,5296,0.0,0.0
2023-02-15 12:30:00-05:00,8.220000267028809,8.220000267028809,8.140000343322754,8.140000343322754,2308,0.0,0.0
2023-02-15 13:30:00-05:00,8.199999809265137,8.219900131225586,8.180000305175781,8.219900131225586,876,0.0,0.0
2023-02-15 15:30:00-05:00,8.170000076293945,8.170000076293945,8.140000343322754,8.140000343322754,711,0.0,0.0
2023-02-16 09:30:00-05:00,8.060999870300293,8.100000381469727,8.060999870300293,8.100000381469727,0,0.0,0.0
2023-02-16 11:30:00-05:00,8.15999984741211,8.25,8.069999694824219,8.1899995803833,74434,0.0,0.0
2023-02-16 12:30:00-05:00,8.199999809265137,8.40999984741211,8.199999809265137,8.40999984741211,2907,0.0,0.0
2023-02-16 13:30:00-05:00,8.4399995803833,8.588199615478516,8.359999656677246,8.581299781799316,6408,0.0,0.0
2023-02-16 14:30:00-05:00,8.5,8.579999923706055,8.420000076293945,8.579999923706055,7437,0.0,0.0
2023-02-16 15:30:00-05:00,8.40999984741211,8.54990005493164,8.40999984741211,8.54990005493164,850,0.0,0.0
2023-02-17 09:30:00-05:00,8.380000114440918,8.399999618530273,8.270000457763672,8.347200393676758,0,0.0,0.0
2023-02-17 10:30:00-05:00,8.420000076293945,8.420000076293945,8.420000076293945,8.420000076293945,370,0.0,0.0
2023-02-17 11:30:00-05:00,8.420000076293945,8.472399711608887,8.420000076293945,8.472399711608887,1665,0.0,0.0
2023-02-17 12:30:00-05:00,8.454999923706055,8.548299789428711,8.420000076293945,8.498800277709961,2501,0.0,0.0
2023-02-17 13:30:00-05:00,8.54889965057373,8.54889965057373,8.479999542236328,8.479999542236328,1452,0.0,0.0
2023-02-17 14:30:00-05:00,8.539999961853027,8.5600004196167,8.518899917602539,8.5600004196167,1516,0.0,0.0
2023-02-17 15:30:00-05:00,8.569999694824219,8.710000038146973,8.5,8.699999809265137,14651,0.0,0.0
2023-02-21 09:30:00-05:00,8.630000114440918,8.880000114440918,8.630000114440918,8.869999885559082,5790,0.0,0.0
2023-02-21 10:30:00-05:00,8.848699569702148,9.0649995803833,8.829999923706055,8.845399856567383,15693,0.0,0.0
2023-02-21 11:30:00-05:00,8.849900245666504,9.020000457763672,8.829999923706055,9.020000457763672,9302,0.0,0.0
2023-02-21 12:30:00-05:00,9.069999694824219,9.069999694824219,8.84000015258789,8.850000381469727,6812,0.0,0.0
2023-02-21 15:30:00-05:00,8.8100004196167,8.8100004196167,8.8100004196167,8.8100004196167,280,0.0,0.0
2023-02-22 09:30:00-05:00,8.539999961853027,8.670000076293945,8.539999961853027,8.579999923706055,7134,0.0,0.0
2023-02-22 11:30:00-05:00,8.739999771118164,8.739999771118164,8.739999771118164,8.739999771118164,125,0.0,0.0
2023-02-22 12:30:00-05:00,8.800000190734863,8.949999809265137,8.6850004196167,8.949899673461914,9010,0.0,0.0
2023-02-22 13:30:00-05:00,8.859999656677246,8.864999771118164,8.65999984741211,8.779999732971191,4188,0.0,0.0
2023-02-22 14:30:00-05:00,8.663399696350098,8.90999984741211,8.663399696350098,8.899900436401367,7470,0.0,0.0
2023-02-22 15:30:00-05:00,8.786999702453613,8.84000015258789,8.699999809265137,8.699999809265137,8520,0.0,0.0
2023-02-23 09:30:00-05:00,8.800000190734863,8.9399995803833,8.699999809265137,8.716400146484375,0,0.0,0.0
2023-02-23 10:30:00-05:00,8.720000267028809,8.75,8.664999961853027,8.664999961853027,7523,0.0,0.0
2023-02-23 11:30:00-05:00,8.739999771118164,8.75,8.649999618530273,8.6899995803833,6963,0.0,0.0
2023-02-23 12:30:00-05:00,8.6899995803833,8.779999732971191,8.6899995803833,8.779999732971191,953,0.0,0.0
2023-02-23 13:30:00-05:00,8.770000457763672,8.84000015258789,8.769000053405762,8.84000015258789,1882,0.0,0.0
2023-02-23 14:30:00-05:00,8.832300186157227,8.850000381469727,8.819999694824219,8.850000381469727,3424,0.0,0.0
2023-02-23 15:30:00-05:00,8.850000381469727,9.15999984741211,8.850000381469727,9.030099868774414,14087,0.0,0.0
2023-02-24 09:30:00-05:00,9.149999618530273,9.210000038146973,8.90999984741211,8.90999984741211,0,0.0,0.0
2023-02-24 10:30:00-05:00,9.0,9.0,9.0,9.0,619,0.0,0.0
2023-02-24 11:30:00-05:00,8.989999771118164,8.989999771118164,8.989999771118164,8.989999771118164,544,0.0,0.0
2023-02-24 12:30:00-05:00,8.77910041809082,8.899999618530273,8.77910041809082,8.899999618530273,1928,0.0,0.0
2023-02-24 13:30:00-05:00,9.0600004196167,9.180000305175781,9.050000190734863,9.100000381469727,12602,0.0,0.0
2023-02-24 14:30:00-05:00,9.15999984741211,9.399999618530273,9.050000190734863,9.119999885559082,7109,0.0,0.0
2023-02-24 15:30:00-05:00,9.134400367736816,9.34000015258789,9.109999656677246,9.300000190734863,4565,0.0,0.0
2023-02-27 09:30:00-05:00,9.149999618530273,9.270999908447266,9.119999885559082,9.140000343322754,0,0.0,0.0
2023-02-27 10:30:00-05:00,9.116700172424316,9.253000259399414,8.77180004119873,8.77180004119873,24930,0.0,0.0
2023-02-27 11:30:00-05:00,9.079999923706055,9.079999923706055,8.933300018310547,9.0,5699,0.0,0.0
2023-02-27 12:30:00-05:00,9.010700225830078,9.010700225830078,8.930000305175781,9.0,4616,0.0,0.0
2023-02-27 13:30:00-05:00,9.079999923706055,9.15999984741211,9.079999923706055,9.15999984741211,2811,0.0,0.0
2023-02-27 14:30:00-05:00,9.239999771118164,9.239999771118164,9.239999771118164,9.239999771118164,612,0.0,0.0
2023-02-27 15:30:00-05:00,9.109999656677246,9.170000076293945,9.09000015258789,9.100000381469727,1992,0.0,0.0
2023-02-28 09:30:00-05:00,9.100000381469727,9.429900169372559,9.010000228881836,9.039999961853027,0,0.0,0.0
2023-02-28 10:30:00-05:00,9.149999618530273,9.473699569702148,9.149999618530273,9.3951997756958,10117,0.0,0.0
2023-02-28 11:30:00-05:00,9.366000175476074,9.469900131225586,9.366000175476074,9.369999885559082,4795,0.0,0.0
2023-02-28 12:30:00-05:00,9.380000114440918,9.699999809265137,9.31760025024414,9.699999809265137,17307,0.0,0.0
2023-02-28 13:30:00-05:00,9.680999755859375,9.789999961853027,9.539999961853027,9.539999961853027,6663,0.0,0.0
2023-02-28 14:30:00-05:00,9.600000381469727,9.739999771118164,9.600000381469727,9.680000305175781,3684,0.0,0.0
2023-02-28 15:30:00-05:00,9.746600151062012,9.749899864196777,9.619999885559082,9.749899864196777,4913,0.0,0.0
2023-03-01 09:30:00-05:00,9.739999771118164,10.029999732971191,9.640000343322754,9.640000343322754,0,0.0,0.0
2023-03-01 10:30:00-05:00,9.60830020904541,9.630000114440918,9.390000343322754,9.630000114440918,11347,0.0,0.0
2023-03-01 11:30:00-05:00,9.510000228881836,9.539999961853027,9.5,9.5,4595,0.0,0.0
2023-03-01 12:30:00-05:00,9.5,9.630000114440918,9.5,9.630000114440918,4014,0.0,0.0
2023-03-01 14:30:00-05:00,9.523300170898438,9.596799850463867,9.5,9.5600004196167,2899,0.0,0.0
2023-03-01 15:30:00-05:00,9.510000228881836,9.512100219726562,9.390000343322754,9.390000343322754,8370,0.0,0.0
2023-03-02 09:30:00-05:00,9.399999618530273,9.41100025177002,9.125,9.41100025177002,0,0.0,0.0
2023-03-02 10:30:00-05:00,9.220000267028809,9.3100004196167,9.199999809265137,9.229999542236328,2821,0.0,0.0
2023-03-02 11:30:00-05:00,9.404999732971191,9.555000305175781,9.350000381469727,9.449999809265137,2250,0.0,0.0
2023-03-02 12:30:00-05:00,9.449999809265137,9.460000038146973,9.3100004196167,9.399999618530273,4569,0.0,0.0
2023-03-02 14:30:00-05:00,9.4399995803833,9.510000228881836,9.430000305175781,9.510000228881836,1974,0.0,0.0
2023-03-02 15:30:00-05:00,9.4399995803833,9.520000457763672,9.361000061035156,9.520000457763672,1296,0.0,0.0
2023-03-03 09:30:00-05:00,9.40999984741211,9.510000228881836,9.369999885559082,9.5,5112,0.0,0.0
2023-03-03 10:30:00-05:00,9.467499732971191,9.5,9.399999618530273,9.5,2353,0.0,0.0
2023-03-03 11:30:00-05:00,9.529999732971191,9.529999732971191,9.5,9.5,2012,0.0,0.0
2023-03-03 12:30:00-05:00,9.5,10.045000076293945,9.489999771118164,9.898099899291992,40480,0.0,0.0
2023-03-03 13:30:00-05:00,9.90999984741211,9.989999771118164,9.760000228881836,9.760000228881836,69717,0.0,0.0
2023-03-03 14:30:00-05:00,9.704999923706055,9.75,9.571999549865723,9.583800315856934,6388,0.0,0.0
2023-03-03 15:30:00-05:00,9.73490047454834,9.73490047454834,9.529999732971191,9.630000114440918,3885,0.0,0.0
2023-03-06 09:30:00-05:00,9.510100364685059,9.539999961853027,9.510100364685059,9.529999732971191,2558,0.0,0.0
2023-03-06 11:30:00-05:00,9.609999656677246,9.609999656677246,9.609999656677246,9.609999656677246,432,0.0,0.0
2023-03-06 12:30:00-05:00,9.699999809265137,9.699999809265137,9.619999885559082,9.619999885559082,285,0.0,0.0
2023-03-06 13:30:00-05:00,9.569999694824219,9.569999694824219,9.489999771118164,9.5,12426,0.0,0.0
2023-03-06 14:30:00-05:00,9.510000228881836,9.539999961853027,9.489999771118164,9.539999961853027,1207,0.0,0.0
2023-03-06 15:30:00-05:00,9.489999771118164,9.510700225830078,9.449999809265137,9.449999809265137,34789,0.0,0.0
2023-03-07 09:30:00-05:00,9.420000076293945,9.420000076293945,9.279999732971191,9.279999732971191,11474,0.0,0.0
2023-03-07 10:30:00-05:00,9.140000343322754,9.140000343322754,8.8100004196167,8.910499572753906,7363,0.0,0.0
2023-03-07 11:30:00-05:00,8.956100463867188,9.25,8.956100463867188,9.149999618530273,5186,0.0,0.0
2023-03-07 12:30:00-05:00,9.239999771118164,9.300000190734863,9.079999923706055,9.079999923706055,5743,0.0,0.0
2023-03-07 13:30:00-05:00,9.010000228881836,9.019499778747559,8.979999542236328,8.979999542236328,318,0.0,0.0
2023-03-07 14:30:00-05:00,9.039999961853027,9.130000114440918,9.039999961853027,9.130000114440918,1861,0.0,0.0
2023-03-07 15:30:00-05:00,8.960000038146973,8.960000038146973,8.960000038146973,8.960000038146973,209,0.0,0.0
2023-03-08 09:30:00-05:00,8.960100173950195,9.001999855041504,8.960000038146973,9.001999855041504,0,0.0,0.0
2023-03-08 10:30:00-05:00,9.420000076293945,9.420000076293945,9.1899995803833,9.210000038146973,3365,0.0,0.0
2023-03-08 11:30:00-05:00,9.289999961853027,9.300000190734863,9.289999961853027,9.289999961853027,1700,0.0,0.0
2023-03-08 12:30:00-05:00,9.221799850463867,9.221799850463867,9.221799850463867,9.221799850463867,1001,0.0,0.0
2023-03-08 13:30:00-05:00,9.210000038146973,9.220000267028809,9.1899995803833,9.1899995803833,1016,0.0,0.0
2023-03-08 14:30:00-05:00,9.239999771118164,9.300000190734863,9.239999771118164,9.270000457763672,3624,0.0,0.0
2023-03-08 15:30:00-05:00,9.180000305175781,9.274999618530273,9.180000305175781,9.274999618530273,3593,0.0,0.0
2023-03-09 09:30:00-05:00,9.289999961853027,9.289999961853027,9.130000114440918,9.289899826049805,0,0.0,0.0
2023-03-09 10:30:00-05:00,9.239999771118164,9.239999771118164,9.239999771118164,9.239999771118164,112,0.0,0.0
2023-03-09 13:30:00-05:00,9.225000381469727,9.270000457763672,9.215999603271484,9.270000457763672,3718,0.0,0.0
2023-03-09 14:30:00-05:00,9.279999732971191,9.279999732971191,9.199999809265137,9.270000457763672,810,0.0,0.0
2023-03-09 15:30:00-05:00,9.260000228881836,9.270000457763672,8.979999542236328,9.130000114440918,15847,0.0,0.0
2023-03-10 09:30:00-05:00,9.109999656677246,9.109999656677246,9.109999656677246,9.109999656677246,894,0.0,0.0
2023-03-10 10:30:00-05:00,8.949999809265137,8.949999809265137,8.949999809265137,8.949999809265137,245,0.0,0.0
2023-03-10 12:30:00-05:00,9.020700454711914,9.020700454711914,8.859999656677246,8.859999656677246,3329,0.0,0.0
2023-03-10 13:30:00-05:00,8.850099563598633,8.920000076293945,8.850000381469727,8.85420036315918,4013,0.0,0.0
2023-03-10 14:30:00-05:00,9.0,9.010000228881836,9.0,9.0,2030,0.0,0.0
2023-03-10 15:30:00-05:00,8.920000076293945,8.987500190734863,8.75,8.75,8199,0.0,0.0
2023-03-13 09:30:00-04:00,8.5600004196167,8.5600004196167,8.5600004196167,8.5600004196167,0,0.0,0.0
2023-03-13 10:30:00-04:00,8.880000114440918,8.899999618530273,8.880000114440918,8.899999618530273,1138,0.0,0.0
2023-03-13 11:30:00-04:00,8.949999809265137,8.960000038146973,8.899999618530273,8.94629955291748,9017,0.0,0.0
2023-03-13 12:30:00-04:00,8.899999618530273,8.899999618530273,8.8100004196167,8.8100004196167,1691,0.0,0.0
2023-03-13 13:30:00-04:00,8.770000457763672,8.929900169372559,8.550000190734863,8.796500205993652,5728,0.0,0.0
2023-03-13 14:30:00-04:00,8.75,8.85990047454834,8.65999984741211,8.85990047454834,4273,0.0,0.0
2023-03-13 15:30:00-04:00,8.718299865722656,8.850000381469727,8.460000038146973,8.800000190734863,17150,0.0,0.0
2023-03-14 09:30:00-04:00,8.710000038146973,9.093799591064453,8.399999618530273,8.977499961853027,0,0.0,0.0
2023-03-14 10:30:00-04:00,8.720000267028809,8.940199851989746,8.6899995803833,8.8149995803833,7406,0.0,0.0
2023-03-14 11:30:00-04:00,8.902999877929688,8.919899940490723,8.699999809265137,8.876399993896484,2008,0.0,0.0
2023-03-14 12:30:00-04:00,8.829999923706055,8.829999923706055,8.5600004196167,8.797800064086914,4611,0.0,0.0
2023-03-14 13:30:00-04:00,8.5600004196167,8.5600004196167,8.5600004196167,8.5600004196167,219,0.0,0.0
2023-03-14 14:30:00-04:00,8.680000305175781,8.774999618530273,8.569999694824219,8.774999618530273,2455,0.0,0.0
2023-03-14 15:30:00-04:00,8.75,8.819999694824219,8.619999885559082,8.819999694824219,3937,0.0,0.0
2023-03-15 13:30:00-04:00,8.550000190734863,8.550000190734863,8.550000190734863,8.550000190734863,0,0.0,0.0
2023-03-15 14:30:00-04:00,8.670000076293945,8.670000076293945,8.649999618530273,8.649999618530273,782,0.0,0.0
2023-03-15 15:30:00-04:00,8.640000343322754,8.84000015258789,8.640000343322754,8.84000015258789,4041,0.0,0.0
2023-03-16 09:30:00-04:00,8.699999809265137,8.739999771118164,8.6899995803833,8.699999809265137,0,0.0,0.0
2023-03-16 10:30:00-04:00,8.630000114440918,8.700900077819824,8.516200065612793,8.700900077819824,7272,0.0,0.0
2023-03-16 11:30:00-04:00,8.665499687194824,8.699999809265137,8.57450008392334,8.696900367736816,1710,0.0,0.0
2023-03-16 12:30:00-04:00,8.699999809265137,8.819999694824219,8.616000175476074,8.819999694824219,3668,0.0,0.0
2023-03-16 13:30:00-04:00,8.670000076293945,8.728500366210938,8.65999984741211,8.65999984741211,2090,0.0,0.0
2023-03-16 14:30:00-04:00,8.65999984741211,8.695099830627441,8.510000228881836,8.635000228881836,5715,0.0,0.0
2023-03-16 15:30:00-04:00,8.619999885559082,8.6850004196167,8.609999656677246,8.609999656677246,3189,0.0,0.0
2023-03-17 10:30:00-04:00,8.689900398254395,8.689900398254395,8.631600379943848,8.631600379943848,337,0.0,0.0
2023-03-17 11:30:00-04:00,8.639900207519531,8.639900207519531,8.639900207519531,8.639900207519531,4691,0.0,0.0
2023-03-17 13:30:00-04:00,8.5,8.5,8.359999656677246,8.430000305175781,5837,0.0,0.0
2023-03-17 14:30:00-04:00,8.40999984741211,8.40999984741211,8.369999885559082,8.369999885559082,1711,0.0,0.0
2023-03-17 15:30:00-04:00,8.399999618530273,8.399999618530273,8.399999618530273,8.399999618530273,441,0.0,0.0
2023-03-20 09:30:00-04:00,8.65999984741211,8.65999984741211,8.380000114440918,8.380000114440918,0,0.0,0.0
2023-03-20 10:30:00-04:00,8.440199851989746,8.5201997756958,8.440199851989746,8.5201997756958,760,0.0,0.0
2023-03-20 11:30:00-04:00,8.449999809265137,8.449999809265137,8.449999809265137,8.449999809265137,216,0.0,0.0
2023-03-20 12:30:00-04:00,8.489999771118164,8.509400367736816,8.489999771118164,8.508999824523926,1472,0.0,0.0
2023-03-20 13:30:00-04:00,8.40999984741211,8.680000305175781,8.40999984741211,8.680000305175781,2147,0.0,0.0
2023-03-20 14:30:00-04:00,8.670000076293945,8.670000076293945,8.640000343322754,8.649999618530273,553,0.0,0.0
2023-03-20 15:30:00-04:00,8.630000114440918,8.630000114440918,8.5600004196167,8.5600004196167,1277,0.0,0.0
2023-03-21 09:30:00-04:00,8.649999618530273,8.678799629211426,8.649999618530273,8.649999618530273,0,0.0,0.0
2023-03-21 14:30:00-04:00,8.531299591064453,8.541199684143066,8.531299591064453,8.541199684143066,663,0.0,0.0
2023-03-21 15:30:00-04:00,8.579999923706055,8.579999923706055,8.579999923706055,8.579999923706055,250,0.0,0.0
2023-03-22 09:30:00-04:00,8.6850004196167,8.79990005493164,8.579999923706055,8.789899826049805,0,0.0,0.0
2023-03-22 10:30:00-04:00,8.779899597167969,8.779899597167969,8.609999656677246,8.609999656677246,1146,0.0,0.0
2023-03-22 11:30:00-04:00,8.649999618530273,8.748000144958496,8.609999656677246,8.739999771118164,4676,0.0,0.0
2023-03-22 14:30:00-04:00,8.670000076293945,8.670000076293945,8.640000343322754,8.640000343322754,2298,0.0,0.0
2023-03-22 15:30:00-04:00,8.600000381469727,8.699999809265137,8.600000381469727,8.699999809265137,1306,0.0,0.0
2023-03-23 09:30:00-04:00,8.469599723815918,8.469599723815918,8.469599723815918,8.469599723815918,818,0.0,0.0
2023-03-23 11:30:00-04:00,8.5649995803833,8.5649995803833,8.5649995803833,8.5649995803833,577,0.0,0.0
2023-03-23 13:30:00-04:00,8.515199661254883,8.550000190734863,8.38010025024414,8.388999938964844,5748,0.0,0.0
2023-03-23 15:30:00-04:00,8.380000114440918,8.649999618530273,8.380000114440918,8.649999618530273,1078,0.0,0.0
2023-03-24 09:30:00-04:00,8.479999542236328,8.479999542236328,8.390000343322754,8.390000343322754,0,0.0,0.0
2023-03-24 13:30:00-04:00,8.4399995803833,8.460000038146973,8.429100036621094,8.429100036621094,1282,0.0,0.0
2023-03-24 14:30:00-04:00,8.54990005493164,8.54990005493164,8.54990005493164,8.54990005493164,630,0.0,0.0
2023-03-24 15:30:00-04:00,8.640000343322754,8.689900398254395,8.640000343322754,8.689900398254395,488,0.0,0.0
2023-03-27 09:30:00-04:00,8.589900016784668,8.589900016784668,8.460000038146973,8.489999771118164,0,0.0,0.0
2023-03-27 10:30:00-04:00,8.529999732971191,8.65999984741211,8.529999732971191,8.65999984741211,1519,0.0,0.0
2023-03-27 11:30:00-04:00,8.619999885559082,8.619999885559082,8.619999885559082,8.619999885559082,378,0.0,0.0
2023-03-27 12:30:00-04:00,8.569999694824219,8.569999694824219,8.569999694824219,8.569999694824219,515,0.0,0.0
2023-03-27 13:30:00-04:00,8.433300018310547,8.433300018310547,8.433300018310547,8.433300018310547,814,0.0,0.0
2023-03-27 14:30:00-04:00,8.619199752807617,8.670000076293945,8.600000381469727,8.670000076293945,1276,0.0,0.0
2023-03-27 15:30:00-04:00,8.59000015258789,8.680000305175781,8.59000015258789,8.680000305175781,1046,0.0,0.0
2023-03-28 09:30:00-04:00,8.569999694824219,8.569999694824219,8.569999694824219,8.569999694824219,367,0.0,0.0
2023-03-28 13:30:00-04:00,8.609999656677246,8.649999618530273,8.59000015258789,8.59000015258789,3607,0.0,0.0
2023-03-28 14:30:00-04:00,8.550000190734863,8.699899673461914,8.520000457763672,8.630000114440918,7071,0.0,0.0
2023-03-28 15:30:00-04:00,8.579999923706055,8.591899871826172,8.569999694824219,8.59000015258789,2319,0.0,0.0
2023-03-29 09:30:00-04:00,8.529999732971191,8.539999961853027,8.510000228881836,8.539999961853027,0,0.0,0.0
2023-03-29 11:30:00-04:00,8.550000190734863,8.552399635314941,8.412400245666504,8.412400245666504,968,0.0,0.0
2023-03-29 12:30:00-04:00,8.414600372314453,8.414600372314453,8.414600372314453,8.414600372314453,1030,0.0,0.0
2023-03-29 13:30:00-04:00,8.520000457763672,8.639900207519531,8.520000457763672,8.639900207519531,921,0.0,0.0
2023-03-29 15:30:00-04:00,8.529999732971191,8.623000144958496,8.5,8.5,2198,0.0,0.0
2023-03-30 09:30:00-04:00,8.505000114440918,8.505000114440918,8.420000076293945,8.420000076293945,0,0.0,0.0
2023-03-30 10:30:00-04:00,8.595000267028809,8.595000267028809,8.595000267028809,8.595000267028809,122,0.0,0.0
2023-03-30 11:30:00-04:00,8.59000015258789,8.61989974975586,8.5,8.555000305175781,5550,0.0,0.0
2023-03-30 12:30:00-04:00,8.555000305175781,8.619999885559082,8.520000457763672,8.529999732971191,10877,0.0,0.0
2023-03-30 13:30:00-04:00,8.579999923706055,8.600000381469727,8.5,8.5,9943,0.0,0.0
2023-03-30 14:30:00-04:00,8.562299728393555,8.649900436401367,8.40999984741211,8.524999618530273,4628,0.0,0.0
2023-03-30 15:30:00-04:00,8.539999961853027,8.649900436401367,8.479999542236328,8.479999542236328,11481,0.0,0.0
2023-03-31 09:30:00-04:00,8.520000457763672,8.520000457763672,8.509599685668945,8.509599685668945,0,0.0,0.0
2023-03-31 11:30:00-04:00,8.529999732971191,8.529999732971191,8.510100364685059,8.510100364685059,1057,0.0,0.0
2023-03-31 12:30:00-04:00,8.59000015258789,8.949999809265137,8.59000015258789,8.949999809265137,7073,0.0,0.0
2023-03-31 13:30:00-04:00,8.949999809265137,9.100000381469727,8.9350004196167,9.070099830627441,6028,0.0,0.0
2023-03-31 14:30:00-04:00,9.109999656677246,9.390000343322754,9.045000076293945,9.350000381469727,8498,0.0,0.0
2023-03-31 15:30:00-04:00,9.211400032043457,9.470000267028809,9.170000076293945,9.350000381469727,39980,0.0,0.0
2023-04-03 09:30:00-04:00,9.270000457763672,9.479999542236328,9.270000457763672,9.375,4045,0.0,0.0
2023-04-03 10:30:00-04:00,9.375,9.699999809265137,9.375,9.699999809265137,5880,0.0,0.0
2023-04-03 11:30:00-04:00,9.719900131225586,9.719900131225586,9.565899848937988,9.59000015258789,3013,0.0,0.0
2023-04-03 12:30:00-04:00,9.59000015258789,9.680000305175781,9.57859992980957,9.619999885559082,6575,0.0,0.0
2023-04-03 13:30:00-04:00,9.649999618530273,9.680000305175781,9.59000015258789,9.59000015258789,4407,0.0,0.0
2023-04-03 14:30:00-04:00,9.510000228881836,9.510000228881836,9.460000038146973,9.460000038146973,3298,0.0,0.0
2023-04-03 15:30:00-04:00,9.430000305175781,9.430000305175781,9.430000305175781,9.430000305175781,1113,0.0,0.0
2023-04-04 09:30:00-04:00,9.420000076293945,9.420000076293945,9.15999984741211,9.15999984741211,0,0.0,0.0
2023-04-04 11:30:00-04:00,9.305000305175781,9.305000305175781,9.305000305175781,9.305000305175781,166,0.0,0.0
2023-04-04 12:30:00-04:00,9.204999923706055,9.204999923706055,9.204999923706055,9.204999923706055,220,0.0,0.0
2023-04-04 13:30:00-04:00,9.183300018310547,9.183300018310547,9.183300018310547,9.183300018310547,282,0.0,0.0
2023-04-04 14:30:00-04:00,9.164999961853027,9.169500350952148,9.157400131225586,9.157400131225586,1515,0.0,0.0
2023-04-04 15:30:00-04:00,9.26990032196045,9.26990032196045,9.180000305175781,9.180000305175781,684,0.0,0.0
2023-04-05 09:30:00-04:00,8.885000228881836,8.885000228881836,8.885000228881836,8.885000228881836,0,0.0,0.0
2023-04-05 11:30:00-04:00,9.015000343322754,9.109999656677246,9.015000343322754,9.109999656677246,1684,0.0,0.0
2023-04-05 12:30:00-04:00,9.0600004196167,9.069999694824219,9.057600021362305,9.069999694824219,1657,0.0,0.0
2023-04-05 13:30:00-04:00,9.0,9.0,9.0,9.0,5267,0.0,0.0
2023-04-05 15:30:00-04:00,8.869999885559082,8.869999885559082,8.729999542236328,8.729999542236328,1732,0.0,0.0
2023-04-06 09:30:00-04:00,8.899999618530273,9.1899995803833,8.899999618530273,9.039999961853027,0,0.0,0.0
2023-04-06 10:30:00-04:00,8.84000015258789,8.84000015258789,8.84000015258789,8.84000015258789,500,0.0,0.0
2023-04-06 12:30:00-04:00,8.869999885559082,8.869999885559082,8.869999885559082,8.869999885559082,186,0.0,0.0
2023-04-06 14:30:00-04:00,9.024800300598145,9.024800300598145,8.8100004196167,9.01990032196045,4127,0.0,0.0
2023-04-06 15:30:00-04:00,8.65999984741211,8.65999984741211,8.65999984741211,8.65999984741211,375,0.0,0.0
2023-04-10 09:30:00-04:00,9.0,9.0,8.819999694824219,9.0,946,0.0,0.0
2023-04-10 13:30:00-04:00,8.864999771118164,8.864999771118164,8.864999771118164,8.864999771118164,102,0.0,0.0
2023-04-10 14:30:00-04:00,8.772000312805176,8.859999656677246,8.772000312805176,8.859999656677246,839,0.0,0.0
2023-04-10 15:30:00-04:00,8.84000015258789,8.939900398254395,8.829999923706055,8.90999984741211,3458,0.0,0.0
2023-04-11 10:30:00-04:00,9.029999732971191,9.029999732971191,8.890000343322754,8.890000343322754,200,0.0,0.0
2023-04-11 11:30:00-04:00,9.010000228881836,9.25,9.0,9.25,6709,0.0,0.0
2023-04-11 12:30:00-04:00,9.350000381469727,9.4399995803833,9.029999732971191,9.029999732971191,11797,0.0,0.0
2023-04-11 13:30:00-04:00,9.121000289916992,9.121000289916992,9.121000289916992,9.121000289916992,300,0.0,0.0
2023-04-11 14:30:00-04:00,8.98740005493164,8.98740005493164,8.960000038146973,8.960000038146973,1105,0.0,0.0
2023-04-11 15:30:00-04:00,8.829999923706055,8.829999923706055,8.829999923706055,8.829999923706055,527,0.0,0.0
2023-04-12 09:30:00-04:00,9.0,9.0,9.0,9.0,0,0.0,0.0
2023-04-12 10:30:00-04:00,8.989999771118164,9.0,8.979999542236328,8.979999542236328,2243,0.0,0.0
2023-04-12 11:30:00-04:00,8.979999542236328,9.130000114440918,8.930000305175781,8.970000267028809,4053,0.0,0.0
2023-04-12 12:30:00-04:00,8.944999694824219,8.944999694824219,8.90999984741211,8.90999984741211,203,0.0,0.0
2023-04-12 13:30:00-04:00,8.994999885559082,8.994999885559082,8.989999771118164,8.989999771118164,900,0.0,0.0
2023-04-12 14:30:00-04:00,8.989999771118164,8.989999771118164,8.84280014038086,8.9399995803833,1681,0.0,0.0
2023-04-12 15:30:00-04:00,8.9350004196167,9.0600004196167,8.829999923706055,9.020000457763672,3702,0.0,0.0
2023-04-13 11:30:00-04:00,8.829999923706055,8.829999923706055,8.8100004196167,8.8100004196167,0,0.0,0.0
2023-04-13 12:30:00-04:00,8.819999694824219,8.819999694824219,8.8100004196167,8.8100004196167,379,0.0,0.0
2023-04-13 13:30:00-04:00,8.8100004196167,8.8100004196167,8.699999809265137,8.760000228881836,6798,0.0,0.0
2023-04-13 14:30:00-04:00,8.75,8.88759994506836,8.75,8.760000228881836,1322,0.0,0.0
2023-04-13 15:30:00-04:00,8.770000457763672,8.9399995803833,8.75,8.920000076293945,2837,0.0,0.0
2023-04-14 13:30:00-04:00,8.760000228881836,8.760000228881836,8.760000228881836,8.760000228881836,670,0.0,0.0
2023-04-14 15:30:00-04:00,8.738699913024902,8.859999656677246,8.738699913024902,8.859999656677246,1441,0.0,0.0
2023-04-17 09:30:00-04:00,8.869999885559082,8.869999885559082,8.869999885559082,8.869999885559082,319,0.0,0.0
2023-04-17 10:30:00-04:00,8.734999656677246,8.739999771118164,8.734999656677246,8.739999771118164,415,0.0,0.0
2023-04-17 12:30:00-04:00,8.720000267028809,8.720000267028809,8.65999984741211,8.670000076293945,2273,0.0,0.0
2023-04-17 15:30:00-04:00,8.684399604797363,8.75,8.649999618530273,8.649999618530273,2622,0.0,0.0
2023-04-18 09:30:00-04:00,8.510000228881836,8.858599662780762,8.510000228881836,8.858599662780762,0,0.0,0.0
2023-04-18 11:30:00-04:00,8.590299606323242,8.654999732971191,8.590299606323242,8.654999732971191,2085,0.0,0.0
2023-04-18 12:30:00-04:00,8.723299980163574,8.725899696350098,8.550000190734863,8.71619987487793,2200,0.0,0.0
2023-04-18 13:30:00-04:00,8.569999694824219,8.630900382995605,8.550000190734863,8.5600004196167,1640,0.0,0.0
2023-04-18 14:30:00-04:00,8.640000343322754,8.694999694824219,8.640000343322754,8.649999618530273,1728,0.0,0.0
2023-04-18 15:30:00-04:00,8.600000381469727,8.75,8.550000190734863,8.550000190734863,3070,0.0,0.0
2023-04-19 09:30:00-04:00,8.609999656677246,8.609999656677246,8.609999656677246,8.609999656677246,0,0.0,0.0
2023-04-19 11:30:00-04:00,8.59000015258789,8.62969970703125,8.59000015258789,8.62969970703125,597,0.0,0.0
2023-04-19 12:30:00-04:00,8.680000305175781,8.680000305175781,8.680000305175781,8.680000305175781,2165,0.0,0.0
2023-04-19 13:30:00-04:00,8.592000007629395,8.592000007629395,8.592000007629395,8.592000007629395,201,0.0,0.0
2023-04-19 14:30:00-04:00,8.619999885559082,8.6850004196167,8.619999885559082,8.6850004196167,2388,0.0,0.0
2023-04-19 15:30:00-04:00,8.680000305175781,8.789999961853027,8.600000381469727,8.779999732971191,1595,0.0,0.0
2023-04-20 11:30:00-04:00,8.550000190734863,8.550000190734863,8.550000190734863,8.550000190734863,0,0.0,0.0
2023-04-20 13:30:00-04:00,8.600000381469727,8.600000381469727,8.600000381469727,8.600000381469727,646,0.0,0.0
2023-04-21 09:30:00-04:00,8.699999809265137,8.699999809265137,8.699999809265137,8.699999809265137,0,0.0,0.0
2023-04-21 10:30:00-04:00,8.745100021362305,8.745100021362305,8.745100021362305,8.745100021362305,229,0.0,0.0
2023-04-21 11:30:00-04:00,8.670000076293945,8.699999809265137,8.670000076293945,8.699999809265137,1137,0.0,0.0
2023-04-21 12:30:00-04:00,8.710000038146973,8.710000038146973,8.710000038146973,8.710000038146973,2958,0.0,0.0
2023-04-21 13:30:00-04:00,8.600000381469727,8.600000381469727,8.595000267028809,8.595000267028809,258,0.0,0.0
2023-04-21 14:30:00-04:00,8.65939998626709,8.65939998626709,8.600000381469727,8.600000381469727,2318,0.0,0.0
2023-04-21 15:30:00-04:00,8.550000190734863,8.630000114440918,8.550000190734863,8.619999885559082,0,0.0,0.0
2023-04-24 09:30:00-04:00,8.5600004196167,8.6899995803833,8.5600004196167,8.645000457763672,1041,0.0,0.0
2023-04-24 13:30:00-04:00,8.5600004196167,8.5600004196167,8.550000190734863,8.550000190734863,0,0.0,0.0
2023-04-24 14:30:00-04:00,8.609999656677246,8.75,8.550000190734863,8.75,9139,0.0,0.0
2023-04-24 15:30:00-04:00,8.699999809265137,8.739999771118164,8.649999618530273,8.649999618530273,0,0.0,0.0
2023-04-25 10:30:00-04:00,8.5600004196167,8.5600004196167,8.5600004196167,8.5600004196167,182,0.0,0.0
2023-04-25 14:30:00-04:00,8.609999656677246,8.649999618530273,8.609999656677246,8.649999618530273,833,0.0,0.0
2023-04-25 15:30:00-04:00,8.614999771118164,8.614999771118164,8.550000190734863,8.550000190734863,2701,0.0,0.0
2023-04-26 09:30:00-04:00,8.649999618530273,8.960000038146973,8.649999618530273,8.850000381469727,3725,0.0,0.0
2023-04-26 10:30:00-04:00,8.83329963684082,9.399999618530273,8.766799926757812,9.210000038146973,9267,0.0,0.0
2023-04-26 11:30:00-04:00,9.295000076293945,9.350000381469727,9.039999961853027,9.350000381469727,13878,0.0,0.0
2023-04-26 12:30:00-04:00,9.319999694824219,9.680000305175781,9.289999961853027,9.640000343322754,20200,0.0,0.0
2023-04-26 13:30:00-04:00,9.5,9.64900016784668,9.5,9.64900016784668,1576,0.0,0.0
2023-04-26 14:30:00-04:00,9.569999694824219,9.929300308227539,9.550000190734863,9.75,18504,0.0,0.0
2023-04-26 15:30:00-04:00,9.694999694824219,9.75,9.640999794006348,9.75,3648,0.0,0.0
2023-04-27 09:30:00-04:00,9.760000228881836,9.760000228881836,9.375,9.600000381469727,18206,0.0,0.0
2023-04-27 10:30:00-04:00,9.600000381469727,9.600000381469727,9.380000114440918,9.40999984741211,1393,0.0,0.0
2023-04-27 11:30:00-04:00,9.524999618530273,9.5600004196167,9.5,9.500100135803223,6336,0.0,0.0
2023-04-27 13:30:00-04:00,9.5,9.5,9.5,9.5,431,0.0,0.0
2023-04-27 15:30:00-04:00,9.5,9.5,9.4399995803833,9.4399995803833,1705,0.0,0.0
2023-04-28 09:30:00-04:00,9.5,9.5,9.404999732971191,9.40999984741211,3178,0.0,0.0
2023-04-28 10:30:00-04:00,9.489999771118164,9.489999771118164,9.489999771118164,9.489999771118164,226,0.0,0.0
2023-04-28 11:30:00-04:00,9.300000190734863,9.375,9.300000190734863,9.375,394,0.0,0.0
2023-04-28 12:30:00-04:00,9.375,9.479999542236328,9.375,9.375,953,0.0,0.0
2023-04-28 14:30:00-04:00,9.427000045776367,9.427000045776367,9.270000457763672,9.399999618530273,3602,0.0,0.0
2023-04-28 15:30:00-04:00,9.390000343322754,9.449999809265137,9.300000190734863,9.3100004196167,13411,0.0,0.0
2023-05-01 09:30:00-04:00,9.449999809265137,9.449999809265137,9.260000228881836,9.260000228881836,0,0.0,0.0
2023-05-01 10:30:00-04:00,9.289999961853027,9.390000343322754,9.279999732971191,9.3100004196167,6079,0.0,0.0
2023-05-01 11:30:00-04:00,9.300000190734863,9.329999923706055,9.199999809265137,9.199999809265137,4315,0.0,0.0
2023-05-01 12:30:00-04:00,9.179900169372559,9.179900169372559,9.110099792480469,9.110099792480469,3044,0.0,0.0
2023-05-01 13:30:00-04:00,9.319999694824219,9.329999923706055,9.25,9.329999923706055,3522,0.0,0.0
2023-05-01 14:30:00-04:00,9.3100004196167,9.329999923706055,9.25,9.25,2381,0.0,0.0
2023-05-01 15:30:00-04:00,9.25,9.369999885559082,9.25,9.260499954223633,999,0.0,0.0
2023-05-02 09:30:00-04:00,9.25,9.25,9.199999809265137,9.229999542236328,0,0.0,0.0
2023-05-02 10:30:00-04:00,9.319999694824219,9.34000015258789,9.229999542236328,9.229999542236328,1646,0.0,0.0
2023-05-02 11:30:00-04:00,9.229999542236328,9.359999656677246,9.229999542236328,9.305000305175781,1452,0.0,0.0
2023-05-02 12:30:00-04:00,9.305000305175781,9.324999809265137,9.270000457763672,9.324999809265137,8894,0.0,0.0
2023-05-02 13:30:00-04:00,9.300000190734863,9.324999809265137,9.25,9.260000228881836,9990,0.0,0.0
2023-05-02 14:30:00-04:00,9.279999732971191,9.324999809265137,9.199999809265137,9.199999809265137,71389,0.0,0.0
2023-05-02 15:30:00-04:00,9.229999542236328,9.40999984741211,9.220000267028809,9.270000457763672,12553,0.0,0.0
2023-05-03 09:30:00-04:00,9.300000190734863,9.300000190734863,9.239999771118164,9.300000190734863,0,0.0,0.0
2023-05-03 10:30:00-04:00,9.429699897766113,9.429699897766113,9.350000381469727,9.354999542236328,2389,0.0,0.0
2023-05-03 11:30:00-04:00,9.329999923706055,9.329999923706055,9.329999923706055,9.329999923706055,1460,0.0,0.0
2023-05-03 13:30:00-04:00,9.319999694824219,9.319999694824219,9.319999694824219,9.319999694824219,507,0.0,0.0
2023-05-03 14:30:00-04:00,9.380000114440918,9.5,9.260000228881836,9.5,5543,0.0,0.0
2023-05-03 15:30:00-04:00,9.5,9.529999732971191,9.369999885559082,9.382699966430664,2725,0.0,0.0
2023-05-04 09:30:00-04:00,9.399999618530273,9.399999618530273,9.229999542236328,9.331100463867188,0,0.0,0.0
2023-05-04 10:30:00-04:00,9.260000228881836,9.289999961853027,9.260000228881836,9.289999961853027,844,0.0,0.0
2023-05-04 11:30:00-04:00,9.239999771118164,9.239999771118164,9.229999542236328,9.239999771118164,649,0.0,0.0
2023-05-04 12:30:00-04:00,9.25,9.289999961853027,9.25,9.289999961853027,2108,0.0,0.0
2023-05-04 13:30:00-04:00,9.25,9.25,9.25,9.25,299,0.0,0.0
2023-05-04 15:30:00-04:00,9.25,9.300000190734863,9.25,9.300000190734863,1407,0.0,0.0
2023-05-05 10:30:00-04:00,9.359999656677246,9.359999656677246,9.359999656677246,9.359999656677246,0,0.0,0.0
2023-05-05 12:30:00-04:00,9.324999809265137,9.324999809265137,9.300000190734863,9.300000190734863,2662,0.0,0.0
2023-05-05 13:30:00-04:00,9.34000015258789,9.350000381469727,9.339900016784668,9.350000381469727,2406,0.0,0.0
2023-05-05 15:30:00-04:00,9.375,9.479999542236328,9.375,9.479999542236328,1450,0.0,0.0
2023-05-08 09:30:00-04:00,9.40999984741211,9.40999984741211,9.3100004196167,9.3100004196167,0,0.0,0.0
2023-05-08 10:30:00-04:00,9.4399995803833,9.4399995803833,9.4399995803833,9.4399995803833,3098,0.0,0.0
2023-05-08 11:30:00-04:00,9.45199966430664,9.654999732971191,9.45199966430664,9.654999732971191,29524,0.0,0.0
2023-05-08 12:30:00-04:00,9.584099769592285,9.619999885559082,9.584099769592285,9.619999885559082,857,0.0,0.0
2023-05-08 13:30:00-04:00,9.569999694824219,9.654999732971191,9.470000267028809,9.470000267028809,23403,0.0,0.0
2023-05-08 15:30:00-04:00,9.430000305175781,9.5,9.319999694824219,9.319999694824219,2431,0.0,0.0
2023-05-09 09:30:00-04:00,9.395000457763672,9.5,9.395000457763672,9.5,0,0.0,0.0
2023-05-09 10:30:00-04:00,9.454999923706055,9.539999961853027,9.40999984741211,9.444999694824219,3736,0.0,0.0
2023-05-09 11:30:00-04:00,9.479999542236328,9.539999961853027,9.479999542236328,9.5,2675,0.0,0.0
2023-05-09 12:30:00-04:00,9.460000038146973,9.539999961853027,9.460000038146973,9.539999961853027,6755,0.0,0.0
2023-05-09 13:30:00-04:00,9.539999961853027,9.539999961853027,9.529999732971191,9.529999732971191,15630,0.0,0.0
2023-05-09 14:30:00-04:00,9.529999732971191,9.65999984741211,9.449999809265137,9.449999809265137,71969,0.0,0.0
2023-05-09 15:30:00-04:00,9.449999809265137,9.449999809265137,9.130000114440918,9.234999656677246,30472,0.0,0.0
2023-05-10 09:30:00-04:00,9.40999984741211,9.550000190734863,9.350000381469727,9.4399995803833,7181,0.0,0.0
2023-05-10 10:30:00-04:00,9.489999771118164,9.510000228881836,9.4399995803833,9.4399995803833,1409,0.0,0.0
2023-05-10 11:30:00-04:00,9.394200325012207,9.46500015258789,9.394200325012207,9.460000038146973,4303,0.0,0.0
2023-05-10 12:30:00-04:00,9.411100387573242,9.4399995803833,9.380000114440918,9.430000305175781,4393,0.0,0.0
2023-05-10 13:30:00-04:00,9.430000305175781,9.430000305175781,9.430000305175781,9.430000305175781,209,0.0,0.0
2023-05-10 14:30:00-04:00,9.430000305175781,9.529999732971191,9.430000305175781,9.529999732971191,14778,0.0,0.0
2023-05-10 15:30:00-04:00,9.520000457763672,9.529999732971191,9.329999923706055,9.4399995803833,12234,0.0,0.0
2023-05-11 09:30:00-04:00,9.220000267028809,9.220000267028809,9.220000267028809,9.220000267028809,0,0.0,0.0
2023-05-11 11:30:00-04:00,9.399999618530273,9.489999771118164,9.284899711608887,9.3100004196167,2440,0.0,0.0
2023-05-11 12:30:00-04:00,9.432999610900879,9.489999771118164,9.390000343322754,9.420000076293945,5057,0.0,0.0
2023-05-11 14:30:00-04:00,9.40999984741211,9.479999542236328,9.390000343322754,9.479999542236328,3889,0.0,0.0
2023-05-11 15:30:00-04:00,9.460000038146973,9.5,9.425000190734863,9.5,6909,0.0,0.0
2023-05-12 09:30:00-04:00,9.449999809265137,9.529999732971191,9.449999809265137,9.529999732971191,12953,0.0,0.0
2023-05-12 10:30:00-04:00,9.506799697875977,9.506799697875977,9.330599784851074,9.399900436401367,6246,0.0,0.0
2023-05-12 11:30:00-04:00,9.359999656677246,9.359999656677246,9.359999656677246,9.359999656677246,0,0.0,0.0
2023-05-12 12:30:00-04:00,9.40999984741211,9.449999809265137,9.300000190734863,9.300000190734863,23816,0.0,0.0
2023-05-12 13:30:00-04:00,9.479900360107422,9.479999542236328,9.425000190734863,9.459799766540527,5048,0.0,0.0
2023-05-12 14:30:00-04:00,9.4350004196167,9.449999809265137,9.430000305175781,9.442700386047363,2817,0.0,0.0
2023-05-12 15:30:00-04:00,9.444999694824219,9.46500015258789,9.420000076293945,9.449999809265137,18673,0.0,0.0
2023-05-15 09:30:00-04:00,9.460000038146973,9.770000457763672,9.420000076293945,9.6899995803833,25192,0.0,0.0
2023-05-15 10:30:00-04:00,9.739999771118164,10.289999961853027,9.694700241088867,9.864999771118164,36279,0.0,0.0
2023-05-15 11:30:00-04:00,9.882200241088867,9.930000305175781,9.882200241088867,9.930000305175781,1651,0.0,0.0
2023-05-15 12:30:00-04:00,9.944999694824219,10.037300109863281,9.944700241088867,9.944700241088867,5540,0.0,0.0
2023-05-15 13:30:00-04:00,9.989999771118164,10.039999961853027,9.989999771118164,10.0,1090,0.0,0.0
2023-05-15 14:30:00-04:00,10.010000228881836,10.085000038146973,9.979999542236328,10.085000038146973,9587,0.0,0.0
2023-05-15 15:30:00-04:00,10.100000381469727,10.279999732971191,10.050000190734863,10.199999809265137,8636,0.0,0.0
2023-05-16 09:30:00-04:00,10.229999542236328,10.369999885559082,10.010000228881836,10.050000190734863,0,0.0,0.0
2023-05-16 10:30:00-04:00,10.079999923706055,10.199999809265137,10.079999923706055,10.199999809265137,5865,0.0,0.0
2023-05-16 11:30:00-04:00,10.26200008392334,10.26200008392334,10.199999809265137,10.199999809265137,3894,0.0,0.0
2023-05-16 12:30:00-04:00,10.13010025024414,10.13010025024414,10.13010025024414,10.13010025024414,204,0.0,0.0
2023-05-16 13:30:00-04:00,10.164999961853027,10.164999961853027,10.164999961853027,10.164999961853027,1110,0.0,0.0
2023-05-16 14:30:00-04:00,10.135000228881836,10.135000228881836,10.119999885559082,10.119999885559082,1687,0.0,0.0
2023-05-16 15:30:00-04:00,10.140000343322754,10.15999984741211,10.0600004196167,10.0600004196167,11021,0.0,0.0
2023-05-17 09:30:00-04:00,10.0600004196167,10.395700454711914,10.0600004196167,10.109999656677246,0,0.0,0.0
2023-05-17 11:30:00-04:00,10.130000114440918,10.25,10.050000190734863,10.25,8956,0.0,0.0
2023-05-17 12:30:00-04:00,10.180000305175781,10.300000190734863,10.149999618530273,10.210000038146973,6535,0.0,0.0
2023-05-17 13:30:00-04:00,10.119999885559082,10.210000038146973,10.119999885559082,10.210000038146973,2261,0.0,0.0
2023-05-17 14:30:00-04:00,10.210000038146973,10.289999961853027,10.15999984741211,10.25,7244,0.0,0.0
2023-05-17 15:30:00-04:00,10.25,10.300000190734863,10.199999809265137,10.210000038146973,6888,0.0,0.0
2023-05-18 09:30:00-04:00,10.289999961853027,10.5,10.289999961853027,10.369999885559082,0,0.0,0.0
2023-05-18 10:30:00-04:00,10.359999656677246,10.359999656677246,10.3100004196167,10.3100004196167,1595,0.0,0.0
2023-05-18 11:30:00-04:00,10.3100004196167,10.330100059509277,10.280099868774414,10.3100004196167,4249,0.0,0.0
2023-05-18 12:30:00-04:00,10.324999809265137,10.324999809265137,10.319999694824219,10.319999694824219,1171,0.0,0.0
2023-05-18 13:30:00-04:00,10.220000267028809,10.220000267028809,10.220000267028809,10.220000267028809,739,0.0,0.0
2023-05-18 14:30:00-04:00,10.270000457763672,10.5,10.260000228881836,10.479999542236328,13165,0.0,0.0
2023-05-18 15:30:00-04:00,10.479999542236328,10.5,10.399999618530273,10.420000076293945,9152,0.0,0.0
2023-05-19 09:30:00-04:00,10.390000343322754,10.425299644470215,10.342100143432617,10.37399959564209,0,0.0,0.0
2023-05-19 10:30:00-04:00,10.392000198364258,10.392000198364258,10.369999885559082,10.369999885559082,881,0.0,0.0
2023-05-19 11:30:00-04:00,10.430000305175781,10.430000305175781,10.359999656677246,10.359999656677246,6323,0.0,0.0
2023-05-19 12:30:00-04:00,10.390000343322754,10.489999771118164,10.390000343322754,10.489999771118164,5672,0.0,0.0
2023-05-19 13:30:00-04:00,10.5600004196167,10.760000228881836,10.550000190734863,10.739999771118164,3929,0.0,0.0
2023-05-19 14:30:00-04:00,10.720000267028809,10.720000267028809,10.5,10.649999618530273,4952,0.0,0.0
2023-05-19 15:30:00-04:00,10.6899995803833,10.699999809265137,10.65999984741211,10.65999984741211,2334,0.0,0.0
2023-05-22 09:30:00-04:00,10.789999961853027,10.979999542236328,10.779999732971191,10.904999732971191,10636,0.0,0.0
2023-05-22 10:30:00-04:00,10.920000076293945,10.930000305175781,10.90999984741211,10.930000305175781,1034,0.0,0.0
2023-05-22 12:30:00-04:00,10.8149995803833,10.964699745178223,10.8149995803833,10.850000381469727,1724,0.0,0.0
2023-05-22 13:30:00-04:00,10.850000381469727,11.020000457763672,10.8149995803833,11.020000457763672,9785,0.0,0.0
2023-05-22 14:30:00-04:00,11.039999961853027,11.149999618530273,10.970000267028809,11.109999656677246,18897,0.0,0.0
2023-05-22 15:30:00-04:00,11.149999618530273,11.25,11.130000114440918,11.239999771118164,11809,0.0,0.0
2023-05-23 09:30:00-04:00,11.350000381469727,11.350000381469727,11.109000205993652,11.109000205993652,0,0.0,0.0
2023-05-23 10:30:00-04:00,11.133999824523926,11.470000267028809,11.133999824523926,11.364999771118164,10640,0.0,0.0
2023-05-23 11:30:00-04:00,11.404999732971191,11.470000267028809,11.390000343322754,11.420000076293945,7193,0.0,0.0
2023-05-23 12:30:00-04:00,11.449999809265137,11.550000190734863,11.440199851989746,11.5,17616,0.0,0.0
2023-05-23 13:30:00-04:00,11.449999809265137,11.489999771118164,11.399999618530273,11.489999771118164,5792,0.0,0.0
2023-05-23 14:30:00-04:00,11.489999771118164,11.5,11.4552001953125,11.5,3596,0.0,0.0
2023-05-23 15:30:00-04:00,11.489999771118164,11.5,11.420000076293945,11.5,14217,0.0,0.0
2023-05-24 09:30:00-04:00,11.460000038146973,11.470000267028809,11.199999809265137,11.460000038146973,3084,0.0,0.0
2023-05-24 10:30:00-04:00,11.373000144958496,11.470000267028809,11.323200225830078,11.470000267028809,1892,0.0,0.0
2023-05-24 13:30:00-04:00,11.430000305175781,11.430000305175781,11.3149995803833,11.3149995803833,421,0.0,0.0
2023-05-24 14:30:00-04:00,11.395000457763672,11.449999809265137,11.220000267028809,11.4399995803833,8485,0.0,0.0
2023-05-24 15:30:00-04:00,11.449999809265137,11.479999542236328,11.430000305175781,11.449999809265137,9545,0.0,0.0
2023-05-25 09:30:00-04:00,11.449999809265137,11.449999809265137,11.354999542236328,11.354999542236328,0,0.0,0.0
2023-05-25 10:30:00-04:00,11.4399995803833,11.449999809265137,11.382800102233887,11.449999809265137,3033,0.0,0.0
2023-05-25 11:30:00-04:00,11.3100004196167,11.449999809265137,11.3100004196167,11.449999809265137,8280,0.0,0.0
2023-05-25 12:30:00-04:00,11.470000267028809,11.5,11.470000267028809,11.5,3817,0.0,0.0
2023-05-25 13:30:00-04:00,11.5,11.5,11.5,11.5,5654,0.0,0.0
2023-05-25 14:30:00-04:00,11.539999961853027,11.539999961853027,11.40999984741211,11.414799690246582,7265,0.0,0.0
2023-05-25 15:30:00-04:00,11.420000076293945,11.5,11.420000076293945,11.5,4669,0.0,0.0
2023-05-26 09:30:00-04:00,11.510000228881836,11.54990005493164,11.399999618530273,11.399999618530273,0,0.0,0.0
2023-05-26 10:30:00-04:00,11.425000190734863,11.529999732971191,11.399999618530273,11.529999732971191,17555,0.0,0.0
2023-05-26 11:30:00-04:00,11.489999771118164,11.529999732971191,11.489999771118164,11.5,3857,0.0,0.0
2023-05-26 12:30:00-04:00,11.489999771118164,11.595000267028809,11.489999771118164,11.550000190734863,4299,0.0,0.0
2023-05-26 13:30:00-04:00,11.574999809265137,11.574999809265137,11.444999694824219,11.489999771118164,9745,0.0,0.0
2023-05-26 14:30:00-04:00,11.494999885559082,11.579999923706055,11.484999656677246,11.569999694824219,6990,0.0,0.0
2023-05-26 15:30:00-04:00,11.569999694824219,11.579999923706055,11.470000267028809,11.569999694824219,10082,0.0,0.0
2023-05-30 09:30:00-04:00,11.520000457763672,11.774900436401367,11.520000457763672,11.774900436401367,0,0.0,0.0
2023-05-30 10:30:00-04:00,11.779999732971191,11.999899864196777,11.76669979095459,11.949999809265137,45845,0.0,0.0
2023-05-30 11:30:00-04:00,11.914999961853027,11.920000076293945,11.850000381469727,11.865799903869629,8501,0.0,0.0
2023-05-30 12:30:00-04:00,11.875,11.875,11.80270004272461,11.850000381469727,8700,0.0,0.0
2023-05-30 13:30:00-04:00,11.859000205993652,11.890000343322754,11.82289981842041,11.890000343322754,3637,0.0,0.0
2023-05-30 14:30:00-04:00,11.899999618530273,11.9399995803833,11.850000381469727,11.914999961853027,7578,0.0,0.0
2023-05-30 15:30:00-04:00,11.914999961853027,11.970000267028809,11.859999656677246,11.970000267028809,20197,0.0,0.0
2023-05-31 09:30:00-04:00,12.0600004196167,12.234999656677246,11.920000076293945,12.02400016784668,0,0.0,0.0
2023-05-31 10:30:00-04:00,12.050000190734863,12.229999542236328,11.949999809265137,12.074999809265137,25677,0.0,0.0
2023-05-31 11:30:00-04:00,12.0,12.069999694824219,11.930000305175781,11.9399995803833,9413,0.0,0.0
2023-05-31 12:30:00-04:00,12.010000228881836,12.010000228881836,11.9399995803833,12.010000228881836,1433,0.0,0.0
2023-05-31 13:30:00-04:00,12.039999961853027,12.0649995803833,12.0,12.0649995803833,6557,0.0,0.0
2023-05-31 14:30:00-04:00,12.100000381469727,12.100000381469727,12.070199966430664,12.079999923706055,7282,0.0,0.0
2023-05-31 15:30:00-04:00,12.133099555969238,12.133199691772461,12.0600004196167,12.109999656677246,6985,0.0,0.0
2023-06-01 09:30:00-04:00,12.15999984741211,12.15999984741211,11.829999923706055,11.850000381469727,40804,0.0,0.0
2023-06-01 10:30:00-04:00,11.779999732971191,11.899999618530273,11.720000267028809,11.859999656677246,10937,0.0,0.0
2023-06-01 11:30:00-04:00,11.829999923706055,11.904999732971191,11.800000190734863,11.899999618530273,11587,0.0,0.0
2023-06-01 12:30:00-04:00,11.90999984741211,11.951399803161621,11.800000190734863,11.817500114440918,3913,0.0,0.0
2023-06-01 13:30:00-04:00,11.800000190734863,11.960000038146973,11.739999771118164,11.944000244140625,6162,0.0,0.0
2023-06-01 14:30:00-04:00,11.859999656677246,11.989999771118164,11.859999656677246,11.989999771118164,4486,0.0,0.0
2023-06-01 15:30:00-04:00,11.989999771118164,11.989999771118164,11.90999984741211,11.989999771118164,12314,0.0,0.0
2023-06-02 09:30:00-04:00,12.0,12.223199844360352,11.899999618530273,12.031499862670898,0,0.0,0.0
2023-06-02 10:30:00-04:00,12.0,12.09000015258789,11.983200073242188,12.09000015258789,1636,0.0,0.0
2023-06-02 11:30:00-04:00,12.024999618530273,12.09000015258789,11.994999885559082,12.09000015258789,4584,0.0,0.0
2023-06-02 12:30:00-04:00,12.09000015258789,12.15999984741211,11.960000038146973,12.15999984741211,11039,0.0,0.0
2023-06-02 13:30:00-04:00,12.199999809265137,12.210000038146973,12.0,12.0,7506,0.0,0.0
2023-06-02 14:30:00-04:00,12.0,12.140000343322754,12.0,12.050000190734863,12888,0.0,0.0
2023-06-02 15:30:00-04:00,12.005000114440918,12.050000190734863,11.90999984741211,11.920000076293945,7627,0.0,0.0
2023-06-05 09:30:00-04:00,11.84000015258789,11.850000381469727,11.84000015258789,11.850000381469727,0,0.0,0.0
2023-06-05 10:30:00-04:00,11.975000381469727,12.096799850463867,11.960000038146973,12.096799850463867,724,0.0,0.0
2023-06-05 11:30:00-04:00,12.0,12.199999809265137,11.960000038146973,12.199999809265137,6299,0.0,0.0
2023-06-05 12:30:00-04:00,12.25,12.34000015258789,12.229999542236328,12.229999542236328,14635,0.0,0.0
2023-06-05 13:30:00-04:00,12.180000305175781,12.199999809265137,12.107000350952148,12.199999809265137,1783,0.0,0.0
2023-06-05 14:30:00-04:00,12.199999809265137,12.229999542236328,12.154500007629395,12.154500007629395,4346,0.0,0.0
2023-06-05 15:30:00-04:00,12.220000267028809,12.291999816894531,12.220000267028809,12.279999732971191,6920,0.0,0.0
2023-06-06 09:30:00-04:00,12.199999809265137,12.267000198364258,12.114500045776367,12.1899995803833,11219,0.0,0.0
2023-06-06 10:30:00-04:00,12.1899995803833,12.210000038146973,12.149999618530273,12.149999618530273,8654,0.0,0.0
2023-06-06 11:30:00-04:00,12.080100059509277,12.1899995803833,11.930000305175781,12.1899995803833,6087,0.0,0.0
2023-06-06 12:30:00-04:00,12.09000015258789,12.15999984741211,12.0600004196167,12.069999694824219,4432,0.0,0.0
2023-06-06 13:30:00-04:00,12.069000244140625,12.119999885559082,12.010000228881836,12.119999885559082,3245,0.0,0.0
2023-06-06 14:30:00-04:00,12.079999923706055,12.1899995803833,12.07800006866455,12.1899995803833,1278,0.0,0.0
2023-06-06 15:30:00-04:00,12.170000076293945,12.170000076293945,12.039999961853027,12.09000015258789,12714,0.0,0.0
2023-06-07 09:30:00-04:00,12.09000015258789,12.09000015258789,11.8100004196167,12.0649995803833,4925,0.0,0.0
2023-06-07 10:30:00-04:00,12.0,12.199999809265137,12.0,12.119999885559082,1308,0.0,0.0
2023-06-07 11:30:00-04:00,12.0600004196167,12.0600004196167,12.0,12.0,1213,0.0,0.0
2023-06-07 12:30:00-04:00,12.0,12.170000076293945,11.960000038146973,12.170000076293945,6054,0.0,0.0
2023-06-07 13:30:00-04:00,12.114999771118164,12.180000305175781,12.0,12.050000190734863,9910,0.0,0.0
2023-06-07 14:30:00-04:00,12.010000228881836,12.0600004196167,11.890000343322754,12.039999961853027,11230,0.0,0.0
2023-06-07 15:30:00-04:00,12.0600004196167,12.119999885559082,12.039999961853027,12.119999885559082,8854,0.0,0.0
2023-06-08 09:30:00-04:00,12.010000228881836,12.199999809265137,11.739999771118164,12.199999809265137,0,0.0,0.0
2023-06-08 10:30:00-04:00,12.170000076293945,12.170000076293945,12.170000076293945,12.170000076293945,170,0.0,0.0
2023-06-08 11:30:00-04:00,12.09000015258789,12.091500282287598,12.0,12.0,5056,0.0,0.0
2023-06-08 12:30:00-04:00,12.020000457763672,12.020000457763672,12.0,12.0,992,0.0,0.0
2023-06-08 13:30:00-04:00,12.09000015258789,12.09000015258789,12.09000015258789,12.09000015258789,177,0.0,0.0
2023-06-08 14:30:00-04:00,12.0649995803833,12.100000381469727,12.0649995803833,12.100000381469727,18153,0.0,0.0
2023-06-08 15:30:00-04:00,12.09000015258789,12.199999809265137,12.074999809265137,12.199999809265137,20610,0.0,0.0
2023-06-09 09:30:00-04:00,12.069999694824219,12.149999618530273,11.930000305175781,12.149999618530273,0,0.0,0.0
2023-06-09 10:30:00-04:00,12.050000190734863,12.050000190734863,12.050000190734863,12.050000190734863,890,0.0,0.0
2023-06-09 12:30:00-04:00,12.100000381469727,12.100000381469727,12.079999923706055,12.079999923706055,4541,0.0,0.0
2023-06-09 13:30:00-04:00,12.100000381469727,12.100000381469727,12.100000381469727,12.100000381469727,482,0.0,0.0
2023-06-09 14:30:00-04:00,12.100000381469727,12.140000343322754,12.01159954071045,12.050000190734863,3264,0.0,0.0
2023-06-09 15:30:00-04:00,11.979999542236328,12.0,11.979999542236328,12.0,1200,0.0,0.0
2023-06-12 09:30:00-04:00,12.069999694824219,12.069999694824219,11.890000343322754,11.890000343322754,3285,0.0,0.0
2023-06-12 13:30:00-04:00,12.020000457763672,12.098199844360352,12.010000228881836,12.069999694824219,4093,0.0,0.0
2023-06-12 14:30:00-04:00,12.053299903869629,12.053299903869629,12.039999961853027,12.039999961853027,1032,0.0,0.0
2023-06-12 15:30:00-04:00,12.050000190734863,12.050000190734863,11.979999542236328,11.979999542236328,3301,0.0,0.0
2023-06-13 09:30:00-04:00,11.960000038146973,12.039999961853027,11.779999732971191,11.889900207519531,10358,0.0,0.0
2023-06-13 10:30:00-04:00,11.949999809265137,12.15999984741211,11.949999809265137,12.15999984741211,2544,0.0,0.0
2023-06-13 11:30:00-04:00,12.069999694824219,12.069999694824219,12.0649995803833,12.0649995803833,1587,0.0,0.0
2023-06-13 12:30:00-04:00,11.970000267028809,12.0,11.829999923706055,11.88700008392334,7728,0.0,0.0
2023-06-13 13:30:00-04:00,11.9399995803833,11.9399995803833,11.770000457763672,11.8100004196167,1697,0.0,0.0
2023-06-13 14:30:00-04:00,11.819999694824219,11.850000381469727,11.630000114440918,11.680000305175781,9240,0.0,0.0
2023-06-13 15:30:00-04:00,11.6899995803833,11.770000457763672,11.649999618530273,11.699999809265137,2203,0.0,0.0
2023-06-14 09:30:00-04:00,11.729999542236328,11.90999984741211,11.65999984741211,11.789999961853027,0,0.0,0.0
2023-06-14 10:30:00-04:00,11.689200401306152,11.699999809265137,11.569999694824219,11.569999694824219,8372,0.0,0.0
2023-06-14 11:30:00-04:00,11.545599937438965,11.65999984741211,11.545599937438965,11.65999984741211,1115,0.0,0.0
2023-06-14 12:30:00-04:00,11.5600004196167,11.628899574279785,11.319999694824219,11.420000076293945,8707,0.0,0.0
2023-06-14 13:30:00-04:00,11.432999610900879,11.432999610900879,11.432999610900879,11.432999610900879,546,0.0,0.0
2023-06-14 14:30:00-04:00,11.539999961853027,11.539999961853027,11.319999694824219,11.5,5704,0.0,0.0
2023-06-14 15:30:00-04:00,11.40999984741211,11.40999984741211,11.3100004196167,11.359999656677246,5540,0.0,0.0
2023-06-15 09:30:00-04:00,11.260000228881836,11.779999732971191,11.260000228881836,11.779999732971191,0,0.0,0.0
2023-06-15 10:30:00-04:00,11.779999732971191,11.779999732971191,11.640000343322754,11.640000343322754,2817,0.0,0.0
2023-06-15 11:30:00-04:00,11.706000328063965,11.706000328063965,11.510000228881836,11.670000076293945,2839,0.0,0.0
2023-06-15 12:30:00-04:00,11.59000015258789,11.670000076293945,11.59000015258789,11.59000015258789,3275,0.0,0.0
2023-06-15 13:30:00-04:00,11.489999771118164,11.549799919128418,11.380000114440918,11.470000267028809,14307,0.0,0.0
2023-06-15 14:30:00-04:00,11.569999694824219,11.699999809265137,11.569999694824219,11.6899995803833,5207,0.0,0.0
2023-06-15 15:30:00-04:00,11.699999809265137,11.699999809265137,11.640000343322754,11.699999809265137,4010,0.0,0.0
2023-06-16 09:30:00-04:00,11.739999771118164,11.98900032043457,11.5,11.859999656677246,2508,0.0,0.0
2023-06-16 10:30:00-04:00,11.859999656677246,12.119999885559082,11.859999656677246,11.979999542236328,18160,0.0,0.0
2023-06-16 11:30:00-04:00,11.989999771118164,11.989999771118164,11.989999771118164,11.989999771118164,611,0.0,0.0
2023-06-16 12:30:00-04:00,12.069999694824219,12.130000114440918,12.029999732971191,12.029999732971191,6818,0.0,0.0
2023-06-16 13:30:00-04:00,12.119999885559082,12.119999885559082,11.984999656677246,11.984999656677246,634,0.0,0.0
2023-06-16 14:30:00-04:00,11.890000343322754,12.010000228881836,11.890000343322754,11.979999542236328,1468,0.0,0.0
2023-06-16 15:30:00-04:00,11.979999542236328,12.0,11.90999984741211,11.989999771118164,4052,0.0,0.0
2023-06-20 09:30:00-04:00,12.430000305175781,13.0,12.430000305175781,12.569999694824219,24712,0.0,0.0
2023-06-20 10:30:00-04:00,12.760000228881836,12.779899597167969,12.470000267028809,12.640000343322754,8973,0.0,0.0
2023-06-20 11:30:00-04:00,12.619999885559082,12.73449993133545,12.619999885559082,12.73449993133545,2134,0.0,0.0
2023-06-20 12:30:00-04:00,12.704999923706055,12.849900245666504,12.704999923706055,12.789999961853027,6948,0.0,0.0
2023-06-20 13:30:00-04:00,12.8149995803833,13.0,12.649999618530273,12.65999984741211,36907,0.0,0.0
2023-06-20 14:30:00-04:00,12.72719955444336,12.729999542236328,12.630000114440918,12.716699600219727,1055,0.0,0.0
2023-06-20 15:30:00-04:00,12.699999809265137,12.949999809265137,12.6899995803833,12.770000457763672,14282,0.0,0.0
2023-06-21 09:30:00-04:00,12.899999618530273,13.107500076293945,12.529999732971191,12.984999656677246,10155,0.0,0.0
2023-06-21 10:30:00-04:00,12.90999984741211,13.069999694824219,12.819999694824219,12.890000343322754,7634,0.0,0.0
2023-06-21 11:30:00-04:00,12.880000114440918,13.014300346374512,12.869999885559082,12.869999885559082,2542,0.0,0.0
2023-06-21 12:30:00-04:00,12.880000114440918,13.050000190734863,12.729999542236328,13.039999961853027,7184,0.0,0.0
2023-06-21 13:30:00-04:00,12.970000267028809,13.069999694824219,12.779999732971191,13.039999961853027,15223,0.0,0.0
2023-06-21 14:30:00-04:00,13.0600004196167,13.199999809265137,13.045000076293945,13.199999809265137,12877,0.0,0.0
2023-06-21 15:30:00-04:00,13.272000312805176,13.272000312805176,13.100000381469727,13.100000381469727,5712,0.0,0.0
2023-06-22 09:30:00-04:00,13.09000015258789,13.1850004196167,12.149999618530273,12.880000114440918,0,0.0,0.0
2023-06-22 10:30:00-04:00,12.960000038146973,12.979999542236328,12.949999809265137,12.979999542236328,3744,0.0,0.0
2023-06-22 11:30:00-04:00,12.949999809265137,12.949999809265137,12.949999809265137,12.949999809265137,202,0.0,0.0
2023-06-22 12:30:00-04:00,12.970000267028809,12.998499870300293,12.800000190734863,12.800000190734863,4064,0.0,0.0
2023-06-22 13:30:00-04:00,12.819999694824219,12.979999542236328,12.654000282287598,12.969900131225586,1534,0.0,0.0
2023-06-22 14:30:00-04:00,12.704999923706055,12.800000190734863,12.704999923706055,12.800000190734863,821,0.0,0.0
2023-06-22 15:30:00-04:00,12.789999961853027,12.920000076293945,12.550000190734863,12.569999694824219,4281,0.0,0.0
2023-06-23 09:30:00-04:00,12.5,12.520000457763672,12.039999961853027,12.520000457763672,8172,0.0,0.0
2023-06-23 10:30:00-04:00,12.46500015258789,12.46500015258789,12.46500015258789,12.46500015258789,1122,0.0,0.0
2023-06-23 11:30:00-04:00,12.46500015258789,12.5,12.34000015258789,12.46500015258789,709,0.0,0.0
2023-06-23 12:30:00-04:00,12.420000076293945,12.539999961853027,12.420000076293945,12.539999961853027,368,0.0,0.0
2023-06-23 13:30:00-04:00,12.385000228881836,12.529999732971191,12.385000228881836,12.5,1432,0.0,0.0
2023-06-23 14:30:00-04:00,12.359999656677246,12.399999618530273,12.25,12.279999732971191,1403,0.0,0.0
2023-06-23 15:30:00-04:00,12.140000343322754,12.319999694824219,12.140000343322754,12.319999694824219,2786,0.0,0.0
2023-06-26 09:30:00-04:00,12.420000076293945,13.149900436401367,12.3100004196167,13.149900436401367,24996,0.0,0.0
2023-06-26 10:30:00-04:00,13.079899787902832,13.140000343322754,12.869999885559082,13.058500289916992,6427,0.0,0.0
2023-06-26 11:30:00-04:00,13.069999694824219,13.079899787902832,12.920000076293945,12.920000076293945,2331,0.0,0.0
2023-06-26 12:30:00-04:00,12.918800354003906,13.024999618530273,12.90999984741211,12.979999542236328,5438,0.0,0.0
2023-06-26 13:30:00-04:00,13.006999969482422,13.069999694824219,13.0,13.010000228881836,10360,0.0,0.0
2023-06-26 14:30:00-04:00,13.0600004196167,13.069999694824219,12.930000305175781,12.930000305175781,16931,0.0,0.0
2023-06-26 15:30:00-04:00,12.989999771118164,13.0,12.899999618530273,13.0,2211,0.0,0.0
2023-06-27 09:30:00-04:00,13.069999694824219,13.088399887084961,12.859999656677246,12.859999656677246,0,0.0,0.0
2023-06-27 10:30:00-04:00,12.87399959564209,12.930000305175781,12.87399959564209,12.88479995727539,5475,0.0,0.0
2023-06-27 11:30:00-04:00,13.0,13.050000190734863,12.949999809265137,12.949999809265137,2896,0.0,0.0
2023-06-27 12:30:00-04:00,13.010000228881836,13.010000228881836,12.800000190734863,12.800000190734863,2945,0.0,0.0
2023-06-27 13:30:00-04:00,12.819999694824219,12.864999771118164,12.800000190734863,12.800000190734863,3072,0.0,0.0
2023-06-27 14:30:00-04:00,12.761199951171875,12.890000343322754,12.550000190734863,12.710000038146973,2761,0.0,0.0
2023-06-27 15:30:00-04:00,12.765000343322754,12.765000343322754,12.65999984741211,12.65999984741211,1662,0.0,0.0
2023-06-28 09:30:00-04:00,12.65999984741211,12.869999885559082,12.574999809265137,12.869999885559082,5938,0.0,0.0
2023-06-28 10:30:00-04:00,12.789999961853027,13.140000343322754,12.789999961853027,13.041199684143066,13788,0.0,0.0
2023-06-28 11:30:00-04:00,13.199999809265137,13.244999885559082,13.10949993133545,13.140000343322754,6027,0.0,0.0
2023-06-28 12:30:00-04:00,13.140000343322754,13.635000228881836,13.140000343322754,13.375,32388,0.0,0.0
2023-06-28 13:30:00-04:00,13.46720027923584,13.59000015258789,13.390000343322754,13.54889965057373,15094,0.0,0.0
2023-06-28 14:30:00-04:00,13.579999923706055,13.835800170898438,13.569600105285645,13.800000190734863,14092,0.0,0.0
2023-06-28 15:30:00-04:00,13.720000267028809,13.720000267028809,13.40999984741211,13.59000015258789,18577,0.0,0.0
2023-06-29 09:30:00-04:00,13.670000076293945,13.829999923706055,13.25,13.800000190734863,0,0.0,0.0
2023-06-29 10:30:00-04:00,13.779999732971191,13.989899635314941,13.760000228881836,13.760000228881836,20382,0.0,0.0
2023-06-29 11:30:00-04:00,13.890000343322754,13.949999809265137,13.75,13.9399995803833,16030,0.0,0.0
2023-06-29 12:30:00-04:00,13.829999923706055,14.0,13.750499725341797,13.979999542236328,16730,0.0,0.0
2023-06-29 13:30:00-04:00,13.979999542236328,14.089099884033203,13.864299774169922,14.079999923706055,26434,0.0,0.0
2023-06-29 14:30:00-04:00,14.079999923706055,14.300000190734863,14.03499984741211,14.210000038146973,19565,0.0,0.0
2023-06-29 15:30:00-04:00,14.210000038146973,14.342000007629395,14.050000190734863,14.0600004196167,24168,0.0,0.0
2023-06-30 09:30:00-04:00,14.420000076293945,14.4399995803833,13.779999732971191,14.050000190734863,20314,0.0,0.0
2023-06-30 10:30:00-04:00,14.289999961853027,14.289999961853027,13.66100025177002,14.229999542236328,15567,0.0,0.0
2023-06-30 11:30:00-04:00,14.229999542236328,14.489999771118164,14.109999656677246,14.479999542236328,15824,0.0,0.0
2023-06-30 12:30:00-04:00,14.479999542236328,14.649999618530273,14.444999694824219,14.505999565124512,16483,0.0,0.0
2023-06-30 13:30:00-04:00,14.550000190734863,14.600000381469727,14.336000442504883,14.59000015258789,11504,0.0,0.0
2023-06-30 14:30:00-04:00,14.59000015258789,14.59000015258789,14.130000114440918,14.239999771118164,18042,0.0,0.0
2023-06-30 15:30:00-04:00,14.239999771118164,14.239999771118164,13.949999809265137,13.949999809265137,16317,0.0,0.0
2023-07-03 09:30:00-04:00,14.15999984741211,14.850000381469727,14.0,14.789999961853027,0,0.0,0.0
2023-07-03 10:30:00-04:00,14.829999923706055,15.399999618530273,14.80150032043457,15.260000228881836,61221,0.0,0.0
2023-07-03 11:30:00-04:00,15.300000190734863,15.449999809265137,15.154999732971191,15.300000190734863,26142,0.0,0.0
2023-07-05 09:30:00-04:00,15.369999885559082,15.699999809265137,14.684100151062012,14.84000015258789,24942,0.0,0.0
2023-07-05 10:30:00-04:00,14.779999732971191,14.890000343322754,14.5,14.756699562072754,10369,0.0,0.0
2023-07-05 11:30:00-04:00,14.85990047454834,14.880000114440918,14.510000228881836,14.558199882507324,7241,0.0,0.0
2023-07-05 12:30:00-04:00,14.550000190734863,14.550000190734863,14.25,14.270000457763672,7038,0.0,0.0
2023-07-05 13:30:00-04:00,14.350000381469727,14.470000267028809,14.300000190734863,14.300000190734863,6093,0.0,0.0
2023-07-05 14:30:00-04:00,14.330900192260742,14.359999656677246,13.9399995803833,14.25,16706,0.0,0.0
2023-07-05 15:30:00-04:00,14.255000114440918,14.449999809265137,14.109999656677246,14.289999961853027,21429,0.0,0.0
2023-07-06 09:30:00-04:00,14.050000190734863,14.154999732971191,13.380000114440918,13.609999656677246,27169,0.0,0.0
2023-07-06 10:30:00-04:00,13.84000015258789,13.999899864196777,13.489999771118164,13.829999923706055,6708,0.0,0.0
2023-07-06 11:30:00-04:00,13.789999961853027,13.949999809265137,13.670000076293945,13.949999809265137,5848,0.0,0.0
2023-07-06 12:30:00-04:00,13.820500373840332,14.039999961853027,13.729999542236328,14.039999961853027,1830,0.0,0.0
2023-07-06 13:30:00-04:00,13.954999923706055,14.34000015258789,13.954999923706055,14.255000114440918,3545,0.0,0.0
2023-07-06 14:30:00-04:00,14.350000381469727,14.460000038146973,14.3100004196167,14.3100004196167,9460,0.0,0.0
2023-07-06 15:30:00-04:00,14.3100004196167,14.4399995803833,14.260100364685059,14.369999885559082,12379,0.0,0.0
2023-07-07 09:30:00-04:00,14.25,14.859999656677246,14.25,14.859999656677246,16308,0.0,0.0
2023-07-07 10:30:00-04:00,14.789999961853027,15.069999694824219,14.75,15.069999694824219,13359,0.0,0.0
2023-07-07 11:30:00-04:00,15.024999618530273,15.069999694824219,14.880000114440918,14.896300315856934,6498,0.0,0.0
2023-07-07 12:30:00-04:00,14.899999618530273,14.987899780273438,14.819700241088867,14.987899780273438,2853,0.0,0.0
2023-07-07 13:30:00-04:00,14.899999618530273,14.899999618530273,14.758899688720703,14.758899688720703,4016,0.0,0.0
2023-07-07 14:30:00-04:00,14.710000038146973,14.880000114440918,14.471500396728516,14.619999885559082,7017,0.0,0.0
2023-07-07 15:30:00-04:00,14.649999618530273,14.649999618530273,14.430000305175781,14.4399995803833,13086,0.0,0.0
2023-07-10 09:30:00-04:00,14.59000015258789,15.208000183105469,14.5,15.1899995803833,0,0.0,0.0
2023-07-10 10:30:00-04:00,15.1899995803833,15.25,14.930000305175781,14.949999809265137,12845,0.0,0.0
2023-07-10 11:30:00-04:00,14.994999885559082,15.100000381469727,14.930000305175781,15.100000381469727,6248,0.0,0.0
2023-07-10 12:30:00-04:00,15.111000061035156,15.111000061035156,14.859999656677246,15.0,11479,0.0,0.0
2023-07-10 13:30:00-04:00,14.869999885559082,15.050000190734863,14.869999885559082,14.941900253295898,3978,0.0,0.0
2023-07-10 14:30:00-04:00,14.975000381469727,15.050000190734863,14.975000381469727,15.050000190734863,3450,0.0,0.0
2023-07-10 15:30:00-04:00,15.050000190734863,15.079999923706055,14.869999885559082,15.0,7469,0.0,0.0
2023-07-11 09:30:00-04:00,14.90999984741211,15.25,14.90999984741211,14.920000076293945,10822,0.0,0.0
2023-07-11 10:30:00-04:00,15.069999694824219,15.069999694824219,14.90999984741211,15.039999961853027,7184,0.0,0.0
2023-07-11 11:30:00-04:00,15.050000190734863,15.050000190734863,14.90999984741211,14.960000038146973,3040,0.0,0.0
2023-07-11 12:30:00-04:00,14.920000076293945,14.930000305175781,14.770000457763672,14.88070011138916,5656,0.0,0.0
2023-07-11 13:30:00-04:00,14.920000076293945,14.989999771118164,14.914999961853027,14.979999542236328,2221,0.0,0.0
2023-07-11 14:30:00-04:00,15.0,15.399999618530273,15.0,15.369999885559082,17257,0.0,0.0
2023-07-11 15:30:00-04:00,15.359999656677246,15.359999656677246,15.010000228881836,15.050000190734863,14873,0.0,0.0
2023-07-12 09:30:00-04:00,15.100000381469727,15.59000015258789,15.0600004196167,15.479999542236328,0,0.0,0.0
2023-07-12 10:30:00-04:00,15.529999732971191,15.597000122070312,15.201499938964844,15.348999977111816,9848,0.0,0.0
2023-07-12 11:30:00-04:00,15.274999618530273,15.420000076293945,15.130000114440918,15.359999656677246,7173,0.0,0.0
2023-07-12 12:30:00-04:00,15.300000190734863,15.300000190734863,15.199999809265137,15.25,4846,0.0,0.0
2023-07-12 13:30:00-04:00,15.25,15.258000373840332,15.135000228881836,15.15999984741211,5793,0.0,0.0
2023-07-12 14:30:00-04:00,15.160400390625,15.160400390625,14.880000114440918,14.880000114440918,4285,0.0,0.0
2023-07-12 15:30:00-04:00,14.789999961853027,15.0600004196167,14.789999961853027,14.979999542236328,9784,0.0,0.0
2023-07-13 09:30:00-04:00,14.859999656677246,14.935999870300293,13.869999885559082,14.40999984741211,30371,0.0,0.0
2023-07-13 10:30:00-04:00,14.479999542236328,14.89330005645752,14.300000190734863,14.550000190734863,12909,0.0,0.0
2023-07-13 11:30:00-04:00,14.489999771118164,14.539999961853027,14.380000114440918,14.479999542236328,2716,0.0,0.0
2023-07-13 12:30:00-04:00,14.369999885559082,14.470000267028809,14.242300033569336,14.242300033569336,2293,0.0,0.0
2023-07-13 13:30:00-04:00,14.350000381469727,14.350000381469727,14.100000381469727,14.100000381469727,8951,0.0,0.0
2023-07-13 14:30:00-04:00,14.140000343322754,14.319999694824219,13.970000267028809,14.25,12806,0.0,0.0
2023-07-13 15:30:00-04:00,14.220000267028809,14.359999656677246,14.170000076293945,14.350000381469727,8564,0.0,0.0
2023-07-14 09:30:00-04:00,14.270000457763672,14.719900131225586,14.180000305175781,14.630000114440918,0,0.0,0.0
2023-07-14 10:30:00-04:00,14.494999885559082,14.494999885559082,14.265000343322754,14.265000343322754,2562,0.0,0.0
2023-07-14 11:30:00-04:00,14.1899995803833,14.3100004196167,14.1899995803833,14.300000190734863,3301,0.0,0.0
2023-07-14 12:30:00-04:00,14.304699897766113,14.555000305175781,14.300000190734863,14.555000305175781,2502,0.0,0.0
2023-07-14 13:30:00-04:00,14.484000205993652,14.489999771118164,14.470000267028809,14.470000267028809,1076,0.0,0.0
2023-07-14 14:30:00-04:00,14.449999809265137,14.47819995880127,14.371100425720215,14.371100425720215,1151,0.0,0.0
2023-07-14 15:30:00-04:00,14.420000076293945,14.5,14.385000228881836,14.5,2612,0.0,0.0
2023-07-17 09:30:00-04:00,14.1899995803833,14.239999771118164,13.670000076293945,14.149999618530273,950,0.0,0.0
2023-07-17 10:30:00-04:00,14.130000114440918,14.395000457763672,14.050000190734863,14.395000457763672,9428,0.0,0.0
2023-07-17 11:30:00-04:00,14.479999542236328,14.479999542236328,14.329999923706055,14.380000114440918,4219,0.0,0.0
2023-07-17 12:30:00-04:00,14.517999649047852,14.517999649047852,14.329999923706055,14.380000114440918,5974,0.0,0.0
2023-07-17 13:30:00-04:00,14.413299560546875,14.489999771118164,14.413299560546875,14.489999771118164,1351,0.0,0.0
2023-07-17 14:30:00-04:00,14.470000267028809,14.510000228881836,14.420000076293945,14.420000076293945,3670,0.0,0.0
2023-07-17 15:30:00-04:00,14.369999885559082,14.479999542236328,14.319999694824219,14.470000267028809,11695,0.0,0.0
2023-07-18 09:30:00-04:00,14.449999809265137,14.699999809265137,14.375,14.649999618530273,5742,0.0,0.0
2023-07-18 10:30:00-04:00,14.675399780273438,14.675399780273438,14.569999694824219,14.670000076293945,2251,0.0,0.0
2023-07-18 11:30:00-04:00,14.65999984741211,14.6899995803833,14.609999656677246,14.670000076293945,5230,0.0,0.0
2023-07-18 12:30:00-04:00,14.800000190734863,14.880000114440918,14.600000381469727,14.630000114440918,3512,0.0,0.0
2023-07-18 13:30:00-04:00,14.65999984741211,14.869999885559082,14.65999984741211,14.869999885559082,10708,0.0,0.0
2023-07-18 14:30:00-04:00,14.899999618530273,15.249899864196777,14.835000038146973,15.15999984741211,12005,0.0,0.0
2023-07-18 15:30:00-04:00,15.180000305175781,15.180000305175781,14.869999885559082,14.949999809265137,17012,0.0,0.0
2023-07-19 09:30:00-04:00,15.0600004196167,15.25,14.9399995803833,14.998000144958496,0,0.0,0.0
2023-07-19 10:30:00-04:00,14.975000381469727,15.109999656677246,14.974800109863281,15.079999923706055,3039,0.0,0.0
2023-07-19 11:30:00-04:00,15.079999923706055,15.149999618530273,15.079999923706055,15.149999618530273,2248,0.0,0.0
2023-07-19 12:30:00-04:00,15.100000381469727,15.319999694824219,15.050100326538086,15.130000114440918,2740,0.0,0.0
2023-07-19 13:30:00-04:00,15.130000114440918,15.140000343322754,15.085000038146973,15.085000038146973,1854,0.0,0.0
2023-07-19 14:30:00-04:00,15.140000343322754,15.149999618530273,15.100000381469727,15.140000343322754,6682,0.0,0.0
2023-07-19 15:30:00-04:00,15.199999809265137,15.199999809265137,15.079999923706055,15.09000015258789,9153,0.0,0.0
2023-07-20 09:30:00-04:00,15.050000190734863,15.180000305175781,14.970000267028809,14.970000267028809,4946,0.0,0.0
2023-07-20 10:30:00-04:00,15.0,15.0,14.989999771118164,15.0,2111,0.0,0.0
2023-07-20 11:30:00-04:00,14.970000267028809,14.970000267028809,14.970000267028809,14.970000267028809,430,0.0,0.0
2023-07-20 12:30:00-04:00,15.010000228881836,15.010000228881836,14.960000038146973,14.960000038146973,317,0.0,0.0
2023-07-20 13:30:00-04:00,14.989999771118164,15.00100040435791,14.90999984741211,14.944999694824219,5237,0.0,0.0
2023-07-20 14:30:00-04:00,14.994999885559082,15.0,14.918299674987793,14.918299674987793,1194,0.0,0.0
2023-07-20 15:30:00-04:00,14.949999809265137,15.072600364685059,14.920000076293945,14.920000076293945,5079,0.0,0.0
2023-07-21 09:30:00-04:00,14.880000114440918,14.880000114440918,14.329999923706055,14.75,15042,0.0,0.0
2023-07-21 10:30:00-04:00,14.6899995803833,14.800000190734863,14.600000381469727,14.680000305175781,2736,0.0,0.0
2023-07-21 11:30:00-04:00,14.84000015258789,14.84000015258789,14.670100212097168,14.819999694824219,3326,0.0,0.0
2023-07-21 12:30:00-04:00,14.795000076293945,14.92020034790039,14.795000076293945,14.92020034790039,2108,0.0,0.0
2023-07-21 13:30:00-04:00,14.870699882507324,14.989999771118164,14.800000190734863,14.800000190734863,3213,0.0,0.0
2023-07-21 14:30:00-04:00,14.779999732971191,14.84000015258789,14.779999732971191,14.84000015258789,1244,0.0,0.0
2023-07-21 15:30:00-04:00,14.710000038146973,14.890000343322754,14.710000038146973,14.869999885559082,8151,0.0,0.0
2023-07-24 09:30:00-04:00,14.710000038146973,14.710000038146973,14.40999984741211,14.539999961853027,12426,0.0,0.0
2023-07-24 10:30:00-04:00,14.569999694824219,14.65999984741211,14.501999855041504,14.625,6318,0.0,0.0
2023-07-24 11:30:00-04:00,14.819999694824219,14.819999694824219,14.819999694824219,14.819999694824219,101,0.0,0.0
2023-07-24 12:30:00-04:00,14.75,14.899999618530273,14.75,14.899999618530273,3847,0.0,0.0
2023-07-24 13:30:00-04:00,14.9399995803833,15.039999961853027,14.914999961853027,14.970000267028809,7992,0.0,0.0
2023-07-24 14:30:00-04:00,14.970000267028809,15.100000381469727,14.970000267028809,15.100000381469727,7225,0.0,0.0
2023-07-24 15:30:00-04:00,15.100000381469727,15.100000381469727,14.899999618530273,14.920000076293945,5165,0.0,0.0
2023-07-25 09:30:00-04:00,15.039999961853027,15.479999542236328,14.960700035095215,15.420000076293945,0,0.0,0.0
2023-07-25 10:30:00-04:00,15.420000076293945,15.489999771118164,15.279999732971191,15.279999732971191,18327,0.0,0.0
2023-07-25 11:30:00-04:00,15.378600120544434,15.378999710083008,15.225000381469727,15.278200149536133,2486,0.0,0.0
2023-07-25 12:30:00-04:00,15.199999809265137,15.25,15.135000228881836,15.199999809265137,7039,0.0,0.0
2023-07-25 13:30:00-04:00,15.249899864196777,15.389900207519531,15.149999618530273,15.149999618530273,7685,0.0,0.0
2023-07-25 14:30:00-04:00,15.140000343322754,15.1850004196167,15.0600004196167,15.0600004196167,7045,0.0,0.0
2023-07-25 15:30:00-04:00,15.024999618530273,15.079999923706055,14.930000305175781,14.970000267028809,28553,0.0,0.0
2023-07-26 09:30:00-04:00,15.5,15.5,15.029999732971191,15.199999809265137,31445,0.0,0.0
2023-07-26 10:30:00-04:00,15.1899995803833,15.1899995803833,14.630000114440918,14.795000076293945,26574,0.0,0.0
2023-07-26 11:30:00-04:00,14.789999961853027,14.829999923706055,14.720000267028809,14.824999809265137,1895,0.0,0.0
2023-07-26 12:30:00-04:00,14.8100004196167,14.869999885559082,14.609999656677246,14.609999656677246,5148,0.0,0.0
2023-07-26 13:30:00-04:00,14.718899726867676,14.718899726867676,14.579999923706055,14.579999923706055,6344,0.0,0.0
2023-07-26 14:30:00-04:00,14.597999572753906,14.829999923706055,14.597999572753906,14.829999923706055,8144,0.0,0.0
2023-07-26 15:30:00-04:00,14.859999656677246,14.920000076293945,14.819999694824219,14.890000343322754,13002,0.0,0.0
2023-07-27 09:30:00-04:00,14.989999771118164,15.369999885559082,14.75,14.925000190734863,10277,0.0,0.0
2023-07-27 10:30:00-04:00,14.989999771118164,15.199999809265137,14.989999771118164,15.093600273132324,33295,0.0,0.0
2023-07-27 11:30:00-04:00,15.0600004196167,15.166099548339844,15.045000076293945,15.166099548339844,2438,0.0,0.0
2023-07-27 12:30:00-04:00,15.109999656677246,15.380000114440918,15.060099601745605,15.119999885559082,26185,0.0,0.0
2023-07-27 13:30:00-04:00,15.121999740600586,15.347999572753906,15.09000015258789,15.279999732971191,7300,0.0,0.0
2023-07-27 14:30:00-04:00,15.3149995803833,15.4399995803833,15.229999542236328,15.399999618530273,6350,0.0,0.0
2023-07-27 15:30:00-04:00,15.449999809265137,15.609999656677246,15.350000381469727,15.489999771118164,23743,0.0,0.0
2023-07-28 09:30:00-04:00,15.680000305175781,16.449899673461914,15.545000076293945,16.378000259399414,69869,0.0,0.0
2023-07-28 10:30:00-04:00,16.413299560546875,16.450000762939453,16.030000686645508,16.360000610351562,28657,0.0,0.0
2023-07-28 11:30:00-04:00,16.439899444580078,16.5,16.229999542236328,16.353099822998047,30857,0.0,0.0
2023-07-28 12:30:00-04:00,16.389999389648438,16.614999771118164,16.36009979248047,16.54990005493164,14926,0.0,0.0
2023-07-28 13:30:00-04:00,16.5,16.5,16.260099411010742,16.350000381469727,10152,0.0,0.0
2023-07-28 14:30:00-04:00,16.375499725341797,16.43000030517578,16.375,16.40999984741211,7452,0.0,0.0
2023-07-28 15:30:00-04:00,16.40999984741211,16.530000686645508,16.299999237060547,16.364999771118164,25211,0.0,0.0
2023-07-31 09:30:00-04:00,16.530000686645508,16.989999771118164,16.490100860595703,16.700000762939453,49647,0.0,0.0
2023-07-31 10:30:00-04:00,16.658300399780273,16.719999313354492,16.329999923706055,16.329999923706055,24118,0.0,0.0
2023-07-31 11:30:00-04:00,16.377300262451172,16.377300262451172,16.059999465942383,16.110000610351562,10932,0.0,0.0
2023-07-31 12:30:00-04:00,16.125,16.209999084472656,15.920000076293945,16.100000381469727,8343,0.0,0.0
2023-07-31 13:30:00-04:00,15.9399995803833,16.149999618530273,15.9399995803833,16.06999969482422,7875,0.0,0.0
2023-07-31 14:30:00-04:00,16.100000381469727,16.149999618530273,15.989999771118164,16.010000228881836,8037,0.0,0.0
2023-07-31 15:30:00-04:00,16.049999237060547,16.229999542236328,16.020000457763672,16.020000457763672,19889,0.0,0.0
2023-08-01 09:30:00-04:00,16.06999969482422,16.329999923706055,16.010000228881836,16.040000915527344,8218,0.0,0.0
2023-08-01 10:30:00-04:00,16.020000457763672,16.252300262451172,16.010000228881836,16.229999542236328,2200,0.0,0.0
2023-08-01 11:30:00-04:00,16.219999313354492,16.239999771118164,16.125,16.125,2431,0.0,0.0
2023-08-01 12:30:00-04:00,16.15999984741211,16.19499969482422,16.149999618530273,16.170000076293945,2407,0.0,0.0
2023-08-01 13:30:00-04:00,16.219999313354492,16.350000381469727,16.219999313354492,16.299999237060547,3256,0.0,0.0
2023-08-01 14:30:00-04:00,16.25,16.420000076293945,16.25,16.389999389648438,4916,0.0,0.0
2023-08-01 15:30:00-04:00,16.399999618530273,16.5,16.18000030517578,16.5,12770,0.0,0.0
2023-08-02 09:30:00-04:00,16.5,16.540000915527344,16.055299758911133,16.065000534057617,11841,0.0,0.0
2023-08-02 10:30:00-04:00,16.110000610351562,16.239999771118164,15.840100288391113,16.040000915527344,11510,0.0,0.0
2023-08-02 11:30:00-04:00,15.899999618530273,15.979999542236328,15.529999732971191,15.770000457763672,12669,0.0,0.0
2023-08-02 12:30:00-04:00,15.970000267028809,16.030000686645508,15.800000190734863,16.030000686645508,4048,0.0,0.0
2023-08-02 13:30:00-04:00,16.09000015258789,16.260000228881836,15.983099937438965,16.260000228881836,1997,0.0,0.0
2023-08-02 14:30:00-04:00,16.209999084472656,16.260000228881836,15.8100004196167,15.914999961853027,4345,0.0,0.0
2023-08-02 15:30:00-04:00,15.890000343322754,15.9399995803833,15.779999732971191,15.819999694824219,7322,0.0,0.0
2023-08-03 09:30:00-04:00,15.949999809265137,16.069700241088867,15.570699691772461,15.710000038146973,3081,0.0,0.0
2023-08-03 10:30:00-04:00,15.699999809265137,15.770000457763672,15.609999656677246,15.609999656677246,5551,0.0,0.0
2023-08-03 11:30:00-04:00,15.579999923706055,15.579999923706055,15.34000015258789,15.350000381469727,9193,0.0,0.0
2023-08-03 12:30:00-04:00,15.470000267028809,15.729999542236328,15.470000267028809,15.729999542236328,4768,0.0,0.0
2023-08-03 13:30:00-04:00,15.640000343322754,15.654999732971191,15.586000442504883,15.654999732971191,2947,0.0,0.0
2023-08-03 14:30:00-04:00,15.520000457763672,15.582200050354004,15.4399995803833,15.489999771118164,2676,0.0,0.0
2023-08-03 15:30:00-04:00,15.460000038146973,15.510000228881836,15.359999656677246,15.510000228881836,7100,0.0,0.0
2023-08-04 09:30:00-04:00,15.670000076293945,15.979999542236328,15.329999923706055,15.34000015258789,5935,0.0,0.0
2023-08-04 10:30:00-04:00,15.289999961853027,15.520000457763672,15.069999694824219,15.329999923706055,12219,0.0,0.0
2023-08-04 11:30:00-04:00,15.384499549865723,15.510000228881836,15.364999771118164,15.454999923706055,3369,0.0,0.0
2023-08-04 12:30:00-04:00,15.444299697875977,15.520000457763672,15.444299697875977,15.510000228881836,1017,0.0,0.0
2023-08-04 13:30:00-04:00,15.526200294494629,15.529999732971191,15.449999809265137,15.529999732971191,5887,0.0,0.0
2023-08-04 14:30:00-04:00,15.479999542236328,15.505000114440918,15.39430046081543,15.489399909973145,5630,0.0,0.0
2023-08-04 15:30:00-04:00,15.470000267028809,15.5,15.399999618530273,15.479999542236328,3598,0.0,0.0
2023-08-07 09:30:00-04:00,15.350000381469727,15.460000038146973,14.854999542236328,14.854999542236328,21174,0.0,0.0
2023-08-07 10:30:00-04:00,14.819999694824219,14.936699867248535,14.649999618530273,14.699999809265137,17864,0.0,0.0
2023-08-07 11:30:00-04:00,14.760000228881836,14.821999549865723,14.649999618530273,14.670000076293945,4493,0.0,0.0
2023-08-07 12:30:00-04:00,14.670000076293945,14.873600006103516,14.670000076293945,14.864299774169922,8457,0.0,0.0
2023-08-07 13:30:00-04:00,14.850000381469727,14.920000076293945,14.699999809265137,14.720000267028809,9471,0.0,0.0
2023-08-07 14:30:00-04:00,14.6983003616333,14.819899559020996,14.6983003616333,14.739999771118164,7657,0.0,0.0
2023-08-07 15:30:00-04:00,14.819899559020996,14.819899559020996,14.681400299072266,14.8100004196167,11284,0.0,0.0
2023-08-08 09:30:00-04:00,14.475000381469727,14.649999618530273,14.409899711608887,14.649999618530273,7010,0.0,0.0
2023-08-08 10:30:00-04:00,14.735199928283691,14.845000267028809,14.735199928283691,14.797499656677246,3689,0.0,0.0
2023-08-08 11:30:00-04:00,14.800000190734863,14.9399995803833,14.800000190734863,14.9399995803833,757,0.0,0.0
2023-08-08 12:30:00-04:00,15.0,15.0,14.979999542236328,14.989999771118164,1884,0.0,0.0
2023-08-08 13:30:00-04:00,14.960000038146973,14.989999771118164,14.899999618530273,14.970000267028809,2196,0.0,0.0
2023-08-08 14:30:00-04:00,14.96500015258789,14.970000267028809,14.890000343322754,14.890000343322754,3613,0.0,0.0
2023-08-08 15:30:00-04:00,14.869999885559082,14.970000267028809,14.816300392150879,14.970000267028809,9372,0.0,0.0
2023-08-09 09:30:00-04:00,15.170000076293945,15.170000076293945,14.4399995803833,14.633700370788574,11589,0.0,0.0
2023-08-09 10:30:00-04:00,14.881699562072754,14.881699562072754,14.560099601745605,14.619999885559082,2519,0.0,0.0
2023-08-09 11:30:00-04:00,14.670000076293945,14.710000038146973,14.640000343322754,14.710000038146973,813,0.0,0.0
2023-08-09 12:30:00-04:00,14.789999961853027,14.789999961853027,14.729999542236328,14.729999542236328,667,0.0,0.0
2023-08-09 13:30:00-04:00,14.720000267028809,14.75,14.661199569702148,14.75,2212,0.0,0.0
2023-08-09 14:30:00-04:00,14.779999732971191,14.7878999710083,14.720000267028809,14.7878999710083,1904,0.0,0.0
2023-08-09 15:30:00-04:00,14.774999618530273,14.774999618530273,14.59000015258789,14.59000015258789,3727,0.0,0.0
2023-08-10 09:30:00-04:00,14.680000305175781,14.725000381469727,14.47599983215332,14.59000015258789,0,0.0,0.0
2023-08-10 10:30:00-04:00,14.539999961853027,14.550000190734863,14.399999618530273,14.399999618530273,2115,0.0,0.0
2023-08-10 11:30:00-04:00,14.40999984741211,14.489999771118164,14.319999694824219,14.489999771118164,2687,0.0,0.0
2023-08-10 12:30:00-04:00,14.489999771118164,14.510000228881836,14.380000114440918,14.479999542236328,4657,0.0,0.0
2023-08-10 13:30:00-04:00,14.609999656677246,14.640000343322754,14.527999877929688,14.527999877929688,850,0.0,0.0
2023-08-10 14:30:00-04:00,14.529999732971191,14.554800033569336,14.520000457763672,14.520000457763672,1677,0.0,0.0
2023-08-10 15:30:00-04:00,14.520000457763672,14.529999732971191,14.4399995803833,14.529999732971191,4598,0.0,0.0
2023-08-11 09:30:00-04:00,14.1899995803833,14.359999656677246,13.630000114440918,13.864999771118164,0,0.0,0.0
2023-08-11 10:30:00-04:00,13.989999771118164,14.300000190734863,13.989999771118164,14.239999771118164,5760,0.0,0.0
2023-08-11 11:30:00-04:00,14.295000076293945,14.380000114440918,14.280099868774414,14.3100004196167,3456,0.0,0.0
2023-08-11 12:30:00-04:00,14.300000190734863,14.369999885559082,14.300000190734863,14.329999923706055,2357,0.0,0.0
2023-08-11 13:30:00-04:00,14.329999923706055,14.329999923706055,14.279999732971191,14.279999732971191,464,0.0,0.0
2023-08-11 14:30:00-04:00,14.279999732971191,14.319999694824219,14.154000282287598,14.319999694824219,4673,0.0,0.0
2023-08-11 15:30:00-04:00,14.34000015258789,14.430000305175781,14.210000038146973,14.270000457763672,13945,0.0,0.0
2023-08-14 09:30:00-04:00,14.210000038146973,14.319999694824219,13.949999809265137,14.220000267028809,9353,0.0,0.0
2023-08-14 10:30:00-04:00,14.289999961853027,14.300000190734863,14.274999618530273,14.293999671936035,1766,0.0,0.0
2023-08-14 11:30:00-04:00,14.27910041809082,14.27910041809082,13.960000038146973,13.960000038146973,7899,0.0,0.0
2023-08-14 12:30:00-04:00,14.029999732971191,14.09000015258789,13.949799537658691,14.029999732971191,3861,0.0,0.0
2023-08-14 13:30:00-04:00,14.029999732971191,14.09000015258789,13.945799827575684,13.945799827575684,3763,0.0,0.0
2023-08-14 14:30:00-04:00,13.979999542236328,13.989999771118164,13.880000114440918,13.989999771118164,3082,0.0,0.0
2023-08-14 15:30:00-04:00,13.989999771118164,14.045000076293945,13.949999809265137,14.039999961853027,8850,0.0,0.0
2023-08-15 09:30:00-04:00,13.970000267028809,14.020000457763672,13.529999732971191,13.899999618530273,4317,0.0,0.0
2023-08-15 10:30:00-04:00,13.885000228881836,13.90999984741211,13.520000457763672,13.819999694824219,15028,0.0,0.0
2023-08-15 11:30:00-04:00,13.819999694824219,14.170000076293945,13.819999694824219,14.15999984741211,5291,0.0,0.0
2023-08-15 12:30:00-04:00,14.140000343322754,14.149999618530273,14.0600004196167,14.100000381469727,1519,0.0,0.0
2023-08-15 13:30:00-04:00,14.0649995803833,14.140000343322754,13.850000381469727,13.880000114440918,5368,0.0,0.0
2023-08-15 14:30:00-04:00,13.930000305175781,14.010000228881836,13.8774995803833,13.989999771118164,6449,0.0,0.0
2023-08-15 15:30:00-04:00,13.949999809265137,13.949999809265137,13.789999961853027,13.930000305175781,9069,0.0,0.0
2023-08-16 09:30:00-04:00,13.859999656677246,13.920000076293945,13.859999656677246,13.904999732971191,1166,0.0,0.0
2023-08-16 10:30:00-04:00,13.920000076293945,13.930000305175781,13.920000076293945,13.930000305175781,234,0.0,0.0
2023-08-16 11:30:00-04:00,13.944999694824219,14.0,13.850000381469727,13.875,1958,0.0,0.0
2023-08-16 12:30:00-04:00,13.970000267028809,13.970000267028809,13.890000343322754,13.890000343322754,679,0.0,0.0
2023-08-16 13:30:00-04:00,13.859100341796875,13.914999961853027,13.760000228881836,13.904999732971191,4542,0.0,0.0
2023-08-16 14:30:00-04:00,13.9399995803833,13.970000267028809,13.800000190734863,13.800000190734863,3214,0.0,0.0
2023-08-16 15:30:00-04:00,13.845000267028809,13.845000267028809,13.710000038146973,13.770000457763672,10951,0.0,0.0
2023-08-17 09:30:00-04:00,13.899999618530273,13.930000305175781,13.649999618530273,13.704999923706055,0,0.0,0.0
2023-08-17 10:30:00-04:00,13.720000267028809,13.869000434875488,13.71150016784668,13.71150016784668,1340,0.0,0.0
2023-08-17 11:30:00-04:00,13.739999771118164,13.8100004196167,13.739999771118164,13.8100004196167,317,0.0,0.0
2023-08-17 12:30:00-04:00,13.854999542236328,13.854999542236328,13.835000038146973,13.835000038146973,1380,0.0,0.0
2023-08-17 13:30:00-04:00,13.838000297546387,13.838000297546387,13.609999656677246,13.770000457763672,5303,0.0,0.0
2023-08-17 14:30:00-04:00,13.789999961853027,13.869999885559082,13.734999656677246,13.800000190734863,4652,0.0,0.0
2023-08-17 15:30:00-04:00,13.770000457763672,13.800000190734863,13.720000267028809,13.789999961853027,18129,0.0,0.0
2023-08-18 09:30:00-04:00,13.640000343322754,13.75,13.630000114440918,13.640000343322754,0,0.0,0.0
2023-08-18 10:30:00-04:00,13.680000305175781,13.800000190734863,13.680000305175781,13.79010009765625,2777,0.0,0.0
2023-08-18 11:30:00-04:00,13.720000267028809,13.800000190734863,13.720000267028809,13.800000190734863,2175,0.0,0.0
2023-08-18 12:30:00-04:00,13.824999809265137,13.90999984741211,13.824999809265137,13.90999984741211,1564,0.0,0.0
2023-08-18 13:30:00-04:00,13.859999656677246,13.875,13.859999656677246,13.859999656677246,1408,0.0,0.0
2023-08-18 14:30:00-04:00,13.864999771118164,14.0,13.829999923706055,14.0,3273,0.0,0.0
2023-08-18 15:30:00-04:00,13.925000190734863,14.145000457763672,13.925000190734863,13.989999771118164,9600,0.0,0.0
2023-08-21 09:30:00-04:00,13.930000305175781,13.930000305175781,13.675000190734863,13.730999946594238,2612,0.0,0.0
2023-08-21 10:30:00-04:00,13.949899673461914,14.029999732971191,13.740500450134277,13.740500450134277,2825,0.0,0.0
2023-08-21 11:30:00-04:00,13.949999809265137,13.949999809265137,13.800000190734863,13.800000190734863,2631,0.0,0.0
2023-08-21 12:30:00-04:00,13.760000228881836,13.789999961853027,13.579999923706055,13.675000190734863,1655,0.0,0.0
2023-08-21 13:30:00-04:00,13.84000015258789,13.960000038146973,13.84000015258789,13.960000038146973,775,0.0,0.0
2023-08-21 14:30:00-04:00,13.94849967956543,13.979999542236328,13.94849967956543,13.979999542236328,429,0.0,0.0
2023-08-21 15:30:00-04:00,13.9399995803833,14.100000381469727,13.9399995803833,14.100000381469727,6223,0.0,0.0
2023-08-22 09:30:00-04:00,13.960000038146973,13.97700023651123,13.960000038146973,13.97700023651123,0,0.0,0.0
2023-08-22 11:30:00-04:00,14.074999809265137,14.079999923706055,14.010000228881836,14.079999923706055,1492,0.0,0.0
2023-08-22 12:30:00-04:00,14.02400016784668,14.02400016784668,14.0,14.0,722,0.0,0.0
2023-08-22 13:30:00-04:00,14.100000381469727,14.100000381469727,13.989999771118164,14.055000305175781,3524,0.0,0.0
2023-08-22 14:30:00-04:00,14.109999656677246,14.114999771118164,13.920000076293945,14.114999771118164,1755,0.0,0.0
2023-08-22 15:30:00-04:00,14.0,14.09000015258789,13.979999542236328,13.989999771118164,3719,0.0,0.0
2023-08-23 09:30:00-04:00,14.09000015258789,14.210000038146973,14.045000076293945,14.210000038146973,0,0.0,0.0
2023-08-23 11:30:00-04:00,14.100000381469727,14.130000114440918,14.027700424194336,14.029999732971191,894,0.0,0.0
2023-08-23 12:30:00-04:00,14.042099952697754,14.059900283813477,13.970000267028809,14.050000190734863,1252,0.0,0.0
2023-08-23 13:30:00-04:00,14.029999732971191,14.029999732971191,14.029999732971191,14.029999732971191,412,0.0,0.0
2023-08-23 14:30:00-04:00,14.020000457763672,14.039999961853027,13.859999656677246,13.859999656677246,5132,0.0,0.0
2023-08-23 15:30:00-04:00,13.890000343322754,13.970000267028809,13.779999732971191,13.970000267028809,12445,0.0,0.0
2023-08-24 09:30:00-04:00,13.880000114440918,13.880000114440918,13.460000038146973,13.5649995803833,0,0.0,0.0
2023-08-24 10:30:00-04:00,13.716500282287598,13.716500282287598,13.716500282287598,13.716500282287598,582,0.0,0.0
2023-08-24 11:30:00-04:00,13.460000038146973,13.554300308227539,13.1899995803833,13.279999732971191,3012,0.0,0.0
2023-08-24 12:30:00-04:00,13.289999961853027,13.3149995803833,13.239999771118164,13.265000343322754,2614,0.0,0.0
2023-08-24 13:30:00-04:00,13.220000267028809,13.220000267028809,12.859999656677246,12.970000267028809,14074,0.0,0.0
2023-08-24 14:30:00-04:00,12.90999984741211,12.949899673461914,12.699999809265137,12.699999809265137,10069,0.0,0.0
2023-08-24 15:30:00-04:00,12.710000038146973,12.739999771118164,12.470000267028809,12.710000038146973,10513,0.0,0.0
2023-08-25 09:30:00-04:00,12.720000267028809,12.90999984741211,12.720000267028809,12.850000381469727,4451,0.0,0.0
2023-08-25 10:30:00-04:00,12.845000267028809,12.845000267028809,12.520000457763672,12.579899787902832,7745,0.0,0.0
2023-08-25 11:30:00-04:00,12.810099601745605,12.899299621582031,12.640000343322754,12.789999961853027,2787,0.0,0.0
2023-08-25 12:30:00-04:00,12.649999618530273,12.729999542236328,12.640000343322754,12.729999542236328,4660,0.0,0.0
2023-08-25 13:30:00-04:00,12.779199600219727,12.970000267028809,12.720000267028809,12.9399995803833,12492,0.0,0.0
2023-08-25 14:30:00-04:00,12.930000305175781,12.930000305175781,12.723799705505371,12.835000038146973,18870,0.0,0.0
2023-08-25 15:30:00-04:00,12.970000267028809,12.979999542236328,12.8100004196167,12.970000267028809,6338,0.0,0.0
2023-08-28 09:30:00-04:00,12.9399995803833,13.369999885559082,12.90999984741211,13.34000015258789,0,0.0,0.0
2023-08-28 10:30:00-04:00,13.354999542236328,13.479999542236328,13.3100004196167,13.479999542236328,2595,0.0,0.0
2023-08-28 11:30:00-04:00,13.499899864196777,13.749899864196777,13.499899864196777,13.67870044708252,3371,0.0,0.0
2023-08-28 12:30:00-04:00,13.680000305175781,13.734800338745117,13.515000343322754,13.734800338745117,2215,0.0,0.0
2023-08-28 13:30:00-04:00,13.692500114440918,13.692500114440918,13.595000267028809,13.630000114440918,1403,0.0,0.0
2023-08-28 14:30:00-04:00,13.680000305175781,13.720000267028809,13.600000381469727,13.711999893188477,11106,0.0,0.0
2023-08-28 15:30:00-04:00,13.710000038146973,13.764399528503418,13.710000038146973,13.710000038146973,4677,0.0,0.0
2023-08-29 09:30:00-04:00,13.849900245666504,13.849900245666504,13.574999809265137,13.600000381469727,0,0.0,0.0
2023-08-29 10:30:00-04:00,13.63539981842041,13.779999732971191,13.593600273132324,13.710000038146973,3331,0.0,0.0
2023-08-29 11:30:00-04:00,13.720000267028809,13.720000267028809,13.720000267028809,13.720000267028809,499,0.0,0.0
2023-08-29 12:30:00-04:00,13.7475004196167,13.824999809265137,13.744999885559082,13.824999809265137,1943,0.0,0.0
2023-08-29 13:30:00-04:00,13.734999656677246,13.739999771118164,13.63479995727539,13.63479995727539,2193,0.0,0.0
2023-08-29 14:30:00-04:00,13.600000381469727,13.859999656677246,13.600000381469727,13.779999732971191,4608,0.0,0.0
2023-08-29 15:30:00-04:00,13.885000228881836,13.979999542236328,13.760000228881836,13.789999961853027,3506,0.0,0.0
2023-08-30 09:30:00-04:00,13.75,14.096199989318848,13.59000015258789,13.670000076293945,3522,0.0,0.0
2023-08-30 10:30:00-04:00,13.649999618530273,13.782299995422363,13.600000381469727,13.699999809265137,2502,0.0,0.0
2023-08-30 11:30:00-04:00,13.800000190734863,13.800000190734863,13.800000190734863,13.800000190734863,313,0.0,0.0
2023-08-30 12:30:00-04:00,13.770000457763672,13.777000427246094,13.70009994506836,13.70009994506836,1726,0.0,0.0
2023-08-30 13:30:00-04:00,13.720000267028809,13.720000267028809,13.609999656677246,13.609999656677246,1390,0.0,0.0
2023-08-30 14:30:00-04:00,13.609999656677246,13.6899995803833,13.550000190734863,13.5600004196167,7586,0.0,0.0
2023-08-30 15:30:00-04:00,13.609999656677246,13.690999984741211,13.520000457763672,13.520000457763672,4318,0.0,0.0
2023-08-31 09:30:00-04:00,13.630000114440918,13.630000114440918,13.630000114440918,13.630000114440918,1155,0.0,0.0
2023-08-31 10:30:00-04:00,13.770000457763672,13.799699783325195,13.770000457763672,13.799699783325195,278,0.0,0.0
2023-08-31 11:30:00-04:00,13.760000228881836,13.819999694824219,13.760000228881836,13.819999694824219,1150,0.0,0.0
2023-08-31 12:30:00-04:00,13.819999694824219,13.970000267028809,13.819999694824219,13.949999809265137,7188,0.0,0.0
2023-08-31 13:30:00-04:00,14.135100364685059,14.135100364685059,13.899999618530273,13.899999618530273,2501,0.0,0.0
2023-08-31 14:30:00-04:00,13.854999542236328,13.854999542236328,13.854999542236328,13.854999542236328,358,0.0,0.0
2023-08-31 15:30:00-04:00,13.819999694824219,13.839900016784668,13.449999809265137,13.449999809265137,7550,0.0,0.0
2023-09-01 09:30:00-04:00,13.779999732971191,13.850000381469727,13.779999732971191,13.779999732971191,1764,0.0,0.0
2023-09-01 10:30:00-04:00,13.73009967803955,13.984999656677246,13.729999542236328,13.864999771118164,2667,0.0,0.0
2023-09-01 11:30:00-04:00,13.859999656677246,13.984999656677246,13.859999656677246,13.984999656677246,1035,0.0,0.0
2023-09-01 12:30:00-04:00,13.789999961853027,13.970000267028809,13.600000381469727,13.829999923706055,2206,0.0,0.0
2023-09-01 13:30:00-04:00,13.739999771118164,13.83590030670166,13.585000038146973,13.585000038146973,1224,0.0,0.0
2023-09-01 14:30:00-04:00,13.664999961853027,13.664999961853027,13.664999961853027,13.664999961853027,733,0.0,0.0
2023-09-01 15:30:00-04:00,13.664999961853027,13.779999732971191,13.59000015258789,13.729999542236328,4752,0.0,0.0
2023-09-05 09:30:00-04:00,13.680000305175781,13.680000305175781,13.109999656677246,13.366299629211426,0,0.0,0.0
2023-09-05 10:30:00-04:00,13.100000381469727,13.10990047454834,12.755900382995605,13.003999710083008,5320,0.0,0.0
2023-09-05 11:30:00-04:00,13.0,13.0,12.729999542236328,12.729999542236328,2903,0.0,0.0
2023-09-05 12:30:00-04:00,12.84000015258789,12.999899864196777,12.75,12.75,1303,0.0,0.0
2023-09-05 13:30:00-04:00,12.899999618530273,12.984999656677246,12.869999885559082,12.9399995803833,4003,0.0,0.0
2023-09-05 14:30:00-04:00,12.9399995803833,12.949999809265137,12.869999885559082,12.949999809265137,729,0.0,0.0
2023-09-05 15:30:00-04:00,12.9399995803833,13.055000305175781,12.75,12.979999542236328,11254,0.0,0.0
2023-09-06 09:30:00-04:00,12.850000381469727,13.34000015258789,12.850000381469727,13.22819995880127,0,0.0,0.0
2023-09-06 10:30:00-04:00,13.024999618530273,13.140000343322754,12.899999618530273,12.9399995803833,1047,0.0,0.0
2023-09-06 11:30:00-04:00,13.109999656677246,13.109999656677246,12.9399995803833,12.9399995803833,243,0.0,0.0
2023-09-06 12:30:00-04:00,13.079999923706055,13.079999923706055,12.90999984741211,12.90999984741211,1010,0.0,0.0
2023-09-06 13:30:00-04:00,12.954999923706055,12.954999923706055,12.949999809265137,12.949999809265137,844,0.0,0.0
2023-09-06 14:30:00-04:00,12.944999694824219,13.350000381469727,12.910499572753906,13.350000381469727,3884,0.0,0.0
2023-09-06 15:30:00-04:00,13.109999656677246,13.119999885559082,12.949999809265137,12.949999809265137,3479,0.0,0.0
2023-09-07 09:30:00-04:00,13.050000190734863,13.050000190734863,12.75,12.824999809265137,0,0.0,0.0
2023-09-07 10:30:00-04:00,12.899999618530273,12.90999984741211,12.75,12.75,3713,0.0,0.0
2023-09-07 11:30:00-04:00,12.8100004196167,12.989999771118164,12.8100004196167,12.989999771118164,4525,0.0,0.0
2023-09-07 15:30:00-04:00,12.989999771118164,12.989999771118164,12.760000228881836,12.760000228881836,2586,0.0,0.0
2023-09-08 09:30:00-04:00,12.880000114440918,13.038999557495117,12.803999900817871,13.038999557495117,0,0.0,0.0
2023-09-08 10:30:00-04:00,12.90999984741211,13.029999732971191,12.850000381469727,12.850000381469727,632,0.0,0.0
2023-09-08 12:30:00-04:00,12.859999656677246,12.880000114440918,12.819999694824219,12.819999694824219,1447,0.0,0.0
2023-09-08 13:30:00-04:00,12.859999656677246,12.859999656677246,12.75,12.805000305175781,3541,0.0,0.0
2023-09-08 14:30:00-04:00,12.75,12.835000038146973,12.75,12.829999923706055,1027,0.0,0.0
2023-09-08 15:30:00-04:00,12.75,12.979999542236328,12.680000305175781,12.979999542236328,4825,0.0,0.0
2023-09-11 09:30:00-04:00,12.789999961853027,12.829999923706055,12.679800033569336,12.829999923706055,0,0.0,0.0
2023-09-11 10:30:00-04:00,12.800000190734863,12.84000015258789,12.757800102233887,12.84000015258789,2406,0.0,0.0
2023-09-11 11:30:00-04:00,12.850000381469727,12.859999656677246,12.75,12.859999656677246,1755,0.0,0.0
2023-09-11 12:30:00-04:00,12.869999885559082,12.930000305175781,12.869999885559082,12.880000114440918,1223,0.0,0.0
2023-09-11 13:30:00-04:00,12.840100288391113,12.930000305175781,12.840100288391113,12.930000305175781,567,0.0,0.0
2023-09-11 14:30:00-04:00,12.859999656677246,12.859999656677246,12.850000381469727,12.850000381469727,1352,0.0,0.0
2023-09-11 15:30:00-04:00,12.800000190734863,12.930000305175781,12.789999961853027,12.864999771118164,6456,0.0,0.0
2023-09-12 09:30:00-04:00,12.819999694824219,12.899999618530273,12.699899673461914,12.748900413513184,3767,0.0,0.0
2023-09-12 10:30:00-04:00,12.720000267028809,12.75,12.699999809265137,12.744999885559082,2110,0.0,0.0
2023-09-12 12:30:00-04:00,12.75,12.75,12.75,12.75,250,0.0,0.0
2023-09-12 13:30:00-04:00,12.789999961853027,12.920000076293945,12.720000267028809,12.720000267028809,732,0.0,0.0
2023-09-12 14:30:00-04:00,12.720000267028809,12.755000114440918,12.5600004196167,12.5600004196167,6975,0.0,0.0
2023-09-12 15:30:00-04:00,12.630000114440918,12.630000114440918,12.510000228881836,12.510000228881836,9142,0.0,0.0
2023-09-13 09:30:00-04:00,12.770000457763672,12.800000190734863,12.770000457763672,12.789999961853027,2139,0.0,0.0
2023-09-13 10:30:00-04:00,12.890000343322754,13.170000076293945,12.890000343322754,13.050000190734863,10551,0.0,0.0
2023-09-13 11:30:00-04:00,13.0,13.010000228881836,12.84000015258789,12.902000427246094,12961,0.0,0.0
2023-09-13 12:30:00-04:00,13.069999694824219,13.069999694824219,12.880000114440918,12.880000114440918,1157,0.0,0.0
2023-09-13 13:30:00-04:00,12.869999885559082,13.029999732971191,12.820199966430664,13.0,8466,0.0,0.0
2023-09-13 15:30:00-04:00,12.904999732971191,12.960000038146973,12.904999732971191,12.9399995803833,2192,0.0,0.0
2023-09-14 09:30:00-04:00,13.010000228881836,13.09000015258789,12.880000114440918,12.960000038146973,3522,0.0,0.0
2023-09-14 10:30:00-04:00,12.989999771118164,13.130000114440918,12.865300178527832,13.130000114440918,3405,0.0,0.0
2023-09-14 11:30:00-04:00,13.039999961853027,13.130000114440918,12.970000267028809,12.970000267028809,1246,0.0,0.0
2023-09-14 12:30:00-04:00,13.100000381469727,13.5,13.041600227355957,13.40999984741211,18874,0.0,0.0
2023-09-14 13:30:00-04:00,13.539999961853027,13.600000381469727,13.425000190734863,13.539999961853027,3992,0.0,0.0
2023-09-14 14:30:00-04:00,13.350000381469727,13.529999732971191,13.350000381469727,13.529999732971191,778,0.0,0.0
2023-09-14 15:30:00-04:00,13.5,13.640000343322754,13.4399995803833,13.619999885559082,11223,0.0,0.0
2023-09-15 09:30:00-04:00,13.630000114440918,13.630000114440918,13.5,13.5,1606,0.0,0.0
2023-09-15 10:30:00-04:00,13.442000389099121,13.539999961853027,13.442000389099121,13.539999961853027,1466,0.0,0.0
2023-09-15 11:30:00-04:00,13.489999771118164,13.585000038146973,13.480500221252441,13.489999771118164,1570,0.0,0.0
2023-09-15 12:30:00-04:00,13.460000038146973,13.569999694824219,13.4399995803833,13.489999771118164,3328,0.0,0.0
2023-09-15 13:30:00-04:00,13.579999923706055,13.729999542236328,13.579999923706055,13.720000267028809,5707,0.0,0.0
2023-09-15 14:30:00-04:00,13.699999809265137,13.829999923706055,13.677499771118164,13.700400352478027,5388,0.0,0.0
2023-09-15 15:30:00-04:00,13.644000053405762,13.710000038146973,13.619999885559082,13.654999732971191,2829,0.0,0.0
2023-09-18 09:30:00-04:00,13.739999771118164,13.739999771118164,13.429200172424316,13.429200172424316,2652,0.0,0.0
2023-09-18 10:30:00-04:00,13.40999984741211,13.40999984741211,13.40999984741211,13.40999984741211,156,0.0,0.0
2023-09-18 11:30:00-04:00,13.470000267028809,13.494999885559082,13.280500411987305,13.280500411987305,3612,0.0,0.0
2023-09-18 12:30:00-04:00,13.220000267028809,13.335399627685547,13.210000038146973,13.335399627685547,1223,0.0,0.0
2023-09-18 13:30:00-04:00,13.229999542236328,13.229999542236328,13.10949993133545,13.10949993133545,3252,0.0,0.0
2023-09-18 14:30:00-04:00,13.149999618530273,13.175000190734863,13.09000015258789,13.175000190734863,3604,0.0,0.0
2023-09-18 15:30:00-04:00,13.204999923706055,13.229999542236328,13.039999961853027,13.109999656677246,2026,0.0,0.0
2023-09-19 09:30:00-04:00,13.079999923706055,13.079999923706055,13.010000228881836,13.029999732971191,0,0.0,0.0
2023-09-19 10:30:00-04:00,13.0,13.140000343322754,12.920000076293945,13.0,6548,0.0,0.0
2023-09-19 13:30:00-04:00,13.199999809265137,13.199999809265137,13.109999656677246,13.119999885559082,1188,0.0,0.0
2023-09-19 14:30:00-04:00,13.204999923706055,13.204999923706055,13.204999923706055,13.204999923706055,156,0.0,0.0
2023-09-19 15:30:00-04:00,13.220000267028809,13.220000267028809,13.039999961853027,13.039999961853027,2993,0.0,0.0
2023-09-20 09:30:00-04:00,13.170000076293945,13.210000038146973,13.170000076293945,13.210000038146973,948,0.0,0.0
2023-09-20 10:30:00-04:00,13.03950023651123,13.0600004196167,12.96500015258789,12.989999771118164,1890,0.0,0.0
2023-09-20 11:30:00-04:00,13.069999694824219,13.069999694824219,13.069999694824219,13.069999694824219,1585,0.0,0.0
2023-09-20 12:30:00-04:00,13.039999961853027,13.039999961853027,13.039999961853027,13.039999961853027,1986,0.0,0.0
2023-09-20 14:30:00-04:00,12.979999542236328,12.979999542236328,12.47189998626709,12.725000381469727,18749,0.0,0.0
2023-09-20 15:30:00-04:00,12.600000381469727,12.739999771118164,12.470100402832031,12.569999694824219,6268,0.0,0.0
2023-09-21 09:30:00-04:00,12.5,12.5,12.130000114440918,12.329999923706055,0,0.0,0.0
2023-09-21 10:30:00-04:00,12.289999961853027,12.289999961853027,12.020000457763672,12.029999732971191,7654,0.0,0.0
2023-09-21 11:30:00-04:00,12.109999656677246,12.220000267028809,12.0600004196167,12.220000267028809,2891,0.0,0.0
2023-09-21 12:30:00-04:00,12.234999656677246,12.234999656677246,12.15999984741211,12.1899995803833,1441,0.0,0.0
2023-09-21 13:30:00-04:00,12.25,12.25,11.970000267028809,12.0,6514,0.0,0.0
2023-09-21 14:30:00-04:00,12.050000190734863,12.170000076293945,12.050000190734863,12.109999656677246,5008,0.0,0.0
2023-09-21 15:30:00-04:00,12.085000038146973,12.140000343322754,12.029999732971191,12.029999732971191,16316,0.0,0.0
2023-09-22 09:30:00-04:00,12.020000457763672,12.050000190734863,11.8100004196167,11.970000267028809,0,0.0,0.0
2023-09-22 10:30:00-04:00,11.979999542236328,12.050000190734863,11.954999923706055,12.039999961853027,5163,0.0,0.0
2023-09-22 11:30:00-04:00,12.09000015258789,12.09000015258789,12.09000015258789,12.09000015258789,280,0.0,0.0
2023-09-22 12:30:00-04:00,12.029999732971191,12.079999923706055,11.979999542236328,12.074999809265137,2662,0.0,0.0
2023-09-22 13:30:00-04:00,12.050000190734863,12.069999694824219,11.925000190734863,12.020000457763672,8588,0.0,0.0
2023-09-22 14:30:00-04:00,11.96500015258789,12.295000076293945,11.96500015258789,12.295000076293945,11756,0.0,0.0
2023-09-22 15:30:00-04:00,12.265000343322754,12.270000457763672,12.069999694824219,12.069999694824219,8037,0.0,0.0
2023-09-25 09:30:00-04:00,11.829999923706055,12.239999771118164,11.729999542236328,12.180000305175781,0,0.0,0.0
2023-09-25 10:30:00-04:00,12.125,12.225000381469727,11.899999618530273,11.899999618530273,15831,0.0,0.0
2023-09-25 11:30:00-04:00,11.970000267028809,12.199999809265137,11.850000381469727,12.170000076293945,30824,0.0,0.0
2023-09-25 13:30:00-04:00,12.210000038146973,12.4399995803833,12.199999809265137,12.4399995803833,3247,0.0,0.0
2023-09-25 14:30:00-04:00,12.449999809265137,12.470000267028809,12.40999984741211,12.411100387573242,2021,0.0,0.0
2023-09-25 15:30:00-04:00,12.470000267028809,12.670000076293945,12.170000076293945,12.170000076293945,8265,0.0,0.0
2023-09-26 09:30:00-04:00,12.210000038146973,12.479999542236328,12.210000038146973,12.479999542236328,1221,0.0,0.0
2023-09-26 10:30:00-04:00,12.479999542236328,12.479999542236328,12.449999809265137,12.449999809265137,260,0.0,0.0
2023-09-26 11:30:00-04:00,12.5,12.5,12.5,12.5,109,0.0,0.0
2023-09-26 12:30:00-04:00,12.460000038146973,12.5,12.460000038146973,12.5,1198,0.0,0.0
2023-09-26 14:30:00-04:00,12.40999984741211,12.760000228881836,12.40999984741211,12.75,4011,0.0,0.0
2023-09-26 15:30:00-04:00,12.8100004196167,12.8100004196167,12.600000381469727,12.699999809265137,5103,0.0,0.0
2023-09-27 09:30:00-04:00,12.59000015258789,13.170000076293945,12.59000015258789,12.979999542236328,6475,0.0,0.0
2023-09-27 10:30:00-04:00,13.09000015258789,13.09000015258789,12.86340045928955,12.920000076293945,2121,0.0,0.0
2023-09-27 11:30:00-04:00,13.029999732971191,13.050000190734863,12.949999809265137,13.039999961853027,3456,0.0,0.0
2023-09-27 12:30:00-04:00,13.050000190734863,13.050000190734863,12.774999618530273,12.90999984741211,1066,0.0,0.0
2023-09-27 13:30:00-04:00,13.039999961853027,13.050000190734863,12.920000076293945,13.010000228881836,1708,0.0,0.0
2023-09-27 14:30:00-04:00,13.020000457763672,13.342399597167969,12.9350004196167,13.34000015258789,3928,0.0,0.0
2023-09-27 15:30:00-04:00,13.350000381469727,13.350000381469727,13.114999771118164,13.210000038146973,4914,0.0,0.0
2023-09-28 09:30:00-04:00,13.300000190734863,13.329999923706055,13.119999885559082,13.170000076293945,2371,0.0,0.0
2023-09-28 10:30:00-04:00,13.210000038146973,13.210000038146973,13.210000038146973,13.210000038146973,247,0.0,0.0
2023-09-28 11:30:00-04:00,13.069999694824219,13.069999694824219,12.960000038146973,13.03499984741211,870,0.0,0.0
2023-09-28 12:30:00-04:00,13.069999694824219,13.1899995803833,13.03499984741211,13.069999694824219,2444,0.0,0.0
2023-09-28 13:30:00-04:00,13.149999618530273,13.15999984741211,12.994999885559082,13.149999618530273,3585,0.0,0.0
2023-09-28 14:30:00-04:00,13.0600004196167,13.0600004196167,13.0600004196167,13.0600004196167,404,0.0,0.0
2023-09-28 15:30:00-04:00,12.949999809265137,13.140000343322754,12.949999809265137,13.140000343322754,8262,0.0,0.0
2023-09-29 09:30:00-04:00,13.192099571228027,13.208999633789062,13.192099571228027,13.208999633789062,0,0.0,0.0
2023-09-29 10:30:00-04:00,13.069999694824219,13.189000129699707,13.050000190734863,13.050000190734863,1765,0.0,0.0
2023-09-29 12:30:00-04:00,12.96500015258789,12.96500015258789,12.96500015258789,12.96500015258789,230,0.0,0.0
2023-09-29 13:30:00-04:00,12.930000305175781,12.979000091552734,12.869999885559082,12.869999885559082,2131,0.0,0.0
2023-09-29 14:30:00-04:00,12.989899635314941,12.989999771118164,12.960000038146973,12.989999771118164,2031,0.0,0.0
2023-09-29 15:30:00-04:00,13.050000190734863,13.130000114440918,13.015000343322754,13.130000114440918,3714,0.0,0.0
2023-10-02 09:30:00-04:00,13.109999656677246,13.109999656677246,12.550000190734863,13.010000228881836,0,0.0,0.0
2023-10-02 10:30:00-04:00,12.800000190734863,12.800000190734863,12.800000190734863,12.800000190734863,463,0.0,0.0
2023-10-02 11:30:00-04:00,12.8100004196167,12.970000267028809,12.8100004196167,12.970000267028809,993,0.0,0.0
2023-10-02 12:30:00-04:00,12.949999809265137,12.949999809265137,11.789999961853027,11.880000114440918,26889,0.0,0.0
2023-10-02 13:30:00-04:00,11.770000457763672,12.170000076293945,11.770000457763672,12.170000076293945,11413,0.0,0.0
2023-10-02 14:30:00-04:00,12.170000076293945,12.239999771118164,12.100000381469727,12.100000381469727,2981,0.0,0.0
2023-10-02 15:30:00-04:00,12.045000076293945,12.199999809265137,11.989999771118164,12.079999923706055,8776,0.0,0.0
2023-10-03 09:30:00-04:00,12.130000114440918,12.279999732971191,11.90999984741211,11.90999984741211,1822,0.0,0.0
2023-10-03 10:30:00-04:00,11.890000343322754,11.9399995803833,11.890000343322754,11.890000343322754,708,0.0,0.0
2023-10-03 11:30:00-04:00,11.970000267028809,11.970000267028809,11.880000114440918,11.920000076293945,3098,0.0,0.0
2023-10-03 12:30:00-04:00,11.960000038146973,12.010000228881836,11.890000343322754,11.890000343322754,1678,0.0,0.0
2023-10-03 13:30:00-04:00,11.930000305175781,11.9399995803833,11.880000114440918,11.880000114440918,1515,0.0,0.0
2023-10-03 14:30:00-04:00,11.890000343322754,11.949999809265137,11.890000343322754,11.949999809265137,2302,0.0,0.0
2023-10-03 15:30:00-04:00,11.890000343322754,11.949999809265137,11.880000114440918,11.880000114440918,2838,0.0,0.0
2023-10-04 09:30:00-04:00,11.880000114440918,12.119999885559082,11.880000114440918,11.966400146484375,4376,0.0,0.0
2023-10-04 10:30:00-04:00,12.09000015258789,12.189000129699707,12.069999694824219,12.069999694824219,1483,0.0,0.0
2023-10-04 11:30:00-04:00,12.204700469970703,12.300000190734863,12.204700469970703,12.290499687194824,736,0.0,0.0
2023-10-04 12:30:00-04:00,12.3100004196167,12.3100004196167,12.300000190734863,12.300000190734863,959,0.0,0.0
2023-10-04 13:30:00-04:00,12.210000038146973,12.239999771118164,12.170000076293945,12.239999771118164,696,0.0,0.0
2023-10-04 14:30:00-04:00,12.239999771118164,12.239999771118164,12.239999771118164,12.239999771118164,429,0.0,0.0
2023-10-04 15:30:00-04:00,12.229999542236328,12.229999542236328,12.010000228881836,12.010000228881836,2392,0.0,0.0
2023-10-05 09:30:00-04:00,12.430000305175781,12.430000305175781,12.180000305175781,12.25,2776,0.0,0.0
2023-10-05 10:30:00-04:00,12.149999618530273,12.149999618530273,11.880000114440918,11.880000114440918,5600,0.0,0.0
2023-10-05 11:30:00-04:00,11.880000114440918,11.979999542236328,11.40999984741211,11.699999809265137,13725,0.0,0.0
2023-10-05 12:30:00-04:00,11.649999618530273,11.800000190734863,11.649999618530273,11.789999961853027,4140,0.0,0.0
2023-10-05 13:30:00-04:00,11.849900245666504,11.849900245666504,11.849900245666504,11.849900245666504,637,0.0,0.0
2023-10-05 14:30:00-04:00,12.15999984741211,12.15999984741211,12.15999984741211,12.15999984741211,525,0.0,0.0
2023-10-05 15:30:00-04:00,11.899999618530273,12.050000190734863,11.819999694824219,11.899999618530273,4238,0.0,0.0
2023-10-06 09:30:00-04:00,11.670000076293945,11.670000076293945,11.493800163269043,11.600000381469727,0,0.0,0.0
2023-10-06 10:30:00-04:00,11.670000076293945,11.795000076293945,11.670000076293945,11.795000076293945,1408,0.0,0.0
2023-10-06 11:30:00-04:00,11.914999961853027,11.9399995803833,11.914999961853027,11.9399995803833,1586,0.0,0.0
2023-10-06 12:30:00-04:00,11.829999923706055,11.829999923706055,11.829999923706055,11.829999923706055,272,0.0,0.0
2023-10-06 13:30:00-04:00,11.878999710083008,11.960000038146973,11.878999710083008,11.960000038146973,1312,0.0,0.0
2023-10-06 15:30:00-04:00,11.930000305175781,12.0,11.84000015258789,11.84000015258789,4566,0.0,0.0
2023-10-09 09:30:00-04:00,11.960000038146973,11.989999771118164,11.960000038146973,11.989999771118164,0,0.0,0.0
2023-10-09 10:30:00-04:00,11.899999618530273,11.899999618530273,11.8100004196167,11.8100004196167,530,0.0,0.0
2023-10-09 11:30:00-04:00,11.925000190734863,11.925000190734863,11.925000190734863,11.925000190734863,537,0.0,0.0
2023-10-09 13:30:00-04:00,11.930000305175781,12.020000457763672,11.869999885559082,12.020000457763672,2129,0.0,0.0
2023-10-09 14:30:00-04:00,11.90999984741211,11.90999984741211,11.828700065612793,11.828700065612793,1309,0.0,0.0
2023-10-09 15:30:00-04:00,11.789999961853027,11.789999961853027,11.545000076293945,11.550000190734863,5550,0.0,0.0
2023-10-10 09:30:00-04:00,11.649999618530273,11.919899940490723,11.5,11.919899940490723,9639,0.0,0.0
2023-10-10 10:30:00-04:00,11.5,11.935600280761719,11.5,11.59000015258789,9608,0.0,0.0
2023-10-10 11:30:00-04:00,11.600000381469727,11.699999809265137,11.59000015258789,11.699999809265137,1914,0.0,0.0
2023-10-10 12:30:00-04:00,11.63010025024414,11.640000343322754,11.369999885559082,11.380000114440918,7781,0.0,0.0
2023-10-10 13:30:00-04:00,11.4399995803833,11.569999694824219,11.369999885559082,11.569999694824219,4725,0.0,0.0
2023-10-10 14:30:00-04:00,11.589900016784668,11.589900016784668,11.385000228881836,11.489999771118164,2668,0.0,0.0
2023-10-10 15:30:00-04:00,11.430000305175781,11.649999618530273,11.430000305175781,11.550000190734863,10455,0.0,0.0
2023-10-11 09:30:00-04:00,11.670000076293945,12.005000114440918,11.380000114440918,11.770000457763672,2362,0.0,0.0
2023-10-11 10:30:00-04:00,11.800000190734863,11.800000190734863,11.800000190734863,11.800000190734863,256,0.0,0.0
2023-10-11 12:30:00-04:00,11.800000190734863,11.800000190734863,11.800000190734863,11.800000190734863,274,0.0,0.0
2023-10-11 14:30:00-04:00,11.600000381469727,11.71500015258789,11.600000381469727,11.699999809265137,3397,0.0,0.0
2023-10-11 15:30:00-04:00,11.699999809265137,12.029999732971191,11.550000190734863,12.029999732971191,1896,0.0,0.0
2023-10-12 09:30:00-04:00,11.845000267028809,11.845000267028809,11.845000267028809,11.845000267028809,448,0.0,0.0
2023-10-12 10:30:00-04:00,11.864999771118164,11.864999771118164,11.864999771118164,11.864999771118164,348,0.0,0.0
2023-10-12 11:30:00-04:00,11.744999885559082,11.760000228881836,11.529999732971191,11.6899995803833,1604,0.0,0.0
2023-10-12 12:30:00-04:00,11.6899995803833,11.949999809265137,11.561100006103516,11.760000228881836,2540,0.0,0.0
2023-10-12 13:30:00-04:00,11.899999618530273,11.914999961853027,11.770000457763672,11.770000457763672,1215,0.0,0.0
2023-10-12 14:30:00-04:00,11.574999809265137,11.574999809265137,11.550000190734863,11.550000190734863,295,0.0,0.0
2023-10-12 15:30:00-04:00,11.585000038146973,11.829999923706055,11.585000038146973,11.829999923706055,4938,0.0,0.0
2023-10-13 09:30:00-04:00,11.75,11.949999809265137,11.75,11.850000381469727,1893,0.0,0.0
2023-10-13 10:30:00-04:00,11.890000343322754,11.890000343322754,11.5600004196167,11.619999885559082,4691,0.0,0.0
2023-10-13 11:30:00-04:00,11.513500213623047,11.513500213623047,11.5,11.500100135803223,1321,0.0,0.0
2023-10-13 12:30:00-04:00,11.5,11.54990005493164,11.380000114440918,11.46500015258789,6443,0.0,0.0
2023-10-13 13:30:00-04:00,11.444999694824219,11.449899673461914,11.40999984741211,11.40999984741211,891,0.0,0.0
2023-10-13 14:30:00-04:00,11.5,11.5,11.444999694824219,11.444999694824219,929,0.0,0.0
2023-10-13 15:30:00-04:00,11.444999694824219,11.569999694824219,11.4399995803833,11.475000381469727,11828,0.0,0.0
2023-10-16 09:30:00-04:00,11.470000267028809,11.470000267028809,11.451499938964844,11.451499938964844,0,0.0,0.0
2023-10-16 10:30:00-04:00,11.449999809265137,11.600000381469727,11.449999809265137,11.600000381469727,1191,0.0,0.0
2023-10-16 11:30:00-04:00,11.460000038146973,11.600000381469727,11.460000038146973,11.600000381469727,1575,0.0,0.0
2023-10-16 12:30:00-04:00,11.489999771118164,11.579999923706055,11.489999771118164,11.579999923706055,382,0.0,0.0
2023-10-16 13:30:00-04:00,11.641500473022461,11.71399974822998,11.630000114440918,11.71399974822998,914,0.0,0.0
2023-10-16 14:30:00-04:00,11.539999961853027,11.539999961853027,11.539999961853027,11.539999961853027,100,0.0,0.0
2023-10-16 15:30:00-04:00,11.680000305175781,11.720000267028809,11.529999732971191,11.600000381469727,2123,0.0,0.0
2023-10-17 09:30:00-04:00,11.600000381469727,12.0,11.600000381469727,11.800000190734863,0,0.0,0.0
2023-10-17 10:30:00-04:00,11.720000267028809,12.119999885559082,11.65999984741211,12.119999885559082,8921,0.0,0.0
2023-10-17 12:30:00-04:00,12.229999542236328,12.289999961853027,11.859199523925781,12.0,2189,0.0,0.0
2023-10-17 13:30:00-04:00,12.149999618530273,12.210000038146973,11.800000190734863,12.210000038146973,3088,0.0,0.0
2023-10-17 14:30:00-04:00,12.300000190734863,12.520000457763672,12.194999694824219,12.420000076293945,2452,0.0,0.0
2023-10-17 15:30:00-04:00,12.1850004196167,12.399999618530273,11.949999809265137,12.390000343322754,2691,0.0,0.0
2023-10-18 09:30:00-04:00,12.350000381469727,12.399999618530273,11.560999870300293,12.119999885559082,12606,0.0,0.0
2023-10-18 10:30:00-04:00,11.819999694824219,11.819999694824219,11.729999542236328,11.800000190734863,2090,0.0,0.0
2023-10-18 11:30:00-04:00,11.800000190734863,11.819999694824219,11.670000076293945,11.819899559020996,6953,0.0,0.0
2023-10-18 12:30:00-04:00,11.800000190734863,11.854999542236328,11.6850004196167,11.699299812316895,3839,0.0,0.0
2023-10-18 13:30:00-04:00,11.699999809265137,11.899999618530273,11.699999809265137,11.850000381469727,2909,0.0,0.0
2023-10-18 14:30:00-04:00,11.739999771118164,11.779999732971191,11.399999618530273,11.399999618530273,7659,0.0,0.0
2023-10-18 15:30:00-04:00,11.399999618530273,11.555000305175781,11.329999923706055,11.510000228881836,4106,0.0,0.0
2023-10-19 09:30:00-04:00,11.609999656677246,11.789999961853027,11.609999656677246,11.789999961853027,2186,0.0,0.0
2023-10-19 10:30:00-04:00,11.694999694824219,11.694999694824219,11.644100189208984,11.6899995803833,1469,0.0,0.0
2023-10-19 11:30:00-04:00,11.699999809265137,11.739999771118164,11.699999809265137,11.739999771118164,1930,0.0,0.0
2023-10-19 12:30:00-04:00,11.779999732971191,11.795000076293945,11.779999732971191,11.779999732971191,473,0.0,0.0
2023-10-19 13:30:00-04:00,11.890000343322754,11.890000343322754,11.674699783325195,11.674699783325195,1605,0.0,0.0
2023-10-19 14:30:00-04:00,11.734999656677246,11.800000190734863,11.680000305175781,11.800000190734863,4281,0.0,0.0
2023-10-19 15:30:00-04:00,11.819999694824219,12.154999732971191,11.710000038146973,12.09000015258789,9820,0.0,0.0
2023-10-20 09:30:00-04:00,11.960000038146973,12.659899711608887,11.25,11.920000076293945,2374,0.0,0.0
2023-10-20 10:30:00-04:00,11.890000343322754,11.960000038146973,11.84000015258789,11.930000305175781,2907,0.0,0.0
2023-10-20 11:30:00-04:00,11.944999694824219,11.960000038146973,11.930000305175781,11.960000038146973,2967,0.0,0.0
2023-10-20 12:30:00-04:00,12.039999961853027,12.170000076293945,11.895000457763672,12.170000076293945,2034,0.0,0.0
2023-10-20 13:30:00-04:00,12.3100004196167,12.390000343322754,11.96500015258789,11.96500015258789,4194,0.0,0.0
2023-10-20 14:30:00-04:00,12.039999961853027,12.039999961853027,11.970000267028809,11.970000267028809,1292,0.0,0.0
2023-10-20 15:30:00-04:00,11.869999885559082,12.269000053405762,11.600000381469727,12.130000114440918,5776,0.0,0.0
2023-10-23 09:30:00-04:00,12.0,12.020000457763672,11.789999961853027,11.800000190734863,0,0.0,0.0
2023-10-23 10:30:00-04:00,11.789999961853027,11.920000076293945,11.760000228881836,11.920000076293945,2897,0.0,0.0
2023-10-23 11:30:00-04:00,11.869999885559082,11.869999885559082,11.869999885559082,11.869999885559082,460,0.0,0.0
2023-10-23 12:30:00-04:00,11.779999732971191,11.779999732971191,11.670000076293945,11.670000076293945,1657,0.0,0.0
2023-10-23 13:30:00-04:00,11.65999984741211,11.65999984741211,11.600000381469727,11.600000381469727,4078,0.0,0.0
2023-10-23 14:30:00-04:00,11.630000114440918,11.630000114440918,11.479999542236328,11.510000228881836,765,0.0,0.0
2023-10-23 15:30:00-04:00,11.5,11.555000305175781,11.239999771118164,11.260000228881836,6911,0.0,0.0
2023-10-24 09:30:00-04:00,11.600000381469727,11.72350025177002,11.5,11.520000457763672,2163,0.0,0.0
2023-10-24 10:30:00-04:00,11.479999542236328,11.479999542236328,11.479999542236328,11.479999542236328,405,0.0,0.0
2023-10-24 11:30:00-04:00,11.431099891662598,11.431099891662598,11.329999923706055,11.350000381469727,3746,0.0,0.0
2023-10-24 12:30:00-04:00,11.383299827575684,11.383299827575684,11.15999984741211,11.220000267028809,3567,0.0,0.0
2023-10-24 13:30:00-04:00,11.350000381469727,11.350000381469727,11.220000267028809,11.220000267028809,3462,0.0,0.0
2023-10-24 14:30:00-04:00,11.25,11.25,11.25,11.25,664,0.0,0.0
2023-10-24 15:30:00-04:00,11.359999656677246,11.359999656677246,11.130000114440918,11.130000114440918,11071,0.0,0.0
2023-10-25 09:30:00-04:00,12.0,12.0,11.5600004196167,11.704999923706055,14548,0.0,0.0
2023-10-25 10:30:00-04:00,11.729999542236328,11.84000015258789,11.619999885559082,11.739999771118164,7296,0.0,0.0
2023-10-25 11:30:00-04:00,11.640000343322754,11.854999542236328,11.640000343322754,11.710000038146973,8009,0.0,0.0
2023-10-25 12:30:00-04:00,11.710000038146973,12.0,11.710000038146973,11.739999771118164,3219,0.0,0.0
2023-10-25 13:30:00-04:00,11.720000267028809,11.824999809265137,11.609999656677246,11.609999656677246,17981,0.0,0.0
2023-10-25 14:30:00-04:00,11.61620044708252,11.68970012664795,11.609999656677246,11.609999656677246,2844,0.0,0.0
2023-10-25 15:30:00-04:00,11.609999656677246,11.800000190734863,11.609999656677246,11.609999656677246,8381,0.0,0.0
2023-10-26 09:30:00-04:00,11.9399995803833,12.414299964904785,11.9399995803833,12.210000038146973,0,0.0,0.0
2023-10-26 10:30:00-04:00,12.227999687194824,12.489899635314941,12.227999687194824,12.329000473022461,2726,0.0,0.0
2023-10-26 11:30:00-04:00,12.260000228881836,12.489999771118164,12.260000228881836,12.489999771118164,4339,0.0,0.0
2023-10-26 12:30:00-04:00,12.520000457763672,13.15999984741211,12.520000457763672,13.063699722290039,24713,0.0,0.0
2023-10-26 13:30:00-04:00,12.969300270080566,12.969300270080566,12.725000381469727,12.740099906921387,1835,0.0,0.0
2023-10-26 14:30:00-04:00,13.0600004196167,13.0600004196167,12.854999542236328,12.998000144958496,1555,0.0,0.0
2023-10-26 15:30:00-04:00,13.039999961853027,13.669899940490723,12.920000076293945,13.569999694824219,13399,0.0,0.0
2023-10-27 09:30:00-04:00,13.229999542236328,14.154999732971191,13.0600004196167,13.850099563598633,20414,0.0,0.0
2023-10-27 10:30:00-04:00,14.0,14.0,13.569999694824219,13.630000114440918,5983,0.0,0.0
2023-10-27 11:30:00-04:00,13.579999923706055,13.579999923706055,13.239999771118164,13.444999694824219,3414,0.0,0.0
2023-10-27 12:30:00-04:00,13.508600234985352,13.649999618530273,13.359999656677246,13.649999618530273,3078,0.0,0.0
2023-10-27 13:30:00-04:00,13.648500442504883,13.648500442504883,13.490099906921387,13.490099906921387,2748,0.0,0.0
2023-10-27 14:30:00-04:00,13.579999923706055,13.800000190734863,13.579999923706055,13.800000190734863,3488,0.0,0.0
2023-10-27 15:30:00-04:00,13.720000267028809,14.359999656677246,13.720000267028809,14.34000015258789,14685,0.0,0.0
2023-10-30 09:30:00-04:00,14.399999618530273,15.460000038146973,14.399999618530273,14.619999885559082,15142,0.0,0.0
2023-10-30 10:30:00-04:00,14.819899559020996,15.430000305175781,14.720000267028809,14.878100395202637,18906,0.0,0.0
2023-10-30 11:30:00-04:00,14.880000114440918,15.029999732971191,14.829999923706055,14.869999885559082,6866,0.0,0.0
2023-10-30 12:30:00-04:00,14.869999885559082,14.899999618530273,14.75,14.880000114440918,4725,0.0,0.0
2023-10-30 13:30:00-04:00,14.960000038146973,15.069899559020996,14.824999809265137,14.824999809265137,8014,0.0,0.0
2023-10-30 14:30:00-04:00,14.859999656677246,14.970000267028809,14.539999961853027,14.760000228881836,15514,0.0,0.0
2023-10-30 15:30:00-04:00,14.949999809265137,15.119999885559082,14.899999618530273,15.09000015258789,9734,0.0,0.0
2023-10-31 09:30:00-04:00,15.010000228881836,15.039999961853027,14.649999618530273,15.039999961853027,8369,0.0,0.0
2023-10-31 10:30:00-04:00,14.899999618530273,15.09000015258789,14.722599983215332,15.069999694824219,10631,0.0,0.0
2023-10-31 11:30:00-04:00,15.0600004196167,15.079999923706055,14.899999618530273,15.0600004196167,4333,0.0,0.0
2023-10-31 12:30:00-04:00,15.069999694824219,15.069999694824219,14.864999771118164,14.899999618530273,4691,0.0,0.0
2023-10-31 13:30:00-04:00,15.069999694824219,15.069999694824219,14.510000228881836,14.899999618530273,11515,0.0,0.0
2023-10-31 14:30:00-04:00,14.75,14.8100004196167,14.510000228881836,14.510000228881836,20628,0.0,0.0
2023-10-31 15:30:00-04:00,14.5,14.5,14.430000305175781,14.489999771118164,12407,0.0,0.0
2023-11-01 09:30:00-04:00,14.34000015258789,14.34000015258789,13.579999923706055,13.800000190734863,12619,0.0,0.0
2023-11-01 10:30:00-04:00,13.890000343322754,14.035400390625,13.619999885559082,13.649999618530273,8751,0.0,0.0
2023-11-01 11:30:00-04:00,14.050000190734863,14.050000190734863,13.649999618530273,13.812100410461426,1340,0.0,0.0
2023-11-01 12:30:00-04:00,13.710000038146973,13.896200180053711,13.609999656677246,13.789999961853027,1503,0.0,0.0
2023-11-01 13:30:00-04:00,13.84000015258789,13.84000015258789,13.84000015258789,13.84000015258789,2233,0.0,0.0
2023-11-01 14:30:00-04:00,13.610099792480469,13.819999694824219,13.610099792480469,13.710000038146973,6796,0.0,0.0
2023-11-01 15:30:00-04:00,13.770000457763672,14.010000228881836,13.600000381469727,13.859999656677246,9126,0.0,0.0
2023-11-02 09:30:00-04:00,14.149999618530273,14.4350004196167,13.760000228881836,14.100000381469727,10962,0.0,0.0
2023-11-02 10:30:00-04:00,13.95300006866455,14.279999732971191,13.95300006866455,14.079999923706055,3345,0.0,0.0
2023-11-02 11:30:00-04:00,13.880000114440918,14.130000114440918,13.84000015258789,13.920000076293945,3100,0.0,0.0
2023-11-02 12:30:00-04:00,14.039999961853027,14.380000114440918,14.03499984741211,14.140000343322754,3666,0.0,0.0
2023-11-02 13:30:00-04:00,14.210000038146973,14.210000038146973,14.175000190734863,14.175000190734863,1481,0.0,0.0
2023-11-02 14:30:00-04:00,14.295000076293945,14.774999618530273,14.295000076293945,14.774999618530273,2664,0.0,0.0
2023-11-02 15:30:00-04:00,14.5649995803833,14.918999671936035,14.5649995803833,14.680000305175781,17682,0.0,0.0
2023-11-03 09:30:00-04:00,15.0,15.0,14.329999923706055,14.670000076293945,8676,0.0,0.0
2023-11-03 10:30:00-04:00,15.0,15.0,14.427599906921387,14.850000381469727,2814,0.0,0.0
2023-11-03 11:30:00-04:00,14.989999771118164,14.989999771118164,14.65999984741211,14.9399995803833,1527,0.0,0.0
2023-11-03 12:30:00-04:00,14.449999809265137,14.970000267028809,14.449999809265137,14.739999771118164,2258,0.0,0.0
2023-11-03 13:30:00-04:00,14.741900444030762,15.119999885559082,14.741900444030762,15.0600004196167,11493,0.0,0.0
2023-11-03 14:30:00-04:00,15.190999984741211,15.199999809265137,14.955499649047852,14.955499649047852,1383,0.0,0.0
2023-11-03 15:30:00-04:00,15.194999694824219,15.229999542236328,15.050000190734863,15.1899995803833,4921,0.0,0.0
2023-11-06 09:30:00-05:00,15.15999984741211,15.180000305175781,14.826600074768066,15.079999923706055,0,0.0,0.0
2023-11-06 10:30:00-05:00,15.069999694824219,15.699999809265137,15.069999694824219,15.6899995803833,18931,0.0,0.0
2023-11-06 11:30:00-05:00,15.619999885559082,15.6899995803833,15.399999618530273,15.552599906921387,5762,0.0,0.0
2023-11-06 12:30:00-05:00,15.59000015258789,15.59000015258789,15.050000190734863,15.050000190734863,10239,0.0,0.0
2023-11-06 13:30:00-05:00,15.180000305175781,15.5600004196167,15.180000305175781,15.350000381469727,18320,0.0,0.0
2023-11-06 14:30:00-05:00,15.305000305175781,15.5,15.305000305175781,15.489999771118164,2835,0.0,0.0
2023-11-06 15:30:00-05:00,15.489999771118164,15.550000190734863,15.388799667358398,15.470000267028809,6785,0.0,0.0
2023-11-07 09:30:00-05:00,15.420000076293945,15.760000228881836,15.279999732971191,15.54889965057373,0,0.0,0.0
2023-11-07 10:30:00-05:00,15.5,15.5,15.366499900817871,15.494999885559082,2640,0.0,0.0
2023-11-07 11:30:00-05:00,15.420000076293945,15.59000015258789,15.404199600219727,15.515000343322754,8487,0.0,0.0
2023-11-07 12:30:00-05:00,15.510000228881836,15.579999923706055,15.0600004196167,15.430000305175781,8745,0.0,0.0
2023-11-07 13:30:00-05:00,15.470000267028809,15.470000267028809,15.029999732971191,15.270000457763672,7712,0.0,0.0
2023-11-07 14:30:00-05:00,15.270000457763672,15.270000457763672,15.070099830627441,15.229999542236328,8808,0.0,0.0
2023-11-07 15:30:00-05:00,15.229999542236328,15.4399995803833,15.100000381469727,15.4399995803833,15329,0.0,0.0
2023-11-08 09:30:00-05:00,15.350000381469727,15.630000114440918,15.350000381469727,15.479999542236328,0,0.0,0.0
2023-11-08 10:30:00-05:00,15.420000076293945,15.420000076293945,14.829999923706055,14.994999885559082,7063,0.0,0.0
2023-11-08 11:30:00-05:00,14.885100364685059,14.920000076293945,14.830100059509277,14.830100059509277,3276,0.0,0.0
2023-11-08 12:30:00-05:00,14.850000381469727,15.0600004196167,14.609999656677246,14.609999656677246,11140,0.0,0.0
2023-11-08 13:30:00-05:00,14.637800216674805,14.899999618530273,14.609999656677246,14.899999618530273,3520,0.0,0.0
2023-11-08 14:30:00-05:00,14.710000038146973,15.020000457763672,14.710000038146973,14.8100004196167,3658,0.0,0.0
2023-11-08 15:30:00-05:00,14.819999694824219,15.0,14.819999694824219,14.960000038146973,9311,0.0,0.0
2023-11-09 09:30:00-05:00,14.65999984741211,15.140000343322754,14.510000228881836,14.880000114440918,7408,0.0,0.0
2023-11-09 10:30:00-05:00,15.098999977111816,15.098999977111816,14.92870044708252,14.949999809265137,3322,0.0,0.0
2023-11-09 11:30:00-05:00,14.949999809265137,15.149900436401367,14.930000305175781,14.960000038146973,3545,0.0,0.0
2023-11-09 12:30:00-05:00,15.0,15.010000228881836,14.739999771118164,14.779999732971191,4850,0.0,0.0
2023-11-09 13:30:00-05:00,14.8149995803833,14.8149995803833,14.100000381469727,14.34000015258789,8306,0.0,0.0
2023-11-09 14:30:00-05:00,14.390000343322754,14.517900466918945,14.170000076293945,14.4350004196167,7084,0.0,0.0
2023-11-09 15:30:00-05:00,14.51930046081543,14.51930046081543,14.239999771118164,14.359999656677246,7892,0.0,0.0
2023-11-10 09:30:00-05:00,14.289999961853027,14.85990047454834,14.289999961853027,14.550000190734863,15737,0.0,0.0
2023-11-10 10:30:00-05:00,14.805000305175781,14.805000305175781,14.739999771118164,14.779999732971191,3122,0.0,0.0
2023-11-10 11:30:00-05:00,14.779999732971191,14.95460033416748,14.770000457763672,14.850000381469727,2102,0.0,0.0
2023-11-10 12:30:00-05:00,14.800000190734863,15.0600004196167,14.800000190734863,14.890000343322754,5982,0.0,0.0
2023-11-10 13:30:00-05:00,14.949999809265137,15.121000289916992,14.949999809265137,14.989999771118164,5907,0.0,0.0
2023-11-10 14:30:00-05:00,15.100000381469727,15.199999809265137,14.899999618530273,14.989999771118164,14264,0.0,0.0
2023-11-10 15:30:00-05:00,15.09000015258789,15.350000381469727,15.079999923706055,15.079999923706055,16918,0.0,0.0
2023-11-13 09:30:00-05:00,15.369999885559082,15.479999542236328,14.9399995803833,14.9399995803833,7608,0.0,0.0
2023-11-13 10:30:00-05:00,15.366399765014648,15.4399995803833,14.949999809265137,15.399999618530273,2574,0.0,0.0
2023-11-13 11:30:00-05:00,15.240599632263184,15.34000015258789,15.069999694824219,15.100000381469727,33677,0.0,0.0
2023-11-13 12:30:00-05:00,15.100000381469727,15.149999618530273,15.069999694824219,15.149999618530273,2102,0.0,0.0
2023-11-13 13:30:00-05:00,15.21500015258789,15.279899597167969,15.069100379943848,15.234999656677246,1835,0.0,0.0
2023-11-13 14:30:00-05:00,15.149999618530273,15.210000038146973,15.130000114440918,15.130000114440918,2660,0.0,0.0
2023-11-13 15:30:00-05:00,15.082300186157227,15.164999961853027,15.010000228881836,15.020000457763672,8273,0.0,0.0
2023-11-14 09:30:00-05:00,15.300000190734863,15.300000190734863,14.609999656677246,15.005000114440918,0,0.0,0.0
2023-11-14 10:30:00-05:00,15.010000228881836,15.225000381469727,15.010000228881836,15.225000381469727,3824,0.0,0.0
2023-11-14 11:30:00-05:00,15.234999656677246,15.300000190734863,14.970000267028809,15.09000015258789,7698,0.0,0.0
2023-11-14 12:30:00-05:00,15.080100059509277,15.289999961853027,14.95009994506836,15.100000381469727,6936,0.0,0.0
2023-11-14 13:30:00-05:00,15.1899995803833,15.300000190734863,15.050000190734863,15.180000305175781,7757,0.0,0.0
2023-11-14 14:30:00-05:00,15.199999809265137,15.199999809265137,15.050000190734863,15.050000190734863,2474,0.0,0.0
2023-11-14 15:30:00-05:00,15.0,15.0600004196167,14.89009952545166,14.960000038146973,5762,0.0,0.0
2023-11-15 09:30:00-05:00,15.270000457763672,15.270000457763672,14.829999923706055,14.979999542236328,7763,0.0,0.0
2023-11-15 10:30:00-05:00,14.9399995803833,15.020000457763672,14.789999961853027,14.869999885559082,6416,0.0,0.0
2023-11-15 11:30:00-05:00,14.880000114440918,15.0,14.65999984741211,14.854999542236328,18184,0.0,0.0
2023-11-15 12:30:00-05:00,14.859999656677246,14.90999984741211,14.605500221252441,14.605500221252441,3339,0.0,0.0
2023-11-15 13:30:00-05:00,14.850000381469727,14.850000381469727,14.529999732971191,14.699999809265137,16134,0.0,0.0
2023-11-15 14:30:00-05:00,14.829999923706055,14.829999923706055,14.670000076293945,14.78499984741211,5310,0.0,0.0
2023-11-15 15:30:00-05:00,14.78499984741211,14.819999694824219,14.680000305175781,14.720000267028809,1898,0.0,0.0
2023-11-16 09:30:00-05:00,14.989999771118164,15.079999923706055,14.819999694824219,14.859999656677246,8655,0.0,0.0
2023-11-16 10:30:00-05:00,14.734999656677246,14.989999771118164,14.100000381469727,14.100000381469727,9127,0.0,0.0
2023-11-16 11:30:00-05:00,14.430000305175781,14.6899995803833,14.202500343322754,14.65999984741211,2564,0.0,0.0
2023-11-16 12:30:00-05:00,14.494999885559082,14.65999984741211,14.494999885559082,14.619999885559082,3168,0.0,0.0
2023-11-16 13:30:00-05:00,14.619999885559082,14.619999885559082,14.539999961853027,14.609999656677246,1738,0.0,0.0
2023-11-16 14:30:00-05:00,14.609999656677246,14.819999694824219,14.545000076293945,14.65999984741211,5826,0.0,0.0
2023-11-16 15:30:00-05:00,14.65999984741211,14.734999656677246,14.520000457763672,14.529999732971191,11371,0.0,0.0
2023-11-17 09:30:00-05:00,14.819999694824219,14.859999656677246,14.396300315856934,14.839699745178223,0,0.0,0.0
2023-11-17 10:30:00-05:00,14.789999961853027,15.25,14.779999732971191,14.950499534606934,21866,0.0,0.0
2023-11-17 11:30:00-05:00,15.050000190734863,15.589900016784668,15.0,15.579999923706055,15677,0.0,0.0
2023-11-17 12:30:00-05:00,15.569999694824219,15.630000114440918,15.180000305175781,15.180000305175781,20299,0.0,0.0
2023-11-17 13:30:00-05:00,15.460000038146973,15.460000038146973,15.110099792480469,15.25,3659,0.0,0.0
2023-11-17 14:30:00-05:00,15.359999656677246,15.359999656677246,14.989999771118164,15.230500221252441,8163,0.0,0.0
2023-11-17 15:30:00-05:00,15.329999923706055,15.350000381469727,14.970999717712402,15.0,15281,0.0,0.0
2023-11-20 09:30:00-05:00,15.470000267028809,16.3700008392334,15.4399995803833,15.520000457763672,0,0.0,0.0
2023-11-20 10:30:00-05:00,15.890000343322754,15.890000343322754,15.770000457763672,15.789999961853027,3615,0.0,0.0
2023-11-20 11:30:00-05:00,15.829999923706055,15.960000038146973,15.829999923706055,15.960000038146973,2059,0.0,0.0
2023-11-20 12:30:00-05:00,15.890000343322754,16.28499984741211,15.890000343322754,16.165000915527344,10291,0.0,0.0
2023-11-20 13:30:00-05:00,16.049999237060547,16.155000686645508,15.890000343322754,15.957300186157227,6336,0.0,0.0
2023-11-20 14:30:00-05:00,16.027700424194336,16.040000915527344,15.890000343322754,15.977499961853027,6075,0.0,0.0
2023-11-20 15:30:00-05:00,15.989999771118164,16.021099090576172,15.800000190734863,15.875,13169,0.0,0.0
2023-11-21 09:30:00-05:00,15.8100004196167,15.856499671936035,15.523799896240234,15.760000228881836,0,0.0,0.0
2023-11-21 10:30:00-05:00,15.760000228881836,15.984999656677246,15.760000228881836,15.984999656677246,1757,0.0,0.0
2023-11-21 11:30:00-05:00,15.96660041809082,15.96660041809082,15.819999694824219,15.874500274658203,1480,0.0,0.0
2023-11-21 12:30:00-05:00,15.880000114440918,15.880000114440918,15.670000076293945,15.8149995803833,4732,0.0,0.0
2023-11-21 13:30:00-05:00,15.9399995803833,15.989999771118164,15.9399995803833,15.989999771118164,727,0.0,0.0
2023-11-21 14:30:00-05:00,16.0,16.0049991607666,15.970000267028809,16.0049991607666,3923,0.0,0.0
2023-11-21 15:30:00-05:00,16.0,16.09000015258789,15.930000305175781,16.030000686645508,11573,0.0,0.0
2023-11-22 09:30:00-05:00,16.100000381469727,16.219900131225586,15.800000190734863,15.800000190734863,0,0.0,0.0
2023-11-22 11:30:00-05:00,15.859999656677246,16.239999771118164,15.859999656677246,16.121200561523438,8655,0.0,0.0
2023-11-22 12:30:00-05:00,16.079999923706055,16.18000030517578,15.989999771118164,16.100000381469727,4266,0.0,0.0
2023-11-22 13:30:00-05:00,16.190000534057617,16.34000015258789,16.124000549316406,16.320999145507812,4955,0.0,0.0
2023-11-22 14:30:00-05:00,16.18000030517578,16.373600006103516,16.079999923706055,16.149999618530273,10831,0.0,0.0
2023-11-22 15:30:00-05:00,16.149999618530273,16.149999618530273,16.0,16.1200008392334,5732,0.0,0.0
2023-11-24 09:30:00-05:00,16.139999389648438,16.816200256347656,16.139999389648438,16.816200256347656,0,0.0,0.0
2023-11-24 10:30:00-05:00,16.790000915527344,17.200000762939453,16.71929931640625,17.139999389648438,25288,0.0,0.0
2023-11-24 11:30:00-05:00,17.084999084472656,17.094999313354492,16.649999618530273,16.700000762939453,7901,0.0,0.0
2023-11-27 09:30:00-05:00,17.0,17.1200008392334,16.639999389648438,16.8799991607666,8620,0.0,0.0
2023-11-27 10:30:00-05:00,16.920000076293945,17.5,16.459999084472656,16.709999084472656,44707,0.0,0.0
2023-11-27 11:30:00-05:00,16.760000228881836,16.799999237060547,16.420000076293945,16.584999084472656,12009,0.0,0.0
2023-11-27 12:30:00-05:00,17.104999542236328,17.104999542236328,16.885000228881836,16.979999542236328,1837,0.0,0.0
2023-11-27 13:30:00-05:00,16.885000228881836,16.985000610351562,16.854999542236328,16.885000228881836,3510,0.0,0.0
2023-11-27 14:30:00-05:00,16.899999618530273,16.989999771118164,16.834999084472656,16.989999771118164,8772,0.0,0.0
2023-11-27 15:30:00-05:00,16.989999771118164,17.25,16.940000534057617,17.084999084472656,13138,0.0,0.0
2023-11-28 09:30:00-05:00,17.1299991607666,17.200000762939453,16.760000228881836,16.96500015258789,0,0.0,0.0
2023-11-28 10:30:00-05:00,17.186399459838867,17.200000762939453,16.829999923706055,16.969900131225586,12986,0.0,0.0
2023-11-28 11:30:00-05:00,16.75200080871582,16.78499984741211,16.65999984741211,16.739999771118164,6330,0.0,0.0
2023-11-28 12:30:00-05:00,16.65999984741211,16.770000457763672,16.65999984741211,16.770000457763672,2856,0.0,0.0
2023-11-28 13:30:00-05:00,16.75,16.900999069213867,16.66010093688965,16.860000610351562,2574,0.0,0.0
2023-11-28 14:30:00-05:00,16.93000030517578,16.959999084472656,16.854900360107422,16.854900360107422,2790,0.0,0.0
2023-11-28 15:30:00-05:00,16.94499969482422,16.94499969482422,16.790000915527344,16.850000381469727,4668,0.0,0.0
2023-11-29 09:30:00-05:00,17.209999084472656,17.209999084472656,16.70240020751953,17.0,8081,0.0,0.0
2023-11-29 10:30:00-05:00,17.15999984741211,17.18670082092285,16.860000610351562,16.87019920349121,5782,0.0,0.0
2023-11-29 11:30:00-05:00,16.952800750732422,16.952800750732422,16.799999237060547,16.799999237060547,3825,0.0,0.0
2023-11-29 12:30:00-05:00,16.989999771118164,17.065000534057617,16.799999237060547,17.065000534057617,4284,0.0,0.0
2023-11-29 13:30:00-05:00,17.100000381469727,17.30500030517578,17.100000381469727,17.100000381469727,6570,0.0,0.0
2023-11-29 14:30:00-05:00,17.219999313354492,17.260000228881836,17.18000030517578,17.239999771118164,2701,0.0,0.0
2023-11-29 15:30:00-05:00,17.17259979248047,17.17259979248047,16.93000030517578,17.030000686645508,7543,0.0,0.0
2023-11-30 09:30:00-05:00,17.0,17.325000762939453,17.0,17.23240089416504,3869,0.0,0.0
2023-11-30 10:30:00-05:00,17.145000457763672,17.229900360107422,16.940000534057617,17.020000457763672,3301,0.0,0.0
2023-11-30 11:30:00-05:00,17.014999389648438,17.170000076293945,16.809999465942383,17.03499984741211,5949,0.0,0.0
2023-11-30 12:30:00-05:00,17.040000915527344,17.125,16.930099487304688,16.930099487304688,1435,0.0,0.0
2023-11-30 13:30:00-05:00,16.93000030517578,17.1299991607666,16.75,16.790000915527344,11735,0.0,0.0
2023-11-30 14:30:00-05:00,16.790000915527344,16.809999465942383,16.579999923706055,16.625,5324,0.0,0.0
2023-11-30 15:30:00-05:00,16.652099609375,16.899999618530273,16.600000381469727,16.829999923706055,12643,0.0,0.0
2023-12-01 09:30:00-05:00,16.8700008392334,17.5,16.8700008392334,17.5,8496,0.0,0.0
2023-12-01 10:30:00-05:00,17.6299991607666,17.649999618530273,17.239999771118164,17.399999618530273,19207,0.0,0.0
2023-12-01 11:30:00-05:00,17.5,17.645000457763672,17.450000762939453,17.600000381469727,3638,0.0,0.0
2023-12-01 12:30:00-05:00,17.645000457763672,17.645000457763672,17.459999084472656,17.600000381469727,5848,0.0,0.0
2023-12-01 13:30:00-05:00,17.489999771118164,17.690000534057617,17.489999771118164,17.690000534057617,5254,0.0,0.0
2023-12-01 14:30:00-05:00,17.68000030517578,17.889999389648438,17.68000030517578,17.68000030517578,11862,0.0,0.0
2023-12-01 15:30:00-05:00,17.649999618530273,17.770000457763672,17.459999084472656,17.770000457763672,9241,0.0,0.0
2023-12-04 09:30:00-05:00,17.639999389648438,17.8700008392334,17.559999465942383,17.559999465942383,16182,0.0,0.0
2023-12-04 10:30:00-05:00,17.624099731445312,17.6299991607666,17.479999542236328,17.594999313354492,7100,0.0,0.0
2023-12-04 11:30:00-05:00,17.690000534057617,17.739999771118164,17.690000534057617,17.739999771118164,1446,0.0,0.0
2023-12-04 12:30:00-05:00,17.75,17.75,17.709999084472656,17.75,1854,0.0,0.0
2023-12-04 13:30:00-05:00,17.7893009185791,17.790000915527344,17.540000915527344,17.56999969482422,10998,0.0,0.0
2023-12-04 14:30:00-05:00,17.540000915527344,17.739999771118164,17.5,17.6299991607666,7986,0.0,0.0
2023-12-04 15:30:00-05:00,17.610000610351562,17.700000762939453,17.559999465942383,17.690000534057617,7761,0.0,0.0
2023-12-05 09:30:00-05:00,17.600000381469727,17.809999465942383,17.600000381469727,17.809999465942383,1833,0.0,0.0
2023-12-05 10:30:00-05:00,17.690000534057617,17.799999237060547,17.31999969482422,17.395000457763672,7578,0.0,0.0
2023-12-05 11:30:00-05:00,17.295000076293945,17.299999237060547,16.940000534057617,17.200000762939453,11928,0.0,0.0
2023-12-05 12:30:00-05:00,17.35919952392578,17.53499984741211,17.35919952392578,17.5,2284,0.0,0.0
2023-12-05 13:30:00-05:00,17.3700008392334,17.565000534057617,17.329999923706055,17.565000534057617,3436,0.0,0.0
2023-12-05 14:30:00-05:00,17.503299713134766,17.55500030517578,17.375,17.43000030517578,3108,0.0,0.0
2023-12-05 15:30:00-05:00,17.260000228881836,17.350000381469727,17.15999984741211,17.309999465942383,7659,0.0,0.0
2023-12-06 09:30:00-05:00,17.389999389648438,17.559999465942383,17.079999923706055,17.479999542236328,4210,0.0,0.0
2023-12-06 10:30:00-05:00,17.56999969482422,17.689899444580078,17.420000076293945,17.424999237060547,7690,0.0,0.0
2023-12-06 11:30:00-05:00,17.55500030517578,17.55500030517578,17.229999542236328,17.229999542236328,3287,0.0,0.0
2023-12-06 12:30:00-05:00,17.34000015258789,17.34000015258789,17.100000381469727,17.224300384521484,5879,0.0,0.0
2023-12-06 13:30:00-05:00,17.299999237060547,17.40999984741211,16.899099349975586,17.079999923706055,11059,0.0,0.0
2023-12-06 14:30:00-05:00,17.079999923706055,17.139999389648438,17.040000915527344,17.06999969482422,3378,0.0,0.0
2023-12-06 15:30:00-05:00,17.059999465942383,17.139999389648438,16.920000076293945,17.06999969482422,8818,0.0,0.0
2023-12-07 09:30:00-05:00,17.079999923706055,17.31399917602539,16.709999084472656,17.200000762939453,0,0.0,0.0
2023-12-07 10:30:00-05:00,17.280000686645508,17.3799991607666,17.25189971923828,17.293899536132812,2930,0.0,0.0
2023-12-07 11:30:00-05:00,17.260000228881836,17.31999969482422,16.979999542236328,17.110000610351562,4299,0.0,0.0
2023-12-07 12:30:00-05:00,16.959999084472656,16.959999084472656,16.7549991607666,16.760799407958984,5987,0.0,0.0
2023-12-07 13:30:00-05:00,16.735000610351562,16.760000228881836,16.549999237060547,16.760000228881836,7691,0.0,0.0
2023-12-07 14:30:00-05:00,16.860000610351562,16.959999084472656,16.704999923706055,16.920000076293945,7064,0.0,0.0
2023-12-07 15:30:00-05:00,16.8799991607666,16.959999084472656,16.81999969482422,16.889999389648438,3808,0.0,0.0
2023-12-08 09:30:00-05:00,17.030000686645508,17.433700561523438,16.890100479125977,17.34000015258789,0,0.0,0.0
2023-12-08 10:30:00-05:00,17.270000457763672,17.270000457763672,16.91010093688965,17.04330062866211,7406,0.0,0.0
2023-12-08 11:30:00-05:00,16.98040008544922,17.049999237060547,16.90999984741211,17.049999237060547,1878,0.0,0.0
2023-12-08 12:30:00-05:00,16.80620002746582,17.15999984741211,16.80620002746582,17.15999984741211,4661,0.0,0.0
2023-12-08 13:30:00-05:00,17.1299991607666,17.1299991607666,17.049999237060547,17.049999237060547,2622,0.0,0.0
2023-12-08 14:30:00-05:00,17.149999618530273,17.389999389648438,17.105199813842773,17.334999084472656,11229,0.0,0.0
2023-12-08 15:30:00-05:00,17.329999923706055,17.450000762939453,17.270000457763672,17.34000015258789,15677,0.0,0.0
2023-12-11 09:30:00-05:00,17.440000534057617,17.440000534057617,16.165000915527344,16.309999465942383,20407,0.0,0.0
2023-12-11 10:30:00-05:00,16.299999237060547,16.65999984741211,16.299999237060547,16.459999084472656,13477,0.0,0.0
2023-12-11 11:30:00-05:00,16.420000076293945,16.510000228881836,16.010000228881836,16.02400016784668,6026,0.0,0.0
2023-12-11 12:30:00-05:00,16.170000076293945,16.18000030517578,15.510000228881836,15.600000381469727,27311,0.0,0.0
2023-12-11 13:30:00-05:00,15.710000038146973,15.9399995803833,15.630000114440918,15.766799926757812,14770,0.0,0.0
2023-12-11 14:30:00-05:00,15.765000343322754,15.9399995803833,15.710000038146973,15.869999885559082,7911,0.0,0.0
2023-12-11 15:30:00-05:00,15.859999656677246,15.885000228881836,15.680000305175781,15.789999961853027,15043,0.0,0.0
2023-12-12 09:30:00-05:00,15.989999771118164,16.299999237060547,15.989999771118164,16.229999542236328,7884,0.0,0.0
2023-12-12 10:30:00-05:00,16.229999542236328,16.2450008392334,15.550600051879883,15.667400360107422,22418,0.0,0.0
2023-12-12 11:30:00-05:00,15.720000267028809,15.760000228881836,15.530699729919434,15.63010025024414,5651,0.0,0.0
2023-12-12 12:30:00-05:00,15.819999694824219,15.979999542236328,15.649999618530273,15.96500015258789,4427,0.0,0.0
2023-12-12 13:30:00-05:00,16.057199478149414,16.057199478149414,15.869999885559082,15.869999885559082,6036,0.0,0.0
2023-12-12 14:30:00-05:00,15.925000190734863,15.934900283813477,15.860099792480469,15.860099792480469,5383,0.0,0.0
2023-12-12 15:30:00-05:00,15.789999961853027,15.895000457763672,15.670100212097168,15.84000015258789,8658,0.0,0.0
2023-12-13 09:30:00-05:00,15.850000381469727,15.970000267028809,15.8100004196167,15.970000267028809,2465,0.0,0.0
2023-12-13 10:30:00-05:00,15.805000305175781,15.949999809265137,15.795000076293945,15.8100004196167,2073,0.0,0.0
2023-12-13 11:30:00-05:00,15.805000305175781,15.819999694824219,15.649999618530273,15.744999885559082,5545,0.0,0.0
2023-12-13 12:30:00-05:00,15.744999885559082,15.770000457763672,15.40999984741211,15.59000015258789,9965,0.0,0.0
2023-12-13 13:30:00-05:00,15.630000114440918,15.789999961853027,15.40999984741211,15.699999809265137,12124,0.0,0.0
2023-12-13 14:30:00-05:00,15.75,15.989999771118164,15.680000305175781,15.680000305175781,7722,0.0,0.0
2023-12-13 15:30:00-05:00,15.779999732971191,15.974900245666504,15.6899995803833,15.6899995803833,8569,0.0,0.0
2023-12-14 09:30:00-05:00,15.859999656677246,16.299999237060547,15.859999656677246,16.25,9270,0.0,0.0
2023-12-14 10:30:00-05:00,16.190000534057617,16.299999237060547,16.06999969482422,16.209999084472656,8494,0.0,0.0
2023-12-14 11:30:00-05:00,16.295000076293945,16.299999237060547,16.112199783325195,16.200300216674805,8454,0.0,0.0
2023-12-14 12:30:00-05:00,16.260000228881836,16.260000228881836,16.230899810791016,16.2549991607666,1539,0.0,0.0
2023-12-14 13:30:00-05:00,16.139999389648438,16.299999237060547,16.106399536132812,16.280000686645508,5324,0.0,0.0
2023-12-14 14:30:00-05:00,16.229999542236328,16.670000076293945,16.219999313354492,16.60740089416504,8462,0.0,0.0
2023-12-14 15:30:00-05:00,16.604999542236328,16.770000457763672,16.40999984741211,16.40999984741211,8768,0.0,0.0
2023-12-15 09:30:00-05:00,16.719999313354492,16.739999771118164,16.479999542236328,16.729999542236328,6484,0.0,0.0
2023-12-15 10:30:00-05:00,16.8799991607666,17.25,16.825000762939453,17.020000457763672,11525,0.0,0.0
2023-12-15 11:30:00-05:00,16.920000076293945,16.950000762939453,16.834999084472656,16.90999984741211,9029,0.0,0.0
2023-12-15 12:30:00-05:00,17.0,17.010000228881836,16.600000381469727,16.797100067138672,3475,0.0,0.0
2023-12-15 13:30:00-05:00,16.81999969482422,16.869300842285156,16.690000534057617,16.829999923706055,4365,0.0,0.0
2023-12-15 14:30:00-05:00,16.799999237060547,17.200000762939453,16.729999542236328,17.079999923706055,15291,0.0,0.0
2023-12-15 15:30:00-05:00,17.1200008392334,17.1299991607666,16.940000534057617,16.940000534057617,5684,0.0,0.0
2023-12-18 09:30:00-05:00,17.389999389648438,18.167999267578125,17.389999389648438,17.700000762939453,23259,0.0,0.0
2023-12-18 10:30:00-05:00,17.81999969482422,17.889999389648438,17.68000030517578,17.780000686645508,5202,0.0,0.0
2023-12-18 11:30:00-05:00,17.799999237060547,17.889999389648438,17.709999084472656,17.850000381469727,12439,0.0,0.0
2023-12-18 12:30:00-05:00,17.86989974975586,17.899999618530273,17.71139907836914,17.841699600219727,5872,0.0,0.0
2023-12-18 13:30:00-05:00,17.834999084472656,17.899900436401367,17.56730079650879,17.71500015258789,11577,0.0,0.0
2023-12-18 14:30:00-05:00,17.75,17.75,17.639999389648438,17.65999984741211,5818,0.0,0.0
2023-12-18 15:30:00-05:00,17.65999984741211,17.670000076293945,17.510000228881836,17.549999237060547,9775,0.0,0.0
2023-12-19 09:30:00-05:00,17.760000228881836,17.8174991607666,17.472000122070312,17.690000534057617,11745,0.0,0.0
2023-12-19 10:30:00-05:00,17.70490074157715,17.860000610351562,17.3799991607666,17.860000610351562,3818,0.0,0.0
2023-12-19 11:30:00-05:00,17.780000686645508,17.780000686645508,17.579999923706055,17.704999923706055,8453,0.0,0.0
2023-12-19 12:30:00-05:00,17.760000228881836,17.799999237060547,17.690000534057617,17.780000686645508,8129,0.0,0.0
2023-12-19 13:30:00-05:00,17.809999465942383,18.06999969482422,17.809999465942383,18.06999969482422,14820,0.0,0.0
2023-12-19 14:30:00-05:00,18.014999389648438,18.079999923706055,17.950000762939453,17.989999771118164,14702,0.0,0.0
2023-12-19 15:30:00-05:00,18.020000457763672,18.020000457763672,17.950000762939453,17.989999771118164,6454,0.0,0.0
2023-12-20 09:30:00-05:00,18.100000381469727,18.100000381469727,17.31999969482422,17.739999771118164,10036,0.0,0.0
2023-12-20 10:30:00-05:00,17.889999389648438,17.889999389648438,17.440000534057617,17.690000534057617,6222,0.0,0.0
2023-12-20 11:30:00-05:00,17.639999389648438,17.739999771118164,17.6200008392334,17.739999771118164,2070,0.0,0.0
2023-12-20 12:30:00-05:00,17.82990074157715,17.82990074157715,17.6299991607666,17.6299991607666,6203,0.0,0.0
2023-12-20 13:30:00-05:00,17.670000076293945,17.670000076293945,17.670000076293945,17.670000076293945,506,0.0,0.0
2023-12-20 14:30:00-05:00,17.639999389648438,17.639999389648438,17.3799991607666,17.469999313354492,6092,0.0,0.0
2023-12-20 15:30:00-05:00,17.440000534057617,17.549999237060547,17.329999923706055,17.329999923706055,6205,0.0,0.0
2023-12-21 09:30:00-05:00,17.56999969482422,17.899999618530273,17.56999969482422,17.864999771118164,7016,0.0,0.0
2023-12-21 10:30:00-05:00,17.895000457763672,18.15570068359375,17.799999237060547,18.12649917602539,23559,0.0,0.0
2023-12-21 11:30:00-05:00,18.19499969482422,18.200000762939453,18.01259994506836,18.165000915527344,7344,0.0,0.0
2023-12-21 12:30:00-05:00,18.19499969482422,18.559999465942383,18.12190055847168,18.489999771118164,11653,0.0,0.0
2023-12-21 13:30:00-05:00,18.437400817871094,18.700000762939453,18.370100021362305,18.600000381469727,15122,0.0,0.0
2023-12-21 14:30:00-05:00,18.600000381469727,18.975000381469727,18.600000381469727,18.801000595092773,17468,0.0,0.0
2023-12-21 15:30:00-05:00,18.799999237060547,18.885000228881836,18.742000579833984,18.809999465942383,8663,0.0,0.0
2023-12-22 09:30:00-05:00,18.8700008392334,18.8700008392334,18.010000228881836,18.714000701904297,7517,0.0,0.0
2023-12-22 10:30:00-05:00,18.762300491333008,18.780000686645508,18.610000610351562,18.780000686645508,6209,0.0,0.0
2023-12-22 11:30:00-05:00,18.77079963684082,19.030000686645508,18.77079963684082,19.020000457763672,10581,0.0,0.0
2023-12-22 12:30:00-05:00,19.0,19.0,18.850000381469727,18.889999389648438,3973,0.0,0.0
2023-12-22 13:30:00-05:00,18.8700008392334,18.899999618530273,18.709999084472656,18.850000381469727,4080,0.0,0.0
2023-12-22 14:30:00-05:00,18.799999237060547,18.899999618530273,18.670000076293945,18.84000015258789,11663,0.0,0.0
2023-12-22 15:30:00-05:00,18.774999618530273,18.788999557495117,18.673799514770508,18.729999542236328,3281,0.0,0.0
2023-12-26 09:30:00-05:00,18.969999313354492,19.309999465942383,18.760000228881836,19.1299991607666,21948,0.0,0.0
2023-12-26 10:30:00-05:00,19.1299991607666,19.75,19.1299991607666,19.579999923706055,17313,0.0,0.0
2023-12-26 11:30:00-05:00,19.53499984741211,19.59000015258789,19.309999465942383,19.459999084472656,18879,0.0,0.0
2023-12-26 12:30:00-05:00,19.459999084472656,19.899099349975586,19.450000762939453,19.790000915527344,14843,0.0,0.0
2023-12-26 13:30:00-05:00,19.895000457763672,20.139999389648438,19.895000457763672,19.989999771118164,7305,0.0,0.0
2023-12-26 14:30:00-05:00,20.0,20.119199752807617,19.850000381469727,19.989999771118164,16851,0.0,0.0
2023-12-26 15:30:00-05:00,19.950000762939453,20.179899215698242,19.911399841308594,20.1299991607666,9431,0.0,0.0
2023-12-27 09:30:00-05:00,20.190000534057617,20.350000381469727,20.0,20.068199157714844,16779,0.0,0.0
2023-12-27 10:30:00-05:00,19.920000076293945,19.920000076293945,19.559999465942383,19.6299991607666,9239,0.0,0.0
2023-12-27 11:30:00-05:00,19.625,19.8169002532959,19.389999389648438,19.78499984741211,6810,0.0,0.0
2023-12-27 12:30:00-05:00,19.829999923706055,20.229299545288086,19.739999771118164,19.989900588989258,13790,0.0,0.0
2023-12-27 13:30:00-05:00,19.81999969482422,19.989999771118164,19.81999969482422,19.985000610351562,7117,0.0,0.0
2023-12-27 14:30:00-05:00,19.989999771118164,20.114999771118164,19.770000457763672,20.114999771118164,7091,0.0,0.0
2023-12-27 15:30:00-05:00,20.11750030517578,20.200000762939453,20.020000457763672,20.170000076293945,12277,0.0,0.0
2023-12-28 09:30:00-05:00,20.25,20.25,19.720300674438477,20.059999465942383,12971,0.0,0.0
2023-12-28 10:30:00-05:00,20.219999313354492,20.530000686645508,20.114999771118164,20.350000381469727,11544,0.0,0.0
2023-12-28 11:30:00-05:00,20.209999084472656,20.209999084472656,19.809999465942383,20.100000381469727,10086,0.0,0.0
2023-12-28 12:30:00-05:00,20.15999984741211,20.18000030517578,20.1299991607666,20.1299991607666,2105,0.0,0.0
2023-12-28 13:30:00-05:00,19.940000534057617,20.06999969482422,19.940000534057617,20.06999969482422,1228,0.0,0.0
2023-12-28 14:30:00-05:00,20.079999923706055,20.18000030517578,20.010000228881836,20.03499984741211,4665,0.0,0.0
2023-12-28 15:30:00-05:00,20.039400100708008,20.18000030517578,19.980300903320312,20.18000030517578,7916,0.0,0.0
2023-12-29 09:30:00-05:00,20.170000076293945,20.323999404907227,19.760000228881836,20.249900817871094,8486,0.0,0.0
2023-12-29 10:30:00-05:00,20.2322998046875,20.359899520874023,20.139999389648438,20.219999313354492,16281,0.0,0.0
2023-12-29 11:30:00-05:00,20.059999465942383,20.270000457763672,20.05500030517578,20.165000915527344,3488,0.0,0.0
2023-12-29 12:30:00-05:00,20.131900787353516,20.295000076293945,20.024999618530273,20.209999084472656,10356,0.0,0.0
2023-12-29 13:30:00-05:00,20.219999313354492,20.33989906311035,20.079999923706055,20.079999923706055,7692,0.0,0.0
2023-12-29 14:30:00-05:00,20.079999923706055,20.190000534057617,20.079999923706055,20.184999465942383,6553,0.0,0.0
2023-12-29 15:30:00-05:00,20.18000030517578,20.270000457763672,20.010000228881836,20.139999389648438,15478,0.0,0.0
2024-01-02 09:30:00-05:00,20.200000762939453,20.360000610351562,19.570899963378906,19.801799774169922,25570,0.0,0.0
2024-01-02 10:30:00-05:00,19.902999877929688,19.943599700927734,19.149999618530273,19.4950008392334,10011,0.0,0.0
2024-01-02 11:30:00-05:00,19.600000381469727,19.610000610351562,19.229999542236328,19.229999542236328,8382,0.0,0.0
2024-01-02 12:30:00-05:00,19.200000762939453,19.36370086669922,19.200000762939453,19.225000381469727,8053,0.0,0.0
2024-01-02 13:30:00-05:00,19.20639991760254,19.31999969482422,18.829999923706055,19.049999237060547,18455,0.0,0.0
2024-01-02 14:30:00-05:00,18.950000762939453,19.43000030517578,18.899999618530273,19.360000610351562,18719,0.0,0.0
2024-01-02 15:30:00-05:00,19.25,19.337400436401367,19.150100708007812,19.219999313354492,10909,0.0,0.0
2024-01-03 09:30:00-05:00,19.15999984741211,19.200000762939453,18.592599868774414,19.135000228881836,17963,0.0,0.0
2024-01-03 10:30:00-05:00,19.06999969482422,19.1200008392334,18.690000534057617,19.059999465942383,11602,0.0,0.0
2024-01-03 11:30:00-05:00,19.200000762939453,19.200000762939453,19.144800186157227,19.144800186157227,2082,0.0,0.0
2024-01-03 12:30:00-05:00,19.1299991607666,19.200000762939453,19.049999237060547,19.200000762939453,6828,0.0,0.0
2024-01-03 13:30:00-05:00,19.19499969482422,19.19499969482422,18.920000076293945,19.1299991607666,8612,0.0,0.0
2024-01-03 14:30:00-05:00,19.0,19.110000610351562,18.719999313354492,18.889999389648438,9023,0.0,0.0
2024-01-03 15:30:00-05:00,18.81999969482422,18.979999542236328,18.770000457763672,18.790000915527344,14870,0.0,0.0
2024-01-04 09:30:00-05:00,18.90999984741211,19.31999969482422,18.209999084472656,19.200000762939453,15087,0.0,0.0
2024-01-04 10:30:00-05:00,19.31999969482422,19.3700008392334,19.079999923706055,19.149999618530273,8774,0.0,0.0
2024-01-04 11:30:00-05:00,19.170000076293945,19.239999771118164,19.09000015258789,19.1299991607666,9952,0.0,0.0
2024-01-04 12:30:00-05:00,19.139999389648438,19.200000762939453,19.100000381469727,19.100000381469727,8477,0.0,0.0
2024-01-04 13:30:00-05:00,19.09000015258789,19.200000762939453,18.920000076293945,18.920000076293945,21767,0.0,0.0
2024-01-04 14:30:00-05:00,19.100000381469727,19.110000610351562,18.799999237060547,18.93000030517578,26703,0.0,0.0
2024-01-04 15:30:00-05:00,18.950000762939453,19.0,18.65999984741211,18.65999984741211,8656,0.0,0.0
2024-01-05 09:30:00-05:00,18.530000686645508,19.200000762939453,18.530000686645508,18.989999771118164,14660,0.0,0.0
2024-01-05 10:30:00-05:00,19.079999923706055,19.190000534057617,18.8799991607666,19.100000381469727,12301,0.0,0.0
2024-01-05 11:30:00-05:00,19.09000015258789,19.149999618530273,19.0,19.040000915527344,9295,0.0,0.0
2024-01-05 12:30:00-05:00,19.1299991607666,19.719999313354492,19.104999542236328,19.649999618530273,32960,0.0,0.0
2024-01-05 13:30:00-05:00,19.604999542236328,19.77739906311035,19.479999542236328,19.68000030517578,11860,0.0,0.0
2024-01-05 14:30:00-05:00,19.71500015258789,19.790000915527344,19.40999984741211,19.735000610351562,33988,0.0,0.0
2024-01-05 15:30:00-05:00,19.760000228881836,19.809999465942383,19.579999923706055,19.670000076293945,26133,0.0,0.0
2024-01-08 09:30:00-05:00,19.969999313354492,20.799999237060547,19.969999313354492,20.25,60803,0.0,0.0
2024-01-08 10:30:00-05:00,20.295000076293945,20.540000915527344,20.15999984741211,20.260000228881836,27143,0.0,0.0
2024-01-08 11:30:00-05:00,20.17009925842285,20.579999923706055,20.17009925842285,20.3799991607666,12598,0.0,0.0
2024-01-08 12:30:00-05:00,20.33930015563965,20.420000076293945,20.299999237060547,20.3799991607666,7468,0.0,0.0
2024-01-08 13:30:00-05:00,20.399999618530273,20.45989990234375,20.280000686645508,20.3302001953125,6231,0.0,0.0
2024-01-08 14:30:00-05:00,20.389999389648438,20.434999465942383,20.291500091552734,20.3700008392334,13356,0.0,0.0
2024-01-08 15:30:00-05:00,20.424999237060547,20.43000030517578,20.200599670410156,20.31999969482422,17854,0.0,0.0
2024-01-09 09:30:00-05:00,20.43000030517578,20.43000030517578,19.149999618530273,19.149999618530273,29326,0.0,0.0
2024-01-09 10:30:00-05:00,19.31999969482422,19.489999771118164,19.149999618530273,19.440000534057617,8761,0.0,0.0
2024-01-09 11:30:00-05:00,19.440000534057617,19.790000915527344,19.440000534057617,19.67060089111328,10748,0.0,0.0
2024-01-09 12:30:00-05:00,19.838499069213867,19.920000076293945,19.739999771118164,19.739999771118164,7334,0.0,0.0
2024-01-09 13:30:00-05:00,19.81999969482422,19.860000610351562,19.76219940185547,19.81999969482422,4986,0.0,0.0
2024-01-09 14:30:00-05:00,19.90999984741211,19.90999984741211,19.770000457763672,19.78499984741211,4384,0.0,0.0
2024-01-09 15:30:00-05:00,19.780000686645508,19.829999923706055,19.639999389648438,19.639999389648438,17113,0.0,0.0
2024-01-10 09:30:00-05:00,19.709999084472656,19.709999084472656,19.000099182128906,19.329999923706055,21351,0.0,0.0
2024-01-10 10:30:00-05:00,19.395000457763672,19.63990020751953,19.395000457763672,19.62380027770996,2658,0.0,0.0
2024-01-10 11:30:00-05:00,19.639999389648438,19.989999771118164,19.59000015258789,19.90999984741211,33820,0.0,0.0
2024-01-10 12:30:00-05:00,19.889999389648438,20.239999771118164,19.860000610351562,20.170000076293945,17640,0.0,0.0
2024-01-10 13:30:00-05:00,20.1737003326416,20.5,20.059999465942383,20.375200271606445,32520,0.0,0.0
2024-01-10 14:30:00-05:00,20.3700008392334,20.479999542236328,20.209999084472656,20.225000381469727,25482,0.0,0.0
2024-01-10 15:30:00-05:00,20.22260093688965,20.3799991607666,20.219999313354492,20.280000686645508,22975,0.0,0.0
2024-01-11 09:30:00-05:00,20.350000381469727,20.489200592041016,20.0,20.0,19663,0.0,0.0
2024-01-11 10:30:00-05:00,20.041799545288086,20.041799545288086,19.69499969482422,19.69499969482422,3510,0.0,0.0
2024-01-11 11:30:00-05:00,19.600000381469727,19.670000076293945,19.5,19.520000457763672,8397,0.0,0.0
2024-01-11 12:30:00-05:00,19.459999084472656,19.525999069213867,19.139999389648438,19.354999542236328,31082,0.0,0.0
2024-01-11 13:30:00-05:00,19.299999237060547,19.3700008392334,19.035400390625,19.25,12904,0.0,0.0
2024-01-11 14:30:00-05:00,19.229999542236328,19.399999618530273,19.176300048828125,19.25,17207,0.0,0.0
2024-01-11 15:30:00-05:00,19.309999465942383,19.399999618530273,18.670000076293945,18.860000610351562,49858,0.0,0.0
2024-01-12 09:30:00-05:00,19.040000915527344,19.790000915527344,18.709999084472656,19.399999618530273,23916,0.0,0.0
2024-01-12 10:30:00-05:00,19.459999084472656,19.459999084472656,19.270000457763672,19.420000076293945,5244,0.0,0.0
2024-01-12 11:30:00-05:00,19.46500015258789,19.56999969482422,19.43000030517578,19.56999969482422,7378,0.0,0.0
2024-01-12 12:30:00-05:00,19.68000030517578,19.68000030517578,19.440000534057617,19.520000457763672,2533,0.0,0.0
2024-01-12 13:30:00-05:00,19.59000015258789,19.59000015258789,19.190000534057617,19.34000015258789,22671,0.0,0.0
2024-01-12 14:30:00-05:00,19.291900634765625,19.469999313354492,19.291900634765625,19.469999313354492,5152,0.0,0.0
2024-01-12 15:30:00-05:00,19.469999313354492,19.655000686645508,19.389999389648438,19.559999465942383,17904,0.0,0.0
2024-01-16 09:30:00-05:00,19.260000228881836,19.260000228881836,18.21500015258789,18.645000457763672,31725,0.0,0.0
2024-01-16 10:30:00-05:00,18.6560001373291,18.93000030517578,18.530000686645508,18.634700775146484,21384,0.0,0.0
2024-01-16 11:30:00-05:00,18.735000610351562,18.739999771118164,18.399999618530273,18.690000534057617,8149,0.0,0.0
2024-01-16 12:30:00-05:00,18.649999618530273,18.770000457763672,18.549999237060547,18.770000457763672,9562,0.0,0.0
2024-01-16 13:30:00-05:00,18.780000686645508,18.780000686645508,18.299999237060547,18.309999465942383,10822,0.0,0.0
2024-01-16 14:30:00-05:00,18.299999237060547,18.469999313354492,18.200000762939453,18.469999313354492,12711,0.0,0.0
2024-01-16 15:30:00-05:00,18.459999084472656,18.479999542236328,18.309999465942383,18.399999618530273,12949,0.0,0.0
2024-01-17 09:30:00-05:00,18.170000076293945,18.170000076293945,17.239500045776367,18.024999618530273,31030,0.0,0.0
2024-01-17 10:30:00-05:00,18.05500030517578,18.270000457763672,18.05500030517578,18.110000610351562,3159,0.0,0.0
2024-01-17 11:30:00-05:00,18.09000015258789,18.239900588989258,18.079999923706055,18.239900588989258,3060,0.0,0.0
2024-01-17 12:30:00-05:00,18.225000381469727,18.274999618530273,18.18000030517578,18.21150016784668,4354,0.0,0.0
2024-01-17 13:30:00-05:00,18.149999618530273,18.209999084472656,18.149999618530273,18.160999298095703,2284,0.0,0.0
2024-01-17 14:30:00-05:00,18.190000534057617,18.209999084472656,18.079999923706055,18.209999084472656,7768,0.0,0.0
2024-01-17 15:30:00-05:00,18.229999542236328,18.31999969482422,18.149999618530273,18.299999237060547,12036,0.0,0.0
2024-01-18 09:30:00-05:00,18.350000381469727,18.549999237060547,18.225200653076172,18.475000381469727,6093,0.0,0.0
2024-01-18 10:30:00-05:00,18.579999923706055,18.610000610351562,18.46500015258789,18.5,6949,0.0,0.0
2024-01-18 11:30:00-05:00,18.511999130249023,18.559999465942383,18.229999542236328,18.334999084472656,5693,0.0,0.0
2024-01-18 12:30:00-05:00,18.34000015258789,18.43000030517578,18.209999084472656,18.325000762939453,4407,0.0,0.0
2024-01-18 13:30:00-05:00,18.31999969482422,18.31999969482422,18.100000381469727,18.174999237060547,4144,0.0,0.0
2024-01-18 14:30:00-05:00,18.200000762939453,18.200000762939453,17.8700008392334,17.8700008392334,10938,0.0,0.0
2024-01-18 15:30:00-05:00,17.950000762939453,18.010000228881836,17.899999618530273,17.90999984741211,12952,0.0,0.0
2024-01-19 09:30:00-05:00,17.540000915527344,17.84000015258789,17.33009910583496,17.639999389648438,17109,0.0,0.0
2024-01-19 10:30:00-05:00,17.72100067138672,17.72100067138672,17.510099411010742,17.610000610351562,7032,0.0,0.0
2024-01-19 11:30:00-05:00,17.719999313354492,17.719999313354492,17.570100784301758,17.6299991607666,3653,0.0,0.0
2024-01-19 12:30:00-05:00,17.624300003051758,17.649999618530273,17.530000686645508,17.649999618530273,6982,0.0,0.0
2024-01-19 13:30:00-05:00,17.665000915527344,17.70989990234375,17.639999389648438,17.65999984741211,4642,0.0,0.0
2024-01-19 14:30:00-05:00,17.649999618530273,17.649999618530273,17.530000686645508,17.579999923706055,6920,0.0,0.0
2024-01-19 15:30:00-05:00,17.59000015258789,17.600000381469727,17.399999618530273,17.399999618530273,18469,0.0,0.0
2024-01-22 09:30:00-05:00,17.34000015258789,18.09000015258789,17.020000457763672,18.079999923706055,23169,0.0,0.0
2024-01-22 10:30:00-05:00,18.05500030517578,18.200000762939453,18.010000228881836,18.18000030517578,7672,0.0,0.0
2024-01-22 11:30:00-05:00,18.139999389648438,18.18000030517578,18.107500076293945,18.1200008392334,5555,0.0,0.0
2024-01-22 12:30:00-05:00,18.139999389648438,18.420000076293945,18.1200008392334,18.389999389648438,7472,0.0,0.0
2024-01-22 13:30:00-05:00,18.420000076293945,18.729999542236328,18.420000076293945,18.6299991607666,11785,0.0,0.0
2024-01-22 14:30:00-05:00,18.739999771118164,19.040000915527344,18.719999313354492,19.040000915527344,11226,0.0,0.0
2024-01-22 15:30:00-05:00,18.959999084472656,19.020000457763672,18.84000015258789,18.980100631713867,14410,0.0,0.0
2024-01-23 09:30:00-05:00,19.149999618530273,19.834999084472656,19.149999618530273,19.579999923706055,13538,0.0,0.0
2024-01-23 10:30:00-05:00,19.60810089111328,19.670000076293945,19.389999389648438,19.59000015258789,7089,0.0,0.0
2024-01-23 11:30:00-05:00,19.606000900268555,19.610000610351562,19.190000534057617,19.190000534057617,12056,0.0,0.0
2024-01-23 12:30:00-05:00,19.13010025024414,19.299999237060547,19.13010025024414,19.299999237060547,2028,0.0,0.0
2024-01-23 13:30:00-05:00,19.299999237060547,19.469999313354492,19.299999237060547,19.34000015258789,3222,0.0,0.0
2024-01-23 14:30:00-05:00,19.270000457763672,19.3799991607666,19.110000610351562,19.110000610351562,8797,0.0,0.0
2024-01-23 15:30:00-05:00,19.145099639892578,19.209999084472656,18.969999313354492,19.059999465942383,22440,0.0,0.0
2024-01-24 09:30:00-05:00,19.440000534057617,19.690000534057617,19.25,19.25,10821,0.0,0.0
2024-01-24 10:30:00-05:00,19.299999237060547,19.809999465942383,19.299999237060547,19.809999465942383,12135,0.0,0.0
2024-01-24 11:30:00-05:00,19.84000015258789,20.229999542236328,19.84000015258789,20.1299991607666,14409,0.0,0.0
2024-01-24 12:30:00-05:00,20.190000534057617,20.25,19.795000076293945,19.795000076293945,18352,0.0,0.0
2024-01-24 13:30:00-05:00,19.68079948425293,19.84000015258789,19.520099639892578,19.59000015258789,11820,0.0,0.0
2024-01-24 14:30:00-05:00,19.299999237060547,19.329999923706055,19.064800262451172,19.170000076293945,20258,0.0,0.0
2024-01-24 15:30:00-05:00,19.270000457763672,19.40999984741211,19.15999984741211,19.329999923706055,23874,0.0,0.0
2024-01-25 09:30:00-05:00,19.940000534057617,20.149999618530273,19.670000076293945,19.90999984741211,19122,0.0,0.0
2024-01-25 10:30:00-05:00,19.790000915527344,19.790000915527344,19.06999969482422,19.100000381469727,15125,0.0,0.0
2024-01-25 11:30:00-05:00,19.024799346923828,19.290000915527344,18.765399932861328,18.969999313354492,7619,0.0,0.0
2024-01-25 12:30:00-05:00,18.93000030517578,18.959999084472656,18.53499984741211,18.665000915527344,12621,0.0,0.0
2024-01-25 13:30:00-05:00,18.68000030517578,18.769899368286133,18.600000381469727,18.709800720214844,3441,0.0,0.0
2024-01-25 14:30:00-05:00,18.8700008392334,19.25,18.850000381469727,19.1299991607666,12919,0.0,0.0
2024-01-25 15:30:00-05:00,19.1200008392334,19.34000015258789,19.079999923706055,19.34000015258789,9588,0.0,0.0
2024-01-26 09:30:00-05:00,19.420000076293945,20.139999389648438,19.420000076293945,19.670000076293945,12786,0.0,0.0
2024-01-26 10:30:00-05:00,19.65999984741211,19.65999984741211,19.489999771118164,19.5,5739,0.0,0.0
2024-01-26 11:30:00-05:00,19.479999542236328,19.594999313354492,19.413700103759766,19.510000228881836,5299,0.0,0.0
2024-01-26 12:30:00-05:00,19.440000534057617,19.59000015258789,19.399999618530273,19.530000686645508,5026,0.0,0.0
2024-01-26 13:30:00-05:00,19.597299575805664,19.709999084472656,19.549999237060547,19.690000534057617,5174,0.0,0.0
2024-01-26 14:30:00-05:00,19.704200744628906,19.760000228881836,19.540000915527344,19.649999618530273,7917,0.0,0.0
2024-01-26 15:30:00-05:00,19.690000534057617,19.780000686645508,19.639999389648438,19.780000686645508,6308,0.0,0.0
2024-01-29 09:30:00-05:00,19.540000915527344,19.540000915527344,19.18000030517578,19.18000030517578,5401,0.0,0.0
2024-01-29 10:30:00-05:00,19.174999237060547,19.540000915527344,19.174999237060547,19.450000762939453,5712,0.0,0.0
2024-01-29 11:30:00-05:00,19.600000381469727,19.610000610351562,19.450000762939453,19.450000762939453,5496,0.0,0.0
2024-01-29 12:30:00-05:00,19.450000762939453,19.450000762939453,19.240100860595703,19.344999313354492,3006,0.0,0.0
2024-01-29 13:30:00-05:00,19.350000381469727,19.459999084472656,19.329999923706055,19.350000381469727,5391,0.0,0.0
2024-01-29 14:30:00-05:00,19.34000015258789,19.389999389648438,19.31130027770996,19.389999389648438,1820,0.0,0.0
2024-01-29 15:30:00-05:00,19.360000610351562,19.360000610351562,19.209999084472656,19.31999969482422,14202,0.0,0.0
2024-01-30 09:30:00-05:00,19.09000015258789,19.59000015258789,18.621000289916992,19.59000015258789,12185,0.0,0.0
2024-01-30 10:30:00-05:00,19.479999542236328,19.549999237060547,19.280000686645508,19.31999969482422,7798,0.0,0.0
2024-01-30 11:30:00-05:00,19.329999923706055,19.329999923706055,19.329999923706055,19.329999923706055,350,0.0,0.0
2024-01-30 12:30:00-05:00,19.270000457763672,19.30500030517578,18.920000076293945,19.03499984741211,11839,0.0,0.0
2024-01-30 13:30:00-05:00,19.1200008392334,19.149999618530273,19.040000915527344,19.09000015258789,3635,0.0,0.0
2024-01-30 14:30:00-05:00,19.059999465942383,19.100000381469727,18.979999542236328,19.065000534057617,5723,0.0,0.0
2024-01-30 15:30:00-05:00,19.15999984741211,19.235000610351562,19.040000915527344,19.235000610351562,9918,0.0,0.0
2024-01-31 09:30:00-05:00,19.309999465942383,19.510000228881836,19.240100860595703,19.240100860595703,3393,0.0,0.0
2024-01-31 10:30:00-05:00,19.420000076293945,19.420000076293945,19.264999389648438,19.264999389648438,1024,0.0,0.0
2024-01-31 11:30:00-05:00,19.110000610351562,19.18000030517578,19.010099411010742,19.1299991607666,4450,0.0,0.0
2024-01-31 12:30:00-05:00,19.104999542236328,19.360000610351562,19.0049991607666,19.2549991607666,3621,0.0,0.0
2024-01-31 13:30:00-05:00,19.30500030517578,19.40999984741211,19.190000534057617,19.200000762939453,5732,0.0,0.0
2024-01-31 14:30:00-05:00,19.325000762939453,19.350000381469727,19.06999969482422,19.165000915527344,10456,0.0,0.0
2024-01-31 15:30:00-05:00,19.100000381469727,19.1299991607666,18.81999969482422,18.8799991607666,9756,0.0,0.0
2024-02-01 09:30:00-05:00,18.809999465942383,19.28499984741211,18.809999465942383,18.969999313354492,5706,0.0,0.0
2024-02-01 10:30:00-05:00,18.899999618530273,19.170000076293945,18.8799991607666,18.990100860595703,13040,0.0,0.0
2024-02-01 11:30:00-05:00,19.084999084472656,19.084999084472656,18.899999618530273,18.969999313354492,4421,0.0,0.0
2024-02-01 12:30:00-05:00,19.030000686645508,19.030000686645508,18.760000228881836,18.760000228881836,3391,0.0,0.0
2024-02-01 13:30:00-05:00,18.809999465942383,18.889999389648438,18.760000228881836,18.8700008392334,8281,0.0,0.0
2024-02-01 14:30:00-05:00,18.741899490356445,18.90999984741211,18.741899490356445,18.90999984741211,5784,0.0,0.0
2024-02-01 15:30:00-05:00,18.86009979248047,19.079999923706055,18.86009979248047,19.079999923706055,12400,0.0,0.0
2024-02-02 09:30:00-05:00,18.809999465942383,19.170000076293945,18.809999465942383,18.850000381469727,4046,0.0,0.0
2024-02-02 10:30:00-05:00,18.920000076293945,18.959999084472656,18.84830093383789,18.93000030517578,3050,0.0,0.0
2024-02-02 11:30:00-05:00,18.924999237060547,18.924999237060547,18.690000534057617,18.885000228881836,6184,0.0,0.0
2024-02-02 12:30:00-05:00,18.93000030517578,18.9950008392334,18.770000457763672,18.940000534057617,3891,0.0,0.0
2024-02-02 13:30:00-05:00,18.93000030517578,19.290000915527344,18.895000457763672,19.290000915527344,8519,0.0,0.0
2024-02-02 14:30:00-05:00,19.290000915527344,19.399999618530273,19.229999542236328,19.264999389648438,11590,0.0,0.0
2024-02-02 15:30:00-05:00,19.263999938964844,19.309999465942383,19.114999771118164,19.149999618530273,16283,0.0,0.0
2024-02-05 09:30:00-05:00,19.020000457763672,19.110000610351562,18.809999465942383,18.954999923706055,7186,0.0,0.0
2024-02-05 10:30:00-05:00,19.100000381469727,19.149999618530273,18.9950008392334,19.149999618530273,8130,0.0,0.0
2024-02-05 11:30:00-05:00,19.1825008392334,19.809900283813477,19.1825008392334,19.793500900268555,21864,0.0,0.0
2024-02-05 12:30:00-05:00,19.730300903320312,19.730300903320312,19.5,19.670000076293945,14581,0.0,0.0
2024-02-05 13:30:00-05:00,19.732799530029297,19.78499984741211,19.579999923706055,19.670000076293945,8211,0.0,0.0
2024-02-05 14:30:00-05:00,19.670000076293945,19.920000076293945,19.65999984741211,19.731000900268555,12606,0.0,0.0
2024-02-05 15:30:00-05:00,19.731399536132812,19.850000381469727,19.700000762939453,19.760000228881836,13129,0.0,0.0
2024-02-06 09:30:00-05:00,19.959999084472656,20.0,19.13559913635254,19.469999313354492,38943,0.0,0.0
2024-02-06 10:30:00-05:00,19.43000030517578,19.68560028076172,19.3799991607666,19.530000686645508,22578,0.0,0.0
2024-02-06 11:30:00-05:00,19.53499984741211,19.65999984741211,19.53499984741211,19.579999923706055,2951,0.0,0.0
2024-02-06 12:30:00-05:00,19.674999237060547,19.690000534057617,19.559999465942383,19.559999465942383,15572,0.0,0.0
2024-02-06 13:30:00-05:00,19.610000610351562,19.610000610351562,19.40999984741211,19.440000534057617,7076,0.0,0.0
2024-02-06 14:30:00-05:00,19.364999771118164,19.364999771118164,19.049999237060547,19.21500015258789,9860,0.0,0.0
2024-02-06 15:30:00-05:00,19.209999084472656,19.31999969482422,19.09000015258789,19.299999237060547,30683,0.0,0.0
2024-02-07 09:30:00-05:00,19.329999923706055,19.329999923706055,19.15999984741211,19.170000076293945,2298,0.0,0.0
2024-02-07 10:30:00-05:00,19.274999618530273,19.360000610351562,19.100000381469727,19.31999969482422,136933,0.0,0.0
2024-02-07 11:30:00-05:00,19.139999389648438,19.139999389648438,18.399999618530273,18.5,14223,0.0,0.0
2024-02-07 12:30:00-05:00,18.375,18.698400497436523,18.375,18.698400497436523,9164,0.0,0.0
2024-02-07 13:30:00-05:00,18.864999771118164,18.864999771118164,18.6200008392334,18.625,4111,0.0,0.0
2024-02-07 14:30:00-05:00,18.65999984741211,18.915000915527344,18.600000381469727,18.84000015258789,7896,0.0,0.0
2024-02-07 15:30:00-05:00,18.81999969482422,19.149999618530273,18.770000457763672,19.149999618530273,15940,0.0,0.0
2024-02-08 09:30:00-05:00,19.399999618530273,19.729999542236328,19.219999313354492,19.729999542236328,2883,0.0,0.0
2024-02-08 10:30:00-05:00,19.739900588989258,19.895000457763672,19.6200008392334,19.780000686645508,7884,0.0,0.0
2024-02-08 11:30:00-05:00,19.735000610351562,19.735000610351562,19.229999542236328,19.31999969482422,18814,0.0,0.0
2024-02-08 12:30:00-05:00,19.31999969482422,19.790000915527344,19.270000457763672,19.790000915527344,5340,0.0,0.0
2024-02-08 13:30:00-05:00,19.790000915527344,19.94499969482422,19.68000030517578,19.934499740600586,7267,0.0,0.0
2024-02-08 14:30:00-05:00,19.920000076293945,19.940000534057617,19.479999542236328,19.56999969482422,10210,0.0,0.0
2024-02-08 15:30:00-05:00,19.520000457763672,19.704999923706055,19.510000228881836,19.530000686645508,22570,0.0,0.0
2024-02-09 09:30:00-05:00,19.75,19.75,19.030000686645508,19.459999084472656,15097,0.0,0.0
2024-02-09 10:30:00-05:00,19.479999542236328,19.899999618530273,19.1299991607666,19.274999618530273,15285,0.0,0.0
2024-02-09 11:30:00-05:00,19.334999084472656,19.420000076293945,19.280000686645508,19.280000686645508,4264,0.0,0.0
2024-02-09 12:30:00-05:00,19.34000015258789,19.479999542236328,19.219999313354492,19.43000030517578,18181,0.0,0.0
2024-02-09 13:30:00-05:00,19.459999084472656,19.469999313354492,19.25,19.399999618530273,9641,0.0,0.0
2024-02-09 14:30:00-05:00,19.459999084472656,19.485000610351562,19.270000457763672,19.415000915527344,5928,0.0,0.0
2024-02-09 15:30:00-05:00,19.43000030517578,19.43000030517578,19.31999969482422,19.34000015258789,12942,0.0,0.0
2024-02-12 09:30:00-05:00,19.65999984741211,20.100000381469727,19.479999542236328,19.889999389648438,0,0.0,0.0
2024-02-12 10:30:00-05:00,19.889999389648438,20.260000228881836,19.780000686645508,20.024999618530273,49054,0.0,0.0
2024-02-12 11:30:00-05:00,20.0049991607666,20.014999389648438,19.75,19.75,6245,0.0,0.0
2024-02-12 12:30:00-05:00,19.809999465942383,19.984699249267578,19.770000457763672,19.912799835205078,4901,0.0,0.0
2024-02-12 13:30:00-05:00,19.889999389648438,19.90999984741211,19.729999542236328,19.729999542236328,6058,0.0,0.0
2024-02-12 14:30:00-05:00,19.850000381469727,19.905000686645508,19.81999969482422,19.860000610351562,3817,0.0,0.0
2024-02-12 15:30:00-05:00,19.84000015258789,19.840099334716797,19.700000762939453,19.719999313354492,13823,0.0,0.0
2024-02-13 09:30:00-05:00,19.399999618530273,19.64189910888672,19.020000457763672,19.020000457763672,5786,0.0,0.0
2024-02-13 10:30:00-05:00,19.12339973449707,19.31999969482422,19.12339973449707,19.280000686645508,5384,0.0,0.0
2024-02-13 11:30:00-05:00,19.235000610351562,19.235000610351562,18.920000076293945,18.920000076293945,4490,0.0,0.0
2024-02-13 12:30:00-05:00,18.864999771118164,18.979999542236328,18.799999237060547,18.899999618530273,5159,0.0,0.0
2024-02-13 13:30:00-05:00,18.899999618530273,18.969999313354492,18.81999969482422,18.899999618530273,5812,0.0,0.0
2024-02-13 14:30:00-05:00,18.90999984741211,18.97279930114746,18.790000915527344,18.795000076293945,6583,0.0,0.0
2024-02-13 15:30:00-05:00,18.790000915527344,18.8799991607666,18.719999313354492,18.790000915527344,17640,0.0,0.0
2024-02-14 09:30:00-05:00,19.049999237060547,19.3799991607666,18.940000534057617,19.06999969482422,17291,0.0,0.0
2024-02-14 10:30:00-05:00,19.06999969482422,19.143600463867188,18.94499969482422,19.0049991607666,5448,0.0,0.0
2024-02-14 11:30:00-05:00,19.0049991607666,19.06999969482422,18.940000534057617,18.989999771118164,8046,0.0,0.0
2024-02-14 12:30:00-05:00,19.020000457763672,19.065000534057617,18.989999771118164,19.040000915527344,9681,0.0,0.0
2024-02-14 13:30:00-05:00,19.0049991607666,19.09000015258789,18.96649932861328,19.0,9916,0.0,0.0
2024-02-14 14:30:00-05:00,19.040000915527344,19.045000076293945,18.979999542236328,18.989999771118164,8242,0.0,0.0
2024-02-14 15:30:00-05:00,19.010000228881836,19.239999771118164,18.959999084472656,18.959999084472656,18970,0.0,0.0
2024-02-15 09:30:00-05:00,19.020000457763672,19.479999542236328,19.0,19.279399871826172,4480,0.0,0.0
2024-02-15 10:30:00-05:00,19.290000915527344,19.780000686645508,19.190000534057617,19.385000228881836,12625,0.0,0.0
2024-02-15 11:30:00-05:00,19.30500030517578,19.75,19.290000915527344,19.75,3676,0.0,0.0
2024-02-15 12:30:00-05:00,19.75,20.010000228881836,19.674999237060547,20.010000228881836,9089,0.0,0.0
2024-02-15 13:30:00-05:00,20.010000228881836,20.15999984741211,19.829999923706055,20.084999084472656,17292,0.0,0.0
2024-02-15 14:30:00-05:00,20.15999984741211,20.399999618530273,19.850000381469727,20.3218994140625,28355,0.0,0.0
2024-02-15 15:30:00-05:00,20.329999923706055,20.790000915527344,20.329999923706055,20.790000915527344,33652,0.0,0.0
2024-02-16 09:30:00-05:00,20.649999618530273,20.940000534057617,20.610000610351562,20.760000228881836,15151,0.0,0.0
2024-02-16 10:30:00-05:00,20.700000762939453,21.09000015258789,20.68000030517578,21.09000015258789,13649,0.0,0.0
2024-02-16 11:30:00-05:00,21.1299991607666,21.3799991607666,21.0049991607666,21.3799991607666,7627,0.0,0.0
2024-02-16 12:30:00-05:00,21.37649917602539,21.5,21.31999969482422,21.450000762939453,9897,0.0,0.0
2024-02-16 13:30:00-05:00,21.3700008392334,21.399999618530273,21.209999084472656,21.299999237060547,10334,0.0,0.0
2024-02-16 14:30:00-05:00,21.270000457763672,21.270099639892578,20.899999618530273,20.915000915527344,8229,0.0,0.0
2024-02-16 15:30:00-05:00,20.90999984741211,20.90999984741211,20.719999313354492,20.780000686645508,13570,0.0,0.0
2024-02-20 09:30:00-05:00,20.530000686645508,20.8700008392334,20.08009910583496,20.549999237060547,14639,0.0,0.0
2024-02-20 10:30:00-05:00,20.549999237060547,20.600000381469727,20.479999542236328,20.575000762939453,3743,0.0,0.0
2024-02-20 11:30:00-05:00,20.600000381469727,20.600000381469727,20.2549991607666,20.2549991607666,3950,0.0,0.0
2024-02-20 12:30:00-05:00,20.225000381469727,20.329999923706055,20.1299991607666,20.329999923706055,3319,0.0,0.0
2024-02-20 13:30:00-05:00,20.31999969482422,20.31999969482422,20.165000915527344,20.229999542236328,6436,0.0,0.0
2024-02-20 14:30:00-05:00,20.25,20.25,19.975000381469727,19.975000381469727,13762,0.0,0.0
2024-02-20 15:30:00-05:00,20.049999237060547,20.079999923706055,19.8700008392334,19.959999084472656,14738,0.0,0.0
2024-02-21 09:30:00-05:00,19.729999542236328,20.1299991607666,19.729999542236328,19.75,11813,0.0,0.0
2024-02-21 10:30:00-05:00,19.75,19.75,19.360000610351562,19.524999618530273,10804,0.0,0.0
2024-02-21 11:30:00-05:00,19.56999969482422,19.770000457763672,19.56999969482422,19.729999542236328,3639,0.0,0.0
2024-02-21 12:30:00-05:00,19.780000686645508,19.850000381469727,19.549999237060547,19.604999542236328,8458,0.0,0.0
2024-02-21 13:30:00-05:00,19.579999923706055,19.760000228881836,19.579999923706055,19.649999618530273,5290,0.0,0.0
2024-02-21 14:30:00-05:00,19.6200008392334,19.649999618530273,19.360000610351562,19.649999618530273,16927,0.0,0.0
2024-02-21 15:30:00-05:00,19.610000610351562,19.850000381469727,19.610000610351562,19.850000381469727,8907,0.0,0.0
2024-02-22 09:30:00-05:00,19.729999542236328,20.170000076293945,19.402000427246094,19.959999084472656,8713,0.0,0.0
2024-02-22 10:30:00-05:00,20.03499984741211,20.349899291992188,19.940000534057617,20.190000534057617,3895,0.0,0.0
2024-02-22 11:30:00-05:00,20.40999984741211,20.4950008392334,20.290000915527344,20.4950008392334,2165,0.0,0.0
2024-02-22 12:30:00-05:00,20.405000686645508,20.405000686645508,20.18000030517578,20.18000030517578,3318,0.0,0.0
2024-02-22 13:30:00-05:00,20.084999084472656,20.209999084472656,19.84000015258789,20.174999237060547,10217,0.0,0.0
2024-02-22 14:30:00-05:00,20.059999465942383,20.100000381469727,19.899999618530273,20.100000381469727,3403,0.0,0.0
2024-02-22 15:30:00-05:00,20.06999969482422,20.1200008392334,19.979999542236328,19.989999771118164,8851,0.0,0.0
2024-02-23 09:30:00-05:00,19.989999771118164,19.9950008392334,19.84000015258789,19.860000610351562,5932,0.0,0.0
2024-02-23 10:30:00-05:00,20.06999969482422,20.270000457763672,19.986900329589844,20.15999984741211,4592,0.0,0.0
2024-02-23 11:30:00-05:00,20.145000457763672,20.489999771118164,19.989999771118164,20.469999313354492,10213,0.0,0.0
2024-02-23 12:30:00-05:00,20.395000457763672,20.67490005493164,20.198999404907227,20.67490005493164,6113,0.0,0.0
2024-02-23 13:30:00-05:00,20.600000381469727,20.719999313354492,20.514999389648438,20.719999313354492,18770,0.0,0.0
2024-02-23 14:30:00-05:00,20.579999923706055,20.889999389648438,20.42930030822754,20.540000915527344,14598,0.0,0.0
2024-02-23 15:30:00-05:00,20.438400268554688,20.549999237060547,20.309999465942383,20.309999465942383,15313,0.0,0.0
2024-02-26 09:30:00-05:00,20.06999969482422,20.729999542236328,20.040000915527344,20.709999084472656,12185,0.0,0.0
2024-02-26 10:30:00-05:00,20.665000915527344,20.719999313354492,20.530000686645508,20.530000686645508,6130,0.0,0.0
2024-02-26 11:30:00-05:00,20.63279914855957,20.63279914855957,20.530000686645508,20.530000686645508,4643,0.0,0.0
2024-02-26 12:30:00-05:00,20.5,20.524999618530273,20.406999588012695,20.40999984741211,3707,0.0,0.0
2024-02-26 13:30:00-05:00,20.30500030517578,20.350000381469727,20.139999389648438,20.229999542236328,5908,0.0,0.0
2024-02-26 14:30:00-05:00,20.309999465942383,20.579999923706055,20.290000915527344,20.56999969482422,4957,0.0,0.0
2024-02-26 15:30:00-05:00,20.510000228881836,20.549999237060547,20.43000030517578,20.459999084472656,9023,0.0,0.0
2024-02-27 09:30:00-05:00,20.5,20.795000076293945,20.40999984741211,20.7012996673584,4060,0.0,0.0
2024-02-27 10:30:00-05:00,20.45009994506836,20.760000228881836,20.450000762939453,20.649999618530273,9632,0.0,0.0
2024-02-27 11:30:00-05:00,20.646400451660156,20.739999771118164,20.520000457763672,20.520000457763672,2432,0.0,0.0
2024-02-27 12:30:00-05:00,20.450000762939453,20.52739906311035,20.415000915527344,20.415000915527344,3942,0.0,0.0
2024-02-27 13:30:00-05:00,20.415000915527344,20.469999313354492,20.3700008392334,20.469999313354492,3603,0.0,0.0
2024-02-27 14:30:00-05:00,20.540000915527344,20.579999923706055,20.479999542236328,20.559999465942383,4853,0.0,0.0
2024-02-27 15:30:00-05:00,20.584999084472656,20.60300064086914,20.31999969482422,20.31999969482422,13811,0.0,0.0
2024-02-28 09:30:00-05:00,20.139999389648438,20.329999923706055,19.799999237060547,20.325000762939453,3776,0.0,0.0
2024-02-28 10:30:00-05:00,20.299999237060547,20.299999237060547,20.06999969482422,20.184999465942383,8868,0.0,0.0
2024-02-28 11:30:00-05:00,20.174999237060547,20.299999237060547,20.174999237060547,20.299999237060547,2043,0.0,0.0
2024-02-28 12:30:00-05:00,20.125,20.190000534057617,20.125,20.1299991607666,1565,0.0,0.0
2024-02-28 13:30:00-05:00,20.049999237060547,20.079999923706055,19.93000030517578,20.079999923706055,4372,0.0,0.0
2024-02-28 14:30:00-05:00,19.950000762939453,19.969999313354492,19.905000686645508,19.969999313354492,2487,0.0,0.0
2024-02-28 15:30:00-05:00,19.979999542236328,20.020000457763672,19.8700008392334,20.010000228881836,8228,0.0,0.0
2024-02-29 09:30:00-05:00,20.200000762939453,20.693300247192383,20.200000762939453,20.588600158691406,0,0.0,0.0
2024-02-29 10:30:00-05:00,20.622800827026367,20.752399444580078,20.480100631713867,20.65999984741211,9535,0.0,0.0
2024-02-29 11:30:00-05:00,20.59000015258789,20.690000534057617,20.489999771118164,20.604999542236328,6739,0.0,0.0
2024-02-29 12:30:00-05:00,20.587900161743164,20.649999618530273,20.415000915527344,20.509899139404297,4299,0.0,0.0
2024-02-29 13:30:00-05:00,20.43000030517578,20.489999771118164,20.260099411010742,20.260099411010742,7170,0.0,0.0
2024-02-29 14:30:00-05:00,20.239999771118164,20.360000610351562,20.139999389648438,20.139999389648438,4700,0.0,0.0
2024-02-29 15:30:00-05:00,20.200000762939453,20.440000534057617,20.139999389648438,20.344999313354492,16149,0.0,0.0
2024-03-01 09:30:00-05:00,20.670000076293945,20.735000610351562,20.39229965209961,20.5,9781,0.0,0.0
2024-03-01 10:30:00-05:00,20.545000076293945,21.094999313354492,20.520000457763672,21.0,23380,0.0,0.0
2024-03-01 11:30:00-05:00,20.979999542236328,21.219999313354492,20.979999542236328,21.18000030517578,8906,0.0,0.0
2024-03-01 12:30:00-05:00,21.139999389648438,21.283599853515625,21.065000534057617,21.190000534057617,6291,0.0,0.0
2024-03-01 13:30:00-05:00,21.190000534057617,21.270000457763672,21.0,21.046899795532227,9498,0.0,0.0
2024-03-01 14:30:00-05:00,21.06999969482422,21.170000076293945,21.010000228881836,21.040000915527344,5968,0.0,0.0
2024-03-01 15:30:00-05:00,21.014999389648438,21.1200008392334,20.959999084472656,21.1200008392334,15146,0.0,0.0
2024-03-04 09:30:00-05:00,21.31999969482422,21.56999969482422,21.31999969482422,21.5,13162,0.0,0.0
2024-03-04 10:30:00-05:00,21.5,21.5,21.0216007232666,21.25,3138,0.0,0.0
2024-03-04 11:30:00-05:00,21.194700241088867,21.51300048828125,21.194700241088867,21.40999984741211,6028,0.0,0.0
2024-03-04 12:30:00-05:00,21.40999984741211,21.569900512695312,21.40999984741211,21.475000381469727,1941,0.0,0.0
2024-03-04 13:30:00-05:00,21.526500701904297,21.526500701904297,21.18709945678711,21.204999923706055,14716,0.0,0.0
2024-03-04 14:30:00-05:00,21.270000457763672,21.329999923706055,21.25,21.329999923706055,3631,0.0,0.0
2024-03-04 15:30:00-05:00,21.299999237060547,21.299999237060547,21.149999618530273,21.15999984741211,27137,0.0,0.0
2024-03-05 09:30:00-05:00,21.0,21.059999465942383,20.450000762939453,20.458099365234375,8841,0.0,0.0
2024-03-05 10:30:00-05:00,20.625,20.625,20.40060043334961,20.600000381469727,4358,0.0,0.0
2024-03-05 11:30:00-05:00,20.7450008392334,20.96500015258789,20.7450008392334,20.950000762939453,268,0.0,0.0
2024-03-05 12:30:00-05:00,20.829999923706055,20.96500015258789,20.770000457763672,20.844999313354492,1700,0.0,0.0
2024-03-05 13:30:00-05:00,20.729999542236328,20.729999542236328,20.530000686645508,20.674999237060547,3145,0.0,0.0
2024-03-05 14:30:00-05:00,20.68000030517578,20.700000762939453,20.43000030517578,20.510000228881836,7857,0.0,0.0
2024-03-05 15:30:00-05:00,20.519699096679688,20.639999389648438,20.489999771118164,20.639999389648438,18133,0.0,0.0
2024-03-06 09:30:00-05:00,20.75,21.024999618530273,20.639999389648438,20.940000534057617,6542,0.0,0.0
2024-03-06 10:30:00-05:00,20.993000030517578,21.084999084472656,20.8799991607666,20.969999313354492,721,0.0,0.0
2024-03-06 11:30:00-05:00,21.040000915527344,21.225000381469727,20.94529914855957,21.219900131225586,3000,0.0,0.0
2024-03-06 12:30:00-05:00,21.200000762939453,21.239999771118164,21.100000381469727,21.100000381469727,2084,0.0,0.0
2024-03-06 13:30:00-05:00,21.06999969482422,21.06999969482422,21.06999969482422,21.06999969482422,1007,0.0,0.0
2024-03-06 14:30:00-05:00,21.020000457763672,21.037099838256836,20.969999313354492,21.019100189208984,2759,0.0,0.0
2024-03-06 15:30:00-05:00,20.93000030517578,21.139999389648438,20.899999618530273,21.1299991607666,19149,0.0,0.0
2024-03-07 09:30:00-05:00,21.139999389648438,21.59000015258789,21.139999389648438,21.59000015258789,0,0.0,0.0
2024-03-07 10:30:00-05:00,21.59000015258789,21.59000015258789,21.360000610351562,21.41659927368164,3487,0.0,0.0
2024-03-07 11:30:00-05:00,21.434999465942383,21.440000534057617,21.280000686645508,21.280000686645508,4527,0.0,0.0
2024-03-07 12:30:00-05:00,21.170000076293945,21.170000076293945,20.829999923706055,20.829999923706055,8446,0.0,0.0
2024-03-07 13:30:00-05:00,20.920000076293945,20.969999313354492,20.65999984741211,20.84000015258789,5266,0.0,0.0
2024-03-07 14:30:00-05:00,20.850000381469727,20.989999771118164,20.700000762939453,20.979999542236328,6508,0.0,0.0
2024-03-07 15:30:00-05:00,20.780000686645508,20.969999313354492,20.760000228881836,20.770000457763672,17008,0.0,0.0
2024-03-08 09:30:00-05:00,21.479999542236328,22.700000762939453,21.145000457763672,22.040000915527344,49983,0.0,0.0
2024-03-08 10:30:00-05:00,22.040000915527344,22.549999237060547,21.915000915527344,22.34000015258789,34240,0.0,0.0
2024-03-08 11:30:00-05:00,22.280000686645508,22.59000015258789,22.170000076293945,22.489999771118164,7633,0.0,0.0
2024-03-08 12:30:00-05:00,22.479999542236328,22.540000915527344,22.18000030517578,22.18000030517578,6973,0.0,0.0
2024-03-08 13:30:00-05:00,22.155000686645508,22.155000686645508,21.6200008392334,21.809999465942383,17154,0.0,0.0
2024-03-08 14:30:00-05:00,21.90999984741211,22.189800262451172,21.785200119018555,22.15999984741211,9788,0.0,0.0
2024-03-08 15:30:00-05:00,22.264999389648438,22.280000686645508,21.899999618530273,22.079999923706055,22879,0.0,0.0
2024-03-11 09:30:00-04:00,22.06999969482422,22.06999969482422,21.170000076293945,21.450000762939453,15633,0.0,0.0
2024-03-11 10:30:00-04:00,21.520000457763672,21.690000534057617,21.520000457763672,21.674999237060547,6467,0.0,0.0
2024-03-11 11:30:00-04:00,21.56999969482422,21.989999771118164,21.56999969482422,21.729999542236328,7141,0.0,0.0
2024-03-11 12:30:00-04:00,21.735000610351562,21.735000610351562,21.375,21.375,12578,0.0,0.0
2024-03-11 13:30:00-04:00,21.280000686645508,21.28499984741211,21.037700653076172,21.110000610351562,9390,0.0,0.0
2024-03-11 14:30:00-04:00,21.28499984741211,21.3700008392334,21.25,21.270000457763672,9839,0.0,0.0
2024-03-11 15:30:00-04:00,21.385000228881836,21.575000762939453,21.30500030517578,21.559999465942383,20295,0.0,0.0
2024-03-12 09:30:00-04:00,21.639999389648438,21.725000381469727,21.420000076293945,21.450000762939453,11166,0.0,0.0
2024-03-12 10:30:00-04:00,21.46500015258789,21.617700576782227,21.399999618530273,21.479999542236328,13869,0.0,0.0
2024-03-12 11:30:00-04:00,21.489999771118164,21.5,21.25,21.3799991607666,8347,0.0,0.0
2024-03-12 12:30:00-04:00,21.459999084472656,21.53499984741211,21.459999084472656,21.469999313354492,3983,0.0,0.0
2024-03-12 13:30:00-04:00,21.485000610351562,21.700000762939453,21.485000610351562,21.5,23883,0.0,0.0
2024-03-12 14:30:00-04:00,21.59000015258789,21.610000610351562,21.510000228881836,21.604999542236328,7503,0.0,0.0
2024-03-12 15:30:00-04:00,21.610000610351562,21.639999389648438,21.450000762939453,21.6299991607666,15118,0.0,0.0
2024-03-13 09:30:00-04:00,21.639999389648438,22.382299423217773,21.639999389648438,21.764999389648438,9687,0.0,0.0
2024-03-13 10:30:00-04:00,21.770000457763672,21.808000564575195,21.579999923706055,21.719999313354492,6659,0.0,0.0
2024-03-13 11:30:00-04:00,21.739999771118164,21.770000457763672,21.71500015258789,21.729999542236328,4009,0.0,0.0
2024-03-13 12:30:00-04:00,21.739999771118164,21.7450008392334,21.65999984741211,21.7450008392334,3388,0.0,0.0
2024-03-13 13:30:00-04:00,21.75,21.799999237060547,21.649999618530273,21.729999542236328,4591,0.0,0.0
2024-03-13 14:30:00-04:00,21.639999389648438,21.639999389648438,21.420000076293945,21.420000076293945,2917,0.0,0.0
2024-03-13 15:30:00-04:00,21.510000228881836,21.770000457763672,21.485000610351562,21.71500015258789,9332,0.0,0.0
2024-03-14 09:30:00-04:00,21.65999984741211,21.65999984741211,20.729999542236328,20.739999771118164,16088,0.0,0.0
2024-03-14 10:30:00-04:00,20.850000381469727,20.875,20.6299991607666,20.635000228881836,6030,0.0,0.0
2024-03-14 11:30:00-04:00,20.670000076293945,20.759899139404297,20.649999618530273,20.759899139404297,3669,0.0,0.0
2024-03-14 12:30:00-04:00,20.770000457763672,20.889999389648438,20.700000762939453,20.799999237060547,5007,0.0,0.0
2024-03-14 13:30:00-04:00,20.80500030517578,20.80500030517578,20.530000686645508,20.700000762939453,8366,0.0,0.0
2024-03-14 14:30:00-04:00,20.729999542236328,20.790000915527344,20.360000610351562,20.420000076293945,14777,0.0,0.0
2024-03-14 15:30:00-04:00,20.43000030517578,20.709999084472656,20.40999984741211,20.65999984741211,13400,0.0,0.0
2024-03-15 09:30:00-04:00,20.469999313354492,20.652000427246094,20.469999313354492,20.652000427246094,1218,0.0,0.0
2024-03-15 10:30:00-04:00,20.979999542236328,21.079999923706055,20.885000228881836,20.90999984741211,5344,0.0,0.0
2024-03-15 11:30:00-04:00,20.959999084472656,21.524999618530273,20.899999618530273,20.989999771118164,15823,0.0,0.0
2024-03-15 12:30:00-04:00,21.21500015258789,21.239999771118164,21.114999771118164,21.239999771118164,1865,0.0,0.0
2024-03-15 13:30:00-04:00,21.260000228881836,21.3700008392334,21.184999465942383,21.219999313354492,11043,0.0,0.0
2024-03-15 14:30:00-04:00,21.219999313354492,21.229999542236328,20.65999984741211,20.700000762939453,14920,0.0,0.0
2024-03-15 15:30:00-04:00,20.899999618530273,21.25,20.899999618530273,21.06999969482422,62643,0.0,0.0
2024-03-18 09:30:00-04:00,20.979999542236328,21.06999969482422,20.125999450683594,20.763900756835938,0,0.0,0.0
2024-03-18 10:30:00-04:00,20.710100173950195,21.18000030517578,20.710100173950195,21.18000030517578,15288,0.0,0.0
2024-03-18 11:30:00-04:00,21.18000030517578,21.200000762939453,20.959999084472656,21.010000228881836,7674,0.0,0.0
2024-03-18 12:30:00-04:00,21.020000457763672,21.040000915527344,20.940000534057617,21.040000915527344,16107,0.0,0.0
2024-03-18 13:30:00-04:00,21.079999923706055,21.079999923706055,20.979999542236328,21.049999237060547,3318,0.0,0.0
2024-03-18 14:30:00-04:00,21.03499984741211,21.06999969482422,20.959999084472656,21.06999969482422,6924,0.0,0.0
2024-03-18 15:30:00-04:00,21.059999465942383,21.059999465942383,20.850000381469727,20.915000915527344,11572,0.0,0.0
2024-03-19 09:30:00-04:00,20.6200008392334,21.099899291992188,20.6200008392334,21.040000915527344,0,0.0,0.0
2024-03-19 10:30:00-04:00,20.989999771118164,21.075000762939453,20.950000762939453,20.959999084472656,4409,0.0,0.0
2024-03-19 11:30:00-04:00,20.950000762939453,21.049999237060547,20.8799991607666,20.924999237060547,6324,0.0,0.0
2024-03-19 12:30:00-04:00,20.96500015258789,20.96500015258789,20.905000686645508,20.940000534057617,3268,0.0,0.0
2024-03-19 13:30:00-04:00,20.877500534057617,21.020000457763672,20.877500534057617,21.010000228881836,3444,0.0,0.0
2024-03-19 14:30:00-04:00,21.0137996673584,21.014999389648438,20.600000381469727,20.649999618530273,8586,0.0,0.0
2024-03-19 15:30:00-04:00,20.65999984741211,20.780000686645508,20.590099334716797,20.774999618530273,9195,0.0,0.0
2024-03-20 09:30:00-04:00,20.579999923706055,20.920000076293945,20.344499588012695,20.850000381469727,5248,0.0,0.0
2024-03-20 10:30:00-04:00,20.96500015258789,21.190000534057617,20.950000762939453,21.040000915527344,7796,0.0,0.0
2024-03-20 11:30:00-04:00,20.89889907836914,21.079999923706055,20.889999389648438,21.008100509643555,7538,0.0,0.0
2024-03-20 12:30:00-04:00,21.0,21.010000228881836,20.889999389648438,20.93000030517578,9270,0.0,0.0
2024-03-20 13:30:00-04:00,21.0,21.149999618530273,20.959999084472656,21.084800720214844,8574,0.0,0.0
2024-03-20 14:30:00-04:00,21.09000015258789,21.399999618530273,21.059999465942383,21.399999618530273,21837,0.0,0.0
2024-03-20 15:30:00-04:00,21.600000381469727,21.7549991607666,21.600000381469727,21.65999984741211,18988,0.0,0.0
2024-03-21 09:30:00-04:00,21.700000762939453,21.979999542236328,20.984399795532227,21.545000076293945,13667,0.0,0.0
2024-03-21 10:30:00-04:00,21.649999618530273,21.989999771118164,21.649999618530273,21.989999771118164,3454,0.0,0.0
2024-03-21 11:30:00-04:00,21.989999771118164,21.989999771118164,21.610000610351562,21.81999969482422,10560,0.0,0.0
2024-03-21 12:30:00-04:00,21.899999618530273,21.93000030517578,21.649999618530273,21.799999237060547,11102,0.0,0.0
2024-03-21 13:30:00-04:00,21.8799991607666,21.885000228881836,21.729999542236328,21.729999542236328,5233,0.0,0.0
2024-03-21 14:30:00-04:00,21.760000228881836,21.889999389648438,21.68869972229004,21.739999771118164,8064,0.0,0.0
2024-03-21 15:30:00-04:00,21.729999542236328,21.764999389648438,21.530000686645508,21.530000686645508,9068,0.0,0.0
2024-03-22 09:30:00-04:00,22.040000915527344,23.315000534057617,20.21299934387207,22.90999984741211,0,0.0,0.0
2024-03-22 10:30:00-04:00,22.929899215698242,23.1299991607666,22.614999771118164,23.110000610351562,27692,0.0,0.0
2024-03-22 11:30:00-04:00,23.1200008392334,23.1200008392334,22.68000030517578,22.68000030517578,16554,0.0,0.0
2024-03-22 12:30:00-04:00,22.68000030517578,23.010000228881836,22.649999618530273,23.0,10611,0.0,0.0
2024-03-22 13:30:00-04:00,23.024099349975586,23.075000762939453,22.81999969482422,22.94499969482422,12673,0.0,0.0
2024-03-22 14:30:00-04:00,22.950000762939453,22.989999771118164,22.78499984741211,22.829999923706055,12375,0.0,0.0
2024-03-22 15:30:00-04:00,22.784400939941406,23.100000381469727,22.784400939941406,23.049999237060547,20858,0.0,0.0
2024-03-25 09:30:00-04:00,23.260000228881836,23.890199661254883,23.260000228881836,23.709999084472656,0,0.0,0.0
2024-03-25 10:30:00-04:00,23.66990089416504,23.882999420166016,23.559999465942383,23.6299991607666,16696,0.0,0.0
2024-03-25 11:30:00-04:00,23.6299991607666,23.6299991607666,23.27899932861328,23.531999588012695,13463,0.0,0.0
2024-03-25 12:30:00-04:00,23.437400817871094,23.649999618530273,23.437400817871094,23.57990074157715,12363,0.0,0.0
2024-03-25 13:30:00-04:00,23.610000610351562,23.610000610351562,23.239999771118164,23.290000915527344,9127,0.0,0.0
2024-03-25 14:30:00-04:00,23.27910041809082,23.309999465942383,23.020000457763672,23.18000030517578,12361,0.0,0.0
2024-03-25 15:30:00-04:00,23.219999313354492,23.415000915527344,23.209999084472656,23.209999084472656,18494,0.0,0.0
2024-03-26 09:30:00-04:00,23.579999923706055,23.8700008392334,23.389999389648438,23.489999771118164,0,0.0,0.0
2024-03-26 10:30:00-04:00,23.399999618530273,23.40999984741211,23.170000076293945,23.170000076293945,11244,0.0,0.0
2024-03-26 11:30:00-04:00,23.149999618530273,23.260000228881836,23.013500213623047,23.25,6598,0.0,0.0
2024-03-26 12:30:00-04:00,23.31999969482422,23.700000762939453,23.31999969482422,23.649999618530273,8669,0.0,0.0
2024-03-26 13:30:00-04:00,23.645000457763672,23.645000457763672,23.549999237060547,23.549999237060547,5536,0.0,0.0
2024-03-26 14:30:00-04:00,23.629899978637695,23.899999618530273,23.600000381469727,23.799999237060547,18513,0.0,0.0
2024-03-26 15:30:00-04:00,23.82990074157715,23.885000228881836,23.549999237060547,23.549999237060547,22483,0.0,0.0
2024-03-27 09:30:00-04:00,23.489999771118164,24.170000076293945,23.420000076293945,24.059999465942383,18208,0.0,0.0
2024-03-27 10:30:00-04:00,24.139999389648438,24.420000076293945,24.09000015258789,24.154600143432617,23112,0.0,0.0
2024-03-27 11:30:00-04:00,24.31999969482422,24.34000015258789,24.070100784301758,24.098100662231445,11709,0.0,0.0
2024-03-27 12:30:00-04:00,24.010000228881836,24.165000915527344,23.8799991607666,24.165000915527344,12244,0.0,0.0
2024-03-27 13:30:00-04:00,24.239999771118164,24.579999923706055,24.100000381469727,24.579999923706055,21410,0.0,0.0
2024-03-27 14:30:00-04:00,24.600000381469727,24.600000381469727,24.360000610351562,24.389999389648438,12385,0.0,0.0
2024-03-27 15:30:00-04:00,24.399999618530273,24.649999618530273,24.277099609375,24.600000381469727,23748,0.0,0.0
2024-03-28 09:30:00-04:00,23.479999542236328,23.479999542236328,21.34000015258789,22.614999771118164,66028,0.0,0.0
2024-03-28 10:30:00-04:00,22.639999389648438,23.359899520874023,22.40999984741211,22.774999618530273,33256,0.0,0.0
2024-03-28 11:30:00-04:00,22.704999923706055,23.739999771118164,22.704999923706055,23.489999771118164,26625,0.0,0.0
2024-03-28 12:30:00-04:00,23.454999923706055,23.485000610351562,22.34000015258789,22.579999923706055,17037,0.0,0.0
2024-03-28 13:30:00-04:00,22.6299991607666,22.719999313354492,22.514999389648438,22.559999465942383,15844,0.0,0.0
2024-03-28 14:30:00-04:00,22.665000915527344,22.665000915527344,22.170000076293945,22.170000076293945,16224,0.0,0.0
2024-03-28 15:30:00-04:00,22.189899444580078,22.639999389648438,21.969999313354492,22.399999618530273,32307,0.0,0.0
2024-04-01 09:30:00-04:00,22.90999984741211,25.420000076293945,22.90999984741211,25.3346004486084,60692,0.0,0.0
2024-04-01 10:30:00-04:00,25.378700256347656,25.850000381469727,24.889999389648438,25.639999389648438,51733,0.0,0.0
2024-04-01 11:30:00-04:00,25.645000457763672,26.18000030517578,25.299999237060547,26.18000030517578,40550,0.0,0.0
2024-04-01 12:30:00-04:00,26.18000030517578,26.31999969482422,25.825000762939453,25.920000076293945,44231,0.0,0.0
2024-04-01 13:30:00-04:00,26.100000381469727,26.280000686645508,25.670000076293945,26.260000228881836,40237,0.0,0.0
2024-04-01 14:30:00-04:00,26.299999237060547,26.350000381469727,26.049999237060547,26.260000228881836,22550,0.0,0.0
2024-04-01 15:30:00-04:00,26.110000610351562,26.68000030517578,26.110000610351562,26.510000228881836,62213,0.0,0.0
2024-04-02 09:30:00-04:00,25.610000610351562,25.69499969482422,25.260000228881836,25.412799835205078,21652,0.0,0.0
2024-04-02 10:30:00-04:00,25.43000030517578,25.514999389648438,24.709999084472656,25.1299991607666,22989,0.0,0.0
2024-04-02 11:30:00-04:00,25.399999618530273,25.81999969482422,25.399999618530273,25.700000762939453,12549,0.0,0.0
2024-04-02 12:30:00-04:00,25.790000915527344,25.790000915527344,25.31999969482422,25.31999969482422,8252,0.0,0.0
2024-04-02 13:30:00-04:00,25.290000915527344,25.674999237060547,25.104999542236328,25.3799991607666,12641,0.0,0.0
2024-04-02 14:30:00-04:00,25.389999389648438,25.569599151611328,25.309999465942383,25.450000762939453,10832,0.0,0.0
2024-04-02 15:30:00-04:00,25.3799991607666,25.600000381469727,25.18000030517578,25.59000015258789,22225,0.0,0.0
2024-04-03 09:30:00-04:00,25.780000686645508,26.200000762939453,25.579999923706055,25.649999618530273,18749,0.0,0.0
2024-04-03 10:30:00-04:00,25.78499984741211,25.950000762939453,25.34000015258789,25.56999969482422,6882,0.0,0.0
2024-04-03 11:30:00-04:00,25.6200008392334,26.100000381469727,25.6200008392334,26.100000381469727,6263,0.0,0.0
2024-04-03 12:30:00-04:00,26.145000457763672,26.350000381469727,26.139999389648438,26.139999389648438,7883,0.0,0.0
2024-04-03 13:30:00-04:00,26.209999084472656,26.450000762939453,26.18000030517578,26.433000564575195,15131,0.0,0.0
2024-04-03 14:30:00-04:00,26.43000030517578,26.5,26.049999237060547,26.18000030517578,12187,0.0,0.0
2024-04-03 15:30:00-04:00,26.280000686645508,26.520000457763672,26.239999771118164,26.520000457763672,23077,0.0,0.0
2024-04-04 09:30:00-04:00,26.510000228881836,27.079999923706055,26.492799758911133,26.649999618530273,29416,0.0,0.0
2024-04-04 10:30:00-04:00,26.661500930786133,27.100000381469727,26.600000381469727,26.790000915527344,22444,0.0,0.0
2024-04-04 11:30:00-04:00,26.899900436401367,27.020000457763672,26.798999786376953,26.989999771118164,12512,0.0,0.0
2024-04-04 12:30:00-04:00,26.953399658203125,26.953399658203125,26.71500015258789,26.809999465942383,4948,0.0,0.0
2024-04-04 13:30:00-04:00,26.709999084472656,26.809900283813477,26.271400451660156,26.459999084472656,12227,0.0,0.0
2024-04-04 14:30:00-04:00,26.459999084472656,26.459999084472656,26.079999923706055,26.1299991607666,11589,0.0,0.0
2024-04-04 15:30:00-04:00,26.125,26.1658992767334,25.969999313354492,25.969999313354492,10317,0.0,0.0
2024-04-05 09:30:00-04:00,25.889999389648438,26.84000015258789,25.190000534057617,26.56999969482422,12130,0.0,0.0
2024-04-05 10:30:00-04:00,26.559999465942383,27.0,26.51799964904785,26.985000610351562,14332,0.0,0.0
2024-04-05 11:30:00-04:00,26.969999313354492,27.520000457763672,26.915000915527344,27.184999465942383,27815,0.0,0.0
2024-04-05 12:30:00-04:00,27.09000015258789,27.1200008392334,26.613000869750977,26.719999313354492,8845,0.0,0.0
2024-04-05 13:30:00-04:00,26.700000762939453,26.860000610351562,26.594999313354492,26.635000228881836,6600,0.0,0.0
2024-04-05 14:30:00-04:00,26.659900665283203,26.899900436401367,26.659900665283203,26.860000610351562,14702,0.0,0.0
2024-04-05 15:30:00-04:00,27.040000915527344,27.040000915527344,26.790000915527344,27.0,20783,0.0,0.0
2024-04-08 09:30:00-04:00,27.149999618530273,27.520000457763672,26.469999313354492,26.639999389648438,17031,0.0,0.0
2024-04-08 10:30:00-04:00,26.719999313354492,26.959999084472656,26.695999145507812,26.795000076293945,7183,0.0,0.0
2024-04-08 11:30:00-04:00,26.739999771118164,26.989700317382812,26.729999542236328,26.8700008392334,7359,0.0,0.0
2024-04-08 12:30:00-04:00,26.860000610351562,27.06999969482422,26.729999542236328,26.905000686645508,11314,0.0,0.0
2024-04-08 13:30:00-04:00,26.899999618530273,26.899999618530273,26.459999084472656,26.459999084472656,12780,0.0,0.0
2024-04-08 14:30:00-04:00,26.5,26.549999237060547,26.360000610351562,26.520000457763672,9242,0.0,0.0
2024-04-08 15:30:00-04:00,26.524999618530273,26.53510093688965,26.190000534057617,26.290000915527344,16407,0.0,0.0
2024-04-09 09:30:00-04:00,26.59000015258789,26.989900588989258,26.209999084472656,26.209999084472656,11563,0.0,0.0
2024-04-09 10:30:00-04:00,26.024999618530273,26.100000381469727,25.68400001525879,25.83989906311035,16350,0.0,0.0
2024-04-09 11:30:00-04:00,25.719999313354492,26.219999313354492,25.719999313354492,26.114999771118164,12165,0.0,0.0
2024-04-09 12:30:00-04:00,26.0,26.110000610351562,25.829999923706055,26.110000610351562,9298,0.0,0.0
2024-04-09 13:30:00-04:00,26.110000610351562,26.260000228881836,26.079999923706055,26.190000534057617,9408,0.0,0.0
2024-04-09 14:30:00-04:00,26.15999984741211,26.329999923706055,26.149999618530273,26.290000915527344,8111,0.0,0.0
2024-04-09 15:30:00-04:00,26.18000030517578,26.299999237060547,26.18000030517578,26.299999237060547,7287,0.0,0.0
2024-04-10 09:30:00-04:00,25.760000228881836,26.280000686645508,25.260000228881836,26.280000686645508,22898,0.0,0.0
2024-04-10 10:30:00-04:00,26.23699951171875,26.25,26.020000457763672,26.075000762939453,5241,0.0,0.0
2024-04-10 11:30:00-04:00,25.989999771118164,25.989999771118164,25.5049991607666,25.540000915527344,22148,0.0,0.0
2024-04-10 12:30:00-04:00,25.5531005859375,25.6299991607666,25.280000686645508,25.440000534057617,8180,0.0,0.0
2024-04-10 13:30:00-04:00,25.342500686645508,25.610000610351562,25.260000228881836,25.299999237060547,8668,0.0,0.0
2024-04-10 14:30:00-04:00,25.31999969482422,26.299999237060547,25.139999389648438,25.43000030517578,16598,0.0,0.0
2024-04-10 15:30:00-04:00,25.399999618530273,25.479999542236328,25.180099487304688,25.260000228881836,23862,0.0,0.0
2024-04-11 09:30:00-04:00,25.280000686645508,25.540000915527344,25.06999969482422,25.079999923706055,8731,0.0,0.0
2024-04-11 10:30:00-04:00,24.969999313354492,25.155000686645508,24.860000610351562,25.155000686645508,6428,0.0,0.0
2024-04-11 11:30:00-04:00,25.31999969482422,25.31999969482422,25.139999389648438,25.179899215698242,8869,0.0,0.0
2024-04-11 12:30:00-04:00,25.139999389648438,25.295000076293945,25.06999969482422,25.149999618530273,11047,0.0,0.0
2024-04-11 13:30:00-04:00,25.18000030517578,25.280000686645508,25.149999618530273,25.270000457763672,5913,0.0,0.0
2024-04-11 14:30:00-04:00,25.299999237060547,25.399999618530273,25.280000686645508,25.309999465942383,7007,0.0,0.0
2024-04-11 15:30:00-04:00,25.260000228881836,25.510000228881836,25.209999084472656,25.343000411987305,7826,0.0,0.0
2024-04-12 09:30:00-04:00,25.399999618530273,25.469999313354492,25.360000610351562,25.36440086364746,3246,0.0,0.0
2024-04-12 10:30:00-04:00,25.030000686645508,25.030000686645508,24.829999923706055,25.010000228881836,2835,0.0,0.0
2024-04-12 11:30:00-04:00,25.049999237060547,25.049999237060547,24.540000915527344,24.635799407958984,7241,0.0,0.0
2024-04-12 12:30:00-04:00,24.59000015258789,24.899999618530273,24.56999969482422,24.860000610351562,3814,0.0,0.0
2024-04-12 13:30:00-04:00,24.799999237060547,24.799999237060547,24.700000762939453,24.75,3323,0.0,0.0
2024-04-12 14:30:00-04:00,24.729999542236328,24.729999542236328,24.540000915527344,24.594999313354492,8004,0.0,0.0
2024-04-12 15:30:00-04:00,24.610000610351562,24.700000762939453,24.579999923706055,24.663000106811523,11601,0.0,0.0
2024-04-15 09:30:00-04:00,24.6299991607666,25.020000457763672,24.6299991607666,24.7549991607666,6702,0.0,0.0
2024-04-15 10:30:00-04:00,24.68000030517578,25.079999923706055,24.6200008392334,24.94499969482422,9537,0.0,0.0
2024-04-15 11:30:00-04:00,25.110000610351562,25.323400497436523,24.940000534057617,25.049999237060547,6527,0.0,0.0
2024-04-15 12:30:00-04:00,24.979999542236328,25.079999923706055,24.891000747680664,24.979999542236328,5415,0.0,0.0
2024-04-15 13:30:00-04:00,24.809999465942383,25.020000457763672,24.809999465942383,24.889999389648438,11606,0.0,0.0
2024-04-15 14:30:00-04:00,24.940000534057617,24.979999542236328,24.895000457763672,24.93000030517578,5147,0.0,0.0
2024-04-15 15:30:00-04:00,24.940000534057617,25.079999923706055,24.899999618530273,24.913000106811523,12741,0.0,0.0
2024-04-16 09:30:00-04:00,24.690000534057617,24.905000686645508,24.370100021362305,24.829999923706055,12023,0.0,0.0
2024-04-16 10:30:00-04:00,24.889999389648438,25.149999618530273,24.860000610351562,25.149999618530273,2594,0.0,0.0
2024-04-16 11:30:00-04:00,25.15999984741211,25.260000228881836,25.139999389648438,25.220699310302734,1511,0.0,0.0
2024-04-16 12:30:00-04:00,25.19860076904297,25.34000015258789,24.940000534057617,24.940000534057617,3665,0.0,0.0
2024-04-16 13:30:00-04:00,24.895000457763672,24.950000762939453,24.68000030517578,24.850000381469727,5779,0.0,0.0
2024-04-16 14:30:00-04:00,24.799999237060547,25.065000534057617,24.799999237060547,25.03499984741211,5544,0.0,0.0
2024-04-16 15:30:00-04:00,25.049999237060547,25.170000076293945,24.915000915527344,25.100000381469727,14131,0.0,0.0
2024-04-17 09:30:00-04:00,25.40999984741211,25.85099983215332,25.40999984741211,25.614999771118164,7727,0.0,0.0
2024-04-17 10:30:00-04:00,25.559999465942383,25.850000381469727,25.454500198364258,25.6200008392334,13139,0.0,0.0
2024-04-17 11:30:00-04:00,25.549999237060547,25.774999618530273,25.479999542236328,25.735000610351562,6166,0.0,0.0
2024-04-17 12:30:00-04:00,25.739999771118164,25.790000915527344,25.56999969482422,25.700000762939453,68335,0.0,0.0
2024-04-17 13:30:00-04:00,25.639999389648438,26.079999923706055,25.639999389648438,25.940000534057617,10420,0.0,0.0
2024-04-17 14:30:00-04:00,25.989999771118164,26.360000610351562,25.989999771118164,26.31999969482422,19526,0.0,0.0
2024-04-17 15:30:00-04:00,26.325000762939453,26.388999938964844,26.135000228881836,26.25,29402,0.0,0.0
2024-04-18 09:30:00-04:00,26.309999465942383,26.469999313354492,25.860000610351562,26.309999465942383,11257,0.0,0.0
2024-04-18 10:30:00-04:00,26.375,26.530000686645508,26.309999465942383,26.459999084472656,7327,0.0,0.0
2024-04-18 11:30:00-04:00,26.364999771118164,26.565000534057617,26.344999313354492,26.450000762939453,20072,0.0,0.0
2024-04-18 12:30:00-04:00,26.450000762939453,26.46500015258789,26.200000762939453,26.299999237060547,14298,0.0,0.0
2024-04-18 13:30:00-04:00,26.299999237060547,26.399999618530273,26.229999542236328,26.31570053100586,7372,0.0,0.0
2024-04-18 14:30:00-04:00,26.25,26.25,26.050399780273438,26.145000457763672,13873,0.0,0.0
2024-04-18 15:30:00-04:00,26.190000534057617,26.31999969482422,26.079999923706055,26.15999984741211,21583,0.0,0.0
2024-04-19 09:30:00-04:00,26.040000915527344,26.700000762939453,26.040000915527344,26.450000762939453,10040,0.0,0.0
2024-04-19 10:30:00-04:00,26.354999542236328,26.354999542236328,25.700000762939453,25.90369987487793,12003,0.0,0.0
2024-04-19 11:30:00-04:00,25.889999389648438,26.010000228881836,25.700000762939453,25.799999237060547,5989,0.0,0.0
2024-04-19 12:30:00-04:00,25.64299964904785,26.020000457763672,25.64299964904785,25.860000610351562,5736,0.0,0.0
2024-04-19 13:30:00-04:00,25.790000915527344,25.969999313354492,25.780000686645508,25.969999313354492,5453,0.0,0.0
2024-04-19 14:30:00-04:00,25.8700008392334,25.8799991607666,25.770000457763672,25.80500030517578,7181,0.0,0.0
2024-04-19 15:30:00-04:00,25.770000457763672,26.030000686645508,25.690000534057617,26.030000686645508,17216,0.0,0.0
2024-04-22 09:30:00-04:00,26.389999389648438,26.389999389648438,26.059999465942383,26.280000686645508,8007,0.0,0.0
2024-04-22 10:30:00-04:00,26.268999099731445,26.450000762939453,26.1299991607666,26.15850067138672,4606,0.0,0.0
2024-04-22 11:30:00-04:00,26.135000228881836,26.3700008392334,26.100000381469727,26.3700008392334,9542,0.0,0.0
2024-04-22 12:30:00-04:00,26.274999618530273,26.548999786376953,26.260000228881836,26.5049991607666,7086,0.0,0.0
2024-04-22 13:30:00-04:00,26.545000076293945,26.65999984741211,26.469999313354492,26.530000686645508,17807,0.0,0.0
2024-04-22 14:30:00-04:00,26.510000228881836,26.549999237060547,26.469999313354492,26.540000915527344,11297,0.0,0.0
2024-04-22 15:30:00-04:00,26.545000076293945,26.670000076293945,26.440000534057617,26.469999313354492,17263,0.0,0.0
2024-04-23 09:30:00-04:00,26.399999618530273,27.07900047302246,26.25,27.07900047302246,24299,0.0,0.0
2024-04-23 10:30:00-04:00,27.249000549316406,27.280000686645508,26.799999237060547,27.040000915527344,13565,0.0,0.0
2024-04-23 11:30:00-04:00,26.8799991607666,26.920000076293945,26.780000686645508,26.889999389648438,8079,0.0,0.0
2024-04-23 12:30:00-04:00,26.920000076293945,26.950000762939453,26.770000457763672,26.855499267578125,5844,0.0,0.0
2024-04-23 13:30:00-04:00,26.878999710083008,26.889999389648438,26.75,26.8887996673584,10257,0.0,0.0
2024-04-23 14:30:00-04:00,26.860000610351562,26.93000030517578,26.809999465942383,26.885000228881836,14911,0.0,0.0
2024-04-23 15:30:00-04:00,26.8700008392334,27.5,26.850000381469727,27.5,52213,0.0,0.0
2024-04-24 09:30:00-04:00,27.530000686645508,27.59000015258789,26.934999465942383,27.00909996032715,56175,0.0,0.0
2024-04-24 10:30:00-04:00,27.033000946044922,27.309999465942383,26.649999618530273,26.979999542236328,14749,0.0,0.0
2024-04-24 11:30:00-04:00,26.809999465942383,26.864999771118164,26.420000076293945,26.594999313354492,11557,0.0,0.0
2024-04-24 12:30:00-04:00,26.65999984741211,26.719999313354492,26.43000030517578,26.700000762939453,8763,0.0,0.0
2024-04-24 13:30:00-04:00,26.65999984741211,26.908899307250977,26.43000030517578,26.469999313354492,10620,0.0,0.0
2024-04-24 14:30:00-04:00,26.40019989013672,26.600000381469727,26.31999969482422,26.600000381469727,12445,0.0,0.0
2024-04-24 15:30:00-04:00,26.530000686645508,26.579999923706055,26.479999542236328,26.530000686645508,11133,0.0,0.0
2024-04-25 09:30:00-04:00,26.5,26.5,25.829999923706055,26.31999969482422,10479,0.0,0.0
2024-04-25 10:30:00-04:00,26.378999710083008,26.489999771118164,26.239999771118164,26.274999618530273,7581,0.0,0.0
2024-04-25 11:30:00-04:00,26.219999313354492,26.459999084472656,26.200000762939453,26.295000076293945,12113,0.0,0.0
2024-04-25 12:30:00-04:00,26.299999237060547,26.469999313354492,26.239999771118164,26.469999313354492,5723,0.0,0.0
2024-04-25 13:30:00-04:00,26.584999084472656,26.75,26.565000534057617,26.639999389648438,5865,0.0,0.0
2024-04-25 14:30:00-04:00,26.604999542236328,26.649999618530273,26.46489906311035,26.639999389648438,14112,0.0,0.0
2024-04-25 15:30:00-04:00,26.6200008392334,26.790000915527344,26.6200008392334,26.645000457763672,14902,0.0,0.0
2024-04-26 09:30:00-04:00,26.809999465942383,27.360000610351562,26.799999237060547,26.81999969482422,0,0.0,0.0
2024-04-26 10:30:00-04:00,26.649999618530273,26.818899154663086,26.52899932861328,26.655000686645508,6169,0.0,0.0
2024-04-26 11:30:00-04:00,26.725000381469727,26.778900146484375,26.600000381469727,26.600000381469727,4581,0.0,0.0
2024-04-26 12:30:00-04:00,26.55500030517578,26.6294002532959,26.469999313354492,26.549999237060547,7335,0.0,0.0
2024-04-26 13:30:00-04:00,26.520000457763672,27.079999923706055,26.510000228881836,26.799999237060547,16433,0.0,0.0
2024-04-26 14:30:00-04:00,26.84000015258789,26.84000015258789,26.530000686645508,26.549999237060547,10816,0.0,0.0
2024-04-26 15:30:00-04:00,26.540000915527344,26.670000076293945,26.530000686645508,26.559999465942383,11543,0.0,0.0
2024-04-29 09:30:00-04:00,26.549999237060547,26.98900032043457,26.549999237060547,26.809999465942383,5856,0.0,0.0
2024-04-29 10:30:00-04:00,26.729999542236328,26.80500030517578,26.190000534057617,26.209999084472656,9145,0.0,0.0
2024-04-29 11:30:00-04:00,26.209999084472656,26.25,26.09000015258789,26.1200008392334,4631,0.0,0.0
2024-04-29 12:30:00-04:00,26.110000610351562,26.280000686645508,25.950000762939453,26.260000228881836,14961,0.0,0.0
2024-04-29 13:30:00-04:00,26.149999618530273,26.219999313354492,26.09000015258789,26.149999618530273,4754,0.0,0.0
2024-04-29 14:30:00-04:00,26.09000015258789,26.155000686645508,25.850000381469727,25.899999618530273,8870,0.0,0.0
2024-04-29 15:30:00-04:00,25.860000610351562,26.110000610351562,25.860000610351562,26.110000610351562,12781,0.0,0.0
2024-04-30 09:30:00-04:00,26.09000015258789,26.479900360107422,25.049999237060547,26.249000549316406,10106,0.0,0.0
2024-04-30 10:30:00-04:00,26.32430076599121,26.40999984741211,26.03499984741211,26.40999984741211,10087,0.0,0.0
2024-04-30 11:30:00-04:00,26.479999542236328,26.56999969482422,26.40999984741211,26.5,5357,0.0,0.0
2024-04-30 12:30:00-04:00,26.44499969482422,26.729999542236328,26.44499969482422,26.670000076293945,10963,0.0,0.0
2024-04-30 13:30:00-04:00,26.65999984741211,27.079999923706055,26.65999984741211,26.899999618530273,18019,0.0,0.0
2024-04-30 14:30:00-04:00,26.850000381469727,26.950000762939453,26.25,26.309999465942383,10506,0.0,0.0
2024-04-30 15:30:00-04:00,26.25,26.479799270629883,26.15999984741211,26.170000076293945,17800,0.0,0.0
2024-05-01 09:30:00-04:00,27.0,29.989999771118164,27.0,28.375,82850,0.0,0.0
2024-05-01 10:30:00-04:00,28.52790069580078,29.520000457763672,28.3439998626709,29.449100494384766,49879,0.0,0.0
2024-05-01 11:30:00-04:00,29.43000030517578,30.0,29.40999984741211,29.979999542236328,68659,0.0,0.0
2024-05-01 12:30:00-04:00,29.934999465942383,30.0,29.790000915527344,29.889999389648438,29064,0.0,0.0
2024-05-01 13:30:00-04:00,29.940000534057617,30.100000381469727,29.786399841308594,30.06999969482422,69591,0.0,0.0
2024-05-01 14:30:00-04:00,30.469999313354492,30.469999313354492,29.48699951171875,29.48699951171875,58658,0.0,0.0
2024-05-01 15:30:00-04:00,29.389999389648438,29.540000915527344,28.65999984741211,29.040000915527344,57497,0.0,0.0
2024-05-02 09:30:00-04:00,29.09000015258789,29.09000015258789,27.780000686645508,28.030099868774414,30468,0.0,0.0
2024-05-02 10:30:00-04:00,27.8700008392334,28.309999465942383,27.84000015258789,28.06999969482422,8713,0.0,0.0
2024-05-02 11:30:00-04:00,28.020000457763672,28.20800018310547,27.489999771118164,27.799999237060547,11313,0.0,0.0
2024-05-02 12:30:00-04:00,27.729999542236328,27.999900817871094,27.549999237060547,27.739999771118164,12866,0.0,0.0
2024-05-02 13:30:00-04:00,27.719999313354492,27.81999969482422,27.540000915527344,27.65329933166504,15158,0.0,0.0
2024-05-02 14:30:00-04:00,27.608800888061523,27.608800888061523,27.149999618530273,27.415000915527344,20208,0.0,0.0
2024-05-02 15:30:00-04:00,27.434999465942383,27.610000610351562,27.329999923706055,27.540000915527344,23999,0.0,0.0
2024-05-03 09:30:00-04:00,28.270000457763672,28.649999618530273,27.90999984741211,28.229999542236328,31090,0.0,0.0
2024-05-03 10:30:00-04:00,28.219200134277344,28.600000381469727,28.030000686645508,28.440000534057617,18159,0.0,0.0
2024-05-03 11:30:00-04:00,28.479999542236328,28.606599807739258,28.3700008392334,28.469999313354492,12802,0.0,0.0
2024-05-03 12:30:00-04:00,28.469999313354492,29.149999618530273,28.469999313354492,28.950000762939453,25459,0.0,0.0
2024-05-03 13:30:00-04:00,28.959999084472656,28.959999084472656,28.530000686645508,28.83970069885254,30186,0.0,0.0
2024-05-03 14:30:00-04:00,28.8799991607666,28.889999389648438,28.600000381469727,28.829999923706055,14991,0.0,0.0
2024-05-03 15:30:00-04:00,28.899999618530273,29.16550064086914,28.84000015258789,29.030000686645508,25705,0.0,0.0
2024-05-06 09:30:00-04:00,29.25,29.929899215698242,29.190000534057617,29.674999237060547,38183,0.0,0.0
2024-05-06 10:30:00-04:00,29.759899139404297,29.79789924621582,28.979999542236328,29.729999542236328,19999,0.0,0.0
2024-05-06 11:30:00-04:00,29.739999771118164,30.03499984741211,29.739999771118164,30.03499984741211,16136,0.0,0.0
2024-05-06 12:30:00-04:00,30.060100555419922,30.100000381469727,29.670000076293945,29.770000457763672,15542,0.0,0.0
2024-05-06 13:30:00-04:00,29.81999969482422,30.0,29.719999313354492,29.940099716186523,12837,0.0,0.0
2024-05-06 14:30:00-04:00,29.93000030517578,29.93000030517578,29.790000915527344,29.81999969482422,8459,0.0,0.0
2024-05-06 15:30:00-04:00,29.844200134277344,29.850000381469727,29.625,29.709999084472656,22907,0.0,0.0
2024-05-07 09:30:00-04:00,29.700000762939453,30.229900360107422,29.700000762939453,29.959999084472656,30883,0.0,0.0
2024-05-07 10:30:00-04:00,29.940000534057617,30.18000030517578,29.895000457763672,30.06999969482422,9937,0.0,0.0
2024-05-07 11:30:00-04:00,30.18000030517578,30.199899673461914,29.90999984741211,29.981199264526367,10569,0.0,0.0
2024-05-07 12:30:00-04:00,29.975000381469727,30.030000686645508,29.579999923706055,29.950000762939453,15809,0.0,0.0
2024-05-07 13:30:00-04:00,29.850000381469727,30.299999237060547,29.81999969482422,29.920000076293945,18035,0.0,0.0
2024-05-07 14:30:00-04:00,29.97949981689453,30.18910026550293,29.940000534057617,30.059999465942383,16793,0.0,0.0
2024-05-07 15:30:00-04:00,30.049999237060547,30.270000457763672,29.940000534057617,30.0,28467,0.0,0.0
2024-05-08 09:30:00-04:00,29.979999542236328,30.54990005493164,29.829700469970703,30.469999313354492,23015,0.0,0.0
2024-05-08 10:30:00-04:00,30.510000228881836,31.010000228881836,30.469999313354492,30.770000457763672,40090,0.0,0.0
2024-05-08 11:30:00-04:00,30.844999313354492,31.100000381469727,30.68000030517578,30.68000030517578,24699,0.0,0.0
2024-05-08 12:30:00-04:00,30.600000381469727,30.764999389648438,30.600000381469727,30.74250030517578,12667,0.0,0.0
2024-05-08 13:30:00-04:00,30.739999771118164,30.84000015258789,30.600099563598633,30.75,13026,0.0,0.0
2024-05-08 14:30:00-04:00,30.75,31.079999923706055,30.739200592041016,31.058500289916992,18747,0.0,0.0
2024-05-08 15:30:00-04:00,31.079999923706055,31.479999542236328,31.040000915527344,31.200000762939453,40434,0.0,0.0
2024-05-09 09:30:00-04:00,31.18000030517578,31.599899291992188,31.079999923706055,31.5,30569,0.0,0.0
2024-05-09 10:30:00-04:00,31.5,31.6299991607666,31.100000381469727,31.100000381469727,16225,0.0,0.0
2024-05-09 11:30:00-04:00,31.049999237060547,31.09000015258789,30.68000030517578,30.774999618530273,23447,0.0,0.0
2024-05-09 12:30:00-04:00,30.729999542236328,30.799999237060547,30.059999465942383,30.1299991607666,19451,0.0,0.0
2024-05-09 13:30:00-04:00,30.170000076293945,30.469900131225586,30.170000076293945,30.459999084472656,5335,0.0,0.0
2024-05-09 14:30:00-04:00,30.530000686645508,30.713899612426758,30.479999542236328,30.713899612426758,11651,0.0,0.0
2024-05-09 15:30:00-04:00,30.68000030517578,30.899999618530273,30.670000076293945,30.799999237060547,18602,0.0,0.0
2024-05-10 09:30:00-04:00,32.439998626708984,33.06999969482422,32.0099983215332,32.841400146484375,77794,0.0,0.0
2024-05-10 10:30:00-04:00,32.880001068115234,33.189998626708984,32.22200012207031,32.310001373291016,35769,0.0,0.0
2024-05-10 11:30:00-04:00,32.25,32.50270080566406,32.22829818725586,32.40999984741211,32724,0.0,0.0
2024-05-10 12:30:00-04:00,32.400001525878906,32.689998626708984,32.37879943847656,32.619998931884766,18900,0.0,0.0
2024-05-10 13:30:00-04:00,32.61750030517578,32.90999984741211,32.60499954223633,32.900001525878906,24345,0.0,0.0
2024-05-10 14:30:00-04:00,32.90999984741211,33.08000183105469,32.47999954223633,32.540000915527344,25685,0.0,0.0
2024-05-10 15:30:00-04:00,32.5099983215332,32.638999938964844,32.435001373291016,32.4900016784668,25431,0.0,0.0
2024-05-13 09:30:00-04:00,33.13999938964844,33.790000915527344,32.439998626708984,32.66859817504883,65966,0.0,0.0
2024-05-13 10:30:00-04:00,32.52080154418945,32.595001220703125,31.889999389648438,32.499900817871094,30426,0.0,0.0
2024-05-13 11:30:00-04:00,32.43000030517578,33.060001373291016,32.29999923706055,32.81999969482422,28376,0.0,0.0
2024-05-13 12:30:00-04:00,32.849998474121094,32.900001525878906,32.650001525878906,32.790000915527344,19645,0.0,0.0
2024-05-13 13:30:00-04:00,32.790000915527344,32.97999954223633,32.604000091552734,32.75,22236,0.0,0.0
2024-05-13 14:30:00-04:00,32.77000045776367,32.790000915527344,32.04999923706055,32.13999938964844,22685,0.0,0.0
2024-05-13 15:30:00-04:00,32.13999938964844,32.5,32.130001068115234,32.2599983215332,25192,0.0,0.0
2024-05-14 09:30:00-04:00,32.54999923706055,32.88990020751953,32.5099983215332,32.72999954223633,21495,0.0,0.0
2024-05-14 10:30:00-04:00,32.68199920654297,33.41999816894531,32.68000030517578,32.72999954223633,18577,0.0,0.0
2024-05-14 11:30:00-04:00,32.8651008605957,33.04999923706055,32.3218994140625,32.56999969482422,25405,0.0,0.0
2024-05-14 12:30:00-04:00,32.564998626708984,32.79999923706055,32.470001220703125,32.69499969482422,11818,0.0,0.0
2024-05-14 13:30:00-04:00,32.54999923706055,32.59000015258789,32.26499938964844,32.290000915527344,20853,0.0,0.0
2024-05-14 14:30:00-04:00,32.209999084472656,32.72999954223633,32.209999084472656,32.56999969482422,24420,0.0,0.0
2024-05-14 15:30:00-04:00,32.779998779296875,32.880001068115234,32.58000183105469,32.77000045776367,19946,0.0,0.0
2024-05-15 09:30:00-04:00,32.97999954223633,33.315399169921875,32.749900817871094,33.189701080322266,34888,0.0,0.0
2024-05-15 10:30:00-04:00,33.130699157714844,33.90999984741211,33.09859848022461,33.349998474121094,52371,0.0,0.0
2024-05-15 11:30:00-04:00,33.40999984741211,33.629600524902344,33.334999084472656,33.4635009765625,15904,0.0,0.0
2024-05-15 12:30:00-04:00,33.380001068115234,33.9900016784668,33.380001068115234,33.67100143432617,28298,0.0,0.0
2024-05-15 13:30:00-04:00,33.72999954223633,33.7599983215332,33.400001525878906,33.54999923706055,16059,0.0,0.0
2024-05-15 14:30:00-04:00,33.494998931884766,33.66999816894531,33.33000183105469,33.5,18614,0.0,0.0
2024-05-15 15:30:00-04:00,33.52000045776367,33.70000076293945,33.5099983215332,33.68000030517578,35934,0.0,0.0
2024-05-16 09:30:00-04:00,33.849998474121094,34.47999954223633,33.2599983215332,33.499900817871094,46013,0.0,0.0
2024-05-16 10:30:00-04:00,33.380001068115234,33.621700286865234,33.3650016784668,33.53960037231445,12867,0.0,0.0
2024-05-16 11:30:00-04:00,33.5005989074707,33.54999923706055,33.099998474121094,33.154998779296875,23886,0.0,0.0
2024-05-16 12:30:00-04:00,33.09000015258789,34.099998474121094,33.05160140991211,34.040000915527344,38123,0.0,0.0
2024-05-16 13:30:00-04:00,33.75,33.75,33.459999084472656,33.459999084472656,18663,0.0,0.0
2024-05-16 14:30:00-04:00,33.61000061035156,33.63999938964844,33.47999954223633,33.560001373291016,14284,0.0,0.0
2024-05-16 15:30:00-04:00,33.5,33.720001220703125,33.47930145263672,33.650001525878906,25130,0.0,0.0
2024-05-17 09:30:00-04:00,33.88999938964844,33.89619827270508,33.2599983215332,33.53990173339844,14782,0.0,0.0
2024-05-17 10:30:00-04:00,33.459999084472656,33.769901275634766,33.369998931884766,33.599998474121094,9172,0.0,0.0
2024-05-17 11:30:00-04:00,33.58000183105469,33.60770034790039,32.994998931884766,33.20000076293945,24100,0.0,0.0
2024-05-17 12:30:00-04:00,33.29999923706055,33.79990005493164,33.250099182128906,33.67879867553711,15593,0.0,0.0
2024-05-17 13:30:00-04:00,33.679901123046875,33.679901123046875,33.3390007019043,33.400001525878906,9035,0.0,0.0
2024-05-17 14:30:00-04:00,33.39899826049805,33.5,33.27000045776367,33.301700592041016,11424,0.0,0.0
2024-05-17 15:30:00-04:00,33.33000183105469,33.56999969482422,33.28889846801758,33.5,18596,0.0,0.0
2024-05-20 09:30:00-04:00,33.560001373291016,34.04999923706055,33.099998474121094,33.17499923706055,40782,0.0,0.0
2024-05-20 10:30:00-04:00,33.17499923706055,34.0,33.04999923706055,33.904998779296875,20487,0.0,0.0
2024-05-20 11:30:00-04:00,33.9900016784668,34.08000183105469,33.47999954223633,33.48849868774414,16426,0.0,0.0
2024-05-20 12:30:00-04:00,33.5098991394043,33.59000015258789,33.33100128173828,33.33100128173828,8723,0.0,0.0
2024-05-20 13:30:00-04:00,33.31999969482422,33.570899963378906,33.189998626708984,33.400001525878906,16255,0.0,0.0
2024-05-20 14:30:00-04:00,33.3849983215332,33.7400016784668,33.310001373291016,33.54999923706055,18131,0.0,0.0
2024-05-20 15:30:00-04:00,33.470001220703125,33.599998474121094,33.36000061035156,33.400001525878906,17014,0.0,0.0
2024-05-21 09:30:00-04:00,33.4900016784668,33.61009979248047,32.86000061035156,33.02000045776367,14235,0.0,0.0
2024-05-21 10:30:00-04:00,33.04499816894531,33.20000076293945,33.0,33.099998474121094,4808,0.0,0.0
2024-05-21 11:30:00-04:00,33.04999923706055,33.09000015258789,32.900001525878906,33.09000015258789,7597,0.0,0.0
2024-05-21 12:30:00-04:00,32.980098724365234,33.0099983215332,32.560001373291016,32.56999969482422,16302,0.0,0.0
2024-05-21 13:30:00-04:00,32.709999084472656,32.774898529052734,32.709999084472656,32.774898529052734,4523,0.0,0.0
2024-05-21 14:30:00-04:00,32.77000045776367,32.83000183105469,32.599998474121094,32.599998474121094,14252,0.0,0.0
2024-05-21 15:30:00-04:00,32.52000045776367,32.83000183105469,32.52000045776367,32.70000076293945,15721,0.0,0.0
2024-05-22 09:30:00-04:00,32.5,32.525001525878906,31.75,31.799999237060547,29355,0.0,0.0
2024-05-22 10:30:00-04:00,31.989999771118164,32.167999267578125,31.3799991607666,31.549999237060547,25428,0.0,0.0
2024-05-22 11:30:00-04:00,31.469999313354492,31.649999618530273,31.290000915527344,31.415000915527344,11633,0.0,0.0
2024-05-22 12:30:00-04:00,31.479999542236328,31.579999923706055,31.420000076293945,31.549999237060547,6881,0.0,0.0
2024-05-22 13:30:00-04:00,31.455699920654297,31.455699920654297,31.100000381469727,31.31999969482422,19150,0.0,0.0
2024-05-22 14:30:00-04:00,31.353900909423828,31.56999969482422,31.230100631713867,31.520000457763672,11357,0.0,0.0
2024-05-22 15:30:00-04:00,31.600000381469727,31.600000381469727,31.3700008392334,31.520000457763672,17806,0.0,0.0
2024-05-23 09:30:00-04:00,31.850000381469727,31.895000457763672,31.100000381469727,31.639999389648438,21357,0.0,0.0
2024-05-23 10:30:00-04:00,31.6200008392334,31.739999771118164,31.3799991607666,31.700000762939453,11248,0.0,0.0
2024-05-23 11:30:00-04:00,31.809999465942383,31.920000076293945,31.58009910583496,31.649999618530273,8489,0.0,0.0
2024-05-23 12:30:00-04:00,31.594999313354492,31.729999542236328,31.53499984741211,31.579999923706055,8943,0.0,0.0
2024-05-23 13:30:00-04:00,31.579999923706055,31.610000610351562,30.8700008392334,30.9950008392334,24192,0.0,0.0
2024-05-23 14:30:00-04:00,31.14900016784668,31.239999771118164,30.920000076293945,31.088699340820312,20703,0.0,0.0
2024-05-23 15:30:00-04:00,31.170000076293945,31.625,31.170000076293945,31.360000610351562,17847,0.0,0.0
2024-05-24 09:30:00-04:00,31.350000381469727,31.8700008392334,30.959999084472656,31.790000915527344,0,0.0,0.0
2024-05-24 10:30:00-04:00,31.84000015258789,31.91659927368164,31.420000076293945,31.545000076293945,22328,0.0,0.0
2024-05-24 11:30:00-04:00,31.700000762939453,32.099998474121094,31.700000762939453,32.099998474121094,15170,0.0,0.0
2024-05-24 12:30:00-04:00,32.040000915527344,32.040000915527344,31.81999969482422,31.829999923706055,4855,0.0,0.0
2024-05-24 13:30:00-04:00,31.84000015258789,31.954999923706055,31.799999237060547,31.81999969482422,8582,0.0,0.0
2024-05-24 14:30:00-04:00,31.75,32.13999938964844,31.733600616455078,32.13999938964844,10120,0.0,0.0
2024-05-24 15:30:00-04:00,32.08000183105469,32.31999969482422,32.0,32.10499954223633,23264,0.0,0.0
2024-05-28 09:30:00-04:00,33.380001068115234,33.90999984741211,32.83599853515625,33.80500030517578,67466,0.0,0.0
2024-05-28 10:30:00-04:00,33.849998474121094,34.400001525878906,33.6349983215332,34.334999084472656,47600,0.0,0.0
2024-05-28 11:30:00-04:00,34.345001220703125,34.75,34.13999938964844,34.279998779296875,29025,0.0,0.0
2024-05-28 12:30:00-04:00,34.290000915527344,34.38999938964844,34.119998931884766,34.27000045776367,18434,0.0,0.0
2024-05-28 13:30:00-04:00,34.2400016784668,34.47990036010742,34.111000061035156,34.111000061035156,22124,0.0,0.0
2024-05-28 14:30:00-04:00,34.029998779296875,34.04800033569336,33.810001373291016,33.90999984741211,23581,0.0,0.0
2024-05-28 15:30:00-04:00,33.94499969482422,34.48500061035156,33.94499969482422,34.459999084472656,41565,0.0,0.0
2024-05-29 09:30:00-04:00,34.25,34.25,33.500099182128906,34.08000183105469,42178,0.0,0.0
2024-05-29 10:30:00-04:00,34.16999816894531,34.16999816894531,33.470001220703125,33.5,18271,0.0,0.0
2024-05-29 11:30:00-04:00,33.415000915527344,33.57500076293945,33.199100494384766,33.275001525878906,21239,0.0,0.0
2024-05-29 12:30:00-04:00,33.28499984741211,33.369998931884766,32.72999954223633,32.779998779296875,11779,0.0,0.0
2024-05-29 13:30:00-04:00,32.84590148925781,33.099998474121094,32.5099983215332,33.099998474121094,14643,0.0,0.0
2024-05-29 14:30:00-04:00,33.10499954223633,33.47999954223633,32.948001861572266,33.33000183105469,24969,0.0,0.0
2024-05-29 15:30:00-04:00,33.244998931884766,33.375,33.02000045776367,33.02000045776367,33889,0.0,0.0
2024-05-30 09:30:00-04:00,33.59000015258789,34.400001525878906,33.38010025024414,34.099998474121094,50654,0.0,0.0
2024-05-30 10:30:00-04:00,34.119998931884766,34.119998931884766,33.81999969482422,34.029998779296875,17006,0.0,0.0
2024-05-30 11:30:00-04:00,34.040000915527344,34.11000061035156,33.7599983215332,33.7599983215332,11373,0.0,0.0
2024-05-30 12:30:00-04:00,33.83359909057617,34.0,33.652801513671875,33.75,5615,0.0,0.0
2024-05-30 13:30:00-04:00,33.75,33.84000015258789,33.40999984741211,33.439998626708984,12435,0.0,0.0
2024-05-30 14:30:00-04:00,33.5,33.540000915527344,33.27000045776367,33.34000015258789,16253,0.0,0.0
2024-05-30 15:30:00-04:00,33.279998779296875,33.665000915527344,33.2400016784668,33.59000015258789,26300,0.0,0.0
2024-05-31 09:30:00-04:00,34.0,34.0,33.20000076293945,33.20500183105469,19544,0.0,0.0
2024-05-31 10:30:00-04:00,33.040000915527344,33.0901985168457,32.45000076293945,32.45000076293945,23063,0.0,0.0
2024-05-31 11:30:00-04:00,32.290000915527344,32.61000061035156,32.21500015258789,32.290000915527344,14363,0.0,0.0
2024-05-31 12:30:00-04:00,32.220001220703125,32.47999954223633,32.09000015258789,32.290000915527344,16896,0.0,0.0
2024-05-31 13:30:00-04:00,32.43360137939453,32.650001525878906,32.33000183105469,32.38999938964844,8560,0.0,0.0
2024-05-31 14:30:00-04:00,32.435001373291016,32.90999984741211,32.350101470947266,32.80500030517578,16553,0.0,0.0
2024-05-31 15:30:00-04:00,32.810001373291016,32.88999938964844,32.66999816894531,32.86000061035156,22493,0.0,0.0
2024-06-03 09:30:00-04:00,32.95000076293945,33.47990036010742,32.95000076293945,33.150001525878906,21526,0.0,0.0
2024-06-03 10:30:00-04:00,33.21799850463867,33.560001373291016,32.779998779296875,33.13999938964844,13713,0.0,0.0
2024-06-03 11:30:00-04:00,33.09000015258789,33.209999084472656,32.834999084472656,32.915000915527344,9385,0.0,0.0
2024-06-03 12:30:00-04:00,33.019901275634766,33.019901275634766,32.56999969482422,32.869998931884766,11426,0.0,0.0
2024-06-03 13:30:00-04:00,32.84000015258789,33.03329849243164,32.75,33.0,7325,0.0,0.0
2024-06-03 14:30:00-04:00,33.029998779296875,33.5,32.900001525878906,33.5,15640,0.0,0.0
2024-06-03 15:30:00-04:00,33.400001525878906,33.56999969482422,33.2599983215332,33.2599983215332,16679,0.0,0.0
2024-06-04 09:30:00-04:00,32.7599983215332,32.7599983215332,31.0,31.389999389648438,47957,0.0,0.0
2024-06-04 10:30:00-04:00,31.389999389648438,31.530000686645508,31.114900588989258,31.139999389648438,15306,0.0,0.0
2024-06-04 11:30:00-04:00,31.0,31.09000015258789,30.709999084472656,30.96500015258789,22769,0.0,0.0
2024-06-04 12:30:00-04:00,30.96500015258789,30.979999542236328,30.270000457763672,30.43000030517578,29404,0.0,0.0
2024-06-04 13:30:00-04:00,30.559999465942383,31.1299991607666,30.485000610351562,31.079999923706055,18457,0.0,0.0
2024-06-04 14:30:00-04:00,31.1200008392334,31.479999542236328,31.039899826049805,31.209999084472656,22843,0.0,0.0
2024-06-04 15:30:00-04:00,31.209999084472656,31.450000762939453,31.139999389648438,31.389999389648438,18173,0.0,0.0
2024-06-05 09:30:00-04:00,31.3799991607666,31.749500274658203,31.200000762939453,31.530000686645508,11334,0.0,0.0
2024-06-05 10:30:00-04:00,31.739900588989258,31.969999313354492,31.684999465942383,31.969999313354492,21304,0.0,0.0
2024-06-05 11:30:00-04:00,32.0099983215332,32.24489974975586,31.960100173950195,32.119998931884766,8639,0.0,0.0
2024-06-05 12:30:00-04:00,32.1411018371582,32.20000076293945,32.1411018371582,32.15999984741211,4848,0.0,0.0
2024-06-05 13:30:00-04:00,32.189998626708984,32.31990051269531,31.829999923706055,32.10200119018555,17805,0.0,0.0
2024-06-05 14:30:00-04:00,32.0099983215332,32.29990005493164,31.850000381469727,32.13999938964844,16292,0.0,0.0
2024-06-05 15:30:00-04:00,32.13999938964844,32.38999938964844,32.13999938964844,32.13999938964844,21470,0.0,0.0
2024-06-06 09:30:00-04:00,31.290000915527344,31.926700592041016,31.290000915527344,31.88990020751953,32517,0.0,0.0
2024-06-06 10:30:00-04:00,31.780000686645508,31.950000762939453,31.719999313354492,31.920000076293945,8440,0.0,0.0
2024-06-06 11:30:00-04:00,32.0,32.2599983215332,31.700000762939453,31.700000762939453,16542,0.0,0.0
2024-06-06 12:30:00-04:00,31.674999237060547,31.678300857543945,31.270000457763672,31.5,11582,0.0,0.0
2024-06-06 13:30:00-04:00,31.61829948425293,31.61829948425293,31.1200008392334,31.25,6433,0.0,0.0
2024-06-06 14:30:00-04:00,31.28499984741211,31.492799758911133,31.25,31.43000030517578,9845,0.0,0.0
2024-06-06 15:30:00-04:00,31.479999542236328,31.520000457763672,31.329999923706055,31.350000381469727,11148,0.0,0.0
2024-06-07 09:30:00-04:00,31.0,31.520000457763672,30.1299991607666,31.486499786376953,28219,0.0,0.0
2024-06-07 10:30:00-04:00,31.5,31.6299991607666,31.040000915527344,31.040000915527344,9804,0.0,0.0
2024-06-07 11:30:00-04:00,30.95400047302246,30.989999771118164,30.790000915527344,30.81999969482422,5808,0.0,0.0
2024-06-07 12:30:00-04:00,30.84000015258789,30.84000015258789,30.610000610351562,30.65999984741211,8589,0.0,0.0
2024-06-07 13:30:00-04:00,30.764999389648438,30.799999237060547,30.59000015258789,30.59000015258789,7740,0.0,0.0
2024-06-07 14:30:00-04:00,30.774999618530273,30.780000686645508,30.6299991607666,30.745800018310547,10543,0.0,0.0
2024-06-07 15:30:00-04:00,30.84000015258789,30.940000534057617,30.719999313354492,30.8799991607666,22290,0.0,0.0
2024-06-10 09:30:00-04:00,31.440000534057617,33.220001220703125,31.20009994506836,33.119998931884766,76579,0.0,0.0
2024-06-10 10:30:00-04:00,32.75,33.220001220703125,32.7400016784668,33.220001220703125,28694,0.0,0.0
2024-06-10 11:30:00-04:00,33.199100494384766,33.939998626708984,33.199100494384766,33.880001068115234,40471,0.0,0.0
2024-06-10 12:30:00-04:00,33.928001403808594,33.95000076293945,33.439998626708984,33.72999954223633,50949,0.0,0.0
2024-06-10 13:30:00-04:00,33.7599983215332,33.900001525878906,33.15999984741211,33.29999923706055,29956,0.0,0.0
2024-06-10 14:30:00-04:00,33.439998626708984,33.5,33.25,33.317501068115234,18799,0.0,0.0
2024-06-10 15:30:00-04:00,33.2599983215332,33.310001373291016,33.09000015258789,33.310001373291016,22022,0.0,0.0
2024-06-11 09:30:00-04:00,32.939998626708984,32.939998626708984,32.11000061035156,32.33509826660156,19183,0.0,0.0
2024-06-11 10:30:00-04:00,32.31999969482422,32.34000015258789,32.0099983215332,32.0099983215332,15798,0.0,0.0
2024-06-11 11:30:00-04:00,32.0099983215332,32.0099983215332,31.56999969482422,31.729999542236328,14678,0.0,0.0
2024-06-11 12:30:00-04:00,31.809999465942383,32.13999938964844,31.7549991607666,31.950000762939453,10724,0.0,0.0
2024-06-11 13:30:00-04:00,32.0,32.02000045776367,31.674999237060547,31.799999237060547,6689,0.0,0.0
2024-06-11 14:30:00-04:00,31.84000015258789,32.040000915527344,31.84000015258789,31.924999237060547,8011,0.0,0.0
2024-06-11 15:30:00-04:00,31.915000915527344,32.220001220703125,31.915000915527344,32.150001525878906,15829,0.0,0.0
2024-06-12 09:30:00-04:00,32.630001068115234,33.13999938964844,32.220001220703125,32.599998474121094,16268,0.0,0.0
2024-06-12 10:30:00-04:00,32.4900016784668,32.74660110473633,32.349998474121094,32.689998626708984,13450,0.0,0.0
2024-06-12 11:30:00-04:00,32.6338005065918,32.63999938964844,32.40999984741211,32.619998931884766,10096,0.0,0.0
2024-06-12 12:30:00-04:00,32.650001525878906,33.02000045776367,32.650001525878906,32.709999084472656,10034,0.0,0.0
2024-06-12 13:30:00-04:00,32.80500030517578,33.11989974975586,32.41999816894531,32.5099983215332,11882,0.0,0.0
2024-06-12 14:30:00-04:00,32.584999084472656,32.650001525878906,32.189998626708984,32.36000061035156,26931,0.0,0.0
2024-06-12 15:30:00-04:00,32.26850128173828,32.439998626708984,32.11000061035156,32.29999923706055,14680,0.0,0.0
2024-06-13 09:30:00-04:00,32.34000015258789,32.77000045776367,31.649999618530273,31.91990089416504,19149,0.0,0.0
2024-06-13 10:30:00-04:00,31.690000534057617,32.150001525878906,31.549999237060547,31.8799991607666,15868,0.0,0.0
2024-06-13 11:30:00-04:00,31.850000381469727,31.985000610351562,31.610000610351562,31.709999084472656,7564,0.0,0.0
2024-06-13 12:30:00-04:00,31.66990089416504,31.850000381469727,31.450000762939453,31.850000381469727,5689,0.0,0.0
2024-06-13 13:30:00-04:00,31.764999389648438,31.84000015258789,31.639999389648438,31.639999389648438,5077,0.0,0.0
2024-06-13 14:30:00-04:00,31.790000915527344,32.45000076293945,31.709999084472656,32.334999084472656,14456,0.0,0.0
2024-06-13 15:30:00-04:00,32.25,32.400001525878906,32.25,32.290000915527344,21011,0.0,0.0
2024-06-14 09:30:00-04:00,31.690000534057617,31.780000686645508,30.920000076293945,31.079999923706055,46054,0.0,0.0
2024-06-14 10:30:00-04:00,31.0,31.010000228881836,30.280000686645508,30.489999771118164,43018,0.0,0.0
2024-06-14 11:30:00-04:00,30.524999618530273,30.709999084472656,30.450000762939453,30.709999084472656,39665,0.0,0.0
2024-06-14 12:30:00-04:00,30.69499969482422,31.174999237060547,30.674999237060547,30.912399291992188,10565,0.0,0.0
2024-06-14 13:30:00-04:00,30.854999542236328,30.920000076293945,30.6299991607666,30.68000030517578,12548,0.0,0.0
2024-06-14 14:30:00-04:00,30.690000534057617,30.909900665283203,30.56999969482422,30.780000686645508,21769,0.0,0.0
2024-06-14 15:30:00-04:00,30.704999923706055,30.829999923706055,30.6200008392334,30.80500030517578,13081,0.0,0.0
2024-06-17 09:30:00-04:00,30.360000610351562,30.81999969482422,30.309999465942383,30.462099075317383,21062,0.0,0.0
2024-06-17 10:30:00-04:00,30.360000610351562,30.360000610351562,29.799999237060547,29.809999465942383,22816,0.0,0.0
2024-06-17 11:30:00-04:00,29.8700008392334,30.100000381469727,29.600000381469727,29.934999465942383,27233,0.0,0.0
2024-06-17 12:30:00-04:00,29.989999771118164,30.530000686645508,29.940099716186523,30.520000457763672,13933,0.0,0.0
2024-06-17 13:30:00-04:00,30.59000015258789,30.920000076293945,30.451000213623047,30.790000915527344,11456,0.0,0.0
2024-06-17 14:30:00-04:00,30.790000915527344,31.219999313354492,30.790000915527344,31.1299991607666,33257,0.0,0.0
2024-06-17 15:30:00-04:00,31.06999969482422,31.149999618530273,30.920000076293945,31.030000686645508,26143,0.0,0.0
2024-06-18 09:30:00-04:00,31.329999923706055,31.844999313354492,31.18000030517578,31.350000381469727,12336,0.0,0.0
2024-06-18 10:30:00-04:00,31.350000381469727,31.399999618530273,30.985000610351562,31.110000610351562,16078,0.0,0.0
2024-06-18 11:30:00-04:00,31.100000381469727,31.139999389648438,30.850000381469727,30.915000915527344,24703,0.0,0.0
2024-06-18 12:30:00-04:00,30.829999923706055,31.229999542236328,30.829999923706055,31.170000076293945,8008,0.0,0.0
2024-06-18 13:30:00-04:00,31.200000762939453,31.409900665283203,31.200000762939453,31.350000381469727,9965,0.0,0.0
2024-06-18 14:30:00-04:00,31.299999237060547,31.43000030517578,30.979999542236328,30.979999542236328,23091,0.0,0.0
2024-06-18 15:30:00-04:00,31.094999313354492,31.100000381469727,30.84000015258789,31.0,33255,0.0,0.0
2024-06-20 09:30:00-04:00,31.239999771118164,31.329999923706055,30.800100326538086,31.18000030517578,25528,0.0,0.0
2024-06-20 10:30:00-04:00,31.18000030517578,31.18000030517578,30.780000686645508,30.850000381469727,31887,0.0,0.0
2024-06-20 11:30:00-04:00,30.850000381469727,30.989999771118164,30.459999084472656,30.53499984741211,13533,0.0,0.0
2024-06-20 12:30:00-04:00,30.440000534057617,30.610000610351562,30.424999237060547,30.424999237060547,8052,0.0,0.0
2024-06-20 13:30:00-04:00,30.368900299072266,30.700000762939453,30.18000030517578,30.649999618530273,18254,0.0,0.0
2024-06-20 14:30:00-04:00,30.610000610351562,30.670000076293945,30.309999465942383,30.350000381469727,12046,0.0,0.0
2024-06-20 15:30:00-04:00,30.399999618530273,30.520000457763672,30.219999313354492,30.270000457763672,13579,0.0,0.0
2024-06-21 09:30:00-04:00,30.030000686645508,30.06999969482422,29.360000610351562,29.985000610351562,22651,0.0,0.0
2024-06-21 10:30:00-04:00,29.860000610351562,30.229999542236328,29.809999465942383,29.94499969482422,15537,0.0,0.0
2024-06-21 11:30:00-04:00,29.934999465942383,30.170000076293945,29.83009910583496,30.100000381469727,10343,0.0,0.0
2024-06-21 12:30:00-04:00,30.149999618530273,30.149999618530273,29.979999542236328,30.059999465942383,10323,0.0,0.0
2024-06-21 13:30:00-04:00,30.15999984741211,30.264999389648438,29.959999084472656,30.139999389648438,10979,0.0,0.0
2024-06-21 14:30:00-04:00,30.079999923706055,30.139999389648438,29.899999618530273,30.079999923706055,11166,0.0,0.0
2024-06-21 15:30:00-04:00,30.079999923706055,30.225000381469727,30.049999237060547,30.059999465942383,16745,0.0,0.0
2024-06-24 09:30:00-04:00,29.40999984741211,29.684999465942383,28.75,29.46500015258789,38648,0.0,0.0
2024-06-24 10:30:00-04:00,29.46500015258789,29.5,29.100000381469727,29.469999313354492,15974,0.0,0.0
2024-06-24 11:30:00-04:00,29.440000534057617,29.440000534057617,28.989999771118164,29.037099838256836,29214,0.0,0.0
2024-06-24 12:30:00-04:00,29.110000610351562,29.184999465942383,28.899999618530273,29.030000686645508,23514,0.0,0.0
2024-06-24 13:30:00-04:00,29.082500457763672,29.09000015258789,28.350000381469727,28.600000381469727,42708,0.0,0.0
2024-06-24 14:30:00-04:00,28.639999389648438,29.06999969482422,28.59000015258789,29.06999969482422,20406,0.0,0.0
2024-06-24 15:30:00-04:00,29.040000915527344,29.059999465942383,28.559999465942383,28.700000762939453,22909,0.0,0.0
2024-06-25 09:30:00-04:00,28.5,28.989999771118164,28.0,28.469999313354492,0,0.0,0.0
2024-06-25 10:30:00-04:00,28.479999542236328,28.68000030517578,28.18000030517578,28.420000076293945,20985,0.0,0.0
2024-06-25 11:30:00-04:00,28.3700008392334,28.420000076293945,28.25,28.415000915527344,25965,0.0,0.0
2024-06-25 12:30:00-04:00,28.40999984741211,28.489999771118164,28.030000686645508,28.149999618530273,23997,0.0,0.0
2024-06-25 13:30:00-04:00,28.1299991607666,28.190000534057617,28.010000228881836,28.139999389648438,22856,0.0,0.0
2024-06-25 14:30:00-04:00,28.137399673461914,28.18000030517578,27.920000076293945,28.030000686645508,26986,0.0,0.0
2024-06-25 15:30:00-04:00,28.030000686645508,28.049999237060547,27.780000686645508,27.989999771118164,55005,0.0,0.0
2024-06-26 09:30:00-04:00,27.780000686645508,28.21500015258789,27.559999465942383,27.860000610351562,26199,0.0,0.0
2024-06-26 10:30:00-04:00,27.93000030517578,28.229999542236328,27.670000076293945,28.229999542236328,29373,0.0,0.0
2024-06-26 11:30:00-04:00,28.225000381469727,28.420000076293945,28.225000381469727,28.2549991607666,10591,0.0,0.0
2024-06-26 12:30:00-04:00,28.25,28.389999389648438,28.209999084472656,28.299999237060547,11178,0.0,0.0
2024-06-26 13:30:00-04:00,28.3799991607666,28.514999389648438,28.28499984741211,28.475000381469727,24114,0.0,0.0
2024-06-26 14:30:00-04:00,28.46500015258789,28.690000534057617,28.454999923706055,28.514999389648438,27498,0.0,0.0
2024-06-26 15:30:00-04:00,28.5,28.540000915527344,28.290000915527344,28.489999771118164,37380,0.0,0.0
2024-06-27 09:30:00-04:00,28.489999771118164,29.0,28.290000915527344,28.5,26291,0.0,0.0
2024-06-27 10:30:00-04:00,28.5,28.649999618530273,28.05500030517578,28.06529998779297,11527,0.0,0.0
2024-06-27 11:30:00-04:00,28.06999969482422,28.06999969482422,27.600000381469727,27.834999084472656,26385,0.0,0.0
2024-06-27 12:30:00-04:00,27.902000427246094,27.93000030517578,27.270000457763672,27.329999923706055,20961,0.0,0.0
2024-06-27 13:30:00-04:00,27.329999923706055,27.552000045776367,27.149999618530273,27.552000045776367,29190,0.0,0.0
2024-06-27 14:30:00-04:00,27.614999771118164,27.75,27.489999771118164,27.639999389648438,22238,0.0,0.0
2024-06-27 15:30:00-04:00,27.590099334716797,27.93000030517578,27.559999465942383,27.93000030517578,46280,0.0,0.0
2024-06-28 09:30:00-04:00,27.8799991607666,28.510000228881836,27.8799991607666,28.510000228881836,17440,0.0,0.0
2024-06-28 10:30:00-04:00,28.360000610351562,28.3799991607666,27.90999984741211,27.90999984741211,16252,0.0,0.0
2024-06-28 11:30:00-04:00,27.920000076293945,28.360000610351562,27.8799991607666,28.25,21733,0.0,0.0
2024-06-28 12:30:00-04:00,28.239999771118164,28.31999969482422,27.799999237060547,28.204999923706055,22054,0.0,0.0
2024-06-28 13:30:00-04:00,28.084999084472656,28.190000534057617,27.860000610351562,28.020000457763672,18854,0.0,0.0
2024-06-28 14:30:00-04:00,28.059999465942383,28.139999389648438,27.6299991607666,27.6299991607666,18695,0.0,0.0
2024-06-28 15:30:00-04:00,27.71500015258789,27.959999084472656,27.225000381469727,27.469999313354492,88440,0.0,0.0
2024-07-01 09:30:00-04:00,27.229999542236328,28.139999389648438,27.229999542236328,27.459999084472656,33651,0.0,0.0
2024-07-01 10:30:00-04:00,27.40999984741211,27.549999237060547,27.219999313354492,27.219999313354492,22051,0.0,0.0
2024-07-01 11:30:00-04:00,27.174999237060547,27.219999313354492,26.710100173950195,26.900699615478516,41972,0.0,0.0
2024-07-01 12:30:00-04:00,26.989999771118164,26.989999771118164,26.260000228881836,26.469999313354492,44641,0.0,0.0
2024-07-01 13:30:00-04:00,26.489999771118164,26.649999618530273,26.100000381469727,26.3700008392334,22472,0.0,0.0
2024-07-01 14:30:00-04:00,26.309999465942383,26.360000610351562,26.049999237060547,26.200000762939453,51633,0.0,0.0
2024-07-01 15:30:00-04:00,26.19890022277832,26.65999984741211,26.15839958190918,26.469999313354492,56205,0.0,0.0
2024-07-02 09:30:00-04:00,26.649999618530273,27.439899444580078,26.600000381469727,27.110000610351562,42387,0.0,0.0
2024-07-02 10:30:00-04:00,27.139999389648438,27.139999389648438,26.31999969482422,26.489999771118164,39111,0.0,0.0
2024-07-02 11:30:00-04:00,26.594999313354492,27.290000915527344,26.549999237060547,27.2450008392334,20089,0.0,0.0
2024-07-02 12:30:00-04:00,27.25,27.565000534057617,27.25,27.5,15105,0.0,0.0
2024-07-02 13:30:00-04:00,27.489999771118164,27.75,27.389999389648438,27.729999542236328,20429,0.0,0.0
2024-07-02 14:30:00-04:00,27.739999771118164,28.094999313354492,27.729999542236328,28.030000686645508,32604,0.0,0.0
2024-07-02 15:30:00-04:00,28.010000228881836,28.239999771118164,28.010000228881836,28.170000076293945,29002,0.0,0.0
2024-07-03 09:30:00-04:00,28.34000015258789,28.350000381469727,27.639999389648438,28.34000015258789,21628,0.0,0.0
2024-07-03 10:30:00-04:00,28.350000381469727,28.5,28.15999984741211,28.31999969482422,21908,0.0,0.0
2024-07-03 11:30:00-04:00,28.357500076293945,28.635000228881836,28.25,28.635000228881836,27425,0.0,0.0
2024-07-05 09:30:00-04:00,28.65999984741211,28.65999984741211,27.774999618530273,27.785499572753906,23742,0.0,0.0
2024-07-05 10:30:00-04:00,27.81999969482422,27.929899215698242,27.370100021362305,27.5,25202,0.0,0.0
2024-07-05 11:30:00-04:00,27.43000030517578,27.444900512695312,27.0,27.110000610351562,15539,0.0,0.0
2024-07-05 12:30:00-04:00,27.139999389648438,27.139999389648438,26.81999969482422,26.81999969482422,12158,0.0,0.0
2024-07-05 13:30:00-04:00,26.799999237060547,26.829999923706055,26.619699478149414,26.619699478149414,9289,0.0,0.0
2024-07-05 14:30:00-04:00,26.667299270629883,26.979999542236328,26.667299270629883,26.90999984741211,19917,0.0,0.0
2024-07-05 15:30:00-04:00,26.940000534057617,27.079999923706055,26.809999465942383,26.989999771118164,27992,0.0,0.0
2024-07-08 09:30:00-04:00,27.18000030517578,27.829999923706055,27.152799606323242,27.719999313354492,18391,0.0,0.0
2024-07-08 10:30:00-04:00,27.80970001220703,27.80970001220703,27.350000381469727,27.399999618530273,12287,0.0,0.0
2024-07-08 11:30:00-04:00,27.360000610351562,27.43000030517578,27.31999969482422,27.424999237060547,7254,0.0,0.0
2024-07-08 12:30:00-04:00,27.420000076293945,27.469999313354492,27.270099639892578,27.40999984741211,9225,0.0,0.0
2024-07-08 13:30:00-04:00,27.5,27.860000610351562,27.5,27.844999313354492,18252,0.0,0.0
2024-07-08 14:30:00-04:00,27.800100326538086,27.93000030517578,27.639999389648438,27.850000381469727,15518,0.0,0.0
2024-07-08 15:30:00-04:00,27.809999465942383,27.81999969482422,27.510000228881836,27.510000228881836,27460,0.0,0.0
2024-07-09 09:30:00-04:00,27.5,27.57939910888672,27.18000030517578,27.190099716186523,9087,0.0,0.0
2024-07-09 10:30:00-04:00,27.290000915527344,27.309999465942383,27.159299850463867,27.200000762939453,11399,0.0,0.0
2024-07-09 11:30:00-04:00,27.18000030517578,27.59000015258789,27.0,27.450000762939453,38699,0.0,0.0
2024-07-09 12:30:00-04:00,27.540000915527344,27.56999969482422,27.299999237060547,27.299999237060547,8064,0.0,0.0
2024-07-09 13:30:00-04:00,27.299999237060547,27.309999465942383,27.100000381469727,27.110000610351562,9938,0.0,0.0
2024-07-09 14:30:00-04:00,27.059999465942383,27.09000015258789,26.848100662231445,26.848100662231445,14123,0.0,0.0
2024-07-09 15:30:00-04:00,26.856700897216797,26.9950008392334,26.700000762939453,26.895000457763672,21414,0.0,0.0
2024-07-10 09:30:00-04:00,26.799999237060547,26.979999542236328,26.611000061035156,26.809999465942383,16165,0.0,0.0
2024-07-10 10:30:00-04:00,26.725000381469727,27.0,26.679000854492188,26.680999755859375,5680,0.0,0.0
2024-07-10 11:30:00-04:00,26.799999237060547,26.989999771118164,26.799999237060547,26.899999618530273,7273,0.0,0.0
2024-07-10 12:30:00-04:00,26.985000610351562,27.040000915527344,26.8799991607666,26.959999084472656,9711,0.0,0.0
2024-07-10 13:30:00-04:00,26.954999923706055,27.051000595092773,26.90999984741211,26.94499969482422,6428,0.0,0.0
2024-07-10 14:30:00-04:00,26.954999923706055,27.040000915527344,26.81999969482422,26.915000915527344,9741,0.0,0.0
2024-07-10 15:30:00-04:00,26.885000228881836,27.100000381469727,26.81999969482422,27.049999237060547,16128,0.0,0.0
2024-07-11 09:30:00-04:00,27.350000381469727,27.581300735473633,27.010000228881836,27.229999542236328,24570,0.0,0.0
2024-07-11 10:30:00-04:00,27.364999771118164,27.65999984741211,27.231000900268555,27.46500015258789,9413,0.0,0.0
2024-07-11 11:30:00-04:00,27.510000228881836,27.510000228881836,27.114999771118164,27.31999969482422,6664,0.0,0.0
2024-07-11 12:30:00-04:00,27.25,27.469999313354492,27.209999084472656,27.469999313354492,12696,0.0,0.0
2024-07-11 13:30:00-04:00,27.600000381469727,27.6299991607666,27.459999084472656,27.600000381469727,11354,0.0,0.0
2024-07-11 14:30:00-04:00,27.700000762939453,27.799999237060547,27.600000381469727,27.700000762939453,14495,0.0,0.0
2024-07-11 15:30:00-04:00,27.639999389648438,27.790000915527344,27.6299991607666,27.709999084472656,19147,0.0,0.0
2024-07-12 09:30:00-04:00,27.940000534057617,28.520000457763672,27.729999542236328,28.520000457763672,19402,0.0,0.0
2024-07-12 10:30:00-04:00,28.520000457763672,28.540000915527344,28.309999465942383,28.540000915527344,8765,0.0,0.0
2024-07-12 11:30:00-04:00,28.399999618530273,28.5,28.029399871826172,28.1200008392334,16807,0.0,0.0
2024-07-12 12:30:00-04:00,28.1200008392334,28.459999084472656,28.100000381469727,28.358699798583984,11238,0.0,0.0
2024-07-12 13:30:00-04:00,28.329999923706055,28.3799991607666,28.149999618530273,28.3799991607666,14767,0.0,0.0
2024-07-12 14:30:00-04:00,28.31999969482422,28.639999389648438,28.280000686645508,28.520000457763672,23390,0.0,0.0
2024-07-12 15:30:00-04:00,28.479999542236328,28.584999084472656,28.420000076293945,28.420000076293945,33416,0.0,0.0
2024-07-15 09:30:00-04:00,28.8799991607666,29.760000228881836,28.860000610351562,29.5,21967,0.0,0.0
2024-07-15 10:30:00-04:00,29.510000228881836,29.899999618530273,29.354999542236328,29.829999923706055,12013,0.0,0.0
2024-07-15 11:30:00-04:00,29.639999389648438,29.8799991607666,29.600000381469727,29.635000228881836,17407,0.0,0.0
2024-07-15 12:30:00-04:00,29.489999771118164,29.520000457763672,29.290000915527344,29.520000457763672,8169,0.0,0.0
2024-07-15 13:30:00-04:00,29.520000457763672,29.687700271606445,29.423999786376953,29.6200008392334,7694,0.0,0.0
2024-07-15 14:30:00-04:00,29.530000686645508,29.639400482177734,29.309999465942383,29.549999237060547,18881,0.0,0.0
2024-07-15 15:30:00-04:00,29.520000457763672,29.600000381469727,29.450000762939453,29.559999465942383,23783,0.0,0.0
2024-07-16 09:30:00-04:00,29.799999237060547,29.920000076293945,29.420000076293945,29.829999923706055,15063,0.0,0.0
2024-07-16 10:30:00-04:00,29.75,30.10890007019043,29.690000534057617,30.100000381469727,11052,0.0,0.0
2024-07-16 11:30:00-04:00,30.127500534057617,30.259899139404297,30.010099411010742,30.100000381469727,8075,0.0,0.0
2024-07-16 12:30:00-04:00,30.040000915527344,30.06999969482422,29.920000076293945,30.030000686645508,12697,0.0,0.0
2024-07-16 13:30:00-04:00,30.075000762939453,30.329999923706055,30.075000762939453,30.174999237060547,5576,0.0,0.0
2024-07-16 14:30:00-04:00,30.219900131225586,30.350000381469727,29.9950008392334,29.9950008392334,19722,0.0,0.0
2024-07-16 15:30:00-04:00,30.040000915527344,30.260000228881836,29.989999771118164,30.260000228881836,26017,0.0,0.0
2024-07-17 09:30:00-04:00,30.25,30.3799991607666,29.181900024414062,29.829999923706055,13143,0.0,0.0
2024-07-17 10:30:00-04:00,29.68000030517578,29.980199813842773,29.469999313354492,29.780000686645508,15415,0.0,0.0
2024-07-17 11:30:00-04:00,29.71500015258789,29.719999313354492,29.520000457763672,29.635000228881836,10173,0.0,0.0
2024-07-17 12:30:00-04:00,29.618499755859375,29.834999084472656,29.549999237060547,29.71500015258789,13722,0.0,0.0
2024-07-17 13:30:00-04:00,29.799999237060547,29.81999969482422,29.399999618530273,29.639999389648438,10745,0.0,0.0
2024-07-17 14:30:00-04:00,29.579999923706055,29.579999923706055,29.270000457763672,29.389999389648438,17666,0.0,0.0
2024-07-17 15:30:00-04:00,29.479999542236328,29.635000228881836,29.440000534057617,29.610000610351562,23338,0.0,0.0
2024-07-18 09:30:00-04:00,29.850000381469727,30.874000549316406,29.709999084472656,30.8700008392334,15889,0.0,0.0
2024-07-18 10:30:00-04:00,30.909000396728516,30.939899444580078,30.1200008392334,30.190000534057617,26398,0.0,0.0
2024-07-18 11:30:00-04:00,30.030000686645508,30.389999389648438,30.030000686645508,30.260000228881836,12030,0.0,0.0
2024-07-18 12:30:00-04:00,30.239999771118164,30.420000076293945,30.239999771118164,30.239999771118164,6857,0.0,0.0
2024-07-18 13:30:00-04:00,30.209999084472656,30.270000457763672,29.950000762939453,30.140100479125977,6386,0.0,0.0
2024-07-18 14:30:00-04:00,30.229999542236328,30.270000457763672,29.81999969482422,29.979999542236328,15266,0.0,0.0
2024-07-18 15:30:00-04:00,30.09000015258789,30.274999618530273,30.06999969482422,30.190000534057617,16412,0.0,0.0
2024-07-19 09:30:00-04:00,30.059999465942383,30.190000534057617,29.469999313354492,30.040000915527344,8322,0.0,0.0
2024-07-19 10:30:00-04:00,30.040000915527344,30.209999084472656,29.780000686645508,29.899999618530273,7992,0.0,0.0
2024-07-19 11:30:00-04:00,29.625,29.940000534057617,29.479999542236328,29.899999618530273,7830,0.0,0.0
2024-07-19 12:30:00-04:00,29.690000534057617,29.81999969482422,29.639999389648438,29.81999969482422,4092,0.0,0.0
2024-07-19 13:30:00-04:00,29.854999542236328,29.854999542236328,29.780000686645508,29.815000534057617,2902,0.0,0.0
2024-07-19 14:30:00-04:00,29.75,29.929899215698242,29.75,29.829999923706055,8109,0.0,0.0
2024-07-19 15:30:00-04:00,29.739999771118164,29.81999969482422,29.68000030517578,29.7549991607666,13193,0.0,0.0
2024-07-22 09:30:00-04:00,29.670000076293945,29.670000076293945,28.729999542236328,29.087200164794922,17501,0.0,0.0
2024-07-22 10:30:00-04:00,29.079999923706055,29.3799991607666,29.079999923706055,29.280000686645508,8382,0.0,0.0
2024-07-22 11:30:00-04:00,29.190000534057617,29.485000610351562,29.190000534057617,29.43000030517578,3100,0.0,0.0
2024-07-22 12:30:00-04:00,29.399999618530273,29.579999923706055,29.399999618530273,29.579999923706055,3522,0.0,0.0
2024-07-22 13:30:00-04:00,29.690000534057617,29.88990020751953,29.690000534057617,29.739999771118164,4666,0.0,0.0
2024-07-22 14:30:00-04:00,29.780000686645508,30.040000915527344,29.56999969482422,29.889999389648438,10539,0.0,0.0
2024-07-22 15:30:00-04:00,30.0,30.219999313354492,29.950000762939453,30.0,10478,0.0,0.0
2024-07-23 09:30:00-04:00,29.829999923706055,30.479999542236328,29.495800018310547,30.450000762939453,10386,0.0,0.0
2024-07-23 10:30:00-04:00,30.434999465942383,30.559999465942383,30.200000762939453,30.260000228881836,7930,0.0,0.0
2024-07-23 11:30:00-04:00,30.360000610351562,30.530000686645508,30.360000610351562,30.530000686645508,4753,0.0,0.0
2024-07-23 12:30:00-04:00,30.559999465942383,30.579999923706055,30.40999984741211,30.40999984741211,5470,0.0,0.0
2024-07-23 13:30:00-04:00,30.44499969482422,30.68000030517578,30.44499969482422,30.549999237060547,7425,0.0,0.0
2024-07-23 14:30:00-04:00,30.63610076904297,30.780000686645508,30.63610076904297,30.774999618530273,7549,0.0,0.0
2024-07-23 15:30:00-04:00,30.739999771118164,30.739999771118164,30.3799991607666,30.5,12392,0.0,0.0
2024-07-24 09:30:00-04:00,30.829999923706055,30.829999923706055,30.18000030517578,30.729999542236328,17275,0.0,0.0
2024-07-24 10:30:00-04:00,30.724000930786133,30.809999465942383,30.41230010986328,30.6299991607666,6324,0.0,0.0
2024-07-24 11:30:00-04:00,30.690000534057617,30.690000534057617,30.43000030517578,30.43000030517578,8010,0.0,0.0
2024-07-24 12:30:00-04:00,30.3799991607666,30.389999389648438,30.280000686645508,30.280000686645508,3695,0.0,0.0
2024-07-24 13:30:00-04:00,30.27400016784668,30.27400016784668,29.989999771118164,29.989999771118164,5480,0.0,0.0
2024-07-24 14:30:00-04:00,29.90999984741211,29.93000030517578,29.809999465942383,29.809999465942383,11940,0.0,0.0
2024-07-24 15:30:00-04:00,29.739999771118164,29.790000915527344,29.6200008392334,29.709999084472656,14710,0.0,0.0
2024-07-25 09:30:00-04:00,29.610000610351562,31.110000610351562,29.610000610351562,31.110000610351562,58563,0.0,0.0
2024-07-25 10:30:00-04:00,30.889999389648438,32.189998626708984,30.889999389648438,31.8700008392334,36737,0.0,0.0
2024-07-25 11:30:00-04:00,31.8799991607666,32.029998779296875,31.530099868774414,32.0099983215332,9476,0.0,0.0
2024-07-25 12:30:00-04:00,32.08000183105469,32.71989822387695,32.08000183105469,32.65999984741211,25159,0.0,0.0
2024-07-25 13:30:00-04:00,32.5,32.69990158081055,32.5,32.66999816894531,14040,0.0,0.0
2024-07-25 14:30:00-04:00,32.7599983215332,32.76499938964844,32.40999984741211,32.650001525878906,26343,0.0,0.0
2024-07-25 15:30:00-04:00,32.630001068115234,32.84000015258789,32.54999923706055,32.630001068115234,19413,0.0,0.0
2024-07-26 09:30:00-04:00,33.02000045776367,33.560001373291016,32.904998779296875,33.27000045776367,24292,0.0,0.0
2024-07-26 10:30:00-04:00,33.20750045776367,33.59880065917969,33.099998474121094,33.5099983215332,12476,0.0,0.0
2024-07-26 11:30:00-04:00,33.57490158081055,33.70000076293945,33.349998474121094,33.404998779296875,20084,0.0,0.0
2024-07-26 12:30:00-04:00,33.400001525878906,33.579898834228516,33.31999969482422,33.400001525878906,15059,0.0,0.0
2024-07-26 13:30:00-04:00,33.400001525878906,33.540000915527344,33.13999938964844,33.2400016784668,30999,0.0,0.0
2024-07-26 14:30:00-04:00,33.2400016784668,33.369998931884766,32.959999084472656,33.099998474121094,16612,0.0,0.0
2024-07-26 15:30:00-04:00,33.095001220703125,33.15999984741211,32.959999084472656,32.97999954223633,17075,0.0,0.0
2024-07-29 09:30:00-04:00,33.59000015258789,33.70000076293945,33.04999923706055,33.14400100708008,35128,0.0,0.0
2024-07-29 10:30:00-04:00,33.029998779296875,33.11000061035156,32.43000030517578,32.59000015258789,17729,0.0,0.0
2024-07-29 11:30:00-04:00,32.46009826660156,32.81999969482422,32.2400016784668,32.54999923706055,15584,0.0,0.0
2024-07-29 12:30:00-04:00,32.78990173339844,32.78990173339844,32.22999954223633,32.540000915527344,12136,0.0,0.0
2024-07-29 13:30:00-04:00,32.369998931884766,32.65999984741211,32.0,32.439998626708984,23277,0.0,0.0
2024-07-29 14:30:00-04:00,32.5,32.75,32.29999923706055,32.75,15347,0.0,0.0
2024-07-29 15:30:00-04:00,32.709999084472656,32.93000030517578,32.52000045776367,32.65999984741211,26638,0.0,0.0
2024-07-30 09:30:00-04:00,32.7400016784668,33.04999923706055,32.30009841918945,32.63999938964844,10039,0.0,0.0
2024-07-30 10:30:00-04:00,32.75,33.03499984741211,32.45000076293945,32.970001220703125,15324,0.0,0.0
2024-07-30 11:30:00-04:00,32.97999954223633,32.97999954223633,32.47999954223633,32.540000915527344,8929,0.0,0.0
2024-07-30 12:30:00-04:00,32.619998931884766,33.099998474121094,32.584999084472656,32.83000183105469,16952,0.0,0.0
2024-07-30 13:30:00-04:00,32.720001220703125,33.130001068115234,32.720001220703125,32.83000183105469,11160,0.0,0.0
2024-07-30 14:30:00-04:00,32.8650016784668,32.959999084472656,32.47999954223633,32.81999969482422,17345,0.0,0.0
2024-07-30 15:30:00-04:00,32.869998931884766,33.16999816894531,32.790000915527344,32.849998474121094,32157,0.0,0.0
2024-07-31 09:30:00-04:00,35.0,38.720001220703125,34.47999954223633,38.119998931884766,174959,0.0,0.0
2024-07-31 10:30:00-04:00,38.11309814453125,39.810001373291016,37.90999984741211,38.71080017089844,123922,0.0,0.0
2024-07-31 11:30:00-04:00,39.040000915527344,39.70000076293945,39.0,39.14500045776367,48278,0.0,0.0
2024-07-31 12:30:00-04:00,39.099998474121094,39.13650131225586,38.5,38.54999923706055,30603,0.0,0.0
2024-07-31 13:30:00-04:00,38.529998779296875,38.87990188598633,38.349998474121094,38.61520004272461,26593,0.0,0.0
2024-07-31 14:30:00-04:00,38.36000061035156,38.900001525878906,38.01499938964844,38.01499938964844,61604,0.0,0.0
2024-07-31 15:30:00-04:00,38.02000045776367,38.369998931884766,37.298500061035156,37.52000045776367,78400,0.0,0.0
2024-08-01 09:30:00-04:00,38.439998626708984,40.0786018371582,38.0,39.9900016784668,92473,0.0,0.0
2024-08-01 10:30:00-04:00,40.08570098876953,40.119998931884766,37.91999816894531,38.439998626708984,36162,0.0,0.0
2024-08-01 11:30:00-04:00,38.27000045776367,38.439998626708984,37.61000061035156,38.43000030517578,23395,0.0,0.0
2024-08-01 12:30:00-04:00,38.439998626708984,39.189998626708984,38.349998474121094,38.935001373291016,25607,0.0,0.0
2024-08-01 13:30:00-04:00,39.05759811401367,39.810001373291016,38.935001373291016,39.66999816894531,25100,0.0,0.0
2024-08-01 14:30:00-04:00,39.83000183105469,40.040000915527344,39.36000061035156,39.970001220703125,20506,0.0,0.0
2024-08-01 15:30:00-04:00,39.97999954223633,40.91999816894531,39.970001220703125,40.53499984741211,50463,0.0,0.0
2024-08-02 09:30:00-04:00,39.189998626708984,39.189998626708984,37.08000183105469,37.790000915527344,85289,0.0,0.0
2024-08-02 10:30:00-04:00,37.68299865722656,37.989898681640625,37.060001373291016,37.43000030517578,26228,0.0,0.0
2024-08-02 11:30:00-04:00,37.54999923706055,38.27000045776367,37.45009994506836,38.02000045776367,19211,0.0,0.0
2024-08-02 12:30:00-04:00,37.8650016784668,38.5,37.7400016784668,38.41999816894531,15692,0.0,0.0
2024-08-02 13:30:00-04:00,38.459999084472656,38.709999084472656,38.310001373291016,38.59000015258789,14288,0.0,0.0
2024-08-02 14:30:00-04:00,38.48500061035156,38.650001525878906,37.779998779296875,37.939998626708984,24623,0.0,0.0
2024-08-02 15:30:00-04:00,37.939998626708984,38.130001068115234,37.900001525878906,37.959999084472656,35847,0.0,0.0
2024-08-05 09:30:00-04:00,34.33000183105469,36.5099983215332,32.000099182128906,35.90999984741211,110439,0.0,0.0
2024-08-05 10:30:00-04:00,36.08000183105469,36.70989990234375,35.709999084472656,36.540000915527344,20591,0.0,0.0
2024-08-05 11:30:00-04:00,36.38999938964844,36.970001220703125,36.38999938964844,36.73500061035156,12039,0.0,0.0
2024-08-05 12:30:00-04:00,36.80500030517578,37.380001068115234,36.1068000793457,37.13999938964844,30651,0.0,0.0
2024-08-05 13:30:00-04:00,37.13999938964844,37.279998779296875,36.619998931884766,36.65999984741211,11142,0.0,0.0
2024-08-05 14:30:00-04:00,36.66999816894531,36.75,36.099998474121094,36.375,13643,0.0,0.0
2024-08-05 15:30:00-04:00,36.595001220703125,36.595001220703125,36.15999984741211,36.220001220703125,19942,0.0,0.0
2024-08-06 09:30:00-04:00,36.38999938964844,37.849998474121094,34.88999938964844,36.34000015258789,62563,0.0,0.0
2024-08-06 10:30:00-04:00,36.28499984741211,37.079898834228516,36.0099983215332,36.82500076293945,35689,0.0,0.0
2024-08-06 11:30:00-04:00,36.7599983215332,38.11000061035156,36.7400016784668,38.03010177612305,27831,0.0,0.0
2024-08-06 12:30:00-04:00,37.83000183105469,38.114601135253906,37.779998779296875,38.11000061035156,15408,0.0,0.0
2024-08-06 13:30:00-04:00,38.31999969482422,38.59339904785156,38.18000030517578,38.29499816894531,14647,0.0,0.0
2024-08-06 14:30:00-04:00,38.189998626708984,38.790000915527344,38.189998626708984,38.5,17506,0.0,0.0
2024-08-06 15:30:00-04:00,38.58000183105469,38.58000183105469,38.130001068115234,38.470001220703125,35481,0.0,0.0
2024-08-07 09:30:00-04:00,39.0,39.4900016784668,38.37070083618164,38.95000076293945,30560,0.0,0.0
2024-08-07 10:30:00-04:00,38.757999420166016,39.56999969482422,38.757999420166016,39.41999816894531,18251,0.0,0.0
2024-08-07 11:30:00-04:00,39.21500015258789,39.310001373291016,38.3400993347168,38.369998931884766,20993,0.0,0.0
2024-08-07 12:30:00-04:00,38.44599914550781,38.650001525878906,37.48030090332031,37.91999816894531,30221,0.0,0.0
2024-08-07 13:30:00-04:00,38.064998626708984,38.06999969482422,36.349998474121094,36.75,53378,0.0,0.0
2024-08-07 14:30:00-04:00,36.650001525878906,37.279998779296875,36.560001373291016,37.125,20532,0.0,0.0
2024-08-07 15:30:00-04:00,37.03499984741211,37.14509963989258,36.7599983215332,36.77000045776367,17406,0.0,0.0
2024-08-08 09:30:00-04:00,37.02000045776367,37.47999954223633,36.720001220703125,37.47999954223633,10595,0.0,0.0
2024-08-08 10:30:00-04:00,37.6171989440918,37.79999923706055,37.2400016784668,37.79999923706055,8717,0.0,0.0
2024-08-08 11:30:00-04:00,38.03990173339844,38.04990005493164,37.79869842529297,37.79869842529297,6834,0.0,0.0
2024-08-08 12:30:00-04:00,37.90999984741211,38.09000015258789,37.689998626708984,37.970001220703125,5612,0.0,0.0
2024-08-08 13:30:00-04:00,38.02000045776367,38.02000045776367,37.58000183105469,37.79999923706055,19263,0.0,0.0
2024-08-08 14:30:00-04:00,37.54999923706055,37.79999923706055,37.02000045776367,37.1349983215332,35342,0.0,0.0
2024-08-08 15:30:00-04:00,37.099998474121094,37.099998474121094,36.25,36.540000915527344,75682,0.0,0.0
2024-08-09 09:30:00-04:00,36.56999969482422,37.5099983215332,36.56999969482422,37.314998626708984,21891,0.0,0.0
2024-08-09 10:30:00-04:00,37.29499816894531,37.85499954223633,37.23870086669922,37.37860107421875,24808,0.0,0.0
2024-08-09 11:30:00-04:00,37.25,37.25,36.2599983215332,36.279998779296875,10047,0.0,0.0
2024-08-09 12:30:00-04:00,36.28010177612305,36.93000030517578,36.250099182128906,36.810298919677734,8573,0.0,0.0
2024-08-09 13:30:00-04:00,36.900001525878906,36.900001525878906,36.277801513671875,36.349998474121094,9450,0.0,0.0
2024-08-09 14:30:00-04:00,36.599998474121094,36.86000061035156,36.470001220703125,36.75,8857,0.0,0.0
2024-08-09 15:30:00-04:00,36.79999923706055,36.79999923706055,36.29999923706055,36.4900016784668,23069,0.0,0.0
2024-08-12 09:30:00-04:00,36.529998779296875,37.060001373291016,36.209999084472656,36.665000915527344,11324,0.0,0.0
2024-08-12 10:30:00-04:00,36.52000045776367,36.58000183105469,35.810001373291016,35.84000015258789,14700,0.0,0.0
2024-08-12 11:30:00-04:00,35.849998474121094,35.95000076293945,35.4900016784668,35.86000061035156,17977,0.0,0.0
2024-08-12 12:30:00-04:00,35.95000076293945,36.22999954223633,35.730098724365234,36.10499954223633,7582,0.0,0.0
2024-08-12 13:30:00-04:00,36.21329879760742,36.59000015258789,36.19900131225586,36.58000183105469,11597,0.0,0.0
2024-08-12 14:30:00-04:00,36.38999938964844,36.52000045776367,36.2400016784668,36.47999954223633,9710,0.0,0.0
2024-08-12 15:30:00-04:00,36.44499969482422,36.529998779296875,36.16999816894531,36.22999954223633,9541,0.0,0.0
2024-08-13 09:30:00-04:00,36.20000076293945,36.79999923706055,35.0,36.34000015258789,28570,0.0,0.0
2024-08-13 10:30:00-04:00,36.369998931884766,36.869998931884766,36.369998931884766,36.7400016784668,10195,0.0,0.0
2024-08-13 11:30:00-04:00,36.7400016784668,37.599998474121094,36.7400016784668,37.4900016784668,14510,0.0,0.0
2024-08-13 12:30:00-04:00,37.54499816894531,38.150001525878906,37.464500427246094,37.94499969482422,26190,0.0,0.0
2024-08-13 13:30:00-04:00,38.119998931884766,38.33000183105469,37.91999816894531,38.150001525878906,20846,0.0,0.0
2024-08-13 14:30:00-04:00,38.220001220703125,38.33000183105469,37.709999084472656,37.709999084472656,17388,0.0,0.0
2024-08-13 15:30:00-04:00,37.76499938964844,38.060001373291016,37.65010070800781,38.04999923706055,22485,0.0,0.0
2024-08-14 09:30:00-04:00,38.29999923706055,38.35499954223633,37.5,37.93000030517578,14949,0.0,0.0
2024-08-14 10:30:00-04:00,37.834999084472656,37.97999954223633,37.650001525878906,37.84000015258789,9900,0.0,0.0
2024-08-14 11:30:00-04:00,38.17570114135742,38.58000183105469,38.13999938964844,38.150001525878906,10935,0.0,0.0
2024-08-14 12:30:00-04:00,38.10499954223633,38.279998779296875,38.099998474121094,38.2400016784668,3891,0.0,0.0
2024-08-14 13:30:00-04:00,38.22999954223633,38.29999923706055,38.01350021362305,38.18000030517578,8375,0.0,0.0
2024-08-14 14:30:00-04:00,38.310001373291016,38.43000030517578,38.1244010925293,38.130001068115234,10295,0.0,0.0
2024-08-14 15:30:00-04:00,38.198699951171875,38.38999938964844,38.09000015258789,38.2599983215332,16089,0.0,0.0
2024-08-15 09:30:00-04:00,39.150001525878906,39.97990036010742,38.29629898071289,38.681800842285156,44717,0.0,0.0
2024-08-15 10:30:00-04:00,38.75,39.36989974975586,38.65010070800781,39.15700149536133,18186,0.0,0.0
2024-08-15 11:30:00-04:00,39.40760040283203,39.40760040283203,39.11600112915039,39.380001068115234,14585,0.0,0.0
2024-08-15 12:30:00-04:00,39.40999984741211,39.54999923706055,39.2400016784668,39.438499450683594,8187,0.0,0.0
2024-08-15 13:30:00-04:00,39.5,39.79999923706055,39.459999084472656,39.58000183105469,20723,0.0,0.0
2024-08-15 14:30:00-04:00,39.60499954223633,39.79990005493164,39.25,39.25,34988,0.0,0.0
2024-08-15 15:30:00-04:00,39.06999969482422,39.150001525878906,38.650001525878906,38.720001220703125,14743,0.0,0.0
2024-08-16 09:30:00-04:00,39.04999923706055,39.86989974975586,38.690101623535156,39.43080139160156,30733,0.0,0.0
2024-08-16 10:30:00-04:00,39.58000183105469,39.61000061035156,39.0,39.349998474121094,23748,0.0,0.0
2024-08-16 11:30:00-04:00,39.375,39.93000030517578,39.29999923706055,39.93000030517578,10892,0.0,0.0
2024-08-16 12:30:00-04:00,39.91999816894531,40.08000183105469,39.334999084472656,39.349998474121094,15055,0.0,0.0
2024-08-16 13:30:00-04:00,39.2400016784668,39.459999084472656,39.14500045776367,39.459999084472656,12335,0.0,0.0
2024-08-16 14:30:00-04:00,39.5099983215332,39.76499938964844,39.244998931884766,39.244998931884766,15621,0.0,0.0
2024-08-16 15:30:00-04:00,39.244998931884766,39.53499984741211,39.130001068115234,39.41999816894531,17561,0.0,0.0
2024-08-19 09:30:00-04:00,39.869998931884766,40.7599983215332,39.709999084472656,40.7599983215332,39338,0.0,0.0
2024-08-19 10:30:00-04:00,40.79999923706055,40.9900016784668,40.400001525878906,40.5,24376,0.0,0.0
2024-08-19 11:30:00-04:00,40.29999923706055,40.37300109863281,39.0,39.0,28157,0.0,0.0
2024-08-19 12:30:00-04:00,39.095001220703125,39.2599983215332,38.709999084472656,39.09000015258789,39143,0.0,0.0
2024-08-19 13:30:00-04:00,39.06019973754883,39.06019973754883,38.400001525878906,38.439998626708984,15563,0.0,0.0
2024-08-19 14:30:00-04:00,38.47999954223633,38.696800231933594,38.02000045776367,38.20370101928711,18494,0.0,0.0
2024-08-19 15:30:00-04:00,38.040000915527344,38.47999954223633,37.689998626708984,38.439998626708984,27734,0.0,0.0
2024-08-20 09:30:00-04:00,38.33000183105469,38.880001068115234,38.09700012207031,38.65999984741211,0,0.0,0.0
2024-08-20 10:30:00-04:00,38.869998931884766,39.099998474121094,38.59000015258789,38.9900016784668,14403,0.0,0.0
2024-08-20 11:30:00-04:00,38.90999984741211,39.119998931884766,38.70309829711914,38.939998626708984,18561,0.0,0.0
2024-08-20 12:30:00-04:00,38.9900016784668,39.06999969482422,38.83000183105469,39.04999923706055,5584,0.0,0.0
2024-08-20 13:30:00-04:00,39.059898376464844,39.38999938964844,38.93000030517578,39.17499923706055,13703,0.0,0.0
2024-08-20 14:30:00-04:00,39.164398193359375,39.709999084472656,39.164398193359375,39.709999084472656,19748,0.0,0.0
2024-08-20 15:30:00-04:00,39.78499984741211,39.849998474121094,39.529998779296875,39.630001068115234,29701,0.0,0.0
2024-08-21 09:30:00-04:00,40.099998474121094,40.349998474121094,39.099998474121094,39.15010070800781,24757,0.0,0.0
2024-08-21 10:30:00-04:00,39.28499984741211,40.5,39.22999954223633,40.16999816894531,45027,0.0,0.0
2024-08-21 11:30:00-04:00,40.08000183105469,40.349998474121094,39.56999969482422,39.849998474121094,10473,0.0,0.0
2024-08-21 12:30:00-04:00,40.03969955444336,40.11000061035156,39.8650016784668,39.869998931884766,8624,0.0,0.0
2024-08-21 13:30:00-04:00,39.83000183105469,40.16999816894531,39.83000183105469,40.149898529052734,13127,0.0,0.0
2024-08-21 14:30:00-04:00,39.9900016784668,40.04999923706055,39.7400016784668,40.017398834228516,13544,0.0,0.0
2024-08-21 15:30:00-04:00,40.0,40.279998779296875,39.90999984741211,40.224998474121094,14547,0.0,0.0
2024-08-22 09:30:00-04:00,40.0099983215332,40.43000030517578,39.580101013183594,39.592098236083984,11053,0.0,0.0
2024-08-22 10:30:00-04:00,39.7599983215332,40.459999084472656,39.560001373291016,40.38999938964844,27102,0.0,0.0
2024-08-22 11:30:00-04:00,40.2599983215332,40.691001892089844,40.04999923706055,40.691001892089844,13572,0.0,0.0
2024-08-22 12:30:00-04:00,40.630001068115234,40.720001220703125,40.165000915527344,40.21849822998047,6245,0.0,0.0
2024-08-22 13:30:00-04:00,40.189998626708984,40.34000015258789,40.10499954223633,40.20000076293945,10999,0.0,0.0
2024-08-22 14:30:00-04:00,40.404998779296875,40.5,40.189998626708984,40.189998626708984,3669,0.0,0.0
2024-08-22 15:30:00-04:00,40.189998626708984,40.21500015258789,39.97779846191406,39.97999954223633,10827,0.0,0.0
2024-08-23 09:30:00-04:00,40.34000015258789,41.70989990234375,39.9900016784668,41.47999954223633,47557,0.0,0.0
2024-08-23 10:30:00-04:00,41.68000030517578,41.70000076293945,41.04999923706055,41.37630081176758,15926,0.0,0.0
2024-08-23 11:30:00-04:00,41.31010055541992,41.810001373291016,41.31010055541992,41.79909896850586,9434,0.0,0.0
2024-08-23 12:30:00-04:00,41.790000915527344,41.899898529052734,41.52539825439453,41.79999923706055,10790,0.0,0.0
2024-08-23 13:30:00-04:00,41.869998931884766,42.099998474121094,41.810001373291016,41.92499923706055,21408,0.0,0.0
2024-08-23 14:30:00-04:00,41.880001068115234,41.880001068115234,41.380001068115234,41.81999969482422,13785,0.0,0.0
2024-08-23 15:30:00-04:00,41.849998474121094,42.20000076293945,41.790000915527344,42.20000076293945,13412,0.0,0.0
2024-08-26 09:30:00-04:00,42.5,42.84000015258789,41.277000427246094,42.529998779296875,44638,0.0,0.0
2024-08-26 10:30:00-04:00,42.64179992675781,42.7400016784668,41.40999984741211,41.584999084472656,13169,0.0,0.0
2024-08-26 11:30:00-04:00,41.625,42.080101013183594,41.38010025024414,42.06999969482422,8824,0.0,0.0
2024-08-26 12:30:00-04:00,42.099998474121094,42.71870040893555,41.95500183105469,42.310001373291016,9041,0.0,0.0
2024-08-26 13:30:00-04:00,42.435001373291016,42.560001373291016,42.099998474121094,42.31999969482422,6326,0.0,0.0
2024-08-26 14:30:00-04:00,42.47999954223633,42.4900016784668,42.13999938964844,42.41999816894531,8396,0.0,0.0
2024-08-26 15:30:00-04:00,42.25,42.45000076293945,42.119998931884766,42.290000915527344,25250,0.0,0.0
2024-08-27 09:30:00-04:00,42.22999954223633,42.22999954223633,41.2599983215332,41.584999084472656,16223,0.0,0.0
2024-08-27 10:30:00-04:00,41.70500183105469,42.01240158081055,41.61000061035156,41.718101501464844,10976,0.0,0.0
2024-08-27 11:30:00-04:00,41.93899917602539,42.669898986816406,41.93899917602539,42.400001525878906,9311,0.0,0.0
2024-08-27 12:30:00-04:00,42.22999954223633,42.31999969482422,41.959999084472656,42.25,9669,0.0,0.0
2024-08-27 13:30:00-04:00,42.406700134277344,42.406700134277344,41.920101165771484,42.16999816894531,3049,0.0,0.0
2024-08-27 14:30:00-04:00,42.18109893798828,42.48889923095703,42.18109893798828,42.369998931884766,6975,0.0,0.0
2024-08-27 15:30:00-04:00,42.38990020751953,42.40999984741211,42.209999084472656,42.2599983215332,11123,0.0,0.0
2024-08-28 09:30:00-04:00,42.380001068115234,42.380001068115234,40.310001373291016,40.31700134277344,28882,0.0,0.0
2024-08-28 10:30:00-04:00,40.43000030517578,40.809898376464844,39.61009979248047,40.04999923706055,28534,0.0,0.0
2024-08-28 11:30:00-04:00,40.2599983215332,40.72999954223633,40.04999923706055,40.28710174560547,14777,0.0,0.0
2024-08-28 12:30:00-04:00,40.26300048828125,40.44499969482422,40.26300048828125,40.36000061035156,6470,0.0,0.0
2024-08-28 13:30:00-04:00,40.37300109863281,40.37300109863281,40.04499816894531,40.15399932861328,8454,0.0,0.0
2024-08-28 14:30:00-04:00,40.040000915527344,40.349998474121094,40.040000915527344,40.28499984741211,6520,0.0,0.0
2024-08-28 15:30:00-04:00,40.35850143432617,40.529998779296875,40.31999969482422,40.31999969482422,17539,0.0,0.0
2024-08-29 09:30:00-04:00,40.81999969482422,41.279998779296875,40.400001525878906,41.2400016784668,7362,0.0,0.0
2024-08-29 10:30:00-04:00,41.279998779296875,41.57320022583008,41.1150016784668,41.57320022583008,11747,0.0,0.0
2024-08-29 11:30:00-04:00,41.7400016784668,42.0,41.59479904174805,41.87350082397461,9875,0.0,0.0
2024-08-29 12:30:00-04:00,41.939998626708984,42.220001220703125,41.850101470947266,42.209999084472656,6054,0.0,0.0
2024-08-29 13:30:00-04:00,42.25,42.25,41.849998474121094,41.90999984741211,11001,0.0,0.0
2024-08-29 14:30:00-04:00,41.79999923706055,42.08000183105469,41.58000183105469,42.00920104980469,9748,0.0,0.0
2024-08-29 15:30:00-04:00,41.93000030517578,42.16999816894531,41.88010025024414,42.06999969482422,23251,0.0,0.0
2024-08-30 09:30:00-04:00,42.15999984741211,42.290000915527344,41.777198791503906,41.974998474121094,15578,0.0,0.0
2024-08-30 10:30:00-04:00,41.880001068115234,42.055599212646484,41.41999816894531,41.431400299072266,10917,0.0,0.0
2024-08-30 11:30:00-04:00,41.415000915527344,41.5099983215332,41.31999969482422,41.36000061035156,8706,0.0,0.0
2024-08-30 12:30:00-04:00,41.27000045776367,41.599998474121094,41.209999084472656,41.599998474121094,4579,0.0,0.0
2024-08-30 13:30:00-04:00,41.45000076293945,41.86000061035156,41.41999816894531,41.859901428222656,10138,0.0,0.0
2024-08-30 14:30:00-04:00,41.650001525878906,41.904998779296875,41.650001525878906,41.83000183105469,5162,0.0,0.0
2024-08-30 15:30:00-04:00,41.77000045776367,42.06999969482422,41.61009979248047,42.06999969482422,13853,0.0,0.0
2024-09-03 09:30:00-04:00,41.91999816894531,41.91999816894531,38.810001373291016,38.970001220703125,65171,0.0,0.0
2024-09-03 10:30:00-04:00,38.93259811401367,39.040000915527344,37.86000061035156,39.040000915527344,43404,0.0,0.0
2024-09-03 11:30:00-04:00,38.85499954223633,38.85499954223633,37.869998931884766,37.869998931884766,18989,0.0,0.0
2024-09-03 12:30:00-04:00,37.95500183105469,38.52000045776367,37.869998931884766,38.52000045776367,20256,0.0,0.0
2024-09-03 13:30:00-04:00,38.310001373291016,38.61000061035156,38.029998779296875,38.3306999206543,9716,0.0,0.0
2024-09-03 14:30:00-04:00,38.33000183105469,38.400001525878906,37.994998931884766,38.15999984741211,25003,0.0,0.0
2024-09-03 15:30:00-04:00,38.09000015258789,38.220001220703125,37.87099838256836,38.099998474121094,27216,0.0,0.0
2024-09-04 09:30:00-04:00,37.810001373291016,38.08000183105469,36.349998474121094,38.06999969482422,31429,0.0,0.0
2024-09-04 10:30:00-04:00,38.08000183105469,38.32500076293945,37.630001068115234,37.70000076293945,16252,0.0,0.0
2024-09-04 11:30:00-04:00,37.71500015258789,38.15999984741211,37.4900016784668,38.15999984741211,9310,0.0,0.0
2024-09-04 12:30:00-04:00,38.08000183105469,38.209999084472656,37.90520095825195,38.029998779296875,2339,0.0,0.0
2024-09-04 13:30:00-04:00,37.91999816894531,38.08000183105469,37.41999816894531,37.459999084472656,5215,0.0,0.0
2024-09-04 14:30:00-04:00,37.66999816894531,37.779998779296875,37.599998474121094,37.77000045776367,7449,0.0,0.0
2024-09-04 15:30:00-04:00,37.86000061035156,37.90999984741211,37.540000915527344,37.54999923706055,17539,0.0,0.0
2024-09-05 09:30:00-04:00,37.5,38.06999969482422,37.25,37.98500061035156,18124,0.0,0.0
2024-09-05 10:30:00-04:00,37.915000915527344,37.915000915527344,37.165000915527344,37.165000915527344,14514,0.0,0.0
2024-09-05 11:30:00-04:00,37.17190170288086,37.17190170288086,36.75,36.95000076293945,7476,0.0,0.0
2024-09-05 12:30:00-04:00,36.880001068115234,37.04999923706055,36.849998474121094,36.849998474121094,9283,0.0,0.0
2024-09-05 13:30:00-04:00,36.765499114990234,36.845001220703125,36.5906982421875,36.650001525878906,6971,0.0,0.0
2024-09-05 14:30:00-04:00,36.650001525878906,36.83000183105469,36.564998626708984,36.810001373291016,14538,0.0,0.0
2024-09-05 15:30:00-04:00,36.82500076293945,36.82500076293945,36.41999816894531,36.4900016784668,20173,0.0,0.0
2024-09-06 09:30:00-04:00,36.400001525878906,36.53499984741211,35.38999938964844,35.459999084472656,21800,0.0,0.0
2024-09-06 10:30:00-04:00,35.47200012207031,35.77000045776367,35.22999954223633,35.27000045776367,24962,0.0,0.0
2024-09-06 11:30:00-04:00,35.349998474121094,35.459999084472656,34.779998779296875,35.06999969482422,30976,0.0,0.0
2024-09-06 12:30:00-04:00,35.060001373291016,35.84000015258789,34.9900016784668,35.84000015258789,11145,0.0,0.0
2024-09-06 13:30:00-04:00,35.66999816894531,35.814998626708984,35.189998626708984,35.279998779296875,11815,0.0,0.0
2024-09-06 14:30:00-04:00,35.279998779296875,35.38999938964844,35.18000030517578,35.31999969482422,12517,0.0,0.0
2024-09-06 15:30:00-04:00,35.34000015258789,35.369998931884766,34.9900016784668,35.040000915527344,22854,0.0,0.0
