Datetime,Open,High,Low,Close,Volume,Dividends,Stock Splits,Capital Gains
2022-09-08 09:30:00-04:00,46.869998931884766,47.09000015258789,46.83000183105469,47.09000015258789,0,0.0,0.0,0.0
2022-09-08 10:30:00-04:00,47.70000076293945,47.7400016784668,47.70000076293945,47.7400016784668,298,0.0,0.0,0.0
2022-09-08 11:30:00-04:00,47.2400016784668,47.27370071411133,47.2400016784668,47.27370071411133,200,0.0,0.0,0.0
2022-09-08 12:30:00-04:00,47.779300689697266,47.779300689697266,47.779300689697266,47.779300689697266,252,0.0,0.0,0.0
2022-09-08 13:30:00-04:00,47.709999084472656,47.709999084472656,47.709999084472656,47.709999084472656,100,0.0,0.0,0.0
2022-09-08 14:30:00-04:00,47.755001068115234,47.76060104370117,47.56999969482422,47.56999969482422,505,0.0,0.0,0.0
2022-09-08 15:30:00-04:00,47.66999816894531,47.82929992675781,47.66999816894531,47.82929992675781,200,0.0,0.0,0.0
2022-09-09 09:30:00-04:00,48.599998474121094,48.599998474121094,48.599998474121094,48.599998474121094,176,0.0,0.0,0.0
2022-09-09 14:30:00-04:00,49.34000015258789,49.34000015258789,49.34000015258789,49.34000015258789,195,0.0,0.0,0.0
2022-09-09 15:30:00-04:00,49.5099983215332,49.5099983215332,49.505699157714844,49.505699157714844,501,0.0,0.0,0.0
2022-09-12 09:30:00-04:00,49.66999816894531,50.0,49.66999816894531,50.0,154,0.0,0.0,0.0
2022-09-12 12:30:00-04:00,50.040000915527344,50.040000915527344,50.040000915527344,50.040000915527344,2618,0.0,0.0,0.0
2022-09-12 13:30:00-04:00,50.140098571777344,50.140098571777344,50.140098571777344,50.140098571777344,250,0.0,0.0,0.0
2022-09-12 15:30:00-04:00,50.310001373291016,50.40719985961914,50.310001373291016,50.40719985961914,542,0.0,0.0,0.0
2022-09-13 09:30:00-04:00,48.650001525878906,48.650001525878906,48.650001525878906,48.650001525878906,0,0.0,0.0,0.0
2022-09-13 11:30:00-04:00,48.37099838256836,48.37099838256836,48.36040115356445,48.36040115356445,426,0.0,0.0,0.0
2022-09-13 13:30:00-04:00,48.459999084472656,48.459999084472656,48.459999084472656,48.459999084472656,105,0.0,0.0,0.0
2022-09-13 14:30:00-04:00,48.257198333740234,48.257198333740234,48.18000030517578,48.18000030517578,1167,0.0,0.0,0.0
2022-09-13 15:30:00-04:00,48.11000061035156,48.11000061035156,48.10660171508789,48.10660171508789,294,0.0,0.0,0.0
2022-09-14 09:30:00-04:00,48.11000061035156,48.11000061035156,47.65999984741211,47.9182014465332,0,0.0,0.0,0.0
2022-09-14 13:30:00-04:00,48.060001373291016,48.060001373291016,47.93000030517578,47.97999954223633,751,0.0,0.0,0.0
2022-09-14 15:30:00-04:00,47.900001525878906,48.069000244140625,47.900001525878906,48.069000244140625,700,0.0,0.0,0.0
2022-09-16 09:30:00-04:00,46.369998931884766,46.369998931884766,46.369998931884766,46.369998931884766,0,0.0,0.0,0.0
2022-09-16 11:30:00-04:00,45.784000396728516,45.784000396728516,45.784000396728516,45.784000396728516,319,0.0,0.0,0.0
2022-09-16 13:30:00-04:00,45.65999984741211,45.65999984741211,45.65999984741211,45.65999984741211,103,0.0,0.0,0.0
2022-09-16 15:30:00-04:00,45.9109992980957,46.06489944458008,45.90999984741211,46.06489944458008,1970,0.0,0.0,0.0
2022-09-19 09:30:00-04:00,45.91999816894531,45.91999816894531,45.91999816894531,45.91999816894531,215,0.0,0.0,0.0
2022-09-19 10:30:00-04:00,45.7599983215332,45.7599983215332,45.7599983215332,45.7599983215332,333,0.0,0.0,0.0
2022-09-19 12:30:00-04:00,45.82040023803711,45.82040023803711,45.79999923706055,45.79999923706055,678,0.0,0.0,0.0
2022-09-19 14:30:00-04:00,45.95859909057617,46.32229995727539,45.95859909057617,46.32229995727539,150,0.0,0.0,0.0
2022-09-20 12:30:00-04:00,45.5099983215332,45.5099983215332,45.5099983215332,45.5099983215332,0,0.0,0.0,0.0
2022-09-20 13:30:00-04:00,45.401798248291016,45.41999816894531,45.401798248291016,45.41999816894531,365,0.0,0.0,0.0
2022-09-20 15:30:00-04:00,45.470001220703125,45.470001220703125,45.43069839477539,45.43069839477539,107,0.0,0.0,0.0
2022-09-21 10:30:00-04:00,45.5369987487793,45.5369987487793,45.5369987487793,45.5369987487793,0,0.0,0.0,0.0
2022-09-21 12:30:00-04:00,45.54999923706055,45.54999923706055,45.47999954223633,45.512001037597656,1615,0.0,0.0,0.0
2022-09-21 13:30:00-04:00,45.66999816894531,45.709999084472656,44.9900016784668,44.9900016784668,1805,0.0,0.0,0.0
2022-09-21 14:30:00-04:00,45.11000061035156,45.970001220703125,45.11000061035156,45.439998626708984,1607,0.0,0.0,0.0
2022-09-21 15:30:00-04:00,44.65999984741211,44.70320129394531,44.65999984741211,44.70320129394531,200,0.0,0.0,0.0
2022-09-22 09:30:00-04:00,44.38999938964844,44.38999938964844,44.38999938964844,44.38999938964844,0,0.0,0.0,0.0
2022-09-22 10:30:00-04:00,43.689998626708984,43.689998626708984,43.619998931884766,43.619998931884766,731,0.0,0.0,0.0
2022-09-22 12:30:00-04:00,43.662498474121094,43.74190139770508,43.662498474121094,43.74190139770508,399,0.0,0.0,0.0
2022-09-23 09:30:00-04:00,43.08000183105469,43.08000183105469,43.08000183105469,43.08000183105469,0,0.0,0.0,0.0
2022-09-23 10:30:00-04:00,42.959999084472656,42.959999084472656,42.959999084472656,42.959999084472656,272,0.0,0.0,0.0
2022-09-23 11:30:00-04:00,42.58000183105469,42.58000183105469,42.58000183105469,42.58000183105469,100,0.0,0.0,0.0
2022-09-23 12:30:00-04:00,42.560001373291016,42.560001373291016,42.560001373291016,42.560001373291016,426,0.0,0.0,0.0
2022-09-23 13:30:00-04:00,42.70000076293945,42.70000076293945,42.70000076293945,42.70000076293945,196,0.0,0.0,0.0
2022-09-23 14:30:00-04:00,42.506099700927734,42.506099700927734,42.506099700927734,42.506099700927734,493,0.0,0.0,0.0
2022-09-23 15:30:00-04:00,42.7599983215332,42.880001068115234,42.7599983215332,42.880001068115234,583,0.0,0.0,0.0
2022-09-26 09:30:00-04:00,42.779998779296875,42.779998779296875,42.779998779296875,42.779998779296875,0,0.0,0.0,0.0
2022-09-26 14:30:00-04:00,42.790000915527344,42.790000915527344,42.70000076293945,42.737998962402344,1409,0.0,0.0,0.0
2022-09-26 15:30:00-04:00,42.70000076293945,42.70000076293945,42.516700744628906,42.516700744628906,0,0.0,0.0,0.0
2022-09-27 09:30:00-04:00,43.21070098876953,43.54999923706055,43.11000061035156,43.11000061035156,800,0.0,0.0,0.0
2022-09-27 10:30:00-04:00,43.099998474121094,43.209999084472656,43.099998474121094,43.209999084472656,402,0.0,0.0,0.0
2022-09-27 12:30:00-04:00,42.380001068115234,42.380001068115234,42.36000061035156,42.37099838256836,846,0.0,0.0,0.0
2022-09-27 15:30:00-04:00,42.619998931884766,42.63520050048828,42.619998931884766,42.619998931884766,214,0.0,0.0,0.0
2022-09-28 09:30:00-04:00,42.630001068115234,42.88999938964844,42.630001068115234,42.88999938964844,0,0.0,0.0,0.0
2022-09-28 10:30:00-04:00,43.18000030517578,43.3849983215332,43.18000030517578,43.3849983215332,387,0.0,0.0,0.0
2022-09-28 11:30:00-04:00,43.6974983215332,43.6974983215332,43.6974983215332,43.6974983215332,555,0.0,0.0,0.0
2022-09-28 12:30:00-04:00,43.55099868774414,43.55099868774414,43.55099868774414,43.55099868774414,306,0.0,0.0,0.0
2022-09-28 13:30:00-04:00,43.40999984741211,43.41830062866211,43.40999984741211,43.41830062866211,1558,0.0,0.0,0.0
2022-09-28 14:30:00-04:00,43.72999954223633,43.775001525878906,43.72999954223633,43.775001525878906,325,0.0,0.0,0.0
2022-09-28 15:30:00-04:00,43.869998931884766,43.869998931884766,43.788299560546875,43.788299560546875,205,0.0,0.0,0.0
2022-09-29 09:30:00-04:00,42.97999954223633,42.97999954223633,42.97999954223633,42.97999954223633,0,0.0,0.0,0.0
2022-09-29 10:30:00-04:00,42.45000076293945,42.689998626708984,42.45000076293945,42.63999938964844,5893,0.0,0.0,0.0
2022-09-29 11:30:00-04:00,42.72999954223633,42.81999969482422,42.72999954223633,42.81999969482422,2032,0.0,0.0,0.0
2022-09-29 14:30:00-04:00,42.599998474121094,42.599998474121094,42.599998474121094,42.599998474121094,971,0.0,0.0,0.0
2022-09-29 15:30:00-04:00,42.880001068115234,42.91999816894531,42.849998474121094,42.91999816894531,700,0.0,0.0,0.0
2022-09-30 09:30:00-04:00,43.099998474121094,43.099998474121094,43.099998474121094,43.099998474121094,0,0.0,0.0,0.0
2022-09-30 10:30:00-04:00,43.70000076293945,43.709999084472656,43.70000076293945,43.709999084472656,301,0.0,0.0,0.0
2022-09-30 15:30:00-04:00,42.470001220703125,42.470001220703125,42.41059875488281,42.41059875488281,115,0.0,0.0,0.0
2022-10-03 09:30:00-04:00,42.59320068359375,42.59320068359375,42.59320068359375,42.59320068359375,0,0.0,0.0,0.0
2022-10-03 10:30:00-04:00,42.86320114135742,42.95000076293945,42.86320114135742,42.95000076293945,282,0.0,0.0,0.0
2022-10-03 11:30:00-04:00,42.970001220703125,42.970001220703125,42.970001220703125,42.970001220703125,1238,0.0,0.0,0.0
2022-10-03 12:30:00-04:00,43.099998474121094,43.099998474121094,43.099998474121094,43.099998474121094,103,0.0,0.0,0.0
2022-10-03 13:30:00-04:00,43.22999954223633,43.22999954223633,43.22999954223633,43.22999954223633,415,0.0,0.0,0.0
2022-10-03 15:30:00-04:00,43.5,43.5,43.352699279785156,43.5,100,0.0,0.0,0.0
2022-10-04 09:30:00-04:00,44.93000030517578,44.93000030517578,44.93000030517578,44.93000030517578,0,0.0,0.0,0.0
2022-10-04 10:30:00-04:00,44.85350036621094,45.27009963989258,44.85350036621094,45.27009963989258,775,0.0,0.0,0.0
2022-10-04 13:30:00-04:00,45.189998626708984,45.189998626708984,45.189998626708984,45.189998626708984,133,0.0,0.0,0.0
2022-10-04 14:30:00-04:00,45.11539840698242,45.30670166015625,45.11539840698242,45.30670166015625,0,0.0,0.0,0.0
2022-10-05 11:30:00-04:00,44.849998474121094,44.849998474121094,44.849998474121094,44.849998474121094,100,0.0,0.0,0.0
2022-10-05 12:30:00-04:00,45.13999938964844,45.27000045776367,45.13999938964844,45.27000045776367,421,0.0,0.0,0.0
2022-10-05 14:30:00-04:00,45.310001373291016,45.47999954223633,45.30440139770508,45.47999954223633,517,0.0,0.0,0.0
2022-10-05 15:30:00-04:00,45.544498443603516,45.544498443603516,45.342098236083984,45.342098236083984,1100,0.0,0.0,0.0
2022-10-06 09:30:00-04:00,45.279998779296875,45.598899841308594,45.279998779296875,45.551998138427734,0,0.0,0.0,0.0
2022-10-06 10:30:00-04:00,45.459999084472656,45.459999084472656,45.36000061035156,45.36000061035156,367,0.0,0.0,0.0
2022-10-06 11:30:00-04:00,45.45000076293945,45.45000076293945,45.45000076293945,45.45000076293945,107,0.0,0.0,0.0
2022-10-06 12:30:00-04:00,45.29999923706055,45.29999923706055,45.279998779296875,45.279998779296875,621,0.0,0.0,0.0
2022-10-06 14:30:00-04:00,45.19609832763672,45.19609832763672,45.19609832763672,45.19609832763672,510,0.0,0.0,0.0
2022-10-06 15:30:00-04:00,45.06999969482422,45.06999969482422,45.01639938354492,45.01639938354492,0,0.0,0.0,0.0
2022-10-07 09:30:00-04:00,44.11000061035156,44.11000061035156,44.11000061035156,44.11000061035156,517,0.0,0.0,0.0
2022-10-07 10:30:00-04:00,43.554901123046875,43.554901123046875,43.554901123046875,43.554901123046875,503,0.0,0.0,0.0
2022-10-07 13:30:00-04:00,43.130001068115234,43.130001068115234,43.130001068115234,43.130001068115234,180,0.0,0.0,0.0
2022-10-07 14:30:00-04:00,43.150001525878906,43.150001525878906,42.99980163574219,42.99980163574219,542,0.0,0.0,0.0
2022-10-10 09:30:00-04:00,43.150001525878906,43.150001525878906,42.29999923706055,42.29999923706055,0,0.0,0.0,0.0
2022-10-10 10:30:00-04:00,41.75,41.75,41.75,41.75,130,0.0,0.0,0.0
2022-10-10 14:30:00-04:00,41.439998626708984,41.439998626708984,41.439998626708984,41.439998626708984,2252,0.0,0.0,0.0
2022-10-10 15:30:00-04:00,41.445701599121094,41.445701599121094,41.433101654052734,41.433101654052734,100,0.0,0.0,0.0
2022-10-11 09:30:00-04:00,40.9900016784668,40.9900016784668,40.540000915527344,40.56999969482422,0,0.0,0.0,0.0
2022-10-11 11:30:00-04:00,41.11830139160156,41.11830139160156,41.11830139160156,41.11830139160156,283,0.0,0.0,0.0
2022-10-11 14:30:00-04:00,40.47669982910156,40.47669982910156,40.47669982910156,40.47669982910156,152,0.0,0.0,0.0
2022-10-11 15:30:00-04:00,40.209999084472656,40.209999084472656,40.209999084472656,40.209999084472656,136,0.0,0.0,0.0
2022-10-12 09:30:00-04:00,40.65999984741211,40.65999984741211,40.41999816894531,40.41999816894531,0,0.0,0.0,0.0
2022-10-12 10:30:00-04:00,40.32099914550781,40.32099914550781,40.32099914550781,40.32099914550781,380,0.0,0.0,0.0
2022-10-12 11:30:00-04:00,40.470001220703125,40.470001220703125,40.439998626708984,40.439998626708984,300,0.0,0.0,0.0
2022-10-12 12:30:00-04:00,40.41999816894531,40.41999816894531,40.41999816894531,40.41999816894531,251,0.0,0.0,0.0
2022-10-12 13:30:00-04:00,40.41999816894531,40.41999816894531,40.41999816894531,40.41999816894531,235,0.0,0.0,0.0
2022-10-12 14:30:00-04:00,40.400001525878906,40.400001525878906,40.400001525878906,40.400001525878906,125,0.0,0.0,0.0
2022-10-12 15:30:00-04:00,40.64500045776367,40.64500045776367,40.502601623535156,40.502601623535156,300,0.0,0.0,0.0
2022-10-13 09:30:00-04:00,39.099998474121094,39.099998474121094,39.099998474121094,39.099998474121094,0,0.0,0.0,0.0
2022-10-13 10:30:00-04:00,39.54999923706055,40.27000045776367,39.54999923706055,40.27000045776367,957,0.0,0.0,0.0
2022-10-13 14:30:00-04:00,40.875,40.90660095214844,40.875,40.90660095214844,0,0.0,0.0,0.0
2022-10-14 09:30:00-04:00,40.630001068115234,40.630001068115234,40.630001068115234,40.630001068115234,808,0.0,0.0,0.0
2022-10-14 11:30:00-04:00,40.31999969482422,40.31999969482422,40.310001373291016,40.310001373291016,4430,0.0,0.0,0.0
2022-10-14 13:30:00-04:00,40.279998779296875,40.279998779296875,40.279998779296875,40.279998779296875,235,0.0,0.0,0.0
2022-10-14 15:30:00-04:00,39.86000061035156,39.86000061035156,39.86000061035156,39.86000061035156,313,0.0,0.0,0.0
2022-10-17 09:30:00-04:00,40.86000061035156,41.56999969482422,40.86000061035156,41.56999969482422,0,0.0,0.0,0.0
2022-10-17 10:30:00-04:00,41.599998474121094,41.599998474121094,41.599998474121094,41.599998474121094,315,0.0,0.0,0.0
2022-10-17 11:30:00-04:00,41.83000183105469,41.83000183105469,41.83000183105469,41.83000183105469,1000,0.0,0.0,0.0
2022-10-17 12:30:00-04:00,41.75,41.75,41.75,41.75,103,0.0,0.0,0.0
2022-10-17 13:30:00-04:00,41.75,41.898399353027344,41.6708984375,41.6708984375,978,0.0,0.0,0.0
2022-10-18 09:30:00-04:00,42.79999923706055,43.04999923706055,42.79999923706055,43.0099983215332,0,0.0,0.0,0.0
2022-10-18 11:30:00-04:00,42.271400451660156,42.271400451660156,42.271400451660156,42.271400451660156,100,0.0,0.0,0.0
2022-10-18 12:30:00-04:00,42.20000076293945,42.20000076293945,42.20000076293945,42.20000076293945,169,0.0,0.0,0.0
2022-10-18 14:30:00-04:00,42.07899856567383,42.07899856567383,42.0,42.042701721191406,626,0.0,0.0,0.0
2022-10-18 15:30:00-04:00,42.281700134277344,42.281700134277344,42.25,42.25,648,0.0,0.0,0.0
2022-10-19 09:30:00-04:00,41.869998931884766,42.040000915527344,41.869998931884766,42.040000915527344,0,0.0,0.0,0.0
2022-10-19 10:30:00-04:00,41.959999084472656,41.959999084472656,41.959999084472656,41.959999084472656,105,0.0,0.0,0.0
2022-10-19 11:30:00-04:00,41.88959884643555,41.88959884643555,41.88959884643555,41.88959884643555,191,0.0,0.0,0.0
2022-10-19 12:30:00-04:00,41.369998931884766,41.369998931884766,41.369998931884766,41.369998931884766,131,0.0,0.0,0.0
2022-10-19 13:30:00-04:00,41.4900016784668,41.4900016784668,41.4900016784668,41.4900016784668,270,0.0,0.0,0.0
2022-10-19 14:30:00-04:00,41.32170104980469,41.32170104980469,41.32170104980469,41.32170104980469,133,0.0,0.0,0.0
2022-10-19 15:30:00-04:00,41.279998779296875,41.279998779296875,41.26499938964844,41.26499938964844,315,0.0,0.0,0.0
2022-10-21 09:30:00-04:00,41.630001068115234,41.630001068115234,41.584999084472656,41.584999084472656,659,0.0,0.0,0.0
2022-10-21 11:30:00-04:00,41.97999954223633,42.13119888305664,41.97999954223633,42.13119888305664,387,0.0,0.0,0.0
2022-10-21 12:30:00-04:00,42.290000915527344,42.290000915527344,42.290000915527344,42.290000915527344,536,0.0,0.0,0.0
2022-10-21 15:30:00-04:00,42.520599365234375,42.55540084838867,42.520599365234375,42.55540084838867,200,0.0,0.0,0.0
2022-10-24 09:30:00-04:00,41.85649871826172,41.9900016784668,41.45000076293945,41.45000076293945,0,0.0,0.0,0.0
2022-10-24 10:30:00-04:00,41.75,41.75,41.75,41.75,500,0.0,0.0,0.0
2022-10-24 12:30:00-04:00,42.23160171508789,42.23160171508789,42.23160171508789,42.23160171508789,331,0.0,0.0,0.0
2022-10-24 13:30:00-04:00,42.143798828125,42.143798828125,42.143798828125,42.143798828125,204,0.0,0.0,0.0
2022-10-24 14:30:00-04:00,42.439998626708984,42.439998626708984,42.439998626708984,42.439998626708984,155,0.0,0.0,0.0
2022-10-24 15:30:00-04:00,42.474998474121094,42.486900329589844,42.474998474121094,42.48529815673828,546,0.0,0.0,0.0
2022-10-25 09:30:00-04:00,43.279998779296875,43.760101318359375,43.279998779296875,43.65999984741211,0,0.0,0.0,0.0
2022-10-25 10:30:00-04:00,43.68000030517578,43.68000030517578,43.68000030517578,43.68000030517578,241,0.0,0.0,0.0
2022-10-25 12:30:00-04:00,43.61600112915039,43.92570114135742,43.61600112915039,43.92570114135742,0,0.0,0.0,0.0
2022-10-26 10:30:00-04:00,44.099998474121094,44.099998474121094,44.099998474121094,44.099998474121094,580,0.0,0.0,0.0
2022-10-26 12:30:00-04:00,43.619998931884766,43.619998931884766,43.619998931884766,43.619998931884766,101,0.0,0.0,0.0
2022-10-26 13:30:00-04:00,43.28329849243164,43.58599853515625,43.28329849243164,43.58599853515625,400,0.0,0.0,0.0
2022-10-26 14:30:00-04:00,43.505001068115234,43.505001068115234,43.505001068115234,43.505001068115234,185,0.0,0.0,0.0
2022-10-26 15:30:00-04:00,43.326698303222656,43.35929870605469,43.326698303222656,43.32820129394531,285,0.0,0.0,0.0
2022-10-28 09:30:00-04:00,43.0099983215332,43.15999984741211,42.93000030517578,42.93000030517578,293,0.0,0.0,0.0
2022-10-28 12:30:00-04:00,43.56999969482422,43.56999969482422,43.56999969482422,43.56999969482422,312,0.0,0.0,0.0
2022-10-28 13:30:00-04:00,43.632198333740234,43.632198333740234,43.632198333740234,43.632198333740234,827,0.0,0.0,0.0
2022-10-28 15:30:00-04:00,43.8849983215332,43.8849983215332,43.8473014831543,43.8473014831543,1061,0.0,0.0,0.0
2022-10-31 09:30:00-04:00,43.619998931884766,43.849998474121094,43.619998931884766,43.849998474121094,617,0.0,0.0,0.0
2022-10-31 11:30:00-04:00,43.957298278808594,43.957298278808594,43.957298278808594,43.957298278808594,4524,0.0,0.0,0.0
2022-10-31 12:30:00-04:00,43.779998779296875,43.779998779296875,43.779998779296875,43.779998779296875,201,0.0,0.0,0.0
2022-10-31 14:30:00-04:00,43.97959899902344,43.97959899902344,43.97959899902344,43.97959899902344,128,0.0,0.0,0.0
2022-10-31 15:30:00-04:00,43.96500015258789,43.96500015258789,43.84040069580078,43.84040069580078,148,0.0,0.0,0.0
2022-11-01 09:30:00-04:00,44.4900016784668,44.4900016784668,43.970001220703125,44.060001373291016,0,0.0,0.0,0.0
2022-11-01 10:30:00-04:00,44.04999923706055,44.04999923706055,43.87969970703125,43.899600982666016,1926,0.0,0.0,0.0
2022-11-01 12:30:00-04:00,43.40919876098633,43.40919876098633,43.40919876098633,43.40919876098633,414,0.0,0.0,0.0
2022-11-01 14:30:00-04:00,43.630001068115234,43.630001068115234,43.630001068115234,43.630001068115234,435,0.0,0.0,0.0
2022-11-01 15:30:00-04:00,43.58000183105469,43.58000183105469,43.481998443603516,43.48550033569336,329,0.0,0.0,0.0
2022-11-02 09:30:00-04:00,43.380001068115234,43.380001068115234,43.380001068115234,43.380001068115234,0,0.0,0.0,0.0
2022-11-02 10:30:00-04:00,42.689998626708984,42.689998626708984,42.377498626708984,42.377498626708984,1113,0.0,0.0,0.0
2022-11-02 11:30:00-04:00,42.38999938964844,42.38999938964844,42.31100082397461,42.3218994140625,487,0.0,0.0,0.0
2022-11-02 13:30:00-04:00,42.61000061035156,43.189998626708984,42.61000061035156,43.189998626708984,912,0.0,0.0,0.0
2022-11-02 14:30:00-04:00,43.279998779296875,43.279998779296875,41.48780059814453,41.48780059814453,0,0.0,0.0,0.0
2022-11-04 09:30:00-04:00,40.709999084472656,40.709999084472656,39.439998626708984,39.58489990234375,2675,0.0,0.0,0.0
2022-11-04 10:30:00-04:00,39.584999084472656,39.584999084472656,39.189998626708984,39.189998626708984,537,0.0,0.0,0.0
2022-11-04 11:30:00-04:00,39.165000915527344,39.165000915527344,39.0,39.0,968,0.0,0.0,0.0
2022-11-04 13:30:00-04:00,38.560001373291016,38.560001373291016,38.560001373291016,38.560001373291016,102,0.0,0.0,0.0
2022-11-04 14:30:00-04:00,39.15999984741211,39.16999816894531,39.09000015258789,39.09000015258789,1621,0.0,0.0,0.0
2022-11-04 15:30:00-04:00,39.09000015258789,39.22209930419922,39.09000015258789,39.22209930419922,389,0.0,0.0,0.0
2022-11-07 09:30:00-05:00,39.560001373291016,39.560001373291016,38.97999954223633,38.999000549316406,0,0.0,0.0,0.0
2022-11-07 10:30:00-05:00,39.14390182495117,39.14390182495117,39.14390182495117,39.14390182495117,217,0.0,0.0,0.0
2022-11-07 11:30:00-05:00,39.29999923706055,39.29999923706055,39.27119827270508,39.27119827270508,2437,0.0,0.0,0.0
2022-11-07 12:30:00-05:00,39.224998474121094,39.224998474121094,39.224998474121094,39.224998474121094,288,0.0,0.0,0.0
2022-11-07 13:30:00-05:00,39.4900016784668,39.52000045776367,39.4900016784668,39.52000045776367,1209,0.0,0.0,0.0
2022-11-07 14:30:00-05:00,39.65999984741211,39.66999816894531,39.64659881591797,39.64659881591797,1038,0.0,0.0,0.0
2022-11-07 15:30:00-05:00,39.7598991394043,39.7598991394043,39.63309860229492,39.63309860229492,750,0.0,0.0,0.0
2022-11-08 09:30:00-05:00,39.90999984741211,39.925899505615234,39.46379852294922,39.925899505615234,0,0.0,0.0,0.0
2022-11-08 10:30:00-05:00,40.0099983215332,40.404998779296875,40.0099983215332,40.404998779296875,294,0.0,0.0,0.0
2022-11-08 11:30:00-05:00,40.51919937133789,40.51919937133789,40.51919937133789,40.51919937133789,217,0.0,0.0,0.0
2022-11-08 12:30:00-05:00,40.43000030517578,40.43000030517578,40.040000915527344,40.040000915527344,746,0.0,0.0,0.0
2022-11-08 13:30:00-05:00,40.04999923706055,40.04999923706055,40.04999923706055,40.04999923706055,171,0.0,0.0,0.0
2022-11-08 14:30:00-05:00,39.77000045776367,39.900001525878906,39.77000045776367,39.900001525878906,600,0.0,0.0,0.0
2022-11-08 15:30:00-05:00,39.97999954223633,39.97999954223633,39.95249938964844,39.95249938964844,301,0.0,0.0,0.0
2022-11-09 09:30:00-05:00,39.154998779296875,39.154998779296875,38.93000030517578,38.93000030517578,0,0.0,0.0,0.0
2022-11-09 10:30:00-05:00,38.869998931884766,38.869998931884766,38.869998931884766,38.869998931884766,284,0.0,0.0,0.0
2022-11-09 12:30:00-05:00,38.790000915527344,38.79999923706055,38.790000915527344,38.79999923706055,629,0.0,0.0,0.0
2022-11-09 14:30:00-05:00,38.83000183105469,38.83000183105469,38.82310104370117,38.82310104370117,216,0.0,0.0,0.0
2022-11-09 15:30:00-05:00,38.630001068115234,38.694000244140625,38.630001068115234,38.694000244140625,100,0.0,0.0,0.0
2022-11-11 09:30:00-05:00,42.45000076293945,42.900001525878906,42.45000076293945,42.900001525878906,0,0.0,0.0,0.0
2022-11-11 10:30:00-05:00,43.470001220703125,43.52000045776367,43.43000030517578,43.43000030517578,496,0.0,0.0,0.0
2022-11-11 11:30:00-05:00,43.880001068115234,43.880001068115234,43.7869987487793,43.7869987487793,223,0.0,0.0,0.0
2022-11-11 12:30:00-05:00,44.0,44.0,44.0,44.0,289,0.0,0.0,0.0
2022-11-11 14:30:00-05:00,44.5,44.5,44.130001068115234,44.130001068115234,469,0.0,0.0,0.0
2022-11-11 15:30:00-05:00,44.2400016784668,44.29999923706055,44.2400016784668,44.25490188598633,538,0.0,0.0,0.0
2022-11-14 09:30:00-05:00,43.9900016784668,43.9900016784668,43.68000030517578,43.68000030517578,0,0.0,0.0,0.0
2022-11-14 11:30:00-05:00,43.75,43.97999954223633,43.72999954223633,43.93000030517578,6405,0.0,0.0,0.0
2022-11-14 12:30:00-05:00,44.099998474121094,44.11819839477539,44.099998474121094,44.099998474121094,818,0.0,0.0,0.0
2022-11-14 14:30:00-05:00,44.209999084472656,44.209999084472656,44.06999969482422,44.06999969482422,858,0.0,0.0,0.0
2022-11-14 15:30:00-05:00,43.97999954223633,43.97999954223633,43.720401763916016,43.720401763916016,2301,0.0,0.0,0.0
2022-11-15 09:30:00-05:00,44.88999938964844,45.279998779296875,44.88999938964844,45.125,0,0.0,0.0,0.0
2022-11-15 13:30:00-05:00,44.65999984741211,44.65999984741211,44.65999984741211,44.65999984741211,136,0.0,0.0,0.0
2022-11-15 14:30:00-05:00,44.7599983215332,45.0,44.7599983215332,45.0,707,0.0,0.0,0.0
2022-11-15 15:30:00-05:00,44.880001068115234,44.880001068115234,44.709999084472656,44.72100067138672,2756,0.0,0.0,0.0
2022-11-16 12:30:00-05:00,43.650001525878906,43.65999984741211,43.599998474121094,43.65999984741211,203,0.0,0.0,0.0
2022-11-16 13:30:00-05:00,43.474998474121094,43.474998474121094,43.310001373291016,43.310001373291016,403,0.0,0.0,0.0
2022-11-16 15:30:00-05:00,43.21070098876953,43.21110153198242,43.21070098876953,43.21110153198242,121,0.0,0.0,0.0
2022-11-18 09:30:00-05:00,43.33000183105469,43.33000183105469,42.46179962158203,42.52989959716797,3217,0.0,0.0,0.0
2022-11-18 10:30:00-05:00,42.630001068115234,42.63999938964844,42.61090087890625,42.61090087890625,3022,0.0,0.0,0.0
2022-11-18 11:30:00-05:00,42.2942008972168,42.41999816894531,42.2599983215332,42.28499984741211,1089,0.0,0.0,0.0
2022-11-18 12:30:00-05:00,42.270999908447266,42.291900634765625,42.270999908447266,42.291900634765625,407,0.0,0.0,0.0
2022-11-18 14:30:00-05:00,42.11009979248047,42.27939987182617,42.11009979248047,42.27939987182617,337,0.0,0.0,0.0
2022-11-21 11:30:00-05:00,41.630001068115234,41.722900390625,41.630001068115234,41.7046012878418,383,0.0,0.0,0.0
2022-11-21 13:30:00-05:00,41.77000045776367,41.77000045776367,41.75,41.75,216,0.0,0.0,0.0
2022-11-21 14:30:00-05:00,41.70000076293945,41.70000076293945,41.70000076293945,41.70000076293945,200,0.0,0.0,0.0
2022-11-21 15:30:00-05:00,41.6702995300293,41.689998626708984,41.6702995300293,41.689998626708984,426,0.0,0.0,0.0
2022-11-22 09:30:00-05:00,41.56999969482422,41.56999969482422,40.99259948730469,40.99259948730469,0,0.0,0.0,0.0
2022-11-22 10:30:00-05:00,41.41999816894531,41.5078010559082,41.29999923706055,41.5078010559082,16350,0.0,0.0,0.0
2022-11-22 11:30:00-05:00,41.349998474121094,41.48379898071289,41.349998474121094,41.459999084472656,5474,0.0,0.0,0.0
2022-11-22 12:30:00-05:00,41.44919967651367,41.54999923706055,41.44919967651367,41.54999923706055,2700,0.0,0.0,0.0
2022-11-22 13:30:00-05:00,41.520999908447266,41.540000915527344,41.52000045776367,41.540000915527344,2331,0.0,0.0,0.0
2022-11-22 14:30:00-05:00,41.48809814453125,41.540000915527344,41.48809814453125,41.540000915527344,3831,0.0,0.0,0.0
2022-11-22 15:30:00-05:00,41.720001220703125,41.78120040893555,41.717498779296875,41.78120040893555,0,0.0,0.0,0.0
2022-11-23 09:30:00-05:00,41.72999954223633,41.784698486328125,41.72999954223633,41.77949905395508,683,0.0,0.0,0.0
2022-11-23 11:30:00-05:00,42.14899826049805,42.14899826049805,42.14899826049805,42.14899826049805,232,0.0,0.0,0.0
2022-11-23 13:30:00-05:00,42.61899948120117,42.61899948120117,42.61899948120117,42.61899948120117,403,0.0,0.0,0.0
2022-11-23 14:30:00-05:00,42.54999923706055,42.54999923706055,42.522499084472656,42.522499084472656,421,0.0,0.0,0.0
2022-11-25 09:30:00-05:00,42.31999969482422,42.324501037597656,42.31999969482422,42.324501037597656,0,0.0,0.0,0.0
2022-11-25 11:30:00-05:00,42.29999923706055,42.29999923706055,42.29819869995117,42.29819869995117,140,0.0,0.0,0.0
2022-11-28 09:30:00-05:00,41.90999984741211,42.369998931884766,41.90999984741211,42.369998931884766,0,0.0,0.0,0.0
2022-11-28 11:30:00-05:00,41.9900016784668,41.9900016784668,41.9900016784668,41.9900016784668,170,0.0,0.0,0.0
2022-11-28 12:30:00-05:00,42.005001068115234,42.005001068115234,42.005001068115234,42.005001068115234,238,0.0,0.0,0.0
2022-11-28 14:30:00-05:00,41.474998474121094,41.474998474121094,41.45000076293945,41.45000076293945,204,0.0,0.0,0.0
2022-11-28 15:30:00-05:00,41.51499938964844,41.5447998046875,41.51499938964844,41.5447998046875,172,0.0,0.0,0.0
2022-11-29 09:30:00-05:00,41.61000061035156,41.81840133666992,41.61000061035156,41.81840133666992,0,0.0,0.0,0.0
2022-11-29 10:30:00-05:00,41.73500061035156,41.73500061035156,41.73500061035156,41.73500061035156,126,0.0,0.0,0.0
2022-11-29 13:30:00-05:00,41.40999984741211,41.40999984741211,41.40999984741211,41.40999984741211,188,0.0,0.0,0.0
2022-11-29 14:30:00-05:00,41.400001525878906,41.400001525878906,41.400001525878906,41.400001525878906,100,0.0,0.0,0.0
2022-11-29 15:30:00-05:00,41.25,41.38999938964844,41.25,41.38999938964844,0,0.0,0.0,0.0
2022-11-30 09:30:00-05:00,40.97999954223633,41.029998779296875,40.97999954223633,41.029998779296875,882,0.0,0.0,0.0
2022-11-30 10:30:00-05:00,41.064998626708984,41.064998626708984,41.064998626708984,41.064998626708984,106,0.0,0.0,0.0
2022-11-30 11:30:00-05:00,41.08100128173828,41.083499908447266,41.08100128173828,41.083499908447266,1676,0.0,0.0,0.0
2022-11-30 13:30:00-05:00,41.22999954223633,42.56999969482422,41.22999954223633,42.56999969482422,901,0.0,0.0,0.0
2022-11-30 15:30:00-05:00,42.79999923706055,42.79999923706055,42.79999923706055,42.79999923706055,908,0.0,0.0,0.0
2022-12-01 09:30:00-05:00,42.84000015258789,43.90449905395508,42.84000015258789,43.42900085449219,840,0.0,0.0,0.0
2022-12-01 10:30:00-05:00,43.41999816894531,43.41999816894531,43.378501892089844,43.380001068115234,563,0.0,0.0,0.0
2022-12-01 13:30:00-05:00,43.630001068115234,43.801998138427734,43.630001068115234,43.801998138427734,1888,0.0,0.0,0.0
2022-12-01 14:30:00-05:00,43.77909851074219,43.88349914550781,43.77909851074219,43.88349914550781,675,0.0,0.0,0.0
2022-12-01 15:30:00-05:00,44.075599670410156,44.075599670410156,43.90999984741211,43.90999984741211,11068,0.0,0.0,0.0
2022-12-02 09:30:00-05:00,42.849998474121094,42.849998474121094,42.849998474121094,42.849998474121094,0,0.0,0.0,0.0
2022-12-02 10:30:00-05:00,43.31100082397461,43.45000076293945,43.31100082397461,43.45000076293945,541,0.0,0.0,0.0
2022-12-02 11:30:00-05:00,43.41999816894531,43.41999816894531,43.41999816894531,43.41999816894531,138,0.0,0.0,0.0
2022-12-02 12:30:00-05:00,43.46500015258789,43.46500015258789,43.410099029541016,43.410099029541016,254,0.0,0.0,0.0
2022-12-02 14:30:00-05:00,43.584999084472656,43.70000076293945,43.584999084472656,43.70000076293945,693,0.0,0.0,0.0
2022-12-02 15:30:00-05:00,43.689998626708984,43.70000076293945,43.676300048828125,43.676300048828125,4169,0.0,0.0,0.0
2022-12-05 10:30:00-05:00,42.90079879760742,42.90079879760742,42.84600067138672,42.84600067138672,459,0.0,0.0,0.0
2022-12-05 14:30:00-05:00,41.90999984741211,41.90999984741211,41.90999984741211,41.90999984741211,113,0.0,0.0,0.0
2022-12-05 15:30:00-05:00,41.97999954223633,42.08100128173828,41.97999954223633,42.08100128173828,1641,0.0,0.0,0.0
2022-12-06 11:30:00-05:00,41.619998931884766,41.619998931884766,41.619998931884766,41.619998931884766,0,0.0,0.0,0.0
2022-12-06 14:30:00-05:00,41.349998474121094,41.5,41.310001373291016,41.310001373291016,458,0.0,0.0,0.0
2022-12-06 15:30:00-05:00,41.40999984741211,41.52000045776367,41.40999984741211,41.5,0,0.0,0.0,0.0
2022-12-07 09:30:00-05:00,41.06999969482422,41.06999969482422,41.06999969482422,41.06999969482422,224,0.0,0.0,0.0
2022-12-07 10:30:00-05:00,40.85200119018555,41.22639846801758,40.85200119018555,41.22639846801758,1590,0.0,0.0,0.0
2022-12-07 11:30:00-05:00,41.09400177001953,41.16279983520508,41.09400177001953,41.16279983520508,6756,0.0,0.0,0.0
2022-12-07 12:30:00-05:00,41.21820068359375,41.21820068359375,41.21820068359375,41.21820068359375,321,0.0,0.0,0.0
2022-12-07 13:30:00-05:00,41.130001068115234,41.130001068115234,41.1078987121582,41.1078987121582,414,0.0,0.0,0.0
2022-12-07 15:30:00-05:00,41.08000183105469,41.08000183105469,41.029998779296875,41.06869888305664,494,0.0,0.0,0.0
2022-12-08 09:30:00-05:00,41.40999984741211,41.40999984741211,41.40999984741211,41.40999984741211,0,0.0,0.0,0.0
2022-12-08 13:30:00-05:00,42.119998931884766,42.119998931884766,42.119998931884766,42.119998931884766,104,0.0,0.0,0.0
2022-12-08 14:30:00-05:00,41.810001373291016,41.84000015258789,41.810001373291016,41.84000015258789,210,0.0,0.0,0.0
2022-12-08 15:30:00-05:00,41.7599983215332,41.86000061035156,41.7599983215332,41.86000061035156,545,0.0,0.0,0.0
2022-12-09 09:30:00-05:00,41.7599983215332,42.279998779296875,41.7599983215332,42.279998779296875,48,0.0,0.0,0.0
2022-12-09 10:30:00-05:00,42.279998779296875,42.31999969482422,42.279998779296875,42.31999969482422,394,0.0,0.0,0.0
2022-12-09 11:30:00-05:00,42.380001068115234,42.40999984741211,42.380001068115234,42.40999984741211,1059,0.0,0.0,0.0
2022-12-09 12:30:00-05:00,42.40999984741211,42.40999984741211,42.40999984741211,42.40999984741211,167,0.0,0.0,0.0
2022-12-09 14:30:00-05:00,42.223201751708984,42.223201751708984,42.02629852294922,42.02629852294922,318,0.0,0.0,0.0
2022-12-12 09:30:00-05:00,42.029998779296875,42.33000183105469,42.029998779296875,42.33000183105469,0,0.0,0.0,0.0
2022-12-12 14:30:00-05:00,42.79999923706055,42.97990036010742,42.79999923706055,42.97990036010742,566,0.0,0.0,0.0
2022-12-13 09:30:00-05:00,44.54999923706055,44.89619827270508,44.46500015258789,44.89619827270508,0,0.0,0.0,0.0
2022-12-13 10:30:00-05:00,43.91999816894531,43.91999816894531,43.91999816894531,43.91999816894531,184,0.0,0.0,0.0
2022-12-13 11:30:00-05:00,43.459999084472656,43.459999084472656,43.16999816894531,43.16999816894531,565,0.0,0.0,0.0
2022-12-13 15:30:00-05:00,43.38779830932617,43.451698303222656,43.38779830932617,43.451698303222656,1000,0.0,0.0,0.0
2022-12-14 09:30:00-05:00,43.279998779296875,43.279998779296875,43.279998779296875,43.279998779296875,0,0.0,0.0,0.0
2022-12-14 12:30:00-05:00,43.959999084472656,43.959999084472656,43.90950012207031,43.93000030517578,1489,0.0,0.0,0.0
2022-12-14 13:30:00-05:00,44.06700134277344,44.099998474121094,43.900001525878906,43.91999816894531,1739,0.0,0.0,0.0
2022-12-14 15:30:00-05:00,43.657901763916016,43.694801330566406,43.657901763916016,43.694801330566406,419,0.0,0.0,0.0
2022-12-15 09:30:00-05:00,42.959999084472656,42.959999084472656,42.959999084472656,42.959999084472656,0,0.0,0.0,0.0
2022-12-15 10:30:00-05:00,42.67150115966797,42.68000030517578,42.59000015258789,42.59000015258789,887,0.0,0.0,0.0
2022-12-15 11:30:00-05:00,42.4182014465332,42.439998626708984,42.4182014465332,42.439998626708984,1398,0.0,0.0,0.0
2022-12-15 12:30:00-05:00,42.0713005065918,42.0713005065918,42.0713005065918,42.0713005065918,101,0.0,0.0,0.0
2022-12-15 13:30:00-05:00,42.06930160522461,42.08399963378906,42.06930160522461,42.08399963378906,0,0.0,0.0,0.0
2022-12-16 09:30:00-05:00,41.7599983215332,42.041500091552734,41.7599983215332,41.77000045776367,2172,0.0,0.0,0.0
2022-12-16 10:30:00-05:00,41.52330017089844,41.52330017089844,41.52330017089844,41.52330017089844,366,0.0,0.0,0.0
2022-12-16 15:30:00-05:00,41.7599983215332,41.80179977416992,41.7599983215332,41.80179977416992,100,0.0,0.0,0.0
2022-12-19 09:30:00-05:00,41.599998474121094,41.599998474121094,41.191001892089844,41.191001892089844,0,0.0,0.0,0.0
2022-12-19 10:30:00-05:00,41.150001525878906,41.150001525878906,41.150001525878906,41.150001525878906,350,0.0,0.0,0.0
2022-12-19 12:30:00-05:00,40.72570037841797,40.81100082397461,40.72570037841797,40.81100082397461,1265,0.0,0.0,0.0
2022-12-19 13:30:00-05:00,40.57609939575195,40.57609939575195,40.57609939575195,40.57609939575195,560,0.0,0.0,0.0
2022-12-19 14:30:00-05:00,40.52859878540039,40.52859878540039,40.52579879760742,40.52579879760742,1206,0.0,0.0,0.0
2022-12-19 15:30:00-05:00,40.349998474121094,40.598899841308594,40.349998474121094,40.598899841308594,100,0.0,0.0,0.0
2022-12-20 09:30:00-05:00,40.119998931884766,40.290000915527344,40.11000061035156,40.290000915527344,0,0.0,0.0,0.0
2022-12-20 10:30:00-05:00,40.60200119018555,40.60200119018555,40.44169998168945,40.44169998168945,1691,0.0,0.0,0.0
2022-12-20 12:30:00-05:00,40.588401794433594,40.588401794433594,40.588401794433594,40.588401794433594,294,0.0,0.0,0.0
2022-12-20 13:30:00-05:00,40.70000076293945,40.71160125732422,40.68000030517578,40.70280075073242,1294,0.0,0.0,0.0
2022-12-20 14:30:00-05:00,40.619998931884766,40.619998931884766,40.619998931884766,40.619998931884766,400,0.0,0.0,0.0
2022-12-20 15:30:00-05:00,40.66960144042969,40.66960144042969,40.65719985961914,40.65719985961914,342,0.0,0.0,0.0
2022-12-21 09:30:00-05:00,40.70000076293945,40.82040023803711,40.06650161743164,40.79999923706055,0,0.0,0.0,0.0
2022-12-21 10:30:00-05:00,41.029998779296875,41.029998779296875,41.029998779296875,41.029998779296875,228,0.0,0.0,0.0
2022-12-21 11:30:00-05:00,40.9010009765625,41.005001068115234,40.9010009765625,40.959999084472656,955,0.0,0.0,0.0
2022-12-21 13:30:00-05:00,41.029998779296875,41.029998779296875,41.02000045776367,41.02000045776367,1657,0.0,0.0,0.0
2022-12-21 14:30:00-05:00,41.150001525878906,41.150001525878906,41.0099983215332,41.05939865112305,1518,0.0,0.0,0.0
2022-12-22 09:30:00-05:00,39.994998931884766,39.994998931884766,39.994998931884766,39.994998931884766,0,0.0,0.0,0.0
2022-12-22 10:30:00-05:00,39.90999984741211,39.90999984741211,39.90999984741211,39.90999984741211,320,0.0,0.0,0.0
2022-12-22 13:30:00-05:00,39.58000183105469,40.09709930419922,39.58000183105469,40.09709930419922,0,0.0,0.0,0.0
2022-12-23 09:30:00-05:00,39.54130172729492,39.54130172729492,39.54130172729492,39.54130172729492,327,0.0,0.0,0.0
2022-12-23 10:30:00-05:00,39.88719940185547,39.88719940185547,39.88719940185547,39.88719940185547,218,0.0,0.0,0.0
2022-12-23 12:30:00-05:00,39.69919967651367,39.69919967651367,39.69919967651367,39.69919967651367,1218,0.0,0.0,0.0
2022-12-23 15:30:00-05:00,39.81999969482422,39.848201751708984,39.79499816894531,39.848201751708984,201,0.0,0.0,0.0
2022-12-27 09:30:00-05:00,39.65999984741211,39.65999984741211,39.21500015258789,39.64339828491211,4126,0.0,0.0,0.0
2022-12-27 10:30:00-05:00,39.6161994934082,39.6161994934082,39.61000061035156,39.61000061035156,346,0.0,0.0,0.0
2022-12-27 11:30:00-05:00,39.767799377441406,39.767799377441406,39.767799377441406,39.767799377441406,357,0.0,0.0,0.0
2022-12-27 13:30:00-05:00,39.53499984741211,39.540000915527344,39.53499984741211,39.540000915527344,529,0.0,0.0,0.0
2022-12-27 14:30:00-05:00,39.529998779296875,39.54999923706055,39.52000045776367,39.53779983520508,2337,0.0,0.0,0.0
2022-12-27 15:30:00-05:00,39.54999923706055,39.54999923706055,39.459999084472656,39.459999084472656,444,0.0,0.0,0.0
2022-12-28 09:30:00-05:00,39.369998931884766,39.369998931884766,39.369998931884766,39.369998931884766,0,0.0,0.0,0.0
2022-12-28 10:30:00-05:00,39.34080123901367,39.34080123901367,39.34080123901367,39.34080123901367,210,0.0,0.0,0.0
2022-12-28 12:30:00-05:00,39.25559997558594,39.29999923706055,39.25559997558594,39.29999923706055,540,0.0,0.0,0.0
2022-12-28 13:30:00-05:00,39.24340057373047,39.25389862060547,39.178199768066406,39.178199768066406,817,0.0,0.0,0.0
2022-12-28 14:30:00-05:00,39.21549987792969,39.220001220703125,39.11000061035156,39.11000061035156,438,0.0,0.0,0.0
2022-12-28 15:30:00-05:00,39.21500015258789,39.21500015258789,39.189998626708984,39.189998626708984,1329,0.0,0.0,0.0
2022-12-29 09:30:00-05:00,39.54999923706055,40.255001068115234,39.54999923706055,40.255001068115234,0,0.0,0.0,0.0
2022-12-29 12:30:00-05:00,40.474998474121094,40.474998474121094,40.474998474121094,40.474998474121094,142,0.0,0.0,0.0
2022-12-29 13:30:00-05:00,40.5443000793457,40.5443000793457,40.532501220703125,40.540000915527344,824,0.0,0.0,0.0
2022-12-29 14:30:00-05:00,40.540000915527344,40.540000915527344,40.540000915527344,40.540000915527344,438,0.0,0.0,0.0
2022-12-30 09:30:00-05:00,40.0,40.27000045776367,39.97999954223633,40.27000045776367,0,0.0,0.0,0.0
2022-12-30 10:30:00-05:00,40.22999954223633,40.22999954223633,40.22999954223633,40.22999954223633,305,0.0,0.0,0.0
2022-12-30 11:30:00-05:00,40.2400016784668,40.26499938964844,40.2400016784668,40.26499938964844,545,0.0,0.0,0.0
2022-12-30 12:30:00-05:00,40.2400016784668,40.2400016784668,40.025001525878906,40.025001525878906,1071,0.0,0.0,0.0
2022-12-30 13:30:00-05:00,40.07099914550781,40.072200775146484,40.000099182128906,40.000099182128906,1520,0.0,0.0,0.0
2022-12-30 14:30:00-05:00,40.06999969482422,40.06999969482422,40.06999969482422,40.06999969482422,421,0.0,0.0,0.0
2022-12-30 15:30:00-05:00,40.279300689697266,40.279300689697266,40.279300689697266,40.279300689697266,215,0.0,0.0,0.0
2023-01-03 09:30:00-05:00,41.04999923706055,41.494998931884766,40.77000045776367,40.77000045776367,1010,0.0,0.0,0.0
2023-01-03 10:30:00-05:00,40.75,40.75,40.75,40.75,1748,0.0,0.0,0.0
2023-01-03 11:30:00-05:00,40.36330032348633,40.36330032348633,40.36330032348633,40.36330032348633,182,0.0,0.0,0.0
2023-01-03 12:30:00-05:00,40.40999984741211,40.470001220703125,40.22999954223633,40.2400016784668,6904,0.0,0.0,0.0
2023-01-03 13:30:00-05:00,40.51430130004883,40.625099182128906,40.51430130004883,40.625099182128906,994,0.0,0.0,0.0
2023-01-04 09:30:00-05:00,41.09000015258789,41.18000030517578,40.95000076293945,40.95000076293945,0,0.0,0.0,0.0
2023-01-04 10:30:00-05:00,41.119998931884766,41.119998931884766,41.119998931884766,41.119998931884766,201,0.0,0.0,0.0
2023-01-04 11:30:00-05:00,41.22999954223633,41.22999954223633,41.22999954223633,41.22999954223633,298,0.0,0.0,0.0
2023-01-04 13:30:00-05:00,41.43000030517578,41.43000030517578,41.219200134277344,41.219200134277344,2092,0.0,0.0,0.0
2023-01-05 09:30:00-05:00,40.810001373291016,40.810001373291016,40.439998626708984,40.439998626708984,0,0.0,0.0,0.0
2023-01-05 10:30:00-05:00,40.2400016784668,40.2400016784668,40.16999816894531,40.16999816894531,465,0.0,0.0,0.0
2023-01-05 13:30:00-05:00,40.11000061035156,40.11000061035156,40.11000061035156,40.11000061035156,108,0.0,0.0,0.0
2023-01-05 14:30:00-05:00,40.21730041503906,40.21730041503906,39.9098014831543,39.9098014831543,0,0.0,0.0,0.0
2023-01-06 09:30:00-05:00,39.861000061035156,40.224998474121094,39.459999084472656,39.459999084472656,1157,0.0,0.0,0.0
2023-01-06 12:30:00-05:00,40.39469909667969,40.39469909667969,40.39469909667969,40.39469909667969,386,0.0,0.0,0.0
2023-01-06 14:30:00-05:00,40.529998779296875,40.54999923706055,40.529998779296875,40.546199798583984,1201,0.0,0.0,0.0
2023-01-09 09:30:00-05:00,41.595001220703125,41.595001220703125,41.595001220703125,41.595001220703125,0,0.0,0.0,0.0
2023-01-09 10:30:00-05:00,41.644500732421875,41.644500732421875,41.644500732421875,41.644500732421875,316,0.0,0.0,0.0
2023-01-09 14:30:00-05:00,41.20750045776367,41.220001220703125,41.006099700927734,41.006099700927734,296,0.0,0.0,0.0
2023-01-10 10:30:00-05:00,40.64289855957031,40.64289855957031,40.64289855957031,40.64289855957031,0,0.0,0.0,0.0
2023-01-10 12:30:00-05:00,40.93000030517578,40.93000030517578,40.93000030517578,40.93000030517578,115,0.0,0.0,0.0
2023-01-10 13:30:00-05:00,41.150001525878906,41.150001525878906,41.150001525878906,41.150001525878906,183,0.0,0.0,0.0
2023-01-10 14:30:00-05:00,41.07749938964844,41.16859817504883,41.07749938964844,41.16859817504883,286,0.0,0.0,0.0
2023-01-11 09:30:00-05:00,41.31869888305664,41.41999816894531,41.31869888305664,41.41999816894531,2137,0.0,0.0,0.0
2023-01-11 10:30:00-05:00,41.339900970458984,41.339900970458984,41.339900970458984,41.339900970458984,438,0.0,0.0,0.0
2023-01-11 11:30:00-05:00,41.742801666259766,41.742801666259766,41.742801666259766,41.742801666259766,265,0.0,0.0,0.0
2023-01-11 14:30:00-05:00,41.66999816894531,41.66999816894531,41.649200439453125,41.649200439453125,379,0.0,0.0,0.0
2023-01-11 15:30:00-05:00,41.68000030517578,41.75210189819336,41.68000030517578,41.75210189819336,403,0.0,0.0,0.0
2023-01-12 09:30:00-05:00,41.70000076293945,41.70000076293945,41.70000076293945,41.70000076293945,0,0.0,0.0,0.0
2023-01-12 12:30:00-05:00,41.81999969482422,41.81999969482422,41.81999969482422,41.81999969482422,106,0.0,0.0,0.0
2023-01-12 13:30:00-05:00,41.720001220703125,41.720001220703125,41.720001220703125,41.720001220703125,103,0.0,0.0,0.0
2023-01-12 14:30:00-05:00,41.93000030517578,42.043800354003906,41.93000030517578,42.043800354003906,302,0.0,0.0,0.0
2023-01-13 10:30:00-05:00,42.29999923706055,42.29999923706055,42.29999923706055,42.29999923706055,0,0.0,0.0,0.0
2023-01-13 11:30:00-05:00,42.19499969482422,42.19499969482422,42.19499969482422,42.19499969482422,187,0.0,0.0,0.0
2023-01-13 14:30:00-05:00,42.630001068115234,42.720401763916016,42.630001068115234,42.720401763916016,112,0.0,0.0,0.0
2023-01-17 09:30:00-05:00,42.500999450683594,42.500999450683594,42.500999450683594,42.500999450683594,0,0.0,0.0,0.0
2023-01-17 10:30:00-05:00,42.595001220703125,42.656700134277344,42.595001220703125,42.656700134277344,394,0.0,0.0,0.0
2023-01-17 11:30:00-05:00,42.49100112915039,42.68349838256836,42.49100112915039,42.68349838256836,1638,0.0,0.0,0.0
2023-01-17 13:30:00-05:00,42.91999816894531,42.9556999206543,42.91999816894531,42.9556999206543,155,0.0,0.0,0.0
2023-01-18 09:30:00-05:00,43.209999084472656,43.209999084472656,43.209999084472656,43.209999084472656,0,0.0,0.0,0.0
2023-01-18 10:30:00-05:00,42.85100173950195,42.85100173950195,42.7661018371582,42.7661018371582,517,0.0,0.0,0.0
2023-01-18 11:30:00-05:00,42.48569869995117,42.48569869995117,42.48569869995117,42.48569869995117,125,0.0,0.0,0.0
2023-01-18 12:30:00-05:00,42.24020004272461,42.24020004272461,42.117698669433594,42.117698669433594,518,0.0,0.0,0.0
2023-01-19 09:30:00-05:00,41.974998474121094,41.974998474121094,41.810001373291016,41.810001373291016,0,0.0,0.0,0.0
2023-01-19 14:30:00-05:00,41.90999984741211,41.90999984741211,41.90999984741211,41.90999984741211,1208,0.0,0.0,0.0
2023-01-19 15:30:00-05:00,41.81999969482422,41.81999969482422,41.73249816894531,41.73249816894531,1089,0.0,0.0,0.0
2023-01-20 09:30:00-05:00,41.9650993347168,42.25619888305664,41.9650993347168,42.13999938964844,0,0.0,0.0,0.0
2023-01-20 10:30:00-05:00,42.16230010986328,42.375,42.16230010986328,42.375,658,0.0,0.0,0.0
2023-01-20 12:30:00-05:00,42.51499938964844,42.52000045776367,42.51499938964844,42.52000045776367,223,0.0,0.0,0.0
2023-01-20 13:30:00-05:00,42.560001373291016,42.560001373291016,42.560001373291016,42.560001373291016,235,0.0,0.0,0.0
2023-01-20 14:30:00-05:00,42.875,42.87950134277344,42.875,42.87950134277344,696,0.0,0.0,0.0
2023-01-23 09:30:00-05:00,43.03900146484375,43.470001220703125,42.95000076293945,43.470001220703125,0,0.0,0.0,0.0
2023-01-23 12:30:00-05:00,43.59000015258789,43.59000015258789,43.59000015258789,43.59000015258789,115,0.0,0.0,0.0
2023-01-23 13:30:00-05:00,43.7400016784668,43.920799255371094,43.7400016784668,43.920799255371094,468,0.0,0.0,0.0
2023-01-24 09:30:00-05:00,43.9900016784668,43.9900016784668,43.939998626708984,43.939998626708984,5054,0.0,0.0,0.0
2023-01-24 10:30:00-05:00,43.917999267578125,43.917999267578125,43.917999267578125,43.917999267578125,225,0.0,0.0,0.0
2023-01-24 11:30:00-05:00,43.90890121459961,43.90890121459961,43.869998931884766,43.869998931884766,247,0.0,0.0,0.0
2023-01-24 12:30:00-05:00,43.86640167236328,43.86640167236328,43.86640167236328,43.86640167236328,222,0.0,0.0,0.0
2023-01-24 13:30:00-05:00,43.93730163574219,43.93730163574219,43.93730163574219,43.93730163574219,224,0.0,0.0,0.0
2023-01-24 15:30:00-05:00,43.82440185546875,43.82440185546875,43.82440185546875,43.82440185546875,0,0.0,0.0,0.0
2023-01-25 09:30:00-05:00,42.56999969482422,42.56999969482422,42.529998779296875,42.529998779296875,1345,0.0,0.0,0.0
2023-01-25 12:30:00-05:00,43.13999938964844,43.29999923706055,43.13999938964844,43.29999923706055,688,0.0,0.0,0.0
2023-01-25 13:30:00-05:00,43.560001373291016,43.560001373291016,43.540000915527344,43.540000915527344,800,0.0,0.0,0.0
2023-01-25 15:30:00-05:00,43.709999084472656,43.720001220703125,43.69879913330078,43.69879913330078,0,0.0,0.0,0.0
2023-01-26 09:30:00-05:00,44.59000015258789,44.59000015258789,44.290000915527344,44.290000915527344,274,0.0,0.0,0.0
2023-01-26 12:30:00-05:00,44.10530090332031,44.18000030517578,44.10530090332031,44.15439987182617,1591,0.0,0.0,0.0
2023-01-26 15:30:00-05:00,44.41999816894531,44.50379943847656,44.41999816894531,44.50379943847656,0,0.0,0.0,0.0
2023-01-27 09:30:00-05:00,44.599998474121094,44.599998474121094,44.599998474121094,44.599998474121094,451,0.0,0.0,0.0
2023-01-27 11:30:00-05:00,44.600101470947266,44.600101470947266,44.600101470947266,44.600101470947266,100,0.0,0.0,0.0
2023-01-27 12:30:00-05:00,44.70000076293945,44.849998474121094,44.70000076293945,44.849998474121094,2195,0.0,0.0,0.0
2023-01-27 15:30:00-05:00,44.81990051269531,44.81990051269531,44.80390167236328,44.80390167236328,158,0.0,0.0,0.0
2023-01-30 09:30:00-05:00,44.209999084472656,44.209999084472656,44.209999084472656,44.209999084472656,0,0.0,0.0,0.0
2023-01-30 13:30:00-05:00,43.82210159301758,43.82210159301758,43.82210159301758,43.82210159301758,104,0.0,0.0,0.0
2023-01-30 14:30:00-05:00,43.70640182495117,43.70640182495117,43.69169998168945,43.69169998168945,203,0.0,0.0,0.0
2023-01-31 09:30:00-05:00,43.82099914550781,43.999900817871094,43.82099914550781,43.999900817871094,160,0.0,0.0,0.0
2023-01-31 10:30:00-05:00,44.07780075073242,44.18000030517578,44.07780075073242,44.18000030517578,210,0.0,0.0,0.0
2023-01-31 11:30:00-05:00,44.25,44.25,44.25,44.25,374,0.0,0.0,0.0
2023-01-31 12:30:00-05:00,44.25,44.25,44.25,44.25,166,0.0,0.0,0.0
2023-01-31 15:30:00-05:00,44.26599884033203,44.42399978637695,44.26599884033203,44.42399978637695,0,0.0,0.0,0.0
2023-02-01 09:30:00-05:00,44.540000915527344,44.722999572753906,44.540000915527344,44.722999572753906,805,0.0,0.0,0.0
2023-02-01 10:30:00-05:00,44.63410186767578,44.63410186767578,44.63410186767578,44.63410186767578,279,0.0,0.0,0.0
2023-02-01 11:30:00-05:00,44.59000015258789,44.59000015258789,44.540000915527344,44.570701599121094,1017,0.0,0.0,0.0
2023-02-01 14:30:00-05:00,45.130001068115234,46.0,45.130001068115234,46.0,1101,0.0,0.0,0.0
2023-02-01 15:30:00-05:00,46.15999984741211,46.15999984741211,45.982200622558594,46.15999984741211,402,0.0,0.0,0.0
2023-02-02 09:30:00-05:00,47.13999938964844,47.13999938964844,47.13999938964844,47.13999938964844,0,0.0,0.0,0.0
2023-02-02 10:30:00-05:00,47.77000045776367,47.894901275634766,47.77000045776367,47.894901275634766,500,0.0,0.0,0.0
2023-02-02 14:30:00-05:00,47.89899826049805,48.00550079345703,47.599998474121094,48.00550079345703,669,0.0,0.0,0.0
2023-02-03 12:30:00-05:00,47.2599983215332,47.2599983215332,47.08000183105469,47.08000183105469,106,0.0,0.0,0.0
2023-02-03 13:30:00-05:00,46.77000045776367,46.77000045776367,46.77000045776367,46.77000045776367,225,0.0,0.0,0.0
2023-02-03 14:30:00-05:00,46.779998779296875,46.80329895019531,46.779998779296875,46.80329895019531,101,0.0,0.0,0.0
2023-02-06 11:30:00-05:00,46.38100051879883,46.38100051879883,46.351600646972656,46.351600646972656,636,0.0,0.0,0.0
2023-02-06 13:30:00-05:00,46.13370132446289,46.13370132446289,46.13370132446289,46.13370132446289,323,0.0,0.0,0.0
2023-02-06 15:30:00-05:00,45.900001525878906,45.900001525878906,45.88750076293945,45.89099884033203,756,0.0,0.0,0.0
2023-02-07 09:30:00-05:00,45.86000061035156,45.86000061035156,45.849300384521484,45.849300384521484,0,0.0,0.0,0.0
2023-02-07 12:30:00-05:00,46.29999923706055,46.34000015258789,46.29999923706055,46.34000015258789,571,0.0,0.0,0.0
2023-02-07 13:30:00-05:00,46.439998626708984,46.439998626708984,46.439998626708984,46.439998626708984,101,0.0,0.0,0.0
2023-02-07 14:30:00-05:00,46.54999923706055,47.0099983215332,46.54999923706055,47.0099983215332,819,0.0,0.0,0.0
2023-02-07 15:30:00-05:00,47.279998779296875,47.279998779296875,47.17290115356445,47.17290115356445,0,0.0,0.0,0.0
2023-02-08 09:30:00-05:00,47.191001892089844,47.60499954223633,47.180999755859375,47.60499954223633,2321,0.0,0.0,0.0
2023-02-08 10:30:00-05:00,47.02000045776367,47.142799377441406,46.79999923706055,46.79999923706055,1640,0.0,0.0,0.0
2023-02-08 11:30:00-05:00,46.814998626708984,46.814998626708984,46.814998626708984,46.814998626708984,238,0.0,0.0,0.0
2023-02-08 12:30:00-05:00,46.95500183105469,46.95500183105469,46.95500183105469,46.95500183105469,164,0.0,0.0,0.0
2023-02-08 14:30:00-05:00,46.810001373291016,46.810001373291016,46.810001373291016,46.810001373291016,101,0.0,0.0,0.0
2023-02-08 15:30:00-05:00,46.70000076293945,46.70000076293945,46.70000076293945,46.70000076293945,302,0.0,0.0,0.0
2023-02-09 09:30:00-05:00,47.43000030517578,47.43000030517578,47.43000030517578,47.43000030517578,0,0.0,0.0,0.0
2023-02-09 10:30:00-05:00,47.224998474121094,47.224998474121094,47.06669998168945,47.06669998168945,359,0.0,0.0,0.0
2023-02-09 13:30:00-05:00,46.70000076293945,46.70000076293945,46.70000076293945,46.70000076293945,104,0.0,0.0,0.0
2023-02-09 14:30:00-05:00,46.529998779296875,46.54999923706055,46.529998779296875,46.54999923706055,303,0.0,0.0,0.0
2023-02-09 15:30:00-05:00,46.307498931884766,46.41529846191406,46.307498931884766,46.307498931884766,101,0.0,0.0,0.0
2023-02-10 09:30:00-05:00,45.7599983215332,45.7599983215332,45.48849868774414,45.64500045776367,202,0.0,0.0,0.0
2023-02-10 10:30:00-05:00,45.66999816894531,45.66999816894531,45.66999816894531,45.66999816894531,612,0.0,0.0,0.0
2023-02-10 11:30:00-05:00,45.1781005859375,45.1781005859375,45.13999938964844,45.13999938964844,580,0.0,0.0,0.0
2023-02-10 12:30:00-05:00,45.40999984741211,45.40999984741211,45.40999984741211,45.40999984741211,0,0.0,0.0,0.0
2023-02-10 14:30:00-05:00,45.4900016784668,45.53459930419922,45.4900016784668,45.53459930419922,2863,0.0,0.0,0.0
2023-02-13 09:30:00-05:00,45.779998779296875,45.779998779296875,45.69369888305664,45.69369888305664,0,0.0,0.0,0.0
2023-02-13 11:30:00-05:00,46.310001373291016,46.32500076293945,46.30670166015625,46.30670166015625,1230,0.0,0.0,0.0
2023-02-13 13:30:00-05:00,46.275001525878906,46.275001525878906,46.153499603271484,46.275001525878906,1044,0.0,0.0,0.0
2023-02-14 09:30:00-05:00,45.61759948730469,45.709999084472656,45.61759948730469,45.709999084472656,0,0.0,0.0,0.0
2023-02-14 11:30:00-05:00,46.11000061035156,46.11000061035156,46.099998474121094,46.099998474121094,1248,0.0,0.0,0.0
2023-02-14 14:30:00-05:00,46.43320083618164,46.43320083618164,46.43320083618164,46.43320083618164,303,0.0,0.0,0.0
2023-02-14 15:30:00-05:00,46.72999954223633,46.78879928588867,46.72999954223633,46.78879928588867,2000,0.0,0.0,0.0
2023-02-15 09:30:00-05:00,46.439998626708984,46.439998626708984,46.439998626708984,46.439998626708984,0,0.0,0.0,0.0
2023-02-15 11:30:00-05:00,46.81999969482422,46.83000183105469,46.81999969482422,46.81999969482422,2803,0.0,0.0,0.0
2023-02-15 14:30:00-05:00,47.2041015625,47.2041015625,47.2041015625,47.2041015625,151,0.0,0.0,0.0
2023-02-15 15:30:00-05:00,47.279998779296875,47.418701171875,47.279998779296875,47.418701171875,0,0.0,0.0,0.0
2023-02-16 09:30:00-05:00,46.677799224853516,46.677799224853516,46.27989959716797,46.64780044555664,1667,0.0,0.0,0.0
2023-02-16 10:30:00-05:00,47.04999923706055,47.04999923706055,47.04999923706055,47.04999923706055,100,0.0,0.0,0.0
2023-02-16 11:30:00-05:00,46.753501892089844,46.753501892089844,46.753501892089844,46.753501892089844,110,0.0,0.0,0.0
2023-02-16 12:30:00-05:00,47.08000183105469,47.08000183105469,46.86000061035156,46.86000061035156,529,0.0,0.0,0.0
2023-02-16 13:30:00-05:00,46.95000076293945,46.95000076293945,46.880001068115234,46.93000030517578,40969,0.0,0.0,0.0
2023-02-16 14:30:00-05:00,46.959999084472656,47.0,46.459999084472656,46.459999084472656,31702,0.0,0.0,0.0
2023-02-16 15:30:00-05:00,46.47999954223633,46.5,46.34000015258789,46.349998474121094,29280,0.0,0.0,0.0
2023-02-17 09:30:00-05:00,45.730098724365234,45.80080032348633,45.730098724365234,45.80080032348633,0,0.0,0.0,0.0
2023-02-17 14:30:00-05:00,45.43370056152344,45.55099868774414,45.43370056152344,45.55099868774414,1186,0.0,0.0,0.0
2023-02-17 15:30:00-05:00,45.56890106201172,45.64860153198242,45.56890106201172,45.64860153198242,401,0.0,0.0,0.0
2023-02-21 10:30:00-05:00,44.6151008605957,44.6151008605957,44.56119918823242,44.56119918823242,477,0.0,0.0,0.0
2023-02-21 11:30:00-05:00,44.540000915527344,44.560001373291016,44.540000915527344,44.560001373291016,201,0.0,0.0,0.0
2023-02-21 12:30:00-05:00,44.56399917602539,44.56399917602539,44.56399917602539,44.56399917602539,106,0.0,0.0,0.0
2023-02-21 14:30:00-05:00,44.63999938964844,44.63999938964844,44.63999938964844,44.63999938964844,150,0.0,0.0,0.0
2023-02-21 15:30:00-05:00,44.459999084472656,44.459999084472656,44.459999084472656,44.459999084472656,199,0.0,0.0,0.0
2023-02-22 09:30:00-05:00,44.779998779296875,44.78730010986328,44.71099853515625,44.71099853515625,0,0.0,0.0,0.0
2023-02-22 10:30:00-05:00,44.91999816894531,44.91999816894531,44.910099029541016,44.910099029541016,295,0.0,0.0,0.0
2023-02-23 11:30:00-05:00,44.562400817871094,44.562400817871094,44.562400817871094,44.562400817871094,0,0.0,0.0,0.0
2023-02-23 13:30:00-05:00,44.79999923706055,45.109901428222656,44.79999923706055,45.109901428222656,0,0.0,0.0,0.0
2023-02-24 09:30:00-05:00,44.109901428222656,44.109901428222656,44.109901428222656,44.109901428222656,1109,0.0,0.0,0.0
2023-02-24 10:30:00-05:00,44.00709915161133,44.00709915161133,44.00709915161133,44.00709915161133,206,0.0,0.0,0.0
2023-02-24 12:30:00-05:00,44.07870101928711,44.07870101928711,44.07870101928711,44.07870101928711,200,0.0,0.0,0.0
2023-02-24 15:30:00-05:00,44.119998931884766,44.19309997558594,44.119998931884766,44.19309997558594,324,0.0,0.0,0.0
2023-02-27 09:30:00-05:00,44.650001525878906,44.86000061035156,44.650001525878906,44.86000061035156,0,0.0,0.0,0.0
2023-02-27 12:30:00-05:00,44.54499816894531,44.54499816894531,44.31829833984375,44.54499816894531,127,0.0,0.0,0.0
2023-02-28 10:30:00-05:00,44.244998931884766,44.244998931884766,44.244998931884766,44.244998931884766,0,0.0,0.0,0.0
2023-02-28 12:30:00-05:00,44.44499969482422,44.44499969482422,44.44499969482422,44.44499969482422,201,0.0,0.0,0.0
2023-02-28 13:30:00-05:00,44.44060134887695,44.44060134887695,43.86130142211914,43.86130142211914,0,0.0,0.0,0.0
2023-03-02 09:30:00-05:00,43.900001525878906,43.900001525878906,43.900001525878906,43.900001525878906,0,0.0,0.0,0.0
2023-03-02 12:30:00-05:00,44.22999954223633,44.2400016784668,44.22999954223633,44.22999954223633,17026,0.0,0.0,0.0
2023-03-02 15:30:00-05:00,44.81999969482422,44.834800720214844,44.81999969482422,44.834800720214844,0,0.0,0.0,0.0
2023-03-03 09:30:00-05:00,44.790000915527344,45.74250030517578,44.790000915527344,45.74250030517578,381,0.0,0.0,0.0
2023-03-06 09:30:00-05:00,45.72999954223633,46.13100051879883,45.72999954223633,46.13100051879883,215,0.0,0.0,0.0
2023-03-06 10:30:00-05:00,46.20100021362305,46.255001068115234,46.20000076293945,46.25,2215,0.0,0.0,0.0
2023-03-06 11:30:00-05:00,46.11830139160156,46.11830139160156,46.11830139160156,46.11830139160156,269,0.0,0.0,0.0
2023-03-06 12:30:00-05:00,45.82099914550781,45.82099914550781,45.82099914550781,45.82099914550781,152,0.0,0.0,0.0
2023-03-06 13:30:00-05:00,45.7400016784668,45.7400016784668,45.7400016784668,45.7400016784668,158,0.0,0.0,0.0
2023-03-06 14:30:00-05:00,45.560001373291016,45.560001373291016,45.437599182128906,45.437599182128906,168,0.0,0.0,0.0
2023-03-07 10:30:00-05:00,45.22100067138672,45.22100067138672,45.220001220703125,45.220001220703125,0,0.0,0.0,0.0
2023-03-07 11:30:00-05:00,45.13999938964844,45.13999938964844,45.13999938964844,45.13999938964844,566,0.0,0.0,0.0
2023-03-07 13:30:00-05:00,45.09000015258789,45.09000015258789,45.09000015258789,45.09000015258789,204,0.0,0.0,0.0
2023-03-07 14:30:00-05:00,44.95000076293945,45.012298583984375,44.92689895629883,44.92689895629883,103,0.0,0.0,0.0
2023-03-09 09:30:00-05:00,44.720001220703125,45.2599983215332,44.720001220703125,45.060001373291016,10039,0.0,0.0,0.0
2023-03-09 10:30:00-05:00,45.029998779296875,45.029998779296875,44.790000915527344,44.79999923706055,5032,0.0,0.0,0.0
2023-03-09 11:30:00-05:00,44.79999923706055,44.79999923706055,44.650001525878906,44.79999923706055,610,0.0,0.0,0.0
2023-03-09 13:30:00-05:00,44.29999923706055,44.29999923706055,43.93000030517578,43.93000030517578,638,0.0,0.0,0.0
2023-03-09 14:30:00-05:00,43.90999984741211,43.90999984741211,43.650001525878906,43.650001525878906,317,0.0,0.0,0.0
2023-03-09 15:30:00-05:00,43.77000045776367,43.77000045776367,43.666500091552734,43.666500091552734,100,0.0,0.0,0.0
2023-03-10 09:30:00-05:00,43.27000045776367,43.27000045776367,43.27000045776367,43.27000045776367,0,0.0,0.0,0.0
2023-03-10 11:30:00-05:00,42.54999923706055,42.54999923706055,42.54999923706055,42.54999923706055,199,0.0,0.0,0.0
2023-03-10 12:30:00-05:00,42.33000183105469,42.33000183105469,42.33000183105469,42.33000183105469,345,0.0,0.0,0.0
2023-03-10 13:30:00-05:00,41.810001373291016,41.84000015258789,41.810001373291016,41.84000015258789,265,0.0,0.0,0.0
2023-03-10 14:30:00-05:00,42.04999923706055,42.130001068115234,42.0099983215332,42.130001068115234,565,0.0,0.0,0.0
2023-03-10 15:30:00-05:00,41.93000030517578,41.95000076293945,41.93000030517578,41.95000076293945,227,0.0,0.0,0.0
2023-03-13 09:30:00-04:00,41.5099983215332,41.849998474121094,41.290000915527344,41.619998931884766,18644,0.0,0.0,0.0
2023-03-13 10:30:00-04:00,41.95100021362305,42.185001373291016,41.95100021362305,42.185001373291016,404,0.0,0.0,0.0
2023-03-13 11:30:00-04:00,42.36000061035156,42.415000915527344,42.36000061035156,42.36000061035156,226,0.0,0.0,0.0
2023-03-13 14:30:00-04:00,42.21099853515625,42.21099853515625,42.21099853515625,42.21099853515625,119,0.0,0.0,0.0
2023-03-14 09:30:00-04:00,42.61000061035156,42.61000061035156,42.61000061035156,42.61000061035156,0,0.0,0.0,0.0
2023-03-14 10:30:00-04:00,42.54999923706055,42.810001373291016,42.54999923706055,42.810001373291016,206,0.0,0.0,0.0
2023-03-14 11:30:00-04:00,42.71590042114258,42.71590042114258,42.71590042114258,42.71590042114258,110,0.0,0.0,0.0
2023-03-14 12:30:00-04:00,42.7599983215332,42.7599983215332,42.7599983215332,42.7599983215332,102,0.0,0.0,0.0
2023-03-14 13:30:00-04:00,42.5,42.5,42.5,42.5,269,0.0,0.0,0.0
2023-03-14 15:30:00-04:00,42.49100112915039,42.630699157714844,42.49100112915039,42.630699157714844,150,0.0,0.0,0.0
2023-03-15 10:30:00-04:00,42.599998474121094,42.599998474121094,42.50389862060547,42.50389862060547,158,0.0,0.0,0.0
2023-03-15 11:30:00-04:00,42.650001525878906,42.650001525878906,42.650001525878906,42.650001525878906,206,0.0,0.0,0.0
2023-03-15 12:30:00-04:00,42.47999954223633,42.70000076293945,42.47999954223633,42.70000076293945,261,0.0,0.0,0.0
2023-03-15 13:30:00-04:00,42.70790100097656,42.86750030517578,42.70790100097656,42.86750030517578,579,0.0,0.0,0.0
2023-03-16 09:30:00-04:00,42.45000076293945,42.45000076293945,42.45000076293945,42.45000076293945,0,0.0,0.0,0.0
2023-03-16 10:30:00-04:00,43.599998474121094,43.599998474121094,43.599998474121094,43.599998474121094,100,0.0,0.0,0.0
2023-03-16 11:30:00-04:00,43.560001373291016,43.560001373291016,43.560001373291016,43.560001373291016,191,0.0,0.0,0.0
2023-03-16 14:30:00-04:00,43.7400016784668,43.7400016784668,43.737300872802734,43.737300872802734,103,0.0,0.0,0.0
2023-03-17 10:30:00-04:00,43.220001220703125,43.220001220703125,43.220001220703125,43.220001220703125,0,0.0,0.0,0.0
2023-03-17 11:30:00-04:00,43.279998779296875,43.279998779296875,43.279998779296875,43.279998779296875,368,0.0,0.0,0.0
2023-03-17 14:30:00-04:00,43.298099517822266,43.298099517822266,43.298099517822266,43.298099517822266,281,0.0,0.0,0.0
2023-03-17 15:30:00-04:00,43.220001220703125,43.252899169921875,43.220001220703125,43.252899169921875,240,0.0,0.0,0.0
2023-03-20 09:30:00-04:00,42.84000015258789,42.84000015258789,42.78689956665039,42.78689956665039,0,0.0,0.0,0.0
2023-03-20 14:30:00-04:00,42.97999954223633,42.97999954223633,42.865501403808594,42.865501403808594,498,0.0,0.0,0.0
2023-03-20 15:30:00-04:00,43.02299880981445,43.04499816894531,42.9900016784668,42.9900016784668,944,0.0,0.0,0.0
2023-03-21 09:30:00-04:00,43.029998779296875,43.587398529052734,43.029998779296875,43.58330154418945,0,0.0,0.0,0.0
2023-03-21 11:30:00-04:00,43.779998779296875,43.81999969482422,43.779998779296875,43.81999969482422,344,0.0,0.0,0.0
2023-03-21 13:30:00-04:00,43.869998931884766,43.88999938964844,43.86000061035156,43.88999938964844,316,0.0,0.0,0.0
2023-03-21 14:30:00-04:00,43.970001220703125,44.01139831542969,43.970001220703125,44.01139831542969,195,0.0,0.0,0.0
2023-03-22 11:30:00-04:00,43.529998779296875,43.529998779296875,43.529998779296875,43.529998779296875,0,0.0,0.0,0.0
2023-03-22 13:30:00-04:00,43.65999984741211,43.65999984741211,43.65999984741211,43.65999984741211,526,0.0,0.0,0.0
2023-03-22 15:30:00-04:00,43.5099983215332,43.5099983215332,43.01750183105469,43.01750183105469,301,0.0,0.0,0.0
2023-03-23 09:30:00-04:00,43.71390151977539,43.71390151977539,43.71390151977539,43.71390151977539,0,0.0,0.0,0.0
2023-03-23 11:30:00-04:00,43.877498626708984,43.877498626708984,43.40290069580078,43.40290069580078,249,0.0,0.0,0.0
2023-03-24 09:30:00-04:00,43.0,43.0,43.0,43.0,0,0.0,0.0,0.0
2023-03-24 10:30:00-04:00,42.869998931884766,42.869998931884766,42.869998931884766,42.869998931884766,146,0.0,0.0,0.0
2023-03-24 11:30:00-04:00,42.904998779296875,42.904998779296875,42.904998779296875,42.904998779296875,154,0.0,0.0,0.0
2023-03-24 13:30:00-04:00,42.9900016784668,42.9900016784668,42.9900016784668,42.9900016784668,100,0.0,0.0,0.0
2023-03-24 14:30:00-04:00,43.04999923706055,43.204898834228516,43.02000045776367,43.204898834228516,203,0.0,0.0,0.0
2023-03-27 09:30:00-04:00,43.474998474121094,43.474998474121094,43.349998474121094,43.349998474121094,511,0.0,0.0,0.0
2023-03-27 10:30:00-04:00,43.130001068115234,43.130001068115234,43.130001068115234,43.130001068115234,108,0.0,0.0,0.0
2023-03-27 12:30:00-04:00,43.27000045776367,43.38880157470703,43.27000045776367,43.38880157470703,208,0.0,0.0,0.0
2023-03-28 10:30:00-04:00,43.40999984741211,43.40999984741211,43.40999984741211,43.40999984741211,0,0.0,0.0,0.0
2023-03-28 13:30:00-04:00,43.130001068115234,43.270999908447266,43.11000061035156,43.270999908447266,1202,0.0,0.0,0.0
2023-03-29 10:30:00-04:00,43.61000061035156,43.61000061035156,43.61000061035156,43.61000061035156,0,0.0,0.0,0.0
2023-03-29 11:30:00-04:00,43.77000045776367,43.77000045776367,43.77000045776367,43.77000045776367,200,0.0,0.0,0.0
2023-03-29 13:30:00-04:00,43.77000045776367,43.77000045776367,43.77000045776367,43.77000045776367,108,0.0,0.0,0.0
2023-03-29 14:30:00-04:00,43.90999984741211,44.0,43.90999984741211,44.0,225,0.0,0.0,0.0
2023-03-29 15:30:00-04:00,44.09000015258789,44.099998474121094,44.00709915161133,44.00709915161133,875,0.0,0.0,0.0
2023-03-30 09:30:00-04:00,44.130001068115234,44.130001068115234,44.130001068115234,44.130001068115234,0,0.0,0.0,0.0
2023-03-30 10:30:00-04:00,44.5619010925293,44.5619010925293,44.5619010925293,44.5619010925293,304,0.0,0.0,0.0
2023-03-30 13:30:00-04:00,44.310001373291016,44.36000061035156,44.310001373291016,44.36000061035156,467,0.0,0.0,0.0
2023-03-30 14:30:00-04:00,44.45000076293945,44.45000076293945,44.45000076293945,44.45000076293945,175,0.0,0.0,0.0
2023-03-30 15:30:00-04:00,44.45000076293945,44.46139907836914,44.45000076293945,44.45000076293945,170,0.0,0.0,0.0
2023-03-31 09:30:00-04:00,44.75,45.0,44.75,45.0,0,0.0,0.0,0.0
2023-03-31 10:30:00-04:00,45.19200134277344,45.667999267578125,45.19200134277344,45.667999267578125,273,0.0,0.0,0.0
2023-04-03 09:30:00-04:00,45.20000076293945,45.29069900512695,45.20000076293945,45.29069900512695,731,0.0,0.0,0.0
2023-04-03 14:30:00-04:00,45.08000183105469,45.19620132446289,45.08000183105469,45.19620132446289,200,0.0,0.0,0.0
2023-04-04 09:30:00-04:00,45.36000061035156,45.36000061035156,45.36000061035156,45.36000061035156,0,0.0,0.0,0.0
2023-04-04 10:30:00-04:00,45.01390075683594,45.01390075683594,45.01390075683594,45.01390075683594,179,0.0,0.0,0.0
2023-04-04 11:30:00-04:00,44.90999984741211,44.90999984741211,44.90999984741211,44.90999984741211,500,0.0,0.0,0.0
2023-04-04 12:30:00-04:00,45.040000915527344,45.040000915527344,45.040000915527344,45.040000915527344,323,0.0,0.0,0.0
2023-04-04 14:30:00-04:00,45.02000045776367,45.02000045776367,44.94060134887695,45.009498596191406,0,0.0,0.0,0.0
2023-04-05 09:30:00-04:00,44.639801025390625,44.639801025390625,44.4900016784668,44.56999969482422,755,0.0,0.0,0.0
2023-04-05 10:30:00-04:00,44.22999954223633,44.22999954223633,43.83000183105469,43.83000183105469,667,0.0,0.0,0.0
2023-04-05 11:30:00-04:00,43.95000076293945,44.02000045776367,43.95000076293945,43.9900016784668,1800,0.0,0.0,0.0
2023-04-05 12:30:00-04:00,43.9900016784668,44.08000183105469,43.9900016784668,44.08000183105469,1131,0.0,0.0,0.0
2023-04-05 13:30:00-04:00,44.08000183105469,44.189998626708984,44.08000183105469,44.189998626708984,1154,0.0,0.0,0.0
2023-04-05 14:30:00-04:00,44.15999984741211,44.220001220703125,44.11000061035156,44.11000061035156,950,0.0,0.0,0.0
2023-04-05 15:30:00-04:00,44.150001525878906,44.174598693847656,44.150001525878906,44.174598693847656,100,0.0,0.0,0.0
2023-04-06 09:30:00-04:00,43.630001068115234,43.93000030517578,43.46200180053711,43.93000030517578,0,0.0,0.0,0.0
2023-04-06 10:30:00-04:00,43.86000061035156,44.09000015258789,43.86000061035156,44.060001373291016,1900,0.0,0.0,0.0
2023-04-06 11:30:00-04:00,44.09000015258789,44.349998474121094,44.09000015258789,44.34000015258789,7600,0.0,0.0,0.0
2023-04-06 12:30:00-04:00,44.43000030517578,44.5,44.43000030517578,44.5,3546,0.0,0.0,0.0
2023-04-06 13:30:00-04:00,44.380001068115234,44.529998779296875,44.380001068115234,44.52000045776367,3342,0.0,0.0,0.0
2023-04-06 14:30:00-04:00,44.4900016784668,44.52000045776367,44.47999954223633,44.47999954223633,2258,0.0,0.0,0.0
2023-04-06 15:30:00-04:00,44.560001373291016,44.560001373291016,44.512001037597656,44.512001037597656,1501,0.0,0.0,0.0
2023-04-10 10:30:00-04:00,44.18239974975586,44.38999938964844,44.18239974975586,44.38999938964844,581,0.0,0.0,0.0
2023-04-10 12:30:00-04:00,44.43000030517578,44.43000030517578,44.43000030517578,44.43000030517578,203,0.0,0.0,0.0
2023-04-10 13:30:00-04:00,44.47999954223633,44.47999954223633,44.39099884033203,44.39099884033203,552,0.0,0.0,0.0
2023-04-10 14:30:00-04:00,44.43000030517578,44.599998474121094,44.43000030517578,44.599998474121094,316,0.0,0.0,0.0
2023-04-10 15:30:00-04:00,44.63999938964844,44.650001525878906,44.60860061645508,44.60860061645508,618,0.0,0.0,0.0
2023-04-11 09:30:00-04:00,44.479000091552734,44.66999816894531,44.40330123901367,44.58000183105469,3725,0.0,0.0,0.0
2023-04-11 11:30:00-04:00,44.279998779296875,44.380001068115234,44.279998779296875,44.380001068115234,530,0.0,0.0,0.0
2023-04-11 12:30:00-04:00,44.47999954223633,44.47999954223633,44.369998931884766,44.369998931884766,545,0.0,0.0,0.0
2023-04-11 13:30:00-04:00,44.54999923706055,44.720001220703125,44.54999923706055,44.720001220703125,710,0.0,0.0,0.0
2023-04-11 14:30:00-04:00,44.65999984741211,44.720001220703125,44.56269836425781,44.56269836425781,571,0.0,0.0,0.0
2023-04-12 09:30:00-04:00,45.02000045776367,45.02000045776367,45.02000045776367,45.02000045776367,0,0.0,0.0,0.0
2023-04-12 10:30:00-04:00,44.290000915527344,44.459999084472656,44.290000915527344,44.459999084472656,216,0.0,0.0,0.0
2023-04-12 11:30:00-04:00,44.900001525878906,44.900001525878906,44.900001525878906,44.900001525878906,101,0.0,0.0,0.0
2023-04-12 12:30:00-04:00,44.7400016784668,44.7400016784668,44.7400016784668,44.7400016784668,102,0.0,0.0,0.0
2023-04-12 13:30:00-04:00,44.709999084472656,44.709999084472656,44.599998474121094,44.599998474121094,600,0.0,0.0,0.0
2023-04-12 14:30:00-04:00,44.41999816894531,44.41999816894531,44.25899887084961,44.25899887084961,328,0.0,0.0,0.0
2023-04-13 09:30:00-04:00,44.61000061035156,45.0,44.61000061035156,44.956199645996094,0,0.0,0.0,0.0
2023-04-13 10:30:00-04:00,45.06999969482422,45.2400016784668,45.06999969482422,45.13999938964844,938,0.0,0.0,0.0
2023-04-13 11:30:00-04:00,45.04999923706055,45.04999923706055,45.04999923706055,45.04999923706055,377,0.0,0.0,0.0
2023-04-13 14:30:00-04:00,45.279998779296875,45.34000015258789,45.279998779296875,45.34000015258789,220,0.0,0.0,0.0
2023-04-13 15:30:00-04:00,45.334999084472656,45.334999084472656,45.310001373291016,45.310001373291016,615,0.0,0.0,0.0
2023-04-14 09:30:00-04:00,44.880001068115234,45.29999923706055,44.880001068115234,45.29999923706055,0,0.0,0.0,0.0
2023-04-14 10:30:00-04:00,44.7599983215332,44.90999984741211,44.7599983215332,44.90999984741211,708,0.0,0.0,0.0
2023-04-14 11:30:00-04:00,44.66999816894531,44.720001220703125,44.59000015258789,44.59000015258789,656,0.0,0.0,0.0
2023-04-14 12:30:00-04:00,44.630001068115234,44.68000030517578,44.62009811401367,44.62009811401367,694,0.0,0.0,0.0
2023-04-14 13:30:00-04:00,44.599998474121094,44.83100128173828,44.568199157714844,44.83100128173828,1870,0.0,0.0,0.0
2023-04-14 14:30:00-04:00,44.90520095825195,44.90520095825195,44.849998474121094,44.88999938964844,1714,0.0,0.0,0.0
2023-04-14 15:30:00-04:00,45.040000915527344,45.040000915527344,45.040000915527344,45.040000915527344,100,0.0,0.0,0.0
2023-04-17 09:30:00-04:00,44.83000183105469,45.13999938964844,44.83000183105469,45.08000183105469,0,0.0,0.0,0.0
2023-04-17 10:30:00-04:00,44.970001220703125,44.970001220703125,44.970001220703125,44.970001220703125,162,0.0,0.0,0.0
2023-04-17 11:30:00-04:00,45.0099983215332,45.04999923706055,45.0099983215332,45.04999923706055,480,0.0,0.0,0.0
2023-04-17 12:30:00-04:00,45.060001373291016,45.060001373291016,45.02000045776367,45.02000045776367,473,0.0,0.0,0.0
2023-04-17 13:30:00-04:00,45.1526985168457,45.1526985168457,44.810001373291016,44.810001373291016,1181,0.0,0.0,0.0
2023-04-17 14:30:00-04:00,45.20000076293945,45.290000915527344,45.20000076293945,45.290000915527344,401,0.0,0.0,0.0
2023-04-17 15:30:00-04:00,45.130001068115234,45.20090103149414,45.130001068115234,45.20090103149414,614,0.0,0.0,0.0
2023-04-18 09:30:00-04:00,45.43000030517578,45.43000030517578,45.43000030517578,45.43000030517578,0,0.0,0.0,0.0
2023-04-18 10:30:00-04:00,45.119998931884766,45.119998931884766,45.119998931884766,45.119998931884766,243,0.0,0.0,0.0
2023-04-18 11:30:00-04:00,45.02000045776367,45.02000045776367,45.02000045776367,45.02000045776367,191,0.0,0.0,0.0
2023-04-18 13:30:00-04:00,45.040000915527344,45.099998474121094,45.040000915527344,45.099998474121094,200,0.0,0.0,0.0
2023-04-18 14:30:00-04:00,44.97999954223633,45.09000015258789,44.97999954223633,45.09000015258789,376,0.0,0.0,0.0
2023-04-19 10:30:00-04:00,44.5099983215332,44.540000915527344,44.5099983215332,44.540000915527344,100,0.0,0.0,0.0
2023-04-19 11:30:00-04:00,44.470001220703125,44.650001525878906,44.470001220703125,44.650001525878906,300,0.0,0.0,0.0
2023-04-19 12:30:00-04:00,44.7400016784668,44.7400016784668,44.689998626708984,44.689998626708984,259,0.0,0.0,0.0
2023-04-19 13:30:00-04:00,44.689998626708984,44.689998626708984,44.689998626708984,44.689998626708984,100,0.0,0.0,0.0
2023-04-19 15:30:00-04:00,44.63999938964844,44.650001525878906,44.53099822998047,44.53099822998047,601,0.0,0.0,0.0
2023-04-20 09:30:00-04:00,44.0,44.0,44.0,44.0,0,0.0,0.0,0.0
2023-04-20 10:30:00-04:00,44.04999923706055,44.04999923706055,44.04999923706055,44.04999923706055,151,0.0,0.0,0.0
2023-04-20 11:30:00-04:00,44.08000183105469,44.08000183105469,44.08000183105469,44.08000183105469,106,0.0,0.0,0.0
2023-04-20 12:30:00-04:00,44.18000030517578,44.18000030517578,44.18000030517578,44.18000030517578,201,0.0,0.0,0.0
2023-04-20 13:30:00-04:00,44.25,44.25,44.04999923706055,44.04999923706055,573,0.0,0.0,0.0
2023-04-20 14:30:00-04:00,43.922000885009766,43.97999954223633,43.922000885009766,43.922000885009766,167,0.0,0.0,0.0
2023-04-21 09:30:00-04:00,43.86000061035156,43.86000061035156,43.86000061035156,43.86000061035156,0,0.0,0.0,0.0
2023-04-21 10:30:00-04:00,43.864200592041016,43.98059844970703,43.864200592041016,43.98059844970703,0,0.0,0.0,0.0
2023-04-24 09:30:00-04:00,43.83000183105469,43.83000183105469,43.83000183105469,43.83000183105469,0,0.0,0.0,0.0
2023-04-24 10:30:00-04:00,43.470001220703125,43.470001220703125,43.470001220703125,43.470001220703125,353,0.0,0.0,0.0
2023-04-24 11:30:00-04:00,43.34000015258789,43.34000015258789,43.34000015258789,43.34000015258789,0,0.0,0.0,0.0
2023-04-24 12:30:00-04:00,43.380001068115234,43.380001068115234,43.380001068115234,43.380001068115234,639,0.0,0.0,0.0
2023-04-24 14:30:00-04:00,43.424598693847656,43.44499969482422,43.409000396728516,43.44499969482422,758,0.0,0.0,0.0
2023-04-24 15:30:00-04:00,43.4900016784668,43.5,43.42100143432617,43.42100143432617,0,0.0,0.0,0.0
2023-04-25 09:30:00-04:00,42.590999603271484,42.590999603271484,42.590999603271484,42.590999603271484,0,0.0,0.0,0.0
2023-04-25 10:30:00-04:00,42.36000061035156,42.459999084472656,42.36000061035156,42.459999084472656,532,0.0,0.0,0.0
2023-04-25 11:30:00-04:00,42.38999938964844,42.38999938964844,42.38999938964844,42.38999938964844,325,0.0,0.0,0.0
2023-04-25 14:30:00-04:00,42.060001373291016,42.060001373291016,41.9900016784668,42.0,318,0.0,0.0,0.0
2023-04-25 15:30:00-04:00,42.0,42.04999923706055,41.868099212646484,41.868099212646484,0,0.0,0.0,0.0
2023-04-26 10:30:00-04:00,42.349998474121094,42.36000061035156,42.349998474121094,42.36000061035156,301,0.0,0.0,0.0
2023-04-26 11:30:00-04:00,42.380001068115234,42.43000030517578,42.380001068115234,42.43000030517578,225,0.0,0.0,0.0
2023-04-26 12:30:00-04:00,42.38999938964844,42.38999938964844,42.38999938964844,42.38999938964844,0,0.0,0.0,0.0
2023-04-26 14:30:00-04:00,42.099998474121094,42.099998474121094,42.0099983215332,42.0099983215332,847,0.0,0.0,0.0
2023-04-26 15:30:00-04:00,41.970001220703125,42.09590148925781,41.970001220703125,42.09590148925781,601,0.0,0.0,0.0
2023-04-27 09:30:00-04:00,42.380001068115234,42.400001525878906,42.380001068115234,42.400001525878906,0,0.0,0.0,0.0
2023-04-27 10:30:00-04:00,42.45000076293945,42.45000076293945,42.45000076293945,42.45000076293945,158,0.0,0.0,0.0
2023-04-27 11:30:00-04:00,42.58000183105469,42.58000183105469,42.58000183105469,42.58000183105469,173,0.0,0.0,0.0
2023-04-27 12:30:00-04:00,42.83000183105469,42.83000183105469,42.83000183105469,42.83000183105469,103,0.0,0.0,0.0
2023-04-27 13:30:00-04:00,42.9900016784668,42.9900016784668,42.9900016784668,42.9900016784668,101,0.0,0.0,0.0
2023-04-27 14:30:00-04:00,42.91999816894531,42.91999816894531,42.75360107421875,42.75360107421875,765,0.0,0.0,0.0
2023-04-28 09:30:00-04:00,42.470001220703125,42.47200012207031,42.2400016784668,42.47200012207031,783,0.0,0.0,0.0
2023-04-28 11:30:00-04:00,42.439998626708984,42.439998626708984,42.439998626708984,42.439998626708984,102,0.0,0.0,0.0
2023-04-28 12:30:00-04:00,42.52000045776367,42.560001373291016,42.4900016784668,42.4900016784668,342,0.0,0.0,0.0
2023-04-28 13:30:00-04:00,42.42789840698242,42.47999954223633,42.40999984741211,42.40999984741211,1221,0.0,0.0,0.0
2023-04-28 15:30:00-04:00,42.369998931884766,42.5077018737793,42.369998931884766,42.5077018737793,201,0.0,0.0,0.0
2023-05-01 09:30:00-04:00,42.18000030517578,42.43000030517578,42.18000030517578,42.43000030517578,0,0.0,0.0,0.0
2023-05-01 10:30:00-04:00,42.630001068115234,42.630001068115234,42.400001525878906,42.400001525878906,574,0.0,0.0,0.0
2023-05-01 11:30:00-04:00,42.369998931884766,42.439998626708984,42.28010177612305,42.439998626708984,856,0.0,0.0,0.0
2023-05-01 12:30:00-04:00,42.5,42.56999969482422,42.5,42.56999969482422,244,0.0,0.0,0.0
2023-05-01 13:30:00-04:00,42.47999954223633,42.47999954223633,42.459999084472656,42.459999084472656,235,0.0,0.0,0.0
2023-05-01 14:30:00-04:00,42.33000183105469,42.470001220703125,42.33000183105469,42.40230178833008,877,0.0,0.0,0.0
2023-05-01 15:30:00-04:00,42.400001525878906,42.49079895019531,42.400001525878906,42.49079895019531,386,0.0,0.0,0.0
2023-05-02 09:30:00-04:00,42.29999923706055,42.29999923706055,41.84000015258789,41.84000015258789,0,0.0,0.0,0.0
2023-05-02 10:30:00-04:00,41.470001220703125,41.59000015258789,41.470001220703125,41.59000015258789,0,0.0,0.0,0.0
2023-05-02 11:30:00-04:00,41.54999923706055,41.66999816894531,41.54999923706055,41.66999816894531,2479,0.0,0.0,0.0
2023-05-02 13:30:00-04:00,41.72999954223633,41.72999954223633,41.72999954223633,41.72999954223633,216,0.0,0.0,0.0
2023-05-02 14:30:00-04:00,41.70790100097656,41.70790100097656,41.6083984375,41.6083984375,0,0.0,0.0,0.0
2023-05-03 09:30:00-04:00,41.59000015258789,41.630001068115234,41.59000015258789,41.630001068115234,361,0.0,0.0,0.0
2023-05-03 10:30:00-04:00,41.64390182495117,41.64390182495117,41.540000915527344,41.58000183105469,600,0.0,0.0,0.0
2023-05-03 11:30:00-04:00,41.56999969482422,41.66999816894531,41.56999969482422,41.619998931884766,404,0.0,0.0,0.0
2023-05-03 14:30:00-04:00,41.400001525878906,41.45000076293945,41.1885986328125,41.1885986328125,340,0.0,0.0,0.0
2023-05-04 09:30:00-04:00,41.314998626708984,41.314998626708984,41.314998626708984,41.314998626708984,0,0.0,0.0,0.0
2023-05-04 11:30:00-04:00,41.08530044555664,41.150001525878906,41.08530044555664,41.150001525878906,447,0.0,0.0,0.0
2023-05-04 13:30:00-04:00,41.16999816894531,41.16999816894531,41.16999816894531,41.16999816894531,105,0.0,0.0,0.0
2023-05-04 14:30:00-04:00,41.02000045776367,41.02000045776367,41.02000045776367,41.02000045776367,177,0.0,0.0,0.0
2023-05-04 15:30:00-04:00,40.939998626708984,41.02000045776367,40.939998626708984,40.959999084472656,416,0.0,0.0,0.0
2023-05-05 09:30:00-04:00,41.34000015258789,41.34000015258789,41.34000015258789,41.34000015258789,0,0.0,0.0,0.0
2023-05-05 10:30:00-04:00,41.54970169067383,41.54970169067383,41.54970169067383,41.54970169067383,476,0.0,0.0,0.0
2023-05-05 13:30:00-04:00,41.7400016784668,41.7400016784668,41.7400016784668,41.7400016784668,100,0.0,0.0,0.0
2023-05-05 14:30:00-04:00,41.900001525878906,41.900001525878906,41.81209945678711,41.81209945678711,167,0.0,0.0,0.0
2023-05-08 09:30:00-04:00,42.0,42.23500061035156,42.0,42.23500061035156,584,0.0,0.0,0.0
2023-05-08 11:30:00-04:00,42.369998931884766,42.369998931884766,42.369998931884766,42.369998931884766,103,0.0,0.0,0.0
2023-05-08 12:30:00-04:00,42.33000183105469,42.33000183105469,42.33000183105469,42.33000183105469,210,0.0,0.0,0.0
2023-05-08 13:30:00-04:00,42.483699798583984,42.54999923706055,42.412498474121094,42.412498474121094,604,0.0,0.0,0.0
2023-05-08 14:30:00-04:00,42.448299407958984,42.5099983215332,42.448299407958984,42.448299407958984,0,0.0,0.0,0.0
2023-05-09 09:30:00-04:00,42.130001068115234,42.400001525878906,42.130001068115234,42.400001525878906,627,0.0,0.0,0.0
2023-05-09 10:30:00-04:00,42.459999084472656,42.459999084472656,42.459999084472656,42.459999084472656,177,0.0,0.0,0.0
2023-05-09 14:30:00-04:00,42.529998779296875,42.529998779296875,42.439998626708984,42.439998626708984,300,0.0,0.0,0.0
2023-05-09 15:30:00-04:00,42.459999084472656,42.459999084472656,42.40810012817383,42.40810012817383,0,0.0,0.0,0.0
2023-05-10 09:30:00-04:00,42.47999954223633,42.709999084472656,42.47999954223633,42.70000076293945,1536,0.0,0.0,0.0
2023-05-10 10:30:00-04:00,42.941001892089844,42.941001892089844,42.731201171875,42.91999816894531,0,0.0,0.0,0.0
2023-05-10 12:30:00-04:00,42.97999954223633,43.06999969482422,42.790000915527344,42.790000915527344,3368,0.0,0.0,0.0
2023-05-10 13:30:00-04:00,42.79999923706055,42.79999923706055,42.79999923706055,42.79999923706055,148,0.0,0.0,0.0
2023-05-10 14:30:00-04:00,42.88999938964844,42.96780014038086,42.880001068115234,42.96780014038086,244,0.0,0.0,0.0
2023-05-11 10:30:00-04:00,42.83000183105469,42.83000183105469,42.83000183105469,42.83000183105469,0,0.0,0.0,0.0
2023-05-11 11:30:00-04:00,42.869998931884766,42.869998931884766,42.849998474121094,42.849998474121094,422,0.0,0.0,0.0
2023-05-11 13:30:00-04:00,42.84000015258789,42.913299560546875,42.84000015258789,42.913299560546875,125,0.0,0.0,0.0
2023-05-12 09:30:00-04:00,42.7400016784668,42.7400016784668,42.7400016784668,42.7400016784668,0,0.0,0.0,0.0
2023-05-12 11:30:00-04:00,42.47999954223633,42.47999954223633,42.47999954223633,42.47999954223633,217,0.0,0.0,0.0
2023-05-12 12:30:00-04:00,42.45000076293945,42.45000076293945,42.34000015258789,42.34000015258789,497,0.0,0.0,0.0
2023-05-12 13:30:00-04:00,42.290000915527344,42.38999938964844,42.290000915527344,42.38999938964844,600,0.0,0.0,0.0
2023-05-12 14:30:00-04:00,42.310001373291016,42.499298095703125,42.310001373291016,42.38999938964844,400,0.0,0.0,0.0
2023-05-15 09:30:00-04:00,42.310001373291016,42.310001373291016,42.310001373291016,42.310001373291016,562,0.0,0.0,0.0
2023-05-15 14:30:00-04:00,43.16999816894531,43.18000030517578,43.09000015258789,43.12480163574219,0,0.0,0.0,0.0
2023-05-16 09:30:00-04:00,43.0098991394043,43.0099983215332,42.83000183105469,43.0,1397,0.0,0.0,0.0
2023-05-16 11:30:00-04:00,43.099998474121094,43.099998474121094,43.099998474121094,43.099998474121094,157,0.0,0.0,0.0
2023-05-16 12:30:00-04:00,43.33000183105469,43.369998931884766,43.33000183105469,43.369998931884766,529,0.0,0.0,0.0
2023-05-16 13:30:00-04:00,43.459999084472656,43.5,43.40010070800781,43.40010070800781,0,0.0,0.0,0.0
2023-05-17 09:30:00-04:00,43.25,44.420101165771484,43.25,44.420101165771484,1388,0.0,0.0,0.0
2023-05-18 09:30:00-04:00,44.22999954223633,44.540000915527344,44.22999954223633,44.540000915527344,408,0.0,0.0,0.0
2023-05-18 10:30:00-04:00,44.810001373291016,44.810001373291016,44.779998779296875,44.779998779296875,246,0.0,0.0,0.0
2023-05-18 12:30:00-04:00,44.727298736572266,44.727298736572266,44.727298736572266,44.727298736572266,107,0.0,0.0,0.0
2023-05-18 14:30:00-04:00,45.0099983215332,45.0099983215332,45.0099983215332,45.0099983215332,104,0.0,0.0,0.0
2023-05-18 15:30:00-04:00,45.144798278808594,45.144798278808594,45.004798889160156,45.144798278808594,4035,0.0,0.0,0.0
2023-05-19 09:30:00-04:00,44.9640007019043,45.119998931884766,44.9640007019043,45.119998931884766,0,0.0,0.0,0.0
2023-05-22 09:30:00-04:00,45.5099983215332,45.529998779296875,45.49720001220703,45.529998779296875,213,0.0,0.0,0.0
2023-05-22 12:30:00-04:00,45.810001373291016,45.810001373291016,45.77000045776367,45.77000045776367,603,0.0,0.0,0.0
2023-05-22 13:30:00-04:00,45.77000045776367,45.77000045776367,45.77000045776367,45.77000045776367,201,0.0,0.0,0.0
2023-05-22 14:30:00-04:00,45.69779968261719,45.83000183105469,45.69779968261719,45.69779968261719,0,0.0,0.0,0.0
2023-05-23 12:30:00-04:00,45.520198822021484,45.520198822021484,45.520198822021484,45.520198822021484,390,0.0,0.0,0.0
2023-05-23 13:30:00-04:00,45.43000030517578,45.43000030517578,45.17639923095703,45.17639923095703,0,0.0,0.0,0.0
2023-05-24 09:30:00-04:00,44.78160095214844,44.78160095214844,44.78160095214844,44.78160095214844,256,0.0,0.0,0.0
2023-05-24 13:30:00-04:00,45.16569900512695,45.16569900512695,45.16569900512695,45.16569900512695,390,0.0,0.0,0.0
2023-05-24 14:30:00-04:00,45.130001068115234,45.279998779296875,45.130001068115234,45.279998779296875,547,0.0,0.0,0.0
2023-05-24 15:30:00-04:00,45.21039962768555,45.21039962768555,45.20669937133789,45.20669937133789,0,0.0,0.0,0.0
2023-05-25 09:30:00-04:00,45.582801818847656,45.622798919677734,45.56999969482422,45.622798919677734,883,0.0,0.0,0.0
2023-05-25 10:30:00-04:00,45.43669891357422,45.43669891357422,45.43669891357422,45.43669891357422,506,0.0,0.0,0.0
2023-05-25 13:30:00-04:00,45.6614990234375,45.6614990234375,45.599998474121094,45.6614990234375,276,0.0,0.0,0.0
2023-05-26 10:30:00-04:00,47.42430114746094,47.42430114746094,47.297000885009766,47.297000885009766,231,0.0,0.0,0.0
2023-05-26 14:30:00-04:00,47.63010025024414,47.63010025024414,47.63010025024414,47.63010025024414,189,0.0,0.0,0.0
2023-05-26 15:30:00-04:00,47.66189956665039,47.66189956665039,47.64459991455078,47.64459991455078,109,0.0,0.0,0.0
2023-05-30 09:30:00-04:00,48.11000061035156,48.51499938964844,47.93629837036133,47.93629837036133,911,0.0,0.0,0.0
2023-05-30 11:30:00-04:00,48.135398864746094,48.135398864746094,48.135398864746094,48.135398864746094,406,0.0,0.0,0.0
2023-05-30 14:30:00-04:00,47.95429992675781,48.08000183105469,47.95429992675781,47.95429992675781,0,0.0,0.0,0.0
2023-05-31 15:30:00-04:00,48.35179901123047,48.369998931884766,48.35179901123047,48.35179901123047,274,0.0,0.0,0.0
2023-06-01 10:30:00-04:00,47.830101013183594,48.20640182495117,47.830101013183594,48.20640182495117,100,0.0,0.0,0.0
2023-06-02 09:30:00-04:00,47.86000061035156,47.86000061035156,47.86000061035156,47.86000061035156,0,0.0,0.0,0.0
2023-06-02 10:30:00-04:00,48.10499954223633,48.13999938964844,48.060001373291016,48.13999938964844,1340,0.0,0.0,0.0
2023-06-02 12:30:00-04:00,48.099998474121094,48.244998931884766,48.099998474121094,48.20439910888672,1558,0.0,0.0,0.0
2023-06-02 13:30:00-04:00,48.15999984741211,48.15999984741211,48.05189895629883,48.05189895629883,283,0.0,0.0,0.0
2023-06-05 09:30:00-04:00,47.66999816894531,47.66999816894531,47.66999816894531,47.66999816894531,0,0.0,0.0,0.0
2023-06-05 10:30:00-04:00,47.70000076293945,47.70000076293945,47.70000076293945,47.70000076293945,353,0.0,0.0,0.0
2023-06-05 13:30:00-04:00,48.01210021972656,48.01210021972656,47.95000076293945,48.01210021972656,110,0.0,0.0,0.0
2023-06-06 14:30:00-04:00,48.47999954223633,48.47999954223633,48.47999954223633,48.47999954223633,0,0.0,0.0,0.0
2023-06-06 15:30:00-04:00,48.4390983581543,48.4390983581543,48.4390983581543,48.4390983581543,0,0.0,0.0,0.0
2023-06-07 12:30:00-04:00,47.45000076293945,47.45000076293945,47.30440139770508,47.30440139770508,994,0.0,0.0,0.0
2023-06-08 09:30:00-04:00,46.900001525878906,47.24169921875,46.900001525878906,47.17499923706055,904,0.0,0.0,0.0
2023-06-08 13:30:00-04:00,47.255699157714844,47.255699157714844,47.213600158691406,47.213600158691406,262,0.0,0.0,0.0
2023-06-08 15:30:00-04:00,47.53340148925781,47.53340148925781,47.427398681640625,47.427398681640625,0,0.0,0.0,0.0
2023-06-09 10:30:00-04:00,48.122501373291016,48.122501373291016,48.122501373291016,48.122501373291016,198,0.0,0.0,0.0
2023-06-09 11:30:00-04:00,47.58000183105469,47.58000183105469,47.58000183105469,47.58000183105469,318,0.0,0.0,0.0
2023-06-09 14:30:00-04:00,47.499298095703125,47.499298095703125,47.499298095703125,47.499298095703125,150,0.0,0.0,0.0
2023-06-09 15:30:00-04:00,47.382198333740234,47.38629913330078,47.382198333740234,47.38629913330078,100,0.0,0.0,0.0
2023-06-12 09:30:00-04:00,47.650001525878906,47.650001525878906,47.650001525878906,47.650001525878906,0,0.0,0.0,0.0
2023-06-12 14:30:00-04:00,48.47999954223633,48.47999954223633,48.47999954223633,48.47999954223633,140,0.0,0.0,0.0
2023-06-12 15:30:00-04:00,48.47999954223633,48.53990173339844,48.47999954223633,48.53990173339844,101,0.0,0.0,0.0
2023-06-13 09:30:00-04:00,48.9900016784668,49.31999969482422,48.9900016784668,49.31999969482422,81,0.0,0.0,0.0
2023-06-13 12:30:00-04:00,49.31999969482422,49.31999969482422,49.31999969482422,49.31999969482422,289,0.0,0.0,0.0
2023-06-13 13:30:00-04:00,49.220001220703125,49.220001220703125,49.220001220703125,49.220001220703125,105,0.0,0.0,0.0
2023-06-13 14:30:00-04:00,49.22999954223633,49.22999954223633,49.22999954223633,49.22999954223633,200,0.0,0.0,0.0
2023-06-13 15:30:00-04:00,49.29499816894531,49.310298919677734,49.29499816894531,49.310298919677734,0,0.0,0.0,0.0
2023-06-14 13:30:00-04:00,49.58150100708008,49.58150100708008,49.58150100708008,49.58150100708008,536,0.0,0.0,0.0
2023-06-14 15:30:00-04:00,49.50790023803711,49.50790023803711,49.50790023803711,49.50790023803711,0,0.0,0.0,0.0
2023-06-15 14:30:00-04:00,50.392799377441406,50.392799377441406,50.35919952392578,50.392799377441406,492,0.0,0.0,0.0
2023-06-16 13:30:00-04:00,49.95500183105469,49.95500183105469,49.95500183105469,49.95500183105469,350,0.0,0.0,0.0
2023-06-16 15:30:00-04:00,49.814300537109375,49.8213005065918,49.814300537109375,49.8213005065918,100,0.0,0.0,0.0
2023-06-20 09:30:00-04:00,49.369998931884766,49.630001068115234,49.369998931884766,49.630001068115234,4895,0.0,0.0,0.0
2023-06-20 11:30:00-04:00,49.115501403808594,49.115501403808594,49.053199768066406,49.053199768066406,247,0.0,0.0,0.0
2023-06-21 12:30:00-04:00,47.90999984741211,47.90999984741211,47.849998474121094,47.849998474121094,0,0.0,0.0,0.0
2023-06-21 14:30:00-04:00,48.191001892089844,48.191001892089844,47.90610122680664,47.90610122680664,0,0.0,0.0,0.0
2023-06-22 09:30:00-04:00,47.665199279785156,47.665199279785156,47.527400970458984,47.527400970458984,331,0.0,0.0,0.0
2023-06-22 12:30:00-04:00,47.970001220703125,48.16849899291992,47.970001220703125,48.16849899291992,82,0.0,0.0,0.0
2023-06-23 11:30:00-04:00,47.73649978637695,47.783599853515625,47.73649978637695,47.783599853515625,391,0.0,0.0,0.0
2023-06-23 13:30:00-04:00,47.79999923706055,47.79999923706055,47.79999923706055,47.79999923706055,196,0.0,0.0,0.0
2023-06-23 15:30:00-04:00,47.79999923706055,47.79999923706055,47.737998962402344,47.737998962402344,112,0.0,0.0,0.0
2023-06-26 09:30:00-04:00,47.560001373291016,47.560001373291016,47.560001373291016,47.560001373291016,0,0.0,0.0,0.0
2023-06-26 10:30:00-04:00,48.037498474121094,48.037498474121094,47.99100112915039,47.99100112915039,774,0.0,0.0,0.0
2023-06-26 11:30:00-04:00,47.87670135498047,47.87670135498047,47.87670135498047,47.87670135498047,434,0.0,0.0,0.0
2023-06-26 14:30:00-04:00,47.51179885864258,47.72100067138672,47.51179885864258,47.51179885864258,0,0.0,0.0,0.0
2023-06-27 13:30:00-04:00,48.42900085449219,48.42900085449219,48.42900085449219,48.42900085449219,596,0.0,0.0,0.0
2023-06-27 14:30:00-04:00,48.52000045776367,48.52000045776367,48.364200592041016,48.364200592041016,0,0.0,0.0,0.0
2023-06-28 11:30:00-04:00,48.7151985168457,48.7151985168457,48.71310043334961,48.71310043334961,409,0.0,0.0,0.0
2023-06-28 13:30:00-04:00,48.36000061035156,48.36000061035156,48.36000061035156,48.36000061035156,0,0.0,0.0,0.0
2023-06-28 14:30:00-04:00,48.42100143432617,48.42100143432617,48.322898864746094,48.322898864746094,0,0.0,0.0,0.0
2023-06-30 09:30:00-04:00,49.11000061035156,49.11000061035156,49.11000061035156,49.11000061035156,301,0.0,0.0,0.0
2023-06-30 10:30:00-04:00,49.3390007019043,49.3390007019043,49.3390007019043,49.3390007019043,206,0.0,0.0,0.0
2023-06-30 11:30:00-04:00,49.294898986816406,49.294898986816406,49.28139877319336,49.28139877319336,277,0.0,0.0,0.0
2023-07-03 09:30:00-04:00,49.02000045776367,49.02000045776367,49.02000045776367,49.02000045776367,300,0.0,0.0,0.0
2023-07-03 12:30:00-04:00,49.316001892089844,49.316001892089844,49.316001892089844,49.316001892089844,102,0.0,0.0,0.0
2023-07-05 10:30:00-04:00,49.20000076293945,49.20000076293945,49.20000076293945,49.20000076293945,0,0.0,0.0,0.0
2023-07-05 11:30:00-04:00,49.17770004272461,49.308998107910156,49.17770004272461,49.308998107910156,272,0.0,0.0,0.0
2023-07-06 09:30:00-04:00,48.01129913330078,48.01129913330078,48.01129913330078,48.01129913330078,0,0.0,0.0,0.0
2023-07-06 13:30:00-04:00,48.291099548339844,48.34199905395508,48.291099548339844,48.34199905395508,0,0.0,0.0,0.0
2023-07-07 09:30:00-04:00,48.18000030517578,48.18000030517578,48.18000030517578,48.18000030517578,204,0.0,0.0,0.0
2023-07-07 10:30:00-04:00,48.68320083618164,48.68320083618164,48.680999755859375,48.680999755859375,493,0.0,0.0,0.0
2023-07-07 11:30:00-04:00,48.836299896240234,48.836299896240234,48.836299896240234,48.836299896240234,377,0.0,0.0,0.0
2023-07-07 12:30:00-04:00,49.019798278808594,49.16999816894531,48.61320114135742,48.61320114135742,629,0.0,0.0,0.0
2023-07-10 10:30:00-04:00,49.08359909057617,49.08359909057617,49.08359909057617,49.08359909057617,363,0.0,0.0,0.0
2023-07-10 13:30:00-04:00,49.19499969482422,49.3390007019043,49.180999755859375,49.3390007019043,710,0.0,0.0,0.0
2023-07-11 09:30:00-04:00,49.61000061035156,49.61000061035156,49.61000061035156,49.61000061035156,741,0.0,0.0,0.0
2023-07-11 13:30:00-04:00,50.0099983215332,50.095401763916016,50.0099983215332,50.095401763916016,0,0.0,0.0,0.0
2023-07-12 10:30:00-04:00,50.31549835205078,50.31549835205078,50.31549835205078,50.31549835205078,475,0.0,0.0,0.0
2023-07-12 11:30:00-04:00,50.0099983215332,50.06999969482422,50.0099983215332,50.06999969482422,516,0.0,0.0,0.0
2023-07-12 15:30:00-04:00,50.15999984741211,50.15999984741211,50.15760040283203,50.15760040283203,0,0.0,0.0,0.0
2023-07-13 09:30:00-04:00,50.5,51.0099983215332,50.5,51.0099983215332,742,0.0,0.0,0.0
2023-07-13 12:30:00-04:00,51.27000045776367,51.27000045776367,51.27000045776367,51.27000045776367,147,0.0,0.0,0.0
2023-07-13 14:30:00-04:00,51.362701416015625,51.362701416015625,51.31999969482422,51.31999969482422,188,0.0,0.0,0.0
2023-07-14 11:30:00-04:00,51.12009811401367,51.12009811401367,51.12009811401367,51.12009811401367,0,0.0,0.0,0.0
2023-07-14 14:30:00-04:00,50.72999954223633,50.72999954223633,50.72999954223633,50.72999954223633,131,0.0,0.0,0.0
2023-07-17 09:30:00-04:00,50.970001220703125,51.040000915527344,50.970001220703125,51.040000915527344,564,0.0,0.0,0.0
2023-07-17 12:30:00-04:00,51.279998779296875,51.34749984741211,51.279998779296875,51.34749984741211,393,0.0,0.0,0.0
2023-07-17 14:30:00-04:00,51.30609893798828,51.30609893798828,51.30609893798828,51.30609893798828,0,0.0,0.0,0.0
2023-07-18 10:30:00-04:00,51.407901763916016,51.407901763916016,51.407901763916016,51.407901763916016,292,0.0,0.0,0.0
2023-07-18 12:30:00-04:00,51.60110092163086,51.60110092163086,51.48099899291992,51.48099899291992,478,0.0,0.0,0.0
2023-07-18 14:30:00-04:00,52.0,52.0,52.0,52.0,411,0.0,0.0,0.0
2023-07-18 15:30:00-04:00,51.92770004272461,51.92770004272461,51.862300872802734,51.862300872802734,0,0.0,0.0,0.0
2023-07-19 09:30:00-04:00,52.220001220703125,52.5,52.220001220703125,52.5,687,0.0,0.0,0.0
2023-07-19 10:30:00-04:00,53.005001068115234,53.005001068115234,53.005001068115234,53.005001068115234,463,0.0,0.0,0.0
2023-07-19 14:30:00-04:00,52.23460006713867,52.45000076293945,52.23460006713867,52.45000076293945,633,0.0,0.0,0.0
2023-07-19 15:30:00-04:00,52.439998626708984,52.459999084472656,52.399898529052734,52.399898529052734,526,0.0,0.0,0.0
2023-07-20 09:30:00-04:00,51.709999084472656,51.709999084472656,51.709999084472656,51.709999084472656,0,0.0,0.0,0.0
2023-07-20 14:30:00-04:00,50.662200927734375,50.720001220703125,50.630001068115234,50.71870040893555,0,0.0,0.0,0.0
2023-07-21 09:30:00-04:00,50.83700180053711,50.83700180053711,50.83700180053711,50.83700180053711,182,0.0,0.0,0.0
2023-07-21 10:30:00-04:00,50.84000015258789,51.08000183105469,50.84000015258789,50.9900016784668,724,0.0,0.0,0.0
2023-07-21 11:30:00-04:00,51.150001525878906,51.150001525878906,50.84000015258789,50.900001525878906,1999,0.0,0.0,0.0
2023-07-21 12:30:00-04:00,50.82099914550781,50.82099914550781,50.82099914550781,50.82099914550781,114,0.0,0.0,0.0
2023-07-21 15:30:00-04:00,50.6505012512207,50.6505012512207,50.64099884033203,50.64099884033203,315,0.0,0.0,0.0
2023-07-24 10:30:00-04:00,50.66999816894531,50.66999816894531,50.66999816894531,50.66999816894531,157,0.0,0.0,0.0
2023-07-24 11:30:00-04:00,50.619998931884766,50.619998931884766,50.619998931884766,50.619998931884766,172,0.0,0.0,0.0
2023-07-24 14:30:00-04:00,50.58100128173828,50.58100128173828,50.57360076904297,50.57360076904297,257,0.0,0.0,0.0
2023-07-25 09:30:00-04:00,50.560001373291016,50.560001373291016,50.560001373291016,50.560001373291016,0,0.0,0.0,0.0
2023-07-25 12:30:00-04:00,50.88669967651367,50.88669967651367,50.88669967651367,50.88669967651367,0,0.0,0.0,0.0
2023-07-26 13:30:00-04:00,50.99769973754883,50.99769973754883,50.99769973754883,50.99769973754883,0,0.0,0.0,0.0
2023-07-27 10:30:00-04:00,51.459999084472656,51.459999084472656,51.459999084472656,51.459999084472656,796,0.0,0.0,0.0
2023-07-27 12:30:00-04:00,51.632198333740234,51.632198333740234,51.632198333740234,51.632198333740234,185,0.0,0.0,0.0
2023-07-27 14:30:00-04:00,50.55099868774414,50.632598876953125,50.55099868774414,50.632598876953125,300,0.0,0.0,0.0
2023-07-28 09:30:00-04:00,51.04999923706055,51.464599609375,51.04999923706055,51.464599609375,0,0.0,0.0,0.0
2023-07-31 09:30:00-04:00,51.47999954223633,51.47999954223633,51.47999954223633,51.47999954223633,132,0.0,0.0,0.0
2023-07-31 10:30:00-04:00,52.02000045776367,52.075199127197266,52.02000045776367,52.075199127197266,715,0.0,0.0,0.0
2023-07-31 11:30:00-04:00,52.269901275634766,52.269901275634766,52.14059829711914,52.14059829711914,0,0.0,0.0,0.0
2023-08-01 09:30:00-04:00,51.78900146484375,51.84450149536133,51.78900146484375,51.84450149536133,324,0.0,0.0,0.0
2023-08-01 11:30:00-04:00,52.03010177612305,52.292701721191406,52.03010177612305,52.292701721191406,0,0.0,0.0,0.0
2023-08-02 11:30:00-04:00,50.209999084472656,50.209999084472656,50.209999084472656,50.209999084472656,101,0.0,0.0,0.0
2023-08-02 12:30:00-04:00,50.31010055541992,50.31010055541992,50.31010055541992,50.31010055541992,502,0.0,0.0,0.0
2023-08-02 14:30:00-04:00,50.42100143432617,50.42100143432617,50.42100143432617,50.42100143432617,119,0.0,0.0,0.0
2023-08-02 15:30:00-04:00,50.29710006713867,50.29710006713867,50.2400016784668,50.29710006713867,101,0.0,0.0,0.0
2023-08-03 09:30:00-04:00,50.10219955444336,50.10219955444336,50.10219955444336,50.10219955444336,0,0.0,0.0,0.0
2023-08-03 11:30:00-04:00,50.49570083618164,50.49570083618164,50.08359909057617,50.08359909057617,0,0.0,0.0,0.0
2023-08-07 11:30:00-04:00,49.69219970703125,50.30070114135742,49.69219970703125,50.30070114135742,0,0.0,0.0,0.0
2023-08-08 09:30:00-04:00,49.33000183105469,49.33000183105469,48.93410110473633,48.93410110473633,838,0.0,0.0,0.0
2023-08-09 10:30:00-04:00,48.7599983215332,48.7599983215332,48.7599983215332,48.7599983215332,204,0.0,0.0,0.0
2023-08-09 13:30:00-04:00,49.02000045776367,49.18790054321289,48.89189910888672,49.18790054321289,859,0.0,0.0,0.0
2023-08-10 09:30:00-04:00,49.92900085449219,49.95500183105469,49.92900085449219,49.95500183105469,0,0.0,0.0,0.0
2023-08-10 12:30:00-04:00,49.05630111694336,49.05630111694336,49.05630111694336,49.05630111694336,525,0.0,0.0,0.0
2023-08-10 14:30:00-04:00,49.140098571777344,49.140098571777344,49.140098571777344,49.140098571777344,0,0.0,0.0,0.0
2023-08-11 09:30:00-04:00,48.880001068115234,49.0,48.880001068115234,49.0,3928,0.0,0.0,0.0
2023-08-11 11:30:00-04:00,48.75,48.8838005065918,48.75,48.8838005065918,187,0.0,0.0,0.0
2023-08-14 11:30:00-04:00,49.36000061035156,49.36000061035156,49.36000061035156,49.36000061035156,0,0.0,0.0,0.0
2023-08-14 14:30:00-04:00,49.190101623535156,49.3942985534668,49.190101623535156,49.3942985534668,0,0.0,0.0,0.0
2023-08-15 13:30:00-04:00,49.00749969482422,49.00749969482422,49.00749969482422,49.00749969482422,318,0.0,0.0,0.0
2023-08-15 15:30:00-04:00,48.824501037597656,48.824501037597656,48.824501037597656,48.824501037597656,0,0.0,0.0,0.0
2023-08-16 09:30:00-04:00,48.68000030517578,48.68000030517578,48.68000030517578,48.68000030517578,127,0.0,0.0,0.0
2023-08-16 11:30:00-04:00,48.428001403808594,48.428001403808594,48.428001403808594,48.428001403808594,0,0.0,0.0,0.0
2023-08-17 10:30:00-04:00,48.060001373291016,48.060001373291016,48.060001373291016,48.060001373291016,1272,0.0,0.0,0.0
2023-08-17 15:30:00-04:00,47.79999923706055,47.79999923706055,47.79999923706055,47.79999923706055,0,0.0,0.0,0.0
2023-08-18 10:30:00-04:00,47.65769958496094,47.65769958496094,47.65769958496094,47.65769958496094,161,0.0,0.0,0.0
2023-08-18 11:30:00-04:00,47.720001220703125,47.720001220703125,47.720001220703125,47.720001220703125,132,0.0,0.0,0.0
2023-08-18 12:30:00-04:00,47.75,47.75,47.66960144042969,47.66960144042969,823,0.0,0.0,0.0
2023-08-18 13:30:00-04:00,47.79999923706055,47.79999923706055,47.77640151977539,47.77640151977539,143,0.0,0.0,0.0
2023-08-21 09:30:00-04:00,48.119998931884766,48.119998931884766,48.119998931884766,48.119998931884766,0,0.0,0.0,0.0
2023-08-21 13:30:00-04:00,48.696998596191406,48.75040054321289,48.60100173950195,48.60100173950195,0,0.0,0.0,0.0
2023-08-23 09:30:00-04:00,48.56999969482422,48.56999969482422,48.56999969482422,48.56999969482422,252,0.0,0.0,0.0
2023-08-23 13:30:00-04:00,49.6609992980957,49.66999816894531,49.6609992980957,49.66999816894531,881,0.0,0.0,0.0
2023-08-23 15:30:00-04:00,49.66999816894531,49.68000030517578,49.52920150756836,49.52920150756836,0,0.0,0.0,0.0
2023-08-24 15:30:00-04:00,48.31999969482422,48.31999969482422,48.31999969482422,48.31999969482422,904,0.0,0.0,0.0
2023-08-25 09:30:00-04:00,48.44029998779297,48.44029998779297,48.44029998779297,48.44029998779297,0,0.0,0.0,0.0
2023-08-25 10:30:00-04:00,48.30500030517578,48.30500030517578,47.950199127197266,47.950199127197266,344,0.0,0.0,0.0
2023-08-28 11:30:00-04:00,49.110198974609375,49.110198974609375,49.110198974609375,49.110198974609375,265,0.0,0.0,0.0
2023-08-28 13:30:00-04:00,49.06999969482422,49.162899017333984,49.06999969482422,49.162899017333984,0,0.0,0.0,0.0
2023-08-29 09:30:00-04:00,48.93000030517578,49.119998931884766,48.93000030517578,49.119998931884766,470,0.0,0.0,0.0
2023-08-29 13:30:00-04:00,49.99420166015625,50.060001373291016,49.98099899291992,49.98099899291992,887,0.0,0.0,0.0
2023-08-29 14:30:00-04:00,50.006900787353516,50.006900787353516,50.006900787353516,50.006900787353516,0,0.0,0.0,0.0
2023-08-30 09:30:00-04:00,49.80659866333008,49.80659866333008,49.80659866333008,49.80659866333008,334,0.0,0.0,0.0
2023-08-30 10:30:00-04:00,50.0,50.0,50.0,50.0,227,0.0,0.0,0.0
2023-08-30 11:30:00-04:00,50.18000030517578,50.18000030517578,50.18000030517578,50.18000030517578,583,0.0,0.0,0.0
2023-08-30 15:30:00-04:00,50.150001525878906,50.150001525878906,50.09000015258789,50.09000015258789,0,0.0,0.0,0.0
2023-08-31 09:30:00-04:00,51.02009963989258,51.02009963989258,51.00339889526367,51.00339889526367,78,0.0,0.0,0.0
2023-09-01 15:30:00-04:00,51.20000076293945,51.20759963989258,51.20000076293945,51.20759963989258,295,0.0,0.0,0.0
2023-09-05 09:30:00-04:00,50.91999816894531,50.91999816894531,50.91999816894531,50.91999816894531,63,0.0,0.0,0.0
2023-09-05 14:30:00-04:00,51.314998626708984,51.31999969482422,51.24599838256836,51.24599838256836,1518,0.0,0.0,0.0
2023-09-06 09:30:00-04:00,50.959999084472656,50.959999084472656,50.959999084472656,50.959999084472656,0,0.0,0.0,0.0
2023-09-06 15:30:00-04:00,51.06999969482422,51.18299865722656,51.06999969482422,51.18299865722656,0,0.0,0.0,0.0
2023-09-07 09:30:00-04:00,50.529998779296875,50.529998779296875,50.529998779296875,50.529998779296875,501,0.0,0.0,0.0
2023-09-07 12:30:00-04:00,50.83100128173828,50.83100128173828,50.83100128173828,50.83100128173828,129,0.0,0.0,0.0
2023-09-07 14:30:00-04:00,50.875,50.92499923706055,50.875,50.91999816894531,713,0.0,0.0,0.0
2023-09-07 15:30:00-04:00,50.689998626708984,50.689998626708984,50.608299255371094,50.608299255371094,0,0.0,0.0,0.0
2023-09-11 09:30:00-04:00,51.06999969482422,51.06999969482422,51.06999969482422,51.06999969482422,44,0.0,0.0,0.0
2023-09-11 11:30:00-04:00,50.729000091552734,50.729000091552734,50.729000091552734,50.729000091552734,305,0.0,0.0,0.0
2023-09-11 15:30:00-04:00,51.0,51.0,50.86320114135742,50.86320114135742,0,0.0,0.0,0.0
2023-09-12 09:30:00-04:00,50.49580001831055,50.49580001831055,50.49580001831055,50.49580001831055,120,0.0,0.0,0.0
2023-09-12 10:30:00-04:00,50.095001220703125,50.095001220703125,50.095001220703125,50.095001220703125,280,0.0,0.0,0.0
2023-09-12 12:30:00-04:00,50.17499923706055,50.17499923706055,50.16999816894531,50.16999816894531,388,0.0,0.0,0.0
2023-09-12 14:30:00-04:00,49.880001068115234,49.92499923706055,49.85459899902344,49.85459899902344,3442,0.0,0.0,0.0
2023-09-13 09:30:00-04:00,49.70000076293945,49.70000076293945,49.70000076293945,49.70000076293945,352,0.0,0.0,0.0
2023-09-13 12:30:00-04:00,49.81999969482422,49.880001068115234,49.81999969482422,49.880001068115234,505,0.0,0.0,0.0
2023-09-13 14:30:00-04:00,49.67490005493164,49.739898681640625,49.67490005493164,49.739898681640625,507,0.0,0.0,0.0
2023-09-13 15:30:00-04:00,49.65480041503906,49.735801696777344,49.65480041503906,49.735801696777344,0,0.0,0.0,0.0
2023-09-14 11:30:00-04:00,49.51029968261719,49.99440002441406,49.51029968261719,49.99440002441406,127,0.0,0.0,0.0
2023-09-15 09:30:00-04:00,49.494998931884766,49.494998931884766,49.494998931884766,49.494998931884766,146,0.0,0.0,0.0
2023-09-15 14:30:00-04:00,49.109100341796875,49.11410140991211,49.109100341796875,49.11410140991211,500,0.0,0.0,0.0
2023-09-18 09:30:00-04:00,48.96009826660156,48.9901008605957,48.93870162963867,48.93870162963867,0,0.0,0.0,0.0
2023-09-19 09:30:00-04:00,48.709999084472656,48.72119903564453,48.630001068115234,48.630001068115234,0,0.0,0.0,0.0
2023-09-20 09:30:00-04:00,48.849998474121094,48.849998474121094,48.57360076904297,48.57360076904297,615,0.0,0.0,0.0
2023-09-21 09:30:00-04:00,47.90999984741211,47.90999984741211,47.3672981262207,47.3672981262207,0,0.0,0.0,0.0
2023-09-22 09:30:00-04:00,47.77000045776367,47.964599609375,47.63999938964844,47.649898529052734,4932,0.0,0.0,0.0
2023-09-22 10:30:00-04:00,47.79999923706055,47.79999923706055,47.79999923706055,47.79999923706055,665,0.0,0.0,0.0
2023-09-22 11:30:00-04:00,47.810001373291016,47.810001373291016,47.779998779296875,47.792301177978516,1243,0.0,0.0,0.0
2023-09-22 13:30:00-04:00,47.619998931884766,47.63990020751953,47.619998931884766,47.619998931884766,1026,0.0,0.0,0.0
2023-09-22 15:30:00-04:00,47.47999954223633,47.47999954223633,47.47999954223633,47.47999954223633,100,0.0,0.0,0.0
2023-09-25 09:30:00-04:00,47.2599983215332,47.45330047607422,47.150001525878906,47.45330047607422,2608,0.0,0.0,0.0
2023-09-25 11:30:00-04:00,47.31999969482422,47.31999969482422,47.31999969482422,47.31999969482422,274,0.0,0.0,0.0
2023-09-25 12:30:00-04:00,47.43000030517578,47.43000030517578,47.43000030517578,47.43000030517578,136,0.0,0.0,0.0
2023-09-25 14:30:00-04:00,47.439998626708984,47.439998626708984,47.24100112915039,47.24100112915039,375,0.0,0.0,0.0
2023-09-25 15:30:00-04:00,47.2599983215332,47.380001068115234,47.2599983215332,47.380001068115234,0,0.0,0.0,0.0
2023-09-26 09:30:00-04:00,47.224998474121094,47.224998474121094,47.059898376464844,47.059898376464844,808,0.0,0.0,0.0
2023-09-26 11:30:00-04:00,46.7400016784668,46.7400016784668,46.7400016784668,46.7400016784668,775,0.0,0.0,0.0
2023-09-26 12:30:00-04:00,46.7599983215332,46.7599983215332,46.64500045776367,46.64500045776367,501,0.0,0.0,0.0
2023-09-26 13:30:00-04:00,46.649898529052734,46.649898529052734,46.63869857788086,46.63990020751953,492,0.0,0.0,0.0
2023-09-26 15:30:00-04:00,46.61989974975586,46.61989974975586,46.54899978637695,46.54899978637695,0,0.0,0.0,0.0
2023-09-27 09:30:00-04:00,47.04999923706055,47.06549835205078,47.04999923706055,47.06549835205078,634,0.0,0.0,0.0
2023-09-27 12:30:00-04:00,46.6598014831543,46.6598014831543,46.6598014831543,46.6598014831543,740,0.0,0.0,0.0
2023-09-27 15:30:00-04:00,46.939998626708984,47.029998779296875,46.939998626708984,47.029998779296875,235,0.0,0.0,0.0
2023-09-28 09:30:00-04:00,46.68000030517578,47.02000045776367,46.68000030517578,47.02000045776367,427,0.0,0.0,0.0
2023-09-28 12:30:00-04:00,47.63199996948242,47.63199996948242,47.63199996948242,47.63199996948242,1273,0.0,0.0,0.0
2023-09-28 14:30:00-04:00,47.45989990234375,47.52539825439453,47.45989990234375,47.52539825439453,125,0.0,0.0,0.0
2023-09-29 09:30:00-04:00,48.060001373291016,48.2577018737793,48.060001373291016,48.20000076293945,0,0.0,0.0,0.0
2023-09-29 10:30:00-04:00,48.099998474121094,48.099998474121094,48.099998474121094,48.099998474121094,1622,0.0,0.0,0.0
2023-09-29 15:30:00-04:00,47.65140151977539,47.65140151977539,47.65140151977539,47.65140151977539,200,0.0,0.0,0.0
2023-10-02 09:30:00-04:00,47.540000915527344,47.550201416015625,47.540000915527344,47.550201416015625,0,0.0,0.0,0.0
2023-10-03 09:30:00-04:00,47.0099983215332,47.0099983215332,47.0099983215332,47.0099983215332,1495,0.0,0.0,0.0
2023-10-03 10:30:00-04:00,46.685001373291016,46.685001373291016,46.68000030517578,46.68000030517578,823,0.0,0.0,0.0
2023-10-03 12:30:00-04:00,46.545501708984375,46.58000183105469,46.545501708984375,46.58000183105469,367,0.0,0.0,0.0
2023-10-04 09:30:00-04:00,46.5099983215332,46.5099983215332,46.5099983215332,46.5099983215332,490,0.0,0.0,0.0
2023-10-04 11:30:00-04:00,46.525001525878906,46.525001525878906,46.525001525878906,46.525001525878906,173,0.0,0.0,0.0
2023-10-04 13:30:00-04:00,46.470001220703125,46.470001220703125,46.459999084472656,46.459999084472656,955,0.0,0.0,0.0
2023-10-04 14:30:00-04:00,46.547401428222656,46.70500183105469,46.547401428222656,46.70500183105469,579,0.0,0.0,0.0
2023-10-04 15:30:00-04:00,46.79999923706055,46.79999923706055,46.72359848022461,46.72359848022461,0,0.0,0.0,0.0
2023-10-05 09:30:00-04:00,46.79999923706055,46.79999923706055,46.40010070800781,46.499900817871094,1783,0.0,0.0,0.0
2023-10-05 10:30:00-04:00,46.029998779296875,46.029998779296875,46.0099983215332,46.0255012512207,1266,0.0,0.0,0.0
2023-10-05 11:30:00-04:00,46.09000015258789,46.09000015258789,46.09000015258789,46.09000015258789,753,0.0,0.0,0.0
2023-10-05 12:30:00-04:00,46.140499114990234,46.140499114990234,46.140499114990234,46.140499114990234,580,0.0,0.0,0.0
2023-10-05 13:30:00-04:00,46.390098571777344,46.459999084472656,46.390098571777344,46.4359016418457,0,0.0,0.0,0.0
2023-10-06 09:30:00-04:00,46.11000061035156,46.11000061035156,46.099998474121094,46.099998474121094,1415,0.0,0.0,0.0
2023-10-06 10:30:00-04:00,46.849998474121094,47.20000076293945,46.849998474121094,47.20000076293945,1658,0.0,0.0,0.0
2023-10-06 11:30:00-04:00,47.38999938964844,47.63990020751953,47.38999938964844,47.61989974975586,3591,0.0,0.0,0.0
2023-10-09 09:30:00-04:00,47.040000915527344,47.380001068115234,47.040000915527344,47.380001068115234,11783,0.0,0.0,0.0
2023-10-09 10:30:00-04:00,47.709999084472656,47.75,47.38999938964844,47.38999938964844,862,0.0,0.0,0.0
2023-10-09 11:30:00-04:00,47.619998931884766,47.63999938964844,47.619998931884766,47.63999938964844,1212,0.0,0.0,0.0
2023-10-09 13:30:00-04:00,48.0885009765625,48.0885009765625,47.94300079345703,47.94300079345703,0,0.0,0.0,0.0
2023-10-10 09:30:00-04:00,48.31919860839844,48.37620162963867,48.31919860839844,48.37620162963867,731,0.0,0.0,0.0
2023-10-10 10:30:00-04:00,48.65010070800781,48.65010070800781,48.65010070800781,48.65010070800781,130,0.0,0.0,0.0
2023-10-10 11:30:00-04:00,48.685001373291016,48.7599983215332,48.685001373291016,48.7599983215332,388,0.0,0.0,0.0
2023-10-10 13:30:00-04:00,48.400001525878906,48.47010040283203,48.400001525878906,48.47010040283203,0,0.0,0.0,0.0
2023-10-11 09:30:00-04:00,48.470001220703125,48.720001220703125,48.470001220703125,48.720001220703125,436,0.0,0.0,0.0
2023-10-11 10:30:00-04:00,48.65999984741211,48.65999984741211,48.65999984741211,48.65999984741211,309,0.0,0.0,0.0
2023-10-11 13:30:00-04:00,48.310001373291016,48.310001373291016,48.25,48.29119873046875,409,0.0,0.0,0.0
2023-10-11 15:30:00-04:00,48.5099983215332,48.5099983215332,48.5099983215332,48.5099983215332,0,0.0,0.0,0.0
2023-10-12 09:30:00-04:00,48.22439956665039,48.22439956665039,48.22439956665039,48.22439956665039,312,0.0,0.0,0.0
2023-10-12 12:30:00-04:00,48.02000045776367,48.02000045776367,48.02000045776367,48.02000045776367,355,0.0,0.0,0.0
2023-10-12 14:30:00-04:00,47.68790054321289,47.79650115966797,47.68790054321289,47.79650115966797,0,0.0,0.0,0.0
2023-10-13 09:30:00-04:00,47.810001373291016,47.810001373291016,47.810001373291016,47.810001373291016,126,0.0,0.0,0.0
2023-10-13 10:30:00-04:00,47.273101806640625,47.273101806640625,47.255001068115234,47.255001068115234,832,0.0,0.0,0.0
2023-10-13 13:30:00-04:00,47.000999450683594,47.000999450683594,47.000999450683594,47.000999450683594,518,0.0,0.0,0.0
2023-10-13 14:30:00-04:00,47.040000915527344,47.113399505615234,47.040000915527344,47.113399505615234,449,0.0,0.0,0.0
2023-10-16 09:30:00-04:00,47.119998931884766,47.119998931884766,47.119998931884766,47.119998931884766,0,0.0,0.0,0.0
2023-10-16 10:30:00-04:00,47.970001220703125,47.970001220703125,47.970001220703125,47.970001220703125,252,0.0,0.0,0.0
2023-10-16 12:30:00-04:00,47.941001892089844,48.00749969482422,47.941001892089844,48.00749969482422,236,0.0,0.0,0.0
2023-10-17 09:30:00-04:00,47.29999923706055,47.29999923706055,47.29999923706055,47.29999923706055,797,0.0,0.0,0.0
2023-10-17 11:30:00-04:00,48.290000915527344,48.290000915527344,48.290000915527344,48.290000915527344,100,0.0,0.0,0.0
2023-10-17 12:30:00-04:00,48.429901123046875,48.429901123046875,48.369998931884766,48.38999938964844,2445,0.0,0.0,0.0
2023-10-17 13:30:00-04:00,48.22999954223633,48.22999954223633,48.189998626708984,48.189998626708984,987,0.0,0.0,0.0
2023-10-17 15:30:00-04:00,48.08000183105469,48.08000183105469,48.08000183105469,48.08000183105469,231,0.0,0.0,0.0
2023-10-18 09:30:00-04:00,47.70000076293945,47.70000076293945,47.70000076293945,47.70000076293945,189,0.0,0.0,0.0
2023-10-18 11:30:00-04:00,47.5177001953125,47.5177001953125,47.5177001953125,47.5177001953125,102,0.0,0.0,0.0
2023-10-18 12:30:00-04:00,47.43000030517578,47.55929946899414,47.43000030517578,47.55929946899414,4158,0.0,0.0,0.0
2023-10-18 15:30:00-04:00,47.154998779296875,47.154998779296875,47.154998779296875,47.154998779296875,217,0.0,0.0,0.0
2023-10-19 09:30:00-04:00,47.40999984741211,47.40999984741211,47.40999984741211,47.40999984741211,0,0.0,0.0,0.0
2023-10-19 10:30:00-04:00,47.31340026855469,47.31340026855469,46.700801849365234,47.20000076293945,700,0.0,0.0,0.0
2023-10-20 09:30:00-04:00,46.560001373291016,46.560001373291016,46.01210021972656,46.01210021972656,0,0.0,0.0,0.0
2023-10-20 11:30:00-04:00,45.80500030517578,45.80500030517578,45.70000076293945,45.70000076293945,564,0.0,0.0,0.0
2023-10-20 13:30:00-04:00,46.02000045776367,46.02000045776367,45.937599182128906,45.937599182128906,458,0.0,0.0,0.0
2023-10-23 09:30:00-04:00,45.209999084472656,45.209999084472656,44.66999816894531,45.20009994506836,1346,0.0,0.0,0.0
2023-10-23 10:30:00-04:00,45.290000915527344,45.290000915527344,45.1349983215332,45.1349983215332,802,0.0,0.0,0.0
2023-10-23 13:30:00-04:00,45.496498107910156,45.598899841308594,45.496498107910156,45.598899841308594,680,0.0,0.0,0.0
2023-10-24 09:30:00-04:00,45.560001373291016,46.040000915527344,45.560001373291016,46.000301361083984,0,0.0,0.0,0.0
2023-10-25 09:30:00-04:00,45.459999084472656,45.459999084472656,45.22999954223633,45.22999954223633,986,0.0,0.0,0.0
2023-10-25 15:30:00-04:00,44.560001373291016,44.560001373291016,44.560001373291016,44.560001373291016,145,0.0,0.0,0.0
2023-10-26 12:30:00-04:00,44.0265007019043,44.040000915527344,44.0265007019043,44.040000915527344,440,0.0,0.0,0.0
2023-10-26 13:30:00-04:00,43.840301513671875,44.06010055541992,43.840301513671875,44.06010055541992,536,0.0,0.0,0.0
2023-10-26 14:30:00-04:00,44.439998626708984,44.439998626708984,44.104400634765625,44.104400634765625,0,0.0,0.0,0.0
2023-10-27 10:30:00-04:00,44.3380012512207,44.54010009765625,44.3380012512207,44.54010009765625,382,0.0,0.0,0.0
2023-10-27 13:30:00-04:00,44.20949935913086,44.20949935913086,44.20949935913086,44.20949935913086,105,0.0,0.0,0.0
2023-10-30 09:30:00-04:00,44.290000915527344,44.64500045776367,44.25669860839844,44.26499938964844,1669,0.0,0.0,0.0
2023-10-30 11:30:00-04:00,44.408599853515625,44.45000076293945,44.408599853515625,44.45000076293945,359,0.0,0.0,0.0
2023-10-30 13:30:00-04:00,44.48500061035156,44.48500061035156,44.48500061035156,44.48500061035156,109,0.0,0.0,0.0
2023-10-30 14:30:00-04:00,44.640098571777344,44.640098571777344,44.640098571777344,44.640098571777344,350,0.0,0.0,0.0
2023-11-01 09:30:00-04:00,45.060001373291016,45.060001373291016,45.060001373291016,45.060001373291016,577,0.0,0.0,0.0
2023-11-01 10:30:00-04:00,45.309898376464844,45.36000061035156,45.309898376464844,45.36000061035156,863,0.0,0.0,0.0
2023-11-01 13:30:00-04:00,44.78010177612305,44.78010177612305,44.78010177612305,44.78010177612305,247,0.0,0.0,0.0
2023-11-01 14:30:00-04:00,44.999900817871094,45.28269958496094,44.93000030517578,45.28269958496094,779,0.0,0.0,0.0
2023-11-02 09:30:00-04:00,45.959999084472656,45.959999084472656,45.959999084472656,45.959999084472656,0,0.0,0.0,0.0
2023-11-02 10:30:00-04:00,46.09519958496094,46.09519958496094,46.09519958496094,46.09519958496094,563,0.0,0.0,0.0
2023-11-02 13:30:00-04:00,46.31999969482422,46.33000183105469,46.31999969482422,46.33000183105469,687,0.0,0.0,0.0
2023-11-02 14:30:00-04:00,46.31999969482422,46.31999969482422,46.31999969482422,46.31999969482422,361,0.0,0.0,0.0
2023-11-02 15:30:00-04:00,46.31999969482422,46.31999969482422,46.22999954223633,46.29679870605469,1572,0.0,0.0,0.0
2023-11-03 09:30:00-04:00,46.34000015258789,46.86000061035156,46.34000015258789,46.86000061035156,0,0.0,0.0,0.0
2023-11-03 10:30:00-04:00,46.869998931884766,46.869998931884766,46.869998931884766,46.869998931884766,264,0.0,0.0,0.0
2023-11-03 12:30:00-04:00,47.20000076293945,47.20000076293945,47.20000076293945,47.20000076293945,102,0.0,0.0,0.0
2023-11-03 14:30:00-04:00,47.470001220703125,47.470001220703125,47.470001220703125,47.470001220703125,100,0.0,0.0,0.0
2023-11-03 15:30:00-04:00,47.2400016784668,47.2400016784668,47.22999954223633,47.23099899291992,800,0.0,0.0,0.0
2023-11-06 11:30:00-05:00,46.677398681640625,46.7135009765625,46.67599868774414,46.67599868774414,0,0.0,0.0,0.0
2023-11-07 09:30:00-05:00,47.28200149536133,47.28200149536133,47.28200149536133,47.28200149536133,109,0.0,0.0,0.0
2023-11-07 10:30:00-05:00,47.52000045776367,47.52000045776367,47.52000045776367,47.52000045776367,742,0.0,0.0,0.0
2023-11-07 12:30:00-05:00,47.32500076293945,47.36989974975586,47.32500076293945,47.36989974975586,503,0.0,0.0,0.0
2023-11-07 13:30:00-05:00,47.42539978027344,47.510799407958984,47.42539978027344,47.510799407958984,423,0.0,0.0,0.0
2023-11-08 09:30:00-05:00,47.5,47.5,47.5,47.5,0,0.0,0.0,0.0
2023-11-08 15:30:00-05:00,47.347999572753906,47.347999572753906,47.347999572753906,47.347999572753906,102,0.0,0.0,0.0
2023-11-09 10:30:00-05:00,47.09000015258789,47.349998474121094,47.09000015258789,47.349998474121094,3005,0.0,0.0,0.0
2023-11-09 12:30:00-05:00,47.04180145263672,47.04180145263672,47.04180145263672,47.04180145263672,1118,0.0,0.0,0.0
2023-11-09 13:30:00-05:00,47.000099182128906,47.000099182128906,47.0,47.0,1216,0.0,0.0,0.0
2023-11-09 15:30:00-05:00,46.47999954223633,46.47999954223633,46.47999954223633,46.47999954223633,0,0.0,0.0,0.0
2023-11-10 10:30:00-05:00,46.83100128173828,47.0099983215332,46.83100128173828,47.0099983215332,445,0.0,0.0,0.0
2023-11-10 15:30:00-05:00,47.38010025024414,47.38010025024414,47.38010025024414,47.38010025024414,200,0.0,0.0,0.0
2023-11-13 09:30:00-05:00,47.119998931884766,47.119998931884766,47.119998931884766,47.119998931884766,547,0.0,0.0,0.0
2023-11-13 12:30:00-05:00,47.31010055541992,47.31010055541992,47.31010055541992,47.31010055541992,101,0.0,0.0,0.0
2023-11-13 14:30:00-05:00,47.40999984741211,47.40999984741211,47.40999984741211,47.40999984741211,411,0.0,0.0,0.0
2023-11-14 09:30:00-05:00,48.439998626708984,48.78810119628906,48.439998626708984,48.78810119628906,408,0.0,0.0,0.0
2023-11-14 10:30:00-05:00,48.939998626708984,49.049800872802734,48.939998626708984,49.049800872802734,0,0.0,0.0,0.0
2023-11-15 12:30:00-05:00,49.41619873046875,49.41619873046875,49.41619873046875,49.41619873046875,289,0.0,0.0,0.0
2023-11-15 15:30:00-05:00,49.25,49.26750183105469,49.25,49.26750183105469,0,0.0,0.0,0.0
2023-11-16 10:30:00-05:00,48.366798400878906,48.366798400878906,48.366798400878906,48.366798400878906,102,0.0,0.0,0.0
2023-11-16 11:30:00-05:00,48.43069839477539,48.5,48.43069839477539,48.5,589,0.0,0.0,0.0
2023-11-16 14:30:00-05:00,48.55910110473633,48.630001068115234,48.55910110473633,48.630001068115234,215,0.0,0.0,0.0
2023-11-16 15:30:00-05:00,48.63010025024414,48.67100143432617,48.63010025024414,48.67100143432617,348,0.0,0.0,0.0
2023-11-17 09:30:00-05:00,48.7599983215332,48.7599983215332,48.7599983215332,48.7599983215332,0,0.0,0.0,0.0
2023-11-17 14:30:00-05:00,48.97100067138672,49.06079864501953,48.97100067138672,49.06079864501953,102,0.0,0.0,0.0
2023-11-20 09:30:00-05:00,48.959999084472656,49.425201416015625,48.959999084472656,49.425201416015625,570,0.0,0.0,0.0
2023-11-20 14:30:00-05:00,49.95500183105469,49.95500183105469,49.95500183105469,49.95500183105469,216,0.0,0.0,0.0
2023-11-20 15:30:00-05:00,49.86000061035156,49.86000061035156,49.82320022583008,49.82320022583008,0,0.0,0.0,0.0
2023-11-21 09:30:00-05:00,49.4900016784668,49.4900016784668,49.349998474121094,49.349998474121094,2310,0.0,0.0,0.0
2023-11-21 11:30:00-05:00,49.154998779296875,49.26570129394531,49.119998931884766,49.26570129394531,522,0.0,0.0,0.0
2023-11-21 13:30:00-05:00,49.36989974975586,49.36989974975586,49.36989974975586,49.36989974975586,187,0.0,0.0,0.0
2023-11-21 15:30:00-05:00,49.290000915527344,49.290000915527344,49.278099060058594,49.278099060058594,0,0.0,0.0,0.0
2023-11-22 09:30:00-05:00,50.11009979248047,50.11009979248047,49.880001068115234,49.93000030517578,1176,0.0,0.0,0.0
2023-11-22 10:30:00-05:00,49.98500061035156,49.99250030517578,49.95000076293945,49.95500183105469,1496,0.0,0.0,0.0
2023-11-22 11:30:00-05:00,49.97999954223633,50.0,49.97999954223633,50.0,1292,0.0,0.0,0.0
2023-11-22 15:30:00-05:00,49.779998779296875,49.779998779296875,49.650001525878906,49.650001525878906,1301,0.0,0.0,0.0
2023-11-27 09:30:00-05:00,49.56999969482422,49.59000015258789,49.56999969482422,49.59000015258789,381,0.0,0.0,0.0
2023-11-27 10:30:00-05:00,49.720001220703125,49.720001220703125,49.720001220703125,49.720001220703125,190,0.0,0.0,0.0
2023-11-27 14:30:00-05:00,49.703800201416016,49.703800201416016,49.703800201416016,49.703800201416016,260,0.0,0.0,0.0
2023-11-27 15:30:00-05:00,49.650001525878906,49.66830062866211,49.650001525878906,49.66830062866211,0,0.0,0.0,0.0
2023-11-28 11:30:00-05:00,50.1864013671875,50.1864013671875,50.08330154418945,50.08330154418945,0,0.0,0.0,0.0
2023-11-29 09:30:00-05:00,51.25,51.25,51.25,51.25,867,0.0,0.0,0.0
2023-11-29 12:30:00-05:00,51.10279846191406,51.10279846191406,51.10279846191406,51.10279846191406,0,0.0,0.0,0.0
2023-11-30 09:30:00-05:00,51.310001373291016,51.47869873046875,51.170101165771484,51.21099853515625,1091,0.0,0.0,0.0
2023-11-30 15:30:00-05:00,51.0099983215332,51.18439865112305,51.0099983215332,51.18439865112305,0,0.0,0.0,0.0
2023-12-01 14:30:00-05:00,51.79499816894531,51.957801818847656,51.79499816894531,51.957801818847656,243,0.0,0.0,0.0
2023-12-04 09:30:00-05:00,51.34000015258789,51.34000015258789,51.34000015258789,51.34000015258789,0,0.0,0.0,0.0
2023-12-04 15:30:00-05:00,51.57120132446289,51.57720184326172,51.57120132446289,51.57720184326172,153,0.0,0.0,0.0
2023-12-05 09:30:00-05:00,51.18000030517578,51.18000030517578,51.18000030517578,51.18000030517578,0,0.0,0.0,0.0
2023-12-05 11:30:00-05:00,51.33140182495117,51.33140182495117,51.33140182495117,51.33140182495117,100,0.0,0.0,0.0
2023-12-05 12:30:00-05:00,51.25,51.25,51.25,51.25,263,0.0,0.0,0.0
2023-12-05 13:30:00-05:00,51.16849899291992,51.27000045776367,51.16849899291992,51.27000045776367,395,0.0,0.0,0.0
2023-12-05 14:30:00-05:00,51.310001373291016,51.370399475097656,51.310001373291016,51.370399475097656,0,0.0,0.0,0.0
2023-12-06 09:30:00-05:00,52.0,52.0,52.0,52.0,135,0.0,0.0,0.0
2023-12-06 10:30:00-05:00,51.920101165771484,51.920101165771484,51.17259979248047,51.17259979248047,611,0.0,0.0,0.0
2023-12-07 09:30:00-05:00,51.040000915527344,51.15999984741211,51.040000915527344,51.15999984741211,0,0.0,0.0,0.0
2023-12-07 13:30:00-05:00,51.38999938964844,51.38999938964844,51.38999938964844,51.38999938964844,104,0.0,0.0,0.0
2023-12-07 14:30:00-05:00,51.30440139770508,51.30440139770508,51.25,51.25,260,0.0,0.0,0.0
2023-12-07 15:30:00-05:00,51.22999954223633,51.22999954223633,51.20830154418945,51.20830154418945,912,0.0,0.0,0.0
2023-12-08 09:30:00-05:00,51.12799835205078,51.20000076293945,51.12799835205078,51.20000076293945,0,0.0,0.0,0.0
2023-12-08 14:30:00-05:00,51.7411994934082,51.7411994934082,51.7411994934082,51.7411994934082,139,0.0,0.0,0.0
2023-12-08 15:30:00-05:00,51.7400016784668,51.7400016784668,51.696998596191406,51.696998596191406,353,0.0,0.0,0.0
2023-12-11 09:30:00-05:00,51.63999938964844,51.63999938964844,51.63999938964844,51.63999938964844,0,0.0,0.0,0.0
2023-12-11 15:30:00-05:00,52.0,52.0,51.97999954223633,51.981300354003906,0,0.0,0.0,0.0
2023-12-12 10:30:00-05:00,52.12919998168945,52.322200775146484,52.12919998168945,52.322200775146484,335,0.0,0.0,0.0
2023-12-12 12:30:00-05:00,52.20000076293945,52.20000076293945,52.18000030517578,52.18000030517578,585,0.0,0.0,0.0
2023-12-12 14:30:00-05:00,52.31489944458008,52.31489944458008,52.31489944458008,52.31489944458008,401,0.0,0.0,0.0
2023-12-12 15:30:00-05:00,52.2588005065918,52.2588005065918,52.154598236083984,52.154598236083984,0,0.0,0.0,0.0
2023-12-13 09:30:00-05:00,52.220699310302734,52.28730010986328,52.220699310302734,52.28730010986328,398,0.0,0.0,0.0
2023-12-13 11:30:00-05:00,51.99100112915039,51.99100112915039,51.99100112915039,51.99100112915039,538,0.0,0.0,0.0
2023-12-13 15:30:00-05:00,53.0099983215332,53.060001373291016,53.0099983215332,53.0547981262207,756,0.0,0.0,0.0
2023-12-14 09:30:00-05:00,53.29999923706055,53.29999923706055,53.29999923706055,53.29999923706055,0,0.0,0.0,0.0
2023-12-14 10:30:00-05:00,53.34379959106445,53.44459915161133,53.34379959106445,53.44459915161133,414,0.0,0.0,0.0
2023-12-14 13:30:00-05:00,53.07040023803711,53.07040023803711,53.07040023803711,53.07040023803711,375,0.0,0.0,0.0
2023-12-14 14:30:00-05:00,53.18000030517578,53.18000030517578,53.18000030517578,53.18000030517578,121,0.0,0.0,0.0
2023-12-14 15:30:00-05:00,53.13999938964844,53.2400016784668,53.13999938964844,53.23889923095703,675,0.0,0.0,0.0
2023-12-15 09:30:00-05:00,53.27000045776367,53.72999954223633,53.27000045776367,53.72999954223633,540,0.0,0.0,0.0
2023-12-15 15:30:00-05:00,53.81520080566406,53.8922004699707,53.77000045776367,53.8922004699707,1340,0.0,0.0,0.0
2023-12-18 09:30:00-05:00,52.849998474121094,53.9995002746582,52.5,53.23500061035156,0,0.0,0.0,0.0
2023-12-18 10:30:00-05:00,53.23500061035156,53.23500061035156,53.23500061035156,53.23500061035156,200,0.0,0.0,0.0
2023-12-18 11:30:00-05:00,54.0,54.073699951171875,54.0,54.04100036621094,594,0.0,0.0,0.0
2023-12-18 13:30:00-05:00,54.2318000793457,54.34000015258789,54.2318000793457,54.34000015258789,2100,0.0,0.0,0.0
2023-12-18 14:30:00-05:00,54.2400016784668,54.290000915527344,54.2400016784668,54.290000915527344,344,0.0,0.0,0.0
2023-12-18 15:30:00-05:00,54.25,54.25,54.1343994140625,54.1343994140625,0,0.0,0.0,0.0
2023-12-19 09:30:00-05:00,54.29999923706055,54.588600158691406,54.29999923706055,54.588600158691406,752,0.0,0.0,0.0
2023-12-19 10:30:00-05:00,54.46099853515625,54.481998443603516,54.46099853515625,54.481998443603516,600,0.0,0.0,0.0
2023-12-19 13:30:00-05:00,54.5625,54.584999084472656,54.54100036621094,54.584999084472656,584,0.0,0.0,0.0
2023-12-19 14:30:00-05:00,54.698699951171875,54.720001220703125,54.68299865722656,54.68299865722656,986,0.0,0.0,0.0
2023-12-19 15:30:00-05:00,54.720001220703125,54.72999954223633,54.619998931884766,54.69900131225586,0,0.0,0.0,0.0
2023-12-20 11:30:00-05:00,54.7947998046875,54.7947998046875,54.7947998046875,54.7947998046875,544,0.0,0.0,0.0
2023-12-20 12:30:00-05:00,54.86000061035156,54.86000061035156,54.86000061035156,54.86000061035156,217,0.0,0.0,0.0
2023-12-20 13:30:00-05:00,54.6703987121582,54.70100021362305,54.6703987121582,54.70100021362305,294,0.0,0.0,0.0
2023-12-20 15:30:00-05:00,53.810001373291016,53.810001373291016,53.70429992675781,53.70429992675781,0,0.0,0.0,0.0
2023-12-21 09:30:00-05:00,53.95100021362305,53.95100021362305,53.95100021362305,53.95100021362305,248,0.0,0.0,0.0
2023-12-21 12:30:00-05:00,54.09000015258789,54.09000015258789,54.09000015258789,54.09000015258789,205,0.0,0.0,0.0
2023-12-21 14:30:00-05:00,54.45940017700195,54.45940017700195,54.45940017700195,54.45940017700195,0,0.0,0.0,0.0
2023-12-22 09:30:00-05:00,54.67279815673828,54.67279815673828,54.55390167236328,54.55390167236328,331,0.0,0.0,0.0
2023-12-22 10:30:00-05:00,54.56999969482422,54.56999969482422,54.56999969482422,54.56999969482422,135,0.0,0.0,0.0
2023-12-22 11:30:00-05:00,54.472900390625,54.472900390625,54.472900390625,54.472900390625,329,0.0,0.0,0.0
2023-12-22 12:30:00-05:00,54.53099822998047,54.53099822998047,54.53099822998047,54.53099822998047,521,0.0,0.0,0.0
2023-12-22 13:30:00-05:00,54.53010177612305,54.53010177612305,54.48569869995117,54.48569869995117,916,0.0,0.0,0.0
2023-12-22 14:30:00-05:00,54.29859924316406,54.29859924316406,54.29859924316406,54.29859924316406,283,0.0,0.0,0.0
2023-12-26 09:30:00-05:00,54.47999954223633,54.47999954223633,54.47999954223633,54.47999954223633,0,0.0,0.0,0.0
2023-12-26 10:30:00-05:00,54.595001220703125,54.595001220703125,54.595001220703125,54.595001220703125,371,0.0,0.0,0.0
2023-12-26 13:30:00-05:00,54.699501037597656,54.790000915527344,54.699501037597656,54.790000915527344,325,0.0,0.0,0.0
2023-12-26 14:30:00-05:00,54.849998474121094,54.849998474121094,54.80580139160156,54.80580139160156,263,0.0,0.0,0.0
2023-12-27 09:30:00-05:00,54.88999938964844,54.88999938964844,54.79999923706055,54.79999923706055,0,0.0,0.0,0.0
2023-12-27 10:30:00-05:00,54.78369903564453,54.78369903564453,54.78369903564453,54.78369903564453,156,0.0,0.0,0.0
2023-12-27 13:30:00-05:00,54.84040069580078,54.84040069580078,54.812599182128906,54.812599182128906,412,0.0,0.0,0.0
2023-12-28 09:30:00-05:00,54.93000030517578,55.0,54.93000030517578,55.0,742,0.0,0.0,0.0
2023-12-28 11:30:00-05:00,54.97010040283203,54.97010040283203,54.97010040283203,54.97010040283203,132,0.0,0.0,0.0
2023-12-28 12:30:00-05:00,55.0625,55.0625,55.0625,55.0625,653,0.0,0.0,0.0
2023-12-29 09:30:00-05:00,54.90999984741211,55.14860153198242,54.90999984741211,55.14860153198242,0,0.0,0.0,0.0
2023-12-29 11:30:00-05:00,54.46080017089844,54.46080017089844,54.46080017089844,54.46080017089844,173,0.0,0.0,0.0
2023-12-29 14:30:00-05:00,54.7400016784668,54.790000915527344,54.7400016784668,54.790000915527344,281,0.0,0.0,0.0
2024-01-02 09:30:00-05:00,53.83000183105469,53.83000183105469,53.38850021362305,53.560001373291016,916,0.0,0.0,0.0
2024-01-02 10:30:00-05:00,53.025001525878906,53.22999954223633,53.025001525878906,53.22999954223633,561,0.0,0.0,0.0
2024-01-02 13:30:00-05:00,53.22999954223633,53.22999954223633,53.22999954223633,53.22999954223633,310,0.0,0.0,0.0
2024-01-02 14:30:00-05:00,53.02510070800781,53.25579833984375,53.01100158691406,53.25579833984375,0,0.0,0.0,0.0
2024-01-03 09:30:00-05:00,52.56999969482422,52.57040023803711,52.1078987121582,52.1078987121582,39,0.0,0.0,0.0
2024-01-04 10:30:00-05:00,52.12099838256836,52.12099838256836,52.12099838256836,52.12099838256836,289,0.0,0.0,0.0
2024-01-04 14:30:00-05:00,52.092498779296875,52.092498779296875,51.95220184326172,51.95220184326172,462,0.0,0.0,0.0
2024-01-05 09:30:00-05:00,51.68000030517578,51.959999084472656,51.68000030517578,51.95000076293945,258,0.0,0.0,0.0
2024-01-05 11:30:00-05:00,52.159000396728516,52.159000396728516,52.111000061035156,52.111000061035156,949,0.0,0.0,0.0
2024-01-05 14:30:00-05:00,51.88100051879883,51.97869873046875,51.88100051879883,51.97869873046875,132,0.0,0.0,0.0
2024-01-08 09:30:00-05:00,51.88999938964844,52.8286018371582,51.88999938964844,52.8286018371582,0,0.0,0.0,0.0
2024-01-09 14:30:00-05:00,53.36949920654297,53.36949920654297,53.36949920654297,53.36949920654297,388,0.0,0.0,0.0
2024-01-09 15:30:00-05:00,53.21860122680664,53.27090072631836,53.21860122680664,53.27090072631836,229,0.0,0.0,0.0
2024-01-10 09:30:00-05:00,53.25,53.25,53.25,53.25,750,0.0,0.0,0.0
2024-01-10 13:30:00-05:00,53.779998779296875,53.779998779296875,53.7151985168457,53.7151985168457,0,0.0,0.0,0.0
2024-01-11 09:30:00-05:00,53.82709884643555,54.06480026245117,53.82709884643555,54.06480026245117,745,0.0,0.0,0.0
2024-01-12 09:30:00-05:00,54.13999938964844,54.333900451660156,54.13999938964844,54.333900451660156,0,0.0,0.0,0.0
2024-01-16 09:30:00-05:00,54.029998779296875,54.068599700927734,54.029998779296875,54.068599700927734,0,0.0,0.0,0.0
2024-01-16 10:30:00-05:00,54.381099700927734,54.381099700927734,54.381099700927734,54.381099700927734,432,0.0,0.0,0.0
2024-01-16 15:30:00-05:00,54.0099983215332,54.150001525878906,54.0099983215332,54.150001525878906,705,0.0,0.0,0.0
2024-01-17 09:30:00-05:00,53.540000915527344,53.540000915527344,53.540000915527344,53.540000915527344,0,0.0,0.0,0.0
2024-01-17 10:30:00-05:00,53.20000076293945,53.20000076293945,53.20000076293945,53.20000076293945,232,0.0,0.0,0.0
2024-01-17 13:30:00-05:00,53.21030044555664,53.21030044555664,53.21030044555664,53.21030044555664,194,0.0,0.0,0.0
2024-01-17 14:30:00-05:00,53.45009994506836,53.60110092163086,53.40999984741211,53.60110092163086,0,0.0,0.0,0.0
2024-01-18 10:30:00-05:00,53.92499923706055,53.92499923706055,53.92499923706055,53.92499923706055,152,0.0,0.0,0.0
2024-01-18 11:30:00-05:00,54.06480026245117,54.06480026245117,54.06480026245117,54.06480026245117,275,0.0,0.0,0.0
2024-01-19 15:30:00-05:00,55.0,55.0,55.0,55.0,341,0.0,0.0,0.0
2024-01-22 09:30:00-05:00,55.540000915527344,56.085601806640625,55.540000915527344,56.0,1025,0.0,0.0,0.0
2024-01-22 10:30:00-05:00,55.93000030517578,55.93000030517578,55.93000030517578,55.93000030517578,663,0.0,0.0,0.0
2024-01-22 11:30:00-05:00,55.927101135253906,55.927101135253906,55.927101135253906,55.927101135253906,393,0.0,0.0,0.0
2024-01-22 12:30:00-05:00,56.08000183105469,56.08000183105469,56.08000183105469,56.08000183105469,158,0.0,0.0,0.0
2024-01-22 13:30:00-05:00,55.650299072265625,55.95180130004883,55.650299072265625,55.95180130004883,937,0.0,0.0,0.0
2024-01-23 09:30:00-05:00,56.220001220703125,56.30500030517578,56.220001220703125,56.30500030517578,0,0.0,0.0,0.0
2024-01-23 11:30:00-05:00,56.01210021972656,56.01210021972656,56.01210021972656,56.01210021972656,268,0.0,0.0,0.0
2024-01-23 12:30:00-05:00,56.00080108642578,56.00080108642578,56.00080108642578,56.00080108642578,358,0.0,0.0,0.0
2024-01-23 15:30:00-05:00,56.220001220703125,56.30500030517578,56.220001220703125,56.30500030517578,0,0.0,0.0,0.0
2024-01-24 09:30:00-05:00,57.029998779296875,57.029998779296875,56.93989944458008,56.93989944458008,468,0.0,0.0,0.0
2024-01-24 12:30:00-05:00,56.79999923706055,56.79999923706055,56.79999923706055,56.79999923706055,172,0.0,0.0,0.0
2024-01-24 15:30:00-05:00,56.17290115356445,56.17290115356445,56.17290115356445,56.17290115356445,100,0.0,0.0,0.0
2024-01-25 09:30:00-05:00,56.849998474121094,56.849998474121094,56.849998474121094,56.849998474121094,0,0.0,0.0,0.0
2024-01-25 10:30:00-05:00,56.689998626708984,56.689998626708984,56.689998626708984,56.689998626708984,375,0.0,0.0,0.0
2024-01-25 13:30:00-05:00,56.31999969482422,56.350101470947266,56.31999969482422,56.350101470947266,0,0.0,0.0,0.0
2024-01-26 11:30:00-05:00,56.62099838256836,56.62699890136719,56.35919952392578,56.35919952392578,834,0.0,0.0,0.0
2024-01-29 09:30:00-05:00,56.2400016784668,56.77000045776367,56.2400016784668,56.77000045776367,0,0.0,0.0,0.0
2024-01-29 13:30:00-05:00,56.900001525878906,56.900001525878906,56.900001525878906,56.900001525878906,200,0.0,0.0,0.0
2024-01-29 14:30:00-05:00,57.04100036621094,57.437198638916016,57.04100036621094,57.437198638916016,270,0.0,0.0,0.0
2024-01-30 09:30:00-05:00,57.20000076293945,57.20000076293945,57.20000076293945,57.20000076293945,0,0.0,0.0,0.0
2024-01-30 11:30:00-05:00,57.09339904785156,57.09339904785156,57.09339904785156,57.09339904785156,115,0.0,0.0,0.0
2024-01-30 12:30:00-05:00,56.97990036010742,56.97990036010742,56.97990036010742,56.97990036010742,357,0.0,0.0,0.0
2024-01-30 13:30:00-05:00,56.88999938964844,56.94020080566406,56.88999938964844,56.94020080566406,808,0.0,0.0,0.0
2024-01-31 09:30:00-05:00,56.25,56.25,55.56570053100586,55.56570053100586,0,0.0,0.0,0.0
2024-02-01 09:30:00-05:00,56.0359001159668,56.119998931884766,56.0359001159668,56.119998931884766,0,0.0,0.0,0.0
2024-02-01 12:30:00-05:00,55.959999084472656,55.959999084472656,55.90079879760742,55.952701568603516,0,0.0,0.0,0.0
2024-02-02 10:30:00-05:00,56.02750015258789,56.35240173339844,56.02750015258789,56.35240173339844,252,0.0,0.0,0.0
2024-02-05 09:30:00-05:00,55.310001373291016,55.369998931884766,55.310001373291016,55.369998931884766,760,0.0,0.0,0.0
2024-02-05 10:30:00-05:00,55.420101165771484,55.420101165771484,55.420101165771484,55.420101165771484,300,0.0,0.0,0.0
2024-02-05 11:30:00-05:00,55.47999954223633,55.47999954223633,55.349998474121094,55.349998474121094,301,0.0,0.0,0.0
2024-02-05 14:30:00-05:00,55.604801177978516,55.604801177978516,55.604801177978516,55.604801177978516,200,0.0,0.0,0.0
2024-02-05 15:30:00-05:00,55.61000061035156,55.63779830932617,55.61000061035156,55.63779830932617,0,0.0,0.0,0.0
2024-02-06 11:30:00-05:00,55.22100067138672,55.22100067138672,55.22100067138672,55.22100067138672,398,0.0,0.0,0.0
2024-02-06 15:30:00-05:00,55.529998779296875,55.65119934082031,55.529998779296875,55.65119934082031,0,0.0,0.0,0.0
2024-02-07 11:30:00-05:00,56.27920150756836,56.27920150756836,56.277400970458984,56.277400970458984,437,0.0,0.0,0.0
2024-02-07 12:30:00-05:00,56.18299865722656,56.18299865722656,56.18299865722656,56.18299865722656,142,0.0,0.0,0.0
2024-02-07 13:30:00-05:00,56.459800720214844,56.459800720214844,56.459800720214844,56.459800720214844,349,0.0,0.0,0.0
2024-02-07 14:30:00-05:00,56.48500061035156,56.48500061035156,56.48500061035156,56.48500061035156,216,0.0,0.0,0.0
2024-02-07 15:30:00-05:00,56.441001892089844,56.441001892089844,56.371700286865234,56.371700286865234,0,0.0,0.0,0.0
2024-02-08 09:30:00-05:00,56.595001220703125,57.060001373291016,56.590999603271484,57.060001373291016,5074,0.0,0.0,0.0
2024-02-08 10:30:00-05:00,57.060001373291016,57.12030029296875,56.96120071411133,57.12030029296875,7931,0.0,0.0,0.0
2024-02-08 11:30:00-05:00,57.14799880981445,57.14799880981445,57.14799880981445,57.14799880981445,106,0.0,0.0,0.0
2024-02-08 13:30:00-05:00,57.02000045776367,57.02000045776367,57.02000045776367,57.02000045776367,307,0.0,0.0,0.0
2024-02-08 15:30:00-05:00,57.13999938964844,57.13999938964844,57.0,57.03730010986328,0,0.0,0.0,0.0
2024-02-09 09:30:00-05:00,58.209999084472656,58.209999084472656,58.209999084472656,58.209999084472656,704,0.0,0.0,0.0
2024-02-09 10:30:00-05:00,58.414100646972656,58.414100646972656,58.380001068115234,58.400001525878906,1518,0.0,0.0,0.0
2024-02-09 11:30:00-05:00,58.220699310302734,58.220699310302734,58.220699310302734,58.220699310302734,102,0.0,0.0,0.0
2024-02-09 12:30:00-05:00,58.40840148925781,58.451698303222656,58.40840148925781,58.451698303222656,738,0.0,0.0,0.0
2024-02-09 13:30:00-05:00,58.560001373291016,58.560001373291016,58.5099983215332,58.5099983215332,568,0.0,0.0,0.0
2024-02-09 15:30:00-05:00,58.31999969482422,58.31999969482422,58.25709915161133,58.25709915161133,100,0.0,0.0,0.0
2024-02-12 09:30:00-05:00,58.290000915527344,58.367801666259766,58.290000915527344,58.367801666259766,0,0.0,0.0,0.0
2024-02-12 10:30:00-05:00,58.45000076293945,58.560001373291016,58.45000076293945,58.560001373291016,235,0.0,0.0,0.0
2024-02-12 14:30:00-05:00,57.989898681640625,57.989898681640625,57.989898681640625,57.989898681640625,276,0.0,0.0,0.0
2024-02-12 15:30:00-05:00,57.880001068115234,57.900001525878906,57.86800003051758,57.86800003051758,0,0.0,0.0,0.0
2024-02-13 09:30:00-05:00,56.04999923706055,57.0099983215332,56.04999923706055,56.33000183105469,1917,0.0,0.0,0.0
2024-02-13 15:30:00-05:00,56.5,56.5099983215332,56.380001068115234,56.41740036010742,962,0.0,0.0,0.0
2024-02-14 09:30:00-05:00,57.029998779296875,57.2400016784668,57.029998779296875,57.2400016784668,0,0.0,0.0,0.0
2024-02-14 10:30:00-05:00,57.310001373291016,57.310001373291016,57.23099899291992,57.23099899291992,385,0.0,0.0,0.0
2024-02-14 12:30:00-05:00,57.330299377441406,57.38800048828125,57.330299377441406,57.38800048828125,229,0.0,0.0,0.0
2024-02-14 14:30:00-05:00,57.64950180053711,57.64950180053711,57.64950180053711,57.64950180053711,0,0.0,0.0,0.0
2024-02-15 14:30:00-05:00,58.14500045776367,58.14500045776367,58.14500045776367,58.14500045776367,103,0.0,0.0,0.0
2024-02-15 15:30:00-05:00,58.08000183105469,58.23419952392578,58.08000183105469,58.23419952392578,0,0.0,0.0,0.0
2024-02-16 10:30:00-05:00,57.685001373291016,58.22999954223633,57.685001373291016,58.22999954223633,1265,0.0,0.0,0.0
2024-02-16 11:30:00-05:00,57.849998474121094,57.849998474121094,57.849998474121094,57.849998474121094,115,0.0,0.0,0.0
2024-02-16 14:30:00-05:00,57.71289825439453,57.71289825439453,57.4109992980957,57.4109992980957,352,0.0,0.0,0.0
2024-02-20 09:30:00-05:00,56.650001525878906,56.650001525878906,56.57529830932617,56.57529830932617,0,0.0,0.0,0.0
2024-02-21 09:30:00-05:00,54.709999084472656,54.709999084472656,54.16279983520508,54.630001068115234,892,0.0,0.0,0.0
2024-02-21 11:30:00-05:00,54.60499954223633,54.60499954223633,54.557498931884766,54.557498931884766,592,0.0,0.0,0.0
2024-02-21 14:30:00-05:00,54.369998931884766,54.369998931884766,54.369998931884766,54.369998931884766,367,0.0,0.0,0.0
2024-02-22 09:30:00-05:00,55.69499969482422,55.69499969482422,55.69499969482422,55.69499969482422,0,0.0,0.0,0.0
2024-02-22 10:30:00-05:00,55.72999954223633,55.72999954223633,55.72999954223633,55.72999954223633,389,0.0,0.0,0.0
2024-02-23 11:30:00-05:00,56.20000076293945,56.330101013183594,56.20000076293945,56.330101013183594,892,0.0,0.0,0.0
2024-02-23 13:30:00-05:00,56.45100021362305,56.45100021362305,56.45100021362305,56.45100021362305,291,0.0,0.0,0.0
2024-02-26 09:30:00-05:00,56.380001068115234,56.459999084472656,56.380001068115234,56.459999084472656,0,0.0,0.0,0.0
2024-02-26 10:30:00-05:00,56.94599914550781,56.94599914550781,56.94599914550781,56.94599914550781,311,0.0,0.0,0.0
2024-02-26 11:30:00-05:00,56.939998626708984,56.939998626708984,56.939998626708984,56.939998626708984,205,0.0,0.0,0.0
2024-02-26 13:30:00-05:00,56.93000030517578,56.97200012207031,56.93000030517578,56.97200012207031,594,0.0,0.0,0.0
2024-02-26 14:30:00-05:00,57.36000061035156,57.36000061035156,57.36000061035156,57.36000061035156,233,0.0,0.0,0.0
2024-02-27 09:30:00-05:00,57.59239959716797,57.59239959716797,57.59239959716797,57.59239959716797,321,0.0,0.0,0.0
2024-02-27 14:30:00-05:00,57.525001525878906,57.525001525878906,57.474998474121094,57.4900016784668,1290,0.0,0.0,0.0
2024-02-28 09:30:00-05:00,57.16999816894531,57.16999816894531,57.165000915527344,57.165000915527344,0,0.0,0.0,0.0
2024-02-28 10:30:00-05:00,57.26100158691406,57.26100158691406,57.26100158691406,57.26100158691406,374,0.0,0.0,0.0
2024-02-29 09:30:00-05:00,58.119998931884766,58.119998931884766,58.119998931884766,58.119998931884766,0,0.0,0.0,0.0
2024-02-29 10:30:00-05:00,57.8849983215332,57.8849983215332,57.8849983215332,57.8849983215332,700,0.0,0.0,0.0
2024-02-29 15:30:00-05:00,57.807498931884766,57.970001220703125,57.807498931884766,57.970001220703125,1796,0.0,0.0,0.0
2024-03-01 09:30:00-05:00,58.18000030517578,58.2599983215332,58.18000030517578,58.2599983215332,1427,0.0,0.0,0.0
2024-03-01 12:30:00-05:00,58.68000030517578,58.686100006103516,58.68000030517578,58.686100006103516,324,0.0,0.0,0.0
2024-03-01 14:30:00-05:00,58.599998474121094,58.599998474121094,58.599998474121094,58.599998474121094,879,0.0,0.0,0.0
2024-03-01 15:30:00-05:00,58.650001525878906,58.650001525878906,58.650001525878906,58.650001525878906,172,0.0,0.0,0.0
2024-03-04 09:30:00-05:00,58.45000076293945,58.5,58.340999603271484,58.380699157714844,2459,0.0,0.0,0.0
2024-03-04 12:30:00-05:00,58.4900016784668,58.4900016784668,58.4900016784668,58.4900016784668,3664,0.0,0.0,0.0
2024-03-04 13:30:00-05:00,58.52000045776367,58.52000045776367,58.477298736572266,58.477298736572266,988,0.0,0.0,0.0
2024-03-05 09:30:00-05:00,57.70000076293945,57.70000076293945,57.27000045776367,57.27000045776367,0,0.0,0.0,0.0
2024-03-05 11:30:00-05:00,56.48099899291992,56.550899505615234,56.48099899291992,56.550899505615234,415,0.0,0.0,0.0
2024-03-05 14:30:00-05:00,56.209999084472656,56.224998474121094,56.20249938964844,56.20249938964844,885,0.0,0.0,0.0
2024-03-06 09:30:00-05:00,57.59000015258789,57.59000015258789,57.189701080322266,57.189701080322266,414,0.0,0.0,0.0
2024-03-07 09:30:00-05:00,57.36000061035156,57.36000061035156,57.36000061035156,57.36000061035156,159,0.0,0.0,0.0
2024-03-07 11:30:00-05:00,57.886600494384766,57.886600494384766,57.886600494384766,57.886600494384766,322,0.0,0.0,0.0
2024-03-07 14:30:00-05:00,58.0099983215332,58.0099983215332,58.0099983215332,58.0099983215332,229,0.0,0.0,0.0
2024-03-07 15:30:00-05:00,58.095001220703125,58.095001220703125,58.095001220703125,58.095001220703125,370,0.0,0.0,0.0
2024-03-08 14:30:00-05:00,58.03139877319336,58.03139877319336,57.6859016418457,57.6859016418457,212,0.0,0.0,0.0
2024-03-11 09:30:00-04:00,57.13999938964844,57.66999816894531,57.13999938964844,57.66999816894531,363,0.0,0.0,0.0
2024-03-11 10:30:00-04:00,57.463401794433594,57.463401794433594,57.463401794433594,57.463401794433594,504,0.0,0.0,0.0
2024-03-11 14:30:00-04:00,57.724998474121094,57.724998474121094,57.624298095703125,57.624298095703125,0,0.0,0.0,0.0
2024-03-12 10:30:00-04:00,58.36009979248047,58.36009979248047,58.36009979248047,58.36009979248047,100,0.0,0.0,0.0
2024-03-12 11:30:00-04:00,58.37009811401367,58.37009811401367,58.37009811401367,58.37009811401367,338,0.0,0.0,0.0
2024-03-12 14:30:00-04:00,58.18000030517578,58.18000030517578,58.17499923706055,58.18000030517578,1007,0.0,0.0,0.0
2024-03-12 15:30:00-04:00,58.30500030517578,58.369998931884766,58.30500030517578,58.35169982910156,0,0.0,0.0,0.0
2024-03-13 09:30:00-04:00,58.349998474121094,58.349998474121094,58.349998474121094,58.349998474121094,255,0.0,0.0,0.0
2024-03-13 10:30:00-04:00,58.47999954223633,58.47999954223633,58.47999954223633,58.47999954223633,551,0.0,0.0,0.0
2024-03-13 13:30:00-04:00,58.290000915527344,58.400001525878906,58.290000915527344,58.290000915527344,1533,0.0,0.0,0.0
2024-03-13 15:30:00-04:00,58.0,58.0099983215332,58.0,58.0099983215332,0,0.0,0.0,0.0
2024-03-14 09:30:00-04:00,57.31999969482422,57.36309814453125,57.04010009765625,57.04010009765625,576,0.0,0.0,0.0
2024-03-14 10:30:00-04:00,56.98509979248047,56.98509979248047,56.98509979248047,56.98509979248047,504,0.0,0.0,0.0
2024-03-14 11:30:00-04:00,56.880001068115234,56.880001068115234,56.635501861572266,56.635501861572266,0,0.0,0.0,0.0
2024-03-15 09:30:00-04:00,55.81999969482422,55.81999969482422,55.81999969482422,55.81999969482422,511,0.0,0.0,0.0
2024-03-15 15:30:00-04:00,55.54999923706055,55.54999923706055,55.54610061645508,55.54610061645508,179,0.0,0.0,0.0
2024-03-18 10:30:00-04:00,55.85340118408203,55.85340118408203,55.85340118408203,55.85340118408203,163,0.0,0.0,0.0
2024-03-18 14:30:00-04:00,56.029998779296875,56.029998779296875,55.97570037841797,55.97570037841797,0,0.0,0.0,0.0
2024-03-19 09:30:00-04:00,55.15999984741211,55.15999984741211,55.15999984741211,55.15999984741211,449,0.0,0.0,0.0
2024-03-19 10:30:00-04:00,55.220001220703125,55.2400016784668,55.220001220703125,55.2400016784668,358,0.0,0.0,0.0
2024-03-19 11:30:00-04:00,55.64500045776367,55.64500045776367,55.64500045776367,55.64500045776367,341,0.0,0.0,0.0
2024-03-19 14:30:00-04:00,56.02289962768555,56.02289962768555,55.97129821777344,55.97129821777344,0,0.0,0.0,0.0
2024-03-20 09:30:00-04:00,55.92100143432617,55.92100143432617,55.92100143432617,55.92100143432617,372,0.0,0.0,0.0
2024-03-20 15:30:00-04:00,56.7400016784668,56.7599983215332,56.629600524902344,56.629600524902344,1062,0.0,0.0,0.0
2024-03-21 09:30:00-04:00,57.209999084472656,57.209999084472656,57.142799377441406,57.142799377441406,0,0.0,0.0,0.0
2024-03-21 10:30:00-04:00,56.86830139160156,56.86830139160156,56.75699996948242,56.75699996948242,0,0.0,0.0,0.0
2024-03-22 09:30:00-04:00,56.52009963989258,56.52009963989258,56.52000045776367,56.52009963989258,1037,0.0,0.0,0.0
2024-03-22 11:30:00-04:00,56.31399917602539,56.31399917602539,56.31399917602539,56.31399917602539,504,0.0,0.0,0.0
2024-03-22 12:30:00-04:00,56.400001525878906,56.400001525878906,56.400001525878906,56.400001525878906,684,0.0,0.0,0.0
2024-03-22 13:30:00-04:00,56.34000015258789,56.391700744628906,56.33610153198242,56.33610153198242,459,0.0,0.0,0.0
2024-03-25 10:30:00-04:00,56.18880081176758,56.18880081176758,56.18880081176758,56.18880081176758,0,0.0,0.0,0.0
2024-03-25 11:30:00-04:00,56.222801208496094,56.222801208496094,56.189998626708984,56.189998626708984,392,0.0,0.0,0.0
2024-03-25 13:30:00-04:00,56.30500030517578,56.30500030517578,56.263099670410156,56.263099670410156,0,0.0,0.0,0.0
2024-03-26 09:30:00-04:00,56.64419937133789,56.64419937133789,56.64419937133789,56.64419937133789,100,0.0,0.0,0.0
2024-03-26 10:30:00-04:00,56.41999816894531,56.41999816894531,56.41999816894531,56.41999816894531,165,0.0,0.0,0.0
2024-03-26 14:30:00-04:00,56.599998474121094,56.599998474121094,56.302799224853516,56.302799224853516,0,0.0,0.0,0.0
2024-03-27 13:30:00-04:00,56.14400100708008,56.54719924926758,56.14400100708008,56.54719924926758,67,0.0,0.0,0.0
2024-03-28 09:30:00-04:00,56.779998779296875,56.779998779296875,56.779998779296875,56.779998779296875,1957,0.0,0.0,0.0
2024-03-28 14:30:00-04:00,56.60940170288086,56.60940170288086,56.60940170288086,56.60940170288086,553,0.0,0.0,0.0
2024-04-01 09:30:00-04:00,56.38999938964844,56.447200775146484,56.38999938964844,56.447200775146484,0,0.0,0.0,0.0
2024-04-01 15:30:00-04:00,56.49489974975586,56.49489974975586,56.49489974975586,56.49489974975586,0,0.0,0.0,0.0
2024-04-02 14:30:00-04:00,55.90999984741211,55.96500015258789,55.90999984741211,55.96500015258789,705,0.0,0.0,0.0
2024-04-02 15:30:00-04:00,56.029998779296875,56.164798736572266,56.029998779296875,56.164798736572266,0,0.0,0.0,0.0
2024-04-03 10:30:00-04:00,56.540000915527344,56.540000915527344,56.540000915527344,56.540000915527344,327,0.0,0.0,0.0
2024-04-03 12:30:00-04:00,56.45000076293945,56.45000076293945,56.45000076293945,56.45000076293945,255,0.0,0.0,0.0
2024-04-03 13:30:00-04:00,56.47999954223633,56.47999954223633,56.36840057373047,56.36840057373047,0,0.0,0.0,0.0
2024-04-04 10:30:00-04:00,56.941001892089844,56.941001892089844,56.941001892089844,56.941001892089844,100,0.0,0.0,0.0
2024-04-04 11:30:00-04:00,57.11790084838867,57.11790084838867,57.11790084838867,57.11790084838867,133,0.0,0.0,0.0
2024-04-04 14:30:00-04:00,56.250999450683594,56.250999450683594,55.658599853515625,55.658599853515625,0,0.0,0.0,0.0
2024-04-05 11:30:00-04:00,56.02539825439453,56.02539825439453,56.02539825439453,56.02539825439453,728,0.0,0.0,0.0
2024-04-05 12:30:00-04:00,56.11000061035156,56.11000061035156,56.11000061035156,56.11000061035156,209,0.0,0.0,0.0
2024-04-05 13:30:00-04:00,56.06949996948242,56.06949996948242,56.06949996948242,56.06949996948242,185,0.0,0.0,0.0
2024-04-08 09:30:00-04:00,56.13999938964844,56.13999938964844,56.13999938964844,56.13999938964844,0,0.0,0.0,0.0
2024-04-08 14:30:00-04:00,56.25,56.2599983215332,56.18550109863281,56.18550109863281,4391,0.0,0.0,0.0
2024-04-09 09:30:00-04:00,56.29999923706055,56.29999923706055,56.29999923706055,56.29999923706055,0,0.0,0.0,0.0
2024-04-09 15:30:00-04:00,56.415000915527344,56.42499923706055,56.33000183105469,56.42499923706055,2702,0.0,0.0,0.0
2024-04-10 09:30:00-04:00,55.27000045776367,55.27000045776367,55.27000045776367,55.27000045776367,0,0.0,0.0,0.0
2024-04-10 10:30:00-04:00,55.79999923706055,55.79999923706055,55.79999923706055,55.79999923706055,128,0.0,0.0,0.0
2024-04-10 12:30:00-04:00,55.572200775146484,55.572200775146484,55.572200775146484,55.572200775146484,242,0.0,0.0,0.0
2024-04-10 13:30:00-04:00,55.367000579833984,55.604698181152344,55.290000915527344,55.604698181152344,0,0.0,0.0,0.0
2024-04-11 10:30:00-04:00,55.56650161743164,56.1421012878418,55.56650161743164,56.1421012878418,315,0.0,0.0,0.0
2024-04-12 09:30:00-04:00,55.31999969482422,55.31999969482422,55.31999969482422,55.31999969482422,497,0.0,0.0,0.0
2024-04-12 10:30:00-04:00,55.29999923706055,55.29999923706055,55.29999923706055,55.29999923706055,252,0.0,0.0,0.0
2024-04-12 11:30:00-04:00,55.30500030517578,55.30500030517578,55.111900329589844,55.111900329589844,243,0.0,0.0,0.0
2024-04-12 12:30:00-04:00,54.938499450683594,54.938499450683594,54.938499450683594,54.938499450683594,402,0.0,0.0,0.0
2024-04-12 15:30:00-04:00,54.84000015258789,54.849998474121094,54.789100646972656,54.789100646972656,200,0.0,0.0,0.0
2024-04-15 09:30:00-04:00,54.810001373291016,54.900001525878906,54.810001373291016,54.81999969482422,0,0.0,0.0,0.0
2024-04-15 13:30:00-04:00,53.68000030517578,53.68000030517578,53.68000030517578,53.68000030517578,216,0.0,0.0,0.0
2024-04-15 15:30:00-04:00,53.48310089111328,53.48310089111328,53.472999572753906,53.472999572753906,516,0.0,0.0,0.0
2024-04-16 09:30:00-04:00,53.22999954223633,53.22999954223633,53.22999954223633,53.22999954223633,0,0.0,0.0,0.0
2024-04-16 13:30:00-04:00,53.45000076293945,53.45000076293945,53.45000076293945,53.45000076293945,220,0.0,0.0,0.0
2024-04-16 14:30:00-04:00,53.503299713134766,53.503299713134766,53.503299713134766,53.503299713134766,0,0.0,0.0,0.0
2024-04-18 09:30:00-04:00,53.15999984741211,53.15999984741211,53.1349983215332,53.1349983215332,625,0.0,0.0,0.0
2024-04-18 12:30:00-04:00,53.209999084472656,53.209999084472656,52.9547004699707,52.9547004699707,0,0.0,0.0,0.0
2024-04-19 09:30:00-04:00,52.95000076293945,52.95000076293945,52.95000076293945,52.95000076293945,214,0.0,0.0,0.0
2024-04-19 10:30:00-04:00,52.709999084472656,52.709999084472656,52.32830047607422,52.32830047607422,338,0.0,0.0,0.0
2024-04-22 09:30:00-04:00,52.61009979248047,52.69240188598633,52.61009979248047,52.69240188598633,0,0.0,0.0,0.0
2024-04-23 09:30:00-04:00,53.28779983520508,53.28779983520508,53.28779983520508,53.28779983520508,131,0.0,0.0,0.0
2024-04-23 11:30:00-04:00,53.369998931884766,53.369998931884766,53.369998931884766,53.369998931884766,426,0.0,0.0,0.0
2024-04-23 14:30:00-04:00,53.63999938964844,53.64500045776367,53.52130126953125,53.52130126953125,897,0.0,0.0,0.0
2024-04-24 09:30:00-04:00,53.83000183105469,53.83000183105469,53.683799743652344,53.683799743652344,239,0.0,0.0,0.0
2024-04-25 09:30:00-04:00,52.2599983215332,52.349998474121094,52.2599983215332,52.349998474121094,526,0.0,0.0,0.0
2024-04-25 14:30:00-04:00,52.95000076293945,53.00510025024414,52.95000076293945,53.00510025024414,0,0.0,0.0,0.0
2024-04-26 10:30:00-04:00,53.79999923706055,53.79999923706055,53.79999923706055,53.79999923706055,220,0.0,0.0,0.0
2024-04-26 13:30:00-04:00,53.66999816894531,53.66999816894531,53.66999816894531,53.66999816894531,149,0.0,0.0,0.0
2024-04-26 14:30:00-04:00,53.53499984741211,53.53499984741211,53.53499984741211,53.53499984741211,100,0.0,0.0,0.0
2024-04-29 09:30:00-04:00,53.790000915527344,53.790000915527344,53.790000915527344,53.790000915527344,0,0.0,0.0,0.0
2024-04-29 10:30:00-04:00,53.68000030517578,53.72679901123047,53.68000030517578,53.72679901123047,352,0.0,0.0,0.0
2024-04-29 14:30:00-04:00,53.450401306152344,53.690101623535156,53.450401306152344,53.690101623535156,0,0.0,0.0,0.0
2024-04-30 12:30:00-04:00,52.6968994140625,52.6968994140625,52.6968994140625,52.6968994140625,355,0.0,0.0,0.0
2024-04-30 14:30:00-04:00,52.630001068115234,52.6349983215332,52.37969970703125,52.37969970703125,0,0.0,0.0,0.0
2024-05-01 12:30:00-04:00,52.542198181152344,52.58769989013672,52.542198181152344,52.58769989013672,1071,0.0,0.0,0.0
2024-05-02 09:30:00-04:00,52.810001373291016,52.810001373291016,52.810001373291016,52.810001373291016,0,0.0,0.0,0.0
2024-05-02 12:30:00-04:00,53.11000061035156,53.11000061035156,53.11000061035156,53.11000061035156,305,0.0,0.0,0.0
2024-05-02 15:30:00-04:00,53.10499954223633,53.10499954223633,53.10499954223633,53.10499954223633,100,0.0,0.0,0.0
2024-05-03 09:30:00-04:00,53.6349983215332,53.66999816894531,53.6349983215332,53.66999816894531,383,0.0,0.0,0.0
2024-05-03 10:30:00-04:00,52.939998626708984,52.939998626708984,52.939998626708984,52.939998626708984,222,0.0,0.0,0.0
2024-05-03 11:30:00-04:00,53.16999816894531,53.16999816894531,53.16999816894531,53.16999816894531,115,0.0,0.0,0.0
2024-05-03 13:30:00-04:00,53.18000030517578,53.180301666259766,53.18000030517578,53.180301666259766,100,0.0,0.0,0.0
2024-05-06 09:30:00-04:00,53.189998626708984,53.189998626708984,53.189998626708984,53.189998626708984,0,0.0,0.0,0.0
2024-05-06 11:30:00-04:00,53.54999923706055,53.54999923706055,53.54999923706055,53.54999923706055,109,0.0,0.0,0.0
2024-05-06 12:30:00-04:00,53.540000915527344,53.540000915527344,53.540000915527344,53.540000915527344,104,0.0,0.0,0.0
2024-05-06 13:30:00-04:00,53.55120086669922,53.55120086669922,53.55120086669922,53.55120086669922,428,0.0,0.0,0.0
2024-05-06 14:30:00-04:00,53.560001373291016,53.560001373291016,53.560001373291016,53.560001373291016,300,0.0,0.0,0.0
2024-05-06 15:30:00-04:00,53.654998779296875,53.75830078125,53.654998779296875,53.75830078125,0,0.0,0.0,0.0
2024-05-07 14:30:00-04:00,53.80509948730469,53.814998626708984,53.78519821166992,53.78519821166992,499,0.0,0.0,0.0
2024-05-08 09:30:00-04:00,53.34000015258789,53.75,53.34000015258789,53.75,0,0.0,0.0,0.0
2024-05-08 13:30:00-04:00,53.65879821777344,53.65879821777344,53.65879821777344,53.65879821777344,409,0.0,0.0,0.0
2024-05-08 14:30:00-04:00,53.638999938964844,53.76300048828125,53.638999938964844,53.76300048828125,0,0.0,0.0,0.0
2024-05-09 09:30:00-04:00,54.0,54.0,53.95000076293945,53.95000076293945,327,0.0,0.0,0.0
2024-05-09 14:30:00-04:00,54.0078010559082,54.01570129394531,54.0078010559082,54.01570129394531,0,0.0,0.0,0.0
2024-05-10 09:30:00-04:00,54.27000045776367,54.42940139770508,54.225399017333984,54.225399017333984,588,0.0,0.0,0.0
2024-05-13 13:30:00-04:00,54.570098876953125,54.63349914550781,54.570098876953125,54.63349914550781,0,0.0,0.0,0.0
2024-05-14 09:30:00-04:00,54.5099983215332,54.5099983215332,54.5099983215332,54.5099983215332,0,0.0,0.0,0.0
2024-05-14 14:30:00-04:00,54.98500061035156,55.06570053100586,54.98500061035156,55.06570053100586,602,0.0,0.0,0.0
2024-05-15 09:30:00-04:00,55.369998931884766,55.369998931884766,55.369998931884766,55.369998931884766,0,0.0,0.0,0.0
2024-05-15 11:30:00-04:00,55.6260986328125,55.6260986328125,55.6260986328125,55.6260986328125,101,0.0,0.0,0.0
2024-05-15 12:30:00-04:00,55.66999816894531,55.689998626708984,55.66999816894531,55.689998626708984,225,0.0,0.0,0.0
2024-05-15 13:30:00-04:00,55.77170181274414,55.842201232910156,55.77170181274414,55.842201232910156,0,0.0,0.0,0.0
2024-05-16 13:30:00-04:00,55.72999954223633,55.72999954223633,55.72999954223633,55.72999954223633,101,0.0,0.0,0.0
2024-05-16 15:30:00-04:00,55.65999984741211,55.69219970703125,55.65999984741211,55.69219970703125,0,0.0,0.0,0.0
2024-05-17 10:30:00-04:00,55.900001525878906,55.95000076293945,55.900001525878906,55.95000076293945,408,0.0,0.0,0.0
2024-05-17 12:30:00-04:00,56.040000915527344,56.040000915527344,56.040000915527344,56.040000915527344,290,0.0,0.0,0.0
2024-05-17 14:30:00-04:00,55.94990158081055,55.94990158081055,55.94990158081055,55.94990158081055,100,0.0,0.0,0.0
2024-05-17 15:30:00-04:00,55.810001373291016,55.880001068115234,55.810001373291016,55.856998443603516,560,0.0,0.0,0.0
2024-05-20 13:30:00-04:00,56.100799560546875,56.235801696777344,56.100799560546875,56.235801696777344,166,0.0,0.0,0.0
2024-05-21 14:30:00-04:00,55.779998779296875,55.90829849243164,55.77000045776367,55.90829849243164,1659,0.0,0.0,0.0
2024-05-22 09:30:00-04:00,55.81999969482422,55.81999969482422,55.81999969482422,55.81999969482422,0,0.0,0.0,0.0
2024-05-22 14:30:00-04:00,55.46989822387695,55.46989822387695,55.46989822387695,55.46989822387695,178,0.0,0.0,0.0
2024-05-22 15:30:00-04:00,55.65510177612305,55.65510177612305,55.65510177612305,55.65510177612305,0,0.0,0.0,0.0
2024-05-23 13:30:00-04:00,55.349998474121094,55.349998474121094,55.349998474121094,55.349998474121094,124,0.0,0.0,0.0
2024-05-23 14:30:00-04:00,54.915000915527344,54.937599182128906,54.915000915527344,54.937599182128906,0,0.0,0.0,0.0
2024-05-24 09:30:00-04:00,54.77199935913086,54.78990173339844,54.77199935913086,54.78990173339844,145,0.0,0.0,0.0
2024-05-28 14:30:00-04:00,54.599998474121094,54.6348991394043,54.49100112915039,54.6348991394043,0,0.0,0.0,0.0
2024-05-29 12:30:00-04:00,54.630001068115234,54.630001068115234,54.527198791503906,54.527198791503906,248,0.0,0.0,0.0
2024-05-30 14:30:00-04:00,53.128299713134766,53.128299713134766,52.933998107910156,52.933998107910156,0,0.0,0.0,0.0
2024-05-31 12:30:00-04:00,52.27640151977539,52.85129928588867,52.27640151977539,52.85129928588867,0,0.0,0.0,0.0
2024-06-03 09:30:00-04:00,53.130001068115234,53.13529968261719,52.850399017333984,52.889198303222656,1254,0.0,0.0,0.0
2024-06-03 10:30:00-04:00,52.790000915527344,52.790000915527344,52.560001373291016,52.560001373291016,1845,0.0,0.0,0.0
2024-06-03 15:30:00-04:00,52.46500015258789,52.52289962768555,52.46500015258789,52.52289962768555,0,0.0,0.0,0.0
2024-06-04 09:30:00-04:00,52.560001373291016,52.779998779296875,52.560001373291016,52.779998779296875,309,0.0,0.0,0.0
2024-06-04 13:30:00-04:00,52.459999084472656,52.459999084472656,52.459999084472656,52.459999084472656,127,0.0,0.0,0.0
2024-06-04 15:30:00-04:00,52.470001220703125,52.619998931884766,52.470001220703125,52.57500076293945,1201,0.0,0.0,0.0
2024-06-05 09:30:00-04:00,52.96500015258789,52.96500015258789,52.96500015258789,52.96500015258789,197,0.0,0.0,0.0
2024-06-05 10:30:00-04:00,52.939998626708984,52.939998626708984,52.939998626708984,52.939998626708984,187,0.0,0.0,0.0
2024-06-05 14:30:00-04:00,53.34000015258789,53.42919921875,53.34000015258789,53.42919921875,0,0.0,0.0,0.0
2024-06-06 09:30:00-04:00,53.91999816894531,53.91999816894531,53.91999816894531,53.91999816894531,141,0.0,0.0,0.0
2024-06-06 12:30:00-04:00,53.959999084472656,54.04010009765625,53.959999084472656,54.04010009765625,295,0.0,0.0,0.0
2024-06-06 13:30:00-04:00,53.997398376464844,54.029998779296875,53.997398376464844,54.029998779296875,1182,0.0,0.0,0.0
2024-06-06 14:30:00-04:00,53.9734992980957,53.9734992980957,53.9734992980957,53.9734992980957,691,0.0,0.0,0.0
2024-06-06 15:30:00-04:00,53.82699966430664,53.827999114990234,53.82699966430664,53.827999114990234,110,0.0,0.0,0.0
2024-06-07 09:30:00-04:00,53.33000183105469,53.619998931884766,53.33000183105469,53.619998931884766,2010,0.0,0.0,0.0
2024-06-07 10:30:00-04:00,53.64500045776367,53.70000076293945,53.64500045776367,53.70000076293945,2668,0.0,0.0,0.0
2024-06-07 11:30:00-04:00,53.619998931884766,53.66210174560547,53.619998931884766,53.66210174560547,182,0.0,0.0,0.0
2024-06-10 11:30:00-04:00,54.0,54.0,54.0,54.0,0,0.0,0.0,0.0
2024-06-10 12:30:00-04:00,53.959999084472656,53.959999084472656,53.959999084472656,53.959999084472656,746,0.0,0.0,0.0
2024-06-10 13:30:00-04:00,53.910099029541016,53.99639892578125,53.910099029541016,53.99639892578125,0,0.0,0.0,0.0
2024-06-11 09:30:00-04:00,53.900001525878906,53.900001525878906,53.900001525878906,53.900001525878906,241,0.0,0.0,0.0
2024-06-11 14:30:00-04:00,54.099998474121094,54.154998779296875,54.09000015258789,54.120399475097656,2959,0.0,0.0,0.0
2024-06-12 09:30:00-04:00,55.08000183105469,55.08000183105469,54.44419860839844,54.44419860839844,427,0.0,0.0,0.0
2024-06-13 09:30:00-04:00,54.72999954223633,54.72999954223633,54.72999954223633,54.72999954223633,0,0.0,0.0,0.0
2024-06-13 10:30:00-04:00,53.96099853515625,53.96099853515625,53.96099853515625,53.96099853515625,202,0.0,0.0,0.0
2024-06-13 13:30:00-04:00,53.806400299072266,53.849998474121094,53.779998779296875,53.849998474121094,2596,0.0,0.0,0.0
2024-06-13 14:30:00-04:00,53.865501403808594,53.865501403808594,53.865501403808594,53.865501403808594,113,0.0,0.0,0.0
2024-06-13 15:30:00-04:00,53.75,53.75,53.742698669433594,53.742698669433594,202,0.0,0.0,0.0
2024-06-14 09:30:00-04:00,53.65999984741211,53.65999984741211,53.65999984741211,53.65999984741211,0,0.0,0.0,0.0
2024-06-14 10:30:00-04:00,53.595001220703125,53.595001220703125,53.595001220703125,53.595001220703125,211,0.0,0.0,0.0
2024-06-14 13:30:00-04:00,53.70000076293945,53.74689865112305,53.70000076293945,53.74689865112305,256,0.0,0.0,0.0
2024-06-17 09:30:00-04:00,53.630001068115234,53.630001068115234,53.279598236083984,53.279598236083984,1192,0.0,0.0,0.0
2024-06-17 10:30:00-04:00,53.3119010925293,53.3119010925293,53.3119010925293,53.3119010925293,140,0.0,0.0,0.0
2024-06-17 11:30:00-04:00,53.439998626708984,53.439998626708984,53.439998626708984,53.439998626708984,222,0.0,0.0,0.0
2024-06-17 14:30:00-04:00,53.970001220703125,53.970001220703125,53.93360137939453,53.93360137939453,0,0.0,0.0,0.0
2024-06-18 09:30:00-04:00,53.810001373291016,53.810001373291016,53.810001373291016,53.810001373291016,680,0.0,0.0,0.0
2024-06-18 10:30:00-04:00,53.84000015258789,53.84000015258789,53.84000015258789,53.84000015258789,102,0.0,0.0,0.0
2024-06-18 11:30:00-04:00,53.79999923706055,53.79999923706055,53.65039825439453,53.65039825439453,821,0.0,0.0,0.0
2024-06-20 09:30:00-04:00,53.4900016784668,53.777000427246094,53.4900016784668,53.777000427246094,0,0.0,0.0,0.0
2024-06-20 10:30:00-04:00,53.91999816894531,53.91999816894531,53.91999816894531,53.91999816894531,570,0.0,0.0,0.0
2024-06-20 11:30:00-04:00,53.881900787353516,53.881900787353516,53.881900787353516,53.881900787353516,368,0.0,0.0,0.0
2024-06-20 14:30:00-04:00,53.779998779296875,53.81010055541992,53.779998779296875,53.81010055541992,132,0.0,0.0,0.0
2024-06-21 09:30:00-04:00,53.58000183105469,53.58000183105469,53.58000183105469,53.58000183105469,0,0.0,0.0,0.0
2024-06-21 14:30:00-04:00,54.03879928588867,54.03879928588867,54.03879928588867,54.03879928588867,102,0.0,0.0,0.0
2024-06-24 09:30:00-04:00,54.099998474121094,54.099998474121094,54.099998474121094,54.099998474121094,195,0.0,0.0,0.0
2024-06-24 13:30:00-04:00,53.900001525878906,53.90169906616211,53.88999938964844,53.90169906616211,0,0.0,0.0,0.0
2024-06-25 14:30:00-04:00,53.5609016418457,53.5609016418457,53.5609016418457,53.5609016418457,158,0.0,0.0,0.0
2024-06-26 11:30:00-04:00,53.78559875488281,53.78559875488281,53.78559875488281,53.78559875488281,339,0.0,0.0,0.0
2024-06-26 12:30:00-04:00,53.600101470947266,53.766300201416016,53.600101470947266,53.766300201416016,0,0.0,0.0,0.0
2024-06-27 09:30:00-04:00,53.98040008544922,54.30189895629883,53.98040008544922,54.291099548339844,447,0.0,0.0,0.0
2024-06-27 10:30:00-04:00,54.5,54.5,54.5,54.5,112,0.0,0.0,0.0
2024-06-27 11:30:00-04:00,54.70000076293945,54.70000076293945,54.70000076293945,54.70000076293945,121,0.0,0.0,0.0
2024-06-27 12:30:00-04:00,54.717899322509766,54.717899322509766,54.717899322509766,54.717899322509766,105,0.0,0.0,0.0
2024-06-27 13:30:00-04:00,54.75,54.75,54.718299865722656,54.718299865722656,1097,0.0,0.0,0.0
2024-06-28 09:30:00-04:00,54.900001525878906,55.0,54.900001525878906,55.0,0,0.0,0.0,0.0
2024-06-28 11:30:00-04:00,55.06999969482422,55.06999969482422,55.06999969482422,55.06999969482422,258,0.0,0.0,0.0
2024-06-28 14:30:00-04:00,55.04999923706055,55.059200286865234,55.04999923706055,55.059200286865234,836,0.0,0.0,0.0
2024-07-01 09:30:00-04:00,54.849998474121094,54.9109992980957,54.75,54.900001525878906,0,0.0,0.0,0.0
2024-07-01 10:30:00-04:00,54.930301666259766,54.930301666259766,54.930301666259766,54.930301666259766,401,0.0,0.0,0.0
2024-07-01 11:30:00-04:00,55.0099983215332,55.37310028076172,55.0099983215332,55.37310028076172,0,0.0,0.0,0.0
2024-07-02 09:30:00-04:00,55.349998474121094,55.349998474121094,55.2140007019043,55.2140007019043,642,0.0,0.0,0.0
2024-07-02 13:30:00-04:00,55.404998779296875,55.404998779296875,55.350101470947266,55.36920166015625,722,0.0,0.0,0.0
2024-07-02 14:30:00-04:00,55.36840057373047,55.36840057373047,55.36840057373047,55.36840057373047,275,0.0,0.0,0.0
2024-07-02 15:30:00-04:00,55.44499969482422,55.60279846191406,55.42839813232422,55.60279846191406,0,0.0,0.0,0.0
2024-07-05 12:30:00-04:00,55.834999084472656,55.883399963378906,55.834999084472656,55.883399963378906,694,0.0,0.0,0.0
2024-07-08 10:30:00-04:00,55.666500091552734,55.666500091552734,55.666500091552734,55.666500091552734,0,0.0,0.0,0.0
2024-07-08 12:30:00-04:00,55.731998443603516,55.731998443603516,55.731998443603516,55.731998443603516,202,0.0,0.0,0.0
2024-07-08 15:30:00-04:00,55.8223991394043,55.8223991394043,55.8223991394043,55.8223991394043,0,0.0,0.0,0.0
2024-07-09 10:30:00-04:00,55.22549819946289,55.22549819946289,55.21049880981445,55.21049880981445,542,0.0,0.0,0.0
2024-07-09 14:30:00-04:00,55.13999938964844,55.18000030517578,55.13999938964844,55.16999816894531,901,0.0,0.0,0.0
2024-07-09 15:30:00-04:00,55.130001068115234,55.189998626708984,55.130001068115234,55.154300689697266,0,0.0,0.0,0.0
2024-07-10 09:30:00-04:00,54.80009841918945,54.80009841918945,54.80009841918945,54.80009841918945,232,0.0,0.0,0.0
2024-07-10 10:30:00-04:00,54.61000061035156,54.61000061035156,54.61000061035156,54.61000061035156,147,0.0,0.0,0.0
2024-07-10 15:30:00-04:00,54.95500183105469,54.95500183105469,54.95500183105469,54.95500183105469,262,0.0,0.0,0.0
2024-07-11 09:30:00-04:00,55.09000015258789,55.68000030517578,55.09000015258789,55.68000030517578,353,0.0,0.0,0.0
2024-07-11 11:30:00-04:00,54.779998779296875,54.779998779296875,54.779998779296875,54.779998779296875,312,0.0,0.0,0.0
2024-07-11 12:30:00-04:00,54.89500045776367,54.89500045776367,54.89500045776367,54.89500045776367,274,0.0,0.0,0.0
2024-07-11 13:30:00-04:00,54.83549880981445,54.83549880981445,54.83549880981445,54.83549880981445,201,0.0,0.0,0.0
2024-07-11 14:30:00-04:00,54.94499969482422,55.0,54.94499969482422,54.99380111694336,0,0.0,0.0,0.0
2024-07-12 10:30:00-04:00,55.5,55.5,55.5,55.5,675,0.0,0.0,0.0
2024-07-12 14:30:00-04:00,55.65010070800781,55.7599983215332,55.64059829711914,55.689998626708984,22190,0.0,0.0,0.0
2024-07-12 15:30:00-04:00,55.7400016784668,55.7400016784668,55.58539962768555,55.58539962768555,244,0.0,0.0,0.0
2024-07-15 09:30:00-04:00,55.61000061035156,56.0,55.61000061035156,56.0,0,0.0,0.0,0.0
2024-07-15 10:30:00-04:00,56.05889892578125,56.05889892578125,55.885501861572266,55.885501861572266,0,0.0,0.0,0.0
2024-07-16 09:30:00-04:00,56.310001373291016,56.310001373291016,56.310001373291016,56.310001373291016,397,0.0,0.0,0.0
2024-07-16 10:30:00-04:00,56.34510040283203,56.34510040283203,56.34510040283203,56.34510040283203,131,0.0,0.0,0.0
2024-07-16 11:30:00-04:00,56.279998779296875,56.279998779296875,56.279998779296875,56.279998779296875,487,0.0,0.0,0.0
2024-07-16 13:30:00-04:00,56.21500015258789,56.21500015258789,56.21500015258789,56.21500015258789,296,0.0,0.0,0.0
2024-07-16 14:30:00-04:00,56.36000061035156,56.548099517822266,56.36000061035156,56.548099517822266,542,0.0,0.0,0.0
2024-07-17 09:30:00-04:00,55.61000061035156,55.61000061035156,55.61000061035156,55.61000061035156,325,0.0,0.0,0.0
2024-07-17 10:30:00-04:00,55.65679931640625,55.65679931640625,55.44179916381836,55.44179916381836,0,0.0,0.0,0.0
2024-07-18 09:30:00-04:00,55.470001220703125,55.470001220703125,55.470001220703125,55.470001220703125,541,0.0,0.0,0.0
2024-07-18 14:30:00-04:00,54.529998779296875,54.529998779296875,54.529998779296875,54.529998779296875,121,0.0,0.0,0.0
2024-07-18 15:30:00-04:00,54.65999984741211,55.02000045776367,54.65999984741211,54.91189956665039,533,0.0,0.0,0.0
2024-07-19 09:30:00-04:00,54.7400016784668,54.7400016784668,54.7400016784668,54.7400016784668,0,0.0,0.0,0.0
2024-07-19 14:30:00-04:00,54.52289962768555,54.63180160522461,54.52289962768555,54.63180160522461,449,0.0,0.0,0.0
2024-07-22 11:30:00-04:00,54.69499969482422,54.69499969482422,54.69499969482422,54.69499969482422,212,0.0,0.0,0.0
2024-07-22 12:30:00-04:00,54.84080123901367,54.84080123901367,54.84080123901367,54.84080123901367,424,0.0,0.0,0.0
2024-07-22 13:30:00-04:00,54.878700256347656,54.878700256347656,54.878700256347656,54.878700256347656,610,0.0,0.0,0.0
2024-07-22 15:30:00-04:00,54.970001220703125,54.98929977416992,54.970001220703125,54.98929977416992,142,0.0,0.0,0.0
2024-07-23 09:30:00-04:00,55.0,55.274600982666016,55.0,55.274600982666016,293,0.0,0.0,0.0
2024-07-23 10:30:00-04:00,55.1609992980957,55.1609992980957,55.1609992980957,55.1609992980957,611,0.0,0.0,0.0
2024-07-23 14:30:00-04:00,55.470001220703125,55.470001220703125,53.62910079956055,53.62910079956055,0,0.0,0.0,0.0
2024-07-25 09:30:00-04:00,53.95000076293945,53.95000076293945,53.95000076293945,53.95000076293945,309,0.0,0.0,0.0
2024-07-25 10:30:00-04:00,54.72919845581055,54.72919845581055,54.72919845581055,54.72919845581055,204,0.0,0.0,0.0
2024-07-25 12:30:00-04:00,55.142799377441406,55.142799377441406,55.142799377441406,55.142799377441406,103,0.0,0.0,0.0
2024-07-25 13:30:00-04:00,55.13999938964844,55.13999938964844,55.13999938964844,55.13999938964844,407,0.0,0.0,0.0
2024-07-25 14:30:00-04:00,54.869998931884766,54.970001220703125,54.56629943847656,54.56629943847656,0,0.0,0.0,0.0
2024-07-26 13:30:00-04:00,55.04999923706055,55.11000061035156,54.961700439453125,54.961700439453125,708,0.0,0.0,0.0
2024-07-29 14:30:00-04:00,54.95000076293945,54.95000076293945,54.93000030517578,54.93000030517578,128,0.0,0.0,0.0
2024-07-29 15:30:00-04:00,54.970001220703125,54.970001220703125,54.93069839477539,54.93069839477539,140,0.0,0.0,0.0
2024-07-30 09:30:00-04:00,54.83000183105469,55.20009994506836,54.83000183105469,55.20009994506836,610,0.0,0.0,0.0
2024-07-30 14:30:00-04:00,54.459999084472656,54.61790084838867,54.459999084472656,54.61790084838867,0,0.0,0.0,0.0
2024-07-31 10:30:00-04:00,55.310001373291016,55.310001373291016,55.310001373291016,55.310001373291016,122,0.0,0.0,0.0
2024-07-31 12:30:00-04:00,55.349998474121094,55.349998474121094,55.349998474121094,55.349998474121094,145,0.0,0.0,0.0
2024-07-31 14:30:00-04:00,55.24720001220703,55.24720001220703,55.24720001220703,55.24720001220703,0,0.0,0.0,0.0
2024-08-01 14:30:00-04:00,53.46500015258789,53.79690170288086,53.459999084472656,53.79690170288086,991,0.0,0.0,0.0
2024-08-02 09:30:00-04:00,52.470001220703125,52.470001220703125,52.470001220703125,52.470001220703125,571,0.0,0.0,0.0
2024-08-02 10:30:00-04:00,51.94430160522461,51.94430160522461,51.94430160522461,51.94430160522461,514,0.0,0.0,0.0
2024-08-02 14:30:00-04:00,52.220001220703125,52.220001220703125,52.220001220703125,52.220001220703125,208,0.0,0.0,0.0
2024-08-05 09:30:00-04:00,50.279998779296875,50.279998779296875,50.279998779296875,50.279998779296875,4263,0.0,0.0,0.0
2024-08-05 10:30:00-04:00,50.95000076293945,50.95000076293945,50.83729934692383,50.83729934692383,0,0.0,0.0,0.0
2024-08-06 11:30:00-04:00,51.369998931884766,51.369998931884766,51.369998931884766,51.369998931884766,230,0.0,0.0,0.0
2024-08-06 12:30:00-04:00,51.736000061035156,51.736000061035156,51.736000061035156,51.736000061035156,210,0.0,0.0,0.0
2024-08-06 14:30:00-04:00,51.814998626708984,51.814998626708984,51.29800033569336,51.29800033569336,2610,0.0,0.0,0.0
2024-08-07 09:30:00-04:00,52.40999984741211,52.40999984741211,52.40999984741211,52.40999984741211,0,0.0,0.0,0.0
2024-08-07 13:30:00-04:00,51.98509979248047,51.98509979248047,51.98509979248047,51.98509979248047,100,0.0,0.0,0.0
2024-08-07 14:30:00-04:00,51.79999923706055,51.79999923706055,51.31439971923828,51.31439971923828,0,0.0,0.0,0.0
2024-08-08 14:30:00-04:00,52.0,52.19839859008789,52.0,52.19839859008789,68,0.0,0.0,0.0
2024-08-09 10:30:00-04:00,52.47999954223633,52.540000915527344,52.47999954223633,52.540000915527344,2612,0.0,0.0,0.0
2024-08-09 14:30:00-04:00,52.63999938964844,52.63999938964844,52.63999938964844,52.63999938964844,245,0.0,0.0,0.0
2024-08-09 15:30:00-04:00,52.7400016784668,52.7400016784668,52.7400016784668,52.7400016784668,112,0.0,0.0,0.0
2024-08-12 09:30:00-04:00,52.43000030517578,52.500099182128906,52.43000030517578,52.500099182128906,0,0.0,0.0,0.0
2024-08-12 14:30:00-04:00,52.59000015258789,52.59000015258789,52.58689880371094,52.58689880371094,0,0.0,0.0,0.0
2024-08-13 10:30:00-04:00,53.099998474121094,53.099998474121094,53.099998474121094,53.099998474121094,293,0.0,0.0,0.0
2024-08-13 13:30:00-04:00,53.59980010986328,53.59980010986328,53.59980010986328,53.59980010986328,193,0.0,0.0,0.0
2024-08-13 14:30:00-04:00,53.6150016784668,53.724300384521484,53.61000061035156,53.724300384521484,0,0.0,0.0,0.0
2024-08-14 10:30:00-04:00,53.618099212646484,53.618099212646484,53.618099212646484,53.618099212646484,219,0.0,0.0,0.0
2024-08-14 14:30:00-04:00,53.974998474121094,54.070499420166016,53.939998626708984,54.070499420166016,0,0.0,0.0,0.0
2024-08-15 11:30:00-04:00,55.0,55.0099983215332,54.9900016784668,55.0,4018,0.0,0.0,0.0
2024-08-15 12:30:00-04:00,54.99020004272461,54.99020004272461,54.99020004272461,54.99020004272461,266,0.0,0.0,0.0
2024-08-15 13:30:00-04:00,55.08319854736328,55.084999084472656,55.08319854736328,55.084999084472656,525,0.0,0.0,0.0
2024-08-15 14:30:00-04:00,55.09000015258789,55.13100051879883,55.09000015258789,55.13100051879883,564,0.0,0.0,0.0
2024-08-15 15:30:00-04:00,55.09000015258789,55.09000015258789,55.02000045776367,55.02000045776367,1109,0.0,0.0,0.0
2024-08-16 09:30:00-04:00,54.9900016784668,54.9900016784668,54.9900016784668,54.9900016784668,0,0.0,0.0,0.0
2024-08-16 10:30:00-04:00,55.09000015258789,55.09000015258789,55.09000015258789,55.09000015258789,173,0.0,0.0,0.0
2024-08-16 11:30:00-04:00,55.12009811401367,55.12009811401367,55.12009811401367,55.12009811401367,321,0.0,0.0,0.0
2024-08-16 13:30:00-04:00,55.209999084472656,55.209999084472656,55.209999084472656,55.209999084472656,259,0.0,0.0,0.0
2024-08-16 14:30:00-04:00,55.18009948730469,55.209999084472656,55.18009948730469,55.209999084472656,463,0.0,0.0,0.0
2024-08-19 14:30:00-04:00,55.779998779296875,55.779998779296875,55.779998779296875,55.779998779296875,440,0.0,0.0,0.0
2024-08-19 15:30:00-04:00,55.72999954223633,55.939998626708984,55.70000076293945,55.92499923706055,0,0.0,0.0,0.0
2024-08-20 09:30:00-04:00,56.099998474121094,56.099998474121094,56.099998474121094,56.099998474121094,268,0.0,0.0,0.0
2024-08-20 11:30:00-04:00,55.88999938964844,55.88999938964844,55.83000183105469,55.83000183105469,4500,0.0,0.0,0.0
2024-08-20 12:30:00-04:00,55.712799072265625,55.72999954223633,55.709999084472656,55.709999084472656,3511,0.0,0.0,0.0
2024-08-20 14:30:00-04:00,55.95000076293945,55.95000076293945,55.88999938964844,55.88999938964844,2697,0.0,0.0,0.0
2024-08-20 15:30:00-04:00,55.869998931884766,55.869998931884766,55.75,55.75,0,0.0,0.0,0.0
2024-08-21 10:30:00-04:00,55.709999084472656,56.0,55.709999084472656,56.0,3497,0.0,0.0,0.0
2024-08-21 11:30:00-04:00,55.91999816894531,55.91999816894531,55.91999816894531,55.91999816894531,2001,0.0,0.0,0.0
2024-08-21 12:30:00-04:00,56.064998626708984,56.064998626708984,56.064998626708984,56.064998626708984,127,0.0,0.0,0.0
2024-08-21 14:30:00-04:00,56.130001068115234,56.130001068115234,56.130001068115234,56.130001068115234,310,0.0,0.0,0.0
2024-08-21 15:30:00-04:00,56.16999816894531,56.27989959716797,56.15999984741211,56.27989959716797,0,0.0,0.0,0.0
2024-08-22 12:30:00-04:00,56.37160110473633,56.38209915161133,56.28499984741211,56.28499984741211,1663,0.0,0.0,0.0
2024-08-22 14:30:00-04:00,56.11000061035156,56.11000061035156,56.11000061035156,56.11000061035156,453,0.0,0.0,0.0
2024-08-22 15:30:00-04:00,55.869998931884766,55.939998626708984,55.81039810180664,55.81039810180664,0,0.0,0.0,0.0
2024-08-23 09:30:00-04:00,56.2400016784668,56.2400016784668,56.2400016784668,56.2400016784668,207,0.0,0.0,0.0
2024-08-23 10:30:00-04:00,56.599998474121094,56.599998474121094,56.599998474121094,56.599998474121094,348,0.0,0.0,0.0
2024-08-23 14:30:00-04:00,56.880001068115234,56.880001068115234,56.872798919677734,56.872798919677734,301,0.0,0.0,0.0
2024-08-23 15:30:00-04:00,56.779998779296875,56.90999984741211,56.779998779296875,56.90999984741211,466,0.0,0.0,0.0
2024-08-26 09:30:00-04:00,56.790000915527344,57.0,56.790000915527344,57.0,0,0.0,0.0,0.0
2024-08-26 10:30:00-04:00,56.7599983215332,56.77000045776367,56.72200012207031,56.72200012207031,881,0.0,0.0,0.0
2024-08-26 13:30:00-04:00,56.630001068115234,56.720001220703125,56.61479949951172,56.61479949951172,0,0.0,0.0,0.0
2024-08-27 14:30:00-04:00,56.685001373291016,56.685001373291016,56.27870178222656,56.27870178222656,0,0.0,0.0,0.0
2024-08-29 09:30:00-04:00,56.36000061035156,56.85499954223633,56.36000061035156,56.85499954223633,589,0.0,0.0,0.0
2024-08-29 10:30:00-04:00,57.0,57.0,57.0,57.0,242,0.0,0.0,0.0
2024-08-29 12:30:00-04:00,56.80730056762695,56.80730056762695,56.80730056762695,56.80730056762695,110,0.0,0.0,0.0
2024-08-29 14:30:00-04:00,56.40399932861328,56.470001220703125,56.40399932861328,56.470001220703125,852,0.0,0.0,0.0
2024-08-29 15:30:00-04:00,56.279998779296875,56.279998779296875,56.279998779296875,56.279998779296875,0,0.0,0.0,0.0
2024-08-30 09:30:00-04:00,56.70000076293945,56.70000076293945,56.70000076293945,56.70000076293945,109,0.0,0.0,0.0
2024-08-30 14:30:00-04:00,56.59749984741211,56.59749984741211,56.59749984741211,56.59749984741211,102,0.0,0.0,0.0
2024-09-04 09:30:00-04:00,54.92499923706055,54.92499923706055,54.92499923706055,54.92499923706055,0,0.0,0.0,0.0
2024-09-04 11:30:00-04:00,54.97809982299805,54.97809982299805,54.97129821777344,54.97129821777344,0,0.0,0.0,0.0
2024-09-05 12:30:00-04:00,54.91999816894531,54.939998626708984,54.91999816894531,54.939998626708984,707,0.0,0.0,0.0
2024-09-05 15:30:00-04:00,54.939998626708984,54.939998626708984,54.939998626708984,54.939998626708984,0,0.0,0.0,0.0
2024-09-06 12:30:00-04:00,54.099998474121094,54.13399887084961,54.099998474121094,54.13399887084961,215,0.0,0.0,0.0
2024-09-06 14:30:00-04:00,54.14500045776367,54.20100021362305,54.14500045776367,54.20100021362305,163,0.0,0.0,0.0
