Datetime,Open,High,Low,Close,Volume,Dividends,Stock Splits,Capital Gains
2022-07-20 09:30:00-04:00,37.959999084472656,37.959999084472656,37.959999084472656,37.959999084472656,0,0.0,0.0,0.0
2022-07-20 10:30:00-04:00,38.0,38.01900100708008,37.93000030517578,37.95000076293945,702,0.0,0.0,0.0
2022-07-20 11:30:00-04:00,37.95000076293945,37.97999954223633,37.95000076293945,37.970001220703125,300,0.0,0.0,0.0
2022-07-20 12:30:00-04:00,37.959999084472656,37.959999084472656,37.869998931884766,37.869998931884766,381,0.0,0.0,0.0
2022-07-20 13:30:00-04:00,37.880001068115234,37.880001068115234,37.83000183105469,37.869998931884766,360,0.0,0.0,0.0
2022-07-20 14:30:00-04:00,37.88999938964844,37.88999938964844,37.880001068115234,37.88999938964844,413,0.0,0.0,0.0
2022-07-21 09:30:00-04:00,37.58000183105469,37.70500183105469,37.58000183105469,37.70500183105469,607,0.0,0.0,0.0
2022-07-21 10:30:00-04:00,37.630001068115234,37.70000076293945,37.630001068115234,37.70000076293945,743,0.0,0.0,0.0
2022-07-21 11:30:00-04:00,37.720001220703125,37.720001220703125,37.720001220703125,37.720001220703125,1137,0.0,0.0,0.0
2022-07-21 14:30:00-04:00,37.65999984741211,37.71390151977539,37.65999984741211,37.71390151977539,214,0.0,0.0,0.0
2022-07-22 09:30:00-04:00,37.599998474121094,37.599998474121094,37.599998474121094,37.599998474121094,0,0.0,0.0,0.0
2022-07-22 11:30:00-04:00,37.480499267578125,37.480499267578125,37.45000076293945,37.45000076293945,2928,0.0,0.0,0.0
2022-07-22 12:30:00-04:00,37.38999938964844,37.38999938964844,37.38999938964844,37.38999938964844,1106,0.0,0.0,0.0
2022-07-22 13:30:00-04:00,37.349998474121094,37.349998474121094,37.33000183105469,37.33000183105469,2001,0.0,0.0,0.0
2022-07-22 14:30:00-04:00,37.34000015258789,37.36759948730469,37.33000183105469,37.36759948730469,1841,0.0,0.0,0.0
2022-07-25 09:30:00-04:00,37.22999954223633,37.22999954223633,37.22999954223633,37.22999954223633,0,0.0,0.0,0.0
2022-07-25 11:30:00-04:00,37.18000030517578,37.18000030517578,37.18000030517578,37.18000030517578,100,0.0,0.0,0.0
2022-07-25 12:30:00-04:00,37.189998626708984,37.25019836425781,37.189998626708984,37.25019836425781,260,0.0,0.0,0.0
2022-07-25 15:30:00-04:00,37.20840072631836,37.24679946899414,37.20840072631836,37.24679946899414,0,0.0,0.0,0.0
2022-07-26 09:30:00-04:00,37.33000183105469,37.400001525878906,37.3297004699707,37.400001525878906,5691,0.0,0.0,0.0
2022-07-26 11:30:00-04:00,37.11199951171875,37.220001220703125,37.11199951171875,37.220001220703125,1048,0.0,0.0,0.0
2022-07-26 14:30:00-04:00,37.11009979248047,37.11009979248047,37.11009979248047,37.11009979248047,101,0.0,0.0,0.0
2022-07-27 09:30:00-04:00,37.380001068115234,37.380001068115234,37.31999969482422,37.31999969482422,338,0.0,0.0,0.0
2022-07-27 11:30:00-04:00,37.41899871826172,37.41899871826172,37.41899871826172,37.41899871826172,100,0.0,0.0,0.0
2022-07-27 12:30:00-04:00,37.369998931884766,37.369998931884766,37.369998931884766,37.369998931884766,173,0.0,0.0,0.0
2022-07-27 14:30:00-04:00,37.40999984741211,37.5,37.400001525878906,37.47999954223633,802,0.0,0.0,0.0
2022-07-27 15:30:00-04:00,37.5099983215332,37.517799377441406,37.5,37.517799377441406,1318,0.0,0.0,0.0
2022-07-28 09:30:00-04:00,37.189998626708984,37.380001068115234,37.150001525878906,37.150001525878906,325,0.0,0.0,0.0
2022-07-28 10:30:00-04:00,37.16999816894531,37.2400016784668,37.16999816894531,37.23899841308594,1305,0.0,0.0,0.0
2022-07-28 11:30:00-04:00,37.229000091552734,37.27000045776367,37.20000076293945,37.21900177001953,1113,0.0,0.0,0.0
2022-07-28 12:30:00-04:00,37.22999954223633,37.2599983215332,37.17499923706055,37.2599983215332,903,0.0,0.0,0.0
2022-07-28 13:30:00-04:00,37.27000045776367,37.29999923706055,37.27000045776367,37.279998779296875,1118,0.0,0.0,0.0
2022-07-28 14:30:00-04:00,37.290000915527344,37.33000183105469,37.269798278808594,37.269798278808594,0,0.0,0.0,0.0
2022-07-29 09:30:00-04:00,36.58000183105469,36.58000183105469,36.439998626708984,36.45000076293945,5195,0.0,0.0,0.0
2022-07-29 10:30:00-04:00,36.61000061035156,36.61000061035156,36.61000061035156,36.61000061035156,152,0.0,0.0,0.0
2022-07-29 11:30:00-04:00,36.595001220703125,36.595001220703125,36.595001220703125,36.595001220703125,243,0.0,0.0,0.0
2022-08-01 09:30:00-04:00,37.13999938964844,37.31999969482422,37.130001068115234,37.279998779296875,4638,0.0,0.0,0.0
2022-08-01 10:30:00-04:00,37.279998779296875,37.279998779296875,37.2401008605957,37.26499938964844,1270,0.0,0.0,0.0
2022-08-01 11:30:00-04:00,37.20000076293945,37.290000915527344,37.16999816894531,37.16999816894531,525,0.0,0.0,0.0
2022-08-01 12:30:00-04:00,37.20000076293945,37.27000045776367,37.20000076293945,37.27000045776367,432,0.0,0.0,0.0
2022-08-01 13:30:00-04:00,37.20610046386719,37.279998779296875,37.20610046386719,37.279998779296875,558,0.0,0.0,0.0
2022-08-01 14:30:00-04:00,37.26900100708008,37.26900100708008,37.226898193359375,37.226898193359375,0,0.0,0.0,0.0
2022-08-02 09:30:00-04:00,36.66999816894531,36.779998779296875,36.66999816894531,36.68000030517578,2440,0.0,0.0,0.0
2022-08-02 10:30:00-04:00,36.68000030517578,36.790000915527344,36.599998474121094,36.790000915527344,1228,0.0,0.0,0.0
2022-08-02 11:30:00-04:00,36.79999923706055,36.880001068115234,36.79999923706055,36.880001068115234,631,0.0,0.0,0.0
2022-08-02 12:30:00-04:00,36.95000076293945,37.0,36.900001525878906,36.900001525878906,950,0.0,0.0,0.0
2022-08-02 13:30:00-04:00,36.79999923706055,36.79999923706055,36.79999923706055,36.79999923706055,302,0.0,0.0,0.0
2022-08-02 14:30:00-04:00,36.79999923706055,36.79999923706055,36.720001220703125,36.720001220703125,503,0.0,0.0,0.0
2022-08-02 15:30:00-04:00,36.72999954223633,36.72999954223633,36.66999816894531,36.66999816894531,0,0.0,0.0,0.0
2022-08-03 09:30:00-04:00,36.16999816894531,36.16999816894531,36.064998626708984,36.099998474121094,855,0.0,0.0,0.0
2022-08-03 10:30:00-04:00,36.099998474121094,36.11000061035156,36.04999923706055,36.11000061035156,775,0.0,0.0,0.0
2022-08-03 11:30:00-04:00,36.15999984741211,36.189998626708984,36.15999984741211,36.18000030517578,468,0.0,0.0,0.0
2022-08-03 12:30:00-04:00,36.20000076293945,36.2599983215332,36.18000030517578,36.25,855,0.0,0.0,0.0
2022-08-03 13:30:00-04:00,36.25,36.25,36.2400016784668,36.25,512,0.0,0.0,0.0
2022-08-03 14:30:00-04:00,36.209999084472656,36.220001220703125,36.20000076293945,36.209999084472656,669,0.0,0.0,0.0
2022-08-03 15:30:00-04:00,36.140098571777344,36.20000076293945,36.13999938964844,36.20000076293945,612,0.0,0.0,0.0
2022-08-04 09:30:00-04:00,36.20000076293945,36.310001373291016,36.20000076293945,36.310001373291016,0,0.0,0.0,0.0
2022-08-04 13:30:00-04:00,36.29999923706055,36.29999923706055,36.29999923706055,36.29999923706055,106,0.0,0.0,0.0
2022-08-05 09:30:00-04:00,36.52000045776367,36.68000030517578,36.52000045776367,36.68000030517578,1682,0.0,0.0,0.0
2022-08-05 11:30:00-04:00,36.68000030517578,36.68000030517578,36.68000030517578,36.68000030517578,102,0.0,0.0,0.0
2022-08-05 12:30:00-04:00,36.65999984741211,36.65999984741211,36.65999984741211,36.65999984741211,426,0.0,0.0,0.0
2022-08-08 09:30:00-04:00,36.880001068115234,36.880001068115234,36.75,36.75,2419,0.0,0.0,0.0
2022-08-08 10:30:00-04:00,36.79840087890625,36.79840087890625,36.79840087890625,36.79840087890625,425,0.0,0.0,0.0
2022-08-08 13:30:00-04:00,36.689998626708984,36.75,36.689998626708984,36.75,2236,0.0,0.0,0.0
2022-08-09 09:30:00-04:00,36.970001220703125,36.97999954223633,36.91999816894531,36.91999816894531,0,0.0,0.0,0.0
2022-08-09 10:30:00-04:00,36.939998626708984,36.939998626708984,36.91999816894531,36.939998626708984,3300,0.0,0.0,0.0
2022-08-09 14:30:00-04:00,36.94770050048828,36.94770050048828,36.94770050048828,36.94770050048828,513,0.0,0.0,0.0
2022-08-09 15:30:00-04:00,36.94990158081055,36.94990158081055,36.936100006103516,36.936100006103516,1001,0.0,0.0,0.0
2022-08-10 09:30:00-04:00,36.81999969482422,36.880001068115234,36.81999969482422,36.84000015258789,0,0.0,0.0,0.0
2022-08-10 10:30:00-04:00,36.86000061035156,36.93000030517578,36.86000061035156,36.93000030517578,1020,0.0,0.0,0.0
2022-08-10 11:30:00-04:00,36.93000030517578,36.959999084472656,36.91999816894531,36.939998626708984,908,0.0,0.0,0.0
2022-08-10 12:30:00-04:00,36.93000030517578,36.93000030517578,36.90999984741211,36.93000030517578,627,0.0,0.0,0.0
2022-08-10 13:30:00-04:00,36.91999816894531,36.93000030517578,36.880001068115234,36.880001068115234,910,0.0,0.0,0.0
2022-08-10 14:30:00-04:00,36.869998931884766,36.880001068115234,36.84000015258789,36.86000061035156,1115,0.0,0.0,0.0
2022-08-10 15:30:00-04:00,36.880001068115234,36.880001068115234,36.849998474121094,36.849998474121094,1157,0.0,0.0,0.0
2022-08-11 09:30:00-04:00,37.59000015258789,37.79999923706055,37.58919906616211,37.79999923706055,0,0.0,0.0,0.0
2022-08-11 11:30:00-04:00,37.62009811401367,37.62009811401367,37.62009811401367,37.62009811401367,550,0.0,0.0,0.0
2022-08-11 13:30:00-04:00,37.540000915527344,37.540000915527344,37.47999954223633,37.4900016784668,1514,0.0,0.0,0.0
2022-08-11 14:30:00-04:00,37.46670150756836,37.47999954223633,37.46670150756836,37.47999954223633,0,0.0,0.0,0.0
2022-08-12 09:30:00-04:00,36.880001068115234,37.06999969482422,36.880001068115234,37.06999969482422,878,0.0,0.0,0.0
2022-08-12 10:30:00-04:00,37.09000015258789,37.09000015258789,37.070098876953125,37.070098876953125,301,0.0,0.0,0.0
2022-08-12 15:30:00-04:00,37.12670135498047,37.12670135498047,37.12670135498047,37.12670135498047,1009,0.0,0.0,0.0
2022-08-15 10:30:00-04:00,37.20000076293945,37.20000076293945,37.20000076293945,37.20000076293945,0,0.0,0.0,0.0
2022-08-15 11:30:00-04:00,37.225799560546875,37.225799560546875,37.22140121459961,37.22140121459961,1399,0.0,0.0,0.0
2022-08-15 12:30:00-04:00,37.220001220703125,37.220001220703125,37.220001220703125,37.220001220703125,286,0.0,0.0,0.0
2022-08-15 13:30:00-04:00,37.18000030517578,37.18000030517578,37.09000015258789,37.09000015258789,830,0.0,0.0,0.0
2022-08-16 09:30:00-04:00,37.119998931884766,37.310001373291016,37.119998931884766,37.310001373291016,284,0.0,0.0,0.0
2022-08-16 12:30:00-04:00,37.30009841918945,37.30009841918945,37.29999923706055,37.29999923706055,363,0.0,0.0,0.0
2022-08-16 13:30:00-04:00,37.349998474121094,37.349998474121094,37.349998474121094,37.349998474121094,142,0.0,0.0,0.0
2022-08-16 14:30:00-04:00,37.310001373291016,37.35110092163086,37.310001373291016,37.35110092163086,0,0.0,0.0,0.0
2022-08-17 09:30:00-04:00,37.689998626708984,37.88999938964844,37.689998626708984,37.86899948120117,7793,0.0,0.0,0.0
2022-08-17 10:30:00-04:00,37.86899948120117,37.86899948120117,37.8489990234375,37.8489990234375,400,0.0,0.0,0.0
2022-08-17 11:30:00-04:00,37.86000061035156,37.86000061035156,37.810001373291016,37.810001373291016,332,0.0,0.0,0.0
2022-08-17 12:30:00-04:00,37.86000061035156,37.86000061035156,37.849998474121094,37.849998474121094,206,0.0,0.0,0.0
2022-08-17 13:30:00-04:00,37.880001068115234,37.97999954223633,37.880001068115234,37.97999954223633,1535,0.0,0.0,0.0
2022-08-17 14:30:00-04:00,37.970001220703125,37.970001220703125,37.892601013183594,37.93000030517578,434,0.0,0.0,0.0
2022-08-17 15:30:00-04:00,37.820098876953125,37.820098876953125,37.820098876953125,37.820098876953125,144,0.0,0.0,0.0
2022-08-18 12:30:00-04:00,37.814998626708984,37.814998626708984,37.8119010925293,37.8119010925293,1116,0.0,0.0,0.0
2022-08-18 13:30:00-04:00,37.790000915527344,37.827301025390625,37.790000915527344,37.827301025390625,364,0.0,0.0,0.0
2022-08-19 09:30:00-04:00,37.20000076293945,37.20000076293945,37.20000076293945,37.20000076293945,0,0.0,0.0,0.0
2022-08-19 10:30:00-04:00,36.97999954223633,36.989898681640625,36.92499923706055,36.97999954223633,3507,0.0,0.0,0.0
2022-08-19 11:30:00-04:00,36.939998626708984,36.939998626708984,36.939998626708984,36.939998626708984,185,0.0,0.0,0.0
2022-08-19 12:30:00-04:00,36.9900016784668,36.9900016784668,36.97999954223633,36.97999954223633,665,0.0,0.0,0.0
2022-08-19 13:30:00-04:00,36.93009948730469,36.93009948730469,36.93009948730469,36.93009948730469,825,0.0,0.0,0.0
2022-08-19 15:30:00-04:00,36.940101623535156,36.96030044555664,36.940101623535156,36.96030044555664,142,0.0,0.0,0.0
2022-08-22 09:30:00-04:00,37.560001373291016,37.560001373291016,37.40999984741211,37.40999984741211,1293,0.0,0.0,0.0
2022-08-22 10:30:00-04:00,37.39799880981445,37.39799880981445,37.39799880981445,37.39799880981445,500,0.0,0.0,0.0
2022-08-22 11:30:00-04:00,37.380001068115234,37.380001068115234,37.380001068115234,37.380001068115234,1410,0.0,0.0,0.0
2022-08-22 15:30:00-04:00,37.400001525878906,37.400001525878906,37.400001525878906,37.400001525878906,0,0.0,0.0,0.0
2022-08-23 09:30:00-04:00,37.86009979248047,37.88010025024414,37.86009979248047,37.88010025024414,1513,0.0,0.0,0.0
2022-08-23 14:30:00-04:00,37.88999938964844,37.88999938964844,37.88999938964844,37.88999938964844,229,0.0,0.0,0.0
2022-08-23 15:30:00-04:00,37.919898986816406,37.919898986816406,37.88180160522461,37.88180160522461,292,0.0,0.0,0.0
2022-08-24 09:30:00-04:00,36.20000076293945,36.2599983215332,36.150001525878906,36.2599983215332,7812,0.0,0.0,0.0
2022-08-24 13:30:00-04:00,36.27989959716797,36.279998779296875,36.27989959716797,36.27989959716797,249,0.0,0.0,0.0
2022-08-24 14:30:00-04:00,36.244998931884766,36.27180099487305,36.244998931884766,36.27180099487305,118,0.0,0.0,0.0
2022-08-25 09:30:00-04:00,36.16999816894531,36.27000045776367,36.08000183105469,36.27000045776367,0,0.0,0.0,0.0
2022-08-25 10:30:00-04:00,36.25,36.30500030517578,36.2400016784668,36.2400016784668,1065,0.0,0.0,0.0
2022-08-25 11:30:00-04:00,36.2400016784668,36.2400016784668,36.22999954223633,36.22999954223633,344,0.0,0.0,0.0
2022-08-25 12:30:00-04:00,36.2599983215332,36.290000915527344,36.2599983215332,36.290000915527344,304,0.0,0.0,0.0
2022-08-25 13:30:00-04:00,36.310001373291016,36.31999969482422,36.29999923706055,36.29999923706055,925,0.0,0.0,0.0
2022-08-25 14:30:00-04:00,36.33000183105469,36.33000183105469,36.310001373291016,36.310298919677734,0,0.0,0.0,0.0
2022-08-26 09:30:00-04:00,35.89899826049805,35.89899826049805,35.75,35.77000045776367,1132,0.0,0.0,0.0
2022-08-26 10:30:00-04:00,35.65999984741211,35.65999984741211,35.63999938964844,35.63999938964844,350,0.0,0.0,0.0
2022-08-26 11:30:00-04:00,35.630001068115234,35.630001068115234,35.599998474121094,35.599998474121094,271,0.0,0.0,0.0
2022-08-26 12:30:00-04:00,35.560001373291016,35.56999969482422,35.560001373291016,35.56999969482422,239,0.0,0.0,0.0
2022-08-26 13:30:00-04:00,35.5,35.52000045776367,35.5,35.5099983215332,428,0.0,0.0,0.0
2022-08-26 14:30:00-04:00,35.47999954223633,35.47999954223633,35.47999954223633,35.47999954223633,368,0.0,0.0,0.0
2022-08-26 15:30:00-04:00,35.43000030517578,35.43000030517578,35.43000030517578,35.43000030517578,252,0.0,0.0,0.0
2022-08-29 11:30:00-04:00,35.29169845581055,35.29169845581055,35.25920104980469,35.25920104980469,1,0.0,0.0,0.0
2022-08-30 09:30:00-04:00,34.88999938964844,35.0099983215332,34.880001068115234,34.880001068115234,6287,0.0,0.0,0.0
2022-08-30 10:30:00-04:00,34.65999984741211,34.70000076293945,34.650001525878906,34.70000076293945,1701,0.0,0.0,0.0
2022-08-30 11:30:00-04:00,34.78110122680664,34.78110122680664,34.78110122680664,34.78110122680664,345,0.0,0.0,0.0
2022-08-31 10:30:00-04:00,34.47990036010742,34.47999954223633,34.400001525878906,34.47999954223633,0,0.0,0.0,0.0
2022-08-31 15:30:00-04:00,34.27000045776367,34.2943000793457,34.27000045776367,34.2943000793457,245,0.0,0.0,0.0
2022-09-01 09:30:00-04:00,34.0,34.0,34.0,34.0,0,0.0,0.0,0.0
2022-09-01 10:30:00-04:00,33.93000030517578,33.96879959106445,33.93000030517578,33.96879959106445,2726,0.0,0.0,0.0
2022-09-01 12:30:00-04:00,33.959999084472656,33.97999954223633,33.959999084472656,33.97999954223633,203,0.0,0.0,0.0
2022-09-02 09:30:00-04:00,34.060001373291016,34.060001373291016,33.900001525878906,33.939998626708984,0,0.0,0.0,0.0
2022-09-02 10:30:00-04:00,33.99639892578125,34.0,33.994598388671875,34.0,915,0.0,0.0,0.0
2022-09-02 11:30:00-04:00,34.0,34.0,34.0,34.0,642,0.0,0.0,0.0
2022-09-02 14:30:00-04:00,33.79010009765625,33.79010009765625,33.79010009765625,33.79010009765625,115,0.0,0.0,0.0
2022-09-06 09:30:00-04:00,33.689998626708984,33.689998626708984,33.529998779296875,33.540000915527344,951,0.0,0.0,0.0
2022-09-06 10:30:00-04:00,33.59000015258789,33.63999938964844,33.529998779296875,33.619998931884766,3768,0.0,0.0,0.0
2022-09-06 11:30:00-04:00,33.619998931884766,33.619998931884766,33.56999969482422,33.56999969482422,478,0.0,0.0,0.0
2022-09-06 12:30:00-04:00,33.56999969482422,33.59000015258789,33.529998779296875,33.529998779296875,402,0.0,0.0,0.0
2022-09-06 13:30:00-04:00,33.540000915527344,33.59000015258789,33.540000915527344,33.56999969482422,925,0.0,0.0,0.0
2022-09-06 14:30:00-04:00,33.560001373291016,33.560001373291016,33.540000915527344,33.540000915527344,516,0.0,0.0,0.0
2022-09-06 15:30:00-04:00,33.529998779296875,33.55070114135742,33.529998779296875,33.55070114135742,404,0.0,0.0,0.0
2022-09-07 09:30:00-04:00,33.91999816894531,33.95000076293945,33.91999816894531,33.95000076293945,0,0.0,0.0,0.0
2022-09-07 10:30:00-04:00,34.130001068115234,34.130001068115234,34.130001068115234,34.130001068115234,528,0.0,0.0,0.0
2022-09-07 12:30:00-04:00,34.16999816894531,34.16999816894531,34.16999816894531,34.16999816894531,240,0.0,0.0,0.0
2022-09-07 13:30:00-04:00,34.220001220703125,34.220001220703125,34.220001220703125,34.220001220703125,488,0.0,0.0,0.0
2022-09-08 09:30:00-04:00,33.599998474121094,33.599998474121094,33.599998474121094,33.599998474121094,0,0.0,0.0,0.0
2022-09-08 12:30:00-04:00,33.540000915527344,33.540000915527344,33.540000915527344,33.540000915527344,182,0.0,0.0,0.0
2022-09-09 09:30:00-04:00,34.040000915527344,34.040000915527344,34.040000915527344,34.040000915527344,250,0.0,0.0,0.0
2022-09-09 11:30:00-04:00,33.970001220703125,33.9900016784668,33.970001220703125,33.9900016784668,325,0.0,0.0,0.0
2022-09-09 12:30:00-04:00,33.970001220703125,33.970001220703125,33.970001220703125,33.970001220703125,216,0.0,0.0,0.0
2022-09-09 14:30:00-04:00,33.9380989074707,33.953800201416016,33.9380989074707,33.953800201416016,576,0.0,0.0,0.0
2022-09-12 09:30:00-04:00,34.0,34.0,34.0,34.0,0,0.0,0.0,0.0
2022-09-12 10:30:00-04:00,34.04999923706055,34.04999923706055,34.04999923706055,34.04999923706055,251,0.0,0.0,0.0
2022-09-12 11:30:00-04:00,34.060001373291016,34.060001373291016,34.060001373291016,34.060001373291016,100,0.0,0.0,0.0
2022-09-12 12:30:00-04:00,34.119998931884766,34.119998931884766,34.119998931884766,34.119998931884766,195,0.0,0.0,0.0
2022-09-13 09:30:00-04:00,33.5099983215332,33.720001220703125,33.5099983215332,33.720001220703125,871,0.0,0.0,0.0
2022-09-13 12:30:00-04:00,33.60219955444336,33.60219955444336,33.60219955444336,33.60219955444336,241,0.0,0.0,0.0
2022-09-13 14:30:00-04:00,33.439998626708984,33.45000076293945,33.400001525878906,33.41419982910156,0,0.0,0.0,0.0
2022-09-14 10:30:00-04:00,33.2400016784668,33.25,33.2400016784668,33.25,335,0.0,0.0,0.0
2022-09-14 12:30:00-04:00,33.29999923706055,33.29999923706055,33.27000045776367,33.27000045776367,19,0.0,0.0,0.0
2022-09-15 09:30:00-04:00,32.119998931884766,32.119998931884766,32.119998931884766,32.119998931884766,1126,0.0,0.0,0.0
2022-09-15 10:30:00-04:00,31.95009994506836,31.95009994506836,31.95009994506836,31.95009994506836,240,0.0,0.0,0.0
2022-09-15 12:30:00-04:00,32.0099983215332,32.0099983215332,32.0099983215332,32.0099983215332,308,0.0,0.0,0.0
2022-09-15 13:30:00-04:00,32.02000045776367,32.02000045776367,32.02000045776367,32.02000045776367,137,0.0,0.0,0.0
2022-09-15 14:30:00-04:00,32.0,32.0,31.977699279785156,31.977699279785156,0,0.0,0.0,0.0
2022-09-16 13:30:00-04:00,31.190000534057617,31.30620002746582,31.190000534057617,31.30620002746582,231,0.0,0.0,0.0
2022-09-19 09:30:00-04:00,31.09000015258789,31.09000015258789,31.09000015258789,31.09000015258789,493,0.0,0.0,0.0
2022-09-19 10:30:00-04:00,31.100000381469727,31.100000381469727,31.100000381469727,31.100000381469727,101,0.0,0.0,0.0
2022-09-19 11:30:00-04:00,31.059999465942383,31.059999465942383,31.049999237060547,31.049999237060547,221,0.0,0.0,0.0
2022-09-19 13:30:00-04:00,31.06999969482422,31.09000015258789,31.059999465942383,31.09000015258789,703,0.0,0.0,0.0
2022-09-20 09:30:00-04:00,31.079999923706055,31.079999923706055,31.079999923706055,31.079999923706055,752,0.0,0.0,0.0
2022-09-20 11:30:00-04:00,31.100000381469727,31.100000381469727,31.100000381469727,31.100000381469727,475,0.0,0.0,0.0
2022-09-20 12:30:00-04:00,31.06999969482422,31.06999969482422,31.06999969482422,31.06999969482422,353,0.0,0.0,0.0
2022-09-20 13:30:00-04:00,31.040000915527344,31.040000915527344,31.040000915527344,31.040000915527344,377,0.0,0.0,0.0
2022-09-20 14:30:00-04:00,31.040000915527344,31.055500030517578,31.040000915527344,31.055500030517578,0,0.0,0.0,0.0
2022-09-21 09:30:00-04:00,30.780000686645508,30.780000686645508,30.780000686645508,30.780000686645508,446,0.0,0.0,0.0
2022-09-21 11:30:00-04:00,30.610000610351562,30.610000610351562,30.610000610351562,30.610000610351562,150,0.0,0.0,0.0
2022-09-21 13:30:00-04:00,30.600000381469727,30.600000381469727,30.600000381469727,30.600000381469727,510,0.0,0.0,0.0
2022-09-22 09:30:00-04:00,30.382400512695312,30.382400512695312,30.382400512695312,30.382400512695312,0,0.0,0.0,0.0
2022-09-22 13:30:00-04:00,30.38990020751953,30.398700714111328,30.3700008392334,30.398700714111328,322,0.0,0.0,0.0
2022-09-23 09:30:00-04:00,29.780000686645508,29.860000610351562,29.780000686645508,29.860000610351562,681,0.0,0.0,0.0
2022-09-23 11:30:00-04:00,29.81999969482422,29.81999969482422,29.81999969482422,29.81999969482422,137,0.0,0.0,0.0
2022-09-23 14:30:00-04:00,29.75,29.7987003326416,29.725900650024414,29.7987003326416,566,0.0,0.0,0.0
2022-09-26 09:30:00-04:00,30.139999389648438,30.184999465942383,30.139999389648438,30.184999465942383,1940,0.0,0.0,0.0
2022-09-26 15:30:00-04:00,29.979999542236328,30.029199600219727,29.979999542236328,30.029199600219727,0,0.0,0.0,0.0
2022-09-27 09:30:00-04:00,30.68000030517578,30.68000030517578,30.450000762939453,30.5,2345,0.0,0.0,0.0
2022-09-27 14:30:00-04:00,30.43000030517578,30.493200302124023,30.43000030517578,30.493200302124023,476,0.0,0.0,0.0
2022-09-28 09:30:00-04:00,29.809999465942383,29.809999465942383,29.770000457763672,29.770000457763672,0,0.0,0.0,0.0
2022-09-28 10:30:00-04:00,29.799999237060547,29.84000015258789,29.799999237060547,29.826000213623047,1284,0.0,0.0,0.0
2022-09-28 11:30:00-04:00,29.850000381469727,29.93000030517578,29.850000381469727,29.93000030517578,837,0.0,0.0,0.0
2022-09-28 12:30:00-04:00,29.868000030517578,29.940000534057617,29.868000030517578,29.940000534057617,1695,0.0,0.0,0.0
2022-09-28 13:30:00-04:00,29.899999618530273,29.920000076293945,29.899999618530273,29.920000076293945,583,0.0,0.0,0.0
2022-09-28 14:30:00-04:00,29.969999313354492,30.15999984741211,29.969999313354492,30.133399963378906,0,0.0,0.0,0.0
2022-09-29 10:30:00-04:00,30.270000457763672,30.270000457763672,30.270000457763672,30.270000457763672,1113,0.0,0.0,0.0
2022-09-29 14:30:00-04:00,30.3799991607666,30.449499130249023,30.3799991607666,30.389999389648438,483,0.0,0.0,0.0
2022-09-30 09:30:00-04:00,29.739999771118164,29.739999771118164,29.739999771118164,29.739999771118164,0,0.0,0.0,0.0
2022-09-30 10:30:00-04:00,29.719999313354492,29.719999313354492,29.719999313354492,29.719999313354492,104,0.0,0.0,0.0
2022-09-30 11:30:00-04:00,29.780000686645508,29.780000686645508,29.780000686645508,29.780000686645508,396,0.0,0.0,0.0
2022-09-30 13:30:00-04:00,29.661300659179688,29.661300659179688,29.661300659179688,29.661300659179688,422,0.0,0.0,0.0
2022-10-03 09:30:00-04:00,29.579999923706055,29.766399383544922,29.579999923706055,29.579999923706055,0,0.0,0.0,0.0
2022-10-04 09:30:00-04:00,30.260000228881836,30.450000762939453,30.260000228881836,30.450000762939453,2454,0.0,0.0,0.0
2022-10-04 10:30:00-04:00,30.530000686645508,30.649999618530273,30.530000686645508,30.649999618530273,1166,0.0,0.0,0.0
2022-10-04 11:30:00-04:00,30.770000457763672,30.770000457763672,30.770000457763672,30.770000457763672,500,0.0,0.0,0.0
2022-10-04 13:30:00-04:00,30.649999618530273,30.709999084472656,30.649999618530273,30.700000762939453,1123,0.0,0.0,0.0
2022-10-05 09:30:00-04:00,31.010000228881836,31.010000228881836,30.959999084472656,31.0,49,0.0,0.0,0.0
2022-10-05 11:30:00-04:00,30.799999237060547,30.799999237060547,30.799999237060547,30.799999237060547,1240,0.0,0.0,0.0
2022-10-05 15:30:00-04:00,30.940000534057617,30.940000534057617,30.940000534057617,30.940000534057617,454,0.0,0.0,0.0
2022-10-06 10:30:00-04:00,30.729999542236328,30.729999542236328,30.695899963378906,30.695899963378906,211,0.0,0.0,0.0
2022-10-07 09:30:00-04:00,30.3700008392334,30.3700008392334,30.25,30.25,525,0.0,0.0,0.0
2022-10-07 10:30:00-04:00,30.2549991607666,30.2549991607666,30.25,30.25,887,0.0,0.0,0.0
2022-10-07 13:30:00-04:00,30.06999969482422,30.06999969482422,30.06999969482422,30.06999969482422,1502,0.0,0.0,0.0
2022-10-07 15:30:00-04:00,30.030000686645508,30.030000686645508,30.014999389648438,30.014999389648438,605,0.0,0.0,0.0
2022-10-10 09:30:00-04:00,29.0,29.049999237060547,28.93000030517578,28.93000030517578,4761,0.0,0.0,0.0
2022-10-10 10:30:00-04:00,28.8700008392334,28.8700008392334,28.8700008392334,28.8700008392334,476,0.0,0.0,0.0
2022-10-10 11:30:00-04:00,28.825899124145508,28.90999984741211,28.825899124145508,28.860000610351562,1414,0.0,0.0,0.0
2022-10-10 13:30:00-04:00,28.829999923706055,28.829999923706055,28.829999923706055,28.829999923706055,712,0.0,0.0,0.0
2022-10-11 09:30:00-04:00,29.18000030517578,29.18000030517578,28.979999542236328,28.979999542236328,0,0.0,0.0,0.0
2022-10-11 10:30:00-04:00,29.0,29.06999969482422,29.0,29.06999969482422,2229,0.0,0.0,0.0
2022-10-11 11:30:00-04:00,29.1299991607666,29.1299991607666,29.1299991607666,29.1299991607666,1358,0.0,0.0,0.0
2022-10-11 15:30:00-04:00,29.030000686645508,29.032699584960938,29.020000457763672,29.032699584960938,0,0.0,0.0,0.0
2022-10-12 09:30:00-04:00,29.799999237060547,29.889999389648438,29.770000457763672,29.780000686645508,6602,0.0,0.0,0.0
2022-10-12 10:30:00-04:00,29.719999313354492,29.729999542236328,29.719999313354492,29.729999542236328,400,0.0,0.0,0.0
2022-10-12 11:30:00-04:00,29.735000610351562,29.819900512695312,29.735000610351562,29.799999237060547,1044,0.0,0.0,0.0
2022-10-12 12:30:00-04:00,29.739999771118164,29.79990005493164,29.719999313354492,29.790000915527344,11037,0.0,0.0,0.0
2022-10-12 13:30:00-04:00,29.829999923706055,29.829999923706055,29.829999923706055,29.829999923706055,100,0.0,0.0,0.0
2022-10-12 14:30:00-04:00,29.829999923706055,29.829999923706055,29.829999923706055,29.829999923706055,303,0.0,0.0,0.0
2022-10-12 15:30:00-04:00,29.780000686645508,29.829999923706055,29.780000686645508,29.780000686645508,0,0.0,0.0,0.0
2022-10-13 09:30:00-04:00,29.68000030517578,29.719999313354492,29.649999618530273,29.719999313354492,6589,0.0,0.0,0.0
2022-10-13 10:30:00-04:00,29.950000762939453,30.280000686645508,29.950000762939453,30.25,6477,0.0,0.0,0.0
2022-10-13 11:30:00-04:00,30.399999618530273,30.399999618530273,30.360000610351562,30.360000610351562,3540,0.0,0.0,0.0
2022-10-13 12:30:00-04:00,30.38800048828125,30.38800048828125,30.350000381469727,30.350000381469727,1504,0.0,0.0,0.0
2022-10-13 15:30:00-04:00,30.440000534057617,30.440000534057617,30.440000534057617,30.440000534057617,490,0.0,0.0,0.0
2022-10-14 09:30:00-04:00,31.149999618530273,31.149999618530273,31.020000457763672,31.020000457763672,0,0.0,0.0,0.0
2022-10-14 10:30:00-04:00,31.01810073852539,31.149999618530273,31.01810073852539,31.139999389648438,4905,0.0,0.0,0.0
2022-10-14 11:30:00-04:00,31.100000381469727,31.100000381469727,31.0,31.0,3310,0.0,0.0,0.0
2022-10-14 15:30:00-04:00,30.902000427246094,30.919599533081055,30.90049934387207,30.90999984741211,1810,0.0,0.0,0.0
2022-10-17 09:30:00-04:00,31.530000686645508,31.530000686645508,31.3799991607666,31.43000030517578,0,0.0,0.0,0.0
2022-10-17 10:30:00-04:00,31.489999771118164,31.492599487304688,31.43000030517578,31.43000030517578,1007,0.0,0.0,0.0
2022-10-17 11:30:00-04:00,31.520000457763672,31.56999969482422,31.520000457763672,31.56999969482422,3277,0.0,0.0,0.0
2022-10-17 13:30:00-04:00,31.584999084472656,31.584999084472656,31.579999923706055,31.579999923706055,373,0.0,0.0,0.0
2022-10-17 14:30:00-04:00,31.559999465942383,31.559999465942383,31.530000686645508,31.530000686645508,3304,0.0,0.0,0.0
2022-10-17 15:30:00-04:00,31.538000106811523,31.540000915527344,31.450000762939453,31.450000762939453,1588,0.0,0.0,0.0
2022-10-18 09:30:00-04:00,31.610000610351562,31.610000610351562,31.450000762939453,31.450000762939453,0,0.0,0.0,0.0
2022-10-18 12:30:00-04:00,31.18000030517578,31.18000030517578,31.18000030517578,31.18000030517578,700,0.0,0.0,0.0
2022-10-19 09:30:00-04:00,30.850000381469727,30.850000381469727,30.562000274658203,30.562000274658203,0,0.0,0.0,0.0
2022-10-19 10:30:00-04:00,30.690000534057617,30.690000534057617,30.649999618530273,30.649999618530273,683,0.0,0.0,0.0
2022-10-19 11:30:00-04:00,30.655000686645508,30.655000686645508,30.590700149536133,30.590700149536133,794,0.0,0.0,0.0
2022-10-19 15:30:00-04:00,30.6200008392334,30.6200008392334,30.559999465942383,30.611000061035156,727,0.0,0.0,0.0
2022-10-20 09:30:00-04:00,30.809999465942383,30.829999923706055,30.809999465942383,30.829999923706055,0,0.0,0.0,0.0
2022-10-20 10:30:00-04:00,30.889999389648438,30.889999389648438,30.8700008392334,30.8700008392334,697,0.0,0.0,0.0
2022-10-20 13:30:00-04:00,30.549999237060547,30.549999237060547,30.549999237060547,30.549999237060547,100,0.0,0.0,0.0
2022-10-20 14:30:00-04:00,30.551000595092773,30.56999969482422,30.549999237060547,30.549999237060547,1281,0.0,0.0,0.0
2022-10-20 15:30:00-04:00,30.530000686645508,30.55229949951172,30.530000686645508,30.549999237060547,646,0.0,0.0,0.0
2022-10-21 09:30:00-04:00,30.610000610351562,30.610000610351562,30.579999923706055,30.579999923706055,0,0.0,0.0,0.0
2022-10-21 10:30:00-04:00,30.549999237060547,30.549999237060547,30.549999237060547,30.549999237060547,166,0.0,0.0,0.0
2022-10-24 09:30:00-04:00,29.43000030517578,29.43000030517578,29.280000686645508,29.280000686645508,7695,0.0,0.0,0.0
2022-10-24 10:30:00-04:00,29.280000686645508,29.375,29.280000686645508,29.340099334716797,3000,0.0,0.0,0.0
2022-10-24 11:30:00-04:00,29.385000228881836,29.43000030517578,29.364999771118164,29.43000030517578,2694,0.0,0.0,0.0
2022-10-24 13:30:00-04:00,29.350000381469727,29.350000381469727,29.350000381469727,29.350000381469727,286,0.0,0.0,0.0
2022-10-24 14:30:00-04:00,29.360000610351562,29.404800415039062,29.360000610351562,29.404800415039062,402,0.0,0.0,0.0
2022-10-24 15:30:00-04:00,29.43899917602539,29.489999771118164,29.43899917602539,29.489999771118164,407,0.0,0.0,0.0
2022-10-25 09:30:00-04:00,29.18000030517578,29.260000228881836,29.18000030517578,29.260000228881836,0,0.0,0.0,0.0
2022-10-25 10:30:00-04:00,29.219999313354492,29.270000457763672,29.219999313354492,29.270000457763672,1765,0.0,0.0,0.0
2022-10-25 13:30:00-04:00,29.209999084472656,29.229999542236328,29.209999084472656,29.229999542236328,641,0.0,0.0,0.0
2022-10-25 14:30:00-04:00,29.248300552368164,29.25189971923828,29.248300552368164,29.25189971923828,0,0.0,0.0,0.0
2022-10-26 09:30:00-04:00,30.149999618530273,30.3700008392334,30.149999618530273,30.3700008392334,4135,0.0,0.0,0.0
2022-10-26 10:30:00-04:00,30.530000686645508,30.600000381469727,30.530000686645508,30.600000381469727,420,0.0,0.0,0.0
2022-10-26 11:30:00-04:00,30.699899673461914,30.699899673461914,30.699899673461914,30.699899673461914,160,0.0,0.0,0.0
2022-10-26 14:30:00-04:00,30.520000457763672,30.533000946044922,30.520000457763672,30.533000946044922,1034,0.0,0.0,0.0
2022-10-27 09:30:00-04:00,29.719999313354492,29.829999923706055,29.649999618530273,29.739999771118164,0,0.0,0.0,0.0
2022-10-27 10:30:00-04:00,29.739999771118164,29.739999771118164,29.739999771118164,29.739999771118164,562,0.0,0.0,0.0
2022-10-27 12:30:00-04:00,29.649999618530273,29.649999618530273,29.649999618530273,29.649999618530273,177,0.0,0.0,0.0
2022-10-27 15:30:00-04:00,29.549999237060547,29.549999237060547,29.549999237060547,29.549999237060547,639,0.0,0.0,0.0
2022-10-28 09:30:00-04:00,28.549999237060547,28.579999923706055,28.549999237060547,28.579999923706055,0,0.0,0.0,0.0
2022-10-28 13:30:00-04:00,28.57900047302246,28.579999923706055,28.57900047302246,28.579999923706055,1551,0.0,0.0,0.0
2022-10-28 15:30:00-04:00,28.639999389648438,28.639999389648438,28.639999389648438,28.639999389648438,380,0.0,0.0,0.0
2022-10-31 09:30:00-04:00,28.469999313354492,28.469999313354492,28.469999313354492,28.469999313354492,593,0.0,0.0,0.0
2022-11-01 09:30:00-04:00,29.360000610351562,29.399999618530273,29.290000915527344,29.290000915527344,1988,0.0,0.0,0.0
2022-11-01 10:30:00-04:00,29.290000915527344,29.299999237060547,29.290000915527344,29.29800033569336,686,0.0,0.0,0.0
2022-11-01 12:30:00-04:00,29.290000915527344,29.290000915527344,29.290000915527344,29.290000915527344,100,0.0,0.0,0.0
2022-11-01 13:30:00-04:00,29.289899826049805,29.290000915527344,29.289899826049805,29.290000915527344,216,0.0,0.0,0.0
2022-11-01 14:30:00-04:00,29.270000457763672,29.270000457763672,29.25,29.25,385,0.0,0.0,0.0
2022-11-01 15:30:00-04:00,29.280000686645508,29.280000686645508,29.280000686645508,29.280000686645508,210,0.0,0.0,0.0
2022-11-02 09:30:00-04:00,29.81999969482422,29.81999969482422,29.610000610351562,29.610000610351562,0,0.0,0.0,0.0
2022-11-02 10:30:00-04:00,29.6200008392334,29.6200008392334,29.604000091552734,29.604000091552734,493,0.0,0.0,0.0
2022-11-02 14:30:00-04:00,29.579999923706055,29.579999923706055,29.579999923706055,29.579999923706055,300,0.0,0.0,0.0
2022-11-02 15:30:00-04:00,29.58009910583496,29.58009910583496,29.54990005493164,29.54990005493164,485,0.0,0.0,0.0
2022-11-03 09:30:00-04:00,29.700000762939453,29.700000762939453,29.700000762939453,29.700000762939453,0,0.0,0.0,0.0
2022-11-03 10:30:00-04:00,29.840700149536133,29.976699829101562,29.840700149536133,29.976699829101562,0,0.0,0.0,0.0
2022-11-04 09:30:00-04:00,31.6299991607666,31.6299991607666,31.454999923706055,31.545000076293945,1424,0.0,0.0,0.0
2022-11-04 10:30:00-04:00,31.649999618530273,31.84670066833496,31.649999618530273,31.84670066833496,825,0.0,0.0,0.0
2022-11-07 09:30:00-05:00,31.399999618530273,31.399999618530273,31.269899368286133,31.269899368286133,0,0.0,0.0,0.0
2022-11-07 10:30:00-05:00,31.239999771118164,31.239999771118164,31.239999771118164,31.239999771118164,436,0.0,0.0,0.0
2022-11-07 11:30:00-05:00,31.198999404907227,31.198999404907227,31.198999404907227,31.198999404907227,135,0.0,0.0,0.0
2022-11-07 14:30:00-05:00,31.299999237060547,31.31999969482422,31.299999237060547,31.31999969482422,1140,0.0,0.0,0.0
2022-11-07 15:30:00-05:00,31.34000015258789,31.34000015258789,31.34000015258789,31.34000015258789,234,0.0,0.0,0.0
2022-11-08 09:30:00-05:00,30.940000534057617,30.969999313354492,30.90999984741211,30.969999313354492,0,0.0,0.0,0.0
2022-11-08 11:30:00-05:00,31.09000015258789,31.09000015258789,31.040300369262695,31.040300369262695,468,0.0,0.0,0.0
2022-11-09 10:30:00-05:00,30.420000076293945,30.420000076293945,30.3799991607666,30.3799991607666,501,0.0,0.0,0.0
2022-11-09 12:30:00-05:00,30.347999572753906,30.347999572753906,30.347999572753906,30.347999572753906,379,0.0,0.0,0.0
2022-11-10 09:30:00-05:00,30.790000915527344,30.790000915527344,30.779499053955078,30.790000915527344,1512,0.0,0.0,0.0
2022-11-10 10:30:00-05:00,30.8700008392334,30.8700008392334,30.8700008392334,30.8700008392334,918,0.0,0.0,0.0
2022-11-10 13:30:00-05:00,30.93000030517578,30.93000030517578,30.93000030517578,30.93000030517578,534,0.0,0.0,0.0
2022-11-11 09:30:00-05:00,31.489999771118164,31.489999771118164,31.489999771118164,31.489999771118164,0,0.0,0.0,0.0
2022-11-11 12:30:00-05:00,31.5,31.510000228881836,31.5,31.510000228881836,1082,0.0,0.0,0.0
2022-11-11 13:30:00-05:00,31.540000915527344,31.540000915527344,31.540000915527344,31.540000915527344,543,0.0,0.0,0.0
2022-11-11 14:30:00-05:00,31.549999237060547,31.549999237060547,31.54990005493164,31.54990005493164,1915,0.0,0.0,0.0
2022-11-11 15:30:00-05:00,31.56800079345703,31.56800079345703,31.450000762939453,31.540000915527344,601,0.0,0.0,0.0
2022-11-14 11:30:00-05:00,31.020000457763672,31.04010009765625,31.020000457763672,31.04010009765625,343,0.0,0.0,0.0
2022-11-14 12:30:00-05:00,31.049999237060547,31.049999237060547,31.049999237060547,31.049999237060547,136,0.0,0.0,0.0
2022-11-15 09:30:00-05:00,31.93000030517578,31.93000030517578,31.90999984741211,31.90999984741211,1339,0.0,0.0,0.0
2022-11-15 12:30:00-05:00,31.95800018310547,31.979999542236328,31.921100616455078,31.921100616455078,486,0.0,0.0,0.0
2022-11-16 09:30:00-05:00,31.170000076293945,31.170000076293945,31.15999984741211,31.15999984741211,0,0.0,0.0,0.0
2022-11-16 14:30:00-05:00,31.149999618530273,31.18000030517578,31.149999618530273,31.152299880981445,2005,0.0,0.0,0.0
2022-11-17 09:30:00-05:00,30.520000457763672,30.59000015258789,30.520000457763672,30.59000015258789,2858,0.0,0.0,0.0
2022-11-17 10:30:00-05:00,30.6299991607666,30.63010025024414,30.6299991607666,30.63010025024414,3016,0.0,0.0,0.0
2022-11-17 11:30:00-05:00,30.600000381469727,30.697999954223633,30.600000381469727,30.697999954223633,3643,0.0,0.0,0.0
2022-11-17 14:30:00-05:00,30.700000762939453,30.700000762939453,30.700000762939453,30.700000762939453,127,0.0,0.0,0.0
2022-11-18 09:30:00-05:00,30.90999984741211,30.90999984741211,30.84000015258789,30.84000015258789,0,0.0,0.0,0.0
2022-11-18 12:30:00-05:00,30.88990020751953,30.88990020751953,30.825000762939453,30.825000762939453,622,0.0,0.0,0.0
2022-11-18 13:30:00-05:00,30.80900001525879,30.844900131225586,30.80900001525879,30.844900131225586,249,0.0,0.0,0.0
2022-11-21 09:30:00-05:00,30.68000030517578,30.690000534057617,30.665599822998047,30.665599822998047,3904,0.0,0.0,0.0
2022-11-22 11:30:00-05:00,30.280000686645508,30.280000686645508,30.270000457763672,30.278499603271484,0,0.0,0.0,0.0
2022-11-22 13:30:00-05:00,30.290000915527344,30.3218994140625,30.290000915527344,30.3218994140625,555,0.0,0.0,0.0
2022-11-23 09:30:00-05:00,30.010000228881836,30.260000228881836,30.010000228881836,30.209999084472656,0,0.0,0.0,0.0
2022-11-23 15:30:00-05:00,30.229999542236328,30.258699417114258,30.229999542236328,30.258699417114258,363,0.0,0.0,0.0
2022-11-25 09:30:00-05:00,29.770000457763672,29.770000457763672,29.61989974975586,29.6200008392334,0,0.0,0.0,0.0
2022-11-25 10:30:00-05:00,29.56999969482422,29.56999969482422,29.505300521850586,29.505300521850586,2505,0.0,0.0,0.0
2022-11-28 09:30:00-05:00,29.43000030517578,29.559999465942383,29.43000030517578,29.559900283813477,0,0.0,0.0,0.0
2022-11-28 11:30:00-05:00,29.450000762939453,29.450000762939453,29.450000762939453,29.450000762939453,334,0.0,0.0,0.0
2022-11-28 13:30:00-05:00,29.450000762939453,29.450000762939453,29.403200149536133,29.403200149536133,0,0.0,0.0,0.0
2022-11-29 09:30:00-05:00,30.100099563598633,30.27720069885254,30.100000381469727,30.27720069885254,30,0.0,0.0,0.0
2022-11-30 09:30:00-05:00,30.969999313354492,30.969999313354492,30.969999313354492,30.969999313354492,450,0.0,0.0,0.0
2022-11-30 11:30:00-05:00,30.829999923706055,30.829999923706055,30.770000457763672,30.770000457763672,1074,0.0,0.0,0.0
2022-11-30 14:30:00-05:00,31.040000915527344,31.052499771118164,31.040000915527344,31.040000915527344,285,0.0,0.0,0.0
2022-12-01 09:30:00-05:00,31.219999313354492,31.229999542236328,31.18000030517578,31.18000030517578,1512,0.0,0.0,0.0
2022-12-01 10:30:00-05:00,31.170000076293945,31.170000076293945,31.09000015258789,31.09000015258789,2203,0.0,0.0,0.0
2022-12-01 12:30:00-05:00,31.110000610351562,31.110000610351562,31.110000610351562,31.110000610351562,1381,0.0,0.0,0.0
2022-12-01 15:30:00-05:00,31.209999084472656,31.209999084472656,31.14859962463379,31.14859962463379,326,0.0,0.0,0.0
2022-12-02 09:30:00-05:00,31.030000686645508,31.190000534057617,31.030000686645508,31.18000030517578,0,0.0,0.0,0.0
2022-12-02 10:30:00-05:00,31.43000030517578,31.5,31.420000076293945,31.469999313354492,1446,0.0,0.0,0.0
2022-12-02 11:30:00-05:00,31.770000457763672,31.770000457763672,31.770000457763672,31.770000457763672,134,0.0,0.0,0.0
2022-12-02 12:30:00-05:00,31.709999084472656,31.784900665283203,31.666000366210938,31.784900665283203,2413,0.0,0.0,0.0
2022-12-05 09:30:00-05:00,31.360000610351562,31.520000457763672,31.360000610351562,31.3700008392334,0,0.0,0.0,0.0
2022-12-05 10:30:00-05:00,31.440000534057617,31.440000534057617,31.440000534057617,31.440000534057617,303,0.0,0.0,0.0
2022-12-05 12:30:00-05:00,31.270000457763672,31.299699783325195,31.25,31.28499984741211,1708,0.0,0.0,0.0
2022-12-05 15:30:00-05:00,31.309999465942383,31.309999465942383,31.309999465942383,31.309999465942383,595,0.0,0.0,0.0
2022-12-06 09:30:00-05:00,31.530000686645508,31.530000686645508,31.530000686645508,31.530000686645508,0,0.0,0.0,0.0
2022-12-06 10:30:00-05:00,31.56999969482422,31.579999923706055,31.56999969482422,31.579999923706055,609,0.0,0.0,0.0
2022-12-06 12:30:00-05:00,31.631000518798828,31.631000518798828,31.631000518798828,31.631000518798828,165,0.0,0.0,0.0
2022-12-06 13:30:00-05:00,31.65999984741211,31.66010093688965,31.65999984741211,31.66010093688965,835,0.0,0.0,0.0
2022-12-06 15:30:00-05:00,31.6200008392334,31.639999389648438,31.6200008392334,31.639999389648438,0,0.0,0.0,0.0
2022-12-07 12:30:00-05:00,31.969999313354492,31.969999313354492,31.959999084472656,31.959999084472656,1429,0.0,0.0,0.0
2022-12-07 15:30:00-05:00,31.959999084472656,31.959999084472656,31.959999084472656,31.959999084472656,0,0.0,0.0,0.0
2022-12-08 09:30:00-05:00,32.08000183105469,32.150001525878906,32.029998779296875,32.150001525878906,4158,0.0,0.0,0.0
2022-12-08 10:30:00-05:00,32.150001525878906,32.150001525878906,32.099998474121094,32.150001525878906,777,0.0,0.0,0.0
2022-12-08 12:30:00-05:00,32.029998779296875,32.029998779296875,32.029998779296875,32.029998779296875,228,0.0,0.0,0.0
2022-12-08 15:30:00-05:00,32.029998779296875,32.029998779296875,32.029998779296875,32.029998779296875,156,0.0,0.0,0.0
2022-12-09 09:30:00-05:00,32.150001525878906,32.1619987487793,32.06930160522461,32.06930160522461,0,0.0,0.0,0.0
2022-12-09 10:30:00-05:00,32.040000915527344,32.099998474121094,32.040000915527344,32.099998474121094,2909,0.0,0.0,0.0
2022-12-09 11:30:00-05:00,32.06999969482422,32.06999969482422,32.06999969482422,32.06999969482422,244,0.0,0.0,0.0
2022-12-09 12:30:00-05:00,31.959999084472656,31.959999084472656,31.959999084472656,31.959999084472656,637,0.0,0.0,0.0
2022-12-09 15:30:00-05:00,31.922000885009766,31.922000885009766,31.863399505615234,31.863399505615234,205,0.0,0.0,0.0
2022-12-12 09:30:00-05:00,31.760000228881836,31.760000228881836,31.600299835205078,31.690900802612305,1351,0.0,0.0,0.0
2022-12-13 10:30:00-05:00,31.635000228881836,31.635000228881836,31.513399124145508,31.513399124145508,705,0.0,0.0,0.0
2022-12-14 09:30:00-05:00,31.43000030517578,31.43000030517578,31.399999618530273,31.399999618530273,0,0.0,0.0,0.0
2022-12-14 10:30:00-05:00,31.559999465942383,31.579999923706055,31.559999465942383,31.579999923706055,2143,0.0,0.0,0.0
2022-12-14 11:30:00-05:00,31.559999465942383,31.559999465942383,31.54960060119629,31.54960060119629,1456,0.0,0.0,0.0
2022-12-15 09:30:00-05:00,31.729999542236328,31.729999542236328,31.729999542236328,31.729999542236328,0,0.0,0.0,0.0
2022-12-15 10:30:00-05:00,31.67009925842285,31.683500289916992,31.67009925842285,31.683500289916992,1939,0.0,0.0,0.0
2022-12-16 10:30:00-05:00,31.260000228881836,31.260799407958984,31.25,31.25,0,0.0,0.0,0.0
2022-12-16 12:30:00-05:00,31.33989906311035,31.33989906311035,31.31999969482422,31.31999969482422,1005,0.0,0.0,0.0
2022-12-16 13:30:00-05:00,31.34000015258789,31.34000015258789,31.301799774169922,31.301799774169922,1271,0.0,0.0,0.0
2022-12-19 09:30:00-05:00,31.170000076293945,31.170000076293945,31.0,31.040000915527344,492,0.0,0.0,0.0
2022-12-19 12:30:00-05:00,30.979999542236328,30.98069953918457,30.979999542236328,30.979999542236328,2984,0.0,0.0,0.0
2022-12-19 14:30:00-05:00,30.959999084472656,30.966400146484375,30.959999084472656,30.966400146484375,300,0.0,0.0,0.0
2022-12-20 09:30:00-05:00,30.68000030517578,30.760000228881836,30.68000030517578,30.760000228881836,0,0.0,0.0,0.0
2022-12-20 11:30:00-05:00,30.719999313354492,30.719999313354492,30.719999313354492,30.719999313354492,210,0.0,0.0,0.0
2022-12-20 13:30:00-05:00,30.65999984741211,30.660400390625,30.65999984741211,30.660400390625,268,0.0,0.0,0.0
2022-12-21 10:30:00-05:00,30.520000457763672,30.56999969482422,30.520000457763672,30.56999969482422,173,0.0,0.0,0.0
2022-12-21 14:30:00-05:00,30.59000015258789,30.593700408935547,30.59000015258789,30.593700408935547,171,0.0,0.0,0.0
2022-12-22 09:30:00-05:00,30.200000762939453,30.200000762939453,30.140100479125977,30.140100479125977,912,0.0,0.0,0.0
2022-12-22 10:30:00-05:00,30.170000076293945,30.174999237060547,30.170000076293945,30.170000076293945,1020,0.0,0.0,0.0
2022-12-22 11:30:00-05:00,30.121000289916992,30.15999984741211,30.1200008392334,30.1200008392334,1956,0.0,0.0,0.0
2022-12-22 13:30:00-05:00,30.0,30.117700576782227,30.0,30.097999572753906,2253,0.0,0.0,0.0
2022-12-27 09:30:00-05:00,31.15999984741211,31.302099227905273,31.15999984741211,31.302099227905273,1329,0.0,0.0,0.0
2022-12-27 11:30:00-05:00,31.344999313354492,31.3799991607666,31.344999313354492,31.3799991607666,768,0.0,0.0,0.0
2022-12-27 15:30:00-05:00,31.389999389648438,31.391000747680664,31.389999389648438,31.391000747680664,0,0.0,0.0,0.0
2022-12-28 09:30:00-05:00,30.989999771118164,30.989999771118164,30.70509910583496,30.70509910583496,0,0.0,0.0,0.0
2022-12-29 09:30:00-05:00,31.209999084472656,31.268999099731445,31.209999084472656,31.268999099731445,118,0.0,0.0,0.0
2022-12-30 09:30:00-05:00,31.34000015258789,31.34000015258789,31.34000015258789,31.34000015258789,318,0.0,0.0,0.0
2022-12-30 10:30:00-05:00,31.290000915527344,31.290000915527344,31.274999618530273,31.274999618530273,868,0.0,0.0,0.0
2022-12-30 12:30:00-05:00,31.236299514770508,31.236299514770508,31.236299514770508,31.236299514770508,233,0.0,0.0,0.0
2022-12-30 14:30:00-05:00,31.20210075378418,31.20210075378418,31.20210075378418,31.20210075378418,1210,0.0,0.0,0.0
2022-12-30 15:30:00-05:00,31.19499969482422,31.22100067138672,31.19499969482422,31.22100067138672,369,0.0,0.0,0.0
2023-01-03 09:30:00-05:00,31.56999969482422,31.56999969482422,31.46820068359375,31.46820068359375,0,0.0,0.0,0.0
2023-01-04 09:30:00-05:00,31.314699172973633,31.314699172973633,31.314699172973633,31.314699172973633,0,0.0,0.0,0.0
2023-01-04 10:30:00-05:00,31.3799991607666,31.43000030517578,31.3799991607666,31.43000030517578,433,0.0,0.0,0.0
2023-01-04 12:30:00-05:00,31.520000457763672,31.527299880981445,31.520000457763672,31.527299880981445,703,0.0,0.0,0.0
2023-01-04 13:30:00-05:00,31.520000457763672,31.566600799560547,31.5,31.566600799560547,0,0.0,0.0,0.0
2023-01-05 09:30:00-05:00,32.15999984741211,32.15999984741211,32.15999984741211,32.15999984741211,445,0.0,0.0,0.0
2023-01-05 10:30:00-05:00,32.13999938964844,32.18000030517578,32.13999938964844,32.18000030517578,874,0.0,0.0,0.0
2023-01-05 11:30:00-05:00,32.16999816894531,32.2484016418457,32.16999816894531,32.2484016418457,666,0.0,0.0,0.0
2023-01-06 09:30:00-05:00,32.58100128173828,32.59280014038086,32.58100128173828,32.59280014038086,0,0.0,0.0,0.0
2023-01-06 12:30:00-05:00,32.94499969482422,33.08000183105469,32.94499969482422,33.06999969482422,7295,0.0,0.0,0.0
2023-01-06 13:30:00-05:00,33.04999923706055,33.150001525878906,33.04999923706055,33.130001068115234,1000,0.0,0.0,0.0
2023-01-06 14:30:00-05:00,33.130001068115234,33.130001068115234,33.099998474121094,33.099998474121094,1202,0.0,0.0,0.0
2023-01-06 15:30:00-05:00,33.130001068115234,33.150001525878906,33.119998931884766,33.13999938964844,1616,0.0,0.0,0.0
2023-01-09 09:30:00-05:00,33.349998474121094,33.470001220703125,33.349998474121094,33.470001220703125,10315,0.0,0.0,0.0
2023-01-09 10:30:00-05:00,33.47800064086914,33.47800064086914,33.41999816894531,33.45840072631836,510,0.0,0.0,0.0
2023-01-09 11:30:00-05:00,33.42499923706055,33.42499923706055,33.277198791503906,33.277198791503906,515,0.0,0.0,0.0
2023-01-10 09:30:00-05:00,33.689998626708984,33.689998626708984,33.689998626708984,33.689998626708984,0,0.0,0.0,0.0
2023-01-10 10:30:00-05:00,33.7400016784668,33.861698150634766,33.7400016784668,33.861698150634766,0,0.0,0.0,0.0
2023-01-11 09:30:00-05:00,33.40999984741211,33.40999984741211,33.40999984741211,33.40999984741211,577,0.0,0.0,0.0
2023-01-11 13:30:00-05:00,33.59989929199219,33.59989929199219,33.57339859008789,33.57339859008789,381,0.0,0.0,0.0
2023-01-12 09:30:00-05:00,33.7599983215332,33.93000030517578,33.7400016784668,33.86800003051758,4098,0.0,0.0,0.0
2023-01-12 10:30:00-05:00,33.845001220703125,33.99330139160156,33.84000015258789,33.99330139160156,793,0.0,0.0,0.0
2023-01-13 09:30:00-05:00,34.33000183105469,34.33000183105469,34.209999084472656,34.27000045776367,0,0.0,0.0,0.0
2023-01-13 12:30:00-05:00,34.40999984741211,34.40999984741211,34.40399932861328,34.40399932861328,260,0.0,0.0,0.0
2023-01-13 15:30:00-05:00,34.44499969482422,34.45050048828125,34.44499969482422,34.45050048828125,350,0.0,0.0,0.0
2023-01-17 09:30:00-05:00,34.79999923706055,34.79999923706055,34.79999923706055,34.79999923706055,2306,0.0,0.0,0.0
2023-01-17 10:30:00-05:00,34.79999923706055,34.79999923706055,34.79999923706055,34.79999923706055,1099,0.0,0.0,0.0
2023-01-17 14:30:00-05:00,34.880001068115234,34.880001068115234,34.744998931884766,34.830101013183594,6546,0.0,0.0,0.0
2023-01-17 15:30:00-05:00,34.79999923706055,34.83000183105469,34.79999923706055,34.83000183105469,406,0.0,0.0,0.0
2023-01-18 09:30:00-05:00,34.91999816894531,34.91999816894531,34.91999816894531,34.91999816894531,0,0.0,0.0,0.0
2023-01-18 10:30:00-05:00,34.849998474121094,34.849998474121094,34.849998474121094,34.849998474121094,727,0.0,0.0,0.0
2023-01-18 14:30:00-05:00,34.689998626708984,34.689998626708984,34.656898498535156,34.656898498535156,0,0.0,0.0,0.0
2023-01-19 09:30:00-05:00,35.06999969482422,35.09550094604492,35.06999969482422,35.09550094604492,1328,0.0,0.0,0.0
2023-01-19 13:30:00-05:00,35.13999938964844,35.147098541259766,35.13999938964844,35.147098541259766,411,0.0,0.0,0.0
2023-01-20 11:30:00-05:00,35.29999923706055,35.29999923706055,35.29999923706055,35.29999923706055,0,0.0,0.0,0.0
2023-01-20 14:30:00-05:00,35.43000030517578,35.470001220703125,35.41830062866211,35.41830062866211,1453,0.0,0.0,0.0
2023-01-23 09:30:00-05:00,35.72999954223633,35.72999954223633,35.65999984741211,35.65999984741211,0,0.0,0.0,0.0
2023-01-23 10:30:00-05:00,35.7599983215332,35.790000915527344,35.75,35.75,1343,0.0,0.0,0.0
2023-01-23 12:30:00-05:00,35.70009994506836,35.70500183105469,35.70009994506836,35.70500183105469,726,0.0,0.0,0.0
2023-01-23 13:30:00-05:00,35.70000076293945,35.70000076293945,35.58729934692383,35.58729934692383,1378,0.0,0.0,0.0
2023-01-24 09:30:00-05:00,35.61000061035156,35.61000061035156,35.4901008605957,35.4901008605957,0,0.0,0.0,0.0
2023-01-24 10:30:00-05:00,35.56999969482422,35.59000015258789,35.55030059814453,35.59000015258789,400,0.0,0.0,0.0
2023-01-24 11:30:00-05:00,35.62799835205078,35.665000915527344,35.61920166015625,35.665000915527344,893,0.0,0.0,0.0
2023-01-24 12:30:00-05:00,35.65999984741211,35.72999954223633,35.63710021972656,35.72999954223633,3633,0.0,0.0,0.0
2023-01-25 11:30:00-05:00,35.66019821166992,35.66019821166992,35.66019821166992,35.66019821166992,0,0.0,0.0,0.0
2023-01-25 14:30:00-05:00,35.790000915527344,35.8109016418457,35.790000915527344,35.8109016418457,225,0.0,0.0,0.0
2023-01-26 09:30:00-05:00,36.18000030517578,36.18000030517578,36.15999984741211,36.15999984741211,0,0.0,0.0,0.0
2023-01-26 10:30:00-05:00,36.099998474121094,36.099998474121094,36.099998474121094,36.099998474121094,207,0.0,0.0,0.0
2023-01-26 11:30:00-05:00,36.177398681640625,36.24089813232422,36.177398681640625,36.24089813232422,0,0.0,0.0,0.0
2023-01-27 09:30:00-05:00,36.25,36.25,36.13990020751953,36.13990020751953,3163,0.0,0.0,0.0
2023-01-27 10:30:00-05:00,36.119998931884766,36.119998931884766,36.119998931884766,36.119998931884766,404,0.0,0.0,0.0
2023-01-27 14:30:00-05:00,36.150001525878906,36.150001525878906,36.150001525878906,36.150001525878906,100,0.0,0.0,0.0
2023-01-27 15:30:00-05:00,36.18000030517578,36.18000030517578,36.130001068115234,36.130001068115234,355,0.0,0.0,0.0
2023-01-30 09:30:00-05:00,35.83000183105469,35.83000183105469,35.77000045776367,35.79999923706055,4768,0.0,0.0,0.0
2023-01-30 13:30:00-05:00,35.81999969482422,35.81999969482422,35.75,35.75,10259,0.0,0.0,0.0
2023-01-30 14:30:00-05:00,35.72999954223633,35.744300842285156,35.720001220703125,35.744300842285156,1428,0.0,0.0,0.0
2023-01-30 15:30:00-05:00,35.7400016784668,35.75,35.70000076293945,35.709999084472656,2204,0.0,0.0,0.0
2023-01-31 09:30:00-05:00,35.25,35.290000915527344,35.25,35.290000915527344,0,0.0,0.0,0.0
2023-01-31 12:30:00-05:00,35.380001068115234,35.380001068115234,35.380001068115234,35.380001068115234,150,0.0,0.0,0.0
2023-01-31 13:30:00-05:00,35.40999984741211,35.40999984741211,35.40999984741211,35.40999984741211,559,0.0,0.0,0.0
2023-01-31 14:30:00-05:00,35.36000061035156,35.36000061035156,35.36000061035156,35.36000061035156,100,0.0,0.0,0.0
2023-01-31 15:30:00-05:00,35.36000061035156,35.4364013671875,35.36000061035156,35.4364013671875,0,0.0,0.0,0.0
2023-02-01 09:30:00-05:00,35.72999954223633,35.72999954223633,35.72999954223633,35.72999954223633,446,0.0,0.0,0.0
2023-02-01 10:30:00-05:00,35.77000045776367,35.79990005493164,35.77000045776367,35.79990005493164,798,0.0,0.0,0.0
2023-02-01 12:30:00-05:00,35.7599983215332,35.7599983215332,35.7599983215332,35.7599983215332,244,0.0,0.0,0.0
2023-02-01 14:30:00-05:00,35.79999923706055,36.017398834228516,35.79999923706055,36.017398834228516,150,0.0,0.0,0.0
2023-02-02 09:30:00-05:00,35.650001525878906,35.650001525878906,35.52000045776367,35.540000915527344,78,0.0,0.0,0.0
2023-02-02 10:30:00-05:00,35.52000045776367,35.52000045776367,35.52000045776367,35.52000045776367,195,0.0,0.0,0.0
2023-02-02 11:30:00-05:00,35.568599700927734,35.568599700927734,35.568599700927734,35.568599700927734,149,0.0,0.0,0.0
2023-02-02 12:30:00-05:00,35.51499938964844,35.529998779296875,35.51499938964844,35.51499938964844,1012,0.0,0.0,0.0
2023-02-02 13:30:00-05:00,35.529998779296875,35.59989929199219,35.529998779296875,35.53010177612305,958,0.0,0.0,0.0
2023-02-02 15:30:00-05:00,35.459999084472656,35.49829864501953,35.459999084472656,35.49829864501953,233,0.0,0.0,0.0
2023-02-03 09:30:00-05:00,35.09000015258789,35.09000015258789,34.849998474121094,34.97999954223633,0,0.0,0.0,0.0
2023-02-03 10:30:00-05:00,34.93000030517578,35.06990051269531,34.93000030517578,35.06800079345703,520,0.0,0.0,0.0
2023-02-03 12:30:00-05:00,34.899898529052734,34.899898529052734,34.899898529052734,34.899898529052734,358,0.0,0.0,0.0
2023-02-03 13:30:00-05:00,34.720001220703125,34.720001220703125,34.720001220703125,34.720001220703125,466,0.0,0.0,0.0
2023-02-03 14:30:00-05:00,34.68000030517578,34.68000030517578,34.68000030517578,34.68000030517578,800,0.0,0.0,0.0
2023-02-03 15:30:00-05:00,34.68000030517578,34.709999084472656,34.68000030517578,34.709999084472656,139,0.0,0.0,0.0
2023-02-06 09:30:00-05:00,34.2400016784668,34.435001373291016,34.2400016784668,34.33000183105469,0,0.0,0.0,0.0
2023-02-06 10:30:00-05:00,34.3650016784668,34.45719909667969,34.3650016784668,34.45719909667969,120,0.0,0.0,0.0
2023-02-07 09:30:00-05:00,34.380001068115234,34.380001068115234,34.380001068115234,34.380001068115234,0,0.0,0.0,0.0
2023-02-07 12:30:00-05:00,34.35499954223633,34.38999938964844,34.35499954223633,34.38999938964844,535,0.0,0.0,0.0
2023-02-07 14:30:00-05:00,34.400001525878906,34.400001525878906,34.400001525878906,34.400001525878906,830,0.0,0.0,0.0
2023-02-07 15:30:00-05:00,34.45000076293945,34.48899841308594,34.45000076293945,34.48899841308594,0,0.0,0.0,0.0
2023-02-08 09:30:00-05:00,34.2400016784668,34.2400016784668,34.21200180053711,34.21200180053711,480,0.0,0.0,0.0
2023-02-08 11:30:00-05:00,34.15999984741211,34.15999984741211,34.15999984741211,34.15999984741211,135,0.0,0.0,0.0
2023-02-08 12:30:00-05:00,34.16999816894531,34.20000076293945,34.16999816894531,34.20000076293945,232,0.0,0.0,0.0
2023-02-08 13:30:00-05:00,34.2400016784668,34.2599983215332,34.2400016784668,34.2599983215332,2578,0.0,0.0,0.0
2023-02-08 15:30:00-05:00,34.15999984741211,34.15999984741211,34.15999984741211,34.15999984741211,173,0.0,0.0,0.0
2023-02-09 09:30:00-05:00,35.02000045776367,35.04999923706055,35.000099182128906,35.04999923706055,0,0.0,0.0,0.0
2023-02-09 12:30:00-05:00,34.869998931884766,34.869998931884766,34.869998931884766,34.869998931884766,106,0.0,0.0,0.0
2023-02-09 13:30:00-05:00,34.86000061035156,34.90999984741211,34.86000061035156,34.87900161743164,1381,0.0,0.0,0.0
2023-02-10 09:30:00-05:00,34.400001525878906,34.400001525878906,34.369998931884766,34.369998931884766,0,0.0,0.0,0.0
2023-02-10 10:30:00-05:00,34.36000061035156,34.369998931884766,34.259700775146484,34.259700775146484,757,0.0,0.0,0.0
2023-02-13 11:30:00-05:00,34.84000015258789,34.849998474121094,34.84000015258789,34.849998474121094,1275,0.0,0.0,0.0
2023-02-13 12:30:00-05:00,34.91999816894531,34.91999816894531,34.91999816894531,34.91999816894531,161,0.0,0.0,0.0
2023-02-13 14:30:00-05:00,34.93000030517578,34.93000030517578,34.900001525878906,34.91680145263672,0,0.0,0.0,0.0
2023-02-14 09:30:00-05:00,34.72999954223633,34.72999954223633,34.72999954223633,34.72999954223633,565,0.0,0.0,0.0
2023-02-14 14:30:00-05:00,34.619998931884766,34.631500244140625,34.619998931884766,34.631500244140625,0,0.0,0.0,0.0
2023-02-15 13:30:00-05:00,34.279998779296875,34.279998779296875,34.279998779296875,34.279998779296875,785,0.0,0.0,0.0
2023-02-15 14:30:00-05:00,34.279998779296875,34.30590057373047,34.279998779296875,34.30590057373047,1505,0.0,0.0,0.0
2023-02-16 09:30:00-05:00,33.5099983215332,33.66999816894531,33.5099983215332,33.54119873046875,0,0.0,0.0,0.0
2023-02-16 10:30:00-05:00,33.630001068115234,33.65999984741211,33.630001068115234,33.65999984741211,971,0.0,0.0,0.0
2023-02-16 11:30:00-05:00,33.68000030517578,33.68000030517578,33.66999816894531,33.68000030517578,908,0.0,0.0,0.0
2023-02-16 13:30:00-05:00,33.779998779296875,33.779998779296875,33.779998779296875,33.779998779296875,1200,0.0,0.0,0.0
2023-02-16 14:30:00-05:00,33.790000915527344,33.79999923706055,33.667198181152344,33.667198181152344,0,0.0,0.0,0.0
2023-02-17 09:30:00-05:00,32.720001220703125,32.720001220703125,32.689998626708984,32.689998626708984,677,0.0,0.0,0.0
2023-02-17 10:30:00-05:00,32.720001220703125,32.720001220703125,32.70000076293945,32.70000076293945,1105,0.0,0.0,0.0
2023-02-17 11:30:00-05:00,32.709999084472656,32.775001525878906,32.709999084472656,32.775001525878906,887,0.0,0.0,0.0
2023-02-17 14:30:00-05:00,32.70000076293945,32.7599983215332,32.695701599121094,32.72100067138672,542,0.0,0.0,0.0
2023-02-21 09:30:00-05:00,32.93000030517578,32.93000030517578,32.93000030517578,32.93000030517578,640,0.0,0.0,0.0
2023-02-21 10:30:00-05:00,33.02000045776367,33.02000045776367,33.0099983215332,33.0099983215332,257,0.0,0.0,0.0
2023-02-21 12:30:00-05:00,32.939998626708984,32.95000076293945,32.91999816894531,32.920101165771484,1081,0.0,0.0,0.0
2023-02-21 13:30:00-05:00,32.890098571777344,32.890098571777344,32.890098571777344,32.890098571777344,200,0.0,0.0,0.0
2023-02-21 14:30:00-05:00,32.869998931884766,32.869998931884766,32.869998931884766,32.869998931884766,603,0.0,0.0,0.0
2023-02-21 15:30:00-05:00,32.83259963989258,32.83580017089844,32.83259963989258,32.83580017089844,100,0.0,0.0,0.0
2023-02-22 09:30:00-05:00,32.75,32.75,32.75,32.75,0,0.0,0.0,0.0
2023-02-22 12:30:00-05:00,32.63999938964844,32.63999938964844,32.63999938964844,32.63999938964844,196,0.0,0.0,0.0
2023-02-22 15:30:00-05:00,32.599998474121094,32.599998474121094,32.599998474121094,32.599998474121094,0,0.0,0.0,0.0
2023-02-23 10:30:00-05:00,32.72999954223633,32.72999954223633,32.72999954223633,32.72999954223633,176,0.0,0.0,0.0
2023-02-23 11:30:00-05:00,32.630001068115234,32.630001068115234,32.58000183105469,32.58000183105469,804,0.0,0.0,0.0
2023-02-23 12:30:00-05:00,32.54159927368164,32.54159927368164,32.54159927368164,32.54159927368164,120,0.0,0.0,0.0
2023-02-23 13:30:00-05:00,32.600101470947266,32.61819839477539,32.600101470947266,32.600101470947266,1052,0.0,0.0,0.0
2023-02-24 09:30:00-05:00,31.889999389648438,31.889999389648438,31.8700008392334,31.8700008392334,1045,0.0,0.0,0.0
2023-02-24 10:30:00-05:00,31.739999771118164,31.739999771118164,31.739999771118164,31.739999771118164,438,0.0,0.0,0.0
2023-02-24 12:30:00-05:00,31.700000762939453,31.700000762939453,31.700000762939453,31.700000762939453,185,0.0,0.0,0.0
2023-02-24 13:30:00-05:00,31.749000549316406,31.749000549316406,31.749000549316406,31.749000549316406,200,0.0,0.0,0.0
2023-02-24 14:30:00-05:00,31.739999771118164,31.739999771118164,31.727100372314453,31.727100372314453,862,0.0,0.0,0.0
2023-02-27 09:30:00-05:00,32.15999984741211,32.15999984741211,31.950000762939453,31.969999313354492,521,0.0,0.0,0.0
2023-02-27 11:30:00-05:00,31.920000076293945,31.920000076293945,31.920000076293945,31.920000076293945,4230,0.0,0.0,0.0
2023-02-27 12:30:00-05:00,31.920000076293945,31.962099075317383,31.920000076293945,31.962099075317383,265,0.0,0.0,0.0
2023-02-28 13:30:00-05:00,32.13010025024414,32.142601013183594,32.13010025024414,32.142601013183594,0,0.0,0.0,0.0
2023-03-01 09:30:00-05:00,32.81999969482422,32.81999969482422,32.670101165771484,32.74980163574219,10,0.0,0.0,0.0
2023-03-02 10:30:00-05:00,32.332000732421875,32.332000732421875,32.33000183105469,32.33000183105469,259,0.0,0.0,0.0
2023-03-02 13:30:00-05:00,32.380001068115234,32.380001068115234,32.380001068115234,32.380001068115234,227,0.0,0.0,0.0
2023-03-02 14:30:00-05:00,32.36000061035156,32.380001068115234,32.36000061035156,32.380001068115234,0,0.0,0.0,0.0
2023-03-03 09:30:00-05:00,32.400001525878906,32.46839904785156,32.31999969482422,32.46839904785156,558,0.0,0.0,0.0
2023-03-06 09:30:00-05:00,32.380001068115234,32.380001068115234,32.380001068115234,32.380001068115234,1719,0.0,0.0,0.0
2023-03-06 10:30:00-05:00,32.34000015258789,32.34000015258789,32.29999923706055,32.29999923706055,864,0.0,0.0,0.0
2023-03-06 11:30:00-05:00,32.310001373291016,32.310001373291016,32.30979919433594,32.30979919433594,1073,0.0,0.0,0.0
2023-03-06 12:30:00-05:00,32.310001373291016,32.31010055541992,32.310001373291016,32.310001373291016,2234,0.0,0.0,0.0
2023-03-06 13:30:00-05:00,32.310001373291016,32.310001373291016,32.154998779296875,32.154998779296875,0,0.0,0.0,0.0
2023-03-07 09:30:00-05:00,31.760000228881836,31.760000228881836,31.243799209594727,31.243799209594727,20,0.0,0.0,0.0
2023-03-08 09:30:00-05:00,31.610000610351562,31.610000610351562,31.420000076293945,31.5,14527,0.0,0.0,0.0
2023-03-08 13:30:00-05:00,31.49970054626465,31.49970054626465,31.49970054626465,31.49970054626465,318,0.0,0.0,0.0
2023-03-08 14:30:00-05:00,31.510000228881836,31.510000228881836,31.475799560546875,31.475799560546875,122,0.0,0.0,0.0
2023-03-09 09:30:00-05:00,31.299999237060547,31.329999923706055,31.299999237060547,31.329999923706055,0,0.0,0.0,0.0
2023-03-09 10:30:00-05:00,31.270000457763672,31.270000457763672,31.16010093688965,31.239999771118164,1818,0.0,0.0,0.0
2023-03-09 11:30:00-05:00,31.190000534057617,31.209999084472656,31.190000534057617,31.209999084472656,1037,0.0,0.0,0.0
2023-03-09 12:30:00-05:00,31.15999984741211,31.15999984741211,31.15999984741211,31.15999984741211,468,0.0,0.0,0.0
2023-03-09 13:30:00-05:00,31.15999984741211,31.15999984741211,31.12700080871582,31.15999984741211,1174,0.0,0.0,0.0
2023-03-09 15:30:00-05:00,31.040000915527344,31.129899978637695,31.040000915527344,31.076099395751953,0,0.0,0.0,0.0
2023-03-10 09:30:00-05:00,31.510000228881836,31.659900665283203,31.510000228881836,31.659900665283203,1200,0.0,0.0,0.0
2023-03-10 10:30:00-05:00,31.700000762939453,31.700000762939453,31.530500411987305,31.530500411987305,254,0.0,0.0,0.0
2023-03-13 09:30:00-04:00,31.219999313354492,31.520000457763672,31.219999313354492,31.520000457763672,0,0.0,0.0,0.0
2023-03-13 10:30:00-04:00,31.530000686645508,31.65999984741211,31.530000686645508,31.65999984741211,765,0.0,0.0,0.0
2023-03-13 11:30:00-04:00,31.670000076293945,31.670000076293945,31.670000076293945,31.670000076293945,203,0.0,0.0,0.0
2023-03-13 12:30:00-04:00,31.6200008392334,31.6200008392334,31.6200008392334,31.6200008392334,203,0.0,0.0,0.0
2023-03-13 13:30:00-04:00,31.610000610351562,31.65999984741211,31.610000610351562,31.65999984741211,287,0.0,0.0,0.0
2023-03-13 14:30:00-04:00,31.649999618530273,31.649999618530273,31.6200008392334,31.6200008392334,258,0.0,0.0,0.0
2023-03-13 15:30:00-04:00,31.639999389648438,31.641300201416016,31.639999389648438,31.641300201416016,0,0.0,0.0,0.0
2023-03-14 09:30:00-04:00,31.610000610351562,31.610000610351562,31.549999237060547,31.549999237060547,344,0.0,0.0,0.0
2023-03-14 10:30:00-04:00,31.649999618530273,31.649999618530273,31.649999618530273,31.649999618530273,102,0.0,0.0,0.0
2023-03-14 11:30:00-04:00,31.6299991607666,31.6299991607666,31.6200008392334,31.6200008392334,602,0.0,0.0,0.0
2023-03-14 12:30:00-04:00,31.6200008392334,31.6200008392334,31.549999237060547,31.614599227905273,1104,0.0,0.0,0.0
2023-03-15 09:30:00-04:00,31.0,31.09000015258789,31.0,31.08009910583496,205,0.0,0.0,0.0
2023-03-15 10:30:00-04:00,31.010000228881836,31.010000228881836,30.969999313354492,30.979999542236328,1001,0.0,0.0,0.0
2023-03-15 11:30:00-04:00,31.049999237060547,31.049999237060547,30.979999542236328,30.979999542236328,5115,0.0,0.0,0.0
2023-03-15 13:30:00-04:00,31.06999969482422,31.06999969482422,31.06999969482422,31.06999969482422,197,0.0,0.0,0.0
2023-03-15 15:30:00-04:00,31.09000015258789,31.09000015258789,31.09000015258789,31.09000015258789,0,0.0,0.0,0.0
2023-03-16 09:30:00-04:00,30.729999542236328,30.729999542236328,30.729999542236328,30.729999542236328,172,0.0,0.0,0.0
2023-03-16 11:30:00-04:00,30.889999389648438,30.889999389648438,30.889999389648438,30.889999389648438,110,0.0,0.0,0.0
2023-03-16 12:30:00-04:00,30.90999984741211,30.90999984741211,30.861000061035156,30.861000061035156,503,0.0,0.0,0.0
2023-03-16 13:30:00-04:00,30.844999313354492,30.844999313354492,30.844999313354492,30.844999313354492,133,0.0,0.0,0.0
2023-03-16 14:30:00-04:00,30.889999389648438,30.889999389648438,30.889999389648438,30.889999389648438,230,0.0,0.0,0.0
2023-03-16 15:30:00-04:00,30.940000534057617,30.940000534057617,30.940000534057617,30.940000534057617,0,0.0,0.0,0.0
2023-03-17 13:30:00-04:00,30.600000381469727,30.600000381469727,30.600000381469727,30.600000381469727,1169,0.0,0.0,0.0
2023-03-17 14:30:00-04:00,30.610000610351562,30.632200241088867,30.600000381469727,30.632200241088867,1485,0.0,0.0,0.0
2023-03-20 15:30:00-04:00,30.959999084472656,30.959999084472656,30.930700302124023,30.959999084472656,276,0.0,0.0,0.0
2023-03-21 09:30:00-04:00,31.59000015258789,31.59000015258789,31.420000076293945,31.420000076293945,2005,0.0,0.0,0.0
2023-03-21 10:30:00-04:00,31.351999282836914,31.450000762939453,31.350000381469727,31.450000762939453,1032,0.0,0.0,0.0
2023-03-21 11:30:00-04:00,31.420000076293945,31.420000076293945,31.3700008392334,31.399999618530273,963,0.0,0.0,0.0
2023-03-21 12:30:00-04:00,31.43899917602539,31.459999084472656,31.399999618530273,31.459999084472656,218230,0.0,0.0,0.0
2023-03-21 13:30:00-04:00,31.479999542236328,31.489999771118164,31.479999542236328,31.489999771118164,614,0.0,0.0,0.0
2023-03-21 14:30:00-04:00,31.5,31.520000457763672,31.4950008392334,31.514999389648438,1365,0.0,0.0,0.0
2023-03-21 15:30:00-04:00,31.530000686645508,31.530000686645508,31.499500274658203,31.499500274658203,202,0.0,0.0,0.0
2023-03-22 09:30:00-04:00,31.420000076293945,31.510000228881836,31.420000076293945,31.510000228881836,0,0.0,0.0,0.0
2023-03-22 10:30:00-04:00,31.530000686645508,31.530000686645508,31.530000686645508,31.530000686645508,465,0.0,0.0,0.0
2023-03-22 12:30:00-04:00,31.489999771118164,31.489999771118164,31.440000534057617,31.440000534057617,388,0.0,0.0,0.0
2023-03-22 14:30:00-04:00,31.600000381469727,31.600000381469727,31.503299713134766,31.503299713134766,0,0.0,0.0,0.0
2023-03-23 09:30:00-04:00,31.940000534057617,32.08000183105469,31.940000534057617,32.08000183105469,702,0.0,0.0,0.0
2023-03-23 11:30:00-04:00,32.11989974975586,32.11989974975586,31.934200286865234,31.934200286865234,0,0.0,0.0,0.0
2023-03-24 09:30:00-04:00,31.84000015258789,31.84000015258789,31.84000015258789,31.84000015258789,413,0.0,0.0,0.0
2023-03-24 10:30:00-04:00,31.829999923706055,31.829999923706055,31.829999923706055,31.829999923706055,100,0.0,0.0,0.0
2023-03-24 11:30:00-04:00,31.829999923706055,31.829999923706055,31.825000762939453,31.829999923706055,3032,0.0,0.0,0.0
2023-03-24 13:30:00-04:00,31.84000015258789,31.84000015258789,31.84000015258789,31.84000015258789,1334,0.0,0.0,0.0
2023-03-24 15:30:00-04:00,31.8799991607666,31.8799991607666,31.8700008392334,31.8700008392334,392,0.0,0.0,0.0
2023-03-27 09:30:00-04:00,32.04010009765625,32.04010009765625,32.02000045776367,32.02000045776367,0,0.0,0.0,0.0
2023-03-27 10:30:00-04:00,32.029998779296875,32.029998779296875,32.029998779296875,32.029998779296875,205,0.0,0.0,0.0
2023-03-27 11:30:00-04:00,32.06999969482422,32.06999969482422,32.06999969482422,32.06999969482422,143,0.0,0.0,0.0
2023-03-27 13:30:00-04:00,32.06999969482422,32.08000183105469,32.044898986816406,32.044898986816406,495,0.0,0.0,0.0
2023-03-28 09:30:00-04:00,31.860000610351562,31.860000610351562,31.81999969482422,31.81999969482422,0,0.0,0.0,0.0
2023-03-28 10:30:00-04:00,31.850000381469727,31.8700008392334,31.850000381469727,31.8700008392334,350,0.0,0.0,0.0
2023-03-28 12:30:00-04:00,31.84000015258789,31.84000015258789,31.81999969482422,31.84000015258789,609,0.0,0.0,0.0
2023-03-28 13:30:00-04:00,31.84000015258789,31.84000015258789,31.834999084472656,31.834999084472656,400,0.0,0.0,0.0
2023-03-28 14:30:00-04:00,31.829999923706055,31.829999923706055,31.829999923706055,31.829999923706055,299,0.0,0.0,0.0
2023-03-28 15:30:00-04:00,31.829999923706055,31.829999923706055,31.81999969482422,31.81999969482422,336,0.0,0.0,0.0
2023-03-29 10:30:00-04:00,31.709999084472656,31.710100173950195,31.709999084472656,31.710100173950195,0,0.0,0.0,0.0
2023-03-29 11:30:00-04:00,31.739999771118164,31.767000198364258,31.739999771118164,31.75,1014,0.0,0.0,0.0
2023-03-29 12:30:00-04:00,31.760000228881836,31.780000686645508,31.760000228881836,31.780000686645508,309,0.0,0.0,0.0
2023-03-29 13:30:00-04:00,31.760000228881836,31.760000228881836,31.760000228881836,31.760000228881836,100,0.0,0.0,0.0
2023-03-29 14:30:00-04:00,31.760000228881836,31.760000228881836,31.760000228881836,31.760000228881836,251,0.0,0.0,0.0
2023-03-29 15:30:00-04:00,31.719999313354492,31.719999313354492,31.709999084472656,31.71489906311035,600,0.0,0.0,0.0
2023-03-30 09:30:00-04:00,32.040000915527344,32.040000915527344,32.040000915527344,32.040000915527344,0,0.0,0.0,0.0
2023-03-30 10:30:00-04:00,31.969999313354492,31.989999771118164,31.969999313354492,31.979999542236328,1895,0.0,0.0,0.0
2023-03-30 11:30:00-04:00,31.989999771118164,31.989999771118164,31.989999771118164,31.989999771118164,114,0.0,0.0,0.0
2023-03-30 12:30:00-04:00,31.97010040283203,31.989999771118164,31.96500015258789,31.989999771118164,3157,0.0,0.0,0.0
2023-03-30 13:30:00-04:00,31.989999771118164,31.989999771118164,31.989999771118164,31.989999771118164,210,0.0,0.0,0.0
2023-03-30 14:30:00-04:00,32.0,32.02980041503906,32.0,32.02980041503906,412,0.0,0.0,0.0
2023-03-31 14:30:00-04:00,32.04999923706055,32.06999969482422,32.04999923706055,32.05139923095703,0,0.0,0.0,0.0
2023-04-03 09:30:00-04:00,32.54999923706055,32.70000076293945,32.54999923706055,32.70000076293945,1073,0.0,0.0,0.0
2023-04-03 12:30:00-04:00,32.689998626708984,32.72999954223633,32.63999938964844,32.63999938964844,6217,0.0,0.0,0.0
2023-04-03 13:30:00-04:00,32.61159896850586,32.61159896850586,32.61159896850586,32.61159896850586,0,0.0,0.0,0.0
2023-04-04 09:30:00-04:00,32.37030029296875,32.404998779296875,32.369998931884766,32.370201110839844,2539,0.0,0.0,0.0
2023-04-04 10:30:00-04:00,32.345001220703125,32.36000061035156,32.345001220703125,32.36000061035156,501,0.0,0.0,0.0
2023-04-04 11:30:00-04:00,32.347999572753906,32.347999572753906,32.29999923706055,32.29999923706055,912,0.0,0.0,0.0
2023-04-04 12:30:00-04:00,32.279998779296875,32.31999969482422,32.279998779296875,32.31999969482422,505,0.0,0.0,0.0
2023-04-04 13:30:00-04:00,32.33000183105469,32.35499954223633,32.33000183105469,32.33000183105469,2502,0.0,0.0,0.0
2023-04-04 14:30:00-04:00,32.34749984741211,32.36000061035156,32.3400993347168,32.36000061035156,3410,0.0,0.0,0.0
2023-04-04 15:30:00-04:00,32.36000061035156,32.385799407958984,32.34000015258789,32.385799407958984,0,0.0,0.0,0.0
2023-04-05 09:30:00-04:00,32.279998779296875,32.279998779296875,32.279998779296875,32.279998779296875,511,0.0,0.0,0.0
2023-04-05 10:30:00-04:00,32.25,32.279998779296875,32.22999954223633,32.22999954223633,3078,0.0,0.0,0.0
2023-04-05 11:30:00-04:00,32.260101318359375,32.260101318359375,32.260101318359375,32.260101318359375,120,0.0,0.0,0.0
2023-04-05 14:30:00-04:00,32.27000045776367,32.27000045776367,32.25,32.2599983215332,1448,0.0,0.0,0.0
2023-04-05 15:30:00-04:00,32.25,32.2599983215332,32.25,32.2599983215332,1365,0.0,0.0,0.0
2023-04-06 09:30:00-04:00,32.31999969482422,32.33000183105469,32.279998779296875,32.33000183105469,0,0.0,0.0,0.0
2023-04-06 10:30:00-04:00,32.371498107910156,32.40999984741211,32.371498107910156,32.40999984741211,4749,0.0,0.0,0.0
2023-04-06 13:30:00-04:00,32.4900016784668,32.5,32.4900016784668,32.5,800,0.0,0.0,0.0
2023-04-06 14:30:00-04:00,32.4900016784668,32.5,32.46500015258789,32.47999954223633,3856,0.0,0.0,0.0
2023-04-06 15:30:00-04:00,32.4900016784668,32.4900016784668,32.44110107421875,32.44110107421875,599,0.0,0.0,0.0
2023-04-10 09:30:00-04:00,32.54800033569336,32.54999923706055,32.529998779296875,32.540000915527344,0,0.0,0.0,0.0
2023-04-10 10:30:00-04:00,32.55500030517578,32.55500030517578,32.55500030517578,32.55500030517578,106,0.0,0.0,0.0
2023-04-10 11:30:00-04:00,32.58000183105469,32.58000183105469,32.54999923706055,32.54999923706055,1287,0.0,0.0,0.0
2023-04-10 12:30:00-04:00,32.560001373291016,32.575599670410156,32.560001373291016,32.575599670410156,0,0.0,0.0,0.0
2023-04-11 09:30:00-04:00,32.43000030517578,32.5,32.43000030517578,32.5,1618,0.0,0.0,0.0
2023-04-11 10:30:00-04:00,32.52000045776367,32.52000045776367,32.49369812011719,32.49369812011719,0,0.0,0.0,0.0
2023-04-12 09:30:00-04:00,32.400001525878906,32.43000030517578,32.400001525878906,32.43000030517578,780,0.0,0.0,0.0
2023-04-12 10:30:00-04:00,32.34000015258789,32.349998474121094,32.31999969482422,32.33000183105469,25774,0.0,0.0,0.0
2023-04-12 11:30:00-04:00,32.31949996948242,32.34000015258789,32.31949996948242,32.34000015258789,1647,0.0,0.0,0.0
2023-04-12 12:30:00-04:00,32.349998474121094,32.380001068115234,32.349998474121094,32.380001068115234,702,0.0,0.0,0.0
2023-04-12 14:30:00-04:00,32.31999969482422,32.34000015258789,32.25,32.34000015258789,5266,0.0,0.0,0.0
2023-04-12 15:30:00-04:00,32.309898376464844,32.309898376464844,32.30179977416992,32.30179977416992,0,0.0,0.0,0.0
2023-04-13 09:30:00-04:00,32.16999816894531,32.16999816894531,32.16999816894531,32.16999816894531,451,0.0,0.0,0.0
2023-04-13 10:30:00-04:00,32.279998779296875,32.279998779296875,32.279998779296875,32.279998779296875,218,0.0,0.0,0.0
2023-04-13 12:30:00-04:00,32.29999923706055,32.29999923706055,32.29999923706055,32.29999923706055,103,0.0,0.0,0.0
2023-04-13 13:30:00-04:00,32.34000015258789,32.34000015258789,32.32500076293945,32.32500076293945,215,0.0,0.0,0.0
2023-04-14 09:30:00-04:00,32.43000030517578,32.4900016784668,32.400001525878906,32.400001525878906,3453,0.0,0.0,0.0
2023-04-14 10:30:00-04:00,32.400001525878906,32.40999984741211,32.31010055541992,32.31010055541992,1072,0.0,0.0,0.0
2023-04-14 11:30:00-04:00,32.34000015258789,32.34000015258789,32.34000015258789,32.34000015258789,151,0.0,0.0,0.0
2023-04-14 12:30:00-04:00,32.33000183105469,32.369998931884766,32.290000915527344,32.369998931884766,10789,0.0,0.0,0.0
2023-04-14 14:30:00-04:00,32.40999984741211,32.41999816894531,32.3650016784668,32.3849983215332,4500,0.0,0.0,0.0
2023-04-17 09:30:00-04:00,32.45000076293945,32.45000076293945,32.439998626708984,32.439998626708984,844,0.0,0.0,0.0
2023-04-17 12:30:00-04:00,32.43000030517578,32.43000030517578,32.43000030517578,32.43000030517578,109,0.0,0.0,0.0
2023-04-17 14:30:00-04:00,32.410099029541016,32.410099029541016,32.410099029541016,32.410099029541016,126,0.0,0.0,0.0
2023-04-17 15:30:00-04:00,32.41999816894531,32.45500183105469,32.41999816894531,32.45500183105469,310,0.0,0.0,0.0
2023-04-18 09:30:00-04:00,32.459999084472656,32.5099983215332,32.459999084472656,32.5099983215332,1753,0.0,0.0,0.0
2023-04-18 13:30:00-04:00,32.5,32.505001068115234,32.5,32.505001068115234,398,0.0,0.0,0.0
2023-04-18 15:30:00-04:00,32.41999816894531,32.45100021362305,32.40999984741211,32.45100021362305,267,0.0,0.0,0.0
2023-04-19 09:30:00-04:00,32.11000061035156,32.11000061035156,32.11000061035156,32.11000061035156,0,0.0,0.0,0.0
2023-04-19 10:30:00-04:00,32.16999816894531,32.16999816894531,32.16999816894531,32.16999816894531,348,0.0,0.0,0.0
2023-04-19 13:30:00-04:00,32.1885986328125,32.1885986328125,32.1885986328125,32.1885986328125,359,0.0,0.0,0.0
2023-04-19 14:30:00-04:00,32.220001220703125,32.220001220703125,32.18989944458008,32.18989944458008,198,0.0,0.0,0.0
2023-04-20 09:30:00-04:00,31.969999313354492,31.969999313354492,31.969999313354492,31.969999313354492,2138,0.0,0.0,0.0
2023-04-20 12:30:00-04:00,31.90999984741211,31.90999984741211,31.90999984741211,31.90999984741211,268,0.0,0.0,0.0
2023-04-20 14:30:00-04:00,31.889999389648438,31.889999389648438,31.84000015258789,31.8617000579834,0,0.0,0.0,0.0
2023-04-21 09:30:00-04:00,31.190000534057617,31.229999542236328,31.190000534057617,31.229999542236328,812,0.0,0.0,0.0
2023-04-21 10:30:00-04:00,31.079999923706055,31.149999618530273,31.079999923706055,31.149999618530273,328,0.0,0.0,0.0
2023-04-21 12:30:00-04:00,31.1299991607666,31.1299991607666,31.1299991607666,31.1299991607666,158,0.0,0.0,0.0
2023-04-21 13:30:00-04:00,31.15999984741211,31.15999984741211,31.15999984741211,31.15999984741211,156,0.0,0.0,0.0
2023-04-21 15:30:00-04:00,31.1200008392334,31.147300720214844,31.111000061035156,31.147300720214844,0,0.0,0.0,0.0
2023-04-24 09:30:00-04:00,30.68000030517578,30.68000030517578,30.68000030517578,30.68000030517578,0,0.0,0.0,0.0
2023-04-24 10:30:00-04:00,30.649999618530273,30.67329978942871,30.6299991607666,30.67329978942871,203,0.0,0.0,0.0
2023-04-25 09:30:00-04:00,30.040000915527344,30.040000915527344,29.799999237060547,29.799999237060547,6933,0.0,0.0,0.0
2023-04-25 11:30:00-04:00,29.79010009765625,29.8085994720459,29.760000228881836,29.79759979248047,789,0.0,0.0,0.0
2023-04-26 09:30:00-04:00,30.489999771118164,30.489999771118164,30.489999771118164,30.489999771118164,0,0.0,0.0,0.0
2023-04-26 12:30:00-04:00,30.43000030517578,30.43000030517578,30.43000030517578,30.43000030517578,503,0.0,0.0,0.0
2023-04-26 13:30:00-04:00,30.479999542236328,30.479999542236328,30.4148006439209,30.4148006439209,156,0.0,0.0,0.0
2023-04-27 09:30:00-04:00,30.716100692749023,30.716100692749023,30.559999465942383,30.716100692749023,0,0.0,0.0,0.0
2023-04-28 09:30:00-04:00,30.978900909423828,30.978900909423828,30.978900909423828,30.978900909423828,1234,0.0,0.0,0.0
2023-04-28 10:30:00-04:00,30.940000534057617,30.999900817871094,30.940000534057617,30.950000762939453,454,0.0,0.0,0.0
2023-04-28 11:30:00-04:00,30.969999313354492,30.969999313354492,30.969999313354492,30.969999313354492,857,0.0,0.0,0.0
2023-04-28 12:30:00-04:00,30.959999084472656,30.959999084472656,30.959999084472656,30.959999084472656,128,0.0,0.0,0.0
2023-04-28 14:30:00-04:00,30.959999084472656,30.982799530029297,30.959999084472656,30.982799530029297,410,0.0,0.0,0.0
2023-05-01 09:30:00-04:00,30.7007999420166,30.84760093688965,30.7007999420166,30.7007999420166,0,0.0,0.0,0.0
2023-05-02 09:30:00-04:00,30.559999465942383,30.56999969482422,30.559999465942383,30.56999969482422,1133,0.0,0.0,0.0
2023-05-02 10:30:00-04:00,30.510000228881836,30.510000228881836,30.510000228881836,30.510000228881836,223393,0.0,0.0,0.0
2023-05-02 11:30:00-04:00,30.579999923706055,30.644699096679688,30.56999969482422,30.644699096679688,0,0.0,0.0,0.0
2023-05-03 09:30:00-04:00,30.649999618530273,30.670000076293945,30.649999618530273,30.670000076293945,707,0.0,0.0,0.0
2023-05-03 10:30:00-04:00,30.700000762939453,30.719999313354492,30.606300354003906,30.606300354003906,0,0.0,0.0,0.0
2023-05-04 09:30:00-04:00,30.510000228881836,30.510000228881836,30.510000228881836,30.510000228881836,254,0.0,0.0,0.0
2023-05-04 11:30:00-04:00,30.520000457763672,30.574600219726562,30.510000228881836,30.574600219726562,765,0.0,0.0,0.0
2023-05-05 10:30:00-04:00,30.15999984741211,30.219999313354492,30.149999618530273,30.219999313354492,5030,0.0,0.0,0.0
2023-05-05 11:30:00-04:00,30.18000030517578,30.190000534057617,30.18000030517578,30.18000030517578,6206,0.0,0.0,0.0
2023-05-05 12:30:00-04:00,30.18000030517578,30.190000534057617,30.18000030517578,30.190000534057617,0,0.0,0.0,0.0
2023-05-05 14:30:00-04:00,30.190000534057617,30.200000762939453,30.18000030517578,30.200000762939453,24908,0.0,0.0,0.0
2023-05-05 15:30:00-04:00,30.239999771118164,30.239999771118164,30.239999771118164,30.239999771118164,0,0.0,0.0,0.0
2023-05-08 09:30:00-04:00,30.34000015258789,30.34000015258789,30.25,30.25,0,0.0,0.0,0.0
2023-05-08 10:30:00-04:00,30.219999313354492,30.219999313354492,30.200000762939453,30.200000762939453,0,0.0,0.0,0.0
2023-05-08 12:30:00-04:00,30.219999313354492,30.239900588989258,30.219999313354492,30.239900588989258,1938,0.0,0.0,0.0
2023-05-08 14:30:00-04:00,30.170000076293945,30.170000076293945,30.170000076293945,30.170000076293945,0,0.0,0.0,0.0
2023-05-08 15:30:00-04:00,30.15999984741211,30.15999984741211,30.15999984741211,30.15999984741211,2546,0.0,0.0,0.0
2023-05-09 09:30:00-04:00,29.81999969482422,29.850000381469727,29.81999969482422,29.850000381469727,0,0.0,0.0,0.0
2023-05-09 10:30:00-04:00,29.885000228881836,29.885000228881836,29.885000228881836,29.885000228881836,1621,0.0,0.0,0.0
2023-05-09 12:30:00-04:00,29.860000610351562,29.86989974975586,29.84000015258789,29.850000381469727,0,0.0,0.0,0.0
2023-05-09 14:30:00-04:00,29.905000686645508,29.905000686645508,29.8700008392334,29.904199600219727,0,0.0,0.0,0.0
2023-05-10 10:30:00-04:00,30.020000457763672,30.020000457763672,30.020000457763672,30.020000457763672,606,0.0,0.0,0.0
2023-05-10 11:30:00-04:00,30.020000457763672,30.020000457763672,30.020000457763672,30.020000457763672,507,0.0,0.0,0.0
2023-05-10 13:30:00-04:00,30.0,30.0,29.989999771118164,29.989999771118164,400,0.0,0.0,0.0
2023-05-10 14:30:00-04:00,30.0,30.020000457763672,30.0,30.020000457763672,0,0.0,0.0,0.0
2023-05-10 15:30:00-04:00,30.030000686645508,30.079999923706055,30.030000686645508,30.050100326538086,107,0.0,0.0,0.0
2023-05-11 09:30:00-04:00,30.200000762939453,30.200000762939453,30.200000762939453,30.200000762939453,416,0.0,0.0,0.0
2023-05-11 11:30:00-04:00,30.121999740600586,30.1299991607666,30.121999740600586,30.1299991607666,727,0.0,0.0,0.0
2023-05-11 12:30:00-04:00,30.1299991607666,30.1299991607666,30.1299991607666,30.1299991607666,244,0.0,0.0,0.0
2023-05-11 13:30:00-04:00,30.149999618530273,30.149999618530273,30.149999618530273,30.149999618530273,200,0.0,0.0,0.0
2023-05-11 14:30:00-04:00,30.18630027770996,30.18630027770996,30.15999984741211,30.18630027770996,500,0.0,0.0,0.0
2023-05-12 09:30:00-04:00,29.739999771118164,29.739999771118164,29.739999771118164,29.739999771118164,0,0.0,0.0,0.0
2023-05-12 10:30:00-04:00,29.68000030517578,29.690000534057617,29.68000030517578,29.690000534057617,507,0.0,0.0,0.0
2023-05-12 11:30:00-04:00,29.649999618530273,29.65999984741211,29.639999389648438,29.65999984741211,3044,0.0,0.0,0.0
2023-05-12 13:30:00-04:00,29.649999618530273,29.649999618530273,29.649999618530273,29.649999618530273,376,0.0,0.0,0.0
2023-05-12 14:30:00-04:00,29.614999771118164,29.639999389648438,29.614999771118164,29.639999389648438,407,0.0,0.0,0.0
2023-05-15 09:30:00-04:00,30.350000381469727,30.350000381469727,30.350000381469727,30.350000381469727,0,0.0,0.0,0.0
2023-05-15 10:30:00-04:00,30.52720069885254,30.52720069885254,30.52720069885254,30.52720069885254,597,0.0,0.0,0.0
2023-05-15 11:30:00-04:00,30.469999313354492,30.469999313354492,30.469999313354492,30.469999313354492,100,0.0,0.0,0.0
2023-05-15 12:30:00-04:00,30.489999771118164,30.489999771118164,30.479999542236328,30.479999542236328,318,0.0,0.0,0.0
2023-05-15 13:30:00-04:00,30.55139923095703,30.55500030517578,30.55139923095703,30.55139923095703,270,0.0,0.0,0.0
2023-05-16 09:30:00-04:00,30.329999923706055,30.329999923706055,30.219999313354492,30.219999313354492,2019,0.0,0.0,0.0
2023-05-16 10:30:00-04:00,30.209999084472656,30.209999084472656,30.209999084472656,30.209999084472656,135,0.0,0.0,0.0
2023-05-16 12:30:00-04:00,30.21500015258789,30.219999313354492,30.209999084472656,30.219999313354492,782,0.0,0.0,0.0
2023-05-16 14:30:00-04:00,30.170000076293945,30.180700302124023,30.15999984741211,30.180700302124023,1940,0.0,0.0,0.0
2023-05-17 09:30:00-04:00,30.100000381469727,30.100000381469727,30.100000381469727,30.100000381469727,0,0.0,0.0,0.0
2023-05-17 12:30:00-04:00,30.149999618530273,30.149999618530273,30.1299991607666,30.130699157714844,0,0.0,0.0,0.0
2023-05-18 09:30:00-04:00,29.780000686645508,29.780000686645508,29.670000076293945,29.670000076293945,0,0.0,0.0,0.0
2023-05-18 10:30:00-04:00,29.700000762939453,29.700000762939453,29.690000534057617,29.690000534057617,0,0.0,0.0,0.0
2023-05-18 15:30:00-04:00,29.700000762939453,29.713300704956055,29.690000534057617,29.713300704956055,174,0.0,0.0,0.0
2023-05-19 09:30:00-04:00,29.8799991607666,29.8799991607666,29.8799991607666,29.8799991607666,626,0.0,0.0,0.0
2023-05-19 10:30:00-04:00,29.850000381469727,29.889999389648438,29.850000381469727,29.889999389648438,1425,0.0,0.0,0.0
2023-05-19 11:30:00-04:00,29.90399932861328,29.90399932861328,29.90399932861328,29.90399932861328,0,0.0,0.0,0.0
2023-05-22 09:30:00-04:00,29.93000030517578,29.93000030517578,29.799999237060547,29.850000381469727,1455,0.0,0.0,0.0
2023-05-22 14:30:00-04:00,29.829999923706055,29.829999923706055,29.78809928894043,29.78809928894043,134,0.0,0.0,0.0
2023-05-23 09:30:00-04:00,29.31999969482422,29.381999969482422,29.31999969482422,29.381999969482422,139,0.0,0.0,0.0
2023-05-23 13:30:00-04:00,29.360000610351562,29.360000610351562,29.293899536132812,29.293899536132812,0,0.0,0.0,0.0
2023-05-24 09:30:00-04:00,29.239999771118164,29.239999771118164,29.219999313354492,29.219999313354492,653,0.0,0.0,0.0
2023-05-24 10:30:00-04:00,29.200000762939453,29.200000762939453,29.170000076293945,29.170000076293945,561,0.0,0.0,0.0
2023-05-24 12:30:00-04:00,29.170000076293945,29.170000076293945,29.15999984741211,29.15999984741211,308,0.0,0.0,0.0
2023-05-24 13:30:00-04:00,29.170000076293945,29.18000030517578,29.170000076293945,29.172100067138672,1011,0.0,0.0,0.0
2023-05-25 09:30:00-04:00,29.139999389648438,29.139999389648438,29.139999389648438,29.139999389648438,0,0.0,0.0,0.0
2023-05-25 10:30:00-04:00,29.15999984741211,29.15999984741211,29.1200008392334,29.1200008392334,3698,0.0,0.0,0.0
2023-05-25 12:30:00-04:00,29.059999465942383,29.059999465942383,29.059999465942383,29.059999465942383,169,0.0,0.0,0.0
2023-05-25 13:30:00-04:00,29.049999237060547,29.077199935913086,29.049999237060547,29.077199935913086,0,0.0,0.0,0.0
2023-05-26 09:30:00-04:00,28.8700008392334,28.8700008392334,28.8700008392334,28.8700008392334,0,0.0,0.0,0.0
2023-05-26 10:30:00-04:00,29.139999389648438,29.139999389648438,29.110000610351562,29.110000610351562,2497,0.0,0.0,0.0
2023-05-26 11:30:00-04:00,29.079999923706055,29.079999923706055,29.079999923706055,29.079999923706055,279,0.0,0.0,0.0
2023-05-26 14:30:00-04:00,29.079999923706055,29.114999771118164,29.079999923706055,29.113000869750977,504,0.0,0.0,0.0
2023-05-30 09:30:00-04:00,28.709999084472656,28.709999084472656,28.709999084472656,28.709999084472656,0,0.0,0.0,0.0
2023-05-30 10:30:00-04:00,28.649999618530273,28.649999618530273,28.649999618530273,28.649999618530273,1480,0.0,0.0,0.0
2023-05-30 12:30:00-04:00,28.620100021362305,28.646099090576172,28.620100021362305,28.646099090576172,0,0.0,0.0,0.0
2023-05-31 09:30:00-04:00,28.5,28.5,28.280000686645508,28.280000686645508,586,0.0,0.0,0.0
2023-05-31 11:30:00-04:00,28.299999237060547,28.299999237060547,28.25,28.25,0,0.0,0.0,0.0
2023-05-31 12:30:00-04:00,28.270000457763672,28.270000457763672,28.270000457763672,28.270000457763672,1148,0.0,0.0,0.0
2023-05-31 13:30:00-04:00,28.315000534057617,28.39080047607422,28.315000534057617,28.39080047607422,0,0.0,0.0,0.0
2023-06-01 09:30:00-04:00,28.540000915527344,28.610000610351562,28.540000915527344,28.610000610351562,530,0.0,0.0,0.0
2023-06-01 11:30:00-04:00,28.719999313354492,28.719999313354492,28.719999313354492,28.719999313354492,647,0.0,0.0,0.0
2023-06-01 13:30:00-04:00,28.709999084472656,28.735300064086914,28.709999084472656,28.735300064086914,0,0.0,0.0,0.0
2023-06-02 09:30:00-04:00,29.15999984741211,29.15999984741211,29.091999053955078,29.100000381469727,0,0.0,0.0,0.0
2023-06-02 13:30:00-04:00,29.18910026550293,29.18910026550293,29.114999771118164,29.114999771118164,1304,0.0,0.0,0.0
2023-06-05 09:30:00-04:00,28.549999237060547,28.549999237060547,28.549999237060547,28.549999237060547,0,0.0,0.0,0.0
2023-06-05 14:30:00-04:00,28.600000381469727,28.608999252319336,28.600000381469727,28.600000381469727,872,0.0,0.0,0.0
2023-06-06 09:30:00-04:00,28.059999465942383,28.059999465942383,28.020000457763672,28.020000457763672,0,0.0,0.0,0.0
2023-06-06 10:30:00-04:00,28.149999618530273,28.149999618530273,28.149999618530273,28.149999618530273,135,0.0,0.0,0.0
2023-06-06 11:30:00-04:00,28.230100631713867,28.230100631713867,28.230100631713867,28.230100631713867,0,0.0,0.0,0.0
2023-06-07 09:30:00-04:00,27.729999542236328,27.729999542236328,27.6200008392334,27.670000076293945,3102,0.0,0.0,0.0
2023-06-07 10:30:00-04:00,27.66990089416504,27.66990089416504,27.610000610351562,27.610000610351562,1280,0.0,0.0,0.0
2023-06-07 13:30:00-04:00,27.530000686645508,27.530000686645508,27.5,27.5,852,0.0,0.0,0.0
2023-06-07 15:30:00-04:00,27.54990005493164,27.54990005493164,27.54490089416504,27.54490089416504,0,0.0,0.0,0.0
2023-06-08 10:30:00-04:00,27.579999923706055,27.629899978637695,27.579999923706055,27.629899978637695,700,0.0,0.0,0.0
2023-06-08 11:30:00-04:00,27.610000610351562,27.610000610351562,27.59000015258789,27.59000015258789,874,0.0,0.0,0.0
2023-06-08 12:30:00-04:00,27.6200008392334,27.635000228881836,27.559999465942383,27.635000228881836,0,0.0,0.0,0.0
2023-06-09 09:30:00-04:00,27.670000076293945,27.719999313354492,27.670000076293945,27.708499908447266,1072,0.0,0.0,0.0
2023-06-09 10:30:00-04:00,27.639999389648438,27.639999389648438,27.631799697875977,27.639999389648438,407,0.0,0.0,0.0
2023-06-09 12:30:00-04:00,27.6299991607666,27.6299991607666,27.62619972229004,27.62619972229004,348,0.0,0.0,0.0
2023-06-13 09:30:00-04:00,28.079999923706055,28.079999923706055,28.079999923706055,28.079999923706055,0,0.0,0.0,0.0
2023-06-13 13:30:00-04:00,28.038000106811523,28.038000106811523,27.96660041809082,27.96660041809082,0,0.0,0.0,0.0
2023-06-14 09:30:00-04:00,27.969999313354492,28.0,27.959999084472656,28.0,1827,0.0,0.0,0.0
2023-06-14 10:30:00-04:00,28.097900390625,28.110000610351562,28.049999237060547,28.110000610351562,3763,0.0,0.0,0.0
2023-06-14 11:30:00-04:00,28.100000381469727,28.100000381469727,28.100000381469727,28.100000381469727,240,0.0,0.0,0.0
2023-06-14 13:30:00-04:00,28.025100708007812,28.025100708007812,28.025100708007812,28.025100708007812,0,0.0,0.0,0.0
2023-06-15 09:30:00-04:00,29.0,29.100000381469727,29.0,29.100000381469727,387,0.0,0.0,0.0
2023-06-15 10:30:00-04:00,29.049999237060547,29.049999237060547,29.020000457763672,29.020000457763672,762,0.0,0.0,0.0
2023-06-15 11:30:00-04:00,29.09000015258789,29.100000381469727,29.09000015258789,29.100000381469727,201,0.0,0.0,0.0
2023-06-15 12:30:00-04:00,29.09000015258789,29.170000076293945,29.06999969482422,29.170000076293945,1841,0.0,0.0,0.0
2023-06-15 15:30:00-04:00,29.15999984741211,29.200000762939453,29.15999984741211,29.193500518798828,520,0.0,0.0,0.0
2023-06-16 09:30:00-04:00,29.520000457763672,29.520000457763672,29.390100479125977,29.390100479125977,1030,0.0,0.0,0.0
2023-06-16 12:30:00-04:00,29.39150047302246,29.43000030517578,29.3799991607666,29.3799991607666,1820,0.0,0.0,0.0
2023-06-16 15:30:00-04:00,29.350099563598633,29.35770034790039,29.350099563598633,29.35770034790039,230,0.0,0.0,0.0
2023-06-20 09:30:00-04:00,29.040000915527344,29.110000610351562,29.040000915527344,29.110000610351562,0,0.0,0.0,0.0
2023-06-20 10:30:00-04:00,29.06999969482422,29.079999923706055,29.06999969482422,29.079999923706055,480,0.0,0.0,0.0
2023-06-20 14:30:00-04:00,29.110000610351562,29.110000610351562,29.079999923706055,29.109800338745117,545,0.0,0.0,0.0
2023-06-20 15:30:00-04:00,29.1200008392334,29.1200008392334,29.109800338745117,29.109800338745117,0,0.0,0.0,0.0
2023-06-21 09:30:00-04:00,28.399999618530273,28.42460060119629,28.399999618530273,28.42460060119629,11,0.0,0.0,0.0
2023-06-22 09:30:00-04:00,28.209999084472656,28.209999084472656,28.209999084472656,28.209999084472656,248,0.0,0.0,0.0
2023-06-22 10:30:00-04:00,28.299999237060547,28.299999237060547,28.299999237060547,28.299999237060547,206,0.0,0.0,0.0
2023-06-22 11:30:00-04:00,28.34000015258789,28.34000015258789,28.34000015258789,28.34000015258789,225,0.0,0.0,0.0
2023-06-22 13:30:00-04:00,28.360000610351562,28.360000610351562,28.360000610351562,28.360000610351562,171,0.0,0.0,0.0
2023-06-22 15:30:00-04:00,28.34480094909668,28.34480094909668,28.34480094909668,28.34480094909668,0,0.0,0.0,0.0
2023-06-23 11:30:00-04:00,28.020000457763672,28.020000457763672,28.020000457763672,28.020000457763672,198,0.0,0.0,0.0
2023-06-23 12:30:00-04:00,28.020000457763672,28.020000457763672,28.020000457763672,28.020000457763672,116,0.0,0.0,0.0
2023-06-23 15:30:00-04:00,28.09749984741211,28.09749984741211,28.045799255371094,28.045799255371094,100,0.0,0.0,0.0
2023-06-26 09:30:00-04:00,27.950000762939453,27.950000762939453,27.950000762939453,27.950000762939453,0,0.0,0.0,0.0
2023-06-26 10:30:00-04:00,27.899999618530273,27.899999618530273,27.899999618530273,27.899999618530273,324,0.0,0.0,0.0
2023-06-26 12:30:00-04:00,27.889999389648438,27.889999389648438,27.889999389648438,27.889999389648438,495,0.0,0.0,0.0
2023-06-26 13:30:00-04:00,27.889999389648438,27.889999389648438,27.889999389648438,27.889999389648438,102,0.0,0.0,0.0
2023-06-26 14:30:00-04:00,27.889999389648438,27.889999389648438,27.84000015258789,27.88089942932129,0,0.0,0.0,0.0
2023-06-27 09:30:00-04:00,28.030000686645508,28.062000274658203,28.030000686645508,28.062000274658203,846,0.0,0.0,0.0
2023-06-27 12:30:00-04:00,28.09000015258789,28.09000015258789,28.09000015258789,28.09000015258789,916,0.0,0.0,0.0
2023-06-27 14:30:00-04:00,28.083999633789062,28.083999633789062,28.059999465942383,28.083999633789062,102,0.0,0.0,0.0
2023-06-28 09:30:00-04:00,27.850799560546875,27.850799560546875,27.700000762939453,27.850799560546875,0,0.0,0.0,0.0
2023-06-29 09:30:00-04:00,27.76799964904785,27.76799964904785,27.76799964904785,27.76799964904785,874,0.0,0.0,0.0
2023-06-29 11:30:00-04:00,27.809999465942383,27.809999465942383,27.758899688720703,27.809900283813477,1104,0.0,0.0,0.0
2023-06-30 10:30:00-04:00,28.31999969482422,28.31999969482422,28.28730010986328,28.28730010986328,0,0.0,0.0,0.0
2023-07-03 09:30:00-04:00,28.3799991607666,28.389999389648438,28.35260009765625,28.389999389648438,1249,0.0,0.0,0.0
2023-07-05 09:30:00-04:00,28.188100814819336,28.209999084472656,28.188100814819336,28.209999084472656,0,0.0,0.0,0.0
2023-07-05 14:30:00-04:00,28.190000534057617,28.190000534057617,28.190000534057617,28.190000534057617,499,0.0,0.0,0.0
2023-07-05 15:30:00-04:00,28.19499969482422,28.209999084472656,28.19499969482422,28.19849967956543,0,0.0,0.0,0.0
2023-07-06 09:30:00-04:00,27.8700008392334,27.878000259399414,27.8700008392334,27.878000259399414,905,0.0,0.0,0.0
2023-07-06 11:30:00-04:00,27.854999542236328,27.854999542236328,27.815000534057617,27.854999542236328,241,0.0,0.0,0.0
2023-07-07 09:30:00-04:00,27.809999465942383,27.809999465942383,27.809999465942383,27.809999465942383,236,0.0,0.0,0.0
2023-07-07 12:30:00-04:00,27.889999389648438,27.889999389648438,27.889999389648438,27.889999389648438,502,0.0,0.0,0.0
2023-07-07 14:30:00-04:00,27.93000030517578,27.93000030517578,27.8612003326416,27.8612003326416,100,0.0,0.0,0.0
2023-07-10 09:30:00-04:00,28.2549991607666,28.2549991607666,28.15999984741211,28.2549991607666,0,0.0,0.0,0.0
2023-07-11 13:30:00-04:00,28.50200080871582,28.50200080871582,28.399999618530273,28.50200080871582,0,0.0,0.0,0.0
2023-07-12 11:30:00-04:00,28.530000686645508,28.548999786376953,28.530000686645508,28.530000686645508,538,0.0,0.0,0.0
2023-07-13 09:30:00-04:00,28.93000030517578,28.93000030517578,28.920000076293945,28.920000076293945,502,0.0,0.0,0.0
2023-07-13 11:30:00-04:00,29.03499984741211,29.082300186157227,29.0,29.082300186157227,0,0.0,0.0,0.0
2023-07-14 09:30:00-04:00,28.757999420166016,28.757999420166016,28.68000030517578,28.68000030517578,5086,0.0,0.0,0.0
2023-07-14 12:30:00-04:00,28.709999084472656,28.709999084472656,28.709999084472656,28.709999084472656,250,0.0,0.0,0.0
2023-07-14 13:30:00-04:00,28.68000030517578,28.68000030517578,28.68000030517578,28.68000030517578,0,0.0,0.0,0.0
2023-07-17 09:30:00-04:00,28.3700008392334,28.459999084472656,28.329999923706055,28.440000534057617,0,0.0,0.0,0.0
2023-07-17 10:30:00-04:00,28.420000076293945,28.420000076293945,28.420000076293945,28.420000076293945,300,0.0,0.0,0.0
2023-07-17 11:30:00-04:00,28.420000076293945,28.420000076293945,28.420000076293945,28.420000076293945,259,0.0,0.0,0.0
2023-07-17 15:30:00-04:00,28.5,28.5,28.46419906616211,28.46419906616211,0,0.0,0.0,0.0
2023-07-18 09:30:00-04:00,28.25,28.25,28.25,28.25,378,0.0,0.0,0.0
2023-07-18 12:30:00-04:00,28.260000228881836,28.260000228881836,28.219999313354492,28.219999313354492,1506,0.0,0.0,0.0
2023-07-18 13:30:00-04:00,28.190000534057617,28.208499908447266,28.190000534057617,28.208499908447266,714,0.0,0.0,0.0
2023-07-18 14:30:00-04:00,28.219999313354492,28.219999313354492,28.219999313354492,28.219999313354492,231,0.0,0.0,0.0
2023-07-18 15:30:00-04:00,28.242399215698242,28.24519920349121,28.242399215698242,28.24519920349121,0,0.0,0.0,0.0
2023-07-19 09:30:00-04:00,27.889999389648438,27.889999389648438,27.8700008392334,27.8700008392334,1173,0.0,0.0,0.0
2023-07-19 13:30:00-04:00,27.86989974975586,27.86989974975586,27.844999313354492,27.844999313354492,0,0.0,0.0,0.0
2023-07-20 09:30:00-04:00,27.809999465942383,27.809999465942383,27.780000686645508,27.780000686645508,2869,0.0,0.0,0.0
2023-07-20 10:30:00-04:00,27.78499984741211,27.78499984741211,27.749900817871094,27.749900817871094,844,0.0,0.0,0.0
2023-07-21 09:30:00-04:00,27.84000015258789,27.8700008392334,27.773799896240234,27.773799896240234,0,0.0,0.0,0.0
2023-07-24 09:30:00-04:00,27.649999618530273,27.749799728393555,27.649999618530273,27.749799728393555,243,0.0,0.0,0.0
2023-07-24 10:30:00-04:00,27.770000457763672,28.040000915527344,27.770000457763672,28.039899826049805,1693,0.0,0.0,0.0
2023-07-24 11:30:00-04:00,27.989999771118164,27.989999771118164,27.989999771118164,27.989999771118164,400,0.0,0.0,0.0
2023-07-24 15:30:00-04:00,27.930099487304688,27.930099487304688,27.92770004272461,27.92770004272461,0,0.0,0.0,0.0
2023-07-25 09:30:00-04:00,28.520000457763672,28.520000457763672,28.450000762939453,28.450000762939453,2295,0.0,0.0,0.0
2023-07-25 10:30:00-04:00,28.459999084472656,28.459999084472656,28.43000030517578,28.450000762939453,2194,0.0,0.0,0.0
2023-07-25 11:30:00-04:00,28.43000030517578,28.43000030517578,28.43000030517578,28.43000030517578,115,0.0,0.0,0.0
2023-07-25 13:30:00-04:00,28.420000076293945,28.420000076293945,28.420000076293945,28.420000076293945,376,0.0,0.0,0.0
2023-07-25 15:30:00-04:00,28.427799224853516,28.427799224853516,28.427799224853516,28.427799224853516,0,0.0,0.0,0.0
2023-07-26 11:30:00-04:00,28.479999542236328,28.479999542236328,28.479999542236328,28.479999542236328,262,0.0,0.0,0.0
2023-07-26 15:30:00-04:00,28.450000762939453,28.450000762939453,28.43000030517578,28.447099685668945,0,0.0,0.0,0.0
2023-07-27 09:30:00-04:00,28.1200008392334,28.1200008392334,28.040000915527344,28.040000915527344,1432,0.0,0.0,0.0
2023-07-27 10:30:00-04:00,28.09000015258789,28.100000381469727,28.079999923706055,28.09000015258789,1499,0.0,0.0,0.0
2023-07-27 11:30:00-04:00,28.1299991607666,28.1299991607666,28.1299991607666,28.1299991607666,622,0.0,0.0,0.0
2023-07-27 14:30:00-04:00,28.06999969482422,28.06999969482422,28.025800704956055,28.025800704956055,0,0.0,0.0,0.0
2023-07-28 09:30:00-04:00,28.829999923706055,28.829999923706055,28.809999465942383,28.809999465942383,1258,0.0,0.0,0.0
2023-07-28 10:30:00-04:00,28.850000381469727,28.8700008392334,28.850000381469727,28.8700008392334,592,0.0,0.0,0.0
2023-07-28 11:30:00-04:00,28.93000030517578,28.930999755859375,28.93000030517578,28.930999755859375,275,0.0,0.0,0.0
2023-07-28 12:30:00-04:00,28.954999923706055,28.969999313354492,28.954999923706055,28.969999313354492,524,0.0,0.0,0.0
2023-07-28 13:30:00-04:00,28.924999237060547,28.924999237060547,28.913999557495117,28.913999557495117,215,0.0,0.0,0.0
2023-07-31 09:30:00-04:00,28.959999084472656,28.959999084472656,28.950000762939453,28.950000762939453,1706,0.0,0.0,0.0
2023-07-31 11:30:00-04:00,28.959999084472656,28.969999313354492,28.959999084472656,28.959999084472656,750,0.0,0.0,0.0
2023-07-31 12:30:00-04:00,28.950000762939453,28.950000762939453,28.950000762939453,28.950000762939453,329,0.0,0.0,0.0
2023-07-31 14:30:00-04:00,29.029499053955078,29.029499053955078,29.010499954223633,29.010499954223633,0,0.0,0.0,0.0
2023-08-01 09:30:00-04:00,28.6299991607666,28.6299991607666,28.6299991607666,28.6299991607666,728,0.0,0.0,0.0
2023-08-01 10:30:00-04:00,28.579999923706055,28.579999923706055,28.524999618530273,28.524999618530273,824,0.0,0.0,0.0
2023-08-01 12:30:00-04:00,28.559999465942383,28.559999465942383,28.544700622558594,28.544700622558594,0,0.0,0.0,0.0
2023-08-02 09:30:00-04:00,28.5,28.5,28.5,28.5,991,0.0,0.0,0.0
2023-08-02 13:30:00-04:00,28.403499603271484,28.403499603271484,28.403499603271484,28.403499603271484,1414,0.0,0.0,0.0
2023-08-03 09:30:00-04:00,28.8700008392334,28.969999313354492,28.8700008392334,28.969999313354492,3418,0.0,0.0,0.0
2023-08-03 10:30:00-04:00,29.040000915527344,29.040000915527344,29.040000915527344,29.040000915527344,351,0.0,0.0,0.0
2023-08-03 12:30:00-04:00,28.996700286865234,28.996700286865234,28.996700286865234,28.996700286865234,0,0.0,0.0,0.0
2023-08-04 14:30:00-04:00,29.1299991607666,29.13640022277832,29.1299991607666,29.13640022277832,309,0.0,0.0,0.0
2023-08-07 11:30:00-04:00,28.739900588989258,28.739900588989258,28.739900588989258,28.739900588989258,0,0.0,0.0,0.0
2023-08-07 12:30:00-04:00,28.71500015258789,28.71500015258789,28.71500015258789,28.71500015258789,679,0.0,0.0,0.0
2023-08-07 13:30:00-04:00,28.704999923706055,28.733800888061523,28.704999923706055,28.733800888061523,0,0.0,0.0,0.0
2023-08-08 09:30:00-04:00,28.3799991607666,28.46929931640625,28.3075008392334,28.46929931640625,589,0.0,0.0,0.0
2023-08-09 09:30:00-04:00,28.559999465942383,28.559999465942383,28.559999465942383,28.559999465942383,1205,0.0,0.0,0.0
2023-08-09 13:30:00-04:00,28.489999771118164,28.530000686645508,28.480100631713867,28.50979995727539,0,0.0,0.0,0.0
2023-08-10 11:30:00-04:00,28.649999618530273,28.649999618530273,28.6200008392334,28.6200008392334,695,0.0,0.0,0.0
2023-08-10 15:30:00-04:00,28.638099670410156,28.638099670410156,28.638099670410156,28.638099670410156,0,0.0,0.0,0.0
2023-08-11 09:30:00-04:00,27.844999313354492,27.844999313354492,27.75,27.780000686645508,2438,0.0,0.0,0.0
2023-08-11 10:30:00-04:00,27.799999237060547,27.799999237060547,27.799999237060547,27.799999237060547,480,0.0,0.0,0.0
2023-08-14 09:30:00-04:00,27.290000915527344,27.290000915527344,27.290000915527344,27.290000915527344,0,0.0,0.0,0.0
2023-08-14 10:30:00-04:00,27.380699157714844,27.380699157714844,27.380699157714844,27.380699157714844,239,0.0,0.0,0.0
2023-08-14 11:30:00-04:00,27.5,27.5,27.5,27.5,149,0.0,0.0,0.0
2023-08-15 09:30:00-04:00,27.075000762939453,27.075000762939453,27.05820083618164,27.05820083618164,668,0.0,0.0,0.0
2023-08-15 10:30:00-04:00,27.030000686645508,27.110000610351562,27.030000686645508,27.049999237060547,1561,0.0,0.0,0.0
2023-08-15 12:30:00-04:00,27.0,27.0,27.0,27.0,316,0.0,0.0,0.0
2023-08-15 14:30:00-04:00,27.032400131225586,27.032400131225586,27.032400131225586,27.032400131225586,0,0.0,0.0,0.0
2023-08-16 09:30:00-04:00,26.959999084472656,26.959999084472656,26.825000762939453,26.825000762939453,972,0.0,0.0,0.0
2023-08-16 12:30:00-04:00,26.750099182128906,26.750200271606445,26.750099182128906,26.750200271606445,0,0.0,0.0,0.0
2023-08-17 09:30:00-04:00,27.329999923706055,27.329999923706055,27.170000076293945,27.170000076293945,509,0.0,0.0,0.0
2023-08-17 10:30:00-04:00,27.059999465942383,27.104999542236328,27.059999465942383,27.104999542236328,600,0.0,0.0,0.0
2023-08-17 14:30:00-04:00,27.08799934387207,27.08799934387207,27.08799934387207,27.08799934387207,640,0.0,0.0,0.0
2023-08-17 15:30:00-04:00,27.09000015258789,27.093000411987305,27.09000015258789,27.093000411987305,0,0.0,0.0,0.0
2023-08-18 09:30:00-04:00,26.6299991607666,26.670000076293945,26.6299991607666,26.65999984741211,1475,0.0,0.0,0.0
2023-08-18 10:30:00-04:00,26.6299991607666,26.770000457763672,26.6200008392334,26.769899368286133,1622,0.0,0.0,0.0
2023-08-18 13:30:00-04:00,26.765100479125977,26.765100479125977,26.714599609375,26.714599609375,382,0.0,0.0,0.0
2023-08-21 09:30:00-04:00,26.524999618530273,26.524999618530273,26.524999618530273,26.524999618530273,0,0.0,0.0,0.0
2023-08-21 10:30:00-04:00,26.479900360107422,26.479900360107422,26.479900360107422,26.479900360107422,454,0.0,0.0,0.0
2023-08-21 13:30:00-04:00,26.539899826049805,26.539899826049805,26.527999877929688,26.527999877929688,0,0.0,0.0,0.0
2023-08-22 09:30:00-04:00,26.200000762939453,26.31999969482422,26.200000762939453,26.31999969482422,1282,0.0,0.0,0.0
2023-08-22 10:30:00-04:00,26.31999969482422,26.31999969482422,26.270000457763672,26.270000457763672,378,0.0,0.0,0.0
2023-08-22 11:30:00-04:00,26.329999923706055,26.329999923706055,26.329999923706055,26.329999923706055,369,0.0,0.0,0.0
2023-08-22 14:30:00-04:00,26.315000534057617,26.315000534057617,26.315000534057617,26.315000534057617,0,0.0,0.0,0.0
2023-08-23 11:30:00-04:00,25.959999084472656,25.959999084472656,25.920000076293945,25.920000076293945,326,0.0,0.0,0.0
2023-08-23 12:30:00-04:00,25.9375,25.950000762939453,25.9375,25.947999954223633,0,0.0,0.0,0.0
2023-08-24 09:30:00-04:00,26.360000610351562,26.360000610351562,26.139999389648438,26.149999618530273,0,0.0,0.0,0.0
2023-08-24 10:30:00-04:00,26.15999984741211,26.15999984741211,26.139999389648438,26.139999389648438,4974,0.0,0.0,0.0
2023-08-24 13:30:00-04:00,26.164400100708008,26.164400100708008,26.164400100708008,26.164400100708008,0,0.0,0.0,0.0
2023-08-25 09:30:00-04:00,25.917999267578125,25.917999267578125,25.917999267578125,25.917999267578125,290,0.0,0.0,0.0
2023-08-25 15:30:00-04:00,25.93000030517578,25.93000030517578,25.890399932861328,25.890399932861328,101,0.0,0.0,0.0
2023-08-28 09:30:00-04:00,26.139999389648438,26.149999618530273,26.139999389648438,26.149999618530273,76,0.0,0.0,0.0
2023-08-28 10:30:00-04:00,26.229900360107422,26.229900360107422,26.229900360107422,26.229900360107422,637,0.0,0.0,0.0
2023-08-28 11:30:00-04:00,26.204999923706055,26.204999923706055,26.204999923706055,26.204999923706055,199,0.0,0.0,0.0
2023-08-28 12:30:00-04:00,26.190000534057617,26.190000534057617,26.190000534057617,26.190000534057617,385,0.0,0.0,0.0
2023-08-28 13:30:00-04:00,26.208999633789062,26.209999084472656,26.19499969482422,26.19499969482422,0,0.0,0.0,0.0
2023-08-29 09:30:00-04:00,26.639999389648438,26.969999313354492,26.639999389648438,26.969999313354492,971,0.0,0.0,0.0
2023-08-29 10:30:00-04:00,26.979999542236328,26.979999542236328,26.979999542236328,26.979999542236328,221,0.0,0.0,0.0
2023-08-29 12:30:00-04:00,26.979999542236328,27.019899368286133,26.979999542236328,27.010000228881836,600,0.0,0.0,0.0
2023-08-29 13:30:00-04:00,27.0,27.0,27.0,27.0,0,0.0,0.0,0.0
2023-08-29 14:30:00-04:00,27.010000228881836,27.010000228881836,27.009899139404297,27.009899139404297,2200,0.0,0.0,0.0
2023-08-29 15:30:00-04:00,26.991300582885742,26.991300582885742,26.991300582885742,26.991300582885742,0,0.0,0.0,0.0
2023-08-30 10:30:00-04:00,26.850000381469727,26.889999389648438,26.850000381469727,26.889999389648438,672,0.0,0.0,0.0
2023-08-30 12:30:00-04:00,26.90999984741211,26.90999984741211,26.90999984741211,26.90999984741211,100,0.0,0.0,0.0
2023-08-30 14:30:00-04:00,26.8700008392334,26.8700008392334,26.8700008392334,26.8700008392334,114,0.0,0.0,0.0
2023-08-30 15:30:00-04:00,26.909900665283203,26.909900665283203,26.87380027770996,26.87380027770996,0,0.0,0.0,0.0
2023-08-31 09:30:00-04:00,26.899999618530273,26.899999618530273,26.81999969482422,26.850000381469727,2432,0.0,0.0,0.0
2023-08-31 14:30:00-04:00,26.75,26.79800033569336,26.75,26.79800033569336,0,0.0,0.0,0.0
2023-09-01 09:30:00-04:00,26.959999084472656,26.979999542236328,26.8799991607666,26.979999542236328,1174,0.0,0.0,0.0
2023-09-01 10:30:00-04:00,26.940000534057617,26.940000534057617,26.889999389648438,26.889999389648438,895,0.0,0.0,0.0
2023-09-01 12:30:00-04:00,26.90999984741211,26.920000076293945,26.90999984741211,26.920000076293945,567,0.0,0.0,0.0
2023-09-01 15:30:00-04:00,26.939899444580078,26.939899444580078,26.894800186157227,26.894800186157227,556,0.0,0.0,0.0
2023-09-05 09:30:00-04:00,26.90999984741211,26.90999984741211,26.739999771118164,26.760000228881836,5353,0.0,0.0,0.0
2023-09-05 13:30:00-04:00,26.680099487304688,26.780000686645508,26.680099487304688,26.738500595092773,475,0.0,0.0,0.0
2023-09-06 09:30:00-04:00,26.719999313354492,26.719999313354492,26.610000610351562,26.670000076293945,0,0.0,0.0,0.0
2023-09-06 10:30:00-04:00,26.569900512695312,26.58009910583496,26.569900512695312,26.58009910583496,1463,0.0,0.0,0.0
2023-09-06 14:30:00-04:00,26.538000106811523,26.56399917602539,26.538000106811523,26.545000076293945,0,0.0,0.0,0.0
2023-09-07 09:30:00-04:00,25.799999237060547,25.799999237060547,25.780000686645508,25.780000686645508,1121,0.0,0.0,0.0
2023-09-07 10:30:00-04:00,25.739999771118164,25.739999771118164,25.739999771118164,25.739999771118164,202,0.0,0.0,0.0
2023-09-07 11:30:00-04:00,25.799999237060547,25.799999237060547,25.799999237060547,25.799999237060547,105,0.0,0.0,0.0
2023-09-07 12:30:00-04:00,25.799999237060547,25.799999237060547,25.799999237060547,25.799999237060547,165,0.0,0.0,0.0
2023-09-07 15:30:00-04:00,25.729999542236328,25.742900848388672,25.729999542236328,25.742900848388672,501,0.0,0.0,0.0
2023-09-08 09:30:00-04:00,25.559999465942383,25.559999465942383,25.559999465942383,25.559999465942383,0,0.0,0.0,0.0
2023-09-08 11:30:00-04:00,25.700000762939453,25.700000762939453,25.700000762939453,25.700000762939453,240,0.0,0.0,0.0
2023-09-08 12:30:00-04:00,25.65999984741211,25.65999984741211,25.63010025024414,25.63010025024414,552,0.0,0.0,0.0
2023-09-08 13:30:00-04:00,25.70870018005371,25.70870018005371,25.670000076293945,25.670000076293945,324,0.0,0.0,0.0
2023-09-11 09:30:00-04:00,26.06999969482422,26.149999618530273,26.06999969482422,26.149999618530273,0,0.0,0.0,0.0
2023-09-11 13:30:00-04:00,26.125,26.125200271606445,26.125,26.125200271606445,0,0.0,0.0,0.0
2023-09-12 12:30:00-04:00,26.014999389648438,26.020000457763672,26.014999389648438,26.020000457763672,246,0.0,0.0,0.0
2023-09-12 14:30:00-04:00,25.989999771118164,25.994800567626953,25.969999313354492,25.994800567626953,0,0.0,0.0,0.0
2023-09-13 11:30:00-04:00,25.75200080871582,25.776899337768555,25.75200080871582,25.776899337768555,368,0.0,0.0,0.0
2023-09-14 09:30:00-04:00,25.670000076293945,25.670000076293945,25.56999969482422,25.56999969482422,1208,0.0,0.0,0.0
2023-09-14 10:30:00-04:00,25.559999465942383,25.559999465942383,25.559999465942383,25.559999465942383,613,0.0,0.0,0.0
2023-09-14 11:30:00-04:00,25.610000610351562,25.610000610351562,25.579999923706055,25.579999923706055,737,0.0,0.0,0.0
2023-09-14 13:30:00-04:00,25.575000762939453,25.579999923706055,25.575000762939453,25.579999923706055,308,0.0,0.0,0.0
2023-09-14 14:30:00-04:00,25.56999969482422,25.56999969482422,25.56999969482422,25.56999969482422,188,0.0,0.0,0.0
2023-09-14 15:30:00-04:00,25.579999923706055,25.579999923706055,25.569900512695312,25.569900512695312,0,0.0,0.0,0.0
2023-09-15 09:30:00-04:00,25.510000228881836,25.520000457763672,25.440000534057617,25.520000457763672,542,0.0,0.0,0.0
2023-09-15 12:30:00-04:00,25.3799991607666,25.3799991607666,25.3799991607666,25.3799991607666,339,0.0,0.0,0.0
2023-09-18 11:30:00-04:00,25.5447998046875,25.5447998046875,25.5447998046875,25.5447998046875,0,0.0,0.0,0.0
2023-09-18 15:30:00-04:00,25.559999465942383,25.565000534057617,25.54159927368164,25.565000534057617,0,0.0,0.0,0.0
2023-09-19 10:30:00-04:00,25.312000274658203,25.312000274658203,25.312000274658203,25.312000274658203,101,0.0,0.0,0.0
2023-09-19 12:30:00-04:00,25.290000915527344,25.290000915527344,25.290000915527344,25.290000915527344,228,0.0,0.0,0.0
2023-09-19 15:30:00-04:00,25.290000915527344,25.290000915527344,25.290000915527344,25.290000915527344,0,0.0,0.0,0.0
2023-09-20 10:30:00-04:00,25.259899139404297,25.259899139404297,25.141000747680664,25.141000747680664,0,0.0,0.0,0.0
2023-09-21 10:30:00-04:00,24.829999923706055,24.829999923706055,24.829999923706055,24.829999923706055,238,0.0,0.0,0.0
2023-09-21 11:30:00-04:00,24.825000762939453,24.850000381469727,24.8174991607666,24.8174991607666,0,0.0,0.0,0.0
2023-09-22 09:30:00-04:00,25.549999237060547,25.549999237060547,25.549999237060547,25.549999237060547,102,0.0,0.0,0.0
2023-09-22 10:30:00-04:00,25.510000228881836,25.510099411010742,25.510000228881836,25.510099411010742,381,0.0,0.0,0.0
2023-09-22 11:30:00-04:00,25.558000564575195,25.558000564575195,25.558000564575195,25.558000564575195,102,0.0,0.0,0.0
2023-09-22 13:30:00-04:00,25.530000686645508,25.530000686645508,25.530000686645508,25.530000686645508,0,0.0,0.0,0.0
2023-09-22 15:30:00-04:00,25.520000457763672,25.520000457763672,25.520000457763672,25.520000457763672,1067,0.0,0.0,0.0
2023-09-25 09:30:00-04:00,25.350000381469727,25.350000381469727,25.350000381469727,25.350000381469727,368,0.0,0.0,0.0
2023-09-25 10:30:00-04:00,25.329999923706055,25.329999923706055,25.329999923706055,25.329999923706055,135,0.0,0.0,0.0
2023-09-25 12:30:00-04:00,25.329999923706055,25.329999923706055,25.3169002532959,25.3169002532959,0,0.0,0.0,0.0
2023-09-26 10:30:00-04:00,25.16990089416504,25.16990089416504,25.16990089416504,25.16990089416504,123,0.0,0.0,0.0
2023-09-26 15:30:00-04:00,25.090099334716797,25.1299991607666,25.090099334716797,25.128400802612305,0,0.0,0.0,0.0
2023-09-27 09:30:00-04:00,25.34000015258789,25.389999389648438,25.34000015258789,25.3799991607666,4090,0.0,0.0,0.0
2023-09-27 10:30:00-04:00,25.360000610351562,25.360000610351562,25.345800399780273,25.345800399780273,0,0.0,0.0,0.0
2023-09-28 12:30:00-04:00,25.385000228881836,25.385000228881836,25.385000228881836,25.385000228881836,0,0.0,0.0,0.0
2023-09-29 15:30:00-04:00,25.479999542236328,25.479999542236328,25.479999542236328,25.479999542236328,190,0.0,0.0,0.0
2023-10-02 10:30:00-04:00,25.389999389648438,25.389999389648438,25.36280059814453,25.36280059814453,0,0.0,0.0,0.0
2023-10-03 09:30:00-04:00,25.128000259399414,25.128000259399414,25.105199813842773,25.105199813842773,396,0.0,0.0,0.0
2023-10-04 09:30:00-04:00,25.1200008392334,25.1200008392334,24.979999542236328,25.014999389648438,615,0.0,0.0,0.0
2023-10-04 13:30:00-04:00,24.969999313354492,24.969999313354492,24.93429946899414,24.93429946899414,0,0.0,0.0,0.0
2023-10-05 10:30:00-04:00,24.979900360107422,24.979900360107422,24.979900360107422,24.979900360107422,482,0.0,0.0,0.0
2023-10-05 12:30:00-04:00,25.063800811767578,25.063800811767578,25.063800811767578,25.063800811767578,0,0.0,0.0,0.0
2023-10-06 09:30:00-04:00,25.110000610351562,25.110000610351562,25.110000610351562,25.110000610351562,9646,0.0,0.0,0.0
2023-10-06 11:30:00-04:00,25.299999237060547,25.309999465942383,25.250099182128906,25.309999465942383,501,0.0,0.0,0.0
2023-10-06 12:30:00-04:00,25.250099182128906,25.250099182128906,25.250099182128906,25.250099182128906,510,0.0,0.0,0.0
2023-10-06 14:30:00-04:00,25.329999923706055,25.329999923706055,25.31049919128418,25.31049919128418,915,0.0,0.0,0.0
2023-10-09 09:30:00-04:00,25.270000457763672,25.280000686645508,25.260000228881836,25.280000686645508,0,0.0,0.0,0.0
2023-10-09 15:30:00-04:00,25.280000686645508,25.334199905395508,25.280000686645508,25.334199905395508,0,0.0,0.0,0.0
2023-10-10 09:30:00-04:00,25.309999465942383,25.360000610351562,25.290000915527344,25.360000610351562,7596,0.0,0.0,0.0
2023-10-10 12:30:00-04:00,25.440000534057617,25.450000762939453,25.440000534057617,25.44809913635254,1524,0.0,0.0,0.0
2023-10-11 09:30:00-04:00,25.530000686645508,25.649999618530273,25.530000686645508,25.6299991607666,0,0.0,0.0,0.0
2023-10-11 14:30:00-04:00,25.59000015258789,25.59000015258789,25.59000015258789,25.59000015258789,200,0.0,0.0,0.0
2023-10-11 15:30:00-04:00,25.57990074157715,25.58799934387207,25.57990074157715,25.58799934387207,0,0.0,0.0,0.0
2023-10-12 13:30:00-04:00,25.309999465942383,25.36520004272461,25.309999465942383,25.36520004272461,0,0.0,0.0,0.0
2023-10-13 09:30:00-04:00,25.264999389648438,25.264999389648438,25.194599151611328,25.194599151611328,493,0.0,0.0,0.0
2023-10-16 09:30:00-04:00,24.709999084472656,24.709999084472656,24.709999084472656,24.709999084472656,47,0.0,0.0,0.0
2023-10-16 11:30:00-04:00,24.854999542236328,24.854999542236328,24.854999542236328,24.854999542236328,171,0.0,0.0,0.0
2023-10-16 14:30:00-04:00,24.851999282836914,24.851999282836914,24.851999282836914,24.851999282836914,103,0.0,0.0,0.0
2023-10-16 15:30:00-04:00,24.850000381469727,24.874300003051758,24.850000381469727,24.874300003051758,0,0.0,0.0,0.0
2023-10-17 09:30:00-04:00,24.815000534057617,24.815000534057617,24.815000534057617,24.815000534057617,188,0.0,0.0,0.0
2023-10-17 10:30:00-04:00,24.7893009185791,24.7893009185791,24.729999542236328,24.729999542236328,436,0.0,0.0,0.0
2023-10-18 09:30:00-04:00,24.56999969482422,24.56999969482422,24.350000381469727,24.360000610351562,2545,0.0,0.0,0.0
2023-10-18 11:30:00-04:00,24.290000915527344,24.323200225830078,24.290000915527344,24.323200225830078,0,0.0,0.0,0.0
2023-10-19 10:30:00-04:00,24.030000686645508,24.030000686645508,24.030000686645508,24.030000686645508,551,0.0,0.0,0.0
2023-10-19 12:30:00-04:00,24.00200080871582,24.00200080871582,24.00200080871582,24.00200080871582,146,0.0,0.0,0.0
2023-10-19 13:30:00-04:00,24.0,24.06999969482422,23.979999542236328,24.01420021057129,0,0.0,0.0,0.0
2023-10-20 09:30:00-04:00,23.81999969482422,23.8700008392334,23.81999969482422,23.8700008392334,2309,0.0,0.0,0.0
2023-10-20 15:30:00-04:00,23.795000076293945,23.795000076293945,23.795000076293945,23.795000076293945,321,0.0,0.0,0.0
2023-10-23 09:30:00-04:00,23.65999984741211,23.65999984741211,23.50200080871582,23.555999755859375,0,0.0,0.0,0.0
2023-10-23 11:30:00-04:00,23.55500030517578,23.589500427246094,23.540000915527344,23.589500427246094,849,0.0,0.0,0.0
2023-10-23 14:30:00-04:00,23.57550048828125,23.57550048828125,23.572500228881836,23.572500228881836,0,0.0,0.0,0.0
2023-10-24 09:30:00-04:00,23.959999084472656,23.959999084472656,23.850000381469727,23.959999084472656,3651,0.0,0.0,0.0
2023-10-25 09:30:00-04:00,23.458999633789062,23.458999633789062,23.44879913330078,23.44879913330078,302,0.0,0.0,0.0
2023-10-25 10:30:00-04:00,23.5049991607666,23.5049991607666,23.5049991607666,23.5049991607666,300,0.0,0.0,0.0
2023-10-25 11:30:00-04:00,23.479999542236328,23.479999542236328,23.479999542236328,23.479999542236328,156,0.0,0.0,0.0
2023-10-25 14:30:00-04:00,23.489900588989258,23.499900817871094,23.474899291992188,23.474899291992188,0,0.0,0.0,0.0
2023-10-26 09:30:00-04:00,23.610000610351562,23.610000610351562,23.610000610351562,23.610000610351562,582,0.0,0.0,0.0
2023-10-26 15:30:00-04:00,23.700000762939453,23.700000762939453,23.694900512695312,23.694900512695312,0,0.0,0.0,0.0
2023-10-27 09:30:00-04:00,24.15999984741211,24.19409942626953,24.15999984741211,24.19409942626953,389,0.0,0.0,0.0
2023-10-30 09:30:00-04:00,25.0,25.0,25.0,25.0,201,0.0,0.0,0.0
2023-10-30 10:30:00-04:00,24.93000030517578,24.989999771118164,24.93000030517578,24.989999771118164,2856,0.0,0.0,0.0
2023-10-30 13:30:00-04:00,24.950000762939453,25.0,24.950000762939453,24.96500015258789,1703,0.0,0.0,0.0
2023-10-30 14:30:00-04:00,25.0,25.0,24.986299514770508,24.986299514770508,0,0.0,0.0,0.0
2023-10-31 09:30:00-04:00,24.772499084472656,24.79800033569336,24.764999389648438,24.79800033569336,757,0.0,0.0,0.0
2023-10-31 14:30:00-04:00,24.75,24.834999084472656,24.75,24.834999084472656,0,0.0,0.0,0.0
2023-11-01 09:30:00-04:00,24.670000076293945,24.670000076293945,24.670000076293945,24.670000076293945,1005,0.0,0.0,0.0
2023-11-01 12:30:00-04:00,24.719999313354492,24.749900817871094,24.684999465942383,24.749900817871094,0,0.0,0.0,0.0
2023-11-02 09:30:00-04:00,24.700000762939453,24.700000762939453,24.700000762939453,24.700000762939453,110,0.0,0.0,0.0
2023-11-02 12:30:00-04:00,24.56999969482422,24.56999969482422,24.5,24.56999969482422,4230,0.0,0.0,0.0
2023-11-02 15:30:00-04:00,24.559999465942383,24.560300827026367,24.559999465942383,24.560300827026367,0,0.0,0.0,0.0
2023-11-03 10:30:00-04:00,24.950000762939453,24.950000762939453,24.950000762939453,24.950000762939453,208,0.0,0.0,0.0
2023-11-03 11:30:00-04:00,25.00200080871582,25.00200080871582,25.00200080871582,25.00200080871582,103,0.0,0.0,0.0
2023-11-03 12:30:00-04:00,25.02989959716797,25.030000686645508,25.02989959716797,25.030000686645508,754,0.0,0.0,0.0
2023-11-03 15:30:00-04:00,25.010000228881836,25.05109977722168,25.010000228881836,25.05109977722168,450,0.0,0.0,0.0
2023-11-06 09:30:00-05:00,25.799999237060547,25.799999237060547,25.719999313354492,25.719999313354492,2709,0.0,0.0,0.0
2023-11-06 11:30:00-05:00,25.760000228881836,25.760000228881836,25.760000228881836,25.760000228881836,143,0.0,0.0,0.0
2023-11-06 12:30:00-05:00,25.777999877929688,25.780000686645508,25.7637996673584,25.780000686645508,1043,0.0,0.0,0.0
2023-11-06 15:30:00-05:00,25.75909996032715,25.75909996032715,25.718799591064453,25.718799591064453,0,0.0,0.0,0.0
2023-11-07 15:30:00-05:00,25.649999618530273,25.690000534057617,25.649999618530273,25.690000534057617,306,0.0,0.0,0.0
2023-11-08 12:30:00-05:00,25.6200008392334,25.6200008392334,25.6200008392334,25.6200008392334,208,0.0,0.0,0.0
2023-11-08 15:30:00-05:00,25.61989974975586,25.61989974975586,25.611499786376953,25.611499786376953,0,0.0,0.0,0.0
2023-11-09 09:30:00-05:00,25.530000686645508,25.530000686645508,25.530000686645508,25.530000686645508,100,0.0,0.0,0.0
2023-11-09 11:30:00-05:00,25.5,25.5,25.5,25.5,208,0.0,0.0,0.0
2023-11-09 12:30:00-05:00,25.489999771118164,25.489999771118164,25.479999542236328,25.479999542236328,2953,0.0,0.0,0.0
2023-11-09 14:30:00-05:00,25.41990089416504,25.41990089416504,25.41990089416504,25.41990089416504,0,0.0,0.0,0.0
2023-11-10 09:30:00-05:00,25.31999969482422,25.329999923706055,25.31999969482422,25.31999969482422,1110,0.0,0.0,0.0
2023-11-10 10:30:00-05:00,25.290000915527344,25.309999465942383,25.290000915527344,25.309999465942383,1100,0.0,0.0,0.0
2023-11-10 11:30:00-05:00,25.260099411010742,25.350000381469727,25.260099411010742,25.34000015258789,2852,0.0,0.0,0.0
2023-11-10 14:30:00-05:00,25.312000274658203,25.331499099731445,25.312000274658203,25.331499099731445,307,0.0,0.0,0.0
2023-11-13 09:30:00-05:00,25.469999313354492,25.469999313354492,25.459999084472656,25.459999084472656,0,0.0,0.0,0.0
2023-11-13 10:30:00-05:00,25.538999557495117,25.540000915527344,25.530000686645508,25.540000915527344,5525,0.0,0.0,0.0
2023-11-13 11:30:00-05:00,25.59000015258789,25.610000610351562,25.564899444580078,25.575000762939453,0,0.0,0.0,0.0
2023-11-14 12:30:00-05:00,25.770000457763672,25.770000457763672,25.770000457763672,25.770000457763672,864,0.0,0.0,0.0
2023-11-14 13:30:00-05:00,25.760000228881836,25.760000228881836,25.760000228881836,25.760000228881836,100,0.0,0.0,0.0
2023-11-14 14:30:00-05:00,25.829999923706055,25.829999923706055,25.829999923706055,25.829999923706055,147,0.0,0.0,0.0
2023-11-14 15:30:00-05:00,25.809999465942383,25.809999465942383,25.755199432373047,25.79010009765625,0,0.0,0.0,0.0
2023-11-15 09:30:00-05:00,25.670000076293945,25.670000076293945,25.65999984741211,25.670000076293945,370,0.0,0.0,0.0
2023-11-15 10:30:00-05:00,25.690000534057617,25.690000534057617,25.690000534057617,25.690000534057617,100,0.0,0.0,0.0
2023-11-15 15:30:00-05:00,25.719999313354492,25.73710060119629,25.700000762939453,25.73710060119629,0,0.0,0.0,0.0
2023-11-16 09:30:00-05:00,25.030000686645508,25.08799934387207,25.030000686645508,25.06999969482422,1738,0.0,0.0,0.0
2023-11-16 10:30:00-05:00,25.049999237060547,25.049999237060547,25.030000686645508,25.049999237060547,2164,0.0,0.0,0.0
2023-11-16 15:30:00-05:00,25.010000228881836,25.010000228881836,25.010000228881836,25.010000228881836,0,0.0,0.0,0.0
2023-11-17 09:30:00-05:00,25.43000030517578,25.43000030517578,25.43000030517578,25.43000030517578,333,0.0,0.0,0.0
2023-11-17 10:30:00-05:00,25.431800842285156,25.431800842285156,25.431800842285156,25.431800842285156,188,0.0,0.0,0.0
2023-11-17 13:30:00-05:00,25.479900360107422,25.479900360107422,25.479900360107422,25.479900360107422,102,0.0,0.0,0.0
2023-11-17 15:30:00-05:00,25.43000030517578,25.434900283813477,25.389999389648438,25.434900283813477,353,0.0,0.0,0.0
2023-11-20 09:30:00-05:00,25.709999084472656,25.709999084472656,25.709999084472656,25.709999084472656,0,0.0,0.0,0.0
2023-11-20 10:30:00-05:00,25.719999313354492,25.719999313354492,25.719999313354492,25.719999313354492,476,0.0,0.0,0.0
2023-11-20 11:30:00-05:00,25.73189926147461,25.73189926147461,25.73189926147461,25.73189926147461,250,0.0,0.0,0.0
2023-11-20 12:30:00-05:00,25.73200035095215,25.78420066833496,25.729999542236328,25.78420066833496,0,0.0,0.0,0.0
2023-11-21 09:30:00-05:00,25.6200008392334,25.6200008392334,25.545799255371094,25.545799255371094,2302,0.0,0.0,0.0
2023-11-22 09:30:00-05:00,25.329999923706055,25.329999923706055,25.1200008392334,25.1200008392334,4591,0.0,0.0,0.0
2023-11-22 15:30:00-05:00,25.100000381469727,25.100000381469727,25.100000381469727,25.100000381469727,200,0.0,0.0,0.0
2023-11-24 09:30:00-05:00,24.969999313354492,25.059999465942383,24.93000030517578,25.059999465942383,4623,0.0,0.0,0.0
2023-11-24 10:30:00-05:00,24.989999771118164,25.028499603271484,24.989999771118164,25.028499603271484,191,0.0,0.0,0.0
2023-11-27 09:30:00-05:00,24.860000610351562,24.860000610351562,24.860000610351562,24.860000610351562,303,0.0,0.0,0.0
2023-11-27 13:30:00-05:00,24.8351993560791,24.83679962158203,24.8351993560791,24.83679962158203,0,0.0,0.0,0.0
2023-11-28 10:30:00-05:00,25.010000228881836,25.010000228881836,25.010000228881836,25.010000228881836,100,0.0,0.0,0.0
2023-11-28 11:30:00-05:00,25.040000915527344,25.040000915527344,25.040000915527344,25.040000915527344,421,0.0,0.0,0.0
2023-11-28 12:30:00-05:00,25.010000228881836,25.06879997253418,25.010000228881836,25.06879997253418,0,0.0,0.0,0.0
2023-11-29 15:30:00-05:00,24.784000396728516,24.784000396728516,24.784000396728516,24.784000396728516,215,0.0,0.0,0.0
2023-11-30 11:30:00-05:00,24.760000228881836,24.784500122070312,24.75,24.784500122070312,0,0.0,0.0,0.0
2023-12-01 09:30:00-05:00,24.700000762939453,24.700000762939453,24.690000534057617,24.690000534057617,1443,0.0,0.0,0.0
2023-12-01 13:30:00-05:00,24.8799991607666,24.8799991607666,24.8799991607666,24.8799991607666,100,0.0,0.0,0.0
2023-12-01 15:30:00-05:00,24.829999923706055,24.829999923706055,24.829999923706055,24.829999923706055,225,0.0,0.0,0.0
2023-12-04 09:30:00-05:00,24.559999465942383,24.594999313354492,24.559999465942383,24.594999313354492,0,0.0,0.0,0.0
2023-12-04 11:30:00-05:00,24.630199432373047,24.630199432373047,24.630199432373047,24.630199432373047,102,0.0,0.0,0.0
2023-12-04 13:30:00-05:00,24.549999237060547,24.6033992767334,24.549999237060547,24.6033992767334,0,0.0,0.0,0.0
2023-12-05 09:30:00-05:00,24.13559913635254,24.13559913635254,24.13559913635254,24.13559913635254,300,0.0,0.0,0.0
2023-12-05 10:30:00-05:00,24.13949966430664,24.13949966430664,24.090700149536133,24.090700149536133,0,0.0,0.0,0.0
2023-12-06 09:30:00-05:00,24.1299991607666,24.1299991607666,24.1299991607666,24.1299991607666,199,0.0,0.0,0.0
2023-12-06 15:30:00-05:00,24.110000610351562,24.123899459838867,24.110000610351562,24.123899459838867,3552,0.0,0.0,0.0
2023-12-07 13:30:00-05:00,24.165000915527344,24.165000915527344,24.165000915527344,24.165000915527344,195,0.0,0.0,0.0
2023-12-08 13:30:00-05:00,24.18000030517578,24.19499969482422,24.18000030517578,24.19499969482422,701,0.0,0.0,0.0
2023-12-08 14:30:00-05:00,24.149999618530273,24.149999618530273,24.149999618530273,24.149999618530273,300,0.0,0.0,0.0
2023-12-08 15:30:00-05:00,24.15999984741211,24.17340087890625,24.15999984741211,24.17340087890625,3806,0.0,0.0,0.0
2023-12-11 09:30:00-05:00,24.450000762939453,24.6643009185791,24.450000762939453,24.6643009185791,0,0.0,0.0,0.0
2023-12-12 09:30:00-05:00,24.280000686645508,24.280000686645508,24.280000686645508,24.280000686645508,874,0.0,0.0,0.0
2023-12-12 10:30:00-05:00,24.399900436401367,24.399900436401367,24.399900436401367,24.399900436401367,203,0.0,0.0,0.0
2023-12-12 12:30:00-05:00,24.3700008392334,24.3700008392334,24.3700008392334,24.3700008392334,200,0.0,0.0,0.0
2023-12-12 13:30:00-05:00,24.395000457763672,24.395000457763672,24.395000457763672,24.395000457763672,100,0.0,0.0,0.0
2023-12-12 14:30:00-05:00,24.395000457763672,24.41349983215332,24.395000457763672,24.41349983215332,0,0.0,0.0,0.0
2023-12-13 09:30:00-05:00,24.010000228881836,24.110000610351562,24.010000228881836,24.02039909362793,2562,0.0,0.0,0.0
2023-12-13 10:30:00-05:00,24.09000015258789,24.100000381469727,24.054000854492188,24.054000854492188,1410,0.0,0.0,0.0
2023-12-13 13:30:00-05:00,24.18000030517578,24.18000030517578,24.18000030517578,24.18000030517578,100,0.0,0.0,0.0
2023-12-13 14:30:00-05:00,24.219999313354492,24.290000915527344,24.200000762939453,24.290000915527344,502,0.0,0.0,0.0
2023-12-13 15:30:00-05:00,24.327600479125977,24.327600479125977,24.302900314331055,24.302900314331055,237,0.0,0.0,0.0
2023-12-14 09:30:00-05:00,23.940000534057617,24.299999237060547,23.940000534057617,24.299999237060547,0,0.0,0.0,0.0
2023-12-14 15:30:00-05:00,24.266000747680664,24.266000747680664,24.256500244140625,24.256500244140625,0,0.0,0.0,0.0
2023-12-15 09:30:00-05:00,23.940000534057617,23.940000534057617,23.920000076293945,23.920000076293945,1160,0.0,0.0,0.0
2023-12-15 10:30:00-05:00,23.920000076293945,23.920000076293945,23.920000076293945,23.920000076293945,242,0.0,0.0,0.0
2023-12-15 12:30:00-05:00,23.90999984741211,23.90999984741211,23.90999984741211,23.90999984741211,513,0.0,0.0,0.0
2023-12-15 15:30:00-05:00,23.8799991607666,23.90999984741211,23.875200271606445,23.875200271606445,309,0.0,0.0,0.0
2023-12-18 09:30:00-05:00,23.600000381469727,23.600000381469727,23.600000381469727,23.600000381469727,495,0.0,0.0,0.0
2023-12-18 10:30:00-05:00,23.469999313354492,23.469999313354492,23.469999313354492,23.469999313354492,459,0.0,0.0,0.0
2023-12-18 12:30:00-05:00,23.40999984741211,23.434999465942383,23.40999984741211,23.40999984741211,1771,0.0,0.0,0.0
2023-12-18 14:30:00-05:00,23.43000030517578,23.46109962463379,23.420000076293945,23.46109962463379,0,0.0,0.0,0.0
2023-12-19 09:30:00-05:00,23.549999237060547,23.780000686645508,23.549999237060547,23.780000686645508,1827,0.0,0.0,0.0
2023-12-19 10:30:00-05:00,23.790000915527344,23.790000915527344,23.747600555419922,23.747600555419922,207,0.0,0.0,0.0
2023-12-19 13:30:00-05:00,23.720199584960938,23.720199584960938,23.720199584960938,23.720199584960938,215,0.0,0.0,0.0
2023-12-19 15:30:00-05:00,23.729999542236328,23.750200271606445,23.729999542236328,23.750200271606445,100,0.0,0.0,0.0
2023-12-20 09:30:00-05:00,23.1299991607666,23.25,23.1299991607666,23.25,0,0.0,0.0,0.0
2023-12-20 10:30:00-05:00,23.235000610351562,23.235000610351562,23.235000610351562,23.235000610351562,260,0.0,0.0,0.0
2023-12-20 13:30:00-05:00,23.219999313354492,23.219999313354492,23.219499588012695,23.219499588012695,719,0.0,0.0,0.0
2023-12-20 14:30:00-05:00,23.1299991607666,23.13330078125,23.1299991607666,23.13330078125,0,0.0,0.0,0.0
2023-12-21 09:30:00-05:00,23.719999313354492,23.719999313354492,23.700000762939453,23.719999313354492,3685,0.0,0.0,0.0
2023-12-21 14:30:00-05:00,23.65999984741211,23.68000030517578,23.65999984741211,23.68000030517578,293,0.0,0.0,0.0
2023-12-21 15:30:00-05:00,23.700000762939453,23.700000762939453,23.68000030517578,23.695999145507812,0,0.0,0.0,0.0
2023-12-22 09:30:00-05:00,23.420000076293945,23.659900665283203,23.420000076293945,23.59000015258789,2037,0.0,0.0,0.0
2023-12-22 10:30:00-05:00,23.62310028076172,23.62310028076172,23.579999923706055,23.579999923706055,273,0.0,0.0,0.0
2023-12-22 12:30:00-05:00,23.639999389648438,23.639999389648438,23.639999389648438,23.639999389648438,109,0.0,0.0,0.0
2023-12-22 13:30:00-05:00,23.579999923706055,23.59079933166504,23.549999237060547,23.59079933166504,439,0.0,0.0,0.0
2023-12-26 09:30:00-05:00,23.520000457763672,23.520000457763672,23.375,23.41990089416504,888,0.0,0.0,0.0
2023-12-26 11:30:00-05:00,23.350000381469727,23.350000381469727,23.350000381469727,23.350000381469727,508,0.0,0.0,0.0
2023-12-26 15:30:00-05:00,23.389999389648438,23.389999389648438,23.389999389648438,23.389999389648438,0,0.0,0.0,0.0
2023-12-27 09:30:00-05:00,23.469999313354492,23.469999313354492,23.309999465942383,23.309999465942383,31145,0.0,0.0,0.0
2023-12-27 10:30:00-05:00,23.31999969482422,23.31999969482422,23.31999969482422,23.31999969482422,487,0.0,0.0,0.0
2023-12-27 12:30:00-05:00,23.360000610351562,23.3700008392334,23.360000610351562,23.3700008392334,462,0.0,0.0,0.0
2023-12-27 13:30:00-05:00,23.354999542236328,23.354999542236328,23.329999923706055,23.329999923706055,447,0.0,0.0,0.0
2023-12-27 14:30:00-05:00,23.357999801635742,23.3843994140625,23.357999801635742,23.3843994140625,0,0.0,0.0,0.0
2023-12-28 09:30:00-05:00,24.530000686645508,24.530000686645508,24.35099983215332,24.44969940185547,6798,0.0,0.0,0.0
2023-12-28 10:30:00-05:00,24.479999542236328,24.510000228881836,24.479999542236328,24.479999542236328,12251,0.0,0.0,0.0
2023-12-28 11:30:00-05:00,24.479999542236328,24.489999771118164,24.479999542236328,24.489999771118164,773,0.0,0.0,0.0
2023-12-28 12:30:00-05:00,24.469999313354492,24.485000610351562,24.459999084472656,24.459999084472656,7315,0.0,0.0,0.0
2023-12-28 13:30:00-05:00,24.459999084472656,24.459999084472656,24.40999984741211,24.40999984741211,7710,0.0,0.0,0.0
2023-12-28 14:30:00-05:00,24.40999984741211,24.450000762939453,24.40999984741211,24.450000762939453,638,0.0,0.0,0.0
2023-12-28 15:30:00-05:00,24.411399841308594,24.411399841308594,24.411399841308594,24.411399841308594,0,0.0,0.0,0.0
2023-12-29 09:30:00-05:00,24.3799991607666,24.579999923706055,24.3799991607666,24.579999923706055,2908,0.0,0.0,0.0
2023-12-29 10:30:00-05:00,24.6200008392334,24.6200008392334,24.559999465942383,24.559999465942383,1134,0.0,0.0,0.0
2023-12-29 11:30:00-05:00,24.559999465942383,24.559999465942383,24.514999389648438,24.514999389648438,431,0.0,0.0,0.0
2023-12-29 14:30:00-05:00,24.579999923706055,24.579999923706055,24.56999969482422,24.56999969482422,1828,0.0,0.0,0.0
2023-12-29 15:30:00-05:00,24.56999969482422,24.56999969482422,24.51889991760254,24.51889991760254,104,0.0,0.0,0.0
2024-01-02 09:30:00-05:00,24.09000015258789,24.09000015258789,23.899999618530273,23.950000762939453,0,0.0,0.0,0.0
2024-01-02 11:30:00-05:00,23.950000762939453,23.950000762939453,23.903499603271484,23.903499603271484,0,0.0,0.0,0.0
2024-01-03 09:30:00-05:00,23.670000076293945,23.670000076293945,23.6200008392334,23.657699584960938,200,0.0,0.0,0.0
2024-01-04 09:30:00-05:00,23.18000030517578,23.180299758911133,23.18000030517578,23.18000030517578,2033,0.0,0.0,0.0
2024-01-04 10:30:00-05:00,23.139999389648438,23.18000030517578,23.139999389648438,23.18000030517578,1152,0.0,0.0,0.0
2024-01-04 12:30:00-05:00,23.15180015563965,23.15180015563965,23.15180015563965,23.15180015563965,117,0.0,0.0,0.0
2024-01-04 14:30:00-05:00,23.135000228881836,23.135000228881836,23.09000015258789,23.09000015258789,776,0.0,0.0,0.0
2024-01-04 15:30:00-05:00,23.149999618530273,23.149999618530273,23.11520004272461,23.11520004272461,0,0.0,0.0,0.0
2024-01-05 09:30:00-05:00,22.86009979248047,22.959999084472656,22.829999923706055,22.959999084472656,23731,0.0,0.0,0.0
2024-01-05 10:30:00-05:00,22.899999618530273,22.900999069213867,22.870100021362305,22.87019920349121,7652,0.0,0.0,0.0
2024-01-08 09:30:00-05:00,22.469999313354492,22.469999313354492,22.440000534057617,22.440000534057617,374,0.0,0.0,0.0
2024-01-08 10:30:00-05:00,22.450000762939453,22.510000228881836,22.450000762939453,22.510000228881836,543,0.0,0.0,0.0
2024-01-08 11:30:00-05:00,22.5,22.539899826049805,22.5,22.539899826049805,533,0.0,0.0,0.0
2024-01-08 15:30:00-05:00,22.510000228881836,22.510000228881836,22.510000228881836,22.510000228881836,0,0.0,0.0,0.0
2024-01-09 15:30:00-05:00,22.3700008392334,22.3700008392334,22.3700008392334,22.3700008392334,186,0.0,0.0,0.0
2024-01-10 09:30:00-05:00,22.350000381469727,22.350000381469727,22.350000381469727,22.350000381469727,107,0.0,0.0,0.0
2024-01-10 12:30:00-05:00,22.3799991607666,22.385000228881836,22.3799991607666,22.385000228881836,457,0.0,0.0,0.0
2024-01-11 09:30:00-05:00,22.700000762939453,22.8700008392334,22.700000762939453,22.8700008392334,0,0.0,0.0,0.0
2024-01-11 10:30:00-05:00,22.780000686645508,22.790000915527344,22.75,22.75,907,0.0,0.0,0.0
2024-01-11 13:30:00-05:00,22.789899826049805,22.789899826049805,22.789899826049805,22.789899826049805,202,0.0,0.0,0.0
2024-01-11 14:30:00-05:00,22.7898006439209,22.81529998779297,22.7898006439209,22.81529998779297,327,0.0,0.0,0.0
2024-01-12 09:30:00-05:00,22.610000610351562,22.610000610351562,22.610000610351562,22.610000610351562,0,0.0,0.0,0.0
2024-01-12 10:30:00-05:00,22.649999618530273,22.649999618530273,22.649999618530273,22.649999618530273,237,0.0,0.0,0.0
2024-01-12 13:30:00-05:00,22.639799118041992,22.639799118041992,22.59939956665039,22.59939956665039,300,0.0,0.0,0.0
2024-01-16 09:30:00-05:00,22.299999237060547,22.299999237060547,22.299999237060547,22.299999237060547,0,0.0,0.0,0.0
2024-01-16 10:30:00-05:00,22.40999984741211,22.40999984741211,22.40999984741211,22.40999984741211,371,0.0,0.0,0.0
2024-01-16 13:30:00-05:00,22.309999465942383,22.329700469970703,22.309999465942383,22.329700469970703,0,0.0,0.0,0.0
2024-01-17 09:30:00-05:00,21.639999389648438,21.65999984741211,21.636199951171875,21.65999984741211,1465,0.0,0.0,0.0
2024-01-17 10:30:00-05:00,21.69499969482422,21.69499969482422,21.690000534057617,21.690000534057617,412,0.0,0.0,0.0
2024-01-17 11:30:00-05:00,21.635000228881836,21.649999618530273,21.635000228881836,21.649999618530273,418,0.0,0.0,0.0
2024-01-17 12:30:00-05:00,21.645000457763672,21.649999618530273,21.645000457763672,21.649999618530273,309,0.0,0.0,0.0
2024-01-17 13:30:00-05:00,21.691600799560547,21.699499130249023,21.691600799560547,21.699499130249023,261,0.0,0.0,0.0
2024-01-17 15:30:00-05:00,21.697900772094727,21.697900772094727,21.693300247192383,21.693300247192383,100,0.0,0.0,0.0
2024-01-18 09:30:00-05:00,21.920000076293945,21.920000076293945,21.920000076293945,21.920000076293945,0,0.0,0.0,0.0
2024-01-18 10:30:00-05:00,22.100000381469727,22.100000381469727,22.099899291992188,22.099899291992188,378,0.0,0.0,0.0
2024-01-18 13:30:00-05:00,22.06999969482422,22.06999969482422,22.06999969482422,22.06999969482422,207,0.0,0.0,0.0
2024-01-18 15:30:00-05:00,22.08989906311035,22.08989906311035,22.066200256347656,22.066200256347656,140,0.0,0.0,0.0
2024-01-19 09:30:00-05:00,21.8700008392334,21.941999435424805,21.8700008392334,21.93000030517578,0,0.0,0.0,0.0
2024-01-19 10:30:00-05:00,21.940000534057617,21.959999084472656,21.940000534057617,21.959999084472656,0,0.0,0.0,0.0
2024-01-19 11:30:00-05:00,21.954999923706055,21.979999542236328,21.954999923706055,21.979999542236328,1764,0.0,0.0,0.0
2024-01-19 12:30:00-05:00,22.052799224853516,22.079999923706055,22.052799224853516,22.079999923706055,2105,0.0,0.0,0.0
2024-01-19 14:30:00-05:00,22.139999389648438,22.149999618530273,22.139999389648438,22.149999618530273,219,0.0,0.0,0.0
2024-01-19 15:30:00-05:00,22.149999618530273,22.159900665283203,22.09000015258789,22.11720085144043,509,0.0,0.0,0.0
2024-01-22 09:30:00-05:00,21.479999542236328,21.479999542236328,21.429899215698242,21.440000534057617,3142,0.0,0.0,0.0
2024-01-22 11:30:00-05:00,21.440000534057617,21.440000534057617,21.439899444580078,21.439899444580078,552,0.0,0.0,0.0
2024-01-22 13:30:00-05:00,21.44499969482422,21.44499969482422,21.40999984741211,21.40999984741211,6118,0.0,0.0,0.0
2024-01-22 14:30:00-05:00,21.44499969482422,21.45789909362793,21.44499969482422,21.44499969482422,133,0.0,0.0,0.0
2024-01-23 09:30:00-05:00,21.849899291992188,21.849899291992188,21.849899291992188,21.849899291992188,0,0.0,0.0,0.0
2024-01-23 10:30:00-05:00,21.843599319458008,21.8700008392334,21.843599319458008,21.8700008392334,98,0.0,0.0,0.0
2024-01-24 09:30:00-05:00,22.370100021362305,22.370100021362305,22.360000610351562,22.360000610351562,810,0.0,0.0,0.0
2024-01-24 10:30:00-05:00,22.3700008392334,22.3700008392334,22.360000610351562,22.360000610351562,551,0.0,0.0,0.0
2024-01-24 11:30:00-05:00,22.300500869750977,22.300500869750977,22.300500869750977,22.300500869750977,133,0.0,0.0,0.0
2024-01-24 12:30:00-05:00,22.350000381469727,22.357900619506836,22.299999237060547,22.351999282836914,4014,0.0,0.0,0.0
2024-01-24 15:30:00-05:00,22.25,22.34000015258789,22.25,22.34000015258789,0,0.0,0.0,0.0
2024-01-25 09:30:00-05:00,22.264999389648438,22.264999389648438,22.170000076293945,22.170000076293945,2529,0.0,0.0,0.0
2024-01-25 11:30:00-05:00,22.139999389648438,22.139999389648438,22.139999389648438,22.139999389648438,618,0.0,0.0,0.0
2024-01-25 13:30:00-05:00,22.125,22.145000457763672,22.125,22.145000457763672,0,0.0,0.0,0.0
2024-01-26 09:30:00-05:00,21.69059944152832,21.75,21.69059944152832,21.75,981,0.0,0.0,0.0
2024-01-26 10:30:00-05:00,21.790000915527344,21.790000915527344,21.753700256347656,21.753700256347656,2033,0.0,0.0,0.0
2024-01-26 11:30:00-05:00,21.729999542236328,21.739999771118164,21.729999542236328,21.739999771118164,300,0.0,0.0,0.0
2024-01-26 12:30:00-05:00,21.709999084472656,21.709999084472656,21.700000762939453,21.704099655151367,790,0.0,0.0,0.0
2024-01-29 09:30:00-05:00,21.06999969482422,21.06999969482422,20.780000686645508,20.780000686645508,10567,0.0,0.0,0.0
2024-01-29 10:30:00-05:00,20.844999313354492,20.844999313354492,20.844999313354492,20.844999313354492,584,0.0,0.0,0.0
2024-01-29 14:30:00-05:00,20.799999237060547,20.799999237060547,20.799999237060547,20.799999237060547,461,0.0,0.0,0.0
2024-01-29 15:30:00-05:00,20.818899154663086,20.818899154663086,20.818899154663086,20.818899154663086,0,0.0,0.0,0.0
2024-01-30 09:30:00-05:00,20.399999618530273,20.450000762939453,20.3700008392334,20.3700008392334,2954,0.0,0.0,0.0
2024-01-30 10:30:00-05:00,20.35409927368164,20.35409927368164,20.35409927368164,20.35409927368164,408,0.0,0.0,0.0
2024-01-30 12:30:00-05:00,20.360000610351562,20.360000610351562,20.329999923706055,20.329999923706055,614,0.0,0.0,0.0
2024-01-30 14:30:00-05:00,20.350000381469727,20.360000610351562,20.341699600219727,20.341699600219727,0,0.0,0.0,0.0
2024-01-31 09:30:00-05:00,20.31999969482422,20.31999969482422,20.280000686645508,20.290000915527344,2352,0.0,0.0,0.0
2024-01-31 10:30:00-05:00,20.290000915527344,20.290000915527344,20.290000915527344,20.290000915527344,735,0.0,0.0,0.0
2024-01-31 12:30:00-05:00,20.242599487304688,20.242599487304688,20.242599487304688,20.242599487304688,0,0.0,0.0,0.0
2024-02-01 10:30:00-05:00,20.450000762939453,20.450000762939453,20.450000762939453,20.450000762939453,517,0.0,0.0,0.0
2024-02-01 11:30:00-05:00,20.459999084472656,20.472400665283203,20.459999084472656,20.472400665283203,0,0.0,0.0,0.0
2024-02-02 09:30:00-05:00,19.8700008392334,19.8700008392334,19.649999618530273,19.719999313354492,1917,0.0,0.0,0.0
2024-02-02 12:30:00-05:00,19.69499969482422,19.69499969482422,19.69499969482422,19.69499969482422,102,0.0,0.0,0.0
2024-02-02 13:30:00-05:00,19.719900131225586,19.719900131225586,19.719900131225586,19.719900131225586,391,0.0,0.0,0.0
2024-02-02 14:30:00-05:00,19.715700149536133,19.715700149536133,19.690000534057617,19.690399169921875,713,0.0,0.0,0.0
2024-02-05 09:30:00-05:00,19.760000228881836,19.760000228881836,19.760000228881836,19.760000228881836,0,0.0,0.0,0.0
2024-02-05 10:30:00-05:00,19.90999984741211,19.90999984741211,19.90999984741211,19.90999984741211,404,0.0,0.0,0.0
2024-02-05 12:30:00-05:00,19.989999771118164,19.989999771118164,19.940000534057617,19.940000534057617,805,0.0,0.0,0.0
2024-02-05 15:30:00-05:00,19.940000534057617,19.94379997253418,19.940000534057617,19.94379997253418,0,0.0,0.0,0.0
2024-02-06 09:30:00-05:00,21.229999542236328,21.3700008392334,21.229999542236328,21.3700008392334,5103,0.0,0.0,0.0
2024-02-06 10:30:00-05:00,21.389999389648438,21.440000534057617,21.389999389648438,21.440000534057617,2355,0.0,0.0,0.0
2024-02-06 12:30:00-05:00,21.450000762939453,21.450000762939453,21.449899673461914,21.449899673461914,1274,0.0,0.0,0.0
2024-02-06 13:30:00-05:00,21.45989990234375,21.45989990234375,21.420000076293945,21.420000076293945,980,0.0,0.0,0.0
2024-02-06 14:30:00-05:00,21.424999237060547,21.450000762939453,21.424999237060547,21.450000762939453,413,0.0,0.0,0.0
2024-02-06 15:30:00-05:00,21.45989990234375,21.479999542236328,21.440000534057617,21.464000701904297,0,0.0,0.0,0.0
2024-02-07 09:30:00-05:00,21.889999389648438,21.889999389648438,21.809999465942383,21.809999465942383,1336,0.0,0.0,0.0
2024-02-07 10:30:00-05:00,21.80500030517578,21.80500030517578,21.78499984741211,21.790000915527344,948,0.0,0.0,0.0
2024-02-07 11:30:00-05:00,21.799999237060547,21.799999237060547,21.790000915527344,21.799999237060547,468,0.0,0.0,0.0
2024-02-07 12:30:00-05:00,21.829999923706055,21.829999923706055,21.82990074157715,21.82990074157715,923,0.0,0.0,0.0
2024-02-07 15:30:00-05:00,21.790000915527344,21.849899291992188,21.790000915527344,21.809099197387695,0,0.0,0.0,0.0
2024-02-08 09:30:00-05:00,22.0,22.0,21.899999618530273,21.899999618530273,2007,0.0,0.0,0.0
2024-02-08 12:30:00-05:00,21.889999389648438,21.889999389648438,21.889999389648438,21.889999389648438,197,0.0,0.0,0.0
2024-02-08 13:30:00-05:00,21.850000381469727,21.850000381469727,21.850000381469727,21.850000381469727,260,0.0,0.0,0.0
2024-02-08 14:30:00-05:00,21.81999969482422,21.899999618530273,21.81999969482422,21.860000610351562,2196,0.0,0.0,0.0
2024-02-08 15:30:00-05:00,21.899999618530273,21.917999267578125,21.899999618530273,21.917999267578125,0,0.0,0.0,0.0
2024-02-09 09:30:00-05:00,21.920000076293945,21.920000076293945,21.75,21.750099182128906,913,0.0,0.0,0.0
2024-02-09 10:30:00-05:00,21.75,21.760000228881836,21.75,21.760000228881836,222,0.0,0.0,0.0
2024-02-09 13:30:00-05:00,21.854999542236328,21.895299911499023,21.854999542236328,21.895299911499023,170,0.0,0.0,0.0
2024-02-12 09:30:00-05:00,21.93000030517578,22.020000457763672,21.920000076293945,21.990100860595703,2040,0.0,0.0,0.0
2024-02-12 10:30:00-05:00,21.979999542236328,21.990100860595703,21.979999542236328,21.990100860595703,829,0.0,0.0,0.0
2024-02-12 14:30:00-05:00,22.100000381469727,22.100000381469727,22.058000564575195,22.058000564575195,308,0.0,0.0,0.0
2024-02-13 09:30:00-05:00,22.059999465942383,22.059999465942383,22.059999465942383,22.059999465942383,0,0.0,0.0,0.0
2024-02-13 10:30:00-05:00,22.129899978637695,22.129899978637695,22.129899978637695,22.129899978637695,625,0.0,0.0,0.0
2024-02-13 11:30:00-05:00,22.06999969482422,22.06999969482422,22.069900512695312,22.069900512695312,546,0.0,0.0,0.0
2024-02-13 14:30:00-05:00,21.954999923706055,21.989900588989258,21.954999923706055,21.975799560546875,0,0.0,0.0,0.0
2024-02-14 09:30:00-05:00,22.0,22.0,21.979999542236328,21.989999771118164,1403,0.0,0.0,0.0
2024-02-14 11:30:00-05:00,21.979999542236328,22.025100708007812,21.979999542236328,22.025100708007812,0,0.0,0.0,0.0
2024-02-15 09:30:00-05:00,22.229999542236328,22.229999542236328,22.1299991607666,22.1299991607666,663,0.0,0.0,0.0
2024-02-15 11:30:00-05:00,22.139999389648438,22.139999389648438,22.126300811767578,22.126300811767578,0,0.0,0.0,0.0
2024-02-16 09:30:00-05:00,22.209999084472656,22.209999084472656,22.209999084472656,22.209999084472656,284,0.0,0.0,0.0
2024-02-16 14:30:00-05:00,22.399999618530273,22.450000762939453,22.399999618530273,22.450000762939453,3321,0.0,0.0,0.0
2024-02-16 15:30:00-05:00,22.424999237060547,22.424999237060547,22.424999237060547,22.424999237060547,500,0.0,0.0,0.0
2024-02-20 09:30:00-05:00,22.340099334716797,22.340099334716797,22.318599700927734,22.318599700927734,0,0.0,0.0,0.0
2024-02-21 09:30:00-05:00,22.329999923706055,22.475000381469727,22.329999923706055,22.440000534057617,8490,0.0,0.0,0.0
2024-02-21 10:30:00-05:00,22.440000534057617,22.450000762939453,22.440000534057617,22.450000762939453,534,0.0,0.0,0.0
2024-02-21 12:30:00-05:00,22.440000534057617,22.450000762939453,22.440000534057617,22.44969940185547,0,0.0,0.0,0.0
2024-02-22 09:30:00-05:00,22.5,22.540000915527344,22.5,22.530000686645508,17490,0.0,0.0,0.0
2024-02-22 12:30:00-05:00,22.469999313354492,22.489999771118164,22.459999084472656,22.459999084472656,723,0.0,0.0,0.0
2024-02-22 13:30:00-05:00,22.459999084472656,22.5393009185791,22.45050048828125,22.5393009185791,639,0.0,0.0,0.0
2024-02-22 14:30:00-05:00,22.4950008392334,22.540000915527344,22.485700607299805,22.485700607299805,301,0.0,0.0,0.0
2024-02-23 09:30:00-05:00,22.65999984741211,22.65999984741211,22.579999923706055,22.579999923706055,0,0.0,0.0,0.0
2024-02-23 12:30:00-05:00,22.47760009765625,22.485000610351562,22.47760009765625,22.485000610351562,304,0.0,0.0,0.0
2024-02-26 09:30:00-05:00,22.440000534057617,22.479999542236328,22.360000610351562,22.440099716186523,2190,0.0,0.0,0.0
2024-02-26 12:30:00-05:00,22.410999298095703,22.420000076293945,22.401599884033203,22.401599884033203,0,0.0,0.0,0.0
2024-02-27 09:30:00-05:00,22.959999084472656,22.969999313354492,22.920000076293945,22.94499969482422,733,0.0,0.0,0.0
2024-02-27 10:30:00-05:00,22.90999984741211,22.90999984741211,22.899999618530273,22.899999618530273,1717,0.0,0.0,0.0
2024-02-27 11:30:00-05:00,22.959999084472656,22.959999084472656,22.90999984741211,22.90999984741211,540,0.0,0.0,0.0
2024-02-27 12:30:00-05:00,22.934999465942383,22.934999465942383,22.934999465942383,22.934999465942383,268,0.0,0.0,0.0
2024-02-27 15:30:00-05:00,22.959999084472656,22.959999084472656,22.9552001953125,22.9552001953125,0,0.0,0.0,0.0
2024-02-28 09:30:00-05:00,22.670000076293945,22.670000076293945,22.289899826049805,22.289899826049805,1463,0.0,0.0,0.0
2024-02-28 11:30:00-05:00,22.315000534057617,22.31529998779297,22.315000534057617,22.31529998779297,276,0.0,0.0,0.0
2024-02-29 09:30:00-05:00,23.049999237060547,23.059999465942383,23.049999237060547,23.059900283813477,3565,0.0,0.0,0.0
2024-02-29 10:30:00-05:00,23.024999618530273,23.024999618530273,23.024999618530273,23.024999618530273,157,0.0,0.0,0.0
2024-02-29 11:30:00-05:00,23.040000915527344,23.040000915527344,23.040000915527344,23.040000915527344,222,0.0,0.0,0.0
2024-02-29 13:30:00-05:00,23.030000686645508,23.037500381469727,23.030000686645508,23.037500381469727,191,0.0,0.0,0.0
2024-03-01 09:30:00-05:00,23.350000381469727,23.350000381469727,23.25,23.270000457763672,412,0.0,0.0,0.0
2024-03-01 10:30:00-05:00,23.25,23.260000228881836,23.25,23.25,418,0.0,0.0,0.0
2024-03-01 11:30:00-05:00,23.299800872802734,23.299800872802734,23.299800872802734,23.299800872802734,283,0.0,0.0,0.0
2024-03-01 12:30:00-05:00,23.31999969482422,23.31999969482422,23.31999969482422,23.31999969482422,652,0.0,0.0,0.0
2024-03-01 14:30:00-05:00,23.350000381469727,23.350000381469727,23.340700149536133,23.340700149536133,229,0.0,0.0,0.0
2024-03-04 09:30:00-05:00,23.399999618530273,23.42289924621582,23.389999389648438,23.42289924621582,3144,0.0,0.0,0.0
2024-03-04 10:30:00-05:00,23.40999984741211,23.40999984741211,23.40999984741211,23.40999984741211,226,0.0,0.0,0.0
2024-03-04 12:30:00-05:00,23.409900665283203,23.409900665283203,23.409900665283203,23.409900665283203,156,0.0,0.0,0.0
2024-03-04 13:30:00-05:00,23.397899627685547,23.397899627685547,23.397899627685547,23.397899627685547,110,0.0,0.0,0.0
2024-03-05 09:30:00-05:00,23.350000381469727,23.399999618530273,23.350000381469727,23.399999618530273,471,0.0,0.0,0.0
2024-03-05 11:30:00-05:00,23.3700008392334,23.3700008392334,23.34000015258789,23.34000015258789,824,0.0,0.0,0.0
2024-03-05 12:30:00-05:00,23.330799102783203,23.330799102783203,23.330799102783203,23.330799102783203,200,0.0,0.0,0.0
2024-03-05 13:30:00-05:00,23.34000015258789,23.34000015258789,23.34000015258789,23.34000015258789,183,0.0,0.0,0.0
2024-03-05 15:30:00-05:00,23.329999923706055,23.350000381469727,23.329999923706055,23.3356990814209,0,0.0,0.0,0.0
2024-03-06 10:30:00-05:00,23.41790008544922,23.41790008544922,23.41790008544922,23.41790008544922,463,0.0,0.0,0.0
2024-03-06 14:30:00-05:00,23.420000076293945,23.426000595092773,23.420000076293945,23.426000595092773,0,0.0,0.0,0.0
2024-03-07 09:30:00-05:00,23.09000015258789,23.09000015258789,22.889999389648438,22.889999389648438,1936,0.0,0.0,0.0
2024-03-07 11:30:00-05:00,22.949899673461914,22.949899673461914,22.949899673461914,22.949899673461914,149,0.0,0.0,0.0
2024-03-07 12:30:00-05:00,22.938899993896484,22.938899993896484,22.938899993896484,22.938899993896484,100,0.0,0.0,0.0
2024-03-07 13:30:00-05:00,22.93000030517578,22.93000030517578,22.93000030517578,22.93000030517578,105,0.0,0.0,0.0
2024-03-07 14:30:00-05:00,22.924999237060547,22.927900314331055,22.924999237060547,22.927900314331055,0,0.0,0.0,0.0
2024-03-08 09:30:00-05:00,23.065000534057617,23.065000534057617,23.065000534057617,23.065000534057617,210,0.0,0.0,0.0
2024-03-08 15:30:00-05:00,23.071500778198242,23.071500778198242,23.049999237060547,23.049999237060547,100,0.0,0.0,0.0
2024-03-11 09:30:00-04:00,24.079999923706055,24.350000381469727,24.079999923706055,24.329999923706055,7668,0.0,0.0,0.0
2024-03-11 10:30:00-04:00,24.295000076293945,24.34000015258789,24.290000915527344,24.290000915527344,1576,0.0,0.0,0.0
2024-03-11 13:30:00-04:00,24.365999221801758,24.378000259399414,24.360000610351562,24.378000259399414,1257,0.0,0.0,0.0
2024-03-11 14:30:00-04:00,24.379899978637695,24.379899978637695,24.36720085144043,24.36720085144043,375,0.0,0.0,0.0
2024-03-11 15:30:00-04:00,24.364999771118164,24.440000534057617,24.364999771118164,24.406299591064453,3752,0.0,0.0,0.0
2024-03-12 09:30:00-04:00,24.540000915527344,24.540000915527344,24.350000381469727,24.350000381469727,0,0.0,0.0,0.0
2024-03-12 11:30:00-04:00,24.389999389648438,24.389999389648438,24.375,24.375,0,0.0,0.0,0.0
2024-03-13 09:30:00-04:00,24.280000686645508,24.280000686645508,24.280000686645508,24.280000686645508,197,0.0,0.0,0.0
2024-03-13 12:30:00-04:00,24.235000610351562,24.280000686645508,24.219600677490234,24.219600677490234,140,0.0,0.0,0.0
2024-03-14 09:30:00-04:00,24.219999313354492,24.219999313354492,24.011999130249023,24.011999130249023,815,0.0,0.0,0.0
2024-03-15 09:30:00-04:00,24.0,24.15999984741211,24.0,24.122600555419922,0,0.0,0.0,0.0
2024-03-15 11:30:00-04:00,24.15999984741211,24.15999984741211,24.15999984741211,24.15999984741211,100,0.0,0.0,0.0
2024-03-15 12:30:00-04:00,24.170000076293945,24.170000076293945,24.170000076293945,24.170000076293945,2203,0.0,0.0,0.0
2024-03-15 13:30:00-04:00,24.15999984741211,24.15999984741211,24.15519905090332,24.15519905090332,150,0.0,0.0,0.0
2024-03-18 09:30:00-04:00,24.440000534057617,24.63990020751953,24.440000534057617,24.63990020751953,0,0.0,0.0,0.0
2024-03-18 10:30:00-04:00,24.579999923706055,24.579999923706055,24.579999923706055,24.579999923706055,110,0.0,0.0,0.0
2024-03-18 11:30:00-04:00,24.6200008392334,24.770000457763672,24.6200008392334,24.639999389648438,6010,0.0,0.0,0.0
2024-03-18 12:30:00-04:00,24.603599548339844,24.6200008392334,24.600000381469727,24.610000610351562,1350,0.0,0.0,0.0
2024-03-18 13:30:00-04:00,24.610000610351562,24.610000610351562,24.610000610351562,24.610000610351562,129,0.0,0.0,0.0
2024-03-18 14:30:00-04:00,24.600099563598633,24.613399505615234,24.600099563598633,24.613399505615234,0,0.0,0.0,0.0
2024-03-19 10:30:00-04:00,24.31170082092285,24.31170082092285,24.31170082092285,24.31170082092285,365,0.0,0.0,0.0
2024-03-19 13:30:00-04:00,24.34000015258789,24.364999771118164,24.34000015258789,24.364999771118164,0,0.0,0.0,0.0
2024-03-20 14:30:00-04:00,24.33169937133789,24.39590072631836,24.33169937133789,24.39590072631836,0,0.0,0.0,0.0
2024-03-21 09:30:00-04:00,24.040000915527344,24.108299255371094,24.040000915527344,24.100099563598633,789,0.0,0.0,0.0
2024-03-21 10:30:00-04:00,24.100099563598633,24.100099563598633,24.100000381469727,24.100000381469727,801,0.0,0.0,0.0
2024-03-21 12:30:00-04:00,24.1299991607666,24.1299991607666,24.1200008392334,24.1200008392334,253,0.0,0.0,0.0
2024-03-21 14:30:00-04:00,24.110000610351562,24.110000610351562,24.079999923706055,24.079999923706055,3325,0.0,0.0,0.0
2024-03-21 15:30:00-04:00,24.09000015258789,24.09000015258789,24.079999923706055,24.087900161743164,0,0.0,0.0,0.0
2024-03-22 09:30:00-04:00,23.627599716186523,23.627599716186523,23.6200008392334,23.6200008392334,514,0.0,0.0,0.0
2024-03-22 10:30:00-04:00,23.68000030517578,23.68000030517578,23.68000030517578,23.68000030517578,653,0.0,0.0,0.0
2024-03-22 13:30:00-04:00,23.619800567626953,23.6200008392334,23.619800567626953,23.6200008392334,685,0.0,0.0,0.0
2024-03-22 14:30:00-04:00,23.610000610351562,23.610000610351562,23.610000610351562,23.610000610351562,136,0.0,0.0,0.0
2024-03-25 09:30:00-04:00,23.40999984741211,23.40999984741211,23.110000610351562,23.25,0,0.0,0.0,0.0
2024-03-25 11:30:00-04:00,23.263599395751953,23.263599395751953,23.263599395751953,23.263599395751953,110,0.0,0.0,0.0
2024-03-25 13:30:00-04:00,23.308000564575195,23.309999465942383,23.267099380493164,23.267099380493164,0,0.0,0.0,0.0
2024-03-26 09:30:00-04:00,23.34000015258789,23.360000610351562,23.31999969482422,23.360000610351562,3185,0.0,0.0,0.0
2024-03-26 10:30:00-04:00,23.352399826049805,23.3700008392334,23.350000381469727,23.361099243164062,0,0.0,0.0,0.0
2024-03-27 09:30:00-04:00,22.860000610351562,22.860000610351562,22.690000534057617,22.690000534057617,1546,0.0,0.0,0.0
2024-03-27 11:30:00-04:00,22.696699142456055,22.700000762939453,22.696699142456055,22.700000762939453,1171,0.0,0.0,0.0
2024-03-27 14:30:00-04:00,22.710500717163086,22.734899520874023,22.710500717163086,22.734899520874023,100,0.0,0.0,0.0
2024-03-28 09:30:00-04:00,23.100000381469727,23.100000381469727,23.100000381469727,23.100000381469727,0,0.0,0.0,0.0
2024-03-28 11:30:00-04:00,22.96500015258789,22.96500015258789,22.96500015258789,22.96500015258789,335,0.0,0.0,0.0
2024-03-28 12:30:00-04:00,22.959999084472656,22.959999084472656,22.959999084472656,22.959999084472656,701,0.0,0.0,0.0
2024-03-28 13:30:00-04:00,22.959999084472656,22.959999084472656,22.959999084472656,22.959999084472656,604,0.0,0.0,0.0
2024-03-28 15:30:00-04:00,22.959999084472656,23.010000228881836,22.950000762939453,22.959999084472656,3449,0.0,0.0,0.0
2024-04-01 09:30:00-04:00,23.8700008392334,23.8700008392334,23.790000915527344,23.790000915527344,0,0.0,0.0,0.0
2024-04-01 10:30:00-04:00,23.790000915527344,23.790000915527344,23.790000915527344,23.790000915527344,2106,0.0,0.0,0.0
2024-04-01 13:30:00-04:00,23.770000457763672,23.770000457763672,23.770000457763672,23.770000457763672,212,0.0,0.0,0.0
2024-04-02 09:30:00-04:00,23.719999313354492,23.719999313354492,23.719999313354492,23.719999313354492,684,0.0,0.0,0.0
2024-04-02 11:30:00-04:00,23.639999389648438,23.67770004272461,23.639999389648438,23.67770004272461,256,0.0,0.0,0.0
2024-04-03 09:30:00-04:00,23.5,23.5,23.31999969482422,23.31999969482422,1480,0.0,0.0,0.0
2024-04-03 11:30:00-04:00,23.469999313354492,23.479999542236328,23.469999313354492,23.479999542236328,425,0.0,0.0,0.0
2024-04-03 12:30:00-04:00,23.46190071105957,23.46190071105957,23.419700622558594,23.419700622558594,0,0.0,0.0,0.0
2024-04-04 13:30:00-04:00,23.520000457763672,23.520000457763672,23.462099075317383,23.462099075317383,15,0.0,0.0,0.0
2024-04-05 11:30:00-04:00,23.41990089416504,23.41990089416504,23.41990089416504,23.41990089416504,427,0.0,0.0,0.0
2024-04-05 14:30:00-04:00,23.3700008392334,23.37820053100586,23.350000381469727,23.37820053100586,471,0.0,0.0,0.0
2024-04-08 09:30:00-04:00,23.030000686645508,23.030000686645508,23.020000457763672,23.020000457763672,0,0.0,0.0,0.0
2024-04-08 10:30:00-04:00,23.030000686645508,23.059999465942383,23.030000686645508,23.059999465942383,855,0.0,0.0,0.0
2024-04-08 11:30:00-04:00,23.059999465942383,23.06999969482422,22.979999542236328,22.979999542236328,465,0.0,0.0,0.0
2024-04-09 09:30:00-04:00,23.110000610351562,23.200000762939453,23.110000610351562,23.200000762939453,0,0.0,0.0,0.0
2024-04-09 10:30:00-04:00,23.280000686645508,23.28820037841797,23.280000686645508,23.280000686645508,1640,0.0,0.0,0.0
2024-04-09 12:30:00-04:00,23.290000915527344,23.30590057373047,23.290000915527344,23.30590057373047,0,0.0,0.0,0.0
2024-04-10 09:30:00-04:00,22.760000228881836,22.760000228881836,22.760000228881836,22.760000228881836,281,0.0,0.0,0.0
2024-04-10 11:30:00-04:00,22.560100555419922,22.599899291992188,22.560100555419922,22.599899291992188,559,0.0,0.0,0.0
2024-04-11 09:30:00-04:00,22.469999313354492,22.469999313354492,22.469999313354492,22.469999313354492,399,0.0,0.0,0.0
2024-04-11 14:30:00-04:00,22.600000381469727,22.600000381469727,22.549999237060547,22.565000534057617,605,0.0,0.0,0.0
2024-04-11 15:30:00-04:00,22.610000610351562,22.6200008392334,22.579999923706055,22.586700439453125,2100,0.0,0.0,0.0
2024-04-12 09:30:00-04:00,22.43000030517578,22.43000030517578,22.239999771118164,22.239999771118164,0,0.0,0.0,0.0
2024-04-12 10:30:00-04:00,22.219999313354492,22.219999313354492,22.219999313354492,22.219999313354492,587,0.0,0.0,0.0
2024-04-12 11:30:00-04:00,22.264999389648438,22.264999389648438,22.110000610351562,22.110000610351562,20458,0.0,0.0,0.0
2024-04-12 12:30:00-04:00,22.09000015258789,22.09000015258789,22.059999465942383,22.059999465942383,3539,0.0,0.0,0.0
2024-04-12 13:30:00-04:00,22.0718994140625,22.110000610351562,22.0718994140625,22.109899520874023,475,0.0,0.0,0.0
2024-04-12 15:30:00-04:00,22.065000534057617,22.065000534057617,22.065000534057617,22.065000534057617,196,0.0,0.0,0.0
2024-04-15 12:30:00-04:00,22.799999237060547,22.799999237060547,22.790000915527344,22.790000915527344,1422,0.0,0.0,0.0
2024-04-15 13:30:00-04:00,22.770000457763672,22.770000457763672,22.770000457763672,22.770000457763672,200,0.0,0.0,0.0
2024-04-15 14:30:00-04:00,22.770000457763672,22.770000457763672,22.760000228881836,22.760000228881836,427,0.0,0.0,0.0
2024-04-15 15:30:00-04:00,22.780000686645508,22.798099517822266,22.780000686645508,22.798099517822266,0,0.0,0.0,0.0
2024-04-16 09:30:00-04:00,22.26020050048828,22.290000915527344,22.260000228881836,22.290000915527344,1455,0.0,0.0,0.0
2024-04-16 15:30:00-04:00,22.329999923706055,22.329999923706055,22.299999237060547,22.299999237060547,1500,0.0,0.0,0.0
2024-04-17 09:30:00-04:00,22.854999542236328,22.879899978637695,22.854999542236328,22.879899978637695,536,0.0,0.0,0.0
2024-04-17 11:30:00-04:00,22.829999923706055,22.829999923706055,22.829999923706055,22.829999923706055,887,0.0,0.0,0.0
2024-04-17 12:30:00-04:00,22.86989974975586,22.86989974975586,22.83810043334961,22.83810043334961,0,0.0,0.0,0.0
2024-04-18 09:30:00-04:00,22.59000015258789,22.780000686645508,22.59000015258789,22.74799919128418,405,0.0,0.0,0.0
2024-04-18 12:30:00-04:00,22.68000030517578,22.68000030517578,22.68000030517578,22.68000030517578,259,0.0,0.0,0.0
2024-04-18 15:30:00-04:00,22.736000061035156,22.75,22.712799072265625,22.712799072265625,0,0.0,0.0,0.0
2024-04-19 09:30:00-04:00,22.3799991607666,22.3799991607666,22.3799991607666,22.3799991607666,119,0.0,0.0,0.0
2024-04-19 11:30:00-04:00,22.31999969482422,22.31999969482422,22.31999969482422,22.31999969482422,200,0.0,0.0,0.0
2024-04-19 13:30:00-04:00,22.360000610351562,22.360000610351562,22.34950065612793,22.349899291992188,1301,0.0,0.0,0.0
2024-04-22 09:30:00-04:00,22.200000762939453,22.200000762939453,22.15519905090332,22.15519905090332,402,0.0,0.0,0.0
2024-04-22 11:30:00-04:00,22.225000381469727,22.225000381469727,22.225000381469727,22.225000381469727,275,0.0,0.0,0.0
2024-04-22 12:30:00-04:00,22.219999313354492,22.2549991607666,22.219999313354492,22.2549991607666,0,0.0,0.0,0.0
2024-04-23 09:30:00-04:00,22.25,22.321800231933594,22.25,22.321800231933594,0,0.0,0.0,0.0
2024-04-24 09:30:00-04:00,22.399999618530273,22.40999984741211,22.360000610351562,22.3705997467041,1805,0.0,0.0,0.0
2024-04-25 09:30:00-04:00,22.34000015258789,22.34000015258789,22.34000015258789,22.34000015258789,0,0.0,0.0,0.0
2024-04-25 10:30:00-04:00,22.43000030517578,22.43000030517578,22.399999618530273,22.428600311279297,2095,0.0,0.0,0.0
2024-04-26 09:30:00-04:00,23.157699584960938,23.209199905395508,23.157699584960938,23.209199905395508,2531,0.0,0.0,0.0
2024-04-26 10:30:00-04:00,23.142799377441406,23.15999984741211,23.142799377441406,23.159500122070312,2321,0.0,0.0,0.0
2024-04-26 13:30:00-04:00,23.15999984741211,23.15999984741211,23.15999984741211,23.15999984741211,464,0.0,0.0,0.0
2024-04-26 14:30:00-04:00,23.15999984741211,23.170000076293945,23.15999984741211,23.161800384521484,618,0.0,0.0,0.0
2024-04-29 09:30:00-04:00,23.8799991607666,24.07990074157715,23.8799991607666,24.06999969482422,5935,0.0,0.0,0.0
2024-04-29 10:30:00-04:00,24.03499984741211,24.03499984741211,24.03499984741211,24.03499984741211,1017,0.0,0.0,0.0
2024-04-29 11:30:00-04:00,24.059999465942383,24.059999465942383,24.059999465942383,24.059999465942383,599,0.0,0.0,0.0
2024-04-29 14:30:00-04:00,24.1200008392334,24.170000076293945,24.1200008392334,24.170000076293945,1620,0.0,0.0,0.0
2024-04-29 15:30:00-04:00,24.139999389648438,24.158000946044922,24.139999389648438,24.140300750732422,0,0.0,0.0,0.0
2024-04-30 09:30:00-04:00,23.850000381469727,23.850000381469727,23.670000076293945,23.700000762939453,1208,0.0,0.0,0.0
2024-04-30 10:30:00-04:00,23.690000534057617,23.700000762939453,23.690000534057617,23.700000762939453,350,0.0,0.0,0.0
2024-04-30 11:30:00-04:00,23.65999984741211,23.65999984741211,23.649999618530273,23.649999618530273,654,0.0,0.0,0.0
2024-04-30 12:30:00-04:00,23.709999084472656,23.71500015258789,23.65999984741211,23.65999984741211,3323,0.0,0.0,0.0
2024-04-30 13:30:00-04:00,23.649999618530273,23.649999618530273,23.649999618530273,23.649999618530273,200,0.0,0.0,0.0
2024-04-30 14:30:00-04:00,23.639999389648438,23.639999389648438,23.639999389648438,23.639999389648438,100,0.0,0.0,0.0
2024-04-30 15:30:00-04:00,23.639999389648438,23.674999237060547,23.639999389648438,23.66230010986328,0,0.0,0.0,0.0
2024-05-01 09:30:00-04:00,23.510000228881836,23.667200088500977,23.510000228881836,23.667200088500977,1203,0.0,0.0,0.0
2024-05-02 09:30:00-04:00,24.0,24.020000457763672,24.0,24.0,1612,0.0,0.0,0.0
2024-05-02 10:30:00-04:00,24.049999237060547,24.190000534057617,24.049999237060547,24.190000534057617,7275,0.0,0.0,0.0
2024-05-02 11:30:00-04:00,24.25,24.32990074157715,24.25,24.32990074157715,1616,0.0,0.0,0.0
2024-05-02 13:30:00-04:00,24.434999465942383,24.479999542236328,24.434999465942383,24.479999542236328,315,0.0,0.0,0.0
2024-05-02 14:30:00-04:00,24.43000030517578,24.499900817871094,24.43000030517578,24.469999313354492,694,0.0,0.0,0.0
2024-05-02 15:30:00-04:00,24.43000030517578,24.46150016784668,24.420000076293945,24.46150016784668,0,0.0,0.0,0.0
2024-05-03 09:30:00-04:00,24.5,24.5,24.469999313354492,24.469999313354492,1910,0.0,0.0,0.0
2024-05-03 10:30:00-04:00,24.36009979248047,24.36009979248047,24.36009979248047,24.36009979248047,138,0.0,0.0,0.0
2024-05-03 11:30:00-04:00,24.43000030517578,24.450000762939453,24.420000076293945,24.450000762939453,1413,0.0,0.0,0.0
2024-05-03 12:30:00-04:00,24.40999984741211,24.440000534057617,24.40999984741211,24.434999465942383,1878,0.0,0.0,0.0
2024-05-03 14:30:00-04:00,24.459999084472656,24.459999084472656,24.44499969482422,24.44499969482422,300,0.0,0.0,0.0
2024-05-03 15:30:00-04:00,24.449899673461914,24.450000762939453,24.44499969482422,24.449499130249023,469,0.0,0.0,0.0
2024-05-06 09:30:00-04:00,24.510000228881836,24.520000457763672,24.399999618530273,24.42300033569336,6710,0.0,0.0,0.0
2024-05-06 10:30:00-04:00,24.489999771118164,24.489999771118164,24.420000076293945,24.489999771118164,1753,0.0,0.0,0.0
2024-05-06 11:30:00-04:00,24.459999084472656,24.459999084472656,24.399999618530273,24.44499969482422,0,0.0,0.0,0.0
2024-05-07 09:30:00-04:00,24.360000610351562,24.43000030517578,24.309999465942383,24.43000030517578,3472,0.0,0.0,0.0
2024-05-07 10:30:00-04:00,24.325000762939453,24.325000762939453,24.325000762939453,24.325000762939453,199,0.0,0.0,0.0
2024-05-07 11:30:00-04:00,24.329999923706055,24.329999923706055,24.329999923706055,24.329999923706055,433,0.0,0.0,0.0
2024-05-07 13:30:00-04:00,24.309499740600586,24.328500747680664,24.309499740600586,24.328500747680664,0,0.0,0.0,0.0
2024-05-08 09:30:00-04:00,24.049999237060547,24.049999237060547,23.959999084472656,23.969999313354492,1218,0.0,0.0,0.0
2024-05-08 10:30:00-04:00,23.989999771118164,24.020000457763672,23.989999771118164,24.020000457763672,2081,0.0,0.0,0.0
2024-05-08 12:30:00-04:00,24.0,24.0,24.0,24.0,526,0.0,0.0,0.0
2024-05-08 14:30:00-04:00,24.0,24.010000228881836,23.970199584960938,24.004100799560547,0,0.0,0.0,0.0
2024-05-09 14:30:00-04:00,24.559999465942383,24.559999465942383,24.559999465942383,24.559999465942383,1292,0.0,0.0,0.0
2024-05-09 15:30:00-04:00,24.490100860595703,24.536100387573242,24.490100860595703,24.536100387573242,518,0.0,0.0,0.0
2024-05-10 09:30:00-04:00,24.299999237060547,24.299999237060547,24.1299991607666,24.190000534057617,8408,0.0,0.0,0.0
2024-05-10 10:30:00-04:00,24.190000534057617,24.190000534057617,24.190000534057617,24.190000534057617,382,0.0,0.0,0.0
2024-05-10 11:30:00-04:00,24.190000534057617,24.190000534057617,24.190000534057617,24.190000534057617,115,0.0,0.0,0.0
2024-05-10 12:30:00-04:00,24.190000534057617,24.204999923706055,24.190000534057617,24.190000534057617,4238,0.0,0.0,0.0
2024-05-10 13:30:00-04:00,24.18000030517578,24.204700469970703,24.18000030517578,24.204700469970703,930,0.0,0.0,0.0
2024-05-13 09:30:00-04:00,23.899999618530273,24.0,23.899999618530273,24.0,0,0.0,0.0,0.0
2024-05-13 11:30:00-04:00,24.0,24.030000686645508,24.0,24.030000686645508,1244,0.0,0.0,0.0
2024-05-13 12:30:00-04:00,24.024999618530273,24.03499984741211,24.024999618530273,24.030000686645508,512,0.0,0.0,0.0
2024-05-13 13:30:00-04:00,24.024999618530273,24.024999618530273,24.024999618530273,24.024999618530273,403,0.0,0.0,0.0
2024-05-13 15:30:00-04:00,24.020000457763672,24.021900177001953,24.020000457763672,24.021900177001953,0,0.0,0.0,0.0
2024-05-14 09:30:00-04:00,23.899499893188477,23.899499893188477,23.889999389648438,23.889999389648438,972,0.0,0.0,0.0
2024-05-14 10:30:00-04:00,23.854999542236328,23.854999542236328,23.854999542236328,23.854999542236328,152,0.0,0.0,0.0
2024-05-14 11:30:00-04:00,23.875,23.875,23.875,23.875,200,0.0,0.0,0.0
2024-05-14 12:30:00-04:00,23.860000610351562,23.860000610351562,23.860000610351562,23.860000610351562,150,0.0,0.0,0.0
2024-05-14 13:30:00-04:00,23.860000610351562,23.895000457763672,23.860000610351562,23.889999389648438,1703,0.0,0.0,0.0
2024-05-14 14:30:00-04:00,23.86009979248047,23.86009979248047,23.86009979248047,23.86009979248047,164,0.0,0.0,0.0
2024-05-14 15:30:00-04:00,23.889999389648438,23.889999389648438,23.88960075378418,23.88960075378418,0,0.0,0.0,0.0
2024-05-15 09:30:00-04:00,23.690000534057617,23.8302001953125,23.690000534057617,23.8302001953125,1733,0.0,0.0,0.0
2024-05-16 09:30:00-04:00,23.920000076293945,23.920000076293945,23.799999237060547,23.84000015258789,0,0.0,0.0,0.0
2024-05-16 10:30:00-04:00,23.8700008392334,23.8700008392334,23.829999923706055,23.829999923706055,405,0.0,0.0,0.0
2024-05-16 11:30:00-04:00,23.810100555419922,23.810100555419922,23.810100555419922,23.810100555419922,150,0.0,0.0,0.0
2024-05-16 13:30:00-04:00,23.860000610351562,23.864999771118164,23.84670066833496,23.84670066833496,810,0.0,0.0,0.0
2024-05-16 14:30:00-04:00,23.85580062866211,23.85580062866211,23.854299545288086,23.854299545288086,0,0.0,0.0,0.0
2024-05-17 09:30:00-04:00,24.15999984741211,24.200000762939453,24.15999984741211,24.170000076293945,790,0.0,0.0,0.0
2024-05-17 11:30:00-04:00,24.17009925842285,24.17009925842285,24.17009925842285,24.17009925842285,328,0.0,0.0,0.0
2024-05-17 13:30:00-04:00,24.18000030517578,24.18000030517578,24.18000030517578,24.18000030517578,221,0.0,0.0,0.0
2024-05-17 14:30:00-04:00,24.18000030517578,24.195199966430664,24.18000030517578,24.18079948425293,300,0.0,0.0,0.0
2024-05-20 09:30:00-04:00,24.06999969482422,24.06999969482422,24.06999969482422,24.06999969482422,0,0.0,0.0,0.0
2024-05-20 10:30:00-04:00,24.040000915527344,24.07029914855957,24.040000915527344,24.07029914855957,0,0.0,0.0,0.0
2024-05-21 09:30:00-04:00,23.90999984741211,23.90999984741211,23.90999984741211,23.90999984741211,100,0.0,0.0,0.0
2024-05-21 10:30:00-04:00,23.90999984741211,23.90999984741211,23.899999618530273,23.899999618530273,788,0.0,0.0,0.0
2024-05-21 11:30:00-04:00,23.899999618530273,23.91819953918457,23.899999618530273,23.899999618530273,671,0.0,0.0,0.0
2024-05-21 12:30:00-04:00,23.889999389648438,23.889999389648438,23.8700008392334,23.8799991607666,800,0.0,0.0,0.0
2024-05-21 13:30:00-04:00,23.8799991607666,23.8799991607666,23.8799991607666,23.8799991607666,207,0.0,0.0,0.0
2024-05-21 14:30:00-04:00,23.949899673461914,23.949899673461914,23.889999389648438,23.889999389648438,620,0.0,0.0,0.0
2024-05-21 15:30:00-04:00,23.889999389648438,23.963699340820312,23.8799991607666,23.94659996032715,1100,0.0,0.0,0.0
2024-05-22 09:30:00-04:00,24.010000228881836,24.110000610351562,23.959999084472656,24.06999969482422,0,0.0,0.0,0.0
2024-05-22 10:30:00-04:00,24.06999969482422,24.079999923706055,24.059999465942383,24.079999923706055,390,0.0,0.0,0.0
2024-05-22 14:30:00-04:00,24.049999237060547,24.07550048828125,24.049999237060547,24.07550048828125,365,0.0,0.0,0.0
2024-05-22 15:30:00-04:00,24.106000900268555,24.106000900268555,24.059999465942383,24.059999465942383,0,0.0,0.0,0.0
2024-05-23 09:30:00-04:00,23.709999084472656,23.709999084472656,23.690000534057617,23.690000534057617,788,0.0,0.0,0.0
2024-05-23 10:30:00-04:00,23.68000030517578,23.68000030517578,23.65999984741211,23.68000030517578,473,0.0,0.0,0.0
2024-05-23 12:30:00-04:00,23.674999237060547,23.674999237060547,23.674999237060547,23.674999237060547,229,0.0,0.0,0.0
2024-05-23 13:30:00-04:00,23.610000610351562,23.639999389648438,23.579999923706055,23.579999923706055,2635,0.0,0.0,0.0
2024-05-23 14:30:00-04:00,23.604999542236328,23.604999542236328,23.604999542236328,23.604999542236328,420,0.0,0.0,0.0
2024-05-23 15:30:00-04:00,23.56999969482422,23.56999969482422,23.559999465942383,23.565000534057617,0,0.0,0.0,0.0
2024-05-24 09:30:00-04:00,23.530000686645508,23.530000686645508,23.34000015258789,23.34000015258789,2564,0.0,0.0,0.0
2024-05-24 10:30:00-04:00,23.31999969482422,23.31999969482422,23.31999969482422,23.31999969482422,180,0.0,0.0,0.0
2024-05-24 11:30:00-04:00,23.360000610351562,23.360000610351562,23.320199966430664,23.320199966430664,2402,0.0,0.0,0.0
2024-05-24 13:30:00-04:00,23.350000381469727,23.350000381469727,23.350000381469727,23.350000381469727,100,0.0,0.0,0.0
2024-05-24 14:30:00-04:00,23.34000015258789,23.34000015258789,23.34000015258789,23.34000015258789,915,0.0,0.0,0.0
2024-05-24 15:30:00-04:00,23.309999465942383,23.350299835205078,23.309999465942383,23.350299835205078,1001,0.0,0.0,0.0
2024-05-28 14:30:00-04:00,23.100000381469727,23.131099700927734,23.100000381469727,23.131099700927734,0,0.0,0.0,0.0
2024-05-29 09:30:00-04:00,23.190000534057617,23.200000762939453,23.170000076293945,23.190000534057617,1520,0.0,0.0,0.0
2024-05-29 10:30:00-04:00,23.18000030517578,23.180099487304688,23.18000030517578,23.18000030517578,956,0.0,0.0,0.0
2024-05-29 11:30:00-04:00,23.18000030517578,23.18000030517578,23.170000076293945,23.170000076293945,304,0.0,0.0,0.0
2024-05-29 12:30:00-04:00,23.200000762939453,23.200000762939453,23.13010025024414,23.156099319458008,0,0.0,0.0,0.0
2024-05-30 10:30:00-04:00,23.25,23.25,23.25,23.25,1357,0.0,0.0,0.0
2024-05-30 12:30:00-04:00,23.280000686645508,23.342100143432617,23.280000686645508,23.342100143432617,0,0.0,0.0,0.0
2024-05-31 09:30:00-04:00,23.1200008392334,23.1200008392334,23.1200008392334,23.1200008392334,179,0.0,0.0,0.0
2024-05-31 10:30:00-04:00,23.040000915527344,23.040000915527344,23.020000457763672,23.020000457763672,1243,0.0,0.0,0.0
2024-05-31 12:30:00-04:00,23.091299057006836,23.091299057006836,23.091299057006836,23.091299057006836,374,0.0,0.0,0.0
2024-05-31 14:30:00-04:00,23.1200008392334,23.1200008392334,23.1200008392334,23.1200008392334,0,0.0,0.0,0.0
2024-05-31 15:30:00-04:00,23.100000381469727,23.1200008392334,23.100000381469727,23.1200008392334,2201,0.0,0.0,0.0
2024-06-03 09:30:00-04:00,23.239999771118164,23.30500030517578,23.239999771118164,23.30500030517578,2545,0.0,0.0,0.0
2024-06-04 09:30:00-04:00,23.530000686645508,23.709999084472656,23.530000686645508,23.709999084472656,595,0.0,0.0,0.0
2024-06-04 10:30:00-04:00,23.65999984741211,23.65999984741211,23.65999984741211,23.65999984741211,120,0.0,0.0,0.0
2024-06-04 13:30:00-04:00,23.62070083618164,23.62070083618164,23.62070083618164,23.62070083618164,112,0.0,0.0,0.0
2024-06-04 14:30:00-04:00,23.700000762939453,23.700000762939453,23.65999984741211,23.665000915527344,0,0.0,0.0,0.0
2024-06-05 09:30:00-04:00,23.549999237060547,23.549999237060547,23.514999389648438,23.514999389648438,224,0.0,0.0,0.0
2024-06-05 10:30:00-04:00,23.459999084472656,23.459999084472656,23.459999084472656,23.459999084472656,427,0.0,0.0,0.0
2024-06-05 12:30:00-04:00,23.489999771118164,23.489999771118164,23.45840072631836,23.479999542236328,659,0.0,0.0,0.0
2024-06-05 13:30:00-04:00,23.45400047302246,23.496000289916992,23.450000762939453,23.496000289916992,0,0.0,0.0,0.0
2024-06-06 09:30:00-04:00,23.34000015258789,23.34000015258789,23.299999237060547,23.299999237060547,554,0.0,0.0,0.0
2024-06-06 13:30:00-04:00,23.329999923706055,23.344999313354492,23.31999969482422,23.31999969482422,1408,0.0,0.0,0.0
2024-06-06 14:30:00-04:00,23.329999923706055,23.344999313354492,23.329999923706055,23.334999084472656,0,0.0,0.0,0.0
2024-06-07 11:30:00-04:00,22.75,22.818899154663086,22.728700637817383,22.728700637817383,1970,0.0,0.0,0.0
2024-06-10 09:30:00-04:00,22.899999618530273,22.899999618530273,22.7450008392334,22.7450008392334,0,0.0,0.0,0.0
2024-06-11 09:30:00-04:00,22.875,22.93000030517578,22.8700008392334,22.93000030517578,5276,0.0,0.0,0.0
2024-06-11 15:30:00-04:00,22.850099563598633,22.85700035095215,22.850099563598633,22.85700035095215,0,0.0,0.0,0.0
2024-06-12 09:30:00-04:00,22.850000381469727,22.850000381469727,22.829999923706055,22.850000381469727,2225,0.0,0.0,0.0
2024-06-12 12:30:00-04:00,22.860000610351562,22.872499465942383,22.860000610351562,22.872499465942383,0,0.0,0.0,0.0
2024-06-13 09:30:00-04:00,22.860000610351562,22.860000610351562,22.790000915527344,22.790000915527344,567,0.0,0.0,0.0
2024-06-13 10:30:00-04:00,22.790000915527344,22.790000915527344,22.7549991607666,22.7549991607666,326,0.0,0.0,0.0
2024-06-13 11:30:00-04:00,22.7549991607666,22.7549991607666,22.729999542236328,22.729999542236328,0,0.0,0.0,0.0
2024-06-14 09:30:00-04:00,22.920000076293945,22.920000076293945,22.920000076293945,22.920000076293945,224,0.0,0.0,0.0
2024-06-14 11:30:00-04:00,22.875,22.875,22.875,22.875,100,0.0,0.0,0.0
2024-06-14 15:30:00-04:00,22.8700008392334,22.8700008392334,22.8700008392334,22.8700008392334,100,0.0,0.0,0.0
2024-06-17 09:30:00-04:00,23.239999771118164,23.239999771118164,23.239999771118164,23.239999771118164,821,0.0,0.0,0.0
2024-06-17 10:30:00-04:00,23.06999969482422,23.06999969482422,23.06999969482422,23.06999969482422,657,0.0,0.0,0.0
2024-06-17 13:30:00-04:00,23.178199768066406,23.178199768066406,23.135099411010742,23.135099411010742,124,0.0,0.0,0.0
2024-06-18 09:30:00-04:00,23.030000686645508,23.204999923706055,23.030000686645508,23.204999923706055,0,0.0,0.0,0.0
2024-06-18 10:30:00-04:00,23.200000762939453,23.229999542236328,23.200000762939453,23.229999542236328,524,0.0,0.0,0.0
2024-06-18 11:30:00-04:00,23.25,23.25,23.25,23.25,221,0.0,0.0,0.0
2024-06-18 15:30:00-04:00,23.25,23.26460075378418,23.25,23.26460075378418,100,0.0,0.0,0.0
2024-06-20 09:30:00-04:00,22.610000610351562,22.610000610351562,22.3799991607666,22.5,2117,0.0,0.0,0.0
2024-06-20 11:30:00-04:00,22.420000076293945,22.420000076293945,22.381799697875977,22.381799697875977,493,0.0,0.0,0.0
2024-06-20 15:30:00-04:00,22.450000762939453,22.450000762939453,22.41710090637207,22.41710090637207,200,0.0,0.0,0.0
2024-06-21 09:30:00-04:00,22.5,22.5,22.5,22.5,0,0.0,0.0,0.0
2024-06-21 13:30:00-04:00,22.350000381469727,22.35810089111328,22.350000381469727,22.35810089111328,234,0.0,0.0,0.0
2024-06-24 09:30:00-04:00,22.06999969482422,22.219999313354492,22.06999969482422,22.190000534057617,502,0.0,0.0,0.0
2024-06-24 10:30:00-04:00,22.209999084472656,22.209999084472656,22.20400047302246,22.209999084472656,1679,0.0,0.0,0.0
2024-06-24 11:30:00-04:00,22.219999313354492,22.219999313354492,22.178300857543945,22.178300857543945,0,0.0,0.0,0.0
2024-06-25 09:30:00-04:00,21.729999542236328,21.729999542236328,21.65999984741211,21.700000762939453,1269,0.0,0.0,0.0
2024-06-25 10:30:00-04:00,21.639999389648438,21.639999389648438,21.6200008392334,21.639999389648438,9738,0.0,0.0,0.0
2024-06-25 11:30:00-04:00,21.649999618530273,21.649999618530273,21.6299991607666,21.649999618530273,1316,0.0,0.0,0.0
2024-06-25 14:30:00-04:00,21.684999465942383,21.690000534057617,21.684999465942383,21.690000534057617,305,0.0,0.0,0.0
2024-06-25 15:30:00-04:00,21.700000762939453,21.700000762939453,21.698200225830078,21.698200225830078,0,0.0,0.0,0.0
2024-06-26 09:30:00-04:00,21.8700008392334,22.03499984741211,21.8700008392334,22.019399642944336,1522,0.0,0.0,0.0
2024-06-26 10:30:00-04:00,21.993999481201172,21.993999481201172,21.969999313354492,21.969999313354492,10094,0.0,0.0,0.0
2024-06-26 15:30:00-04:00,21.959999084472656,21.959999084472656,21.959999084472656,21.959999084472656,250,0.0,0.0,0.0
2024-06-27 09:30:00-04:00,21.68000030517578,21.68000030517578,21.672500610351562,21.672500610351562,0,0.0,0.0,0.0
2024-06-28 09:30:00-04:00,21.52400016784668,21.52400016784668,21.420299530029297,21.420299530029297,407,0.0,0.0,0.0
2024-06-28 10:30:00-04:00,21.43000030517578,21.44499969482422,21.43000030517578,21.43199920654297,808,0.0,0.0,0.0
2024-07-01 09:30:00-04:00,21.399999618530273,21.399999618530273,21.399999618530273,21.399999618530273,0,0.0,0.0,0.0
2024-07-01 10:30:00-04:00,21.389999389648438,21.428800582885742,21.389999389648438,21.428800582885742,0,0.0,0.0,0.0
2024-07-02 10:30:00-04:00,21.190000534057617,21.190000534057617,21.190000534057617,21.190000534057617,147,0.0,0.0,0.0
2024-07-02 15:30:00-04:00,21.26259994506836,21.26259994506836,21.243099212646484,21.243099212646484,100,0.0,0.0,0.0
2024-07-03 09:30:00-04:00,21.299999237060547,21.299999237060547,21.19499969482422,21.19499969482422,0,0.0,0.0,0.0
2024-07-03 10:30:00-04:00,21.219999313354492,21.233200073242188,21.219999313354492,21.233200073242188,1666,0.0,0.0,0.0
2024-07-05 09:30:00-04:00,21.09000015258789,21.09000015258789,21.021699905395508,21.021699905395508,0,0.0,0.0,0.0
2024-07-05 10:30:00-04:00,21.079999923706055,21.104999542236328,21.079999923706055,21.104999542236328,1263,0.0,0.0,0.0
2024-07-08 09:30:00-04:00,20.93000030517578,20.93000030517578,20.790000915527344,20.790000915527344,0,0.0,0.0,0.0
2024-07-08 10:30:00-04:00,20.790000915527344,20.80500030517578,20.739999771118164,20.80500030517578,2349,0.0,0.0,0.0
2024-07-08 14:30:00-04:00,20.780000686645508,20.780000686645508,20.780000686645508,20.780000686645508,212,0.0,0.0,0.0
2024-07-08 15:30:00-04:00,20.793699264526367,20.793699264526367,20.793699264526367,20.793699264526367,0,0.0,0.0,0.0
2024-07-09 09:30:00-04:00,21.059999465942383,21.062299728393555,21.059999465942383,21.062299728393555,452,0.0,0.0,0.0
2024-07-09 10:30:00-04:00,21.109899520874023,21.109899520874023,21.051700592041016,21.051700592041016,623,0.0,0.0,0.0
2024-07-09 11:30:00-04:00,21.094999313354492,21.094999313354492,21.094100952148438,21.094100952148438,0,0.0,0.0,0.0
2024-07-10 10:30:00-04:00,21.055599212646484,21.075000762939453,21.055599212646484,21.075000762939453,700,0.0,0.0,0.0
2024-07-10 11:30:00-04:00,21.100000381469727,21.100000381469727,21.100000381469727,21.100000381469727,321,0.0,0.0,0.0
2024-07-10 12:30:00-04:00,21.104700088500977,21.104700088500977,21.104700088500977,21.104700088500977,295,0.0,0.0,0.0
2024-07-10 15:30:00-04:00,21.1299991607666,21.139999389648438,21.070499420166016,21.074100494384766,0,0.0,0.0,0.0
2024-07-11 09:30:00-04:00,21.609899520874023,21.610000610351562,21.609899520874023,21.610000610351562,616,0.0,0.0,0.0
2024-07-11 11:30:00-04:00,21.625,21.6299991607666,21.625,21.625,190,0.0,0.0,0.0
2024-07-12 09:30:00-04:00,21.6200008392334,21.639999389648438,21.6200008392334,21.639999389648438,0,0.0,0.0,0.0
2024-07-12 12:30:00-04:00,21.549999237060547,21.549999237060547,21.540000915527344,21.540000915527344,1404,0.0,0.0,0.0
2024-07-12 14:30:00-04:00,21.5802001953125,21.5802001953125,21.550800323486328,21.550800323486328,530,0.0,0.0,0.0
2024-07-15 09:30:00-04:00,21.420000076293945,21.420000076293945,21.329999923706055,21.329999923706055,0,0.0,0.0,0.0
2024-07-15 11:30:00-04:00,21.329999923706055,21.329999923706055,21.329999923706055,21.329999923706055,797,0.0,0.0,0.0
2024-07-15 15:30:00-04:00,21.31999969482422,21.329999923706055,21.31999969482422,21.32990074157715,0,0.0,0.0,0.0
2024-07-16 09:30:00-04:00,21.479999542236328,21.6200008392334,21.43000030517578,21.6200008392334,398,0.0,0.0,0.0
2024-07-17 10:30:00-04:00,21.71500015258789,21.71500015258789,21.71500015258789,21.71500015258789,126,0.0,0.0,0.0
2024-07-17 11:30:00-04:00,21.670000076293945,21.670000076293945,21.670000076293945,21.670000076293945,356,0.0,0.0,0.0
2024-07-17 14:30:00-04:00,21.704999923706055,21.709199905395508,21.704999923706055,21.709199905395508,0,0.0,0.0,0.0
2024-07-18 09:30:00-04:00,22.030000686645508,22.030000686645508,21.889999389648438,21.889999389648438,0,0.0,0.0,0.0
2024-07-18 15:30:00-04:00,21.861299514770508,21.861299514770508,21.861299514770508,21.861299514770508,68,0.0,0.0,0.0
2024-07-19 09:30:00-04:00,21.979999542236328,21.99799919128418,21.960100173950195,21.99799919128418,1857,0.0,0.0,0.0
2024-07-19 12:30:00-04:00,21.959999084472656,21.96579933166504,21.950000762939453,21.96579933166504,1609,0.0,0.0,0.0
