Datetime,Open,High,Low,Close,Volume,Dividends,Stock Splits
2022-07-20 09:30:00-04:00,4.840000152587891,5.289400100708008,4.809999942779541,5.289400100708008,0,0.0,0.0
2022-07-20 10:30:00-04:00,5.289999961853027,5.420000076293945,5.260000228881836,5.414999961853027,304897,0.0,0.0
2022-07-20 11:30:00-04:00,5.414999961853027,5.46999979019165,5.394999980926514,5.434999942779541,143552,0.0,0.0
2022-07-20 12:30:00-04:00,5.434999942779541,5.46999979019165,5.380000114440918,5.439199924468994,194757,0.0,0.0
2022-07-20 13:30:00-04:00,5.440000057220459,5.474999904632568,5.360000133514404,5.409999847412109,331948,0.0,0.0
2022-07-20 14:30:00-04:00,5.414999961853027,5.5,5.400000095367432,5.5,332536,0.0,0.0
2022-07-20 15:30:00-04:00,5.494999885559082,5.510000228881836,5.46999979019165,5.485000133514404,434170,0.0,0.0
2022-07-21 09:30:00-04:00,5.480000019073486,5.650000095367432,5.46999979019165,5.489999771118164,353119,0.0,0.0
2022-07-21 10:30:00-04:00,5.480000019073486,5.554999828338623,5.429999828338623,5.545000076293945,164934,0.0,0.0
2022-07-21 11:30:00-04:00,5.550000190734863,5.675000190734863,5.534999847412109,5.675000190734863,182060,0.0,0.0
2022-07-21 12:30:00-04:00,5.679999828338623,5.679999828338623,5.579999923706055,5.59499979019165,216394,0.0,0.0
2022-07-21 13:30:00-04:00,5.599999904632568,5.659999847412109,5.579999923706055,5.64900016784668,247285,0.0,0.0
2022-07-21 14:30:00-04:00,5.639999866485596,5.644999980926514,5.550000190734863,5.619999885559082,567507,0.0,0.0
2022-07-21 15:30:00-04:00,5.619999885559082,5.659999847412109,5.590000152587891,5.650000095367432,413901,0.0,0.0
2022-07-22 09:30:00-04:00,5.619999885559082,5.710000038146973,5.474999904632568,5.539999961853027,266951,0.0,0.0
2022-07-22 10:30:00-04:00,5.539999961853027,5.554999828338623,5.409999847412109,5.420000076293945,148139,0.0,0.0
2022-07-22 11:30:00-04:00,5.420000076293945,5.420000076293945,5.300000190734863,5.300000190734863,90362,0.0,0.0
2022-07-22 12:30:00-04:00,5.309999942779541,5.340000152587891,5.260000228881836,5.304999828338623,144669,0.0,0.0
2022-07-22 13:30:00-04:00,5.300000190734863,5.300000190734863,5.260000228881836,5.28000020980835,95564,0.0,0.0
2022-07-22 14:30:00-04:00,5.28000020980835,5.380000114440918,5.275000095367432,5.360000133514404,159522,0.0,0.0
2022-07-22 15:30:00-04:00,5.360000133514404,5.409999847412109,5.349999904632568,5.400000095367432,527839,0.0,0.0
2022-07-25 09:30:00-04:00,5.389999866485596,5.40500020980835,5.239999771118164,5.324999809265137,155234,0.0,0.0
2022-07-25 10:30:00-04:00,5.320000171661377,5.380000114440918,5.300000190734863,5.324999809265137,108821,0.0,0.0
2022-07-25 11:30:00-04:00,5.335000038146973,5.360000133514404,5.300000190734863,5.340000152587891,101630,0.0,0.0
2022-07-25 12:30:00-04:00,5.335000038146973,5.389999866485596,5.309999942779541,5.329999923706055,151943,0.0,0.0
2022-07-25 13:30:00-04:00,5.340000152587891,5.369999885559082,5.300000190734863,5.320000171661377,133789,0.0,0.0
2022-07-25 14:30:00-04:00,5.320000171661377,5.340000152587891,5.260000228881836,5.289999961853027,215403,0.0,0.0
2022-07-25 15:30:00-04:00,5.284999847412109,5.400000095367432,5.28000020980835,5.355000019073486,600719,0.0,0.0
2022-07-26 09:30:00-04:00,5.269999980926514,5.300000190734863,5.014999866485596,5.014999866485596,231845,0.0,0.0
2022-07-26 10:30:00-04:00,5.014999866485596,5.059999942779541,4.989999771118164,5.005000114440918,101111,0.0,0.0
2022-07-26 11:30:00-04:00,5.010000228881836,5.054999828338623,5.0,5.03000020980835,208859,0.0,0.0
2022-07-26 12:30:00-04:00,5.03000020980835,5.039999961853027,5.0,5.005000114440918,90407,0.0,0.0
2022-07-26 13:30:00-04:00,5.010000228881836,5.054999828338623,4.989999771118164,5.0,87173,0.0,0.0
2022-07-26 14:30:00-04:00,5.005000114440918,5.03000020980835,4.960000038146973,4.965000152587891,131619,0.0,0.0
2022-07-26 15:30:00-04:00,4.965000152587891,4.980000019073486,4.920000076293945,4.929999828338623,354700,0.0,0.0
2022-07-27 09:30:00-04:00,5.090000152587891,5.139999866485596,5.039999961853027,5.050000190734863,197240,0.0,0.0
2022-07-27 10:30:00-04:00,5.050000190734863,5.119999885559082,5.039999961853027,5.114999771118164,97919,0.0,0.0
2022-07-27 11:30:00-04:00,5.114999771118164,5.15500020980835,5.079999923706055,5.139999866485596,160709,0.0,0.0
2022-07-27 12:30:00-04:00,5.135000228881836,5.199999809265137,5.114999771118164,5.195000171661377,254464,0.0,0.0
2022-07-27 13:30:00-04:00,5.195000171661377,5.255000114440918,5.170000076293945,5.255000114440918,223152,0.0,0.0
2022-07-27 14:30:00-04:00,5.260000228881836,5.329999923706055,5.190000057220459,5.304999828338623,533945,0.0,0.0
2022-07-27 15:30:00-04:00,5.309999942779541,5.320000171661377,5.28000020980835,5.309999942779541,520438,0.0,0.0
2022-07-28 09:30:00-04:00,4.829999923706055,5.590000152587891,4.829999923706055,5.107500076293945,1104687,0.0,0.0
2022-07-28 10:30:00-04:00,5.099999904632568,5.28000020980835,5.090000152587891,5.25,342936,0.0,0.0
2022-07-28 11:30:00-04:00,5.25,5.300000190734863,5.150000095367432,5.175000190734863,270611,0.0,0.0
2022-07-28 12:30:00-04:00,5.170000076293945,5.239999771118164,5.150000095367432,5.21999979019165,202233,0.0,0.0
2022-07-28 13:30:00-04:00,5.224999904632568,5.25,5.210000038146973,5.244999885559082,188590,0.0,0.0
2022-07-28 14:30:00-04:00,5.244999885559082,5.25,5.199999809265137,5.204999923706055,352153,0.0,0.0
2022-07-28 15:30:00-04:00,5.204999923706055,5.239999771118164,5.199999809265137,5.21999979019165,562360,0.0,0.0
2022-07-29 09:30:00-04:00,5.150000095367432,5.210000038146973,4.940000057220459,5.099999904632568,369739,0.0,0.0
2022-07-29 10:30:00-04:00,5.099999904632568,5.139999866485596,4.980000019073486,4.994999885559082,239212,0.0,0.0
2022-07-29 11:30:00-04:00,4.989999771118164,5.0,4.889999866485596,4.889999866485596,185800,0.0,0.0
2022-07-29 12:30:00-04:00,4.894999980926514,4.929999828338623,4.860000133514404,4.860000133514404,169248,0.0,0.0
2022-07-29 13:30:00-04:00,4.860000133514404,4.960000038146973,4.835000038146973,4.934999942779541,256100,0.0,0.0
2022-07-29 14:30:00-04:00,4.934999942779541,4.949999809265137,4.864999771118164,4.885000228881836,259638,0.0,0.0
2022-07-29 15:30:00-04:00,4.880000114440918,4.920000076293945,4.880000114440918,4.889999866485596,431728,0.0,0.0
2022-08-01 09:30:00-04:00,4.849999904632568,4.945000171661377,4.744999885559082,4.900000095367432,305233,0.0,0.0
2022-08-01 10:30:00-04:00,4.894999980926514,5.059999942779541,4.894999980926514,5.045000076293945,285190,0.0,0.0
2022-08-01 11:30:00-04:00,5.039999961853027,5.110000133514404,5.0,5.025000095367432,161062,0.0,0.0
2022-08-01 12:30:00-04:00,5.025000095367432,5.050000190734863,4.960000038146973,4.960000038146973,158534,0.0,0.0
2022-08-01 13:30:00-04:00,4.965000152587891,4.974999904632568,4.920100212097168,4.954999923706055,160341,0.0,0.0
2022-08-01 14:30:00-04:00,4.954999923706055,5.0,4.949999809265137,4.974999904632568,146917,0.0,0.0
2022-08-01 15:30:00-04:00,4.980000019073486,4.980000019073486,4.940000057220459,4.960000038146973,329049,0.0,0.0
2022-08-02 09:30:00-04:00,4.940000057220459,5.199999809265137,4.889999866485596,5.170000076293945,230723,0.0,0.0
2022-08-02 10:30:00-04:00,5.170000076293945,5.21999979019165,5.125,5.164999961853027,224607,0.0,0.0
2022-08-02 11:30:00-04:00,5.164999961853027,5.210000038146973,5.139999866485596,5.170000076293945,129518,0.0,0.0
2022-08-02 12:30:00-04:00,5.170000076293945,5.21999979019165,5.170000076293945,5.190000057220459,158699,0.0,0.0
2022-08-02 13:30:00-04:00,5.190000057220459,5.199999809265137,5.135000228881836,5.199999809265137,132100,0.0,0.0
2022-08-02 14:30:00-04:00,5.195000171661377,5.210000038146973,5.175000190734863,5.190000057220459,159335,0.0,0.0
2022-08-02 15:30:00-04:00,5.190000057220459,5.199999809265137,5.159999847412109,5.190000057220459,293297,0.0,0.0
2022-08-03 09:30:00-04:00,5.360000133514404,5.454999923706055,5.28000020980835,5.414999961853027,196117,0.0,0.0
2022-08-03 10:30:00-04:00,5.40500020980835,5.449999809265137,5.369999885559082,5.445000171661377,85413,0.0,0.0
2022-08-03 11:30:00-04:00,5.440000057220459,5.474999904632568,5.420000076293945,5.454999923706055,95064,0.0,0.0
2022-08-03 12:30:00-04:00,5.449999809265137,5.53000020980835,5.449999809265137,5.53000020980835,99620,0.0,0.0
2022-08-03 13:30:00-04:00,5.53000020980835,5.550000190734863,5.489999771118164,5.519999980926514,130195,0.0,0.0
2022-08-03 14:30:00-04:00,5.514999866485596,5.559999942779541,5.505000114440918,5.559999942779541,118838,0.0,0.0
2022-08-03 15:30:00-04:00,5.559999942779541,5.619999885559082,5.550000190734863,5.610000133514404,308732,0.0,0.0
2022-08-04 09:30:00-04:00,4.960000038146973,5.019999980926514,4.53000020980835,4.7291998863220215,2001476,0.0,0.0
2022-08-04 10:30:00-04:00,4.730000019073486,4.737500190734863,4.450099945068359,4.460000038146973,1269364,0.0,0.0
2022-08-04 11:30:00-04:00,4.460000038146973,4.489999771118164,4.400000095367432,4.485000133514404,550728,0.0,0.0
2022-08-04 12:30:00-04:00,4.485000133514404,4.5,4.425000190734863,4.470099925994873,673595,0.0,0.0
2022-08-04 13:30:00-04:00,4.470799922943115,4.474999904632568,4.349999904632568,4.355000019073486,671070,0.0,0.0
2022-08-04 14:30:00-04:00,4.355000019073486,4.369999885559082,4.289999961853027,4.300000190734863,1144936,0.0,0.0
2022-08-04 15:30:00-04:00,4.304999828338623,4.369999885559082,4.28000020980835,4.360000133514404,987586,0.0,0.0
2022-08-05 09:30:00-04:00,4.369999885559082,4.658100128173828,4.21999979019165,4.565000057220459,1360189,0.0,0.0
2022-08-05 10:30:00-04:00,4.565000057220459,4.590000152587891,4.425000190734863,4.429999828338623,782710,0.0,0.0
2022-08-05 11:30:00-04:00,4.429999828338623,4.485000133514404,4.391300201416016,4.414999961853027,346739,0.0,0.0
2022-08-05 12:30:00-04:00,4.4145002365112305,4.460000038146973,4.375,4.375,313351,0.0,0.0
2022-08-05 13:30:00-04:00,4.375,4.409999847412109,4.349999904632568,4.40500020980835,259976,0.0,0.0
2022-08-05 14:30:00-04:00,4.40500020980835,4.449999809265137,4.389999866485596,4.40500020980835,315563,0.0,0.0
2022-08-05 15:30:00-04:00,4.40500020980835,4.519999980926514,4.389999866485596,4.485000133514404,844573,0.0,0.0
2022-08-08 09:30:00-04:00,4.559999942779541,4.78000020980835,4.4807000160217285,4.704999923706055,1338544,0.0,0.0
2022-08-08 10:30:00-04:00,4.702499866485596,4.804999828338623,4.670000076293945,4.757999897003174,653045,0.0,0.0
2022-08-08 11:30:00-04:00,4.755000114440918,4.889400005340576,4.679999828338623,4.864999771118164,1731067,0.0,0.0
2022-08-08 12:30:00-04:00,4.864999771118164,5.239999771118164,4.860000133514404,4.96999979019165,1281170,0.0,0.0
2022-08-08 13:30:00-04:00,4.965000152587891,5.025000095367432,4.900000095367432,4.900000095367432,807778,0.0,0.0
2022-08-08 14:30:00-04:00,4.900000095367432,5.019999980926514,4.900000095367432,5.0,874801,0.0,0.0
2022-08-08 15:30:00-04:00,5.005000114440918,5.039999961853027,4.929999828338623,4.949999809265137,1134500,0.0,0.0
2022-08-09 09:30:00-04:00,4.800000190734863,5.0,4.71999979019165,4.760000228881836,867966,0.0,0.0
2022-08-09 10:30:00-04:00,4.75,4.755000114440918,4.610099792480469,4.611400127410889,461536,0.0,0.0
2022-08-09 11:30:00-04:00,4.610000133514404,4.659999847412109,4.590000152587891,4.645899772644043,282011,0.0,0.0
2022-08-09 12:30:00-04:00,4.644999980926514,4.699999809265137,4.630000114440918,4.664999961853027,201449,0.0,0.0
2022-08-09 13:30:00-04:00,4.661200046539307,4.690000057220459,4.630000114440918,4.684999942779541,171812,0.0,0.0
2022-08-09 14:30:00-04:00,4.690000057220459,4.704999923706055,4.610000133514404,4.630000114440918,283447,0.0,0.0
2022-08-09 15:30:00-04:00,4.630000114440918,4.644999980926514,4.599999904632568,4.630000114440918,641951,0.0,0.0
2022-08-10 09:30:00-04:00,4.769999980926514,4.945000171661377,4.75,4.925000190734863,443031,0.0,0.0
2022-08-10 10:30:00-04:00,4.925000190734863,4.994999885559082,4.894999980926514,4.96999979019165,257240,0.0,0.0
2022-08-10 11:30:00-04:00,4.970099925994873,5.070000171661377,4.949999809265137,5.065000057220459,203912,0.0,0.0
2022-08-10 12:30:00-04:00,5.065000057220459,5.090000152587891,5.034999847412109,5.071599960327148,283164,0.0,0.0
2022-08-10 13:30:00-04:00,5.070000171661377,5.088799953460693,5.041299819946289,5.074999809265137,160998,0.0,0.0
2022-08-10 14:30:00-04:00,5.070000171661377,5.195000171661377,5.059999942779541,5.170000076293945,2579349,0.0,0.0
2022-08-10 15:30:00-04:00,5.160099983215332,5.239999771118164,5.160099983215332,5.230000019073486,442721,0.0,0.0
2022-08-11 09:30:00-04:00,5.329999923706055,5.385000228881836,5.22599983215332,5.315000057220459,295631,0.0,0.0
2022-08-11 10:30:00-04:00,5.315000057220459,5.329999923706055,4.78000020980835,5.170000076293945,864616,0.0,0.0
2022-08-11 11:30:00-04:00,5.170000076293945,5.179999828338623,5.099999904632568,5.135000228881836,180406,0.0,0.0
2022-08-11 12:30:00-04:00,5.135000228881836,5.15500020980835,5.119999885559082,5.125,115892,0.0,0.0
2022-08-11 13:30:00-04:00,5.125,5.159999847412109,5.105000019073486,5.11269998550415,139095,0.0,0.0
2022-08-11 14:30:00-04:00,5.114999771118164,5.135000228881836,5.039999961853027,5.074999809265137,264383,0.0,0.0
2022-08-11 15:30:00-04:00,5.074999809265137,5.110000133514404,5.059999942779541,5.090000152587891,340719,0.0,0.0
2022-08-12 09:30:00-04:00,5.139999866485596,5.179999828338623,5.059999942779541,5.175000190734863,300599,0.0,0.0
2022-08-12 10:30:00-04:00,5.170000076293945,5.199999809265137,5.119999885559082,5.190000057220459,249719,0.0,0.0
2022-08-12 11:30:00-04:00,5.184999942779541,5.239999771118164,5.150000095367432,5.239999771118164,167280,0.0,0.0
2022-08-12 12:30:00-04:00,5.235000133514404,5.239999771118164,5.179999828338623,5.215000152587891,155697,0.0,0.0
2022-08-12 13:30:00-04:00,5.215000152587891,5.25,5.199999809265137,5.25,147603,0.0,0.0
2022-08-12 14:30:00-04:00,5.244999885559082,5.349999904632568,5.235000133514404,5.340000152587891,344847,0.0,0.0
2022-08-12 15:30:00-04:00,5.329999923706055,5.380000114440918,5.28000020980835,5.349999904632568,764639,0.0,0.0
2022-08-15 09:30:00-04:00,5.25,5.400000095367432,5.150000095367432,5.289999961853027,360828,0.0,0.0
2022-08-15 10:30:00-04:00,5.28000020980835,5.329999923706055,5.269999980926514,5.324999809265137,134886,0.0,0.0
2022-08-15 11:30:00-04:00,5.324999809265137,5.360000133514404,5.315000057220459,5.329999923706055,126428,0.0,0.0
2022-08-15 12:30:00-04:00,5.324999809265137,5.369999885559082,5.315000057220459,5.360000133514404,151272,0.0,0.0
2022-08-15 13:30:00-04:00,5.360000133514404,5.369999885559082,5.329999923706055,5.349999904632568,111652,0.0,0.0
2022-08-15 14:30:00-04:00,5.349999904632568,5.420000076293945,5.34499979019165,5.375,209031,0.0,0.0
2022-08-15 15:30:00-04:00,5.375,5.380000114440918,5.335000038146973,5.369999885559082,236365,0.0,0.0
2022-08-16 09:30:00-04:00,5.269999980926514,5.280600070953369,5.105000019073486,5.144999980926514,255167,0.0,0.0
2022-08-16 10:30:00-04:00,5.139999866485596,5.28000020980835,5.09499979019165,5.28000020980835,198848,0.0,0.0
2022-08-16 11:30:00-04:00,5.28000020980835,5.400000095367432,5.28000020980835,5.375,193246,0.0,0.0
2022-08-16 12:30:00-04:00,5.380000114440918,5.380000114440918,5.309999942779541,5.324999809265137,233481,0.0,0.0
2022-08-16 13:30:00-04:00,5.329999923706055,5.429999828338623,5.309999942779541,5.409999847412109,272536,0.0,0.0
2022-08-16 14:30:00-04:00,5.409999847412109,5.414999961853027,5.34499979019165,5.409999847412109,193473,0.0,0.0
2022-08-16 15:30:00-04:00,5.409999847412109,5.429999828338623,5.380000114440918,5.429999828338623,315014,0.0,0.0
2022-08-17 09:30:00-04:00,5.320000171661377,5.335000038146973,5.170000076293945,5.190000057220459,194780,0.0,0.0
2022-08-17 10:30:00-04:00,5.179999828338623,5.20989990234375,5.079999923706055,5.085000038146973,164847,0.0,0.0
2022-08-17 11:30:00-04:00,5.079999923706055,5.119999885559082,5.039999961853027,5.110000133514404,147973,0.0,0.0
2022-08-17 12:30:00-04:00,5.105000019073486,5.119999885559082,5.070000171661377,5.09499979019165,85648,0.0,0.0
2022-08-17 13:30:00-04:00,5.099999904632568,5.170000076293945,5.070000171661377,5.15500020980835,133280,0.0,0.0
2022-08-17 14:30:00-04:00,5.15500020980835,5.170000076293945,5.019999980926514,5.019999980926514,162097,0.0,0.0
2022-08-17 15:30:00-04:00,5.025000095367432,5.03000020980835,4.949999809265137,4.960000038146973,333003,0.0,0.0
2022-08-18 09:30:00-04:00,4.96999979019165,5.039999961853027,4.928999900817871,4.994999885559082,135540,0.0,0.0
2022-08-18 10:30:00-04:00,4.989999771118164,5.054999828338623,4.96999979019165,5.03000020980835,123739,0.0,0.0
2022-08-18 11:30:00-04:00,5.034999847412109,5.070000171661377,5.010000228881836,5.014999866485596,61606,0.0,0.0
2022-08-18 12:30:00-04:00,5.019999980926514,5.050000190734863,5.005000114440918,5.039999961853027,89304,0.0,0.0
2022-08-18 13:30:00-04:00,5.034999847412109,5.139999866485596,5.034999847412109,5.125,323339,0.0,0.0
2022-08-18 14:30:00-04:00,5.130000114440918,5.215000152587891,5.130000114440918,5.199999809265137,107372,0.0,0.0
2022-08-18 15:30:00-04:00,5.204999923706055,5.239999771118164,5.199999809265137,5.224999904632568,223729,0.0,0.0
2022-08-19 09:30:00-04:00,5.110000133514404,5.159999847412109,5.050000190734863,5.090000152587891,212935,0.0,0.0
2022-08-19 10:30:00-04:00,5.09499979019165,5.119999885559082,4.994999885559082,5.0,267869,0.0,0.0
2022-08-19 11:30:00-04:00,5.0,5.070000171661377,4.989999771118164,5.014999866485596,121155,0.0,0.0
2022-08-19 12:30:00-04:00,5.010000228881836,5.054999828338623,4.994999885559082,5.010000228881836,228717,0.0,0.0
2022-08-19 13:30:00-04:00,5.0,5.059999942779541,4.989999771118164,5.050000190734863,105173,0.0,0.0
2022-08-19 14:30:00-04:00,5.050000190734863,5.079999923706055,5.019999980926514,5.054999828338623,145093,0.0,0.0
2022-08-19 15:30:00-04:00,5.054999828338623,5.085000038146973,5.050000190734863,5.070000171661377,244853,0.0,0.0
2022-08-22 09:30:00-04:00,4.929999828338623,4.960000038146973,4.71999979019165,4.730800151824951,225163,0.0,0.0
2022-08-22 10:30:00-04:00,4.735000133514404,4.769999980926514,4.704999923706055,4.704999923706055,137258,0.0,0.0
2022-08-22 11:30:00-04:00,4.704999923706055,4.718100070953369,4.635000228881836,4.635000228881836,135567,0.0,0.0
2022-08-22 12:30:00-04:00,4.635000228881836,4.699999809265137,4.590000152587891,4.679999828338623,554047,0.0,0.0
2022-08-22 13:30:00-04:00,4.679999828338623,4.684999942779541,4.659999847412109,4.659999847412109,179705,0.0,0.0
2022-08-22 14:30:00-04:00,4.659999847412109,4.679999828338623,4.635000228881836,4.650000095367432,208178,0.0,0.0
2022-08-22 15:30:00-04:00,4.65500020980835,4.679999828338623,4.630000114440918,4.659999847412109,457805,0.0,0.0
2022-08-23 09:30:00-04:00,4.679999828338623,4.864999771118164,4.619999885559082,4.809999942779541,277924,0.0,0.0
2022-08-23 10:30:00-04:00,4.809999942779541,4.815000057220459,4.690000057220459,4.71999979019165,174245,0.0,0.0
2022-08-23 11:30:00-04:00,4.730000019073486,4.760000228881836,4.71999979019165,4.74970006942749,125725,0.0,0.0
2022-08-23 12:30:00-04:00,4.75,4.769999980926514,4.731400012969971,4.755000114440918,114999,0.0,0.0
2022-08-23 13:30:00-04:00,4.760000228881836,4.78000020980835,4.739999771118164,4.768799781799316,129703,0.0,0.0
2022-08-23 14:30:00-04:00,4.769999980926514,4.775000095367432,4.699999809265137,4.704999923706055,202733,0.0,0.0
2022-08-23 15:30:00-04:00,4.704999923706055,4.715000152587891,4.679999828338623,4.679999828338623,389502,0.0,0.0
2022-08-24 09:30:00-04:00,4.75,4.829999923706055,4.679999828338623,4.739999771118164,201007,0.0,0.0
2022-08-24 10:30:00-04:00,4.739999771118164,4.849999904632568,4.730000019073486,4.84499979019165,167224,0.0,0.0
2022-08-24 11:30:00-04:00,4.84499979019165,4.849999904632568,4.800000190734863,4.804999828338623,98526,0.0,0.0
2022-08-24 12:30:00-04:00,4.800000190734863,4.804999828338623,4.760000228881836,4.760000228881836,65769,0.0,0.0
2022-08-24 13:30:00-04:00,4.764999866485596,4.800000190734863,4.760000228881836,4.795000076293945,92814,0.0,0.0
2022-08-24 14:30:00-04:00,4.795000076293945,4.800000190734863,4.690000057220459,4.699999809265137,304693,0.0,0.0
2022-08-24 15:30:00-04:00,4.699999809265137,4.769999980926514,4.684999942779541,4.760000228881836,372372,0.0,0.0
2022-08-25 09:30:00-04:00,4.800000190734863,5.070000171661377,4.78000020980835,5.053400039672852,213869,0.0,0.0
2022-08-25 10:30:00-04:00,5.059999942779541,5.119999885559082,5.03000020980835,5.070000171661377,272794,0.0,0.0
2022-08-25 11:30:00-04:00,5.065000057220459,5.079999923706055,5.039999961853027,5.05019998550415,79876,0.0,0.0
2022-08-25 12:30:00-04:00,5.057700157165527,5.057700157165527,4.991199970245361,5.010000228881836,164067,0.0,0.0
2022-08-25 13:30:00-04:00,5.010000228881836,5.059999942779541,5.005000114440918,5.005000114440918,154609,0.0,0.0
2022-08-25 14:30:00-04:00,5.005000114440918,5.03000020980835,4.96999979019165,5.03000020980835,167506,0.0,0.0
2022-08-25 15:30:00-04:00,5.03000020980835,5.079999923706055,5.025000095367432,5.079999923706055,372048,0.0,0.0
2022-08-26 09:30:00-04:00,5.099999904632568,5.190000057220459,4.929999828338623,4.945000171661377,228030,0.0,0.0
2022-08-26 10:30:00-04:00,4.945000171661377,4.949999809265137,4.795000076293945,4.820000171661377,129020,0.0,0.0
2022-08-26 11:30:00-04:00,4.820000171661377,4.889999866485596,4.820000171661377,4.855000019073486,167348,0.0,0.0
2022-08-26 12:30:00-04:00,4.855000019073486,4.909999847412109,4.84499979019165,4.900000095367432,90947,0.0,0.0
2022-08-26 13:30:00-04:00,4.894999980926514,4.894999980926514,4.840000152587891,4.849999904632568,1148942,0.0,0.0
2022-08-26 14:30:00-04:00,4.849999904632568,4.880000114440918,4.84499979019165,4.84499979019165,300472,0.0,0.0
2022-08-26 15:30:00-04:00,4.84499979019165,4.860000133514404,4.809999942779541,4.820000171661377,297554,0.0,0.0
2022-08-29 09:30:00-04:00,4.730000019073486,4.920000076293945,4.619999885559082,4.695000171661377,388111,0.0,0.0
2022-08-29 10:30:00-04:00,4.695000171661377,4.739999771118164,4.630000114440918,4.715000152587891,248592,0.0,0.0
2022-08-29 11:30:00-04:00,4.715000152587891,4.78000020980835,4.699999809265137,4.744999885559082,123873,0.0,0.0
2022-08-29 12:30:00-04:00,4.744999885559082,4.75,4.710000038146973,4.75,94719,0.0,0.0
2022-08-29 13:30:00-04:00,4.744999885559082,4.78000020980835,4.71999979019165,4.724999904632568,141098,0.0,0.0
2022-08-29 14:30:00-04:00,4.7245001792907715,4.800000190734863,4.71999979019165,4.775000095367432,263086,0.0,0.0
2022-08-29 15:30:00-04:00,4.775000095367432,4.800000190734863,4.710000038146973,4.739999771118164,374817,0.0,0.0
2022-08-30 09:30:00-04:00,4.820000171661377,5.090000152587891,4.820000171661377,5.065000057220459,356522,0.0,0.0
2022-08-30 10:30:00-04:00,5.070000171661377,5.090000152587891,4.985000133514404,5.085000038146973,330765,0.0,0.0
2022-08-30 11:30:00-04:00,5.079999923706055,5.184999942779541,5.079999923706055,5.175000190734863,184632,0.0,0.0
2022-08-30 12:30:00-04:00,5.175000190734863,5.179999828338623,5.099999904632568,5.135000228881836,452860,0.0,0.0
2022-08-30 13:30:00-04:00,5.139999866485596,5.139999866485596,5.065000057220459,5.110000133514404,1382462,0.0,0.0
2022-08-30 14:30:00-04:00,5.114999771118164,5.239999771118164,5.114999771118164,5.210000038146973,400639,0.0,0.0
2022-08-30 15:30:00-04:00,5.204999923706055,5.300000190734863,5.199999809265137,5.289999961853027,568741,0.0,0.0
2022-08-31 09:30:00-04:00,5.360000133514404,5.460000038146973,5.291999816894531,5.369999885559082,375965,0.0,0.0
2022-08-31 10:30:00-04:00,5.364999771118164,5.389999866485596,5.201300144195557,5.264999866485596,269410,0.0,0.0
2022-08-31 11:30:00-04:00,5.260000228881836,5.28000020980835,5.244999885559082,5.275000095367432,143255,0.0,0.0
2022-08-31 12:30:00-04:00,5.28000020980835,5.289999961853027,5.230000019073486,5.260000228881836,125049,0.0,0.0
2022-08-31 13:30:00-04:00,5.260000228881836,5.269999980926514,5.215000152587891,5.264999866485596,141995,0.0,0.0
2022-08-31 14:30:00-04:00,5.264999866485596,5.28000020980835,5.230000019073486,5.255000114440918,195533,0.0,0.0
2022-08-31 15:30:00-04:00,5.255000114440918,5.260000228881836,5.199999809265137,5.210000038146973,330240,0.0,0.0
2022-09-01 09:30:00-04:00,5.059999942779541,5.090000152587891,4.809999942779541,4.820000171661377,257936,0.0,0.0
2022-09-01 10:30:00-04:00,4.809999942779541,4.809999942779541,4.659999847412109,4.668900012969971,195246,0.0,0.0
2022-09-01 11:30:00-04:00,4.659999847412109,4.71999979019165,4.640100002288818,4.675000190734863,131929,0.0,0.0
2022-09-01 12:30:00-04:00,4.675000190734863,4.778800010681152,4.659999847412109,4.778800010681152,217304,0.0,0.0
2022-09-01 13:30:00-04:00,4.78000020980835,4.78000020980835,4.684999942779541,4.768799781799316,210116,0.0,0.0
2022-09-01 14:30:00-04:00,4.769999980926514,4.829999923706055,4.764999866485596,4.789999961853027,313440,0.0,0.0
2022-09-01 15:30:00-04:00,4.789999961853027,4.809999942779541,4.760000228881836,4.764999866485596,317933,0.0,0.0
2022-09-02 09:30:00-04:00,4.880000114440918,4.880000114440918,4.644999980926514,4.78000020980835,217041,0.0,0.0
2022-09-02 10:30:00-04:00,4.78000020980835,4.855000019073486,4.78000020980835,4.795000076293945,140022,0.0,0.0
2022-09-02 11:30:00-04:00,4.795000076293945,4.815000057220459,4.730000019073486,4.739999771118164,167350,0.0,0.0
2022-09-02 12:30:00-04:00,4.735000133514404,4.739999771118164,4.639999866485596,4.659999847412109,379361,0.0,0.0
2022-09-02 13:30:00-04:00,4.659999847412109,4.684999942779541,4.642099857330322,4.684999942779541,155502,0.0,0.0
2022-09-02 14:30:00-04:00,4.679999828338623,4.710000038146973,4.639999866485596,4.650000095367432,160493,0.0,0.0
2022-09-02 15:30:00-04:00,4.644999980926514,4.659999847412109,4.590000152587891,4.644999980926514,378386,0.0,0.0
2022-09-06 09:30:00-04:00,4.679999828338623,4.849999904632568,4.679999828338623,4.71999979019165,882317,0.0,0.0
2022-09-06 10:30:00-04:00,4.715000152587891,4.829999923706055,4.699999809265137,4.795000076293945,892278,0.0,0.0
2022-09-06 11:30:00-04:00,4.800000190734863,4.949999809265137,4.789999961853027,4.929999828338623,721694,0.0,0.0
2022-09-06 12:30:00-04:00,4.929999828338623,4.929999828338623,4.829999923706055,4.855000019073486,463632,0.0,0.0
2022-09-06 13:30:00-04:00,4.855000019073486,4.914999961853027,4.829999923706055,4.880000114440918,300064,0.0,0.0
2022-09-06 14:30:00-04:00,4.880000114440918,4.900000095367432,4.840000152587891,4.860000133514404,421996,0.0,0.0
2022-09-06 15:30:00-04:00,4.855000019073486,4.900000095367432,4.849999904632568,4.880000114440918,332579,0.0,0.0
2022-09-07 09:30:00-04:00,4.909999847412109,4.974999904632568,4.740099906921387,4.764999866485596,214953,0.0,0.0
2022-09-07 10:30:00-04:00,4.764999866485596,4.78000020980835,4.644999980926514,4.644999980926514,181521,0.0,0.0
2022-09-07 11:30:00-04:00,4.639999866485596,4.699999809265137,4.630000114440918,4.639999866485596,184802,0.0,0.0
2022-09-07 12:30:00-04:00,4.635000228881836,4.659999847412109,4.610000133514404,4.625,180035,0.0,0.0
2022-09-07 13:30:00-04:00,4.625,4.699999809265137,4.619999885559082,4.699999809265137,203534,0.0,0.0
2022-09-07 14:30:00-04:00,4.695000171661377,4.784999847412109,4.690000057220459,4.775000095367432,280187,0.0,0.0
2022-09-07 15:30:00-04:00,4.775000095367432,4.829999923706055,4.769999980926514,4.809999942779541,276673,0.0,0.0
2022-09-08 09:30:00-04:00,4.710000038146973,4.710000038146973,4.5,4.619999885559082,339496,0.0,0.0
2022-09-08 10:30:00-04:00,4.614999771118164,4.787499904632568,4.610000133514404,4.775000095367432,139375,0.0,0.0
2022-09-08 11:30:00-04:00,4.769999980926514,4.784999847412109,4.59499979019165,4.614999771118164,324066,0.0,0.0
2022-09-08 12:30:00-04:00,4.61959981918335,4.650000095367432,4.599999904632568,4.605000019073486,156705,0.0,0.0
2022-09-08 13:30:00-04:00,4.605000019073486,4.630000114440918,4.550000190734863,4.554999828338623,159251,0.0,0.0
2022-09-08 14:30:00-04:00,4.554999828338623,4.59499979019165,4.550000190734863,4.565000057220459,153540,0.0,0.0
2022-09-08 15:30:00-04:00,4.565000057220459,4.579999923706055,4.539999961853027,4.550000190734863,281844,0.0,0.0
2022-09-09 09:30:00-04:00,4.610000133514404,4.889999866485596,4.599999904632568,4.84499979019165,257726,0.0,0.0
2022-09-09 10:30:00-04:00,4.849999904632568,4.885000228881836,4.809999942779541,4.820000171661377,186265,0.0,0.0
2022-09-09 11:30:00-04:00,4.820000171661377,4.830100059509277,4.760000228881836,4.769999980926514,195492,0.0,0.0
2022-09-09 12:30:00-04:00,4.769999980926514,4.809999942779541,4.769999980926514,4.789999961853027,142255,0.0,0.0
2022-09-09 13:30:00-04:00,4.78000020980835,4.817299842834473,4.769999980926514,4.784999847412109,143148,0.0,0.0
2022-09-09 14:30:00-04:00,4.78000020980835,4.78000020980835,4.679999828338623,4.730000019073486,986649,0.0,0.0
2022-09-09 15:30:00-04:00,4.730000019073486,4.735000133514404,4.710000038146973,4.730000019073486,410171,0.0,0.0
2022-09-12 09:30:00-04:00,4.800000190734863,5.03000020980835,4.800000190734863,4.809999942779541,366725,0.0,0.0
2022-09-12 10:30:00-04:00,4.820000171661377,4.855000019073486,4.75,4.804999828338623,189848,0.0,0.0
2022-09-12 11:30:00-04:00,4.804999828338623,4.820000171661377,4.715000152587891,4.744999885559082,216030,0.0,0.0
2022-09-12 12:30:00-04:00,4.75,4.829999923706055,4.724999904632568,4.789999961853027,220324,0.0,0.0
2022-09-12 13:30:00-04:00,4.795000076293945,4.809999942779541,4.769999980926514,4.775000095367432,110439,0.0,0.0
2022-09-12 14:30:00-04:00,4.775000095367432,4.840000152587891,4.775000095367432,4.824999809265137,192756,0.0,0.0
2022-09-12 15:30:00-04:00,4.829999923706055,4.840000152587891,4.809999942779541,4.820000171661377,274229,0.0,0.0
2022-09-13 09:30:00-04:00,4.559999942779541,4.610000133514404,4.454999923706055,4.53000020980835,336148,0.0,0.0
2022-09-13 10:30:00-04:00,4.531199932098389,4.574999809265137,4.5,4.505000114440918,299898,0.0,0.0
2022-09-13 11:30:00-04:00,4.505000114440918,4.550000190734863,4.5,4.525000095367432,134213,0.0,0.0
2022-09-13 12:30:00-04:00,4.525000095367432,4.559999942779541,4.494999885559082,4.559999942779541,498270,0.0,0.0
2022-09-13 13:30:00-04:00,4.559999942779541,4.58650016784668,4.539999961853027,4.554999828338623,110553,0.0,0.0
2022-09-13 14:30:00-04:00,4.554999828338623,4.559999942779541,4.5,4.5015997886657715,121192,0.0,0.0
2022-09-13 15:30:00-04:00,4.5,4.519999980926514,4.480000019073486,4.480000019073486,442380,0.0,0.0
2022-09-14 09:30:00-04:00,4.5,4.53000020980835,4.300000190734863,4.340000152587891,408681,0.0,0.0
2022-09-14 10:30:00-04:00,4.329999923706055,4.454999923706055,4.329999923706055,4.440000057220459,163066,0.0,0.0
2022-09-14 11:30:00-04:00,4.440000057220459,4.505000114440918,4.425000190734863,4.494999885559082,87741,0.0,0.0
2022-09-14 12:30:00-04:00,4.5,4.550000190734863,4.490099906921387,4.525000095367432,82747,0.0,0.0
2022-09-14 13:30:00-04:00,4.525000095367432,4.539999961853027,4.489999771118164,4.53000020980835,97211,0.0,0.0
2022-09-14 14:30:00-04:00,4.53000020980835,4.570000171661377,4.510000228881836,4.565000057220459,178446,0.0,0.0
2022-09-14 15:30:00-04:00,4.559999942779541,4.599999904632568,4.534999847412109,4.599999904632568,266408,0.0,0.0
2022-09-15 09:30:00-04:00,4.480000019073486,4.710000038146973,4.480000019073486,4.619999885559082,192641,0.0,0.0
2022-09-15 10:30:00-04:00,4.619999885559082,4.710000038146973,4.545000076293945,4.59499979019165,143895,0.0,0.0
2022-09-15 11:30:00-04:00,4.599999904632568,4.639999866485596,4.550000190734863,4.550000190734863,101877,0.0,0.0
2022-09-15 12:30:00-04:00,4.559999942779541,4.679999828338623,4.550000190734863,4.675000190734863,105880,0.0,0.0
2022-09-15 13:30:00-04:00,4.670000076293945,4.670000076293945,4.59499979019165,4.619999885559082,88701,0.0,0.0
2022-09-15 14:30:00-04:00,4.619999885559082,4.65500020980835,4.579999923706055,4.585000038146973,125372,0.0,0.0
2022-09-15 15:30:00-04:00,4.579999923706055,4.630000114440918,4.579999923706055,4.610000133514404,170641,0.0,0.0
2022-09-16 09:30:00-04:00,4.5,4.5,4.275000095367432,4.335000038146973,308558,0.0,0.0
2022-09-16 10:30:00-04:00,4.340000152587891,4.368000030517578,4.289999961853027,4.304999828338623,195653,0.0,0.0
2022-09-16 11:30:00-04:00,4.304999828338623,4.304999828338623,4.25,4.284999847412109,154826,0.0,0.0
2022-09-16 12:30:00-04:00,4.289999961853027,4.304999828338623,4.260000228881836,4.28000020980835,100838,0.0,0.0
2022-09-16 13:30:00-04:00,4.28000020980835,4.304999828338623,4.260000228881836,4.269999980926514,114807,0.0,0.0
2022-09-16 14:30:00-04:00,4.269999980926514,4.284999847412109,4.25,4.264999866485596,194721,0.0,0.0
2022-09-16 15:30:00-04:00,4.260000228881836,4.28000020980835,4.25,4.260000228881836,288275,0.0,0.0
2022-09-19 09:30:00-04:00,4.179999828338623,4.260000228881836,4.130000114440918,4.170000076293945,199770,0.0,0.0
2022-09-19 10:30:00-04:00,4.179999828338623,4.250999927520752,4.164999961853027,4.170000076293945,193801,0.0,0.0
2022-09-19 11:30:00-04:00,4.175000190734863,4.190000057220459,4.135000228881836,4.144999980926514,148981,0.0,0.0
2022-09-19 12:30:00-04:00,4.144999980926514,4.239999771118164,4.130000114440918,4.204999923706055,270576,0.0,0.0
2022-09-19 13:30:00-04:00,4.204999923706055,4.210000038146973,4.175000190734863,4.195000171661377,180964,0.0,0.0
2022-09-19 14:30:00-04:00,4.199999809265137,4.25,4.199999809265137,4.224999904632568,255579,0.0,0.0
2022-09-19 15:30:00-04:00,4.230000019073486,4.260000228881836,4.224999904632568,4.260000228881836,410240,0.0,0.0
2022-09-20 09:30:00-04:00,4.170000076293945,4.199999809265137,4.079999923706055,4.119999885559082,128155,0.0,0.0
2022-09-20 10:30:00-04:00,4.114999771118164,4.165999889373779,4.079999923706055,4.165999889373779,93833,0.0,0.0
2022-09-20 11:30:00-04:00,4.159999847412109,4.164999961853027,4.119999885559082,4.125,65528,0.0,0.0
2022-09-20 12:30:00-04:00,4.125,4.130000114440918,4.059999942779541,4.059999942779541,77035,0.0,0.0
2022-09-20 13:30:00-04:00,4.059999942779541,4.059999942779541,4.010000228881836,4.014999866485596,215783,0.0,0.0
2022-09-20 14:30:00-04:00,4.010000228881836,4.03000020980835,4.0,4.0,186226,0.0,0.0
2022-09-20 15:30:00-04:00,4.0,4.039999961853027,3.9800000190734863,4.005000114440918,364242,0.0,0.0
2022-09-21 09:30:00-04:00,4.010000228881836,4.054999828338623,3.875,4.050000190734863,217528,0.0,0.0
2022-09-21 10:30:00-04:00,4.050000190734863,4.054999828338623,3.9100000858306885,3.930000066757202,435294,0.0,0.0
2022-09-21 11:30:00-04:00,3.941200017929077,3.950000047683716,3.859999895095825,3.880000114440918,246524,0.0,0.0
2022-09-21 12:30:00-04:00,3.875,3.890000104904175,3.8299999237060547,3.8350000381469727,157868,0.0,0.0
2022-09-21 13:30:00-04:00,3.8350000381469727,3.890000104904175,3.7699999809265137,3.815000057220459,214578,0.0,0.0
2022-09-21 14:30:00-04:00,3.809999942779541,3.940000057220459,3.799999952316284,3.805000066757202,321796,0.0,0.0
2022-09-21 15:30:00-04:00,3.805000066757202,3.825000047683716,3.7699999809265137,3.7799999713897705,302214,0.0,0.0
2022-09-22 09:30:00-04:00,3.7300000190734863,3.7899999618530273,3.630000114440918,3.6449999809265137,200463,0.0,0.0
2022-09-22 10:30:00-04:00,3.6449999809265137,3.6649999618530273,3.609999895095825,3.6435999870300293,209842,0.0,0.0
2022-09-22 11:30:00-04:00,3.6500000953674316,3.684999942779541,3.630000114440918,3.6449999809265137,119815,0.0,0.0
2022-09-22 12:30:00-04:00,3.640000104904175,3.680000066757202,3.640000104904175,3.6449999809265137,84021,0.0,0.0
2022-09-22 13:30:00-04:00,3.6449999809265137,3.7200000286102295,3.6449999809265137,3.690000057220459,127453,0.0,0.0
2022-09-22 14:30:00-04:00,3.684999942779541,3.700000047683716,3.6649999618530273,3.674999952316284,153676,0.0,0.0
2022-09-22 15:30:00-04:00,3.680000066757202,3.690000057220459,3.6500000953674316,3.6500000953674316,227119,0.0,0.0
2022-09-23 09:30:00-04:00,3.5899999141693115,3.6500000953674316,3.5299999713897705,3.5899999141693115,279595,0.0,0.0
2022-09-23 10:30:00-04:00,3.5950000286102295,3.6549999713897705,3.565000057220459,3.6500000953674316,142806,0.0,0.0
2022-09-23 11:30:00-04:00,3.6500000953674316,3.6700000762939453,3.6043999195098877,3.6050000190734863,100644,0.0,0.0
2022-09-23 12:30:00-04:00,3.6089000701904297,3.6600000858306885,3.5999999046325684,3.6449999809265137,97942,0.0,0.0
2022-09-23 13:30:00-04:00,3.6500000953674316,3.690000057220459,3.619999885559082,3.690000057220459,134119,0.0,0.0
2022-09-23 14:30:00-04:00,3.690000057220459,3.700000047683716,3.6600000858306885,3.694999933242798,203325,0.0,0.0
2022-09-23 15:30:00-04:00,3.700000047683716,3.7200000286102295,3.690000057220459,3.7200000286102295,397156,0.0,0.0
2022-09-26 09:30:00-04:00,3.6700000762939453,3.9000000953674316,3.6700000762939453,3.884999990463257,389239,0.0,0.0
2022-09-26 10:30:00-04:00,3.880000114440918,3.880000114440918,3.744999885559082,3.765000104904175,105642,0.0,0.0
2022-09-26 11:30:00-04:00,3.765000104904175,3.799999952316284,3.680000066757202,3.684999942779541,151472,0.0,0.0
2022-09-26 12:30:00-04:00,3.680000066757202,3.7100000381469727,3.6700000762939453,3.700000047683716,146283,0.0,0.0
2022-09-26 13:30:00-04:00,3.700000047683716,3.7100000381469727,3.6500000953674316,3.700000047683716,286209,0.0,0.0
2022-09-26 14:30:00-04:00,3.700000047683716,3.7200000286102295,3.671999931335449,3.7049999237060547,122926,0.0,0.0
2022-09-26 15:30:00-04:00,3.700000047683716,3.700000047683716,3.6500000953674316,3.6600000858306885,210556,0.0,0.0
2022-09-27 09:30:00-04:00,3.740000009536743,3.8299999237060547,3.734999895095825,3.740000009536743,132167,0.0,0.0
2022-09-27 10:30:00-04:00,3.744999885559082,3.809999942779541,3.7249999046325684,3.7249999046325684,139012,0.0,0.0
2022-09-27 11:30:00-04:00,3.7200000286102295,3.740000009536743,3.5999999046325684,3.630000114440918,79167,0.0,0.0
2022-09-27 12:30:00-04:00,3.625,3.634999990463257,3.5947000980377197,3.615000009536743,64835,0.0,0.0
2022-09-27 13:30:00-04:00,3.609999895095825,3.630000114440918,3.5899999141693115,3.5989999771118164,74567,0.0,0.0
2022-09-27 14:30:00-04:00,3.5950000286102295,3.625,3.5799999237060547,3.5799999237060547,143403,0.0,0.0
2022-09-27 15:30:00-04:00,3.5850000381469727,3.630000114440918,3.569999933242798,3.619999885559082,207705,0.0,0.0
2022-09-28 09:30:00-04:00,3.5999999046325684,3.6600000858306885,3.4600000381469727,3.6449999809265137,450808,0.0,0.0
2022-09-28 10:30:00-04:00,3.6449999809265137,3.674999952316284,3.5999999046325684,3.6500000953674316,85650,0.0,0.0
2022-09-28 11:30:00-04:00,3.640000104904175,3.7200000286102295,3.619999885559082,3.7100000381469727,241487,0.0,0.0
2022-09-28 12:30:00-04:00,3.7100000381469727,3.7100000381469727,3.609999895095825,3.630000114440918,140407,0.0,0.0
2022-09-28 13:30:00-04:00,3.634999990463257,3.6500000953674316,3.5999999046325684,3.6500000953674316,85471,0.0,0.0
2022-09-28 14:30:00-04:00,3.6500000953674316,3.6500000953674316,3.619999885559082,3.6500000953674316,135163,0.0,0.0
2022-09-28 15:30:00-04:00,3.6500000953674316,3.694999933242798,3.640000104904175,3.640000104904175,241849,0.0,0.0
2022-09-29 09:30:00-04:00,3.5399999618530273,3.575000047683716,3.4200000762939453,3.4649999141693115,158038,0.0,0.0
2022-09-29 10:30:00-04:00,3.4600000381469727,3.4600000381469727,3.4000000953674316,3.450000047683716,302360,0.0,0.0
2022-09-29 11:30:00-04:00,3.450000047683716,3.5,3.450000047683716,3.4690001010894775,88503,0.0,0.0
2022-09-29 12:30:00-04:00,3.4700000286102295,3.4800000190734863,3.440000057220459,3.4600000381469727,103262,0.0,0.0
2022-09-29 13:30:00-04:00,3.4600000381469727,3.5,3.450000047683716,3.4649999141693115,162217,0.0,0.0
2022-09-29 14:30:00-04:00,3.4700000286102295,3.5,3.4649999141693115,3.4749999046325684,159231,0.0,0.0
2022-09-29 15:30:00-04:00,3.4749999046325684,3.490000009536743,3.450000047683716,3.4700000286102295,256523,0.0,0.0
2022-09-30 09:30:00-04:00,3.440000057220459,3.565000057220459,3.430000066757202,3.5250000953674316,158369,0.0,0.0
2022-09-30 10:30:00-04:00,3.5250000953674316,3.609999895095825,3.5250000953674316,3.5999999046325684,158495,0.0,0.0
2022-09-30 11:30:00-04:00,3.5999999046325684,3.5999999046325684,3.5,3.509999990463257,126264,0.0,0.0
2022-09-30 12:30:00-04:00,3.515000104904175,3.559999942779541,3.5,3.549999952316284,189734,0.0,0.0
2022-09-30 13:30:00-04:00,3.555000066757202,3.559999942779541,3.509999990463257,3.5350000858306885,148363,0.0,0.0
2022-09-30 14:30:00-04:00,3.5350000858306885,3.549999952316284,3.490000009536743,3.505000114440918,166938,0.0,0.0
2022-09-30 15:30:00-04:00,3.505000114440918,3.509999990463257,3.440000057220459,3.440000057220459,143402,0.0,0.0
2022-10-03 09:30:00-04:00,3.490000009536743,3.5,3.180000066757202,3.244999885559082,393428,0.0,0.0
2022-10-03 10:30:00-04:00,3.25,3.3299999237060547,3.244999885559082,3.309999942779541,183327,0.0,0.0
2022-10-03 11:30:00-04:00,3.309999942779541,3.365000009536743,3.2750000953674316,3.3399999141693115,148654,0.0,0.0
2022-10-03 12:30:00-04:00,3.3450000286102295,3.430000066757202,3.3399999141693115,3.4214000701904297,108941,0.0,0.0
2022-10-03 13:30:00-04:00,3.430000066757202,3.4800000190734863,3.430000066757202,3.4700000286102295,315115,0.0,0.0
2022-10-03 14:30:00-04:00,3.4700000286102295,3.5250000953674316,3.4600000381469727,3.484999895095825,442536,0.0,0.0
2022-10-03 15:30:00-04:00,3.490000009536743,3.5,3.450000047683716,3.4649999141693115,300793,0.0,0.0
2022-10-04 09:30:00-04:00,3.549999952316284,3.740000009536743,3.549999952316284,3.555000066757202,808468,0.0,0.0
2022-10-04 10:30:00-04:00,3.549999952316284,3.630000114440918,3.5450000762939453,3.5999999046325684,595892,0.0,0.0
2022-10-04 11:30:00-04:00,3.5999999046325684,3.6500000953674316,3.569999933242798,3.6500000953674316,412887,0.0,0.0
2022-10-04 12:30:00-04:00,3.6500000953674316,3.6500000953674316,3.5799999237060547,3.634999990463257,427743,0.0,0.0
2022-10-04 13:30:00-04:00,3.634999990463257,3.6600000858306885,3.6050000190734863,3.6449999809265137,661769,0.0,0.0
2022-10-04 14:30:00-04:00,3.640000104904175,3.700000047683716,3.630000114440918,3.6700000762939453,636744,0.0,0.0
2022-10-04 15:30:00-04:00,3.6700000762939453,3.7200000286102295,3.6600000858306885,3.7100000381469727,660460,0.0,0.0
2022-10-05 09:30:00-04:00,3.5899999141693115,3.7100000381469727,3.5899999141693115,3.5950000286102295,498508,0.0,0.0
2022-10-05 10:30:00-04:00,3.5899999141693115,3.619999885559082,3.555000066757202,3.609999895095825,308216,0.0,0.0
2022-10-05 11:30:00-04:00,3.6050000190734863,3.684999942779541,3.5999999046325684,3.6500000953674316,273791,0.0,0.0
2022-10-05 12:30:00-04:00,3.6449999809265137,3.674999952316284,3.634999990463257,3.6649999618530273,365363,0.0,0.0
2022-10-05 13:30:00-04:00,3.6700000762939453,3.6700000762939453,3.630000114440918,3.645400047302246,184394,0.0,0.0
2022-10-05 14:30:00-04:00,3.6414999961853027,3.6500000953674316,3.619999885559082,3.625,248408,0.0,0.0
2022-10-05 15:30:00-04:00,3.625,3.6449999809265137,3.5950000286102295,3.609999895095825,455128,0.0,0.0
2022-10-06 09:30:00-04:00,3.569999933242798,3.680000066757202,3.569999933242798,3.5999999046325684,587668,0.0,0.0
2022-10-06 10:30:00-04:00,3.5999999046325684,3.630000114440918,3.5450000762939453,3.5899999141693115,303714,0.0,0.0
2022-10-06 11:30:00-04:00,3.5899999141693115,3.5899999141693115,3.5399999618530273,3.559999942779541,169937,0.0,0.0
2022-10-06 12:30:00-04:00,3.555000066757202,3.5999999046325684,3.5450000762939453,3.5799999237060547,224385,0.0,0.0
2022-10-06 13:30:00-04:00,3.5799999237060547,3.5999999046325684,3.549999952316284,3.555000066757202,122178,0.0,0.0
2022-10-06 14:30:00-04:00,3.549999952316284,3.569999933242798,3.509999990463257,3.559999942779541,239864,0.0,0.0
2022-10-06 15:30:00-04:00,3.555000066757202,3.559999942779541,3.5,3.509999990463257,361569,0.0,0.0
2022-10-07 09:30:00-04:00,3.430000066757202,3.4649999141693115,3.3399999141693115,3.3499999046325684,593515,0.0,0.0
2022-10-07 10:30:00-04:00,3.3499999046325684,3.3598999977111816,3.259999990463257,3.2799999713897705,186270,0.0,0.0
2022-10-07 11:30:00-04:00,3.2750000953674316,3.2899999618530273,3.2100000381469727,3.2200000286102295,158863,0.0,0.0
2022-10-07 12:30:00-04:00,3.2149999141693115,3.2799999713897705,3.190000057220459,3.2699999809265137,627037,0.0,0.0
2022-10-07 13:30:00-04:00,3.259999990463257,3.2799999713897705,3.240000009536743,3.2699999809265137,445474,0.0,0.0
2022-10-07 14:30:00-04:00,3.2750000953674316,3.2899999618530273,3.240000009536743,3.2850000858306885,462753,0.0,0.0
2022-10-07 15:30:00-04:00,3.2850000858306885,3.299999952316284,3.259999990463257,3.2799999713897705,565819,0.0,0.0
2022-10-10 09:30:00-04:00,3.309999942779541,3.3499999046325684,3.059999942779541,3.061199903488159,324800,0.0,0.0
2022-10-10 10:30:00-04:00,3.065000057220459,3.0899999141693115,3.0299999713897705,3.0613999366760254,329066,0.0,0.0
2022-10-10 11:30:00-04:00,3.065000057220459,3.0999999046325684,3.0199999809265137,3.0250000953674316,241143,0.0,0.0
2022-10-10 12:30:00-04:00,3.0250000953674316,3.0350000858306885,2.9800000190734863,2.990000009536743,364856,0.0,0.0
2022-10-10 13:30:00-04:00,3.0,3.015000104904175,2.940000057220459,2.9400999546051025,339073,0.0,0.0
2022-10-10 14:30:00-04:00,2.9400999546051025,3.0199999809265137,2.9000000953674316,2.954400062561035,634057,0.0,0.0
2022-10-10 15:30:00-04:00,2.9549999237060547,3.0199999809265137,2.9549999237060547,3.0199999809265137,625761,0.0,0.0
2022-10-11 09:30:00-04:00,2.9700000286102295,3.015000104904175,2.869999885559082,3.009999990463257,489511,0.0,0.0
2022-10-11 10:30:00-04:00,3.009999990463257,3.190000057220459,2.984999895095825,3.190000057220459,302982,0.0,0.0
2022-10-11 11:30:00-04:00,3.190000057220459,3.255000114440918,3.180000066757202,3.244999885559082,193663,0.0,0.0
2022-10-11 12:30:00-04:00,3.240000009536743,3.2899999618530273,3.200000047683716,3.2049999237060547,142823,0.0,0.0
2022-10-11 13:30:00-04:00,3.2049999237060547,3.2200000286102295,3.1600000858306885,3.180000066757202,150990,0.0,0.0
2022-10-11 14:30:00-04:00,3.174999952316284,3.177500009536743,3.109999895095825,3.122499942779541,246536,0.0,0.0
2022-10-11 15:30:00-04:00,3.125,3.190000057220459,3.119999885559082,3.190000057220459,516018,0.0,0.0
2022-10-12 09:30:00-04:00,3.2100000381469727,3.259999990463257,3.075000047683716,3.1050000190734863,210375,0.0,0.0
2022-10-12 10:30:00-04:00,3.1050000190734863,3.1600000858306885,3.069999933242798,3.1500000953674316,191243,0.0,0.0
2022-10-12 11:30:00-04:00,3.1500000953674316,3.240000009536743,3.1449999809265137,3.2100000381469727,181174,0.0,0.0
2022-10-12 12:30:00-04:00,3.2049999237060547,3.2200000286102295,3.180000066757202,3.194999933242798,100430,0.0,0.0
2022-10-12 13:30:00-04:00,3.190000057220459,3.238600015640259,3.1700000762939453,3.238600015640259,138891,0.0,0.0
2022-10-12 14:30:00-04:00,3.240000009536743,3.25,3.2049999237060547,3.234999895095825,241633,0.0,0.0
2022-10-12 15:30:00-04:00,3.234999895095825,3.259999990463257,3.2300000190734863,3.240000009536743,297037,0.0,0.0
2022-10-13 09:30:00-04:00,3.119999885559082,3.2200000286102295,3.0999999046325684,3.1600000858306885,232399,0.0,0.0
2022-10-13 10:30:00-04:00,3.1500000953674316,3.309999942779541,3.1449999809265137,3.265000104904175,233256,0.0,0.0
2022-10-13 11:30:00-04:00,3.265000104904175,3.315000057220459,3.2200000286102295,3.2300000190734863,151621,0.0,0.0
2022-10-13 12:30:00-04:00,3.2249999046325684,3.299999952316284,3.2100000381469727,3.299999952316284,89922,0.0,0.0
2022-10-13 13:30:00-04:00,3.299999952316284,3.319999933242798,3.2300000190734863,3.234999895095825,187649,0.0,0.0
2022-10-13 14:30:00-04:00,3.240000009536743,3.2899999618530273,3.2325000762939453,3.2750000953674316,145808,0.0,0.0
2022-10-13 15:30:00-04:00,3.2799999713897705,3.299999952316284,3.2750000953674316,3.2899999618530273,213613,0.0,0.0
2022-10-14 09:30:00-04:00,3.2799999713897705,3.4149999618530273,3.1549999713897705,3.1700000762939453,318140,0.0,0.0
2022-10-14 10:30:00-04:00,3.1649999618530273,3.200000047683716,3.140000104904175,3.1649999618530273,85892,0.0,0.0
2022-10-14 11:30:00-04:00,3.1600000858306885,3.1700000762939453,3.0850000381469727,3.119999885559082,76068,0.0,0.0
2022-10-14 12:30:00-04:00,3.119999885559082,3.130000114440918,3.059999942779541,3.06820011138916,92048,0.0,0.0
2022-10-14 13:30:00-04:00,3.065000057220459,3.140000104904175,3.065000057220459,3.0999999046325684,190414,0.0,0.0
2022-10-14 14:30:00-04:00,3.0899999141693115,3.109999895095825,3.0799999237060547,3.0899999141693115,214100,0.0,0.0
2022-10-14 15:30:00-04:00,3.0999999046325684,3.1449999809265137,3.0799999237060547,3.0899999141693115,441889,0.0,0.0
2022-10-17 09:30:00-04:00,3.200000047683716,3.365000009536743,3.200000047683716,3.359999895095825,306255,0.0,0.0
2022-10-17 10:30:00-04:00,3.365000009536743,3.4200000762939453,3.3399999141693115,3.375,285081,0.0,0.0
2022-10-17 11:30:00-04:00,3.375,3.4200000762939453,3.359999895095825,3.369999885559082,135183,0.0,0.0
2022-10-17 12:30:00-04:00,3.365000009536743,3.4000000953674316,3.3399999141693115,3.380000114440918,205205,0.0,0.0
2022-10-17 13:30:00-04:00,3.380000114440918,3.4649999141693115,3.369999885559082,3.434999942779541,254477,0.0,0.0
2022-10-17 14:30:00-04:00,3.434999942779541,3.450000047683716,3.4100000858306885,3.424999952316284,205671,0.0,0.0
2022-10-17 15:30:00-04:00,3.424999952316284,3.450000047683716,3.4100000858306885,3.430000066757202,243437,0.0,0.0
2022-10-18 09:30:00-04:00,3.5399999618530273,3.6500000953674316,3.4700000286102295,3.4700000286102295,273313,0.0,0.0
2022-10-18 10:30:00-04:00,3.4700000286102295,3.509999990463257,3.430000066757202,3.434999942779541,166304,0.0,0.0
2022-10-18 11:30:00-04:00,3.434999942779541,3.484999895095825,3.4000000953674316,3.4549999237060547,77377,0.0,0.0
2022-10-18 12:30:00-04:00,3.4600000381469727,3.4800000190734863,3.3910999298095703,3.4149999618530273,122520,0.0,0.0
2022-10-18 13:30:00-04:00,3.4149999618530273,3.440000057220459,3.4000000953674316,3.440000057220459,119444,0.0,0.0
2022-10-18 14:30:00-04:00,3.440000057220459,3.440000057220459,3.380000114440918,3.4000000953674316,128420,0.0,0.0
2022-10-18 15:30:00-04:00,3.3949999809265137,3.4800000190734863,3.390000104904175,3.4649999141693115,277442,0.0,0.0
2022-10-19 09:30:00-04:00,3.4100000858306885,3.4200000762939453,3.2899999618530273,3.3450000286102295,231290,0.0,0.0
2022-10-19 10:30:00-04:00,3.3499999046325684,3.3550000190734863,3.2699999809265137,3.299999952316284,117294,0.0,0.0
2022-10-19 11:30:00-04:00,3.299999952316284,3.315000057220459,3.255000114440918,3.255000114440918,79330,0.0,0.0
2022-10-19 12:30:00-04:00,3.259999990463257,3.2750000953674316,3.2300000190734863,3.234999895095825,80400,0.0,0.0
2022-10-19 13:30:00-04:00,3.234999895095825,3.299999952316284,3.2300000190734863,3.2750000953674316,139261,0.0,0.0
2022-10-19 14:30:00-04:00,3.2799999713897705,3.2799999713897705,3.1600000858306885,3.1649999618530273,249026,0.0,0.0
2022-10-19 15:30:00-04:00,3.1600000858306885,3.180000066757202,3.140000104904175,3.1449999809265137,320534,0.0,0.0
2022-10-20 09:30:00-04:00,3.1500000953674316,3.319999933242798,3.140000104904175,3.299999952316284,254508,0.0,0.0
2022-10-20 10:30:00-04:00,3.305000066757202,3.3299999237060547,3.2799999713897705,3.299999952316284,122793,0.0,0.0
2022-10-20 11:30:00-04:00,3.309999942779541,3.3499999046325684,3.2699999809265137,3.2750000953674316,108793,0.0,0.0
2022-10-20 12:30:00-04:00,3.2799999713897705,3.2850000858306885,3.2249999046325684,3.244999885559082,95456,0.0,0.0
2022-10-20 13:30:00-04:00,3.2488999366760254,3.25,3.200000047683716,3.200000047683716,108198,0.0,0.0
2022-10-20 14:30:00-04:00,3.200000047683716,3.259999990463257,3.190000057220459,3.259999990463257,134744,0.0,0.0
2022-10-20 15:30:00-04:00,3.255000114440918,3.265000104904175,3.240000009536743,3.25,178781,0.0,0.0
2022-10-21 09:30:00-04:00,3.2100000381469727,3.240000009536743,3.119999885559082,3.1700000762939453,249474,0.0,0.0
2022-10-21 10:30:00-04:00,3.1700000762939453,3.1700000762939453,3.1050000190734863,3.1500000953674316,75211,0.0,0.0
2022-10-21 11:30:00-04:00,3.1600000858306885,3.2249999046325684,3.1500000953674316,3.194999933242798,81963,0.0,0.0
2022-10-21 12:30:00-04:00,3.190000057220459,3.2300000190734863,3.180000066757202,3.2049999237060547,61627,0.0,0.0
2022-10-21 13:30:00-04:00,3.2049999237060547,3.2300000190734863,3.200000047683716,3.2200000286102295,61204,0.0,0.0
2022-10-21 14:30:00-04:00,3.2200000286102295,3.259999990463257,3.2100000381469727,3.259999990463257,86948,0.0,0.0
2022-10-21 15:30:00-04:00,3.255000114440918,3.265000104904175,3.240000009536743,3.240000009536743,159793,0.0,0.0
2022-10-24 09:30:00-04:00,3.25,3.275899887084961,3.109999895095825,3.119999885559082,214736,0.0,0.0
2022-10-24 10:30:00-04:00,3.115000009536743,3.25,3.115000009536743,3.25,160961,0.0,0.0
2022-10-24 11:30:00-04:00,3.25,3.319999933242798,3.2300000190734863,3.299999952316284,138208,0.0,0.0
2022-10-24 12:30:00-04:00,3.300100088119507,3.3399999141693115,3.2711000442504883,3.2799999713897705,241545,0.0,0.0
2022-10-24 13:30:00-04:00,3.2750000953674316,3.305000066757202,3.240000009536743,3.2950000762939453,134312,0.0,0.0
2022-10-24 14:30:00-04:00,3.2950000762939453,3.3399999141693115,3.2899999618530273,3.315000057220459,227117,0.0,0.0
2022-10-24 15:30:00-04:00,3.315000057220459,3.359999895095825,3.315000057220459,3.3350000381469727,279155,0.0,0.0
2022-10-25 09:30:00-04:00,3.359999895095825,3.565000057220459,3.359999895095825,3.490000009536743,365853,0.0,0.0
2022-10-25 10:30:00-04:00,3.494999885559082,3.505000114440918,3.4700000286102295,3.505000114440918,184893,0.0,0.0
2022-10-25 11:30:00-04:00,3.504300117492676,3.5450000762939453,3.484999895095825,3.5399999618530273,100145,0.0,0.0
2022-10-25 12:30:00-04:00,3.5399999618530273,3.5399999618530273,3.4700000286102295,3.48009991645813,122899,0.0,0.0
2022-10-25 13:30:00-04:00,3.490000009536743,3.549999952316284,3.4749999046325684,3.5450000762939453,136108,0.0,0.0
2022-10-25 14:30:00-04:00,3.5450000762939453,3.5999999046325684,3.5299999713897705,3.5999999046325684,133061,0.0,0.0
2022-10-25 15:30:00-04:00,3.5961999893188477,3.5999999046325684,3.5399999618530273,3.5399999618530273,304010,0.0,0.0
2022-10-26 09:30:00-04:00,3.559999942779541,3.5899999141693115,3.4200000762939453,3.4800000190734863,182673,0.0,0.0
2022-10-26 10:30:00-04:00,3.5188000202178955,3.5850000381469727,3.490000009536743,3.559999942779541,113748,0.0,0.0
2022-10-26 11:30:00-04:00,3.559999942779541,3.559999942779541,3.5199999809265137,3.5199999809265137,72121,0.0,0.0
2022-10-26 12:30:00-04:00,3.5199999809265137,3.5299999713897705,3.442500114440918,3.444999933242798,80778,0.0,0.0
2022-10-26 13:30:00-04:00,3.444999933242798,3.484999895095825,3.430000066757202,3.4749999046325684,83058,0.0,0.0
2022-10-26 14:30:00-04:00,3.4800000190734863,3.4800000190734863,3.440000057220459,3.444999933242798,115655,0.0,0.0
2022-10-26 15:30:00-04:00,3.440000057220459,3.4549999237060547,3.380000114440918,3.440000057220459,458301,0.0,0.0
2022-10-27 09:30:00-04:00,3.5,3.559999942779541,3.430000066757202,3.5450000762939453,240690,0.0,0.0
2022-10-27 10:30:00-04:00,3.549999952316284,3.559999942779541,3.484999895095825,3.5199999809265137,117104,0.0,0.0
2022-10-27 11:30:00-04:00,3.509999990463257,3.5199999809265137,3.4600000381469727,3.4600000381469727,109766,0.0,0.0
2022-10-27 12:30:00-04:00,3.4649999141693115,3.5250000953674316,3.4600000381469727,3.484999895095825,207409,0.0,0.0
2022-10-27 13:30:00-04:00,3.4800000190734863,3.5,3.424999952316284,3.434999942779541,131884,0.0,0.0
2022-10-27 14:30:00-04:00,3.434999942779541,3.440000057220459,3.380000114440918,3.384999990463257,263940,0.0,0.0
2022-10-27 15:30:00-04:00,3.384999990463257,3.4100000858306885,3.369999885559082,3.3949999809265137,326960,0.0,0.0
2022-10-28 09:30:00-04:00,3.619999885559082,4.159999847412109,3.430000066757202,3.7799999713897705,1700035,0.0,0.0
2022-10-28 10:30:00-04:00,3.7850000858306885,3.930000066757202,3.759999990463257,3.8949999809265137,523897,0.0,0.0
2022-10-28 11:30:00-04:00,3.8949999809265137,4.042500019073486,3.8399999141693115,3.994999885559082,1860751,0.0,0.0
2022-10-28 12:30:00-04:00,4.0,4.074999809265137,3.9749999046325684,4.025000095367432,543905,0.0,0.0
2022-10-28 13:30:00-04:00,4.025000095367432,4.09499979019165,3.9200000762939453,3.9549999237060547,498623,0.0,0.0
2022-10-28 14:30:00-04:00,3.950000047683716,4.190000057220459,3.934999942779541,4.090099811553955,1121449,0.0,0.0
2022-10-28 15:30:00-04:00,4.09499979019165,4.130000114440918,4.0,4.110000133514404,1198251,0.0,0.0
2022-10-31 09:30:00-04:00,4.229899883270264,4.300000190734863,4.065000057220459,4.130000114440918,920156,0.0,0.0
2022-10-31 10:30:00-04:00,4.119999885559082,4.21999979019165,4.099999904632568,4.195000171661377,409525,0.0,0.0
2022-10-31 11:30:00-04:00,4.195000171661377,4.239999771118164,4.164999961853027,4.204999923706055,275486,0.0,0.0
2022-10-31 12:30:00-04:00,4.199999809265137,4.230000019073486,4.159999847412109,4.224999904632568,176033,0.0,0.0
2022-10-31 13:30:00-04:00,4.224999904632568,4.230000019073486,4.119999885559082,4.164999961853027,236309,0.0,0.0
2022-10-31 14:30:00-04:00,4.164999961853027,4.190000057220459,4.119999885559082,4.179999828338623,193043,0.0,0.0
2022-10-31 15:30:00-04:00,4.175000190734863,4.25,4.175000190734863,4.235000133514404,380177,0.0,0.0
2022-11-01 09:30:00-04:00,4.25,4.400000095367432,4.204999923706055,4.28000020980835,292356,0.0,0.0
2022-11-01 10:30:00-04:00,4.28000020980835,4.289999961853027,4.175000190734863,4.190000057220459,220184,0.0,0.0
2022-11-01 11:30:00-04:00,4.190000057220459,4.199999809265137,4.144999980926514,4.164999961853027,144669,0.0,0.0
2022-11-01 12:30:00-04:00,4.164999961853027,4.230000019073486,4.125,4.215000152587891,181358,0.0,0.0
2022-11-01 13:30:00-04:00,4.215000152587891,4.25,4.170000076293945,4.235000133514404,154423,0.0,0.0
2022-11-01 14:30:00-04:00,4.233799934387207,4.239999771118164,4.179999828338623,4.179999828338623,242138,0.0,0.0
2022-11-01 15:30:00-04:00,4.190000057220459,4.230000019073486,4.170000076293945,4.190000057220459,331639,0.0,0.0
2022-11-02 09:30:00-04:00,4.150000095367432,4.164999961853027,4.010000228881836,4.085000038146973,176046,0.0,0.0
2022-11-02 10:30:00-04:00,4.090000152587891,4.121200084686279,4.039999961853027,4.074999809265137,192178,0.0,0.0
2022-11-02 11:30:00-04:00,4.070000171661377,4.125,4.065000057220459,4.085000038146973,198280,0.0,0.0
2022-11-02 12:30:00-04:00,4.085000038146973,4.184999942779541,4.070000171661377,4.179999828338623,173317,0.0,0.0
2022-11-02 13:30:00-04:00,4.179999828338623,4.340000152587891,4.150000095367432,4.340000152587891,202370,0.0,0.0
2022-11-02 14:30:00-04:00,4.34499979019165,4.355000019073486,4.050000190734863,4.059999942779541,397465,0.0,0.0
2022-11-02 15:30:00-04:00,4.065000057220459,4.099999904632568,4.03000020980835,4.03000020980835,256166,0.0,0.0
2022-11-03 09:30:00-04:00,3.9700000286102295,4.119999885559082,3.9326999187469482,4.099999904632568,215881,0.0,0.0
2022-11-03 10:30:00-04:00,4.105000019073486,4.264999866485596,4.090000152587891,4.170000076293945,160337,0.0,0.0
2022-11-03 11:30:00-04:00,4.175000190734863,4.195000171661377,4.150000095367432,4.175000190734863,109352,0.0,0.0
2022-11-03 12:30:00-04:00,4.175000190734863,4.199999809265137,4.125,4.130000114440918,84333,0.0,0.0
2022-11-03 13:30:00-04:00,4.139100074768066,4.150000095367432,4.110000133514404,4.130000114440918,88553,0.0,0.0
2022-11-03 14:30:00-04:00,4.125,4.130000114440918,4.074999809265137,4.114999771118164,145477,0.0,0.0
2022-11-03 15:30:00-04:00,4.114999771118164,4.139999866485596,4.050000190734863,4.059999942779541,298675,0.0,0.0
2022-11-04 09:30:00-04:00,4.079999923706055,4.119999885559082,3.8299999237060547,3.9200000762939453,304808,0.0,0.0
2022-11-04 10:30:00-04:00,3.9200000762939453,3.930000066757202,3.819999933242798,3.819999933242798,178987,0.0,0.0
2022-11-04 11:30:00-04:00,3.815000057220459,3.8350000381469727,3.740000009536743,3.7699999809265137,237242,0.0,0.0
2022-11-04 12:30:00-04:00,3.7699999809265137,3.7799999713897705,3.6700000762939453,3.674999952316284,154041,0.0,0.0
2022-11-04 13:30:00-04:00,3.6649999618530273,3.740000009536743,3.6449999809265137,3.7049999237060547,212120,0.0,0.0
2022-11-04 14:30:00-04:00,3.7049999237060547,3.7950000762939453,3.700000047683716,3.7750000953674316,202363,0.0,0.0
2022-11-04 15:30:00-04:00,3.7699999809265137,3.805000066757202,3.75,3.799999952316284,243327,0.0,0.0
2022-11-07 09:30:00-05:00,3.859999895095825,3.9800000190734863,3.7799999713897705,3.859999895095825,277414,0.0,0.0
2022-11-07 10:30:00-05:00,3.859999895095825,4.054999828338623,3.8468000888824463,4.050000190734863,176125,0.0,0.0
2022-11-07 11:30:00-05:00,4.050000190734863,4.059999942779541,3.9700000286102295,4.03000020980835,135026,0.0,0.0
2022-11-07 12:30:00-05:00,4.025000095367432,4.099999904632568,4.0040998458862305,4.085000038146973,224881,0.0,0.0
2022-11-07 13:30:00-05:00,4.090000152587891,4.119999885559082,4.050000190734863,4.085000038146973,326725,0.0,0.0
2022-11-07 14:30:00-05:00,4.09499979019165,4.125,4.059999942779541,4.070000171661377,320760,0.0,0.0
2022-11-07 15:30:00-05:00,4.070099830627441,4.150000095367432,4.059999942779541,4.139999866485596,636499,0.0,0.0
2022-11-08 09:30:00-05:00,4.110000133514404,4.135000228881836,3.859999895095825,3.875,504492,0.0,0.0
2022-11-08 10:30:00-05:00,3.869999885559082,3.994999885559082,3.8550000190734863,3.9800000190734863,347291,0.0,0.0
2022-11-08 11:30:00-05:00,3.990000009536743,4.045000076293945,3.950000047683716,4.034999847412109,179749,0.0,0.0
2022-11-08 12:30:00-05:00,4.03000020980835,4.03000020980835,3.944999933242798,3.944999933242798,99627,0.0,0.0
2022-11-08 13:30:00-05:00,3.940000057220459,3.9649999141693115,3.880000114440918,3.880000114440918,174289,0.0,0.0
2022-11-08 14:30:00-05:00,3.880000114440918,3.8984999656677246,3.8299999237060547,3.8450000286102295,302523,0.0,0.0
2022-11-08 15:30:00-05:00,3.8499999046325684,3.8949999809265137,3.8399999141693115,3.8550000190734863,362933,0.0,0.0
2022-11-09 09:30:00-05:00,3.700000047683716,3.809999942779541,3.6649999618530273,3.744999885559082,181813,0.0,0.0
2022-11-09 10:30:00-05:00,3.740000009536743,3.740000009536743,3.6649999618530273,3.694999933242798,75138,0.0,0.0
2022-11-09 11:30:00-05:00,3.690000057220459,3.7300000190734863,3.6600000858306885,3.690000057220459,86485,0.0,0.0
2022-11-09 12:30:00-05:00,3.690000057220459,3.7100000381469727,3.6700000762939453,3.674999952316284,95319,0.0,0.0
2022-11-09 13:30:00-05:00,3.6700000762939453,3.690000057220459,3.640000104904175,3.684999942779541,53945,0.0,0.0
2022-11-09 14:30:00-05:00,3.690000057220459,3.690000057220459,3.640000104904175,3.674999952316284,95571,0.0,0.0
2022-11-09 15:30:00-05:00,3.6700000762939453,3.690000057220459,3.630000114440918,3.6500000953674316,246308,0.0,0.0
2022-11-10 09:30:00-05:00,4.019999980926514,4.059999942779541,3.859999895095825,4.054999828338623,576029,0.0,0.0
2022-11-10 10:30:00-05:00,4.059999942779541,4.085000038146973,3.9749999046325684,4.039999961853027,278341,0.0,0.0
2022-11-10 11:30:00-05:00,4.050000190734863,4.074999809265137,3.9600000381469727,4.0,200815,0.0,0.0
2022-11-10 12:30:00-05:00,4.005000114440918,4.005000114440918,3.944999933242798,3.9749999046325684,128003,0.0,0.0
2022-11-10 13:30:00-05:00,3.9749999046325684,4.070000171661377,3.9649999141693115,4.025000095367432,198565,0.0,0.0
2022-11-10 14:30:00-05:00,4.03000020980835,4.050000190734863,3.994999885559082,4.045000076293945,264686,0.0,0.0
2022-11-10 15:30:00-05:00,4.045000076293945,4.059999942779541,4.03000020980835,4.045000076293945,321144,0.0,0.0
2022-11-11 09:30:00-05:00,4.099999904632568,4.21999979019165,4.010000228881836,4.190000057220459,381525,0.0,0.0
2022-11-11 10:30:00-05:00,4.190000057220459,4.28000020980835,4.130000114440918,4.25,287027,0.0,0.0
2022-11-11 11:30:00-05:00,4.25,4.369999885559082,4.230000019073486,4.324999809265137,331408,0.0,0.0
2022-11-11 12:30:00-05:00,4.328800201416016,4.454999923706055,4.309999942779541,4.445000171661377,238540,0.0,0.0
2022-11-11 13:30:00-05:00,4.449999809265137,4.579999923706055,4.449999809265137,4.565000057220459,368262,0.0,0.0
2022-11-11 14:30:00-05:00,4.565000057220459,4.659999847412109,4.534999847412109,4.65500020980835,702944,0.0,0.0
2022-11-11 15:30:00-05:00,4.659999847412109,4.769999980926514,4.650000095367432,4.760000228881836,894367,0.0,0.0
2022-11-14 09:30:00-05:00,4.679999828338623,4.679999828338623,4.255000114440918,4.309899806976318,491681,0.0,0.0
2022-11-14 10:30:00-05:00,4.304999828338623,4.329999923706055,4.050099849700928,4.15910005569458,599557,0.0,0.0
2022-11-14 11:30:00-05:00,4.159999847412109,4.75,4.070000171661377,4.710000038146973,1430987,0.0,0.0
2022-11-14 12:30:00-05:00,4.804999828338623,5.123199939727783,4.519999980926514,4.519999980926514,2438659,0.0,0.0
2022-11-14 13:30:00-05:00,4.521699905395508,4.579999923706055,4.269999980926514,4.269999980926514,1102242,0.0,0.0
2022-11-14 14:30:00-05:00,4.275000095367432,4.414999961853027,4.199999809265137,4.315000057220459,712481,0.0,0.0
2022-11-14 15:30:00-05:00,4.315000057220459,4.315000057220459,4.224999904632568,4.25,743424,0.0,0.0
2022-11-15 09:30:00-05:00,4.510000228881836,4.630000114440918,4.275000095367432,4.579999923706055,553133,0.0,0.0
2022-11-15 10:30:00-05:00,4.579999923706055,4.710000038146973,4.519999980926514,4.644999980926514,352573,0.0,0.0
2022-11-15 11:30:00-05:00,4.644999980926514,4.699999809265137,4.579999923706055,4.644999980926514,485571,0.0,0.0
2022-11-15 12:30:00-05:00,4.644999980926514,4.659999847412109,4.420000076293945,4.449999809265137,382206,0.0,0.0
2022-11-15 13:30:00-05:00,4.440000057220459,4.510000228881836,4.385000228881836,4.474999904632568,313499,0.0,0.0
2022-11-15 14:30:00-05:00,4.474999904632568,4.510000228881836,4.434999942779541,4.434999942779541,313752,0.0,0.0
2022-11-15 15:30:00-05:00,4.434999942779541,4.474999904632568,4.400000095367432,4.429999828338623,605622,0.0,0.0
2022-11-16 09:30:00-05:00,4.349999904632568,4.505000114440918,4.244999885559082,4.304999828338623,437849,0.0,0.0
2022-11-16 10:30:00-05:00,4.304999828338623,4.349999904632568,4.230000019073486,4.264999866485596,278437,0.0,0.0
2022-11-16 11:30:00-05:00,4.260000228881836,4.300000190734863,4.25,4.275000095367432,307501,0.0,0.0
2022-11-16 12:30:00-05:00,4.269999980926514,4.360000133514404,4.264999866485596,4.324999809265137,333312,0.0,0.0
2022-11-16 13:30:00-05:00,4.324999809265137,4.324999809265137,4.25,4.315000057220459,313671,0.0,0.0
2022-11-16 14:30:00-05:00,4.320000171661377,4.320000171661377,4.239999771118164,4.284999847412109,293471,0.0,0.0
2022-11-16 15:30:00-05:00,4.28000020980835,4.369999885559082,4.260000228881836,4.340000152587891,513528,0.0,0.0
2022-11-17 09:30:00-05:00,4.199999809265137,4.644999980926514,4.145100116729736,4.525000095367432,739158,0.0,0.0
2022-11-17 10:30:00-05:00,4.525000095367432,4.539999961853027,4.349999904632568,4.380000114440918,309785,0.0,0.0
2022-11-17 11:30:00-05:00,4.369999885559082,4.375,4.309999942779541,4.349999904632568,195440,0.0,0.0
2022-11-17 12:30:00-05:00,4.349999904632568,4.389999866485596,4.289999961853027,4.295000076293945,306017,0.0,0.0
2022-11-17 13:30:00-05:00,4.300000190734863,4.3383002281188965,4.230000019073486,4.260000228881836,179919,0.0,0.0
2022-11-17 14:30:00-05:00,4.255000114440918,4.28000020980835,4.190000057220459,4.215000152587891,271818,0.0,0.0
2022-11-17 15:30:00-05:00,4.21999979019165,4.289999961853027,4.215000152587891,4.269999980926514,249181,0.0,0.0
2022-11-18 09:30:00-05:00,4.389999866485596,4.389999866485596,4.21999979019165,4.244999885559082,219441,0.0,0.0
2022-11-18 10:30:00-05:00,4.25,4.300000190734863,4.2210001945495605,4.264999866485596,75710,0.0,0.0
2022-11-18 11:30:00-05:00,4.260000228881836,4.260000228881836,4.199999809265137,4.224999904632568,100917,0.0,0.0
2022-11-18 12:30:00-05:00,4.2270002365112305,4.269999980926514,4.199999809265137,4.239999771118164,125585,0.0,0.0
2022-11-18 13:30:00-05:00,4.239999771118164,4.239999771118164,4.190000057220459,4.199999809265137,109034,0.0,0.0
2022-11-18 14:30:00-05:00,4.199999809265137,4.199999809265137,4.170000076293945,4.190000057220459,96778,0.0,0.0
2022-11-18 15:30:00-05:00,4.190000057220459,4.210000038146973,4.170000076293945,4.210000038146973,239055,0.0,0.0
2022-11-21 09:30:00-05:00,4.199999809265137,4.329999923706055,4.099999904632568,4.199999809265137,220161,0.0,0.0
2022-11-21 10:30:00-05:00,4.199999809265137,4.25,4.175000190734863,4.235000133514404,167595,0.0,0.0
2022-11-21 11:30:00-05:00,4.235000133514404,4.53000020980835,4.199999809265137,4.300000190734863,1092208,0.0,0.0
2022-11-21 12:30:00-05:00,4.295000076293945,4.324999809265137,4.099999904632568,4.144999980926514,1144716,0.0,0.0
2022-11-21 13:30:00-05:00,4.149899959564209,4.159999847412109,4.079999923706055,4.125,740743,0.0,0.0
2022-11-21 14:30:00-05:00,4.119999885559082,4.119999885559082,4.0,4.025000095367432,908117,0.0,0.0
2022-11-21 15:30:00-05:00,4.025000095367432,4.03000020980835,3.9200000762939453,3.9600000381469727,1225237,0.0,0.0
2022-11-22 09:30:00-05:00,4.03000020980835,4.139999866485596,3.9000000953674316,4.105000019073486,227052,0.0,0.0
2022-11-22 10:30:00-05:00,4.105000019073486,4.210000038146973,4.090000152587891,4.159999847412109,173802,0.0,0.0
2022-11-22 11:30:00-05:00,4.159999847412109,4.190000057220459,4.119999885559082,4.159999847412109,94343,0.0,0.0
2022-11-22 12:30:00-05:00,4.159999847412109,4.199999809265137,4.135000228881836,4.150000095367432,107125,0.0,0.0
2022-11-22 13:30:00-05:00,4.150000095367432,4.179999828338623,4.110099792480469,4.150000095367432,114854,0.0,0.0
2022-11-22 14:30:00-05:00,4.144999980926514,4.230000019073486,4.139999866485596,4.195000171661377,315409,0.0,0.0
2022-11-22 15:30:00-05:00,4.195000171661377,4.25,4.190000057220459,4.244999885559082,334647,0.0,0.0
2022-11-23 09:30:00-05:00,4.25,4.264999866485596,4.150000095367432,4.204999923706055,119436,0.0,0.0
2022-11-23 10:30:00-05:00,4.199999809265137,4.295000076293945,4.190000057220459,4.28000020980835,288825,0.0,0.0
2022-11-23 11:30:00-05:00,4.2708001136779785,4.289999961853027,4.184999942779541,4.190000057220459,155552,0.0,0.0
2022-11-23 12:30:00-05:00,4.199999809265137,4.210000038146973,4.130000114440918,4.210000038146973,83701,0.0,0.0
2022-11-23 13:30:00-05:00,4.210000038146973,4.28000020980835,4.199999809265137,4.260000228881836,140401,0.0,0.0
2022-11-23 14:30:00-05:00,4.255000114440918,4.289999961853027,4.204999923706055,4.264999866485596,188727,0.0,0.0
2022-11-23 15:30:00-05:00,4.264999866485596,4.28000020980835,4.235000133514404,4.264999866485596,193036,0.0,0.0
2022-11-25 09:30:00-05:00,4.309999942779541,4.340000152587891,4.230000019073486,4.269999980926514,96300,0.0,0.0
2022-11-25 10:30:00-05:00,4.28000020980835,4.320000171661377,4.25,4.300000190734863,64267,0.0,0.0
2022-11-25 11:30:00-05:00,4.295000076293945,4.400000095367432,4.284999847412109,4.390100002288818,124112,0.0,0.0
2022-11-28 09:30:00-05:00,4.25,4.449999809265137,4.130000114440918,4.199999809265137,320343,0.0,0.0
2022-11-28 10:30:00-05:00,4.190999984741211,4.25,4.180099964141846,4.190000057220459,79710,0.0,0.0
2022-11-28 11:30:00-05:00,4.195000171661377,4.260000228881836,4.190000057220459,4.235000133514404,105328,0.0,0.0
2022-11-28 12:30:00-05:00,4.235000133514404,4.260000228881836,4.144999980926514,4.184999942779541,229233,0.0,0.0
2022-11-28 13:30:00-05:00,4.190000057220459,4.199999809265137,4.090000152587891,4.110000133514404,110153,0.0,0.0
2022-11-28 14:30:00-05:00,4.110000133514404,4.125,4.059999942779541,4.065000057220459,172142,0.0,0.0
2022-11-28 15:30:00-05:00,4.065000057220459,4.144999980926514,4.039999961853027,4.070000171661377,327542,0.0,0.0
2022-11-29 09:30:00-05:00,4.119999885559082,4.184999942779541,4.050000190734863,4.125,148872,0.0,0.0
2022-11-29 10:30:00-05:00,4.125,4.170000076293945,4.074999809265137,4.099999904632568,78859,0.0,0.0
2022-11-29 11:30:00-05:00,4.090000152587891,4.150000095367432,4.054999828338623,4.135000228881836,1047426,0.0,0.0
2022-11-29 12:30:00-05:00,4.135000228881836,4.150000095367432,4.110000133514404,4.114999771118164,75777,0.0,0.0
2022-11-29 13:30:00-05:00,4.114999771118164,4.170000076293945,4.090000152587891,4.150000095367432,138776,0.0,0.0
2022-11-29 14:30:00-05:00,4.15500020980835,4.179999828338623,4.110000133514404,4.159999847412109,170840,0.0,0.0
2022-11-29 15:30:00-05:00,4.159999847412109,4.170000076293945,4.130000114440918,4.130000114440918,322428,0.0,0.0
2022-11-30 09:30:00-05:00,4.110000133514404,4.230000019073486,4.099999904632568,4.204999923706055,386773,0.0,0.0
2022-11-30 10:30:00-05:00,4.204999923706055,4.204999923706055,4.099999904632568,4.15500020980835,191962,0.0,0.0
2022-11-30 11:30:00-05:00,4.159999847412109,4.244999885559082,4.150000095367432,4.190100193023682,368859,0.0,0.0
2022-11-30 12:30:00-05:00,4.195000171661377,4.2291998863220215,4.170100212097168,4.180099964141846,243959,0.0,0.0
2022-11-30 13:30:00-05:00,4.182000160217285,4.320000171661377,4.180099964141846,4.295000076293945,320883,0.0,0.0
2022-11-30 14:30:00-05:00,4.295000076293945,4.295000076293945,4.224999904632568,4.255000114440918,235885,0.0,0.0
2022-11-30 15:30:00-05:00,4.255000114440918,4.309899806976318,4.25,4.28000020980835,411819,0.0,0.0
2022-12-01 09:30:00-05:00,4.329999923706055,4.489999771118164,4.190000057220459,4.199999809265137,453529,0.0,0.0
2022-12-01 10:30:00-05:00,4.190000057220459,4.340000152587891,4.175000190734863,4.284999847412109,146929,0.0,0.0
2022-12-01 11:30:00-05:00,4.284999847412109,4.329999923706055,4.25,4.269999980926514,172461,0.0,0.0
2022-12-01 12:30:00-05:00,4.26170015335083,4.289999961853027,4.239999771118164,4.255000114440918,109271,0.0,0.0
2022-12-01 13:30:00-05:00,4.255000114440918,4.389999866485596,4.25,4.335000038146973,215885,0.0,0.0
2022-12-01 14:30:00-05:00,4.335000038146973,4.454999923706055,4.335000038146973,4.40500020980835,447705,0.0,0.0
2022-12-01 15:30:00-05:00,4.409999847412109,4.53000020980835,4.40500020980835,4.454999923706055,647511,0.0,0.0
2022-12-02 09:30:00-05:00,4.420000076293945,4.534999847412109,4.300000190734863,4.5,292385,0.0,0.0
2022-12-02 10:30:00-05:00,4.494999885559082,4.590000152587891,4.465000152587891,4.570000171661377,205820,0.0,0.0
2022-12-02 11:30:00-05:00,4.565000057220459,4.63100004196167,4.559999942779541,4.585000038146973,356407,0.0,0.0
2022-12-02 12:30:00-05:00,4.585000038146973,4.699999809265137,4.574999809265137,4.65500020980835,233617,0.0,0.0
2022-12-02 13:30:00-05:00,4.65500020980835,4.755000114440918,4.644999980926514,4.744999885559082,331810,0.0,0.0
2022-12-02 14:30:00-05:00,4.744999885559082,4.789999961853027,4.71999979019165,4.78000020980835,374721,0.0,0.0
2022-12-02 15:30:00-05:00,4.78000020980835,4.789999961853027,4.730000019073486,4.769999980926514,377166,0.0,0.0
2022-12-05 09:30:00-05:00,4.699999809265137,4.820000171661377,4.599999904632568,4.599999904632568,182427,0.0,0.0
2022-12-05 10:30:00-05:00,4.599999904632568,4.659999847412109,4.505000114440918,4.514999866485596,160968,0.0,0.0
2022-12-05 11:30:00-05:00,4.510000228881836,4.519999980926514,4.449999809265137,4.454999923706055,86971,0.0,0.0
2022-12-05 12:30:00-05:00,4.449999809265137,4.465000152587891,4.364999771118164,4.40500020980835,207763,0.0,0.0
2022-12-05 13:30:00-05:00,4.40500020980835,4.480000019073486,4.400000095367432,4.474999904632568,115141,0.0,0.0
2022-12-05 14:30:00-05:00,4.474999904632568,4.474999904632568,4.380000114440918,4.409999847412109,171613,0.0,0.0
2022-12-05 15:30:00-05:00,4.40500020980835,4.420000076293945,4.360000133514404,4.400000095367432,331368,0.0,0.0
2022-12-06 09:30:00-05:00,4.369999885559082,4.369999885559082,4.170000076293945,4.255000114440918,333595,0.0,0.0
2022-12-06 10:30:00-05:00,4.25,4.324999809265137,4.210000038146973,4.309999942779541,208649,0.0,0.0
2022-12-06 11:30:00-05:00,4.309999942779541,4.324999809265137,4.28000020980835,4.306399822235107,142999,0.0,0.0
2022-12-06 12:30:00-05:00,4.304999828338623,4.335000038146973,4.284999847412109,4.289999961853027,142312,0.0,0.0
2022-12-06 13:30:00-05:00,4.295000076293945,4.324999809265137,4.284999847412109,4.304999828338623,200641,0.0,0.0
2022-12-06 14:30:00-05:00,4.300000190734863,4.340000152587891,4.284999847412109,4.320000171661377,251552,0.0,0.0
2022-12-06 15:30:00-05:00,4.315000057220459,4.340000152587891,4.269999980926514,4.320000171661377,272852,0.0,0.0
2022-12-07 09:30:00-05:00,4.25,4.380000114440918,4.195000171661377,4.324999809265137,225696,0.0,0.0
2022-12-07 10:30:00-05:00,4.320000171661377,4.364999771118164,4.300000190734863,4.320000171661377,128754,0.0,0.0
2022-12-07 11:30:00-05:00,4.315000057220459,4.329999923706055,4.300000190734863,4.304999828338623,74079,0.0,0.0
2022-12-07 12:30:00-05:00,4.304999828338623,4.315000057220459,4.230000019073486,4.244999885559082,144640,0.0,0.0
2022-12-07 13:30:00-05:00,4.239999771118164,4.275000095367432,4.210000038146973,4.21999979019165,144219,0.0,0.0
2022-12-07 14:30:00-05:00,4.210000038146973,4.230000019073486,4.199999809265137,4.199999809265137,135341,0.0,0.0
2022-12-07 15:30:00-05:00,4.199999809265137,4.235000133514404,4.179999828338623,4.199999809265137,194500,0.0,0.0
2022-12-08 09:30:00-05:00,4.230000019073486,4.4593000411987305,4.210000038146973,4.40500020980835,210577,0.0,0.0
2022-12-08 10:30:00-05:00,4.400000095367432,4.440000057220459,4.335000038146973,4.349999904632568,100557,0.0,0.0
2022-12-08 11:30:00-05:00,4.34499979019165,4.40500020980835,4.340000152587891,4.360000133514404,109122,0.0,0.0
2022-12-08 12:30:00-05:00,4.360000133514404,4.459000110626221,4.355000019073486,4.456999778747559,148356,0.0,0.0
2022-12-08 13:30:00-05:00,4.454999923706055,4.480000019073486,4.420000076293945,4.444300174713135,99083,0.0,0.0
2022-12-08 14:30:00-05:00,4.440000057220459,4.449999809265137,4.409999847412109,4.449999809265137,135133,0.0,0.0
2022-12-08 15:30:00-05:00,4.448699951171875,4.519999980926514,4.440000057220459,4.519999980926514,288001,0.0,0.0
2022-12-09 09:30:00-05:00,4.510000228881836,4.550000190734863,4.409999847412109,4.46999979019165,132325,0.0,0.0
2022-12-09 10:30:00-05:00,4.46999979019165,4.519999980926514,4.460000038146973,4.485000133514404,76564,0.0,0.0
2022-12-09 11:30:00-05:00,4.485000133514404,4.519999980926514,4.465000152587891,4.489999771118164,169342,0.0,0.0
2022-12-09 12:30:00-05:00,4.5,4.514999866485596,4.4095001220703125,4.409999847412109,147557,0.0,0.0
2022-12-09 13:30:00-05:00,4.409999847412109,4.485000133514404,4.409999847412109,4.480000019073486,143234,0.0,0.0
2022-12-09 14:30:00-05:00,4.480000019073486,4.505000114440918,4.474999904632568,4.485000133514404,130370,0.0,0.0
2022-12-09 15:30:00-05:00,4.485000133514404,4.514999866485596,4.480000019073486,4.505000114440918,211918,0.0,0.0
2022-12-12 09:30:00-05:00,4.489999771118164,4.519999980926514,4.420000076293945,4.474999904632568,242561,0.0,0.0
2022-12-12 10:30:00-05:00,4.474999904632568,4.489999771118164,4.420000076293945,4.465000152587891,143913,0.0,0.0
2022-12-12 11:30:00-05:00,4.460000038146973,4.465000152587891,4.422500133514404,4.429999828338623,132295,0.0,0.0
2022-12-12 12:30:00-05:00,4.434999942779541,4.480000019073486,4.389999866485596,4.429999828338623,223721,0.0,0.0
2022-12-12 13:30:00-05:00,4.434999942779541,4.460000038146973,4.394999980926514,4.425000190734863,191517,0.0,0.0
2022-12-12 14:30:00-05:00,4.420000076293945,4.460000038146973,4.389999866485596,4.434999942779541,168962,0.0,0.0
2022-12-12 15:30:00-05:00,4.434999942779541,4.525000095367432,4.400000095367432,4.519999980926514,461971,0.0,0.0
2022-12-13 09:30:00-05:00,4.699999809265137,4.864999771118164,4.635000228881836,4.659999847412109,537208,0.0,0.0
2022-12-13 10:30:00-05:00,4.664999961853027,4.664999961853027,4.519999980926514,4.539999961853027,147239,0.0,0.0
2022-12-13 11:30:00-05:00,4.534999847412109,4.550000190734863,4.400000095367432,4.400000095367432,259145,0.0,0.0
2022-12-13 12:30:00-05:00,4.400000095367432,4.414999961853027,4.355000019073486,4.385000228881836,188432,0.0,0.0
2022-12-13 13:30:00-05:00,4.389999866485596,4.440000057220459,4.380000114440918,4.429999828338623,162780,0.0,0.0
2022-12-13 14:30:00-05:00,4.425000190734863,4.46999979019165,4.414999961853027,4.434999942779541,208855,0.0,0.0
2022-12-13 15:30:00-05:00,4.434999942779541,4.485000133514404,4.420000076293945,4.448999881744385,262884,0.0,0.0
2022-12-14 09:30:00-05:00,4.460000038146973,4.610000133514404,4.429999828338623,4.59499979019165,265525,0.0,0.0
2022-12-14 10:30:00-05:00,4.59499979019165,4.679999828338623,4.574999809265137,4.664999961853027,271083,0.0,0.0
2022-12-14 11:30:00-05:00,4.670000076293945,4.769999980926514,4.670000076293945,4.729899883270264,260746,0.0,0.0
2022-12-14 12:30:00-05:00,4.71999979019165,4.795000076293945,4.695000171661377,4.789700031280518,169643,0.0,0.0
2022-12-14 13:30:00-05:00,4.789999961853027,4.800000190734863,4.651100158691406,4.744999885559082,263182,0.0,0.0
2022-12-14 14:30:00-05:00,4.739999771118164,4.760000228881836,4.585000038146973,4.695000171661377,515178,0.0,0.0
2022-12-14 15:30:00-05:00,4.690000057220459,4.75,4.670000076293945,4.699999809265137,346304,0.0,0.0
2022-12-15 09:30:00-05:00,4.599999904632568,4.704999923706055,4.559999942779541,4.590000152587891,234091,0.0,0.0
2022-12-15 10:30:00-05:00,4.590000152587891,4.650000095367432,4.570000171661377,4.614999771118164,199821,0.0,0.0
2022-12-15 11:30:00-05:00,4.614999771118164,4.764999866485596,4.574999809265137,4.730000019073486,280778,0.0,0.0
2022-12-15 12:30:00-05:00,4.730000019073486,4.755000114440918,4.639999866485596,4.670000076293945,193308,0.0,0.0
2022-12-15 13:30:00-05:00,4.679999828338623,4.71999979019165,4.659999847412109,4.675000190734863,181864,0.0,0.0
2022-12-15 14:30:00-05:00,4.675000190734863,4.75,4.670000076293945,4.75,207391,0.0,0.0
2022-12-15 15:30:00-05:00,4.744999885559082,4.800000190734863,4.690000057220459,4.800000190734863,311198,0.0,0.0
2022-12-16 09:30:00-05:00,4.75,4.840000152587891,4.650000095367432,4.659999847412109,418663,0.0,0.0
2022-12-16 10:30:00-05:00,4.65500020980835,4.789999961853027,4.650000095367432,4.764999866485596,173391,0.0,0.0
2022-12-16 11:30:00-05:00,4.764999866485596,4.784999847412109,4.724999904632568,4.755000114440918,142920,0.0,0.0
2022-12-16 12:30:00-05:00,4.760000228881836,4.789999961853027,4.710000038146973,4.784999847412109,149456,0.0,0.0
2022-12-16 13:30:00-05:00,4.785900115966797,4.860000133514404,4.784999847412109,4.815000057220459,155926,0.0,0.0
2022-12-16 14:30:00-05:00,4.815000057220459,4.84499979019165,4.789999961853027,4.829999923706055,156350,0.0,0.0
2022-12-16 15:30:00-05:00,4.828999996185303,4.920000076293945,4.800000190734863,4.880000114440918,456782,0.0,0.0
2022-12-19 09:30:00-05:00,4.860000133514404,4.889999866485596,4.574999809265137,4.684999942779541,237728,0.0,0.0
2022-12-19 10:30:00-05:00,4.684999942779541,4.75,4.610000133514404,4.630000114440918,245063,0.0,0.0
2022-12-19 11:30:00-05:00,4.630000114440918,4.635000228881836,4.590000152587891,4.610000133514404,186852,0.0,0.0
2022-12-19 12:30:00-05:00,4.610000133514404,4.644999980926514,4.59499979019165,4.625,1096750,0.0,0.0
2022-12-19 13:30:00-05:00,4.625,4.684999942779541,4.59499979019165,4.664999961853027,147620,0.0,0.0
2022-12-19 14:30:00-05:00,4.664999961853027,4.71999979019165,4.590000152587891,4.590000152587891,201757,0.0,0.0
2022-12-19 15:30:00-05:00,4.590000152587891,4.619999885559082,4.539999961853027,4.610000133514404,264670,0.0,0.0
2022-12-20 09:30:00-05:00,4.519999980926514,4.599999904632568,4.28000020980835,4.585000038146973,447446,0.0,0.0
2022-12-20 10:30:00-05:00,4.585000038146973,4.610000133514404,4.420000076293945,4.480000019073486,248017,0.0,0.0
2022-12-20 11:30:00-05:00,4.489999771118164,4.518499851226807,4.468599796295166,4.479899883270264,157147,0.0,0.0
2022-12-20 12:30:00-05:00,4.474999904632568,4.505000114440918,4.449999809265137,4.449999809265137,132982,0.0,0.0
2022-12-20 13:30:00-05:00,4.454999923706055,4.5,4.440000057220459,4.474999904632568,155141,0.0,0.0
2022-12-20 14:30:00-05:00,4.46999979019165,4.505000114440918,4.449999809265137,4.494999885559082,172822,0.0,0.0
2022-12-20 15:30:00-05:00,4.494999885559082,4.519999980926514,4.46999979019165,4.485000133514404,248600,0.0,0.0
2022-12-21 09:30:00-05:00,4.539999961853027,4.775000095367432,4.400000095367432,4.724999904632568,172920,0.0,0.0
2022-12-21 10:30:00-05:00,4.724999904632568,4.75,4.650000095367432,4.664999961853027,185652,0.0,0.0
2022-12-21 11:30:00-05:00,4.664999961853027,4.679999828338623,4.599999904632568,4.670000076293945,99527,0.0,0.0
2022-12-21 12:30:00-05:00,4.670000076293945,4.679999828338623,4.644999980926514,4.674499988555908,63614,0.0,0.0
2022-12-21 13:30:00-05:00,4.675000190734863,4.695000171661377,4.625,4.670000076293945,73690,0.0,0.0
2022-12-21 14:30:00-05:00,4.659999847412109,4.679999828338623,4.599999904632568,4.630000114440918,119518,0.0,0.0
2022-12-21 15:30:00-05:00,4.630000114440918,4.650000095367432,4.610000133514404,4.610000133514404,227200,0.0,0.0
2022-12-22 09:30:00-05:00,4.550000190734863,4.579999923706055,4.369999885559082,4.375,152145,0.0,0.0
2022-12-22 10:30:00-05:00,4.369999885559082,4.394999980926514,4.324999809265137,4.360000133514404,143185,0.0,0.0
2022-12-22 11:30:00-05:00,4.355000019073486,4.360000133514404,4.289999961853027,4.295000076293945,104331,0.0,0.0
2022-12-22 12:30:00-05:00,4.289999961853027,4.349999904632568,4.260000228881836,4.275000095367432,292905,0.0,0.0
2022-12-22 13:30:00-05:00,4.28000020980835,4.329999923706055,4.25,4.315000057220459,152986,0.0,0.0
2022-12-22 14:30:00-05:00,4.309999942779541,4.349999904632568,4.28000020980835,4.34499979019165,161741,0.0,0.0
2022-12-22 15:30:00-05:00,4.34499979019165,4.349999904632568,4.309999942779541,4.329999923706055,231441,0.0,0.0
2022-12-23 09:30:00-05:00,4.349999904632568,4.389999866485596,4.199999809265137,4.289999961853027,116567,0.0,0.0
2022-12-23 10:30:00-05:00,4.289999961853027,4.335000038146973,4.25,4.284999847412109,65696,0.0,0.0
2022-12-23 11:30:00-05:00,4.28000020980835,4.304999828338623,4.255000114440918,4.275000095367432,46654,0.0,0.0
2022-12-23 12:30:00-05:00,4.275000095367432,4.295000076293945,4.25,4.264999866485596,73204,0.0,0.0
2022-12-23 13:30:00-05:00,4.264999866485596,4.289999961853027,4.255000114440918,4.28000020980835,44370,0.0,0.0
2022-12-23 14:30:00-05:00,4.28000020980835,4.289999961853027,4.25,4.275000095367432,110489,0.0,0.0
2022-12-23 15:30:00-05:00,4.275000095367432,4.300000190734863,4.275000095367432,4.300000190734863,145706,0.0,0.0
2022-12-27 09:30:00-05:00,4.28000020980835,4.28000020980835,4.079999923706055,4.175000190734863,125189,0.0,0.0
2022-12-27 10:30:00-05:00,4.175000190734863,4.204999923706055,4.15500020980835,4.190000057220459,65270,0.0,0.0
2022-12-27 11:30:00-05:00,4.195000171661377,4.21999979019165,4.15500020980835,4.159999847412109,100641,0.0,0.0
2022-12-27 12:30:00-05:00,4.159999847412109,4.175000190734863,4.119999885559082,4.130000114440918,62796,0.0,0.0
2022-12-27 13:30:00-05:00,4.139900207519531,4.150000095367432,4.119999885559082,4.125,49636,0.0,0.0
2022-12-27 14:30:00-05:00,4.125,4.159999847412109,4.114999771118164,4.135000228881836,80306,0.0,0.0
2022-12-27 15:30:00-05:00,4.135000228881836,4.150000095367432,4.119999885559082,4.130000114440918,174351,0.0,0.0
2022-12-28 09:30:00-05:00,4.150000095367432,4.175000190734863,4.050000190734863,4.135000228881836,80935,0.0,0.0
2022-12-28 10:30:00-05:00,4.135000228881836,4.164999961853027,4.110000133514404,4.14870023727417,80759,0.0,0.0
2022-12-28 11:30:00-05:00,4.144999980926514,4.144999980926514,4.099999904632568,4.135000228881836,58260,0.0,0.0
2022-12-28 12:30:00-05:00,4.139999866485596,4.159999847412109,4.099999904632568,4.099999904632568,57838,0.0,0.0
2022-12-28 13:30:00-05:00,4.099999904632568,4.099999904632568,4.070000171661377,4.070000171661377,75321,0.0,0.0
2022-12-28 14:30:00-05:00,4.070000171661377,4.144999980926514,4.059999942779541,4.135000228881836,600530,0.0,0.0
2022-12-28 15:30:00-05:00,4.135000228881836,4.170000076293945,4.130000114440918,4.15500020980835,184743,0.0,0.0
2022-12-29 09:30:00-05:00,4.150000095367432,4.309999942779541,4.119999885559082,4.275000095367432,227980,0.0,0.0
2022-12-29 10:30:00-05:00,4.269999980926514,4.36870002746582,4.269999980926514,4.360000133514404,179888,0.0,0.0
2022-12-29 11:30:00-05:00,4.364999771118164,4.385300159454346,4.315000057220459,4.315000057220459,85088,0.0,0.0
2022-12-29 12:30:00-05:00,4.315000057220459,4.449999809265137,4.309999942779541,4.445000171661377,261418,0.0,0.0
2022-12-29 13:30:00-05:00,4.445000171661377,4.460000038146973,4.409999847412109,4.440000057220459,162323,0.0,0.0
2022-12-29 14:30:00-05:00,4.445000171661377,4.485000133514404,4.425000190734863,4.46999979019165,279326,0.0,0.0
2022-12-29 15:30:00-05:00,4.46999979019165,4.487500190734863,4.400000095367432,4.40500020980835,322782,0.0,0.0
2022-12-30 09:30:00-05:00,4.320000171661377,4.394999980926514,4.289999961853027,4.385000228881836,110405,0.0,0.0
2022-12-30 10:30:00-05:00,4.380000114440918,4.380000114440918,4.284999847412109,4.295000076293945,207388,0.0,0.0
2022-12-30 11:30:00-05:00,4.289999961853027,4.360000133514404,4.28000020980835,4.355000019073486,36456,0.0,0.0
2022-12-30 12:30:00-05:00,4.355000019073486,4.369999885559082,4.28000020980835,4.284999847412109,52746,0.0,0.0
2022-12-30 13:30:00-05:00,4.289999961853027,4.320000171661377,4.284999847412109,4.315000057220459,48098,0.0,0.0
2022-12-30 14:30:00-05:00,4.315000057220459,4.340000152587891,4.300000190734863,4.329999923706055,58457,0.0,0.0
2022-12-30 15:30:00-05:00,4.329999923706055,4.329999923706055,4.28000020980835,4.300000190734863,148546,0.0,0.0
2023-01-03 09:30:00-05:00,4.369999885559082,4.599999904632568,4.369999885559082,4.409999847412109,206539,0.0,0.0
2023-01-03 10:30:00-05:00,4.409999847412109,4.46999979019165,4.389999866485596,4.409999847412109,145405,0.0,0.0
2023-01-03 11:30:00-05:00,4.420000076293945,4.420000076293945,4.355000019073486,4.380000114440918,94324,0.0,0.0
2023-01-03 12:30:00-05:00,4.380000114440918,4.400000095367432,4.360000133514404,4.400000095367432,103876,0.0,0.0
2023-01-03 13:30:00-05:00,4.400000095367432,4.400000095367432,4.349999904632568,4.380000114440918,109183,0.0,0.0
2023-01-03 14:30:00-05:00,4.380000114440918,4.409999847412109,4.349999904632568,4.389999866485596,104566,0.0,0.0
2023-01-03 15:30:00-05:00,4.389999866485596,4.394999980926514,4.340000152587891,4.34499979019165,230663,0.0,0.0
2023-01-04 09:30:00-05:00,4.400000095367432,4.480000019073486,4.304999828338623,4.357500076293945,114662,0.0,0.0
2023-01-04 10:30:00-05:00,4.360000133514404,4.445000171661377,4.340000152587891,4.425000190734863,107185,0.0,0.0
2023-01-04 11:30:00-05:00,4.429999828338623,4.474999904632568,4.429999828338623,4.474999904632568,102380,0.0,0.0
2023-01-04 12:30:00-05:00,4.474999904632568,4.53000020980835,4.474999904632568,4.525000095367432,93952,0.0,0.0
2023-01-04 13:30:00-05:00,4.53000020980835,4.559999942779541,4.480000019073486,4.494999885559082,112177,0.0,0.0
2023-01-04 14:30:00-05:00,4.489999771118164,4.570000171661377,4.489999771118164,4.519999980926514,165171,0.0,0.0
2023-01-04 15:30:00-05:00,4.519999980926514,4.579999923706055,4.492499828338623,4.570000171661377,412467,0.0,0.0
2023-01-05 09:30:00-05:00,4.550000190734863,4.550000190734863,4.289999961853027,4.309999942779541,160923,0.0,0.0
2023-01-05 10:30:00-05:00,4.309999942779541,4.340000152587891,4.28000020980835,4.315000057220459,98559,0.0,0.0
2023-01-05 11:30:00-05:00,4.315000057220459,4.340000152587891,4.28000020980835,4.295000076293945,78381,0.0,0.0
2023-01-05 12:30:00-05:00,4.300000190734863,4.309999942779541,4.239999771118164,4.28000020980835,77911,0.0,0.0
2023-01-05 13:30:00-05:00,4.275000095367432,4.329999923706055,4.275000095367432,4.289999961853027,88655,0.0,0.0
2023-01-05 14:30:00-05:00,4.284999847412109,4.320000171661377,4.244999885559082,4.259900093078613,211934,0.0,0.0
2023-01-05 15:30:00-05:00,4.255000114440918,4.260000228881836,4.230000019073486,4.244999885559082,277492,0.0,0.0
2023-01-06 09:30:00-05:00,4.320000171661377,4.320000171661377,4.164999961853027,4.269999980926514,147166,0.0,0.0
2023-01-06 10:30:00-05:00,4.269999980926514,4.394999980926514,4.269999980926514,4.349999904632568,144128,0.0,0.0
2023-01-06 11:30:00-05:00,4.355000019073486,4.389999866485596,4.340000152587891,4.385000228881836,83103,0.0,0.0
2023-01-06 12:30:00-05:00,4.389999866485596,4.389999866485596,4.329999923706055,4.34499979019165,63671,0.0,0.0
2023-01-06 13:30:00-05:00,4.349999904632568,4.394999980926514,4.349999904632568,4.375,100262,0.0,0.0
2023-01-06 14:30:00-05:00,4.375,4.420000076293945,4.370100021362305,4.394999980926514,138592,0.0,0.0
2023-01-06 15:30:00-05:00,4.400000095367432,4.445000171661377,4.400000095367432,4.434999942779541,198024,0.0,0.0
2023-01-09 09:30:00-05:00,4.440000057220459,4.650000095367432,4.420000076293945,4.625,165708,0.0,0.0
2023-01-09 10:30:00-05:00,4.625,4.639999866485596,4.550000190734863,4.639999866485596,93600,0.0,0.0
2023-01-09 11:30:00-05:00,4.635000228881836,4.699999809265137,4.619999885559082,4.699999809265137,99929,0.0,0.0
2023-01-09 12:30:00-05:00,4.699999809265137,4.71999979019165,4.639999866485596,4.710000038146973,118072,0.0,0.0
2023-01-09 13:30:00-05:00,4.710000038146973,4.715000152587891,4.639999866485596,4.679999828338623,104366,0.0,0.0
2023-01-09 14:30:00-05:00,4.679999828338623,4.679999828338623,4.59499979019165,4.610000133514404,126468,0.0,0.0
2023-01-09 15:30:00-05:00,4.610000133514404,4.625,4.570000171661377,4.610000133514404,213146,0.0,0.0
2023-01-10 09:30:00-05:00,4.570000171661377,4.679999828338623,4.5,4.510000228881836,103983,0.0,0.0
2023-01-10 10:30:00-05:00,4.5,4.539999961853027,4.449999809265137,4.534999847412109,73067,0.0,0.0
2023-01-10 11:30:00-05:00,4.534999847412109,4.534999847412109,4.440000057220459,4.440000057220459,60440,0.0,0.0
2023-01-10 12:30:00-05:00,4.440000057220459,4.465000152587891,4.394999980926514,4.409999847412109,114361,0.0,0.0
2023-01-10 13:30:00-05:00,4.420000076293945,4.458499908447266,4.400000095367432,4.454999923706055,128350,0.0,0.0
2023-01-10 14:30:00-05:00,4.454999923706055,4.45989990234375,4.355000019073486,4.360000133514404,153909,0.0,0.0
2023-01-10 15:30:00-05:00,4.360000133514404,4.420000076293945,4.360000133514404,4.414999961853027,190500,0.0,0.0
2023-01-11 09:30:00-05:00,4.429999828338623,4.480100154876709,4.349999904632568,4.409999847412109,62629,0.0,0.0
2023-01-11 10:30:00-05:00,4.409999847412109,4.409999847412109,4.335000038146973,4.369999885559082,27952,0.0,0.0
2023-01-11 11:30:00-05:00,4.380000114440918,4.409999847412109,4.349999904632568,4.355000019073486,35868,0.0,0.0
2023-01-11 12:30:00-05:00,4.349999904632568,4.449999809265137,4.340000152587891,4.429999828338623,86332,0.0,0.0
2023-01-11 13:30:00-05:00,4.429999828338623,4.460000038146973,4.349999904632568,4.349999904632568,108883,0.0,0.0
2023-01-11 14:30:00-05:00,4.355000019073486,4.369999885559082,4.324999809265137,4.34499979019165,109954,0.0,0.0
2023-01-11 15:30:00-05:00,4.34499979019165,4.380000114440918,4.329999923706055,4.375,137656,0.0,0.0
2023-01-12 09:30:00-05:00,4.380000114440918,4.40500020980835,4.239999771118164,4.320000171661377,73973,0.0,0.0
2023-01-12 10:30:00-05:00,4.309999942779541,4.318999767303467,4.25,4.269999980926514,49223,0.0,0.0
2023-01-12 11:30:00-05:00,4.275000095367432,4.335000038146973,4.264999866485596,4.335000038146973,21891,0.0,0.0
2023-01-12 12:30:00-05:00,4.335000038146973,4.360000133514404,4.304999828338623,4.349999904632568,76558,0.0,0.0
2023-01-12 13:30:00-05:00,4.34499979019165,4.400000095367432,4.324999809265137,4.385000228881836,65604,0.0,0.0
2023-01-12 14:30:00-05:00,4.375,4.389999866485596,4.360599994659424,4.385000228881836,58436,0.0,0.0
2023-01-12 15:30:00-05:00,4.385000228881836,4.440000057220459,4.385000228881836,4.434999942779541,112856,0.0,0.0
2023-01-13 09:30:00-05:00,4.400000095367432,4.489999771118164,4.340000152587891,4.489999771118164,68013,0.0,0.0
2023-01-13 10:30:00-05:00,4.489999771118164,4.559999942779541,4.46999979019165,4.514999866485596,171242,0.0,0.0
2023-01-13 11:30:00-05:00,4.510000228881836,4.510000228881836,4.449999809265137,4.494999885559082,42368,0.0,0.0
2023-01-13 12:30:00-05:00,4.494999885559082,4.579999923706055,4.485000133514404,4.570000171661377,58776,0.0,0.0
2023-01-13 13:30:00-05:00,4.565000057220459,4.590000152587891,4.539999961853027,4.565000057220459,83683,0.0,0.0
2023-01-13 14:30:00-05:00,4.570000171661377,4.599999904632568,4.559999942779541,4.599999904632568,115936,0.0,0.0
2023-01-13 15:30:00-05:00,4.599999904632568,4.639999866485596,4.59250020980835,4.630000114440918,246667,0.0,0.0
2023-01-17 09:30:00-05:00,4.599999904632568,4.639999866485596,4.46999979019165,4.614999771118164,134355,0.0,0.0
2023-01-17 10:30:00-05:00,4.614999771118164,4.630000114440918,4.541500091552734,4.559999942779541,96251,0.0,0.0
2023-01-17 11:30:00-05:00,4.554999828338623,4.605000019073486,4.550000190734863,4.570000171661377,68376,0.0,0.0
2023-01-17 12:30:00-05:00,4.570000171661377,4.626399993896484,4.559999942779541,4.585000038146973,84390,0.0,0.0
2023-01-17 13:30:00-05:00,4.590000152587891,4.610000133514404,4.570000171661377,4.59499979019165,65179,0.0,0.0
2023-01-17 14:30:00-05:00,4.599999904632568,4.599999904632568,4.559999942779541,4.59499979019165,80419,0.0,0.0
2023-01-17 15:30:00-05:00,4.59499979019165,4.610000133514404,4.570000171661377,4.605000019073486,157683,0.0,0.0
2023-01-18 09:30:00-05:00,4.599999904632568,4.690000057220459,4.590000152587891,4.630000114440918,61620,0.0,0.0
2023-01-18 10:30:00-05:00,4.619999885559082,4.625,4.484499931335449,4.494999885559082,55320,0.0,0.0
2023-01-18 11:30:00-05:00,4.489999771118164,4.494999885559082,4.445000171661377,4.445000171661377,56126,0.0,0.0
2023-01-18 12:30:00-05:00,4.445000171661377,4.445000171661377,4.400100231170654,4.434999942779541,78535,0.0,0.0
2023-01-18 13:30:00-05:00,4.434999942779541,4.480000019073486,4.389999866485596,4.409999847412109,96732,0.0,0.0
2023-01-18 14:30:00-05:00,4.409999847412109,4.409999847412109,4.364999771118164,4.369999885559082,125883,0.0,0.0
2023-01-18 15:30:00-05:00,4.375,4.400000095367432,4.349999904632568,4.385000228881836,225759,0.0,0.0
2023-01-19 09:30:00-05:00,4.389999866485596,4.420000076293945,4.28000020980835,4.40500020980835,300329,0.0,0.0
2023-01-19 10:30:00-05:00,4.40500020980835,4.445000171661377,4.320000171661377,4.324999809265137,149413,0.0,0.0
2023-01-19 11:30:00-05:00,4.324999809265137,4.34499979019165,4.315000057220459,4.335000038146973,90690,0.0,0.0
2023-01-19 12:30:00-05:00,4.335000038146973,4.349999904632568,4.320000171661377,4.329999923706055,78990,0.0,0.0
2023-01-19 13:30:00-05:00,4.340000152587891,4.420000076293945,4.329999923706055,4.414999961853027,114573,0.0,0.0
2023-01-19 14:30:00-05:00,4.414999961853027,4.46999979019165,4.409999847412109,4.454999923706055,162216,0.0,0.0
2023-01-19 15:30:00-05:00,4.454999923706055,4.454999923706055,4.40500020980835,4.449999809265137,219767,0.0,0.0
2023-01-20 09:30:00-05:00,4.5,4.5,4.389999866485596,4.460000038146973,99492,0.0,0.0
2023-01-20 10:30:00-05:00,4.46999979019165,4.53000020980835,4.429999828338623,4.519999980926514,44366,0.0,0.0
2023-01-20 11:30:00-05:00,4.525000095367432,4.525000095367432,4.490099906921387,4.5,30521,0.0,0.0
2023-01-20 12:30:00-05:00,4.489999771118164,4.510000228881836,4.409999847412109,4.414999961853027,56636,0.0,0.0
2023-01-20 13:30:00-05:00,4.414999961853027,4.480000019073486,4.409999847412109,4.480000019073486,70719,0.0,0.0
2023-01-20 14:30:00-05:00,4.474999904632568,4.489999771118164,4.414999961853027,4.414999961853027,136837,0.0,0.0
2023-01-20 15:30:00-05:00,4.414999961853027,4.429999828338623,4.367300033569336,4.394999980926514,296951,0.0,0.0
2023-01-23 09:30:00-05:00,4.369999885559082,4.520999908447266,4.360000133514404,4.510000228881836,103570,0.0,0.0
2023-01-23 10:30:00-05:00,4.511199951171875,4.574999809265137,4.510000228881836,4.510000228881836,99618,0.0,0.0
2023-01-23 11:30:00-05:00,4.514999866485596,4.559999942779541,4.510000228881836,4.53000020980835,59948,0.0,0.0
2023-01-23 12:30:00-05:00,4.534999847412109,4.59499979019165,4.53000020980835,4.559999942779541,62889,0.0,0.0
2023-01-23 13:30:00-05:00,4.559999942779541,4.590000152587891,4.53000020980835,4.585000038146973,160766,0.0,0.0
2023-01-23 14:30:00-05:00,4.590000152587891,4.679999828338623,4.570000171661377,4.675000190734863,234477,0.0,0.0
2023-01-23 15:30:00-05:00,4.675000190734863,4.739999771118164,4.639999866485596,4.735000133514404,292163,0.0,0.0
2023-01-24 09:30:00-05:00,4.730000019073486,4.840000152587891,4.639999866485596,4.739999771118164,206974,0.0,0.0
2023-01-24 10:30:00-05:00,4.739999771118164,4.894999980926514,4.724999904632568,4.875,177295,0.0,0.0
2023-01-24 11:30:00-05:00,4.875,4.909999847412109,4.840000152587891,4.864999771118164,97871,0.0,0.0
2023-01-24 12:30:00-05:00,4.869999885559082,4.960000038146973,4.855000019073486,4.954999923706055,110538,0.0,0.0
2023-01-24 13:30:00-05:00,4.949999809265137,4.958700180053711,4.909999847412109,4.925000190734863,72970,0.0,0.0
2023-01-24 14:30:00-05:00,4.925000190734863,4.934999942779541,4.840000152587891,4.875,200777,0.0,0.0
2023-01-24 15:30:00-05:00,4.875,4.900000095367432,4.849999904632568,4.885000228881836,323458,0.0,0.0
2023-01-25 09:30:00-05:00,4.75,4.760000228881836,4.539999961853027,4.539999961853027,157243,0.0,0.0
2023-01-25 10:30:00-05:00,4.545000076293945,4.590000152587891,4.517899990081787,4.579999923706055,95628,0.0,0.0
2023-01-25 11:30:00-05:00,4.579999923706055,4.599999904632568,4.565000057220459,4.570000171661377,74525,0.0,0.0
2023-01-25 12:30:00-05:00,4.570000171661377,4.635000228881836,4.570000171661377,4.635000228881836,44083,0.0,0.0
2023-01-25 13:30:00-05:00,4.630000114440918,4.684999942779541,4.610000133514404,4.650000095367432,61849,0.0,0.0
2023-01-25 14:30:00-05:00,4.65500020980835,4.710000038146973,4.630000114440918,4.704999923706055,157459,0.0,0.0
2023-01-25 15:30:00-05:00,4.704999923706055,4.710000038146973,4.670000076293945,4.679999828338623,220163,0.0,0.0
2023-01-26 09:30:00-05:00,4.699999809265137,4.820000171661377,4.659999847412109,4.730000019073486,140590,0.0,0.0
2023-01-26 10:30:00-05:00,4.730000019073486,4.734099864959717,4.664999961853027,4.684999942779541,79848,0.0,0.0
2023-01-26 11:30:00-05:00,4.690000057220459,4.724999904632568,4.679999828338623,4.71999979019165,82771,0.0,0.0
2023-01-26 12:30:00-05:00,4.71999979019165,4.735000133514404,4.690000057220459,4.71999979019165,82573,0.0,0.0
2023-01-26 13:30:00-05:00,4.71999979019165,4.775000095367432,4.71999979019165,4.769999980926514,82256,0.0,0.0
2023-01-26 14:30:00-05:00,4.775000095367432,4.789999961853027,4.724999904632568,4.78000020980835,130204,0.0,0.0
2023-01-26 15:30:00-05:00,4.78000020980835,4.860000133514404,4.78000020980835,4.849999904632568,262440,0.0,0.0
2023-01-27 09:30:00-05:00,4.809999942779541,4.90500020980835,4.789999961853027,4.840000152587891,73333,0.0,0.0
2023-01-27 10:30:00-05:00,4.849999904632568,4.855000019073486,4.739999771118164,4.769999980926514,123724,0.0,0.0
2023-01-27 11:30:00-05:00,4.769999980926514,4.849999904632568,4.769999980926514,4.840000152587891,53490,0.0,0.0
2023-01-27 12:30:00-05:00,4.840000152587891,4.860000133514404,4.829999923706055,4.840000152587891,47366,0.0,0.0
2023-01-27 13:30:00-05:00,4.84499979019165,4.855000019073486,4.800000190734863,4.849999904632568,185809,0.0,0.0
2023-01-27 14:30:00-05:00,4.840000152587891,4.900000095367432,4.837500095367432,4.900000095367432,241353,0.0,0.0
2023-01-27 15:30:00-05:00,4.889999866485596,4.934999942779541,4.889999866485596,4.909999847412109,299135,0.0,0.0
2023-01-30 09:30:00-05:00,4.849999904632568,4.864999771118164,4.5,4.505000114440918,277356,0.0,0.0
2023-01-30 10:30:00-05:00,4.510000228881836,4.550000190734863,4.449999809265137,4.550000190734863,210987,0.0,0.0
2023-01-30 11:30:00-05:00,4.545000076293945,4.550000190734863,4.489999771118164,4.519999980926514,113488,0.0,0.0
2023-01-30 12:30:00-05:00,4.519999980926514,4.550000190734863,4.46999979019165,4.534999847412109,83283,0.0,0.0
2023-01-30 13:30:00-05:00,4.534999847412109,4.559999942779541,4.489999771118164,4.494999885559082,138409,0.0,0.0
2023-01-30 14:30:00-05:00,4.494999885559082,4.519999980926514,4.46999979019165,4.5,320979,0.0,0.0
2023-01-30 15:30:00-05:00,4.494999885559082,4.5,4.449999809265137,4.460000038146973,275058,0.0,0.0
2023-01-31 09:30:00-05:00,4.46999979019165,4.614999771118164,4.429999828338623,4.614999771118164,178884,0.0,0.0
2023-01-31 10:30:00-05:00,4.619999885559082,4.650000095367432,4.590000152587891,4.630000114440918,120947,0.0,0.0
2023-01-31 11:30:00-05:00,4.619999885559082,4.710000038146973,4.619999885559082,4.679999828338623,86249,0.0,0.0
2023-01-31 12:30:00-05:00,4.679999828338623,4.72130012512207,4.659999847412109,4.659999847412109,87971,0.0,0.0
2023-01-31 13:30:00-05:00,4.659999847412109,4.704999923706055,4.65500020980835,4.704999923706055,117732,0.0,0.0
2023-01-31 14:30:00-05:00,4.704999923706055,4.755000114440918,4.695000171661377,4.71999979019165,156293,0.0,0.0
2023-01-31 15:30:00-05:00,4.721199989318848,4.75,4.699999809265137,4.71999979019165,363563,0.0,0.0
2023-02-01 09:30:00-05:00,4.710000038146973,4.894999980926514,4.710000038146973,4.835000038146973,315134,0.0,0.0
2023-02-01 10:30:00-05:00,4.832600116729736,4.840000152587891,4.760000228881836,4.829999923706055,132458,0.0,0.0
2023-02-01 11:30:00-05:00,4.829999923706055,4.875,4.824999809265137,4.849999904632568,122567,0.0,0.0
2023-02-01 12:30:00-05:00,4.849999904632568,4.920000076293945,4.840000152587891,4.901000022888184,186030,0.0,0.0
2023-02-01 13:30:00-05:00,4.900000095367432,4.925000190734863,4.800000190734863,4.889999866485596,250814,0.0,0.0
2023-02-01 14:30:00-05:00,4.889999866485596,5.070000171661377,4.829999923706055,5.065000057220459,391034,0.0,0.0
2023-02-01 15:30:00-05:00,5.070000171661377,5.150000095367432,4.960000038146973,5.010000228881836,586255,0.0,0.0
2023-02-02 09:30:00-05:00,5.329999923706055,6.090000152587891,5.269999980926514,5.84499979019165,1505075,0.0,0.0
2023-02-02 10:30:00-05:00,5.84499979019165,6.152200222015381,5.820000171661377,6.150000095367432,854060,0.0,0.0
2023-02-02 11:30:00-05:00,6.149899959564209,6.289999961853027,6.070000171661377,6.239999771118164,523211,0.0,0.0
2023-02-02 12:30:00-05:00,6.239999771118164,6.460000038146973,6.190000057220459,6.211400032043457,674693,0.0,0.0
2023-02-02 13:30:00-05:00,6.215000152587891,6.40500020980835,6.215000152587891,6.355000019073486,644997,0.0,0.0
2023-02-02 14:30:00-05:00,6.360000133514404,6.449999809265137,6.054999828338623,6.364999771118164,977450,0.0,0.0
2023-02-02 15:30:00-05:00,6.369999885559082,6.420000076293945,6.300000190734863,6.380000114440918,696127,0.0,0.0
2023-02-03 09:30:00-05:00,6.204999923706055,6.460000038146973,6.190000057220459,6.34499979019165,647255,0.0,0.0
2023-02-03 10:30:00-05:00,6.349999904632568,6.420300006866455,6.320000171661377,6.40500020980835,376135,0.0,0.0
2023-02-03 11:30:00-05:00,6.40500020980835,6.440000057220459,6.369999885559082,6.394999980926514,311164,0.0,0.0
2023-02-03 12:30:00-05:00,6.400000095367432,6.400000095367432,6.329999923706055,6.364999771118164,248995,0.0,0.0
2023-02-03 13:30:00-05:00,6.360000133514404,6.400000095367432,6.264999866485596,6.394999980926514,204591,0.0,0.0
2023-02-03 14:30:00-05:00,6.394999980926514,6.40500020980835,6.349999904632568,6.389999866485596,301767,0.0,0.0
2023-02-03 15:30:00-05:00,6.385000228881836,6.400000095367432,6.260000228881836,6.329999923706055,4359057,0.0,0.0
2023-02-06 09:30:00-05:00,6.210000038146973,6.300000190734863,6.010000228881836,6.099999904632568,307082,0.0,0.0
2023-02-06 10:30:00-05:00,6.099999904632568,6.159999847412109,5.960000038146973,5.980000019073486,2802415,0.0,0.0
2023-02-06 11:30:00-05:00,5.985000133514404,6.269999980926514,5.934999942779541,6.210000038146973,685295,0.0,0.0
2023-02-06 12:30:00-05:00,6.210000038146973,6.460000038146973,6.179999828338623,6.25,787096,0.0,0.0
2023-02-06 13:30:00-05:00,6.257900238037109,6.380000114440918,6.204999923706055,6.359300136566162,292147,0.0,0.0
2023-02-06 14:30:00-05:00,6.355000019073486,6.380000114440918,5.900000095367432,6.144999980926514,2103134,0.0,0.0
2023-02-06 15:30:00-05:00,6.139999866485596,6.139999866485596,5.960000038146973,5.966000080108643,1484831,0.0,0.0
2023-02-07 09:30:00-05:00,5.96999979019165,6.204999923706055,5.96999979019165,6.139999866485596,281029,0.0,0.0
2023-02-07 10:30:00-05:00,6.150000095367432,6.269999980926514,6.135000228881836,6.260000228881836,218282,0.0,0.0
2023-02-07 11:30:00-05:00,6.260000228881836,6.269999980926514,6.170000076293945,6.184999942779541,186882,0.0,0.0
2023-02-07 12:30:00-05:00,6.184999942779541,6.335000038146973,6.184999942779541,6.215000152587891,271375,0.0,0.0
2023-02-07 13:30:00-05:00,6.210000038146973,6.25,6.139999866485596,6.224999904632568,141918,0.0,0.0
2023-02-07 14:30:00-05:00,6.224999904632568,6.260000228881836,6.195000171661377,6.25,222604,0.0,0.0
2023-02-07 15:30:00-05:00,6.25,6.340000152587891,6.21999979019165,6.300000190734863,347105,0.0,0.0
2023-02-08 09:30:00-05:00,6.340000152587891,6.489999771118164,6.230000019073486,6.329999923706055,293256,0.0,0.0
2023-02-08 10:30:00-05:00,6.324999809265137,6.400000095367432,6.25,6.269999980926514,239613,0.0,0.0
2023-02-08 11:30:00-05:00,6.269999980926514,6.315000057220459,6.199999809265137,6.284999847412109,95713,0.0,0.0
2023-02-08 12:30:00-05:00,6.289999961853027,6.340000152587891,6.264999866485596,6.289999961853027,150589,0.0,0.0
2023-02-08 13:30:00-05:00,6.289999961853027,6.300000190734863,6.255000114440918,6.264999866485596,112928,0.0,0.0
2023-02-08 14:30:00-05:00,6.269999980926514,6.295000076293945,6.230000019073486,6.289999961853027,126698,0.0,0.0
2023-02-08 15:30:00-05:00,6.284999847412109,6.304999828338623,6.21999979019165,6.224999904632568,247829,0.0,0.0
2023-02-09 09:30:00-05:00,6.349999904632568,6.40500020980835,6.239999771118164,6.264999866485596,209660,0.0,0.0
2023-02-09 10:30:00-05:00,6.260000228881836,6.309999942779541,6.21999979019165,6.25,98429,0.0,0.0
2023-02-09 11:30:00-05:00,6.25,6.289999961853027,6.175000190734863,6.244999885559082,170946,0.0,0.0
2023-02-09 12:30:00-05:00,6.25,6.260000228881836,6.204999923706055,6.260000228881836,83342,0.0,0.0
2023-02-09 13:30:00-05:00,6.25,6.269999980926514,6.179999828338623,6.199999809265137,125476,0.0,0.0
2023-02-09 14:30:00-05:00,6.190000057220459,6.230000019073486,6.179999828338623,6.195000171661377,191791,0.0,0.0
2023-02-09 15:30:00-05:00,6.195000171661377,6.207499980926514,6.130000114440918,6.130000114440918,272082,0.0,0.0
2023-02-10 09:30:00-05:00,6.019999980926514,6.049900054931641,5.730000019073486,5.919099807739258,372100,0.0,0.0
2023-02-10 10:30:00-05:00,5.920000076293945,5.960000038146973,5.809999942779541,5.84499979019165,152516,0.0,0.0
2023-02-10 11:30:00-05:00,5.84499979019165,5.849899768829346,5.710000038146973,5.715000152587891,125280,0.0,0.0
2023-02-10 12:30:00-05:00,5.7104997634887695,5.75,5.664999961853027,5.724999904632568,159703,0.0,0.0
2023-02-10 13:30:00-05:00,5.71999979019165,5.769999980926514,5.699999809265137,5.724999904632568,133734,0.0,0.0
2023-02-10 14:30:00-05:00,5.724999904632568,5.769999980926514,5.691699981689453,5.764999866485596,216669,0.0,0.0
2023-02-10 15:30:00-05:00,5.769999980926514,5.769999980926514,5.699999809265137,5.715000152587891,302952,0.0,0.0
2023-02-13 09:30:00-05:00,5.679999828338623,5.860000133514404,5.679999828338623,5.800000190734863,124950,0.0,0.0
2023-02-13 10:30:00-05:00,5.800000190734863,5.909999847412109,5.800000190734863,5.90500020980835,98824,0.0,0.0
2023-02-13 11:30:00-05:00,5.909999847412109,5.914999961853027,5.840000152587891,5.894999980926514,131925,0.0,0.0
2023-02-13 12:30:00-05:00,5.899899959564209,5.954999923706055,5.885000228881836,5.949999809265137,86519,0.0,0.0
2023-02-13 13:30:00-05:00,5.954999923706055,5.965000152587891,5.925000190734863,5.929999828338623,85770,0.0,0.0
2023-02-13 14:30:00-05:00,5.925000190734863,5.980000019073486,5.909999847412109,5.934999942779541,135079,0.0,0.0
2023-02-13 15:30:00-05:00,5.934999942779541,6.0,5.928999900817871,5.980000019073486,314566,0.0,0.0
2023-02-14 09:30:00-05:00,5.900000095367432,6.130000114440918,5.800000190734863,5.989999771118164,242050,0.0,0.0
2023-02-14 10:30:00-05:00,5.994999885559082,6.005000114440918,5.889999866485596,5.900000095367432,125233,0.0,0.0
2023-02-14 11:30:00-05:00,5.900000095367432,5.954999923706055,5.869999885559082,5.949999809265137,170148,0.0,0.0
2023-02-14 12:30:00-05:00,5.949999809265137,6.007500171661377,5.909999847412109,6.005000114440918,151741,0.0,0.0
2023-02-14 13:30:00-05:00,6.005000114440918,6.019999980926514,5.960000038146973,5.989999771118164,104889,0.0,0.0
2023-02-14 14:30:00-05:00,6.0,6.179999828338623,6.0,6.164999961853027,304770,0.0,0.0
2023-02-14 15:30:00-05:00,6.164999961853027,6.195000171661377,6.130000114440918,6.135000228881836,375892,0.0,0.0
2023-02-15 09:30:00-05:00,6.050000190734863,6.355000019073486,6.010000228881836,6.304999828338623,220433,0.0,0.0
2023-02-15 10:30:00-05:00,6.304999828338623,6.379899978637695,6.292500019073486,6.360000133514404,194878,0.0,0.0
2023-02-15 11:30:00-05:00,6.364999771118164,6.364999771118164,6.289999961853027,6.335000038146973,180824,0.0,0.0
2023-02-15 12:30:00-05:00,6.329999923706055,6.389999866485596,6.329999923706055,6.380000114440918,73664,0.0,0.0
2023-02-15 13:30:00-05:00,6.375,6.409999847412109,6.34499979019165,6.355000019073486,133126,0.0,0.0
2023-02-15 14:30:00-05:00,6.355000019073486,6.369999885559082,6.315000057220459,6.369999885559082,149714,0.0,0.0
2023-02-15 15:30:00-05:00,6.369999885559082,6.449999809265137,6.360000133514404,6.429999828338623,436636,0.0,0.0
2023-02-16 09:30:00-05:00,6.150000095367432,6.159999847412109,5.860000133514404,6.039999961853027,491519,0.0,0.0
2023-02-16 10:30:00-05:00,6.039999961853027,6.150000095367432,5.96999979019165,6.039999961853027,302875,0.0,0.0
2023-02-16 11:30:00-05:00,6.039999961853027,6.054999828338623,5.96999979019165,6.03000020980835,275662,0.0,0.0
2023-02-16 12:30:00-05:00,6.025000095367432,6.070000171661377,6.010000228881836,6.03000020980835,226854,0.0,0.0
2023-02-16 13:30:00-05:00,6.034999847412109,6.135000228881836,6.02239990234375,6.130000114440918,142388,0.0,0.0
2023-02-16 14:30:00-05:00,6.135000228881836,6.179999828338623,6.090000152587891,6.105000019073486,226233,0.0,0.0
2023-02-16 15:30:00-05:00,6.110000133514404,6.110000133514404,6.03000020980835,6.050000190734863,328758,0.0,0.0
2023-02-17 09:30:00-05:00,5.96999979019165,6.090000152587891,5.920000076293945,6.034999847412109,261293,0.0,0.0
2023-02-17 10:30:00-05:00,6.039999961853027,6.050000190734863,5.954999923706055,6.0,221709,0.0,0.0
2023-02-17 11:30:00-05:00,6.0,6.050000190734863,5.985000133514404,6.025000095367432,100390,0.0,0.0
2023-02-17 12:30:00-05:00,6.025000095367432,6.025000095367432,5.934999942779541,6.0,124475,0.0,0.0
2023-02-17 13:30:00-05:00,5.994999885559082,6.03000020980835,5.985000133514404,6.005000114440918,129329,0.0,0.0
2023-02-17 14:30:00-05:00,6.005000114440918,6.039999961853027,5.96999979019165,6.025000095367432,297691,0.0,0.0
2023-02-17 15:30:00-05:00,6.025000095367432,6.070000171661377,6.014999866485596,6.054999828338623,215465,0.0,0.0
2023-02-21 09:30:00-05:00,5.840000152587891,5.900000095367432,5.639999866485596,5.640100002288818,272138,0.0,0.0
2023-02-21 10:30:00-05:00,5.639999866485596,5.679999828338623,5.579999923706055,5.599999904632568,184167,0.0,0.0
2023-02-21 11:30:00-05:00,5.605000019073486,5.71999979019165,5.579999923706055,5.6930999755859375,201152,0.0,0.0
2023-02-21 12:30:00-05:00,5.695000171661377,5.760000228881836,5.690000057220459,5.755000114440918,127564,0.0,0.0
2023-02-21 13:30:00-05:00,5.755000114440918,5.755000114440918,5.664999961853027,5.735000133514404,185151,0.0,0.0
2023-02-21 14:30:00-05:00,5.735000133514404,5.78000020980835,5.710000038146973,5.715000152587891,278842,0.0,0.0
2023-02-21 15:30:00-05:00,5.71999979019165,5.760000228881836,5.599999904632568,5.614999771118164,510429,0.0,0.0
2023-02-22 09:30:00-05:00,5.690000057220459,5.869999885559082,5.684999942779541,5.784999847412109,117875,0.0,0.0
2023-02-22 10:30:00-05:00,5.78000020980835,5.824999809265137,5.711100101470947,5.809999942779541,99389,0.0,0.0
2023-02-22 11:30:00-05:00,5.815000057220459,5.869999885559082,5.75,5.849999904632568,132916,0.0,0.0
2023-02-22 12:30:00-05:00,5.860000133514404,5.900000095367432,5.84499979019165,5.900000095367432,97661,0.0,0.0
2023-02-22 13:30:00-05:00,5.90500020980835,5.934999942779541,5.885000228881836,5.90500020980835,100689,0.0,0.0
2023-02-22 14:30:00-05:00,5.900000095367432,5.929999828338623,5.840000152587891,5.914999961853027,134529,0.0,0.0
2023-02-22 15:30:00-05:00,5.914999961853027,5.925000190734863,5.860000133514404,5.909999847412109,200361,0.0,0.0
2023-02-23 09:30:00-05:00,5.789999961853027,5.900000095367432,5.659999847412109,5.690100193023682,127995,0.0,0.0
2023-02-23 10:30:00-05:00,5.690000057220459,5.699999809265137,5.590000152587891,5.610000133514404,92056,0.0,0.0
2023-02-23 11:30:00-05:00,5.614999771118164,5.644999980926514,5.565000057220459,5.590000152587891,121383,0.0,0.0
2023-02-23 12:30:00-05:00,5.590000152587891,5.625,5.559999942779541,5.599999904632568,87638,0.0,0.0
2023-02-23 13:30:00-05:00,5.59499979019165,5.667500019073486,5.579999923706055,5.65500020980835,122421,0.0,0.0
2023-02-23 14:30:00-05:00,5.659999847412109,5.690000057220459,5.610000133514404,5.650000095367432,137074,0.0,0.0
2023-02-23 15:30:00-05:00,5.650000095367432,5.659999847412109,5.579999923706055,5.579999923706055,372277,0.0,0.0
2023-02-24 09:30:00-05:00,5.46999979019165,5.539999961853027,5.400400161743164,5.460000038146973,115811,0.0,0.0
2023-02-24 10:30:00-05:00,5.474999904632568,5.565000057220459,5.454999923706055,5.545000076293945,117961,0.0,0.0
2023-02-24 11:30:00-05:00,5.539999961853027,5.550000190734863,5.494999885559082,5.539999961853027,238086,0.0,0.0
2023-02-24 12:30:00-05:00,5.539999961853027,5.559100151062012,5.514999866485596,5.550000190734863,93535,0.0,0.0
2023-02-24 13:30:00-05:00,5.554999828338623,5.574999809265137,5.489999771118164,5.505000114440918,94513,0.0,0.0
2023-02-24 14:30:00-05:00,5.505000114440918,5.559999942779541,5.494999885559082,5.534999847412109,83817,0.0,0.0
2023-02-24 15:30:00-05:00,5.534999847412109,5.545000076293945,5.485000133514404,5.539999961853027,181848,0.0,0.0
2023-02-27 09:30:00-05:00,5.599999904632568,5.670000076293945,5.559999942779541,5.639999866485596,171823,0.0,0.0
2023-02-27 10:30:00-05:00,5.639999866485596,5.679999828338623,5.590000152587891,5.659999847412109,171947,0.0,0.0
2023-02-27 11:30:00-05:00,5.664999961853027,5.679999828338623,5.585000038146973,5.585000038146973,101566,0.0,0.0
2023-02-27 12:30:00-05:00,5.585000038146973,5.614999771118164,5.539999961853027,5.545000076293945,134207,0.0,0.0
2023-02-27 13:30:00-05:00,5.545000076293945,5.550000190734863,5.449999809265137,5.449999809265137,142304,0.0,0.0
2023-02-27 14:30:00-05:00,5.454999923706055,5.465000152587891,5.409999847412109,5.434999942779541,154895,0.0,0.0
2023-02-27 15:30:00-05:00,5.434999942779541,5.460000038146973,5.420000076293945,5.429999828338623,229306,0.0,0.0
2023-02-28 09:30:00-05:00,5.449999809265137,5.53000020980835,5.400000095367432,5.429999828338623,101616,0.0,0.0
2023-02-28 10:30:00-05:00,5.421199798583984,5.460000038146973,5.409999847412109,5.434999942779541,124179,0.0,0.0
2023-02-28 11:30:00-05:00,5.440000057220459,5.440000057220459,5.380000114440918,5.414999961853027,102015,0.0,0.0
2023-02-28 12:30:00-05:00,5.409999847412109,5.409999847412109,5.34499979019165,5.364999771118164,159278,0.0,0.0
2023-02-28 13:30:00-05:00,5.364999771118164,5.364999771118164,5.329999923706055,5.329999923706055,67150,0.0,0.0
2023-02-28 14:30:00-05:00,5.329999923706055,5.360000133514404,5.320000171661377,5.349999904632568,116374,0.0,0.0
2023-02-28 15:30:00-05:00,5.34499979019165,5.360000133514404,5.320000171661377,5.329999923706055,483045,0.0,0.0
2023-03-01 09:30:00-05:00,5.369999885559082,5.489999771118164,5.260000228881836,5.269999980926514,90175,0.0,0.0
2023-03-01 10:30:00-05:00,5.269999980926514,5.300000190734863,5.239999771118164,5.260000228881836,86425,0.0,0.0
2023-03-01 11:30:00-05:00,5.264999866485596,5.284999847412109,5.230000019073486,5.230000019073486,79704,0.0,0.0
2023-03-01 12:30:00-05:00,5.230000019073486,5.244999885559082,5.199999809265137,5.235000133514404,99392,0.0,0.0
2023-03-01 13:30:00-05:00,5.235000133514404,5.25,5.199999809265137,5.215000152587891,80204,0.0,0.0
2023-03-01 14:30:00-05:00,5.215000152587891,5.235000133514404,5.199999809265137,5.215000152587891,178881,0.0,0.0
2023-03-01 15:30:00-05:00,5.210000038146973,5.25,5.179999828338623,5.190000057220459,348067,0.0,0.0
2023-03-02 09:30:00-05:00,5.159999847412109,5.340000152587891,5.059999942779541,5.337500095367432,229529,0.0,0.0
2023-03-02 10:30:00-05:00,5.329999923706055,5.474999904632568,5.329999923706055,5.454999923706055,126918,0.0,0.0
2023-03-02 11:30:00-05:00,5.454999923706055,5.505000114440918,5.394999980926514,5.425000190734863,309078,0.0,0.0
2023-03-02 12:30:00-05:00,5.425000190734863,5.505000114440918,5.425000190734863,5.480000019073486,89077,0.0,0.0
2023-03-02 13:30:00-05:00,5.480000019073486,5.550000190734863,5.480000019073486,5.534999847412109,104779,0.0,0.0
2023-03-02 14:30:00-05:00,5.534999847412109,5.550000190734863,5.5,5.505000114440918,95819,0.0,0.0
2023-03-02 15:30:00-05:00,5.505000114440918,5.519999980926514,5.449999809265137,5.460000038146973,248540,0.0,0.0
2023-03-03 09:30:00-05:00,5.519999980926514,5.630000114440918,5.5,5.570000171661377,91685,0.0,0.0
2023-03-03 10:30:00-05:00,5.570000171661377,5.574999809265137,5.480000019073486,5.559999942779541,208565,0.0,0.0
2023-03-03 11:30:00-05:00,5.559999942779541,5.619999885559082,5.53000020980835,5.599999904632568,77402,0.0,0.0
2023-03-03 12:30:00-05:00,5.605000019073486,5.635000228881836,5.599999904632568,5.630000114440918,65646,0.0,0.0
2023-03-03 13:30:00-05:00,5.625,5.670000076293945,5.614999771118164,5.660999774932861,133291,0.0,0.0
2023-03-03 14:30:00-05:00,5.660999774932861,5.664999961853027,5.625,5.644999980926514,134691,0.0,0.0
2023-03-03 15:30:00-05:00,5.640999794006348,5.650000095367432,5.59499979019165,5.599999904632568,183648,0.0,0.0
2023-03-06 09:30:00-05:00,5.599999904632568,5.68209981918335,5.510000228881836,5.605000019073486,183530,0.0,0.0
2023-03-06 10:30:00-05:00,5.605000019073486,5.610000133514404,5.534999847412109,5.550000190734863,119982,0.0,0.0
2023-03-06 11:30:00-05:00,5.559899806976318,5.559999942779541,5.480000019073486,5.5,225927,0.0,0.0
2023-03-06 12:30:00-05:00,5.5,5.5,5.402299880981445,5.429999828338623,146013,0.0,0.0
2023-03-06 13:30:00-05:00,5.434999942779541,5.434999942779541,5.369999885559082,5.385000228881836,148194,0.0,0.0
2023-03-06 14:30:00-05:00,5.385000228881836,5.394999980926514,5.349999904632568,5.364999771118164,146321,0.0,0.0
2023-03-06 15:30:00-05:00,5.364999771118164,5.380000114440918,5.324999809265137,5.364999771118164,305597,0.0,0.0
2023-03-07 09:30:00-05:00,5.389999866485596,5.5,5.335000038146973,5.369999885559082,161178,0.0,0.0
2023-03-07 10:30:00-05:00,5.369999885559082,5.46999979019165,5.369999885559082,5.400000095367432,102509,0.0,0.0
2023-03-07 11:30:00-05:00,5.401599884033203,5.440000057220459,5.349999904632568,5.420000076293945,100761,0.0,0.0
2023-03-07 12:30:00-05:00,5.425000190734863,5.440000057220459,5.369999885559082,5.400000095367432,116177,0.0,0.0
2023-03-07 13:30:00-05:00,5.394999980926514,5.425000190734863,5.369999885559082,5.380000114440918,178605,0.0,0.0
2023-03-07 14:30:00-05:00,5.385000228881836,5.420000076293945,5.369999885559082,5.385000228881836,133078,0.0,0.0
2023-03-07 15:30:00-05:00,5.389999866485596,5.400000095367432,5.360000133514404,5.380000114440918,204355,0.0,0.0
2023-03-08 09:30:00-05:00,5.409999847412109,5.519000053405762,5.290299892425537,5.514999866485596,111358,0.0,0.0
2023-03-08 10:30:00-05:00,5.514999866485596,5.539999961853027,5.489999771118164,5.494999885559082,41947,0.0,0.0
2023-03-08 11:30:00-05:00,5.46999979019165,5.514999866485596,5.460000038146973,5.46999979019165,65668,0.0,0.0
2023-03-08 12:30:00-05:00,5.480000019073486,5.539000034332275,5.46999979019165,5.510000228881836,139338,0.0,0.0
2023-03-08 13:30:00-05:00,5.510000228881836,5.53000020980835,5.485000133514404,5.510000228881836,84634,0.0,0.0
2023-03-08 14:30:00-05:00,5.510000228881836,5.539999961853027,5.474999904632568,5.474999904632568,70125,0.0,0.0
2023-03-08 15:30:00-05:00,5.474999904632568,5.53000020980835,5.449999809265137,5.465000152587891,232429,0.0,0.0
2023-03-09 09:30:00-05:00,5.489999771118164,5.619999885559082,5.46999979019165,5.619900226593018,107558,0.0,0.0
2023-03-09 10:30:00-05:00,5.619999885559082,5.630000114440918,5.489999771118164,5.494999885559082,89856,0.0,0.0
2023-03-09 11:30:00-05:00,5.492499828338623,5.65500020980835,5.480000019073486,5.650000095367432,110521,0.0,0.0
2023-03-09 12:30:00-05:00,5.659999847412109,5.679999828338623,5.599999904632568,5.599999904632568,116591,0.0,0.0
2023-03-09 13:30:00-05:00,5.605000019073486,5.605000019073486,5.489999771118164,5.559999942779541,103025,0.0,0.0
2023-03-09 14:30:00-05:00,5.559999942779541,5.574999809265137,5.449999809265137,5.460000038146973,161244,0.0,0.0
2023-03-09 15:30:00-05:00,5.465000152587891,5.505000114440918,5.460000038146973,5.474999904632568,305838,0.0,0.0
2023-03-10 09:30:00-05:00,5.440000057220459,5.440000057220459,5.070000171661377,5.085000038146973,170704,0.0,0.0
2023-03-10 10:30:00-05:00,5.085000038146973,5.269999980926514,5.039999961853027,5.269999980926514,190727,0.0,0.0
2023-03-10 11:30:00-05:00,5.264999866485596,5.295000076293945,5.099999904632568,5.119999885559082,377939,0.0,0.0
2023-03-10 12:30:00-05:00,5.125,5.150000095367432,5.090000152587891,5.114999771118164,198820,0.0,0.0
2023-03-10 13:30:00-05:00,5.114999771118164,5.114999771118164,5.010000228881836,5.034999847412109,698465,0.0,0.0
2023-03-10 14:30:00-05:00,5.039999961853027,5.119999885559082,5.039999961853027,5.09499979019165,995074,0.0,0.0
2023-03-10 15:30:00-05:00,5.09499979019165,5.110000133514404,5.0625,5.085000038146973,343236,0.0,0.0
2023-03-13 09:30:00-04:00,4.860000133514404,4.934000015258789,4.650000095367432,4.650000095367432,651602,0.0,0.0
2023-03-13 10:30:00-04:00,4.65500020980835,4.829999923706055,4.639999866485596,4.809999942779541,428678,0.0,0.0
2023-03-13 11:30:00-04:00,4.800000190734863,4.820000171661377,4.704999923706055,4.710000038146973,232359,0.0,0.0
2023-03-13 12:30:00-04:00,4.715000152587891,4.71999979019165,4.635000228881836,4.659999847412109,154126,0.0,0.0
2023-03-13 13:30:00-04:00,4.659999847412109,4.800000190734863,4.635000228881836,4.764999866485596,154233,0.0,0.0
2023-03-13 14:30:00-04:00,4.769999980926514,4.835000038146973,4.75,4.820000171661377,282265,0.0,0.0
2023-03-13 15:30:00-04:00,4.829999923706055,4.885000228881836,4.78000020980835,4.78000020980835,393439,0.0,0.0
2023-03-14 09:30:00-04:00,4.860000133514404,5.110000133514404,4.860000133514404,5.054999828338623,231463,0.0,0.0
2023-03-14 10:30:00-04:00,5.059999942779541,5.144999980926514,5.0,5.139999866485596,115563,0.0,0.0
2023-03-14 11:30:00-04:00,5.144999980926514,5.184999942779541,5.090000152587891,5.090000152587891,135477,0.0,0.0
2023-03-14 12:30:00-04:00,5.090000152587891,5.170000076293945,5.039999961853027,5.050000190734863,298154,0.0,0.0
2023-03-14 13:30:00-04:00,5.050000190734863,5.090000152587891,5.019999980926514,5.074999809265137,176171,0.0,0.0
2023-03-14 14:30:00-04:00,5.074999809265137,5.079999923706055,4.940000057220459,4.949999809265137,174939,0.0,0.0
2023-03-14 15:30:00-04:00,4.945000171661377,4.974999904632568,4.929999828338623,4.940000057220459,257999,0.0,0.0
2023-03-15 09:30:00-04:00,5.005000114440918,5.005000114440918,4.7220001220703125,4.925000190734863,142936,0.0,0.0
2023-03-15 10:30:00-04:00,4.920000076293945,4.929999828338623,4.78000020980835,4.829999923706055,123055,0.0,0.0
2023-03-15 11:30:00-04:00,4.824999809265137,4.894999980926514,4.809999942779541,4.84499979019165,81971,0.0,0.0
2023-03-15 12:30:00-04:00,4.84499979019165,4.860000133514404,4.800000190734863,4.849999904632568,138666,0.0,0.0
2023-03-15 13:30:00-04:00,4.849999904632568,4.920000076293945,4.795000076293945,4.889999866485596,204942,0.0,0.0
2023-03-15 14:30:00-04:00,4.889999866485596,4.96999979019165,4.885000228881836,4.960000038146973,261371,0.0,0.0
2023-03-15 15:30:00-04:00,4.965000152587891,4.989999771118164,4.925000190734863,4.989999771118164,285602,0.0,0.0
2023-03-16 09:30:00-04:00,4.880000114440918,4.949999809265137,4.710000038146973,4.739999771118164,168332,0.0,0.0
2023-03-16 10:30:00-04:00,4.739999771118164,4.900000095367432,4.739999771118164,4.885000228881836,111914,0.0,0.0
2023-03-16 11:30:00-04:00,4.880000114440918,4.940000057220459,4.840000152587891,4.869999885559082,110993,0.0,0.0
2023-03-16 12:30:00-04:00,4.875,4.900000095367432,4.840000152587891,4.849999904632568,107891,0.0,0.0
2023-03-16 13:30:00-04:00,4.849999904632568,4.869999885559082,4.789999961853027,4.815000057220459,136568,0.0,0.0
2023-03-16 14:30:00-04:00,4.820000171661377,4.835000038146973,4.789999961853027,4.820000171661377,110868,0.0,0.0
2023-03-16 15:30:00-04:00,4.820000171661377,4.820000171661377,4.730000019073486,4.760000228881836,306348,0.0,0.0
2023-03-17 09:30:00-04:00,4.699999809265137,4.71999979019165,4.525000095367432,4.559999942779541,346251,0.0,0.0
2023-03-17 10:30:00-04:00,4.570000171661377,4.570000171661377,4.440000057220459,4.449999809265137,118792,0.0,0.0
2023-03-17 11:30:00-04:00,4.445000171661377,4.465000152587891,4.389999866485596,4.429999828338623,185154,0.0,0.0
2023-03-17 12:30:00-04:00,4.425000190734863,4.449900150299072,4.320000171661377,4.324999809265137,189488,0.0,0.0
2023-03-17 13:30:00-04:00,4.324999809265137,4.349999904632568,4.260000228881836,4.28000020980835,282765,0.0,0.0
2023-03-17 14:30:00-04:00,4.275000095367432,4.289999961853027,4.230000019073486,4.264999866485596,238466,0.0,0.0
2023-03-17 15:30:00-04:00,4.260000228881836,4.269999980926514,4.21999979019165,4.224999904632568,434980,0.0,0.0
2023-03-20 09:30:00-04:00,4.150000095367432,4.210000038146973,4.0,4.039999961853027,411418,0.0,0.0
2023-03-20 10:30:00-04:00,4.039999961853027,4.076700210571289,4.014999866485596,4.074999809265137,138037,0.0,0.0
2023-03-20 11:30:00-04:00,4.074999809265137,4.074999809265137,3.984999895095825,4.034999847412109,150702,0.0,0.0
2023-03-20 12:30:00-04:00,4.034999847412109,4.118899822235107,4.025000095367432,4.105000019073486,95615,0.0,0.0
2023-03-20 13:30:00-04:00,4.099999904632568,4.159999847412109,4.090000152587891,4.144999980926514,241792,0.0,0.0
2023-03-20 14:30:00-04:00,4.144999980926514,4.144999980926514,4.09499979019165,4.105000019073486,147324,0.0,0.0
2023-03-20 15:30:00-04:00,4.099999904632568,4.135000228881836,4.09499979019165,4.114999771118164,343632,0.0,0.0
2023-03-21 09:30:00-04:00,4.190000057220459,4.190000057220459,4.03000020980835,4.039999961853027,138914,0.0,0.0
2023-03-21 10:30:00-04:00,4.03000020980835,4.105000019073486,4.019999980926514,4.09499979019165,95175,0.0,0.0
2023-03-21 11:30:00-04:00,4.099999904632568,4.150000095367432,4.079999923706055,4.144999980926514,195943,0.0,0.0
2023-03-21 12:30:00-04:00,4.150000095367432,4.15749979019165,4.099999904632568,4.125,126628,0.0,0.0
2023-03-21 13:30:00-04:00,4.125,4.137499809265137,4.09499979019165,4.130000114440918,213342,0.0,0.0
2023-03-21 14:30:00-04:00,4.139999866485596,4.159999847412109,4.110000133514404,4.15500020980835,187332,0.0,0.0
2023-03-21 15:30:00-04:00,4.159999847412109,4.190000057220459,4.135000228881836,4.179999828338623,318255,0.0,0.0
2023-03-22 09:30:00-04:00,4.190000057220459,4.190000057220459,3.990000009536743,4.054999828338623,175510,0.0,0.0
2023-03-22 10:30:00-04:00,4.050000190734863,4.050000190734863,3.98009991645813,4.014999866485596,134096,0.0,0.0
2023-03-22 11:30:00-04:00,4.010000228881836,4.025000095367432,3.950000047683716,3.990000009536743,161839,0.0,0.0
2023-03-22 12:30:00-04:00,3.9946000576019287,4.019999980926514,3.9700000286102295,4.019999980926514,122261,0.0,0.0
2023-03-22 13:30:00-04:00,4.019999980926514,4.090000152587891,4.0,4.065000057220459,127946,0.0,0.0
2023-03-22 14:30:00-04:00,4.065000057220459,4.105000019073486,3.990000009536743,4.039999961853027,208959,0.0,0.0
2023-03-22 15:30:00-04:00,4.039999961853027,4.045000076293945,3.890000104904175,3.9049999713897705,485367,0.0,0.0
2023-03-23 09:30:00-04:00,3.950000047683716,4.045000076293945,3.884999990463257,4.03000020980835,170733,0.0,0.0
2023-03-23 10:30:00-04:00,4.025000095367432,4.074999809265137,3.990000009536743,4.020500183105469,142670,0.0,0.0
2023-03-23 11:30:00-04:00,4.025000095367432,4.054999828338623,4.0,4.005000114440918,195689,0.0,0.0
2023-03-23 12:30:00-04:00,4.004199981689453,4.017499923706055,3.9600000381469727,3.9700000286102295,351983,0.0,0.0
2023-03-23 13:30:00-04:00,3.9749999046325684,3.997499942779541,3.930000066757202,3.944999933242798,115900,0.0,0.0
2023-03-23 14:30:00-04:00,3.944999933242798,3.9700000286102295,3.890000104904175,3.9100000858306885,179187,0.0,0.0
2023-03-23 15:30:00-04:00,3.9100000858306885,3.950000047683716,3.9000000953674316,3.9100000858306885,199269,0.0,0.0
2023-03-24 09:30:00-04:00,4.03000020980835,4.179999828338623,3.9756999015808105,4.144999980926514,272026,0.0,0.0
2023-03-24 10:30:00-04:00,4.139999866485596,4.139999866485596,4.019999980926514,4.019999980926514,110578,0.0,0.0
2023-03-24 11:30:00-04:00,4.019999980926514,4.059999942779541,3.9700000286102295,3.9749999046325684,126819,0.0,0.0
2023-03-24 12:30:00-04:00,3.9800000190734863,4.0,3.9000000953674316,3.9200000762939453,139487,0.0,0.0
2023-03-24 13:30:00-04:00,3.924999952316284,3.950000047683716,3.9100000858306885,3.934999942779541,163543,0.0,0.0
2023-03-24 14:30:00-04:00,3.930000066757202,3.934999942779541,3.880000114440918,3.890000104904175,215929,0.0,0.0
2023-03-24 15:30:00-04:00,3.9000000953674316,3.930000066757202,3.890000104904175,3.9100000858306885,331861,0.0,0.0
2023-03-27 09:30:00-04:00,3.9200000762939453,4.010000228881836,3.9200000762939453,3.944999933242798,95482,0.0,0.0
2023-03-27 10:30:00-04:00,3.944999933242798,3.984999895095825,3.924999952316284,3.940000057220459,74294,0.0,0.0
2023-03-27 11:30:00-04:00,3.947499990463257,3.950000047683716,3.9000000953674316,3.950000047683716,109568,0.0,0.0
2023-03-27 12:30:00-04:00,3.944999933242798,3.9549999237060547,3.900099992752075,3.944999933242798,67788,0.0,0.0
2023-03-27 13:30:00-04:00,3.950000047683716,4.019999980926514,3.940000057220459,4.017499923706055,162510,0.0,0.0
2023-03-27 14:30:00-04:00,4.019999980926514,4.050000190734863,4.010000228881836,4.045000076293945,116847,0.0,0.0
2023-03-27 15:30:00-04:00,4.045000076293945,4.110000133514404,4.019999980926514,4.070000171661377,536785,0.0,0.0
2023-03-28 09:30:00-04:00,4.03000020980835,4.15500020980835,3.990000009536743,4.119999885559082,266431,0.0,0.0
2023-03-28 10:30:00-04:00,4.119999885559082,4.130000114440918,4.019999980926514,4.050000190734863,168276,0.0,0.0
2023-03-28 11:30:00-04:00,4.054999828338623,4.065000057220459,4.010000228881836,4.014999866485596,31634,0.0,0.0
2023-03-28 12:30:00-04:00,4.014999866485596,4.019999980926514,3.984999895095825,4.010000228881836,47723,0.0,0.0
2023-03-28 13:30:00-04:00,4.014999866485596,4.017499923706055,3.9749999046325684,3.994999885559082,57393,0.0,0.0
2023-03-28 14:30:00-04:00,4.0,4.039999961853027,3.990000009536743,4.010000228881836,101759,0.0,0.0
2023-03-28 15:30:00-04:00,4.010000228881836,4.019999980926514,3.990000009536743,4.0,150589,0.0,0.0
2023-03-29 09:30:00-04:00,4.275000095367432,4.275000095367432,3.9549999237060547,3.9600000381469727,139850,0.0,0.0
2023-03-29 10:30:00-04:00,3.9700000286102295,3.9700000286102295,3.9100000858306885,3.950000047683716,82848,0.0,0.0
2023-03-29 11:30:00-04:00,3.944999933242798,3.9700000286102295,3.930000066757202,3.934999942779541,78458,0.0,0.0
2023-03-29 12:30:00-04:00,3.934999942779541,3.950000047683716,3.9049999713897705,3.924999952316284,84363,0.0,0.0
2023-03-29 13:30:00-04:00,3.924999952316284,3.930000066757202,3.9049999713897705,3.930000066757202,77653,0.0,0.0
2023-03-29 14:30:00-04:00,3.924999952316284,3.9600000381469727,3.924999952316284,3.9549999237060547,131931,0.0,0.0
2023-03-29 15:30:00-04:00,3.950000047683716,3.9600000381469727,3.9000000953674316,3.9049999713897705,305047,0.0,0.0
2023-03-30 09:30:00-04:00,4.0,4.099999904632568,3.9700000286102295,4.034999847412109,146703,0.0,0.0
2023-03-30 10:30:00-04:00,4.034999847412109,4.074999809265137,4.010000228881836,4.025000095367432,98866,0.0,0.0
2023-03-30 11:30:00-04:00,4.019999980926514,4.034999847412109,4.0,4.010000228881836,42493,0.0,0.0
2023-03-30 12:30:00-04:00,4.0183000564575195,4.034999847412109,3.992500066757202,4.012499809265137,74705,0.0,0.0
2023-03-30 13:30:00-04:00,4.019999980926514,4.045000076293945,4.002500057220459,4.039999961853027,41970,0.0,0.0
2023-03-30 14:30:00-04:00,4.03249979019165,4.039999961853027,3.9800000190734863,3.990000009536743,97002,0.0,0.0
2023-03-30 15:30:00-04:00,3.984999895095825,4.010000228881836,3.9800000190734863,3.984999895095825,111085,0.0,0.0
2023-03-31 09:30:00-04:00,4.0,4.079999923706055,3.9000000953674316,4.070000171661377,126178,0.0,0.0
2023-03-31 10:30:00-04:00,4.079999923706055,4.117499828338623,4.050000190734863,4.105000019073486,62258,0.0,0.0
2023-03-31 11:30:00-04:00,4.110000133514404,4.159999847412109,4.099999904632568,4.146699905395508,67518,0.0,0.0
2023-03-31 12:30:00-04:00,4.144999980926514,4.144999980926514,4.079999923706055,4.085000038146973,85723,0.0,0.0
2023-03-31 13:30:00-04:00,4.085000038146973,4.114999771118164,4.059999942779541,4.085000038146973,122949,0.0,0.0
2023-03-31 14:30:00-04:00,4.085000038146973,4.139999866485596,4.074999809265137,4.130000114440918,146716,0.0,0.0
2023-03-31 15:30:00-04:00,4.130000114440918,4.190000057220459,4.125,4.170000076293945,279014,0.0,0.0
2023-04-03 09:30:00-04:00,4.159999847412109,4.21999979019165,4.105000019073486,4.119999885559082,108370,0.0,0.0
2023-04-03 10:30:00-04:00,4.119999885559082,4.139999866485596,4.019999980926514,4.050000190734863,139238,0.0,0.0
2023-04-03 11:30:00-04:00,4.045000076293945,4.054999828338623,4.005000114440918,4.039999961853027,123763,0.0,0.0
2023-04-03 12:30:00-04:00,4.03000020980835,4.045000076293945,4.014999866485596,4.03000020980835,71218,0.0,0.0
2023-04-03 13:30:00-04:00,4.019999980926514,4.03000020980835,4.0,4.005000114440918,79563,0.0,0.0
2023-04-03 14:30:00-04:00,4.0,4.059999942779541,4.0,4.054999828338623,102767,0.0,0.0
2023-04-03 15:30:00-04:00,4.059999942779541,4.085000038146973,4.045000076293945,4.074999809265137,217412,0.0,0.0
2023-04-04 09:30:00-04:00,4.090000152587891,4.090000152587891,4.010000228881836,4.029300212860107,54846,0.0,0.0
2023-04-04 10:30:00-04:00,4.03000020980835,4.039999961853027,3.940000057220459,3.9800000190734863,81643,0.0,0.0
2023-04-04 11:30:00-04:00,3.9800000190734863,4.0,3.924999952316284,3.9649999141693115,130793,0.0,0.0
2023-04-04 12:30:00-04:00,3.9649999141693115,3.984999895095825,3.944999933242798,3.9749999046325684,88346,0.0,0.0
2023-04-04 13:30:00-04:00,3.9749999046325684,3.990000009536743,3.944999933242798,3.9549999237060547,87295,0.0,0.0
2023-04-04 14:30:00-04:00,3.9549999237060547,3.9549999237060547,3.9100000858306885,3.944999933242798,121676,0.0,0.0
2023-04-04 15:30:00-04:00,3.944999933242798,4.0,3.940000057220459,4.0,185046,0.0,0.0
2023-04-05 09:30:00-04:00,3.950000047683716,3.9700000286102295,3.8499999046325684,3.875,131043,0.0,0.0
2023-04-05 10:30:00-04:00,3.875,3.880000114440918,3.7850000858306885,3.809999942779541,76797,0.0,0.0
2023-04-05 11:30:00-04:00,3.815000057220459,3.819999933242798,3.7699999809265137,3.7850000858306885,70014,0.0,0.0
2023-04-05 12:30:00-04:00,3.7850000858306885,3.8399999141693115,3.7699999809265137,3.815000057220459,90325,0.0,0.0
2023-04-05 13:30:00-04:00,3.809999942779541,3.8399999141693115,3.805000066757202,3.809999942779541,67044,0.0,0.0
2023-04-05 14:30:00-04:00,3.809999942779541,3.825000047683716,3.7699999809265137,3.7820000648498535,104100,0.0,0.0
2023-04-05 15:30:00-04:00,3.7850000858306885,3.809999942779541,3.7699999809265137,3.805000066757202,176130,0.0,0.0
2023-04-06 09:30:00-04:00,3.799999952316284,3.8550000190734863,3.740000009536743,3.765000104904175,100217,0.0,0.0
2023-04-06 10:30:00-04:00,3.765000104904175,3.815000057220459,3.75,3.7950000762939453,60360,0.0,0.0
2023-04-06 11:30:00-04:00,3.7899999618530273,3.8350000381469727,3.7750000953674316,3.825000047683716,45270,0.0,0.0
2023-04-06 12:30:00-04:00,3.8299999237060547,3.869999885559082,3.815000057220459,3.8550000190734863,62744,0.0,0.0
2023-04-06 13:30:00-04:00,3.8550000190734863,3.880000114440918,3.8399999141693115,3.865000009536743,85111,0.0,0.0
2023-04-06 14:30:00-04:00,3.865000009536743,3.884999990463257,3.859999895095825,3.884999990463257,98004,0.0,0.0
2023-04-06 15:30:00-04:00,3.884999990463257,3.9100000858306885,3.880000114440918,3.9049999713897705,95691,0.0,0.0
2023-04-10 09:30:00-04:00,3.8399999141693115,3.880000114440918,3.799999952316284,3.865000009536743,91407,0.0,0.0
2023-04-10 10:30:00-04:00,3.869999885559082,3.9000000953674316,3.8550000190734863,3.884999990463257,47624,0.0,0.0
2023-04-10 11:30:00-04:00,3.884999990463257,3.890000104904175,3.809999942779541,3.8350000381469727,68231,0.0,0.0
2023-04-10 12:30:00-04:00,3.8350000381469727,3.880000114440918,3.825000047683716,3.865000009536743,80342,0.0,0.0
2023-04-10 13:30:00-04:00,3.865000009536743,3.880000114440918,3.8450000286102295,3.8450000286102295,60549,0.0,0.0
2023-04-10 14:30:00-04:00,3.8499999046325684,3.875,3.825000047683716,3.825000047683716,117545,0.0,0.0
2023-04-10 15:30:00-04:00,3.8299999237060547,3.869999885559082,3.8299999237060547,3.869999885559082,135650,0.0,0.0
2023-04-11 09:30:00-04:00,3.8499999046325684,3.890000104904175,3.7799999713897705,3.809999942779541,116050,0.0,0.0
2023-04-11 10:30:00-04:00,3.809999942779541,3.880000114440918,3.7750000953674316,3.799999952316284,230592,0.0,0.0
2023-04-11 11:30:00-04:00,3.805000066757202,3.8299999237060547,3.7799999713897705,3.825000047683716,95944,0.0,0.0
2023-04-11 12:30:00-04:00,3.825000047683716,3.8399999141693115,3.7899999618530273,3.819999933242798,79353,0.0,0.0
2023-04-11 13:30:00-04:00,3.815000057220459,3.819999933242798,3.7899999618530273,3.799999952316284,110321,0.0,0.0
2023-04-11 14:30:00-04:00,3.805000066757202,3.8299999237060547,3.799999952316284,3.809999942779541,141558,0.0,0.0
2023-04-11 15:30:00-04:00,3.815000057220459,3.8299999237060547,3.799999952316284,3.8299999237060547,214732,0.0,0.0
2023-04-12 09:30:00-04:00,3.880000114440918,3.944999933242798,3.759999990463257,3.799999952316284,109823,0.0,0.0
2023-04-12 10:30:00-04:00,3.799999952316284,3.809999942779541,3.740000009536743,3.7750000953674316,163444,0.0,0.0
2023-04-12 11:30:00-04:00,3.7750000953674316,3.8299999237060547,3.765000104904175,3.805000066757202,99794,0.0,0.0
2023-04-12 12:30:00-04:00,3.809999942779541,3.8450000286102295,3.7699999809265137,3.8350000381469727,122796,0.0,0.0
2023-04-12 13:30:00-04:00,3.8299999237060547,3.8399999141693115,3.765000104904175,3.7850000858306885,135042,0.0,0.0
2023-04-12 14:30:00-04:00,3.7850000858306885,3.7950000762939453,3.75,3.765000104904175,238935,0.0,0.0
2023-04-12 15:30:00-04:00,3.7699999809265137,3.7699999809265137,3.7300000190734863,3.755000114440918,311977,0.0,0.0
2023-04-13 09:30:00-04:00,3.759999990463257,4.010000228881836,3.759999990463257,3.950000047683716,205776,0.0,0.0
2023-04-13 10:30:00-04:00,3.950000047683716,3.9549999237060547,3.9100000858306885,3.934999942779541,126136,0.0,0.0
2023-04-13 11:30:00-04:00,3.934999942779541,3.9600000381469727,3.9200000762939453,3.9588000774383545,182429,0.0,0.0
2023-04-13 12:30:00-04:00,3.9549999237060547,3.9800000190734863,3.944999933242798,3.9549999237060547,137544,0.0,0.0
2023-04-13 13:30:00-04:00,3.9549999237060547,3.9800000190734863,3.940000057220459,3.944999933242798,107027,0.0,0.0
2023-04-13 14:30:00-04:00,3.944999933242798,3.950000047683716,3.9100000858306885,3.930000066757202,121273,0.0,0.0
2023-04-13 15:30:00-04:00,3.9200000762939453,3.950000047683716,3.9000000953674316,3.9200000762939453,223547,0.0,0.0
2023-04-14 09:30:00-04:00,3.9100000858306885,3.9100000858306885,3.7899999618530273,3.7899999618530273,64882,0.0,0.0
2023-04-14 10:30:00-04:00,3.797100067138672,3.797100067138672,3.7300000190734863,3.755000114440918,73958,0.0,0.0
2023-04-14 11:30:00-04:00,3.755000114440918,3.759999990463257,3.7100000381469727,3.740000009536743,85925,0.0,0.0
2023-04-14 12:30:00-04:00,3.734999895095825,3.765000104904175,3.7100000381469727,3.741300106048584,92966,0.0,0.0
2023-04-14 13:30:00-04:00,3.744999885559082,3.799999952316284,3.7300000190734863,3.7899999618530273,76525,0.0,0.0
2023-04-14 14:30:00-04:00,3.7850000858306885,3.799999952316284,3.7699999809265137,3.799999952316284,97101,0.0,0.0
2023-04-14 15:30:00-04:00,3.799999952316284,3.819999933242798,3.7699999809265137,3.7899999618530273,213655,0.0,0.0
2023-04-17 09:30:00-04:00,3.7699999809265137,3.8299999237060547,3.684999942779541,3.7850000858306885,212265,0.0,0.0
2023-04-17 10:30:00-04:00,3.7899999618530273,3.8499999046325684,3.773400068283081,3.7799999713897705,123405,0.0,0.0
2023-04-17 11:30:00-04:00,3.7699999809265137,3.7799999713897705,3.75,3.7750000953674316,96346,0.0,0.0
2023-04-17 12:30:00-04:00,3.7750000953674316,3.7799999713897705,3.75,3.75,97460,0.0,0.0
2023-04-17 13:30:00-04:00,3.75,3.759999990463257,3.6410000324249268,3.6649999618530273,192710,0.0,0.0
2023-04-17 14:30:00-04:00,3.6649999618530273,3.7200000286102295,3.6649999618530273,3.700000047683716,177403,0.0,0.0
2023-04-17 15:30:00-04:00,3.694999933242798,3.7100000381469727,3.674999952316284,3.7100000381469727,268445,0.0,0.0
2023-04-18 09:30:00-04:00,3.740000009536743,3.769700050354004,3.630000114440918,3.6500000953674316,139513,0.0,0.0
2023-04-18 10:30:00-04:00,3.6500000953674316,3.6700000762939453,3.645699977874756,3.6549999713897705,99475,0.0,0.0
2023-04-18 11:30:00-04:00,3.6600000858306885,3.6600000858306885,3.630000114440918,3.6449999809265137,57623,0.0,0.0
2023-04-18 12:30:00-04:00,3.6500000953674316,3.6500000953674316,3.5950000286102295,3.5999999046325684,82537,0.0,0.0
2023-04-18 13:30:00-04:00,3.5950000286102295,3.625,3.5899999141693115,3.615000009536743,137699,0.0,0.0
2023-04-18 14:30:00-04:00,3.614300012588501,3.619999885559082,3.5799999237060547,3.5850000381469727,100311,0.0,0.0
2023-04-18 15:30:00-04:00,3.5850000381469727,3.6449999809265137,3.5799999237060547,3.630000114440918,165130,0.0,0.0
2023-04-19 09:30:00-04:00,3.569999933242798,3.569999933242798,3.440000057220459,3.4649999141693115,182134,0.0,0.0
2023-04-19 10:30:00-04:00,3.4649999141693115,3.509999990463257,3.4649999141693115,3.5,92600,0.0,0.0
2023-04-19 11:30:00-04:00,3.494999885559082,3.5299999713897705,3.490000009536743,3.5165998935699463,108837,0.0,0.0
2023-04-19 12:30:00-04:00,3.5199999809265137,3.5299999713897705,3.509999990463257,3.515000104904175,56949,0.0,0.0
2023-04-19 13:30:00-04:00,3.515000104904175,3.5199999809265137,3.481300115585327,3.515700101852417,78595,0.0,0.0
2023-04-19 14:30:00-04:00,3.5199999809265137,3.5199999809265137,3.490000009536743,3.509999990463257,104829,0.0,0.0
2023-04-19 15:30:00-04:00,3.509999990463257,3.509999990463257,3.4749999046325684,3.509999990463257,574333,0.0,0.0
2023-04-20 09:30:00-04:00,3.440000057220459,3.4700000286102295,3.401099920272827,3.450000047683716,79846,0.0,0.0
2023-04-20 10:30:00-04:00,3.4549999237060547,3.4786999225616455,3.4000000953674316,3.4049999713897705,81204,0.0,0.0
2023-04-20 11:30:00-04:00,3.4049999713897705,3.430000066757202,3.390000104904175,3.4200000762939453,67114,0.0,0.0
2023-04-20 12:30:00-04:00,3.4200000762939453,3.4749999046325684,3.4200000762939453,3.4649999141693115,92876,0.0,0.0
2023-04-20 13:30:00-04:00,3.4649999141693115,3.4649999141693115,3.4000000953674316,3.4049999713897705,98694,0.0,0.0
2023-04-20 14:30:00-04:00,3.4049999713897705,3.4100000858306885,3.3399999141693115,3.3550000190734863,281439,0.0,0.0
2023-04-20 15:30:00-04:00,3.3550000190734863,3.380000114440918,3.319999933242798,3.3399999141693115,729582,0.0,0.0
2023-04-21 09:30:00-04:00,3.3399999141693115,3.359999895095825,3.1050000190734863,3.125,631074,0.0,0.0
2023-04-21 10:30:00-04:00,3.130000114440918,3.2249999046325684,3.0999999046325684,3.1649999618530273,684588,0.0,0.0
2023-04-21 11:30:00-04:00,3.1649999618530273,3.200000047683716,3.125,3.140000104904175,254649,0.0,0.0
2023-04-21 12:30:00-04:00,3.134999990463257,3.140000104904175,3.0799999237060547,3.1050000190734863,230190,0.0,0.0
2023-04-21 13:30:00-04:00,3.109999895095825,3.2149999141693115,3.1050000190734863,3.184999942779541,346841,0.0,0.0
2023-04-21 14:30:00-04:00,3.184999942779541,3.240000009536743,3.1500000953674316,3.1549999713897705,300359,0.0,0.0
2023-04-21 15:30:00-04:00,3.1600000858306885,3.180000066757202,3.140000104904175,3.1600000858306885,257841,0.0,0.0
2023-04-24 09:30:00-04:00,3.180000066757202,3.244999885559082,3.109999895095825,3.134999990463257,266624,0.0,0.0
2023-04-24 10:30:00-04:00,3.140000104904175,3.1449999809265137,3.050100088119507,3.0799999237060547,191188,0.0,0.0
2023-04-24 11:30:00-04:00,3.0799999237060547,3.0999999046325684,3.059999942779541,3.0950000286102295,178284,0.0,0.0
2023-04-24 12:30:00-04:00,3.0950000286102295,3.1500000953674316,3.0950000286102295,3.134999990463257,192892,0.0,0.0
2023-04-24 13:30:00-04:00,3.134999990463257,3.1549999713897705,3.0999999046325684,3.1050000190734863,268041,0.0,0.0
2023-04-24 14:30:00-04:00,3.109999895095825,3.140000104904175,3.0899999141693115,3.134999990463257,188846,0.0,0.0
2023-04-24 15:30:00-04:00,3.134999990463257,3.1500000953674316,3.115000009536743,3.125,278975,0.0,0.0
2023-04-25 09:30:00-04:00,3.0899999141693115,3.1050000190734863,3.0299999713897705,3.0899999141693115,156328,0.0,0.0
2023-04-25 10:30:00-04:00,3.0899999141693115,3.140000104904175,3.075000047683716,3.130000114440918,137779,0.0,0.0
2023-04-25 11:30:00-04:00,3.125,3.1700000762939453,3.119999885559082,3.1649999618530273,119038,0.0,0.0
2023-04-25 12:30:00-04:00,3.1649999618530273,3.1700000762939453,3.109999895095825,3.130000114440918,346189,0.0,0.0
2023-04-25 13:30:00-04:00,3.119999885559082,3.1449999809265137,3.0999999046325684,3.125,197557,0.0,0.0
2023-04-25 14:30:00-04:00,3.125,3.140000104904175,3.0999999046325684,3.0999999046325684,201978,0.0,0.0
2023-04-25 15:30:00-04:00,3.109999895095825,3.119999885559082,3.069999933242798,3.0950000286102295,372263,0.0,0.0
2023-04-26 09:30:00-04:00,3.0999999046325684,3.2899999618530273,3.069999933242798,3.125,311810,0.0,0.0
2023-04-26 10:30:00-04:00,3.125,3.1449999809265137,3.0899999141693115,3.0999999046325684,112463,0.0,0.0
2023-04-26 11:30:00-04:00,3.1050000190734863,3.119999885559082,3.080699920654297,3.115000009536743,123781,0.0,0.0
2023-04-26 12:30:00-04:00,3.115000009536743,3.125,3.0850000381469727,3.0899999141693115,83230,0.0,0.0
2023-04-26 13:30:00-04:00,3.0899999141693115,3.109999895095825,3.0899999141693115,3.1050000190734863,112220,0.0,0.0
2023-04-26 14:30:00-04:00,3.1050000190734863,3.1050000190734863,3.0799999237060547,3.0850000381469727,138146,0.0,0.0
2023-04-26 15:30:00-04:00,3.0899999141693115,3.119999885559082,3.065000057220459,3.0999999046325684,330641,0.0,0.0
2023-04-27 09:30:00-04:00,3.130000114440918,3.234999895095825,3.0999999046325684,3.119999885559082,139058,0.0,0.0
2023-04-27 10:30:00-04:00,3.119999885559082,3.119999885559082,3.0299999713897705,3.0488998889923096,149174,0.0,0.0
2023-04-27 11:30:00-04:00,3.0450000762939453,3.055000066757202,3.015000104904175,3.0199999809265137,118862,0.0,0.0
2023-04-27 12:30:00-04:00,3.0250000953674316,3.029099941253662,2.984999895095825,3.0199999809265137,151969,0.0,0.0
2023-04-27 13:30:00-04:00,3.015000104904175,3.0199999809265137,2.9800000190734863,3.0,140340,0.0,0.0
2023-04-27 14:30:00-04:00,3.005000114440918,3.009999990463257,2.930000066757202,2.944999933242798,238366,0.0,0.0
2023-04-27 15:30:00-04:00,2.944999933242798,2.9800000190734863,2.930000066757202,2.950000047683716,207009,0.0,0.0
2023-04-28 09:30:00-04:00,2.950000047683716,2.9800000190734863,2.859999895095825,2.9549999237060547,311621,0.0,0.0
2023-04-28 10:30:00-04:00,2.9549999237060547,2.9600000381469727,2.869999885559082,2.884999990463257,159633,0.0,0.0
2023-04-28 11:30:00-04:00,2.884999990463257,2.9000000953674316,2.869999885559082,2.875,187933,0.0,0.0
2023-04-28 12:30:00-04:00,2.880000114440918,2.885999917984009,2.8399999141693115,2.8550000190734863,202083,0.0,0.0
2023-04-28 13:30:00-04:00,2.8550000190734863,2.859999895095825,2.7899999618530273,2.8299999237060547,341930,0.0,0.0
2023-04-28 14:30:00-04:00,2.8299999237060547,2.8299999237060547,2.809999942779541,2.8180999755859375,216702,0.0,0.0
2023-04-28 15:30:00-04:00,2.815000057220459,2.8949999809265137,2.799999952316284,2.869999885559082,471062,0.0,0.0
2023-05-01 09:30:00-04:00,2.880000114440918,2.990000009536743,2.8550000190734863,2.940000057220459,250790,0.0,0.0
2023-05-01 10:30:00-04:00,2.940000057220459,2.9600000381469727,2.9149999618530273,2.9149999618530273,88319,0.0,0.0
2023-05-01 11:30:00-04:00,2.9149999618530273,2.934999942779541,2.884999990463257,2.924999952316284,116799,0.0,0.0
2023-05-01 12:30:00-04:00,2.924999952316284,2.944999933242798,2.9000000953674316,2.9149999618530273,135336,0.0,0.0
2023-05-01 13:30:00-04:00,2.9149999618530273,2.924999952316284,2.8949999809265137,2.8949999809265137,134641,0.0,0.0
2023-05-01 14:30:00-04:00,2.8949999809265137,2.930000066757202,2.880000114440918,2.9000000953674316,158583,0.0,0.0
2023-05-01 15:30:00-04:00,2.9100000858306885,2.934999942779541,2.890000104904175,2.930000066757202,323135,0.0,0.0
2023-05-02 09:30:00-04:00,2.9000000953674316,2.940000057220459,2.8299999237060547,2.859999895095825,205963,0.0,0.0
2023-05-02 10:30:00-04:00,2.8499999046325684,2.859999895095825,2.819999933242798,2.8350000381469727,210113,0.0,0.0
2023-05-02 11:30:00-04:00,2.8350000381469727,2.859999895095825,2.825000047683716,2.8350000381469727,120651,0.0,0.0
2023-05-02 12:30:00-04:00,2.8350000381469727,2.8399999141693115,2.799999952316284,2.805000066757202,137651,0.0,0.0
2023-05-02 13:30:00-04:00,2.805000066757202,2.8299999237060547,2.7899999618530273,2.799999952316284,155900,0.0,0.0
2023-05-02 14:30:00-04:00,2.799999952316284,2.809999942779541,2.7699999809265137,2.7750000953674316,209331,0.0,0.0
2023-05-02 15:30:00-04:00,2.7750000953674316,2.7799999713897705,2.759999990463257,2.765000104904175,304801,0.0,0.0
2023-05-03 09:30:00-04:00,2.809999942779541,2.825000047683716,2.7100000381469727,2.755000114440918,169450,0.0,0.0
2023-05-03 10:30:00-04:00,2.755000114440918,2.7799999713897705,2.7200000286102295,2.7799999713897705,149503,0.0,0.0
2023-05-03 11:30:00-04:00,2.7799999713897705,2.7799999713897705,2.7249999046325684,2.740000009536743,123763,0.0,0.0
2023-05-03 12:30:00-04:00,2.734999895095825,2.744999885559082,2.7100000381469727,2.7249999046325684,122027,0.0,0.0
2023-05-03 13:30:00-04:00,2.7249999046325684,2.759999990463257,2.7149999141693115,2.755000114440918,116551,0.0,0.0
2023-05-03 14:30:00-04:00,2.755000114440918,2.7850000858306885,2.7149999141693115,2.7300000190734863,420445,0.0,0.0
2023-05-03 15:30:00-04:00,2.7300000190734863,2.740000009536743,2.684999942779541,2.700000047683716,549978,0.0,0.0
2023-05-04 09:30:00-04:00,2.509999990463257,2.694999933242798,2.500499963760376,2.5999999046325684,521092,0.0,0.0
2023-05-04 10:30:00-04:00,2.5999999046325684,2.684999942779541,2.5899999141693115,2.6649999618530273,188088,0.0,0.0
2023-05-04 11:30:00-04:00,2.6649999618530273,2.6649999618530273,2.5950000286102295,2.615000009536743,138642,0.0,0.0
2023-05-04 12:30:00-04:00,2.609999895095825,2.630000114440918,2.5850000381469727,2.6050000190734863,149820,0.0,0.0
2023-05-04 13:30:00-04:00,2.6050000190734863,2.615000009536743,2.5850000381469727,2.5850000381469727,141936,0.0,0.0
2023-05-04 14:30:00-04:00,2.5799999237060547,2.5999999046325684,2.559999942779541,2.565000057220459,86822,0.0,0.0
2023-05-04 15:30:00-04:00,2.565000057220459,2.5899999141693115,2.5625,2.5799999237060547,191187,0.0,0.0
2023-05-05 09:30:00-04:00,2.6600000858306885,2.819999933242798,2.6600000858306885,2.8085999488830566,327513,0.0,0.0
2023-05-05 10:30:00-04:00,2.805999994277954,2.815000057220459,2.7699999809265137,2.7850000858306885,209500,0.0,0.0
2023-05-05 11:30:00-04:00,2.7799999713897705,2.799999952316284,2.7699999809265137,2.7850000858306885,145998,0.0,0.0
2023-05-05 12:30:00-04:00,2.7799999713897705,2.799999952316284,2.7699999809265137,2.7850000858306885,132362,0.0,0.0
2023-05-05 13:30:00-04:00,2.7850000858306885,2.809999942779541,2.734999895095825,2.7750000953674316,256359,0.0,0.0
2023-05-05 14:30:00-04:00,2.7750000953674316,2.799999952316284,2.759999990463257,2.765000104904175,222081,0.0,0.0
2023-05-05 15:30:00-04:00,2.765000104904175,2.7699999809265137,2.75,2.759999990463257,225035,0.0,0.0
2023-05-08 09:30:00-04:00,2.759999990463257,2.8299999237060547,2.740000009536743,2.759999990463257,268153,0.0,0.0
2023-05-08 10:30:00-04:00,2.765000104904175,2.8299999237060547,2.759999990463257,2.7850000858306885,109842,0.0,0.0
2023-05-08 11:30:00-04:00,2.7799999713897705,2.8399999141693115,2.7699999809265137,2.8350000381469727,125228,0.0,0.0
2023-05-08 12:30:00-04:00,2.8399999141693115,2.880000114440918,2.815000057220459,2.865000009536743,275465,0.0,0.0
2023-05-08 13:30:00-04:00,2.865000009536743,2.9200000762939453,2.8550000190734863,2.875,356244,0.0,0.0
2023-05-08 14:30:00-04:00,2.8761000633239746,2.9200000762939453,2.869999885559082,2.9100000858306885,242458,0.0,0.0
2023-05-08 15:30:00-04:00,2.9049999713897705,2.9200000762939453,2.9000000953674316,2.9149999618530273,248152,0.0,0.0
2023-05-09 09:30:00-04:00,2.869999885559082,2.890000104904175,2.8299999237060547,2.875,184709,0.0,0.0
2023-05-09 10:30:00-04:00,2.875,2.9149999618530273,2.859999895095825,2.884999990463257,151805,0.0,0.0
2023-05-09 11:30:00-04:00,2.884999990463257,2.9100000858306885,2.869999885559082,2.8949999809265137,114910,0.0,0.0
2023-05-09 12:30:00-04:00,2.8949999809265137,2.950000047683716,2.8949999809265137,2.950000047683716,102407,0.0,0.0
2023-05-09 13:30:00-04:00,2.944999933242798,2.9700000286102295,2.9049999713897705,2.9149999618530273,149232,0.0,0.0
2023-05-09 14:30:00-04:00,2.9149999618530273,3.015000104904175,2.9100000858306885,2.984999895095825,495529,0.0,0.0
2023-05-09 15:30:00-04:00,2.9800000190734863,3.009999990463257,2.9700000286102295,3.0,533317,0.0,0.0
2023-05-10 09:30:00-04:00,3.0899999141693115,3.234999895095825,3.0299999713897705,3.130000114440918,331351,0.0,0.0
2023-05-10 10:30:00-04:00,3.134999990463257,3.1600000858306885,3.0899999141693115,3.1449999809265137,169492,0.0,0.0
2023-05-10 11:30:00-04:00,3.1456000804901123,3.25,3.140000104904175,3.25,323660,0.0,0.0
2023-05-10 12:30:00-04:00,3.244999885559082,3.2699999809265137,3.1549999713897705,3.1649999618530273,363888,0.0,0.0
2023-05-10 13:30:00-04:00,3.1649999618530273,3.180000066757202,3.1500000953674316,3.1700000762939453,132595,0.0,0.0
2023-05-10 14:30:00-04:00,3.1649999618530273,3.244999885559082,3.1500000953674316,3.240000009536743,299771,0.0,0.0
2023-05-10 15:30:00-04:00,3.234999895095825,3.25,3.2100000381469727,3.2300000190734863,468857,0.0,0.0
2023-05-11 09:30:00-04:00,3.4100000858306885,3.4100000858306885,3.1500000953674316,3.1549999713897705,433013,0.0,0.0
2023-05-11 10:30:00-04:00,3.1549999713897705,3.174999952316284,3.0999999046325684,3.1500000953674316,266154,0.0,0.0
2023-05-11 11:30:00-04:00,3.1549999713897705,3.190000057220459,3.119999885559082,3.174999952316284,216632,0.0,0.0
2023-05-11 12:30:00-04:00,3.174999952316284,3.244999885559082,3.1700000762939453,3.2149999141693115,192761,0.0,0.0
2023-05-11 13:30:00-04:00,3.219899892807007,3.240000009536743,3.2100000381469727,3.2249999046325684,291469,0.0,0.0
2023-05-11 14:30:00-04:00,3.2300000190734863,3.25,3.2100000381469727,3.2249999046325684,291392,0.0,0.0
2023-05-11 15:30:00-04:00,3.2249999046325684,3.240000009536743,3.2100000381469727,3.2300000190734863,649278,0.0,0.0
2023-05-12 09:30:00-04:00,3.140000104904175,3.319999933242798,3.00570011138916,3.0799999237060547,695900,0.0,0.0
2023-05-12 10:30:00-04:00,3.08270001411438,3.2049999237060547,3.009999990463257,3.1600000858306885,671130,0.0,0.0
2023-05-12 11:30:00-04:00,3.1600000858306885,3.1682000160217285,3.0350000858306885,3.0450000762939453,292027,0.0,0.0
2023-05-12 12:30:00-04:00,3.0450000762939453,3.109999895095825,3.0399999618530273,3.0850000381469727,324068,0.0,0.0
2023-05-12 13:30:00-04:00,3.0899999141693115,3.1500000953674316,3.0450000762939453,3.1449999809265137,409666,0.0,0.0
2023-05-12 14:30:00-04:00,3.1500000953674316,3.1500000953674316,3.075000047683716,3.075000047683716,523130,0.0,0.0
2023-05-12 15:30:00-04:00,3.075000047683716,3.119999885559082,3.065000057220459,3.109999895095825,526242,0.0,0.0
2023-05-15 09:30:00-04:00,3.0999999046325684,3.2100000381469727,3.065000057220459,3.125,308743,0.0,0.0
2023-05-15 10:30:00-04:00,3.125,3.1500000953674316,3.0950000286102295,3.1449999809265137,213048,0.0,0.0
2023-05-15 11:30:00-04:00,3.1449999809265137,3.2300000190734863,3.140000104904175,3.2249999046325684,296135,0.0,0.0
2023-05-15 12:30:00-04:00,3.2300000190734863,3.2899999618530273,3.2149999141693115,3.259999990463257,320166,0.0,0.0
2023-05-15 13:30:00-04:00,3.259999990463257,3.3299999237060547,3.255000114440918,3.2950000762939453,221556,0.0,0.0
2023-05-15 14:30:00-04:00,3.2950000762939453,3.299999952316284,3.240000009536743,3.2699999809265137,359800,0.0,0.0
2023-05-15 15:30:00-04:00,3.2701001167297363,3.2899999618530273,3.25,3.2799999713897705,494157,0.0,0.0
2023-05-16 09:30:00-04:00,3.259999990463257,3.2750000953674316,3.130000114440918,3.134999990463257,245432,0.0,0.0
2023-05-16 10:30:00-04:00,3.130000114440918,3.2074999809265137,3.125,3.1649999618530273,223782,0.0,0.0
2023-05-16 11:30:00-04:00,3.1649999618530273,3.190000057220459,3.134999990463257,3.140000104904175,151507,0.0,0.0
2023-05-16 12:30:00-04:00,3.140000104904175,3.1700000762939453,3.115000009536743,3.115000009536743,138691,0.0,0.0
2023-05-16 13:30:00-04:00,3.115000009536743,3.1500000953674316,3.109999895095825,3.1449999809265137,208261,0.0,0.0
2023-05-16 14:30:00-04:00,3.1449999809265137,3.1700000762939453,3.134999990463257,3.1675000190734863,160954,0.0,0.0
2023-05-16 15:30:00-04:00,3.1600000858306885,3.1600000858306885,3.109999895095825,3.115000009536743,335448,0.0,0.0
2023-05-17 09:30:00-04:00,3.130000114440918,3.1600000858306885,3.075000047683716,3.115000009536743,189248,0.0,0.0
2023-05-17 10:30:00-04:00,3.115000009536743,3.200000047683716,3.115000009536743,3.174999952316284,212832,0.0,0.0
2023-05-17 11:30:00-04:00,3.174999952316284,3.240000009536743,3.174999952316284,3.2100000381469727,166020,0.0,0.0
2023-05-17 12:30:00-04:00,3.2100000381469727,3.2899999618530273,3.2100000381469727,3.265000104904175,191952,0.0,0.0
2023-05-17 13:30:00-04:00,3.265000104904175,3.3299999237060547,3.259999990463257,3.325000047683716,174123,0.0,0.0
2023-05-17 14:30:00-04:00,3.3299999237060547,3.359999895095825,3.309999942779541,3.359999895095825,254321,0.0,0.0
2023-05-17 15:30:00-04:00,3.359999895095825,3.359999895095825,3.325000047683716,3.3399999141693115,359319,0.0,0.0
2023-05-18 09:30:00-04:00,3.3299999237060547,3.518899917602539,3.299999952316284,3.484999895095825,454771,0.0,0.0
2023-05-18 10:30:00-04:00,3.4800000190734863,3.5399999618530273,3.4649999141693115,3.5350000858306885,166575,0.0,0.0
2023-05-18 11:30:00-04:00,3.5399999618530273,3.555000066757202,3.4800000190734863,3.490000009536743,167202,0.0,0.0
2023-05-18 12:30:00-04:00,3.490000009536743,3.5299999713897705,3.484999895095825,3.515000104904175,124557,0.0,0.0
2023-05-18 13:30:00-04:00,3.515000104904175,3.559999942779541,3.509999990463257,3.549999952316284,216629,0.0,0.0
2023-05-18 14:30:00-04:00,3.5450000762939453,3.5799999237060547,3.5399999618530273,3.565000057220459,175183,0.0,0.0
2023-05-18 15:30:00-04:00,3.569999933242798,3.619999885559082,3.559999942779541,3.5799999237060547,288329,0.0,0.0
2023-05-19 09:30:00-04:00,3.619999885559082,3.690000057220459,3.569999933242798,3.575000047683716,359603,0.0,0.0
2023-05-19 10:30:00-04:00,3.5799999237060547,3.6050000190734863,3.569999933242798,3.5850000381469727,129068,0.0,0.0
2023-05-19 11:30:00-04:00,3.5799999237060547,3.5999999046325684,3.549999952316284,3.5899999141693115,135314,0.0,0.0
2023-05-19 12:30:00-04:00,3.5850000381469727,3.6050000190734863,3.555000066757202,3.5950000286102295,238417,0.0,0.0
2023-05-19 13:30:00-04:00,3.5950000286102295,3.6050000190734863,3.5799999237060547,3.5850000381469727,134671,0.0,0.0
2023-05-19 14:30:00-04:00,3.5850000381469727,3.5999999046325684,3.565000057220459,3.5799999237060547,117472,0.0,0.0
2023-05-19 15:30:00-04:00,3.5850000381469727,3.6050000190734863,3.575000047683716,3.5899999141693115,259572,0.0,0.0
2023-05-22 09:30:00-04:00,3.619999885559082,3.684999942779541,3.555000066757202,3.6649999618530273,202556,0.0,0.0
2023-05-22 10:30:00-04:00,3.6689000129699707,3.726900100708008,3.6600000858306885,3.7149999141693115,131370,0.0,0.0
2023-05-22 11:30:00-04:00,3.7102999687194824,3.815000057220459,3.7100000381469727,3.809999942779541,258621,0.0,0.0
2023-05-22 12:30:00-04:00,3.809999942779541,3.8499999046325684,3.799999952316284,3.8450000286102295,201999,0.0,0.0
2023-05-22 13:30:00-04:00,3.8450000286102295,3.875,3.809999942779541,3.8350000381469727,137596,0.0,0.0
2023-05-22 14:30:00-04:00,3.8324999809265137,3.869999885559082,3.819999933242798,3.8299999237060547,134246,0.0,0.0
2023-05-22 15:30:00-04:00,3.8299999237060547,3.865000009536743,3.8299999237060547,3.8399999141693115,262242,0.0,0.0
2023-05-23 09:30:00-04:00,3.7699999809265137,3.924999952316284,3.7400999069213867,3.875,160561,0.0,0.0
2023-05-23 10:30:00-04:00,3.875,3.9200000762939453,3.8550000190734863,3.9149999618530273,87337,0.0,0.0
2023-05-23 11:30:00-04:00,3.9149999618530273,3.950000047683716,3.8838999271392822,3.884999990463257,128359,0.0,0.0
2023-05-23 12:30:00-04:00,3.884999990463257,3.884999990463257,3.799999952316284,3.805000066757202,128206,0.0,0.0
2023-05-23 13:30:00-04:00,3.805000066757202,3.809999942779541,3.7200000286102295,3.740000009536743,303952,0.0,0.0
2023-05-23 14:30:00-04:00,3.734999895095825,3.765000104904175,3.7200000286102295,3.7300000190734863,186239,0.0,0.0
2023-05-23 15:30:00-04:00,3.7300000190734863,3.7799999713897705,3.7300000190734863,3.759999990463257,301033,0.0,0.0
2023-05-24 09:30:00-04:00,3.7200000286102295,3.759999990463257,3.615000009536743,3.6549999713897705,160579,0.0,0.0
2023-05-24 10:30:00-04:00,3.6500000953674316,3.6700000762939453,3.609999895095825,3.6500000953674316,156847,0.0,0.0
2023-05-24 11:30:00-04:00,3.6549999713897705,3.6649999618530273,3.634999990463257,3.6449999809265137,107657,0.0,0.0
2023-05-24 12:30:00-04:00,3.640899896621704,3.6649999618530273,3.5999999046325684,3.615000009536743,94526,0.0,0.0
2023-05-24 13:30:00-04:00,3.615000009536743,3.690000057220459,3.609999895095825,3.663800001144409,101625,0.0,0.0
2023-05-24 14:30:00-04:00,3.6649999618530273,3.680000066757202,3.640000104904175,3.6649999618530273,122319,0.0,0.0
2023-05-24 15:30:00-04:00,3.6649999618530273,3.690000057220459,3.640000104904175,3.6600000858306885,190973,0.0,0.0
2023-05-25 09:30:00-04:00,3.6500000953674316,3.700000047683716,3.5999999046325684,3.6500000953674316,123206,0.0,0.0
2023-05-25 10:30:00-04:00,3.6549999713897705,3.677500009536743,3.630000114440918,3.634999990463257,93975,0.0,0.0
2023-05-25 11:30:00-04:00,3.634999990463257,3.6600000858306885,3.615000009536743,3.625,86981,0.0,0.0
2023-05-25 12:30:00-04:00,3.625,3.6649999618530273,3.609999895095825,3.6549999713897705,114101,0.0,0.0
2023-05-25 13:30:00-04:00,3.6549999713897705,3.7100000381469727,3.6549999713897705,3.694999933242798,102007,0.0,0.0
2023-05-25 14:30:00-04:00,3.694999933242798,3.694999933242798,3.6649999618530273,3.680000066757202,86158,0.0,0.0
2023-05-25 15:30:00-04:00,3.680000066757202,3.680000066757202,3.6500000953674316,3.6500000953674316,158466,0.0,0.0
2023-05-26 09:30:00-04:00,3.6500000953674316,3.759999990463257,3.5899999141693115,3.75,137713,0.0,0.0
2023-05-26 10:30:00-04:00,3.744999885559082,4.150000095367432,3.744999885559082,4.144999980926514,1275662,0.0,0.0
2023-05-26 11:30:00-04:00,4.144999980926514,4.28000020980835,4.070000171661377,4.179999828338623,1168253,0.0,0.0
2023-05-26 12:30:00-04:00,4.184999942779541,4.21999979019165,4.139999866485596,4.190000057220459,234430,0.0,0.0
2023-05-26 13:30:00-04:00,4.199999809265137,4.215000152587891,4.130000114440918,4.184999942779541,1000874,0.0,0.0
2023-05-26 14:30:00-04:00,4.179999828338623,4.190000057220459,4.125,4.144999980926514,261484,0.0,0.0
2023-05-26 15:30:00-04:00,4.144999980926514,4.179999828338623,4.110000133514404,4.125,419491,0.0,0.0
2023-05-30 09:30:00-04:00,4.150000095367432,4.275000095367432,4.059999942779541,4.199999809265137,349715,0.0,0.0
2023-05-30 10:30:00-04:00,4.199999809265137,4.199999809265137,4.119999885559082,4.144999980926514,149997,0.0,0.0
2023-05-30 11:30:00-04:00,4.144999980926514,4.190000057220459,4.110000133514404,4.110099792480469,194140,0.0,0.0
2023-05-30 12:30:00-04:00,4.114999771118164,4.130000114440918,4.070000171661377,4.070000171661377,106259,0.0,0.0
2023-05-30 13:30:00-04:00,4.070000171661377,4.099999904632568,4.059999942779541,4.09499979019165,121482,0.0,0.0
2023-05-30 14:30:00-04:00,4.09499979019165,4.130000114440918,4.079999923706055,4.125,136445,0.0,0.0
2023-05-30 15:30:00-04:00,4.125,4.150000095367432,4.070000171661377,4.070000171661377,784635,0.0,0.0
2023-05-31 09:30:00-04:00,3.990000009536743,4.090000152587891,3.9149999618530273,3.9600000381469727,171794,0.0,0.0
2023-05-31 10:30:00-04:00,3.9549999237060547,3.990000009536743,3.940000057220459,3.9549999237060547,156086,0.0,0.0
2023-05-31 11:30:00-04:00,3.952699899673462,3.9600000381469727,3.880000114440918,3.884999990463257,145239,0.0,0.0
2023-05-31 12:30:00-04:00,3.880000114440918,4.0,3.880000114440918,3.994999885559082,114859,0.0,0.0
2023-05-31 13:30:00-04:00,4.0,4.059999942779541,4.0,4.059999942779541,109932,0.0,0.0
2023-05-31 14:30:00-04:00,4.054999828338623,4.065000057220459,4.0,4.005000114440918,102163,0.0,0.0
2023-05-31 15:30:00-04:00,4.0,4.119999885559082,4.0,4.079999923706055,448262,0.0,0.0
2023-06-01 09:30:00-04:00,4.059999942779541,4.074999809265137,3.9600000381469727,4.005000114440918,191564,0.0,0.0
2023-06-01 10:30:00-04:00,4.005000114440918,4.050000190734863,3.984999895095825,4.045000076293945,115793,0.0,0.0
2023-06-01 11:30:00-04:00,4.039999961853027,4.085000038146973,4.039999961853027,4.054999828338623,124908,0.0,0.0
2023-06-01 12:30:00-04:00,4.059999942779541,4.070000171661377,4.014999866485596,4.025000095367432,99115,0.0,0.0
2023-06-01 13:30:00-04:00,4.019999980926514,4.027200222015381,4.0,4.010000228881836,108835,0.0,0.0
2023-06-01 14:30:00-04:00,4.005000114440918,4.010000228881836,3.950000047683716,3.950000047683716,115967,0.0,0.0
2023-06-01 15:30:00-04:00,3.9549999237060547,3.9600000381469727,3.930000066757202,3.950000047683716,262639,0.0,0.0
2023-06-02 09:30:00-04:00,4.059999942779541,4.135000228881836,3.994999885559082,4.050000190734863,143208,0.0,0.0
2023-06-02 10:30:00-04:00,4.050000190734863,4.119999885559082,4.03000020980835,4.079999923706055,163582,0.0,0.0
2023-06-02 11:30:00-04:00,4.079100131988525,4.119999885559082,4.074999809265137,4.105000019073486,88888,0.0,0.0
2023-06-02 12:30:00-04:00,4.110000133514404,4.184999942779541,4.105000019073486,4.184999942779541,157290,0.0,0.0
2023-06-02 13:30:00-04:00,4.184999942779541,4.199999809265137,4.144999980926514,4.159999847412109,202064,0.0,0.0
2023-06-02 14:30:00-04:00,4.15500020980835,4.190000057220459,4.130000114440918,4.184999942779541,159554,0.0,0.0
2023-06-02 15:30:00-04:00,4.190000057220459,4.210000038146973,4.179999828338623,4.190000057220459,378002,0.0,0.0
2023-06-05 09:30:00-04:00,4.090000152587891,4.099999904632568,3.7300000190734863,3.809999942779541,506272,0.0,0.0
2023-06-05 10:30:00-04:00,3.805000066757202,3.8499999046325684,3.799999952316284,3.815000057220459,122631,0.0,0.0
2023-06-05 11:30:00-04:00,3.815000057220459,3.9000000953674316,3.809999942779541,3.884999990463257,99693,0.0,0.0
2023-06-05 12:30:00-04:00,3.8801000118255615,3.950000047683716,3.869999885559082,3.880000114440918,118962,0.0,0.0
2023-06-05 13:30:00-04:00,3.875,3.890000104904175,3.8499999046325684,3.8721001148223877,82523,0.0,0.0
2023-06-05 14:30:00-04:00,3.869999885559082,3.9200000762939453,3.8399999141693115,3.875,129388,0.0,0.0
2023-06-05 15:30:00-04:00,3.869999885559082,3.890000104904175,3.859999895095825,3.869999885559082,189678,0.0,0.0
2023-06-06 09:30:00-04:00,3.8299999237060547,3.9200000762939453,3.805000066757202,3.8949999809265137,196635,0.0,0.0
2023-06-06 10:30:00-04:00,3.8975000381469727,3.984999895095825,3.8949999809265137,3.924999952316284,330455,0.0,0.0
2023-06-06 11:30:00-04:00,3.930000066757202,3.930000066757202,3.8901000022888184,3.9000000953674316,203886,0.0,0.0
2023-06-06 12:30:00-04:00,3.9049999713897705,3.9100000858306885,3.859999895095825,3.890000104904175,71587,0.0,0.0
2023-06-06 13:30:00-04:00,3.890000104904175,3.9149999618530273,3.880000114440918,3.8949999809265137,102636,0.0,0.0
2023-06-06 14:30:00-04:00,3.9000000953674316,3.9100000858306885,3.859999895095825,3.865000009536743,178888,0.0,0.0
2023-06-06 15:30:00-04:00,3.865000009536743,3.9000000953674316,3.8499999046325684,3.880000114440918,295200,0.0,0.0
2023-06-07 09:30:00-04:00,3.9000000953674316,3.930000066757202,3.809999942779541,3.9000000953674316,292366,0.0,0.0
2023-06-07 10:30:00-04:00,3.9000000953674316,3.9149999618530273,3.8499999046325684,3.9049999713897705,225255,0.0,0.0
2023-06-07 11:30:00-04:00,3.9049999713897705,3.9100000858306885,3.8299999237060547,3.8450000286102295,150432,0.0,0.0
2023-06-07 12:30:00-04:00,3.8399999141693115,3.884999990463257,3.8350000381469727,3.859999895095825,105039,0.0,0.0
2023-06-07 13:30:00-04:00,3.8499999046325684,3.9049999713897705,3.8399999141693115,3.8949999809265137,120135,0.0,0.0
2023-06-07 14:30:00-04:00,3.9000000953674316,3.9049999713897705,3.8550000190734863,3.865000009536743,202687,0.0,0.0
2023-06-07 15:30:00-04:00,3.869999885559082,3.9000000953674316,3.8550000190734863,3.8949999809265137,183679,0.0,0.0
2023-06-08 09:30:00-04:00,3.890000104904175,3.9000000953674316,3.7300000190734863,3.7899999618530273,158522,0.0,0.0
2023-06-08 10:30:00-04:00,3.7899999618530273,3.8450000286102295,3.7799999713897705,3.8299999237060547,118179,0.0,0.0
2023-06-08 11:30:00-04:00,3.825000047683716,3.859999895095825,3.819999933242798,3.8550000190734863,71849,0.0,0.0
2023-06-08 12:30:00-04:00,3.8550000190734863,3.859999895095825,3.805000066757202,3.815000057220459,85138,0.0,0.0
2023-06-08 13:30:00-04:00,3.815000057220459,3.8299999237060547,3.7899999618530273,3.805000066757202,111750,0.0,0.0
2023-06-08 14:30:00-04:00,3.805000066757202,3.869999885559082,3.799999952316284,3.865000009536743,158488,0.0,0.0
2023-06-08 15:30:00-04:00,3.859999895095825,3.875,3.8399999141693115,3.8550000190734863,254459,0.0,0.0
2023-06-09 09:30:00-04:00,3.859999895095825,3.924999952316284,3.819999933242798,3.8949999809265137,138276,0.0,0.0
2023-06-09 10:30:00-04:00,3.8901000022888184,3.9100000858306885,3.8399999141693115,3.8399999141693115,105424,0.0,0.0
2023-06-09 11:30:00-04:00,3.8350000381469727,3.9000000953674316,3.825000047683716,3.890000104904175,87250,0.0,0.0
2023-06-09 12:30:00-04:00,3.890000104904175,3.9100000858306885,3.884999990463257,3.8949999809265137,91169,0.0,0.0
2023-06-09 13:30:00-04:00,3.9000000953674316,3.9000000953674316,3.859999895095825,3.859999895095825,54062,0.0,0.0
2023-06-09 14:30:00-04:00,3.865000009536743,3.875,3.8499999046325684,3.865000009536743,100269,0.0,0.0
2023-06-09 15:30:00-04:00,3.865000009536743,3.9000000953674316,3.8499999046325684,3.9000000953674316,258268,0.0,0.0
2023-06-12 09:30:00-04:00,3.9000000953674316,3.940000057220459,3.8399999141693115,3.9149999618530273,328045,0.0,0.0
2023-06-12 10:30:00-04:00,3.9049999713897705,3.940000057220459,3.880000114440918,3.9100000858306885,152954,0.0,0.0
2023-06-12 11:30:00-04:00,3.9100000858306885,3.950000047683716,3.9100000858306885,3.924999952316284,152972,0.0,0.0
2023-06-12 12:30:00-04:00,3.924999952316284,3.9700000286102295,3.9200000762939453,3.9600000381469727,178844,0.0,0.0
2023-06-12 13:30:00-04:00,3.9649999141693115,4.0,3.9600000381469727,3.9800000190734863,123819,0.0,0.0
2023-06-12 14:30:00-04:00,3.9800000190734863,3.990000009536743,3.950000047683716,3.9600000381469727,159457,0.0,0.0
2023-06-12 15:30:00-04:00,3.9549999237060547,3.9600000381469727,3.930000066757202,3.944999933242798,291955,0.0,0.0
2023-06-13 09:30:00-04:00,3.9600000381469727,4.085000038146973,3.9200000762939453,4.019999980926514,172333,0.0,0.0
2023-06-13 10:30:00-04:00,4.025000095367432,4.050000190734863,3.990000009536743,4.019999980926514,85009,0.0,0.0
2023-06-13 11:30:00-04:00,4.014999866485596,4.025000095367432,3.9800000190734863,3.994999885559082,118763,0.0,0.0
2023-06-13 12:30:00-04:00,4.0,4.049300193786621,4.0,4.025000095367432,67650,0.0,0.0
2023-06-13 13:30:00-04:00,4.025000095367432,4.03000020980835,3.9800000190734863,3.9800000190734863,69666,0.0,0.0
2023-06-13 14:30:00-04:00,3.9800000190734863,4.039999961853027,3.9800000190734863,4.034999847412109,102525,0.0,0.0
2023-06-13 15:30:00-04:00,4.034999847412109,4.125,4.03000020980835,4.079999923706055,286348,0.0,0.0
2023-06-14 09:30:00-04:00,4.079999923706055,4.119999885559082,3.9800000190734863,4.005000114440918,141178,0.0,0.0
2023-06-14 10:30:00-04:00,4.005000114440918,4.039999961853027,3.994999885559082,4.019999980926514,89107,0.0,0.0
2023-06-14 11:30:00-04:00,4.019999980926514,4.050000190734863,4.005000114440918,4.025000095367432,74809,0.0,0.0
2023-06-14 12:30:00-04:00,4.019999980926514,4.039999961853027,3.960099935531616,3.9688000679016113,56379,0.0,0.0
2023-06-14 13:30:00-04:00,3.9649999141693115,3.9749999046325684,3.859999895095825,3.875,106356,0.0,0.0
2023-06-14 14:30:00-04:00,3.880000114440918,3.9749999046325684,3.859999895095825,3.930000066757202,287074,0.0,0.0
2023-06-14 15:30:00-04:00,3.930000066757202,3.940000057220459,3.9049999713897705,3.940000057220459,210690,0.0,0.0
2023-06-15 09:30:00-04:00,3.930000066757202,4.010000228881836,3.8301000595092773,4.010000228881836,118759,0.0,0.0
2023-06-15 10:30:00-04:00,4.005000114440918,4.03000020980835,3.9600000381469727,4.03000020980835,85720,0.0,0.0
2023-06-15 11:30:00-04:00,4.03000020980835,4.099999904632568,4.019999980926514,4.085000038146973,113036,0.0,0.0
2023-06-15 12:30:00-04:00,4.090000152587891,4.119999885559082,4.074999809265137,4.110000133514404,85474,0.0,0.0
2023-06-15 13:30:00-04:00,4.114999771118164,4.170000076293945,4.110000133514404,4.139999866485596,189816,0.0,0.0
2023-06-15 14:30:00-04:00,4.139999866485596,4.170000076293945,4.130000114440918,4.135000228881836,115352,0.0,0.0
2023-06-15 15:30:00-04:00,4.135000228881836,4.150000095367432,4.099999904632568,4.130000114440918,215322,0.0,0.0
2023-06-16 09:30:00-04:00,4.159999847412109,4.169899940490723,3.9149999618530273,3.9200000762939453,480950,0.0,0.0
2023-06-16 10:30:00-04:00,3.9200000762939453,3.9200000762939453,3.799999952316284,3.819200038909912,444396,0.0,0.0
2023-06-16 11:30:00-04:00,3.815000057220459,3.8399999141693115,3.7699999809265137,3.8399999141693115,105297,0.0,0.0
2023-06-16 12:30:00-04:00,3.8399999141693115,3.9100000858306885,3.8350000381469727,3.884999990463257,111630,0.0,0.0
2023-06-16 13:30:00-04:00,3.884999990463257,3.950000047683716,3.869999885559082,3.9049999713897705,189916,0.0,0.0
2023-06-16 14:30:00-04:00,3.9000000953674316,3.9200000762939453,3.880000114440918,3.9149999618530273,133119,0.0,0.0
2023-06-16 15:30:00-04:00,3.9149999618530273,3.958899974822998,3.9049999713897705,3.9149999618530273,367556,0.0,0.0
2023-06-20 09:30:00-04:00,3.8499999046325684,3.9149999618530273,3.759999990463257,3.759999990463257,273540,0.0,0.0
2023-06-20 10:30:00-04:00,3.75,3.755000114440918,3.690000057220459,3.7149999141693115,195695,0.0,0.0
2023-06-20 11:30:00-04:00,3.7149999141693115,3.755000114440918,3.7109999656677246,3.744999885559082,141919,0.0,0.0
2023-06-20 12:30:00-04:00,3.744999885559082,3.765000104904175,3.7249999046325684,3.7300000190734863,127770,0.0,0.0
2023-06-20 13:30:00-04:00,3.734999895095825,3.740000009536743,3.6500000953674316,3.6600000858306885,175026,0.0,0.0
2023-06-20 14:30:00-04:00,3.6600000858306885,3.759999990463257,3.6549999713897705,3.755000114440918,1206146,0.0,0.0
2023-06-20 15:30:00-04:00,3.759999990463257,3.8399999141693115,3.740000009536743,3.8299999237060547,535714,0.0,0.0
2023-06-21 09:30:00-04:00,3.7300000190734863,3.859999895095825,3.6449999809265137,3.6549999713897705,267636,0.0,0.0
2023-06-21 10:30:00-04:00,3.6549999713897705,3.6600000858306885,3.5701000690460205,3.615000009536743,173768,0.0,0.0
2023-06-21 11:30:00-04:00,3.615000009536743,3.6500000953674316,3.5950000286102295,3.634999990463257,113249,0.0,0.0
2023-06-21 12:30:00-04:00,3.634999990463257,3.6449999809265137,3.5999999046325684,3.634999990463257,110082,0.0,0.0
2023-06-21 13:30:00-04:00,3.630000114440918,3.7200000286102295,3.630000114440918,3.7049999237060547,163147,0.0,0.0
2023-06-21 14:30:00-04:00,3.7049999237060547,3.7100000381469727,3.6449999809265137,3.6649999618530273,177498,0.0,0.0
2023-06-21 15:30:00-04:00,3.6649999618530273,3.680000066757202,3.640000104904175,3.6549999713897705,419721,0.0,0.0
2023-06-22 09:30:00-04:00,3.609999895095825,3.6500000953674316,3.549999952316284,3.630000114440918,175790,0.0,0.0
2023-06-22 10:30:00-04:00,3.625,3.634999990463257,3.609999895095825,3.615000009536743,126774,0.0,0.0
2023-06-22 11:30:00-04:00,3.615000009536743,3.6449999809265137,3.615000009536743,3.619999885559082,102054,0.0,0.0
2023-06-22 12:30:00-04:00,3.625,3.625,3.5950000286102295,3.615000009536743,77612,0.0,0.0
2023-06-22 13:30:00-04:00,3.615000009536743,3.619999885559082,3.5899999141693115,3.6050000190734863,91944,0.0,0.0
2023-06-22 14:30:00-04:00,3.6050000190734863,3.630000114440918,3.5950000286102295,3.5950000286102295,139081,0.0,0.0
2023-06-22 15:30:00-04:00,3.5899999141693115,3.5999999046325684,3.549999952316284,3.569999933242798,312081,0.0,0.0
2023-06-23 09:30:00-04:00,3.5,3.5450000762939453,3.4000000953674316,3.494999885559082,126069,0.0,0.0
2023-06-23 10:30:00-04:00,3.494999885559082,3.5399999618530273,3.490000009536743,3.5199999809265137,129542,0.0,0.0
2023-06-23 11:30:00-04:00,3.515000104904175,3.5850000381469727,3.509999990463257,3.575000047683716,180524,0.0,0.0
2023-06-23 12:30:00-04:00,3.575000047683716,3.615000009536743,3.569999933242798,3.609999895095825,122148,0.0,0.0
2023-06-23 13:30:00-04:00,3.6050000190734863,3.615000009536743,3.575000047683716,3.615000009536743,154362,0.0,0.0
2023-06-23 14:30:00-04:00,3.609999895095825,3.630000114440918,3.5799999237060547,3.625,207483,0.0,0.0
2023-06-23 15:30:00-04:00,3.619999885559082,3.75,3.609999895095825,3.6600000858306885,558023,0.0,0.0
2023-06-26 09:30:00-04:00,3.5999999046325684,3.734999895095825,3.599900007247925,3.6700000762939453,175630,0.0,0.0
2023-06-26 10:30:00-04:00,3.6700000762939453,3.690000057220459,3.640000104904175,3.6649999618530273,87209,0.0,0.0
2023-06-26 11:30:00-04:00,3.6600000858306885,3.700000047683716,3.6500000953674316,3.6649999618530273,84099,0.0,0.0
2023-06-26 12:30:00-04:00,3.6600000858306885,3.7799999713897705,3.6500000953674316,3.7799999713897705,213655,0.0,0.0
2023-06-26 13:30:00-04:00,3.7750000953674316,3.7899999618530273,3.75,3.7899999618530273,91715,0.0,0.0
2023-06-26 14:30:00-04:00,3.7899999618530273,3.869999885559082,3.7899999618530273,3.8499999046325684,210086,0.0,0.0
2023-06-26 15:30:00-04:00,3.8450000286102295,3.859999895095825,3.8299999237060547,3.8499999046325684,424843,0.0,0.0
2023-06-27 09:30:00-04:00,3.8399999141693115,3.9649999141693115,3.819999933242798,3.9600000381469727,168920,0.0,0.0
2023-06-27 10:30:00-04:00,3.9549999237060547,3.990000009536743,3.940000057220459,3.9600000381469727,63179,0.0,0.0
2023-06-27 11:30:00-04:00,3.9600000381469727,3.990000009536743,3.9600000381469727,3.990000009536743,43971,0.0,0.0
2023-06-27 12:30:00-04:00,3.990000009536743,4.019999980926514,3.9800000190734863,4.019999980926514,88131,0.0,0.0
2023-06-27 13:30:00-04:00,4.014999866485596,4.019999980926514,4.0,4.019999980926514,98631,0.0,0.0
2023-06-27 14:30:00-04:00,4.019999980926514,4.03000020980835,3.990000009536743,4.010000228881836,172574,0.0,0.0
2023-06-27 15:30:00-04:00,4.005000114440918,4.025000095367432,4.0,4.005000114440918,210017,0.0,0.0
2023-06-28 09:30:00-04:00,4.010000228881836,4.074999809265137,3.9800000190734863,4.025000095367432,115756,0.0,0.0
2023-06-28 10:30:00-04:00,4.03000020980835,4.034999847412109,3.950000047683716,3.950000047683716,152876,0.0,0.0
2023-06-28 11:30:00-04:00,3.950000047683716,4.050000190734863,3.950000047683716,4.0,1440075,0.0,0.0
2023-06-28 12:30:00-04:00,3.990000009536743,4.014999866485596,3.9600000381469727,4.005000114440918,80842,0.0,0.0
2023-06-28 13:30:00-04:00,4.007500171661377,4.039999961853027,4.0,4.025000095367432,68523,0.0,0.0
2023-06-28 14:30:00-04:00,4.025000095367432,4.079999923706055,4.010000228881836,4.070000171661377,177725,0.0,0.0
2023-06-28 15:30:00-04:00,4.070000171661377,4.090000152587891,4.050000190734863,4.059999942779541,405544,0.0,0.0
2023-06-29 09:30:00-04:00,4.039999961853027,4.15500020980835,4.019999980926514,4.150000095367432,96291,0.0,0.0
2023-06-29 10:30:00-04:00,4.159999847412109,4.21999979019165,4.150000095367432,4.21999979019165,101017,0.0,0.0
2023-06-29 11:30:00-04:00,4.21999979019165,4.264999866485596,4.170000076293945,4.260000228881836,187923,0.0,0.0
2023-06-29 12:30:00-04:00,4.262700080871582,4.264999866485596,4.190000057220459,4.195000171661377,135786,0.0,0.0
2023-06-29 13:30:00-04:00,4.199999809265137,4.230000019073486,4.190000057220459,4.215000152587891,126682,0.0,0.0
2023-06-29 14:30:00-04:00,4.215000152587891,4.25,4.199999809265137,4.239999771118164,162446,0.0,0.0
2023-06-29 15:30:00-04:00,4.235000133514404,4.289999961853027,4.230000019073486,4.275000095367432,368466,0.0,0.0
2023-06-30 09:30:00-04:00,4.289999961853027,4.289999961853027,4.199999809265137,4.244999885559082,107102,0.0,0.0
2023-06-30 10:30:00-04:00,4.25,4.25,4.190000057220459,4.215000152587891,101569,0.0,0.0
2023-06-30 11:30:00-04:00,4.215000152587891,4.224999904632568,4.159999847412109,4.175000190734863,69902,0.0,0.0
2023-06-30 12:30:00-04:00,4.170000076293945,4.235000133514404,4.170000076293945,4.235000133514404,80082,0.0,0.0
2023-06-30 13:30:00-04:00,4.235000133514404,4.244999885559082,4.230000019073486,4.235000133514404,91336,0.0,0.0
2023-06-30 14:30:00-04:00,4.230000019073486,4.255000114440918,4.210000038146973,4.224999904632568,161030,0.0,0.0
2023-06-30 15:30:00-04:00,4.224999904632568,4.244999885559082,4.215000152587891,4.235000133514404,250339,0.0,0.0
2023-07-03 09:30:00-04:00,4.230000019073486,4.434999942779541,4.210000038146973,4.425000190734863,154419,0.0,0.0
2023-07-03 10:30:00-04:00,4.429999828338623,4.429999828338623,4.28000020980835,4.289999961853027,97510,0.0,0.0
2023-07-03 11:30:00-04:00,4.295000076293945,4.329999923706055,4.289999961853027,4.324999809265137,89543,0.0,0.0
2023-07-05 09:30:00-04:00,4.369999885559082,4.400000095367432,4.25,4.375,168568,0.0,0.0
2023-07-05 10:30:00-04:00,4.375,4.389999866485596,4.324999809265137,4.34499979019165,75845,0.0,0.0
2023-07-05 11:30:00-04:00,4.34499979019165,4.369999885559082,4.324999809265137,4.335000038146973,132985,0.0,0.0
2023-07-05 12:30:00-04:00,4.335000038146973,4.335000038146973,4.295000076293945,4.315000057220459,70893,0.0,0.0
2023-07-05 13:30:00-04:00,4.315000057220459,4.324999809265137,4.269999980926514,4.269999980926514,54729,0.0,0.0
2023-07-05 14:30:00-04:00,4.275000095367432,4.329999923706055,4.269999980926514,4.315000057220459,107401,0.0,0.0
2023-07-05 15:30:00-04:00,4.315000057220459,4.329999923706055,4.25,4.269999980926514,241696,0.0,0.0
2023-07-06 09:30:00-04:00,4.199999809265137,4.210000038146973,4.085000038146973,4.085000038146973,120524,0.0,0.0
2023-07-06 10:30:00-04:00,4.090000152587891,4.110000133514404,4.059999942779541,4.110000133514404,148397,0.0,0.0
2023-07-06 11:30:00-04:00,4.105000019073486,4.130000114440918,4.105000019073486,4.119999885559082,46516,0.0,0.0
2023-07-06 12:30:00-04:00,4.125,4.139999866485596,4.110000133514404,4.114999771118164,38886,0.0,0.0
2023-07-06 13:30:00-04:00,4.119999885559082,4.150000095367432,4.09499979019165,4.119999885559082,99905,0.0,0.0
2023-07-06 14:30:00-04:00,4.119999885559082,4.139999866485596,4.099999904632568,4.130000114440918,113294,0.0,0.0
2023-07-06 15:30:00-04:00,4.130000114440918,4.179999828338623,4.125,4.179999828338623,144414,0.0,0.0
2023-07-07 09:30:00-04:00,4.170000076293945,4.244999885559082,4.170000076293945,4.204999923706055,111011,0.0,0.0
2023-07-07 10:30:00-04:00,4.199999809265137,4.260000228881836,4.170000076293945,4.255000114440918,86526,0.0,0.0
2023-07-07 11:30:00-04:00,4.255000114440918,4.260000228881836,4.199999809265137,4.199999809265137,90007,0.0,0.0
2023-07-07 12:30:00-04:00,4.199999809265137,4.224999904632568,4.190000057220459,4.215000152587891,70395,0.0,0.0
2023-07-07 13:30:00-04:00,4.21999979019165,4.21999979019165,4.184999942779541,4.195000171661377,72218,0.0,0.0
2023-07-07 14:30:00-04:00,4.190000057220459,4.199999809265137,4.150000095367432,4.164999961853027,101744,0.0,0.0
2023-07-07 15:30:00-04:00,4.164999961853027,4.179999828338623,4.151100158691406,4.159999847412109,191014,0.0,0.0
2023-07-10 09:30:00-04:00,4.139999866485596,4.28000020980835,4.130000114440918,4.269999980926514,77860,0.0,0.0
2023-07-10 10:30:00-04:00,4.264999866485596,4.269999980926514,4.21999979019165,4.255000114440918,147623,0.0,0.0
2023-07-10 11:30:00-04:00,4.255000114440918,4.260000228881836,4.199999809265137,4.215000152587891,85930,0.0,0.0
2023-07-10 12:30:00-04:00,4.2104997634887695,4.239999771118164,4.190000057220459,4.224999904632568,87161,0.0,0.0
2023-07-10 13:30:00-04:00,4.224999904632568,4.275000095367432,4.21999979019165,4.264999866485596,75096,0.0,0.0
2023-07-10 14:30:00-04:00,4.264999866485596,4.289999961853027,4.260000228881836,4.275000095367432,74356,0.0,0.0
2023-07-10 15:30:00-04:00,4.275000095367432,4.309999942779541,4.264999866485596,4.295000076293945,259376,0.0,0.0
2023-07-11 09:30:00-04:00,4.289999961853027,4.429999828338623,4.28000020980835,4.40500020980835,206061,0.0,0.0
2023-07-11 10:30:00-04:00,4.400000095367432,4.40500020980835,4.309999942779541,4.315000057220459,114869,0.0,0.0
2023-07-11 11:30:00-04:00,4.315000057220459,4.349999904632568,4.300000190734863,4.332799911499023,102870,0.0,0.0
2023-07-11 12:30:00-04:00,4.329999923706055,4.380000114440918,4.329999923706055,4.369999885559082,108551,0.0,0.0
2023-07-11 13:30:00-04:00,4.375,4.375,4.309999942779541,4.315000057220459,182285,0.0,0.0
2023-07-11 14:30:00-04:00,4.309999942779541,4.355000019073486,4.295000076293945,4.349999904632568,167030,0.0,0.0
2023-07-11 15:30:00-04:00,4.34499979019165,4.369999885559082,4.329999923706055,4.364999771118164,292498,0.0,0.0
2023-07-12 09:30:00-04:00,4.460000038146973,4.53000020980835,4.40500020980835,4.434999942779541,149029,0.0,0.0
2023-07-12 10:30:00-04:00,4.434999942779541,4.46999979019165,4.394999980926514,4.420000076293945,101147,0.0,0.0
2023-07-12 11:30:00-04:00,4.425000190734863,4.460000038146973,4.394999980926514,4.4390997886657715,174532,0.0,0.0
2023-07-12 12:30:00-04:00,4.434999942779541,4.519999980926514,4.434999942779541,4.485000133514404,64705,0.0,0.0
2023-07-12 13:30:00-04:00,4.489999771118164,4.5,4.46999979019165,4.485000133514404,73625,0.0,0.0
2023-07-12 14:30:00-04:00,4.485000133514404,4.519999980926514,4.485000133514404,4.5,131960,0.0,0.0
2023-07-12 15:30:00-04:00,4.494999885559082,4.53000020980835,4.489999771118164,4.5,183786,0.0,0.0
2023-07-13 09:30:00-04:00,4.5,4.644999980926514,4.480000019073486,4.585000038146973,144930,0.0,0.0
2023-07-13 10:30:00-04:00,4.589900016784668,4.619999885559082,4.525000095367432,4.614999771118164,80683,0.0,0.0
2023-07-13 11:30:00-04:00,4.619999885559082,4.710000038146973,4.610000133514404,4.704999923706055,79515,0.0,0.0
2023-07-13 12:30:00-04:00,4.699999809265137,4.71999979019165,4.675000190734863,4.695000171661377,99862,0.0,0.0
2023-07-13 13:30:00-04:00,4.699999809265137,4.699999809265137,4.65500020980835,4.664999961853027,82727,0.0,0.0
2023-07-13 14:30:00-04:00,4.664999961853027,4.704999923706055,4.650000095367432,4.670000076293945,152412,0.0,0.0
2023-07-13 15:30:00-04:00,4.659999847412109,4.664999961853027,4.599999904632568,4.619999885559082,247376,0.0,0.0
2023-07-14 09:30:00-04:00,4.590000152587891,4.599999904632568,4.480000019073486,4.514999866485596,123420,0.0,0.0
2023-07-14 10:30:00-04:00,4.514999866485596,4.550000190734863,4.441999912261963,4.534999847412109,109980,0.0,0.0
2023-07-14 11:30:00-04:00,4.539899826049805,4.559999942779541,4.514999866485596,4.53000020980835,51246,0.0,0.0
2023-07-14 12:30:00-04:00,4.539999961853027,4.559999942779541,4.510000228881836,4.519499778747559,56760,0.0,0.0
2023-07-14 13:30:00-04:00,4.514999866485596,4.539999961853027,4.505000114440918,4.53000020980835,58703,0.0,0.0
2023-07-14 14:30:00-04:00,4.53000020980835,4.534999847412109,4.484300136566162,4.494999885559082,103355,0.0,0.0
2023-07-14 15:30:00-04:00,4.494999885559082,4.519999980926514,4.485000133514404,4.505000114440918,127328,0.0,0.0
2023-07-17 09:30:00-04:00,4.53000020980835,4.53000020980835,4.380000114440918,4.510000228881836,125405,0.0,0.0
2023-07-17 10:30:00-04:00,4.514999866485596,4.53000020980835,4.460000038146973,4.460000038146973,91208,0.0,0.0
2023-07-17 11:30:00-04:00,4.465000152587891,4.519999980926514,4.449999809265137,4.485000133514404,141365,0.0,0.0
2023-07-17 12:30:00-04:00,4.485000133514404,4.5,4.449999809265137,4.46999979019165,79445,0.0,0.0
2023-07-17 13:30:00-04:00,4.46999979019165,4.510000228881836,4.46999979019165,4.5,76605,0.0,0.0
2023-07-17 14:30:00-04:00,4.5,4.550000190734863,4.5,4.505000114440918,122119,0.0,0.0
2023-07-17 15:30:00-04:00,4.505000114440918,4.510000228881836,4.449999809265137,4.460000038146973,180038,0.0,0.0
2023-07-18 09:30:00-04:00,4.449999809265137,4.619999885559082,4.449999809265137,4.599999904632568,107582,0.0,0.0
2023-07-18 10:30:00-04:00,4.59499979019165,4.614999771118164,4.554999828338623,4.599999904632568,71482,0.0,0.0
2023-07-18 11:30:00-04:00,4.599999904632568,4.610000133514404,4.574999809265137,4.579999923706055,44689,0.0,0.0
2023-07-18 12:30:00-04:00,4.579999923706055,4.588799953460693,4.539999961853027,4.571599960327148,34042,0.0,0.0
2023-07-18 13:30:00-04:00,4.574999809265137,4.619999885559082,4.554999828338623,4.614999771118164,71432,0.0,0.0
2023-07-18 14:30:00-04:00,4.617499828338623,4.670000076293945,4.599999904632568,4.664999961853027,104520,0.0,0.0
2023-07-18 15:30:00-04:00,4.664999961853027,4.670000076293945,4.639999866485596,4.650000095367432,121101,0.0,0.0
2023-07-19 09:30:00-04:00,4.670000076293945,4.728300094604492,4.630000114440918,4.675000190734863,162873,0.0,0.0
2023-07-19 10:30:00-04:00,4.675000190734863,4.71999979019165,4.659999847412109,4.710000038146973,169583,0.0,0.0
2023-07-19 11:30:00-04:00,4.715000152587891,4.78000020980835,4.704999923706055,4.715000152587891,161179,0.0,0.0
2023-07-19 12:30:00-04:00,4.710000038146973,4.739999771118164,4.679999828338623,4.710000038146973,77031,0.0,0.0
2023-07-19 13:30:00-04:00,4.699999809265137,4.730000019073486,4.679999828338623,4.71750020980835,81106,0.0,0.0
2023-07-19 14:30:00-04:00,4.710000038146973,4.735000133514404,4.670000076293945,4.670000076293945,152351,0.0,0.0
2023-07-19 15:30:00-04:00,4.670000076293945,4.6875,4.650000095367432,4.664999961853027,173141,0.0,0.0
2023-07-20 09:30:00-04:00,4.639999866485596,4.639999866485596,4.364999771118164,4.364999771118164,156066,0.0,0.0
2023-07-20 10:30:00-04:00,4.360000133514404,4.400000095367432,4.309999942779541,4.385000228881836,111967,0.0,0.0
2023-07-20 11:30:00-04:00,4.385000228881836,4.420000076293945,4.364999771118164,4.385000228881836,99228,0.0,0.0
2023-07-20 12:30:00-04:00,4.369999885559082,4.389999866485596,4.340000152587891,4.389999866485596,517142,0.0,0.0
2023-07-20 13:30:00-04:00,4.389999866485596,4.414999961853027,4.360000133514404,4.375,74596,0.0,0.0
2023-07-20 14:30:00-04:00,4.369999885559082,4.400000095367432,4.335000038146973,4.364999771118164,134850,0.0,0.0
2023-07-20 15:30:00-04:00,4.369999885559082,4.409999847412109,4.369999885559082,4.409999847412109,152007,0.0,0.0
2023-07-21 09:30:00-04:00,4.480000019073486,4.505000114440918,4.335000038146973,4.349999904632568,114093,0.0,0.0
2023-07-21 10:30:00-04:00,4.349999904632568,4.400000095367432,4.340000152587891,4.389999866485596,52079,0.0,0.0
2023-07-21 11:30:00-04:00,4.389999866485596,4.414999961853027,4.375,4.384099960327148,41160,0.0,0.0
2023-07-21 12:30:00-04:00,4.385000228881836,4.400000095367432,4.360000133514404,4.400000095367432,50534,0.0,0.0
2023-07-21 13:30:00-04:00,4.40500020980835,4.420000076293945,4.3709001541137695,4.389999866485596,30713,0.0,0.0
2023-07-21 14:30:00-04:00,4.385000228881836,4.389999866485596,4.335000038146973,4.355000019073486,55263,0.0,0.0
2023-07-21 15:30:00-04:00,4.357500076293945,4.360000133514404,4.340000152587891,4.34499979019165,93659,0.0,0.0
2023-07-24 09:30:00-04:00,4.349999904632568,4.389999866485596,4.28000020980835,4.300000190734863,66383,0.0,0.0
2023-07-24 10:30:00-04:00,4.300000190734863,4.329999923706055,4.300000190734863,4.309999942779541,55104,0.0,0.0
2023-07-24 11:30:00-04:00,4.304999828338623,4.320000171661377,4.295000076293945,4.304999828338623,51840,0.0,0.0
2023-07-24 12:30:00-04:00,4.309999942779541,4.335000038146973,4.300000190734863,4.329999923706055,53384,0.0,0.0
2023-07-24 13:30:00-04:00,4.320000171661377,4.335000038146973,4.315000057220459,4.329999923706055,16688,0.0,0.0
2023-07-24 14:30:00-04:00,4.329999923706055,4.340000152587891,4.304999828338623,4.315000057220459,46570,0.0,0.0
2023-07-24 15:30:00-04:00,4.315000057220459,4.355000019073486,4.315000057220459,4.3495001792907715,106138,0.0,0.0
2023-07-25 09:30:00-04:00,4.340000152587891,4.380000114440918,4.2769999504089355,4.315000057220459,96905,0.0,0.0
2023-07-25 10:30:00-04:00,4.315000057220459,4.340000152587891,4.295000076293945,4.309999942779541,61136,0.0,0.0
2023-07-25 11:30:00-04:00,4.304999828338623,4.315000057220459,4.28000020980835,4.300000190734863,63987,0.0,0.0
2023-07-25 12:30:00-04:00,4.300000190734863,4.335000038146973,4.300000190734863,4.335000038146973,62140,0.0,0.0
2023-07-25 13:30:00-04:00,4.340000152587891,4.340000152587891,4.300000190734863,4.300000190734863,45390,0.0,0.0
2023-07-25 14:30:00-04:00,4.300000190734863,4.309999942779541,4.269999980926514,4.289999961853027,87806,0.0,0.0
2023-07-25 15:30:00-04:00,4.289999961853027,4.289999961853027,4.25,4.255000114440918,141305,0.0,0.0
2023-07-26 09:30:00-04:00,4.239999771118164,4.340000152587891,4.188899993896484,4.304999828338623,178570,0.0,0.0
2023-07-26 10:30:00-04:00,4.304999828338623,4.309999942779541,4.25,4.28000020980835,45829,0.0,0.0
2023-07-26 11:30:00-04:00,4.271100044250488,4.295000076293945,4.264999866485596,4.284999847412109,39002,0.0,0.0
2023-07-26 12:30:00-04:00,4.28000020980835,4.340000152587891,4.269999980926514,4.335000038146973,70154,0.0,0.0
2023-07-26 13:30:00-04:00,4.340000152587891,4.364999771118164,4.329999923706055,4.34499979019165,72278,0.0,0.0
2023-07-26 14:30:00-04:00,4.340000152587891,4.380000114440918,4.320000171661377,4.335000038146973,78398,0.0,0.0
2023-07-26 15:30:00-04:00,4.329999923706055,4.360000133514404,4.324999809265137,4.355000019073486,109248,0.0,0.0
2023-07-27 09:30:00-04:00,4.409999847412109,4.440000057220459,4.349999904632568,4.349999904632568,85479,0.0,0.0
2023-07-27 10:30:00-04:00,4.349999904632568,4.389999866485596,4.340000152587891,4.380499839782715,58611,0.0,0.0
2023-07-27 11:30:00-04:00,4.389999866485596,4.425000190734863,4.380000114440918,4.420000076293945,100609,0.0,0.0
2023-07-27 12:30:00-04:00,4.414999961853027,4.420000076293945,4.324999809265137,4.329999923706055,55514,0.0,0.0
2023-07-27 13:30:00-04:00,4.335000038146973,4.340000152587891,4.289999961853027,4.289999961853027,64274,0.0,0.0
2023-07-27 14:30:00-04:00,4.289999961853027,4.299300193786621,4.239999771118164,4.244999885559082,39688,0.0,0.0
2023-07-27 15:30:00-04:00,4.244999885559082,4.25,4.21999979019165,4.25,105323,0.0,0.0
2023-07-28 09:30:00-04:00,4.329999923706055,4.505000114440918,4.329999923706055,4.389999866485596,84323,0.0,0.0
2023-07-28 10:30:00-04:00,4.394999980926514,4.434999942779541,4.349999904632568,4.434999942779541,24111,0.0,0.0
2023-07-28 11:30:00-04:00,4.440000057220459,4.519999980926514,4.432499885559082,4.494999885559082,139712,0.0,0.0
2023-07-28 12:30:00-04:00,4.494999885559082,4.519999980926514,4.449999809265137,4.465000152587891,116471,0.0,0.0
2023-07-28 13:30:00-04:00,4.46999979019165,4.4899001121521,4.445000171661377,4.474999904632568,76841,0.0,0.0
2023-07-28 14:30:00-04:00,4.480000019073486,4.510000228881836,4.46999979019165,4.494999885559082,216420,0.0,0.0
2023-07-28 15:30:00-04:00,4.5,4.519999980926514,4.489999771118164,4.519999980926514,198037,0.0,0.0
2023-07-31 09:30:00-04:00,4.510000228881836,4.769999980926514,4.510000228881836,4.769999980926514,224867,0.0,0.0
2023-07-31 10:30:00-04:00,4.78000020980835,4.78000020980835,4.71999979019165,4.755000114440918,104044,0.0,0.0
2023-07-31 11:30:00-04:00,4.760000228881836,4.820000171661377,4.75,4.764999866485596,161974,0.0,0.0
2023-07-31 12:30:00-04:00,4.764999866485596,4.775000095367432,4.710000038146973,4.755000114440918,98557,0.0,0.0
2023-07-31 13:30:00-04:00,4.753300189971924,4.769000053405762,4.71999979019165,4.735000133514404,73505,0.0,0.0
2023-07-31 14:30:00-04:00,4.735000133514404,4.760000228881836,4.71999979019165,4.71999979019165,165411,0.0,0.0
2023-07-31 15:30:00-04:00,4.71999979019165,4.75,4.704999923706055,4.739999771118164,321985,0.0,0.0
2023-08-01 09:30:00-04:00,4.699999809265137,4.815000057220459,4.650000095367432,4.769999980926514,260835,0.0,0.0
2023-08-01 10:30:00-04:00,4.760000228881836,4.875,4.75,4.78000020980835,177133,0.0,0.0
2023-08-01 11:30:00-04:00,4.78000020980835,4.795000076293945,4.75,4.760000228881836,113253,0.0,0.0
2023-08-01 12:30:00-04:00,4.755000114440918,4.820000171661377,4.75,4.804999828338623,135766,0.0,0.0
2023-08-01 13:30:00-04:00,4.804999828338623,4.855000019073486,4.804999828338623,4.840000152587891,112712,0.0,0.0
2023-08-01 14:30:00-04:00,4.840000152587891,4.84499979019165,4.795000076293945,4.809999942779541,133171,0.0,0.0
2023-08-01 15:30:00-04:00,4.809999942779541,4.835000038146973,4.739999771118164,4.815000057220459,1384997,0.0,0.0
2023-08-02 09:30:00-04:00,4.710000038146973,4.715000152587891,4.577499866485596,4.670000076293945,373669,0.0,0.0
2023-08-02 10:30:00-04:00,4.675000190734863,4.684999942779541,4.630000114440918,4.675000190734863,139782,0.0,0.0
2023-08-02 11:30:00-04:00,4.673999786376953,4.675000190734863,4.605000019073486,4.644999980926514,115305,0.0,0.0
2023-08-02 12:30:00-04:00,4.639999866485596,4.679999828338623,4.639999866485596,4.650000095367432,105082,0.0,0.0
2023-08-02 13:30:00-04:00,4.65500020980835,4.690000057220459,4.650000095367432,4.675000190734863,52332,0.0,0.0
2023-08-02 14:30:00-04:00,4.670000076293945,4.679999828338623,4.619999885559082,4.625,112855,0.0,0.0
2023-08-02 15:30:00-04:00,4.630000114440918,4.650000095367432,4.610000133514404,4.650000095367432,267577,0.0,0.0
2023-08-03 09:30:00-04:00,4.570000171661377,4.644999980926514,4.5,4.505000114440918,122711,0.0,0.0
2023-08-03 10:30:00-04:00,4.510000228881836,4.619999885559082,4.510000228881836,4.605000019073486,98372,0.0,0.0
2023-08-03 11:30:00-04:00,4.599999904632568,4.610000133514404,4.554999828338623,4.605100154876709,101701,0.0,0.0
2023-08-03 12:30:00-04:00,4.610000133514404,4.650000095367432,4.605000019073486,4.650000095367432,47465,0.0,0.0
2023-08-03 13:30:00-04:00,4.644999980926514,4.650000095367432,4.605000019073486,4.639999866485596,75270,0.0,0.0
2023-08-03 14:30:00-04:00,4.639999866485596,4.639999866485596,4.590000152587891,4.59499979019165,67459,0.0,0.0
2023-08-03 15:30:00-04:00,4.59499979019165,4.619999885559082,4.585000038146973,4.599999904632568,181162,0.0,0.0
2023-08-04 09:30:00-04:00,4.590000152587891,4.650000095367432,4.539999961853027,4.574999809265137,112098,0.0,0.0
2023-08-04 10:30:00-04:00,4.574999809265137,4.659999847412109,4.574999809265137,4.625,111958,0.0,0.0
2023-08-04 11:30:00-04:00,4.630000114440918,4.675000190734863,4.614999771118164,4.675000190734863,96251,0.0,0.0
2023-08-04 12:30:00-04:00,4.675000190734863,4.704999923706055,4.650000095367432,4.695000171661377,116771,0.0,0.0
2023-08-04 13:30:00-04:00,4.695000171661377,4.699999809265137,4.619999885559082,4.635000228881836,250138,0.0,0.0
2023-08-04 14:30:00-04:00,4.635000228881836,4.635000228881836,4.570000171661377,4.574999809265137,120156,0.0,0.0
2023-08-04 15:30:00-04:00,4.579999923706055,4.59499979019165,4.539999961853027,4.570000171661377,173234,0.0,0.0
2023-08-07 09:30:00-04:00,4.590000152587891,4.590000152587891,4.449999809265137,4.545000076293945,88806,0.0,0.0
2023-08-07 10:30:00-04:00,4.539999961853027,4.550000190734863,4.485000133514404,4.485000133514404,137281,0.0,0.0
2023-08-07 11:30:00-04:00,4.485000133514404,4.579999923706055,4.445000171661377,4.579999923706055,165312,0.0,0.0
2023-08-07 12:30:00-04:00,4.574999809265137,4.635000228881836,4.565000057220459,4.59499979019165,122138,0.0,0.0
2023-08-07 13:30:00-04:00,4.599999904632568,4.630000114440918,4.585000038146973,4.590000152587891,75091,0.0,0.0
2023-08-07 14:30:00-04:00,4.59499979019165,4.650000095367432,4.59499979019165,4.619999885559082,125989,0.0,0.0
2023-08-07 15:30:00-04:00,4.614999771118164,4.659999847412109,4.614999771118164,4.65500020980835,221001,0.0,0.0
2023-08-08 09:30:00-04:00,4.489999771118164,4.489999771118164,3.990000009536743,4.099999904632568,455215,0.0,0.0
2023-08-08 10:30:00-04:00,4.09499979019165,4.150000095367432,4.000100135803223,4.135000228881836,221904,0.0,0.0
2023-08-08 11:30:00-04:00,4.138599872589111,4.175000190734863,4.054999828338623,4.09499979019165,154279,0.0,0.0
2023-08-08 12:30:00-04:00,4.099999904632568,4.190000057220459,4.070000171661377,4.15500020980835,126812,0.0,0.0
2023-08-08 13:30:00-04:00,4.15500020980835,4.239999771118164,4.135000228881836,4.204999923706055,127796,0.0,0.0
2023-08-08 14:30:00-04:00,4.204999923706055,4.235000133514404,4.175000190734863,4.184999942779541,159334,0.0,0.0
2023-08-08 15:30:00-04:00,4.179999828338623,4.239999771118164,4.159999847412109,4.210000038146973,343968,0.0,0.0
2023-08-09 09:30:00-04:00,3.8399999141693115,3.8499999046325684,2.759999990463257,2.929500102996826,1730445,0.0,0.0
2023-08-09 10:30:00-04:00,2.924999952316284,3.309999942779541,2.921099901199341,3.309999942779541,1239897,0.0,0.0
2023-08-09 11:30:00-04:00,3.3085999488830566,3.4600000381469727,3.25,3.390000104904175,787810,0.0,0.0
2023-08-09 12:30:00-04:00,3.384999990463257,3.384999990463257,3.25,3.2750000953674316,620371,0.0,0.0
2023-08-09 13:30:00-04:00,3.2750000953674316,3.430000066757202,3.2699999809265137,3.4049999713897705,511031,0.0,0.0
2023-08-09 14:30:00-04:00,3.4082000255584717,3.4082000255584717,3.25,3.305000066757202,1292042,0.0,0.0
2023-08-09 15:30:00-04:00,3.305000066757202,3.309999942779541,3.2300000190734863,3.299999952316284,537109,0.0,0.0
2023-08-10 09:30:00-04:00,3.2300000190734863,3.4549999237060547,3.2200000286102295,3.365000009536743,382435,0.0,0.0
2023-08-10 10:30:00-04:00,3.359999895095825,3.375,3.2950000762939453,3.369999885559082,163096,0.0,0.0
2023-08-10 11:30:00-04:00,3.365000009536743,3.5,3.3399999141693115,3.5,286397,0.0,0.0
2023-08-10 12:30:00-04:00,3.5,3.5950000286102295,3.4700000286102295,3.5799999237060547,875567,0.0,0.0
2023-08-10 13:30:00-04:00,3.575000047683716,3.5850000381469727,3.5250000953674316,3.565000057220459,204332,0.0,0.0
2023-08-10 14:30:00-04:00,3.565000057220459,3.5799999237060547,3.5199999809265137,3.5250000953674316,156743,0.0,0.0
2023-08-10 15:30:00-04:00,3.5199999809265137,3.5399999618530273,3.4800000190734863,3.5250000953674316,322906,0.0,0.0
2023-08-11 09:30:00-04:00,3.4700000286102295,3.6700000762939453,3.4600000381469727,3.619999885559082,243833,0.0,0.0
2023-08-11 10:30:00-04:00,3.615000009536743,3.6500000953674316,3.569999933242798,3.5950000286102295,143590,0.0,0.0
2023-08-11 11:30:00-04:00,3.5899999141693115,3.609999895095825,3.555000066757202,3.555000066757202,140070,0.0,0.0
2023-08-11 12:30:00-04:00,3.559999942779541,3.559999942779541,3.5199999809265137,3.559999942779541,73379,0.0,0.0
2023-08-11 13:30:00-04:00,3.5599000453948975,3.559999942779541,3.509999990463257,3.5299999713897705,81485,0.0,0.0
2023-08-11 14:30:00-04:00,3.5299999713897705,3.549999952316284,3.505000114440918,3.5350000858306885,159027,0.0,0.0
2023-08-11 15:30:00-04:00,3.5350000858306885,3.559999942779541,3.5,3.515000104904175,267589,0.0,0.0
2023-08-14 09:30:00-04:00,3.490000009536743,3.625,3.440000057220459,3.6050000190734863,287314,0.0,0.0
2023-08-14 10:30:00-04:00,3.609999895095825,3.640000104904175,3.5899999141693115,3.634999990463257,192514,0.0,0.0
2023-08-14 11:30:00-04:00,3.640000104904175,3.700000047683716,3.619999885559082,3.630000114440918,278570,0.0,0.0
2023-08-14 12:30:00-04:00,3.640000104904175,3.680000066757202,3.630000114440918,3.6649999618530273,139120,0.0,0.0
2023-08-14 13:30:00-04:00,3.6649999618530273,3.680000066757202,3.640000104904175,3.6449999809265137,137468,0.0,0.0
2023-08-14 14:30:00-04:00,3.6480000019073486,3.6500000953674316,3.5999999046325684,3.609999895095825,224883,0.0,0.0
2023-08-14 15:30:00-04:00,3.615000009536743,3.6600000858306885,3.5999999046325684,3.625,378309,0.0,0.0
2023-08-15 09:30:00-04:00,3.569999933242798,3.710099935531616,3.559999942779541,3.5850000381469727,354633,0.0,0.0
2023-08-15 10:30:00-04:00,3.5850000381469727,3.6600000858306885,3.5399999618530273,3.640000104904175,187997,0.0,0.0
2023-08-15 11:30:00-04:00,3.6449999809265137,3.694999933242798,3.6449999809265137,3.6549999713897705,182758,0.0,0.0
2023-08-15 12:30:00-04:00,3.65939998626709,3.6649999618530273,3.619999885559082,3.640000104904175,159627,0.0,0.0
2023-08-15 13:30:00-04:00,3.6449999809265137,3.6549999713897705,3.6050000190734863,3.609999895095825,111309,0.0,0.0
2023-08-15 14:30:00-04:00,3.6050000190734863,3.6649999618530273,3.6050000190734863,3.615000009536743,188563,0.0,0.0
2023-08-15 15:30:00-04:00,3.615000009536743,3.630000114440918,3.5850000381469727,3.609999895095825,326829,0.0,0.0
2023-08-16 09:30:00-04:00,3.5799999237060547,3.630000114440918,3.4649999141693115,3.484999895095825,311337,0.0,0.0
2023-08-16 10:30:00-04:00,3.484999895095825,3.509999990463257,3.440000057220459,3.450000047683716,231480,0.0,0.0
2023-08-16 11:30:00-04:00,3.450000047683716,3.4800000190734863,3.4200000762939453,3.424999952316284,183538,0.0,0.0
2023-08-16 12:30:00-04:00,3.430000066757202,3.4788999557495117,3.4200000762939453,3.444999933242798,158459,0.0,0.0
2023-08-16 13:30:00-04:00,3.444999933242798,3.4549999237060547,3.4000000953674316,3.424999952316284,175234,0.0,0.0
2023-08-16 14:30:00-04:00,3.424999952316284,3.430000066757202,3.3949999809265137,3.4100000858306885,223143,0.0,0.0
2023-08-16 15:30:00-04:00,3.4049999713897705,3.430000066757202,3.390000104904175,3.4000000953674316,730471,0.0,0.0
2023-08-17 09:30:00-04:00,3.369999885559082,3.5250000953674316,3.369999885559082,3.384999990463257,252553,0.0,0.0
2023-08-17 10:30:00-04:00,3.384999990463257,3.430000066757202,3.365000009536743,3.4100000858306885,156264,0.0,0.0
2023-08-17 11:30:00-04:00,3.4100000858306885,3.4700000286102295,3.390000104904175,3.4649999141693115,158806,0.0,0.0
2023-08-17 12:30:00-04:00,3.4649999141693115,3.4700000286102295,3.440000057220459,3.4549999237060547,161987,0.0,0.0
2023-08-17 13:30:00-04:00,3.4549999237060547,3.4574999809265137,3.4149999618530273,3.424999952316284,115798,0.0,0.0
2023-08-17 14:30:00-04:00,3.424999952316284,3.450000047683716,3.390000104904175,3.450000047683716,162054,0.0,0.0
2023-08-17 15:30:00-04:00,3.450000047683716,3.4749999046325684,3.430000066757202,3.430000066757202,296440,0.0,0.0
2023-08-18 09:30:00-04:00,3.390000104904175,3.5299999713897705,3.319999933242798,3.430000066757202,233229,0.0,0.0
2023-08-18 10:30:00-04:00,3.424999952316284,3.484999895095825,3.424999952316284,3.444999933242798,193549,0.0,0.0
2023-08-18 11:30:00-04:00,3.444999933242798,3.5,3.440000057220459,3.484999895095825,141163,0.0,0.0
2023-08-18 12:30:00-04:00,3.484999895095825,3.490000009536743,3.4100000858306885,3.430000066757202,221893,0.0,0.0
2023-08-18 13:30:00-04:00,3.430000066757202,3.4700000286102295,3.430000066757202,3.4600000381469727,204882,0.0,0.0
2023-08-18 14:30:00-04:00,3.4600000381469727,3.509999990463257,3.4549999237060547,3.505000114440918,246495,0.0,0.0
2023-08-18 15:30:00-04:00,3.505000114440918,3.5250000953674316,3.490000009536743,3.509999990463257,417178,0.0,0.0
2023-08-21 09:30:00-04:00,3.5,3.609999895095825,3.4100000858306885,3.4149999618530273,143636,0.0,0.0
2023-08-21 10:30:00-04:00,3.4100000858306885,3.430000066757202,3.375,3.384999990463257,118405,0.0,0.0
2023-08-21 11:30:00-04:00,3.384999990463257,3.4100000858306885,3.3299999237060547,3.3350000381469727,171644,0.0,0.0
2023-08-21 12:30:00-04:00,3.3350000381469727,3.3550000190734863,3.299999952316284,3.3450000286102295,165748,0.0,0.0
2023-08-21 13:30:00-04:00,3.3450000286102295,3.380000114440918,3.3399999141693115,3.3450000286102295,126575,0.0,0.0
2023-08-21 14:30:00-04:00,3.3450000286102295,3.369999885559082,3.309999942779541,3.315000057220459,336489,0.0,0.0
2023-08-21 15:30:00-04:00,3.315000057220459,3.315000057220459,3.240000009536743,3.255000114440918,453567,0.0,0.0
2023-08-22 09:30:00-04:00,3.2699999809265137,3.315000057220459,3.180000066757202,3.194999933242798,111938,0.0,0.0
2023-08-22 10:30:00-04:00,3.194999933242798,3.2100000381469727,3.174999952316284,3.190000057220459,96621,0.0,0.0
2023-08-22 11:30:00-04:00,3.184999942779541,3.190000057220459,3.0999999046325684,3.125,207507,0.0,0.0
2023-08-22 12:30:00-04:00,3.120300054550171,3.125,3.069999933242798,3.0950000286102295,166525,0.0,0.0
2023-08-22 13:30:00-04:00,3.0950000286102295,3.125,3.0899999141693115,3.0999999046325684,218411,0.0,0.0
2023-08-22 14:30:00-04:00,3.1050000190734863,3.125,3.0950000286102295,3.1050000190734863,230285,0.0,0.0
2023-08-22 15:30:00-04:00,3.1050000190734863,3.109999895095825,3.0799999237060547,3.0899999141693115,241443,0.0,0.0
2023-08-23 09:30:00-04:00,3.0799999237060547,3.109999895095825,3.059999942779541,3.0850000381469727,130039,0.0,0.0
2023-08-23 10:30:00-04:00,3.0899999141693115,3.1449999809265137,3.0799999237060547,3.115000009536743,170996,0.0,0.0
2023-08-23 11:30:00-04:00,3.115000009536743,3.119999885559082,3.0896999835968018,3.109999895095825,80869,0.0,0.0
2023-08-23 12:30:00-04:00,3.1050000190734863,3.140000104904175,3.0950000286102295,3.1189000606536865,126689,0.0,0.0
2023-08-23 13:30:00-04:00,3.115000009536743,3.119999885559082,3.0999999046325684,3.109999895095825,124851,0.0,0.0
2023-08-23 14:30:00-04:00,3.0999999046325684,3.130000114440918,3.0999999046325684,3.125,97257,0.0,0.0
2023-08-23 15:30:00-04:00,3.125,3.140000104904175,3.109999895095825,3.119999885559082,166297,0.0,0.0
2023-08-24 09:30:00-04:00,3.119999885559082,3.2100000381469727,3.119999885559082,3.1649999618530273,129726,0.0,0.0
2023-08-24 10:30:00-04:00,3.1600000858306885,3.180000066757202,3.0999999046325684,3.1050000190734863,79618,0.0,0.0
2023-08-24 11:30:00-04:00,3.0999999046325684,3.109999895095825,3.0799999237060547,3.0999999046325684,61647,0.0,0.0
2023-08-24 12:30:00-04:00,3.099900007247925,3.109999895095825,3.049999952316284,3.055000066757202,87281,0.0,0.0
2023-08-24 13:30:00-04:00,3.055000066757202,3.069999933242798,3.0399999618530273,3.049999952316284,104125,0.0,0.0
2023-08-24 14:30:00-04:00,3.049999952316284,3.059999942779541,3.009999990463257,3.0450000762939453,127294,0.0,0.0
2023-08-24 15:30:00-04:00,3.0399999618530273,3.049999952316284,3.0299999713897705,3.0299999713897705,192360,0.0,0.0
2023-08-25 09:30:00-04:00,3.0799999237060547,3.0999999046325684,2.994999885559082,3.009999990463257,80790,0.0,0.0
2023-08-25 10:30:00-04:00,3.009999990463257,3.0199999809265137,2.9700000286102295,2.990000009536743,87837,0.0,0.0
2023-08-25 11:30:00-04:00,2.994999885559082,3.0199999809265137,2.9800000190734863,3.0113000869750977,85863,0.0,0.0
2023-08-25 12:30:00-04:00,3.0199999809265137,3.0299999713897705,2.98009991645813,2.990000009536743,112351,0.0,0.0
2023-08-25 13:30:00-04:00,2.984999895095825,3.0,2.9800000190734863,2.990000009536743,125161,0.0,0.0
2023-08-25 14:30:00-04:00,2.997499942779541,3.015000104904175,2.994999885559082,3.005000114440918,114646,0.0,0.0
2023-08-25 15:30:00-04:00,3.009999990463257,3.009999990463257,2.950000047683716,2.9700000286102295,209492,0.0,0.0
2023-08-28 09:30:00-04:00,3.009999990463257,3.125,3.009999990463257,3.119999885559082,179820,0.0,0.0
2023-08-28 10:30:00-04:00,3.119999885559082,3.134999990463257,3.0799999237060547,3.0850000381469727,145118,0.0,0.0
2023-08-28 11:30:00-04:00,3.0850000381469727,3.0899999141693115,3.009999990463257,3.009999990463257,345705,0.0,0.0
2023-08-28 12:30:00-04:00,3.015000104904175,3.055000066757202,3.009999990463257,3.0299999713897705,133926,0.0,0.0
2023-08-28 13:30:00-04:00,3.0350000858306885,3.0399999618530273,3.0199999809265137,3.0199999809265137,112920,0.0,0.0
2023-08-28 14:30:00-04:00,3.0250000953674316,3.057499885559082,3.015000104904175,3.055000066757202,167943,0.0,0.0
2023-08-28 15:30:00-04:00,3.049999952316284,3.049999952316284,3.0299999713897705,3.0450000762939453,188611,0.0,0.0
2023-08-29 09:30:00-04:00,3.0399999618530273,3.119999885559082,3.0250000953674316,3.119999885559082,87207,0.0,0.0
2023-08-29 10:30:00-04:00,3.115000009536743,3.1600000858306885,3.115000009536743,3.1449999809265137,102099,0.0,0.0
2023-08-29 11:30:00-04:00,3.1449999809265137,3.1700000762939453,3.134999990463257,3.1549999713897705,128627,0.0,0.0
2023-08-29 12:30:00-04:00,3.1649999618530273,3.174999952316284,3.1500000953674316,3.1600000858306885,113953,0.0,0.0
2023-08-29 13:30:00-04:00,3.1600000858306885,3.180000066757202,3.140000104904175,3.1449999809265137,113974,0.0,0.0
2023-08-29 14:30:00-04:00,3.1449999809265137,3.1500000953674316,3.115000009536743,3.125,117600,0.0,0.0
2023-08-29 15:30:00-04:00,3.125,3.130000114440918,3.0999999046325684,3.119999885559082,293109,0.0,0.0
2023-08-30 09:30:00-04:00,3.0999999046325684,3.1700000762939453,3.0850000381469727,3.1500000953674316,129453,0.0,0.0
2023-08-30 10:30:00-04:00,3.1500000953674316,3.180000066757202,3.125,3.1600000858306885,118954,0.0,0.0
2023-08-30 11:30:00-04:00,3.1600000858306885,3.180000066757202,3.130000114440918,3.130000114440918,72249,0.0,0.0
2023-08-30 12:30:00-04:00,3.130000114440918,3.1600000858306885,3.115000009536743,3.1500000953674316,105226,0.0,0.0
2023-08-30 13:30:00-04:00,3.1500000953674316,3.1600000858306885,3.119999885559082,3.130000114440918,99034,0.0,0.0
2023-08-30 14:30:00-04:00,3.134999990463257,3.1600000858306885,3.130000114440918,3.140000104904175,111004,0.0,0.0
2023-08-30 15:30:00-04:00,3.1449999809265137,3.1496999263763428,3.119999885559082,3.130000114440918,192745,0.0,0.0
2023-08-31 09:30:00-04:00,3.1600000858306885,3.2200000286102295,3.1600000858306885,3.174999952316284,69281,0.0,0.0
2023-08-31 10:30:00-04:00,3.174999952316284,3.200000047683716,3.1500000953674316,3.194999933242798,64698,0.0,0.0
2023-08-31 11:30:00-04:00,3.194999933242798,3.200000047683716,3.1700000762939453,3.174999952316284,78471,0.0,0.0
2023-08-31 12:30:00-04:00,3.174999952316284,3.180000066757202,3.1600000858306885,3.174999952316284,83734,0.0,0.0
2023-08-31 13:30:00-04:00,3.1760001182556152,3.2100000381469727,3.1600000858306885,3.2100000381469727,80537,0.0,0.0
2023-08-31 14:30:00-04:00,3.2100000381469727,3.2899999618530273,3.200000047683716,3.255000114440918,279392,0.0,0.0
2023-08-31 15:30:00-04:00,3.259999990463257,3.262500047683716,3.240000009536743,3.240000009536743,230419,0.0,0.0
2023-09-01 09:30:00-04:00,3.2699999809265137,3.369999885559082,3.200000047683716,3.2750000953674316,122504,0.0,0.0
2023-09-01 10:30:00-04:00,3.2750000953674316,3.319999933242798,3.259999990463257,3.315000057220459,94820,0.0,0.0
2023-09-01 11:30:00-04:00,3.319999933242798,3.319999933242798,3.25,3.2699999809265137,76911,0.0,0.0
2023-09-01 12:30:00-04:00,3.259999990463257,3.2699999809265137,3.2200000286102295,3.2300000190734863,84520,0.0,0.0
2023-09-01 13:30:00-04:00,3.2300000190734863,3.2300000190734863,3.180000066757202,3.184999942779541,62388,0.0,0.0
2023-09-01 14:30:00-04:00,3.180000066757202,3.200000047683716,3.1600000858306885,3.1649999618530273,130872,0.0,0.0
2023-09-01 15:30:00-04:00,3.1600000858306885,3.1700000762939453,3.109999895095825,3.1500000953674316,365623,0.0,0.0
2023-09-05 09:30:00-04:00,2.9700000286102295,3.0299999713897705,2.7850000858306885,2.8299999237060547,1463760,0.0,0.0
2023-09-05 10:30:00-04:00,2.8299999237060547,2.9000000953674316,2.75,2.875,761962,0.0,0.0
2023-09-05 11:30:00-04:00,2.875,2.9200000762939453,2.8499999046325684,2.8949999809265137,478335,0.0,0.0
2023-09-05 12:30:00-04:00,2.8949999809265137,2.928100109100342,2.859999895095825,2.875,628709,0.0,0.0
2023-09-05 13:30:00-04:00,2.875,2.9100000858306885,2.869999885559082,2.884999990463257,448373,0.0,0.0
2023-09-05 14:30:00-04:00,2.884999990463257,2.9600000381469727,2.8701000213623047,2.934999942779541,738364,0.0,0.0
2023-09-05 15:30:00-04:00,2.934999942779541,3.009999990463257,2.930000066757202,3.0,1053092,0.0,0.0
2023-09-06 09:30:00-04:00,3.009999990463257,3.0199999809265137,2.890000104904175,2.950000047683716,479384,0.0,0.0
2023-09-06 10:30:00-04:00,2.950000047683716,2.9600000381469727,2.819999933242798,2.8499999046325684,607672,0.0,0.0
2023-09-06 11:30:00-04:00,2.8499999046325684,2.8499999046325684,2.7049999237060547,2.7149999141693115,409629,0.0,0.0
2023-09-06 12:30:00-04:00,2.7149999141693115,2.809999942779541,2.7149999141693115,2.765000104904175,410423,0.0,0.0
2023-09-06 13:30:00-04:00,2.765000104904175,2.8299999237060547,2.759999990463257,2.805000066757202,371756,0.0,0.0
2023-09-06 14:30:00-04:00,2.805000066757202,2.871000051498413,2.7899999618530273,2.871000051498413,577507,0.0,0.0
2023-09-06 15:30:00-04:00,2.869999885559082,2.869999885559082,2.859999895095825,2.869999885559082,336168,0.0,0.0
2023-09-07 09:30:00-04:00,2.7899999618530273,2.8399999141693115,2.6700000762939453,2.674999952316284,582713,0.0,0.0
2023-09-07 10:30:00-04:00,2.690000057220459,2.75,2.6649999618530273,2.680000066757202,373735,0.0,0.0
2023-09-07 11:30:00-04:00,2.680000066757202,2.689500093460083,2.6500000953674316,2.6549999713897705,395417,0.0,0.0
2023-09-07 12:30:00-04:00,2.6549999713897705,2.7300000190734863,2.6500000953674316,2.7100000381469727,296744,0.0,0.0
2023-09-07 13:30:00-04:00,2.7100000381469727,2.7200000286102295,2.694999933242798,2.7100000381469727,259321,0.0,0.0
2023-09-07 14:30:00-04:00,2.7100000381469727,2.7200000286102295,2.680000066757202,2.690000057220459,306550,0.0,0.0
2023-09-07 15:30:00-04:00,2.690000057220459,2.694999933242798,2.6600000858306885,2.6700000762939453,1225886,0.0,0.0
2023-09-08 09:30:00-04:00,2.7100000381469727,2.7100000381469727,2.569999933242798,2.6449999809265137,690413,0.0,0.0
2023-09-08 10:30:00-04:00,2.640000104904175,2.6600000858306885,2.5999999046325684,2.619999885559082,355953,0.0,0.0
2023-09-08 11:30:00-04:00,2.6298999786376953,2.630000114440918,2.5899999141693115,2.6050000190734863,301800,0.0,0.0
2023-09-08 12:30:00-04:00,2.6050000190734863,2.6600000858306885,2.5899999141693115,2.6549999713897705,294601,0.0,0.0
2023-09-08 13:30:00-04:00,2.6549999713897705,2.7100000381469727,2.6549999713897705,2.700000047683716,315421,0.0,0.0
2023-09-08 14:30:00-04:00,2.7049999237060547,2.7200000286102295,2.674999952316284,2.7149999141693115,371613,0.0,0.0
2023-09-08 15:30:00-04:00,2.7200000286102295,2.7200000286102295,2.680000066757202,2.680000066757202,478056,0.0,0.0
2023-09-11 09:30:00-04:00,2.7100000381469727,2.7290000915527344,2.5899999141693115,2.634999990463257,446699,0.0,0.0
2023-09-11 10:30:00-04:00,2.634999990463257,2.6500000953674316,2.609999895095825,2.640000104904175,351397,0.0,0.0
2023-09-11 11:30:00-04:00,2.630000114440918,2.6549999713897705,2.5950000286102295,2.6050000190734863,355839,0.0,0.0
2023-09-11 12:30:00-04:00,2.5999999046325684,2.609999895095825,2.559999942779541,2.5850000381469727,322612,0.0,0.0
2023-09-11 13:30:00-04:00,2.5899999141693115,2.5899999141693115,2.559999942779541,2.5899999141693115,233031,0.0,0.0
2023-09-11 14:30:00-04:00,2.5850000381469727,2.5899999141693115,2.559999942779541,2.559999942779541,255246,0.0,0.0
2023-09-11 15:30:00-04:00,2.559999942779541,2.569999933242798,2.549999952316284,2.565000057220459,404137,0.0,0.0
2023-09-12 09:30:00-04:00,2.5,2.569999933242798,2.484999895095825,2.491300106048584,419666,0.0,0.0
2023-09-12 10:30:00-04:00,2.490000009536743,2.555000066757202,2.4800000190734863,2.5350000858306885,427523,0.0,0.0
2023-09-12 11:30:00-04:00,2.5350000858306885,2.5999999046325684,2.5299999713897705,2.5850000381469727,427699,0.0,0.0
2023-09-12 12:30:00-04:00,2.5850000381469727,2.609999895095825,2.569999933242798,2.5875000953674316,353933,0.0,0.0
2023-09-12 13:30:00-04:00,2.5850000381469727,2.619999885559082,2.5799999237060547,2.5899999141693115,387992,0.0,0.0
2023-09-12 14:30:00-04:00,2.5899999141693115,2.609999895095825,2.5899999141693115,2.5899999141693115,352235,0.0,0.0
2023-09-12 15:30:00-04:00,2.5899999141693115,2.630000114440918,2.5899999141693115,2.619999885559082,852801,0.0,0.0
2023-09-13 09:30:00-04:00,2.630000114440918,2.6700000762939453,2.5799999237060547,2.6449999809265137,377042,0.0,0.0
2023-09-13 10:30:00-04:00,2.6449999809265137,2.690000057220459,2.630000114440918,2.630000114440918,264974,0.0,0.0
2023-09-13 11:30:00-04:00,2.630000114440918,2.639899969100952,2.5899999141693115,2.630000114440918,241154,0.0,0.0
2023-09-13 12:30:00-04:00,2.630000114440918,2.640000104904175,2.619999885559082,2.619999885559082,167660,0.0,0.0
2023-09-13 13:30:00-04:00,2.619999885559082,2.630000114440918,2.5899999141693115,2.5899999141693115,187007,0.0,0.0
2023-09-13 14:30:00-04:00,2.5950000286102295,2.5999999046325684,2.559999942779541,2.5850000381469727,307752,0.0,0.0
2023-09-13 15:30:00-04:00,2.5799999237060547,2.609999895095825,2.575000047683716,2.609999895095825,488666,0.0,0.0
2023-09-14 09:30:00-04:00,2.640000104904175,2.6600000858306885,2.555000066757202,2.630000114440918,389608,0.0,0.0
2023-09-14 10:30:00-04:00,2.630000114440918,2.6500000953674316,2.609999895095825,2.625,305439,0.0,0.0
2023-09-14 11:30:00-04:00,2.625,2.6649999618530273,2.609999895095825,2.6449999809265137,296864,0.0,0.0
2023-09-14 12:30:00-04:00,2.640000104904175,2.6600000858306885,2.634999990463257,2.6549999713897705,240692,0.0,0.0
2023-09-14 13:30:00-04:00,2.6549999713897705,2.6600000858306885,2.619999885559082,2.6500000953674316,241963,0.0,0.0
2023-09-14 14:30:00-04:00,2.6449999809265137,2.6600000858306885,2.619999885559082,2.625,426193,0.0,0.0
2023-09-14 15:30:00-04:00,2.619999885559082,2.6500000953674316,2.609999895095825,2.619999885559082,588473,0.0,0.0
2023-09-15 09:30:00-04:00,2.5799999237060547,2.630000114440918,2.549999952316284,2.565000057220459,556295,0.0,0.0
2023-09-15 10:30:00-04:00,2.565000057220459,2.569999933242798,2.494999885559082,2.515000104904175,607610,0.0,0.0
2023-09-15 11:30:00-04:00,2.515000104904175,2.5399999618530273,2.505000114440918,2.5350000858306885,506917,0.0,0.0
2023-09-15 12:30:00-04:00,2.5399999618530273,2.559999942779541,2.5199999809265137,2.5299999713897705,401674,0.0,0.0
2023-09-15 13:30:00-04:00,2.5299999713897705,2.5899999141693115,2.5299999713897705,2.5850000381469727,456653,0.0,0.0
2023-09-15 14:30:00-04:00,2.5899999141693115,2.6500000953674316,2.5799999237060547,2.640000104904175,763076,0.0,0.0
2023-09-15 15:30:00-04:00,2.640000104904175,2.6600000858306885,2.5899999141693115,2.6449999809265137,1368236,0.0,0.0
2023-09-18 09:30:00-04:00,2.799999952316284,2.799999952316284,2.505000114440918,2.515000104904175,814308,0.0,0.0
2023-09-18 10:30:00-04:00,2.515000104904175,2.5299999713897705,2.5,2.505000114440918,521694,0.0,0.0
2023-09-18 11:30:00-04:00,2.5,2.509999990463257,2.4600000381469727,2.4749999046325684,506937,0.0,0.0
2023-09-18 12:30:00-04:00,2.4700000286102295,2.4749999046325684,2.4518001079559326,2.4749999046325684,272588,0.0,0.0
2023-09-18 13:30:00-04:00,2.4800000190734863,2.5250000953674316,2.4749999046325684,2.515000104904175,309164,0.0,0.0
2023-09-18 14:30:00-04:00,2.515000104904175,2.5950000286102295,2.509999990463257,2.569999933242798,536617,0.0,0.0
2023-09-18 15:30:00-04:00,2.575000047683716,2.5799999237060547,2.5199999809265137,2.5299999713897705,555533,0.0,0.0
2023-09-19 09:30:00-04:00,2.5199999809265137,2.5399999618530273,2.4700000286102295,2.5350000858306885,168975,0.0,0.0
2023-09-19 10:30:00-04:00,2.5350000858306885,2.559999942779541,2.5199999809265137,2.5350000858306885,182187,0.0,0.0
2023-09-19 11:30:00-04:00,2.5350000858306885,2.565000057220459,2.5299999713897705,2.555000066757202,113706,0.0,0.0
2023-09-19 12:30:00-04:00,2.549999952316284,2.5999999046325684,2.5399999618530273,2.5799999237060547,164139,0.0,0.0
2023-09-19 13:30:00-04:00,2.5799999237060547,2.5950000286102295,2.569999933242798,2.569999933242798,111378,0.0,0.0
2023-09-19 14:30:00-04:00,2.569999933242798,2.569999933242798,2.5299999713897705,2.5299999713897705,151328,0.0,0.0
2023-09-19 15:30:00-04:00,2.5399999618530273,2.5399999618530273,2.5,2.509999990463257,363295,0.0,0.0
2023-09-20 09:30:00-04:00,2.5199999809265137,2.5299999713897705,2.4600000381469727,2.5250000953674316,238548,0.0,0.0
2023-09-20 10:30:00-04:00,2.5250000953674316,2.5299999713897705,2.509999990463257,2.515000104904175,112877,0.0,0.0
2023-09-20 11:30:00-04:00,2.509999990463257,2.515000104904175,2.5,2.5,176757,0.0,0.0
2023-09-20 12:30:00-04:00,2.5,2.515000104904175,2.5,2.5,192344,0.0,0.0
2023-09-20 13:30:00-04:00,2.5,2.515000104904175,2.490000009536743,2.5,435613,0.0,0.0
2023-09-20 14:30:00-04:00,2.509999990463257,2.5199999809265137,2.4700000286102295,2.484999895095825,1006771,0.0,0.0
2023-09-20 15:30:00-04:00,2.484999895095825,2.490000009536743,2.440000057220459,2.450000047683716,554341,0.0,0.0
2023-09-21 09:30:00-04:00,2.430000066757202,2.505000114440918,2.369999885559082,2.4749999046325684,362631,0.0,0.0
2023-09-21 10:30:00-04:00,2.4749999046325684,2.5199999809265137,2.4700000286102295,2.4800000190734863,226650,0.0,0.0
2023-09-21 11:30:00-04:00,2.484999895095825,2.5,2.4700000286102295,2.4749999046325684,198188,0.0,0.0
2023-09-21 12:30:00-04:00,2.4749999046325684,2.4800000190734863,2.4700000286102295,2.4749999046325684,120846,0.0,0.0
2023-09-21 13:30:00-04:00,2.4749999046325684,2.4800000190734863,2.450000047683716,2.4600000381469727,215969,0.0,0.0
2023-09-21 14:30:00-04:00,2.4600000381469727,2.490000009536743,2.450000047683716,2.489000082015991,341097,0.0,0.0
2023-09-21 15:30:00-04:00,2.490000009536743,2.5,2.4800000190734863,2.494999885559082,771269,0.0,0.0
2023-09-22 09:30:00-04:00,2.5199999809265137,2.5390000343322754,2.4600000381469727,2.4800000190734863,109550,0.0,0.0
2023-09-22 10:30:00-04:00,2.4749999046325684,2.490000009536743,2.4600000381469727,2.4700000286102295,98808,0.0,0.0
2023-09-22 11:30:00-04:00,2.4649999141693115,2.5,2.4600000381469727,2.484999895095825,305863,0.0,0.0
2023-09-22 12:30:00-04:00,2.48009991645813,2.505000114440918,2.4749999046325684,2.4800000190734863,439764,0.0,0.0
2023-09-22 13:30:00-04:00,2.4800000190734863,2.4800000190734863,2.450000047683716,2.4649999141693115,422129,0.0,0.0
2023-09-22 14:30:00-04:00,2.4649999141693115,2.4700000286102295,2.4549999237060547,2.4649999141693115,324220,0.0,0.0
2023-09-22 15:30:00-04:00,2.4600000381469727,2.4649999141693115,2.440000057220459,2.444999933242798,545701,0.0,0.0
2023-09-25 09:30:00-04:00,2.440000057220459,2.494999885559082,2.4200000762939453,2.4825000762939453,110790,0.0,0.0
2023-09-25 10:30:00-04:00,2.48009991645813,2.5199999809265137,2.4800000190734863,2.505000114440918,238173,0.0,0.0
2023-09-25 11:30:00-04:00,2.505000114440918,2.5399999618530273,2.5,2.5350000858306885,69557,0.0,0.0
2023-09-25 12:30:00-04:00,2.5350000858306885,2.5499000549316406,2.515000104904175,2.515000104904175,112898,0.0,0.0
2023-09-25 13:30:00-04:00,2.515000104904175,2.5199999809265137,2.490000009536743,2.505000114440918,164669,0.0,0.0
2023-09-25 14:30:00-04:00,2.509999990463257,2.509999990463257,2.4800000190734863,2.505000114440918,140855,0.0,0.0
2023-09-25 15:30:00-04:00,2.505000114440918,2.509999990463257,2.4800000190734863,2.509999990463257,543012,0.0,0.0
2023-09-26 09:30:00-04:00,2.4700000286102295,2.5350000858306885,2.440000057220459,2.515000104904175,121285,0.0,0.0
2023-09-26 10:30:00-04:00,2.5199999809265137,2.5199999809265137,2.4700000286102295,2.4700000286102295,81118,0.0,0.0
2023-09-26 11:30:00-04:00,2.4749999046325684,2.4800000190734863,2.4600000381469727,2.4649999141693115,39770,0.0,0.0
2023-09-26 12:30:00-04:00,2.4649999141693115,2.4700000286102295,2.444999933242798,2.4549999237060547,97011,0.0,0.0
2023-09-26 13:30:00-04:00,2.4549999237060547,2.4649999141693115,2.450000047683716,2.4549999237060547,57041,0.0,0.0
2023-09-26 14:30:00-04:00,2.4600000381469727,2.5,2.4549999237060547,2.4800000190734863,264774,0.0,0.0
2023-09-26 15:30:00-04:00,2.4749999046325684,2.490000009536743,2.440000057220459,2.4800000190734863,821832,0.0,0.0
2023-09-27 09:30:00-04:00,2.5199999809265137,2.5350000858306885,2.450000047683716,2.4749999046325684,142458,0.0,0.0
2023-09-27 10:30:00-04:00,2.4749999046325684,2.4800000190734863,2.434999942779541,2.4549999237060547,141152,0.0,0.0
2023-09-27 11:30:00-04:00,2.4549999237060547,2.4600000381469727,2.440000057220459,2.444999933242798,96281,0.0,0.0
2023-09-27 12:30:00-04:00,2.444999933242798,2.450000047683716,2.440000057220459,2.440000057220459,103853,0.0,0.0
2023-09-27 13:30:00-04:00,2.442500114440918,2.4649999141693115,2.440000057220459,2.4600000381469727,128306,0.0,0.0
2023-09-27 14:30:00-04:00,2.4600000381469727,2.4800000190734863,2.4600000381469727,2.4649999141693115,110142,0.0,0.0
2023-09-27 15:30:00-04:00,2.4649999141693115,2.4700000286102295,2.440000057220459,2.4549999237060547,293013,0.0,0.0
2023-09-28 09:30:00-04:00,2.440000057220459,2.4800000190734863,2.430000066757202,2.434999942779541,309161,0.0,0.0
2023-09-28 10:30:00-04:00,2.434999942779541,2.4800000190734863,2.4200000762939453,2.4800000190734863,94373,0.0,0.0
2023-09-28 11:30:00-04:00,2.4749999046325684,2.5199999809265137,2.4749999046325684,2.5,124381,0.0,0.0
2023-09-28 12:30:00-04:00,2.5,2.5,2.4749999046325684,2.4749999046325684,64624,0.0,0.0
2023-09-28 13:30:00-04:00,2.4700000286102295,2.490000009536743,2.4649999141693115,2.484999895095825,119982,0.0,0.0
2023-09-28 14:30:00-04:00,2.484999895095825,2.490000009536743,2.4649999141693115,2.4749999046325684,127780,0.0,0.0
2023-09-28 15:30:00-04:00,2.4749999046325684,2.4800000190734863,2.450000047683716,2.4800000190734863,362225,0.0,0.0
2023-09-29 09:30:00-04:00,2.5199999809265137,2.5899999141693115,2.505000114440918,2.509999990463257,221232,0.0,0.0
2023-09-29 10:30:00-04:00,2.5199999809265137,2.5450000762939453,2.509999990463257,2.5299999713897705,116407,0.0,0.0
2023-09-29 11:30:00-04:00,2.5250000953674316,2.5899999141693115,2.509999990463257,2.5899999141693115,213081,0.0,0.0
2023-09-29 12:30:00-04:00,2.5850000381469727,2.5899999141693115,2.5399999618530273,2.555000066757202,126007,0.0,0.0
2023-09-29 13:30:00-04:00,2.549999952316284,2.559999942779541,2.5350000858306885,2.5350000858306885,78805,0.0,0.0
2023-09-29 14:30:00-04:00,2.5350000858306885,2.549999952316284,2.5299999713897705,2.5399999618530273,113072,0.0,0.0
2023-09-29 15:30:00-04:00,2.5390000343322754,2.5390000343322754,2.509999990463257,2.515000104904175,334179,0.0,0.0
2023-10-02 09:30:00-04:00,2.569999933242798,2.5899999141693115,2.5250000953674316,2.5799999237060547,116067,0.0,0.0
2023-10-02 10:30:00-04:00,2.5799999237060547,2.630000114440918,2.559999942779541,2.609999895095825,144587,0.0,0.0
2023-10-02 11:30:00-04:00,2.618000030517578,2.619999885559082,2.5899999141693115,2.6089999675750732,109223,0.0,0.0
2023-10-02 12:30:00-04:00,2.5999999046325684,2.619999885559082,2.5899999141693115,2.619999885559082,159530,0.0,0.0
2023-10-02 13:30:00-04:00,2.619999885559082,2.630000114440918,2.5950000286102295,2.5950000286102295,105855,0.0,0.0
2023-10-02 14:30:00-04:00,2.5899999141693115,2.625,2.5899999141693115,2.609999895095825,115650,0.0,0.0
2023-10-02 15:30:00-04:00,2.6045000553131104,2.615000009536743,2.5999999046325684,2.609999895095825,209787,0.0,0.0
2023-10-03 09:30:00-04:00,2.559999942779541,2.5899999141693115,2.5399999618530273,2.549999952316284,118958,0.0,0.0
2023-10-03 10:30:00-04:00,2.555000066757202,2.569999933242798,2.5199999809265137,2.5250000953674316,68945,0.0,0.0
2023-10-03 11:30:00-04:00,2.5299999713897705,2.5350000858306885,2.5,2.5299999713897705,95586,0.0,0.0
2023-10-03 12:30:00-04:00,2.5250000953674316,2.5299999713897705,2.4800000190734863,2.484999895095825,88939,0.0,0.0
2023-10-03 13:30:00-04:00,2.4800000190734863,2.490000009536743,2.4700000286102295,2.4700000286102295,46231,0.0,0.0
2023-10-03 14:30:00-04:00,2.4749999046325684,2.4800000190734863,2.430000066757202,2.430000066757202,107811,0.0,0.0
2023-10-03 15:30:00-04:00,2.434999942779541,2.4800000190734863,2.430000066757202,2.4749999046325684,310740,0.0,0.0
2023-10-04 09:30:00-04:00,2.4600000381469727,2.5199999809265137,2.434999942779541,2.434999942779541,79086,0.0,0.0
2023-10-04 10:30:00-04:00,2.434999942779541,2.4600000381469727,2.4200000762939453,2.450000047683716,95916,0.0,0.0
2023-10-04 11:30:00-04:00,2.4549999237060547,2.4800000190734863,2.444999933242798,2.4700000286102295,53440,0.0,0.0
2023-10-04 12:30:00-04:00,2.4649999141693115,2.4800000190734863,2.440000057220459,2.4409000873565674,39586,0.0,0.0
2023-10-04 13:30:00-04:00,2.444999933242798,2.450000047683716,2.430000066757202,2.430000066757202,38109,0.0,0.0
2023-10-04 14:30:00-04:00,2.440000057220459,2.450000047683716,2.4200000762939453,2.444999933242798,129803,0.0,0.0
2023-10-04 15:30:00-04:00,2.450000047683716,2.4600000381469727,2.440000057220459,2.450000047683716,192170,0.0,0.0
2023-10-05 09:30:00-04:00,2.509999990463257,2.509999990463257,2.4200000762939453,2.424999952316284,76882,0.0,0.0
2023-10-05 10:30:00-04:00,2.424999952316284,2.440000057220459,2.4100000858306885,2.4149999618530273,198077,0.0,0.0
2023-10-05 11:30:00-04:00,2.4149999618530273,2.4600000381469727,2.4100000858306885,2.430000066757202,60672,0.0,0.0
2023-10-05 12:30:00-04:00,2.434999942779541,2.440000057220459,2.4100000858306885,2.440000057220459,94028,0.0,0.0
2023-10-05 13:30:00-04:00,2.434999942779541,2.450000047683716,2.430000066757202,2.450000047683716,72043,0.0,0.0
2023-10-05 14:30:00-04:00,2.444999933242798,2.4600000381469727,2.440000057220459,2.450000047683716,83212,0.0,0.0
2023-10-05 15:30:00-04:00,2.440000057220459,2.450000047683716,2.430000066757202,2.430000066757202,153453,0.0,0.0
2023-10-06 09:30:00-04:00,2.4100000858306885,2.434999942779541,2.4100000858306885,2.424999952316284,136350,0.0,0.0
2023-10-06 10:30:00-04:00,2.424999952316284,2.4600000381469727,2.4200000762939453,2.4549999237060547,47263,0.0,0.0
2023-10-06 11:30:00-04:00,2.4549999237060547,2.4800000190734863,2.444999933242798,2.444999933242798,90719,0.0,0.0
2023-10-06 12:30:00-04:00,2.444999933242798,2.450000047683716,2.430000066757202,2.440000057220459,59968,0.0,0.0
2023-10-06 13:30:00-04:00,2.440000057220459,2.4600000381469727,2.440000057220459,2.4549999237060547,64266,0.0,0.0
2023-10-06 14:30:00-04:00,2.4600000381469727,2.4700000286102295,2.4200000762939453,2.424999952316284,142988,0.0,0.0
2023-10-06 15:30:00-04:00,2.4200000762939453,2.440000057220459,2.4200000762939453,2.430000066757202,304175,0.0,0.0
2023-10-09 09:30:00-04:00,2.4000000953674316,2.440000057220459,2.369999885559082,2.434999942779541,205831,0.0,0.0
2023-10-09 10:30:00-04:00,2.440000057220459,2.440000057220459,2.4149999618530273,2.434999942779541,119995,0.0,0.0
2023-10-09 11:30:00-04:00,2.434999942779541,2.450000047683716,2.430000066757202,2.444999933242798,43464,0.0,0.0
2023-10-09 12:30:00-04:00,2.444999933242798,2.450000047683716,2.440000057220459,2.450000047683716,63346,0.0,0.0
2023-10-09 13:30:00-04:00,2.450000047683716,2.4700000286102295,2.444999933242798,2.4649999141693115,83626,0.0,0.0
2023-10-09 14:30:00-04:00,2.4649999141693115,2.4800000190734863,2.4649999141693115,2.4800000190734863,90851,0.0,0.0
2023-10-09 15:30:00-04:00,2.4749999046325684,2.4800000190734863,2.450000047683716,2.4649999141693115,326066,0.0,0.0
2023-10-10 09:30:00-04:00,2.4600000381469727,2.555000066757202,2.450000047683716,2.5350000858306885,103323,0.0,0.0
2023-10-10 10:30:00-04:00,2.5350000858306885,2.559999942779541,2.5299999713897705,2.555000066757202,75142,0.0,0.0
2023-10-10 11:30:00-04:00,2.555000066757202,2.559999942779541,2.509999990463257,2.515000104904175,169040,0.0,0.0
2023-10-10 12:30:00-04:00,2.515000104904175,2.5199999809265137,2.5,2.505000114440918,69095,0.0,0.0
2023-10-10 13:30:00-04:00,2.505000114440918,2.509999990463257,2.4600000381469727,2.4749999046325684,73373,0.0,0.0
2023-10-10 14:30:00-04:00,2.4749999046325684,2.490000009536743,2.473299980163574,2.4800000190734863,84281,0.0,0.0
2023-10-10 15:30:00-04:00,2.490000009536743,2.490000009536743,2.4549999237060547,2.4800000190734863,322012,0.0,0.0
2023-10-11 09:30:00-04:00,2.4700000286102295,2.5299999713897705,2.4700000286102295,2.4749999046325684,141784,0.0,0.0
2023-10-11 10:30:00-04:00,2.4749999046325684,2.490000009536743,2.4700000286102295,2.4700000286102295,77513,0.0,0.0
2023-10-11 11:30:00-04:00,2.4800000190734863,2.4800000190734863,2.450000047683716,2.4549999237060547,63945,0.0,0.0
2023-10-11 12:30:00-04:00,2.4549999237060547,2.4700000286102295,2.444999933242798,2.4649999141693115,94008,0.0,0.0
2023-10-11 13:30:00-04:00,2.4649999141693115,2.4700000286102295,2.450000047683716,2.4649999141693115,60064,0.0,0.0
2023-10-11 14:30:00-04:00,2.4649999141693115,2.4700000286102295,2.4600000381469727,2.4600000381469727,52385,0.0,0.0
2023-10-11 15:30:00-04:00,2.4649999141693115,2.4800000190734863,2.4600000381469727,2.4800000190734863,152156,0.0,0.0
2023-10-12 09:30:00-04:00,2.450000047683716,2.4549999237060547,2.4100000858306885,2.444999933242798,110809,0.0,0.0
2023-10-12 10:30:00-04:00,2.444999933242798,2.4549999237060547,2.424999952316284,2.424999952316284,61037,0.0,0.0
2023-10-12 11:30:00-04:00,2.424999952316284,2.450000047683716,2.4200000762939453,2.444999933242798,99182,0.0,0.0
2023-10-12 12:30:00-04:00,2.444999933242798,2.450000047683716,2.4200000762939453,2.424999952316284,76719,0.0,0.0
2023-10-12 13:30:00-04:00,2.424999952316284,2.430000066757202,2.390000104904175,2.3949999809265137,184559,0.0,0.0
2023-10-12 14:30:00-04:00,2.3949999809265137,2.4000000953674316,2.390000104904175,2.3949999809265137,69502,0.0,0.0
2023-10-12 15:30:00-04:00,2.4000000953674316,2.4200000762939453,2.390000104904175,2.4149999618530273,240464,0.0,0.0
2023-10-13 09:30:00-04:00,2.4600000381469727,2.4600000381469727,2.365000009536743,2.3949999809265137,121512,0.0,0.0
2023-10-13 10:30:00-04:00,2.3949999809265137,2.4000000953674316,2.3317999839782715,2.3350000381469727,129225,0.0,0.0
2023-10-13 11:30:00-04:00,2.3350000381469727,2.3550000190734863,2.3299999237060547,2.3450000286102295,88029,0.0,0.0
2023-10-13 12:30:00-04:00,2.3450000286102295,2.365000009536743,2.3350000381469727,2.3550000190734863,99343,0.0,0.0
2023-10-13 13:30:00-04:00,2.3550000190734863,2.369999885559082,2.3499999046325684,2.365000009536743,53147,0.0,0.0
2023-10-13 14:30:00-04:00,2.365000009536743,2.369999885559082,2.3550000190734863,2.359999895095825,104248,0.0,0.0
2023-10-13 15:30:00-04:00,2.365000009536743,2.380000114440918,2.359999895095825,2.380000114440918,154145,0.0,0.0
2023-10-16 09:30:00-04:00,2.450000047683716,2.4800000190734863,2.380000114440918,2.4649999141693115,180429,0.0,0.0
2023-10-16 10:30:00-04:00,2.4660000801086426,2.4700000286102295,2.440000057220459,2.4549999237060547,68835,0.0,0.0
2023-10-16 11:30:00-04:00,2.4600000381469727,2.4800000190734863,2.440000057220459,2.4749999046325684,165557,0.0,0.0
2023-10-16 12:30:00-04:00,2.4749999046325684,2.5,2.4600000381469727,2.4800000190734863,154503,0.0,0.0
2023-10-16 13:30:00-04:00,2.4800000190734863,2.565000057220459,2.4800000190734863,2.559999942779541,213726,0.0,0.0
2023-10-16 14:30:00-04:00,2.555000066757202,2.559999942779541,2.5299999713897705,2.555000066757202,221421,0.0,0.0
2023-10-16 15:30:00-04:00,2.555000066757202,2.569999933242798,2.5399999618530273,2.559999942779541,388612,0.0,0.0
2023-10-17 09:30:00-04:00,2.5,2.6500000953674316,2.5,2.619999885559082,174365,0.0,0.0
2023-10-17 10:30:00-04:00,2.625,2.630000114440918,2.5799999237060547,2.630000114440918,152158,0.0,0.0
2023-10-17 11:30:00-04:00,2.625,2.630000114440918,2.6117000579833984,2.625,58406,0.0,0.0
2023-10-17 12:30:00-04:00,2.625,2.630000114440918,2.5999999046325684,2.630000114440918,65069,0.0,0.0
2023-10-17 13:30:00-04:00,2.625,2.630000114440918,2.609999895095825,2.615000009536743,70632,0.0,0.0
2023-10-17 14:30:00-04:00,2.615000009536743,2.640000104904175,2.613600015640259,2.640000104904175,68139,0.0,0.0
2023-10-17 15:30:00-04:00,2.634999990463257,2.637500047683716,2.609999895095825,2.609999895095825,206722,0.0,0.0
2023-10-18 09:30:00-04:00,2.559999942779541,2.559999942779541,2.5299999713897705,2.5450000762939453,159981,0.0,0.0
2023-10-18 10:30:00-04:00,2.5399999618530273,2.5460000038146973,2.5199999809265137,2.5250000953674316,105253,0.0,0.0
2023-10-18 11:30:00-04:00,2.5250000953674316,2.5399999618530273,2.515000104904175,2.5299999713897705,65453,0.0,0.0
2023-10-18 12:30:00-04:00,2.5299999713897705,2.5399999618530273,2.5250000953674316,2.5350000858306885,66104,0.0,0.0
2023-10-18 13:30:00-04:00,2.5299999713897705,2.549999952316284,2.5299999713897705,2.5450000762939453,75331,0.0,0.0
2023-10-18 14:30:00-04:00,2.5450000762939453,2.549999952316284,2.5199999809265137,2.5299999713897705,116640,0.0,0.0
2023-10-18 15:30:00-04:00,2.5350000858306885,2.5399999618530273,2.5,2.509999990463257,217886,0.0,0.0
2023-10-19 09:30:00-04:00,2.509999990463257,2.5353000164031982,2.440000057220459,2.440000057220459,117296,0.0,0.0
2023-10-19 10:30:00-04:00,2.444999933242798,2.444999933242798,2.380000114440918,2.380000114440918,182727,0.0,0.0
2023-10-19 11:30:00-04:00,2.380000114440918,2.430000066757202,2.369999885559082,2.4049999713897705,175947,0.0,0.0
2023-10-19 12:30:00-04:00,2.4049999713897705,2.4100000858306885,2.369999885559082,2.4049999713897705,137300,0.0,0.0
2023-10-19 13:30:00-04:00,2.4000000953674316,2.4000000953674316,2.3499999046325684,2.3550000190734863,187242,0.0,0.0
2023-10-19 14:30:00-04:00,2.3550000190734863,2.3550000190734863,2.309999942779541,2.319999933242798,256978,0.0,0.0
2023-10-19 15:30:00-04:00,2.325000047683716,2.3499999046325684,2.309999942779541,2.3499999046325684,447301,0.0,0.0
2023-10-20 09:30:00-04:00,2.3299999237060547,2.3299999237060547,2.2100000381469727,2.2100000381469727,389885,0.0,0.0
2023-10-20 10:30:00-04:00,2.216599941253662,2.2200000286102295,2.1500000953674316,2.1649999618530273,450942,0.0,0.0
2023-10-20 11:30:00-04:00,2.1700000762939453,2.200000047683716,2.1600000858306885,2.1700000762939453,141874,0.0,0.0
2023-10-20 12:30:00-04:00,2.1700000762939453,2.184999942779541,2.1500000953674316,2.1649999618530273,165466,0.0,0.0
2023-10-20 13:30:00-04:00,2.1649999618530273,2.184999942779541,2.1549999713897705,2.180000066757202,212277,0.0,0.0
2023-10-20 14:30:00-04:00,2.174999952316284,2.240000009536743,2.1700000762939453,2.240000009536743,462509,0.0,0.0
2023-10-20 15:30:00-04:00,2.234999895095825,2.259999990463257,2.2300000190734863,2.25,417017,0.0,0.0
2023-10-23 09:30:00-04:00,2.240000009536743,2.309999942779541,2.200000047683716,2.2950000762939453,218236,0.0,0.0
2023-10-23 10:30:00-04:00,2.2899999618530273,2.3299999237060547,2.2899999618530273,2.319999933242798,170472,0.0,0.0
2023-10-23 11:30:00-04:00,2.315000057220459,2.3450000286102295,2.299999952316284,2.319999933242798,182907,0.0,0.0
2023-10-23 12:30:00-04:00,2.3122000694274902,2.3550000190734863,2.3122000694274902,2.3399999141693115,95851,0.0,0.0
2023-10-23 13:30:00-04:00,2.3499999046325684,2.369999885559082,2.3301000595092773,2.3350000381469727,79930,0.0,0.0
2023-10-23 14:30:00-04:00,2.3399999141693115,2.3499999046325684,2.319999933242798,2.325000047683716,101089,0.0,0.0
2023-10-23 15:30:00-04:00,2.325000047683716,2.3299999237060547,2.299999952316284,2.309999942779541,221811,0.0,0.0
2023-10-24 09:30:00-04:00,2.309999942779541,2.427500009536743,2.309999942779541,2.4149999618530273,112987,0.0,0.0
2023-10-24 10:30:00-04:00,2.4149999618530273,2.430000066757202,2.369999885559082,2.380000114440918,88812,0.0,0.0
2023-10-24 11:30:00-04:00,2.375,2.390000104904175,2.3399999141693115,2.3499999046325684,187365,0.0,0.0
2023-10-24 12:30:00-04:00,2.3499999046325684,2.380000114440918,2.3499999046325684,2.365000009536743,82896,0.0,0.0
2023-10-24 13:30:00-04:00,2.359999895095825,2.384999990463257,2.3499999046325684,2.369999885559082,153038,0.0,0.0
2023-10-24 14:30:00-04:00,2.369999885559082,2.380000114440918,2.369999885559082,2.369999885559082,54602,0.0,0.0
2023-10-24 15:30:00-04:00,2.375,2.380000114440918,2.359999895095825,2.359999895095825,198705,0.0,0.0
2023-10-25 09:30:00-04:00,2.3499999046325684,2.369999885559082,2.2950000762939453,2.305000066757202,156059,0.0,0.0
2023-10-25 10:30:00-04:00,2.305000066757202,2.3299999237060547,2.2899999618530273,2.3299999237060547,86788,0.0,0.0
2023-10-25 11:30:00-04:00,2.325000047683716,2.3399999141693115,2.2950000762939453,2.309999942779541,77803,0.0,0.0
2023-10-25 12:30:00-04:00,2.309999942779541,2.315000057220459,2.2799999713897705,2.305000066757202,52251,0.0,0.0
2023-10-25 13:30:00-04:00,2.299999952316284,2.315000057220459,2.2899999618530273,2.2950000762939453,71739,0.0,0.0
2023-10-25 14:30:00-04:00,2.2950000762939453,2.299999952316284,2.2811999320983887,2.2950000762939453,32864,0.0,0.0
2023-10-25 15:30:00-04:00,2.2950000762939453,2.2983999252319336,2.2799999713897705,2.2799999713897705,105468,0.0,0.0
2023-10-26 09:30:00-04:00,2.2899999618530273,2.319999933242798,2.240000009536743,2.289900064468384,81061,0.0,0.0
2023-10-26 10:30:00-04:00,2.2799999713897705,2.309999942779541,2.255000114440918,2.2699999809265137,63352,0.0,0.0
2023-10-26 11:30:00-04:00,2.2699999809265137,2.299999952316284,2.240000009536743,2.240000009536743,124199,0.0,0.0
2023-10-26 12:30:00-04:00,2.244999885559082,2.259999990463257,2.2300000190734863,2.2300000190734863,107640,0.0,0.0
2023-10-26 13:30:00-04:00,2.234999895095825,2.2699999809265137,2.2200000286102295,2.2699999809265137,110993,0.0,0.0
2023-10-26 14:30:00-04:00,2.265000104904175,2.299999952316284,2.259999990463257,2.2750000953674316,163935,0.0,0.0
2023-10-26 15:30:00-04:00,2.2750000953674316,2.2899999618530273,2.255000114440918,2.2899999618530273,278975,0.0,0.0
2023-10-27 09:30:00-04:00,2.2799999713897705,2.319999933242798,2.2300000190734863,2.2699999809265137,90309,0.0,0.0
2023-10-27 10:30:00-04:00,2.2699999809265137,2.309999942779541,2.25,2.309999942779541,92370,0.0,0.0
2023-10-27 11:30:00-04:00,2.309999942779541,2.319999933242798,2.2799999713897705,2.2799999713897705,93445,0.0,0.0
2023-10-27 12:30:00-04:00,2.2850000858306885,2.2899999618530273,2.2699999809265137,2.2699999809265137,68667,0.0,0.0
2023-10-27 13:30:00-04:00,2.2699999809265137,2.305000066757202,2.259999990463257,2.299999952316284,99334,0.0,0.0
2023-10-27 14:30:00-04:00,2.2950000762939453,2.315000057220459,2.2899999618530273,2.305000066757202,159826,0.0,0.0
2023-10-27 15:30:00-04:00,2.305000066757202,2.3299999237060547,2.2950000762939453,2.3299999237060547,302405,0.0,0.0
2023-10-30 09:30:00-04:00,2.359999895095825,2.359999895095825,2.2850000858306885,2.319999933242798,347946,0.0,0.0
2023-10-30 10:30:00-04:00,2.315000057220459,2.359999895095825,2.309999942779541,2.3450000286102295,200900,0.0,0.0
2023-10-30 11:30:00-04:00,2.3450000286102295,2.359999895095825,2.3399999141693115,2.3403000831604004,122022,0.0,0.0
2023-10-30 12:30:00-04:00,2.3450000286102295,2.3450000286102295,2.319999933242798,2.3399999141693115,199279,0.0,0.0
2023-10-30 13:30:00-04:00,2.3350000381469727,2.3499999046325684,2.3299999237060547,2.3350000381469727,153884,0.0,0.0
2023-10-30 14:30:00-04:00,2.3299999237060547,2.369999885559082,2.3299999237060547,2.359999895095825,409931,0.0,0.0
2023-10-30 15:30:00-04:00,2.365000009536743,2.369999885559082,2.3399999141693115,2.3450000286102295,279805,0.0,0.0
2023-10-31 09:30:00-04:00,2.3499999046325684,2.390000104904175,2.305000066757202,2.390000104904175,205023,0.0,0.0
2023-10-31 10:30:00-04:00,2.390000104904175,2.4200000762939453,2.369999885559082,2.4149999618530273,133252,0.0,0.0
2023-10-31 11:30:00-04:00,2.4182000160217285,2.440000057220459,2.4000000953674316,2.4049999713897705,75987,0.0,0.0
2023-10-31 12:30:00-04:00,2.4000000953674316,2.4100000858306885,2.390000104904175,2.390000104904175,28316,0.0,0.0
2023-10-31 13:30:00-04:00,2.390000104904175,2.4049999713897705,2.384999990463257,2.384999990463257,57800,0.0,0.0
2023-10-31 14:30:00-04:00,2.380000114440918,2.4100000858306885,2.380000114440918,2.4049999713897705,38451,0.0,0.0
2023-10-31 15:30:00-04:00,2.4049999713897705,2.4049999713897705,2.380000114440918,2.380000114440918,189726,0.0,0.0
2023-11-01 09:30:00-04:00,2.359999895095825,2.369999885559082,2.309999942779541,2.3399999141693115,359702,0.0,0.0
2023-11-01 10:30:00-04:00,2.3399999141693115,2.3499999046325684,2.2799999713897705,2.2799999713897705,100672,0.0,0.0
2023-11-01 11:30:00-04:00,2.2850000858306885,2.2899999618530273,2.244999885559082,2.2699999809265137,162321,0.0,0.0
2023-11-01 12:30:00-04:00,2.2750000953674316,2.2850000858306885,2.25,2.25,75974,0.0,0.0
2023-11-01 13:30:00-04:00,2.255000114440918,2.255000114440918,2.2225000858306885,2.240000009536743,88276,0.0,0.0
2023-11-01 14:30:00-04:00,2.240000009536743,2.25,2.2049999237060547,2.234999895095825,240321,0.0,0.0
2023-11-01 15:30:00-04:00,2.234999895095825,2.2899999618530273,2.234999895095825,2.2899999618530273,431346,0.0,0.0
2023-11-02 09:30:00-04:00,2.7799999713897705,3.0850000381469727,2.6500000953674316,3.015000104904175,2540849,0.0,0.0
2023-11-02 10:30:00-04:00,3.009999990463257,3.0799999237060547,2.990000009536743,3.0399999618530273,1125871,0.0,0.0
2023-11-02 11:30:00-04:00,3.0350000858306885,3.065000057220459,2.994999885559082,3.0000998973846436,463682,0.0,0.0
2023-11-02 12:30:00-04:00,3.0,3.0199999809265137,2.9600000381469727,3.015000104904175,384885,0.0,0.0
2023-11-02 13:30:00-04:00,3.015000104904175,3.049999952316284,2.994999885559082,3.0450000762939453,554075,0.0,0.0
2023-11-02 14:30:00-04:00,3.0450000762939453,3.1298999786376953,3.0199999809265137,3.0999999046325684,799534,0.0,0.0
2023-11-02 15:30:00-04:00,3.0999999046325684,3.130000114440918,3.069999933242798,3.130000114440918,774836,0.0,0.0
2023-11-03 09:30:00-04:00,3.130000114440918,3.359999895095825,3.130000114440918,3.2699999809265137,993455,0.0,0.0
2023-11-03 10:30:00-04:00,3.265000104904175,3.265000104904175,3.190000057220459,3.234999895095825,416933,0.0,0.0
2023-11-03 11:30:00-04:00,3.240000009536743,3.305000066757202,3.240000009536743,3.2799999713897705,384961,0.0,0.0
2023-11-03 12:30:00-04:00,3.2878000736236572,3.2899999618530273,3.240000009536743,3.25,446506,0.0,0.0
2023-11-03 13:30:00-04:00,3.25,3.2799999713897705,3.2300000190734863,3.265000104904175,326510,0.0,0.0
2023-11-03 14:30:00-04:00,3.265000104904175,3.309999942779541,3.25,3.2750000953674316,648299,0.0,0.0
2023-11-03 15:30:00-04:00,3.2750000953674316,3.2899999618530273,3.2600998878479004,3.2850000858306885,378671,0.0,0.0
2023-11-06 09:30:00-05:00,3.309999942779541,3.309999942779541,3.049999952316284,3.0850000381469727,438030,0.0,0.0
2023-11-06 10:30:00-05:00,3.0799999237060547,3.109999895095825,3.065000057220459,3.0999999046325684,130598,0.0,0.0
2023-11-06 11:30:00-05:00,3.0999999046325684,3.109999895095825,3.0850000381469727,3.1050000190734863,84145,0.0,0.0
2023-11-06 12:30:00-05:00,3.109999895095825,3.140000104904175,3.0799999237060547,3.0850000381469727,126040,0.0,0.0
2023-11-06 13:30:00-05:00,3.0850000381469727,3.0850000381469727,3.009999990463257,3.0350000858306885,224085,0.0,0.0
2023-11-06 14:30:00-05:00,3.0350000858306885,3.059999942779541,3.0199999809265137,3.0250000953674316,152426,0.0,0.0
2023-11-06 15:30:00-05:00,3.0250000953674316,3.0299999713897705,2.990000009536743,3.009999990463257,315069,0.0,0.0
2023-11-07 09:30:00-05:00,3.0199999809265137,3.0799999237060547,3.009999990463257,3.0799999237060547,184828,0.0,0.0
2023-11-07 10:30:00-05:00,3.0799999237060547,3.0899999141693115,3.0199999809265137,3.0199999809265137,90011,0.0,0.0
2023-11-07 11:30:00-05:00,3.0199999809265137,3.069999933242798,3.0199999809265137,3.0450000762939453,91459,0.0,0.0
2023-11-07 12:30:00-05:00,3.047499895095825,3.059999942779541,3.0299999713897705,3.055000066757202,98182,0.0,0.0
2023-11-07 13:30:00-05:00,3.059999942779541,3.069999933242798,3.0350000858306885,3.0450000762939453,112372,0.0,0.0
2023-11-07 14:30:00-05:00,3.0450000762939453,3.049999952316284,3.0199999809265137,3.0199999809265137,115524,0.0,0.0
2023-11-07 15:30:00-05:00,3.0250000953674316,3.059999942779541,3.015000104904175,3.0399999618530273,298012,0.0,0.0
2023-11-08 09:30:00-05:00,3.0799999237060547,3.0799999237060547,2.934999942779541,2.940000057220459,172794,0.0,0.0
2023-11-08 10:30:00-05:00,2.940000057220459,2.944999933242798,2.9049999713897705,2.934000015258789,93920,0.0,0.0
2023-11-08 11:30:00-05:00,2.930000066757202,2.940000057220459,2.890000104904175,2.890000104904175,89637,0.0,0.0
2023-11-08 12:30:00-05:00,2.890000104904175,2.934999942779541,2.880000114440918,2.934999942779541,80975,0.0,0.0
2023-11-08 13:30:00-05:00,2.934999942779541,2.940000057220459,2.9200000762939453,2.930000066757202,66405,0.0,0.0
2023-11-08 14:30:00-05:00,2.934999942779541,2.9549999237060547,2.9200000762939453,2.944999933242798,129992,0.0,0.0
2023-11-08 15:30:00-05:00,2.944999933242798,2.950000047683716,2.930000066757202,2.944999933242798,183526,0.0,0.0
2023-11-09 09:30:00-05:00,2.9600000381469727,2.9800000190734863,2.9000000953674316,2.9049999713897705,79008,0.0,0.0
2023-11-09 10:30:00-05:00,2.9049999713897705,2.9049999713897705,2.869999885559082,2.869999885559082,66957,0.0,0.0
2023-11-09 11:30:00-05:00,2.875,2.890000104904175,2.8499999046325684,2.8550000190734863,70490,0.0,0.0
2023-11-09 12:30:00-05:00,2.8550000190734863,2.880000114440918,2.8399999141693115,2.869999885559082,98664,0.0,0.0
2023-11-09 13:30:00-05:00,2.859999895095825,2.880000114440918,2.8499999046325684,2.8550000190734863,93560,0.0,0.0
2023-11-09 14:30:00-05:00,2.8499999046325684,2.859999895095825,2.8299999237060547,2.8350000381469727,80549,0.0,0.0
2023-11-09 15:30:00-05:00,2.8399999141693115,2.8399999141693115,2.799999952316284,2.805000066757202,136894,0.0,0.0
2023-11-10 09:30:00-05:00,2.7799999713897705,2.8399999141693115,2.7799999713897705,2.809999942779541,94460,0.0,0.0
2023-11-10 10:30:00-05:00,2.805000066757202,2.859999895095825,2.7899999618530273,2.8399999141693115,56220,0.0,0.0
2023-11-10 11:30:00-05:00,2.8399999141693115,2.880000114440918,2.819999933242798,2.865000009536743,78673,0.0,0.0
2023-11-10 12:30:00-05:00,2.859999895095825,2.9200000762939453,2.859999895095825,2.9149999618530273,61095,0.0,0.0
2023-11-10 13:30:00-05:00,2.9200000762939453,2.924999952316284,2.9000000953674316,2.9200000762939453,116972,0.0,0.0
2023-11-10 14:30:00-05:00,2.9100000858306885,2.940000057220459,2.890000104904175,2.8949999809265137,102807,0.0,0.0
2023-11-10 15:30:00-05:00,2.9000000953674316,2.9000000953674316,2.880000114440918,2.9000000953674316,207473,0.0,0.0
2023-11-13 09:30:00-05:00,2.8499999046325684,2.9149999618530273,2.8299999237060547,2.884999990463257,128712,0.0,0.0
2023-11-13 10:30:00-05:00,2.880000114440918,2.940000057220459,2.880000114440918,2.9049999713897705,127578,0.0,0.0
2023-11-13 11:30:00-05:00,2.9049999713897705,2.940000057220459,2.9000000953674316,2.9149999618530273,94135,0.0,0.0
2023-11-13 12:30:00-05:00,2.9100000858306885,2.9100000858306885,2.9000000953674316,2.9000000953674316,65695,0.0,0.0
2023-11-13 13:30:00-05:00,2.9049999713897705,2.9200000762939453,2.9000000953674316,2.9049999713897705,139882,0.0,0.0
2023-11-13 14:30:00-05:00,2.9000000953674316,2.9100000858306885,2.859999895095825,2.865000009536743,158219,0.0,0.0
2023-11-13 15:30:00-05:00,2.859999895095825,2.890000104904175,2.859999895095825,2.880000114440918,248278,0.0,0.0
2023-11-14 09:30:00-05:00,3.0399999618530273,3.140000104904175,2.9649999141693115,3.131200075149536,378089,0.0,0.0
2023-11-14 10:30:00-05:00,3.134999990463257,3.1600000858306885,3.059999942779541,3.0899999141693115,369659,0.0,0.0
2023-11-14 11:30:00-05:00,3.0899999141693115,3.0999999046325684,3.009999990463257,3.0199999809265137,162874,0.0,0.0
2023-11-14 12:30:00-05:00,3.0250000953674316,3.059999942779541,3.0199999809265137,3.0199999809265137,82625,0.0,0.0
2023-11-14 13:30:00-05:00,3.0199999809265137,3.059999942779541,3.0199999809265137,3.0350000858306885,92170,0.0,0.0
2023-11-14 14:30:00-05:00,3.0399999618530273,3.049999952316284,3.0250000953674316,3.049999952316284,173014,0.0,0.0
2023-11-14 15:30:00-05:00,3.049999952316284,3.0799999237060547,3.0450000762939453,3.069999933242798,248903,0.0,0.0
2023-11-15 09:30:00-05:00,3.0999999046325684,3.140000104904175,3.0399999618530273,3.125,125950,0.0,0.0
2023-11-15 10:30:00-05:00,3.125,3.200000047683716,3.125,3.200000047683716,201662,0.0,0.0
2023-11-15 11:30:00-05:00,3.200000047683716,3.200000047683716,3.125,3.184999942779541,155820,0.0,0.0
2023-11-15 12:30:00-05:00,3.184999942779541,3.2049999237060547,3.134999990463257,3.1500000953674316,178620,0.0,0.0
2023-11-15 13:30:00-05:00,3.1500000953674316,3.1600000858306885,3.130000114440918,3.1600000858306885,140149,0.0,0.0
2023-11-15 14:30:00-05:00,3.1591999530792236,3.1700000762939453,3.140000104904175,3.1700000762939453,144500,0.0,0.0
2023-11-15 15:30:00-05:00,3.1700000762939453,3.180000066757202,3.1600000858306885,3.1649999618530273,383452,0.0,0.0
2023-11-16 09:30:00-05:00,3.109999895095825,3.130000114440918,2.940000057220459,2.9549999237060547,215533,0.0,0.0
2023-11-16 10:30:00-05:00,2.9600000381469727,2.994999885559082,2.9200000762939453,2.934999942779541,87426,0.0,0.0
2023-11-16 11:30:00-05:00,2.934999942779541,2.994999885559082,2.922499895095825,2.990000009536743,131168,0.0,0.0
2023-11-16 12:30:00-05:00,2.994999885559082,2.994999885559082,2.950000047683716,2.9649999141693115,174168,0.0,0.0
2023-11-16 13:30:00-05:00,2.9649999141693115,2.990000009536743,2.950000047683716,2.9749999046325684,156136,0.0,0.0
2023-11-16 14:30:00-05:00,2.9749999046325684,3.0199999809265137,2.9600000381469727,2.990000009536743,269348,0.0,0.0
2023-11-16 15:30:00-05:00,2.990000009536743,2.994999885559082,2.9700000286102295,2.9800000190734863,336631,0.0,0.0
2023-11-17 09:30:00-05:00,3.009999990463257,3.075000047683716,2.984999895095825,3.069999933242798,181839,0.0,0.0
2023-11-17 10:30:00-05:00,3.0615999698638916,3.1298999786376953,3.0615999698638916,3.115000009536743,119839,0.0,0.0
2023-11-17 11:30:00-05:00,3.119999885559082,3.1600000858306885,3.0950000286102295,3.1600000858306885,110690,0.0,0.0
2023-11-17 12:30:00-05:00,3.1549999713897705,3.190000057220459,3.1500000953674316,3.190000057220459,118383,0.0,0.0
2023-11-17 13:30:00-05:00,3.190000057220459,3.2049999237060547,3.180000066757202,3.180000066757202,183772,0.0,0.0
2023-11-17 14:30:00-05:00,3.184999942779541,3.2049999237060547,3.180000066757202,3.194999933242798,112478,0.0,0.0
2023-11-17 15:30:00-05:00,3.194999933242798,3.200000047683716,3.1700000762939453,3.1700000762939453,230891,0.0,0.0
2023-11-20 09:30:00-05:00,3.1600000858306885,3.2100000381469727,3.130000114440918,3.184999942779541,120680,0.0,0.0
2023-11-20 10:30:00-05:00,3.190000057220459,3.244999885559082,3.180000066757202,3.234999895095825,95306,0.0,0.0
2023-11-20 11:30:00-05:00,3.239500045776367,3.25,3.2100000381469727,3.2100000381469727,78042,0.0,0.0
2023-11-20 12:30:00-05:00,3.2100000381469727,3.255000114440918,3.2100000381469727,3.240000009536743,50874,0.0,0.0
2023-11-20 13:30:00-05:00,3.244999885559082,3.265000104904175,3.194999933242798,3.194999933242798,364535,0.0,0.0
2023-11-20 14:30:00-05:00,3.200000047683716,3.2300000190734863,3.190000057220459,3.2149999141693115,232389,0.0,0.0
2023-11-20 15:30:00-05:00,3.2149999141693115,3.2200000286102295,3.1600000858306885,3.1700000762939453,635043,0.0,0.0
2023-11-21 09:30:00-05:00,3.1500000953674316,3.1500000953674316,2.990000009536743,3.0,173648,0.0,0.0
2023-11-21 10:30:00-05:00,2.994999885559082,3.0199999809265137,2.9700000286102295,2.9749999046325684,97199,0.0,0.0
2023-11-21 11:30:00-05:00,2.9711999893188477,2.990000009536743,2.950000047683716,2.950000047683716,88820,0.0,0.0
2023-11-21 12:30:00-05:00,2.9549999237060547,2.9600000381469727,2.930000066757202,2.930000066757202,79795,0.0,0.0
2023-11-21 13:30:00-05:00,2.934999942779541,2.9600000381469727,2.9100000858306885,2.944999933242798,123650,0.0,0.0
2023-11-21 14:30:00-05:00,2.944999933242798,2.950000047683716,2.924999952316284,2.924999952316284,138199,0.0,0.0
2023-11-21 15:30:00-05:00,2.924999952316284,2.930000066757202,2.9000000953674316,2.930000066757202,553492,0.0,0.0
2023-11-22 09:30:00-05:00,2.9600000381469727,3.009999990463257,2.9000000953674316,2.944999933242798,366490,0.0,0.0
2023-11-22 10:30:00-05:00,2.950000047683716,2.9700000286102295,2.924999952316284,2.944999933242798,143934,0.0,0.0
2023-11-22 11:30:00-05:00,2.940000057220459,2.9549999237060547,2.9000000953674316,2.9200000762939453,102975,0.0,0.0
2023-11-22 12:30:00-05:00,2.924999952316284,2.9316000938415527,2.9000000953674316,2.9100000858306885,76522,0.0,0.0
2023-11-22 13:30:00-05:00,2.9100000858306885,2.9200000762939453,2.8949999809265137,2.9000000953674316,89647,0.0,0.0
2023-11-22 14:30:00-05:00,2.9000000953674316,2.9100000858306885,2.884999990463257,2.9049999713897705,95350,0.0,0.0
2023-11-22 15:30:00-05:00,2.9049999713897705,2.930000066757202,2.9000000953674316,2.9200000762939453,148995,0.0,0.0
2023-11-24 09:30:00-05:00,2.9000000953674316,2.940000057220459,2.890000104904175,2.934999942779541,44883,0.0,0.0
2023-11-24 10:30:00-05:00,2.934999942779541,2.940000057220459,2.9000000953674316,2.9149999618530273,55598,0.0,0.0
2023-11-24 11:30:00-05:00,2.9149999618530273,2.950000047683716,2.9100000858306885,2.930000066757202,47426,0.0,0.0
2023-11-27 09:30:00-05:00,2.9200000762939453,2.9200000762939453,2.875,2.9100000858306885,103807,0.0,0.0
2023-11-27 10:30:00-05:00,2.9140000343322754,2.930000066757202,2.9000000953674316,2.9149999618530273,78884,0.0,0.0
2023-11-27 11:30:00-05:00,2.9149999618530273,2.930000066757202,2.9000000953674316,2.9149999618530273,65681,0.0,0.0
2023-11-27 12:30:00-05:00,2.9100000858306885,2.940000057220459,2.9100000858306885,2.9200000762939453,62531,0.0,0.0
2023-11-27 13:30:00-05:00,2.930000066757202,2.994999885559082,2.9200000762939453,2.9800000190734863,129809,0.0,0.0
2023-11-27 14:30:00-05:00,2.984999895095825,3.009999990463257,2.950000047683716,2.950000047683716,210861,0.0,0.0
2023-11-27 15:30:00-05:00,2.9549999237060547,2.9700000286102295,2.940000057220459,2.940000057220459,288359,0.0,0.0
2023-11-28 09:30:00-05:00,2.930000066757202,2.9700000286102295,2.8399999141693115,2.9000000953674316,225533,0.0,0.0
2023-11-28 10:30:00-05:00,2.9049999713897705,2.9200000762939453,2.880000114440918,2.880500078201294,98600,0.0,0.0
2023-11-28 11:30:00-05:00,2.880000114440918,2.930000066757202,2.880000114440918,2.9149999618530273,103376,0.0,0.0
2023-11-28 12:30:00-05:00,2.9100000858306885,2.958699941635132,2.9000000953674316,2.930000066757202,285270,0.0,0.0
2023-11-28 13:30:00-05:00,2.934999942779541,2.9600000381469727,2.930000066757202,2.9549999237060547,100968,0.0,0.0
2023-11-28 14:30:00-05:00,2.9549999237060547,2.9800000190734863,2.950000047683716,2.9600000381469727,328173,0.0,0.0
2023-11-28 15:30:00-05:00,2.9549999237060547,2.9700000286102295,2.940000057220459,2.940000057220459,233555,0.0,0.0
2023-11-29 09:30:00-05:00,2.950000047683716,3.140000104904175,2.950000047683716,3.0999999046325684,174582,0.0,0.0
2023-11-29 10:30:00-05:00,3.0940001010894775,3.0999999046325684,3.0250000953674316,3.0399999618530273,114738,0.0,0.0
2023-11-29 11:30:00-05:00,3.0350000858306885,3.075000047683716,3.0199999809265137,3.065000057220459,112562,0.0,0.0
2023-11-29 12:30:00-05:00,3.069999933242798,3.1050000190734863,3.059999942779541,3.0999999046325684,78572,0.0,0.0
2023-11-29 13:30:00-05:00,3.0950000286102295,3.125,3.0801000595092773,3.119999885559082,215768,0.0,0.0
2023-11-29 14:30:00-05:00,3.109999895095825,3.119999885559082,3.0850000381469727,3.0899999141693115,197933,0.0,0.0
2023-11-29 15:30:00-05:00,3.0950000286102295,3.1050000190734863,3.0799999237060547,3.0950000286102295,356197,0.0,0.0
2023-11-30 09:30:00-05:00,3.1500000953674316,3.194999933242798,3.109999895095825,3.1449999809265137,220405,0.0,0.0
2023-11-30 10:30:00-05:00,3.1449999809265137,3.180000066757202,3.130000114440918,3.180000066757202,107317,0.0,0.0
2023-11-30 11:30:00-05:00,3.174999952316284,3.180000066757202,3.140000104904175,3.1449999809265137,156625,0.0,0.0
2023-11-30 12:30:00-05:00,3.1449999809265137,3.1700000762939453,3.140000104904175,3.1549999713897705,155618,0.0,0.0
2023-11-30 13:30:00-05:00,3.1600000858306885,3.180000066757202,3.1500000953674316,3.174999952316284,155833,0.0,0.0
2023-11-30 14:30:00-05:00,3.1700000762939453,3.180000066757202,3.1449999809265137,3.1600000858306885,258981,0.0,0.0
2023-11-30 15:30:00-05:00,3.1549999713897705,3.1600000858306885,3.0799999237060547,3.0999999046325684,751605,0.0,0.0
2023-12-01 09:30:00-05:00,3.0899999141693115,3.0999999046325684,2.9549999237060547,3.0950000286102295,218099,0.0,0.0
2023-12-01 10:30:00-05:00,3.0899999141693115,3.190000057220459,3.0850000381469727,3.1898999214172363,151431,0.0,0.0
2023-12-01 11:30:00-05:00,3.184999942779541,3.2300000190734863,3.174999952316284,3.2249999046325684,162857,0.0,0.0
2023-12-01 12:30:00-05:00,3.2200000286102295,3.2300000190734863,3.200000047683716,3.2049999237060547,187914,0.0,0.0
2023-12-01 13:30:00-05:00,3.200000047683716,3.25,3.200000047683716,3.2265000343322754,249625,0.0,0.0
2023-12-01 14:30:00-05:00,3.2249999046325684,3.2300000190734863,3.190000057220459,3.2100000381469727,188717,0.0,0.0
2023-12-01 15:30:00-05:00,3.2100000381469727,3.259999990463257,3.2049999237060547,3.259999990463257,288283,0.0,0.0
2023-12-04 09:30:00-05:00,3.2200000286102295,3.2699999809265137,3.2100000381469727,3.2200000286102295,260670,0.0,0.0
2023-12-04 10:30:00-05:00,3.2200000286102295,3.237499952316284,3.1449999809265137,3.174999952316284,173800,0.0,0.0
2023-12-04 11:30:00-05:00,3.1700000762939453,3.200000047683716,3.1500000953674316,3.1700000762939453,170317,0.0,0.0
2023-12-04 12:30:00-05:00,3.1700000762939453,3.2049999237060547,3.1649999618530273,3.174999952316284,112228,0.0,0.0
2023-12-04 13:30:00-05:00,3.1700000762939453,3.180000066757202,3.1449999809265137,3.174999952316284,154792,0.0,0.0
2023-12-04 14:30:00-05:00,3.177500009536743,3.2699999809265137,3.1700000762939453,3.25,476294,0.0,0.0
2023-12-04 15:30:00-05:00,3.255000114440918,3.259999990463257,3.2200000286102295,3.240000009536743,481192,0.0,0.0
2023-12-05 09:30:00-05:00,3.2200000286102295,3.259999990463257,3.2049999237060547,3.240000009536743,123108,0.0,0.0
2023-12-05 10:30:00-05:00,3.234999895095825,3.299999952316284,3.2200000286102295,3.234999895095825,155582,0.0,0.0
2023-12-05 11:30:00-05:00,3.234999895095825,3.2699999809265137,3.2200000286102295,3.2200000286102295,98471,0.0,0.0
2023-12-05 12:30:00-05:00,3.2200000286102295,3.2300000190734863,3.1600000858306885,3.190000057220459,115145,0.0,0.0
2023-12-05 13:30:00-05:00,3.190000057220459,3.190000057220459,3.1700000762939453,3.190000057220459,72886,0.0,0.0
2023-12-05 14:30:00-05:00,3.184999942779541,3.2200000286102295,3.180000066757202,3.2100000381469727,121936,0.0,0.0
2023-12-05 15:30:00-05:00,3.2100000381469727,3.240000009536743,3.200000047683716,3.2249999046325684,255401,0.0,0.0
2023-12-06 09:30:00-05:00,3.2799999713897705,3.3299999237060547,3.2249999046325684,3.2899999618530273,276692,0.0,0.0
2023-12-06 10:30:00-05:00,3.2899999618530273,3.4000000953674316,3.2799999713897705,3.390000104904175,160744,0.0,0.0
2023-12-06 11:30:00-05:00,3.384999990463257,3.430000066757202,3.369999885559082,3.4149999618530273,147566,0.0,0.0
2023-12-06 12:30:00-05:00,3.4149999618530273,3.4149999618530273,3.369999885559082,3.3949999809265137,99710,0.0,0.0
2023-12-06 13:30:00-05:00,3.4000000953674316,3.4049999713897705,3.369999885559082,3.375,83614,0.0,0.0
2023-12-06 14:30:00-05:00,3.378000020980835,3.4100000858306885,3.369999885559082,3.375,168374,0.0,0.0
2023-12-06 15:30:00-05:00,3.369999885559082,3.375,3.3499999046325684,3.3499999046325684,238104,0.0,0.0
2023-12-07 09:30:00-05:00,3.3499999046325684,3.450000047683716,3.315000057220459,3.450000047683716,114381,0.0,0.0
2023-12-07 10:30:00-05:00,3.450000047683716,3.5,3.420099973678589,3.490000009536743,221024,0.0,0.0
2023-12-07 11:30:00-05:00,3.484999895095825,3.5,3.430000066757202,3.4999001026153564,184814,0.0,0.0
2023-12-07 12:30:00-05:00,3.494999885559082,3.5,3.450000047683716,3.4549999237060547,121099,0.0,0.0
2023-12-07 13:30:00-05:00,3.450000047683716,3.4700000286102295,3.4200000762939453,3.424999952316284,121293,0.0,0.0
2023-12-07 14:30:00-05:00,3.4298999309539795,3.430000066757202,3.369999885559082,3.384999990463257,108303,0.0,0.0
2023-12-07 15:30:00-05:00,3.384999990463257,3.430000066757202,3.380000114440918,3.430000066757202,220493,0.0,0.0
2023-12-08 09:30:00-05:00,3.380000114440918,3.565000057220459,3.380000114440918,3.5250000953674316,138893,0.0,0.0
2023-12-08 10:30:00-05:00,3.5250000953674316,3.549999952316284,3.490000009536743,3.509999990463257,129484,0.0,0.0
2023-12-08 11:30:00-05:00,3.515000104904175,3.5253000259399414,3.5,3.5250000953674316,94870,0.0,0.0
2023-12-08 12:30:00-05:00,3.5250000953674316,3.558799982070923,3.5199999809265137,3.549999952316284,80363,0.0,0.0
2023-12-08 13:30:00-05:00,3.555000066757202,3.5899999141693115,3.5450000762939453,3.5850000381469727,82371,0.0,0.0
2023-12-08 14:30:00-05:00,3.5850000381469727,3.6198999881744385,3.5701000690460205,3.5999999046325684,189044,0.0,0.0
2023-12-08 15:30:00-05:00,3.5999999046325684,3.619999885559082,3.5899999141693115,3.5950000286102295,221069,0.0,0.0
2023-12-11 09:30:00-05:00,3.619999885559082,3.7049999237060547,3.569999933242798,3.674999952316284,223128,0.0,0.0
2023-12-11 10:30:00-05:00,3.674999952316284,3.700000047683716,3.609999895095825,3.619999885559082,144808,0.0,0.0
2023-12-11 11:30:00-05:00,3.609999895095825,3.6798999309539795,3.5999999046325684,3.6700000762939453,173294,0.0,0.0
2023-12-11 12:30:00-05:00,3.674999952316284,3.690000057220459,3.6600000858306885,3.687999963760376,64056,0.0,0.0
2023-12-11 13:30:00-05:00,3.684999942779541,3.700000047683716,3.6500000953674316,3.6500000953674316,85213,0.0,0.0
2023-12-11 14:30:00-05:00,3.6500000953674316,3.6700000762939453,3.630000114440918,3.640000104904175,114017,0.0,0.0
2023-12-11 15:30:00-05:00,3.6449999809265137,3.6549999713897705,3.630000114440918,3.640000104904175,190805,0.0,0.0
2023-12-12 09:30:00-05:00,3.6500000953674316,3.6500000953674316,3.5450000762939453,3.549999952316284,157019,0.0,0.0
2023-12-12 10:30:00-05:00,3.549999952316284,3.5799999237060547,3.5350000858306885,3.555000066757202,225590,0.0,0.0
2023-12-12 11:30:00-05:00,3.549999952316284,3.615000009536743,3.549999952316284,3.6050000190734863,158078,0.0,0.0
2023-12-12 12:30:00-05:00,3.609999895095825,3.6500000953674316,3.6080000400543213,3.630000114440918,78536,0.0,0.0
2023-12-12 13:30:00-05:00,3.625,3.640000104904175,3.619999885559082,3.619999885559082,51926,0.0,0.0
2023-12-12 14:30:00-05:00,3.619999885559082,3.630000114440918,3.609999895095825,3.619999885559082,68214,0.0,0.0
2023-12-12 15:30:00-05:00,3.619999885559082,3.630000114440918,3.5999999046325684,3.619999885559082,138745,0.0,0.0
2023-12-13 09:30:00-05:00,3.630000114440918,3.6500000953674316,3.559999942779541,3.575000047683716,99265,0.0,0.0
2023-12-13 10:30:00-05:00,3.575000047683716,3.5999999046325684,3.555000066757202,3.555000066757202,60623,0.0,0.0
2023-12-13 11:30:00-05:00,3.555000066757202,3.559999942779541,3.509999990463257,3.5250000953674316,722101,0.0,0.0
2023-12-13 12:30:00-05:00,3.5239999294281006,3.5299999713897705,3.490000009536743,3.5,67109,0.0,0.0
2023-12-13 13:30:00-05:00,3.5,3.6500000953674316,3.494999885559082,3.6500000953674316,210302,0.0,0.0
2023-12-13 14:30:00-05:00,3.6500000953674316,3.7799999713897705,3.625,3.740000009536743,221351,0.0,0.0
2023-12-13 15:30:00-05:00,3.7300000190734863,3.7899999618530273,3.7300000190734863,3.759999990463257,279654,0.0,0.0
2023-12-14 09:30:00-05:00,3.8399999141693115,3.880000114440918,3.7100000381469727,3.759999990463257,531058,0.0,0.0
2023-12-14 10:30:00-05:00,3.759999990463257,3.765000104904175,3.7149999141693115,3.7249999046325684,115041,0.0,0.0
2023-12-14 11:30:00-05:00,3.7249999046325684,3.759999990463257,3.7200000286102295,3.744999885559082,104398,0.0,0.0
2023-12-14 12:30:00-05:00,3.740000009536743,3.759999990463257,3.700000047683716,3.7279000282287598,125459,0.0,0.0
2023-12-14 13:30:00-05:00,3.7200000286102295,3.740000009536743,3.680000066757202,3.700000047683716,97421,0.0,0.0
2023-12-14 14:30:00-05:00,3.700000047683716,3.7100000381469727,3.6700000762939453,3.680000066757202,186724,0.0,0.0
2023-12-14 15:30:00-05:00,3.680000066757202,3.759999990463257,3.680000066757202,3.75,298559,0.0,0.0
2023-12-15 09:30:00-05:00,3.819999933242798,3.825000047683716,3.6600000858306885,3.7049999237060547,622059,0.0,0.0
2023-12-15 10:30:00-05:00,3.7100000381469727,3.7249999046325684,3.6600000858306885,3.700000047683716,214771,0.0,0.0
2023-12-15 11:30:00-05:00,3.700000047683716,3.7300000190734863,3.680000066757202,3.7049999237060547,136290,0.0,0.0
2023-12-15 12:30:00-05:00,3.7100000381469727,3.7300000190734863,3.690000057220459,3.7300000190734863,90312,0.0,0.0
2023-12-15 13:30:00-05:00,3.7249999046325684,3.740000009536743,3.690000057220459,3.700000047683716,143171,0.0,0.0
2023-12-15 14:30:00-05:00,3.700000047683716,3.7049999237060547,3.680000066757202,3.690000057220459,141669,0.0,0.0
2023-12-15 15:30:00-05:00,3.694999933242798,3.700000047683716,3.615000009536743,3.619999885559082,514282,0.0,0.0
2023-12-18 09:30:00-05:00,3.609999895095825,3.609999895095825,3.4800000190734863,3.484999895095825,330807,0.0,0.0
2023-12-18 10:30:00-05:00,3.484999895095825,3.5,3.440000057220459,3.444999933242798,339692,0.0,0.0
2023-12-18 11:30:00-05:00,3.444999933242798,3.549999952316284,3.440000057220459,3.5399999618530273,192450,0.0,0.0
2023-12-18 12:30:00-05:00,3.549999952316284,3.569999933242798,3.5199999809265137,3.565000057220459,173312,0.0,0.0
2023-12-18 13:30:00-05:00,3.565000057220459,3.609999895095825,3.555000066757202,3.5899999141693115,142476,0.0,0.0
2023-12-18 14:30:00-05:00,3.5950000286102295,3.609999895095825,3.575000047683716,3.5850000381469727,224670,0.0,0.0
2023-12-18 15:30:00-05:00,3.5850000381469727,3.5899999141693115,3.549999952316284,3.549999952316284,296672,0.0,0.0
2023-12-19 09:30:00-05:00,3.5899999141693115,3.734999895095825,3.569999933242798,3.690000057220459,364622,0.0,0.0
2023-12-19 10:30:00-05:00,3.684999942779541,3.690000057220459,3.6600000858306885,3.6700000762939453,111700,0.0,0.0
2023-12-19 11:30:00-05:00,3.6649999618530273,3.694999933242798,3.6500000953674316,3.6700000762939453,91258,0.0,0.0
2023-12-19 12:30:00-05:00,3.6700000762939453,3.680000066757202,3.6600000858306885,3.6649999618530273,52804,0.0,0.0
2023-12-19 13:30:00-05:00,3.6649999618530273,3.6700000762939453,3.5950000286102295,3.619999885559082,156671,0.0,0.0
2023-12-19 14:30:00-05:00,3.609999895095825,3.640000104904175,3.5999999046325684,3.609999895095825,117945,0.0,0.0
2023-12-19 15:30:00-05:00,3.615000009536743,3.630000114440918,3.591200113296509,3.6050000190734863,276603,0.0,0.0
2023-12-20 09:30:00-05:00,3.5999999046325684,3.630000114440918,3.5399999618530273,3.625,246873,0.0,0.0
2023-12-20 10:30:00-05:00,3.630000114440918,3.640000104904175,3.5899999141693115,3.5950000286102295,156569,0.0,0.0
2023-12-20 11:30:00-05:00,3.5999999046325684,3.609999895095825,3.5850000381469727,3.6050000190734863,118695,0.0,0.0
2023-12-20 12:30:00-05:00,3.6050000190734863,3.630000114440918,3.5950000286102295,3.615000009536743,145622,0.0,0.0
2023-12-20 13:30:00-05:00,3.614500045776367,3.634999990463257,3.5899999141693115,3.6050000190734863,152462,0.0,0.0
2023-12-20 14:30:00-05:00,3.6050000190734863,3.6050000190734863,3.494999885559082,3.505000114440918,326535,0.0,0.0
2023-12-20 15:30:00-05:00,3.505000114440918,3.509999990463257,3.450000047683716,3.4549999237060547,294125,0.0,0.0
2023-12-21 09:30:00-05:00,3.5,3.559999942779541,3.424999952316284,3.4298999309539795,230317,0.0,0.0
2023-12-21 10:30:00-05:00,3.430000066757202,3.4700000286102295,3.4200000762939453,3.4700000286102295,122154,0.0,0.0
2023-12-21 11:30:00-05:00,3.4649999141693115,3.4798998832702637,3.430000066757202,3.430000066757202,57208,0.0,0.0
2023-12-21 12:30:00-05:00,3.434999942779541,3.4700000286102295,3.430000066757202,3.4549999237060547,815535,0.0,0.0
2023-12-21 13:30:00-05:00,3.4600000381469727,3.5,3.4549999237060547,3.490999937057495,98945,0.0,0.0
2023-12-21 14:30:00-05:00,3.490000009536743,3.509999990463257,3.4700000286102295,3.509999990463257,112024,0.0,0.0
2023-12-21 15:30:00-05:00,3.509999990463257,3.549999952316284,3.509999990463257,3.5299999713897705,294004,0.0,0.0
2023-12-22 09:30:00-05:00,3.559999942779541,3.640000104904175,3.4800000190734863,3.634999990463257,108777,0.0,0.0
2023-12-22 10:30:00-05:00,3.634999990463257,3.6449999809265137,3.559999942779541,3.5799999237060547,89369,0.0,0.0
2023-12-22 11:30:00-05:00,3.569999933242798,3.5799999237060547,3.5250000953674316,3.5399999618530273,72917,0.0,0.0
2023-12-22 12:30:00-05:00,3.5350000858306885,3.549999952316284,3.509999990463257,3.509999990463257,80131,0.0,0.0
2023-12-22 13:30:00-05:00,3.509999990463257,3.509999990463257,3.49180006980896,3.505000114440918,122826,0.0,0.0
2023-12-22 14:30:00-05:00,3.5,3.5201001167297363,3.5,3.515000104904175,105008,0.0,0.0
2023-12-22 15:30:00-05:00,3.5199999809265137,3.5199999809265137,3.5,3.5199999809265137,133664,0.0,0.0
2023-12-26 09:30:00-05:00,3.5199999809265137,3.559999942779541,3.450000047683716,3.494999885559082,129060,0.0,0.0
2023-12-26 10:30:00-05:00,3.494999885559082,3.565000057220459,3.4800000190734863,3.5299999713897705,165682,0.0,0.0
2023-12-26 11:30:00-05:00,3.5350000858306885,3.5850000381469727,3.5299999713897705,3.5625998973846436,232543,0.0,0.0
2023-12-26 12:30:00-05:00,3.559999942779541,3.680000066757202,3.559999942779541,3.674999952316284,170579,0.0,0.0
2023-12-26 13:30:00-05:00,3.6700000762939453,3.7100000381469727,3.640000104904175,3.694999933242798,365987,0.0,0.0
2023-12-26 14:30:00-05:00,3.694999933242798,3.7200000286102295,3.684999942779541,3.7049999237060547,190752,0.0,0.0
2023-12-26 15:30:00-05:00,3.7049999237060547,3.7100000381469727,3.680000066757202,3.690000057220459,324526,0.0,0.0
2023-12-27 09:30:00-05:00,3.690000057220459,3.7799999713897705,3.690000057220459,3.765000104904175,136645,0.0,0.0
2023-12-27 10:30:00-05:00,3.7699999809265137,3.807499885559082,3.759999990463257,3.805000066757202,230828,0.0,0.0
2023-12-27 11:30:00-05:00,3.805000066757202,3.859999895095825,3.79010009765625,3.8450000286102295,233546,0.0,0.0
2023-12-27 12:30:00-05:00,3.8494999408721924,3.859999895095825,3.8299999237060547,3.8350000381469727,159670,0.0,0.0
2023-12-27 13:30:00-05:00,3.8399999141693115,3.8499999046325684,3.7899999618530273,3.7950000762939453,154824,0.0,0.0
2023-12-27 14:30:00-05:00,3.7950000762939453,3.809999942779541,3.7699999809265137,3.7699999809265137,183416,0.0,0.0
2023-12-27 15:30:00-05:00,3.7699999809265137,3.7899999618530273,3.75,3.7850000858306885,218565,0.0,0.0
2023-12-28 09:30:00-05:00,3.75,3.859999895095825,3.75,3.8550000190734863,152316,0.0,0.0
2023-12-28 10:30:00-05:00,3.8550000190734863,3.859999895095825,3.799999952316284,3.8197999000549316,152488,0.0,0.0
2023-12-28 11:30:00-05:00,3.819999933242798,3.8499999046325684,3.809999942779541,3.8350000381469727,132187,0.0,0.0
2023-12-28 12:30:00-05:00,3.8350000381469727,3.9100000858306885,3.8350000381469727,3.880000114440918,155258,0.0,0.0
2023-12-28 13:30:00-05:00,3.880000114440918,3.9100000858306885,3.859999895095825,3.9000000953674316,149659,0.0,0.0
2023-12-28 14:30:00-05:00,3.9049999713897705,3.9149999618530273,3.884999990463257,3.9000000953674316,208906,0.0,0.0
2023-12-28 15:30:00-05:00,3.9000000953674316,3.9200000762939453,3.884999990463257,3.9000000953674316,358719,0.0,0.0
2023-12-29 09:30:00-05:00,3.880000114440918,3.9049999713897705,3.809999942779541,3.8499999046325684,180417,0.0,0.0
2023-12-29 10:30:00-05:00,3.8550000190734863,3.859999895095825,3.7699999809265137,3.7699999809265137,114802,0.0,0.0
2023-12-29 11:30:00-05:00,3.7750000953674316,3.799999952316284,3.7699999809265137,3.7799999713897705,88734,0.0,0.0
2023-12-29 12:30:00-05:00,3.7750000953674316,3.81850004196167,3.7750000953674316,3.7950000762939453,50459,0.0,0.0
2023-12-29 13:30:00-05:00,3.7950000762939453,3.799999952316284,3.7899999618530273,3.7899999618530273,33043,0.0,0.0
2023-12-29 14:30:00-05:00,3.7950000762939453,3.799999952316284,3.7699999809265137,3.7894999980926514,80182,0.0,0.0
2023-12-29 15:30:00-05:00,3.7850000858306885,3.7999000549316406,3.7699999809265137,3.7850000858306885,153866,0.0,0.0
2024-01-02 09:30:00-05:00,3.700000047683716,3.7300000190734863,3.6050000190734863,3.7049999237060547,270848,0.0,0.0
2024-01-02 10:30:00-05:00,3.700000047683716,3.7300000190734863,3.6500000953674316,3.7300000190734863,118421,0.0,0.0
2024-01-02 11:30:00-05:00,3.7300000190734863,3.799999952316284,3.7200000286102295,3.7750000953674316,117914,0.0,0.0
2024-01-02 12:30:00-05:00,3.7750000953674316,3.799999952316284,3.700000047683716,3.7149999141693115,127024,0.0,0.0
2024-01-02 13:30:00-05:00,3.7149999141693115,3.7300000190734863,3.630000114440918,3.6449999809265137,170045,0.0,0.0
2024-01-02 14:30:00-05:00,3.6449999809265137,3.6600000858306885,3.630000114440918,3.6600000858306885,219805,0.0,0.0
2024-01-02 15:30:00-05:00,3.6600000858306885,3.684999942779541,3.640000104904175,3.684999942779541,249913,0.0,0.0
2024-01-03 09:30:00-05:00,3.690000057220459,3.690000057220459,3.5100998878479004,3.625,421319,0.0,0.0
2024-01-03 10:30:00-05:00,3.625,3.640000104904175,3.5899999141693115,3.619999885559082,165777,0.0,0.0
2024-01-03 11:30:00-05:00,3.625,3.630000114440918,3.5899999141693115,3.615000009536743,193203,0.0,0.0
2024-01-03 12:30:00-05:00,3.615000009536743,3.640000104904175,3.609999895095825,3.625,128692,0.0,0.0
2024-01-03 13:30:00-05:00,3.625,3.630000114440918,3.5799999237060547,3.615000009536743,154196,0.0,0.0
2024-01-03 14:30:00-05:00,3.615000009536743,3.630000114440918,3.5399999618530273,3.559999942779541,398608,0.0,0.0
2024-01-03 15:30:00-05:00,3.565000057220459,3.5850000381469727,3.5399999618530273,3.5399999618530273,344582,0.0,0.0
2024-01-04 09:30:00-05:00,3.549999952316284,3.588900089263916,3.5299999713897705,3.5850000381469727,143854,0.0,0.0
2024-01-04 10:30:00-05:00,3.5899999141693115,3.634999990463257,3.5899999141693115,3.619999885559082,78021,0.0,0.0
2024-01-04 11:30:00-05:00,3.619999885559082,3.645699977874756,3.609999895095825,3.629499912261963,46038,0.0,0.0
2024-01-04 12:30:00-05:00,3.625,3.634999990463257,3.5999999046325684,3.6050000190734863,109149,0.0,0.0
2024-01-04 13:30:00-05:00,3.5999999046325684,3.619999885559082,3.5999999046325684,3.609999895095825,42955,0.0,0.0
2024-01-04 14:30:00-05:00,3.5999999046325684,3.6500000953674316,3.5999999046325684,3.619999885559082,123777,0.0,0.0
2024-01-04 15:30:00-05:00,3.615000009536743,3.630000114440918,3.5999999046325684,3.5999999046325684,152794,0.0,0.0
2024-01-05 09:30:00-05:00,3.559999942779541,3.6600000858306885,3.5399999618530273,3.6449999809265137,160947,0.0,0.0
2024-01-05 10:30:00-05:00,3.6449999809265137,3.6700000762939453,3.619999885559082,3.619999885559082,56369,0.0,0.0
2024-01-05 11:30:00-05:00,3.615000009536743,3.625,3.569999933242798,3.5899999141693115,79170,0.0,0.0
2024-01-05 12:30:00-05:00,3.5850000381469727,3.5899999141693115,3.569999933242798,3.5799999237060547,86466,0.0,0.0
2024-01-05 13:30:00-05:00,3.5799999237060547,3.609999895095825,3.5799999237060547,3.5999999046325684,62357,0.0,0.0
2024-01-05 14:30:00-05:00,3.609999895095825,3.609999895095825,3.559999942779541,3.5899999141693115,106894,0.0,0.0
2024-01-05 15:30:00-05:00,3.5850000381469727,3.5899999141693115,3.559999942779541,3.559999942779541,285040,0.0,0.0
2024-01-08 09:30:00-05:00,3.549999952316284,3.7049999237060547,3.5399999618530273,3.674999952316284,122558,0.0,0.0
2024-01-08 10:30:00-05:00,3.674999952316284,3.7100000381469727,3.671099901199341,3.680000066757202,55978,0.0,0.0
2024-01-08 11:30:00-05:00,3.680000066757202,3.7100000381469727,3.6700000762939453,3.6700000762939453,62824,0.0,0.0
2024-01-08 12:30:00-05:00,3.674999952316284,3.7049999237060547,3.674999952316284,3.694999933242798,89962,0.0,0.0
2024-01-08 13:30:00-05:00,3.690000057220459,3.7300000190734863,3.680000066757202,3.7200000286102295,68356,0.0,0.0
2024-01-08 14:30:00-05:00,3.7149999141693115,3.744999885559082,3.700000047683716,3.7149999141693115,133122,0.0,0.0
2024-01-08 15:30:00-05:00,3.7200000286102295,3.7750000953674316,3.7100000381469727,3.7200000286102295,329179,0.0,0.0
2024-01-09 09:30:00-05:00,3.640000104904175,3.6600000858306885,3.533099889755249,3.609999895095825,139425,0.0,0.0
2024-01-09 10:30:00-05:00,3.609999895095825,3.6600000858306885,3.5999999046325684,3.6050000190734863,135812,0.0,0.0
2024-01-09 11:30:00-05:00,3.5999999046325684,3.6298999786376953,3.5961999893188477,3.619999885559082,55674,0.0,0.0
2024-01-09 12:30:00-05:00,3.619999885559082,3.619999885559082,3.5850000381469727,3.586699962615967,118650,0.0,0.0
2024-01-09 13:30:00-05:00,3.5799999237060547,3.609999895095825,3.5799999237060547,3.5899999141693115,63984,0.0,0.0
2024-01-09 14:30:00-05:00,3.5899999141693115,3.5999999046325684,3.569999933242798,3.579900026321411,90718,0.0,0.0
2024-01-09 15:30:00-05:00,3.569999933242798,3.5799999237060547,3.5299999713897705,3.5399999618530273,131329,0.0,0.0
2024-01-10 09:30:00-05:00,3.5199999809265137,3.5799999237060547,3.509999990463257,3.575000047683716,174335,0.0,0.0
2024-01-10 10:30:00-05:00,3.569999933242798,3.5799999237060547,3.5299999713897705,3.5450000762939453,94305,0.0,0.0
2024-01-10 11:30:00-05:00,3.5399999618530273,3.565000057220459,3.5399999618530273,3.552500009536743,46695,0.0,0.0
2024-01-10 12:30:00-05:00,3.555000066757202,3.5850000381469727,3.549999952316284,3.575000047683716,67769,0.0,0.0
2024-01-10 13:30:00-05:00,3.575000047683716,3.5899999141693115,3.569999933242798,3.5850000381469727,69312,0.0,0.0
2024-01-10 14:30:00-05:00,3.5850000381469727,3.5850000381469727,3.5399999618530273,3.5399999618530273,180431,0.0,0.0
2024-01-10 15:30:00-05:00,3.5450000762939453,3.569999933242798,3.5299999713897705,3.565000057220459,270784,0.0,0.0
2024-01-11 09:30:00-05:00,3.549999952316284,3.5850000381469727,3.4600000381469727,3.4700000286102295,148978,0.0,0.0
2024-01-11 10:30:00-05:00,3.4700000286102295,3.484999895095825,3.450000047683716,3.4600000381469727,87314,0.0,0.0
2024-01-11 11:30:00-05:00,3.458699941635132,3.4749999046325684,3.4200000762939453,3.4600000381469727,124555,0.0,0.0
2024-01-11 12:30:00-05:00,3.4549999237060547,3.5299999713897705,3.450000047683716,3.5199999809265137,47227,0.0,0.0
2024-01-11 13:30:00-05:00,3.515000104904175,3.5299999713897705,3.5,3.5250000953674316,64399,0.0,0.0
2024-01-11 14:30:00-05:00,3.5250000953674316,3.559999942779541,3.5199999809265137,3.549999952316284,240976,0.0,0.0
2024-01-11 15:30:00-05:00,3.555000066757202,3.559999942779541,3.5299999713897705,3.549999952316284,137968,0.0,0.0
2024-01-12 09:30:00-05:00,3.609999895095825,3.640000104904175,3.565000057220459,3.565000057220459,97740,0.0,0.0
2024-01-12 10:30:00-05:00,3.569999933242798,3.5850000381469727,3.5350000858306885,3.555000066757202,69855,0.0,0.0
2024-01-12 11:30:00-05:00,3.555000066757202,3.559000015258789,3.5299999713897705,3.5350000858306885,47502,0.0,0.0
2024-01-12 12:30:00-05:00,3.5299999713897705,3.5399999618530273,3.5199999809265137,3.5250000953674316,52131,0.0,0.0
2024-01-12 13:30:00-05:00,3.5299999713897705,3.569999933242798,3.5299999713897705,3.555000066757202,46285,0.0,0.0
2024-01-12 14:30:00-05:00,3.555000066757202,3.559999942779541,3.5,3.505000114440918,94549,0.0,0.0
2024-01-12 15:30:00-05:00,3.505000114440918,3.5299999713897705,3.5,3.515000104904175,122996,0.0,0.0
2024-01-16 09:30:00-05:00,3.5,3.5,3.25,3.3266000747680664,454338,0.0,0.0
2024-01-16 10:30:00-05:00,3.325000047683716,3.3350000381469727,3.2799999713897705,3.299999952316284,151474,0.0,0.0
2024-01-16 11:30:00-05:00,3.299999952316284,3.3299999237060547,3.2950000762939453,3.305000066757202,122916,0.0,0.0
2024-01-16 12:30:00-05:00,3.299999952316284,3.3399999141693115,3.2799999713897705,3.3399999141693115,109627,0.0,0.0
2024-01-16 13:30:00-05:00,3.3399999141693115,3.369999885559082,3.3299999237060547,3.369999885559082,198999,0.0,0.0
2024-01-16 14:30:00-05:00,3.365000009536743,3.369999885559082,3.3399999141693115,3.3550000190734863,131965,0.0,0.0
2024-01-16 15:30:00-05:00,3.3510000705718994,3.359999895095825,3.3299999237060547,3.3550000190734863,146033,0.0,0.0
2024-01-17 09:30:00-05:00,3.2799999713897705,3.380000114440918,3.222399950027466,3.365000009536743,428131,0.0,0.0
2024-01-17 10:30:00-05:00,3.365000009536743,3.365000009536743,3.319999933242798,3.3399999141693115,212671,0.0,0.0
2024-01-17 11:30:00-05:00,3.3450000286102295,3.358799934387207,3.3299999237060547,3.3450000286102295,111424,0.0,0.0
2024-01-17 12:30:00-05:00,3.3450000286102295,3.3499999046325684,3.309999942779541,3.3450000286102295,175194,0.0,0.0
2024-01-17 13:30:00-05:00,3.3499999046325684,3.3499999046325684,3.3299999237060547,3.3350000381469727,156859,0.0,0.0
2024-01-17 14:30:00-05:00,3.3350000381469727,3.3399999141693115,3.299999952316284,3.299999952316284,253712,0.0,0.0
2024-01-17 15:30:00-05:00,3.305000066757202,3.380000114440918,3.2950000762939453,3.380000114440918,586588,0.0,0.0
2024-01-18 09:30:00-05:00,3.4100000858306885,3.4700000286102295,3.305000066757202,3.329900026321411,223641,0.0,0.0
2024-01-18 10:30:00-05:00,3.325000047683716,3.3575000762939453,3.309999942779541,3.325000047683716,151304,0.0,0.0
2024-01-18 11:30:00-05:00,3.325000047683716,3.3399999141693115,3.280100107192993,3.299999952316284,247223,0.0,0.0
2024-01-18 12:30:00-05:00,3.2950000762939453,3.309999942779541,3.2799999713897705,3.2899999618530273,90718,0.0,0.0
2024-01-18 13:30:00-05:00,3.2850000858306885,3.309999942779541,3.2850000858306885,3.305000066757202,125793,0.0,0.0
2024-01-18 14:30:00-05:00,3.309999942779541,3.3399999141693115,3.305000066757202,3.338900089263916,94280,0.0,0.0
2024-01-18 15:30:00-05:00,3.3399999141693115,3.359999895095825,3.3329999446868896,3.359999895095825,201690,0.0,0.0
2024-01-19 09:30:00-05:00,3.4000000953674316,3.4000000953674316,3.309999942779541,3.3450000286102295,182636,0.0,0.0
2024-01-19 10:30:00-05:00,3.3450000286102295,3.369999885559082,3.3299999237060547,3.3550000190734863,100268,0.0,0.0
2024-01-19 11:30:00-05:00,3.3550000190734863,3.3550000190734863,3.319999933242798,3.3450000286102295,110578,0.0,0.0
2024-01-19 12:30:00-05:00,3.3499999046325684,3.390000104904175,3.3299999237060547,3.390000104904175,87669,0.0,0.0
2024-01-19 13:30:00-05:00,3.390000104904175,3.4749999046325684,3.390000104904175,3.4549999237060547,196428,0.0,0.0
2024-01-19 14:30:00-05:00,3.4549999237060547,3.4600000381469727,3.430000066757202,3.450000047683716,217649,0.0,0.0
2024-01-19 15:30:00-05:00,3.450000047683716,3.4800000190734863,3.430000066757202,3.4800000190734863,462325,0.0,0.0
2024-01-22 09:30:00-05:00,3.509999990463257,3.634999990463257,3.509999990463257,3.6050000190734863,188020,0.0,0.0
2024-01-22 10:30:00-05:00,3.5999999046325684,3.6050000190734863,3.505000114440918,3.5144999027252197,60682,0.0,0.0
2024-01-22 11:30:00-05:00,3.5199999809265137,3.5199999809265137,3.4749999046325684,3.505000114440918,101516,0.0,0.0
2024-01-22 12:30:00-05:00,3.505000114440918,3.509999990463257,3.4700000286102295,3.4700000286102295,80454,0.0,0.0
2024-01-22 13:30:00-05:00,3.4700000286102295,3.5,3.4649999141693115,3.484999895095825,86178,0.0,0.0
2024-01-22 14:30:00-05:00,3.490000009536743,3.509999990463257,3.4800000190734863,3.505000114440918,198447,0.0,0.0
2024-01-22 15:30:00-05:00,3.505000114440918,3.559999942779541,3.5,3.555000066757202,432510,0.0,0.0
2024-01-23 09:30:00-05:00,3.609999895095825,3.640000104904175,3.555000066757202,3.6050000190734863,138431,0.0,0.0
2024-01-23 10:30:00-05:00,3.6050000190734863,3.6050000190734863,3.5199999809265137,3.538300037384033,124191,0.0,0.0
2024-01-23 11:30:00-05:00,3.5350000858306885,3.555000066757202,3.5244998931884766,3.5450000762939453,154203,0.0,0.0
2024-01-23 12:30:00-05:00,3.5399999618530273,3.559999942779541,3.5250000953674316,3.5350000858306885,90056,0.0,0.0
2024-01-23 13:30:00-05:00,3.5299999713897705,3.549999952316284,3.5199999809265137,3.5350000858306885,176424,0.0,0.0
2024-01-23 14:30:00-05:00,3.5350000858306885,3.559999942779541,3.5250000953674316,3.5450000762939453,284554,0.0,0.0
2024-01-23 15:30:00-05:00,3.549999952316284,3.549999952316284,3.5299999713897705,3.5299999713897705,123622,0.0,0.0
2024-01-24 09:30:00-05:00,3.5899999141693115,3.700000047683716,3.5450000762939453,3.569999933242798,262352,0.0,0.0
2024-01-24 10:30:00-05:00,3.5699000358581543,3.625,3.559999942779541,3.5950000286102295,262996,0.0,0.0
2024-01-24 11:30:00-05:00,3.5950000286102295,3.5999999046325684,3.575000047683716,3.599900007247925,177156,0.0,0.0
2024-01-24 12:30:00-05:00,3.5999999046325684,3.619999885559082,3.549999952316284,3.559999942779541,95774,0.0,0.0
2024-01-24 13:30:00-05:00,3.559999942779541,3.559999942779541,3.5250000953674316,3.5399999618530273,110415,0.0,0.0
2024-01-24 14:30:00-05:00,3.5399999618530273,3.549999952316284,3.5,3.5,124077,0.0,0.0
2024-01-24 15:30:00-05:00,3.5,3.5174999237060547,3.490000009536743,3.490000009536743,103396,0.0,0.0
2024-01-25 09:30:00-05:00,3.4800000190734863,3.5899999141693115,3.4800000190734863,3.515000104904175,92603,0.0,0.0
2024-01-25 10:30:00-05:00,3.5199999809265137,3.5399999618530273,3.5,3.5399999618530273,108231,0.0,0.0
2024-01-25 11:30:00-05:00,3.5399999618530273,3.5999999046325684,3.5399999618530273,3.575000047683716,157503,0.0,0.0
2024-01-25 12:30:00-05:00,3.575000047683716,3.575000047683716,3.5399999618530273,3.555000066757202,258906,0.0,0.0
2024-01-25 13:30:00-05:00,3.555000066757202,3.567500114440918,3.5299999713897705,3.5399999618530273,138015,0.0,0.0
2024-01-25 14:30:00-05:00,3.5399999618530273,3.549999952316284,3.5199999809265137,3.5350000858306885,255878,0.0,0.0
2024-01-25 15:30:00-05:00,3.5399999618530273,3.559999942779541,3.5299999713897705,3.5450000762939453,213184,0.0,0.0
2024-01-26 09:30:00-05:00,3.559999942779541,3.5999999046325684,3.559999942779541,3.5790998935699463,43402,0.0,0.0
2024-01-26 10:30:00-05:00,3.575000047683716,3.5999999046325684,3.559999942779541,3.567500114440918,47786,0.0,0.0
2024-01-26 11:30:00-05:00,3.559999942779541,3.619999885559082,3.549999952316284,3.5899999141693115,114597,0.0,0.0
2024-01-26 12:30:00-05:00,3.5899999141693115,3.5899999141693115,3.555000066757202,3.575000047683716,72006,0.0,0.0
2024-01-26 13:30:00-05:00,3.5799999237060547,3.6050000190734863,3.569999933242798,3.5999999046325684,76839,0.0,0.0
2024-01-26 14:30:00-05:00,3.5999999046325684,3.625,3.5899999141693115,3.6050000190734863,168776,0.0,0.0
2024-01-26 15:30:00-05:00,3.6050000190734863,3.640000104904175,3.6045000553131104,3.630000114440918,165915,0.0,0.0
2024-01-29 09:30:00-05:00,3.619999885559082,3.7100000381469727,3.615000009536743,3.6700000762939453,147280,0.0,0.0
2024-01-29 10:30:00-05:00,3.674999952316284,3.690000057220459,3.6649999618530273,3.684999942779541,133605,0.0,0.0
2024-01-29 11:30:00-05:00,3.684999942779541,3.690000057220459,3.640000104904175,3.6700000762939453,328299,0.0,0.0
2024-01-29 12:30:00-05:00,3.6649999618530273,3.6700000762939453,3.634999990463257,3.6600000858306885,112586,0.0,0.0
2024-01-29 13:30:00-05:00,3.6549999713897705,3.700000047683716,3.6549999713897705,3.700000047683716,119656,0.0,0.0
2024-01-29 14:30:00-05:00,3.694999933242798,3.759999990463257,3.690000057220459,3.734999895095825,310950,0.0,0.0
2024-01-29 15:30:00-05:00,3.734999895095825,3.75,3.7200000286102295,3.740000009536743,423521,0.0,0.0
2024-01-30 09:30:00-05:00,3.680000066757202,3.690000057220459,3.615000009536743,3.6298000812530518,151448,0.0,0.0
2024-01-30 10:30:00-05:00,3.625,3.6489999294281006,3.6191000938415527,3.639899969100952,90203,0.0,0.0
2024-01-30 11:30:00-05:00,3.639899969100952,3.6600000858306885,3.630000114440918,3.630000114440918,71601,0.0,0.0
2024-01-30 12:30:00-05:00,3.630000114440918,3.634999990463257,3.5799999237060547,3.5950000286102295,67520,0.0,0.0
2024-01-30 13:30:00-05:00,3.5899999141693115,3.5999999046325684,3.569999933242798,3.5850000381469727,79098,0.0,0.0
2024-01-30 14:30:00-05:00,3.5850000381469727,3.5999999046325684,3.569999933242798,3.575000047683716,121325,0.0,0.0
2024-01-30 15:30:00-05:00,3.575000047683716,3.5850000381469727,3.549999952316284,3.549999952316284,150865,0.0,0.0
2024-01-31 09:30:00-05:00,3.549999952316284,3.55679988861084,3.4200000762939453,3.4600000381469727,225030,0.0,0.0
2024-01-31 10:30:00-05:00,3.4600000381469727,3.4700000286102295,3.4200000762939453,3.424999952316284,124903,0.0,0.0
2024-01-31 11:30:00-05:00,3.4200000762939453,3.450000047683716,3.4100000858306885,3.4149999618530273,145964,0.0,0.0
2024-01-31 12:30:00-05:00,3.4149999618530273,3.4200000762939453,3.390000104904175,3.4149999618530273,146438,0.0,0.0
2024-01-31 13:30:00-05:00,3.4149999618530273,3.4200000762939453,3.3399999141693115,3.3550000190734863,147907,0.0,0.0
2024-01-31 14:30:00-05:00,3.3550000190734863,3.484999895095825,3.3499999046325684,3.380000114440918,379325,0.0,0.0
2024-01-31 15:30:00-05:00,3.380000114440918,3.380000114440918,3.3299999237060547,3.359999895095825,413741,0.0,0.0
2024-02-01 09:30:00-05:00,3.299999952316284,3.359999895095825,2.825000047683716,2.8949999809265137,986459,0.0,0.0
2024-02-01 10:30:00-05:00,2.8808000087738037,2.9149999618530273,2.825000047683716,2.9000000953674316,584658,0.0,0.0
2024-02-01 11:30:00-05:00,2.9100000858306885,2.9200000762939453,2.8550000190734863,2.859999895095825,457414,0.0,0.0
2024-02-01 12:30:00-05:00,2.865000009536743,2.9800000190734863,2.8499999046325684,2.9600000381469727,519268,0.0,0.0
2024-02-01 13:30:00-05:00,2.9549999237060547,3.0199999809265137,2.9500999450683594,3.005000114440918,411620,0.0,0.0
2024-02-01 14:30:00-05:00,3.0,3.059999942779541,2.9700000286102295,3.0199999809265137,472003,0.0,0.0
2024-02-01 15:30:00-05:00,3.0199999809265137,3.0399999618530273,2.9700000286102295,2.9749999046325684,911641,0.0,0.0
2024-02-02 09:30:00-05:00,2.9100000858306885,2.990000009536743,2.869999885559082,2.934999942779541,272641,0.0,0.0
2024-02-02 10:30:00-05:00,2.931999921798706,2.9600000381469727,2.9049999713897705,2.9549999237060547,92091,0.0,0.0
2024-02-02 11:30:00-05:00,2.9600000381469727,2.9800000190734863,2.930000066757202,2.9749999046325684,105549,0.0,0.0
2024-02-02 12:30:00-05:00,2.9800000190734863,3.0399999618530273,2.9700000286102295,3.015000104904175,290156,0.0,0.0
2024-02-02 13:30:00-05:00,3.015000104904175,3.059999942779541,2.984999895095825,3.0399999618530273,159441,0.0,0.0
2024-02-02 14:30:00-05:00,3.0399999618530273,3.055000066757202,3.0,3.049999952316284,198637,0.0,0.0
2024-02-02 15:30:00-05:00,3.0450000762939453,3.059999942779541,2.990000009536743,2.994999885559082,205483,0.0,0.0
2024-02-05 09:30:00-05:00,2.9200000762939453,2.944999933242798,2.819999933242798,2.825000047683716,233757,0.0,0.0
2024-02-05 10:30:00-05:00,2.8299999237060547,2.8299999237060547,2.7799999713897705,2.7850000858306885,278606,0.0,0.0
2024-02-05 11:30:00-05:00,2.7850000858306885,2.7899999618530273,2.740000009536743,2.7699999809265137,213447,0.0,0.0
2024-02-05 12:30:00-05:00,2.76990008354187,2.7799999713897705,2.740000009536743,2.755000114440918,190025,0.0,0.0
2024-02-05 13:30:00-05:00,2.75,2.759999990463257,2.710099935531616,2.7300000190734863,260118,0.0,0.0
2024-02-05 14:30:00-05:00,2.73009991645813,2.73009991645813,2.700000047683716,2.7100000381469727,279546,0.0,0.0
2024-02-05 15:30:00-05:00,2.7200000286102295,2.7200000286102295,2.690000057220459,2.7100000381469727,431763,0.0,0.0
2024-02-06 09:30:00-05:00,2.700000047683716,2.819999933242798,2.690000057220459,2.7950000762939453,158981,0.0,0.0
2024-02-06 10:30:00-05:00,2.7950000762939453,2.8350000381469727,2.7799999713897705,2.815000057220459,91577,0.0,0.0
2024-02-06 11:30:00-05:00,2.815000057220459,2.859999895095825,2.809999942779541,2.8550000190734863,473730,0.0,0.0
2024-02-06 12:30:00-05:00,2.859999895095825,2.875,2.8299999237060547,2.8450000286102295,87696,0.0,0.0
2024-02-06 13:30:00-05:00,2.8450000286102295,2.859999895095825,2.805000066757202,2.815000057220459,83353,0.0,0.0
2024-02-06 14:30:00-05:00,2.815000057220459,2.8299999237060547,2.7899999618530273,2.809999942779541,90469,0.0,0.0
2024-02-06 15:30:00-05:00,2.815000057220459,2.8499999046325684,2.799999952316284,2.8499999046325684,293507,0.0,0.0
2024-02-07 09:30:00-05:00,2.8299999237060547,2.865000009536743,2.7799999713897705,2.799999952316284,151887,0.0,0.0
2024-02-07 10:30:00-05:00,2.799999952316284,2.799999952316284,2.7300000190734863,2.75,239920,0.0,0.0
2024-02-07 11:30:00-05:00,2.755000114440918,2.759999990463257,2.7300000190734863,2.75,86360,0.0,0.0
2024-02-07 12:30:00-05:00,2.75,2.809999942779541,2.7249999046325684,2.809999942779541,198580,0.0,0.0
2024-02-07 13:30:00-05:00,2.809999942779541,2.819999933242798,2.7799999713897705,2.799999952316284,148912,0.0,0.0
2024-02-07 14:30:00-05:00,2.799999952316284,2.799999952316284,2.759999990463257,2.765000104904175,264601,0.0,0.0
2024-02-07 15:30:00-05:00,2.7699999809265137,2.7899999618530273,2.759999990463257,2.7750000953674316,513292,0.0,0.0
2024-02-08 09:30:00-05:00,2.740000009536743,2.869999885559082,2.740000009536743,2.865000009536743,135066,0.0,0.0
2024-02-08 10:30:00-05:00,2.865000009536743,2.880000114440918,2.819999933242798,2.825000047683716,141877,0.0,0.0
2024-02-08 11:30:00-05:00,2.825000047683716,2.8399999141693115,2.7950000762939453,2.7950000762939453,106019,0.0,0.0
2024-02-08 12:30:00-05:00,2.7950000762939453,2.799999952316284,2.7699999809265137,2.7899999618530273,79116,0.0,0.0
2024-02-08 13:30:00-05:00,2.7899999618530273,2.805000066757202,2.759999990463257,2.765000104904175,116694,0.0,0.0
2024-02-08 14:30:00-05:00,2.765000104904175,2.7899999618530273,2.740000009536743,2.774899959564209,186091,0.0,0.0
2024-02-08 15:30:00-05:00,2.7699999809265137,2.7899999618530273,2.7699999809265137,2.7899999618530273,421994,0.0,0.0
2024-02-09 09:30:00-05:00,2.799999952316284,2.9100000858306885,2.799999952316284,2.825000047683716,188479,0.0,0.0
2024-02-09 10:30:00-05:00,2.825000047683716,2.859999895095825,2.809999942779541,2.819999933242798,101967,0.0,0.0
2024-02-09 11:30:00-05:00,2.819999933242798,2.8450000286102295,2.809999942779541,2.8450000286102295,99652,0.0,0.0
2024-02-09 12:30:00-05:00,2.8450000286102295,2.884999990463257,2.825000047683716,2.875,119350,0.0,0.0
2024-02-09 13:30:00-05:00,2.880000114440918,2.890000104904175,2.869999885559082,2.880000114440918,71537,0.0,0.0
2024-02-09 14:30:00-05:00,2.880000114440918,2.880000114440918,2.8299999237060547,2.859999895095825,162127,0.0,0.0
2024-02-09 15:30:00-05:00,2.8550000190734863,2.869999885559082,2.8399999141693115,2.8399999141693115,257586,0.0,0.0
2024-02-12 09:30:00-05:00,2.7799999713897705,2.8299999237060547,2.7249999046325684,2.744999885559082,686197,0.0,0.0
2024-02-12 10:30:00-05:00,2.744999885559082,2.819999933242798,2.740000009536743,2.815000057220459,247424,0.0,0.0
2024-02-12 11:30:00-05:00,2.815000057220459,2.819999933242798,2.740000009536743,2.744999885559082,126315,0.0,0.0
2024-02-12 12:30:00-05:00,2.744999885559082,2.7850000858306885,2.734999895095825,2.755000114440918,171876,0.0,0.0
2024-02-12 13:30:00-05:00,2.755000114440918,2.7699999809265137,2.7300000190734863,2.75,135025,0.0,0.0
2024-02-12 14:30:00-05:00,2.759999990463257,2.7899999618530273,2.740000009536743,2.7699999809265137,189798,0.0,0.0
2024-02-12 15:30:00-05:00,2.7750000953674316,2.7899999618530273,2.7699999809265137,2.7799999713897705,315540,0.0,0.0
2024-02-13 09:30:00-05:00,2.6700000762939453,2.765000104904175,2.6600000858306885,2.6600000858306885,542128,0.0,0.0
2024-02-13 10:30:00-05:00,2.6700000762939453,2.680000066757202,2.630000114440918,2.6549999713897705,309344,0.0,0.0
2024-02-13 11:30:00-05:00,2.6600000858306885,2.680000066757202,2.630000114440918,2.634999990463257,197063,0.0,0.0
2024-02-13 12:30:00-05:00,2.634999990463257,2.6600000858306885,2.6050000190734863,2.630000114440918,669220,0.0,0.0
2024-02-13 13:30:00-05:00,2.630000114440918,2.6600000858306885,2.619999885559082,2.640000104904175,388440,0.0,0.0
2024-02-13 14:30:00-05:00,2.640000104904175,2.6449999809265137,2.5899999141693115,2.5950000286102295,350556,0.0,0.0
2024-02-13 15:30:00-05:00,2.5950000286102295,2.630000114440918,2.5950000286102295,2.619999885559082,413557,0.0,0.0
2024-02-14 09:30:00-05:00,2.640000104904175,2.700000047683716,2.5999999046325684,2.6549999713897705,246847,0.0,0.0
2024-02-14 10:30:00-05:00,2.6549999713897705,2.690000057220459,2.6549999713897705,2.690000057220459,222857,0.0,0.0
2024-02-14 11:30:00-05:00,2.684999942779541,2.7049999237060547,2.6700000762939453,2.7049999237060547,163840,0.0,0.0
2024-02-14 12:30:00-05:00,2.7100000381469727,2.7100000381469727,2.690000057220459,2.700000047683716,180701,0.0,0.0
2024-02-14 13:30:00-05:00,2.699700117111206,2.7200000286102295,2.680000066757202,2.7049999237060547,162554,0.0,0.0
2024-02-14 14:30:00-05:00,2.7100000381469727,2.740000009536743,2.700000047683716,2.7119998931884766,233335,0.0,0.0
2024-02-14 15:30:00-05:00,2.7149999141693115,2.734999895095825,2.700000047683716,2.7200000286102295,321276,0.0,0.0
2024-02-15 09:30:00-05:00,2.75,2.8399999141693115,2.75,2.825000047683716,273430,0.0,0.0
2024-02-15 10:30:00-05:00,2.825000047683716,2.8299999237060547,2.765000104904175,2.809999942779541,220161,0.0,0.0
2024-02-15 11:30:00-05:00,2.805000066757202,2.8450000286102295,2.799999952316284,2.8399999141693115,142857,0.0,0.0
2024-02-15 12:30:00-05:00,2.8350000381469727,2.8499999046325684,2.805000066757202,2.8499999046325684,194284,0.0,0.0
2024-02-15 13:30:00-05:00,2.8499999046325684,2.869999885559082,2.8399999141693115,2.869999885559082,202980,0.0,0.0
2024-02-15 14:30:00-05:00,2.869999885559082,2.880000114440918,2.8438000679016113,2.865000009536743,285772,0.0,0.0
2024-02-15 15:30:00-05:00,2.865000009536743,2.890000104904175,2.8550000190734863,2.869999885559082,441192,0.0,0.0
2024-02-16 09:30:00-05:00,2.809999942779541,2.8450000286102295,2.6700000762939453,2.694999933242798,362558,0.0,0.0
2024-02-16 10:30:00-05:00,2.700000047683716,2.75,2.684999942779541,2.7249999046325684,337347,0.0,0.0
2024-02-16 11:30:00-05:00,2.7249999046325684,2.7300000190734863,2.6700000762939453,2.690000057220459,204841,0.0,0.0
2024-02-16 12:30:00-05:00,2.684999942779541,2.690000057220459,2.630000114440918,2.6500000953674316,194081,0.0,0.0
2024-02-16 13:30:00-05:00,2.6500000953674316,2.6600000858306885,2.625,2.634999990463257,179149,0.0,0.0
2024-02-16 14:30:00-05:00,2.634999990463257,2.634999990463257,2.5999999046325684,2.619999885559082,278072,0.0,0.0
2024-02-16 15:30:00-05:00,2.615000009536743,2.619999885559082,2.5999999046325684,2.619999885559082,386719,0.0,0.0
2024-02-20 09:30:00-05:00,2.5899999141693115,2.6700000762939453,2.5799999237060547,2.5899999141693115,296465,0.0,0.0
2024-02-20 10:30:00-05:00,2.5975000858306885,2.5999999046325684,2.569999933242798,2.5799999237060547,150729,0.0,0.0
2024-02-20 11:30:00-05:00,2.5799999237060547,2.589200019836426,2.559999942779541,2.575000047683716,146215,0.0,0.0
2024-02-20 12:30:00-05:00,2.575000047683716,2.5950000286102295,2.559999942779541,2.565000057220459,139435,0.0,0.0
2024-02-20 13:30:00-05:00,2.565000057220459,2.5799999237060547,2.5399999618530273,2.5450000762939453,161952,0.0,0.0
2024-02-20 14:30:00-05:00,2.5450000762939453,2.559999942779541,2.5350000858306885,2.555000066757202,116794,0.0,0.0
2024-02-20 15:30:00-05:00,2.555000066757202,2.5799999237060547,2.5399999618530273,2.569999933242798,332922,0.0,0.0
2024-02-21 09:30:00-05:00,2.609999895095825,2.609999895095825,2.5199999809265137,2.5350000858306885,146882,0.0,0.0
2024-02-21 10:30:00-05:00,2.5299999713897705,2.569999933242798,2.5250000953674316,2.5450000762939453,194934,0.0,0.0
2024-02-21 11:30:00-05:00,2.5450000762939453,2.555000066757202,2.5199999809265137,2.5250000953674316,151257,0.0,0.0
2024-02-21 12:30:00-05:00,2.5299999713897705,2.5299999713897705,2.509999990463257,2.5250000953674316,180311,0.0,0.0
2024-02-21 13:30:00-05:00,2.5250000953674316,2.5299999713897705,2.5,2.505000114440918,174301,0.0,0.0
2024-02-21 14:30:00-05:00,2.5090999603271484,2.509999990463257,2.490000009536743,2.5,206349,0.0,0.0
2024-02-21 15:30:00-05:00,2.5,2.5399999618530273,2.492500066757202,2.5350000858306885,354226,0.0,0.0
2024-02-22 09:30:00-05:00,2.549999952316284,2.5999999046325684,2.4800000190734863,2.494999885559082,256760,0.0,0.0
2024-02-22 10:30:00-05:00,2.494999885559082,2.5299999713897705,2.484999895095825,2.5250000953674316,260840,0.0,0.0
2024-02-22 11:30:00-05:00,2.5299999713897705,2.5399999618530273,2.5,2.505000114440918,114767,0.0,0.0
2024-02-22 12:30:00-05:00,2.505000114440918,2.505000114440918,2.4749999046325684,2.484999895095825,114171,0.0,0.0
2024-02-22 13:30:00-05:00,2.484999895095825,2.505000114440918,2.4800000190734863,2.494999885559082,136647,0.0,0.0
2024-02-22 14:30:00-05:00,2.494999885559082,2.494999885559082,2.4600000381469727,2.4700000286102295,143035,0.0,0.0
2024-02-22 15:30:00-05:00,2.4700000286102295,2.4800000190734863,2.440000057220459,2.440000057220459,325749,0.0,0.0
2024-02-23 09:30:00-05:00,2.4600000381469727,2.4749999046325684,2.380000114440918,2.3949999809265137,267640,0.0,0.0
2024-02-23 10:30:00-05:00,2.3949999809265137,2.424999952316284,2.390000104904175,2.4200000762939453,173267,0.0,0.0
2024-02-23 11:30:00-05:00,2.4200000762939453,2.450000047683716,2.4049999713897705,2.424999952316284,284148,0.0,0.0
2024-02-23 12:30:00-05:00,2.4200000762939453,2.4749999046325684,2.4200000762939453,2.4649999141693115,143236,0.0,0.0
2024-02-23 13:30:00-05:00,2.4649999141693115,2.4790000915527344,2.450000047683716,2.4600000381469727,119704,0.0,0.0
2024-02-23 14:30:00-05:00,2.4549999237060547,2.4700000286102295,2.4200000762939453,2.424999952316284,148809,0.0,0.0
2024-02-23 15:30:00-05:00,2.424999952316284,2.450000047683716,2.4200000762939453,2.434999942779541,196672,0.0,0.0
2024-02-26 09:30:00-05:00,2.490000009536743,2.690000057220459,2.450000047683716,2.690000057220459,334085,0.0,0.0
2024-02-26 10:30:00-05:00,2.690000057220459,2.75,2.680000066757202,2.7200000286102295,226615,0.0,0.0
2024-02-26 11:30:00-05:00,2.7200000286102295,2.7799999713897705,2.7049999237060547,2.734999895095825,301600,0.0,0.0
2024-02-26 12:30:00-05:00,2.734999895095825,2.75,2.7300000190734863,2.734999895095825,263201,0.0,0.0
2024-02-26 13:30:00-05:00,2.734999895095825,2.809999942779541,2.7300000190734863,2.7799999713897705,342977,0.0,0.0
2024-02-26 14:30:00-05:00,2.7850000858306885,2.7899999618530273,2.755000114440918,2.765000104904175,179394,0.0,0.0
2024-02-26 15:30:00-05:00,2.765000104904175,2.7799999713897705,2.7300000190734863,2.757499933242798,486902,0.0,0.0
2024-02-27 09:30:00-05:00,2.759999990463257,2.7899999618530273,2.7300000190734863,2.755000114440918,99578,0.0,0.0
2024-02-27 10:30:00-05:00,2.75,2.7899999618530273,2.744999885559082,2.7750000953674316,170417,0.0,0.0
2024-02-27 11:30:00-05:00,2.7750000953674316,2.799999952316284,2.740000009536743,2.744999885559082,110231,0.0,0.0
2024-02-27 12:30:00-05:00,2.744999885559082,2.759999990463257,2.7100000381469727,2.7100000381469727,144717,0.0,0.0
2024-02-27 13:30:00-05:00,2.7149999141693115,2.75,2.690000057220459,2.740000009536743,188675,0.0,0.0
2024-02-27 14:30:00-05:00,2.734999895095825,2.740000009536743,2.7100000381469727,2.7249999046325684,265584,0.0,0.0
2024-02-27 15:30:00-05:00,2.7249999046325684,2.7300000190734863,2.7100000381469727,2.7100000381469727,348959,0.0,0.0
2024-02-28 09:30:00-05:00,2.700000047683716,2.7249999046325684,2.6600000858306885,2.7200000286102295,142460,0.0,0.0
2024-02-28 10:30:00-05:00,2.7100000381469727,2.7249999046325684,2.694999933242798,2.7100000381469727,78535,0.0,0.0
2024-02-28 11:30:00-05:00,2.7100000381469727,2.7249999046325684,2.700000047683716,2.7149999141693115,61630,0.0,0.0
2024-02-28 12:30:00-05:00,2.7100000381469727,2.7200000286102295,2.700000047683716,2.7200000286102295,75541,0.0,0.0
2024-02-28 13:30:00-05:00,2.7200000286102295,2.744999885559082,2.7100000381469727,2.740000009536743,117445,0.0,0.0
2024-02-28 14:30:00-05:00,2.734999895095825,2.740000009536743,2.700000047683716,2.700000047683716,97890,0.0,0.0
2024-02-28 15:30:00-05:00,2.7049999237060547,2.7100000381469727,2.690000057220459,2.7049999237060547,178953,0.0,0.0
2024-02-29 09:30:00-05:00,2.799999952316284,2.859999895095825,2.7790000438690186,2.859999895095825,133200,0.0,0.0
2024-02-29 10:30:00-05:00,2.859999895095825,2.880000114440918,2.8450000286102295,2.869999885559082,151612,0.0,0.0
2024-02-29 11:30:00-05:00,2.869999885559082,2.869999885559082,2.809999942779541,2.825000047683716,302835,0.0,0.0
2024-02-29 12:30:00-05:00,2.819999933242798,2.8499999046325684,2.819999933242798,2.8450000286102295,115401,0.0,0.0
2024-02-29 13:30:00-05:00,2.8499999046325684,2.8499999046325684,2.819999933242798,2.8299999237060547,117187,0.0,0.0
2024-02-29 14:30:00-05:00,2.8299999237060547,2.8399999141693115,2.7899999618530273,2.825000047683716,474800,0.0,0.0
2024-02-29 15:30:00-05:00,2.819999933242798,2.8399999141693115,2.799999952316284,2.825000047683716,561832,0.0,0.0
2024-03-01 09:30:00-05:00,2.819999933242798,2.8350000381469727,2.798799991607666,2.8350000381469727,68308,0.0,0.0
2024-03-01 10:30:00-05:00,2.8350000381469727,2.859999895095825,2.8299999237060547,2.8399999141693115,144487,0.0,0.0
2024-03-01 11:30:00-05:00,2.8338000774383545,2.8499999046325684,2.8299999237060547,2.8450000286102295,76079,0.0,0.0
2024-03-01 12:30:00-05:00,2.8499999046325684,2.8499999046325684,2.8399999141693115,2.8450000286102295,46690,0.0,0.0
2024-03-01 13:30:00-05:00,2.8450000286102295,2.859999895095825,2.8399999141693115,2.859999895095825,65477,0.0,0.0
2024-03-01 14:30:00-05:00,2.8550000190734863,2.869999885559082,2.8299999237060547,2.8350000381469727,150743,0.0,0.0
2024-03-01 15:30:00-05:00,2.8350000381469727,2.8399999141693115,2.799999952316284,2.809999942779541,285203,0.0,0.0
2024-03-04 09:30:00-05:00,2.819999933242798,2.819999933242798,2.674999952316284,2.694999933242798,193734,0.0,0.0
2024-03-04 10:30:00-05:00,2.700000047683716,2.700000047683716,2.680000066757202,2.690000057220459,0,0.0,0.0
2024-03-04 11:30:00-05:00,2.690000057220459,2.7149999141693115,2.682499885559082,2.690000057220459,77319,0.0,0.0
2024-03-04 12:30:00-05:00,2.690000057220459,2.694999933242798,2.619999885559082,2.6600000858306885,181580,0.0,0.0
2024-03-04 13:30:00-05:00,2.6600000858306885,2.690000057220459,2.6549999713897705,2.684999942779541,89011,0.0,0.0
2024-03-04 14:30:00-05:00,2.684999942779541,2.75,2.680000066757202,2.7249999046325684,123671,0.0,0.0
2024-03-04 15:30:00-05:00,2.7200000286102295,2.7200000286102295,2.690000057220459,2.690000057220459,680613,0.0,0.0
2024-03-05 09:30:00-05:00,2.6649999618530273,2.699899911880493,2.640000104904175,2.694999933242798,222722,0.0,0.0
2024-03-05 10:30:00-05:00,2.694999933242798,2.7300000190734863,2.690000057220459,2.694999933242798,126274,0.0,0.0
2024-03-05 11:30:00-05:00,2.7200000286102295,2.7300000190734863,2.7100000381469727,2.7200000286102295,0,0.0,0.0
2024-03-05 12:30:00-05:00,2.7300000190734863,2.7699999809265137,2.7200000286102295,2.765000104904175,79218,0.0,0.0
2024-03-05 13:30:00-05:00,2.7699999809265137,2.7699999809265137,2.680000066757202,2.700000047683716,188157,0.0,0.0
2024-03-05 14:30:00-05:00,2.694999933242798,2.7100000381469727,2.6730000972747803,2.680000066757202,188723,0.0,0.0
2024-03-05 15:30:00-05:00,2.680000066757202,2.700000047683716,2.6700000762939453,2.674999952316284,688435,0.0,0.0
2024-03-06 09:30:00-05:00,2.7200000286102295,2.799999952316284,2.684999942779541,2.7899999618530273,248587,0.0,0.0
2024-03-06 10:30:00-05:00,2.7850000858306885,2.799999952316284,2.7799999713897705,2.7899999618530273,0,0.0,0.0
2024-03-06 11:30:00-05:00,2.799999952316284,2.819999933242798,2.7799999713897705,2.809999942779541,92608,0.0,0.0
2024-03-06 12:30:00-05:00,2.819999933242798,2.819999933242798,2.7799999713897705,2.7899999618530273,29379,0.0,0.0
2024-03-06 13:30:00-05:00,2.7899999618530273,2.7899999618530273,2.740000009536743,2.7511000633239746,69846,0.0,0.0
2024-03-06 14:30:00-05:00,2.75,2.7699999809265137,2.75,2.755000114440918,70317,0.0,0.0
2024-03-06 15:30:00-05:00,2.755000114440918,2.759999990463257,2.7300000190734863,2.759999990463257,451635,0.0,0.0
2024-03-07 09:30:00-05:00,2.799999952316284,2.809999942779541,2.759999990463257,2.799999952316284,99174,0.0,0.0
2024-03-07 10:30:00-05:00,2.809999942779541,2.859999895095825,2.799999952316284,2.8550000190734863,90838,0.0,0.0
2024-03-07 11:30:00-05:00,2.8550000190734863,2.869999885559082,2.809999942779541,2.825000047683716,93635,0.0,0.0
2024-03-07 12:30:00-05:00,2.8299999237060547,2.8499999046325684,2.819999933242798,2.8499999046325684,34059,0.0,0.0
2024-03-07 13:30:00-05:00,2.8499999046325684,2.8499999046325684,2.8299999237060547,2.8350000381469727,46846,0.0,0.0
2024-03-07 14:30:00-05:00,2.8399999141693115,2.859999895095825,2.8299999237060547,2.8499999046325684,57810,0.0,0.0
2024-03-07 15:30:00-05:00,2.8550000190734863,2.859999895095825,2.8350000381469727,2.8450000286102295,109269,0.0,0.0
2024-03-08 09:30:00-05:00,2.869999885559082,2.9749999046325684,2.8550000190734863,2.9700000286102295,160988,0.0,0.0
2024-03-08 10:30:00-05:00,2.9649999141693115,2.9800000190734863,2.9312000274658203,2.934999942779541,80530,0.0,0.0
2024-03-08 11:30:00-05:00,2.930000066757202,2.9700000286102295,2.9149999618530273,2.9649999141693115,106586,0.0,0.0
2024-03-08 12:30:00-05:00,2.9649999141693115,2.9700000286102295,2.890000104904175,2.8949999809265137,79584,0.0,0.0
2024-03-08 13:30:00-05:00,2.8949999809265137,2.950000047683716,2.880000114440918,2.940000057220459,187668,0.0,0.0
2024-03-08 14:30:00-05:00,2.940000057220459,2.9700000286102295,2.940000057220459,2.9649999141693115,168837,0.0,0.0
2024-03-08 15:30:00-05:00,2.9700000286102295,2.990000009536743,2.9600000381469727,2.9700000286102295,211523,0.0,0.0
2024-03-11 09:30:00-04:00,2.930000066757202,3.109999895095825,2.930000066757202,3.0999999046325684,231573,0.0,0.0
2024-03-11 10:30:00-04:00,3.0999999046325684,3.119999885559082,3.0899999141693115,3.0999999046325684,379528,0.0,0.0
2024-03-11 11:30:00-04:00,3.0999999046325684,3.1449999809265137,3.0899999141693115,3.115000009536743,497106,0.0,0.0
2024-03-11 12:30:00-04:00,3.115000009536743,3.140000104904175,3.0950000286102295,3.140000104904175,144796,0.0,0.0
2024-03-11 13:30:00-04:00,3.140000104904175,3.190000057220459,3.130000114440918,3.184999942779541,113853,0.0,0.0
2024-03-11 14:30:00-04:00,3.184999942779541,3.190000057220459,3.1500000953674316,3.1649999618530273,169256,0.0,0.0
2024-03-11 15:30:00-04:00,3.1649999618530273,3.1700000762939453,3.1500000953674316,3.1600000858306885,162803,0.0,0.0
2024-03-12 09:30:00-04:00,3.1700000762939453,3.190000057220459,3.115000009536743,3.190000057220459,129706,0.0,0.0
2024-03-12 10:30:00-04:00,3.184999942779541,3.200000047683716,3.1600000858306885,3.180000066757202,72599,0.0,0.0
2024-03-12 11:30:00-04:00,3.174999952316284,3.190000057220459,3.1500000953674316,3.1600000858306885,108487,0.0,0.0
2024-03-12 12:30:00-04:00,3.1500000953674316,3.1600000858306885,3.119999885559082,3.134999990463257,48757,0.0,0.0
2024-03-12 13:30:00-04:00,3.134999990463257,3.140000104904175,3.119999885559082,3.125,51348,0.0,0.0
2024-03-12 14:30:00-04:00,3.125,3.1600000858306885,3.119999885559082,3.1500000953674316,196857,0.0,0.0
2024-03-12 15:30:00-04:00,3.1500000953674316,3.1600000858306885,3.1500000953674316,3.1500000953674316,206447,0.0,0.0
2024-03-13 09:30:00-04:00,3.1500000953674316,3.200000047683716,3.069999933242798,3.069999933242798,189341,0.0,0.0
2024-03-13 10:30:00-04:00,3.079900026321411,3.079900026321411,2.9600000381469727,2.977099895477295,183231,0.0,0.0
2024-03-13 11:30:00-04:00,2.9749999046325684,2.9749999046325684,2.9000000953674316,2.9049999713897705,129989,0.0,0.0
2024-03-13 12:30:00-04:00,2.9000000953674316,2.9100000858306885,2.8299999237060547,2.8301000595092773,100615,0.0,0.0
2024-03-13 13:30:00-04:00,2.8299999237060547,2.8299999237060547,2.799999952316284,2.815000057220459,238867,0.0,0.0
2024-03-13 14:30:00-04:00,2.815000057220459,2.8450000286102295,2.799999952316284,2.799999952316284,220040,0.0,0.0
2024-03-13 15:30:00-04:00,2.805000066757202,2.8499999046325684,2.799999952316284,2.819999933242798,274615,0.0,0.0
2024-03-14 09:30:00-04:00,2.8399999141693115,2.8399999141693115,2.799999952316284,2.805000066757202,165690,0.0,0.0
2024-03-14 10:30:00-04:00,2.805000066757202,2.809999942779541,2.799999952316284,2.809999942779541,55266,0.0,0.0
2024-03-14 11:30:00-04:00,2.805000066757202,2.809999942779541,2.799999952316284,2.8010001182556152,30715,0.0,0.0
2024-03-14 12:30:00-04:00,2.805000066757202,2.809999942779541,2.799999952316284,2.805000066757202,79887,0.0,0.0
2024-03-14 13:30:00-04:00,2.8010001182556152,2.809999942779541,2.799999952316284,2.799999952316284,44910,0.0,0.0
2024-03-14 14:30:00-04:00,2.799999952316284,2.809999942779541,2.799999952316284,2.805000066757202,107757,0.0,0.0
2024-03-14 15:30:00-04:00,2.805000066757202,2.805000066757202,2.7300000190734863,2.734999895095825,293877,0.0,0.0
2024-03-15 09:30:00-04:00,2.7200000286102295,2.75,2.640000104904175,2.649899959564209,257968,0.0,0.0
2024-03-15 10:30:00-04:00,2.6449999809265137,2.6500000953674316,2.619999885559082,2.630000114440918,81592,0.0,0.0
2024-03-15 11:30:00-04:00,2.619999885559082,2.619999885559082,2.5999999046325684,2.619999885559082,66243,0.0,0.0
2024-03-15 12:30:00-04:00,2.615000009536743,2.640000104904175,2.609999895095825,2.640000104904175,113154,0.0,0.0
2024-03-15 13:30:00-04:00,2.630000114440918,2.700000047683716,2.630000114440918,2.684999942779541,120881,0.0,0.0
2024-03-15 14:30:00-04:00,2.684999942779541,2.7149999141693115,2.680000066757202,2.7049999237060547,152905,0.0,0.0
2024-03-15 15:30:00-04:00,2.7049999237060547,2.7249999046325684,2.700000047683716,2.7149999141693115,2367263,0.0,0.0
2024-03-18 09:30:00-04:00,2.690000057220459,2.740000009536743,2.5999999046325684,2.6600000858306885,219594,0.0,0.0
2024-03-18 10:30:00-04:00,2.6600000858306885,2.690000057220459,2.6600000858306885,2.6700000762939453,78878,0.0,0.0
2024-03-18 11:30:00-04:00,2.674999952316284,2.684999942779541,2.6600000858306885,2.6700000762939453,94602,0.0,0.0
2024-03-18 12:30:00-04:00,2.674999952316284,2.680000066757202,2.6500000953674316,2.6600000858306885,70250,0.0,0.0
2024-03-18 13:30:00-04:00,2.6549999713897705,2.690000057220459,2.6500000953674316,2.690000057220459,100429,0.0,0.0
2024-03-18 14:30:00-04:00,2.680000066757202,2.684999942779541,2.6600000858306885,2.674999952316284,91617,0.0,0.0
2024-03-18 15:30:00-04:00,2.6700000762939453,2.690000057220459,2.6700000762939453,2.674999952316284,150821,0.0,0.0
2024-03-19 09:30:00-04:00,2.6600000858306885,2.674999952316284,2.619999885559082,2.6549999713897705,132677,0.0,0.0
2024-03-19 10:30:00-04:00,2.6549999713897705,2.6700000762939453,2.6500000953674316,2.6700000762939453,35129,0.0,0.0
2024-03-19 11:30:00-04:00,2.6700000762939453,2.7100000381469727,2.661900043487549,2.7100000381469727,56056,0.0,0.0
2024-03-19 12:30:00-04:00,2.7049999237060547,2.7249999046325684,2.700000047683716,2.7249999046325684,79337,0.0,0.0
2024-03-19 13:30:00-04:00,2.7249999046325684,2.7300000190734863,2.7149999141693115,2.7200000286102295,76112,0.0,0.0
2024-03-19 14:30:00-04:00,2.7274999618530273,2.7300000190734863,2.700000047683716,2.700000047683716,100863,0.0,0.0
2024-03-19 15:30:00-04:00,2.700000047683716,2.7049999237060547,2.6700000762939453,2.6700000762939453,136788,0.0,0.0
2024-03-20 09:30:00-04:00,2.6500000953674316,2.700000047683716,2.625,2.692500114440918,69346,0.0,0.0
2024-03-20 10:30:00-04:00,2.684999942779541,2.684999942779541,2.6600000858306885,2.680000066757202,48780,0.0,0.0
2024-03-20 11:30:00-04:00,2.674999952316284,2.674999952316284,2.640000104904175,2.6500000953674316,78342,0.0,0.0
2024-03-20 12:30:00-04:00,2.6500000953674316,2.6600000858306885,2.640000104904175,2.6500000953674316,43465,0.0,0.0
2024-03-20 13:30:00-04:00,2.6449999809265137,2.740000009536743,2.640000104904175,2.740000009536743,118140,0.0,0.0
2024-03-20 14:30:00-04:00,2.740000009536743,2.809999942779541,2.7100000381469727,2.805000066757202,164989,0.0,0.0
2024-03-20 15:30:00-04:00,2.799999952316284,2.819999933242798,2.7799999713897705,2.7899999618530273,94701,0.0,0.0
2024-03-21 09:30:00-04:00,2.809999942779541,2.8299999237060547,2.7850000858306885,2.8069000244140625,71819,0.0,0.0
2024-03-21 10:30:00-04:00,2.805000066757202,2.815000057220459,2.7899999618530273,2.799999952316284,67035,0.0,0.0
2024-03-21 11:30:00-04:00,2.799999952316284,2.799999952316284,2.7799999713897705,2.7899999618530273,44131,0.0,0.0
2024-03-21 12:30:00-04:00,2.7899999618530273,2.7899999618530273,2.765000104904175,2.7699999809265137,46345,0.0,0.0
2024-03-21 13:30:00-04:00,2.7799999713897705,2.7899999618530273,2.7699999809265137,2.7899999618530273,48111,0.0,0.0
2024-03-21 14:30:00-04:00,2.7950000762939453,2.809999942779541,2.7799999713897705,2.805000066757202,63398,0.0,0.0
2024-03-21 15:30:00-04:00,2.8099000453948975,2.809999942779541,2.7799999713897705,2.7899999618530273,155087,0.0,0.0
2024-03-22 09:30:00-04:00,2.7899999618530273,2.799999952316284,2.700000047683716,2.7149999141693115,73200,0.0,0.0
2024-03-22 10:30:00-04:00,2.7100000381469727,2.734999895095825,2.700000047683716,2.7200000286102295,63356,0.0,0.0
2024-03-22 11:30:00-04:00,2.7249999046325684,2.7300000190734863,2.700000047683716,2.700000047683716,21568,0.0,0.0
2024-03-22 12:30:00-04:00,2.7049999237060547,2.7100000381469727,2.690000057220459,2.690000057220459,36771,0.0,0.0
2024-03-22 13:30:00-04:00,2.690000057220459,2.690000057220459,2.640000104904175,2.640000104904175,66951,0.0,0.0
2024-03-22 14:30:00-04:00,2.6461000442504883,2.6559998989105225,2.630000114440918,2.6500000953674316,120654,0.0,0.0
2024-03-22 15:30:00-04:00,2.6549999713897705,2.6700000762939453,2.640000104904175,2.640000104904175,287592,0.0,0.0
2024-03-25 09:30:00-04:00,2.690000057220459,2.7511000633239746,2.6700000762939453,2.7149999141693115,119974,0.0,0.0
2024-03-25 10:30:00-04:00,2.7100000381469727,2.740000009536743,2.7049999237060547,2.7369000911712646,61479,0.0,0.0
2024-03-25 11:30:00-04:00,2.740000009536743,2.75,2.7200000286102295,2.734999895095825,71541,0.0,0.0
2024-03-25 12:30:00-04:00,2.734999895095825,2.75,2.7249999046325684,2.7300000190734863,54310,0.0,0.0
2024-03-25 13:30:00-04:00,2.7200000286102295,2.75,2.7100000381469727,2.75,97461,0.0,0.0
2024-03-25 14:30:00-04:00,2.744999885559082,2.75,2.7100000381469727,2.7149999141693115,73729,0.0,0.0
2024-03-25 15:30:00-04:00,2.7149999141693115,2.7200000286102295,2.690000057220459,2.690000057220459,87698,0.0,0.0
2024-03-26 09:30:00-04:00,2.740000009536743,2.7699999809265137,2.690000057220459,2.690000057220459,171746,0.0,0.0
2024-03-26 10:30:00-04:00,2.680000066757202,2.680000066757202,2.6600000858306885,2.6649999618530273,57612,0.0,0.0
2024-03-26 11:30:00-04:00,2.6649999618530273,2.690000057220459,2.651099920272827,2.659899950027466,104439,0.0,0.0
2024-03-26 12:30:00-04:00,2.6549999713897705,2.674999952316284,2.6549999713897705,2.6700000762939453,44153,0.0,0.0
2024-03-26 13:30:00-04:00,2.674999952316284,2.690000057220459,2.6700000762939453,2.6700000762939453,82799,0.0,0.0
2024-03-26 14:30:00-04:00,2.6700000762939453,2.680000066757202,2.630000114440918,2.634999990463257,106724,0.0,0.0
2024-03-26 15:30:00-04:00,2.630000114440918,2.640000104904175,2.630000114440918,2.640000104904175,194114,0.0,0.0
2024-03-27 09:30:00-04:00,2.630000114440918,2.674999952316284,2.630000114440918,2.644700050354004,64622,0.0,0.0
2024-03-27 10:30:00-04:00,2.6500000953674316,2.6700000762939453,2.6449999809265137,2.6600000858306885,45541,0.0,0.0
2024-03-27 11:30:00-04:00,2.6600000858306885,2.6700000762939453,2.6500000953674316,2.6700000762939453,28351,0.0,0.0
2024-03-27 12:30:00-04:00,2.6700000762939453,2.680000066757202,2.6600000858306885,2.6600000858306885,35374,0.0,0.0
2024-03-27 13:30:00-04:00,2.6600000858306885,2.680000066757202,2.6600000858306885,2.674999952316284,51972,0.0,0.0
2024-03-27 14:30:00-04:00,2.680000066757202,2.690000057220459,2.6700000762939453,2.674999952316284,65086,0.0,0.0
2024-03-27 15:30:00-04:00,2.680000066757202,2.740000009536743,2.6700000762939453,2.740000009536743,212089,0.0,0.0
2024-03-28 09:30:00-04:00,2.75,2.890000104904175,2.7100000381469727,2.7950000762939453,141000,0.0,0.0
2024-03-28 10:30:00-04:00,2.7899999618530273,2.799999952316284,2.755000114440918,2.7699999809265137,69963,0.0,0.0
2024-03-28 11:30:00-04:00,2.765000104904175,2.7899999618530273,2.765000104904175,2.7750000953674316,54958,0.0,0.0
2024-03-28 12:30:00-04:00,2.7750000953674316,2.7799999713897705,2.759999990463257,2.7699999809265137,26493,0.0,0.0
2024-03-28 13:30:00-04:00,2.7699999809265137,2.7750000953674316,2.759999990463257,2.765000104904175,41571,0.0,0.0
2024-03-28 14:30:00-04:00,2.759999990463257,2.759999990463257,2.7300000190734863,2.7300000190734863,71772,0.0,0.0
2024-03-28 15:30:00-04:00,2.7300000190734863,2.734999895095825,2.700000047683716,2.700000047683716,107780,0.0,0.0
2024-04-01 09:30:00-04:00,2.700000047683716,2.7200000286102295,2.630000114440918,2.6500000953674316,138767,0.0,0.0
2024-04-01 10:30:00-04:00,2.6500000953674316,2.6600000858306885,2.630000114440918,2.640000104904175,87345,0.0,0.0
2024-04-01 11:30:00-04:00,2.640000104904175,2.6449999809265137,2.630000114440918,2.640000104904175,35859,0.0,0.0
2024-04-01 12:30:00-04:00,2.634999990463257,2.6449999809265137,2.630000114440918,2.640000104904175,106032,0.0,0.0
2024-04-01 13:30:00-04:00,2.630000114440918,2.6500000953674316,2.630000114440918,2.634999990463257,92493,0.0,0.0
2024-04-01 14:30:00-04:00,2.630000114440918,2.6500000953674316,2.630000114440918,2.630000114440918,96161,0.0,0.0
2024-04-01 15:30:00-04:00,2.630000114440918,2.680000066757202,2.630000114440918,2.680000066757202,214695,0.0,0.0
2024-04-02 09:30:00-04:00,2.5999999046325684,2.625,2.549999952316284,2.5560998916625977,167796,0.0,0.0
2024-04-02 10:30:00-04:00,2.555000066757202,2.559999942779541,2.5299999713897705,2.5299999713897705,124799,0.0,0.0
2024-04-02 11:30:00-04:00,2.5299999713897705,2.5299999713897705,2.509999990463257,2.5199999809265137,47797,0.0,0.0
2024-04-02 12:30:00-04:00,2.5199999809265137,2.5299999713897705,2.5199999809265137,2.5250000953674316,25659,0.0,0.0
2024-04-02 13:30:00-04:00,2.5250000953674316,2.559999942779541,2.505000114440918,2.505000114440918,464543,0.0,0.0
2024-04-02 14:30:00-04:00,2.5,2.559999942779541,2.5,2.559999942779541,672149,0.0,0.0
2024-04-02 15:30:00-04:00,2.555000066757202,2.6050000190734863,2.549999952316284,2.5950000286102295,522151,0.0,0.0
2024-04-03 09:30:00-04:00,2.5899999141693115,2.609999895095825,2.5199999809265137,2.5799999237060547,117082,0.0,0.0
2024-04-03 10:30:00-04:00,2.575000047683716,2.5899999141693115,2.569999933242798,2.5850000381469727,36169,0.0,0.0
2024-04-03 11:30:00-04:00,2.5824999809265137,2.609999895095825,2.575000047683716,2.6050000190734863,34055,0.0,0.0
2024-04-03 12:30:00-04:00,2.6024999618530273,2.6050000190734863,2.5799999237060547,2.5850000381469727,46573,0.0,0.0
2024-04-03 13:30:00-04:00,2.5899999141693115,2.5899999141693115,2.549999952316284,2.549999952316284,58932,0.0,0.0
2024-04-03 14:30:00-04:00,2.555000066757202,2.569999933242798,2.549999952316284,2.559999942779541,70006,0.0,0.0
2024-04-03 15:30:00-04:00,2.550100088119507,2.555000066757202,2.5199999809265137,2.5299999713897705,105278,0.0,0.0
2024-04-04 09:30:00-04:00,2.569999933242798,2.6649999618530273,2.569999933242798,2.6649999618530273,60372,0.0,0.0
2024-04-04 10:30:00-04:00,2.6649999618530273,2.677999973297119,2.6600000858306885,2.6649999618530273,35888,0.0,0.0
2024-04-04 11:30:00-04:00,2.6649999618530273,2.7200000286102295,2.6600000858306885,2.7049999237060547,61918,0.0,0.0
2024-04-04 12:30:00-04:00,2.7100000381469727,2.7100000381469727,2.680000066757202,2.680000066757202,61125,0.0,0.0
2024-04-04 13:30:00-04:00,2.684999942779541,2.684999942779541,2.6500000953674316,2.6500000953674316,92963,0.0,0.0
2024-04-04 14:30:00-04:00,2.6500000953674316,2.6600000858306885,2.555000066757202,2.555000066757202,128345,0.0,0.0
2024-04-04 15:30:00-04:00,2.555000066757202,2.565000057220459,2.5399999618530273,2.5450000762939453,93432,0.0,0.0
2024-04-05 09:30:00-04:00,2.5399999618530273,2.5450000762939453,2.4600000381469727,2.4600000381469727,95980,0.0,0.0
2024-04-05 10:30:00-04:00,2.4600000381469727,2.490000009536743,2.440000057220459,2.469899892807007,131778,0.0,0.0
2024-04-05 11:30:00-04:00,2.4700000286102295,2.4800000190734863,2.4600000381469727,2.4700000286102295,47589,0.0,0.0
2024-04-05 12:30:00-04:00,2.4798998832702637,2.4800000190734863,2.440000057220459,2.440000057220459,83302,0.0,0.0
2024-04-05 13:30:00-04:00,2.444999933242798,2.5199999809265137,2.440000057220459,2.490000009536743,151538,0.0,0.0
2024-04-05 14:30:00-04:00,2.490000009536743,2.497499942779541,2.4800000190734863,2.4800000190734863,35072,0.0,0.0
2024-04-05 15:30:00-04:00,2.484999895095825,2.490000009536743,2.4600000381469727,2.4600000381469727,86782,0.0,0.0
2024-04-08 09:30:00-04:00,2.5,2.5799999237060547,2.4749999046325684,2.505000114440918,225041,0.0,0.0
2024-04-08 10:30:00-04:00,2.505000114440918,2.5250000953674316,2.4600000381469727,2.509999990463257,223025,0.0,0.0
2024-04-08 11:30:00-04:00,2.509999990463257,2.569999933242798,2.5,2.565000057220459,391168,0.0,0.0
2024-04-08 12:30:00-04:00,2.569200038909912,2.5999999046325684,2.5450000762939453,2.5450000762939453,265209,0.0,0.0
2024-04-08 13:30:00-04:00,2.5499000549316406,2.555000066757202,2.5199999809265137,2.555000066757202,52622,0.0,0.0
2024-04-08 14:30:00-04:00,2.555000066757202,2.619999885559082,2.549999952316284,2.565000057220459,290083,0.0,0.0
2024-04-08 15:30:00-04:00,2.559999942779541,2.565000057220459,2.5199999809265137,2.5350000858306885,107617,0.0,0.0
2024-04-09 09:30:00-04:00,2.5,2.6649999618530273,2.5,2.5899999141693115,146436,0.0,0.0
2024-04-09 10:30:00-04:00,2.5950000286102295,2.5999999046325684,2.555000066757202,2.555000066757202,47836,0.0,0.0
2024-04-09 11:30:00-04:00,2.555000066757202,2.575000047683716,2.549999952316284,2.565000057220459,28917,0.0,0.0
2024-04-09 12:30:00-04:00,2.565000057220459,2.5999999046325684,2.565000057220459,2.5999999046325684,91932,0.0,0.0
2024-04-09 13:30:00-04:00,2.5950000286102295,2.5999999046325684,2.5625,2.5799999237060547,89719,0.0,0.0
2024-04-09 14:30:00-04:00,2.575000047683716,2.5899999141693115,2.559999942779541,2.5850000381469727,157442,0.0,0.0
2024-04-09 15:30:00-04:00,2.5850000381469727,2.609999895095825,2.5850000381469727,2.5950000286102295,78748,0.0,0.0
2024-04-10 09:30:00-04:00,2.5199999809265137,2.5399999618530273,2.450000047683716,2.4800000190734863,236416,0.0,0.0
2024-04-10 10:30:00-04:00,2.484999895095825,2.494999885559082,2.4600000381469727,2.4649999141693115,88328,0.0,0.0
2024-04-10 11:30:00-04:00,2.4600000381469727,2.4649999141693115,2.4200000762939453,2.4200000762939453,108307,0.0,0.0
2024-04-10 12:30:00-04:00,2.4200000762939453,2.424999952316284,2.359999895095825,2.390000104904175,211869,0.0,0.0
2024-04-10 13:30:00-04:00,2.3949999809265137,2.4175000190734863,2.365000009536743,2.365000009536743,169514,0.0,0.0
2024-04-10 14:30:00-04:00,2.365000009536743,2.5899999141693115,2.365000009536743,2.3949999809265137,230085,0.0,0.0
2024-04-10 15:30:00-04:00,2.390000104904175,2.4200000762939453,2.380000114440918,2.390000104904175,350960,0.0,0.0
2024-04-11 09:30:00-04:00,2.4000000953674316,2.4600000381469727,2.359999895095825,2.365000009536743,160363,0.0,0.0
2024-04-11 10:30:00-04:00,2.365000009536743,2.4000000953674316,2.3399999141693115,2.3949999809265137,174036,0.0,0.0
2024-04-11 11:30:00-04:00,2.3901000022888184,2.447499990463257,2.390000104904175,2.430000066757202,86852,0.0,0.0
2024-04-11 12:30:00-04:00,2.430000066757202,2.450000047683716,2.430000066757202,2.430000066757202,63032,0.0,0.0
2024-04-11 13:30:00-04:00,2.434999942779541,2.450000047683716,2.430000066757202,2.450000047683716,45236,0.0,0.0
2024-04-11 14:30:00-04:00,2.444999933242798,2.450000047683716,2.4200000762939453,2.434999942779541,48266,0.0,0.0
2024-04-11 15:30:00-04:00,2.440000057220459,2.4649999141693115,2.430000066757202,2.4600000381469727,77811,0.0,0.0
2024-04-12 09:30:00-04:00,2.440000057220459,2.4649999141693115,2.390000104904175,2.390000104904175,56429,0.0,0.0
2024-04-12 10:30:00-04:00,2.390000104904175,2.440000057220459,2.375,2.430000066757202,59765,0.0,0.0
2024-04-12 11:30:00-04:00,2.424999952316284,2.424999952316284,2.380000114440918,2.3949999809265137,76502,0.0,0.0
2024-04-12 12:30:00-04:00,2.3949999809265137,2.3949999809265137,2.3299999237060547,2.3350000381469727,138739,0.0,0.0
2024-04-12 13:30:00-04:00,2.3299999237060547,2.369999885559082,2.3299999237060547,2.3550000190734863,127836,0.0,0.0
2024-04-12 14:30:00-04:00,2.359999895095825,2.359999895095825,2.309999942779541,2.3299999237060547,133104,0.0,0.0
2024-04-12 15:30:00-04:00,2.3299999237060547,2.3299999237060547,2.319999933242798,2.325000047683716,86426,0.0,0.0
2024-04-15 09:30:00-04:00,2.3299999237060547,2.360100030899048,2.2799999713897705,2.2799999713897705,113498,0.0,0.0
2024-04-15 10:30:00-04:00,2.2799999713897705,2.2950000762939453,2.25,2.265000104904175,94237,0.0,0.0
2024-04-15 11:30:00-04:00,2.2699999809265137,2.309999942779541,2.259999990463257,2.2699999809265137,89441,0.0,0.0
2024-04-15 12:30:00-04:00,2.2699999809265137,2.2799999713897705,2.259999990463257,2.259999990463257,145014,0.0,0.0
2024-04-15 13:30:00-04:00,2.25,2.2750000953674316,2.25,2.265000104904175,84346,0.0,0.0
2024-04-15 14:30:00-04:00,2.265000104904175,2.2699999809265137,2.25,2.252500057220459,78147,0.0,0.0
2024-04-15 15:30:00-04:00,2.252500057220459,2.2699999809265137,2.25,2.262500047683716,127557,0.0,0.0
2024-04-16 09:30:00-04:00,2.25,2.27810001373291,2.2100000381469727,2.255000114440918,152944,0.0,0.0
2024-04-16 10:30:00-04:00,2.255000114440918,2.2699999809265137,2.240000009536743,2.255000114440918,76283,0.0,0.0
2024-04-16 11:30:00-04:00,2.25,2.2950000762939453,2.240000009536743,2.2850000858306885,422955,0.0,0.0
2024-04-16 12:30:00-04:00,2.2850000858306885,2.299999952316284,2.2799999713897705,2.2799999713897705,66015,0.0,0.0
2024-04-16 13:30:00-04:00,2.2799999713897705,2.315999984741211,2.2699999809265137,2.2899999618530273,125723,0.0,0.0
2024-04-16 14:30:00-04:00,2.2950000762939453,2.299999952316284,2.2699999809265137,2.2799999713897705,126755,0.0,0.0
2024-04-16 15:30:00-04:00,2.2799999713897705,2.299999952316284,2.2699999809265137,2.2799999713897705,178018,0.0,0.0
2024-04-17 09:30:00-04:00,2.2799999713897705,2.319999933242798,2.240000009536743,2.251199960708618,149880,0.0,0.0
2024-04-17 10:30:00-04:00,2.25,2.259999990463257,2.2100000381469727,2.2100000381469727,49511,0.0,0.0
2024-04-17 11:30:00-04:00,2.200000047683716,2.2200000286102295,2.200000047683716,2.2049999237060547,61445,0.0,0.0
2024-04-17 12:30:00-04:00,2.200000047683716,2.265000104904175,2.200000047683716,2.265000104904175,299450,0.0,0.0
2024-04-17 13:30:00-04:00,2.265000104904175,2.26990008354187,2.240000009536743,2.240000009536743,81609,0.0,0.0
2024-04-17 14:30:00-04:00,2.244999885559082,2.259999990463257,2.2200000286102295,2.2300000190734863,110845,0.0,0.0
2024-04-17 15:30:00-04:00,2.234999895095825,2.25,2.2200000286102295,2.2300000190734863,138644,0.0,0.0
2024-04-18 09:30:00-04:00,2.2200000286102295,2.259999990463257,2.2149999141693115,2.2300000190734863,69848,0.0,0.0
2024-04-18 10:30:00-04:00,2.2260000705718994,2.240000009536743,2.2149999141693115,2.2300000190734863,53471,0.0,0.0
2024-04-18 11:30:00-04:00,2.234999895095825,2.234999895095825,2.200000047683716,2.2049999237060547,72805,0.0,0.0
2024-04-18 12:30:00-04:00,2.200500011444092,2.2100000381469727,2.1700000762939453,2.200000047683716,226569,0.0,0.0
2024-04-18 13:30:00-04:00,2.200000047683716,2.200000047683716,2.1500000953674316,2.1575000286102295,161671,0.0,0.0
2024-04-18 14:30:00-04:00,2.1500000953674316,2.1600000858306885,2.140000104904175,2.1549999713897705,118604,0.0,0.0
2024-04-18 15:30:00-04:00,2.1500000953674316,2.1600000858306885,2.140000104904175,2.1549999713897705,161803,0.0,0.0
2024-04-19 09:30:00-04:00,2.140000104904175,2.1700000762939453,2.119999885559082,2.1500000953674316,192415,0.0,0.0
2024-04-19 10:30:00-04:00,2.1500000953674316,2.180000066757202,2.1500000953674316,2.174999952316284,41824,0.0,0.0
2024-04-19 11:30:00-04:00,2.174999952316284,2.196000099182129,2.1700000762939453,2.180000066757202,55393,0.0,0.0
2024-04-19 12:30:00-04:00,2.1700000762939453,2.180000066757202,2.1600000858306885,2.1649999618530273,59183,0.0,0.0
2024-04-19 13:30:00-04:00,2.1649999618530273,2.184999942779541,2.1500000953674316,2.1500000953674316,68651,0.0,0.0
2024-04-19 14:30:00-04:00,2.1549999713897705,2.1700000762939453,2.1449999809265137,2.1549999713897705,78859,0.0,0.0
2024-04-19 15:30:00-04:00,2.1500000953674316,2.200000047683716,2.1500000953674316,2.190000057220459,394826,0.0,0.0
2024-04-22 09:30:00-04:00,2.180000066757202,2.2149999141693115,2.1700000762939453,2.180000066757202,151179,0.0,0.0
2024-04-22 10:30:00-04:00,2.190000057220459,2.200000047683716,2.1600000858306885,2.1649999618530273,96979,0.0,0.0
2024-04-22 11:30:00-04:00,2.1649999618530273,2.190000057220459,2.1549999713897705,2.1649999618530273,69845,0.0,0.0
2024-04-22 12:30:00-04:00,2.1600000858306885,2.1700000762939453,2.1500000953674316,2.1549999713897705,84471,0.0,0.0
2024-04-22 13:30:00-04:00,2.1549999713897705,2.180000066757202,2.1500000953674316,2.174999952316284,100896,0.0,0.0
2024-04-22 14:30:00-04:00,2.180000066757202,2.180000066757202,2.1600000858306885,2.174999952316284,70944,0.0,0.0
2024-04-22 15:30:00-04:00,2.180000066757202,2.2100000381469727,2.1700000762939453,2.2100000381469727,162305,0.0,0.0
2024-04-23 09:30:00-04:00,2.180000066757202,2.380000114440918,2.180000066757202,2.2899999618530273,177604,0.0,0.0
2024-04-23 10:30:00-04:00,2.299999952316284,2.315000057220459,2.2699999809265137,2.2850000858306885,96678,0.0,0.0
2024-04-23 11:30:00-04:00,2.2799999713897705,2.299999952316284,2.2750000953674316,2.2850000858306885,82006,0.0,0.0
2024-04-23 12:30:00-04:00,2.2850000858306885,2.299999952316284,2.25,2.299999952316284,116597,0.0,0.0
2024-04-23 13:30:00-04:00,2.299999952316284,2.365000009536743,2.299999952316284,2.3450000286102295,155163,0.0,0.0
2024-04-23 14:30:00-04:00,2.3450000286102295,2.3550000190734863,2.319999933242798,2.3399999141693115,93256,0.0,0.0
2024-04-23 15:30:00-04:00,2.3399999141693115,2.3399999141693115,2.299999952316284,2.309999942779541,231410,0.0,0.0
2024-04-24 09:30:00-04:00,2.299999952316284,2.3499999046325684,2.2799999713897705,2.2850000858306885,80580,0.0,0.0
2024-04-24 10:30:00-04:00,2.2874999046325684,2.2950000762939453,2.2750000953674316,2.2950000762939453,43776,0.0,0.0
2024-04-24 11:30:00-04:00,2.2950000762939453,2.3499999046325684,2.2950000762939453,2.3399999141693115,125419,0.0,0.0
2024-04-24 12:30:00-04:00,2.3350000381469727,2.359999895095825,2.3324999809265137,2.359999895095825,33080,0.0,0.0
2024-04-24 13:30:00-04:00,2.359999895095825,2.369999885559082,2.3399999141693115,2.3399999141693115,51629,0.0,0.0
2024-04-24 14:30:00-04:00,2.3450000286102295,2.359999895095825,2.3399999141693115,2.3399999141693115,55920,0.0,0.0
2024-04-24 15:30:00-04:00,2.3450000286102295,2.369999885559082,2.3399999141693115,2.369999885559082,100753,0.0,0.0
2024-04-25 09:30:00-04:00,2.2899999618530273,2.305000066757202,2.2200000286102295,2.26419997215271,178263,0.0,0.0
2024-04-25 10:30:00-04:00,2.265000104904175,2.2699999809265137,2.25,2.26200008392334,53400,0.0,0.0
2024-04-25 11:30:00-04:00,2.265000104904175,2.2699999809265137,2.25,2.259999990463257,38488,0.0,0.0
2024-04-25 12:30:00-04:00,2.255000114440918,2.2699999809265137,2.244999885559082,2.265000104904175,136142,0.0,0.0
2024-04-25 13:30:00-04:00,2.265000104904175,2.2899999618530273,2.26200008392334,2.2850000858306885,125639,0.0,0.0
2024-04-25 14:30:00-04:00,2.2799999713897705,2.319999933242798,2.2799999713897705,2.319999933242798,152593,0.0,0.0
2024-04-25 15:30:00-04:00,2.309999942779541,2.3299999237060547,2.299999952316284,2.325000047683716,244622,0.0,0.0
2024-04-26 09:30:00-04:00,2.319999933242798,2.430000066757202,2.309999942779541,2.359999895095825,90959,0.0,0.0
2024-04-26 10:30:00-04:00,2.3550000190734863,2.3798999786376953,2.325000047683716,2.3299999237060547,42447,0.0,0.0
2024-04-26 11:30:00-04:00,2.3299999237060547,2.3299999237060547,2.25,2.2639999389648438,87109,0.0,0.0
2024-04-26 12:30:00-04:00,2.265000104904175,2.2899999618530273,2.25,2.2799999713897705,74720,0.0,0.0
2024-04-26 13:30:00-04:00,2.2750000953674316,2.2799999713897705,2.240000009536743,2.244999885559082,53009,0.0,0.0
2024-04-26 14:30:00-04:00,2.25,2.259999990463257,2.2200000286102295,2.234999895095825,97613,0.0,0.0
2024-04-26 15:30:00-04:00,2.234999895095825,2.2699999809265137,2.2300000190734863,2.259999990463257,166789,0.0,0.0
2024-04-29 09:30:00-04:00,2.259999990463257,2.330399990081787,2.259999990463257,2.2950000762939453,58945,0.0,0.0
2024-04-29 10:30:00-04:00,2.2939999103546143,2.299999952316284,2.2850000858306885,2.2899999618530273,39937,0.0,0.0
2024-04-29 11:30:00-04:00,2.2899999618530273,2.2899999618530273,2.259999990463257,2.2899999618530273,44594,0.0,0.0
2024-04-29 12:30:00-04:00,2.2899999618530273,2.2950000762939453,2.2799999713897705,2.2899999618530273,34514,0.0,0.0
2024-04-29 13:30:00-04:00,2.2899999618530273,2.309999942779541,2.2699999809265137,2.2699999809265137,82289,0.0,0.0
2024-04-29 14:30:00-04:00,2.2799999713897705,2.369999885559082,2.2750000953674316,2.3550000190734863,425586,0.0,0.0
2024-04-29 15:30:00-04:00,2.359999895095825,2.390000104904175,2.3499999046325684,2.380000114440918,235371,0.0,0.0
2024-04-30 09:30:00-04:00,2.319999933242798,2.3499999046325684,2.2950000762939453,2.2950000762939453,56474,0.0,0.0
2024-04-30 10:30:00-04:00,2.2939999103546143,2.305000066757202,2.2750000953674316,2.2850000858306885,27430,0.0,0.0
2024-04-30 11:30:00-04:00,2.2850000858306885,2.2899999618530273,2.2699999809265137,2.2750000953674316,54931,0.0,0.0
2024-04-30 12:30:00-04:00,2.2699999809265137,2.2699999809265137,2.25,2.259999990463257,62598,0.0,0.0
2024-04-30 13:30:00-04:00,2.259999990463257,2.259999990463257,2.2300000190734863,2.234999895095825,70323,0.0,0.0
2024-04-30 14:30:00-04:00,2.234999895095825,2.240000009536743,2.2300000190734863,2.234999895095825,74711,0.0,0.0
2024-04-30 15:30:00-04:00,2.234999895095825,2.234999895095825,2.200000047683716,2.2200000286102295,279618,0.0,0.0
2024-05-01 09:30:00-04:00,2.2300000190734863,2.299999952316284,2.2149999141693115,2.2750000953674316,102528,0.0,0.0
2024-05-01 10:30:00-04:00,2.2750000953674316,2.305000066757202,2.2699999809265137,2.2750000953674316,68325,0.0,0.0
2024-05-01 11:30:00-04:00,2.2750000953674316,2.2799999713897705,2.259999990463257,2.265000104904175,43614,0.0,0.0
2024-05-01 12:30:00-04:00,2.259999990463257,2.2699999809265137,2.25,2.255000114440918,31293,0.0,0.0
2024-05-01 13:30:00-04:00,2.25,2.259999990463257,2.25,2.25,55141,0.0,0.0
2024-05-01 14:30:00-04:00,2.255000114440918,2.2799999713897705,2.234999895095825,2.265000104904175,490832,0.0,0.0
2024-05-01 15:30:00-04:00,2.265000104904175,2.265000104904175,2.2100000381469727,2.2149999141693115,138711,0.0,0.0
2024-05-02 09:30:00-04:00,2.240000009536743,2.309999942779541,2.180000066757202,2.1875,198742,0.0,0.0
2024-05-02 10:30:00-04:00,2.183000087738037,2.2100000381469727,2.174999952316284,2.2049999237060547,261558,0.0,0.0
2024-05-02 11:30:00-04:00,2.200000047683716,2.2074999809265137,2.180000066757202,2.194999933242798,113892,0.0,0.0
2024-05-02 12:30:00-04:00,2.194999933242798,2.240000009536743,2.190000057220459,2.234999895095825,146215,0.0,0.0
2024-05-02 13:30:00-04:00,2.234999895095825,2.259999990463257,2.234999895095825,2.25,77563,0.0,0.0
2024-05-02 14:30:00-04:00,2.25,2.2899999618530273,2.240000009536743,2.25,144065,0.0,0.0
2024-05-02 15:30:00-04:00,2.255000114440918,2.255000114440918,2.2100000381469727,2.25,253013,0.0,0.0
2024-05-03 09:30:00-04:00,2.3299999237060547,2.4351000785827637,2.2899999618530273,2.299999952316284,293508,0.0,0.0
2024-05-03 10:30:00-04:00,2.299999952316284,2.315000057220459,2.2925000190734863,2.309999942779541,58376,0.0,0.0
2024-05-03 11:30:00-04:00,2.309999942779541,2.319999933242798,2.2899999618530273,2.2950000762939453,63298,0.0,0.0
2024-05-03 12:30:00-04:00,2.2899999618530273,2.2950000762939453,2.2699999809265137,2.2699999809265137,45588,0.0,0.0
2024-05-03 13:30:00-04:00,2.2699999809265137,2.2699999809265137,2.25,2.25,88990,0.0,0.0
2024-05-03 14:30:00-04:00,2.255000114440918,2.255000114440918,2.2249999046325684,2.234999895095825,110272,0.0,0.0
2024-05-03 15:30:00-04:00,2.2300000190734863,2.240000009536743,2.2200000286102295,2.2249999046325684,109910,0.0,0.0
2024-05-06 09:30:00-04:00,2.2799999713897705,2.319999933242798,2.25,2.255000114440918,91189,0.0,0.0
2024-05-06 10:30:00-04:00,2.2750000953674316,2.2799999713897705,2.2300000190734863,2.255000114440918,979829,0.0,0.0
2024-05-06 11:30:00-04:00,2.25,2.2697999477386475,2.25,2.2600998878479004,90663,0.0,0.0
2024-05-06 12:30:00-04:00,2.265000104904175,2.2699999809265137,2.234999895095825,2.234999895095825,46148,0.0,0.0
2024-05-06 13:30:00-04:00,2.240000009536743,2.240000009536743,2.2300000190734863,2.234999895095825,54770,0.0,0.0
2024-05-06 14:30:00-04:00,2.234999895095825,2.2899999618530273,2.2200000286102295,2.2899999618530273,155725,0.0,0.0
2024-05-06 15:30:00-04:00,2.2950000762939453,2.309999942779541,2.2799999713897705,2.299999952316284,258457,0.0,0.0
2024-05-07 09:30:00-04:00,2.309999942779541,2.3499999046325684,2.305000066757202,2.3350000381469727,125214,0.0,0.0
2024-05-07 10:30:00-04:00,2.3350000381469727,2.359999895095825,2.3201000690460205,2.3524999618530273,67425,0.0,0.0
2024-05-07 11:30:00-04:00,2.359100103378296,2.365000009536743,2.3399999141693115,2.365000009536743,39668,0.0,0.0
2024-05-07 12:30:00-04:00,2.369999885559082,2.369999885559082,2.3399999141693115,2.3550000190734863,43811,0.0,0.0
2024-05-07 13:30:00-04:00,2.3499999046325684,2.359999895095825,2.3299999237060547,2.3550000190734863,82223,0.0,0.0
2024-05-07 14:30:00-04:00,2.3499999046325684,2.3589999675750732,2.3399999141693115,2.3399999141693115,44876,0.0,0.0
2024-05-07 15:30:00-04:00,2.3450000286102295,2.359999895095825,2.3399999141693115,2.359999895095825,91064,0.0,0.0
2024-05-08 09:30:00-04:00,2.3399999141693115,2.359999895095825,2.299999952316284,2.3299999237060547,95657,0.0,0.0
2024-05-08 10:30:00-04:00,2.3259999752044678,2.3499999046325684,2.315000057220459,2.3299999237060547,68132,0.0,0.0
2024-05-08 11:30:00-04:00,2.3350000381469727,2.3550000190734863,2.325000047683716,2.3299999237060547,89218,0.0,0.0
2024-05-08 12:30:00-04:00,2.3299999237060547,2.3499999046325684,2.3299999237060547,2.3399999141693115,71042,0.0,0.0
2024-05-08 13:30:00-04:00,2.3450000286102295,2.384999990463257,2.3399999141693115,2.3399999141693115,158641,0.0,0.0
2024-05-08 14:30:00-04:00,2.3499999046325684,2.3499999046325684,2.3299999237060547,2.3450000286102295,173086,0.0,0.0
2024-05-08 15:30:00-04:00,2.3450000286102295,2.359999895095825,2.3299999237060547,2.3399999141693115,343518,0.0,0.0
2024-05-09 09:30:00-04:00,2.4200000762939453,2.875,2.4200000762939453,2.7799999713897705,1114966,0.0,0.0
2024-05-09 10:30:00-04:00,2.7799999713897705,2.8299999237060547,2.740000009536743,2.819999933242798,499767,0.0,0.0
2024-05-09 11:30:00-04:00,2.819999933242798,2.8499999046325684,2.740000009536743,2.765000104904175,461188,0.0,0.0
2024-05-09 12:30:00-04:00,2.765000104904175,2.8450000286102295,2.740000009536743,2.8299999237060547,270562,0.0,0.0
2024-05-09 13:30:00-04:00,2.8350000381469727,2.880000114440918,2.819999933242798,2.8389999866485596,326583,0.0,0.0
2024-05-09 14:30:00-04:00,2.839900016784668,2.859800100326538,2.7799999713897705,2.8350000381469727,330832,0.0,0.0
2024-05-09 15:30:00-04:00,2.8350000381469727,2.8350000381469727,2.7850000858306885,2.8101000785827637,387649,0.0,0.0
2024-05-10 09:30:00-04:00,2.799999952316284,2.8299999237060547,2.680000066757202,2.7149999141693115,237096,0.0,0.0
2024-05-10 10:30:00-04:00,2.7149999141693115,2.734999895095825,2.700000047683716,2.7249999046325684,123002,0.0,0.0
2024-05-10 11:30:00-04:00,2.7274999618530273,2.7274999618530273,2.6700000762939453,2.672499895095825,251563,0.0,0.0
2024-05-10 12:30:00-04:00,2.6798999309539795,2.684999942779541,2.634999990463257,2.6449999809265137,154401,0.0,0.0
2024-05-10 13:30:00-04:00,2.6449999809265137,2.6500000953674316,2.5799999237060547,2.615000009536743,332299,0.0,0.0
2024-05-10 14:30:00-04:00,2.609999895095825,2.615000009536743,2.5899999141693115,2.6050000190734863,124281,0.0,0.0
2024-05-10 15:30:00-04:00,2.5999999046325684,2.609999895095825,2.5799999237060547,2.5999999046325684,347028,0.0,0.0
2024-05-13 09:30:00-04:00,2.640000104904175,2.765000104904175,2.6205999851226807,2.7100000381469727,168701,0.0,0.0
2024-05-13 10:30:00-04:00,2.7100000381469727,2.7300000190734863,2.6500000953674316,2.6733999252319336,82048,0.0,0.0
2024-05-13 11:30:00-04:00,2.6700000762939453,2.700000047683716,2.6500000953674316,2.674999952316284,128654,0.0,0.0
2024-05-13 12:30:00-04:00,2.6700000762939453,2.700000047683716,2.6649999618530273,2.700000047683716,119530,0.0,0.0
2024-05-13 13:30:00-04:00,2.690000057220459,2.7100000381469727,2.690000057220459,2.694999933242798,70714,0.0,0.0
2024-05-13 14:30:00-04:00,2.694999933242798,2.700000047683716,2.6700000762939453,2.674999952316284,155809,0.0,0.0
2024-05-13 15:30:00-04:00,2.6700000762939453,2.690000057220459,2.6700000762939453,2.684999942779541,131188,0.0,0.0
2024-05-14 09:30:00-04:00,2.700000047683716,2.809999942779541,2.680000066757202,2.744999885559082,125431,0.0,0.0
2024-05-14 10:30:00-04:00,2.744999885559082,2.7699999809265137,2.740000009536743,2.7699999809265137,87449,0.0,0.0
2024-05-14 11:30:00-04:00,2.765000104904175,2.805000066757202,2.755000114440918,2.7616000175476074,127942,0.0,0.0
2024-05-14 12:30:00-04:00,2.759999990463257,2.7699999809265137,2.75,2.75,58017,0.0,0.0
2024-05-14 13:30:00-04:00,2.755000114440918,2.7699999809265137,2.7300000190734863,2.7699999809265137,76935,0.0,0.0
2024-05-14 14:30:00-04:00,2.765000104904175,2.7799999713897705,2.75,2.753999948501587,99034,0.0,0.0
2024-05-14 15:30:00-04:00,2.759999990463257,2.7899999618530273,2.75,2.7850000858306885,105547,0.0,0.0
2024-05-15 09:30:00-04:00,2.8499999046325684,2.859999895095825,2.734999895095825,2.740000009536743,109236,0.0,0.0
2024-05-15 10:30:00-04:00,2.7300000190734863,2.765000104904175,2.7249999046325684,2.759999990463257,66837,0.0,0.0
2024-05-15 11:30:00-04:00,2.759999990463257,2.7699999809265137,2.75,2.75,54969,0.0,0.0
2024-05-15 12:30:00-04:00,2.75,2.7850000858306885,2.75,2.759999990463257,55639,0.0,0.0
2024-05-15 13:30:00-04:00,2.759999990463257,2.759999990463257,2.7300000190734863,2.740000009536743,64684,0.0,0.0
2024-05-15 14:30:00-04:00,2.740000009536743,2.7699999809265137,2.7300000190734863,2.765000104904175,97480,0.0,0.0
2024-05-15 15:30:00-04:00,2.765000104904175,2.7799999713897705,2.759999990463257,2.7799999713897705,122459,0.0,0.0
2024-05-16 09:30:00-04:00,2.75,2.75,2.690000057220459,2.690000057220459,140646,0.0,0.0
2024-05-16 10:30:00-04:00,2.694999933242798,2.7100000381469727,2.680000066757202,2.684999942779541,65997,0.0,0.0
2024-05-16 11:30:00-04:00,2.684999942779541,2.700000047683716,2.680000066757202,2.684999942779541,52675,0.0,0.0
2024-05-16 12:30:00-04:00,2.684999942779541,2.690000057220459,2.680000066757202,2.684999942779541,65016,0.0,0.0
2024-05-16 13:30:00-04:00,2.684999942779541,2.7100000381469727,2.684999942779541,2.690000057220459,153101,0.0,0.0
2024-05-16 14:30:00-04:00,2.690000057220459,2.700000047683716,2.684999942779541,2.694999933242798,57922,0.0,0.0
2024-05-16 15:30:00-04:00,2.690000057220459,2.694999933242798,2.6600000858306885,2.684999942779541,316496,0.0,0.0
2024-05-17 09:30:00-04:00,2.690000057220459,2.690000057220459,2.640000104904175,2.68530011177063,102262,0.0,0.0
2024-05-17 10:30:00-04:00,2.686000108718872,2.7100000381469727,2.6700000762939453,2.700000047683716,70545,0.0,0.0
2024-05-17 11:30:00-04:00,2.700000047683716,2.759999990463257,2.700000047683716,2.75,113542,0.0,0.0
2024-05-17 12:30:00-04:00,2.744999885559082,2.759999990463257,2.7200000286102295,2.7200000286102295,46620,0.0,0.0
2024-05-17 13:30:00-04:00,2.729099988937378,2.740000009536743,2.7149999141693115,2.7300000190734863,53366,0.0,0.0
2024-05-17 14:30:00-04:00,2.720599889755249,2.740000009536743,2.7100000381469727,2.734999895095825,80878,0.0,0.0
2024-05-17 15:30:00-04:00,2.7300000190734863,2.7750000953674316,2.7300000190734863,2.7699999809265137,125494,0.0,0.0
2024-05-20 09:30:00-04:00,2.75,2.75,2.700000047683716,2.7049999237060547,61332,0.0,0.0
2024-05-20 10:30:00-04:00,2.700000047683716,2.7799999713897705,2.700000047683716,2.7750000953674316,80996,0.0,0.0
2024-05-20 11:30:00-04:00,2.7750000953674316,2.8099000453948975,2.759999990463257,2.7750000953674316,112000,0.0,0.0
2024-05-20 12:30:00-04:00,2.7699999809265137,2.809999942779541,2.765000104904175,2.7699999809265137,69807,0.0,0.0
2024-05-20 13:30:00-04:00,2.7699999809265137,2.809999942779541,2.759999990463257,2.809999942779541,96971,0.0,0.0
2024-05-20 14:30:00-04:00,2.809999942779541,2.809999942779541,2.7799999713897705,2.7950000762939453,103718,0.0,0.0
2024-05-20 15:30:00-04:00,2.7950000762939453,2.799999952316284,2.7699999809265137,2.7950000762939453,337844,0.0,0.0
2024-05-21 09:30:00-04:00,2.75,2.825000047683716,2.75,2.759999990463257,135994,0.0,0.0
2024-05-21 10:30:00-04:00,2.759999990463257,2.8299999237060547,2.755000114440918,2.825000047683716,72687,0.0,0.0
2024-05-21 11:30:00-04:00,2.825000047683716,2.8299999237060547,2.780100107192993,2.815000057220459,119027,0.0,0.0
2024-05-21 12:30:00-04:00,2.809999942779541,2.809999942779541,2.7799999713897705,2.7850000858306885,43485,0.0,0.0
2024-05-21 13:30:00-04:00,2.7850000858306885,2.809999942779541,2.7850000858306885,2.7899999618530273,92940,0.0,0.0
2024-05-21 14:30:00-04:00,2.7899999618530273,2.809999942779541,2.7899999618530273,2.799999952316284,83141,0.0,0.0
2024-05-21 15:30:00-04:00,2.7950000762939453,2.809999942779541,2.7899999618530273,2.7899999618530273,63349,0.0,0.0
2024-05-22 09:30:00-04:00,2.759999990463257,2.825000047683716,2.759999990463257,2.805000066757202,43260,0.0,0.0
2024-05-22 10:30:00-04:00,2.805999994277954,2.809999942779541,2.765000104904175,2.7750000953674316,104999,0.0,0.0
2024-05-22 11:30:00-04:00,2.7750000953674316,2.7899999618530273,2.7701001167297363,2.7899999618530273,58003,0.0,0.0
2024-05-22 12:30:00-04:00,2.7850000858306885,2.7899999618530273,2.7799999713897705,2.7850000858306885,43708,0.0,0.0
2024-05-22 13:30:00-04:00,2.7850000858306885,2.7899999618530273,2.7699999809265137,2.7750000953674316,89559,0.0,0.0
2024-05-22 14:30:00-04:00,2.7699999809265137,2.7699999809265137,2.759999990463257,2.7699999809265137,50062,0.0,0.0
2024-05-22 15:30:00-04:00,2.7699999809265137,2.815000057220459,2.759999990463257,2.815000057220459,167637,0.0,0.0
2024-05-23 09:30:00-04:00,2.869999885559082,2.880000114440918,2.7899999618530273,2.8108999729156494,106188,0.0,0.0
2024-05-23 10:30:00-04:00,2.809999942779541,2.825000047683716,2.7750000953674316,2.7799999713897705,31738,0.0,0.0
2024-05-23 11:30:00-04:00,2.7850000858306885,2.789900064468384,2.75,2.7699999809265137,60328,0.0,0.0
2024-05-23 12:30:00-04:00,2.7699999809265137,2.7799999713897705,2.75,2.755000114440918,58161,0.0,0.0
2024-05-23 13:30:00-04:00,2.755000114440918,2.759999990463257,2.734999895095825,2.734999895095825,154855,0.0,0.0
2024-05-23 14:30:00-04:00,2.734999895095825,2.740000009536743,2.700000047683716,2.7300000190734863,134822,0.0,0.0
2024-05-23 15:30:00-04:00,2.7249999046325684,2.7699999809265137,2.7200000286102295,2.7699999809265137,103468,0.0,0.0
2024-05-24 09:30:00-04:00,2.7799999713897705,2.81850004196167,2.740000009536743,2.759999990463257,30564,0.0,0.0
2024-05-24 10:30:00-04:00,2.765000104904175,2.7950000762939453,2.755000114440918,2.7850000858306885,37842,0.0,0.0
2024-05-24 11:30:00-04:00,2.7899999618530273,2.8399999141693115,2.7799999713897705,2.8350000381469727,168513,0.0,0.0
2024-05-24 12:30:00-04:00,2.8301000595092773,2.8399999141693115,2.819999933242798,2.8299999237060547,32587,0.0,0.0
2024-05-24 13:30:00-04:00,2.8308000564575195,2.8499999046325684,2.8299999237060547,2.8350000381469727,31287,0.0,0.0
2024-05-24 14:30:00-04:00,2.8299999237060547,2.8350000381469727,2.799999952316284,2.825000047683716,137786,0.0,0.0
2024-05-24 15:30:00-04:00,2.825000047683716,2.8299999237060547,2.809999942779541,2.825000047683716,69236,0.0,0.0
2024-05-28 09:30:00-04:00,2.8299999237060547,3.0799999237060547,2.825000047683716,3.075000047683716,276251,0.0,0.0
2024-05-28 10:30:00-04:00,3.075000047683716,3.0799999237060547,3.0250000953674316,3.0250000953674316,149913,0.0,0.0
2024-05-28 11:30:00-04:00,3.0250000953674316,3.0299999713897705,3.0,3.005000114440918,79523,0.0,0.0
2024-05-28 12:30:00-04:00,3.009999990463257,3.0299999713897705,3.0,3.0250000953674316,98188,0.0,0.0
2024-05-28 13:30:00-04:00,3.0250000953674316,3.0299999713897705,2.990000009536743,2.990000009536743,89968,0.0,0.0
2024-05-28 14:30:00-04:00,2.990000009536743,3.0,2.950000047683716,2.9600000381469727,87118,0.0,0.0
2024-05-28 15:30:00-04:00,2.9549999237060547,3.005000114440918,2.930000066757202,2.9700000286102295,284981,0.0,0.0
2024-05-29 09:30:00-04:00,2.8499999046325684,2.884999990463257,2.7100000381469727,2.7149999141693115,96503,0.0,0.0
2024-05-29 10:30:00-04:00,2.7149999141693115,2.734999895095825,2.700000047683716,2.7149999141693115,104911,0.0,0.0
2024-05-29 11:30:00-04:00,2.7149999141693115,2.740000009536743,2.7049999237060547,2.734999895095825,79762,0.0,0.0
2024-05-29 12:30:00-04:00,2.734999895095825,2.740000009536743,2.7149999141693115,2.7300000190734863,129324,0.0,0.0
2024-05-29 13:30:00-04:00,2.7300000190734863,2.740000009536743,2.7100000381469727,2.7125000953674316,109649,0.0,0.0
2024-05-29 14:30:00-04:00,2.7100000381469727,2.7300000190734863,2.680000066757202,2.7249999046325684,152428,0.0,0.0
2024-05-29 15:30:00-04:00,2.7300000190734863,2.740000009536743,2.700000047683716,2.740000009536743,232486,0.0,0.0
2024-05-30 09:30:00-04:00,2.75,2.7899999618530273,2.690000057220459,2.694999933242798,69006,0.0,0.0
2024-05-30 10:30:00-04:00,2.694999933242798,2.7300000190734863,2.6549999713897705,2.690000057220459,102583,0.0,0.0
2024-05-30 11:30:00-04:00,2.684999942779541,2.7049999237060547,2.684999942779541,2.694999933242798,90451,0.0,0.0
2024-05-30 12:30:00-04:00,2.694999933242798,2.744999885559082,2.690000057220459,2.7249999046325684,295558,0.0,0.0
2024-05-30 13:30:00-04:00,2.7249999046325684,2.7249999046325684,2.6700000762939453,2.684999942779541,147176,0.0,0.0
2024-05-30 14:30:00-04:00,2.680000066757202,2.7100000381469727,2.6500000953674316,2.694999933242798,169504,0.0,0.0
2024-05-30 15:30:00-04:00,2.694999933242798,2.700000047683716,2.680000066757202,2.700000047683716,180903,0.0,0.0
2024-05-31 09:30:00-04:00,2.700000047683716,2.744999885559082,2.630000114440918,2.674999952316284,105770,0.0,0.0
2024-05-31 10:30:00-04:00,2.684000015258789,2.7300000190734863,2.6649999618530273,2.7249999046325684,91252,0.0,0.0
2024-05-31 11:30:00-04:00,2.7200000286102295,2.734999895095825,2.680000066757202,2.7049999237060547,81014,0.0,0.0
2024-05-31 12:30:00-04:00,2.7100000381469727,2.7100000381469727,2.690000057220459,2.700000047683716,62381,0.0,0.0
2024-05-31 13:30:00-04:00,2.7100000381469727,2.7200000286102295,2.690000057220459,2.700000047683716,80109,0.0,0.0
2024-05-31 14:30:00-04:00,2.694999933242798,2.700000047683716,2.6500000953674316,2.6649999618530273,108222,0.0,0.0
2024-05-31 15:30:00-04:00,2.6649999618530273,2.740000009536743,2.6649999618530273,2.740000009536743,172084,0.0,0.0
2024-06-03 09:30:00-04:00,2.759999990463257,2.765000104904175,2.6700000762939453,2.7049999237060547,147989,0.0,0.0
2024-06-03 10:30:00-04:00,2.7100000381469727,2.7100000381469727,2.6449999809265137,2.6649999618530273,156815,0.0,0.0
2024-06-03 11:30:00-04:00,2.6649999618530273,2.6700000762939453,2.5899999141693115,2.5950000286102295,79934,0.0,0.0
2024-06-03 12:30:00-04:00,2.5899999141693115,2.619999885559082,2.5799999237060547,2.609999895095825,147748,0.0,0.0
2024-06-03 13:30:00-04:00,2.609999895095825,2.630000114440918,2.5899999141693115,2.5899999141693115,84167,0.0,0.0
2024-06-03 14:30:00-04:00,2.5899999141693115,2.619999885559082,2.5850000381469727,2.619999885559082,114113,0.0,0.0
2024-06-03 15:30:00-04:00,2.615000009536743,2.619999885559082,2.5999999046325684,2.6050000190734863,116590,0.0,0.0
2024-06-04 09:30:00-04:00,2.569999933242798,2.625,2.559999942779541,2.615000009536743,53466,0.0,0.0
2024-06-04 10:30:00-04:00,2.615000009536743,2.615000009536743,2.569999933242798,2.575000047683716,71476,0.0,0.0
2024-06-04 11:30:00-04:00,2.575000047683716,2.575000047683716,2.559999942779541,2.565000057220459,73141,0.0,0.0
2024-06-04 12:30:00-04:00,2.565000057220459,2.5799999237060547,2.5625,2.575000047683716,39916,0.0,0.0
2024-06-04 13:30:00-04:00,2.575000047683716,2.5899999141693115,2.5399999618530273,2.5399999618530273,79299,0.0,0.0
2024-06-04 14:30:00-04:00,2.5450000762939453,2.5450000762939453,2.515000104904175,2.5250000953674316,103781,0.0,0.0
2024-06-04 15:30:00-04:00,2.5250000953674316,2.549999952316284,2.5239999294281006,2.549999952316284,122831,0.0,0.0
2024-06-05 09:30:00-04:00,2.5899999141693115,2.5899999141693115,2.494999885559082,2.505000114440918,64573,0.0,0.0
2024-06-05 10:30:00-04:00,2.509999990463257,2.5399999618530273,2.494999885559082,2.515000104904175,56198,0.0,0.0
2024-06-05 11:30:00-04:00,2.5125999450683594,2.549999952316284,2.5125999450683594,2.5450000762939453,67353,0.0,0.0
2024-06-05 12:30:00-04:00,2.5450000762939453,2.569999933242798,2.5450000762939453,2.555000066757202,64635,0.0,0.0
2024-06-05 13:30:00-04:00,2.555000066757202,2.559999942779541,2.549999952316284,2.555000066757202,56719,0.0,0.0
2024-06-05 14:30:00-04:00,2.555000066757202,2.5799999237060547,2.5399999618530273,2.565000057220459,191881,0.0,0.0
2024-06-05 15:30:00-04:00,2.565000057220459,2.619999885559082,2.559999942779541,2.619999885559082,240943,0.0,0.0
2024-06-06 09:30:00-04:00,2.640000104904175,2.694999933242798,2.5850000381469727,2.625,65696,0.0,0.0
2024-06-06 10:30:00-04:00,2.624000072479248,2.640000104904175,2.5827999114990234,2.6050000190734863,101812,0.0,0.0
2024-06-06 11:30:00-04:00,2.6050000190734863,2.609999895095825,2.5899999141693115,2.5950000286102295,75936,0.0,0.0
2024-06-06 12:30:00-04:00,2.5950000286102295,2.5999999046325684,2.559999942779541,2.5850000381469727,88381,0.0,0.0
2024-06-06 13:30:00-04:00,2.5850000381469727,2.5899999141693115,2.575000047683716,2.5850000381469727,39151,0.0,0.0
2024-06-06 14:30:00-04:00,2.5850000381469727,2.5899999141693115,2.5799999237060547,2.5850000381469727,33686,0.0,0.0
2024-06-06 15:30:00-04:00,2.5899999141693115,2.5899999141693115,2.559999942779541,2.571000099182129,112495,0.0,0.0
2024-06-07 09:30:00-04:00,2.5199999809265137,2.5399999618530273,2.490000009536743,2.5399999618530273,53741,0.0,0.0
2024-06-07 10:30:00-04:00,2.5339999198913574,2.559999942779541,2.5199999809265137,2.5399999618530273,74058,0.0,0.0
2024-06-07 11:30:00-04:00,2.5450000762939453,2.569999933242798,2.5399999618530273,2.569999933242798,144166,0.0,0.0
2024-06-07 12:30:00-04:00,2.569999933242798,2.575000047683716,2.5199999809265137,2.5450000762939453,109006,0.0,0.0
2024-06-07 13:30:00-04:00,2.5490000247955322,2.5799999237060547,2.5399999618530273,2.565000057220459,151312,0.0,0.0
2024-06-07 14:30:00-04:00,2.559999942779541,2.5999999046325684,2.559999942779541,2.569999933242798,148670,0.0,0.0
2024-06-07 15:30:00-04:00,2.569999933242798,2.6050000190734863,2.569999933242798,2.5899999141693115,198340,0.0,0.0
2024-06-10 09:30:00-04:00,2.5399999618530273,2.5999999046325684,2.5399999618530273,2.569999933242798,65372,0.0,0.0
2024-06-10 10:30:00-04:00,2.569999933242798,2.6050000190734863,2.569999933242798,2.5899999141693115,33715,0.0,0.0
2024-06-10 11:30:00-04:00,2.5899999141693115,2.5999999046325684,2.569999933242798,2.5850000381469727,20341,0.0,0.0
2024-06-10 12:30:00-04:00,2.5799999237060547,2.5799999237060547,2.5399999618530273,2.555000066757202,41881,0.0,0.0
2024-06-10 13:30:00-04:00,2.555000066757202,2.565000057220459,2.5539000034332275,2.5539000034332275,49804,0.0,0.0
2024-06-10 14:30:00-04:00,2.555000066757202,2.559999942779541,2.549999952316284,2.555000066757202,45411,0.0,0.0
2024-06-10 15:30:00-04:00,2.555000066757202,2.555000066757202,2.509999990463257,2.5350000858306885,161966,0.0,0.0
2024-06-11 09:30:00-04:00,2.5,2.5250000953674316,2.490000009536743,2.494999885559082,38276,0.0,0.0
2024-06-11 10:30:00-04:00,2.490000009536743,2.515000104904175,2.4800000190734863,2.515000104904175,25676,0.0,0.0
2024-06-11 11:30:00-04:00,2.515000104904175,2.515000104904175,2.490000009536743,2.509999990463257,42786,0.0,0.0
2024-06-11 12:30:00-04:00,2.5,2.505000114440918,2.484999895095825,2.505000114440918,59321,0.0,0.0
2024-06-11 13:30:00-04:00,2.505000114440918,2.509999990463257,2.490000009536743,2.490000009536743,37549,0.0,0.0
2024-06-11 14:30:00-04:00,2.498800039291382,2.505000114440918,2.490000009536743,2.494999885559082,67445,0.0,0.0
2024-06-11 15:30:00-04:00,2.494999885559082,2.509999990463257,2.490000009536743,2.5,108386,0.0,0.0
2024-06-12 09:30:00-04:00,2.559999942779541,2.6649999618530273,2.559999942779541,2.640000104904175,100464,0.0,0.0
2024-06-12 10:30:00-04:00,2.634999990463257,2.6549999713897705,2.630000114440918,2.634999990463257,39809,0.0,0.0
2024-06-12 11:30:00-04:00,2.634999990463257,2.640000104904175,2.5999999046325684,2.5999999046325684,29176,0.0,0.0
2024-06-12 12:30:00-04:00,2.6050000190734863,2.6050000190734863,2.5799999237060547,2.5850000381469727,36509,0.0,0.0
2024-06-12 13:30:00-04:00,2.5950000286102295,2.609999895095825,2.5850000381469727,2.5999999046325684,45905,0.0,0.0
2024-06-12 14:30:00-04:00,2.5950000286102295,2.5999999046325684,2.5450000762939453,2.5450000762939453,65300,0.0,0.0
2024-06-12 15:30:00-04:00,2.5399999618530273,2.549999952316284,2.5199999809265137,2.549999952316284,167092,0.0,0.0
2024-06-13 09:30:00-04:00,2.5399999618530273,2.559999942779541,2.4600000381469727,2.4649999141693115,49744,0.0,0.0
2024-06-13 10:30:00-04:00,2.4600000381469727,2.4660000801086426,2.430000066757202,2.440000057220459,78004,0.0,0.0
2024-06-13 11:30:00-04:00,2.440000057220459,2.444999933242798,2.390000104904175,2.390000104904175,48090,0.0,0.0
2024-06-13 12:30:00-04:00,2.390000104904175,2.4100000858306885,2.369999885559082,2.380000114440918,62580,0.0,0.0
2024-06-13 13:30:00-04:00,2.369999885559082,2.369999885559082,2.319999933242798,2.319999933242798,91947,0.0,0.0
2024-06-13 14:30:00-04:00,2.325000047683716,2.3299999237060547,2.2699999809265137,2.3299999237060547,162514,0.0,0.0
2024-06-13 15:30:00-04:00,2.319999933242798,2.319999933242798,2.305000066757202,2.309999942779541,71782,0.0,0.0
2024-06-14 09:30:00-04:00,2.2200000286102295,2.265000104904175,2.0,2.065000057220459,810893,0.0,0.0
2024-06-14 10:30:00-04:00,2.065000057220459,2.069999933242798,2.0,2.0201001167297363,405813,0.0,0.0
2024-06-14 11:30:00-04:00,2.0299999713897705,2.0299999713897705,1.9900000095367432,2.005000114440918,272727,0.0,0.0
2024-06-14 12:30:00-04:00,2.005000114440918,2.009999990463257,2.0,2.005000114440918,75612,0.0,0.0
2024-06-14 13:30:00-04:00,2.005000114440918,2.009999990463257,2.0,2.005000114440918,168112,0.0,0.0
2024-06-14 14:30:00-04:00,2.005000114440918,2.009999990463257,2.0,2.005000114440918,283785,0.0,0.0
2024-06-14 15:30:00-04:00,2.0099000930786133,2.049099922180176,2.001699924468994,2.0250000953674316,330866,0.0,0.0
2024-06-17 09:30:00-04:00,2.0299999713897705,2.0799999237060547,1.8849999904632568,1.909999966621399,542110,0.0,0.0
2024-06-17 10:30:00-04:00,1.909999966621399,1.940000057220459,1.8650000095367432,1.8650000095367432,226081,0.0,0.0
2024-06-17 11:30:00-04:00,1.8600000143051147,1.8899999856948853,1.850000023841858,1.8899999856948853,199293,0.0,0.0
2024-06-17 12:30:00-04:00,1.8899999856948853,1.8899999856948853,1.850000023841858,1.8700000047683716,220165,0.0,0.0
2024-06-17 13:30:00-04:00,1.8650000095367432,1.940000057220459,1.8650000095367432,1.934999942779541,189660,0.0,0.0
2024-06-17 14:30:00-04:00,1.9299999475479126,1.9500000476837158,1.8899999856948853,1.9450000524520874,181802,0.0,0.0
2024-06-17 15:30:00-04:00,1.9500000476837158,2.009999990463257,1.940000057220459,2.005000114440918,312240,0.0,0.0
2024-06-18 09:30:00-04:00,1.9800000190734863,2.009999990463257,1.8700000047683716,1.9199999570846558,315211,0.0,0.0
2024-06-18 10:30:00-04:00,1.9249999523162842,1.940000057220459,1.899999976158142,1.909999966621399,288491,0.0,0.0
2024-06-18 11:30:00-04:00,1.902500033378601,1.9299999475479126,1.899999976158142,1.9049999713897705,219848,0.0,0.0
2024-06-18 12:30:00-04:00,1.9049999713897705,1.909999966621399,1.899999976158142,1.899999976158142,108995,0.0,0.0
2024-06-18 13:30:00-04:00,1.899999976158142,1.9049999713897705,1.8700000047683716,1.872499942779541,291289,0.0,0.0
2024-06-18 14:30:00-04:00,1.875,1.899999976158142,1.8700000047683716,1.8849999904632568,225280,0.0,0.0
2024-06-18 15:30:00-04:00,1.8849999904632568,1.8899999856948853,1.8600000143051147,1.8849999904632568,325502,0.0,0.0
2024-06-20 09:30:00-04:00,1.8799999952316284,1.940000057220459,1.8600000143051147,1.9299999475479126,478803,0.0,0.0
2024-06-20 10:30:00-04:00,1.9249999523162842,1.9600000381469727,1.8700000047683716,1.9249999523162842,380208,0.0,0.0
2024-06-20 11:30:00-04:00,1.9249999523162842,1.9600000381469727,1.9199999570846558,1.9500000476837158,295117,0.0,0.0
2024-06-20 12:30:00-04:00,1.9600000381469727,1.9700000286102295,1.9149999618530273,1.9299999475479126,199435,0.0,0.0
2024-06-20 13:30:00-04:00,1.9249999523162842,1.9550000429153442,1.909999966621399,1.9450000524520874,261131,0.0,0.0
2024-06-20 14:30:00-04:00,1.9450000524520874,2.0,1.934999942779541,2.0,1053266,0.0,0.0
2024-06-20 15:30:00-04:00,2.0,2.009999990463257,1.975000023841858,2.005000114440918,271711,0.0,0.0
2024-06-21 09:30:00-04:00,2.009999990463257,2.009999990463257,1.9249999523162842,1.9600000381469727,301042,0.0,0.0
2024-06-21 10:30:00-04:00,1.9500000476837158,1.9900000095367432,1.940000057220459,1.9450000524520874,95942,0.0,0.0
2024-06-21 11:30:00-04:00,1.9500000476837158,1.9800000190734863,1.9500000476837158,1.975000023841858,60509,0.0,0.0
2024-06-21 12:30:00-04:00,1.9800000190734863,2.009999990463257,1.9700000286102295,2.005000114440918,63272,0.0,0.0
2024-06-21 13:30:00-04:00,2.005000114440918,2.0399999618530273,2.005000114440918,2.0350000858306885,82953,0.0,0.0
2024-06-21 14:30:00-04:00,2.0350000858306885,2.0350000858306885,1.9900000095367432,2.0199999809265137,198646,0.0,0.0
2024-06-21 15:30:00-04:00,2.015000104904175,2.0299999713897705,2.0,2.0299999713897705,287224,0.0,0.0
2024-06-24 09:30:00-04:00,2.0199999809265137,2.0950000286102295,2.005000114440918,2.0250000953674316,173627,0.0,0.0
2024-06-24 10:30:00-04:00,2.0250000953674316,2.0350000858306885,1.9850000143051147,1.9950000047683716,112747,0.0,0.0
2024-06-24 11:30:00-04:00,1.9950000047683716,2.0,1.9700000286102295,1.9850000143051147,92823,0.0,0.0
2024-06-24 12:30:00-04:00,1.9850000143051147,1.9900000095367432,1.9700000286102295,1.975000023841858,53398,0.0,0.0
2024-06-24 13:30:00-04:00,1.975000023841858,1.9900000095367432,1.9700000286102295,1.98989999294281,147537,0.0,0.0
2024-06-24 14:30:00-04:00,1.9896999597549438,2.0199999809265137,1.9850000143051147,2.009999990463257,58287,0.0,0.0
2024-06-24 15:30:00-04:00,2.015000104904175,2.0399999618530273,2.012500047683716,2.0399999618530273,173960,0.0,0.0
2024-06-25 09:30:00-04:00,2.0,2.049999952316284,1.9950000047683716,2.0350000858306885,300875,0.0,0.0
2024-06-25 10:30:00-04:00,2.0299999713897705,2.0350000858306885,1.9950000047683716,2.009999990463257,45403,0.0,0.0
2024-06-25 11:30:00-04:00,2.0097999572753906,2.009999990463257,1.9700000286102295,1.9800000190734863,76474,0.0,0.0
2024-06-25 12:30:00-04:00,1.9800000190734863,1.9900000095367432,1.9700000286102295,1.9800000190734863,84412,0.0,0.0
2024-06-25 13:30:00-04:00,1.9800000190734863,1.9800000190734863,1.9600000381469727,1.9600000381469727,67838,0.0,0.0
2024-06-25 14:30:00-04:00,1.9700000286102295,1.9800000190734863,1.9600000381469727,1.965000033378601,136375,0.0,0.0
2024-06-25 15:30:00-04:00,1.965000033378601,1.9800000190734863,1.9600000381469727,1.975000023841858,129656,0.0,0.0
2024-06-26 09:30:00-04:00,1.9800000190734863,2.069999933242798,1.9500000476837158,2.0299999713897705,231243,0.0,0.0
2024-06-26 10:30:00-04:00,2.0250000953674316,2.0399999618530273,1.9950000047683716,2.0350000858306885,74784,0.0,0.0
2024-06-26 11:30:00-04:00,2.0350000858306885,2.065000057220459,2.0350000858306885,2.049999952316284,59761,0.0,0.0
2024-06-26 12:30:00-04:00,2.0450000762939453,2.049999952316284,2.0199999809265137,2.0250000953674316,125866,0.0,0.0
2024-06-26 13:30:00-04:00,2.0250000953674316,2.0274999141693115,2.005000114440918,2.015000104904175,290450,0.0,0.0
2024-06-26 14:30:00-04:00,2.015000104904175,2.0299999713897705,2.009999990463257,2.009999990463257,96648,0.0,0.0
2024-06-26 15:30:00-04:00,2.015000104904175,2.0250000953674316,1.9950000047683716,2.015000104904175,207190,0.0,0.0
2024-06-27 09:30:00-04:00,2.0199999809265137,2.0199999809265137,1.9800000190734863,1.9850000143051147,124531,0.0,0.0
2024-06-27 10:30:00-04:00,1.9800000190734863,2.0,1.9800000190734863,1.9800000190734863,67863,0.0,0.0
2024-06-27 11:30:00-04:00,1.9850000143051147,2.0,1.9800000190734863,1.9950000047683716,36451,0.0,0.0
2024-06-27 12:30:00-04:00,1.9950000047683716,2.0,1.9800000190734863,2.0,28219,0.0,0.0
2024-06-27 13:30:00-04:00,1.9950000047683716,2.009999990463257,1.9900000095367432,1.9950000047683716,145339,0.0,0.0
2024-06-27 14:30:00-04:00,1.9950000047683716,2.049999952316284,1.9950000047683716,2.049999952316284,82449,0.0,0.0
2024-06-27 15:30:00-04:00,2.049999952316284,2.065000057220459,2.0399999618530273,2.049999952316284,145148,0.0,0.0
2024-06-28 09:30:00-04:00,2.0899999141693115,2.190000057220459,2.075000047683716,2.184999942779541,279320,0.0,0.0
2024-06-28 10:30:00-04:00,2.190000057220459,2.190000057220459,2.1549999713897705,2.1649999618530273,111773,0.0,0.0
2024-06-28 11:30:00-04:00,2.1649999618530273,2.2149999141693115,2.1600000858306885,2.180000066757202,130993,0.0,0.0
2024-06-28 12:30:00-04:00,2.180000066757202,2.2249999046325684,2.1649999618530273,2.2049999237060547,196034,0.0,0.0
2024-06-28 13:30:00-04:00,2.2049999237060547,2.2300000190734863,2.180000066757202,2.2300000190734863,76030,0.0,0.0
2024-06-28 14:30:00-04:00,2.2300000190734863,2.2300000190734863,2.184999942779541,2.2049999237060547,217741,0.0,0.0
2024-06-28 15:30:00-04:00,2.2049999237060547,2.25,2.200000047683716,2.2149999141693115,254591,0.0,0.0
2024-07-01 09:30:00-04:00,2.2100000381469727,2.240000009536743,2.1500000953674316,2.180000066757202,139733,0.0,0.0
2024-07-01 10:30:00-04:00,2.184999942779541,2.194999933242798,2.1600000858306885,2.194999933242798,127036,0.0,0.0
2024-07-01 11:30:00-04:00,2.190000057220459,2.2300000190734863,2.190000057220459,2.2249999046325684,202902,0.0,0.0
2024-07-01 12:30:00-04:00,2.2249999046325684,2.240000009536743,2.200000047683716,2.240000009536743,113527,0.0,0.0
2024-07-01 13:30:00-04:00,2.240000009536743,2.240000009536743,2.2100000381469727,2.2149999141693115,57797,0.0,0.0
2024-07-01 14:30:00-04:00,2.2149999141693115,2.2200000286102295,2.200000047683716,2.200000047683716,120181,0.0,0.0
2024-07-01 15:30:00-04:00,2.2049999237060547,2.2300000190734863,2.200000047683716,2.2249999046325684,236595,0.0,0.0
2024-07-02 09:30:00-04:00,2.240000009536743,2.2899999618530273,2.190000057220459,2.2049999237060547,206828,0.0,0.0
2024-07-02 10:30:00-04:00,2.200000047683716,2.2100000381469727,2.200000047683716,2.2049999237060547,64600,0.0,0.0
2024-07-02 11:30:00-04:00,2.2049999237060547,2.240000009536743,2.200000047683716,2.2200000286102295,57848,0.0,0.0
2024-07-02 12:30:00-04:00,2.2300000190734863,2.2300000190734863,2.2200000286102295,2.2200000286102295,33757,0.0,0.0
2024-07-02 13:30:00-04:00,2.220900058746338,2.259999990463257,2.2200000286102295,2.244999885559082,99094,0.0,0.0
2024-07-02 14:30:00-04:00,2.240999937057495,2.2699999809265137,2.240000009536743,2.265000104904175,53647,0.0,0.0
2024-07-02 15:30:00-04:00,2.2600998878479004,2.2799999713897705,2.259999990463257,2.2799999713897705,53173,0.0,0.0
2024-07-03 09:30:00-04:00,2.2799999713897705,2.315000057220459,2.2699999809265137,2.315000057220459,38192,0.0,0.0
2024-07-03 10:30:00-04:00,2.315000057220459,2.315000057220459,2.2750000953674316,2.2750000953674316,25075,0.0,0.0
2024-07-03 11:30:00-04:00,2.259999990463257,2.2799999713897705,2.259999990463257,2.277400016784668,32143,0.0,0.0
2024-07-05 09:30:00-04:00,2.2200000286102295,2.259999990463257,2.2100000381469727,2.2249999046325684,101349,0.0,0.0
2024-07-05 10:30:00-04:00,2.2260000705718994,2.239500045776367,2.2200000286102295,2.234999895095825,42576,0.0,0.0
2024-07-05 11:30:00-04:00,2.234999895095825,2.244999885559082,2.200000047683716,2.200000047683716,22902,0.0,0.0
2024-07-05 12:30:00-04:00,2.200000047683716,2.2100000381469727,2.180000066757202,2.200000047683716,66472,0.0,0.0
2024-07-05 13:30:00-04:00,2.200000047683716,2.2100000381469727,2.180000066757202,2.180000066757202,50492,0.0,0.0
2024-07-05 14:30:00-04:00,2.180000066757202,2.200000047683716,2.180000066757202,2.200000047683716,66714,0.0,0.0
2024-07-05 15:30:00-04:00,2.200000047683716,2.2300000190734863,2.200000047683716,2.2249999046325684,80158,0.0,0.0
2024-07-08 09:30:00-04:00,2.25,2.309999942779541,2.25,2.309999942779541,48212,0.0,0.0
2024-07-08 10:30:00-04:00,2.305999994277954,2.319999933242798,2.2799999713897705,2.305000066757202,65271,0.0,0.0
2024-07-08 11:30:00-04:00,2.305000066757202,2.309999942779541,2.2699999809265137,2.2799999713897705,25910,0.0,0.0
2024-07-08 12:30:00-04:00,2.2750000953674316,2.319999933242798,2.2750000953674316,2.2850000858306885,54573,0.0,0.0
2024-07-08 13:30:00-04:00,2.2850000858306885,2.299999952316284,2.2699999809265137,2.299999952316284,52007,0.0,0.0
2024-07-08 14:30:00-04:00,2.299999952316284,2.359999895095825,2.299999952316284,2.3550000190734863,124073,0.0,0.0
2024-07-08 15:30:00-04:00,2.3550000190734863,2.380000114440918,2.3499999046325684,2.365000009536743,139777,0.0,0.0
2024-07-09 09:30:00-04:00,2.359999895095825,2.359999895095825,2.25,2.255000114440918,85207,0.0,0.0
2024-07-09 10:30:00-04:00,2.25,2.265000104904175,2.25,2.255000114440918,80679,0.0,0.0
2024-07-09 11:30:00-04:00,2.25,2.2799999713897705,2.25,2.2750000953674316,35315,0.0,0.0
2024-07-09 12:30:00-04:00,2.2750000953674316,2.2899999618530273,2.259999990463257,2.2750000953674316,58166,0.0,0.0
2024-07-09 13:30:00-04:00,2.2699999809265137,2.2799999713897705,2.255000114440918,2.255000114440918,31816,0.0,0.0
2024-07-09 14:30:00-04:00,2.25600004196167,2.2799999713897705,2.25,2.2750000953674316,50918,0.0,0.0
2024-07-09 15:30:00-04:00,2.2750000953674316,2.2899999618530273,2.2699999809265137,2.2699999809265137,74842,0.0,0.0
2024-07-10 09:30:00-04:00,2.2899999618530273,2.2899999618530273,2.2302000522613525,2.234999895095825,31415,0.0,0.0
2024-07-10 10:30:00-04:00,2.2149999141693115,2.2249999046325684,2.194999933242798,2.2049999237060547,34158,0.0,0.0
2024-07-10 11:30:00-04:00,2.200000047683716,2.2100000381469727,2.1600000858306885,2.1700000762939453,55011,0.0,0.0
2024-07-10 12:30:00-04:00,2.1700000762939453,2.2200000286102295,2.1600000858306885,2.2174999713897705,69555,0.0,0.0
2024-07-10 13:30:00-04:00,2.210700035095215,2.240000009536743,2.210700035095215,2.234999895095825,65230,0.0,0.0
2024-07-10 14:30:00-04:00,2.2300000190734863,2.2300000190734863,2.190000057220459,2.2149999141693115,113941,0.0,0.0
2024-07-10 15:30:00-04:00,2.2149999141693115,2.2249999046325684,2.2100000381469727,2.2100000381469727,111051,0.0,0.0
2024-07-11 09:30:00-04:00,2.2899999618530273,2.339900016784668,2.2200000286102295,2.335599899291992,108721,0.0,0.0
2024-07-11 10:30:00-04:00,2.3350000381469727,2.3450000286102295,2.2850000858306885,2.2950000762939453,102019,0.0,0.0
2024-07-11 11:30:00-04:00,2.2950000762939453,2.299999952316284,2.2100000381469727,2.2149999141693115,102203,0.0,0.0
2024-07-11 12:30:00-04:00,2.2149999141693115,2.259999990463257,2.2100000381469727,2.255000114440918,142399,0.0,0.0
2024-07-11 13:30:00-04:00,2.255000114440918,2.255000114440918,2.2100000381469727,2.234999895095825,149772,0.0,0.0
2024-07-11 14:30:00-04:00,2.234999895095825,2.25,2.2149999141693115,2.2249999046325684,177890,0.0,0.0
2024-07-11 15:30:00-04:00,2.2223000526428223,2.2699999809265137,2.2223000526428223,2.2699999809265137,232933,0.0,0.0
2024-07-12 09:30:00-04:00,2.309999942779541,2.3299999237060547,2.259999990463257,2.2750000953674316,119298,0.0,0.0
2024-07-12 10:30:00-04:00,2.2750000953674316,2.299999952316284,2.2699999809265137,2.2950000762939453,59788,0.0,0.0
2024-07-12 11:30:00-04:00,2.2899999618530273,2.299999952316284,2.2799999713897705,2.2850000858306885,61620,0.0,0.0
2024-07-12 12:30:00-04:00,2.2850000858306885,2.299999952316284,2.2750000953674316,2.2950000762939453,66381,0.0,0.0
2024-07-12 13:30:00-04:00,2.2950000762939453,2.299999952316284,2.2899999618530273,2.299999952316284,59117,0.0,0.0
2024-07-12 14:30:00-04:00,2.2950000762939453,2.309999942779541,2.2899999618530273,2.305000066757202,60800,0.0,0.0
2024-07-12 15:30:00-04:00,2.305000066757202,2.319999933242798,2.299999952316284,2.309999942779541,84757,0.0,0.0
2024-07-15 09:30:00-04:00,2.3299999237060547,2.4200000762939453,2.2699999809265137,2.3949999809265137,157173,0.0,0.0
2024-07-15 10:30:00-04:00,2.3959999084472656,2.4600000381469727,2.3949999809265137,2.450000047683716,46670,0.0,0.0
2024-07-15 11:30:00-04:00,2.4560000896453857,2.490000009536743,2.4549999237060547,2.4649999141693115,62156,0.0,0.0
2024-07-15 12:30:00-04:00,2.4600000381469727,2.5,2.450000047683716,2.494999885559082,70503,0.0,0.0
2024-07-15 13:30:00-04:00,2.499000072479248,2.5199999809265137,2.4649999141693115,2.515000104904175,183024,0.0,0.0
2024-07-15 14:30:00-04:00,2.509999990463257,2.5399999618530273,2.494999885559082,2.5250000953674316,126902,0.0,0.0
2024-07-15 15:30:00-04:00,2.5201001167297363,2.5299999713897705,2.490000009536743,2.509999990463257,164278,0.0,0.0
2024-07-16 09:30:00-04:00,2.609999895095825,2.880000114440918,2.609999895095825,2.859999895095825,477984,0.0,0.0
2024-07-16 10:30:00-04:00,2.859999895095825,2.865000009536743,2.819999933242798,2.825000047683716,255408,0.0,0.0
2024-07-16 11:30:00-04:00,2.825000047683716,2.8949999809265137,2.7899999618530273,2.884999990463257,233127,0.0,0.0
2024-07-16 12:30:00-04:00,2.8801000118255615,2.950000047683716,2.880000114440918,2.9430999755859375,328684,0.0,0.0
2024-07-16 13:30:00-04:00,2.940000057220459,3.049999952316284,2.940000057220459,3.0399999618530273,266707,0.0,0.0
2024-07-16 14:30:00-04:00,3.049999952316284,3.119999885559082,3.04010009765625,3.0450000762939453,557419,0.0,0.0
2024-07-16 15:30:00-04:00,3.0409998893737793,3.069999933242798,3.0199999809265137,3.069999933242798,408577,0.0,0.0
2024-07-17 09:30:00-04:00,2.950000047683716,3.059999942779541,2.900399923324585,2.9749999046325684,246354,0.0,0.0
2024-07-17 10:30:00-04:00,2.9749999046325684,3.009999990463257,2.9200000762939453,2.994999885559082,146772,0.0,0.0
2024-07-17 11:30:00-04:00,3.0,3.0399999618530273,2.9649999141693115,2.9749999046325684,170776,0.0,0.0
2024-07-17 12:30:00-04:00,2.9800000190734863,2.990000009536743,2.950000047683716,2.9600000381469727,86767,0.0,0.0
2024-07-17 13:30:00-04:00,2.9600000381469727,2.9649999141693115,2.9100000858306885,2.9549999237060547,146129,0.0,0.0
2024-07-17 14:30:00-04:00,2.950000047683716,2.950000047683716,2.9100000858306885,2.924999952316284,181063,0.0,0.0
2024-07-17 15:30:00-04:00,2.924999952316284,2.944999933242798,2.9200000762939453,2.924999952316284,194612,0.0,0.0
2024-07-18 09:30:00-04:00,2.890000104904175,2.9100000858306885,2.809999942779541,2.9000000953674316,165594,0.0,0.0
2024-07-18 10:30:00-04:00,2.8949999809265137,2.9149999618530273,2.875,2.880000114440918,137895,0.0,0.0
2024-07-18 11:30:00-04:00,2.869999885559082,2.869999885559082,2.825000047683716,2.8350000381469727,64568,0.0,0.0
2024-07-18 12:30:00-04:00,2.8350000381469727,2.8550000190734863,2.7799999713897705,2.8499999046325684,164120,0.0,0.0
2024-07-18 13:30:00-04:00,2.8499999046325684,2.8550000190734863,2.7850000858306885,2.7850000858306885,103533,0.0,0.0
2024-07-18 14:30:00-04:00,2.7799999713897705,2.7950000762939453,2.75,2.765000104904175,120801,0.0,0.0
2024-07-18 15:30:00-04:00,2.765000104904175,2.819999933242798,2.765000104904175,2.815000057220459,145013,0.0,0.0
2024-07-19 09:30:00-04:00,2.819999933242798,2.8499999046325684,2.759999990463257,2.815000057220459,64897,0.0,0.0
2024-07-19 10:30:00-04:00,2.819999933242798,2.829900026321411,2.7799999713897705,2.7899999618530273,88965,0.0,0.0
2024-07-19 11:30:00-04:00,2.790600061416626,2.8499999046325684,2.7899999618530273,2.8406999111175537,42879,0.0,0.0
2024-07-19 12:30:00-04:00,2.8499999046325684,2.8499999046325684,2.819999933242798,2.825000047683716,28494,0.0,0.0
2024-07-19 13:30:00-04:00,2.819999933242798,2.8299999237060547,2.799999952316284,2.799999952316284,35852,0.0,0.0
2024-07-19 14:30:00-04:00,2.799999952316284,2.819999933242798,2.7899999618530273,2.809999942779541,78563,0.0,0.0
2024-07-19 15:30:00-04:00,2.809999942779541,2.819999933242798,2.7799999713897705,2.7850000858306885,79061,0.0,0.0
