Datetime,Open,High,Low,Close,Volume,Dividends,Stock Splits
2022-07-21 09:30:00-04:00,5.400000095367432,5.400000095367432,5.400000095367432,5.400000095367432,507,0.0,0.0
2022-07-21 12:30:00-04:00,5.210000038146973,5.210000038146973,5.210000038146973,5.210000038146973,100,0.0,0.0
2022-07-21 13:30:00-04:00,5.249899864196777,5.249899864196777,5.249899864196777,5.249899864196777,302,0.0,0.0
2022-07-21 14:30:00-04:00,5.21999979019165,5.21999979019165,5.210000038146973,5.210000038146973,773,0.0,0.0
2022-07-21 15:30:00-04:00,5.299900054931641,5.299900054931641,5.269999980926514,5.269999980926514,317,0.0,0.0
2022-07-22 09:30:00-04:00,5.400000095367432,5.400000095367432,5.271999835968018,5.349999904632568,2775,0.0,0.0
2022-07-22 10:30:00-04:00,5.449999809265137,5.480000019073486,5.442999839782715,5.46999979019165,4746,0.0,0.0
2022-07-22 11:30:00-04:00,5.505000114440918,5.673799991607666,5.505000114440918,5.670000076293945,3572,0.0,0.0
2022-07-22 12:30:00-04:00,5.670000076293945,5.700099945068359,5.630000114440918,5.699999809265137,7010,0.0,0.0
2022-07-22 13:30:00-04:00,5.6890997886657715,5.6890997886657715,5.679999828338623,5.684999942779541,1356,0.0,0.0
2022-07-22 14:30:00-04:00,5.690000057220459,5.7017998695373535,5.690000057220459,5.699999809265137,3366,0.0,0.0
2022-07-22 15:30:00-04:00,5.650000095367432,5.65500020980835,5.579999923706055,5.590000152587891,1370,0.0,0.0
2022-07-25 09:30:00-04:00,5.579999923706055,5.800000190734863,5.570000171661377,5.800000190734863,4147,0.0,0.0
2022-07-25 10:30:00-04:00,5.800000190734863,5.82420015335083,5.78000020980835,5.815100193023682,9354,0.0,0.0
2022-07-25 11:30:00-04:00,5.829999923706055,5.829999923706055,5.800000190734863,5.800000190734863,2378,0.0,0.0
2022-07-25 12:30:00-04:00,5.800899982452393,5.800899982452393,5.800899982452393,5.800899982452393,525,0.0,0.0
2022-07-25 13:30:00-04:00,5.809999942779541,5.809999942779541,5.8094000816345215,5.8094000816345215,1345,0.0,0.0
2022-07-25 14:30:00-04:00,5.800000190734863,5.809999942779541,5.800000190734863,5.809999942779541,4154,0.0,0.0
2022-07-25 15:30:00-04:00,5.78000020980835,5.800000190734863,5.78000020980835,5.800000190734863,4243,0.0,0.0
2022-07-26 10:30:00-04:00,5.840000152587891,5.974999904632568,5.840000152587891,5.949999809265137,8029,0.0,0.0
2022-07-26 11:30:00-04:00,5.940000057220459,5.960000038146973,5.929999828338623,5.951000213623047,7684,0.0,0.0
2022-07-26 12:30:00-04:00,5.949999809265137,5.980100154876709,5.949999809265137,5.949999809265137,9552,0.0,0.0
2022-07-26 13:30:00-04:00,5.880000114440918,5.880000114440918,5.849999904632568,5.860000133514404,1023,0.0,0.0
2022-07-26 14:30:00-04:00,5.78000020980835,5.819900035858154,5.775000095367432,5.775000095367432,3516,0.0,0.0
2022-07-26 15:30:00-04:00,5.75,5.75,5.75,5.75,0,0.0,0.0
2022-07-27 09:30:00-04:00,5.75,5.75,5.730000019073486,5.730000019073486,210,0.0,0.0
2022-07-27 10:30:00-04:00,5.78000020980835,5.840000152587891,5.699999809265137,5.840000152587891,6426,0.0,0.0
2022-07-27 11:30:00-04:00,5.840000152587891,5.840000152587891,5.599999904632568,5.599999904632568,5129,0.0,0.0
2022-07-27 12:30:00-04:00,5.5843000411987305,5.5843000411987305,5.570000171661377,5.570000171661377,1093,0.0,0.0
2022-07-27 13:30:00-04:00,5.520100116729736,5.539999961853027,5.519999980926514,5.539999961853027,1549,0.0,0.0
2022-07-27 14:30:00-04:00,5.567299842834473,5.570099830627441,5.559999942779541,5.570099830627441,1356,0.0,0.0
2022-07-27 15:30:00-04:00,5.587299823760986,5.599899768829346,5.570000171661377,5.570000171661377,1333,0.0,0.0
2022-07-28 09:30:00-04:00,5.560400009155273,5.560400009155273,5.560400009155273,5.560400009155273,204,0.0,0.0
2022-07-28 11:30:00-04:00,5.5,5.5,5.5,5.5,1245,0.0,0.0
2022-07-28 12:30:00-04:00,5.496500015258789,5.53000020980835,5.465000152587891,5.53000020980835,6126,0.0,0.0
2022-07-28 13:30:00-04:00,5.53000020980835,5.849899768829346,5.53000020980835,5.840000152587891,7102,0.0,0.0
2022-07-28 14:30:00-04:00,5.820000171661377,5.889999866485596,5.820000171661377,5.880000114440918,3885,0.0,0.0
2022-07-28 15:30:00-04:00,5.889900207519531,5.940000057220459,5.880000114440918,5.940000057220459,1041,0.0,0.0
2022-07-29 09:30:00-04:00,5.939899921417236,5.939899921417236,5.939899921417236,5.939899921417236,118,0.0,0.0
2022-07-29 10:30:00-04:00,5.900000095367432,5.900000095367432,5.900000095367432,5.900000095367432,131,0.0,0.0
2022-07-29 11:30:00-04:00,5.905399799346924,5.909999847412109,5.900000095367432,5.900000095367432,1242,0.0,0.0
2022-07-29 12:30:00-04:00,5.900000095367432,5.900000095367432,5.815000057220459,5.815000057220459,1908,0.0,0.0
2022-07-29 13:30:00-04:00,5.829999923706055,5.849999904632568,5.8119001388549805,5.849999904632568,3015,0.0,0.0
2022-07-29 14:30:00-04:00,5.860000133514404,5.860000133514404,5.849999904632568,5.857500076293945,1743,0.0,0.0
2022-07-29 15:30:00-04:00,5.849999904632568,5.849999904632568,5.800000190734863,5.849999904632568,971,0.0,0.0
2022-08-01 09:30:00-04:00,5.849999904632568,5.849999904632568,5.789899826049805,5.829999923706055,3603,0.0,0.0
2022-08-01 10:30:00-04:00,5.832699775695801,5.832699775695801,5.789999961853027,5.789999961853027,3846,0.0,0.0
2022-08-01 11:30:00-04:00,5.789999961853027,5.790200233459473,5.784999847412109,5.784999847412109,508,0.0,0.0
2022-08-01 12:30:00-04:00,5.78000020980835,5.78000020980835,5.769999980926514,5.78000020980835,516,0.0,0.0
2022-08-01 13:30:00-04:00,5.760000228881836,5.760000228881836,5.760000228881836,5.760000228881836,183,0.0,0.0
2022-08-01 14:30:00-04:00,5.78000020980835,5.78000020980835,5.78000020980835,5.78000020980835,200,0.0,0.0
2022-08-01 15:30:00-04:00,5.78000020980835,5.78000020980835,5.78000020980835,5.78000020980835,0,0.0,0.0
2022-08-02 11:30:00-04:00,5.627900123596191,5.627900123596191,5.627900123596191,5.627900123596191,850,0.0,0.0
2022-08-02 12:30:00-04:00,5.739999771118164,5.739999771118164,5.699999809265137,5.701399803161621,1415,0.0,0.0
2022-08-02 13:30:00-04:00,5.679999828338623,5.685200214385986,5.679999828338623,5.685200214385986,588,0.0,0.0
2022-08-02 14:30:00-04:00,5.659999847412109,5.670000076293945,5.6427998542785645,5.670000076293945,1640,0.0,0.0
2022-08-02 15:30:00-04:00,5.679999828338623,5.690000057220459,5.670000076293945,5.670000076293945,0,0.0,0.0
2022-08-03 09:30:00-04:00,5.639900207519531,5.75,5.599999904632568,5.71999979019165,7835,0.0,0.0
2022-08-03 10:30:00-04:00,5.690000057220459,5.6940999031066895,5.670000076293945,5.670000076293945,923,0.0,0.0
2022-08-03 11:30:00-04:00,5.670000076293945,5.670000076293945,5.650000095367432,5.650000095367432,2451,0.0,0.0
2022-08-03 12:30:00-04:00,5.639999866485596,5.639999866485596,5.619999885559082,5.619999885559082,2646,0.0,0.0
2022-08-03 13:30:00-04:00,5.637599945068359,5.650000095367432,5.637599945068359,5.650000095367432,370,0.0,0.0
2022-08-03 14:30:00-04:00,5.639999866485596,5.730000019073486,5.639999866485596,5.730000019073486,7780,0.0,0.0
2022-08-03 15:30:00-04:00,5.71999979019165,5.71999979019165,5.710000038146973,5.710000038146973,0,0.0,0.0
2022-08-04 09:30:00-04:00,5.579999923706055,5.679999828338623,5.579999923706055,5.581099987030029,14648,0.0,0.0
2022-08-04 10:30:00-04:00,5.589900016784668,5.619999885559082,5.585000038146973,5.599999904632568,8338,0.0,0.0
2022-08-04 11:30:00-04:00,5.599999904632568,5.599999904632568,5.599999904632568,5.599999904632568,351,0.0,0.0
2022-08-04 12:30:00-04:00,5.639999866485596,5.639999866485596,5.619999885559082,5.619999885559082,2158,0.0,0.0
2022-08-04 13:30:00-04:00,5.619999885559082,5.789999961853027,5.599999904632568,5.650000095367432,12900,0.0,0.0
2022-08-04 14:30:00-04:00,5.610000133514404,5.610000133514404,5.610000133514404,5.610000133514404,347,0.0,0.0
2022-08-04 15:30:00-04:00,5.650000095367432,5.65500020980835,5.610000133514404,5.610000133514404,0,0.0,0.0
2022-08-05 09:30:00-04:00,5.650000095367432,5.650000095367432,5.610000133514404,5.610000133514404,3612,0.0,0.0
2022-08-05 10:30:00-04:00,5.610000133514404,5.639900207519531,5.610000133514404,5.630000114440918,7357,0.0,0.0
2022-08-05 11:30:00-04:00,5.630000114440918,5.630000114440918,5.599999904632568,5.599999904632568,2210,0.0,0.0
2022-08-05 12:30:00-04:00,5.630000114440918,5.639999866485596,5.6097002029418945,5.639999866485596,5266,0.0,0.0
2022-08-05 13:30:00-04:00,5.639999866485596,5.639999866485596,5.630000114440918,5.630000114440918,754,0.0,0.0
2022-08-05 15:30:00-04:00,5.630000114440918,5.639999866485596,5.630000114440918,5.639999866485596,594,0.0,0.0
2022-08-08 09:30:00-04:00,5.800000190734863,5.839900016784668,5.7621002197265625,5.7621002197265625,955,0.0,0.0
2022-08-08 10:30:00-04:00,5.839900016784668,5.839900016784668,5.803500175476074,5.820000171661377,1889,0.0,0.0
2022-08-08 11:30:00-04:00,5.818999767303467,5.818999767303467,5.783199787139893,5.783199787139893,1489,0.0,0.0
2022-08-08 12:30:00-04:00,5.769999980926514,5.769999980926514,5.769999980926514,5.769999980926514,0,0.0,0.0
2022-08-09 09:30:00-04:00,5.75,5.829899787902832,5.650000095367432,5.829899787902832,3238,0.0,0.0
2022-08-09 10:30:00-04:00,5.820000171661377,5.829999923706055,5.820000171661377,5.829999923706055,302,0.0,0.0
2022-08-09 11:30:00-04:00,5.820000171661377,5.820000171661377,5.820000171661377,5.820000171661377,317,0.0,0.0
2022-08-09 12:30:00-04:00,5.800000190734863,5.809999942779541,5.789999961853027,5.789999961853027,520,0.0,0.0
2022-08-09 13:30:00-04:00,5.789999961853027,5.789999961853027,5.78000020980835,5.78000020980835,343,0.0,0.0
2022-08-10 09:30:00-04:00,5.78000020980835,5.839900016784668,5.78000020980835,5.839900016784668,0,0.0,0.0
2022-08-10 10:30:00-04:00,5.840000152587891,5.999899864196777,5.840000152587891,5.960000038146973,1190,0.0,0.0
2022-08-10 11:30:00-04:00,5.923399925231934,5.923399925231934,5.920000076293945,5.920000076293945,1542,0.0,0.0
2022-08-10 12:30:00-04:00,5.840099811553955,5.860000133514404,5.840099811553955,5.860000133514404,321,0.0,0.0
2022-08-10 13:30:00-04:00,5.863100051879883,5.863100051879883,5.849999904632568,5.849999904632568,1615,0.0,0.0
2022-08-10 14:30:00-04:00,5.927999973297119,5.94950008392334,5.927999973297119,5.936800003051758,329,0.0,0.0
2022-08-10 15:30:00-04:00,5.849999904632568,5.849999904632568,5.849999904632568,5.849999904632568,0,0.0,0.0
2022-08-11 09:30:00-04:00,5.869999885559082,5.869999885559082,5.289999961853027,5.400000095367432,17651,0.0,0.0
2022-08-11 10:30:00-04:00,5.449999809265137,5.449999809265137,5.400000095367432,5.4481000900268555,7088,0.0,0.0
2022-08-11 11:30:00-04:00,5.409999847412109,5.438199996948242,5.409999847412109,5.438199996948242,564,0.0,0.0
2022-08-11 13:30:00-04:00,5.420000076293945,5.630000114440918,5.400100231170654,5.400100231170654,36870,0.0,0.0
2022-08-11 14:30:00-04:00,5.489999771118164,5.550000190734863,5.489999771118164,5.5,1184,0.0,0.0
2022-08-11 15:30:00-04:00,5.510000228881836,5.510000228881836,5.5,5.510000228881836,621,0.0,0.0
2022-08-12 09:30:00-04:00,5.53000020980835,5.539899826049805,5.510000228881836,5.510000228881836,987,0.0,0.0
2022-08-12 10:30:00-04:00,5.541100025177002,5.541100025177002,5.519999980926514,5.519999980926514,456,0.0,0.0
2022-08-12 11:30:00-04:00,5.519999980926514,5.519999980926514,5.5,5.5,2267,0.0,0.0
2022-08-12 12:30:00-04:00,5.499899864196777,5.499899864196777,5.454999923706055,5.454999923706055,1418,0.0,0.0
2022-08-12 13:30:00-04:00,5.460000038146973,5.46999979019165,5.460000038146973,5.46999979019165,385,0.0,0.0
2022-08-12 14:30:00-04:00,5.460000038146973,5.460000038146973,5.190000057220459,5.400000095367432,12486,0.0,0.0
2022-08-12 15:30:00-04:00,5.329999923706055,5.329999923706055,5.300000190734863,5.300000190734863,1016,0.0,0.0
2022-08-15 09:30:00-04:00,5.21999979019165,5.240600109100342,5.199999809265137,5.199999809265137,1449,0.0,0.0
2022-08-15 10:30:00-04:00,5.249899864196777,5.283999919891357,5.248600006103516,5.283999919891357,425,0.0,0.0
2022-08-15 11:30:00-04:00,5.28000020980835,5.599999904632568,5.260000228881836,5.360000133514404,36009,0.0,0.0
2022-08-15 12:30:00-04:00,5.349999904632568,5.399899959564209,5.329999923706055,5.329999923706055,5170,0.0,0.0
2022-08-15 13:30:00-04:00,5.320000171661377,5.360000133514404,5.289999961853027,5.289999961853027,1168,0.0,0.0
2022-08-15 14:30:00-04:00,5.360000133514404,5.3744001388549805,5.300000190734863,5.3744001388549805,6577,0.0,0.0
2022-08-15 15:30:00-04:00,5.349999904632568,5.380000114440918,5.349999904632568,5.380000114440918,900,0.0,0.0
2022-08-16 09:30:00-04:00,5.239999771118164,5.394100189208984,5.239999771118164,5.394100189208984,551,0.0,0.0
2022-08-16 10:30:00-04:00,5.369999885559082,5.369999885559082,5.369999885559082,5.369999885559082,261,0.0,0.0
2022-08-16 12:30:00-04:00,5.369999885559082,5.380000114440918,5.369999885559082,5.380000114440918,773,0.0,0.0
2022-08-16 13:30:00-04:00,5.380000114440918,5.380000114440918,5.340000152587891,5.340000152587891,5223,0.0,0.0
2022-08-16 14:30:00-04:00,5.360000133514404,5.360000133514404,5.360000133514404,5.360000133514404,206,0.0,0.0
2022-08-16 15:30:00-04:00,5.360000133514404,5.389999866485596,5.360000133514404,5.389999866485596,415,0.0,0.0
2022-08-17 09:30:00-04:00,5.239999771118164,5.349999904632568,5.239999771118164,5.349999904632568,413,0.0,0.0
2022-08-17 10:30:00-04:00,5.340000152587891,5.340000152587891,5.329999923706055,5.329999923706055,1851,0.0,0.0
2022-08-17 12:30:00-04:00,5.360000133514404,5.360000133514404,5.340000152587891,5.340000152587891,1734,0.0,0.0
2022-08-17 13:30:00-04:00,5.344200134277344,5.344200134277344,5.300000190734863,5.300000190734863,1354,0.0,0.0
2022-08-17 15:30:00-04:00,5.300000190734863,5.300000190734863,5.300000190734863,5.300000190734863,274,0.0,0.0
2022-08-18 09:30:00-04:00,5.230000019073486,5.315299987792969,5.230000019073486,5.289999961853027,0,0.0,0.0
2022-08-18 10:30:00-04:00,5.1975998878479,5.340000152587891,5.1975998878479,5.320000171661377,2009,0.0,0.0
2022-08-18 11:30:00-04:00,5.309999942779541,5.333700180053711,5.255000114440918,5.329999923706055,6189,0.0,0.0
2022-08-18 12:30:00-04:00,5.329999923706055,5.329999923706055,5.300000190734863,5.300000190734863,903,0.0,0.0
2022-08-18 13:30:00-04:00,5.315000057220459,5.315000057220459,5.309999942779541,5.309999942779541,1055,0.0,0.0
2022-08-18 15:30:00-04:00,5.308499813079834,5.308499813079834,5.28000020980835,5.28000020980835,1741,0.0,0.0
2022-08-19 09:30:00-04:00,5.339900016784668,5.339900016784668,5.255000114440918,5.289999961853027,0,0.0,0.0
2022-08-19 10:30:00-04:00,5.289999961853027,5.289999961853027,5.289999961853027,5.289999961853027,368,0.0,0.0
2022-08-19 13:30:00-04:00,5.259900093078613,5.259900093078613,5.22599983215332,5.22599983215332,3580,0.0,0.0
2022-08-19 14:30:00-04:00,5.210000038146973,5.210000038146973,5.210000038146973,5.210000038146973,383,0.0,0.0
2022-08-19 15:30:00-04:00,5.25,5.259900093078613,5.21999979019165,5.259900093078613,5045,0.0,0.0
2022-08-22 09:30:00-04:00,5.215199947357178,5.215199947357178,5.200099945068359,5.200099945068359,1448,0.0,0.0
2022-08-22 10:30:00-04:00,5.200099945068359,5.380000114440918,5.199999809265137,5.295000076293945,3865,0.0,0.0
2022-08-22 12:30:00-04:00,5.320000171661377,5.320000171661377,5.320000171661377,5.320000171661377,200,0.0,0.0
2022-08-22 13:30:00-04:00,5.329999923706055,5.329999923706055,5.275000095367432,5.289999961853027,5605,0.0,0.0
2022-08-22 14:30:00-04:00,5.289999961853027,5.309999942779541,5.210100173950195,5.25,4136,0.0,0.0
2022-08-22 15:30:00-04:00,5.230000019073486,5.230000019073486,5.210000038146973,5.210000038146973,0,0.0,0.0
2022-08-23 09:30:00-04:00,5.199999809265137,5.260000228881836,5.199999809265137,5.25,3662,0.0,0.0
2022-08-23 10:30:00-04:00,5.239999771118164,5.300000190734863,5.239999771118164,5.300000190734863,1526,0.0,0.0
2022-08-23 11:30:00-04:00,5.28000020980835,5.28000020980835,5.28000020980835,5.28000020980835,419,0.0,0.0
2022-08-23 12:30:00-04:00,5.28000020980835,5.28000020980835,5.28000020980835,5.28000020980835,1256,0.0,0.0
2022-08-23 13:30:00-04:00,5.264999866485596,5.269999980926514,5.260000228881836,5.260000228881836,500,0.0,0.0
2022-08-23 14:30:00-04:00,5.260000228881836,5.260000228881836,5.260000228881836,5.260000228881836,200,0.0,0.0
2022-08-23 15:30:00-04:00,5.25,5.269999980926514,5.25,5.269999980926514,0,0.0,0.0
2022-08-24 09:30:00-04:00,5.275199890136719,5.28000020980835,5.275199890136719,5.28000020980835,516,0.0,0.0
2022-08-24 10:30:00-04:00,5.25,5.25,5.25,5.25,140,0.0,0.0
2022-08-24 11:30:00-04:00,5.275000095367432,5.275000095367432,5.269999980926514,5.269999980926514,2283,0.0,0.0
2022-08-24 12:30:00-04:00,5.269999980926514,5.269999980926514,5.269999980926514,5.269999980926514,565,0.0,0.0
2022-08-24 13:30:00-04:00,5.269999980926514,5.269999980926514,5.269999980926514,5.269999980926514,2222,0.0,0.0
2022-08-24 14:30:00-04:00,5.279900074005127,5.329899787902832,5.269999980926514,5.329899787902832,3902,0.0,0.0
2022-08-24 15:30:00-04:00,5.320000171661377,5.3231000900268555,5.310100078582764,5.3231000900268555,0,0.0,0.0
2022-08-25 09:30:00-04:00,5.269999980926514,5.3780999183654785,5.269999980926514,5.3780999183654785,2756,0.0,0.0
2022-08-25 10:30:00-04:00,5.369999885559082,5.369999885559082,5.369999885559082,5.369999885559082,2044,0.0,0.0
2022-08-25 11:30:00-04:00,5.369999885559082,5.369999885559082,5.369999885559082,5.369999885559082,363,0.0,0.0
2022-08-25 12:30:00-04:00,5.369999885559082,5.389999866485596,5.369999885559082,5.389999866485596,1812,0.0,0.0
2022-08-25 13:30:00-04:00,5.380000114440918,5.380000114440918,5.360000133514404,5.369999885559082,2947,0.0,0.0
2022-08-25 14:30:00-04:00,5.369999885559082,5.369999885559082,5.331500053405762,5.331500053405762,0,0.0,0.0
2022-08-26 11:30:00-04:00,5.25,5.260000228881836,5.25,5.25,1672,0.0,0.0
2022-08-26 13:30:00-04:00,5.369999885559082,5.369999885559082,5.369999885559082,5.369999885559082,1108,0.0,0.0
2022-08-26 15:30:00-04:00,5.340000152587891,5.352700233459473,5.300000190734863,5.300000190734863,1019,0.0,0.0
2022-08-29 09:30:00-04:00,5.349999904632568,5.349999904632568,5.340000152587891,5.340000152587891,0,0.0,0.0
2022-08-29 10:30:00-04:00,5.340000152587891,5.340000152587891,5.340000152587891,5.340000152587891,1310,0.0,0.0
2022-08-29 13:30:00-04:00,5.340000152587891,5.340000152587891,5.340000152587891,5.340000152587891,120,0.0,0.0
2022-08-29 14:30:00-04:00,5.340000152587891,5.349999904632568,5.340000152587891,5.349999904632568,2934,0.0,0.0
2022-08-29 15:30:00-04:00,5.369999885559082,5.399899959564209,5.349999904632568,5.349999904632568,0,0.0,0.0
2022-08-30 09:30:00-04:00,5.440000057220459,5.460000038146973,5.360000133514404,5.360000133514404,1882,0.0,0.0
2022-08-30 10:30:00-04:00,5.355899810791016,5.355899810791016,5.349999904632568,5.349999904632568,742,0.0,0.0
2022-08-30 11:30:00-04:00,5.349999904632568,5.349999904632568,5.349999904632568,5.349999904632568,102,0.0,0.0
2022-08-30 12:30:00-04:00,5.364999771118164,5.364999771118164,5.320000171661377,5.320000171661377,1223,0.0,0.0
2022-08-30 13:30:00-04:00,5.3703999519348145,5.3703999519348145,5.340000152587891,5.340000152587891,1334,0.0,0.0
2022-08-30 14:30:00-04:00,5.340000152587891,5.340000152587891,5.320000171661377,5.320000171661377,6462,0.0,0.0
2022-08-30 15:30:00-04:00,5.284999847412109,5.284999847412109,5.25,5.25,323,0.0,0.0
2022-08-31 09:30:00-04:00,5.349999904632568,5.349999904632568,5.349999904632568,5.349999904632568,0,0.0,0.0
2022-08-31 11:30:00-04:00,5.35830020904541,5.35830020904541,5.349999904632568,5.349999904632568,1723,0.0,0.0
2022-08-31 12:30:00-04:00,5.349999904632568,5.349999904632568,5.28000020980835,5.28000020980835,1825,0.0,0.0
2022-08-31 13:30:00-04:00,5.399899959564209,5.399899959564209,5.369999885559082,5.369999885559082,908,0.0,0.0
2022-08-31 14:30:00-04:00,5.369999885559082,5.369999885559082,5.369999885559082,5.369999885559082,1366,0.0,0.0
2022-08-31 15:30:00-04:00,5.349999904632568,5.369999885559082,5.349999904632568,5.369999885559082,0,0.0,0.0
2022-09-01 12:30:00-04:00,5.265900135040283,5.265900135040283,5.265900135040283,5.265900135040283,455,0.0,0.0
2022-09-01 13:30:00-04:00,5.375,5.375,5.375,5.375,375,0.0,0.0
2022-09-01 14:30:00-04:00,5.320000171661377,5.320000171661377,5.320000171661377,5.320000171661377,100,0.0,0.0
2022-09-01 15:30:00-04:00,5.349999904632568,5.369999885559082,5.340000152587891,5.340000152587891,0,0.0,0.0
2022-09-02 09:30:00-04:00,5.269999980926514,5.340000152587891,5.269999980926514,5.340000152587891,1312,0.0,0.0
2022-09-02 10:30:00-04:00,5.340000152587891,5.340000152587891,5.25,5.25,1312,0.0,0.0
2022-09-02 11:30:00-04:00,5.25,5.25,5.25,5.25,805,0.0,0.0
2022-09-02 12:30:00-04:00,5.264999866485596,5.264999866485596,5.264999866485596,5.264999866485596,376,0.0,0.0
2022-09-02 13:30:00-04:00,5.260000228881836,5.260000228881836,5.25,5.25,2026,0.0,0.0
2022-09-02 14:30:00-04:00,5.2683000564575195,5.2683000564575195,5.25,5.25,3615,0.0,0.0
2022-09-02 15:30:00-04:00,5.259900093078613,5.259900093078613,5.21999979019165,5.21999979019165,351,0.0,0.0
2022-09-06 09:30:00-04:00,5.159999847412109,5.239299774169922,4.900000095367432,5.159999847412109,16244,0.0,0.0
2022-09-06 10:30:00-04:00,5.150000095367432,5.150000095367432,5.130000114440918,5.130000114440918,1257,0.0,0.0
2022-09-06 11:30:00-04:00,5.139999866485596,5.139999866485596,5.059999942779541,5.095799922943115,5174,0.0,0.0
2022-09-06 12:30:00-04:00,5.0980000495910645,5.099999904632568,5.090000152587891,5.090000152587891,3009,0.0,0.0
2022-09-06 13:30:00-04:00,5.099999904632568,5.099999904632568,5.090000152587891,5.090000152587891,1774,0.0,0.0
2022-09-06 14:30:00-04:00,5.090000152587891,5.090000152587891,5.010000228881836,5.010000228881836,3037,0.0,0.0
2022-09-06 15:30:00-04:00,5.059999942779541,5.059999942779541,5.039999961853027,5.039999961853027,0,0.0,0.0
2022-09-07 09:30:00-04:00,5.159999847412109,5.159999847412109,5.090000152587891,5.090000152587891,1491,0.0,0.0
2022-09-07 10:30:00-04:00,5.070000171661377,5.070000171661377,5.050000190734863,5.059999942779541,1737,0.0,0.0
2022-09-07 11:30:00-04:00,5.079999923706055,5.099999904632568,5.079999923706055,5.099999904632568,1516,0.0,0.0
2022-09-07 12:30:00-04:00,5.090000152587891,5.114999771118164,5.059999942779541,5.059999942779541,5099,0.0,0.0
2022-09-07 14:30:00-04:00,5.090000152587891,5.105000019073486,5.090000152587891,5.090000152587891,3318,0.0,0.0
2022-09-07 15:30:00-04:00,5.090000152587891,5.090000152587891,5.090000152587891,5.090000152587891,963,0.0,0.0
2022-09-08 09:30:00-04:00,5.090000152587891,5.090000152587891,5.079999923706055,5.090000152587891,0,0.0,0.0
2022-09-08 10:30:00-04:00,5.090000152587891,5.1128997802734375,5.090000152587891,5.1128997802734375,1007,0.0,0.0
2022-09-08 12:30:00-04:00,5.110000133514404,5.110000133514404,5.110000133514404,5.110000133514404,842,0.0,0.0
2022-09-08 13:30:00-04:00,5.110000133514404,5.110000133514404,5.0,5.0,2557,0.0,0.0
2022-09-08 15:30:00-04:00,5.300000190734863,5.300000190734863,5.199999809265137,5.199999809265137,0,0.0,0.0
2022-09-09 10:30:00-04:00,5.199999809265137,5.269899845123291,5.199999809265137,5.269899845123291,263,0.0,0.0
2022-09-09 11:30:00-04:00,5.230000019073486,5.269899845123291,5.170000076293945,5.269899845123291,2080,0.0,0.0
2022-09-09 12:30:00-04:00,5.299900054931641,5.299900054931641,5.299900054931641,5.299900054931641,464,0.0,0.0
2022-09-09 14:30:00-04:00,5.21999979019165,5.21999979019165,5.210000038146973,5.210000038146973,1070,0.0,0.0
2022-09-09 15:30:00-04:00,5.210000038146973,5.239999771118164,5.210000038146973,5.239999771118164,464,0.0,0.0
2022-09-12 09:30:00-04:00,5.300000190734863,5.300000190734863,5.179999828338623,5.179999828338623,1236,0.0,0.0
2022-09-12 11:30:00-04:00,5.199900150299072,5.269999980926514,5.190000057220459,5.269999980926514,1640,0.0,0.0
2022-09-12 12:30:00-04:00,5.239999771118164,5.25,5.171899795532227,5.190000057220459,2929,0.0,0.0
2022-09-12 13:30:00-04:00,5.190000057220459,5.190000057220459,5.159999847412109,5.159999847412109,878,0.0,0.0
2022-09-12 14:30:00-04:00,5.165999889373779,5.165999889373779,5.165999889373779,5.165999889373779,804,0.0,0.0
2022-09-12 15:30:00-04:00,5.150000095367432,5.150000095367432,5.119999885559082,5.119999885559082,639,0.0,0.0
2022-09-13 09:30:00-04:00,5.145699977874756,5.145699977874756,5.119999885559082,5.119999885559082,0,0.0,0.0
2022-09-13 10:30:00-04:00,5.099999904632568,5.099999904632568,5.099999904632568,5.099999904632568,604,0.0,0.0
2022-09-13 11:30:00-04:00,5.090000152587891,5.090000152587891,4.909999847412109,5.010000228881836,3861,0.0,0.0
2022-09-13 13:30:00-04:00,5.090000152587891,5.099999904632568,5.059999942779541,5.059999942779541,3051,0.0,0.0
2022-09-13 14:30:00-04:00,5.059999942779541,5.059999942779541,5.059999942779541,5.059999942779541,1070,0.0,0.0
2022-09-13 15:30:00-04:00,5.099999904632568,5.099999904632568,5.099999904632568,5.099999904632568,273,0.0,0.0
2022-09-14 09:30:00-04:00,5.0,5.019999980926514,5.0,5.000100135803223,0,0.0,0.0
2022-09-14 10:30:00-04:00,5.0,5.04449987411499,5.0,5.04449987411499,396,0.0,0.0
2022-09-14 11:30:00-04:00,5.050000190734863,5.070000171661377,5.029900074005127,5.039999961853027,5769,0.0,0.0
2022-09-14 12:30:00-04:00,5.059999942779541,5.059999942779541,5.059999942779541,5.059999942779541,432,0.0,0.0
2022-09-14 13:30:00-04:00,5.039999961853027,5.039999961853027,4.945000171661377,5.019999980926514,9373,0.0,0.0
2022-09-14 14:30:00-04:00,5.019999980926514,5.019999980926514,4.96999979019165,4.979599952697754,5750,0.0,0.0
2022-09-14 15:30:00-04:00,4.96999979019165,4.96999979019165,4.969900131225586,4.96999979019165,2383,0.0,0.0
2022-09-15 09:30:00-04:00,5.03000020980835,5.03000020980835,5.03000020980835,5.03000020980835,0,0.0,0.0
2022-09-15 10:30:00-04:00,5.03000020980835,5.03000020980835,5.03000020980835,5.03000020980835,215,0.0,0.0
2022-09-15 11:30:00-04:00,5.03000020980835,5.03000020980835,5.0,5.0,5814,0.0,0.0
2022-09-15 12:30:00-04:00,5.0,5.010000228881836,5.0,5.010000228881836,480,0.0,0.0
2022-09-15 13:30:00-04:00,5.019999980926514,5.019999980926514,5.019999980926514,5.019999980926514,701,0.0,0.0
2022-09-15 14:30:00-04:00,5.010000228881836,5.010000228881836,4.940000057220459,4.949999809265137,3847,0.0,0.0
2022-09-15 15:30:00-04:00,4.940000057220459,4.940000057220459,4.940000057220459,4.940000057220459,404,0.0,0.0
2022-09-16 09:30:00-04:00,4.900000095367432,4.900000095367432,4.889999866485596,4.889999866485596,3414,0.0,0.0
2022-09-16 10:30:00-04:00,4.869999885559082,4.869999885559082,4.869999885559082,4.869999885559082,1169,0.0,0.0
2022-09-16 12:30:00-04:00,4.880000114440918,4.880000114440918,4.880000114440918,4.880000114440918,571,0.0,0.0
2022-09-16 13:30:00-04:00,4.880000114440918,4.880000114440918,4.880000114440918,4.880000114440918,1001,0.0,0.0
2022-09-16 14:30:00-04:00,4.880000114440918,4.880000114440918,4.880000114440918,4.880000114440918,506,0.0,0.0
2022-09-16 15:30:00-04:00,4.880000114440918,4.889999866485596,4.760000228881836,4.820000171661377,11769,0.0,0.0
2022-09-19 09:30:00-04:00,4.900000095367432,4.900000095367432,4.889999866485596,4.889999866485596,0,0.0,0.0
2022-09-19 10:30:00-04:00,4.889999866485596,4.889999866485596,4.880000114440918,4.880000114440918,1096,0.0,0.0
2022-09-19 11:30:00-04:00,4.840099811553955,4.849999904632568,4.840000152587891,4.840000152587891,2018,0.0,0.0
2022-09-19 12:30:00-04:00,4.840000152587891,4.840000152587891,4.840000152587891,4.840000152587891,718,0.0,0.0
2022-09-19 14:30:00-04:00,4.855000019073486,4.855000019073486,4.854499816894531,4.854499816894531,956,0.0,0.0
2022-09-20 10:30:00-04:00,4.780099868774414,4.780099868774414,4.78000020980835,4.78000020980835,1360,0.0,0.0
2022-09-20 11:30:00-04:00,4.809999942779541,4.809999942779541,4.809999942779541,4.809999942779541,222,0.0,0.0
2022-09-20 12:30:00-04:00,4.809999942779541,4.816500186920166,4.809999942779541,4.816500186920166,1208,0.0,0.0
2022-09-20 13:30:00-04:00,4.840000152587891,4.840000152587891,4.840000152587891,4.840000152587891,393,0.0,0.0
2022-09-20 14:30:00-04:00,4.840000152587891,4.840000152587891,4.835000038146973,4.835000038146973,357,0.0,0.0
2022-09-20 15:30:00-04:00,4.850200176239014,4.850200176239014,4.850200176239014,4.850200176239014,150,0.0,0.0
2022-09-21 09:30:00-04:00,4.849999904632568,4.850100040435791,4.820000171661377,4.827300071716309,0,0.0,0.0
2022-09-21 10:30:00-04:00,4.820000171661377,4.820000171661377,4.820000171661377,4.820000171661377,100,0.0,0.0
2022-09-21 11:30:00-04:00,4.820000171661377,4.820099830627441,4.820000171661377,4.820000171661377,5182,0.0,0.0
2022-09-21 13:30:00-04:00,4.820000171661377,4.820000171661377,4.78000020980835,4.78000020980835,1575,0.0,0.0
2022-09-21 14:30:00-04:00,4.795000076293945,4.795000076293945,4.789999961853027,4.789999961853027,880,0.0,0.0
2022-09-21 15:30:00-04:00,4.78000020980835,4.800000190734863,4.757299900054932,4.757299900054932,3385,0.0,0.0
2022-09-22 09:30:00-04:00,4.800000190734863,4.800000190734863,4.800000190734863,4.800000190734863,1226,0.0,0.0
2022-09-22 11:30:00-04:00,4.769999980926514,4.769999980926514,4.730000019073486,4.730000019073486,1374,0.0,0.0
2022-09-22 13:30:00-04:00,4.690000057220459,4.71999979019165,4.685999870300293,4.71999979019165,1699,0.0,0.0
2022-09-22 14:30:00-04:00,4.690000057220459,4.690000057220459,4.664999961853027,4.664999961853027,1324,0.0,0.0
2022-09-23 09:30:00-04:00,4.519999980926514,4.550000190734863,4.510000228881836,4.550000190734863,11322,0.0,0.0
2022-09-23 10:30:00-04:00,4.566500186920166,4.574999809265137,4.550000190734863,4.550000190734863,1737,0.0,0.0
2022-09-23 11:30:00-04:00,4.516300201416016,4.519999980926514,4.510000228881836,4.518599987030029,12087,0.0,0.0
2022-09-23 12:30:00-04:00,4.510000228881836,4.510200023651123,4.5,4.5,3378,0.0,0.0
2022-09-23 13:30:00-04:00,4.505000114440918,4.507199764251709,4.449999809265137,4.449999809265137,2360,0.0,0.0
2022-09-23 14:30:00-04:00,4.460000038146973,4.489999771118164,4.45989990234375,4.489999771118164,3157,0.0,0.0
2022-09-26 09:30:00-04:00,4.449999809265137,4.4899001121521,4.449999809265137,4.480100154876709,5262,0.0,0.0
2022-09-26 10:30:00-04:00,4.480000019073486,4.480100154876709,4.480000019073486,4.480000019073486,1744,0.0,0.0
2022-09-26 11:30:00-04:00,4.480000019073486,4.480000019073486,4.449999809265137,4.449999809265137,3481,0.0,0.0
2022-09-26 12:30:00-04:00,4.449999809265137,4.460000038146973,4.449999809265137,4.460000038146973,910,0.0,0.0
2022-09-26 13:30:00-04:00,4.449999809265137,4.460000038146973,4.449999809265137,4.460000038146973,438,0.0,0.0
2022-09-26 14:30:00-04:00,4.465000152587891,4.465000152587891,4.460000038146973,4.460000038146973,1221,0.0,0.0
2022-09-26 15:30:00-04:00,4.460000038146973,4.468999862670898,4.460000038146973,4.468999862670898,446,0.0,0.0
2022-09-27 09:30:00-04:00,4.460000038146973,4.460000038146973,4.409999847412109,4.410099983215332,0,0.0,0.0
2022-09-27 10:30:00-04:00,4.409999847412109,4.409999847412109,4.409999847412109,4.409999847412109,1311,0.0,0.0
2022-09-27 11:30:00-04:00,4.350100040435791,4.350100040435791,4.349999904632568,4.349999904632568,2543,0.0,0.0
2022-09-27 12:30:00-04:00,4.400000095367432,4.400000095367432,4.400000095367432,4.400000095367432,543,0.0,0.0
2022-09-27 13:30:00-04:00,4.370100021362305,4.370100021362305,4.369999885559082,4.370100021362305,3019,0.0,0.0
2022-09-27 14:30:00-04:00,4.409900188446045,4.409900188446045,4.400000095367432,4.400000095367432,1336,0.0,0.0
2022-09-27 15:30:00-04:00,4.400000095367432,4.400000095367432,4.400000095367432,4.400000095367432,0,0.0,0.0
2022-09-28 09:30:00-04:00,4.420000076293945,4.420000076293945,4.420000076293945,4.420000076293945,278,0.0,0.0
2022-09-28 10:30:00-04:00,4.425000190734863,4.429999828338623,4.425000190734863,4.429999828338623,337,0.0,0.0
2022-09-28 11:30:00-04:00,4.449999809265137,4.449999809265137,4.449999809265137,4.449999809265137,947,0.0,0.0
2022-09-28 12:30:00-04:00,4.449999809265137,4.449999809265137,4.449999809265137,4.449999809265137,9841,0.0,0.0
2022-09-28 13:30:00-04:00,4.488500118255615,4.488500118255615,4.465000152587891,4.465000152587891,1243,0.0,0.0
2022-09-28 14:30:00-04:00,4.475900173187256,4.480000019073486,4.475900173187256,4.480000019073486,2710,0.0,0.0
2022-09-28 15:30:00-04:00,4.457900047302246,4.457900047302246,4.457900047302246,4.457900047302246,1568,0.0,0.0
2022-09-29 09:30:00-04:00,4.300000190734863,4.344799995422363,4.249199867248535,4.344799995422363,0,0.0,0.0
2022-09-29 10:30:00-04:00,4.349999904632568,4.349999904632568,4.25,4.25,5613,0.0,0.0
2022-09-29 11:30:00-04:00,4.349899768829346,4.349899768829346,4.349899768829346,4.349899768829346,884,0.0,0.0
2022-09-29 13:30:00-04:00,4.28000020980835,4.28000020980835,4.28000020980835,4.28000020980835,278,0.0,0.0
2022-09-29 14:30:00-04:00,4.28000020980835,4.28000020980835,4.230000019073486,4.244999885559082,9760,0.0,0.0
2022-09-29 15:30:00-04:00,4.244999885559082,4.244999885559082,4.244999885559082,4.244999885559082,364,0.0,0.0
2022-09-30 09:30:00-04:00,4.239999771118164,4.239999771118164,4.199999809265137,4.210000038146973,5581,0.0,0.0
2022-09-30 10:30:00-04:00,4.429999828338623,4.429999828338623,4.409999847412109,4.409999847412109,363,0.0,0.0
2022-09-30 11:30:00-04:00,4.25,4.264999866485596,4.230000019073486,4.264999866485596,1962,0.0,0.0
2022-09-30 14:30:00-04:00,4.320000171661377,4.320000171661377,4.25,4.260000228881836,4423,0.0,0.0
2022-09-30 15:30:00-04:00,4.289999961853027,4.300000190734863,4.289999961853027,4.300000190734863,1407,0.0,0.0
2022-10-03 09:30:00-04:00,4.210000038146973,4.465000152587891,4.059999942779541,4.460000038146973,0,0.0,0.0
2022-10-03 10:30:00-04:00,4.459499835968018,4.459499835968018,4.429999828338623,4.429999828338623,3035,0.0,0.0
2022-10-03 11:30:00-04:00,4.434999942779541,4.434999942779541,4.434999942779541,4.434999942779541,456,0.0,0.0
2022-10-03 12:30:00-04:00,4.429999828338623,4.429999828338623,4.420000076293945,4.420000076293945,1367,0.0,0.0
2022-10-03 13:30:00-04:00,4.420000076293945,4.420000076293945,4.420000076293945,4.420000076293945,214,0.0,0.0
2022-10-03 14:30:00-04:00,4.380000114440918,4.380899906158447,4.340000152587891,4.34119987487793,1803,0.0,0.0
2022-10-03 15:30:00-04:00,4.301799774169922,4.301799774169922,4.301799774169922,4.301799774169922,0,0.0,0.0
2022-10-04 09:30:00-04:00,4.499899864196777,4.499899864196777,4.499899864196777,4.499899864196777,337,0.0,0.0
2022-10-04 10:30:00-04:00,4.5,4.5,4.449999809265137,4.449999809265137,613,0.0,0.0
2022-10-04 11:30:00-04:00,4.429999828338623,4.449999809265137,4.429999828338623,4.449999809265137,2061,0.0,0.0
2022-10-04 12:30:00-04:00,4.46999979019165,4.46999979019165,4.360000133514404,4.429999828338623,7776,0.0,0.0
2022-10-04 13:30:00-04:00,4.400000095367432,4.400000095367432,4.400000095367432,4.400000095367432,401,0.0,0.0
2022-10-04 14:30:00-04:00,4.46619987487793,4.46619987487793,4.394999980926514,4.394999980926514,1991,0.0,0.0
2022-10-04 15:30:00-04:00,4.389999866485596,4.400000095367432,4.380000114440918,4.380000114440918,2475,0.0,0.0
2022-10-05 10:30:00-04:00,4.320700168609619,4.409999847412109,4.320700168609619,4.409999847412109,426,0.0,0.0
2022-10-05 11:30:00-04:00,4.420000076293945,4.420000076293945,4.340000152587891,4.412399768829346,5374,0.0,0.0
2022-10-05 15:30:00-04:00,4.389999866485596,4.400000095367432,4.380000114440918,4.389999866485596,1729,0.0,0.0
2022-10-06 09:30:00-04:00,4.480000019073486,4.480000019073486,4.480000019073486,4.480000019073486,1197,0.0,0.0
2022-10-06 12:30:00-04:00,4.289999961853027,4.409999847412109,4.289999961853027,4.329999923706055,4977,0.0,0.0
2022-10-06 15:30:00-04:00,4.335000038146973,4.335000038146973,4.300000190734863,4.300000190734863,2123,0.0,0.0
2022-10-07 09:30:00-04:00,4.230100154876709,4.230100154876709,4.230100154876709,4.230100154876709,0,0.0,0.0
2022-10-07 10:30:00-04:00,4.42140007019043,4.42140007019043,4.42140007019043,4.42140007019043,100,0.0,0.0
2022-10-07 11:30:00-04:00,4.300000190734863,4.300000190734863,4.300000190734863,4.300000190734863,103,0.0,0.0
2022-10-07 12:30:00-04:00,4.260000228881836,4.260000228881836,4.230000019073486,4.230000019073486,649,0.0,0.0
2022-10-07 13:30:00-04:00,4.199999809265137,4.229899883270264,4.199999809265137,4.229899883270264,2275,0.0,0.0
2022-10-07 14:30:00-04:00,4.199999809265137,4.199999809265137,4.110000133514404,4.110000133514404,1295,0.0,0.0
2022-10-07 15:30:00-04:00,4.199999809265137,4.230000019073486,4.199999809265137,4.230000019073486,600,0.0,0.0
2022-10-10 09:30:00-04:00,4.28000020980835,4.28000020980835,4.28000020980835,4.28000020980835,1900,0.0,0.0
2022-10-10 10:30:00-04:00,4.150000095367432,4.150000095367432,4.110000133514404,4.110000133514404,2051,0.0,0.0
2022-10-10 12:30:00-04:00,4.150000095367432,4.150000095367432,4.120100021362305,4.120100021362305,1051,0.0,0.0
2022-10-10 13:30:00-04:00,4.170000076293945,4.223499774932861,4.170000076293945,4.21999979019165,2110,0.0,0.0
2022-10-10 15:30:00-04:00,4.119999885559082,4.119999885559082,4.119999885559082,4.119999885559082,0,0.0,0.0
2022-10-11 10:30:00-04:00,4.190000057220459,4.230000019073486,4.150000095367432,4.150000095367432,17811,0.0,0.0
2022-10-11 12:30:00-04:00,4.131899833679199,4.139999866485596,4.131899833679199,4.139999866485596,399,0.0,0.0
2022-10-11 13:30:00-04:00,4.139999866485596,4.139999866485596,4.139999866485596,4.139999866485596,1001,0.0,0.0
2022-10-11 14:30:00-04:00,4.132699966430664,4.159999847412109,4.110000133514404,4.129899978637695,5076,0.0,0.0
2022-10-11 15:30:00-04:00,4.119999885559082,4.130000114440918,4.099999904632568,4.105000019073486,1801,0.0,0.0
2022-10-12 09:30:00-04:00,4.074999809265137,4.170000076293945,4.074999809265137,4.170000076293945,1846,0.0,0.0
2022-10-12 10:30:00-04:00,4.269999980926514,4.269999980926514,4.210000038146973,4.210000038146973,200,0.0,0.0
2022-10-12 11:30:00-04:00,4.199999809265137,4.199999809265137,4.119999885559082,4.139999866485596,2161,0.0,0.0
2022-10-12 14:30:00-04:00,4.120100021362305,4.135000228881836,4.119999885559082,4.120100021362305,1600,0.0,0.0
2022-10-12 15:30:00-04:00,4.119999885559082,4.119999885559082,4.119999885559082,4.119999885559082,1839,0.0,0.0
2022-10-13 09:30:00-04:00,4.3506999015808105,4.3506999015808105,4.20989990234375,4.210000038146973,0,0.0,0.0
2022-10-13 10:30:00-04:00,4.300000190734863,4.300000190734863,4.179999828338623,4.260000228881836,3100,0.0,0.0
2022-10-13 11:30:00-04:00,4.177599906921387,4.187699794769287,4.150000095367432,4.168000221252441,4500,0.0,0.0
2022-10-13 12:30:00-04:00,4.199999809265137,4.199999809265137,4.104499816894531,4.199999809265137,2605,0.0,0.0
2022-10-13 13:30:00-04:00,4.150000095367432,4.150000095367432,4.150000095367432,4.150000095367432,203,0.0,0.0
2022-10-13 14:30:00-04:00,4.139999866485596,4.184999942779541,4.139999866485596,4.143799781799316,5026,0.0,0.0
2022-10-13 15:30:00-04:00,4.150000095367432,4.150000095367432,4.119999885559082,4.119999885559082,1926,0.0,0.0
2022-10-14 09:30:00-04:00,4.090000152587891,4.090000152587891,4.090000152587891,4.090000152587891,0,0.0,0.0
2022-10-14 10:30:00-04:00,4.119999885559082,4.210000038146973,4.087200164794922,4.210000038146973,4359,0.0,0.0
2022-10-14 12:30:00-04:00,4.210700035095215,4.210700035095215,4.210700035095215,4.210700035095215,603,0.0,0.0
2022-10-14 14:30:00-04:00,4.159999847412109,4.184999942779541,4.099999904632568,4.184999942779541,2102,0.0,0.0
2022-10-14 15:30:00-04:00,4.195000171661377,4.195000171661377,4.195000171661377,4.195000171661377,100,0.0,0.0
2022-10-17 09:30:00-04:00,4.130000114440918,4.215099811553955,4.130000114440918,4.215099811553955,0,0.0,0.0
2022-10-17 11:30:00-04:00,4.139999866485596,4.150000095367432,4.119999885559082,4.119999885559082,953,0.0,0.0
2022-10-17 12:30:00-04:00,4.149899959564209,4.149899959564209,4.099999904632568,4.119999885559082,6573,0.0,0.0
2022-10-17 13:30:00-04:00,4.119999885559082,4.239999771118164,4.110000133514404,4.15500020980835,5957,0.0,0.0
2022-10-17 14:30:00-04:00,4.12529993057251,4.21999979019165,4.119999885559082,4.179999828338623,7417,0.0,0.0
2022-10-17 15:30:00-04:00,4.175000190734863,4.229899883270264,4.130000114440918,4.179999828338623,0,0.0,0.0
2022-10-18 09:30:00-04:00,4.21999979019165,4.21999979019165,4.139999866485596,4.1595001220703125,1898,0.0,0.0
2022-10-18 11:30:00-04:00,4.269999980926514,4.269999980926514,4.269999980926514,4.269999980926514,104,0.0,0.0
2022-10-18 12:30:00-04:00,4.25,4.25,4.190000057220459,4.190000057220459,628,0.0,0.0
2022-10-18 13:30:00-04:00,4.257599830627441,4.257599830627441,4.257599830627441,4.257599830627441,946,0.0,0.0
2022-10-18 15:30:00-04:00,4.170000076293945,4.170000076293945,4.130000114440918,4.130000114440918,0,0.0,0.0
2022-10-19 09:30:00-04:00,4.110000133514404,4.110000133514404,4.110000133514404,4.110000133514404,585,0.0,0.0
2022-10-19 11:30:00-04:00,4.208700180053711,4.208700180053711,4.199999809265137,4.199999809265137,1397,0.0,0.0
2022-10-19 12:30:00-04:00,4.28000020980835,4.28000020980835,4.159999847412109,4.170000076293945,5729,0.0,0.0
2022-10-19 13:30:00-04:00,4.130000114440918,4.150000095367432,4.128799915313721,4.150000095367432,4157,0.0,0.0
2022-10-19 14:30:00-04:00,4.150000095367432,4.170000076293945,4.099999904632568,4.099999904632568,5229,0.0,0.0
2022-10-19 15:30:00-04:00,4.070000171661377,4.105999946594238,4.070000171661377,4.090000152587891,4841,0.0,0.0
2022-10-20 11:30:00-04:00,4.099999904632568,4.099999904632568,4.099999904632568,4.099999904632568,0,0.0,0.0
2022-10-20 12:30:00-04:00,4.090000152587891,4.090000152587891,4.019999980926514,4.019999980926514,5428,0.0,0.0
2022-10-20 13:30:00-04:00,4.054999828338623,4.069499969482422,4.054999828338623,4.059999942779541,975,0.0,0.0
2022-10-20 14:30:00-04:00,4.06879997253418,4.06879997253418,4.019999980926514,4.039999961853027,635,0.0,0.0
2022-10-20 15:30:00-04:00,4.039999961853027,4.039999961853027,4.039999961853027,4.039999961853027,241,0.0,0.0
2022-10-21 09:30:00-04:00,4.019999980926514,4.019999980926514,4.0,4.0,1140,0.0,0.0
2022-10-21 11:30:00-04:00,4.0,4.039999961853027,4.0,4.039999961853027,1278,0.0,0.0
2022-10-21 13:30:00-04:00,4.021100044250488,4.021100044250488,4.010000228881836,4.010000228881836,711,0.0,0.0
2022-10-21 14:30:00-04:00,4.056600093841553,4.056600093841553,4.039999961853027,4.039999961853027,712,0.0,0.0
2022-10-21 15:30:00-04:00,4.059999942779541,4.059999942779541,4.039999961853027,4.039999961853027,700,0.0,0.0
2022-10-24 09:30:00-04:00,4.039999961853027,4.039999961853027,4.039999961853027,4.039999961853027,258,0.0,0.0
2022-10-24 10:30:00-04:00,4.069300174713135,4.069300174713135,4.069300174713135,4.069300174713135,1176,0.0,0.0
2022-10-24 11:30:00-04:00,4.059999942779541,4.059999942779541,4.0,4.0,2420,0.0,0.0
2022-10-24 12:30:00-04:00,4.050000190734863,4.050000190734863,4.050000190734863,4.050000190734863,1718,0.0,0.0
2022-10-24 13:30:00-04:00,4.059999942779541,4.059999942779541,4.059999942779541,4.059999942779541,2508,0.0,0.0
2022-10-24 14:30:00-04:00,4.050000190734863,4.050000190734863,4.050000190734863,4.050000190734863,339,0.0,0.0
2022-10-24 15:30:00-04:00,4.050000190734863,4.050000190734863,4.010000228881836,4.010000228881836,0,0.0,0.0
2022-10-25 09:30:00-04:00,4.010000228881836,4.039999961853027,4.00600004196167,4.039999961853027,4070,0.0,0.0
2022-10-25 10:30:00-04:00,4.039999961853027,4.092899799346924,4.039999961853027,4.090000152587891,3752,0.0,0.0
2022-10-25 11:30:00-04:00,4.076300144195557,4.119999885559082,4.076300144195557,4.119999885559082,1509,0.0,0.0
2022-10-25 14:30:00-04:00,4.050000190734863,4.050000190734863,4.050000190734863,4.050000190734863,342,0.0,0.0
2022-10-26 09:30:00-04:00,4.090000152587891,4.090000152587891,4.060100078582764,4.060100078582764,0,0.0,0.0
2022-10-26 10:30:00-04:00,4.110000133514404,4.110000133514404,4.110000133514404,4.110000133514404,1589,0.0,0.0
2022-10-26 12:30:00-04:00,4.098299980163574,4.119999885559082,4.090000152587891,4.090000152587891,6833,0.0,0.0
2022-10-26 13:30:00-04:00,4.059999942779541,4.090000152587891,4.059999942779541,4.059999942779541,2288,0.0,0.0
2022-10-26 14:30:00-04:00,4.050000190734863,4.050000190734863,4.050000190734863,4.050000190734863,465,0.0,0.0
2022-10-26 15:30:00-04:00,4.059999942779541,4.099999904632568,4.059999942779541,4.099899768829346,5460,0.0,0.0
2022-10-27 09:30:00-04:00,4.119999885559082,4.119999885559082,4.119999885559082,4.119999885559082,0,0.0,0.0
2022-10-27 10:30:00-04:00,4.110000133514404,4.119699954986572,4.110000133514404,4.119699954986572,342,0.0,0.0
2022-10-27 11:30:00-04:00,4.129899978637695,4.129899978637695,4.110000133514404,4.110000133514404,692,0.0,0.0
2022-10-27 12:30:00-04:00,4.110000133514404,4.110000133514404,4.099999904632568,4.099999904632568,2240,0.0,0.0
2022-10-27 13:30:00-04:00,4.110000133514404,4.110000133514404,4.110000133514404,4.110000133514404,392,0.0,0.0
2022-10-27 15:30:00-04:00,4.059999942779541,4.059999942779541,4.059999942779541,4.059999942779541,101,0.0,0.0
2022-10-28 09:30:00-04:00,4.128499984741211,4.128499984741211,4.128499984741211,4.128499984741211,0,0.0,0.0
2022-10-28 12:30:00-04:00,4.144999980926514,4.144999980926514,4.144999980926514,4.144999980926514,101,0.0,0.0
2022-10-28 13:30:00-04:00,4.125,4.130000114440918,4.110000133514404,4.119999885559082,1769,0.0,0.0
2022-10-28 14:30:00-04:00,4.139900207519531,4.150000095367432,4.119999885559082,4.139999866485596,4399,0.0,0.0
2022-10-28 15:30:00-04:00,4.130000114440918,4.149899959564209,4.1244001388549805,4.149899959564209,1521,0.0,0.0
2022-10-31 09:30:00-04:00,4.159999847412109,4.199900150299072,4.159999847412109,4.199900150299072,852,0.0,0.0
2022-10-31 10:30:00-04:00,4.187300205230713,4.190000057220459,4.179999828338623,4.179999828338623,770,0.0,0.0
2022-10-31 11:30:00-04:00,4.199999809265137,4.199999809265137,4.199999809265137,4.199999809265137,0,0.0,0.0
2022-10-31 12:30:00-04:00,4.179999828338623,4.190000057220459,4.179999828338623,4.190000057220459,2692,0.0,0.0
2022-10-31 13:30:00-04:00,4.179999828338623,4.199999809265137,4.170000076293945,4.170000076293945,2875,0.0,0.0
2022-10-31 14:30:00-04:00,4.150000095367432,4.195000171661377,4.110000133514404,4.110000133514404,1216,0.0,0.0
2022-10-31 15:30:00-04:00,4.110000133514404,4.168799877166748,4.110000133514404,4.119999885559082,916,0.0,0.0
2022-11-01 10:30:00-04:00,4.119999885559082,4.119999885559082,4.119999885559082,4.119999885559082,0,0.0,0.0
2022-11-01 11:30:00-04:00,4.164999961853027,4.164999961853027,4.139999866485596,4.139999866485596,981,0.0,0.0
2022-11-01 12:30:00-04:00,4.144999980926514,4.170000076293945,4.144999980926514,4.170000076293945,2118,0.0,0.0
2022-11-01 13:30:00-04:00,4.190000057220459,4.21120023727417,4.190000057220459,4.199999809265137,3605,0.0,0.0
2022-11-01 15:30:00-04:00,4.199999809265137,4.220099925994873,4.130000114440918,4.130000114440918,8184,0.0,0.0
2022-11-02 09:30:00-04:00,4.220799922943115,4.220799922943115,4.208000183105469,4.208000183105469,0,0.0,0.0
2022-11-02 11:30:00-04:00,4.21999979019165,4.284999847412109,4.21999979019165,4.284999847412109,3365,0.0,0.0
2022-11-02 12:30:00-04:00,4.326399803161621,4.326399803161621,4.326399803161621,4.326399803161621,255,0.0,0.0
2022-11-02 14:30:00-04:00,4.320000171661377,4.320000171661377,4.150000095367432,4.221499919891357,3895,0.0,0.0
2022-11-03 09:30:00-04:00,4.110099792480469,4.170000076293945,4.110099792480469,4.170000076293945,2586,0.0,0.0
2022-11-03 10:30:00-04:00,4.113399982452393,4.113399982452393,4.113399982452393,4.113399982452393,1076,0.0,0.0
2022-11-03 12:30:00-04:00,4.110000133514404,4.119999885559082,4.019999980926514,4.019999980926514,1405,0.0,0.0
2022-11-03 13:30:00-04:00,4.130000114440918,4.130000114440918,4.130000114440918,4.130000114440918,454,0.0,0.0
2022-11-04 09:30:00-04:00,4.210000038146973,4.210000038146973,4.210000038146973,4.210000038146973,352,0.0,0.0
2022-11-04 10:30:00-04:00,4.020100116729736,4.240200042724609,4.020100116729736,4.210000038146973,2187,0.0,0.0
2022-11-04 11:30:00-04:00,4.119999885559082,4.119999885559082,4.119999885559082,4.119999885559082,196,0.0,0.0
2022-11-04 12:30:00-04:00,4.119999885559082,4.119999885559082,4.119999885559082,4.119999885559082,431,0.0,0.0
2022-11-04 13:30:00-04:00,4.059999942779541,4.099999904632568,4.0,4.099999904632568,5582,0.0,0.0
2022-11-04 14:30:00-04:00,4.019999980926514,4.110000133514404,4.019999980926514,4.110000133514404,1685,0.0,0.0
2022-11-04 15:30:00-04:00,4.039999961853027,4.050000190734863,4.039999961853027,4.050000190734863,547,0.0,0.0
2022-11-07 11:30:00-05:00,4.0802001953125,4.0802001953125,4.0802001953125,4.0802001953125,1266,0.0,0.0
2022-11-07 13:30:00-05:00,4.126200199127197,4.126200199127197,4.126200199127197,4.126200199127197,1157,0.0,0.0
2022-11-07 14:30:00-05:00,4.039999961853027,4.04040002822876,4.039999961853027,4.04040002822876,1142,0.0,0.0
2022-11-07 15:30:00-05:00,4.09499979019165,4.09499979019165,4.09499979019165,4.09499979019165,0,0.0,0.0
2022-11-08 09:30:00-05:00,4.199999809265137,4.199999809265137,4.199999809265137,4.199999809265137,476,0.0,0.0
2022-11-08 10:30:00-05:00,4.130000114440918,4.130000114440918,4.130000114440918,4.130000114440918,120,0.0,0.0
2022-11-08 11:30:00-05:00,4.170000076293945,4.170000076293945,4.139999866485596,4.170000076293945,409,0.0,0.0
2022-11-08 13:30:00-05:00,4.130000114440918,4.130000114440918,4.099999904632568,4.099999904632568,1890,0.0,0.0
2022-11-08 14:30:00-05:00,4.159999847412109,4.159999847412109,4.159999847412109,4.159999847412109,0,0.0,0.0
2022-11-09 10:30:00-05:00,4.110000133514404,4.110000133514404,4.110000133514404,4.110000133514404,1260,0.0,0.0
2022-11-09 12:30:00-05:00,4.114999771118164,4.114999771118164,4.114999771118164,4.114999771118164,214,0.0,0.0
2022-11-09 13:30:00-05:00,4.110000133514404,4.119900226593018,4.110000133514404,4.118199825286865,2715,0.0,0.0
2022-11-09 14:30:00-05:00,4.110000133514404,4.130000114440918,4.019999980926514,4.089900016784668,10490,0.0,0.0
2022-11-10 09:30:00-05:00,4.019999980926514,4.158699989318848,4.0,4.071199893951416,9798,0.0,0.0
2022-11-10 10:30:00-05:00,4.070000171661377,4.199999809265137,4.070000171661377,4.199999809265137,1490,0.0,0.0
2022-11-10 11:30:00-05:00,4.2083001136779785,4.2083001136779785,4.125,4.196199893951416,3009,0.0,0.0
2022-11-10 12:30:00-05:00,4.039999961853027,4.060400009155273,4.039999961853027,4.060400009155273,506,0.0,0.0
2022-11-10 13:30:00-05:00,4.15500020980835,4.190000057220459,4.147900104522705,4.165599822998047,11051,0.0,0.0
2022-11-10 14:30:00-05:00,4.190000057220459,4.299900054931641,4.181000232696533,4.199999809265137,10773,0.0,0.0
2022-11-11 09:30:00-05:00,4.409999847412109,4.409999847412109,4.409999847412109,4.409999847412109,834,0.0,0.0
2022-11-11 11:30:00-05:00,4.230000019073486,4.230000019073486,4.190000057220459,4.190000057220459,301,0.0,0.0
2022-11-11 12:30:00-05:00,4.250100135803223,4.250100135803223,4.239999771118164,4.239999771118164,1629,0.0,0.0
2022-11-11 14:30:00-05:00,4.289899826049805,4.289899826049805,4.199999809265137,4.199999809265137,6604,0.0,0.0
2022-11-11 15:30:00-05:00,4.230000019073486,4.230000019073486,4.220099925994873,4.220099925994873,630,0.0,0.0
2022-11-14 09:30:00-05:00,4.25,4.269999980926514,4.25,4.269999980926514,0,0.0,0.0
2022-11-14 10:30:00-05:00,4.269999980926514,4.269999980926514,4.269999980926514,4.269999980926514,1904,0.0,0.0
2022-11-14 11:30:00-05:00,4.2469000816345215,4.2469000816345215,4.239999771118164,4.239999771118164,1134,0.0,0.0
2022-11-14 12:30:00-05:00,4.236999988555908,4.236999988555908,4.199999809265137,4.199999809265137,532,0.0,0.0
2022-11-14 13:30:00-05:00,4.224999904632568,4.240799903869629,4.21999979019165,4.21999979019165,3326,0.0,0.0
2022-11-14 14:30:00-05:00,4.239999771118164,4.244999885559082,4.210000038146973,4.244999885559082,2712,0.0,0.0
2022-11-14 15:30:00-05:00,4.256800174713135,4.269999980926514,4.199999809265137,4.210000038146973,0,0.0,0.0
2022-11-15 09:30:00-05:00,4.277200222015381,4.289999961853027,4.277200222015381,4.28000020980835,3701,0.0,0.0
2022-11-15 10:30:00-05:00,4.289999961853027,4.289999961853027,4.285699844360352,4.285699844360352,1221,0.0,0.0
2022-11-15 11:30:00-05:00,4.289999961853027,4.29040002822876,4.239999771118164,4.260000228881836,8203,0.0,0.0
2022-11-15 12:30:00-05:00,4.25,4.269999980926514,4.25,4.269999980926514,338,0.0,0.0
2022-11-15 14:30:00-05:00,4.260000228881836,4.260000228881836,4.260000228881836,4.260000228881836,0,0.0,0.0
2022-11-16 09:30:00-05:00,4.261600017547607,4.380000114440918,4.261600017547607,4.380000114440918,740,0.0,0.0
2022-11-16 10:30:00-05:00,4.360199928283691,4.360199928283691,4.360199928283691,4.360199928283691,100,0.0,0.0
2022-11-16 11:30:00-05:00,4.269999980926514,4.320300102233887,4.269999980926514,4.320300102233887,751,0.0,0.0
2022-11-16 13:30:00-05:00,4.25,4.300000190734863,4.25,4.300000190734863,611,0.0,0.0
2022-11-16 14:30:00-05:00,4.282100200653076,4.282100200653076,4.269999980926514,4.269999980926514,1210,0.0,0.0
2022-11-16 15:30:00-05:00,4.269999980926514,4.28000020980835,4.269999980926514,4.28000020980835,304,0.0,0.0
2022-11-17 09:30:00-05:00,4.199999809265137,4.199999809265137,4.199999809265137,4.199999809265137,1250,0.0,0.0
2022-11-17 10:30:00-05:00,4.250100135803223,4.250100135803223,4.250100135803223,4.250100135803223,2400,0.0,0.0
2022-11-17 12:30:00-05:00,4.25,4.25,4.25,4.25,664,0.0,0.0
2022-11-17 14:30:00-05:00,4.25,4.255000114440918,4.179999828338623,4.220099925994873,5477,0.0,0.0
2022-11-17 15:30:00-05:00,4.199999809265137,4.199999809265137,4.199999809265137,4.199999809265137,0,0.0,0.0
2022-11-18 09:30:00-05:00,4.121300220489502,4.199999809265137,4.121300220489502,4.199999809265137,6545,0.0,0.0
2022-11-18 10:30:00-05:00,4.21999979019165,4.21999979019165,4.210000038146973,4.210000038146973,400,0.0,0.0
2022-11-18 11:30:00-05:00,4.210000038146973,4.210100173950195,4.199999809265137,4.199999809265137,2044,0.0,0.0
2022-11-18 12:30:00-05:00,4.199999809265137,4.214600086212158,4.179999828338623,4.179999828338623,976,0.0,0.0
2022-11-18 13:30:00-05:00,4.179999828338623,4.189899921417236,4.099999904632568,4.125,3391,0.0,0.0
2022-11-18 14:30:00-05:00,4.190000057220459,4.190000057220459,4.187699794769287,4.190000057220459,2100,0.0,0.0
2022-11-21 09:30:00-05:00,4.200099945068359,4.25,4.200099945068359,4.25,1153,0.0,0.0
2022-11-21 10:30:00-05:00,4.335000038146973,4.340000152587891,4.28000020980835,4.340000152587891,4830,0.0,0.0
2022-11-21 11:30:00-05:00,4.340000152587891,4.340000152587891,4.340000152587891,4.340000152587891,975,0.0,0.0
2022-11-21 12:30:00-05:00,4.309999942779541,4.319499969482422,4.239999771118164,4.239999771118164,1300,0.0,0.0
2022-11-21 13:30:00-05:00,4.294899940490723,4.294899940490723,4.230400085449219,4.230400085449219,2772,0.0,0.0
2022-11-21 14:30:00-05:00,4.239999771118164,4.260000228881836,4.230000019073486,4.230000019073486,1722,0.0,0.0
2022-11-22 09:30:00-05:00,4.190000057220459,4.190000057220459,4.190000057220459,4.190000057220459,760,0.0,0.0
2022-11-22 12:30:00-05:00,4.320000171661377,4.320000171661377,4.252699851989746,4.320000171661377,1000,0.0,0.0
2022-11-22 13:30:00-05:00,4.355000019073486,4.355000019073486,4.309999942779541,4.309999942779541,2455,0.0,0.0
2022-11-22 14:30:00-05:00,4.320000171661377,4.320000171661377,4.320000171661377,4.320000171661377,654,0.0,0.0
2022-11-22 15:30:00-05:00,4.269999980926514,4.269999980926514,4.25,4.269999980926514,5504,0.0,0.0
2022-11-23 09:30:00-05:00,4.269999980926514,4.269999980926514,4.269999980926514,4.269999980926514,0,0.0,0.0
2022-11-23 10:30:00-05:00,4.389999866485596,4.400000095367432,4.360000133514404,4.360000133514404,2114,0.0,0.0
2022-11-23 11:30:00-05:00,4.360000133514404,4.400000095367432,4.355000019073486,4.400000095367432,5043,0.0,0.0
2022-11-23 12:30:00-05:00,4.400000095367432,4.400000095367432,4.380000114440918,4.380000114440918,1439,0.0,0.0
2022-11-23 13:30:00-05:00,4.414599895477295,4.414599895477295,4.369999885559082,4.369999885559082,1111,0.0,0.0
2022-11-23 14:30:00-05:00,4.385000228881836,4.385000228881836,4.3815999031066895,4.3815999031066895,703,0.0,0.0
2022-11-25 09:30:00-05:00,4.440000057220459,4.449999809265137,4.430300235748291,4.440000057220459,5379,0.0,0.0
2022-11-25 10:30:00-05:00,4.440000057220459,4.47599983215332,4.440000057220459,4.46999979019165,2938,0.0,0.0
2022-11-25 11:30:00-05:00,4.46999979019165,4.589900016784668,4.460000038146973,4.53000020980835,4733,0.0,0.0
2022-11-28 09:30:00-05:00,4.579999923706055,4.579999923706055,4.440000057220459,4.449900150299072,4084,0.0,0.0
2022-11-28 10:30:00-05:00,4.449999809265137,4.449999809265137,4.449999809265137,4.449999809265137,1000,0.0,0.0
2022-11-28 11:30:00-05:00,4.449999809265137,4.449999809265137,4.447000026702881,4.447000026702881,2239,0.0,0.0
2022-11-28 12:30:00-05:00,4.449999809265137,4.449999809265137,4.440000057220459,4.440000057220459,2204,0.0,0.0
2022-11-28 13:30:00-05:00,4.440000057220459,4.440000057220459,4.420000076293945,4.420000076293945,2958,0.0,0.0
2022-11-28 14:30:00-05:00,4.440000057220459,4.440000057220459,4.440000057220459,4.440000057220459,1491,0.0,0.0
2022-11-28 15:30:00-05:00,4.420000076293945,4.420000076293945,4.360000133514404,4.360000133514404,1303,0.0,0.0
2022-11-29 09:30:00-05:00,4.369999885559082,4.599999904632568,4.369999885559082,4.570000171661377,0,0.0,0.0
2022-11-29 10:30:00-05:00,4.590000152587891,4.610000133514404,4.550000190734863,4.550000190734863,3351,0.0,0.0
2022-11-29 11:30:00-05:00,4.536499977111816,4.536499977111816,4.416399955749512,4.426199913024902,2711,0.0,0.0
2022-11-29 12:30:00-05:00,4.480000019073486,4.480000019073486,4.427999973297119,4.427999973297119,2109,0.0,0.0
2022-11-29 14:30:00-05:00,4.440400123596191,4.440400123596191,4.440400123596191,4.440400123596191,307,0.0,0.0
2022-11-29 15:30:00-05:00,4.440000057220459,4.440000057220459,4.400000095367432,4.400000095367432,0,0.0,0.0
2022-11-30 09:30:00-05:00,4.349999904632568,4.349999904632568,4.349999904632568,4.349999904632568,2374,0.0,0.0
2022-11-30 10:30:00-05:00,4.420000076293945,4.420000076293945,4.400000095367432,4.400000095367432,1001,0.0,0.0
2022-11-30 13:30:00-05:00,4.429999828338623,4.480000019073486,4.429999828338623,4.480000019073486,1093,0.0,0.0
2022-11-30 14:30:00-05:00,4.480000019073486,4.480000019073486,4.440000057220459,4.440000057220459,0,0.0,0.0
2022-12-01 10:30:00-05:00,4.4899001121521,4.4899001121521,4.4899001121521,4.4899001121521,659,0.0,0.0
2022-12-01 13:30:00-05:00,4.449999809265137,4.479800224304199,4.449999809265137,4.479800224304199,731,0.0,0.0
2022-12-01 14:30:00-05:00,4.449999809265137,4.449999809265137,4.449999809265137,4.449999809265137,531,0.0,0.0
2022-12-02 09:30:00-05:00,4.46999979019165,4.485400199890137,4.449999809265137,4.480000019073486,1762,0.0,0.0
2022-12-02 10:30:00-05:00,4.480000019073486,4.480000019073486,4.480000019073486,4.480000019073486,214,0.0,0.0
2022-12-02 11:30:00-05:00,4.480000019073486,4.487299919128418,4.480000019073486,4.487299919128418,598,0.0,0.0
2022-12-02 12:30:00-05:00,4.480000019073486,4.480000019073486,4.480000019073486,4.480000019073486,849,0.0,0.0
2022-12-02 14:30:00-05:00,4.5,4.5,4.5,4.5,489,0.0,0.0
2022-12-02 15:30:00-05:00,4.480000019073486,4.5,4.480000019073486,4.5,201,0.0,0.0
2022-12-05 09:30:00-05:00,4.480000019073486,4.480000019073486,4.440000057220459,4.440000057220459,0,0.0,0.0
2022-12-05 11:30:00-05:00,4.410099983215332,4.410099983215332,4.410099983215332,4.410099983215332,279,0.0,0.0
2022-12-05 12:30:00-05:00,4.409999847412109,4.409999847412109,4.409999847412109,4.409999847412109,137,0.0,0.0
2022-12-05 13:30:00-05:00,4.409999847412109,4.409999847412109,4.409999847412109,4.409999847412109,1425,0.0,0.0
2022-12-05 15:30:00-05:00,4.409999847412109,4.409999847412109,4.409999847412109,4.409999847412109,854,0.0,0.0
2022-12-06 09:30:00-05:00,4.400000095367432,4.400000095367432,4.400000095367432,4.400000095367432,0,0.0,0.0
2022-12-06 11:30:00-05:00,4.400000095367432,4.400000095367432,4.400000095367432,4.400000095367432,309,0.0,0.0
2022-12-06 12:30:00-05:00,4.400000095367432,4.400000095367432,4.349999904632568,4.349999904632568,3974,0.0,0.0
2022-12-06 13:30:00-05:00,4.340000152587891,4.340000152587891,4.25,4.28000020980835,2212,0.0,0.0
2022-12-06 14:30:00-05:00,4.210000038146973,4.210000038146973,4.210000038146973,4.210000038146973,1354,0.0,0.0
2022-12-06 15:30:00-05:00,4.252299785614014,4.279900074005127,4.144999980926514,4.25,3190,0.0,0.0
2022-12-07 09:30:00-05:00,4.479899883270264,4.479899883270264,4.199999809265137,4.199999809265137,0,0.0,0.0
2022-12-07 10:30:00-05:00,4.315000057220459,4.315000057220459,4.300000190734863,4.300000190734863,211,0.0,0.0
2022-12-07 11:30:00-05:00,4.25,4.25,4.205399990081787,4.205399990081787,252,0.0,0.0
2022-12-07 12:30:00-05:00,4.289899826049805,4.289899826049805,4.25,4.25,403,0.0,0.0
2022-12-07 14:30:00-05:00,4.25,4.25,4.25,4.25,0,0.0,0.0
2022-12-08 09:30:00-05:00,4.389900207519531,4.389900207519531,4.389900207519531,4.389900207519531,133,0.0,0.0
2022-12-08 11:30:00-05:00,4.3867998123168945,4.3867998123168945,4.329999923706055,4.329999923706055,1407,0.0,0.0
2022-12-08 12:30:00-05:00,4.320000171661377,4.324100017547607,4.320000171661377,4.324100017547607,200,0.0,0.0
2022-12-08 13:30:00-05:00,4.289999961853027,4.329999923706055,4.289999961853027,4.329999923706055,1945,0.0,0.0
2022-12-08 14:30:00-05:00,4.335000038146973,4.399899959564209,4.320000171661377,4.320000171661377,4731,0.0,0.0
2022-12-08 15:30:00-05:00,4.269999980926514,4.329999923706055,4.269999980926514,4.329999923706055,0,0.0,0.0
2022-12-09 09:30:00-05:00,4.335000038146973,4.335000038146973,4.335000038146973,4.335000038146973,246,0.0,0.0
2022-12-09 10:30:00-05:00,4.324999809265137,4.409900188446045,4.324999809265137,4.409900188446045,375,0.0,0.0
2022-12-09 12:30:00-05:00,4.370100021362305,4.370100021362305,4.370100021362305,4.370100021362305,254,0.0,0.0
2022-12-09 14:30:00-05:00,4.369999885559082,4.369999885559082,4.349999904632568,4.349999904632568,530,0.0,0.0
2022-12-12 09:30:00-05:00,4.349999904632568,4.349999904632568,4.25,4.250100135803223,11276,0.0,0.0
2022-12-12 10:30:00-05:00,4.329899787902832,4.349999904632568,4.320000171661377,4.349999904632568,1865,0.0,0.0
2022-12-12 11:30:00-05:00,4.389999866485596,4.429900169372559,4.389999866485596,4.419600009918213,2065,0.0,0.0
2022-12-12 12:30:00-05:00,4.380000114440918,4.389599800109863,4.380000114440918,4.389599800109863,616,0.0,0.0
2022-12-12 13:30:00-05:00,4.349999904632568,4.349999904632568,4.25,4.269999980926514,1882,0.0,0.0
2022-12-13 09:30:00-05:00,4.300000190734863,4.343999862670898,4.300000190734863,4.343999862670898,913,0.0,0.0
2022-12-13 10:30:00-05:00,4.340000152587891,4.416800022125244,4.340000152587891,4.409999847412109,2004,0.0,0.0
2022-12-13 11:30:00-05:00,4.400000095367432,4.4095001220703125,4.329999923706055,4.329999923706055,1142,0.0,0.0
2022-12-13 12:30:00-05:00,4.34499979019165,4.360000133514404,4.340000152587891,4.360000133514404,906,0.0,0.0
2022-12-13 13:30:00-05:00,4.360000133514404,4.360000133514404,4.360000133514404,4.360000133514404,139,0.0,0.0
2022-12-14 09:30:00-05:00,4.5,4.5,4.478700160980225,4.478700160980225,1656,0.0,0.0
2022-12-14 14:30:00-05:00,4.420000076293945,4.420000076293945,4.420000076293945,4.420000076293945,363,0.0,0.0
2022-12-14 15:30:00-05:00,4.460000038146973,4.4893999099731445,4.460000038146973,4.4893999099731445,611,0.0,0.0
2022-12-15 09:30:00-05:00,4.349999904632568,4.369999885559082,4.349999904632568,4.349999904632568,0,0.0,0.0
2022-12-15 10:30:00-05:00,4.350100040435791,4.369999885559082,4.349999904632568,4.369999885559082,4813,0.0,0.0
2022-12-15 11:30:00-05:00,4.360000133514404,4.369500160217285,4.360000133514404,4.360000133514404,1171,0.0,0.0
2022-12-15 12:30:00-05:00,4.360000133514404,4.360000133514404,4.360000133514404,4.360000133514404,203,0.0,0.0
2022-12-15 13:30:00-05:00,4.360000133514404,4.360000133514404,4.360000133514404,4.360000133514404,303,0.0,0.0
2022-12-15 15:30:00-05:00,4.349999904632568,4.359899997711182,4.25,4.359899997711182,1938,0.0,0.0
2022-12-16 09:30:00-05:00,4.429999828338623,4.429999828338623,4.429999828338623,4.429999828338623,178,0.0,0.0
2022-12-16 10:30:00-05:00,4.385000228881836,4.385000228881836,4.385000228881836,4.385000228881836,423,0.0,0.0
2022-12-16 11:30:00-05:00,4.400100231170654,4.400100231170654,4.329999923706055,4.3572998046875,3328,0.0,0.0
2022-12-16 12:30:00-05:00,4.320000171661377,4.329999923706055,4.320000171661377,4.329999923706055,722,0.0,0.0
2022-12-16 13:30:00-05:00,4.429999828338623,4.429999828338623,4.403800010681152,4.403800010681152,684,0.0,0.0
2022-12-16 14:30:00-05:00,4.400000095367432,4.400000095367432,4.300000190734863,4.324999809265137,5157,0.0,0.0
2022-12-16 15:30:00-05:00,4.260000228881836,4.269999980926514,4.199999809265137,4.239999771118164,3875,0.0,0.0
2022-12-19 09:30:00-05:00,4.300000190734863,4.340000152587891,4.269999980926514,4.269999980926514,913,0.0,0.0
2022-12-19 10:30:00-05:00,4.269999980926514,4.369999885559082,4.210000038146973,4.335000038146973,3914,0.0,0.0
2022-12-19 11:30:00-05:00,4.329999923706055,4.369999885559082,4.21999979019165,4.21999979019165,3860,0.0,0.0
2022-12-19 12:30:00-05:00,4.284999847412109,4.284999847412109,4.210000038146973,4.210000038146973,737,0.0,0.0
2022-12-19 13:30:00-05:00,4.130000114440918,4.217599868774414,4.119999885559082,4.179999828338623,3682,0.0,0.0
2022-12-19 14:30:00-05:00,4.166999816894531,4.166999816894531,4.099999904632568,4.100100040435791,1343,0.0,0.0
2022-12-19 15:30:00-05:00,4.070000171661377,4.079999923706055,4.050000190734863,4.059999942779541,2060,0.0,0.0
2022-12-20 09:30:00-05:00,4.050000190734863,4.050099849700928,4.050000190734863,4.050099849700928,2502,0.0,0.0
2022-12-20 10:30:00-05:00,4.070000171661377,4.099999904632568,4.070000171661377,4.09499979019165,12239,0.0,0.0
2022-12-20 11:30:00-05:00,4.090000152587891,4.099999904632568,4.090000152587891,4.099999904632568,421,0.0,0.0
2022-12-20 12:30:00-05:00,4.090000152587891,4.099999904632568,4.090000152587891,4.099999904632568,525,0.0,0.0
2022-12-20 13:30:00-05:00,4.099999904632568,4.099999904632568,4.090000152587891,4.0991997718811035,1369,0.0,0.0
2022-12-20 14:30:00-05:00,4.090000152587891,4.090000152587891,4.090000152587891,4.090000152587891,985,0.0,0.0
2022-12-20 15:30:00-05:00,4.074999809265137,4.099999904632568,4.074999809265137,4.099999904632568,5931,0.0,0.0
2022-12-21 09:30:00-05:00,4.0,4.130000114440918,4.0,4.130000114440918,0,0.0,0.0
2022-12-21 10:30:00-05:00,4.130000114440918,4.184800148010254,4.099999904632568,4.099999904632568,9024,0.0,0.0
2022-12-21 11:30:00-05:00,4.099999904632568,4.1092000007629395,4.090000152587891,4.099999904632568,3246,0.0,0.0
2022-12-21 12:30:00-05:00,4.099999904632568,4.109899997711182,4.090000152587891,4.109899997711182,447,0.0,0.0
2022-12-21 13:30:00-05:00,4.099999904632568,4.099999904632568,4.090000152587891,4.090000152587891,6420,0.0,0.0
2022-12-21 14:30:00-05:00,4.059999942779541,4.059999942779541,4.019999980926514,4.059999942779541,2335,0.0,0.0
2022-12-21 15:30:00-05:00,4.059899806976318,4.099999904632568,4.059899806976318,4.099999904632568,5300,0.0,0.0
2022-12-22 09:30:00-05:00,4.059999942779541,4.059999942779541,4.019999980926514,4.03000020980835,2698,0.0,0.0
2022-12-22 10:30:00-05:00,4.03000020980835,4.03000020980835,4.025000095367432,4.0269999504089355,8432,0.0,0.0
2022-12-22 11:30:00-05:00,4.025000095367432,4.03000020980835,4.019999980926514,4.019999980926514,4380,0.0,0.0
2022-12-22 13:30:00-05:00,4.019999980926514,4.019999980926514,3.950000047683716,4.0,13924,0.0,0.0
2022-12-22 14:30:00-05:00,4.019999980926514,4.020100116729736,4.010000228881836,4.010000228881836,1200,0.0,0.0
2022-12-23 09:30:00-05:00,4.050000190734863,4.110000133514404,4.050000190734863,4.110000133514404,0,0.0,0.0
2022-12-23 10:30:00-05:00,4.119999885559082,4.164999961853027,4.099999904632568,4.15500020980835,2777,0.0,0.0
2022-12-23 11:30:00-05:00,4.050000190734863,4.050000190734863,4.019999980926514,4.019999980926514,4091,0.0,0.0
2022-12-23 14:30:00-05:00,4.019999980926514,4.019999980926514,4.019999980926514,4.019999980926514,402,0.0,0.0
2022-12-23 15:30:00-05:00,4.019999980926514,4.03000020980835,4.019999980926514,4.03000020980835,315,0.0,0.0
2022-12-27 09:30:00-05:00,3.9700000286102295,4.0,3.9700000286102295,3.9927000999450684,30980,0.0,0.0
2022-12-27 10:30:00-05:00,3.990000009536743,4.0,3.990000009536743,4.0,2305,0.0,0.0
2022-12-27 11:30:00-05:00,4.0,4.0,3.9800000190734863,3.990000009536743,9106,0.0,0.0
2022-12-27 12:30:00-05:00,3.9904000759124756,4.0,3.9904000759124756,3.9999001026153564,2066,0.0,0.0
2022-12-27 15:30:00-05:00,3.9700000286102295,3.9700000286102295,3.9600000381469727,3.9600000381469727,512,0.0,0.0
2022-12-28 09:30:00-05:00,3.950000047683716,4.0,3.950000047683716,3.990000009536743,0,0.0,0.0
2022-12-28 10:30:00-05:00,3.990000009536743,3.990000009536743,3.950000047683716,3.9600000381469727,5929,0.0,0.0
2022-12-28 11:30:00-05:00,3.950000047683716,3.990000009536743,3.934999942779541,3.940000057220459,2573,0.0,0.0
2022-12-28 12:30:00-05:00,3.934999942779541,3.940000057220459,3.9000000953674316,3.9000000953674316,2570,0.0,0.0
2022-12-28 13:30:00-05:00,3.890000104904175,3.940000057220459,3.890000104904175,3.940000057220459,801,0.0,0.0
2022-12-28 14:30:00-05:00,3.918600082397461,3.940000057220459,3.918600082397461,3.9249000549316406,3378,0.0,0.0
2022-12-28 15:30:00-05:00,3.924999952316284,3.924999952316284,3.9033000469207764,3.9186999797821045,0,0.0,0.0
2022-12-29 09:30:00-05:00,3.8499999046325684,3.9398999214172363,3.8499999046325684,3.9100000858306885,8989,0.0,0.0
2022-12-29 10:30:00-05:00,3.9026999473571777,3.9100000858306885,3.9000000953674316,3.9100000858306885,3107,0.0,0.0
2022-12-29 11:30:00-05:00,3.9058001041412354,3.9058001041412354,3.9049999713897705,3.9049999713897705,405,0.0,0.0
2022-12-29 12:30:00-05:00,3.9000000953674316,3.9000000953674316,3.9000000953674316,3.9000000953674316,1427,0.0,0.0
2022-12-29 13:30:00-05:00,3.8814001083374023,3.883699893951416,3.880000114440918,3.883699893951416,743,0.0,0.0
2022-12-29 14:30:00-05:00,3.869999885559082,3.869999885559082,3.825000047683716,3.8350000381469727,6655,0.0,0.0
2022-12-29 15:30:00-05:00,3.8299999237060547,3.8299999237060547,3.7699999809265137,3.7799999713897705,0,0.0,0.0
2022-12-30 09:30:00-05:00,3.7799999713897705,3.8287999629974365,3.75,3.819999933242798,2844,0.0,0.0
2022-12-30 10:30:00-05:00,3.804800033569336,3.8698999881744385,3.76990008354187,3.8499999046325684,11881,0.0,0.0
2022-12-30 12:30:00-05:00,3.8603999614715576,3.890000104904175,3.859999895095825,3.890000104904175,915,0.0,0.0
2022-12-30 13:30:00-05:00,3.890000104904175,3.890000104904175,3.890000104904175,3.890000104904175,217,0.0,0.0
2022-12-30 14:30:00-05:00,3.860100030899048,3.869999885559082,3.860100030899048,3.8677000999450684,4181,0.0,0.0
2022-12-30 15:30:00-05:00,3.890000104904175,3.890000104904175,3.890000104904175,3.890000104904175,307,0.0,0.0
2023-01-03 09:30:00-05:00,3.9000000953674316,4.25,3.9000000953674316,4.100200176239014,18245,0.0,0.0
2023-01-03 10:30:00-05:00,4.078199863433838,4.130000114440918,4.019999980926514,4.130000114440918,4005,0.0,0.0
2023-01-03 11:30:00-05:00,4.104000091552734,4.104000091552734,3.950000047683716,3.950000047683716,7768,0.0,0.0
2023-01-03 12:30:00-05:00,3.9600000381469727,3.9600000381469727,3.9600000381469727,3.9600000381469727,240,0.0,0.0
2023-01-03 14:30:00-05:00,3.9600000381469727,3.9600000381469727,3.950000047683716,3.950000047683716,0,0.0,0.0
2023-01-04 09:30:00-05:00,4.070000171661377,4.070000171661377,3.9700000286102295,3.9700000286102295,1422,0.0,0.0
2023-01-04 10:30:00-05:00,4.039999961853027,4.070000171661377,4.039999961853027,4.070000171661377,1098,0.0,0.0
2023-01-04 11:30:00-05:00,4.068299770355225,4.068299770355225,4.068299770355225,4.068299770355225,276,0.0,0.0
2023-01-04 13:30:00-05:00,4.017199993133545,4.017199993133545,3.9600000381469727,3.9600000381469727,893,0.0,0.0
2023-01-04 14:30:00-05:00,3.9100000858306885,3.9100000858306885,3.9100000858306885,3.9100000858306885,530,0.0,0.0
2023-01-04 15:30:00-05:00,3.9100000858306885,3.9200000762939453,3.9100000858306885,3.9100000858306885,1279,0.0,0.0
2023-01-05 09:30:00-05:00,3.880000114440918,3.9649999141693115,3.880000114440918,3.9649999141693115,0,0.0,0.0
2023-01-05 10:30:00-05:00,4.099999904632568,4.099999904632568,4.099999904632568,4.099999904632568,101,0.0,0.0
2023-01-05 11:30:00-05:00,4.013700008392334,4.013700008392334,4.013700008392334,4.013700008392334,143,0.0,0.0
2023-01-05 12:30:00-05:00,3.9200000762939453,3.9200000762939453,3.9000000953674316,3.9000000953674316,1304,0.0,0.0
2023-01-05 13:30:00-05:00,3.869999885559082,3.880000114440918,3.869999885559082,3.880000114440918,2256,0.0,0.0
2023-01-05 14:30:00-05:00,3.880000114440918,3.880000114440918,3.880000114440918,3.880000114440918,274,0.0,0.0
2023-01-05 15:30:00-05:00,3.894200086593628,3.894200086593628,3.888700008392334,3.888700008392334,0,0.0,0.0
2023-01-06 09:30:00-05:00,4.0,4.0,4.0,4.0,726,0.0,0.0
2023-01-06 10:30:00-05:00,3.950000047683716,4.0,3.9300999641418457,3.950000047683716,6727,0.0,0.0
2023-01-06 12:30:00-05:00,3.9800000190734863,3.9800000190734863,3.9800000190734863,3.9800000190734863,144,0.0,0.0
2023-01-06 13:30:00-05:00,3.9860999584198,3.9860999584198,3.9600000381469727,3.9600000381469727,1806,0.0,0.0
2023-01-06 14:30:00-05:00,3.974100112915039,3.974100112915039,3.950000047683716,3.950000047683716,703,0.0,0.0
2023-01-06 15:30:00-05:00,3.880000114440918,4.070000171661377,3.880000114440918,3.9800000190734863,10163,0.0,0.0
2023-01-09 09:30:00-05:00,4.010000228881836,4.010000228881836,3.9200000762939453,3.9200000762939453,0,0.0,0.0
2023-01-09 10:30:00-05:00,3.9700000286102295,4.079999923706055,3.9700000286102295,4.079999923706055,2386,0.0,0.0
2023-01-09 13:30:00-05:00,4.050000190734863,4.079999923706055,4.018099784851074,4.018099784851074,0,0.0,0.0
2023-01-10 09:30:00-05:00,4.019999980926514,4.0630998611450195,4.019999980926514,4.0630998611450195,3295,0.0,0.0
2023-01-10 10:30:00-05:00,4.0100998878479,4.045000076293945,4.0100998878479,4.045000076293945,3260,0.0,0.0
2023-01-10 13:30:00-05:00,4.050000190734863,4.050000190734863,4.050000190734863,4.050000190734863,470,0.0,0.0
2023-01-10 14:30:00-05:00,4.0,4.0,4.0,4.0,292,0.0,0.0
2023-01-10 15:30:00-05:00,4.0,4.050000190734863,3.990000009536743,4.050000190734863,0,0.0,0.0
2023-01-11 11:30:00-05:00,4.079999923706055,4.079999923706055,4.079999923706055,4.079999923706055,551,0.0,0.0
2023-01-11 13:30:00-05:00,4.0320000648498535,4.0320000648498535,4.0320000648498535,4.0320000648498535,111,0.0,0.0
2023-01-11 14:30:00-05:00,4.079999923706055,4.079999923706055,4.079999923706055,4.079999923706055,306,0.0,0.0
2023-01-12 09:30:00-05:00,4.179999828338623,4.179999828338623,4.039999961853027,4.158400058746338,2046,0.0,0.0
2023-01-12 10:30:00-05:00,4.130000114440918,4.179999828338623,4.119999885559082,4.156599998474121,2599,0.0,0.0
2023-01-12 11:30:00-05:00,4.070000171661377,4.25,4.070000171661377,4.25,3484,0.0,0.0
2023-01-12 12:30:00-05:00,4.25,4.343999862670898,4.21999979019165,4.300000190734863,4250,0.0,0.0
2023-01-12 14:30:00-05:00,4.269999980926514,4.269999980926514,4.269999980926514,4.269999980926514,510,0.0,0.0
2023-01-13 09:30:00-05:00,4.264999866485596,4.264999866485596,4.264999866485596,4.264999866485596,356,0.0,0.0
2023-01-13 10:30:00-05:00,4.360000133514404,4.371600151062012,4.360000133514404,4.360400199890137,2100,0.0,0.0
2023-01-13 11:30:00-05:00,4.380000114440918,4.380000114440918,4.380000114440918,4.380000114440918,658,0.0,0.0
2023-01-13 12:30:00-05:00,4.379899978637695,4.379899978637695,4.379899978637695,4.379899978637695,236,0.0,0.0
2023-01-13 13:30:00-05:00,4.320099830627441,4.321199893951416,4.300000190734863,4.300000190734863,2528,0.0,0.0
2023-01-13 14:30:00-05:00,4.300000190734863,4.300000190734863,4.204999923706055,4.242000102996826,3541,0.0,0.0
2023-01-13 15:30:00-05:00,4.21999979019165,4.21999979019165,4.21999979019165,4.21999979019165,109,0.0,0.0
2023-01-17 09:30:00-05:00,4.21999979019165,4.289999961853027,4.199999809265137,4.289999961853027,2260,0.0,0.0
2023-01-17 10:30:00-05:00,4.2083001136779785,4.289999961853027,4.2083001136779785,4.260000228881836,1092,0.0,0.0
2023-01-17 11:30:00-05:00,4.260000228881836,4.300000190734863,4.260000228881836,4.28000020980835,1024,0.0,0.0
2023-01-17 12:30:00-05:00,4.299900054931641,4.360000133514404,4.299600124359131,4.360000133514404,3164,0.0,0.0
2023-01-17 13:30:00-05:00,4.360000133514404,4.360000133514404,4.321400165557861,4.349999904632568,4714,0.0,0.0
2023-01-17 14:30:00-05:00,4.309999942779541,4.309999942779541,4.300000190734863,4.300000190734863,270,0.0,0.0
2023-01-17 15:30:00-05:00,4.224999904632568,4.2347002029418945,4.21999979019165,4.2347002029418945,900,0.0,0.0
2023-01-18 09:30:00-05:00,4.369999885559082,4.369999885559082,4.369999885559082,4.369999885559082,0,0.0,0.0
2023-01-18 10:30:00-05:00,4.28000020980835,4.369999885559082,4.28000020980835,4.369999885559082,1204,0.0,0.0
2023-01-18 11:30:00-05:00,4.360000133514404,4.380000114440918,4.250100135803223,4.36959981918335,3460,0.0,0.0
2023-01-18 12:30:00-05:00,4.280099868774414,4.36959981918335,4.280099868774414,4.36959981918335,811,0.0,0.0
2023-01-18 13:30:00-05:00,4.337500095367432,4.339099884033203,4.260000228881836,4.339099884033203,4857,0.0,0.0
2023-01-18 14:30:00-05:00,4.269999980926514,4.269999980926514,4.244999885559082,4.244999885559082,1336,0.0,0.0
2023-01-18 15:30:00-05:00,4.263000011444092,4.263000011444092,4.210000038146973,4.252799987792969,1500,0.0,0.0
2023-01-19 09:30:00-05:00,4.300000190734863,4.300000190734863,4.199999809265137,4.279900074005127,2029,0.0,0.0
2023-01-19 10:30:00-05:00,4.309999942779541,4.309999942779541,4.309999942779541,4.309999942779541,100,0.0,0.0
2023-01-19 12:30:00-05:00,4.289000034332275,4.300000190734863,4.289000034332275,4.300000190734863,1045,0.0,0.0
2023-01-19 13:30:00-05:00,4.282899856567383,4.282899856567383,4.282899856567383,4.282899856567383,325,0.0,0.0
2023-01-19 14:30:00-05:00,4.25,4.25,4.25,4.25,400,0.0,0.0
2023-01-19 15:30:00-05:00,4.25,4.25,4.25,4.25,0,0.0,0.0
2023-01-20 10:30:00-05:00,4.25,4.2652997970581055,4.25,4.2652997970581055,339,0.0,0.0
2023-01-20 11:30:00-05:00,4.2600998878479,4.2600998878479,4.2600998878479,4.2600998878479,2537,0.0,0.0
2023-01-20 12:30:00-05:00,4.269999980926514,4.285399913787842,4.210000038146973,4.210000038146973,7172,0.0,0.0
2023-01-20 13:30:00-05:00,4.224999904632568,4.249899864196777,4.21999979019165,4.220099925994873,4075,0.0,0.0
2023-01-20 15:30:00-05:00,4.210000038146973,4.224999904632568,4.210000038146973,4.210000038146973,902,0.0,0.0
2023-01-23 09:30:00-05:00,4.210000038146973,4.210000038146973,4.199999809265137,4.210000038146973,4475,0.0,0.0
2023-01-23 10:30:00-05:00,4.199999809265137,4.20989990234375,4.199999809265137,4.20989990234375,343,0.0,0.0
2023-01-23 11:30:00-05:00,4.199999809265137,4.201399803161621,4.199999809265137,4.199999809265137,2273,0.0,0.0
2023-01-23 12:30:00-05:00,4.199999809265137,4.199999809265137,4.199999809265137,4.199999809265137,202,0.0,0.0
2023-01-23 13:30:00-05:00,4.199999809265137,4.25,4.199999809265137,4.25,0,0.0,0.0
2023-01-24 10:30:00-05:00,4.21999979019165,4.21999979019165,4.21999979019165,4.21999979019165,376,0.0,0.0
2023-01-24 11:30:00-05:00,4.249899864196777,4.249899864196777,4.249899864196777,4.249899864196777,218,0.0,0.0
2023-01-24 13:30:00-05:00,4.236999988555908,4.236999988555908,4.236999988555908,4.236999988555908,952,0.0,0.0
2023-01-25 09:30:00-05:00,4.130000114440918,4.130000114440918,4.130000114440918,4.130000114440918,1133,0.0,0.0
2023-01-25 10:30:00-05:00,4.241799831390381,4.241799831390381,4.130099773406982,4.130099773406982,6061,0.0,0.0
2023-01-25 11:30:00-05:00,4.130000114440918,4.230000019073486,4.130000114440918,4.190000057220459,481,0.0,0.0
2023-01-25 13:30:00-05:00,4.131499767303467,4.131499767303467,4.131499767303467,4.131499767303467,155,0.0,0.0
2023-01-25 14:30:00-05:00,4.199999809265137,4.199999809265137,4.130000114440918,4.130000114440918,222,0.0,0.0
2023-01-25 15:30:00-05:00,4.150000095367432,4.230000019073486,4.139999866485596,4.199999809265137,3107,0.0,0.0
2023-01-26 09:30:00-05:00,4.119999885559082,4.190000057220459,4.099999904632568,4.110000133514404,0,0.0,0.0
2023-01-26 10:30:00-05:00,4.110000133514404,4.190000057220459,4.099999904632568,4.190000057220459,2630,0.0,0.0
2023-01-26 11:30:00-05:00,4.179999828338623,4.189300060272217,4.179999828338623,4.189300060272217,1000,0.0,0.0
2023-01-26 12:30:00-05:00,4.170400142669678,4.230000019073486,4.100100040435791,4.230000019073486,6394,0.0,0.0
2023-01-26 13:30:00-05:00,4.239999771118164,4.239999771118164,4.210000038146973,4.239999771118164,4515,0.0,0.0
2023-01-26 14:30:00-05:00,4.199999809265137,4.210000038146973,4.179999828338623,4.210000038146973,2651,0.0,0.0
2023-01-26 15:30:00-05:00,4.199999809265137,4.224999904632568,4.199999809265137,4.224999904632568,639,0.0,0.0
2023-01-27 09:30:00-05:00,4.239999771118164,4.239999771118164,4.190000057220459,4.229899883270264,1374,0.0,0.0
2023-01-27 10:30:00-05:00,4.21999979019165,4.2399001121521,4.21999979019165,4.2399001121521,393,0.0,0.0
2023-01-27 11:30:00-05:00,4.230000019073486,4.230000019073486,4.230000019073486,4.230000019073486,803,0.0,0.0
2023-01-27 12:30:00-05:00,4.235000133514404,4.25,4.235000133514404,4.25,1744,0.0,0.0
2023-01-27 13:30:00-05:00,4.230000019073486,4.247399806976318,4.230000019073486,4.247399806976318,531,0.0,0.0
2023-01-30 09:30:00-05:00,4.25,4.368000030517578,4.25,4.339700222015381,2856,0.0,0.0
2023-01-30 11:30:00-05:00,4.294899940490723,4.320000171661377,4.25,4.25,2165,0.0,0.0
2023-01-30 12:30:00-05:00,4.250100135803223,4.251999855041504,4.25,4.251999855041504,1791,0.0,0.0
2023-01-30 14:30:00-05:00,4.230000019073486,4.25,4.230000019073486,4.25,1624,0.0,0.0
2023-01-30 15:30:00-05:00,4.239999771118164,4.239999771118164,4.239999771118164,4.239999771118164,492,0.0,0.0
2023-01-31 09:30:00-05:00,4.230000019073486,4.369900226593018,4.230000019073486,4.369900226593018,0,0.0,0.0
2023-01-31 10:30:00-05:00,4.251299858093262,4.251299858093262,4.251299858093262,4.251299858093262,501,0.0,0.0
2023-01-31 11:30:00-05:00,4.329999923706055,4.329999923706055,4.329999923706055,4.329999923706055,111,0.0,0.0
2023-01-31 12:30:00-05:00,4.369999885559082,4.380000114440918,4.199999809265137,4.309999942779541,18220,0.0,0.0
2023-01-31 13:30:00-05:00,4.309999942779541,4.409800052642822,4.210000038146973,4.320000171661377,17561,0.0,0.0
2023-01-31 14:30:00-05:00,4.290299892425537,4.309999942779541,4.282100200653076,4.289999961853027,8614,0.0,0.0
2023-01-31 15:30:00-05:00,4.289100170135498,4.320000171661377,4.221700191497803,4.320000171661377,3386,0.0,0.0
2023-02-01 09:30:00-05:00,4.380000114440918,4.380000114440918,4.380000114440918,4.380000114440918,1299,0.0,0.0
2023-02-01 10:30:00-05:00,4.375,4.375,4.375,4.375,593,0.0,0.0
2023-02-01 11:30:00-05:00,4.380000114440918,4.489699840545654,4.369999885559082,4.489699840545654,10326,0.0,0.0
2023-02-01 13:30:00-05:00,4.46999979019165,4.480000019073486,4.440000057220459,4.440000057220459,816,0.0,0.0
2023-02-01 14:30:00-05:00,4.474100112915039,4.5,4.474100112915039,4.5,1805,0.0,0.0
2023-02-01 15:30:00-05:00,4.453999996185303,4.5,4.453999996185303,4.5,1345,0.0,0.0
2023-02-02 09:30:00-05:00,4.519999980926514,4.5320000648498535,4.519999980926514,4.5320000648498535,2176,0.0,0.0
2023-02-02 10:30:00-05:00,4.5071001052856445,4.5071001052856445,4.5071001052856445,4.5071001052856445,224,0.0,0.0
2023-02-02 13:30:00-05:00,4.449999809265137,4.449999809265137,4.449999809265137,4.449999809265137,3718,0.0,0.0
2023-02-02 14:30:00-05:00,4.460000038146973,4.489999771118164,4.349999904632568,4.35099983215332,16897,0.0,0.0
2023-02-03 09:30:00-05:00,4.380000114440918,4.389999866485596,4.380000114440918,4.380000114440918,0,0.0,0.0
2023-02-03 10:30:00-05:00,4.389999866485596,4.399899959564209,4.389999866485596,4.389999866485596,1123,0.0,0.0
2023-02-03 11:30:00-05:00,4.395299911499023,4.395299911499023,4.395299911499023,4.395299911499023,241,0.0,0.0
2023-02-03 12:30:00-05:00,4.380000114440918,4.380000114440918,4.360000133514404,4.360000133514404,886,0.0,0.0
2023-02-03 13:30:00-05:00,4.349999904632568,4.349999904632568,4.349999904632568,4.349999904632568,223,0.0,0.0
2023-02-03 15:30:00-05:00,4.389999866485596,4.469900131225586,4.329999923706055,4.469900131225586,2889,0.0,0.0
2023-02-06 09:30:00-05:00,4.300000190734863,4.429999828338623,4.300000190734863,4.389999866485596,9678,0.0,0.0
2023-02-06 10:30:00-05:00,4.380000114440918,4.395599842071533,4.370100021362305,4.395599842071533,1212,0.0,0.0
2023-02-06 11:30:00-05:00,4.369999885559082,4.389999866485596,4.369999885559082,4.389999866485596,644,0.0,0.0
2023-02-06 12:30:00-05:00,4.360000133514404,4.386199951171875,4.300000190734863,4.386199951171875,5119,0.0,0.0
2023-02-06 13:30:00-05:00,4.400000095367432,4.420000076293945,4.389999866485596,4.409999847412109,2262,0.0,0.0
2023-02-06 14:30:00-05:00,4.409999847412109,4.409999847412109,4.400000095367432,4.400000095367432,509,0.0,0.0
2023-02-06 15:30:00-05:00,4.400000095367432,4.400000095367432,4.400000095367432,4.400000095367432,102,0.0,0.0
2023-02-07 09:30:00-05:00,4.400000095367432,4.400000095367432,4.309999942779541,4.309999942779541,3660,0.0,0.0
2023-02-07 10:30:00-05:00,4.409900188446045,4.409900188446045,4.409900188446045,4.409900188446045,161,0.0,0.0
2023-02-07 11:30:00-05:00,4.320000171661377,4.462399959564209,4.320000171661377,4.429999828338623,4308,0.0,0.0
2023-02-07 12:30:00-05:00,4.400100231170654,4.400100231170654,4.400100231170654,4.400100231170654,884,0.0,0.0
2023-02-07 13:30:00-05:00,4.400000095367432,4.400000095367432,4.400000095367432,4.400000095367432,222,0.0,0.0
2023-02-07 14:30:00-05:00,4.382299900054932,4.382299900054932,4.382299900054932,4.382299900054932,1154,0.0,0.0
2023-02-07 15:30:00-05:00,4.389999866485596,4.412700176239014,4.389999866485596,4.409999847412109,0,0.0,0.0
2023-02-08 09:30:00-05:00,4.303800106048584,4.400000095367432,4.303800106048584,4.400000095367432,608,0.0,0.0
2023-02-08 10:30:00-05:00,4.400000095367432,4.400000095367432,4.400000095367432,4.400000095367432,315,0.0,0.0
2023-02-08 11:30:00-05:00,4.329999923706055,4.399899959564209,4.320000171661377,4.389999866485596,2870,0.0,0.0
2023-02-08 12:30:00-05:00,4.389999866485596,4.400000095367432,4.389999866485596,4.400000095367432,1288,0.0,0.0
2023-02-08 13:30:00-05:00,4.380000114440918,4.389999866485596,4.349999904632568,4.380000114440918,2194,0.0,0.0
2023-02-08 14:30:00-05:00,4.400000095367432,4.400000095367432,4.389999866485596,4.389999866485596,603,0.0,0.0
2023-02-08 15:30:00-05:00,4.4019999504089355,4.409900188446045,4.360000133514404,4.360000133514404,0,0.0,0.0
2023-02-09 09:30:00-05:00,4.550000190734863,4.550000190734863,4.409999847412109,4.412199974060059,2753,0.0,0.0
2023-02-09 10:30:00-05:00,4.400000095367432,4.480000019073486,4.380000114440918,4.410099983215332,9422,0.0,0.0
2023-02-09 11:30:00-05:00,4.430099964141846,4.480000019073486,4.430099964141846,4.480000019073486,11681,0.0,0.0
2023-02-09 12:30:00-05:00,4.440000057220459,4.469600200653076,4.329899787902832,4.329899787902832,7579,0.0,0.0
2023-02-09 13:30:00-05:00,4.46999979019165,4.559999942779541,4.340000152587891,4.559999942779541,17177,0.0,0.0
2023-02-09 14:30:00-05:00,4.559999942779541,4.639999866485596,4.446700096130371,4.599999904632568,17138,0.0,0.0
2023-02-09 15:30:00-05:00,4.639999866485596,4.670000076293945,4.409999847412109,4.670000076293945,0,0.0,0.0
2023-02-10 09:30:00-05:00,4.679999828338623,4.679999828338623,4.610099792480469,4.630000114440918,8716,0.0,0.0
2023-02-10 10:30:00-05:00,4.54010009765625,4.54010009765625,4.54010009765625,4.54010009765625,317,0.0,0.0
2023-02-10 11:30:00-05:00,4.54010009765625,4.59499979019165,4.539999961853027,4.539999961853027,4359,0.0,0.0
2023-02-10 12:30:00-05:00,4.585000038146973,4.626999855041504,4.585000038146973,4.626999855041504,975,0.0,0.0
2023-02-10 13:30:00-05:00,4.539999961853027,4.550000190734863,4.539999961853027,4.550000190734863,1510,0.0,0.0
2023-02-10 14:30:00-05:00,4.5507001876831055,4.648900032043457,4.5507001876831055,4.648900032043457,601,0.0,0.0
2023-02-13 09:30:00-05:00,4.550000190734863,4.829999923706055,4.449999809265137,4.630000114440918,27299,0.0,0.0
2023-02-13 10:30:00-05:00,4.559999942779541,4.559999942779541,4.530099868774414,4.530200004577637,3312,0.0,0.0
2023-02-13 11:30:00-05:00,4.537099838256836,4.599999904632568,4.5,4.5005998611450195,13454,0.0,0.0
2023-02-13 12:30:00-05:00,4.519999980926514,4.539999961853027,4.519999980926514,4.539999961853027,1327,0.0,0.0
2023-02-13 13:30:00-05:00,4.5005998611450195,4.5005998611450195,4.420000076293945,4.420599937438965,9039,0.0,0.0
2023-02-13 14:30:00-05:00,4.519999980926514,4.539999961853027,4.460000038146973,4.539999961853027,3762,0.0,0.0
2023-02-13 15:30:00-05:00,4.590000152587891,4.590000152587891,4.460000038146973,4.559999942779541,4794,0.0,0.0
2023-02-14 09:30:00-05:00,4.650000095367432,4.650000095367432,4.650000095367432,4.650000095367432,247,0.0,0.0
2023-02-14 10:30:00-05:00,4.610000133514404,4.610000133514404,4.610000133514404,4.610000133514404,500,0.0,0.0
2023-02-14 11:30:00-05:00,4.699999809265137,4.699999809265137,4.699999809265137,4.699999809265137,299,0.0,0.0
2023-02-14 12:30:00-05:00,4.599999904632568,4.684999942779541,4.599999904632568,4.684999942779541,1542,0.0,0.0
2023-02-14 14:30:00-05:00,4.632999897003174,4.670000076293945,4.610000133514404,4.670000076293945,4960,0.0,0.0
2023-02-14 15:30:00-05:00,4.670000076293945,4.690000057220459,4.670000076293945,4.690000057220459,769,0.0,0.0
2023-02-15 09:30:00-05:00,4.769999980926514,4.769999980926514,4.710000038146973,4.710000038146973,1004,0.0,0.0
2023-02-15 10:30:00-05:00,4.7241997718811035,4.75,4.699999809265137,4.75,2324,0.0,0.0
2023-02-15 12:30:00-05:00,4.783199787139893,4.783199787139893,4.783199787139893,4.783199787139893,705,0.0,0.0
2023-02-15 15:30:00-05:00,4.775000095367432,4.775000095367432,4.775000095367432,4.775000095367432,0,0.0,0.0
2023-02-16 09:30:00-05:00,4.775899887084961,4.949900150299072,4.739999771118164,4.800000190734863,10617,0.0,0.0
2023-02-16 10:30:00-05:00,4.860799789428711,4.9070000648498535,4.860000133514404,4.9070000648498535,3861,0.0,0.0
2023-02-16 11:30:00-05:00,4.860000133514404,4.880000114440918,4.860000133514404,4.880000114440918,602,0.0,0.0
2023-02-16 12:30:00-05:00,4.869999885559082,4.869999885559082,4.804999828338623,4.804999828338623,2311,0.0,0.0
2023-02-16 13:30:00-05:00,4.804999828338623,4.804999828338623,4.75,4.75,1345,0.0,0.0
2023-02-16 14:30:00-05:00,4.84499979019165,4.849999904632568,4.84499979019165,4.849999904632568,283,0.0,0.0
2023-02-16 15:30:00-05:00,4.835000038146973,4.840000152587891,4.829999923706055,4.829999923706055,0,0.0,0.0
2023-02-17 09:30:00-05:00,4.75,4.889999866485596,4.75,4.849999904632568,4106,0.0,0.0
2023-02-17 10:30:00-05:00,4.840000152587891,4.880000114440918,4.840000152587891,4.880000114440918,4514,0.0,0.0
2023-02-17 11:30:00-05:00,4.880000114440918,4.880000114440918,4.869999885559082,4.8796000480651855,1216,0.0,0.0
2023-02-17 12:30:00-05:00,4.875,4.875,4.875,4.875,403,0.0,0.0
2023-02-17 14:30:00-05:00,4.872399806976318,4.872399806976318,4.872399806976318,4.872399806976318,263,0.0,0.0
2023-02-17 15:30:00-05:00,4.855000019073486,4.855000019073486,4.855000019073486,4.855000019073486,130,0.0,0.0
2023-02-21 09:30:00-05:00,4.889999866485596,4.889999866485596,4.740300178527832,4.760000228881836,5532,0.0,0.0
2023-02-21 10:30:00-05:00,4.742700099945068,4.760000228881836,4.650000095367432,4.650000095367432,5133,0.0,0.0
2023-02-21 11:30:00-05:00,4.730000019073486,4.730000019073486,4.599999904632568,4.619999885559082,1853,0.0,0.0
2023-02-21 12:30:00-05:00,4.679999828338623,4.679999828338623,4.679999828338623,4.679999828338623,609,0.0,0.0
2023-02-21 13:30:00-05:00,4.7378997802734375,4.7378997802734375,4.599999904632568,4.600100040435791,4847,0.0,0.0
2023-02-21 14:30:00-05:00,4.599999904632568,4.735000133514404,4.599999904632568,4.735000133514404,1212,0.0,0.0
2023-02-21 15:30:00-05:00,4.683700084686279,4.699900150299072,4.683700084686279,4.699900150299072,472,0.0,0.0
2023-02-22 09:30:00-05:00,4.710000038146973,4.710000038146973,4.617199897766113,4.617199897766113,1873,0.0,0.0
2023-02-22 10:30:00-05:00,4.665900230407715,4.70989990234375,4.599999904632568,4.599999904632568,4346,0.0,0.0
2023-02-22 11:30:00-05:00,4.709799766540527,4.709799766540527,4.709799766540527,4.709799766540527,100,0.0,0.0
2023-02-22 12:30:00-05:00,4.699999809265137,4.699999809265137,4.699999809265137,4.699999809265137,138,0.0,0.0
2023-02-22 14:30:00-05:00,4.690000057220459,4.71999979019165,4.639999866485596,4.699999809265137,6590,0.0,0.0
2023-02-22 15:30:00-05:00,4.699999809265137,4.699999809265137,4.599999904632568,4.599999904632568,511,0.0,0.0
2023-02-23 09:30:00-05:00,4.65500020980835,4.707900047302246,4.65500020980835,4.68720006942749,781,0.0,0.0
2023-02-23 10:30:00-05:00,4.606299877166748,4.6143999099731445,4.599999904632568,4.599999904632568,6546,0.0,0.0
2023-02-23 11:30:00-05:00,4.630000114440918,4.630000114440918,4.630000114440918,4.630000114440918,108,0.0,0.0
2023-02-23 12:30:00-05:00,4.619999885559082,4.650700092315674,4.600100040435791,4.650700092315674,2435,0.0,0.0
2023-02-23 13:30:00-05:00,4.619999885559082,4.679999828338623,4.599999904632568,4.630000114440918,5638,0.0,0.0
2023-02-23 15:30:00-05:00,4.650000095367432,4.689899921417236,4.639999866485596,4.659999847412109,1425,0.0,0.0
2023-02-24 09:30:00-05:00,4.6508002281188965,4.659999847412109,4.599999904632568,4.599999904632568,0,0.0,0.0
2023-02-24 10:30:00-05:00,4.602399826049805,4.623700141906738,4.599999904632568,4.599999904632568,623,0.0,0.0
2023-02-24 11:30:00-05:00,4.61870002746582,4.630000114440918,4.599999904632568,4.628300189971924,1257,0.0,0.0
2023-02-24 12:30:00-05:00,4.639999866485596,4.640100002288818,4.639500141143799,4.640100002288818,3153,0.0,0.0
2023-02-24 13:30:00-05:00,4.679999828338623,4.688700199127197,4.599999904632568,4.599999904632568,6420,0.0,0.0
2023-02-24 14:30:00-05:00,4.630000114440918,4.670000076293945,4.630000114440918,4.664299964904785,969,0.0,0.0
2023-02-24 15:30:00-05:00,4.659999847412109,4.659999847412109,4.639999866485596,4.639999866485596,510,0.0,0.0
2023-02-27 09:30:00-05:00,4.570000171661377,4.689899921417236,4.570000171661377,4.670000076293945,7320,0.0,0.0
2023-02-27 10:30:00-05:00,4.690000057220459,4.690000057220459,4.670000076293945,4.670000076293945,287,0.0,0.0
2023-02-27 11:30:00-05:00,4.670000076293945,4.678999900817871,4.670000076293945,4.678999900817871,6085,0.0,0.0
2023-02-27 13:30:00-05:00,4.670000076293945,4.670000076293945,4.670000076293945,4.670000076293945,191,0.0,0.0
2023-02-27 14:30:00-05:00,4.650000095367432,4.659900188446045,4.511300086975098,4.659900188446045,0,0.0,0.0
2023-02-28 09:30:00-05:00,4.599999904632568,4.690000057220459,4.599999904632568,4.690000057220459,929,0.0,0.0
2023-02-28 10:30:00-05:00,4.656400203704834,4.656400203704834,4.650000095367432,4.650000095367432,1025,0.0,0.0
2023-02-28 12:30:00-05:00,4.694499969482422,4.694499969482422,4.694499969482422,4.694499969482422,208,0.0,0.0
2023-02-28 13:30:00-05:00,4.699999809265137,4.699999809265137,4.699999809265137,4.699999809265137,821,0.0,0.0
2023-02-28 14:30:00-05:00,4.699999809265137,4.699999809265137,4.695000171661377,4.699999809265137,3261,0.0,0.0
2023-02-28 15:30:00-05:00,4.699999809265137,4.699999809265137,4.699999809265137,4.699999809265137,0,0.0,0.0
2023-03-01 09:30:00-05:00,4.710000038146973,4.78000020980835,4.710000038146973,4.78000020980835,1442,0.0,0.0
2023-03-01 10:30:00-05:00,4.630000114440918,4.719900131225586,4.630000114440918,4.710000038146973,470,0.0,0.0
2023-03-01 12:30:00-05:00,4.71999979019165,4.71999979019165,4.71999979019165,4.71999979019165,236,0.0,0.0
2023-03-01 14:30:00-05:00,4.710000038146973,4.710000038146973,4.710000038146973,4.710000038146973,660,0.0,0.0
2023-03-01 15:30:00-05:00,4.710000038146973,4.710000038146973,4.710000038146973,4.710000038146973,369,0.0,0.0
2023-03-02 09:30:00-05:00,4.599999904632568,4.690000057220459,4.599999904632568,4.690000057220459,507,0.0,0.0
2023-03-02 10:30:00-05:00,4.690000057220459,4.710000038146973,4.690000057220459,4.706299781799316,1044,0.0,0.0
2023-03-02 11:30:00-05:00,4.699999809265137,4.699999809265137,4.699999809265137,4.699999809265137,1486,0.0,0.0
2023-03-02 12:30:00-05:00,4.710000038146973,4.710000038146973,4.6940999031066895,4.6940999031066895,741,0.0,0.0
2023-03-02 15:30:00-05:00,4.709099769592285,4.709099769592285,4.709099769592285,4.709099769592285,117,0.0,0.0
2023-03-03 09:30:00-05:00,4.659999847412109,4.719900131225586,4.659999847412109,4.719900131225586,0,0.0,0.0
2023-03-03 10:30:00-05:00,4.710100173950195,4.710100173950195,4.710100173950195,4.710100173950195,419,0.0,0.0
2023-03-03 11:30:00-05:00,4.715799808502197,4.71999979019165,4.699999809265137,4.699999809265137,750,0.0,0.0
2023-03-03 12:30:00-05:00,4.710100173950195,4.711599826812744,4.710000038146973,4.710000038146973,3348,0.0,0.0
2023-03-03 13:30:00-05:00,4.710000038146973,4.710000038146973,4.710000038146973,4.710000038146973,1116,0.0,0.0
2023-03-03 14:30:00-05:00,4.71999979019165,4.789999961853027,4.718200206756592,4.71999979019165,3580,0.0,0.0
2023-03-03 15:30:00-05:00,4.818999767303467,4.818999767303467,4.730000019073486,4.760000228881836,7617,0.0,0.0
2023-03-06 09:30:00-05:00,4.829999923706055,4.829999923706055,4.829999923706055,4.829999923706055,227,0.0,0.0
2023-03-06 10:30:00-05:00,4.860000133514404,4.869999885559082,4.860000133514404,4.869999885559082,1570,0.0,0.0
2023-03-06 12:30:00-05:00,4.8043999671936035,4.8043999671936035,4.8043999671936035,4.8043999671936035,1090,0.0,0.0
2023-03-06 13:30:00-05:00,4.8470001220703125,4.8470001220703125,4.8470001220703125,4.8470001220703125,245,0.0,0.0
2023-03-06 14:30:00-05:00,4.829999923706055,4.849999904632568,4.809999942779541,4.849999904632568,3094,0.0,0.0
2023-03-06 15:30:00-05:00,4.849999904632568,4.860000133514404,4.849999904632568,4.849999904632568,2631,0.0,0.0
2023-03-07 09:30:00-05:00,4.880000114440918,4.96999979019165,4.880000114440918,4.940000057220459,6981,0.0,0.0
2023-03-07 10:30:00-05:00,4.949999809265137,4.960299968719482,4.937399864196777,4.949999809265137,5922,0.0,0.0
2023-03-07 12:30:00-05:00,4.938000202178955,4.938000202178955,4.938000202178955,4.938000202178955,945,0.0,0.0
2023-03-07 13:30:00-05:00,4.89139986038208,4.906199932098389,4.800099849700928,4.906199932098389,0,0.0,0.0
2023-03-08 09:30:00-05:00,4.900000095367432,4.900000095367432,4.900000095367432,4.900000095367432,665,0.0,0.0
2023-03-08 10:30:00-05:00,4.939899921417236,4.939899921417236,4.939899921417236,4.939899921417236,242,0.0,0.0
2023-03-08 11:30:00-05:00,4.932700157165527,4.939000129699707,4.91949987411499,4.91949987411499,1136,0.0,0.0
2023-03-08 12:30:00-05:00,4.940000057220459,4.940000057220459,4.932300090789795,4.932300090789795,733,0.0,0.0
2023-03-08 13:30:00-05:00,4.918799877166748,4.949999809265137,4.918799877166748,4.937600135803223,19651,0.0,0.0
2023-03-08 14:30:00-05:00,4.920000076293945,4.929999828338623,4.920000076293945,4.929999828338623,1473,0.0,0.0
2023-03-08 15:30:00-05:00,4.920000076293945,4.929500102996826,4.900000095367432,4.920000076293945,0,0.0,0.0
2023-03-09 09:30:00-05:00,4.949999809265137,4.949999809265137,4.900000095367432,4.920000076293945,6133,0.0,0.0
2023-03-09 10:30:00-05:00,4.920000076293945,4.920000076293945,4.900000095367432,4.909999847412109,3600,0.0,0.0
2023-03-09 11:30:00-05:00,4.889999866485596,4.894199848175049,4.880000114440918,4.8902997970581055,5133,0.0,0.0
2023-03-09 12:30:00-05:00,4.880000114440918,4.880000114440918,4.880000114440918,4.880000114440918,1014,0.0,0.0
2023-03-09 13:30:00-05:00,4.869999885559082,4.880099773406982,4.869999885559082,4.880000114440918,2688,0.0,0.0
2023-03-09 14:30:00-05:00,4.869999885559082,4.869999885559082,4.860000133514404,4.860000133514404,2371,0.0,0.0
2023-03-09 15:30:00-05:00,4.849999904632568,4.849999904632568,4.829999923706055,4.829999923706055,1081,0.0,0.0
2023-03-10 09:30:00-05:00,4.739999771118164,4.75,4.739999771118164,4.75,0,0.0,0.0
2023-03-10 10:30:00-05:00,4.769999980926514,4.829999923706055,4.764999866485596,4.829999923706055,1626,0.0,0.0
2023-03-10 11:30:00-05:00,4.795000076293945,4.800000190734863,4.79010009765625,4.79010009765625,1213,0.0,0.0
2023-03-10 12:30:00-05:00,4.820000171661377,4.820000171661377,4.820000171661377,4.820000171661377,525,0.0,0.0
2023-03-10 13:30:00-05:00,4.821899890899658,4.829999923706055,4.789999961853027,4.815000057220459,7601,0.0,0.0
2023-03-10 14:30:00-05:00,4.829999923706055,4.849899768829346,4.789999961853027,4.840000152587891,16912,0.0,0.0
2023-03-10 15:30:00-05:00,4.840000152587891,4.869999885559082,4.829999923706055,4.869999885559082,947,0.0,0.0
2023-03-13 09:30:00-04:00,4.739999771118164,4.739999771118164,4.710000038146973,4.710400104522705,0,0.0,0.0
2023-03-13 10:30:00-04:00,4.710000038146973,4.809999942779541,4.710000038146973,4.80620002746582,2571,0.0,0.0
2023-03-13 11:30:00-04:00,4.793799877166748,4.869999885559082,4.793799877166748,4.869999885559082,1689,0.0,0.0
2023-03-13 13:30:00-04:00,4.796899795532227,4.800000190734863,4.789999961853027,4.789999961853027,5204,0.0,0.0
2023-03-13 14:30:00-04:00,4.789999961853027,4.800000190734863,4.789999961853027,4.800000190734863,855,0.0,0.0
2023-03-13 15:30:00-04:00,4.78000020980835,4.799900054931641,4.769999980926514,4.789999961853027,0,0.0,0.0
2023-03-14 09:30:00-04:00,4.7957000732421875,4.799900054931641,4.75,4.799900054931641,3221,0.0,0.0
2023-03-14 10:30:00-04:00,4.800000190734863,4.869999885559082,4.800000190734863,4.869999885559082,1202,0.0,0.0
2023-03-14 11:30:00-04:00,4.949999809265137,4.960000038146973,4.929999828338623,4.949999809265137,2259,0.0,0.0
2023-03-14 12:30:00-04:00,4.960000038146973,4.969900131225586,4.960000038146973,4.969900131225586,2026,0.0,0.0
2023-03-14 13:30:00-04:00,4.960000038146973,4.960000038146973,4.960000038146973,4.960000038146973,110,0.0,0.0
2023-03-14 14:30:00-04:00,4.90500020980835,4.90500020980835,4.90500020980835,4.90500020980835,887,0.0,0.0
2023-03-14 15:30:00-04:00,4.940000057220459,4.940000057220459,4.940000057220459,4.940000057220459,469,0.0,0.0
2023-03-15 09:30:00-04:00,4.949999809265137,4.949999809265137,4.730000019073486,4.824999809265137,0,0.0,0.0
2023-03-15 10:30:00-04:00,4.809999942779541,4.809999942779541,4.771599769592285,4.771599769592285,5687,0.0,0.0
2023-03-15 11:30:00-04:00,4.77239990234375,4.839900016784668,4.769999980926514,4.769999980926514,2957,0.0,0.0
2023-03-15 12:30:00-04:00,4.739999771118164,4.760000228881836,4.739999771118164,4.760000228881836,498,0.0,0.0
2023-03-15 13:30:00-04:00,4.75,4.75,4.75,4.75,410,0.0,0.0
2023-03-15 14:30:00-04:00,4.71999979019165,4.71999979019165,4.71999979019165,4.71999979019165,185,0.0,0.0
2023-03-15 15:30:00-04:00,4.739999771118164,4.739999771118164,4.739999771118164,4.739999771118164,491,0.0,0.0
2023-03-16 09:30:00-04:00,4.670000076293945,4.670000076293945,4.659999847412109,4.659999847412109,1030,0.0,0.0
2023-03-16 10:30:00-04:00,4.679999828338623,4.682000160217285,4.670499801635742,4.670499801635742,1075,0.0,0.0
2023-03-16 12:30:00-04:00,4.710000038146973,4.730000019073486,4.710000038146973,4.730000019073486,940,0.0,0.0
2023-03-16 13:30:00-04:00,4.739999771118164,4.739999771118164,4.739999771118164,4.739999771118164,255,0.0,0.0
2023-03-16 14:30:00-04:00,4.747399806976318,4.940000057220459,4.699999809265137,4.800000190734863,15049,0.0,0.0
2023-03-16 15:30:00-04:00,4.829999923706055,4.829999923706055,4.829999923706055,4.829999923706055,175,0.0,0.0
2023-03-17 09:30:00-04:00,4.880000114440918,4.880000114440918,4.796500205993652,4.869999885559082,2312,0.0,0.0
2023-03-17 10:30:00-04:00,4.730400085449219,4.730400085449219,4.730400085449219,4.730400085449219,1497,0.0,0.0
2023-03-17 12:30:00-04:00,4.800000190734863,4.800000190734863,4.800000190734863,4.800000190734863,194,0.0,0.0
2023-03-17 13:30:00-04:00,4.840000152587891,4.840000152587891,4.840000152587891,4.840000152587891,373,0.0,0.0
2023-03-17 15:30:00-04:00,4.800000190734863,4.809999942779541,4.800000190734863,4.804999828338623,887,0.0,0.0
2023-03-20 09:30:00-04:00,4.840000152587891,4.849999904632568,4.840000152587891,4.849999904632568,0,0.0,0.0
2023-03-20 11:30:00-04:00,4.78000020980835,4.849999904632568,4.760000228881836,4.760000228881836,2769,0.0,0.0
2023-03-20 12:30:00-04:00,4.769999980926514,4.78000020980835,4.769999980926514,4.770100116729736,6060,0.0,0.0
2023-03-20 14:30:00-04:00,4.787199974060059,4.787199974060059,4.769999980926514,4.769999980926514,2305,0.0,0.0
2023-03-20 15:30:00-04:00,4.789999961853027,4.789999961853027,4.789999961853027,4.789999961853027,100,0.0,0.0
2023-03-21 09:30:00-04:00,4.769999980926514,4.840000152587891,4.769999980926514,4.840000152587891,9142,0.0,0.0
2023-03-21 10:30:00-04:00,4.789999961853027,4.800000190734863,4.7600998878479,4.7600998878479,2078,0.0,0.0
2023-03-21 11:30:00-04:00,4.809999942779541,4.809999942779541,4.800000190734863,4.800000190734863,406,0.0,0.0
2023-03-21 12:30:00-04:00,4.804999828338623,4.804999828338623,4.800000190734863,4.800000190734863,1060,0.0,0.0
2023-03-21 13:30:00-04:00,4.800000190734863,4.800000190734863,4.789999961853027,4.789999961853027,1230,0.0,0.0
2023-03-21 14:30:00-04:00,4.800000190734863,4.800000190734863,4.789999961853027,4.800000190734863,3954,0.0,0.0
2023-03-21 15:30:00-04:00,4.78000020980835,4.819900035858154,4.75,4.804999828338623,2837,0.0,0.0
2023-03-22 09:30:00-04:00,4.880000114440918,4.880000114440918,4.829999923706055,4.829999923706055,0,0.0,0.0
2023-03-22 10:30:00-04:00,4.8231000900268555,4.8231000900268555,4.8231000900268555,4.8231000900268555,1528,0.0,0.0
2023-03-22 11:30:00-04:00,4.820000171661377,4.820300102233887,4.762899875640869,4.762899875640869,5827,0.0,0.0
2023-03-22 12:30:00-04:00,4.809999942779541,4.809999942779541,4.809999942779541,4.809999942779541,100,0.0,0.0
2023-03-22 13:30:00-04:00,4.800000190734863,4.800000190734863,4.800000190734863,4.800000190734863,270,0.0,0.0
2023-03-22 14:30:00-04:00,4.789999961853027,4.800000190734863,4.789999961853027,4.800000190734863,210,0.0,0.0
2023-03-23 10:30:00-04:00,4.800000190734863,4.800000190734863,4.800000190734863,4.800000190734863,0,0.0,0.0
2023-03-23 11:30:00-04:00,4.800000190734863,4.809899806976318,4.789999961853027,4.809899806976318,1732,0.0,0.0
2023-03-23 12:30:00-04:00,4.800000190734863,4.820000171661377,4.800000190734863,4.820000171661377,5008,0.0,0.0
2023-03-23 13:30:00-04:00,4.800000190734863,4.800000190734863,4.800000190734863,4.800000190734863,230,0.0,0.0
2023-03-23 14:30:00-04:00,4.800000190734863,4.800000190734863,4.78000020980835,4.78000020980835,4702,0.0,0.0
2023-03-23 15:30:00-04:00,4.789899826049805,4.809999942779541,4.789899826049805,4.809999942779541,524,0.0,0.0
2023-03-24 09:30:00-04:00,4.769999980926514,4.809999942779541,4.769999980926514,4.809999942779541,0,0.0,0.0
2023-03-24 10:30:00-04:00,4.760000228881836,4.760300159454346,4.760000228881836,4.760000228881836,1852,0.0,0.0
2023-03-24 12:30:00-04:00,4.769999980926514,4.769999980926514,4.769999980926514,4.769999980926514,503,0.0,0.0
2023-03-24 13:30:00-04:00,4.760000228881836,4.760000228881836,4.760000228881836,4.760000228881836,3502,0.0,0.0
2023-03-24 14:30:00-04:00,4.769999980926514,4.77839994430542,4.769999980926514,4.769999980926514,1059,0.0,0.0
2023-03-24 15:30:00-04:00,4.75,4.75,4.75,4.75,141,0.0,0.0
2023-03-27 09:30:00-04:00,4.78000020980835,4.78000020980835,4.710000038146973,4.730000019073486,981,0.0,0.0
2023-03-27 10:30:00-04:00,4.730000019073486,4.730000019073486,4.730000019073486,4.730000019073486,209,0.0,0.0
2023-03-27 11:30:00-04:00,4.730000019073486,4.734000205993652,4.724999904632568,4.730000019073486,1450,0.0,0.0
2023-03-27 12:30:00-04:00,4.728799819946289,4.728799819946289,4.71999979019165,4.71999979019165,695,0.0,0.0
2023-03-27 13:30:00-04:00,4.729899883270264,4.730000019073486,4.729899883270264,4.730000019073486,463,0.0,0.0
2023-03-27 14:30:00-04:00,4.724999904632568,4.724999904632568,4.724999904632568,4.724999904632568,112,0.0,0.0
2023-03-27 15:30:00-04:00,4.71999979019165,4.724999904632568,4.710000038146973,4.71999979019165,0,0.0,0.0
2023-03-28 09:30:00-04:00,4.710000038146973,4.710000038146973,4.704999923706055,4.704999923706055,859,0.0,0.0
2023-03-28 10:30:00-04:00,4.710000038146973,4.820000171661377,4.710000038146973,4.820000171661377,10394,0.0,0.0
2023-03-28 12:30:00-04:00,4.769999980926514,4.769999980926514,4.769999980926514,4.769999980926514,550,0.0,0.0
2023-03-28 13:30:00-04:00,4.735000133514404,4.735000133514404,4.735000133514404,4.735000133514404,557,0.0,0.0
2023-03-28 14:30:00-04:00,4.71999979019165,4.71999979019165,4.71999979019165,4.71999979019165,1087,0.0,0.0
2023-03-28 15:30:00-04:00,4.75,4.75,4.75,4.75,377,0.0,0.0
2023-03-29 09:30:00-04:00,4.811299800872803,4.811299800872803,4.811299800872803,4.811299800872803,0,0.0,0.0
2023-03-29 10:30:00-04:00,4.769999980926514,4.849299907684326,4.769999980926514,4.809999942779541,763,0.0,0.0
2023-03-29 11:30:00-04:00,4.800000190734863,4.800000190734863,4.800000190734863,4.800000190734863,568,0.0,0.0
2023-03-29 12:30:00-04:00,4.730100154876709,4.730100154876709,4.730100154876709,4.730100154876709,1227,0.0,0.0
2023-03-29 13:30:00-04:00,4.723999977111816,4.730100154876709,4.723999977111816,4.730100154876709,1503,0.0,0.0
2023-03-29 14:30:00-04:00,4.730000019073486,4.769999980926514,4.710000038146973,4.769999980926514,1668,0.0,0.0
2023-03-29 15:30:00-04:00,4.78000020980835,4.800000190734863,4.769999980926514,4.800000190734863,1428,0.0,0.0
2023-03-30 11:30:00-04:00,4.800000190734863,4.800099849700928,4.800000190734863,4.800099849700928,4419,0.0,0.0
2023-03-30 13:30:00-04:00,4.789899826049805,4.800000190734863,4.789899826049805,4.800000190734863,463,0.0,0.0
2023-03-30 14:30:00-04:00,4.784999847412109,4.784999847412109,4.784999847412109,4.784999847412109,1004,0.0,0.0
2023-03-30 15:30:00-04:00,4.784999847412109,4.784999847412109,4.784999847412109,4.784999847412109,225,0.0,0.0
2023-03-31 09:30:00-04:00,4.880000114440918,4.880000114440918,4.650000095367432,4.710000038146973,0,0.0,0.0
2023-03-31 10:30:00-04:00,4.7484002113342285,4.749499797821045,4.730000019073486,4.739999771118164,1909,0.0,0.0
2023-03-31 11:30:00-04:00,4.739999771118164,4.739999771118164,4.730000019073486,4.730000019073486,550,0.0,0.0
2023-03-31 12:30:00-04:00,4.730000019073486,4.7399001121521,4.679999828338623,4.7399001121521,1904,0.0,0.0
2023-03-31 13:30:00-04:00,4.730000019073486,4.730000019073486,4.7179999351501465,4.7179999351501465,449,0.0,0.0
2023-03-31 14:30:00-04:00,4.710000038146973,4.710000038146973,4.710000038146973,4.710000038146973,103,0.0,0.0
2023-03-31 15:30:00-04:00,4.699999809265137,4.699999809265137,4.699999809265137,4.699999809265137,260,0.0,0.0
2023-04-03 09:30:00-04:00,4.679999828338623,4.679999828338623,4.661499977111816,4.661499977111816,759,0.0,0.0
2023-04-03 10:30:00-04:00,4.71999979019165,4.71999979019165,4.71999979019165,4.71999979019165,1004,0.0,0.0
2023-04-03 12:30:00-04:00,4.710000038146973,4.710000038146973,4.710000038146973,4.710000038146973,166,0.0,0.0
2023-04-03 13:30:00-04:00,4.71999979019165,4.71999979019165,4.710100173950195,4.719900131225586,1129,0.0,0.0
2023-04-04 10:30:00-04:00,4.679999828338623,4.679999828338623,4.6504998207092285,4.670000076293945,883,0.0,0.0
2023-04-04 12:30:00-04:00,4.695400238037109,4.695400238037109,4.695400238037109,4.695400238037109,372,0.0,0.0
2023-04-04 13:30:00-04:00,4.650000095367432,4.659999847412109,4.599999904632568,4.639999866485596,4913,0.0,0.0
2023-04-04 14:30:00-04:00,4.550000190734863,4.579899787902832,4.550000190734863,4.579899787902832,719,0.0,0.0
2023-04-05 09:30:00-04:00,4.619999885559082,4.619999885559082,4.619999885559082,4.619999885559082,933,0.0,0.0
2023-04-05 10:30:00-04:00,4.579999923706055,4.579999923706055,4.540999889373779,4.540999889373779,581,0.0,0.0
2023-04-05 11:30:00-04:00,4.5100998878479,4.5100998878479,4.5,4.5,1247,0.0,0.0
2023-04-05 12:30:00-04:00,4.5,4.5,4.5,4.5,1148,0.0,0.0
2023-04-05 14:30:00-04:00,4.5,4.5,4.5,4.5,1038,0.0,0.0
2023-04-05 15:30:00-04:00,4.559999942779541,4.559999942779541,4.559999942779541,4.559999942779541,112,0.0,0.0
2023-04-06 09:30:00-04:00,4.619999885559082,4.619999885559082,4.534999847412109,4.534999847412109,0,0.0,0.0
2023-04-06 10:30:00-04:00,4.590000152587891,4.590000152587891,4.590000152587891,4.590000152587891,110,0.0,0.0
2023-04-06 11:30:00-04:00,4.514999866485596,4.514999866485596,4.514999866485596,4.514999866485596,285,0.0,0.0
2023-04-06 12:30:00-04:00,4.500199794769287,4.559999942779541,4.500199794769287,4.559999942779541,615,0.0,0.0
2023-04-06 13:30:00-04:00,4.530099868774414,4.530099868774414,4.530099868774414,4.530099868774414,302,0.0,0.0
2023-04-06 14:30:00-04:00,4.570000171661377,4.570000171661377,4.5,4.5,3028,0.0,0.0
2023-04-10 09:30:00-04:00,4.502699851989746,4.502699851989746,4.5,4.5,424,0.0,0.0
2023-04-10 10:30:00-04:00,4.5,4.510000228881836,4.5,4.510000228881836,565,0.0,0.0
2023-04-10 11:30:00-04:00,4.519100189208984,4.519700050354004,4.519100189208984,4.519700050354004,431,0.0,0.0
2023-04-10 12:30:00-04:00,4.500100135803223,4.500100135803223,4.5,4.500100135803223,865,0.0,0.0
2023-04-10 13:30:00-04:00,4.460000038146973,4.468200206756592,4.449999809265137,4.468200206756592,1220,0.0,0.0
2023-04-10 14:30:00-04:00,4.449999809265137,4.449999809265137,4.449999809265137,4.449999809265137,0,0.0,0.0
2023-04-11 10:30:00-04:00,4.514999866485596,4.514999866485596,4.514999866485596,4.514999866485596,422,0.0,0.0
2023-04-11 12:30:00-04:00,4.449999809265137,4.449999809265137,4.409999847412109,4.409999847412109,854,0.0,0.0
2023-04-11 13:30:00-04:00,4.420000076293945,4.449900150299072,4.349999904632568,4.449900150299072,761,0.0,0.0
2023-04-11 14:30:00-04:00,4.420000076293945,4.4899001121521,4.420000076293945,4.429999828338623,19146,0.0,0.0
2023-04-11 15:30:00-04:00,4.429999828338623,4.429999828338623,4.429999828338623,4.429999828338623,321,0.0,0.0
2023-04-12 09:30:00-04:00,4.489999771118164,4.489999771118164,4.480000019073486,4.480000019073486,0,0.0,0.0
2023-04-12 10:30:00-04:00,4.480000019073486,4.530200004577637,4.430099964141846,4.449999809265137,51220,0.0,0.0
2023-04-12 13:30:00-04:00,4.46999979019165,4.46999979019165,4.460000038146973,4.460000038146973,1198,0.0,0.0
2023-04-12 14:30:00-04:00,4.449999809265137,4.449999809265137,4.440000057220459,4.440000057220459,1909,0.0,0.0
2023-04-12 15:30:00-04:00,4.439899921417236,4.44950008392334,4.439700126647949,4.44950008392334,926,0.0,0.0
2023-04-13 09:30:00-04:00,4.460000038146973,4.460000038146973,4.460000038146973,4.460000038146973,154,0.0,0.0
2023-04-13 10:30:00-04:00,4.449999809265137,4.450099945068359,4.449999809265137,4.450099945068359,559,0.0,0.0
2023-04-13 12:30:00-04:00,4.539999961853027,4.539999961853027,4.539999961853027,4.539999961853027,202,0.0,0.0
2023-04-13 13:30:00-04:00,4.53000020980835,4.53000020980835,4.480000019073486,4.489999771118164,2741,0.0,0.0
2023-04-13 14:30:00-04:00,4.480000019073486,4.480000019073486,4.46999979019165,4.46999979019165,603,0.0,0.0
2023-04-13 15:30:00-04:00,4.549900054931641,4.549900054931641,4.510000228881836,4.510000228881836,329,0.0,0.0
2023-04-14 09:30:00-04:00,4.570000171661377,4.71999979019165,4.5,4.679999828338623,955,0.0,0.0
2023-04-14 10:30:00-04:00,4.599999904632568,4.599999904632568,4.599999904632568,4.599999904632568,465,0.0,0.0
2023-04-14 11:30:00-04:00,4.789999961853027,4.789999961853027,4.789999961853027,4.789999961853027,209,0.0,0.0
2023-04-14 13:30:00-04:00,4.6020002365112305,4.602700233459473,4.550000190734863,4.550000190734863,2035,0.0,0.0
2023-04-14 15:30:00-04:00,4.610000133514404,4.630000114440918,4.599999904632568,4.630000114440918,420,0.0,0.0
2023-04-17 09:30:00-04:00,4.710000038146973,4.710000038146973,4.710000038146973,4.710000038146973,140,0.0,0.0
2023-04-17 10:30:00-04:00,4.650000095367432,4.650000095367432,4.599999904632568,4.599999904632568,571,0.0,0.0
2023-04-17 11:30:00-04:00,4.53000020980835,4.53000020980835,4.53000020980835,4.53000020980835,153,0.0,0.0
2023-04-17 12:30:00-04:00,4.539999961853027,4.539999961853027,4.5,4.520400047302246,797,0.0,0.0
2023-04-17 13:30:00-04:00,4.519999980926514,4.519999980926514,4.5,4.5,533,0.0,0.0
2023-04-17 14:30:00-04:00,4.480000019073486,4.499000072479248,4.469699859619141,4.469799995422363,3970,0.0,0.0
2023-04-17 15:30:00-04:00,4.460000038146973,4.510000228881836,4.460000038146973,4.460000038146973,9864,0.0,0.0
2023-04-18 09:30:00-04:00,4.5,4.800000190734863,4.5,4.599999904632568,1435,0.0,0.0
2023-04-18 10:30:00-04:00,4.559999942779541,4.6072001457214355,4.559999942779541,4.6072001457214355,1616,0.0,0.0
2023-04-18 11:30:00-04:00,4.618800163269043,4.618800163269043,4.579999923706055,4.585000038146973,734,0.0,0.0
2023-04-18 12:30:00-04:00,4.546599864959717,4.546599864959717,4.546599864959717,4.546599864959717,441,0.0,0.0
2023-04-18 13:30:00-04:00,4.501399993896484,4.502399921417236,4.501399993896484,4.502399921417236,923,0.0,0.0
2023-04-18 14:30:00-04:00,4.519999980926514,4.53000020980835,4.5,4.5,4180,0.0,0.0
2023-04-18 15:30:00-04:00,4.489999771118164,4.5,4.46999979019165,4.46999979019165,2495,0.0,0.0
2023-04-19 09:30:00-04:00,4.769999980926514,4.769999980926514,4.610000133514404,4.610000133514404,0,0.0,0.0
2023-04-19 10:30:00-04:00,4.570000171661377,4.570000171661377,4.570000171661377,4.570000171661377,100,0.0,0.0
2023-04-19 11:30:00-04:00,4.5,4.568699836730957,4.4857001304626465,4.568699836730957,783,0.0,0.0
2023-04-19 14:30:00-04:00,4.550000190734863,4.550000190734863,4.550000190734863,4.550000190734863,0,0.0,0.0
2023-04-20 09:30:00-04:00,4.769999980926514,4.769999980926514,4.730000019073486,4.739999771118164,895,0.0,0.0
2023-04-20 10:30:00-04:00,4.699999809265137,4.759900093078613,4.699999809265137,4.739999771118164,1631,0.0,0.0
2023-04-20 11:30:00-04:00,4.699999809265137,4.699999809265137,4.699999809265137,4.699999809265137,197,0.0,0.0
2023-04-20 12:30:00-04:00,4.699999809265137,4.710000038146973,4.699999809265137,4.699999809265137,843,0.0,0.0
2023-04-20 15:30:00-04:00,4.624800205230713,4.650000095367432,4.624800205230713,4.650000095367432,505,0.0,0.0
2023-04-21 09:30:00-04:00,4.71999979019165,4.71999979019165,4.570000171661377,4.570000171661377,602,0.0,0.0
2023-04-21 10:30:00-04:00,4.610000133514404,4.610000133514404,4.610000133514404,4.610000133514404,0,0.0,0.0
2023-04-21 12:30:00-04:00,4.650000095367432,4.650000095367432,4.650000095367432,4.650000095367432,1184,0.0,0.0
2023-04-21 15:30:00-04:00,4.635000228881836,4.635000228881836,4.635000228881836,4.635000228881836,354,0.0,0.0
2023-04-24 09:30:00-04:00,4.678999900817871,4.678999900817871,4.550000190734863,4.550000190734863,1748,0.0,0.0
2023-04-24 10:30:00-04:00,4.533599853515625,4.549900054931641,4.519999980926514,4.539999961853027,0,0.0,0.0
2023-04-24 12:30:00-04:00,4.550000190734863,4.550000190734863,4.539999961853027,4.5447001457214355,5748,0.0,0.0
2023-04-24 13:30:00-04:00,4.534999847412109,4.534999847412109,4.534999847412109,4.534999847412109,288,0.0,0.0
2023-04-24 14:30:00-04:00,4.519999980926514,4.519999980926514,4.489999771118164,4.489999771118164,579,0.0,0.0
2023-04-24 15:30:00-04:00,4.489999771118164,4.489999771118164,4.489699840545654,4.489999771118164,1001,0.0,0.0
2023-04-25 09:30:00-04:00,4.349999904632568,4.789999961853027,4.349999904632568,4.789999961853027,0,0.0,0.0
2023-04-25 10:30:00-04:00,4.660900115966797,4.660900115966797,4.660900115966797,4.660900115966797,326,0.0,0.0
2023-04-25 11:30:00-04:00,4.574999809265137,4.574999809265137,4.574999809265137,4.574999809265137,361,0.0,0.0
2023-04-25 12:30:00-04:00,4.579999923706055,4.579999923706055,4.53000020980835,4.53000020980835,1463,0.0,0.0
2023-04-25 13:30:00-04:00,4.519999980926514,4.537300109863281,4.510000228881836,4.510000228881836,1036,0.0,0.0
2023-04-25 14:30:00-04:00,4.508800029754639,4.510000228881836,4.5,4.508399963378906,3719,0.0,0.0
2023-04-25 15:30:00-04:00,4.46999979019165,4.5,4.449999809265137,4.5,1255,0.0,0.0
2023-04-26 09:30:00-04:00,4.639999866485596,4.639999866485596,4.5,4.500100135803223,0,0.0,0.0
2023-04-26 11:30:00-04:00,4.5,4.5,4.409900188446045,4.480000019073486,0,0.0,0.0
2023-04-26 13:30:00-04:00,4.46999979019165,4.46999979019165,4.46999979019165,4.46999979019165,77,0.0,0.0
2023-04-27 10:30:00-04:00,4.650000095367432,4.650000095367432,4.460100173950195,4.460100173950195,2985,0.0,0.0
2023-04-27 12:30:00-04:00,4.679999828338623,4.699999809265137,4.599899768829346,4.599899768829346,969,0.0,0.0
2023-04-27 13:30:00-04:00,4.562099933624268,4.562699794769287,4.5,4.5,1660,0.0,0.0
2023-04-27 15:30:00-04:00,4.449999809265137,4.5,4.449999809265137,4.5,980,0.0,0.0
2023-04-28 09:30:00-04:00,4.505799770355225,4.505799770355225,4.505799770355225,4.505799770355225,1025,0.0,0.0
2023-04-28 10:30:00-04:00,4.489999771118164,4.489999771118164,4.474999904632568,4.474999904632568,377,0.0,0.0
2023-04-28 11:30:00-04:00,4.5,4.5,4.5,4.5,229,0.0,0.0
2023-04-28 12:30:00-04:00,4.489999771118164,4.489999771118164,4.449999809265137,4.449999809265137,1424,0.0,0.0
2023-04-28 15:30:00-04:00,4.489999771118164,4.5,4.489999771118164,4.49970006942749,1940,0.0,0.0
2023-05-01 09:30:00-04:00,4.559999942779541,4.589900016784668,4.453800201416016,4.453800201416016,0,0.0,0.0
2023-05-01 10:30:00-04:00,4.440000057220459,4.440000057220459,4.440000057220459,4.440000057220459,3176,0.0,0.0
2023-05-01 11:30:00-04:00,4.449999809265137,4.449999809265137,4.449999809265137,4.449999809265137,426,0.0,0.0
2023-05-01 12:30:00-04:00,4.40500020980835,4.409999847412109,4.40500020980835,4.409999847412109,538,0.0,0.0
2023-05-01 13:30:00-04:00,4.579999923706055,4.588799953460693,4.579999923706055,4.588799953460693,414,0.0,0.0
2023-05-01 15:30:00-04:00,4.559999942779541,4.599899768829346,4.550000190734863,4.599899768829346,1005,0.0,0.0
2023-05-02 09:30:00-04:00,4.550000190734863,4.550000190734863,4.550000190734863,4.550000190734863,309,0.0,0.0
2023-05-02 10:30:00-04:00,4.550000190734863,4.550000190734863,4.53000020980835,4.53000020980835,839,0.0,0.0
2023-05-02 13:30:00-04:00,4.5,4.5,4.5,4.5,1107,0.0,0.0
2023-05-02 14:30:00-04:00,4.500199794769287,4.550000190734863,4.500199794769287,4.550000190734863,1315,0.0,0.0
2023-05-02 15:30:00-04:00,4.610000133514404,4.610000133514404,4.510000228881836,4.510000228881836,0,0.0,0.0
2023-05-03 09:30:00-04:00,4.590000152587891,4.650000095367432,4.496500015258789,4.519999980926514,10485,0.0,0.0
2023-05-03 10:30:00-04:00,4.5,4.5,4.5,4.5,302,0.0,0.0
2023-05-03 12:30:00-04:00,4.659999847412109,4.659999847412109,4.559999942779541,4.559999942779541,4898,0.0,0.0
2023-05-03 13:30:00-04:00,4.649899959564209,4.649899959564209,4.649899959564209,4.649899959564209,283,0.0,0.0
2023-05-03 15:30:00-04:00,4.559999942779541,4.579999923706055,4.559999942779541,4.579999923706055,337,0.0,0.0
2023-05-04 09:30:00-04:00,4.559999942779541,4.559999942779541,4.460100173950195,4.460100173950195,0,0.0,0.0
2023-05-04 10:30:00-04:00,4.53000020980835,4.559999942779541,4.510000228881836,4.559999942779541,6123,0.0,0.0
2023-05-04 11:30:00-04:00,4.489999771118164,4.53000020980835,4.489999771118164,4.53000020980835,477,0.0,0.0
2023-05-04 13:30:00-04:00,4.520100116729736,4.520100116729736,4.520100116729736,4.520100116729736,1101,0.0,0.0
2023-05-04 14:30:00-04:00,4.545000076293945,4.545000076293945,4.542699813842773,4.542699813842773,377,0.0,0.0
2023-05-04 15:30:00-04:00,4.559999942779541,4.570000171661377,4.559999942779541,4.570000171661377,596,0.0,0.0
2023-05-05 09:30:00-04:00,4.5,4.535799980163574,4.5,4.535799980163574,0,0.0,0.0
2023-05-05 10:30:00-04:00,4.559999942779541,4.559999942779541,4.539999961853027,4.539999961853027,0,0.0,0.0
2023-05-05 11:30:00-04:00,4.519999980926514,4.519999980926514,4.519999980926514,4.519999980926514,0,0.0,0.0
2023-05-05 12:30:00-04:00,4.460700035095215,4.46999979019165,4.460000038146973,4.460000038146973,3242,0.0,0.0
2023-05-05 14:30:00-04:00,4.454999923706055,4.454999923706055,4.454999923706055,4.454999923706055,1000,0.0,0.0
2023-05-05 15:30:00-04:00,4.461400032043457,4.46999979019165,4.461400032043457,4.46999979019165,353,0.0,0.0
2023-05-08 09:30:00-04:00,4.429999828338623,4.699999809265137,4.382199764251709,4.602499961853027,26426,0.0,0.0
2023-05-08 10:30:00-04:00,4.600100040435791,4.600100040435791,4.579999923706055,4.579999923706055,0,0.0,0.0
2023-05-08 11:30:00-04:00,4.610000133514404,4.635000228881836,4.610000133514404,4.635000228881836,34445,0.0,0.0
2023-05-08 12:30:00-04:00,4.579999923706055,4.579999923706055,4.570000171661377,4.570000171661377,0,0.0,0.0
2023-05-08 14:30:00-04:00,4.550000190734863,4.600100040435791,4.519999980926514,4.600100040435791,38298,0.0,0.0
2023-05-08 15:30:00-04:00,4.639999866485596,4.690000057220459,4.619999885559082,4.619999885559082,1685,0.0,0.0
2023-05-09 09:30:00-04:00,4.659999847412109,4.659999847412109,4.510000228881836,4.543700218200684,724,0.0,0.0
2023-05-09 10:30:00-04:00,4.53000020980835,4.599999904632568,4.519999980926514,4.570000171661377,0,0.0,0.0
2023-05-09 12:30:00-04:00,4.559999942779541,4.559999942779541,4.550000190734863,4.550000190734863,7818,0.0,0.0
2023-05-09 13:30:00-04:00,4.550000190734863,4.550000190734863,4.53000020980835,4.53000020980835,1245,0.0,0.0
2023-05-09 14:30:00-04:00,4.53000020980835,4.53000020980835,4.454999923706055,4.5,3169,0.0,0.0
2023-05-09 15:30:00-04:00,4.5,4.500999927520752,4.480100154876709,4.480100154876709,2218,0.0,0.0
2023-05-10 09:30:00-04:00,4.518799781799316,4.518799781799316,4.510000228881836,4.510000228881836,426,0.0,0.0
2023-05-10 10:30:00-04:00,4.449999809265137,4.449999809265137,4.449999809265137,4.449999809265137,0,0.0,0.0
2023-05-10 11:30:00-04:00,4.489999771118164,4.510000228881836,4.465000152587891,4.510000228881836,0,0.0,0.0
2023-05-10 12:30:00-04:00,4.489999771118164,4.489999771118164,4.489999771118164,4.489999771118164,4139,0.0,0.0
2023-05-10 13:30:00-04:00,4.46999979019165,4.480000019073486,4.400000095367432,4.480000019073486,7508,0.0,0.0
2023-05-10 14:30:00-04:00,4.449999809265137,4.449999809265137,4.449999809265137,4.449999809265137,0,0.0,0.0
2023-05-10 15:30:00-04:00,4.449999809265137,4.46999979019165,4.449999809265137,4.46999979019165,12081,0.0,0.0
2023-05-11 09:30:00-04:00,4.400000095367432,4.400000095367432,4.361199855804443,4.3628997802734375,914,0.0,0.0
2023-05-11 10:30:00-04:00,4.449999809265137,4.449999809265137,4.449999809265137,4.449999809265137,5009,0.0,0.0
2023-05-11 11:30:00-04:00,4.427499771118164,4.427499771118164,4.427499771118164,4.427499771118164,159,0.0,0.0
2023-05-11 13:30:00-04:00,4.420000076293945,4.449999809265137,4.420000076293945,4.449999809265137,735,0.0,0.0
2023-05-11 14:30:00-04:00,4.449999809265137,4.449999809265137,4.449999809265137,4.449999809265137,102,0.0,0.0
2023-05-11 15:30:00-04:00,4.460000038146973,4.460000038146973,4.440000057220459,4.440000057220459,0,0.0,0.0
2023-05-12 09:30:00-04:00,4.349999904632568,4.469900131225586,4.25,4.469900131225586,3646,0.0,0.0
2023-05-12 12:30:00-04:00,4.400000095367432,4.400000095367432,4.400000095367432,4.400000095367432,407,0.0,0.0
2023-05-12 14:30:00-04:00,4.409999847412109,4.409999847412109,4.409999847412109,4.409999847412109,206,0.0,0.0
2023-05-12 15:30:00-04:00,4.414999961853027,4.420000076293945,4.414999961853027,4.420000076293945,204,0.0,0.0
2023-05-15 09:30:00-04:00,4.269999980926514,4.320000171661377,4.269999980926514,4.320000171661377,847,0.0,0.0
2023-05-15 10:30:00-04:00,4.429999828338623,4.429999828338623,4.320099830627441,4.320099830627441,725,0.0,0.0
2023-05-15 11:30:00-04:00,4.345600128173828,4.345600128173828,4.345600128173828,4.345600128173828,1234,0.0,0.0
2023-05-15 15:30:00-04:00,4.364999771118164,4.369999885559082,4.335000038146973,4.349999904632568,1000,0.0,0.0
2023-05-16 09:30:00-04:00,4.25,4.392000198364258,4.25,4.369900226593018,1657,0.0,0.0
2023-05-16 11:30:00-04:00,4.349800109863281,4.371300220489502,4.3190999031066895,4.371300220489502,1256,0.0,0.0
2023-05-16 12:30:00-04:00,4.367499828338623,4.367499828338623,4.367499828338623,4.367499828338623,579,0.0,0.0
2023-05-16 13:30:00-04:00,4.349999904632568,4.349999904632568,4.340000152587891,4.340000152587891,559,0.0,0.0
2023-05-16 15:30:00-04:00,4.369999885559082,4.369999885559082,4.369999885559082,4.369999885559082,105,0.0,0.0
2023-05-17 09:30:00-04:00,4.25,4.5,4.25,4.419899940490723,2761,0.0,0.0
2023-05-17 10:30:00-04:00,4.409999847412109,4.409999847412109,4.409999847412109,4.409999847412109,100,0.0,0.0
2023-05-17 11:30:00-04:00,4.420000076293945,4.4293999671936035,4.4079999923706055,4.4293999671936035,1500,0.0,0.0
2023-05-17 12:30:00-04:00,4.420000076293945,4.420000076293945,4.420000076293945,4.420000076293945,242,0.0,0.0
2023-05-17 14:30:00-04:00,4.382599830627441,4.382599830627441,4.382599830627441,4.382599830627441,205,0.0,0.0
2023-05-17 15:30:00-04:00,4.509900093078613,4.570000171661377,4.489999771118164,4.550000190734863,6148,0.0,0.0
2023-05-18 09:30:00-04:00,4.605100154876709,4.605100154876709,4.605100154876709,4.605100154876709,299,0.0,0.0
2023-05-18 10:30:00-04:00,4.559999942779541,4.559999942779541,4.559000015258789,4.559000015258789,572,0.0,0.0
2023-05-18 12:30:00-04:00,4.474999904632568,4.5,4.474999904632568,4.489999771118164,1962,0.0,0.0
2023-05-18 13:30:00-04:00,4.5,4.5,4.489999771118164,4.489999771118164,0,0.0,0.0
2023-05-18 14:30:00-04:00,4.480000019073486,4.480000019073486,4.480000019073486,4.480000019073486,3156,0.0,0.0
2023-05-18 15:30:00-04:00,4.46999979019165,4.550000190734863,4.46999979019165,4.550000190734863,0,0.0,0.0
2023-05-19 09:30:00-04:00,4.420100212097168,4.619999885559082,4.420100212097168,4.550000190734863,2589,0.0,0.0
2023-05-19 10:30:00-04:00,4.559999942779541,4.590000152587891,4.559999942779541,4.590000152587891,508,0.0,0.0
2023-05-19 12:30:00-04:00,4.550000190734863,4.559999942779541,4.545000076293945,4.545000076293945,2493,0.0,0.0
2023-05-19 13:30:00-04:00,4.550000190734863,4.550000190734863,4.53000020980835,4.53000020980835,738,0.0,0.0
2023-05-19 15:30:00-04:00,4.510000228881836,4.514999866485596,4.5,4.5,0,0.0,0.0
2023-05-22 09:30:00-04:00,4.5,4.5,4.449999809265137,4.449999809265137,998,0.0,0.0
2023-05-22 10:30:00-04:00,4.460000038146973,4.460000038146973,4.440000057220459,4.440000057220459,357,0.0,0.0
2023-05-22 11:30:00-04:00,4.40500020980835,4.429999828338623,4.40500020980835,4.429999828338623,431,0.0,0.0
2023-05-22 12:30:00-04:00,4.449999809265137,4.449999809265137,4.449999809265137,4.449999809265137,237,0.0,0.0
2023-05-22 15:30:00-04:00,4.420000076293945,4.439899921417236,4.420000076293945,4.439899921417236,774,0.0,0.0
2023-05-23 09:30:00-04:00,4.349899768829346,4.349999904632568,4.349899768829346,4.349999904632568,0,0.0,0.0
2023-05-23 10:30:00-04:00,4.400000095367432,4.400000095367432,4.400000095367432,4.400000095367432,551,0.0,0.0
2023-05-23 12:30:00-04:00,4.429999828338623,4.429999828338623,4.429999828338623,4.429999828338623,257,0.0,0.0
2023-05-23 13:30:00-04:00,4.400000095367432,4.429999828338623,4.300000190734863,4.300000190734863,5378,0.0,0.0
2023-05-23 14:30:00-04:00,4.409999847412109,4.409999847412109,4.409999847412109,4.409999847412109,157,0.0,0.0
2023-05-23 15:30:00-04:00,4.400000095367432,4.400000095367432,4.400000095367432,4.400000095367432,0,0.0,0.0
2023-05-24 09:30:00-04:00,4.510000228881836,4.599899768829346,4.5,4.5,4761,0.0,0.0
2023-05-24 10:30:00-04:00,4.510000228881836,4.519999980926514,4.510000228881836,4.519999980926514,424,0.0,0.0
2023-05-24 12:30:00-04:00,4.460000038146973,4.460000038146973,4.460000038146973,4.460000038146973,117,0.0,0.0
2023-05-24 14:30:00-04:00,4.449999809265137,4.519999980926514,4.449999809265137,4.519999980926514,0,0.0,0.0
2023-05-25 09:30:00-04:00,4.539999961853027,4.539999961853027,4.5,4.5,1141,0.0,0.0
2023-05-25 10:30:00-04:00,4.5,4.5,4.489999771118164,4.489999771118164,824,0.0,0.0
2023-05-25 11:30:00-04:00,4.5,4.5,4.5,4.5,575,0.0,0.0
2023-05-25 13:30:00-04:00,4.480000019073486,4.480000019073486,4.434999942779541,4.434999942779541,0,0.0,0.0
2023-05-25 14:30:00-04:00,4.389999866485596,4.440000057220459,4.389999866485596,4.440000057220459,3307,0.0,0.0
2023-05-26 09:30:00-04:00,4.354700088500977,4.354700088500977,4.354700088500977,4.354700088500977,464,0.0,0.0
2023-05-26 10:30:00-04:00,4.380000114440918,4.380000114440918,4.352499961853027,4.352499961853027,357,0.0,0.0
2023-05-26 13:30:00-04:00,4.369999885559082,4.369999885559082,4.369999885559082,4.369999885559082,430,0.0,0.0
2023-05-30 09:30:00-04:00,4.349999904632568,4.349999904632568,4.349999904632568,4.349999904632568,0,0.0,0.0
2023-05-30 11:30:00-04:00,4.369999885559082,4.369999885559082,4.25,4.309999942779541,5403,0.0,0.0
2023-05-30 12:30:00-04:00,4.349999904632568,4.349999904632568,4.349999904632568,4.349999904632568,1026,0.0,0.0
2023-05-30 15:30:00-04:00,4.300000190734863,4.300000190734863,4.269999980926514,4.269999980926514,358,0.0,0.0
2023-05-31 09:30:00-04:00,4.260000228881836,4.260000228881836,4.260000228881836,4.260000228881836,0,0.0,0.0
2023-05-31 10:30:00-04:00,4.260000228881836,4.2600998878479,4.070000171661377,4.199999809265137,5880,0.0,0.0
2023-05-31 11:30:00-04:00,4.070000171661377,4.255000114440918,4.070000171661377,4.080399990081787,2243,0.0,0.0
2023-05-31 12:30:00-04:00,4.079999923706055,4.11959981918335,4.079999923706055,4.080399990081787,2059,0.0,0.0
2023-05-31 13:30:00-04:00,4.099999904632568,4.099999904632568,4.071000099182129,4.079999923706055,856,0.0,0.0
2023-06-01 11:30:00-04:00,4.099999904632568,4.099999904632568,4.099999904632568,4.099999904632568,0,0.0,0.0
2023-06-01 12:30:00-04:00,4.107500076293945,4.107500076293945,4.107500076293945,4.107500076293945,835,0.0,0.0
2023-06-01 13:30:00-04:00,4.119999885559082,4.1265997886657715,4.119999885559082,4.1265997886657715,4115,0.0,0.0
2023-06-01 14:30:00-04:00,4.119999885559082,4.159999847412109,4.099999904632568,4.099999904632568,0,0.0,0.0
2023-06-02 09:30:00-04:00,4.110000133514404,4.110000133514404,4.110000133514404,4.110000133514404,1651,0.0,0.0
2023-06-02 12:30:00-04:00,4.192500114440918,4.199999809265137,4.192500114440918,4.199999809265137,683,0.0,0.0
2023-06-02 13:30:00-04:00,4.199999809265137,4.199999809265137,4.170599937438965,4.170599937438965,626,0.0,0.0
2023-06-02 14:30:00-04:00,4.179999828338623,4.179999828338623,4.179999828338623,4.179999828338623,427,0.0,0.0
2023-06-02 15:30:00-04:00,4.196100234985352,4.196100234985352,4.196100234985352,4.196100234985352,100,0.0,0.0
2023-06-05 09:30:00-04:00,4.119999885559082,4.177499771118164,4.119999885559082,4.177499771118164,416,0.0,0.0
2023-06-05 10:30:00-04:00,4.199900150299072,4.199900150299072,4.179999828338623,4.1996002197265625,2074,0.0,0.0
2023-06-05 11:30:00-04:00,4.190000057220459,4.199999809265137,4.171899795532227,4.171899795532227,6398,0.0,0.0
2023-06-05 12:30:00-04:00,4.175000190734863,4.175000190734863,4.162700176239014,4.162700176239014,2777,0.0,0.0
2023-06-05 14:30:00-04:00,4.170000076293945,4.170000076293945,4.168799877166748,4.168799877166748,1101,0.0,0.0
2023-06-05 15:30:00-04:00,4.170000076293945,4.179999828338623,4.170000076293945,4.179999828338623,0,0.0,0.0
2023-06-06 09:30:00-04:00,4.120999813079834,4.15500020980835,4.120999813079834,4.15500020980835,205,0.0,0.0
2023-06-06 10:30:00-04:00,4.18209981918335,4.239999771118164,4.110000133514404,4.230000019073486,21242,0.0,0.0
2023-06-06 11:30:00-04:00,4.217599868774414,4.217599868774414,4.179999828338623,4.199900150299072,5761,0.0,0.0
2023-06-06 12:30:00-04:00,4.199999809265137,4.199999809265137,4.199999809265137,4.199999809265137,797,0.0,0.0
2023-06-06 13:30:00-04:00,4.190000057220459,4.239999771118164,4.190000057220459,4.190000057220459,10488,0.0,0.0
2023-06-06 14:30:00-04:00,4.190000057220459,4.239999771118164,4.190000057220459,4.199999809265137,1914,0.0,0.0
2023-06-06 15:30:00-04:00,4.199999809265137,4.215000152587891,4.190000057220459,4.190000057220459,0,0.0,0.0
2023-06-07 09:30:00-04:00,4.199999809265137,4.210000038146973,4.199999809265137,4.210000038146973,315,0.0,0.0
2023-06-07 10:30:00-04:00,4.210000038146973,4.409999847412109,4.210000038146973,4.2789998054504395,2229,0.0,0.0
2023-06-07 11:30:00-04:00,4.210000038146973,4.28000020980835,4.199999809265137,4.199999809265137,400,0.0,0.0
2023-06-07 12:30:00-04:00,4.28000020980835,4.28000020980835,4.210000038146973,4.210000038146973,402,0.0,0.0
2023-06-07 13:30:00-04:00,4.260000228881836,4.260000228881836,4.199999809265137,4.199999809265137,1070,0.0,0.0
2023-06-07 14:30:00-04:00,4.244999885559082,4.28000020980835,4.21999979019165,4.239999771118164,2047,0.0,0.0
2023-06-07 15:30:00-04:00,4.329599857330322,4.329599857330322,4.199999809265137,4.199999809265137,1859,0.0,0.0
2023-06-08 09:30:00-04:00,4.150000095367432,4.267300128936768,4.150000095367432,4.267300128936768,2768,0.0,0.0
2023-06-08 10:30:00-04:00,4.279900074005127,4.279900074005127,4.224999904632568,4.224999904632568,6499,0.0,0.0
2023-06-08 11:30:00-04:00,4.172299861907959,4.172299861907959,4.172299861907959,4.172299861907959,849,0.0,0.0
2023-06-08 12:30:00-04:00,4.21999979019165,4.21999979019165,4.21999979019165,4.21999979019165,111,0.0,0.0
2023-06-08 13:30:00-04:00,4.21999979019165,4.280099868774414,4.21999979019165,4.260000228881836,1883,0.0,0.0
2023-06-08 14:30:00-04:00,4.260000228881836,4.2600998878479,4.199999809265137,4.199999809265137,701,0.0,0.0
2023-06-08 15:30:00-04:00,4.21999979019165,4.21999979019165,4.21999979019165,4.21999979019165,200,0.0,0.0
2023-06-09 09:30:00-04:00,4.260000228881836,4.28000020980835,4.159999847412109,4.179999828338623,3462,0.0,0.0
2023-06-09 10:30:00-04:00,4.184000015258789,4.204999923706055,4.119999885559082,4.204999923706055,2937,0.0,0.0
2023-06-09 11:30:00-04:00,4.269999980926514,4.269999980926514,4.190000057220459,4.190000057220459,295,0.0,0.0
2023-06-09 12:30:00-04:00,4.179999828338623,4.179999828338623,4.179999828338623,4.179999828338623,110,0.0,0.0
2023-06-09 13:30:00-04:00,4.170000076293945,4.179999828338623,4.170000076293945,4.179999828338623,701,0.0,0.0
2023-06-09 14:30:00-04:00,4.21999979019165,4.21999979019165,4.21999979019165,4.21999979019165,142,0.0,0.0
2023-06-12 09:30:00-04:00,4.21999979019165,4.240699768066406,4.197800159454346,4.197800159454346,0,0.0,0.0
2023-06-12 13:30:00-04:00,4.239999771118164,4.239999771118164,4.220399856567383,4.220399856567383,466,0.0,0.0
2023-06-12 14:30:00-04:00,4.260000228881836,4.269999980926514,4.260000228881836,4.269999980926514,800,0.0,0.0
2023-06-13 09:30:00-04:00,4.190000057220459,4.260000228881836,4.190000057220459,4.260000228881836,0,0.0,0.0
2023-06-13 11:30:00-04:00,4.244999885559082,4.244999885559082,4.244999885559082,4.244999885559082,235,0.0,0.0
2023-06-13 12:30:00-04:00,4.239999771118164,4.239999771118164,4.239999771118164,4.239999771118164,1079,0.0,0.0
2023-06-13 13:30:00-04:00,4.230000019073486,4.230000019073486,4.230000019073486,4.230000019073486,646,0.0,0.0
2023-06-13 15:30:00-04:00,4.230000019073486,4.230000019073486,4.230000019073486,4.230000019073486,419,0.0,0.0
2023-06-14 11:30:00-04:00,4.257500171661377,4.257500171661377,4.257500171661377,4.257500171661377,0,0.0,0.0
2023-06-14 12:30:00-04:00,4.28000020980835,4.28000020980835,4.257500171661377,4.28000020980835,606,0.0,0.0
2023-06-14 13:30:00-04:00,4.25,4.25,4.25,4.25,100,0.0,0.0
2023-06-14 14:30:00-04:00,4.269999980926514,4.289999961853027,4.202000141143799,4.202000141143799,8979,0.0,0.0
2023-06-14 15:30:00-04:00,4.269999980926514,4.289999961853027,4.25,4.289999961853027,3640,0.0,0.0
2023-06-15 09:30:00-04:00,4.190000057220459,4.190000057220459,4.180099964141846,4.180099964141846,0,0.0,0.0
2023-06-15 10:30:00-04:00,4.2154998779296875,4.289999961853027,4.2129998207092285,4.289999961853027,4110,0.0,0.0
2023-06-15 11:30:00-04:00,4.2600998878479,4.295000076293945,4.190000057220459,4.190000057220459,11541,0.0,0.0
2023-06-15 12:30:00-04:00,4.190000057220459,4.190000057220459,4.190000057220459,4.190000057220459,300,0.0,0.0
2023-06-15 13:30:00-04:00,4.193399906158447,4.230000019073486,4.193399906158447,4.230000019073486,4823,0.0,0.0
2023-06-15 14:30:00-04:00,4.230000019073486,4.230000019073486,4.164999961853027,4.179999828338623,9611,0.0,0.0
2023-06-15 15:30:00-04:00,4.184999942779541,4.184999942779541,4.090000152587891,4.090000152587891,1308,0.0,0.0
2023-06-16 10:30:00-04:00,4.150000095367432,4.150000095367432,4.150000095367432,4.150000095367432,0,0.0,0.0
2023-06-16 11:30:00-04:00,4.12529993057251,4.12529993057251,4.119999885559082,4.119999885559082,2447,0.0,0.0
2023-06-16 12:30:00-04:00,4.125,4.125,4.125,4.125,310,0.0,0.0
2023-06-16 13:30:00-04:00,4.119999885559082,4.119999885559082,4.110000133514404,4.110000133514404,299,0.0,0.0
2023-06-16 14:30:00-04:00,4.110000133514404,4.119999885559082,4.050000190734863,4.119999885559082,1942,0.0,0.0
2023-06-16 15:30:00-04:00,4.119999885559082,4.119999885559082,4.090000152587891,4.090000152587891,8969,0.0,0.0
2023-06-20 09:30:00-04:00,4.119999885559082,4.119999885559082,4.119999885559082,4.119999885559082,0,0.0,0.0
2023-06-20 10:30:00-04:00,4.110000133514404,4.114999771118164,4.110000133514404,4.110000133514404,3432,0.0,0.0
2023-06-20 11:30:00-04:00,4.110000133514404,4.130000114440918,4.079999923706055,4.090000152587891,24480,0.0,0.0
2023-06-20 12:30:00-04:00,4.097700119018555,4.099999904632568,4.070000171661377,4.085000038146973,9349,0.0,0.0
2023-06-20 13:30:00-04:00,4.070000171661377,4.090000152587891,4.039999961853027,4.039999961853027,9336,0.0,0.0
2023-06-20 14:30:00-04:00,4.050000190734863,4.059999942779541,4.049799919128418,4.054999828338623,11942,0.0,0.0
2023-06-20 15:30:00-04:00,4.059999942779541,4.059999942779541,4.050000190734863,4.051000118255615,5256,0.0,0.0
2023-06-21 09:30:00-04:00,4.059999942779541,4.059999942779541,3.9200000762939453,4.010000228881836,23780,0.0,0.0
2023-06-21 10:30:00-04:00,4.010000228881836,4.019999980926514,3.9600000381469727,3.998199939727783,8138,0.0,0.0
2023-06-21 11:30:00-04:00,3.994999885559082,4.039999961853027,3.994999885559082,4.034900188446045,2386,0.0,0.0
2023-06-21 13:30:00-04:00,4.03000020980835,4.035900115966797,4.03000020980835,4.035900115966797,1424,0.0,0.0
2023-06-21 14:30:00-04:00,4.03000020980835,4.03000020980835,3.9800000190734863,3.9800000190734863,3769,0.0,0.0
2023-06-21 15:30:00-04:00,3.9700000286102295,3.9800000190734863,3.950000047683716,3.950000047683716,0,0.0,0.0
2023-06-22 09:30:00-04:00,4.014999866485596,4.059800148010254,4.014999866485596,4.03000020980835,4820,0.0,0.0
2023-06-22 10:30:00-04:00,4.047100067138672,4.047100067138672,4.039999961853027,4.040999889373779,878,0.0,0.0
2023-06-22 11:30:00-04:00,4.010000228881836,4.010000228881836,4.010000228881836,4.010000228881836,0,0.0,0.0
2023-06-22 12:30:00-04:00,4.059999942779541,4.059999942779541,4.059700012207031,4.059999942779541,7362,0.0,0.0
2023-06-22 14:30:00-04:00,4.050000190734863,4.050000190734863,4.050000190734863,4.050000190734863,442,0.0,0.0
2023-06-22 15:30:00-04:00,4.019999980926514,4.039999961853027,4.019999980926514,4.039999961853027,1229,0.0,0.0
2023-06-23 09:30:00-04:00,4.059999942779541,4.099899768829346,4.03000020980835,4.099699974060059,0,0.0,0.0
2023-06-23 10:30:00-04:00,4.059999942779541,4.069900035858154,4.059999942779541,4.069900035858154,999,0.0,0.0
2023-06-23 11:30:00-04:00,4.039999961853027,4.070000171661377,4.039999961853027,4.070000171661377,763,0.0,0.0
2023-06-23 12:30:00-04:00,4.090000152587891,4.127999782562256,4.050000190734863,4.050000190734863,4393,0.0,0.0
2023-06-23 13:30:00-04:00,4.050000190734863,4.070000171661377,4.050000190734863,4.070000171661377,2376,0.0,0.0
2023-06-23 14:30:00-04:00,4.039999961853027,4.039999961853027,4.03000020980835,4.03000020980835,1518,0.0,0.0
2023-06-23 15:30:00-04:00,4.019999980926514,4.019999980926514,4.0,4.0,2038,0.0,0.0
2023-06-26 09:30:00-04:00,4.039999961853027,4.039999961853027,4.0,4.011300086975098,3414,0.0,0.0
2023-06-26 12:30:00-04:00,4.039999961853027,4.090000152587891,4.039999961853027,4.059999942779541,9034,0.0,0.0
2023-06-26 13:30:00-04:00,4.050000190734863,4.050099849700928,4.0,4.010000228881836,18014,0.0,0.0
2023-06-26 14:30:00-04:00,4.010000228881836,4.010000228881836,3.994999885559082,3.998300075531006,366,0.0,0.0
2023-06-26 15:30:00-04:00,4.019999980926514,4.099999904632568,4.019999980926514,4.090000152587891,0,0.0,0.0
2023-06-27 09:30:00-04:00,3.950000047683716,3.969899892807007,3.6600000858306885,3.892699956893921,59346,0.0,0.0
2023-06-27 10:30:00-04:00,3.799999952316284,3.890000104904175,3.799999952316284,3.8499999046325684,2663,0.0,0.0
2023-06-27 11:30:00-04:00,3.851599931716919,3.851599931716919,3.819999933242798,3.8499999046325684,2950,0.0,0.0
2023-06-27 12:30:00-04:00,3.8496999740600586,3.8496999740600586,3.8399999141693115,3.8399999141693115,492,0.0,0.0
2023-06-27 13:30:00-04:00,3.8299999237060547,3.8499999046325684,3.819999933242798,3.849900007247925,3604,0.0,0.0
2023-06-27 14:30:00-04:00,3.8299999237060547,3.8301000595092773,3.799999952316284,3.809999942779541,2241,0.0,0.0
2023-06-27 15:30:00-04:00,3.8415000438690186,3.8499999046325684,3.799999952316284,3.8415000438690186,0,0.0,0.0
2023-06-28 09:30:00-04:00,3.8399999141693115,3.8499999046325684,3.7258999347686768,3.8499999046325684,4004,0.0,0.0
2023-06-28 10:30:00-04:00,3.8499999046325684,3.8499999046325684,3.790600061416626,3.8499999046325684,3192,0.0,0.0
2023-06-28 11:30:00-04:00,3.880000114440918,3.880000114440918,3.799999952316284,3.799999952316284,1520,0.0,0.0
2023-06-28 13:30:00-04:00,3.800100088119507,3.8001999855041504,3.7399001121520996,3.7899999618530273,11087,0.0,0.0
2023-06-28 14:30:00-04:00,3.7899999618530273,3.839900016784668,3.7899999618530273,3.7901999950408936,2449,0.0,0.0
2023-06-28 15:30:00-04:00,3.8350000381469727,3.890000104904175,3.75,3.869999885559082,11316,0.0,0.0
2023-06-29 09:30:00-04:00,3.799999952316284,3.799999952316284,3.799999952316284,3.799999952316284,358,0.0,0.0
2023-06-29 10:30:00-04:00,3.7997000217437744,3.7997000217437744,3.7997000217437744,3.7997000217437744,214,0.0,0.0
2023-06-29 11:30:00-04:00,3.809999942779541,3.819999933242798,3.780100107192993,3.819999933242798,5543,0.0,0.0
2023-06-29 12:30:00-04:00,3.8499999046325684,3.8499999046325684,3.8399999141693115,3.8499999046325684,1403,0.0,0.0
2023-06-29 13:30:00-04:00,3.8101000785827637,3.81030011177063,3.7799999713897705,3.7802000045776367,6513,0.0,0.0
2023-06-29 14:30:00-04:00,3.7564001083374023,3.7564001083374023,3.75,3.75,1127,0.0,0.0
2023-06-29 15:30:00-04:00,3.775099992752075,3.7799999713897705,3.75,3.7799999713897705,535,0.0,0.0
2023-06-30 09:30:00-04:00,3.759999990463257,3.759999990463257,3.700000047683716,3.7200000286102295,5308,0.0,0.0
2023-06-30 10:30:00-04:00,3.700000047683716,3.7000999450683594,3.6605000495910645,3.6798999309539795,5907,0.0,0.0
2023-06-30 11:30:00-04:00,3.7392001152038574,3.7392001152038574,3.690000057220459,3.690000057220459,1991,0.0,0.0
2023-06-30 13:30:00-04:00,3.7200000286102295,3.7300000190734863,3.7200000286102295,3.7300000190734863,1923,0.0,0.0
2023-06-30 14:30:00-04:00,3.700000047683716,3.7000999450683594,3.700000047683716,3.700000047683716,1109,0.0,0.0
2023-06-30 15:30:00-04:00,3.75,3.75,3.7200000286102295,3.7200000286102295,2567,0.0,0.0
2023-07-03 09:30:00-04:00,3.7699999809265137,3.7699999809265137,3.6600000858306885,3.75,5073,0.0,0.0
2023-07-03 10:30:00-04:00,3.7699999809265137,3.7699999809265137,3.7699999809265137,3.7699999809265137,327,0.0,0.0
2023-07-03 11:30:00-04:00,3.7699999809265137,3.7699999809265137,3.7699999809265137,3.7699999809265137,238,0.0,0.0
2023-07-03 12:30:00-04:00,3.7880001068115234,3.7880001068115234,3.7880001068115234,3.7880001068115234,737,0.0,0.0
2023-07-05 09:30:00-04:00,3.7300000190734863,3.7300000190734863,3.7300000190734863,3.7300000190734863,477,0.0,0.0
2023-07-05 10:30:00-04:00,3.7399001121520996,3.740000009536743,3.7300000190734863,3.7300000190734863,1344,0.0,0.0
2023-07-05 11:30:00-04:00,3.7311999797821045,3.7311999797821045,3.683500051498413,3.683500051498413,1318,0.0,0.0
2023-07-05 12:30:00-04:00,3.740000009536743,3.740000009536743,3.7167999744415283,3.7167999744415283,1375,0.0,0.0
2023-07-05 13:30:00-04:00,3.715100049972534,3.740000009536743,3.690000057220459,3.740000009536743,2243,0.0,0.0
2023-07-05 14:30:00-04:00,3.700000047683716,3.7200000286102295,3.700000047683716,3.7149999141693115,864,0.0,0.0
2023-07-06 09:30:00-04:00,3.7799999713897705,3.7799999713897705,3.7100000381469727,3.7100000381469727,0,0.0,0.0
2023-07-06 10:30:00-04:00,3.690000057220459,3.690000057220459,3.690000057220459,3.690000057220459,1127,0.0,0.0
2023-07-06 11:30:00-04:00,3.6784000396728516,3.739300012588501,3.6600000858306885,3.700000047683716,2604,0.0,0.0
2023-07-06 13:30:00-04:00,3.7200000286102295,3.7200000286102295,3.6900999546051025,3.6900999546051025,911,0.0,0.0
2023-07-06 14:30:00-04:00,3.6942999362945557,3.694999933242798,3.690000057220459,3.690000057220459,839,0.0,0.0
2023-07-06 15:30:00-04:00,3.680000066757202,3.680000066757202,3.680000066757202,3.680000066757202,214,0.0,0.0
2023-07-07 09:30:00-04:00,3.6700000762939453,3.7399001121520996,3.6700000762939453,3.7399001121520996,327,0.0,0.0
2023-07-07 10:30:00-04:00,3.7355000972747803,3.7355000972747803,3.7355000972747803,3.7355000972747803,456,0.0,0.0
2023-07-07 12:30:00-04:00,3.7200000286102295,3.7200000286102295,3.7100000381469727,3.7200000286102295,391,0.0,0.0
2023-07-07 14:30:00-04:00,3.700000047683716,3.700000047683716,3.700000047683716,3.700000047683716,623,0.0,0.0
2023-07-10 09:30:00-04:00,3.6700000762939453,3.700000047683716,3.6700000762939453,3.700000047683716,0,0.0,0.0
2023-07-10 10:30:00-04:00,3.680000066757202,3.680000066757202,3.640000104904175,3.6600000858306885,5846,0.0,0.0
2023-07-10 11:30:00-04:00,3.6700000762939453,3.6700000762939453,3.6700000762939453,3.6700000762939453,314,0.0,0.0
2023-07-10 12:30:00-04:00,3.666599988937378,3.666599988937378,3.666599988937378,3.666599988937378,246,0.0,0.0
2023-07-10 13:30:00-04:00,3.6656999588012695,3.6700000762939453,3.6656999588012695,3.6700000762939453,438,0.0,0.0
2023-07-10 14:30:00-04:00,3.6600000858306885,3.7300000190734863,3.6600000858306885,3.7100000381469727,3566,0.0,0.0
2023-07-11 09:30:00-04:00,3.619999885559082,3.619999885559082,3.619999885559082,3.619999885559082,490,0.0,0.0
2023-07-11 10:30:00-04:00,3.7100000381469727,3.7100000381469727,3.7100000381469727,3.7100000381469727,255,0.0,0.0
2023-07-11 11:30:00-04:00,3.7060999870300293,3.7060999870300293,3.7060999870300293,3.7060999870300293,434,0.0,0.0
2023-07-11 12:30:00-04:00,3.700000047683716,3.700000047683716,3.690000057220459,3.690000057220459,1803,0.0,0.0
2023-07-11 13:30:00-04:00,3.690000057220459,3.690000057220459,3.6700000762939453,3.6700000762939453,1540,0.0,0.0
2023-07-11 14:30:00-04:00,3.684999942779541,3.684999942779541,3.6500000953674316,3.6500000953674316,2081,0.0,0.0
2023-07-11 15:30:00-04:00,3.680000066757202,3.680000066757202,3.680000066757202,3.680000066757202,210,0.0,0.0
2023-07-12 09:30:00-04:00,3.690000057220459,3.690000057220459,3.5999999046325684,3.6700000762939453,14412,0.0,0.0
2023-07-12 10:30:00-04:00,3.6600000858306885,3.6600000858306885,3.5801000595092773,3.5801000595092773,3440,0.0,0.0
2023-07-12 11:30:00-04:00,3.6600000858306885,3.68179988861084,3.6600000858306885,3.6663999557495117,1950,0.0,0.0
2023-07-12 12:30:00-04:00,3.640000104904175,3.652400016784668,3.630000114440918,3.640000104904175,10992,0.0,0.0
2023-07-12 14:30:00-04:00,3.64490008354187,3.64490008354187,3.64490008354187,3.64490008354187,424,0.0,0.0
2023-07-12 15:30:00-04:00,3.680000066757202,3.680000066757202,3.680000066757202,3.680000066757202,810,0.0,0.0
2023-07-13 11:30:00-04:00,3.690000057220459,3.690000057220459,3.690000057220459,3.690000057220459,626,0.0,0.0
2023-07-13 13:30:00-04:00,3.700200080871582,3.700200080871582,3.700200080871582,3.700200080871582,102,0.0,0.0
2023-07-13 14:30:00-04:00,3.7100000381469727,3.7200000286102295,3.7100000381469727,3.7191998958587646,1308,0.0,0.0
2023-07-13 15:30:00-04:00,3.7149999141693115,3.7149999141693115,3.7100000381469727,3.7100000381469727,710,0.0,0.0
2023-07-14 09:30:00-04:00,3.7100000381469727,3.7100000381469727,3.700000047683716,3.700000047683716,956,0.0,0.0
2023-07-14 11:30:00-04:00,3.700000047683716,3.700000047683716,3.630500078201294,3.6798999309539795,1721,0.0,0.0
2023-07-14 12:30:00-04:00,3.677999973297119,3.677999973297119,3.677999973297119,3.677999973297119,678,0.0,0.0
2023-07-14 15:30:00-04:00,3.6816999912261963,3.6816999912261963,3.6816999912261963,3.6816999912261963,274,0.0,0.0
2023-07-17 09:30:00-04:00,3.7300000190734863,3.7300000190734863,3.6605000495910645,3.684999942779541,2017,0.0,0.0
2023-07-17 10:30:00-04:00,3.7100000381469727,3.7100000381469727,3.7100000381469727,3.7100000381469727,181,0.0,0.0
2023-07-17 11:30:00-04:00,3.700000047683716,3.700000047683716,3.700000047683716,3.700000047683716,630,0.0,0.0
2023-07-17 12:30:00-04:00,3.700000047683716,3.700200080871582,3.700000047683716,3.700000047683716,2625,0.0,0.0
2023-07-17 13:30:00-04:00,3.7049999237060547,3.7049999237060547,3.700000047683716,3.700000047683716,2351,0.0,0.0
2023-07-17 14:30:00-04:00,3.75,3.75,3.7453999519348145,3.748300075531006,2587,0.0,0.0
2023-07-17 15:30:00-04:00,3.73009991645813,3.740000009536743,3.7300000190734863,3.7304000854492188,3154,0.0,0.0
2023-07-18 09:30:00-04:00,3.75,3.75,3.7300000190734863,3.7300000190734863,0,0.0,0.0
2023-07-18 10:30:00-04:00,3.7481000423431396,3.75,3.744999885559082,3.75,3018,0.0,0.0
2023-07-18 11:30:00-04:00,3.75,3.75,3.740000009536743,3.7400999069213867,6111,0.0,0.0
2023-07-18 14:30:00-04:00,3.7499001026153564,3.75,3.740000009536743,3.7400999069213867,8020,0.0,0.0
2023-07-18 15:30:00-04:00,3.740000009536743,3.740000009536743,3.740000009536743,3.740000009536743,153,0.0,0.0
2023-07-19 09:30:00-04:00,3.75,3.75,3.75,3.75,449,0.0,0.0
2023-07-19 10:30:00-04:00,3.747299909591675,3.75,3.7300000190734863,3.75,5397,0.0,0.0
2023-07-19 11:30:00-04:00,3.75,3.75,3.75,3.75,448,0.0,0.0
2023-07-19 13:30:00-04:00,3.7464001178741455,3.7464001178741455,3.740000009536743,3.740000009536743,740,0.0,0.0
2023-07-19 14:30:00-04:00,3.740000009536743,3.740000009536743,3.7200000286102295,3.7200000286102295,489,0.0,0.0
2023-07-19 15:30:00-04:00,3.75,3.75,3.75,3.75,257,0.0,0.0
2023-07-20 09:30:00-04:00,3.7446000576019287,3.75,3.7446000576019287,3.75,453,0.0,0.0
2023-07-20 10:30:00-04:00,3.7300000190734863,3.73009991645813,3.7300000190734863,3.7300000190734863,499,0.0,0.0
2023-07-20 11:30:00-04:00,3.7200000286102295,3.7200000286102295,3.7200000286102295,3.7200000286102295,803,0.0,0.0
2023-07-20 12:30:00-04:00,3.7202999591827393,3.734999895095825,3.7202999591827393,3.734999895095825,651,0.0,0.0
2023-07-20 13:30:00-04:00,3.740000009536743,3.7400999069213867,3.740000009536743,3.7400999069213867,10121,0.0,0.0
2023-07-20 14:30:00-04:00,3.75,3.819999933242798,3.7300000190734863,3.809999942779541,29401,0.0,0.0
2023-07-20 15:30:00-04:00,3.809999942779541,3.8399999141693115,3.75,3.809999942779541,6283,0.0,0.0
2023-07-21 09:30:00-04:00,3.8499999046325684,3.8499999046325684,3.814300060272217,3.839900016784668,7665,0.0,0.0
2023-07-21 12:30:00-04:00,3.8399999141693115,3.880000114440918,3.8399999141693115,3.880000114440918,1027,0.0,0.0
2023-07-21 13:30:00-04:00,3.8798999786376953,3.940000057220459,3.8798999786376953,3.940000057220459,2335,0.0,0.0
2023-07-24 09:30:00-04:00,3.940000057220459,3.940000057220459,3.900099992752075,3.9300999641418457,4428,0.0,0.0
2023-07-24 10:30:00-04:00,3.935800075531006,3.935800075531006,3.935800075531006,3.935800075531006,168,0.0,0.0
2023-07-24 11:30:00-04:00,3.95989990234375,3.95989990234375,3.95989990234375,3.95989990234375,757,0.0,0.0
2023-07-24 13:30:00-04:00,3.9600000381469727,3.960099935531616,3.9000000953674316,3.900099992752075,5856,0.0,0.0
2023-07-24 15:30:00-04:00,3.9000000953674316,3.9000000953674316,3.9000000953674316,3.9000000953674316,0,0.0,0.0
2023-07-25 09:30:00-04:00,3.9300999641418457,3.9300999641418457,3.9200000762939453,3.9200000762939453,4130,0.0,0.0
2023-07-25 10:30:00-04:00,3.88100004196167,3.88100004196167,3.880000114440918,3.8801000118255615,553,0.0,0.0
2023-07-25 11:30:00-04:00,3.8499999046325684,3.8499999046325684,3.8399999141693115,3.8450000286102295,3756,0.0,0.0
2023-07-25 14:30:00-04:00,3.819999933242798,3.819999933242798,3.819999933242798,3.819999933242798,303,0.0,0.0
2023-07-25 15:30:00-04:00,3.809999942779541,3.809999942779541,3.75,3.75,1262,0.0,0.0
2023-07-26 09:30:00-04:00,3.819999933242798,3.819999933242798,3.819999933242798,3.819999933242798,0,0.0,0.0
2023-07-26 10:30:00-04:00,3.869999885559082,3.869999885559082,3.869999885559082,3.869999885559082,262,0.0,0.0
2023-07-26 11:30:00-04:00,3.866499900817871,3.866499900817871,3.8450000286102295,3.8450000286102295,832,0.0,0.0
2023-07-26 14:30:00-04:00,3.8350000381469727,3.8505001068115234,3.8350000381469727,3.8350000381469727,2284,0.0,0.0
2023-07-27 09:30:00-04:00,3.890000104904175,3.890000104904175,3.890000104904175,3.890000104904175,187,0.0,0.0
2023-07-27 10:30:00-04:00,3.8499999046325684,3.850800037384033,3.7899999618530273,3.7899999618530273,5503,0.0,0.0
2023-07-27 11:30:00-04:00,3.8545000553131104,3.8545000553131104,3.8299999237060547,3.8299999237060547,255,0.0,0.0
2023-07-27 12:30:00-04:00,3.8598999977111816,3.8598999977111816,3.8399999141693115,3.8399999141693115,210,0.0,0.0
2023-07-27 13:30:00-04:00,3.8598999977111816,3.859999895095825,3.8596999645233154,3.859999895095825,3604,0.0,0.0
2023-07-27 14:30:00-04:00,3.8301000595092773,3.8301000595092773,3.8299999237060547,3.8299999237060547,225,0.0,0.0
2023-07-27 15:30:00-04:00,3.859999895095825,3.859999895095825,3.8399999141693115,3.8399999141693115,950,0.0,0.0
2023-07-28 09:30:00-04:00,3.9100000858306885,3.9100000858306885,3.869999885559082,3.869999885559082,826,0.0,0.0
2023-07-28 10:30:00-04:00,3.8833999633789062,3.8833999633789062,3.8833999633789062,3.8833999633789062,112,0.0,0.0
2023-07-28 11:30:00-04:00,3.9398999214172363,3.9398999214172363,3.8499999046325684,3.8499999046325684,2712,0.0,0.0
2023-07-28 13:30:00-04:00,3.869999885559082,3.869999885559082,3.859999895095825,3.859999895095825,326,0.0,0.0
2023-07-28 15:30:00-04:00,3.859999895095825,3.890000104904175,3.8499999046325684,3.890000104904175,680,0.0,0.0
2023-07-31 09:30:00-04:00,3.890000104904175,3.890000104904175,3.890000104904175,3.890000104904175,1425,0.0,0.0
2023-07-31 11:30:00-04:00,3.859999895095825,3.859999895095825,3.859999895095825,3.859999895095825,546,0.0,0.0
2023-07-31 12:30:00-04:00,3.880000114440918,3.9000000953674316,3.8798999786376953,3.9000000953674316,5528,0.0,0.0
2023-07-31 13:30:00-04:00,3.880000114440918,3.880000114440918,3.880000114440918,3.880000114440918,407,0.0,0.0
2023-07-31 14:30:00-04:00,3.8798999786376953,3.880000114440918,3.8784000873565674,3.880000114440918,2509,0.0,0.0
2023-08-01 12:30:00-04:00,3.859999895095825,3.859999895095825,3.8299999237060547,3.8299999237060547,559,0.0,0.0
2023-08-01 14:30:00-04:00,3.8301000595092773,3.8550000190734863,3.8301000595092773,3.8450000286102295,617,0.0,0.0
2023-08-01 15:30:00-04:00,3.851300001144409,3.890000104904175,3.8499999046325684,3.890000104904175,0,0.0,0.0
2023-08-02 09:30:00-04:00,3.809999942779541,3.809999942779541,3.809999942779541,3.809999942779541,180,0.0,0.0
2023-08-02 10:30:00-04:00,3.8399999141693115,3.840100049972534,3.7899999618530273,3.7899999618530273,3748,0.0,0.0
2023-08-02 11:30:00-04:00,3.819999933242798,3.819999933242798,3.7750000953674316,3.7750000953674316,267,0.0,0.0
2023-08-02 12:30:00-04:00,3.809999942779541,3.819999933242798,3.809999942779541,3.819999933242798,360,0.0,0.0
2023-08-02 13:30:00-04:00,3.7685999870300293,3.7685999870300293,3.7685999870300293,3.7685999870300293,809,0.0,0.0
2023-08-02 15:30:00-04:00,3.819999933242798,3.880000114440918,3.819999933242798,3.880000114440918,406,0.0,0.0
2023-08-03 09:30:00-04:00,3.8183000087738037,3.8550000190734863,3.7507998943328857,3.7507998943328857,5489,0.0,0.0
2023-08-03 10:30:00-04:00,3.8299999237060547,3.8299999237060547,3.7216999530792236,3.7799999713897705,934,0.0,0.0
2023-08-03 11:30:00-04:00,3.7300000190734863,3.7300000190734863,3.7300000190734863,3.7300000190734863,929,0.0,0.0
2023-08-03 12:30:00-04:00,3.7899999618530273,3.7899999618530273,3.780400037765503,3.780400037765503,212,0.0,0.0
2023-08-03 13:30:00-04:00,3.7850000858306885,3.860599994659424,3.7699999809265137,3.860599994659424,3470,0.0,0.0
2023-08-03 14:30:00-04:00,3.8399999141693115,3.8601999282836914,3.8299999237060547,3.8601999282836914,4191,0.0,0.0
2023-08-03 15:30:00-04:00,3.8499999046325684,3.8949999809265137,3.8399999141693115,3.850100040435791,7146,0.0,0.0
2023-08-04 09:30:00-04:00,3.7681000232696533,3.7681000232696533,3.7681000232696533,3.7681000232696533,0,0.0,0.0
2023-08-04 10:30:00-04:00,3.8350000381469727,3.8350000381469727,3.7500998973846436,3.81030011177063,4056,0.0,0.0
2023-08-04 11:30:00-04:00,3.819999933242798,3.8533999919891357,3.813199996948242,3.822700023651123,4913,0.0,0.0
2023-08-04 12:30:00-04:00,3.8132998943328857,3.8132998943328857,3.8132998943328857,3.8132998943328857,1239,0.0,0.0
2023-08-04 14:30:00-04:00,3.75,3.75,3.7300000190734863,3.740000009536743,2754,0.0,0.0
2023-08-04 15:30:00-04:00,3.7300000190734863,3.7300000190734863,3.700000047683716,3.700000047683716,2417,0.0,0.0
2023-08-07 09:30:00-04:00,3.799999952316284,3.799999952316284,3.7799999713897705,3.7799999713897705,0,0.0,0.0
2023-08-07 10:30:00-04:00,3.700000047683716,3.700000047683716,3.700000047683716,3.700000047683716,436,0.0,0.0
2023-08-07 11:30:00-04:00,3.7200000286102295,3.75,3.7200000286102295,3.75,1760,0.0,0.0
2023-08-07 13:30:00-04:00,3.700000047683716,3.700000047683716,3.700000047683716,3.700000047683716,492,0.0,0.0
2023-08-07 14:30:00-04:00,3.7100000381469727,3.7100000381469727,3.7100000381469727,3.7100000381469727,395,0.0,0.0
2023-08-07 15:30:00-04:00,3.619999885559082,3.619999885559082,3.619999885559082,3.619999885559082,214,0.0,0.0
2023-08-08 09:30:00-04:00,3.640000104904175,3.67930006980896,3.630000114440918,3.630000114440918,0,0.0,0.0
2023-08-08 10:30:00-04:00,3.630000114440918,3.630000114440918,3.619999885559082,3.619999885559082,2016,0.0,0.0
2023-08-08 12:30:00-04:00,3.630000114440918,3.630000114440918,3.625,3.625,753,0.0,0.0
2023-08-08 14:30:00-04:00,3.609999895095825,3.609999895095825,3.609999895095825,3.609999895095825,150,0.0,0.0
2023-08-09 09:30:00-04:00,3.69950008392334,3.69950008392334,3.6500000953674316,3.684999942779541,1842,0.0,0.0
2023-08-09 10:30:00-04:00,3.697200059890747,3.697200059890747,3.6500000953674316,3.6500000953674316,459,0.0,0.0
2023-08-09 11:30:00-04:00,3.6500000953674316,3.6500000953674316,3.6500000953674316,3.6500000953674316,250,0.0,0.0
2023-08-09 12:30:00-04:00,3.6164000034332275,3.6164000034332275,3.5999999046325684,3.5999999046325684,1213,0.0,0.0
2023-08-09 13:30:00-04:00,3.649899959564209,3.649899959564209,3.5799999237060547,3.5999999046325684,5688,0.0,0.0
2023-08-09 14:30:00-04:00,3.5899999141693115,3.5999999046325684,3.5899999141693115,3.5899999141693115,0,0.0,0.0
2023-08-10 09:30:00-04:00,3.640000104904175,3.640000104904175,3.5966999530792236,3.5966999530792236,261,0.0,0.0
2023-08-10 10:30:00-04:00,3.5799999237060547,3.6500000953674316,3.549999952316284,3.5799999237060547,3113,0.0,0.0
2023-08-10 11:30:00-04:00,3.5548999309539795,3.5799999237060547,3.3499999046325684,3.380000114440918,16011,0.0,0.0
2023-08-10 12:30:00-04:00,3.5399999618530273,3.5399999618530273,3.4200000762939453,3.4342000484466553,5396,0.0,0.0
2023-08-10 13:30:00-04:00,3.430000066757202,3.450000047683716,3.25,3.25,15611,0.0,0.0
2023-08-10 14:30:00-04:00,3.259999990463257,3.4800000190734863,3.25,3.3299999237060547,30054,0.0,0.0
2023-08-10 15:30:00-04:00,3.3299999237060547,3.380000114440918,3.0,3.0399999618530273,38674,0.0,0.0
2023-08-11 09:30:00-04:00,3.2699999809265137,3.359999895095825,3.1600000858306885,3.240000009536743,23437,0.0,0.0
2023-08-11 10:30:00-04:00,3.369999885559082,3.4072000980377197,3.2699999809265137,3.2699999809265137,2023,0.0,0.0
2023-08-11 11:30:00-04:00,3.3489999771118164,3.3489999771118164,3.309999942779541,3.3248000144958496,1278,0.0,0.0
2023-08-11 12:30:00-04:00,3.3499999046325684,3.3898000717163086,3.3499999046325684,3.388400077819824,7171,0.0,0.0
2023-08-11 13:30:00-04:00,3.390000104904175,3.390000104904175,3.380000114440918,3.380000114440918,2058,0.0,0.0
2023-08-11 14:30:00-04:00,3.450000047683716,3.450000047683716,3.4200000762939453,3.4200000762939453,966,0.0,0.0
2023-08-11 15:30:00-04:00,3.380000114440918,3.380000114440918,3.380000114440918,3.380000114440918,712,0.0,0.0
2023-08-14 09:30:00-04:00,3.4000000953674316,3.467099905014038,3.3399999141693115,3.3399999141693115,3794,0.0,0.0
2023-08-14 10:30:00-04:00,3.4600000381469727,3.4600000381469727,3.319999933242798,3.319999933242798,2078,0.0,0.0
2023-08-14 11:30:00-04:00,3.4200000762939453,3.4200000762939453,3.4200000762939453,3.4200000762939453,163,0.0,0.0
2023-08-14 12:30:00-04:00,3.4179999828338623,3.437299966812134,3.4179999828338623,3.437299966812134,657,0.0,0.0
2023-08-14 13:30:00-04:00,3.4100000858306885,3.4200000762939453,3.4100000858306885,3.4100000858306885,1228,0.0,0.0
2023-08-14 14:30:00-04:00,3.359999895095825,3.4200000762939453,3.359999895095825,3.369999885559082,1941,0.0,0.0
2023-08-14 15:30:00-04:00,3.403899908065796,3.403899908065796,3.403899908065796,3.403899908065796,0,0.0,0.0
2023-08-15 09:30:00-04:00,3.380000114440918,3.380000114440918,3.369999885559082,3.369999885559082,1222,0.0,0.0
2023-08-15 10:30:00-04:00,3.3499999046325684,3.3499999046325684,3.309999942779541,3.309999942779541,704,0.0,0.0
2023-08-15 11:30:00-04:00,3.4298999309539795,3.4298999309539795,3.3259999752044678,3.399199962615967,2465,0.0,0.0
2023-08-15 12:30:00-04:00,3.4000000953674316,3.4000000953674316,3.4000000953674316,3.4000000953674316,324,0.0,0.0
2023-08-15 13:30:00-04:00,3.369999885559082,3.369999885559082,3.3406999111175537,3.349900007247925,1760,0.0,0.0
2023-08-15 14:30:00-04:00,3.3399999141693115,3.3399999141693115,3.3299999237060547,3.3299999237060547,793,0.0,0.0
2023-08-15 15:30:00-04:00,3.319999933242798,3.4000000953674316,3.309999942779541,3.3499999046325684,0,0.0,0.0
2023-08-16 09:30:00-04:00,3.430000066757202,3.430000066757202,3.3499999046325684,3.3499999046325684,2028,0.0,0.0
2023-08-16 11:30:00-04:00,3.4899001121520996,3.490000009536743,3.4421000480651855,3.4421000480651855,7670,0.0,0.0
2023-08-16 12:30:00-04:00,3.3550000190734863,3.4198999404907227,3.3550000190734863,3.4198999404907227,411,0.0,0.0
2023-08-16 13:30:00-04:00,3.384999990463257,3.384999990463257,3.360100030899048,3.360100030899048,680,0.0,0.0
2023-08-16 14:30:00-04:00,3.380000114440918,3.380000114440918,3.380000114440918,3.380000114440918,917,0.0,0.0
2023-08-16 15:30:00-04:00,3.384999990463257,3.384999990463257,3.375,3.375,902,0.0,0.0
2023-08-17 09:30:00-04:00,3.3399999141693115,3.3859000205993652,3.3399999141693115,3.3859000205993652,0,0.0,0.0
2023-08-17 10:30:00-04:00,3.369999885559082,3.369999885559082,3.369999885559082,3.369999885559082,2160,0.0,0.0
2023-08-17 11:30:00-04:00,3.3610000610351562,3.3610000610351562,3.3610000610351562,3.3610000610351562,1058,0.0,0.0
2023-08-17 13:30:00-04:00,3.369999885559082,3.369999885559082,3.369999885559082,3.369999885559082,347,0.0,0.0
2023-08-17 14:30:00-04:00,3.359999895095825,3.359999895095825,3.3399999141693115,3.3399999141693115,1272,0.0,0.0
2023-08-18 09:30:00-04:00,3.390000104904175,3.510999917984009,3.2701001167297363,3.509999990463257,6048,0.0,0.0
2023-08-18 10:30:00-04:00,3.4000000953674316,3.4100000858306885,3.4000000953674316,3.4100000858306885,255,0.0,0.0
2023-08-18 11:30:00-04:00,3.389899969100952,3.389899969100952,3.2699999809265137,3.319999933242798,12007,0.0,0.0
2023-08-18 12:30:00-04:00,3.3499999046325684,3.384500026702881,3.2699999809265137,3.384500026702881,3569,0.0,0.0
2023-08-18 13:30:00-04:00,3.3499999046325684,3.359999895095825,3.3499999046325684,3.359999895095825,2490,0.0,0.0
2023-08-18 14:30:00-04:00,3.380000114440918,3.4100000858306885,3.380000114440918,3.4000000953674316,4898,0.0,0.0
2023-08-21 09:30:00-04:00,3.299999952316284,3.440000057220459,3.299999952316284,3.440000057220459,447,0.0,0.0
2023-08-21 10:30:00-04:00,3.390000104904175,3.390000104904175,3.33870005607605,3.390000104904175,814,0.0,0.0
2023-08-21 11:30:00-04:00,3.380000114440918,3.380000114440918,3.3499999046325684,3.3798999786376953,1990,0.0,0.0
2023-08-21 12:30:00-04:00,3.3499999046325684,3.3499999046325684,3.3499999046325684,3.3499999046325684,565,0.0,0.0
2023-08-21 13:30:00-04:00,3.3499999046325684,3.359999895095825,3.3499999046325684,3.3499999046325684,861,0.0,0.0
2023-08-21 14:30:00-04:00,3.3499999046325684,3.3499999046325684,3.3299999237060547,3.3299999237060547,1079,0.0,0.0
2023-08-21 15:30:00-04:00,3.299999952316284,3.299999952316284,3.299999952316284,3.299999952316284,511,0.0,0.0
2023-08-22 09:30:00-04:00,3.299999952316284,3.299999952316284,3.299999952316284,3.299999952316284,0,0.0,0.0
2023-08-22 10:30:00-04:00,3.2899999618530273,3.2899999618530273,3.2899999618530273,3.2899999618530273,248,0.0,0.0
2023-08-22 11:30:00-04:00,3.299999952316284,3.299999952316284,3.299999952316284,3.299999952316284,638,0.0,0.0
2023-08-22 13:30:00-04:00,3.2899999618530273,3.319999933242798,3.2899999618530273,3.319999933242798,3526,0.0,0.0
2023-08-22 14:30:00-04:00,3.3299999237060547,3.3299999237060547,3.3299999237060547,3.3299999237060547,115,0.0,0.0
2023-08-22 15:30:00-04:00,3.3499999046325684,3.3598999977111816,3.3301000595092773,3.3301000595092773,1903,0.0,0.0
2023-08-23 09:30:00-04:00,3.319999933242798,3.348099946975708,3.319999933242798,3.348099946975708,0,0.0,0.0
2023-08-23 11:30:00-04:00,3.4200000762939453,3.4200000762939453,3.4200000762939453,3.4200000762939453,181,0.0,0.0
2023-08-23 12:30:00-04:00,3.3299999237060547,3.3299999237060547,3.3299999237060547,3.3299999237060547,554,0.0,0.0
2023-08-23 15:30:00-04:00,3.399899959564209,3.399899959564209,3.399899959564209,3.399899959564209,105,0.0,0.0
2023-08-24 09:30:00-04:00,3.3399999141693115,3.4798998832702637,3.3399999141693115,3.380000114440918,1037,0.0,0.0
2023-08-24 10:30:00-04:00,3.3798999786376953,3.3798999786376953,3.3399999141693115,3.3399999141693115,531,0.0,0.0
2023-08-24 11:30:00-04:00,3.319999933242798,3.32669997215271,3.309999942779541,3.309999942779541,892,0.0,0.0
2023-08-24 12:30:00-04:00,3.3176000118255615,3.318000078201294,3.314300060272217,3.314300060272217,1999,0.0,0.0
2023-08-24 14:30:00-04:00,3.319999933242798,3.3499999046325684,3.312000036239624,3.3499999046325684,2016,0.0,0.0
2023-08-24 15:30:00-04:00,3.3480000495910645,3.3480000495910645,3.3480000495910645,3.3480000495910645,102,0.0,0.0
2023-08-25 09:30:00-04:00,3.309999942779541,3.529900074005127,3.309999942779541,3.4200000762939453,1247,0.0,0.0
2023-08-25 10:30:00-04:00,3.369999885559082,3.369999885559082,3.322000026702881,3.322000026702881,679,0.0,0.0
2023-08-25 12:30:00-04:00,3.359999895095825,3.359999895095825,3.3450000286102295,3.3450000286102295,862,0.0,0.0
2023-08-25 15:30:00-04:00,3.359999895095825,3.369999885559082,3.3550000190734863,3.3550000190734863,1002,0.0,0.0
2023-08-28 09:30:00-04:00,3.369999885559082,3.369999885559082,3.359999895095825,3.369999885559082,2312,0.0,0.0
2023-08-28 10:30:00-04:00,3.4398999214172363,3.4398999214172363,3.4398999214172363,3.4398999214172363,101,0.0,0.0
2023-08-28 12:30:00-04:00,3.380000114440918,3.380000114440918,3.380000114440918,3.380000114440918,252,0.0,0.0
2023-08-28 13:30:00-04:00,3.380000114440918,3.401700019836426,3.359999895095825,3.359999895095825,822,0.0,0.0
2023-08-28 14:30:00-04:00,3.3399999141693115,3.3399999141693115,3.3299999237060547,3.3299999237060547,0,0.0,0.0
2023-08-29 10:30:00-04:00,3.390000104904175,3.390000104904175,3.380000114440918,3.380000114440918,507,0.0,0.0
2023-08-29 12:30:00-04:00,3.3350000381469727,3.3350000381469727,3.3350000381469727,3.3350000381469727,132,0.0,0.0
2023-08-29 15:30:00-04:00,3.3499999046325684,3.3499999046325684,3.3499999046325684,3.3499999046325684,0,0.0,0.0
2023-08-30 09:30:00-04:00,3.2699999809265137,3.3499999046325684,3.2699999809265137,3.3004000186920166,2971,0.0,0.0
2023-08-30 10:30:00-04:00,3.349900007247925,3.349900007247925,3.349900007247925,3.349900007247925,435,0.0,0.0
2023-08-30 11:30:00-04:00,3.300100088119507,3.357300043106079,3.2699999809265137,3.319999933242798,12981,0.0,0.0
2023-08-30 13:30:00-04:00,3.3399999141693115,3.3399999141693115,3.3299999237060547,3.3299999237060547,398,0.0,0.0
2023-08-30 14:30:00-04:00,3.319999933242798,3.319999933242798,3.2899999618530273,3.2899999618530273,806,0.0,0.0
2023-08-30 15:30:00-04:00,3.3299999237060547,3.3299999237060547,3.3299999237060547,3.3299999237060547,757,0.0,0.0
2023-08-31 09:30:00-04:00,3.359999895095825,3.359999895095825,3.3450000286102295,3.3450000286102295,0,0.0,0.0
2023-08-31 10:30:00-04:00,3.2899999618530273,3.309999942779541,3.2899999618530273,3.309999942779541,554,0.0,0.0
2023-08-31 11:30:00-04:00,3.309999942779541,3.309999942779541,3.309999942779541,3.309999942779541,545,0.0,0.0
2023-08-31 12:30:00-04:00,3.315000057220459,3.315000057220459,3.315000057220459,3.315000057220459,198,0.0,0.0
2023-08-31 13:30:00-04:00,3.3499999046325684,3.3499999046325684,3.3499999046325684,3.3499999046325684,1002,0.0,0.0
2023-08-31 14:30:00-04:00,3.325000047683716,3.325000047683716,3.325000047683716,3.325000047683716,164,0.0,0.0
2023-09-01 09:30:00-04:00,3.3499999046325684,3.3499999046325684,3.3299999237060547,3.3299999237060547,327,0.0,0.0
2023-09-01 10:30:00-04:00,3.3299999237060547,3.3299999237060547,3.3299999237060547,3.3299999237060547,1817,0.0,0.0
2023-09-01 12:30:00-04:00,3.359999895095825,3.359999895095825,3.359999895095825,3.359999895095825,1099,0.0,0.0
2023-09-01 13:30:00-04:00,3.380000114440918,3.380000114440918,3.359999895095825,3.359999895095825,1775,0.0,0.0
2023-09-01 14:30:00-04:00,3.359999895095825,3.4000000953674316,3.3499999046325684,3.4000000953674316,845,0.0,0.0
2023-09-01 15:30:00-04:00,3.3499999046325684,3.3499999046325684,3.3499999046325684,3.3499999046325684,132,0.0,0.0
2023-09-05 09:30:00-04:00,3.4100000858306885,3.4100000858306885,3.309999942779541,3.3239998817443848,0,0.0,0.0
2023-09-05 10:30:00-04:00,3.325000047683716,3.3399999141693115,3.309999942779541,3.315000057220459,3404,0.0,0.0
2023-09-05 11:30:00-04:00,3.3417999744415283,3.359999895095825,3.3417999744415283,3.3582000732421875,973,0.0,0.0
2023-09-05 12:30:00-04:00,3.380000114440918,3.4000000953674316,3.380000114440918,3.4000000953674316,208,0.0,0.0
2023-09-05 13:30:00-04:00,3.3550000190734863,3.3550000190734863,3.3499999046325684,3.3499999046325684,478,0.0,0.0
2023-09-05 14:30:00-04:00,3.359999895095825,3.359999895095825,3.359999895095825,3.359999895095825,0,0.0,0.0
2023-09-06 10:30:00-04:00,3.4100000858306885,3.4200000762939453,3.4100000858306885,3.4200000762939453,931,0.0,0.0
2023-09-06 11:30:00-04:00,3.4000000953674316,3.4000000953674316,3.4000000953674316,3.4000000953674316,528,0.0,0.0
2023-09-06 12:30:00-04:00,3.380000114440918,3.380000114440918,3.380000114440918,3.380000114440918,443,0.0,0.0
2023-09-06 13:30:00-04:00,3.369999885559082,3.369999885559082,3.369999885559082,3.369999885559082,208,0.0,0.0
2023-09-06 14:30:00-04:00,3.380000114440918,3.380000114440918,3.380000114440918,3.380000114440918,0,0.0,0.0
2023-09-07 09:30:00-04:00,3.369999885559082,3.369999885559082,3.359999895095825,3.359999895095825,1109,0.0,0.0
2023-09-07 11:30:00-04:00,3.359999895095825,3.359999895095825,3.359999895095825,3.359999895095825,759,0.0,0.0
2023-09-07 15:30:00-04:00,3.309999942779541,3.309999942779541,3.299999952316284,3.299999952316284,1527,0.0,0.0
2023-09-08 09:30:00-04:00,3.299999952316284,3.3357999324798584,3.299999952316284,3.3357999324798584,0,0.0,0.0
2023-09-08 10:30:00-04:00,3.2799999713897705,3.2799999713897705,3.2799999713897705,3.2799999713897705,1112,0.0,0.0
2023-09-08 11:30:00-04:00,3.2701001167297363,3.2899999618530273,3.2699999809265137,3.2899999618530273,3359,0.0,0.0
2023-09-08 13:30:00-04:00,3.2699999809265137,3.2699999809265137,3.2149999141693115,3.2149999141693115,17276,0.0,0.0
2023-09-08 14:30:00-04:00,3.2249999046325684,3.299999952316284,3.2100000381469727,3.299999952316284,10803,0.0,0.0
2023-09-11 09:30:00-04:00,3.309999942779541,3.409899950027466,3.309999942779541,3.3261001110076904,1197,0.0,0.0
2023-09-11 10:30:00-04:00,3.2850000858306885,3.319999933242798,3.2850000858306885,3.319999933242798,2426,0.0,0.0
2023-09-11 11:30:00-04:00,3.2899999618530273,3.299999952316284,3.2699999809265137,3.2799999713897705,1479,0.0,0.0
2023-09-11 12:30:00-04:00,3.2799999713897705,3.359999895095825,3.2699999809265137,3.311000108718872,17591,0.0,0.0
2023-09-11 13:30:00-04:00,3.311000108718872,3.359999895095825,3.309999942779541,3.359999895095825,2175,0.0,0.0
2023-09-11 14:30:00-04:00,3.309999942779541,3.309999942779541,3.309999942779541,3.309999942779541,0,0.0,0.0
2023-09-12 09:30:00-04:00,3.356100082397461,3.356100082397461,3.356100082397461,3.356100082397461,433,0.0,0.0
2023-09-12 10:30:00-04:00,3.315000057220459,3.315000057220459,3.3087000846862793,3.3087000846862793,615,0.0,0.0
2023-09-12 11:30:00-04:00,3.2899999618530273,3.299999952316284,3.2899999618530273,3.299999952316284,815,0.0,0.0
2023-09-12 12:30:00-04:00,3.2899999618530273,3.2899999618530273,3.2899999618530273,3.2899999618530273,249,0.0,0.0
2023-09-12 13:30:00-04:00,3.30679988861084,3.30679988861084,3.298799991607666,3.298799991607666,276,0.0,0.0
2023-09-12 14:30:00-04:00,3.2950000762939453,3.2950000762939453,3.2950000762939453,3.2950000762939453,301,0.0,0.0
2023-09-13 09:30:00-04:00,3.359999895095825,3.359999895095825,3.2699999809265137,3.280100107192993,7193,0.0,0.0
2023-09-13 12:30:00-04:00,3.305000066757202,3.305000066757202,3.299999952316284,3.299999952316284,571,0.0,0.0
2023-09-13 13:30:00-04:00,3.315000057220459,3.315000057220459,3.315000057220459,3.315000057220459,2484,0.0,0.0
2023-09-14 09:30:00-04:00,3.2799999713897705,3.3099000453948975,3.2799999713897705,3.3099000453948975,1276,0.0,0.0
2023-09-14 10:30:00-04:00,3.299999952316284,3.323899984359741,3.299999952316284,3.323899984359741,1013,0.0,0.0
2023-09-14 11:30:00-04:00,3.299999952316284,3.299999952316284,3.299999952316284,3.299999952316284,319,0.0,0.0
2023-09-14 14:30:00-04:00,3.2799999713897705,3.2799999713897705,3.2699999809265137,3.2699999809265137,3323,0.0,0.0
2023-09-15 09:30:00-04:00,3.3299999237060547,3.3299999237060547,3.3299999237060547,3.3299999237060547,637,0.0,0.0
2023-09-15 10:30:00-04:00,3.259999990463257,3.259999990463257,3.259999990463257,3.259999990463257,847,0.0,0.0
2023-09-15 11:30:00-04:00,3.279900074005127,3.279900074005127,3.279900074005127,3.279900074005127,259,0.0,0.0
2023-09-15 12:30:00-04:00,3.265000104904175,3.2699999809265137,3.25,3.259999990463257,3335,0.0,0.0
2023-09-15 13:30:00-04:00,3.2799999713897705,3.2799999713897705,3.2799999713897705,3.2799999713897705,216,0.0,0.0
2023-09-15 15:30:00-04:00,3.2799999713897705,3.297600030899048,3.2799999713897705,3.297600030899048,635,0.0,0.0
2023-09-18 09:30:00-04:00,3.319999933242798,3.319999933242798,3.2699999809265137,3.2699999809265137,996,0.0,0.0
2023-09-18 10:30:00-04:00,3.299999952316284,3.299999952316284,3.2783000469207764,3.2802999019622803,346,0.0,0.0
2023-09-18 11:30:00-04:00,3.2799999713897705,3.2799999713897705,3.2799999713897705,3.2799999713897705,643,0.0,0.0
2023-09-18 13:30:00-04:00,3.2799999713897705,3.2799999713897705,3.2799999713897705,3.2799999713897705,241,0.0,0.0
2023-09-18 14:30:00-04:00,3.299999952316284,3.299999952316284,3.299999952316284,3.299999952316284,556,0.0,0.0
2023-09-18 15:30:00-04:00,3.3099000453948975,3.3099000453948975,3.299999952316284,3.299999952316284,301,0.0,0.0
2023-09-19 09:30:00-04:00,3.2699999809265137,3.3299999237060547,3.2100000381469727,3.2300000190734863,15064,0.0,0.0
2023-09-19 10:30:00-04:00,3.244999885559082,3.25,3.2100000381469727,3.2200000286102295,2685,0.0,0.0
2023-09-19 11:30:00-04:00,3.240000009536743,3.240000009536743,3.240000009536743,3.240000009536743,108,0.0,0.0
2023-09-19 13:30:00-04:00,3.2300000190734863,3.2300000190734863,3.1700000762939453,3.2049999237060547,4655,0.0,0.0
2023-09-19 14:30:00-04:00,3.2100000381469727,3.2100000381469727,3.208400011062622,3.208400011062622,1194,0.0,0.0
2023-09-19 15:30:00-04:00,3.200000047683716,3.20989990234375,3.200000047683716,3.200000047683716,0,0.0,0.0
2023-09-20 09:30:00-04:00,3.299999952316284,3.299999952316284,3.299999952316284,3.299999952316284,303,0.0,0.0
2023-09-20 10:30:00-04:00,3.2100000381469727,3.2100000381469727,3.200000047683716,3.200000047683716,1348,0.0,0.0
2023-09-20 12:30:00-04:00,3.190000057220459,3.190000057220459,3.1700000762939453,3.1700000762939453,833,0.0,0.0
2023-09-20 15:30:00-04:00,3.1800999641418457,3.194999933242798,3.1700000762939453,3.1700000762939453,7327,0.0,0.0
2023-09-21 10:30:00-04:00,3.249500036239624,3.265000104904175,3.1600000858306885,3.1700000762939453,3524,0.0,0.0
2023-09-21 11:30:00-04:00,3.179500102996826,3.179500102996826,3.179500102996826,3.179500102996826,3599,0.0,0.0
2023-09-21 12:30:00-04:00,3.1600000858306885,3.174999952316284,3.1600000858306885,3.174999952316284,433,0.0,0.0
2023-09-21 13:30:00-04:00,3.1700000762939453,3.1700000762939453,3.1700000762939453,3.1700000762939453,1305,0.0,0.0
2023-09-21 14:30:00-04:00,3.1600000858306885,3.1600000858306885,3.1600000858306885,3.1600000858306885,0,0.0,0.0
2023-09-22 09:30:00-04:00,3.329900026321411,3.329900026321411,3.1600000858306885,3.1600000858306885,612,0.0,0.0
2023-09-22 10:30:00-04:00,3.180000066757202,3.180000066757202,3.180000066757202,3.180000066757202,114,0.0,0.0
2023-09-22 11:30:00-04:00,3.180000066757202,3.2058000564575195,3.134999990463257,3.140000104904175,9147,0.0,0.0
2023-09-22 12:30:00-04:00,3.140000104904175,3.140000104904175,3.119999885559082,3.130000114440918,1972,0.0,0.0
2023-09-22 13:30:00-04:00,3.1500000953674316,3.1500000953674316,3.1500000953674316,3.1500000953674316,523,0.0,0.0
2023-09-22 14:30:00-04:00,3.1500000953674316,3.1500000953674316,3.1500000953674316,3.1500000953674316,703,0.0,0.0
2023-09-22 15:30:00-04:00,3.1500000953674316,3.1500000953674316,3.1500000953674316,3.1500000953674316,300,0.0,0.0
2023-09-25 09:30:00-04:00,3.1500000953674316,3.240000009536743,3.130000114440918,3.130000114440918,1357,0.0,0.0
2023-09-25 11:30:00-04:00,3.1500000953674316,3.1500000953674316,3.1500000953674316,3.1500000953674316,1053,0.0,0.0
2023-09-25 14:30:00-04:00,3.130000114440918,3.130000114440918,3.130000114440918,3.130000114440918,388,0.0,0.0
2023-09-25 15:30:00-04:00,3.140000104904175,3.140000104904175,3.140000104904175,3.140000104904175,107,0.0,0.0
2023-09-26 09:30:00-04:00,3.140000104904175,3.286099910736084,3.140000104904175,3.2376999855041504,0,0.0,0.0
2023-09-26 10:30:00-04:00,3.194999933242798,3.194999933242798,3.194999933242798,3.194999933242798,285,0.0,0.0
2023-09-26 11:30:00-04:00,3.1301000118255615,3.140000104904175,3.109999895095825,3.119999885559082,1685,0.0,0.0
2023-09-26 12:30:00-04:00,3.140000104904175,3.140000104904175,3.140000104904175,3.140000104904175,308,0.0,0.0
2023-09-26 14:30:00-04:00,3.109999895095825,3.1401000022888184,3.109999895095825,3.140000104904175,6147,0.0,0.0
2023-09-26 15:30:00-04:00,3.119999885559082,3.119999885559082,3.0899999141693115,3.0999999046325684,14029,0.0,0.0
2023-09-27 09:30:00-04:00,3.069999933242798,3.109999895095825,3.069999933242798,3.0999999046325684,0,0.0,0.0
2023-09-27 10:30:00-04:00,3.121000051498413,3.121000051498413,3.049999952316284,3.049999952316284,8613,0.0,0.0
2023-09-27 12:30:00-04:00,3.0899999141693115,3.0899999141693115,3.0899999141693115,3.0899999141693115,1102,0.0,0.0
2023-09-27 13:30:00-04:00,3.059999942779541,3.0799999237060547,3.049999952316284,3.049999952316284,1644,0.0,0.0
2023-09-27 14:30:00-04:00,3.0450000762939453,3.049999952316284,3.0299999713897705,3.049999952316284,1834,0.0,0.0
2023-09-27 15:30:00-04:00,3.0999999046325684,3.100100040435791,3.049999952316284,3.049999952316284,835,0.0,0.0
2023-09-28 10:30:00-04:00,3.059999942779541,3.059999942779541,3.0299999713897705,3.059999942779541,10873,0.0,0.0
2023-09-28 11:30:00-04:00,3.0752999782562256,3.0799999237060547,3.065000057220459,3.069999933242798,1025,0.0,0.0
2023-09-28 12:30:00-04:00,3.069999933242798,3.069999933242798,3.069999933242798,3.069999933242798,374,0.0,0.0
2023-09-28 13:30:00-04:00,3.059999942779541,3.1098999977111816,3.059999942779541,3.1098999977111816,208,0.0,0.0
2023-09-28 14:30:00-04:00,3.069999933242798,3.069999933242798,3.0299999713897705,3.0299999713897705,7071,0.0,0.0
2023-09-28 15:30:00-04:00,3.0450000762939453,3.0450000762939453,3.0299999713897705,3.0299999713897705,5312,0.0,0.0
2023-09-29 09:30:00-04:00,3.1161000728607178,3.174999952316284,3.009999990463257,3.009999990463257,0,0.0,0.0
2023-09-29 10:30:00-04:00,3.009999990463257,3.0199999809265137,3.0,3.0199999809265137,3592,0.0,0.0
2023-09-29 12:30:00-04:00,3.009999990463257,3.0599000453948975,3.009999990463257,3.0350000858306885,6719,0.0,0.0
2023-09-29 13:30:00-04:00,3.009999990463257,3.0590999126434326,3.009999990463257,3.0350000858306885,11369,0.0,0.0
2023-09-29 14:30:00-04:00,3.0199999809265137,3.0199999809265137,3.0199999809265137,3.0199999809265137,1046,0.0,0.0
2023-09-29 15:30:00-04:00,3.0350000858306885,3.0350000858306885,3.0350000858306885,3.0350000858306885,161,0.0,0.0
2023-10-02 09:30:00-04:00,3.049999952316284,3.067199945449829,2.9100000858306885,2.995699882507324,14601,0.0,0.0
2023-10-02 10:30:00-04:00,3.009999990463257,3.0899999141693115,2.950000047683716,3.0,10191,0.0,0.0
2023-10-02 11:30:00-04:00,3.0,3.0280001163482666,3.0,3.0,1988,0.0,0.0
2023-10-02 12:30:00-04:00,2.990000009536743,2.993499994277954,2.990000009536743,2.993499994277954,311,0.0,0.0
2023-10-02 13:30:00-04:00,3.0,3.0,2.9816999435424805,2.9999001026153564,1251,0.0,0.0
2023-10-02 14:30:00-04:00,2.9600000381469727,3.0460000038146973,2.9600000381469727,3.0460000038146973,769,0.0,0.0
2023-10-03 09:30:00-04:00,3.1198999881744385,3.1198999881744385,3.0,3.0083999633789062,1741,0.0,0.0
2023-10-03 11:30:00-04:00,3.1112000942230225,3.1112000942230225,3.1112000942230225,3.1112000942230225,289,0.0,0.0
2023-10-03 15:30:00-04:00,3.0399999618530273,3.0399999618530273,3.0399999618530273,3.0399999618530273,0,0.0,0.0
2023-10-04 09:30:00-04:00,3.0,3.079900026321411,3.0,3.079900026321411,1428,0.0,0.0
2023-10-04 10:30:00-04:00,3.0225000381469727,3.0350000858306885,3.0225000381469727,3.0350000858306885,594,0.0,0.0
2023-10-04 11:30:00-04:00,3.0799999237060547,3.089900016784668,3.0799999237060547,3.089900016784668,927,0.0,0.0
2023-10-04 15:30:00-04:00,3.049999952316284,3.049999952316284,3.0,3.0399999618530273,0,0.0,0.0
2023-10-05 09:30:00-04:00,3.049999952316284,3.069999933242798,3.0492000579833984,3.059999942779541,3832,0.0,0.0
2023-10-05 10:30:00-04:00,3.049999952316284,3.0599000453948975,3.049999952316284,3.0599000453948975,2046,0.0,0.0
2023-10-05 14:30:00-04:00,3.009999990463257,3.109999895095825,2.9749999046325684,3.109999895095825,10677,0.0,0.0
2023-10-05 15:30:00-04:00,3.109999895095825,3.109999895095825,3.109999895095825,3.109999895095825,124,0.0,0.0
2023-10-06 09:30:00-04:00,3.1089999675750732,3.1089999675750732,3.1089999675750732,3.1089999675750732,161,0.0,0.0
2023-10-06 12:30:00-04:00,3.1098999977111816,3.1098999977111816,3.100100040435791,3.100100040435791,200,0.0,0.0
2023-10-06 13:30:00-04:00,3.0899999141693115,3.0899999141693115,3.0799999237060547,3.0799999237060547,377,0.0,0.0
2023-10-06 15:30:00-04:00,3.0299999713897705,3.0299999713897705,3.0299999713897705,3.0299999713897705,140,0.0,0.0
2023-10-09 09:30:00-04:00,3.140000104904175,3.1600000858306885,3.140000104904175,3.1600000858306885,0,0.0,0.0
2023-10-09 11:30:00-04:00,3.180000066757202,3.180000066757202,3.180000066757202,3.180000066757202,110,0.0,0.0
2023-10-09 12:30:00-04:00,3.109999895095825,3.1700000762939453,3.109999895095825,3.1700000762939453,212,0.0,0.0
2023-10-09 15:30:00-04:00,3.059999942779541,3.200000047683716,3.059999942779541,3.180000066757202,0,0.0,0.0
2023-10-10 09:30:00-04:00,3.180000066757202,3.180000066757202,3.180000066757202,3.180000066757202,387,0.0,0.0
2023-10-10 10:30:00-04:00,3.1600000858306885,3.1600000858306885,3.1424999237060547,3.1424999237060547,1210,0.0,0.0
2023-10-10 11:30:00-04:00,3.1410000324249268,3.1410000324249268,3.1410000324249268,3.1410000324249268,361,0.0,0.0
2023-10-10 12:30:00-04:00,3.139899969100952,3.139899969100952,3.139899969100952,3.139899969100952,248,0.0,0.0
2023-10-10 13:30:00-04:00,3.140000104904175,3.140000104904175,3.140000104904175,3.140000104904175,160,0.0,0.0
2023-10-10 15:30:00-04:00,3.199899911880493,3.199899911880493,3.1600000858306885,3.1600000858306885,259,0.0,0.0
2023-10-11 09:30:00-04:00,3.190000057220459,3.190000057220459,3.180000066757202,3.1800999641418457,1307,0.0,0.0
2023-10-11 10:30:00-04:00,3.1709001064300537,3.1735999584198,3.1700000762939453,3.1735999584198,1622,0.0,0.0
2023-10-11 13:30:00-04:00,3.1500000953674316,3.1500000953674316,3.1500000953674316,3.1500000953674316,192,0.0,0.0
2023-10-11 14:30:00-04:00,3.1500000953674316,3.1500000953674316,3.1500000953674316,3.1500000953674316,283,0.0,0.0
2023-10-11 15:30:00-04:00,3.1600000858306885,3.1600000858306885,3.0999999046325684,3.140000104904175,7576,0.0,0.0
2023-10-12 11:30:00-04:00,3.1500000953674316,3.150099992752075,3.130000114440918,3.1500000953674316,2587,0.0,0.0
2023-10-12 12:30:00-04:00,3.1500000953674316,3.161900043487549,3.1401000022888184,3.161900043487549,797,0.0,0.0
2023-10-12 13:30:00-04:00,3.140000104904175,3.140000104904175,3.119999885559082,3.119999885559082,710,0.0,0.0
2023-10-12 15:30:00-04:00,3.1798999309539795,3.1798999309539795,3.1798999309539795,3.1798999309539795,101,0.0,0.0
2023-10-13 09:30:00-04:00,3.109999895095825,3.109999895095825,3.109999895095825,3.109999895095825,757,0.0,0.0
2023-10-13 10:30:00-04:00,3.180000066757202,3.180000066757202,3.1500000953674316,3.151400089263916,1498,0.0,0.0
2023-10-13 14:30:00-04:00,3.119999885559082,3.1201000213623047,3.0399999618530273,3.069999933242798,2579,0.0,0.0
2023-10-13 15:30:00-04:00,3.069999933242798,3.069999933242798,3.069999933242798,3.069999933242798,210,0.0,0.0
2023-10-16 09:30:00-04:00,3.0199999809265137,3.199899911880493,3.0199999809265137,3.0699000358581543,2823,0.0,0.0
2023-10-16 10:30:00-04:00,3.069999933242798,3.1898999214172363,3.069999933242798,3.1898999214172363,2696,0.0,0.0
2023-10-16 11:30:00-04:00,3.0899999141693115,3.130000114440918,3.0899999141693115,3.0899999141693115,2595,0.0,0.0
2023-10-16 12:30:00-04:00,3.0999999046325684,3.190000057220459,3.0899999141693115,3.0999999046325684,2090,0.0,0.0
2023-10-16 13:30:00-04:00,3.0999999046325684,3.0999999046325684,3.0799999237060547,3.0799999237060547,922,0.0,0.0
2023-10-16 14:30:00-04:00,3.0799999237060547,3.109999895095825,3.0799999237060547,3.0799999237060547,1234,0.0,0.0
2023-10-16 15:30:00-04:00,3.0799999237060547,3.0899999141693115,3.0799999237060547,3.0899999141693115,733,0.0,0.0
2023-10-17 09:30:00-04:00,3.059999942779541,3.1819000244140625,2.990000009536743,3.0820000171661377,0,0.0,0.0
2023-10-17 10:30:00-04:00,3.1698999404907227,3.1698999404907227,3.1698999404907227,3.1698999404907227,665,0.0,0.0
2023-10-17 12:30:00-04:00,3.190000057220459,3.2200000286102295,3.190000057220459,3.2000999450683594,3461,0.0,0.0
2023-10-17 13:30:00-04:00,3.140000104904175,3.174999952316284,3.130000114440918,3.1500000953674316,3744,0.0,0.0
2023-10-17 14:30:00-04:00,3.1500000953674316,3.1633999347686768,3.1500000953674316,3.1633999347686768,1391,0.0,0.0
2023-10-17 15:30:00-04:00,3.1500000953674316,3.1633999347686768,3.119999885559082,3.119999885559082,756,0.0,0.0
2023-10-18 12:30:00-04:00,3.139899969100952,3.139899969100952,3.139899969100952,3.139899969100952,0,0.0,0.0
2023-10-18 13:30:00-04:00,3.109999895095825,3.109999895095825,3.109999895095825,3.109999895095825,271,0.0,0.0
2023-10-19 09:30:00-04:00,3.1661999225616455,3.1661999225616455,3.1661999225616455,3.1661999225616455,0,0.0,0.0
2023-10-19 10:30:00-04:00,3.109999895095825,3.109999895095825,3.109999895095825,3.109999895095825,245,0.0,0.0
2023-10-19 11:30:00-04:00,3.159899950027466,3.159899950027466,3.159899950027466,3.159899950027466,111,0.0,0.0
2023-10-19 13:30:00-04:00,3.140000104904175,3.140000104904175,3.140000104904175,3.140000104904175,182,0.0,0.0
2023-10-19 14:30:00-04:00,3.109999895095825,3.1259000301361084,3.0799999237060547,3.1259000301361084,0,0.0,0.0
2023-10-20 09:30:00-04:00,3.0999999046325684,3.0999999046325684,3.0999999046325684,3.0999999046325684,1995,0.0,0.0
2023-10-20 10:30:00-04:00,3.109999895095825,3.109999895095825,3.109999895095825,3.109999895095825,216,0.0,0.0
2023-10-20 11:30:00-04:00,3.106100082397461,3.106100082397461,3.106100082397461,3.106100082397461,105,0.0,0.0
2023-10-20 12:30:00-04:00,3.089900016784668,3.089900016784668,3.089900016784668,3.089900016784668,1277,0.0,0.0
2023-10-20 15:30:00-04:00,3.079900026321411,3.099900007247925,3.069999933242798,3.0822999477386475,1936,0.0,0.0
2023-10-23 11:30:00-04:00,3.0999999046325684,3.0999999046325684,3.0999999046325684,3.0999999046325684,0,0.0,0.0
2023-10-23 12:30:00-04:00,3.0999999046325684,3.0999999046325684,3.069999933242798,3.0799999237060547,0,0.0,0.0
2023-10-23 14:30:00-04:00,3.089900016784668,3.089900016784668,3.089900016784668,3.089900016784668,5344,0.0,0.0
2023-10-23 15:30:00-04:00,3.0899999141693115,3.0899999141693115,3.0899999141693115,3.0899999141693115,0,0.0,0.0
2023-10-24 09:30:00-04:00,3.0999999046325684,3.149899959564209,3.0999999046325684,3.149899959564209,1396,0.0,0.0
2023-10-24 10:30:00-04:00,3.100100040435791,3.100100040435791,3.100100040435791,3.100100040435791,2075,0.0,0.0
2023-10-24 12:30:00-04:00,3.0999999046325684,3.115000009536743,3.0999999046325684,3.115000009536743,4538,0.0,0.0
2023-10-24 13:30:00-04:00,3.059999942779541,3.1301000118255615,3.0350000858306885,3.1301000118255615,4573,0.0,0.0
2023-10-24 14:30:00-04:00,3.140000104904175,3.140000104904175,3.1050000190734863,3.1050000190734863,0,0.0,0.0
2023-10-25 11:30:00-04:00,3.1050000190734863,3.1050000190734863,3.0999999046325684,3.0999999046325684,2280,0.0,0.0
2023-10-25 12:30:00-04:00,3.104300022125244,3.109999895095825,3.049999952316284,3.0999999046325684,13122,0.0,0.0
2023-10-25 15:30:00-04:00,3.0399999618530273,3.0999999046325684,3.0399999618530273,3.0999999046325684,0,0.0,0.0
2023-10-26 12:30:00-04:00,3.1440999507904053,3.1440999507904053,3.1440999507904053,3.1440999507904053,320,0.0,0.0
2023-10-26 14:30:00-04:00,3.115000009536743,3.115000009536743,3.0999999046325684,3.0999999046325684,3748,0.0,0.0
2023-10-26 15:30:00-04:00,3.0950000286102295,3.0999999046325684,3.0950000286102295,3.0999999046325684,363,0.0,0.0
2023-10-27 09:30:00-04:00,3.0999999046325684,3.100100040435791,3.0799999237060547,3.0799999237060547,0,0.0,0.0
2023-10-27 10:30:00-04:00,3.0699000358581543,3.1198999881744385,3.0683999061584473,3.1198999881744385,5423,0.0,0.0
2023-10-27 11:30:00-04:00,3.119999885559082,3.119999885559082,3.119999885559082,3.119999885559082,250,0.0,0.0
2023-10-27 12:30:00-04:00,3.119999885559082,3.119999885559082,3.119999885559082,3.119999885559082,100,0.0,0.0
2023-10-27 13:30:00-04:00,3.119999885559082,3.1600000858306885,3.119999885559082,3.1600000858306885,678,0.0,0.0
2023-10-27 14:30:00-04:00,3.149899959564209,3.149899959564209,3.0999999046325684,3.0999999046325684,1222,0.0,0.0
2023-10-30 09:30:00-04:00,3.0999999046325684,3.0999999046325684,3.049999952316284,3.049999952316284,338,0.0,0.0
2023-10-30 10:30:00-04:00,3.077199935913086,3.1010000705718994,3.049999952316284,3.0999999046325684,5499,0.0,0.0
2023-10-30 11:30:00-04:00,3.090100049972534,3.090100049972534,3.0899999141693115,3.090100049972534,981,0.0,0.0
2023-10-30 12:30:00-04:00,3.119999885559082,3.1498000621795654,3.119999885559082,3.1498000621795654,629,0.0,0.0
2023-10-30 13:30:00-04:00,3.119999885559082,3.1500000953674316,3.0999999046325684,3.1500000953674316,1734,0.0,0.0
2023-10-30 14:30:00-04:00,3.1500000953674316,3.1500000953674316,3.1500000953674316,3.1500000953674316,413,0.0,0.0
2023-10-30 15:30:00-04:00,3.1500000953674316,3.1500000953674316,3.1500000953674316,3.1500000953674316,0,0.0,0.0
2023-10-31 09:30:00-04:00,3.069999933242798,3.3698999881744385,3.069999933242798,3.157399892807007,547,0.0,0.0
2023-11-01 09:30:00-04:00,3.2100000381469727,3.25,3.2100000381469727,3.25,841,0.0,0.0
2023-11-01 10:30:00-04:00,3.111999988555908,3.119999885559082,3.109999895095825,3.109999895095825,1506,0.0,0.0
2023-11-01 11:30:00-04:00,3.2399001121520996,3.2399001121520996,3.2399001121520996,3.2399001121520996,108,0.0,0.0
2023-11-01 12:30:00-04:00,3.1500000953674316,3.1500000953674316,3.1500000953674316,3.1500000953674316,387,0.0,0.0
2023-11-01 15:30:00-04:00,3.139899969100952,3.139899969100952,3.135499954223633,3.135499954223633,0,0.0,0.0
2023-11-02 09:30:00-04:00,3.140000104904175,3.140000104904175,3.140000104904175,3.140000104904175,263,0.0,0.0
2023-11-02 10:30:00-04:00,3.1496999263763428,3.2225000858306885,3.1380999088287354,3.180000066757202,2771,0.0,0.0
2023-11-02 11:30:00-04:00,3.130000114440918,3.140000104904175,3.130000114440918,3.130000114440918,1512,0.0,0.0
2023-11-02 12:30:00-04:00,3.1849000453948975,3.1849000453948975,3.180000066757202,3.180000066757202,684,0.0,0.0
2023-11-02 15:30:00-04:00,3.180000066757202,3.180000066757202,3.180000066757202,3.180000066757202,0,0.0,0.0
2023-11-03 09:30:00-04:00,3.2699999809265137,3.299999952316284,3.210099935531616,3.2560999393463135,3952,0.0,0.0
2023-11-03 10:30:00-04:00,3.2200000286102295,3.2200000286102295,3.1600000858306885,3.1600000858306885,2467,0.0,0.0
2023-11-03 11:30:00-04:00,3.183199882507324,3.200000047683716,3.1700000762939453,3.200000047683716,1349,0.0,0.0
2023-11-03 13:30:00-04:00,3.1958000659942627,3.1958000659942627,3.1958000659942627,3.1958000659942627,210,0.0,0.0
2023-11-03 14:30:00-04:00,3.200000047683716,3.2300000190734863,3.1600000858306885,3.200000047683716,2802,0.0,0.0
2023-11-06 09:30:00-05:00,3.1700000762939453,3.2999000549316406,3.1500000953674316,3.2999000549316406,1647,0.0,0.0
2023-11-06 10:30:00-05:00,3.190000057220459,3.200000047683716,3.1500000953674316,3.1500000953674316,2093,0.0,0.0
2023-11-06 11:30:00-05:00,3.3099000453948975,3.3099000453948975,3.3099000453948975,3.3099000453948975,163,0.0,0.0
2023-11-06 12:30:00-05:00,3.25,3.25,3.25,3.25,321,0.0,0.0
2023-11-06 13:30:00-05:00,3.200000047683716,3.200000047683716,3.1500000953674316,3.1500000953674316,1576,0.0,0.0
2023-11-06 15:30:00-05:00,3.2300000190734863,3.2300000190734863,3.2300000190734863,3.2300000190734863,318,0.0,0.0
2023-11-07 09:30:00-05:00,3.1500000953674316,3.1700000762939453,3.140000104904175,3.140000104904175,1419,0.0,0.0
2023-11-07 10:30:00-05:00,3.4298999309539795,3.4298999309539795,3.4298999309539795,3.4298999309539795,160,0.0,0.0
2023-11-07 12:30:00-05:00,3.200000047683716,3.299299955368042,3.1600000858306885,3.1600000858306885,2641,0.0,0.0
2023-11-07 13:30:00-05:00,3.2149999141693115,3.2149999141693115,3.173099994659424,3.2149999141693115,2081,0.0,0.0
2023-11-07 15:30:00-05:00,3.2999000549316406,3.2999000549316406,3.2750000953674316,3.2799999713897705,325,0.0,0.0
2023-11-08 09:30:00-05:00,3.2200000286102295,3.2200000286102295,3.2200000286102295,3.2200000286102295,0,0.0,0.0
2023-11-08 10:30:00-05:00,3.2149999141693115,3.2149999141693115,3.2149999141693115,3.2149999141693115,213,0.0,0.0
2023-11-08 11:30:00-05:00,3.200000047683716,3.200000047683716,3.200000047683716,3.200000047683716,1343,0.0,0.0
2023-11-08 13:30:00-05:00,3.1500000953674316,3.1500000953674316,3.1500000953674316,3.1500000953674316,200,0.0,0.0
2023-11-08 14:30:00-05:00,3.1500000953674316,3.200000047683716,3.1500000953674316,3.200000047683716,308,0.0,0.0
2023-11-09 09:30:00-05:00,3.200000047683716,3.200000047683716,3.1449999809265137,3.1449999809265137,912,0.0,0.0
2023-11-09 10:30:00-05:00,3.109999895095825,3.109999895095825,3.0999999046325684,3.0999999046325684,1203,0.0,0.0
2023-11-09 11:30:00-05:00,3.0815000534057617,3.162600040435791,3.0815000534057617,3.130000114440918,4581,0.0,0.0
2023-11-09 14:30:00-05:00,3.1700000762939453,3.174999952316284,3.1600000858306885,3.1700000762939453,700,0.0,0.0
2023-11-09 15:30:00-05:00,3.109999895095825,3.1798999309539795,3.059999942779541,3.1798999309539795,0,0.0,0.0
2023-11-10 09:30:00-05:00,3.2054998874664307,3.20989990234375,3.1500000953674316,3.20989990234375,1616,0.0,0.0
2023-11-10 10:30:00-05:00,3.141400098800659,3.141400098800659,3.141400098800659,3.141400098800659,111,0.0,0.0
2023-11-10 12:30:00-05:00,3.2499001026153564,3.2799999713897705,3.240000009536743,3.2799999713897705,7529,0.0,0.0
2023-11-10 13:30:00-05:00,3.2200000286102295,3.2399001121520996,3.180000066757202,3.188199996948242,4320,0.0,0.0
2023-11-10 14:30:00-05:00,3.2200000286102295,3.2200000286102295,3.190000057220459,3.190000057220459,420,0.0,0.0
2023-11-10 15:30:00-05:00,3.180000066757202,3.2399001121520996,3.1791999340057373,3.1800999641418457,24850,0.0,0.0
2023-11-13 09:30:00-05:00,3.2799999713897705,3.2799999713897705,3.2799999713897705,3.2799999713897705,605,0.0,0.0
2023-11-13 11:30:00-05:00,3.0999999046325684,3.0999999046325684,2.9700000286102295,2.984999895095825,9530,0.0,0.0
2023-11-13 12:30:00-05:00,3.0,3.0000998973846436,3.0,3.0,3777,0.0,0.0
2023-11-13 13:30:00-05:00,3.0,3.0,2.9100000858306885,2.940000057220459,4316,0.0,0.0
2023-11-13 14:30:00-05:00,2.9302000999450684,2.948699951171875,2.930000066757202,2.930000066757202,4749,0.0,0.0
2023-11-13 15:30:00-05:00,2.9200000762939453,2.940000057220459,2.910099983215332,2.940000057220459,0,0.0,0.0
2023-11-14 09:30:00-05:00,2.859999895095825,2.930000066757202,2.850100040435791,2.890000104904175,5594,0.0,0.0
2023-11-14 10:30:00-05:00,2.869999885559082,2.890000104904175,2.859999895095825,2.890000104904175,4661,0.0,0.0
2023-11-14 11:30:00-05:00,2.939300060272217,2.939300060272217,2.880000114440918,2.880000114440918,14203,0.0,0.0
2023-11-14 12:30:00-05:00,2.880000114440918,2.894700050354004,2.880000114440918,2.894700050354004,259,0.0,0.0
2023-11-14 13:30:00-05:00,2.884999990463257,2.9149999618530273,2.880000114440918,2.880000114440918,2865,0.0,0.0
2023-11-14 14:30:00-05:00,2.938999891281128,2.938999891281128,2.938999891281128,2.938999891281128,104,0.0,0.0
2023-11-14 15:30:00-05:00,2.9200000762939453,2.9398999214172363,2.9200000762939453,2.9398999214172363,0,0.0,0.0
2023-11-15 09:30:00-05:00,2.9000000953674316,2.900099992752075,2.8299999237060547,2.8798999786376953,5521,0.0,0.0
2023-11-15 10:30:00-05:00,2.894200086593628,2.899899959564209,2.869999885559082,2.899899959564209,1211,0.0,0.0
2023-11-15 11:30:00-05:00,2.8970999717712402,2.8970999717712402,2.893699884414673,2.893699884414673,660,0.0,0.0
2023-11-15 13:30:00-05:00,2.8747000694274902,2.884999990463257,2.8299999237060547,2.869999885559082,4702,0.0,0.0
2023-11-15 15:30:00-05:00,2.890000104904175,2.9000000953674316,2.884999990463257,2.8935999870300293,1611,0.0,0.0
2023-11-16 10:30:00-05:00,2.9000000953674316,2.9000000953674316,2.9000000953674316,2.9000000953674316,1568,0.0,0.0
2023-11-16 11:30:00-05:00,2.895400047302246,2.895400047302246,2.895400047302246,2.895400047302246,608,0.0,0.0
2023-11-16 14:30:00-05:00,2.9000000953674316,2.9000000953674316,2.9000000953674316,2.9000000953674316,0,0.0,0.0
2023-11-17 09:30:00-05:00,2.9200000762939453,2.950000047683716,2.9200000762939453,2.950000047683716,1456,0.0,0.0
2023-11-17 10:30:00-05:00,2.934999942779541,3.0011000633239746,2.930000066757202,3.0011000633239746,4960,0.0,0.0
2023-11-17 12:30:00-05:00,2.95989990234375,2.95989990234375,2.9595000743865967,2.9595000743865967,799,0.0,0.0
2023-11-17 14:30:00-05:00,2.9000000953674316,2.9000000953674316,2.890000104904175,2.9000000953674316,3075,0.0,0.0
2023-11-17 15:30:00-05:00,2.9200000762939453,2.9200000762939453,2.9200000762939453,2.9200000762939453,274,0.0,0.0
2023-11-20 09:30:00-05:00,2.9000000953674316,2.9000000953674316,2.9000000953674316,2.9000000953674316,1813,0.0,0.0
2023-11-20 10:30:00-05:00,2.869999885559082,2.869999885559082,2.8320000171661377,2.8499999046325684,1805,0.0,0.0
2023-11-20 11:30:00-05:00,2.8303000926971436,2.8303000926971436,2.8303000926971436,2.8303000926971436,549,0.0,0.0
2023-11-20 12:30:00-05:00,2.7799999713897705,2.8294999599456787,2.7699999809265137,2.828000068664551,2644,0.0,0.0
2023-11-20 13:30:00-05:00,2.8299999237060547,2.8698999881744385,2.8299999237060547,2.8698999881744385,2243,0.0,0.0
2023-11-20 14:30:00-05:00,2.8350000381469727,2.8698999881744385,2.8350000381469727,2.8598999977111816,1929,0.0,0.0
2023-11-20 15:30:00-05:00,2.859999895095825,2.8921000957489014,2.8299999237060547,2.8921000957489014,500,0.0,0.0
2023-11-21 09:30:00-05:00,2.819999933242798,2.949700117111206,2.819999933242798,2.949700117111206,2635,0.0,0.0
2023-11-21 10:30:00-05:00,2.890000104904175,2.890000104904175,2.869999885559082,2.869999885559082,844,0.0,0.0
2023-11-21 15:30:00-05:00,2.875,2.875,2.859999895095825,2.859999895095825,841,0.0,0.0
2023-11-22 09:30:00-05:00,2.8917999267578125,2.8917999267578125,2.8917999267578125,2.8917999267578125,0,0.0,0.0
2023-11-22 11:30:00-05:00,2.8550000190734863,2.859999895095825,2.8550000190734863,2.859999895095825,3010,0.0,0.0
2023-11-22 12:30:00-05:00,2.859999895095825,2.899899959564209,2.809999942779541,2.8499999046325684,9975,0.0,0.0
2023-11-22 14:30:00-05:00,2.8499999046325684,2.880000114440918,2.8499999046325684,2.869999885559082,3270,0.0,0.0
2023-11-22 15:30:00-05:00,2.869999885559082,2.8705999851226807,2.869999885559082,2.8705999851226807,3569,0.0,0.0
2023-11-24 09:30:00-05:00,2.9000000953674316,2.9000000953674316,2.869999885559082,2.8701000213623047,0,0.0,0.0
2023-11-24 10:30:00-05:00,2.9000000953674316,2.9000000953674316,2.8940000534057617,2.9000000953674316,648,0.0,0.0
2023-11-24 11:30:00-05:00,2.9000000953674316,2.9000000953674316,2.869999885559082,2.880000114440918,4675,0.0,0.0
2023-11-24 12:30:00-05:00,2.8801000118255615,2.8801000118255615,2.8801000118255615,2.8801000118255615,0,0.0,0.0
2023-11-27 09:30:00-05:00,2.9000000953674316,2.9000000953674316,2.880000114440918,2.880000114440918,7949,0.0,0.0
2023-11-27 10:30:00-05:00,2.890000104904175,2.8901000022888184,2.890000104904175,2.8901000022888184,1010,0.0,0.0
2023-11-27 11:30:00-05:00,2.890000104904175,2.890199899673462,2.890000104904175,2.890199899673462,1244,0.0,0.0
2023-11-27 14:30:00-05:00,2.8868000507354736,2.8868000507354736,2.8868000507354736,2.8868000507354736,275,0.0,0.0
2023-11-27 15:30:00-05:00,2.889699935913086,2.890000104904175,2.880000114440918,2.884999990463257,3190,0.0,0.0
2023-11-28 09:30:00-05:00,2.8801000118255615,2.898099899291992,2.859999895095825,2.898099899291992,14853,0.0,0.0
2023-11-28 11:30:00-05:00,2.8889999389648438,2.8889999389648438,2.8889999389648438,2.8889999389648438,178,0.0,0.0
2023-11-28 12:30:00-05:00,2.884999990463257,2.884999990463257,2.884999990463257,2.884999990463257,1628,0.0,0.0
2023-11-28 13:30:00-05:00,2.880000114440918,2.890000104904175,2.860100030899048,2.869999885559082,28459,0.0,0.0
2023-11-28 14:30:00-05:00,2.869999885559082,2.969899892807007,2.869999885559082,2.969899892807007,2336,0.0,0.0
2023-11-28 15:30:00-05:00,2.950000047683716,2.9500999450683594,2.950000047683716,2.9500999450683594,0,0.0,0.0
2023-11-29 09:30:00-05:00,2.930000066757202,2.9591000080108643,2.9000000953674316,2.9591000080108643,11395,0.0,0.0
2023-11-29 10:30:00-05:00,2.936199903488159,2.936199903488159,2.880000114440918,2.880000114440918,1423,0.0,0.0
2023-11-29 11:30:00-05:00,2.890000104904175,2.9100000858306885,2.890000104904175,2.9100000858306885,1588,0.0,0.0
2023-11-29 13:30:00-05:00,2.884999990463257,2.8907999992370605,2.8605000972747803,2.869999885559082,5240,0.0,0.0
2023-11-29 14:30:00-05:00,2.870300054550171,2.870300054550171,2.809999942779541,2.809999942779541,6811,0.0,0.0
2023-11-29 15:30:00-05:00,2.8299999237060547,2.8399999141693115,2.7799999713897705,2.7799999713897705,13200,0.0,0.0
2023-11-30 09:30:00-05:00,2.949899911880493,2.949899911880493,2.9000000953674316,2.9000000953674316,566,0.0,0.0
2023-11-30 10:30:00-05:00,2.799999952316284,2.799999952316284,2.7899999618530273,2.7899999618530273,981,0.0,0.0
2023-11-30 12:30:00-05:00,2.8598999977111816,2.8598999977111816,2.8598999977111816,2.8598999977111816,0,0.0,0.0
2023-12-01 09:30:00-05:00,2.859999895095825,2.859999895095825,2.8201000690460205,2.8598999977111816,2517,0.0,0.0
2023-12-01 11:30:00-05:00,2.850100040435791,2.850100040435791,2.8499999046325684,2.8499999046325684,737,0.0,0.0
2023-12-01 12:30:00-05:00,2.8399999141693115,2.8399999141693115,2.8399999141693115,2.8399999141693115,227,0.0,0.0
2023-12-01 13:30:00-05:00,2.825000047683716,2.84879994392395,2.825000047683716,2.84879994392395,5531,0.0,0.0
2023-12-01 14:30:00-05:00,2.8299999237060547,2.8399999141693115,2.799999952316284,2.8099000453948975,3633,0.0,0.0
2023-12-01 15:30:00-05:00,2.808000087738037,2.809999942779541,2.799999952316284,2.799999952316284,892,0.0,0.0
2023-12-04 09:30:00-05:00,2.809999942779541,2.9000000953674316,2.809999942779541,2.9000000953674316,8024,0.0,0.0
2023-12-04 10:30:00-05:00,2.859999895095825,2.859999895095825,2.8101000785827637,2.8101000785827637,6630,0.0,0.0
2023-12-04 11:30:00-05:00,2.8508999347686768,2.890000104904175,2.8301000595092773,2.8838000297546387,1322,0.0,0.0
2023-12-04 13:30:00-05:00,2.859999895095825,2.8886001110076904,2.8499999046325684,2.859999895095825,10323,0.0,0.0
2023-12-04 14:30:00-05:00,2.8399999141693115,2.8698999881744385,2.8399999141693115,2.8399999141693115,2307,0.0,0.0
2023-12-04 15:30:00-05:00,2.869999885559082,2.869999885559082,2.8299999237060547,2.8635001182556152,0,0.0,0.0
2023-12-05 14:30:00-05:00,2.8580000400543213,2.8580000400543213,2.8580000400543213,2.8580000400543213,479,0.0,0.0
2023-12-05 15:30:00-05:00,2.852299928665161,2.852299928665161,2.8499999046325684,2.8499999046325684,2268,0.0,0.0
2023-12-06 09:30:00-05:00,2.8499999046325684,2.8499999046325684,2.8499999046325684,2.8499999046325684,211,0.0,0.0
2023-12-06 11:30:00-05:00,2.8399999141693115,2.8399999141693115,2.8299999237060547,2.8299999237060547,536,0.0,0.0
2023-12-06 13:30:00-05:00,2.8343000411987305,2.839200019836426,2.819999933242798,2.837899923324585,4577,0.0,0.0
2023-12-06 14:30:00-05:00,2.8236000537872314,2.837899923324585,2.819999933242798,2.837899923324585,1328,0.0,0.0
2023-12-06 15:30:00-05:00,2.825000047683716,2.825000047683716,2.819999933242798,2.822200059890747,0,0.0,0.0
2023-12-07 09:30:00-05:00,2.839900016784668,2.839900016784668,2.839900016784668,2.839900016784668,175,0.0,0.0
2023-12-07 11:30:00-05:00,2.839900016784668,2.839900016784668,2.839900016784668,2.839900016784668,200,0.0,0.0
2023-12-07 12:30:00-05:00,2.819999933242798,2.8380000591278076,2.819999933242798,2.8380000591278076,1004,0.0,0.0
2023-12-07 13:30:00-05:00,2.819999933242798,2.819999933242798,2.819999933242798,2.819999933242798,3864,0.0,0.0
2023-12-07 14:30:00-05:00,2.809999942779541,2.8292999267578125,2.802000045776367,2.8292999267578125,837,0.0,0.0
2023-12-07 15:30:00-05:00,2.825000047683716,2.837399959564209,2.825000047683716,2.837399959564209,0,0.0,0.0
2023-12-08 09:30:00-05:00,2.799999952316284,2.829900026321411,2.799999952316284,2.8057000637054443,6853,0.0,0.0
2023-12-08 10:30:00-05:00,2.8199000358581543,2.8199000358581543,2.8199000358581543,2.8199000358581543,1123,0.0,0.0
2023-12-08 11:30:00-05:00,2.819999933242798,2.8798999786376953,2.819999933242798,2.859999895095825,5044,0.0,0.0
2023-12-08 12:30:00-05:00,2.890000104904175,2.890000104904175,2.819999933242798,2.8201000690460205,6233,0.0,0.0
2023-12-08 13:30:00-05:00,2.8450000286102295,2.934999942779541,2.8450000286102295,2.9000000953674316,22729,0.0,0.0
2023-12-08 14:30:00-05:00,2.8598999977111816,2.9005000591278076,2.8598999977111816,2.890000104904175,5296,0.0,0.0
2023-12-08 15:30:00-05:00,2.880000114440918,2.909899950027466,2.880000114440918,2.909899950027466,1016,0.0,0.0
2023-12-11 09:30:00-05:00,2.859999895095825,2.9000000953674316,2.840100049972534,2.840100049972534,0,0.0,0.0
2023-12-11 10:30:00-05:00,2.829900026321411,2.8299999237060547,2.819999933242798,2.819999933242798,2171,0.0,0.0
2023-12-11 11:30:00-05:00,2.8299999237060547,2.8650999069213867,2.8299999237060547,2.8650999069213867,527,0.0,0.0
2023-12-11 12:30:00-05:00,2.830199956893921,2.830199956893921,2.830199956893921,2.830199956893921,502,0.0,0.0
2023-12-11 13:30:00-05:00,2.8698999881744385,2.8698999881744385,2.8499999046325684,2.8499999046325684,3655,0.0,0.0
2023-12-11 15:30:00-05:00,2.8580000400543213,2.859999895095825,2.8580000400543213,2.859999895095825,0,0.0,0.0
2023-12-12 09:30:00-05:00,2.809999942779541,2.948699951171875,2.809999942779541,2.890000104904175,8841,0.0,0.0
2023-12-12 10:30:00-05:00,2.890000104904175,2.890000104904175,2.890000104904175,2.890000104904175,4512,0.0,0.0
2023-12-12 11:30:00-05:00,2.9305999279022217,2.934499979019165,2.9110000133514404,2.9110000133514404,1014,0.0,0.0
2023-12-12 12:30:00-05:00,2.9200000762939453,2.92330002784729,2.910099983215332,2.910099983215332,1732,0.0,0.0
2023-12-12 13:30:00-05:00,2.9100000858306885,2.9100000858306885,2.901599884033203,2.901599884033203,266,0.0,0.0
2023-12-12 14:30:00-05:00,2.9200000762939453,2.9200000762939453,2.9200000762939453,2.9200000762939453,273,0.0,0.0
2023-12-12 15:30:00-05:00,2.9000000953674316,2.9200000762939453,2.9000000953674316,2.9200000762939453,1320,0.0,0.0
2023-12-13 09:30:00-05:00,2.8399999141693115,2.9351999759674072,2.8399999141693115,2.9100000858306885,2101,0.0,0.0
2023-12-13 10:30:00-05:00,2.889899969100952,2.890000104904175,2.880000114440918,2.881999969482422,1284,0.0,0.0
2023-12-13 12:30:00-05:00,2.8901000022888184,2.9049999713897705,2.8898000717163086,2.8898000717163086,2923,0.0,0.0
2023-12-13 14:30:00-05:00,2.880000114440918,2.880000114440918,2.8691999912261963,2.869999885559082,3558,0.0,0.0
2023-12-13 15:30:00-05:00,2.869999885559082,2.889899969100952,2.869999885559082,2.889899969100952,742,0.0,0.0
2023-12-14 09:30:00-05:00,2.9000000953674316,2.9093000888824463,2.9000000953674316,2.9093000888824463,2832,0.0,0.0
2023-12-14 10:30:00-05:00,2.9100000858306885,3.079900026321411,2.9098000526428223,3.0399999618530273,21570,0.0,0.0
2023-12-14 11:30:00-05:00,3.0399999618530273,3.069999933242798,3.0,3.0000998973846436,7563,0.0,0.0
2023-12-14 13:30:00-05:00,3.0299999713897705,3.0299999713897705,3.0299999713897705,3.0299999713897705,1040,0.0,0.0
2023-12-14 14:30:00-05:00,2.995500087738037,3.0199999809265137,2.995500087738037,3.0199999809265137,0,0.0,0.0
2023-12-15 09:30:00-05:00,3.0199999809265137,3.072700023651123,3.0199999809265137,3.0199999809265137,6034,0.0,0.0
2023-12-15 12:30:00-05:00,2.9700000286102295,2.990000009536743,2.9700000286102295,2.990000009536743,525,0.0,0.0
2023-12-15 13:30:00-05:00,2.9749999046325684,2.9749999046325684,2.9700000286102295,2.9700000286102295,302,0.0,0.0
2023-12-15 14:30:00-05:00,2.9700000286102295,3.039900064468384,2.9700000286102295,3.039900064468384,1210,0.0,0.0
2023-12-15 15:30:00-05:00,3.0380001068115234,3.0799999237060547,3.0380001068115234,3.069999933242798,2543,0.0,0.0
2023-12-18 09:30:00-05:00,3.0899999141693115,3.151599884033203,3.059999942779541,3.151599884033203,2969,0.0,0.0
2023-12-18 10:30:00-05:00,3.0936999320983887,3.109600067138672,3.0899999141693115,3.109600067138672,5389,0.0,0.0
2023-12-18 12:30:00-05:00,3.0999999046325684,3.0999999046325684,3.0899999141693115,3.0899999141693115,221,0.0,0.0
2023-12-18 13:30:00-05:00,3.0899999141693115,3.1098999977111816,3.049999952316284,3.059999942779541,26239,0.0,0.0
2023-12-18 14:30:00-05:00,3.0457000732421875,3.049999952316284,3.0,3.0,3377,0.0,0.0
2023-12-18 15:30:00-05:00,2.99399995803833,2.99399995803833,2.9600000381469727,2.9600000381469727,817,0.0,0.0
2023-12-19 09:30:00-05:00,2.950000047683716,3.1798999309539795,2.950000047683716,3.1298999786376953,2426,0.0,0.0
2023-12-19 10:30:00-05:00,3.0799999237060547,3.0799999237060547,3.069999933242798,3.0799999237060547,3705,0.0,0.0
2023-12-19 11:30:00-05:00,3.069999933242798,3.079900026321411,3.0399999618530273,3.069999933242798,11149,0.0,0.0
2023-12-19 12:30:00-05:00,3.059999942779541,3.059999942779541,3.0199999809265137,3.0199999809265137,3995,0.0,0.0
2023-12-19 14:30:00-05:00,3.0399999618530273,3.0399999618530273,3.0399999618530273,3.0399999618530273,283,0.0,0.0
2023-12-19 15:30:00-05:00,3.0399999618530273,3.0399999618530273,3.0399999618530273,3.0399999618530273,0,0.0,0.0
2023-12-20 09:30:00-05:00,3.119999885559082,3.1798999309539795,3.0899999141693115,3.090100049972534,10836,0.0,0.0
2023-12-20 10:30:00-05:00,3.0815000534057617,3.089900016784668,3.0799999237060547,3.0799999237060547,5885,0.0,0.0
2023-12-20 11:30:00-05:00,3.0799999237060547,3.0799999237060547,3.069999933242798,3.0799999237060547,7145,0.0,0.0
2023-12-20 14:30:00-05:00,3.065200090408325,3.0676000118255615,3.065200090408325,3.0676000118255615,820,0.0,0.0
2023-12-20 15:30:00-05:00,3.0799999237060547,3.0799999237060547,3.0799999237060547,3.0799999237060547,332,0.0,0.0
2023-12-21 09:30:00-05:00,3.069999933242798,3.200000047683716,3.069999933242798,3.130000114440918,4530,0.0,0.0
2023-12-21 10:30:00-05:00,3.130000114440918,3.1301000118255615,3.130000114440918,3.130000114440918,1716,0.0,0.0
2023-12-21 11:30:00-05:00,3.1600000858306885,3.180000066757202,3.1600000858306885,3.180000066757202,1539,0.0,0.0
2023-12-21 12:30:00-05:00,3.121999979019165,3.1500000953674316,3.119999885559082,3.1500000953674316,3939,0.0,0.0
2023-12-21 13:30:00-05:00,3.134999990463257,3.134999990463257,3.130000114440918,3.134200096130371,1066,0.0,0.0
2023-12-21 14:30:00-05:00,3.130000114440918,3.130000114440918,3.0899999141693115,3.109999895095825,16087,0.0,0.0
2023-12-21 15:30:00-05:00,3.110100030899048,3.119999885559082,3.0899999141693115,3.119999885559082,0,0.0,0.0
2023-12-22 09:30:00-05:00,3.0703999996185303,3.109999895095825,3.069999933242798,3.069999933242798,4677,0.0,0.0
2023-12-22 10:30:00-05:00,3.0999999046325684,3.0999999046325684,3.069999933242798,3.0899999141693115,2494,0.0,0.0
2023-12-22 11:30:00-05:00,3.099900007247925,3.099900007247925,3.099900007247925,3.099900007247925,1290,0.0,0.0
2023-12-22 12:30:00-05:00,3.0999999046325684,3.0999999046325684,3.080199956893921,3.0999999046325684,2373,0.0,0.0
2023-12-22 13:30:00-05:00,3.109999895095825,3.109999895095825,3.0999999046325684,3.100100040435791,1502,0.0,0.0
2023-12-22 14:30:00-05:00,3.0799999237060547,3.0899999141693115,3.0799999237060547,3.0799999237060547,976,0.0,0.0
2023-12-22 15:30:00-05:00,3.0799999237060547,3.0899999141693115,3.0799999237060547,3.089900016784668,2703,0.0,0.0
2023-12-26 09:30:00-05:00,3.069999933242798,3.0950000286102295,3.069999933242798,3.0950000286102295,2286,0.0,0.0
2023-12-26 12:30:00-05:00,3.0999999046325684,3.0999999046325684,3.0999999046325684,3.0999999046325684,645,0.0,0.0
2023-12-26 13:30:00-05:00,3.0899999141693115,3.0924999713897705,3.069999933242798,3.069999933242798,2536,0.0,0.0
2023-12-26 14:30:00-05:00,3.0899999141693115,3.0899999141693115,3.0899999141693115,3.0899999141693115,210,0.0,0.0
2023-12-26 15:30:00-05:00,3.0899999141693115,3.090100049972534,3.0899999141693115,3.090100049972534,0,0.0,0.0
2023-12-27 09:30:00-05:00,3.069999933242798,3.069999933242798,3.069999933242798,3.069999933242798,335,0.0,0.0
2023-12-27 10:30:00-05:00,3.0999999046325684,3.0999999046325684,3.0859999656677246,3.0899999141693115,853,0.0,0.0
2023-12-27 11:30:00-05:00,3.069999933242798,3.078200101852417,3.069999933242798,3.075000047683716,2720,0.0,0.0
2023-12-27 12:30:00-05:00,3.069999933242798,3.0701000690460205,3.069999933242798,3.069999933242798,674,0.0,0.0
2023-12-27 13:30:00-05:00,3.069999933242798,3.069999933242798,3.0399999618530273,3.0399999618530273,5350,0.0,0.0
2023-12-27 14:30:00-05:00,3.0399999618530273,3.0399999618530273,3.0,3.009999990463257,22424,0.0,0.0
2023-12-27 15:30:00-05:00,3.0299999713897705,3.049999952316284,3.0299999713897705,3.0499000549316406,0,0.0,0.0
2023-12-28 09:30:00-05:00,3.099900007247925,3.099900007247925,3.0,3.089900016784668,4670,0.0,0.0
2023-12-28 10:30:00-05:00,3.059999942779541,3.059999942779541,3.0450000762939453,3.0450000762939453,803,0.0,0.0
2023-12-28 11:30:00-05:00,3.062299966812134,3.062299966812134,3.0299999713897705,3.0399999618530273,5951,0.0,0.0
2023-12-28 12:30:00-05:00,3.049999952316284,3.059999942779541,3.049999952316284,3.059999942779541,941,0.0,0.0
2023-12-28 14:30:00-05:00,3.0664000511169434,3.0664000511169434,3.049999952316284,3.049999952316284,661,0.0,0.0
2023-12-28 15:30:00-05:00,3.055000066757202,3.055000066757202,3.055000066757202,3.055000066757202,0,0.0,0.0
2023-12-29 09:30:00-05:00,3.049999952316284,3.099900007247925,3.049999952316284,3.0801000595092773,1011,0.0,0.0
2023-12-29 11:30:00-05:00,3.0799999237060547,3.0799999237060547,3.0799999237060547,3.0799999237060547,104,0.0,0.0
2023-12-29 12:30:00-05:00,3.078200101852417,3.078200101852417,3.069999933242798,3.0701000690460205,768,0.0,0.0
2023-12-29 13:30:00-05:00,3.059999942779541,3.059999942779541,3.0299999713897705,3.0599000453948975,5535,0.0,0.0
2023-12-29 14:30:00-05:00,3.0599000453948975,3.075000047683716,3.0527000427246094,3.075000047683716,1110,0.0,0.0
2023-12-29 15:30:00-05:00,3.099900007247925,3.119999885559082,3.075000047683716,3.114500045776367,15609,0.0,0.0
2024-01-02 09:30:00-05:00,3.1600000858306885,3.1884000301361084,3.0999999046325684,3.140000104904175,1701,0.0,0.0
2024-01-02 10:30:00-05:00,3.1619999408721924,3.1628000736236572,3.155400037765503,3.155400037765503,2731,0.0,0.0
2024-01-02 11:30:00-05:00,3.1600000858306885,3.1700000762939453,3.1600000858306885,3.1700000762939453,5192,0.0,0.0
2024-01-02 14:30:00-05:00,3.168600082397461,3.168600082397461,3.168600082397461,3.168600082397461,122,0.0,0.0
2024-01-03 09:30:00-05:00,3.1500000953674316,3.1547999382019043,3.1500000953674316,3.1547999382019043,0,0.0,0.0
2024-01-03 11:30:00-05:00,3.1898999214172363,3.1898999214172363,3.1898999214172363,3.1898999214172363,169,0.0,0.0
2024-01-03 12:30:00-05:00,3.1700000762939453,3.1700000762939453,3.1500000953674316,3.1500000953674316,373,0.0,0.0
2024-01-03 13:30:00-05:00,3.1503000259399414,3.1503000259399414,3.1503000259399414,3.1503000259399414,202,0.0,0.0
2024-01-03 14:30:00-05:00,3.1700000762939453,3.190000057220459,3.1700000762939453,3.1700000762939453,472,0.0,0.0
2024-01-03 15:30:00-05:00,3.1519999504089355,3.1600000858306885,3.1500000953674316,3.1549999713897705,985,0.0,0.0
2024-01-04 09:30:00-05:00,3.1500000953674316,3.1500000953674316,3.1500000953674316,3.1500000953674316,543,0.0,0.0
2024-01-04 10:30:00-05:00,3.1500000953674316,3.159899950027466,3.009999990463257,3.159899950027466,7383,0.0,0.0
2024-01-04 11:30:00-05:00,3.134999990463257,3.140000104904175,3.0999999046325684,3.115000009536743,5723,0.0,0.0
2024-01-04 12:30:00-05:00,3.130000114440918,3.130000114440918,3.130000114440918,3.130000114440918,146,0.0,0.0
2024-01-04 15:30:00-05:00,3.1198999881744385,3.139899969100952,3.0999999046325684,3.139899969100952,2855,0.0,0.0
2024-01-05 09:30:00-05:00,3.1600000858306885,3.1700000762939453,3.1373000144958496,3.1373000144958496,2269,0.0,0.0
2024-01-05 10:30:00-05:00,3.1698999404907227,3.1798999309539795,3.1698999404907227,3.1798999309539795,339,0.0,0.0
2024-01-05 15:30:00-05:00,3.149899959564209,3.149899959564209,3.149899959564209,3.149899959564209,237,0.0,0.0
2024-01-08 09:30:00-05:00,3.180000066757202,3.180000066757202,3.160599946975708,3.160599946975708,0,0.0,0.0
2024-01-08 10:30:00-05:00,3.1700000762939453,3.1800999641418457,3.1700000762939453,3.1800999641418457,796,0.0,0.0
2024-01-08 11:30:00-05:00,3.1700000762939453,3.170099973678589,3.1700000762939453,3.170099973678589,407,0.0,0.0
2024-01-08 12:30:00-05:00,3.1700000762939453,3.1700000762939453,3.1254000663757324,3.1254000663757324,783,0.0,0.0
2024-01-08 13:30:00-05:00,3.149899959564209,3.149899959564209,3.1449999809265137,3.1449999809265137,0,0.0,0.0
2024-01-09 09:30:00-05:00,3.1454999446868896,3.1744000911712646,3.1454999446868896,3.1700000762939453,2480,0.0,0.0
2024-01-09 10:30:00-05:00,3.157099962234497,3.157099962234497,3.157099962234497,3.157099962234497,1202,0.0,0.0
2024-01-09 11:30:00-05:00,3.1500000953674316,3.1500000953674316,3.1500000953674316,3.1500000953674316,250,0.0,0.0
2024-01-09 12:30:00-05:00,3.1500000953674316,3.1500000953674316,3.140000104904175,3.140000104904175,941,0.0,0.0
2024-01-09 13:30:00-05:00,3.0999999046325684,3.0999999046325684,3.0999999046325684,3.0999999046325684,179,0.0,0.0
2024-01-09 14:30:00-05:00,3.109999895095825,3.130000114440918,3.1098999977111816,3.130000114440918,302,0.0,0.0
2024-01-10 09:30:00-05:00,3.0799999237060547,3.0799999237060547,3.0799999237060547,3.0799999237060547,0,0.0,0.0
2024-01-10 10:30:00-05:00,3.0850000381469727,3.1026999950408936,3.0850000381469727,3.1026999950408936,719,0.0,0.0
2024-01-10 11:30:00-05:00,3.109999895095825,3.109999895095825,3.0996999740600586,3.0996999740600586,1321,0.0,0.0
2024-01-10 12:30:00-05:00,3.1098999977111816,3.119999885559082,3.1098999977111816,3.109999895095825,1873,0.0,0.0
2024-01-10 13:30:00-05:00,3.095400094985962,3.095400094985962,3.0899999141693115,3.0899999141693115,1729,0.0,0.0
2024-01-10 15:30:00-05:00,3.1113998889923096,3.1113998889923096,3.1113998889923096,3.1113998889923096,0,0.0,0.0
2024-01-11 09:30:00-05:00,3.0797998905181885,3.0797998905181885,3.0209999084472656,3.0209999084472656,5662,0.0,0.0
2024-01-11 10:30:00-05:00,3.0399999618530273,3.0399999618530273,3.000999927520752,3.000999927520752,336,0.0,0.0
2024-01-11 11:30:00-05:00,3.029900074005127,3.029900074005127,3.000999927520752,3.029900074005127,1833,0.0,0.0
2024-01-11 13:30:00-05:00,3.0201001167297363,3.0201001167297363,3.0201001167297363,3.0201001167297363,550,0.0,0.0
2024-01-11 14:30:00-05:00,3.0209999084472656,3.0209999084472656,3.0199999809265137,3.0199999809265137,852,0.0,0.0
2024-01-11 15:30:00-05:00,3.0199999809265137,3.0199999809265137,3.0199999809265137,3.0199999809265137,0,0.0,0.0
2024-01-12 10:30:00-05:00,3.0399999618530273,3.0499000549316406,3.0,3.0499000549316406,1473,0.0,0.0
2024-01-12 11:30:00-05:00,3.049799919128418,3.049799919128418,3.0487000942230225,3.0487000942230225,3228,0.0,0.0
2024-01-12 12:30:00-05:00,3.049999952316284,3.049999952316284,3.049999952316284,3.049999952316284,141,0.0,0.0
2024-01-12 14:30:00-05:00,3.0399999618530273,3.0399999618530273,3.0399999618530273,3.0399999618530273,153,0.0,0.0
2024-01-12 15:30:00-05:00,3.0299999713897705,3.0299999713897705,3.0099000930786133,3.0099000930786133,423,0.0,0.0
2024-01-16 09:30:00-05:00,3.002000093460083,3.0250000953674316,3.0,3.0250000953674316,625,0.0,0.0
2024-01-16 10:30:00-05:00,3.0,3.005000114440918,3.0,3.0,1415,0.0,0.0
2024-01-16 11:30:00-05:00,3.0,3.0099000930786133,3.0,3.0099000930786133,2129,0.0,0.0
2024-01-16 12:30:00-05:00,3.0,3.0,2.9749999046325684,2.9749999046325684,1681,0.0,0.0
2024-01-16 13:30:00-05:00,2.969899892807007,2.9700000286102295,2.9600000381469727,2.9600000381469727,1881,0.0,0.0
2024-01-16 14:30:00-05:00,2.969899892807007,2.969899892807007,2.969099998474121,2.969099998474121,503,0.0,0.0
2024-01-16 15:30:00-05:00,2.9649999141693115,2.9700000286102295,2.9600000381469727,2.9600000381469727,0,0.0,0.0
2024-01-17 09:30:00-05:00,3.0499000549316406,3.0499000549316406,3.0499000549316406,3.0499000549316406,100,0.0,0.0
2024-01-17 10:30:00-05:00,3.004699945449829,3.0099000930786133,2.9600000381469727,3.0099000930786133,407,0.0,0.0
2024-01-17 12:30:00-05:00,2.9707999229431152,2.9707999229431152,2.9600000381469727,2.9600000381469727,3257,0.0,0.0
2024-01-17 13:30:00-05:00,2.9600000381469727,2.9700000286102295,2.920799970626831,2.9600000381469727,3317,0.0,0.0
2024-01-17 14:30:00-05:00,2.9600000381469727,2.9600000381469727,2.950000047683716,2.958899974822998,2275,0.0,0.0
2024-01-17 15:30:00-05:00,2.950000047683716,2.950000047683716,2.950000047683716,2.950000047683716,0,0.0,0.0
2024-01-18 10:30:00-05:00,3.0399999618530273,3.04010009765625,3.0399999618530273,3.0399999618530273,1033,0.0,0.0
2024-01-18 11:30:00-05:00,2.9800000190734863,2.9800000190734863,2.9800000190734863,2.9800000190734863,102,0.0,0.0
2024-01-18 12:30:00-05:00,2.930000066757202,2.9600000381469727,2.930000066757202,2.9600000381469727,755,0.0,0.0
2024-01-18 15:30:00-05:00,2.9600000381469727,2.9600000381469727,2.950000047683716,2.950000047683716,0,0.0,0.0
2024-01-19 09:30:00-05:00,2.9999001026153564,2.9999001026153564,2.9999001026153564,2.9999001026153564,260,0.0,0.0
2024-01-19 10:30:00-05:00,2.952500104904175,2.9600000381469727,2.9200000762939453,2.9200000762939453,8811,0.0,0.0
2024-01-19 11:30:00-05:00,2.9600000381469727,2.9600000381469727,2.930000066757202,2.930000066757202,7998,0.0,0.0
2024-01-19 12:30:00-05:00,2.9200000762939453,2.9200000762939453,2.9200000762939453,2.9200000762939453,196,0.0,0.0
2024-01-19 13:30:00-05:00,2.9398999214172363,2.940000057220459,2.930000066757202,2.930000066757202,648,0.0,0.0
2024-01-19 14:30:00-05:00,2.950000047683716,2.9600000381469727,2.950000047683716,2.9600000381469727,533,0.0,0.0
2024-01-22 09:30:00-05:00,2.990000009536743,2.990000009536743,2.990000009536743,2.990000009536743,0,0.0,0.0
2024-01-22 10:30:00-05:00,2.9881999492645264,2.9881999492645264,2.9881999492645264,2.9881999492645264,470,0.0,0.0
2024-01-22 14:30:00-05:00,2.9816999435424805,2.9816999435424805,2.9800000190734863,2.98009991645813,1167,0.0,0.0
2024-01-22 15:30:00-05:00,2.984999895095825,2.984999895095825,2.984999895095825,2.984999895095825,208,0.0,0.0
2024-01-23 09:30:00-05:00,2.990000009536743,2.990000009536743,2.990000009536743,2.990000009536743,0,0.0,0.0
2024-01-23 10:30:00-05:00,2.998800039291382,2.998800039291382,2.998800039291382,2.998800039291382,0,0.0,0.0
2024-01-23 11:30:00-05:00,2.999000072479248,3.001199960708618,2.990000009536743,2.994999885559082,8367,0.0,0.0
2024-01-23 12:30:00-05:00,2.9800000190734863,2.9800000190734863,2.9800000190734863,2.9800000190734863,3331,0.0,0.0
2024-01-23 14:30:00-05:00,2.9800000190734863,2.9800000190734863,2.9749999046325684,2.9749999046325684,684,0.0,0.0
2024-01-24 09:30:00-05:00,2.990000009536743,3.009999990463257,2.9700000286102295,3.009999990463257,16536,0.0,0.0
2024-01-24 10:30:00-05:00,3.009399890899658,3.009399890899658,2.990000009536743,2.990000009536743,720,0.0,0.0
2024-01-24 13:30:00-05:00,2.970099925994873,2.970099925994873,2.970099925994873,2.970099925994873,201,0.0,0.0
2024-01-24 14:30:00-05:00,2.990000009536743,2.990000009536743,2.990000009536743,2.990000009536743,101,0.0,0.0
2024-01-24 15:30:00-05:00,2.9999001026153564,2.9999001026153564,2.9999001026153564,2.9999001026153564,111,0.0,0.0
2024-01-25 09:30:00-05:00,3.009999990463257,3.009999990463257,3.0,3.0,0,0.0,0.0
2024-01-25 10:30:00-05:00,3.0,3.0,2.984600067138672,2.984600067138672,3533,0.0,0.0
2024-01-25 12:30:00-05:00,2.9800000190734863,2.9800000190734863,2.9800000190734863,2.9800000190734863,102,0.0,0.0
2024-01-25 14:30:00-05:00,3.0,3.0,3.0,3.0,100,0.0,0.0
2024-01-25 15:30:00-05:00,2.990000009536743,3.0,2.990000009536743,3.0,0,0.0,0.0
2024-01-26 09:30:00-05:00,3.0,3.0,3.0,3.0,3009,0.0,0.0
2024-01-26 10:30:00-05:00,3.009999990463257,3.009999990463257,2.990000009536743,3.0,954,0.0,0.0
2024-01-26 11:30:00-05:00,3.0,3.0,2.990000009536743,3.0,1136,0.0,0.0
2024-01-26 13:30:00-05:00,2.9800000190734863,3.0,2.9800000190734863,3.0,6527,0.0,0.0
2024-01-26 14:30:00-05:00,2.990000009536743,3.055000066757202,2.990000009536743,3.055000066757202,11312,0.0,0.0
2024-01-26 15:30:00-05:00,3.055000066757202,3.0592000484466553,3.0399999618530273,3.0399999618530273,5851,0.0,0.0
2024-01-29 09:30:00-05:00,2.9727001190185547,3.089900016784668,2.9727001190185547,3.0299999713897705,0,0.0,0.0
2024-01-29 10:30:00-05:00,3.0399999618530273,3.0399999618530273,3.0299999713897705,3.0299999713897705,372,0.0,0.0
2024-01-29 11:30:00-05:00,3.0199999809265137,3.0199999809265137,3.0199999809265137,3.0199999809265137,115,0.0,0.0
2024-01-29 12:30:00-05:00,3.0213000774383545,3.0213000774383545,3.0213000774383545,3.0213000774383545,300,0.0,0.0
2024-01-29 14:30:00-05:00,3.0,3.0199999809265137,3.0,3.0199999809265137,1167,0.0,0.0
2024-01-29 15:30:00-05:00,3.0,3.009999990463257,3.0,3.0,0,0.0,0.0
2024-01-30 09:30:00-05:00,2.9700000286102295,3.089900016784668,2.9649999141693115,3.089900016784668,13055,0.0,0.0
2024-01-30 10:30:00-05:00,3.0299999713897705,3.0299999713897705,2.97189998626709,2.97189998626709,1640,0.0,0.0
2024-01-30 11:30:00-05:00,3.0599000453948975,3.0599000453948975,2.990000009536743,3.0,1631,0.0,0.0
2024-01-30 13:30:00-05:00,3.0250000953674316,3.0250000953674316,3.0250000953674316,3.0250000953674316,836,0.0,0.0
2024-01-30 14:30:00-05:00,3.0453999042510986,3.0453999042510986,3.0453999042510986,3.0453999042510986,0,0.0,0.0
2024-01-31 09:30:00-05:00,2.9600000381469727,3.079900026321411,2.9600000381469727,3.055000066757202,5696,0.0,0.0
2024-01-31 10:30:00-05:00,3.059999942779541,3.079900026321411,3.059999942779541,3.069999933242798,1403,0.0,0.0
2024-01-31 11:30:00-05:00,3.0799999237060547,3.0799999237060547,3.0799999237060547,3.0799999237060547,584,0.0,0.0
2024-01-31 14:30:00-05:00,3.0850000381469727,3.0850000381469727,3.0850000381469727,3.0850000381469727,297,0.0,0.0
2024-01-31 15:30:00-05:00,3.0899999141693115,3.0899999141693115,3.059999942779541,3.089900016784668,755,0.0,0.0
2024-02-01 09:30:00-05:00,3.049999952316284,3.069999933242798,3.0399999618530273,3.059999942779541,4685,0.0,0.0
2024-02-01 11:30:00-05:00,3.059799909591675,3.099900007247925,3.059799909591675,3.075700044631958,2527,0.0,0.0
2024-02-01 13:30:00-05:00,3.049999952316284,3.099299907684326,3.049999952316284,3.099299907684326,1333,0.0,0.0
2024-02-01 15:30:00-05:00,3.075000047683716,3.099900007247925,3.0739998817443848,3.099900007247925,0,0.0,0.0
2024-02-02 09:30:00-05:00,3.075000047683716,3.115000009536743,3.075000047683716,3.115000009536743,8802,0.0,0.0
2024-02-02 10:30:00-05:00,3.127000093460083,3.130000114440918,3.127000093460083,3.130000114440918,1164,0.0,0.0
2024-02-02 12:30:00-05:00,3.109999895095825,3.109999895095825,3.109999895095825,3.109999895095825,101,0.0,0.0
2024-02-02 13:30:00-05:00,3.109999895095825,3.109999895095825,3.1006999015808105,3.109999895095825,1464,0.0,0.0
2024-02-02 14:30:00-05:00,3.119999885559082,3.119999885559082,3.119999885559082,3.119999885559082,105,0.0,0.0
2024-02-02 15:30:00-05:00,3.100100040435791,3.115000009536743,3.100100040435791,3.109999895095825,736,0.0,0.0
2024-02-05 09:30:00-05:00,3.119999885559082,3.119999885559082,3.090100049972534,3.119999885559082,5637,0.0,0.0
2024-02-05 10:30:00-05:00,3.1201000213623047,3.1500000953674316,3.1201000213623047,3.1500000953674316,1511,0.0,0.0
2024-02-05 12:30:00-05:00,3.135999917984009,3.2279999256134033,3.135999917984009,3.1946001052856445,18941,0.0,0.0
2024-02-05 13:30:00-05:00,3.1960999965667725,3.1960999965667725,3.150099992752075,3.150099992752075,973,0.0,0.0
2024-02-05 14:30:00-05:00,3.1700000762939453,3.1700000762939453,3.1698999404907227,3.1698999404907227,0,0.0,0.0
2024-02-06 09:30:00-05:00,3.1303000450134277,3.180000066757202,3.1303000450134277,3.1731998920440674,1725,0.0,0.0
2024-02-06 10:30:00-05:00,3.1705000400543213,3.180000066757202,3.1705000400543213,3.180000066757202,820,0.0,0.0
2024-02-06 11:30:00-05:00,3.180000066757202,3.200000047683716,3.179500102996826,3.179500102996826,2215,0.0,0.0
2024-02-06 12:30:00-05:00,3.180000066757202,3.180000066757202,3.1798999309539795,3.1798999309539795,2417,0.0,0.0
2024-02-06 13:30:00-05:00,3.180000066757202,3.180000066757202,3.180000066757202,3.180000066757202,302,0.0,0.0
2024-02-06 14:30:00-05:00,3.1798999309539795,3.1798999309539795,3.1798999309539795,3.1798999309539795,101,0.0,0.0
2024-02-06 15:30:00-05:00,3.180000066757202,3.199899911880493,3.1798999309539795,3.199899911880493,1224,0.0,0.0
2024-02-07 09:30:00-05:00,3.0899999141693115,3.190000057220459,3.0899999141693115,3.116499900817871,3602,0.0,0.0
2024-02-07 12:30:00-05:00,3.1270999908447266,3.130000114440918,3.109999895095825,3.119999885559082,26586,0.0,0.0
2024-02-07 13:30:00-05:00,3.109999895095825,3.119999885559082,3.109999895095825,3.119999885559082,969,0.0,0.0
2024-02-07 14:30:00-05:00,3.119999885559082,3.119999885559082,3.109999895095825,3.109999895095825,665,0.0,0.0
2024-02-07 15:30:00-05:00,3.1068999767303467,3.1068999767303467,3.0299999713897705,3.059999942779541,0,0.0,0.0
2024-02-08 09:30:00-05:00,3.2200000286102295,3.2200000286102295,3.2200000286102295,3.2200000286102295,497,0.0,0.0
2024-02-08 10:30:00-05:00,3.0850000381469727,3.1301000118255615,3.0,3.101599931716919,7573,0.0,0.0
2024-02-08 12:30:00-05:00,3.119999885559082,3.119999885559082,3.1198999881744385,3.1198999881744385,885,0.0,0.0
2024-02-08 13:30:00-05:00,3.1138999462127686,3.1382999420166016,3.109999895095825,3.109999895095825,1195,0.0,0.0
2024-02-08 14:30:00-05:00,3.125,3.125,3.125,3.125,2602,0.0,0.0
2024-02-09 09:30:00-05:00,3.109999895095825,3.115000009536743,3.109999895095825,3.109999895095825,648,0.0,0.0
2024-02-09 10:30:00-05:00,3.1600000858306885,3.1600000858306885,3.158099889755249,3.158099889755249,1107,0.0,0.0
2024-02-09 11:30:00-05:00,3.1500000953674316,3.1500000953674316,3.1500000953674316,3.1500000953674316,363,0.0,0.0
2024-02-09 12:30:00-05:00,3.140000104904175,3.140000104904175,3.140000104904175,3.140000104904175,1519,0.0,0.0
2024-02-09 13:30:00-05:00,3.1500000953674316,3.180000066757202,3.1500000953674316,3.1500000953674316,1665,0.0,0.0
2024-02-09 14:30:00-05:00,3.157399892807007,3.2100000381469727,3.157399892807007,3.190000057220459,1021,0.0,0.0
2024-02-09 15:30:00-05:00,3.1500000953674316,3.1500000953674316,3.1500000953674316,3.1500000953674316,426,0.0,0.0
2024-02-12 09:30:00-05:00,3.1600000858306885,3.1893999576568604,3.1600000858306885,3.1700000762939453,0,0.0,0.0
2024-02-12 10:30:00-05:00,3.190000057220459,3.240000009536743,3.190000057220459,3.239799976348877,663,0.0,0.0
2024-02-12 11:30:00-05:00,3.2699999809265137,3.2699999809265137,3.25600004196167,3.265000104904175,1976,0.0,0.0
2024-02-12 12:30:00-05:00,3.2599000930786133,3.259999990463257,3.2300000190734863,3.2300000190734863,2884,0.0,0.0
2024-02-12 15:30:00-05:00,3.213099956512451,3.25,3.213099956512451,3.25,598,0.0,0.0
2024-02-13 09:30:00-05:00,3.140000104904175,3.26990008354187,3.140000104904175,3.259999990463257,1392,0.0,0.0
2024-02-13 10:30:00-05:00,3.2314000129699707,3.2499001026153564,3.2314000129699707,3.2499001026153564,1239,0.0,0.0
2024-02-13 11:30:00-05:00,3.2300000190734863,3.2300000190734863,3.200000047683716,3.200000047683716,1750,0.0,0.0
2024-02-13 12:30:00-05:00,3.180000066757202,3.1898999214172363,3.180000066757202,3.1898999214172363,425,0.0,0.0
2024-02-13 13:30:00-05:00,3.1898999214172363,3.190000057220459,3.1600000858306885,3.160099983215332,3341,0.0,0.0
2024-02-13 14:30:00-05:00,3.1649999618530273,3.180000066757202,3.140000104904175,3.1700000762939453,8321,0.0,0.0
2024-02-13 15:30:00-05:00,3.1700000762939453,3.1700000762939453,3.1600000858306885,3.1700000762939453,0,0.0,0.0
2024-02-14 09:30:00-05:00,3.150099992752075,3.150099992752075,3.150099992752075,3.150099992752075,808,0.0,0.0
2024-02-14 10:30:00-05:00,3.1589999198913574,3.1698999404907227,3.1589999198913574,3.1698999404907227,791,0.0,0.0
2024-02-14 11:30:00-05:00,3.1798999309539795,3.1798999309539795,3.1798999309539795,3.1798999309539795,135,0.0,0.0
2024-02-14 12:30:00-05:00,3.180000066757202,3.180000066757202,3.171799898147583,3.1756999492645264,3363,0.0,0.0
2024-02-14 14:30:00-05:00,3.180000066757202,3.180000066757202,3.180000066757202,3.180000066757202,3851,0.0,0.0
2024-02-14 15:30:00-05:00,3.1700000762939453,3.1798999309539795,3.1700000762939453,3.1796000003814697,649,0.0,0.0
2024-02-15 09:30:00-05:00,3.130000114440918,3.1600000858306885,3.0999999046325684,3.1600000858306885,787,0.0,0.0
2024-02-15 10:30:00-05:00,3.1600000858306885,3.1600000858306885,3.1600000858306885,3.1600000858306885,419,0.0,0.0
2024-02-15 11:30:00-05:00,3.160099983215332,3.1649999618530273,3.150099992752075,3.1600000858306885,1560,0.0,0.0
2024-02-15 12:30:00-05:00,3.1600000858306885,3.1600000858306885,3.140000104904175,3.140000104904175,2069,0.0,0.0
2024-02-15 13:30:00-05:00,3.130000114440918,3.1301000118255615,3.0799999237060547,3.130000114440918,6436,0.0,0.0
2024-02-15 14:30:00-05:00,3.139899969100952,3.139899969100952,3.119999885559082,3.119999885559082,821,0.0,0.0
2024-02-15 15:30:00-05:00,3.0789999961853027,3.139899969100952,3.075000047683716,3.130000114440918,0,0.0,0.0
2024-02-16 09:30:00-05:00,3.1198999881744385,3.119999885559082,3.0899999141693115,3.0899999141693115,2317,0.0,0.0
2024-02-16 10:30:00-05:00,3.0799999237060547,3.080399990081787,3.059999942779541,3.080399990081787,2206,0.0,0.0
2024-02-16 11:30:00-05:00,3.0799999237060547,3.099900007247925,3.059999942779541,3.099900007247925,829,0.0,0.0
2024-02-16 12:30:00-05:00,3.0899999141693115,3.0899999141693115,3.0899999141693115,3.0899999141693115,345,0.0,0.0
2024-02-16 13:30:00-05:00,3.0801000595092773,3.0801000595092773,3.0801000595092773,3.0801000595092773,175,0.0,0.0
2024-02-16 15:30:00-05:00,3.0999999046325684,3.0999999046325684,3.0799999237060547,3.089900016784668,615,0.0,0.0
2024-02-20 09:30:00-05:00,3.002000093460083,3.089900016784668,3.0,3.089900016784668,0,0.0,0.0
2024-02-20 10:30:00-05:00,3.049999952316284,3.049999952316284,3.0199999809265137,3.0499000549316406,1857,0.0,0.0
2024-02-20 11:30:00-05:00,3.0399999618530273,3.0450000762939453,3.0399999618530273,3.0450000762939453,1070,0.0,0.0
2024-02-20 12:30:00-05:00,3.04010009765625,3.04010009765625,3.04010009765625,3.04010009765625,985,0.0,0.0
2024-02-20 13:30:00-05:00,3.0799999237060547,3.089900016784668,3.069999933242798,3.089900016784668,1639,0.0,0.0
2024-02-20 15:30:00-05:00,3.059999942779541,3.069999933242798,3.059999942779541,3.069999933242798,0,0.0,0.0
2024-02-21 09:30:00-05:00,3.069999933242798,3.0999999046325684,3.0699000358581543,3.0999999046325684,2097,0.0,0.0
2024-02-21 10:30:00-05:00,3.0999999046325684,3.0999999046325684,3.0999999046325684,3.0999999046325684,235,0.0,0.0
2024-02-21 11:30:00-05:00,3.0999999046325684,3.0999999046325684,3.0,3.0799999237060547,8114,0.0,0.0
2024-02-21 12:30:00-05:00,3.084700107574463,3.0899999141693115,3.069999933242798,3.0899999141693115,714,0.0,0.0
2024-02-21 13:30:00-05:00,3.0899999141693115,3.0899999141693115,3.0899999141693115,3.0899999141693115,230,0.0,0.0
2024-02-21 14:30:00-05:00,3.0899999141693115,3.0899999141693115,3.0899999141693115,3.0899999141693115,0,0.0,0.0
2024-02-22 09:30:00-05:00,3.049999952316284,3.089900016784668,3.049999952316284,3.0799999237060547,804,0.0,0.0
2024-02-22 10:30:00-05:00,3.0799999237060547,3.0799999237060547,3.069999933242798,3.069999933242798,1050,0.0,0.0
2024-02-22 11:30:00-05:00,3.069999933242798,3.069999933242798,3.009999990463257,3.069999933242798,2097,0.0,0.0
2024-02-22 12:30:00-05:00,3.059999942779541,3.0799999237060547,3.049999952316284,3.079900026321411,3085,0.0,0.0
2024-02-22 13:30:00-05:00,3.069999933242798,3.0799999237060547,3.069999933242798,3.069999933242798,2228,0.0,0.0
2024-02-22 14:30:00-05:00,3.0799999237060547,3.0799999237060547,3.079900026321411,3.0799999237060547,901,0.0,0.0
2024-02-22 15:30:00-05:00,3.079900026321411,3.079900026321411,3.079900026321411,3.079900026321411,104,0.0,0.0
2024-02-23 09:30:00-05:00,3.0799999237060547,3.0799999237060547,3.037899971008301,3.077399969100952,0,0.0,0.0
2024-02-23 10:30:00-05:00,3.0799999237060547,3.0799999237060547,3.059999942779541,3.0699000358581543,9781,0.0,0.0
2024-02-23 11:30:00-05:00,3.059999942779541,3.059999942779541,3.059999942779541,3.059999942779541,524,0.0,0.0
2024-02-23 12:30:00-05:00,3.059999942779541,3.069999933242798,3.049999952316284,3.059999942779541,2905,0.0,0.0
2024-02-23 13:30:00-05:00,3.049999952316284,3.069999933242798,3.0397000312805176,3.0699000358581543,7069,0.0,0.0
2024-02-23 14:30:00-05:00,3.059999942779541,3.059999942779541,3.059999942779541,3.059999942779541,112,0.0,0.0
2024-02-23 15:30:00-05:00,3.059999942779541,3.059999942779541,3.049999952316284,3.049999952316284,375,0.0,0.0
2024-02-26 09:30:00-05:00,3.0399999618530273,3.0799999237060547,3.0399999618530273,3.065000057220459,0,0.0,0.0
2024-02-26 10:30:00-05:00,3.065000057220459,3.065000057220459,3.065000057220459,3.065000057220459,158,0.0,0.0
2024-02-26 11:30:00-05:00,3.049999952316284,3.049999952316284,3.049999952316284,3.049999952316284,1112,0.0,0.0
2024-02-26 12:30:00-05:00,3.0450000762939453,3.0450000762939453,3.0450000762939453,3.0450000762939453,518,0.0,0.0
2024-02-26 13:30:00-05:00,3.049999952316284,3.059999942779541,3.049999952316284,3.059999942779541,483,0.0,0.0
2024-02-26 14:30:00-05:00,3.0789999961853027,3.0799999237060547,3.069999933242798,3.079900026321411,0,0.0,0.0
2024-02-27 09:30:00-05:00,3.069999933242798,3.069999933242798,3.0504000186920166,3.062000036239624,2637,0.0,0.0
2024-02-27 10:30:00-05:00,3.0799999237060547,3.0799999237060547,3.079900026321411,3.079900026321411,208,0.0,0.0
2024-02-27 11:30:00-05:00,3.0799999237060547,3.0850000381469727,3.0799999237060547,3.0850000381469727,2695,0.0,0.0
2024-02-27 13:30:00-05:00,3.0799999237060547,3.0799999237060547,3.0799999237060547,3.0799999237060547,1013,0.0,0.0
2024-02-27 15:30:00-05:00,3.0999999046325684,3.0999999046325684,3.0999999046325684,3.0999999046325684,0,0.0,0.0
2024-02-28 09:30:00-05:00,3.059999942779541,3.0801000595092773,3.049999952316284,3.059999942779541,12983,0.0,0.0
2024-02-28 10:30:00-05:00,3.1005001068115234,3.1005001068115234,3.0799999237060547,3.0999999046325684,11164,0.0,0.0
2024-02-28 12:30:00-05:00,3.0799999237060547,3.0899999141693115,3.049999952316284,3.0799999237060547,5672,0.0,0.0
2024-02-28 13:30:00-05:00,3.069999933242798,3.069999933242798,3.0,3.0,17486,0.0,0.0
2024-02-28 14:30:00-05:00,3.027400016784668,3.027400016784668,3.027400016784668,3.027400016784668,996,0.0,0.0
2024-02-28 15:30:00-05:00,3.0,3.0199999809265137,3.0,3.0,9887,0.0,0.0
2024-02-29 09:30:00-05:00,3.1050000190734863,3.1050000190734863,3.0299999713897705,3.0299999713897705,2164,0.0,0.0
2024-02-29 10:30:00-05:00,3.0199999809265137,3.0199999809265137,3.0,3.0,888,0.0,0.0
2024-02-29 11:30:00-05:00,2.990000009536743,2.990000009536743,2.950000047683716,2.961400032043457,7228,0.0,0.0
2024-02-29 12:30:00-05:00,2.927799940109253,2.940000057220459,2.880000114440918,2.940000057220459,4684,0.0,0.0
2024-02-29 13:30:00-05:00,2.930000066757202,2.930000066757202,2.859999895095825,2.859999895095825,3977,0.0,0.0
2024-02-29 14:30:00-05:00,2.8526999950408936,2.940000057220459,2.8526999950408936,2.940000057220459,10076,0.0,0.0
2024-02-29 15:30:00-05:00,3.0,3.049999952316284,2.950000047683716,3.0,0,0.0,0.0
2024-03-01 09:30:00-05:00,3.0799999237060547,3.0987000465393066,3.0,3.0116000175476074,17979,0.0,0.0
2024-03-01 10:30:00-05:00,2.950000047683716,2.950000047683716,2.950000047683716,2.950000047683716,0,0.0,0.0
2024-03-01 11:30:00-05:00,2.9800000190734863,2.9800000190734863,2.9100000858306885,2.950500011444092,21381,0.0,0.0
2024-03-01 12:30:00-05:00,2.9398999214172363,2.940000057220459,2.9398999214172363,2.940000057220459,807,0.0,0.0
2024-03-01 13:30:00-05:00,2.9200000762939453,2.920099973678589,2.9000000953674316,2.9000000953674316,1431,0.0,0.0
2024-03-01 14:30:00-05:00,2.9000000953674316,2.9200000762939453,2.890000104904175,2.9200000762939453,2689,0.0,0.0
2024-03-01 15:30:00-05:00,2.984999895095825,3.021199941635132,2.924999952316284,2.924999952316284,4604,0.0,0.0
2024-03-04 09:30:00-05:00,2.930000066757202,2.9999001026153564,2.9200000762939453,2.950000047683716,0,0.0,0.0
2024-03-04 10:30:00-05:00,2.9911000728607178,3.0,2.880000114440918,2.880000114440918,3325,0.0,0.0
2024-03-04 11:30:00-05:00,2.9000000953674316,2.9000000953674316,2.880000114440918,2.8975000381469727,1798,0.0,0.0
2024-03-04 12:30:00-05:00,2.890000104904175,2.9572999477386475,2.890000104904175,2.9549999237060547,2885,0.0,0.0
2024-03-04 14:30:00-05:00,2.944999933242798,2.950000047683716,2.9200000762939453,2.9200000762939453,900,0.0,0.0
2024-03-04 15:30:00-05:00,2.9600000381469727,2.9600000381469727,2.9600000381469727,2.9600000381469727,0,0.0,0.0
2024-03-05 09:30:00-05:00,2.9549999237060547,3.0,2.9549999237060547,3.0,2527,0.0,0.0
2024-03-05 11:30:00-05:00,2.940000057220459,2.960099935531616,2.940000057220459,2.960099935531616,614,0.0,0.0
2024-03-05 13:30:00-05:00,2.9649999141693115,2.9649999141693115,2.921999931335449,2.921999931335449,2808,0.0,0.0
2024-03-05 15:30:00-05:00,2.9600000381469727,2.969899892807007,2.950000047683716,2.9600000381469727,4320,0.0,0.0
2024-03-06 09:30:00-05:00,2.9700000286102295,3.0,2.927999973297119,2.950000047683716,3967,0.0,0.0
2024-03-06 10:30:00-05:00,2.9800000190734863,2.987299919128418,2.9700000286102295,2.987299919128418,0,0.0,0.0
2024-03-06 11:30:00-05:00,2.9798998832702637,2.9798998832702637,2.9798998832702637,2.9798998832702637,105,0.0,0.0
2024-03-06 13:30:00-05:00,2.9798998832702637,2.9798998832702637,2.9719998836517334,2.9719998836517334,1094,0.0,0.0
2024-03-06 14:30:00-05:00,2.941499948501587,2.9899001121520996,2.941499948501587,2.9899001121520996,3744,0.0,0.0
2024-03-06 15:30:00-05:00,2.9600000381469727,2.96560001373291,2.950000047683716,2.950000047683716,0,0.0,0.0
2024-03-07 09:30:00-05:00,2.9899001121520996,2.9899001121520996,2.9700000286102295,2.9700000286102295,785,0.0,0.0
2024-03-07 10:30:00-05:00,2.9700000286102295,2.9797000885009766,2.958400011062622,2.958400011062622,2385,0.0,0.0
2024-03-07 11:30:00-05:00,2.9600000381469727,2.970599889755249,2.950000047683716,2.9614999294281006,2422,0.0,0.0
2024-03-07 12:30:00-05:00,2.950000047683716,2.950000047683716,2.950000047683716,2.950000047683716,502,0.0,0.0
2024-03-07 13:30:00-05:00,2.9502999782562256,2.9502999782562256,2.9502999782562256,2.9502999782562256,119,0.0,0.0
2024-03-07 15:30:00-05:00,2.950000047683716,2.950000047683716,2.9000000953674316,2.9398999214172363,0,0.0,0.0
2024-03-08 09:30:00-05:00,2.940999984741211,2.940999984741211,2.910099983215332,2.930000066757202,1110,0.0,0.0
2024-03-08 12:30:00-05:00,2.9600000381469727,2.990000009536743,2.9600000381469727,2.990000009536743,325,0.0,0.0
2024-03-08 15:30:00-05:00,2.940000057220459,2.940000057220459,2.940000057220459,2.940000057220459,282,0.0,0.0
2024-03-11 09:30:00-04:00,2.9100000858306885,2.9159998893737793,2.9100000858306885,2.9159998893737793,2513,0.0,0.0
2024-03-11 10:30:00-04:00,2.983799934387207,2.983799934387207,2.983799934387207,2.983799934387207,584,0.0,0.0
2024-03-11 11:30:00-04:00,2.9899001121520996,2.9899001121520996,2.9649999141693115,2.9649999141693115,1194,0.0,0.0
2024-03-11 14:30:00-04:00,2.930000066757202,2.996000051498413,2.930000066757202,2.996000051498413,288,0.0,0.0
2024-03-11 15:30:00-04:00,2.950000047683716,2.950000047683716,2.950000047683716,2.950000047683716,0,0.0,0.0
2024-03-12 09:30:00-04:00,2.990000009536743,2.990000009536743,2.990000009536743,2.990000009536743,260,0.0,0.0
2024-03-12 10:30:00-04:00,2.9528000354766846,2.9528000354766846,2.859999895095825,2.9200000762939453,12110,0.0,0.0
2024-03-12 11:30:00-04:00,2.9999001026153564,2.9999001026153564,2.9999001026153564,2.9999001026153564,167,0.0,0.0
2024-03-12 13:30:00-04:00,2.9200000762939453,2.950000047683716,2.9200000762939453,2.950000047683716,427,0.0,0.0
2024-03-12 14:30:00-04:00,2.9549999237060547,2.9549999237060547,2.9549999237060547,2.9549999237060547,599,0.0,0.0
2024-03-12 15:30:00-04:00,2.9200000762939453,2.950000047683716,2.9000000953674316,2.950000047683716,3599,0.0,0.0
2024-03-13 09:30:00-04:00,2.9372000694274902,2.9600000381469727,2.9200000762939453,2.9600000381469727,6767,0.0,0.0
2024-03-13 10:30:00-04:00,2.9200000762939453,2.934999942779541,2.9200000762939453,2.934999942779541,1444,0.0,0.0
2024-03-13 11:30:00-04:00,2.9700000286102295,2.9700000286102295,2.9700000286102295,2.9700000286102295,521,0.0,0.0
2024-03-13 13:30:00-04:00,2.984600067138672,2.9853999614715576,2.984600067138672,2.9853999614715576,381,0.0,0.0
2024-03-13 14:30:00-04:00,2.9600000381469727,2.9600000381469727,2.9600000381469727,2.9600000381469727,1004,0.0,0.0
2024-03-13 15:30:00-04:00,2.950000047683716,2.9600000381469727,2.950000047683716,2.950000047683716,752,0.0,0.0
2024-03-14 11:30:00-04:00,2.937999963760376,2.937999963760376,2.930000066757202,2.930000066757202,2118,0.0,0.0
2024-03-14 13:30:00-04:00,2.940000057220459,2.940000057220459,2.930000066757202,2.930000066757202,928,0.0,0.0
2024-03-14 15:30:00-04:00,2.9289000034332275,2.9289000034332275,2.9289000034332275,2.9289000034332275,901,0.0,0.0
2024-03-15 09:30:00-04:00,2.9899001121520996,2.9899001121520996,2.9899001121520996,2.9899001121520996,151,0.0,0.0
2024-03-15 11:30:00-04:00,2.9500999450683594,2.950700044631958,2.9398999214172363,2.9398999214172363,2881,0.0,0.0
2024-03-15 12:30:00-04:00,2.9405999183654785,2.9405999183654785,2.9405999183654785,2.9405999183654785,3357,0.0,0.0
2024-03-15 13:30:00-04:00,2.9200000762939453,2.9200000762939453,2.9100000858306885,2.9100000858306885,333,0.0,0.0
2024-03-15 14:30:00-04:00,2.9100000858306885,2.9100000858306885,2.9100000858306885,2.9100000858306885,247,0.0,0.0
2024-03-18 09:30:00-04:00,2.890000104904175,2.890000104904175,2.890000104904175,2.890000104904175,245,0.0,0.0
2024-03-18 10:30:00-04:00,2.9200000762939453,2.9200000762939453,2.9149999618530273,2.9149999618530273,1108,0.0,0.0
2024-03-18 11:30:00-04:00,2.9200000762939453,2.9688000679016113,2.9200000762939453,2.9688000679016113,1414,0.0,0.0
2024-03-18 12:30:00-04:00,2.9549999237060547,2.9549999237060547,2.940000057220459,2.940000057220459,1402,0.0,0.0
2024-03-18 14:30:00-04:00,2.9298999309539795,2.9298999309539795,2.9298999309539795,2.9298999309539795,1639,0.0,0.0
2024-03-18 15:30:00-04:00,2.9265999794006348,2.9265999794006348,2.9000000953674316,2.9100000858306885,1597,0.0,0.0
2024-03-19 09:30:00-04:00,2.940000057220459,2.950000047683716,2.930000066757202,2.950000047683716,1370,0.0,0.0
2024-03-19 10:30:00-04:00,2.950000047683716,2.950000047683716,2.950000047683716,2.950000047683716,959,0.0,0.0
2024-03-19 11:30:00-04:00,2.940000057220459,2.940000057220459,2.940000057220459,2.940000057220459,234,0.0,0.0
2024-03-19 12:30:00-04:00,2.9000000953674316,2.9000000953674316,2.8907999992370605,2.899899959564209,1825,0.0,0.0
2024-03-19 14:30:00-04:00,2.8861000537872314,2.899899959564209,2.869999885559082,2.899899959564209,2675,0.0,0.0
2024-03-19 15:30:00-04:00,2.8901000022888184,2.8901000022888184,2.890000104904175,2.890000104904175,1961,0.0,0.0
2024-03-20 09:30:00-04:00,2.9000000953674316,2.922100067138672,2.9000000953674316,2.9049999713897705,3998,0.0,0.0
2024-03-20 10:30:00-04:00,2.890000104904175,2.890000104904175,2.890000104904175,2.890000104904175,703,0.0,0.0
2024-03-20 12:30:00-04:00,2.9272000789642334,2.930000066757202,2.9272000789642334,2.930000066757202,483,0.0,0.0
2024-03-20 13:30:00-04:00,2.9200000762939453,2.9899001121520996,2.9200000762939453,2.9899001121520996,1414,0.0,0.0
2024-03-20 15:30:00-04:00,2.958899974822998,2.95989990234375,2.958899974822998,2.95989990234375,638,0.0,0.0
2024-03-21 09:30:00-04:00,2.9100000858306885,2.9899001121520996,2.9100000858306885,2.9899001121520996,1213,0.0,0.0
2024-03-21 10:30:00-04:00,2.9774999618530273,2.9774999618530273,2.9600000381469727,2.9600000381469727,1643,0.0,0.0
2024-03-21 13:30:00-04:00,2.9446001052856445,2.9446001052856445,2.934999942779541,2.934999942779541,793,0.0,0.0
2024-03-21 15:30:00-04:00,2.949899911880493,2.949899911880493,2.949899911880493,2.949899911880493,533,0.0,0.0
2024-03-22 09:30:00-04:00,2.940000057220459,2.940000057220459,2.940000057220459,2.940000057220459,1996,0.0,0.0
2024-03-22 11:30:00-04:00,2.9649999141693115,2.9700000286102295,2.940000057220459,2.940000057220459,3757,0.0,0.0
2024-03-22 15:30:00-04:00,2.950000047683716,2.950000047683716,2.950000047683716,2.950000047683716,249,0.0,0.0
2024-03-25 09:30:00-04:00,2.950000047683716,2.9749999046325684,2.950000047683716,2.9749999046325684,0,0.0,0.0
2024-03-25 10:30:00-04:00,2.958699941635132,2.9999001026153564,2.936800003051758,2.936800003051758,3316,0.0,0.0
2024-03-25 11:30:00-04:00,3.0,3.0399999618530273,3.0,3.0399999618530273,1299,0.0,0.0
2024-03-25 13:30:00-04:00,3.0,3.0,3.0,3.0,1000,0.0,0.0
2024-03-25 15:30:00-04:00,3.0199999809265137,3.0599000453948975,3.0199999809265137,3.0599000453948975,7139,0.0,0.0
2024-03-26 09:30:00-04:00,2.9800000190734863,3.025599956512451,2.9800000190734863,3.025599956512451,1002,0.0,0.0
2024-03-26 10:30:00-04:00,2.9800000190734863,3.0000998973846436,2.9800000190734863,3.0000998973846436,10637,0.0,0.0
2024-03-26 12:30:00-04:00,2.9993999004364014,3.0399999618530273,2.9993999004364014,3.0129001140594482,3389,0.0,0.0
2024-03-26 13:30:00-04:00,3.0299999713897705,3.0299999713897705,3.024399995803833,3.024399995803833,1781,0.0,0.0
2024-03-26 14:30:00-04:00,3.045099973678589,3.045099973678589,3.045099973678589,3.045099973678589,532,0.0,0.0
2024-03-26 15:30:00-04:00,3.0299999713897705,3.0299999713897705,3.0299999713897705,3.0299999713897705,401,0.0,0.0
2024-03-27 09:30:00-04:00,3.061000108718872,3.061000108718872,3.059999942779541,3.059999942779541,2208,0.0,0.0
2024-03-27 12:30:00-04:00,3.0299999713897705,3.0299999713897705,3.0299999713897705,3.0299999713897705,1108,0.0,0.0
2024-03-27 15:30:00-04:00,3.049999952316284,3.0699000358581543,3.0299999713897705,3.055000066757202,1092,0.0,0.0
2024-03-28 09:30:00-04:00,3.0399999618530273,3.0399999618530273,3.0399999618530273,3.0399999618530273,1920,0.0,0.0
2024-03-28 10:30:00-04:00,3.0696001052856445,3.0696001052856445,3.049999952316284,3.049999952316284,1809,0.0,0.0
2024-03-28 11:30:00-04:00,3.052500009536743,3.065000057220459,3.052500009536743,3.065000057220459,0,0.0,0.0
2024-03-28 13:30:00-04:00,3.065000057220459,3.065000057220459,3.065000057220459,3.065000057220459,1086,0.0,0.0
2024-03-28 14:30:00-04:00,3.0999999046325684,3.0999999046325684,3.0999999046325684,3.0999999046325684,784,0.0,0.0
2024-04-01 09:30:00-04:00,3.0801000595092773,3.0801000595092773,3.059999942779541,3.059999942779541,819,0.0,0.0
2024-04-01 10:30:00-04:00,3.099900007247925,3.099900007247925,3.099900007247925,3.099900007247925,158,0.0,0.0
2024-04-01 11:30:00-04:00,3.0999999046325684,3.0999999046325684,3.0999999046325684,3.0999999046325684,427,0.0,0.0
2024-04-01 12:30:00-04:00,3.069999933242798,3.069999933242798,3.069999933242798,3.069999933242798,105,0.0,0.0
2024-04-01 13:30:00-04:00,3.0999999046325684,3.0999999046325684,3.0999999046325684,3.0999999046325684,562,0.0,0.0
2024-04-01 15:30:00-04:00,3.0799999237060547,3.0799999237060547,3.0799999237060547,3.0799999237060547,102,0.0,0.0
2024-04-02 09:30:00-04:00,3.0801000595092773,3.0915000438690186,3.0801000595092773,3.0915000438690186,0,0.0,0.0
2024-04-02 11:30:00-04:00,3.0799999237060547,3.0799999237060547,3.069999933242798,3.069999933242798,944,0.0,0.0
2024-04-02 12:30:00-04:00,3.0799999237060547,3.0799999237060547,3.0799999237060547,3.0799999237060547,246,0.0,0.0
2024-04-02 13:30:00-04:00,3.059999942779541,3.059999942779541,3.059999942779541,3.059999942779541,460,0.0,0.0
2024-04-02 14:30:00-04:00,3.0601000785827637,3.0601000785827637,3.049999952316284,3.059999942779541,2135,0.0,0.0
2024-04-03 09:30:00-04:00,3.0799999237060547,3.0799999237060547,3.075000047683716,3.075000047683716,1534,0.0,0.0
2024-04-03 10:30:00-04:00,3.0799999237060547,3.0899999141693115,3.0799999237060547,3.0899999141693115,691,0.0,0.0
2024-04-03 13:30:00-04:00,3.0899999141693115,3.0899999141693115,3.0899999141693115,3.0899999141693115,446,0.0,0.0
2024-04-03 14:30:00-04:00,3.0799999237060547,3.1298999786376953,3.0799999237060547,3.109999895095825,1991,0.0,0.0
2024-04-03 15:30:00-04:00,3.1298999786376953,3.1298999786376953,3.1298999786376953,3.1298999786376953,100,0.0,0.0
2024-04-04 09:30:00-04:00,3.1798999309539795,3.1798999309539795,3.1623001098632812,3.1623001098632812,819,0.0,0.0
2024-04-04 10:30:00-04:00,3.1010000705718994,3.1034998893737793,3.1010000705718994,3.1034998893737793,280,0.0,0.0
2024-04-04 11:30:00-04:00,3.1005001068115234,3.1005001068115234,3.1005001068115234,3.1005001068115234,2650,0.0,0.0
2024-04-04 14:30:00-04:00,3.1098999977111816,3.1098999977111816,3.1098999977111816,3.1098999977111816,112,0.0,0.0
2024-04-04 15:30:00-04:00,3.109499931335449,3.109600067138672,3.109499931335449,3.109600067138672,711,0.0,0.0
2024-04-05 09:30:00-04:00,3.1698999404907227,3.1698999404907227,3.1698999404907227,3.1698999404907227,1273,0.0,0.0
2024-04-05 14:30:00-04:00,3.140000104904175,3.140000104904175,3.140000104904175,3.140000104904175,517,0.0,0.0
2024-04-08 10:30:00-04:00,3.0799999237060547,3.0899999141693115,3.0799999237060547,3.0899999141693115,3027,0.0,0.0
2024-04-08 11:30:00-04:00,3.1098999977111816,3.1098999977111816,3.059999942779541,3.059999942779541,3612,0.0,0.0
2024-04-08 12:30:00-04:00,3.065000057220459,3.065000057220459,3.065000057220459,3.065000057220459,697,0.0,0.0
2024-04-08 13:30:00-04:00,3.059999942779541,3.0999999046325684,3.059999942779541,3.0999999046325684,617,0.0,0.0
2024-04-08 14:30:00-04:00,3.0952000617980957,3.0952000617980957,3.0829999446868896,3.0829999446868896,4749,0.0,0.0
2024-04-08 15:30:00-04:00,3.085200071334839,3.0899999141693115,2.9800000190734863,3.0399999618530273,11800,0.0,0.0
2024-04-09 09:30:00-04:00,3.0801000595092773,3.080199956893921,3.0801000595092773,3.080199956893921,1074,0.0,0.0
2024-04-09 13:30:00-04:00,3.0789999961853027,3.090100049972534,3.069999933242798,3.069999933242798,4301,0.0,0.0
2024-04-09 14:30:00-04:00,3.0752999782562256,3.0752999782562256,3.069999933242798,3.069999933242798,4853,0.0,0.0
2024-04-10 09:30:00-04:00,3.0899999141693115,3.090399980545044,3.0899999141693115,3.090399980545044,2435,0.0,0.0
2024-04-10 10:30:00-04:00,3.089900016784668,3.089900016784668,3.069999933242798,3.069999933242798,1070,0.0,0.0
2024-04-10 11:30:00-04:00,3.0701000690460205,3.0731000900268555,3.0594000816345215,3.0594000816345215,3890,0.0,0.0
2024-04-10 12:30:00-04:00,3.046999931335449,3.046999931335449,3.046999931335449,3.046999931335449,780,0.0,0.0
2024-04-10 13:30:00-04:00,3.0599000453948975,3.069999933242798,3.0399999618530273,3.059999942779541,1584,0.0,0.0
2024-04-10 15:30:00-04:00,3.0599000453948975,3.089900016784668,3.0597000122070312,3.0799999237060547,1686,0.0,0.0
2024-04-11 09:30:00-04:00,3.149899959564209,3.149899959564209,3.059999942779541,3.059999942779541,3705,0.0,0.0
2024-04-11 10:30:00-04:00,3.0499000549316406,3.052299976348877,3.0399999618530273,3.052299976348877,2620,0.0,0.0
2024-04-11 11:30:00-04:00,3.0599000453948975,3.0599000453948975,3.0401999950408936,3.0401999950408936,2270,0.0,0.0
2024-04-11 12:30:00-04:00,3.0399999618530273,3.0399999618530273,3.0399999618530273,3.0399999618530273,1223,0.0,0.0
2024-04-11 13:30:00-04:00,3.0399999618530273,3.0494000911712646,3.030100107192993,3.030100107192993,3649,0.0,0.0
2024-04-11 14:30:00-04:00,3.0499000549316406,3.0499000549316406,3.0250000953674316,3.0250000953674316,5156,0.0,0.0
2024-04-11 15:30:00-04:00,3.049799919128418,3.049999952316284,3.0199999809265137,3.0499000549316406,9094,0.0,0.0
2024-04-12 09:30:00-04:00,3.0399999618530273,3.0399999618530273,3.039900064468384,3.039900064468384,2829,0.0,0.0
2024-04-12 10:30:00-04:00,2.994999885559082,3.149899959564209,2.994999885559082,3.1089000701904297,2122,0.0,0.0
2024-04-12 11:30:00-04:00,3.0999999046325684,3.0999999046325684,3.0100998878479004,3.0100998878479004,2888,0.0,0.0
2024-04-12 12:30:00-04:00,2.9798998832702637,2.9798998832702637,2.9798998832702637,2.9798998832702637,1199,0.0,0.0
2024-04-12 13:30:00-04:00,2.976900100708008,3.029900074005127,2.976900100708008,3.029900074005127,1284,0.0,0.0
2024-04-12 14:30:00-04:00,3.036600112915039,3.036600112915039,3.036600112915039,3.036600112915039,1093,0.0,0.0
2024-04-15 09:30:00-04:00,3.009999990463257,3.0799999237060547,3.009999990463257,3.0100998878479004,6550,0.0,0.0
2024-04-15 10:30:00-04:00,3.0223000049591064,3.0223000049591064,3.0223000049591064,3.0223000049591064,0,0.0,0.0
2024-04-15 11:30:00-04:00,3.009999990463257,3.009999990463257,3.009999990463257,3.009999990463257,0,0.0,0.0
2024-04-15 12:30:00-04:00,3.009999990463257,3.009999990463257,3.009999990463257,3.009999990463257,1308,0.0,0.0
2024-04-15 13:30:00-04:00,2.9999001026153564,3.0192999839782715,2.9997000694274902,3.005000114440918,5750,0.0,0.0
2024-04-15 14:30:00-04:00,2.9900999069213867,2.992000102996826,2.9900999069213867,2.992000102996826,2214,0.0,0.0
2024-04-16 09:30:00-04:00,2.9600000381469727,2.9791998863220215,2.94950008392334,2.9791998863220215,3622,0.0,0.0
2024-04-16 10:30:00-04:00,2.970099925994873,2.970099925994873,2.970099925994873,2.970099925994873,4362,0.0,0.0
2024-04-16 11:30:00-04:00,2.970099925994873,2.976900100708008,2.970099925994873,2.976900100708008,28,0.0,0.0
2024-04-16 12:30:00-04:00,2.9899001121520996,2.9899001121520996,2.98009991645813,2.98009991645813,1032,0.0,0.0
2024-04-16 15:30:00-04:00,2.989500045776367,2.989500045776367,2.989500045776367,2.989500045776367,131,0.0,0.0
2024-04-17 09:30:00-04:00,2.9173998832702637,2.989500045776367,2.9173998832702637,2.989500045776367,362,0.0,0.0
2024-04-17 10:30:00-04:00,2.969899892807007,2.969899892807007,2.969899892807007,2.969899892807007,1013,0.0,0.0
2024-04-17 12:30:00-04:00,2.9646999835968018,2.9700000286102295,2.950000047683716,2.969899892807007,7794,0.0,0.0
2024-04-17 13:30:00-04:00,2.9649999141693115,2.9649999141693115,2.9649999141693115,2.9649999141693115,1462,0.0,0.0
2024-04-18 10:30:00-04:00,2.9700000286102295,2.9700000286102295,2.9649999141693115,2.9649999141693115,634,0.0,0.0
2024-04-18 12:30:00-04:00,2.9800000190734863,2.9800000190734863,2.9700000286102295,2.9800000190734863,1971,0.0,0.0
2024-04-18 14:30:00-04:00,2.9800000190734863,2.9800000190734863,2.9700000286102295,2.9797000885009766,550,0.0,0.0
2024-04-18 15:30:00-04:00,2.973599910736084,2.9749999046325684,2.9700000286102295,2.9700000286102295,406,0.0,0.0
2024-04-19 10:30:00-04:00,2.989500045776367,2.989500045776367,2.989500045776367,2.989500045776367,329,0.0,0.0
2024-04-19 11:30:00-04:00,2.910599946975708,2.910599946975708,2.910599946975708,2.910599946975708,413,0.0,0.0
2024-04-19 12:30:00-04:00,2.9798998832702637,2.9798998832702637,2.9798998832702637,2.9798998832702637,390,0.0,0.0
2024-04-19 13:30:00-04:00,2.9600000381469727,2.9600000381469727,2.9600000381469727,2.9600000381469727,195,0.0,0.0
2024-04-19 14:30:00-04:00,2.9549999237060547,2.9549999237060547,2.9549999237060547,2.9549999237060547,318,0.0,0.0
2024-04-19 15:30:00-04:00,2.95989990234375,2.9600000381469727,2.959700107574463,2.959700107574463,619,0.0,0.0
2024-04-22 11:30:00-04:00,2.950000047683716,2.950000047683716,2.950000047683716,2.950000047683716,0,0.0,0.0
2024-04-22 12:30:00-04:00,2.9600000381469727,2.9600000381469727,2.9600000381469727,2.9600000381469727,736,0.0,0.0
2024-04-22 15:30:00-04:00,2.969899892807007,2.969899892807007,2.9600000381469727,2.9649999141693115,372,0.0,0.0
2024-04-23 10:30:00-04:00,2.9600000381469727,2.9600000381469727,2.9600000381469727,2.9600000381469727,571,0.0,0.0
2024-04-23 11:30:00-04:00,2.950000047683716,2.998800039291382,2.949899911880493,2.998800039291382,901,0.0,0.0
2024-04-23 12:30:00-04:00,2.990999937057495,2.990999937057495,2.990999937057495,2.990999937057495,215,0.0,0.0
2024-04-23 13:30:00-04:00,2.994999885559082,2.994999885559082,2.994999885559082,2.994999885559082,176,0.0,0.0
2024-04-23 15:30:00-04:00,2.990000009536743,3.0099000930786133,2.990000009536743,3.0,2772,0.0,0.0
2024-04-24 10:30:00-04:00,3.01990008354187,3.0199999809265137,3.01990008354187,3.0199999809265137,1594,0.0,0.0
2024-04-24 14:30:00-04:00,3.059999942779541,3.119999885559082,3.059999942779541,3.075000047683716,398,0.0,0.0
2024-04-25 10:30:00-04:00,3.069700002670288,3.069700002670288,3.069700002670288,3.069700002670288,3927,0.0,0.0
2024-04-25 13:30:00-04:00,3.0799999237060547,3.0899999141693115,3.069999933242798,3.0899999141693115,3373,0.0,0.0
2024-04-25 14:30:00-04:00,3.059999942779541,3.059999942779541,3.059999942779541,3.059999942779541,626,0.0,0.0
2024-04-25 15:30:00-04:00,3.0299999713897705,3.0499000549316406,3.0299999713897705,3.0499000549316406,3055,0.0,0.0
2024-04-26 09:30:00-04:00,3.029900074005127,3.039900064468384,3.0199999809265137,3.0199999809265137,3836,0.0,0.0
2024-04-26 10:30:00-04:00,3.0369999408721924,3.0369999408721924,3.0369999408721924,3.0369999408721924,0,0.0,0.0
2024-04-26 15:30:00-04:00,3.039799928665161,3.039900064468384,3.039799928665161,3.039900064468384,304,0.0,0.0
2024-04-29 09:30:00-04:00,3.0999999046325684,3.100100040435791,3.0999999046325684,3.100100040435791,8852,0.0,0.0
2024-04-29 10:30:00-04:00,3.0892999172210693,3.0892999172210693,3.0801000595092773,3.0801000595092773,3653,0.0,0.0
2024-04-29 14:30:00-04:00,3.059999942779541,3.059999942779541,3.059999942779541,3.059999942779541,1290,0.0,0.0
2024-04-29 15:30:00-04:00,3.0799999237060547,3.099900007247925,3.0799999237060547,3.099900007247925,570,0.0,0.0
2024-04-30 14:30:00-04:00,3.0499000549316406,3.049999952316284,3.0448999404907227,3.049999952316284,1778,0.0,0.0
2024-04-30 15:30:00-04:00,3.0899999141693115,3.0899999141693115,3.0899999141693115,3.0899999141693115,760,0.0,0.0
2024-05-01 11:30:00-04:00,3.039900064468384,3.090100049972534,3.039900064468384,3.090100049972534,1830,0.0,0.0
2024-05-01 13:30:00-04:00,3.110100030899048,3.110100030899048,3.110100030899048,3.110100030899048,798,0.0,0.0
2024-05-01 14:30:00-04:00,3.1401000022888184,3.1401000022888184,3.1401000022888184,3.1401000022888184,400,0.0,0.0
2024-05-01 15:30:00-04:00,3.1401000022888184,3.1500000953674316,3.140000104904175,3.1401000022888184,1559,0.0,0.0
2024-05-02 12:30:00-04:00,3.139400005340576,3.139400005340576,3.139400005340576,3.139400005340576,811,0.0,0.0
2024-05-02 13:30:00-04:00,3.140000104904175,3.1600000858306885,3.134999990463257,3.1526999473571777,1969,0.0,0.0
2024-05-02 14:30:00-04:00,3.1500000953674316,3.1500000953674316,3.1500000953674316,3.1500000953674316,1518,0.0,0.0
2024-05-02 15:30:00-04:00,3.149899959564209,3.149899959564209,3.149899959564209,3.149899959564209,433,0.0,0.0
2024-05-03 09:30:00-04:00,3.140000104904175,3.140000104904175,3.140000104904175,3.140000104904175,751,0.0,0.0
2024-05-03 10:30:00-04:00,3.1500000953674316,3.1500000953674316,3.130000114440918,3.130000114440918,3973,0.0,0.0
2024-05-03 11:30:00-04:00,3.140000104904175,3.140000104904175,3.139899969100952,3.140000104904175,3041,0.0,0.0
2024-05-03 13:30:00-04:00,3.153899908065796,3.153899908065796,3.153899908065796,3.153899908065796,297,0.0,0.0
2024-05-03 14:30:00-04:00,3.140000104904175,3.140000104904175,3.140000104904175,3.140000104904175,1656,0.0,0.0
2024-05-06 09:30:00-04:00,3.1600000858306885,3.1600000858306885,3.1600000858306885,3.1600000858306885,0,0.0,0.0
2024-05-06 10:30:00-04:00,3.1600000858306885,3.1600000858306885,3.130000114440918,3.1600000858306885,807,0.0,0.0
2024-05-07 09:30:00-04:00,3.0999999046325684,3.140000104904175,3.015000104904175,3.0483999252319336,14896,0.0,0.0
2024-05-07 10:30:00-04:00,3.0495998859405518,3.069999933242798,3.0,3.0,11269,0.0,0.0
2024-05-07 11:30:00-04:00,3.0,3.059000015258789,2.999500036239624,3.003000020980835,18678,0.0,0.0
2024-05-07 12:30:00-04:00,3.049299955368042,3.049299955368042,3.0399999618530273,3.0399999618530273,1058,0.0,0.0
2024-05-07 13:30:00-04:00,3.0599000453948975,3.0599000453948975,3.0399999618530273,3.0399999618530273,1213,0.0,0.0
2024-05-07 14:30:00-04:00,3.049999952316284,3.055299997329712,3.003000020980835,3.055299997329712,4870,0.0,0.0
2024-05-07 15:30:00-04:00,3.0599000453948975,3.0599000453948975,3.049999952316284,3.059000015258789,1864,0.0,0.0
2024-05-08 09:30:00-04:00,3.0450000762939453,3.0494000911712646,3.0450000762939453,3.0494000911712646,3264,0.0,0.0
2024-05-08 10:30:00-04:00,3.049999952316284,3.059799909591675,3.049999952316284,3.059799909591675,278,0.0,0.0
2024-05-08 11:30:00-04:00,3.059999942779541,3.059999942779541,3.059999942779541,3.059999942779541,1342,0.0,0.0
2024-05-08 12:30:00-04:00,3.0999999046325684,3.0999999046325684,3.0999999046325684,3.0999999046325684,313,0.0,0.0
2024-05-08 13:30:00-04:00,3.1285998821258545,3.1285998821258545,3.109999895095825,3.109999895095825,344,0.0,0.0
2024-05-08 15:30:00-04:00,3.130000114440918,3.1600000858306885,3.130000114440918,3.1600000858306885,1984,0.0,0.0
2024-05-09 09:30:00-04:00,3.119999885559082,3.149899959564209,3.119999885559082,3.1465001106262207,1387,0.0,0.0
2024-05-09 11:30:00-04:00,3.134999990463257,3.134999990463257,3.134999990463257,3.134999990463257,1243,0.0,0.0
2024-05-10 09:30:00-04:00,3.0799999237060547,3.1312999725341797,3.0799999237060547,3.1312999725341797,2598,0.0,0.0
2024-05-13 09:30:00-04:00,3.049999952316284,3.0799999237060547,3.0199999809265137,3.0799999237060547,1809,0.0,0.0
2024-05-13 11:30:00-04:00,3.069999933242798,3.0710999965667725,3.069999933242798,3.0710999965667725,714,0.0,0.0
2024-05-13 12:30:00-04:00,3.0739998817443848,3.0739998817443848,3.0739998817443848,3.0739998817443848,1101,0.0,0.0
2024-05-13 13:30:00-04:00,3.0896999835968018,3.0896999835968018,3.0896999835968018,3.0896999835968018,3016,0.0,0.0
2024-05-14 09:30:00-04:00,3.059999942779541,3.0850000381469727,3.059999942779541,3.0850000381469727,919,0.0,0.0
2024-05-14 10:30:00-04:00,3.081199884414673,3.0894999504089355,3.0799999237060547,3.0894999504089355,1237,0.0,0.0
2024-05-14 11:30:00-04:00,3.0843000411987305,3.109999895095825,3.0803000926971436,3.0803000926971436,10154,0.0,0.0
2024-05-14 13:30:00-04:00,3.0899999141693115,3.1098999977111816,3.0899999141693115,3.1098999977111816,931,0.0,0.0
2024-05-14 15:30:00-04:00,3.072000026702881,3.075000047683716,3.069999933242798,3.075000047683716,2296,0.0,0.0
2024-05-15 09:30:00-04:00,3.0799999237060547,3.0799999237060547,3.0799999237060547,3.0799999237060547,273,0.0,0.0
2024-05-15 11:30:00-04:00,3.099900007247925,3.099900007247925,3.0810000896453857,3.0810000896453857,11711,0.0,0.0
2024-05-15 13:30:00-04:00,3.05049991607666,3.05049991607666,3.05049991607666,3.05049991607666,176,0.0,0.0
2024-05-15 15:30:00-04:00,3.0999999046325684,3.0999999046325684,3.0999999046325684,3.0999999046325684,200,0.0,0.0
2024-05-16 09:30:00-04:00,3.0299999713897705,3.0999999046325684,2.9700000286102295,3.0850000381469727,2636,0.0,0.0
2024-05-16 11:30:00-04:00,3.109999895095825,3.109999895095825,3.109999895095825,3.109999895095825,495,0.0,0.0
2024-05-16 13:30:00-04:00,3.1010000705718994,3.101599931716919,3.100399971008301,3.101599931716919,1193,0.0,0.0
2024-05-16 14:30:00-04:00,3.06030011177063,3.06030011177063,3.031599998474121,3.031599998474121,2463,0.0,0.0
2024-05-17 09:30:00-04:00,3.109999895095825,3.109999895095825,3.0999999046325684,3.0999999046325684,2262,0.0,0.0
2024-05-20 09:30:00-04:00,3.1096999645233154,3.109999895095825,3.1050000190734863,3.1050000190734863,0,0.0,0.0
2024-05-20 12:30:00-04:00,3.0999999046325684,3.1047000885009766,3.0999999046325684,3.1047000885009766,680,0.0,0.0
2024-05-20 13:30:00-04:00,3.0699000358581543,3.069999933242798,3.0699000358581543,3.0699000358581543,5616,0.0,0.0
2024-05-20 14:30:00-04:00,3.049999952316284,3.049999952316284,3.030400037765503,3.030400037765503,1278,0.0,0.0
2024-05-21 09:30:00-04:00,3.0899999141693115,3.0989999771118164,3.0899999141693115,3.0989999771118164,559,0.0,0.0
2024-05-21 10:30:00-04:00,3.090399980545044,3.090399980545044,3.090399980545044,3.090399980545044,564,0.0,0.0
2024-05-21 11:30:00-04:00,3.0999999046325684,3.0999999046325684,3.0899999141693115,3.0899999141693115,5270,0.0,0.0
2024-05-21 13:30:00-04:00,3.0975000858306885,3.0975000858306885,3.0975000858306885,3.0975000858306885,927,0.0,0.0
2024-05-21 14:30:00-04:00,3.0999999046325684,3.0999999046325684,3.0950000286102295,3.0999999046325684,1091,0.0,0.0
2024-05-21 15:30:00-04:00,3.0950000286102295,3.0950000286102295,3.0950000286102295,3.0950000286102295,214,0.0,0.0
2024-05-22 09:30:00-04:00,3.030100107192993,3.099900007247925,3.030100107192993,3.099900007247925,1242,0.0,0.0
2024-05-22 12:30:00-04:00,3.0950000286102295,3.0999999046325684,3.0950000286102295,3.0999999046325684,521,0.0,0.0
2024-05-22 13:30:00-04:00,3.090100049972534,3.090100049972534,3.090100049972534,3.090100049972534,338,0.0,0.0
2024-05-22 14:30:00-04:00,3.099900007247925,3.0999999046325684,3.0996999740600586,3.0996999740600586,2860,0.0,0.0
2024-05-22 15:30:00-04:00,3.1050000190734863,3.109999895095825,3.0999999046325684,3.0999999046325684,5398,0.0,0.0
2024-05-23 09:30:00-04:00,3.059999942779541,3.0999999046325684,3.059999942779541,3.099299907684326,1353,0.0,0.0
2024-05-23 10:30:00-04:00,3.090100049972534,3.090100049972534,3.090100049972534,3.090100049972534,528,0.0,0.0
2024-05-23 11:30:00-04:00,3.0899999141693115,3.09879994392395,3.089900016784668,3.09879994392395,2129,0.0,0.0
2024-05-23 13:30:00-04:00,3.086400032043457,3.086400032043457,3.086400032043457,3.086400032043457,623,0.0,0.0
2024-05-23 14:30:00-04:00,3.0899999141693115,3.0899999141693115,3.055000066757202,3.055000066757202,4377,0.0,0.0
2024-05-24 09:30:00-04:00,3.0999999046325684,3.0999999046325684,3.049999952316284,3.094099998474121,1488,0.0,0.0
2024-05-24 11:30:00-04:00,3.069999933242798,3.069999933242798,3.059999942779541,3.059999942779541,878,0.0,0.0
2024-05-24 12:30:00-04:00,3.0797998905181885,3.0797998905181885,3.0797998905181885,3.0797998905181885,350,0.0,0.0
2024-05-24 13:30:00-04:00,3.0799999237060547,3.0799999237060547,3.0799999237060547,3.0799999237060547,945,0.0,0.0
2024-05-24 14:30:00-04:00,3.0399999618530273,3.0599000453948975,3.0399999618530273,3.0599000453948975,1285,0.0,0.0
2024-05-24 15:30:00-04:00,3.079400062561035,3.079400062561035,3.069700002670288,3.069700002670288,563,0.0,0.0
2024-05-28 09:30:00-04:00,3.0299999713897705,3.079900026321411,3.0299999713897705,3.069200038909912,3753,0.0,0.0
2024-05-28 10:30:00-04:00,3.079900026321411,3.079900026321411,3.079900026321411,3.079900026321411,282,0.0,0.0
2024-05-28 11:30:00-04:00,3.0899999141693115,3.0899999141693115,3.089900016784668,3.089900016784668,1348,0.0,0.0
2024-05-28 13:30:00-04:00,3.0785999298095703,3.0785999298095703,3.0601000785827637,3.0601000785827637,930,0.0,0.0
2024-05-28 14:30:00-04:00,3.0399999618530273,3.0499000549316406,3.030100107192993,3.0399999618530273,1411,0.0,0.0
2024-05-29 09:30:00-04:00,3.005000114440918,3.0450000762939453,3.005000114440918,3.0450000762939453,1396,0.0,0.0
2024-05-29 10:30:00-04:00,3.069999933242798,3.0799999237060547,3.0699000358581543,3.0699000358581543,2027,0.0,0.0
2024-05-29 13:30:00-04:00,3.0299999713897705,3.0299999713897705,3.0299999713897705,3.0299999713897705,219,0.0,0.0
2024-05-29 14:30:00-04:00,3.0299999713897705,3.039900064468384,3.0299999713897705,3.039900064468384,1615,0.0,0.0
2024-05-29 15:30:00-04:00,3.0199999809265137,3.0199999809265137,3.0199999809265137,3.0199999809265137,180,0.0,0.0
2024-05-30 10:30:00-04:00,3.0299999713897705,3.0299999713897705,3.0299999713897705,3.0299999713897705,766,0.0,0.0
2024-05-30 11:30:00-04:00,3.0299999713897705,3.0299999713897705,3.0299999713897705,3.0299999713897705,518,0.0,0.0
2024-05-30 13:30:00-04:00,3.0399999618530273,3.0399999618530273,3.0399999618530273,3.0399999618530273,789,0.0,0.0
2024-05-31 09:30:00-04:00,3.0299999713897705,3.0299999713897705,3.0299999713897705,3.0299999713897705,578,0.0,0.0
2024-05-31 10:30:00-04:00,3.0299999713897705,3.0299999713897705,3.0299999713897705,3.0299999713897705,249,0.0,0.0
2024-05-31 14:30:00-04:00,3.0350000858306885,3.0350000858306885,3.0350000858306885,3.0350000858306885,269,0.0,0.0
2024-05-31 15:30:00-04:00,3.0299999713897705,3.0499000549316406,3.0299999713897705,3.0499000549316406,736,0.0,0.0
2024-06-03 09:30:00-04:00,3.0499000549316406,3.0499000549316406,3.0499000549316406,3.0499000549316406,0,0.0,0.0
2024-06-03 11:30:00-04:00,3.049999952316284,3.049999952316284,3.049999952316284,3.049999952316284,256,0.0,0.0
2024-06-03 12:30:00-04:00,3.041100025177002,3.041100025177002,3.041100025177002,3.041100025177002,1301,0.0,0.0
2024-06-03 13:30:00-04:00,3.0399999618530273,3.04010009765625,3.0199999809265137,3.0199999809265137,3285,0.0,0.0
2024-06-03 14:30:00-04:00,3.009999990463257,3.009999990463257,3.009999990463257,3.009999990463257,1476,0.0,0.0
2024-06-03 15:30:00-04:00,3.0299999713897705,3.0299999713897705,3.0299999713897705,3.0299999713897705,100,0.0,0.0
2024-06-04 09:30:00-04:00,3.049999952316284,3.050299882888794,3.049999952316284,3.050100088119507,814,0.0,0.0
2024-06-04 11:30:00-04:00,3.015000104904175,3.0299999713897705,3.015000104904175,3.0299999713897705,1266,0.0,0.0
2024-06-04 12:30:00-04:00,3.0350000858306885,3.0399999618530273,3.0350000858306885,3.0399999618530273,3409,0.0,0.0
2024-06-04 13:30:00-04:00,3.0599000453948975,3.0599000453948975,3.0599000453948975,3.0599000453948975,5024,0.0,0.0
2024-06-04 14:30:00-04:00,3.0399999618530273,3.0399999618530273,3.0399999618530273,3.0399999618530273,233,0.0,0.0
2024-06-05 10:30:00-04:00,3.023200035095215,3.059999942779541,3.023200035095215,3.059999942779541,1100,0.0,0.0
2024-06-05 11:30:00-04:00,3.0336999893188477,3.0399999618530273,2.9193999767303467,2.990000009536743,5120,0.0,0.0
2024-06-05 12:30:00-04:00,2.990000009536743,3.049999952316284,2.990000009536743,3.049999952316284,4144,0.0,0.0
2024-06-05 13:30:00-04:00,3.049999952316284,3.049999952316284,3.049999952316284,3.049999952316284,219,0.0,0.0
2024-06-05 14:30:00-04:00,3.0399999618530273,3.0399999618530273,3.0299999713897705,3.0299999713897705,2137,0.0,0.0
2024-06-05 15:30:00-04:00,3.0399999618530273,3.049999952316284,3.0399999618530273,3.049999952316284,301,0.0,0.0
2024-06-06 10:30:00-04:00,3.055000066757202,3.055000066757202,3.055000066757202,3.055000066757202,445,0.0,0.0
2024-06-06 12:30:00-04:00,3.0399999618530273,3.0399999618530273,3.0399999618530273,3.0399999618530273,196,0.0,0.0
2024-06-06 13:30:00-04:00,3.059999942779541,3.059999942779541,3.059999942779541,3.059999942779541,578,0.0,0.0
2024-06-06 14:30:00-04:00,3.0000998973846436,3.0000998973846436,3.0000998973846436,3.0000998973846436,715,0.0,0.0
2024-06-07 09:30:00-04:00,2.9700000286102295,3.0599000453948975,2.9700000286102295,3.0499000549316406,2111,0.0,0.0
2024-06-07 12:30:00-04:00,3.024199962615967,3.024199962615967,3.024199962615967,3.024199962615967,213,0.0,0.0
2024-06-07 13:30:00-04:00,3.0313000679016113,3.0313000679016113,3.0313000679016113,3.0313000679016113,504,0.0,0.0
2024-06-10 09:30:00-04:00,3.0499000549316406,3.0499000549316406,3.0499000549316406,3.0499000549316406,532,0.0,0.0
2024-06-10 10:30:00-04:00,3.039799928665161,3.039799928665161,3.039799928665161,3.039799928665161,292,0.0,0.0
2024-06-10 11:30:00-04:00,3.015000104904175,3.0280001163482666,3.015000104904175,3.0280001163482666,524,0.0,0.0
2024-06-10 12:30:00-04:00,3.0250000953674316,3.0399999618530273,3.0250000953674316,3.0399999618530273,1022,0.0,0.0
2024-06-10 13:30:00-04:00,3.0199999809265137,3.0199999809265137,3.0199999809265137,3.0199999809265137,113,0.0,0.0
2024-06-10 15:30:00-04:00,3.0201001167297363,3.042799949645996,3.0201001167297363,3.04259991645813,1127,0.0,0.0
2024-06-11 09:30:00-04:00,3.0399999618530273,3.0399999618530273,3.0399999618530273,3.0399999618530273,0,0.0,0.0
2024-06-11 10:30:00-04:00,2.9700000286102295,2.9800000190734863,2.933500051498413,2.9800000190734863,1409,0.0,0.0
2024-06-11 12:30:00-04:00,2.9899001121520996,3.0299999713897705,2.9700000286102295,3.0299999713897705,2189,0.0,0.0
2024-06-12 09:30:00-04:00,3.009999990463257,3.009999990463257,3.009999990463257,3.009999990463257,641,0.0,0.0
2024-06-12 10:30:00-04:00,3.015000104904175,3.0299999713897705,3.015000104904175,3.0199999809265137,1170,0.0,0.0
2024-06-12 12:30:00-04:00,3.0450000762939453,3.0499000549316406,3.0399999618530273,3.0399999618530273,316,0.0,0.0
2024-06-12 13:30:00-04:00,3.0299999713897705,3.0299999713897705,3.0299999713897705,3.0299999713897705,776,0.0,0.0
2024-06-12 14:30:00-04:00,3.009999990463257,3.009999990463257,3.009999990463257,3.009999990463257,126,0.0,0.0
2024-06-12 15:30:00-04:00,3.0499000549316406,3.0499000549316406,3.0499000549316406,3.0499000549316406,139,0.0,0.0
2024-06-13 13:30:00-04:00,3.039900064468384,3.039900064468384,3.015000104904175,3.039900064468384,8127,0.0,0.0
2024-06-13 14:30:00-04:00,3.009999990463257,3.009999990463257,2.950000047683716,2.950000047683716,3721,0.0,0.0
2024-06-13 15:30:00-04:00,3.0299999713897705,3.0299999713897705,3.0,3.0,5900,0.0,0.0
2024-06-14 09:30:00-04:00,2.9600000381469727,2.9700000286102295,2.9400999546051025,2.944999933242798,9858,0.0,0.0
2024-06-14 10:30:00-04:00,2.9400999546051025,3.0,2.9400999546051025,3.0,1007,0.0,0.0
2024-06-14 12:30:00-04:00,2.9700000286102295,2.9700000286102295,2.9700000286102295,2.9700000286102295,256,0.0,0.0
2024-06-14 13:30:00-04:00,3.005000114440918,3.005000114440918,3.005000114440918,3.005000114440918,432,0.0,0.0
2024-06-14 15:30:00-04:00,3.039900064468384,3.039900064468384,3.009999990463257,3.009999990463257,1483,0.0,0.0
2024-06-17 15:30:00-04:00,2.990000009536743,3.0099000930786133,2.990000009536743,3.0099000930786133,937,0.0,0.0
2024-06-18 11:30:00-04:00,2.950000047683716,2.950000047683716,2.950000047683716,2.950000047683716,427,0.0,0.0
2024-06-18 12:30:00-04:00,2.966399908065796,2.966399908065796,2.96589994430542,2.96589994430542,1118,0.0,0.0
2024-06-18 14:30:00-04:00,2.9700000286102295,2.9700000286102295,2.9700000286102295,2.9700000286102295,127,0.0,0.0
2024-06-18 15:30:00-04:00,2.9600000381469727,2.9600000381469727,2.9600000381469727,2.9600000381469727,653,0.0,0.0
2024-06-20 09:30:00-04:00,2.999000072479248,2.999000072479248,2.999000072479248,2.999000072479248,0,0.0,0.0
2024-06-20 13:30:00-04:00,2.952399969100952,3.039900064468384,2.952399969100952,3.039900064468384,2293,0.0,0.0
2024-06-21 12:30:00-04:00,2.994999885559082,3.0199999809265137,2.994999885559082,3.0199999809265137,5321,0.0,0.0
2024-06-21 15:30:00-04:00,3.0199999809265137,3.0399999618530273,3.0199999809265137,3.0199999809265137,1394,0.0,0.0
2024-06-24 09:30:00-04:00,3.0199999809265137,3.0199999809265137,3.0199999809265137,3.0199999809265137,1010,0.0,0.0
2024-06-24 12:30:00-04:00,3.009999990463257,3.0199999809265137,3.009999990463257,3.0199999809265137,954,0.0,0.0
2024-06-24 14:30:00-04:00,3.0165998935699463,3.0199999809265137,3.0165998935699463,3.0199999809265137,1138,0.0,0.0
2024-06-24 15:30:00-04:00,3.0199999809265137,3.0199999809265137,3.0199999809265137,3.0199999809265137,631,0.0,0.0
2024-06-25 13:30:00-04:00,3.049999952316284,3.049999952316284,3.049999952316284,3.049999952316284,567,0.0,0.0
2024-06-26 09:30:00-04:00,3.009999990463257,3.049999952316284,3.009999990463257,3.049999952316284,1642,0.0,0.0
2024-06-26 12:30:00-04:00,3.0399999618530273,3.0450000762939453,3.0399999618530273,3.0450000762939453,2688,0.0,0.0
2024-06-26 15:30:00-04:00,3.0299999713897705,3.0299999713897705,3.009999990463257,3.009999990463257,573,0.0,0.0
2024-06-27 09:30:00-04:00,3.0,3.0,2.990000009536743,2.9995999336242676,3027,0.0,0.0
2024-06-27 10:30:00-04:00,2.9700000286102295,2.9700000286102295,2.933300018310547,2.940000057220459,2661,0.0,0.0
2024-06-27 11:30:00-04:00,2.920099973678589,2.9800000190734863,2.920099973678589,2.9800000190734863,774,0.0,0.0
2024-06-27 14:30:00-04:00,2.9549999237060547,3.0,2.9549999237060547,3.0,5109,0.0,0.0
2024-06-28 09:30:00-04:00,3.0,3.0,2.9200000762939453,2.9800000190734863,801,0.0,0.0
2024-06-28 15:30:00-04:00,2.990000009536743,3.049999952316284,2.990000009536743,3.049999952316284,2228,0.0,0.0
2024-07-01 09:30:00-04:00,3.0799999237060547,3.0799999237060547,2.990000009536743,2.990000009536743,0,0.0,0.0
2024-07-01 10:30:00-04:00,2.9700000286102295,2.984999895095825,2.940000057220459,2.982300043106079,3072,0.0,0.0
2024-07-01 11:30:00-04:00,2.950000047683716,2.990000009536743,2.9000000953674316,2.9000000953674316,3285,0.0,0.0
2024-07-01 12:30:00-04:00,2.904400110244751,2.9800000190734863,2.9000000953674316,2.9800000190734863,2798,0.0,0.0
2024-07-01 13:30:00-04:00,2.9100000858306885,2.9200000762939453,2.9100000858306885,2.9100000858306885,1419,0.0,0.0
2024-07-01 14:30:00-04:00,2.9142000675201416,2.9142000675201416,2.9100000858306885,2.9100000858306885,4357,0.0,0.0
2024-07-01 15:30:00-04:00,2.9298999309539795,2.930000066757202,2.9000000953674316,2.929800033569336,6130,0.0,0.0
2024-07-02 09:30:00-04:00,2.880000114440918,3.0299999713897705,2.880000114440918,2.9200000762939453,3905,0.0,0.0
2024-07-02 10:30:00-04:00,2.940000057220459,2.940000057220459,2.940000057220459,2.940000057220459,1061,0.0,0.0
2024-07-02 11:30:00-04:00,2.899899959564209,2.899899959564209,2.899899959564209,2.899899959564209,328,0.0,0.0
2024-07-02 12:30:00-04:00,2.9000000953674316,2.9800000190734863,2.890000104904175,2.9179000854492188,8175,0.0,0.0
2024-07-02 15:30:00-04:00,2.9149999618530273,2.9749999046325684,2.9100000858306885,2.9700000286102295,2031,0.0,0.0
2024-07-03 09:30:00-04:00,2.9200000762939453,2.9200000762939453,2.9200000762939453,2.9200000762939453,140,0.0,0.0
2024-07-03 11:30:00-04:00,2.9798998832702637,2.9800000190734863,2.9565999507904053,2.9800000190734863,4622,0.0,0.0
2024-07-05 09:30:00-04:00,3.0,3.0,2.944999933242798,2.944999933242798,0,0.0,0.0
2024-07-05 10:30:00-04:00,2.9398999214172363,2.9999001026153564,2.9398999214172363,2.940000057220459,6354,0.0,0.0
2024-07-05 11:30:00-04:00,2.930000066757202,2.940000057220459,2.930000066757202,2.940000057220459,1802,0.0,0.0
2024-07-05 14:30:00-04:00,2.9203999042510986,2.950000047683716,2.9000000953674316,2.950000047683716,8009,0.0,0.0
2024-07-05 15:30:00-04:00,2.950000047683716,2.950000047683716,2.950000047683716,2.950000047683716,607,0.0,0.0
2024-07-08 09:30:00-04:00,2.9798998832702637,2.9798998832702637,2.880000114440918,2.9695000648498535,1906,0.0,0.0
2024-07-08 11:30:00-04:00,2.88070011138916,2.9000000953674316,2.88070011138916,2.9000000953674316,2571,0.0,0.0
2024-07-08 12:30:00-04:00,2.940000057220459,2.9481000900268555,2.930000066757202,2.930000066757202,957,0.0,0.0
2024-07-08 13:30:00-04:00,2.9110000133514404,2.9200000762939453,2.9110000133514404,2.9200000762939453,624,0.0,0.0
2024-07-08 15:30:00-04:00,2.930000066757202,2.9679999351501465,2.930000066757202,2.9679999351501465,2075,0.0,0.0
2024-07-09 09:30:00-04:00,2.926500082015991,2.926500082015991,2.926500082015991,2.926500082015991,470,0.0,0.0
2024-07-09 11:30:00-04:00,2.950000047683716,2.950000047683716,2.950000047683716,2.950000047683716,104,0.0,0.0
2024-07-09 12:30:00-04:00,2.949899911880493,2.949899911880493,2.949899911880493,2.949899911880493,443,0.0,0.0
2024-07-09 14:30:00-04:00,2.9200000762939453,2.9200000762939453,2.9200000762939453,2.9200000762939453,551,0.0,0.0
2024-07-10 09:30:00-04:00,2.9700000286102295,2.9700000286102295,2.9700000286102295,2.9700000286102295,514,0.0,0.0
2024-07-10 11:30:00-04:00,2.9700000286102295,2.9700000286102295,2.950000047683716,2.950000047683716,608,0.0,0.0
2024-07-10 13:30:00-04:00,2.9600000381469727,2.9600000381469727,2.9600000381469727,2.9600000381469727,484,0.0,0.0
2024-07-10 15:30:00-04:00,2.900399923324585,2.9588000774383545,2.900399923324585,2.9588000774383545,1635,0.0,0.0
2024-07-11 09:30:00-04:00,2.9000000953674316,2.949899911880493,2.9000000953674316,2.949899911880493,0,0.0,0.0
2024-07-11 10:30:00-04:00,2.9298999309539795,2.9298999309539795,2.9296998977661133,2.9296998977661133,1943,0.0,0.0
2024-07-11 14:30:00-04:00,2.9458000659942627,2.9458000659942627,2.9458000659942627,2.9458000659942627,152,0.0,0.0
2024-07-12 12:30:00-04:00,2.944999933242798,2.944999933242798,2.944999933242798,2.944999933242798,1072,0.0,0.0
2024-07-12 13:30:00-04:00,2.950000047683716,2.950000047683716,2.944999933242798,2.949899911880493,839,0.0,0.0
2024-07-12 14:30:00-04:00,2.944999933242798,2.944999933242798,2.944999933242798,2.944999933242798,202,0.0,0.0
2024-07-15 09:30:00-04:00,2.9600000381469727,2.9600000381469727,2.9600000381469727,2.9600000381469727,0,0.0,0.0
2024-07-15 10:30:00-04:00,2.9539999961853027,2.9600000381469727,2.9539999961853027,2.9600000381469727,2926,0.0,0.0
2024-07-15 12:30:00-04:00,2.9809999465942383,2.9809999465942383,2.9800000190734863,2.9800000190734863,1184,0.0,0.0
2024-07-15 13:30:00-04:00,2.985100030899048,2.985100030899048,2.985100030899048,2.985100030899048,173,0.0,0.0
2024-07-15 14:30:00-04:00,2.979300022125244,2.990000009536743,2.9760000705718994,2.990000009536743,2969,0.0,0.0
2024-07-15 15:30:00-04:00,3.0,3.0,2.9800000190734863,2.990000009536743,5131,0.0,0.0
2024-07-16 09:30:00-04:00,2.9700000286102295,2.9999001026153564,2.9700000286102295,2.9997000694274902,4973,0.0,0.0
2024-07-16 12:30:00-04:00,2.992000102996826,3.0,2.992000102996826,3.0,10335,0.0,0.0
2024-07-16 13:30:00-04:00,2.994999885559082,2.994999885559082,2.994999885559082,2.994999885559082,1022,0.0,0.0
2024-07-16 14:30:00-04:00,3.0,3.0,2.994999885559082,3.0,8082,0.0,0.0
2024-07-16 15:30:00-04:00,2.9900999069213867,2.994999885559082,2.990000009536743,2.990000009536743,20106,0.0,0.0
2024-07-17 09:30:00-04:00,2.9800000190734863,2.990000009536743,2.9800000190734863,2.990000009536743,477,0.0,0.0
2024-07-17 10:30:00-04:00,2.984999895095825,2.990000009536743,2.984999895095825,2.990000009536743,1360,0.0,0.0
2024-07-17 11:30:00-04:00,2.9902000427246094,2.9902000427246094,2.9902000427246094,2.9902000427246094,369,0.0,0.0
2024-07-17 15:30:00-04:00,2.9941999912261963,2.9941999912261963,2.9941999912261963,2.9941999912261963,352,0.0,0.0
2024-07-18 13:30:00-04:00,2.9800000190734863,2.990000009536743,2.9800000190734863,2.990000009536743,385,0.0,0.0
2024-07-18 14:30:00-04:00,2.9700000286102295,2.990000009536743,2.9700000286102295,2.990000009536743,549,0.0,0.0
2024-07-19 09:30:00-04:00,3.0,3.0,3.0,3.0,255,0.0,0.0
2024-07-19 10:30:00-04:00,2.9800000190734863,2.9800000190734863,2.9700000286102295,2.9700000286102295,307,0.0,0.0
2024-07-19 14:30:00-04:00,2.990000009536743,2.990000009536743,2.990000009536743,2.990000009536743,320,0.0,0.0
