Datetime,Open,High,Low,Close,Volume,Dividends,Stock Splits
2022-07-21 09:30:00-04:00,45.34000015258789,45.459999084472656,45.08000183105469,45.209999084472656,81236,0.0,0.0
2022-07-21 10:30:00-04:00,45.20000076293945,45.349998474121094,45.150001525878906,45.34000015258789,71209,0.0,0.0
2022-07-21 11:30:00-04:00,45.34000015258789,45.529998779296875,45.33000183105469,45.52000045776367,74728,0.0,0.0
2022-07-21 12:30:00-04:00,45.5099983215332,45.59000015258789,45.459999084472656,45.54999923706055,63610,0.0,0.0
2022-07-21 13:30:00-04:00,45.529998779296875,45.630001068115234,45.40999984741211,45.61000061035156,60545,0.0,0.0
2022-07-21 14:30:00-04:00,45.61000061035156,45.630001068115234,45.529998779296875,45.58000183105469,61891,0.0,0.0
2022-07-21 15:30:00-04:00,45.57500076293945,45.720001220703125,45.4900016784668,45.70500183105469,121153,0.0,0.0
2022-07-22 09:30:00-04:00,45.9900016784668,46.10499954223633,45.68000030517578,45.959999084472656,117433,0.0,0.0
2022-07-22 10:30:00-04:00,45.959999084472656,46.22999954223633,45.91400146484375,46.130001068115234,78454,0.0,0.0
2022-07-22 11:30:00-04:00,46.13999938964844,46.17919921875,45.994998931884766,46.060001373291016,42847,0.0,0.0
2022-07-22 12:30:00-04:00,46.08000183105469,46.13999938964844,45.900001525878906,45.91999816894531,33899,0.0,0.0
2022-07-22 13:30:00-04:00,45.90999984741211,45.90999984741211,45.7400016784668,45.768001556396484,41735,0.0,0.0
2022-07-22 14:30:00-04:00,45.75,45.90420150756836,45.709999084472656,45.86000061035156,55554,0.0,0.0
2022-07-22 15:30:00-04:00,45.8650016784668,46.02000045776367,45.81999969482422,45.98500061035156,120075,0.0,0.0
2022-07-25 09:30:00-04:00,46.060001373291016,46.2599983215332,45.81999969482422,46.15999984741211,85880,0.0,0.0
2022-07-25 10:30:00-04:00,46.11000061035156,46.20000076293945,46.01499938964844,46.189998626708984,88228,0.0,0.0
2022-07-25 11:30:00-04:00,46.18000030517578,46.28499984741211,46.08000183105469,46.18000030517578,44737,0.0,0.0
2022-07-25 12:30:00-04:00,46.185001373291016,46.209999084472656,46.08000183105469,46.1150016784668,75118,0.0,0.0
2022-07-25 13:30:00-04:00,46.119998931884766,46.2599983215332,46.09000015258789,46.25,85110,0.0,0.0
2022-07-25 14:30:00-04:00,46.25,46.29999923706055,46.1150016784668,46.15999984741211,99660,0.0,0.0
2022-07-25 15:30:00-04:00,46.150001525878906,46.5,46.13999938964844,46.40999984741211,196137,0.0,0.0
2022-07-26 09:30:00-04:00,46.40999984741211,46.91999816894531,46.349998474121094,46.72999954223633,155805,0.0,0.0
2022-07-26 10:30:00-04:00,46.75,46.81999969482422,46.570098876953125,46.77000045776367,92351,0.0,0.0
2022-07-26 11:30:00-04:00,46.779998779296875,46.95000076293945,46.70500183105469,46.95000076293945,108269,0.0,0.0
2022-07-26 12:30:00-04:00,46.959999084472656,47.125,46.89500045776367,47.125,114152,0.0,0.0
2022-07-26 13:30:00-04:00,47.125,47.16999816894531,47.040000915527344,47.060001373291016,131783,0.0,0.0
2022-07-26 14:30:00-04:00,47.05939865112305,47.16999816894531,47.0,47.119998931884766,151895,0.0,0.0
2022-07-26 15:30:00-04:00,47.130001068115234,47.2599983215332,47.099998474121094,47.209999084472656,230294,0.0,0.0
2022-07-27 09:30:00-04:00,47.040000915527344,47.220001220703125,46.97999954223633,47.04999923706055,201827,0.0,0.0
2022-07-27 10:30:00-04:00,47.029998779296875,47.18000030517578,46.939998626708984,47.04999923706055,124421,0.0,0.0
2022-07-27 11:30:00-04:00,47.04999923706055,47.079898834228516,46.744998931884766,46.790000915527344,77068,0.0,0.0
2022-07-27 12:30:00-04:00,46.810001373291016,46.845298767089844,46.689998626708984,46.7400016784668,81530,0.0,0.0
2022-07-27 13:30:00-04:00,46.720001220703125,47.099998474121094,46.720001220703125,46.79999923706055,286167,0.0,0.0
2022-07-27 14:30:00-04:00,46.79999923706055,47.27000045776367,46.790000915527344,47.27000045776367,264213,0.0,0.0
2022-07-27 15:30:00-04:00,47.27000045776367,47.404998779296875,47.130001068115234,47.130001068115234,335538,0.0,0.0
2022-07-28 09:30:00-04:00,46.90999984741211,46.970001220703125,46.54999923706055,46.630001068115234,188804,0.0,0.0
2022-07-28 10:30:00-04:00,46.64830017089844,47.150001525878906,46.599998474121094,47.130001068115234,179363,0.0,0.0
2022-07-28 11:30:00-04:00,47.130001068115234,47.130001068115234,46.900001525878906,47.040000915527344,101220,0.0,0.0
2022-07-28 12:30:00-04:00,47.029998779296875,47.08000183105469,46.92499923706055,46.97999954223633,103253,0.0,0.0
2022-07-28 13:30:00-04:00,46.98500061035156,47.06999969482422,46.92499923706055,46.95500183105469,106546,0.0,0.0
2022-07-28 14:30:00-04:00,46.959999084472656,47.02000045776367,46.820098876953125,46.95000076293945,154463,0.0,0.0
2022-07-28 15:30:00-04:00,46.939998626708984,47.14500045776367,46.915000915527344,47.06999969482422,279942,0.0,0.0
2022-07-29 09:30:00-04:00,47.130001068115234,47.77000045776367,46.91999816894531,47.7400016784668,199811,0.0,0.0
2022-07-29 10:30:00-04:00,47.72999954223633,47.83000183105469,47.45500183105469,47.505001068115234,132355,0.0,0.0
2022-07-29 11:30:00-04:00,47.5099983215332,47.665000915527344,47.439998626708984,47.564998626708984,126101,0.0,0.0
2022-07-29 12:30:00-04:00,47.564998626708984,47.810001373291016,47.564998626708984,47.670101165771484,162575,0.0,0.0
2022-07-29 13:30:00-04:00,47.67499923706055,47.7599983215332,47.560001373291016,47.599998474121094,146285,0.0,0.0
2022-07-29 14:30:00-04:00,47.599998474121094,47.619998931884766,47.4900016784668,47.52000045776367,157275,0.0,0.0
2022-07-29 15:30:00-04:00,47.51499938964844,47.619998931884766,47.4900016784668,47.61000061035156,317288,0.0,0.0
2022-08-01 09:30:00-04:00,47.56999969482422,47.61000061035156,47.220001220703125,47.290000915527344,155183,0.0,0.0
2022-08-01 10:30:00-04:00,47.290000915527344,47.619998931884766,47.22999954223633,47.38999938964844,143352,0.0,0.0
2022-08-01 11:30:00-04:00,47.380001068115234,47.540000915527344,47.314998626708984,47.439998626708984,114837,0.0,0.0
2022-08-01 12:30:00-04:00,47.43000030517578,47.54999923706055,47.40999984741211,47.439998626708984,92635,0.0,0.0
2022-08-01 13:30:00-04:00,47.439998626708984,47.599998474121094,47.35499954223633,47.599998474121094,85400,0.0,0.0
2022-08-01 14:30:00-04:00,47.599998474121094,47.67499923706055,47.452999114990234,47.48500061035156,120016,0.0,0.0
2022-08-01 15:30:00-04:00,47.47999954223633,47.47999954223633,47.2400016784668,47.33000183105469,210327,0.0,0.0
2022-08-02 09:30:00-04:00,47.130001068115234,47.369998931884766,47.040000915527344,47.130001068115234,153345,0.0,0.0
2022-08-02 10:30:00-04:00,47.13999938964844,47.16999816894531,46.880001068115234,47.11000061035156,141293,0.0,0.0
2022-08-02 11:30:00-04:00,47.11000061035156,47.29999923706055,47.08000183105469,47.290000915527344,106673,0.0,0.0
2022-08-02 12:30:00-04:00,47.29999923706055,47.40999984741211,47.15999984741211,47.189998626708984,103980,0.0,0.0
2022-08-02 13:30:00-04:00,47.18000030517578,47.18000030517578,46.9900016784668,47.12900161743164,122843,0.0,0.0
2022-08-02 14:30:00-04:00,47.14500045776367,47.18000030517578,46.744998931884766,46.84000015258789,165239,0.0,0.0
2022-08-02 15:30:00-04:00,46.82500076293945,46.974998474121094,46.70000076293945,46.779998779296875,240933,0.0,0.0
2022-08-03 09:30:00-04:00,46.7599983215332,47.97999954223633,46.7599983215332,47.71500015258789,388470,0.0,0.0
2022-08-03 10:30:00-04:00,47.72999954223633,48.23860168457031,47.689998626708984,48.099998474121094,245861,0.0,0.0
2022-08-03 11:30:00-04:00,48.11000061035156,48.38999938964844,47.900001525878906,48.2599983215332,170794,0.0,0.0
2022-08-03 12:30:00-04:00,48.269901275634766,48.310001373291016,48.099998474121094,48.16999816894531,164575,0.0,0.0
2022-08-03 13:30:00-04:00,48.16999816894531,48.20000076293945,47.869998931884766,47.869998931884766,202534,0.0,0.0
2022-08-03 14:30:00-04:00,47.869998931884766,47.880001068115234,47.150001525878906,47.19499969482422,210881,0.0,0.0
2022-08-03 15:30:00-04:00,47.20500183105469,47.279998779296875,47.099998474121094,47.130001068115234,380274,0.0,0.0
2022-08-04 09:30:00-04:00,47.0,47.22990036010742,46.59000015258789,46.709999084472656,150553,0.0,0.0
2022-08-04 10:30:00-04:00,46.665000915527344,46.88999938964844,46.5,46.86000061035156,86562,0.0,0.0
2022-08-04 11:30:00-04:00,46.86000061035156,46.959999084472656,46.560001373291016,46.624000549316406,80164,0.0,0.0
2022-08-04 12:30:00-04:00,46.599998474121094,46.599998474121094,46.2599983215332,46.529998779296875,75606,0.0,0.0
2022-08-04 13:30:00-04:00,46.52000045776367,46.54999923706055,46.38999938964844,46.5099983215332,81190,0.0,0.0
2022-08-04 14:30:00-04:00,46.529998779296875,46.58000183105469,46.40999984741211,46.470001220703125,68466,0.0,0.0
2022-08-04 15:30:00-04:00,46.47999954223633,46.52000045776367,46.279998779296875,46.43000030517578,164748,0.0,0.0
2022-08-05 09:30:00-04:00,46.18000030517578,46.31999969482422,45.790000915527344,45.79560089111328,77562,0.0,0.0
2022-08-05 10:30:00-04:00,45.79999923706055,45.939998626708984,45.689998626708984,45.814998626708984,66291,0.0,0.0
2022-08-05 11:30:00-04:00,45.81769943237305,45.994998931884766,45.7599983215332,45.95000076293945,54290,0.0,0.0
2022-08-05 12:30:00-04:00,45.959999084472656,46.099998474121094,45.90999984741211,46.0099983215332,51811,0.0,0.0
2022-08-05 13:30:00-04:00,46.0099983215332,46.10559844970703,45.81999969482422,45.834999084472656,60231,0.0,0.0
2022-08-05 14:30:00-04:00,45.810001373291016,46.0099983215332,45.810001373291016,45.959999084472656,72303,0.0,0.0
2022-08-05 15:30:00-04:00,45.95000076293945,46.119998931884766,45.95000076293945,46.11000061035156,164945,0.0,0.0
2022-08-08 09:30:00-04:00,46.349998474121094,46.779998779296875,46.33000183105469,46.7400016784668,90131,0.0,0.0
2022-08-08 10:30:00-04:00,46.7599983215332,46.900001525878906,46.70000076293945,46.83000183105469,112420,0.0,0.0
2022-08-08 11:30:00-04:00,46.810001373291016,46.81999969482422,46.375,46.41999816894531,115406,0.0,0.0
2022-08-08 12:30:00-04:00,46.404998779296875,46.529998779296875,46.38999938964844,46.45000076293945,38322,0.0,0.0
2022-08-08 13:30:00-04:00,46.439998626708984,46.52000045776367,46.439998626708984,46.5099983215332,39847,0.0,0.0
2022-08-08 14:30:00-04:00,46.52000045776367,46.55799865722656,46.40399932861328,46.54999923706055,59640,0.0,0.0
2022-08-08 15:30:00-04:00,46.540000915527344,46.665000915527344,46.4900016784668,46.58000183105469,122217,0.0,0.0
2022-08-09 09:30:00-04:00,46.63999938964844,46.83000183105469,46.47999954223633,46.59000015258789,99297,0.0,0.0
2022-08-09 10:30:00-04:00,46.599998474121094,46.68000030517578,46.47999954223633,46.63999938964844,65948,0.0,0.0
2022-08-09 11:30:00-04:00,46.63999938964844,46.751800537109375,46.630001068115234,46.681800842285156,54722,0.0,0.0
2022-08-09 12:30:00-04:00,46.709999084472656,46.8650016784668,46.689998626708984,46.84000015258789,78316,0.0,0.0
2022-08-09 13:30:00-04:00,46.84000015258789,46.88999938964844,46.76499938964844,46.790000915527344,72936,0.0,0.0
2022-08-09 14:30:00-04:00,46.78499984741211,47.20000076293945,46.78499984741211,47.18000030517578,314461,0.0,0.0
2022-08-09 15:30:00-04:00,47.18000030517578,47.310001373291016,47.130001068115234,47.310001373291016,306664,0.0,0.0
2022-08-10 09:30:00-04:00,47.810001373291016,47.91899871826172,47.470001220703125,47.52000045776367,95806,0.0,0.0
2022-08-10 10:30:00-04:00,47.529998779296875,47.619998931884766,47.47999954223633,47.61000061035156,168808,0.0,0.0
2022-08-10 11:30:00-04:00,47.61000061035156,47.68000030517578,47.40359878540039,47.560001373291016,251306,0.0,0.0
2022-08-10 12:30:00-04:00,47.56999969482422,47.70000076293945,47.525001525878906,47.61000061035156,152231,0.0,0.0
2022-08-10 13:30:00-04:00,47.599998474121094,47.724998474121094,47.56999969482422,47.685001373291016,191908,0.0,0.0
2022-08-10 14:30:00-04:00,47.685001373291016,47.7599983215332,47.63999938964844,47.755001068115234,109573,0.0,0.0
2022-08-10 15:30:00-04:00,47.75,48.0099983215332,47.7400016784668,48.0099983215332,353953,0.0,0.0
2022-08-11 09:30:00-04:00,48.0,48.2400016784668,47.880001068115234,48.209999084472656,110250,0.0,0.0
2022-08-11 10:30:00-04:00,48.2400016784668,48.31999969482422,48.0099983215332,48.099998474121094,75913,0.0,0.0
2022-08-11 11:30:00-04:00,48.09000015258789,48.11000061035156,47.880001068115234,47.959999084472656,83091,0.0,0.0
2022-08-11 12:30:00-04:00,47.959999084472656,48.03950119018555,47.939998626708984,48.025001525878906,69084,0.0,0.0
2022-08-11 13:30:00-04:00,48.0099983215332,48.11000061035156,47.939998626708984,48.0,78750,0.0,0.0
2022-08-11 14:30:00-04:00,48.0,48.0,47.77000045776367,47.88999938964844,99174,0.0,0.0
2022-08-11 15:30:00-04:00,47.869998931884766,47.88999938964844,47.70000076293945,47.83000183105469,118648,0.0,0.0
2022-08-12 09:30:00-04:00,48.11000061035156,48.25,47.869998931884766,47.91999816894531,88700,0.0,0.0
2022-08-12 10:30:00-04:00,47.939998626708984,48.0099983215332,47.83000183105469,47.98500061035156,89967,0.0,0.0
2022-08-12 11:30:00-04:00,47.994998931884766,48.03499984741211,47.915000915527344,47.95000076293945,86862,0.0,0.0
2022-08-12 12:30:00-04:00,47.939998626708984,48.040000915527344,47.83000183105469,48.029998779296875,94646,0.0,0.0
2022-08-12 13:30:00-04:00,48.029998779296875,48.16999816894531,48.025001525878906,48.15999984741211,71927,0.0,0.0
2022-08-12 14:30:00-04:00,48.16999816894531,48.20000076293945,48.05500030517578,48.060001373291016,85932,0.0,0.0
2022-08-12 15:30:00-04:00,48.060001373291016,48.19499969482422,47.9900016784668,48.119998931884766,212361,0.0,0.0
2022-08-15 09:30:00-04:00,48.08000183105469,48.29999923706055,48.0,48.28499984741211,84732,0.0,0.0
2022-08-15 10:30:00-04:00,48.27000045776367,48.34000015258789,48.11000061035156,48.15999984741211,66967,0.0,0.0
2022-08-15 11:30:00-04:00,48.150001525878906,48.34000015258789,48.09000015258789,48.32500076293945,87347,0.0,0.0
2022-08-15 12:30:00-04:00,48.33000183105469,48.41999816894531,48.20000076293945,48.266998291015625,100363,0.0,0.0
2022-08-15 13:30:00-04:00,48.25,48.255001068115234,48.04999923706055,48.130001068115234,118592,0.0,0.0
2022-08-15 14:30:00-04:00,48.130001068115234,48.189998626708984,48.04999923706055,48.09000015258789,107742,0.0,0.0
2022-08-15 15:30:00-04:00,48.084999084472656,48.165000915527344,48.060001373291016,48.099998474121094,228584,0.0,0.0
2022-08-16 09:30:00-04:00,47.79999923706055,48.09000015258789,47.70000076293945,47.86000061035156,96993,0.0,0.0
2022-08-16 10:30:00-04:00,47.86000061035156,47.95429992675781,47.79999923706055,47.92499923706055,80341,0.0,0.0
2022-08-16 11:30:00-04:00,47.93000030517578,47.9900016784668,47.7599983215332,47.97999954223633,168602,0.0,0.0
2022-08-16 12:30:00-04:00,47.970001220703125,47.97999954223633,47.75,47.900001525878906,101377,0.0,0.0
2022-08-16 13:30:00-04:00,47.900001525878906,48.28499984741211,47.560001373291016,48.244998931884766,350161,0.0,0.0
2022-08-16 14:30:00-04:00,48.244998931884766,48.2599983215332,47.72999954223633,47.77000045776367,749249,0.0,0.0
2022-08-16 15:30:00-04:00,47.75,47.83000183105469,47.66999816894531,47.72999954223633,230306,0.0,0.0
2022-08-17 09:30:00-04:00,47.540000915527344,47.650001525878906,47.34000015258789,47.459999084472656,102934,0.0,0.0
2022-08-17 10:30:00-04:00,47.439998626708984,47.47999954223633,47.099998474121094,47.185001373291016,115833,0.0,0.0
2022-08-17 11:30:00-04:00,47.189998626708984,47.47999954223633,47.130001068115234,47.470001220703125,75837,0.0,0.0
2022-08-17 12:30:00-04:00,47.470001220703125,47.59199905395508,47.470001220703125,47.54999923706055,69394,0.0,0.0
2022-08-17 13:30:00-04:00,47.54999923706055,47.72999954223633,47.48210144042969,47.66999816894531,77830,0.0,0.0
2022-08-17 14:30:00-04:00,47.619998931884766,47.70000076293945,47.34000015258789,47.38999938964844,110700,0.0,0.0
2022-08-17 15:30:00-04:00,47.369998931884766,47.540000915527344,47.34000015258789,47.4900016784668,124936,0.0,0.0
2022-08-18 09:30:00-04:00,47.5099983215332,47.58000183105469,47.400001525878906,47.40999984741211,49499,0.0,0.0
2022-08-18 10:30:00-04:00,47.40999984741211,47.40999984741211,47.26499938964844,47.369998931884766,82654,0.0,0.0
2022-08-18 11:30:00-04:00,47.375,47.5,47.2400016784668,47.2400016784668,108179,0.0,0.0
2022-08-18 12:30:00-04:00,47.22999954223633,47.25,47.08000183105469,47.13999938964844,55535,0.0,0.0
2022-08-18 13:30:00-04:00,47.13999938964844,47.150001525878906,47.005001068115234,47.06999969482422,51106,0.0,0.0
2022-08-18 14:30:00-04:00,47.064998626708984,47.255001068115234,47.04999923706055,47.2400016784668,69242,0.0,0.0
2022-08-18 15:30:00-04:00,47.25,47.400001525878906,47.20500183105469,47.290000915527344,189522,0.0,0.0
2022-08-19 09:30:00-04:00,47.16999816894531,47.22999954223633,46.86000061035156,46.97999954223633,98535,0.0,0.0
2022-08-19 10:30:00-04:00,47.0,47.0,46.810001373291016,46.946998596191406,159857,0.0,0.0
2022-08-19 11:30:00-04:00,46.939998626708984,47.099998474121094,46.91999816894531,47.029998779296875,53039,0.0,0.0
2022-08-19 12:30:00-04:00,47.02000045776367,47.08000183105469,46.93000030517578,46.970001220703125,40782,0.0,0.0
2022-08-19 13:30:00-04:00,46.959999084472656,46.959999084472656,46.80500030517578,46.939998626708984,37938,0.0,0.0
2022-08-19 14:30:00-04:00,46.939998626708984,47.04999923706055,46.849998474121094,46.92499923706055,110037,0.0,0.0
2022-08-19 15:30:00-04:00,46.92499923706055,47.005001068115234,46.810001373291016,46.91999816894531,126408,0.0,0.0
2022-08-22 09:30:00-04:00,46.66999816894531,46.86000061035156,46.59000015258789,46.7599983215332,77256,0.0,0.0
2022-08-22 10:30:00-04:00,46.7599983215332,46.9375,46.7599983215332,46.84000015258789,51325,0.0,0.0
2022-08-22 11:30:00-04:00,46.83000183105469,46.83000183105469,46.668701171875,46.668701171875,63155,0.0,0.0
2022-08-22 12:30:00-04:00,46.65999984741211,46.68000030517578,46.40999984741211,46.415000915527344,46821,0.0,0.0
2022-08-22 13:30:00-04:00,46.40999984741211,46.52399826049805,46.369998931884766,46.52399826049805,65915,0.0,0.0
2022-08-22 14:30:00-04:00,46.5099983215332,46.66999816894531,46.505001068115234,46.630001068115234,118963,0.0,0.0
2022-08-22 15:30:00-04:00,46.619998931884766,46.64500045776367,46.48500061035156,46.54999923706055,223690,0.0,0.0
2022-08-23 09:30:00-04:00,46.5,46.52000045776367,46.06999969482422,46.06999969482422,49681,0.0,0.0
2022-08-23 10:30:00-04:00,46.09000015258789,46.209999084472656,45.720001220703125,45.720001220703125,78436,0.0,0.0
2022-08-23 11:30:00-04:00,45.720001220703125,45.86000061035156,45.70000076293945,45.72999954223633,30113,0.0,0.0
2022-08-23 12:30:00-04:00,45.689998626708984,45.880001068115234,45.689998626708984,45.86000061035156,27327,0.0,0.0
2022-08-23 13:30:00-04:00,45.88999938964844,45.939998626708984,45.68000030517578,45.77000045776367,28938,0.0,0.0
2022-08-23 14:30:00-04:00,45.790000915527344,46.03499984741211,45.77000045776367,46.029998779296875,44306,0.0,0.0
2022-08-23 15:30:00-04:00,46.02000045776367,46.029998779296875,45.79999923706055,45.81999969482422,102697,0.0,0.0
2022-08-24 09:30:00-04:00,46.130001068115234,46.2599983215332,45.849998474121094,46.230098724365234,101040,0.0,0.0
2022-08-24 10:30:00-04:00,46.209999084472656,46.22999954223633,46.08000183105469,46.18000030517578,39816,0.0,0.0
2022-08-24 11:30:00-04:00,46.16999816894531,46.220001220703125,46.06999969482422,46.084999084472656,39412,0.0,0.0
2022-08-24 12:30:00-04:00,46.06999969482422,46.13999938964844,46.0099983215332,46.119998931884766,31789,0.0,0.0
2022-08-24 13:30:00-04:00,46.11349868774414,46.189998626708984,46.029998779296875,46.08000183105469,66612,0.0,0.0
2022-08-24 14:30:00-04:00,46.06999969482422,46.099998474121094,45.91999816894531,45.9900016784668,41522,0.0,0.0
2022-08-24 15:30:00-04:00,45.98899841308594,46.064998626708984,45.95500183105469,46.04999923706055,88009,0.0,0.0
2022-08-25 09:30:00-04:00,46.2400016784668,46.41999816894531,46.060001373291016,46.380001068115234,117294,0.0,0.0
2022-08-25 10:30:00-04:00,46.38999938964844,46.43000030517578,46.220001220703125,46.22999954223633,47564,0.0,0.0
2022-08-25 11:30:00-04:00,46.22999954223633,46.32500076293945,46.189998626708984,46.25,61265,0.0,0.0
2022-08-25 12:30:00-04:00,46.25,46.29999923706055,46.20000076293945,46.279998779296875,34441,0.0,0.0
2022-08-25 13:30:00-04:00,46.279998779296875,46.40999984741211,46.255001068115234,46.39500045776367,46471,0.0,0.0
2022-08-25 14:30:00-04:00,46.40999984741211,46.43000030517578,46.290000915527344,46.40999984741211,45092,0.0,0.0
2022-08-25 15:30:00-04:00,46.40999984741211,46.4900016784668,46.35499954223633,46.47999954223633,102430,0.0,0.0
2022-08-26 09:30:00-04:00,46.40999984741211,46.58000183105469,45.959999084472656,45.97999954223633,63390,0.0,0.0
2022-08-26 10:30:00-04:00,45.939998626708984,45.95000076293945,45.79999923706055,45.900001525878906,36857,0.0,0.0
2022-08-26 11:30:00-04:00,45.900001525878906,46.150001525878906,45.88999938964844,46.11000061035156,106590,0.0,0.0
2022-08-26 12:30:00-04:00,46.119998931884766,46.310001373291016,46.060001373291016,46.279998779296875,52109,0.0,0.0
2022-08-26 13:30:00-04:00,46.27000045776367,46.27000045776367,46.08000183105469,46.11000061035156,35718,0.0,0.0
2022-08-26 14:30:00-04:00,46.099998474121094,46.099998474121094,45.810001373291016,45.880001068115234,46348,0.0,0.0
2022-08-26 15:30:00-04:00,45.869998931884766,45.880001068115234,45.66999816894531,45.66999816894531,171767,0.0,0.0
2022-08-29 09:30:00-04:00,45.459999084472656,45.70000076293945,45.33000183105469,45.63999938964844,88084,0.0,0.0
2022-08-29 10:30:00-04:00,45.630001068115234,46.189998626708984,45.5099983215332,46.130001068115234,202708,0.0,0.0
2022-08-29 11:30:00-04:00,46.12699890136719,46.279998779296875,46.0099983215332,46.060001373291016,141998,0.0,0.0
2022-08-29 12:30:00-04:00,46.04999923706055,46.249698638916016,46.0369987487793,46.16999816894531,49484,0.0,0.0
2022-08-29 13:30:00-04:00,46.17499923706055,46.334999084472656,46.14899826049805,46.18000030517578,78032,0.0,0.0
2022-08-29 14:30:00-04:00,46.189998626708984,46.33000183105469,46.040000915527344,46.06999969482422,96906,0.0,0.0
2022-08-29 15:30:00-04:00,46.060001373291016,46.15999984741211,45.8849983215332,45.88999938964844,114955,0.0,0.0
2022-08-30 09:30:00-04:00,46.040000915527344,46.095001220703125,45.88999938964844,45.95000076293945,56002,0.0,0.0
2022-08-30 10:30:00-04:00,45.91999816894531,46.040000915527344,45.689998626708984,45.95000076293945,69258,0.0,0.0
2022-08-30 11:30:00-04:00,45.959999084472656,46.02000045776367,45.86000061035156,45.95000076293945,53477,0.0,0.0
2022-08-30 12:30:00-04:00,45.93000030517578,45.959999084472656,45.619998931884766,45.685001373291016,72150,0.0,0.0
2022-08-30 13:30:00-04:00,45.66999816894531,45.755001068115234,45.599998474121094,45.61000061035156,55995,0.0,0.0
2022-08-30 14:30:00-04:00,45.599998474121094,45.7599983215332,45.540000915527344,45.65999984741211,91880,0.0,0.0
2022-08-30 15:30:00-04:00,45.650001525878906,45.650001525878906,45.39500045776367,45.45000076293945,188818,0.0,0.0
2022-08-31 09:30:00-04:00,45.58000183105469,45.869998931884766,45.560001373291016,45.59000015258789,50208,0.0,0.0
2022-08-31 10:30:00-04:00,45.599998474121094,45.689998626708984,45.45000076293945,45.5,44740,0.0,0.0
2022-08-31 11:30:00-04:00,45.47999954223633,45.540000915527344,45.290000915527344,45.32099914550781,26721,0.0,0.0
2022-08-31 12:30:00-04:00,45.34000015258789,45.41999816894531,45.2599983215332,45.30500030517578,34783,0.0,0.0
2022-08-31 13:30:00-04:00,45.29999923706055,45.31999969482422,45.040000915527344,45.040000915527344,75642,0.0,0.0
2022-08-31 14:30:00-04:00,45.029998779296875,45.11000061035156,44.79999923706055,44.9900016784668,129731,0.0,0.0
2022-08-31 15:30:00-04:00,44.97999954223633,45.11000061035156,44.84000015258789,44.88999938964844,183887,0.0,0.0
2022-09-01 09:30:00-04:00,44.54999923706055,44.79999923706055,44.33000183105469,44.72999954223633,116276,0.0,0.0
2022-09-01 10:30:00-04:00,44.720001220703125,44.7400016784668,44.47999954223633,44.58000183105469,52574,0.0,0.0
2022-09-01 11:30:00-04:00,44.58000183105469,44.76499938964844,44.58000183105469,44.720001220703125,41705,0.0,0.0
2022-09-01 12:30:00-04:00,44.720001220703125,44.790000915527344,44.52000045776367,44.779998779296875,48714,0.0,0.0
2022-09-01 13:30:00-04:00,44.77000045776367,44.790000915527344,44.630001068115234,44.7599983215332,56412,0.0,0.0
2022-09-01 14:30:00-04:00,44.77000045776367,44.84000015258789,44.58000183105469,44.61000061035156,91089,0.0,0.0
2022-09-01 15:30:00-04:00,44.599998474121094,44.904998779296875,44.494998931884766,44.880001068115234,188325,0.0,0.0
2022-09-02 09:30:00-04:00,45.209999084472656,45.279998779296875,44.810001373291016,45.15919876098633,46043,0.0,0.0
2022-09-02 10:30:00-04:00,45.176998138427734,45.34000015258789,45.11000061035156,45.2400016784668,58852,0.0,0.0
2022-09-02 11:30:00-04:00,45.25,45.31999969482422,45.040000915527344,45.05500030517578,41379,0.0,0.0
2022-09-02 12:30:00-04:00,45.029998779296875,45.06999969482422,44.66999816894531,44.689998626708984,53168,0.0,0.0
2022-09-02 13:30:00-04:00,44.65999984741211,45.0,44.650001525878906,44.97999954223633,108390,0.0,0.0
2022-09-02 14:30:00-04:00,44.97999954223633,45.02000045776367,44.77000045776367,44.80500030517578,99636,0.0,0.0
2022-09-02 15:30:00-04:00,44.79999923706055,44.79999923706055,44.4900016784668,44.599998474121094,127422,0.0,0.0
2022-09-06 09:30:00-04:00,44.59000015258789,44.90999984741211,44.470001220703125,44.75,122050,0.0,0.0
2022-09-06 10:30:00-04:00,44.709999084472656,44.869998931884766,44.61000061035156,44.61000061035156,81842,0.0,0.0
2022-09-06 11:30:00-04:00,44.59000015258789,44.7599983215332,44.41999816894531,44.45000076293945,48951,0.0,0.0
2022-09-06 12:30:00-04:00,44.439998626708984,44.56999969482422,44.369998931884766,44.45000076293945,46527,0.0,0.0
2022-09-06 13:30:00-04:00,44.43000030517578,44.72710037231445,44.43000030517578,44.650001525878906,67102,0.0,0.0
2022-09-06 14:30:00-04:00,44.66999816894531,44.790000915527344,44.599998474121094,44.70000076293945,85383,0.0,0.0
2022-09-06 15:30:00-04:00,44.70000076293945,44.720001220703125,44.55500030517578,44.66999816894531,134145,0.0,0.0
2022-09-07 09:30:00-04:00,44.72999954223633,45.03499984741211,44.689998626708984,45.0,38607,0.0,0.0
2022-09-07 10:30:00-04:00,45.0,45.040000915527344,44.87900161743164,45.0099983215332,99739,0.0,0.0
2022-09-07 11:30:00-04:00,45.02000045776367,45.08760070800781,44.95000076293945,45.0099983215332,35141,0.0,0.0
2022-09-07 12:30:00-04:00,45.040000915527344,45.209999084472656,45.029998779296875,45.13999938964844,33808,0.0,0.0
2022-09-07 13:30:00-04:00,45.150001525878906,45.400001525878906,45.130001068115234,45.369998931884766,49121,0.0,0.0
2022-09-07 14:30:00-04:00,45.349998474121094,45.41999816894531,45.29999923706055,45.40999984741211,86724,0.0,0.0
2022-09-07 15:30:00-04:00,45.400001525878906,45.529998779296875,45.31999969482422,45.33000183105469,142707,0.0,0.0
2022-09-08 09:30:00-04:00,45.029998779296875,45.220001220703125,44.880001068115234,45.125,48296,0.0,0.0
2022-09-08 10:30:00-04:00,45.11000061035156,45.2599983215332,45.0,45.0,72500,0.0,0.0
2022-09-08 11:30:00-04:00,44.9900016784668,45.01499938964844,44.45000076293945,44.5,53891,0.0,0.0
2022-09-08 12:30:00-04:00,44.5,44.83000183105469,44.5,44.810001373291016,48801,0.0,0.0
2022-09-08 13:30:00-04:00,44.810001373291016,44.904998779296875,44.72999954223633,44.8650016784668,44613,0.0,0.0
2022-09-08 14:30:00-04:00,44.869998931884766,44.97999954223633,44.709999084472656,44.959999084472656,128430,0.0,0.0
2022-09-08 15:30:00-04:00,44.959999084472656,44.9900016784668,44.810001373291016,44.939998626708984,93584,0.0,0.0
2022-09-09 09:30:00-04:00,45.119998931884766,45.29999923706055,44.86000061035156,45.27000045776367,50685,0.0,0.0
2022-09-09 10:30:00-04:00,45.290000915527344,45.40999984741211,45.220001220703125,45.279998779296875,55428,0.0,0.0
2022-09-09 11:30:00-04:00,45.29499816894531,45.33000183105469,45.16999816894531,45.28499984741211,54738,0.0,0.0
2022-09-09 12:30:00-04:00,45.279998779296875,45.400001525878906,45.2400016784668,45.33000183105469,52674,0.0,0.0
2022-09-09 13:30:00-04:00,45.33000183105469,45.380001068115234,45.25,45.349998474121094,54410,0.0,0.0
2022-09-09 14:30:00-04:00,45.36000061035156,45.41999816894531,45.30500030517578,45.314998626708984,65602,0.0,0.0
2022-09-09 15:30:00-04:00,45.310001373291016,45.369998931884766,45.18000030517578,45.22999954223633,118355,0.0,0.0
2022-09-12 09:30:00-04:00,45.47999954223633,45.880001068115234,45.43000030517578,45.6349983215332,49261,0.0,0.0
2022-09-12 10:30:00-04:00,45.650001525878906,45.810001373291016,45.650001525878906,45.7599983215332,39763,0.0,0.0
2022-09-12 11:30:00-04:00,45.77000045776367,45.779998779296875,45.58000183105469,45.68000030517578,37560,0.0,0.0
2022-09-12 12:30:00-04:00,45.689998626708984,45.86000061035156,45.665000915527344,45.86000061035156,36945,0.0,0.0
2022-09-12 13:30:00-04:00,45.8650016784668,45.915000915527344,45.790000915527344,45.810001373291016,43462,0.0,0.0
2022-09-12 14:30:00-04:00,45.81999969482422,45.869998931884766,45.744998931884766,45.814998626708984,55665,0.0,0.0
2022-09-12 15:30:00-04:00,45.80500030517578,45.81999969482422,45.720001220703125,45.81999969482422,105821,0.0,0.0
2022-09-13 09:30:00-04:00,45.060001373291016,45.23699951171875,44.845001220703125,45.029998779296875,88584,0.0,0.0
2022-09-13 10:30:00-04:00,45.0,45.0,44.75,44.869998931884766,104937,0.0,0.0
2022-09-13 11:30:00-04:00,44.880001068115234,45.040000915527344,44.810001373291016,44.93000030517578,45388,0.0,0.0
2022-09-13 12:30:00-04:00,44.90999984741211,45.0099983215332,44.86000061035156,44.98699951171875,53818,0.0,0.0
2022-09-13 13:30:00-04:00,44.97999954223633,45.0,44.82149887084961,44.939998626708984,78474,0.0,0.0
2022-09-13 14:30:00-04:00,44.939998626708984,44.95000076293945,44.56999969482422,44.59000015258789,86122,0.0,0.0
2022-09-13 15:30:00-04:00,44.59000015258789,44.61000061035156,44.435001373291016,44.529998779296875,157904,0.0,0.0
2022-09-14 09:30:00-04:00,44.380001068115234,44.4900016784668,44.04999923706055,44.06999969482422,109971,0.0,0.0
2022-09-14 10:30:00-04:00,44.04999923706055,44.310001373291016,44.04999923706055,44.11000061035156,68313,0.0,0.0
2022-09-14 11:30:00-04:00,44.08000183105469,44.099998474121094,43.7599983215332,43.7599983215332,59738,0.0,0.0
2022-09-14 12:30:00-04:00,43.75,44.060001373291016,43.75,44.03499984741211,58371,0.0,0.0
2022-09-14 13:30:00-04:00,44.04499816894531,44.06999969482422,43.86000061035156,43.92499923706055,70976,0.0,0.0
2022-09-14 14:30:00-04:00,43.93000030517578,44.060001373291016,43.72999954223633,43.84000015258789,69841,0.0,0.0
2022-09-14 15:30:00-04:00,43.84000015258789,44.13999938964844,43.77000045776367,44.119998931884766,162173,0.0,0.0
2022-09-15 09:30:00-04:00,44.369998931884766,45.02000045776367,44.32500076293945,44.79999923706055,261476,0.0,0.0
2022-09-15 10:30:00-04:00,44.779998779296875,44.869998931884766,44.56999969482422,44.709999084472656,151602,0.0,0.0
2022-09-15 11:30:00-04:00,44.71160125732422,44.72999954223633,44.369998931884766,44.37699890136719,75924,0.0,0.0
2022-09-15 12:30:00-04:00,44.3650016784668,44.470001220703125,44.189998626708984,44.2599983215332,272747,0.0,0.0
2022-09-15 13:30:00-04:00,44.2599983215332,44.290000915527344,43.89500045776367,44.18000030517578,123842,0.0,0.0
2022-09-15 14:30:00-04:00,44.185001373291016,44.20000076293945,44.040000915527344,44.06999969482422,123543,0.0,0.0
2022-09-15 15:30:00-04:00,44.06999969482422,44.10879898071289,43.810001373291016,43.84000015258789,319366,0.0,0.0
2022-09-16 09:30:00-04:00,43.31999969482422,43.68000030517578,43.18000030517578,43.46500015258789,509739,0.0,0.0
2022-09-16 10:30:00-04:00,43.470001220703125,43.790000915527344,43.470001220703125,43.630001068115234,102728,0.0,0.0
2022-09-16 11:30:00-04:00,43.599998474121094,43.72999954223633,43.54999923706055,43.650001525878906,71326,0.0,0.0
2022-09-16 12:30:00-04:00,43.63999938964844,43.68000030517578,43.5099983215332,43.52000045776367,73960,0.0,0.0
2022-09-16 13:30:00-04:00,43.540000915527344,43.75,43.5,43.685001373291016,95441,0.0,0.0
2022-09-16 14:30:00-04:00,43.66999816894531,44.02000045776367,43.665000915527344,43.97999954223633,113908,0.0,0.0
2022-09-16 15:30:00-04:00,43.97999954223633,44.09000015258789,43.869998931884766,44.040000915527344,239361,0.0,0.0
2022-09-19 09:30:00-04:00,43.869998931884766,44.25,43.779998779296875,44.25,108647,0.0,0.0
2022-09-19 10:30:00-04:00,44.25,44.28010177612305,44.040000915527344,44.084999084472656,77290,0.0,0.0
2022-09-19 11:30:00-04:00,44.09000015258789,44.209999084472656,43.939998626708984,44.15439987182617,140778,0.0,0.0
2022-09-19 12:30:00-04:00,44.13999938964844,44.22999954223633,43.97999954223633,44.0,54115,0.0,0.0
2022-09-19 13:30:00-04:00,44.005001068115234,44.02000045776367,43.810001373291016,43.849998474121094,61110,0.0,0.0
2022-09-19 14:30:00-04:00,43.849998474121094,44.100101470947266,43.779998779296875,44.040000915527344,78966,0.0,0.0
2022-09-19 15:30:00-04:00,44.05500030517578,44.220001220703125,44.029998779296875,44.20000076293945,92565,0.0,0.0
2022-09-20 09:30:00-04:00,43.59000015258789,43.59000015258789,42.970001220703125,43.11000061035156,156515,0.0,0.0
2022-09-20 10:30:00-04:00,43.099998474121094,43.41999816894531,43.09000015258789,43.1416015625,132723,0.0,0.0
2022-09-20 11:30:00-04:00,43.150001525878906,43.369998931884766,43.099998474121094,43.2400016784668,42708,0.0,0.0
2022-09-20 12:30:00-04:00,43.22999954223633,43.27000045776367,43.10089874267578,43.189998626708984,69464,0.0,0.0
2022-09-20 13:30:00-04:00,43.20000076293945,43.2400016784668,43.04999923706055,43.20000076293945,47738,0.0,0.0
2022-09-20 14:30:00-04:00,43.16999816894531,43.279998779296875,43.040000915527344,43.255001068115234,80022,0.0,0.0
2022-09-20 15:30:00-04:00,43.255001068115234,43.439998626708984,43.084999084472656,43.119998931884766,157120,0.0,0.0
2022-09-21 09:30:00-04:00,43.43000030517578,43.880001068115234,43.38999938964844,43.869998931884766,67415,0.0,0.0
2022-09-21 10:30:00-04:00,43.86000061035156,43.880001068115234,43.61000061035156,43.61000061035156,51373,0.0,0.0
2022-09-21 11:30:00-04:00,43.61000061035156,43.82500076293945,43.56999969482422,43.810001373291016,38043,0.0,0.0
2022-09-21 12:30:00-04:00,43.83000183105469,43.869998931884766,43.63999938964844,43.70500183105469,56945,0.0,0.0
2022-09-21 13:30:00-04:00,43.720001220703125,43.81999969482422,43.040000915527344,43.10900115966797,122403,0.0,0.0
2022-09-21 14:30:00-04:00,43.09000015258789,43.72999954223633,43.0099983215332,43.025001525878906,217615,0.0,0.0
2022-09-21 15:30:00-04:00,43.0099983215332,43.11000061035156,42.709999084472656,42.709999084472656,302329,0.0,0.0
2022-09-22 09:30:00-04:00,42.65999984741211,42.65999984741211,42.34000015258789,42.349998474121094,85884,0.0,0.0
2022-09-22 10:30:00-04:00,42.369998931884766,42.38999938964844,42.04999923706055,42.150001525878906,89898,0.0,0.0
2022-09-22 11:30:00-04:00,42.150001525878906,42.189998626708984,42.040000915527344,42.09000015258789,56799,0.0,0.0
2022-09-22 12:30:00-04:00,42.09000015258789,42.16999816894531,41.959999084472656,42.15999984741211,167789,0.0,0.0
2022-09-22 13:30:00-04:00,42.15999984741211,42.29999923706055,42.13999938964844,42.18000030517578,81237,0.0,0.0
2022-09-22 14:30:00-04:00,42.170501708984375,42.380001068115234,42.040000915527344,42.279998779296875,65651,0.0,0.0
2022-09-22 15:30:00-04:00,42.290000915527344,42.41999816894531,42.15999984741211,42.314998626708984,285484,0.0,0.0
2022-09-23 09:30:00-04:00,41.91999816894531,42.255001068115234,41.75,42.15999984741211,285669,0.0,0.0
2022-09-23 10:30:00-04:00,42.150001525878906,42.220001220703125,41.79999923706055,41.95000076293945,151045,0.0,0.0
2022-09-23 11:30:00-04:00,41.970001220703125,42.040000915527344,41.650001525878906,41.650001525878906,117736,0.0,0.0
2022-09-23 12:30:00-04:00,41.650001525878906,41.709999084472656,41.505001068115234,41.55759811401367,97744,0.0,0.0
2022-09-23 13:30:00-04:00,41.560001373291016,41.68000030517578,41.20000076293945,41.33000183105469,189515,0.0,0.0
2022-09-23 14:30:00-04:00,41.34000015258789,41.4900016784668,41.09000015258789,41.470001220703125,160325,0.0,0.0
2022-09-23 15:30:00-04:00,41.470001220703125,41.630001068115234,41.45000076293945,41.54999923706055,219162,0.0,0.0
2022-09-26 09:30:00-04:00,41.29999923706055,41.39500045776367,40.5,41.3849983215332,185852,0.0,0.0
2022-09-26 10:30:00-04:00,41.380001068115234,41.380001068115234,40.93000030517578,40.93000030517578,120357,0.0,0.0
2022-09-26 11:30:00-04:00,40.939998626708984,40.97999954223633,40.52000045776367,40.5973014831543,92250,0.0,0.0
2022-09-26 12:30:00-04:00,40.58000183105469,40.709999084472656,40.439998626708984,40.44900131225586,91207,0.0,0.0
2022-09-26 13:30:00-04:00,40.45000076293945,40.79999923706055,40.45000076293945,40.689998626708984,324997,0.0,0.0
2022-09-26 14:30:00-04:00,40.68000030517578,41.09000015258789,40.65999984741211,40.93000030517578,224123,0.0,0.0
2022-09-26 15:30:00-04:00,40.93000030517578,41.189998626708984,40.720001220703125,40.779998779296875,344343,0.0,0.0
2022-09-27 09:30:00-04:00,41.15999984741211,41.2599983215332,40.58000183105469,40.71500015258789,119438,0.0,0.0
2022-09-27 10:30:00-04:00,40.69499969482422,41.0713005065918,40.69499969482422,40.779998779296875,129452,0.0,0.0
2022-09-27 11:30:00-04:00,40.775001525878906,40.90999984741211,40.560001373291016,40.63999938964844,92680,0.0,0.0
2022-09-27 12:30:00-04:00,40.6349983215332,40.75,40.599998474121094,40.724998474121094,97264,0.0,0.0
2022-09-27 13:30:00-04:00,40.720001220703125,40.7599983215332,40.4900016784668,40.61000061035156,123258,0.0,0.0
2022-09-27 14:30:00-04:00,40.59000015258789,40.790000915527344,40.56999969482422,40.72999954223633,191970,0.0,0.0
2022-09-27 15:30:00-04:00,40.724998474121094,40.724998474121094,40.38999938964844,40.38999938964844,311446,0.0,0.0
2022-09-28 09:30:00-04:00,40.810001373291016,41.02009963989258,40.40999984741211,41.02009963989258,207636,0.0,0.0
2022-09-28 10:30:00-04:00,41.03499984741211,41.33000183105469,41.0099983215332,41.26499938964844,86230,0.0,0.0
2022-09-28 11:30:00-04:00,41.25,41.45899963378906,41.119998931884766,41.35900115966797,174987,0.0,0.0
2022-09-28 12:30:00-04:00,41.36000061035156,41.59000015258789,41.29499816894531,41.459999084472656,93923,0.0,0.0
2022-09-28 13:30:00-04:00,41.459999084472656,41.459999084472656,41.040000915527344,41.04999923706055,193231,0.0,0.0
2022-09-28 14:30:00-04:00,41.060001373291016,41.349998474121094,41.04999923706055,41.27000045776367,147114,0.0,0.0
2022-09-28 15:30:00-04:00,41.279998779296875,41.5,41.279998779296875,41.31999969482422,214674,0.0,0.0
2022-09-29 09:30:00-04:00,40.849998474121094,40.904998779296875,39.209999084472656,39.25,188679,0.0,0.0
2022-09-29 10:30:00-04:00,39.2599983215332,39.78499984741211,39.17060089111328,39.68000030517578,109448,0.0,0.0
2022-09-29 11:30:00-04:00,39.70500183105469,40.029998779296875,39.599998474121094,39.689998626708984,90730,0.0,0.0
2022-09-29 12:30:00-04:00,39.66999816894531,39.70000076293945,39.209999084472656,39.26499938964844,109037,0.0,0.0
2022-09-29 13:30:00-04:00,39.2400016784668,39.30619812011719,38.97999954223633,39.05500030517578,136654,0.0,0.0
2022-09-29 14:30:00-04:00,39.060001373291016,39.18000030517578,38.90999984741211,39.040000915527344,149507,0.0,0.0
2022-09-29 15:30:00-04:00,39.025001525878906,39.22999954223633,38.96500015258789,39.09000015258789,239377,0.0,0.0
2022-09-30 09:30:00-04:00,39.34000015258789,39.689998626708984,39.11000061035156,39.65999984741211,227027,0.0,0.0
2022-09-30 10:30:00-04:00,39.68000030517578,39.90999984741211,39.5,39.86000061035156,95525,0.0,0.0
2022-09-30 11:30:00-04:00,39.880001068115234,39.880001068115234,39.56999969482422,39.65999984741211,89636,0.0,0.0
2022-09-30 12:30:00-04:00,39.65999984741211,39.849998474121094,39.60499954223633,39.720001220703125,98484,0.0,0.0
2022-09-30 13:30:00-04:00,39.71500015258789,39.970001220703125,39.529998779296875,39.810001373291016,134112,0.0,0.0
2022-09-30 14:30:00-04:00,39.83000183105469,40.02000045776367,39.79499816894531,39.95000076293945,166188,0.0,0.0
2022-09-30 15:30:00-04:00,39.95500183105469,40.09000015258789,39.79999923706055,39.88999938964844,310060,0.0,0.0
2022-10-03 09:30:00-04:00,40.349998474121094,40.689998626708984,39.40999984741211,39.9900016784668,152561,0.0,0.0
2022-10-03 10:30:00-04:00,40.02000045776367,40.13999938964844,39.810001373291016,39.90999984741211,84314,0.0,0.0
2022-10-03 11:30:00-04:00,39.92499923706055,39.92499923706055,39.53499984741211,39.55500030517578,88879,0.0,0.0
2022-10-03 12:30:00-04:00,39.54999923706055,39.93000030517578,39.54999923706055,39.900001525878906,126625,0.0,0.0
2022-10-03 13:30:00-04:00,39.88999938964844,40.02000045776367,39.86000061035156,39.98649978637695,99686,0.0,0.0
2022-10-03 14:30:00-04:00,39.97999954223633,40.040000915527344,39.88999938964844,39.95000076293945,137648,0.0,0.0
2022-10-03 15:30:00-04:00,39.95500183105469,39.970001220703125,39.70500183105469,39.790000915527344,308971,0.0,0.0
2022-10-04 09:30:00-04:00,40.209999084472656,40.900001525878906,40.13999938964844,40.709999084472656,186661,0.0,0.0
2022-10-04 10:30:00-04:00,40.720001220703125,40.97999954223633,40.41999816894531,40.58000183105469,195873,0.0,0.0
2022-10-04 11:30:00-04:00,40.58000183105469,40.689998626708984,40.529998779296875,40.630001068115234,105447,0.0,0.0
2022-10-04 12:30:00-04:00,40.584999084472656,40.650001525878906,40.33000183105469,40.459999084472656,100946,0.0,0.0
2022-10-04 13:30:00-04:00,40.459999084472656,40.508399963378906,40.279998779296875,40.36000061035156,101669,0.0,0.0
2022-10-04 14:30:00-04:00,40.349998474121094,40.525001525878906,40.349998474121094,40.439998626708984,105580,0.0,0.0
2022-10-04 15:30:00-04:00,40.43000030517578,40.720001220703125,40.404998779296875,40.720001220703125,226195,0.0,0.0
2022-10-05 09:30:00-04:00,40.130001068115234,40.150001525878906,39.220001220703125,39.22999954223633,137811,0.0,0.0
2022-10-05 10:30:00-04:00,39.220001220703125,39.380001068115234,39.06999969482422,39.349998474121094,103047,0.0,0.0
2022-10-05 11:30:00-04:00,39.349998474121094,39.665000915527344,39.27989959716797,39.560001373291016,170840,0.0,0.0
2022-10-05 12:30:00-04:00,39.560001373291016,39.77000045776367,39.540000915527344,39.68000030517578,122110,0.0,0.0
2022-10-05 13:30:00-04:00,39.689998626708984,39.83000183105469,39.599998474121094,39.83000183105469,61760,0.0,0.0
2022-10-05 14:30:00-04:00,39.82500076293945,40.16999816894531,39.744998931884766,40.099998474121094,119443,0.0,0.0
2022-10-05 15:30:00-04:00,40.105201721191406,40.130001068115234,39.80500030517578,39.90999984741211,206514,0.0,0.0
2022-10-06 09:30:00-04:00,39.91999816894531,40.025001525878906,39.2400016784668,39.2599983215332,93829,0.0,0.0
2022-10-06 10:30:00-04:00,39.2599983215332,39.5,39.119998931884766,39.40999984741211,147503,0.0,0.0
2022-10-06 11:30:00-04:00,39.400001525878906,39.40999984741211,39.119998931884766,39.29999923706055,58906,0.0,0.0
2022-10-06 12:30:00-04:00,39.290000915527344,39.33000183105469,39.16999816894531,39.209999084472656,53643,0.0,0.0
2022-10-06 13:30:00-04:00,39.20000076293945,39.20000076293945,39.030799865722656,39.15999984741211,50819,0.0,0.0
2022-10-06 14:30:00-04:00,39.13999938964844,39.189998626708984,38.82500076293945,39.040000915527344,92721,0.0,0.0
2022-10-06 15:30:00-04:00,39.09000015258789,39.096099853515625,38.875,39.0099983215332,186984,0.0,0.0
2022-10-07 09:30:00-04:00,38.810001373291016,39.0099983215332,38.52000045776367,38.869998931884766,83547,0.0,0.0
2022-10-07 10:30:00-04:00,38.86000061035156,39.0099983215332,38.7599983215332,38.9900016784668,106004,0.0,0.0
2022-10-07 11:30:00-04:00,38.9900016784668,39.060001373291016,38.81999969482422,38.82500076293945,57605,0.0,0.0
2022-10-07 12:30:00-04:00,38.81999969482422,38.869998931884766,38.720001220703125,38.790000915527344,62723,0.0,0.0
2022-10-07 13:30:00-04:00,38.75,38.77000045776367,38.64500045776367,38.66999816894531,54064,0.0,0.0
2022-10-07 14:30:00-04:00,38.665000915527344,38.83000183105469,38.55500030517578,38.584999084472656,125558,0.0,0.0
2022-10-07 15:30:00-04:00,38.584999084472656,38.8223991394043,38.52000045776367,38.72999954223633,152528,0.0,0.0
2022-10-10 09:30:00-04:00,38.95000076293945,39.29999923706055,38.88029861450195,39.27000045776367,104721,0.0,0.0
2022-10-10 10:30:00-04:00,39.27000045776367,39.29999923706055,38.939998626708984,39.0786018371582,88516,0.0,0.0
2022-10-10 11:30:00-04:00,39.099998474121094,39.165000915527344,38.900001525878906,38.90999984741211,87046,0.0,0.0
2022-10-10 12:30:00-04:00,38.90999984741211,38.9900016784668,38.83000183105469,38.97999954223633,72346,0.0,0.0
2022-10-10 13:30:00-04:00,38.98500061035156,39.154998779296875,38.9119987487793,38.939998626708984,73537,0.0,0.0
2022-10-10 14:30:00-04:00,38.939998626708984,38.9900016784668,38.7599983215332,38.83000183105469,70130,0.0,0.0
2022-10-10 15:30:00-04:00,38.81999969482422,38.88999938964844,38.720001220703125,38.76499938964844,143440,0.0,0.0
2022-10-11 09:30:00-04:00,38.65999984741211,38.900001525878906,38.470001220703125,38.77000045776367,140218,0.0,0.0
2022-10-11 10:30:00-04:00,38.779998779296875,39.22999954223633,38.779998779296875,38.869998931884766,188397,0.0,0.0
2022-10-11 11:30:00-04:00,38.880001068115234,39.08000183105469,38.86000061035156,39.05500030517578,144453,0.0,0.0
2022-10-11 12:30:00-04:00,39.060001373291016,39.20000076293945,39.060001373291016,39.119998931884766,98870,0.0,0.0
2022-10-11 13:30:00-04:00,39.10499954223633,39.279998779296875,39.08000183105469,39.25,112395,0.0,0.0
2022-10-11 14:30:00-04:00,39.279998779296875,39.38999938964844,38.81999969482422,39.01499938964844,165361,0.0,0.0
2022-10-11 15:30:00-04:00,39.02000045776367,39.279998779296875,38.974998474121094,39.224998474121094,233364,0.0,0.0
2022-10-12 09:30:00-04:00,39.08000183105469,39.189998626708984,38.70000076293945,39.08000183105469,208540,0.0,0.0
2022-10-12 10:30:00-04:00,39.060001373291016,39.150001525878906,38.93000030517578,39.04499816894531,86938,0.0,0.0
2022-10-12 11:30:00-04:00,39.060001373291016,39.119998931884766,38.92100143432617,38.994998931884766,94570,0.0,0.0
2022-10-12 12:30:00-04:00,39.040000915527344,39.15999984741211,39.01499938964844,39.11000061035156,71250,0.0,0.0
2022-10-12 13:30:00-04:00,39.11000061035156,39.288299560546875,39.0099983215332,39.255001068115234,124670,0.0,0.0
2022-10-12 14:30:00-04:00,39.2599983215332,39.290000915527344,39.11000061035156,39.125,106611,0.0,0.0
2022-10-12 15:30:00-04:00,39.130001068115234,39.209999084472656,38.95000076293945,38.96500015258789,170200,0.0,0.0
2022-10-13 09:30:00-04:00,38.349998474121094,38.60499954223633,38.04999923706055,38.27000045776367,150625,0.0,0.0
2022-10-13 10:30:00-04:00,38.2400016784668,38.7599983215332,38.11000061035156,38.65999984741211,107824,0.0,0.0
2022-10-13 11:30:00-04:00,38.689998626708984,39.060001373291016,38.619998931884766,38.79499816894531,87190,0.0,0.0
2022-10-13 12:30:00-04:00,38.779998779296875,39.125,38.7400016784668,39.06999969482422,76162,0.0,0.0
2022-10-13 13:30:00-04:00,39.084999084472656,39.290000915527344,39.084999084472656,39.13999938964844,76569,0.0,0.0
2022-10-13 14:30:00-04:00,39.15999984741211,39.40999984741211,39.150001525878906,39.2400016784668,84729,0.0,0.0
2022-10-13 15:30:00-04:00,39.244998931884766,39.369998931884766,39.13999938964844,39.290000915527344,145857,0.0,0.0
2022-10-14 09:30:00-04:00,39.95000076293945,40.029998779296875,39.099998474121094,39.18000030517578,130590,0.0,0.0
2022-10-14 10:30:00-04:00,39.189998626708984,39.459999084472656,39.08000183105469,39.25,112378,0.0,0.0
2022-10-14 11:30:00-04:00,39.2400016784668,39.2400016784668,38.81999969482422,38.939998626708984,61835,0.0,0.0
2022-10-14 12:30:00-04:00,38.95000076293945,38.9900016784668,38.7400016784668,38.779998779296875,78923,0.0,0.0
2022-10-14 13:30:00-04:00,38.775001525878906,38.82500076293945,38.720001220703125,38.77000045776367,68227,0.0,0.0
2022-10-14 14:30:00-04:00,38.7599983215332,38.7599983215332,38.44499969482422,38.65999984741211,165382,0.0,0.0
2022-10-14 15:30:00-04:00,38.650001525878906,38.7400016784668,38.52000045776367,38.58000183105469,197430,0.0,0.0
2022-10-17 09:30:00-04:00,39.11000061035156,39.83000183105469,39.040000915527344,39.60499954223633,159901,0.0,0.0
2022-10-17 10:30:00-04:00,39.61000061035156,39.869998931884766,39.56999969482422,39.744998931884766,91017,0.0,0.0
2022-10-17 11:30:00-04:00,39.7400016784668,39.83000183105469,39.68000030517578,39.69499969482422,143742,0.0,0.0
2022-10-17 12:30:00-04:00,39.689998626708984,39.709999084472656,39.40999984741211,39.52000045776367,50620,0.0,0.0
2022-10-17 13:30:00-04:00,39.529998779296875,39.619998931884766,39.369998931884766,39.39500045776367,74717,0.0,0.0
2022-10-17 14:30:00-04:00,39.38999938964844,39.494998931884766,39.310001373291016,39.43000030517578,124541,0.0,0.0
2022-10-17 15:30:00-04:00,39.435001373291016,39.72999954223633,39.435001373291016,39.560001373291016,195175,0.0,0.0
2022-10-18 09:30:00-04:00,40.0,40.29999923706055,39.939998626708984,40.060001373291016,125562,0.0,0.0
2022-10-18 10:30:00-04:00,40.08000183105469,40.13999938964844,39.7400016784668,39.810001373291016,74159,0.0,0.0
2022-10-18 11:30:00-04:00,39.80500030517578,39.9900016784668,39.77000045776367,39.890499114990234,68905,0.0,0.0
2022-10-18 12:30:00-04:00,39.88999938964844,40.02000045776367,39.81999969482422,40.0099983215332,53304,0.0,0.0
2022-10-18 13:30:00-04:00,40.029998779296875,40.119998931884766,39.87049865722656,39.90999984741211,67954,0.0,0.0
2022-10-18 14:30:00-04:00,39.900001525878906,39.904998779296875,39.54499816894531,39.70000076293945,91210,0.0,0.0
2022-10-18 15:30:00-04:00,39.68000030517578,39.939998626708984,39.68000030517578,39.939998626708984,134332,0.0,0.0
2022-10-19 09:30:00-04:00,39.5,39.709999084472656,39.36000061035156,39.619998931884766,150283,0.0,0.0
2022-10-19 10:30:00-04:00,39.619998931884766,39.709999084472656,39.2599983215332,39.27000045776367,108175,0.0,0.0
2022-10-19 11:30:00-04:00,39.27000045776367,39.33000183105469,39.150001525878906,39.16999816894531,93223,0.0,0.0
2022-10-19 12:30:00-04:00,39.18000030517578,39.20000076293945,38.86000061035156,39.11000061035156,144311,0.0,0.0
2022-10-19 13:30:00-04:00,39.1150016784668,39.459999084472656,39.099998474121094,39.44499969482422,175426,0.0,0.0
2022-10-19 14:30:00-04:00,39.439998626708984,39.650001525878906,39.29999923706055,39.30500030517578,163558,0.0,0.0
2022-10-19 15:30:00-04:00,39.29999923706055,39.369998931884766,39.130001068115234,39.349998474121094,336428,0.0,0.0
2022-10-20 09:30:00-04:00,39.5,39.89500045776367,39.400001525878906,39.72999954223633,182016,0.0,0.0
2022-10-20 10:30:00-04:00,39.77000045776367,39.900001525878906,39.65999984741211,39.83000183105469,90547,0.0,0.0
2022-10-20 11:30:00-04:00,39.81999969482422,39.90999984741211,39.5,39.5,63974,0.0,0.0
2022-10-20 12:30:00-04:00,39.48500061035156,39.52000045776367,39.31999969482422,39.43000030517578,119544,0.0,0.0
2022-10-20 13:30:00-04:00,39.439998626708984,39.45790100097656,39.290000915527344,39.33000183105469,104716,0.0,0.0
2022-10-20 14:30:00-04:00,39.33000183105469,39.584999084472656,39.29999923706055,39.415000915527344,133421,0.0,0.0
2022-10-20 15:30:00-04:00,39.40999984741211,39.564998626708984,39.34000015258789,39.34000015258789,291077,0.0,0.0
2022-10-21 09:30:00-04:00,39.33000183105469,39.4900016784668,38.900001525878906,38.900001525878906,239826,0.0,0.0
2022-10-21 10:30:00-04:00,38.88999938964844,39.099998474121094,38.77000045776367,39.060001373291016,122954,0.0,0.0
2022-10-21 11:30:00-04:00,39.06999969482422,39.38999938964844,39.040000915527344,39.31999969482422,110207,0.0,0.0
2022-10-21 12:30:00-04:00,39.33000183105469,39.6150016784668,39.32500076293945,39.525001525878906,86260,0.0,0.0
2022-10-21 13:30:00-04:00,39.529998779296875,39.709999084472656,39.529998779296875,39.59000015258789,99615,0.0,0.0
2022-10-21 14:30:00-04:00,39.595001220703125,39.71500015258789,39.560001373291016,39.66999816894531,165926,0.0,0.0
2022-10-21 15:30:00-04:00,39.66999816894531,39.78499984741211,39.61000061035156,39.65999984741211,248300,0.0,0.0
2022-10-24 09:30:00-04:00,40.040000915527344,40.38999938964844,39.88999938964844,40.099998474121094,131766,0.0,0.0
2022-10-24 10:30:00-04:00,40.09000015258789,40.17499923706055,39.880001068115234,39.959999084472656,88992,0.0,0.0
2022-10-24 11:30:00-04:00,39.959999084472656,40.33000183105469,39.93000030517578,40.29999923706055,133879,0.0,0.0
2022-10-24 12:30:00-04:00,40.30500030517578,40.33000183105469,40.16999816894531,40.279998779296875,100388,0.0,0.0
2022-10-24 13:30:00-04:00,40.27000045776367,40.29499816894531,40.040000915527344,40.154998779296875,117529,0.0,0.0
2022-10-24 14:30:00-04:00,40.150001525878906,40.48500061035156,40.119998931884766,40.415000915527344,238378,0.0,0.0
2022-10-24 15:30:00-04:00,40.415000915527344,40.43000030517578,40.26499938964844,40.29999923706055,222492,0.0,0.0
2022-10-25 09:30:00-04:00,40.400001525878906,41.08000183105469,40.36000061035156,41.0,199656,0.0,0.0
2022-10-25 10:30:00-04:00,41.0,41.20000076293945,40.939998626708984,41.099998474121094,102220,0.0,0.0
2022-10-25 11:30:00-04:00,41.11000061035156,41.25,41.04999923706055,41.20000076293945,70873,0.0,0.0
2022-10-25 12:30:00-04:00,41.20000076293945,41.25,41.060001373291016,41.15999984741211,71784,0.0,0.0
2022-10-25 13:30:00-04:00,41.18000030517578,41.349998474121094,41.16999816894531,41.279998779296875,73406,0.0,0.0
2022-10-25 14:30:00-04:00,41.279998779296875,41.32500076293945,41.13999938964844,41.29499816894531,99549,0.0,0.0
2022-10-25 15:30:00-04:00,41.29999923706055,41.36000061035156,41.220001220703125,41.29999923706055,287564,0.0,0.0
2022-10-26 09:30:00-04:00,41.43000030517578,41.56999969482422,41.060001373291016,41.334999084472656,158264,0.0,0.0
2022-10-26 10:30:00-04:00,41.349998474121094,41.3650016784668,41.09000015258789,41.29999923706055,133261,0.0,0.0
2022-10-26 11:30:00-04:00,41.27000045776367,41.42499923706055,41.27000045776367,41.31999969482422,75985,0.0,0.0
2022-10-26 12:30:00-04:00,41.33000183105469,41.439998626708984,41.279998779296875,41.279998779296875,70583,0.0,0.0
2022-10-26 13:30:00-04:00,41.28499984741211,41.34000015258789,41.19499969482422,41.20000076293945,74682,0.0,0.0
2022-10-26 14:30:00-04:00,41.19499969482422,41.25,41.06999969482422,41.20000076293945,107020,0.0,0.0
2022-10-26 15:30:00-04:00,41.209999084472656,41.349998474121094,41.17499923706055,41.290000915527344,195491,0.0,0.0
2022-10-27 09:30:00-04:00,41.58000183105469,42.130001068115234,41.54999923706055,42.029998779296875,163214,0.0,0.0
2022-10-27 10:30:00-04:00,42.04999923706055,42.099998474121094,41.650001525878906,41.7400016784668,83947,0.0,0.0
2022-10-27 11:30:00-04:00,41.720001220703125,41.810001373291016,41.61000061035156,41.61600112915039,71269,0.0,0.0
2022-10-27 12:30:00-04:00,41.630001068115234,41.928001403808594,41.630001068115234,41.790000915527344,68420,0.0,0.0
2022-10-27 13:30:00-04:00,41.79999923706055,41.79999923706055,41.619998931884766,41.630001068115234,60670,0.0,0.0
2022-10-27 14:30:00-04:00,41.63999938964844,41.63999938964844,41.43000030517578,41.619998931884766,100619,0.0,0.0
2022-10-27 15:30:00-04:00,41.63999938964844,41.75,41.58000183105469,41.720001220703125,229860,0.0,0.0
2022-10-28 09:30:00-04:00,41.130001068115234,41.529998779296875,41.029998779296875,41.400001525878906,145775,0.0,0.0
2022-10-28 10:30:00-04:00,41.38999938964844,41.470001220703125,41.2400016784668,41.26499938964844,132418,0.0,0.0
2022-10-28 11:30:00-04:00,41.27000045776367,41.540000915527344,41.27000045776367,41.470001220703125,56665,0.0,0.0
2022-10-28 12:30:00-04:00,41.4900016784668,41.68000030517578,41.47999954223633,41.64500045776367,50538,0.0,0.0
2022-10-28 13:30:00-04:00,41.66999816894531,41.709999084472656,41.599998474121094,41.70500183105469,91278,0.0,0.0
2022-10-28 14:30:00-04:00,41.709999084472656,41.90999984741211,41.70500183105469,41.84000015258789,85105,0.0,0.0
2022-10-28 15:30:00-04:00,41.84000015258789,41.89500045776367,41.790000915527344,41.85499954223633,135379,0.0,0.0
2022-10-31 09:30:00-04:00,41.52000045776367,41.79999923706055,41.470001220703125,41.689998626708984,120339,0.0,0.0
2022-10-31 10:30:00-04:00,41.66999816894531,42.08000183105469,41.65999984741211,42.04999923706055,147554,0.0,0.0
2022-10-31 11:30:00-04:00,42.05500030517578,42.244998931884766,41.93000030517578,41.93000030517578,119063,0.0,0.0
2022-10-31 12:30:00-04:00,41.93000030517578,41.970001220703125,41.81999969482422,41.86000061035156,73122,0.0,0.0
2022-10-31 13:30:00-04:00,41.88999938964844,41.97999954223633,41.81999969482422,41.939998626708984,115679,0.0,0.0
2022-10-31 14:30:00-04:00,41.93000030517578,42.040000915527344,41.89500045776367,41.96500015258789,152875,0.0,0.0
2022-10-31 15:30:00-04:00,41.959999084472656,42.130001068115234,41.935001373291016,42.04999923706055,313489,0.0,0.0
2022-11-01 09:30:00-04:00,42.130001068115234,42.340301513671875,41.959999084472656,42.2599983215332,177452,0.0,0.0
2022-11-01 10:30:00-04:00,42.279998779296875,42.44499969482422,42.209999084472656,42.290000915527344,166498,0.0,0.0
2022-11-01 11:30:00-04:00,42.310001373291016,42.48500061035156,42.150001525878906,42.310001373291016,138221,0.0,0.0
2022-11-01 12:30:00-04:00,42.31999969482422,42.369998931884766,42.150001525878906,42.29999923706055,79031,0.0,0.0
2022-11-01 13:30:00-04:00,42.29999923706055,42.48500061035156,42.26499938964844,42.45000076293945,83528,0.0,0.0
2022-11-01 14:30:00-04:00,42.45859909057617,42.46500015258789,42.209999084472656,42.31999969482422,141002,0.0,0.0
2022-11-01 15:30:00-04:00,42.33000183105469,42.41999816894531,42.25,42.25,220117,0.0,0.0
2022-11-02 09:30:00-04:00,42.15999984741211,42.9900016784668,41.95500183105469,42.0,231858,0.0,0.0
2022-11-02 10:30:00-04:00,42.02000045776367,42.459999084472656,42.02000045776367,42.369998931884766,162059,0.0,0.0
2022-11-02 11:30:00-04:00,42.35499954223633,42.529998779296875,42.310001373291016,42.470001220703125,91697,0.0,0.0
2022-11-02 12:30:00-04:00,42.459999084472656,42.61000061035156,42.43000030517578,42.599998474121094,57786,0.0,0.0
2022-11-02 13:30:00-04:00,42.599998474121094,43.13999938964844,42.54999923706055,43.13999938964844,105037,0.0,0.0
2022-11-02 14:30:00-04:00,43.150001525878906,43.25,42.29999923706055,42.400001525878906,239785,0.0,0.0
2022-11-02 15:30:00-04:00,42.380001068115234,42.380001068115234,42.15999984741211,42.209999084472656,282421,0.0,0.0
2022-11-03 09:30:00-04:00,41.880001068115234,41.939998626708984,41.2599983215332,41.84000015258789,202986,0.0,0.0
2022-11-03 10:30:00-04:00,41.83000183105469,42.130001068115234,41.66999816894531,42.02000045776367,122047,0.0,0.0
2022-11-03 11:30:00-04:00,42.04499816894531,42.20000076293945,41.935001373291016,42.17499923706055,88142,0.0,0.0
2022-11-03 12:30:00-04:00,42.16999816894531,42.45000076293945,42.119998931884766,42.369998931884766,90454,0.0,0.0
2022-11-03 13:30:00-04:00,42.380001068115234,42.540000915527344,42.275001525878906,42.52000045776367,96835,0.0,0.0
2022-11-03 14:30:00-04:00,42.525001525878906,42.790000915527344,42.5099983215332,42.650001525878906,173348,0.0,0.0
2022-11-03 15:30:00-04:00,42.64500045776367,42.75,42.494998931884766,42.619998931884766,249811,0.0,0.0
2022-11-04 09:30:00-04:00,42.83000183105469,43.56999969482422,42.720001220703125,43.5,205380,0.0,0.0
2022-11-04 10:30:00-04:00,43.557899475097656,43.599998474121094,42.96500015258789,42.96500015258789,211839,0.0,0.0
2022-11-04 11:30:00-04:00,42.95500183105469,43.09000015258789,42.20000076293945,42.369998931884766,232041,0.0,0.0
2022-11-04 12:30:00-04:00,42.3650016784668,42.380001068115234,42.084999084472656,42.2400016784668,139036,0.0,0.0
2022-11-04 13:30:00-04:00,42.275001525878906,42.4900016784668,42.20000076293945,42.4900016784668,93333,0.0,0.0
2022-11-04 14:30:00-04:00,42.47999954223633,42.779998779296875,42.474998474121094,42.68000030517578,116823,0.0,0.0
2022-11-04 15:30:00-04:00,42.65999984741211,42.939998626708984,42.619998931884766,42.939998626708984,241458,0.0,0.0
2022-11-07 09:30:00-05:00,42.9900016784668,43.33000183105469,42.880001068115234,42.959999084472656,105359,0.0,0.0
2022-11-07 10:30:00-05:00,42.970001220703125,43.040000915527344,42.79499816894531,43.02119827270508,87334,0.0,0.0
2022-11-07 11:30:00-05:00,43.06999969482422,43.06999969482422,42.81999969482422,42.9900016784668,72441,0.0,0.0
2022-11-07 12:30:00-05:00,43.0,43.02000045776367,42.86000061035156,42.875,69546,0.0,0.0
2022-11-07 13:30:00-05:00,42.86000061035156,43.029998779296875,42.779998779296875,43.0099983215332,119554,0.0,0.0
2022-11-07 14:30:00-05:00,43.02000045776367,43.099998474121094,42.8849983215332,43.09000015258789,183179,0.0,0.0
2022-11-07 15:30:00-05:00,43.09000015258789,43.150001525878906,43.02000045776367,43.11000061035156,206512,0.0,0.0
2022-11-08 09:30:00-05:00,43.189998626708984,43.2400016784668,42.95000076293945,43.14500045776367,122912,0.0,0.0
2022-11-08 10:30:00-05:00,43.13999938964844,43.38999938964844,43.1349983215332,43.31999969482422,114133,0.0,0.0
2022-11-08 11:30:00-05:00,43.34000015258789,43.46500015258789,43.279998779296875,43.459999084472656,68482,0.0,0.0
2022-11-08 12:30:00-05:00,43.45500183105469,43.61000061035156,43.2599983215332,43.279998779296875,54454,0.0,0.0
2022-11-08 13:30:00-05:00,43.2599983215332,43.38999938964844,42.97999954223633,42.97999954223633,100194,0.0,0.0
2022-11-08 14:30:00-05:00,43.0,43.409000396728516,42.9900016784668,43.409000396728516,104761,0.0,0.0
2022-11-08 15:30:00-05:00,43.400001525878906,43.59000015258789,43.369998931884766,43.38999938964844,256723,0.0,0.0
2022-11-09 09:30:00-05:00,43.27000045776367,44.12950134277344,43.07109832763672,44.099998474121094,246232,0.0,0.0
2022-11-09 10:30:00-05:00,44.09000015258789,44.3650016784668,43.959999084472656,44.290000915527344,267807,0.0,0.0
2022-11-09 11:30:00-05:00,44.290000915527344,44.43000030517578,44.189998626708984,44.2400016784668,111989,0.0,0.0
2022-11-09 12:30:00-05:00,44.25,44.33000183105469,44.119998931884766,44.130001068115234,76867,0.0,0.0
2022-11-09 13:30:00-05:00,44.10499954223633,44.1349983215332,43.959999084472656,43.97999954223633,92579,0.0,0.0
2022-11-09 14:30:00-05:00,43.970001220703125,43.970001220703125,43.72999954223633,43.89500045776367,92383,0.0,0.0
2022-11-09 15:30:00-05:00,43.88999938964844,43.90999984741211,43.72999954223633,43.869998931884766,190688,0.0,0.0
2022-11-10 09:30:00-05:00,45.02000045776367,45.52000045776367,44.47999954223633,45.40999984741211,222867,0.0,0.0
2022-11-10 10:30:00-05:00,45.41999816894531,45.724998474121094,45.345001220703125,45.540000915527344,147686,0.0,0.0
2022-11-10 11:30:00-05:00,45.529998779296875,45.7400016784668,45.459999084472656,45.474998474121094,145820,0.0,0.0
2022-11-10 12:30:00-05:00,45.459999084472656,45.470001220703125,45.060001373291016,45.189998626708984,88773,0.0,0.0
2022-11-10 13:30:00-05:00,45.20000076293945,45.314998626708984,45.064998626708984,45.119998931884766,80828,0.0,0.0
2022-11-10 14:30:00-05:00,45.10499954223633,45.369998931884766,45.040000915527344,45.33000183105469,124947,0.0,0.0
2022-11-10 15:30:00-05:00,45.32500076293945,45.53499984741211,45.32500076293945,45.470001220703125,243692,0.0,0.0
2022-11-11 09:30:00-05:00,45.7400016784668,45.7400016784668,45.34000015258789,45.5099983215332,173892,0.0,0.0
2022-11-11 10:30:00-05:00,45.52000045776367,45.564998626708984,44.970001220703125,44.97999954223633,111498,0.0,0.0
2022-11-11 11:30:00-05:00,44.959999084472656,45.11000061035156,44.900001525878906,45.02000045776367,64760,0.0,0.0
2022-11-11 12:30:00-05:00,45.025001525878906,45.16999816894531,44.959999084472656,45.060001373291016,202527,0.0,0.0
2022-11-11 13:30:00-05:00,45.060001373291016,45.09000015258789,44.9114990234375,45.02000045776367,76619,0.0,0.0
2022-11-11 14:30:00-05:00,45.0099983215332,45.06999969482422,44.720001220703125,44.92900085449219,74227,0.0,0.0
2022-11-11 15:30:00-05:00,44.91999816894531,44.93000030517578,44.720001220703125,44.790000915527344,242924,0.0,0.0
2022-11-14 09:30:00-05:00,44.650001525878906,45.2400016784668,44.54999923706055,45.040000915527344,181139,0.0,0.0
2022-11-14 10:30:00-05:00,45.040000915527344,45.18000030517578,44.939998626708984,44.959999084472656,132444,0.0,0.0
2022-11-14 11:30:00-05:00,44.959999084472656,45.279998779296875,44.95000076293945,45.275001525878906,105600,0.0,0.0
2022-11-14 12:30:00-05:00,45.279998779296875,45.309898376464844,45.15999984741211,45.18000030517578,100678,0.0,0.0
2022-11-14 13:30:00-05:00,45.16999816894531,45.30500030517578,44.83000183105469,44.869998931884766,235012,0.0,0.0
2022-11-14 14:30:00-05:00,44.869998931884766,45.09000015258789,44.849998474121094,44.880001068115234,116263,0.0,0.0
2022-11-14 15:30:00-05:00,44.88999938964844,44.96500015258789,44.724998474121094,44.75,213850,0.0,0.0
2022-11-15 09:30:00-05:00,45.189998626708984,45.380001068115234,45.029998779296875,45.2599983215332,116728,0.0,0.0
2022-11-15 10:30:00-05:00,45.290000915527344,45.290000915527344,44.97999954223633,45.05500030517578,108483,0.0,0.0
2022-11-15 11:30:00-05:00,45.05500030517578,45.11000061035156,44.959999084472656,45.09000015258789,86243,0.0,0.0
2022-11-15 12:30:00-05:00,45.099998474121094,45.21500015258789,44.7400016784668,44.779998779296875,86341,0.0,0.0
2022-11-15 13:30:00-05:00,44.78499984741211,44.959999084472656,44.599998474121094,44.91999816894531,104195,0.0,0.0
2022-11-15 14:30:00-05:00,44.91999816894531,45.09000015258789,44.84000015258789,44.93000030517578,93164,0.0,0.0
2022-11-15 15:30:00-05:00,44.93000030517578,45.10499954223633,44.869998931884766,45.05500030517578,213394,0.0,0.0
2022-11-16 09:30:00-05:00,44.93000030517578,45.24250030517578,44.869998931884766,45.15999984741211,264561,0.0,0.0
2022-11-16 10:30:00-05:00,45.15999984741211,45.2599983215332,45.04499816894531,45.16999816894531,71608,0.0,0.0
2022-11-16 11:30:00-05:00,45.150001525878906,45.18000030517578,45.02000045776367,45.119998931884766,64068,0.0,0.0
2022-11-16 12:30:00-05:00,45.130001068115234,45.15999984741211,44.93000030517578,44.93000030517578,49580,0.0,0.0
2022-11-16 13:30:00-05:00,44.95000076293945,44.97999954223633,44.849998474121094,44.849998474121094,92415,0.0,0.0
2022-11-16 14:30:00-05:00,44.86000061035156,45.029998779296875,44.779998779296875,44.93000030517578,87605,0.0,0.0
2022-11-16 15:30:00-05:00,44.93000030517578,44.94499969482422,44.775001525878906,44.88999938964844,194291,0.0,0.0
2022-11-17 09:30:00-05:00,44.369998931884766,44.95500183105469,44.14099884033203,44.86000061035156,243988,0.0,0.0
2022-11-17 10:30:00-05:00,44.880001068115234,44.92499923706055,44.720001220703125,44.880001068115234,114947,0.0,0.0
2022-11-17 11:30:00-05:00,44.880001068115234,44.9900016784668,44.775001525878906,44.94499969482422,83663,0.0,0.0
2022-11-17 12:30:00-05:00,44.94499969482422,45.040000915527344,44.834999084472656,45.029998779296875,144556,0.0,0.0
2022-11-17 13:30:00-05:00,45.040000915527344,45.1349983215332,44.9900016784668,45.060001373291016,88908,0.0,0.0
2022-11-17 14:30:00-05:00,45.060001373291016,45.099998474121094,44.939998626708984,45.005001068115234,94506,0.0,0.0
2022-11-17 15:30:00-05:00,44.9900016784668,45.34000015258789,44.91999816894531,45.31999969482422,183009,0.0,0.0
2022-11-18 09:30:00-05:00,45.790000915527344,45.880001068115234,45.20500183105469,45.209999084472656,227434,0.0,0.0
2022-11-18 10:30:00-05:00,45.2599983215332,45.38999938964844,45.21070098876953,45.34000015258789,128644,0.0,0.0
2022-11-18 11:30:00-05:00,45.349998474121094,45.4379997253418,45.2599983215332,45.34000015258789,41229,0.0,0.0
2022-11-18 12:30:00-05:00,45.310001373291016,45.4900016784668,45.310001373291016,45.4900016784668,58292,0.0,0.0
2022-11-18 13:30:00-05:00,45.494998931884766,45.55500030517578,45.42499923706055,45.439998626708984,52554,0.0,0.0
2022-11-18 14:30:00-05:00,45.439998626708984,45.5099983215332,45.375,45.470001220703125,83054,0.0,0.0
2022-11-18 15:30:00-05:00,45.47999954223633,45.584999084472656,45.42499923706055,45.529998779296875,181855,0.0,0.0
2022-11-21 09:30:00-05:00,45.439998626708984,45.8650016784668,45.34000015258789,45.68000030517578,128168,0.0,0.0
2022-11-21 10:30:00-05:00,45.689998626708984,45.775001525878906,45.55500030517578,45.66999816894531,125732,0.0,0.0
2022-11-21 11:30:00-05:00,45.67499923706055,45.71500015258789,45.5099983215332,45.540000915527344,81356,0.0,0.0
2022-11-21 12:30:00-05:00,45.560001373291016,45.7599983215332,45.54999923706055,45.755001068115234,44047,0.0,0.0
2022-11-21 13:30:00-05:00,45.75,45.81999969482422,45.6349983215332,45.810001373291016,97993,0.0,0.0
2022-11-21 14:30:00-05:00,45.79999923706055,45.88999938964844,45.77000045776367,45.80500030517578,148554,0.0,0.0
2022-11-21 15:30:00-05:00,45.81999969482422,45.91999816894531,45.79999923706055,45.91999816894531,141854,0.0,0.0
2022-11-22 09:30:00-05:00,45.90999984741211,46.23500061035156,45.81999969482422,46.1150016784668,101300,0.0,0.0
2022-11-22 10:30:00-05:00,46.13999938964844,46.16999816894531,45.90999984741211,46.130001068115234,79283,0.0,0.0
2022-11-22 11:30:00-05:00,46.13999938964844,46.20000076293945,46.020999908447266,46.040000915527344,68171,0.0,0.0
2022-11-22 12:30:00-05:00,46.01499938964844,46.27000045776367,46.005001068115234,46.27000045776367,250098,0.0,0.0
2022-11-22 13:30:00-05:00,46.27000045776367,46.349998474121094,46.06999969482422,46.09000015258789,80762,0.0,0.0
2022-11-22 14:30:00-05:00,46.095001220703125,46.165000915527344,46.029998779296875,46.150001525878906,118405,0.0,0.0
2022-11-22 15:30:00-05:00,46.14500045776367,46.310001373291016,46.14500045776367,46.279998779296875,213641,0.0,0.0
2022-11-23 09:30:00-05:00,46.150001525878906,46.31999969482422,46.05500030517578,46.060001373291016,298025,0.0,0.0
2022-11-23 10:30:00-05:00,46.06999969482422,46.16999816894531,45.77000045776367,45.810001373291016,184258,0.0,0.0
2022-11-23 11:30:00-05:00,45.810001373291016,45.83000183105469,45.59000015258789,45.625,60878,0.0,0.0
2022-11-23 12:30:00-05:00,45.59000015258789,45.59000015258789,45.45000076293945,45.540000915527344,40890,0.0,0.0
2022-11-23 13:30:00-05:00,45.560001373291016,45.75,45.4900016784668,45.724998474121094,46079,0.0,0.0
2022-11-23 14:30:00-05:00,45.724998474121094,45.79999923706055,45.66999816894531,45.7400016784668,80031,0.0,0.0
2022-11-23 15:30:00-05:00,45.72999954223633,45.75,45.68000030517578,45.69499969482422,117638,0.0,0.0
2022-11-25 09:30:00-05:00,45.709999084472656,45.9900016784668,45.65999984741211,45.91999816894531,61477,0.0,0.0
2022-11-25 10:30:00-05:00,45.91999816894531,46.01499938964844,45.84000015258789,46.0099983215332,110591,0.0,0.0
2022-11-25 11:30:00-05:00,46.02000045776367,46.05500030517578,45.91569900512695,45.959999084472656,58748,0.0,0.0
2022-11-28 09:30:00-05:00,45.81999969482422,46.0099983215332,45.70000076293945,45.86000061035156,87556,0.0,0.0
2022-11-28 10:30:00-05:00,45.88999938964844,45.900001525878906,45.599998474121094,45.599998474121094,128629,0.0,0.0
2022-11-28 11:30:00-05:00,45.59000015258789,45.59000015258789,45.310001373291016,45.345001220703125,53525,0.0,0.0
2022-11-28 12:30:00-05:00,45.349998474121094,45.439998626708984,45.20000076293945,45.30500030517578,127354,0.0,0.0
2022-11-28 13:30:00-05:00,45.29999923706055,45.31999969482422,44.970001220703125,44.970001220703125,83589,0.0,0.0
2022-11-28 14:30:00-05:00,44.96500015258789,44.96500015258789,44.650001525878906,44.744998931884766,137277,0.0,0.0
2022-11-28 15:30:00-05:00,44.75,44.84000015258789,44.665000915527344,44.720001220703125,319068,0.0,0.0
2022-11-29 09:30:00-05:00,44.689998626708984,45.15999984741211,44.5099983215332,45.150001525878906,97752,0.0,0.0
2022-11-29 10:30:00-05:00,45.13999938964844,45.22999954223633,44.869998931884766,44.88999938964844,103274,0.0,0.0
2022-11-29 11:30:00-05:00,44.90999984741211,45.0,44.849998474121094,44.849998474121094,41991,0.0,0.0
2022-11-29 12:30:00-05:00,44.869998931884766,44.96500015258789,44.86000061035156,44.88999938964844,41805,0.0,0.0
2022-11-29 13:30:00-05:00,44.900001525878906,45.15999984741211,44.88999938964844,45.07500076293945,81451,0.0,0.0
2022-11-29 14:30:00-05:00,45.06999969482422,45.27000045776367,45.0,45.20500183105469,81861,0.0,0.0
2022-11-29 15:30:00-05:00,45.20500183105469,45.334999084472656,45.06999969482422,45.29499816894531,364618,0.0,0.0
2022-11-30 09:30:00-05:00,45.04999923706055,45.27000045776367,44.790000915527344,44.959999084472656,103651,0.0,0.0
2022-11-30 10:30:00-05:00,44.959999084472656,45.209999084472656,44.939998626708984,45.20000076293945,67595,0.0,0.0
2022-11-30 11:30:00-05:00,45.16999816894531,45.2599983215332,45.125,45.150001525878906,63422,0.0,0.0
2022-11-30 12:30:00-05:00,45.150001525878906,45.400001525878906,45.1349983215332,45.38999938964844,79261,0.0,0.0
2022-11-30 13:30:00-05:00,45.380001068115234,45.983001708984375,45.36000061035156,45.91999816894531,150199,0.0,0.0
2022-11-30 14:30:00-05:00,45.91999816894531,46.099998474121094,45.869998931884766,46.01499938964844,114523,0.0,0.0
2022-11-30 15:30:00-05:00,46.01499938964844,46.380001068115234,46.01499938964844,46.36000061035156,275505,0.0,0.0
2022-12-01 09:30:00-05:00,46.459999084472656,46.709999084472656,46.16999816894531,46.16999816894531,98743,0.0,0.0
2022-12-01 10:30:00-05:00,46.189998626708984,46.22999954223633,46.08000183105469,46.15999984741211,74261,0.0,0.0
2022-12-01 11:30:00-05:00,46.16999816894531,46.22999954223633,46.099998474121094,46.20000076293945,71823,0.0,0.0
2022-12-01 12:30:00-05:00,46.20000076293945,46.29999923706055,45.85499954223633,45.85499954223633,80912,0.0,0.0
2022-12-01 13:30:00-05:00,45.86000061035156,45.97999954223633,45.77000045776367,45.970001220703125,73711,0.0,0.0
2022-12-01 14:30:00-05:00,45.941001892089844,46.060001373291016,45.90999984741211,46.04999923706055,114436,0.0,0.0
2022-12-01 15:30:00-05:00,46.04999923706055,46.19499969482422,46.04499816894531,46.17499923706055,127314,0.0,0.0
2022-12-02 09:30:00-05:00,45.790000915527344,46.17499923706055,45.67620086669922,46.13999938964844,43666,0.0,0.0
2022-12-02 10:30:00-05:00,46.1349983215332,46.36000061035156,46.08000183105469,46.119998931884766,59987,0.0,0.0
2022-12-02 11:30:00-05:00,46.13999938964844,46.244998931884766,46.119998931884766,46.22999954223633,47812,0.0,0.0
2022-12-02 12:30:00-05:00,46.237300872802734,46.275001525878906,46.130001068115234,46.2599983215332,57987,0.0,0.0
2022-12-02 13:30:00-05:00,46.26499938964844,46.279998779296875,46.13999938964844,46.25,56126,0.0,0.0
2022-12-02 14:30:00-05:00,46.2400016784668,46.40999984741211,46.220001220703125,46.290000915527344,80302,0.0,0.0
2022-12-02 15:30:00-05:00,46.290000915527344,46.29999923706055,46.15999984741211,46.189998626708984,116776,0.0,0.0
2022-12-05 09:30:00-05:00,45.880001068115234,46.144100189208984,45.654998779296875,45.959999084472656,77906,0.0,0.0
2022-12-05 10:30:00-05:00,45.970001220703125,46.15999984741211,45.939998626708984,46.060001373291016,41006,0.0,0.0
2022-12-05 11:30:00-05:00,46.04999923706055,46.04999923706055,45.81999969482422,45.95000076293945,42639,0.0,0.0
2022-12-05 12:30:00-05:00,45.935001373291016,45.95000076293945,45.65999984741211,45.70000076293945,32483,0.0,0.0
2022-12-05 13:30:00-05:00,45.689998626708984,45.75,45.61370086669922,45.65999984741211,42939,0.0,0.0
2022-12-05 14:30:00-05:00,45.67599868774414,45.724998474121094,45.619998931884766,45.689998626708984,51974,0.0,0.0
2022-12-05 15:30:00-05:00,45.685001373291016,45.83000183105469,45.685001373291016,45.7599983215332,119041,0.0,0.0
2022-12-06 09:30:00-05:00,45.810001373291016,46.0099983215332,45.7400016784668,45.779998779296875,65106,0.0,0.0
2022-12-06 10:30:00-05:00,45.77000045776367,46.08000183105469,45.755001068115234,46.0099983215332,64435,0.0,0.0
2022-12-06 11:30:00-05:00,46.0099983215332,46.054100036621094,45.880001068115234,45.959999084472656,46619,0.0,0.0
2022-12-06 12:30:00-05:00,45.959999084472656,45.959999084472656,45.78499984741211,45.78499984741211,54360,0.0,0.0
2022-12-06 13:30:00-05:00,45.779998779296875,45.91999816894531,45.779998779296875,45.79499816894531,65299,0.0,0.0
2022-12-06 14:30:00-05:00,45.79999923706055,45.880001068115234,45.7400016784668,45.755001068115234,66783,0.0,0.0
2022-12-06 15:30:00-05:00,45.755001068115234,45.95000076293945,45.744998931884766,45.900001525878906,135685,0.0,0.0
2022-12-07 09:30:00-05:00,45.849998474121094,46.279998779296875,45.84000015258789,46.20000076293945,131627,0.0,0.0
2022-12-07 10:30:00-05:00,46.209999084472656,46.2400016784668,45.900001525878906,45.959999084472656,94425,0.0,0.0
2022-12-07 11:30:00-05:00,45.96500015258789,46.060001373291016,45.86000061035156,46.02000045776367,41363,0.0,0.0
2022-12-07 12:30:00-05:00,46.03499984741211,46.189998626708984,46.02000045776367,46.13999938964844,35772,0.0,0.0
2022-12-07 13:30:00-05:00,46.1349983215332,46.1349983215332,45.96500015258789,46.005001068115234,45621,0.0,0.0
2022-12-07 14:30:00-05:00,46.005001068115234,46.04999923706055,45.78499984741211,45.83000183105469,63738,0.0,0.0
2022-12-07 15:30:00-05:00,45.85499954223633,45.900001525878906,45.70000076293945,45.720001220703125,144993,0.0,0.0
2022-12-08 09:30:00-05:00,45.79999923706055,46.2400016784668,45.79999923706055,46.19499969482422,102610,0.0,0.0
2022-12-08 10:30:00-05:00,46.19499969482422,46.25,45.97999954223633,46.05500030517578,119991,0.0,0.0
2022-12-08 11:30:00-05:00,46.040000915527344,46.11000061035156,45.9900016784668,46.06999969482422,52196,0.0,0.0
2022-12-08 12:30:00-05:00,46.04999923706055,46.07500076293945,45.93000030517578,45.95000076293945,54865,0.0,0.0
2022-12-08 13:30:00-05:00,45.959999084472656,46.029998779296875,45.83000183105469,45.84000015258789,69322,0.0,0.0
2022-12-08 14:30:00-05:00,45.834999084472656,45.959999084472656,45.82500076293945,45.95000076293945,106694,0.0,0.0
2022-12-08 15:30:00-05:00,45.95000076293945,46.08000183105469,45.935001373291016,46.08000183105469,141192,0.0,0.0
2022-12-09 09:30:00-05:00,45.970001220703125,46.150001525878906,45.79999923706055,46.08000183105469,58636,0.0,0.0
2022-12-09 10:30:00-05:00,46.09000015258789,46.209999084472656,46.07500076293945,46.16999816894531,43135,0.0,0.0
2022-12-09 11:30:00-05:00,46.150299072265625,46.189998626708984,46.029998779296875,46.062801361083984,32349,0.0,0.0
2022-12-09 12:30:00-05:00,46.060001373291016,46.185001373291016,46.060001373291016,46.16999816894531,31820,0.0,0.0
2022-12-09 13:30:00-05:00,46.15999984741211,46.279998779296875,46.099998474121094,46.224998474121094,96467,0.0,0.0
2022-12-09 14:30:00-05:00,46.224998474121094,46.34000015258789,46.22309875488281,46.279998779296875,97182,0.0,0.0
2022-12-09 15:30:00-05:00,46.279998779296875,46.290000915527344,46.060001373291016,46.08000183105469,159465,0.0,0.0
2022-12-12 09:30:00-05:00,46.13999938964844,46.21989822387695,45.915000915527344,46.06999969482422,46466,0.0,0.0
2022-12-12 10:30:00-05:00,46.09000015258789,46.148101806640625,46.02000045776367,46.13999938964844,44553,0.0,0.0
2022-12-12 11:30:00-05:00,46.130001068115234,46.31999969482422,46.1150016784668,46.220001220703125,98076,0.0,0.0
2022-12-12 12:30:00-05:00,46.209999084472656,46.27000045776367,46.130001068115234,46.15999984741211,67211,0.0,0.0
2022-12-12 13:30:00-05:00,46.165000915527344,46.279998779296875,46.165000915527344,46.22999954223633,112324,0.0,0.0
2022-12-12 14:30:00-05:00,46.23500061035156,46.505001068115234,46.22999954223633,46.4900016784668,94986,0.0,0.0
2022-12-12 15:30:00-05:00,46.5,46.59000015258789,46.47999954223633,46.560001373291016,183430,0.0,0.0
2022-12-13 09:30:00-05:00,47.279998779296875,47.380001068115234,46.689998626708984,46.720001220703125,195929,0.0,0.0
2022-12-13 10:30:00-05:00,46.72999954223633,46.91999816894531,46.584999084472656,46.630001068115234,80099,0.0,0.0
2022-12-13 11:30:00-05:00,46.630001068115234,46.66999816894531,46.220001220703125,46.290000915527344,78372,0.0,0.0
2022-12-13 12:30:00-05:00,46.279998779296875,46.56999969482422,46.18000030517578,46.560001373291016,60378,0.0,0.0
2022-12-13 13:30:00-05:00,46.560001373291016,46.65999984741211,46.52000045776367,46.56999969482422,81466,0.0,0.0
2022-12-13 14:30:00-05:00,46.540000915527344,46.650001525878906,46.38999938964844,46.474998474121094,171012,0.0,0.0
2022-12-13 15:30:00-05:00,46.47999954223633,46.540000915527344,46.36000061035156,46.4900016784668,340466,0.0,0.0
2022-12-14 09:30:00-05:00,46.41999816894531,46.779998779296875,46.369998931884766,46.56999969482422,232983,0.0,0.0
2022-12-14 10:30:00-05:00,46.564998626708984,46.65999984741211,46.439998626708984,46.560001373291016,167181,0.0,0.0
2022-12-14 11:30:00-05:00,46.56999969482422,46.63999938964844,46.470001220703125,46.619998931884766,110459,0.0,0.0
2022-12-14 12:30:00-05:00,46.630001068115234,46.720001220703125,46.56999969482422,46.66999816894531,124943,0.0,0.0
2022-12-14 13:30:00-05:00,46.68000030517578,46.779998779296875,46.165000915527344,46.369998931884766,138230,0.0,0.0
2022-12-14 14:30:00-05:00,46.31999969482422,46.5,46.02000045776367,46.05500030517578,226579,0.0,0.0
2022-12-14 15:30:00-05:00,46.029998779296875,46.2400016784668,45.959999084472656,46.119998931884766,257227,0.0,0.0
2022-12-15 09:30:00-05:00,45.77000045776367,46.099998474121094,45.599998474121094,45.83000183105469,170370,0.0,0.0
2022-12-15 10:30:00-05:00,45.82500076293945,45.90999984741211,45.65999984741211,45.869998931884766,95608,0.0,0.0
2022-12-15 11:30:00-05:00,45.869998931884766,46.27000045776367,45.869998931884766,46.20000076293945,82813,0.0,0.0
2022-12-15 12:30:00-05:00,46.19070053100586,46.255699157714844,46.029998779296875,46.15999984741211,60600,0.0,0.0
2022-12-15 13:30:00-05:00,46.150001525878906,46.400001525878906,46.150001525878906,46.33000183105469,66953,0.0,0.0
2022-12-15 14:30:00-05:00,46.31999969482422,46.584999084472656,46.29999923706055,46.51499938964844,73717,0.0,0.0
2022-12-15 15:30:00-05:00,46.51499938964844,46.540000915527344,46.18000030517578,46.209999084472656,146070,0.0,0.0
2022-12-16 09:30:00-05:00,45.45000076293945,46.11000061035156,45.38999938964844,45.439998626708984,377121,0.0,0.0
2022-12-16 10:30:00-05:00,45.41999816894531,45.435001373291016,45.060001373291016,45.060001373291016,112702,0.0,0.0
2022-12-16 11:30:00-05:00,45.06999969482422,45.15999984741211,44.88100051879883,44.93000030517578,94543,0.0,0.0
2022-12-16 12:30:00-05:00,44.915000915527344,45.0,44.81100082397461,44.93000030517578,70748,0.0,0.0
2022-12-16 13:30:00-05:00,44.93000030517578,45.02000045776367,44.720001220703125,44.849998474121094,59575,0.0,0.0
2022-12-16 14:30:00-05:00,44.849998474121094,45.31999969482422,44.77000045776367,45.29999923706055,100626,0.0,0.0
2022-12-16 15:30:00-05:00,45.310001373291016,45.58000183105469,45.310001373291016,45.34000015258789,162351,0.0,0.0
2022-12-19 09:30:00-05:00,45.290000915527344,45.560001373291016,45.220001220703125,45.5099983215332,88317,0.0,0.0
2022-12-19 10:30:00-05:00,45.51499938964844,45.63999938964844,45.279998779296875,45.310001373291016,50749,0.0,0.0
2022-12-19 11:30:00-05:00,45.30500030517578,45.34000015258789,45.20500183105469,45.255001068115234,51914,0.0,0.0
2022-12-19 12:30:00-05:00,45.25,45.334999084472656,45.21500015258789,45.2400016784668,47734,0.0,0.0
2022-12-19 13:30:00-05:00,45.23500061035156,45.244998931884766,44.95000076293945,44.95000076293945,70684,0.0,0.0
2022-12-19 14:30:00-05:00,44.959999084472656,45.01499938964844,44.8942985534668,44.959999084472656,69284,0.0,0.0
2022-12-19 15:30:00-05:00,44.97999954223633,45.22999954223633,44.959999084472656,45.15999984741211,138887,0.0,0.0
2022-12-20 09:30:00-05:00,45.15999984741211,45.209999084472656,44.779998779296875,45.029998779296875,76975,0.0,0.0
2022-12-20 10:30:00-05:00,45.029998779296875,45.2400016784668,44.95000076293945,45.04499816894531,192437,0.0,0.0
2022-12-20 11:30:00-05:00,45.060001373291016,45.41999816894531,45.04999923706055,45.290000915527344,50674,0.0,0.0
2022-12-20 12:30:00-05:00,45.279998779296875,45.349998474121094,45.22999954223633,45.290000915527344,54408,0.0,0.0
2022-12-20 13:30:00-05:00,45.290000915527344,45.43000030517578,45.290000915527344,45.349998474121094,54711,0.0,0.0
2022-12-20 14:30:00-05:00,45.34000015258789,45.43000030517578,45.310001373291016,45.41999816894531,117985,0.0,0.0
2022-12-20 15:30:00-05:00,45.415000915527344,45.56999969482422,45.38999938964844,45.38999938964844,214157,0.0,0.0
2022-12-21 09:30:00-05:00,45.79999923706055,46.165000915527344,45.619998931884766,45.959999084472656,134852,0.0,0.0
2022-12-21 10:30:00-05:00,45.959999084472656,46.189998626708984,45.959999084472656,46.060001373291016,61489,0.0,0.0
2022-12-21 11:30:00-05:00,46.06999969482422,46.1349983215332,46.03499984741211,46.06100082397461,47270,0.0,0.0
2022-12-21 12:30:00-05:00,46.064998626708984,46.189998626708984,46.0099983215332,46.130001068115234,42953,0.0,0.0
2022-12-21 13:30:00-05:00,46.1349983215332,46.16999816894531,45.9900016784668,46.0099983215332,50286,0.0,0.0
2022-12-21 14:30:00-05:00,46.0,46.06999969482422,45.779998779296875,45.82500076293945,70860,0.0,0.0
2022-12-21 15:30:00-05:00,45.814998626708984,45.869998931884766,45.70000076293945,45.81999969482422,120415,0.0,0.0
2022-12-22 09:30:00-05:00,45.61000061035156,45.79999923706055,45.5099983215332,45.63999938964844,61232,0.0,0.0
2022-12-22 10:30:00-05:00,45.630001068115234,45.810001373291016,45.59000015258789,45.61000061035156,64421,0.0,0.0
2022-12-22 11:30:00-05:00,45.61000061035156,45.63999938964844,45.22999954223633,45.22999954223633,61398,0.0,0.0
2022-12-22 12:30:00-05:00,45.24599838256836,45.25,44.900001525878906,44.90999984741211,72224,0.0,0.0
2022-12-22 13:30:00-05:00,44.900001525878906,44.959999084472656,44.70869827270508,44.959999084472656,53509,0.0,0.0
2022-12-22 14:30:00-05:00,44.959999084472656,45.400001525878906,44.88999938964844,45.36000061035156,44989,0.0,0.0
2022-12-22 15:30:00-05:00,45.36000061035156,45.56999969482422,45.29999923706055,45.5099983215332,106346,0.0,0.0
2022-12-23 09:30:00-05:00,45.5099983215332,45.75,45.310001373291016,45.72999954223633,56384,0.0,0.0
2022-12-23 10:30:00-05:00,45.7400016784668,45.880001068115234,45.63079833984375,45.67300033569336,46487,0.0,0.0
2022-12-23 11:30:00-05:00,45.709999084472656,45.88999938964844,45.63999938964844,45.81999969482422,40383,0.0,0.0
2022-12-23 12:30:00-05:00,45.81999969482422,45.880001068115234,45.779998779296875,45.790000915527344,32912,0.0,0.0
2022-12-23 13:30:00-05:00,45.790000915527344,45.82500076293945,45.650001525878906,45.709999084472656,33770,0.0,0.0
2022-12-23 14:30:00-05:00,45.720001220703125,45.900001525878906,45.69499969482422,45.86000061035156,37964,0.0,0.0
2022-12-23 15:30:00-05:00,45.849998474121094,46.0099983215332,45.78499984741211,46.0099983215332,94281,0.0,0.0
2022-12-27 09:30:00-05:00,46.13999938964844,46.150001525878906,45.82109832763672,46.060001373291016,40636,0.0,0.0
2022-12-27 10:30:00-05:00,46.060001373291016,46.07500076293945,45.75,45.7599983215332,58199,0.0,0.0
2022-12-27 11:30:00-05:00,45.779998779296875,45.90999984741211,45.779998779296875,45.82500076293945,27379,0.0,0.0
2022-12-27 12:30:00-05:00,45.81999969482422,45.880001068115234,45.720001220703125,45.78300094604492,35322,0.0,0.0
2022-12-27 13:30:00-05:00,45.779998779296875,45.79999923706055,45.677799224853516,45.72999954223633,55219,0.0,0.0
2022-12-27 14:30:00-05:00,45.7400016784668,45.970001220703125,45.720001220703125,45.95000076293945,91851,0.0,0.0
2022-12-27 15:30:00-05:00,45.95000076293945,46.08000183105469,45.849998474121094,45.900001525878906,92881,0.0,0.0
2022-12-28 09:30:00-05:00,45.90999984741211,46.11000061035156,45.70500183105469,45.720001220703125,52343,0.0,0.0
2022-12-28 10:30:00-05:00,45.689998626708984,45.779998779296875,45.59000015258789,45.65999984741211,66873,0.0,0.0
2022-12-28 11:30:00-05:00,45.66699981689453,45.66999816894531,45.38999938964844,45.45000076293945,51357,0.0,0.0
2022-12-28 12:30:00-05:00,45.439998626708984,45.689998626708984,45.38999938964844,45.619998931884766,52620,0.0,0.0
2022-12-28 13:30:00-05:00,45.61000061035156,45.619998931884766,45.529998779296875,45.58000183105469,55849,0.0,0.0
2022-12-28 14:30:00-05:00,45.57500076293945,45.709999084472656,45.34000015258789,45.380001068115234,50812,0.0,0.0
2022-12-28 15:30:00-05:00,45.380001068115234,45.43000030517578,45.27000045776367,45.3650016784668,111232,0.0,0.0
2022-12-29 09:30:00-05:00,45.54999923706055,45.75,45.5099983215332,45.61000061035156,54206,0.0,0.0
2022-12-29 10:30:00-05:00,45.619998931884766,45.79999923706055,45.529998779296875,45.54999923706055,49792,0.0,0.0
2022-12-29 11:30:00-05:00,45.560001373291016,45.849998474121094,45.54999923706055,45.81999969482422,33856,0.0,0.0
2022-12-29 12:30:00-05:00,45.83190155029297,45.880001068115234,45.75,45.779998779296875,55272,0.0,0.0
2022-12-29 13:30:00-05:00,45.77000045776367,45.810001373291016,45.56999969482422,45.60499954223633,60586,0.0,0.0
2022-12-29 14:30:00-05:00,45.599998474121094,45.7400016784668,45.58000183105469,45.68000030517578,62730,0.0,0.0
2022-12-29 15:30:00-05:00,45.68000030517578,45.810001373291016,45.61000061035156,45.7599983215332,127933,0.0,0.0
2022-12-30 09:30:00-05:00,45.630001068115234,45.75,45.189998626708984,45.61000061035156,47719,0.0,0.0
2022-12-30 10:30:00-05:00,45.61000061035156,45.61000061035156,45.439998626708984,45.56999969482422,55211,0.0,0.0
2022-12-30 11:30:00-05:00,45.54999923706055,45.63999938964844,45.540000915527344,45.63999938964844,41406,0.0,0.0
2022-12-30 12:30:00-05:00,45.62099838256836,45.709999084472656,45.369998931884766,45.43000030517578,56097,0.0,0.0
2022-12-30 13:30:00-05:00,45.470001220703125,45.619998931884766,45.33000183105469,45.36000061035156,49668,0.0,0.0
2022-12-30 14:30:00-05:00,45.369998931884766,45.470001220703125,45.275001525878906,45.43000030517578,66297,0.0,0.0
2022-12-30 15:30:00-05:00,45.41999816894531,45.8849983215332,45.41999816894531,45.77000045776367,176277,0.0,0.0
2023-01-03 09:30:00-05:00,46.61000061035156,46.61000061035156,45.849998474121094,46.01499938964844,119418,0.0,0.0
2023-01-03 10:30:00-05:00,46.029998779296875,46.310001373291016,45.939998626708984,46.084999084472656,90315,0.0,0.0
2023-01-03 11:30:00-05:00,46.09000015258789,46.220001220703125,46.04999923706055,46.099998474121094,87782,0.0,0.0
2023-01-03 12:30:00-05:00,46.09000015258789,46.18000030517578,45.849998474121094,46.16999816894531,103747,0.0,0.0
2023-01-03 13:30:00-05:00,46.15999984741211,46.21009826660156,45.9900016784668,46.0,80861,0.0,0.0
2023-01-03 14:30:00-05:00,46.0,46.20000076293945,45.904998779296875,46.150001525878906,140268,0.0,0.0
2023-01-03 15:30:00-05:00,46.150001525878906,46.23500061035156,45.994998931884766,46.0,272591,0.0,0.0
2023-01-04 09:30:00-05:00,46.189998626708984,46.959999084472656,46.189998626708984,46.900001525878906,134753,0.0,0.0
2023-01-04 10:30:00-05:00,46.88999938964844,46.95500183105469,46.67499923706055,46.75,73623,0.0,0.0
2023-01-04 11:30:00-05:00,46.7599983215332,46.97999954223633,46.70000076293945,46.90999984741211,78234,0.0,0.0
2023-01-04 12:30:00-05:00,46.91899871826172,47.18000030517578,46.91899871826172,47.02000045776367,85686,0.0,0.0
2023-01-04 13:30:00-05:00,47.02000045776367,47.11000061035156,46.36000061035156,46.38999938964844,249467,0.0,0.0
2023-01-04 14:30:00-05:00,46.36000061035156,46.650001525878906,46.29999923706055,46.47999954223633,105032,0.0,0.0
2023-01-04 15:30:00-05:00,46.470001220703125,46.58000183105469,46.29999923706055,46.560001373291016,222197,0.0,0.0
2023-01-05 09:30:00-05:00,46.220001220703125,46.23500061035156,45.65999984741211,45.75,97783,0.0,0.0
2023-01-05 10:30:00-05:00,45.7599983215332,45.900001525878906,45.66999816894531,45.709999084472656,71266,0.0,0.0
2023-01-05 11:30:00-05:00,45.72999954223633,45.84000015258789,45.68000030517578,45.720001220703125,54749,0.0,0.0
2023-01-05 12:30:00-05:00,45.72999954223633,45.93000030517578,45.689998626708984,45.88999938964844,46936,0.0,0.0
2023-01-05 13:30:00-05:00,45.880001068115234,45.93000030517578,45.779998779296875,45.88999938964844,62362,0.0,0.0
2023-01-05 14:30:00-05:00,45.90999984741211,46.189998626708984,45.904998779296875,46.047000885009766,79383,0.0,0.0
2023-01-05 15:30:00-05:00,46.029998779296875,46.20000076293945,45.97999954223633,46.18000030517578,130448,0.0,0.0
2023-01-06 09:30:00-05:00,46.310001373291016,46.70000076293945,46.2599983215332,46.584999084472656,69471,0.0,0.0
2023-01-06 10:30:00-05:00,46.619998931884766,46.90999984741211,46.619998931884766,46.68000030517578,92853,0.0,0.0
2023-01-06 11:30:00-05:00,46.68000030517578,46.72999954223633,46.58000183105469,46.59000015258789,79615,0.0,0.0
2023-01-06 12:30:00-05:00,46.59000015258789,46.630001068115234,46.45000076293945,46.459999084472656,52790,0.0,0.0
2023-01-06 13:30:00-05:00,46.46500015258789,46.76499938964844,46.45000076293945,46.650001525878906,80261,0.0,0.0
2023-01-06 14:30:00-05:00,46.65999984741211,46.7400016784668,46.59000015258789,46.59000015258789,118324,0.0,0.0
2023-01-06 15:30:00-05:00,46.59000015258789,46.70000076293945,46.54999923706055,46.59000015258789,177234,0.0,0.0
2023-01-09 09:30:00-05:00,46.11000061035156,46.709999084472656,46.11000061035156,46.599998474121094,123898,0.0,0.0
2023-01-09 10:30:00-05:00,46.619998931884766,46.68000030517578,46.564998626708984,46.650001525878906,64577,0.0,0.0
2023-01-09 11:30:00-05:00,46.65999984741211,46.709999084472656,46.564998626708984,46.61000061035156,148286,0.0,0.0
2023-01-09 12:30:00-05:00,46.619998931884766,46.731998443603516,46.58330154418945,46.6599006652832,91938,0.0,0.0
2023-01-09 13:30:00-05:00,46.66999816894531,46.75,46.599998474121094,46.65999984741211,67908,0.0,0.0
2023-01-09 14:30:00-05:00,46.630001068115234,46.755001068115234,46.56999969482422,46.68000030517578,107120,0.0,0.0
2023-01-09 15:30:00-05:00,46.689998626708984,46.720001220703125,46.52000045776367,46.54999923706055,161689,0.0,0.0
2023-01-10 09:30:00-05:00,46.38999938964844,46.5099983215332,46.06999969482422,46.11000061035156,126344,0.0,0.0
2023-01-10 10:30:00-05:00,46.10499954223633,46.10499954223633,45.83000183105469,46.025001525878906,92352,0.0,0.0
2023-01-10 11:30:00-05:00,46.03499984741211,46.08000183105469,45.86000061035156,45.880001068115234,94594,0.0,0.0
2023-01-10 12:30:00-05:00,45.88999938964844,46.119998931884766,45.77000045776367,45.97999954223633,146990,0.0,0.0
2023-01-10 13:30:00-05:00,45.970001220703125,46.20000076293945,45.95000076293945,46.060001373291016,108313,0.0,0.0
2023-01-10 14:30:00-05:00,46.04999923706055,46.095001220703125,45.959999084472656,46.04999923706055,62150,0.0,0.0
2023-01-10 15:30:00-05:00,46.040000915527344,46.040000915527344,45.869998931884766,45.959999084472656,185266,0.0,0.0
2023-01-11 09:30:00-05:00,46.20000076293945,46.720001220703125,46.20000076293945,46.584999084472656,131309,0.0,0.0
2023-01-11 10:30:00-05:00,46.59000015258789,46.880001068115234,46.48500061035156,46.83000183105469,76918,0.0,0.0
2023-01-11 11:30:00-05:00,46.84000015258789,46.84000015258789,46.69499969482422,46.720001220703125,69862,0.0,0.0
2023-01-11 12:30:00-05:00,46.709999084472656,46.83000183105469,46.68000030517578,46.83000183105469,72391,0.0,0.0
2023-01-11 13:30:00-05:00,46.81999969482422,47.33000183105469,46.80500030517578,47.33000183105469,120396,0.0,0.0
2023-01-11 14:30:00-05:00,47.33000183105469,47.470001220703125,47.27000045776367,47.33000183105469,149977,0.0,0.0
2023-01-11 15:30:00-05:00,47.34000015258789,47.5,47.314998626708984,47.38999938964844,218286,0.0,0.0
2023-01-12 09:30:00-05:00,47.65999984741211,47.72999954223633,47.36000061035156,47.65999984741211,62407,0.0,0.0
2023-01-12 10:30:00-05:00,47.630001068115234,47.779998779296875,47.58000183105469,47.70500183105469,84809,0.0,0.0
2023-01-12 11:30:00-05:00,47.68000030517578,47.97999954223633,47.619998931884766,47.970001220703125,43142,0.0,0.0
2023-01-12 12:30:00-05:00,47.970001220703125,48.15999984741211,47.939998626708984,47.970001220703125,43114,0.0,0.0
2023-01-12 13:30:00-05:00,47.970001220703125,48.189998626708984,47.90999984741211,48.09000015258789,47050,0.0,0.0
2023-01-12 14:30:00-05:00,48.08000183105469,48.209999084472656,48.02000045776367,48.07500076293945,44291,0.0,0.0
2023-01-12 15:30:00-05:00,48.07500076293945,48.150001525878906,48.01499938964844,48.04999923706055,90251,0.0,0.0
2023-01-13 09:30:00-05:00,47.58000183105469,47.880001068115234,47.420101165771484,47.779998779296875,84731,0.0,0.0
2023-01-13 10:30:00-05:00,47.790000915527344,47.790000915527344,47.54499816894531,47.56999969482422,68114,0.0,0.0
2023-01-13 11:30:00-05:00,47.56999969482422,47.619998931884766,47.540000915527344,47.560001373291016,66174,0.0,0.0
2023-01-13 12:30:00-05:00,47.55500030517578,47.654998779296875,47.5099983215332,47.56999969482422,61471,0.0,0.0
2023-01-13 13:30:00-05:00,47.56999969482422,47.61000061035156,47.52000045776367,47.54999923706055,47527,0.0,0.0
2023-01-13 14:30:00-05:00,47.58000183105469,47.65999984741211,47.529998779296875,47.654998779296875,65005,0.0,0.0
2023-01-13 15:30:00-05:00,47.654998779296875,47.72999954223633,47.47999954223633,47.560001373291016,253613,0.0,0.0
2023-01-17 09:30:00-05:00,47.7400016784668,47.939998626708984,47.540000915527344,47.83000183105469,100689,0.0,0.0
2023-01-17 10:30:00-05:00,47.83000183105469,47.880001068115234,47.68000030517578,47.709999084472656,90760,0.0,0.0
2023-01-17 11:30:00-05:00,47.70000076293945,47.744998931884766,47.630001068115234,47.689998626708984,89537,0.0,0.0
2023-01-17 12:30:00-05:00,47.70000076293945,47.84000015258789,47.68000030517578,47.75,101928,0.0,0.0
2023-01-17 13:30:00-05:00,47.75,47.88999938964844,47.75,47.779998779296875,133289,0.0,0.0
2023-01-17 14:30:00-05:00,47.790000915527344,47.83000183105469,47.73109817504883,47.79999923706055,132007,0.0,0.0
2023-01-17 15:30:00-05:00,47.79999923706055,47.849998474121094,47.720001220703125,47.75,217801,0.0,0.0
2023-01-18 09:30:00-05:00,47.81999969482422,47.81999969482422,47.61000061035156,47.790000915527344,68650,0.0,0.0
2023-01-18 10:30:00-05:00,47.790000915527344,47.790000915527344,47.29999923706055,47.29999923706055,66007,0.0,0.0
2023-01-18 11:30:00-05:00,47.279998779296875,47.310001373291016,46.939998626708984,46.939998626708984,55682,0.0,0.0
2023-01-18 12:30:00-05:00,46.90999984741211,47.15999984741211,46.87009811401367,47.13999938964844,58171,0.0,0.0
2023-01-18 13:30:00-05:00,47.16999816894531,47.29999923706055,47.09000015258789,47.20000076293945,68812,0.0,0.0
2023-01-18 14:30:00-05:00,47.20500183105469,47.27000045776367,47.13999938964844,47.165000915527344,60558,0.0,0.0
2023-01-18 15:30:00-05:00,47.18000030517578,47.18000030517578,46.98500061035156,47.060001373291016,137614,0.0,0.0
2023-01-19 09:30:00-05:00,46.810001373291016,47.20000076293945,46.810001373291016,46.93000030517578,81999,0.0,0.0
2023-01-19 10:30:00-05:00,46.93000030517578,46.93000030517578,46.72999954223633,46.75,60943,0.0,0.0
2023-01-19 11:30:00-05:00,46.75,46.869998931884766,46.689998626708984,46.86000061035156,52450,0.0,0.0
2023-01-19 12:30:00-05:00,46.849998474121094,46.91999816894531,46.790000915527344,46.81999969482422,55950,0.0,0.0
2023-01-19 13:30:00-05:00,46.83000183105469,46.959999084472656,46.83000183105469,46.8650016784668,67584,0.0,0.0
2023-01-19 14:30:00-05:00,46.86000061035156,46.900001525878906,46.76499938964844,46.84000015258789,133862,0.0,0.0
2023-01-19 15:30:00-05:00,46.83000183105469,46.83000183105469,46.69219970703125,46.720001220703125,136214,0.0,0.0
2023-01-20 09:30:00-05:00,46.599998474121094,46.88999938964844,46.29999923706055,46.86000061035156,66498,0.0,0.0
2023-01-20 10:30:00-05:00,46.88999938964844,46.88999938964844,46.61750030517578,46.70000076293945,51405,0.0,0.0
2023-01-20 11:30:00-05:00,46.70500183105469,46.81999969482422,46.68000030517578,46.70000076293945,51985,0.0,0.0
2023-01-20 12:30:00-05:00,46.70000076293945,46.790000915527344,46.650001525878906,46.71500015258789,64216,0.0,0.0
2023-01-20 13:30:00-05:00,46.72999954223633,46.84000015258789,46.65999984741211,46.79999923706055,64671,0.0,0.0
2023-01-20 14:30:00-05:00,46.80500030517578,46.94499969482422,46.7400016784668,46.85499954223633,101688,0.0,0.0
2023-01-20 15:30:00-05:00,46.869998931884766,47.11000061035156,46.79999923706055,47.11000061035156,145113,0.0,0.0
2023-01-23 09:30:00-05:00,47.040000915527344,47.130001068115234,46.810001373291016,47.10499954223633,71336,0.0,0.0
2023-01-23 10:30:00-05:00,47.1150016784668,47.349998474121094,47.08000183105469,47.17499923706055,65418,0.0,0.0
2023-01-23 11:30:00-05:00,47.189998626708984,47.47999954223633,47.130001068115234,47.470001220703125,56948,0.0,0.0
2023-01-23 12:30:00-05:00,47.47999954223633,47.5099983215332,47.310001373291016,47.310001373291016,60242,0.0,0.0
2023-01-23 13:30:00-05:00,47.314998626708984,47.349998474121094,47.16999816894531,47.209999084472656,71743,0.0,0.0
2023-01-23 14:30:00-05:00,47.220001220703125,47.25,47.02000045776367,47.08000183105469,73681,0.0,0.0
2023-01-23 15:30:00-05:00,47.08000183105469,47.17499923706055,47.0099983215332,47.11000061035156,94972,0.0,0.0
2023-01-24 09:30:00-05:00,46.900001525878906,47.47999954223633,46.790000915527344,46.939998626708984,55203,0.0,0.0
2023-01-24 10:30:00-05:00,46.95000076293945,47.104400634765625,46.95000076293945,47.06999969482422,60057,0.0,0.0
2023-01-24 11:30:00-05:00,47.06999969482422,47.13999938964844,47.02000045776367,47.099998474121094,63464,0.0,0.0
2023-01-24 12:30:00-05:00,47.099998474121094,47.12269973754883,46.939998626708984,47.029998779296875,102653,0.0,0.0
2023-01-24 13:30:00-05:00,47.040000915527344,47.119998931884766,46.95500183105469,46.97999954223633,60692,0.0,0.0
2023-01-24 14:30:00-05:00,46.9900016784668,47.349998474121094,46.97999954223633,47.34000015258789,198953,0.0,0.0
2023-01-24 15:30:00-05:00,47.345001220703125,47.349998474121094,47.095001220703125,47.15999984741211,152051,0.0,0.0
2023-01-25 09:30:00-05:00,47.06999969482422,47.29999923706055,46.900001525878906,47.27000045776367,68872,0.0,0.0
2023-01-25 10:30:00-05:00,47.279998779296875,47.3849983215332,47.2599983215332,47.36000061035156,83903,0.0,0.0
2023-01-25 11:30:00-05:00,47.36000061035156,47.369998931884766,47.029998779296875,47.04499816894531,60078,0.0,0.0
2023-01-25 12:30:00-05:00,47.04999923706055,47.119998931884766,46.95000076293945,47.11000061035156,66964,0.0,0.0
2023-01-25 13:30:00-05:00,47.119998931884766,47.22999954223633,47.09000015258789,47.09000015258789,64122,0.0,0.0
2023-01-25 14:30:00-05:00,47.095001220703125,47.18000030517578,46.9900016784668,47.119998931884766,84042,0.0,0.0
2023-01-25 15:30:00-05:00,47.13999938964844,47.209999084472656,47.05500030517578,47.189998626708984,142978,0.0,0.0
2023-01-26 09:30:00-05:00,47.34000015258789,47.41999816894531,47.060001373291016,47.064998626708984,68035,0.0,0.0
2023-01-26 10:30:00-05:00,47.084999084472656,47.20000076293945,47.029998779296875,47.150001525878906,63600,0.0,0.0
2023-01-26 11:30:00-05:00,47.150001525878906,47.2400016784668,47.13999938964844,47.16999816894531,60204,0.0,0.0
2023-01-26 12:30:00-05:00,47.16999816894531,47.22999954223633,47.119998931884766,47.18000030517578,84787,0.0,0.0
2023-01-26 13:30:00-05:00,47.189998626708984,47.25,47.16999816894531,47.23500061035156,91382,0.0,0.0
2023-01-26 14:30:00-05:00,47.2400016784668,47.275001525878906,47.165000915527344,47.255001068115234,122688,0.0,0.0
2023-01-26 15:30:00-05:00,47.255001068115234,47.32500076293945,47.16999816894531,47.310001373291016,209765,0.0,0.0
2023-01-27 09:30:00-05:00,47.599998474121094,47.77000045776367,47.5,47.619998931884766,121752,0.0,0.0
2023-01-27 10:30:00-05:00,47.625,47.65409851074219,47.46009826660156,47.5,96338,0.0,0.0
2023-01-27 11:30:00-05:00,47.5,47.63999938964844,47.49150085449219,47.57809829711914,67861,0.0,0.0
2023-01-27 12:30:00-05:00,47.56999969482422,47.61000061035156,47.5,47.58000183105469,50731,0.0,0.0
2023-01-27 13:30:00-05:00,47.595001220703125,47.720001220703125,47.564998626708984,47.65999984741211,73522,0.0,0.0
2023-01-27 14:30:00-05:00,47.650001525878906,47.904998779296875,47.599998474121094,47.900001525878906,78174,0.0,0.0
2023-01-27 15:30:00-05:00,47.90999984741211,47.94889831542969,47.650001525878906,47.689998626708984,155138,0.0,0.0
2023-01-30 09:30:00-05:00,47.040000915527344,47.33000183105469,46.91999816894531,47.310001373291016,81371,0.0,0.0
2023-01-30 10:30:00-05:00,47.29999923706055,47.29999923706055,47.040000915527344,47.13999938964844,66301,0.0,0.0
2023-01-30 11:30:00-05:00,47.13999938964844,47.31999969482422,47.099998474121094,47.130001068115234,113428,0.0,0.0
2023-01-30 12:30:00-05:00,47.150001525878906,47.154998779296875,47.03010177612305,47.08000183105469,48153,0.0,0.0
2023-01-30 13:30:00-05:00,47.08000183105469,47.084999084472656,46.939998626708984,46.970001220703125,52236,0.0,0.0
2023-01-30 14:30:00-05:00,46.96670150756836,46.9900016784668,46.86000061035156,46.904998779296875,70261,0.0,0.0
2023-01-30 15:30:00-05:00,46.900001525878906,46.97999954223633,46.84000015258789,46.91999816894531,137208,0.0,0.0
2023-01-31 09:30:00-05:00,46.880001068115234,46.959999084472656,46.540000915527344,46.869998931884766,146499,0.0,0.0
2023-01-31 10:30:00-05:00,46.869998931884766,47.20000076293945,46.869998931884766,47.060001373291016,167470,0.0,0.0
2023-01-31 11:30:00-05:00,47.06999969482422,47.290000915527344,47.040000915527344,47.130001068115234,107212,0.0,0.0
2023-01-31 12:30:00-05:00,47.119998931884766,47.189998626708984,47.08000183105469,47.130001068115234,127859,0.0,0.0
2023-01-31 13:30:00-05:00,47.130001068115234,47.2400016784668,47.040000915527344,47.154998779296875,135774,0.0,0.0
2023-01-31 14:30:00-05:00,47.150001525878906,47.18000030517578,47.040000915527344,47.14500045776367,215885,0.0,0.0
2023-01-31 15:30:00-05:00,47.150001525878906,47.55500030517578,47.150001525878906,47.36000061035156,556704,0.0,0.0
2023-02-01 09:30:00-05:00,47.22999954223633,47.540000915527344,47.09000015258789,47.290000915527344,144224,0.0,0.0
2023-02-01 10:30:00-05:00,47.279998779296875,47.28499984741211,46.959999084472656,47.0,98243,0.0,0.0
2023-02-01 11:30:00-05:00,47.0,47.029998779296875,46.779998779296875,46.81999969482422,81369,0.0,0.0
2023-02-01 12:30:00-05:00,46.83000183105469,46.849998474121094,46.58000183105469,46.59000015258789,87465,0.0,0.0
2023-02-01 13:30:00-05:00,46.599998474121094,46.77000045776367,46.540000915527344,46.63999938964844,97528,0.0,0.0
2023-02-01 14:30:00-05:00,46.650001525878906,47.18000030517578,46.459999084472656,47.1349983215332,226212,0.0,0.0
2023-02-01 15:30:00-05:00,47.13999938964844,47.380001068115234,47.060001373291016,47.18000030517578,193321,0.0,0.0
2023-02-02 09:30:00-05:00,47.2599983215332,47.54999923706055,47.150001525878906,47.400001525878906,171630,0.0,0.0
2023-02-02 10:30:00-05:00,47.42499923706055,47.746700286865234,47.415000915527344,47.599998474121094,111644,0.0,0.0
2023-02-02 11:30:00-05:00,47.59000015258789,47.685001373291016,47.560001373291016,47.630001068115234,72179,0.0,0.0
2023-02-02 12:30:00-05:00,47.630001068115234,47.709999084472656,47.45000076293945,47.5099983215332,85951,0.0,0.0
2023-02-02 13:30:00-05:00,47.529998779296875,47.54999923706055,47.279998779296875,47.31999969482422,104512,0.0,0.0
2023-02-02 14:30:00-05:00,47.31999969482422,47.400001525878906,47.13999938964844,47.38999938964844,111554,0.0,0.0
2023-02-02 15:30:00-05:00,47.400001525878906,47.619998931884766,47.3650016784668,47.61000061035156,227496,0.0,0.0
2023-02-03 09:30:00-05:00,47.220001220703125,47.25,46.77000045776367,47.02690124511719,103990,0.0,0.0
2023-02-03 10:30:00-05:00,47.029998779296875,47.22999954223633,46.84000015258789,46.959999084472656,74106,0.0,0.0
2023-02-03 11:30:00-05:00,46.959999084472656,47.04999923706055,46.619998931884766,46.8650016784668,77395,0.0,0.0
2023-02-03 12:30:00-05:00,46.880001068115234,46.97999954223633,46.529998779296875,46.56999969482422,79943,0.0,0.0
2023-02-03 13:30:00-05:00,46.560001373291016,46.77000045776367,46.5099983215332,46.7599983215332,84101,0.0,0.0
2023-02-03 14:30:00-05:00,46.77000045776367,47.02000045776367,46.720001220703125,46.959999084472656,95328,0.0,0.0
2023-02-03 15:30:00-05:00,46.959999084472656,47.25,46.86000061035156,47.25,167535,0.0,0.0
2023-02-06 09:30:00-05:00,46.86000061035156,47.04999923706055,46.5,46.65999984741211,72426,0.0,0.0
2023-02-06 10:30:00-05:00,46.633201599121094,46.755001068115234,46.525001525878906,46.755001068115234,60904,0.0,0.0
2023-02-06 11:30:00-05:00,46.77000045776367,46.814998626708984,46.68000030517578,46.7599983215332,49727,0.0,0.0
2023-02-06 12:30:00-05:00,46.7599983215332,46.88999938964844,46.7400016784668,46.7599983215332,102960,0.0,0.0
2023-02-06 13:30:00-05:00,46.77000045776367,47.02000045776367,46.7599983215332,46.98500061035156,59101,0.0,0.0
2023-02-06 14:30:00-05:00,46.98500061035156,47.154998779296875,46.98500061035156,47.0099983215332,86380,0.0,0.0
2023-02-06 15:30:00-05:00,47.0,47.119998931884766,46.959999084472656,47.08000183105469,192400,0.0,0.0
2023-02-07 09:30:00-05:00,46.869998931884766,46.91999816894531,46.45000076293945,46.744998931884766,185712,0.0,0.0
2023-02-07 10:30:00-05:00,46.744998931884766,46.90999984741211,46.7400016784668,46.79999923706055,158878,0.0,0.0
2023-02-07 11:30:00-05:00,46.81999969482422,47.060001373291016,46.77000045776367,47.05500030517578,92897,0.0,0.0
2023-02-07 12:30:00-05:00,47.05500030517578,47.470001220703125,46.970001220703125,47.04999923706055,225758,0.0,0.0
2023-02-07 13:30:00-05:00,47.029998779296875,47.25,46.77000045776367,47.18000030517578,177864,0.0,0.0
2023-02-07 14:30:00-05:00,47.189998626708984,47.33000183105469,47.15999984741211,47.255001068115234,83605,0.0,0.0
2023-02-07 15:30:00-05:00,47.25,47.29999923706055,47.060001373291016,47.09000015258789,142968,0.0,0.0
2023-02-08 09:30:00-05:00,46.84000015258789,47.029998779296875,46.709999084472656,46.79999923706055,84775,0.0,0.0
2023-02-08 10:30:00-05:00,46.79999923706055,47.02000045776367,46.790000915527344,46.91999816894531,64494,0.0,0.0
2023-02-08 11:30:00-05:00,46.915000915527344,46.935001373291016,46.810001373291016,46.89500045776367,58567,0.0,0.0
2023-02-08 12:30:00-05:00,46.8849983215332,47.0,46.814998626708984,46.93000030517578,57828,0.0,0.0
2023-02-08 13:30:00-05:00,46.90999984741211,46.96500015258789,46.81999969482422,46.86000061035156,48595,0.0,0.0
2023-02-08 14:30:00-05:00,46.86000061035156,46.97999954223633,46.84000015258789,46.89500045776367,77570,0.0,0.0
2023-02-08 15:30:00-05:00,46.89500045776367,47.0099983215332,46.814998626708984,46.95500183105469,128284,0.0,0.0
2023-02-09 09:30:00-05:00,47.08000183105469,47.209999084472656,46.709999084472656,46.73500061035156,63724,0.0,0.0
2023-02-09 10:30:00-05:00,46.709999084472656,46.810001373291016,46.58000183105469,46.619998931884766,38578,0.0,0.0
2023-02-09 11:30:00-05:00,46.61000061035156,46.720001220703125,46.529998779296875,46.650001525878906,38658,0.0,0.0
2023-02-09 12:30:00-05:00,46.63999938964844,46.63999938964844,46.290000915527344,46.290000915527344,63559,0.0,0.0
2023-02-09 13:30:00-05:00,46.279998779296875,46.369998931884766,46.25,46.32500076293945,152499,0.0,0.0
2023-02-09 14:30:00-05:00,46.33000183105469,46.625,46.209999084472656,46.2400016784668,119937,0.0,0.0
2023-02-09 15:30:00-05:00,46.22999954223633,46.310001373291016,46.0,46.04999923706055,207832,0.0,0.0
2023-02-10 09:30:00-05:00,45.95000076293945,46.61000061035156,45.90999984741211,46.61000061035156,62576,0.0,0.0
2023-02-10 10:30:00-05:00,46.619998931884766,46.73500061035156,46.525001525878906,46.630001068115234,104358,0.0,0.0
2023-02-10 11:30:00-05:00,46.622398376464844,46.65999984741211,46.310001373291016,46.400001525878906,54657,0.0,0.0
2023-02-10 12:30:00-05:00,46.380001068115234,46.540000915527344,46.380001068115234,46.45000076293945,56916,0.0,0.0
2023-02-10 13:30:00-05:00,46.439998626708984,46.560001373291016,46.40999984741211,46.54999923706055,56409,0.0,0.0
2023-02-10 14:30:00-05:00,46.54999923706055,46.79999923706055,46.52000045776367,46.79999923706055,72133,0.0,0.0
2023-02-10 15:30:00-05:00,46.79999923706055,46.95000076293945,46.79999923706055,46.83000183105469,182905,0.0,0.0
2023-02-13 09:30:00-05:00,47.029998779296875,47.34000015258789,46.81999969482422,47.33000183105469,53962,0.0,0.0
2023-02-13 10:30:00-05:00,47.34000015258789,47.369998931884766,47.160400390625,47.189998626708984,50444,0.0,0.0
2023-02-13 11:30:00-05:00,47.189998626708984,47.25,47.119998931884766,47.220001220703125,61293,0.0,0.0
2023-02-13 12:30:00-05:00,47.220001220703125,47.2599983215332,47.13999938964844,47.189998626708984,44018,0.0,0.0
2023-02-13 13:30:00-05:00,47.189998626708984,47.25,47.06999969482422,47.06999969482422,54913,0.0,0.0
2023-02-13 14:30:00-05:00,47.06999969482422,47.099998474121094,47.029998779296875,47.05500030517578,57098,0.0,0.0
2023-02-13 15:30:00-05:00,47.04999923706055,47.16999816894531,47.04999923706055,47.16999816894531,91437,0.0,0.0
2023-02-14 09:30:00-05:00,47.150001525878906,47.255001068115234,46.880001068115234,47.0,85087,0.0,0.0
2023-02-14 10:30:00-05:00,47.02000045776367,47.029998779296875,46.790000915527344,46.810001373291016,60659,0.0,0.0
2023-02-14 11:30:00-05:00,46.77000045776367,46.79999923706055,46.61000061035156,46.77000045776367,64587,0.0,0.0
2023-02-14 12:30:00-05:00,46.75,46.95000076293945,46.68000030517578,46.81999969482422,90069,0.0,0.0
2023-02-14 13:30:00-05:00,46.83000183105469,46.915000915527344,46.779998779296875,46.900001525878906,73497,0.0,0.0
2023-02-14 14:30:00-05:00,46.91999816894531,47.0,46.790000915527344,46.81999969482422,85449,0.0,0.0
2023-02-14 15:30:00-05:00,46.810001373291016,46.83000183105469,46.63999938964844,46.650001525878906,157411,0.0,0.0
2023-02-15 09:30:00-05:00,46.34000015258789,46.619998931884766,46.34000015258789,46.45800018310547,76398,0.0,0.0
2023-02-15 10:30:00-05:00,46.47999954223633,46.61000061035156,46.369998931884766,46.47999954223633,43317,0.0,0.0
2023-02-15 11:30:00-05:00,46.470001220703125,46.5099983215332,46.290000915527344,46.34000015258789,34155,0.0,0.0
2023-02-15 12:30:00-05:00,46.34000015258789,46.5,46.33000183105469,46.5,22612,0.0,0.0
2023-02-15 13:30:00-05:00,46.5099983215332,46.56999969482422,46.4900016784668,46.560001373291016,41860,0.0,0.0
2023-02-15 14:30:00-05:00,46.557498931884766,46.61000061035156,46.5,46.61000061035156,70362,0.0,0.0
2023-02-15 15:30:00-05:00,46.619998931884766,46.709999084472656,46.59000015258789,46.709999084472656,175572,0.0,0.0
2023-02-16 09:30:00-05:00,46.33000183105469,46.75,46.19499969482422,46.75,63277,0.0,0.0
2023-02-16 10:30:00-05:00,46.7400016784668,46.91999816894531,46.72999954223633,46.900001525878906,72412,0.0,0.0
2023-02-16 11:30:00-05:00,46.90999984741211,46.93000030517578,46.779998779296875,46.86000061035156,149857,0.0,0.0
2023-02-16 12:30:00-05:00,46.849998474121094,46.93000030517578,46.81999969482422,46.880001068115234,69139,0.0,0.0
2023-02-16 13:30:00-05:00,46.900001525878906,47.09000015258789,46.84000015258789,47.06999969482422,62734,0.0,0.0
2023-02-16 14:30:00-05:00,47.08000183105469,47.09000015258789,46.79999923706055,46.81999969482422,183214,0.0,0.0
2023-02-16 15:30:00-05:00,46.810001373291016,46.810001373291016,46.650001525878906,46.77000045776367,186748,0.0,0.0
2023-02-17 09:30:00-05:00,46.81999969482422,46.84000015258789,46.34000015258789,46.60499954223633,89405,0.0,0.0
2023-02-17 10:30:00-05:00,46.61000061035156,46.72999954223633,46.459999084472656,46.459999084472656,60678,0.0,0.0
2023-02-17 11:30:00-05:00,46.470001220703125,46.63999938964844,46.439998626708984,46.63999938964844,46909,0.0,0.0
2023-02-17 12:30:00-05:00,46.630001068115234,46.630001068115234,46.369998931884766,46.459999084472656,112347,0.0,0.0
2023-02-17 13:30:00-05:00,46.459999084472656,46.70500183105469,46.42499923706055,46.599998474121094,84220,0.0,0.0
2023-02-17 14:30:00-05:00,46.599998474121094,46.779998779296875,46.57500076293945,46.70000076293945,66156,0.0,0.0
2023-02-17 15:30:00-05:00,46.70000076293945,46.92499923706055,46.70000076293945,46.91999816894531,163253,0.0,0.0
2023-02-21 09:30:00-05:00,46.70000076293945,46.869998931884766,46.30009841918945,46.30009841918945,67757,0.0,0.0
2023-02-21 10:30:00-05:00,46.33000183105469,46.380001068115234,46.029998779296875,46.029998779296875,54066,0.0,0.0
2023-02-21 11:30:00-05:00,46.02000045776367,46.21500015258789,45.959999084472656,46.061100006103516,37873,0.0,0.0
2023-02-21 12:30:00-05:00,46.08000183105469,46.27000045776367,46.060001373291016,46.11000061035156,37926,0.0,0.0
2023-02-21 13:30:00-05:00,46.099998474121094,46.119998931884766,45.939998626708984,45.989898681640625,42500,0.0,0.0
2023-02-21 14:30:00-05:00,46.0099983215332,46.06999969482422,45.90829849243164,46.0099983215332,43738,0.0,0.0
2023-02-21 15:30:00-05:00,46.04999923706055,46.18000030517578,46.04499816894531,46.10200119018555,79124,0.0,0.0
2023-02-22 09:30:00-05:00,46.16999816894531,46.5099983215332,46.15999984741211,46.31999969482422,66430,0.0,0.0
2023-02-22 10:30:00-05:00,46.29999923706055,46.33000183105469,46.13999938964844,46.13999938964844,46464,0.0,0.0
2023-02-22 11:30:00-05:00,46.13999938964844,46.244998931884766,46.06999969482422,46.13399887084961,98874,0.0,0.0
2023-02-22 12:30:00-05:00,46.11000061035156,46.15999984741211,46.0099983215332,46.150001525878906,114365,0.0,0.0
2023-02-22 13:30:00-05:00,46.150001525878906,46.16999816894531,45.790000915527344,45.880001068115234,137139,0.0,0.0
2023-02-22 14:30:00-05:00,45.869998931884766,45.869998931884766,45.474998474121094,45.47999954223633,126113,0.0,0.0
2023-02-22 15:30:00-05:00,45.470001220703125,45.57500076293945,45.34980010986328,45.540000915527344,203841,0.0,0.0
2023-02-23 09:30:00-05:00,46.0,46.22999954223633,45.790000915527344,46.060001373291016,236056,0.0,0.0
2023-02-23 10:30:00-05:00,46.029998779296875,46.029998779296875,45.7599983215332,45.7599983215332,72012,0.0,0.0
2023-02-23 11:30:00-05:00,45.7400016784668,45.75,45.470001220703125,45.53779983520508,167304,0.0,0.0
2023-02-23 12:30:00-05:00,45.52000045776367,45.709999084472656,45.5099983215332,45.63999938964844,72725,0.0,0.0
2023-02-23 13:30:00-05:00,45.619998931884766,45.73500061035156,45.5,45.72999954223633,99937,0.0,0.0
2023-02-23 14:30:00-05:00,45.724998474121094,45.93000030517578,45.724998474121094,45.880001068115234,96761,0.0,0.0
2023-02-23 15:30:00-05:00,45.88999938964844,45.959999084472656,45.564998626708984,45.599998474121094,277249,0.0,0.0
2023-02-24 09:30:00-05:00,45.5099983215332,45.5099983215332,45.11000061035156,45.189998626708984,130459,0.0,0.0
2023-02-24 10:30:00-05:00,45.18000030517578,45.220001220703125,45.040000915527344,45.130001068115234,63915,0.0,0.0
2023-02-24 11:30:00-05:00,45.130001068115234,45.31999969482422,44.99399948120117,45.029998779296875,95643,0.0,0.0
2023-02-24 12:30:00-05:00,45.025001525878906,45.099998474121094,44.83000183105469,45.0099983215332,53483,0.0,0.0
2023-02-24 13:30:00-05:00,44.9900016784668,45.17499923706055,44.91999816894531,45.13999938964844,111855,0.0,0.0
2023-02-24 14:30:00-05:00,45.13999938964844,45.25,45.04999923706055,45.14500045776367,152018,0.0,0.0
2023-02-24 15:30:00-05:00,45.150001525878906,45.189998626708984,44.97999954223633,45.18000030517578,209162,0.0,0.0
2023-02-27 09:30:00-05:00,45.630001068115234,45.880001068115234,45.51499938964844,45.75,79200,0.0,0.0
2023-02-27 10:30:00-05:00,45.7400016784668,45.74340057373047,45.459999084472656,45.52000045776367,107594,0.0,0.0
2023-02-27 11:30:00-05:00,45.52000045776367,45.540000915527344,45.29999923706055,45.36000061035156,145689,0.0,0.0
2023-02-27 12:30:00-05:00,45.349998474121094,45.41999816894531,45.22999954223633,45.40999984741211,93267,0.0,0.0
2023-02-27 13:30:00-05:00,45.41999816894531,45.47999954223633,45.279998779296875,45.29999923706055,100065,0.0,0.0
2023-02-27 14:30:00-05:00,45.29999923706055,45.349998474121094,45.130001068115234,45.18000030517578,170694,0.0,0.0
2023-02-27 15:30:00-05:00,45.185001373291016,45.45000076293945,45.150001525878906,45.439998626708984,217151,0.0,0.0
2023-02-28 09:30:00-05:00,45.209999084472656,45.79999923706055,45.209999084472656,45.66999816894531,97217,0.0,0.0
2023-02-28 10:30:00-05:00,45.689998626708984,45.90999984741211,45.66999816894531,45.869998931884766,64946,0.0,0.0
2023-02-28 11:30:00-05:00,45.880001068115234,45.939998626708984,45.72999954223633,45.939998626708984,63047,0.0,0.0
2023-02-28 12:30:00-05:00,45.92250061035156,45.92499923706055,45.84000015258789,45.8650016784668,58848,0.0,0.0
2023-02-28 13:30:00-05:00,45.880001068115234,45.880001068115234,45.61000061035156,45.61000061035156,86249,0.0,0.0
2023-02-28 14:30:00-05:00,45.599998474121094,45.68000030517578,45.56999969482422,45.60169982910156,89911,0.0,0.0
2023-02-28 15:30:00-05:00,45.599998474121094,45.619998931884766,45.310001373291016,45.31999969482422,206420,0.0,0.0
2023-03-01 09:30:00-05:00,45.06999969482422,45.29999923706055,44.84000015258789,44.849998474121094,90944,0.0,0.0
2023-03-01 10:30:00-05:00,44.849998474121094,45.0,44.52000045776367,44.616798400878906,66152,0.0,0.0
2023-03-01 11:30:00-05:00,44.630001068115234,44.900001525878906,44.619998931884766,44.869998931884766,58194,0.0,0.0
2023-03-01 12:30:00-05:00,44.880001068115234,44.93000030517578,44.75,44.80070114135742,57350,0.0,0.0
2023-03-01 13:30:00-05:00,44.79999923706055,44.93000030517578,44.75,44.85200119018555,94815,0.0,0.0
2023-03-01 14:30:00-05:00,44.86600112915039,45.029998779296875,44.70000076293945,45.0,110985,0.0,0.0
2023-03-01 15:30:00-05:00,45.0,45.189998626708984,45.0,45.15999984741211,161560,0.0,0.0
2023-03-02 09:30:00-05:00,45.060001373291016,45.16999816894531,44.959999084472656,45.150001525878906,47531,0.0,0.0
2023-03-02 10:30:00-05:00,45.150001525878906,45.25,45.119998931884766,45.20000076293945,55252,0.0,0.0
2023-03-02 11:30:00-05:00,45.20000076293945,45.349998474121094,45.16999816894531,45.349998474121094,65525,0.0,0.0
2023-03-02 12:30:00-05:00,45.36000061035156,45.415000915527344,45.20000076293945,45.279998779296875,59418,0.0,0.0
2023-03-02 13:30:00-05:00,45.28499984741211,45.48500061035156,45.28499984741211,45.42499923706055,110352,0.0,0.0
2023-03-02 14:30:00-05:00,45.439998626708984,45.57500076293945,45.40999984741211,45.57500076293945,141743,0.0,0.0
2023-03-02 15:30:00-05:00,45.58000183105469,45.70000076293945,45.47999954223633,45.65999984741211,200845,0.0,0.0
2023-03-03 09:30:00-05:00,46.029998779296875,46.08000183105469,45.529998779296875,45.650001525878906,75260,0.0,0.0
2023-03-03 10:30:00-05:00,45.64500045776367,45.68000030517578,45.54499816894531,45.68000030517578,39999,0.0,0.0
2023-03-03 11:30:00-05:00,45.68000030517578,45.849998474121094,45.630001068115234,45.849998474121094,54205,0.0,0.0
2023-03-03 12:30:00-05:00,45.85029983520508,45.91999816894531,45.78499984741211,45.90999984741211,59285,0.0,0.0
2023-03-03 13:30:00-05:00,45.91999816894531,45.93000030517578,45.81999969482422,45.91999816894531,54590,0.0,0.0
2023-03-03 14:30:00-05:00,45.93000030517578,45.970001220703125,45.84000015258789,45.8849983215332,72983,0.0,0.0
2023-03-03 15:30:00-05:00,45.88999938964844,45.900001525878906,45.72999954223633,45.900001525878906,143095,0.0,0.0
2023-03-06 09:30:00-05:00,46.040000915527344,46.08000183105469,45.90999984741211,46.040000915527344,79705,0.0,0.0
2023-03-06 10:30:00-05:00,46.02000045776367,46.02000045776367,45.77000045776367,45.77000045776367,60140,0.0,0.0
2023-03-06 11:30:00-05:00,45.779998779296875,45.84000015258789,45.70000076293945,45.7400016784668,63324,0.0,0.0
2023-03-06 12:30:00-05:00,45.7400016784668,45.7400016784668,45.58000183105469,45.65719985961914,52844,0.0,0.0
2023-03-06 13:30:00-05:00,45.654998779296875,45.70000076293945,45.5,45.619998931884766,46581,0.0,0.0
2023-03-06 14:30:00-05:00,45.63999938964844,45.75,45.584999084472656,45.619998931884766,60023,0.0,0.0
2023-03-06 15:30:00-05:00,45.619998931884766,45.68000030517578,45.59000015258789,45.630001068115234,154304,0.0,0.0
2023-03-07 09:30:00-05:00,45.68000030517578,45.689998626708984,45.2400016784668,45.32500076293945,60120,0.0,0.0
2023-03-07 10:30:00-05:00,45.310001373291016,45.4900016784668,45.052799224853516,45.052799224853516,46845,0.0,0.0
2023-03-07 11:30:00-05:00,45.04999923706055,45.290000915527344,44.9900016784668,45.150001525878906,48511,0.0,0.0
2023-03-07 12:30:00-05:00,45.13999938964844,45.14250183105469,44.83000183105469,44.869998931884766,35757,0.0,0.0
2023-03-07 13:30:00-05:00,44.86000061035156,44.880001068115234,44.768699645996094,44.84000015258789,43928,0.0,0.0
2023-03-07 14:30:00-05:00,44.81999969482422,45.04999923706055,44.79999923706055,45.0099983215332,53236,0.0,0.0
2023-03-07 15:30:00-05:00,45.0099983215332,45.130001068115234,44.93000030517578,44.9900016784668,110632,0.0,0.0
2023-03-08 09:30:00-05:00,45.0,45.33000183105469,44.95000076293945,45.20000076293945,47167,0.0,0.0
2023-03-08 10:30:00-05:00,45.18000030517578,45.29999923706055,45.15999984741211,45.22809982299805,51260,0.0,0.0
2023-03-08 11:30:00-05:00,45.23500061035156,45.31999969482422,45.13999938964844,45.15999984741211,51756,0.0,0.0
2023-03-08 12:30:00-05:00,45.150001525878906,45.165000915527344,44.95000076293945,44.95000076293945,44639,0.0,0.0
2023-03-08 13:30:00-05:00,44.935001373291016,45.11000061035156,44.88999938964844,44.915000915527344,43510,0.0,0.0
2023-03-08 14:30:00-05:00,44.91999816894531,44.95000076293945,44.80500030517578,44.939998626708984,49309,0.0,0.0
2023-03-08 15:30:00-05:00,44.93000030517578,45.029998779296875,44.92499923706055,44.97999954223633,82714,0.0,0.0
2023-03-09 09:30:00-05:00,44.970001220703125,45.099998474121094,44.880001068115234,44.959999084472656,54628,0.0,0.0
2023-03-09 10:30:00-05:00,44.959999084472656,45.04999923706055,44.83000183105469,44.869998931884766,31314,0.0,0.0
2023-03-09 11:30:00-05:00,44.880001068115234,44.939998626708984,44.7400016784668,44.90999984741211,40856,0.0,0.0
2023-03-09 12:30:00-05:00,44.91999816894531,45.0099983215332,44.810001373291016,44.830101013183594,56376,0.0,0.0
2023-03-09 13:30:00-05:00,44.83000183105469,44.95000076293945,44.790000915527344,44.810001373291016,53273,0.0,0.0
2023-03-09 14:30:00-05:00,44.77000045776367,44.779998779296875,44.470001220703125,44.55500030517578,80119,0.0,0.0
2023-03-09 15:30:00-05:00,44.54999923706055,44.63999938964844,44.470001220703125,44.5,96139,0.0,0.0
2023-03-10 09:30:00-05:00,44.54999923706055,44.68000030517578,44.0099983215332,44.06999969482422,125308,0.0,0.0
2023-03-10 10:30:00-05:00,44.04999923706055,44.27000045776367,43.83000183105469,44.209999084472656,131183,0.0,0.0
2023-03-10 11:30:00-05:00,44.209999084472656,44.2599983215332,43.689998626708984,43.72999954223633,120002,0.0,0.0
2023-03-10 12:30:00-05:00,43.7400016784668,43.790000915527344,43.02000045776367,43.099998474121094,173525,0.0,0.0
2023-03-10 13:30:00-05:00,43.099998474121094,43.1150016784668,42.790000915527344,42.849998474121094,133545,0.0,0.0
2023-03-10 14:30:00-05:00,42.900001525878906,43.13999938964844,42.80500030517578,42.880001068115234,192945,0.0,0.0
2023-03-10 15:30:00-05:00,42.86000061035156,42.880001068115234,42.59000015258789,42.83000183105469,328361,0.0,0.0
2023-03-13 09:30:00-04:00,42.59000015258789,43.82500076293945,42.58000183105469,43.400001525878906,184089,0.0,0.0
2023-03-13 10:30:00-04:00,43.43000030517578,43.94499969482422,43.42499923706055,43.810001373291016,151185,0.0,0.0
2023-03-13 11:30:00-04:00,43.83000183105469,43.869998931884766,43.5,43.665000915527344,131040,0.0,0.0
2023-03-13 12:30:00-04:00,43.68000030517578,43.72999954223633,43.435001373291016,43.59000015258789,112563,0.0,0.0
2023-03-13 13:30:00-04:00,43.595001220703125,43.65999984741211,43.459999084472656,43.560001373291016,144797,0.0,0.0
2023-03-13 14:30:00-04:00,43.56999969482422,43.810001373291016,43.36000061035156,43.40999984741211,194261,0.0,0.0
2023-03-13 15:30:00-04:00,43.400001525878906,43.51900100708008,43.2400016784668,43.27000045776367,421371,0.0,0.0
2023-03-14 09:30:00-04:00,43.4900016784668,44.349998474121094,43.4900016784668,44.20000076293945,158777,0.0,0.0
2023-03-14 10:30:00-04:00,44.17499923706055,44.290000915527344,44.119998931884766,44.279998779296875,80020,0.0,0.0
2023-03-14 11:30:00-04:00,44.2599983215332,44.290000915527344,43.9900016784668,44.03499984741211,78554,0.0,0.0
2023-03-14 12:30:00-04:00,44.03499984741211,44.11000061035156,43.47999954223633,43.47999954223633,127856,0.0,0.0
2023-03-14 13:30:00-04:00,43.4900016784668,43.58000183105469,43.36000061035156,43.470001220703125,132409,0.0,0.0
2023-03-14 14:30:00-04:00,43.47999954223633,43.6431999206543,43.36000061035156,43.4900016784668,109418,0.0,0.0
2023-03-14 15:30:00-04:00,43.5,43.779998779296875,43.5,43.77000045776367,215424,0.0,0.0
2023-03-15 09:30:00-04:00,43.38999938964844,43.56999969482422,42.939998626708984,43.13999938964844,175667,0.0,0.0
2023-03-15 10:30:00-04:00,43.130001068115234,43.295799255371094,42.95000076293945,42.992698669433594,104870,0.0,0.0
2023-03-15 11:30:00-04:00,43.029998779296875,43.06999969482422,42.65999984741211,42.72999954223633,96360,0.0,0.0
2023-03-15 12:30:00-04:00,42.73500061035156,42.84000015258789,42.459999084472656,42.81999969482422,91697,0.0,0.0
2023-03-15 13:30:00-04:00,42.810001373291016,43.279998779296875,42.709999084472656,43.18000030517578,93678,0.0,0.0
2023-03-15 14:30:00-04:00,43.2400016784668,43.40829849243164,42.959999084472656,43.38999938964844,156976,0.0,0.0
2023-03-15 15:30:00-04:00,43.38999938964844,43.45000076293945,43.20000076293945,43.41999816894531,247226,0.0,0.0
2023-03-16 09:30:00-04:00,43.060001373291016,43.06999969482422,42.529998779296875,42.709999084472656,82582,0.0,0.0
2023-03-16 10:30:00-04:00,42.720001220703125,43.290000915527344,42.720001220703125,43.22999954223633,102936,0.0,0.0
2023-03-16 11:30:00-04:00,43.20000076293945,43.2400016784668,42.80500030517578,42.86000061035156,77885,0.0,0.0
2023-03-16 12:30:00-04:00,42.84000015258789,43.130001068115234,42.77000045776367,42.939998626708984,99876,0.0,0.0
2023-03-16 13:30:00-04:00,42.91999816894531,42.93000030517578,42.52000045776367,42.54999923706055,127950,0.0,0.0
2023-03-16 14:30:00-04:00,42.54999923706055,42.7599983215332,42.439998626708984,42.75,153378,0.0,0.0
2023-03-16 15:30:00-04:00,42.744998931884766,42.779998779296875,42.564998626708984,42.70000076293945,210085,0.0,0.0
2023-03-17 09:30:00-04:00,42.63999938964844,42.79999923706055,41.81999969482422,41.970001220703125,429593,0.0,0.0
2023-03-17 10:30:00-04:00,41.939998626708984,42.1150016784668,41.81999969482422,42.04999923706055,117860,0.0,0.0
2023-03-17 11:30:00-04:00,42.060001373291016,42.209999084472656,41.9900016784668,42.150001525878906,113122,0.0,0.0
2023-03-17 12:30:00-04:00,42.150001525878906,42.2400016784668,41.93000030517578,42.01499938964844,86632,0.0,0.0
2023-03-17 13:30:00-04:00,42.0099983215332,42.16999816894531,41.88999938964844,41.939998626708984,88677,0.0,0.0
2023-03-17 14:30:00-04:00,41.939998626708984,42.279998779296875,41.939998626708984,42.279998779296875,108752,0.0,0.0
2023-03-17 15:30:00-04:00,42.2599983215332,42.2599983215332,41.97999954223633,42.029998779296875,211510,0.0,0.0
2023-03-20 09:30:00-04:00,42.25,42.503501892089844,42.165000915527344,42.349998474121094,113002,0.0,0.0
2023-03-20 10:30:00-04:00,42.3650016784668,42.779998779296875,42.34000015258789,42.685001373291016,109338,0.0,0.0
2023-03-20 11:30:00-04:00,42.66999816894531,42.709999084472656,42.36000061035156,42.439998626708984,70407,0.0,0.0
2023-03-20 12:30:00-04:00,42.439998626708984,42.84000015258789,42.439998626708984,42.810001373291016,157410,0.0,0.0
2023-03-20 13:30:00-04:00,42.779998779296875,42.80500030517578,42.4900016784668,42.61000061035156,62579,0.0,0.0
2023-03-20 14:30:00-04:00,42.619998931884766,42.70000076293945,42.4900016784668,42.70000076293945,106032,0.0,0.0
2023-03-20 15:30:00-04:00,42.70000076293945,42.779998779296875,42.630001068115234,42.67499923706055,177206,0.0,0.0
2023-03-21 09:30:00-04:00,42.900001525878906,43.189998626708984,42.630001068115234,42.720001220703125,99509,0.0,0.0
2023-03-21 10:30:00-04:00,42.72999954223633,42.959999084472656,42.61000061035156,42.95000076293945,73113,0.0,0.0
2023-03-21 11:30:00-04:00,42.939998626708984,42.95000076293945,42.619998931884766,42.650001525878906,92049,0.0,0.0
2023-03-21 12:30:00-04:00,42.650001525878906,42.654998779296875,42.400001525878906,42.47999954223633,66353,0.0,0.0
2023-03-21 13:30:00-04:00,42.470001220703125,42.5098991394043,42.25,42.26499938964844,73037,0.0,0.0
2023-03-21 14:30:00-04:00,42.275001525878906,42.52000045776367,42.2599983215332,42.47999954223633,80370,0.0,0.0
2023-03-21 15:30:00-04:00,42.4900016784668,42.60419845581055,42.40999984741211,42.459999084472656,156998,0.0,0.0
2023-03-22 09:30:00-04:00,42.2400016784668,42.54999923706055,41.689998626708984,42.40119934082031,117241,0.0,0.0
2023-03-22 10:30:00-04:00,42.40999984741211,42.439998626708984,41.75,41.810001373291016,124595,0.0,0.0
2023-03-22 11:30:00-04:00,41.81999969482422,41.974998474121094,41.63999938964844,41.95500183105469,75223,0.0,0.0
2023-03-22 12:30:00-04:00,41.95500183105469,41.95500183105469,41.779998779296875,41.79999923706055,61618,0.0,0.0
2023-03-22 13:30:00-04:00,41.80500030517578,42.11000061035156,41.709999084472656,41.90999984741211,94705,0.0,0.0
2023-03-22 14:30:00-04:00,41.91999816894531,42.11000061035156,41.415000915527344,41.56999969482422,220327,0.0,0.0
2023-03-22 15:30:00-04:00,41.56999969482422,41.599998474121094,40.880001068115234,40.880001068115234,245990,0.0,0.0
2023-03-23 09:30:00-04:00,41.060001373291016,41.47999954223633,41.060001373291016,41.45000076293945,135511,0.0,0.0
2023-03-23 10:30:00-04:00,41.459999084472656,41.88999938964844,41.43000030517578,41.85499954223633,112276,0.0,0.0
2023-03-23 11:30:00-04:00,41.869998931884766,41.95000076293945,41.7599983215332,41.83000183105469,111492,0.0,0.0
2023-03-23 12:30:00-04:00,41.84000015258789,41.8849983215332,41.564998626708984,41.650001525878906,122393,0.0,0.0
2023-03-23 13:30:00-04:00,41.650001525878906,41.70000076293945,41.29999923706055,41.29999923706055,104914,0.0,0.0
2023-03-23 14:30:00-04:00,41.31999969482422,41.5,40.9900016784668,41.11000061035156,204860,0.0,0.0
2023-03-23 15:30:00-04:00,41.119998931884766,41.400001525878906,41.099998474121094,41.099998474121094,200439,0.0,0.0
2023-03-24 09:30:00-04:00,40.93000030517578,41.5,40.79999923706055,41.470001220703125,176547,0.0,0.0
2023-03-24 10:30:00-04:00,41.47600173950195,41.58000183105469,41.185001373291016,41.25,79375,0.0,0.0
2023-03-24 11:30:00-04:00,41.2400016784668,41.45000076293945,41.220001220703125,41.38999938964844,86306,0.0,0.0
2023-03-24 12:30:00-04:00,41.40999984741211,41.584999084472656,41.33000183105469,41.5,73721,0.0,0.0
2023-03-24 13:30:00-04:00,41.5,41.650001525878906,41.460201263427734,41.6150016784668,62529,0.0,0.0
2023-03-24 14:30:00-04:00,41.6150016784668,42.04499816894531,41.6150016784668,42.040000915527344,137537,0.0,0.0
2023-03-24 15:30:00-04:00,42.040000915527344,42.064998626708984,41.845001220703125,41.95000076293945,220160,0.0,0.0
2023-03-27 09:30:00-04:00,42.40999984741211,42.40999984741211,41.95000076293945,42.06999969482422,88171,0.0,0.0
2023-03-27 10:30:00-04:00,42.06999969482422,42.099998474121094,41.880001068115234,42.09320068359375,60348,0.0,0.0
2023-03-27 11:30:00-04:00,42.09000015258789,42.2400016784668,42.06999969482422,42.189998626708984,50990,0.0,0.0
2023-03-27 12:30:00-04:00,42.189998626708984,42.31999969482422,42.13999938964844,42.314998626708984,52256,0.0,0.0
2023-03-27 13:30:00-04:00,42.31999969482422,42.34000015258789,42.14500045776367,42.15999984741211,66609,0.0,0.0
2023-03-27 14:30:00-04:00,42.165000915527344,42.189998626708984,41.974998474121094,42.09000015258789,81228,0.0,0.0
2023-03-27 15:30:00-04:00,42.099998474121094,42.150001525878906,41.83000183105469,41.90999984741211,153045,0.0,0.0
2023-03-28 09:30:00-04:00,41.599998474121094,42.08000183105469,41.540000915527344,42.08000183105469,56085,0.0,0.0
2023-03-28 10:30:00-04:00,42.08000183105469,42.08000183105469,41.970001220703125,42.060001373291016,68839,0.0,0.0
2023-03-28 11:30:00-04:00,42.06999969482422,42.11000061035156,42.029998779296875,42.029998779296875,41756,0.0,0.0
2023-03-28 12:30:00-04:00,42.02000045776367,42.029998779296875,41.93000030517578,41.98500061035156,63312,0.0,0.0
2023-03-28 13:30:00-04:00,41.974998474121094,41.97999954223633,41.830101013183594,41.93000030517578,42233,0.0,0.0
2023-03-28 14:30:00-04:00,41.93000030517578,42.13999938964844,41.93000030517578,42.040000915527344,65455,0.0,0.0
2023-03-28 15:30:00-04:00,42.04999923706055,42.189998626708984,42.0099983215332,42.18000030517578,172596,0.0,0.0
2023-03-29 09:30:00-04:00,42.5,42.79999923706055,42.38999938964844,42.790000915527344,75775,0.0,0.0
2023-03-29 10:30:00-04:00,42.79999923706055,42.834999084472656,42.59000015258789,42.7400016784668,60523,0.0,0.0
2023-03-29 11:30:00-04:00,42.75,42.84000015258789,42.7400016784668,42.779998779296875,48863,0.0,0.0
2023-03-29 12:30:00-04:00,42.79999923706055,42.84000015258789,42.720001220703125,42.81999969482422,33397,0.0,0.0
2023-03-29 13:30:00-04:00,42.810001373291016,42.81999969482422,42.584999084472656,42.650001525878906,92908,0.0,0.0
2023-03-29 14:30:00-04:00,42.650001525878906,42.81999969482422,42.57500076293945,42.810001373291016,72823,0.0,0.0
2023-03-29 15:30:00-04:00,42.810001373291016,42.900001525878906,42.7599983215332,42.900001525878906,110015,0.0,0.0
2023-03-30 09:30:00-04:00,43.29999923706055,43.400001525878906,43.16999816894531,43.31999969482422,65664,0.0,0.0
2023-03-30 10:30:00-04:00,43.3213005065918,43.529998779296875,43.220001220703125,43.52000045776367,79957,0.0,0.0
2023-03-30 11:30:00-04:00,43.5099983215332,43.51499938964844,43.2599983215332,43.290000915527344,93485,0.0,0.0
2023-03-30 12:30:00-04:00,43.279998779296875,43.279998779296875,43.16999816894531,43.16999816894531,43988,0.0,0.0
2023-03-30 13:30:00-04:00,43.165000915527344,43.279998779296875,43.150001525878906,43.26499938964844,40874,0.0,0.0
2023-03-30 14:30:00-04:00,43.279998779296875,43.29499816894531,43.09000015258789,43.125,57061,0.0,0.0
2023-03-30 15:30:00-04:00,43.119998931884766,43.31999969482422,43.1150016784668,43.310001373291016,106733,0.0,0.0
2023-03-31 09:30:00-04:00,43.540000915527344,43.86000061035156,43.4900016784668,43.790000915527344,102161,0.0,0.0
2023-03-31 10:30:00-04:00,43.79499816894531,43.79999923706055,43.560001373291016,43.720001220703125,57080,0.0,0.0
2023-03-31 11:30:00-04:00,43.72999954223633,43.86000061035156,43.630001068115234,43.779998779296875,109258,0.0,0.0
2023-03-31 12:30:00-04:00,43.76839828491211,43.76839828491211,43.630001068115234,43.650001525878906,52660,0.0,0.0
2023-03-31 13:30:00-04:00,43.654998779296875,43.8650016784668,43.63999938964844,43.81999969482422,61561,0.0,0.0
2023-03-31 14:30:00-04:00,43.82899856567383,44.040000915527344,43.79999923706055,44.0,107096,0.0,0.0
2023-03-31 15:30:00-04:00,44.0099983215332,44.17499923706055,43.904998779296875,44.150001525878906,192086,0.0,0.0
2023-04-03 09:30:00-04:00,44.18000030517578,44.47999954223633,44.04499816894531,44.404998779296875,83284,0.0,0.0
2023-04-03 10:30:00-04:00,44.42499923706055,44.45000076293945,43.900001525878906,43.93000030517578,73641,0.0,0.0
2023-04-03 11:30:00-04:00,43.93000030517578,44.06999969482422,43.91999816894531,43.95000076293945,66076,0.0,0.0
2023-04-03 12:30:00-04:00,43.92499923706055,43.970001220703125,43.83000183105469,43.880001068115234,71003,0.0,0.0
2023-04-03 13:30:00-04:00,43.880001068115234,43.880001068115234,43.63999938964844,43.69499969482422,78997,0.0,0.0
2023-04-03 14:30:00-04:00,43.689998626708984,43.80500030517578,43.67499923706055,43.78499984741211,70376,0.0,0.0
2023-04-03 15:30:00-04:00,43.779998779296875,43.95500183105469,43.77000045776367,43.91999816894531,213982,0.0,0.0
2023-04-04 09:30:00-04:00,43.91999816894531,44.059200286865234,43.68000030517578,43.849998474121094,73081,0.0,0.0
2023-04-04 10:30:00-04:00,43.869998931884766,43.90999984741211,43.54999923706055,43.63999938964844,53555,0.0,0.0
2023-04-04 11:30:00-04:00,43.625,43.65999984741211,43.5099983215332,43.58000183105469,59474,0.0,0.0
2023-04-04 12:30:00-04:00,43.599998474121094,43.790000915527344,43.58000183105469,43.78499984741211,73058,0.0,0.0
2023-04-04 13:30:00-04:00,43.78499984741211,43.810001373291016,43.54999923706055,43.58000183105469,62278,0.0,0.0
2023-04-04 14:30:00-04:00,43.58000183105469,43.81999969482422,43.529998779296875,43.709999084472656,74898,0.0,0.0
2023-04-04 15:30:00-04:00,43.69499969482422,43.90999984741211,43.619998931884766,43.86000061035156,125688,0.0,0.0
2023-04-05 09:30:00-04:00,43.83000183105469,43.939998626708984,43.630001068115234,43.720001220703125,67820,0.0,0.0
2023-04-05 10:30:00-04:00,43.72999954223633,43.83000183105469,43.70000076293945,43.7400016784668,35597,0.0,0.0
2023-04-05 11:30:00-04:00,43.75,43.904998779296875,43.75,43.810001373291016,43359,0.0,0.0
2023-04-05 12:30:00-04:00,43.79100036621094,43.869998931884766,43.72999954223633,43.84000015258789,31086,0.0,0.0
2023-04-05 13:30:00-04:00,43.84000015258789,43.845001220703125,43.619998931884766,43.630001068115234,35003,0.0,0.0
2023-04-05 14:30:00-04:00,43.63999938964844,43.68000030517578,43.400001525878906,43.66999816894531,82334,0.0,0.0
2023-04-05 15:30:00-04:00,43.68000030517578,43.72999954223633,43.529998779296875,43.560001373291016,167037,0.0,0.0
2023-04-06 09:30:00-04:00,43.720001220703125,43.75,43.209999084472656,43.209999084472656,96279,0.0,0.0
2023-04-06 10:30:00-04:00,43.20199966430664,43.25,43.060001373291016,43.189998626708984,97566,0.0,0.0
2023-04-06 11:30:00-04:00,43.18000030517578,43.20209884643555,43.09000015258789,43.09000015258789,85701,0.0,0.0
2023-04-06 12:30:00-04:00,43.09000015258789,43.349998474121094,43.09000015258789,43.130001068115234,116186,0.0,0.0
2023-04-06 13:30:00-04:00,43.150001525878906,43.15999984741211,42.95000076293945,43.064998626708984,78974,0.0,0.0
2023-04-06 14:30:00-04:00,43.06999969482422,43.119998931884766,43.02000045776367,43.09000015258789,101397,0.0,0.0
2023-04-06 15:30:00-04:00,43.125,43.2599983215332,43.08100128173828,43.2599983215332,123464,0.0,0.0
2023-04-10 09:30:00-04:00,43.15999984741211,43.34000015258789,43.0099983215332,43.08000183105469,75788,0.0,0.0
2023-04-10 10:30:00-04:00,43.09000015258789,43.11000061035156,42.95000076293945,42.970001220703125,81392,0.0,0.0
2023-04-10 11:30:00-04:00,42.97999954223633,43.02000045776367,42.93000030517578,42.97999954223633,37791,0.0,0.0
2023-04-10 12:30:00-04:00,42.97999954223633,43.27000045776367,42.97999954223633,43.209999084472656,78023,0.0,0.0
2023-04-10 13:30:00-04:00,43.224998474121094,43.31999969482422,43.16999816894531,43.27000045776367,41609,0.0,0.0
2023-04-10 14:30:00-04:00,43.27000045776367,43.290000915527344,43.189998626708984,43.21500015258789,64917,0.0,0.0
2023-04-10 15:30:00-04:00,43.21500015258789,43.400001525878906,43.21500015258789,43.3849983215332,121054,0.0,0.0
2023-04-11 09:30:00-04:00,43.349998474121094,43.349998474121094,43.04999923706055,43.18000030517578,74188,0.0,0.0
2023-04-11 10:30:00-04:00,43.189998626708984,43.20199966430664,43.040000915527344,43.08000183105469,53019,0.0,0.0
2023-04-11 11:30:00-04:00,43.07500076293945,43.189998626708984,42.939998626708984,43.15999984741211,66562,0.0,0.0
2023-04-11 12:30:00-04:00,43.16999816894531,43.209999084472656,43.099998474121094,43.1349983215332,53020,0.0,0.0
2023-04-11 13:30:00-04:00,43.1349983215332,43.20000076293945,43.10499954223633,43.150001525878906,60180,0.0,0.0
2023-04-11 14:30:00-04:00,43.15999984741211,43.45000076293945,43.15999984741211,43.310001373291016,72700,0.0,0.0
2023-04-11 15:30:00-04:00,43.310001373291016,43.38999938964844,43.22999954223633,43.25,143425,0.0,0.0
2023-04-12 09:30:00-04:00,43.529998779296875,43.665000915527344,43.27000045776367,43.600101470947266,65660,0.0,0.0
2023-04-12 10:30:00-04:00,43.61000061035156,43.66999816894531,43.380001068115234,43.42499923706055,47600,0.0,0.0
2023-04-12 11:30:00-04:00,43.439998626708984,43.439998626708984,43.15999984741211,43.189998626708984,42804,0.0,0.0
2023-04-12 12:30:00-04:00,43.20000076293945,43.309898376464844,43.099998474121094,43.290000915527344,55096,0.0,0.0
2023-04-12 13:30:00-04:00,43.310001373291016,43.439998626708984,43.119998931884766,43.130001068115234,130317,0.0,0.0
2023-04-12 14:30:00-04:00,43.099998474121094,43.130001068115234,42.779998779296875,42.79999923706055,170633,0.0,0.0
2023-04-12 15:30:00-04:00,42.790000915527344,42.85499954223633,42.709999084472656,42.83000183105469,169072,0.0,0.0
2023-04-13 09:30:00-04:00,42.70000076293945,42.72999954223633,42.400001525878906,42.63999938964844,135799,0.0,0.0
2023-04-13 10:30:00-04:00,42.665000915527344,42.70500183105469,42.35499954223633,42.43000030517578,112096,0.0,0.0
2023-04-13 11:30:00-04:00,42.43000030517578,42.619998931884766,42.29999923706055,42.57500076293945,69882,0.0,0.0
2023-04-13 12:30:00-04:00,42.57500076293945,42.654998779296875,42.54999923706055,42.61000061035156,69957,0.0,0.0
2023-04-13 13:30:00-04:00,42.61000061035156,42.790000915527344,42.599998474121094,42.722999572753906,79012,0.0,0.0
2023-04-13 14:30:00-04:00,42.721500396728516,42.810001373291016,42.69499969482422,42.755001068115234,94192,0.0,0.0
2023-04-13 15:30:00-04:00,42.7599983215332,42.810001373291016,42.67499923706055,42.810001373291016,179452,0.0,0.0
2023-04-14 09:30:00-04:00,43.0,43.209999084472656,42.75,42.79999923706055,113834,0.0,0.0
2023-04-14 10:30:00-04:00,42.79999923706055,42.939998626708984,42.369998931884766,42.380001068115234,136570,0.0,0.0
2023-04-14 11:30:00-04:00,42.380001068115234,42.47999954223633,42.29999923706055,42.45000076293945,64354,0.0,0.0
2023-04-14 12:30:00-04:00,42.45000076293945,42.58000183105469,42.40999984741211,42.47999954223633,41887,0.0,0.0
2023-04-14 13:30:00-04:00,42.45000076293945,42.5,42.380001068115234,42.43000030517578,52582,0.0,0.0
2023-04-14 14:30:00-04:00,42.439998626708984,42.4900016784668,42.16999816894531,42.31999969482422,89870,0.0,0.0
2023-04-14 15:30:00-04:00,42.310001373291016,42.54999923706055,42.310001373291016,42.54999923706055,195419,0.0,0.0
2023-04-17 09:30:00-04:00,42.68000030517578,43.060001373291016,42.5,42.90999984741211,153087,0.0,0.0
2023-04-17 10:30:00-04:00,42.89500045776367,43.06999969482422,42.845001220703125,42.875,99263,0.0,0.0
2023-04-17 11:30:00-04:00,42.8650016784668,42.91999816894531,42.72999954223633,42.849998474121094,57031,0.0,0.0
2023-04-17 12:30:00-04:00,42.875,43.11000061035156,42.77000045776367,42.83000183105469,315533,0.0,0.0
2023-04-17 13:30:00-04:00,42.83000183105469,42.93000030517578,42.75,42.92499923706055,94606,0.0,0.0
2023-04-17 14:30:00-04:00,42.929901123046875,43.27000045776367,42.915000915527344,43.2400016784668,128987,0.0,0.0
2023-04-17 15:30:00-04:00,43.22999954223633,43.400001525878906,43.189998626708984,43.400001525878906,173796,0.0,0.0
2023-04-18 09:30:00-04:00,43.279998779296875,43.48500061035156,43.05500030517578,43.17499923706055,256332,0.0,0.0
2023-04-18 10:30:00-04:00,43.15999984741211,43.17499923706055,42.86000061035156,43.005001068115234,58051,0.0,0.0
2023-04-18 11:30:00-04:00,43.005001068115234,43.10499954223633,42.88999938964844,42.90999984741211,124505,0.0,0.0
2023-04-18 12:30:00-04:00,42.88999938964844,42.97999954223633,42.720001220703125,42.7599983215332,56097,0.0,0.0
2023-04-18 13:30:00-04:00,42.75,42.935001373291016,42.720001220703125,42.845001220703125,64330,0.0,0.0
2023-04-18 14:30:00-04:00,42.849998474121094,42.96500015258789,42.724998474121094,42.904998779296875,85965,0.0,0.0
2023-04-18 15:30:00-04:00,42.904998779296875,43.0,42.8650016784668,42.970001220703125,143385,0.0,0.0
2023-04-19 09:30:00-04:00,42.709999084472656,43.060001373291016,42.5099983215332,42.9900016784668,125407,0.0,0.0
2023-04-19 10:30:00-04:00,42.9900016784668,43.07500076293945,42.88999938964844,43.04499816894531,89941,0.0,0.0
2023-04-19 11:30:00-04:00,43.04499816894531,43.1150016784668,43.005001068115234,43.11000061035156,65113,0.0,0.0
2023-04-19 12:30:00-04:00,43.11000061035156,43.154998779296875,43.05500030517578,43.09000015258789,68701,0.0,0.0
2023-04-19 13:30:00-04:00,43.099998474121094,43.220001220703125,43.06999969482422,43.19089889526367,70842,0.0,0.0
2023-04-19 14:30:00-04:00,43.19499969482422,43.244998931884766,43.150001525878906,43.23500061035156,106162,0.0,0.0
2023-04-19 15:30:00-04:00,43.22999954223633,43.290000915527344,43.16999816894531,43.279998779296875,192403,0.0,0.0
2023-04-20 09:30:00-04:00,43.16999816894531,43.220001220703125,42.900001525878906,43.154998779296875,85846,0.0,0.0
2023-04-20 10:30:00-04:00,43.150001525878906,43.150001525878906,42.91999816894531,42.91999816894531,95343,0.0,0.0
2023-04-20 11:30:00-04:00,42.90999984741211,42.98500061035156,42.814998626708984,42.95500183105469,52059,0.0,0.0
2023-04-20 12:30:00-04:00,42.959999084472656,43.060001373291016,42.95000076293945,43.04999923706055,52168,0.0,0.0
2023-04-20 13:30:00-04:00,43.04999923706055,43.275001525878906,43.04999923706055,43.25,101875,0.0,0.0
2023-04-20 14:30:00-04:00,43.25,43.279998779296875,42.91999816894531,42.939998626708984,89902,0.0,0.0
2023-04-20 15:30:00-04:00,42.95000076293945,43.18000030517578,42.939998626708984,43.125,134846,0.0,0.0
2023-04-21 09:30:00-04:00,43.25,43.279998779296875,42.849998474121094,42.94499969482422,83917,0.0,0.0
2023-04-21 10:30:00-04:00,42.95009994506836,42.9900016784668,42.755001068115234,42.959999084472656,72675,0.0,0.0
2023-04-21 11:30:00-04:00,42.95000076293945,43.17499923706055,42.93000030517578,43.08000183105469,78342,0.0,0.0
2023-04-21 12:30:00-04:00,43.07500076293945,43.16999816894531,43.04999923706055,43.08000183105469,69913,0.0,0.0
2023-04-21 13:30:00-04:00,43.08000183105469,43.290000915527344,43.06999969482422,43.28499984741211,69457,0.0,0.0
2023-04-21 14:30:00-04:00,43.27000045776367,43.3650016784668,43.209999084472656,43.21500015258789,67780,0.0,0.0
2023-04-21 15:30:00-04:00,43.21099853515625,43.255001068115234,43.10499954223633,43.18000030517578,141849,0.0,0.0
2023-04-24 09:30:00-04:00,43.25,43.400001525878906,42.93429946899414,42.935001373291016,91400,0.0,0.0
2023-04-24 10:30:00-04:00,42.98500061035156,43.005001068115234,42.55500030517578,42.68000030517578,118166,0.0,0.0
2023-04-24 11:30:00-04:00,42.63999938964844,42.939998626708984,42.63999938964844,42.900001525878906,60339,0.0,0.0
2023-04-24 12:30:00-04:00,42.88999938964844,42.96500015258789,42.814998626708984,42.95000076293945,109835,0.0,0.0
2023-04-24 13:30:00-04:00,42.97999954223633,43.06999969482422,42.7599983215332,42.81999969482422,77658,0.0,0.0
2023-04-24 14:30:00-04:00,42.82500076293945,42.845001220703125,42.69499969482422,42.814998626708984,78426,0.0,0.0
2023-04-24 15:30:00-04:00,42.814998626708984,42.935001373291016,42.77000045776367,42.880001068115234,139710,0.0,0.0
2023-04-25 09:30:00-04:00,42.7400016784668,42.9900016784668,42.70000076293945,42.79999923706055,133010,0.0,0.0
2023-04-25 10:30:00-04:00,42.790000915527344,43.0,42.69969940185547,42.93000030517578,116019,0.0,0.0
2023-04-25 11:30:00-04:00,42.904998779296875,43.1150016784668,42.82500076293945,43.1150016784668,68127,0.0,0.0
2023-04-25 12:30:00-04:00,43.08000183105469,43.16999816894531,43.029998779296875,43.119998931884766,106999,0.0,0.0
2023-04-25 13:30:00-04:00,43.1349983215332,43.18000030517578,43.0099983215332,43.16999816894531,127011,0.0,0.0
2023-04-25 14:30:00-04:00,43.16999816894531,43.185001373291016,43.005001068115234,43.150001525878906,138987,0.0,0.0
2023-04-25 15:30:00-04:00,43.154998779296875,43.20500183105469,43.044498443603516,43.099998474121094,179690,0.0,0.0
2023-04-26 09:30:00-04:00,43.029998779296875,43.209999084472656,42.65999984741211,42.79999923706055,177887,0.0,0.0
2023-04-26 10:30:00-04:00,42.790000915527344,42.970001220703125,42.724998474121094,42.93000030517578,163117,0.0,0.0
2023-04-26 11:30:00-04:00,42.93000030517578,42.95000076293945,42.81999969482422,42.849998474121094,206389,0.0,0.0
2023-04-26 12:30:00-04:00,42.849998474121094,42.95000076293945,42.81999969482422,42.89500045776367,118299,0.0,0.0
2023-04-26 13:30:00-04:00,42.88999938964844,42.92150115966797,42.45000076293945,42.630001068115234,113543,0.0,0.0
2023-04-26 14:30:00-04:00,42.630001068115234,42.66999816894531,42.43000030517578,42.55500030517578,99862,0.0,0.0
2023-04-26 15:30:00-04:00,42.560001373291016,42.599998474121094,42.45000076293945,42.45000076293945,207947,0.0,0.0
2023-04-27 09:30:00-04:00,41.900001525878906,42.560001373291016,41.880001068115234,42.4900016784668,160452,0.0,0.0
2023-04-27 10:30:00-04:00,42.5,42.599998474121094,42.349998474121094,42.56999969482422,76922,0.0,0.0
2023-04-27 11:30:00-04:00,42.59000015258789,42.86000061035156,42.55500030517578,42.85499954223633,75729,0.0,0.0
2023-04-27 12:30:00-04:00,42.8650016784668,42.8849983215332,42.73500061035156,42.84000015258789,67225,0.0,0.0
2023-04-27 13:30:00-04:00,42.849998474121094,43.0099983215332,42.81999969482422,43.0,117217,0.0,0.0
2023-04-27 14:30:00-04:00,43.01900100708008,43.06999969482422,42.86000061035156,42.88999938964844,193883,0.0,0.0
2023-04-27 15:30:00-04:00,42.88999938964844,42.915000915527344,42.744998931884766,42.880001068115234,227608,0.0,0.0
2023-04-28 09:30:00-04:00,42.93000030517578,43.5099983215332,42.89500045776367,43.5,155788,0.0,0.0
2023-04-28 10:30:00-04:00,43.5,43.70500183105469,43.31999969482422,43.5,117543,0.0,0.0
2023-04-28 11:30:00-04:00,43.52000045776367,43.560001373291016,43.459999084472656,43.560001373291016,67212,0.0,0.0
2023-04-28 12:30:00-04:00,43.54999923706055,43.58000183105469,43.47999954223633,43.52000045776367,70887,0.0,0.0
2023-04-28 13:30:00-04:00,43.52000045776367,43.540000915527344,43.36000061035156,43.39500045776367,97156,0.0,0.0
2023-04-28 14:30:00-04:00,43.41999816894531,43.58000183105469,43.345001220703125,43.505001068115234,147138,0.0,0.0
2023-04-28 15:30:00-04:00,43.5099983215332,43.630001068115234,43.40999984741211,43.5,281730,0.0,0.0
2023-05-01 09:30:00-04:00,43.27000045776367,43.665000915527344,43.27000045776367,43.470001220703125,131452,0.0,0.0
2023-05-01 10:30:00-04:00,43.470001220703125,43.720001220703125,43.349998474121094,43.439998626708984,101338,0.0,0.0
2023-05-01 11:30:00-04:00,43.439998626708984,43.61000061035156,43.400001525878906,43.470001220703125,112168,0.0,0.0
2023-05-01 12:30:00-04:00,43.45000076293945,43.5099983215332,43.25,43.27000045776367,74256,0.0,0.0
2023-05-01 13:30:00-04:00,43.255001068115234,43.3849983215332,43.220001220703125,43.29499816894531,105213,0.0,0.0
2023-05-01 14:30:00-04:00,43.29999923706055,43.29999923706055,43.16999816894531,43.20500183105469,103211,0.0,0.0
2023-05-01 15:30:00-04:00,43.209999084472656,43.290000915527344,43.130001068115234,43.27000045776367,217892,0.0,0.0
2023-05-02 09:30:00-04:00,43.189998626708984,43.650001525878906,42.974998474121094,43.09000015258789,309646,0.0,0.0
2023-05-02 10:30:00-04:00,43.119998931884766,43.17499923706055,42.84000015258789,42.95000076293945,158117,0.0,0.0
2023-05-02 11:30:00-04:00,42.970001220703125,43.0099983215332,42.814998626708984,42.83539962768555,115401,0.0,0.0
2023-05-02 12:30:00-04:00,42.84000015258789,42.91999816894531,42.7400016784668,42.900001525878906,121378,0.0,0.0
2023-05-02 13:30:00-04:00,42.900001525878906,43.1150016784668,42.880001068115234,43.11000061035156,215201,0.0,0.0
2023-05-02 14:30:00-04:00,43.11000061035156,43.33000183105469,43.11000061035156,43.27000045776367,115802,0.0,0.0
2023-05-02 15:30:00-04:00,43.27000045776367,43.290000915527344,43.18000030517578,43.2599983215332,186502,0.0,0.0
2023-05-03 09:30:00-04:00,43.540000915527344,43.65999984741211,43.15999984741211,43.31999969482422,123408,0.0,0.0
2023-05-03 10:30:00-04:00,43.31999969482422,43.54999923706055,43.279998779296875,43.54999923706055,76696,0.0,0.0
2023-05-03 11:30:00-04:00,43.54999923706055,43.720001220703125,43.540000915527344,43.720001220703125,71138,0.0,0.0
2023-05-03 12:30:00-04:00,43.71500015258789,43.880001068115234,43.63999938964844,43.87540054321289,83273,0.0,0.0
2023-05-03 13:30:00-04:00,43.869998931884766,43.959999084472656,43.59000015258789,43.7599983215332,108069,0.0,0.0
2023-05-03 14:30:00-04:00,43.755001068115234,44.012001037597656,43.350101470947266,43.44499969482422,185016,0.0,0.0
2023-05-03 15:30:00-04:00,43.43000030517578,43.529998779296875,43.38999938964844,43.45000076293945,255507,0.0,0.0
2023-05-04 09:30:00-04:00,43.439998626708984,43.68000030517578,43.20000076293945,43.29999923706055,124297,0.0,0.0
2023-05-04 10:30:00-04:00,43.290000915527344,43.650001525878906,43.2599983215332,43.5,94000,0.0,0.0
2023-05-04 11:30:00-04:00,43.54999923706055,43.72999954223633,43.494998931884766,43.720001220703125,80591,0.0,0.0
2023-05-04 12:30:00-04:00,43.7400016784668,44.130001068115234,43.65999984741211,44.02000045776367,97090,0.0,0.0
2023-05-04 13:30:00-04:00,44.0099983215332,44.15999984741211,43.970001220703125,43.970001220703125,89782,0.0,0.0
2023-05-04 14:30:00-04:00,43.959999084472656,44.11000061035156,43.88999938964844,44.099998474121094,110187,0.0,0.0
2023-05-04 15:30:00-04:00,44.09000015258789,44.279998779296875,44.040000915527344,44.255001068115234,372276,0.0,0.0
2023-05-05 09:30:00-04:00,44.4900016784668,44.959999084472656,44.45000076293945,44.561500549316406,123261,0.0,0.0
2023-05-05 10:30:00-04:00,44.56999969482422,44.60499954223633,44.2400016784668,44.38999938964844,87987,0.0,0.0
2023-05-05 11:30:00-04:00,44.400001525878906,44.540000915527344,44.310001373291016,44.400001525878906,131211,0.0,0.0
2023-05-05 12:30:00-04:00,44.400001525878906,44.41999816894531,44.07500076293945,44.310001373291016,100516,0.0,0.0
2023-05-05 13:30:00-04:00,44.36000061035156,44.46500015258789,44.29499816894531,44.36000061035156,87780,0.0,0.0
2023-05-05 14:30:00-04:00,44.34000015258789,44.47999954223633,44.31999969482422,44.404998779296875,92601,0.0,0.0
2023-05-05 15:30:00-04:00,44.404998779296875,44.439998626708984,44.35499954223633,44.439998626708984,173364,0.0,0.0
2023-05-08 09:30:00-04:00,44.439998626708984,44.72999954223633,44.38999938964844,44.619998931884766,197351,0.0,0.0
2023-05-08 10:30:00-04:00,44.630001068115234,44.849998474121094,44.540000915527344,44.7599983215332,105816,0.0,0.0
2023-05-08 11:30:00-04:00,44.73500061035156,44.84000015258789,44.650001525878906,44.70000076293945,84648,0.0,0.0
2023-05-08 12:30:00-04:00,44.709999084472656,44.72999954223633,44.61000061035156,44.689998626708984,75239,0.0,0.0
2023-05-08 13:30:00-04:00,44.689998626708984,44.7599983215332,44.540000915527344,44.709999084472656,62643,0.0,0.0
2023-05-08 14:30:00-04:00,44.720001220703125,44.744998931884766,44.619998931884766,44.689998626708984,72991,0.0,0.0
2023-05-08 15:30:00-04:00,44.69499969482422,44.7599983215332,44.65999984741211,44.72999954223633,201556,0.0,0.0
2023-05-09 09:30:00-04:00,44.4900016784668,44.619998931884766,43.90999984741211,44.16999816894531,110427,0.0,0.0
2023-05-09 10:30:00-04:00,44.189998626708984,44.25,44.022098541259766,44.16999816894531,55974,0.0,0.0
2023-05-09 11:30:00-04:00,44.20000076293945,44.2599983215332,44.099998474121094,44.220001220703125,32242,0.0,0.0
2023-05-09 12:30:00-04:00,44.22999954223633,44.310001373291016,44.224998474121094,44.310001373291016,42039,0.0,0.0
2023-05-09 13:30:00-04:00,44.29999923706055,44.40999984741211,44.27000045776367,44.290000915527344,49456,0.0,0.0
2023-05-09 14:30:00-04:00,44.310001373291016,44.46500015258789,44.30500030517578,44.369998931884766,45977,0.0,0.0
2023-05-09 15:30:00-04:00,44.36000061035156,44.380001068115234,44.20500183105469,44.22999954223633,115406,0.0,0.0
2023-05-10 09:30:00-04:00,44.56999969482422,44.66999816894531,43.9900016784668,44.084999084472656,113076,0.0,0.0
2023-05-10 10:30:00-04:00,44.09000015258789,44.435001373291016,43.959999084472656,44.404998779296875,50118,0.0,0.0
2023-05-10 11:30:00-04:00,44.404998779296875,44.47999954223633,44.29999923706055,44.29999923706055,44429,0.0,0.0
2023-05-10 12:30:00-04:00,44.29999923706055,44.32500076293945,44.130001068115234,44.130001068115234,53762,0.0,0.0
2023-05-10 13:30:00-04:00,44.130001068115234,44.31999969482422,44.08000183105469,44.279998779296875,65240,0.0,0.0
2023-05-10 14:30:00-04:00,44.29999923706055,44.494998931884766,44.290000915527344,44.41999816894531,63353,0.0,0.0
2023-05-10 15:30:00-04:00,44.41999816894531,44.540000915527344,44.31999969482422,44.31999969482422,104621,0.0,0.0
2023-05-11 09:30:00-04:00,44.0099983215332,44.06999969482422,43.47999954223633,43.72999954223633,129176,0.0,0.0
2023-05-11 10:30:00-04:00,43.72999954223633,43.81999969482422,43.53499984741211,43.560001373291016,76275,0.0,0.0
2023-05-11 11:30:00-04:00,43.560001373291016,43.83000183105469,43.560001373291016,43.75,76335,0.0,0.0
2023-05-11 12:30:00-04:00,43.744998931884766,43.79999923706055,43.6150016784668,43.650001525878906,74722,0.0,0.0
2023-05-11 13:30:00-04:00,43.630001068115234,43.75,43.529998779296875,43.724998474121094,78425,0.0,0.0
2023-05-11 14:30:00-04:00,43.72999954223633,43.76499938964844,43.63999938964844,43.70000076293945,66803,0.0,0.0
2023-05-11 15:30:00-04:00,43.689998626708984,43.70500183105469,43.59000015258789,43.650001525878906,141965,0.0,0.0
2023-05-12 09:30:00-04:00,43.619998931884766,43.79999923706055,43.459999084472656,43.599998474121094,67499,0.0,0.0
2023-05-12 10:30:00-04:00,43.58000183105469,43.7400016784668,43.5099983215332,43.68000030517578,64251,0.0,0.0
2023-05-12 11:30:00-04:00,43.66999816894531,43.77000045776367,43.54999923706055,43.584999084472656,59986,0.0,0.0
2023-05-12 12:30:00-04:00,43.58000183105469,43.78499984741211,43.564998626708984,43.7599983215332,127823,0.0,0.0
2023-05-12 13:30:00-04:00,43.779998779296875,43.849998474121094,43.630001068115234,43.75,102610,0.0,0.0
2023-05-12 14:30:00-04:00,43.72999954223633,43.869998931884766,43.68000030517578,43.849998474121094,82825,0.0,0.0
2023-05-12 15:30:00-04:00,43.86000061035156,44.119998931884766,43.85499954223633,44.099998474121094,173055,0.0,0.0
2023-05-15 09:30:00-04:00,44.13999938964844,44.34000015258789,43.90999984741211,44.125,115000,0.0,0.0
2023-05-15 10:30:00-04:00,44.099998474121094,44.1349983215332,43.95500183105469,43.970001220703125,52288,0.0,0.0
2023-05-15 11:30:00-04:00,43.96500015258789,44.099998474121094,43.96500015258789,44.099998474121094,68847,0.0,0.0
2023-05-15 12:30:00-04:00,44.099998474121094,44.369998931884766,44.099998474121094,44.2400016784668,78627,0.0,0.0
2023-05-15 13:30:00-04:00,44.22999954223633,44.244998931884766,44.06999969482422,44.07500076293945,76869,0.0,0.0
2023-05-15 14:30:00-04:00,44.06999969482422,44.14500045776367,44.01499938964844,44.06999969482422,162818,0.0,0.0
2023-05-15 15:30:00-04:00,44.07500076293945,44.15999984741211,44.04499816894531,44.15999984741211,173541,0.0,0.0
2023-05-16 09:30:00-04:00,44.189998626708984,44.189998626708984,43.619998931884766,43.81999969482422,112459,0.0,0.0
2023-05-16 10:30:00-04:00,43.85499954223633,43.86000061035156,43.595298767089844,43.68000030517578,85015,0.0,0.0
2023-05-16 11:30:00-04:00,43.683998107910156,43.75,43.60499954223633,43.68000030517578,44078,0.0,0.0
2023-05-16 12:30:00-04:00,43.689998626708984,43.834999084472656,43.65999984741211,43.71500015258789,84876,0.0,0.0
2023-05-16 13:30:00-04:00,43.71500015258789,43.72999954223633,43.435001373291016,43.54999923706055,80362,0.0,0.0
2023-05-16 14:30:00-04:00,43.560001373291016,43.654998779296875,43.529998779296875,43.55500030517578,94703,0.0,0.0
2023-05-16 15:30:00-04:00,43.55500030517578,43.584999084472656,43.290000915527344,43.290000915527344,126119,0.0,0.0
2023-05-17 09:30:00-04:00,43.2599983215332,43.4900016784668,43.02000045776367,43.39500045776367,214146,0.0,0.0
2023-05-17 10:30:00-04:00,43.39500045776367,43.474998474121094,43.209999084472656,43.36000061035156,198077,0.0,0.0
2023-05-17 11:30:00-04:00,43.36000061035156,43.48500061035156,43.35499954223633,43.400001525878906,62368,0.0,0.0
2023-05-17 12:30:00-04:00,43.41999816894531,43.7400016784668,43.38999938964844,43.65999984741211,117767,0.0,0.0
2023-05-17 13:30:00-04:00,43.66999816894531,43.77000045776367,43.58000183105469,43.61000061035156,136187,0.0,0.0
2023-05-17 14:30:00-04:00,43.619998931884766,43.67490005493164,43.51499938964844,43.529998779296875,117042,0.0,0.0
2023-05-17 15:30:00-04:00,43.540000915527344,43.790000915527344,43.52000045776367,43.790000915527344,146754,0.0,0.0
2023-05-18 09:30:00-04:00,43.5,43.650001525878906,43.21500015258789,43.470001220703125,169035,0.0,0.0
2023-05-18 10:30:00-04:00,43.470001220703125,43.564998626708984,43.349998474121094,43.369998931884766,82742,0.0,0.0
2023-05-18 11:30:00-04:00,43.375,43.439998626708984,43.13999938964844,43.16999816894531,179410,0.0,0.0
2023-05-18 12:30:00-04:00,43.15999984741211,43.209999084472656,43.07500076293945,43.08000183105469,86360,0.0,0.0
2023-05-18 13:30:00-04:00,43.06999969482422,43.16999816894531,42.880001068115234,42.95500183105469,82539,0.0,0.0
2023-05-18 14:30:00-04:00,42.96500015258789,43.06999969482422,42.900001525878906,42.9900016784668,153574,0.0,0.0
2023-05-18 15:30:00-04:00,43.0,43.18000030517578,43.0,43.06999969482422,430366,0.0,0.0
2023-05-19 09:30:00-04:00,43.38999938964844,43.459999084472656,43.189998626708984,43.375,95729,0.0,0.0
2023-05-19 10:30:00-04:00,43.369998931884766,43.400001525878906,42.904998779296875,42.91999816894531,138097,0.0,0.0
2023-05-19 11:30:00-04:00,42.91999816894531,42.91999816894531,42.720001220703125,42.849998474121094,117851,0.0,0.0
2023-05-19 12:30:00-04:00,42.834999084472656,43.0,42.78499984741211,42.900001525878906,86404,0.0,0.0
2023-05-19 13:30:00-04:00,42.89500045776367,43.0,42.849998474121094,42.849998474121094,125972,0.0,0.0
2023-05-19 14:30:00-04:00,42.84000015258789,43.0,42.82500076293945,42.875,128745,0.0,0.0
2023-05-19 15:30:00-04:00,42.880001068115234,42.939998626708984,42.83000183105469,42.849998474121094,247245,0.0,0.0
2023-05-22 09:30:00-04:00,42.849998474121094,43.209999084472656,42.709999084472656,42.974998474121094,97522,0.0,0.0
2023-05-22 10:30:00-04:00,42.970001220703125,42.9900016784668,42.76499938964844,42.90999984741211,91579,0.0,0.0
2023-05-22 11:30:00-04:00,42.91999816894531,43.095001220703125,42.915000915527344,43.0099983215332,120443,0.0,0.0
2023-05-22 12:30:00-04:00,43.0099983215332,43.03499984741211,42.86920166015625,42.97999954223633,95843,0.0,0.0
2023-05-22 13:30:00-04:00,42.970001220703125,43.13999938964844,42.959999084472656,43.04499816894531,76923,0.0,0.0
2023-05-22 14:30:00-04:00,43.04999923706055,43.060001373291016,42.95500183105469,42.974998474121094,98401,0.0,0.0
2023-05-22 15:30:00-04:00,42.974998474121094,42.994998931884766,42.880001068115234,42.93000030517578,217192,0.0,0.0
2023-05-23 09:30:00-04:00,42.90999984741211,43.25,42.90999984741211,42.994998931884766,116278,0.0,0.0
2023-05-23 10:30:00-04:00,43.0099983215332,43.20000076293945,43.0,43.150001525878906,72066,0.0,0.0
2023-05-23 11:30:00-04:00,43.15999984741211,43.40999984741211,43.13999938964844,43.20000076293945,111491,0.0,0.0
2023-05-23 12:30:00-04:00,43.209999084472656,43.25,43.099998474121094,43.099998474121094,64808,0.0,0.0
2023-05-23 13:30:00-04:00,43.09000015258789,43.220001220703125,42.970001220703125,43.02000045776367,80006,0.0,0.0
2023-05-23 14:30:00-04:00,43.0099983215332,43.08000183105469,42.97999954223633,43.04999923706055,80125,0.0,0.0
2023-05-23 15:30:00-04:00,43.04999923706055,43.09000015258789,42.81999969482422,42.83000183105469,177988,0.0,0.0
2023-05-24 09:30:00-04:00,42.77000045776367,42.77000045776367,42.45000076293945,42.709999084472656,62657,0.0,0.0
2023-05-24 10:30:00-04:00,42.70500183105469,42.720001220703125,42.400001525878906,42.45000076293945,69447,0.0,0.0
2023-05-24 11:30:00-04:00,42.459999084472656,42.4900016784668,42.255001068115234,42.3650016784668,52269,0.0,0.0
2023-05-24 12:30:00-04:00,42.375,42.529998779296875,42.375,42.42499923706055,54368,0.0,0.0
2023-05-24 13:30:00-04:00,42.439998626708984,42.52000045776367,42.31999969482422,42.31999969482422,56287,0.0,0.0
2023-05-24 14:30:00-04:00,42.33000183105469,42.63990020751953,42.33000183105469,42.54999923706055,141177,0.0,0.0
2023-05-24 15:30:00-04:00,42.560001373291016,42.650001525878906,42.380001068115234,42.40999984741211,131729,0.0,0.0
2023-05-25 09:30:00-04:00,42.369998931884766,42.40999984741211,41.970001220703125,42.099998474121094,86988,0.0,0.0
2023-05-25 10:30:00-04:00,42.09000015258789,42.130001068115234,41.630001068115234,41.689998626708984,80406,0.0,0.0
2023-05-25 11:30:00-04:00,41.689998626708984,41.90999984741211,41.54999923706055,41.79999923706055,54565,0.0,0.0
2023-05-25 12:30:00-04:00,41.810001373291016,42.11000061035156,41.70500183105469,42.08000183105469,55681,0.0,0.0
2023-05-25 13:30:00-04:00,42.11000061035156,42.13999938964844,41.939998626708984,41.970001220703125,55081,0.0,0.0
2023-05-25 14:30:00-04:00,41.974998474121094,41.98500061035156,41.724998474121094,41.79999923706055,99990,0.0,0.0
2023-05-25 15:30:00-04:00,41.790000915527344,41.86000061035156,41.619998931884766,41.709999084472656,130253,0.0,0.0
2023-05-26 09:30:00-04:00,41.75,41.90999984741211,41.5,41.869998931884766,63028,0.0,0.0
2023-05-26 10:30:00-04:00,41.880001068115234,41.900001525878906,41.54999923706055,41.630001068115234,98824,0.0,0.0
2023-05-26 11:30:00-04:00,41.6349983215332,42.119998931884766,41.6150016784668,42.099998474121094,109770,0.0,0.0
2023-05-26 12:30:00-04:00,42.09000015258789,42.15999984741211,41.875,41.904998779296875,65437,0.0,0.0
2023-05-26 13:30:00-04:00,41.904998779296875,42.07500076293945,41.849998474121094,42.060001373291016,60531,0.0,0.0
2023-05-26 14:30:00-04:00,42.060001373291016,42.165000915527344,42.05500030517578,42.099998474121094,64146,0.0,0.0
2023-05-26 15:30:00-04:00,42.09000015258789,42.244998931884766,42.06999969482422,42.08000183105469,136808,0.0,0.0
2023-05-30 09:30:00-04:00,42.31999969482422,42.64500045776367,42.20500183105469,42.380001068115234,94834,0.0,0.0
2023-05-30 10:30:00-04:00,42.40999984741211,42.459999084472656,42.19499969482422,42.33000183105469,85244,0.0,0.0
2023-05-30 11:30:00-04:00,42.34000015258789,42.40999984741211,42.27000045776367,42.38999938964844,59404,0.0,0.0
2023-05-30 12:30:00-04:00,42.3849983215332,42.60499954223633,42.334999084472656,42.34000015258789,179120,0.0,0.0
2023-05-30 13:30:00-04:00,42.31999969482422,42.369998931884766,42.20500183105469,42.32500076293945,53269,0.0,0.0
2023-05-30 14:30:00-04:00,42.33000183105469,42.400001525878906,42.17499923706055,42.244998931884766,102343,0.0,0.0
2023-05-30 15:30:00-04:00,42.27000045776367,42.310001373291016,42.18000030517578,42.185001373291016,143926,0.0,0.0
2023-05-31 09:30:00-04:00,42.04999923706055,42.36000061035156,42.04999923706055,42.2599983215332,84422,0.0,0.0
2023-05-31 10:30:00-04:00,42.2599983215332,42.52000045776367,42.22999954223633,42.470001220703125,64248,0.0,0.0
2023-05-31 11:30:00-04:00,42.470001220703125,42.53499984741211,42.36000061035156,42.5,51554,0.0,0.0
2023-05-31 12:30:00-04:00,42.5,42.65999984741211,42.494998931884766,42.619998931884766,52979,0.0,0.0
2023-05-31 13:30:00-04:00,42.61000061035156,42.82500076293945,42.61000061035156,42.72999954223633,72350,0.0,0.0
2023-05-31 14:30:00-04:00,42.7400016784668,42.755001068115234,42.599998474121094,42.68000030517578,99478,0.0,0.0
2023-05-31 15:30:00-04:00,42.68000030517578,42.775001525878906,42.52000045776367,42.529998779296875,158705,0.0,0.0
2023-06-01 09:30:00-04:00,42.47999954223633,42.84000015258789,42.13999938964844,42.31999969482422,135431,0.0,0.0
2023-06-01 10:30:00-04:00,42.33000183105469,42.45000076293945,42.2400016784668,42.3650016784668,76587,0.0,0.0
2023-06-01 11:30:00-04:00,42.380001068115234,42.630001068115234,42.380001068115234,42.54499816894531,91247,0.0,0.0
2023-06-01 12:30:00-04:00,42.54999923706055,42.599998474121094,42.43000030517578,42.44499969482422,103084,0.0,0.0
2023-06-01 13:30:00-04:00,42.46500015258789,42.50859832763672,42.39500045776367,42.45000076293945,45520,0.0,0.0
2023-06-01 14:30:00-04:00,42.45000076293945,42.58000183105469,42.45000076293945,42.47999954223633,54739,0.0,0.0
2023-06-01 15:30:00-04:00,42.470001220703125,42.5099983215332,42.39070129394531,42.5099983215332,119957,0.0,0.0
2023-06-02 09:30:00-04:00,42.84000015258789,42.97999954223633,42.68000030517578,42.91999816894531,108602,0.0,0.0
2023-06-02 10:30:00-04:00,42.93000030517578,43.220001220703125,42.83000183105469,43.189998626708984,62483,0.0,0.0
2023-06-02 11:30:00-04:00,43.16999816894531,43.209999084472656,43.02000045776367,43.10499954223633,68854,0.0,0.0
2023-06-02 12:30:00-04:00,43.08000183105469,43.150001525878906,43.0099983215332,43.130001068115234,49406,0.0,0.0
2023-06-02 13:30:00-04:00,43.130001068115234,43.16999816894531,42.98500061035156,43.04999923706055,60289,0.0,0.0
2023-06-02 14:30:00-04:00,43.04999923706055,43.15999984741211,42.974998474121094,43.09000015258789,85106,0.0,0.0
2023-06-02 15:30:00-04:00,43.10499954223633,43.17499923706055,43.05500030517578,43.119998931884766,139467,0.0,0.0
2023-06-05 09:30:00-04:00,42.88999938964844,43.310001373291016,42.69499969482422,42.77000045776367,106761,0.0,0.0
2023-06-05 10:30:00-04:00,42.7599983215332,43.060001373291016,42.75,43.04499816894531,57027,0.0,0.0
2023-06-05 11:30:00-04:00,43.060001373291016,43.185001373291016,42.97999954223633,43.130001068115234,43474,0.0,0.0
2023-06-05 12:30:00-04:00,43.119998931884766,43.125,42.939998626708984,42.974998474121094,50405,0.0,0.0
2023-06-05 13:30:00-04:00,42.959999084472656,43.05500030517578,42.880001068115234,42.92499923706055,55706,0.0,0.0
2023-06-05 14:30:00-04:00,42.93000030517578,42.93109893798828,42.76499938964844,42.83000183105469,79845,0.0,0.0
2023-06-05 15:30:00-04:00,42.83000183105469,42.89500045776367,42.790000915527344,42.82500076293945,138709,0.0,0.0
2023-06-06 09:30:00-04:00,42.93000030517578,43.275001525878906,42.780399322509766,43.275001525878906,65086,0.0,0.0
2023-06-06 10:30:00-04:00,43.279998779296875,43.34000015258789,43.03499984741211,43.130001068115234,61281,0.0,0.0
2023-06-06 11:30:00-04:00,43.150001525878906,43.2599983215332,43.04499816894531,43.13999938964844,65358,0.0,0.0
2023-06-06 12:30:00-04:00,43.10499954223633,43.17499923706055,43.0099983215332,43.029998779296875,74389,0.0,0.0
2023-06-06 13:30:00-04:00,43.025001525878906,43.04999923706055,42.93000030517578,43.01499938964844,56491,0.0,0.0
2023-06-06 14:30:00-04:00,43.0,43.084999084472656,42.98500061035156,43.04999923706055,75925,0.0,0.0
2023-06-06 15:30:00-04:00,43.060001373291016,43.11000061035156,42.97999954223633,43.060001373291016,168101,0.0,0.0
2023-06-07 09:30:00-04:00,43.27000045776367,43.369998931884766,43.040000915527344,43.36000061035156,89365,0.0,0.0
2023-06-07 10:30:00-04:00,43.369998931884766,43.56999969482422,43.26499938964844,43.470001220703125,70112,0.0,0.0
2023-06-07 11:30:00-04:00,43.47999954223633,43.709999084472656,43.470001220703125,43.70940017700195,78942,0.0,0.0
2023-06-07 12:30:00-04:00,43.70500183105469,43.84000015258789,43.685001373291016,43.75,81899,0.0,0.0
2023-06-07 13:30:00-04:00,43.7400016784668,43.79999923706055,43.67499923706055,43.70500183105469,51542,0.0,0.0
2023-06-07 14:30:00-04:00,43.685001373291016,43.71500015258789,43.584999084472656,43.66999816894531,58362,0.0,0.0
2023-06-07 15:30:00-04:00,43.68000030517578,43.880001068115234,43.65999984741211,43.65999984741211,135424,0.0,0.0
2023-06-08 09:30:00-04:00,43.54999923706055,43.61000061035156,43.119998931884766,43.31999969482422,65282,0.0,0.0
2023-06-08 10:30:00-04:00,43.31999969482422,43.38999938964844,43.22999954223633,43.38999938964844,54464,0.0,0.0
2023-06-08 11:30:00-04:00,43.41999816894531,43.474998474121094,43.31999969482422,43.41999816894531,43347,0.0,0.0
2023-06-08 12:30:00-04:00,43.40999984741211,43.45000076293945,43.31999969482422,43.45000076293945,50404,0.0,0.0
2023-06-08 13:30:00-04:00,43.45000076293945,43.46500015258789,43.26250076293945,43.314998626708984,47637,0.0,0.0
2023-06-08 14:30:00-04:00,43.33000183105469,43.380001068115234,43.25,43.290000915527344,55651,0.0,0.0
2023-06-08 15:30:00-04:00,43.279998779296875,43.30500030517578,43.20000076293945,43.2400016784668,101818,0.0,0.0
2023-06-09 09:30:00-04:00,43.2400016784668,43.29999923706055,43.11000061035156,43.29999923706055,83583,0.0,0.0
2023-06-09 10:30:00-04:00,43.310001373291016,43.39500045776367,43.224998474121094,43.22999954223633,50161,0.0,0.0
2023-06-09 11:30:00-04:00,43.22999954223633,43.34000015258789,43.18000030517578,43.26499938964844,44584,0.0,0.0
2023-06-09 12:30:00-04:00,43.290000915527344,43.290000915527344,43.18000030517578,43.220001220703125,53398,0.0,0.0
2023-06-09 13:30:00-04:00,43.2400016784668,43.290000915527344,43.14039993286133,43.25130081176758,46112,0.0,0.0
2023-06-09 14:30:00-04:00,43.255001068115234,43.29999923706055,43.20000076293945,43.209999084472656,65738,0.0,0.0
2023-06-09 15:30:00-04:00,43.209999084472656,43.31999969482422,43.150001525878906,43.27000045776367,117529,0.0,0.0
2023-06-12 09:30:00-04:00,43.2599983215332,43.459999084472656,43.02000045776367,43.43000030517578,136179,0.0,0.0
2023-06-12 10:30:00-04:00,43.41999816894531,43.459999084472656,43.29999923706055,43.45000076293945,136540,0.0,0.0
2023-06-12 11:30:00-04:00,43.45000076293945,43.5,43.279998779296875,43.28499984741211,162359,0.0,0.0
2023-06-12 12:30:00-04:00,43.279998779296875,43.32500076293945,42.31999969482422,42.34000015258789,474834,0.0,0.0
2023-06-12 13:30:00-04:00,42.34000015258789,42.73500061035156,42.279998779296875,42.502498626708984,490197,0.0,0.0
2023-06-12 14:30:00-04:00,42.505001068115234,42.83000183105469,42.505001068115234,42.81999969482422,163372,0.0,0.0
2023-06-12 15:30:00-04:00,42.814998626708984,42.970001220703125,42.79249954223633,42.970001220703125,294225,0.0,0.0
2023-06-13 09:30:00-04:00,42.95000076293945,43.27000045776367,42.75,43.13999938964844,160260,0.0,0.0
2023-06-13 10:30:00-04:00,43.165000915527344,43.165000915527344,42.78499984741211,42.880001068115234,131352,0.0,0.0
2023-06-13 11:30:00-04:00,42.869998931884766,42.880001068115234,42.65999984741211,42.7400016784668,130570,0.0,0.0
2023-06-13 12:30:00-04:00,42.7400016784668,42.84000015258789,42.689998626708984,42.83000183105469,127948,0.0,0.0
2023-06-13 13:30:00-04:00,42.83000183105469,42.904998779296875,42.75,42.79999923706055,116513,0.0,0.0
2023-06-13 14:30:00-04:00,42.79999923706055,42.83000183105469,42.69499969482422,42.79999923706055,93513,0.0,0.0
2023-06-13 15:30:00-04:00,42.79999923706055,42.80500030517578,42.65999984741211,42.7599983215332,227338,0.0,0.0
2023-06-14 09:30:00-04:00,42.4900016784668,43.09000015258789,42.4900016784668,42.78499984741211,133380,0.0,0.0
2023-06-14 10:30:00-04:00,42.790000915527344,42.904998779296875,42.75,42.78499984741211,118726,0.0,0.0
2023-06-14 11:30:00-04:00,42.790000915527344,42.79999923706055,42.63999938964844,42.7400016784668,83028,0.0,0.0
2023-06-14 12:30:00-04:00,42.7400016784668,42.7599983215332,42.64500045776367,42.654998779296875,84955,0.0,0.0
2023-06-14 13:30:00-04:00,42.654998779296875,42.665000915527344,42.290000915527344,42.349998474121094,136372,0.0,0.0
2023-06-14 14:30:00-04:00,42.349998474121094,42.744998931884766,42.291500091552734,42.64500045776367,175518,0.0,0.0
2023-06-14 15:30:00-04:00,42.64500045776367,42.709999084472656,42.400001525878906,42.58000183105469,282961,0.0,0.0
2023-06-15 09:30:00-04:00,42.58000183105469,42.58000183105469,42.11000061035156,42.33000183105469,180016,0.0,0.0
2023-06-15 10:30:00-04:00,42.34000015258789,42.404998779296875,42.20000076293945,42.380001068115234,112672,0.0,0.0
2023-06-15 11:30:00-04:00,42.369998931884766,42.369998931884766,42.26499938964844,42.310001373291016,79951,0.0,0.0
2023-06-15 12:30:00-04:00,42.31999969482422,42.40999984741211,42.27000045776367,42.31999969482422,88607,0.0,0.0
2023-06-15 13:30:00-04:00,42.31999969482422,42.45500183105469,42.29499816894531,42.380001068115234,137097,0.0,0.0
2023-06-15 14:30:00-04:00,42.369998931884766,42.59000015258789,42.369998931884766,42.5099983215332,107062,0.0,0.0
2023-06-15 15:30:00-04:00,42.5099983215332,42.66999816894531,42.474998474121094,42.619998931884766,225674,0.0,0.0
2023-06-16 09:30:00-04:00,42.810001373291016,42.81999969482422,42.540000915527344,42.689998626708984,298215,0.0,0.0
2023-06-16 10:30:00-04:00,42.689998626708984,42.720001220703125,42.5099983215332,42.57500076293945,130606,0.0,0.0
2023-06-16 11:30:00-04:00,42.58000183105469,42.665000915527344,42.4900016784668,42.65999984741211,113573,0.0,0.0
2023-06-16 12:30:00-04:00,42.665000915527344,42.77000045776367,42.60499954223633,42.60499954223633,92309,0.0,0.0
2023-06-16 13:30:00-04:00,42.599998474121094,42.65999984741211,42.564998626708984,42.65999984741211,84953,0.0,0.0
2023-06-16 14:30:00-04:00,42.65999984741211,42.665000915527344,42.47999954223633,42.47999954223633,116573,0.0,0.0
2023-06-16 15:30:00-04:00,42.4900016784668,42.689998626708984,42.4900016784668,42.63999938964844,269797,0.0,0.0
2023-06-20 09:30:00-04:00,42.529998779296875,42.529998779296875,41.97999954223633,42.279998779296875,146950,0.0,0.0
2023-06-20 10:30:00-04:00,42.290000915527344,42.41999816894531,42.209999084472656,42.2400016784668,85166,0.0,0.0
2023-06-20 11:30:00-04:00,42.220001220703125,42.34000015258789,42.125,42.209999084472656,74356,0.0,0.0
2023-06-20 12:30:00-04:00,42.20500183105469,42.29999923706055,42.15999984741211,42.25,92094,0.0,0.0
2023-06-20 13:30:00-04:00,42.2400016784668,42.459999084472656,42.20000076293945,42.459999084472656,159072,0.0,0.0
2023-06-20 14:30:00-04:00,42.459999084472656,42.60499954223633,42.459999084472656,42.52000045776367,201185,0.0,0.0
2023-06-20 15:30:00-04:00,42.52000045776367,42.58000183105469,42.439998626708984,42.529998779296875,423125,0.0,0.0
2023-06-21 09:30:00-04:00,42.349998474121094,42.349998474121094,41.939998626708984,42.209999084472656,95210,0.0,0.0
2023-06-21 10:30:00-04:00,42.2400016784668,42.310001373291016,41.9900016784668,41.9900016784668,108087,0.0,0.0
2023-06-21 11:30:00-04:00,41.97999954223633,42.130001068115234,41.90999984741211,42.0099983215332,121313,0.0,0.0
2023-06-21 12:30:00-04:00,42.029998779296875,42.060001373291016,41.650001525878906,41.709999084472656,167443,0.0,0.0
2023-06-21 13:30:00-04:00,41.70500183105469,41.849998474121094,41.689998626708984,41.83000183105469,70333,0.0,0.0
2023-06-21 14:30:00-04:00,41.83000183105469,41.86000061035156,41.75,41.775001525878906,102944,0.0,0.0
2023-06-21 15:30:00-04:00,41.775001525878906,41.779998779296875,41.66999816894531,41.779998779296875,237885,0.0,0.0
2023-06-22 09:30:00-04:00,41.959999084472656,41.959999084472656,41.470001220703125,41.4900016784668,160702,0.0,0.0
2023-06-22 10:30:00-04:00,41.4900016784668,41.529998779296875,41.359798431396484,41.474998474121094,119011,0.0,0.0
2023-06-22 11:30:00-04:00,41.474998474121094,41.689998626708984,41.459999084472656,41.529998779296875,85892,0.0,0.0
2023-06-22 12:30:00-04:00,41.540000915527344,41.560001373291016,41.44499969482422,41.52000045776367,86699,0.0,0.0
2023-06-22 13:30:00-04:00,41.525001525878906,41.66999816894531,41.505001068115234,41.630001068115234,106792,0.0,0.0
2023-06-22 14:30:00-04:00,41.63999938964844,41.755001068115234,41.63100051879883,41.71500015258789,123351,0.0,0.0
2023-06-22 15:30:00-04:00,41.71500015258789,41.71500015258789,41.599998474121094,41.65999984741211,237545,0.0,0.0
2023-06-23 09:30:00-04:00,41.400001525878906,41.70000076293945,41.349998474121094,41.47999954223633,108893,0.0,0.0
2023-06-23 10:30:00-04:00,41.47999954223633,41.4900016784668,41.22999954223633,41.25,65006,0.0,0.0
2023-06-23 11:30:00-04:00,41.25,41.310001373291016,41.209999084472656,41.29999923706055,74772,0.0,0.0
2023-06-23 12:30:00-04:00,41.29499816894531,41.369998931884766,41.279998779296875,41.349998474121094,79031,0.0,0.0
2023-06-23 13:30:00-04:00,41.349998474121094,41.47999954223633,41.34000015258789,41.41999816894531,94106,0.0,0.0
2023-06-23 14:30:00-04:00,41.41999816894531,41.47999954223633,41.279998779296875,41.3650016784668,174848,0.0,0.0
2023-06-23 15:30:00-04:00,41.369998931884766,41.375,41.189998626708984,41.25,315850,0.0,0.0
2023-06-26 09:30:00-04:00,41.27000045776367,41.380001068115234,41.16999816894531,41.30500030517578,66925,0.0,0.0
2023-06-26 10:30:00-04:00,41.29999923706055,41.47999954223633,41.224998474121094,41.47999954223633,139569,0.0,0.0
2023-06-26 11:30:00-04:00,41.4900016784668,41.775001525878906,41.45500183105469,41.685001373291016,75232,0.0,0.0
2023-06-26 12:30:00-04:00,41.69499969482422,41.79499816894531,41.650001525878906,41.72999954223633,93361,0.0,0.0
2023-06-26 13:30:00-04:00,41.7400016784668,41.77000045776367,41.67499923706055,41.709999084472656,63215,0.0,0.0
2023-06-26 14:30:00-04:00,41.720001220703125,41.84000015258789,41.720001220703125,41.82500076293945,72177,0.0,0.0
2023-06-26 15:30:00-04:00,41.82500076293945,41.900001525878906,41.720001220703125,41.810001373291016,179455,0.0,0.0
2023-06-27 09:30:00-04:00,41.849998474121094,41.93000030517578,41.650001525878906,41.70000076293945,92554,0.0,0.0
2023-06-27 10:30:00-04:00,41.69499969482422,42.02000045776367,41.66999816894531,42.0099983215332,92464,0.0,0.0
2023-06-27 11:30:00-04:00,42.0099983215332,42.119998931884766,41.994998931884766,42.099998474121094,93206,0.0,0.0
2023-06-27 12:30:00-04:00,42.095001220703125,42.15999984741211,42.03499984741211,42.119998931884766,115800,0.0,0.0
2023-06-27 13:30:00-04:00,42.130001068115234,42.13999938964844,41.9900016784668,41.994998931884766,115450,0.0,0.0
2023-06-27 14:30:00-04:00,42.0,42.119998931884766,41.9900016784668,42.07500076293945,136707,0.0,0.0
2023-06-27 15:30:00-04:00,42.08000183105469,42.150001525878906,42.04499816894531,42.13999938964844,260980,0.0,0.0
2023-06-28 09:30:00-04:00,42.7599983215332,42.7599983215332,42.099998474121094,42.20000076293945,211547,0.0,0.0
2023-06-28 10:30:00-04:00,42.20000076293945,42.25,42.09000015258789,42.2400016784668,162609,0.0,0.0
2023-06-28 11:30:00-04:00,42.25,42.314998626708984,42.07500076293945,42.29999923706055,156168,0.0,0.0
2023-06-28 12:30:00-04:00,42.310001373291016,42.31999969482422,42.11000061035156,42.189998626708984,159899,0.0,0.0
2023-06-28 13:30:00-04:00,42.189998626708984,42.209999084472656,42.119998931884766,42.154998779296875,158413,0.0,0.0
2023-06-28 14:30:00-04:00,42.154998779296875,42.18000030517578,42.08000183105469,42.11000061035156,161795,0.0,0.0
2023-06-28 15:30:00-04:00,42.109100341796875,42.290000915527344,42.10499954223633,42.290000915527344,237211,0.0,0.0
2023-06-29 09:30:00-04:00,42.150001525878906,42.345001220703125,42.0099983215332,42.22999954223633,100422,0.0,0.0
2023-06-29 10:30:00-04:00,42.22999954223633,42.345001220703125,42.224998474121094,42.30500030517578,77445,0.0,0.0
2023-06-29 11:30:00-04:00,42.310001373291016,42.56999969482422,42.29999923706055,42.540000915527344,67246,0.0,0.0
2023-06-29 12:30:00-04:00,42.540000915527344,42.63999938964844,42.52000045776367,42.6150016784668,46344,0.0,0.0
2023-06-29 13:30:00-04:00,42.619998931884766,42.689998626708984,42.54499816894531,42.60499954223633,65081,0.0,0.0
2023-06-29 14:30:00-04:00,42.61000061035156,42.709999084472656,42.61000061035156,42.685001373291016,81468,0.0,0.0
2023-06-29 15:30:00-04:00,42.689998626708984,42.880001068115234,42.689998626708984,42.869998931884766,165140,0.0,0.0
2023-06-30 09:30:00-04:00,43.16999816894531,43.189998626708984,42.790000915527344,42.89500045776367,168835,0.0,0.0
2023-06-30 10:30:00-04:00,42.90999984741211,42.93000030517578,42.46500015258789,42.52000045776367,100623,0.0,0.0
2023-06-30 11:30:00-04:00,42.540000915527344,42.73500061035156,42.525001525878906,42.564998626708984,80410,0.0,0.0
2023-06-30 12:30:00-04:00,42.564998626708984,42.564998626708984,42.345001220703125,42.39500045776367,110201,0.0,0.0
2023-06-30 13:30:00-04:00,42.38999938964844,42.44499969482422,42.275001525878906,42.33000183105469,95122,0.0,0.0
2023-06-30 14:30:00-04:00,42.33000183105469,42.435001373291016,42.290000915527344,42.31999969482422,152087,0.0,0.0
2023-06-30 15:30:00-04:00,42.310001373291016,42.880001068115234,42.28499984741211,42.790000915527344,347206,0.0,0.0
2023-07-03 09:30:00-04:00,42.84000015258789,43.22999954223633,42.68000030517578,43.220001220703125,116242,0.0,0.0
2023-07-03 10:30:00-04:00,43.2400016784668,43.41999816894531,43.220001220703125,43.40999984741211,72266,0.0,0.0
2023-07-03 11:30:00-04:00,43.40999984741211,43.43190002441406,43.154998779296875,43.17499923706055,88989,0.0,0.0
2023-07-05 09:30:00-04:00,42.81999969482422,43.154998779296875,42.630001068115234,43.154998779296875,98489,0.0,0.0
2023-07-05 10:30:00-04:00,43.15999984741211,43.540000915527344,43.15999984741211,43.52000045776367,73199,0.0,0.0
2023-07-05 11:30:00-04:00,43.529998779296875,43.560001373291016,43.349998474121094,43.369998931884766,69842,0.0,0.0
2023-07-05 12:30:00-04:00,43.380001068115234,43.43000030517578,43.279998779296875,43.33000183105469,85259,0.0,0.0
2023-07-05 13:30:00-04:00,43.334999084472656,43.40999984741211,43.22999954223633,43.22999954223633,105393,0.0,0.0
2023-07-05 14:30:00-04:00,43.23500061035156,43.5099983215332,43.220001220703125,43.505001068115234,145955,0.0,0.0
2023-07-05 15:30:00-04:00,43.505001068115234,43.529998779296875,43.34000015258789,43.349998474121094,349809,0.0,0.0
2023-07-06 09:30:00-04:00,42.95000076293945,43.0,42.46500015258789,42.58000183105469,150462,0.0,0.0
2023-07-06 10:30:00-04:00,42.58000183105469,42.83000183105469,42.56999969482422,42.77000045776367,74779,0.0,0.0
2023-07-06 11:30:00-04:00,42.7599983215332,42.97999954223633,42.7599983215332,42.94499969482422,58103,0.0,0.0
2023-07-06 12:30:00-04:00,42.939998626708984,43.04999923706055,42.915000915527344,43.0099983215332,58455,0.0,0.0
2023-07-06 13:30:00-04:00,43.01499938964844,43.095001220703125,43.0,43.095001220703125,54576,0.0,0.0
2023-07-06 14:30:00-04:00,43.099998474121094,43.1349983215332,43.04999923706055,43.130001068115234,75696,0.0,0.0
2023-07-06 15:30:00-04:00,43.1349983215332,43.244998931884766,43.08000183105469,43.150001525878906,205808,0.0,0.0
2023-07-07 09:30:00-04:00,42.790000915527344,42.939998626708984,42.05099868774414,42.439998626708984,479568,0.0,0.0
2023-07-07 10:30:00-04:00,42.43000030517578,42.59000015258789,42.36000061035156,42.435001373291016,211404,0.0,0.0
2023-07-07 11:30:00-04:00,42.435001373291016,42.52000045776367,42.28499984741211,42.3650016784668,231975,0.0,0.0
2023-07-07 12:30:00-04:00,42.36000061035156,42.47999954223633,42.33000183105469,42.439998626708984,336611,0.0,0.0
2023-07-07 13:30:00-04:00,42.43000030517578,42.54499816894531,42.369998931884766,42.48500061035156,188236,0.0,0.0
2023-07-07 14:30:00-04:00,42.48500061035156,42.4995002746582,42.31999969482422,42.369998931884766,302990,0.0,0.0
2023-07-07 15:30:00-04:00,42.369998931884766,42.43000030517578,42.2400016784668,42.279998779296875,363082,0.0,0.0
2023-07-10 09:30:00-04:00,42.470001220703125,42.58000183105469,42.17499923706055,42.369998931884766,143580,0.0,0.0
2023-07-10 10:30:00-04:00,42.380001068115234,42.39500045776367,42.11000061035156,42.18000030517578,171481,0.0,0.0
2023-07-10 11:30:00-04:00,42.16999816894531,42.41999816894531,42.16999816894531,42.26499938964844,154479,0.0,0.0
2023-07-10 12:30:00-04:00,42.27000045776367,42.3650016784668,42.25,42.334999084472656,96587,0.0,0.0
2023-07-10 13:30:00-04:00,42.34000015258789,42.435001373291016,42.29499816894531,42.30500030517578,94556,0.0,0.0
2023-07-10 14:30:00-04:00,42.29999923706055,42.3849983215332,42.189998626708984,42.31999969482422,181761,0.0,0.0
2023-07-10 15:30:00-04:00,42.310001373291016,42.47999954223633,42.28499984741211,42.47999954223633,307821,0.0,0.0
2023-07-11 09:30:00-04:00,42.59000015258789,42.63999938964844,42.36000061035156,42.5,136079,0.0,0.0
2023-07-11 10:30:00-04:00,42.4900016784668,42.775001525878906,42.400001525878906,42.72999954223633,174590,0.0,0.0
2023-07-11 11:30:00-04:00,42.72999954223633,42.900001525878906,42.720001220703125,42.845001220703125,84127,0.0,0.0
2023-07-11 12:30:00-04:00,42.84000015258789,42.93000030517578,42.814998626708984,42.86000061035156,97097,0.0,0.0
2023-07-11 13:30:00-04:00,42.8650016784668,42.959999084472656,42.8125,42.86000061035156,90500,0.0,0.0
2023-07-11 14:30:00-04:00,42.869998931884766,43.025001525878906,42.834999084472656,42.9900016784668,137238,0.0,0.0
2023-07-11 15:30:00-04:00,43.0,43.220001220703125,42.95000076293945,43.209999084472656,297325,0.0,0.0
2023-07-12 09:30:00-04:00,43.61000061035156,43.68000030517578,43.32500076293945,43.32500076293945,112520,0.0,0.0
2023-07-12 10:30:00-04:00,43.33000183105469,43.43000030517578,43.20500183105469,43.34000015258789,127371,0.0,0.0
2023-07-12 11:30:00-04:00,43.34000015258789,43.45500183105469,43.310001373291016,43.349998474121094,92518,0.0,0.0
2023-07-12 12:30:00-04:00,43.349998474121094,43.4900016784668,43.349998474121094,43.41999816894531,71670,0.0,0.0
2023-07-12 13:30:00-04:00,43.43000030517578,43.439998626708984,43.22999954223633,43.22999954223633,115123,0.0,0.0
2023-07-12 14:30:00-04:00,43.224998474121094,43.349998474121094,43.154998779296875,43.15999984741211,115163,0.0,0.0
2023-07-12 15:30:00-04:00,43.15999984741211,43.20500183105469,43.03499984741211,43.040000915527344,206873,0.0,0.0
2023-07-13 09:30:00-04:00,43.0,43.125,42.85179901123047,42.9900016784668,168334,0.0,0.0
2023-07-13 10:30:00-04:00,43.0,43.08000183105469,42.95000076293945,43.060001373291016,72972,0.0,0.0
2023-07-13 11:30:00-04:00,43.060001373291016,43.22999954223633,43.005001068115234,43.165000915527344,117523,0.0,0.0
2023-07-13 12:30:00-04:00,43.16999816894531,43.189998626708984,43.02000045776367,43.08000183105469,76359,0.0,0.0
2023-07-13 13:30:00-04:00,43.08000183105469,43.130001068115234,43.02000045776367,43.099998474121094,75356,0.0,0.0
2023-07-13 14:30:00-04:00,43.11000061035156,43.22999954223633,43.084999084472656,43.21500015258789,96779,0.0,0.0
2023-07-13 15:30:00-04:00,43.220001220703125,43.290000915527344,43.20000076293945,43.244998931884766,206930,0.0,0.0
2023-07-14 09:30:00-04:00,43.130001068115234,43.2599983215332,42.89500045776367,42.959999084472656,146557,0.0,0.0
2023-07-14 10:30:00-04:00,42.95000076293945,43.119998931884766,42.88999938964844,43.06999969482422,109787,0.0,0.0
2023-07-14 11:30:00-04:00,43.07500076293945,43.150001525878906,43.0525016784668,43.10499954223633,76647,0.0,0.0
2023-07-14 12:30:00-04:00,43.10499954223633,43.16999816894531,43.0,43.08000183105469,77382,0.0,0.0
2023-07-14 13:30:00-04:00,43.08000183105469,43.20000076293945,43.04999923706055,43.1150016784668,113081,0.0,0.0
2023-07-14 14:30:00-04:00,43.1150016784668,43.27000045776367,43.11000061035156,43.185001373291016,127884,0.0,0.0
2023-07-14 15:30:00-04:00,43.189998626708984,43.220001220703125,43.11000061035156,43.18000030517578,272651,0.0,0.0
2023-07-17 09:30:00-04:00,42.97999954223633,43.125,42.7400016784668,43.07500076293945,164336,0.0,0.0
2023-07-17 10:30:00-04:00,43.06999969482422,43.220001220703125,43.04999923706055,43.130001068115234,122156,0.0,0.0
2023-07-17 11:30:00-04:00,43.150001525878906,43.275001525878906,43.150001525878906,43.244998931884766,80513,0.0,0.0
2023-07-17 12:30:00-04:00,43.244998931884766,43.279998779296875,43.025001525878906,43.08000183105469,109061,0.0,0.0
2023-07-17 13:30:00-04:00,43.084999084472656,43.13999938964844,43.040000915527344,43.04999923706055,80474,0.0,0.0
2023-07-17 14:30:00-04:00,43.05500030517578,43.09000015258789,43.0099983215332,43.07500076293945,139940,0.0,0.0
2023-07-17 15:30:00-04:00,43.07500076293945,43.20000076293945,43.07500076293945,43.16999816894531,269989,0.0,0.0
2023-07-18 09:30:00-04:00,43.2400016784668,43.314998626708984,42.93000030517578,43.10499954223633,165228,0.0,0.0
2023-07-18 10:30:00-04:00,43.130001068115234,43.17499923706055,43.025001525878906,43.11000061035156,132305,0.0,0.0
2023-07-18 11:30:00-04:00,43.10499954223633,43.1349983215332,42.779998779296875,42.810001373291016,117114,0.0,0.0
2023-07-18 12:30:00-04:00,42.81999969482422,42.91999816894531,42.77000045776367,42.869998931884766,100562,0.0,0.0
2023-07-18 13:30:00-04:00,42.869998931884766,42.935001373291016,42.79499816894531,42.935001373291016,110837,0.0,0.0
2023-07-18 14:30:00-04:00,42.93000030517578,43.029998779296875,42.900001525878906,42.97999954223633,120145,0.0,0.0
2023-07-18 15:30:00-04:00,42.97999954223633,43.06999969482422,42.96500015258789,42.9900016784668,220380,0.0,0.0
2023-07-19 09:30:00-04:00,43.2599983215332,43.4900016784668,43.18000030517578,43.375,137268,0.0,0.0
2023-07-19 10:30:00-04:00,43.380001068115234,43.3849983215332,43.130001068115234,43.189998626708984,84316,0.0,0.0
2023-07-19 11:30:00-04:00,43.189998626708984,43.38859939575195,43.189998626708984,43.375,67463,0.0,0.0
2023-07-19 12:30:00-04:00,43.375,43.428001403808594,43.29999923706055,43.38610076904297,72289,0.0,0.0
2023-07-19 13:30:00-04:00,43.380001068115234,43.519901275634766,43.37910079956055,43.459999084472656,103055,0.0,0.0
2023-07-19 14:30:00-04:00,43.470001220703125,43.58869934082031,43.44499969482422,43.584999084472656,163353,0.0,0.0
2023-07-19 15:30:00-04:00,43.58000183105469,43.59000015258789,43.435001373291016,43.560001373291016,224467,0.0,0.0
2023-07-20 09:30:00-04:00,43.72999954223633,43.72999954223633,43.22999954223633,43.70000076293945,133287,0.0,0.0
2023-07-20 10:30:00-04:00,43.720001220703125,43.84000015258789,43.699100494384766,43.72999954223633,137500,0.0,0.0
2023-07-20 11:30:00-04:00,43.7400016784668,43.972900390625,43.720001220703125,43.959999084472656,79603,0.0,0.0
2023-07-20 12:30:00-04:00,43.959999084472656,43.98500061035156,43.79499816894531,43.810001373291016,84928,0.0,0.0
2023-07-20 13:30:00-04:00,43.810001373291016,44.04499816894531,43.779998779296875,43.970001220703125,134446,0.0,0.0
2023-07-20 14:30:00-04:00,43.959999084472656,44.185001373291016,43.95000076293945,44.06999969482422,178690,0.0,0.0
2023-07-20 15:30:00-04:00,44.08000183105469,44.130001068115234,44.029998779296875,44.11000061035156,240212,0.0,0.0
2023-07-21 09:30:00-04:00,44.2400016784668,44.43000030517578,44.10969924926758,44.43000030517578,145436,0.0,0.0
2023-07-21 10:30:00-04:00,44.43000030517578,44.619998931884766,44.380001068115234,44.564998626708984,143845,0.0,0.0
2023-07-21 11:30:00-04:00,44.564998626708984,44.724998474121094,44.55039978027344,44.70500183105469,112806,0.0,0.0
2023-07-21 12:30:00-04:00,44.7140007019043,44.71969985961914,44.595001220703125,44.6150016784668,74822,0.0,0.0
2023-07-21 13:30:00-04:00,44.6150016784668,44.65999984741211,44.58000183105469,44.63999938964844,78812,0.0,0.0
2023-07-21 14:30:00-04:00,44.619998931884766,44.744998931884766,44.4900016784668,44.525001525878906,147699,0.0,0.0
2023-07-21 15:30:00-04:00,44.529998779296875,44.57500076293945,44.45000076293945,44.5,227687,0.0,0.0
2023-07-24 09:30:00-04:00,44.5,44.849998474121094,44.43000030517578,44.6067008972168,150584,0.0,0.0
2023-07-24 10:30:00-04:00,44.599998474121094,44.72999954223633,44.400001525878906,44.4900016784668,153558,0.0,0.0
2023-07-24 11:30:00-04:00,44.494998931884766,44.650001525878906,44.4900016784668,44.630001068115234,88055,0.0,0.0
2023-07-24 12:30:00-04:00,44.625,44.630001068115234,44.5,44.619998931884766,70638,0.0,0.0
2023-07-24 13:30:00-04:00,44.630001068115234,44.70000076293945,44.560001373291016,44.689998626708984,77032,0.0,0.0
2023-07-24 14:30:00-04:00,44.689998626708984,44.775001525878906,44.68000030517578,44.689998626708984,105637,0.0,0.0
2023-07-24 15:30:00-04:00,44.68000030517578,44.82500076293945,44.65999984741211,44.7599983215332,203444,0.0,0.0
2023-07-25 09:30:00-04:00,44.720001220703125,44.82500076293945,44.58000183105469,44.619998931884766,179462,0.0,0.0
2023-07-25 10:30:00-04:00,44.619998931884766,44.779998779296875,44.560001373291016,44.61000061035156,114181,0.0,0.0
2023-07-25 11:30:00-04:00,44.61000061035156,44.755001068115234,44.57500076293945,44.63999938964844,132146,0.0,0.0
2023-07-25 12:30:00-04:00,44.64500045776367,44.67499923706055,44.45000076293945,44.45000076293945,70931,0.0,0.0
2023-07-25 13:30:00-04:00,44.42649841308594,44.5099983215332,44.38999938964844,44.494998931884766,119174,0.0,0.0
2023-07-25 14:30:00-04:00,44.494998931884766,44.54499816894531,44.470001220703125,44.512001037597656,99757,0.0,0.0
2023-07-25 15:30:00-04:00,44.52000045776367,44.52000045776367,44.349998474121094,44.349998474121094,189229,0.0,0.0
2023-07-26 09:30:00-04:00,44.29999923706055,44.59000015258789,44.20500183105469,44.29499816894531,146846,0.0,0.0
2023-07-26 10:30:00-04:00,44.29999923706055,44.6150016784668,44.275001525878906,44.47999954223633,94665,0.0,0.0
2023-07-26 11:30:00-04:00,44.470001220703125,44.55500030517578,44.40999984741211,44.55500030517578,77227,0.0,0.0
2023-07-26 12:30:00-04:00,44.55500030517578,44.58000183105469,44.435001373291016,44.4989013671875,73084,0.0,0.0
2023-07-26 13:30:00-04:00,44.4900016784668,44.54999923706055,44.43000030517578,44.4900016784668,106045,0.0,0.0
2023-07-26 14:30:00-04:00,44.5,44.70000076293945,44.470001220703125,44.525001525878906,149680,0.0,0.0
2023-07-26 15:30:00-04:00,44.525001525878906,44.720001220703125,44.52000045776367,44.720001220703125,217018,0.0,0.0
2023-07-27 09:30:00-04:00,44.810001373291016,44.8650016784668,44.459999084472656,44.5099983215332,124962,0.0,0.0
2023-07-27 10:30:00-04:00,44.505001068115234,44.505001068115234,43.71500015258789,43.775001525878906,144526,0.0,0.0
2023-07-27 11:30:00-04:00,43.779998779296875,44.03129959106445,43.779998779296875,43.959999084472656,112707,0.0,0.0
2023-07-27 12:30:00-04:00,43.970001220703125,44.03499984741211,43.81999969482422,43.94499969482422,151438,0.0,0.0
2023-07-27 13:30:00-04:00,43.935001373291016,43.97999954223633,43.709999084472656,43.72999954223633,129938,0.0,0.0
2023-07-27 14:30:00-04:00,43.720001220703125,43.720001220703125,43.59000015258789,43.61000061035156,145758,0.0,0.0
2023-07-27 15:30:00-04:00,43.61000061035156,43.72999954223633,43.58000183105469,43.584999084472656,254001,0.0,0.0
2023-07-28 09:30:00-04:00,43.220001220703125,43.400001525878906,42.82500076293945,42.84000015258789,235312,0.0,0.0
2023-07-28 10:30:00-04:00,42.84000015258789,42.845001220703125,42.595001220703125,42.61000061035156,232912,0.0,0.0
2023-07-28 11:30:00-04:00,42.61000061035156,42.630001068115234,42.48500061035156,42.56019973754883,162523,0.0,0.0
2023-07-28 12:30:00-04:00,42.56999969482422,42.720001220703125,42.54199981689453,42.630001068115234,106418,0.0,0.0
2023-07-28 13:30:00-04:00,42.630001068115234,42.72999954223633,42.5,42.685001373291016,132465,0.0,0.0
2023-07-28 14:30:00-04:00,42.689998626708984,42.880001068115234,42.66999816894531,42.810001373291016,181801,0.0,0.0
2023-07-28 15:30:00-04:00,42.80500030517578,42.849998474121094,42.7400016784668,42.79999923706055,297109,0.0,0.0
2023-07-31 09:30:00-04:00,42.779998779296875,43.099998474121094,42.63999938964844,43.099998474121094,151555,0.0,0.0
2023-07-31 10:30:00-04:00,43.099998474121094,43.11000061035156,42.880001068115234,42.97999954223633,153649,0.0,0.0
2023-07-31 11:30:00-04:00,42.9900016784668,43.0099983215332,42.834999084472656,42.8650016784668,149120,0.0,0.0
2023-07-31 12:30:00-04:00,42.8650016784668,42.900001525878906,42.67499923706055,42.71500015258789,183523,0.0,0.0
2023-07-31 13:30:00-04:00,42.71500015258789,42.834999084472656,42.709999084472656,42.775001525878906,179053,0.0,0.0
2023-07-31 14:30:00-04:00,42.779998779296875,42.790000915527344,42.689998626708984,42.775001525878906,230736,0.0,0.0
2023-07-31 15:30:00-04:00,42.775001525878906,42.939998626708984,42.619998931884766,42.66999816894531,1472230,0.0,0.0
2023-08-01 09:30:00-04:00,42.689998626708984,42.7400016784668,42.36000061035156,42.41999816894531,294074,0.0,0.0
2023-08-01 10:30:00-04:00,42.3849983215332,42.52000045776367,42.372501373291016,42.45000076293945,203415,0.0,0.0
2023-08-01 11:30:00-04:00,42.45500183105469,42.48640060424805,42.334999084472656,42.45000076293945,155441,0.0,0.0
2023-08-01 12:30:00-04:00,42.45500183105469,42.525001525878906,42.41999816894531,42.5,161762,0.0,0.0
2023-08-01 13:30:00-04:00,42.505001068115234,42.529998779296875,42.36000061035156,42.39500045776367,365621,0.0,0.0
2023-08-01 14:30:00-04:00,42.400001525878906,42.60499954223633,42.400001525878906,42.505001068115234,225639,0.0,0.0
2023-08-01 15:30:00-04:00,42.5099983215332,42.560001373291016,42.439998626708984,42.45000076293945,725480,0.0,0.0
2023-08-02 09:30:00-04:00,42.15999984741211,42.19499969482422,41.119998931884766,41.28200149536133,444376,0.0,0.0
2023-08-02 10:30:00-04:00,41.279998779296875,41.45000076293945,41.02000045776367,41.45000076293945,244395,0.0,0.0
2023-08-02 11:30:00-04:00,41.43000030517578,41.540000915527344,41.150001525878906,41.150001525878906,177727,0.0,0.0
2023-08-02 12:30:00-04:00,41.15999984741211,41.18000030517578,40.709999084472656,40.79499816894531,205997,0.0,0.0
2023-08-02 13:30:00-04:00,40.802398681640625,40.88999938964844,40.63999938964844,40.720001220703125,327907,0.0,0.0
2023-08-02 14:30:00-04:00,40.720001220703125,41.0099983215332,40.71500015258789,40.8849983215332,283850,0.0,0.0
2023-08-02 15:30:00-04:00,40.88999938964844,41.064998626708984,40.7400016784668,40.7599983215332,528906,0.0,0.0
2023-08-03 09:30:00-04:00,40.529998779296875,40.56999969482422,40.01499938964844,40.09000015258789,365932,0.0,0.0
2023-08-03 10:30:00-04:00,40.09000015258789,40.154998779296875,39.90999984741211,39.915000915527344,227311,0.0,0.0
2023-08-03 11:30:00-04:00,39.90999984741211,40.04999923706055,39.86000061035156,39.959999084472656,220563,0.0,0.0
2023-08-03 12:30:00-04:00,39.96500015258789,40.220001220703125,39.95000076293945,40.06999969482422,151139,0.0,0.0
2023-08-03 13:30:00-04:00,40.07500076293945,40.17499923706055,40.01499938964844,40.16999816894531,140101,0.0,0.0
2023-08-03 14:30:00-04:00,40.16999816894531,40.16999816894531,40.029998779296875,40.09000015258789,162374,0.0,0.0
2023-08-03 15:30:00-04:00,40.084999084472656,40.16999816894531,40.064998626708984,40.150001525878906,254495,0.0,0.0
2023-08-04 09:30:00-04:00,40.11000061035156,40.869998931884766,40.029998779296875,40.78499984741211,304348,0.0,0.0
2023-08-04 10:30:00-04:00,40.790000915527344,40.93000030517578,40.724998474121094,40.764801025390625,163052,0.0,0.0
2023-08-04 11:30:00-04:00,40.77000045776367,40.779998779296875,40.61000061035156,40.654998779296875,134432,0.0,0.0
2023-08-04 12:30:00-04:00,40.63999938964844,40.69499969482422,40.58000183105469,40.6150016784668,180522,0.0,0.0
2023-08-04 13:30:00-04:00,40.6150016784668,40.625,40.13999938964844,40.165000915527344,239128,0.0,0.0
2023-08-04 14:30:00-04:00,40.15999984741211,40.27000045776367,40.13999938964844,40.2599983215332,190268,0.0,0.0
2023-08-04 15:30:00-04:00,40.2599983215332,40.38999938964844,40.2400016784668,40.31999969482422,270873,0.0,0.0
2023-08-07 09:30:00-04:00,40.349998474121094,40.560001373291016,40.21500015258789,40.540000915527344,191996,0.0,0.0
2023-08-07 10:30:00-04:00,40.54999923706055,40.834999084472656,40.5,40.77000045776367,148323,0.0,0.0
2023-08-07 11:30:00-04:00,40.77000045776367,40.81999969482422,40.56420135498047,40.630001068115234,229014,0.0,0.0
2023-08-07 12:30:00-04:00,40.63999938964844,40.654998779296875,40.50130081176758,40.51499938964844,128977,0.0,0.0
2023-08-07 13:30:00-04:00,40.52000045776367,40.56999969482422,40.4900016784668,40.5,123025,0.0,0.0
2023-08-07 14:30:00-04:00,40.5099983215332,40.61000061035156,40.44499969482422,40.44499969482422,176674,0.0,0.0
2023-08-07 15:30:00-04:00,40.44889831542969,40.5099983215332,40.43000030517578,40.470001220703125,285084,0.0,0.0
2023-08-08 09:30:00-04:00,40.27000045776367,40.29999923706055,40.03499984741211,40.209999084472656,139154,0.0,0.0
2023-08-08 10:30:00-04:00,40.209999084472656,40.2599983215332,40.095001220703125,40.130001068115234,128536,0.0,0.0
2023-08-08 11:30:00-04:00,40.13349914550781,40.2400016784668,40.08000183105469,40.15999984741211,101041,0.0,0.0
2023-08-08 12:30:00-04:00,40.15999984741211,40.20500183105469,40.01499938964844,40.03499984741211,207577,0.0,0.0
2023-08-08 13:30:00-04:00,40.040000915527344,40.06999969482422,39.83000183105469,39.895999908447266,194074,0.0,0.0
2023-08-08 14:30:00-04:00,39.897499084472656,39.91999816894531,39.8650016784668,39.88999938964844,146647,0.0,0.0
2023-08-08 15:30:00-04:00,39.88999938964844,39.959999084472656,39.814998626708984,39.900001525878906,250208,0.0,0.0
2023-08-09 09:30:00-04:00,39.7599983215332,39.960899353027344,39.65999984741211,39.91999816894531,112590,0.0,0.0
2023-08-09 10:30:00-04:00,39.93000030517578,40.04999923706055,39.86000061035156,39.93000030517578,111298,0.0,0.0
2023-08-09 11:30:00-04:00,39.91999816894531,39.970001220703125,39.81999969482422,39.82500076293945,107356,0.0,0.0
2023-08-09 12:30:00-04:00,39.83000183105469,40.130001068115234,39.83000183105469,40.11000061035156,128181,0.0,0.0
2023-08-09 13:30:00-04:00,40.1150016784668,40.20000076293945,40.064998626708984,40.165000915527344,168774,0.0,0.0
2023-08-09 14:30:00-04:00,40.165000915527344,40.16999816894531,40.0099983215332,40.05500030517578,205106,0.0,0.0
2023-08-09 15:30:00-04:00,40.05500030517578,40.08000183105469,39.92499923706055,40.0099983215332,326137,0.0,0.0
2023-08-10 09:30:00-04:00,40.220001220703125,40.47999954223633,40.16999816894531,40.470001220703125,218292,0.0,0.0
2023-08-10 10:30:00-04:00,40.459999084472656,40.494998931884766,40.34000015258789,40.4900016784668,118728,0.0,0.0
2023-08-10 11:30:00-04:00,40.4900016784668,40.540000915527344,40.27000045776367,40.290000915527344,98518,0.0,0.0
2023-08-10 12:30:00-04:00,40.29999923706055,40.3849983215332,40.2400016784668,40.2599983215332,242372,0.0,0.0
2023-08-10 13:30:00-04:00,40.25,40.314998626708984,40.15520095825195,40.19499969482422,125982,0.0,0.0
2023-08-10 14:30:00-04:00,40.189998626708984,40.224998474121094,40.04499816894531,40.04499816894531,159423,0.0,0.0
2023-08-10 15:30:00-04:00,40.040000915527344,40.07500076293945,39.880001068115234,39.959999084472656,367429,0.0,0.0
2023-08-11 09:30:00-04:00,39.81999969482422,39.900001525878906,39.630001068115234,39.814998626708984,182956,0.0,0.0
2023-08-11 10:30:00-04:00,39.81999969482422,39.849998474121094,39.685001373291016,39.689998626708984,192590,0.0,0.0
2023-08-11 11:30:00-04:00,39.689998626708984,39.744998931884766,39.62480163574219,39.72999954223633,137391,0.0,0.0
2023-08-11 12:30:00-04:00,39.720001220703125,39.720001220703125,39.595001220703125,39.662498474121094,146749,0.0,0.0
2023-08-11 13:30:00-04:00,39.66999816894531,39.72999954223633,39.619998931884766,39.709999084472656,123049,0.0,0.0
2023-08-11 14:30:00-04:00,39.709999084472656,39.755001068115234,39.68000030517578,39.689998626708984,143009,0.0,0.0
2023-08-11 15:30:00-04:00,39.689998626708984,39.71500015258789,39.619998931884766,39.65999984741211,292943,0.0,0.0
2023-08-14 09:30:00-04:00,39.59000015258789,39.63600158691406,39.255001068115234,39.31999969482422,139421,0.0,0.0
2023-08-14 10:30:00-04:00,39.31999969482422,39.31999969482422,39.15999984741211,39.18000030517578,128067,0.0,0.0
2023-08-14 11:30:00-04:00,39.20000076293945,39.255001068115234,39.040000915527344,39.15800094604492,117686,0.0,0.0
2023-08-14 12:30:00-04:00,39.15999984741211,39.209999084472656,39.11000061035156,39.13999938964844,82099,0.0,0.0
2023-08-14 13:30:00-04:00,39.14500045776367,39.185001373291016,38.869998931884766,38.94499969482422,119639,0.0,0.0
2023-08-14 14:30:00-04:00,38.949501037597656,39.03499984741211,38.935001373291016,39.025001525878906,106988,0.0,0.0
2023-08-14 15:30:00-04:00,39.025001525878906,39.16999816894531,39.025001525878906,39.16999816894531,271452,0.0,0.0
2023-08-15 09:30:00-04:00,38.93000030517578,39.060001373291016,38.75,39.0099983215332,285002,0.0,0.0
2023-08-15 10:30:00-04:00,39.01499938964844,39.099998474121094,38.970001220703125,38.9900016784668,407391,0.0,0.0
2023-08-15 11:30:00-04:00,39.0,39.130001068115234,38.900001525878906,38.935001373291016,252943,0.0,0.0
2023-08-15 12:30:00-04:00,38.93000030517578,38.970001220703125,38.86000061035156,38.93000030517578,223355,0.0,0.0
2023-08-15 13:30:00-04:00,38.939998626708984,38.95500183105469,38.834999084472656,38.87080001831055,174877,0.0,0.0
2023-08-15 14:30:00-04:00,38.875,39.0,38.8650016784668,38.93000030517578,306752,0.0,0.0
2023-08-15 15:30:00-04:00,38.91999816894531,38.94499969482422,38.84000015258789,38.84000015258789,363482,0.0,0.0
2023-08-16 09:30:00-04:00,38.939998626708984,39.084999084472656,38.72999954223633,38.78499984741211,371124,0.0,0.0
2023-08-16 10:30:00-04:00,38.78499984741211,38.939998626708984,38.724998474121094,38.834999084472656,143063,0.0,0.0
2023-08-16 11:30:00-04:00,38.834999084472656,38.923301696777344,38.8036003112793,38.83000183105469,158106,0.0,0.0
2023-08-16 12:30:00-04:00,38.83000183105469,38.83000183105469,38.60499954223633,38.650699615478516,105237,0.0,0.0
2023-08-16 13:30:00-04:00,38.650001525878906,38.689998626708984,38.564701080322266,38.630001068115234,141873,0.0,0.0
2023-08-16 14:30:00-04:00,38.630001068115234,38.689998626708984,38.599998474121094,38.685001373291016,369123,0.0,0.0
2023-08-16 15:30:00-04:00,38.685001373291016,38.71500015258789,38.6349983215332,38.68000030517578,375003,0.0,0.0
2023-08-17 09:30:00-04:00,38.65999984741211,38.95000076293945,38.61000061035156,38.93000030517578,156324,0.0,0.0
2023-08-17 10:30:00-04:00,38.959999084472656,38.970001220703125,38.7400016784668,38.7599983215332,198189,0.0,0.0
2023-08-17 11:30:00-04:00,38.76359939575195,38.90999984741211,38.689998626708984,38.88999938964844,236942,0.0,0.0
2023-08-17 12:30:00-04:00,38.8849983215332,38.90999984741211,38.775001525878906,38.79999923706055,169076,0.0,0.0
2023-08-17 13:30:00-04:00,38.79999923706055,38.8650016784668,38.78499984741211,38.79999923706055,182582,0.0,0.0
2023-08-17 14:30:00-04:00,38.80500030517578,38.84000015258789,38.70500183105469,38.79999923706055,279213,0.0,0.0
2023-08-17 15:30:00-04:00,38.80500030517578,38.810001373291016,38.65999984741211,38.68000030517578,508702,0.0,0.0
2023-08-18 09:30:00-04:00,38.4900016784668,38.93000030517578,38.4650993347168,38.7599983215332,154903,0.0,0.0
2023-08-18 10:30:00-04:00,38.755001068115234,38.84000015258789,38.66999816894531,38.78499984741211,154071,0.0,0.0
2023-08-18 11:30:00-04:00,38.790000915527344,38.790000915527344,38.68000030517578,38.70000076293945,157174,0.0,0.0
2023-08-18 12:30:00-04:00,38.709999084472656,38.75,38.619998931884766,38.650001525878906,183500,0.0,0.0
2023-08-18 13:30:00-04:00,38.654998779296875,38.810001373291016,38.650001525878906,38.7599983215332,159638,0.0,0.0
2023-08-18 14:30:00-04:00,38.755001068115234,38.7599983215332,38.689998626708984,38.744998931884766,214247,0.0,0.0
2023-08-18 15:30:00-04:00,38.7400016784668,38.869998931884766,38.689998626708984,38.709999084472656,286397,0.0,0.0
2023-08-21 09:30:00-04:00,38.70000076293945,38.70000076293945,38.2599983215332,38.30500030517578,105130,0.0,0.0
2023-08-21 10:30:00-04:00,38.29999923706055,38.334999084472656,38.09000015258789,38.1349983215332,202737,0.0,0.0
2023-08-21 11:30:00-04:00,38.130001068115234,38.28499984741211,38.10499954223633,38.28499984741211,205621,0.0,0.0
2023-08-21 12:30:00-04:00,38.28499984741211,38.41999816894531,38.219398498535156,38.41999816894531,120625,0.0,0.0
2023-08-21 13:30:00-04:00,38.41999816894531,38.47999954223633,38.3849983215332,38.400001525878906,73540,0.0,0.0
2023-08-21 14:30:00-04:00,38.404998779296875,38.47999954223633,38.380001068115234,38.47999954223633,100718,0.0,0.0
2023-08-21 15:30:00-04:00,38.4900016784668,38.599998474121094,38.480098724365234,38.540000915527344,196662,0.0,0.0
2023-08-22 09:30:00-04:00,38.599998474121094,38.81999969482422,38.58000183105469,38.810001373291016,158236,0.0,0.0
2023-08-22 10:30:00-04:00,38.81999969482422,38.880001068115234,38.77000045776367,38.779998779296875,174029,0.0,0.0
2023-08-22 11:30:00-04:00,38.775001525878906,38.849998474121094,38.75,38.849998474121094,161132,0.0,0.0
2023-08-22 12:30:00-04:00,38.849998474121094,38.91999816894531,38.80500030517578,38.904998779296875,112921,0.0,0.0
2023-08-22 13:30:00-04:00,38.900001525878906,38.94499969482422,38.84000015258789,38.90169906616211,132785,0.0,0.0
2023-08-22 14:30:00-04:00,38.90999984741211,39.02000045776367,38.89500045776367,39.0099983215332,133294,0.0,0.0
2023-08-22 15:30:00-04:00,39.005001068115234,39.0099983215332,38.91999816894531,38.9900016784668,289158,0.0,0.0
2023-08-23 09:30:00-04:00,39.11000061035156,39.41999816894531,39.08760070800781,39.40999984741211,141501,0.0,0.0
2023-08-23 10:30:00-04:00,39.415000915527344,39.42499923706055,39.27000045776367,39.345001220703125,158601,0.0,0.0
2023-08-23 11:30:00-04:00,39.34000015258789,39.564998626708984,39.34000015258789,39.47999954223633,171369,0.0,0.0
2023-08-23 12:30:00-04:00,39.4900016784668,39.564998626708984,39.4900016784668,39.55500030517578,75546,0.0,0.0
2023-08-23 13:30:00-04:00,39.55500030517578,39.61000061035156,39.529998779296875,39.595001220703125,69354,0.0,0.0
2023-08-23 14:30:00-04:00,39.599998474121094,39.60499954223633,39.540000915527344,39.595001220703125,124527,0.0,0.0
2023-08-23 15:30:00-04:00,39.595001220703125,39.6150016784668,39.529998779296875,39.59000015258789,230161,0.0,0.0
2023-08-24 09:30:00-04:00,39.599998474121094,40.34000015258789,39.57500076293945,40.15999984741211,250269,0.0,0.0
2023-08-24 10:30:00-04:00,40.15999984741211,40.15999984741211,39.88999938964844,39.959999084472656,219856,0.0,0.0
2023-08-24 11:30:00-04:00,39.96500015258789,39.96500015258789,39.75,39.75,166861,0.0,0.0
2023-08-24 12:30:00-04:00,39.744998931884766,39.7599983215332,39.58000183105469,39.59400177001953,83194,0.0,0.0
2023-08-24 13:30:00-04:00,39.59000015258789,39.625,39.53499984741211,39.55500030517578,89238,0.0,0.0
2023-08-24 14:30:00-04:00,39.55500030517578,39.560001373291016,39.45000076293945,39.525001525878906,95566,0.0,0.0
2023-08-24 15:30:00-04:00,39.525001525878906,39.58000183105469,39.435001373291016,39.45000076293945,202908,0.0,0.0
2023-08-25 09:30:00-04:00,39.529998779296875,39.63999938964844,39.36000061035156,39.529998779296875,99936,0.0,0.0
2023-08-25 10:30:00-04:00,39.529998779296875,39.56999969482422,39.27000045776367,39.4900016784668,113975,0.0,0.0
2023-08-25 11:30:00-04:00,39.5,39.5,39.290000915527344,39.314998626708984,113505,0.0,0.0
2023-08-25 12:30:00-04:00,39.31999969482422,39.35499954223633,39.20500183105469,39.20500183105469,94524,0.0,0.0
2023-08-25 13:30:00-04:00,39.209999084472656,39.314998626708984,39.095001220703125,39.290000915527344,115716,0.0,0.0
2023-08-25 14:30:00-04:00,39.29999923706055,39.380001068115234,39.279998779296875,39.35499954223633,97620,0.0,0.0
2023-08-25 15:30:00-04:00,39.35499954223633,39.369998931884766,39.119998931884766,39.150001525878906,193659,0.0,0.0
2023-08-28 09:30:00-04:00,39.25,39.6349983215332,39.220001220703125,39.560001373291016,111806,0.0,0.0
2023-08-28 10:30:00-04:00,39.56999969482422,39.59000015258789,39.41999816894531,39.459999084472656,56750,0.0,0.0
2023-08-28 11:30:00-04:00,39.459999084472656,39.459999084472656,39.36000061035156,39.415000915527344,56886,0.0,0.0
2023-08-28 12:30:00-04:00,39.415000915527344,39.55500030517578,39.3849983215332,39.470001220703125,71020,0.0,0.0
2023-08-28 13:30:00-04:00,39.474998474121094,39.5,39.310001373291016,39.31999969482422,60833,0.0,0.0
2023-08-28 14:30:00-04:00,39.32500076293945,39.41999816894531,39.314998626708984,39.36000061035156,74002,0.0,0.0
2023-08-28 15:30:00-04:00,39.349998474121094,39.369998931884766,39.2599983215332,39.27000045776367,135206,0.0,0.0
2023-08-29 09:30:00-04:00,39.369998931884766,39.47999954223633,39.150001525878906,39.42499923706055,109828,0.0,0.0
2023-08-29 10:30:00-04:00,39.43000030517578,39.45000076293945,39.20000076293945,39.279998779296875,73893,0.0,0.0
2023-08-29 11:30:00-04:00,39.290000915527344,39.51499938964844,39.279998779296875,39.5099983215332,76824,0.0,0.0
2023-08-29 12:30:00-04:00,39.52000045776367,39.52000045776367,39.40999984741211,39.45000076293945,65704,0.0,0.0
2023-08-29 13:30:00-04:00,39.45000076293945,39.5099983215332,39.380001068115234,39.400001525878906,74097,0.0,0.0
2023-08-29 14:30:00-04:00,39.400001525878906,39.435001373291016,39.349998474121094,39.400001525878906,82462,0.0,0.0
2023-08-29 15:30:00-04:00,39.404998779296875,39.540000915527344,39.3848991394043,39.540000915527344,164721,0.0,0.0
2023-08-30 09:30:00-04:00,39.560001373291016,39.70000076293945,39.42499923706055,39.595001220703125,72179,0.0,0.0
2023-08-30 10:30:00-04:00,39.599998474121094,39.61000061035156,39.35499954223633,39.400001525878906,84604,0.0,0.0
2023-08-30 11:30:00-04:00,39.39500045776367,39.525001525878906,39.3650016784668,39.494998931884766,74573,0.0,0.0
2023-08-30 12:30:00-04:00,39.505001068115234,39.54999923706055,39.470001220703125,39.505001068115234,62439,0.0,0.0
2023-08-30 13:30:00-04:00,39.5,39.54999923706055,39.47999954223633,39.505001068115234,61080,0.0,0.0
2023-08-30 14:30:00-04:00,39.5,39.6150016784668,39.47999954223633,39.59000015258789,101902,0.0,0.0
2023-08-30 15:30:00-04:00,39.584999084472656,39.599998474121094,39.505001068115234,39.52000045776367,202864,0.0,0.0
2023-08-31 09:30:00-04:00,39.52000045776367,39.625,39.439998626708984,39.5625,81643,0.0,0.0
2023-08-31 10:30:00-04:00,39.56999969482422,39.619998931884766,39.439998626708984,39.61000061035156,78461,0.0,0.0
2023-08-31 11:30:00-04:00,39.599998474121094,39.60499954223633,39.525001525878906,39.599998474121094,57206,0.0,0.0
2023-08-31 12:30:00-04:00,39.60499954223633,39.61000061035156,39.4900016784668,39.505001068115234,48086,0.0,0.0
2023-08-31 13:30:00-04:00,39.494998931884766,39.560001373291016,39.494998931884766,39.52000045776367,38886,0.0,0.0
2023-08-31 14:30:00-04:00,39.52000045776367,39.52790069580078,39.38999938964844,39.43000030517578,76540,0.0,0.0
2023-08-31 15:30:00-04:00,39.42499923706055,39.5099983215332,39.349998474121094,39.380001068115234,261100,0.0,0.0
2023-09-01 09:30:00-04:00,39.470001220703125,39.650001525878906,39.435001373291016,39.61000061035156,86685,0.0,0.0
2023-09-01 10:30:00-04:00,39.6150016784668,39.619998931884766,39.45000076293945,39.45000076293945,59425,0.0,0.0
2023-09-01 11:30:00-04:00,39.44499969482422,39.45500183105469,39.26499938964844,39.2781982421875,53901,0.0,0.0
2023-09-01 12:30:00-04:00,39.27000045776367,39.28499984741211,39.23500061035156,39.260501861572266,39326,0.0,0.0
2023-09-01 13:30:00-04:00,39.27000045776367,39.310001373291016,39.262001037597656,39.275001525878906,42194,0.0,0.0
2023-09-01 14:30:00-04:00,39.2599983215332,39.314998626708984,39.2400016784668,39.310001373291016,59557,0.0,0.0
2023-09-01 15:30:00-04:00,39.30500030517578,39.31999969482422,39.20000076293945,39.220001220703125,150855,0.0,0.0
2023-09-05 09:30:00-04:00,39.099998474121094,39.15999984741211,38.86000061035156,38.869998931884766,87027,0.0,0.0
2023-09-05 10:30:00-04:00,38.869998931884766,38.970001220703125,38.7599983215332,38.86000061035156,94975,0.0,0.0
2023-09-05 11:30:00-04:00,38.850399017333984,38.90999984741211,38.790000915527344,38.80220031738281,61350,0.0,0.0
2023-09-05 12:30:00-04:00,38.79999923706055,38.80500030517578,38.474998474121094,38.48500061035156,108326,0.0,0.0
2023-09-05 13:30:00-04:00,38.4900016784668,38.599998474121094,38.47999954223633,38.54999923706055,112756,0.0,0.0
2023-09-05 14:30:00-04:00,38.560001373291016,38.650001525878906,38.54499816894531,38.59000015258789,134244,0.0,0.0
2023-09-05 15:30:00-04:00,38.580101013183594,38.63999938964844,38.5099983215332,38.5099983215332,146467,0.0,0.0
2023-09-06 09:30:00-04:00,38.56999969482422,38.56999969482422,38.36000061035156,38.369998931884766,56250,0.0,0.0
2023-09-06 10:30:00-04:00,38.369998931884766,38.43000030517578,38.29499816894531,38.33000183105469,99270,0.0,0.0
2023-09-06 11:30:00-04:00,38.34000015258789,38.400001525878906,38.29999923706055,38.35499954223633,88240,0.0,0.0
2023-09-06 12:30:00-04:00,38.36000061035156,38.400001525878906,38.244998931884766,38.255001068115234,83666,0.0,0.0
2023-09-06 13:30:00-04:00,38.255001068115234,38.28499984741211,38.209999084472656,38.244998931884766,119585,0.0,0.0
2023-09-06 14:30:00-04:00,38.2400016784668,38.244998931884766,38.09000015258789,38.095001220703125,152852,0.0,0.0
2023-09-06 15:30:00-04:00,38.095001220703125,38.220001220703125,38.08000183105469,38.220001220703125,331155,0.0,0.0
2023-09-07 09:30:00-04:00,38.2599983215332,38.38999938964844,38.189998626708984,38.220001220703125,93436,0.0,0.0
2023-09-07 10:30:00-04:00,38.220001220703125,38.29999923706055,38.095001220703125,38.119998931884766,230892,0.0,0.0
2023-09-07 11:30:00-04:00,38.130001068115234,38.439998626708984,38.130001068115234,38.380001068115234,273287,0.0,0.0
2023-09-07 12:30:00-04:00,38.375,38.45000076293945,38.32500076293945,38.439998626708984,230517,0.0,0.0
2023-09-07 13:30:00-04:00,38.45009994506836,38.459999084472656,38.185001373291016,38.20000076293945,104252,0.0,0.0
2023-09-07 14:30:00-04:00,38.189998626708984,38.19900131225586,38.12300109863281,38.12300109863281,223111,0.0,0.0
2023-09-07 15:30:00-04:00,38.125,38.17499923706055,38.06999969482422,38.150001525878906,251105,0.0,0.0
2023-09-08 09:30:00-04:00,38.25,38.28499984741211,38.06999969482422,38.27000045776367,112522,0.0,0.0
2023-09-08 10:30:00-04:00,38.275001525878906,38.369998931884766,38.11000061035156,38.1150016784668,99669,0.0,0.0
2023-09-08 11:30:00-04:00,38.11000061035156,38.22999954223633,38.099998474121094,38.189998626708984,112675,0.0,0.0
2023-09-08 12:30:00-04:00,38.189998626708984,38.27000045776367,38.11000061035156,38.11000061035156,137570,0.0,0.0
2023-09-08 13:30:00-04:00,38.099998474121094,38.13999938964844,38.04499816894531,38.09989929199219,171985,0.0,0.0
2023-09-08 14:30:00-04:00,38.099998474121094,38.130001068115234,38.06999969482422,38.09000015258789,134723,0.0,0.0
2023-09-08 15:30:00-04:00,38.095001220703125,38.179901123046875,38.03499984741211,38.040000915527344,314287,0.0,0.0
2023-09-11 09:30:00-04:00,38.04999923706055,38.15999984741211,37.75,37.97999954223633,178294,0.0,0.0
2023-09-11 10:30:00-04:00,37.97999954223633,38.0359992980957,37.7599983215332,37.790000915527344,122573,0.0,0.0
2023-09-11 11:30:00-04:00,37.79999923706055,37.994998931884766,37.779998779296875,37.939998626708984,185382,0.0,0.0
2023-09-11 12:30:00-04:00,37.939998626708984,38.0099983215332,37.93000030517578,37.98500061035156,110098,0.0,0.0
2023-09-11 13:30:00-04:00,37.98500061035156,38.040000915527344,37.900001525878906,37.92499923706055,179077,0.0,0.0
2023-09-11 14:30:00-04:00,37.93000030517578,37.97999954223633,37.88999938964844,37.95500183105469,134480,0.0,0.0
2023-09-11 15:30:00-04:00,37.95500183105469,38.00749969482422,37.935001373291016,38.0,282770,0.0,0.0
2023-09-12 09:30:00-04:00,37.95000076293945,38.08000183105469,37.8849983215332,37.93000030517578,389051,0.0,0.0
2023-09-12 10:30:00-04:00,37.93000030517578,38.04999923706055,37.92499923706055,38.02000045776367,154336,0.0,0.0
2023-09-12 11:30:00-04:00,38.02000045776367,38.15999984741211,38.0099983215332,38.13999938964844,212740,0.0,0.0
2023-09-12 12:30:00-04:00,38.125,38.22990036010742,38.08000183105469,38.21500015258789,116187,0.0,0.0
2023-09-12 13:30:00-04:00,38.220001220703125,38.2411994934082,38.130001068115234,38.20000076293945,296086,0.0,0.0
2023-09-12 14:30:00-04:00,38.20000076293945,38.209999084472656,38.130001068115234,38.154998779296875,115014,0.0,0.0
2023-09-12 15:30:00-04:00,38.154998779296875,38.224998474121094,38.150001525878906,38.16999816894531,165913,0.0,0.0
2023-09-13 09:30:00-04:00,38.22999954223633,38.25,38.02000045776367,38.119998931884766,64932,0.0,0.0
2023-09-13 10:30:00-04:00,38.119998931884766,38.209999084472656,38.060001373291016,38.099998474121094,257195,0.0,0.0
2023-09-13 11:30:00-04:00,38.099998474121094,38.125,37.97999954223633,38.05500030517578,107922,0.0,0.0
2023-09-13 12:30:00-04:00,38.060001373291016,38.11000061035156,37.902099609375,37.959999084472656,178872,0.0,0.0
2023-09-13 13:30:00-04:00,37.959999084472656,38.084999084472656,37.915000915527344,38.02000045776367,169753,0.0,0.0
2023-09-13 14:30:00-04:00,38.029998779296875,38.1349983215332,37.959999084472656,38.040000915527344,175022,0.0,0.0
2023-09-13 15:30:00-04:00,38.040000915527344,38.09000015258789,37.970001220703125,37.970001220703125,311867,0.0,0.0
2023-09-14 09:30:00-04:00,38.22999954223633,38.369998931884766,38.20000076293945,38.349998474121094,165555,0.0,0.0
2023-09-14 10:30:00-04:00,38.36000061035156,38.474998474121094,38.310001373291016,38.459999084472656,144612,0.0,0.0
2023-09-14 11:30:00-04:00,38.46099853515625,38.56999969482422,38.4297981262207,38.47999954223633,92719,0.0,0.0
2023-09-14 12:30:00-04:00,38.47999954223633,38.5,38.415000915527344,38.439998626708984,106166,0.0,0.0
2023-09-14 13:30:00-04:00,38.439998626708984,38.51499938964844,38.439998626708984,38.48500061035156,99512,0.0,0.0
2023-09-14 14:30:00-04:00,38.4900016784668,38.54499816894531,38.42499923706055,38.42499923706055,102825,0.0,0.0
2023-09-14 15:30:00-04:00,38.43000030517578,38.505001068115234,38.420101165771484,38.47999954223633,213112,0.0,0.0
2023-09-15 09:30:00-04:00,38.34000015258789,38.43000030517578,38.13999938964844,38.13999938964844,308378,0.0,0.0
2023-09-15 10:30:00-04:00,38.130001068115234,38.15999984741211,37.97999954223633,38.08000183105469,111731,0.0,0.0
2023-09-15 11:30:00-04:00,38.07500076293945,38.15999984741211,37.970001220703125,38.09000015258789,141076,0.0,0.0
2023-09-15 12:30:00-04:00,38.09000015258789,38.095001220703125,37.95000076293945,37.994998931884766,114691,0.0,0.0
2023-09-15 13:30:00-04:00,37.994998931884766,38.040000915527344,37.939998626708984,38.03499984741211,126927,0.0,0.0
2023-09-15 14:30:00-04:00,38.03499984741211,38.13999938964844,38.02000045776367,38.10499954223633,160941,0.0,0.0
2023-09-15 15:30:00-04:00,38.11000061035156,38.18000030517578,38.0,38.18000030517578,334676,0.0,0.0
2023-09-18 09:30:00-04:00,38.16999816894531,38.220001220703125,37.84000015258789,37.93000030517578,116755,0.0,0.0
2023-09-18 10:30:00-04:00,37.93989944458008,38.22999954223633,37.93000030517578,38.189998626708984,146775,0.0,0.0
2023-09-18 11:30:00-04:00,38.189998626708984,38.20500183105469,38.1150016784668,38.130001068115234,133784,0.0,0.0
2023-09-18 12:30:00-04:00,38.130001068115234,38.189998626708984,38.1150016784668,38.16999816894531,85695,0.0,0.0
2023-09-18 13:30:00-04:00,38.150001525878906,38.20500183105469,38.05500030517578,38.060001373291016,107279,0.0,0.0
2023-09-18 14:30:00-04:00,38.04999923706055,38.084999084472656,37.974998474121094,38.02000045776367,130254,0.0,0.0
2023-09-18 15:30:00-04:00,38.02000045776367,38.11000061035156,38.02000045776367,38.05500030517578,339290,0.0,0.0
2023-09-19 09:30:00-04:00,38.09000015258789,38.310001373291016,38.029998779296875,38.310001373291016,204809,0.0,0.0
2023-09-19 10:30:00-04:00,38.310001373291016,38.34049987792969,38.19499969482422,38.20500183105469,87356,0.0,0.0
2023-09-19 11:30:00-04:00,38.20500183105469,38.23500061035156,38.1150016784668,38.130001068115234,88926,0.0,0.0
2023-09-19 12:30:00-04:00,38.130001068115234,38.31999969482422,38.11000061035156,38.310001373291016,95035,0.0,0.0
2023-09-19 13:30:00-04:00,38.310001373291016,38.400001525878906,38.30500030517578,38.33000183105469,101477,0.0,0.0
2023-09-19 14:30:00-04:00,38.29999923706055,38.38999938964844,38.27000045776367,38.29999923706055,102116,0.0,0.0
2023-09-19 15:30:00-04:00,38.29999923706055,38.30500030517578,38.189998626708984,38.189998626708984,223615,0.0,0.0
2023-09-20 09:30:00-04:00,38.43000030517578,38.720001220703125,38.40999984741211,38.720001220703125,94051,0.0,0.0
2023-09-20 10:30:00-04:00,38.72999954223633,38.77000045776367,38.56719970703125,38.665000915527344,191130,0.0,0.0
2023-09-20 11:30:00-04:00,38.665000915527344,38.665000915527344,38.61000061035156,38.6349983215332,69773,0.0,0.0
2023-09-20 12:30:00-04:00,38.63999938964844,38.665000915527344,38.58000183105469,38.63140106201172,78885,0.0,0.0
2023-09-20 13:30:00-04:00,38.6349983215332,38.654998779296875,38.41999816894531,38.439998626708984,119218,0.0,0.0
2023-09-20 14:30:00-04:00,38.43000030517578,38.51729965209961,38.220001220703125,38.2400016784668,144904,0.0,0.0
2023-09-20 15:30:00-04:00,38.244998931884766,38.244998931884766,38.09000015258789,38.15999984741211,158028,0.0,0.0
2023-09-21 09:30:00-04:00,37.77000045776367,37.900001525878906,37.40999984741211,37.584999084472656,164418,0.0,0.0
2023-09-21 10:30:00-04:00,37.584999084472656,37.59000015258789,37.33879852294922,37.43000030517578,234535,0.0,0.0
2023-09-21 11:30:00-04:00,37.43000030517578,37.45000076293945,37.290000915527344,37.334999084472656,139122,0.0,0.0
2023-09-21 12:30:00-04:00,37.33000183105469,37.33000183105469,37.08000183105469,37.2599983215332,638604,0.0,0.0
2023-09-21 13:30:00-04:00,37.266998291015625,37.3302001953125,36.880001068115234,36.88999938964844,205775,0.0,0.0
2023-09-21 14:30:00-04:00,36.8849983215332,36.97999954223633,36.720001220703125,36.7400016784668,255947,0.0,0.0
2023-09-21 15:30:00-04:00,36.7400016784668,36.7400016784668,36.56999969482422,36.689998626708984,434476,0.0,0.0
2023-09-22 09:30:00-04:00,36.7400016784668,36.797298431396484,36.29999923706055,36.43000030517578,272067,0.0,0.0
2023-09-22 10:30:00-04:00,36.435001373291016,36.65999984741211,36.435001373291016,36.51499938964844,162665,0.0,0.0
2023-09-22 11:30:00-04:00,36.51499938964844,36.54990005493164,36.3849983215332,36.3849983215332,114887,0.0,0.0
2023-09-22 12:30:00-04:00,36.3849983215332,36.540000915527344,36.3849983215332,36.40999984741211,179342,0.0,0.0
2023-09-22 13:30:00-04:00,36.40999984741211,36.45000076293945,36.31999969482422,36.33000183105469,134815,0.0,0.0
2023-09-22 14:30:00-04:00,36.31999969482422,36.3849983215332,36.20000076293945,36.25,256667,0.0,0.0
2023-09-22 15:30:00-04:00,36.244998931884766,36.2599983215332,36.040000915527344,36.08000183105469,298341,0.0,0.0
2023-09-25 09:30:00-04:00,36.0,36.0099983215332,35.66999816894531,35.77000045776367,197954,0.0,0.0
2023-09-25 10:30:00-04:00,35.77000045776367,35.959999084472656,35.720001220703125,35.935001373291016,246292,0.0,0.0
2023-09-25 11:30:00-04:00,35.939998626708984,36.0,35.86000061035156,35.98500061035156,97496,0.0,0.0
2023-09-25 12:30:00-04:00,35.97999954223633,36.04819869995117,35.900001525878906,35.91999816894531,93799,0.0,0.0
2023-09-25 13:30:00-04:00,35.91999816894531,35.9900016784668,35.82160186767578,35.9900016784668,123750,0.0,0.0
2023-09-25 14:30:00-04:00,35.9900016784668,36.029998779296875,35.88999938964844,35.970001220703125,124701,0.0,0.0
2023-09-25 15:30:00-04:00,35.970001220703125,36.0099983215332,35.900001525878906,35.939998626708984,315082,0.0,0.0
2023-09-26 09:30:00-04:00,35.709999084472656,35.709999084472656,35.28929901123047,35.375,150886,0.0,0.0
2023-09-26 10:30:00-04:00,35.38999938964844,35.54999923706055,35.34000015258789,35.34000015258789,157335,0.0,0.0
2023-09-26 11:30:00-04:00,35.33000183105469,35.3650016784668,35.220001220703125,35.279998779296875,110461,0.0,0.0
2023-09-26 12:30:00-04:00,35.279998779296875,35.369998931884766,35.27000045776367,35.32059860229492,95113,0.0,0.0
2023-09-26 13:30:00-04:00,35.31999969482422,35.31999969482422,35.060001373291016,35.119998931884766,177554,0.0,0.0
2023-09-26 14:30:00-04:00,35.119998931884766,35.15999984741211,34.935001373291016,34.959999084472656,182015,0.0,0.0
2023-09-26 15:30:00-04:00,34.970001220703125,35.15999984741211,34.970001220703125,35.119998931884766,349350,0.0,0.0
2023-09-27 09:30:00-04:00,35.220001220703125,35.4005012512207,35.119998931884766,35.13999938964844,204793,0.0,0.0
2023-09-27 10:30:00-04:00,35.130001068115234,35.1349983215332,34.810001373291016,34.83000183105469,187215,0.0,0.0
2023-09-27 11:30:00-04:00,34.82929992675781,34.939998626708984,34.7599983215332,34.939998626708984,167905,0.0,0.0
2023-09-27 12:30:00-04:00,34.95000076293945,35.02000045776367,34.64500045776367,34.66999816894531,161827,0.0,0.0
2023-09-27 13:30:00-04:00,34.67499923706055,34.999900817871094,34.66999816894531,34.9900016784668,167549,0.0,0.0
2023-09-27 14:30:00-04:00,34.9900016784668,35.15999984741211,34.9900016784668,35.125,223618,0.0,0.0
2023-09-27 15:30:00-04:00,35.119998931884766,35.119998931884766,34.84000015258789,34.880001068115234,346882,0.0,0.0
2023-09-28 09:30:00-04:00,35.0,35.3650016784668,34.95000076293945,35.09000015258789,242298,0.0,0.0
2023-09-28 10:30:00-04:00,35.09000015258789,35.20500183105469,34.970001220703125,35.20500183105469,113071,0.0,0.0
2023-09-28 11:30:00-04:00,35.209999084472656,35.32500076293945,35.130001068115234,35.32500076293945,119315,0.0,0.0
2023-09-28 12:30:00-04:00,35.33000183105469,35.349998474121094,35.119998931884766,35.17499923706055,80132,0.0,0.0
2023-09-28 13:30:00-04:00,35.16999816894531,35.310001373291016,35.11000061035156,35.275001525878906,77750,0.0,0.0
2023-09-28 14:30:00-04:00,35.27000045776367,35.31999969482422,35.13999938964844,35.2599983215332,120811,0.0,0.0
2023-09-28 15:30:00-04:00,35.27000045776367,35.279998779296875,35.099998474121094,35.20000076293945,268774,0.0,0.0
2023-09-29 09:30:00-04:00,35.58000183105469,35.790000915527344,35.40999984741211,35.459999084472656,158476,0.0,0.0
2023-09-29 10:30:00-04:00,35.46500015258789,35.630001068115234,35.3650016784668,35.369998931884766,190150,0.0,0.0
2023-09-29 11:30:00-04:00,35.369998931884766,35.40999984741211,35.220001220703125,35.345001220703125,178701,0.0,0.0
2023-09-29 12:30:00-04:00,35.349998474121094,35.40999984741211,35.150001525878906,35.29499816894531,144891,0.0,0.0
2023-09-29 13:30:00-04:00,35.290000915527344,35.29999923706055,35.119998931884766,35.209999084472656,151049,0.0,0.0
2023-09-29 14:30:00-04:00,35.209999084472656,35.439998626708984,35.209999084472656,35.349998474121094,142272,0.0,0.0
2023-09-29 15:30:00-04:00,35.349998474121094,35.48500061035156,35.29999923706055,35.34000015258789,291901,0.0,0.0
2023-10-02 09:30:00-04:00,35.27000045776367,35.43000030517578,35.1349983215332,35.209999084472656,141541,0.0,0.0
2023-10-02 10:30:00-04:00,35.209999084472656,35.27000045776367,35.01499938964844,35.16999816894531,125095,0.0,0.0
2023-10-02 11:30:00-04:00,35.16999816894531,35.16999816894531,34.80500030517578,34.814998626708984,98332,0.0,0.0
2023-10-02 12:30:00-04:00,34.810001373291016,34.81999969482422,34.63999938964844,34.78499984741211,194037,0.0,0.0
2023-10-02 13:30:00-04:00,34.77000045776367,34.790000915527344,34.5,34.5,192194,0.0,0.0
2023-10-02 14:30:00-04:00,34.5099983215332,34.72999954223633,34.5099983215332,34.720001220703125,155533,0.0,0.0
2023-10-02 15:30:00-04:00,34.720001220703125,34.93000030517578,34.709999084472656,34.91999816894531,561093,0.0,0.0
2023-10-03 09:30:00-04:00,34.619998931884766,34.86000061035156,34.560001373291016,34.560001373291016,233315,0.0,0.0
2023-10-03 10:30:00-04:00,34.54999923706055,34.61000061035156,34.45000076293945,34.45000076293945,171712,0.0,0.0
2023-10-03 11:30:00-04:00,34.439998626708984,34.66999816894531,34.380001068115234,34.66999816894531,164947,0.0,0.0
2023-10-03 12:30:00-04:00,34.68000030517578,34.720001220703125,34.560001373291016,34.630001068115234,145660,0.0,0.0
2023-10-03 13:30:00-04:00,34.630001068115234,34.63999938964844,34.46500015258789,34.53110122680664,82486,0.0,0.0
2023-10-03 14:30:00-04:00,34.540000915527344,34.67499923706055,34.540000915527344,34.665000915527344,155510,0.0,0.0
2023-10-03 15:30:00-04:00,34.66999816894531,34.71500015258789,34.560001373291016,34.709999084472656,285255,0.0,0.0
2023-10-04 09:30:00-04:00,34.81999969482422,34.9900016784668,34.54999923706055,34.58000183105469,308077,0.0,0.0
2023-10-04 10:30:00-04:00,34.58000183105469,34.79999923706055,34.439998626708984,34.76499938964844,293467,0.0,0.0
2023-10-04 11:30:00-04:00,34.7599983215332,34.880001068115234,34.63999938964844,34.880001068115234,307731,0.0,0.0
2023-10-04 12:30:00-04:00,34.88909912109375,34.900001525878906,34.75,34.79999923706055,170858,0.0,0.0
2023-10-04 13:30:00-04:00,34.79999923706055,34.970001220703125,34.75,34.9296989440918,219478,0.0,0.0
2023-10-04 14:30:00-04:00,34.93000030517578,34.994998931884766,34.869998931884766,34.880001068115234,255502,0.0,0.0
2023-10-04 15:30:00-04:00,34.880001068115234,35.060001373291016,34.8650016784668,35.02000045776367,481869,0.0,0.0
2023-10-05 09:30:00-04:00,34.97999954223633,35.2400016784668,34.83000183105469,35.005001068115234,228301,0.0,0.0
2023-10-05 10:30:00-04:00,35.0,35.0,34.76499938964844,34.93000030517578,374151,0.0,0.0
2023-10-05 11:30:00-04:00,34.93000030517578,35.040000915527344,34.8849983215332,35.025001525878906,178423,0.0,0.0
2023-10-05 12:30:00-04:00,35.029998779296875,35.07500076293945,34.8849983215332,34.96500015258789,183419,0.0,0.0
2023-10-05 13:30:00-04:00,34.959999084472656,35.099998474121094,34.92499923706055,34.9900016784668,232340,0.0,0.0
2023-10-05 14:30:00-04:00,35.0,35.1150016784668,34.994998931884766,35.04499816894531,182677,0.0,0.0
2023-10-05 15:30:00-04:00,35.040000915527344,35.09000015258789,34.97999954223633,35.060001373291016,464547,0.0,0.0
2023-10-06 09:30:00-04:00,34.77000045776367,34.939998626708984,34.47999954223633,34.59600067138672,358221,0.0,0.0
2023-10-06 10:30:00-04:00,34.599998474121094,34.709999084472656,34.45500183105469,34.6349983215332,259499,0.0,0.0
2023-10-06 11:30:00-04:00,34.63999938964844,35.029998779296875,34.63999938964844,34.85499954223633,185104,0.0,0.0
2023-10-06 12:30:00-04:00,34.849998474121094,34.904998779296875,34.779998779296875,34.875,186663,0.0,0.0
2023-10-06 13:30:00-04:00,34.87300109863281,34.97999954223633,34.85499954223633,34.97999954223633,212723,0.0,0.0
2023-10-06 14:30:00-04:00,34.97999954223633,35.01499938964844,34.775001525878906,34.849998474121094,305243,0.0,0.0
2023-10-06 15:30:00-04:00,34.85499954223633,34.875,34.65999984741211,34.66999816894531,436958,0.0,0.0
2023-10-09 09:30:00-04:00,34.560001373291016,34.869998931884766,34.5099983215332,34.810001373291016,222893,0.0,0.0
2023-10-09 10:30:00-04:00,34.810001373291016,35.20000076293945,34.76499938964844,35.189998626708984,173402,0.0,0.0
2023-10-09 11:30:00-04:00,35.19499969482422,35.22999954223633,35.03499984741211,35.068599700927734,171385,0.0,0.0
2023-10-09 12:30:00-04:00,35.06999969482422,35.209999084472656,35.025001525878906,35.20500183105469,207733,0.0,0.0
2023-10-09 13:30:00-04:00,35.209999084472656,35.44499969482422,35.20500183105469,35.380001068115234,182615,0.0,0.0
2023-10-09 14:30:00-04:00,35.3849983215332,35.40999984741211,35.23500061035156,35.279998779296875,168206,0.0,0.0
2023-10-09 15:30:00-04:00,35.28499984741211,35.28499984741211,35.130001068115234,35.189998626708984,427033,0.0,0.0
2023-10-10 09:30:00-04:00,35.18000030517578,35.29999923706055,34.66999816894531,34.810001373291016,379220,0.0,0.0
2023-10-10 10:30:00-04:00,34.81999969482422,35.15999984741211,34.72999954223633,35.09000015258789,204632,0.0,0.0
2023-10-10 11:30:00-04:00,35.09000015258789,35.15999984741211,35.07500076293945,35.084999084472656,198091,0.0,0.0
2023-10-10 12:30:00-04:00,35.084999084472656,35.130001068115234,34.98500061035156,35.05500030517578,209617,0.0,0.0
2023-10-10 13:30:00-04:00,35.05500030517578,35.150001525878906,34.97999954223633,35.025001525878906,183703,0.0,0.0
2023-10-10 14:30:00-04:00,35.025001525878906,35.15999984741211,35.025001525878906,35.150001525878906,230301,0.0,0.0
2023-10-10 15:30:00-04:00,35.150001525878906,35.25,35.130001068115234,35.20000076293945,404722,0.0,0.0
2023-10-11 09:30:00-04:00,35.5,35.97999954223633,35.44499969482422,35.779998779296875,243657,0.0,0.0
2023-10-11 10:30:00-04:00,35.790000915527344,35.810001373291016,35.525001525878906,35.54010009765625,106819,0.0,0.0
2023-10-11 11:30:00-04:00,35.54999923706055,35.58000183105469,35.459999084472656,35.4900016784668,141782,0.0,0.0
2023-10-11 12:30:00-04:00,35.47999954223633,35.567501068115234,35.45920181274414,35.567501068115234,119650,0.0,0.0
2023-10-11 13:30:00-04:00,35.560001373291016,35.6349983215332,35.459999084472656,35.599998474121094,115069,0.0,0.0
2023-10-11 14:30:00-04:00,35.61000061035156,35.814998626708984,35.61000061035156,35.775001525878906,159807,0.0,0.0
2023-10-11 15:30:00-04:00,35.77000045776367,35.814998626708984,35.68000030517578,35.7599983215332,316808,0.0,0.0
2023-10-12 09:30:00-04:00,35.68000030517578,35.68000030517578,35.279998779296875,35.29999923706055,127140,0.0,0.0
2023-10-12 10:30:00-04:00,35.29999923706055,35.400001525878906,35.20000076293945,35.400001525878906,95169,0.0,0.0
2023-10-12 11:30:00-04:00,35.39500045776367,35.529998779296875,35.279998779296875,35.5099983215332,82202,0.0,0.0
2023-10-12 12:30:00-04:00,35.50740051269531,35.50740051269531,35.2400016784668,35.2400016784668,79557,0.0,0.0
2023-10-12 13:30:00-04:00,35.22999954223633,35.255001068115234,35.154998779296875,35.244998931884766,101947,0.0,0.0
2023-10-12 14:30:00-04:00,35.2599983215332,35.290000915527344,35.20000076293945,35.244998931884766,106329,0.0,0.0
2023-10-12 15:30:00-04:00,35.255001068115234,35.369998931884766,35.244998931884766,35.27000045776367,178576,0.0,0.0
2023-10-13 09:30:00-04:00,35.4900016784668,35.560001373291016,35.290000915527344,35.54999923706055,197601,0.0,0.0
2023-10-13 10:30:00-04:00,35.54999923706055,35.66999816894531,35.380001068115234,35.66999816894531,159007,0.0,0.0
2023-10-13 11:30:00-04:00,35.650001525878906,35.709999084472656,35.56999969482422,35.709999084472656,147537,0.0,0.0
2023-10-13 12:30:00-04:00,35.689998626708984,35.720001220703125,35.54999923706055,35.61000061035156,120499,0.0,0.0
2023-10-13 13:30:00-04:00,35.59000015258789,35.790000915527344,35.58000183105469,35.70000076293945,107634,0.0,0.0
2023-10-13 14:30:00-04:00,35.689998626708984,35.71500015258789,35.529998779296875,35.61000061035156,145172,0.0,0.0
2023-10-13 15:30:00-04:00,35.60499954223633,35.65999984741211,35.564998626708984,35.619998931884766,269285,0.0,0.0
2023-10-16 09:30:00-04:00,35.880001068115234,35.939998626708984,35.540000915527344,35.779998779296875,175540,0.0,0.0
2023-10-16 10:30:00-04:00,35.79999923706055,36.0,35.79999923706055,35.939998626708984,155493,0.0,0.0
2023-10-16 11:30:00-04:00,35.939998626708984,35.94499969482422,35.81999969482422,35.88999938964844,117303,0.0,0.0
2023-10-16 12:30:00-04:00,35.880001068115234,36.05500030517578,35.869998931884766,36.040000915527344,129745,0.0,0.0
2023-10-16 13:30:00-04:00,36.04999923706055,36.18000030517578,36.03900146484375,36.11600112915039,110599,0.0,0.0
2023-10-16 14:30:00-04:00,36.11000061035156,36.20000076293945,36.06999969482422,36.189998626708984,154966,0.0,0.0
2023-10-16 15:30:00-04:00,36.189998626708984,36.22999954223633,36.10499954223633,36.13999938964844,284307,0.0,0.0
2023-10-17 09:30:00-04:00,35.939998626708984,36.59000015258789,35.90999984741211,36.529998779296875,168971,0.0,0.0
2023-10-17 10:30:00-04:00,36.529998779296875,36.540000915527344,36.40999984741211,36.53499984741211,117179,0.0,0.0
2023-10-17 11:30:00-04:00,36.525001525878906,36.82500076293945,36.525001525878906,36.82500076293945,114827,0.0,0.0
2023-10-17 12:30:00-04:00,36.82500076293945,36.834999084472656,36.599998474121094,36.654998779296875,164822,0.0,0.0
2023-10-17 13:30:00-04:00,36.650001525878906,36.6693000793457,36.52000045776367,36.540000915527344,123801,0.0,0.0
2023-10-17 14:30:00-04:00,36.540000915527344,36.619998931884766,36.369998931884766,36.61000061035156,157412,0.0,0.0
2023-10-17 15:30:00-04:00,36.61000061035156,36.619998931884766,36.5,36.560001373291016,325513,0.0,0.0
2023-10-18 09:30:00-04:00,36.290000915527344,36.470001220703125,36.119998931884766,36.119998931884766,98408,0.0,0.0
2023-10-18 10:30:00-04:00,36.130001068115234,36.20500183105469,36.040000915527344,36.09000015258789,81048,0.0,0.0
2023-10-18 11:30:00-04:00,36.08000183105469,36.11000061035156,35.91999816894531,35.939998626708984,80940,0.0,0.0
2023-10-18 12:30:00-04:00,35.939998626708984,36.08000183105469,35.849998474121094,35.97999954223633,129296,0.0,0.0
2023-10-18 13:30:00-04:00,35.970001220703125,36.11000061035156,35.88930130004883,35.93000030517578,98836,0.0,0.0
2023-10-18 14:30:00-04:00,35.939998626708984,35.97999954223633,35.75,35.8650016784668,175125,0.0,0.0
2023-10-18 15:30:00-04:00,35.869998931884766,35.915000915527344,35.72999954223633,35.7400016784668,354722,0.0,0.0
2023-10-19 09:30:00-04:00,35.439998626708984,35.689998626708984,35.439998626708984,35.59000015258789,251312,0.0,0.0
2023-10-19 10:30:00-04:00,35.58000183105469,35.65999984741211,35.470001220703125,35.654998779296875,201399,0.0,0.0
2023-10-19 11:30:00-04:00,35.65999984741211,35.81999969482422,35.58000183105469,35.630001068115234,159278,0.0,0.0
2023-10-19 12:30:00-04:00,35.63999938964844,35.779998779296875,35.45000076293945,35.65999984741211,266439,0.0,0.0
2023-10-19 13:30:00-04:00,35.709999084472656,35.7400016784668,35.47999954223633,35.48500061035156,215929,0.0,0.0
2023-10-19 14:30:00-04:00,35.47999954223633,35.47999954223633,35.2400016784668,35.2599983215332,226814,0.0,0.0
2023-10-19 15:30:00-04:00,35.26499938964844,35.38999938964844,35.20000076293945,35.36000061035156,431418,0.0,0.0
2023-10-20 09:30:00-04:00,35.459999084472656,35.619998931884766,35.33000183105469,35.45000076293945,106214,0.0,0.0
2023-10-20 10:30:00-04:00,35.44269943237305,35.63999938964844,35.34000015258789,35.380001068115234,132513,0.0,0.0
2023-10-20 11:30:00-04:00,35.369998931884766,35.529998779296875,35.345001220703125,35.470001220703125,129550,0.0,0.0
2023-10-20 12:30:00-04:00,35.47999954223633,35.54999923706055,35.380001068115234,35.47999954223633,127485,0.0,0.0
2023-10-20 13:30:00-04:00,35.5,35.584999084472656,35.439998626708984,35.5,115836,0.0,0.0
2023-10-20 14:30:00-04:00,35.4900016784668,35.564998626708984,35.380001068115234,35.435001373291016,129892,0.0,0.0
2023-10-20 15:30:00-04:00,35.435001373291016,35.459999084472656,35.255001068115234,35.279998779296875,330503,0.0,0.0
2023-10-23 09:30:00-04:00,35.02000045776367,35.31999969482422,34.810001373291016,35.040000915527344,198935,0.0,0.0
2023-10-23 10:30:00-04:00,35.02000045776367,35.154998779296875,34.959999084472656,35.130001068115234,150192,0.0,0.0
2023-10-23 11:30:00-04:00,35.130001068115234,35.18000030517578,34.85499954223633,34.98500061035156,138011,0.0,0.0
2023-10-23 12:30:00-04:00,34.97999954223633,35.220001220703125,34.970001220703125,35.060001373291016,136689,0.0,0.0
2023-10-23 13:30:00-04:00,35.060001373291016,35.21659851074219,35.005001068115234,35.040000915527344,144365,0.0,0.0
2023-10-23 14:30:00-04:00,35.04499816894531,35.15999984741211,34.875,34.880001068115234,191170,0.0,0.0
2023-10-23 15:30:00-04:00,34.880001068115234,34.904998779296875,34.779998779296875,34.79999923706055,277944,0.0,0.0
2023-10-24 09:30:00-04:00,34.95000076293945,35.22600173950195,34.95000076293945,35.20000076293945,195262,0.0,0.0
2023-10-24 10:30:00-04:00,35.189998626708984,35.2400016784668,34.97999954223633,35.16859817504883,187382,0.0,0.0
2023-10-24 11:30:00-04:00,35.16999816894531,35.2400016784668,35.040000915527344,35.060001373291016,93168,0.0,0.0
2023-10-24 12:30:00-04:00,35.04999923706055,35.22999954223633,35.040000915527344,35.220001220703125,204261,0.0,0.0
2023-10-24 13:30:00-04:00,35.209999084472656,35.310001373291016,35.189998626708984,35.29499816894531,200257,0.0,0.0
2023-10-24 14:30:00-04:00,35.29999923706055,35.48500061035156,35.29999923706055,35.46500015258789,193516,0.0,0.0
2023-10-24 15:30:00-04:00,35.470001220703125,35.560001373291016,35.439998626708984,35.54999923706055,582088,0.0,0.0
2023-10-25 09:30:00-04:00,35.349998474121094,35.560001373291016,35.2400016784668,35.369998931884766,142613,0.0,0.0
2023-10-25 10:30:00-04:00,35.369998931884766,35.560001373291016,35.36000061035156,35.52000045776367,164874,0.0,0.0
2023-10-25 11:30:00-04:00,35.52000045776367,35.52000045776367,35.36000061035156,35.39500045776367,109443,0.0,0.0
2023-10-25 12:30:00-04:00,35.400001525878906,35.45500183105469,35.345001220703125,35.380001068115234,157809,0.0,0.0
2023-10-25 13:30:00-04:00,35.3650016784668,35.470001220703125,35.34000015258789,35.369998931884766,190673,0.0,0.0
2023-10-25 14:30:00-04:00,35.36220169067383,35.40999984741211,35.27000045776367,35.290000915527344,310055,0.0,0.0
2023-10-25 15:30:00-04:00,35.279998779296875,35.349998474121094,35.16999816894531,35.18000030517578,267723,0.0,0.0
2023-10-26 09:30:00-04:00,35.310001373291016,35.900001525878906,35.310001373291016,35.849998474121094,175047,0.0,0.0
2023-10-26 10:30:00-04:00,35.849998474121094,35.91999816894531,35.69499969482422,35.779998779296875,144694,0.0,0.0
2023-10-26 11:30:00-04:00,35.77000045776367,35.84000015258789,35.58000183105469,35.6349983215332,111093,0.0,0.0
2023-10-26 12:30:00-04:00,35.63999938964844,35.720001220703125,35.558998107910156,35.58000183105469,119456,0.0,0.0
2023-10-26 13:30:00-04:00,35.58000183105469,35.779998779296875,35.540000915527344,35.709999084472656,136095,0.0,0.0
2023-10-26 14:30:00-04:00,35.70000076293945,35.85499954223633,35.650001525878906,35.72999954223633,252963,0.0,0.0
2023-10-26 15:30:00-04:00,35.72999954223633,35.76499938964844,35.6349983215332,35.67499923706055,259269,0.0,0.0
2023-10-27 09:30:00-04:00,35.83000183105469,35.83000183105469,35.29999923706055,35.31999969482422,120313,0.0,0.0
2023-10-27 10:30:00-04:00,35.33000183105469,35.46500015258789,35.25,35.38880157470703,87210,0.0,0.0
2023-10-27 11:30:00-04:00,35.380001068115234,35.5099983215332,35.279998779296875,35.290000915527344,153159,0.0,0.0
2023-10-27 12:30:00-04:00,35.290000915527344,35.38999938964844,35.095001220703125,35.119998931884766,130700,0.0,0.0
2023-10-27 13:30:00-04:00,35.11000061035156,35.15999984741211,35.0099983215332,35.03499984741211,151692,0.0,0.0
2023-10-27 14:30:00-04:00,35.040000915527344,35.119998931884766,34.95000076293945,35.09000015258789,175828,0.0,0.0
2023-10-27 15:30:00-04:00,35.09000015258789,35.20000076293945,35.04499816894531,35.20000076293945,296328,0.0,0.0
2023-10-30 09:30:00-04:00,34.75,35.33000183105469,34.720001220703125,35.20500183105469,701638,0.0,0.0
2023-10-30 10:30:00-04:00,35.20000076293945,35.20500183105469,34.61000061035156,34.849998474121094,519375,0.0,0.0
2023-10-30 11:30:00-04:00,34.845001220703125,35.07500076293945,34.779998779296875,35.03889846801758,288423,0.0,0.0
2023-10-30 12:30:00-04:00,35.029998779296875,35.22999954223633,34.939998626708984,35.21500015258789,278874,0.0,0.0
2023-10-30 13:30:00-04:00,35.21500015258789,35.314998626708984,35.154998779296875,35.2400016784668,244459,0.0,0.0
2023-10-30 14:30:00-04:00,35.2400016784668,35.33000183105469,35.18000030517578,35.275001525878906,271442,0.0,0.0
2023-10-30 15:30:00-04:00,35.27000045776367,35.40999984741211,35.2599983215332,35.400001525878906,622946,0.0,0.0
2023-10-31 09:30:00-04:00,35.65999984741211,35.86000061035156,35.470001220703125,35.7400016784668,389145,0.0,0.0
2023-10-31 10:30:00-04:00,35.72999954223633,36.27000045776367,35.72999954223633,36.220001220703125,286873,0.0,0.0
2023-10-31 11:30:00-04:00,36.22999954223633,36.36000061035156,36.15999984741211,36.290000915527344,330880,0.0,0.0
2023-10-31 12:30:00-04:00,36.28499984741211,36.39500045776367,36.2400016784668,36.314998626708984,357209,0.0,0.0
2023-10-31 13:30:00-04:00,36.31999969482422,36.3650016784668,36.22999954223633,36.279998779296875,221977,0.0,0.0
2023-10-31 14:30:00-04:00,36.28089904785156,36.42499923706055,36.27000045776367,36.38999938964844,300749,0.0,0.0
2023-10-31 15:30:00-04:00,36.39500045776367,36.435001373291016,36.314998626708984,36.33000183105469,885929,0.0,0.0
2023-11-01 09:30:00-04:00,36.29999923706055,37.869998931884766,36.29999923706055,37.72999954223633,624906,0.0,0.0
2023-11-01 10:30:00-04:00,37.7400016784668,37.77000045776367,37.310001373291016,37.5900993347168,407147,0.0,0.0
2023-11-01 11:30:00-04:00,37.60499954223633,37.744998931884766,37.57500076293945,37.69499969482422,246402,0.0,0.0
2023-11-01 12:30:00-04:00,37.70000076293945,37.790000915527344,37.459999084472656,37.48500061035156,243746,0.0,0.0
2023-11-01 13:30:00-04:00,37.47999954223633,37.654998779296875,37.45000076293945,37.62200164794922,196317,0.0,0.0
2023-11-01 14:30:00-04:00,37.630001068115234,37.93000030517578,37.470001220703125,37.83539962768555,432842,0.0,0.0
2023-11-01 15:30:00-04:00,37.83000183105469,38.0,37.81999969482422,37.959999084472656,414647,0.0,0.0
2023-11-02 09:30:00-04:00,38.2400016784668,38.810001373291016,38.2400016784668,38.7599983215332,322657,0.0,0.0
2023-11-02 10:30:00-04:00,38.76499938964844,38.8650016784668,38.59000015258789,38.65999984741211,187516,0.0,0.0
2023-11-02 11:30:00-04:00,38.654998779296875,38.70500183105469,38.474998474121094,38.5099983215332,126613,0.0,0.0
2023-11-02 12:30:00-04:00,38.5099983215332,38.78499984741211,38.505001068115234,38.714698791503906,133372,0.0,0.0
2023-11-02 13:30:00-04:00,38.724998474121094,38.93000030517578,38.689998626708984,38.8650016784668,190984,0.0,0.0
2023-11-02 14:30:00-04:00,38.8650016784668,38.935001373291016,38.810001373291016,38.81999969482422,201011,0.0,0.0
2023-11-02 15:30:00-04:00,38.82500076293945,38.907901763916016,38.7400016784668,38.849998474121094,378365,0.0,0.0
2023-11-03 09:30:00-04:00,39.5099983215332,39.71500015258789,39.380001068115234,39.529998779296875,225864,0.0,0.0
2023-11-03 10:30:00-04:00,39.5,39.59000015258789,39.39500045776367,39.52000045776367,166491,0.0,0.0
2023-11-03 11:30:00-04:00,39.529998779296875,39.689998626708984,39.5099983215332,39.65999984741211,139643,0.0,0.0
2023-11-03 12:30:00-04:00,39.65999984741211,39.709999084472656,39.32500076293945,39.380001068115234,177507,0.0,0.0
2023-11-03 13:30:00-04:00,39.380001068115234,39.45000076293945,39.275001525878906,39.310001373291016,222424,0.0,0.0
2023-11-03 14:30:00-04:00,39.314998626708984,39.3849983215332,39.17499923706055,39.185001373291016,273601,0.0,0.0
2023-11-03 15:30:00-04:00,39.185001373291016,39.25,39.09000015258789,39.150001525878906,430427,0.0,0.0
2023-11-06 09:30:00-05:00,39.0,39.13999938964844,38.78499984741211,38.834999084472656,263802,0.0,0.0
2023-11-06 10:30:00-05:00,38.84000015258789,39.04999923706055,38.810001373291016,38.834999084472656,178849,0.0,0.0
2023-11-06 11:30:00-05:00,38.83000183105469,38.834999084472656,38.650001525878906,38.650001525878906,184011,0.0,0.0
2023-11-06 12:30:00-05:00,38.654998779296875,38.7599983215332,38.61000061035156,38.68000030517578,182384,0.0,0.0
2023-11-06 13:30:00-05:00,38.66999816894531,38.689998626708984,38.470001220703125,38.685001373291016,239807,0.0,0.0
2023-11-06 14:30:00-05:00,38.685001373291016,38.810001373291016,38.650001525878906,38.69499969482422,177406,0.0,0.0
2023-11-06 15:30:00-05:00,38.70000076293945,38.7599983215332,38.56999969482422,38.7400016784668,367543,0.0,0.0
2023-11-07 09:30:00-05:00,38.810001373291016,38.959999084472656,38.29999923706055,38.459999084472656,205445,0.0,0.0
2023-11-07 10:30:00-05:00,38.439998626708984,38.470001220703125,38.314998626708984,38.314998626708984,140424,0.0,0.0
2023-11-07 11:30:00-05:00,38.310001373291016,38.459999084472656,38.310001373291016,38.36000061035156,92203,0.0,0.0
2023-11-07 12:30:00-05:00,38.35499954223633,38.43000030517578,38.255001068115234,38.29999923706055,104029,0.0,0.0
2023-11-07 13:30:00-05:00,38.310001373291016,38.44499969482422,38.29999923706055,38.375,90348,0.0,0.0
2023-11-07 14:30:00-05:00,38.3650016784668,38.46500015258789,38.345001220703125,38.435001373291016,105840,0.0,0.0
2023-11-07 15:30:00-05:00,38.439998626708984,38.470001220703125,38.349998474121094,38.40999984741211,249114,0.0,0.0
2023-11-08 09:30:00-05:00,38.369998931884766,38.59769821166992,38.310001373291016,38.557098388671875,159406,0.0,0.0
2023-11-08 10:30:00-05:00,38.55500030517578,38.66999816894531,38.4900016784668,38.56999969482422,77941,0.0,0.0
2023-11-08 11:30:00-05:00,38.54999923706055,38.75,38.53499984741211,38.689998626708984,170860,0.0,0.0
2023-11-08 12:30:00-05:00,38.68000030517578,38.779998779296875,38.63999938964844,38.775001525878906,143694,0.0,0.0
2023-11-08 13:30:00-05:00,38.779998779296875,38.8849983215332,38.75,38.869998931884766,298322,0.0,0.0
2023-11-08 14:30:00-05:00,38.869998931884766,38.908599853515625,38.7599983215332,38.84000015258789,305510,0.0,0.0
2023-11-08 15:30:00-05:00,38.834999084472656,39.029998779296875,38.81999969482422,38.994998931884766,382699,0.0,0.0
2023-11-09 09:30:00-05:00,39.0099983215332,39.11000061035156,38.56999969482422,38.720001220703125,240452,0.0,0.0
2023-11-09 10:30:00-05:00,38.724998474121094,38.790000915527344,38.564998626708984,38.564998626708984,175481,0.0,0.0
2023-11-09 11:30:00-05:00,38.560001373291016,38.689998626708984,38.439998626708984,38.599998474121094,136428,0.0,0.0
2023-11-09 12:30:00-05:00,38.599998474121094,38.65999984741211,38.3026008605957,38.34000015258789,147313,0.0,0.0
2023-11-09 13:30:00-05:00,38.33000183105469,38.369998931884766,38.10499954223633,38.154998779296875,164252,0.0,0.0
2023-11-09 14:30:00-05:00,38.154998779296875,38.185001373291016,38.03499984741211,38.06999969482422,139943,0.0,0.0
2023-11-09 15:30:00-05:00,38.06999969482422,38.2400016784668,38.06999969482422,38.2400016784668,274231,0.0,0.0
2023-11-10 09:30:00-05:00,38.38999938964844,38.41999816894531,38.095001220703125,38.27000045776367,83548,0.0,0.0
2023-11-10 10:30:00-05:00,38.2599983215332,38.41999816894531,38.2400016784668,38.33000183105469,83942,0.0,0.0
2023-11-10 11:30:00-05:00,38.326499938964844,38.326499938964844,38.154998779296875,38.209999084472656,62262,0.0,0.0
2023-11-10 12:30:00-05:00,38.20000076293945,38.22999954223633,38.07500076293945,38.18000030517578,80282,0.0,0.0
2023-11-10 13:30:00-05:00,38.18000030517578,38.209999084472656,38.099998474121094,38.15999984741211,91947,0.0,0.0
2023-11-10 14:30:00-05:00,38.15999984741211,38.22999954223633,38.14500045776367,38.21500015258789,98167,0.0,0.0
2023-11-10 15:30:00-05:00,38.22999954223633,38.2599983215332,38.165000915527344,38.189998626708984,194082,0.0,0.0
2023-11-13 09:30:00-05:00,38.0,38.189998626708984,37.81999969482422,37.875,88621,0.0,0.0
2023-11-13 10:30:00-05:00,37.875,38.0099983215332,37.779998779296875,38.0099983215332,118328,0.0,0.0
2023-11-13 11:30:00-05:00,38.009700775146484,38.099998474121094,37.95000076293945,37.95000076293945,80616,0.0,0.0
2023-11-13 12:30:00-05:00,37.95500183105469,37.970001220703125,37.877498626708984,37.91999816894531,57808,0.0,0.0
2023-11-13 13:30:00-05:00,37.91999816894531,37.95000076293945,37.77000045776367,37.814998626708984,86776,0.0,0.0
2023-11-13 14:30:00-05:00,37.814998626708984,37.81999969482422,37.689998626708984,37.779998779296875,166146,0.0,0.0
2023-11-13 15:30:00-05:00,37.77000045776367,37.82500076293945,37.7400016784668,37.75,257418,0.0,0.0
2023-11-14 09:30:00-05:00,38.70000076293945,39.29999923706055,38.6150016784668,39.290000915527344,156000,0.0,0.0
2023-11-14 10:30:00-05:00,39.279998779296875,39.75,39.25,39.66999816894531,150707,0.0,0.0
2023-11-14 11:30:00-05:00,39.66999816894531,39.68000030517578,39.23500061035156,39.310001373291016,152739,0.0,0.0
2023-11-14 12:30:00-05:00,39.29999923706055,39.33000183105469,39.04999923706055,39.11000061035156,93119,0.0,0.0
2023-11-14 13:30:00-05:00,39.11000061035156,39.16999816894531,38.97999954223633,39.03499984741211,108000,0.0,0.0
2023-11-14 14:30:00-05:00,39.03499984741211,39.150001525878906,38.9900016784668,39.099998474121094,178143,0.0,0.0
2023-11-14 15:30:00-05:00,39.099998474121094,39.14500045776367,38.92499923706055,38.970001220703125,285333,0.0,0.0
2023-11-15 09:30:00-05:00,38.900001525878906,39.279998779296875,38.900001525878906,39.150001525878906,207190,0.0,0.0
2023-11-15 10:30:00-05:00,39.15999984741211,39.16999816894531,38.970001220703125,39.05500030517578,160211,0.0,0.0
2023-11-15 11:30:00-05:00,39.04499816894531,39.08000183105469,38.95500183105469,39.025001525878906,99508,0.0,0.0
2023-11-15 12:30:00-05:00,39.029998779296875,39.07500076293945,38.970001220703125,39.02000045776367,96283,0.0,0.0
2023-11-15 13:30:00-05:00,39.0099983215332,39.04999923706055,38.959999084472656,39.02000045776367,108264,0.0,0.0
2023-11-15 14:30:00-05:00,39.029998779296875,39.04869842529297,38.90999984741211,38.994998931884766,107285,0.0,0.0
2023-11-15 15:30:00-05:00,39.0,39.029998779296875,38.95000076293945,39.0,186161,0.0,0.0
2023-11-16 09:30:00-05:00,39.220001220703125,39.369998931884766,38.970001220703125,39.31999969482422,158854,0.0,0.0
2023-11-16 10:30:00-05:00,39.33000183105469,39.36000061035156,38.970001220703125,39.15999984741211,157461,0.0,0.0
2023-11-16 11:30:00-05:00,39.16999816894531,39.17499923706055,39.07500076293945,39.099998474121094,111866,0.0,0.0
2023-11-16 12:30:00-05:00,39.095001220703125,39.209999084472656,39.08000183105469,39.18000030517578,59355,0.0,0.0
2023-11-16 13:30:00-05:00,39.15999984741211,39.189998626708984,39.040000915527344,39.08000183105469,79151,0.0,0.0
2023-11-16 14:30:00-05:00,39.08000183105469,39.16999816894531,39.07500076293945,39.1349983215332,156443,0.0,0.0
2023-11-16 15:30:00-05:00,39.130001068115234,39.185001373291016,39.02000045776367,39.02000045776367,251520,0.0,0.0
2023-11-17 09:30:00-05:00,39.33000183105469,39.334999084472656,38.83000183105469,39.04499816894531,106784,0.0,0.0
2023-11-17 10:30:00-05:00,39.04999923706055,39.04999923706055,38.779998779296875,38.79499816894531,90160,0.0,0.0
2023-11-17 11:30:00-05:00,38.790000915527344,38.90999984741211,38.75,38.79999923706055,74288,0.0,0.0
2023-11-17 12:30:00-05:00,38.790000915527344,38.88999938964844,38.775001525878906,38.814998626708984,65791,0.0,0.0
2023-11-17 13:30:00-05:00,38.814998626708984,38.86000061035156,38.70140075683594,38.720001220703125,73427,0.0,0.0
2023-11-17 14:30:00-05:00,38.72999954223633,38.82500076293945,38.71500015258789,38.790000915527344,109171,0.0,0.0
2023-11-17 15:30:00-05:00,38.79999923706055,38.869998931884766,38.779998779296875,38.869998931884766,241537,0.0,0.0
2023-11-20 09:30:00-05:00,38.75,38.75,38.4900016784668,38.61000061035156,102827,0.0,0.0
2023-11-20 10:30:00-05:00,38.599998474121094,38.79880142211914,38.584999084472656,38.79880142211914,87532,0.0,0.0
2023-11-20 11:30:00-05:00,38.79999923706055,38.811500549316406,38.720001220703125,38.72999954223633,93000,0.0,0.0
2023-11-20 12:30:00-05:00,38.7400016784668,38.93000030517578,38.70000076293945,38.79499816894531,271345,0.0,0.0
2023-11-20 13:30:00-05:00,38.79499816894531,38.904998779296875,38.790000915527344,38.8849983215332,116112,0.0,0.0
2023-11-20 14:30:00-05:00,38.8849983215332,39.029998779296875,38.880001068115234,39.02000045776367,182851,0.0,0.0
2023-11-20 15:30:00-05:00,39.01499938964844,39.025001525878906,38.93000030517578,38.9900016784668,306558,0.0,0.0
2023-11-21 09:30:00-05:00,38.79999923706055,39.040000915527344,38.72999954223633,39.040000915527344,199833,0.0,0.0
2023-11-21 10:30:00-05:00,39.0099983215332,39.087501525878906,38.94499969482422,39.060001373291016,81891,0.0,0.0
2023-11-21 11:30:00-05:00,39.04999923706055,39.060001373291016,38.8650016784668,38.97999954223633,191896,0.0,0.0
2023-11-21 12:30:00-05:00,38.97999954223633,39.099998474121094,38.970001220703125,39.099998474121094,83716,0.0,0.0
2023-11-21 13:30:00-05:00,39.1150016784668,39.18000030517578,38.95000076293945,39.02000045776367,114672,0.0,0.0
2023-11-21 14:30:00-05:00,39.029998779296875,39.20000076293945,38.97999954223633,39.18000030517578,236978,0.0,0.0
2023-11-21 15:30:00-05:00,39.18000030517578,39.220001220703125,39.095001220703125,39.16999816894531,586396,0.0,0.0
2023-11-22 09:30:00-05:00,39.54999923706055,39.66999816894531,39.40999984741211,39.529998779296875,214614,0.0,0.0
2023-11-22 10:30:00-05:00,39.529998779296875,39.560001373291016,39.34000015258789,39.375,119893,0.0,0.0
2023-11-22 11:30:00-05:00,39.375,39.529998779296875,39.369998931884766,39.4474983215332,110461,0.0,0.0
2023-11-22 12:30:00-05:00,39.44499969482422,39.5,39.40520095825195,39.44499969482422,121752,0.0,0.0
2023-11-22 13:30:00-05:00,39.44499969482422,39.57500076293945,39.42499923706055,39.56999969482422,136259,0.0,0.0
2023-11-22 14:30:00-05:00,39.57500076293945,39.619998931884766,39.459999084472656,39.619998931884766,174461,0.0,0.0
2023-11-22 15:30:00-05:00,39.619998931884766,39.619998931884766,39.47999954223633,39.47999954223633,279185,0.0,0.0
2023-11-24 09:30:00-05:00,39.36000061035156,39.59000015258789,39.20000076293945,39.59000015258789,70846,0.0,0.0
2023-11-24 10:30:00-05:00,39.58000183105469,39.7400016784668,39.560001373291016,39.685001373291016,81309,0.0,0.0
2023-11-24 11:30:00-05:00,39.689998626708984,39.720001220703125,39.6349983215332,39.65999984741211,68626,0.0,0.0
2023-11-27 09:30:00-05:00,39.59000015258789,39.790000915527344,39.4900016784668,39.779998779296875,125071,0.0,0.0
2023-11-27 10:30:00-05:00,39.779998779296875,39.8849983215332,39.685001373291016,39.880001068115234,99309,0.0,0.0
2023-11-27 11:30:00-05:00,39.869998931884766,39.88999938964844,39.775001525878906,39.85499954223633,117484,0.0,0.0
2023-11-27 12:30:00-05:00,39.85499954223633,39.994998931884766,39.7599983215332,39.9900016784668,151874,0.0,0.0
2023-11-27 13:30:00-05:00,39.99129867553711,40.15999984741211,39.959999084472656,40.130001068115234,104308,0.0,0.0
2023-11-27 14:30:00-05:00,40.130001068115234,40.1349983215332,39.970001220703125,40.01499938964844,170758,0.0,0.0
2023-11-27 15:30:00-05:00,40.02000045776367,40.07500076293945,39.97999954223633,40.0,421976,0.0,0.0
2023-11-28 09:30:00-05:00,39.81999969482422,40.150001525878906,39.689998626708984,40.119998931884766,219093,0.0,0.0
2023-11-28 10:30:00-05:00,40.1150016784668,40.2599983215332,40.06999969482422,40.19499969482422,164935,0.0,0.0
2023-11-28 11:30:00-05:00,40.209999084472656,40.22999954223633,40.099998474121094,40.20000076293945,111377,0.0,0.0
2023-11-28 12:30:00-05:00,40.20000076293945,40.2599983215332,40.150001525878906,40.2599983215332,185401,0.0,0.0
2023-11-28 13:30:00-05:00,40.27000045776367,40.279998779296875,40.18000030517578,40.20500183105469,204126,0.0,0.0
2023-11-28 14:30:00-05:00,40.20000076293945,40.334999084472656,40.165000915527344,40.32500076293945,326141,0.0,0.0
2023-11-28 15:30:00-05:00,40.32500076293945,40.34000015258789,40.220001220703125,40.220001220703125,590944,0.0,0.0
2023-11-29 09:30:00-05:00,40.34000015258789,40.59000015258789,40.25,40.25,258942,0.0,0.0
2023-11-29 10:30:00-05:00,40.23500061035156,40.29999923706055,40.15999984741211,40.2400016784668,305441,0.0,0.0
2023-11-29 11:30:00-05:00,40.2400016784668,40.32500076293945,40.18000030517578,40.2400016784668,146845,0.0,0.0
2023-11-29 12:30:00-05:00,40.2400016784668,40.470001220703125,40.2400016784668,40.45500183105469,330592,0.0,0.0
2023-11-29 13:30:00-05:00,40.45500183105469,40.459999084472656,40.20000076293945,40.224998474121094,310769,0.0,0.0
2023-11-29 14:30:00-05:00,40.22090148925781,40.2400016784668,40.130001068115234,40.150001525878906,186704,0.0,0.0
2023-11-29 15:30:00-05:00,40.150001525878906,40.15999984741211,39.959999084472656,40.02000045776367,306912,0.0,0.0
2023-11-30 09:30:00-05:00,40.0,40.150001525878906,39.84000015258789,40.11000061035156,114533,0.0,0.0
2023-11-30 10:30:00-05:00,40.119998931884766,40.34000015258789,40.11000061035156,40.26499938964844,97654,0.0,0.0
2023-11-30 11:30:00-05:00,40.2599983215332,40.334999084472656,40.15999984741211,40.18000030517578,181695,0.0,0.0
2023-11-30 12:30:00-05:00,40.185001373291016,40.43000030517578,40.150001525878906,40.3650016784668,267251,0.0,0.0
2023-11-30 13:30:00-05:00,40.375,40.474998474121094,40.369998931884766,40.435001373291016,92141,0.0,0.0
2023-11-30 14:30:00-05:00,40.435001373291016,40.540000915527344,40.415000915527344,40.505001068115234,222977,0.0,0.0
2023-11-30 15:30:00-05:00,40.5099983215332,40.67499923706055,40.4900016784668,40.619998931884766,419328,0.0,0.0
2023-12-01 09:30:00-05:00,40.5099983215332,40.90999984741211,40.41999816894531,40.900001525878906,96988,0.0,0.0
2023-12-01 10:30:00-05:00,40.88999938964844,41.060001373291016,40.81999969482422,41.03499984741211,161711,0.0,0.0
2023-12-01 11:30:00-05:00,41.040000915527344,41.165000915527344,41.0,41.09000015258789,102381,0.0,0.0
2023-12-01 12:30:00-05:00,41.08000183105469,41.20500183105469,41.060001373291016,41.07500076293945,97001,0.0,0.0
2023-12-01 13:30:00-05:00,41.06999969482422,41.20500183105469,41.040000915527344,41.13999938964844,137393,0.0,0.0
2023-12-01 14:30:00-05:00,41.13999938964844,41.15999984741211,41.0099983215332,41.095001220703125,136325,0.0,0.0
2023-12-01 15:30:00-05:00,41.095001220703125,41.36000061035156,41.095001220703125,41.36000061035156,226522,0.0,0.0
2023-12-04 09:30:00-05:00,41.25,41.630001068115234,41.25,41.619998931884766,183151,0.0,0.0
2023-12-04 10:30:00-05:00,41.650001525878906,41.86000061035156,41.650001525878906,41.7599983215332,151373,0.0,0.0
2023-12-04 11:30:00-05:00,41.7599983215332,41.91999816894531,41.72999954223633,41.9031982421875,128739,0.0,0.0
2023-12-04 12:30:00-05:00,41.93000030517578,42.09000015258789,41.89500045776367,42.060001373291016,122633,0.0,0.0
2023-12-04 13:30:00-05:00,42.04999923706055,42.099998474121094,41.97999954223633,42.040000915527344,80138,0.0,0.0
2023-12-04 14:30:00-05:00,42.05500030517578,42.150001525878906,41.994998931884766,42.099998474121094,120558,0.0,0.0
2023-12-04 15:30:00-05:00,42.099998474121094,42.25,42.064998626708984,42.16999816894531,192040,0.0,0.0
2023-12-05 09:30:00-05:00,42.06999969482422,42.099998474121094,41.79600143432617,41.93000030517578,173165,0.0,0.0
2023-12-05 10:30:00-05:00,41.95000076293945,41.95000076293945,41.75,41.790000915527344,128898,0.0,0.0
2023-12-05 11:30:00-05:00,41.78499984741211,41.79999923706055,41.630001068115234,41.68000030517578,104657,0.0,0.0
2023-12-05 12:30:00-05:00,41.665000915527344,41.70000076293945,41.625,41.625,114887,0.0,0.0
2023-12-05 13:30:00-05:00,41.625,41.689998626708984,41.4900016784668,41.650001525878906,123367,0.0,0.0
2023-12-05 14:30:00-05:00,41.650001525878906,41.775001525878906,41.650001525878906,41.73500061035156,168555,0.0,0.0
2023-12-05 15:30:00-05:00,41.72999954223633,41.78499984741211,41.66999816894531,41.66999816894531,410757,0.0,0.0
2023-12-06 09:30:00-05:00,41.790000915527344,42.05500030517578,41.77000045776367,41.810001373291016,291304,0.0,0.0
2023-12-06 10:30:00-05:00,41.80500030517578,41.869998931884766,41.46500015258789,41.63999938964844,296343,0.0,0.0
2023-12-06 11:30:00-05:00,41.630001068115234,41.650001525878906,41.470001220703125,41.5,167997,0.0,0.0
2023-12-06 12:30:00-05:00,41.499000549316406,41.54999923706055,41.36989974975586,41.470001220703125,110448,0.0,0.0
2023-12-06 13:30:00-05:00,41.470001220703125,41.481998443603516,41.33810043334961,41.35499954223633,60535,0.0,0.0
2023-12-06 14:30:00-05:00,41.35499954223633,41.475799560546875,41.275001525878906,41.28499984741211,129180,0.0,0.0
2023-12-06 15:30:00-05:00,41.28499984741211,41.349998474121094,41.20000076293945,41.28499984741211,299539,0.0,0.0
2023-12-07 09:30:00-05:00,41.209999084472656,41.46500015258789,41.08000183105469,41.369998931884766,73476,0.0,0.0
2023-12-07 10:30:00-05:00,41.380001068115234,41.42649841308594,41.220001220703125,41.29499816894531,79750,0.0,0.0
2023-12-07 11:30:00-05:00,41.290000915527344,41.349998474121094,41.255001068115234,41.31999969482422,97145,0.0,0.0
2023-12-07 12:30:00-05:00,41.33000183105469,41.38690185546875,41.25,41.255001068115234,76347,0.0,0.0
2023-12-07 13:30:00-05:00,41.25,41.375,41.2400016784668,41.36000061035156,87334,0.0,0.0
2023-12-07 14:30:00-05:00,41.3650016784668,41.4557991027832,41.31999969482422,41.415000915527344,140335,0.0,0.0
2023-12-07 15:30:00-05:00,41.41999816894531,41.42499923706055,41.279998779296875,41.290000915527344,331026,0.0,0.0
2023-12-08 09:30:00-05:00,41.18000030517578,41.29499816894531,40.972900390625,40.97999954223633,154819,0.0,0.0
2023-12-08 10:30:00-05:00,40.97999954223633,41.02000045776367,40.59000015258789,40.619998931884766,147646,0.0,0.0
2023-12-08 11:30:00-05:00,40.6150016784668,40.650001525878906,40.525001525878906,40.599998474121094,127482,0.0,0.0
2023-12-08 12:30:00-05:00,40.6150016784668,40.71500015258789,40.61009979248047,40.70000076293945,161138,0.0,0.0
2023-12-08 13:30:00-05:00,40.70000076293945,40.82500076293945,40.66999816894531,40.79499816894531,89495,0.0,0.0
2023-12-08 14:30:00-05:00,40.790000915527344,40.814998626708984,40.68000030517578,40.79499816894531,186573,0.0,0.0
2023-12-08 15:30:00-05:00,40.79499816894531,40.834999084472656,40.7400016784668,40.7400016784668,324229,0.0,0.0
2023-12-11 09:30:00-05:00,40.63999938964844,40.81999969482422,40.52000045776367,40.52000045776367,235245,0.0,0.0
2023-12-11 10:30:00-05:00,40.51499938964844,40.540000915527344,40.29499816894531,40.380001068115234,253945,0.0,0.0
2023-12-11 11:30:00-05:00,40.3849983215332,40.599998474121094,40.35499954223633,40.599998474121094,367334,0.0,0.0
2023-12-11 12:30:00-05:00,40.595001220703125,40.69499969482422,40.560001373291016,40.69499969482422,82541,0.0,0.0
2023-12-11 13:30:00-05:00,40.689998626708984,40.81999969482422,40.66999816894531,40.73500061035156,224167,0.0,0.0
2023-12-11 14:30:00-05:00,40.7400016784668,40.849998474121094,40.68000030517578,40.71500015258789,280084,0.0,0.0
2023-12-11 15:30:00-05:00,40.71500015258789,40.720001220703125,40.52000045776367,40.529998779296875,347798,0.0,0.0
2023-12-12 09:30:00-05:00,40.540000915527344,40.540000915527344,40.26499938964844,40.404998779296875,143660,0.0,0.0
2023-12-12 10:30:00-05:00,40.40999984741211,40.52000045776367,40.400001525878906,40.48500061035156,221499,0.0,0.0
2023-12-12 11:30:00-05:00,40.48500061035156,40.48500061035156,40.38999938964844,40.45000076293945,173416,0.0,0.0
2023-12-12 12:30:00-05:00,40.44499969482422,40.56999969482422,40.439998626708984,40.540000915527344,161989,0.0,0.0
2023-12-12 13:30:00-05:00,40.540000915527344,40.630001068115234,40.474998474121094,40.50199890136719,196038,0.0,0.0
2023-12-12 14:30:00-05:00,40.5,40.709999084472656,40.5,40.59000015258789,325400,0.0,0.0
2023-12-12 15:30:00-05:00,40.595001220703125,40.595001220703125,40.439998626708984,40.45000076293945,315088,0.0,0.0
2023-12-13 09:30:00-05:00,40.45000076293945,40.70000076293945,40.29999923706055,40.68000030517578,166021,0.0,0.0
2023-12-13 10:30:00-05:00,40.68000030517578,40.875,40.6349983215332,40.85499954223633,193084,0.0,0.0
2023-12-13 11:30:00-05:00,40.86000061035156,40.8849983215332,40.79499816894531,40.810001373291016,117905,0.0,0.0
2023-12-13 12:30:00-05:00,40.81999969482422,40.81999969482422,40.63999938964844,40.65999984741211,154714,0.0,0.0
2023-12-13 13:30:00-05:00,40.665000915527344,41.20000076293945,40.630001068115234,41.20000076293945,325891,0.0,0.0
2023-12-13 14:30:00-05:00,41.209999084472656,41.834999084472656,41.185001373291016,41.689998626708984,345665,0.0,0.0
2023-12-13 15:30:00-05:00,41.69499969482422,41.79999923706055,41.5,41.61000061035156,556106,0.0,0.0
2023-12-14 09:30:00-05:00,42.400001525878906,42.68000030517578,41.86000061035156,42.082000732421875,341175,0.0,0.0
2023-12-14 10:30:00-05:00,42.084999084472656,42.405399322509766,41.9900016784668,42.39500045776367,833208,0.0,0.0
2023-12-14 11:30:00-05:00,42.400001525878906,42.755001068115234,42.38999938964844,42.540000915527344,202611,0.0,0.0
2023-12-14 12:30:00-05:00,42.529998779296875,42.75,42.52000045776367,42.68000030517578,119759,0.0,0.0
2023-12-14 13:30:00-05:00,42.68000030517578,42.68000030517578,42.43000030517578,42.439998626708984,112890,0.0,0.0
2023-12-14 14:30:00-05:00,42.435001373291016,42.52000045776367,42.369998931884766,42.39500045776367,228011,0.0,0.0
2023-12-14 15:30:00-05:00,42.400001525878906,42.400001525878906,42.25310134887695,42.33000183105469,337991,0.0,0.0
2023-12-15 09:30:00-05:00,42.13999938964844,42.349998474121094,41.7599983215332,41.95500183105469,444994,0.0,0.0
2023-12-15 10:30:00-05:00,41.95000076293945,42.14500045776367,41.92250061035156,41.98500061035156,438031,0.0,0.0
2023-12-15 11:30:00-05:00,41.97999954223633,42.060001373291016,41.880001068115234,41.96500015258789,204755,0.0,0.0
2023-12-15 12:30:00-05:00,41.970001220703125,42.02000045776367,41.67499923706055,41.81999969482422,145391,0.0,0.0
2023-12-15 13:30:00-05:00,41.84000015258789,41.95500183105469,41.67499923706055,41.88999938964844,274463,0.0,0.0
2023-12-15 14:30:00-05:00,41.88999938964844,42.029998779296875,41.875,42.02000045776367,250297,0.0,0.0
2023-12-15 15:30:00-05:00,42.02000045776367,42.18000030517578,42.0,42.099998474121094,474573,0.0,0.0
2023-12-18 09:30:00-05:00,42.290000915527344,42.290000915527344,41.939998626708984,42.18000030517578,218760,0.0,0.0
2023-12-18 10:30:00-05:00,42.18000030517578,42.279998779296875,42.119998931884766,42.23500061035156,186176,0.0,0.0
2023-12-18 11:30:00-05:00,42.22999954223633,42.334999084472656,42.16999816894531,42.31999969482422,142162,0.0,0.0
2023-12-18 12:30:00-05:00,42.31999969482422,42.39500045776367,42.27000045776367,42.369998931884766,300171,0.0,0.0
2023-12-18 13:30:00-05:00,42.369998931884766,42.415000915527344,42.26499938964844,42.3650016784668,173553,0.0,0.0
2023-12-18 14:30:00-05:00,42.36000061035156,42.404998779296875,42.231998443603516,42.39500045776367,404932,0.0,0.0
2023-12-18 15:30:00-05:00,42.38999938964844,42.42499923706055,42.28499984741211,42.29999923706055,601900,0.0,0.0
2023-12-19 09:30:00-05:00,42.29999923706055,42.744998931884766,42.29999923706055,42.685001373291016,273585,0.0,0.0
2023-12-19 10:30:00-05:00,42.68000030517578,42.86000061035156,42.654998779296875,42.78499984741211,284500,0.0,0.0
2023-12-19 11:30:00-05:00,42.78499984741211,42.78499984741211,42.6150016784668,42.724998474121094,138436,0.0,0.0
2023-12-19 12:30:00-05:00,42.720001220703125,42.86000061035156,42.682498931884766,42.744998931884766,161569,0.0,0.0
2023-12-19 13:30:00-05:00,42.744998931884766,42.75,42.564998626708984,42.60499954223633,119862,0.0,0.0
2023-12-19 14:30:00-05:00,42.60499954223633,42.724998474121094,42.56999969482422,42.709999084472656,259687,0.0,0.0
2023-12-19 15:30:00-05:00,42.709999084472656,42.755001068115234,42.69499969482422,42.72999954223633,223834,0.0,0.0
2023-12-20 09:30:00-05:00,42.75,42.95000076293945,42.7400016784668,42.94499969482422,107948,0.0,0.0
2023-12-20 10:30:00-05:00,42.95000076293945,43.0099983215332,42.834999084472656,42.88999938964844,91058,0.0,0.0
2023-12-20 11:30:00-05:00,42.8849983215332,42.920101165771484,42.724998474121094,42.81999969482422,126186,0.0,0.0
2023-12-20 12:30:00-05:00,42.81010055541992,42.90999984741211,42.79499816894531,42.880001068115234,89937,0.0,0.0
2023-12-20 13:30:00-05:00,42.8849983215332,42.97999954223633,42.83000183105469,42.974998474121094,154671,0.0,0.0
2023-12-20 14:30:00-05:00,42.97999954223633,42.98500061035156,42.59000015258789,42.68000030517578,396646,0.0,0.0
2023-12-20 15:30:00-05:00,42.68000030517578,42.775001525878906,42.540000915527344,42.54999923706055,421728,0.0,0.0
2023-12-21 09:30:00-05:00,42.88999938964844,42.900001525878906,42.65999984741211,42.69499969482422,137462,0.0,0.0
2023-12-21 10:30:00-05:00,42.709999084472656,42.75,42.54999923706055,42.654998779296875,170003,0.0,0.0
2023-12-21 11:30:00-05:00,42.650001525878906,42.654998779296875,42.5,42.5,93497,0.0,0.0
2023-12-21 12:30:00-05:00,42.4900016784668,42.54999923706055,42.34000015258789,42.380001068115234,168603,0.0,0.0
2023-12-21 13:30:00-05:00,42.38999938964844,42.494998931884766,42.32500076293945,42.46500015258789,109059,0.0,0.0
2023-12-21 14:30:00-05:00,42.46500015258789,42.58000183105469,42.459999084472656,42.54999923706055,132129,0.0,0.0
2023-12-21 15:30:00-05:00,42.560001373291016,42.68000030517578,42.540000915527344,42.63999938964844,271251,0.0,0.0
2023-12-22 09:30:00-05:00,42.79999923706055,43.0099983215332,42.75,42.84299850463867,94159,0.0,0.0
2023-12-22 10:30:00-05:00,42.86000061035156,42.915000915527344,42.775001525878906,42.79999923706055,88425,0.0,0.0
2023-12-22 11:30:00-05:00,42.810001373291016,42.849998474121094,42.76499938964844,42.814998626708984,112827,0.0,0.0
2023-12-22 12:30:00-05:00,42.814998626708984,42.86000061035156,42.775001525878906,42.80500030517578,55306,0.0,0.0
2023-12-22 13:30:00-05:00,42.79999923706055,42.810001373291016,42.63999938964844,42.654998779296875,137534,0.0,0.0
2023-12-22 14:30:00-05:00,42.64500045776367,42.68000030517578,42.51499938964844,42.650001525878906,293210,0.0,0.0
2023-12-22 15:30:00-05:00,42.65999984741211,42.68000030517578,42.599998474121094,42.65999984741211,318962,0.0,0.0
2023-12-26 09:30:00-05:00,42.650001525878906,42.810001373291016,42.650001525878906,42.8036003112793,143047,0.0,0.0
2023-12-26 10:30:00-05:00,42.810001373291016,42.834999084472656,42.689998626708984,42.779998779296875,76774,0.0,0.0
2023-12-26 11:30:00-05:00,42.775001525878906,42.880001068115234,42.775001525878906,42.869998931884766,77002,0.0,0.0
2023-12-26 12:30:00-05:00,42.869998931884766,42.880001068115234,42.779998779296875,42.81999969482422,67145,0.0,0.0
2023-12-26 13:30:00-05:00,42.81999969482422,42.86000061035156,42.7599983215332,42.849998474121094,58927,0.0,0.0
2023-12-26 14:30:00-05:00,42.845001220703125,43.01499938964844,42.845001220703125,42.9900016784668,126411,0.0,0.0
2023-12-26 15:30:00-05:00,42.994998931884766,43.02000045776367,42.942501068115234,42.9900016784668,376771,0.0,0.0
2023-12-27 09:30:00-05:00,43.0099983215332,43.040000915527344,42.83000183105469,42.9900016784668,76200,0.0,0.0
2023-12-27 10:30:00-05:00,42.98500061035156,42.9900016784668,42.86000061035156,42.94499969482422,74948,0.0,0.0
2023-12-27 11:30:00-05:00,42.95000076293945,43.005001068115234,42.92499923706055,42.96500015258789,82784,0.0,0.0
2023-12-27 12:30:00-05:00,42.96500015258789,43.05009841918945,42.939998626708984,43.0,86467,0.0,0.0
2023-12-27 13:30:00-05:00,43.005001068115234,43.029998779296875,42.8849983215332,43.005001068115234,83144,0.0,0.0
2023-12-27 14:30:00-05:00,43.005001068115234,43.01499938964844,42.970001220703125,42.994998931884766,107696,0.0,0.0
2023-12-27 15:30:00-05:00,42.9900016784668,43.06999969482422,42.95000076293945,43.04999923706055,158361,0.0,0.0
2023-12-28 09:30:00-05:00,42.849998474121094,43.279998779296875,42.849998474121094,43.255001068115234,69032,0.0,0.0
2023-12-28 10:30:00-05:00,43.27000045776367,43.314998626708984,43.06999969482422,43.17959976196289,79135,0.0,0.0
2023-12-28 11:30:00-05:00,43.16999816894531,43.20000076293945,43.11000061035156,43.125,54987,0.0,0.0
2023-12-28 12:30:00-05:00,43.125,43.18000030517578,43.099998474121094,43.15999984741211,57365,0.0,0.0
2023-12-28 13:30:00-05:00,43.16999816894531,43.209999084472656,43.14500045776367,43.20500183105469,54360,0.0,0.0
2023-12-28 14:30:00-05:00,43.20500183105469,43.30500030517578,43.19499969482422,43.209999084472656,102244,0.0,0.0
2023-12-28 15:30:00-05:00,43.209999084472656,43.41999816894531,43.209999084472656,43.41999816894531,184394,0.0,0.0
2023-12-29 09:30:00-05:00,43.22999954223633,43.40999984741211,43.060001373291016,43.29499816894531,105772,0.0,0.0
2023-12-29 10:30:00-05:00,43.30500030517578,43.36000061035156,43.25,43.255001068115234,271729,0.0,0.0
2023-12-29 11:30:00-05:00,43.2599983215332,43.27000045776367,43.07500076293945,43.1150016784668,65910,0.0,0.0
2023-12-29 12:30:00-05:00,43.11000061035156,43.275001525878906,43.10499954223633,43.275001525878906,95335,0.0,0.0
2023-12-29 13:30:00-05:00,43.279998779296875,43.34000015258789,43.209999084472656,43.314998626708984,128592,0.0,0.0
2023-12-29 14:30:00-05:00,43.31999969482422,43.415000915527344,43.290000915527344,43.349998474121094,200381,0.0,0.0
2023-12-29 15:30:00-05:00,43.35499954223633,43.35499954223633,43.060001373291016,43.099998474121094,351042,0.0,0.0
2024-01-02 09:30:00-05:00,43.0,43.415000915527344,42.880001068115234,43.400001525878906,114608,0.0,0.0
2024-01-02 10:30:00-05:00,43.404998779296875,43.51499938964844,43.34260177612305,43.46500015258789,108492,0.0,0.0
2024-01-02 11:30:00-05:00,43.45009994506836,43.595001220703125,43.45000076293945,43.584999084472656,74021,0.0,0.0
2024-01-02 12:30:00-05:00,43.584999084472656,43.630001068115234,43.5,43.5,95215,0.0,0.0
2024-01-02 13:30:00-05:00,43.4900016784668,43.540000915527344,43.45500183105469,43.5099983215332,87640,0.0,0.0
2024-01-02 14:30:00-05:00,43.505001068115234,43.599998474121094,43.48099899291992,43.529998779296875,140855,0.0,0.0
2024-01-02 15:30:00-05:00,43.53499984741211,43.57500076293945,43.435001373291016,43.529998779296875,189155,0.0,0.0
2024-01-03 09:30:00-05:00,43.220001220703125,43.27000045776367,42.70000076293945,42.75,332471,0.0,0.0
2024-01-03 10:30:00-05:00,42.7599983215332,42.810001373291016,42.619998931884766,42.724998474121094,284416,0.0,0.0
2024-01-03 11:30:00-05:00,42.72999954223633,42.755001068115234,42.564998626708984,42.584999084472656,293706,0.0,0.0
2024-01-03 12:30:00-05:00,42.59000015258789,42.86000061035156,42.560001373291016,42.834999084472656,145777,0.0,0.0
2024-01-03 13:30:00-05:00,42.834999084472656,42.89500045776367,42.76499938964844,42.86000061035156,130126,0.0,0.0
2024-01-03 14:30:00-05:00,42.869998931884766,42.875,42.564998626708984,42.59000015258789,313625,0.0,0.0
2024-01-03 15:30:00-05:00,42.58000183105469,42.71500015258789,42.58000183105469,42.619998931884766,418202,0.0,0.0
2024-01-04 09:30:00-05:00,42.599998474121094,42.939998626708984,42.36000061035156,42.91999816894531,97199,0.0,0.0
2024-01-04 10:30:00-05:00,42.91999816894531,43.060001373291016,42.85499954223633,42.94499969482422,84234,0.0,0.0
2024-01-04 11:30:00-05:00,42.95000076293945,42.959999084472656,42.689998626708984,42.70500183105469,135494,0.0,0.0
2024-01-04 12:30:00-05:00,42.70000076293945,42.72999954223633,42.63999938964844,42.689998626708984,117638,0.0,0.0
2024-01-04 13:30:00-05:00,42.685001373291016,42.83639907836914,42.68000030517578,42.790000915527344,78994,0.0,0.0
2024-01-04 14:30:00-05:00,42.78499984741211,42.84000015258789,42.744998931884766,42.820098876953125,111395,0.0,0.0
2024-01-04 15:30:00-05:00,42.83000183105469,42.93069839477539,42.73500061035156,42.790000915527344,254872,0.0,0.0
2024-01-05 09:30:00-05:00,42.56999969482422,42.92499923706055,42.349998474121094,42.845001220703125,91004,0.0,0.0
2024-01-05 10:30:00-05:00,42.849998474121094,42.91999816894531,42.779998779296875,42.79999923706055,131258,0.0,0.0
2024-01-05 11:30:00-05:00,42.79999923706055,42.79999923706055,42.59000015258789,42.63999938964844,106349,0.0,0.0
2024-01-05 12:30:00-05:00,42.63999938964844,42.66999816894531,42.529998779296875,42.66999816894531,135440,0.0,0.0
2024-01-05 13:30:00-05:00,42.66999816894531,42.81999969482422,42.66999816894531,42.775001525878906,68051,0.0,0.0
2024-01-05 14:30:00-05:00,42.76499938964844,42.82500076293945,42.689998626708984,42.82500076293945,117310,0.0,0.0
2024-01-05 15:30:00-05:00,42.81999969482422,42.915000915527344,42.78499984741211,42.90999984741211,165688,0.0,0.0
2024-01-08 09:30:00-05:00,42.93000030517578,43.20000076293945,42.79999923706055,43.20000076293945,128477,0.0,0.0
2024-01-08 10:30:00-05:00,43.189998626708984,43.625,43.189998626708984,43.599998474121094,73348,0.0,0.0
2024-01-08 11:30:00-05:00,43.599998474121094,43.685001373291016,43.505001068115234,43.505001068115234,96287,0.0,0.0
2024-01-08 12:30:00-05:00,43.5,43.523799896240234,43.3650016784668,43.380001068115234,85371,0.0,0.0
2024-01-08 13:30:00-05:00,43.37009811401367,43.474998474121094,43.28499984741211,43.474998474121094,98919,0.0,0.0
2024-01-08 14:30:00-05:00,43.47999954223633,43.584999084472656,43.47999954223633,43.52000045776367,159029,0.0,0.0
2024-01-08 15:30:00-05:00,43.52000045776367,43.619998931884766,43.4900016784668,43.59000015258789,233943,0.0,0.0
2024-01-09 09:30:00-05:00,43.29999923706055,43.6150016784668,43.15999984741211,43.54999923706055,190692,0.0,0.0
2024-01-09 10:30:00-05:00,43.54999923706055,43.599998474121094,43.459999084472656,43.56999969482422,87987,0.0,0.0
2024-01-09 11:30:00-05:00,43.56999969482422,43.720001220703125,43.540000915527344,43.54499816894531,100101,0.0,0.0
2024-01-09 12:30:00-05:00,43.54999923706055,43.6150016784668,43.38999938964844,43.39500045776367,65230,0.0,0.0
2024-01-09 13:30:00-05:00,43.380001068115234,43.45000076293945,43.33000183105469,43.33000183105469,82656,0.0,0.0
2024-01-09 14:30:00-05:00,43.32500076293945,43.45000076293945,43.28499984741211,43.404998779296875,182733,0.0,0.0
2024-01-09 15:30:00-05:00,43.404998779296875,43.415000915527344,43.314998626708984,43.36000061035156,277223,0.0,0.0
2024-01-10 09:30:00-05:00,43.439998626708984,43.5,42.9900016784668,43.03499984741211,285298,0.0,0.0
2024-01-10 10:30:00-05:00,43.03499984741211,43.13999938964844,42.935001373291016,42.95500183105469,347082,0.0,0.0
2024-01-10 11:30:00-05:00,42.95500183105469,43.16999816894531,42.92499923706055,43.13999938964844,143393,0.0,0.0
2024-01-10 12:30:00-05:00,43.13999938964844,43.25,43.09000015258789,43.224998474121094,117084,0.0,0.0
2024-01-10 13:30:00-05:00,43.21500015258789,43.32500076293945,43.16080093383789,43.209999084472656,95349,0.0,0.0
2024-01-10 14:30:00-05:00,43.220001220703125,43.25,43.0,43.025001525878906,154001,0.0,0.0
2024-01-10 15:30:00-05:00,43.02000045776367,43.040000915527344,42.83000183105469,42.90999984741211,397685,0.0,0.0
2024-01-11 09:30:00-05:00,42.779998779296875,42.91999816894531,42.560001373291016,42.7400016784668,446970,0.0,0.0
2024-01-11 10:30:00-05:00,42.75,43.0,42.75,42.83539962768555,167458,0.0,0.0
2024-01-11 11:30:00-05:00,42.84000015258789,42.95000076293945,42.79499816894531,42.91999816894531,112602,0.0,0.0
2024-01-11 12:30:00-05:00,42.91999816894531,43.064998626708984,42.90999984741211,43.02000045776367,85611,0.0,0.0
2024-01-11 13:30:00-05:00,43.025001525878906,43.1150016784668,43.005001068115234,43.099998474121094,75977,0.0,0.0
2024-01-11 14:30:00-05:00,43.10499954223633,43.249900817871094,43.064998626708984,43.099998474121094,252132,0.0,0.0
2024-01-11 15:30:00-05:00,43.10499954223633,43.18000030517578,43.09000015258789,43.150001525878906,449874,0.0,0.0
2024-01-12 09:30:00-05:00,43.380001068115234,43.63999938964844,43.2599983215332,43.27000045776367,261750,0.0,0.0
2024-01-12 10:30:00-05:00,43.27000045776367,43.345001220703125,43.119998931884766,43.314998626708984,159293,0.0,0.0
2024-01-12 11:30:00-05:00,43.310001373291016,43.404998779296875,43.290000915527344,43.38999938964844,242603,0.0,0.0
2024-01-12 12:30:00-05:00,43.38999938964844,43.400001525878906,43.310001373291016,43.349998474121094,84488,0.0,0.0
2024-01-12 13:30:00-05:00,43.349998474121094,43.439998626708984,43.31999969482422,43.40999984741211,96925,0.0,0.0
2024-01-12 14:30:00-05:00,43.40999984741211,43.40999984741211,43.275001525878906,43.31999969482422,150479,0.0,0.0
2024-01-12 15:30:00-05:00,43.310001373291016,43.42499923706055,43.310001373291016,43.415000915527344,144370,0.0,0.0
2024-01-16 09:30:00-05:00,43.099998474121094,43.34000015258789,43.060001373291016,43.34000015258789,118406,0.0,0.0
2024-01-16 10:30:00-05:00,43.334999084472656,43.404998779296875,43.06999969482422,43.11000061035156,103068,0.0,0.0
2024-01-16 11:30:00-05:00,43.11000061035156,43.224998474121094,43.10499954223633,43.119998931884766,62103,0.0,0.0
2024-01-16 12:30:00-05:00,43.099998474121094,43.15999984741211,43.060001373291016,43.125,78068,0.0,0.0
2024-01-16 13:30:00-05:00,43.125,43.13999938964844,42.8650016784668,42.88999938964844,127223,0.0,0.0
2024-01-16 14:30:00-05:00,42.880001068115234,42.96989822387695,42.869998931884766,42.92499923706055,138960,0.0,0.0
2024-01-16 15:30:00-05:00,42.92499923706055,43.04999923706055,42.8650016784668,43.029998779296875,228100,0.0,0.0
2024-01-17 09:30:00-05:00,42.5099983215332,43.0099983215332,42.38999938964844,42.90999984741211,114151,0.0,0.0
2024-01-17 10:30:00-05:00,42.90999984741211,42.93000030517578,42.4900016784668,42.4900016784668,240900,0.0,0.0
2024-01-17 11:30:00-05:00,42.46500015258789,42.470001220703125,42.189998626708984,42.2400016784668,204093,0.0,0.0
2024-01-17 12:30:00-05:00,42.22999954223633,42.31999969482422,42.04499816894531,42.099998474121094,141830,0.0,0.0
2024-01-17 13:30:00-05:00,42.099998474121094,42.20349884033203,42.04499816894531,42.159000396728516,139259,0.0,0.0
2024-01-17 14:30:00-05:00,42.15999984741211,42.2400016784668,42.11000061035156,42.22999954223633,172370,0.0,0.0
2024-01-17 15:30:00-05:00,42.224998474121094,42.43000030517578,42.224998474121094,42.375,291086,0.0,0.0
2024-01-18 09:30:00-05:00,42.40999984741211,42.494998931884766,42.0,42.08000183105469,141029,0.0,0.0
2024-01-18 10:30:00-05:00,42.084999084472656,42.150001525878906,41.8849983215332,41.9900016784668,142915,0.0,0.0
2024-01-18 11:30:00-05:00,41.98500061035156,42.029998779296875,41.79499816894531,41.79499816894531,173110,0.0,0.0
2024-01-18 12:30:00-05:00,41.79499816894531,41.84000015258789,41.70000076293945,41.73500061035156,109864,0.0,0.0
2024-01-18 13:30:00-05:00,41.73500061035156,41.875,41.72999954223633,41.80500030517578,89576,0.0,0.0
2024-01-18 14:30:00-05:00,41.81999969482422,41.875,41.724998474121094,41.85499954223633,116733,0.0,0.0
2024-01-18 15:30:00-05:00,41.86000061035156,41.935001373291016,41.834999084472656,41.869998931884766,227315,0.0,0.0
2024-01-19 09:30:00-05:00,41.9900016784668,42.119998931884766,41.755001068115234,41.96110153198242,179472,0.0,0.0
2024-01-19 10:30:00-05:00,41.95000076293945,42.11000061035156,41.8650016784668,42.084999084472656,117399,0.0,0.0
2024-01-19 11:30:00-05:00,42.084999084472656,42.1349983215332,41.9900016784668,42.125,77220,0.0,0.0
2024-01-19 12:30:00-05:00,42.119998931884766,42.33000183105469,42.119998931884766,42.31999969482422,95610,0.0,0.0
2024-01-19 13:30:00-05:00,42.32500076293945,42.439998626708984,42.28499984741211,42.400001525878906,97425,0.0,0.0
2024-01-19 14:30:00-05:00,42.400001525878906,42.404998779296875,42.29499816894531,42.3650016784668,126881,0.0,0.0
2024-01-19 15:30:00-05:00,42.36000061035156,42.40999984741211,42.29999923706055,42.349998474121094,143784,0.0,0.0
2024-01-22 09:30:00-05:00,42.599998474121094,42.849998474121094,42.505001068115234,42.58000183105469,193512,0.0,0.0
2024-01-22 10:30:00-05:00,42.56999969482422,42.56999969482422,42.255001068115234,42.279998779296875,106190,0.0,0.0
2024-01-22 11:30:00-05:00,42.28499984741211,42.314998626708984,42.15999984741211,42.15999984741211,104960,0.0,0.0
2024-01-22 12:30:00-05:00,42.15999984741211,42.165000915527344,41.87990188598633,41.8849983215332,125310,0.0,0.0
2024-01-22 13:30:00-05:00,41.89500045776367,41.939998626708984,41.834999084472656,41.91999816894531,141771,0.0,0.0
2024-01-22 14:30:00-05:00,41.915000915527344,42.00920104980469,41.8849983215332,41.97999954223633,176642,0.0,0.0
2024-01-22 15:30:00-05:00,41.97999954223633,42.0099983215332,41.84000015258789,41.86000061035156,251954,0.0,0.0
2024-01-23 09:30:00-05:00,42.099998474121094,42.18000030517578,41.7599983215332,41.769901275634766,105493,0.0,0.0
2024-01-23 10:30:00-05:00,41.77000045776367,41.77000045776367,41.5,41.51499938964844,102888,0.0,0.0
2024-01-23 11:30:00-05:00,41.52000045776367,41.584999084472656,41.5,41.53499984741211,96226,0.0,0.0
2024-01-23 12:30:00-05:00,41.55500030517578,41.564998626708984,41.439998626708984,41.479698181152344,74380,0.0,0.0
2024-01-23 13:30:00-05:00,41.474998474121094,41.665000915527344,41.470001220703125,41.654998779296875,84146,0.0,0.0
2024-01-23 14:30:00-05:00,41.64500045776367,41.79499816894531,41.60499954223633,41.75,118168,0.0,0.0
2024-01-23 15:30:00-05:00,41.75,41.7599983215332,41.61000061035156,41.61000061035156,262686,0.0,0.0
2024-01-24 09:30:00-05:00,41.970001220703125,41.9900016784668,41.29999923706055,41.36000061035156,135020,0.0,0.0
2024-01-24 10:30:00-05:00,41.3650016784668,41.60499954223633,41.334999084472656,41.52000045776367,120492,0.0,0.0
2024-01-24 11:30:00-05:00,41.52000045776367,41.56999969482422,41.459999084472656,41.48500061035156,118651,0.0,0.0
2024-01-24 12:30:00-05:00,41.48500061035156,41.52000045776367,41.36000061035156,41.380001068115234,84229,0.0,0.0
2024-01-24 13:30:00-05:00,41.380001068115234,41.3849983215332,41.279998779296875,41.3120002746582,90497,0.0,0.0
2024-01-24 14:30:00-05:00,41.310001373291016,41.3849983215332,41.20500183105469,41.23500061035156,147906,0.0,0.0
2024-01-24 15:30:00-05:00,41.23500061035156,41.26499938964844,41.095001220703125,41.119998931884766,365000,0.0,0.0
2024-01-25 09:30:00-05:00,41.599998474121094,41.72999954223633,41.290000915527344,41.650001525878906,165749,0.0,0.0
2024-01-25 10:30:00-05:00,41.650001525878906,41.654998779296875,41.38949966430664,41.48500061035156,660979,0.0,0.0
2024-01-25 11:30:00-05:00,41.4900016784668,41.494998931884766,41.22999954223633,41.255001068115234,245983,0.0,0.0
2024-01-25 12:30:00-05:00,41.2599983215332,41.470001220703125,41.2400016784668,41.439998626708984,327784,0.0,0.0
2024-01-25 13:30:00-05:00,41.43730163574219,41.54999923706055,41.43000030517578,41.470001220703125,219167,0.0,0.0
2024-01-25 14:30:00-05:00,41.470001220703125,41.47999954223633,41.30500030517578,41.35499954223633,126404,0.0,0.0
2024-01-25 15:30:00-05:00,41.35029983520508,41.44499969482422,41.33000183105469,41.349998474121094,276607,0.0,0.0
2024-01-26 09:30:00-05:00,41.470001220703125,41.560001373291016,41.20989990234375,41.209999084472656,265305,0.0,0.0
2024-01-26 10:30:00-05:00,41.209999084472656,41.36000061035156,41.189998626708984,41.31100082397461,185559,0.0,0.0
2024-01-26 11:30:00-05:00,41.29999923706055,41.35060119628906,41.27000045776367,41.290000915527344,102597,0.0,0.0
2024-01-26 12:30:00-05:00,41.29499816894531,41.29499816894531,41.150001525878906,41.18000030517578,111594,0.0,0.0
2024-01-26 13:30:00-05:00,41.189998626708984,41.22999954223633,41.0525016784668,41.064998626708984,100095,0.0,0.0
2024-01-26 14:30:00-05:00,41.060001373291016,41.154998779296875,41.04499816894531,41.084999084472656,91528,0.0,0.0
2024-01-26 15:30:00-05:00,41.09000015258789,41.15999984741211,41.04999923706055,41.150001525878906,213934,0.0,0.0
2024-01-29 09:30:00-05:00,41.18000030517578,41.2400016784668,40.904998779296875,41.08000183105469,207267,0.0,0.0
2024-01-29 10:30:00-05:00,41.08000183105469,41.27000045776367,41.02000045776367,41.25149917602539,176420,0.0,0.0
2024-01-29 11:30:00-05:00,41.255001068115234,41.3650016784668,41.23500061035156,41.29499816894531,226496,0.0,0.0
2024-01-29 12:30:00-05:00,41.29499816894531,41.3650016784668,41.19499969482422,41.20000076293945,133946,0.0,0.0
2024-01-29 13:30:00-05:00,41.189998626708984,41.20000076293945,41.07500076293945,41.11000061035156,108867,0.0,0.0
2024-01-29 14:30:00-05:00,41.10499954223633,41.426700592041016,41.060001373291016,41.404998779296875,172596,0.0,0.0
2024-01-29 15:30:00-05:00,41.404998779296875,41.4900016784668,41.29999923706055,41.4900016784668,336934,0.0,0.0
2024-01-30 09:30:00-05:00,40.88999938964844,40.939998626708984,40.54999923706055,40.59000015258789,166297,0.0,0.0
2024-01-30 10:30:00-05:00,40.595001220703125,40.744998931884766,40.58000183105469,40.685001373291016,115474,0.0,0.0
2024-01-30 11:30:00-05:00,40.66999816894531,40.91999816894531,40.665000915527344,40.86000061035156,192812,0.0,0.0
2024-01-30 12:30:00-05:00,40.849998474121094,40.95000076293945,40.7599983215332,40.77000045776367,125321,0.0,0.0
2024-01-30 13:30:00-05:00,40.77000045776367,41.040000915527344,40.7400016784668,41.02000045776367,111681,0.0,0.0
2024-01-30 14:30:00-05:00,41.02000045776367,41.02000045776367,40.68000030517578,40.689998626708984,164207,0.0,0.0
2024-01-30 15:30:00-05:00,40.69499969482422,40.70000076293945,40.56999969482422,40.56999969482422,219245,0.0,0.0
2024-01-31 09:30:00-05:00,40.77000045776367,40.900001525878906,40.4900016784668,40.88999938964844,128769,0.0,0.0
2024-01-31 10:30:00-05:00,40.91999816894531,41.005001068115234,40.869998931884766,40.90999984741211,96640,0.0,0.0
2024-01-31 11:30:00-05:00,40.93000030517578,41.02000045776367,40.75,41.0,85613,0.0,0.0
2024-01-31 12:30:00-05:00,40.9900016784668,40.994998931884766,40.834999084472656,40.880001068115234,105113,0.0,0.0
2024-01-31 13:30:00-05:00,40.88999938964844,40.959999084472656,40.619998931884766,40.6349983215332,112589,0.0,0.0
2024-01-31 14:30:00-05:00,40.63999938964844,41.040000915527344,40.25,40.29999923706055,186318,0.0,0.0
2024-01-31 15:30:00-05:00,40.290000915527344,40.43000030517578,40.22999954223633,40.34000015258789,282707,0.0,0.0
2024-02-01 09:30:00-05:00,40.279998779296875,40.560001373291016,40.189998626708984,40.38999938964844,142098,0.0,0.0
2024-02-01 10:30:00-05:00,40.40999984741211,40.505001068115234,40.23500061035156,40.404998779296875,116667,0.0,0.0
2024-02-01 11:30:00-05:00,40.404998779296875,40.75,40.404998779296875,40.619998931884766,127138,0.0,0.0
2024-02-01 12:30:00-05:00,40.625,40.935001373291016,40.625,40.7400016784668,157013,0.0,0.0
2024-02-01 13:30:00-05:00,40.7400016784668,40.880001068115234,40.724998474121094,40.81999969482422,94566,0.0,0.0
2024-02-01 14:30:00-05:00,40.83000183105469,41.095001220703125,40.76499938964844,41.084999084472656,132749,0.0,0.0
2024-02-01 15:30:00-05:00,41.09000015258789,41.34000015258789,41.06999969482422,41.33000183105469,259463,0.0,0.0
2024-02-02 09:30:00-05:00,40.88999938964844,41.040000915527344,40.349998474121094,40.54999923706055,441711,0.0,0.0
2024-02-02 10:30:00-05:00,40.55500030517578,40.69499969482422,40.43000030517578,40.529998779296875,324648,0.0,0.0
2024-02-02 11:30:00-05:00,40.529998779296875,40.68000030517578,40.505001068115234,40.595001220703125,233264,0.0,0.0
2024-02-02 12:30:00-05:00,40.60499954223633,40.77000045776367,40.51499938964844,40.66999816894531,239325,0.0,0.0
2024-02-02 13:30:00-05:00,40.67499923706055,40.77000045776367,40.6349983215332,40.76499938964844,149734,0.0,0.0
2024-02-02 14:30:00-05:00,40.77000045776367,41.04999923706055,40.75,41.04999923706055,151380,0.0,0.0
2024-02-02 15:30:00-05:00,41.04999923706055,41.04999923706055,40.77000045776367,40.810001373291016,276993,0.0,0.0
2024-02-05 09:30:00-05:00,40.27000045776367,40.27000045776367,39.68000030517578,39.77000045776367,128586,0.0,0.0
2024-02-05 10:30:00-05:00,39.779998779296875,39.869998931884766,39.75,39.7599983215332,102762,0.0,0.0
2024-02-05 11:30:00-05:00,39.77000045776367,39.84000015258789,39.630001068115234,39.70000076293945,103267,0.0,0.0
2024-02-05 12:30:00-05:00,39.709999084472656,39.71500015258789,39.54999923706055,39.564998626708984,87120,0.0,0.0
2024-02-05 13:30:00-05:00,39.560001373291016,39.81999969482422,39.560001373291016,39.790000915527344,76893,0.0,0.0
2024-02-05 14:30:00-05:00,39.79999923706055,39.9900016784668,39.790000915527344,39.98500061035156,191504,0.0,0.0
2024-02-05 15:30:00-05:00,39.9900016784668,40.0,39.619998931884766,39.619998931884766,257969,0.0,0.0
2024-02-06 09:30:00-05:00,39.65999984741211,40.22999954223633,39.529998779296875,40.16999816894531,95232,0.0,0.0
2024-02-06 10:30:00-05:00,40.18000030517578,40.369998931884766,40.154998779296875,40.31999969482422,74791,0.0,0.0
2024-02-06 11:30:00-05:00,40.34000015258789,40.400001525878906,40.21500015258789,40.400001525878906,81712,0.0,0.0
2024-02-06 12:30:00-05:00,40.38999938964844,40.40999984741211,40.30500030517578,40.40999984741211,70852,0.0,0.0
2024-02-06 13:30:00-05:00,40.400001525878906,40.45500183105469,40.11000061035156,40.150001525878906,168807,0.0,0.0
2024-02-06 14:30:00-05:00,40.15999984741211,40.22999954223633,40.058799743652344,40.189998626708984,66124,0.0,0.0
2024-02-06 15:30:00-05:00,40.189998626708984,40.27000045776367,40.154998779296875,40.209999084472656,184174,0.0,0.0
2024-02-07 09:30:00-05:00,40.279998779296875,40.345001220703125,39.90999984741211,40.01499938964844,98009,0.0,0.0
2024-02-07 10:30:00-05:00,40.025001525878906,40.029998779296875,39.83000183105469,39.849998474121094,200584,0.0,0.0
2024-02-07 11:30:00-05:00,39.85499954223633,40.040000915527344,39.834999084472656,39.959999084472656,111028,0.0,0.0
2024-02-07 12:30:00-05:00,39.95000076293945,40.130001068115234,39.900001525878906,40.119998931884766,97873,0.0,0.0
2024-02-07 13:30:00-05:00,40.130001068115234,40.209999084472656,40.03499984741211,40.13999938964844,121918,0.0,0.0
2024-02-07 14:30:00-05:00,40.13999938964844,40.220001220703125,40.099998474121094,40.10499954223633,160494,0.0,0.0
2024-02-07 15:30:00-05:00,40.099998474121094,40.119998931884766,39.939998626708984,39.9900016784668,185658,0.0,0.0
2024-02-08 09:30:00-05:00,39.67499923706055,40.29499816894531,39.26499938964844,40.150001525878906,416936,0.0,0.0
2024-02-08 10:30:00-05:00,40.119998931884766,40.119998931884766,39.685001373291016,40.09000015258789,290667,0.0,0.0
2024-02-08 11:30:00-05:00,40.08000183105469,40.31999969482422,40.08000183105469,40.23500061035156,164292,0.0,0.0
2024-02-08 12:30:00-05:00,40.23500061035156,40.45000076293945,40.06999969482422,40.189998626708984,292451,0.0,0.0
2024-02-08 13:30:00-05:00,40.18000030517578,40.43000030517578,40.16790008544922,40.34000015258789,200450,0.0,0.0
2024-02-08 14:30:00-05:00,40.34000015258789,40.34000015258789,40.04499816894531,40.064998626708984,200648,0.0,0.0
2024-02-08 15:30:00-05:00,40.060001373291016,40.060001373291016,39.84000015258789,39.849998474121094,300133,0.0,0.0
2024-02-09 09:30:00-05:00,39.880001068115234,40.1349983215332,39.47999954223633,39.48500061035156,121696,0.0,0.0
2024-02-09 10:30:00-05:00,39.47999954223633,39.720001220703125,39.404998779296875,39.45500183105469,179385,0.0,0.0
2024-02-09 11:30:00-05:00,39.470001220703125,39.59000015258789,39.41999816894531,39.52000045776367,140829,0.0,0.0
2024-02-09 12:30:00-05:00,39.51499938964844,39.65999984741211,39.5,39.63999938964844,125339,0.0,0.0
2024-02-09 13:30:00-05:00,39.650001525878906,39.7599983215332,39.630001068115234,39.7599983215332,98626,0.0,0.0
2024-02-09 14:30:00-05:00,39.7599983215332,39.78499984741211,39.505001068115234,39.59000015258789,210139,0.0,0.0
2024-02-09 15:30:00-05:00,39.595001220703125,39.755001068115234,39.54999923706055,39.720001220703125,267887,0.0,0.0
2024-02-12 09:30:00-05:00,39.7400016784668,39.970001220703125,39.625,39.869998931884766,106211,0.0,0.0
2024-02-12 10:30:00-05:00,39.86000061035156,39.90999984741211,39.69499969482422,39.88999938964844,124603,0.0,0.0
2024-02-12 11:30:00-05:00,39.900001525878906,39.97999954223633,39.80500030517578,39.95000076293945,106209,0.0,0.0
2024-02-12 12:30:00-05:00,39.94499969482422,39.94499969482422,39.7400016784668,39.779998779296875,82487,0.0,0.0
2024-02-12 13:30:00-05:00,39.775001525878906,39.86000061035156,39.599998474121094,39.654998779296875,94823,0.0,0.0
2024-02-12 14:30:00-05:00,39.654998779296875,39.900001525878906,39.654998779296875,39.724998474121094,181639,0.0,0.0
2024-02-12 15:30:00-05:00,39.709999084472656,40.0,39.689998626708984,39.9900016784668,292310,0.0,0.0
2024-02-13 09:30:00-05:00,39.25,39.36000061035156,38.880001068115234,39.209999084472656,247364,0.0,0.0
2024-02-13 10:30:00-05:00,39.189998626708984,39.4900016784668,39.15999984741211,39.47999954223633,202875,0.0,0.0
2024-02-13 11:30:00-05:00,39.4900016784668,39.619998931884766,39.459999084472656,39.58000183105469,108613,0.0,0.0
2024-02-13 12:30:00-05:00,39.59000015258789,39.63999938964844,39.44499969482422,39.560001373291016,99151,0.0,0.0
2024-02-13 13:30:00-05:00,39.54499816894531,39.61000061035156,39.349998474121094,39.375,212998,0.0,0.0
2024-02-13 14:30:00-05:00,39.380001068115234,39.505001068115234,39.349998474121094,39.46500015258789,265694,0.0,0.0
2024-02-13 15:30:00-05:00,39.46500015258789,39.72999954223633,39.42499923706055,39.720001220703125,440653,0.0,0.0
2024-02-14 09:30:00-05:00,39.81999969482422,39.96500015258789,39.584999084472656,39.709999084472656,191269,0.0,0.0
2024-02-14 10:30:00-05:00,39.720001220703125,39.85499954223633,39.60499954223633,39.77000045776367,180094,0.0,0.0
2024-02-14 11:30:00-05:00,39.7599983215332,39.790000915527344,39.59000015258789,39.779998779296875,156957,0.0,0.0
2024-02-14 12:30:00-05:00,39.779998779296875,39.900001525878906,39.720001220703125,39.78499984741211,168119,0.0,0.0
2024-02-14 13:30:00-05:00,39.779998779296875,39.90999984741211,39.724998474121094,39.814998626708984,212067,0.0,0.0
2024-02-14 14:30:00-05:00,39.81999969482422,40.01499938964844,39.79499816894531,39.9900016784668,269155,0.0,0.0
2024-02-14 15:30:00-05:00,39.96500015258789,40.03499984741211,39.900001525878906,39.97999954223633,492667,0.0,0.0
2024-02-15 09:30:00-05:00,40.27000045776367,40.67499923706055,40.150001525878906,40.474998474121094,195029,0.0,0.0
2024-02-15 10:30:00-05:00,40.45000076293945,40.47999954223633,40.290000915527344,40.349998474121094,187966,0.0,0.0
2024-02-15 11:30:00-05:00,40.35499954223633,40.599998474121094,40.34000015258789,40.5,144959,0.0,0.0
2024-02-15 12:30:00-05:00,40.5,40.68000030517578,40.41999816894531,40.67499923706055,127390,0.0,0.0
2024-02-15 13:30:00-05:00,40.66999816894531,40.720001220703125,40.58000183105469,40.66999816894531,116670,0.0,0.0
2024-02-15 14:30:00-05:00,40.67499923706055,40.68510055541992,40.54999923706055,40.57500076293945,195268,0.0,0.0
2024-02-15 15:30:00-05:00,40.57500076293945,40.7400016784668,40.55500030517578,40.650001525878906,496414,0.0,0.0
2024-02-16 09:30:00-05:00,40.33000183105469,40.68000030517578,40.08000183105469,40.6349983215332,299274,0.0,0.0
2024-02-16 10:30:00-05:00,40.6150016784668,40.875,40.59000015258789,40.86000061035156,155081,0.0,0.0
2024-02-16 11:30:00-05:00,40.85499954223633,40.87160110473633,40.720001220703125,40.85499954223633,219590,0.0,0.0
2024-02-16 12:30:00-05:00,40.85499954223633,40.8849983215332,40.76499938964844,40.81999969482422,182842,0.0,0.0
2024-02-16 13:30:00-05:00,40.810001373291016,40.994998931884766,40.790000915527344,40.97999954223633,133183,0.0,0.0
2024-02-16 14:30:00-05:00,40.98500061035156,41.04499816894531,40.814998626708984,41.04499816894531,302732,0.0,0.0
2024-02-16 15:30:00-05:00,41.04499816894531,41.04499816894531,40.77000045776367,40.79999923706055,464176,0.0,0.0
2024-02-20 09:30:00-05:00,40.7400016784668,41.060001373291016,40.58000183105469,40.80500030517578,148638,0.0,0.0
2024-02-20 10:30:00-05:00,40.810001373291016,40.849998474121094,40.61000061035156,40.64500045776367,193249,0.0,0.0
2024-02-20 11:30:00-05:00,40.650001525878906,40.7400016784668,40.58000183105469,40.625,171159,0.0,0.0
2024-02-20 12:30:00-05:00,40.625,40.76499938964844,40.625,40.755001068115234,157341,0.0,0.0
2024-02-20 13:30:00-05:00,40.75,40.85540008544922,40.69499969482422,40.81999969482422,387849,0.0,0.0
2024-02-20 14:30:00-05:00,40.814998626708984,40.85499954223633,40.70500183105469,40.845001220703125,406278,0.0,0.0
2024-02-20 15:30:00-05:00,40.849998474121094,41.029998779296875,40.7400016784668,41.0099983215332,792009,0.0,0.0
2024-02-21 09:30:00-05:00,41.20000076293945,41.369998931884766,40.939998626708984,41.20500183105469,469078,0.0,0.0
2024-02-21 10:30:00-05:00,41.20500183105469,41.220001220703125,40.86000061035156,41.040000915527344,332292,0.0,0.0
2024-02-21 11:30:00-05:00,41.04499816894531,41.165000915527344,40.98500061035156,41.099998474121094,190062,0.0,0.0
2024-02-21 12:30:00-05:00,41.099998474121094,41.31999969482422,41.060001373291016,41.290000915527344,177793,0.0,0.0
2024-02-21 13:30:00-05:00,41.282501220703125,41.310001373291016,41.09000015258789,41.154998779296875,268143,0.0,0.0
2024-02-21 14:30:00-05:00,41.15999984741211,41.279998779296875,41.13999938964844,41.18000030517578,250864,0.0,0.0
2024-02-21 15:30:00-05:00,41.16999816894531,41.34000015258789,41.150001525878906,41.2599983215332,496868,0.0,0.0
2024-02-22 09:30:00-05:00,41.150001525878906,41.244998931884766,40.86000061035156,40.904998779296875,230790,0.0,0.0
2024-02-22 10:30:00-05:00,40.900001525878906,41.130001068115234,40.84000015258789,41.084999084472656,177946,0.0,0.0
2024-02-22 11:30:00-05:00,41.099998474121094,41.18000030517578,41.005001068115234,41.130001068115234,182889,0.0,0.0
2024-02-22 12:30:00-05:00,41.125,41.185001373291016,41.08000183105469,41.185001373291016,108440,0.0,0.0
2024-02-22 13:30:00-05:00,41.19499969482422,41.244998931884766,41.13999938964844,41.16999816894531,132170,0.0,0.0
2024-02-22 14:30:00-05:00,41.17499923706055,41.255001068115234,41.07500076293945,41.25,213100,0.0,0.0
2024-02-22 15:30:00-05:00,41.244998931884766,41.27000045776367,41.1349983215332,41.15999984741211,367202,0.0,0.0
2024-02-23 09:30:00-05:00,41.220001220703125,41.38999938964844,41.029998779296875,41.36000061035156,64713,0.0,0.0
2024-02-23 10:30:00-05:00,41.369998931884766,41.654998779296875,41.334999084472656,41.6349983215332,109759,0.0,0.0
2024-02-23 11:30:00-05:00,41.6349983215332,41.685001373291016,41.53499984741211,41.650001525878906,97009,0.0,0.0
2024-02-23 12:30:00-05:00,41.65999984741211,41.790000915527344,41.6349983215332,41.779998779296875,177174,0.0,0.0
2024-02-23 13:30:00-05:00,41.790000915527344,41.814998626708984,41.689998626708984,41.7400016784668,199394,0.0,0.0
2024-02-23 14:30:00-05:00,41.7400016784668,41.810001373291016,41.68000030517578,41.755001068115234,327723,0.0,0.0
2024-02-23 15:30:00-05:00,41.7599983215332,41.76499938964844,41.47999954223633,41.48500061035156,471260,0.0,0.0
2024-02-26 09:30:00-05:00,41.369998931884766,41.619998931884766,41.18000030517578,41.38999938964844,159996,0.0,0.0
2024-02-26 10:30:00-05:00,41.380001068115234,41.55500030517578,41.36000061035156,41.474998474121094,149484,0.0,0.0
2024-02-26 11:30:00-05:00,41.474998474121094,41.47999954223633,41.220001220703125,41.275001525878906,232733,0.0,0.0
2024-02-26 12:30:00-05:00,41.27000045776367,41.334999084472656,41.13999938964844,41.18000030517578,186338,0.0,0.0
2024-02-26 13:30:00-05:00,41.17499923706055,41.26499938964844,41.13999938964844,41.224998474121094,178893,0.0,0.0
2024-02-26 14:30:00-05:00,41.224998474121094,41.349998474121094,41.16999816894531,41.20500183105469,274758,0.0,0.0
2024-02-26 15:30:00-05:00,41.20000076293945,41.25,41.13999938964844,41.150001525878906,388323,0.0,0.0
2024-02-27 09:30:00-05:00,41.400001525878906,41.41999816894531,41.130001068115234,41.2599983215332,157232,0.0,0.0
2024-02-27 10:30:00-05:00,41.2599983215332,41.29999923706055,41.14500045776367,41.244998931884766,187315,0.0,0.0
2024-02-27 11:30:00-05:00,41.244998931884766,41.279998779296875,41.0,41.029998779296875,146462,0.0,0.0
2024-02-27 12:30:00-05:00,41.029998779296875,41.1150016784668,40.959999084472656,40.9900016784668,144734,0.0,0.0
2024-02-27 13:30:00-05:00,40.970001220703125,41.01499938964844,40.689998626708984,40.76499938964844,188251,0.0,0.0
2024-02-27 14:30:00-05:00,40.7599983215332,40.810001373291016,40.630001068115234,40.66999816894531,271427,0.0,0.0
2024-02-27 15:30:00-05:00,40.65999984741211,40.744998931884766,40.60499954223633,40.70000076293945,436968,0.0,0.0
2024-02-28 09:30:00-05:00,40.599998474121094,40.599998474121094,40.2599983215332,40.45500183105469,188793,0.0,0.0
2024-02-28 10:30:00-05:00,40.45500183105469,40.625,40.439998626708984,40.599998474121094,237982,0.0,0.0
2024-02-28 11:30:00-05:00,40.61000061035156,40.73500061035156,40.560001373291016,40.619998931884766,136117,0.0,0.0
2024-02-28 12:30:00-05:00,40.619998931884766,40.900001525878906,40.540000915527344,40.880001068115234,201428,0.0,0.0
2024-02-28 13:30:00-05:00,40.88999938964844,40.994998931884766,40.755001068115234,40.7599983215332,138185,0.0,0.0
2024-02-28 14:30:00-05:00,40.75,40.77000045776367,40.650001525878906,40.709999084472656,151097,0.0,0.0
2024-02-28 15:30:00-05:00,40.720001220703125,40.83000183105469,40.68000030517578,40.7599983215332,313721,0.0,0.0
2024-02-29 09:30:00-05:00,41.09000015258789,41.150001525878906,40.8849983215332,40.959999084472656,104615,0.0,0.0
2024-02-29 10:30:00-05:00,40.95000076293945,40.974998474121094,40.790000915527344,40.93000030517578,90295,0.0,0.0
2024-02-29 11:30:00-05:00,40.90999984741211,40.939998626708984,40.685001373291016,40.69499969482422,107645,0.0,0.0
2024-02-29 12:30:00-05:00,40.685001373291016,41.0,40.67499923706055,40.959999084472656,165418,0.0,0.0
2024-02-29 13:30:00-05:00,40.96500015258789,40.970001220703125,40.7599983215332,40.78499984741211,147699,0.0,0.0
2024-02-29 14:30:00-05:00,40.78499984741211,40.974998474121094,40.599998474121094,40.64500045776367,227047,0.0,0.0
2024-02-29 15:30:00-05:00,40.6349983215332,40.845001220703125,40.61000061035156,40.68000030517578,412318,0.0,0.0
2024-03-01 09:30:00-05:00,40.599998474121094,40.68000030517578,39.94300079345703,40.63999938964844,297484,0.0,0.0
2024-03-01 10:30:00-05:00,40.650001525878906,41.040000915527344,40.63999938964844,40.90999984741211,166685,0.0,0.0
2024-03-01 11:30:00-05:00,40.900001525878906,41.005001068115234,40.849998474121094,40.9900016784668,137317,0.0,0.0
2024-03-01 12:30:00-05:00,40.994998931884766,41.04999923706055,40.76499938964844,40.779998779296875,193461,0.0,0.0
2024-03-01 13:30:00-05:00,40.76499938964844,40.90999984741211,40.744998931884766,40.85499954223633,155879,0.0,0.0
2024-03-01 14:30:00-05:00,40.86000061035156,41.02000045776367,40.834999084472656,41.0,250991,0.0,0.0
2024-03-01 15:30:00-05:00,41.0099983215332,41.27000045776367,41.0099983215332,41.22999954223633,425699,0.0,0.0
2024-03-04 09:30:00-05:00,41.16999816894531,41.52000045776367,41.150001525878906,41.41999816894531,117904,0.0,0.0
2024-03-04 10:30:00-05:00,41.42499923706055,41.66999816894531,41.41999816894531,41.63999938964844,101019,0.0,0.0
2024-03-04 11:30:00-05:00,41.63999938964844,41.999900817871094,41.63999938964844,41.994998931884766,77816,0.0,0.0
2024-03-04 12:30:00-05:00,42.0,42.0,41.70500183105469,41.720001220703125,82324,0.0,0.0
2024-03-04 13:30:00-05:00,41.709999084472656,41.720001220703125,41.61000061035156,41.69499969482422,79170,0.0,0.0
2024-03-04 14:30:00-05:00,41.70000076293945,41.82500076293945,41.65999984741211,41.775001525878906,122421,0.0,0.0
2024-03-04 15:30:00-05:00,41.779998779296875,41.88999938964844,41.67499923706055,41.869998931884766,199645,0.0,0.0
2024-03-05 09:30:00-05:00,41.90999984741211,42.099998474121094,41.63999938964844,42.099998474121094,249641,0.0,0.0
2024-03-05 10:30:00-05:00,42.09000015258789,42.130001068115234,41.814998626708984,41.86000061035156,162826,0.0,0.0
2024-03-05 11:30:00-05:00,41.85499954223633,41.91999816894531,41.81999969482422,41.84000015258789,120008,0.0,0.0
2024-03-05 12:30:00-05:00,41.81999969482422,41.95000076293945,41.7400016784668,41.935001373291016,93063,0.0,0.0
2024-03-05 13:30:00-05:00,41.93000030517578,41.974998474121094,41.72100067138672,41.834999084472656,165250,0.0,0.0
2024-03-05 14:30:00-05:00,41.84000015258789,41.849998474121094,41.650001525878906,41.67499923706055,187550,0.0,0.0
2024-03-05 15:30:00-05:00,41.67499923706055,41.849998474121094,41.56999969482422,41.7599983215332,251084,0.0,0.0
2024-03-06 09:30:00-05:00,41.810001373291016,41.95000076293945,41.650001525878906,41.70000076293945,494683,0.0,0.0
2024-03-06 10:30:00-05:00,41.70000076293945,41.790000915527344,41.435001373291016,41.685001373291016,234915,0.0,0.0
2024-03-06 11:30:00-05:00,41.689998626708984,41.7400016784668,41.5099983215332,41.540000915527344,146026,0.0,0.0
2024-03-06 12:30:00-05:00,41.529998779296875,41.58000183105469,41.380001068115234,41.470001220703125,106448,0.0,0.0
2024-03-06 13:30:00-05:00,41.470001220703125,41.470001220703125,41.19499969482422,41.345001220703125,130513,0.0,0.0
2024-03-06 14:30:00-05:00,41.36000061035156,41.44499969482422,41.25,41.400001525878906,143487,0.0,0.0
2024-03-06 15:30:00-05:00,41.40999984741211,41.52000045776367,41.3650016784668,41.5,249896,0.0,0.0
2024-03-07 09:30:00-05:00,41.630001068115234,41.97999954223633,41.564998626708984,41.959999084472656,113251,0.0,0.0
2024-03-07 10:30:00-05:00,41.959999084472656,42.01499938964844,41.70000076293945,41.79999923706055,133925,0.0,0.0
2024-03-07 11:30:00-05:00,41.790000915527344,41.959999084472656,41.72999954223633,41.94499969482422,215572,0.0,0.0
2024-03-07 12:30:00-05:00,41.94499969482422,42.095001220703125,41.935001373291016,42.064998626708984,270503,0.0,0.0
2024-03-07 13:30:00-05:00,42.06999969482422,42.09000015258789,41.880001068115234,41.8849983215332,112538,0.0,0.0
2024-03-07 14:30:00-05:00,41.8849983215332,42.02000045776367,41.83000183105469,42.0,145492,0.0,0.0
2024-03-07 15:30:00-05:00,42.0,42.14500045776367,41.939998626708984,42.130001068115234,236761,0.0,0.0
2024-03-08 09:30:00-05:00,42.43000030517578,42.63999938964844,42.29999923706055,42.35499954223633,198632,0.0,0.0
2024-03-08 10:30:00-05:00,42.349998474121094,42.46500015258789,42.22010040283203,42.3650016784668,134051,0.0,0.0
2024-03-08 11:30:00-05:00,42.3650016784668,42.505001068115234,42.33000183105469,42.42499923706055,112056,0.0,0.0
2024-03-08 12:30:00-05:00,42.43000030517578,42.459999084472656,42.36000061035156,42.42499923706055,94568,0.0,0.0
2024-03-08 13:30:00-05:00,42.42499923706055,42.5,42.342498779296875,42.4900016784668,90017,0.0,0.0
2024-03-08 14:30:00-05:00,42.5,42.52000045776367,42.38999938964844,42.39500045776367,122312,0.0,0.0
2024-03-08 15:30:00-05:00,42.39500045776367,42.56999969482422,42.38999938964844,42.54999923706055,271611,0.0,0.0
2024-03-11 09:30:00-04:00,42.560001373291016,42.77000045776367,42.459999084472656,42.65999984741211,112008,0.0,0.0
2024-03-11 10:30:00-04:00,42.650001525878906,42.650001525878906,42.33000183105469,42.35499954223633,103684,0.0,0.0
2024-03-11 11:30:00-04:00,42.35499954223633,42.5,42.31999969482422,42.47999954223633,100880,0.0,0.0
2024-03-11 12:30:00-04:00,42.470001220703125,42.66999816894531,42.42499923706055,42.64500045776367,130138,0.0,0.0
2024-03-11 13:30:00-04:00,42.63999938964844,42.7599983215332,42.63880157470703,42.709999084472656,132575,0.0,0.0
2024-03-11 14:30:00-04:00,42.70500183105469,42.88999938964844,42.70500183105469,42.849998474121094,208442,0.0,0.0
2024-03-11 15:30:00-04:00,42.845001220703125,42.90999984741211,42.75,42.7599983215332,451872,0.0,0.0
2024-03-12 09:30:00-04:00,42.7400016784668,42.775001525878906,42.5,42.61000061035156,141135,0.0,0.0
2024-03-12 10:30:00-04:00,42.599998474121094,42.64500045776367,42.439998626708984,42.47999954223633,144395,0.0,0.0
2024-03-12 11:30:00-04:00,42.470001220703125,42.5,42.290000915527344,42.375,143681,0.0,0.0
2024-03-12 12:30:00-04:00,42.369998931884766,42.369998931884766,42.119998931884766,42.22999954223633,173646,0.0,0.0
2024-03-12 13:30:00-04:00,42.220001220703125,42.470001220703125,42.220001220703125,42.45000076293945,115140,0.0,0.0
2024-03-12 14:30:00-04:00,42.44499969482422,42.59000015258789,42.44499969482422,42.58000183105469,255488,0.0,0.0
2024-03-12 15:30:00-04:00,42.57500076293945,42.68000030517578,42.56999969482422,42.57500076293945,379481,0.0,0.0
2024-03-13 09:30:00-04:00,42.5,42.790000915527344,42.5,42.6349983215332,159292,0.0,0.0
2024-03-13 10:30:00-04:00,42.64500045776367,42.68000030517578,42.369998931884766,42.474998474121094,123272,0.0,0.0
2024-03-13 11:30:00-04:00,42.470001220703125,42.47999954223633,42.224998474121094,42.2400016784668,75242,0.0,0.0
2024-03-13 12:30:00-04:00,42.2400016784668,42.27000045776367,42.130001068115234,42.189998626708984,87754,0.0,0.0
2024-03-13 13:30:00-04:00,42.19499969482422,42.20000076293945,41.994998931884766,42.0,133394,0.0,0.0
2024-03-13 14:30:00-04:00,42.0,42.04999923706055,41.709999084472656,41.8650016784668,245129,0.0,0.0
2024-03-13 15:30:00-04:00,41.8650016784668,41.94499969482422,41.665000915527344,41.709999084472656,339099,0.0,0.0
2024-03-14 09:30:00-04:00,41.68000030517578,41.724998474121094,41.15999984741211,41.15999984741211,96573,0.0,0.0
2024-03-14 10:30:00-04:00,41.15999984741211,41.2400016784668,41.04499816894531,41.1150016784668,117704,0.0,0.0
2024-03-14 11:30:00-04:00,41.1150016784668,41.209999084472656,41.0099983215332,41.150001525878906,117405,0.0,0.0
2024-03-14 12:30:00-04:00,41.14950180053711,41.25,41.025001525878906,41.060001373291016,75765,0.0,0.0
2024-03-14 13:30:00-04:00,41.060001373291016,41.150001525878906,41.02000045776367,41.10499954223633,73980,0.0,0.0
2024-03-14 14:30:00-04:00,41.099998474121094,41.11000061035156,40.88999938964844,40.900001525878906,126657,0.0,0.0
2024-03-14 15:30:00-04:00,40.90999984741211,41.10499954223633,40.80500030517578,41.06999969482422,375040,0.0,0.0
2024-03-15 09:30:00-04:00,40.63999938964844,41.29999923706055,40.61000061035156,41.26499938964844,299694,0.0,0.0
2024-03-15 10:30:00-04:00,41.2599983215332,41.54100036621094,41.25,41.2599983215332,119991,0.0,0.0
2024-03-15 11:30:00-04:00,41.25,41.369998931884766,41.154998779296875,41.275001525878906,104339,0.0,0.0
2024-03-15 12:30:00-04:00,41.290000915527344,41.314998626708984,41.16999816894531,41.314998626708984,64983,0.0,0.0
2024-03-15 13:30:00-04:00,41.310001373291016,41.369998931884766,41.22999954223633,41.369998931884766,68844,0.0,0.0
2024-03-15 14:30:00-04:00,41.369998931884766,41.599998474121094,41.34000015258789,41.599998474121094,103632,0.0,0.0
2024-03-15 15:30:00-04:00,41.599998474121094,41.599998474121094,41.459999084472656,41.47999954223633,305100,0.0,0.0
2024-03-18 09:30:00-04:00,41.400001525878906,41.80500030517578,41.38010025024414,41.79999923706055,89740,0.0,0.0
2024-03-18 10:30:00-04:00,41.790000915527344,41.84000015258789,41.63999938964844,41.665000915527344,71423,0.0,0.0
2024-03-18 11:30:00-04:00,41.65999984741211,41.73500061035156,41.434600830078125,41.470001220703125,85523,0.0,0.0
2024-03-18 12:30:00-04:00,41.470001220703125,41.720001220703125,41.40999984741211,41.68000030517578,151202,0.0,0.0
2024-03-18 13:30:00-04:00,41.685001373291016,41.7599983215332,41.505001068115234,41.54999923706055,120347,0.0,0.0
2024-03-18 14:30:00-04:00,41.560001373291016,41.650001525878906,41.51499938964844,41.595001220703125,108633,0.0,0.0
2024-03-18 15:30:00-04:00,41.595001220703125,41.60499954223633,41.31999969482422,41.369998931884766,267968,0.0,0.0
2024-03-19 09:30:00-04:00,41.47999954223633,41.59000015258789,41.26499938964844,41.349998474121094,107245,0.0,0.0
2024-03-19 10:30:00-04:00,41.34000015258789,41.47999954223633,41.314998626708984,41.38999938964844,76434,0.0,0.0
2024-03-19 11:30:00-04:00,41.38999938964844,41.61000061035156,41.38999938964844,41.61000061035156,81290,0.0,0.0
2024-03-19 12:30:00-04:00,41.619998931884766,41.69499969482422,41.584999084472656,41.665000915527344,116493,0.0,0.0
2024-03-19 13:30:00-04:00,41.665000915527344,41.7400016784668,41.625,41.71500015258789,114940,0.0,0.0
2024-03-19 14:30:00-04:00,41.71500015258789,41.82500076293945,41.6349983215332,41.810001373291016,197026,0.0,0.0
2024-03-19 15:30:00-04:00,41.80500030517578,41.849998474121094,41.70000076293945,41.81999969482422,246665,0.0,0.0
2024-03-20 09:30:00-04:00,41.72999954223633,42.18000030517578,41.619998931884766,42.17499923706055,91557,0.0,0.0
2024-03-20 10:30:00-04:00,42.189998626708984,42.380001068115234,42.189998626708984,42.375,161124,0.0,0.0
2024-03-20 11:30:00-04:00,42.375,42.375,42.09000015258789,42.119998931884766,76858,0.0,0.0
2024-03-20 12:30:00-04:00,42.119998931884766,42.16999816894531,41.9900016784668,42.03499984741211,47329,0.0,0.0
2024-03-20 13:30:00-04:00,42.029998779296875,42.150001525878906,41.83000183105469,41.970001220703125,100335,0.0,0.0
2024-03-20 14:30:00-04:00,41.970001220703125,42.22999954223633,41.84989929199219,42.13999938964844,124614,0.0,0.0
2024-03-20 15:30:00-04:00,42.130001068115234,42.13999938964844,41.9900016784668,42.099998474121094,175016,0.0,0.0
2024-03-21 09:30:00-04:00,42.16999816894531,42.63999938964844,42.15999984741211,42.55500030517578,123341,0.0,0.0
2024-03-21 10:30:00-04:00,42.558799743652344,42.66999816894531,42.5,42.57500076293945,124154,0.0,0.0
2024-03-21 11:30:00-04:00,42.57500076293945,42.599998474121094,42.51499938964844,42.540000915527344,103488,0.0,0.0
2024-03-21 12:30:00-04:00,42.54499816894531,42.625,42.4900016784668,42.59000015258789,113475,0.0,0.0
2024-03-21 13:30:00-04:00,42.58000183105469,42.665000915527344,42.529998779296875,42.625,153313,0.0,0.0
2024-03-21 14:30:00-04:00,42.625,42.68000030517578,42.499900817871094,42.595001220703125,179776,0.0,0.0
2024-03-21 15:30:00-04:00,42.599998474121094,42.68000030517578,42.54999923706055,42.65999984741211,360546,0.0,0.0
2024-03-22 09:30:00-04:00,42.86000061035156,42.90999984741211,42.650001525878906,42.73500061035156,124416,0.0,0.0
2024-03-22 10:30:00-04:00,42.73500061035156,42.73500061035156,42.41999816894531,42.459999084472656,151782,0.0,0.0
2024-03-22 11:30:00-04:00,42.470001220703125,42.540000915527344,42.29499816894531,42.31999969482422,65233,0.0,0.0
2024-03-22 12:30:00-04:00,42.320098876953125,42.470001220703125,42.320098876953125,42.470001220703125,107158,0.0,0.0
2024-03-22 13:30:00-04:00,42.46500015258789,42.54999923706055,42.439998626708984,42.531700134277344,115870,0.0,0.0
2024-03-22 14:30:00-04:00,42.53499984741211,42.58000183105469,42.415000915527344,42.48500061035156,169255,0.0,0.0
2024-03-22 15:30:00-04:00,42.47999954223633,42.54999923706055,42.459999084472656,42.4900016784668,264174,0.0,0.0
2024-03-25 09:30:00-04:00,42.75,42.81999969482422,42.45000076293945,42.53499984741211,106431,0.0,0.0
2024-03-25 10:30:00-04:00,42.53499984741211,42.56999969482422,42.290000915527344,42.314998626708984,149887,0.0,0.0
2024-03-25 11:30:00-04:00,42.310001373291016,42.41999816894531,42.22999954223633,42.3849983215332,136898,0.0,0.0
2024-03-25 12:30:00-04:00,42.380001068115234,42.40999984741211,42.04999923706055,42.119998931884766,160312,0.0,0.0
2024-03-25 13:30:00-04:00,42.130001068115234,42.2599983215332,42.11000061035156,42.20500183105469,117970,0.0,0.0
2024-03-25 14:30:00-04:00,42.209999084472656,42.209999084472656,42.04499816894531,42.14500045776367,163047,0.0,0.0
2024-03-25 15:30:00-04:00,42.165000915527344,42.18000030517578,41.939998626708984,42.029998779296875,266785,0.0,0.0
2024-03-26 09:30:00-04:00,42.11000061035156,42.189998626708984,41.93000030517578,41.994998931884766,56787,0.0,0.0
2024-03-26 10:30:00-04:00,41.97999954223633,42.09000015258789,41.939998626708984,42.025001525878906,112962,0.0,0.0
2024-03-26 11:30:00-04:00,42.03499984741211,42.04999923706055,41.91999816894531,41.98500061035156,62745,0.0,0.0
2024-03-26 12:30:00-04:00,41.988800048828125,42.11000061035156,41.96500015258789,42.11000061035156,99405,0.0,0.0
2024-03-26 13:30:00-04:00,42.119998931884766,42.16999816894531,42.060001373291016,42.125,58269,0.0,0.0
2024-03-26 14:30:00-04:00,42.119998931884766,42.19499969482422,42.119998931884766,42.18000030517578,105151,0.0,0.0
2024-03-26 15:30:00-04:00,42.18000030517578,42.19499969482422,41.93000030517578,41.95000076293945,219041,0.0,0.0
2024-03-27 09:30:00-04:00,42.220001220703125,42.58000183105469,42.15999984741211,42.5,68937,0.0,0.0
2024-03-27 10:30:00-04:00,42.529998779296875,42.54999923706055,42.290000915527344,42.314998626708984,96820,0.0,0.0
2024-03-27 11:30:00-04:00,42.310001373291016,42.380001068115234,42.2599983215332,42.33000183105469,139279,0.0,0.0
2024-03-27 12:30:00-04:00,42.334999084472656,42.45500183105469,42.29999923706055,42.45500183105469,145113,0.0,0.0
2024-03-27 13:30:00-04:00,42.45000076293945,42.45000076293945,42.29499816894531,42.380001068115234,141559,0.0,0.0
2024-03-27 14:30:00-04:00,42.380001068115234,42.43000030517578,42.34000015258789,42.41999816894531,174701,0.0,0.0
2024-03-27 15:30:00-04:00,42.42499923706055,42.61000061035156,42.415000915527344,42.61000061035156,311534,0.0,0.0
2024-03-28 09:30:00-04:00,42.7599983215332,42.95000076293945,42.7599983215332,42.8849983215332,73996,0.0,0.0
2024-03-28 10:30:00-04:00,42.88999938964844,42.91999816894531,42.65999984741211,42.685001373291016,111472,0.0,0.0
2024-03-28 11:30:00-04:00,42.68000030517578,42.779998779296875,42.65999984741211,42.724998474121094,91195,0.0,0.0
2024-03-28 12:30:00-04:00,42.720001220703125,42.790000915527344,42.67499923706055,42.709999084472656,81963,0.0,0.0
2024-03-28 13:30:00-04:00,42.70500183105469,42.76499938964844,42.660099029541016,42.69499969482422,68200,0.0,0.0
2024-03-28 14:30:00-04:00,42.68000030517578,42.810001373291016,42.61000061035156,42.810001373291016,94167,0.0,0.0
2024-03-28 15:30:00-04:00,42.814998626708984,42.82500076293945,42.724998474121094,42.7400016784668,225133,0.0,0.0
2024-04-01 09:30:00-04:00,42.689998626708984,42.689998626708984,42.150001525878906,42.150001525878906,79425,0.0,0.0
2024-04-01 10:30:00-04:00,42.15999984741211,42.31999969482422,42.06999969482422,42.20000076293945,109965,0.0,0.0
2024-04-01 11:30:00-04:00,42.20000076293945,42.279998779296875,42.11759948730469,42.275001525878906,93262,0.0,0.0
2024-04-01 12:30:00-04:00,42.279998779296875,42.37009811401367,42.26499938964844,42.32500076293945,76361,0.0,0.0
2024-04-01 13:30:00-04:00,42.31999969482422,42.39500045776367,42.255001068115234,42.29499816894531,71931,0.0,0.0
2024-04-01 14:30:00-04:00,42.29999923706055,42.369998931884766,42.2599983215332,42.279998779296875,97087,0.0,0.0
2024-04-01 15:30:00-04:00,42.27000045776367,42.33000183105469,42.19499969482422,42.2599983215332,243298,0.0,0.0
2024-04-02 09:30:00-04:00,42.08000183105469,42.08000183105469,41.665000915527344,41.689998626708984,176037,0.0,0.0
2024-04-02 10:30:00-04:00,41.689998626708984,41.869998931884766,41.689998626708984,41.78499984741211,131761,0.0,0.0
2024-04-02 11:30:00-04:00,41.78499984741211,41.79999923706055,41.529998779296875,41.595001220703125,116165,0.0,0.0
2024-04-02 12:30:00-04:00,41.59000015258789,41.685001373291016,41.470001220703125,41.470001220703125,104871,0.0,0.0
2024-04-02 13:30:00-04:00,41.459999084472656,41.7599983215332,41.35499954223633,41.689998626708984,198253,0.0,0.0
2024-04-02 14:30:00-04:00,41.689998626708984,41.709999084472656,41.525001525878906,41.59700012207031,222009,0.0,0.0
2024-04-02 15:30:00-04:00,41.595001220703125,41.639198303222656,41.4900016784668,41.5099983215332,196978,0.0,0.0
2024-04-03 09:30:00-04:00,41.400001525878906,41.4296989440918,41.099998474121094,41.31999969482422,131205,0.0,0.0
2024-04-03 10:30:00-04:00,41.33000183105469,41.369998931884766,41.11000061035156,41.189998626708984,97286,0.0,0.0
2024-04-03 11:30:00-04:00,41.189998626708984,41.290000915527344,41.18000030517578,41.290000915527344,93353,0.0,0.0
2024-04-03 12:30:00-04:00,41.29499816894531,41.33000183105469,41.22999954223633,41.29999923706055,79917,0.0,0.0
2024-04-03 13:30:00-04:00,41.310001373291016,41.369998931884766,41.244998931884766,41.334999084472656,118041,0.0,0.0
2024-04-03 14:30:00-04:00,41.334999084472656,41.40999984741211,41.275001525878906,41.290000915527344,155042,0.0,0.0
2024-04-03 15:30:00-04:00,41.290000915527344,41.375,41.244998931884766,41.27000045776367,209268,0.0,0.0
2024-04-04 09:30:00-04:00,41.560001373291016,41.900001525878906,41.5,41.849998474121094,149880,0.0,0.0
2024-04-04 10:30:00-04:00,41.85499954223633,41.97999954223633,41.790000915527344,41.974998474121094,71045,0.0,0.0
2024-04-04 11:30:00-04:00,41.974998474121094,42.060001373291016,41.709800720214844,41.90999984741211,143585,0.0,0.0
2024-04-04 12:30:00-04:00,41.90999984741211,41.939998626708984,41.81999969482422,41.93000030517578,54064,0.0,0.0
2024-04-04 13:30:00-04:00,41.91999816894531,41.93000030517578,41.47999954223633,41.47999954223633,80888,0.0,0.0
2024-04-04 14:30:00-04:00,41.47999954223633,41.540000915527344,41.3650016784668,41.41999816894531,173650,0.0,0.0
2024-04-04 15:30:00-04:00,41.43000030517578,41.52000045776367,41.31999969482422,41.47999954223633,191302,0.0,0.0
2024-04-05 09:30:00-04:00,41.2400016784668,41.459999084472656,41.02000045776367,41.13999938964844,66783,0.0,0.0
2024-04-05 10:30:00-04:00,41.130001068115234,41.47999954223633,41.125,41.47999954223633,53701,0.0,0.0
2024-04-05 11:30:00-04:00,41.48500061035156,41.63999938964844,41.38999938964844,41.60499954223633,70184,0.0,0.0
2024-04-05 12:30:00-04:00,41.60049819946289,41.6150016784668,41.380001068115234,41.470001220703125,86418,0.0,0.0
2024-04-05 13:30:00-04:00,41.470001220703125,41.54999923706055,41.38999938964844,41.48500061035156,66643,0.0,0.0
2024-04-05 14:30:00-04:00,41.4900016784668,41.564998626708984,41.470001220703125,41.54499816894531,87344,0.0,0.0
2024-04-05 15:30:00-04:00,41.540000915527344,41.61000061035156,41.45500183105469,41.5,144207,0.0,0.0
2024-04-08 09:30:00-04:00,41.619998931884766,41.88010025024414,41.540000915527344,41.83000183105469,78627,0.0,0.0
2024-04-08 10:30:00-04:00,41.81999969482422,42.025001525878906,41.80500030517578,41.974998474121094,64364,0.0,0.0
2024-04-08 11:30:00-04:00,41.970001220703125,42.06999969482422,41.94499969482422,42.060001373291016,61878,0.0,0.0
2024-04-08 12:30:00-04:00,42.05500030517578,42.08000183105469,41.974998474121094,42.005001068115234,49770,0.0,0.0
2024-04-08 13:30:00-04:00,42.01430130004883,42.084999084472656,41.94499969482422,41.94499969482422,61318,0.0,0.0
2024-04-08 14:30:00-04:00,41.939998626708984,41.994998931884766,41.90999984741211,41.98500061035156,52310,0.0,0.0
2024-04-08 15:30:00-04:00,41.97999954223633,42.029998779296875,41.93000030517578,42.01499938964844,127526,0.0,0.0
2024-04-09 09:30:00-04:00,42.130001068115234,42.33000183105469,42.04999923706055,42.33000183105469,39274,0.0,0.0
2024-04-09 10:30:00-04:00,42.33000183105469,42.41999816894531,42.20000076293945,42.36000061035156,78589,0.0,0.0
2024-04-09 11:30:00-04:00,42.369998931884766,42.415000915527344,42.314998626708984,42.349998474121094,49353,0.0,0.0
2024-04-09 12:30:00-04:00,42.36000061035156,42.400001525878906,42.28010177612305,42.32500076293945,46484,0.0,0.0
2024-04-09 13:30:00-04:00,42.32500076293945,42.380001068115234,42.220001220703125,42.36000061035156,50119,0.0,0.0
2024-04-09 14:30:00-04:00,42.36000061035156,42.52000045776367,42.34000015258789,42.52000045776367,75075,0.0,0.0
2024-04-09 15:30:00-04:00,42.52000045776367,42.66999816894531,42.400001525878906,42.65999984741211,153309,0.0,0.0
2024-04-10 09:30:00-04:00,41.369998931884766,41.369998931884766,40.970001220703125,40.97999954223633,159659,0.0,0.0
2024-04-10 10:30:00-04:00,40.970001220703125,41.08000183105469,40.83000183105469,40.93000030517578,70974,0.0,0.0
2024-04-10 11:30:00-04:00,40.92499923706055,40.95000076293945,40.72999954223633,40.80500030517578,59420,0.0,0.0
2024-04-10 12:30:00-04:00,40.79999923706055,40.79999923706055,40.41999816894531,40.52000045776367,85672,0.0,0.0
2024-04-10 13:30:00-04:00,40.5,40.61000061035156,40.334999084472656,40.470001220703125,99233,0.0,0.0
2024-04-10 14:30:00-04:00,40.474998474121094,40.70000076293945,40.380001068115234,40.689998626708984,131740,0.0,0.0
2024-04-10 15:30:00-04:00,40.70000076293945,40.71500015258789,40.505001068115234,40.619998931884766,214952,0.0,0.0
2024-04-11 09:30:00-04:00,40.869998931884766,40.948001861572266,40.59000015258789,40.83000183105469,87788,0.0,0.0
2024-04-11 10:30:00-04:00,40.83000183105469,40.959999084472656,40.755001068115234,40.94060134887695,84861,0.0,0.0
2024-04-11 11:30:00-04:00,40.94499969482422,41.22999954223633,40.90999984741211,41.119998931884766,114739,0.0,0.0
2024-04-11 12:30:00-04:00,41.119998931884766,41.27000045776367,41.040000915527344,41.2400016784668,109406,0.0,0.0
2024-04-11 13:30:00-04:00,41.22999954223633,41.29499816894531,41.0099983215332,41.16999816894531,79391,0.0,0.0
2024-04-11 14:30:00-04:00,41.16999816894531,41.23500061035156,41.08000183105469,41.1150016784668,97142,0.0,0.0
2024-04-11 15:30:00-04:00,41.11000061035156,41.1150016784668,40.92499923706055,41.0,191996,0.0,0.0
2024-04-12 09:30:00-04:00,40.959999084472656,41.09000015258789,40.790000915527344,41.060001373291016,121192,0.0,0.0
2024-04-12 10:30:00-04:00,41.06999969482422,41.084999084472656,40.88999938964844,40.95050048828125,59505,0.0,0.0
2024-04-12 11:30:00-04:00,40.95000076293945,40.95000076293945,40.79999923706055,40.89500045776367,66487,0.0,0.0
2024-04-12 12:30:00-04:00,40.89500045776367,40.97999954223633,40.7599983215332,40.86000061035156,75484,0.0,0.0
2024-04-12 13:30:00-04:00,40.83000183105469,40.92499923706055,40.80500030517578,40.81999969482422,86572,0.0,0.0
2024-04-12 14:30:00-04:00,40.82500076293945,40.847999572753906,40.709999084472656,40.79499816894531,98336,0.0,0.0
2024-04-12 15:30:00-04:00,40.79999923706055,40.869998931884766,40.77000045776367,40.779998779296875,157909,0.0,0.0
2024-04-15 09:30:00-04:00,40.9900016784668,40.9900016784668,40.25,40.34000015258789,151986,0.0,0.0
2024-04-15 10:30:00-04:00,40.29499816894531,40.37070083618164,40.19499969482422,40.22999954223633,71595,0.0,0.0
2024-04-15 11:30:00-04:00,40.2400016784668,40.38999938964844,40.220001220703125,40.22999954223633,119799,0.0,0.0
2024-04-15 12:30:00-04:00,40.220001220703125,40.29999923706055,40.09000015258789,40.10499954223633,65847,0.0,0.0
2024-04-15 13:30:00-04:00,40.08000183105469,40.220001220703125,40.040000915527344,40.040000915527344,59756,0.0,0.0
2024-04-15 14:30:00-04:00,40.040000915527344,40.099998474121094,39.86410140991211,39.9900016784668,66000,0.0,0.0
2024-04-15 15:30:00-04:00,39.9900016784668,40.07500076293945,39.95500183105469,40.0099983215332,146825,0.0,0.0
2024-04-16 09:30:00-04:00,39.86000061035156,39.875,39.369998931884766,39.42499923706055,122891,0.0,0.0
2024-04-16 10:30:00-04:00,39.42499923706055,39.58000183105469,39.41999816894531,39.56999969482422,101172,0.0,0.0
2024-04-16 11:30:00-04:00,39.56999969482422,39.689998626708984,39.529998779296875,39.650001525878906,65234,0.0,0.0
2024-04-16 12:30:00-04:00,39.65999984741211,39.68000030517578,39.59000015258789,39.65999984741211,65350,0.0,0.0
2024-04-16 13:30:00-04:00,39.64500045776367,39.7400016784668,39.43000030517578,39.459999084472656,92821,0.0,0.0
2024-04-16 14:30:00-04:00,39.459999084472656,39.64500045776367,39.439998626708984,39.619998931884766,103944,0.0,0.0
2024-04-16 15:30:00-04:00,39.61000061035156,39.61000061035156,39.349998474121094,39.36000061035156,195888,0.0,0.0
2024-04-17 09:30:00-04:00,39.56999969482422,39.77000045776367,39.40999984741211,39.68000030517578,79718,0.0,0.0
2024-04-17 10:30:00-04:00,39.650001525878906,39.720001220703125,39.52000045776367,39.53499984741211,61377,0.0,0.0
2024-04-17 11:30:00-04:00,39.52000045776367,39.630001068115234,39.47999954223633,39.584999084472656,75586,0.0,0.0
2024-04-17 12:30:00-04:00,39.58000183105469,39.79499816894531,39.58000183105469,39.790000915527344,69383,0.0,0.0
2024-04-17 13:30:00-04:00,39.790000915527344,39.88990020751953,39.720001220703125,39.78499984741211,82943,0.0,0.0
2024-04-17 14:30:00-04:00,39.790000915527344,39.88999938964844,39.689998626708984,39.77000045776367,97571,0.0,0.0
2024-04-17 15:30:00-04:00,39.779998779296875,39.82749938964844,39.654998779296875,39.65999984741211,186282,0.0,0.0
2024-04-18 09:30:00-04:00,39.779998779296875,39.93000030517578,39.61000061035156,39.869998931884766,61252,0.0,0.0
2024-04-18 10:30:00-04:00,39.869998931884766,40.119998931884766,39.86000061035156,39.9900016784668,119069,0.0,0.0
2024-04-18 11:30:00-04:00,39.994998931884766,39.994998931884766,39.790000915527344,39.8849983215332,123562,0.0,0.0
2024-04-18 12:30:00-04:00,39.8849983215332,39.8849983215332,39.63999938964844,39.72999954223633,105215,0.0,0.0
2024-04-18 13:30:00-04:00,39.724998474121094,39.810001373291016,39.69499969482422,39.7406005859375,98446,0.0,0.0
2024-04-18 14:30:00-04:00,39.7400016784668,39.88999938964844,39.71500015258789,39.84000015258789,128321,0.0,0.0
2024-04-18 15:30:00-04:00,39.84000015258789,39.900001525878906,39.720001220703125,39.779998779296875,338140,0.0,0.0
2024-04-19 09:30:00-04:00,39.849998474121094,40.130001068115234,39.77000045776367,40.130001068115234,98637,0.0,0.0
2024-04-19 10:30:00-04:00,40.13999938964844,40.25,40.08000183105469,40.130001068115234,94402,0.0,0.0
2024-04-19 11:30:00-04:00,40.13999938964844,40.16999816894531,39.935001373291016,39.9900016784668,83953,0.0,0.0
2024-04-19 12:30:00-04:00,39.9900016784668,40.08000183105469,39.95000076293945,39.97999954223633,72555,0.0,0.0
2024-04-19 13:30:00-04:00,39.970001220703125,40.040000915527344,39.8849983215332,39.88999938964844,93143,0.0,0.0
2024-04-19 14:30:00-04:00,39.88999938964844,39.90999984741211,39.80500030517578,39.875,136684,0.0,0.0
2024-04-19 15:30:00-04:00,39.869998931884766,40.0099983215332,39.85499954223633,39.97999954223633,230243,0.0,0.0
2024-04-22 09:30:00-04:00,40.150001525878906,40.41999816894531,39.880001068115234,40.41999816894531,72472,0.0,0.0
2024-04-22 10:30:00-04:00,40.41999816894531,40.45000076293945,40.2400016784668,40.3849983215332,113274,0.0,0.0
2024-04-22 11:30:00-04:00,40.38999938964844,40.404998779296875,40.244998931884766,40.380001068115234,89623,0.0,0.0
2024-04-22 12:30:00-04:00,40.3849983215332,40.5,40.33000183105469,40.45500183105469,73160,0.0,0.0
2024-04-22 13:30:00-04:00,40.459999084472656,40.685001373291016,40.45500183105469,40.685001373291016,81831,0.0,0.0
2024-04-22 14:30:00-04:00,40.68000030517578,40.68000030517578,40.5099983215332,40.54499816894531,82490,0.0,0.0
2024-04-22 15:30:00-04:00,40.540000915527344,40.66999816894531,40.5,40.60499954223633,190339,0.0,0.0
2024-04-23 09:30:00-04:00,40.560001373291016,41.099998474121094,40.470001220703125,41.04499816894531,158593,0.0,0.0
2024-04-23 10:30:00-04:00,41.04999923706055,41.05500030517578,40.849998474121094,41.040000915527344,202091,0.0,0.0
2024-04-23 11:30:00-04:00,41.029998779296875,41.060001373291016,40.959999084472656,40.9900016784668,111342,0.0,0.0
2024-04-23 12:30:00-04:00,41.0,41.08000183105469,40.95500183105469,40.98500061035156,116730,0.0,0.0
2024-04-23 13:30:00-04:00,40.9900016784668,41.0,40.91999816894531,40.93000030517578,168296,0.0,0.0
2024-04-23 14:30:00-04:00,40.91999816894531,40.93000030517578,40.83000183105469,40.845001220703125,187972,0.0,0.0
2024-04-23 15:30:00-04:00,40.845001220703125,41.02000045776367,40.810001373291016,40.959999084472656,402310,0.0,0.0
2024-04-24 09:30:00-04:00,40.66999816894531,41.060001373291016,40.58000183105469,41.02000045776367,89520,0.0,0.0
2024-04-24 10:30:00-04:00,41.02000045776367,41.099998474121094,40.98500061035156,41.03020095825195,116505,0.0,0.0
2024-04-24 11:30:00-04:00,41.029998779296875,41.165000915527344,40.9900016784668,41.09000015258789,84768,0.0,0.0
2024-04-24 12:30:00-04:00,41.08000183105469,41.08000183105469,40.96500015258789,40.9900016784668,58460,0.0,0.0
2024-04-24 13:30:00-04:00,41.0,41.08000183105469,40.959999084472656,41.040000915527344,44262,0.0,0.0
2024-04-24 14:30:00-04:00,41.029998779296875,41.13999938964844,41.0099983215332,41.119998931884766,80666,0.0,0.0
2024-04-24 15:30:00-04:00,41.11000061035156,41.150001525878906,41.05500030517578,41.13999938964844,254153,0.0,0.0
2024-04-25 09:30:00-04:00,40.779998779296875,40.939998626708984,40.63999938964844,40.83000183105469,98566,0.0,0.0
2024-04-25 10:30:00-04:00,40.84000015258789,41.09000015258789,40.84000015258789,41.04999923706055,90072,0.0,0.0
2024-04-25 11:30:00-04:00,41.059898376464844,41.06999969482422,40.93000030517578,41.02000045776367,78174,0.0,0.0
2024-04-25 12:30:00-04:00,41.0099983215332,41.02000045776367,40.939998626708984,41.01499938964844,130636,0.0,0.0
2024-04-25 13:30:00-04:00,41.0,41.04999923706055,40.900001525878906,40.900001525878906,71487,0.0,0.0
2024-04-25 14:30:00-04:00,40.88999938964844,41.01499938964844,40.88999938964844,40.9900016784668,146876,0.0,0.0
2024-04-25 15:30:00-04:00,40.9900016784668,41.040000915527344,40.915000915527344,41.040000915527344,336565,0.0,0.0
2024-04-26 09:30:00-04:00,41.16999816894531,41.48139953613281,41.0099983215332,41.26499938964844,202522,0.0,0.0
2024-04-26 10:30:00-04:00,41.26499938964844,41.36000061035156,41.150001525878906,41.22999954223633,249495,0.0,0.0
2024-04-26 11:30:00-04:00,41.22999954223633,41.290000915527344,41.189998626708984,41.20500183105469,141772,0.0,0.0
2024-04-26 12:30:00-04:00,41.20500183105469,41.220001220703125,41.04499816894531,41.04499816894531,138156,0.0,0.0
2024-04-26 13:30:00-04:00,41.040000915527344,41.040000915527344,40.849998474121094,40.85499954223633,250426,0.0,0.0
2024-04-26 14:30:00-04:00,40.85749816894531,40.95500183105469,40.7400016784668,40.75,419150,0.0,0.0
2024-04-26 15:30:00-04:00,40.75,40.875,40.65999984741211,40.779998779296875,747547,0.0,0.0
2024-04-29 09:30:00-04:00,40.5,40.810001373291016,40.41999816894531,40.529998779296875,236064,0.0,0.0
2024-04-29 10:30:00-04:00,40.540000915527344,40.560001373291016,40.310001373291016,40.494998931884766,145264,0.0,0.0
2024-04-29 11:30:00-04:00,40.494998931884766,40.619998931884766,40.43000030517578,40.6150016784668,121819,0.0,0.0
2024-04-29 12:30:00-04:00,40.625,40.709999084472656,40.56999969482422,40.689998626708984,117591,0.0,0.0
2024-04-29 13:30:00-04:00,40.68000030517578,40.72999954223633,40.650001525878906,40.66999816894531,116164,0.0,0.0
2024-04-29 14:30:00-04:00,40.665000915527344,40.67499923706055,40.5,40.61000061035156,176048,0.0,0.0
2024-04-29 15:30:00-04:00,40.6150016784668,40.689998626708984,40.5724983215332,40.630001068115234,348368,0.0,0.0
2024-04-30 09:30:00-04:00,40.36000061035156,40.790000915527344,40.36000061035156,40.68000030517578,122917,0.0,0.0
2024-04-30 10:30:00-04:00,40.66999816894531,40.88999938964844,40.650001525878906,40.83000183105469,73930,0.0,0.0
2024-04-30 11:30:00-04:00,40.83000183105469,41.02000045776367,40.83000183105469,40.939998626708984,95841,0.0,0.0
2024-04-30 12:30:00-04:00,40.939998626708984,40.95050048828125,40.775001525878906,40.845001220703125,305139,0.0,0.0
2024-04-30 13:30:00-04:00,40.849998474121094,40.970001220703125,40.810001373291016,40.83000183105469,170426,0.0,0.0
2024-04-30 14:30:00-04:00,40.81999969482422,40.8849983215332,40.54999923706055,40.650001525878906,226964,0.0,0.0
2024-04-30 15:30:00-04:00,40.65999984741211,40.65999984741211,40.47999954223633,40.540000915527344,447375,0.0,0.0
2024-05-01 09:30:00-04:00,40.459999084472656,41.33000183105469,40.2400016784668,41.099998474121094,394143,0.0,0.0
2024-05-01 10:30:00-04:00,41.04999923706055,41.279998779296875,40.77000045776367,41.08000183105469,340441,0.0,0.0
2024-05-01 11:30:00-04:00,41.099998474121094,41.150001525878906,40.869998931884766,41.095001220703125,154326,0.0,0.0
2024-05-01 12:30:00-04:00,41.08000183105469,41.150001525878906,40.939998626708984,41.13999938964844,225414,0.0,0.0
2024-05-01 13:30:00-04:00,41.119998931884766,41.119998931884766,40.79999923706055,40.9900016784668,108303,0.0,0.0
2024-05-01 14:30:00-04:00,40.9900016784668,41.4900016784668,40.755001068115234,41.029998779296875,309245,0.0,0.0
2024-05-01 15:30:00-04:00,41.02000045776367,41.02000045776367,40.630001068115234,40.650001525878906,441383,0.0,0.0
2024-05-02 09:30:00-04:00,41.16999816894531,41.28260040283203,40.88999938964844,41.220001220703125,154425,0.0,0.0
2024-05-02 10:30:00-04:00,41.224998474121094,41.22999954223633,40.9900016784668,41.060001373291016,193184,0.0,0.0
2024-05-02 11:30:00-04:00,41.04999923706055,41.25,41.040000915527344,41.20500183105469,133207,0.0,0.0
2024-05-02 12:30:00-04:00,41.20500183105469,41.38999938964844,41.15999984741211,41.36479949951172,101643,0.0,0.0
2024-05-02 13:30:00-04:00,41.369998931884766,41.459999084472656,41.29499816894531,41.45000076293945,108238,0.0,0.0
2024-05-02 14:30:00-04:00,41.439998626708984,41.66999816894531,41.439998626708984,41.54999923706055,186039,0.0,0.0
2024-05-02 15:30:00-04:00,41.529998779296875,41.619998931884766,41.38999938964844,41.58000183105469,271756,0.0,0.0
2024-05-03 09:30:00-04:00,42.09000015258789,42.349998474121094,41.54999923706055,41.660099029541016,115537,0.0,0.0
2024-05-03 10:30:00-04:00,41.68000030517578,41.709999084472656,41.5099983215332,41.58000183105469,88890,0.0,0.0
2024-05-03 11:30:00-04:00,41.58000183105469,41.66999816894531,41.439998626708984,41.61000061035156,211746,0.0,0.0
2024-05-03 12:30:00-04:00,41.61000061035156,41.619998931884766,41.540000915527344,41.6150016784668,111504,0.0,0.0
2024-05-03 13:30:00-04:00,41.61000061035156,41.689998626708984,41.59000015258789,41.650001525878906,63914,0.0,0.0
2024-05-03 14:30:00-04:00,41.650001525878906,41.689998626708984,41.59000015258789,41.65999984741211,93448,0.0,0.0
2024-05-03 15:30:00-04:00,41.650001525878906,41.814998626708984,41.595001220703125,41.79999923706055,286272,0.0,0.0
2024-05-06 09:30:00-04:00,42.060001373291016,42.084999084472656,41.70240020751953,41.88999938964844,99013,0.0,0.0
2024-05-06 10:30:00-04:00,41.88999938964844,41.93000030517578,41.77000045776367,41.779998779296875,89693,0.0,0.0
2024-05-06 11:30:00-04:00,41.77000045776367,41.939998626708984,41.755001068115234,41.8650016784668,84331,0.0,0.0
2024-05-06 12:30:00-04:00,41.86989974975586,41.92499923706055,41.81999969482422,41.86000061035156,86171,0.0,0.0
2024-05-06 13:30:00-04:00,41.86989974975586,42.01499938964844,41.83000183105469,42.005001068115234,103204,0.0,0.0
2024-05-06 14:30:00-04:00,42.005001068115234,42.04999923706055,41.974998474121094,42.005001068115234,106496,0.0,0.0
2024-05-06 15:30:00-04:00,42.005001068115234,42.119998931884766,41.97999954223633,42.11000061035156,163276,0.0,0.0
2024-05-07 09:30:00-04:00,42.400001525878906,42.54999923706055,42.130001068115234,42.459999084472656,124169,0.0,0.0
2024-05-07 10:30:00-04:00,42.45000076293945,42.560001373291016,42.41999816894531,42.45399856567383,103252,0.0,0.0
2024-05-07 11:30:00-04:00,42.470001220703125,42.52949905395508,42.439998626708984,42.505001068115234,93927,0.0,0.0
2024-05-07 12:30:00-04:00,42.505001068115234,42.599998474121094,42.45500183105469,42.57500076293945,79894,0.0,0.0
2024-05-07 13:30:00-04:00,42.560001373291016,42.57500076293945,42.18000030517578,42.439998626708984,458523,0.0,0.0
2024-05-07 14:30:00-04:00,42.43000030517578,42.4900016784668,42.38999938964844,42.45000076293945,136472,0.0,0.0
2024-05-07 15:30:00-04:00,42.44499969482422,42.48500061035156,42.369998931884766,42.470001220703125,241216,0.0,0.0
2024-05-08 09:30:00-04:00,42.20000076293945,42.369998931884766,41.90999984741211,42.025001525878906,104237,0.0,0.0
2024-05-08 10:30:00-04:00,42.029998779296875,42.09000015258789,41.9900016784668,42.0,69937,0.0,0.0
2024-05-08 11:30:00-04:00,41.9900016784668,42.029998779296875,41.779998779296875,41.779998779296875,95408,0.0,0.0
2024-05-08 12:30:00-04:00,41.78499984741211,41.79999923706055,41.70000076293945,41.72999954223633,116262,0.0,0.0
2024-05-08 13:30:00-04:00,41.72999954223633,41.72999954223633,41.59000015258789,41.66999816894531,131215,0.0,0.0
2024-05-08 14:30:00-04:00,41.66999816894531,41.88999938964844,41.584999084472656,41.81999969482422,163897,0.0,0.0
2024-05-08 15:30:00-04:00,41.82500076293945,41.869998931884766,41.709999084472656,41.709999084472656,184176,0.0,0.0
2024-05-09 09:30:00-04:00,41.939998626708984,42.02000045776367,41.63999938964844,41.88999938964844,68279,0.0,0.0
2024-05-09 10:30:00-04:00,41.88999938964844,42.0099983215332,41.880001068115234,41.93000030517578,73815,0.0,0.0
2024-05-09 11:30:00-04:00,41.939998626708984,42.040000915527344,41.89500045776367,42.040000915527344,56844,0.0,0.0
2024-05-09 12:30:00-04:00,42.03499984741211,42.18000030517578,42.032798767089844,42.165000915527344,82205,0.0,0.0
2024-05-09 13:30:00-04:00,42.185001373291016,42.25,42.11000061035156,42.18000030517578,75238,0.0,0.0
2024-05-09 14:30:00-04:00,42.17499923706055,42.189998626708984,42.099998474121094,42.15999984741211,67019,0.0,0.0
2024-05-09 15:30:00-04:00,42.15999984741211,42.27000045776367,42.10499954223633,42.220001220703125,175027,0.0,0.0
2024-05-10 09:30:00-04:00,42.369998931884766,42.459999084472656,42.08000183105469,42.22999954223633,75791,0.0,0.0
2024-05-10 10:30:00-04:00,42.220001220703125,42.290000915527344,42.189998626708984,42.27000045776367,50607,0.0,0.0
2024-05-10 11:30:00-04:00,42.279998779296875,42.369998931884766,42.25,42.27399826049805,58997,0.0,0.0
2024-05-10 12:30:00-04:00,42.279998779296875,42.290000915527344,42.150001525878906,42.150001525878906,55428,0.0,0.0
2024-05-10 13:30:00-04:00,42.13999938964844,42.255001068115234,42.130001068115234,42.22999954223633,56744,0.0,0.0
2024-05-10 14:30:00-04:00,42.2400016784668,42.349998474121094,42.20500183105469,42.26499938964844,66050,0.0,0.0
2024-05-10 15:30:00-04:00,42.27000045776367,42.310001373291016,42.220001220703125,42.2599983215332,140256,0.0,0.0
2024-05-13 09:30:00-04:00,42.47999954223633,42.54999923706055,42.31999969482422,42.41999816894531,56899,0.0,0.0
2024-05-13 10:30:00-04:00,42.43000030517578,42.47999954223633,42.400001525878906,42.459999084472656,52639,0.0,0.0
2024-05-13 11:30:00-04:00,42.369998931884766,42.41999816894531,42.36000061035156,42.40999984741211,46527,0.0,0.0
2024-05-13 12:30:00-04:00,42.41999816894531,42.459999084472656,42.38999938964844,42.439998626708984,47678,0.0,0.0
2024-05-13 13:30:00-04:00,42.435001373291016,42.4900016784668,42.40999984741211,42.47999954223633,55383,0.0,0.0
2024-05-13 14:30:00-04:00,42.477699279785156,42.59000015258789,42.477699279785156,42.56999969482422,73670,0.0,0.0
2024-05-13 15:30:00-04:00,42.560001373291016,42.79999923706055,42.53499984741211,42.779998779296875,203758,0.0,0.0
2024-05-14 09:30:00-04:00,42.9900016784668,42.9900016784668,42.70000076293945,42.709999084472656,152501,0.0,0.0
2024-05-14 10:30:00-04:00,42.709999084472656,42.849998474121094,42.6150016784668,42.81999969482422,119841,0.0,0.0
2024-05-14 11:30:00-04:00,42.83000183105469,42.90999984741211,42.630001068115234,42.654998779296875,93882,0.0,0.0
2024-05-14 12:30:00-04:00,42.654998779296875,42.66999816894531,42.4900016784668,42.5,65639,0.0,0.0
2024-05-14 13:30:00-04:00,42.505001068115234,42.720001220703125,42.494998931884766,42.67499923706055,144659,0.0,0.0
2024-05-14 14:30:00-04:00,42.67499923706055,42.900001525878906,42.67499923706055,42.70000076293945,114627,0.0,0.0
2024-05-14 15:30:00-04:00,42.689998626708984,42.720001220703125,42.619998931884766,42.68000030517578,211810,0.0,0.0
2024-05-15 09:30:00-04:00,43.22999954223633,43.349998474121094,42.849998474121094,42.93000030517578,143158,0.0,0.0
2024-05-15 10:30:00-04:00,42.93000030517578,42.93000030517578,42.69049835205078,42.91999816894531,147802,0.0,0.0
2024-05-15 11:30:00-04:00,42.93000030517578,43.189998626708984,42.93000030517578,43.040000915527344,227208,0.0,0.0
2024-05-15 12:30:00-04:00,43.029998779296875,43.060001373291016,42.86000061035156,42.869998931884766,112293,0.0,0.0
2024-05-15 13:30:00-04:00,42.869998931884766,42.900001525878906,42.790000915527344,42.869998931884766,78534,0.0,0.0
2024-05-15 14:30:00-04:00,42.86000061035156,42.92499923706055,42.83000183105469,42.88999938964844,106137,0.0,0.0
2024-05-15 15:30:00-04:00,42.88999938964844,42.91999816894531,42.70000076293945,42.709999084472656,249519,0.0,0.0
2024-05-16 09:30:00-04:00,42.7400016784668,42.779998779296875,42.38999938964844,42.38999938964844,100452,0.0,0.0
2024-05-16 10:30:00-04:00,42.380001068115234,42.474998474121094,42.3650016784668,42.435001373291016,101945,0.0,0.0
2024-05-16 11:30:00-04:00,42.439998626708984,42.5099983215332,42.3849983215332,42.41999816894531,77750,0.0,0.0
2024-05-16 12:30:00-04:00,42.40999984741211,42.41999816894531,42.244998931884766,42.267601013183594,97032,0.0,0.0
2024-05-16 13:30:00-04:00,42.27000045776367,42.44499969482422,42.27000045776367,42.435001373291016,96501,0.0,0.0
2024-05-16 14:30:00-04:00,42.45000076293945,42.470001220703125,42.33000183105469,42.380001068115234,105908,0.0,0.0
2024-05-16 15:30:00-04:00,42.380001068115234,42.47999954223633,42.349998474121094,42.40999984741211,251375,0.0,0.0
2024-05-17 09:30:00-04:00,42.5099983215332,42.540000915527344,42.31999969482422,42.494998931884766,46484,0.0,0.0
2024-05-17 10:30:00-04:00,42.4900016784668,42.5,42.369998931884766,42.3849983215332,88357,0.0,0.0
2024-05-17 11:30:00-04:00,42.380001068115234,42.565399169921875,42.31999969482422,42.560001373291016,65728,0.0,0.0
2024-05-17 12:30:00-04:00,42.56999969482422,42.599998474121094,42.529998779296875,42.58000183105469,40321,0.0,0.0
2024-05-17 13:30:00-04:00,42.570701599121094,42.619998931884766,42.560001373291016,42.560001373291016,27839,0.0,0.0
2024-05-17 14:30:00-04:00,42.560001373291016,42.61000061035156,42.52000045776367,42.560001373291016,58101,0.0,0.0
2024-05-17 15:30:00-04:00,42.56999969482422,42.63999938964844,42.54999923706055,42.560001373291016,131179,0.0,0.0
2024-05-20 09:30:00-04:00,42.43000030517578,42.59000015258789,42.29999923706055,42.36000061035156,50693,0.0,0.0
2024-05-20 10:30:00-04:00,42.369998931884766,42.459999084472656,42.33100128173828,42.400001525878906,35704,0.0,0.0
2024-05-20 11:30:00-04:00,42.400001525878906,42.439998626708984,42.27000045776367,42.27000045776367,43968,0.0,0.0
2024-05-20 12:30:00-04:00,42.279998779296875,42.28499984741211,42.11000061035156,42.11000061035156,92854,0.0,0.0
2024-05-20 13:30:00-04:00,42.11000061035156,42.11000061035156,41.97999954223633,42.084999084472656,67531,0.0,0.0
2024-05-20 14:30:00-04:00,42.08000183105469,42.154998779296875,42.0,42.13999938964844,94250,0.0,0.0
2024-05-20 15:30:00-04:00,42.1349983215332,42.150001525878906,42.0,42.150001525878906,203050,0.0,0.0
2024-05-21 09:30:00-04:00,42.06999969482422,42.7599983215332,42.06999969482422,42.71500015258789,99403,0.0,0.0
2024-05-21 10:30:00-04:00,42.720001220703125,42.720001220703125,42.47999954223633,42.57500076293945,109000,0.0,0.0
2024-05-21 11:30:00-04:00,42.58000183105469,42.619998931884766,42.45000076293945,42.45000076293945,80260,0.0,0.0
2024-05-21 12:30:00-04:00,42.4900016784668,42.529998779296875,42.439998626708984,42.5099983215332,38575,0.0,0.0
2024-05-21 13:30:00-04:00,42.5099983215332,42.52000045776367,42.43000030517578,42.435001373291016,37595,0.0,0.0
2024-05-21 14:30:00-04:00,42.438899993896484,42.470001220703125,42.3849983215332,42.435001373291016,64048,0.0,0.0
2024-05-21 15:30:00-04:00,42.43000030517578,42.48500061035156,42.369998931884766,42.439998626708984,176587,0.0,0.0
2024-05-22 09:30:00-04:00,42.29999923706055,42.43000030517578,42.119998931884766,42.18000030517578,41388,0.0,0.0
2024-05-22 10:30:00-04:00,42.150001525878906,42.310001373291016,42.150001525878906,42.25,68579,0.0,0.0
2024-05-22 11:30:00-04:00,42.244998931884766,42.255001068115234,42.189998626708984,42.221099853515625,38498,0.0,0.0
2024-05-22 12:30:00-04:00,42.21500015258789,42.220001220703125,42.16999816894531,42.17499923706055,31703,0.0,0.0
2024-05-22 13:30:00-04:00,42.16999816894531,42.209999084472656,41.86000061035156,41.86000061035156,48992,0.0,0.0
2024-05-22 14:30:00-04:00,41.869998931884766,42.040000915527344,41.869998931884766,41.97999954223633,55938,0.0,0.0
2024-05-22 15:30:00-04:00,41.9900016784668,42.040000915527344,41.880001068115234,41.91999816894531,113731,0.0,0.0
2024-05-23 09:30:00-04:00,41.77000045776367,41.834999084472656,41.45500183105469,41.54999923706055,41977,0.0,0.0
2024-05-23 10:30:00-04:00,41.56999969482422,41.63999938964844,41.52000045776367,41.58000183105469,57953,0.0,0.0
2024-05-23 11:30:00-04:00,41.58000183105469,41.70000076293945,41.58000183105469,41.630001068115234,42057,0.0,0.0
2024-05-23 12:30:00-04:00,41.630001068115234,41.66999816894531,41.47999954223633,41.540000915527344,55104,0.0,0.0
2024-05-23 13:30:00-04:00,41.540000915527344,41.540000915527344,41.27000045776367,41.27000045776367,41916,0.0,0.0
2024-05-23 14:30:00-04:00,41.2599983215332,41.349998474121094,41.185001373291016,41.209999084472656,59462,0.0,0.0
2024-05-23 15:30:00-04:00,41.209999084472656,41.224998474121094,41.099998474121094,41.11000061035156,109220,0.0,0.0
2024-05-24 09:30:00-04:00,41.369998931884766,41.369998931884766,41.119998931884766,41.31999969482422,43985,0.0,0.0
2024-05-24 10:30:00-04:00,41.310001373291016,41.42639923095703,41.18000030517578,41.42499923706055,53088,0.0,0.0
2024-05-24 11:30:00-04:00,41.41999816894531,41.43000030517578,41.29999923706055,41.400001525878906,39132,0.0,0.0
2024-05-24 12:30:00-04:00,41.400001525878906,41.41999816894531,41.31999969482422,41.400001525878906,23755,0.0,0.0
2024-05-24 13:30:00-04:00,41.38999938964844,41.40999984741211,41.27000045776367,41.28499984741211,46773,0.0,0.0
2024-05-24 14:30:00-04:00,41.29999923706055,41.3849983215332,41.29499816894531,41.32500076293945,53967,0.0,0.0
2024-05-24 15:30:00-04:00,41.32500076293945,41.38999938964844,41.290000915527344,41.31999969482422,107564,0.0,0.0
2024-05-28 09:30:00-04:00,41.56999969482422,41.834999084472656,41.33000183105469,41.33000183105469,159769,0.0,0.0
2024-05-28 10:30:00-04:00,41.31999969482422,41.380001068115234,41.20000076293945,41.2400016784668,55298,0.0,0.0
2024-05-28 11:30:00-04:00,41.2400016784668,41.27000045776367,41.20000076293945,41.25,56819,0.0,0.0
2024-05-28 12:30:00-04:00,41.2599983215332,41.278499603271484,41.09000015258789,41.099998474121094,47337,0.0,0.0
2024-05-28 13:30:00-04:00,41.09000015258789,41.099998474121094,40.95000076293945,40.95000076293945,49675,0.0,0.0
2024-05-28 14:30:00-04:00,40.95000076293945,41.049198150634766,40.90999984741211,40.93009948730469,55750,0.0,0.0
2024-05-28 15:30:00-04:00,40.939998626708984,40.959999084472656,40.7400016784668,40.779998779296875,233373,0.0,0.0
2024-05-29 09:30:00-04:00,40.400001525878906,40.4900016784668,40.16999816894531,40.220001220703125,65346,0.0,0.0
2024-05-29 10:30:00-04:00,40.209999084472656,40.2400016784668,40.1150016784668,40.220001220703125,53765,0.0,0.0
2024-05-29 11:30:00-04:00,40.220001220703125,40.290000915527344,40.16600036621094,40.27000045776367,35603,0.0,0.0
2024-05-29 12:30:00-04:00,40.279998779296875,40.43000030517578,40.279998779296875,40.380001068115234,42332,0.0,0.0
2024-05-29 13:30:00-04:00,40.38999938964844,40.38999938964844,40.20000076293945,40.20000076293945,50584,0.0,0.0
2024-05-29 14:30:00-04:00,40.20000076293945,40.33000183105469,40.185001373291016,40.29999923706055,59115,0.0,0.0
2024-05-29 15:30:00-04:00,40.279998779296875,40.362300872802734,40.25,40.290000915527344,114870,0.0,0.0
2024-05-30 09:30:00-04:00,40.61000061035156,40.959999084472656,40.529998779296875,40.88999938964844,55606,0.0,0.0
2024-05-30 10:30:00-04:00,40.880001068115234,41.0099983215332,40.86000061035156,40.970001220703125,90256,0.0,0.0
2024-05-30 11:30:00-04:00,40.970001220703125,40.970001220703125,40.75,40.904998779296875,48677,0.0,0.0
2024-05-30 12:30:00-04:00,40.894500732421875,40.95000076293945,40.849998474121094,40.900001525878906,65343,0.0,0.0
2024-05-30 13:30:00-04:00,40.900001525878906,40.970001220703125,40.81999969482422,40.83000183105469,74011,0.0,0.0
2024-05-30 14:30:00-04:00,40.82500076293945,40.90999984741211,40.790000915527344,40.834999084472656,73085,0.0,0.0
2024-05-30 15:30:00-04:00,40.84000015258789,40.95000076293945,40.75,40.939998626708984,188607,0.0,0.0
2024-05-31 09:30:00-04:00,40.880001068115234,41.48500061035156,40.880001068115234,41.47999954223633,136215,0.0,0.0
2024-05-31 10:30:00-04:00,41.47999954223633,41.52000045776367,41.36000061035156,41.41999816894531,119954,0.0,0.0
2024-05-31 11:30:00-04:00,41.40999984741211,41.45000076293945,41.349998474121094,41.439998626708984,58340,0.0,0.0
2024-05-31 12:30:00-04:00,41.439998626708984,41.494998931884766,41.39500045776367,41.47999954223633,54665,0.0,0.0
2024-05-31 13:30:00-04:00,41.48500061035156,41.65999984741211,41.470001220703125,41.63999938964844,57382,0.0,0.0
2024-05-31 14:30:00-04:00,41.63999938964844,41.7599983215332,41.63999938964844,41.75,89050,0.0,0.0
2024-05-31 15:30:00-04:00,41.7400016784668,41.814998626708984,41.70000076293945,41.790000915527344,312895,0.0,0.0
2024-06-03 09:30:00-04:00,41.77000045776367,42.06999969482422,41.709999084472656,42.025001525878906,87826,0.0,0.0
2024-06-03 10:30:00-04:00,42.0099983215332,42.060001373291016,41.849998474121094,42.029998779296875,86895,0.0,0.0
2024-06-03 11:30:00-04:00,42.04999923706055,42.084999084472656,41.90999984741211,42.029998779296875,76487,0.0,0.0
2024-06-03 12:30:00-04:00,42.029998779296875,42.099998474121094,41.95000076293945,42.060001373291016,81535,0.0,0.0
2024-06-03 13:30:00-04:00,42.060001373291016,42.130001068115234,41.9900016784668,42.08000183105469,98903,0.0,0.0
2024-06-03 14:30:00-04:00,42.06999969482422,42.119998931884766,42.0099983215332,42.04999923706055,111102,0.0,0.0
2024-06-03 15:30:00-04:00,42.04999923706055,42.18000030517578,41.9900016784668,42.18000030517578,262772,0.0,0.0
2024-06-04 09:30:00-04:00,42.11000061035156,42.43000030517578,42.0099983215332,42.43000030517578,64054,0.0,0.0
2024-06-04 10:30:00-04:00,42.400001525878906,42.709999084472656,42.380001068115234,42.70500183105469,107647,0.0,0.0
2024-06-04 11:30:00-04:00,42.689998626708984,42.70000076293945,42.47999954223633,42.61000061035156,47523,0.0,0.0
2024-06-04 12:30:00-04:00,42.61000061035156,42.86000061035156,42.599998474121094,42.86000061035156,65419,0.0,0.0
2024-06-04 13:30:00-04:00,42.869998931884766,42.869998931884766,42.7599983215332,42.810001373291016,46542,0.0,0.0
2024-06-04 14:30:00-04:00,42.79999923706055,42.86000061035156,42.66999816894531,42.68000030517578,78103,0.0,0.0
2024-06-04 15:30:00-04:00,42.689998626708984,42.76499938964844,42.56999969482422,42.61000061035156,209720,0.0,0.0
2024-06-05 09:30:00-04:00,42.560001373291016,42.560001373291016,42.15999984741211,42.369998931884766,108732,0.0,0.0
2024-06-05 10:30:00-04:00,42.36000061035156,42.459999084472656,42.31999969482422,42.38999938964844,59758,0.0,0.0
2024-06-05 11:30:00-04:00,42.38999938964844,42.45500183105469,42.2599983215332,42.27000045776367,48973,0.0,0.0
2024-06-05 12:30:00-04:00,42.275001525878906,42.40999984741211,42.25,42.369998931884766,80906,0.0,0.0
2024-06-05 13:30:00-04:00,42.3650016784668,42.380001068115234,42.2599983215332,42.29499816894531,58809,0.0,0.0
2024-06-05 14:30:00-04:00,42.29499816894531,42.34000015258789,42.150001525878906,42.20000076293945,75722,0.0,0.0
2024-06-05 15:30:00-04:00,42.189998626708984,42.22999954223633,42.07500076293945,42.189998626708984,187769,0.0,0.0
2024-06-06 09:30:00-04:00,42.02000045776367,42.349998474121094,41.93000030517578,42.349998474121094,40021,0.0,0.0
2024-06-06 10:30:00-04:00,42.349998474121094,42.400001525878906,42.220001220703125,42.380001068115234,25689,0.0,0.0
2024-06-06 11:30:00-04:00,42.380001068115234,42.5099983215332,42.380001068115234,42.5099983215332,38117,0.0,0.0
2024-06-06 12:30:00-04:00,42.52000045776367,42.59000015258789,42.459999084472656,42.5099983215332,35178,0.0,0.0
2024-06-06 13:30:00-04:00,42.4900016784668,42.650001525878906,42.470001220703125,42.560001373291016,67798,0.0,0.0
2024-06-06 14:30:00-04:00,42.560001373291016,42.630001068115234,42.540000915527344,42.630001068115234,53189,0.0,0.0
2024-06-06 15:30:00-04:00,42.630001068115234,42.7599983215332,42.59000015258789,42.7400016784668,117588,0.0,0.0
2024-06-07 09:30:00-04:00,42.15999984741211,42.439998626708984,42.09000015258789,42.38999938964844,48968,0.0,0.0
2024-06-07 10:30:00-04:00,42.38999938964844,42.45000076293945,42.279998779296875,42.279998779296875,49594,0.0,0.0
2024-06-07 11:30:00-04:00,42.290000915527344,42.369998931884766,42.279998779296875,42.31999969482422,29710,0.0,0.0
2024-06-07 12:30:00-04:00,42.31999969482422,42.349998474121094,42.18000030517578,42.26430130004883,35158,0.0,0.0
2024-06-07 13:30:00-04:00,42.2599983215332,42.2599983215332,42.040000915527344,42.082000732421875,37758,0.0,0.0
2024-06-07 14:30:00-04:00,42.099998474121094,42.130001068115234,41.9900016784668,42.02000045776367,49014,0.0,0.0
2024-06-07 15:30:00-04:00,42.0099983215332,42.064998626708984,41.939998626708984,42.029998779296875,111976,0.0,0.0
2024-06-10 09:30:00-04:00,41.83000183105469,41.97999954223633,41.40999984741211,41.665000915527344,80732,0.0,0.0
2024-06-10 10:30:00-04:00,41.650001525878906,41.86000061035156,41.63999938964844,41.82500076293945,62141,0.0,0.0
2024-06-10 11:30:00-04:00,41.83000183105469,41.88999938964844,41.7599983215332,41.88999938964844,53059,0.0,0.0
2024-06-10 12:30:00-04:00,41.89500045776367,41.93000030517578,41.790000915527344,41.8650016784668,35378,0.0,0.0
2024-06-10 13:30:00-04:00,41.869998931884766,41.9900016784668,41.849998474121094,41.939998626708984,44012,0.0,0.0
2024-06-10 14:30:00-04:00,41.935001373291016,41.95000076293945,41.810001373291016,41.849998474121094,55020,0.0,0.0
2024-06-10 15:30:00-04:00,41.86000061035156,41.875,41.720001220703125,41.72999954223633,134823,0.0,0.0
2024-06-11 09:30:00-04:00,41.52000045776367,41.599998474121094,41.24100112915039,41.509498596191406,54119,0.0,0.0
2024-06-11 10:30:00-04:00,41.5099983215332,41.61000061035156,41.5099983215332,41.61000061035156,33182,0.0,0.0
2024-06-11 11:30:00-04:00,41.599998474121094,41.619998931884766,41.5,41.54999923706055,45247,0.0,0.0
2024-06-11 12:30:00-04:00,41.560001373291016,41.63999938964844,41.54999923706055,41.59000015258789,33693,0.0,0.0
2024-06-11 13:30:00-04:00,41.589900970458984,41.68000030517578,41.57500076293945,41.65999984741211,37166,0.0,0.0
2024-06-11 14:30:00-04:00,41.65999984741211,41.779998779296875,41.60499954223633,41.720001220703125,74636,0.0,0.0
2024-06-11 15:30:00-04:00,41.71500015258789,41.7599983215332,41.65999984741211,41.65999984741211,220834,0.0,0.0
2024-06-12 09:30:00-04:00,42.540000915527344,42.75,42.35499954223633,42.5,111956,0.0,0.0
2024-06-12 10:30:00-04:00,42.4900016784668,42.58000183105469,42.41999816894531,42.46699905395508,117753,0.0,0.0
2024-06-12 11:30:00-04:00,42.470001220703125,42.470001220703125,42.29999923706055,42.34000015258789,65563,0.0,0.0
2024-06-12 12:30:00-04:00,42.34000015258789,42.349998474121094,42.20000076293945,42.22999954223633,53705,0.0,0.0
2024-06-12 13:30:00-04:00,42.22999954223633,42.25,41.980098724365234,42.189998626708984,76780,0.0,0.0
2024-06-12 14:30:00-04:00,42.18000030517578,42.209999084472656,41.779998779296875,41.78499984741211,123222,0.0,0.0
2024-06-12 15:30:00-04:00,41.779998779296875,41.89500045776367,41.7599983215332,41.869998931884766,154125,0.0,0.0
2024-06-13 09:30:00-04:00,41.900001525878906,42.150001525878906,41.86000061035156,42.02000045776367,37791,0.0,0.0
2024-06-13 10:30:00-04:00,41.95500183105469,42.130001068115234,41.89400100708008,42.06999969482422,51125,0.0,0.0
2024-06-13 11:30:00-04:00,42.09000015258789,42.099998474121094,42.0,42.06999969482422,39832,0.0,0.0
2024-06-13 12:30:00-04:00,42.04999923706055,42.279998779296875,42.04999923706055,42.22999954223633,30786,0.0,0.0
2024-06-13 13:30:00-04:00,42.22999954223633,42.25,42.13669967651367,42.15999984741211,36644,0.0,0.0
2024-06-13 14:30:00-04:00,42.15999984741211,42.224998474121094,42.150001525878906,42.209999084472656,45073,0.0,0.0
2024-06-13 15:30:00-04:00,42.209999084472656,42.220001220703125,42.06999969482422,42.08000183105469,107547,0.0,0.0
2024-06-14 09:30:00-04:00,41.869998931884766,42.17499923706055,41.84000015258789,41.939998626708984,34810,0.0,0.0
2024-06-14 10:30:00-04:00,41.94499969482422,42.06999969482422,41.875,42.060001373291016,25180,0.0,0.0
2024-06-14 11:30:00-04:00,42.06999969482422,42.150001525878906,42.040000915527344,42.099998474121094,56611,0.0,0.0
2024-06-14 12:30:00-04:00,42.089900970458984,42.22999954223633,42.08000183105469,42.209999084472656,41617,0.0,0.0
2024-06-14 13:30:00-04:00,42.20000076293945,42.2400016784668,42.11000061035156,42.130001068115234,55495,0.0,0.0
2024-06-14 14:30:00-04:00,42.130001068115234,42.19499969482422,42.064998626708984,42.130001068115234,67076,0.0,0.0
2024-06-14 15:30:00-04:00,42.099998474121094,42.119998931884766,42.060001373291016,42.11000061035156,99206,0.0,0.0
2024-06-17 09:30:00-04:00,41.869998931884766,42.16999816894531,41.779998779296875,42.08000183105469,82921,0.0,0.0
2024-06-17 10:30:00-04:00,42.09000015258789,42.09000015258789,41.93000030517578,42.029998779296875,54745,0.0,0.0
2024-06-17 11:30:00-04:00,42.04499816894531,42.13999938964844,41.97999954223633,42.13999938964844,50496,0.0,0.0
2024-06-17 12:30:00-04:00,42.13999938964844,42.13999938964844,42.0,42.02000045776367,38029,0.0,0.0
2024-06-17 13:30:00-04:00,42.040000915527344,42.310001373291016,42.040000915527344,42.310001373291016,57899,0.0,0.0
2024-06-17 14:30:00-04:00,42.314998626708984,42.31999969482422,42.0099983215332,42.029998779296875,66132,0.0,0.0
2024-06-17 15:30:00-04:00,42.02000045776367,42.119998931884766,42.01110076904297,42.09000015258789,150525,0.0,0.0
2024-06-18 09:30:00-04:00,42.04999923706055,42.220001220703125,42.04999923706055,42.10540008544922,42084,0.0,0.0
2024-06-18 10:30:00-04:00,42.13999938964844,42.25,42.065399169921875,42.17499923706055,60943,0.0,0.0
2024-06-18 11:30:00-04:00,42.16999816894531,42.36000061035156,42.16999816894531,42.25090026855469,80860,0.0,0.0
2024-06-18 12:30:00-04:00,42.2400016784668,42.29999923706055,42.16999816894531,42.189998626708984,85432,0.0,0.0
2024-06-18 13:30:00-04:00,42.18000030517578,42.25,42.150001525878906,42.22999954223633,55621,0.0,0.0
2024-06-18 14:30:00-04:00,42.2400016784668,42.2599983215332,42.165000915527344,42.220001220703125,58435,0.0,0.0
2024-06-18 15:30:00-04:00,42.20500183105469,42.2400016784668,42.17499923706055,42.20000076293945,110655,0.0,0.0
2024-06-20 09:30:00-04:00,42.130001068115234,42.380001068115234,41.91999816894531,42.31999969482422,62099,0.0,0.0
2024-06-20 10:30:00-04:00,42.349998474121094,42.349998474121094,42.060001373291016,42.060001373291016,48473,0.0,0.0
2024-06-20 11:30:00-04:00,42.04999923706055,42.09400177001953,41.959999084472656,42.0,80649,0.0,0.0
2024-06-20 12:30:00-04:00,42.0,42.029998779296875,41.779998779296875,41.88999938964844,211258,0.0,0.0
2024-06-20 13:30:00-04:00,41.88999938964844,42.060001373291016,41.88999938964844,42.060001373291016,52923,0.0,0.0
2024-06-20 14:30:00-04:00,42.04999923706055,42.09000015258789,41.90999984741211,42.09000015258789,89944,0.0,0.0
2024-06-20 15:30:00-04:00,42.084999084472656,42.119998931884766,42.029998779296875,42.09000015258789,173818,0.0,0.0
2024-06-21 09:30:00-04:00,42.189998626708984,42.189998626708984,41.77000045776367,41.86000061035156,242614,0.0,0.0
2024-06-21 10:30:00-04:00,41.86000061035156,41.95000076293945,41.755001068115234,41.939998626708984,74401,0.0,0.0
2024-06-21 11:30:00-04:00,41.93000030517578,42.03499984741211,41.93000030517578,41.97999954223633,60712,0.0,0.0
2024-06-21 12:30:00-04:00,41.959999084472656,42.060001373291016,41.91999816894531,42.01499938964844,57773,0.0,0.0
2024-06-21 13:30:00-04:00,42.0099983215332,42.09000015258789,42.0010986328125,42.040000915527344,78924,0.0,0.0
2024-06-21 14:30:00-04:00,42.029998779296875,42.119998931884766,41.9900016784668,42.029998779296875,82322,0.0,0.0
2024-06-21 15:30:00-04:00,42.040000915527344,42.290000915527344,42.040000915527344,42.220001220703125,158276,0.0,0.0
2024-06-24 09:30:00-04:00,42.2599983215332,42.79999923706055,42.210899353027344,42.779998779296875,60337,0.0,0.0
2024-06-24 10:30:00-04:00,42.779998779296875,43.0,42.75,42.90999984741211,52522,0.0,0.0
2024-06-24 11:30:00-04:00,42.8849983215332,42.90999984741211,42.689998626708984,42.90999984741211,38693,0.0,0.0
2024-06-24 12:30:00-04:00,42.904998779296875,42.90999984741211,42.750701904296875,42.80500030517578,39087,0.0,0.0
2024-06-24 13:30:00-04:00,42.79499816894531,42.84000015258789,42.70600128173828,42.83000183105469,29189,0.0,0.0
2024-06-24 14:30:00-04:00,42.83000183105469,42.86000061035156,42.63999938964844,42.66999816894531,39477,0.0,0.0
2024-06-24 15:30:00-04:00,42.68000030517578,42.68000030517578,42.529998779296875,42.529998779296875,125632,0.0,0.0
2024-06-25 09:30:00-04:00,42.4900016784668,42.55500030517578,42.2599983215332,42.2599983215332,35238,0.0,0.0
2024-06-25 10:30:00-04:00,42.274600982666016,42.290000915527344,42.0099983215332,42.0099983215332,39143,0.0,0.0
2024-06-25 11:30:00-04:00,42.0099983215332,42.02000045776367,41.88999938964844,41.939998626708984,42426,0.0,0.0
2024-06-25 12:30:00-04:00,41.90999984741211,42.040000915527344,41.849998474121094,42.03499984741211,32650,0.0,0.0
2024-06-25 13:30:00-04:00,42.029998779296875,42.09000015258789,41.97999954223633,42.0099983215332,38258,0.0,0.0
2024-06-25 14:30:00-04:00,41.9900016784668,42.040000915527344,41.939998626708984,41.95000076293945,51493,0.0,0.0
2024-06-25 15:30:00-04:00,41.939998626708984,41.959999084472656,41.86000061035156,41.880001068115234,104552,0.0,0.0
2024-06-26 09:30:00-04:00,41.61000061035156,41.81999969482422,41.59000015258789,41.814998626708984,35825,0.0,0.0
2024-06-26 10:30:00-04:00,41.79999923706055,41.849998474121094,41.70500183105469,41.84000015258789,35297,0.0,0.0
2024-06-26 11:30:00-04:00,41.83000183105469,41.84000015258789,41.654998779296875,41.654998779296875,37114,0.0,0.0
2024-06-26 12:30:00-04:00,41.650001525878906,41.724998474121094,41.630001068115234,41.63999938964844,41998,0.0,0.0
2024-06-26 13:30:00-04:00,41.63999938964844,41.650001525878906,41.595001220703125,41.625,59094,0.0,0.0
2024-06-26 14:30:00-04:00,41.630001068115234,41.630001068115234,41.4900016784668,41.5,86110,0.0,0.0
2024-06-26 15:30:00-04:00,41.4900016784668,41.72999954223633,41.470001220703125,41.65999984741211,163976,0.0,0.0
2024-06-27 09:30:00-04:00,41.75,41.970001220703125,41.56999969482422,41.959999084472656,86556,0.0,0.0
2024-06-27 10:30:00-04:00,41.959999084472656,42.13999938964844,41.959999084472656,42.060001373291016,106575,0.0,0.0
2024-06-27 11:30:00-04:00,42.05500030517578,42.08000183105469,41.93000030517578,41.970001220703125,77560,0.0,0.0
2024-06-27 12:30:00-04:00,41.970001220703125,41.970001220703125,41.7599983215332,41.779998779296875,76187,0.0,0.0
2024-06-27 13:30:00-04:00,41.779998779296875,41.83000183105469,41.77000045776367,41.779998779296875,61245,0.0,0.0
2024-06-27 14:30:00-04:00,41.77000045776367,41.96500015258789,41.77000045776367,41.95500183105469,86782,0.0,0.0
2024-06-27 15:30:00-04:00,41.95000076293945,42.23500061035156,41.95000076293945,42.220001220703125,177969,0.0,0.0
2024-06-28 09:30:00-04:00,42.400001525878906,42.61000061035156,42.099998474121094,42.16999816894531,63209,0.0,0.0
2024-06-28 10:30:00-04:00,42.189998626708984,42.33000183105469,42.189998626708984,42.29999923706055,48296,0.0,0.0
2024-06-28 11:30:00-04:00,42.29999923706055,42.331298828125,42.220001220703125,42.2599983215332,39627,0.0,0.0
2024-06-28 12:30:00-04:00,42.26499938964844,42.279998779296875,42.209999084472656,42.22999954223633,38855,0.0,0.0
2024-06-28 13:30:00-04:00,42.220001220703125,42.220001220703125,42.130001068115234,42.189998626708984,38359,0.0,0.0
2024-06-28 14:30:00-04:00,42.18000030517578,42.29999923706055,42.16999816894531,42.290000915527344,66956,0.0,0.0
2024-06-28 15:30:00-04:00,42.310001373291016,42.63999938964844,42.25,42.58000183105469,245333,0.0,0.0
2024-07-01 09:30:00-04:00,42.41999816894531,42.619998931884766,42.209999084472656,42.23500061035156,88039,0.0,0.0
2024-07-01 10:30:00-04:00,42.220001220703125,42.220001220703125,41.880001068115234,41.93000030517578,94201,0.0,0.0
2024-07-01 11:30:00-04:00,41.93000030517578,42.130001068115234,41.83000183105469,42.130001068115234,80036,0.0,0.0
2024-07-01 12:30:00-04:00,42.130001068115234,42.130001068115234,41.959999084472656,42.11000061035156,50865,0.0,0.0
2024-07-01 13:30:00-04:00,42.11000061035156,42.11000061035156,42.0,42.029998779296875,49912,0.0,0.0
2024-07-01 14:30:00-04:00,42.029998779296875,42.18000030517578,42.029998779296875,42.060001373291016,63752,0.0,0.0
2024-07-01 15:30:00-04:00,42.060001373291016,42.290000915527344,42.060001373291016,42.16999816894531,191460,0.0,0.0
2024-07-02 09:30:00-04:00,42.29999923706055,42.459999084472656,42.220001220703125,42.310001373291016,36524,0.0,0.0
2024-07-02 10:30:00-04:00,42.290000915527344,42.38999938964844,42.209999084472656,42.279998779296875,26751,0.0,0.0
2024-07-02 11:30:00-04:00,42.28499984741211,42.34000015258789,42.20000076293945,42.20000076293945,34935,0.0,0.0
2024-07-02 12:30:00-04:00,42.20690155029297,42.25,42.13999938964844,42.209999084472656,26755,0.0,0.0
2024-07-02 13:30:00-04:00,42.209999084472656,42.2599983215332,42.15999984741211,42.25,27059,0.0,0.0
2024-07-02 14:30:00-04:00,42.2599983215332,42.349998474121094,42.2599983215332,42.34000015258789,37863,0.0,0.0
2024-07-02 15:30:00-04:00,42.345001220703125,42.39500045776367,42.29999923706055,42.33000183105469,90710,0.0,0.0
2024-07-03 09:30:00-04:00,42.380001068115234,42.720001220703125,42.369998931884766,42.59000015258789,59003,0.0,0.0
2024-07-03 10:30:00-04:00,42.599998474121094,42.61970138549805,42.380001068115234,42.38999938964844,53502,0.0,0.0
2024-07-03 11:30:00-04:00,42.3849983215332,42.40999984741211,42.220001220703125,42.2400016784668,78548,0.0,0.0
2024-07-05 09:30:00-04:00,42.29999923706055,42.470001220703125,42.13999938964844,42.13999938964844,79969,0.0,0.0
2024-07-05 10:30:00-04:00,42.13999938964844,42.34000015258789,42.099998474121094,42.2599983215332,83353,0.0,0.0
2024-07-05 11:30:00-04:00,42.25,42.31999969482422,42.209999084472656,42.220001220703125,52363,0.0,0.0
2024-07-05 12:30:00-04:00,42.220001220703125,42.24589920043945,42.15999984741211,42.16999816894531,50257,0.0,0.0
2024-07-05 13:30:00-04:00,42.16999816894531,42.3650016784668,42.16999816894531,42.29999923706055,55289,0.0,0.0
2024-07-05 14:30:00-04:00,42.290000915527344,42.38999938964844,42.27000045776367,42.29999923706055,87283,0.0,0.0
2024-07-05 15:30:00-04:00,42.290000915527344,42.529998779296875,42.290000915527344,42.34000015258789,176262,0.0,0.0
2024-07-08 09:30:00-04:00,42.41999816894531,42.6077995300293,42.34000015258789,42.400001525878906,47574,0.0,0.0
2024-07-08 10:30:00-04:00,42.41999816894531,42.52000045776367,42.380001068115234,42.404998779296875,73124,0.0,0.0
2024-07-08 11:30:00-04:00,42.404998779296875,42.52000045776367,42.33000183105469,42.505001068115234,79110,0.0,0.0
2024-07-08 12:30:00-04:00,42.5099983215332,42.59000015258789,42.470001220703125,42.470001220703125,33937,0.0,0.0
2024-07-08 13:30:00-04:00,42.47999954223633,42.61000061035156,42.470001220703125,42.59000015258789,41747,0.0,0.0
2024-07-08 14:30:00-04:00,42.584999084472656,42.66999816894531,42.57500076293945,42.6150016784668,58059,0.0,0.0
2024-07-08 15:30:00-04:00,42.61000061035156,42.66999816894531,42.43000030517578,42.44499969482422,181037,0.0,0.0
2024-07-09 09:30:00-04:00,42.36000061035156,42.46200180053711,42.04999923706055,42.189998626708984,119901,0.0,0.0
2024-07-09 10:30:00-04:00,42.19499969482422,42.28499984741211,42.150001525878906,42.28499984741211,86266,0.0,0.0
2024-07-09 11:30:00-04:00,42.28499984741211,42.35499954223633,42.220001220703125,42.34000015258789,118243,0.0,0.0
2024-07-09 12:30:00-04:00,42.3401985168457,42.36989974975586,42.2599983215332,42.29999923706055,32162,0.0,0.0
2024-07-09 13:30:00-04:00,42.29010009765625,42.29010009765625,42.16999816894531,42.188499450683594,55820,0.0,0.0
2024-07-09 14:30:00-04:00,42.18000030517578,42.20000076293945,42.08000183105469,42.13999938964844,95254,0.0,0.0
2024-07-09 15:30:00-04:00,42.130001068115234,42.209999084472656,42.040000915527344,42.130001068115234,180297,0.0,0.0
2024-07-10 09:30:00-04:00,42.33000183105469,42.404998779296875,42.13999938964844,42.209999084472656,39259,0.0,0.0
2024-07-10 10:30:00-04:00,42.209999084472656,42.4900016784668,42.209999084472656,42.4900016784668,52826,0.0,0.0
2024-07-10 11:30:00-04:00,42.4900016784668,42.4900016784668,42.334999084472656,42.47999954223633,60734,0.0,0.0
2024-07-10 12:30:00-04:00,42.47999954223633,42.56999969482422,42.45000076293945,42.4900016784668,36848,0.0,0.0
2024-07-10 13:30:00-04:00,42.470001220703125,42.560001373291016,42.40999984741211,42.540000915527344,40640,0.0,0.0
2024-07-10 14:30:00-04:00,42.529998779296875,42.59000015258789,42.494998931884766,42.56999969482422,57649,0.0,0.0
2024-07-10 15:30:00-04:00,42.560001373291016,42.77000045776367,42.54999923706055,42.7599983215332,150705,0.0,0.0
2024-07-11 09:30:00-04:00,43.369998931884766,43.96989822387695,43.22999954223633,43.93000030517578,123198,0.0,0.0
2024-07-11 10:30:00-04:00,43.91999816894531,44.14500045776367,43.86000061035156,44.125,213700,0.0,0.0
2024-07-11 11:30:00-04:00,44.119998931884766,44.27000045776367,44.11000061035156,44.150001525878906,131180,0.0,0.0
2024-07-11 12:30:00-04:00,44.15999984741211,44.2599983215332,44.130001068115234,44.23500061035156,87816,0.0,0.0
2024-07-11 13:30:00-04:00,44.23500061035156,44.310001373291016,43.95000076293945,44.0,158639,0.0,0.0
2024-07-11 14:30:00-04:00,44.0099983215332,44.06999969482422,43.93000030517578,44.040000915527344,154710,0.0,0.0
2024-07-11 15:30:00-04:00,44.04999923706055,44.220001220703125,44.04499816894531,44.099998474121094,218662,0.0,0.0
2024-07-12 09:30:00-04:00,44.31999969482422,44.43000030517578,44.189998626708984,44.36000061035156,84768,0.0,0.0
2024-07-12 10:30:00-04:00,44.369998931884766,44.470001220703125,44.279998779296875,44.40999984741211,78192,0.0,0.0
2024-07-12 11:30:00-04:00,44.40999984741211,44.45000076293945,44.36000061035156,44.3849983215332,61726,0.0,0.0
2024-07-12 12:30:00-04:00,44.380001068115234,44.470001220703125,44.349998474121094,44.46500015258789,58663,0.0,0.0
2024-07-12 13:30:00-04:00,44.45009994506836,44.650001525878906,44.44499969482422,44.619998931884766,68672,0.0,0.0
2024-07-12 14:30:00-04:00,44.630001068115234,44.630001068115234,44.5099983215332,44.560001373291016,84301,0.0,0.0
2024-07-12 15:30:00-04:00,44.560001373291016,44.599998474121094,44.349998474121094,44.36000061035156,200938,0.0,0.0
2024-07-15 09:30:00-04:00,44.560001373291016,44.779998779296875,44.47610092163086,44.654998779296875,99168,0.0,0.0
2024-07-15 10:30:00-04:00,44.650001525878906,44.90959930419922,44.59149932861328,44.88999938964844,62594,0.0,0.0
2024-07-15 11:30:00-04:00,44.900001525878906,44.959999084472656,44.790000915527344,44.91999816894531,78405,0.0,0.0
2024-07-15 12:30:00-04:00,44.91999816894531,45.025001525878906,44.86000061035156,44.959999084472656,64802,0.0,0.0
2024-07-15 13:30:00-04:00,44.95000076293945,45.189998626708984,44.86000061035156,45.17499923706055,105793,0.0,0.0
2024-07-15 14:30:00-04:00,45.17499923706055,45.189998626708984,45.0,45.119998931884766,174786,0.0,0.0
2024-07-15 15:30:00-04:00,45.11000061035156,45.16999816894531,45.05500030517578,45.130001068115234,220165,0.0,0.0
2024-07-16 09:30:00-04:00,45.369998931884766,45.689998626708984,45.36000061035156,45.45000076293945,126549,0.0,0.0
2024-07-16 10:30:00-04:00,45.45000076293945,45.45000076293945,45.27000045776367,45.33000183105469,68099,0.0,0.0
2024-07-16 11:30:00-04:00,45.31999969482422,45.3849983215332,45.22999954223633,45.375,83590,0.0,0.0
2024-07-16 12:30:00-04:00,45.380001068115234,45.45000076293945,45.33000183105469,45.349998474121094,42458,0.0,0.0
2024-07-16 13:30:00-04:00,45.349998474121094,45.58000183105469,45.349998474121094,45.564998626708984,80864,0.0,0.0
2024-07-16 14:30:00-04:00,45.56999969482422,45.599998474121094,45.5099983215332,45.529998779296875,65664,0.0,0.0
2024-07-16 15:30:00-04:00,45.529998779296875,45.638999938964844,45.52000045776367,45.54999923706055,169973,0.0,0.0
2024-07-17 09:30:00-04:00,45.52000045776367,46.11000061035156,45.52000045776367,46.0,76012,0.0,0.0
2024-07-17 10:30:00-04:00,45.95000076293945,46.079898834228516,45.91999816894531,45.9900016784668,60240,0.0,0.0
2024-07-17 11:30:00-04:00,45.9900016784668,46.209999084472656,45.9900016784668,46.11000061035156,50957,0.0,0.0
2024-07-17 12:30:00-04:00,46.099998474121094,46.15999984741211,46.060001373291016,46.119998931884766,59874,0.0,0.0
2024-07-17 13:30:00-04:00,46.119998931884766,46.2400016784668,46.099998474121094,46.220001220703125,42785,0.0,0.0
2024-07-17 14:30:00-04:00,46.209999084472656,46.290000915527344,46.15999984741211,46.209999084472656,57750,0.0,0.0
2024-07-17 15:30:00-04:00,46.209999084472656,46.21889877319336,46.060001373291016,46.15999984741211,132380,0.0,0.0
2024-07-18 09:30:00-04:00,45.88999938964844,46.75,45.88999938964844,46.66999816894531,76269,0.0,0.0
2024-07-18 10:30:00-04:00,46.66999816894531,46.70000076293945,46.56999969482422,46.65999984741211,71827,0.0,0.0
2024-07-18 11:30:00-04:00,46.650001525878906,46.689998626708984,46.35129928588867,46.369998931884766,67169,0.0,0.0
2024-07-18 12:30:00-04:00,46.3650016784668,46.470001220703125,46.2599983215332,46.380001068115234,92370,0.0,0.0
2024-07-18 13:30:00-04:00,46.36000061035156,46.380001068115234,46.04999923706055,46.04999923706055,65830,0.0,0.0
2024-07-18 14:30:00-04:00,46.04999923706055,46.119998931884766,45.85499954223633,45.91999816894531,100509,0.0,0.0
2024-07-18 15:30:00-04:00,45.92100143432617,46.029998779296875,45.900001525878906,45.900001525878906,121812,0.0,0.0
2024-07-19 09:30:00-04:00,46.0,46.09000015258789,45.86000061035156,45.93000030517578,41015,0.0,0.0
2024-07-19 10:30:00-04:00,45.91999816894531,46.029998779296875,45.7599983215332,45.79999923706055,65683,0.0,0.0
2024-07-19 11:30:00-04:00,45.79999923706055,46.029998779296875,45.779998779296875,45.900001525878906,60196,0.0,0.0
2024-07-19 12:30:00-04:00,45.900001525878906,45.95000076293945,45.84000015258789,45.93000030517578,57873,0.0,0.0
2024-07-19 13:30:00-04:00,45.90999984741211,45.970001220703125,45.869998931884766,45.8744010925293,81247,0.0,0.0
2024-07-19 14:30:00-04:00,45.875,46.04999923706055,45.79999923706055,46.0099983215332,84582,0.0,0.0
2024-07-19 15:30:00-04:00,46.02000045776367,46.119998931884766,45.96329879760742,46.119998931884766,274611,0.0,0.0
