Datetime,Open,High,Low,Close,Volume,Dividends,Stock Splits
2022-07-21 09:30:00-04:00,13.5600004196167,13.59000015258789,13.5600004196167,13.59000015258789,0,0.0,0.0
2022-07-21 12:30:00-04:00,13.619999885559082,13.630000114440918,13.5,13.5,12155,0.0,0.0
2022-07-21 13:30:00-04:00,13.560400009155273,13.560400009155273,13.510000228881836,13.510000228881836,900,0.0,0.0
2022-07-21 14:30:00-04:00,13.5,13.5,13.5,13.5,100,0.0,0.0
2022-07-21 15:30:00-04:00,13.5,13.5,13.5,13.5,2880,0.0,0.0
2022-07-22 09:30:00-04:00,13.579999923706055,13.579999923706055,13.529999732971191,13.529999732971191,0,0.0,0.0
2022-07-22 10:30:00-04:00,13.600000381469727,13.600000381469727,13.600000381469727,13.600000381469727,300,0.0,0.0
2022-07-22 11:30:00-04:00,13.539999961853027,13.600000381469727,13.539999961853027,13.600000381469727,1671,0.0,0.0
2022-07-22 12:30:00-04:00,13.609999656677246,13.75,13.57800006866455,13.730899810791016,15931,0.0,0.0
2022-07-22 13:30:00-04:00,13.670000076293945,13.670000076293945,13.670000076293945,13.670000076293945,102,0.0,0.0
2022-07-22 14:30:00-04:00,13.614999771118164,13.699999809265137,13.614999771118164,13.699999809265137,3439,0.0,0.0
2022-07-22 15:30:00-04:00,13.699999809265137,13.699999809265137,13.699999809265137,13.699999809265137,190,0.0,0.0
2022-07-25 09:30:00-04:00,13.720000267028809,13.720000267028809,13.720000267028809,13.720000267028809,0,0.0,0.0
2022-07-25 10:30:00-04:00,13.699999809265137,13.699999809265137,13.699999809265137,13.699999809265137,200,0.0,0.0
2022-07-25 11:30:00-04:00,13.699999809265137,13.699999809265137,13.699999809265137,13.699999809265137,1104,0.0,0.0
2022-07-25 13:30:00-04:00,13.699999809265137,13.711199760437012,13.699999809265137,13.699999809265137,6376,0.0,0.0
2022-07-25 14:30:00-04:00,13.699999809265137,13.720000267028809,13.699999809265137,13.720000267028809,1230,0.0,0.0
2022-07-26 09:30:00-04:00,13.739999771118164,13.8100004196167,13.739999771118164,13.760000228881836,0,0.0,0.0
2022-07-26 11:30:00-04:00,13.800000190734863,13.800000190734863,13.800000190734863,13.800000190734863,745,0.0,0.0
2022-07-26 12:30:00-04:00,13.800000190734863,13.966699600219727,13.800000190734863,13.933600425720215,3772,0.0,0.0
2022-07-26 13:30:00-04:00,13.800000190734863,13.800000190734863,13.680000305175781,13.680000305175781,6639,0.0,0.0
2022-07-26 14:30:00-04:00,13.680000305175781,13.680000305175781,13.600000381469727,13.649999618530273,6457,0.0,0.0
2022-07-26 15:30:00-04:00,13.670000076293945,13.670000076293945,13.65999984741211,13.65999984741211,708,0.0,0.0
2022-07-27 09:30:00-04:00,13.649999618530273,13.680000305175781,13.649999618530273,13.680000305175781,0,0.0,0.0
2022-07-27 10:30:00-04:00,13.675000190734863,13.675000190734863,13.670000076293945,13.670000076293945,1362,0.0,0.0
2022-07-27 11:30:00-04:00,13.680000305175781,13.680000305175781,13.680000305175781,13.680000305175781,200,0.0,0.0
2022-07-27 13:30:00-04:00,13.670000076293945,13.680000305175781,13.670000076293945,13.680000305175781,227,0.0,0.0
2022-07-27 14:30:00-04:00,13.680000305175781,13.680000305175781,13.656900405883789,13.65999984741211,2526,0.0,0.0
2022-07-27 15:30:00-04:00,13.649999618530273,13.680000305175781,13.649999618530273,13.680000305175781,1150,0.0,0.0
2022-07-28 09:30:00-04:00,13.680000305175781,13.720000267028809,13.625,13.71500015258789,11569,0.0,0.0
2022-07-28 10:30:00-04:00,13.744999885559082,13.800000190734863,13.744999885559082,13.765000343322754,592,0.0,0.0
2022-07-28 12:30:00-04:00,13.782899856567383,13.8100004196167,13.782899856567383,13.8100004196167,1303,0.0,0.0
2022-07-28 13:30:00-04:00,13.8100004196167,13.8100004196167,13.8100004196167,13.8100004196167,1212,0.0,0.0
2022-07-28 14:30:00-04:00,13.8100004196167,13.850000381469727,13.8100004196167,13.850000381469727,2301,0.0,0.0
2022-07-28 15:30:00-04:00,13.850000381469727,13.850000381469727,13.850000381469727,13.850000381469727,203,0.0,0.0
2022-07-29 09:30:00-04:00,13.949999809265137,13.970000267028809,13.949999809265137,13.970000267028809,0,0.0,0.0
2022-07-29 11:30:00-04:00,13.899999618530273,13.979999542236328,13.869999885559082,13.869999885559082,1776,0.0,0.0
2022-07-29 12:30:00-04:00,13.95989990234375,13.960000038146973,13.95989990234375,13.960000038146973,4094,0.0,0.0
2022-07-29 14:30:00-04:00,13.960000038146973,13.970000267028809,13.960000038146973,13.970000267028809,400,0.0,0.0
2022-07-29 15:30:00-04:00,13.979999542236328,13.979999542236328,13.979999542236328,13.979999542236328,479,0.0,0.0
2022-08-01 09:30:00-04:00,13.979999542236328,13.989999771118164,13.979999542236328,13.989999771118164,0,0.0,0.0
2022-08-01 10:30:00-04:00,13.989999771118164,13.989999771118164,13.960000038146973,13.979999542236328,520,0.0,0.0
2022-08-01 11:30:00-04:00,13.989999771118164,14.050000190734863,13.960000038146973,14.050000190734863,2813,0.0,0.0
2022-08-01 14:30:00-04:00,14.149900436401367,14.149900436401367,14.149900436401367,14.149900436401367,503,0.0,0.0
2022-08-02 09:30:00-04:00,14.260000228881836,14.260000228881836,14.145400047302246,14.25,0,0.0,0.0
2022-08-02 10:30:00-04:00,14.1899995803833,14.1899995803833,14.1899995803833,14.1899995803833,220,0.0,0.0
2022-08-02 12:30:00-04:00,14.100000381469727,14.100000381469727,14.100000381469727,14.100000381469727,235,0.0,0.0
2022-08-02 13:30:00-04:00,14.075300216674805,14.075300216674805,14.029999732971191,14.029999732971191,953,0.0,0.0
2022-08-02 14:30:00-04:00,14.180000305175781,14.180000305175781,14.180000305175781,14.180000305175781,152,0.0,0.0
2022-08-02 15:30:00-04:00,14.0,14.180000305175781,14.0,14.180000305175781,600,0.0,0.0
2022-08-03 09:30:00-04:00,14.180000305175781,14.180000305175781,14.180000305175781,14.180000305175781,0,0.0,0.0
2022-08-03 10:30:00-04:00,14.270000457763672,14.270000457763672,14.270000457763672,14.270000457763672,292,0.0,0.0
2022-08-03 11:30:00-04:00,14.279999732971191,14.279999732971191,14.260000228881836,14.260000228881836,1770,0.0,0.0
2022-08-03 12:30:00-04:00,14.300000190734863,14.3100004196167,14.300000190734863,14.3100004196167,3400,0.0,0.0
2022-08-04 09:30:00-04:00,14.369999885559082,14.390000343322754,13.850000381469727,14.350000381469727,7007,0.0,0.0
2022-08-04 11:30:00-04:00,14.178000450134277,14.178000450134277,14.178000450134277,14.178000450134277,597,0.0,0.0
2022-08-04 12:30:00-04:00,14.199999809265137,14.199999809265137,14.199999809265137,14.199999809265137,100,0.0,0.0
2022-08-04 13:30:00-04:00,14.170000076293945,14.170000076293945,14.170000076293945,14.170000076293945,102,0.0,0.0
2022-08-04 14:30:00-04:00,14.155500411987305,14.155500411987305,13.984999656677246,13.984999656677246,3338,0.0,0.0
2022-08-04 15:30:00-04:00,14.170000076293945,14.170000076293945,14.170000076293945,14.170000076293945,100,0.0,0.0
2022-08-05 09:30:00-04:00,14.010000228881836,14.119999885559082,13.880000114440918,13.970000267028809,0,0.0,0.0
2022-08-05 12:30:00-04:00,14.017000198364258,14.017000198364258,14.017000198364258,14.017000198364258,715,0.0,0.0
2022-08-05 13:30:00-04:00,14.026599884033203,14.026599884033203,13.992799758911133,13.992799758911133,629,0.0,0.0
2022-08-05 14:30:00-04:00,14.069999694824219,14.069999694824219,14.069999694824219,14.069999694824219,100,0.0,0.0
2022-08-08 09:30:00-04:00,14.140000343322754,14.140000343322754,14.140000343322754,14.140000343322754,0,0.0,0.0
2022-08-08 10:30:00-04:00,14.15999984741211,14.15999984741211,14.15999984741211,14.15999984741211,145,0.0,0.0
2022-08-08 11:30:00-04:00,14.149999618530273,14.15999984741211,14.020000457763672,14.15999984741211,3640,0.0,0.0
2022-08-08 13:30:00-04:00,14.15999984741211,14.15999984741211,14.110300064086914,14.110300064086914,1500,0.0,0.0
2022-08-08 14:30:00-04:00,14.088899612426758,14.114999771118164,14.069999694824219,14.069999694824219,1905,0.0,0.0
2022-08-09 09:30:00-04:00,14.09000015258789,14.09000015258789,13.989999771118164,13.989999771118164,0,0.0,0.0
2022-08-09 11:30:00-04:00,14.010000228881836,14.010000228881836,14.010000228881836,14.010000228881836,701,0.0,0.0
2022-08-09 14:30:00-04:00,14.029999732971191,14.029999732971191,14.029999732971191,14.029999732971191,336,0.0,0.0
2022-08-09 15:30:00-04:00,14.140000343322754,14.140000343322754,14.020000457763672,14.020000457763672,1681,0.0,0.0
2022-08-10 09:30:00-04:00,14.109999656677246,14.109999656677246,14.109999656677246,14.109999656677246,0,0.0,0.0
2022-08-10 10:30:00-04:00,14.100000381469727,14.100000381469727,14.100000381469727,14.100000381469727,965,0.0,0.0
2022-08-10 11:30:00-04:00,14.069999694824219,14.15999984741211,14.069999694824219,14.15999984741211,595,0.0,0.0
2022-08-10 12:30:00-04:00,14.08489990234375,14.08489990234375,14.029999732971191,14.029999732971191,381,0.0,0.0
2022-08-10 13:30:00-04:00,14.138299942016602,14.159899711608887,14.109999656677246,14.109999656677246,3942,0.0,0.0
2022-08-10 14:30:00-04:00,14.114899635314941,14.114899635314941,14.114899635314941,14.114899635314941,153,0.0,0.0
2022-08-11 09:30:00-04:00,14.140000343322754,14.140000343322754,14.0600004196167,14.0600004196167,0,0.0,0.0
2022-08-11 10:30:00-04:00,14.079999923706055,14.140000343322754,14.0600004196167,14.140000343322754,4341,0.0,0.0
2022-08-11 12:30:00-04:00,14.159899711608887,14.159899711608887,14.135000228881836,14.135000228881836,3760,0.0,0.0
2022-08-11 15:30:00-04:00,14.151599884033203,14.151599884033203,14.130000114440918,14.132499694824219,5308,0.0,0.0
2022-08-12 09:30:00-04:00,14.149999618530273,14.149999618530273,14.149999618530273,14.149999618530273,0,0.0,0.0
2022-08-12 10:30:00-04:00,14.149999618530273,14.149999618530273,14.149999618530273,14.149999618530273,763,0.0,0.0
2022-08-12 11:30:00-04:00,14.149999618530273,14.15999984741211,14.09000015258789,14.149999618530273,3925,0.0,0.0
2022-08-12 12:30:00-04:00,14.119999885559082,14.119999885559082,14.119999885559082,14.119999885559082,144,0.0,0.0
2022-08-12 13:30:00-04:00,14.130000114440918,14.130000114440918,14.09000015258789,14.093700408935547,1534,0.0,0.0
2022-08-12 14:30:00-04:00,14.100500106811523,14.100500106811523,14.100500106811523,14.100500106811523,909,0.0,0.0
2022-08-12 15:30:00-04:00,14.100000381469727,14.149999618530273,14.100000381469727,14.149999618530273,264,0.0,0.0
2022-08-15 09:30:00-04:00,14.100000381469727,14.15999984741211,14.100000381469727,14.15999984741211,0,0.0,0.0
2022-08-15 10:30:00-04:00,14.15999984741211,14.15999984741211,14.15999984741211,14.15999984741211,2676,0.0,0.0
2022-08-15 11:30:00-04:00,14.15999984741211,14.15999984741211,14.140000343322754,14.15999984741211,800,0.0,0.0
2022-08-15 12:30:00-04:00,14.15999984741211,14.199399948120117,14.15999984741211,14.199399948120117,2968,0.0,0.0
2022-08-15 13:30:00-04:00,14.175000190734863,14.175000190734863,14.149999618530273,14.149999618530273,700,0.0,0.0
2022-08-15 14:30:00-04:00,14.149999618530273,14.149999618530273,14.149999618530273,14.149999618530273,184,0.0,0.0
2022-08-15 15:30:00-04:00,14.125,14.125,14.125,14.125,1856,0.0,0.0
2022-08-16 09:30:00-04:00,14.15999984741211,14.15999984741211,14.149999618530273,14.149999618530273,0,0.0,0.0
2022-08-16 10:30:00-04:00,14.140000343322754,14.140000343322754,14.130000114440918,14.130000114440918,363,0.0,0.0
2022-08-16 12:30:00-04:00,14.079999923706055,14.104900360107422,14.079999923706055,14.104900360107422,1004,0.0,0.0
2022-08-16 13:30:00-04:00,14.109999656677246,14.109999656677246,14.085399627685547,14.085399627685547,1551,0.0,0.0
2022-08-16 15:30:00-04:00,14.109999656677246,14.109999656677246,14.0600004196167,14.090399742126465,11025,0.0,0.0
2022-08-17 09:30:00-04:00,13.670000076293945,14.039999961853027,13.670000076293945,13.9399995803833,0,0.0,0.0
2022-08-17 10:30:00-04:00,13.927000045776367,13.927000045776367,13.920100212097168,13.920100212097168,1284,0.0,0.0
2022-08-17 11:30:00-04:00,13.949999809265137,13.949999809265137,13.949999809265137,13.949999809265137,200,0.0,0.0
2022-08-17 12:30:00-04:00,13.949999809265137,13.96500015258789,13.859999656677246,13.859999656677246,4399,0.0,0.0
2022-08-17 13:30:00-04:00,13.875,13.875,13.875,13.875,5497,0.0,0.0
2022-08-17 14:30:00-04:00,13.869999885559082,13.869999885559082,13.739999771118164,13.865599632263184,6811,0.0,0.0
2022-08-17 15:30:00-04:00,13.789999961853027,13.789999961853027,13.789999961853027,13.789999961853027,100,0.0,0.0
2022-08-18 09:30:00-04:00,13.869999885559082,13.90999984741211,13.770000457763672,13.890000343322754,0,0.0,0.0
2022-08-18 10:30:00-04:00,13.869999885559082,13.869999885559082,13.869999885559082,13.869999885559082,430,0.0,0.0
2022-08-18 12:30:00-04:00,13.832900047302246,13.832900047302246,13.826800346374512,13.826800346374512,1660,0.0,0.0
2022-08-18 13:30:00-04:00,13.859999656677246,13.875,13.859999656677246,13.875,292,0.0,0.0
2022-08-18 14:30:00-04:00,13.859999656677246,14.00529956817627,13.859999656677246,14.00529956817627,6065,0.0,0.0
2022-08-18 15:30:00-04:00,13.899999618530273,13.899999618530273,13.899999618530273,13.899999618530273,100,0.0,0.0
2022-08-19 09:30:00-04:00,13.869999885559082,13.920000076293945,13.84000015258789,13.890000343322754,0,0.0,0.0
2022-08-19 10:30:00-04:00,13.899999618530273,13.899999618530273,13.880000114440918,13.880000114440918,400,0.0,0.0
2022-08-19 11:30:00-04:00,13.890000343322754,13.90999984741211,13.880000114440918,13.880000114440918,597,0.0,0.0
2022-08-19 12:30:00-04:00,13.880000114440918,13.880000114440918,13.880000114440918,13.880000114440918,100,0.0,0.0
2022-08-19 14:30:00-04:00,13.873100280761719,13.873100280761719,13.873100280761719,13.873100280761719,200,0.0,0.0
2022-08-19 15:30:00-04:00,13.819999694824219,13.829999923706055,13.819999694824219,13.819999694824219,848,0.0,0.0
2022-08-22 09:30:00-04:00,13.789999961853027,13.84000015258789,13.789999961853027,13.84000015258789,0,0.0,0.0
2022-08-22 10:30:00-04:00,13.819999694824219,13.819999694824219,13.819999694824219,13.819999694824219,376,0.0,0.0
2022-08-22 15:30:00-04:00,13.75,13.75,13.75,13.75,100,0.0,0.0
2022-08-23 09:30:00-04:00,13.770000457763672,13.800000190734863,13.770000457763672,13.770000457763672,0,0.0,0.0
2022-08-23 10:30:00-04:00,13.829999923706055,13.829999923706055,13.829999923706055,13.829999923706055,171,0.0,0.0
2022-08-23 13:30:00-04:00,13.760000228881836,13.760000228881836,13.751399993896484,13.751399993896484,2400,0.0,0.0
2022-08-23 14:30:00-04:00,13.760000228881836,13.760000228881836,13.760000228881836,13.760000228881836,405,0.0,0.0
2022-08-23 15:30:00-04:00,13.75,13.75,13.75,13.75,100,0.0,0.0
2022-08-24 09:30:00-04:00,13.75,13.75,13.75,13.75,0,0.0,0.0
2022-08-24 12:30:00-04:00,13.760000228881836,13.760000228881836,13.760000228881836,13.760000228881836,0,0.0,0.0
2022-08-24 14:30:00-04:00,13.74429988861084,13.74429988861084,13.699999809265137,13.734299659729004,5739,0.0,0.0
2022-08-25 09:30:00-04:00,13.6899995803833,13.6899995803833,13.569999694824219,13.569999694824219,0,0.0,0.0
2022-08-25 12:30:00-04:00,13.734999656677246,13.734999656677246,13.734999656677246,13.734999656677246,320,0.0,0.0
2022-08-25 15:30:00-04:00,13.739999771118164,13.739999771118164,13.739999771118164,13.739999771118164,100,0.0,0.0
2022-08-26 09:30:00-04:00,13.579999923706055,13.579999923706055,13.579999923706055,13.579999923706055,330,0.0,0.0
2022-08-26 10:30:00-04:00,13.619999885559082,13.619999885559082,13.619999885559082,13.619999885559082,0,0.0,0.0
2022-08-26 11:30:00-04:00,13.678500175476074,13.678500175476074,13.678500175476074,13.678500175476074,4843,0.0,0.0
2022-08-26 13:30:00-04:00,13.645000457763672,13.645000457763672,13.569999694824219,13.569999694824219,985,0.0,0.0
2022-08-26 14:30:00-04:00,13.579999923706055,13.579999923706055,13.550000190734863,13.569999694824219,2126,0.0,0.0
2022-08-26 15:30:00-04:00,13.569999694824219,13.569999694824219,13.569999694824219,13.569999694824219,100,0.0,0.0
2022-08-29 09:30:00-04:00,13.65999984741211,13.65999984741211,13.600000381469727,13.600000381469727,0,0.0,0.0
2022-08-29 10:30:00-04:00,13.609999656677246,13.619999885559082,13.609999656677246,13.619999885559082,280,0.0,0.0
2022-08-29 13:30:00-04:00,13.550000190734863,13.550000190734863,13.550000190734863,13.550000190734863,190,0.0,0.0
2022-08-29 14:30:00-04:00,13.5649995803833,13.59000015258789,13.5600004196167,13.569899559020996,4027,0.0,0.0
2022-08-30 09:30:00-04:00,13.609999656677246,13.614999771118164,13.609999656677246,13.614999771118164,0,0.0,0.0
2022-08-30 10:30:00-04:00,13.550000190734863,13.5600004196167,13.550000190734863,13.5600004196167,281,0.0,0.0
2022-08-30 12:30:00-04:00,13.5600004196167,13.579999923706055,13.550000190734863,13.579999923706055,563,0.0,0.0
2022-08-30 13:30:00-04:00,13.579999923706055,13.579999923706055,13.579999923706055,13.579999923706055,866,0.0,0.0
2022-08-30 14:30:00-04:00,13.579999923706055,13.609999656677246,13.579999923706055,13.609999656677246,314,0.0,0.0
2022-08-30 15:30:00-04:00,13.596099853515625,13.596099853515625,13.596099853515625,13.596099853515625,3500,0.0,0.0
2022-08-31 09:30:00-04:00,13.59000015258789,13.59000015258789,13.59000015258789,13.59000015258789,0,0.0,0.0
2022-08-31 10:30:00-04:00,13.614999771118164,13.614999771118164,13.591899871826172,13.591899871826172,1071,0.0,0.0
2022-08-31 11:30:00-04:00,13.569999694824219,13.569999694824219,13.550000190734863,13.550000190734863,556,0.0,0.0
2022-08-31 12:30:00-04:00,13.581299781799316,13.609999656677246,13.569999694824219,13.609999656677246,789,0.0,0.0
2022-08-31 13:30:00-04:00,13.609999656677246,13.649999618530273,13.609999656677246,13.649999618530273,1132,0.0,0.0
2022-08-31 14:30:00-04:00,13.605999946594238,13.605999946594238,13.605999946594238,13.605999946594238,1115,0.0,0.0
2022-08-31 15:30:00-04:00,13.619999885559082,13.640000343322754,13.569999694824219,13.640000343322754,1016,0.0,0.0
2022-09-01 09:30:00-04:00,13.550000190734863,13.550000190734863,13.550000190734863,13.550000190734863,0,0.0,0.0
2022-09-01 10:30:00-04:00,13.479999542236328,13.479999542236328,13.420000076293945,13.420000076293945,4742,0.0,0.0
2022-09-01 11:30:00-04:00,13.420000076293945,13.430000305175781,13.420000076293945,13.430000305175781,207,0.0,0.0
2022-09-01 12:30:00-04:00,13.420000076293945,13.444999694824219,13.40999984741211,13.40999984741211,5177,0.0,0.0
2022-09-01 14:30:00-04:00,13.40999984741211,13.40999984741211,13.40999984741211,13.40999984741211,1020,0.0,0.0
2022-09-01 15:30:00-04:00,13.369999885559082,13.390000343322754,13.350000381469727,13.350000381469727,4259,0.0,0.0
2022-09-02 09:30:00-04:00,13.390000343322754,13.469599723815918,13.350000381469727,13.350000381469727,0,0.0,0.0
2022-09-02 10:30:00-04:00,13.350000381469727,13.420000076293945,13.350000381469727,13.390000343322754,2174,0.0,0.0
2022-09-02 11:30:00-04:00,13.390000343322754,13.390000343322754,13.390000343322754,13.390000343322754,100,0.0,0.0
2022-09-02 12:30:00-04:00,13.390000343322754,13.390000343322754,13.390000343322754,13.390000343322754,104,0.0,0.0
2022-09-02 13:30:00-04:00,13.399999618530273,13.399999618530273,13.399999618530273,13.399999618530273,231,0.0,0.0
2022-09-02 14:30:00-04:00,13.399999618530273,13.40999984741211,13.399999618530273,13.40999984741211,510,0.0,0.0
2022-09-02 15:30:00-04:00,13.40999984741211,13.40999984741211,13.399999618530273,13.399999618530273,900,0.0,0.0
2022-09-06 09:30:00-04:00,13.40999984741211,13.40999984741211,13.390000343322754,13.390000343322754,0,0.0,0.0
2022-09-06 10:30:00-04:00,13.390000343322754,13.399999618530273,13.390000343322754,13.399999618530273,524,0.0,0.0
2022-09-06 11:30:00-04:00,13.391900062561035,13.391900062561035,13.319999694824219,13.319999694824219,1102,0.0,0.0
2022-09-06 14:30:00-04:00,13.379899978637695,13.379899978637695,13.300000190734863,13.300000190734863,4625,0.0,0.0
2022-09-06 15:30:00-04:00,13.329999923706055,13.329999923706055,13.3100004196167,13.3100004196167,974,0.0,0.0
2022-09-07 09:30:00-04:00,13.34000015258789,13.34000015258789,13.34000015258789,13.34000015258789,0,0.0,0.0
2022-09-07 10:30:00-04:00,13.34000015258789,13.350000381469727,13.34000015258789,13.34000015258789,521,0.0,0.0
2022-09-07 11:30:00-04:00,13.289999961853027,13.300000190734863,13.289999961853027,13.300000190734863,201,0.0,0.0
2022-09-07 12:30:00-04:00,13.3100004196167,13.327699661254883,13.3100004196167,13.327699661254883,700,0.0,0.0
2022-09-07 13:30:00-04:00,13.329999923706055,13.339500427246094,13.329999923706055,13.329999923706055,842,0.0,0.0
2022-09-07 14:30:00-04:00,13.3100004196167,13.343299865722656,13.3100004196167,13.343299865722656,1200,0.0,0.0
2022-09-07 15:30:00-04:00,13.3100004196167,13.319999694824219,13.3100004196167,13.319999694824219,200,0.0,0.0
2022-09-08 09:30:00-04:00,13.510000228881836,13.859999656677246,13.420000076293945,13.779999732971191,0,0.0,0.0
2022-09-08 10:30:00-04:00,13.545000076293945,13.770000457763672,13.430000305175781,13.46500015258789,900,0.0,0.0
2022-09-08 11:30:00-04:00,13.579999923706055,13.729999542236328,13.454999923706055,13.479999542236328,2755,0.0,0.0
2022-09-08 13:30:00-04:00,13.350000381469727,13.350000381469727,13.350000381469727,13.350000381469727,163,0.0,0.0
2022-09-08 14:30:00-04:00,13.41100025177002,13.41100025177002,13.350000381469727,13.350000381469727,1724,0.0,0.0
2022-09-08 15:30:00-04:00,13.34000015258789,13.34000015258789,13.329999923706055,13.329999923706055,200,0.0,0.0
2022-09-09 09:30:00-04:00,13.609999656677246,13.609999656677246,13.390000343322754,13.390000343322754,0,0.0,0.0
2022-09-09 10:30:00-04:00,13.399999618530273,13.399999618530273,13.380000114440918,13.39009952545166,4700,0.0,0.0
2022-09-09 11:30:00-04:00,13.390000343322754,13.390000343322754,13.390000343322754,13.390000343322754,100,0.0,0.0
2022-09-09 12:30:00-04:00,13.359999656677246,13.380000114440918,13.359999656677246,13.380000114440918,280,0.0,0.0
2022-09-09 13:30:00-04:00,13.381600379943848,13.381600379943848,13.380000114440918,13.380000114440918,1531,0.0,0.0
2022-09-09 14:30:00-04:00,13.369999885559082,13.510000228881836,13.369999885559082,13.390000343322754,2584,0.0,0.0
2022-09-09 15:30:00-04:00,13.390000343322754,13.390000343322754,13.380000114440918,13.390000343322754,1700,0.0,0.0
2022-09-12 09:30:00-04:00,13.760000228881836,13.760000228881836,13.385000228881836,13.399999618530273,0,0.0,0.0
2022-09-12 10:30:00-04:00,13.399999618530273,13.428899765014648,13.39109992980957,13.428899765014648,930,0.0,0.0
2022-09-12 11:30:00-04:00,13.473299980163574,13.473299980163574,13.473299980163574,13.473299980163574,194,0.0,0.0
2022-09-12 13:30:00-04:00,13.449999809265137,13.449999809265137,13.329999923706055,13.34000015258789,1292,0.0,0.0
2022-09-12 14:30:00-04:00,13.34000015258789,13.34000015258789,13.319999694824219,13.319999694824219,302,0.0,0.0
2022-09-12 15:30:00-04:00,13.319999694824219,13.329999923706055,13.3100004196167,13.319999694824219,600,0.0,0.0
2022-09-13 09:30:00-04:00,13.369999885559082,13.539999961853027,13.369999885559082,13.479999542236328,0,0.0,0.0
2022-09-13 10:30:00-04:00,13.529999732971191,13.529999732971191,13.470000267028809,13.470000267028809,1411,0.0,0.0
2022-09-13 11:30:00-04:00,13.470000267028809,13.470000267028809,13.449999809265137,13.449999809265137,800,0.0,0.0
2022-09-13 12:30:00-04:00,13.449999809265137,13.449999809265137,13.449999809265137,13.449999809265137,200,0.0,0.0
2022-09-13 13:30:00-04:00,13.449999809265137,13.449999809265137,13.449999809265137,13.449999809265137,100,0.0,0.0
2022-09-13 14:30:00-04:00,13.449999809265137,13.449999809265137,13.4399995803833,13.4399995803833,296,0.0,0.0
2022-09-13 15:30:00-04:00,13.4399995803833,14.0600004196167,13.430000305175781,13.430000305175781,25559,0.0,0.0
2022-09-14 09:30:00-04:00,13.59000015258789,13.59000015258789,13.59000015258789,13.59000015258789,0,0.0,0.0
2022-09-14 11:30:00-04:00,13.449999809265137,13.449999809265137,13.3100004196167,13.3100004196167,1500,0.0,0.0
2022-09-14 13:30:00-04:00,13.343500137329102,13.438599586486816,13.300000190734863,13.300000190734863,8412,0.0,0.0
2022-09-14 14:30:00-04:00,13.319999694824219,13.35789966583252,13.23900032043457,13.284099578857422,26658,0.0,0.0
2022-09-15 09:30:00-04:00,13.270000457763672,13.479999542236328,13.270000457763672,13.350000381469727,0,0.0,0.0
2022-09-15 12:30:00-04:00,13.210000038146973,13.239999771118164,13.180000305175781,13.192899703979492,6061,0.0,0.0
2022-09-15 14:30:00-04:00,13.260700225830078,13.260700225830078,13.260700225830078,13.260700225830078,159,0.0,0.0
2022-09-15 15:30:00-04:00,13.239999771118164,13.239999771118164,13.15999984741211,13.15999984741211,2969,0.0,0.0
2022-09-16 09:30:00-04:00,13.1899995803833,13.1899995803833,13.15999984741211,13.15999984741211,0,0.0,0.0
2022-09-16 11:30:00-04:00,13.140000343322754,13.220000267028809,13.140000343322754,13.220000267028809,1240,0.0,0.0
2022-09-16 12:30:00-04:00,13.175000190734863,13.220000267028809,13.175000190734863,13.220000267028809,204,0.0,0.0
2022-09-16 13:30:00-04:00,13.149999618530273,13.199999809265137,13.140000343322754,13.15999984741211,3151,0.0,0.0
2022-09-16 15:30:00-04:00,13.15999984741211,13.34000015258789,13.15999984741211,13.279999732971191,5992,0.0,0.0
2022-09-19 09:30:00-04:00,13.180000305175781,13.390000343322754,13.180000305175781,13.390000343322754,0,0.0,0.0
2022-09-19 11:30:00-04:00,13.170000076293945,13.170100212097168,13.170000076293945,13.170100212097168,308,0.0,0.0
2022-09-19 12:30:00-04:00,13.180000305175781,13.180100440979004,13.180000305175781,13.180000305175781,816,0.0,0.0
2022-09-19 14:30:00-04:00,13.199999809265137,13.199999809265137,13.140000343322754,13.169899940490723,4824,0.0,0.0
2022-09-19 15:30:00-04:00,13.270700454711914,13.270700454711914,13.21500015258789,13.21500015258789,2012,0.0,0.0
2022-09-20 09:30:00-04:00,13.170000076293945,13.170000076293945,13.170000076293945,13.170000076293945,0,0.0,0.0
2022-09-20 10:30:00-04:00,13.109999656677246,13.109999656677246,13.109999656677246,13.109999656677246,116,0.0,0.0
2022-09-20 11:30:00-04:00,13.109999656677246,13.109999656677246,13.109999656677246,13.109999656677246,110,0.0,0.0
2022-09-20 13:30:00-04:00,13.1899995803833,13.1899995803833,13.1899995803833,13.1899995803833,443,0.0,0.0
2022-09-20 14:30:00-04:00,13.180000305175781,13.319999694824219,13.180000305175781,13.319999694824219,605,0.0,0.0
2022-09-20 15:30:00-04:00,13.224900245666504,13.224900245666504,13.149999618530273,13.149999618530273,1312,0.0,0.0
2022-09-21 09:30:00-04:00,13.300000190734863,13.390000343322754,13.300000190734863,13.390000343322754,0,0.0,0.0
2022-09-21 12:30:00-04:00,13.229999542236328,13.350000381469727,13.15999984741211,13.279999732971191,13921,0.0,0.0
2022-09-21 13:30:00-04:00,13.281200408935547,13.281200408935547,13.281200408935547,13.281200408935547,240,0.0,0.0
2022-09-21 14:30:00-04:00,13.329999923706055,13.329999923706055,13.329999923706055,13.329999923706055,400,0.0,0.0
2022-09-21 15:30:00-04:00,13.300000190734863,13.300000190734863,13.300000190734863,13.300000190734863,344,0.0,0.0
2022-09-22 09:30:00-04:00,13.359999656677246,13.359999656677246,13.15999984741211,13.15999984741211,0,0.0,0.0
2022-09-22 10:30:00-04:00,13.149999618530273,13.149999618530273,13.149999618530273,13.149999618530273,190,0.0,0.0
2022-09-22 11:30:00-04:00,13.149999618530273,13.170000076293945,13.149999618530273,13.170000076293945,12098,0.0,0.0
2022-09-22 12:30:00-04:00,13.170000076293945,13.170000076293945,13.079999923706055,13.079999923706055,5252,0.0,0.0
2022-09-22 13:30:00-04:00,13.020000457763672,13.119999885559082,13.010000228881836,13.119999885559082,4350,0.0,0.0
2022-09-22 14:30:00-04:00,13.119999885559082,13.130000114440918,13.109999656677246,13.130000114440918,1572,0.0,0.0
2022-09-23 09:30:00-04:00,13.59000015258789,13.59000015258789,13.0600004196167,13.0600004196167,0,0.0,0.0
2022-09-23 10:30:00-04:00,13.0600004196167,13.232000350952148,13.010000228881836,13.010000228881836,6141,0.0,0.0
2022-09-23 11:30:00-04:00,13.010000228881836,13.010000228881836,13.010000228881836,13.010000228881836,306,0.0,0.0
2022-09-23 12:30:00-04:00,13.0,13.020000457763672,13.0,13.020000457763672,2464,0.0,0.0
2022-09-23 13:30:00-04:00,13.109999656677246,13.109999656677246,13.0,13.0,896,0.0,0.0
2022-09-23 14:30:00-04:00,13.010000228881836,13.032500267028809,12.800000190734863,12.989999771118164,15025,0.0,0.0
2022-09-23 15:30:00-04:00,12.899999618530273,13.119999885559082,12.84000015258789,13.109999656677246,790,0.0,0.0
2022-09-26 09:30:00-04:00,12.9399995803833,12.9399995803833,12.9399995803833,12.9399995803833,0,0.0,0.0
2022-09-26 10:30:00-04:00,13.079999923706055,13.079999923706055,13.079999923706055,13.079999923706055,416,0.0,0.0
2022-09-26 11:30:00-04:00,13.0,13.005999565124512,12.8100004196167,12.911700248718262,7307,0.0,0.0
2022-09-26 12:30:00-04:00,12.89109992980957,12.974200248718262,12.760000228881836,12.974200248718262,12262,0.0,0.0
2022-09-26 14:30:00-04:00,13.010000228881836,13.010000228881836,13.010000228881836,13.010000228881836,100,0.0,0.0
2022-09-27 09:30:00-04:00,12.920000076293945,12.979999542236328,12.899999618530273,12.899999618530273,0,0.0,0.0
2022-09-27 10:30:00-04:00,12.90999984741211,12.920000076293945,12.899999618530273,12.899999618530273,3825,0.0,0.0
2022-09-27 11:30:00-04:00,12.9399995803833,12.960000038146973,12.9399995803833,12.960000038146973,628,0.0,0.0
2022-09-27 13:30:00-04:00,12.819999694824219,12.829999923706055,12.800000190734863,12.8100004196167,3397,0.0,0.0
2022-09-27 14:30:00-04:00,12.8100004196167,12.899999618530273,12.75,12.75,4949,0.0,0.0
2022-09-27 15:30:00-04:00,12.8100004196167,12.819999694824219,12.8100004196167,12.819999694824219,636,0.0,0.0
2022-09-28 09:30:00-04:00,12.890000343322754,12.890000343322754,12.824999809265137,12.824999809265137,0,0.0,0.0
2022-09-28 10:30:00-04:00,12.890000343322754,12.899999618530273,12.869999885559082,12.880000114440918,5081,0.0,0.0
2022-09-28 12:30:00-04:00,13.02340030670166,13.07800006866455,12.930000305175781,13.07800006866455,6209,0.0,0.0
2022-09-28 13:30:00-04:00,13.125,13.180000305175781,13.069999694824219,13.180000305175781,2185,0.0,0.0
2022-09-28 14:30:00-04:00,13.079999923706055,13.109999656677246,13.079999923706055,13.100000381469727,2481,0.0,0.0
2022-09-29 09:30:00-04:00,13.100000381469727,13.100000381469727,13.0600004196167,13.0600004196167,0,0.0,0.0
2022-09-29 10:30:00-04:00,13.0,13.0600004196167,13.0,13.0600004196167,771,0.0,0.0
2022-09-29 11:30:00-04:00,13.055000305175781,13.119999885559082,13.055000305175781,13.09000015258789,2883,0.0,0.0
2022-09-29 12:30:00-04:00,13.119999885559082,13.119999885559082,13.100000381469727,13.100000381469727,3203,0.0,0.0
2022-09-29 13:30:00-04:00,13.180000305175781,13.475000381469727,12.902199745178223,12.902199745178223,13022,0.0,0.0
2022-09-29 14:30:00-04:00,13.450599670410156,13.450599670410156,13.450599670410156,13.450599670410156,1523,0.0,0.0
2022-09-30 09:30:00-04:00,13.210000038146973,13.210000038146973,13.199999809265137,13.199999809265137,0,0.0,0.0
2022-09-30 11:30:00-04:00,12.970000267028809,12.979999542236328,12.970000267028809,12.979999542236328,201,0.0,0.0
2022-09-30 12:30:00-04:00,12.960000038146973,12.989999771118164,12.960000038146973,12.989999771118164,221,0.0,0.0
2022-09-30 13:30:00-04:00,13.010000228881836,13.010000228881836,13.010000228881836,13.010000228881836,424,0.0,0.0
2022-09-30 14:30:00-04:00,13.079999923706055,13.079999923706055,13.079999923706055,13.079999923706055,221,0.0,0.0
2022-09-30 15:30:00-04:00,13.079999923706055,13.079999923706055,13.079999923706055,13.079999923706055,100,0.0,0.0
2022-10-03 09:30:00-04:00,13.1899995803833,13.1899995803833,12.930000305175781,12.960000038146973,891,0.0,0.0
2022-10-03 11:30:00-04:00,13.170000076293945,13.170000076293945,13.170000076293945,13.170000076293945,178,0.0,0.0
2022-10-03 13:30:00-04:00,12.930000305175781,12.930000305175781,12.930000305175781,12.930000305175781,1524,0.0,0.0
2022-10-03 14:30:00-04:00,13.026800155639648,13.080699920654297,13.026800155639648,13.080699920654297,3984,0.0,0.0
2022-10-04 09:30:00-04:00,13.260000228881836,13.260000228881836,13.119999885559082,13.25,0,0.0,0.0
2022-10-04 10:30:00-04:00,13.229999542236328,13.25,13.229999542236328,13.25,478,0.0,0.0
2022-10-04 11:30:00-04:00,13.25,13.25,13.25,13.25,220,0.0,0.0
2022-10-04 12:30:00-04:00,13.15999984741211,13.15999984741211,13.149999618530273,13.149999618530273,2726,0.0,0.0
2022-10-04 13:30:00-04:00,13.15999984741211,13.15999984741211,13.149999618530273,13.15310001373291,3769,0.0,0.0
2022-10-04 14:30:00-04:00,13.15999984741211,13.25,13.159899711608887,13.25,2643,0.0,0.0
2022-10-05 09:30:00-04:00,13.1899995803833,13.470000267028809,13.1899995803833,13.470000267028809,0,0.0,0.0
2022-10-05 10:30:00-04:00,13.28499984741211,13.385000228881836,13.109999656677246,13.359999656677246,5154,0.0,0.0
2022-10-05 11:30:00-04:00,13.399999618530273,13.399999618530273,13.359999656677246,13.359999656677246,12729,0.0,0.0
2022-10-05 12:30:00-04:00,13.364999771118164,13.364999771118164,13.359999656677246,13.359999656677246,700,0.0,0.0
2022-10-05 14:30:00-04:00,13.300000190734863,13.3100004196167,13.160099983215332,13.160099983215332,2529,0.0,0.0
2022-10-06 09:30:00-04:00,13.199999809265137,13.37440013885498,13.128100395202637,13.128100395202637,0,0.0,0.0
2022-10-06 10:30:00-04:00,13.149999618530273,13.289999961853027,13.149999618530273,13.170000076293945,882,0.0,0.0
2022-10-06 11:30:00-04:00,13.170000076293945,13.170000076293945,13.170000076293945,13.170000076293945,125,0.0,0.0
2022-10-06 12:30:00-04:00,13.15999984741211,13.15999984741211,13.15999984741211,13.15999984741211,200,0.0,0.0
2022-10-06 13:30:00-04:00,13.170000076293945,13.225000381469727,13.170000076293945,13.170000076293945,500,0.0,0.0
2022-10-06 15:30:00-04:00,13.15999984741211,13.170000076293945,13.15999984741211,13.170000076293945,300,0.0,0.0
2022-10-07 09:30:00-04:00,13.180000305175781,13.180000305175781,13.15999984741211,13.15999984741211,0,0.0,0.0
2022-10-07 10:30:00-04:00,13.229999542236328,13.229999542236328,13.229999542236328,13.229999542236328,0,0.0,0.0
2022-10-07 12:30:00-04:00,13.25,13.260000228881836,13.25,13.260000228881836,1820,0.0,0.0
2022-10-07 13:30:00-04:00,13.25,13.25,13.25,13.25,300,0.0,0.0
2022-10-07 14:30:00-04:00,13.25629997253418,13.25629997253418,13.25629997253418,13.25629997253418,1850,0.0,0.0
2022-10-07 15:30:00-04:00,13.0600004196167,13.0600004196167,13.0600004196167,13.0600004196167,100,0.0,0.0
2022-10-10 09:30:00-04:00,13.079999923706055,13.5,13.079999923706055,13.5,0,0.0,0.0
2022-10-10 10:30:00-04:00,13.170999526977539,13.170999526977539,13.170999526977539,13.170999526977539,2496,0.0,0.0
2022-10-10 12:30:00-04:00,13.274999618530273,13.274999618530273,13.274999618530273,13.274999618530273,2727,0.0,0.0
2022-10-11 09:30:00-04:00,13.279999732971191,13.279999732971191,13.279999732971191,13.279999732971191,0,0.0,0.0
2022-10-11 15:30:00-04:00,13.31149959564209,13.31149959564209,13.288900375366211,13.288900375366211,3105,0.0,0.0
2022-10-12 09:30:00-04:00,13.420000076293945,13.420000076293945,13.420000076293945,13.420000076293945,0,0.0,0.0
2022-10-12 11:30:00-04:00,13.34000015258789,13.350000381469727,13.34000015258789,13.350000381469727,307,0.0,0.0
2022-10-12 12:30:00-04:00,13.260000228881836,13.260000228881836,13.229999542236328,13.229999542236328,700,0.0,0.0
2022-10-13 09:30:00-04:00,13.369999885559082,13.369999885559082,13.369999885559082,13.369999885559082,0,0.0,0.0
2022-10-13 12:30:00-04:00,13.234999656677246,13.234999656677246,13.234999656677246,13.234999656677246,100,0.0,0.0
2022-10-13 13:30:00-04:00,13.234999656677246,13.234999656677246,13.234999656677246,13.234999656677246,336,0.0,0.0
2022-10-14 09:30:00-04:00,13.210000038146973,13.210000038146973,13.116399765014648,13.119999885559082,745,0.0,0.0
2022-10-14 10:30:00-04:00,13.119999885559082,13.119999885559082,13.119999885559082,13.119999885559082,224,0.0,0.0
2022-10-14 13:30:00-04:00,13.159899711608887,13.159899711608887,13.159899711608887,13.159899711608887,2593,0.0,0.0
2022-10-17 09:30:00-04:00,13.199999809265137,13.199999809265137,13.010000228881836,13.010000228881836,0,0.0,0.0
2022-10-17 12:30:00-04:00,13.050000190734863,13.050000190734863,13.050000190734863,13.050000190734863,112,0.0,0.0
2022-10-17 14:30:00-04:00,13.149999618530273,13.15999984741211,13.149999618530273,13.159799575805664,1496,0.0,0.0
2022-10-18 09:30:00-04:00,13.130000114440918,13.130000114440918,13.050000190734863,13.050000190734863,0,0.0,0.0
2022-10-18 10:30:00-04:00,13.050000190734863,13.050000190734863,13.050000190734863,13.050000190734863,348,0.0,0.0
2022-10-18 11:30:00-04:00,13.050000190734863,13.050000190734863,13.050000190734863,13.050000190734863,397,0.0,0.0
2022-10-18 12:30:00-04:00,13.050000190734863,13.050000190734863,13.050000190734863,13.050000190734863,215,0.0,0.0
2022-10-18 13:30:00-04:00,13.050000190734863,13.119999885559082,13.050000190734863,13.119999885559082,291,0.0,0.0
2022-10-18 14:30:00-04:00,13.0600004196167,13.0600004196167,13.050000190734863,13.050000190734863,293,0.0,0.0
2022-10-18 15:30:00-04:00,13.0600004196167,13.080499649047852,13.0600004196167,13.0600004196167,1047,0.0,0.0
2022-10-19 09:30:00-04:00,13.229999542236328,13.229999542236328,13.229999542236328,13.229999542236328,0,0.0,0.0
2022-10-19 11:30:00-04:00,13.0600004196167,13.0600004196167,13.0600004196167,13.0600004196167,236,0.0,0.0
2022-10-19 14:30:00-04:00,13.050000190734863,13.050000190734863,13.050000190734863,13.050000190734863,500,0.0,0.0
2022-10-19 15:30:00-04:00,13.050000190734863,13.0600004196167,13.050000190734863,13.050000190734863,1000,0.0,0.0
2022-10-20 09:30:00-04:00,13.050000190734863,13.050000190734863,13.050000190734863,13.050000190734863,0,0.0,0.0
2022-10-20 10:30:00-04:00,13.020000457763672,13.020000457763672,13.017900466918945,13.020000457763672,594,0.0,0.0
2022-10-20 11:30:00-04:00,13.0,13.0,12.989999771118164,12.989999771118164,512,0.0,0.0
2022-10-20 12:30:00-04:00,12.989999771118164,13.0201997756958,12.979999542236328,12.979999542236328,9286,0.0,0.0
2022-10-20 13:30:00-04:00,12.859999656677246,12.885199546813965,12.850000381469727,12.850000381469727,752,0.0,0.0
2022-10-20 14:30:00-04:00,12.88599967956543,12.88599967956543,12.75,12.852700233459473,9994,0.0,0.0
2022-10-20 15:30:00-04:00,12.720000267028809,12.859999656677246,12.720000267028809,12.729999542236328,3241,0.0,0.0
2022-10-21 09:30:00-04:00,12.770000457763672,12.770000457763672,12.770000457763672,12.770000457763672,0,0.0,0.0
2022-10-21 10:30:00-04:00,12.729999542236328,12.748000144958496,12.699999809265137,12.699999809265137,2050,0.0,0.0
2022-10-21 11:30:00-04:00,12.699999809265137,12.710000038146973,12.699999809265137,12.710000038146973,301,0.0,0.0
2022-10-21 12:30:00-04:00,12.699999809265137,12.699999809265137,12.680000305175781,12.680000305175781,200,0.0,0.0
2022-10-21 13:30:00-04:00,12.65999984741211,12.70930004119873,12.65999984741211,12.680000305175781,1788,0.0,0.0
2022-10-21 14:30:00-04:00,12.6899995803833,12.6899995803833,12.609999656677246,12.609999656677246,2775,0.0,0.0
2022-10-21 15:30:00-04:00,12.600000381469727,12.600000381469727,12.579999923706055,12.59000015258789,800,0.0,0.0
2022-10-24 09:30:00-04:00,12.619999885559082,12.9399995803833,12.619999885559082,12.739999771118164,0,0.0,0.0
2022-10-24 10:30:00-04:00,12.619999885559082,12.75,12.550000190734863,12.550000190734863,3539,0.0,0.0
2022-10-24 11:30:00-04:00,12.539999961853027,12.550000190734863,12.470000267028809,12.494999885559082,6340,0.0,0.0
2022-10-24 12:30:00-04:00,12.489999771118164,12.489999771118164,12.399999618530273,12.4399995803833,7200,0.0,0.0
2022-10-24 13:30:00-04:00,12.449999809265137,12.460000038146973,12.4399995803833,12.460000038146973,2299,0.0,0.0
2022-10-24 14:30:00-04:00,12.430000305175781,12.43340015411377,12.399999618530273,12.43340015411377,2300,0.0,0.0
2022-10-24 15:30:00-04:00,12.420000076293945,12.4399995803833,12.420000076293945,12.435500144958496,3369,0.0,0.0
2022-10-25 09:30:00-04:00,12.5,12.619999885559082,12.479999542236328,12.609999656677246,0,0.0,0.0
2022-10-25 10:30:00-04:00,12.600000381469727,12.800000190734863,12.5600004196167,12.779999732971191,1300,0.0,0.0
2022-10-25 11:30:00-04:00,12.800000190734863,12.800000190734863,12.640000343322754,12.640000343322754,550,0.0,0.0
2022-10-25 12:30:00-04:00,12.640000343322754,12.640000343322754,12.630000114440918,12.639900207519531,3008,0.0,0.0
2022-10-25 13:30:00-04:00,12.609999656677246,12.619999885559082,12.609999656677246,12.619999885559082,303,0.0,0.0
2022-10-25 14:30:00-04:00,12.615799903869629,12.615799903869629,12.5,12.531299591064453,4618,0.0,0.0
2022-10-25 15:30:00-04:00,12.550000190734863,12.550000190734863,12.550000190734863,12.550000190734863,2641,0.0,0.0
2022-10-26 09:30:00-04:00,12.760000228881836,12.930000305175781,12.760000228881836,12.920000076293945,0,0.0,0.0
2022-10-26 10:30:00-04:00,12.979999542236328,12.989999771118164,12.970000267028809,12.979999542236328,3800,0.0,0.0
2022-10-26 11:30:00-04:00,12.8100004196167,12.850000381469727,12.789999961853027,12.789999961853027,600,0.0,0.0
2022-10-26 13:30:00-04:00,12.776100158691406,12.779999732971191,12.776100158691406,12.779999732971191,1500,0.0,0.0
2022-10-26 14:30:00-04:00,12.779999732971191,12.779999732971191,12.779999732971191,12.779999732971191,100,0.0,0.0
2022-10-26 15:30:00-04:00,12.800299644470215,12.800299644470215,12.668000221252441,12.668000221252441,1652,0.0,0.0
2022-10-27 09:30:00-04:00,12.890000343322754,13.020000457763672,12.890000343322754,12.989999771118164,0,0.0,0.0
2022-10-27 10:30:00-04:00,12.989999771118164,12.989999771118164,12.710000038146973,12.710000038146973,0,0.0,0.0
2022-10-27 11:30:00-04:00,12.789999961853027,12.789999961853027,12.710000038146973,12.710000038146973,4302,0.0,0.0
2022-10-27 12:30:00-04:00,12.670000076293945,12.670000076293945,12.65999984741211,12.670000076293945,1505,0.0,0.0
2022-10-28 09:30:00-04:00,12.720000267028809,12.869999885559082,12.720000267028809,12.839900016784668,0,0.0,0.0
2022-10-28 10:30:00-04:00,12.84000015258789,12.9399995803833,12.800000190734863,12.9399995803833,5485,0.0,0.0
2022-10-28 11:30:00-04:00,12.9399995803833,12.9399995803833,12.9399995803833,12.9399995803833,1451,0.0,0.0
2022-10-28 12:30:00-04:00,12.873800277709961,12.960000038146973,12.873800277709961,12.960000038146973,886,0.0,0.0
2022-10-28 13:30:00-04:00,12.888299942016602,12.888299942016602,12.888299942016602,12.888299942016602,1451,0.0,0.0
2022-10-31 09:30:00-04:00,12.899999618530273,12.979999542236328,12.869999885559082,12.869999885559082,0,0.0,0.0
2022-10-31 10:30:00-04:00,12.869999885559082,12.869999885559082,12.819999694824219,12.819999694824219,730,0.0,0.0
2022-10-31 13:30:00-04:00,12.820099830627441,12.820099830627441,12.820099830627441,12.820099830627441,803,0.0,0.0
2022-10-31 14:30:00-04:00,12.841300010681152,12.841300010681152,12.819999694824219,12.819999694824219,300,0.0,0.0
2022-10-31 15:30:00-04:00,12.869999885559082,13.199999809265137,12.869999885559082,13.199999809265137,7433,0.0,0.0
2022-11-01 09:30:00-04:00,12.949999809265137,13.1899995803833,12.949999809265137,13.0600004196167,0,0.0,0.0
2022-11-01 10:30:00-04:00,13.199999809265137,13.430000305175781,13.157099723815918,13.430000305175781,2339,0.0,0.0
2022-11-01 11:30:00-04:00,13.369999885559082,13.369999885559082,12.970000267028809,13.029999732971191,5477,0.0,0.0
2022-11-01 12:30:00-04:00,12.970000267028809,12.989999771118164,12.850000381469727,12.850000381469727,3329,0.0,0.0
2022-11-01 13:30:00-04:00,12.880000114440918,12.9399995803833,12.819999694824219,12.84000015258789,9100,0.0,0.0
2022-11-01 14:30:00-04:00,12.819999694824219,12.819999694824219,12.520000457763672,12.520000457763672,14816,0.0,0.0
2022-11-02 09:30:00-04:00,12.710000038146973,13.039999961853027,12.710000038146973,12.835000038146973,0,0.0,0.0
2022-11-02 10:30:00-04:00,12.9399995803833,13.0600004196167,12.9399995803833,13.0600004196167,2022,0.0,0.0
2022-11-02 11:30:00-04:00,12.866399765014648,13.050000190734863,12.864999771118164,13.050000190734863,4619,0.0,0.0
2022-11-02 12:30:00-04:00,12.864999771118164,12.864999771118164,12.864999771118164,12.864999771118164,1436,0.0,0.0
2022-11-02 13:30:00-04:00,12.859999656677246,12.890000343322754,12.859999656677246,12.890000343322754,427,0.0,0.0
2022-11-02 14:30:00-04:00,12.850000381469727,12.890000343322754,12.779999732971191,12.890000343322754,1430,0.0,0.0
2022-11-02 15:30:00-04:00,12.78380012512207,12.78380012512207,12.78380012512207,12.78380012512207,600,0.0,0.0
2022-11-03 09:30:00-04:00,12.800000190734863,12.800000190734863,12.6899995803833,12.6899995803833,0,0.0,0.0
2022-11-03 10:30:00-04:00,12.6899995803833,12.6899995803833,12.6899995803833,12.6899995803833,203,0.0,0.0
2022-11-03 11:30:00-04:00,12.6899995803833,12.699899673461914,12.65999984741211,12.699899673461914,2357,0.0,0.0
2022-11-03 12:30:00-04:00,12.65999984741211,12.65999984741211,12.65999984741211,12.65999984741211,1192,0.0,0.0
2022-11-03 15:30:00-04:00,12.65999984741211,12.699999809265137,12.65999984741211,12.699999809265137,2147,0.0,0.0
2022-11-04 09:30:00-04:00,12.8100004196167,12.989999771118164,12.640000343322754,12.970000267028809,0,0.0,0.0
2022-11-04 10:30:00-04:00,12.960000038146973,12.989999771118164,12.649999618530273,12.649999618530273,2248,0.0,0.0
2022-11-07 09:30:00-05:00,12.8100004196167,13.25,12.8100004196167,13.25,0,0.0,0.0
2022-11-07 10:30:00-05:00,13.229999542236328,13.229999542236328,13.149999618530273,13.149999618530273,3150,0.0,0.0
2022-11-07 14:30:00-05:00,12.609999656677246,12.649999618530273,12.609999656677246,12.609999656677246,0,0.0,0.0
2022-11-08 09:30:00-05:00,12.8100004196167,12.8100004196167,12.75,12.760000228881836,0,0.0,0.0
2022-11-08 10:30:00-05:00,12.770000457763672,12.770000457763672,12.760000228881836,12.770000457763672,3451,0.0,0.0
2022-11-08 11:30:00-05:00,12.819999694824219,12.819999694824219,12.819999694824219,12.819999694824219,100,0.0,0.0
2022-11-08 12:30:00-05:00,12.819999694824219,12.880000114440918,12.819999694824219,12.880000114440918,203,0.0,0.0
2022-11-08 14:30:00-05:00,12.779999732971191,12.779999732971191,12.609999656677246,12.609999656677246,4553,0.0,0.0
2022-11-08 15:30:00-05:00,12.609999656677246,12.630000114440918,12.579999923706055,12.59000015258789,11715,0.0,0.0
2022-11-09 09:30:00-05:00,12.579999923706055,12.579999923706055,12.539999961853027,12.550000190734863,0,0.0,0.0
2022-11-09 10:30:00-05:00,12.670000076293945,12.670000076293945,12.582099914550781,12.600000381469727,6000,0.0,0.0
2022-11-09 11:30:00-05:00,12.600000381469727,12.600000381469727,12.59000015258789,12.59000015258789,1100,0.0,0.0
2022-11-09 12:30:00-05:00,12.59000015258789,12.600000381469727,12.579999923706055,12.59000015258789,4127,0.0,0.0
2022-11-09 13:30:00-05:00,12.5600004196167,12.5600004196167,12.550000190734863,12.550000190734863,3397,0.0,0.0
2022-11-09 14:30:00-05:00,12.55780029296875,12.55780029296875,12.529999732971191,12.529999732971191,6138,0.0,0.0
2022-11-09 15:30:00-05:00,12.529999732971191,12.529999732971191,12.470000267028809,12.470000267028809,9127,0.0,0.0
2022-11-10 09:30:00-05:00,12.680000305175781,12.729999542236328,12.680000305175781,12.699999809265137,0,0.0,0.0
2022-11-10 10:30:00-05:00,12.699999809265137,12.760000228881836,12.690099716186523,12.760000228881836,900,0.0,0.0
2022-11-10 11:30:00-05:00,12.800000190734863,12.869999885559082,12.800000190734863,12.850000381469727,1602,0.0,0.0
2022-11-10 12:30:00-05:00,12.801600456237793,12.801600456237793,12.800000190734863,12.800000190734863,1759,0.0,0.0
2022-11-10 13:30:00-05:00,12.78499984741211,12.850000381469727,12.78499984741211,12.847900390625,2058,0.0,0.0
2022-11-10 15:30:00-05:00,12.770000457763672,12.770000457763672,12.770000457763672,12.770000457763672,661,0.0,0.0
2022-11-11 09:30:00-05:00,12.770000457763672,12.800000190734863,12.740900039672852,12.799400329589844,0,0.0,0.0
2022-11-11 10:30:00-05:00,12.894499778747559,12.894499778747559,12.894499778747559,12.894499778747559,752,0.0,0.0
2022-11-11 11:30:00-05:00,12.9399995803833,12.949999809265137,12.9399995803833,12.942999839782715,3430,0.0,0.0
2022-11-11 12:30:00-05:00,12.839500427246094,12.9399995803833,12.839500427246094,12.9399995803833,2600,0.0,0.0
2022-11-11 13:30:00-05:00,12.890000343322754,12.890000343322754,12.819999694824219,12.875,3185,0.0,0.0
2022-11-11 14:30:00-05:00,12.912799835205078,12.944999694824219,12.875,12.944999694824219,8208,0.0,0.0
2022-11-11 15:30:00-05:00,12.9399995803833,12.949999809265137,12.90310001373291,12.9399995803833,3298,0.0,0.0
2022-11-14 09:30:00-05:00,12.859999656677246,13.09000015258789,12.859999656677246,13.09000015258789,0,0.0,0.0
2022-11-14 10:30:00-05:00,13.039999961853027,13.09000015258789,13.029999732971191,13.079999923706055,1100,0.0,0.0
2022-11-14 12:30:00-05:00,13.104999542236328,13.289899826049805,13.09000015258789,13.149999618530273,7244,0.0,0.0
2022-11-14 13:30:00-05:00,13.15719985961914,13.260000228881836,13.095000267028809,13.167099952697754,3800,0.0,0.0
2022-11-14 15:30:00-05:00,13.20989990234375,13.20989990234375,13.20989990234375,13.20989990234375,120,0.0,0.0
2022-11-15 09:30:00-05:00,13.050000190734863,13.229999542236328,13.039999961853027,13.229999542236328,0,0.0,0.0
2022-11-15 10:30:00-05:00,13.220000267028809,13.279999732971191,13.220000267028809,13.279999732971191,892,0.0,0.0
2022-11-15 11:30:00-05:00,13.279999732971191,13.999899864196777,13.279999732971191,13.729999542236328,7369,0.0,0.0
2022-11-15 12:30:00-05:00,13.640000343322754,13.640000343322754,13.434399604797363,13.434399604797363,1300,0.0,0.0
2022-11-15 14:30:00-05:00,13.466899871826172,13.466899871826172,13.466899871826172,13.466899871826172,1000,0.0,0.0
2022-11-15 15:30:00-05:00,13.489999771118164,13.5,13.489999771118164,13.5,300,0.0,0.0
2022-11-16 09:30:00-05:00,13.470000267028809,13.5,13.430000305175781,13.430000305175781,0,0.0,0.0
2022-11-16 10:30:00-05:00,13.5,14.430000305175781,13.479999542236328,13.899999618530273,7563,0.0,0.0
2022-11-16 11:30:00-05:00,13.952199935913086,13.952199935913086,13.952199935913086,13.952199935913086,230,0.0,0.0
2022-11-16 12:30:00-05:00,13.895000457763672,14.03909969329834,13.836099624633789,14.03909969329834,10447,0.0,0.0
2022-11-16 13:30:00-05:00,14.288200378417969,14.288200378417969,14.079999923706055,14.079999923706055,1704,0.0,0.0
2022-11-16 14:30:00-05:00,14.163999557495117,14.163999557495117,14.163999557495117,14.163999557495117,111,0.0,0.0
2022-11-17 09:30:00-05:00,13.920000076293945,13.930000305175781,13.920000076293945,13.930000305175781,0,0.0,0.0
2022-11-17 12:30:00-05:00,13.395000457763672,13.395000457763672,13.395000457763672,13.395000457763672,810,0.0,0.0
2022-11-17 13:30:00-05:00,13.724499702453613,13.724499702453613,13.724499702453613,13.724499702453613,1080,0.0,0.0
2022-11-17 14:30:00-05:00,13.300000190734863,13.300000190734863,13.300000190734863,13.300000190734863,152,0.0,0.0
2022-11-17 15:30:00-05:00,13.319999694824219,13.979999542236328,13.319999694824219,13.979999542236328,3199,0.0,0.0
2022-11-18 09:30:00-05:00,13.979999542236328,13.979999542236328,13.758199691772461,13.758199691772461,0,0.0,0.0
2022-11-18 10:30:00-05:00,13.82450008392334,13.82450008392334,13.82450008392334,13.82450008392334,100,0.0,0.0
2022-11-18 12:30:00-05:00,13.54010009765625,13.760000228881836,13.54010009765625,13.760000228881836,1500,0.0,0.0
2022-11-18 13:30:00-05:00,13.760000228881836,13.760000228881836,13.584500312805176,13.760000228881836,2033,0.0,0.0
2022-11-18 14:30:00-05:00,13.699600219726562,13.960000038146973,13.699600219726562,13.960000038146973,425,0.0,0.0
2022-11-18 15:30:00-05:00,13.899999618530273,13.899999618530273,13.899999618530273,13.899999618530273,1000,0.0,0.0
2022-11-21 09:30:00-05:00,13.90999984741211,13.90999984741211,13.90999984741211,13.90999984741211,0,0.0,0.0
2022-11-21 10:30:00-05:00,13.730799674987793,13.730799674987793,13.730799674987793,13.730799674987793,367,0.0,0.0
2022-11-21 12:30:00-05:00,13.964699745178223,13.964699745178223,13.964699745178223,13.964699745178223,1000,0.0,0.0
2022-11-21 13:30:00-05:00,13.854999542236328,13.854999542236328,13.300000190734863,13.300000190734863,12727,0.0,0.0
2022-11-21 14:30:00-05:00,13.300000190734863,13.75,13.300000190734863,13.399999618530273,16265,0.0,0.0
2022-11-21 15:30:00-05:00,13.399999618530273,13.550000190734863,13.359999656677246,13.550000190734863,9399,0.0,0.0
2022-11-22 09:30:00-05:00,13.460000038146973,13.460000038146973,13.460000038146973,13.460000038146973,0,0.0,0.0
2022-11-22 13:30:00-05:00,13.510000228881836,13.630499839782715,13.4399995803833,13.630499839782715,6716,0.0,0.0
2022-11-22 15:30:00-05:00,13.460000038146973,13.5600004196167,13.390000343322754,13.5600004196167,1100,0.0,0.0
2022-11-23 09:30:00-05:00,13.489999771118164,13.489999771118164,13.399999618530273,13.399999618530273,0,0.0,0.0
2022-11-23 10:30:00-05:00,13.399999618530273,13.5,13.390000343322754,13.489999771118164,37484,0.0,0.0
2022-11-23 11:30:00-05:00,13.520000457763672,13.520000457763672,13.520000457763672,13.520000457763672,100,0.0,0.0
2022-11-23 12:30:00-05:00,13.520000457763672,13.520000457763672,13.520000457763672,13.520000457763672,800,0.0,0.0
2022-11-23 13:30:00-05:00,13.520000457763672,13.60990047454834,13.510000228881836,13.510000228881836,1700,0.0,0.0
2022-11-23 14:30:00-05:00,13.561300277709961,13.561300277709961,13.399999618530273,13.40999984741211,2062,0.0,0.0
2022-11-23 15:30:00-05:00,13.478899955749512,13.478899955749512,13.478899955749512,13.478899955749512,100,0.0,0.0
2022-11-25 09:30:00-05:00,13.430000305175781,13.430000305175781,13.430000305175781,13.430000305175781,0,0.0,0.0
2022-11-25 11:30:00-05:00,13.380000114440918,13.380000114440918,13.300000190734863,13.3100004196167,1324,0.0,0.0
2022-11-25 12:30:00-05:00,13.300000190734863,13.300000190734863,13.25,13.25,0,0.0,0.0
2022-11-28 09:30:00-05:00,13.4399995803833,13.4399995803833,13.25,13.260000228881836,2287,0.0,0.0
2022-11-28 10:30:00-05:00,13.356800079345703,13.356800079345703,13.25,13.25,1550,0.0,0.0
2022-11-28 11:30:00-05:00,13.260000228881836,13.37660026550293,13.25,13.260000228881836,500,0.0,0.0
2022-11-28 12:30:00-05:00,13.25,13.25,13.25,13.25,621,0.0,0.0
2022-11-28 13:30:00-05:00,13.25,13.378700256347656,13.1899995803833,13.378700256347656,10119,0.0,0.0
2022-11-28 14:30:00-05:00,13.229999542236328,13.279999732971191,13.199999809265137,13.199999809265137,884,0.0,0.0
2022-11-28 15:30:00-05:00,13.199999809265137,13.199999809265137,13.199999809265137,13.199999809265137,1593,0.0,0.0
2022-11-29 09:30:00-05:00,13.3100004196167,13.33530044555664,13.199999809265137,13.274999618530273,0,0.0,0.0
2022-11-29 10:30:00-05:00,13.199999809265137,13.199999809265137,13.149999618530273,13.149999618530273,4909,0.0,0.0
2022-11-29 11:30:00-05:00,13.199999809265137,13.239999771118164,13.199999809265137,13.210000038146973,1034,0.0,0.0
2022-11-29 12:30:00-05:00,13.149999618530273,13.149999618530273,13.149999618530273,13.149999618530273,1754,0.0,0.0
2022-11-29 13:30:00-05:00,13.149999618530273,13.2052001953125,13.149999618530273,13.149999618530273,1652,0.0,0.0
2022-11-29 14:30:00-05:00,13.149999618530273,13.158699989318848,13.149999618530273,13.149999618530273,681,0.0,0.0
2022-11-29 15:30:00-05:00,13.149999618530273,13.210000038146973,13.149999618530273,13.149999618530273,1200,0.0,0.0
2022-11-30 09:30:00-05:00,13.239999771118164,13.390000343322754,13.239999771118164,13.260000228881836,0,0.0,0.0
2022-11-30 10:30:00-05:00,13.260000228881836,13.260000228881836,13.180000305175781,13.180000305175781,373,0.0,0.0
2022-11-30 11:30:00-05:00,13.170000076293945,13.180000305175781,13.164999961853027,13.164999961853027,700,0.0,0.0
2022-11-30 12:30:00-05:00,13.164999961853027,13.260000228881836,13.15999984741211,13.15999984741211,1760,0.0,0.0
2022-11-30 13:30:00-05:00,13.170000076293945,13.321200370788574,13.170000076293945,13.210000038146973,1075,0.0,0.0
2022-11-30 14:30:00-05:00,13.302900314331055,13.302900314331055,13.180000305175781,13.180000305175781,4406,0.0,0.0
2022-11-30 15:30:00-05:00,13.1899995803833,13.255000114440918,13.149999618530273,13.255000114440918,7204,0.0,0.0
2022-12-01 09:30:00-05:00,13.220000267028809,13.359999656677246,13.170100212097168,13.287500381469727,0,0.0,0.0
2022-12-01 10:30:00-05:00,13.180000305175781,13.234999656677246,13.170000076293945,13.1899995803833,2426,0.0,0.0
2022-12-01 11:30:00-05:00,13.180000305175781,13.180000305175781,13.170000076293945,13.170000076293945,600,0.0,0.0
2022-12-01 12:30:00-05:00,13.15999984741211,13.160099983215332,13.15999984741211,13.15999984741211,3106,0.0,0.0
2022-12-01 13:30:00-05:00,13.15999984741211,13.15999984741211,13.15999984741211,13.15999984741211,1926,0.0,0.0
2022-12-01 14:30:00-05:00,13.149999618530273,13.149999618530273,13.149999618530273,13.149999618530273,1025,0.0,0.0
2022-12-01 15:30:00-05:00,13.149999618530273,13.229999542236328,13.149999618530273,13.149999618530273,2365,0.0,0.0
2022-12-02 09:30:00-05:00,13.119999885559082,13.300000190734863,13.119999885559082,13.289999961853027,0,0.0,0.0
2022-12-02 10:30:00-05:00,13.210000038146973,13.210000038146973,13.149999618530273,13.15999984741211,3286,0.0,0.0
2022-12-02 11:30:00-05:00,13.180000305175781,13.180000305175781,13.140000343322754,13.140000343322754,382,0.0,0.0
2022-12-02 12:30:00-05:00,13.149999618530273,13.154000282287598,13.140000343322754,13.154000282287598,1230,0.0,0.0
2022-12-02 13:30:00-05:00,13.140000343322754,13.205100059509277,13.140000343322754,13.205100059509277,1100,0.0,0.0
2022-12-02 14:30:00-05:00,13.149999618530273,13.15999984741211,13.149999618530273,13.149999618530273,1186,0.0,0.0
2022-12-02 15:30:00-05:00,13.15999984741211,13.15999984741211,13.149999618530273,13.149999618530273,500,0.0,0.0
2022-12-05 09:30:00-05:00,13.25,13.25,13.149999618530273,13.149999618530273,0,0.0,0.0
2022-12-05 10:30:00-05:00,13.130000114440918,13.130000114440918,13.130000114440918,13.130000114440918,513,0.0,0.0
2022-12-05 11:30:00-05:00,13.143099784851074,13.153599739074707,13.119999885559082,13.119999885559082,1447,0.0,0.0
2022-12-05 12:30:00-05:00,13.119999885559082,13.145000457763672,13.109999656677246,13.145000457763672,600,0.0,0.0
2022-12-05 13:30:00-05:00,13.140000343322754,13.140000343322754,13.109999656677246,13.109999656677246,862,0.0,0.0
2022-12-05 14:30:00-05:00,13.109999656677246,13.119999885559082,13.109999656677246,13.119999885559082,649,0.0,0.0
2022-12-05 15:30:00-05:00,13.150500297546387,13.150500297546387,13.100000381469727,13.100000381469727,4412,0.0,0.0
2022-12-06 09:30:00-05:00,13.170000076293945,13.270000457763672,13.149999618530273,13.25,0,0.0,0.0
2022-12-06 10:30:00-05:00,13.260000228881836,13.260000228881836,13.15999984741211,13.199999809265137,2288,0.0,0.0
2022-12-06 11:30:00-05:00,13.25,13.270000457763672,13.204999923706055,13.270000457763672,3901,0.0,0.0
2022-12-06 12:30:00-05:00,13.270000457763672,13.319999694824219,13.270000457763672,13.319999694824219,3600,0.0,0.0
2022-12-06 13:30:00-05:00,13.3100004196167,13.359999656677246,13.229999542236328,13.359999656677246,3706,0.0,0.0
2022-12-06 14:30:00-05:00,13.359999656677246,13.399999618530273,13.3149995803833,13.390000343322754,4022,0.0,0.0
2022-12-06 15:30:00-05:00,13.335000038146973,13.390000343322754,13.260000228881836,13.270000457763672,2200,0.0,0.0
2022-12-07 09:30:00-05:00,13.25,13.619999885559082,13.25,13.32979965209961,9305,0.0,0.0
2022-12-07 10:30:00-05:00,13.484999656677246,13.619999885559082,13.34000015258789,13.34000015258789,7472,0.0,0.0
2022-12-07 11:30:00-05:00,13.350000381469727,13.369999885559082,13.350000381469727,13.350000381469727,3806,0.0,0.0
2022-12-07 12:30:00-05:00,13.359999656677246,13.57040023803711,13.359999656677246,13.359999656677246,3700,0.0,0.0
2022-12-07 13:30:00-05:00,13.359999656677246,13.359999656677246,13.329999923706055,13.329999923706055,2539,0.0,0.0
2022-12-07 14:30:00-05:00,13.34000015258789,13.710000038146973,13.3100004196167,13.390000343322754,14749,0.0,0.0
2022-12-07 15:30:00-05:00,13.550000190734863,13.550000190734863,13.390000343322754,13.390000343322754,400,0.0,0.0
2022-12-08 09:30:00-05:00,13.369999885559082,13.479999542236328,13.25,13.380000114440918,0,0.0,0.0
2022-12-08 10:30:00-05:00,13.279999732971191,13.380000114440918,13.270000457763672,13.359999656677246,1488,0.0,0.0
2022-12-08 11:30:00-05:00,13.359999656677246,13.359999656677246,13.359999656677246,13.359999656677246,400,0.0,0.0
2022-12-08 12:30:00-05:00,13.390000343322754,13.489999771118164,13.234100341796875,13.399999618530273,5180,0.0,0.0
2022-12-08 13:30:00-05:00,13.399999618530273,13.59000015258789,13.359999656677246,13.489999771118164,4768,0.0,0.0
2022-12-08 14:30:00-05:00,13.220000267028809,13.220000267028809,13.220000267028809,13.220000267028809,983,0.0,0.0
2022-12-08 15:30:00-05:00,13.229999542236328,13.3100004196167,13.229999542236328,13.229999542236328,1496,0.0,0.0
2022-12-09 09:30:00-05:00,13.3100004196167,13.3100004196167,13.15999984741211,13.170000076293945,0,0.0,0.0
2022-12-09 10:30:00-05:00,13.199999809265137,13.199999809265137,13.199999809265137,13.199999809265137,278,0.0,0.0
2022-12-09 11:30:00-05:00,13.20110034942627,13.255000114440918,13.20110034942627,13.255000114440918,1500,0.0,0.0
2022-12-09 12:30:00-05:00,13.210000038146973,13.3100004196167,13.199999809265137,13.300000190734863,3443,0.0,0.0
2022-12-09 13:30:00-05:00,13.199999809265137,13.340499877929688,13.199999809265137,13.340499877929688,669,0.0,0.0
2022-12-09 14:30:00-05:00,13.295000076293945,13.347100257873535,13.210000038146973,13.220000267028809,5179,0.0,0.0
2022-12-09 15:30:00-05:00,13.220000267028809,13.220000267028809,13.220000267028809,13.220000267028809,200,0.0,0.0
2022-12-12 09:30:00-05:00,13.279999732971191,13.350000381469727,13.220000267028809,13.220000267028809,0,0.0,0.0
2022-12-12 10:30:00-05:00,13.350000381469727,13.399999618530273,13.350000381469727,13.399999618530273,1626,0.0,0.0
2022-12-12 11:30:00-05:00,13.430000305175781,13.430000305175781,13.420000076293945,13.430000305175781,1101,0.0,0.0
2022-12-12 12:30:00-05:00,13.430000305175781,13.550000190734863,13.390000343322754,13.479999542236328,5167,0.0,0.0
2022-12-12 13:30:00-05:00,13.510000228881836,13.579999923706055,13.510000228881836,13.569999694824219,1158,0.0,0.0
2022-12-12 14:30:00-05:00,13.510000228881836,13.569999694824219,13.277299880981445,13.277299880981445,1188,0.0,0.0
2022-12-12 15:30:00-05:00,13.539999961853027,13.539999961853027,13.399999618530273,13.399999618530273,3074,0.0,0.0
2022-12-13 09:30:00-05:00,14.0600004196167,14.0600004196167,13.859999656677246,13.880000114440918,0,0.0,0.0
2022-12-13 10:30:00-05:00,13.890000343322754,13.930000305175781,13.890000343322754,13.930000305175781,800,0.0,0.0
2022-12-13 11:30:00-05:00,13.800000190734863,13.8233003616333,13.800000190734863,13.8100004196167,1133,0.0,0.0
2022-12-13 12:30:00-05:00,14.050000190734863,14.0600004196167,13.393099784851074,13.84000015258789,13050,0.0,0.0
2022-12-13 13:30:00-05:00,13.800000190734863,13.800000190734863,13.800000190734863,13.800000190734863,204,0.0,0.0
2022-12-13 14:30:00-05:00,13.800000190734863,13.800000190734863,13.770000457763672,13.770000457763672,380,0.0,0.0
2022-12-13 15:30:00-05:00,13.800000190734863,13.800000190734863,13.800000190734863,13.800000190734863,536,0.0,0.0
2022-12-14 09:30:00-05:00,13.899999618530273,13.899999618530273,13.899999618530273,13.899999618530273,0,0.0,0.0
2022-12-14 11:30:00-05:00,14.097800254821777,14.097800254821777,13.899999618530273,13.899999618530273,2720,0.0,0.0
2022-12-14 13:30:00-05:00,13.72700023651123,13.777999877929688,13.72700023651123,13.777999877929688,1798,0.0,0.0
2022-12-14 14:30:00-05:00,13.84000015258789,13.9399995803833,13.84000015258789,13.9399995803833,8000,0.0,0.0
2022-12-14 15:30:00-05:00,13.65999984741211,13.90999984741211,13.499099731445312,13.90999984741211,1275,0.0,0.0
2022-12-15 09:30:00-05:00,13.720000267028809,13.720000267028809,13.720000267028809,13.720000267028809,0,0.0,0.0
2022-12-15 11:30:00-05:00,13.732000350952148,13.732000350952148,13.732000350952148,13.732000350952148,189,0.0,0.0
2022-12-15 12:30:00-05:00,13.770000457763672,14.25,13.770000457763672,14.25,7461,0.0,0.0
2022-12-15 13:30:00-05:00,14.25,14.5,14.010100364685059,14.248700141906738,11550,0.0,0.0
2022-12-15 15:30:00-05:00,14.180000305175781,14.180000305175781,14.180000305175781,14.180000305175781,1300,0.0,0.0
2022-12-16 09:30:00-05:00,14.1899995803833,14.199999809265137,13.944999694824219,13.944999694824219,0,0.0,0.0
2022-12-16 10:30:00-05:00,14.069999694824219,14.069999694824219,13.529999732971191,13.960000038146973,1033,0.0,0.0
2022-12-16 11:30:00-05:00,13.875,13.875,13.875,13.875,119,0.0,0.0
2022-12-16 14:30:00-05:00,13.899999618530273,14.199999809265137,13.699999809265137,14.199999809265137,9344,0.0,0.0
2022-12-16 15:30:00-05:00,14.300000190734863,14.300000190734863,13.899999618530273,13.920000076293945,14101,0.0,0.0
2022-12-19 09:30:00-05:00,13.9399995803833,13.9399995803833,13.84000015258789,13.84000015258789,0,0.0,0.0
2022-12-19 10:30:00-05:00,13.875,13.875,13.649999618530273,13.649999618530273,2911,0.0,0.0
2022-12-19 11:30:00-05:00,13.800000190734863,14.024999618530273,13.800000190734863,14.024999618530273,2249,0.0,0.0
2022-12-19 12:30:00-05:00,13.930000305175781,13.930000305175781,13.550000190734863,13.746000289916992,2281,0.0,0.0
2022-12-19 13:30:00-05:00,13.899999618530273,13.899999618530273,13.539999961853027,13.5600004196167,533,0.0,0.0
2022-12-19 14:30:00-05:00,13.529999732971191,13.6850004196167,13.529999732971191,13.592499732971191,2652,0.0,0.0
2022-12-20 09:30:00-05:00,13.609999656677246,13.762299537658691,13.550000190734863,13.680000305175781,0,0.0,0.0
2022-12-20 13:30:00-05:00,13.59000015258789,13.59000015258789,13.59000015258789,13.59000015258789,1002,0.0,0.0
2022-12-20 15:30:00-05:00,13.5600004196167,13.649999618530273,13.5600004196167,13.649999618530273,305,0.0,0.0
2022-12-21 09:30:00-05:00,13.5600004196167,13.713399887084961,13.5600004196167,13.579999923706055,0,0.0,0.0
2022-12-21 12:30:00-05:00,14.113499641418457,14.113499641418457,14.113499641418457,14.113499641418457,1898,0.0,0.0
2022-12-21 13:30:00-05:00,13.800000190734863,13.800000190734863,13.75,13.789999961853027,302,0.0,0.0
2022-12-21 14:30:00-05:00,13.84000015258789,13.882200241088867,13.84000015258789,13.84000015258789,3367,0.0,0.0
2022-12-21 15:30:00-05:00,13.84000015258789,14.0600004196167,13.84000015258789,14.0600004196167,2800,0.0,0.0
2022-12-22 09:30:00-05:00,13.710000038146973,13.829999923706055,13.710000038146973,13.800000190734863,0,0.0,0.0
2022-12-22 10:30:00-05:00,13.699999809265137,13.699999809265137,13.699999809265137,13.699999809265137,120,0.0,0.0
2022-12-22 11:30:00-05:00,13.6899995803833,13.6899995803833,13.6899995803833,13.6899995803833,389,0.0,0.0
2022-12-22 13:30:00-05:00,13.6899995803833,13.699999809265137,13.6899995803833,13.699999809265137,578,0.0,0.0
2022-12-22 14:30:00-05:00,13.625,13.699999809265137,13.625,13.699999809265137,2604,0.0,0.0
2022-12-23 09:30:00-05:00,13.9399995803833,13.99940013885498,13.9399995803833,13.970000267028809,0,0.0,0.0
2022-12-23 10:30:00-05:00,13.949999809265137,13.979399681091309,13.949999809265137,13.979399681091309,433,0.0,0.0
2022-12-23 12:30:00-05:00,13.970000267028809,13.989999771118164,13.970000267028809,13.989999771118164,1391,0.0,0.0
2022-12-23 13:30:00-05:00,14.069999694824219,14.100000381469727,14.069999694824219,14.100000381469727,1532,0.0,0.0
2022-12-23 14:30:00-05:00,14.100000381469727,14.300000190734863,14.100000381469727,14.185700416564941,4406,0.0,0.0
2022-12-27 09:30:00-05:00,14.170000076293945,14.170000076293945,14.170000076293945,14.170000076293945,0,0.0,0.0
2022-12-27 11:30:00-05:00,14.020000457763672,14.020000457763672,13.989999771118164,14.0,1557,0.0,0.0
2022-12-27 12:30:00-05:00,13.970000267028809,14.249899864196777,13.866999626159668,13.866999626159668,14418,0.0,0.0
2022-12-27 13:30:00-05:00,13.899999618530273,14.239999771118164,13.869999885559082,14.215299606323242,0,0.0,0.0
2022-12-28 09:30:00-05:00,13.920000076293945,14.1899995803833,13.551899909973145,13.884699821472168,18777,0.0,0.0
2022-12-28 10:30:00-05:00,14.020099639892578,14.100000381469727,13.850000381469727,13.984999656677246,12510,0.0,0.0
2022-12-28 11:30:00-05:00,13.87030029296875,14.25,13.850000381469727,14.25,16841,0.0,0.0
2022-12-28 12:30:00-05:00,14.208900451660156,14.25,14.188899993896484,14.25,2449,0.0,0.0
2022-12-28 13:30:00-05:00,14.25,14.399999618530273,13.844599723815918,14.3100004196167,5174,0.0,0.0
2022-12-28 14:30:00-05:00,14.399999618530273,14.399999618530273,13.850000381469727,14.34000015258789,7226,0.0,0.0
2022-12-28 15:30:00-05:00,14.34000015258789,14.350000381469727,14.0600004196167,14.0600004196167,4353,0.0,0.0
2022-12-29 09:30:00-05:00,14.010000228881836,14.010000228881836,14.010000228881836,14.010000228881836,0,0.0,0.0
2022-12-29 10:30:00-05:00,14.020000457763672,14.020000457763672,14.010000228881836,14.020000457763672,1300,0.0,0.0
2022-12-29 11:30:00-05:00,14.350000381469727,14.350000381469727,13.989999771118164,14.34000015258789,2394,0.0,0.0
2022-12-29 12:30:00-05:00,14.350000381469727,14.380000114440918,14.010000228881836,14.010000228881836,1950,0.0,0.0
2022-12-29 13:30:00-05:00,14.350000381469727,14.380000114440918,13.961099624633789,14.380000114440918,2007,0.0,0.0
2022-12-29 14:30:00-05:00,14.399999618530273,14.399999618530273,14.0,14.399999618530273,7757,0.0,0.0
2022-12-29 15:30:00-05:00,14.399999618530273,14.399999618530273,14.399999618530273,14.399999618530273,1730,0.0,0.0
2022-12-30 09:30:00-05:00,14.119999885559082,14.199999809265137,14.0,14.0,0,0.0,0.0
2022-12-30 10:30:00-05:00,14.309499740600586,14.309499740600586,14.0,14.029999732971191,1184,0.0,0.0
2022-12-30 11:30:00-05:00,14.029999732971191,14.15999984741211,14.029999732971191,14.15999984741211,323,0.0,0.0
2022-12-30 12:30:00-05:00,14.15999984741211,14.361700057983398,14.15999984741211,14.361700057983398,1701,0.0,0.0
2022-12-30 14:30:00-05:00,14.38010025024414,14.399999618530273,14.350000381469727,14.350000381469727,4372,0.0,0.0
2023-01-03 09:30:00-05:00,14.399999618530273,14.449999809265137,14.005000114440918,14.29990005493164,0,0.0,0.0
2023-01-04 09:30:00-05:00,14.399999618530273,14.399999618530273,14.080100059509277,14.080100059509277,0,0.0,0.0
2023-01-04 10:30:00-05:00,14.079999923706055,14.145299911499023,14.079999923706055,14.145299911499023,600,0.0,0.0
2023-01-04 11:30:00-05:00,14.069999694824219,14.069999694824219,14.069999694824219,14.069999694824219,400,0.0,0.0
2023-01-04 12:30:00-05:00,14.199899673461914,14.199899673461914,14.050000190734863,14.050000190734863,2400,0.0,0.0
2023-01-04 13:30:00-05:00,14.0600004196167,14.125,14.0600004196167,14.0600004196167,600,0.0,0.0
2023-01-04 14:30:00-05:00,14.0600004196167,14.069999694824219,14.050000190734863,14.0600004196167,1047,0.0,0.0
2023-01-04 15:30:00-05:00,14.039999961853027,14.039999961853027,14.039999961853027,14.039999961853027,500,0.0,0.0
2023-01-05 09:30:00-05:00,14.029999732971191,14.029999732971191,14.029999732971191,14.029999732971191,0,0.0,0.0
2023-01-05 10:30:00-05:00,14.020000457763672,14.020000457763672,14.0,14.0,403,0.0,0.0
2023-01-05 11:30:00-05:00,14.0,14.020000457763672,14.0,14.000100135803223,5850,0.0,0.0
2023-01-05 12:30:00-05:00,13.904999732971191,13.904999732971191,13.710000038146973,13.75,3318,0.0,0.0
2023-01-05 13:30:00-05:00,13.770000457763672,13.970000267028809,13.770000457763672,13.800000190734863,2500,0.0,0.0
2023-01-05 14:30:00-05:00,13.800000190734863,13.8100004196167,13.75,13.760000228881836,912,0.0,0.0
2023-01-05 15:30:00-05:00,13.760000228881836,13.846599578857422,13.75,13.8100004196167,3002,0.0,0.0
2023-01-06 09:30:00-05:00,13.800000190734863,13.800000190734863,13.800000190734863,13.800000190734863,0,0.0,0.0
2023-01-06 10:30:00-05:00,13.795000076293945,13.859999656677246,13.789999961853027,13.84000015258789,1200,0.0,0.0
2023-01-06 11:30:00-05:00,13.829999923706055,13.829999923706055,13.8100004196167,13.8100004196167,475,0.0,0.0
2023-01-06 12:30:00-05:00,13.95989990234375,13.95989990234375,13.890000343322754,13.890000343322754,2831,0.0,0.0
2023-01-06 13:30:00-05:00,13.899999618530273,13.899999618530273,13.899999618530273,13.899999618530273,1600,0.0,0.0
2023-01-06 14:30:00-05:00,13.750100135803223,13.789999961853027,13.750100135803223,13.779999732971191,4534,0.0,0.0
2023-01-06 15:30:00-05:00,13.779999732971191,13.779999732971191,13.75,13.779999732971191,500,0.0,0.0
2023-01-09 09:30:00-05:00,13.880000114440918,13.880000114440918,13.880000114440918,13.880000114440918,0,0.0,0.0
2023-01-09 10:30:00-05:00,13.770000457763672,13.770000457763672,13.75,13.770000457763672,730,0.0,0.0
2023-01-09 11:30:00-05:00,13.779999732971191,13.800000190734863,13.770000457763672,13.789999961853027,500,0.0,0.0
2023-01-09 12:30:00-05:00,13.779999732971191,13.890000343322754,13.760000228881836,13.864399909973145,3183,0.0,0.0
2023-01-09 13:30:00-05:00,13.760000228881836,13.770000457763672,13.75,13.75,1631,0.0,0.0
2023-01-09 14:30:00-05:00,13.792499542236328,13.8149995803833,13.75,13.760000228881836,1785,0.0,0.0
2023-01-09 15:30:00-05:00,13.760000228881836,13.760000228881836,13.760000228881836,13.760000228881836,600,0.0,0.0
2023-01-10 09:30:00-05:00,13.84000015258789,13.84000015258789,13.800000190734863,13.800000190734863,0,0.0,0.0
2023-01-10 10:30:00-05:00,13.800000190734863,13.850000381469727,13.699999809265137,13.699999809265137,3904,0.0,0.0
2023-01-10 11:30:00-05:00,13.7076997756958,13.730799674987793,13.649999618530273,13.649999618530273,3215,0.0,0.0
2023-01-10 12:30:00-05:00,13.694000244140625,13.694000244140625,13.649999618530273,13.649999618530273,1300,0.0,0.0
2023-01-10 13:30:00-05:00,13.680000305175781,13.680000305175781,13.65999984741211,13.65999984741211,486,0.0,0.0
2023-01-10 14:30:00-05:00,13.65999984741211,13.699999809265137,13.65999984741211,13.699999809265137,1054,0.0,0.0
2023-01-10 15:30:00-05:00,13.699999809265137,13.720000267028809,13.699999809265137,13.699999809265137,1625,0.0,0.0
2023-01-11 09:30:00-05:00,13.850000381469727,13.850000381469727,13.6899995803833,13.6899995803833,0,0.0,0.0
2023-01-11 10:30:00-05:00,13.6899995803833,13.720000267028809,13.6899995803833,13.720000267028809,500,0.0,0.0
2023-01-11 11:30:00-05:00,13.720000267028809,13.720000267028809,13.710000038146973,13.710000038146973,300,0.0,0.0
2023-01-11 12:30:00-05:00,13.699999809265137,13.720000267028809,13.699999809265137,13.699999809265137,400,0.0,0.0
2023-01-11 13:30:00-05:00,13.75,13.800000190734863,13.75,13.800000190734863,479,0.0,0.0
2023-01-11 14:30:00-05:00,13.800000190734863,13.800000190734863,13.75,13.75,1037,0.0,0.0
2023-01-11 15:30:00-05:00,13.760000228881836,13.760000228881836,13.75,13.75,1026,0.0,0.0
2023-01-12 09:30:00-05:00,13.829999923706055,13.850000381469727,13.829999923706055,13.850000381469727,0,0.0,0.0
2023-01-12 11:30:00-05:00,13.75,13.755000114440918,13.720000267028809,13.755000114440918,1083,0.0,0.0
2023-01-12 12:30:00-05:00,13.760000228881836,13.800000190734863,13.760000228881836,13.800000190734863,2793,0.0,0.0
2023-01-12 13:30:00-05:00,13.850000381469727,13.850000381469727,13.850000381469727,13.850000381469727,100,0.0,0.0
2023-01-12 15:30:00-05:00,13.850000381469727,13.850000381469727,13.850000381469727,13.850000381469727,350,0.0,0.0
2023-01-13 09:30:00-05:00,13.920000076293945,13.920000076293945,13.827899932861328,13.920000076293945,0,0.0,0.0
2023-01-13 10:30:00-05:00,13.960000038146973,13.960000038146973,13.960000038146973,13.960000038146973,129,0.0,0.0
2023-01-13 12:30:00-05:00,13.960000038146973,13.960000038146973,13.8100004196167,13.8100004196167,787,0.0,0.0
2023-01-13 14:30:00-05:00,13.869999885559082,13.875,13.869999885559082,13.875,4400,0.0,0.0
2023-01-13 15:30:00-05:00,13.899999618530273,13.930000305175781,13.89840030670166,13.930000305175781,1166,0.0,0.0
2023-01-17 09:30:00-05:00,13.890000343322754,13.890000343322754,13.889900207519531,13.890000343322754,0,0.0,0.0
2023-01-17 10:30:00-05:00,13.890000343322754,13.960000038146973,13.890000343322754,13.960000038146973,641,0.0,0.0
2023-01-17 11:30:00-05:00,13.999899864196777,13.999899864196777,13.999899864196777,13.999899864196777,450,0.0,0.0
2023-01-17 12:30:00-05:00,13.949600219726562,13.949600219726562,13.90999984741211,13.90999984741211,475,0.0,0.0
2023-01-17 14:30:00-05:00,13.899999618530273,13.963800430297852,13.75,13.814000129699707,19254,0.0,0.0
2023-01-17 15:30:00-05:00,13.772600173950195,13.800000190734863,13.772600173950195,13.800000190734863,600,0.0,0.0
2023-01-18 09:30:00-05:00,13.859999656677246,13.90999984741211,13.859999656677246,13.890000343322754,0,0.0,0.0
2023-01-18 10:30:00-05:00,13.869999885559082,13.899999618530273,13.869999885559082,13.899999618530273,230,0.0,0.0
2023-01-18 13:30:00-05:00,13.974100112915039,13.974100112915039,13.974100112915039,13.974100112915039,669,0.0,0.0
2023-01-19 09:30:00-05:00,13.9399995803833,13.9399995803833,13.9399995803833,13.9399995803833,0,0.0,0.0
2023-01-19 12:30:00-05:00,13.970000267028809,13.989999771118164,13.965299606323242,13.965299606323242,2711,0.0,0.0
2023-01-19 13:30:00-05:00,13.949999809265137,13.949999809265137,13.949999809265137,13.949999809265137,657,0.0,0.0
2023-01-19 15:30:00-05:00,14.0,14.039999961853027,14.0,14.010000228881836,1562,0.0,0.0
2023-01-20 09:30:00-05:00,14.0,14.100000381469727,14.0,14.0,0,0.0,0.0
2023-01-20 10:30:00-05:00,14.0,14.020000457763672,14.0,14.0,3222,0.0,0.0
2023-01-20 11:30:00-05:00,14.020000457763672,14.020000457763672,14.020000457763672,14.020000457763672,247,0.0,0.0
2023-01-20 12:30:00-05:00,14.0,14.0,14.0,14.0,253,0.0,0.0
2023-01-20 14:30:00-05:00,14.010000228881836,14.010000228881836,14.0,14.0,472,0.0,0.0
2023-01-20 15:30:00-05:00,13.970000267028809,14.018699645996094,13.949999809265137,14.010299682617188,956,0.0,0.0
2023-01-23 09:30:00-05:00,13.970000267028809,13.989999771118164,13.970000267028809,13.989999771118164,0,0.0,0.0
2023-01-23 12:30:00-05:00,14.09000015258789,14.09000015258789,14.09000015258789,14.09000015258789,377,0.0,0.0
2023-01-23 15:30:00-05:00,13.989999771118164,13.989999771118164,13.979999542236328,13.979999542236328,354,0.0,0.0
2023-01-24 09:30:00-05:00,14.180000305175781,14.180000305175781,14.180000305175781,14.180000305175781,0,0.0,0.0
2023-01-24 10:30:00-05:00,14.085000038146973,14.1899995803833,14.085000038146973,14.085000038146973,1444,0.0,0.0
2023-01-24 14:30:00-05:00,14.189900398254395,14.199999809265137,14.180000305175781,14.199999809265137,4739,0.0,0.0
2023-01-25 09:30:00-05:00,14.109999656677246,14.109999656677246,14.109999656677246,14.109999656677246,0,0.0,0.0
2023-01-25 10:30:00-05:00,14.129899978637695,14.129899978637695,14.116499900817871,14.116499900817871,283,0.0,0.0
2023-01-26 09:30:00-05:00,14.319999694824219,14.600000381469727,14.319999694824219,14.600000381469727,3318,0.0,0.0
2023-01-26 10:30:00-05:00,14.600000381469727,14.600000381469727,14.5,14.600000381469727,4117,0.0,0.0
2023-01-26 11:30:00-05:00,14.65999984741211,14.720000267028809,14.65999984741211,14.720000267028809,900,0.0,0.0
2023-01-26 13:30:00-05:00,14.640000343322754,14.640000343322754,14.640000343322754,14.640000343322754,200,0.0,0.0
2023-01-26 14:30:00-05:00,14.489999771118164,14.5,14.479999542236328,14.479999542236328,2692,0.0,0.0
2023-01-27 09:30:00-05:00,14.460000038146973,14.460000038146973,14.460000038146973,14.460000038146973,0,0.0,0.0
2023-01-27 10:30:00-05:00,14.720000267028809,14.720000267028809,14.720000267028809,14.720000267028809,116,0.0,0.0
2023-01-30 09:30:00-05:00,14.720000267028809,14.720000267028809,14.720000267028809,14.720000267028809,0,0.0,0.0
2023-01-30 10:30:00-05:00,14.710000038146973,14.720000267028809,14.710000038146973,14.720000267028809,300,0.0,0.0
2023-01-30 11:30:00-05:00,14.710000038146973,14.720000267028809,14.710000038146973,14.720000267028809,600,0.0,0.0
2023-01-30 12:30:00-05:00,14.720000267028809,14.720000267028809,14.720000267028809,14.720000267028809,150,0.0,0.0
2023-01-30 13:30:00-05:00,14.720000267028809,14.720000267028809,14.649999618530273,14.649999618530273,264,0.0,0.0
2023-01-30 14:30:00-05:00,14.649999618530273,14.649999618530273,14.649999618530273,14.649999618530273,197,0.0,0.0
2023-01-30 15:30:00-05:00,14.633600234985352,14.633600234985352,14.633600234985352,14.633600234985352,100,0.0,0.0
2023-01-31 09:30:00-05:00,14.600000381469727,14.600000381469727,14.505000114440918,14.505000114440918,0,0.0,0.0
2023-01-31 10:30:00-05:00,14.720000267028809,14.859999656677246,14.699999809265137,14.859999656677246,2894,0.0,0.0
2023-01-31 12:30:00-05:00,14.75,14.75,14.75,14.75,755,0.0,0.0
2023-01-31 15:30:00-05:00,14.805000305175781,14.859999656677246,14.805000305175781,14.859999656677246,1140,0.0,0.0
2023-02-01 09:30:00-05:00,14.859999656677246,14.859999656677246,14.63029956817627,14.859999656677246,0,0.0,0.0
2023-02-01 10:30:00-05:00,14.859999656677246,14.859999656677246,14.859999656677246,14.859999656677246,608,0.0,0.0
2023-02-01 11:30:00-05:00,14.859999656677246,14.859999656677246,14.770000457763672,14.859999656677246,532,0.0,0.0
2023-02-01 13:30:00-05:00,14.880000114440918,14.899999618530273,14.6899995803833,14.890000343322754,7336,0.0,0.0
2023-02-01 15:30:00-05:00,14.869999885559082,14.869999885559082,14.869999885559082,14.869999885559082,100,0.0,0.0
2023-02-02 09:30:00-05:00,14.890000343322754,14.899999618530273,14.890000343322754,14.899999618530273,0,0.0,0.0
2023-02-02 10:30:00-05:00,14.895000457763672,14.895000457763672,14.890000343322754,14.890000343322754,1280,0.0,0.0
2023-02-02 11:30:00-05:00,14.890000343322754,14.89799976348877,14.890000343322754,14.895000457763672,3700,0.0,0.0
2023-02-02 12:30:00-05:00,14.890000343322754,14.9399995803833,14.890000343322754,14.9399995803833,6340,0.0,0.0
2023-02-02 13:30:00-05:00,14.960000038146973,14.960000038146973,14.960000038146973,14.960000038146973,461,0.0,0.0
2023-02-02 14:30:00-05:00,14.960000038146973,14.979999542236328,14.959500312805176,14.979999542236328,569,0.0,0.0
2023-02-02 15:30:00-05:00,14.960000038146973,14.960000038146973,14.960000038146973,14.960000038146973,613,0.0,0.0
2023-02-03 09:30:00-05:00,14.930000305175781,14.930000305175781,14.930000305175781,14.930000305175781,689,0.0,0.0
2023-02-03 10:30:00-05:00,14.935199737548828,14.935199737548828,14.935199737548828,14.935199737548828,200,0.0,0.0
2023-02-03 11:30:00-05:00,14.9399995803833,14.979999542236328,14.927499771118164,14.961799621582031,1500,0.0,0.0
2023-02-03 12:30:00-05:00,14.9173002243042,14.9350004196167,14.9173002243042,14.9350004196167,1600,0.0,0.0
2023-02-03 13:30:00-05:00,14.979999542236328,14.979999542236328,14.979999542236328,14.979999542236328,225,0.0,0.0
2023-02-06 09:30:00-05:00,14.979999542236328,14.979999542236328,14.880000114440918,14.890000343322754,1750,0.0,0.0
2023-02-06 10:30:00-05:00,14.890000343322754,15.100000381469727,14.890000343322754,15.100000381469727,2417,0.0,0.0
2023-02-06 11:30:00-05:00,15.100000381469727,15.279999732971191,15.069999694824219,15.109999656677246,4185,0.0,0.0
2023-02-06 12:30:00-05:00,15.050000190734863,15.050000190734863,15.029999732971191,15.029999732971191,1553,0.0,0.0
2023-02-06 13:30:00-05:00,15.09179973602295,15.09179973602295,15.09179973602295,15.09179973602295,1000,0.0,0.0
2023-02-06 14:30:00-05:00,15.149999618530273,15.149999618530273,15.149999618530273,15.149999618530273,2001,0.0,0.0
2023-02-06 15:30:00-05:00,15.029999732971191,15.029999732971191,15.0,15.010000228881836,0,0.0,0.0
2023-02-07 09:30:00-05:00,15.149999618530273,15.210000038146973,15.149999618530273,15.210000038146973,559,0.0,0.0
2023-02-07 10:30:00-05:00,15.1899995803833,15.194999694824219,15.180000305175781,15.180000305175781,416,0.0,0.0
2023-02-07 11:30:00-05:00,15.210000038146973,15.210000038146973,15.210000038146973,15.210000038146973,475,0.0,0.0
2023-02-07 12:30:00-05:00,15.220000267028809,15.220000267028809,15.1899995803833,15.1899995803833,400,0.0,0.0
2023-02-07 13:30:00-05:00,15.199999809265137,15.220000267028809,15.199999809265137,15.220000267028809,2066,0.0,0.0
2023-02-07 14:30:00-05:00,15.199999809265137,15.220000267028809,15.199999809265137,15.220000267028809,1648,0.0,0.0
2023-02-07 15:30:00-05:00,15.199999809265137,15.199999809265137,15.181699752807617,15.189900398254395,5061,0.0,0.0
2023-02-08 09:30:00-05:00,15.239999771118164,15.239999771118164,15.239999771118164,15.239999771118164,0,0.0,0.0
2023-02-08 10:30:00-05:00,15.1899995803833,15.1899995803833,15.15999984741211,15.174200057983398,1105,0.0,0.0
2023-02-08 14:30:00-05:00,15.15999984741211,15.15999984741211,15.129799842834473,15.129799842834473,687,0.0,0.0
2023-02-09 09:30:00-05:00,15.25,15.25,15.25,15.25,0,0.0,0.0
2023-02-09 10:30:00-05:00,15.239999771118164,15.239999771118164,15.239999771118164,15.239999771118164,328,0.0,0.0
2023-02-09 11:30:00-05:00,15.25,15.25,15.25,15.25,156,0.0,0.0
2023-02-09 12:30:00-05:00,14.930000305175781,15.25,14.817000389099121,15.25,4753,0.0,0.0
2023-02-09 13:30:00-05:00,15.249899864196777,15.249899864196777,15.249899864196777,15.249899864196777,300,0.0,0.0
2023-02-09 14:30:00-05:00,15.175000190734863,15.175000190734863,15.175000190734863,15.175000190734863,415,0.0,0.0
2023-02-09 15:30:00-05:00,15.100000381469727,15.100000381469727,15.100000381469727,15.100000381469727,900,0.0,0.0
2023-02-10 09:30:00-05:00,15.170000076293945,15.170000076293945,14.992400169372559,14.992400169372559,0,0.0,0.0
2023-02-10 11:30:00-05:00,14.699999809265137,14.699999809265137,14.699999809265137,14.699999809265137,0,0.0,0.0
2023-02-13 09:30:00-05:00,15.050000190734863,15.149900436401367,14.780099868774414,14.780099868774414,1883,0.0,0.0
2023-02-13 13:30:00-05:00,15.026800155639648,15.026800155639648,14.9399995803833,14.9399995803833,2897,0.0,0.0
2023-02-13 14:30:00-05:00,15.0,15.279899597167969,14.979999542236328,15.0,8136,0.0,0.0
2023-02-13 15:30:00-05:00,14.800000190734863,14.819999694824219,14.289999961853027,14.329999923706055,7592,0.0,0.0
2023-02-14 09:30:00-05:00,14.739999771118164,14.739999771118164,14.739999771118164,14.739999771118164,0,0.0,0.0
2023-02-14 11:30:00-05:00,14.75,14.75,14.75,14.75,100,0.0,0.0
2023-02-14 12:30:00-05:00,14.625,14.625,14.590999603271484,14.625,3946,0.0,0.0
2023-02-14 15:30:00-05:00,14.600000381469727,14.600000381469727,14.600000381469727,14.600000381469727,1924,0.0,0.0
2023-02-15 09:30:00-05:00,14.619999885559082,14.989999771118164,14.619999885559082,14.899999618530273,0,0.0,0.0
2023-02-15 10:30:00-05:00,14.899999618530273,14.899999618530273,14.899999618530273,14.899999618530273,1012,0.0,0.0
2023-02-15 11:30:00-05:00,14.899999618530273,14.899999618530273,14.899999618530273,14.899999618530273,539,0.0,0.0
2023-02-15 13:30:00-05:00,14.680100440979004,14.680100440979004,14.680000305175781,14.680000305175781,572,0.0,0.0
2023-02-15 14:30:00-05:00,14.75,14.75,14.75,14.75,400,0.0,0.0
2023-02-16 09:30:00-05:00,14.6899995803833,14.6899995803833,14.6899995803833,14.6899995803833,0,0.0,0.0
2023-02-16 10:30:00-05:00,14.445099830627441,14.600000381469727,14.420000076293945,14.420000076293945,1400,0.0,0.0
2023-02-16 11:30:00-05:00,14.5,14.5,14.321000099182129,14.331999778747559,820,0.0,0.0
2023-02-16 12:30:00-05:00,14.310099601745605,14.310099601745605,14.310099601745605,14.310099601745605,3691,0.0,0.0
2023-02-16 15:30:00-05:00,14.454999923706055,14.454999923706055,14.3100004196167,14.3100004196167,0,0.0,0.0
2023-02-17 09:30:00-05:00,14.34000015258789,14.34000015258789,13.90999984741211,13.90999984741211,468,0.0,0.0
2023-02-17 10:30:00-05:00,13.90999984741211,14.079999923706055,13.90999984741211,14.079999923706055,334,0.0,0.0
2023-02-17 11:30:00-05:00,14.160499572753906,14.160499572753906,14.029999732971191,14.069999694824219,6264,0.0,0.0
2023-02-17 12:30:00-05:00,14.600000381469727,14.600000381469727,14.04990005493164,14.21500015258789,3426,0.0,0.0
2023-02-17 13:30:00-05:00,14.109999656677246,14.109999656677246,14.109999656677246,14.109999656677246,100,0.0,0.0
2023-02-17 14:30:00-05:00,14.119999885559082,14.300000190734863,14.119999885559082,14.1899995803833,1666,0.0,0.0
2023-02-17 15:30:00-05:00,14.199999809265137,14.199999809265137,14.180000305175781,14.180000305175781,602,0.0,0.0
2023-02-21 09:30:00-05:00,14.130000114440918,14.130000114440918,14.130000114440918,14.130000114440918,0,0.0,0.0
2023-02-21 12:30:00-05:00,13.920000076293945,14.020000457763672,13.920000076293945,14.010000228881836,543,0.0,0.0
2023-02-21 13:30:00-05:00,14.020000457763672,14.020000457763672,13.920000076293945,13.930000305175781,2475,0.0,0.0
2023-02-21 14:30:00-05:00,13.9399995803833,13.9399995803833,13.920000076293945,13.920000076293945,828,0.0,0.0
2023-02-21 15:30:00-05:00,13.930000305175781,14.0600004196167,13.829999923706055,13.835000038146973,4198,0.0,0.0
2023-02-22 09:30:00-05:00,14.1899995803833,14.430000305175781,14.1899995803833,14.430000305175781,0,0.0,0.0
2023-02-22 10:30:00-05:00,14.420000076293945,14.420000076293945,14.420000076293945,14.420000076293945,245,0.0,0.0
2023-02-22 11:30:00-05:00,13.869999885559082,13.869999885559082,13.869999885559082,13.869999885559082,100,0.0,0.0
2023-02-22 12:30:00-05:00,13.890000343322754,14.079999923706055,13.890000343322754,14.050000190734863,400,0.0,0.0
2023-02-22 13:30:00-05:00,14.069999694824219,14.069999694824219,14.050000190734863,14.050000190734863,1602,0.0,0.0
2023-02-22 15:30:00-05:00,13.869999885559082,13.880000114440918,13.8100004196167,13.819999694824219,3854,0.0,0.0
2023-02-23 09:30:00-05:00,13.920000076293945,13.920000076293945,13.920000076293945,13.920000076293945,0,0.0,0.0
2023-02-23 10:30:00-05:00,13.920000076293945,13.920000076293945,13.920000076293945,13.920000076293945,240,0.0,0.0
2023-02-23 11:30:00-05:00,13.819999694824219,13.909899711608887,13.819999694824219,13.909899711608887,203,0.0,0.0
2023-02-23 12:30:00-05:00,13.819999694824219,13.819999694824219,13.819999694824219,13.819999694824219,200,0.0,0.0
2023-02-23 13:30:00-05:00,13.800000190734863,13.800000190734863,13.800000190734863,13.800000190734863,197,0.0,0.0
2023-02-23 14:30:00-05:00,13.819999694824219,13.819999694824219,13.819999694824219,13.819999694824219,100,0.0,0.0
2023-02-23 15:30:00-05:00,13.819999694824219,13.819999694824219,13.800000190734863,13.805000305175781,751,0.0,0.0
2023-02-24 09:30:00-05:00,13.789999961853027,14.03499984741211,13.789999961853027,14.020000457763672,0,0.0,0.0
2023-02-24 11:30:00-05:00,13.779999732971191,13.779999732971191,13.779999732971191,13.779999732971191,116,0.0,0.0
2023-02-24 12:30:00-05:00,13.800000190734863,13.800000190734863,13.739999771118164,13.739999771118164,300,0.0,0.0
2023-02-24 13:30:00-05:00,13.75,13.75,13.739999771118164,13.739999771118164,312,0.0,0.0
2023-02-24 14:30:00-05:00,13.720000267028809,13.720000267028809,13.720000267028809,13.720000267028809,300,0.0,0.0
2023-02-24 15:30:00-05:00,13.720000267028809,13.720000267028809,13.699999809265137,13.699999809265137,1100,0.0,0.0
2023-02-27 09:30:00-05:00,13.710000038146973,13.720000267028809,13.710000038146973,13.720000267028809,0,0.0,0.0
2023-02-27 10:30:00-05:00,13.789999961853027,13.789999961853027,13.760000228881836,13.760000228881836,1085,0.0,0.0
2023-02-27 11:30:00-05:00,13.824999809265137,13.880000114440918,13.824999809265137,13.880000114440918,700,0.0,0.0
2023-02-27 12:30:00-05:00,13.760000228881836,13.760000228881836,13.760000228881836,13.760000228881836,100,0.0,0.0
2023-02-27 13:30:00-05:00,13.739999771118164,13.739999771118164,13.720000267028809,13.720000267028809,436,0.0,0.0
2023-02-27 14:30:00-05:00,13.850000381469727,13.859999656677246,13.699999809265137,13.829999923706055,7792,0.0,0.0
2023-02-27 15:30:00-05:00,13.819999694824219,13.84000015258789,13.710000038146973,13.720000267028809,2269,0.0,0.0
2023-02-28 09:30:00-05:00,13.989999771118164,13.989999771118164,13.989999771118164,13.989999771118164,0,0.0,0.0
2023-02-28 10:30:00-05:00,13.770000457763672,13.770000457763672,13.770000457763672,13.770000457763672,100,0.0,0.0
2023-02-28 11:30:00-05:00,13.789999961853027,13.789999961853027,13.739999771118164,13.75,783,0.0,0.0
2023-02-28 12:30:00-05:00,13.779999732971191,14.219900131225586,13.699999809265137,14.210000038146973,13095,0.0,0.0
2023-02-28 13:30:00-05:00,13.789999961853027,13.789999961853027,13.789999961853027,13.789999961853027,119,0.0,0.0
2023-02-28 14:30:00-05:00,13.739999771118164,14.409899711608887,13.739999771118164,13.779999732971191,5511,0.0,0.0
2023-02-28 15:30:00-05:00,13.96500015258789,14.140000343322754,13.859999656677246,13.970000267028809,5304,0.0,0.0
2023-03-01 09:30:00-05:00,13.800000190734863,13.800000190734863,13.800000190734863,13.800000190734863,0,0.0,0.0
2023-03-01 10:30:00-05:00,14.020000457763672,14.020000457763672,13.895000457763672,13.895000457763672,467,0.0,0.0
2023-03-01 11:30:00-05:00,13.8371000289917,13.8371000289917,13.805000305175781,13.805000305175781,1233,0.0,0.0
2023-03-01 12:30:00-05:00,13.854999542236328,13.854999542236328,13.854999542236328,13.854999542236328,337,0.0,0.0
2023-03-01 13:30:00-05:00,13.875,13.890000343322754,13.875,13.890000343322754,715,0.0,0.0
2023-03-01 14:30:00-05:00,13.862500190734863,14.170700073242188,13.862500190734863,13.959699630737305,2912,0.0,0.0
2023-03-01 15:30:00-05:00,13.854999542236328,13.854999542236328,13.854999542236328,13.854999542236328,300,0.0,0.0
2023-03-02 09:30:00-05:00,13.9399995803833,13.9399995803833,13.710100173950195,13.729999542236328,0,0.0,0.0
2023-03-02 10:30:00-05:00,13.819999694824219,13.819999694824219,13.720000267028809,13.729999542236328,2940,0.0,0.0
2023-03-02 11:30:00-05:00,13.729999542236328,13.8149995803833,13.710000038146973,13.729999542236328,2646,0.0,0.0
2023-03-02 12:30:00-05:00,13.739999771118164,13.819999694824219,13.640000343322754,13.640000343322754,6205,0.0,0.0
2023-03-02 13:30:00-05:00,13.630000114440918,13.680000305175781,13.609999656677246,13.609999656677246,2569,0.0,0.0
2023-03-02 14:30:00-05:00,13.609999656677246,13.720000267028809,13.600000381469727,13.600000381469727,3402,0.0,0.0
2023-03-02 15:30:00-05:00,13.600000381469727,13.640000343322754,13.529999732971191,13.529999732971191,5390,0.0,0.0
2023-03-03 09:30:00-05:00,13.729999542236328,13.753100395202637,13.670000076293945,13.753100395202637,0,0.0,0.0
2023-03-03 12:30:00-05:00,13.734999656677246,13.734999656677246,13.734999656677246,13.734999656677246,427,0.0,0.0
2023-03-03 14:30:00-05:00,13.699999809265137,13.699999809265137,13.699999809265137,13.699999809265137,838,0.0,0.0
2023-03-03 15:30:00-05:00,13.710000038146973,13.710000038146973,13.699999809265137,13.699999809265137,1110,0.0,0.0
2023-03-06 09:30:00-05:00,13.520000457763672,13.609999656677246,13.520000457763672,13.59000015258789,6513,0.0,0.0
2023-03-06 10:30:00-05:00,13.569999694824219,13.619999885559082,13.569999694824219,13.602100372314453,1302,0.0,0.0
2023-03-06 12:30:00-05:00,13.600000381469727,13.630000114440918,13.600000381469727,13.630000114440918,4450,0.0,0.0
2023-03-06 14:30:00-05:00,13.569999694824219,13.579999923706055,13.569999694824219,13.569999694824219,338,0.0,0.0
2023-03-07 09:30:00-05:00,13.59000015258789,13.59000015258789,13.59000015258789,13.59000015258789,0,0.0,0.0
2023-03-07 10:30:00-05:00,13.670000076293945,13.670000076293945,13.670000076293945,13.670000076293945,200,0.0,0.0
2023-03-07 13:30:00-05:00,13.600000381469727,13.600000381469727,13.600000381469727,13.600000381469727,227,0.0,0.0
2023-03-07 15:30:00-05:00,13.600000381469727,13.600000381469727,13.600000381469727,13.600000381469727,752,0.0,0.0
2023-03-08 09:30:00-05:00,13.619999885559082,13.619999885559082,13.619999885559082,13.619999885559082,0,0.0,0.0
2023-03-08 10:30:00-05:00,13.550000190734863,13.550000190734863,13.550000190734863,13.550000190734863,192,0.0,0.0
2023-03-08 11:30:00-05:00,13.609999656677246,13.630000114440918,13.5600004196167,13.5600004196167,2500,0.0,0.0
2023-03-08 13:30:00-05:00,13.550000190734863,13.550100326538086,13.550000190734863,13.550100326538086,1500,0.0,0.0
2023-03-08 14:30:00-05:00,13.550000190734863,13.550000190734863,13.550000190734863,13.550000190734863,1000,0.0,0.0
2023-03-08 15:30:00-05:00,13.550000190734863,13.550000190734863,13.550000190734863,13.550000190734863,697,0.0,0.0
2023-03-09 09:30:00-05:00,13.600000381469727,13.600000381469727,13.600000381469727,13.600000381469727,0,0.0,0.0
2023-03-09 10:30:00-05:00,13.649999618530273,13.649999618530273,13.640000343322754,13.649999618530273,1098,0.0,0.0
2023-03-09 11:30:00-05:00,13.550000190734863,13.550000190734863,13.550000190734863,13.550000190734863,2872,0.0,0.0
2023-03-09 12:30:00-05:00,13.5600004196167,13.5600004196167,13.5600004196167,13.5600004196167,599,0.0,0.0
2023-03-09 13:30:00-05:00,13.550000190734863,13.550000190734863,13.4399995803833,13.4399995803833,2298,0.0,0.0
2023-03-09 14:30:00-05:00,13.449999809265137,13.449999809265137,13.350000381469727,13.350000381469727,2000,0.0,0.0
2023-03-09 15:30:00-05:00,13.350000381469727,13.479999542236328,13.270000457763672,13.270000457763672,5610,0.0,0.0
2023-03-10 09:30:00-05:00,13.289999961853027,13.350000381469727,13.289999961853027,13.350000381469727,0,0.0,0.0
2023-03-10 12:30:00-05:00,13.34000015258789,13.34000015258789,13.329999923706055,13.329999923706055,250,0.0,0.0
2023-03-10 13:30:00-05:00,13.348299980163574,13.348299980163574,13.300000190734863,13.305000305175781,583,0.0,0.0
2023-03-10 14:30:00-05:00,13.300000190734863,13.300000190734863,13.25,13.25730037689209,3107,0.0,0.0
2023-03-10 15:30:00-05:00,13.239999771118164,13.239999771118164,13.199999809265137,13.201000213623047,900,0.0,0.0
2023-03-13 09:30:00-04:00,13.149999618530273,13.149999618530273,13.149999618530273,13.149999618530273,0,0.0,0.0
2023-03-13 11:30:00-04:00,13.350000381469727,13.350000381469727,13.329999923706055,13.329999923706055,391,0.0,0.0
2023-03-13 12:30:00-04:00,13.3100004196167,13.350000381469727,13.293499946594238,13.350000381469727,6123,0.0,0.0
2023-03-13 13:30:00-04:00,13.21500015258789,13.21500015258789,13.21500015258789,13.21500015258789,540,0.0,0.0
2023-03-13 14:30:00-04:00,13.210000038146973,13.229999542236328,13.170000076293945,13.170000076293945,11695,0.0,0.0
2023-03-13 15:30:00-04:00,13.170000076293945,13.170000076293945,13.149999618530273,13.149999618530273,1089,0.0,0.0
2023-03-14 09:30:00-04:00,13.149999618530273,13.149999618530273,13.149999618530273,13.149999618530273,0,0.0,0.0
2023-03-14 11:30:00-04:00,13.260000228881836,13.270000457763672,13.260000228881836,13.270000457763672,1861,0.0,0.0
2023-03-14 14:30:00-04:00,13.149999618530273,13.185999870300293,13.13599967956543,13.13599967956543,5314,0.0,0.0
2023-03-15 09:30:00-04:00,13.34000015258789,13.34000015258789,13.140000343322754,13.140000343322754,0,0.0,0.0
2023-03-15 10:30:00-04:00,13.130000114440918,13.130000114440918,13.130000114440918,13.130000114440918,100,0.0,0.0
2023-03-15 11:30:00-04:00,13.220000267028809,13.220000267028809,13.20460033416748,13.20460033416748,1213,0.0,0.0
2023-03-15 12:30:00-04:00,13.229900360107422,13.229900360107422,13.229900360107422,13.229900360107422,500,0.0,0.0
2023-03-15 14:30:00-04:00,13.18589973449707,13.18589973449707,13.18589973449707,13.18589973449707,232,0.0,0.0
2023-03-15 15:30:00-04:00,13.180000305175781,13.399999618530273,13.170000076293945,13.34000015258789,7572,0.0,0.0
2023-03-16 09:30:00-04:00,13.539999961853027,13.539999961853027,13.40999984741211,13.430000305175781,0,0.0,0.0
2023-03-16 10:30:00-04:00,13.384099960327148,13.384099960327148,13.384099960327148,13.384099960327148,300,0.0,0.0
2023-03-16 11:30:00-04:00,13.380000114440918,13.418899536132812,13.380000114440918,13.418899536132812,300,0.0,0.0
2023-03-16 12:30:00-04:00,13.520000457763672,13.520000457763672,13.520000457763672,13.520000457763672,260,0.0,0.0
2023-03-16 13:30:00-04:00,13.364999771118164,13.364999771118164,13.364999771118164,13.364999771118164,407,0.0,0.0
2023-03-16 14:30:00-04:00,13.37559986114502,13.37559986114502,13.37559986114502,13.37559986114502,810,0.0,0.0
2023-03-16 15:30:00-04:00,13.420000076293945,13.420000076293945,13.420000076293945,13.420000076293945,101,0.0,0.0
2023-03-17 09:30:00-04:00,13.4399995803833,13.449999809265137,13.396900177001953,13.449999809265137,0,0.0,0.0
2023-03-17 15:30:00-04:00,13.405799865722656,13.405799865722656,13.405799865722656,13.405799865722656,185,0.0,0.0
2023-03-20 09:30:00-04:00,13.479999542236328,13.479999542236328,13.470000267028809,13.470000267028809,0,0.0,0.0
2023-03-20 10:30:00-04:00,13.454899787902832,13.454899787902832,13.454899787902832,13.454899787902832,690,0.0,0.0
2023-03-20 11:30:00-04:00,13.5,13.5,13.5,13.5,100,0.0,0.0
2023-03-20 15:30:00-04:00,13.425000190734863,13.479999542236328,13.399999618530273,13.479999542236328,937,0.0,0.0
2023-03-21 09:30:00-04:00,13.449999809265137,13.5,13.449999809265137,13.5,0,0.0,0.0
2023-03-21 10:30:00-04:00,13.5,13.529999732971191,13.5,13.529999732971191,300,0.0,0.0
2023-03-21 11:30:00-04:00,13.529999732971191,13.529999732971191,13.515000343322754,13.515000343322754,400,0.0,0.0
2023-03-21 12:30:00-04:00,13.494999885559082,13.5,13.494999885559082,13.5,607,0.0,0.0
2023-03-21 13:30:00-04:00,13.5,13.5,13.5,13.5,404,0.0,0.0
2023-03-21 14:30:00-04:00,13.5,13.5,13.5,13.5,179,0.0,0.0
2023-03-21 15:30:00-04:00,13.5,13.5,13.5,13.5,182,0.0,0.0
2023-03-22 09:30:00-04:00,13.520000457763672,13.520000457763672,13.350000381469727,13.45199966430664,759,0.0,0.0
2023-03-22 15:30:00-04:00,13.428400039672852,13.428400039672852,13.428400039672852,13.428400039672852,1500,0.0,0.0
2023-03-23 09:30:00-04:00,13.359999656677246,13.539999961853027,13.359999656677246,13.524700164794922,0,0.0,0.0
2023-03-23 11:30:00-04:00,13.404999732971191,13.481200218200684,13.404999732971191,13.481200218200684,1012,0.0,0.0
2023-03-23 14:30:00-04:00,13.449999809265137,13.451399803161621,13.449999809265137,13.451399803161621,2313,0.0,0.0
2023-03-24 09:30:00-04:00,13.489999771118164,13.489999771118164,13.489999771118164,13.489999771118164,0,0.0,0.0
2023-03-24 11:30:00-04:00,13.434399604797363,13.434399604797363,13.434399604797363,13.434399604797363,865,0.0,0.0
2023-03-24 14:30:00-04:00,13.470000267028809,13.510000228881836,13.470000267028809,13.510000228881836,3200,0.0,0.0
2023-03-24 15:30:00-04:00,13.449999809265137,13.460000038146973,13.359999656677246,13.359999656677246,1300,0.0,0.0
2023-03-27 09:30:00-04:00,13.470000267028809,13.470000267028809,13.300000190734863,13.300000190734863,1548,0.0,0.0
2023-03-27 10:30:00-04:00,13.359999656677246,13.359999656677246,13.350000381469727,13.350000381469727,933,0.0,0.0
2023-03-27 14:30:00-04:00,13.40999984741211,13.40999984741211,13.15999984741211,13.25,5707,0.0,0.0
2023-03-28 09:30:00-04:00,13.350000381469727,13.350000381469727,13.170000076293945,13.34000015258789,0,0.0,0.0
2023-03-28 10:30:00-04:00,13.479999542236328,13.479999542236328,13.40999984741211,13.40999984741211,216,0.0,0.0
2023-03-28 12:30:00-04:00,13.308300018310547,13.373499870300293,13.308199882507324,13.373499870300293,1266,0.0,0.0
2023-03-28 13:30:00-04:00,13.324999809265137,13.390000343322754,13.324999809265137,13.390000343322754,1652,0.0,0.0
2023-03-29 09:30:00-04:00,13.260000228881836,13.3100004196167,13.260000228881836,13.270000457763672,0,0.0,0.0
2023-03-29 10:30:00-04:00,13.270000457763672,13.270000457763672,13.270000457763672,13.270000457763672,131,0.0,0.0
2023-03-29 13:30:00-04:00,13.350000381469727,13.350000381469727,13.350000381469727,13.350000381469727,105,0.0,0.0
2023-03-29 15:30:00-04:00,13.34000015258789,13.34000015258789,13.34000015258789,13.34000015258789,100,0.0,0.0
2023-03-30 09:30:00-04:00,13.380000114440918,13.399999618530273,13.370400428771973,13.399999618530273,370,0.0,0.0
2023-03-30 10:30:00-04:00,13.470000267028809,13.470000267028809,13.470000267028809,13.470000267028809,521,0.0,0.0
2023-03-30 11:30:00-04:00,13.460000038146973,13.460000038146973,13.460000038146973,13.460000038146973,100,0.0,0.0
2023-03-30 13:30:00-04:00,13.340100288391113,13.4399995803833,13.340100288391113,13.4399995803833,380,0.0,0.0
2023-03-30 14:30:00-04:00,13.394599914550781,13.430000305175781,13.394599914550781,13.430000305175781,544,0.0,0.0
2023-03-30 15:30:00-04:00,13.404399871826172,13.419899940490723,13.401300430297852,13.401300430297852,524,0.0,0.0
2023-03-31 09:30:00-04:00,13.40999984741211,13.40999984741211,13.40999984741211,13.40999984741211,0,0.0,0.0
2023-03-31 15:30:00-04:00,13.470000267028809,13.470000267028809,13.470000267028809,13.470000267028809,251,0.0,0.0
2023-04-03 09:30:00-04:00,13.510000228881836,13.510000228881836,13.510000228881836,13.510000228881836,139,0.0,0.0
2023-04-03 10:30:00-04:00,13.491000175476074,13.498299598693848,13.489999771118164,13.498299598693848,2710,0.0,0.0
2023-04-03 11:30:00-04:00,13.470000267028809,13.470000267028809,13.46500015258789,13.46500015258789,301,0.0,0.0
2023-04-03 12:30:00-04:00,13.479999542236328,13.479999542236328,13.460000038146973,13.460000038146973,400,0.0,0.0
2023-04-03 13:30:00-04:00,13.4399995803833,13.449999809265137,13.430000305175781,13.436300277709961,3109,0.0,0.0
2023-04-03 14:30:00-04:00,13.430000305175781,13.430000305175781,13.430000305175781,13.430000305175781,523,0.0,0.0
2023-04-03 15:30:00-04:00,13.430000305175781,13.430000305175781,13.430000305175781,13.430000305175781,492,0.0,0.0
2023-04-04 09:30:00-04:00,13.430000305175781,13.5600004196167,13.40999984741211,13.520000457763672,0,0.0,0.0
2023-04-04 10:30:00-04:00,13.520000457763672,13.520000457763672,13.455400466918945,13.455400466918945,638,0.0,0.0
2023-04-04 11:30:00-04:00,13.41919994354248,13.44320011138916,13.41919994354248,13.44320011138916,300,0.0,0.0
2023-04-04 13:30:00-04:00,13.470000267028809,13.470000267028809,13.470000267028809,13.470000267028809,102,0.0,0.0
2023-04-04 15:30:00-04:00,13.470000267028809,13.470000267028809,13.470000267028809,13.470000267028809,680,0.0,0.0
2023-04-05 09:30:00-04:00,13.460000038146973,13.539999961853027,13.460000038146973,13.539999961853027,0,0.0,0.0
2023-04-05 11:30:00-04:00,13.569999694824219,13.569999694824219,13.569999694824219,13.569999694824219,706,0.0,0.0
2023-04-05 13:30:00-04:00,13.619999885559082,13.679900169372559,13.619500160217285,13.679900169372559,2400,0.0,0.0
2023-04-05 14:30:00-04:00,13.640000343322754,13.649999618530273,13.640000343322754,13.649999618530273,1733,0.0,0.0
2023-04-05 15:30:00-04:00,13.609999656677246,13.609999656677246,13.609999656677246,13.609999656677246,0,0.0,0.0
2023-04-06 09:30:00-04:00,13.600000381469727,13.600000381469727,13.600000381469727,13.600000381469727,478,0.0,0.0
2023-04-06 15:30:00-04:00,13.609999656677246,13.609999656677246,13.609999656677246,13.609999656677246,100,0.0,0.0
2023-04-10 09:30:00-04:00,13.600000381469727,13.600000381469727,13.600000381469727,13.600000381469727,774,0.0,0.0
2023-04-10 11:30:00-04:00,13.5,13.550000190734863,13.494999885559082,13.510000228881836,1093,0.0,0.0
2023-04-10 12:30:00-04:00,13.510000228881836,13.510000228881836,13.430000305175781,13.4399995803833,875,0.0,0.0
2023-04-10 13:30:00-04:00,13.477299690246582,13.477299690246582,13.477299690246582,13.477299690246582,600,0.0,0.0
2023-04-11 09:30:00-04:00,13.510000228881836,13.510000228881836,13.510000228881836,13.510000228881836,0,0.0,0.0
2023-04-11 11:30:00-04:00,13.44219970703125,13.495699882507324,13.44219970703125,13.495699882507324,1150,0.0,0.0
2023-04-11 12:30:00-04:00,13.471199989318848,13.471199989318848,13.471199989318848,13.471199989318848,307,0.0,0.0
2023-04-11 13:30:00-04:00,13.472100257873535,13.472100257873535,13.430000305175781,13.430000305175781,283,0.0,0.0
2023-04-11 15:30:00-04:00,13.4399995803833,13.4399995803833,13.4399995803833,13.4399995803833,157,0.0,0.0
2023-04-12 09:30:00-04:00,13.479999542236328,13.479999542236328,13.460000038146973,13.460000038146973,0,0.0,0.0
2023-04-12 10:30:00-04:00,13.4399995803833,13.603799819946289,13.4399995803833,13.590200424194336,1767,0.0,0.0
2023-04-12 11:30:00-04:00,13.457799911499023,13.457799911499023,13.457799911499023,13.457799911499023,155,0.0,0.0
2023-04-12 12:30:00-04:00,13.449999809265137,13.449999809265137,13.449999809265137,13.449999809265137,660,0.0,0.0
2023-04-12 14:30:00-04:00,13.470000267028809,13.489999771118164,13.440099716186523,13.449799537658691,5025,0.0,0.0
2023-04-12 15:30:00-04:00,13.444999694824219,13.449999809265137,13.4399995803833,13.4399995803833,1400,0.0,0.0
2023-04-13 09:30:00-04:00,13.40999984741211,13.40999984741211,13.40999984741211,13.40999984741211,0,0.0,0.0
2023-04-13 10:30:00-04:00,13.462699890136719,13.462699890136719,13.462699890136719,13.462699890136719,650,0.0,0.0
2023-04-13 11:30:00-04:00,13.475000381469727,13.475000381469727,13.475000381469727,13.475000381469727,300,0.0,0.0
2023-04-13 12:30:00-04:00,13.440099716186523,13.440099716186523,13.440099716186523,13.440099716186523,485,0.0,0.0
2023-04-13 13:30:00-04:00,13.4399995803833,13.4399995803833,13.40999984741211,13.40999984741211,2055,0.0,0.0
2023-04-13 14:30:00-04:00,13.390000343322754,13.390000343322754,13.260000228881836,13.380599975585938,5333,0.0,0.0
2023-04-14 09:30:00-04:00,13.399999618530273,13.399999618530273,13.399999618530273,13.399999618530273,0,0.0,0.0
2023-04-14 10:30:00-04:00,13.350000381469727,13.350000381469727,13.350000381469727,13.350000381469727,2017,0.0,0.0
2023-04-14 12:30:00-04:00,13.390000343322754,13.390000343322754,13.374699592590332,13.374699592590332,2414,0.0,0.0
2023-04-14 13:30:00-04:00,13.379899978637695,13.379899978637695,13.379899978637695,13.379899978637695,1147,0.0,0.0
2023-04-14 14:30:00-04:00,13.375,13.430000305175781,13.375,13.404999732971191,0,0.0,0.0
2023-04-14 15:30:00-04:00,13.404999732971191,13.404999732971191,13.399999618530273,13.399999618530273,9035,0.0,0.0
2023-04-17 09:30:00-04:00,13.399999618530273,13.399999618530273,13.370800018310547,13.370800018310547,0,0.0,0.0
2023-04-17 10:30:00-04:00,13.376299858093262,13.376299858093262,13.36989974975586,13.36989974975586,200,0.0,0.0
2023-04-17 11:30:00-04:00,13.36769962310791,13.36769962310791,13.36769962310791,13.36769962310791,1770,0.0,0.0
2023-04-17 12:30:00-04:00,13.35990047454834,13.35990047454834,13.329999923706055,13.335000038146973,2556,0.0,0.0
2023-04-17 14:30:00-04:00,13.3100004196167,13.649999618530273,13.3100004196167,13.524999618530273,2423,0.0,0.0
2023-04-17 15:30:00-04:00,13.5,13.5,13.5,13.5,755,0.0,0.0
2023-04-18 09:30:00-04:00,13.5,13.5,13.489999771118164,13.489999771118164,0,0.0,0.0
2023-04-18 10:30:00-04:00,13.345000267028809,13.398099899291992,13.345000267028809,13.398099899291992,1012,0.0,0.0
2023-04-18 11:30:00-04:00,13.403800010681152,13.403800010681152,13.390000343322754,13.399999618530273,870,0.0,0.0
2023-04-18 12:30:00-04:00,13.399999618530273,13.399999618530273,13.3100004196167,13.319899559020996,1237,0.0,0.0
2023-04-18 13:30:00-04:00,13.510000228881836,13.510000228881836,13.3100004196167,13.3100004196167,7954,0.0,0.0
2023-04-18 14:30:00-04:00,13.404999732971191,13.404999732971191,13.399999618530273,13.399999618530273,2772,0.0,0.0
2023-04-18 15:30:00-04:00,13.399999618530273,13.479999542236328,13.399999618530273,13.479999542236328,2692,0.0,0.0
2023-04-19 09:30:00-04:00,13.359999656677246,13.359999656677246,13.336000442504883,13.336000442504883,0,0.0,0.0
2023-04-19 10:30:00-04:00,13.3100004196167,13.339900016784668,13.199999809265137,13.300000190734863,8186,0.0,0.0
2023-04-19 11:30:00-04:00,13.25,13.25,13.199999809265137,13.210000038146973,2620,0.0,0.0
2023-04-19 12:30:00-04:00,13.25,13.279999732971191,13.25,13.265000343322754,2645,0.0,0.0
2023-04-19 13:30:00-04:00,13.260000228881836,13.260000228881836,13.260000228881836,13.260000228881836,282,0.0,0.0
2023-04-19 14:30:00-04:00,13.260000228881836,13.260000228881836,13.260000228881836,13.260000228881836,740,0.0,0.0
2023-04-20 12:30:00-04:00,13.300100326538086,13.350000381469727,13.279999732971191,13.350000381469727,2569,0.0,0.0
2023-04-20 13:30:00-04:00,13.3100004196167,13.3100004196167,13.25,13.260000228881836,11263,0.0,0.0
2023-04-20 14:30:00-04:00,13.259900093078613,13.259900093078613,13.1899995803833,13.190099716186523,2989,0.0,0.0
2023-04-20 15:30:00-04:00,13.1899995803833,13.199999809265137,13.1899995803833,13.199999809265137,8306,0.0,0.0
2023-04-21 09:30:00-04:00,13.1899995803833,13.1899995803833,13.1899995803833,13.1899995803833,0,0.0,0.0
2023-04-21 13:30:00-04:00,13.239999771118164,13.239999771118164,13.190099716186523,13.190099716186523,0,0.0,0.0
2023-04-21 14:30:00-04:00,13.239100456237793,13.239100456237793,13.1899995803833,13.1899995803833,0,0.0,0.0
2023-04-24 09:30:00-04:00,13.279999732971191,13.279999732971191,13.279999732971191,13.279999732971191,289,0.0,0.0
2023-04-24 10:30:00-04:00,13.1899995803833,13.1899995803833,13.180000305175781,13.1899995803833,339,0.0,0.0
2023-04-24 11:30:00-04:00,13.1983003616333,13.1983003616333,13.1983003616333,13.1983003616333,597,0.0,0.0
2023-04-24 12:30:00-04:00,13.199999809265137,13.199999809265137,13.180000305175781,13.180000305175781,1900,0.0,0.0
2023-04-24 13:30:00-04:00,13.180000305175781,13.188199996948242,13.180000305175781,13.188199996948242,420,0.0,0.0
2023-04-24 14:30:00-04:00,13.180000305175781,13.1899995803833,13.145000457763672,13.1899995803833,6619,0.0,0.0
2023-04-24 15:30:00-04:00,13.130000114440918,13.130000114440918,13.119999885559082,13.119999885559082,1201,0.0,0.0
2023-04-25 09:30:00-04:00,13.199999809265137,13.199999809265137,13.199999809265137,13.199999809265137,0,0.0,0.0
2023-04-25 10:30:00-04:00,13.129300117492676,13.129300117492676,13.109999656677246,13.109999656677246,455,0.0,0.0
2023-04-25 11:30:00-04:00,13.119999885559082,13.119999885559082,13.119999885559082,13.119999885559082,0,0.0,0.0
2023-04-25 12:30:00-04:00,13.119999885559082,13.140000343322754,13.119999885559082,13.135000228881836,2064,0.0,0.0
2023-04-25 13:30:00-04:00,13.109999656677246,13.119999885559082,13.109999656677246,13.109999656677246,0,0.0,0.0
2023-04-25 14:30:00-04:00,13.109999656677246,13.109999656677246,13.109999656677246,13.109999656677246,3096,0.0,0.0
2023-04-25 15:30:00-04:00,13.116000175476074,13.116000175476074,13.109999656677246,13.109999656677246,571,0.0,0.0
2023-04-26 09:30:00-04:00,13.220000267028809,13.223899841308594,13.109999656677246,13.109999656677246,75,0.0,0.0
2023-04-26 10:30:00-04:00,13.109999656677246,13.210000038146973,13.109999656677246,13.210000038146973,4939,0.0,0.0
2023-04-26 11:30:00-04:00,13.210000038146973,13.210000038146973,13.210000038146973,13.210000038146973,202,0.0,0.0
2023-04-26 12:30:00-04:00,13.210000038146973,13.210000038146973,13.15999984741211,13.1983003616333,1017,0.0,0.0
2023-04-26 13:30:00-04:00,13.15999984741211,13.15999984741211,13.15999984741211,13.15999984741211,213,0.0,0.0
2023-04-26 14:30:00-04:00,13.15999984741211,13.15999984741211,13.119999885559082,13.119999885559082,5140,0.0,0.0
2023-04-26 15:30:00-04:00,13.145000457763672,13.149999618530273,13.140000343322754,13.140000343322754,1966,0.0,0.0
2023-04-27 09:30:00-04:00,13.15999984741211,13.15999984741211,13.15999984741211,13.15999984741211,0,0.0,0.0
2023-04-27 10:30:00-04:00,13.147899627685547,13.15999984741211,13.109999656677246,13.119999885559082,1200,0.0,0.0
2023-04-27 12:30:00-04:00,13.147500038146973,13.147500038146973,13.119999885559082,13.119999885559082,1090,0.0,0.0
2023-04-27 13:30:00-04:00,13.119999885559082,13.16409969329834,13.119999885559082,13.119999885559082,700,0.0,0.0
2023-04-27 14:30:00-04:00,13.130000114440918,13.169899940490723,13.119999885559082,13.149999618530273,0,0.0,0.0
2023-04-27 15:30:00-04:00,13.117500305175781,13.117500305175781,13.109999656677246,13.109999656677246,10073,0.0,0.0
2023-04-28 09:30:00-04:00,13.109999656677246,13.180000305175781,13.109999656677246,13.119999885559082,0,0.0,0.0
2023-04-28 10:30:00-04:00,13.130000114440918,13.149999618530273,13.130000114440918,13.149999618530273,206,0.0,0.0
2023-04-28 11:30:00-04:00,13.149999618530273,13.199999809265137,13.149999618530273,13.15999984741211,0,0.0,0.0
2023-04-28 12:30:00-04:00,13.15999984741211,13.207500457763672,13.15999984741211,13.207500457763672,4560,0.0,0.0
2023-04-28 13:30:00-04:00,13.209500312805176,13.209500312805176,13.149999618530273,13.149999618530273,765,0.0,0.0
2023-04-28 14:30:00-04:00,13.149999618530273,13.175800323486328,13.149999618530273,13.149999618530273,1171,0.0,0.0
2023-04-28 15:30:00-04:00,13.149999618530273,13.164999961853027,13.149999618530273,13.164999961853027,1319,0.0,0.0
2023-05-01 09:30:00-04:00,13.1899995803833,13.199999809265137,13.15999984741211,13.170000076293945,0,0.0,0.0
2023-05-01 10:30:00-04:00,13.170000076293945,13.170000076293945,13.15999984741211,13.15999984741211,585,0.0,0.0
2023-05-01 11:30:00-04:00,13.15999984741211,13.15999984741211,13.15999984741211,13.15999984741211,453,0.0,0.0
2023-05-01 12:30:00-04:00,13.15999984741211,13.15999984741211,13.154000282287598,13.159899711608887,1204,0.0,0.0
2023-05-01 13:30:00-04:00,13.15999984741211,13.15999984741211,13.15999984741211,13.15999984741211,1775,0.0,0.0
2023-05-01 14:30:00-04:00,13.15999984741211,13.168399810791016,13.15999984741211,13.15999984741211,1813,0.0,0.0
2023-05-01 15:30:00-04:00,13.15999984741211,13.1899995803833,13.15999984741211,13.180000305175781,3047,0.0,0.0
2023-05-02 09:30:00-04:00,13.279999732971191,13.28849983215332,13.279999732971191,13.28849983215332,0,0.0,0.0
2023-05-02 10:30:00-04:00,13.199999809265137,13.199999809265137,13.199999809265137,13.199999809265137,367,0.0,0.0
2023-05-02 11:30:00-04:00,13.149999618530273,13.149999618530273,13.149999618530273,13.149999618530273,286,0.0,0.0
2023-05-02 12:30:00-04:00,13.149999618530273,13.149999618530273,13.149999618530273,13.149999618530273,701,0.0,0.0
2023-05-02 14:30:00-04:00,13.130000114440918,13.175000190734863,13.130000114440918,13.175000190734863,3159,0.0,0.0
2023-05-02 15:30:00-04:00,13.170000076293945,13.180000305175781,13.15999984741211,13.180000305175781,3700,0.0,0.0
2023-05-03 09:30:00-04:00,13.15999984741211,13.1899995803833,13.15999984741211,13.1899995803833,0,0.0,0.0
2023-05-03 10:30:00-04:00,13.149999618530273,13.1850004196167,13.149999618530273,13.1850004196167,300,0.0,0.0
2023-05-03 11:30:00-04:00,13.195699691772461,13.195699691772461,13.180000305175781,13.180000305175781,1338,0.0,0.0
2023-05-03 12:30:00-04:00,13.180000305175781,13.21500015258789,13.180000305175781,13.21500015258789,900,0.0,0.0
2023-05-03 13:30:00-04:00,13.199999809265137,13.25,13.180000305175781,13.183699607849121,4452,0.0,0.0
2023-05-03 14:30:00-04:00,13.180000305175781,13.180000305175781,13.180000305175781,13.180000305175781,0,0.0,0.0
2023-05-03 15:30:00-04:00,13.199999809265137,13.199999809265137,13.199999809265137,13.199999809265137,8343,0.0,0.0
2023-05-04 09:30:00-04:00,13.180000305175781,13.327199935913086,13.180000305175781,13.327199935913086,0,0.0,0.0
2023-05-04 12:30:00-04:00,13.369999885559082,13.380000114440918,13.369999885559082,13.380000114440918,656,0.0,0.0
2023-05-04 13:30:00-04:00,13.34000015258789,13.380000114440918,13.34000015258789,13.34000015258789,1570,0.0,0.0
2023-05-04 14:30:00-04:00,13.34000015258789,13.34000015258789,13.329999923706055,13.329999923706055,1561,0.0,0.0
2023-05-04 15:30:00-04:00,13.329999923706055,13.380000114440918,13.329999923706055,13.329999923706055,1228,0.0,0.0
2023-05-05 09:30:00-04:00,13.359999656677246,13.369999885559082,13.359999656677246,13.369999885559082,0,0.0,0.0
2023-05-05 10:30:00-04:00,13.369999885559082,13.369999885559082,13.369999885559082,13.369999885559082,594,0.0,0.0
2023-05-05 11:30:00-04:00,13.5600004196167,13.5600004196167,13.359999656677246,13.359999656677246,0,0.0,0.0
2023-05-05 12:30:00-04:00,13.369999885559082,13.369999885559082,13.369999885559082,13.369999885559082,6520,0.0,0.0
2023-05-05 13:30:00-04:00,13.369999885559082,13.380000114440918,13.369999885559082,13.380000114440918,200,0.0,0.0
2023-05-05 14:30:00-04:00,13.359999656677246,13.359999656677246,13.359999656677246,13.359999656677246,301,0.0,0.0
2023-05-05 15:30:00-04:00,13.359999656677246,13.390000343322754,13.359999656677246,13.380000114440918,0,0.0,0.0
2023-05-08 09:30:00-04:00,13.5,13.5,13.5,13.5,0,0.0,0.0
2023-05-08 12:30:00-04:00,13.5,13.5,13.5,13.5,4208,0.0,0.0
2023-05-08 14:30:00-04:00,13.399999618530273,13.399999618530273,13.399999618530273,13.399999618530273,0,0.0,0.0
2023-05-08 15:30:00-04:00,13.420000076293945,13.420000076293945,13.420000076293945,13.420000076293945,6236,0.0,0.0
2023-05-09 10:30:00-04:00,13.399999618530273,13.399999618530273,13.399999618530273,13.399999618530273,0,0.0,0.0
2023-05-09 14:30:00-04:00,13.399999618530273,13.399999618530273,13.399999618530273,13.399999618530273,0,0.0,0.0
2023-05-09 15:30:00-04:00,13.550000190734863,13.550000190734863,13.550000190734863,13.550000190734863,2396,0.0,0.0
2023-05-10 09:30:00-04:00,13.4399995803833,13.4399995803833,13.4399995803833,13.4399995803833,0,0.0,0.0
2023-05-10 11:30:00-04:00,13.480299949645996,13.480299949645996,13.480299949645996,13.480299949645996,1644,0.0,0.0
2023-05-10 14:30:00-04:00,13.359999656677246,13.539999961853027,13.34000015258789,13.529999732971191,0,0.0,0.0
2023-05-11 09:30:00-04:00,13.369999885559082,13.369999885559082,13.369999885559082,13.369999885559082,166,0.0,0.0
2023-05-11 10:30:00-04:00,13.329999923706055,13.329999923706055,13.329999923706055,13.329999923706055,131,0.0,0.0
2023-05-11 14:30:00-04:00,13.433799743652344,13.433799743652344,13.40999984741211,13.40999984741211,259,0.0,0.0
2023-05-11 15:30:00-04:00,13.34000015258789,13.34000015258789,13.34000015258789,13.34000015258789,100,0.0,0.0
2023-05-12 09:30:00-04:00,13.329999923706055,13.329999923706055,13.329999923706055,13.329999923706055,0,0.0,0.0
2023-05-12 13:30:00-04:00,13.359999656677246,13.359999656677246,13.359999656677246,13.359999656677246,1251,0.0,0.0
2023-05-12 15:30:00-04:00,13.380000114440918,13.380000114440918,13.380000114440918,13.380000114440918,100,0.0,0.0
2023-05-16 09:30:00-04:00,13.449999809265137,13.449999809265137,13.449999809265137,13.449999809265137,0,0.0,0.0
2023-05-16 10:30:00-04:00,13.390000343322754,13.390000343322754,13.390000343322754,13.390000343322754,260,0.0,0.0
2023-05-16 12:30:00-04:00,13.479999542236328,13.489999771118164,13.420000076293945,13.420000076293945,522,0.0,0.0
2023-05-16 13:30:00-04:00,13.369999885559082,13.369999885559082,13.369999885559082,13.369999885559082,0,0.0,0.0
2023-05-17 09:30:00-04:00,13.350000381469727,13.350000381469727,13.350000381469727,13.350000381469727,200,0.0,0.0
2023-05-17 10:30:00-04:00,13.350000381469727,13.350000381469727,13.329999923706055,13.329999923706055,507,0.0,0.0
2023-05-18 09:30:00-04:00,13.34000015258789,13.34000015258789,13.34000015258789,13.34000015258789,0,0.0,0.0
2023-05-18 13:30:00-04:00,13.339900016784668,13.339900016784668,13.329999923706055,13.329999923706055,0,0.0,0.0
2023-05-18 14:30:00-04:00,13.329999923706055,13.34000015258789,13.329999923706055,13.329999923706055,0,0.0,0.0
2023-05-19 12:30:00-04:00,13.368800163269043,13.368800163269043,13.368800163269043,13.368800163269043,237,0.0,0.0
2023-05-22 09:30:00-04:00,13.260000228881836,13.260000228881836,13.260000228881836,13.260000228881836,363,0.0,0.0
2023-05-22 11:30:00-04:00,13.319999694824219,13.319999694824219,13.319999694824219,13.319999694824219,100,0.0,0.0
2023-05-22 12:30:00-04:00,13.240099906921387,13.28499984741211,13.239999771118164,13.260899543762207,3176,0.0,0.0
2023-05-22 14:30:00-04:00,13.239999771118164,13.239999771118164,13.239999771118164,13.239999771118164,349,0.0,0.0
2023-05-22 15:30:00-04:00,13.239999771118164,13.239999771118164,13.239999771118164,13.239999771118164,590,0.0,0.0
2023-05-23 11:30:00-04:00,13.226400375366211,13.239999771118164,13.199999809265137,13.199999809265137,1543,0.0,0.0
2023-05-23 12:30:00-04:00,13.1899995803833,13.1899995803833,13.1899995803833,13.1899995803833,768,0.0,0.0
2023-05-23 13:30:00-04:00,13.1899995803833,13.1899995803833,13.1899995803833,13.1899995803833,200,0.0,0.0
2023-05-24 09:30:00-04:00,13.1899995803833,13.1899995803833,13.15999984741211,13.15999984741211,0,0.0,0.0
2023-05-24 10:30:00-04:00,13.1899995803833,13.1899995803833,13.15999984741211,13.170900344848633,2040,0.0,0.0
2023-05-24 13:30:00-04:00,13.15999984741211,13.15999984741211,13.130000114440918,13.156800270080566,5019,0.0,0.0
2023-05-24 14:30:00-04:00,13.13010025024414,13.140000343322754,13.100000381469727,13.100000381469727,3366,0.0,0.0
2023-05-25 10:30:00-04:00,13.11970043182373,13.119799613952637,13.11970043182373,13.119799613952637,0,0.0,0.0
2023-05-25 14:30:00-04:00,13.0600004196167,13.100000381469727,13.0,13.0,2293,0.0,0.0
2023-05-26 09:30:00-04:00,13.0,13.000100135803223,13.0,13.000100135803223,0,0.0,0.0
2023-05-26 11:30:00-04:00,13.09000015258789,13.09000015258789,13.09000015258789,13.09000015258789,1470,0.0,0.0
2023-05-26 14:30:00-04:00,13.039999961853027,13.039999961853027,13.039999961853027,13.039999961853027,1019,0.0,0.0
2023-05-26 15:30:00-04:00,13.069499969482422,13.069499969482422,13.069499969482422,13.069499969482422,186,0.0,0.0
2023-05-30 09:30:00-04:00,13.029999732971191,13.029999732971191,13.029999732971191,13.029999732971191,0,0.0,0.0
2023-05-30 10:30:00-04:00,13.199999809265137,13.199999809265137,13.199999809265137,13.199999809265137,250,0.0,0.0
2023-05-30 12:30:00-04:00,13.199999809265137,13.199999809265137,13.199999809265137,13.199999809265137,0,0.0,0.0
2023-05-30 13:30:00-04:00,13.113200187683105,13.1899995803833,13.113200187683105,13.1899995803833,0,0.0,0.0
2023-05-30 15:30:00-04:00,13.156999588012695,13.156999588012695,13.156999588012695,13.156999588012695,2280,0.0,0.0
2023-05-31 09:30:00-04:00,13.109999656677246,13.109999656677246,13.020000457763672,13.020000457763672,0,0.0,0.0
2023-05-31 11:30:00-04:00,13.039999961853027,13.079999923706055,13.029999732971191,13.079999923706055,2501,0.0,0.0
2023-05-31 12:30:00-04:00,13.079999923706055,13.098400115966797,13.0,13.010000228881836,3344,0.0,0.0
2023-05-31 13:30:00-04:00,13.0,13.086799621582031,12.970000267028809,12.989999771118164,4058,0.0,0.0
2023-05-31 14:30:00-04:00,12.984999656677246,13.019000053405762,12.930000305175781,12.9350004196167,13413,0.0,0.0
2023-05-31 15:30:00-04:00,13.010000228881836,13.010000228881836,13.0,13.010000228881836,681,0.0,0.0
2023-06-01 09:30:00-04:00,13.029999732971191,13.045000076293945,13.029999732971191,13.045000076293945,0,0.0,0.0
2023-06-01 10:30:00-04:00,13.050000190734863,13.050000190734863,13.029999732971191,13.029999732971191,2169,0.0,0.0
2023-06-01 11:30:00-04:00,13.029999732971191,13.029999732971191,13.029999732971191,13.029999732971191,253,0.0,0.0
2023-06-01 12:30:00-04:00,13.079999923706055,13.09000015258789,12.989999771118164,13.079999923706055,5947,0.0,0.0
2023-06-01 13:30:00-04:00,13.079899787902832,13.079999923706055,13.010000228881836,13.074700355529785,1500,0.0,0.0
2023-06-01 14:30:00-04:00,13.079999923706055,13.140000343322754,13.079999923706055,13.140000343322754,10496,0.0,0.0
2023-06-02 09:30:00-04:00,13.100000381469727,13.109999656677246,13.040599822998047,13.040599822998047,0,0.0,0.0
2023-06-02 10:30:00-04:00,13.0600004196167,13.109100341796875,13.0600004196167,13.109100341796875,5744,0.0,0.0
2023-06-02 12:30:00-04:00,13.069999694824219,13.069999694824219,13.069999694824219,13.069999694824219,123,0.0,0.0
2023-06-02 13:30:00-04:00,13.039999961853027,13.039999961853027,13.039999961853027,13.039999961853027,570,0.0,0.0
2023-06-02 14:30:00-04:00,13.040200233459473,13.040200233459473,13.039999961853027,13.039999961853027,980,0.0,0.0
2023-06-05 09:30:00-04:00,13.039999961853027,13.039999961853027,12.979999542236328,12.979999542236328,0,0.0,0.0
2023-06-05 11:30:00-04:00,13.039999961853027,13.039999961853027,13.033300399780273,13.033300399780273,300,0.0,0.0
2023-06-05 12:30:00-04:00,13.05519962310791,13.100000381469727,13.010000228881836,13.010000228881836,8415,0.0,0.0
2023-06-05 13:30:00-04:00,13.0600004196167,13.0600004196167,13.0600004196167,13.0600004196167,0,0.0,0.0
2023-06-06 09:30:00-04:00,13.029999732971191,13.069999694824219,13.029999732971191,13.069999694824219,0,0.0,0.0
2023-06-07 09:30:00-04:00,13.050000190734863,13.225000381469727,13.050000190734863,13.180000305175781,711,0.0,0.0
2023-06-07 10:30:00-04:00,13.140000343322754,13.140000343322754,13.140000343322754,13.140000343322754,300,0.0,0.0
2023-06-07 11:30:00-04:00,13.180000305175781,13.180000305175781,13.079999923706055,13.079999923706055,2150,0.0,0.0
2023-06-07 12:30:00-04:00,13.15999984741211,13.15999984741211,13.15999984741211,13.15999984741211,104,0.0,0.0
2023-06-07 13:30:00-04:00,13.140000343322754,13.149999618530273,13.140000343322754,13.149999618530273,300,0.0,0.0
2023-06-07 14:30:00-04:00,13.149999618530273,13.149999618530273,13.149999618530273,13.149999618530273,230,0.0,0.0
2023-06-07 15:30:00-04:00,13.09000015258789,13.109999656677246,13.09000015258789,13.109999656677246,300,0.0,0.0
2023-06-08 09:30:00-04:00,13.109999656677246,13.109999656677246,13.109999656677246,13.109999656677246,0,0.0,0.0
2023-06-08 10:30:00-04:00,13.199999809265137,13.199999809265137,13.190099716186523,13.190099716186523,1195,0.0,0.0
2023-06-08 11:30:00-04:00,13.141500473022461,13.141500473022461,13.141500473022461,13.141500473022461,246,0.0,0.0
2023-06-08 12:30:00-04:00,13.140000343322754,13.140000343322754,13.130000114440918,13.130000114440918,1006,0.0,0.0
2023-06-08 14:30:00-04:00,13.130000114440918,13.180000305175781,13.130000114440918,13.150699615478516,4746,0.0,0.0
2023-06-09 09:30:00-04:00,13.100000381469727,13.119999885559082,13.100000381469727,13.119999885559082,0,0.0,0.0
2023-06-09 10:30:00-04:00,13.119999885559082,13.15999984741211,13.119999885559082,13.14009952545166,600,0.0,0.0
2023-06-09 11:30:00-04:00,13.140000343322754,13.140000343322754,13.140000343322754,13.140000343322754,300,0.0,0.0
2023-06-09 12:30:00-04:00,13.140000343322754,13.18910026550293,13.0600004196167,13.0600004196167,1911,0.0,0.0
2023-06-09 13:30:00-04:00,13.109999656677246,13.149999618530273,13.0600004196167,13.0600004196167,2645,0.0,0.0
2023-06-09 14:30:00-04:00,13.0600004196167,13.0600004196167,13.050000190734863,13.050000190734863,461,0.0,0.0
2023-06-09 15:30:00-04:00,13.050000190734863,13.050000190734863,13.050000190734863,13.050000190734863,300,0.0,0.0
2023-06-12 09:30:00-04:00,13.069999694824219,13.080100059509277,13.069999694824219,13.079999923706055,0,0.0,0.0
2023-06-12 10:30:00-04:00,13.069999694824219,13.069999694824219,13.069999694824219,13.069999694824219,1776,0.0,0.0
2023-06-12 13:30:00-04:00,13.069999694824219,13.069999694824219,13.069999694824219,13.069999694824219,400,0.0,0.0
2023-06-12 14:30:00-04:00,13.069899559020996,13.092700004577637,13.069899559020996,13.092700004577637,1660,0.0,0.0
2023-06-13 09:30:00-04:00,13.0600004196167,13.100000381469727,13.050000190734863,13.050000190734863,0,0.0,0.0
2023-06-13 10:30:00-04:00,13.050000190734863,13.050000190734863,13.050000190734863,13.050000190734863,300,0.0,0.0
2023-06-13 11:30:00-04:00,13.050000190734863,13.050000190734863,13.050000190734863,13.050000190734863,323,0.0,0.0
2023-06-13 13:30:00-04:00,13.0600004196167,13.0600004196167,13.0,13.020000457763672,8325,0.0,0.0
2023-06-13 14:30:00-04:00,13.020000457763672,13.028400421142578,13.020000457763672,13.028400421142578,359,0.0,0.0
2023-06-13 15:30:00-04:00,13.010000228881836,13.0600004196167,12.989999771118164,13.0600004196167,2972,0.0,0.0
2023-06-14 09:30:00-04:00,12.989999771118164,12.989999771118164,12.989899635314941,12.989999771118164,0,0.0,0.0
2023-06-14 10:30:00-04:00,12.979999542236328,12.979999542236328,12.890000343322754,12.970000267028809,8016,0.0,0.0
2023-06-14 12:30:00-04:00,12.96660041809082,12.979999542236328,12.96660041809082,12.970100402832031,1773,0.0,0.0
2023-06-14 13:30:00-04:00,12.979900360107422,12.979900360107422,12.979900360107422,12.979900360107422,322,0.0,0.0
2023-06-14 14:30:00-04:00,12.90999984741211,12.930000305175781,12.899999618530273,12.899999618530273,3138,0.0,0.0
2023-06-14 15:30:00-04:00,12.899999618530273,12.960000038146973,12.899999618530273,12.960000038146973,4065,0.0,0.0
2023-06-15 09:30:00-04:00,12.949999809265137,12.984199523925781,12.930000305175781,12.979999542236328,0,0.0,0.0
2023-06-15 10:30:00-04:00,12.960000038146973,13.0,12.960000038146973,12.970000267028809,1234,0.0,0.0
2023-06-15 11:30:00-04:00,12.930000305175781,12.930000305175781,12.930000305175781,12.930000305175781,300,0.0,0.0
2023-06-15 12:30:00-04:00,12.90999984741211,12.90999984741211,12.90999984741211,12.90999984741211,251,0.0,0.0
2023-06-15 14:30:00-04:00,12.930000305175781,12.9306001663208,12.899999618530273,12.899999618530273,4641,0.0,0.0
2023-06-15 15:30:00-04:00,12.949999809265137,12.949999809265137,12.949999809265137,12.949999809265137,284,0.0,0.0
2023-06-16 09:30:00-04:00,12.899999618530273,12.899999618530273,12.859999656677246,12.869999885559082,0,0.0,0.0
2023-06-16 10:30:00-04:00,12.869999885559082,12.894000053405762,12.869999885559082,12.869999885559082,3692,0.0,0.0
2023-06-16 11:30:00-04:00,12.88599967956543,12.887800216674805,12.869999885559082,12.885000228881836,2004,0.0,0.0
2023-06-16 12:30:00-04:00,12.880000114440918,12.899999618530273,12.880000114440918,12.899999618530273,640,0.0,0.0
2023-06-16 13:30:00-04:00,12.90999984741211,12.920000076293945,12.895000457763672,12.895000457763672,1000,0.0,0.0
2023-06-16 14:30:00-04:00,12.899999618530273,12.95740032196045,12.869999885559082,12.869999885559082,8357,0.0,0.0
2023-06-16 15:30:00-04:00,12.90999984741211,12.90999984741211,12.90999984741211,12.90999984741211,206,0.0,0.0
2023-06-20 09:30:00-04:00,12.90999984741211,12.90999984741211,12.90999984741211,12.90999984741211,0,0.0,0.0
2023-06-20 11:30:00-04:00,12.90999984741211,12.94320011138916,12.90999984741211,12.9350004196167,3166,0.0,0.0
2023-06-20 14:30:00-04:00,12.90999984741211,12.928600311279297,12.90999984741211,12.928600311279297,577,0.0,0.0
2023-06-21 09:30:00-04:00,12.890000343322754,12.940899848937988,12.890000343322754,12.940899848937988,0,0.0,0.0
2023-06-21 11:30:00-04:00,12.930000305175781,12.930000305175781,12.910099983215332,12.910099983215332,1983,0.0,0.0
2023-06-21 13:30:00-04:00,12.90999984741211,12.90999984741211,12.890000343322754,12.890000343322754,6940,0.0,0.0
2023-06-22 09:30:00-04:00,12.869999885559082,12.920000076293945,12.869999885559082,12.920000076293945,0,0.0,0.0
2023-06-22 10:30:00-04:00,12.90410041809082,12.920000076293945,12.90410041809082,12.920000076293945,1693,0.0,0.0
2023-06-22 11:30:00-04:00,12.9399995803833,12.9399995803833,12.9399995803833,12.9399995803833,235,0.0,0.0
2023-06-22 14:30:00-04:00,12.920000076293945,12.920000076293945,12.920000076293945,12.920000076293945,100,0.0,0.0
2023-06-22 15:30:00-04:00,12.920000076293945,12.920000076293945,12.920000076293945,12.920000076293945,162,0.0,0.0
2023-06-23 09:30:00-04:00,12.970000267028809,12.970000267028809,12.970000267028809,12.970000267028809,250,0.0,0.0
2023-06-23 11:30:00-04:00,13.010000228881836,13.019599914550781,12.99209976196289,13.019200325012207,2550,0.0,0.0
2023-06-23 14:30:00-04:00,12.960000038146973,12.96049976348877,12.949999809265137,12.950499534606934,2551,0.0,0.0
2023-06-26 09:30:00-04:00,12.960000038146973,12.970000267028809,12.920000076293945,12.970000267028809,0,0.0,0.0
2023-06-26 12:30:00-04:00,12.989899635314941,13.079999923706055,12.989899635314941,13.052499771118164,15034,0.0,0.0
2023-06-26 14:30:00-04:00,13.024399757385254,13.024399757385254,13.024399757385254,13.024399757385254,864,0.0,0.0
2023-06-27 09:30:00-04:00,13.0,13.050000190734863,13.0,13.050000190734863,0,0.0,0.0
2023-06-27 11:30:00-04:00,13.030099868774414,13.0600004196167,13.029999732971191,13.0600004196167,2916,0.0,0.0
2023-06-27 12:30:00-04:00,13.029999732971191,13.0600004196167,12.970000267028809,13.0600004196167,4706,0.0,0.0
2023-06-27 13:30:00-04:00,13.029999732971191,13.045000076293945,13.029999732971191,13.045000076293945,1800,0.0,0.0
2023-06-27 14:30:00-04:00,13.045000076293945,13.0600004196167,13.045000076293945,13.0600004196167,0,0.0,0.0
2023-06-28 09:30:00-04:00,13.050000190734863,13.09000015258789,13.050000190734863,13.079999923706055,0,0.0,0.0
2023-06-28 11:30:00-04:00,13.069999694824219,13.069999694824219,13.069999694824219,13.069999694824219,2817,0.0,0.0
2023-06-28 12:30:00-04:00,13.068400382995605,13.068400382995605,13.068400382995605,13.068400382995605,1772,0.0,0.0
2023-06-28 13:30:00-04:00,13.079999923706055,13.119999885559082,13.069999694824219,13.119999885559082,10433,0.0,0.0
2023-06-28 14:30:00-04:00,13.114999771118164,13.12339973449707,13.109999656677246,13.119999885559082,2949,0.0,0.0
2023-06-29 09:30:00-04:00,13.119999885559082,13.119999885559082,13.039999961853027,13.039999961853027,0,0.0,0.0
2023-06-29 10:30:00-04:00,13.069999694824219,13.069999694824219,13.069999694824219,13.069999694824219,138,0.0,0.0
2023-06-29 11:30:00-04:00,13.09000015258789,13.09000015258789,13.09000015258789,13.09000015258789,100,0.0,0.0
2023-06-29 13:30:00-04:00,13.09000015258789,13.1899995803833,13.04010009765625,13.04010009765625,1569,0.0,0.0
2023-06-29 14:30:00-04:00,13.050000190734863,13.050000190734863,13.039999961853027,13.039999961853027,244,0.0,0.0
2023-06-29 15:30:00-04:00,13.029999732971191,13.029999732971191,13.029999732971191,13.029999732971191,0,0.0,0.0
2023-06-30 09:30:00-04:00,13.09000015258789,13.09000015258789,13.0600004196167,13.069999694824219,609,0.0,0.0
2023-06-30 10:30:00-04:00,13.0600004196167,13.0600004196167,13.050000190734863,13.050000190734863,515,0.0,0.0
2023-06-30 11:30:00-04:00,13.039999961853027,13.058199882507324,13.039999961853027,13.058199882507324,555,0.0,0.0
2023-06-30 12:30:00-04:00,13.04800033569336,13.04800033569336,13.029999732971191,13.029999732971191,1129,0.0,0.0
2023-06-30 13:30:00-04:00,13.020000457763672,13.038299560546875,13.020000457763672,13.038299560546875,422,0.0,0.0
2023-06-30 14:30:00-04:00,13.020000457763672,13.020000457763672,13.020000457763672,13.020000457763672,398,0.0,0.0
2023-06-30 15:30:00-04:00,13.020000457763672,13.050000190734863,13.020000457763672,13.050000190734863,600,0.0,0.0
2023-07-03 09:30:00-04:00,13.020000457763672,13.159899711608887,13.020000457763672,13.0649995803833,1991,0.0,0.0
2023-07-03 10:30:00-04:00,13.020000457763672,13.029999732971191,13.020000457763672,13.029999732971191,400,0.0,0.0
2023-07-03 11:30:00-04:00,13.089699745178223,13.089699745178223,13.029999732971191,13.029999732971191,586,0.0,0.0
2023-07-03 12:30:00-04:00,13.029999732971191,13.029999732971191,13.029999732971191,13.029999732971191,200,0.0,0.0
2023-07-05 09:30:00-04:00,13.039999961853027,13.120699882507324,13.039999961853027,13.120699882507324,0,0.0,0.0
2023-07-05 10:30:00-04:00,13.039999961853027,13.100000381469727,13.039999961853027,13.100000381469727,6758,0.0,0.0
2023-07-05 11:30:00-04:00,13.09000015258789,13.09000015258789,13.09000015258789,13.09000015258789,313,0.0,0.0
2023-07-05 12:30:00-04:00,13.09000015258789,13.09000015258789,13.09000015258789,13.09000015258789,1085,0.0,0.0
2023-07-05 13:30:00-04:00,13.09000015258789,13.09000015258789,13.09000015258789,13.09000015258789,408,0.0,0.0
2023-07-05 14:30:00-04:00,13.09000015258789,13.099900245666504,13.09000015258789,13.09000015258789,3490,0.0,0.0
2023-07-05 15:30:00-04:00,13.09000015258789,13.09000015258789,13.09000015258789,13.09000015258789,520,0.0,0.0
2023-07-06 09:30:00-04:00,13.09000015258789,13.090100288391113,13.09000015258789,13.09000015258789,1495,0.0,0.0
2023-07-06 10:30:00-04:00,13.09000015258789,13.189800262451172,13.010000228881836,13.09000015258789,17730,0.0,0.0
2023-07-06 11:30:00-04:00,13.029999732971191,13.09000015258789,13.029999732971191,13.029999732971191,2932,0.0,0.0
2023-07-06 12:30:00-04:00,13.029999732971191,13.100000381469727,13.029999732971191,13.100000381469727,4055,0.0,0.0
2023-07-06 13:30:00-04:00,13.109999656677246,13.149999618530273,13.109999656677246,13.109999656677246,1500,0.0,0.0
2023-07-06 14:30:00-04:00,13.039999961853027,13.119999885559082,13.0378999710083,13.0378999710083,4938,0.0,0.0
2023-07-06 15:30:00-04:00,13.029999732971191,13.130000114440918,13.029999732971191,13.130000114440918,791,0.0,0.0
2023-07-07 09:30:00-04:00,13.039999961853027,13.055000305175781,13.039999961853027,13.055000305175781,0,0.0,0.0
2023-07-07 10:30:00-04:00,13.09000015258789,13.09000015258789,13.050000190734863,13.050000190734863,0,0.0,0.0
2023-07-07 11:30:00-04:00,13.055000305175781,13.100000381469727,13.055000305175781,13.100000381469727,759,0.0,0.0
2023-07-07 12:30:00-04:00,13.139399528503418,13.139399528503418,13.100000381469727,13.100000381469727,500,0.0,0.0
2023-07-07 13:30:00-04:00,13.100000381469727,13.149999618530273,13.100000381469727,13.100000381469727,300,0.0,0.0
2023-07-07 14:30:00-04:00,13.100000381469727,13.125800132751465,13.100000381469727,13.125800132751465,700,0.0,0.0
2023-07-07 15:30:00-04:00,13.100000381469727,13.149999618530273,13.050000190734863,13.149999618530273,892,0.0,0.0
2023-07-10 09:30:00-04:00,13.109999656677246,13.109999656677246,13.109999656677246,13.109999656677246,0,0.0,0.0
2023-07-10 10:30:00-04:00,13.109999656677246,13.15999984741211,13.109999656677246,13.15999984741211,0,0.0,0.0
2023-07-10 12:30:00-04:00,13.125,13.125,13.125,13.125,3640,0.0,0.0
2023-07-10 13:30:00-04:00,13.149999618530273,13.149999618530273,13.100000381469727,13.149999618530273,1610,0.0,0.0
2023-07-11 09:30:00-04:00,13.149999618530273,13.149999618530273,13.149999618530273,13.149999618530273,0,0.0,0.0
2023-07-12 09:30:00-04:00,13.119999885559082,13.239999771118164,13.119999885559082,13.239999771118164,2399,0.0,0.0
2023-07-12 11:30:00-04:00,13.369999885559082,13.390000343322754,13.315099716186523,13.329999923706055,0,0.0,0.0
2023-07-12 12:30:00-04:00,13.329999923706055,13.329999923706055,13.329999923706055,13.329999923706055,5714,0.0,0.0
2023-07-12 13:30:00-04:00,13.348199844360352,13.699999809265137,13.348199844360352,13.699999809265137,4459,0.0,0.0
2023-07-12 14:30:00-04:00,13.699999809265137,13.699999809265137,13.382399559020996,13.382399559020996,5356,0.0,0.0
2023-07-13 09:30:00-04:00,13.420000076293945,13.420000076293945,13.350000381469727,13.380000114440918,806,0.0,0.0
2023-07-13 10:30:00-04:00,13.380000114440918,13.380000114440918,13.369999885559082,13.369999885559082,723,0.0,0.0
2023-07-13 14:30:00-04:00,13.550000190734863,13.699999809265137,13.476799964904785,13.699999809265137,18564,0.0,0.0
2023-07-14 09:30:00-04:00,13.460000038146973,13.460000038146973,13.460000038146973,13.460000038146973,0,0.0,0.0
2023-07-14 14:30:00-04:00,13.482999801635742,13.482999801635742,13.482999801635742,13.482999801635742,1800,0.0,0.0
2023-07-17 09:30:00-04:00,13.5,13.550000190734863,13.470000267028809,13.50730037689209,2027,0.0,0.0
2023-07-17 10:30:00-04:00,13.510000228881836,13.510000228881836,13.508700370788574,13.508700370788574,708,0.0,0.0
2023-07-17 11:30:00-04:00,13.471599578857422,13.505000114440918,13.470000267028809,13.470000267028809,1078,0.0,0.0
2023-07-17 12:30:00-04:00,13.464799880981445,13.464799880981445,13.464799880981445,13.464799880981445,253,0.0,0.0
2023-07-17 13:30:00-04:00,13.430000305175781,13.430000305175781,13.330100059509277,13.330100059509277,778,0.0,0.0
2023-07-17 14:30:00-04:00,13.520000457763672,13.520000457763672,13.4350004196167,13.4350004196167,300,0.0,0.0
2023-07-17 15:30:00-04:00,13.520000457763672,13.520000457763672,13.520000457763672,13.520000457763672,200,0.0,0.0
2023-07-18 09:30:00-04:00,13.359999656677246,13.359999656677246,13.359999656677246,13.359999656677246,0,0.0,0.0
2023-07-18 10:30:00-04:00,13.395000457763672,13.470000267028809,13.395000457763672,13.470000267028809,814,0.0,0.0
2023-07-18 11:30:00-04:00,13.395000457763672,13.395000457763672,13.382499694824219,13.382499694824219,446,0.0,0.0
2023-07-18 13:30:00-04:00,13.395000457763672,13.395000457763672,13.390000343322754,13.390000343322754,988,0.0,0.0
2023-07-18 14:30:00-04:00,13.359999656677246,13.359999656677246,13.319999694824219,13.319999694824219,3531,0.0,0.0
2023-07-18 15:30:00-04:00,13.350000381469727,13.350000381469727,13.350000381469727,13.350000381469727,503,0.0,0.0
2023-07-19 09:30:00-04:00,13.270000457763672,13.40999984741211,13.270000457763672,13.40999984741211,0,0.0,0.0
2023-07-19 10:30:00-04:00,13.399999618530273,13.399999618530273,13.399999618530273,13.399999618530273,100,0.0,0.0
2023-07-19 11:30:00-04:00,13.40999984741211,13.40999984741211,13.260000228881836,13.399999618530273,10032,0.0,0.0
2023-07-19 12:30:00-04:00,13.399999618530273,13.399999618530273,13.399999618530273,13.399999618530273,109,0.0,0.0
2023-07-19 13:30:00-04:00,13.270000457763672,13.390000343322754,13.270000457763672,13.390000343322754,486,0.0,0.0
2023-07-19 14:30:00-04:00,13.399999618530273,13.399999618530273,13.3503999710083,13.3503999710083,1310,0.0,0.0
2023-07-19 15:30:00-04:00,13.399999618530273,13.399999618530273,13.399999618530273,13.399999618530273,0,0.0,0.0
2023-07-20 13:30:00-04:00,13.260000228881836,13.420000076293945,13.260000228881836,13.420000076293945,43,0.0,0.0
2023-07-21 09:30:00-04:00,13.374899864196777,13.374899864196777,13.374899864196777,13.374899864196777,0,0.0,0.0
2023-07-21 14:30:00-04:00,13.300000190734863,13.369999885559082,13.300000190734863,13.369999885559082,4520,0.0,0.0
2023-07-21 15:30:00-04:00,13.359999656677246,13.359999656677246,13.359999656677246,13.359999656677246,120,0.0,0.0
2023-07-24 09:30:00-04:00,13.289999961853027,13.289999961853027,13.289999961853027,13.289999961853027,0,0.0,0.0
2023-07-24 13:30:00-04:00,13.289999961853027,13.29010009765625,13.112600326538086,13.220000267028809,7600,0.0,0.0
2023-07-24 14:30:00-04:00,13.267800331115723,13.300000190734863,13.229999542236328,13.26200008392334,2316,0.0,0.0
2023-07-24 15:30:00-04:00,13.220000267028809,13.229999542236328,13.220000267028809,13.229999542236328,558,0.0,0.0
2023-07-25 09:30:00-04:00,13.229999542236328,13.319999694824219,13.229999542236328,13.319999694824219,0,0.0,0.0
2023-07-25 14:30:00-04:00,13.234800338745117,13.234800338745117,13.234800338745117,13.234800338745117,267,0.0,0.0
2023-07-25 15:30:00-04:00,13.210000038146973,13.212800025939941,13.210000038146973,13.212800025939941,1100,0.0,0.0
2023-07-26 09:30:00-04:00,13.220000267028809,13.220000267028809,13.220000267028809,13.220000267028809,0,0.0,0.0
2023-07-26 11:30:00-04:00,13.220000267028809,13.220000267028809,13.180000305175781,13.180000305175781,1509,0.0,0.0
2023-07-26 15:30:00-04:00,13.25,13.25,13.220000267028809,13.220000267028809,0,0.0,0.0
2023-07-27 09:30:00-04:00,13.1899995803833,13.1899995803833,13.170000076293945,13.170000076293945,453,0.0,0.0
2023-07-27 10:30:00-04:00,13.149999618530273,13.149999618530273,13.149999618530273,13.149999618530273,277,0.0,0.0
2023-07-27 11:30:00-04:00,13.197699546813965,13.197699546813965,13.197699546813965,13.197699546813965,270,0.0,0.0
2023-07-27 14:30:00-04:00,13.170000076293945,13.210000038146973,13.170000076293945,13.210000038146973,277,0.0,0.0
2023-07-27 15:30:00-04:00,13.220000267028809,13.220000267028809,13.20989990234375,13.220000267028809,3113,0.0,0.0
2023-07-28 09:30:00-04:00,13.260000228881836,13.260000228881836,13.260000228881836,13.260000228881836,0,0.0,0.0
2023-07-28 10:30:00-04:00,13.1899995803833,13.1899995803833,13.15999984741211,13.15999984741211,1663,0.0,0.0
2023-07-28 11:30:00-04:00,13.25,13.25,13.25,13.25,100,0.0,0.0
2023-07-28 12:30:00-04:00,13.199999809265137,13.199999809265137,13.199999809265137,13.199999809265137,281,0.0,0.0
2023-07-28 13:30:00-04:00,13.1899995803833,13.229999542236328,13.15999984741211,13.229999542236328,3169,0.0,0.0
2023-07-28 15:30:00-04:00,13.199999809265137,13.199999809265137,13.0600004196167,13.15250015258789,4037,0.0,0.0
2023-07-31 09:30:00-04:00,13.199999809265137,13.199999809265137,13.199999809265137,13.199999809265137,0,0.0,0.0
2023-07-31 11:30:00-04:00,13.15999984741211,13.15999984741211,13.149999618530273,13.15999984741211,1280,0.0,0.0
2023-07-31 12:30:00-04:00,13.149999618530273,13.149999618530273,13.149999618530273,13.149999618530273,1587,0.0,0.0
2023-07-31 13:30:00-04:00,13.170000076293945,13.170000076293945,13.149999618530273,13.149999618530273,1089,0.0,0.0
2023-07-31 14:30:00-04:00,13.149999618530273,13.180000305175781,13.149999618530273,13.157500267028809,2530,0.0,0.0
2023-07-31 15:30:00-04:00,13.149999618530273,13.1899995803833,13.149999618530273,13.1899995803833,6602,0.0,0.0
2023-08-01 09:30:00-04:00,13.229999542236328,13.241000175476074,13.149999618530273,13.149999618530273,0,0.0,0.0
2023-08-01 10:30:00-04:00,13.149999618530273,13.149999618530273,13.149999618530273,13.149999618530273,410,0.0,0.0
2023-08-01 11:30:00-04:00,13.149999618530273,13.199999809265137,13.149999618530273,13.149999618530273,659,0.0,0.0
2023-08-01 12:30:00-04:00,13.15999984741211,13.164999961853027,13.149999618530273,13.164999961853027,823,0.0,0.0
2023-08-01 13:30:00-04:00,13.149999618530273,13.149999618530273,13.149999618530273,13.149999618530273,300,0.0,0.0
2023-08-01 14:30:00-04:00,13.165499687194824,13.165499687194824,13.149999618530273,13.149999618530273,1234,0.0,0.0
2023-08-01 15:30:00-04:00,13.149999618530273,13.15999984741211,13.149999618530273,13.149999618530273,705,0.0,0.0
2023-08-02 09:30:00-04:00,13.109999656677246,13.180000305175781,13.109999656677246,13.180000305175781,3535,0.0,0.0
2023-08-02 10:30:00-04:00,13.109999656677246,13.119999885559082,13.109999656677246,13.109999656677246,592,0.0,0.0
2023-08-02 11:30:00-04:00,13.109999656677246,13.109999656677246,13.100000381469727,13.109999656677246,400,0.0,0.0
2023-08-02 12:30:00-04:00,13.100000381469727,13.100000381469727,13.100000381469727,13.100000381469727,302,0.0,0.0
2023-08-02 13:30:00-04:00,13.100000381469727,13.130000114440918,13.100000381469727,13.100000381469727,372,0.0,0.0
2023-08-02 14:30:00-04:00,13.100000381469727,13.100000381469727,13.100000381469727,13.100000381469727,463,0.0,0.0
2023-08-02 15:30:00-04:00,13.100000381469727,13.11460018157959,13.100000381469727,13.100000381469727,1457,0.0,0.0
2023-08-03 09:30:00-04:00,13.100000381469727,13.100000381469727,13.050000190734863,13.050000190734863,0,0.0,0.0
2023-08-03 10:30:00-04:00,13.050000190734863,13.069899559020996,13.010000228881836,13.010000228881836,6300,0.0,0.0
2023-08-03 11:30:00-04:00,13.05210018157959,13.0600004196167,13.03499984741211,13.0600004196167,1045,0.0,0.0
2023-08-03 12:30:00-04:00,13.010000228881836,13.069999694824219,13.010000228881836,13.010000228881836,1206,0.0,0.0
2023-08-03 13:30:00-04:00,13.010000228881836,13.010000228881836,13.010000228881836,13.010000228881836,300,0.0,0.0
2023-08-03 14:30:00-04:00,13.0,13.029999732971191,13.0,13.0,1276,0.0,0.0
2023-08-03 15:30:00-04:00,13.0,13.01990032196045,13.0,13.0,700,0.0,0.0
2023-08-04 09:30:00-04:00,13.0,13.050000190734863,13.0,13.020000457763672,0,0.0,0.0
2023-08-04 10:30:00-04:00,13.020000457763672,13.020000457763672,13.010000228881836,13.018799781799316,2627,0.0,0.0
2023-08-04 11:30:00-04:00,13.010000228881836,13.089200019836426,13.010000228881836,13.089200019836426,1356,0.0,0.0
2023-08-04 12:30:00-04:00,13.010000228881836,13.010000228881836,13.010000228881836,13.010000228881836,216,0.0,0.0
2023-08-04 13:30:00-04:00,13.010000228881836,13.020000457763672,13.0,13.0,1900,0.0,0.0
2023-08-04 14:30:00-04:00,13.0,13.029999732971191,13.0,13.0,2964,0.0,0.0
2023-08-04 15:30:00-04:00,13.0,13.0,13.0,13.0,635,0.0,0.0
2023-08-07 09:30:00-04:00,13.0,13.0,13.0,13.0,0,0.0,0.0
2023-08-07 10:30:00-04:00,13.0068998336792,13.0068998336792,13.0,13.0,10647,0.0,0.0
2023-08-07 11:30:00-04:00,13.0,13.0,13.0,13.0,405,0.0,0.0
2023-08-07 12:30:00-04:00,13.0,13.0,13.0,13.0,410,0.0,0.0
2023-08-07 13:30:00-04:00,13.0,13.0,13.0,13.0,200,0.0,0.0
2023-08-07 14:30:00-04:00,13.005000114440918,13.005000114440918,13.0,13.0,911,0.0,0.0
2023-08-07 15:30:00-04:00,13.0,13.0,13.0,13.0,1028,0.0,0.0
2023-08-08 09:30:00-04:00,13.010000228881836,13.020000457763672,13.010000228881836,13.020000457763672,0,0.0,0.0
2023-08-08 11:30:00-04:00,13.024999618530273,13.06470012664795,13.024999618530273,13.0600004196167,2200,0.0,0.0
2023-08-08 12:30:00-04:00,13.0600004196167,13.0600004196167,13.039899826049805,13.039899826049805,1298,0.0,0.0
2023-08-08 13:30:00-04:00,13.029800415039062,13.029800415039062,13.0,13.0,1473,0.0,0.0
2023-08-08 14:30:00-04:00,13.0,13.005000114440918,13.0,13.005000114440918,601,0.0,0.0
2023-08-08 15:30:00-04:00,13.0,13.020000457763672,13.0,13.0,3360,0.0,0.0
2023-08-09 09:30:00-04:00,13.0,13.020000457763672,13.0,13.0,0,0.0,0.0
2023-08-09 10:30:00-04:00,13.0,13.050000190734863,13.0,13.012499809265137,1414,0.0,0.0
2023-08-09 11:30:00-04:00,13.0,13.0,13.0,13.0,200,0.0,0.0
2023-08-09 12:30:00-04:00,13.0,13.0,12.960100173950195,12.979999542236328,2501,0.0,0.0
2023-08-09 13:30:00-04:00,12.970000267028809,12.970000267028809,12.970000267028809,12.970000267028809,200,0.0,0.0
2023-08-09 14:30:00-04:00,12.970000267028809,13.017000198364258,12.970000267028809,13.017000198364258,694,0.0,0.0
2023-08-09 15:30:00-04:00,12.979999542236328,12.979999542236328,12.960000038146973,12.960000038146973,0,0.0,0.0
2023-08-10 09:30:00-04:00,12.949999809265137,13.069999694824219,12.949999809265137,13.010000228881836,1843,0.0,0.0
2023-08-10 10:30:00-04:00,13.0,13.0,12.979999542236328,12.979999542236328,374,0.0,0.0
2023-08-10 11:30:00-04:00,12.979999542236328,12.979999542236328,12.979999542236328,12.979999542236328,244,0.0,0.0
2023-08-10 12:30:00-04:00,13.0,13.0,13.0,13.0,200,0.0,0.0
2023-08-10 13:30:00-04:00,13.0,13.0,12.949999809265137,12.949999809265137,558,0.0,0.0
2023-08-10 14:30:00-04:00,12.949999809265137,12.979999542236328,12.930000305175781,12.930000305175781,1885,0.0,0.0
2023-08-10 15:30:00-04:00,12.920000076293945,12.930000305175781,12.90999984741211,12.920000076293945,853,0.0,0.0
2023-08-11 09:30:00-04:00,12.930000305175781,12.930000305175781,12.930000305175781,12.930000305175781,0,0.0,0.0
2023-08-11 10:30:00-04:00,12.930000305175781,12.930000305175781,12.930000305175781,12.930000305175781,225,0.0,0.0
2023-08-11 11:30:00-04:00,12.920000076293945,12.949999809265137,12.920000076293945,12.930000305175781,1000,0.0,0.0
2023-08-11 12:30:00-04:00,12.949999809265137,12.949999809265137,12.949999809265137,12.949999809265137,228,0.0,0.0
2023-08-11 13:30:00-04:00,12.9399995803833,12.984399795532227,12.930000305175781,12.984399795532227,5205,0.0,0.0
2023-08-11 14:30:00-04:00,12.960000038146973,12.989999771118164,12.920000076293945,12.920000076293945,6947,0.0,0.0
2023-08-11 15:30:00-04:00,12.920000076293945,12.960000038146973,12.899999618530273,12.899999618530273,811,0.0,0.0
2023-08-14 09:30:00-04:00,12.90999984741211,12.919899940490723,12.90999984741211,12.919899940490723,0,0.0,0.0
2023-08-14 10:30:00-04:00,12.919899940490723,12.920000076293945,12.919400215148926,12.919400215148926,1200,0.0,0.0
2023-08-14 11:30:00-04:00,12.920000076293945,12.920000076293945,12.920000076293945,12.920000076293945,0,0.0,0.0
2023-08-14 12:30:00-04:00,12.9350004196167,12.959799766540527,12.9350004196167,12.959799766540527,4480,0.0,0.0
2023-08-14 13:30:00-04:00,12.959799766540527,12.959799766540527,12.90999984741211,12.90999984741211,4477,0.0,0.0
2023-08-14 14:30:00-04:00,12.930000305175781,12.989999771118164,12.924099922180176,12.924099922180176,1919,0.0,0.0
2023-08-14 15:30:00-04:00,12.925000190734863,12.930000305175781,12.925000190734863,12.930000305175781,500,0.0,0.0
2023-08-15 09:30:00-04:00,12.930000305175781,12.960000038146973,12.930000305175781,12.960000038146973,677,0.0,0.0
2023-08-15 10:30:00-04:00,12.9399995803833,12.960000038146973,12.9399995803833,12.949999809265137,1035,0.0,0.0
2023-08-15 11:30:00-04:00,12.954999923706055,13.0,12.954999923706055,13.0,0,0.0,0.0
2023-08-15 13:30:00-04:00,12.949999809265137,12.956399917602539,12.949999809265137,12.956399917602539,3216,0.0,0.0
2023-08-15 14:30:00-04:00,12.949999809265137,12.960000038146973,12.949999809265137,12.949999809265137,340,0.0,0.0
2023-08-15 15:30:00-04:00,12.949999809265137,12.949999809265137,12.930000305175781,12.930000305175781,501,0.0,0.0
2023-08-16 09:30:00-04:00,12.90999984741211,12.90999984741211,12.90999984741211,12.90999984741211,200,0.0,0.0
2023-08-16 10:30:00-04:00,12.90999984741211,12.920000076293945,12.899999618530273,12.899999618530273,1831,0.0,0.0
2023-08-16 11:30:00-04:00,12.929699897766113,12.929699897766113,12.899999618530273,12.921099662780762,975,0.0,0.0
2023-08-16 12:30:00-04:00,12.925000190734863,12.925000190734863,12.886500358581543,12.886500358581543,2760,0.0,0.0
2023-08-16 14:30:00-04:00,12.880000114440918,12.884699821472168,12.779999732971191,12.850000381469727,5798,0.0,0.0
2023-08-16 15:30:00-04:00,12.880000114440918,12.880000114440918,12.880000114440918,12.880000114440918,151,0.0,0.0
2023-08-17 09:30:00-04:00,12.84000015258789,12.92300033569336,12.84000015258789,12.92300033569336,0,0.0,0.0
2023-08-17 10:30:00-04:00,12.835000038146973,12.835000038146973,12.835000038146973,12.835000038146973,679,0.0,0.0
2023-08-17 13:30:00-04:00,12.8100004196167,12.829000473022461,12.8100004196167,12.829000473022461,1260,0.0,0.0
2023-08-17 14:30:00-04:00,12.850000381469727,12.850000381469727,12.819999694824219,12.819999694824219,10785,0.0,0.0
2023-08-17 15:30:00-04:00,12.819999694824219,12.850000381469727,12.819999694824219,12.850000381469727,442,0.0,0.0
2023-08-18 09:30:00-04:00,12.850000381469727,12.852899551391602,12.850000381469727,12.852899551391602,0,0.0,0.0
2023-08-18 10:30:00-04:00,12.864999771118164,12.864999771118164,12.864999771118164,12.864999771118164,1133,0.0,0.0
2023-08-18 12:30:00-04:00,12.869999885559082,12.869999885559082,12.811699867248535,12.811699867248535,2822,0.0,0.0
2023-08-18 15:30:00-04:00,12.859999656677246,12.859999656677246,12.859999656677246,12.859999656677246,270,0.0,0.0
2023-08-21 09:30:00-04:00,12.829999923706055,12.829999923706055,12.800000190734863,12.800000190734863,0,0.0,0.0
2023-08-21 10:30:00-04:00,12.813799858093262,12.813799858093262,12.770000457763672,12.770000457763672,2683,0.0,0.0
2023-08-21 11:30:00-04:00,12.770000457763672,12.777600288391113,12.75,12.753000259399414,5757,0.0,0.0
2023-08-21 12:30:00-04:00,12.765000343322754,12.770000457763672,12.765000343322754,12.770000457763672,784,0.0,0.0
2023-08-21 13:30:00-04:00,12.800000190734863,12.8100004196167,12.800000190734863,12.809900283813477,4144,0.0,0.0
2023-08-22 09:30:00-04:00,12.789999961853027,12.789999961853027,12.789999961853027,12.789999961853027,0,0.0,0.0
2023-08-22 10:30:00-04:00,12.778499603271484,12.778499603271484,12.770000457763672,12.770000457763672,0,0.0,0.0
2023-08-22 11:30:00-04:00,12.785900115966797,12.785900115966797,12.785900115966797,12.785900115966797,3774,0.0,0.0
2023-08-22 13:30:00-04:00,12.78499984741211,12.78499984741211,12.78499984741211,12.78499984741211,850,0.0,0.0
2023-08-22 14:30:00-04:00,12.800000190734863,12.800000190734863,12.800000190734863,12.800000190734863,692,0.0,0.0
2023-08-22 15:30:00-04:00,12.770000457763672,12.789999961853027,12.699999809265137,12.720000267028809,9233,0.0,0.0
2023-08-23 09:30:00-04:00,12.75,12.765000343322754,12.75,12.765000343322754,0,0.0,0.0
2023-08-23 10:30:00-04:00,12.800000190734863,12.89430046081543,12.729999542236328,12.880000114440918,20867,0.0,0.0
2023-08-23 11:30:00-04:00,12.880000114440918,12.920000076293945,12.8100004196167,12.920000076293945,11737,0.0,0.0
2023-08-23 12:30:00-04:00,12.949999809265137,12.960000038146973,12.864999771118164,12.960000038146973,2700,0.0,0.0
2023-08-23 13:30:00-04:00,12.949999809265137,12.970000267028809,12.949999809265137,12.970000267028809,4301,0.0,0.0
2023-08-23 14:30:00-04:00,12.970000267028809,13.0600004196167,12.906599998474121,13.0600004196167,8765,0.0,0.0
2023-08-23 15:30:00-04:00,13.079999923706055,13.199999809265137,13.079999923706055,13.170000076293945,2612,0.0,0.0
2023-08-24 09:30:00-04:00,13.039999961853027,13.039999961853027,13.039999961853027,13.039999961853027,0,0.0,0.0
2023-08-24 11:30:00-04:00,13.020000457763672,13.020000457763672,12.991999626159668,13.0,1210,0.0,0.0
2023-08-24 12:30:00-04:00,13.0,13.09529972076416,12.999199867248535,13.039999961853027,7425,0.0,0.0
2023-08-24 13:30:00-04:00,13.100000381469727,13.100000381469727,13.061100006103516,13.061599731445312,4548,0.0,0.0
2023-08-24 15:30:00-04:00,13.09000015258789,13.09000015258789,13.09000015258789,13.09000015258789,200,0.0,0.0
2023-08-25 09:30:00-04:00,13.029999732971191,13.09000015258789,13.029999732971191,13.085000038146973,0,0.0,0.0
2023-08-25 10:30:00-04:00,13.009599685668945,13.010499954223633,13.009599685668945,13.010499954223633,1280,0.0,0.0
2023-08-25 11:30:00-04:00,13.082799911499023,13.082799911499023,13.082799911499023,13.082799911499023,201,0.0,0.0
2023-08-25 12:30:00-04:00,13.0600004196167,13.0600004196167,13.0600004196167,13.0600004196167,100,0.0,0.0
2023-08-28 09:30:00-04:00,13.0600004196167,13.09000015258789,13.035799980163574,13.035799980163574,0,0.0,0.0
2023-08-28 12:30:00-04:00,13.129899978637695,13.130000114440918,13.039999961853027,13.039999961853027,4998,0.0,0.0
2023-08-28 13:30:00-04:00,13.064000129699707,13.064000129699707,13.064000129699707,13.064000129699707,687,0.0,0.0
2023-08-28 15:30:00-04:00,13.039999961853027,13.119999885559082,13.029999732971191,13.119999885559082,13168,0.0,0.0
2023-08-29 09:30:00-04:00,13.079999923706055,13.116600036621094,13.079999923706055,13.116600036621094,0,0.0,0.0
2023-08-29 10:30:00-04:00,13.300000190734863,13.300000190734863,13.300000190734863,13.300000190734863,100,0.0,0.0
2023-08-29 11:30:00-04:00,13.227899551391602,13.227899551391602,13.227899551391602,13.227899551391602,352,0.0,0.0
2023-08-30 09:30:00-04:00,13.199999809265137,13.358200073242188,13.199999809265137,13.229999542236328,2029,0.0,0.0
2023-08-30 10:30:00-04:00,13.359999656677246,13.359999656677246,13.359999656677246,13.359999656677246,100,0.0,0.0
2023-08-30 11:30:00-04:00,13.274999618530273,13.274999618530273,13.274999618530273,13.274999618530273,440,0.0,0.0
2023-08-30 12:30:00-04:00,13.192000389099121,13.319999694824219,13.1899995803833,13.319999694824219,832,0.0,0.0
2023-08-30 13:30:00-04:00,13.283499717712402,13.283499717712402,13.283499717712402,13.283499717712402,300,0.0,0.0
2023-08-30 14:30:00-04:00,13.3100004196167,13.3100004196167,13.255000114440918,13.255000114440918,1009,0.0,0.0
2023-08-30 15:30:00-04:00,13.199999809265137,13.199999809265137,13.199999809265137,13.199999809265137,689,0.0,0.0
2023-08-31 09:30:00-04:00,13.1899995803833,13.236300468444824,13.180000305175781,13.180000305175781,0,0.0,0.0
2023-08-31 10:30:00-04:00,13.180000305175781,13.1899995803833,13.149999618530273,13.149999618530273,1795,0.0,0.0
2023-08-31 11:30:00-04:00,13.149999618530273,13.149999618530273,13.149999618530273,13.149999618530273,373,0.0,0.0
2023-08-31 12:30:00-04:00,13.156299591064453,13.156299591064453,13.156299591064453,13.156299591064453,863,0.0,0.0
2023-08-31 14:30:00-04:00,13.149999618530273,13.149999618530273,13.0600004196167,13.0600004196167,1161,0.0,0.0
2023-08-31 15:30:00-04:00,13.029999732971191,13.029999732971191,12.850000381469727,12.850000381469727,23710,0.0,0.0
2023-09-01 09:30:00-04:00,12.850000381469727,12.979900360107422,12.800000190734863,12.979900360107422,0,0.0,0.0
2023-09-01 10:30:00-04:00,12.859999656677246,12.859999656677246,12.859999656677246,12.859999656677246,227,0.0,0.0
2023-09-01 11:30:00-04:00,12.953399658203125,12.970000267028809,12.850000381469727,12.916500091552734,4005,0.0,0.0
2023-09-01 12:30:00-04:00,12.949999809265137,12.959600448608398,12.949999809265137,12.949999809265137,685,0.0,0.0
2023-09-01 13:30:00-04:00,12.960000038146973,12.960000038146973,12.933799743652344,12.933799743652344,628,0.0,0.0
2023-09-01 14:30:00-04:00,12.933300018310547,12.933300018310547,12.889900207519531,12.889900207519531,517,0.0,0.0
2023-09-01 15:30:00-04:00,12.894800186157227,12.894800186157227,12.894800186157227,12.894800186157227,200,0.0,0.0
2023-09-05 09:30:00-04:00,12.920000076293945,12.989999771118164,12.905900001525879,12.905900001525879,5417,0.0,0.0
2023-09-05 10:30:00-04:00,12.970000267028809,12.970000267028809,12.970000267028809,12.970000267028809,190,0.0,0.0
2023-09-05 12:30:00-04:00,12.949999809265137,12.949999809265137,12.949999809265137,12.949999809265137,298,0.0,0.0
2023-09-05 14:30:00-04:00,12.9399995803833,12.949999809265137,12.881500244140625,12.901599884033203,1892,0.0,0.0
2023-09-05 15:30:00-04:00,12.949999809265137,12.949999809265137,12.949999809265137,12.949999809265137,400,0.0,0.0
2023-09-06 09:30:00-04:00,12.880000114440918,13.009900093078613,12.880000114440918,12.899999618530273,0,0.0,0.0
2023-09-06 10:30:00-04:00,12.864999771118164,12.889800071716309,12.857000350952148,12.8858003616333,1932,0.0,0.0
2023-09-06 11:30:00-04:00,12.859999656677246,12.880000114440918,12.859999656677246,12.880000114440918,806,0.0,0.0
2023-09-06 13:30:00-04:00,12.868000030517578,12.905799865722656,12.868000030517578,12.905799865722656,1983,0.0,0.0
2023-09-06 14:30:00-04:00,12.914999961853027,12.949999809265137,12.914999961853027,12.949999809265137,366,0.0,0.0
2023-09-06 15:30:00-04:00,12.925000190734863,12.970000267028809,12.925000190734863,12.970000267028809,7313,0.0,0.0
2023-09-07 09:30:00-04:00,12.84000015258789,12.880000114440918,12.84000015258789,12.880000114440918,0,0.0,0.0
2023-09-07 13:30:00-04:00,12.85099983215332,12.85099983215332,12.850000381469727,12.850000381469727,400,0.0,0.0
2023-09-07 14:30:00-04:00,12.850000381469727,12.850000381469727,12.75,12.760000228881836,7708,0.0,0.0
2023-09-07 15:30:00-04:00,12.789999961853027,12.850000381469727,12.789999961853027,12.819999694824219,2723,0.0,0.0
2023-09-08 09:30:00-04:00,12.770000457763672,12.770000457763672,12.770000457763672,12.770000457763672,0,0.0,0.0
2023-09-08 10:30:00-04:00,12.8149995803833,12.849900245666504,12.770000457763672,12.770000457763672,8869,0.0,0.0
2023-09-08 11:30:00-04:00,12.849900245666504,12.849900245666504,12.849900245666504,12.849900245666504,1200,0.0,0.0
2023-09-08 12:30:00-04:00,12.849900245666504,12.849900245666504,12.849900245666504,12.849900245666504,313,0.0,0.0
2023-09-08 13:30:00-04:00,12.850000381469727,12.850000381469727,12.760100364685059,12.8100004196167,6354,0.0,0.0
2023-09-08 14:30:00-04:00,12.86769962310791,12.86769962310791,12.86769962310791,12.86769962310791,1008,0.0,0.0
2023-09-08 15:30:00-04:00,12.90999984741211,12.90999984741211,12.800100326538086,12.800100326538086,523,0.0,0.0
2023-09-11 09:30:00-04:00,12.8100004196167,12.8100004196167,12.8100004196167,12.8100004196167,0,0.0,0.0
2023-09-11 10:30:00-04:00,12.805000305175781,12.850000381469727,12.805000305175781,12.824999809265137,3703,0.0,0.0
2023-09-11 12:30:00-04:00,12.750100135803223,12.8149995803833,12.750100135803223,12.8149995803833,2376,0.0,0.0
2023-09-11 13:30:00-04:00,12.8149995803833,12.861900329589844,12.8149995803833,12.861900329589844,602,0.0,0.0
2023-09-11 14:30:00-04:00,12.84469985961914,12.880000114440918,12.81820011138916,12.880000114440918,3760,0.0,0.0
2023-09-12 09:30:00-04:00,12.800000190734863,12.819999694824219,12.75,12.75,0,0.0,0.0
2023-09-12 10:30:00-04:00,12.760000228881836,12.859999656677246,12.760000228881836,12.859999656677246,2070,0.0,0.0
2023-09-12 12:30:00-04:00,12.793999671936035,12.793999671936035,12.770000457763672,12.770000457763672,2140,0.0,0.0
2023-09-12 15:30:00-04:00,12.824999809265137,12.824999809265137,12.819999694824219,12.819999694824219,553,0.0,0.0
2023-09-13 09:30:00-04:00,12.800000190734863,12.869999885559082,12.780599594116211,12.869999885559082,0,0.0,0.0
2023-09-13 11:30:00-04:00,12.835000038146973,12.835000038146973,12.835000038146973,12.835000038146973,145,0.0,0.0
2023-09-13 15:30:00-04:00,12.800000190734863,12.800000190734863,12.800000190734863,12.800000190734863,212,0.0,0.0
2023-09-14 09:30:00-04:00,12.760000228881836,12.760000228881836,12.75,12.75,0,0.0,0.0
2023-09-14 10:30:00-04:00,12.770000457763672,12.777099609375,12.770000457763672,12.777099609375,200,0.0,0.0
2023-09-14 12:30:00-04:00,12.78950023651123,12.849900245666504,12.780099868774414,12.829999923706055,4288,0.0,0.0
2023-09-14 14:30:00-04:00,12.836000442504883,12.836000442504883,12.836000442504883,12.836000442504883,1902,0.0,0.0
2023-09-14 15:30:00-04:00,12.899999618530273,12.899999618530273,12.819999694824219,12.819999694824219,385,0.0,0.0
2023-09-15 09:30:00-04:00,12.819999694824219,12.899999618530273,12.819999694824219,12.890000343322754,0,0.0,0.0
2023-09-15 10:30:00-04:00,12.890000343322754,12.890000343322754,12.789999961853027,12.800000190734863,2605,0.0,0.0
2023-09-15 11:30:00-04:00,12.885199546813965,12.890000343322754,12.885199546813965,12.890000343322754,1292,0.0,0.0
2023-09-15 12:30:00-04:00,12.899999618530273,12.899999618530273,12.899999618530273,12.899999618530273,109,0.0,0.0
2023-09-15 13:30:00-04:00,12.90999984741211,12.90999984741211,12.90999984741211,12.90999984741211,768,0.0,0.0
2023-09-15 14:30:00-04:00,12.84000015258789,12.850000381469727,12.8100004196167,12.829999923706055,3655,0.0,0.0
2023-09-15 15:30:00-04:00,12.819999694824219,12.829999923706055,12.8100004196167,12.829999923706055,4093,0.0,0.0
2023-09-18 09:30:00-04:00,12.869999885559082,12.869999885559082,12.854999542236328,12.854999542236328,0,0.0,0.0
2023-09-18 11:30:00-04:00,12.8100004196167,12.8100004196167,12.8100004196167,12.8100004196167,0,0.0,0.0
2023-09-18 12:30:00-04:00,12.8100004196167,12.819999694824219,12.8100004196167,12.819999694824219,806,0.0,0.0
2023-09-18 14:30:00-04:00,12.819999694824219,12.819999694824219,12.793299674987793,12.793299674987793,7288,0.0,0.0
2023-09-18 15:30:00-04:00,12.819999694824219,12.819999694824219,12.789999961853027,12.789999961853027,0,0.0,0.0
2023-09-19 09:30:00-04:00,12.800000190734863,12.800000190734863,12.800000190734863,12.800000190734863,1627,0.0,0.0
2023-09-19 11:30:00-04:00,12.824999809265137,12.869999885559082,12.824999809265137,12.84000015258789,4318,0.0,0.0
2023-09-19 14:30:00-04:00,12.84000015258789,12.84000015258789,12.84000015258789,12.84000015258789,640,0.0,0.0
2023-09-19 15:30:00-04:00,12.79010009765625,12.800000190734863,12.789999961853027,12.789999961853027,7431,0.0,0.0
2023-09-20 09:30:00-04:00,12.779999732971191,12.779999732971191,12.779999732971191,12.779999732971191,0,0.0,0.0
2023-09-20 10:30:00-04:00,12.800000190734863,12.800000190734863,12.779999732971191,12.779999732971191,783,0.0,0.0
2023-09-20 11:30:00-04:00,12.789999961853027,12.789999961853027,12.739999771118164,12.739999771118164,9541,0.0,0.0
2023-09-20 13:30:00-04:00,12.739999771118164,12.739999771118164,12.739999771118164,12.739999771118164,167,0.0,0.0
2023-09-20 14:30:00-04:00,12.710000038146973,12.729999542236328,12.649999618530273,12.729999542236328,5100,0.0,0.0
2023-09-20 15:30:00-04:00,12.710000038146973,12.710000038146973,12.6899995803833,12.6899995803833,797,0.0,0.0
2023-09-21 09:30:00-04:00,12.59000015258789,12.600000381469727,12.550100326538086,12.600000381469727,0,0.0,0.0
2023-09-21 10:30:00-04:00,12.626999855041504,12.626999855041504,12.626999855041504,12.626999855041504,405,0.0,0.0
2023-09-21 11:30:00-04:00,12.656900405883789,12.656900405883789,12.654899597167969,12.654899597167969,1500,0.0,0.0
2023-09-21 12:30:00-04:00,12.600099563598633,12.649999618530273,12.600099563598633,12.649999618530273,670,0.0,0.0
2023-09-21 13:30:00-04:00,12.619999885559082,12.680000305175781,12.600000381469727,12.609999656677246,7412,0.0,0.0
2023-09-21 14:30:00-04:00,12.609999656677246,12.680000305175781,12.608400344848633,12.608400344848633,3362,0.0,0.0
2023-09-21 15:30:00-04:00,12.6899995803833,12.6899995803833,12.619999885559082,12.619999885559082,505,0.0,0.0
2023-09-22 09:30:00-04:00,12.619999885559082,12.619999885559082,12.550000190734863,12.5600004196167,0,0.0,0.0
2023-09-22 10:30:00-04:00,12.613900184631348,12.613900184631348,12.61240005493164,12.61240005493164,849,0.0,0.0
2023-09-22 11:30:00-04:00,12.6875,12.6875,12.6875,12.6875,140,0.0,0.0
2023-09-22 12:30:00-04:00,12.699899673461914,12.699899673461914,12.649999618530273,12.649999618530273,2010,0.0,0.0
2023-09-22 13:30:00-04:00,12.6181001663208,12.6181001663208,12.600000381469727,12.600000381469727,648,0.0,0.0
2023-09-22 14:30:00-04:00,12.600000381469727,12.613900184631348,12.5600004196167,12.5600004196167,3251,0.0,0.0
2023-09-22 15:30:00-04:00,12.5600004196167,12.5600004196167,12.550000190734863,12.550000190734863,762,0.0,0.0
2023-09-25 09:30:00-04:00,12.550000190734863,12.550000190734863,12.460000038146973,12.460000038146973,0,0.0,0.0
2023-09-25 10:30:00-04:00,12.5,12.529899597167969,12.460000038146973,12.460000038146973,2921,0.0,0.0
2023-09-25 11:30:00-04:00,12.460000038146973,12.497900009155273,12.239999771118164,12.470000267028809,8853,0.0,0.0
2023-09-25 12:30:00-04:00,12.479999542236328,12.479999542236328,12.479999542236328,12.479999542236328,300,0.0,0.0
2023-09-25 13:30:00-04:00,12.490599632263184,12.490599632263184,12.470000267028809,12.470000267028809,2256,0.0,0.0
2023-09-25 14:30:00-04:00,12.489999771118164,12.5,12.470000267028809,12.470000267028809,5536,0.0,0.0
2023-09-25 15:30:00-04:00,12.420000076293945,12.4399995803833,12.399999618530273,12.4399995803833,2205,0.0,0.0
2023-09-26 09:30:00-04:00,12.390000343322754,12.420000076293945,12.34000015258789,12.420000076293945,0,0.0,0.0
2023-09-26 10:30:00-04:00,12.359999656677246,12.510000228881836,12.350000381469727,12.430000305175781,7353,0.0,0.0
2023-09-26 11:30:00-04:00,12.430000305175781,12.453900337219238,12.420000076293945,12.453900337219238,840,0.0,0.0
2023-09-26 12:30:00-04:00,12.444999694824219,12.449999809265137,12.420000076293945,12.420000076293945,2937,0.0,0.0
2023-09-26 13:30:00-04:00,12.439000129699707,12.439000129699707,12.380000114440918,12.380000114440918,5287,0.0,0.0
2023-09-26 14:30:00-04:00,12.369999885559082,12.395000457763672,12.3100004196167,12.3100004196167,4796,0.0,0.0
2023-09-26 15:30:00-04:00,12.3100004196167,12.350000381469727,12.190999984741211,12.289999961853027,20021,0.0,0.0
2023-09-27 09:30:00-04:00,12.25,12.295299530029297,12.210000038146973,12.210000038146973,6839,0.0,0.0
2023-09-27 10:30:00-04:00,12.210000038146973,12.295000076293945,12.210000038146973,12.239999771118164,1000,0.0,0.0
2023-09-27 11:30:00-04:00,12.25,12.260000228881836,12.25,12.260000228881836,600,0.0,0.0
2023-09-27 12:30:00-04:00,12.260000228881836,12.319999694824219,12.229999542236328,12.229999542236328,4839,0.0,0.0
2023-09-27 13:30:00-04:00,12.229999542236328,12.229999542236328,12.069999694824219,12.141300201416016,4858,0.0,0.0
2023-09-27 14:30:00-04:00,12.09000015258789,12.184599876403809,12.069999694824219,12.109999656677246,6727,0.0,0.0
2023-09-27 15:30:00-04:00,12.09000015258789,12.140000343322754,12.079999923706055,12.140000343322754,7692,0.0,0.0
2023-09-28 09:30:00-04:00,12.149999618530273,12.149999618530273,12.100000381469727,12.100000381469727,0,0.0,0.0
2023-09-28 10:30:00-04:00,12.100000381469727,12.114999771118164,12.079999923706055,12.114999771118164,980,0.0,0.0
2023-09-28 11:30:00-04:00,12.079999923706055,12.166199684143066,12.079999923706055,12.130000114440918,1520,0.0,0.0
2023-09-28 12:30:00-04:00,12.164999961853027,12.170000076293945,12.149999618530273,12.170000076293945,924,0.0,0.0
2023-09-28 13:30:00-04:00,12.15999984741211,12.229999542236328,12.15999984741211,12.1899995803833,4818,0.0,0.0
2023-09-28 14:30:00-04:00,12.15999984741211,12.15999984741211,12.140000343322754,12.140000343322754,1825,0.0,0.0
2023-09-28 15:30:00-04:00,12.140000343322754,12.210000038146973,12.140000343322754,12.210000038146973,8159,0.0,0.0
2023-09-29 09:30:00-04:00,12.180000305175781,12.191699981689453,12.180000305175781,12.191699981689453,0,0.0,0.0
2023-09-29 10:30:00-04:00,12.200300216674805,12.25,12.200300216674805,12.25,2464,0.0,0.0
2023-09-29 11:30:00-04:00,12.204999923706055,12.204999923706055,12.15999984741211,12.15999984741211,4934,0.0,0.0
2023-09-29 12:30:00-04:00,12.15999984741211,12.183099746704102,12.100000381469727,12.119999885559082,5824,0.0,0.0
2023-09-29 13:30:00-04:00,12.220000267028809,12.220000267028809,12.100000381469727,12.109999656677246,2978,0.0,0.0
2023-09-29 14:30:00-04:00,12.109999656677246,12.199999809265137,12.109999656677246,12.199999809265137,2305,0.0,0.0
2023-09-29 15:30:00-04:00,12.199999809265137,12.225000381469727,12.199999809265137,12.220000267028809,6390,0.0,0.0
2023-10-02 09:30:00-04:00,12.289999961853027,12.289999961853027,12.160099983215332,12.239999771118164,0,0.0,0.0
2023-10-02 10:30:00-04:00,12.220000267028809,12.220000267028809,12.175000190734863,12.199999809265137,771,0.0,0.0
2023-10-02 11:30:00-04:00,12.170000076293945,12.170000076293945,12.149999618530273,12.149999618530273,1676,0.0,0.0
2023-10-02 12:30:00-04:00,12.154999732971191,12.15999984741211,12.149999618530273,12.159899711608887,4768,0.0,0.0
2023-10-02 13:30:00-04:00,12.154999732971191,12.170000076293945,12.154999732971191,12.170000076293945,3351,0.0,0.0
2023-10-02 14:30:00-04:00,12.15999984741211,12.180000305175781,12.149999618530273,12.164999961853027,2035,0.0,0.0
2023-10-02 15:30:00-04:00,12.170000076293945,12.180000305175781,12.140000343322754,12.140000343322754,1377,0.0,0.0
2023-10-03 09:30:00-04:00,12.100000381469727,12.210000038146973,12.100000381469727,12.170000076293945,0,0.0,0.0
2023-10-03 10:30:00-04:00,12.100000381469727,12.138999938964844,12.09000015258789,12.096099853515625,7945,0.0,0.0
2023-10-03 11:30:00-04:00,12.050000190734863,12.125,12.050000190734863,12.125,2301,0.0,0.0
2023-10-03 12:30:00-04:00,12.125,12.130000114440918,12.125,12.130000114440918,301,0.0,0.0
2023-10-03 13:30:00-04:00,12.100099563598633,12.152199745178223,12.100099563598633,12.114999771118164,4838,0.0,0.0
2023-10-03 14:30:00-04:00,12.114999771118164,12.130000114440918,12.0600004196167,12.069999694824219,1951,0.0,0.0
2023-10-03 15:30:00-04:00,12.069999694824219,12.099800109863281,12.0600004196167,12.099800109863281,1436,0.0,0.0
2023-10-04 09:30:00-04:00,12.069999694824219,12.140000343322754,12.069999694824219,12.079999923706055,0,0.0,0.0
2023-10-04 10:30:00-04:00,12.119999885559082,12.119999885559082,12.069999694824219,12.09000015258789,7456,0.0,0.0
2023-10-04 11:30:00-04:00,12.09000015258789,12.09000015258789,12.079999923706055,12.09000015258789,2998,0.0,0.0
2023-10-04 12:30:00-04:00,12.15999984741211,12.15999984741211,12.09000015258789,12.109999656677246,918,0.0,0.0
2023-10-04 13:30:00-04:00,12.09000015258789,12.100000381469727,12.09000015258789,12.100000381469727,1139,0.0,0.0
2023-10-04 14:30:00-04:00,12.100000381469727,12.100099563598633,12.0600004196167,12.079999923706055,1387,0.0,0.0
2023-10-04 15:30:00-04:00,12.079999923706055,12.130000114440918,12.0600004196167,12.0600004196167,1100,0.0,0.0
2023-10-05 09:30:00-04:00,12.130000114440918,12.149999618530273,12.130000114440918,12.145400047302246,0,0.0,0.0
2023-10-05 10:30:00-04:00,12.135000228881836,12.135000228881836,12.130000114440918,12.134699821472168,1100,0.0,0.0
2023-10-05 11:30:00-04:00,12.140000343322754,12.149999618530273,12.130000114440918,12.130000114440918,2005,0.0,0.0
2023-10-05 12:30:00-04:00,12.130000114440918,12.130000114440918,12.130000114440918,12.130000114440918,709,0.0,0.0
2023-10-05 13:30:00-04:00,12.137499809265137,12.180000305175781,12.13640022277832,12.163599967956543,3292,0.0,0.0
2023-10-05 14:30:00-04:00,12.140000343322754,12.140000343322754,12.130000114440918,12.140000343322754,637,0.0,0.0
2023-10-05 15:30:00-04:00,12.140000343322754,12.149999618530273,12.100000381469727,12.149999618530273,9734,0.0,0.0
2023-10-06 09:30:00-04:00,12.130000114440918,12.130000114440918,12.130000114440918,12.130000114440918,0,0.0,0.0
2023-10-06 10:30:00-04:00,12.09000015258789,12.130000114440918,12.09000015258789,12.130000114440918,820,0.0,0.0
2023-10-06 11:30:00-04:00,12.15999984741211,12.169500350952148,12.15999984741211,12.169500350952148,1679,0.0,0.0
2023-10-06 12:30:00-04:00,12.15999984741211,12.15999984741211,12.15999984741211,12.15999984741211,500,0.0,0.0
2023-10-06 13:30:00-04:00,12.15999984741211,12.15999984741211,12.138299942016602,12.149900436401367,2013,0.0,0.0
2023-10-06 14:30:00-04:00,12.140000343322754,12.144200325012207,12.139900207519531,12.139900207519531,3336,0.0,0.0
2023-10-06 15:30:00-04:00,12.130000114440918,12.130000114440918,12.079999923706055,12.079999923706055,501,0.0,0.0
2023-10-09 09:30:00-04:00,12.0600004196167,12.09000015258789,12.0600004196167,12.09000015258789,0,0.0,0.0
2023-10-09 10:30:00-04:00,12.119999885559082,12.119999885559082,12.119999885559082,12.119999885559082,224,0.0,0.0
2023-10-09 13:30:00-04:00,12.1899995803833,12.199999809265137,12.120100021362305,12.120100021362305,7570,0.0,0.0
2023-10-09 14:30:00-04:00,12.149999618530273,12.149999618530273,12.149999618530273,12.149999618530273,1078,0.0,0.0
2023-10-10 09:30:00-04:00,12.100000381469727,12.149299621582031,12.0600004196167,12.109999656677246,0,0.0,0.0
2023-10-10 10:30:00-04:00,12.119999885559082,12.149999618530273,12.109999656677246,12.149999618530273,3164,0.0,0.0
2023-10-10 11:30:00-04:00,12.149999618530273,12.15999984741211,12.149999618530273,12.149999618530273,2182,0.0,0.0
2023-10-10 12:30:00-04:00,12.1899995803833,12.199999809265137,12.1899995803833,12.199999809265137,400,0.0,0.0
2023-10-10 13:30:00-04:00,12.199999809265137,12.199999809265137,12.180800437927246,12.180800437927246,4100,0.0,0.0
2023-10-10 14:30:00-04:00,12.180000305175781,12.180000305175781,12.180000305175781,12.180000305175781,300,0.0,0.0
2023-10-10 15:30:00-04:00,12.165599822998047,12.199999809265137,12.165499687194824,12.194999694824219,6499,0.0,0.0
2023-10-11 09:30:00-04:00,12.239999771118164,12.25,12.149999618530273,12.25,0,0.0,0.0
2023-10-11 10:30:00-04:00,12.25,12.25,12.1899995803833,12.199999809265137,1400,0.0,0.0
2023-10-11 11:30:00-04:00,12.199999809265137,12.25,12.180000305175781,12.19480037689209,5731,0.0,0.0
2023-10-11 12:30:00-04:00,12.270000457763672,12.270000457763672,12.210000038146973,12.229999542236328,4052,0.0,0.0
2023-10-11 13:30:00-04:00,12.23009967803955,12.261199951171875,12.229999542236328,12.26099967956543,4494,0.0,0.0
2023-10-11 14:30:00-04:00,12.260000228881836,12.270000457763672,12.260000228881836,12.270000457763672,625,0.0,0.0
2023-10-11 15:30:00-04:00,12.260000228881836,12.260000228881836,12.229999542236328,12.259300231933594,5300,0.0,0.0
2023-10-12 09:30:00-04:00,12.220000267028809,12.220000267028809,12.149999618530273,12.149999618530273,0,0.0,0.0
2023-10-12 10:30:00-04:00,12.21500015258789,12.21500015258789,12.149999618530273,12.1899995803833,3491,0.0,0.0
2023-10-12 11:30:00-04:00,12.220000267028809,12.230999946594238,12.211299896240234,12.211299896240234,4279,0.0,0.0
2023-10-12 13:30:00-04:00,12.170100212097168,12.170100212097168,12.170000076293945,12.170000076293945,255,0.0,0.0
2023-10-12 14:30:00-04:00,12.170000076293945,12.170000076293945,12.170000076293945,12.170000076293945,1789,0.0,0.0
2023-10-12 15:30:00-04:00,12.170000076293945,12.170000076293945,12.149999618530273,12.149999618530273,2271,0.0,0.0
2023-10-13 09:30:00-04:00,12.270000457763672,12.34000015258789,12.270000457763672,12.270099639892578,0,0.0,0.0
2023-10-13 10:30:00-04:00,12.25,12.25,12.25,12.25,377,0.0,0.0
2023-10-13 11:30:00-04:00,12.25,12.25,12.25,12.25,1223,0.0,0.0
2023-10-13 12:30:00-04:00,12.163999557495117,12.163999557495117,12.163999557495117,12.163999557495117,2004,0.0,0.0
2023-10-13 14:30:00-04:00,12.300000190734863,12.300000190734863,12.15999984741211,12.15999984741211,1844,0.0,0.0
2023-10-13 15:30:00-04:00,12.270000457763672,12.278400421142578,12.15999984741211,12.15999984741211,912,0.0,0.0
2023-10-16 09:30:00-04:00,12.15999984741211,12.15999984741211,12.15999984741211,12.15999984741211,0,0.0,0.0
2023-10-16 10:30:00-04:00,12.157099723815918,12.1899995803833,12.157099723815918,12.1899995803833,518,0.0,0.0
2023-10-16 11:30:00-04:00,12.15999984741211,12.15999984741211,12.15999984741211,12.15999984741211,215,0.0,0.0
2023-10-16 12:30:00-04:00,12.192099571228027,12.199999809265137,12.163900375366211,12.163900375366211,2403,0.0,0.0
2023-10-16 13:30:00-04:00,12.177900314331055,12.199999809265137,12.177900314331055,12.199999809265137,1007,0.0,0.0
2023-10-16 14:30:00-04:00,12.226799964904785,12.289999961853027,12.190099716186523,12.2475004196167,4167,0.0,0.0
2023-10-16 15:30:00-04:00,12.199999809265137,12.25,12.199999809265137,12.199999809265137,698,0.0,0.0
2023-10-17 09:30:00-04:00,12.15999984741211,12.15999984741211,12.0600004196167,12.0600004196167,0,0.0,0.0
2023-10-17 10:30:00-04:00,12.125,12.125,12.125,12.125,0,0.0,0.0
2023-10-17 11:30:00-04:00,12.135899543762207,12.147500038146973,12.109999656677246,12.109999656677246,10084,0.0,0.0
2023-10-17 12:30:00-04:00,12.109999656677246,12.109999656677246,12.109999656677246,12.109999656677246,143,0.0,0.0
2023-10-17 13:30:00-04:00,12.154999732971191,12.1899995803833,12.1451997756958,12.15999984741211,5194,0.0,0.0
2023-10-17 14:30:00-04:00,12.15999984741211,12.170000076293945,12.110099792480469,12.110099792480469,6601,0.0,0.0
2023-10-17 15:30:00-04:00,12.180000305175781,12.180000305175781,12.180000305175781,12.180000305175781,284,0.0,0.0
2023-10-18 09:30:00-04:00,12.109999656677246,12.109999656677246,12.109999656677246,12.109999656677246,0,0.0,0.0
2023-10-18 10:30:00-04:00,12.130000114440918,12.130000114440918,12.100000381469727,12.100000381469727,1525,0.0,0.0
2023-10-18 11:30:00-04:00,12.128999710083008,12.1899995803833,12.128999710083008,12.1899995803833,4143,0.0,0.0
2023-10-18 12:30:00-04:00,12.079999923706055,12.210000038146973,12.079999923706055,12.210000038146973,4998,0.0,0.0
2023-10-18 13:30:00-04:00,12.210000038146973,12.40999984741211,12.199999809265137,12.399999618530273,6902,0.0,0.0
2023-10-18 14:30:00-04:00,12.399999618530273,12.5600004196167,12.34000015258789,12.5600004196167,6202,0.0,0.0
2023-10-18 15:30:00-04:00,12.555000305175781,12.5600004196167,12.399999618530273,12.479999542236328,10387,0.0,0.0
2023-10-19 09:30:00-04:00,12.350000381469727,12.350000381469727,12.350000381469727,12.350000381469727,0,0.0,0.0
2023-10-19 10:30:00-04:00,12.349900245666504,12.349900245666504,12.15999984741211,12.15999984741211,684,0.0,0.0
2023-10-19 11:30:00-04:00,12.170000076293945,12.170000076293945,12.170000076293945,12.170000076293945,0,0.0,0.0
2023-10-19 12:30:00-04:00,12.149999618530273,12.149999618530273,12.134200096130371,12.149999618530273,20165,0.0,0.0
2023-10-19 14:30:00-04:00,12.267499923706055,12.289999961853027,12.267499923706055,12.267499923706055,3873,0.0,0.0
2023-10-19 15:30:00-04:00,12.260000228881836,12.260000228881836,12.149999618530273,12.149999618530273,3359,0.0,0.0
2023-10-20 09:30:00-04:00,12.15999984741211,12.15999984741211,12.079999923706055,12.079999923706055,0,0.0,0.0
2023-10-20 11:30:00-04:00,12.199999809265137,12.199999809265137,12.199999809265137,12.199999809265137,1068,0.0,0.0
2023-10-20 14:30:00-04:00,12.080100059509277,12.164899826049805,12.080100059509277,12.119999885559082,7457,0.0,0.0
2023-10-20 15:30:00-04:00,12.119999885559082,12.119999885559082,12.050000190734863,12.050000190734863,6420,0.0,0.0
2023-10-23 09:30:00-04:00,12.079999923706055,12.079999923706055,12.079999923706055,12.079999923706055,0,0.0,0.0
2023-10-23 10:30:00-04:00,12.09000015258789,12.09000015258789,12.09000015258789,12.09000015258789,222,0.0,0.0
2023-10-23 13:30:00-04:00,12.125,12.125,12.125,12.125,250,0.0,0.0
2023-10-23 14:30:00-04:00,12.069999694824219,12.079999923706055,12.050000190734863,12.050000190734863,5580,0.0,0.0
2023-10-23 15:30:00-04:00,12.020000457763672,12.050000190734863,12.020000457763672,12.020000457763672,6000,0.0,0.0
2023-10-24 09:30:00-04:00,12.0600004196167,12.0600004196167,12.0600004196167,12.0600004196167,0,0.0,0.0
2023-10-24 10:30:00-04:00,12.069999694824219,12.069999694824219,12.069999694824219,12.069999694824219,1500,0.0,0.0
2023-10-24 11:30:00-04:00,12.069999694824219,12.069999694824219,12.039999961853027,12.039999961853027,1550,0.0,0.0
2023-10-24 12:30:00-04:00,12.039999961853027,12.039999961853027,12.029999732971191,12.029999732971191,1398,0.0,0.0
2023-10-24 13:30:00-04:00,12.050000190734863,12.050000190734863,12.0,12.010000228881836,2435,0.0,0.0
2023-10-24 14:30:00-04:00,12.0,12.0,12.0,12.0,331,0.0,0.0
2023-10-24 15:30:00-04:00,12.020000457763672,12.020000457763672,12.020000457763672,12.020000457763672,202,0.0,0.0
2023-10-25 09:30:00-04:00,11.989999771118164,11.989999771118164,11.960000038146973,11.960000038146973,0,0.0,0.0
2023-10-25 10:30:00-04:00,12.014200210571289,12.014200210571289,12.0,12.0,1258,0.0,0.0
2023-10-25 11:30:00-04:00,12.029999732971191,12.029999732971191,12.0,12.0,0,0.0,0.0
2023-10-25 12:30:00-04:00,11.960000038146973,11.979999542236328,11.930000305175781,11.937199592590332,12422,0.0,0.0
2023-10-25 13:30:00-04:00,11.930000305175781,12.079999923706055,11.899999618530273,12.079999923706055,7939,0.0,0.0
2023-10-25 14:30:00-04:00,11.989999771118164,11.990500450134277,11.989700317382812,11.989700317382812,0,0.0,0.0
2023-10-26 10:30:00-04:00,11.949999809265137,11.949999809265137,11.9399995803833,11.9399995803833,369,0.0,0.0
2023-10-26 11:30:00-04:00,11.984999656677246,11.984999656677246,11.984999656677246,11.984999656677246,1600,0.0,0.0
2023-10-26 12:30:00-04:00,11.970000267028809,11.989999771118164,11.960000038146973,11.989999771118164,528,0.0,0.0
2023-10-26 13:30:00-04:00,11.970000267028809,11.98069953918457,11.958999633789062,11.98069953918457,4529,0.0,0.0
2023-10-26 14:30:00-04:00,12.010000228881836,12.15429973602295,11.890000343322754,11.890000343322754,11751,0.0,0.0
2023-10-27 09:30:00-04:00,11.890000343322754,11.929400444030762,11.890000343322754,11.899999618530273,0,0.0,0.0
2023-10-27 10:30:00-04:00,11.920000076293945,11.920000076293945,11.859999656677246,11.880000114440918,1542,0.0,0.0
2023-10-27 11:30:00-04:00,11.880000114440918,11.925000190734863,11.880000114440918,11.880000114440918,678,0.0,0.0
2023-10-27 12:30:00-04:00,11.880000114440918,11.880000114440918,11.880000114440918,11.880000114440918,611,0.0,0.0
2023-10-27 13:30:00-04:00,11.880000114440918,11.91409969329834,11.880000114440918,11.880000114440918,1316,0.0,0.0
2023-10-27 14:30:00-04:00,11.880000114440918,11.880000114440918,11.859999656677246,11.859999656677246,1567,0.0,0.0
2023-10-27 15:30:00-04:00,11.890000343322754,11.9399995803833,11.859999656677246,11.880000114440918,12697,0.0,0.0
2023-10-30 09:30:00-04:00,11.880000114440918,11.949999809265137,11.869999885559082,11.949999809265137,0,0.0,0.0
2023-10-30 10:30:00-04:00,12.029999732971191,12.050000190734863,11.869999885559082,12.047100067138672,5610,0.0,0.0
2023-10-30 11:30:00-04:00,12.140000343322754,12.140000343322754,12.014200210571289,12.015399932861328,0,0.0,0.0
2023-10-30 12:30:00-04:00,12.015299797058105,12.109999656677246,12.000100135803223,12.000100135803223,10969,0.0,0.0
2023-10-30 13:30:00-04:00,12.074999809265137,12.074999809265137,11.899999618530273,11.90999984741211,5653,0.0,0.0
2023-10-30 14:30:00-04:00,11.890000343322754,12.119999885559082,11.890000343322754,11.911199569702148,8896,0.0,0.0
2023-10-30 15:30:00-04:00,11.890000343322754,11.899999618530273,11.869999885559082,11.869999885559082,1872,0.0,0.0
2023-10-31 09:30:00-04:00,11.859999656677246,11.99940013885498,11.859999656677246,11.970000267028809,0,0.0,0.0
2023-10-31 10:30:00-04:00,11.9350004196167,12.0,11.9350004196167,11.96500015258789,1779,0.0,0.0
2023-10-31 11:30:00-04:00,11.96500015258789,12.0,11.930000305175781,11.96500015258789,1851,0.0,0.0
2023-10-31 12:30:00-04:00,12.0,12.055000305175781,11.979999542236328,12.010000228881836,0,0.0,0.0
2023-10-31 13:30:00-04:00,11.994999885559082,12.15999984741211,11.994999885559082,12.140000343322754,13371,0.0,0.0
2023-10-31 14:30:00-04:00,12.045000076293945,12.180000305175781,12.045000076293945,12.180000305175781,6144,0.0,0.0
2023-10-31 15:30:00-04:00,12.09850025177002,12.180000305175781,12.0,12.079999923706055,2545,0.0,0.0
2023-11-01 09:30:00-04:00,12.09000015258789,12.09000015258789,12.04010009765625,12.04010009765625,0,0.0,0.0
2023-11-01 10:30:00-04:00,12.0600004196167,12.369999885559082,12.039999961853027,12.0600004196167,1236,0.0,0.0
2023-11-01 11:30:00-04:00,12.050000190734863,12.069999694824219,12.050000190734863,12.069999694824219,500,0.0,0.0
2023-11-01 12:30:00-04:00,12.229999542236328,12.229999542236328,12.149999618530273,12.218000411987305,1894,0.0,0.0
2023-11-01 13:30:00-04:00,12.180000305175781,12.234999656677246,12.069999694824219,12.069999694824219,856,0.0,0.0
2023-11-01 14:30:00-04:00,12.09000015258789,12.390000343322754,12.09000015258789,12.109999656677246,917,0.0,0.0
2023-11-01 15:30:00-04:00,12.361900329589844,12.361900329589844,12.119999885559082,12.119999885559082,1000,0.0,0.0
2023-11-02 09:30:00-04:00,12.3100004196167,12.470000267028809,12.180000305175781,12.305000305175781,0,0.0,0.0
2023-11-02 10:30:00-04:00,12.210000038146973,12.449999809265137,12.210000038146973,12.449999809265137,3477,0.0,0.0
2023-11-02 11:30:00-04:00,12.395000457763672,12.433699607849121,12.268400192260742,12.271400451660156,11772,0.0,0.0
2023-11-02 12:30:00-04:00,12.340499877929688,12.399999618530273,12.3100004196167,12.3100004196167,569,0.0,0.0
2023-11-02 13:30:00-04:00,12.354999542236328,12.399999618530273,12.260100364685059,12.267800331115723,11985,0.0,0.0
2023-11-02 14:30:00-04:00,12.329999923706055,12.396400451660156,12.260000228881836,12.396400451660156,3478,0.0,0.0
2023-11-02 15:30:00-04:00,12.260000228881836,12.329999923706055,12.260000228881836,12.260000228881836,2560,0.0,0.0
2023-11-03 09:30:00-04:00,12.34000015258789,12.369999885559082,12.319999694824219,12.369999885559082,0,0.0,0.0
2023-11-03 11:30:00-04:00,12.359999656677246,12.40429973602295,12.359999656677246,12.40429973602295,494,0.0,0.0
2023-11-03 13:30:00-04:00,12.399999618530273,12.449999809265137,12.399999618530273,12.449999809265137,2290,0.0,0.0
2023-11-03 14:30:00-04:00,12.425000190734863,12.460000038146973,12.419400215148926,12.419400215148926,21587,0.0,0.0
2023-11-03 15:30:00-04:00,12.399999618530273,12.399999618530273,12.399999618530273,12.399999618530273,296,0.0,0.0
2023-11-06 09:30:00-05:00,12.399999618530273,12.399999618530273,12.270000457763672,12.270000457763672,0,0.0,0.0
2023-11-06 10:30:00-05:00,12.260000228881836,12.279999732971191,12.260000228881836,12.279999732971191,1077,0.0,0.0
2023-11-06 11:30:00-05:00,12.279999732971191,12.279999732971191,12.25,12.25,1400,0.0,0.0
2023-11-06 12:30:00-05:00,12.210000038146973,12.27910041809082,12.199999809265137,12.210000038146973,800,0.0,0.0
2023-11-06 13:30:00-05:00,12.1899995803833,12.285799980163574,12.170000076293945,12.210000038146973,606,0.0,0.0
2023-11-06 14:30:00-05:00,12.180000305175781,12.289999961853027,12.180000305175781,12.210000038146973,3432,0.0,0.0
2023-11-06 15:30:00-05:00,12.244999885559082,12.329999923706055,12.244999885559082,12.329999923706055,4650,0.0,0.0
2023-11-07 09:30:00-05:00,12.329999923706055,12.350000381469727,12.28499984741211,12.329999923706055,0,0.0,0.0
2023-11-07 10:30:00-05:00,12.319000244140625,12.329999923706055,12.28499984741211,12.319999694824219,2837,0.0,0.0
2023-11-07 11:30:00-05:00,12.34000015258789,12.37279987335205,12.329999923706055,12.34000015258789,1220,0.0,0.0
2023-11-07 12:30:00-05:00,12.329999923706055,12.329999923706055,12.329999923706055,12.329999923706055,401,0.0,0.0
2023-11-07 13:30:00-05:00,12.329999923706055,12.329999923706055,12.329999923706055,12.329999923706055,500,0.0,0.0
2023-11-07 14:30:00-05:00,12.329999923706055,12.379899978637695,12.26509952545166,12.3149995803833,5691,0.0,0.0
2023-11-07 15:30:00-05:00,12.300000190734863,12.373800277709961,12.300000190734863,12.300000190734863,1714,0.0,0.0
2023-11-08 09:30:00-05:00,12.329999923706055,12.37909984588623,12.210000038146973,12.210000038146973,0,0.0,0.0
2023-11-08 10:30:00-05:00,12.380000114440918,12.380000114440918,12.289999961853027,12.380000114440918,993,0.0,0.0
2023-11-08 11:30:00-05:00,12.3100004196167,12.319999694824219,12.3100004196167,12.319999694824219,769,0.0,0.0
2023-11-08 12:30:00-05:00,12.319999694824219,12.387499809265137,12.319999694824219,12.369999885559082,1268,0.0,0.0
2023-11-08 13:30:00-05:00,12.350000381469727,12.388299942016602,12.350000381469727,12.350000381469727,866,0.0,0.0
2023-11-08 14:30:00-05:00,12.350000381469727,12.399999618530273,12.350000381469727,12.350000381469727,863,0.0,0.0
2023-11-08 15:30:00-05:00,12.350000381469727,12.350000381469727,12.34000015258789,12.34000015258789,1618,0.0,0.0
2023-11-09 09:30:00-05:00,12.329999923706055,12.345000267028809,12.270000457763672,12.279999732971191,0,0.0,0.0
2023-11-09 10:30:00-05:00,12.260000228881836,12.420000076293945,12.260000228881836,12.289999961853027,3551,0.0,0.0
2023-11-09 11:30:00-05:00,12.170000076293945,12.289999961853027,12.170000076293945,12.260000228881836,1300,0.0,0.0
2023-11-09 12:30:00-05:00,12.180000305175781,12.244999885559082,12.180000305175781,12.210000038146973,900,0.0,0.0
2023-11-09 13:30:00-05:00,12.229999542236328,12.289999961853027,12.229999542236328,12.229999542236328,2700,0.0,0.0
2023-11-09 14:30:00-05:00,12.229999542236328,12.229999542236328,12.100199699401855,12.149999618530273,10862,0.0,0.0
2023-11-09 15:30:00-05:00,12.233099937438965,12.233099937438965,12.140000343322754,12.208800315856934,2180,0.0,0.0
2023-11-10 09:30:00-05:00,12.15999984741211,12.15999984741211,12.15999984741211,12.15999984741211,185,0.0,0.0
2023-11-10 10:30:00-05:00,12.154999732971191,12.235699653625488,12.149999618530273,12.149999618530273,1003,0.0,0.0
2023-11-10 11:30:00-05:00,12.149999618530273,12.180000305175781,12.149999618530273,12.180000305175781,801,0.0,0.0
2023-11-10 12:30:00-05:00,12.180000305175781,12.180000305175781,12.180000305175781,12.180000305175781,400,0.0,0.0
2023-11-10 13:30:00-05:00,12.180000305175781,12.180000305175781,12.180000305175781,12.180000305175781,635,0.0,0.0
2023-11-10 14:30:00-05:00,12.180000305175781,12.312899589538574,12.180000305175781,12.220000267028809,7425,0.0,0.0
2023-11-10 15:30:00-05:00,12.305000305175781,12.305000305175781,12.199999809265137,12.279999732971191,2629,0.0,0.0
2023-11-13 09:30:00-05:00,12.149999618530273,12.28499984741211,12.149999618530273,12.180000305175781,0,0.0,0.0
2023-11-13 10:30:00-05:00,12.164999961853027,12.27750015258789,12.149999618530273,12.164999961853027,6720,0.0,0.0
2023-11-13 11:30:00-05:00,12.1899995803833,12.231200218200684,12.164999961853027,12.164999961853027,1901,0.0,0.0
2023-11-13 12:30:00-05:00,12.194999694824219,12.279899597167969,12.170000076293945,12.170000076293945,1621,0.0,0.0
2023-11-13 13:30:00-05:00,12.225000381469727,12.239999771118164,12.166600227355957,12.170000076293945,2959,0.0,0.0
2023-11-13 14:30:00-05:00,12.210000038146973,12.258700370788574,12.15999984741211,12.170000076293945,2218,0.0,0.0
2023-11-13 15:30:00-05:00,12.170000076293945,12.247599601745605,12.15999984741211,12.174400329589844,1742,0.0,0.0
2023-11-14 09:30:00-05:00,12.25,12.25,12.25,12.25,0,0.0,0.0
2023-11-14 10:30:00-05:00,12.319999694824219,12.319999694824219,12.319999694824219,12.319999694824219,169,0.0,0.0
2023-11-14 11:30:00-05:00,12.279999732971191,12.279999732971191,12.279999732971191,12.279999732971191,104,0.0,0.0
2023-11-14 12:30:00-05:00,12.324999809265137,12.372699737548828,12.324999809265137,12.372699737548828,450,0.0,0.0
2023-11-14 13:30:00-05:00,12.279999732971191,12.390000343322754,12.270000457763672,12.335000038146973,3350,0.0,0.0
2023-11-14 14:30:00-05:00,12.335000038146973,12.335000038146973,12.289999961853027,12.289999961853027,296,0.0,0.0
2023-11-14 15:30:00-05:00,12.359999656677246,12.359999656677246,12.359999656677246,12.359999656677246,103,0.0,0.0
2023-11-15 09:30:00-05:00,12.279999732971191,12.279999732971191,12.279999732971191,12.279999732971191,0,0.0,0.0
2023-11-15 11:30:00-05:00,12.335000038146973,12.335000038146973,12.335000038146973,12.335000038146973,101,0.0,0.0
2023-11-15 12:30:00-05:00,12.300000190734863,12.300000190734863,12.279999732971191,12.279999732971191,700,0.0,0.0
2023-11-15 13:30:00-05:00,12.350000381469727,12.350000381469727,12.350000381469727,12.350000381469727,405,0.0,0.0
2023-11-15 14:30:00-05:00,12.335000038146973,12.335000038146973,12.335000038146973,12.335000038146973,202,0.0,0.0
2023-11-15 15:30:00-05:00,12.34000015258789,12.350000381469727,12.319999694824219,12.350000381469727,1908,0.0,0.0
2023-11-16 09:30:00-05:00,12.369999885559082,12.449999809265137,12.369999885559082,12.414999961853027,2194,0.0,0.0
2023-11-16 10:30:00-05:00,12.489899635314941,12.489899635314941,12.444999694824219,12.444999694824219,537,0.0,0.0
2023-11-16 12:30:00-05:00,12.420100212097168,12.479000091552734,12.420100212097168,12.4399995803833,1250,0.0,0.0
2023-11-16 13:30:00-05:00,12.460000038146973,12.479999542236328,12.4399995803833,12.458900451660156,1996,0.0,0.0
2023-11-16 14:30:00-05:00,12.4399995803833,12.470000267028809,12.399999618530273,12.399999618530273,2704,0.0,0.0
2023-11-16 15:30:00-05:00,12.460000038146973,12.460000038146973,12.390000343322754,12.399999618530273,4885,0.0,0.0
2023-11-17 09:30:00-05:00,12.420000076293945,12.420000076293945,12.420000076293945,12.420000076293945,0,0.0,0.0
2023-11-17 10:30:00-05:00,12.420900344848633,12.420999526977539,12.420900344848633,12.420999526977539,1605,0.0,0.0
2023-11-17 11:30:00-05:00,12.430000305175781,12.444999694824219,12.429900169372559,12.4399995803833,2243,0.0,0.0
2023-11-17 12:30:00-05:00,12.4399995803833,12.451499938964844,12.4399995803833,12.449999809265137,2303,0.0,0.0
2023-11-17 13:30:00-05:00,12.449999809265137,12.449999809265137,12.449999809265137,12.449999809265137,195,0.0,0.0
2023-11-17 14:30:00-05:00,12.454999923706055,12.520000457763672,12.454999923706055,12.49940013885498,3101,0.0,0.0
2023-11-17 15:30:00-05:00,12.470000267028809,12.47700023651123,12.46500015258789,12.47700023651123,405,0.0,0.0
2023-11-20 09:30:00-05:00,12.430000305175781,12.46660041809082,12.390000343322754,12.4399995803833,0,0.0,0.0
2023-11-20 10:30:00-05:00,12.430000305175781,12.430000305175781,12.414999961853027,12.417699813842773,4481,0.0,0.0
2023-11-20 11:30:00-05:00,12.420000076293945,12.420000076293945,12.369999885559082,12.369999885559082,6906,0.0,0.0
2023-11-20 12:30:00-05:00,12.380000114440918,12.449999809265137,12.359999656677246,12.449999809265137,4433,0.0,0.0
2023-11-20 13:30:00-05:00,12.430000305175781,12.460000038146973,12.380999565124512,12.460000038146973,6101,0.0,0.0
2023-11-20 14:30:00-05:00,12.380000114440918,12.460000038146973,12.380000114440918,12.460000038146973,3170,0.0,0.0
2023-11-20 15:30:00-05:00,12.40999984741211,12.449999809265137,12.390000343322754,12.390000343322754,1110,0.0,0.0
2023-11-21 09:30:00-05:00,12.390000343322754,12.422200202941895,12.329999923706055,12.329999923706055,0,0.0,0.0
2023-11-21 10:30:00-05:00,12.369999885559082,12.390000343322754,12.34000015258789,12.390000343322754,12759,0.0,0.0
2023-11-21 11:30:00-05:00,12.364999771118164,12.364999771118164,12.350000381469727,12.350000381469727,3761,0.0,0.0
2023-11-21 12:30:00-05:00,12.369999885559082,12.369999885559082,12.365500450134277,12.369999885559082,1528,0.0,0.0
2023-11-21 13:30:00-05:00,12.350000381469727,12.369999885559082,12.279999732971191,12.369999885559082,35420,0.0,0.0
2023-11-21 14:30:00-05:00,12.369999885559082,12.369999885559082,12.289999961853027,12.319999694824219,10550,0.0,0.0
2023-11-21 15:30:00-05:00,12.319999694824219,12.334699630737305,12.260000228881836,12.270000457763672,8707,0.0,0.0
2023-11-22 09:30:00-05:00,12.270000457763672,12.350000381469727,12.270000457763672,12.300000190734863,0,0.0,0.0
2023-11-22 10:30:00-05:00,12.3100004196167,12.390000343322754,12.3100004196167,12.346199989318848,6719,0.0,0.0
2023-11-22 11:30:00-05:00,12.329999923706055,12.390000343322754,12.319999694824219,12.319999694824219,3434,0.0,0.0
2023-11-22 12:30:00-05:00,12.319999694824219,12.380000114440918,12.279999732971191,12.279999732971191,13210,0.0,0.0
2023-11-22 13:30:00-05:00,12.279999732971191,12.347100257873535,12.279999732971191,12.279999732971191,6597,0.0,0.0
2023-11-22 14:30:00-05:00,12.279999732971191,12.31820011138916,12.279999732971191,12.279999732971191,5721,0.0,0.0
2023-11-22 15:30:00-05:00,12.279999732971191,12.3100004196167,12.260000228881836,12.270000457763672,10722,0.0,0.0
2023-11-24 09:30:00-05:00,12.25,12.300000190734863,12.21500015258789,12.220000267028809,0,0.0,0.0
2023-11-24 10:30:00-05:00,12.234999656677246,12.279999732971191,12.220000267028809,12.279899597167969,18470,0.0,0.0
2023-11-24 11:30:00-05:00,12.265000343322754,12.380000114440918,12.260000228881836,12.260000228881836,16752,0.0,0.0
2023-11-24 12:30:00-05:00,12.260000228881836,12.270000457763672,12.25,12.25,0,0.0,0.0
2023-11-27 09:30:00-05:00,12.260000228881836,12.329999923706055,12.245200157165527,12.274800300598145,12441,0.0,0.0
2023-11-27 10:30:00-05:00,12.265000343322754,12.3149995803833,12.25,12.300000190734863,6068,0.0,0.0
2023-11-27 11:30:00-05:00,12.300000190734863,12.300000190734863,12.229999542236328,12.25,4845,0.0,0.0
2023-11-27 12:30:00-05:00,12.260000228881836,12.420000076293945,12.260000228881836,12.375,13168,0.0,0.0
2023-11-27 13:30:00-05:00,12.34000015258789,12.420000076293945,12.34000015258789,12.34000015258789,699,0.0,0.0
2023-11-27 14:30:00-05:00,12.329999923706055,12.329999923706055,12.329999923706055,12.329999923706055,566,0.0,0.0
2023-11-27 15:30:00-05:00,12.329999923706055,12.420999526977539,12.329999923706055,12.350000381469727,8763,0.0,0.0
2023-11-28 09:30:00-05:00,12.329999923706055,12.390000343322754,12.329999923706055,12.380000114440918,0,0.0,0.0
2023-11-28 10:30:00-05:00,12.380000114440918,12.390000343322754,12.369999885559082,12.380000114440918,5551,0.0,0.0
2023-11-28 11:30:00-05:00,12.390000343322754,12.40999984741211,12.380000114440918,12.390000343322754,1749,0.0,0.0
2023-11-28 12:30:00-05:00,12.390000343322754,12.390000343322754,12.34000015258789,12.350000381469727,1618,0.0,0.0
2023-11-28 13:30:00-05:00,12.350000381469727,12.380000114440918,12.350000381469727,12.375,1857,0.0,0.0
2023-11-28 14:30:00-05:00,12.350000381469727,12.359999656677246,12.329999923706055,12.34000015258789,4769,0.0,0.0
2023-11-28 15:30:00-05:00,12.34000015258789,12.369999885559082,12.34000015258789,12.34000015258789,1416,0.0,0.0
2023-11-29 09:30:00-05:00,12.369999885559082,12.369999885559082,12.350000381469727,12.350000381469727,0,0.0,0.0
2023-11-29 10:30:00-05:00,12.4399995803833,12.4399995803833,12.3100004196167,12.349900245666504,10739,0.0,0.0
2023-11-29 11:30:00-05:00,12.350000381469727,12.359999656677246,12.3100004196167,12.350000381469727,5877,0.0,0.0
2023-11-29 12:30:00-05:00,12.350000381469727,12.5,12.350000381469727,12.380000114440918,11152,0.0,0.0
2023-11-29 13:30:00-05:00,12.414999961853027,12.449999809265137,12.389200210571289,12.420000076293945,4150,0.0,0.0
2023-11-29 14:30:00-05:00,12.399999618530273,12.489999771118164,12.399999618530273,12.399999618530273,2005,0.0,0.0
2023-11-29 15:30:00-05:00,12.399999618530273,12.470000267028809,12.399999618530273,12.399999618530273,1901,0.0,0.0
2023-11-30 09:30:00-05:00,12.399999618530273,12.399999618530273,12.359999656677246,12.369999885559082,8460,0.0,0.0
2023-11-30 10:30:00-05:00,12.369999885559082,12.42650032043457,12.369999885559082,12.390000343322754,400,0.0,0.0
2023-11-30 11:30:00-05:00,12.390000343322754,12.390000343322754,12.390000343322754,12.390000343322754,5100,0.0,0.0
2023-11-30 12:30:00-05:00,12.359999656677246,12.40999984741211,12.350000381469727,12.380000114440918,7185,0.0,0.0
2023-11-30 13:30:00-05:00,12.380000114440918,12.38659954071045,12.34000015258789,12.34000015258789,7207,0.0,0.0
2023-11-30 14:30:00-05:00,12.319999694824219,12.361100196838379,12.319999694824219,12.319999694824219,8201,0.0,0.0
2023-11-30 15:30:00-05:00,12.319999694824219,12.381799697875977,12.319999694824219,12.319999694824219,3138,0.0,0.0
2023-12-01 09:30:00-05:00,12.3100004196167,12.380000114440918,12.3100004196167,12.350000381469727,0,0.0,0.0
2023-12-01 10:30:00-05:00,12.380000114440918,12.404999732971191,12.359999656677246,12.404999732971191,1818,0.0,0.0
2023-12-01 11:30:00-05:00,12.380000114440918,12.4399995803833,12.380000114440918,12.4399995803833,10104,0.0,0.0
2023-12-01 12:30:00-05:00,12.420000076293945,12.4399995803833,12.399999618530273,12.399999618530273,2900,0.0,0.0
2023-12-01 13:30:00-05:00,12.399999618530273,12.420000076293945,12.390000343322754,12.390000343322754,742,0.0,0.0
2023-12-01 14:30:00-05:00,12.390000343322754,12.40999984741211,12.380000114440918,12.40999984741211,3196,0.0,0.0
2023-12-01 15:30:00-05:00,12.404999732971191,12.40999984741211,12.380000114440918,12.40999984741211,1891,0.0,0.0
2023-12-04 09:30:00-05:00,12.359999656677246,12.449999809265137,12.359999656677246,12.399999618530273,0,0.0,0.0
2023-12-04 10:30:00-05:00,12.40999984741211,12.449999809265137,12.386300086975098,12.386300086975098,18413,0.0,0.0
2023-12-04 11:30:00-05:00,12.380000114440918,12.430000305175781,12.380000114440918,12.430000305175781,6968,0.0,0.0
2023-12-04 12:30:00-05:00,12.449999809265137,12.449999809265137,12.430000305175781,12.430000305175781,1948,0.0,0.0
2023-12-04 13:30:00-05:00,12.430000305175781,12.449999809265137,12.420000076293945,12.444999694824219,7222,0.0,0.0
2023-12-04 14:30:00-05:00,12.449899673461914,12.449999809265137,12.390000343322754,12.420000076293945,12884,0.0,0.0
2023-12-04 15:30:00-05:00,12.390000343322754,12.460000038146973,12.390000343322754,12.420000076293945,10622,0.0,0.0
2023-12-05 09:30:00-05:00,12.449999809265137,12.5600004196167,12.449999809265137,12.479999542236328,0,0.0,0.0
2023-12-05 10:30:00-05:00,12.479999542236328,12.523300170898438,12.479999542236328,12.479999542236328,5796,0.0,0.0
2023-12-05 11:30:00-05:00,12.479999542236328,12.529999732971191,12.479999542236328,12.505000114440918,1560,0.0,0.0
2023-12-05 12:30:00-05:00,12.520000457763672,12.520000457763672,12.399999618530273,12.4399995803833,41704,0.0,0.0
2023-12-05 13:30:00-05:00,12.40999984741211,12.449999809265137,12.390000343322754,12.399999618530273,35360,0.0,0.0
2023-12-05 14:30:00-05:00,12.399900436401367,12.449999809265137,12.395000457763672,12.449899673461914,13287,0.0,0.0
2023-12-05 15:30:00-05:00,12.449999809265137,12.470000267028809,12.449999809265137,12.470000267028809,2977,0.0,0.0
2023-12-06 09:30:00-05:00,12.470000267028809,12.5,12.430000305175781,12.449999809265137,0,0.0,0.0
2023-12-06 10:30:00-05:00,12.449999809265137,12.5,12.449999809265137,12.470000267028809,4337,0.0,0.0
2023-12-06 11:30:00-05:00,12.470000267028809,12.520000457763672,12.470000267028809,12.5,6432,0.0,0.0
2023-12-06 12:30:00-05:00,12.479999542236328,12.554699897766113,12.449999809265137,12.531100273132324,15652,0.0,0.0
2023-12-06 13:30:00-05:00,12.529999732971191,12.558600425720215,12.529999732971191,12.529999732971191,6531,0.0,0.0
2023-12-06 14:30:00-05:00,12.529999732971191,12.550000190734863,12.460000038146973,12.479999542236328,17335,0.0,0.0
2023-12-06 15:30:00-05:00,12.543000221252441,12.585000038146973,12.5,12.510499954223633,25851,0.0,0.0
2023-12-07 09:30:00-05:00,12.550000190734863,12.609999656677246,12.550000190734863,12.579999923706055,2822,0.0,0.0
2023-12-07 10:30:00-05:00,12.573399543762207,12.640000343322754,12.56350040435791,12.640000343322754,2218,0.0,0.0
2023-12-07 11:30:00-05:00,12.640399932861328,12.679100036621094,12.620100021362305,12.640000343322754,16110,0.0,0.0
2023-12-07 12:30:00-05:00,12.609999656677246,12.629899978637695,12.600000381469727,12.604999542236328,5285,0.0,0.0
2023-12-07 13:30:00-05:00,12.619999885559082,12.720000267028809,12.609999656677246,12.680000305175781,13997,0.0,0.0
2023-12-07 14:30:00-05:00,12.654999732971191,12.663000106811523,12.619999885559082,12.619999885559082,3585,0.0,0.0
2023-12-07 15:30:00-05:00,12.640000343322754,12.640000343322754,12.607099533081055,12.607099533081055,365,0.0,0.0
2023-12-08 09:30:00-05:00,12.600000381469727,12.625499725341797,12.600000381469727,12.625499725341797,0,0.0,0.0
2023-12-08 10:30:00-05:00,12.59000015258789,12.640000343322754,12.539999961853027,12.609999656677246,13691,0.0,0.0
2023-12-08 11:30:00-05:00,12.609999656677246,12.609999656677246,12.59000015258789,12.59000015258789,2000,0.0,0.0
2023-12-08 12:30:00-05:00,12.604299545288086,12.610699653625488,12.5,12.5,5827,0.0,0.0
2023-12-08 13:30:00-05:00,12.529999732971191,12.5600004196167,12.529999732971191,12.5600004196167,2200,0.0,0.0
2023-12-08 14:30:00-05:00,12.5600004196167,12.630000114440918,12.5600004196167,12.56820011138916,2160,0.0,0.0
2023-12-08 15:30:00-05:00,12.595000267028809,12.600000381469727,12.595000267028809,12.599900245666504,700,0.0,0.0
2023-12-11 09:30:00-05:00,12.579999923706055,12.586999893188477,12.450400352478027,12.586999893188477,0,0.0,0.0
2023-12-11 11:30:00-05:00,12.56410026550293,12.56410026550293,12.56410026550293,12.56410026550293,607,0.0,0.0
2023-12-11 12:30:00-05:00,12.520000457763672,12.539999961853027,12.489999771118164,12.509900093078613,21971,0.0,0.0
2023-12-11 13:30:00-05:00,12.5,12.5,12.470000267028809,12.479900360107422,13631,0.0,0.0
2023-12-11 14:30:00-05:00,12.470000267028809,12.479999542236328,12.444999694824219,12.479900360107422,15673,0.0,0.0
2023-12-11 15:30:00-05:00,12.47760009765625,12.529999732971191,12.470000267028809,12.51039981842041,12014,0.0,0.0
2023-12-12 09:30:00-05:00,12.4399995803833,12.550000190734863,12.4399995803833,12.550000190734863,1133,0.0,0.0
2023-12-12 10:30:00-05:00,12.520000457763672,12.530099868774414,12.520000457763672,12.530099868774414,1502,0.0,0.0
2023-12-12 11:30:00-05:00,12.524299621582031,12.539999961853027,12.521400451660156,12.521400451660156,3125,0.0,0.0
2023-12-12 12:30:00-05:00,12.520000457763672,12.5600004196167,12.515999794006348,12.520000457763672,3643,0.0,0.0
2023-12-12 13:30:00-05:00,12.539999961853027,12.609999656677246,12.520000457763672,12.531499862670898,9097,0.0,0.0
2023-12-12 14:30:00-05:00,12.569999694824219,12.619999885559082,12.569999694824219,12.61989974975586,1241,0.0,0.0
2023-12-12 15:30:00-05:00,12.562299728393555,12.609999656677246,12.550000190734863,12.550000190734863,2200,0.0,0.0
2023-12-13 09:30:00-05:00,12.600000381469727,12.625,12.5,12.59000015258789,0,0.0,0.0
2023-12-13 10:30:00-05:00,12.579500198364258,12.600000381469727,12.579500198364258,12.595000267028809,5416,0.0,0.0
2023-12-13 11:30:00-05:00,12.593199729919434,12.640000343322754,12.59000015258789,12.640000343322754,3503,0.0,0.0
2023-12-13 12:30:00-05:00,12.609999656677246,12.619999885559082,12.5600004196167,12.560099601745605,4286,0.0,0.0
2023-12-13 13:30:00-05:00,12.600000381469727,12.65999984741211,12.600000381469727,12.654999732971191,1245,0.0,0.0
2023-12-13 14:30:00-05:00,12.65999984741211,12.710000038146973,12.654999732971191,12.699999809265137,7457,0.0,0.0
2023-12-13 15:30:00-05:00,12.710000038146973,12.739999771118164,12.699999809265137,12.699999809265137,2776,0.0,0.0
2023-12-14 09:30:00-05:00,12.90999984741211,12.90999984741211,12.75529956817627,12.75529956817627,4436,0.0,0.0
2023-12-14 11:30:00-05:00,12.84000015258789,12.849100112915039,12.835000038146973,12.849100112915039,7311,0.0,0.0
2023-12-14 12:30:00-05:00,12.829999923706055,12.893500328063965,12.8100004196167,12.890000343322754,9529,0.0,0.0
2023-12-14 13:30:00-05:00,12.850000381469727,12.850000381469727,12.8100004196167,12.835000038146973,3822,0.0,0.0
2023-12-14 14:30:00-05:00,12.8100004196167,12.847200393676758,12.8100004196167,12.847200393676758,10619,0.0,0.0
2023-12-14 15:30:00-05:00,12.819999694824219,12.819999694824219,12.729999542236328,12.789999961853027,8136,0.0,0.0
2023-12-15 09:30:00-05:00,12.880000114440918,12.880000114440918,12.767399787902832,12.767399787902832,0,0.0,0.0
2023-12-15 10:30:00-05:00,12.793100357055664,12.84000015258789,12.793100357055664,12.819999694824219,1921,0.0,0.0
2023-12-15 12:30:00-05:00,12.784600257873535,12.819999694824219,12.784600257873535,12.789999961853027,8835,0.0,0.0
2023-12-15 13:30:00-05:00,12.8100004196167,12.8149995803833,12.8100004196167,12.8149995803833,300,0.0,0.0
2023-12-15 14:30:00-05:00,12.779999732971191,12.779999732971191,12.770000457763672,12.770000457763672,2068,0.0,0.0
2023-12-15 15:30:00-05:00,12.797499656677246,12.829999923706055,12.797499656677246,12.829999923706055,1154,0.0,0.0
2023-12-18 09:30:00-05:00,12.789999961853027,12.789999961853027,12.789999961853027,12.789999961853027,0,0.0,0.0
2023-12-18 10:30:00-05:00,12.699999809265137,12.75,12.699999809265137,12.75,4780,0.0,0.0
2023-12-18 11:30:00-05:00,12.777400016784668,12.800000190734863,12.777400016784668,12.789999961853027,933,0.0,0.0
2023-12-18 12:30:00-05:00,12.779899597167969,12.779899597167969,12.779899597167969,12.779899597167969,1358,0.0,0.0
2023-12-18 13:30:00-05:00,12.787400245666504,12.789999961853027,12.779999732971191,12.779999732971191,4932,0.0,0.0
2023-12-18 14:30:00-05:00,12.779999732971191,12.780099868774414,12.779999732971191,12.780099868774414,800,0.0,0.0
2023-12-18 15:30:00-05:00,12.785699844360352,12.789999961853027,12.770000457763672,12.774999618530273,9253,0.0,0.0
2023-12-19 09:30:00-05:00,12.789999961853027,12.789999961853027,12.732999801635742,12.733699798583984,0,0.0,0.0
2023-12-19 10:30:00-05:00,12.779999732971191,12.779999732971191,12.699999809265137,12.720000267028809,5512,0.0,0.0
2023-12-19 11:30:00-05:00,12.720000267028809,12.739999771118164,12.720000267028809,12.720000267028809,3765,0.0,0.0
2023-12-19 12:30:00-05:00,12.769499778747559,12.769499778747559,12.720000267028809,12.720000267028809,3483,0.0,0.0
2023-12-19 13:30:00-05:00,12.770000457763672,12.770000457763672,12.75,12.750100135803223,9512,0.0,0.0
2023-12-19 14:30:00-05:00,12.760000228881836,12.78499984741211,12.729999542236328,12.729999542236328,6984,0.0,0.0
2023-12-19 15:30:00-05:00,12.75,12.770000457763672,12.75,12.755000114440918,751,0.0,0.0
2023-12-20 09:30:00-05:00,12.729999542236328,12.829999923706055,12.67240047454834,12.70009994506836,0,0.0,0.0
2023-12-20 10:30:00-05:00,12.75,12.801799774169922,12.75,12.801799774169922,5273,0.0,0.0
2023-12-20 11:30:00-05:00,12.7608003616333,12.78499984741211,12.75,12.75,1412,0.0,0.0
2023-12-20 12:30:00-05:00,12.75100040435791,12.770000457763672,12.720000267028809,12.75,3868,0.0,0.0
2023-12-20 13:30:00-05:00,12.770000457763672,12.809900283813477,12.710100173950195,12.729999542236328,1776,0.0,0.0
2023-12-20 14:30:00-05:00,12.719900131225586,12.720000267028809,12.719900131225586,12.720000267028809,1425,0.0,0.0
2023-12-20 15:30:00-05:00,12.710000038146973,12.75,12.699999809265137,12.75,6872,0.0,0.0
2023-12-21 09:30:00-05:00,12.75,12.800000190734863,12.75,12.75,0,0.0,0.0
2023-12-21 10:30:00-05:00,12.807499885559082,12.8100004196167,12.779999732971191,12.779999732971191,4100,0.0,0.0
2023-12-21 11:30:00-05:00,12.829999923706055,12.829999923706055,12.789999961853027,12.79010009765625,1000,0.0,0.0
2023-12-21 12:30:00-05:00,12.790200233459473,12.8149995803833,12.779999732971191,12.779999732971191,2661,0.0,0.0
2023-12-21 13:30:00-05:00,12.798600196838379,12.839900016784668,12.779999732971191,12.779999732971191,12346,0.0,0.0
2023-12-21 14:30:00-05:00,12.800700187683105,12.819999694824219,12.779999732971191,12.779999732971191,6308,0.0,0.0
2023-12-21 15:30:00-05:00,12.779999732971191,12.779999732971191,12.75,12.75,0,0.0,0.0
2023-12-22 09:30:00-05:00,12.880000114440918,12.90999984741211,12.869999885559082,12.890000343322754,2250,0.0,0.0
2023-12-22 10:30:00-05:00,12.890000343322754,12.890000343322754,12.880000114440918,12.880000114440918,500,0.0,0.0
2023-12-22 11:30:00-05:00,12.869999885559082,12.880000114440918,12.869999885559082,12.880000114440918,483,0.0,0.0
2023-12-22 12:30:00-05:00,12.890000343322754,12.897500038146973,12.854999542236328,12.897500038146973,7750,0.0,0.0
2023-12-22 13:30:00-05:00,12.850000381469727,12.850000381469727,12.850000381469727,12.850000381469727,100,0.0,0.0
2023-12-22 14:30:00-05:00,12.861700057983398,12.861700057983398,12.861700057983398,12.861700057983398,5082,0.0,0.0
2023-12-22 15:30:00-05:00,12.850000381469727,12.850000381469727,12.84000015258789,12.84000015258789,1184,0.0,0.0
2023-12-26 09:30:00-05:00,12.890000343322754,12.89009952545166,12.890000343322754,12.89009952545166,0,0.0,0.0
2023-12-26 10:30:00-05:00,12.899999618530273,12.903499603271484,12.890000343322754,12.890000343322754,1011,0.0,0.0
2023-12-26 11:30:00-05:00,12.899999618530273,12.90999984741211,12.891799926757812,12.891799926757812,614,0.0,0.0
2023-12-26 12:30:00-05:00,12.890000343322754,12.890000343322754,12.890000343322754,12.890000343322754,111,0.0,0.0
2023-12-26 13:30:00-05:00,12.890000343322754,12.890000343322754,12.829999923706055,12.829999923706055,3033,0.0,0.0
2023-12-26 14:30:00-05:00,12.850000381469727,12.880000114440918,12.75,12.800000190734863,26276,0.0,0.0
2023-12-26 15:30:00-05:00,12.82979965209961,12.82979965209961,12.800000190734863,12.800000190734863,4138,0.0,0.0
2023-12-27 09:30:00-05:00,12.819999694824219,12.875,12.809900283813477,12.847000122070312,0,0.0,0.0
2023-12-27 10:30:00-05:00,12.850000381469727,12.899999618530273,12.845000267028809,12.899999618530273,1819,0.0,0.0
2023-12-27 11:30:00-05:00,12.899999618530273,12.949999809265137,12.875,12.949999809265137,15087,0.0,0.0
2023-12-27 12:30:00-05:00,12.899999618530273,12.899999618530273,12.850000381469727,12.850000381469727,1400,0.0,0.0
2023-12-27 13:30:00-05:00,12.850000381469727,12.899999618530273,12.8100004196167,12.850000381469727,3937,0.0,0.0
2023-12-27 14:30:00-05:00,12.850000381469727,12.880000114440918,12.819999694824219,12.864999771118164,7166,0.0,0.0
2023-12-27 15:30:00-05:00,12.864999771118164,12.90999984741211,12.819999694824219,12.869999885559082,1872,0.0,0.0
2023-12-28 09:30:00-05:00,12.890000343322754,12.899999618530273,12.8100004196167,12.899999618530273,0,0.0,0.0
2023-12-28 10:30:00-05:00,12.90999984741211,12.90999984741211,12.90999984741211,12.90999984741211,129,0.0,0.0
2023-12-28 11:30:00-05:00,12.830100059509277,12.89009952545166,12.830100059509277,12.859999656677246,1007,0.0,0.0
2023-12-28 12:30:00-05:00,12.860099792480469,12.90999984741211,12.859999656677246,12.859999656677246,2617,0.0,0.0
2023-12-28 13:30:00-05:00,12.863200187683105,12.88230037689209,12.863200187683105,12.88230037689209,11343,0.0,0.0
2023-12-28 14:30:00-05:00,12.859999656677246,12.859999656677246,12.859999656677246,12.859999656677246,741,0.0,0.0
2023-12-28 15:30:00-05:00,12.810099601745605,12.814000129699707,12.779999732971191,12.779999732971191,3544,0.0,0.0
2023-12-29 09:30:00-05:00,12.819999694824219,12.850000381469727,12.800000190734863,12.800000190734863,0,0.0,0.0
2023-12-29 10:30:00-05:00,12.850000381469727,12.949999809265137,12.800000190734863,12.866900444030762,14724,0.0,0.0
2023-12-29 11:30:00-05:00,12.850000381469727,12.850000381469727,12.8100004196167,12.8100004196167,1796,0.0,0.0
2023-12-29 12:30:00-05:00,12.8100004196167,12.833399772644043,12.779999732971191,12.800000190734863,2674,0.0,0.0
2023-12-29 13:30:00-05:00,12.800000190734863,12.803600311279297,12.770000457763672,12.779999732971191,4966,0.0,0.0
2023-12-29 14:30:00-05:00,12.779999732971191,12.779999732971191,12.760000228881836,12.760000228881836,2002,0.0,0.0
2023-12-29 15:30:00-05:00,12.760000228881836,12.795000076293945,12.760000228881836,12.789999961853027,3986,0.0,0.0
2024-01-02 09:30:00-05:00,12.770000457763672,12.770000457763672,12.770000457763672,12.770000457763672,0,0.0,0.0
2024-01-02 10:30:00-05:00,12.819999694824219,12.820300102233887,12.819999694824219,12.819999694824219,1357,0.0,0.0
2024-01-02 11:30:00-05:00,12.859999656677246,12.899999618530273,12.819999694824219,12.899999618530273,4264,0.0,0.0
2024-01-02 12:30:00-05:00,12.896400451660156,12.899700164794922,12.896400451660156,12.899700164794922,1989,0.0,0.0
2024-01-02 13:30:00-05:00,12.880000114440918,12.88010025024414,12.857600212097168,12.857600212097168,2282,0.0,0.0
2024-01-02 14:30:00-05:00,12.820099830627441,12.820099830627441,12.820099830627441,12.820099830627441,700,0.0,0.0
2024-01-02 15:30:00-05:00,12.829999923706055,12.829999923706055,12.819999694824219,12.819999694824219,200,0.0,0.0
2024-01-03 09:30:00-05:00,12.880000114440918,12.890000343322754,12.879400253295898,12.890000343322754,0,0.0,0.0
2024-01-03 10:30:00-05:00,12.880000114440918,12.880000114440918,12.860199928283691,12.860199928283691,1343,0.0,0.0
2024-01-03 11:30:00-05:00,12.890000343322754,12.891400337219238,12.880000114440918,12.888899803161621,6723,0.0,0.0
2024-01-03 12:30:00-05:00,12.90999984741211,12.90999984741211,12.90999984741211,12.90999984741211,100,0.0,0.0
2024-01-03 13:30:00-05:00,12.914999961853027,12.979999542236328,12.869999885559082,12.979999542236328,4047,0.0,0.0
2024-01-03 14:30:00-05:00,12.949999809265137,12.96500015258789,12.9399995803833,12.9399995803833,381,0.0,0.0
2024-01-03 15:30:00-05:00,12.890000343322754,12.890000343322754,12.890000343322754,12.890000343322754,334,0.0,0.0
2024-01-04 09:30:00-05:00,13.010000228881836,13.010000228881836,12.952899932861328,12.98069953918457,0,0.0,0.0
2024-01-04 10:30:00-05:00,12.850000381469727,12.885000228881836,12.850000381469727,12.885000228881836,400,0.0,0.0
2024-01-04 11:30:00-05:00,12.91819953918457,12.91819953918457,12.88010025024414,12.88010025024414,1100,0.0,0.0
2024-01-04 12:30:00-05:00,12.920000076293945,12.920000076293945,12.920000076293945,12.920000076293945,884,0.0,0.0
2024-01-04 13:30:00-05:00,12.914999961853027,12.970000267028809,12.914999961853027,12.970000267028809,6500,0.0,0.0
2024-01-04 14:30:00-05:00,12.953499794006348,12.970000267028809,12.940099716186523,12.970000267028809,5329,0.0,0.0
2024-01-04 15:30:00-05:00,12.970000267028809,13.010000228881836,12.970000267028809,12.989999771118164,10882,0.0,0.0
2024-01-05 09:30:00-05:00,12.970000267028809,12.974100112915039,12.970000267028809,12.974100112915039,0,0.0,0.0
2024-01-05 10:30:00-05:00,12.990400314331055,12.990400314331055,12.979999542236328,12.979999542236328,1489,0.0,0.0
2024-01-05 11:30:00-05:00,13.0,13.039899826049805,13.0,13.039899826049805,7230,0.0,0.0
2024-01-05 15:30:00-05:00,12.975000381469727,12.989999771118164,12.975000381469727,12.989999771118164,1347,0.0,0.0
2024-01-08 09:30:00-05:00,13.029999732971191,13.029999732971191,13.004199981689453,13.004199981689453,0,0.0,0.0
2024-01-08 10:30:00-05:00,13.079999923706055,13.079999923706055,13.050000190734863,13.050100326538086,600,0.0,0.0
2024-01-08 11:30:00-05:00,13.050000190734863,13.052599906921387,13.039999961853027,13.039999961853027,3800,0.0,0.0
2024-01-08 12:30:00-05:00,13.010000228881836,13.045000076293945,13.010000228881836,13.045000076293945,1176,0.0,0.0
2024-01-08 13:30:00-05:00,13.050000190734863,13.050000190734863,13.029999732971191,13.030099868774414,1100,0.0,0.0
2024-01-08 14:30:00-05:00,13.029999732971191,13.130000114440918,13.029999732971191,13.130000114440918,752,0.0,0.0
2024-01-09 09:30:00-05:00,13.140000343322754,13.140000343322754,13.140000343322754,13.140000343322754,0,0.0,0.0
2024-01-09 11:30:00-05:00,13.119999885559082,13.12909984588623,13.119999885559082,13.12909984588623,1652,0.0,0.0
2024-01-09 12:30:00-05:00,13.109999656677246,13.119999885559082,13.109999656677246,13.119999885559082,1000,0.0,0.0
2024-01-09 13:30:00-05:00,13.050999641418457,13.074999809265137,12.986800193786621,12.989999771118164,5241,0.0,0.0
2024-01-09 14:30:00-05:00,13.004799842834473,13.09000015258789,13.004799842834473,13.089200019836426,4039,0.0,0.0
2024-01-09 15:30:00-05:00,13.09000015258789,13.100000381469727,13.057100296020508,13.100000381469727,1947,0.0,0.0
2024-01-10 09:30:00-05:00,13.03499984741211,13.03499984741211,13.03499984741211,13.03499984741211,0,0.0,0.0
2024-01-10 10:30:00-05:00,13.029999732971191,13.029999732971191,13.029999732971191,13.029999732971191,909,0.0,0.0
2024-01-10 11:30:00-05:00,13.050000190734863,13.09000015258789,13.020000457763672,13.055000305175781,3059,0.0,0.0
2024-01-10 13:30:00-05:00,13.050100326538086,13.050100326538086,13.050000190734863,13.050100326538086,1303,0.0,0.0
2024-01-10 14:30:00-05:00,13.09000015258789,13.119999885559082,13.089699745178223,13.089699745178223,4843,0.0,0.0
2024-01-10 15:30:00-05:00,13.109999656677246,13.140000343322754,13.102999687194824,13.111000061035156,3919,0.0,0.0
2024-01-11 09:30:00-05:00,13.130000114440918,13.130000114440918,13.100000381469727,13.130000114440918,0,0.0,0.0
2024-01-11 10:30:00-05:00,13.109999656677246,13.130000114440918,13.100000381469727,13.119999885559082,2563,0.0,0.0
2024-01-11 12:30:00-05:00,13.100000381469727,13.100000381469727,13.03849983215332,13.096400260925293,7245,0.0,0.0
2024-01-11 14:30:00-05:00,13.096500396728516,13.096500396728516,13.096500396728516,13.096500396728516,231,0.0,0.0
2024-01-11 15:30:00-05:00,13.119999885559082,13.119999885559082,13.119999885559082,13.119999885559082,100,0.0,0.0
2024-01-12 09:30:00-05:00,13.119999885559082,13.119999885559082,13.119999885559082,13.119999885559082,0,0.0,0.0
2024-01-12 10:30:00-05:00,13.15999984741211,13.15999984741211,13.15999984741211,13.15999984741211,1100,0.0,0.0
2024-01-12 11:30:00-05:00,13.135499954223633,13.154999732971191,13.135499954223633,13.154999732971191,1344,0.0,0.0
2024-01-12 12:30:00-05:00,13.164999961853027,13.199999809265137,13.149999618530273,13.180100440979004,18657,0.0,0.0
2024-01-12 13:30:00-05:00,13.1899995803833,13.1899995803833,13.170000076293945,13.1899995803833,2954,0.0,0.0
2024-01-12 14:30:00-05:00,13.1899995803833,13.1899995803833,13.170000076293945,13.188199996948242,3013,0.0,0.0
2024-01-12 15:30:00-05:00,13.180000305175781,13.199999809265137,13.166999816894531,13.199999809265137,2574,0.0,0.0
2024-01-16 09:30:00-05:00,13.119999885559082,13.119999885559082,13.119999885559082,13.119999885559082,0,0.0,0.0
2024-01-16 11:30:00-05:00,13.114999771118164,13.138400077819824,13.114999771118164,13.134599685668945,2931,0.0,0.0
2024-01-16 12:30:00-05:00,13.100000381469727,13.170000076293945,13.100000381469727,13.14009952545166,2400,0.0,0.0
2024-01-16 13:30:00-05:00,13.1899995803833,13.25,13.10099983215332,13.10099983215332,14799,0.0,0.0
2024-01-16 14:30:00-05:00,13.17199993133545,13.17199993133545,13.17199993133545,13.17199993133545,439,0.0,0.0
2024-01-16 15:30:00-05:00,13.100000381469727,13.100000381469727,13.100000381469727,13.100000381469727,427,0.0,0.0
2024-01-17 09:30:00-05:00,13.140000343322754,13.140000343322754,12.960100173950195,13.053999900817871,0,0.0,0.0
2024-01-17 10:30:00-05:00,13.0649995803833,13.0649995803833,13.0649995803833,13.0649995803833,2076,0.0,0.0
2024-01-17 14:30:00-05:00,13.100000381469727,13.100000381469727,13.02239990234375,13.050000190734863,2686,0.0,0.0
2024-01-17 15:30:00-05:00,13.079999923706055,13.09000015258789,13.0,13.069999694824219,1806,0.0,0.0
2024-01-18 09:30:00-05:00,13.0600004196167,13.0600004196167,13.0600004196167,13.0600004196167,0,0.0,0.0
2024-01-18 10:30:00-05:00,12.970000267028809,12.970000267028809,12.960000038146973,12.960000038146973,2093,0.0,0.0
2024-01-18 11:30:00-05:00,12.969900131225586,12.969900131225586,12.960000038146973,12.960000038146973,1670,0.0,0.0
2024-01-18 12:30:00-05:00,12.930000305175781,12.930000305175781,12.930000305175781,12.930000305175781,200,0.0,0.0
2024-01-18 13:30:00-05:00,12.960000038146973,12.960000038146973,12.930000305175781,12.959799766540527,2500,0.0,0.0
2024-01-18 14:30:00-05:00,12.930000305175781,12.930000305175781,12.930000305175781,12.930000305175781,1358,0.0,0.0
2024-01-18 15:30:00-05:00,12.949999809265137,12.949999809265137,12.9399995803833,12.9399995803833,2527,0.0,0.0
2024-01-19 09:30:00-05:00,12.949999809265137,12.949999809265137,12.925000190734863,12.949999809265137,0,0.0,0.0
2024-01-19 13:30:00-05:00,12.949999809265137,12.949999809265137,12.949999809265137,12.949999809265137,954,0.0,0.0
2024-01-19 14:30:00-05:00,12.949999809265137,13.069999694824219,12.925000190734863,13.069999694824219,3887,0.0,0.0
2024-01-19 15:30:00-05:00,13.005000114440918,13.0600004196167,13.005000114440918,13.029999732971191,1910,0.0,0.0
2024-01-22 09:30:00-05:00,13.069999694824219,13.100099563598633,13.0600004196167,13.0600004196167,0,0.0,0.0
2024-01-22 10:30:00-05:00,13.074999809265137,13.074999809265137,13.0,13.074999809265137,5366,0.0,0.0
2024-01-22 11:30:00-05:00,13.100000381469727,13.100000381469727,13.100000381469727,13.100000381469727,376,0.0,0.0
2024-01-22 12:30:00-05:00,13.039999961853027,13.149999618530273,13.029999732971191,13.050000190734863,8241,0.0,0.0
2024-01-22 13:30:00-05:00,13.09000015258789,13.09000015258789,13.039999961853027,13.039999961853027,3400,0.0,0.0
2024-01-22 15:30:00-05:00,13.020000457763672,13.069999694824219,13.020000457763672,13.029999732971191,4114,0.0,0.0
2024-01-23 09:30:00-05:00,13.119999885559082,13.119999885559082,13.050000190734863,13.050000190734863,0,0.0,0.0
2024-01-23 10:30:00-05:00,13.0423002243042,13.0423002243042,13.0423002243042,13.0423002243042,1450,0.0,0.0
2024-01-23 12:30:00-05:00,13.039999961853027,13.04170036315918,13.039999961853027,13.04170036315918,2485,0.0,0.0
2024-01-23 13:30:00-05:00,12.983099937438965,12.983099937438965,12.983099937438965,12.983099937438965,2924,0.0,0.0
2024-01-23 15:30:00-05:00,13.0,13.028499603271484,13.0,13.024999618530273,2359,0.0,0.0
2024-01-24 09:30:00-05:00,13.109999656677246,13.109999656677246,13.109999656677246,13.109999656677246,0,0.0,0.0
2024-01-24 11:30:00-05:00,13.055000305175781,13.099300384521484,13.055000305175781,13.099300384521484,3779,0.0,0.0
2024-01-24 12:30:00-05:00,13.010899543762207,13.010899543762207,13.010899543762207,13.010899543762207,417,0.0,0.0
2024-01-24 13:30:00-05:00,13.015600204467773,13.09000015258789,13.0,13.079999923706055,12275,0.0,0.0
2024-01-24 15:30:00-05:00,13.039999961853027,13.049799919128418,12.970000267028809,12.989899635314941,6434,0.0,0.0
2024-01-25 09:30:00-05:00,13.010000228881836,13.010000228881836,13.010000228881836,13.010000228881836,0,0.0,0.0
2024-01-25 10:30:00-05:00,13.100000381469727,13.147500038146973,13.061200141906738,13.090700149536133,1294,0.0,0.0
2024-01-25 11:30:00-05:00,13.085100173950195,13.098999977111816,13.03499984741211,13.0600004196167,2629,0.0,0.0
2024-01-25 14:30:00-05:00,13.029999732971191,13.050000190734863,13.029999732971191,13.050000190734863,3276,0.0,0.0
2024-01-25 15:30:00-05:00,13.039999961853027,13.047200202941895,13.039999961853027,13.047200202941895,0,0.0,0.0
2024-01-26 09:30:00-05:00,12.989999771118164,13.0,12.960000038146973,12.975000381469727,2246,0.0,0.0
2024-01-26 11:30:00-05:00,12.98009967803955,12.98009967803955,12.98009967803955,12.98009967803955,3148,0.0,0.0
2024-01-26 12:30:00-05:00,13.0,13.0,12.98859977722168,12.989999771118164,1457,0.0,0.0
2024-01-26 13:30:00-05:00,12.979900360107422,13.0,12.920000076293945,12.926199913024902,7123,0.0,0.0
2024-01-26 14:30:00-05:00,12.989999771118164,12.989999771118164,12.970000267028809,12.970100402832031,1065,0.0,0.0
2024-01-26 15:30:00-05:00,12.970000267028809,12.984199523925781,12.970000267028809,12.970000267028809,1239,0.0,0.0
2024-01-29 09:30:00-05:00,13.039999961853027,13.0600004196167,13.039999961853027,13.0600004196167,0,0.0,0.0
2024-01-29 10:30:00-05:00,13.050000190734863,13.050000190734863,13.050000190734863,13.050000190734863,565,0.0,0.0
2024-01-29 11:30:00-05:00,12.989999771118164,13.0,12.989999771118164,12.989999771118164,1983,0.0,0.0
2024-01-29 12:30:00-05:00,12.999899864196777,13.0,12.988300323486328,13.0,1017,0.0,0.0
2024-01-29 13:30:00-05:00,12.989999771118164,13.0,12.989999771118164,13.0,1531,0.0,0.0
2024-01-29 14:30:00-05:00,13.0,13.050000190734863,12.989999771118164,13.050000190734863,7244,0.0,0.0
2024-01-29 15:30:00-05:00,13.055000305175781,13.09000015258789,13.055000305175781,13.09000015258789,3374,0.0,0.0
2024-01-30 09:30:00-05:00,13.079999923706055,13.149999618530273,13.079999923706055,13.149999618530273,0,0.0,0.0
2024-01-30 10:30:00-05:00,13.130000114440918,13.130000114440918,13.130000114440918,13.130000114440918,116,0.0,0.0
2024-01-30 11:30:00-05:00,13.125,13.149999618530273,13.109999656677246,13.115500450134277,1348,0.0,0.0
2024-01-30 12:30:00-05:00,13.111599922180176,13.111599922180176,13.09060001373291,13.109999656677246,0,0.0,0.0
2024-01-30 13:30:00-05:00,13.095000267028809,13.149999618530273,13.095000267028809,13.140000343322754,9438,0.0,0.0
2024-01-30 14:30:00-05:00,13.149999618530273,13.15999984741211,13.135000228881836,13.150099754333496,6372,0.0,0.0
2024-01-31 09:30:00-05:00,13.180000305175781,13.180000305175781,13.100000381469727,13.15999984741211,0,0.0,0.0
2024-01-31 10:30:00-05:00,13.229999542236328,13.300000190734863,13.199999809265137,13.300000190734863,4712,0.0,0.0
2024-01-31 11:30:00-05:00,13.322999954223633,13.34000015258789,13.289999961853027,13.289999961853027,1347,0.0,0.0
2024-01-31 12:30:00-05:00,13.329999923706055,13.371500015258789,13.279999732971191,13.279999732971191,3242,0.0,0.0
2024-01-31 14:30:00-05:00,13.300999641418457,13.300999641418457,13.300000190734863,13.300000190734863,317,0.0,0.0
2024-01-31 15:30:00-05:00,13.300000190734863,13.329999923706055,13.09000015258789,13.109999656677246,4458,0.0,0.0
2024-02-01 09:30:00-05:00,13.380000114440918,13.437299728393555,13.380000114440918,13.430000305175781,0,0.0,0.0
2024-02-01 10:30:00-05:00,13.4399995803833,13.458000183105469,13.261300086975098,13.274999618530273,3777,0.0,0.0
2024-02-01 11:30:00-05:00,13.324999809265137,13.324999809265137,13.324999809265137,13.324999809265137,400,0.0,0.0
2024-02-01 12:30:00-05:00,13.370100021362305,13.370100021362305,13.370100021362305,13.370100021362305,106,0.0,0.0
2024-02-01 13:30:00-05:00,13.369999885559082,13.369999885559082,13.369999885559082,13.369999885559082,1654,0.0,0.0
2024-02-01 14:30:00-05:00,13.326800346374512,13.326800346374512,13.326800346374512,13.326800346374512,218,0.0,0.0
2024-02-01 15:30:00-05:00,13.329999923706055,13.369999885559082,13.270000457763672,13.289999961853027,1233,0.0,0.0
2024-02-02 09:30:00-05:00,13.380000114440918,13.509900093078613,13.350000381469727,13.350000381469727,109,0.0,0.0
2024-02-02 10:30:00-05:00,13.365900039672852,13.373499870300293,13.365900039672852,13.373499870300293,475,0.0,0.0
2024-02-02 11:30:00-05:00,13.289999961853027,13.354399681091309,13.289999961853027,13.3100004196167,14664,0.0,0.0
2024-02-02 12:30:00-05:00,13.373499870300293,13.373499870300293,13.310099601745605,13.310099601745605,1112,0.0,0.0
2024-02-02 15:30:00-05:00,13.380000114440918,13.380000114440918,13.319999694824219,13.319999694824219,522,0.0,0.0
2024-02-05 09:30:00-05:00,13.319999694824219,13.319999694824219,13.319999694824219,13.319999694824219,0,0.0,0.0
2024-02-05 10:30:00-05:00,13.210000038146973,13.210000038146973,13.210000038146973,13.210000038146973,1087,0.0,0.0
2024-02-05 11:30:00-05:00,13.339900016784668,13.339900016784668,13.339900016784668,13.339900016784668,100,0.0,0.0
2024-02-05 12:30:00-05:00,13.34000015258789,13.34000015258789,13.34000015258789,13.34000015258789,750,0.0,0.0
2024-02-05 13:30:00-05:00,13.390000343322754,13.390000343322754,13.29010009765625,13.300000190734863,10019,0.0,0.0
2024-02-05 14:30:00-05:00,13.334699630737305,13.334699630737305,13.289999961853027,13.300000190734863,455,0.0,0.0
2024-02-05 15:30:00-05:00,13.369999885559082,13.380000114440918,13.329999923706055,13.329999923706055,354,0.0,0.0
2024-02-06 09:30:00-05:00,13.359999656677246,13.359999656677246,13.240099906921387,13.260000228881836,0,0.0,0.0
2024-02-06 10:30:00-05:00,13.319999694824219,13.369999885559082,13.319999694824219,13.369999885559082,1550,0.0,0.0
2024-02-06 12:30:00-05:00,13.36989974975586,13.36989974975586,13.34000015258789,13.342300415039062,2960,0.0,0.0
2024-02-06 14:30:00-05:00,13.273699760437012,13.273699760437012,13.273699760437012,13.273699760437012,797,0.0,0.0
2024-02-06 15:30:00-05:00,13.289999961853027,13.30049991607666,13.270000457763672,13.270000457763672,5964,0.0,0.0
2024-02-07 09:30:00-05:00,13.300000190734863,13.324999809265137,13.300000190734863,13.324999809265137,0,0.0,0.0
2024-02-07 11:30:00-05:00,13.350000381469727,13.390000343322754,13.309900283813477,13.390000343322754,1552,0.0,0.0
2024-02-07 12:30:00-05:00,13.375,13.375,13.375,13.375,1183,0.0,0.0
2024-02-07 13:30:00-05:00,13.399999618530273,13.399999618530273,13.30090045928955,13.30090045928955,1796,0.0,0.0
2024-02-07 15:30:00-05:00,13.34000015258789,13.34000015258789,13.260000228881836,13.279999732971191,2195,0.0,0.0
2024-02-08 09:30:00-05:00,13.350000381469727,13.46310043334961,13.34000015258789,13.46310043334961,0,0.0,0.0
2024-02-08 10:30:00-05:00,13.390000343322754,13.390000343322754,13.3100004196167,13.3100004196167,811,0.0,0.0
2024-02-08 11:30:00-05:00,13.380000114440918,13.390000343322754,13.307299613952637,13.389900207519531,3681,0.0,0.0
2024-02-08 12:30:00-05:00,13.380000114440918,13.380000114440918,13.368900299072266,13.368900299072266,417,0.0,0.0
2024-02-08 14:30:00-05:00,13.246000289916992,13.246000289916992,13.246000289916992,13.246000289916992,4000,0.0,0.0
2024-02-08 15:30:00-05:00,13.270000457763672,13.28499984741211,13.270000457763672,13.28499984741211,397,0.0,0.0
2024-02-09 09:30:00-05:00,13.270000457763672,13.270000457763672,13.220000267028809,13.25,0,0.0,0.0
2024-02-09 10:30:00-05:00,13.239999771118164,13.25,13.229999542236328,13.244999885559082,1827,0.0,0.0
2024-02-09 11:30:00-05:00,13.239999771118164,13.25,13.232399940490723,13.244000434875488,2502,0.0,0.0
2024-02-09 12:30:00-05:00,13.25,13.25,13.229999542236328,13.23009967803955,28542,0.0,0.0
2024-02-09 13:30:00-05:00,13.25,13.420000076293945,13.23009967803955,13.250800132751465,5975,0.0,0.0
2024-02-09 14:30:00-05:00,13.239999771118164,13.324999809265137,13.239999771118164,13.300000190734863,2728,0.0,0.0
2024-02-09 15:30:00-05:00,13.324999809265137,13.350000381469727,13.289999961853027,13.289999961853027,1407,0.0,0.0
2024-02-12 09:30:00-05:00,13.34000015258789,13.34000015258789,13.34000015258789,13.34000015258789,931,0.0,0.0
2024-02-12 10:30:00-05:00,13.350000381469727,13.350000381469727,13.350000381469727,13.350000381469727,1212,0.0,0.0
2024-02-12 12:30:00-05:00,13.380000114440918,13.40999984741211,13.380000114440918,13.40999984741211,1552,0.0,0.0
2024-02-12 13:30:00-05:00,13.395500183105469,13.395500183105469,13.395500183105469,13.395500183105469,1113,0.0,0.0
2024-02-12 14:30:00-05:00,13.420000076293945,13.453499794006348,13.399999618530273,13.453499794006348,13682,0.0,0.0
2024-02-12 15:30:00-05:00,13.46500015258789,13.473999977111816,13.350000381469727,13.350000381469727,4140,0.0,0.0
2024-02-13 09:30:00-05:00,13.220000267028809,13.300100326538086,13.220000267028809,13.289999961853027,0,0.0,0.0
2024-02-13 10:30:00-05:00,13.199999809265137,13.289999961853027,13.199999809265137,13.25,1118,0.0,0.0
2024-02-13 11:30:00-05:00,13.289999961853027,13.289999961853027,13.289999961853027,13.289999961853027,135,0.0,0.0
2024-02-13 12:30:00-05:00,13.25,13.25,13.176199913024902,13.176199913024902,9782,0.0,0.0
2024-02-13 13:30:00-05:00,13.15999984741211,13.15999984741211,13.15999984741211,13.15999984741211,196,0.0,0.0
2024-02-13 14:30:00-05:00,13.210000038146973,13.25,13.210000038146973,13.25,401,0.0,0.0
2024-02-13 15:30:00-05:00,13.21500015258789,13.22089958190918,13.180000305175781,13.180000305175781,1461,0.0,0.0
2024-02-14 09:30:00-05:00,13.149999618530273,13.229999542236328,13.104999542236328,13.220000267028809,0,0.0,0.0
2024-02-14 11:30:00-05:00,13.225000381469727,13.225000381469727,13.199999809265137,13.199999809265137,486,0.0,0.0
2024-02-14 15:30:00-05:00,13.199999809265137,13.199999809265137,13.199999809265137,13.199999809265137,519,0.0,0.0
2024-02-15 09:30:00-05:00,13.25,13.25,13.25,13.25,0,0.0,0.0
2024-02-15 11:30:00-05:00,13.245100021362305,13.245100021362305,13.245100021362305,13.245100021362305,2412,0.0,0.0
2024-02-15 12:30:00-05:00,13.274999618530273,13.274999618530273,13.210000038146973,13.210000038146973,4118,0.0,0.0
2024-02-15 14:30:00-05:00,13.277099609375,13.277099609375,13.277099609375,13.277099609375,379,0.0,0.0
2024-02-15 15:30:00-05:00,13.279999732971191,13.3100004196167,13.279999732971191,13.3100004196167,473,0.0,0.0
2024-02-16 09:30:00-05:00,13.279999732971191,13.279999732971191,13.279999732971191,13.279999732971191,0,0.0,0.0
2024-02-16 10:30:00-05:00,13.270000457763672,13.300000190734863,13.250100135803223,13.300000190734863,1506,0.0,0.0
2024-02-16 11:30:00-05:00,13.29990005493164,13.300000190734863,13.29990005493164,13.300000190734863,3335,0.0,0.0
2024-02-16 12:30:00-05:00,13.279999732971191,13.279999732971191,13.25,13.25,1252,0.0,0.0
2024-02-16 13:30:00-05:00,13.25,13.25,13.25,13.25,1036,0.0,0.0
2024-02-16 15:30:00-05:00,13.315999984741211,13.375,13.315999984741211,13.375,670,0.0,0.0
2024-02-20 09:30:00-05:00,13.279999732971191,13.279999732971191,13.279899597167969,13.279899597167969,0,0.0,0.0
2024-02-20 10:30:00-05:00,13.243499755859375,13.243499755859375,13.243499755859375,13.243499755859375,203,0.0,0.0
2024-02-20 12:30:00-05:00,13.231800079345703,13.231800079345703,13.231800079345703,13.231800079345703,1500,0.0,0.0
2024-02-20 13:30:00-05:00,13.22599983215332,13.24020004272461,13.22599983215332,13.24020004272461,2882,0.0,0.0
2024-02-20 15:30:00-05:00,13.210000038146973,13.226099967956543,13.210000038146973,13.226099967956543,3441,0.0,0.0
2024-02-21 09:30:00-05:00,13.260000228881836,13.279999732971191,13.260000228881836,13.279999732971191,0,0.0,0.0
2024-02-21 10:30:00-05:00,13.319999694824219,13.319999694824219,13.300000190734863,13.300000190734863,367,0.0,0.0
2024-02-21 11:30:00-05:00,13.300000190734863,13.300000190734863,13.292099952697754,13.292099952697754,1337,0.0,0.0
2024-02-21 12:30:00-05:00,13.300000190734863,13.305999755859375,13.300000190734863,13.305999755859375,3385,0.0,0.0
2024-02-21 13:30:00-05:00,13.270000457763672,13.300000190734863,13.25,13.300000190734863,3183,0.0,0.0
2024-02-21 14:30:00-05:00,13.289899826049805,13.289899826049805,13.260000228881836,13.274999618530273,3984,0.0,0.0
2024-02-21 15:30:00-05:00,13.25,13.25,13.229999542236328,13.229999542236328,533,0.0,0.0
2024-02-22 12:30:00-05:00,13.3100004196167,13.382499694824219,13.292099952697754,13.349900245666504,5602,0.0,0.0
2024-02-22 13:30:00-05:00,13.300000190734863,13.3100004196167,13.281499862670898,13.281499862670898,1077,0.0,0.0
2024-02-22 14:30:00-05:00,13.319999694824219,13.319999694824219,13.276200294494629,13.319999694824219,13699,0.0,0.0
2024-02-22 15:30:00-05:00,13.289999961853027,13.289999961853027,13.279999732971191,13.279999732971191,601,0.0,0.0
2024-02-23 09:30:00-05:00,13.34000015258789,13.414999961853027,13.34000015258789,13.390000343322754,0,0.0,0.0
2024-02-23 10:30:00-05:00,13.369999885559082,13.380000114440918,13.369999885559082,13.380000114440918,656,0.0,0.0
2024-02-23 11:30:00-05:00,13.419899940490723,13.419899940490723,13.309900283813477,13.309900283813477,2200,0.0,0.0
2024-02-23 12:30:00-05:00,13.295000076293945,13.3100004196167,13.295000076293945,13.309200286865234,2553,0.0,0.0
2024-02-23 13:30:00-05:00,13.329999923706055,13.34000015258789,13.329999923706055,13.34000015258789,1050,0.0,0.0
2024-02-23 14:30:00-05:00,13.329999923706055,13.329999923706055,13.315899848937988,13.329999923706055,2743,0.0,0.0
2024-02-23 15:30:00-05:00,13.289999961853027,13.289999961853027,13.279999732971191,13.279999732971191,389,0.0,0.0
2024-02-26 09:30:00-05:00,13.300000190734863,13.300000190734863,13.199999809265137,13.199999809265137,0,0.0,0.0
2024-02-26 10:30:00-05:00,13.199999809265137,13.212699890136719,13.119999885559082,13.212699890136719,5716,0.0,0.0
2024-02-26 12:30:00-05:00,13.24530029296875,13.3302001953125,13.24530029296875,13.3302001953125,2186,0.0,0.0
2024-02-26 13:30:00-05:00,13.300000190734863,13.300000190734863,13.220000267028809,13.229999542236328,550,0.0,0.0
2024-02-27 09:30:00-05:00,13.220000267028809,13.230199813842773,13.050000190734863,13.109999656677246,0,0.0,0.0
2024-02-27 10:30:00-05:00,13.09000015258789,13.119999885559082,13.050000190734863,13.085000038146973,4290,0.0,0.0
2024-02-27 11:30:00-05:00,13.069999694824219,13.069999694824219,13.069999694824219,13.069999694824219,212,0.0,0.0
2024-02-27 12:30:00-05:00,13.069999694824219,13.079999923706055,13.069999694824219,13.079999923706055,1581,0.0,0.0
2024-02-27 13:30:00-05:00,13.053799629211426,13.053799629211426,13.050000190734863,13.050000190734863,515,0.0,0.0
2024-02-27 14:30:00-05:00,13.072999954223633,13.081399917602539,13.060099601745605,13.060099601745605,1809,0.0,0.0
2024-02-27 15:30:00-05:00,13.074999809265137,13.074999809265137,13.0600004196167,13.069899559020996,1401,0.0,0.0
2024-02-28 09:30:00-05:00,13.069999694824219,13.104999542236328,13.050000190734863,13.072600364685059,0,0.0,0.0
2024-02-28 10:30:00-05:00,13.050000190734863,13.089900016784668,13.0,13.069499969482422,5502,0.0,0.0
2024-02-28 11:30:00-05:00,13.0649995803833,13.0649995803833,13.0649995803833,13.0649995803833,1450,0.0,0.0
2024-02-28 12:30:00-05:00,13.069999694824219,13.069999694824219,13.050100326538086,13.069999694824219,542,0.0,0.0
2024-02-28 13:30:00-05:00,13.077899932861328,13.079999923706055,13.069999694824219,13.079999923706055,2215,0.0,0.0
2024-02-28 14:30:00-05:00,13.069999694824219,13.079999923706055,13.0649995803833,13.0649995803833,354,0.0,0.0
2024-02-28 15:30:00-05:00,13.0600004196167,13.0600004196167,13.0600004196167,13.0600004196167,300,0.0,0.0
2024-02-29 09:30:00-05:00,13.09000015258789,13.093000411987305,13.020000457763672,13.029999732971191,0,0.0,0.0
2024-02-29 10:30:00-05:00,13.029999732971191,13.064399719238281,13.029999732971191,13.045700073242188,1337,0.0,0.0
2024-02-29 11:30:00-05:00,13.0600004196167,13.09000015258789,13.029999732971191,13.074999809265137,10090,0.0,0.0
2024-02-29 12:30:00-05:00,13.09000015258789,13.097900390625,13.039999961853027,13.050100326538086,12550,0.0,0.0
2024-02-29 13:30:00-05:00,13.069999694824219,13.1899995803833,13.069999694824219,13.1899995803833,6235,0.0,0.0
2024-02-29 14:30:00-05:00,13.130000114440918,13.170000076293945,13.084400177001953,13.084400177001953,2259,0.0,0.0
2024-02-29 15:30:00-05:00,13.100000381469727,13.109999656677246,13.095000267028809,13.109999656677246,3189,0.0,0.0
2024-03-01 09:30:00-05:00,13.140000343322754,13.140000343322754,13.029999732971191,13.039999961853027,6370,0.0,0.0
2024-03-01 10:30:00-05:00,13.076800346374512,13.079999923706055,13.029999732971191,13.0600004196167,5441,0.0,0.0
2024-03-01 11:30:00-05:00,13.076700210571289,13.130000114440918,13.070099830627441,13.087599754333496,1945,0.0,0.0
2024-03-01 12:30:00-05:00,13.09000015258789,13.09000015258789,13.070300102233887,13.070300102233887,641,0.0,0.0
2024-03-01 13:30:00-05:00,13.09000015258789,13.13010025024414,13.083600044250488,13.13010025024414,8975,0.0,0.0
2024-03-01 14:30:00-05:00,13.126399993896484,13.170000076293945,13.126399993896484,13.140000343322754,8100,0.0,0.0
2024-03-01 15:30:00-05:00,13.135000228881836,13.170000076293945,13.135000228881836,13.170000076293945,896,0.0,0.0
2024-03-04 09:30:00-05:00,13.210000038146973,13.210000038146973,13.010000228881836,13.039999961853027,0,0.0,0.0
2024-03-04 10:30:00-05:00,13.010000228881836,13.140000343322754,13.010000228881836,13.109999656677246,6144,0.0,0.0
2024-03-04 11:30:00-05:00,13.109999656677246,13.109999656677246,13.109999656677246,13.109999656677246,323,0.0,0.0
2024-03-04 12:30:00-05:00,13.100000381469727,13.119999885559082,13.100000381469727,13.11620044708252,969,0.0,0.0
2024-03-04 13:30:00-05:00,13.149999618530273,13.202400207519531,13.100000381469727,13.139900207519531,1918,0.0,0.0
2024-03-04 15:30:00-05:00,13.130000114440918,13.189200401306152,13.130000114440918,13.170000076293945,3036,0.0,0.0
2024-03-05 09:30:00-05:00,13.149999618530273,13.180000305175781,13.119999885559082,13.15999984741211,0,0.0,0.0
2024-03-05 10:30:00-05:00,13.140000343322754,13.140000343322754,13.109999656677246,13.130000114440918,2201,0.0,0.0
2024-03-05 11:30:00-05:00,13.130000114440918,13.157999992370605,13.130000114440918,13.144200325012207,800,0.0,0.0
2024-03-05 12:30:00-05:00,13.180000305175781,13.180000305175781,13.15999984741211,13.171099662780762,700,0.0,0.0
2024-03-05 13:30:00-05:00,13.180000305175781,13.1850004196167,13.15999984741211,13.160099983215332,5004,0.0,0.0
2024-03-05 14:30:00-05:00,13.180000305175781,13.21500015258789,13.16569995880127,13.1899995803833,3070,0.0,0.0
2024-03-05 15:30:00-05:00,13.190600395202637,13.199999809265137,13.190600395202637,13.199999809265137,942,0.0,0.0
2024-03-06 09:30:00-05:00,13.1899995803833,13.1899995803833,13.050000190734863,13.069999694824219,0,0.0,0.0
2024-03-06 10:30:00-05:00,13.069999694824219,13.170000076293945,13.0600004196167,13.130000114440918,1686,0.0,0.0
2024-03-06 11:30:00-05:00,13.170000076293945,13.170000076293945,13.140000343322754,13.140000343322754,683,0.0,0.0
2024-03-06 12:30:00-05:00,13.158699989318848,13.169300079345703,13.158699989318848,13.169300079345703,1445,0.0,0.0
2024-03-06 13:30:00-05:00,13.164999961853027,13.164999961853027,13.164999961853027,13.164999961853027,200,0.0,0.0
2024-03-06 14:30:00-05:00,13.160699844360352,13.164999961853027,13.160699844360352,13.164999961853027,971,0.0,0.0
2024-03-06 15:30:00-05:00,13.164999961853027,13.170000076293945,13.149999618530273,13.149999618530273,1848,0.0,0.0
2024-03-07 09:30:00-05:00,13.119999885559082,13.149999618530273,13.069999694824219,13.119999885559082,0,0.0,0.0
2024-03-07 10:30:00-05:00,13.149999618530273,13.170000076293945,13.131199836730957,13.170000076293945,14741,0.0,0.0
2024-03-07 11:30:00-05:00,13.170000076293945,13.1850004196167,13.169899940490723,13.1850004196167,6567,0.0,0.0
2024-03-07 12:30:00-05:00,13.1899995803833,13.1899995803833,13.1899995803833,13.1899995803833,100,0.0,0.0
2024-03-07 13:30:00-05:00,13.1850004196167,13.199999809265137,13.1850004196167,13.199899673461914,2254,0.0,0.0
2024-03-07 14:30:00-05:00,13.195599555969238,13.195599555969238,13.1899995803833,13.195599555969238,3170,0.0,0.0
2024-03-07 15:30:00-05:00,13.194700241088867,13.194700241088867,13.194700241088867,13.194700241088867,100,0.0,0.0
2024-03-08 09:30:00-05:00,13.210000038146973,13.210000038146973,13.199999809265137,13.210000038146973,0,0.0,0.0
2024-03-08 10:30:00-05:00,13.239999771118164,13.241100311279297,13.239999771118164,13.240099906921387,2504,0.0,0.0
2024-03-08 11:30:00-05:00,13.241100311279297,13.25,13.234999656677246,13.234999656677246,1303,0.0,0.0
2024-03-08 13:30:00-05:00,13.240099906921387,13.240099906921387,13.239999771118164,13.239999771118164,400,0.0,0.0
2024-03-08 14:30:00-05:00,13.244999885559082,13.245800018310547,13.239999771118164,13.245800018310547,972,0.0,0.0
2024-03-08 15:30:00-05:00,13.239999771118164,13.239999771118164,13.234999656677246,13.239999771118164,3966,0.0,0.0
2024-03-11 09:30:00-04:00,13.25,13.25,13.204999923706055,13.220000267028809,0,0.0,0.0
2024-03-11 11:30:00-04:00,13.239899635314941,13.239899635314941,13.239899635314941,13.239899635314941,378,0.0,0.0
2024-03-11 13:30:00-04:00,13.234999656677246,13.260000228881836,13.234999656677246,13.25,3101,0.0,0.0
2024-03-11 14:30:00-04:00,13.25,13.25,13.230199813842773,13.239999771118164,8357,0.0,0.0
2024-03-11 15:30:00-04:00,13.229999542236328,13.229999542236328,13.210000038146973,13.220000267028809,868,0.0,0.0
2024-03-12 09:30:00-04:00,13.1899995803833,13.245699882507324,13.1899995803833,13.245699882507324,431,0.0,0.0
2024-03-12 13:30:00-04:00,13.229999542236328,13.229999542236328,13.229999542236328,13.229999542236328,863,0.0,0.0
2024-03-12 14:30:00-04:00,13.225000381469727,13.236300468444824,13.225000381469727,13.236300468444824,2850,0.0,0.0
2024-03-12 15:30:00-04:00,13.239999771118164,13.260000228881836,13.239999771118164,13.260000228881836,1413,0.0,0.0
2024-03-13 09:30:00-04:00,13.239999771118164,13.251700401306152,13.140000343322754,13.1899995803833,8861,0.0,0.0
2024-03-13 10:30:00-04:00,13.1899995803833,13.1899995803833,13.1899995803833,13.1899995803833,244,0.0,0.0
2024-03-13 11:30:00-04:00,13.1899995803833,13.1899995803833,13.1899995803833,13.1899995803833,110,0.0,0.0
2024-03-13 13:30:00-04:00,13.229999542236328,13.229999542236328,13.199999809265137,13.199999809265137,1158,0.0,0.0
2024-03-13 14:30:00-04:00,13.239999771118164,13.260000228881836,13.239899635314941,13.25,2457,0.0,0.0
2024-03-13 15:30:00-04:00,13.239999771118164,13.350000381469727,13.239999771118164,13.350000381469727,9252,0.0,0.0
2024-03-14 09:30:00-04:00,13.289999961853027,13.289999961853027,13.289999961853027,13.289999961853027,0,0.0,0.0
2024-03-14 10:30:00-04:00,13.191699981689453,13.191699981689453,13.191699981689453,13.191699981689453,178,0.0,0.0
2024-03-14 11:30:00-04:00,13.1899995803833,13.19320011138916,13.1899995803833,13.19320011138916,1054,0.0,0.0
2024-03-14 12:30:00-04:00,13.180000305175781,13.180000305175781,13.180000305175781,13.180000305175781,811,0.0,0.0
2024-03-14 13:30:00-04:00,13.1899995803833,13.1899995803833,13.180000305175781,13.180000305175781,353,0.0,0.0
2024-03-14 14:30:00-04:00,13.189900398254395,13.479999542236328,13.1850004196167,13.399999618530273,20186,0.0,0.0
2024-03-14 15:30:00-04:00,13.390000343322754,13.420000076293945,13.280099868774414,13.399999618530273,13259,0.0,0.0
2024-03-15 09:30:00-04:00,13.34000015258789,13.34000015258789,13.34000015258789,13.34000015258789,0,0.0,0.0
2024-03-15 10:30:00-04:00,13.289999961853027,13.289999961853027,13.280699729919434,13.280699729919434,755,0.0,0.0
2024-03-15 11:30:00-04:00,13.319999694824219,13.34000015258789,13.319999694824219,13.34000015258789,2275,0.0,0.0
2024-03-15 13:30:00-04:00,13.34000015258789,13.34000015258789,13.34000015258789,13.34000015258789,600,0.0,0.0
2024-03-15 15:30:00-04:00,13.34000015258789,13.350000381469727,13.34000015258789,13.350000381469727,6766,0.0,0.0
2024-03-18 09:30:00-04:00,13.449999809265137,13.449999809265137,13.40999984741211,13.4399995803833,0,0.0,0.0
2024-03-18 10:30:00-04:00,13.449999809265137,13.449999809265137,13.39680004119873,13.39680004119873,461,0.0,0.0
2024-03-18 11:30:00-04:00,13.399999618530273,13.400300025939941,13.399999618530273,13.400300025939941,1450,0.0,0.0
2024-03-18 12:30:00-04:00,13.470000267028809,13.470000267028809,13.470000267028809,13.470000267028809,120,0.0,0.0
2024-03-18 13:30:00-04:00,13.45479965209961,13.470000267028809,13.4350004196167,13.4350004196167,10135,0.0,0.0
2024-03-18 15:30:00-04:00,13.470000267028809,13.470000267028809,13.40999984741211,13.42140007019043,1064,0.0,0.0
2024-03-19 09:30:00-04:00,13.479999542236328,13.479999542236328,13.409000396728516,13.454999923706055,0,0.0,0.0
2024-03-19 10:30:00-04:00,13.4399995803833,13.454999923706055,13.430000305175781,13.439000129699707,4132,0.0,0.0
2024-03-19 11:30:00-04:00,13.447099685668945,13.447099685668945,13.391599655151367,13.391599655151367,2572,0.0,0.0
2024-03-19 14:30:00-04:00,13.364999771118164,13.364999771118164,13.364999771118164,13.364999771118164,681,0.0,0.0
2024-03-19 15:30:00-04:00,13.329999923706055,13.359999656677246,13.329999923706055,13.359999656677246,445,0.0,0.0
2024-03-20 09:30:00-04:00,13.329999923706055,13.329999923706055,13.329999923706055,13.329999923706055,0,0.0,0.0
2024-03-20 10:30:00-04:00,13.375,13.375,13.375,13.375,1875,0.0,0.0
2024-03-20 13:30:00-04:00,13.399900436401367,13.399999618530273,13.375,13.375,4074,0.0,0.0
2024-03-20 14:30:00-04:00,13.404999732971191,13.404999732971191,13.404999732971191,13.404999732971191,117,0.0,0.0
2024-03-20 15:30:00-04:00,13.40999984741211,13.40999984741211,13.359999656677246,13.369999885559082,671,0.0,0.0
2024-03-21 11:30:00-04:00,13.321399688720703,13.321399688720703,13.321399688720703,13.321399688720703,1039,0.0,0.0
2024-03-21 12:30:00-04:00,13.34000015258789,13.34000015258789,13.281000137329102,13.319899559020996,4773,0.0,0.0
2024-03-21 13:30:00-04:00,13.319999694824219,13.324000358581543,13.300000190734863,13.319999694824219,1722,0.0,0.0
2024-03-21 14:30:00-04:00,13.335800170898438,13.335800170898438,13.335800170898438,13.335800170898438,400,0.0,0.0
2024-03-21 15:30:00-04:00,13.380000114440918,13.380000114440918,13.350000381469727,13.350000381469727,2088,0.0,0.0
2024-03-22 09:30:00-04:00,13.399999618530273,13.479999542236328,13.399999618530273,13.479999542236328,0,0.0,0.0
2024-03-22 10:30:00-04:00,13.449999809265137,13.449999809265137,13.449999809265137,13.449999809265137,300,0.0,0.0
2024-03-22 11:30:00-04:00,13.449999809265137,13.449999809265137,13.449999809265137,13.449999809265137,604,0.0,0.0
2024-03-22 12:30:00-04:00,13.4399995803833,13.4399995803833,13.414999961853027,13.414999961853027,400,0.0,0.0
2024-03-22 13:30:00-04:00,13.4399995803833,13.4399995803833,13.4399995803833,13.4399995803833,300,0.0,0.0
2024-03-22 14:30:00-04:00,13.4399995803833,13.4399995803833,13.399999618530273,13.430299758911133,6763,0.0,0.0
2024-03-22 15:30:00-04:00,13.420900344848633,13.420900344848633,13.300000190734863,13.300000190734863,7564,0.0,0.0
2024-03-25 09:30:00-04:00,13.369999885559082,13.369999885559082,13.369999885559082,13.369999885559082,0,0.0,0.0
2024-03-25 10:30:00-04:00,13.342100143432617,13.350000381469727,13.335000038146973,13.34000015258789,4000,0.0,0.0
2024-03-25 11:30:00-04:00,13.380000114440918,13.380000114440918,13.380000114440918,13.380000114440918,100,0.0,0.0
2024-03-25 12:30:00-04:00,13.379899978637695,13.379899978637695,13.379899978637695,13.379899978637695,875,0.0,0.0
2024-03-25 13:30:00-04:00,13.380000114440918,13.390000343322754,13.364999771118164,13.389900207519531,4709,0.0,0.0
2024-03-25 14:30:00-04:00,13.357600212097168,13.357600212097168,13.357600212097168,13.357600212097168,1468,0.0,0.0
2024-03-26 09:30:00-04:00,13.40999984741211,13.40999984741211,13.359999656677246,13.359999656677246,0,0.0,0.0
2024-03-26 10:30:00-04:00,13.359999656677246,13.359999656677246,13.359999656677246,13.359999656677246,400,0.0,0.0
2024-03-26 11:30:00-04:00,13.359999656677246,13.359999656677246,13.359999656677246,13.359999656677246,220,0.0,0.0
2024-03-26 13:30:00-04:00,13.40999984741211,13.40999984741211,13.363100051879883,13.363100051879883,3718,0.0,0.0
2024-03-27 09:30:00-04:00,13.420000076293945,13.420000076293945,13.399999618530273,13.399999618530273,0,0.0,0.0
2024-03-27 10:30:00-04:00,13.4399995803833,13.4399995803833,13.4399995803833,13.4399995803833,0,0.0,0.0
2024-03-27 11:30:00-04:00,13.460200309753418,13.464500427246094,13.449999809265137,13.449999809265137,3900,0.0,0.0
2024-03-27 12:30:00-04:00,13.479999542236328,13.479999542236328,13.380000114440918,13.380000114440918,305,0.0,0.0
2024-03-27 13:30:00-04:00,13.380000114440918,13.390000343322754,13.380000114440918,13.390000343322754,876,0.0,0.0
2024-03-27 14:30:00-04:00,13.470000267028809,13.470000267028809,13.40999984741211,13.4399995803833,485,0.0,0.0
2024-03-27 15:30:00-04:00,13.40999984741211,13.40999984741211,13.390000343322754,13.390000343322754,365,0.0,0.0
2024-03-28 09:30:00-04:00,13.4399995803833,13.4399995803833,13.4399995803833,13.4399995803833,0,0.0,0.0
2024-03-28 11:30:00-04:00,13.39680004119873,13.39680004119873,13.39680004119873,13.39680004119873,2027,0.0,0.0
2024-03-28 15:30:00-04:00,13.479999542236328,13.479999542236328,13.430000305175781,13.430000305175781,595,0.0,0.0
2024-04-01 09:30:00-04:00,13.479999542236328,13.479999542236328,13.420000076293945,13.420000076293945,0,0.0,0.0
2024-04-01 11:30:00-04:00,13.41469955444336,13.419899940490723,13.411999702453613,13.419899940490723,2012,0.0,0.0
2024-04-01 13:30:00-04:00,13.40999984741211,13.456700325012207,13.40999984741211,13.456700325012207,2742,0.0,0.0
2024-04-01 14:30:00-04:00,13.4399995803833,13.454999923706055,13.4399995803833,13.4399995803833,542,0.0,0.0
2024-04-02 09:30:00-04:00,13.430000305175781,13.430000305175781,13.359999656677246,13.359999656677246,0,0.0,0.0
2024-04-02 11:30:00-04:00,13.409899711608887,13.409899711608887,13.409899711608887,13.409899711608887,100,0.0,0.0
2024-04-02 12:30:00-04:00,13.40999984741211,13.40999984741211,13.395000457763672,13.399999618530273,324,0.0,0.0
2024-04-02 14:30:00-04:00,13.399999618530273,13.40999984741211,13.395000457763672,13.40999984741211,1951,0.0,0.0
2024-04-02 15:30:00-04:00,13.380000114440918,13.390000343322754,13.34000015258789,13.34000015258789,3143,0.0,0.0
2024-04-03 09:30:00-04:00,13.34000015258789,13.380000114440918,13.34000015258789,13.372699737548828,0,0.0,0.0
2024-04-03 10:30:00-04:00,13.369999885559082,13.369999885559082,13.369999885559082,13.369999885559082,573,0.0,0.0
2024-04-03 12:30:00-04:00,13.365699768066406,13.365699768066406,13.365699768066406,13.365699768066406,1033,0.0,0.0
2024-04-03 13:30:00-04:00,13.350000381469727,13.390000343322754,13.350000381469727,13.390000343322754,707,0.0,0.0
2024-04-03 14:30:00-04:00,13.369999885559082,13.369999885559082,13.369999885559082,13.369999885559082,119,0.0,0.0
2024-04-03 15:30:00-04:00,13.390000343322754,13.390000343322754,13.350000381469727,13.350000381469727,922,0.0,0.0
2024-04-04 09:30:00-04:00,13.34000015258789,13.340999603271484,13.3100004196167,13.340999603271484,0,0.0,0.0
2024-04-04 10:30:00-04:00,13.380000114440918,13.418999671936035,13.380000114440918,13.40999984741211,3830,0.0,0.0
2024-04-04 13:30:00-04:00,13.399999618530273,13.399999618530273,13.399999618530273,13.399999618530273,200,0.0,0.0
2024-04-04 14:30:00-04:00,13.406599998474121,13.40999984741211,13.399999618530273,13.409899711608887,4138,0.0,0.0
2024-04-04 15:30:00-04:00,13.396599769592285,13.399999618530273,13.396599769592285,13.399999618530273,1506,0.0,0.0
2024-04-05 09:30:00-04:00,13.40999984741211,13.40999984741211,13.289999961853027,13.300000190734863,0,0.0,0.0
2024-04-05 10:30:00-04:00,13.289999961853027,13.350000381469727,13.260000228881836,13.260000228881836,2908,0.0,0.0
2024-04-05 11:30:00-04:00,13.279999732971191,13.279999732971191,13.279899597167969,13.279899597167969,200,0.0,0.0
2024-04-05 13:30:00-04:00,13.279899597167969,13.279899597167969,13.279899597167969,13.279899597167969,131,0.0,0.0
2024-04-05 14:30:00-04:00,13.279999732971191,13.289999961853027,13.279000282287598,13.289999961853027,730,0.0,0.0
2024-04-05 15:30:00-04:00,13.294599533081055,13.294599533081055,13.260000228881836,13.260000228881836,200,0.0,0.0
2024-04-08 09:30:00-04:00,13.199999809265137,13.199999809265137,13.199999809265137,13.199999809265137,0,0.0,0.0
2024-04-08 10:30:00-04:00,13.199999809265137,13.226400375366211,13.180000305175781,13.180000305175781,1740,0.0,0.0
2024-04-08 11:30:00-04:00,13.180000305175781,13.182999610900879,13.180000305175781,13.182999610900879,236,0.0,0.0
2024-04-08 12:30:00-04:00,13.1850004196167,13.1899995803833,13.180000305175781,13.180000305175781,1164,0.0,0.0
2024-04-08 13:30:00-04:00,13.187000274658203,13.187000274658203,13.187000274658203,13.187000274658203,202,0.0,0.0
2024-04-08 14:30:00-04:00,13.170000076293945,13.1850004196167,13.170000076293945,13.17020034790039,1136,0.0,0.0
2024-04-08 15:30:00-04:00,13.1899995803833,13.1899995803833,13.170000076293945,13.170000076293945,203,0.0,0.0
2024-04-09 09:30:00-04:00,13.180000305175781,13.225000381469727,13.15999984741211,13.15999984741211,7875,0.0,0.0
2024-04-09 10:30:00-04:00,13.15999984741211,13.15999984741211,13.15999984741211,13.15999984741211,115,0.0,0.0
2024-04-09 11:30:00-04:00,13.181500434875488,13.181500434875488,13.15999984741211,13.15999984741211,5770,0.0,0.0
2024-04-09 12:30:00-04:00,13.15999984741211,13.15999984741211,13.15999984741211,13.15999984741211,125,0.0,0.0
2024-04-09 13:30:00-04:00,13.1899995803833,13.199999809265137,13.180000305175781,13.1899995803833,1074,0.0,0.0
2024-04-09 15:30:00-04:00,13.170000076293945,13.170000076293945,13.15999984741211,13.15999984741211,377,0.0,0.0
2024-04-10 09:30:00-04:00,13.15999984741211,13.369999885559082,13.15999984741211,13.15999984741211,0,0.0,0.0
2024-04-10 12:30:00-04:00,13.100000381469727,13.104499816894531,13.0,13.010000228881836,7139,0.0,0.0
2024-04-10 13:30:00-04:00,13.010000228881836,13.020000457763672,13.010000228881836,13.020000457763672,404,0.0,0.0
2024-04-10 14:30:00-04:00,13.085000038146973,13.085000038146973,13.085000038146973,13.085000038146973,101,0.0,0.0
2024-04-10 15:30:00-04:00,13.029999732971191,13.029999732971191,13.029999732971191,13.029999732971191,151,0.0,0.0
2024-04-11 09:30:00-04:00,13.079999923706055,13.119999885559082,13.0,13.0,0,0.0,0.0
2024-04-11 10:30:00-04:00,13.020000457763672,13.020000457763672,13.020000457763672,13.020000457763672,205,0.0,0.0
2024-04-11 11:30:00-04:00,13.100000381469727,13.100000381469727,13.100000381469727,13.100000381469727,170,0.0,0.0
2024-04-11 12:30:00-04:00,13.039999961853027,13.100000381469727,13.039999961853027,13.100000381469727,401,0.0,0.0
2024-04-11 13:30:00-04:00,13.109999656677246,13.109999656677246,13.109999656677246,13.109999656677246,200,0.0,0.0
2024-04-11 14:30:00-04:00,13.085000038146973,13.085000038146973,13.069999694824219,13.069999694824219,0,0.0,0.0
2024-04-12 09:30:00-04:00,13.020000457763672,13.020000457763672,13.0,13.0,2090,0.0,0.0
2024-04-12 10:30:00-04:00,13.100000381469727,13.100000381469727,13.0,13.0,3965,0.0,0.0
2024-04-12 11:30:00-04:00,13.014599800109863,13.050000190734863,13.0,13.050000190734863,1000,0.0,0.0
2024-04-12 12:30:00-04:00,13.039999961853027,13.059000015258789,13.024999618530273,13.029000282287598,1664,0.0,0.0
2024-04-12 13:30:00-04:00,13.020000457763672,13.020000457763672,12.979999542236328,12.989999771118164,5464,0.0,0.0
2024-04-12 14:30:00-04:00,12.960000038146973,12.989999771118164,12.960000038146973,12.979900360107422,869,0.0,0.0
2024-04-12 15:30:00-04:00,12.949999809265137,12.949999809265137,12.949999809265137,12.949999809265137,413,0.0,0.0
2024-04-15 09:30:00-04:00,12.949999809265137,13.140000343322754,12.899999618530273,12.899999618530273,0,0.0,0.0
2024-04-15 10:30:00-04:00,12.989999771118164,12.989999771118164,12.90999984741211,12.90999984741211,2187,0.0,0.0
2024-04-15 11:30:00-04:00,12.899999618530273,12.899999618530273,12.850099563598633,12.855899810791016,7948,0.0,0.0
2024-04-15 12:30:00-04:00,12.857999801635742,12.880000114440918,12.8100004196167,12.8100004196167,7260,0.0,0.0
2024-04-15 13:30:00-04:00,12.8100004196167,12.829999923706055,12.8100004196167,12.829999923706055,313,0.0,0.0
2024-04-15 14:30:00-04:00,12.84000015258789,12.850000381469727,12.819999694824219,12.829500198364258,992,0.0,0.0
2024-04-15 15:30:00-04:00,12.819999694824219,12.820699691772461,12.800000190734863,12.8100004196167,2848,0.0,0.0
2024-04-16 09:30:00-04:00,12.84000015258789,12.920000076293945,12.75,12.920000076293945,0,0.0,0.0
2024-04-16 10:30:00-04:00,12.800000190734863,12.829999923706055,12.800000190734863,12.8100004196167,1443,0.0,0.0
2024-04-16 11:30:00-04:00,12.8100004196167,12.84000015258789,12.8100004196167,12.818099975585938,401,0.0,0.0
2024-04-16 12:30:00-04:00,12.829999923706055,12.84000015258789,12.829999923706055,12.829999923706055,505,0.0,0.0
2024-04-16 13:30:00-04:00,12.84000015258789,12.850000381469727,12.84000015258789,12.84000015258789,417,0.0,0.0
2024-04-16 15:30:00-04:00,12.84000015258789,12.859999656677246,12.84000015258789,12.855199813842773,897,0.0,0.0
2024-04-17 09:30:00-04:00,12.869999885559082,13.024999618530273,12.869999885559082,13.024999618530273,0,0.0,0.0
2024-04-17 10:30:00-04:00,12.880000114440918,12.880000114440918,12.850000381469727,12.859999656677246,1701,0.0,0.0
2024-04-17 11:30:00-04:00,12.880000114440918,12.880000114440918,12.880000114440918,12.880000114440918,258,0.0,0.0
2024-04-17 12:30:00-04:00,12.859999656677246,12.859999656677246,12.859999656677246,12.859999656677246,100,0.0,0.0
2024-04-17 13:30:00-04:00,12.859999656677246,12.859999656677246,12.859999656677246,12.859999656677246,0,0.0,0.0
2024-04-17 14:30:00-04:00,12.880000114440918,12.880000114440918,12.869999885559082,12.869999885559082,3924,0.0,0.0
2024-04-17 15:30:00-04:00,12.86769962310791,12.86769962310791,12.86769962310791,12.86769962310791,0,0.0,0.0
2024-04-18 09:30:00-04:00,13.0,13.0,12.984999656677246,12.984999656677246,0,0.0,0.0
2024-04-18 10:30:00-04:00,12.90999984741211,12.90999984741211,12.90999984741211,12.90999984741211,320,0.0,0.0
2024-04-18 11:30:00-04:00,12.90999984741211,12.90999984741211,12.905099868774414,12.905099868774414,601,0.0,0.0
2024-04-18 12:30:00-04:00,12.899999618530273,12.899999618530273,12.899999618530273,12.899999618530273,329,0.0,0.0
2024-04-18 13:30:00-04:00,12.880000114440918,12.880000114440918,12.880000114440918,12.880000114440918,891,0.0,0.0
2024-04-18 14:30:00-04:00,12.871999740600586,12.871999740600586,12.871999740600586,12.871999740600586,1875,0.0,0.0
2024-04-19 09:30:00-04:00,12.890000343322754,12.899999618530273,12.890000343322754,12.899999618530273,0,0.0,0.0
2024-04-19 10:30:00-04:00,12.899999618530273,12.899999618530273,12.899999618530273,12.899999618530273,100,0.0,0.0
2024-04-19 12:30:00-04:00,12.859999656677246,12.875,12.850000381469727,12.875,2025,0.0,0.0
2024-04-19 13:30:00-04:00,12.871299743652344,12.871299743652344,12.850000381469727,12.850000381469727,300,0.0,0.0
2024-04-19 14:30:00-04:00,12.859999656677246,12.859999656677246,12.859999656677246,12.859999656677246,539,0.0,0.0
2024-04-19 15:30:00-04:00,12.861200332641602,12.869799613952637,12.859999656677246,12.859999656677246,5088,0.0,0.0
2024-04-22 09:30:00-04:00,13.029999732971191,13.03499984741211,12.90999984741211,12.920000076293945,6254,0.0,0.0
2024-04-22 10:30:00-04:00,12.920000076293945,12.930000305175781,12.920000076293945,12.930000305175781,1068,0.0,0.0
2024-04-22 12:30:00-04:00,13.100000381469727,13.100000381469727,12.979999542236328,12.979999542236328,673,0.0,0.0
2024-04-22 14:30:00-04:00,12.899999618530273,12.899999618530273,12.890000343322754,12.890000343322754,293,0.0,0.0
2024-04-22 15:30:00-04:00,12.899999618530273,12.899999618530273,12.850000381469727,12.850000381469727,0,0.0,0.0
2024-04-23 09:30:00-04:00,12.970000267028809,12.970000267028809,12.920000076293945,12.920000076293945,6575,0.0,0.0
2024-04-23 10:30:00-04:00,12.930000305175781,12.949999809265137,12.90999984741211,12.949999809265137,1825,0.0,0.0
2024-04-23 12:30:00-04:00,12.960000038146973,12.976099967956543,12.949999809265137,12.954999923706055,6696,0.0,0.0
2024-04-23 14:30:00-04:00,12.949999809265137,12.970000267028809,12.944999694824219,12.96500015258789,3882,0.0,0.0
2024-04-23 15:30:00-04:00,12.943099975585938,12.943099975585938,12.943099975585938,12.943099975585938,1500,0.0,0.0
2024-04-24 09:30:00-04:00,12.899999618530273,12.954099655151367,12.899999618530273,12.924400329589844,0,0.0,0.0
2024-04-24 12:30:00-04:00,12.899999618530273,12.899999618530273,12.899999618530273,12.899999618530273,402,0.0,0.0
2024-04-24 14:30:00-04:00,12.90779972076416,12.90779972076416,12.90779972076416,12.90779972076416,3432,0.0,0.0
2024-04-24 15:30:00-04:00,12.920000076293945,12.920000076293945,12.899999618530273,12.899999618530273,200,0.0,0.0
2024-04-25 09:30:00-04:00,12.859999656677246,12.899999618530273,12.859999656677246,12.887999534606934,0,0.0,0.0
2024-04-25 11:30:00-04:00,12.859999656677246,12.859999656677246,12.850000381469727,12.850000381469727,2519,0.0,0.0
2024-04-25 12:30:00-04:00,12.859999656677246,12.909000396728516,12.859999656677246,12.860199928283691,4739,0.0,0.0
2024-04-25 13:30:00-04:00,12.889200210571289,12.890199661254883,12.859999656677246,12.890199661254883,2640,0.0,0.0
2024-04-25 14:30:00-04:00,12.890000343322754,12.890000343322754,12.875,12.875,1158,0.0,0.0
2024-04-25 15:30:00-04:00,12.877300262451172,12.877300262451172,12.859999656677246,12.859999656677246,0,0.0,0.0
2024-04-26 09:30:00-04:00,12.920000076293945,12.970000267028809,12.920000076293945,12.930100440979004,3186,0.0,0.0
2024-04-26 10:30:00-04:00,13.0,13.0,12.949999809265137,12.979700088500977,1443,0.0,0.0
2024-04-26 12:30:00-04:00,12.979999542236328,12.979999542236328,12.979999542236328,12.979999542236328,1141,0.0,0.0
2024-04-26 13:30:00-04:00,12.954999923706055,13.014800071716309,12.954999923706055,13.010000228881836,1666,0.0,0.0
2024-04-26 14:30:00-04:00,12.975000381469727,12.975000381469727,12.970000267028809,12.970000267028809,3376,0.0,0.0
2024-04-26 15:30:00-04:00,12.979999542236328,12.979999542236328,12.979999542236328,12.979999542236328,184,0.0,0.0
2024-04-29 09:30:00-04:00,12.989999771118164,13.251299858093262,12.989999771118164,13.109999656677246,0,0.0,0.0
2024-04-29 10:30:00-04:00,13.093000411987305,13.093000411987305,13.079999923706055,13.080100059509277,814,0.0,0.0
2024-04-29 11:30:00-04:00,13.085000038146973,13.085000038146973,13.079999923706055,13.079999923706055,575,0.0,0.0
2024-04-29 12:30:00-04:00,13.039299964904785,13.079999923706055,13.039299964904785,13.079999923706055,200,0.0,0.0
2024-04-29 13:30:00-04:00,12.989999771118164,13.069999694824219,12.949999809265137,12.949999809265137,3493,0.0,0.0
2024-04-29 14:30:00-04:00,12.949999809265137,13.010000228881836,12.869999885559082,12.869999885559082,6116,0.0,0.0
2024-04-29 15:30:00-04:00,12.869999885559082,12.960000038146973,12.859999656677246,12.90999984741211,1793,0.0,0.0
2024-04-30 09:30:00-04:00,12.899999618530273,12.920000076293945,12.869999885559082,12.920000076293945,0,0.0,0.0
2024-04-30 10:30:00-04:00,12.90999984741211,13.039799690246582,12.90999984741211,12.994999885559082,5627,0.0,0.0
2024-04-30 13:30:00-04:00,13.0,13.0,13.0,13.0,821,0.0,0.0
2024-04-30 14:30:00-04:00,13.039999961853027,13.039999961853027,13.020400047302246,13.020400047302246,3228,0.0,0.0
2024-04-30 15:30:00-04:00,13.05150032043457,13.089799880981445,13.010000228881836,13.079999923706055,2128,0.0,0.0
2024-05-01 09:30:00-04:00,13.220000267028809,13.270000457763672,13.079999923706055,13.199999809265137,0,0.0,0.0
2024-05-01 10:30:00-04:00,13.3100004196167,13.3100004196167,13.15999984741211,13.170000076293945,3800,0.0,0.0
2024-05-01 11:30:00-04:00,13.09000015258789,13.100000381469727,13.09000015258789,13.100000381469727,758,0.0,0.0
2024-05-01 14:30:00-04:00,13.18239974975586,13.18239974975586,13.18239974975586,13.18239974975586,639,0.0,0.0
2024-05-01 15:30:00-04:00,13.139100074768066,13.1899995803833,13.139100074768066,13.145000457763672,555,0.0,0.0
2024-05-02 09:30:00-04:00,13.289999961853027,13.329999923706055,13.156000137329102,13.329999923706055,0,0.0,0.0
2024-05-02 10:30:00-04:00,13.300000190734863,13.300000190734863,13.25,13.300000190734863,700,0.0,0.0
2024-05-02 11:30:00-04:00,13.149999618530273,13.149999618530273,13.149999618530273,13.149999618530273,300,0.0,0.0
2024-05-02 12:30:00-04:00,13.300000190734863,13.300000190734863,13.180000305175781,13.180000305175781,400,0.0,0.0
2024-05-02 13:30:00-04:00,13.270000457763672,13.270000457763672,13.270000457763672,13.270000457763672,3970,0.0,0.0
2024-05-02 14:30:00-04:00,13.190699577331543,13.190699577331543,13.190699577331543,13.190699577331543,626,0.0,0.0
2024-05-02 15:30:00-04:00,13.300000190734863,13.300000190734863,13.239999771118164,13.295000076293945,866,0.0,0.0
2024-05-03 09:30:00-04:00,13.350000381469727,13.415499687194824,13.340999603271484,13.415499687194824,0,0.0,0.0
2024-05-03 11:30:00-04:00,13.40999984741211,13.40999984741211,13.40999984741211,13.40999984741211,463,0.0,0.0
2024-05-03 14:30:00-04:00,13.380000114440918,13.395000457763672,13.340100288391113,13.359999656677246,4789,0.0,0.0
2024-05-06 09:30:00-04:00,13.34000015258789,13.359999656677246,13.34000015258789,13.359999656677246,0,0.0,0.0
2024-05-06 10:30:00-04:00,13.350000381469727,13.350000381469727,13.300000190734863,13.300000190734863,2932,0.0,0.0
2024-05-06 12:30:00-04:00,13.289999961853027,13.29990005493164,13.289999961853027,13.29990005493164,2868,0.0,0.0
2024-05-06 13:30:00-04:00,13.289999961853027,13.289999961853027,13.260000228881836,13.260000228881836,0,0.0,0.0
2024-05-06 15:30:00-04:00,13.289999961853027,13.289999961853027,13.274999618530273,13.274999618530273,141,0.0,0.0
2024-05-07 10:30:00-04:00,13.350000381469727,13.470000267028809,13.350000381469727,13.470000267028809,1456,0.0,0.0
2024-05-07 12:30:00-04:00,13.449999809265137,13.470000267028809,13.431400299072266,13.449999809265137,4907,0.0,0.0
2024-05-07 13:30:00-04:00,13.449999809265137,13.449999809265137,13.432299613952637,13.432299613952637,2694,0.0,0.0
2024-05-07 14:30:00-04:00,13.448599815368652,13.448599815368652,13.448599815368652,13.448599815368652,439,0.0,0.0
2024-05-07 15:30:00-04:00,13.420000076293945,13.420000076293945,13.399999618530273,13.399999618530273,1100,0.0,0.0
2024-05-08 09:30:00-04:00,13.270000457763672,13.270000457763672,13.210000038146973,13.210000038146973,0,0.0,0.0
2024-05-08 10:30:00-04:00,13.321399688720703,13.329999923706055,13.321399688720703,13.329999923706055,732,0.0,0.0
2024-05-08 11:30:00-04:00,13.322799682617188,13.322799682617188,13.322799682617188,13.322799682617188,1036,0.0,0.0
2024-05-08 12:30:00-04:00,13.300000190734863,13.34000015258789,13.300000190734863,13.338199615478516,4723,0.0,0.0
2024-05-08 14:30:00-04:00,13.300000190734863,13.319999694824219,13.300000190734863,13.319999694824219,593,0.0,0.0
2024-05-08 15:30:00-04:00,13.3100004196167,13.3100004196167,13.296899795532227,13.299500465393066,0,0.0,0.0
2024-05-09 09:30:00-04:00,13.34000015258789,13.34000015258789,13.34000015258789,13.34000015258789,203,0.0,0.0
2024-05-09 10:30:00-04:00,13.32759952545166,13.34000015258789,13.32759952545166,13.34000015258789,2452,0.0,0.0
2024-05-09 11:30:00-04:00,13.32759952545166,13.32759952545166,13.32759952545166,13.32759952545166,100,0.0,0.0
2024-05-09 12:30:00-04:00,13.327500343322754,13.327500343322754,13.316100120544434,13.316100120544434,1261,0.0,0.0
2024-05-09 13:30:00-04:00,13.3149995803833,13.3149995803833,13.3149995803833,13.3149995803833,176,0.0,0.0
2024-05-09 14:30:00-04:00,13.34000015258789,13.34000015258789,13.34000015258789,13.34000015258789,194,0.0,0.0
2024-05-09 15:30:00-04:00,13.34000015258789,13.34000015258789,13.325400352478027,13.330300331115723,1391,0.0,0.0
2024-05-10 09:30:00-04:00,13.34000015258789,13.34000015258789,13.34000015258789,13.34000015258789,0,0.0,0.0
2024-05-10 10:30:00-04:00,13.320099830627441,13.380000114440918,13.320099830627441,13.380000114440918,267,0.0,0.0
2024-05-10 12:30:00-04:00,13.399999618530273,13.400099754333496,13.399999618530273,13.400099754333496,2278,0.0,0.0
2024-05-10 13:30:00-04:00,13.399999618530273,13.406399726867676,13.390000343322754,13.390000343322754,3305,0.0,0.0
2024-05-10 14:30:00-04:00,13.359100341796875,13.359100341796875,13.359100341796875,13.359100341796875,100,0.0,0.0
2024-05-13 09:30:00-04:00,13.430000305175781,13.430000305175781,13.430000305175781,13.430000305175781,0,0.0,0.0
2024-05-13 13:30:00-04:00,13.380000114440918,13.380000114440918,13.330100059509277,13.330100059509277,3455,0.0,0.0
2024-05-13 14:30:00-04:00,13.329999923706055,13.428000450134277,13.319999694824219,13.420000076293945,2002,0.0,0.0
2024-05-14 09:30:00-04:00,13.630000114440918,13.630000114440918,13.43120002746582,13.43120002746582,7199,0.0,0.0
2024-05-14 10:30:00-04:00,13.420000076293945,13.5,13.420000076293945,13.420000076293945,3322,0.0,0.0
2024-05-14 12:30:00-04:00,13.45110034942627,13.45110034942627,13.45110034942627,13.45110034942627,700,0.0,0.0
2024-05-14 13:30:00-04:00,13.479999542236328,13.489999771118164,13.479999542236328,13.489999771118164,520,0.0,0.0
2024-05-14 14:30:00-04:00,13.5,13.579999923706055,13.489999771118164,13.499799728393555,6762,0.0,0.0
2024-05-14 15:30:00-04:00,13.489999771118164,13.489999771118164,13.489999771118164,13.489999771118164,196,0.0,0.0
2024-05-15 09:30:00-04:00,13.619999885559082,13.619999885559082,13.619999885559082,13.619999885559082,0,0.0,0.0
2024-05-15 11:30:00-04:00,13.515000343322754,13.515000343322754,13.515000343322754,13.515000343322754,460,0.0,0.0
2024-05-15 15:30:00-04:00,13.629899978637695,13.728699684143066,13.629899978637695,13.728699684143066,2073,0.0,0.0
2024-05-16 09:30:00-04:00,13.710000038146973,13.710000038146973,13.619999885559082,13.619999885559082,0,0.0,0.0
2024-05-16 12:30:00-04:00,13.585000038146973,13.649999618530273,13.585000038146973,13.649999618530273,319,0.0,0.0
2024-05-16 13:30:00-04:00,13.585000038146973,13.619999885559082,13.585000038146973,13.619999885559082,2000,0.0,0.0
2024-05-16 14:30:00-04:00,13.5,13.548299789428711,13.5,13.548299789428711,4129,0.0,0.0
2024-05-16 15:30:00-04:00,13.604999542236328,13.604999542236328,13.604999542236328,13.604999542236328,123,0.0,0.0
2024-05-17 09:30:00-04:00,13.710000038146973,13.75,13.670000076293945,13.75,4685,0.0,0.0
2024-05-17 10:30:00-04:00,13.710000038146973,13.710000038146973,13.710000038146973,13.710000038146973,1241,0.0,0.0
2024-05-17 11:30:00-04:00,13.75,13.779999732971191,13.674300193786621,13.674300193786621,3162,0.0,0.0
2024-05-17 12:30:00-04:00,13.729999542236328,13.729999542236328,13.729900360107422,13.729900360107422,624,0.0,0.0
2024-05-17 15:30:00-04:00,13.720000267028809,13.725000381469727,13.720000267028809,13.725000381469727,3600,0.0,0.0
2024-05-20 09:30:00-04:00,13.800000190734863,13.800000190734863,13.800000190734863,13.800000190734863,0,0.0,0.0
2024-05-20 10:30:00-04:00,13.743000030517578,13.743000030517578,13.743000030517578,13.743000030517578,1000,0.0,0.0
2024-05-20 11:30:00-04:00,13.739999771118164,13.739999771118164,13.600000381469727,13.600000381469727,5152,0.0,0.0
2024-05-20 12:30:00-04:00,13.619999885559082,13.619999885559082,13.600000381469727,13.600000381469727,233,0.0,0.0
2024-05-20 13:30:00-04:00,13.610400199890137,13.610400199890137,13.610400199890137,13.610400199890137,1544,0.0,0.0
2024-05-20 14:30:00-04:00,13.604900360107422,13.604900360107422,13.604900360107422,13.604900360107422,214,0.0,0.0
2024-05-20 15:30:00-04:00,13.584199905395508,13.584199905395508,13.574999809265137,13.574999809265137,1050,0.0,0.0
2024-05-21 09:30:00-04:00,13.680000305175781,13.680000305175781,13.470000267028809,13.470000267028809,0,0.0,0.0
2024-05-21 10:30:00-04:00,13.470000267028809,13.470000267028809,13.460000038146973,13.460000038146973,1059,0.0,0.0
2024-05-21 11:30:00-04:00,13.460000038146973,13.460000038146973,13.460000038146973,13.460000038146973,762,0.0,0.0
2024-05-21 12:30:00-04:00,13.460000038146973,13.460000038146973,13.454999923706055,13.454999923706055,862,0.0,0.0
2024-05-21 13:30:00-04:00,13.460000038146973,13.460000038146973,13.460000038146973,13.460000038146973,304,0.0,0.0
2024-05-21 15:30:00-04:00,13.4399995803833,13.4399995803833,13.100000381469727,13.149999618530273,30251,0.0,0.0
2024-05-22 09:30:00-04:00,13.149999618530273,13.229999542236328,13.109999656677246,13.149999618530273,5200,0.0,0.0
2024-05-22 10:30:00-04:00,13.100000381469727,13.139900207519531,13.069999694824219,13.079999923706055,4599,0.0,0.0
2024-05-22 11:30:00-04:00,13.069999694824219,13.130000114440918,13.050000190734863,13.130000114440918,6740,0.0,0.0
2024-05-22 12:30:00-04:00,13.109999656677246,13.109999656677246,13.09000015258789,13.109999656677246,1826,0.0,0.0
2024-05-22 13:30:00-04:00,13.109999656677246,13.199999809265137,13.069999694824219,13.073399543762207,10457,0.0,0.0
2024-05-22 14:30:00-04:00,13.069999694824219,13.148099899291992,13.069999694824219,13.148099899291992,4356,0.0,0.0
2024-05-22 15:30:00-04:00,13.119999885559082,13.15999984741211,13.119999885559082,13.149999618530273,5748,0.0,0.0
2024-05-23 09:30:00-04:00,13.149999618530273,13.149999618530273,12.989999771118164,13.010000228881836,0,0.0,0.0
2024-05-23 10:30:00-04:00,13.0,13.010000228881836,12.949999809265137,12.960000038146973,10491,0.0,0.0
2024-05-23 11:30:00-04:00,12.960000038146973,13.0,12.960000038146973,12.960000038146973,1273,0.0,0.0
2024-05-23 12:30:00-04:00,12.984700202941895,12.999899864196777,12.960000038146973,12.960000038146973,7146,0.0,0.0
2024-05-23 13:30:00-04:00,12.960000038146973,13.020000457763672,12.9399995803833,12.970000267028809,4600,0.0,0.0
2024-05-23 14:30:00-04:00,12.9399995803833,12.960000038146973,12.90999984741211,12.90999984741211,7074,0.0,0.0
2024-05-23 15:30:00-04:00,12.90999984741211,12.91469955444336,12.890000343322754,12.890000343322754,2139,0.0,0.0
2024-05-24 09:30:00-04:00,12.869999885559082,12.9399995803833,12.869999885559082,12.9399995803833,0,0.0,0.0
2024-05-24 10:30:00-04:00,12.930000305175781,12.930000305175781,12.90999984741211,12.930000305175781,1300,0.0,0.0
2024-05-24 11:30:00-04:00,12.920000076293945,12.960000038146973,12.90999984741211,12.960000038146973,8137,0.0,0.0
2024-05-24 12:30:00-04:00,12.9399995803833,13.010000228881836,12.9399995803833,12.970100402832031,6417,0.0,0.0
2024-05-24 13:30:00-04:00,13.009599685668945,13.009599685668945,12.989999771118164,13.0,2724,0.0,0.0
2024-05-24 14:30:00-04:00,13.0,13.0,13.0,13.0,969,0.0,0.0
2024-05-24 15:30:00-04:00,13.0,13.020000457763672,13.0,13.0,4053,0.0,0.0
2024-05-28 09:30:00-04:00,13.010000228881836,13.010000228881836,12.949999809265137,12.95740032196045,0,0.0,0.0
2024-05-28 10:30:00-04:00,12.949999809265137,12.984999656677246,12.949999809265137,12.949999809265137,1929,0.0,0.0
2024-05-28 11:30:00-04:00,12.949999809265137,12.949999809265137,12.949999809265137,12.949999809265137,785,0.0,0.0
2024-05-28 12:30:00-04:00,12.949999809265137,12.957362174987793,12.949999809265137,12.957362174987793,978,0.0,0.0
2024-05-28 13:30:00-04:00,12.949999809265137,13.019599914550781,12.949999809265137,12.949999809265137,7788,0.0,0.0
2024-05-28 14:30:00-04:00,12.949999809265137,12.960000038146973,12.920000076293945,12.930000305175781,772,0.0,0.0
2024-05-28 15:30:00-04:00,12.899999618530273,12.970000267028809,12.899999618530273,12.920000076293945,1798,0.0,0.0
2024-05-29 09:30:00-04:00,12.869999885559082,12.875800132751465,12.850000381469727,12.859999656677246,0,0.0,0.0
2024-05-29 10:30:00-04:00,12.850000381469727,12.850000381469727,12.84000015258789,12.845000267028809,1124,0.0,0.0
2024-05-29 11:30:00-04:00,12.84000015258789,12.84000015258789,12.819999694824219,12.829999923706055,492,0.0,0.0
2024-05-29 12:30:00-04:00,12.829999923706055,12.829999923706055,12.800000190734863,12.819999694824219,5034,0.0,0.0
2024-05-29 13:30:00-04:00,12.819899559020996,12.819999694824219,12.810099601745605,12.810099601745605,4298,0.0,0.0
2024-05-29 14:30:00-04:00,12.800000190734863,12.890000343322754,12.800000190734863,12.84000015258789,4199,0.0,0.0
2024-05-29 15:30:00-04:00,12.819999694824219,12.819999694824219,12.800000190734863,12.819999694824219,1378,0.0,0.0
2024-05-30 09:30:00-04:00,12.819999694824219,12.859999656677246,12.8100004196167,12.819999694824219,0,0.0,0.0
2024-05-30 10:30:00-04:00,12.8100004196167,12.824999809265137,12.8100004196167,12.824999809265137,885,0.0,0.0
2024-05-30 11:30:00-04:00,12.8100004196167,12.814000129699707,12.8100004196167,12.8100004196167,1192,0.0,0.0
2024-05-30 12:30:00-04:00,12.8100004196167,12.824999809265137,12.8100004196167,12.824999809265137,800,0.0,0.0
2024-05-30 14:30:00-04:00,12.812999725341797,12.824999809265137,12.8100004196167,12.819999694824219,3197,0.0,0.0
2024-05-30 15:30:00-04:00,12.829999923706055,12.829999923706055,12.800000190734863,12.800000190734863,1082,0.0,0.0
2024-05-31 09:30:00-04:00,12.829999923706055,12.909899711608887,12.829999923706055,12.859999656677246,1488,0.0,0.0
2024-05-31 10:30:00-04:00,12.859999656677246,12.879899978637695,12.829999923706055,12.829999923706055,4918,0.0,0.0
2024-05-31 11:30:00-04:00,12.819999694824219,12.859999656677246,12.819999694824219,12.859999656677246,2436,0.0,0.0
2024-05-31 12:30:00-04:00,12.899999618530273,12.90999984741211,12.850000381469727,12.90999984741211,2185,0.0,0.0
2024-05-31 13:30:00-04:00,12.869999885559082,12.90999984741211,12.869999885559082,12.90999984741211,898,0.0,0.0
2024-05-31 14:30:00-04:00,12.880000114440918,12.890000343322754,12.869999885559082,12.880000114440918,2296,0.0,0.0
2024-05-31 15:30:00-04:00,12.880000114440918,12.90999984741211,12.880000114440918,12.899999618530273,2006,0.0,0.0
2024-06-03 09:30:00-04:00,12.9399995803833,12.970000267028809,12.890000343322754,12.96500015258789,0,0.0,0.0
2024-06-03 10:30:00-04:00,12.970000267028809,12.979399681091309,12.949999809265137,12.95009994506836,1000,0.0,0.0
2024-06-03 11:30:00-04:00,12.949999809265137,12.960000038146973,12.949999809265137,12.960000038146973,600,0.0,0.0
2024-06-03 12:30:00-04:00,12.960000038146973,12.960000038146973,12.920000076293945,12.9399995803833,1901,0.0,0.0
2024-06-03 13:30:00-04:00,12.949999809265137,12.96500015258789,12.949999809265137,12.949999809265137,857,0.0,0.0
2024-06-03 14:30:00-04:00,12.970000267028809,12.989999771118164,12.960000038146973,12.979999542236328,5454,0.0,0.0
2024-06-03 15:30:00-04:00,12.979999542236328,12.989999771118164,12.979999542236328,12.989999771118164,2189,0.0,0.0
2024-06-04 09:30:00-04:00,13.039999961853027,13.039999961853027,12.979999542236328,12.979999542236328,4578,0.0,0.0
2024-06-04 10:30:00-04:00,12.989999771118164,12.989999771118164,12.989999771118164,12.989999771118164,1931,0.0,0.0
2024-06-04 11:30:00-04:00,12.989999771118164,13.020000457763672,12.989999771118164,13.0,4623,0.0,0.0
2024-06-04 12:30:00-04:00,12.989999771118164,13.020000457763672,12.979999542236328,12.989999771118164,3328,0.0,0.0
2024-06-04 13:30:00-04:00,13.0,13.0,12.989999771118164,12.989999771118164,264,0.0,0.0
2024-06-04 14:30:00-04:00,13.0,13.0,13.0,13.0,100,0.0,0.0
2024-06-05 09:30:00-04:00,13.020000457763672,13.050000190734863,12.989999771118164,13.0,0,0.0,0.0
2024-06-05 10:30:00-04:00,13.029999732971191,13.050000190734863,13.029999732971191,13.029999732971191,2061,0.0,0.0
2024-06-05 11:30:00-04:00,13.069999694824219,13.09000015258789,13.050000190734863,13.0600004196167,3137,0.0,0.0
2024-06-05 12:30:00-04:00,13.079999923706055,13.079999923706055,13.0600004196167,13.0600004196167,236,0.0,0.0
2024-06-05 13:30:00-04:00,13.0600004196167,13.089900016784668,13.0600004196167,13.089900016784668,848,0.0,0.0
2024-06-05 14:30:00-04:00,13.069999694824219,13.119999885559082,13.0600004196167,13.0600004196167,14897,0.0,0.0
2024-06-05 15:30:00-04:00,13.09000015258789,13.130000114440918,13.0600004196167,13.119999885559082,5592,0.0,0.0
2024-06-06 09:30:00-04:00,13.100000381469727,13.170000076293945,13.079500198364258,13.09000015258789,0,0.0,0.0
2024-06-06 10:30:00-04:00,13.06760025024414,13.100000381469727,13.06760025024414,13.100000381469727,0,0.0,0.0
2024-06-06 11:30:00-04:00,13.119999885559082,13.140000343322754,13.0600004196167,13.140000343322754,8320,0.0,0.0
2024-06-06 12:30:00-04:00,13.140000343322754,13.15999984741211,13.069999694824219,13.15999984741211,1607,0.0,0.0
2024-06-06 13:30:00-04:00,13.105199813842773,13.125200271606445,13.100000381469727,13.125200271606445,589,0.0,0.0
2024-06-06 14:30:00-04:00,13.079999923706055,13.119999885559082,13.079999923706055,13.105799674987793,868,0.0,0.0
2024-06-06 15:30:00-04:00,13.092000007629395,13.140000343322754,13.079999923706055,13.140000343322754,1455,0.0,0.0
2024-06-07 09:30:00-04:00,13.029999732971191,13.045000076293945,12.979999542236328,13.029999732971191,0,0.0,0.0
2024-06-07 10:30:00-04:00,13.069999694824219,13.100000381469727,12.979999542236328,13.069999694824219,5325,0.0,0.0
2024-06-07 11:30:00-04:00,13.109999656677246,13.119999885559082,13.029999732971191,13.074999809265137,3005,0.0,0.0
2024-06-07 12:30:00-04:00,13.074999809265137,13.074999809265137,13.074999809265137,13.074999809265137,200,0.0,0.0
2024-06-07 13:30:00-04:00,13.074999809265137,13.09000015258789,13.029999732971191,13.061400413513184,1500,0.0,0.0
2024-06-07 14:30:00-04:00,13.069999694824219,13.079999923706055,13.050000190734863,13.050000190734863,1721,0.0,0.0
2024-06-07 15:30:00-04:00,13.050000190734863,13.0600004196167,13.050000190734863,13.0600004196167,380,0.0,0.0
2024-06-10 09:30:00-04:00,13.140000343322754,13.239999771118164,13.039999961853027,13.140000343322754,0,0.0,0.0
2024-06-10 10:30:00-04:00,13.15999984741211,13.1899995803833,13.125,13.180000305175781,7097,0.0,0.0
2024-06-10 11:30:00-04:00,13.1899995803833,13.199999809265137,13.130000114440918,13.130000114440918,3478,0.0,0.0
2024-06-10 12:30:00-04:00,13.180000305175781,13.220000267028809,13.180000305175781,13.1899995803833,2552,0.0,0.0
2024-06-10 13:30:00-04:00,13.1899995803833,13.190099716186523,13.140000343322754,13.140000343322754,2110,0.0,0.0
2024-06-10 14:30:00-04:00,13.149999618530273,13.152199745178223,13.109999656677246,13.143600463867188,3002,0.0,0.0
2024-06-10 15:30:00-04:00,13.119999885559082,13.164999961853027,13.119999885559082,13.15999984741211,943,0.0,0.0
2024-06-11 09:30:00-04:00,13.220000267028809,13.220000267028809,13.220000267028809,13.220000267028809,0,0.0,0.0
2024-06-11 11:30:00-04:00,13.142000198364258,13.154999732971191,13.142000198364258,13.151000022888184,1000,0.0,0.0
2024-06-11 12:30:00-04:00,13.239999771118164,13.239999771118164,13.239999771118164,13.239999771118164,100,0.0,0.0
2024-06-11 13:30:00-04:00,13.241399765014648,13.241399765014648,13.180000305175781,13.180000305175781,1689,0.0,0.0
2024-06-11 14:30:00-04:00,13.166600227355957,13.166600227355957,13.166600227355957,13.166600227355957,553,0.0,0.0
2024-06-11 15:30:00-04:00,13.164999961853027,13.164999961853027,13.164999961853027,13.164999961853027,400,0.0,0.0
2024-06-12 09:30:00-04:00,13.279999732971191,13.319999694824219,13.279999732971191,13.300000190734863,0,0.0,0.0
2024-06-12 10:30:00-04:00,13.300000190734863,13.300000190734863,13.300000190734863,13.300000190734863,474,0.0,0.0
2024-06-12 11:30:00-04:00,13.27079963684082,13.27079963684082,13.149999618530273,13.170000076293945,18093,0.0,0.0
2024-06-12 12:30:00-04:00,13.1899995803833,13.238800048828125,13.1899995803833,13.199999809265137,734,0.0,0.0
2024-06-12 13:30:00-04:00,13.300000190734863,13.300000190734863,13.180000305175781,13.180000305175781,2882,0.0,0.0
2024-06-12 14:30:00-04:00,13.180000305175781,13.203100204467773,13.180000305175781,13.180000305175781,2400,0.0,0.0
2024-06-12 15:30:00-04:00,13.180000305175781,13.1899995803833,13.119999885559082,13.119999885559082,900,0.0,0.0
2024-06-13 09:30:00-04:00,13.170000076293945,13.170000076293945,13.170000076293945,13.170000076293945,0,0.0,0.0
2024-06-13 10:30:00-04:00,13.199999809265137,13.199999809265137,13.140000343322754,13.140000343322754,246,0.0,0.0
2024-06-13 12:30:00-04:00,13.14009952545166,13.229900360107422,13.14009952545166,13.229900360107422,4632,0.0,0.0
2024-06-13 13:30:00-04:00,13.149999618530273,13.149999618530273,13.149999618530273,13.149999618530273,423,0.0,0.0
2024-06-14 09:30:00-04:00,13.1899995803833,13.1899995803833,13.100000381469727,13.100000381469727,0,0.0,0.0
2024-06-14 13:30:00-04:00,13.140000343322754,13.140000343322754,13.119999885559082,13.130000114440918,2563,0.0,0.0
2024-06-14 14:30:00-04:00,13.109999656677246,13.110099792480469,13.109999656677246,13.109999656677246,925,0.0,0.0
2024-06-14 15:30:00-04:00,13.140000343322754,13.140000343322754,13.130000114440918,13.130000114440918,267,0.0,0.0
2024-06-17 09:30:00-04:00,13.140000343322754,13.140000343322754,13.039999961853027,13.130000114440918,0,0.0,0.0
2024-06-17 10:30:00-04:00,13.09000015258789,13.149900436401367,13.039999961853027,13.104999542236328,2492,0.0,0.0
2024-06-17 11:30:00-04:00,13.085000038146973,13.104399681091309,13.050000190734863,13.08180046081543,2031,0.0,0.0
2024-06-17 12:30:00-04:00,13.050000190734863,13.050000190734863,13.050000190734863,13.050000190734863,150,0.0,0.0
2024-06-17 13:30:00-04:00,13.109999656677246,13.109999656677246,13.0600004196167,13.0600004196167,839,0.0,0.0
2024-06-17 14:30:00-04:00,13.063699722290039,13.085000038146973,13.063699722290039,13.085000038146973,1456,0.0,0.0
2024-06-17 15:30:00-04:00,13.09749984741211,13.09749984741211,13.09749984741211,13.09749984741211,1510,0.0,0.0
2024-06-18 09:30:00-04:00,13.130000114440918,13.1899995803833,13.110099792480469,13.1899995803833,0,0.0,0.0
2024-06-18 10:30:00-04:00,13.109999656677246,13.149999618530273,13.109999656677246,13.149999618530273,298,0.0,0.0
2024-06-18 11:30:00-04:00,13.109999656677246,13.149999618530273,13.109999656677246,13.109999656677246,1442,0.0,0.0
2024-06-18 12:30:00-04:00,13.152999877929688,13.152999877929688,13.109999656677246,13.109999656677246,537,0.0,0.0
2024-06-18 13:30:00-04:00,13.110099792480469,13.180000305175781,13.110099792480469,13.130000114440918,1028,0.0,0.0
2024-06-18 14:30:00-04:00,13.152999877929688,13.152999877929688,13.152999877929688,13.152999877929688,205,0.0,0.0
2024-06-20 09:30:00-04:00,13.149999618530273,13.149999618530273,13.069999694824219,13.069999694824219,4296,0.0,0.0
2024-06-20 10:30:00-04:00,13.100000381469727,13.100000381469727,13.069999694824219,13.069999694824219,411,0.0,0.0
2024-06-20 11:30:00-04:00,13.069999694824219,13.079999923706055,13.069999694824219,13.079999923706055,300,0.0,0.0
2024-06-20 12:30:00-04:00,13.094400405883789,13.094400405883789,13.069999694824219,13.069999694824219,275,0.0,0.0
2024-06-20 13:30:00-04:00,13.069999694824219,13.079999923706055,12.899999618530273,12.979999542236328,33519,0.0,0.0
2024-06-20 14:30:00-04:00,12.970000267028809,13.015000343322754,12.970000267028809,12.970000267028809,4573,0.0,0.0
2024-06-20 15:30:00-04:00,12.985699653625488,12.99429988861084,12.930000305175781,12.949999809265137,11089,0.0,0.0
2024-06-21 09:30:00-04:00,12.989999771118164,13.0,12.9399995803833,12.949999809265137,0,0.0,0.0
2024-06-21 10:30:00-04:00,12.9399995803833,12.95989990234375,12.920000076293945,12.920000076293945,5569,0.0,0.0
2024-06-21 11:30:00-04:00,12.930000305175781,12.955400466918945,12.920000076293945,12.920000076293945,700,0.0,0.0
2024-06-21 12:30:00-04:00,12.920000076293945,12.9399995803833,12.920000076293945,12.920000076293945,2310,0.0,0.0
2024-06-21 13:30:00-04:00,12.926799774169922,12.926799774169922,12.920000076293945,12.920000076293945,2307,0.0,0.0
2024-06-21 14:30:00-04:00,12.953300476074219,12.95989990234375,12.930000305175781,12.930000305175781,2683,0.0,0.0
2024-06-21 15:30:00-04:00,12.930000305175781,12.930000305175781,12.930000305175781,12.930000305175781,352,0.0,0.0
2024-06-24 09:30:00-04:00,12.90999984741211,13.010000228881836,12.90999984741211,12.920000076293945,0,0.0,0.0
2024-06-24 10:30:00-04:00,12.920000076293945,12.9399995803833,12.920000076293945,12.920000076293945,1725,0.0,0.0
2024-06-24 11:30:00-04:00,12.920000076293945,12.920000076293945,12.920000076293945,12.920000076293945,101,0.0,0.0
2024-06-24 12:30:00-04:00,12.949999809265137,12.978500366210938,12.920000076293945,12.920000076293945,5307,0.0,0.0
2024-06-24 13:30:00-04:00,12.954500198364258,12.954500198364258,12.954500198364258,12.954500198364258,300,0.0,0.0
2024-06-24 14:30:00-04:00,12.920000076293945,12.920000076293945,12.920000076293945,12.920000076293945,400,0.0,0.0
2024-06-24 15:30:00-04:00,12.944999694824219,12.944999694824219,12.920000076293945,12.920000076293945,564,0.0,0.0
2024-06-25 09:30:00-04:00,12.920000076293945,13.029999732971191,12.90999984741211,12.9399995803833,0,0.0,0.0
2024-06-25 12:30:00-04:00,12.927499771118164,12.927499771118164,12.927499771118164,12.927499771118164,200,0.0,0.0
2024-06-25 13:30:00-04:00,12.920000076293945,12.93529987335205,12.920000076293945,12.93529987335205,673,0.0,0.0
2024-06-25 15:30:00-04:00,12.925000190734863,12.9399995803833,12.925000190734863,12.925000190734863,1755,0.0,0.0
2024-06-26 09:30:00-04:00,12.930000305175781,12.960100173950195,12.880000114440918,12.9350004196167,0,0.0,0.0
2024-06-26 10:30:00-04:00,12.9399995803833,12.9399995803833,12.880000114440918,12.880000114440918,2611,0.0,0.0
2024-06-26 11:30:00-04:00,12.909700393676758,12.90999984741211,12.880000114440918,12.880000114440918,6772,0.0,0.0
2024-06-26 12:30:00-04:00,12.895000457763672,12.899999618530273,12.895000457763672,12.899999618530273,821,0.0,0.0
2024-06-26 13:30:00-04:00,12.90999984741211,12.90999984741211,12.909799575805664,12.909799575805664,1101,0.0,0.0
2024-06-26 15:30:00-04:00,12.90999984741211,12.925000190734863,12.90999984741211,12.90999984741211,5563,0.0,0.0
2024-06-27 09:30:00-04:00,12.970000267028809,12.970000267028809,12.925000190734863,12.925000190734863,0,0.0,0.0
2024-06-27 10:30:00-04:00,12.936800003051758,12.939900398254395,12.890000343322754,12.890000343322754,4255,0.0,0.0
2024-06-27 11:30:00-04:00,12.91469955444336,12.933799743652344,12.890000343322754,12.916299819946289,965,0.0,0.0
2024-06-27 12:30:00-04:00,12.899999618530273,12.899999618530273,12.899999618530273,12.899999618530273,1230,0.0,0.0
2024-06-27 13:30:00-04:00,12.90999984741211,12.944199562072754,12.90999984741211,12.918999671936035,2445,0.0,0.0
2024-06-27 14:30:00-04:00,12.920000076293945,12.920000076293945,12.890000343322754,12.90999984741211,2957,0.0,0.0
2024-06-27 15:30:00-04:00,12.90999984741211,12.941900253295898,12.90999984741211,12.932000160217285,1271,0.0,0.0
2024-06-28 09:30:00-04:00,12.9399995803833,13.0,12.9399995803833,12.970000267028809,0,0.0,0.0
2024-06-28 10:30:00-04:00,12.949999809265137,12.970000267028809,12.930000305175781,12.9399995803833,4990,0.0,0.0
2024-06-28 11:30:00-04:00,12.930000305175781,12.949999809265137,12.90999984741211,12.949999809265137,4900,0.0,0.0
2024-06-28 12:30:00-04:00,12.949999809265137,12.960000038146973,12.920000076293945,12.9399995803833,3932,0.0,0.0
2024-06-28 13:30:00-04:00,12.920000076293945,12.920100212097168,12.920000076293945,12.920000076293945,575,0.0,0.0
2024-06-28 14:30:00-04:00,12.920000076293945,12.930000305175781,12.920000076293945,12.930000305175781,344,0.0,0.0
2024-06-28 15:30:00-04:00,12.930000305175781,12.960000038146973,12.930000305175781,12.960000038146973,1480,0.0,0.0
2024-07-01 09:30:00-04:00,12.930000305175781,12.989999771118164,12.899999618530273,12.899999618530273,0,0.0,0.0
2024-07-01 10:30:00-04:00,12.90999984741211,12.90999984741211,12.90999984741211,12.90999984741211,224,0.0,0.0
2024-07-01 11:30:00-04:00,12.9822998046875,12.9822998046875,12.90999984741211,12.920000076293945,926,0.0,0.0
2024-07-01 12:30:00-04:00,12.90999984741211,12.920000076293945,12.899999618530273,12.906200408935547,5686,0.0,0.0
2024-07-01 13:30:00-04:00,12.899999618530273,12.970800399780273,12.899999618530273,12.970800399780273,15123,0.0,0.0
2024-07-01 14:30:00-04:00,12.974200248718262,12.974699974060059,12.9350004196167,12.9350004196167,18248,0.0,0.0
2024-07-01 15:30:00-04:00,12.969799995422363,12.969799995422363,12.9350004196167,12.960000038146973,784,0.0,0.0
2024-07-02 09:30:00-04:00,13.010000228881836,13.020000457763672,12.90999984741211,12.991499900817871,0,0.0,0.0
2024-07-02 10:30:00-04:00,13.010000228881836,13.020000457763672,13.010000228881836,13.020000457763672,264,0.0,0.0
2024-07-02 11:30:00-04:00,13.020000457763672,13.020000457763672,12.960000038146973,12.960000038146973,3819,0.0,0.0
2024-07-02 12:30:00-04:00,12.994999885559082,13.020000457763672,12.994999885559082,13.020000457763672,1318,0.0,0.0
2024-07-02 13:30:00-04:00,13.020000457763672,13.029999732971191,12.960100173950195,13.005000114440918,8717,0.0,0.0
2024-07-02 14:30:00-04:00,13.020000457763672,13.029999732971191,13.0,13.010000228881836,2488,0.0,0.0
2024-07-02 15:30:00-04:00,13.0,13.029999732971191,12.989999771118164,13.029999732971191,1680,0.0,0.0
2024-07-03 09:30:00-04:00,13.09000015258789,13.09000015258789,13.010000228881836,13.010000228881836,1477,0.0,0.0
2024-07-03 10:30:00-04:00,13.0600004196167,13.0600004196167,13.03499984741211,13.036100387573242,4806,0.0,0.0
2024-07-03 11:30:00-04:00,13.029999732971191,13.059900283813477,13.029999732971191,13.04800033569336,2445,0.0,0.0
2024-07-03 12:30:00-04:00,13.03499984741211,13.050000190734863,13.03499984741211,13.050000190734863,1123,0.0,0.0
2024-07-05 09:30:00-04:00,13.079999923706055,13.079999923706055,13.0,13.0,0,0.0,0.0
2024-07-05 12:30:00-04:00,13.052900314331055,13.059900283813477,13.052900314331055,13.059900283813477,254,0.0,0.0
2024-07-05 13:30:00-04:00,13.039999961853027,13.050000190734863,13.03499984741211,13.039999961853027,3568,0.0,0.0
2024-07-05 14:30:00-04:00,13.050000190734863,13.0600004196167,13.039999961853027,13.039999961853027,1853,0.0,0.0
2024-07-05 15:30:00-04:00,13.039999961853027,13.050000190734863,13.039999961853027,13.039999961853027,600,0.0,0.0
2024-07-08 09:30:00-04:00,13.010000228881836,13.050000190734863,13.010000228881836,13.050000190734863,1016,0.0,0.0
2024-07-08 10:30:00-04:00,13.0600004196167,13.0600004196167,13.010100364685059,13.010100364685059,601,0.0,0.0
2024-07-08 12:30:00-04:00,13.010000228881836,13.04990005493164,13.010000228881836,13.04990005493164,8146,0.0,0.0
2024-07-08 13:30:00-04:00,13.029999732971191,13.029999732971191,13.029999732971191,13.029999732971191,9762,0.0,0.0
2024-07-08 14:30:00-04:00,13.02560043334961,13.050000190734863,13.02560043334961,13.029999732971191,3764,0.0,0.0
2024-07-08 15:30:00-04:00,13.029999732971191,13.130000114440918,13.020000457763672,13.0600004196167,11288,0.0,0.0
2024-07-09 09:30:00-04:00,13.020000457763672,13.140000343322754,13.020000457763672,13.130000114440918,0,0.0,0.0
2024-07-09 10:30:00-04:00,13.109999656677246,13.140000343322754,13.079999923706055,13.09000015258789,5804,0.0,0.0
2024-07-09 11:30:00-04:00,13.039999961853027,13.079899787902832,13.039999961853027,13.069999694824219,2825,0.0,0.0
2024-07-09 12:30:00-04:00,13.069999694824219,13.079999923706055,13.069999694824219,13.070099830627441,1323,0.0,0.0
2024-07-09 13:30:00-04:00,13.07759952545166,13.119999885559082,13.07759952545166,13.119999885559082,600,0.0,0.0
2024-07-09 14:30:00-04:00,13.100000381469727,13.100099563598633,13.079000473022461,13.079000473022461,3144,0.0,0.0
2024-07-09 15:30:00-04:00,13.085000038146973,13.119999885559082,13.085000038146973,13.119999885559082,3983,0.0,0.0
2024-07-10 09:30:00-04:00,13.109999656677246,13.180000305175781,13.109999656677246,13.180000305175781,0,0.0,0.0
2024-07-10 10:30:00-04:00,13.170000076293945,13.170000076293945,13.170000076293945,13.170000076293945,414,0.0,0.0
2024-07-10 12:30:00-04:00,13.140000343322754,13.1899995803833,13.140000343322754,13.1899995803833,8434,0.0,0.0
2024-07-10 13:30:00-04:00,13.180000305175781,13.1850004196167,13.145000457763672,13.145000457763672,12722,0.0,0.0
2024-07-10 14:30:00-04:00,13.149999618530273,13.149999618530273,13.120200157165527,13.149999618530273,2296,0.0,0.0
2024-07-10 15:30:00-04:00,13.149999618530273,13.149999618530273,13.149999618530273,13.149999618530273,0,0.0,0.0
2024-07-11 09:30:00-04:00,13.289999961853027,13.449999809265137,13.210000038146973,13.25,9719,0.0,0.0
2024-07-11 10:30:00-04:00,13.25,13.274999618530273,13.25,13.274999618530273,1254,0.0,0.0
2024-07-11 11:30:00-04:00,13.270000457763672,13.289999961853027,13.260000228881836,13.289999961853027,0,0.0,0.0
2024-07-11 12:30:00-04:00,13.300000190734863,13.300000190734863,13.300000190734863,13.300000190734863,17672,0.0,0.0
2024-07-11 13:30:00-04:00,13.300000190734863,13.3100004196167,13.280099868774414,13.3100004196167,1238,0.0,0.0
2024-07-11 14:30:00-04:00,13.309499740600586,13.3100004196167,13.309499740600586,13.3100004196167,7832,0.0,0.0
2024-07-11 15:30:00-04:00,13.3100004196167,13.3100004196167,13.295000076293945,13.295000076293945,1458,0.0,0.0
2024-07-12 09:30:00-04:00,13.3100004196167,13.3100004196167,13.220000267028809,13.220000267028809,0,0.0,0.0
2024-07-12 10:30:00-04:00,13.3100004196167,13.3100004196167,13.3100004196167,13.3100004196167,189,0.0,0.0
2024-07-12 12:30:00-04:00,13.279999732971191,13.279999732971191,13.276399612426758,13.279999732971191,725,0.0,0.0
2024-07-12 13:30:00-04:00,13.279999732971191,13.289999961853027,13.279999732971191,13.289999961853027,1438,0.0,0.0
2024-07-12 14:30:00-04:00,13.289999961853027,13.303400039672852,13.289999961853027,13.303400039672852,700,0.0,0.0
2024-07-12 15:30:00-04:00,13.300000190734863,13.3100004196167,13.300000190734863,13.3100004196167,1240,0.0,0.0
2024-07-15 09:30:00-04:00,13.239999771118164,13.25,13.239999771118164,13.25,0,0.0,0.0
2024-07-15 10:30:00-04:00,13.210000038146973,13.239899635314941,13.193900108337402,13.232999801635742,0,0.0,0.0
2024-07-15 14:30:00-04:00,13.23390007019043,13.23390007019043,13.203900337219238,13.203900337219238,20450,0.0,0.0
2024-07-15 15:30:00-04:00,13.239999771118164,13.270000457763672,13.239999771118164,13.270000457763672,1166,0.0,0.0
2024-07-16 09:30:00-04:00,13.3100004196167,13.3100004196167,13.239999771118164,13.239999771118164,0,0.0,0.0
2024-07-16 10:30:00-04:00,13.270000457763672,13.289999961853027,13.270000457763672,13.280799865722656,2178,0.0,0.0
2024-07-16 11:30:00-04:00,13.279999732971191,13.279999732971191,13.199999809265137,13.270000457763672,15715,0.0,0.0
2024-07-16 12:30:00-04:00,13.270000457763672,13.279899597167969,13.220000267028809,13.25,3126,0.0,0.0
2024-07-16 13:30:00-04:00,13.260000228881836,13.269499778747559,13.220000267028809,13.25,1218,0.0,0.0
2024-07-16 14:30:00-04:00,13.260000228881836,13.279899597167969,13.244999885559082,13.25,1324,0.0,0.0
2024-07-16 15:30:00-04:00,13.229999542236328,13.270000457763672,13.229999542236328,13.260000228881836,1106,0.0,0.0
2024-07-17 09:30:00-04:00,13.270000457763672,13.270000457763672,13.234999656677246,13.25,0,0.0,0.0
2024-07-17 13:30:00-04:00,13.25,13.25,13.25,13.25,101,0.0,0.0
2024-07-17 15:30:00-04:00,13.229999542236328,13.244999885559082,13.1899995803833,13.1899995803833,2362,0.0,0.0
2024-07-18 09:30:00-04:00,13.210000038146973,13.210000038146973,13.210000038146973,13.210000038146973,0,0.0,0.0
2024-07-18 10:30:00-04:00,13.220000267028809,13.220000267028809,13.220000267028809,13.220000267028809,165,0.0,0.0
2024-07-18 11:30:00-04:00,13.210000038146973,13.210000038146973,13.170000076293945,13.199999809265137,1472,0.0,0.0
2024-07-18 12:30:00-04:00,13.199999809265137,13.199999809265137,13.199999809265137,13.199999809265137,500,0.0,0.0
2024-07-18 13:30:00-04:00,13.194999694824219,13.194999694824219,13.194999694824219,13.194999694824219,2075,0.0,0.0
2024-07-18 14:30:00-04:00,13.194999694824219,13.194999694824219,13.194999694824219,13.194999694824219,560,0.0,0.0
2024-07-18 15:30:00-04:00,13.21500015258789,13.220000267028809,13.20419979095459,13.20419979095459,1742,0.0,0.0
2024-07-19 09:30:00-04:00,13.229999542236328,13.229999542236328,13.229999542236328,13.229999542236328,0,0.0,0.0
2024-07-19 10:30:00-04:00,13.220000267028809,13.220000267028809,13.220000267028809,13.220000267028809,3339,0.0,0.0
2024-07-19 12:30:00-04:00,13.194999694824219,13.194999694824219,13.194999694824219,13.194999694824219,200,0.0,0.0
2024-07-19 13:30:00-04:00,13.210000038146973,13.210000038146973,13.210000038146973,13.210000038146973,176,0.0,0.0
2024-07-19 14:30:00-04:00,13.180500030517578,13.210000038146973,13.180500030517578,13.210000038146973,6429,0.0,0.0
2024-07-19 15:30:00-04:00,13.210000038146973,13.210000038146973,13.210000038146973,13.210000038146973,100,0.0,0.0
