Datetime,Open,High,Low,Close,Volume,Dividends,Stock Splits,Capital Gains
2022-07-21 09:30:00-04:00,21.219999313354492,21.231399536132812,21.18589973449707,21.221200942993164,0,0.0,0.0,0.0
2022-07-21 10:30:00-04:00,21.239999771118164,21.31999969482422,21.219999313354492,21.309999465942383,6649,0.0,0.0,0.0
2022-07-21 11:30:00-04:00,21.309900283813477,21.309900283813477,21.24049949645996,21.254499435424805,13740,0.0,0.0,0.0
2022-07-21 12:30:00-04:00,21.260000228881836,21.299999237060547,21.250099182128906,21.299999237060547,18630,0.0,0.0,0.0
2022-07-21 13:30:00-04:00,21.299999237060547,21.31999969482422,21.280000686645508,21.299999237060547,7397,0.0,0.0,0.0
2022-07-21 14:30:00-04:00,21.329999923706055,21.3700008392334,21.31130027770996,21.360000610351562,21778,0.0,0.0,0.0
2022-07-21 15:30:00-04:00,21.360000610351562,21.379100799560547,21.350000381469727,21.364999771118164,10887,0.0,0.0,0.0
2022-07-22 09:30:00-04:00,21.479999542236328,21.65999984741211,21.479999542236328,21.55970001220703,0,0.0,0.0,0.0
2022-07-22 10:30:00-04:00,21.545000076293945,21.58989906311035,21.49850082397461,21.58989906311035,19978,0.0,0.0,0.0
2022-07-22 11:30:00-04:00,21.589799880981445,21.589799880981445,21.530000686645508,21.545000076293945,241018,0.0,0.0,0.0
2022-07-22 12:30:00-04:00,21.54800033569336,21.604999542236328,21.5,21.57990074157715,10648,0.0,0.0,0.0
2022-07-22 13:30:00-04:00,21.551700592041016,21.600000381469727,21.540000915527344,21.559999465942383,70068,0.0,0.0,0.0
2022-07-22 14:30:00-04:00,21.559999465942383,21.670000076293945,21.54129981994629,21.579999923706055,33798,0.0,0.0,0.0
2022-07-22 15:30:00-04:00,21.579999923706055,21.600000381469727,21.56999969482422,21.600000381469727,35471,0.0,0.0,0.0
2022-07-25 09:30:00-04:00,21.540000915527344,21.56999969482422,21.480100631713867,21.489999771118164,0,0.0,0.0,0.0
2022-07-25 10:30:00-04:00,21.549999237060547,21.579999923706055,21.5,21.56999969482422,18421,0.0,0.0,0.0
2022-07-25 11:30:00-04:00,21.575000762939453,21.575000762939453,21.5,21.549999237060547,8413,0.0,0.0,0.0
2022-07-25 12:30:00-04:00,21.540000915527344,21.549999237060547,21.520099639892578,21.540000915527344,9027,0.0,0.0,0.0
2022-07-25 13:30:00-04:00,21.540000915527344,21.549999237060547,21.479999542236328,21.540000915527344,33277,0.0,0.0,0.0
2022-07-25 14:30:00-04:00,21.540000915527344,21.540000915527344,21.51099967956543,21.530000686645508,9843,0.0,0.0,0.0
2022-07-25 15:30:00-04:00,21.530000686645508,21.540000915527344,21.520000457763672,21.540000915527344,5441,0.0,0.0,0.0
2022-07-26 09:30:00-04:00,21.649999618530273,21.699100494384766,21.579999923706055,21.65999984741211,9559,0.0,0.0,0.0
2022-07-26 10:30:00-04:00,21.639999389648438,21.64389991760254,21.469999313354492,21.59000015258789,54407,0.0,0.0,0.0
2022-07-26 11:30:00-04:00,21.59000015258789,21.610000610351562,21.59000015258789,21.600000381469727,22869,0.0,0.0,0.0
2022-07-26 12:30:00-04:00,21.594999313354492,21.600000381469727,21.5,21.549999237060547,105093,0.0,0.0,0.0
2022-07-26 13:30:00-04:00,21.56999969482422,21.580299377441406,21.530000686645508,21.56999969482422,112414,0.0,0.0,0.0
2022-07-26 14:30:00-04:00,21.559999465942383,21.599599838256836,21.550399780273438,21.550399780273438,55252,0.0,0.0,0.0
2022-07-26 15:30:00-04:00,21.56999969482422,21.571699142456055,21.530000686645508,21.53499984741211,8399,0.0,0.0,0.0
2022-07-27 09:30:00-04:00,21.549999237060547,21.621999740600586,21.5,21.602399826049805,0,0.0,0.0,0.0
2022-07-27 10:30:00-04:00,21.604999542236328,21.604999542236328,21.579999923706055,21.591899871826172,16290,0.0,0.0,0.0
2022-07-27 11:30:00-04:00,21.59000015258789,21.599899291992188,21.588899612426758,21.599899291992188,2870,0.0,0.0,0.0
2022-07-27 12:30:00-04:00,21.579999923706055,21.61590003967285,21.579999923706055,21.61590003967285,14011,0.0,0.0,0.0
2022-07-27 13:30:00-04:00,21.618999481201172,21.665000915527344,21.600000381469727,21.60810089111328,11479,0.0,0.0,0.0
2022-07-27 14:30:00-04:00,21.600099563598633,21.666000366210938,21.579999923706055,21.635000228881836,54177,0.0,0.0,0.0
2022-07-27 15:30:00-04:00,21.635000228881836,21.635000228881836,21.584999084472656,21.600000381469727,15024,0.0,0.0,0.0
2022-07-28 09:30:00-04:00,21.75,21.84000015258789,21.690000534057617,21.80590057373047,7085,0.0,0.0,0.0
2022-07-28 10:30:00-04:00,21.809999465942383,21.809999465942383,21.770000457763672,21.799999237060547,317554,0.0,0.0,0.0
2022-07-28 11:30:00-04:00,21.811899185180664,21.82159996032715,21.770099639892578,21.779699325561523,3888,0.0,0.0,0.0
2022-07-28 12:30:00-04:00,21.739999771118164,21.78969955444336,21.739999771118164,21.78969955444336,3298,0.0,0.0,0.0
2022-07-28 13:30:00-04:00,21.790000915527344,21.804500579833984,21.760000228881836,21.780000686645508,5002,0.0,0.0,0.0
2022-07-28 14:30:00-04:00,21.77050018310547,21.799999237060547,21.770000457763672,21.799999237060547,15659,0.0,0.0,0.0
2022-07-28 15:30:00-04:00,21.799999237060547,21.825000762939453,21.797700881958008,21.81999969482422,17783,0.0,0.0,0.0
2022-07-29 09:30:00-04:00,21.780000686645508,21.81999969482422,21.761899948120117,21.770099639892578,0,0.0,0.0,0.0
2022-07-29 10:30:00-04:00,21.799999237060547,21.850000381469727,21.791099548339844,21.850000381469727,10269,0.0,0.0,0.0
2022-07-29 11:30:00-04:00,21.832700729370117,21.875,21.832700729370117,21.875,7537,0.0,0.0,0.0
2022-07-29 12:30:00-04:00,21.860000610351562,21.8799991607666,21.821699142456055,21.850000381469727,26886,0.0,0.0,0.0
2022-07-29 13:30:00-04:00,21.859899520874023,21.8799991607666,21.829999923706055,21.860000610351562,36027,0.0,0.0,0.0
2022-07-29 14:30:00-04:00,21.868600845336914,21.869199752807617,21.815000534057617,21.815000534057617,4154,0.0,0.0,0.0
2022-07-29 15:30:00-04:00,21.81999969482422,21.829999923706055,21.809999465942383,21.81999969482422,3521,0.0,0.0,0.0
2022-08-01 09:30:00-04:00,21.780000686645508,21.90999984741211,21.551300048828125,21.90999984741211,0,0.0,0.0,0.0
2022-08-01 10:30:00-04:00,21.949499130249023,21.949499130249023,21.91320037841797,21.923999786376953,14378,0.0,0.0,0.0
2022-08-01 11:30:00-04:00,21.922000885009766,21.969999313354492,21.899999618530273,21.899999618530273,14172,0.0,0.0,0.0
2022-08-01 12:30:00-04:00,21.8799991607666,21.90999984741211,21.8799991607666,21.89859962463379,14000,0.0,0.0,0.0
2022-08-01 13:30:00-04:00,21.889999389648438,21.924999237060547,21.864999771118164,21.90329933166504,50928,0.0,0.0,0.0
2022-08-01 14:30:00-04:00,21.8799991607666,21.921499252319336,21.829999923706055,21.901100158691406,68078,0.0,0.0,0.0
2022-08-01 15:30:00-04:00,21.90999984741211,21.940000534057617,21.899999618530273,21.940000534057617,14922,0.0,0.0,0.0
2022-08-02 09:30:00-04:00,21.889999389648438,21.97010040283203,21.84000015258789,21.865800857543945,0,0.0,0.0,0.0
2022-08-02 10:30:00-04:00,21.860000610351562,21.860000610351562,21.790000915527344,21.815000534057617,30233,0.0,0.0,0.0
2022-08-02 11:30:00-04:00,21.799999237060547,21.83989906311035,21.764999389648438,21.764999389648438,3899,0.0,0.0,0.0
2022-08-02 12:30:00-04:00,21.770000457763672,21.77989959716797,21.720600128173828,21.720600128173828,3138,0.0,0.0,0.0
2022-08-02 13:30:00-04:00,21.721799850463867,21.729900360107422,21.649999618530273,21.649999618530273,6808,0.0,0.0,0.0
2022-08-02 14:30:00-04:00,21.65999984741211,21.689899444580078,21.639999389648438,21.689899444580078,5807,0.0,0.0,0.0
2022-08-02 15:30:00-04:00,21.67020034790039,21.68000030517578,21.6200008392334,21.6200008392334,9684,0.0,0.0,0.0
2022-08-03 09:30:00-04:00,21.540000915527344,21.63159942626953,21.518999099731445,21.518999099731445,8531,0.0,0.0,0.0
2022-08-03 10:30:00-04:00,21.5049991607666,21.569799423217773,21.479999542236328,21.559999465942383,105443,0.0,0.0,0.0
2022-08-03 11:30:00-04:00,21.559999465942383,21.65999984741211,21.559999465942383,21.63170051574707,51181,0.0,0.0,0.0
2022-08-03 12:30:00-04:00,21.61949920654297,21.639999389648438,21.600000381469727,21.6299991607666,18144,0.0,0.0,0.0
2022-08-03 13:30:00-04:00,21.6299991607666,21.655099868774414,21.6200008392334,21.6299991607666,12763,0.0,0.0,0.0
2022-08-03 14:30:00-04:00,21.65999984741211,21.690000534057617,21.639999389648438,21.690000534057617,49516,0.0,0.0,0.0
2022-08-03 15:30:00-04:00,21.707700729370117,21.75,21.68000030517578,21.75,17784,0.0,0.0,0.0
2022-08-04 09:30:00-04:00,21.821300506591797,21.821300506591797,21.670000076293945,21.739999771118164,0,0.0,0.0,0.0
2022-08-04 10:30:00-04:00,21.739999771118164,21.829999923706055,21.739999771118164,21.790000915527344,14897,0.0,0.0,0.0
2022-08-04 11:30:00-04:00,21.78619956970215,21.809499740600586,21.719999313354492,21.809499740600586,6117,0.0,0.0,0.0
2022-08-04 12:30:00-04:00,21.79129981994629,21.79129981994629,21.740299224853516,21.75,12106,0.0,0.0,0.0
2022-08-04 13:30:00-04:00,21.739999771118164,21.780000686645508,21.739999771118164,21.780000686645508,29975,0.0,0.0,0.0
2022-08-04 14:30:00-04:00,21.780000686645508,21.81999969482422,21.780000686645508,21.815000534057617,4390,0.0,0.0,0.0
2022-08-04 15:30:00-04:00,21.81800079345703,21.84000015258789,21.790000915527344,21.84000015258789,14513,0.0,0.0,0.0
2022-08-05 09:30:00-04:00,21.520000457763672,21.594999313354492,21.469999313354492,21.52429962158203,0,0.0,0.0,0.0
2022-08-05 10:30:00-04:00,21.485599517822266,21.512100219726562,21.450000762939453,21.450000762939453,17341,0.0,0.0,0.0
2022-08-05 11:30:00-04:00,21.44099998474121,21.5,21.40999984741211,21.479999542236328,57226,0.0,0.0,0.0
2022-08-05 12:30:00-04:00,21.47010040283203,21.52989959716797,21.47010040283203,21.514999389648438,16410,0.0,0.0,0.0
2022-08-05 13:30:00-04:00,21.514999389648438,21.540000915527344,21.510000228881836,21.520000457763672,14889,0.0,0.0,0.0
2022-08-05 14:30:00-04:00,21.520000457763672,21.524999618530273,21.5,21.524999618530273,12276,0.0,0.0,0.0
2022-08-05 15:30:00-04:00,21.530000686645508,21.540000915527344,21.520000457763672,21.53499984741211,15713,0.0,0.0,0.0
2022-08-08 09:30:00-04:00,21.520000457763672,21.639999389648438,21.520000457763672,21.6299991607666,0,0.0,0.0,0.0
2022-08-08 10:30:00-04:00,21.638500213623047,21.649099349975586,21.610000610351562,21.610000610351562,40890,0.0,0.0,0.0
2022-08-08 11:30:00-04:00,21.610000610351562,21.6200008392334,21.584299087524414,21.594999313354492,91022,0.0,0.0,0.0
2022-08-08 12:30:00-04:00,21.610000610351562,21.649900436401367,21.5802001953125,21.6200008392334,27695,0.0,0.0,0.0
2022-08-08 13:30:00-04:00,21.634700775146484,21.65999984741211,21.59000015258789,21.639999389648438,42310,0.0,0.0,0.0
2022-08-08 14:30:00-04:00,21.639999389648438,21.639999389648438,21.625,21.625,21694,0.0,0.0,0.0
2022-08-08 15:30:00-04:00,21.638700485229492,21.65999984741211,21.6200008392334,21.639999389648438,3907,0.0,0.0,0.0
2022-08-09 09:30:00-04:00,21.559999465942383,21.610000610351562,21.549999237060547,21.584999084472656,0,0.0,0.0,0.0
2022-08-09 10:30:00-04:00,21.606000900268555,21.61440086364746,21.56100082397461,21.61440086364746,3501,0.0,0.0,0.0
2022-08-09 11:30:00-04:00,21.59000015258789,21.606700897216797,21.559999465942383,21.59000015258789,4734,0.0,0.0,0.0
2022-08-09 12:30:00-04:00,21.59000015258789,21.61989974975586,21.559999465942383,21.579500198364258,7941,0.0,0.0,0.0
2022-08-09 13:30:00-04:00,21.56999969482422,21.594499588012695,21.560100555419922,21.56999969482422,11694,0.0,0.0,0.0
2022-08-09 14:30:00-04:00,21.58989906311035,21.59000015258789,21.551599502563477,21.575000762939453,30995,0.0,0.0,0.0
2022-08-09 15:30:00-04:00,21.575000762939453,21.579999923706055,21.568700790405273,21.579999923706055,21177,0.0,0.0,0.0
2022-08-10 09:30:00-04:00,21.649999618530273,21.76810073852539,21.649999618530273,21.739999771118164,0,0.0,0.0,0.0
2022-08-10 10:30:00-04:00,21.77199935913086,21.77199935913086,21.68000030517578,21.680400848388672,76439,0.0,0.0,0.0
2022-08-10 11:30:00-04:00,21.66010093688965,21.66010093688965,21.649999618530273,21.649999618530273,3245,0.0,0.0,0.0
2022-08-10 12:30:00-04:00,21.649999618530273,21.669099807739258,21.649499893188477,21.668100357055664,2755,0.0,0.0,0.0
2022-08-10 13:30:00-04:00,21.6299991607666,21.670000076293945,21.610000610351562,21.610000610351562,17051,0.0,0.0,0.0
2022-08-10 14:30:00-04:00,21.635000228881836,21.638999938964844,21.610000610351562,21.6299991607666,66829,0.0,0.0,0.0
2022-08-10 15:30:00-04:00,21.6299991607666,21.649999618530273,21.610000610351562,21.610000610351562,3010,0.0,0.0,0.0
2022-08-11 09:30:00-04:00,21.59000015258789,21.670000076293945,21.59000015258789,21.610000610351562,11715,0.0,0.0,0.0
2022-08-11 10:30:00-04:00,21.610000610351562,21.610000610351562,21.510099411010742,21.54680061340332,9893,0.0,0.0,0.0
2022-08-11 11:30:00-04:00,21.525999069213867,21.549999237060547,21.503999710083008,21.540000915527344,22585,0.0,0.0,0.0
2022-08-11 12:30:00-04:00,21.530000686645508,21.54360008239746,21.5,21.51180076599121,40573,0.0,0.0,0.0
2022-08-11 13:30:00-04:00,21.510000228881836,21.510000228881836,21.434999465942383,21.434999465942383,12183,0.0,0.0,0.0
2022-08-11 14:30:00-04:00,21.434999465942383,21.489999771118164,21.405000686645508,21.479999542236328,51829,0.0,0.0,0.0
2022-08-11 15:30:00-04:00,21.459999084472656,21.479999542236328,21.440000534057617,21.469999313354492,13835,0.0,0.0,0.0
2022-08-12 09:30:00-04:00,21.579999923706055,21.579999923706055,21.469999313354492,21.489999771118164,0,0.0,0.0,0.0
2022-08-12 10:30:00-04:00,21.540000915527344,21.540000915527344,21.489999771118164,21.5049991607666,31816,0.0,0.0,0.0
2022-08-12 11:30:00-04:00,21.479999542236328,21.52989959716797,21.479999542236328,21.5,20201,0.0,0.0,0.0
2022-08-12 12:30:00-04:00,21.489999771118164,21.525800704956055,21.489999771118164,21.494400024414062,3938,0.0,0.0,0.0
2022-08-12 13:30:00-04:00,21.5049991607666,21.5398006439209,21.5049991607666,21.510000228881836,14021,0.0,0.0,0.0
2022-08-12 14:30:00-04:00,21.538400650024414,21.5487003326416,21.52239990234375,21.540000915527344,5258,0.0,0.0,0.0
2022-08-12 15:30:00-04:00,21.540000915527344,21.559999465942383,21.530000686645508,21.530000686645508,3490,0.0,0.0,0.0
2022-08-15 09:30:00-04:00,21.639999389648438,21.689899444580078,21.6299991607666,21.66950035095215,0,0.0,0.0,0.0
2022-08-15 10:30:00-04:00,21.621000289916992,21.65999984741211,21.6200008392334,21.63629913330078,7222,0.0,0.0,0.0
2022-08-15 11:30:00-04:00,21.63010025024414,21.670000076293945,21.6299991607666,21.6299991607666,7542,0.0,0.0,0.0
2022-08-15 12:30:00-04:00,21.646099090576172,21.649999618530273,21.614999771118164,21.639999389648438,12824,0.0,0.0,0.0
2022-08-15 13:30:00-04:00,21.639999389648438,21.647600173950195,21.610000610351562,21.6200008392334,11136,0.0,0.0,0.0
2022-08-15 14:30:00-04:00,21.6299991607666,21.6299991607666,21.610200881958008,21.6200008392334,5423,0.0,0.0,0.0
2022-08-15 15:30:00-04:00,21.610000610351562,21.63990020751953,21.59000015258789,21.59000015258789,9489,0.0,0.0,0.0
2022-08-16 09:30:00-04:00,21.540000915527344,21.559999465942383,21.486900329589844,21.486900329589844,8790,0.0,0.0,0.0
2022-08-16 10:30:00-04:00,21.489999771118164,21.540000915527344,21.489999771118164,21.524999618530273,19906,0.0,0.0,0.0
2022-08-16 11:30:00-04:00,21.532699584960938,21.549999237060547,21.51099967956543,21.530000686645508,9536,0.0,0.0,0.0
2022-08-16 12:30:00-04:00,21.530000686645508,21.540000915527344,21.520000457763672,21.540000915527344,48282,0.0,0.0,0.0
2022-08-16 13:30:00-04:00,21.545000076293945,21.579999923706055,21.534299850463867,21.559999465942383,16573,0.0,0.0,0.0
2022-08-16 14:30:00-04:00,21.541000366210938,21.56999969482422,21.541000366210938,21.56999969482422,18904,0.0,0.0,0.0
2022-08-16 15:30:00-04:00,21.565000534057617,21.6200008392334,21.549999237060547,21.6200008392334,22833,0.0,0.0,0.0
2022-08-17 09:30:00-04:00,21.440000534057617,21.489999771118164,21.43000030517578,21.45009994506836,0,0.0,0.0,0.0
2022-08-17 10:30:00-04:00,21.479900360107422,21.479900360107422,21.408000946044922,21.439899444580078,11942,0.0,0.0,0.0
2022-08-17 11:30:00-04:00,21.43630027770996,21.440000534057617,21.400100708007812,21.422000885009766,6497,0.0,0.0,0.0
2022-08-17 12:30:00-04:00,21.420400619506836,21.44499969482422,21.41010093688965,21.420000076293945,21403,0.0,0.0,0.0
2022-08-17 13:30:00-04:00,21.424999237060547,21.469999313354492,21.420000076293945,21.420499801635742,9169,0.0,0.0,0.0
2022-08-17 14:30:00-04:00,21.454999923706055,21.479799270629883,21.440000534057617,21.454999923706055,27905,0.0,0.0,0.0
2022-08-17 15:30:00-04:00,21.451900482177734,21.454999923706055,21.43000030517578,21.440000534057617,4805,0.0,0.0,0.0
2022-08-18 09:30:00-04:00,21.459999084472656,21.540000915527344,21.389999389648438,21.518999099731445,0,0.0,0.0,0.0
2022-08-18 10:30:00-04:00,21.530000686645508,21.530000686645508,21.528400421142578,21.530000686645508,8450,0.0,0.0,0.0
2022-08-18 11:30:00-04:00,21.52199935913086,21.539899826049805,21.489999771118164,21.510000228881836,8680,0.0,0.0,0.0
2022-08-18 12:30:00-04:00,21.5,21.518400192260742,21.465299606323242,21.518400192260742,7277,0.0,0.0,0.0
2022-08-18 13:30:00-04:00,21.475000381469727,21.475000381469727,21.475000381469727,21.475000381469727,691,0.0,0.0,0.0
2022-08-18 14:30:00-04:00,21.484800338745117,21.492000579833984,21.459999084472656,21.492000579833984,9710,0.0,0.0,0.0
2022-08-18 15:30:00-04:00,21.459999084472656,21.510000228881836,21.459999084472656,21.510000228881836,3645,0.0,0.0,0.0
2022-08-19 09:30:00-04:00,21.31999969482422,21.360000610351562,21.25,21.31999969482422,0,0.0,0.0,0.0
2022-08-19 10:30:00-04:00,21.31999969482422,21.34000015258789,21.230899810791016,21.264400482177734,11150,0.0,0.0,0.0
2022-08-19 11:30:00-04:00,21.260000228881836,21.32990074157715,21.260000228881836,21.280399322509766,35550,0.0,0.0,0.0
2022-08-19 12:30:00-04:00,21.29199981689453,21.309999465942383,21.290000915527344,21.290000915527344,4703,0.0,0.0,0.0
2022-08-19 13:30:00-04:00,21.299999237060547,21.319900512695312,21.290000915527344,21.290300369262695,14129,0.0,0.0,0.0
2022-08-19 14:30:00-04:00,21.299999237060547,21.31999969482422,21.25,21.299999237060547,133016,0.0,0.0,0.0
2022-08-19 15:30:00-04:00,21.30500030517578,21.34000015258789,21.30500030517578,21.34000015258789,2632,0.0,0.0,0.0
2022-08-22 09:30:00-04:00,21.180099487304688,21.25,21.180099487304688,21.219999313354492,0,0.0,0.0,0.0
2022-08-22 10:30:00-04:00,21.23200035095215,21.234500885009766,21.1968994140625,21.21780014038086,6332,0.0,0.0,0.0
2022-08-22 11:30:00-04:00,21.204999923706055,21.204999923706055,21.139999389648438,21.15999984741211,34134,0.0,0.0,0.0
2022-08-22 12:30:00-04:00,21.15999984741211,21.184999465942383,21.149999618530273,21.174999237060547,39771,0.0,0.0,0.0
2022-08-22 13:30:00-04:00,21.174999237060547,21.174999237060547,21.1299991607666,21.165000915527344,69898,0.0,0.0,0.0
2022-08-22 14:30:00-04:00,21.165000915527344,21.170000076293945,21.149999618530273,21.165000915527344,46862,0.0,0.0,0.0
2022-08-22 15:30:00-04:00,21.165000915527344,21.170000076293945,21.139999389648438,21.170000076293945,30162,0.0,0.0,0.0
2022-08-23 09:30:00-04:00,21.1299991607666,21.21500015258789,21.09000015258789,21.170000076293945,0,0.0,0.0,0.0
2022-08-23 10:30:00-04:00,21.200000762939453,21.215999603271484,21.184999465942383,21.190000534057617,17914,0.0,0.0,0.0
2022-08-23 11:30:00-04:00,21.184999465942383,21.18589973449707,21.170000076293945,21.183900833129883,3144,0.0,0.0,0.0
2022-08-23 12:30:00-04:00,21.181499481201172,21.186599731445312,21.13089942932129,21.13089942932129,10067,0.0,0.0,0.0
2022-08-23 13:30:00-04:00,21.151100158691406,21.155099868774414,21.100099563598633,21.125,5996,0.0,0.0,0.0
2022-08-23 14:30:00-04:00,21.13990020751953,21.146499633789062,21.110000610351562,21.121200561523438,171428,0.0,0.0,0.0
2022-08-23 15:30:00-04:00,21.1200008392334,21.149900436401367,21.1200008392334,21.139999389648438,9808,0.0,0.0,0.0
2022-08-24 09:30:00-04:00,21.040000915527344,21.134599685668945,21.040000915527344,21.1200008392334,0,0.0,0.0,0.0
2022-08-24 10:30:00-04:00,21.125,21.125,21.100400924682617,21.110000610351562,4825,0.0,0.0,0.0
2022-08-24 11:30:00-04:00,21.114999771118164,21.1299991607666,21.094999313354492,21.1299991607666,28301,0.0,0.0,0.0
2022-08-24 12:30:00-04:00,21.1200008392334,21.1200008392334,21.09000015258789,21.09000015258789,11536,0.0,0.0,0.0
2022-08-24 13:30:00-04:00,21.116100311279297,21.1299991607666,21.091100692749023,21.1299991607666,29816,0.0,0.0,0.0
2022-08-24 14:30:00-04:00,21.1200008392334,21.139999389648438,21.100000381469727,21.113000869750977,23183,0.0,0.0,0.0
2022-08-24 15:30:00-04:00,21.125,21.1299991607666,21.1200008392334,21.1299991607666,21880,0.0,0.0,0.0
2022-08-25 09:30:00-04:00,21.079999923706055,21.1200008392334,21.079999923706055,21.115299224853516,5091,0.0,0.0,0.0
2022-08-25 10:30:00-04:00,21.114999771118164,21.126699447631836,21.110000610351562,21.118900299072266,28986,0.0,0.0,0.0
2022-08-25 11:30:00-04:00,21.12980079650879,21.148300170898438,21.1200008392334,21.1299991607666,5947,0.0,0.0,0.0
2022-08-25 12:30:00-04:00,21.1299991607666,21.149999618530273,21.1299991607666,21.149999618530273,4480,0.0,0.0,0.0
2022-08-25 13:30:00-04:00,21.170000076293945,21.189899444580078,21.161399841308594,21.163000106811523,7066,0.0,0.0,0.0
2022-08-25 14:30:00-04:00,21.162200927734375,21.176000595092773,21.15999984741211,21.170000076293945,29298,0.0,0.0,0.0
2022-08-25 15:30:00-04:00,21.170000076293945,21.25,21.170000076293945,21.25,28843,0.0,0.0,0.0
2022-08-26 09:30:00-04:00,21.15999984741211,21.209999084472656,21.059999465942383,21.09980010986328,0,0.0,0.0,0.0
2022-08-26 10:30:00-04:00,21.110000610351562,21.139999389648438,21.09000015258789,21.09000015258789,10119,0.0,0.0,0.0
2022-08-26 11:30:00-04:00,21.11989974975586,21.160600662231445,21.082799911499023,21.110000610351562,40651,0.0,0.0,0.0
2022-08-26 12:30:00-04:00,21.110000610351562,21.11989974975586,21.079999923706055,21.079999923706055,4136,0.0,0.0,0.0
2022-08-26 13:30:00-04:00,21.09000015258789,21.109899520874023,21.09000015258789,21.109899520874023,5649,0.0,0.0,0.0
2022-08-26 14:30:00-04:00,21.109899520874023,21.109899520874023,21.050100326538086,21.050100326538086,14827,0.0,0.0,0.0
2022-08-26 15:30:00-04:00,21.065000534057617,21.09000015258789,21.050199508666992,21.079999923706055,8497,0.0,0.0,0.0
2022-08-29 09:30:00-04:00,20.950000762939453,21.014999389648438,20.90999984741211,21.006200790405273,0,0.0,0.0,0.0
2022-08-29 10:30:00-04:00,20.96030044555664,20.979999542236328,20.920000076293945,20.94499969482422,14247,0.0,0.0,0.0
2022-08-29 11:30:00-04:00,20.95789909362793,20.979999542236328,20.94499969482422,20.960800170898438,11161,0.0,0.0,0.0
2022-08-29 12:30:00-04:00,20.959999084472656,20.979999542236328,20.950000762939453,20.97369956970215,18553,0.0,0.0,0.0
2022-08-29 13:30:00-04:00,20.975000381469727,20.981599807739258,20.92099952697754,20.93000030517578,11101,0.0,0.0,0.0
2022-08-29 14:30:00-04:00,20.93000030517578,20.96500015258789,20.920000076293945,20.94499969482422,71880,0.0,0.0,0.0
2022-08-29 15:30:00-04:00,20.94499969482422,20.950000762939453,20.940000534057617,20.940000534057617,21103,0.0,0.0,0.0
2022-08-30 09:30:00-04:00,20.989999771118164,20.989999771118164,20.867900848388672,20.899999618530273,0,0.0,0.0,0.0
2022-08-30 10:30:00-04:00,20.899999618530273,20.899999618530273,20.81999969482422,20.850000381469727,14547,0.0,0.0,0.0
2022-08-30 11:30:00-04:00,20.829999923706055,20.860000610351562,20.82029914855957,20.840700149536133,4424,0.0,0.0,0.0
2022-08-30 12:30:00-04:00,20.834999084472656,20.834999084472656,20.800899505615234,20.82270050048828,4910,0.0,0.0,0.0
2022-08-30 13:30:00-04:00,20.799999237060547,20.82990074157715,20.780000686645508,20.8080997467041,31766,0.0,0.0,0.0
2022-08-30 14:30:00-04:00,20.79800033569336,20.81999969482422,20.79800033569336,20.799999237060547,32133,0.0,0.0,0.0
2022-08-30 15:30:00-04:00,20.799999237060547,20.799999237060547,20.78019905090332,20.790000915527344,7611,0.0,0.0,0.0
2022-08-31 09:30:00-04:00,20.780000686645508,20.809999465942383,20.670799255371094,20.770000457763672,0,0.0,0.0,0.0
2022-08-31 10:30:00-04:00,20.770000457763672,20.770000457763672,20.700000762939453,20.740299224853516,1890962,0.0,0.0,0.0
2022-08-31 11:30:00-04:00,20.75,20.751699447631836,20.719999313354492,20.720699310302734,30046,0.0,0.0,0.0
2022-08-31 12:30:00-04:00,20.719999313354492,20.719999313354492,20.649999618530273,20.65730094909668,36759,0.0,0.0,0.0
2022-08-31 13:30:00-04:00,20.66990089416504,20.66990089416504,20.610000610351562,20.6200008392334,48917,0.0,0.0,0.0
2022-08-31 14:30:00-04:00,20.6200008392334,20.622800827026367,20.610000610351562,20.6200008392334,20687,0.0,0.0,0.0
2022-08-31 15:30:00-04:00,20.6200008392334,20.65999984741211,20.579999923706055,20.639999389648438,6805,0.0,0.0,0.0
2022-09-01 09:30:00-04:00,20.59000015258789,20.59000015258789,20.370899200439453,20.479999542236328,0,0.0,0.0,0.0
2022-09-01 10:30:00-04:00,20.469999313354492,20.479999542236328,20.37700080871582,20.44499969482422,45682,0.0,0.0,0.0
2022-09-01 11:30:00-04:00,20.41010093688965,20.510000228881836,20.405000686645508,20.510000228881836,803799,0.0,0.0,0.0
2022-09-01 12:30:00-04:00,20.5049991607666,20.519899368286133,20.460100173950195,20.519899368286133,11315,0.0,0.0,0.0
2022-09-01 13:30:00-04:00,20.5049991607666,20.799999237060547,20.399999618530273,20.52039909362793,297776,0.0,0.0,0.0
2022-09-01 14:30:00-04:00,20.540000915527344,20.579999923706055,20.524999618530273,20.561100006103516,29364,0.0,0.0,0.0
2022-09-01 15:30:00-04:00,20.579999923706055,20.639999389648438,20.579999923706055,20.639999389648438,6957,0.0,0.0,0.0
2022-09-02 09:30:00-04:00,20.719999313354492,20.809999465942383,20.719999313354492,20.809999465942383,0,0.0,0.0,0.0
2022-09-02 10:30:00-04:00,20.770200729370117,20.809999465942383,20.75,20.75,27896,0.0,0.0,0.0
2022-09-02 11:30:00-04:00,20.770000457763672,20.770000457763672,20.719999313354492,20.729999542236328,276307,0.0,0.0,0.0
2022-09-02 12:30:00-04:00,20.709999084472656,20.719900131225586,20.65999984741211,20.674999237060547,9229,0.0,0.0,0.0
2022-09-02 13:30:00-04:00,20.690000534057617,20.690000534057617,20.611000061035156,20.611000061035156,3313,0.0,0.0,0.0
2022-09-02 14:30:00-04:00,20.6200008392334,20.636600494384766,20.610000610351562,20.6200008392334,5116,0.0,0.0,0.0
2022-09-02 15:30:00-04:00,20.622299194335938,20.6299991607666,20.600000381469727,20.6299991607666,7706,0.0,0.0,0.0
2022-09-06 09:30:00-04:00,20.610000610351562,20.625,20.5,20.53499984741211,0,0.0,0.0,0.0
2022-09-06 10:30:00-04:00,20.53510093688965,20.600000381469727,20.53510093688965,20.56999969482422,71711,0.0,0.0,0.0
2022-09-06 11:30:00-04:00,20.579999923706055,20.60070037841797,20.549999237060547,20.55500030517578,9989,0.0,0.0,0.0
2022-09-06 12:30:00-04:00,20.55500030517578,20.559999465942383,20.530000686645508,20.53860092163086,7856,0.0,0.0,0.0
2022-09-06 13:30:00-04:00,20.530000686645508,20.559999465942383,20.530000686645508,20.55500030517578,8682,0.0,0.0,0.0
2022-09-06 14:30:00-04:00,20.55500030517578,20.559999465942383,20.53499984741211,20.558300018310547,25910,0.0,0.0,0.0
2022-09-06 15:30:00-04:00,20.549999237060547,20.559200286865234,20.54010009765625,20.55500030517578,24444,0.0,0.0,0.0
2022-09-07 09:30:00-04:00,20.56999969482422,20.670000076293945,20.549999237060547,20.65999984741211,0,0.0,0.0,0.0
2022-09-07 10:30:00-04:00,20.670000076293945,20.739999771118164,20.645000457763672,20.739999771118164,8158,0.0,0.0,0.0
2022-09-07 11:30:00-04:00,20.739999771118164,20.739999771118164,20.71500015258789,20.71500015258789,542391,0.0,0.0,0.0
2022-09-07 12:30:00-04:00,20.712400436401367,20.760000228881836,20.711000442504883,20.760000228881836,6086,0.0,0.0,0.0
2022-09-07 13:30:00-04:00,20.750099182128906,20.799999237060547,20.750099182128906,20.770099639892578,4895,0.0,0.0,0.0
2022-09-07 14:30:00-04:00,20.780000686645508,20.81999969482422,20.780000686645508,20.815000534057617,4777,0.0,0.0,0.0
2022-09-07 15:30:00-04:00,20.810100555419922,20.82939910888672,20.809999465942383,20.815000534057617,16512,0.0,0.0,0.0
2022-09-08 09:30:00-04:00,20.75,20.83989906311035,20.75,20.829999923706055,12228,0.0,0.0,0.0
2022-09-08 10:30:00-04:00,20.825000762939453,20.8799991607666,20.825000762939453,20.860000610351562,18094,0.0,0.0,0.0
2022-09-08 11:30:00-04:00,20.851600646972656,20.866500854492188,20.809999465942383,20.825000762939453,20450,0.0,0.0,0.0
2022-09-08 12:30:00-04:00,20.829999923706055,20.899999618530273,20.829999923706055,20.890100479125977,7554,0.0,0.0,0.0
2022-09-08 13:30:00-04:00,20.89299964904785,20.90999984741211,20.860000610351562,20.860000610351562,20938,0.0,0.0,0.0
2022-09-08 14:30:00-04:00,20.885000228881836,20.885000228881836,20.860000610351562,20.86840057373047,5114,0.0,0.0,0.0
2022-09-08 15:30:00-04:00,20.850500106811523,20.8700008392334,20.84000015258789,20.8700008392334,1522,0.0,0.0,0.0
2022-09-09 09:30:00-04:00,21.020000457763672,21.08989906311035,21.020000457763672,21.06999969482422,0,0.0,0.0,0.0
2022-09-09 10:30:00-04:00,21.079999923706055,21.09000015258789,21.030000686645508,21.030000686645508,10362,0.0,0.0,0.0
2022-09-09 11:30:00-04:00,21.040000915527344,21.059999465942383,20.959999084472656,20.969999313354492,16814,0.0,0.0,0.0
2022-09-09 12:30:00-04:00,20.969999313354492,20.989999771118164,20.959999084472656,20.969999313354492,16536,0.0,0.0,0.0
2022-09-09 13:30:00-04:00,20.969999313354492,20.983200073242188,20.940000534057617,20.96500015258789,14795,0.0,0.0,0.0
2022-09-09 14:30:00-04:00,20.96500015258789,20.979999542236328,20.950000762939453,20.969999313354492,17113,0.0,0.0,0.0
2022-09-09 15:30:00-04:00,20.969999313354492,20.985000610351562,20.969999313354492,20.979999542236328,10568,0.0,0.0,0.0
2022-09-12 09:30:00-04:00,21.06999969482422,21.100099563598633,21.049999237060547,21.09000015258789,0,0.0,0.0,0.0
2022-09-12 10:30:00-04:00,21.09000015258789,21.09000015258789,21.050199508666992,21.059999465942383,4916,0.0,0.0,0.0
2022-09-12 11:30:00-04:00,21.059999465942383,21.059999465942383,20.989999771118164,21.019899368286133,4100,0.0,0.0,0.0
2022-09-12 12:30:00-04:00,21.04990005493164,21.04990005493164,21.020000457763672,21.04990005493164,7981,0.0,0.0,0.0
2022-09-12 13:30:00-04:00,21.040000915527344,21.046300888061523,21.0,21.020000457763672,10526,0.0,0.0,0.0
2022-09-12 14:30:00-04:00,21.013999938964844,21.040000915527344,21.01099967956543,21.016300201416016,11274,0.0,0.0,0.0
2022-09-12 15:30:00-04:00,21.020000457763672,21.03820037841797,21.011699676513672,21.024999618530273,17625,0.0,0.0,0.0
2022-09-13 09:30:00-04:00,20.760000228881836,20.792499542236328,20.729999542236328,20.774999618530273,0,0.0,0.0,0.0
2022-09-13 10:30:00-04:00,20.729999542236328,20.749900817871094,20.709999084472656,20.731599807739258,18288,0.0,0.0,0.0
2022-09-13 11:30:00-04:00,20.719999313354492,20.719999313354492,20.670000076293945,20.690000534057617,14505,0.0,0.0,0.0
2022-09-13 12:30:00-04:00,20.690000534057617,20.739999771118164,20.690000534057617,20.729999542236328,8309,0.0,0.0,0.0
2022-09-13 13:30:00-04:00,20.729900360107422,20.739999771118164,20.690000534057617,20.717899322509766,50523,0.0,0.0,0.0
2022-09-13 14:30:00-04:00,20.690000534057617,20.695999145507812,20.639999389648438,20.639999389648438,5229,0.0,0.0,0.0
2022-09-13 15:30:00-04:00,20.639999389648438,20.639999389648438,20.600000381469727,20.610000610351562,8741,0.0,0.0,0.0
2022-09-14 09:30:00-04:00,20.600000381469727,20.64940071105957,20.600000381469727,20.61989974975586,0,0.0,0.0,0.0
2022-09-14 10:30:00-04:00,20.60700035095215,20.709999084472656,20.60700035095215,20.704999923706055,3379,0.0,0.0,0.0
2022-09-14 11:30:00-04:00,20.699800491333008,20.719999313354492,20.690000534057617,20.704999923706055,5973,0.0,0.0,0.0
2022-09-14 12:30:00-04:00,20.719999313354492,20.739999771118164,20.709999084472656,20.72640037536621,50080,0.0,0.0,0.0
2022-09-14 13:30:00-04:00,20.711000442504883,20.719999313354492,20.6299991607666,20.6697998046875,6552,0.0,0.0,0.0
2022-09-14 14:30:00-04:00,20.655000686645508,20.655000686645508,20.610000610351562,20.625,175758,0.0,0.0,0.0
2022-09-14 15:30:00-04:00,20.614999771118164,20.6200008392334,20.610000610351562,20.6200008392334,7734,0.0,0.0,0.0
2022-09-15 09:30:00-04:00,20.579999923706055,20.610000610351562,20.549999237060547,20.579999923706055,0,0.0,0.0,0.0
2022-09-15 10:30:00-04:00,20.56999969482422,20.575000762939453,20.53499984741211,20.563499450683594,5774,0.0,0.0,0.0
2022-09-15 11:30:00-04:00,20.565000534057617,20.56879997253418,20.53499984741211,20.55500030517578,8074,0.0,0.0,0.0
2022-09-15 12:30:00-04:00,20.54829978942871,20.610000610351562,20.545000076293945,20.610000610351562,4135,0.0,0.0,0.0
2022-09-15 13:30:00-04:00,20.579999923706055,20.579999923706055,20.5049991607666,20.545000076293945,55730,0.0,0.0,0.0
2022-09-15 14:30:00-04:00,20.545000076293945,20.545000076293945,20.50200080871582,20.5049991607666,21227,0.0,0.0,0.0
2022-09-15 15:30:00-04:00,20.5049991607666,20.509899139404297,20.4950008392334,20.5,8404,0.0,0.0,0.0
2022-09-16 09:30:00-04:00,20.360000610351562,20.459999084472656,20.329999923706055,20.459999084472656,0,0.0,0.0,0.0
2022-09-16 10:30:00-04:00,20.485000610351562,20.489999771118164,20.38089942932129,20.40999984741211,8311,0.0,0.0,0.0
2022-09-16 11:30:00-04:00,20.414100646972656,20.43000030517578,20.40999984741211,20.420000076293945,3464,0.0,0.0,0.0
2022-09-16 12:30:00-04:00,20.424699783325195,20.43000030517578,20.40999984741211,20.420000076293945,5590,0.0,0.0,0.0
2022-09-16 13:30:00-04:00,20.427499771118164,20.459999084472656,20.420299530029297,20.459999084472656,10344,0.0,0.0,0.0
2022-09-16 14:30:00-04:00,20.467300415039062,20.514999389648438,20.460100173950195,20.514999389648438,11581,0.0,0.0,0.0
2022-09-16 15:30:00-04:00,20.510000228881836,20.559999465942383,20.5049991607666,20.540000915527344,6332,0.0,0.0,0.0
2022-09-19 09:30:00-04:00,20.459999084472656,20.530000686645508,20.459999084472656,20.520000457763672,0,0.0,0.0,0.0
2022-09-19 10:30:00-04:00,20.520000457763672,20.540000915527344,20.510000228881836,20.511999130249023,8459,0.0,0.0,0.0
2022-09-19 11:30:00-04:00,20.510000228881836,20.522499084472656,20.5049991607666,20.522499084472656,5072,0.0,0.0,0.0
2022-09-19 12:30:00-04:00,20.524999618530273,20.59000015258789,20.524999618530273,20.570999145507812,21003,0.0,0.0,0.0
2022-09-19 13:30:00-04:00,20.575000762939453,20.575000762939453,20.559999465942383,20.560699462890625,12572,0.0,0.0,0.0
2022-09-19 14:30:00-04:00,20.56999969482422,20.614999771118164,20.540000915527344,20.609899520874023,135728,0.0,0.0,0.0
2022-09-19 15:30:00-04:00,20.60099983215332,20.604999542236328,20.579999923706055,20.584999084472656,0,0.0,0.0,0.0
2022-09-20 09:30:00-04:00,20.5,20.5,20.458999633789062,20.47130012512207,4782,0.0,0.0,0.0
2022-09-20 10:30:00-04:00,20.469999313354492,20.479400634765625,20.44099998474121,20.461000442504883,11765,0.0,0.0,0.0
2022-09-20 11:30:00-04:00,20.46500015258789,20.5,20.461000442504883,20.479999542236328,7180,0.0,0.0,0.0
2022-09-20 12:30:00-04:00,20.469999313354492,20.469999313354492,20.453100204467773,20.453100204467773,7827,0.0,0.0,0.0
2022-09-20 13:30:00-04:00,20.450000762939453,20.450000762939453,20.43000030517578,20.440000534057617,10425,0.0,0.0,0.0
2022-09-20 14:30:00-04:00,20.430999755859375,20.43950080871582,20.40999984741211,20.420000076293945,16749,0.0,0.0,0.0
2022-09-20 15:30:00-04:00,20.420000076293945,20.430999755859375,20.405000686645508,20.420000076293945,7577,0.0,0.0,0.0
2022-09-21 09:30:00-04:00,20.459999084472656,20.540000915527344,20.459999084472656,20.520000457763672,0,0.0,0.0,0.0
2022-09-21 10:30:00-04:00,20.510000228881836,20.510000228881836,20.469999313354492,20.47249984741211,82108,0.0,0.0,0.0
2022-09-21 11:30:00-04:00,20.469999313354492,20.487300872802734,20.459999084472656,20.487300872802734,4232,0.0,0.0,0.0
2022-09-21 12:30:00-04:00,20.485000610351562,20.50510025024414,20.479999542236328,20.485000610351562,24927,0.0,0.0,0.0
2022-09-21 13:30:00-04:00,20.479999542236328,20.53019905090332,20.299999237060547,20.3799991607666,9092,0.0,0.0,0.0
2022-09-21 14:30:00-04:00,20.388700485229492,20.540000915527344,20.344999313354492,20.434999465942383,0,0.0,0.0,0.0
2022-09-21 15:30:00-04:00,20.43000030517578,20.43000030517578,20.350000381469727,20.3700008392334,178642,0.0,0.0,0.0
2022-09-22 09:30:00-04:00,20.190000534057617,20.20989990234375,20.06730079650879,20.11750030517578,23981,0.0,0.0,0.0
2022-09-22 10:30:00-04:00,20.079999923706055,20.110000610351562,20.05900001525879,20.059999465942383,214326,0.0,0.0,0.0
2022-09-22 11:30:00-04:00,20.062000274658203,20.111600875854492,20.062000274658203,20.110000610351562,19869,0.0,0.0,0.0
2022-09-22 12:30:00-04:00,20.110000610351562,20.1299991607666,20.110000610351562,20.1200008392334,7901,0.0,0.0,0.0
2022-09-22 13:30:00-04:00,20.1299991607666,20.15999984741211,20.112499237060547,20.1200008392334,26053,0.0,0.0,0.0
2022-09-22 14:30:00-04:00,20.1200008392334,20.167499542236328,20.1200008392334,20.145000457763672,16124,0.0,0.0,0.0
2022-09-22 15:30:00-04:00,20.145000457763672,20.15999984741211,20.1200008392334,20.1200008392334,14892,0.0,0.0,0.0
2022-09-23 09:30:00-04:00,19.979999542236328,20.010000228881836,19.940000534057617,19.950000762939453,0,0.0,0.0,0.0
2022-09-23 10:30:00-04:00,19.930999755859375,19.935300827026367,19.84000015258789,19.90999984741211,146963,0.0,0.0,0.0
2022-09-23 11:30:00-04:00,19.93000030517578,19.93000030517578,19.860000610351562,19.864999771118164,47446,0.0,0.0,0.0
2022-09-23 12:30:00-04:00,19.851999282836914,19.90999984741211,19.840299606323242,19.889999389648438,286389,0.0,0.0,0.0
2022-09-23 13:30:00-04:00,19.864999771118164,19.864999771118164,19.809999465942383,19.836999893188477,61334,0.0,0.0,0.0
2022-09-23 14:30:00-04:00,19.834999084472656,19.885000228881836,19.809999465942383,19.885000228881836,29156,0.0,0.0,0.0
2022-09-23 15:30:00-04:00,19.889999389648438,19.900999069213867,19.84000015258789,19.84000015258789,48108,0.0,0.0,0.0
2022-09-26 09:30:00-04:00,19.790000915527344,19.864999771118164,19.790000915527344,19.850000381469727,0,0.0,0.0,0.0
2022-09-26 10:30:00-04:00,19.8700008392334,19.8700008392334,19.764999389648438,19.764999389648438,31782,0.0,0.0,0.0
2022-09-26 11:30:00-04:00,19.764999389648438,19.764999389648438,19.665000915527344,19.684999465942383,239104,0.0,0.0,0.0
2022-09-26 12:30:00-04:00,19.684999465942383,19.709999084472656,19.674999237060547,19.684999465942383,18577,0.0,0.0,0.0
2022-09-26 13:30:00-04:00,19.684999465942383,19.709999084472656,19.674999237060547,19.704999923706055,14633,0.0,0.0,0.0
2022-09-26 14:30:00-04:00,19.704999923706055,19.729999542236328,19.66010093688965,19.670000076293945,16246,0.0,0.0,0.0
2022-09-26 15:30:00-04:00,19.65999984741211,19.66010093688965,19.625,19.639999389648438,19622,0.0,0.0,0.0
2022-09-27 09:30:00-04:00,19.739999771118164,19.760000228881836,19.6200008392334,19.673200607299805,0,0.0,0.0,0.0
2022-09-27 10:30:00-04:00,19.68000030517578,19.709999084472656,19.649999618530273,19.649999618530273,33420,0.0,0.0,0.0
2022-09-27 11:30:00-04:00,19.665000915527344,19.667999267578125,19.55500030517578,19.57990074157715,14863,0.0,0.0,0.0
2022-09-27 12:30:00-04:00,19.579999923706055,19.622100830078125,19.579999923706055,19.590999603271484,16518,0.0,0.0,0.0
2022-09-27 13:30:00-04:00,19.59000015258789,19.606000900268555,19.559999465942383,19.559999465942383,9753,0.0,0.0,0.0
2022-09-27 14:30:00-04:00,19.579999923706055,19.600000381469727,19.549999237060547,19.549999237060547,15372,0.0,0.0,0.0
2022-09-27 15:30:00-04:00,19.530099868774414,19.56999969482422,19.530000686645508,19.56999969482422,24634,0.0,0.0,0.0
2022-09-28 09:30:00-04:00,19.65999984741211,19.739999771118164,19.639999389648438,19.739999771118164,0,0.0,0.0,0.0
2022-09-28 10:30:00-04:00,19.7549991607666,19.790000915527344,19.75,19.790000915527344,12453,0.0,0.0,0.0
2022-09-28 11:30:00-04:00,19.795000076293945,19.80030059814453,19.760099411010742,19.770000457763672,12986,0.0,0.0,0.0
2022-09-28 12:30:00-04:00,19.764999389648438,19.795000076293945,19.7549991607666,19.770000457763672,15050,0.0,0.0,0.0
2022-09-28 13:30:00-04:00,19.770000457763672,19.780000686645508,19.762699127197266,19.773000717163086,5706,0.0,0.0,0.0
2022-09-28 14:30:00-04:00,19.774999618530273,19.84000015258789,19.77120018005371,19.825000762939453,62803,0.0,0.0,0.0
2022-09-28 15:30:00-04:00,19.825000762939453,19.860000610351562,19.81999969482422,19.850000381469727,157824,0.0,0.0,0.0
2022-09-29 09:30:00-04:00,19.729999542236328,19.75,19.639999389648438,19.639999389648438,0,0.0,0.0,0.0
2022-09-29 10:30:00-04:00,19.628999710083008,19.709999084472656,19.6200008392334,19.6200008392334,21594,0.0,0.0,0.0
2022-09-29 11:30:00-04:00,19.621000289916992,19.684999465942383,19.6200008392334,19.641399383544922,11715,0.0,0.0,0.0
2022-09-29 12:30:00-04:00,19.6299991607666,19.631999969482422,19.59000015258789,19.600000381469727,11147,0.0,0.0,0.0
2022-09-29 13:30:00-04:00,19.610000610351562,19.63990020751953,19.610000610351562,19.6200008392334,21155,0.0,0.0,0.0
2022-09-29 14:30:00-04:00,19.649900436401367,19.68000030517578,19.639999389648438,19.679000854492188,40816,0.0,0.0,0.0
2022-09-29 15:30:00-04:00,19.674999237060547,19.729999542236328,19.674999237060547,19.719999313354492,29261,0.0,0.0,0.0
2022-09-30 09:30:00-04:00,19.729999542236328,19.77989959716797,19.700000762939453,19.760000228881836,0,0.0,0.0,0.0
2022-09-30 10:30:00-04:00,19.799999237060547,19.820600509643555,19.770000457763672,19.820199966430664,2849,0.0,0.0,0.0
2022-09-30 11:30:00-04:00,19.81999969482422,19.82539939880371,19.770000457763672,19.770999908447266,8449,0.0,0.0,0.0
2022-09-30 12:30:00-04:00,19.770099639892578,19.774999618530273,19.708999633789062,19.710100173950195,40696,0.0,0.0,0.0
2022-09-30 13:30:00-04:00,19.700000762939453,19.719999313354492,19.677499771118164,19.709999084472656,47689,0.0,0.0,0.0
2022-09-30 14:30:00-04:00,19.709999084472656,19.709999084472656,19.63010025024414,19.639999389648438,52650,0.0,0.0,0.0
2022-09-30 15:30:00-04:00,19.639999389648438,19.639999389648438,19.6200008392334,19.6299991607666,24917,0.0,0.0,0.0
2022-10-03 09:30:00-04:00,19.770000457763672,19.860000610351562,19.7450008392334,19.854999542236328,33089,0.0,0.0,0.0
2022-10-03 10:30:00-04:00,19.844999313354492,19.864999771118164,19.829999923706055,19.844999313354492,13216,0.0,0.0,0.0
2022-10-03 11:30:00-04:00,19.84000015258789,19.850000381469727,19.809999465942383,19.809999465942383,71534,0.0,0.0,0.0
2022-10-03 12:30:00-04:00,19.801000595092773,19.809999465942383,19.79199981689453,19.79199981689453,11299,0.0,0.0,0.0
2022-10-03 13:30:00-04:00,19.79010009765625,19.828899383544922,19.790000915527344,19.825000762939453,29498,0.0,0.0,0.0
2022-10-03 14:30:00-04:00,19.82990074157715,19.8799991607666,19.81999969482422,19.8799991607666,56216,0.0,0.0,0.0
2022-10-03 15:30:00-04:00,19.895000457763672,19.895000457763672,19.854999542236328,19.860000610351562,6372,0.0,0.0,0.0
2022-10-04 09:30:00-04:00,20.059999465942383,20.18000030517578,20.059999465942383,20.145000457763672,0,0.0,0.0,0.0
2022-10-04 10:30:00-04:00,20.139999389648438,20.20009994506836,20.139999389648438,20.172000885009766,22567,0.0,0.0,0.0
2022-10-04 11:30:00-04:00,20.18000030517578,20.190000534057617,20.155000686645508,20.18000030517578,43017,0.0,0.0,0.0
2022-10-04 12:30:00-04:00,20.170400619506836,20.18000030517578,20.110000610351562,20.1210994720459,11980,0.0,0.0,0.0
2022-10-04 13:30:00-04:00,20.1299991607666,20.150999069213867,20.110000610351562,20.15089988708496,34246,0.0,0.0,0.0
2022-10-04 14:30:00-04:00,20.149999618530273,20.184999465942383,20.139999389648438,20.184999465942383,26268,0.0,0.0,0.0
2022-10-04 15:30:00-04:00,20.184999465942383,20.239999771118164,20.184999465942383,20.239999771118164,8357,0.0,0.0,0.0
2022-10-05 09:30:00-04:00,20.110000610351562,20.139999389648438,20.02199935913086,20.030000686645508,0,0.0,0.0,0.0
2022-10-05 10:30:00-04:00,20.020000457763672,20.039899826049805,20.020000457763672,20.02750015258789,9466,0.0,0.0,0.0
2022-10-05 11:30:00-04:00,20.045000076293945,20.059999465942383,20.03179931640625,20.059999465942383,5580,0.0,0.0,0.0
2022-10-05 12:30:00-04:00,20.06730079650879,20.08810043334961,20.05500030517578,20.08810043334961,15986,0.0,0.0,0.0
2022-10-05 13:30:00-04:00,20.079999923706055,20.114999771118164,20.06999969482422,20.114999771118164,15049,0.0,0.0,0.0
2022-10-05 14:30:00-04:00,20.114999771118164,20.190900802612305,20.114999771118164,20.190900802612305,25376,0.0,0.0,0.0
2022-10-05 15:30:00-04:00,20.18000030517578,20.18000030517578,20.139999389648438,20.155000686645508,9942,0.0,0.0,0.0
2022-10-06 09:30:00-04:00,20.149999618530273,20.229999542236328,20.11720085144043,20.1200008392334,48562,0.0,0.0,0.0
2022-10-06 10:30:00-04:00,20.10300064086914,20.167999267578125,20.041000366210938,20.167999267578125,21033,0.0,0.0,0.0
2022-10-06 11:30:00-04:00,20.15999984741211,20.15999984741211,20.110000610351562,20.1299991607666,18488,0.0,0.0,0.0
2022-10-06 12:30:00-04:00,20.125,20.15999984741211,20.125,20.15999984741211,0,0.0,0.0,0.0
2022-10-06 13:30:00-04:00,20.149999618530273,20.155000686645508,20.114999771118164,20.1200008392334,141439,0.0,0.0,0.0
2022-10-06 14:30:00-04:00,20.13990020751953,20.13990020751953,20.06999969482422,20.114999771118164,28127,0.0,0.0,0.0
2022-10-06 15:30:00-04:00,20.111000061035156,20.118900299072266,20.084999084472656,20.100000381469727,11822,0.0,0.0,0.0
2022-10-07 09:30:00-04:00,20.0,20.030099868774414,19.979999542236328,19.989999771118164,0,0.0,0.0,0.0
2022-10-07 10:30:00-04:00,19.979999542236328,20.030000686645508,19.979999542236328,20.0,18899,0.0,0.0,0.0
2022-10-07 11:30:00-04:00,20.0,20.0,19.959999084472656,19.959999084472656,2544,0.0,0.0,0.0
2022-10-07 12:30:00-04:00,19.959999084472656,19.959999084472656,19.93000030517578,19.950000762939453,5535,0.0,0.0,0.0
2022-10-07 13:30:00-04:00,19.950000762939453,19.950000762939453,19.924999237060547,19.924999237060547,15006,0.0,0.0,0.0
2022-10-07 14:30:00-04:00,19.90999984741211,19.920000076293945,19.8799991607666,19.8799991607666,24106,0.0,0.0,0.0
2022-10-07 15:30:00-04:00,19.8799991607666,19.8799991607666,19.875,19.8799991607666,21427,0.0,0.0,0.0
2022-10-10 09:30:00-04:00,19.8799991607666,19.8799991607666,19.739999771118164,19.75200080871582,0,0.0,0.0,0.0
2022-10-10 10:30:00-04:00,19.760000228881836,19.760000228881836,19.65999984741211,19.68000030517578,11189,0.0,0.0,0.0
2022-10-10 11:30:00-04:00,19.65999984741211,19.666900634765625,19.6299991607666,19.6299991607666,2796,0.0,0.0,0.0
2022-10-10 12:30:00-04:00,19.629899978637695,19.629899978637695,19.559999465942383,19.584999084472656,23445,0.0,0.0,0.0
2022-10-10 13:30:00-04:00,19.600000381469727,19.639999389648438,19.600000381469727,19.6200008392334,4900,0.0,0.0,0.0
2022-10-10 14:30:00-04:00,19.6200008392334,19.649999618530273,19.610000610351562,19.649999618530273,3096,0.0,0.0,0.0
2022-10-10 15:30:00-04:00,19.650999069213867,19.658899307250977,19.6299991607666,19.6299991607666,5618,0.0,0.0,0.0
2022-10-11 09:30:00-04:00,19.719999313354492,19.719999313354492,19.645000457763672,19.674999237060547,0,0.0,0.0,0.0
2022-10-11 10:30:00-04:00,19.674999237060547,19.760000228881836,19.674999237060547,19.760000228881836,6608,0.0,0.0,0.0
2022-10-11 11:30:00-04:00,19.770000457763672,19.770000457763672,19.739999771118164,19.770000457763672,6111,0.0,0.0,0.0
2022-10-11 12:30:00-04:00,19.799999237060547,19.81999969482422,19.790000915527344,19.81999969482422,12185,0.0,0.0,0.0
2022-10-11 13:30:00-04:00,19.799999237060547,19.809999465942383,19.790000915527344,19.799999237060547,5301,0.0,0.0,0.0
2022-10-11 14:30:00-04:00,19.799999237060547,19.799999237060547,19.665000915527344,19.709999084472656,8179,0.0,0.0,0.0
2022-10-11 15:30:00-04:00,19.709999084472656,19.729999542236328,19.709999084472656,19.72010040283203,15924,0.0,0.0,0.0
2022-10-12 09:30:00-04:00,19.700000762939453,19.739999771118164,19.681800842285156,19.700000762939453,0,0.0,0.0,0.0
2022-10-12 10:30:00-04:00,19.71500015258789,19.720399856567383,19.65999984741211,19.720399856567383,18172,0.0,0.0,0.0
2022-10-12 11:30:00-04:00,19.730100631713867,19.770000457763672,19.72100067138672,19.75,7610,0.0,0.0,0.0
2022-10-12 12:30:00-04:00,19.760000228881836,19.760000228881836,19.729999542236328,19.747299194335938,30403,0.0,0.0,0.0
2022-10-12 13:30:00-04:00,19.730899810791016,19.760000228881836,19.709999084472656,19.753000259399414,12622,0.0,0.0,0.0
2022-10-12 14:30:00-04:00,19.750999450683594,19.750999450683594,19.72089958190918,19.735000610351562,29527,0.0,0.0,0.0
2022-10-12 15:30:00-04:00,19.731000900268555,19.739999771118164,19.709999084472656,19.719999313354492,5224,0.0,0.0,0.0
2022-10-13 09:30:00-04:00,19.43000030517578,19.579999923706055,19.420000076293945,19.530000686645508,0,0.0,0.0,0.0
2022-10-13 10:30:00-04:00,19.520000457763672,19.719999313354492,19.520000457763672,19.66360092163086,15896,0.0,0.0,0.0
2022-10-13 11:30:00-04:00,19.65999984741211,19.739999771118164,19.6299991607666,19.6299991607666,25129,0.0,0.0,0.0
2022-10-13 12:30:00-04:00,19.639999389648438,19.75,19.639999389648438,19.75,12737,0.0,0.0,0.0
2022-10-13 13:30:00-04:00,19.760000228881836,19.770000457763672,19.719999313354492,19.719999313354492,9713,0.0,0.0,0.0
2022-10-13 14:30:00-04:00,19.725000381469727,19.770099639892578,19.725000381469727,19.735000610351562,6746,0.0,0.0,0.0
2022-10-13 15:30:00-04:00,19.739999771118164,19.759899139404297,19.725000381469727,19.75,7766,0.0,0.0,0.0
2022-10-14 09:30:00-04:00,19.850000381469727,19.8799991607666,19.75,19.770000457763672,0,0.0,0.0,0.0
2022-10-14 10:30:00-04:00,19.739999771118164,19.780000686645508,19.709999084472656,19.709999084472656,10148,0.0,0.0,0.0
2022-10-14 11:30:00-04:00,19.704999923706055,19.729999542236328,19.68090057373047,19.700000762939453,11096,0.0,0.0,0.0
2022-10-14 12:30:00-04:00,19.700000762939453,19.70599937438965,19.680200576782227,19.690000534057617,0,0.0,0.0,0.0
2022-10-14 13:30:00-04:00,19.680999755859375,19.69499969482422,19.670000076293945,19.670000076293945,38720,0.0,0.0,0.0
2022-10-14 14:30:00-04:00,19.65999984741211,19.65999984741211,19.6299991607666,19.645000457763672,11690,0.0,0.0,0.0
2022-10-14 15:30:00-04:00,19.649999618530273,19.68000030517578,19.649999618530273,19.65999984741211,1637,0.0,0.0,0.0
2022-10-17 09:30:00-04:00,19.829999923706055,19.934999465942383,19.829999923706055,19.905000686645508,0,0.0,0.0,0.0
2022-10-17 10:30:00-04:00,19.899700164794922,19.90999984741211,19.850000381469727,19.90999984741211,8022,0.0,0.0,0.0
2022-10-17 11:30:00-04:00,19.91010093688965,19.93000030517578,19.860000610351562,19.875,31558,0.0,0.0,0.0
2022-10-17 12:30:00-04:00,19.8799991607666,19.8799991607666,19.84000015258789,19.8799991607666,5033,0.0,0.0,0.0
2022-10-17 13:30:00-04:00,19.8700008392334,19.8700008392334,19.84000015258789,19.84000015258789,7291,0.0,0.0,0.0
2022-10-17 14:30:00-04:00,19.84760093688965,19.849899291992188,19.809999465942383,19.809999465942383,8943,0.0,0.0,0.0
2022-10-17 15:30:00-04:00,19.834999084472656,19.924999237060547,19.834999084472656,19.889999389648438,25654,0.0,0.0,0.0
2022-10-18 09:30:00-04:00,20.100000381469727,20.100000381469727,20.020000457763672,20.03499984741211,0,0.0,0.0,0.0
2022-10-18 10:30:00-04:00,20.030000686645508,20.06999969482422,19.960899353027344,19.960899353027344,148791,0.0,0.0,0.0
2022-10-18 11:30:00-04:00,19.959999084472656,20.023000717163086,19.940000534057617,20.010000228881836,9850,0.0,0.0,0.0
2022-10-18 12:30:00-04:00,20.010000228881836,20.030000686645508,19.979999542236328,20.00979995727539,4922,0.0,0.0,0.0
2022-10-18 13:30:00-04:00,20.0,20.059999465942383,19.989999771118164,20.042699813842773,3971,0.0,0.0,0.0
2022-10-18 14:30:00-04:00,20.03499984741211,20.03499984741211,19.979999542236328,20.020000457763672,5820,0.0,0.0,0.0
2022-10-18 15:30:00-04:00,20.020000457763672,20.027000427246094,20.0,20.010000228881836,10271,0.0,0.0,0.0
2022-10-19 09:30:00-04:00,19.899999618530273,19.969999313354492,19.899999618530273,19.96500015258789,0,0.0,0.0,0.0
2022-10-19 10:30:00-04:00,19.969999313354492,19.969999313354492,19.8799991607666,19.8799991607666,4835,0.0,0.0,0.0
2022-10-19 11:30:00-04:00,19.89310073852539,19.899999618530273,19.8799991607666,19.8799991607666,24812,0.0,0.0,0.0
2022-10-19 12:30:00-04:00,19.8799991607666,19.8799991607666,19.825000762939453,19.84000015258789,12997,0.0,0.0,0.0
2022-10-19 13:30:00-04:00,19.844999313354492,19.8700008392334,19.83099937438965,19.8700008392334,3775,0.0,0.0,0.0
2022-10-19 14:30:00-04:00,19.8700008392334,19.8700008392334,19.850000381469727,19.850799560546875,13218,0.0,0.0,0.0
2022-10-19 15:30:00-04:00,19.850000381469727,19.860000610351562,19.84000015258789,19.850000381469727,0,0.0,0.0,0.0
2022-10-20 09:30:00-04:00,19.889999389648438,20.0,19.8799991607666,19.969999313354492,13259,0.0,0.0,0.0
2022-10-20 10:30:00-04:00,19.959999084472656,19.959999084472656,19.899999618530273,19.924999237060547,10416,0.0,0.0,0.0
2022-10-20 11:30:00-04:00,19.93000030517578,19.93000030517578,19.8700008392334,19.8700008392334,4003,0.0,0.0,0.0
2022-10-20 12:30:00-04:00,19.861499786376953,19.8700008392334,19.84000015258789,19.84000015258789,6627,0.0,0.0,0.0
2022-10-20 13:30:00-04:00,19.828399658203125,19.829999923706055,19.739999771118164,19.739999771118164,11254,0.0,0.0,0.0
2022-10-20 14:30:00-04:00,19.741199493408203,19.75,19.719900131225586,19.729999542236328,13343,0.0,0.0,0.0
2022-10-20 15:30:00-04:00,19.729999542236328,19.75,19.729999542236328,19.75,7711,0.0,0.0,0.0
2022-10-21 09:30:00-04:00,19.709999084472656,19.8799991607666,19.700000762939453,19.809999465942383,0,0.0,0.0,0.0
2022-10-21 10:30:00-04:00,19.809999465942383,19.850000381469727,19.780000686645508,19.84000015258789,12801,0.0,0.0,0.0
2022-10-21 11:30:00-04:00,19.860000610351562,19.889999389648438,19.80500030517578,19.878000259399414,7654,0.0,0.0,0.0
2022-10-21 12:30:00-04:00,19.86989974975586,19.920000076293945,19.86989974975586,19.8700008392334,11073,0.0,0.0,0.0
2022-10-21 13:30:00-04:00,19.8700008392334,19.8700008392334,19.860000610351562,19.860000610351562,6068,0.0,0.0,0.0
2022-10-21 14:30:00-04:00,19.869800567626953,19.915000915527344,19.869800567626953,19.915000915527344,18045,0.0,0.0,0.0
2022-10-21 15:30:00-04:00,19.915000915527344,19.93000030517578,19.889999389648438,19.895000457763672,27591,0.0,0.0,0.0
2022-10-24 09:30:00-04:00,19.93000030517578,19.989999771118164,19.86669921875,19.86669921875,0,0.0,0.0,0.0
2022-10-24 10:30:00-04:00,19.860000610351562,19.940000534057617,19.860000610351562,19.93000030517578,7448,0.0,0.0,0.0
2022-10-24 11:30:00-04:00,19.950000762939453,19.962900161743164,19.93000030517578,19.962900161743164,4837,0.0,0.0,0.0
2022-10-24 12:30:00-04:00,19.959999084472656,19.959999084472656,19.885000228881836,19.885000228881836,11272,0.0,0.0,0.0
2022-10-24 13:30:00-04:00,19.885000228881836,19.940099716186523,19.885000228881836,19.905000686645508,7232,0.0,0.0,0.0
2022-10-24 14:30:00-04:00,19.900100708007812,19.938499450683594,19.900100708007812,19.934999465942383,8286,0.0,0.0,0.0
2022-10-24 15:30:00-04:00,19.93000030517578,19.930999755859375,19.90999984741211,19.915000915527344,18898,0.0,0.0,0.0
2022-10-25 09:30:00-04:00,20.0,20.110000610351562,20.0,20.0939998626709,0,0.0,0.0,0.0
2022-10-25 10:30:00-04:00,20.1299991607666,20.139999389648438,20.084999084472656,20.139999389648438,6124,0.0,0.0,0.0
2022-10-25 11:30:00-04:00,20.135000228881836,20.139999389648438,20.070100784301758,20.070100784301758,17833,0.0,0.0,0.0
2022-10-25 12:30:00-04:00,20.084999084472656,20.110000610351562,20.06999969482422,20.07699966430664,13199,0.0,0.0,0.0
2022-10-25 13:30:00-04:00,20.079999923706055,20.100000381469727,20.049999237060547,20.100000381469727,26544,0.0,0.0,0.0
2022-10-25 14:30:00-04:00,20.079999923706055,20.1299991607666,20.079999923706055,20.1299991607666,6070,0.0,0.0,0.0
2022-10-25 15:30:00-04:00,20.13010025024414,20.13990020751953,20.079999923706055,20.1299991607666,43843,0.0,0.0,0.0
2022-10-26 09:30:00-04:00,20.09000015258789,20.139999389648438,20.09000015258789,20.100000381469727,0,0.0,0.0,0.0
2022-10-26 10:30:00-04:00,20.155000686645508,20.200000762939453,20.139999389648438,20.200000762939453,12502,0.0,0.0,0.0
2022-10-26 11:30:00-04:00,20.230100631713867,20.25,20.210100173950195,20.21500015258789,21925,0.0,0.0,0.0
2022-10-26 12:30:00-04:00,20.21500015258789,20.22010040283203,20.15999984741211,20.15999984741211,9226,0.0,0.0,0.0
2022-10-26 13:30:00-04:00,20.149999618530273,20.165000915527344,20.139999389648438,20.15999984741211,7903,0.0,0.0,0.0
2022-10-26 14:30:00-04:00,20.155000686645508,20.155000686645508,20.125099182128906,20.149999618530273,8411,0.0,0.0,0.0
2022-10-26 15:30:00-04:00,20.139999389648438,20.149999618530273,20.1299991607666,20.1299991607666,3278,0.0,0.0,0.0
2022-10-27 09:30:00-04:00,20.09000015258789,20.139999389648438,20.040000915527344,20.1200008392334,0,0.0,0.0,0.0
2022-10-27 10:30:00-04:00,20.1200008392334,20.135000228881836,20.075000762939453,20.135000228881836,10375,0.0,0.0,0.0
2022-10-27 11:30:00-04:00,20.110000610351562,20.139999389648438,20.062999725341797,20.100000381469727,9882,0.0,0.0,0.0
2022-10-27 12:30:00-04:00,20.104999542236328,20.18000030517578,20.100000381469727,20.17009925842285,10076,0.0,0.0,0.0
2022-10-27 13:30:00-04:00,20.165000915527344,20.21500015258789,20.153099060058594,20.21500015258789,7724,0.0,0.0,0.0
2022-10-27 14:30:00-04:00,20.210100173950195,20.219999313354492,20.155000686645508,20.15999984741211,16189,0.0,0.0,0.0
2022-10-27 15:30:00-04:00,20.190000534057617,20.190000534057617,20.170000076293945,20.18000030517578,22890,0.0,0.0,0.0
2022-10-28 09:30:00-04:00,20.229999542236328,20.34000015258789,20.15999984741211,20.309999465942383,0,0.0,0.0,0.0
2022-10-28 10:30:00-04:00,20.334999084472656,20.360000610351562,20.29990005493164,20.31999969482422,11513,0.0,0.0,0.0
2022-10-28 11:30:00-04:00,20.31999969482422,20.31999969482422,20.270000457763672,20.315000534057617,14022,0.0,0.0,0.0
2022-10-28 12:30:00-04:00,20.31999969482422,20.350000381469727,20.29509925842285,20.350000381469727,10602,0.0,0.0,0.0
2022-10-28 13:30:00-04:00,20.309999465942383,20.34000015258789,20.299999237060547,20.309999465942383,9921,0.0,0.0,0.0
2022-10-28 14:30:00-04:00,20.309999465942383,20.336999893188477,20.309999465942383,20.31999969482422,4280,0.0,0.0,0.0
2022-10-28 15:30:00-04:00,20.31999969482422,20.350000381469727,20.309999465942383,20.350000381469727,7092,0.0,0.0,0.0
2022-10-31 09:30:00-04:00,20.219999313354492,20.219999313354492,20.139999389648438,20.155000686645508,0,0.0,0.0,0.0
2022-10-31 10:30:00-04:00,20.155000686645508,20.170000076293945,20.1299991607666,20.135000228881836,15747,0.0,0.0,0.0
2022-10-31 11:30:00-04:00,20.135000228881836,20.159900665283203,20.110000610351562,20.114999771118164,15239,0.0,0.0,0.0
2022-10-31 12:30:00-04:00,20.1200008392334,20.1299991607666,20.100000381469727,20.104999542236328,24629,0.0,0.0,0.0
2022-10-31 13:30:00-04:00,20.104999542236328,20.104999542236328,20.079999923706055,20.084999084472656,28132,0.0,0.0,0.0
2022-10-31 14:30:00-04:00,20.084999084472656,20.11989974975586,20.049999237060547,20.05500030517578,37674,0.0,0.0,0.0
2022-10-31 15:30:00-04:00,20.05500030517578,20.110000610351562,20.05500030517578,20.09000015258789,25052,0.0,0.0,0.0
2022-11-01 09:30:00-04:00,20.209999084472656,20.229999542236328,20.049999237060547,20.09869956970215,0,0.0,0.0,0.0
2022-11-01 10:30:00-04:00,20.1200008392334,20.1299991607666,20.059999465942383,20.100000381469727,10120,0.0,0.0,0.0
2022-11-01 11:30:00-04:00,20.110000610351562,20.1299991607666,20.071800231933594,20.100000381469727,5391,0.0,0.0,0.0
2022-11-01 12:30:00-04:00,20.09000015258789,20.1200008392334,20.09000015258789,20.110700607299805,5366,0.0,0.0,0.0
2022-11-01 13:30:00-04:00,20.110000610351562,20.1200008392334,20.079999923706055,20.110000610351562,49222,0.0,0.0,0.0
2022-11-01 14:30:00-04:00,20.110000610351562,20.129899978637695,20.100000381469727,20.125,19020,0.0,0.0,0.0
2022-11-01 15:30:00-04:00,20.125,20.18000030517578,20.125,20.18000030517578,14504,0.0,0.0,0.0
2022-11-02 09:30:00-04:00,20.139999389648438,20.140199661254883,20.100000381469727,20.100000381469727,0,0.0,0.0,0.0
2022-11-02 10:30:00-04:00,20.098899841308594,20.11870002746582,20.09000015258789,20.11870002746582,42959,0.0,0.0,0.0
2022-11-02 11:30:00-04:00,20.1200008392334,20.147899627685547,20.110000610351562,20.110000610351562,0,0.0,0.0,0.0
2022-11-02 12:30:00-04:00,20.114999771118164,20.1299991607666,20.100099563598633,20.11949920654297,78558,0.0,0.0,0.0
2022-11-02 13:30:00-04:00,20.11009979248047,20.299999237060547,20.11009979248047,20.299999237060547,14995,0.0,0.0,0.0
2022-11-02 14:30:00-04:00,20.309999465942383,20.34000015258789,20.0,20.020000457763672,20143,0.0,0.0,0.0
2022-11-02 15:30:00-04:00,20.010000228881836,20.030000686645508,19.959999084472656,19.959999084472656,5505,0.0,0.0,0.0
2022-11-03 09:30:00-04:00,19.780000686645508,19.850000381469727,19.725000381469727,19.850000381469727,26947,0.0,0.0,0.0
2022-11-03 10:30:00-04:00,19.81999969482422,19.8700008392334,19.81999969482422,19.860000610351562,11596,0.0,0.0,0.0
2022-11-03 11:30:00-04:00,19.850000381469727,19.87190055847168,19.780000686645508,19.87190055847168,13218,0.0,0.0,0.0
2022-11-03 12:30:00-04:00,19.859899520874023,19.86989974975586,19.829999923706055,19.86400032043457,6522,0.0,0.0,0.0
2022-11-03 13:30:00-04:00,19.84000015258789,19.864999771118164,19.829999923706055,19.864999771118164,11947,0.0,0.0,0.0
2022-11-03 14:30:00-04:00,19.864999771118164,19.915000915527344,19.860000610351562,19.860000610351562,61356,0.0,0.0,0.0
2022-11-03 15:30:00-04:00,19.8700008392334,19.8799991607666,19.81999969482422,19.81999969482422,31098,0.0,0.0,0.0
2022-11-04 09:30:00-04:00,19.989999771118164,20.020000457763672,19.889999389648438,20.020000457763672,20500,0.0,0.0,0.0
2022-11-04 10:30:00-04:00,20.040000915527344,20.049999237060547,19.950000762939453,19.950000762939453,20411,0.0,0.0,0.0
2022-11-04 11:30:00-04:00,19.940000534057617,19.940000534057617,19.87030029296875,19.918699264526367,2508,0.0,0.0,0.0
2022-11-04 12:30:00-04:00,19.889999389648438,19.90999984741211,19.889999389648438,19.895000457763672,2005,0.0,0.0,0.0
2022-11-04 13:30:00-04:00,19.889999389648438,19.899900436401367,19.860000610351562,19.8700008392334,12838,0.0,0.0,0.0
2022-11-04 14:30:00-04:00,19.8799991607666,19.93000030517578,19.87070083618164,19.90999984741211,6756,0.0,0.0,0.0
2022-11-04 15:30:00-04:00,19.920000076293945,19.954999923706055,19.90999984741211,19.950000762939453,8769,0.0,0.0,0.0
2022-11-07 09:30:00-05:00,20.0,20.02989959716797,19.940000534057617,19.969999313354492,0,0.0,0.0,0.0
2022-11-07 10:30:00-05:00,19.959999084472656,19.959999084472656,19.93000030517578,19.951000213623047,39798,0.0,0.0,0.0
2022-11-07 11:30:00-05:00,19.950000762939453,19.950000762939453,19.895000457763672,19.910200119018555,5827,0.0,0.0,0.0
2022-11-07 12:30:00-05:00,19.915000915527344,19.929899215698242,19.899999618530273,19.915000915527344,23888,0.0,0.0,0.0
2022-11-07 13:30:00-05:00,19.91990089416504,19.948400497436523,19.91029930114746,19.934999465942383,36309,0.0,0.0,0.0
2022-11-07 14:30:00-05:00,19.940000534057617,19.959999084472656,19.940000534057617,19.959999084472656,28928,0.0,0.0,0.0
2022-11-07 15:30:00-05:00,19.959999084472656,19.969999313354492,19.959999084472656,19.959999084472656,4248,0.0,0.0,0.0
2022-11-08 09:30:00-05:00,19.989999771118164,19.989999771118164,19.950000762939453,19.979999542236328,0,0.0,0.0,0.0
2022-11-08 10:30:00-05:00,19.989999771118164,20.020000457763672,19.979999542236328,20.0049991607666,21058,0.0,0.0,0.0
2022-11-08 11:30:00-05:00,20.010000228881836,20.01129913330078,19.979999542236328,19.980100631713867,8644,0.0,0.0,0.0
2022-11-08 12:30:00-05:00,19.980100631713867,20.0049991607666,19.94099998474121,19.94099998474121,8889,0.0,0.0,0.0
2022-11-08 13:30:00-05:00,19.93000030517578,19.968700408935547,19.90999984741211,19.90999984741211,12731,0.0,0.0,0.0
2022-11-08 14:30:00-05:00,19.90999984741211,19.989999771118164,19.899999618530273,19.989999771118164,21217,0.0,0.0,0.0
2022-11-08 15:30:00-05:00,19.9950008392334,19.9950008392334,19.94499969482422,19.969999313354492,8062,0.0,0.0,0.0
2022-11-09 09:30:00-05:00,19.899999618530273,19.904399871826172,19.84000015258789,19.904399871826172,0,0.0,0.0,0.0
2022-11-09 10:30:00-05:00,19.889999389648438,19.90999984741211,19.860000610351562,19.889999389648438,8704,0.0,0.0,0.0
2022-11-09 11:30:00-05:00,19.881799697875977,19.881799697875977,19.850000381469727,19.850000381469727,27826,0.0,0.0,0.0
2022-11-09 12:30:00-05:00,19.860000610351562,19.860000610351562,19.820999145507812,19.820999145507812,2456,0.0,0.0,0.0
2022-11-09 13:30:00-05:00,19.81999969482422,19.81999969482422,19.780000686645508,19.795000076293945,19437,0.0,0.0,0.0
2022-11-09 14:30:00-05:00,19.790000915527344,19.790000915527344,19.739999771118164,19.770000457763672,37655,0.0,0.0,0.0
2022-11-09 15:30:00-05:00,19.770000457763672,19.77199935913086,19.730100631713867,19.75,4930,0.0,0.0,0.0
2022-11-10 09:30:00-05:00,20.139999389648438,20.290000915527344,20.139999389648438,20.270000457763672,0,0.0,0.0,0.0
2022-11-10 10:30:00-05:00,20.270000457763672,20.280000686645508,20.229999542236328,20.280000686645508,14763,0.0,0.0,0.0
2022-11-10 11:30:00-05:00,20.270000457763672,20.299999237060547,20.260000228881836,20.260000228881836,7555,0.0,0.0,0.0
2022-11-10 12:30:00-05:00,20.260000228881836,20.270000457763672,20.239999771118164,20.258899688720703,6773,0.0,0.0,0.0
2022-11-10 13:30:00-05:00,20.239999771118164,20.290000915527344,20.239999771118164,20.28499984741211,2019,0.0,0.0,0.0
2022-11-10 14:30:00-05:00,20.280000686645508,20.34000015258789,20.260000228881836,20.34000015258789,63222,0.0,0.0,0.0
2022-11-10 15:30:00-05:00,20.334999084472656,20.354999542236328,20.310400009155273,20.354999542236328,6454,0.0,0.0,0.0
2022-11-11 09:30:00-05:00,20.329999923706055,20.440000534057617,20.290000915527344,20.440000534057617,0,0.0,0.0,0.0
2022-11-11 10:30:00-05:00,20.440000534057617,20.44499969482422,20.350000381469727,20.360000610351562,17366,0.0,0.0,0.0
2022-11-11 11:30:00-05:00,20.350000381469727,20.360000610351562,20.25,20.32040023803711,8517,0.0,0.0,0.0
2022-11-11 12:30:00-05:00,20.329999923706055,20.370100021362305,20.31999969482422,20.370100021362305,3434,0.0,0.0,0.0
2022-11-11 13:30:00-05:00,20.389999389648438,20.399999618530273,20.3700008392334,20.399999618530273,31434,0.0,0.0,0.0
2022-11-11 14:30:00-05:00,20.399799346923828,20.399999618530273,20.389999389648438,20.391700744628906,10192,0.0,0.0,0.0
2022-11-11 15:30:00-05:00,20.395000457763672,20.399999618530273,20.389999389648438,20.395000457763672,2709,0.0,0.0,0.0
2022-11-14 09:30:00-05:00,20.350000381469727,20.350000381469727,20.31999969482422,20.31999969482422,0,0.0,0.0,0.0
2022-11-14 10:30:00-05:00,20.309999465942383,20.315000534057617,20.290000915527344,20.290000915527344,5117,0.0,0.0,0.0
2022-11-14 11:30:00-05:00,20.29990005493164,20.31999969482422,20.29990005493164,20.299999237060547,4560,0.0,0.0,0.0
2022-11-14 12:30:00-05:00,20.309999465942383,20.329999923706055,20.30500030517578,20.30500030517578,12144,0.0,0.0,0.0
2022-11-14 13:30:00-05:00,20.30500030517578,20.329999923706055,20.300100326538086,20.329999923706055,8163,0.0,0.0,0.0
2022-11-14 14:30:00-05:00,20.329999923706055,20.336700439453125,20.290000915527344,20.290000915527344,12307,0.0,0.0,0.0
2022-11-14 15:30:00-05:00,20.295000076293945,20.295000076293945,20.25,20.260000228881836,0,0.0,0.0,0.0
2022-11-15 09:30:00-05:00,20.469999313354492,20.479999542236328,20.395000457763672,20.420000076293945,6187,0.0,0.0,0.0
2022-11-15 10:30:00-05:00,20.420400619506836,20.420400619506836,20.3700008392334,20.399999618530273,16659,0.0,0.0,0.0
2022-11-15 11:30:00-05:00,20.405000686645508,20.424999237060547,20.399999618530273,20.421100616455078,12752,0.0,0.0,0.0
2022-11-15 12:30:00-05:00,20.420000076293945,20.449899673461914,20.360000610351562,20.3700008392334,10399,0.0,0.0,0.0
2022-11-15 13:30:00-05:00,20.360000610351562,20.399999618530273,20.350000381469727,20.3799991607666,11807,0.0,0.0,0.0
2022-11-15 14:30:00-05:00,20.389299392700195,20.440000534057617,20.389299392700195,20.431800842285156,7455,0.0,0.0,0.0
2022-11-15 15:30:00-05:00,20.42140007019043,20.469999313354492,20.42140007019043,20.469999313354492,33007,0.0,0.0,0.0
2022-11-16 09:30:00-05:00,20.450000762939453,20.46500015258789,20.395000457763672,20.399999618530273,0,0.0,0.0,0.0
2022-11-16 10:30:00-05:00,20.395000457763672,20.399999618530273,20.3799991607666,20.399200439453125,6806,0.0,0.0,0.0
2022-11-16 11:30:00-05:00,20.399099349975586,20.450000762939453,20.399099349975586,20.450000762939453,13340,0.0,0.0,0.0
2022-11-16 12:30:00-05:00,20.44890022277832,20.461000442504883,20.441999435424805,20.450000762939453,9935,0.0,0.0,0.0
2022-11-16 13:30:00-05:00,20.450000762939453,20.450000762939453,20.430099487304688,20.430099487304688,15408,0.0,0.0,0.0
2022-11-16 14:30:00-05:00,20.434999465942383,20.510000228881836,20.43000030517578,20.450000762939453,73001,0.0,0.0,0.0
2022-11-16 15:30:00-05:00,20.440099716186523,20.440099716186523,20.43000030517578,20.440000534057617,0,0.0,0.0,0.0
2022-11-17 09:30:00-05:00,20.260000228881836,20.308900833129883,20.260000228881836,20.299999237060547,14135,0.0,0.0,0.0
2022-11-17 10:30:00-05:00,20.308900833129883,20.309999465942383,20.280000686645508,20.290000915527344,4597,0.0,0.0,0.0
2022-11-17 11:30:00-05:00,20.280000686645508,20.329999923706055,20.280000686645508,20.315900802612305,11117,0.0,0.0,0.0
2022-11-17 12:30:00-05:00,20.320100784301758,20.354999542236328,20.31999969482422,20.34819984436035,6214,0.0,0.0,0.0
2022-11-17 13:30:00-05:00,20.350500106811523,20.3518009185791,20.299999237060547,20.31999969482422,21643,0.0,0.0,0.0
2022-11-17 14:30:00-05:00,20.31999969482422,20.337799072265625,20.309999465942383,20.315000534057617,10926,0.0,0.0,0.0
2022-11-17 15:30:00-05:00,20.315000534057617,20.350000381469727,20.315000534057617,20.350000381469727,7014,0.0,0.0,0.0
2022-11-18 09:30:00-05:00,20.420000076293945,20.43000030517578,20.3799991607666,20.389999389648438,0,0.0,0.0,0.0
2022-11-18 10:30:00-05:00,20.399999618530273,20.399999618530273,20.3700008392334,20.3799991607666,9773,0.0,0.0,0.0
2022-11-18 11:30:00-05:00,20.3700008392334,20.3700008392334,20.338899612426758,20.350400924682617,11748,0.0,0.0,0.0
2022-11-18 12:30:00-05:00,20.350000381469727,20.364999771118164,20.350000381469727,20.360000610351562,4470,0.0,0.0,0.0
2022-11-18 13:30:00-05:00,20.3799991607666,20.3799991607666,20.329999923706055,20.350000381469727,47279,0.0,0.0,0.0
2022-11-18 14:30:00-05:00,20.354999542236328,20.3700008392334,20.344999313354492,20.3700008392334,12536,0.0,0.0,0.0
2022-11-18 15:30:00-05:00,20.3799991607666,20.389999389648438,20.3799991607666,20.389999389648438,4023,0.0,0.0,0.0
2022-11-21 09:30:00-05:00,20.3799991607666,20.399999618530273,20.366600036621094,20.366600036621094,0,0.0,0.0,0.0
2022-11-21 10:30:00-05:00,20.360000610351562,20.3700008392334,20.360000610351562,20.3700008392334,17674,0.0,0.0,0.0
2022-11-21 11:30:00-05:00,20.375,20.375,20.354999542236328,20.3700008392334,2426,0.0,0.0,0.0
2022-11-21 12:30:00-05:00,20.40169906616211,20.420000076293945,20.3799991607666,20.400100708007812,4962,0.0,0.0,0.0
2022-11-21 13:30:00-05:00,20.390100479125977,20.399999618530273,20.3700008392334,20.3700008392334,86214,0.0,0.0,0.0
2022-11-21 14:30:00-05:00,20.375,20.375,20.34000015258789,20.350000381469727,9972,0.0,0.0,0.0
2022-11-21 15:30:00-05:00,20.340099334716797,20.3700008392334,20.340099334716797,20.3700008392334,6780,0.0,0.0,0.0
2022-11-22 09:30:00-05:00,20.420000076293945,20.434999465942383,20.405000686645508,20.420000076293945,0,0.0,0.0,0.0
2022-11-22 10:30:00-05:00,20.424999237060547,20.43000030517578,20.40999984741211,20.415000915527344,3866,0.0,0.0,0.0
2022-11-22 11:30:00-05:00,20.415000915527344,20.489999771118164,20.41010093688965,20.485000610351562,32820,0.0,0.0,0.0
2022-11-22 12:30:00-05:00,20.489900588989258,20.514999389648438,20.480100631713867,20.514999389648438,3749,0.0,0.0,0.0
2022-11-22 13:30:00-05:00,20.5,20.5,20.450000762939453,20.4950008392334,6696,0.0,0.0,0.0
2022-11-22 14:30:00-05:00,20.49920082092285,20.510000228881836,20.489999771118164,20.5,17504,0.0,0.0,0.0
2022-11-22 15:30:00-05:00,20.520000457763672,20.549999237060547,20.510000228881836,20.549999237060547,7086,0.0,0.0,0.0
2022-11-23 09:30:00-05:00,20.530000686645508,20.649900436401367,20.510000228881836,20.6299991607666,0,0.0,0.0,0.0
2022-11-23 10:30:00-05:00,20.637800216674805,20.637800216674805,20.610000610351562,20.610000610351562,4923,0.0,0.0,0.0
2022-11-23 11:30:00-05:00,20.610000610351562,20.614999771118164,20.56060028076172,20.58009910583496,8037,0.0,0.0,0.0
2022-11-23 12:30:00-05:00,20.59000015258789,20.600000381469727,20.530000686645508,20.562000274658203,24279,0.0,0.0,0.0
2022-11-23 13:30:00-05:00,20.565000534057617,20.639999389648438,20.559999465942383,20.639999389648438,17332,0.0,0.0,0.0
2022-11-23 14:30:00-05:00,20.639999389648438,20.655000686645508,20.6200008392334,20.655000686645508,8667,0.0,0.0,0.0
2022-11-23 15:30:00-05:00,20.655000686645508,20.659900665283203,20.649999618530273,20.649999618530273,8825,0.0,0.0,0.0
2022-11-25 09:30:00-05:00,20.520000457763672,20.530000686645508,20.49020004272461,20.5,0,0.0,0.0,0.0
2022-11-25 10:30:00-05:00,20.5,20.500099182128906,20.489999771118164,20.489999771118164,6812,0.0,0.0,0.0
2022-11-25 11:30:00-05:00,20.490100860595703,20.510000228881836,20.479999542236328,20.489999771118164,14506,0.0,0.0,0.0
2022-11-28 09:30:00-05:00,20.420000076293945,20.450000762939453,20.399999618530273,20.424999237060547,7569,0.0,0.0,0.0
2022-11-28 10:30:00-05:00,20.424999237060547,20.424999237060547,20.40999984741211,20.40999984741211,8228,0.0,0.0,0.0
2022-11-28 11:30:00-05:00,20.409900665283203,20.409900665283203,20.360000610351562,20.362699508666992,14587,0.0,0.0,0.0
2022-11-28 12:30:00-05:00,20.350000381469727,20.350000381469727,20.309999465942383,20.309999465942383,7470,0.0,0.0,0.0
2022-11-28 13:30:00-05:00,20.315000534057617,20.31999969482422,20.299999237060547,20.299999237060547,5850,0.0,0.0,0.0
2022-11-28 14:30:00-05:00,20.299999237060547,20.31999969482422,20.290000915527344,20.29400062561035,12154,0.0,0.0,0.0
2022-11-28 15:30:00-05:00,20.290000915527344,20.29990005493164,20.270000457763672,20.270000457763672,724,0.0,0.0,0.0
2022-11-29 09:30:00-05:00,20.25,20.280000686645508,20.239900588989258,20.280000686645508,48405,0.0,0.0,0.0
2022-11-29 10:30:00-05:00,20.280000686645508,20.31999969482422,20.260000228881836,20.270000457763672,14442,0.0,0.0,0.0
2022-11-29 11:30:00-05:00,20.273099899291992,20.299999237060547,20.2406005859375,20.29990005493164,32299,0.0,0.0,0.0
2022-11-29 12:30:00-05:00,20.295000076293945,20.329999923706055,20.290000915527344,20.329999923706055,15749,0.0,0.0,0.0
2022-11-29 13:30:00-05:00,20.325000762939453,20.325000762939453,20.309999465942383,20.31999969482422,23462,0.0,0.0,0.0
2022-11-29 14:30:00-05:00,20.31999969482422,20.31999969482422,20.309999465942383,20.319900512695312,4912,0.0,0.0,0.0
2022-11-29 15:30:00-05:00,20.309999465942383,20.31999969482422,20.309999465942383,20.309999465942383,6217,0.0,0.0,0.0
2022-11-30 09:30:00-05:00,20.31999969482422,20.360000610351562,20.309999465942383,20.309999465942383,0,0.0,0.0,0.0
2022-11-30 10:30:00-05:00,20.315000534057617,20.319900512695312,20.309999465942383,20.309999465942383,9191,0.0,0.0,0.0
2022-11-30 11:30:00-05:00,20.315000534057617,20.329999923706055,20.309999465942383,20.31100082397461,23489,0.0,0.0,0.0
2022-11-30 12:30:00-05:00,20.329999923706055,20.34000015258789,20.329999923706055,20.334999084472656,8896,0.0,0.0,0.0
2022-11-30 13:30:00-05:00,20.34000015258789,20.545000076293945,20.34000015258789,20.530000686645508,50177,0.0,0.0,0.0
2022-11-30 14:30:00-05:00,20.530000686645508,20.53499984741211,20.520000457763672,20.524999618530273,21929,0.0,0.0,0.0
2022-11-30 15:30:00-05:00,20.530000686645508,20.6299991607666,20.524999618530273,20.6299991607666,0,0.0,0.0,0.0
2022-12-01 09:30:00-05:00,20.65999984741211,20.69499969482422,20.610000610351562,20.610000610351562,15996,0.0,0.0,0.0
2022-12-01 10:30:00-05:00,20.6200008392334,20.639999389648438,20.59000015258789,20.610000610351562,25659,0.0,0.0,0.0
2022-12-01 11:30:00-05:00,20.642099380493164,20.65999984741211,20.610000610351562,20.65999984741211,149766,0.0,0.0,0.0
2022-12-01 12:30:00-05:00,20.660900115966797,20.690000534057617,20.649999618530273,20.670000076293945,18964,0.0,0.0,0.0
2022-12-01 13:30:00-05:00,20.670000076293945,20.670000076293945,20.6299991607666,20.649999618530273,4097,0.0,0.0,0.0
2022-12-01 14:30:00-05:00,20.655000686645508,20.674999237060547,20.639999389648438,20.639999389648438,24409,0.0,0.0,0.0
2022-12-01 15:30:00-05:00,20.65999984741211,20.690000534057617,20.65999984741211,20.690000534057617,7754,0.0,0.0,0.0
2022-12-02 09:30:00-05:00,20.520000457763672,20.609899520874023,20.520000457763672,20.604999542236328,0,0.0,0.0,0.0
2022-12-02 10:30:00-05:00,20.59000015258789,20.6299991607666,20.59000015258789,20.6299991607666,16406,0.0,0.0,0.0
2022-12-02 11:30:00-05:00,20.649999618530273,20.665000915527344,20.640100479125977,20.665000915527344,14141,0.0,0.0,0.0
2022-12-02 12:30:00-05:00,20.660999298095703,20.660999298095703,20.6299991607666,20.639999389648438,4024,0.0,0.0,0.0
2022-12-02 13:30:00-05:00,20.65999984741211,20.65999984741211,20.639999389648438,20.645000457763672,4719,0.0,0.0,0.0
2022-12-02 14:30:00-05:00,20.649999618530273,20.729999542236328,20.649999618530273,20.690000534057617,21500,0.0,0.0,0.0
2022-12-02 15:30:00-05:00,20.690000534057617,20.69499969482422,20.67009925842285,20.69499969482422,5811,0.0,0.0,0.0
2022-12-05 09:30:00-05:00,20.6299991607666,20.649900436401367,20.559999465942383,20.59000015258789,0,0.0,0.0,0.0
2022-12-05 10:30:00-05:00,20.59000015258789,20.610000610351562,20.559999465942383,20.600000381469727,11595,0.0,0.0,0.0
2022-12-05 11:30:00-05:00,20.579999923706055,20.58989906311035,20.559999465942383,20.56999969482422,4298,0.0,0.0,0.0
2022-12-05 12:30:00-05:00,20.570999145507812,20.570999145507812,20.540000915527344,20.540800094604492,2572,0.0,0.0,0.0
2022-12-05 13:30:00-05:00,20.5310001373291,20.53499984741211,20.479999542236328,20.48390007019043,11231,0.0,0.0,0.0
2022-12-05 14:30:00-05:00,20.472200393676758,20.5,20.472200393676758,20.479999542236328,9091,0.0,0.0,0.0
2022-12-05 15:30:00-05:00,20.499900817871094,20.549999237060547,20.489999771118164,20.549999237060547,7365,0.0,0.0,0.0
2022-12-06 09:30:00-05:00,20.540000915527344,20.57990074157715,20.50040054321289,20.514999389648438,0,0.0,0.0,0.0
2022-12-06 10:30:00-05:00,20.510000228881836,20.513999938964844,20.479999542236328,20.499500274658203,10960,0.0,0.0,0.0
2022-12-06 11:30:00-05:00,20.5,20.510000228881836,20.479999542236328,20.489999771118164,13046,0.0,0.0,0.0
2022-12-06 12:30:00-05:00,20.5,20.5,20.459999084472656,20.459999084472656,4735,0.0,0.0,0.0
2022-12-06 13:30:00-05:00,20.460100173950195,20.469999313354492,20.40999984741211,20.40999984741211,21487,0.0,0.0,0.0
2022-12-06 14:30:00-05:00,20.479999542236328,20.479999542236328,20.399999618530273,20.469999313354492,24731,0.0,0.0,0.0
2022-12-06 15:30:00-05:00,20.469999313354492,20.510000228881836,20.469999313354492,20.510000228881836,0,0.0,0.0,0.0
2022-12-07 09:30:00-05:00,20.469999313354492,20.549999237060547,20.469999313354492,20.52869987487793,10884,0.0,0.0,0.0
2022-12-07 10:30:00-05:00,20.540300369262695,20.549999237060547,20.5,20.5,9914,0.0,0.0,0.0
2022-12-07 11:30:00-05:00,20.489999771118164,20.550399780273438,20.48069953918457,20.550399780273438,16543,0.0,0.0,0.0
2022-12-07 12:30:00-05:00,20.54199981689453,20.56999969482422,20.540000915527344,20.55150032043457,10433,0.0,0.0,0.0
2022-12-07 13:30:00-05:00,20.549999237060547,20.559999465942383,20.530000686645508,20.545000076293945,22128,0.0,0.0,0.0
2022-12-07 14:30:00-05:00,20.545000076293945,20.56399917602539,20.545000076293945,20.560699462890625,6079,0.0,0.0,0.0
2022-12-07 15:30:00-05:00,20.570999145507812,20.600000381469727,20.56999969482422,20.59000015258789,7288,0.0,0.0,0.0
2022-12-08 09:30:00-05:00,20.59000015258789,20.6299991607666,20.559999465942383,20.6200008392334,0,0.0,0.0,0.0
2022-12-08 10:30:00-05:00,20.6299991607666,20.635000228881836,20.540000915527344,20.565000534057617,115144,0.0,0.0,0.0
2022-12-08 11:30:00-05:00,20.56999969482422,20.58989906311035,20.549999237060547,20.55500030517578,30554,0.0,0.0,0.0
2022-12-08 12:30:00-05:00,20.55500030517578,20.59000015258789,20.540000915527344,20.59000015258789,40161,0.0,0.0,0.0
2022-12-08 13:30:00-05:00,20.594999313354492,20.594999313354492,20.540000915527344,20.55500030517578,8544,0.0,0.0,0.0
2022-12-08 14:30:00-05:00,20.550399780273438,20.551000595092773,20.540000915527344,20.540199279785156,10478,0.0,0.0,0.0
2022-12-08 15:30:00-05:00,20.549999237060547,20.6299991607666,20.549999237060547,20.6200008392334,17327,0.0,0.0,0.0
2022-12-09 09:30:00-05:00,20.540000915527344,20.610000610351562,20.53059959411621,20.54010009765625,0,0.0,0.0,0.0
2022-12-09 10:30:00-05:00,20.549999237060547,20.637300491333008,20.520000457763672,20.637300491333008,53679,0.0,0.0,0.0
2022-12-09 11:30:00-05:00,20.6200008392334,20.65019989013672,20.610000610351562,20.6299991607666,5114,0.0,0.0,0.0
2022-12-09 12:30:00-05:00,20.63089942932129,20.635000228881836,20.610000610351562,20.610000610351562,16859,0.0,0.0,0.0
2022-12-09 13:30:00-05:00,20.6200008392334,20.625,20.610000610351562,20.61050033569336,13465,0.0,0.0,0.0
2022-12-09 14:30:00-05:00,20.6200008392334,20.639999389648438,20.6200008392334,20.635000228881836,5197,0.0,0.0,0.0
2022-12-09 15:30:00-05:00,20.6299991607666,20.635000228881836,20.59000015258789,20.594999313354492,5271,0.0,0.0,0.0
2022-12-12 09:30:00-05:00,20.809999465942383,20.809999465942383,20.639999389648438,20.64109992980957,0,0.0,0.0,0.0
2022-12-12 10:30:00-05:00,20.639999389648438,20.659900665283203,20.6200008392334,20.6299991607666,2219,0.0,0.0,0.0
2022-12-12 11:30:00-05:00,20.6200008392334,20.639999389648438,20.614999771118164,20.639999389648438,19524,0.0,0.0,0.0
2022-12-12 12:30:00-05:00,20.635000228881836,20.649999618530273,20.6200008392334,20.6299991607666,10218,0.0,0.0,0.0
2022-12-12 13:30:00-05:00,20.639999389648438,20.639999389648438,20.600000381469727,20.61039924621582,24154,0.0,0.0,0.0
2022-12-12 14:30:00-05:00,20.600000381469727,20.649999618530273,20.600000381469727,20.645000457763672,126649,0.0,0.0,0.0
2022-12-12 15:30:00-05:00,20.645000457763672,20.649999618530273,20.639999389648438,20.639999389648438,76523,0.0,0.0,0.0
2022-12-13 09:30:00-05:00,20.979999542236328,21.0,20.86520004272461,20.86520004272461,17995,0.0,0.0,0.0
2022-12-13 10:30:00-05:00,20.840999603271484,20.8700008392334,20.84000015258789,20.850000381469727,15768,0.0,0.0,0.0
2022-12-13 11:30:00-05:00,20.860000610351562,20.860000610351562,20.760000228881836,20.76020050048828,7368,0.0,0.0,0.0
2022-12-13 12:30:00-05:00,20.75480079650879,20.801000595092773,20.75480079650879,20.799999237060547,18944,0.0,0.0,0.0
2022-12-13 13:30:00-05:00,20.799999237060547,20.809999465942383,20.700000762939453,20.809999465942383,56122,0.0,0.0,0.0
2022-12-13 14:30:00-05:00,20.809999465942383,20.829999923706055,20.774999618530273,20.799999237060547,43409,0.0,0.0,0.0
2022-12-13 15:30:00-05:00,20.80500030517578,20.889999389648438,20.7549991607666,20.889999389648438,17430,0.0,0.0,0.0
2022-12-14 09:30:00-05:00,20.860000610351562,20.889999389648438,20.81999969482422,20.8799991607666,0,0.0,0.0,0.0
2022-12-14 10:30:00-05:00,20.889999389648438,20.889999389648438,20.8700008392334,20.875,20971,0.0,0.0,0.0
2022-12-14 11:30:00-05:00,20.870100021362305,20.875,20.850000381469727,20.850000381469727,16431,0.0,0.0,0.0
2022-12-14 12:30:00-05:00,20.850000381469727,20.854999542236328,20.81999969482422,20.829999923706055,15471,0.0,0.0,0.0
2022-12-14 13:30:00-05:00,20.825000762939453,20.829999923706055,20.700000762939453,20.729999542236328,42369,0.0,0.0,0.0
2022-12-14 14:30:00-05:00,20.719999313354492,20.81999969482422,20.639999389648438,20.75,25817,0.0,0.0,0.0
2022-12-14 15:30:00-05:00,20.719999313354492,20.799999237060547,20.700000762939453,20.75,0,0.0,0.0,0.0
2022-12-15 09:30:00-05:00,20.68000030517578,20.70989990234375,20.600000381469727,20.65999984741211,20082,0.0,0.0,0.0
2022-12-15 10:30:00-05:00,20.650100708007812,20.683000564575195,20.649999618530273,20.65999984741211,11518,0.0,0.0,0.0
2022-12-15 11:30:00-05:00,20.65999984741211,20.700599670410156,20.649999618530273,20.700599670410156,14777,0.0,0.0,0.0
2022-12-15 12:30:00-05:00,20.709999084472656,20.770000457763672,20.59000015258789,20.684999465942383,92516,0.0,0.0,0.0
2022-12-15 13:30:00-05:00,20.680099487304688,20.69879913330078,20.680099487304688,20.693899154663086,3264,0.0,0.0,0.0
2022-12-15 14:30:00-05:00,20.696300506591797,20.72010040283203,20.690000534057617,20.72010040283203,26952,0.0,0.0,0.0
2022-12-15 15:30:00-05:00,20.719999313354492,20.719999313354492,20.690000534057617,20.719999313354492,4733,0.0,0.0,0.0
2022-12-16 09:30:00-05:00,20.579999923706055,20.639999389648438,20.540000915527344,20.610000610351562,8661,0.0,0.0,0.0
2022-12-16 10:30:00-05:00,20.610000610351562,20.61989974975586,20.579999923706055,20.600000381469727,24326,0.0,0.0,0.0
2022-12-16 11:30:00-05:00,20.59000015258789,20.609899520874023,20.579999923706055,20.600000381469727,8869,0.0,0.0,0.0
2022-12-16 12:30:00-05:00,20.604999542236328,20.605600357055664,20.559999465942383,20.559999465942383,10335,0.0,0.0,0.0
2022-12-16 13:30:00-05:00,20.559999465942383,20.575000762939453,20.551000595092773,20.565000534057617,18532,0.0,0.0,0.0
2022-12-16 14:30:00-05:00,20.56800079345703,20.600000381469727,20.5625,20.600000381469727,12246,0.0,0.0,0.0
2022-12-16 15:30:00-05:00,20.61009979248047,20.63990020751953,20.59000015258789,20.59000015258789,24285,0.0,0.0,0.0
2022-12-19 09:30:00-05:00,20.530000686645508,20.549999237060547,20.489999771118164,20.489999771118164,0,0.0,0.0,0.0
2022-12-19 10:30:00-05:00,20.479999542236328,20.500999450683594,20.450000762939453,20.475000381469727,8873,0.0,0.0,0.0
2022-12-19 11:30:00-05:00,20.475000381469727,20.475000381469727,20.459999084472656,20.459999084472656,20658,0.0,0.0,0.0
2022-12-19 12:30:00-05:00,20.451000213623047,20.4773006439209,20.450000762939453,20.4773006439209,19017,0.0,0.0,0.0
2022-12-19 13:30:00-05:00,20.475000381469727,20.475000381469727,20.451900482177734,20.451900482177734,17548,0.0,0.0,0.0
2022-12-19 14:30:00-05:00,20.45039939880371,20.469999313354492,20.450199127197266,20.46500015258789,13543,0.0,0.0,0.0
2022-12-19 15:30:00-05:00,20.469999313354492,20.5,20.46500015258789,20.489999771118164,16696,0.0,0.0,0.0
2022-12-20 09:30:00-05:00,20.420000076293945,20.420000076293945,20.342500686645508,20.41990089416504,0,0.0,0.0,0.0
2022-12-20 10:30:00-05:00,20.420000076293945,20.44499969482422,20.399999618530273,20.405000686645508,7425,0.0,0.0,0.0
2022-12-20 11:30:00-05:00,20.43000030517578,20.4512996673584,20.43000030517578,20.440000534057617,1936,0.0,0.0,0.0
2022-12-20 12:30:00-05:00,20.430599212646484,20.440000534057617,20.424999237060547,20.440000534057617,13119,0.0,0.0,0.0
2022-12-20 13:30:00-05:00,20.44499969482422,20.457300186157227,20.434999465942383,20.444700241088867,9070,0.0,0.0,0.0
2022-12-20 14:30:00-05:00,20.444700241088867,20.458499908447266,20.415000915527344,20.458499908447266,15697,0.0,0.0,0.0
2022-12-20 15:30:00-05:00,20.440000534057617,20.450000762939453,20.43000030517578,20.43000030517578,18311,0.0,0.0,0.0
2022-12-21 09:30:00-05:00,20.489999771118164,20.559999465942383,20.489999771118164,20.559999465942383,0,0.0,0.0,0.0
2022-12-21 10:30:00-05:00,20.559999465942383,20.599899291992188,20.559999465942383,20.560100555419922,8561,0.0,0.0,0.0
2022-12-21 11:30:00-05:00,20.56999969482422,20.56999969482422,20.540000915527344,20.549999237060547,11977,0.0,0.0,0.0
2022-12-21 12:30:00-05:00,20.549999237060547,20.56999969482422,20.5487003326416,20.565000534057617,25734,0.0,0.0,0.0
2022-12-21 13:30:00-05:00,20.565000534057617,20.604999542236328,20.560100555419922,20.600000381469727,23330,0.0,0.0,0.0
2022-12-21 14:30:00-05:00,20.59000015258789,20.594999313354492,20.549999237060547,20.559999465942383,0,0.0,0.0,0.0
2022-12-21 15:30:00-05:00,20.559999465942383,20.56999969482422,20.55500030517578,20.56999969482422,147647,0.0,0.0,0.0
2022-12-22 09:30:00-05:00,20.350000381469727,20.360000610351562,20.32029914855957,20.360000610351562,0,0.0,0.0,0.0
2022-12-22 10:30:00-05:00,20.350000381469727,20.3700008392334,20.34280014038086,20.364999771118164,1613,0.0,0.0,0.0
2022-12-22 11:30:00-05:00,20.360300064086914,20.360300064086914,20.290000915527344,20.290000915527344,7826,0.0,0.0,0.0
2022-12-22 12:30:00-05:00,20.28499984741211,20.290000915527344,20.260000228881836,20.264999389648438,16968,0.0,0.0,0.0
2022-12-22 13:30:00-05:00,20.264999389648438,20.28499984741211,20.248300552368164,20.28499984741211,5705,0.0,0.0,0.0
2022-12-22 14:30:00-05:00,20.290000915527344,20.338300704956055,20.280000686645508,20.338300704956055,56636,0.0,0.0,0.0
2022-12-22 15:30:00-05:00,20.329999923706055,20.329999923706055,20.270000457763672,20.295000076293945,27824,0.0,0.0,0.0
2022-12-23 09:30:00-05:00,20.25,20.290000915527344,20.25,20.290000915527344,0,0.0,0.0,0.0
2022-12-23 10:30:00-05:00,20.31100082397461,20.33099937438965,20.30500030517578,20.30500030517578,15369,0.0,0.0,0.0
2022-12-23 11:30:00-05:00,20.30500030517578,20.329999923706055,20.30500030517578,20.328899383544922,10430,0.0,0.0,0.0
2022-12-23 12:30:00-05:00,20.327299118041992,20.34469985961914,20.31999969482422,20.325000762939453,20613,0.0,0.0,0.0
2022-12-23 13:30:00-05:00,20.32990074157715,20.329999923706055,20.31999969482422,20.325000762939453,7837,0.0,0.0,0.0
2022-12-23 14:30:00-05:00,20.325000762939453,20.35110092163086,20.325000762939453,20.34000015258789,8397,0.0,0.0,0.0
2022-12-23 15:30:00-05:00,20.341999053955078,20.350000381469727,20.309999465942383,20.350000381469727,42106,0.0,0.0,0.0
2022-12-27 09:30:00-05:00,20.31999969482422,20.31999969482422,20.260000228881836,20.299999237060547,0,0.0,0.0,0.0
2022-12-27 10:30:00-05:00,20.309999465942383,20.309999465942383,20.290000915527344,20.309999465942383,14054,0.0,0.0,0.0
2022-12-27 11:30:00-05:00,20.280000686645508,20.290000915527344,20.2450008392334,20.2450008392334,8548,0.0,0.0,0.0
2022-12-27 12:30:00-05:00,20.239999771118164,20.2450008392334,20.219999313354492,20.225000381469727,8799,0.0,0.0,0.0
2022-12-27 13:30:00-05:00,20.225000381469727,20.228900909423828,20.18000030517578,20.18000030517578,16150,0.0,0.0,0.0
2022-12-27 14:30:00-05:00,20.170000076293945,20.174999237060547,20.1200008392334,20.150999069213867,6647,0.0,0.0,0.0
2022-12-27 15:30:00-05:00,20.149999618530273,20.15410041809082,20.1200008392334,20.1200008392334,0,0.0,0.0,0.0
2022-12-28 09:30:00-05:00,20.1299991607666,20.18829917907715,20.100000381469727,20.100000381469727,7031,0.0,0.0,0.0
2022-12-28 10:30:00-05:00,20.110000610351562,20.110000610351562,20.09000015258789,20.094999313354492,4148,0.0,0.0,0.0
2022-12-28 11:30:00-05:00,20.100000381469727,20.129899978637695,20.06329917907715,20.06999969482422,4469,0.0,0.0,0.0
2022-12-28 12:30:00-05:00,20.09000015258789,20.110000610351562,20.084699630737305,20.09000015258789,5691,0.0,0.0,0.0
2022-12-28 13:30:00-05:00,20.059999465942383,20.06999969482422,20.0,20.0,19001,0.0,0.0,0.0
2022-12-28 14:30:00-05:00,20.010000228881836,20.020000457763672,19.969999313354492,19.969999313354492,11127,0.0,0.0,0.0
2022-12-28 15:30:00-05:00,19.905000686645508,19.90570068359375,19.829999923706055,19.84000015258789,3167,0.0,0.0,0.0
2022-12-29 09:30:00-05:00,19.8700008392334,19.969999313354492,19.8700008392334,19.959999084472656,20545,0.0,0.0,0.0
2022-12-29 10:30:00-05:00,19.969999313354492,20.030000686645508,19.940000534057617,20.030000686645508,5476,0.0,0.0,0.0
2022-12-29 11:30:00-05:00,20.052000045776367,20.08300018310547,20.049999237060547,20.07990074157715,6706,0.0,0.0,0.0
2022-12-29 12:30:00-05:00,20.075000762939453,20.09749984741211,20.065000534057617,20.09749984741211,44710,0.0,0.0,0.0
2022-12-29 13:30:00-05:00,20.09000015258789,20.100000381469727,20.09000015258789,20.100000381469727,4576,0.0,0.0,0.0
2022-12-29 14:30:00-05:00,20.100000381469727,20.104700088500977,20.06999969482422,20.06999969482422,10618,0.0,0.0,0.0
2022-12-29 15:30:00-05:00,20.06999969482422,20.121000289916992,20.06999969482422,20.1200008392334,5079,0.0,0.0,0.0
2022-12-30 09:30:00-05:00,20.09000015258789,20.09000015258789,20.059999465942383,20.06999969482422,0,0.0,0.0,0.0
2022-12-30 10:30:00-05:00,20.06999969482422,20.079999923706055,20.06100082397461,20.07990074157715,13156,0.0,0.0,0.0
2022-12-30 11:30:00-05:00,20.06999969482422,20.087299346923828,20.06100082397461,20.087299346923828,23759,0.0,0.0,0.0
2022-12-30 12:30:00-05:00,20.084999084472656,20.139999389648438,20.084999084472656,20.09239959716797,14783,0.0,0.0,0.0
2022-12-30 13:30:00-05:00,20.094999313354492,20.094999313354492,20.06999969482422,20.06999969482422,9219,0.0,0.0,0.0
2022-12-30 14:30:00-05:00,20.075000762939453,20.07990074157715,20.065000534057617,20.075000762939453,7697,0.0,0.0,0.0
2022-12-30 15:30:00-05:00,20.079999923706055,20.1299991607666,20.079999923706055,20.114999771118164,29638,0.0,0.0,0.0
2023-01-03 09:30:00-05:00,20.200000762939453,20.270000457763672,20.132999420166016,20.18000030517578,14119,0.0,0.0,0.0
2023-01-03 10:30:00-05:00,20.170000076293945,20.18000030517578,20.139999389648438,20.139999389648438,21408,0.0,0.0,0.0
2023-01-03 11:30:00-05:00,20.139999389648438,20.156999588012695,20.1299991607666,20.150800704956055,63573,0.0,0.0,0.0
2023-01-03 12:30:00-05:00,20.149999618530273,20.170000076293945,20.149999618530273,20.170000076293945,2906,0.0,0.0,0.0
2023-01-03 13:30:00-05:00,20.18000030517578,20.18000030517578,20.15999984741211,20.160400390625,5659,0.0,0.0,0.0
2023-01-03 14:30:00-05:00,20.149999618530273,20.15999984741211,20.1299991607666,20.149999618530273,13631,0.0,0.0,0.0
2023-01-03 15:30:00-05:00,20.158899307250977,20.15999984741211,20.149999618530273,20.149999618530273,3504,0.0,0.0,0.0
2023-01-04 09:30:00-05:00,20.280000686645508,20.299999237060547,20.209999084472656,20.239999771118164,0,0.0,0.0,0.0
2023-01-04 10:30:00-05:00,20.25,20.28499984741211,20.25,20.280000686645508,4377,0.0,0.0,0.0
2023-01-04 11:30:00-05:00,20.280000686645508,20.31999969482422,20.280000686645508,20.31999969482422,3902,0.0,0.0,0.0
2023-01-04 12:30:00-05:00,20.318599700927734,20.329999923706055,20.309999465942383,20.32200050354004,2693,0.0,0.0,0.0
2023-01-04 13:30:00-05:00,20.340099334716797,20.340099334716797,20.295000076293945,20.299999237060547,5646,0.0,0.0,0.0
2023-01-04 14:30:00-05:00,20.299999237060547,20.329999923706055,20.290000915527344,20.329999923706055,9803,0.0,0.0,0.0
2023-01-04 15:30:00-05:00,20.33099937438965,20.3799991607666,20.329999923706055,20.3799991607666,16470,0.0,0.0,0.0
2023-01-05 09:30:00-05:00,20.32990074157715,20.329999923706055,20.270000457763672,20.31999969482422,0,0.0,0.0,0.0
2023-01-05 10:30:00-05:00,20.309999465942383,20.316699981689453,20.299999237060547,20.299999237060547,8029,0.0,0.0,0.0
2023-01-05 11:30:00-05:00,20.309999465942383,20.33989906311035,20.290000915527344,20.33989906311035,15823,0.0,0.0,0.0
2023-01-05 12:30:00-05:00,20.329999923706055,20.34000015258789,20.299999237060547,20.34000015258789,18696,0.0,0.0,0.0
2023-01-05 13:30:00-05:00,20.329999923706055,20.354999542236328,20.309999465942383,20.350000381469727,13279,0.0,0.0,0.0
2023-01-05 14:30:00-05:00,20.344999313354492,20.350000381469727,20.34000015258789,20.348899841308594,16960,0.0,0.0,0.0
2023-01-05 15:30:00-05:00,20.344999313354492,20.349899291992188,20.31999969482422,20.34000015258789,13825,0.0,0.0,0.0
2023-01-06 09:30:00-05:00,20.450000762939453,20.549999237060547,20.440000534057617,20.54400062561035,0,0.0,0.0,0.0
2023-01-06 10:30:00-05:00,20.541400909423828,20.59000015258789,20.510000228881836,20.570999145507812,49590,0.0,0.0,0.0
2023-01-06 11:30:00-05:00,20.59000015258789,20.6200008392334,20.59000015258789,20.600000381469727,12875,0.0,0.0,0.0
2023-01-06 12:30:00-05:00,20.590999603271484,20.600000381469727,20.559999465942383,20.56999969482422,21837,0.0,0.0,0.0
2023-01-06 13:30:00-05:00,20.570100784301758,20.65999984741211,20.570100784301758,20.65999984741211,30834,0.0,0.0,0.0
2023-01-06 14:30:00-05:00,20.649999618530273,20.690000534057617,20.649999618530273,20.682100296020508,3710,0.0,0.0,0.0
2023-01-06 15:30:00-05:00,20.68000030517578,20.684999465942383,20.6299991607666,20.649999618530273,8282,0.0,0.0,0.0
2023-01-09 09:30:00-05:00,20.690000534057617,20.737499237060547,20.680099487304688,20.725000381469727,0,0.0,0.0,0.0
2023-01-09 10:30:00-05:00,20.719999313354492,20.75,20.719999313354492,20.75,12617,0.0,0.0,0.0
2023-01-09 11:30:00-05:00,20.739999771118164,20.760000228881836,20.709999084472656,20.710100173950195,22137,0.0,0.0,0.0
2023-01-09 12:30:00-05:00,20.719999313354492,20.739999771118164,20.690000534057617,20.739999771118164,5339,0.0,0.0,0.0
2023-01-09 14:30:00-05:00,20.735000610351562,20.750099182128906,20.709999084472656,20.709999084472656,9277,0.0,0.0,0.0
2023-01-09 15:30:00-05:00,20.700000762939453,20.729999542236328,20.690000534057617,20.729999542236328,21291,0.0,0.0,0.0
2023-01-10 09:30:00-05:00,20.690000534057617,20.74810028076172,20.68000030517578,20.68000030517578,0,0.0,0.0,0.0
2023-01-10 10:30:00-05:00,20.68000030517578,20.690000534057617,20.639999389648438,20.670000076293945,6708,0.0,0.0,0.0
2023-01-10 11:30:00-05:00,20.670000076293945,20.67650032043457,20.65999984741211,20.669099807739258,2722,0.0,0.0,0.0
2023-01-10 12:30:00-05:00,20.68000030517578,20.700000762939453,20.68000030517578,20.700000762939453,3647,0.0,0.0,0.0
2023-01-10 13:30:00-05:00,20.70050048828125,20.70050048828125,20.690000534057617,20.69499969482422,2569,0.0,0.0,0.0
2023-01-10 14:30:00-05:00,20.690000534057617,20.700000762939453,20.690000534057617,20.700000762939453,6016,0.0,0.0,0.0
2023-01-10 15:30:00-05:00,20.700000762939453,20.700000762939453,20.690000534057617,20.690000534057617,20498,0.0,0.0,0.0
2023-01-11 09:30:00-05:00,20.780000686645508,20.81999969482422,20.739999771118164,20.780000686645508,0,0.0,0.0,0.0
2023-01-11 10:30:00-05:00,20.790000915527344,20.790000915527344,20.75,20.790000915527344,12057,0.0,0.0,0.0
2023-01-11 11:30:00-05:00,20.780000686645508,20.780000686645508,20.780000686645508,20.780000686645508,902,0.0,0.0,0.0
2023-01-11 12:30:00-05:00,20.780099868774414,20.815000534057617,20.780000686645508,20.810300827026367,14492,0.0,0.0,0.0
2023-01-11 13:30:00-05:00,20.815000534057617,20.81999969482422,20.809999465942383,20.810100555419922,3816,0.0,0.0,0.0
2023-01-11 14:30:00-05:00,20.809999465942383,20.809999465942383,20.790000915527344,20.799999237060547,1736,0.0,0.0,0.0
2023-01-11 15:30:00-05:00,20.799999237060547,20.8799991607666,20.799999237060547,20.8799991607666,0,0.0,0.0,0.0
2023-01-12 09:30:00-05:00,20.899999618530273,20.910999298095703,20.809999465942383,20.882099151611328,6707,0.0,0.0,0.0
2023-01-12 10:30:00-05:00,20.889999389648438,20.904199600219727,20.829999923706055,20.904199600219727,6632,0.0,0.0,0.0
2023-01-12 11:30:00-05:00,20.895000457763672,20.93000030517578,20.875,20.93000030517578,11637,0.0,0.0,0.0
2023-01-12 12:30:00-05:00,20.920000076293945,20.950000762939453,20.899999618530273,20.90999984741211,11765,0.0,0.0,0.0
2023-01-12 13:30:00-05:00,20.915000915527344,20.959299087524414,20.915000915527344,20.950000762939453,18292,0.0,0.0,0.0
2023-01-12 14:30:00-05:00,20.950000762939453,20.957000732421875,20.93000030517578,20.940000534057617,41350,0.0,0.0,0.0
2023-01-12 15:30:00-05:00,20.94499969482422,20.94499969482422,20.939199447631836,20.939199447631836,435,0.0,0.0,0.0
2023-01-13 09:30:00-05:00,20.8799991607666,20.959999084472656,20.8799991607666,20.959999084472656,0,0.0,0.0,0.0
2023-01-13 10:30:00-05:00,20.959999084472656,20.979999542236328,20.94099998474121,20.950000762939453,4680,0.0,0.0,0.0
2023-01-13 11:30:00-05:00,20.951000213623047,20.969999313354492,20.950000762939453,20.962099075317383,23964,0.0,0.0,0.0
2023-01-13 12:30:00-05:00,20.954999923706055,20.979999542236328,20.954999923706055,20.979999542236328,5160,0.0,0.0,0.0
2023-01-13 13:30:00-05:00,20.979999542236328,21.010000228881836,20.979999542236328,20.98900032043457,21783,0.0,0.0,0.0
2023-01-13 14:30:00-05:00,20.979999542236328,20.993000030517578,20.979999542236328,20.993000030517578,1365,0.0,0.0,0.0
2023-01-13 15:30:00-05:00,21.00279998779297,21.010499954223633,21.0,21.010000228881836,13790,0.0,0.0,0.0
2023-01-17 09:30:00-05:00,20.950000762939453,20.969999313354492,20.924999237060547,20.969999313354492,0,0.0,0.0,0.0
2023-01-17 10:30:00-05:00,20.940000534057617,20.94849967956543,20.90999984741211,20.916000366210938,8630,0.0,0.0,0.0
2023-01-17 11:30:00-05:00,20.949899673461914,20.951000213623047,20.919099807739258,20.92329978942871,6339,0.0,0.0,0.0
2023-01-17 12:30:00-05:00,20.93000030517578,20.93000030517578,20.920799255371094,20.924999237060547,3458,0.0,0.0,0.0
2023-01-17 13:30:00-05:00,20.93000030517578,20.933900833129883,20.920000076293945,20.920000076293945,2259,0.0,0.0,0.0
2023-01-17 14:30:00-05:00,20.93000030517578,20.959999084472656,20.93000030517578,20.959999084472656,1799,0.0,0.0,0.0
2023-01-17 15:30:00-05:00,20.950000762939453,20.950000762939453,20.93000030517578,20.93000030517578,1542,0.0,0.0,0.0
2023-01-18 09:30:00-05:00,21.049999237060547,21.139999389648438,21.049999237060547,21.110000610351562,0,0.0,0.0,0.0
2023-01-18 10:30:00-05:00,21.09000015258789,21.09000015258789,21.044200897216797,21.044200897216797,9094,0.0,0.0,0.0
2023-01-18 11:30:00-05:00,21.040000915527344,21.040000915527344,20.996000289916992,21.0,6167,0.0,0.0,0.0
2023-01-18 12:30:00-05:00,21.0,21.030000686645508,20.97010040283203,21.0,11195,0.0,0.0,0.0
2023-01-18 13:30:00-05:00,21.010000228881836,21.021900177001953,20.98200035095215,20.98200035095215,2060,0.0,0.0,0.0
2023-01-18 14:30:00-05:00,21.010000228881836,21.019899368286133,21.0,21.0,25033,0.0,0.0,0.0
2023-01-18 15:30:00-05:00,20.989999771118164,21.0,20.960100173950195,20.989999771118164,14142,0.0,0.0,0.0
2023-01-19 09:30:00-05:00,20.8799991607666,20.90999984741211,20.8799991607666,20.889999389648438,0,0.0,0.0,0.0
2023-01-19 10:30:00-05:00,20.899999618530273,20.90999984741211,20.850000381469727,20.859899520874023,8100,0.0,0.0,0.0
2023-01-19 11:30:00-05:00,20.860000610351562,20.8700008392334,20.84000015258789,20.86199951171875,4123,0.0,0.0,0.0
2023-01-19 12:30:00-05:00,20.86989974975586,20.8700008392334,20.829999923706055,20.8700008392334,11375,0.0,0.0,0.0
2023-01-19 13:30:00-05:00,20.8799991607666,20.88990020751953,20.827899932861328,20.88990020751953,2988,0.0,0.0,0.0
2023-01-19 14:30:00-05:00,20.864999771118164,20.875,20.860000610351562,20.864999771118164,11124,0.0,0.0,0.0
2023-01-19 15:30:00-05:00,20.860000610351562,20.8700008392334,20.850000381469727,20.860000610351562,4457,0.0,0.0,0.0
2023-01-20 09:30:00-05:00,20.84000015258789,20.84000015258789,20.799999237060547,20.820499420166016,0,0.0,0.0,0.0
2023-01-20 10:30:00-05:00,20.820899963378906,20.827499389648438,20.799999237060547,20.80500030517578,4133,0.0,0.0,0.0
2023-01-20 11:30:00-05:00,20.792999267578125,20.792999267578125,20.780000686645508,20.780000686645508,733,0.0,0.0,0.0
2023-01-20 12:30:00-05:00,20.809900283813477,20.809900283813477,20.78660011291504,20.790000915527344,4068,0.0,0.0,0.0
2023-01-20 13:30:00-05:00,20.77549934387207,20.83009910583496,20.77549934387207,20.81999969482422,9113,0.0,0.0,0.0
2023-01-20 14:30:00-05:00,20.815000534057617,20.849899291992188,20.809999465942383,20.84000015258789,16974,0.0,0.0,0.0
2023-01-20 15:30:00-05:00,20.844999313354492,20.875,20.84000015258789,20.875,11690,0.0,0.0,0.0
2023-01-23 09:30:00-05:00,20.850000381469727,20.8799991607666,20.829999923706055,20.8799991607666,0,0.0,0.0,0.0
2023-01-23 10:30:00-05:00,20.8799991607666,20.90999984741211,20.799999237060547,20.899999618530273,34226,0.0,0.0,0.0
2023-01-23 11:30:00-05:00,20.8799991607666,20.889999389648438,20.860000610351562,20.875,25873,0.0,0.0,0.0
2023-01-23 12:30:00-05:00,20.8700008392334,20.899999618530273,20.860000610351562,20.899999618530273,5075,0.0,0.0,0.0
2023-01-23 13:30:00-05:00,20.90999984741211,20.924999237060547,20.889999389648438,20.889999389648438,4991,0.0,0.0,0.0
2023-01-23 14:30:00-05:00,20.8799991607666,20.889999389648438,20.840700149536133,20.86199951171875,4648,0.0,0.0,0.0
2023-01-23 15:30:00-05:00,20.860000610351562,20.889999389648438,20.860000610351562,20.889999389648438,6630,0.0,0.0,0.0
2023-01-24 09:30:00-05:00,20.829999923706055,20.829999923706055,20.79949951171875,20.829999923706055,0,0.0,0.0,0.0
2023-01-24 10:30:00-05:00,20.829999923706055,20.860000610351562,20.823999404907227,20.860000610351562,4111,0.0,0.0,0.0
2023-01-24 11:30:00-05:00,20.860000610351562,20.864999771118164,20.84040069580078,20.852699279785156,4406,0.0,0.0,0.0
2023-01-24 12:30:00-05:00,20.864999771118164,20.864999771118164,20.850000381469727,20.860000610351562,1727,0.0,0.0,0.0
2023-01-24 13:30:00-05:00,20.871000289916992,20.893600463867188,20.8700008392334,20.889999389648438,6910,0.0,0.0,0.0
2023-01-24 14:30:00-05:00,20.899999618530273,20.90999984741211,20.8700008392334,20.8799991607666,10503,0.0,0.0,0.0
2023-01-24 15:30:00-05:00,20.8700008392334,20.889999389648438,20.860000610351562,20.889999389648438,0,0.0,0.0,0.0
2023-01-25 09:30:00-05:00,20.809999465942383,20.834699630737305,20.799999237060547,20.823999404907227,3275,0.0,0.0,0.0
2023-01-25 10:30:00-05:00,20.8125,20.84000015258789,20.799999237060547,20.84000015258789,42249,0.0,0.0,0.0
2023-01-25 11:30:00-05:00,20.84000015258789,20.860000610351562,20.834999084472656,20.844999313354492,21839,0.0,0.0,0.0
2023-01-25 12:30:00-05:00,20.844999313354492,20.8700008392334,20.844999313354492,20.8700008392334,2572,0.0,0.0,0.0
2023-01-25 13:30:00-05:00,20.8700008392334,20.888999938964844,20.8700008392334,20.8700008392334,2207,0.0,0.0,0.0
2023-01-25 14:30:00-05:00,20.8799991607666,20.895000457763672,20.8799991607666,20.889999389648438,18049,0.0,0.0,0.0
2023-01-25 15:30:00-05:00,20.885000228881836,20.889999389648438,20.838699340820312,20.875,0,0.0,0.0,0.0
2023-01-26 09:30:00-05:00,20.84000015258789,20.84000015258789,20.790000915527344,20.829999923706055,3695,0.0,0.0,0.0
2023-01-26 10:30:00-05:00,20.81999969482422,20.81999969482422,20.780000686645508,20.780000686645508,4076,0.0,0.0,0.0
2023-01-26 11:30:00-05:00,20.770000457763672,20.820100784301758,20.770000457763672,20.820100784301758,1347,0.0,0.0,0.0
2023-01-26 12:30:00-05:00,20.834999084472656,20.850000381469727,20.830799102783203,20.840099334716797,10332,0.0,0.0,0.0
2023-01-26 13:30:00-05:00,20.850000381469727,20.879899978637695,20.849700927734375,20.854999542236328,5903,0.0,0.0,0.0
2023-01-26 14:30:00-05:00,20.849899291992188,20.849899291992188,20.84000015258789,20.843700408935547,1000,0.0,0.0,0.0
2023-01-26 15:30:00-05:00,20.849300384521484,20.850000381469727,20.84000015258789,20.850000381469727,11101,0.0,0.0,0.0
2023-01-27 09:30:00-05:00,20.799999237060547,20.829999923706055,20.790000915527344,20.790000915527344,0,0.0,0.0,0.0
2023-01-27 10:30:00-05:00,20.799999237060547,20.799999237060547,20.760099411010742,20.79990005493164,6250,0.0,0.0,0.0
2023-01-27 11:30:00-05:00,20.795000076293945,20.79759979248047,20.790000915527344,20.790000915527344,7466,0.0,0.0,0.0
2023-01-27 12:30:00-05:00,20.790000915527344,20.799999237060547,20.780899047851562,20.780899047851562,7940,0.0,0.0,0.0
2023-01-27 13:30:00-05:00,20.78499984741211,20.790000915527344,20.770000457763672,20.78499984741211,5711,0.0,0.0,0.0
2023-01-27 14:30:00-05:00,20.78499984741211,20.815000534057617,20.780000686645508,20.809999465942383,21236,0.0,0.0,0.0
2023-01-27 15:30:00-05:00,20.80500030517578,20.809999465942383,20.760000228881836,20.760000228881836,5204,0.0,0.0,0.0
2023-01-30 09:30:00-05:00,20.729999542236328,20.760000228881836,20.719999313354492,20.75,0,0.0,0.0,0.0
2023-01-30 10:30:00-05:00,20.719999313354492,20.719999313354492,20.709999084472656,20.71500015258789,18515,0.0,0.0,0.0
2023-01-30 11:30:00-05:00,20.719999313354492,20.719999313354492,20.71500015258789,20.719999313354492,3229,0.0,0.0,0.0
2023-01-30 12:30:00-05:00,20.719999313354492,20.719999313354492,20.69499969482422,20.69499969482422,4008,0.0,0.0,0.0
2023-01-30 13:30:00-05:00,20.700000762939453,20.739999771118164,20.700000762939453,20.729999542236328,3875,0.0,0.0,0.0
2023-01-30 14:30:00-05:00,20.729999542236328,20.729999542236328,20.613500595092773,20.670000076293945,41449,0.0,0.0,0.0
2023-01-30 15:30:00-05:00,20.690000534057617,20.700000762939453,20.670900344848633,20.670900344848633,4246,0.0,0.0,0.0
2023-01-31 09:30:00-05:00,20.760000228881836,20.779499053955078,20.739999771118164,20.75,0,0.0,0.0,0.0
2023-01-31 10:30:00-05:00,20.770000457763672,20.770000457763672,20.75,20.75,20628,0.0,0.0,0.0
2023-01-31 11:30:00-05:00,20.7549991607666,20.78499984741211,20.75200080871582,20.764999389648438,9493,0.0,0.0,0.0
2023-01-31 12:30:00-05:00,20.766300201416016,20.789899826049805,20.760299682617188,20.78499984741211,25315,0.0,0.0,0.0
2023-01-31 13:30:00-05:00,20.78070068359375,20.80500030517578,20.78070068359375,20.80500030517578,5386,0.0,0.0,0.0
2023-01-31 14:30:00-05:00,20.809999465942383,20.84000015258789,20.809999465942383,20.8169002532959,7938,0.0,0.0,0.0
2023-01-31 15:30:00-05:00,20.819900512695312,20.84000015258789,20.815000534057617,20.834999084472656,9263,0.0,0.0,0.0
2023-02-01 09:30:00-05:00,20.81999969482422,20.860000610351562,20.81999969482422,20.84000015258789,0,0.0,0.0,0.0
2023-02-01 10:30:00-05:00,20.849899291992188,20.849899291992188,20.820899963378906,20.829999923706055,3898,0.0,0.0,0.0
2023-02-01 11:30:00-05:00,20.83099937438965,20.849899291992188,20.820499420166016,20.82990074157715,8979,0.0,0.0,0.0
2023-02-01 12:30:00-05:00,20.8218994140625,20.82990074157715,20.81999969482422,20.827999114990234,6421,0.0,0.0,0.0
2023-02-01 13:30:00-05:00,20.829999923706055,20.854999542236328,20.81999969482422,20.854999542236328,7634,0.0,0.0,0.0
2023-02-01 14:30:00-05:00,20.819900512695312,21.049999237060547,20.81100082397461,21.049999237060547,7339,0.0,0.0,0.0
2023-02-01 15:30:00-05:00,21.049999237060547,21.09000015258789,21.020000457763672,21.040000915527344,14660,0.0,0.0,0.0
2023-02-02 09:30:00-05:00,21.190000534057617,21.200000762939453,21.139999389648438,21.15999984741211,0,0.0,0.0,0.0
2023-02-02 10:30:00-05:00,21.16010093688965,21.209999084472656,21.16010093688965,21.209999084472656,12852,0.0,0.0,0.0
2023-02-02 11:30:00-05:00,21.204999923706055,21.219999313354492,21.20009994506836,21.21500015258789,17717,0.0,0.0,0.0
2023-02-02 12:30:00-05:00,21.210500717163086,21.21969985961914,21.18000030517578,21.190000534057617,64973,0.0,0.0,0.0
2023-02-02 13:30:00-05:00,21.190000534057617,21.200000762939453,21.1299991607666,21.15999984741211,88614,0.0,0.0,0.0
2023-02-02 14:30:00-05:00,21.16080093383789,21.184999465942383,21.139999389648438,21.160200119018555,89308,0.0,0.0,0.0
2023-02-02 15:30:00-05:00,21.160900115966797,21.170000076293945,21.15999984741211,21.170000076293945,21572,0.0,0.0,0.0
2023-02-03 09:30:00-05:00,20.989999771118164,21.059999465942383,20.980100631713867,21.04800033569336,0,0.0,0.0,0.0
2023-02-03 10:30:00-05:00,21.059999465942383,21.076000213623047,21.059999465942383,21.07080078125,2065,0.0,0.0,0.0
2023-02-03 11:30:00-05:00,21.05500030517578,21.06999969482422,21.040000915527344,21.045000076293945,7063,0.0,0.0,0.0
2023-02-03 12:30:00-05:00,21.040000915527344,21.045000076293945,21.0,21.0,11562,0.0,0.0,0.0
2023-02-03 13:30:00-05:00,20.989999771118164,20.989999771118164,20.979999542236328,20.987300872802734,1507,0.0,0.0,0.0
2023-02-03 14:30:00-05:00,20.986299514770508,20.986299514770508,20.969999313354492,20.970600128173828,13197,0.0,0.0,0.0
2023-02-03 15:30:00-05:00,20.969999313354492,20.970500946044922,20.94099998474121,20.950000762939453,46623,0.0,0.0,0.0
2023-02-06 09:30:00-05:00,20.850000381469727,20.8700008392334,20.829999923706055,20.829999923706055,0,0.0,0.0,0.0
2023-02-06 10:30:00-05:00,20.82990074157715,20.849899291992188,20.82990074157715,20.84000015258789,3519,0.0,0.0,0.0
2023-02-06 11:30:00-05:00,20.825000762939453,20.82990074157715,20.81999969482422,20.81999969482422,2820,0.0,0.0,0.0
2023-02-06 12:30:00-05:00,20.825000762939453,20.829999923706055,20.81999969482422,20.825000762939453,5349,0.0,0.0,0.0
2023-02-06 13:30:00-05:00,20.826000213623047,20.850000381469727,20.75,20.850000381469727,87424,0.0,0.0,0.0
2023-02-06 14:30:00-05:00,20.841299057006836,20.850000381469727,20.8302001953125,20.84000015258789,5177,0.0,0.0,0.0
2023-02-06 15:30:00-05:00,20.829999923706055,20.834999084472656,20.81999969482422,20.81999969482422,5467,0.0,0.0,0.0
2023-02-07 09:30:00-05:00,20.790000915527344,20.809999465942383,20.790000915527344,20.806299209594727,0,0.0,0.0,0.0
2023-02-07 10:30:00-05:00,20.816299438476562,20.844999313354492,20.815000534057617,20.844999313354492,8008,0.0,0.0,0.0
2023-02-07 11:30:00-05:00,20.8439998626709,20.8439998626709,20.80500030517578,20.80500030517578,4994,0.0,0.0,0.0
2023-02-07 12:30:00-05:00,20.809999465942383,20.93000030517578,20.799999237060547,20.8700008392334,11752,0.0,0.0,0.0
2023-02-07 13:30:00-05:00,20.829999923706055,20.8700008392334,20.789899826049805,20.864999771118164,5848,0.0,0.0,0.0
2023-02-07 14:30:00-05:00,20.86009979248047,20.88129997253418,20.86009979248047,20.8700008392334,12016,0.0,0.0,0.0
2023-02-07 15:30:00-05:00,20.8799991607666,20.899999618530273,20.8700008392334,20.889999389648438,3564,0.0,0.0,0.0
2023-02-08 09:30:00-05:00,20.850000381469727,20.8700008392334,20.850000381469727,20.864999771118164,0,0.0,0.0,0.0
2023-02-08 10:30:00-05:00,20.81999969482422,20.82990074157715,20.799999237060547,20.799999237060547,4810,0.0,0.0,0.0
2023-02-08 11:30:00-05:00,20.801000595092773,20.81999969482422,20.780000686645508,20.780000686645508,13748,0.0,0.0,0.0
2023-02-08 12:30:00-05:00,20.817100524902344,20.860000610351562,20.800100326538086,20.84000015258789,3014,0.0,0.0,0.0
2023-02-08 13:30:00-05:00,20.829999923706055,20.829999923706055,20.809999465942383,20.81999969482422,5609,0.0,0.0,0.0
2023-02-08 14:30:00-05:00,20.81999969482422,20.81999969482422,20.809999465942383,20.815000534057617,9785,0.0,0.0,0.0
2023-02-08 15:30:00-05:00,20.815000534057617,20.81999969482422,20.815000534057617,20.81999969482422,2028,0.0,0.0,0.0
2023-02-09 09:30:00-05:00,20.8700008392334,20.879899978637695,20.84000015258789,20.84000015258789,2982,0.0,0.0,0.0
2023-02-09 10:30:00-05:00,20.82990074157715,20.859899520874023,20.800100326538086,20.800100326538086,22497,0.0,0.0,0.0
2023-02-09 11:30:00-05:00,20.800100326538086,20.809999465942383,20.790000915527344,20.790000915527344,11970,0.0,0.0,0.0
2023-02-09 12:30:00-05:00,20.780000686645508,20.780000686645508,20.75,20.75,5893,0.0,0.0,0.0
2023-02-09 13:30:00-05:00,20.760000228881836,20.760000228881836,20.75,20.75,634,0.0,0.0,0.0
2023-02-09 14:30:00-05:00,20.729999542236328,20.729999542236328,20.700000762939453,20.7007999420166,4898,0.0,0.0,0.0
2023-02-09 15:30:00-05:00,20.661100387573242,20.689899444580078,20.66010093688965,20.6781005859375,2766,0.0,0.0,0.0
2023-02-10 09:30:00-05:00,20.579999923706055,20.6299991607666,20.579999923706055,20.6299991607666,0,0.0,0.0,0.0
2023-02-10 10:30:00-05:00,20.600000381469727,20.600000381469727,20.569900512695312,20.569900512695312,3369,0.0,0.0,0.0
2023-02-10 11:30:00-05:00,20.529499053955078,20.529499053955078,20.459999084472656,20.4950008392334,7307,0.0,0.0,0.0
2023-02-10 12:30:00-05:00,20.5,20.530000686645508,20.5,20.530000686645508,3191,0.0,0.0,0.0
2023-02-10 13:30:00-05:00,20.530099868774414,20.530099868774414,20.489999771118164,20.489999771118164,2946,0.0,0.0,0.0
2023-02-10 14:30:00-05:00,20.489999771118164,20.520000457763672,20.489999771118164,20.5049991607666,10056,0.0,0.0,0.0
2023-02-10 15:30:00-05:00,20.506000518798828,20.509899139404297,20.469999313354492,20.469999313354492,22133,0.0,0.0,0.0
2023-02-13 09:30:00-05:00,20.489999771118164,20.550100326538086,20.489999771118164,20.530000686645508,0,0.0,0.0,0.0
2023-02-13 10:30:00-05:00,20.535999298095703,20.569900512695312,20.535999298095703,20.538999557495117,58107,0.0,0.0,0.0
2023-02-13 11:30:00-05:00,20.530000686645508,20.57990074157715,20.520000457763672,20.56999969482422,21677,0.0,0.0,0.0
2023-02-13 12:30:00-05:00,20.57990074157715,20.59000015258789,20.575000762939453,20.59000015258789,7469,0.0,0.0,0.0
2023-02-13 13:30:00-05:00,20.585500717163086,20.614999771118164,20.579999923706055,20.600000381469727,15189,0.0,0.0,0.0
2023-02-13 14:30:00-05:00,20.589799880981445,20.589799880981445,20.55500030517578,20.559999465942383,21425,0.0,0.0,0.0
2023-02-13 15:30:00-05:00,20.575000762939453,20.588899612426758,20.559999465942383,20.559999465942383,3810,0.0,0.0,0.0
2023-02-14 09:30:00-05:00,20.510000228881836,20.610000610351562,20.479999542236328,20.59000015258789,0,0.0,0.0,0.0
2023-02-14 10:30:00-05:00,20.579999923706055,20.579999923706055,20.4950008392334,20.4950008392334,2917,0.0,0.0,0.0
2023-02-14 11:30:00-05:00,20.489999771118164,20.519899368286133,20.46190071105957,20.514999389648438,8479,0.0,0.0,0.0
2023-02-14 12:30:00-05:00,20.510000228881836,20.545000076293945,20.510000228881836,20.545000076293945,1477,0.0,0.0,0.0
2023-02-14 13:30:00-05:00,20.559999465942383,20.559999465942383,20.530000686645508,20.545000076293945,3635,0.0,0.0,0.0
2023-02-14 14:30:00-05:00,20.545000076293945,20.559999465942383,20.545000076293945,20.549999237060547,8836,0.0,0.0,0.0
2023-02-14 15:30:00-05:00,20.55500030517578,20.579999923706055,20.549999237060547,20.559999465942383,5476,0.0,0.0,0.0
2023-02-15 09:30:00-05:00,20.469999313354492,20.559999465942383,20.465999603271484,20.559999465942383,0,0.0,0.0,0.0
2023-02-15 10:30:00-05:00,20.527000427246094,20.527000427246094,20.4950008392334,20.5,4898,0.0,0.0,0.0
2023-02-15 11:30:00-05:00,20.5,20.510000228881836,20.475000381469727,20.4950008392334,13653,0.0,0.0,0.0
2023-02-15 12:30:00-05:00,20.49020004272461,20.510000228881836,20.489999771118164,20.502300262451172,11021,0.0,0.0,0.0
2023-02-15 13:30:00-05:00,20.5,20.519899368286133,20.5,20.514999389648438,16833,0.0,0.0,0.0
2023-02-15 14:30:00-05:00,20.51799964904785,20.51799964904785,20.4906005859375,20.4950008392334,9286,0.0,0.0,0.0
2023-02-15 15:30:00-05:00,20.4950008392334,20.540000915527344,20.475000381469727,20.540000915527344,9161,0.0,0.0,0.0
2023-02-16 09:30:00-05:00,20.43000030517578,20.450000762939453,20.385000228881836,20.4060001373291,0,0.0,0.0,0.0
2023-02-16 10:30:00-05:00,20.420000076293945,20.43000030517578,20.399999618530273,20.399999618530273,2616,0.0,0.0,0.0
2023-02-16 11:30:00-05:00,20.430200576782227,20.439899444580078,20.40999984741211,20.420000076293945,2880,0.0,0.0,0.0
2023-02-16 12:30:00-05:00,20.420000076293945,20.42020034790039,20.389999389648438,20.399900436401367,11056,0.0,0.0,0.0
2023-02-16 13:30:00-05:00,20.389999389648438,20.423999786376953,20.389999389648438,20.415000915527344,4652,0.0,0.0,0.0
2023-02-16 14:30:00-05:00,20.415000915527344,20.45989990234375,20.389999389648438,20.389999389648438,4581,0.0,0.0,0.0
2023-02-16 15:30:00-05:00,20.3799991607666,20.389999389648438,20.3799991607666,20.389999389648438,4846,0.0,0.0,0.0
2023-02-17 09:30:00-05:00,20.270000457763672,20.31999969482422,20.270000457763672,20.31999969482422,0,0.0,0.0,0.0
2023-02-17 10:30:00-05:00,20.330799102783203,20.33099937438965,20.31999969482422,20.31999969482422,5806,0.0,0.0,0.0
2023-02-17 11:30:00-05:00,20.31999969482422,20.38990020751953,20.309999465942383,20.34000015258789,8129,0.0,0.0,0.0
2023-02-17 12:30:00-05:00,20.344999313354492,20.344999313354492,20.31999969482422,20.344999313354492,9093,0.0,0.0,0.0
2023-02-17 13:30:00-05:00,20.34000015258789,20.386999130249023,20.34000015258789,20.386999130249023,7816,0.0,0.0,0.0
2023-02-17 14:30:00-05:00,20.41990089416504,20.450000762939453,20.40999984741211,20.450000762939453,2852,0.0,0.0,0.0
2023-02-17 15:30:00-05:00,20.459999084472656,20.479900360107422,20.434999465942383,20.459999084472656,3466,0.0,0.0,0.0
2023-02-21 09:30:00-05:00,20.280000686645508,20.281400680541992,20.209999084472656,20.209999084472656,0,0.0,0.0,0.0
2023-02-21 10:30:00-05:00,20.229999542236328,20.229999542236328,20.1299991607666,20.139999389648438,8862,0.0,0.0,0.0
2023-02-21 11:30:00-05:00,20.139999389648438,20.184999465942383,20.1299991607666,20.140100479125977,5707,0.0,0.0,0.0
2023-02-21 12:30:00-05:00,20.18000030517578,20.18000030517578,20.1200008392334,20.12380027770996,20103,0.0,0.0,0.0
2023-02-21 13:30:00-05:00,20.120100021362305,20.12929916381836,20.110000610351562,20.110000610351562,962,0.0,0.0,0.0
2023-02-21 14:30:00-05:00,20.06999969482422,20.104999542236328,20.065000534057617,20.104999542236328,25654,0.0,0.0,0.0
2023-02-21 15:30:00-05:00,20.10099983215332,20.1299991607666,20.10099983215332,20.1299991607666,3823,0.0,0.0,0.0
2023-02-22 09:30:00-05:00,20.219999313354492,20.27199935913086,20.209999084472656,20.229999542236328,0,0.0,0.0,0.0
2023-02-22 10:30:00-05:00,20.219999313354492,20.231000900268555,20.200000762939453,20.20009994506836,7382,0.0,0.0,0.0
2023-02-22 11:30:00-05:00,20.204999923706055,20.227500915527344,20.204999923706055,20.219999313354492,11315,0.0,0.0,0.0
2023-02-22 12:30:00-05:00,20.219999313354492,20.290000915527344,20.209999084472656,20.290000915527344,15010,0.0,0.0,0.0
2023-02-22 13:30:00-05:00,20.299999237060547,20.33049964904785,20.260000228881836,20.309999465942383,34765,0.0,0.0,0.0
2023-02-22 14:30:00-05:00,20.289899826049805,20.289899826049805,20.229999542236328,20.232099533081055,14121,0.0,0.0,0.0
2023-02-22 15:30:00-05:00,20.241300582885742,20.280000686645508,20.240999221801758,20.26110076904297,18099,0.0,0.0,0.0
2023-02-23 09:30:00-05:00,20.260000228881836,20.290000915527344,20.260000228881836,20.277599334716797,0,0.0,0.0,0.0
2023-02-23 10:30:00-05:00,20.260000228881836,20.280000686645508,20.229999542236328,20.229999542236328,2949,0.0,0.0,0.0
2023-02-23 11:30:00-05:00,20.260000228881836,20.260000228881836,20.229999542236328,20.239999771118164,6808,0.0,0.0,0.0
2023-02-23 12:30:00-05:00,20.245500564575195,20.260000228881836,20.239999771118164,20.2450008392334,9524,0.0,0.0,0.0
2023-02-23 13:30:00-05:00,20.27989959716797,20.329999923706055,20.270000457763672,20.329999923706055,5081,0.0,0.0,0.0
2023-02-23 14:30:00-05:00,20.33049964904785,20.360000610351562,20.33049964904785,20.360000610351562,20491,0.0,0.0,0.0
2023-02-23 15:30:00-05:00,20.389999389648438,20.389999389648438,20.369300842285156,20.369300842285156,0,0.0,0.0,0.0
2023-02-24 09:30:00-05:00,20.170000076293945,20.229999542236328,20.170000076293945,20.190000534057617,21764,0.0,0.0,0.0
2023-02-24 10:30:00-05:00,20.190000534057617,20.219999313354492,20.17020034790039,20.219999313354492,171021,0.0,0.0,0.0
2023-02-24 11:30:00-05:00,20.229999542236328,20.239999771118164,20.18000030517578,20.219999313354492,88863,0.0,0.0,0.0
2023-02-24 12:30:00-05:00,20.209999084472656,20.21500015258789,20.200000762939453,20.200000762939453,2159,0.0,0.0,0.0
2023-02-24 13:30:00-05:00,20.200199127197266,20.229999542236328,20.200199127197266,20.225000381469727,13125,0.0,0.0,0.0
2023-02-24 14:30:00-05:00,20.229900360107422,20.264999389648438,20.225000381469727,20.264999389648438,13239,0.0,0.0,0.0
2023-02-24 15:30:00-05:00,20.260000228881836,20.26059913635254,20.23080062866211,20.25,11483,0.0,0.0,0.0
2023-02-27 09:30:00-05:00,20.329999923706055,20.360000610351562,20.309999465942383,20.354999542236328,0,0.0,0.0,0.0
2023-02-27 10:30:00-05:00,20.350000381469727,20.350000381469727,20.299999237060547,20.302000045776367,4513,0.0,0.0,0.0
2023-02-27 11:30:00-05:00,20.299999237060547,20.34000015258789,20.290000915527344,20.34000015258789,8548,0.0,0.0,0.0
2023-02-27 12:30:00-05:00,20.350000381469727,20.3700008392334,20.34000015258789,20.3700008392334,9831,0.0,0.0,0.0
2023-02-27 13:30:00-05:00,20.3700008392334,20.3799991607666,20.364999771118164,20.3799991607666,27266,0.0,0.0,0.0
2023-02-27 14:30:00-05:00,20.3799991607666,20.3799991607666,20.350000381469727,20.3572998046875,42484,0.0,0.0,0.0
2023-02-27 15:30:00-05:00,20.350799560546875,20.3700008392334,20.350000381469727,20.360000610351562,34736,0.0,0.0,0.0
2023-02-28 09:30:00-05:00,20.350000381469727,20.350000381469727,20.299999237060547,20.329999923706055,0,0.0,0.0,0.0
2023-02-28 10:30:00-05:00,20.329999923706055,20.34000015258789,20.315000534057617,20.325000762939453,8088,0.0,0.0,0.0
2023-02-28 11:30:00-05:00,20.329500198364258,20.329999923706055,20.309999465942383,20.31999969482422,5815,0.0,0.0,0.0
2023-02-28 12:30:00-05:00,20.32990074157715,20.34000015258789,20.315000534057617,20.31999969482422,6121,0.0,0.0,0.0
2023-02-28 13:30:00-05:00,20.329500198364258,20.334999084472656,20.299999237060547,20.334999084472656,12640,0.0,0.0,0.0
2023-02-28 14:30:00-05:00,20.334999084472656,20.34000015258789,20.329999923706055,20.334999084472656,17807,0.0,0.0,0.0
2023-02-28 15:30:00-05:00,20.334999084472656,20.334999084472656,20.31999969482422,20.325000762939453,5004,0.0,0.0,0.0
2023-03-01 09:30:00-05:00,20.34000015258789,20.34000015258789,20.239999771118164,20.260000228881836,0,0.0,0.0,0.0
2023-03-01 10:30:00-05:00,20.260000228881836,20.290000915527344,20.239999771118164,20.239999771118164,11948,0.0,0.0,0.0
2023-03-01 11:30:00-05:00,20.240699768066406,20.270000457763672,20.240699768066406,20.270000457763672,6765,0.0,0.0,0.0
2023-03-01 12:30:00-05:00,20.260000228881836,20.260000228881836,20.25,20.25830078125,5713,0.0,0.0,0.0
2023-03-01 13:30:00-05:00,20.25,20.290000915527344,20.25,20.280000686645508,4959,0.0,0.0,0.0
2023-03-01 14:30:00-05:00,20.280000686645508,20.285999298095703,20.270000457763672,20.270099639892578,7715,0.0,0.0,0.0
2023-03-01 15:30:00-05:00,20.289899826049805,20.290000915527344,20.270000457763672,20.290000915527344,10010,0.0,0.0,0.0
2023-03-02 09:30:00-05:00,20.18000030517578,20.239900588989258,20.18000030517578,20.239900588989258,0,0.0,0.0,0.0
2023-03-02 10:30:00-05:00,20.20949935913086,20.239999771118164,20.208200454711914,20.219999313354492,23989,0.0,0.0,0.0
2023-03-02 11:30:00-05:00,20.225000381469727,20.225000381469727,20.200000762939453,20.21299934387207,10969,0.0,0.0,0.0
2023-03-02 12:30:00-05:00,20.21500015258789,20.239900588989258,20.210100173950195,20.221200942993164,125760,0.0,0.0,0.0
2023-03-02 13:30:00-05:00,20.229900360107422,20.270000457763672,20.229900360107422,20.260900497436523,21842,0.0,0.0,0.0
2023-03-02 14:30:00-05:00,20.264999389648438,20.28499984741211,20.260000228881836,20.28499984741211,253445,0.0,0.0,0.0
2023-03-02 15:30:00-05:00,20.28499984741211,20.31999969482422,20.260000228881836,20.295000076293945,95909,0.0,0.0,0.0
2023-03-03 09:30:00-05:00,20.3700008392334,20.420000076293945,20.3700008392334,20.415000915527344,0,0.0,0.0,0.0
2023-03-03 10:30:00-05:00,20.420000076293945,20.420000076293945,20.38949966430664,20.40089988708496,3354,0.0,0.0,0.0
2023-03-03 11:30:00-05:00,20.420000076293945,20.479900360107422,20.410900115966797,20.479900360107422,4408,0.0,0.0,0.0
2023-03-03 12:30:00-05:00,20.469999313354492,20.49920082092285,20.469999313354492,20.490100860595703,15021,0.0,0.0,0.0
2023-03-03 13:30:00-05:00,20.489999771118164,20.499300003051758,20.489999771118164,20.490999221801758,5298,0.0,0.0,0.0
2023-03-03 14:30:00-05:00,20.492000579833984,20.540000915527344,20.492000579833984,20.520000457763672,12508,0.0,0.0,0.0
2023-03-03 15:30:00-05:00,20.485000610351562,20.520000457763672,20.430099487304688,20.520000457763672,2394,0.0,0.0,0.0
2023-03-06 09:30:00-05:00,20.56999969482422,20.56999969482422,20.549999237060547,20.559999465942383,0,0.0,0.0,0.0
2023-03-06 10:30:00-05:00,20.549999237060547,20.549999237060547,20.540000915527344,20.540000915527344,3747,0.0,0.0,0.0
2023-03-06 11:30:00-05:00,20.540000915527344,20.56999969482422,20.540000915527344,20.559999465942383,7072,0.0,0.0,0.0
2023-03-06 12:30:00-05:00,20.541099548339844,20.54990005493164,20.522199630737305,20.524999618530273,3166,0.0,0.0,0.0
2023-03-06 13:30:00-05:00,20.52989959716797,20.52989959716797,20.5,20.520000457763672,7961,0.0,0.0,0.0
2023-03-06 14:30:00-05:00,20.510099411010742,20.51110076904297,20.489999771118164,20.509899139404297,14151,0.0,0.0,0.0
2023-03-06 15:30:00-05:00,20.5,20.530000686645508,20.5,20.530000686645508,3086,0.0,0.0,0.0
2023-03-07 09:30:00-05:00,20.530000686645508,20.530000686645508,20.399999618530273,20.450000762939453,0,0.0,0.0,0.0
2023-03-07 10:30:00-05:00,20.440000534057617,20.459999084472656,20.40999984741211,20.40999984741211,3433,0.0,0.0,0.0
2023-03-07 11:30:00-05:00,20.40999984741211,20.459999084472656,20.40999984741211,20.459999084472656,6339,0.0,0.0,0.0
2023-03-07 12:30:00-05:00,20.450000762939453,20.450000762939453,20.40999984741211,20.40999984741211,12833,0.0,0.0,0.0
2023-03-07 13:30:00-05:00,20.400999069213867,20.40999984741211,20.399999618530273,20.399999618530273,5065,0.0,0.0,0.0
2023-03-07 14:30:00-05:00,20.395000457763672,20.40999984741211,20.3799991607666,20.389999389648438,3174,0.0,0.0,0.0
2023-03-07 15:30:00-05:00,20.389999389648438,20.399900436401367,20.3700008392334,20.3799991607666,3078,0.0,0.0,0.0
2023-03-08 09:30:00-05:00,20.389999389648438,20.399999618530273,20.34000015258789,20.36989974975586,0,0.0,0.0,0.0
2023-03-08 10:30:00-05:00,20.3799991607666,20.389999389648438,20.350500106811523,20.3710994720459,1885,0.0,0.0,0.0
2023-03-08 11:30:00-05:00,20.34000015258789,20.360000610351562,20.309999465942383,20.31049919128418,30777,0.0,0.0,0.0
2023-03-08 12:30:00-05:00,20.309999465942383,20.32029914855957,20.260000228881836,20.260000228881836,15284,0.0,0.0,0.0
2023-03-08 13:30:00-05:00,20.259899139404297,20.270000457763672,20.2549991607666,20.260000228881836,5552,0.0,0.0,0.0
2023-03-08 14:30:00-05:00,20.260000228881836,20.280000686645508,20.25,20.2549991607666,13984,0.0,0.0,0.0
2023-03-08 15:30:00-05:00,20.25,20.270000457763672,20.239999771118164,20.264999389648438,0,0.0,0.0,0.0
2023-03-09 09:30:00-05:00,20.290000915527344,20.371700286865234,20.290000915527344,20.34000015258789,6847,0.0,0.0,0.0
2023-03-09 10:30:00-05:00,20.35099983215332,20.361000061035156,20.34000015258789,20.34000015258789,8370,0.0,0.0,0.0
2023-03-09 11:30:00-05:00,20.329999923706055,20.334999084472656,20.309999465942383,20.315000534057617,4146,0.0,0.0,0.0
2023-03-09 12:30:00-05:00,20.309999465942383,20.319900512695312,20.299999237060547,20.304000854492188,5788,0.0,0.0,0.0
2023-03-09 13:30:00-05:00,20.280000686645508,20.280000686645508,20.2450008392334,20.2450008392334,3923,0.0,0.0,0.0
2023-03-09 14:30:00-05:00,20.219999313354492,20.229999542236328,20.1299991607666,20.139999389648438,4630,0.0,0.0,0.0
2023-03-09 15:30:00-05:00,20.139999389648438,20.170000076293945,20.139999389648438,20.15999984741211,6614,0.0,0.0,0.0
2023-03-10 09:30:00-05:00,20.190000534057617,20.25,20.189899444580078,20.219999313354492,0,0.0,0.0,0.0
2023-03-10 10:30:00-05:00,20.229999542236328,20.270000457763672,20.219999313354492,20.260000228881836,1958,0.0,0.0,0.0
2023-03-10 11:30:00-05:00,20.280000686645508,20.280000686645508,20.18000030517578,20.19499969482422,6046,0.0,0.0,0.0
2023-03-10 12:30:00-05:00,20.19179916381836,20.229999542236328,20.15999984741211,20.15999984741211,31688,0.0,0.0,0.0
2023-03-10 13:30:00-05:00,20.165000915527344,20.166000366210938,20.100000381469727,20.139999389648438,2962,0.0,0.0,0.0
2023-03-10 14:30:00-05:00,20.149999618530273,20.18000030517578,20.149999618530273,20.15999984741211,1672,0.0,0.0,0.0
2023-03-10 15:30:00-05:00,20.149999618530273,20.170000076293945,20.125,20.170000076293945,2458,0.0,0.0,0.0
2023-03-13 09:30:00-04:00,20.049999237060547,20.1200008392334,20.030000686645508,20.1200008392334,0,0.0,0.0,0.0
2023-03-13 10:30:00-04:00,20.131000518798828,20.280000686645508,20.1299991607666,20.260099411010742,19371,0.0,0.0,0.0
2023-03-13 11:30:00-04:00,20.25,20.250999450683594,20.229999542236328,20.229999542236328,4815,0.0,0.0,0.0
2023-03-13 12:30:00-04:00,20.219999313354492,20.219999313354492,20.079999923706055,20.09469985961914,26436,0.0,0.0,0.0
2023-03-13 13:30:00-04:00,20.100000381469727,20.1299991607666,20.100000381469727,20.110000610351562,4099,0.0,0.0,0.0
2023-03-13 14:30:00-04:00,20.1200008392334,20.149999618530273,20.079999923706055,20.085100173950195,5920,0.0,0.0,0.0
2023-03-13 15:30:00-04:00,20.079999923706055,20.091100692749023,20.059999465942383,20.06730079650879,4605,0.0,0.0,0.0
2023-03-14 09:30:00-04:00,20.219999313354492,20.239999771118164,20.209999084472656,20.239999771118164,0,0.0,0.0,0.0
2023-03-14 10:30:00-04:00,20.219999313354492,20.280000686645508,20.219999313354492,20.280000686645508,3854,0.0,0.0,0.0
2023-03-14 11:30:00-04:00,20.2450008392334,20.2450008392334,20.239999771118164,20.239999771118164,257,0.0,0.0,0.0
2023-03-14 12:30:00-04:00,20.219999313354492,20.224700927734375,20.19499969482422,20.200000762939453,4901,0.0,0.0,0.0
2023-03-14 13:30:00-04:00,20.200000762939453,20.200000762939453,20.18000030517578,20.190000534057617,2547,0.0,0.0,0.0
2023-03-14 14:30:00-04:00,20.190000534057617,20.200000762939453,20.110000610351562,20.110000610351562,4478,0.0,0.0,0.0
2023-03-14 15:30:00-04:00,20.1299991607666,20.19300079345703,20.1299991607666,20.19300079345703,8867,0.0,0.0,0.0
2023-03-15 09:30:00-04:00,20.0,20.103200912475586,20.0,20.100000381469727,0,0.0,0.0,0.0
2023-03-15 10:30:00-04:00,20.077499389648438,20.082000732421875,20.030000686645508,20.071699142456055,3922,0.0,0.0,0.0
2023-03-15 11:30:00-04:00,20.09000015258789,20.108800888061523,20.059999465942383,20.09000015258789,6063,0.0,0.0,0.0
2023-03-15 12:30:00-04:00,20.06999969482422,20.08099937438965,20.06999969482422,20.079999923706055,834,0.0,0.0,0.0
2023-03-15 13:30:00-04:00,20.079999923706055,20.079999923706055,20.020000457763672,20.059900283813477,3101,0.0,0.0,0.0
2023-03-15 14:30:00-04:00,20.090099334716797,20.1299991607666,20.09000015258789,20.1299991607666,13766,0.0,0.0,0.0
2023-03-15 15:30:00-04:00,20.1200008392334,20.1200008392334,20.100099563598633,20.110000610351562,0,0.0,0.0,0.0
2023-03-16 09:30:00-04:00,20.1299991607666,20.1299991607666,20.09000015258789,20.100000381469727,5394,0.0,0.0,0.0
2023-03-16 10:30:00-04:00,20.10099983215332,20.17099952697754,20.100000381469727,20.170000076293945,6993,0.0,0.0,0.0
2023-03-16 11:30:00-04:00,20.197099685668945,20.20989990234375,20.18000030517578,20.200000762939453,4573,0.0,0.0,0.0
2023-03-16 12:30:00-04:00,20.20039939880371,20.219999313354492,20.20039939880371,20.21500015258789,5844,0.0,0.0,0.0
2023-03-16 13:30:00-04:00,20.219900131225586,20.260000228881836,20.209999084472656,20.260000228881836,7733,0.0,0.0,0.0
2023-03-16 14:30:00-04:00,20.269899368286133,20.299999237060547,20.260000228881836,20.299999237060547,7248,0.0,0.0,0.0
2023-03-16 15:30:00-04:00,20.2810001373291,20.2810001373291,20.270000457763672,20.270000457763672,3803,0.0,0.0,0.0
2023-03-17 09:30:00-04:00,20.15999984741211,20.229999542236328,20.15999984741211,20.219999313354492,3001,0.0,0.0,0.0
2023-03-17 10:30:00-04:00,20.170000076293945,20.170000076293945,20.139999389648438,20.149999618530273,1886,0.0,0.0,0.0
2023-03-17 11:30:00-04:00,20.18000030517578,20.18000030517578,20.131000518798828,20.15999984741211,3123,0.0,0.0,0.0
2023-03-17 12:30:00-04:00,20.160999298095703,20.170000076293945,20.15999984741211,20.15999984741211,2258,0.0,0.0,0.0
2023-03-17 13:30:00-04:00,20.16990089416504,20.16990089416504,20.149999618530273,20.149999618530273,688,0.0,0.0,0.0
2023-03-17 14:30:00-04:00,20.149900436401367,20.149900436401367,20.13089942932129,20.147300720214844,7298,0.0,0.0,0.0
2023-03-17 15:30:00-04:00,20.145000457763672,20.15999984741211,20.139999389648438,20.15999984741211,3354,0.0,0.0,0.0
2023-03-20 09:30:00-04:00,20.1200008392334,20.15999984741211,20.1200008392334,20.140100479125977,4277,0.0,0.0,0.0
2023-03-20 10:30:00-04:00,20.170000076293945,20.190000534057617,20.139999389648438,20.15999984741211,13625,0.0,0.0,0.0
2023-03-20 11:30:00-04:00,20.17099952697754,20.17099952697754,20.09000015258789,20.09000015258789,3331,0.0,0.0,0.0
2023-03-20 12:30:00-04:00,20.09000015258789,20.12820053100586,20.09000015258789,20.110000610351562,5092,0.0,0.0,0.0
2023-03-20 13:30:00-04:00,20.110000610351562,20.110000610351562,20.079999923706055,20.09000015258789,1651,0.0,0.0,0.0
2023-03-20 14:30:00-04:00,20.079999923706055,20.080299377441406,20.059999465942383,20.06999969482422,6507,0.0,0.0,0.0
2023-03-20 15:30:00-04:00,20.089799880981445,20.110000610351562,20.079999923706055,20.094999313354492,10758,0.0,0.0,0.0
2023-03-21 09:30:00-04:00,20.190000534057617,20.201400756835938,20.190000534057617,20.190000534057617,0,0.0,0.0,0.0
2023-03-21 10:30:00-04:00,20.15999984741211,20.170000076293945,20.15290069580078,20.163999557495117,3228,0.0,0.0,0.0
2023-03-21 11:30:00-04:00,20.170000076293945,20.190000534057617,20.155000686645508,20.190000534057617,1675,0.0,0.0,0.0
2023-03-21 12:30:00-04:00,20.174999237060547,20.174999237060547,20.170000076293945,20.170000076293945,1537,0.0,0.0,0.0
2023-03-21 13:30:00-04:00,20.18000030517578,20.190000534057617,20.16010093688965,20.170000076293945,13813,0.0,0.0,0.0
2023-03-21 14:30:00-04:00,20.16029930114746,20.198699951171875,20.16029930114746,20.19499969482422,14955,0.0,0.0,0.0
2023-03-21 15:30:00-04:00,20.19499969482422,20.25,20.19499969482422,20.239999771118164,12817,0.0,0.0,0.0
2023-03-22 09:30:00-04:00,20.209999084472656,20.229999542236328,20.176300048828125,20.18000030517578,0,0.0,0.0,0.0
2023-03-22 10:30:00-04:00,20.19499969482422,20.209999084472656,20.19499969482422,20.209999084472656,1577,0.0,0.0,0.0
2023-03-22 11:30:00-04:00,20.18090057373047,20.204700469970703,20.18090057373047,20.190099716186523,15511,0.0,0.0,0.0
2023-03-22 12:30:00-04:00,20.200000762939453,20.217300415039062,20.200000762939453,20.209999084472656,13291,0.0,0.0,0.0
2023-03-22 13:30:00-04:00,20.225000381469727,20.329999923706055,20.219999313354492,20.329999923706055,8347,0.0,0.0,0.0
2023-03-22 14:30:00-04:00,20.33009910583496,20.43000030517578,20.31999969482422,20.31999969482422,16657,0.0,0.0,0.0
2023-03-22 15:30:00-04:00,20.360000610351562,20.3799991607666,20.329999923706055,20.329999923706055,35040,0.0,0.0,0.0
2023-03-23 09:30:00-04:00,20.239999771118164,20.239999771118164,20.21500015258789,20.21500015258789,0,0.0,0.0,0.0
2023-03-23 10:30:00-04:00,20.219999313354492,20.260000228881836,20.219999313354492,20.239999771118164,13138,0.0,0.0,0.0
2023-03-23 11:30:00-04:00,20.239999771118164,20.270000457763672,20.239999771118164,20.260000228881836,16271,0.0,0.0,0.0
2023-03-23 12:30:00-04:00,20.260000228881836,20.260000228881836,20.208999633789062,20.208999633789062,1785,0.0,0.0,0.0
2023-03-23 13:30:00-04:00,20.219999313354492,20.219999313354492,20.200000762939453,20.200199127197266,3277,0.0,0.0,0.0
2023-03-23 14:30:00-04:00,20.200000762939453,20.2450008392334,20.15999984741211,20.2450008392334,10252,0.0,0.0,0.0
2023-03-23 15:30:00-04:00,20.25,20.264999389648438,20.239999771118164,20.2450008392334,2576,0.0,0.0,0.0
2023-03-24 09:30:00-04:00,20.3700008392334,20.3700008392334,20.280000686645508,20.290000915527344,4697,0.0,0.0,0.0
2023-03-24 10:30:00-04:00,20.270000457763672,20.301700592041016,20.26110076904297,20.29199981689453,7954,0.0,0.0,0.0
2023-03-24 11:30:00-04:00,20.290000915527344,20.290000915527344,20.25,20.270000457763672,2020,0.0,0.0,0.0
2023-03-24 12:30:00-04:00,20.260000228881836,20.290000915527344,20.260000228881836,20.289100646972656,1685,0.0,0.0,0.0
2023-03-24 13:30:00-04:00,20.277299880981445,20.27989959716797,20.270000457763672,20.27050018310547,5762,0.0,0.0,0.0
2023-03-24 14:30:00-04:00,20.274999618530273,20.360000610351562,20.260000228881836,20.280000686645508,29459,0.0,0.0,0.0
2023-03-24 15:30:00-04:00,20.274999618530273,20.280000686645508,20.260000228881836,20.280000686645508,2403,0.0,0.0,0.0
2023-03-27 09:30:00-04:00,20.079999923706055,20.079999923706055,20.05500030517578,20.079999923706055,0,0.0,0.0,0.0
2023-03-27 10:30:00-04:00,20.094999313354492,20.1200008392334,20.09000015258789,20.104999542236328,4866,0.0,0.0,0.0
2023-03-27 11:30:00-04:00,20.094999313354492,20.100000381469727,20.080699920654297,20.084999084472656,3431,0.0,0.0,0.0
2023-03-27 12:30:00-04:00,20.084999084472656,20.09000015258789,20.030000686645508,20.040000915527344,4835,0.0,0.0,0.0
2023-03-27 13:30:00-04:00,20.040000915527344,20.059999465942383,20.030000686645508,20.03499984741211,10008,0.0,0.0,0.0
2023-03-27 14:30:00-04:00,20.020000457763672,20.047300338745117,20.020000457763672,20.030000686645508,6796,0.0,0.0,0.0
2023-03-27 15:30:00-04:00,20.030000686645508,20.030099868774414,20.010000228881836,20.030000686645508,9252,0.0,0.0,0.0
2023-03-28 09:30:00-04:00,19.989999771118164,20.0,19.98200035095215,19.985000610351562,0,0.0,0.0,0.0
2023-03-28 10:30:00-04:00,19.985000610351562,20.0,19.980100631713867,19.989999771118164,3338,0.0,0.0,0.0
2023-03-28 11:30:00-04:00,20.000900268554688,20.010000228881836,20.0,20.000099182128906,5739,0.0,0.0,0.0
2023-03-28 12:30:00-04:00,20.0,20.0,19.969999313354492,19.989999771118164,7069,0.0,0.0,0.0
2023-03-28 13:30:00-04:00,20.0,20.049999237060547,19.989999771118164,20.010000228881836,8749,0.0,0.0,0.0
2023-03-28 14:30:00-04:00,20.00909996032715,20.010000228881836,19.990100860595703,20.010000228881836,8419,0.0,0.0,0.0
2023-03-28 15:30:00-04:00,20.020000457763672,20.020000457763672,20.0,20.0,1004,0.0,0.0,0.0
2023-03-29 09:30:00-04:00,19.93000030517578,19.968000411987305,19.93000030517578,19.959999084472656,0,0.0,0.0,0.0
2023-03-29 10:30:00-04:00,19.95009994506836,20.0,19.950000762939453,19.950000762939453,160397,0.0,0.0,0.0
2023-03-29 11:30:00-04:00,19.990999221801758,20.000099182128906,19.950000762939453,19.950000762939453,5667,0.0,0.0,0.0
2023-03-29 12:30:00-04:00,19.9950008392334,19.9950008392334,19.950000762939453,19.961999893188477,5689,0.0,0.0,0.0
2023-03-29 13:30:00-04:00,19.97100067138672,19.999900817871094,19.969999313354492,19.999900817871094,3192,0.0,0.0,0.0
2023-03-29 14:30:00-04:00,19.988100051879883,19.989999771118164,19.979999542236328,19.989500045776367,8195,0.0,0.0,0.0
2023-03-29 15:30:00-04:00,19.979999542236328,19.981399536132812,19.969999313354492,19.975000381469727,11749,0.0,0.0,0.0
2023-03-30 09:30:00-04:00,19.989999771118164,19.989999771118164,19.950000762939453,19.98310089111328,0,0.0,0.0,0.0
2023-03-30 10:30:00-04:00,19.979999542236328,19.989999771118164,19.979999542236328,19.989999771118164,3812,0.0,0.0,0.0
2023-03-30 11:30:00-04:00,19.98419952392578,19.989999771118164,19.979999542236328,19.989999771118164,4905,0.0,0.0,0.0
2023-03-30 12:30:00-04:00,20.010000228881836,20.010000228881836,19.9950008392334,19.9950008392334,2493,0.0,0.0,0.0
2023-03-30 13:30:00-04:00,20.0,20.010000228881836,20.0,20.010000228881836,5131,0.0,0.0,0.0
2023-03-30 14:30:00-04:00,20.002700805664062,20.010000228881836,19.989999771118164,20.0049991607666,11110,0.0,0.0,0.0
2023-03-30 15:30:00-04:00,20.009899139404297,20.01959991455078,20.0,20.015600204467773,0,0.0,0.0,0.0
2023-03-31 09:30:00-04:00,20.040000915527344,20.048099517822266,20.040000915527344,20.048099517822266,542,0.0,0.0,0.0
2023-03-31 10:30:00-04:00,20.009899139404297,20.059900283813477,20.0,20.059900283813477,3811,0.0,0.0,0.0
2023-03-31 11:30:00-04:00,20.041000366210938,20.04990005493164,20.04050064086914,20.04990005493164,924,0.0,0.0,0.0
2023-03-31 12:30:00-04:00,20.049999237060547,20.06999969482422,20.040000915527344,20.060199737548828,4626,0.0,0.0,0.0
2023-03-31 13:30:00-04:00,20.068099975585938,20.079999923706055,20.059999465942383,20.06999969482422,3223,0.0,0.0,0.0
2023-03-31 14:30:00-04:00,20.06999969482422,20.110000610351562,20.06999969482422,20.110000610351562,4075,0.0,0.0,0.0
2023-03-31 15:30:00-04:00,20.10540008544922,20.1299991607666,20.10540008544922,20.1200008392334,4134,0.0,0.0,0.0
2023-04-03 09:30:00-04:00,20.06999969482422,20.209999084472656,20.06999969482422,20.201099395751953,15111,0.0,0.0,0.0
2023-04-03 10:30:00-04:00,20.190000534057617,20.229999542236328,20.190000534057617,20.229999542236328,3297,0.0,0.0,0.0
2023-04-03 11:30:00-04:00,20.219999313354492,20.219999313354492,20.190000534057617,20.200000762939453,25360,0.0,0.0,0.0
2023-04-03 12:30:00-04:00,20.20989990234375,20.20989990234375,20.18000030517578,20.184999465942383,11835,0.0,0.0,0.0
2023-04-03 13:30:00-04:00,20.18000030517578,20.180099487304688,20.18000030517578,20.180099487304688,359,0.0,0.0,0.0
2023-04-03 14:30:00-04:00,20.190000534057617,20.199899673461914,20.18000030517578,20.190000534057617,9857,0.0,0.0,0.0
2023-04-03 15:30:00-04:00,20.19499969482422,20.200000762939453,20.190000534057617,20.190000534057617,2940,0.0,0.0,0.0
2023-04-04 09:30:00-04:00,20.1200008392334,20.280000686645508,20.110000610351562,20.270999908447266,0,0.0,0.0,0.0
2023-04-04 10:30:00-04:00,20.29010009765625,20.309999465942383,20.29010009765625,20.309999465942383,1231,0.0,0.0,0.0
2023-04-04 11:30:00-04:00,20.299999237060547,20.329999923706055,20.299999237060547,20.329999923706055,1333,0.0,0.0,0.0
2023-04-04 12:30:00-04:00,20.34000015258789,20.349000930786133,20.31999969482422,20.31999969482422,21394,0.0,0.0,0.0
2023-04-04 13:30:00-04:00,20.315000534057617,20.32990074157715,20.310100555419922,20.3262996673584,6216,0.0,0.0,0.0
2023-04-04 14:30:00-04:00,20.31999969482422,20.340999603271484,20.31999969482422,20.329999923706055,8108,0.0,0.0,0.0
2023-04-04 15:30:00-04:00,20.329999923706055,20.33989906311035,20.31999969482422,20.31999969482422,10212,0.0,0.0,0.0
2023-04-05 09:30:00-04:00,20.3700008392334,20.469999313354492,20.364999771118164,20.440000534057617,0,0.0,0.0,0.0
2023-04-05 10:30:00-04:00,20.420000076293945,20.465200424194336,20.420000076293945,20.4552001953125,6132,0.0,0.0,0.0
2023-04-05 11:30:00-04:00,20.430500030517578,20.454999923706055,20.43000030517578,20.454999923706055,4547,0.0,0.0,0.0
2023-04-05 12:30:00-04:00,20.450000762939453,20.454999923706055,20.43000030517578,20.43000030517578,6040,0.0,0.0,0.0
2023-04-05 13:30:00-04:00,20.424999237060547,20.43000030517578,20.420000076293945,20.43000030517578,13283,0.0,0.0,0.0
2023-04-05 14:30:00-04:00,20.43000030517578,20.436199188232422,20.420000076293945,20.420000076293945,2708,0.0,0.0,0.0
2023-04-05 15:30:00-04:00,20.40999984741211,20.420000076293945,20.399999618530273,20.420000076293945,0,0.0,0.0,0.0
2023-04-06 09:30:00-04:00,20.399999618530273,20.450000762939453,20.399999618530273,20.43400001525879,5452,0.0,0.0,0.0
2023-04-06 10:30:00-04:00,20.44499969482422,20.450000762939453,20.440000534057617,20.440000534057617,2999,0.0,0.0,0.0
2023-04-06 11:30:00-04:00,20.43000030517578,20.43000030517578,20.420000076293945,20.43000030517578,6211,0.0,0.0,0.0
2023-04-06 12:30:00-04:00,20.430099487304688,20.489999771118164,20.430099487304688,20.450000762939453,2942,0.0,0.0,0.0
2023-04-06 13:30:00-04:00,20.450000762939453,20.450000762939453,20.43000030517578,20.43000030517578,1054,0.0,0.0,0.0
2023-04-06 14:30:00-04:00,20.40999984741211,20.43000030517578,20.40999984741211,20.40999984741211,4841,0.0,0.0,0.0
2023-04-06 15:30:00-04:00,20.412700653076172,20.429899215698242,20.40999984741211,20.40999984741211,9558,0.0,0.0,0.0
2023-04-10 09:30:00-04:00,20.260000228881836,20.260000228881836,20.19300079345703,20.225500106811523,0,0.0,0.0,0.0
2023-04-10 10:30:00-04:00,20.201900482177734,20.219999313354492,20.200899124145508,20.210899353027344,1399,0.0,0.0,0.0
2023-04-10 11:30:00-04:00,20.21150016784668,20.2278995513916,20.209999084472656,20.21500015258789,1764,0.0,0.0,0.0
2023-04-10 12:30:00-04:00,20.209999084472656,20.230899810791016,20.209999084472656,20.230899810791016,17160,0.0,0.0,0.0
2023-04-10 13:30:00-04:00,20.235000610351562,20.235000610351562,20.219999313354492,20.229999542236328,1512,0.0,0.0,0.0
2023-04-10 14:30:00-04:00,20.229999542236328,20.229999542236328,20.209999084472656,20.21500015258789,1227,0.0,0.0,0.0
2023-04-10 15:30:00-04:00,20.219900131225586,20.239999771118164,20.209999084472656,20.209999084472656,4131,0.0,0.0,0.0
2023-04-11 09:30:00-04:00,20.219999313354492,20.229999542236328,20.200000762939453,20.21500015258789,0,0.0,0.0,0.0
2023-04-11 10:30:00-04:00,20.200000762939453,20.209999084472656,20.15250015258789,20.190000534057617,207485,0.0,0.0,0.0
2023-04-11 11:30:00-04:00,20.19499969482422,20.198999404907227,20.170000076293945,20.190000534057617,1992,0.0,0.0,0.0
2023-04-11 12:30:00-04:00,20.18000030517578,20.18000030517578,20.15999984741211,20.18000030517578,10843,0.0,0.0,0.0
2023-04-11 13:30:00-04:00,20.184999465942383,20.200000762939453,20.18000030517578,20.182899475097656,19518,0.0,0.0,0.0
2023-04-11 14:30:00-04:00,20.184999465942383,20.200000762939453,20.15999984741211,20.190099716186523,14932,0.0,0.0,0.0
2023-04-11 15:30:00-04:00,20.200000762939453,20.219900131225586,20.200000762939453,20.209999084472656,12675,0.0,0.0,0.0
2023-04-12 09:30:00-04:00,20.299999237060547,20.311100006103516,20.229999542236328,20.230100631713867,0,0.0,0.0,0.0
2023-04-12 10:30:00-04:00,20.236000061035156,20.260000228881836,20.21500015258789,20.250099182128906,12279,0.0,0.0,0.0
2023-04-12 11:30:00-04:00,20.25,20.270000457763672,20.219999313354492,20.219999313354492,1102,0.0,0.0,0.0
2023-04-12 12:30:00-04:00,20.229900360107422,20.229900360107422,20.18000030517578,20.180999755859375,17244,0.0,0.0,0.0
2023-04-12 13:30:00-04:00,20.190000534057617,20.239099502563477,20.190000534057617,20.239099502563477,6424,0.0,0.0,0.0
2023-04-12 14:30:00-04:00,20.2450008392334,20.269899368286133,20.23080062866211,20.260499954223633,3599,0.0,0.0,0.0
2023-04-12 15:30:00-04:00,20.260000228881836,20.268999099731445,20.25,20.2549991607666,4664,0.0,0.0,0.0
2023-04-13 09:30:00-04:00,20.299999237060547,20.31999969482422,20.299999237060547,20.299999237060547,0,0.0,0.0,0.0
2023-04-13 10:30:00-04:00,20.280000686645508,20.280000686645508,20.2549991607666,20.2549991607666,5716,0.0,0.0,0.0
2023-04-13 11:30:00-04:00,20.25,20.259899139404297,20.239999771118164,20.25,3069,0.0,0.0,0.0
2023-04-13 12:30:00-04:00,20.260000228881836,20.260000228881836,20.250999450683594,20.2549991607666,2318,0.0,0.0,0.0
2023-04-13 13:30:00-04:00,20.240999221801758,20.2549991607666,20.200000762939453,20.209999084472656,5752,0.0,0.0,0.0
2023-04-13 14:30:00-04:00,20.198299407958984,20.20829963684082,20.198299407958984,20.20829963684082,3596,0.0,0.0,0.0
2023-04-13 15:30:00-04:00,20.20989990234375,20.209999084472656,20.203800201416016,20.209999084472656,3387,0.0,0.0,0.0
2023-04-14 09:30:00-04:00,20.15999984741211,20.15999984741211,20.100000381469727,20.110000610351562,0,0.0,0.0,0.0
2023-04-14 10:30:00-04:00,20.110000610351562,20.1200008392334,20.09000015258789,20.09000015258789,7001,0.0,0.0,0.0
2023-04-14 11:30:00-04:00,20.079999923706055,20.08989906311035,20.079999923706055,20.079999923706055,6195,0.0,0.0,0.0
2023-04-14 12:30:00-04:00,20.084999084472656,20.09000015258789,20.06999969482422,20.084999084472656,9523,0.0,0.0,0.0
2023-04-14 13:30:00-04:00,20.09000015258789,20.100000381469727,20.079999923706055,20.09000015258789,26098,0.0,0.0,0.0
2023-04-14 14:30:00-04:00,20.099899291992188,20.109899520874023,20.099899291992188,20.099899291992188,3832,0.0,0.0,0.0
2023-04-14 15:30:00-04:00,20.092599868774414,20.1200008392334,20.090099334716797,20.10650062561035,5699,0.0,0.0,0.0
2023-04-17 09:30:00-04:00,20.030000686645508,20.030000686645508,20.010499954223633,20.018400192260742,0,0.0,0.0,0.0
2023-04-17 10:30:00-04:00,20.010000228881836,20.010000228881836,19.969999313354492,19.979999542236328,3438,0.0,0.0,0.0
2023-04-17 11:30:00-04:00,19.979999542236328,20.0,19.969999313354492,19.969999313354492,3011,0.0,0.0,0.0
2023-04-17 12:30:00-04:00,19.979900360107422,19.979999542236328,19.969999313354492,19.969999313354492,5218,0.0,0.0,0.0
2023-04-17 13:30:00-04:00,19.975000381469727,19.979999542236328,19.970800399780273,19.979999542236328,3761,0.0,0.0,0.0
2023-04-17 14:30:00-04:00,19.979900360107422,20.0,19.969999313354492,19.979999542236328,14161,0.0,0.0,0.0
2023-04-17 15:30:00-04:00,19.97100067138672,19.989999771118164,19.969999313354492,19.989999771118164,4103,0.0,0.0,0.0
2023-04-18 09:30:00-04:00,19.969999313354492,20.040000915527344,19.969999313354492,20.040000915527344,6903,0.0,0.0,0.0
2023-04-18 10:30:00-04:00,20.04990005493164,20.04990005493164,20.030000686645508,20.030099868774414,5124,0.0,0.0,0.0
2023-04-18 11:30:00-04:00,20.020999908447266,20.020999908447266,19.980300903320312,19.989999771118164,3013,0.0,0.0,0.0
2023-04-18 12:30:00-04:00,19.989999771118164,19.9950008392334,19.989999771118164,19.9950008392334,1100,0.0,0.0,0.0
2023-04-18 13:30:00-04:00,19.9950008392334,20.024799346923828,19.989999771118164,20.024799346923828,35813,0.0,0.0,0.0
2023-04-18 14:30:00-04:00,20.010000228881836,20.015499114990234,20.0,20.010099411010742,3334,0.0,0.0,0.0
2023-04-18 15:30:00-04:00,20.0,20.020000457763672,20.0,20.020000457763672,1313,0.0,0.0,0.0
2023-04-19 09:30:00-04:00,19.950000762939453,19.954999923706055,19.950000762939453,19.954999923706055,0,0.0,0.0,0.0
2023-04-19 10:30:00-04:00,19.959999084472656,19.959999084472656,19.92009925842285,19.92009925842285,2945,0.0,0.0,0.0
2023-04-19 11:30:00-04:00,19.929899215698242,19.929899215698242,19.90999984741211,19.924999237060547,4096,0.0,0.0,0.0
2023-04-19 12:30:00-04:00,19.930999755859375,19.940000534057617,19.93000030517578,19.940000534057617,24683,0.0,0.0,0.0
2023-04-19 13:30:00-04:00,19.95989990234375,19.95989990234375,19.940000534057617,19.94499969482422,5218,0.0,0.0,0.0
2023-04-19 14:30:00-04:00,19.94499969482422,19.9783992767334,19.940000534057617,19.96500015258789,23207,0.0,0.0,0.0
2023-04-19 15:30:00-04:00,19.96500015258789,19.969999313354492,19.959999084472656,19.969999313354492,0,0.0,0.0,0.0
2023-04-20 09:30:00-04:00,20.06999969482422,20.079999923706055,20.06999969482422,20.079999923706055,3804,0.0,0.0,0.0
2023-04-20 10:30:00-04:00,20.077600479125977,20.077600479125977,20.06999969482422,20.070999145507812,2071,0.0,0.0,0.0
2023-04-20 11:30:00-04:00,20.075000762939453,20.079999923706055,20.072500228881836,20.079999923706055,5702,0.0,0.0,0.0
2023-04-20 12:30:00-04:00,20.07390022277832,20.09000015258789,20.072399139404297,20.075000762939453,12254,0.0,0.0,0.0
2023-04-20 13:30:00-04:00,20.0718994140625,20.07990074157715,20.049999237060547,20.065000534057617,5667,0.0,0.0,0.0
2023-04-20 14:30:00-04:00,20.065000534057617,20.069900512695312,20.05940055847168,20.05940055847168,7815,0.0,0.0,0.0
2023-04-20 15:30:00-04:00,20.049999237060547,20.059999465942383,20.049999237060547,20.059999465942383,0,0.0,0.0,0.0
2023-04-21 09:30:00-04:00,20.1200008392334,20.139999389648438,20.040000915527344,20.045000076293945,5982,0.0,0.0,0.0
2023-04-21 10:30:00-04:00,20.03499984741211,20.045000076293945,20.03499984741211,20.045000076293945,1386,0.0,0.0,0.0
2023-04-21 11:30:00-04:00,20.03499984741211,20.059900283813477,20.030000686645508,20.059900283813477,1906,0.0,0.0,0.0
2023-04-21 12:30:00-04:00,20.045000076293945,20.059999465942383,20.040000915527344,20.059999465942383,9895,0.0,0.0,0.0
2023-04-21 13:30:00-04:00,20.059900283813477,20.059900283813477,20.040000915527344,20.049999237060547,4832,0.0,0.0,0.0
2023-04-21 14:30:00-04:00,20.034400939941406,20.034400939941406,20.020000457763672,20.031999588012695,3963,0.0,0.0,0.0
2023-04-21 15:30:00-04:00,20.030000686645508,20.030000686645508,20.030000686645508,20.030000686645508,0,0.0,0.0,0.0
2023-04-24 09:30:00-04:00,20.08009910583496,20.09000015258789,20.070100784301758,20.070100784301758,2924,0.0,0.0,0.0
2023-04-24 10:30:00-04:00,20.09000015258789,20.1299991607666,20.09000015258789,20.125,5977,0.0,0.0,0.0
2023-04-24 11:30:00-04:00,20.125,20.125,20.110000610351562,20.110000610351562,4711,0.0,0.0,0.0
2023-04-24 12:30:00-04:00,20.11949920654297,20.1200008392334,20.110000610351562,20.114999771118164,2846,0.0,0.0,0.0
2023-04-24 13:30:00-04:00,20.114999771118164,20.1200008392334,20.110000610351562,20.114999771118164,9819,0.0,0.0,0.0
2023-04-24 14:30:00-04:00,20.11989974975586,20.11989974975586,20.110000610351562,20.114999771118164,718,0.0,0.0,0.0
2023-04-24 15:30:00-04:00,20.114999771118164,20.1200008392334,20.114999771118164,20.1200008392334,0,0.0,0.0,0.0
2023-04-25 09:30:00-04:00,20.170000076293945,20.270099639892578,20.170000076293945,20.270099639892578,0,0.0,0.0,0.0
2023-04-25 10:30:00-04:00,20.280000686645508,20.290000915527344,20.260000228881836,20.260000228881836,28169,0.0,0.0,0.0
2023-04-25 11:30:00-04:00,20.26919937133789,20.269899368286133,20.260000228881836,20.264999389648438,2269,0.0,0.0,0.0
2023-04-25 12:30:00-04:00,20.268299102783203,20.306100845336914,20.2549991607666,20.299999237060547,22502,0.0,0.0,0.0
2023-04-25 13:30:00-04:00,20.309900283813477,20.309900283813477,20.30500030517578,20.30500030517578,2716,0.0,0.0,0.0
2023-04-25 14:30:00-04:00,20.30500030517578,20.307300567626953,20.299999237060547,20.30500030517578,6027,0.0,0.0,0.0
2023-04-25 15:30:00-04:00,20.30500030517578,20.329999923706055,20.30500030517578,20.325000762939453,14829,0.0,0.0,0.0
2023-04-26 09:30:00-04:00,20.31999969482422,20.329999923706055,20.299999237060547,20.329999923706055,0,0.0,0.0,0.0
2023-04-26 10:30:00-04:00,20.325000762939453,20.325000762939453,20.280099868774414,20.280099868774414,871,0.0,0.0,0.0
2023-04-26 11:30:00-04:00,20.267000198364258,20.26959991455078,20.235000610351562,20.235000610351562,1321,0.0,0.0,0.0
2023-04-26 12:30:00-04:00,20.232200622558594,20.232200622558594,20.219999313354492,20.221900939941406,8181,0.0,0.0,0.0
2023-04-26 13:30:00-04:00,20.222000122070312,20.229999542236328,20.219999313354492,20.22909927368164,8732,0.0,0.0,0.0
2023-04-26 14:30:00-04:00,20.225000381469727,20.269899368286133,20.22010040283203,20.269899368286133,3323,0.0,0.0,0.0
2023-04-26 15:30:00-04:00,20.25,20.2549991607666,20.230100631713867,20.245100021362305,3242,0.0,0.0,0.0
2023-04-27 09:30:00-04:00,20.11989974975586,20.11989974975586,20.075000762939453,20.075000762939453,0,0.0,0.0,0.0
2023-04-27 10:30:00-04:00,20.069900512695312,20.06999969482422,20.059999465942383,20.060300827026367,74665,0.0,0.0,0.0
2023-04-27 11:30:00-04:00,20.065000534057617,20.069900512695312,20.065000534057617,20.069900512695312,3094,0.0,0.0,0.0
2023-04-27 12:30:00-04:00,20.06089973449707,20.06089973449707,20.050100326538086,20.05500030517578,5068,0.0,0.0,0.0
2023-04-27 13:30:00-04:00,20.059999465942383,20.06999969482422,20.040300369262695,20.040300369262695,5267,0.0,0.0,0.0
2023-04-27 14:30:00-04:00,20.048099517822266,20.04990005493164,20.040000915527344,20.040000915527344,5134,0.0,0.0,0.0
2023-04-27 15:30:00-04:00,20.040000915527344,20.040000915527344,20.040000915527344,20.040000915527344,316,0.0,0.0,0.0
2023-04-28 09:30:00-04:00,20.1299991607666,20.149999618530273,20.1299991607666,20.149999618530273,0,0.0,0.0,0.0
2023-04-28 10:30:00-04:00,20.139999389648438,20.165000915527344,20.139999389648438,20.15999984741211,1718,0.0,0.0,0.0
2023-04-28 11:30:00-04:00,20.165000915527344,20.183700561523438,20.15999984741211,20.179899215698242,5811,0.0,0.0,0.0
2023-04-28 12:30:00-04:00,20.18000030517578,20.18000030517578,20.15999984741211,20.15999984741211,4283,0.0,0.0,0.0
2023-04-28 13:30:00-04:00,20.15999984741211,20.190000534057617,20.15999984741211,20.170000076293945,12832,0.0,0.0,0.0
2023-04-28 14:30:00-04:00,20.174999237060547,20.174999237060547,20.149999618530273,20.161699295043945,43508,0.0,0.0,0.0
2023-04-28 15:30:00-04:00,20.1697998046875,20.201200485229492,20.169700622558594,20.201200485229492,2921,0.0,0.0,0.0
2023-05-01 09:30:00-04:00,20.1200008392334,20.139999389648438,20.059999465942383,20.06999969482422,0,0.0,0.0,0.0
2023-05-01 10:30:00-04:00,20.075000762939453,20.075000762939453,20.010000228881836,20.010000228881836,2155,0.0,0.0,0.0
2023-05-01 11:30:00-04:00,20.024999618530273,20.030000686645508,20.020299911499023,20.020599365234375,3732,0.0,0.0,0.0
2023-05-01 12:30:00-04:00,20.030000686645508,20.030000686645508,20.010000228881836,20.019899368286133,5934,0.0,0.0,0.0
2023-05-01 13:30:00-04:00,20.014999389648438,20.020000457763672,19.979999542236328,19.989999771118164,8383,0.0,0.0,0.0
2023-05-01 14:30:00-04:00,20.0,20.0,19.969999313354492,19.969999313354492,9087,0.0,0.0,0.0
2023-05-01 15:30:00-04:00,19.954999923706055,19.95989990234375,19.93000030517578,19.949199676513672,0,0.0,0.0,0.0
2023-05-02 09:30:00-04:00,20.020000457763672,20.18000030517578,20.020000457763672,20.15999984741211,7803,0.0,0.0,0.0
2023-05-02 10:30:00-04:00,20.170000076293945,20.22599983215332,20.139999389648438,20.209999084472656,25308,0.0,0.0,0.0
2023-05-02 11:30:00-04:00,20.219999313354492,20.219999313354492,20.200000762939453,20.21500015258789,2571,0.0,0.0,0.0
2023-05-02 12:30:00-04:00,20.200000762939453,20.229999542236328,20.200000762939453,20.200000762939453,17104,0.0,0.0,0.0
2023-05-02 13:30:00-04:00,20.200000762939453,20.219999313354492,20.200000762939453,20.200000762939453,2543,0.0,0.0,0.0
2023-05-02 14:30:00-04:00,20.2189998626709,20.219999313354492,20.200000762939453,20.209999084472656,4678,0.0,0.0,0.0
2023-05-02 15:30:00-04:00,20.209999084472656,20.219999313354492,20.209999084472656,20.215700149536133,154266,0.0,0.0,0.0
2023-05-03 09:30:00-04:00,20.290000915527344,20.299999237060547,20.229999542236328,20.270000457763672,0,0.0,0.0,0.0
2023-05-03 10:30:00-04:00,20.290000915527344,20.31999969482422,20.288000106811523,20.31999969482422,3831,0.0,0.0,0.0
2023-05-03 11:30:00-04:00,20.300100326538086,20.317699432373047,20.299999237060547,20.309999465942383,2300,0.0,0.0,0.0
2023-05-03 12:30:00-04:00,20.300899505615234,20.31999969482422,20.299999237060547,20.309999465942383,2939,0.0,0.0,0.0
2023-05-03 13:30:00-04:00,20.300100326538086,20.336599349975586,20.290700912475586,20.29990005493164,3701,0.0,0.0,0.0
2023-05-03 14:30:00-04:00,20.2898006439209,20.319900512695312,20.250099182128906,20.290000915527344,31070,0.0,0.0,0.0
2023-05-03 15:30:00-04:00,20.315500259399414,20.352500915527344,20.315500259399414,20.352500915527344,0,0.0,0.0,0.0
2023-05-04 09:30:00-04:00,20.280000686645508,20.389999389648438,20.280000686645508,20.389999389648438,1126,0.0,0.0,0.0
2023-05-04 10:30:00-04:00,20.43630027770996,20.43899917602539,20.40999984741211,20.40999984741211,6071,0.0,0.0,0.0
2023-05-04 11:30:00-04:00,20.43000030517578,20.4783992767334,20.399999618530273,20.399999618530273,2687,0.0,0.0,0.0
2023-05-04 12:30:00-04:00,20.420000076293945,20.420000076293945,20.385000228881836,20.385000228881836,2419,0.0,0.0,0.0
2023-05-04 13:30:00-04:00,20.385000228881836,20.389999389648438,20.360000610351562,20.38789939880371,5438,0.0,0.0,0.0
2023-05-04 14:30:00-04:00,20.382600784301758,20.382600784301758,20.350400924682617,20.3799991607666,1379,0.0,0.0,0.0
2023-05-04 15:30:00-04:00,20.360000610351562,20.364200592041016,20.329999923706055,20.350000381469727,3465,0.0,0.0,0.0
2023-05-05 09:30:00-04:00,20.259899139404297,20.259899139404297,20.229999542236328,20.249900817871094,0,0.0,0.0,0.0
2023-05-05 10:30:00-04:00,20.209999084472656,20.209999084472656,20.209999084472656,20.209999084472656,4004,0.0,0.0,0.0
2023-05-05 11:30:00-04:00,20.200000762939453,20.200000762939453,20.200000762939453,20.200000762939453,548,0.0,0.0,0.0
2023-05-05 12:30:00-04:00,20.200000762939453,20.224000930786133,20.200000762939453,20.200300216674805,0,0.0,0.0,0.0
2023-05-05 13:30:00-04:00,20.21500015258789,20.21500015258789,20.21500015258789,20.21500015258789,7787,0.0,0.0,0.0
2023-05-05 14:30:00-04:00,20.228599548339844,20.246000289916992,20.209999084472656,20.246000289916992,3486,0.0,0.0,0.0
2023-05-05 15:30:00-04:00,20.238000869750977,20.249900817871094,20.219999313354492,20.249000549316406,0,0.0,0.0,0.0
2023-05-08 09:30:00-04:00,20.1200008392334,20.149999618530273,20.110000610351562,20.1299991607666,9337,0.0,0.0,0.0
2023-05-08 10:30:00-04:00,20.121000289916992,20.170000076293945,20.121000289916992,20.139999389648438,0,0.0,0.0,0.0
2023-05-08 11:30:00-04:00,20.15180015563965,20.15180015563965,20.139999389648438,20.149999618530273,19072,0.0,0.0,0.0
2023-05-08 12:30:00-04:00,20.139999389648438,20.141599655151367,20.139999389648438,20.141599655151367,1966,0.0,0.0,0.0
2023-05-08 13:30:00-04:00,20.1643009185791,20.1643009185791,20.1200008392334,20.128700256347656,2016,0.0,0.0,0.0
2023-05-08 14:30:00-04:00,20.1112003326416,20.139999389648438,20.10420036315918,20.139999389648438,0,0.0,0.0,0.0
2023-05-08 15:30:00-04:00,20.110000610351562,20.125,20.110000610351562,20.125,35278,0.0,0.0,0.0
2023-05-09 09:30:00-04:00,20.110000610351562,20.139999389648438,20.110000610351562,20.139999389648438,0,0.0,0.0,0.0
2023-05-09 10:30:00-04:00,20.1200008392334,20.1299991607666,20.1200008392334,20.1200008392334,1766,0.0,0.0,0.0
2023-05-09 11:30:00-04:00,20.100000381469727,20.114999771118164,20.100000381469727,20.114999771118164,822,0.0,0.0,0.0
2023-05-09 12:30:00-04:00,20.125900268554688,20.125900268554688,20.100000381469727,20.114999771118164,9552,0.0,0.0,0.0
2023-05-09 13:30:00-04:00,20.1200008392334,20.1200008392334,20.090599060058594,20.104999542236328,2629,0.0,0.0,0.0
2023-05-09 14:30:00-04:00,20.110000610351562,20.110000610351562,20.09000015258789,20.09000015258789,0,0.0,0.0,0.0
2023-05-09 15:30:00-04:00,20.104999542236328,20.104999542236328,20.09000015258789,20.104900360107422,0,0.0,0.0,0.0
2023-05-10 09:30:00-04:00,20.15999984741211,20.230899810791016,20.15999984741211,20.219999313354492,2678,0.0,0.0,0.0
2023-05-10 10:30:00-04:00,20.200000762939453,20.239999771118164,20.200000762939453,20.21500015258789,10639,0.0,0.0,0.0
2023-05-10 11:30:00-04:00,20.2007999420166,20.229999542236328,20.200000762939453,20.225000381469727,12174,0.0,0.0,0.0
2023-05-10 12:30:00-04:00,20.229900360107422,20.239999771118164,20.219999313354492,20.23710060119629,8148,0.0,0.0,0.0
2023-05-10 13:30:00-04:00,20.25,20.25,20.219999313354492,20.219999313354492,5266,0.0,0.0,0.0
2023-05-10 14:30:00-04:00,20.235000610351562,20.25,20.219999313354492,20.229000091552734,6950,0.0,0.0,0.0
2023-05-10 15:30:00-04:00,20.23550033569336,20.23550033569336,20.229999542236328,20.229999542236328,1705,0.0,0.0,0.0
2023-05-11 09:30:00-04:00,20.31999969482422,20.399900436401367,20.31999969482422,20.360000610351562,0,0.0,0.0,0.0
2023-05-11 10:30:00-04:00,20.31999969482422,20.349899291992188,20.31999969482422,20.329999923706055,4239,0.0,0.0,0.0
2023-05-11 11:30:00-04:00,20.329999923706055,20.329999923706055,20.31999969482422,20.329999923706055,1253,0.0,0.0,0.0
2023-05-11 12:30:00-04:00,20.31999969482422,20.334999084472656,20.31999969482422,20.334999084472656,2962,0.0,0.0,0.0
2023-05-11 13:30:00-04:00,20.349199295043945,20.349199295043945,20.33139991760254,20.34149932861328,3235,0.0,0.0,0.0
2023-05-11 14:30:00-04:00,20.308000564575195,20.32550048828125,20.299999237060547,20.30190086364746,6312,0.0,0.0,0.0
2023-05-11 15:30:00-04:00,20.299999237060547,20.309999465942383,20.299999237060547,20.309999465942383,1012,0.0,0.0,0.0
2023-05-12 09:30:00-04:00,20.31999969482422,20.329999923706055,20.31999969482422,20.329999923706055,0,0.0,0.0,0.0
2023-05-12 10:30:00-04:00,20.23069953918457,20.23069953918457,20.23069953918457,20.23069953918457,827,0.0,0.0,0.0
2023-05-12 11:30:00-04:00,20.201000213623047,20.201000213623047,20.200000762939453,20.200000762939453,6859,0.0,0.0,0.0
2023-05-12 12:30:00-04:00,20.219999313354492,20.229900360107422,20.219999313354492,20.219999313354492,779,0.0,0.0,0.0
2023-05-12 13:30:00-04:00,20.226699829101562,20.226699829101562,20.226699829101562,20.226699829101562,391,0.0,0.0,0.0
2023-05-12 14:30:00-04:00,20.209999084472656,20.219999313354492,20.191600799560547,20.191600799560547,9885,0.0,0.0,0.0
2023-05-12 15:30:00-04:00,20.190000534057617,20.195899963378906,20.190000534057617,20.190000534057617,1855,0.0,0.0,0.0
2023-05-15 09:30:00-04:00,20.15999984741211,20.15999984741211,20.139999389648438,20.139999389648438,0,0.0,0.0,0.0
2023-05-15 10:30:00-04:00,20.1299991607666,20.159900665283203,20.120100021362305,20.1299991607666,3343,0.0,0.0,0.0
2023-05-15 11:30:00-04:00,20.1299991607666,20.139999389648438,20.121299743652344,20.1299991607666,6591,0.0,0.0,0.0
2023-05-15 12:30:00-04:00,20.1299991607666,20.1299991607666,20.110000610351562,20.110000610351562,4267,0.0,0.0,0.0
2023-05-15 13:30:00-04:00,20.1299991607666,20.1299991607666,20.1200008392334,20.1200008392334,2192,0.0,0.0,0.0
2023-05-15 14:30:00-04:00,20.120100021362305,20.13990020751953,20.120100021362305,20.13010025024414,2068,0.0,0.0,0.0
2023-05-15 15:30:00-04:00,20.135000228881836,20.16990089416504,20.120100021362305,20.149999618530273,3099,0.0,0.0,0.0
2023-05-16 09:30:00-04:00,20.059999465942383,20.106000900268555,20.059999465942383,20.079999923706055,0,0.0,0.0,0.0
2023-05-16 11:30:00-04:00,20.020099639892578,20.05900001525879,20.020099639892578,20.05620002746582,2094,0.0,0.0,0.0
2023-05-16 12:30:00-04:00,20.05500030517578,20.059900283813477,20.049999237060547,20.049999237060547,3185,0.0,0.0,0.0
2023-05-16 13:30:00-04:00,20.059900283813477,20.059900283813477,20.049999237060547,20.05500030517578,10128,0.0,0.0,0.0
2023-05-16 14:30:00-04:00,20.051700592041016,20.05500030517578,20.049999237060547,20.05500030517578,8816,0.0,0.0,0.0
2023-05-16 15:30:00-04:00,20.05500030517578,20.059900283813477,20.05500030517578,20.05500030517578,6899,0.0,0.0,0.0
2023-05-17 09:30:00-04:00,20.079999923706055,20.09000015258789,20.059999465942383,20.059999465942383,0,0.0,0.0,0.0
2023-05-17 10:30:00-04:00,20.065000534057617,20.06999969482422,20.030099868774414,20.044300079345703,6155,0.0,0.0,0.0
2023-05-17 11:30:00-04:00,20.025999069213867,20.030000686645508,20.025999069213867,20.030000686645508,1267,0.0,0.0,0.0
2023-05-17 12:30:00-04:00,20.020000457763672,20.020000457763672,20.020000457763672,20.020000457763672,397,0.0,0.0,0.0
2023-05-17 13:30:00-04:00,20.020099639892578,20.020999908447266,20.0,20.0,2477,0.0,0.0,0.0
2023-05-17 14:30:00-04:00,20.0,20.010000228881836,20.0,20.004499435424805,1012,0.0,0.0,0.0
2023-05-17 15:30:00-04:00,20.020000457763672,20.020000457763672,20.010000228881836,20.020000457763672,0,0.0,0.0,0.0
2023-05-18 09:30:00-04:00,19.940000534057617,19.940000534057617,19.917499542236328,19.917499542236328,2935,0.0,0.0,0.0
2023-05-18 10:30:00-04:00,19.929899215698242,19.929899215698242,19.90999984741211,19.91010093688965,2102,0.0,0.0,0.0
2023-05-18 11:30:00-04:00,19.920000076293945,19.924999237060547,19.90999984741211,19.920000076293945,7230,0.0,0.0,0.0
2023-05-18 12:30:00-04:00,19.920000076293945,19.929800033569336,19.899999618530273,19.899999618530273,2760,0.0,0.0,0.0
2023-05-18 13:30:00-04:00,19.905000686645508,19.905000686645508,19.899999618530273,19.899999618530273,1751,0.0,0.0,0.0
2023-05-18 14:30:00-04:00,19.881900787353516,19.909900665283203,19.8799991607666,19.889999389648438,2480,0.0,0.0,0.0
2023-05-18 15:30:00-04:00,19.881000518798828,19.909900665283203,19.881000518798828,19.889999389648438,3536,0.0,0.0,0.0
2023-05-19 09:30:00-04:00,19.809999465942383,19.809999465942383,19.790000915527344,19.799999237060547,0,0.0,0.0,0.0
2023-05-19 10:30:00-04:00,19.80500030517578,19.809900283813477,19.799999237060547,19.809900283813477,1172,0.0,0.0,0.0
2023-05-19 11:30:00-04:00,19.809999465942383,19.81909942626953,19.809999465942383,19.81909942626953,3644,0.0,0.0,0.0
2023-05-19 12:30:00-04:00,19.81999969482422,19.81999969482422,19.815000534057617,19.815000534057617,3176,0.0,0.0,0.0
2023-05-19 13:30:00-04:00,19.815000534057617,19.819900512695312,19.81089973449707,19.815000534057617,4408,0.0,0.0,0.0
2023-05-19 14:30:00-04:00,19.819900512695312,19.819900512695312,19.809999465942383,19.818899154663086,659,0.0,0.0,0.0
2023-05-19 15:30:00-04:00,19.809999465942383,19.81170082092285,19.799999237060547,19.806400299072266,0,0.0,0.0,0.0
2023-05-22 09:30:00-04:00,19.825000762939453,19.825000762939453,19.825000762939453,19.825000762939453,539,0.0,0.0,0.0
2023-05-22 10:30:00-04:00,19.81999969482422,19.81999969482422,19.77039909362793,19.790000915527344,935,0.0,0.0,0.0
2023-05-22 11:30:00-04:00,19.7810001373291,19.790000915527344,19.770000457763672,19.780000686645508,3644,0.0,0.0,0.0
2023-05-22 12:30:00-04:00,19.799999237060547,19.799999237060547,19.770099639892578,19.790700912475586,5839,0.0,0.0,0.0
2023-05-22 13:30:00-04:00,19.790000915527344,19.799999237060547,19.790000915527344,19.795000076293945,8461,0.0,0.0,0.0
2023-05-22 14:30:00-04:00,19.790000915527344,19.799999237060547,19.770000457763672,19.790000915527344,6729,0.0,0.0,0.0
2023-05-22 15:30:00-04:00,19.809900283813477,19.809900283813477,19.780000686645508,19.795000076293945,3261,0.0,0.0,0.0
2023-05-23 09:30:00-04:00,19.739999771118164,19.780000686645508,19.739999771118164,19.780000686645508,0,0.0,0.0,0.0
2023-05-23 10:30:00-04:00,19.780000686645508,19.79990005493164,19.75,19.760099411010742,2326,0.0,0.0,0.0
2023-05-23 11:30:00-04:00,19.79990005493164,19.79990005493164,19.750499725341797,19.770000457763672,2758,0.0,0.0,0.0
2023-05-23 12:30:00-04:00,19.770000457763672,19.819599151611328,19.770000457763672,19.799999237060547,16880,0.0,0.0,0.0
2023-05-23 13:30:00-04:00,19.799999237060547,19.80820083618164,19.799999237060547,19.799999237060547,2689,0.0,0.0,0.0
2023-05-23 14:30:00-04:00,19.80500030517578,19.80699920654297,19.800399780273438,19.80500030517578,6046,0.0,0.0,0.0
2023-05-23 15:30:00-04:00,19.802000045776367,19.80500030517578,19.799999237060547,19.802000045776367,336,0.0,0.0,0.0
2023-05-24 09:30:00-04:00,19.8700008392334,19.8700008392334,19.809999465942383,19.81999969482422,0,0.0,0.0,0.0
2023-05-24 10:30:00-04:00,19.809999465942383,19.825000762939453,19.809999465942383,19.815000534057617,30113,0.0,0.0,0.0
2023-05-24 11:30:00-04:00,19.809999465942383,19.814199447631836,19.739999771118164,19.760000228881836,5469,0.0,0.0,0.0
2023-05-24 12:30:00-04:00,19.760000228881836,19.77989959716797,19.729999542236328,19.770000457763672,295310,0.0,0.0,0.0
2023-05-24 13:30:00-04:00,19.774999618530273,19.80500030517578,19.774999618530273,19.80500030517578,15417,0.0,0.0,0.0
2023-05-24 14:30:00-04:00,19.80500030517578,19.80500030517578,19.770000457763672,19.770000457763672,7046,0.0,0.0,0.0
2023-05-24 15:30:00-04:00,19.760000228881836,19.760000228881836,19.760000228881836,19.760000228881836,104,0.0,0.0,0.0
2023-05-25 09:30:00-04:00,19.719999313354492,19.719999313354492,19.65999984741211,19.683399200439453,0,0.0,0.0,0.0
2023-05-25 10:30:00-04:00,19.670299530029297,19.670299530029297,19.670299530029297,19.670299530029297,2467,0.0,0.0,0.0
2023-05-25 11:30:00-04:00,19.66119956970215,19.666200637817383,19.645000457763672,19.645000457763672,9069,0.0,0.0,0.0
2023-05-25 12:30:00-04:00,19.645000457763672,19.645000457763672,19.6299991607666,19.6299991607666,3788,0.0,0.0,0.0
2023-05-25 13:30:00-04:00,19.6299991607666,19.63990020751953,19.600099563598633,19.6200008392334,8303,0.0,0.0,0.0
2023-05-25 14:30:00-04:00,19.6200008392334,19.62700080871582,19.59000015258789,19.59000015258789,5686,0.0,0.0,0.0
2023-05-25 15:30:00-04:00,19.59000015258789,19.610000610351562,19.579999923706055,19.610000610351562,19504,0.0,0.0,0.0
2023-05-26 09:30:00-04:00,19.56999969482422,19.625,19.559999465942383,19.610000610351562,0,0.0,0.0,0.0
2023-05-26 10:30:00-04:00,19.59000015258789,19.609699249267578,19.52050018310547,19.549999237060547,15285,0.0,0.0,0.0
2023-05-26 11:30:00-04:00,19.545799255371094,19.579999923706055,19.545799255371094,19.56999969482422,6064,0.0,0.0,0.0
2023-05-26 12:30:00-04:00,19.56999969482422,19.6200008392334,19.56999969482422,19.600000381469727,4010,0.0,0.0,0.0
2023-05-26 13:30:00-04:00,19.600000381469727,19.6200008392334,19.590099334716797,19.610000610351562,4020,0.0,0.0,0.0
2023-05-26 14:30:00-04:00,19.61680030822754,19.61680030822754,19.610000610351562,19.610000610351562,1412,0.0,0.0,0.0
2023-05-26 15:30:00-04:00,19.610000610351562,19.649999618530273,19.600000381469727,19.6112003326416,7874,0.0,0.0,0.0
2023-05-30 09:30:00-04:00,19.68000030517578,19.725000381469727,19.68000030517578,19.725000381469727,0,0.0,0.0,0.0
2023-05-30 10:30:00-04:00,19.7549991607666,19.770000457763672,19.719999313354492,19.770000457763672,5174,0.0,0.0,0.0
2023-05-30 11:30:00-04:00,19.770000457763672,19.78499984741211,19.75,19.764999389648438,9910,0.0,0.0,0.0
2023-05-30 12:30:00-04:00,19.774999618530273,19.799999237060547,19.719999313354492,19.795000076293945,0,0.0,0.0,0.0
2023-05-30 13:30:00-04:00,19.780000686645508,19.790000915527344,19.77039909362793,19.790000915527344,72396,0.0,0.0,0.0
2023-05-30 14:30:00-04:00,19.770000457763672,19.790000915527344,19.760000228881836,19.778600692749023,6501,0.0,0.0,0.0
2023-05-30 15:30:00-04:00,19.78499984741211,19.790700912475586,19.780000686645508,19.790700912475586,1838,0.0,0.0,0.0
2023-05-31 09:30:00-04:00,19.790000915527344,19.799999237060547,19.771900177001953,19.78499984741211,0,0.0,0.0,0.0
2023-05-31 10:30:00-04:00,19.78499984741211,19.84000015258789,19.770000457763672,19.809999465942383,0,0.0,0.0,0.0
2023-05-31 11:30:00-04:00,19.829999923706055,19.829999923706055,19.799999237060547,19.809999465942383,28424,0.0,0.0,0.0
2023-05-31 12:30:00-04:00,19.818899154663086,19.850000381469727,19.799999237060547,19.799999237060547,10496,0.0,0.0,0.0
2023-05-31 13:30:00-04:00,19.844999313354492,19.8700008392334,19.844999313354492,19.8700008392334,3187,0.0,0.0,0.0
2023-05-31 14:30:00-04:00,19.8700008392334,19.8799991607666,19.84000015258789,19.854999542236328,6443,0.0,0.0,0.0
2023-05-31 15:30:00-04:00,19.8799991607666,19.899999618530273,19.8700008392334,19.8700008392334,0,0.0,0.0,0.0
2023-06-01 09:30:00-04:00,19.8799991607666,19.927499771118164,19.8799991607666,19.90999984741211,47250,0.0,0.0,0.0
2023-06-01 10:30:00-04:00,19.899999618530273,19.90999984741211,19.889999389648438,19.90999984741211,18128,0.0,0.0,0.0
2023-06-01 12:30:00-04:00,19.899999618530273,19.924999237060547,19.899999618530273,19.924999237060547,2212,0.0,0.0,0.0
2023-06-01 13:30:00-04:00,19.920299530029297,19.924999237060547,19.920299530029297,19.924999237060547,5257,0.0,0.0,0.0
2023-06-01 14:30:00-04:00,19.929800033569336,19.969900131225586,19.924999237060547,19.959400177001953,4466,0.0,0.0,0.0
2023-06-01 15:30:00-04:00,19.950000762939453,19.950000762939453,19.920000076293945,19.920000076293945,174702,0.0,0.0,0.0
2023-06-02 09:30:00-04:00,19.979999542236328,19.991899490356445,19.920000076293945,19.920000076293945,0,0.0,0.0,0.0
2023-06-02 10:30:00-04:00,19.94499969482422,19.94499969482422,19.94499969482422,19.94499969482422,100,0.0,0.0,0.0
2023-06-02 11:30:00-04:00,19.94499969482422,19.94499969482422,19.93000030517578,19.93000030517578,4947,0.0,0.0,0.0
2023-06-02 12:30:00-04:00,19.93000030517578,19.954999923706055,19.93000030517578,19.954999923706055,6608,0.0,0.0,0.0
2023-06-02 13:30:00-04:00,19.954999923706055,19.95989990234375,19.93000030517578,19.940000534057617,13187,0.0,0.0,0.0
2023-06-02 14:30:00-04:00,19.94499969482422,19.959999084472656,19.934999465942383,19.950000762939453,27002,0.0,0.0,0.0
2023-06-02 15:30:00-04:00,19.954999923706055,19.959999084472656,19.940000534057617,19.940000534057617,4177,0.0,0.0,0.0
2023-06-05 09:30:00-04:00,19.899999618530273,19.929899215698242,19.899999618530273,19.90999984741211,0,0.0,0.0,0.0
2023-06-05 10:30:00-04:00,19.90999984741211,19.90999984741211,19.90999984741211,19.90999984741211,296,0.0,0.0,0.0
2023-06-05 11:30:00-04:00,19.905000686645508,19.90999984741211,19.905000686645508,19.90999984741211,5854,0.0,0.0,0.0
2023-06-05 12:30:00-04:00,19.90850067138672,19.9197998046875,19.899999618530273,19.9197998046875,2962,0.0,0.0,0.0
2023-06-05 13:30:00-04:00,19.899999618530273,19.905899047851562,19.899999618530273,19.905000686645508,1927,0.0,0.0,0.0
2023-06-05 14:30:00-04:00,19.899999618530273,19.915000915527344,19.899999618530273,19.90999984741211,1487,0.0,0.0,0.0
2023-06-05 15:30:00-04:00,19.915000915527344,19.940000534057617,19.90999984741211,19.920000076293945,9283,0.0,0.0,0.0
2023-06-06 09:30:00-04:00,19.90999984741211,19.90999984741211,19.878999710083008,19.878999710083008,0,0.0,0.0,0.0
2023-06-06 10:30:00-04:00,19.899999618530273,19.905000686645508,19.899999618530273,19.899999618530273,4106,0.0,0.0,0.0
2023-06-06 11:30:00-04:00,19.900999069213867,19.90999984741211,19.899999618530273,19.905000686645508,2735,0.0,0.0,0.0
2023-06-06 12:30:00-04:00,19.905000686645508,19.920000076293945,19.899999618530273,19.900100708007812,12640,0.0,0.0,0.0
2023-06-06 13:30:00-04:00,19.900100708007812,19.920000076293945,19.900100708007812,19.920000076293945,6359,0.0,0.0,0.0
2023-06-06 14:30:00-04:00,19.920000076293945,19.959999084472656,19.920000076293945,19.950000762939453,2209,0.0,0.0,0.0
2023-06-06 15:30:00-04:00,19.940000534057617,19.959999084472656,19.93000030517578,19.940000534057617,19104,0.0,0.0,0.0
2023-06-07 09:30:00-04:00,19.940000534057617,19.969999313354492,19.940000534057617,19.969999313354492,1812,0.0,0.0,0.0
2023-06-07 10:30:00-04:00,19.899999618530273,19.915000915527344,19.898700714111328,19.898700714111328,4420,0.0,0.0,0.0
2023-06-07 11:30:00-04:00,19.861000061035156,19.861000061035156,19.860000610351562,19.86009979248047,700,0.0,0.0,0.0
2023-06-07 12:30:00-04:00,19.858999252319336,19.858999252319336,19.810300827026367,19.829099655151367,9649,0.0,0.0,0.0
2023-06-07 13:30:00-04:00,19.81999969482422,19.850000381469727,19.81999969482422,19.850000381469727,2133,0.0,0.0,0.0
2023-06-07 14:30:00-04:00,19.855899810791016,19.860000610351562,19.84000015258789,19.850000381469727,12496,0.0,0.0,0.0
2023-06-07 15:30:00-04:00,19.858999252319336,19.859899520874023,19.829999923706055,19.850000381469727,3408,0.0,0.0,0.0
2023-06-08 09:30:00-04:00,19.81999969482422,19.860000610351562,19.81999969482422,19.84079933166504,0,0.0,0.0,0.0
2023-06-08 10:30:00-04:00,19.885000228881836,19.915000915527344,19.875,19.915000915527344,13040,0.0,0.0,0.0
2023-06-08 11:30:00-04:00,19.90169906616211,19.915199279785156,19.90169906616211,19.915199279785156,563,0.0,0.0,0.0
2023-06-08 12:30:00-04:00,19.924999237060547,19.950000762939453,19.92009925842285,19.940000534057617,31247,0.0,0.0,0.0
2023-06-08 13:30:00-04:00,19.968000411987305,19.968000411987305,19.920000076293945,19.94230079650879,2810,0.0,0.0,0.0
2023-06-08 14:30:00-04:00,19.930999755859375,19.930999755859375,19.920000076293945,19.920000076293945,2090,0.0,0.0,0.0
2023-06-08 15:30:00-04:00,19.920000076293945,19.959999084472656,19.920000076293945,19.950000762939453,33352,0.0,0.0,0.0
2023-06-09 09:30:00-04:00,19.93000030517578,19.989999771118164,19.93000030517578,19.989999771118164,8475,0.0,0.0,0.0
2023-06-09 10:30:00-04:00,19.989999771118164,19.989999771118164,19.959999084472656,19.959999084472656,18202,0.0,0.0,0.0
2023-06-09 11:30:00-04:00,19.934999465942383,20.0,19.934999465942383,20.0,1129,0.0,0.0,0.0
2023-06-09 12:30:00-04:00,19.979999542236328,20.0,19.969999313354492,19.979999542236328,20025,0.0,0.0,0.0
2023-06-09 13:30:00-04:00,19.989999771118164,20.0,19.979999542236328,20.0,4834,0.0,0.0,0.0
2023-06-09 14:30:00-04:00,19.980100631713867,20.0,19.980100631713867,19.981000900268555,1460,0.0,0.0,0.0
2023-06-09 15:30:00-04:00,19.979999542236328,19.98900032043457,19.979999542236328,19.98900032043457,505,0.0,0.0,0.0
2023-06-12 09:30:00-04:00,20.010000228881836,20.010000228881836,19.90999984741211,19.90999984741211,0,0.0,0.0,0.0
2023-06-12 10:30:00-04:00,19.899999618530273,19.920000076293945,19.891000747680664,19.891000747680664,3645,0.0,0.0,0.0
2023-06-12 12:30:00-04:00,19.890100479125977,19.890100479125977,19.890100479125977,19.890100479125977,240,0.0,0.0,0.0
2023-06-12 13:30:00-04:00,19.90999984741211,19.959999084472656,19.90999984741211,19.93000030517578,1830,0.0,0.0,0.0
2023-06-12 14:30:00-04:00,19.969999313354492,19.969999313354492,19.950000762939453,19.959999084472656,518,0.0,0.0,0.0
2023-06-12 15:30:00-04:00,19.959999084472656,19.96500015258789,19.950000762939453,19.96500015258789,1540,0.0,0.0,0.0
2023-06-13 09:30:00-04:00,19.959999084472656,20.010000228881836,19.959999084472656,19.989999771118164,16484,0.0,0.0,0.0
2023-06-13 10:30:00-04:00,19.97599983215332,20.049999237060547,19.97599983215332,20.040000915527344,34850,0.0,0.0,0.0
2023-06-13 11:30:00-04:00,20.04990005493164,20.04990005493164,20.020000457763672,20.020000457763672,778,0.0,0.0,0.0
2023-06-13 12:30:00-04:00,20.040000915527344,20.040000915527344,20.0,20.0,19559,0.0,0.0,0.0
2023-06-13 13:30:00-04:00,20.000999450683594,20.000999450683594,19.959999084472656,19.959999084472656,5889,0.0,0.0,0.0
2023-06-13 14:30:00-04:00,19.950000762939453,19.95949935913086,19.93000030517578,19.93000030517578,2029,0.0,0.0,0.0
2023-06-13 15:30:00-04:00,19.940099716186523,19.959999084472656,19.940099716186523,19.959999084472656,5527,0.0,0.0,0.0
2023-06-14 09:30:00-04:00,19.959999084472656,20.010000228881836,19.959999084472656,20.010000228881836,0,0.0,0.0,0.0
2023-06-14 10:30:00-04:00,20.00469970703125,20.020000457763672,19.989999771118164,20.014999389648438,8169,0.0,0.0,0.0
2023-06-14 11:30:00-04:00,20.010099411010742,20.010099411010742,20.010000228881836,20.010000228881836,636,0.0,0.0,0.0
2023-06-14 12:30:00-04:00,20.010000228881836,20.042999267578125,20.010000228881836,20.020000457763672,4045,0.0,0.0,0.0
2023-06-14 13:30:00-04:00,19.924299240112305,19.924299240112305,19.910400390625,19.910400390625,2182,0.0,0.0,0.0
2023-06-14 14:30:00-04:00,19.90999984741211,19.975000381469727,19.81999969482422,19.975000381469727,15890,0.0,0.0,0.0
2023-06-14 15:30:00-04:00,19.950000762939453,19.969999313354492,19.950000762939453,19.969999313354492,0,0.0,0.0,0.0
2023-06-15 09:30:00-04:00,20.0,20.040000915527344,20.0,20.040000915527344,3322,0.0,0.0,0.0
2023-06-15 10:30:00-04:00,20.045000076293945,20.050199508666992,20.032400131225586,20.040000915527344,3110,0.0,0.0,0.0
2023-06-15 11:30:00-04:00,20.02239990234375,20.02239990234375,20.02239990234375,20.02239990234375,328,0.0,0.0,0.0
2023-06-15 12:30:00-04:00,20.010099411010742,20.010099411010742,20.010099411010742,20.010099411010742,371,0.0,0.0,0.0
2023-06-15 13:30:00-04:00,20.03499984741211,20.03499984741211,20.03499984741211,20.03499984741211,136,0.0,0.0,0.0
2023-06-15 14:30:00-04:00,20.03499984741211,20.040000915527344,20.03499984741211,20.040000915527344,11858,0.0,0.0,0.0
2023-06-15 15:30:00-04:00,20.04990005493164,20.049999237060547,20.03019905090332,20.03499984741211,9347,0.0,0.0,0.0
2023-06-16 09:30:00-04:00,20.059999465942383,20.059999465942383,20.059999465942383,20.059999465942383,0,0.0,0.0,0.0
2023-06-16 10:30:00-04:00,20.024999618530273,20.024999618530273,20.024999618530273,20.024999618530273,2875,0.0,0.0,0.0
2023-06-16 11:30:00-04:00,20.02669906616211,20.02669906616211,20.010099411010742,20.020000457763672,5102,0.0,0.0,0.0
2023-06-16 12:30:00-04:00,20.030000686645508,20.041799545288086,20.030000686645508,20.041799545288086,804,0.0,0.0,0.0
2023-06-16 13:30:00-04:00,20.040000915527344,20.040000915527344,20.040000915527344,20.040000915527344,305,0.0,0.0,0.0
2023-06-16 14:30:00-04:00,20.040000915527344,20.040000915527344,19.920000076293945,19.9950008392334,250667,0.0,0.0,0.0
2023-06-16 15:30:00-04:00,19.9950008392334,20.010000228881836,19.989999771118164,20.0049991607666,16388,0.0,0.0,0.0
2023-06-20 09:30:00-04:00,19.969999313354492,20.009899139404297,19.899999618530273,19.961700439453125,25616,0.0,0.0,0.0
2023-06-20 10:30:00-04:00,19.969999313354492,19.975000381469727,19.969999313354492,19.975000381469727,3813,0.0,0.0,0.0
2023-06-20 11:30:00-04:00,19.969999313354492,19.979999542236328,19.969999313354492,19.979999542236328,8638,0.0,0.0,0.0
2023-06-20 12:30:00-04:00,19.97010040283203,20.0,19.97010040283203,19.990699768066406,10677,0.0,0.0,0.0
2023-06-20 13:30:00-04:00,20.0,20.0,19.989999771118164,19.989999771118164,487,0.0,0.0,0.0
2023-06-20 14:30:00-04:00,19.989999771118164,20.009899139404297,19.979999542236328,19.9950008392334,2858,0.0,0.0,0.0
2023-06-20 15:30:00-04:00,19.999900817871094,20.0,19.975000381469727,19.989999771118164,4205,0.0,0.0,0.0
2023-06-21 09:30:00-04:00,19.90049934387207,19.920000076293945,19.90049934387207,19.920000076293945,0,0.0,0.0,0.0
2023-06-21 10:30:00-04:00,19.920000076293945,19.93000030517578,19.899999618530273,19.91510009765625,3942,0.0,0.0,0.0
2023-06-21 11:30:00-04:00,19.91900062561035,19.920000076293945,19.88170051574707,19.88170051574707,4671,0.0,0.0,0.0
2023-06-21 12:30:00-04:00,19.889999389648438,19.904699325561523,19.8799991607666,19.885000228881836,6710,0.0,0.0,0.0
2023-06-21 13:30:00-04:00,19.889999389648438,19.920000076293945,19.889999389648438,19.915000915527344,5441,0.0,0.0,0.0
2023-06-21 14:30:00-04:00,19.93000030517578,19.950000762939453,19.920000076293945,19.920000076293945,4111,0.0,0.0,0.0
2023-06-21 15:30:00-04:00,19.90999984741211,19.93000030517578,19.90999984741211,19.93000030517578,0,0.0,0.0,0.0
2023-06-22 09:30:00-04:00,19.770099639892578,19.79990005493164,19.770099639892578,19.780000686645508,4582,0.0,0.0,0.0
2023-06-22 10:30:00-04:00,19.729999542236328,19.77199935913086,19.729999542236328,19.77199935913086,304,0.0,0.0,0.0
2023-06-22 11:30:00-04:00,19.780000686645508,19.78499984741211,19.709999084472656,19.75,93271,0.0,0.0,0.0
2023-06-22 12:30:00-04:00,19.7549991607666,19.760000228881836,19.75,19.760000228881836,3657,0.0,0.0,0.0
2023-06-22 13:30:00-04:00,19.75909996032715,19.790000915527344,19.75909996032715,19.771099090576172,3402,0.0,0.0,0.0
2023-06-22 14:30:00-04:00,19.760000228881836,19.770999908447266,19.75,19.750099182128906,4630,0.0,0.0,0.0
2023-06-22 15:30:00-04:00,19.768299102783203,19.768299102783203,19.768299102783203,19.768299102783203,0,0.0,0.0,0.0
2023-06-23 09:30:00-04:00,19.709999084472656,19.729999542236328,19.709999084472656,19.711000442504883,695,0.0,0.0,0.0
2023-06-23 10:30:00-04:00,19.71269989013672,19.71269989013672,19.68000030517578,19.680099487304688,1832,0.0,0.0,0.0
2023-06-23 11:30:00-04:00,19.680999755859375,19.69499969482422,19.680999755859375,19.69499969482422,3590,0.0,0.0,0.0
2023-06-23 12:30:00-04:00,19.690799713134766,19.699899673461914,19.69029998779297,19.690500259399414,3295,0.0,0.0,0.0
2023-06-23 13:30:00-04:00,19.690000534057617,19.69499969482422,19.690000534057617,19.69499969482422,2559,0.0,0.0,0.0
2023-06-23 14:30:00-04:00,19.69499969482422,19.69499969482422,19.690000534057617,19.69499969482422,2539,0.0,0.0,0.0
2023-06-23 15:30:00-04:00,19.698299407958984,19.698299407958984,19.690000534057617,19.69499969482422,2166,0.0,0.0,0.0
2023-06-26 09:30:00-04:00,19.729999542236328,19.770000457763672,19.729999542236328,19.76180076599121,0,0.0,0.0,0.0
2023-06-26 10:30:00-04:00,19.760000228881836,19.764999389648438,19.739999771118164,19.739999771118164,3119,0.0,0.0,0.0
2023-06-26 11:30:00-04:00,19.737499237060547,19.75,19.729999542236328,19.729999542236328,2925,0.0,0.0,0.0
2023-06-26 12:30:00-04:00,19.719999313354492,19.739999771118164,19.719999313354492,19.739999771118164,5956,0.0,0.0,0.0
2023-06-26 13:30:00-04:00,19.739999771118164,19.75,19.719999313354492,19.75,11792,0.0,0.0,0.0
2023-06-26 14:30:00-04:00,19.729999542236328,19.780000686645508,19.719999313354492,19.760000228881836,4624,0.0,0.0,0.0
2023-06-26 15:30:00-04:00,19.760000228881836,19.769899368286133,19.739999771118164,19.739999771118164,5835,0.0,0.0,0.0
2023-06-27 09:30:00-04:00,19.75,19.780000686645508,19.739999771118164,19.74090003967285,0,0.0,0.0,0.0
2023-06-27 10:30:00-04:00,19.75,19.790000915527344,19.739999771118164,19.790000915527344,6836,0.0,0.0,0.0
2023-06-27 11:30:00-04:00,19.799999237060547,19.799999237060547,19.790000915527344,19.795000076293945,684,0.0,0.0,0.0
2023-06-27 12:30:00-04:00,19.790000915527344,19.795000076293945,19.790000915527344,19.795000076293945,323,0.0,0.0,0.0
2023-06-27 13:30:00-04:00,19.799999237060547,19.84000015258789,19.79990005493164,19.799999237060547,3718,0.0,0.0,0.0
2023-06-27 14:30:00-04:00,19.799999237060547,19.809900283813477,19.780000686645508,19.799999237060547,3291,0.0,0.0,0.0
2023-06-27 15:30:00-04:00,19.809900283813477,19.81410026550293,19.799999237060547,19.809999465942383,2351,0.0,0.0,0.0
2023-06-28 09:30:00-04:00,19.790000915527344,19.839099884033203,19.790000915527344,19.819900512695312,0,0.0,0.0,0.0
2023-06-28 10:30:00-04:00,19.809999465942383,19.84000015258789,19.809999465942383,19.84000015258789,2243,0.0,0.0,0.0
2023-06-28 11:30:00-04:00,19.850000381469727,19.860000610351562,19.84000015258789,19.860000610351562,2901,0.0,0.0,0.0
2023-06-28 12:30:00-04:00,19.850000381469727,19.8700008392334,19.84000015258789,19.864999771118164,14617,0.0,0.0,0.0
2023-06-28 13:30:00-04:00,19.851900100708008,19.860000610351562,19.851900100708008,19.85740089416504,2101,0.0,0.0,0.0
2023-06-28 14:30:00-04:00,19.850299835205078,19.905000686645508,19.850299835205078,19.899999618530273,11937,0.0,0.0,0.0
2023-06-28 15:30:00-04:00,19.891700744628906,19.920000076293945,19.889999389648438,19.920000076293945,0,0.0,0.0,0.0
2023-06-29 09:30:00-04:00,19.829999923706055,19.86989974975586,19.80500030517578,19.81999969482422,4874,0.0,0.0,0.0
2023-06-29 10:30:00-04:00,19.84000015258789,19.84000015258789,19.81999969482422,19.81999969482422,1516,0.0,0.0,0.0
2023-06-29 12:30:00-04:00,19.834999084472656,19.84000015258789,19.809999465942383,19.811599731445312,4334,0.0,0.0,0.0
2023-06-29 13:30:00-04:00,19.825000762939453,19.860000610351562,19.81170082092285,19.860000610351562,6035,0.0,0.0,0.0
2023-06-29 14:30:00-04:00,19.84000015258789,19.860000610351562,19.84000015258789,19.850000381469727,10875,0.0,0.0,0.0
2023-06-29 15:30:00-04:00,19.84000015258789,19.850000381469727,19.81999969482422,19.849700927734375,0,0.0,0.0,0.0
2023-06-30 09:30:00-04:00,19.93000030517578,19.940000534057617,19.917499542236328,19.940000534057617,3277,0.0,0.0,0.0
2023-06-30 10:30:00-04:00,19.93000030517578,19.939599990844727,19.93000030517578,19.934999465942383,4006,0.0,0.0,0.0
2023-06-30 11:30:00-04:00,19.930599212646484,19.950000762939453,19.93000030517578,19.950000762939453,34560,0.0,0.0,0.0
2023-06-30 12:30:00-04:00,19.95009994506836,19.979999542236328,19.95009994506836,19.979999542236328,2611,0.0,0.0,0.0
2023-06-30 13:30:00-04:00,19.97010040283203,19.970500946044922,19.97010040283203,19.970500946044922,3276,0.0,0.0,0.0
2023-06-30 14:30:00-04:00,19.999900817871094,20.0,19.989999771118164,19.989999771118164,924,0.0,0.0,0.0
2023-06-30 15:30:00-04:00,19.999000549316406,20.0,19.979999542236328,19.989999771118164,13683,0.0,0.0,0.0
2023-07-03 09:30:00-04:00,19.979999542236328,19.979999542236328,19.90999984741211,19.920000076293945,52202,0.0,0.0,0.0
2023-07-03 10:30:00-04:00,19.934999465942383,19.934999465942383,19.920000076293945,19.920000076293945,2696,0.0,0.0,0.0
2023-07-03 11:30:00-04:00,19.940000534057617,19.950000762939453,19.940000534057617,19.950000762939453,500,0.0,0.0,0.0
2023-07-03 12:30:00-04:00,19.950000762939453,19.950000762939453,19.934999465942383,19.950000762939453,912,0.0,0.0,0.0
2023-07-05 09:30:00-04:00,19.920000076293945,19.920000076293945,19.86009979248047,19.861799240112305,0,0.0,0.0,0.0
2023-07-05 10:30:00-04:00,19.889999389648438,19.929899215698242,19.86009979248047,19.889999389648438,35294,0.0,0.0,0.0
2023-07-05 11:30:00-04:00,19.88050079345703,19.909900665283203,19.8799991607666,19.895000457763672,9089,0.0,0.0,0.0
2023-07-05 12:30:00-04:00,19.850000381469727,19.8700008392334,19.84000015258789,19.86389923095703,34093,0.0,0.0,0.0
2023-07-05 13:30:00-04:00,19.850000381469727,19.861000061035156,19.84119987487793,19.861000061035156,12407,0.0,0.0,0.0
2023-07-05 14:30:00-04:00,19.86989974975586,19.8700008392334,19.860200881958008,19.864999771118164,6093,0.0,0.0,0.0
2023-07-05 15:30:00-04:00,19.864999771118164,19.864999771118164,19.860000610351562,19.864999771118164,6335,0.0,0.0,0.0
2023-07-06 09:30:00-04:00,19.711000442504883,19.711000442504883,19.70009994506836,19.70009994506836,0,0.0,0.0,0.0
2023-07-06 10:30:00-04:00,19.680999755859375,19.709999084472656,19.670000076293945,19.670000076293945,13463,0.0,0.0,0.0
2023-07-06 11:30:00-04:00,19.68000030517578,19.719900131225586,19.670000076293945,19.691499710083008,8152,0.0,0.0,0.0
2023-07-06 12:30:00-04:00,19.690500259399414,19.729999542236328,19.690000534057617,19.719999313354492,6387,0.0,0.0,0.0
2023-07-06 13:30:00-04:00,19.729900360107422,19.75,19.709999084472656,19.719999313354492,7335,0.0,0.0,0.0
2023-07-06 14:30:00-04:00,19.719999313354492,19.729999542236328,19.719999313354492,19.729999542236328,6459,0.0,0.0,0.0
2023-07-06 15:30:00-04:00,19.720300674438477,19.749900817871094,19.719999313354492,19.729999542236328,17130,0.0,0.0,0.0
2023-07-07 09:30:00-04:00,19.690000534057617,19.780000686645508,19.690000534057617,19.780000686645508,0,0.0,0.0,0.0
2023-07-07 10:30:00-04:00,19.770000457763672,19.809999465942383,19.770000457763672,19.809999465942383,6130,0.0,0.0,0.0
2023-07-07 11:30:00-04:00,19.829999923706055,19.86319923400879,19.829999923706055,19.850000381469727,4820,0.0,0.0,0.0
2023-07-07 12:30:00-04:00,19.860000610351562,19.8700008392334,19.84000015258789,19.850000381469727,2113,0.0,0.0,0.0
2023-07-07 13:30:00-04:00,19.83099937438965,19.83099937438965,19.804500579833984,19.809999465942383,21473,0.0,0.0,0.0
2023-07-07 14:30:00-04:00,19.83989906311035,19.83989906311035,19.760000228881836,19.760000228881836,3993,0.0,0.0,0.0
2023-07-10 09:30:00-04:00,19.740100860595703,19.82539939880371,19.740100860595703,19.82539939880371,0,0.0,0.0,0.0
2023-07-10 10:30:00-04:00,19.795299530029297,19.795299530029297,19.795299530029297,19.795299530029297,302,0.0,0.0,0.0
2023-07-10 11:30:00-04:00,19.829999923706055,19.829999923706055,19.800500869750977,19.801799774169922,0,0.0,0.0,0.0
2023-07-10 12:30:00-04:00,19.81999969482422,19.84000015258789,19.799999237060547,19.84000015258789,26130,0.0,0.0,0.0
2023-07-10 13:30:00-04:00,19.84160041809082,19.84160041809082,19.84000015258789,19.840999603271484,2691,0.0,0.0,0.0
2023-07-10 14:30:00-04:00,19.862499237060547,19.8700008392334,19.84000015258789,19.854999542236328,27632,0.0,0.0,0.0
2023-07-10 15:30:00-04:00,19.840999603271484,19.854999542236328,19.829999923706055,19.84000015258789,9113,0.0,0.0,0.0
2023-07-11 09:30:00-04:00,19.860000610351562,19.8799991607666,19.860000610351562,19.870100021362305,877,0.0,0.0,0.0
2023-07-11 10:30:00-04:00,19.8799991607666,19.8799991607666,19.8799991607666,19.8799991607666,641,0.0,0.0,0.0
2023-07-11 11:30:00-04:00,19.8799991607666,19.90999984741211,19.8799991607666,19.899999618530273,8339,0.0,0.0,0.0
2023-07-11 12:30:00-04:00,19.920000076293945,19.920000076293945,19.90999984741211,19.90999984741211,301,0.0,0.0,0.0
2023-07-11 13:30:00-04:00,19.90999984741211,19.93000030517578,19.899999618530273,19.920000076293945,3420,0.0,0.0,0.0
2023-07-11 14:30:00-04:00,19.91189956665039,19.969999313354492,19.90999984741211,19.925399780273438,3282,0.0,0.0,0.0
2023-07-11 15:30:00-04:00,19.915000915527344,19.936899185180664,19.915000915527344,19.936899185180664,0,0.0,0.0,0.0
2023-07-12 09:30:00-04:00,20.06999969482422,20.100000381469727,20.06999969482422,20.079999923706055,7333,0.0,0.0,0.0
2023-07-12 10:30:00-04:00,20.079999923706055,20.094999313354492,20.059999465942383,20.09000015258789,37709,0.0,0.0,0.0
2023-07-12 11:30:00-04:00,20.084999084472656,20.084999084472656,20.084999084472656,20.084999084472656,1426,0.0,0.0,0.0
2023-07-12 12:30:00-04:00,20.084999084472656,20.098899841308594,20.084999084472656,20.094999313354492,36363,0.0,0.0,0.0
2023-07-12 13:30:00-04:00,20.094999313354492,20.115999221801758,20.09000015258789,20.115999221801758,10850,0.0,0.0,0.0
2023-07-12 14:30:00-04:00,20.111000061035156,20.125,20.110200881958008,20.1200008392334,10508,0.0,0.0,0.0
2023-07-12 15:30:00-04:00,20.1200008392334,20.1299991607666,20.110000610351562,20.1200008392334,0,0.0,0.0,0.0
2023-07-13 09:30:00-04:00,20.200000762939453,20.207599639892578,20.170000076293945,20.190000534057617,9773,0.0,0.0,0.0
2023-07-13 10:30:00-04:00,20.170000076293945,20.175899505615234,20.170000076293945,20.170000076293945,2492,0.0,0.0,0.0
2023-07-13 11:30:00-04:00,20.184999465942383,20.184999465942383,20.184999465942383,20.184999465942383,2750,0.0,0.0,0.0
2023-07-13 12:30:00-04:00,20.180099487304688,20.219999313354492,20.180099487304688,20.209999084472656,3206,0.0,0.0,0.0
2023-07-13 13:30:00-04:00,20.20170021057129,20.20170021057129,20.20009994506836,20.20009994506836,311,0.0,0.0,0.0
2023-07-13 14:30:00-04:00,20.229999542236328,20.23900032043457,20.210100173950195,20.210100173950195,0,0.0,0.0,0.0
2023-07-13 15:30:00-04:00,20.239999771118164,20.239999771118164,20.220800399780273,20.23900032043457,29263,0.0,0.0,0.0
2023-07-14 09:30:00-04:00,20.229999542236328,20.229999542236328,20.149999618530273,20.149999618530273,0,0.0,0.0,0.0
2023-07-14 10:30:00-04:00,20.11009979248047,20.11009979248047,20.11009979248047,20.11009979248047,1000,0.0,0.0,0.0
2023-07-14 11:30:00-04:00,20.139999389648438,20.159900665283203,20.11669921875,20.11669921875,4636,0.0,0.0,0.0
2023-07-14 12:30:00-04:00,20.138500213623047,20.138500213623047,20.110000610351562,20.110300064086914,8184,0.0,0.0,0.0
2023-07-14 13:30:00-04:00,20.138099670410156,20.138099670410156,20.094999313354492,20.109899520874023,6625,0.0,0.0,0.0
2023-07-14 14:30:00-04:00,20.09000015258789,20.099899291992188,20.06450080871582,20.06999969482422,2594,0.0,0.0,0.0
2023-07-14 15:30:00-04:00,20.0674991607666,20.083099365234375,20.0674991607666,20.083099365234375,2979,0.0,0.0,0.0
2023-07-17 09:30:00-04:00,20.099899291992188,20.099899291992188,20.06999969482422,20.09000015258789,0,0.0,0.0,0.0
2023-07-17 10:30:00-04:00,20.09000015258789,20.118999481201172,20.079999923706055,20.100000381469727,3507,0.0,0.0,0.0
2023-07-17 11:30:00-04:00,20.11910057067871,20.11910057067871,20.110000610351562,20.110000610351562,2738,0.0,0.0,0.0
2023-07-17 12:30:00-04:00,20.1023006439209,20.119699478149414,20.09000015258789,20.095399856567383,4359,0.0,0.0,0.0
2023-07-17 13:30:00-04:00,20.120100021362305,20.120100021362305,20.120100021362305,20.120100021362305,1736,0.0,0.0,0.0
2023-07-17 14:30:00-04:00,20.125999450683594,20.139999389648438,20.11079978942871,20.1299991607666,8247,0.0,0.0,0.0
2023-07-17 15:30:00-04:00,20.1117000579834,20.12820053100586,20.1117000579834,20.12820053100586,0,0.0,0.0,0.0
2023-07-18 09:30:00-04:00,20.170000076293945,20.170000076293945,20.170000076293945,20.170000076293945,725,0.0,0.0,0.0
2023-07-18 10:30:00-04:00,20.184999465942383,20.184999465942383,20.18000030517578,20.180099487304688,2556,0.0,0.0,0.0
2023-07-18 11:30:00-04:00,20.184999465942383,20.18939971923828,20.184999465942383,20.18939971923828,620,0.0,0.0,0.0
2023-07-18 12:30:00-04:00,20.18000030517578,20.189899444580078,20.18000030517578,20.189899444580078,557,0.0,0.0,0.0
2023-07-18 13:30:00-04:00,20.18000030517578,20.190000534057617,20.15999984741211,20.16990089416504,2577,0.0,0.0,0.0
2023-07-18 14:30:00-04:00,20.165000915527344,20.165000915527344,20.151399612426758,20.15999984741211,4425,0.0,0.0,0.0
2023-07-18 15:30:00-04:00,20.179000854492188,20.18000030517578,20.179000854492188,20.179100036621094,3160,0.0,0.0,0.0
2023-07-19 09:30:00-04:00,20.18000030517578,20.209999084472656,20.18000030517578,20.200000762939453,0,0.0,0.0,0.0
2023-07-19 10:30:00-04:00,20.190000534057617,20.219999313354492,20.190000534057617,20.219999313354492,2974,0.0,0.0,0.0
2023-07-19 11:30:00-04:00,20.209999084472656,20.21419906616211,20.200000762939453,20.209999084472656,0,0.0,0.0,0.0
2023-07-19 12:30:00-04:00,20.209999084472656,20.209999084472656,20.18000030517578,20.18000030517578,19089,0.0,0.0,0.0
2023-07-19 13:30:00-04:00,20.18000030517578,20.200000762939453,20.17140007019043,20.17140007019043,5750,0.0,0.0,0.0
2023-07-19 14:30:00-04:00,20.18000030517578,20.18000030517578,20.170000076293945,20.18000030517578,2255,0.0,0.0,0.0
2023-07-19 15:30:00-04:00,20.189899444580078,20.189899444580078,20.170000076293945,20.184999465942383,5936,0.0,0.0,0.0
2023-07-20 09:30:00-04:00,20.100000381469727,20.139999389648438,20.09000015258789,20.09000015258789,0,0.0,0.0,0.0
2023-07-20 10:30:00-04:00,20.109899520874023,20.109899520874023,20.079999923706055,20.09000015258789,6743,0.0,0.0,0.0
2023-07-20 11:30:00-04:00,20.100000381469727,20.100000381469727,20.059999465942383,20.059999465942383,12075,0.0,0.0,0.0
2023-07-20 13:30:00-04:00,20.059999465942383,20.06999969482422,20.059999465942383,20.06999969482422,1427,0.0,0.0,0.0
2023-07-20 14:30:00-04:00,20.09000015258789,20.09000015258789,20.079999923706055,20.09000015258789,11430,0.0,0.0,0.0
2023-07-20 15:30:00-04:00,20.07159996032715,20.094999313354492,20.07159996032715,20.094999313354492,1974,0.0,0.0,0.0
2023-07-21 09:30:00-04:00,20.110000610351562,20.149999618530273,20.110000610351562,20.1299991607666,0,0.0,0.0,0.0
2023-07-21 10:30:00-04:00,20.139999389648438,20.149999618530273,20.125,20.149999618530273,1655,0.0,0.0,0.0
2023-07-21 11:30:00-04:00,20.155000686645508,20.176000595092773,20.155000686645508,20.16160011291504,6397,0.0,0.0,0.0
2023-07-21 12:30:00-04:00,20.170000076293945,20.18000030517578,20.149999618530273,20.18000030517578,13398,0.0,0.0,0.0
2023-07-21 13:30:00-04:00,20.190000534057617,20.190000534057617,20.170000076293945,20.170000076293945,2303,0.0,0.0,0.0
2023-07-21 14:30:00-04:00,20.190000534057617,20.190000534057617,20.149999618530273,20.170000076293945,5148,0.0,0.0,0.0
2023-07-21 15:30:00-04:00,20.139999389648438,20.170000076293945,20.139999389648438,20.155000686645508,4543,0.0,0.0,0.0
2023-07-24 09:30:00-04:00,20.170000076293945,20.200000762939453,20.170000076293945,20.200000762939453,0,0.0,0.0,0.0
2023-07-24 10:30:00-04:00,20.18000030517578,20.18000030517578,20.171899795532227,20.171899795532227,1770,0.0,0.0,0.0
2023-07-24 11:30:00-04:00,20.18000030517578,20.190000534057617,20.170000076293945,20.170000076293945,2809,0.0,0.0,0.0
2023-07-24 12:30:00-04:00,20.155000686645508,20.15999984741211,20.150299072265625,20.15999984741211,3953,0.0,0.0,0.0
2023-07-24 13:30:00-04:00,20.155000686645508,20.155000686645508,20.1299991607666,20.1299991607666,2984,0.0,0.0,0.0
2023-07-24 14:30:00-04:00,20.139999389648438,20.139999389648438,20.13010025024414,20.135000228881836,1847,0.0,0.0,0.0
2023-07-24 15:30:00-04:00,20.1299991607666,20.135000228881836,20.1299991607666,20.1299991607666,2745,0.0,0.0,0.0
2023-07-25 09:30:00-04:00,20.110000610351562,20.110000610351562,20.079999923706055,20.110000610351562,0,0.0,0.0,0.0
2023-07-25 10:30:00-04:00,20.109899520874023,20.109899520874023,20.109899520874023,20.109899520874023,526,0.0,0.0,0.0
2023-07-25 11:30:00-04:00,20.106300354003906,20.110000610351562,20.100000381469727,20.100000381469727,4723,0.0,0.0,0.0
2023-07-25 12:30:00-04:00,20.110000610351562,20.110000610351562,20.10059928894043,20.109899520874023,1613,0.0,0.0,0.0
2023-07-25 13:30:00-04:00,20.110000610351562,20.1200008392334,20.100099563598633,20.1200008392334,6828,0.0,0.0,0.0
2023-07-25 14:30:00-04:00,20.100799560546875,20.1200008392334,20.100000381469727,20.1200008392334,17515,0.0,0.0,0.0
2023-07-25 15:30:00-04:00,20.110000610351562,20.1200008392334,20.094999313354492,20.110000610351562,119598,0.0,0.0,0.0
2023-07-26 09:30:00-04:00,20.079999923706055,20.1299991607666,20.079999923706055,20.1299991607666,0,0.0,0.0,0.0
2023-07-26 10:30:00-04:00,20.110000610351562,20.1299991607666,20.110000610351562,20.1299991607666,4376,0.0,0.0,0.0
2023-07-26 11:30:00-04:00,20.130800247192383,20.139999389648438,20.13010025024414,20.139999389648438,2289,0.0,0.0,0.0
2023-07-26 12:30:00-04:00,20.1299991607666,20.139999389648438,20.1200008392334,20.125,4598,0.0,0.0,0.0
2023-07-26 13:30:00-04:00,20.120100021362305,20.15999984741211,20.1200008392334,20.15999984741211,9294,0.0,0.0,0.0
2023-07-26 14:30:00-04:00,20.131799697875977,20.190000534057617,20.131799697875977,20.170000076293945,8395,0.0,0.0,0.0
2023-07-26 15:30:00-04:00,20.170000076293945,20.190000534057617,20.165000915527344,20.190000534057617,5756,0.0,0.0,0.0
2023-07-27 09:30:00-04:00,20.049999237060547,20.09000015258789,20.040000915527344,20.040000915527344,7149,0.0,0.0,0.0
2023-07-27 10:30:00-04:00,20.020000457763672,20.030000686645508,19.989999771118164,19.9950008392334,21077,0.0,0.0,0.0
2023-07-27 11:30:00-04:00,20.0,20.0049991607666,19.979999542236328,19.979999542236328,5252,0.0,0.0,0.0
2023-07-27 12:30:00-04:00,19.989999771118164,20.0,19.950000762939453,19.950000762939453,4002,0.0,0.0,0.0
2023-07-27 13:30:00-04:00,19.940000534057617,19.940000534057617,19.889999389648438,19.899999618530273,15252,0.0,0.0,0.0
2023-07-27 14:30:00-04:00,19.850000381469727,19.875200271606445,19.83049964904785,19.8700008392334,16932,0.0,0.0,0.0
2023-07-27 15:30:00-04:00,19.87030029296875,19.8799991607666,19.860000610351562,19.8700008392334,6344,0.0,0.0,0.0
2023-07-28 09:30:00-04:00,19.969999313354492,19.979999542236328,19.969999313354492,19.969999313354492,0,0.0,0.0,0.0
2023-07-28 10:30:00-04:00,19.989999771118164,19.989999771118164,19.959999084472656,19.969999313354492,14420,0.0,0.0,0.0
2023-07-28 11:30:00-04:00,19.969999313354492,20.0,19.969999313354492,19.969999313354492,7245,0.0,0.0,0.0
2023-07-28 12:30:00-04:00,19.969999313354492,19.969999313354492,19.950899124145508,19.954999923706055,2286,0.0,0.0,0.0
2023-07-28 13:30:00-04:00,19.955299377441406,19.969999313354492,19.94499969482422,19.968000411987305,2860,0.0,0.0,0.0
2023-07-28 14:30:00-04:00,19.989999771118164,20.0,19.979999542236328,19.985000610351562,12246,0.0,0.0,0.0
2023-07-28 15:30:00-04:00,19.985000610351562,19.985000610351562,19.96500015258789,19.96500015258789,1963,0.0,0.0,0.0
2023-07-31 09:30:00-04:00,20.0,20.030000686645508,20.0,20.024999618530273,0,0.0,0.0,0.0
2023-07-31 10:30:00-04:00,20.024999618530273,20.049999237060547,20.010000228881836,20.049999237060547,5323,0.0,0.0,0.0
2023-07-31 11:30:00-04:00,20.049999237060547,20.049999237060547,20.030000686645508,20.030000686645508,4779,0.0,0.0,0.0
2023-07-31 12:30:00-04:00,20.030000686645508,20.070999145507812,20.020000457763672,20.059999465942383,8369,0.0,0.0,0.0
2023-07-31 13:30:00-04:00,20.06999969482422,20.06999969482422,20.030000686645508,20.045000076293945,5753,0.0,0.0,0.0
2023-07-31 14:30:00-04:00,20.049999237060547,20.049999237060547,20.030500411987305,20.030500411987305,3338,0.0,0.0,0.0
2023-07-31 15:30:00-04:00,20.0310001373291,20.049999237060547,20.020099639892578,20.049999237060547,1743,0.0,0.0,0.0
2023-08-01 09:30:00-04:00,20.040000915527344,20.040000915527344,19.941200256347656,19.959999084472656,0,0.0,0.0,0.0
2023-08-01 10:30:00-04:00,19.959999084472656,19.959999084472656,19.940000534057617,19.949899673461914,17503,0.0,0.0,0.0
2023-08-01 11:30:00-04:00,19.950000762939453,19.950000762939453,19.90999984741211,19.910499572753906,37087,0.0,0.0,0.0
2023-08-01 12:30:00-04:00,19.899999618530273,19.924999237060547,19.899999618530273,19.920000076293945,12146,0.0,0.0,0.0
2023-08-01 13:30:00-04:00,19.920000076293945,19.93269920349121,19.911500930786133,19.93269920349121,11978,0.0,0.0,0.0
2023-08-01 14:30:00-04:00,19.93000030517578,19.930099487304688,19.920000076293945,19.920700073242188,26376,0.0,0.0,0.0
2023-08-01 15:30:00-04:00,19.920000076293945,19.934999465942383,19.920000076293945,19.934999465942383,892,0.0,0.0,0.0
2023-08-02 09:30:00-04:00,19.889999389648438,19.889999389648438,19.84910011291504,19.84910011291504,0,0.0,0.0,0.0
2023-08-02 10:30:00-04:00,19.81999969482422,19.81999969482422,19.799999237060547,19.809900283813477,4324,0.0,0.0,0.0
2023-08-02 11:30:00-04:00,19.807100296020508,19.809999465942383,19.799999237060547,19.809799194335938,59559,0.0,0.0,0.0
2023-08-02 12:30:00-04:00,19.80500030517578,19.84000015258789,19.80500030517578,19.84000015258789,6061,0.0,0.0,0.0
2023-08-02 13:30:00-04:00,19.829999923706055,19.839500427246094,19.829999923706055,19.834999084472656,3347,0.0,0.0,0.0
2023-08-02 14:30:00-04:00,19.84000015258789,19.84000015258789,19.820100784301758,19.820100784301758,4643,0.0,0.0,0.0
2023-08-02 15:30:00-04:00,19.83009910583496,19.834999084472656,19.83009910583496,19.834999084472656,6564,0.0,0.0,0.0
2023-08-03 09:30:00-04:00,19.760000228881836,19.77389907836914,19.75,19.75,0,0.0,0.0,0.0
2023-08-03 10:30:00-04:00,19.760000228881836,19.766399383544922,19.760000228881836,19.764999389648438,13072,0.0,0.0,0.0
2023-08-03 11:30:00-04:00,19.76180076599121,19.790000915527344,19.76180076599121,19.789899826049805,3549,0.0,0.0,0.0
2023-08-03 12:30:00-04:00,19.78499984741211,19.790000915527344,19.780000686645508,19.78499984741211,3634,0.0,0.0,0.0
2023-08-03 13:30:00-04:00,19.770999908447266,19.770999908447266,19.770000457763672,19.770000457763672,1658,0.0,0.0,0.0
2023-08-03 14:30:00-04:00,19.789899826049805,19.791799545288086,19.780000686645508,19.790000915527344,19559,0.0,0.0,0.0
2023-08-03 15:30:00-04:00,19.798999786376953,19.799999237060547,19.774999618530273,19.774999618530273,12801,0.0,0.0,0.0
2023-08-04 09:30:00-04:00,19.899999618530273,19.93400001525879,19.899999618530273,19.90999984741211,0,0.0,0.0,0.0
2023-08-04 10:30:00-04:00,19.93000030517578,19.940000534057617,19.920000076293945,19.92009925842285,16514,0.0,0.0,0.0
2023-08-04 11:30:00-04:00,19.948999404907227,19.979999542236328,19.93000030517578,19.969999313354492,17189,0.0,0.0,0.0
2023-08-04 12:30:00-04:00,19.959999084472656,19.979999542236328,19.959999084472656,19.97249984741211,4746,0.0,0.0,0.0
2023-08-04 13:30:00-04:00,19.969999313354492,19.969999313354492,19.920000076293945,19.940000534057617,3374,0.0,0.0,0.0
2023-08-04 14:30:00-04:00,19.920000076293945,19.940000534057617,19.920000076293945,19.927600860595703,817,0.0,0.0,0.0
2023-08-04 15:30:00-04:00,19.905000686645508,19.905000686645508,19.899999618530273,19.899999618530273,1903,0.0,0.0,0.0
2023-08-07 09:30:00-04:00,19.959999084472656,19.969900131225586,19.93000030517578,19.93000030517578,0,0.0,0.0,0.0
2023-08-07 10:30:00-04:00,19.900699615478516,19.900699615478516,19.899999618530273,19.899999618530273,1550,0.0,0.0,0.0
2023-08-07 11:30:00-04:00,19.881000518798828,19.895000457763672,19.8799991607666,19.895000457763672,751,0.0,0.0,0.0
2023-08-07 12:30:00-04:00,19.896699905395508,19.899900436401367,19.88010025024414,19.899900436401367,3683,0.0,0.0,0.0
2023-08-07 13:30:00-04:00,19.899599075317383,19.912700653076172,19.899599075317383,19.899999618530273,3349,0.0,0.0,0.0
2023-08-07 14:30:00-04:00,19.905000686645508,19.940000534057617,19.905000686645508,19.939899444580078,3081,0.0,0.0,0.0
2023-08-07 15:30:00-04:00,19.93000030517578,19.940000534057617,19.924999237060547,19.924999237060547,1429,0.0,0.0,0.0
2023-08-08 09:30:00-04:00,19.940000534057617,19.940000534057617,19.90999984741211,19.91010093688965,0,0.0,0.0,0.0
2023-08-08 10:30:00-04:00,19.90999984741211,19.93000030517578,19.90999984741211,19.91010093688965,1042,0.0,0.0,0.0
2023-08-08 11:30:00-04:00,19.93000030517578,19.93000030517578,19.90999984741211,19.924999237060547,3759,0.0,0.0,0.0
2023-08-08 12:30:00-04:00,19.924999237060547,19.924999237060547,19.920000076293945,19.920000076293945,729,0.0,0.0,0.0
2023-08-08 13:30:00-04:00,19.917299270629883,19.979000091552734,19.917299270629883,19.969999313354492,3601,0.0,0.0,0.0
2023-08-08 14:30:00-04:00,19.961700439453125,19.985000610351562,19.961700439453125,19.985000610351562,15302,0.0,0.0,0.0
2023-08-08 15:30:00-04:00,19.97010040283203,19.979999542236328,19.959999084472656,19.96500015258789,3590,0.0,0.0,0.0
2023-08-09 09:30:00-04:00,19.989999771118164,19.989999771118164,19.9419002532959,19.97100067138672,0,0.0,0.0,0.0
2023-08-09 10:30:00-04:00,19.959999084472656,19.9685001373291,19.950000762939453,19.959999084472656,3668,0.0,0.0,0.0
2023-08-09 11:30:00-04:00,19.950000762939453,19.959999084472656,19.949899673461914,19.95009994506836,5789,0.0,0.0,0.0
2023-08-09 12:30:00-04:00,19.959999084472656,19.979900360107422,19.959999084472656,19.959999084472656,3709,0.0,0.0,0.0
2023-08-09 13:30:00-04:00,19.960100173950195,19.96940040588379,19.960100173950195,19.96940040588379,597,0.0,0.0,0.0
2023-08-09 15:30:00-04:00,19.979999542236328,19.986299514770508,19.969999313354492,19.969999313354492,3137,0.0,0.0,0.0
2023-08-10 09:30:00-04:00,20.030000686645508,20.09000015258789,20.030000686645508,20.059999465942383,22511,0.0,0.0,0.0
2023-08-10 10:30:00-04:00,20.04159927368164,20.049999237060547,20.020000457763672,20.023799896240234,5449,0.0,0.0,0.0
2023-08-10 11:30:00-04:00,20.029699325561523,20.029699325561523,20.029699325561523,20.029699325561523,2133,0.0,0.0,0.0
2023-08-10 12:30:00-04:00,20.010000228881836,20.019899368286133,20.010000228881836,20.010000228881836,2548,0.0,0.0,0.0
2023-08-10 13:30:00-04:00,19.950000762939453,19.9689998626709,19.940000534057617,19.9689998626709,4029,0.0,0.0,0.0
2023-08-10 14:30:00-04:00,19.9591007232666,19.961000442504883,19.95400047302246,19.959999084472656,9014,0.0,0.0,0.0
2023-08-10 15:30:00-04:00,19.989900588989258,19.989900588989258,19.959999084472656,19.979999542236328,3220,0.0,0.0,0.0
2023-08-11 09:30:00-04:00,19.8799991607666,19.953500747680664,19.8799991607666,19.940000534057617,0,0.0,0.0,0.0
2023-08-11 10:30:00-04:00,19.940000534057617,19.945999145507812,19.940000534057617,19.945999145507812,1562,0.0,0.0,0.0
2023-08-11 11:30:00-04:00,19.926700592041016,19.93000030517578,19.920000076293945,19.93000030517578,971,0.0,0.0,0.0
2023-08-11 12:30:00-04:00,19.93000030517578,19.93000030517578,19.924999237060547,19.92569923400879,3890,0.0,0.0,0.0
2023-08-11 13:30:00-04:00,19.92530059814453,19.92530059814453,19.920000076293945,19.920000076293945,1602,0.0,0.0,0.0
2023-08-11 14:30:00-04:00,19.940000534057617,19.940000534057617,19.920000076293945,19.924999237060547,3047,0.0,0.0,0.0
2023-08-11 15:30:00-04:00,19.924999237060547,19.943500518798828,19.915000915527344,19.92099952697754,24951,0.0,0.0,0.0
2023-08-14 09:30:00-04:00,19.899999618530273,19.899999618530273,19.899999618530273,19.899999618530273,0,0.0,0.0,0.0
2023-08-14 10:30:00-04:00,19.899900436401367,19.91510009765625,19.895000457763672,19.90999984741211,5855,0.0,0.0,0.0
2023-08-14 11:30:00-04:00,19.920000076293945,19.93000030517578,19.920000076293945,19.93000030517578,1102,0.0,0.0,0.0
2023-08-14 12:30:00-04:00,19.959999084472656,19.969999313354492,19.959999084472656,19.969999313354492,2552,0.0,0.0,0.0
2023-08-14 14:30:00-04:00,19.95009994506836,19.96139907836914,19.95009994506836,19.959999084472656,1513,0.0,0.0,0.0
2023-08-14 15:30:00-04:00,19.920000076293945,19.950000762939453,19.920000076293945,19.938400268554688,0,0.0,0.0,0.0
2023-08-15 09:30:00-04:00,19.8799991607666,19.920000076293945,19.8799991607666,19.900999069213867,16680,0.0,0.0,0.0
2023-08-15 10:30:00-04:00,19.899999618530273,19.93000030517578,19.890100479125977,19.920000076293945,1674,0.0,0.0,0.0
2023-08-15 11:30:00-04:00,19.920000076293945,19.940000534057617,19.90999984741211,19.90999984741211,1732,0.0,0.0,0.0
2023-08-15 12:30:00-04:00,19.90999984741211,19.920000076293945,19.899999618530273,19.90999984741211,1223,0.0,0.0,0.0
2023-08-15 13:30:00-04:00,19.920000076293945,19.920000076293945,19.920000076293945,19.920000076293945,172,0.0,0.0,0.0
2023-08-15 14:30:00-04:00,19.924999237060547,19.924999237060547,19.899999618530273,19.899999618530273,6945,0.0,0.0,0.0
2023-08-15 15:30:00-04:00,19.8799991607666,19.899999618530273,19.8799991607666,19.888399124145508,0,0.0,0.0,0.0
2023-08-16 09:30:00-04:00,19.899999618530273,19.899999618530273,19.899999618530273,19.899999618530273,360,0.0,0.0,0.0
2023-08-16 10:30:00-04:00,19.901100158691406,19.90999984741211,19.899999618530273,19.90570068359375,2538,0.0,0.0,0.0
2023-08-16 11:30:00-04:00,19.889999389648438,19.889999389648438,19.885000228881836,19.885000228881836,600,0.0,0.0,0.0
2023-08-16 12:30:00-04:00,19.889999389648438,19.90999984741211,19.86009979248047,19.86009979248047,1612,0.0,0.0,0.0
2023-08-16 13:30:00-04:00,19.8799991607666,19.889999389648438,19.8799991607666,19.8799991607666,2854,0.0,0.0,0.0
2023-08-16 14:30:00-04:00,19.8799991607666,19.889999389648438,19.81999969482422,19.820100784301758,22327,0.0,0.0,0.0
2023-08-16 15:30:00-04:00,19.825000762939453,19.84000015258789,19.81999969482422,19.84000015258789,3008,0.0,0.0,0.0
2023-08-17 09:30:00-04:00,19.81999969482422,19.850000381469727,19.780099868774414,19.780099868774414,0,0.0,0.0,0.0
2023-08-17 12:30:00-04:00,19.739999771118164,19.760000228881836,19.739999771118164,19.75,4035,0.0,0.0,0.0
2023-08-17 13:30:00-04:00,19.75,19.75,19.719999313354492,19.719999313354492,2427,0.0,0.0,0.0
2023-08-17 14:30:00-04:00,19.721200942993164,19.721200942993164,19.700000762939453,19.719999313354492,4635,0.0,0.0,0.0
2023-08-17 15:30:00-04:00,19.729900360107422,19.729900360107422,19.710399627685547,19.721099853515625,268,0.0,0.0,0.0
2023-08-18 09:30:00-04:00,19.690000534057617,19.770000457763672,19.690000534057617,19.770000457763672,2885,0.0,0.0,0.0
2023-08-18 10:30:00-04:00,19.770000457763672,19.78499984741211,19.770000457763672,19.78499984741211,1709,0.0,0.0,0.0
2023-08-18 11:30:00-04:00,19.780000686645508,19.780000686645508,19.770000457763672,19.770099639892578,1893,0.0,0.0,0.0
2023-08-18 13:30:00-04:00,19.75,19.75,19.739999771118164,19.739999771118164,6604,0.0,0.0,0.0
2023-08-18 14:30:00-04:00,19.73040008544922,19.75,19.73040008544922,19.75,1427,0.0,0.0,0.0
2023-08-18 15:30:00-04:00,19.729999542236328,19.7450008392334,19.729999542236328,19.7450008392334,734,0.0,0.0,0.0
2023-08-21 09:30:00-04:00,19.729999542236328,19.739999771118164,19.68000030517578,19.68000030517578,0,0.0,0.0,0.0
2023-08-21 10:30:00-04:00,19.700000762939453,19.70989990234375,19.700000762939453,19.70989990234375,1857,0.0,0.0,0.0
2023-08-21 11:30:00-04:00,19.684999465942383,19.698999404907227,19.670000076293945,19.69499969482422,5472,0.0,0.0,0.0
2023-08-21 12:30:00-04:00,19.69499969482422,19.709999084472656,19.69499969482422,19.709999084472656,639,0.0,0.0,0.0
2023-08-21 13:30:00-04:00,19.709999084472656,19.729999542236328,19.709999084472656,19.719999313354492,15306,0.0,0.0,0.0
2023-08-21 14:30:00-04:00,19.719999313354492,19.75,19.719999313354492,19.739999771118164,2533,0.0,0.0,0.0
2023-08-21 15:30:00-04:00,19.739999771118164,19.75,19.729999542236328,19.729999542236328,2393,0.0,0.0,0.0
2023-08-22 09:30:00-04:00,19.799999237060547,19.799999237060547,19.75,19.770000457763672,0,0.0,0.0,0.0
2023-08-22 10:30:00-04:00,19.719999313354492,19.739999771118164,19.719999313354492,19.739999771118164,1505,0.0,0.0,0.0
2023-08-22 11:30:00-04:00,19.741500854492188,19.741500854492188,19.710100173950195,19.72010040283203,3263,0.0,0.0,0.0
2023-08-22 12:30:00-04:00,19.75,19.75,19.75,19.75,121,0.0,0.0,0.0
2023-08-22 13:30:00-04:00,19.770000457763672,19.770000457763672,19.770000457763672,19.770000457763672,194,0.0,0.0,0.0
2023-08-22 14:30:00-04:00,19.756200790405273,19.769899368286133,19.75,19.75079917907715,5209,0.0,0.0,0.0
2023-08-22 15:30:00-04:00,19.75,19.760000228881836,19.75,19.760000228881836,3218,0.0,0.0,0.0
2023-08-23 09:30:00-04:00,19.809999465942383,19.84000015258789,19.809999465942383,19.84000015258789,0,0.0,0.0,0.0
2023-08-23 10:30:00-04:00,19.844999313354492,19.879899978637695,19.844999313354492,19.860000610351562,1020,0.0,0.0,0.0
2023-08-23 11:30:00-04:00,19.8528995513916,19.8700008392334,19.8528995513916,19.86050033569336,2290,0.0,0.0,0.0
2023-08-23 12:30:00-04:00,19.8799991607666,19.924999237060547,19.8799991607666,19.924999237060547,1349,0.0,0.0,0.0
2023-08-23 13:30:00-04:00,19.915000915527344,19.915199279785156,19.899999618530273,19.90999984741211,11681,0.0,0.0,0.0
2023-08-23 14:30:00-04:00,19.889999389648438,19.920000076293945,19.889999389648438,19.920000076293945,2195,0.0,0.0,0.0
2023-08-23 15:30:00-04:00,19.900999069213867,19.920000076293945,19.889999389648438,19.89150047302246,0,0.0,0.0,0.0
2023-08-24 09:30:00-04:00,19.770000457763672,19.770000457763672,19.711700439453125,19.719999313354492,1450,0.0,0.0,0.0
2023-08-24 10:30:00-04:00,19.739900588989258,19.739900588989258,19.690000534057617,19.700000762939453,1397,0.0,0.0,0.0
2023-08-24 11:30:00-04:00,19.70989990234375,19.709999084472656,19.699899673461914,19.709999084472656,2928,0.0,0.0,0.0
2023-08-24 12:30:00-04:00,19.71500015258789,19.719999313354492,19.709999084472656,19.709999084472656,1192,0.0,0.0,0.0
2023-08-24 13:30:00-04:00,19.709999084472656,19.709999084472656,19.700000762939453,19.704999923706055,1031,0.0,0.0,0.0
2023-08-24 14:30:00-04:00,19.690099716186523,19.700000762939453,19.660600662231445,19.660600662231445,11199,0.0,0.0,0.0
2023-08-24 15:30:00-04:00,19.674999237060547,19.674999237060547,19.65999984741211,19.66230010986328,0,0.0,0.0,0.0
2023-08-25 09:30:00-04:00,19.690000534057617,19.725000381469727,19.690000534057617,19.725000381469727,3297,0.0,0.0,0.0
2023-08-25 10:30:00-04:00,19.699899673461914,19.699899673461914,19.699899673461914,19.699899673461914,980,0.0,0.0,0.0
2023-08-25 11:30:00-04:00,19.729999542236328,19.729999542236328,19.709999084472656,19.725000381469727,5047,0.0,0.0,0.0
2023-08-25 12:30:00-04:00,19.71500015258789,19.719999313354492,19.709999084472656,19.719999313354492,4654,0.0,0.0,0.0
2023-08-25 13:30:00-04:00,19.729999542236328,19.729999542236328,19.722000122070312,19.728700637817383,3127,0.0,0.0,0.0
2023-08-25 14:30:00-04:00,19.729999542236328,19.770000457763672,19.729999542236328,19.770000457763672,9243,0.0,0.0,0.0
2023-08-25 15:30:00-04:00,19.75,19.75,19.75,19.75,536,0.0,0.0,0.0
2023-08-28 09:30:00-04:00,19.81999969482422,19.825000762939453,19.790000915527344,19.790199279785156,0,0.0,0.0,0.0
2023-08-28 10:30:00-04:00,19.809999465942383,19.809999465942383,19.790000915527344,19.809999465942383,2361,0.0,0.0,0.0
2023-08-28 11:30:00-04:00,19.809999465942383,19.81999969482422,19.790000915527344,19.790000915527344,5597,0.0,0.0,0.0
2023-08-28 12:30:00-04:00,19.809999465942383,19.829999923706055,19.809999465942383,19.829999923706055,2265,0.0,0.0,0.0
2023-08-28 13:30:00-04:00,19.81999969482422,19.81999969482422,19.80190086364746,19.81999969482422,4842,0.0,0.0,0.0
2023-08-28 14:30:00-04:00,19.81999969482422,19.829999923706055,19.800800323486328,19.810100555419922,3075,0.0,0.0,0.0
2023-08-28 15:30:00-04:00,19.834999084472656,19.84000015258789,19.829999923706055,19.84000015258789,962,0.0,0.0,0.0
2023-08-29 09:30:00-04:00,19.790000915527344,19.8799991607666,19.790000915527344,19.8799991607666,0,0.0,0.0,0.0
2023-08-29 10:30:00-04:00,19.889999389648438,19.889999389648438,19.864999771118164,19.864999771118164,1831,0.0,0.0,0.0
2023-08-29 11:30:00-04:00,19.8700008392334,19.885000228881836,19.8700008392334,19.885000228881836,1407,0.0,0.0,0.0
2023-08-29 12:30:00-04:00,19.88010025024414,19.940000534057617,19.88010025024414,19.940000534057617,8387,0.0,0.0,0.0
2023-08-29 13:30:00-04:00,19.929000854492188,19.93000030517578,19.929000854492188,19.93000030517578,1799,0.0,0.0,0.0
2023-08-29 14:30:00-04:00,19.929000854492188,19.93000030517578,19.920000076293945,19.920000076293945,2056,0.0,0.0,0.0
2023-08-29 15:30:00-04:00,19.92300033569336,19.934999465942383,19.92300033569336,19.934999465942383,0,0.0,0.0,0.0
2023-08-30 09:30:00-04:00,19.950000762939453,19.989900588989258,19.93000030517578,19.985000610351562,24187,0.0,0.0,0.0
2023-08-30 10:30:00-04:00,19.96030044555664,19.979999542236328,19.950000762939453,19.950000762939453,7054,0.0,0.0,0.0
2023-08-30 11:30:00-04:00,19.960100173950195,19.985000610351562,19.959999084472656,19.969999313354492,10246,0.0,0.0,0.0
2023-08-30 12:30:00-04:00,19.95009994506836,19.960100173950195,19.95009994506836,19.959999084472656,652,0.0,0.0,0.0
2023-08-30 13:30:00-04:00,19.950300216674805,19.96500015258789,19.940799713134766,19.941099166870117,5066,0.0,0.0,0.0
2023-08-30 14:30:00-04:00,19.950000762939453,19.950000762939453,19.940000534057617,19.950000762939453,3652,0.0,0.0,0.0
2023-08-30 15:30:00-04:00,19.950000762939453,19.950000762939453,19.93000030517578,19.940000534057617,0,0.0,0.0,0.0
2023-08-31 09:30:00-04:00,19.943700790405273,19.96809959411621,19.943700790405273,19.959999084472656,1631,0.0,0.0,0.0
2023-08-31 10:30:00-04:00,19.954999923706055,19.954999923706055,19.93000030517578,19.93000030517578,912,0.0,0.0,0.0
2023-08-31 11:30:00-04:00,19.94499969482422,19.94499969482422,19.915199279785156,19.915199279785156,601,0.0,0.0,0.0
2023-08-31 12:30:00-04:00,19.921499252319336,19.921499252319336,19.899999618530273,19.920000076293945,2430,0.0,0.0,0.0
2023-08-31 13:30:00-04:00,19.90369987487793,19.915000915527344,19.899999618530273,19.90999984741211,7998,0.0,0.0,0.0
2023-08-31 14:30:00-04:00,19.91950035095215,19.920000076293945,19.915000915527344,19.920000076293945,944,0.0,0.0,0.0
2023-08-31 15:30:00-04:00,19.920000076293945,19.920000076293945,19.915000915527344,19.915000915527344,0,0.0,0.0,0.0
2023-09-01 09:30:00-04:00,20.0,20.010000228881836,19.940099716186523,19.959999084472656,3694,0.0,0.0,0.0
2023-09-01 10:30:00-04:00,19.959999084472656,19.959999084472656,19.93000030517578,19.93950080871582,2898,0.0,0.0,0.0
2023-09-01 11:30:00-04:00,19.93000030517578,19.93000030517578,19.920000076293945,19.920000076293945,9004,0.0,0.0,0.0
2023-09-01 12:30:00-04:00,19.93000030517578,19.934999465942383,19.93000030517578,19.934999465942383,10454,0.0,0.0,0.0
2023-09-01 13:30:00-04:00,19.934999465942383,19.940000534057617,19.93000030517578,19.940000534057617,10901,0.0,0.0,0.0
2023-09-01 14:30:00-04:00,19.940000534057617,19.940000534057617,19.93000030517578,19.940000534057617,1700,0.0,0.0,0.0
2023-09-01 15:30:00-04:00,19.930200576782227,19.969999313354492,19.930200576782227,19.969999313354492,2379,0.0,0.0,0.0
2023-09-05 09:30:00-04:00,19.95989990234375,19.95989990234375,19.86750030517578,19.86750030517578,429,0.0,0.0,0.0
2023-09-05 11:30:00-04:00,19.870399475097656,19.8799991607666,19.857500076293945,19.8799991607666,20468,0.0,0.0,0.0
2023-09-05 12:30:00-04:00,19.871000289916992,19.871000289916992,19.871000289916992,19.871000289916992,1515,0.0,0.0,0.0
2023-09-05 13:30:00-04:00,19.8700008392334,19.8799991607666,19.850000381469727,19.8799991607666,4022,0.0,0.0,0.0
2023-09-05 14:30:00-04:00,19.850000381469727,19.859899520874023,19.81999969482422,19.829999923706055,8686,0.0,0.0,0.0
2023-09-05 15:30:00-04:00,19.84000015258789,19.86989974975586,19.84000015258789,19.84000015258789,5097,0.0,0.0,0.0
2023-09-06 09:30:00-04:00,19.860000610351562,19.860000610351562,19.860000610351562,19.860000610351562,0,0.0,0.0,0.0
2023-09-06 10:30:00-04:00,19.790000915527344,19.809999465942383,19.770000457763672,19.789600372314453,3748,0.0,0.0,0.0
2023-09-06 11:30:00-04:00,19.786100387573242,19.815000534057617,19.75,19.774999618530273,6895,0.0,0.0,0.0
2023-09-06 12:30:00-04:00,19.774999618530273,19.797500610351562,19.760000228881836,19.797500610351562,2902,0.0,0.0,0.0
2023-09-06 13:30:00-04:00,19.790000915527344,19.809999465942383,19.790000915527344,19.799999237060547,5883,0.0,0.0,0.0
2023-09-06 14:30:00-04:00,19.809999465942383,19.809999465942383,19.799999237060547,19.809999465942383,9625,0.0,0.0,0.0
2023-09-06 15:30:00-04:00,19.799999237060547,19.809999465942383,19.795000076293945,19.799999237060547,10155,0.0,0.0,0.0
2023-09-07 09:30:00-04:00,19.799999237060547,19.80500030517578,19.760099411010742,19.80500030517578,11583,0.0,0.0,0.0
2023-09-07 10:30:00-04:00,19.799999237060547,19.809999465942383,19.799999237060547,19.80500030517578,8688,0.0,0.0,0.0
2023-09-07 11:30:00-04:00,19.81999969482422,19.850000381469727,19.81999969482422,19.844999313354492,7511,0.0,0.0,0.0
2023-09-07 12:30:00-04:00,19.844999313354492,19.850000381469727,19.840299606323242,19.844999313354492,6418,0.0,0.0,0.0
2023-09-07 13:30:00-04:00,19.844999313354492,19.844999313354492,19.829999923706055,19.844999313354492,3694,0.0,0.0,0.0
2023-09-07 14:30:00-04:00,19.844999313354492,19.84950065612793,19.829999923706055,19.829999923706055,0,0.0,0.0,0.0
2023-09-07 15:30:00-04:00,19.83989906311035,19.8700008392334,19.83989906311035,19.860000610351562,46089,0.0,0.0,0.0
2023-09-08 09:30:00-04:00,19.850000381469727,19.90999984741211,19.850000381469727,19.90999984741211,0,0.0,0.0,0.0
2023-09-08 10:30:00-04:00,19.90999984741211,19.90999984741211,19.8700008392334,19.8700008392334,1780,0.0,0.0,0.0
2023-09-08 11:30:00-04:00,19.878999710083008,19.899999618530273,19.8700008392334,19.899999618530273,10200,0.0,0.0,0.0
2023-09-08 12:30:00-04:00,19.8799991607666,19.889999389648438,19.860000610351562,19.860000610351562,3322,0.0,0.0,0.0
2023-09-08 13:30:00-04:00,19.860000610351562,19.860000610351562,19.84000015258789,19.84000015258789,335,0.0,0.0,0.0
2023-09-08 14:30:00-04:00,19.840999603271484,19.850000381469727,19.84000015258789,19.84910011291504,9187,0.0,0.0,0.0
2023-09-08 15:30:00-04:00,19.84980010986328,19.850000381469727,19.84000015258789,19.844200134277344,390,0.0,0.0,0.0
2023-09-11 09:30:00-04:00,19.84000015258789,19.8799991607666,19.84000015258789,19.8799991607666,0,0.0,0.0,0.0
2023-09-11 10:30:00-04:00,19.8799991607666,19.8799991607666,19.8700008392334,19.8700008392334,401,0.0,0.0,0.0
2023-09-11 11:30:00-04:00,19.871200561523438,19.8799991607666,19.8700008392334,19.8799991607666,1587,0.0,0.0,0.0
2023-09-11 12:30:00-04:00,19.8700008392334,19.8700008392334,19.8700008392334,19.8700008392334,100,0.0,0.0,0.0
2023-09-11 13:30:00-04:00,19.8700008392334,19.889999389648438,19.8700008392334,19.881099700927734,2585,0.0,0.0,0.0
2023-09-11 14:30:00-04:00,19.8799991607666,19.899900436401367,19.875,19.889999389648438,6478,0.0,0.0,0.0
2023-09-11 15:30:00-04:00,19.883499145507812,19.889999389648438,19.8799991607666,19.880199432373047,0,0.0,0.0,0.0
2023-09-12 09:30:00-04:00,19.8700008392334,19.8700008392334,19.860000610351562,19.860700607299805,12053,0.0,0.0,0.0
2023-09-12 10:30:00-04:00,19.860000610351562,19.8700008392334,19.809999465942383,19.868200302124023,7574,0.0,0.0,0.0
2023-09-12 11:30:00-04:00,19.8700008392334,19.889999389648438,19.86870002746582,19.889999389648438,7426,0.0,0.0,0.0
2023-09-12 12:30:00-04:00,19.889999389648438,19.889999389648438,19.8700008392334,19.8799991607666,66376,0.0,0.0,0.0
2023-09-12 13:30:00-04:00,19.885000228881836,19.889999389648438,19.8700008392334,19.889999389648438,8059,0.0,0.0,0.0
2023-09-12 14:30:00-04:00,19.8799991607666,19.885000228881836,19.8799991607666,19.8799991607666,2417,0.0,0.0,0.0
2023-09-12 15:30:00-04:00,19.875,19.883399963378906,19.875,19.883399963378906,0,0.0,0.0,0.0
2023-09-13 09:30:00-04:00,19.8799991607666,19.8799991607666,19.8799991607666,19.8799991607666,100,0.0,0.0,0.0
2023-09-13 10:30:00-04:00,19.889999389648438,19.899999618530273,19.883499145507812,19.899999618530273,3014,0.0,0.0,0.0
2023-09-13 11:30:00-04:00,19.880199432373047,19.895000457763672,19.880199432373047,19.895000457763672,2872,0.0,0.0,0.0
2023-09-13 12:30:00-04:00,19.895000457763672,19.895000457763672,19.890100479125977,19.895000457763672,5139,0.0,0.0,0.0
2023-09-13 13:30:00-04:00,19.895000457763672,19.895000457763672,19.895000457763672,19.895000457763672,349,0.0,0.0,0.0
2023-09-13 15:30:00-04:00,19.890100479125977,19.899900436401367,19.889999389648438,19.895000457763672,11181,0.0,0.0,0.0
2023-09-14 09:30:00-04:00,19.93000030517578,19.950000762939453,19.93000030517578,19.950000762939453,0,0.0,0.0,0.0
2023-09-14 10:30:00-04:00,19.938100814819336,19.94499969482422,19.93000030517578,19.94499969482422,4267,0.0,0.0,0.0
2023-09-14 11:30:00-04:00,19.950000762939453,19.950000762939453,19.933500289916992,19.940000534057617,2929,0.0,0.0,0.0
2023-09-14 12:30:00-04:00,19.940099716186523,19.940099716186523,19.93000030517578,19.933000564575195,1099,0.0,0.0,0.0
2023-09-14 13:30:00-04:00,19.93199920654297,19.940000534057617,19.920000076293945,19.93000030517578,11072,0.0,0.0,0.0
2023-09-14 14:30:00-04:00,19.90999984741211,19.922500610351562,19.905000686645508,19.920000076293945,8056,0.0,0.0,0.0
2023-09-14 15:30:00-04:00,19.920000076293945,19.934999465942383,19.920000076293945,19.93000030517578,0,0.0,0.0,0.0
2023-09-15 09:30:00-04:00,19.920000076293945,19.929899215698242,19.889999389648438,19.903900146484375,19823,0.0,0.0,0.0
2023-09-15 10:30:00-04:00,19.90999984741211,19.90999984741211,19.860000610351562,19.8700008392334,1985,0.0,0.0,0.0
2023-09-15 11:30:00-04:00,19.8799991607666,19.89080047607422,19.8799991607666,19.889999389648438,5181,0.0,0.0,0.0
2023-09-15 12:30:00-04:00,19.88010025024414,19.88010025024414,19.8799991607666,19.8799991607666,2483,0.0,0.0,0.0
2023-09-15 13:30:00-04:00,19.899999618530273,19.899999618530273,19.8799991607666,19.8799991607666,3758,0.0,0.0,0.0
2023-09-15 14:30:00-04:00,19.899900436401367,19.899900436401367,19.899900436401367,19.899900436401367,386,0.0,0.0,0.0
2023-09-15 15:30:00-04:00,19.8700008392334,19.889999389648438,19.8700008392334,19.8700008392334,4374,0.0,0.0,0.0
2023-09-18 09:30:00-04:00,19.84000015258789,19.860000610351562,19.84000015258789,19.860000610351562,0,0.0,0.0,0.0
2023-09-18 10:30:00-04:00,19.8799991607666,19.899999618530273,19.861299514770508,19.899900436401367,6730,0.0,0.0,0.0
2023-09-18 11:30:00-04:00,19.8799991607666,19.8799991607666,19.8700008392334,19.8700008392334,2943,0.0,0.0,0.0
2023-09-18 12:30:00-04:00,19.8799991607666,19.889999389648438,19.8700008392334,19.8799991607666,4667,0.0,0.0,0.0
2023-09-18 13:30:00-04:00,19.8799991607666,19.8799991607666,19.8700008392334,19.875,1269,0.0,0.0,0.0
2023-09-18 14:30:00-04:00,19.8700008392334,19.876100540161133,19.860000610351562,19.860300064086914,1811,0.0,0.0,0.0
2023-09-18 15:30:00-04:00,19.860000610351562,19.8700008392334,19.860000610351562,19.8700008392334,0,0.0,0.0,0.0
2023-09-19 09:30:00-04:00,19.81999969482422,19.875099182128906,19.81999969482422,19.875099182128906,3413,0.0,0.0,0.0
2023-09-19 10:30:00-04:00,19.84000015258789,19.84469985961914,19.8302001953125,19.84000015258789,2058,0.0,0.0,0.0
2023-09-19 11:30:00-04:00,19.850000381469727,19.860000610351562,19.84000015258789,19.84000015258789,6138,0.0,0.0,0.0
2023-09-19 12:30:00-04:00,19.822599411010742,19.84469985961914,19.81999969482422,19.84469985961914,2217,0.0,0.0,0.0
2023-09-19 13:30:00-04:00,19.850000381469727,19.850000381469727,19.81999969482422,19.81999969482422,2262,0.0,0.0,0.0
2023-09-19 14:30:00-04:00,19.82360076904297,19.83919906616211,19.809999465942383,19.810100555419922,5766,0.0,0.0,0.0
2023-09-19 15:30:00-04:00,19.810300827026367,19.815000534057617,19.809999465942383,19.815000534057617,0,0.0,0.0,0.0
2023-09-20 09:30:00-04:00,19.850000381469727,19.881900787353516,19.850000381469727,19.875,2491,0.0,0.0,0.0
2023-09-20 10:30:00-04:00,19.875,19.8799991607666,19.875,19.875,1323,0.0,0.0,0.0
2023-09-20 11:30:00-04:00,19.8700008392334,19.8700008392334,19.86009979248047,19.86009979248047,3466,0.0,0.0,0.0
2023-09-20 12:30:00-04:00,19.864999771118164,19.8700008392334,19.860000610351562,19.86199951171875,17786,0.0,0.0,0.0
2023-09-20 13:30:00-04:00,19.864999771118164,19.864999771118164,19.825000762939453,19.825000762939453,2377,0.0,0.0,0.0
2023-09-20 14:30:00-04:00,19.860700607299805,19.876300811767578,19.84000015258789,19.84000015258789,10945,0.0,0.0,0.0
2023-09-20 15:30:00-04:00,19.81999969482422,19.83989906311035,19.809999465942383,19.809999465942383,0,0.0,0.0,0.0
2023-09-21 09:30:00-04:00,19.59000015258789,19.59000015258789,19.58009910583496,19.58009910583496,783,0.0,0.0,0.0
2023-09-21 10:30:00-04:00,19.626699447631836,19.626699447631836,19.600000381469727,19.600000381469727,373,0.0,0.0,0.0
2023-09-21 11:30:00-04:00,19.59000015258789,19.600000381469727,19.56999969482422,19.58009910583496,6201,0.0,0.0,0.0
2023-09-21 12:30:00-04:00,19.600000381469727,19.610000610351562,19.600000381469727,19.600000381469727,3100,0.0,0.0,0.0
2023-09-21 13:30:00-04:00,19.610000610351562,19.610000610351562,19.59000015258789,19.59000015258789,1981,0.0,0.0,0.0
2023-09-21 14:30:00-04:00,19.59000015258789,19.59000015258789,19.549999237060547,19.56999969482422,1728,0.0,0.0,0.0
2023-09-21 15:30:00-04:00,19.561599731445312,19.575000762939453,19.55500030517578,19.56999969482422,13431,0.0,0.0,0.0
2023-09-22 09:30:00-04:00,19.610000610351562,19.629899978637695,19.579999923706055,19.629899978637695,0,0.0,0.0,0.0
2023-09-22 10:30:00-04:00,19.6299991607666,19.6299991607666,19.6299991607666,19.6299991607666,212,0.0,0.0,0.0
2023-09-22 11:30:00-04:00,19.65999984741211,19.65999984741211,19.6299991607666,19.6299991607666,1913,0.0,0.0,0.0
2023-09-22 12:30:00-04:00,19.648000717163086,19.648000717163086,19.6299991607666,19.6299991607666,7356,0.0,0.0,0.0
2023-09-22 13:30:00-04:00,19.6200008392334,19.639999389648438,19.600000381469727,19.600000381469727,10069,0.0,0.0,0.0
2023-09-22 14:30:00-04:00,19.600099563598633,19.6200008392334,19.59000015258789,19.600000381469727,3014,0.0,0.0,0.0
2023-09-22 15:30:00-04:00,19.610000610351562,19.6200008392334,19.579999923706055,19.59000015258789,3016,0.0,0.0,0.0
2023-09-25 09:30:00-04:00,19.549999237060547,19.56999969482422,19.549999237060547,19.549999237060547,0,0.0,0.0,0.0
2023-09-25 10:30:00-04:00,19.559999465942383,19.6200008392334,19.540000915527344,19.570100784301758,27090,0.0,0.0,0.0
2023-09-25 11:30:00-04:00,19.570999145507812,19.579999923706055,19.559999465942383,19.579999923706055,11867,0.0,0.0,0.0
2023-09-25 12:30:00-04:00,19.584999084472656,19.584999084472656,19.559999465942383,19.56999969482422,5144,0.0,0.0,0.0
2023-09-25 13:30:00-04:00,19.579999923706055,19.579999923706055,19.559999465942383,19.559999465942383,4520,0.0,0.0,0.0
2023-09-25 14:30:00-04:00,19.559999465942383,19.56999969482422,19.559999465942383,19.559999465942383,600,0.0,0.0,0.0
2023-09-25 15:30:00-04:00,19.559099197387695,19.559999465942383,19.549999237060547,19.559999465942383,955,0.0,0.0,0.0
2023-09-26 09:30:00-04:00,19.520000457763672,19.540000915527344,19.520000457763672,19.530000686645508,0,0.0,0.0,0.0
2023-09-26 10:30:00-04:00,19.530000686645508,19.530000686645508,19.514999389648438,19.514999389648438,438,0.0,0.0,0.0
2023-09-26 11:30:00-04:00,19.510000228881836,19.530000686645508,19.489999771118164,19.5,3964,0.0,0.0,0.0
2023-09-26 12:30:00-04:00,19.5049991607666,19.510000228881836,19.479999542236328,19.499900817871094,8317,0.0,0.0,0.0
2023-09-26 13:30:00-04:00,19.489999771118164,19.489999771118164,19.450000762939453,19.452499389648438,1550,0.0,0.0,0.0
2023-09-26 14:30:00-04:00,19.45009994506836,19.469999313354492,19.450000762939453,19.454999923706055,4395,0.0,0.0,0.0
2023-09-26 15:30:00-04:00,19.450000762939453,19.489999771118164,19.450000762939453,19.469999313354492,0,0.0,0.0,0.0
2023-09-27 09:30:00-04:00,19.530000686645508,19.548200607299805,19.518999099731445,19.524999618530273,3736,0.0,0.0,0.0
2023-09-27 10:30:00-04:00,19.489999771118164,19.5,19.489999771118164,19.5,727,0.0,0.0,0.0
2023-09-27 11:30:00-04:00,19.489999771118164,19.489999771118164,19.479999542236328,19.479999542236328,239,0.0,0.0,0.0
2023-09-27 12:30:00-04:00,19.44230079650879,19.44230079650879,19.43000030517578,19.43000030517578,1337,0.0,0.0,0.0
2023-09-27 13:30:00-04:00,19.43000030517578,19.430099487304688,19.420000076293945,19.429899215698242,10427,0.0,0.0,0.0
2023-09-27 14:30:00-04:00,19.43000030517578,19.469999313354492,19.43000030517578,19.454999923706055,8452,0.0,0.0,0.0
2023-09-27 15:30:00-04:00,19.45949935913086,19.45949935913086,19.424999237060547,19.440000534057617,9319,0.0,0.0,0.0
2023-09-28 09:30:00-04:00,19.40999984741211,19.440000534057617,19.3799991607666,19.440000534057617,11202,0.0,0.0,0.0
2023-09-28 10:30:00-04:00,19.43000030517578,19.459999084472656,19.43000030517578,19.459999084472656,617,0.0,0.0,0.0
2023-09-28 11:30:00-04:00,19.489999771118164,19.510000228881836,19.489999771118164,19.510000228881836,1362,0.0,0.0,0.0
2023-09-28 12:30:00-04:00,19.520000457763672,19.520000457763672,19.510000228881836,19.514999389648438,686,0.0,0.0,0.0
2023-09-28 13:30:00-04:00,19.510499954223633,19.520000457763672,19.510000228881836,19.514999389648438,2098,0.0,0.0,0.0
2023-09-28 14:30:00-04:00,19.520000457763672,19.540700912475586,19.520000457763672,19.540700912475586,2883,0.0,0.0,0.0
2023-09-28 15:30:00-04:00,19.540000915527344,19.549999237060547,19.530000686645508,19.549999237060547,0,0.0,0.0,0.0
2023-09-29 09:30:00-04:00,19.600000381469727,19.610000610351562,19.600000381469727,19.600000381469727,1317,0.0,0.0,0.0
2023-09-29 10:30:00-04:00,19.604999542236328,19.610000610351562,19.59000015258789,19.59000015258789,1433,0.0,0.0,0.0
2023-09-29 11:30:00-04:00,19.597299575805664,19.597299575805664,19.597299575805664,19.597299575805664,542,0.0,0.0,0.0
2023-09-29 12:30:00-04:00,19.588300704956055,19.588300704956055,19.521299362182617,19.532899856567383,31255,0.0,0.0,0.0
2023-09-29 13:30:00-04:00,19.549999237060547,19.549999237060547,19.53190040588379,19.540000915527344,2376,0.0,0.0,0.0
2023-09-29 14:30:00-04:00,19.530000686645508,19.540000915527344,19.510000228881836,19.530099868774414,3439,0.0,0.0,0.0
2023-09-29 15:30:00-04:00,19.549999237060547,19.549999237060547,19.510000228881836,19.520000457763672,2679,0.0,0.0,0.0
2023-10-02 09:30:00-04:00,19.450000762939453,19.469999313354492,19.43000030517578,19.43000030517578,0,0.0,0.0,0.0
2023-10-02 10:30:00-04:00,19.43000030517578,19.450000762939453,19.399999618530273,19.405000686645508,1713,0.0,0.0,0.0
2023-10-02 11:30:00-04:00,19.43400001525879,19.43400001525879,19.399999618530273,19.399999618530273,3212,0.0,0.0,0.0
2023-10-02 12:30:00-04:00,19.399999618530273,19.409900665283203,19.375,19.375,5890,0.0,0.0,0.0
2023-10-02 13:30:00-04:00,19.364999771118164,19.400800704956055,19.364999771118164,19.399999618530273,6153,0.0,0.0,0.0
2023-10-02 14:30:00-04:00,19.399999618530273,19.40999984741211,19.399999618530273,19.399999618530273,9257,0.0,0.0,0.0
2023-10-02 15:30:00-04:00,19.405000686645508,19.405000686645508,19.399999618530273,19.399999618530273,1996,0.0,0.0,0.0
2023-10-03 09:30:00-04:00,19.34000015258789,19.34000015258789,19.34000015258789,19.34000015258789,0,0.0,0.0,0.0
2023-10-03 10:30:00-04:00,19.290000915527344,19.290000915527344,19.260000228881836,19.260000228881836,626,0.0,0.0,0.0
2023-10-03 11:30:00-04:00,19.274999618530273,19.274999618530273,19.274999618530273,19.274999618530273,254,0.0,0.0,0.0
2023-10-03 12:30:00-04:00,19.260000228881836,19.270000457763672,19.22279930114746,19.22279930114746,8234,0.0,0.0,0.0
2023-10-03 13:30:00-04:00,19.225000381469727,19.225000381469727,19.184999465942383,19.190000534057617,8264,0.0,0.0,0.0
2023-10-03 14:30:00-04:00,19.19499969482422,19.19499969482422,19.180099487304688,19.180099487304688,1665,0.0,0.0,0.0
2023-10-03 15:30:00-04:00,19.184999465942383,19.209999084472656,19.184999465942383,19.19659996032715,0,0.0,0.0,0.0
2023-10-04 09:30:00-04:00,19.25,19.25,19.20009994506836,19.20009994506836,2965,0.0,0.0,0.0
2023-10-04 11:30:00-04:00,19.239999771118164,19.239999771118164,19.235000610351562,19.235000610351562,841,0.0,0.0,0.0
2023-10-04 12:30:00-04:00,19.239999771118164,19.2450008392334,19.239999771118164,19.239999771118164,1051,0.0,0.0,0.0
2023-10-04 13:30:00-04:00,19.229999542236328,19.229999542236328,19.225000381469727,19.225000381469727,2150,0.0,0.0,0.0
2023-10-04 14:30:00-04:00,19.225000381469727,19.25,19.225000381469727,19.249399185180664,38899,0.0,0.0,0.0
2023-10-04 15:30:00-04:00,19.2450008392334,19.290000915527344,19.2450008392334,19.270000457763672,0,0.0,0.0,0.0
2023-10-05 09:30:00-04:00,19.260000228881836,19.338300704956055,19.260000228881836,19.31999969482422,16804,0.0,0.0,0.0
2023-10-05 10:30:00-04:00,19.32040023803711,19.32040023803711,19.31999969482422,19.31999969482422,510,0.0,0.0,0.0
2023-10-05 11:30:00-04:00,19.270000457763672,19.270000457763672,19.2549991607666,19.2549991607666,502,0.0,0.0,0.0
2023-10-05 12:30:00-04:00,19.280000686645508,19.295000076293945,19.280000686645508,19.280000686645508,2442,0.0,0.0,0.0
2023-10-05 13:30:00-04:00,19.299999237060547,19.299999237060547,19.296100616455078,19.296100616455078,573,0.0,0.0,0.0
2023-10-05 14:30:00-04:00,19.30069923400879,19.30069923400879,19.29010009765625,19.29010009765625,385,0.0,0.0,0.0
2023-10-05 15:30:00-04:00,19.299999237060547,19.309999465942383,19.299999237060547,19.309999465942383,0,0.0,0.0,0.0
2023-10-06 09:30:00-04:00,19.200000762939453,19.219900131225586,19.190099716186523,19.21179962158203,6037,0.0,0.0,0.0
2023-10-06 10:30:00-04:00,19.225000381469727,19.270099639892578,19.225000381469727,19.270099639892578,4435,0.0,0.0,0.0
2023-10-06 11:30:00-04:00,19.34000015258789,19.34000015258789,19.34000015258789,19.34000015258789,179,0.0,0.0,0.0
2023-10-06 12:30:00-04:00,19.31999969482422,19.329999923706055,19.31089973449707,19.329999923706055,5092,0.0,0.0,0.0
2023-10-06 13:30:00-04:00,19.329999923706055,19.360000610351562,19.329999923706055,19.360000610351562,20825,0.0,0.0,0.0
2023-10-06 14:30:00-04:00,19.364999771118164,19.3700008392334,19.350000381469727,19.350000381469727,1771,0.0,0.0,0.0
2023-10-06 15:30:00-04:00,19.34000015258789,19.360000610351562,19.34000015258789,19.341999053955078,3935,0.0,0.0,0.0
2023-10-09 09:30:00-04:00,19.350000381469727,19.389999389648438,19.350000381469727,19.389999389648438,0,0.0,0.0,0.0
2023-10-09 10:30:00-04:00,19.389999389648438,19.399999618530273,19.385000228881836,19.399999618530273,3079,0.0,0.0,0.0
2023-10-09 11:30:00-04:00,19.40999984741211,19.424999237060547,19.40999984741211,19.424999237060547,2275,0.0,0.0,0.0
2023-10-09 12:30:00-04:00,19.42300033569336,19.43000030517578,19.399999618530273,19.41200065612793,2193,0.0,0.0,0.0
2023-10-09 13:30:00-04:00,19.420000076293945,19.469999313354492,19.420000076293945,19.459999084472656,99620,0.0,0.0,0.0
2023-10-09 14:30:00-04:00,19.459999084472656,19.46809959411621,19.459999084472656,19.460100173950195,2579,0.0,0.0,0.0
2023-10-09 15:30:00-04:00,19.469999313354492,19.469999313354492,19.460899353027344,19.46419906616211,831,0.0,0.0,0.0
2023-10-10 09:30:00-04:00,19.43000030517578,19.43000030517578,19.410499572753906,19.410499572753906,0,0.0,0.0,0.0
2023-10-10 10:30:00-04:00,19.5,19.5,19.450000762939453,19.489999771118164,14197,0.0,0.0,0.0
2023-10-10 11:30:00-04:00,19.479999542236328,19.510000228881836,19.479999542236328,19.4950008392334,7322,0.0,0.0,0.0
2023-10-10 12:30:00-04:00,19.5,19.510000228881836,19.4950008392334,19.4950008392334,1440,0.0,0.0,0.0
2023-10-10 13:30:00-04:00,19.5,19.51099967956543,19.490100860595703,19.5,1454,0.0,0.0,0.0
2023-10-10 14:30:00-04:00,19.5,19.510000228881836,19.479999542236328,19.479999542236328,6933,0.0,0.0,0.0
2023-10-10 15:30:00-04:00,19.489999771118164,19.489999771118164,19.479999542236328,19.479999542236328,5561,0.0,0.0,0.0
2023-10-11 09:30:00-04:00,19.559999465942383,19.559999465942383,19.485000610351562,19.485000610351562,0,0.0,0.0,0.0
2023-10-11 10:30:00-04:00,19.495100021362305,19.519800186157227,19.495100021362305,19.509899139404297,1283,0.0,0.0,0.0
2023-10-11 11:30:00-04:00,19.479999542236328,19.48390007019043,19.440000534057617,19.440000534057617,3068,0.0,0.0,0.0
2023-10-11 13:30:00-04:00,19.420000076293945,19.420000076293945,19.399999618530273,19.40999984741211,2861,0.0,0.0,0.0
2023-10-11 14:30:00-04:00,19.420000076293945,19.479999542236328,19.420000076293945,19.469999313354492,6084,0.0,0.0,0.0
2023-10-11 15:30:00-04:00,19.479999542236328,19.479999542236328,19.46500015258789,19.469999313354492,0,0.0,0.0,0.0
2023-10-12 09:30:00-04:00,19.43000030517578,19.43000030517578,19.43000030517578,19.43000030517578,924,0.0,0.0,0.0
2023-10-12 10:30:00-04:00,19.420000076293945,19.420000076293945,19.399999618530273,19.40999984741211,1090,0.0,0.0,0.0
2023-10-12 11:30:00-04:00,19.42609977722168,19.42609977722168,19.410600662231445,19.410600662231445,545,0.0,0.0,0.0
2023-10-12 12:30:00-04:00,19.44930076599121,19.45989990234375,19.420000076293945,19.42009925842285,4719,0.0,0.0,0.0
2023-10-12 13:30:00-04:00,19.389999389648438,19.389999389648438,19.350400924682617,19.350400924682617,306,0.0,0.0,0.0
2023-10-12 14:30:00-04:00,19.360000610351562,19.38990020751953,19.329999923706055,19.36590003967285,8498,0.0,0.0,0.0
2023-10-12 15:30:00-04:00,19.385000228881836,19.409500122070312,19.360000610351562,19.360000610351562,7843,0.0,0.0,0.0
2023-10-13 09:30:00-04:00,19.399999618530273,19.47249984741211,19.399999618530273,19.47249984741211,0,0.0,0.0,0.0
2023-10-13 10:30:00-04:00,19.45009994506836,19.45009994506836,19.43000030517578,19.43000030517578,1898,0.0,0.0,0.0
2023-10-13 11:30:00-04:00,19.435300827026367,19.435300827026367,19.400100708007812,19.400100708007812,1315,0.0,0.0,0.0
2023-10-13 12:30:00-04:00,19.40999984741211,19.420000076293945,19.389999389648438,19.389999389648438,6686,0.0,0.0,0.0
2023-10-13 13:30:00-04:00,19.385000228881836,19.385000228881836,19.360000610351562,19.360000610351562,1172,0.0,0.0,0.0
2023-10-13 14:30:00-04:00,19.38920021057129,19.38920021057129,19.350000381469727,19.358200073242188,7272,0.0,0.0,0.0
2023-10-13 15:30:00-04:00,19.364299774169922,19.364299774169922,19.329999923706055,19.336000442504883,2270,0.0,0.0,0.0
2023-10-16 09:30:00-04:00,19.350000381469727,19.350000381469727,19.344999313354492,19.344999313354492,0,0.0,0.0,0.0
2023-10-16 10:30:00-04:00,19.3700008392334,19.389999389648438,19.3700008392334,19.389999389648438,5178,0.0,0.0,0.0
2023-10-16 11:30:00-04:00,19.3799991607666,19.3799991607666,19.36400032043457,19.364999771118164,6835,0.0,0.0,0.0
2023-10-16 12:30:00-04:00,19.350000381469727,19.379899978637695,19.350000381469727,19.379899978637695,253,0.0,0.0,0.0
2023-10-16 13:30:00-04:00,19.36989974975586,19.36989974975586,19.34000015258789,19.340099334716797,4094,0.0,0.0,0.0
2023-10-16 14:30:00-04:00,19.34000015258789,19.357999801635742,19.31999969482422,19.329999923706055,3758,0.0,0.0,0.0
2023-10-16 15:30:00-04:00,19.329999923706055,19.3700008392334,19.329999923706055,19.341999053955078,6382,0.0,0.0,0.0
2023-10-17 09:30:00-04:00,19.270000457763672,19.270000457763672,19.250999450683594,19.250999450683594,0,0.0,0.0,0.0
2023-10-17 10:30:00-04:00,19.280000686645508,19.309900283813477,19.274999618530273,19.274999618530273,5000,0.0,0.0,0.0
2023-10-17 11:30:00-04:00,19.29199981689453,19.335500717163086,19.290000915527344,19.309999465942383,13982,0.0,0.0,0.0
2023-10-17 12:30:00-04:00,19.299100875854492,19.299100875854492,19.270000457763672,19.270000457763672,6875,0.0,0.0,0.0
2023-10-17 13:30:00-04:00,19.2549991607666,19.2549991607666,19.240100860595703,19.240299224853516,1172,0.0,0.0,0.0
2023-10-17 14:30:00-04:00,19.260000228881836,19.260000228881836,19.25,19.251800537109375,5251,0.0,0.0,0.0
2023-10-17 15:30:00-04:00,19.270000457763672,19.29990005493164,19.260000228881836,19.260000228881836,4170,0.0,0.0,0.0
2023-10-18 09:30:00-04:00,19.190000534057617,19.290000915527344,19.190000534057617,19.270000457763672,0,0.0,0.0,0.0
2023-10-18 10:30:00-04:00,19.25,19.25,19.20800018310547,19.211000442504883,1108,0.0,0.0,0.0
2023-10-18 11:30:00-04:00,19.200000762939453,19.214500427246094,19.18000030517578,19.209999084472656,4950,0.0,0.0,0.0
2023-10-18 12:30:00-04:00,19.200000762939453,19.22920036315918,19.190000534057617,19.225000381469727,6798,0.0,0.0,0.0
2023-10-18 13:30:00-04:00,19.225000381469727,19.235000610351562,19.219999313354492,19.235000610351562,3754,0.0,0.0,0.0
2023-10-18 14:30:00-04:00,19.209999084472656,19.209999084472656,19.200000762939453,19.200000762939453,2686,0.0,0.0,0.0
2023-10-18 15:30:00-04:00,19.170000076293945,19.170000076293945,19.15999984741211,19.15999984741211,12708,0.0,0.0,0.0
2023-10-19 09:30:00-04:00,19.200000762939453,19.200000762939453,19.18000030517578,19.200000762939453,4067,0.0,0.0,0.0
2023-10-19 10:30:00-04:00,19.184999465942383,19.184999465942383,19.184999465942383,19.184999465942383,864,0.0,0.0,0.0
2023-10-19 11:30:00-04:00,19.184999465942383,19.260000228881836,19.184999465942383,19.225900650024414,5116,0.0,0.0,0.0
2023-10-19 12:30:00-04:00,19.190000534057617,19.25,19.18000030517578,19.209999084472656,5702,0.0,0.0,0.0
2023-10-19 13:30:00-04:00,19.209999084472656,19.209999084472656,19.18000030517578,19.200000762939453,12954,0.0,0.0,0.0
2023-10-19 14:30:00-04:00,19.18000030517578,19.180099487304688,19.1299991607666,19.1299991607666,3035,0.0,0.0,0.0
2023-10-19 15:30:00-04:00,19.13990020751953,19.149900436401367,19.1200008392334,19.124500274658203,8900,0.0,0.0,0.0
2023-10-20 09:30:00-04:00,19.1200008392334,19.16819953918457,19.114999771118164,19.13010025024414,0,0.0,0.0,0.0
2023-10-20 10:30:00-04:00,19.139999389648438,19.139999389648438,19.139999389648438,19.139999389648438,300,0.0,0.0,0.0
2023-10-20 11:30:00-04:00,19.125,19.139999389648438,19.1200008392334,19.1299991607666,4410,0.0,0.0,0.0
2023-10-20 12:30:00-04:00,19.131799697875977,19.139999389648438,19.1299991607666,19.1299991607666,1421,0.0,0.0,0.0
2023-10-20 13:30:00-04:00,19.149999618530273,19.149999618530273,19.139999389648438,19.145000457763672,1595,0.0,0.0,0.0
2023-10-20 14:30:00-04:00,19.139999389648438,19.179899215698242,19.139999389648438,19.15999984741211,15734,0.0,0.0,0.0
2023-10-23 09:30:00-04:00,19.049999237060547,19.190000534057617,19.049999237060547,19.190000534057617,0,0.0,0.0,0.0
2023-10-23 10:30:00-04:00,19.163299560546875,19.19499969482422,19.15999984741211,19.19499969482422,1892,0.0,0.0,0.0
2023-10-23 11:30:00-04:00,19.19499969482422,19.19499969482422,19.190000534057617,19.19499969482422,918,0.0,0.0,0.0
2023-10-23 12:30:00-04:00,19.199899673461914,19.299999237060547,19.191999435424805,19.239999771118164,5694,0.0,0.0,0.0
2023-10-23 13:30:00-04:00,19.25,19.25,19.2450008392334,19.2450008392334,1064,0.0,0.0,0.0
2023-10-23 14:30:00-04:00,19.220399856567383,19.235000610351562,19.209999084472656,19.213899612426758,5252,0.0,0.0,0.0
2023-10-23 15:30:00-04:00,19.19499969482422,19.204999923706055,19.190000534057617,19.19499969482422,4004,0.0,0.0,0.0
2023-10-24 09:30:00-04:00,19.25,19.29990005493164,19.25,19.280000686645508,0,0.0,0.0,0.0
2023-10-24 10:30:00-04:00,19.280000686645508,19.280000686645508,19.260000228881836,19.260000228881836,1441,0.0,0.0,0.0
2023-10-24 11:30:00-04:00,19.260000228881836,19.270200729370117,19.260000228881836,19.270200729370117,984,0.0,0.0,0.0
2023-10-24 12:30:00-04:00,19.270000457763672,19.270000457763672,19.270000457763672,19.270000457763672,573,0.0,0.0,0.0
2023-10-24 13:30:00-04:00,19.264999389648438,19.299999237060547,19.264999389648438,19.288000106811523,1763,0.0,0.0,0.0
2023-10-24 14:30:00-04:00,19.28019905090332,19.29199981689453,19.28019905090332,19.290000915527344,1476,0.0,0.0,0.0
2023-10-24 15:30:00-04:00,19.309999465942383,19.34000015258789,19.299999237060547,19.312999725341797,0,0.0,0.0,0.0
2023-10-25 09:30:00-04:00,19.280000686645508,19.280000686645508,19.264999389648438,19.264999389648438,307,0.0,0.0,0.0
2023-10-25 10:30:00-04:00,19.2549991607666,19.256000518798828,19.2549991607666,19.256000518798828,2065,0.0,0.0,0.0
2023-10-25 11:30:00-04:00,19.25,19.260000228881836,19.25,19.25,1173,0.0,0.0,0.0
2023-10-25 12:30:00-04:00,19.229999542236328,19.25950050354004,19.200000762939453,19.229999542236328,15319,0.0,0.0,0.0
2023-10-25 13:30:00-04:00,19.21500015258789,19.21500015258789,19.190000534057617,19.200000762939453,6268,0.0,0.0,0.0
2023-10-25 14:30:00-04:00,19.200000762939453,19.20989990234375,19.190000534057617,19.190000534057617,12454,0.0,0.0,0.0
2023-10-25 15:30:00-04:00,19.209299087524414,19.209999084472656,19.190000534057617,19.190099716186523,4794,0.0,0.0,0.0
2023-10-26 09:30:00-04:00,19.09000015258789,19.101900100708008,19.06999969482422,19.079999923706055,0,0.0,0.0,0.0
2023-10-26 10:30:00-04:00,19.079999923706055,19.100000381469727,19.060100555419922,19.06999969482422,9717,0.0,0.0,0.0
2023-10-26 11:30:00-04:00,19.08989906311035,19.09000015258789,19.06999969482422,19.06999969482422,2552,0.0,0.0,0.0
2023-10-26 12:30:00-04:00,19.079999923706055,19.079999923706055,19.059999465942383,19.075000762939453,1387,0.0,0.0,0.0
2023-10-26 13:30:00-04:00,19.075000762939453,19.075000762939453,19.06999969482422,19.06999969482422,2024,0.0,0.0,0.0
2023-10-26 14:30:00-04:00,19.075000762939453,19.079999923706055,19.071500778198242,19.075000762939453,7025,0.0,0.0,0.0
2023-10-26 15:30:00-04:00,19.075000762939453,19.079999923706055,19.075000762939453,19.075000762939453,4860,0.0,0.0,0.0
2023-10-27 09:30:00-04:00,19.149999618530273,19.179899215698242,19.120800018310547,19.120800018310547,2003,0.0,0.0,0.0
2023-10-27 10:30:00-04:00,19.149999618530273,19.149999618530273,19.130599975585938,19.145000457763672,1361,0.0,0.0,0.0
2023-10-27 11:30:00-04:00,19.145000457763672,19.14940071105957,19.11009979248047,19.1200008392334,4293,0.0,0.0,0.0
2023-10-27 12:30:00-04:00,19.090099334716797,19.11989974975586,19.09000015258789,19.100000381469727,13388,0.0,0.0,0.0
2023-10-27 13:30:00-04:00,19.065000534057617,19.108299255371094,19.065000534057617,19.075000762939453,7187,0.0,0.0,0.0
2023-10-27 14:30:00-04:00,19.07670021057129,19.11910057067871,19.06999969482422,19.082000732421875,6200,0.0,0.0,0.0
2023-10-27 15:30:00-04:00,19.094200134277344,19.094200134277344,19.094200134277344,19.094200134277344,488,0.0,0.0,0.0
2023-10-30 09:30:00-04:00,19.100000381469727,19.1299991607666,19.100000381469727,19.104999542236328,0,0.0,0.0,0.0
2023-10-30 10:30:00-04:00,19.104999542236328,19.104999542236328,19.070100784301758,19.100000381469727,6241,0.0,0.0,0.0
2023-10-30 11:30:00-04:00,19.090299606323242,19.125,19.090299606323242,19.114999771118164,1109,0.0,0.0,0.0
2023-10-30 12:30:00-04:00,19.129899978637695,19.129899978637695,19.070999145507812,19.11910057067871,3339,0.0,0.0,0.0
2023-10-30 13:30:00-04:00,19.1200008392334,19.1299991607666,19.114999771118164,19.114999771118164,1129,0.0,0.0,0.0
2023-10-30 14:30:00-04:00,19.114999771118164,19.157400131225586,19.114999771118164,19.157400131225586,2322,0.0,0.0,0.0
2023-10-30 15:30:00-04:00,19.111000061035156,19.1200008392334,19.09000015258789,19.100000381469727,6467,0.0,0.0,0.0
2023-10-31 09:30:00-04:00,19.079999923706055,19.155000686645508,19.079999923706055,19.155000686645508,0,0.0,0.0,0.0
2023-10-31 10:30:00-04:00,19.15250015258789,19.209999084472656,19.15250015258789,19.209999084472656,2190,0.0,0.0,0.0
2023-10-31 12:30:00-04:00,19.174999237060547,19.209999084472656,19.170000076293945,19.209999084472656,6508,0.0,0.0,0.0
2023-10-31 13:30:00-04:00,19.200000762939453,19.22949981689453,19.190000534057617,19.190000534057617,3572,0.0,0.0,0.0
2023-10-31 14:30:00-04:00,19.204999923706055,19.209999084472656,19.18000030517578,19.180099487304688,4808,0.0,0.0,0.0
2023-10-31 15:30:00-04:00,19.17009925842285,19.200000762939453,19.149999618530273,19.149999618530273,0,0.0,0.0,0.0
2023-11-01 09:30:00-04:00,19.18000030517578,19.219999313354492,19.18000030517578,19.219999313354492,4026,0.0,0.0,0.0
2023-11-01 10:30:00-04:00,19.2450008392334,19.25,19.239999771118164,19.2450008392334,2673,0.0,0.0,0.0
2023-11-01 11:30:00-04:00,19.229999542236328,19.235000610351562,19.229999542236328,19.235000610351562,2514,0.0,0.0,0.0
2023-11-01 12:30:00-04:00,19.229999542236328,19.25,19.229999542236328,19.25,5138,0.0,0.0,0.0
2023-11-01 13:30:00-04:00,19.25,19.280000686645508,19.25,19.260000228881836,2868,0.0,0.0,0.0
2023-11-01 14:30:00-04:00,19.270000457763672,19.329999923706055,19.250499725341797,19.309999465942383,4222,0.0,0.0,0.0
2023-11-01 15:30:00-04:00,19.309999465942383,19.31999969482422,19.309999465942383,19.31999969482422,0,0.0,0.0,0.0
2023-11-02 09:30:00-04:00,19.40999984741211,19.559900283813477,19.40999984741211,19.559900283813477,17252,0.0,0.0,0.0
2023-11-02 10:30:00-04:00,19.559999465942383,19.579999923706055,19.530000686645508,19.530000686645508,5823,0.0,0.0,0.0
2023-11-02 11:30:00-04:00,19.530099868774414,19.540000915527344,19.490100860595703,19.5,9088,0.0,0.0,0.0
2023-11-02 12:30:00-04:00,19.517000198364258,19.520000457763672,19.5,19.5,1550,0.0,0.0,0.0
2023-11-02 13:30:00-04:00,19.510099411010742,19.530000686645508,19.5,19.5,17287,0.0,0.0,0.0
2023-11-02 14:30:00-04:00,19.500099182128906,19.530000686645508,19.500099182128906,19.524999618530273,8951,0.0,0.0,0.0
2023-11-02 15:30:00-04:00,19.530000686645508,19.53700065612793,19.524999618530273,19.53510093688965,1638,0.0,0.0,0.0
2023-11-03 09:30:00-04:00,19.670000076293945,19.700000762939453,19.670000076293945,19.700000762939453,0,0.0,0.0,0.0
2023-11-03 10:30:00-04:00,19.649999618530273,19.68000030517578,19.639999389648438,19.65999984741211,4924,0.0,0.0,0.0
2023-11-03 11:30:00-04:00,19.670000076293945,19.719999313354492,19.670000076293945,19.680099487304688,6841,0.0,0.0,0.0
2023-11-03 12:30:00-04:00,19.68000030517578,19.701000213623047,19.68000030517578,19.690000534057617,5030,0.0,0.0,0.0
2023-11-03 14:30:00-04:00,19.700000762939453,19.760000228881836,19.700000762939453,19.75,8457,0.0,0.0,0.0
2023-11-03 15:30:00-04:00,19.739999771118164,19.78700065612793,19.739999771118164,19.75,6994,0.0,0.0,0.0
2023-11-06 09:30:00-05:00,19.690000534057617,19.729900360107422,19.690000534057617,19.7101993560791,0,0.0,0.0,0.0
2023-11-06 10:30:00-05:00,19.710100173950195,19.710100173950195,19.710100173950195,19.710100173950195,279,0.0,0.0,0.0
2023-11-06 11:30:00-05:00,19.715499877929688,19.74530029296875,19.690000534057617,19.691999435424805,41387,0.0,0.0,0.0
2023-11-06 12:30:00-05:00,19.703899383544922,19.703899383544922,19.67009925842285,19.699800491333008,6390,0.0,0.0,0.0
2023-11-06 13:30:00-05:00,19.645999908447266,19.649999618530273,19.639999389648438,19.640300750732422,790,0.0,0.0,0.0
2023-11-06 14:30:00-05:00,19.670000076293945,19.68000030517578,19.643299102783203,19.643299102783203,3129,0.0,0.0,0.0
2023-11-06 15:30:00-05:00,19.68000030517578,19.68000030517578,19.649999618530273,19.649999618530273,3813,0.0,0.0,0.0
2023-11-07 09:30:00-05:00,19.600000381469727,19.639400482177734,19.600000381469727,19.639400482177734,0,0.0,0.0,0.0
2023-11-07 10:30:00-05:00,19.635000228881836,19.635000228881836,19.63010025024414,19.63010025024414,759,0.0,0.0,0.0
2023-11-07 11:30:00-05:00,19.63789939880371,19.63789939880371,19.6299991607666,19.630300521850586,3061,0.0,0.0,0.0
2023-11-07 12:30:00-05:00,19.639999389648438,19.639999389648438,19.63010025024414,19.639999389648438,3698,0.0,0.0,0.0
2023-11-07 13:30:00-05:00,19.639999389648438,19.700000762939453,19.639999389648438,19.700000762939453,5427,0.0,0.0,0.0
2023-11-07 14:30:00-05:00,19.665000915527344,19.665000915527344,19.640100479125977,19.640100479125977,9083,0.0,0.0,0.0
2023-11-07 15:30:00-05:00,19.660999298095703,19.662200927734375,19.65999984741211,19.662200927734375,202,0.0,0.0,0.0
2023-11-08 09:30:00-05:00,19.6299991607666,19.690000534057617,19.6299991607666,19.66010093688965,0,0.0,0.0,0.0
2023-11-08 10:30:00-05:00,19.670000076293945,19.67889976501465,19.670000076293945,19.67889976501465,6126,0.0,0.0,0.0
2023-11-08 11:30:00-05:00,19.65019989013672,19.665000915527344,19.649999618530273,19.649999618530273,2627,0.0,0.0,0.0
2023-11-08 12:30:00-05:00,19.649999618530273,19.65999984741211,19.649999618530273,19.65999984741211,1537,0.0,0.0,0.0
2023-11-08 13:30:00-05:00,19.669200897216797,19.690000534057617,19.649999618530273,19.650100708007812,7726,0.0,0.0,0.0
2023-11-08 14:30:00-05:00,19.650100708007812,19.65999984741211,19.650100708007812,19.650100708007812,2286,0.0,0.0,0.0
2023-11-08 15:30:00-05:00,19.65999984741211,19.699899673461914,19.649999618530273,19.649999618530273,10273,0.0,0.0,0.0
2023-11-09 09:30:00-05:00,19.6299991607666,19.670000076293945,19.6299991607666,19.66990089416504,0,0.0,0.0,0.0
2023-11-09 10:30:00-05:00,19.610000610351562,19.625,19.610000610351562,19.625,1921,0.0,0.0,0.0
2023-11-09 11:30:00-05:00,19.63010025024414,19.63010025024414,19.63010025024414,19.63010025024414,3234,0.0,0.0,0.0
2023-11-09 12:30:00-05:00,19.636999130249023,19.636999130249023,19.609800338745117,19.6299991607666,1994,0.0,0.0,0.0
2023-11-09 13:30:00-05:00,19.63920021057129,19.63920021057129,19.5939998626709,19.59980010986328,502,0.0,0.0,0.0
2023-11-09 14:30:00-05:00,19.556499481201172,19.556499481201172,19.55500030517578,19.55500030517578,0,0.0,0.0,0.0
2023-11-10 09:30:00-05:00,19.56999969482422,19.610000610351562,19.56999969482422,19.604999542236328,2877,0.0,0.0,0.0
2023-11-10 10:30:00-05:00,19.590200424194336,19.614999771118164,19.590200424194336,19.614999771118164,3121,0.0,0.0,0.0
2023-11-10 11:30:00-05:00,19.6200008392334,19.6299991607666,19.610000610351562,19.610000610351562,7145,0.0,0.0,0.0
2023-11-10 12:30:00-05:00,19.61039924621582,19.63960075378418,19.61009979248047,19.61009979248047,4776,0.0,0.0,0.0
2023-11-10 13:30:00-05:00,19.61009979248047,19.639999389648438,19.61009979248047,19.620100021362305,2875,0.0,0.0,0.0
2023-11-10 14:30:00-05:00,19.635700225830078,19.649999618530273,19.635000228881836,19.649999618530273,4681,0.0,0.0,0.0
2023-11-10 15:30:00-05:00,19.63010025024414,19.649099349975586,19.6299991607666,19.64550018310547,1760,0.0,0.0,0.0
2023-11-13 10:30:00-05:00,19.604999542236328,19.61370086669922,19.60449981689453,19.610000610351562,4467,0.0,0.0,0.0
2023-11-13 11:30:00-05:00,19.659900665283203,19.659900665283203,19.600000381469727,19.649999618530273,5048,0.0,0.0,0.0
2023-11-13 12:30:00-05:00,19.6299991607666,19.6299991607666,19.61009979248047,19.61009979248047,1979,0.0,0.0,0.0
2023-11-13 13:30:00-05:00,19.610000610351562,19.6200008392334,19.610000610351562,19.61669921875,725,0.0,0.0,0.0
2023-11-13 14:30:00-05:00,19.610000610351562,19.619400024414062,19.59000015258789,19.59000015258789,8906,0.0,0.0,0.0
2023-11-13 15:30:00-05:00,19.600000381469727,19.600200653076172,19.590099334716797,19.600200653076172,2815,0.0,0.0,0.0
2023-11-14 09:30:00-05:00,19.790000915527344,19.830699920654297,19.790000915527344,19.81060028076172,0,0.0,0.0,0.0
2023-11-14 10:30:00-05:00,19.84000015258789,19.844600677490234,19.829999923706055,19.844600677490234,3274,0.0,0.0,0.0
2023-11-14 11:30:00-05:00,19.84000015258789,19.84000015258789,19.81999969482422,19.820100784301758,1823,0.0,0.0,0.0
2023-11-14 12:30:00-05:00,19.834999084472656,19.847299575805664,19.81999969482422,19.847299575805664,3223,0.0,0.0,0.0
2023-11-14 13:30:00-05:00,19.844999313354492,19.850000381469727,19.831600189208984,19.850000381469727,3322,0.0,0.0,0.0
2023-11-14 14:30:00-05:00,19.840200424194336,19.854999542236328,19.84000015258789,19.850000381469727,5077,0.0,0.0,0.0
2023-11-14 15:30:00-05:00,19.844999313354492,19.844999313354492,19.81999969482422,19.836999893188477,0,0.0,0.0,0.0
2023-11-15 09:30:00-05:00,19.849899291992188,19.849899291992188,19.770299911499023,19.780000686645508,2722,0.0,0.0,0.0
2023-11-15 10:30:00-05:00,19.780000686645508,19.789400100708008,19.777700424194336,19.789400100708008,2250,0.0,0.0,0.0
2023-11-15 11:30:00-05:00,19.760000228881836,19.760000228881836,19.75,19.75,3063,0.0,0.0,0.0
2023-11-15 12:30:00-05:00,19.760000228881836,19.760000228881836,19.739999771118164,19.739999771118164,1140,0.0,0.0,0.0
2023-11-15 13:30:00-05:00,19.75830078125,19.760000228881836,19.739999771118164,19.75,18036,0.0,0.0,0.0
2023-11-15 14:30:00-05:00,19.75,19.760000228881836,19.719999313354492,19.729999542236328,12037,0.0,0.0,0.0
2023-11-15 15:30:00-05:00,19.749900817871094,19.749900817871094,19.719999313354492,19.735000610351562,15508,0.0,0.0,0.0
2023-11-16 09:30:00-05:00,19.75,19.790000915527344,19.75,19.790000915527344,0,0.0,0.0,0.0
2023-11-16 10:30:00-05:00,19.799999237060547,19.799999237060547,19.799999237060547,19.799999237060547,410,0.0,0.0,0.0
2023-11-16 11:30:00-05:00,19.75629997253418,19.780000686645508,19.739999771118164,19.763999938964844,11459,0.0,0.0,0.0
2023-11-16 12:30:00-05:00,19.760000228881836,19.77989959716797,19.760000228881836,19.77989959716797,1085,0.0,0.0,0.0
2023-11-16 13:30:00-05:00,19.77630043029785,19.77630043029785,19.750699996948242,19.750699996948242,755,0.0,0.0,0.0
2023-11-16 14:30:00-05:00,19.750600814819336,19.760099411010742,19.739999771118164,19.749900817871094,9941,0.0,0.0,0.0
2023-11-16 15:30:00-05:00,19.7450008392334,19.770000457763672,19.739999771118164,19.770000457763672,4206,0.0,0.0,0.0
2023-11-17 09:30:00-05:00,19.75,19.774999618530273,19.75,19.770099639892578,0,0.0,0.0,0.0
2023-11-17 10:30:00-05:00,19.78499984741211,19.799999237060547,19.770099639892578,19.770099639892578,6738,0.0,0.0,0.0
2023-11-17 11:30:00-05:00,19.780000686645508,19.809999465942383,19.770000457763672,19.809999465942383,17130,0.0,0.0,0.0
2023-11-17 12:30:00-05:00,19.799999237060547,19.84000015258789,19.798799514770508,19.84000015258789,6948,0.0,0.0,0.0
2023-11-17 13:30:00-05:00,19.81999969482422,19.829999923706055,19.799999237060547,19.81999969482422,6682,0.0,0.0,0.0
2023-11-17 14:30:00-05:00,19.81999969482422,19.850000381469727,19.809999465942383,19.850000381469727,23227,0.0,0.0,0.0
2023-11-17 15:30:00-05:00,19.84000015258789,19.849899291992188,19.810100555419922,19.810100555419922,4253,0.0,0.0,0.0
2023-11-20 09:30:00-05:00,19.850000381469727,19.850000381469727,19.834999084472656,19.834999084472656,885,0.0,0.0,0.0
2023-11-20 10:30:00-05:00,19.8125,19.81999969482422,19.8125,19.81999969482422,988,0.0,0.0,0.0
2023-11-20 11:30:00-05:00,19.818500518798828,19.84000015258789,19.818500518798828,19.84000015258789,4388,0.0,0.0,0.0
2023-11-20 12:30:00-05:00,19.834999084472656,19.889999389648438,19.834999084472656,19.889999389648438,5546,0.0,0.0,0.0
2023-11-20 13:30:00-05:00,19.8700008392334,19.8799991607666,19.860000610351562,19.863500595092773,3519,0.0,0.0,0.0
2023-11-20 14:30:00-05:00,19.860000610351562,19.881900787353516,19.860000610351562,19.8700008392334,1508,0.0,0.0,0.0
2023-11-20 15:30:00-05:00,19.860000610351562,19.8700008392334,19.850000381469727,19.850099563598633,0,0.0,0.0,0.0
2023-11-21 09:30:00-05:00,19.83009910583496,19.861000061035156,19.83009910583496,19.850000381469727,11477,0.0,0.0,0.0
2023-11-21 10:30:00-05:00,19.854999542236328,19.854999542236328,19.84000015258789,19.844999313354492,3079,0.0,0.0,0.0
2023-11-21 11:30:00-05:00,19.844999313354492,19.850000381469727,19.84000015258789,19.844999313354492,2395,0.0,0.0,0.0
2023-11-21 12:30:00-05:00,19.844999313354492,19.850000381469727,19.84000015258789,19.84000015258789,9028,0.0,0.0,0.0
2023-11-21 13:30:00-05:00,19.840200424194336,19.844999313354492,19.84000015258789,19.844999313354492,10445,0.0,0.0,0.0
2023-11-21 14:30:00-05:00,19.844999313354492,19.844999313354492,19.84000015258789,19.844999313354492,4774,0.0,0.0,0.0
2023-11-21 15:30:00-05:00,19.844999313354492,19.850000381469727,19.84000015258789,19.850000381469727,0,0.0,0.0,0.0
2023-11-22 09:30:00-05:00,19.770000457763672,19.799999237060547,19.760000228881836,19.769500732421875,2152,0.0,0.0,0.0
2023-11-22 10:30:00-05:00,19.760099411010742,19.785999298095703,19.760099411010742,19.785999298095703,1833,0.0,0.0,0.0
2023-11-22 11:30:00-05:00,19.80970001220703,19.81999969482422,19.78499984741211,19.78499984741211,3972,0.0,0.0,0.0
2023-11-22 13:30:00-05:00,19.799999237060547,19.829999923706055,19.799999237060547,19.829999923706055,17759,0.0,0.0,0.0
2023-11-22 15:30:00-05:00,19.825000762939453,19.825000762939453,19.799999237060547,19.799999237060547,220,0.0,0.0,0.0
2023-11-24 09:30:00-05:00,19.770000457763672,19.790000915527344,19.770000457763672,19.780899047851562,0,0.0,0.0,0.0
2023-11-24 10:30:00-05:00,19.780099868774414,19.780099868774414,19.780099868774414,19.780099868774414,342,0.0,0.0,0.0
2023-11-24 11:30:00-05:00,19.780099868774414,19.799999237060547,19.780000686645508,19.780099868774414,6936,0.0,0.0,0.0
2023-11-24 12:30:00-05:00,19.795000076293945,19.795000076293945,19.795000076293945,19.795000076293945,0,0.0,0.0,0.0
2023-11-27 09:30:00-05:00,19.809999465942383,19.809999465942383,19.780099868774414,19.809999465942383,1226,0.0,0.0,0.0
2023-11-27 10:30:00-05:00,19.809900283813477,19.81999969482422,19.790000915527344,19.80500030517578,2057,0.0,0.0,0.0
2023-11-27 11:30:00-05:00,19.81999969482422,19.829999923706055,19.815000534057617,19.81999969482422,781,0.0,0.0,0.0
2023-11-27 12:30:00-05:00,19.829999923706055,19.829999923706055,19.809999465942383,19.810100555419922,8956,0.0,0.0,0.0
2023-11-27 13:30:00-05:00,19.81999969482422,19.81999969482422,19.809999465942383,19.815000534057617,1232,0.0,0.0,0.0
2023-11-27 14:30:00-05:00,19.810100555419922,19.850000381469727,19.809999465942383,19.850000381469727,4901,0.0,0.0,0.0
2023-11-27 15:30:00-05:00,19.83009910583496,19.850000381469727,19.81999969482422,19.824499130249023,15710,0.0,0.0,0.0
2023-11-28 09:30:00-05:00,19.81999969482422,19.81999969482422,19.799999237060547,19.819900512695312,0,0.0,0.0,0.0
2023-11-28 10:30:00-05:00,19.81999969482422,19.850000381469727,19.812999725341797,19.84000015258789,10653,0.0,0.0,0.0
2023-11-28 11:30:00-05:00,19.829999923706055,19.8700008392334,19.829999923706055,19.850000381469727,7857,0.0,0.0,0.0
2023-11-28 12:30:00-05:00,19.84000015258789,19.860000610351562,19.84000015258789,19.84000015258789,5615,0.0,0.0,0.0
2023-11-28 13:30:00-05:00,19.850000381469727,19.8700008392334,19.84000015258789,19.8700008392334,3320,0.0,0.0,0.0
2023-11-28 14:30:00-05:00,19.870100021362305,19.903099060058594,19.8700008392334,19.889999389648438,9432,0.0,0.0,0.0
2023-11-28 15:30:00-05:00,19.890100479125977,19.920000076293945,19.889999389648438,19.894800186157227,6378,0.0,0.0,0.0
2023-11-29 09:30:00-05:00,19.989999771118164,20.043800354003906,19.979999542236328,20.0049991607666,0,0.0,0.0,0.0
2023-11-29 10:30:00-05:00,20.020000457763672,20.020000457763672,19.989999771118164,20.0,2408,0.0,0.0,0.0
2023-11-29 11:30:00-05:00,19.97010040283203,19.999900817871094,19.97010040283203,19.994199752807617,2949,0.0,0.0,0.0
2023-11-29 12:30:00-05:00,20.000099182128906,20.020000457763672,20.000099182128906,20.010099411010742,4047,0.0,0.0,0.0
2023-11-29 13:30:00-05:00,20.014999389648438,20.040000915527344,20.010000228881836,20.030000686645508,8203,0.0,0.0,0.0
2023-11-29 14:30:00-05:00,20.02050018310547,20.030000686645508,20.010000228881836,20.020000457763672,7479,0.0,0.0,0.0
2023-11-29 15:30:00-05:00,20.0,20.0,20.0,20.0,405,0.0,0.0,0.0
2023-11-30 09:30:00-05:00,19.99850082397461,19.99850082397461,19.93000030517578,19.93000030517578,1648,0.0,0.0,0.0
2023-11-30 10:30:00-05:00,19.915000915527344,19.920000076293945,19.90999984741211,19.920000076293945,1833,0.0,0.0,0.0
2023-11-30 11:30:00-05:00,19.899999618530273,19.929899215698242,19.899999618530273,19.929899215698242,352,0.0,0.0,0.0
2023-11-30 12:30:00-05:00,19.90999984741211,19.920000076293945,19.90089988708496,19.920000076293945,4262,0.0,0.0,0.0
2023-11-30 13:30:00-05:00,19.90999984741211,19.940000534057617,19.90999984741211,19.939899444580078,1033,0.0,0.0,0.0
2023-11-30 14:30:00-05:00,19.948299407958984,19.948299407958984,19.920499801635742,19.929899215698242,10934,0.0,0.0,0.0
2023-11-30 15:30:00-05:00,19.92970085144043,19.93000030517578,19.924999237060547,19.93000030517578,0,0.0,0.0,0.0
2023-12-01 09:30:00-05:00,19.940000534057617,19.950000762939453,19.931499481201172,19.931499481201172,535,0.0,0.0,0.0
2023-12-01 10:30:00-05:00,19.990800857543945,20.040000915527344,19.990800857543945,20.040000915527344,1192,0.0,0.0,0.0
2023-12-01 11:30:00-05:00,20.049999237060547,20.079999923706055,20.049999237060547,20.0762996673584,837,0.0,0.0,0.0
2023-12-01 12:30:00-05:00,20.09000015258789,20.1200008392334,20.09000015258789,20.114999771118164,4372,0.0,0.0,0.0
2023-12-01 13:30:00-05:00,20.1299991607666,20.15999984741211,20.087900161743164,20.090099334716797,3871,0.0,0.0,0.0
2023-12-01 14:30:00-05:00,20.100000381469727,20.100000381469727,20.079999923706055,20.099899291992188,3676,0.0,0.0,0.0
2023-12-01 15:30:00-05:00,20.104999542236328,20.104999542236328,20.090099334716797,20.090099334716797,1853,0.0,0.0,0.0
2023-12-04 09:30:00-05:00,20.010000228881836,20.0403995513916,20.010000228881836,20.0403995513916,0,0.0,0.0,0.0
2023-12-04 10:30:00-05:00,20.045000076293945,20.045000076293945,20.030000686645508,20.030000686645508,1350,0.0,0.0,0.0
2023-12-04 11:30:00-05:00,20.049999237060547,20.079999923706055,20.049999237060547,20.059999465942383,3952,0.0,0.0,0.0
2023-12-04 12:30:00-05:00,20.059999465942383,20.059999465942383,20.04010009765625,20.04010009765625,1034,0.0,0.0,0.0
2023-12-04 13:30:00-05:00,20.049999237060547,20.049999237060547,20.049999237060547,20.049999237060547,1550,0.0,0.0,0.0
2023-12-04 14:30:00-05:00,20.050100326538086,20.06999969482422,20.040000915527344,20.040000915527344,1546,0.0,0.0,0.0
2023-12-04 15:30:00-05:00,20.04010009765625,20.100000381469727,20.04010009765625,20.079999923706055,0,0.0,0.0,0.0
2023-12-05 09:30:00-05:00,20.09000015258789,20.110000610351562,20.049999237060547,20.110000610351562,2169,0.0,0.0,0.0
2023-12-05 10:30:00-05:00,20.079999923706055,20.110000610351562,20.079999923706055,20.079999923706055,3560,0.0,0.0,0.0
2023-12-05 11:30:00-05:00,20.084999084472656,20.110000610351562,20.06999969482422,20.06999969482422,1961,0.0,0.0,0.0
2023-12-05 12:30:00-05:00,20.079999923706055,20.09000015258789,20.079999923706055,20.09000015258789,1676,0.0,0.0,0.0
2023-12-05 13:30:00-05:00,20.084999084472656,20.094999313354492,20.079999923706055,20.094999313354492,2839,0.0,0.0,0.0
2023-12-05 14:30:00-05:00,20.090099334716797,20.110000610351562,20.090099334716797,20.109800338745117,4413,0.0,0.0,0.0
2023-12-05 15:30:00-05:00,20.100000381469727,20.109899520874023,20.08009910583496,20.100000381469727,0,0.0,0.0,0.0
2023-12-06 09:30:00-05:00,20.139999389648438,20.139999389648438,20.100099563598633,20.11009979248047,6842,0.0,0.0,0.0
2023-12-06 10:30:00-05:00,20.1299991607666,20.149999618530273,20.1200008392334,20.14900016784668,4972,0.0,0.0,0.0
2023-12-06 12:30:00-05:00,20.137699127197266,20.149999618530273,20.1299991607666,20.135000228881836,3168,0.0,0.0,0.0
2023-12-06 13:30:00-05:00,20.1200008392334,20.120100021362305,20.1200008392334,20.1200008392334,6392,0.0,0.0,0.0
2023-12-06 14:30:00-05:00,20.1200008392334,20.125,20.11009979248047,20.1200008392334,6493,0.0,0.0,0.0
2023-12-06 15:30:00-05:00,20.110000610351562,20.110000610351562,20.08009910583496,20.08209991455078,3073,0.0,0.0,0.0
2023-12-07 09:30:00-05:00,20.09000015258789,20.12019920349121,20.09000015258789,20.12019920349121,0,0.0,0.0,0.0
2023-12-07 10:30:00-05:00,20.11050033569336,20.1299991607666,20.100000381469727,20.100099563598633,7346,0.0,0.0,0.0
2023-12-07 11:30:00-05:00,20.121999740600586,20.125,20.1200008392334,20.124099731445312,2473,0.0,0.0,0.0
2023-12-07 12:30:00-05:00,20.129899978637695,20.129899978637695,20.125,20.125,1035,0.0,0.0,0.0
2023-12-07 13:30:00-05:00,20.125,20.125,20.1200008392334,20.1200008392334,7673,0.0,0.0,0.0
2023-12-07 14:30:00-05:00,20.129899978637695,20.1299991607666,20.1200008392334,20.1200008392334,861,0.0,0.0,0.0
2023-12-07 15:30:00-05:00,20.123600006103516,20.125,20.12019920349121,20.125,0,0.0,0.0,0.0
2023-12-08 09:30:00-05:00,20.100000381469727,20.100000381469727,20.080299377441406,20.100000381469727,8077,0.0,0.0,0.0
2023-12-08 10:30:00-05:00,20.100000381469727,20.110000610351562,20.060100555419922,20.09000015258789,9313,0.0,0.0,0.0
2023-12-08 11:30:00-05:00,20.079999923706055,20.079999923706055,20.069299697875977,20.06999969482422,541,0.0,0.0,0.0
2023-12-08 12:30:00-05:00,20.051000595092773,20.079999923706055,20.050100326538086,20.077299118041992,3478,0.0,0.0,0.0
2023-12-08 13:30:00-05:00,20.075000762939453,20.08989906311035,20.06999969482422,20.08099937438965,11251,0.0,0.0,0.0
2023-12-08 14:30:00-05:00,20.06060028076172,20.06060028076172,20.06060028076172,20.06060028076172,1347,0.0,0.0,0.0
2023-12-08 15:30:00-05:00,20.088600158691406,20.099000930786133,20.070100784301758,20.099000930786133,1991,0.0,0.0,0.0
2023-12-11 09:30:00-05:00,20.110000610351562,20.110000610351562,20.075000762939453,20.075000762939453,0,0.0,0.0,0.0
2023-12-11 10:30:00-05:00,20.040000915527344,20.057300567626953,20.030000686645508,20.030399322509766,3151,0.0,0.0,0.0
2023-12-11 11:30:00-05:00,20.049100875854492,20.049999237060547,20.020000457763672,20.030000686645508,8459,0.0,0.0,0.0
2023-12-11 12:30:00-05:00,20.030000686645508,20.04990005493164,20.030000686645508,20.045000076293945,2610,0.0,0.0,0.0
2023-12-11 13:30:00-05:00,20.049999237060547,20.05500030517578,20.049999237060547,20.05500030517578,2742,0.0,0.0,0.0
2023-12-11 14:30:00-05:00,20.049999237060547,20.06999969482422,20.049999237060547,20.05500030517578,2203,0.0,0.0,0.0
2023-12-11 15:30:00-05:00,20.049999237060547,20.065000534057617,20.049999237060547,20.065000534057617,4697,0.0,0.0,0.0
2023-12-12 09:30:00-05:00,20.049999237060547,20.059099197387695,20.020000457763672,20.059099197387695,0,0.0,0.0,0.0
2023-12-12 10:30:00-05:00,20.05500030517578,20.09000015258789,20.05500030517578,20.070100784301758,16150,0.0,0.0,0.0
2023-12-12 11:30:00-05:00,20.079999923706055,20.084999084472656,20.079999923706055,20.079999923706055,3899,0.0,0.0,0.0
2023-12-12 12:30:00-05:00,20.084999084472656,20.1200008392334,20.079999923706055,20.1200008392334,5218,0.0,0.0,0.0
2023-12-12 13:30:00-05:00,20.110000610351562,20.119800567626953,20.100099563598633,20.119800567626953,2245,0.0,0.0,0.0
2023-12-12 14:30:00-05:00,20.1200008392334,20.125,20.110000610351562,20.125,14862,0.0,0.0,0.0
2023-12-12 15:30:00-05:00,20.125,20.149999618530273,20.120100021362305,20.149999618530273,0,0.0,0.0,0.0
2023-12-13 09:30:00-05:00,20.139999389648438,20.149999618530273,20.139999389648438,20.149999618530273,1500,0.0,0.0,0.0
2023-12-13 10:30:00-05:00,20.165000915527344,20.170000076293945,20.145000457763672,20.15999984741211,3592,0.0,0.0,0.0
2023-12-13 11:30:00-05:00,20.165000915527344,20.170000076293945,20.149999618530273,20.15999984741211,6376,0.0,0.0,0.0
2023-12-13 12:30:00-05:00,20.15999984741211,20.170000076293945,20.150100708007812,20.15999984741211,2978,0.0,0.0,0.0
2023-12-13 13:30:00-05:00,20.179399490356445,20.25,20.15999984741211,20.25,16729,0.0,0.0,0.0
2023-12-13 14:30:00-05:00,20.260000228881836,20.3799991607666,20.260000228881836,20.350000381469727,5018,0.0,0.0,0.0
2023-12-13 15:30:00-05:00,20.3799991607666,20.405000686645508,20.3799991607666,20.394100189208984,0,0.0,0.0,0.0
2023-12-14 09:30:00-05:00,20.530000686645508,20.549999237060547,20.520000457763672,20.540000915527344,701,0.0,0.0,0.0
2023-12-14 10:30:00-05:00,20.50309944152832,20.540000915527344,20.50309944152832,20.539899826049805,21664,0.0,0.0,0.0
2023-12-14 11:30:00-05:00,20.559999465942383,20.57430076599121,20.549999237060547,20.57029914855957,1646,0.0,0.0,0.0
2023-12-14 12:30:00-05:00,20.57029914855957,20.599899291992188,20.550100326538086,20.550100326538086,2392,0.0,0.0,0.0
2023-12-14 13:30:00-05:00,20.526899337768555,20.526899337768555,20.510000228881836,20.514999389648438,2723,0.0,0.0,0.0
2023-12-14 14:30:00-05:00,20.50079917907715,20.5049991607666,20.50079917907715,20.5049991607666,829,0.0,0.0,0.0
2023-12-14 15:30:00-05:00,20.52090072631836,20.538999557495117,20.510000228881836,20.510000228881836,0,0.0,0.0,0.0
2023-12-15 09:30:00-05:00,20.480100631713867,20.52199935913086,20.480100631713867,20.510000228881836,7245,0.0,0.0,0.0
2023-12-15 10:30:00-05:00,20.510099411010742,20.510099411010742,20.504199981689453,20.504199981689453,851,0.0,0.0,0.0
2023-12-15 11:30:00-05:00,20.507299423217773,20.520000457763672,20.5,20.51300048828125,92549,0.0,0.0,0.0
2023-12-15 12:30:00-05:00,20.499900817871094,20.579999923706055,20.479999542236328,20.530000686645508,29363,0.0,0.0,0.0
2023-12-15 13:30:00-05:00,20.510000228881836,20.51300048828125,20.43000030517578,20.450000762939453,8062,0.0,0.0,0.0
2023-12-15 14:30:00-05:00,20.4591007232666,20.489999771118164,20.4591007232666,20.489999771118164,5124,0.0,0.0,0.0
2023-12-15 15:30:00-05:00,20.479999542236328,20.49410057067871,20.479999542236328,20.49410057067871,2386,0.0,0.0,0.0
2023-12-18 09:30:00-05:00,20.5,20.5,20.479799270629883,20.479799270629883,0,0.0,0.0,0.0
2023-12-18 10:30:00-05:00,20.475000381469727,20.479900360107422,20.45680046081543,20.459999084472656,2917,0.0,0.0,0.0
2023-12-18 11:30:00-05:00,20.459999084472656,20.46500015258789,20.459699630737305,20.46500015258789,2109,0.0,0.0,0.0
2023-12-18 12:30:00-05:00,20.459999084472656,20.460100173950195,20.459999084472656,20.460100173950195,1121,0.0,0.0,0.0
2023-12-18 13:30:00-05:00,20.469999313354492,20.469999313354492,20.459999084472656,20.464500427246094,5001,0.0,0.0,0.0
2023-12-18 14:30:00-05:00,20.479999542236328,20.479999542236328,20.459999084472656,20.47260093688965,7282,0.0,0.0,0.0
2023-12-18 15:30:00-05:00,20.479799270629883,20.479900360107422,20.47010040283203,20.475000381469727,0,0.0,0.0,0.0
2023-12-19 09:30:00-05:00,20.549999237060547,20.579999923706055,20.54800033569336,20.550100326538086,5983,0.0,0.0,0.0
2023-12-19 10:30:00-05:00,20.579999923706055,20.600000381469727,20.549999237060547,20.58989906311035,10264,0.0,0.0,0.0
2023-12-19 11:30:00-05:00,20.589000701904297,20.59000015258789,20.559999465942383,20.56999969482422,2226,0.0,0.0,0.0
2023-12-19 12:30:00-05:00,20.56999969482422,20.56999969482422,20.521900177001953,20.521900177001953,3303,0.0,0.0,0.0
2023-12-19 13:30:00-05:00,20.530000686645508,20.549999237060547,20.530000686645508,20.540000915527344,2842,0.0,0.0,0.0
2023-12-19 14:30:00-05:00,20.54050064086914,20.545000076293945,20.530000686645508,20.540000915527344,5608,0.0,0.0,0.0
2023-12-19 15:30:00-05:00,20.53499984741211,20.545000076293945,20.530099868774414,20.545000076293945,7021,0.0,0.0,0.0
2023-12-20 09:30:00-05:00,20.530000686645508,20.56999969482422,20.530000686645508,20.56999969482422,0,0.0,0.0,0.0
2023-12-20 10:30:00-05:00,20.594999313354492,20.600000381469727,20.59000015258789,20.600000381469727,2992,0.0,0.0,0.0
2023-12-20 11:30:00-05:00,20.594999313354492,20.615999221801758,20.590099334716797,20.615999221801758,2352,0.0,0.0,0.0
2023-12-20 12:30:00-05:00,20.63990020751953,20.63990020751953,20.610000610351562,20.625,7230,0.0,0.0,0.0
2023-12-20 13:30:00-05:00,20.62969970703125,20.62969970703125,20.619400024414062,20.6200008392334,1112,0.0,0.0,0.0
2023-12-20 14:30:00-05:00,20.629100799560547,20.629100799560547,20.559999465942383,20.56999969482422,15425,0.0,0.0,0.0
2023-12-20 15:30:00-05:00,20.56999969482422,20.610000610351562,20.559999465942383,20.561100006103516,88542,0.0,0.0,0.0
2023-12-21 09:30:00-05:00,20.6200008392334,20.659900665283203,20.540000915527344,20.600099563598633,0,0.0,0.0,0.0
2023-12-21 10:30:00-05:00,20.601999282836914,20.608999252319336,20.559999465942383,20.600000381469727,5845,0.0,0.0,0.0
2023-12-21 11:30:00-05:00,20.600000381469727,20.610000610351562,20.600000381469727,20.600000381469727,18313,0.0,0.0,0.0
2023-12-21 12:30:00-05:00,20.600200653076172,20.719999313354492,20.600000381469727,20.600000381469727,16391,0.0,0.0,0.0
2023-12-21 13:30:00-05:00,20.643699645996094,20.643699645996094,20.610000610351562,20.639999389648438,23721,0.0,0.0,0.0
2023-12-21 14:30:00-05:00,20.63479995727539,20.655000686645508,20.624799728393555,20.640100479125977,14158,0.0,0.0,0.0
2023-12-21 15:30:00-05:00,20.649999618530273,20.670000076293945,20.639999389648438,20.65999984741211,0,0.0,0.0,0.0
2023-12-22 09:30:00-05:00,20.700000762939453,20.719900131225586,20.684900283813477,20.709999084472656,17864,0.0,0.0,0.0
2023-12-22 10:30:00-05:00,20.670299530029297,20.709999084472656,20.6299991607666,20.68000030517578,71192,0.0,0.0,0.0
2023-12-22 11:30:00-05:00,20.662500381469727,20.700000762939453,20.639999389648438,20.642900466918945,16575,0.0,0.0,0.0
2023-12-22 12:30:00-05:00,20.65060043334961,20.655000686645508,20.639999389648438,20.639999389648438,1649,0.0,0.0,0.0
2023-12-22 13:30:00-05:00,20.649999618530273,20.653499603271484,20.639999389648438,20.649999618530273,7341,0.0,0.0,0.0
2023-12-22 14:30:00-05:00,20.649999618530273,20.649999618530273,20.620100021362305,20.639999389648438,2809,0.0,0.0,0.0
2023-12-22 15:30:00-05:00,20.639999389648438,20.639999389648438,20.6200008392334,20.631000518798828,4236,0.0,0.0,0.0
2023-12-26 09:30:00-05:00,20.65999984741211,20.700000762939453,20.65999984741211,20.66629981994629,0,0.0,0.0,0.0
2023-12-26 10:30:00-05:00,20.649999618530273,20.68000030517578,20.649999618530273,20.68000030517578,536,0.0,0.0,0.0
2023-12-26 11:30:00-05:00,20.639999389648438,20.640100479125977,20.610000610351562,20.6299991607666,4465,0.0,0.0,0.0
2023-12-26 12:30:00-05:00,20.659900665283203,20.665000915527344,20.645000457763672,20.650400161743164,4831,0.0,0.0,0.0
2023-12-26 13:30:00-05:00,20.665000915527344,20.68000030517578,20.639999389648438,20.640100479125977,11592,0.0,0.0,0.0
2023-12-26 14:30:00-05:00,20.665000915527344,20.68000030517578,20.65999984741211,20.68000030517578,1149,0.0,0.0,0.0
2023-12-26 15:30:00-05:00,20.660499572753906,20.670000076293945,20.649999618530273,20.670000076293945,4545,0.0,0.0,0.0
2023-12-27 09:30:00-05:00,20.559999465942383,20.559999465942383,20.5,20.538999557495117,0,0.0,0.0,0.0
2023-12-27 10:30:00-05:00,20.500099182128906,20.53499984741211,20.500099182128906,20.53499984741211,3869,0.0,0.0,0.0
2023-12-27 11:30:00-05:00,20.530099868774414,20.56999969482422,20.530099868774414,20.530500411987305,925,0.0,0.0,0.0
2023-12-27 12:30:00-05:00,20.545000076293945,20.549999237060547,20.54010009765625,20.544099807739258,1812,0.0,0.0,0.0
2023-12-27 13:30:00-05:00,20.54010009765625,20.54990005493164,20.54010009765625,20.54800033569336,4385,0.0,0.0,0.0
2023-12-27 14:30:00-05:00,20.545000076293945,20.549999237060547,20.540000915527344,20.549999237060547,9125,0.0,0.0,0.0
2023-12-27 15:30:00-05:00,20.58009910583496,20.610000610351562,20.579999923706055,20.579999923706055,3345,0.0,0.0,0.0
2023-12-28 09:30:00-05:00,20.559999465942383,20.559999465942383,20.545000076293945,20.549999237060547,3490,0.0,0.0,0.0
2023-12-28 10:30:00-05:00,20.54680061340332,20.549999237060547,20.520000457763672,20.52079963684082,2949,0.0,0.0,0.0
2023-12-28 11:30:00-05:00,20.520000457763672,20.520000457763672,20.489999771118164,20.489999771118164,6593,0.0,0.0,0.0
2023-12-28 12:30:00-05:00,20.489999771118164,20.530000686645508,20.469999313354492,20.489999771118164,38985,0.0,0.0,0.0
2023-12-28 13:30:00-05:00,20.479999542236328,20.520000457763672,20.469999313354492,20.489999771118164,6305,0.0,0.0,0.0
2023-12-28 14:30:00-05:00,20.489999771118164,20.539899826049805,20.479999542236328,20.489999771118164,39307,0.0,0.0,0.0
2023-12-28 15:30:00-05:00,20.489999771118164,20.530000686645508,20.479999542236328,20.479999542236328,0,0.0,0.0,0.0
2023-12-29 09:30:00-05:00,20.489999771118164,20.56999969482422,20.489999771118164,20.56999969482422,4789,0.0,0.0,0.0
2023-12-29 10:30:00-05:00,20.559999465942383,20.561500549316406,20.545000076293945,20.559999465942383,4976,0.0,0.0,0.0
2023-12-29 11:30:00-05:00,20.549999237060547,20.559499740600586,20.5,20.520000457763672,6358,0.0,0.0,0.0
2023-12-29 12:30:00-05:00,20.510000228881836,20.52989959716797,20.469999313354492,20.499799728393555,6359,0.0,0.0,0.0
2023-12-29 13:30:00-05:00,20.479999542236328,20.510000228881836,20.479999542236328,20.5,7315,0.0,0.0,0.0
2023-12-29 14:30:00-05:00,20.5,20.5049991607666,20.450000762939453,20.459999084472656,3121,0.0,0.0,0.0
2023-12-29 15:30:00-05:00,20.450000762939453,20.469999313354492,20.450000762939453,20.469999313354492,2461,0.0,0.0,0.0
2024-01-02 09:30:00-05:00,20.40999984741211,20.40999984741211,20.340499877929688,20.389999389648438,0,0.0,0.0,0.0
2024-01-02 10:30:00-05:00,20.3799991607666,20.399999618530273,20.350000381469727,20.395000457763672,182097,0.0,0.0,0.0
2024-01-02 11:30:00-05:00,20.350000381469727,20.40999984741211,20.350000381469727,20.399999618530273,6907,0.0,0.0,0.0
2024-01-02 12:30:00-05:00,20.399999618530273,20.40999984741211,20.390100479125977,20.405000686645508,9834,0.0,0.0,0.0
2024-01-02 13:30:00-05:00,20.409900665283203,20.420000076293945,20.399999618530273,20.40999984741211,6775,0.0,0.0,0.0
2024-01-02 14:30:00-05:00,20.40999984741211,20.43000030517578,20.3799991607666,20.3799991607666,8732,0.0,0.0,0.0
2024-01-02 15:30:00-05:00,20.399999618530273,20.40999984741211,20.395000457763672,20.395000457763672,0,0.0,0.0,0.0
2024-01-03 09:30:00-05:00,20.290000915527344,20.309900283813477,20.235000610351562,20.29990005493164,11795,0.0,0.0,0.0
2024-01-03 10:30:00-05:00,20.290000915527344,20.31999969482422,20.243999481201172,20.309999465942383,13355,0.0,0.0,0.0
2024-01-03 11:30:00-05:00,20.299999237060547,20.31999969482422,20.280000686645508,20.309999465942383,25930,0.0,0.0,0.0
2024-01-03 12:30:00-05:00,20.309999465942383,20.3799991607666,20.299999237060547,20.360000610351562,19338,0.0,0.0,0.0
2024-01-03 13:30:00-05:00,20.360000610351562,20.3799991607666,20.320100784301758,20.3799991607666,19756,0.0,0.0,0.0
2024-01-03 14:30:00-05:00,20.3799991607666,20.3799991607666,20.31999969482422,20.350000381469727,25314,0.0,0.0,0.0
2024-01-03 15:30:00-05:00,20.350000381469727,20.3700008392334,20.324499130249023,20.3700008392334,29723,0.0,0.0,0.0
2024-01-04 09:30:00-05:00,20.299999237060547,20.309999465942383,20.268999099731445,20.290000915527344,0,0.0,0.0,0.0
2024-01-04 10:30:00-05:00,20.299999237060547,20.299999237060547,20.280000686645508,20.290000915527344,1301,0.0,0.0,0.0
2024-01-04 11:30:00-05:00,20.290000915527344,20.290000915527344,20.260000228881836,20.28969955444336,3366,0.0,0.0,0.0
2024-01-04 12:30:00-05:00,20.274999618530273,20.290000915527344,20.240100860595703,20.240400314331055,17140,0.0,0.0,0.0
2024-01-04 13:30:00-05:00,20.264999389648438,20.280000686645508,20.235000610351562,20.235000610351562,3403,0.0,0.0,0.0
2024-01-04 14:30:00-05:00,20.2549991607666,20.270000457763672,20.225000381469727,20.249900817871094,6408,0.0,0.0,0.0
2024-01-04 15:30:00-05:00,20.225000381469727,20.25,20.200000762939453,20.25,1632,0.0,0.0,0.0
2024-01-05 09:30:00-05:00,20.239999771118164,20.31049919128418,20.220800399780273,20.300100326538086,0,0.0,0.0,0.0
2024-01-05 10:30:00-05:00,20.34000015258789,20.34000015258789,20.290000915527344,20.290000915527344,557,0.0,0.0,0.0
2024-01-05 11:30:00-05:00,20.295000076293945,20.295000076293945,20.25,20.27389907836914,1818,0.0,0.0,0.0
2024-01-05 12:30:00-05:00,20.269899368286133,20.269899368286133,20.229999542236328,20.229999542236328,853,0.0,0.0,0.0
2024-01-05 13:30:00-05:00,20.25,20.280000686645508,20.25,20.269899368286133,3621,0.0,0.0,0.0
2024-01-05 14:30:00-05:00,20.259899139404297,20.280000686645508,20.2549991607666,20.2549991607666,1384,0.0,0.0,0.0
2024-01-05 15:30:00-05:00,20.25,20.270000457763672,20.25,20.270000457763672,2952,0.0,0.0,0.0
2024-01-08 09:30:00-05:00,20.299999237060547,20.299999237060547,20.287900924682617,20.290000915527344,0,0.0,0.0,0.0
2024-01-08 10:30:00-05:00,20.290800094604492,20.31999969482422,20.290800094604492,20.310100555419922,1767,0.0,0.0,0.0
2024-01-08 11:30:00-05:00,20.31999969482422,20.350000381469727,20.31999969482422,20.350000381469727,14266,0.0,0.0,0.0
2024-01-08 12:30:00-05:00,20.389999389648438,20.389999389648438,20.389999389648438,20.389999389648438,1149,0.0,0.0,0.0
2024-01-08 13:30:00-05:00,20.344999313354492,20.344999313354492,20.33169937133789,20.340900421142578,1273,0.0,0.0,0.0
2024-01-08 14:30:00-05:00,20.350000381469727,20.350500106811523,20.350000381469727,20.350000381469727,2328,0.0,0.0,0.0
2024-01-08 15:30:00-05:00,20.34000015258789,20.350000381469727,20.34000015258789,20.349000930786133,4092,0.0,0.0,0.0
2024-01-09 09:30:00-05:00,20.31999969482422,20.33099937438965,20.31999969482422,20.33009910583496,0,0.0,0.0,0.0
2024-01-09 10:30:00-05:00,20.33009910583496,20.360000610351562,20.33009910583496,20.360000610351562,3276,0.0,0.0,0.0
2024-01-09 11:30:00-05:00,20.370100021362305,20.370100021362305,20.370100021362305,20.370100021362305,782,0.0,0.0,0.0
2024-01-09 12:30:00-05:00,20.399999618530273,20.399999618530273,20.3799991607666,20.395000457763672,1129,0.0,0.0,0.0
2024-01-09 13:30:00-05:00,20.384199142456055,20.384199142456055,20.384199142456055,20.384199142456055,313,0.0,0.0,0.0
2024-01-09 14:30:00-05:00,20.399999618530273,20.4197998046875,20.3700008392334,20.40999984741211,2653,0.0,0.0,0.0
2024-01-09 15:30:00-05:00,20.409900665283203,20.409900665283203,20.389999389648438,20.389999389648438,697,0.0,0.0,0.0
2024-01-10 09:30:00-05:00,20.389999389648438,20.447599411010742,20.389999389648438,20.434999465942383,0,0.0,0.0,0.0
2024-01-10 10:30:00-05:00,20.43000030517578,20.43000030517578,20.43000030517578,20.43000030517578,613,0.0,0.0,0.0
2024-01-10 11:30:00-05:00,20.458099365234375,20.478599548339844,20.400100708007812,20.424999237060547,7611,0.0,0.0,0.0
2024-01-10 12:30:00-05:00,20.440000534057617,20.440000534057617,20.43000030517578,20.440000534057617,2431,0.0,0.0,0.0
2024-01-10 13:30:00-05:00,20.43000030517578,20.439899444580078,20.43000030517578,20.439899444580078,1539,0.0,0.0,0.0
2024-01-10 14:30:00-05:00,20.43950080871582,20.439599990844727,20.390499114990234,20.399999618530273,13766,0.0,0.0,0.0
2024-01-10 15:30:00-05:00,20.40999984741211,20.40999984741211,20.399999618530273,20.399999618530273,688,0.0,0.0,0.0
2024-01-11 09:30:00-05:00,20.475000381469727,20.475000381469727,20.42140007019043,20.42140007019043,2328,0.0,0.0,0.0
2024-01-11 10:30:00-05:00,20.43000030517578,20.43000030517578,20.43000030517578,20.43000030517578,1213,0.0,0.0,0.0
2024-01-11 12:30:00-05:00,20.412900924682617,20.43000030517578,20.412900924682617,20.43000030517578,1328,0.0,0.0,0.0
2024-01-11 13:30:00-05:00,20.420000076293945,20.5,20.389999389648438,20.469999313354492,7004,0.0,0.0,0.0
2024-01-11 14:30:00-05:00,20.46500015258789,20.46500015258789,20.45009994506836,20.460899353027344,3021,0.0,0.0,0.0
2024-01-11 15:30:00-05:00,20.454299926757812,20.473800659179688,20.454299926757812,20.473800659179688,1756,0.0,0.0,0.0
2024-01-12 09:30:00-05:00,20.520000457763672,20.549999237060547,20.49020004272461,20.491199493408203,0,0.0,0.0,0.0
2024-01-12 10:30:00-05:00,20.524999618530273,20.540000915527344,20.51020050048828,20.51020050048828,3127,0.0,0.0,0.0
2024-01-12 11:30:00-05:00,20.510400772094727,20.524999618530273,20.510400772094727,20.510799407958984,1452,0.0,0.0,0.0
2024-01-12 12:30:00-05:00,20.491100311279297,20.530000686645508,20.490400314331055,20.5039005279541,5674,0.0,0.0,0.0
2024-01-12 13:30:00-05:00,20.500099182128906,20.539600372314453,20.500099182128906,20.520000457763672,760,0.0,0.0,0.0
2024-01-12 14:30:00-05:00,20.513900756835938,20.514999389648438,20.5,20.514999389648438,11212,0.0,0.0,0.0
2024-01-12 15:30:00-05:00,20.520000457763672,20.520000457763672,20.5,20.50830078125,3152,0.0,0.0,0.0
2024-01-16 09:30:00-05:00,20.450000762939453,20.489900588989258,20.43000030517578,20.440200805664062,0,0.0,0.0,0.0
2024-01-16 10:30:00-05:00,20.457799911499023,20.459999084472656,20.391000747680664,20.391000747680664,2271,0.0,0.0,0.0
2024-01-16 11:30:00-05:00,20.43000030517578,20.440000534057617,20.389999389648438,20.41990089416504,4600,0.0,0.0,0.0
2024-01-16 12:30:00-05:00,20.409900665283203,20.43000030517578,20.3799991607666,20.40999984741211,18262,0.0,0.0,0.0
2024-01-16 13:30:00-05:00,20.415000915527344,20.415000915527344,20.34000015258789,20.34000015258789,2719,0.0,0.0,0.0
2024-01-16 14:30:00-05:00,20.395000457763672,20.405000686645508,20.3799991607666,20.390100479125977,3440,0.0,0.0,0.0
2024-01-16 15:30:00-05:00,20.40999984741211,20.40999984741211,20.393800735473633,20.393800735473633,611,0.0,0.0,0.0
2024-01-17 09:30:00-05:00,20.3799991607666,20.3799991607666,20.290300369262695,20.299999237060547,0,0.0,0.0,0.0
2024-01-17 10:30:00-05:00,20.297300338745117,20.297300338745117,20.297300338745117,20.297300338745117,262,0.0,0.0,0.0
2024-01-17 12:30:00-05:00,20.309999465942383,20.309999465942383,20.300100326538086,20.309999465942383,4835,0.0,0.0,0.0
2024-01-17 13:30:00-05:00,20.309099197387695,20.309900283813477,20.290000915527344,20.290000915527344,1476,0.0,0.0,0.0
2024-01-17 14:30:00-05:00,20.287500381469727,20.31999969482422,20.260099411010742,20.309999465942383,7925,0.0,0.0,0.0
2024-01-17 15:30:00-05:00,20.31999969482422,20.329999923706055,20.287599563598633,20.31999969482422,7344,0.0,0.0,0.0
2024-01-18 09:30:00-05:00,20.329999923706055,20.329999923706055,20.28190040588379,20.284000396728516,0,0.0,0.0,0.0
2024-01-18 10:30:00-05:00,20.29829978942871,20.33919906616211,20.29829978942871,20.33919906616211,1788,0.0,0.0,0.0
2024-01-18 11:30:00-05:00,20.34000015258789,20.35140037536621,20.299999237060547,20.31999969482422,4068,0.0,0.0,0.0
2024-01-18 12:30:00-05:00,20.309999465942383,20.329999923706055,20.295000076293945,20.329999923706055,1614,0.0,0.0,0.0
2024-01-18 13:30:00-05:00,20.316499710083008,20.34000015258789,20.299999237060547,20.34000015258789,4960,0.0,0.0,0.0
2024-01-18 14:30:00-05:00,20.34000015258789,20.34000015258789,20.300399780273438,20.329999923706055,4234,0.0,0.0,0.0
2024-01-18 15:30:00-05:00,20.329999923706055,20.329999923706055,20.310100555419922,20.325899124145508,892,0.0,0.0,0.0
2024-01-19 09:30:00-05:00,20.31999969482422,20.36989974975586,20.280000686645508,20.280000686645508,0,0.0,0.0,0.0
2024-01-19 10:30:00-05:00,20.280000686645508,20.31999969482422,20.280000686645508,20.290000915527344,36822,0.0,0.0,0.0
2024-01-19 11:30:00-05:00,20.29599952697754,20.319900512695312,20.29599952697754,20.309999465942383,12067,0.0,0.0,0.0
2024-01-19 12:30:00-05:00,20.31999969482422,20.325000762939453,20.31999969482422,20.325000762939453,800,0.0,0.0,0.0
2024-01-19 13:30:00-05:00,20.31999969482422,20.352699279785156,20.31999969482422,20.344600677490234,2217,0.0,0.0,0.0
2024-01-19 14:30:00-05:00,20.34000015258789,20.3700008392334,20.34000015258789,20.3700008392334,2410,0.0,0.0,0.0
2024-01-19 15:30:00-05:00,20.340099334716797,20.389999389648438,20.329999923706055,20.3799991607666,4321,0.0,0.0,0.0
2024-01-22 09:30:00-05:00,20.3799991607666,20.405000686645508,20.3799991607666,20.400100708007812,0,0.0,0.0,0.0
2024-01-22 10:30:00-05:00,20.405000686645508,20.429500579833984,20.399999618530273,20.42009925842285,12009,0.0,0.0,0.0
2024-01-22 11:30:00-05:00,20.43000030517578,20.440000534057617,20.40999984741211,20.41200065612793,4399,0.0,0.0,0.0
2024-01-22 12:30:00-05:00,20.415000915527344,20.415000915527344,20.3700008392334,20.3700008392334,907,0.0,0.0,0.0
2024-01-22 13:30:00-05:00,20.385000228881836,20.399999618530273,20.385000228881836,20.389999389648438,842,0.0,0.0,0.0
2024-01-22 14:30:00-05:00,20.3799991607666,20.3799991607666,20.3799991607666,20.3799991607666,169,0.0,0.0,0.0
2024-01-22 15:30:00-05:00,20.385000228881836,20.385000228881836,20.3799991607666,20.3799991607666,920,0.0,0.0,0.0
2024-01-23 09:30:00-05:00,20.420000076293945,20.420000076293945,20.366199493408203,20.39940071105957,0,0.0,0.0,0.0
2024-01-23 10:30:00-05:00,20.398099899291992,20.398099899291992,20.350000381469727,20.3700008392334,6468,0.0,0.0,0.0
2024-01-23 11:30:00-05:00,20.36389923095703,20.3700008392334,20.34709930419922,20.34709930419922,11655,0.0,0.0,0.0
2024-01-23 12:30:00-05:00,20.360000610351562,20.3700008392334,20.350000381469727,20.360000610351562,11173,0.0,0.0,0.0
2024-01-23 13:30:00-05:00,20.34000015258789,20.350000381469727,20.34000015258789,20.340099334716797,0,0.0,0.0,0.0
2024-01-23 14:30:00-05:00,20.350000381469727,20.364999771118164,20.350000381469727,20.364999771118164,31250,0.0,0.0,0.0
2024-01-23 15:30:00-05:00,20.369800567626953,20.3700008392334,20.360000610351562,20.360000610351562,10360,0.0,0.0,0.0
2024-01-24 09:30:00-05:00,20.450000762939453,20.450000762939453,20.40999984741211,20.40999984741211,11248,0.0,0.0,0.0
2024-01-24 10:30:00-05:00,20.437999725341797,20.437999725341797,20.40049934387207,20.40049934387207,5364,0.0,0.0,0.0
2024-01-24 11:30:00-05:00,20.41189956665039,20.420000076293945,20.385000228881836,20.385000228881836,4604,0.0,0.0,0.0
2024-01-24 12:30:00-05:00,20.40999984741211,20.40999984741211,20.380800247192383,20.398399353027344,2781,0.0,0.0,0.0
2024-01-24 13:30:00-05:00,20.389999389648438,20.389999389648438,20.354999542236328,20.354999542236328,1563,0.0,0.0,0.0
2024-01-24 14:30:00-05:00,20.350400924682617,20.36009979248047,20.350400924682617,20.360000610351562,1593,0.0,0.0,0.0
2024-01-24 15:30:00-05:00,20.360000610351562,20.360000610351562,20.350000381469727,20.360000610351562,1466,0.0,0.0,0.0
2024-01-25 09:30:00-05:00,20.329999923706055,20.360000610351562,20.31100082397461,20.360000610351562,1753,0.0,0.0,0.0
2024-01-25 10:30:00-05:00,20.359899520874023,20.359899520874023,20.350000381469727,20.350000381469727,421,0.0,0.0,0.0
2024-01-25 11:30:00-05:00,20.354999542236328,20.354999542236328,20.34040069580078,20.354999542236328,1892,0.0,0.0,0.0
2024-01-25 12:30:00-05:00,20.354999542236328,20.3799991607666,20.350000381469727,20.3700008392334,7493,0.0,0.0,0.0
2024-01-25 13:30:00-05:00,20.374000549316406,20.3799991607666,20.3612003326416,20.3799991607666,6191,0.0,0.0,0.0
2024-01-25 14:30:00-05:00,20.3799991607666,20.389999389648438,20.3799991607666,20.38990020751953,1774,0.0,0.0,0.0
2024-01-25 15:30:00-05:00,20.385000228881836,20.389999389648438,20.3799991607666,20.38010025024414,4977,0.0,0.0,0.0
2024-01-26 09:30:00-05:00,20.329999923706055,20.405000686645508,20.329999923706055,20.38010025024414,7008,0.0,0.0,0.0
2024-01-26 10:30:00-05:00,20.3799991607666,20.399999618530273,20.3799991607666,20.399999618530273,2939,0.0,0.0,0.0
2024-01-26 11:30:00-05:00,20.40999984741211,20.420000076293945,20.399999618530273,20.40999984741211,4897,0.0,0.0,0.0
2024-01-26 12:30:00-05:00,20.40999984741211,20.420000076293945,20.390100479125977,20.390100479125977,6823,0.0,0.0,0.0
2024-01-26 13:30:00-05:00,20.399999618530273,20.409900665283203,20.3799991607666,20.389999389648438,5020,0.0,0.0,0.0
2024-01-26 14:30:00-05:00,20.3799991607666,20.399999618530273,20.3799991607666,20.389999389648438,3961,0.0,0.0,0.0
2024-01-26 15:30:00-05:00,20.395000457763672,20.40999984741211,20.3799991607666,20.3799991607666,5309,0.0,0.0,0.0
2024-01-29 09:30:00-05:00,20.43000030517578,20.439899444580078,20.389999389648438,20.399999618530273,0,0.0,0.0,0.0
2024-01-29 10:30:00-05:00,20.396099090576172,20.40999984741211,20.37030029296875,20.389999389648438,4694,0.0,0.0,0.0
2024-01-29 11:30:00-05:00,20.389999389648438,20.40999984741211,20.360000610351562,20.3700008392334,5755,0.0,0.0,0.0
2024-01-29 12:30:00-05:00,20.3799991607666,20.389999389648438,20.379899978637695,20.38789939880371,5665,0.0,0.0,0.0
2024-01-29 13:30:00-05:00,20.3799991607666,20.399999618530273,20.3799991607666,20.398500442504883,14100,0.0,0.0,0.0
2024-01-29 14:30:00-05:00,20.395000457763672,20.440000534057617,20.389999389648438,20.440000534057617,8186,0.0,0.0,0.0
2024-01-29 15:30:00-05:00,20.432899475097656,20.489999771118164,20.420000076293945,20.450000762939453,0,0.0,0.0,0.0
2024-01-30 09:30:00-05:00,20.399999618530273,20.40999984741211,20.399999618530273,20.40999984741211,5714,0.0,0.0,0.0
2024-01-30 10:30:00-05:00,20.40019989013672,20.40999984741211,20.376800537109375,20.383399963378906,2871,0.0,0.0,0.0
2024-01-30 11:30:00-05:00,20.38990020751953,20.399999618530273,20.38990020751953,20.399999618530273,957,0.0,0.0,0.0
2024-01-30 12:30:00-05:00,20.40999984741211,20.40999984741211,20.3700008392334,20.3700008392334,5598,0.0,0.0,0.0
2024-01-30 13:30:00-05:00,20.375,20.40999984741211,20.375,20.40719985961914,2504,0.0,0.0,0.0
2024-01-30 14:30:00-05:00,20.389999389648438,20.40999984741211,20.389999389648438,20.40999984741211,2734,0.0,0.0,0.0
2024-01-30 15:30:00-05:00,20.40999984741211,20.40999984741211,20.399999618530273,20.403799057006836,1386,0.0,0.0,0.0
2024-01-31 09:30:00-05:00,20.440000534057617,20.458099365234375,20.43000030517578,20.43000030517578,0,0.0,0.0,0.0
2024-01-31 10:30:00-05:00,20.43000030517578,20.43000030517578,20.399999618530273,20.400100708007812,1879,0.0,0.0,0.0
2024-01-31 11:30:00-05:00,20.40089988708496,20.40999984741211,20.37070083618164,20.389999389648438,1551,0.0,0.0,0.0
2024-01-31 12:30:00-05:00,20.395000457763672,20.40999984741211,20.395000457763672,20.399999618530273,4300,0.0,0.0,0.0
2024-01-31 13:30:00-05:00,20.399999618530273,20.41990089416504,20.389999389648438,20.399999618530273,9536,0.0,0.0,0.0
2024-01-31 14:30:00-05:00,20.389999389648438,20.434999465942383,20.350000381469727,20.350099563598633,2936,0.0,0.0,0.0
2024-01-31 15:30:00-05:00,20.3700008392334,20.389999389648438,20.3700008392334,20.3700008392334,822,0.0,0.0,0.0
2024-02-01 09:30:00-05:00,20.43000030517578,20.43000030517578,20.31999969482422,20.40999984741211,0,0.0,0.0,0.0
2024-02-01 10:30:00-05:00,20.40999984741211,20.40999984741211,20.399999618530273,20.40999984741211,507,0.0,0.0,0.0
2024-02-01 11:30:00-05:00,20.399999618530273,20.420000076293945,20.389999389648438,20.40999984741211,2606,0.0,0.0,0.0
2024-02-01 12:30:00-05:00,20.40999984741211,20.450000762939453,20.40999984741211,20.440000534057617,3615,0.0,0.0,0.0
2024-02-01 13:30:00-05:00,20.42009925842285,20.5,20.42009925842285,20.489999771118164,6458,0.0,0.0,0.0
2024-02-01 14:30:00-05:00,20.489999771118164,20.5,20.485000610351562,20.5,4104,0.0,0.0,0.0
2024-02-01 15:30:00-05:00,20.489700317382812,20.489700317382812,20.450000762939453,20.459999084472656,0,0.0,0.0,0.0
2024-02-02 09:30:00-05:00,20.399999618530273,20.43000030517578,20.389999389648438,20.390100479125977,2267,0.0,0.0,0.0
2024-02-02 10:30:00-05:00,20.409099578857422,20.409099578857422,20.360000610351562,20.399999618530273,2754,0.0,0.0,0.0
2024-02-02 11:30:00-05:00,20.376300811767578,20.38949966430664,20.3700008392334,20.370100021362305,8599,0.0,0.0,0.0
2024-02-02 12:30:00-05:00,20.3700008392334,20.3799991607666,20.3700008392334,20.3799991607666,306,0.0,0.0,0.0
2024-02-02 13:30:00-05:00,20.375,20.386199951171875,20.375,20.3799991607666,1321,0.0,0.0,0.0
2024-02-02 14:30:00-05:00,20.40999984741211,20.40999984741211,20.399999618530273,20.405000686645508,934,0.0,0.0,0.0
2024-02-02 15:30:00-05:00,20.399999618530273,20.399999618530273,20.360000610351562,20.361600875854492,4998,0.0,0.0,0.0
2024-02-05 09:30:00-05:00,20.309999465942383,20.309999465942383,20.309999465942383,20.309999465942383,0,0.0,0.0,0.0
2024-02-05 10:30:00-05:00,20.280000686645508,20.290000915527344,20.25,20.250999450683594,8303,0.0,0.0,0.0
2024-02-05 11:30:00-05:00,20.268999099731445,20.270000457763672,20.256399154663086,20.270000457763672,1811,0.0,0.0,0.0
2024-02-05 12:30:00-05:00,20.284900665283203,20.284900665283203,20.270000457763672,20.280000686645508,2984,0.0,0.0,0.0
2024-02-05 13:30:00-05:00,20.269899368286133,20.270000457763672,20.25,20.260000228881836,2055,0.0,0.0,0.0
2024-02-05 14:30:00-05:00,20.270000457763672,20.290000915527344,20.26650047302246,20.28499984741211,6265,0.0,0.0,0.0
2024-02-05 15:30:00-05:00,20.280000686645508,20.290000915527344,20.274999618530273,20.274999618530273,658,0.0,0.0,0.0
2024-02-06 09:30:00-05:00,20.280000686645508,20.310100555419922,20.280000686645508,20.310100555419922,0,0.0,0.0,0.0
2024-02-06 10:30:00-05:00,20.326799392700195,20.326799392700195,20.326799392700195,20.326799392700195,713,0.0,0.0,0.0
2024-02-06 11:30:00-05:00,20.34000015258789,20.344999313354492,20.34000015258789,20.344999313354492,2931,0.0,0.0,0.0
2024-02-06 12:30:00-05:00,20.344999313354492,20.344999313354492,20.340099334716797,20.344999313354492,5798,0.0,0.0,0.0
2024-02-06 13:30:00-05:00,20.344999313354492,20.348100662231445,20.34000015258789,20.34000015258789,1916,0.0,0.0,0.0
2024-02-06 14:30:00-05:00,20.344999313354492,20.350000381469727,20.34000015258789,20.349899291992188,6155,0.0,0.0,0.0
2024-02-06 15:30:00-05:00,20.34980010986328,20.350000381469727,20.340200424194336,20.344999313354492,0,0.0,0.0,0.0
2024-02-07 09:30:00-05:00,20.360000610351562,20.385000228881836,20.350500106811523,20.382600784301758,4082,0.0,0.0,0.0
2024-02-07 10:30:00-05:00,20.3799991607666,20.3799991607666,20.350000381469727,20.37660026550293,734,0.0,0.0,0.0
2024-02-07 11:30:00-05:00,20.364999771118164,20.364999771118164,20.34040069580078,20.353200912475586,1328,0.0,0.0,0.0
2024-02-07 12:30:00-05:00,20.330299377441406,20.360000610351562,20.330299377441406,20.35849952697754,2152,0.0,0.0,0.0
2024-02-07 13:30:00-05:00,20.360000610351562,20.40999984741211,20.360000610351562,20.3799991607666,4137,0.0,0.0,0.0
2024-02-07 14:30:00-05:00,20.38990020751953,20.41990089416504,20.3799991607666,20.405000686645508,9854,0.0,0.0,0.0
2024-02-07 15:30:00-05:00,20.41990089416504,20.41990089416504,20.3799991607666,20.399999618530273,0,0.0,0.0,0.0
2024-02-08 09:30:00-05:00,20.3700008392334,20.3799991607666,20.360000610351562,20.3799991607666,8037,0.0,0.0,0.0
2024-02-08 10:30:00-05:00,20.3799991607666,20.389999389648438,20.3700008392334,20.3700008392334,2394,0.0,0.0,0.0
2024-02-08 11:30:00-05:00,20.375,20.389999389648438,20.36009979248047,20.389999389648438,3095,0.0,0.0,0.0
2024-02-08 12:30:00-05:00,20.364999771118164,20.420000076293945,20.36009979248047,20.389999389648438,8127,0.0,0.0,0.0
2024-02-08 13:30:00-05:00,20.389999389648438,20.399999618530273,20.3799991607666,20.39940071105957,1195,0.0,0.0,0.0
2024-02-08 14:30:00-05:00,20.390899658203125,20.390899658203125,20.387800216674805,20.387800216674805,1055,0.0,0.0,0.0
2024-02-08 15:30:00-05:00,20.385000228881836,20.399900436401367,20.3799991607666,20.3799991607666,0,0.0,0.0,0.0
2024-02-09 09:30:00-05:00,20.389999389648438,20.399900436401367,20.361400604248047,20.399900436401367,4152,0.0,0.0,0.0
2024-02-09 10:30:00-05:00,20.38990020751953,20.38990020751953,20.3799991607666,20.382999420166016,2496,0.0,0.0,0.0
2024-02-09 11:30:00-05:00,20.385000228881836,20.385000228881836,20.380300521850586,20.380300521850586,1357,0.0,0.0,0.0
2024-02-09 12:30:00-05:00,20.38990020751953,20.389999389648438,20.385000228881836,20.389999389648438,1050,0.0,0.0,0.0
2024-02-09 13:30:00-05:00,20.382999420166016,20.40999984741211,20.382999420166016,20.40999984741211,1603,0.0,0.0,0.0
2024-02-09 14:30:00-05:00,20.405000686645508,20.40999984741211,20.405000686645508,20.40999984741211,5105,0.0,0.0,0.0
2024-02-09 15:30:00-05:00,20.404699325561523,20.440000534057617,20.399999618530273,20.440000534057617,5496,0.0,0.0,0.0
2024-02-12 09:30:00-05:00,20.469999313354492,20.469999313354492,20.40999984741211,20.43000030517578,0,0.0,0.0,0.0
2024-02-12 10:30:00-05:00,20.40999984741211,20.412900924682617,20.40999984741211,20.412900924682617,1051,0.0,0.0,0.0
2024-02-12 11:30:00-05:00,20.450000762939453,20.459999084472656,20.449899673461914,20.450000762939453,738,0.0,0.0,0.0
2024-02-12 12:30:00-05:00,20.44409942626953,20.450000762939453,20.427200317382812,20.440000534057617,3801,0.0,0.0,0.0
2024-02-12 13:30:00-05:00,20.41010093688965,20.430099487304688,20.396099090576172,20.409900665283203,2014,0.0,0.0,0.0
2024-02-12 14:30:00-05:00,20.3799991607666,20.399999618530273,20.3799991607666,20.399900436401367,3251,0.0,0.0,0.0
2024-02-12 15:30:00-05:00,20.389999389648438,20.399999618530273,20.389999389648438,20.39929962158203,0,0.0,0.0,0.0
2024-02-13 09:30:00-05:00,20.257999420166016,20.270000457763672,20.239999771118164,20.270000457763672,1789,0.0,0.0,0.0
2024-02-13 10:30:00-05:00,20.270099639892578,20.278499603271484,20.250099182128906,20.250099182128906,4428,0.0,0.0,0.0
2024-02-13 11:30:00-05:00,20.25790023803711,20.25790023803711,20.239999771118164,20.2406005859375,1504,0.0,0.0,0.0
2024-02-13 13:30:00-05:00,20.25,20.260000228881836,20.239999771118164,20.258899688720703,2842,0.0,0.0,0.0
2024-02-13 14:30:00-05:00,20.190000534057617,20.219999313354492,20.190000534057617,20.209999084472656,8298,0.0,0.0,0.0
2024-02-13 15:30:00-05:00,20.204999923706055,20.209999084472656,20.204999923706055,20.209999084472656,0,0.0,0.0,0.0
2024-02-14 09:30:00-05:00,20.239999771118164,20.269899368286133,20.239999771118164,20.26799964904785,1220,0.0,0.0,0.0
2024-02-14 10:30:00-05:00,20.264999389648438,20.264999389648438,20.260000228881836,20.260000228881836,224,0.0,0.0,0.0
2024-02-14 11:30:00-05:00,20.264999389648438,20.265300750732422,20.264999389648438,20.265300750732422,19702,0.0,0.0,0.0
2024-02-14 12:30:00-05:00,20.267900466918945,20.309999465942383,20.260000228881836,20.309999465942383,10726,0.0,0.0,0.0
2024-02-14 13:30:00-05:00,20.295000076293945,20.296899795532227,20.295000076293945,20.295000076293945,2302,0.0,0.0,0.0
2024-02-14 14:30:00-05:00,20.329999923706055,20.329999923706055,20.290000915527344,20.309999465942383,10620,0.0,0.0,0.0
2024-02-14 15:30:00-05:00,20.280099868774414,20.290000915527344,20.280099868774414,20.290000915527344,1917,0.0,0.0,0.0
2024-02-15 09:30:00-05:00,20.3700008392334,20.3700008392334,20.340299606323242,20.349000930786133,0,0.0,0.0,0.0
2024-02-15 10:30:00-05:00,20.34000015258789,20.340099334716797,20.34000015258789,20.340099334716797,1622,0.0,0.0,0.0
2024-02-15 11:30:00-05:00,20.33009910583496,20.34000015258789,20.33009910583496,20.34000015258789,4894,0.0,0.0,0.0
2024-02-15 12:30:00-05:00,20.350000381469727,20.36949920654297,20.344999313354492,20.36949920654297,2328,0.0,0.0,0.0
2024-02-15 13:30:00-05:00,20.350000381469727,20.389999389648438,20.350000381469727,20.37849998474121,4866,0.0,0.0,0.0
2024-02-15 14:30:00-05:00,20.399999618530273,20.399999618530273,20.350000381469727,20.3700008392334,5603,0.0,0.0,0.0
2024-02-15 15:30:00-05:00,20.360000610351562,20.37420082092285,20.360000610351562,20.360000610351562,957,0.0,0.0,0.0
2024-02-16 09:30:00-05:00,20.329999923706055,20.34000015258789,20.290000915527344,20.324100494384766,0,0.0,0.0,0.0
2024-02-16 10:30:00-05:00,20.325000762939453,20.325000762939453,20.309999465942383,20.310100555419922,4030,0.0,0.0,0.0
2024-02-16 11:30:00-05:00,20.31999969482422,20.31999969482422,20.290000915527344,20.309999465942383,3747,0.0,0.0,0.0
2024-02-16 12:30:00-05:00,20.30500030517578,20.325000762939453,20.30500030517578,20.319900512695312,983,0.0,0.0,0.0
2024-02-16 13:30:00-05:00,20.290000915527344,20.30929946899414,20.290000915527344,20.30929946899414,973,0.0,0.0,0.0
2024-02-16 14:30:00-05:00,20.319900512695312,20.31999969482422,20.319900512695312,20.319900512695312,989,0.0,0.0,0.0
2024-02-16 15:30:00-05:00,20.295000076293945,20.295000076293945,20.28499984741211,20.295000076293945,3887,0.0,0.0,0.0
2024-02-20 09:30:00-05:00,20.280000686645508,20.309999465942383,20.280000686645508,20.299999237060547,0,0.0,0.0,0.0
2024-02-20 10:30:00-05:00,20.329999923706055,20.329999923706055,20.329999923706055,20.329999923706055,1045,0.0,0.0,0.0
2024-02-20 11:30:00-05:00,20.329999923706055,20.329999923706055,20.329999923706055,20.329999923706055,382,0.0,0.0,0.0
2024-02-20 13:30:00-05:00,20.34000015258789,20.36989974975586,20.34000015258789,20.360000610351562,1975,0.0,0.0,0.0
2024-02-20 14:30:00-05:00,20.34000015258789,20.36989974975586,20.34000015258789,20.34000015258789,3537,0.0,0.0,0.0
2024-02-20 15:30:00-05:00,20.34000015258789,20.353599548339844,20.330299377441406,20.34000015258789,0,0.0,0.0,0.0
2024-02-21 09:30:00-05:00,20.329999923706055,20.332199096679688,20.329999923706055,20.329999923706055,1382,0.0,0.0,0.0
2024-02-21 10:30:00-05:00,20.321500778198242,20.330799102783203,20.321500778198242,20.330799102783203,1925,0.0,0.0,0.0
2024-02-21 11:30:00-05:00,20.330799102783203,20.330799102783203,20.309999465942383,20.325000762939453,6471,0.0,0.0,0.0
2024-02-21 13:30:00-05:00,20.309999465942383,20.329999923706055,20.280000686645508,20.309999465942383,2252,0.0,0.0,0.0
2024-02-21 14:30:00-05:00,20.309999465942383,20.309999465942383,20.28030014038086,20.28030014038086,677,0.0,0.0,0.0
2024-02-21 15:30:00-05:00,20.299999237060547,20.300899505615234,20.299999237060547,20.299999237060547,611,0.0,0.0,0.0
2024-02-22 09:30:00-05:00,20.25,20.260000228881836,20.25,20.260000228881836,3368,0.0,0.0,0.0
2024-02-22 10:30:00-05:00,20.28499984741211,20.28499984741211,20.260000228881836,20.260000228881836,2081,0.0,0.0,0.0
2024-02-22 11:30:00-05:00,20.270000457763672,20.272199630737305,20.2549991607666,20.269899368286133,6699,0.0,0.0,0.0
2024-02-22 12:30:00-05:00,20.264999389648438,20.290000915527344,20.264999389648438,20.274999618530273,2170,0.0,0.0,0.0
2024-02-22 13:30:00-05:00,20.274999618530273,20.274999618530273,20.260099411010742,20.270000457763672,2037,0.0,0.0,0.0
2024-02-22 14:30:00-05:00,20.28499984741211,20.299999237060547,20.25,20.280000686645508,5098,0.0,0.0,0.0
2024-02-22 15:30:00-05:00,20.260000228881836,20.280000686645508,20.260000228881836,20.27079963684082,2366,0.0,0.0,0.0
2024-02-23 09:30:00-05:00,20.280000686645508,20.329999923706055,20.280000686645508,20.29010009765625,0,0.0,0.0,0.0
2024-02-23 10:30:00-05:00,20.318300247192383,20.31999969482422,20.280000686645508,20.280000686645508,966,0.0,0.0,0.0
2024-02-23 11:30:00-05:00,20.291000366210938,20.329999923706055,20.291000366210938,20.309999465942383,865,0.0,0.0,0.0
2024-02-23 12:30:00-05:00,20.300100326538086,20.329999923706055,20.300100326538086,20.329999923706055,3444,0.0,0.0,0.0
2024-02-23 13:30:00-05:00,20.34000015258789,20.34000015258789,20.299999237060547,20.301000595092773,1057,0.0,0.0,0.0
2024-02-23 14:30:00-05:00,20.299999237060547,20.329999923706055,20.290000915527344,20.303600311279297,6891,0.0,0.0,0.0
2024-02-23 15:30:00-05:00,20.309999465942383,20.329700469970703,20.299999237060547,20.299999237060547,5338,0.0,0.0,0.0
2024-02-26 09:30:00-05:00,20.280000686645508,20.31999969482422,20.274999618530273,20.29400062561035,0,0.0,0.0,0.0
2024-02-26 10:30:00-05:00,20.295000076293945,20.295000076293945,20.260000228881836,20.270000457763672,5320,0.0,0.0,0.0
2024-02-26 11:30:00-05:00,20.274999618530273,20.28499984741211,20.260000228881836,20.270000457763672,3172,0.0,0.0,0.0
2024-02-26 12:30:00-05:00,20.270000457763672,20.270000457763672,20.239999771118164,20.239999771118164,4933,0.0,0.0,0.0
2024-02-26 13:30:00-05:00,20.260000228881836,20.270000457763672,20.240999221801758,20.260000228881836,1556,0.0,0.0,0.0
2024-02-26 14:30:00-05:00,20.270000457763672,20.280000686645508,20.24799919128418,20.24799919128418,2987,0.0,0.0,0.0
2024-02-26 15:30:00-05:00,20.244699478149414,20.270000457763672,20.239999771118164,20.270000457763672,0,0.0,0.0,0.0
2024-02-27 09:30:00-05:00,20.25,20.269500732421875,20.219999313354492,20.252500534057617,4916,0.0,0.0,0.0
2024-02-27 10:30:00-05:00,20.260000228881836,20.270000457763672,20.25,20.260000228881836,2034,0.0,0.0,0.0
2024-02-27 11:30:00-05:00,20.229999542236328,20.229999542236328,20.219999313354492,20.219999313354492,7407,0.0,0.0,0.0
2024-02-27 12:30:00-05:00,20.219999313354492,20.225000381469727,20.219999313354492,20.225000381469727,380,0.0,0.0,0.0
2024-02-27 13:30:00-05:00,20.219999313354492,20.229999542236328,20.219999313354492,20.229999542236328,1665,0.0,0.0,0.0
2024-02-27 14:30:00-05:00,20.225000381469727,20.225000381469727,20.210100173950195,20.21500015258789,41068,0.0,0.0,0.0
2024-02-27 15:30:00-05:00,20.21500015258789,20.2450008392334,20.209999084472656,20.219999313354492,14999,0.0,0.0,0.0
2024-02-28 09:30:00-05:00,20.270000457763672,20.279499053955078,20.229999542236328,20.2450008392334,0,0.0,0.0,0.0
2024-02-28 10:30:00-05:00,20.2549991607666,20.25909996032715,20.2549991607666,20.25909996032715,2661,0.0,0.0,0.0
2024-02-28 11:30:00-05:00,20.25,20.2549991607666,20.25,20.25200080871582,1725,0.0,0.0,0.0
2024-02-28 12:30:00-05:00,20.260000228881836,20.260000228881836,20.25,20.25,1842,0.0,0.0,0.0
2024-02-28 13:30:00-05:00,20.25589942932129,20.270000457763672,20.2549991607666,20.270000457763672,9385,0.0,0.0,0.0
2024-02-28 14:30:00-05:00,20.260000228881836,20.264999389648438,20.25,20.25,1834,0.0,0.0,0.0
2024-02-28 15:30:00-05:00,20.280000686645508,20.280000686645508,20.25,20.260000228881836,3238,0.0,0.0,0.0
2024-02-29 09:30:00-05:00,20.31999969482422,20.329999923706055,20.271900177001953,20.280099868774414,0,0.0,0.0,0.0
2024-02-29 10:30:00-05:00,20.280000686645508,20.280000686645508,20.280000686645508,20.280000686645508,283,0.0,0.0,0.0
2024-02-29 11:30:00-05:00,20.270000457763672,20.360000610351562,20.270000457763672,20.309999465942383,12463,0.0,0.0,0.0
2024-02-29 12:30:00-05:00,20.295400619506836,20.295400619506836,20.295400619506836,20.295400619506836,575,0.0,0.0,0.0
2024-02-29 13:30:00-05:00,20.295000076293945,20.319499969482422,20.295000076293945,20.319499969482422,565,0.0,0.0,0.0
2024-02-29 14:30:00-05:00,20.299999237060547,20.299999237060547,20.27910041809082,20.280000686645508,1484,0.0,0.0,0.0
2024-02-29 15:30:00-05:00,20.280000686645508,20.31999969482422,20.280000686645508,20.290000915527344,9635,0.0,0.0,0.0
2024-03-01 09:30:00-05:00,20.270000457763672,20.325000762939453,20.270000457763672,20.325000762939453,0,0.0,0.0,0.0
2024-03-01 10:30:00-05:00,20.34000015258789,20.3700008392334,20.31999969482422,20.354999542236328,3079,0.0,0.0,0.0
2024-03-01 11:30:00-05:00,20.3528995513916,20.354999542236328,20.350099563598633,20.350099563598633,1155,0.0,0.0,0.0
2024-03-01 12:30:00-05:00,20.3705997467041,20.3799991607666,20.360000610351562,20.360000610351562,1006,0.0,0.0,0.0
2024-03-01 13:30:00-05:00,20.3799991607666,20.389999389648438,20.350000381469727,20.360000610351562,42758,0.0,0.0,0.0
2024-03-01 14:30:00-05:00,20.3700008392334,20.385000228881836,20.360000610351562,20.3799991607666,6932,0.0,0.0,0.0
2024-03-01 15:30:00-05:00,20.3799991607666,20.389999389648438,20.3700008392334,20.389999389648438,860,0.0,0.0,0.0
2024-03-04 09:30:00-05:00,20.389999389648438,20.389999389648438,20.34000015258789,20.34000015258789,0,0.0,0.0,0.0
2024-03-04 10:30:00-05:00,20.350000381469727,20.3700008392334,20.340700149536133,20.3700008392334,1145,0.0,0.0,0.0
2024-03-04 11:30:00-05:00,20.34000015258789,20.3700008392334,20.34000015258789,20.354999542236328,3723,0.0,0.0,0.0
2024-03-04 12:30:00-05:00,20.356300354003906,20.360000610351562,20.356300354003906,20.360000610351562,1426,0.0,0.0,0.0
2024-03-04 13:30:00-05:00,20.360000610351562,20.3700008392334,20.340900421142578,20.354999542236328,4422,0.0,0.0,0.0
2024-03-04 14:30:00-05:00,20.3700008392334,20.3700008392334,20.36009979248047,20.36009979248047,3824,0.0,0.0,0.0
2024-03-04 15:30:00-05:00,20.360300064086914,20.3700008392334,20.360000610351562,20.360000610351562,3770,0.0,0.0,0.0
2024-03-05 09:30:00-05:00,20.360000610351562,20.400800704956055,20.360000610351562,20.400800704956055,4832,0.0,0.0,0.0
2024-03-05 10:30:00-05:00,20.38089942932129,20.389999389648438,20.3700008392334,20.389999389648438,2006,0.0,0.0,0.0
2024-03-05 11:30:00-05:00,20.389999389648438,20.389999389648438,20.3700008392334,20.389999389648438,3591,0.0,0.0,0.0
2024-03-05 12:30:00-05:00,20.360000610351562,20.385000228881836,20.360000610351562,20.36009979248047,1791,0.0,0.0,0.0
2024-03-05 13:30:00-05:00,20.3700008392334,20.375,20.360000610351562,20.3700008392334,2432,0.0,0.0,0.0
2024-03-05 14:30:00-05:00,20.351299285888672,20.36989974975586,20.329999923706055,20.350000381469727,2068,0.0,0.0,0.0
2024-03-05 15:30:00-05:00,20.350000381469727,20.3799991607666,20.340099334716797,20.3799991607666,3601,0.0,0.0,0.0
2024-03-06 09:30:00-05:00,20.399999618530273,20.399999618530273,20.399999618530273,20.399999618530273,360,0.0,0.0,0.0
2024-03-06 10:30:00-05:00,20.40999984741211,20.41010093688965,20.40999984741211,20.41010093688965,687,0.0,0.0,0.0
2024-03-06 11:30:00-05:00,20.399999618530273,20.43000030517578,20.389999389648438,20.417299270629883,2203,0.0,0.0,0.0
2024-03-06 12:30:00-05:00,20.43000030517578,20.4325008392334,20.43000030517578,20.4325008392334,3520,0.0,0.0,0.0
2024-03-06 13:30:00-05:00,20.43000030517578,20.43000030517578,20.43000030517578,20.43000030517578,1402,0.0,0.0,0.0
2024-03-06 14:30:00-05:00,20.42930030822754,20.431699752807617,20.398500442504883,20.415000915527344,5184,0.0,0.0,0.0
2024-03-06 15:30:00-05:00,20.41010093688965,20.420000076293945,20.40999984741211,20.420000076293945,0,0.0,0.0,0.0
2024-03-07 09:30:00-05:00,20.440000534057617,20.450000762939453,20.43000030517578,20.434999465942383,1437,0.0,0.0,0.0
2024-03-07 10:30:00-05:00,20.424999237060547,20.424999237060547,20.424999237060547,20.424999237060547,190,0.0,0.0,0.0
2024-03-07 11:30:00-05:00,20.42020034790039,20.43000030517578,20.40999984741211,20.43000030517578,4475,0.0,0.0,0.0
2024-03-07 12:30:00-05:00,20.424999237060547,20.440000534057617,20.419700622558594,20.424999237060547,6137,0.0,0.0,0.0
2024-03-07 13:30:00-05:00,20.43000030517578,20.43000030517578,20.399999618530273,20.399999618530273,4240,0.0,0.0,0.0
2024-03-07 14:30:00-05:00,20.420000076293945,20.450000762939453,20.40999984741211,20.43000030517578,11127,0.0,0.0,0.0
2024-03-07 15:30:00-05:00,20.450000762939453,20.459999084472656,20.43000030517578,20.43779945373535,0,0.0,0.0,0.0
2024-03-08 09:30:00-05:00,20.440000534057617,20.5,20.440000534057617,20.489999771118164,18667,0.0,0.0,0.0
2024-03-08 10:30:00-05:00,20.479999542236328,20.489999771118164,20.450000762939453,20.450000762939453,1340,0.0,0.0,0.0
2024-03-08 11:30:00-05:00,20.450000762939453,20.459999084472656,20.44499969482422,20.450000762939453,1166,0.0,0.0,0.0
2024-03-08 12:30:00-05:00,20.454999923706055,20.45989990234375,20.450000762939453,20.450000762939453,2120,0.0,0.0,0.0
2024-03-08 13:30:00-05:00,20.440000534057617,20.440000534057617,20.420000076293945,20.434999465942383,9020,0.0,0.0,0.0
2024-03-08 14:30:00-05:00,20.434999465942383,20.450000762939453,20.434999465942383,20.44499969482422,4959,0.0,0.0,0.0
2024-03-08 15:30:00-05:00,20.440000534057617,20.469900131225586,20.440000534057617,20.459999084472656,11638,0.0,0.0,0.0
2024-03-11 09:30:00-04:00,20.440000534057617,20.440000534057617,20.440000534057617,20.440000534057617,0,0.0,0.0,0.0
2024-03-11 10:30:00-04:00,20.429899215698242,20.440000534057617,20.429899215698242,20.440000534057617,916,0.0,0.0,0.0
2024-03-11 11:30:00-04:00,20.440000534057617,20.459999084472656,20.420000076293945,20.420000076293945,3849,0.0,0.0,0.0
2024-03-11 12:30:00-04:00,20.440000534057617,20.45989990234375,20.439899444580078,20.440000534057617,3324,0.0,0.0,0.0
2024-03-11 13:30:00-04:00,20.420000076293945,20.4237003326416,20.420000076293945,20.4237003326416,591,0.0,0.0,0.0
2024-03-11 14:30:00-04:00,20.43000030517578,20.450000762939453,20.420000076293945,20.450000762939453,874,0.0,0.0,0.0
2024-03-11 15:30:00-04:00,20.43000030517578,20.479900360107422,20.43000030517578,20.450000762939453,0,0.0,0.0,0.0
2024-03-12 09:30:00-04:00,20.450000762939453,20.450000762939453,20.420000076293945,20.43709945678711,914,0.0,0.0,0.0
2024-03-12 10:30:00-04:00,20.440000534057617,20.469999313354492,20.440000534057617,20.459999084472656,7164,0.0,0.0,0.0
2024-03-12 11:30:00-04:00,20.459999084472656,20.459999084472656,20.430200576782227,20.440000534057617,1867,0.0,0.0,0.0
2024-03-12 12:30:00-04:00,20.450000762939453,20.450000762939453,20.420000076293945,20.420000076293945,3827,0.0,0.0,0.0
2024-03-12 13:30:00-04:00,20.420000076293945,20.440000534057617,20.420000076293945,20.440000534057617,1915,0.0,0.0,0.0
2024-03-12 14:30:00-04:00,20.420000076293945,20.450000762939453,20.40999984741211,20.440000534057617,24241,0.0,0.0,0.0
2024-03-12 15:30:00-04:00,20.450000762939453,20.459999084472656,20.434999465942383,20.459999084472656,3154,0.0,0.0,0.0
2024-03-13 09:30:00-04:00,20.440000534057617,20.469999313354492,20.440000534057617,20.45009994506836,0,0.0,0.0,0.0
2024-03-13 10:30:00-04:00,20.459999084472656,20.469999313354492,20.459999084472656,20.462200164794922,789,0.0,0.0,0.0
2024-03-13 11:30:00-04:00,20.479999542236328,20.479999542236328,20.459999084472656,20.47100067138672,3391,0.0,0.0,0.0
2024-03-13 12:30:00-04:00,20.479900360107422,20.4950008392334,20.475000381469727,20.489999771118164,8209,0.0,0.0,0.0
2024-03-13 13:30:00-04:00,20.479999542236328,20.49519920349121,20.46649932861328,20.489999771118164,6588,0.0,0.0,0.0
2024-03-13 14:30:00-04:00,20.470300674438477,20.5,20.46980094909668,20.48509979248047,3550,0.0,0.0,0.0
2024-03-13 15:30:00-04:00,20.469999313354492,20.489999771118164,20.469999313354492,20.489999771118164,14092,0.0,0.0,0.0
2024-03-14 09:30:00-04:00,20.450000762939453,20.450000762939453,20.405000686645508,20.41790008544922,1968,0.0,0.0,0.0
2024-03-14 10:30:00-04:00,20.399999618530273,20.399999618530273,20.399999618530273,20.399999618530273,251,0.0,0.0,0.0
2024-03-14 11:30:00-04:00,20.385000228881836,20.399900436401367,20.379899978637695,20.399900436401367,1295,0.0,0.0,0.0
2024-03-14 12:30:00-04:00,20.3799991607666,20.3799991607666,20.3799991607666,20.3799991607666,290,0.0,0.0,0.0
2024-03-14 13:30:00-04:00,20.389999389648438,20.399999618530273,20.389999389648438,20.399999618530273,544,0.0,0.0,0.0
2024-03-14 14:30:00-04:00,20.3799991607666,20.38990020751953,20.3799991607666,20.3799991607666,1594,0.0,0.0,0.0
2024-03-14 15:30:00-04:00,20.3799991607666,20.389999389648438,20.37070083618164,20.37070083618164,5684,0.0,0.0,0.0
2024-03-15 09:30:00-04:00,20.360000610351562,20.360000610351562,20.329999923706055,20.35770034790039,5352,0.0,0.0,0.0
2024-03-15 10:30:00-04:00,20.359899520874023,20.36989974975586,20.350500106811523,20.350500106811523,2806,0.0,0.0,0.0
2024-03-15 11:30:00-04:00,20.360000610351562,20.36989974975586,20.34000015258789,20.350000381469727,5126,0.0,0.0,0.0
2024-03-15 12:30:00-04:00,20.360000610351562,20.36669921875,20.350000381469727,20.36669921875,5279,0.0,0.0,0.0
2024-03-15 13:30:00-04:00,20.34000015258789,20.36009979248047,20.34000015258789,20.36009979248047,2269,0.0,0.0,0.0
2024-03-15 14:30:00-04:00,20.3700008392334,20.3700008392334,20.36199951171875,20.364999771118164,5625,0.0,0.0,0.0
2024-03-15 15:30:00-04:00,20.364999771118164,20.364999771118164,20.34000015258789,20.350200653076172,674,0.0,0.0,0.0
2024-03-18 09:30:00-04:00,20.399999618530273,20.400100708007812,20.399999618530273,20.400100708007812,0,0.0,0.0,0.0
2024-03-18 10:30:00-04:00,20.382299423217773,20.382299423217773,20.3799991607666,20.3799991607666,756,0.0,0.0,0.0
2024-03-18 11:30:00-04:00,20.375,20.379899978637695,20.375,20.379899978637695,434,0.0,0.0,0.0
2024-03-18 12:30:00-04:00,20.37969970703125,20.395000457763672,20.375,20.392900466918945,4427,0.0,0.0,0.0
2024-03-18 13:30:00-04:00,20.3799991607666,20.3799991607666,20.360000610351562,20.360000610351562,19422,0.0,0.0,0.0
2024-03-18 14:30:00-04:00,20.360200881958008,20.364999771118164,20.360000610351562,20.360200881958008,4049,0.0,0.0,0.0
2024-03-18 15:30:00-04:00,20.3700008392334,20.3700008392334,20.360000610351562,20.364999771118164,2462,0.0,0.0,0.0
2024-03-19 09:30:00-04:00,20.3700008392334,20.42799949645996,20.3700008392334,20.42799949645996,0,0.0,0.0,0.0
2024-03-19 10:30:00-04:00,20.413999557495117,20.43000030517578,20.413999557495117,20.43000030517578,2749,0.0,0.0,0.0
2024-03-19 11:30:00-04:00,20.440000534057617,20.440000534057617,20.43000030517578,20.43000030517578,2501,0.0,0.0,0.0
2024-03-19 12:30:00-04:00,20.440000534057617,20.479999542236328,20.434999465942383,20.46969985961914,7928,0.0,0.0,0.0
2024-03-19 13:30:00-04:00,20.46500015258789,20.479900360107422,20.459999084472656,20.459999084472656,3112,0.0,0.0,0.0
2024-03-19 14:30:00-04:00,20.469900131225586,20.469999313354492,20.450000762939453,20.469900131225586,2721,0.0,0.0,0.0
2024-03-19 15:30:00-04:00,20.459999084472656,20.459999084472656,20.450000762939453,20.454999923706055,6760,0.0,0.0,0.0
2024-03-20 09:30:00-04:00,20.469999313354492,20.469999313354492,20.46419906616211,20.46419906616211,0,0.0,0.0,0.0
2024-03-20 10:30:00-04:00,20.47010040283203,20.479999542236328,20.459999084472656,20.479999542236328,948,0.0,0.0,0.0
2024-03-20 11:30:00-04:00,20.463699340820312,20.463699340820312,20.459999084472656,20.459999084472656,19812,0.0,0.0,0.0
2024-03-20 12:30:00-04:00,20.462600708007812,20.469999313354492,20.450000762939453,20.450199127197266,11616,0.0,0.0,0.0
2024-03-20 13:30:00-04:00,20.440200805664062,20.469900131225586,20.440000534057617,20.469900131225586,4862,0.0,0.0,0.0
2024-03-20 14:30:00-04:00,20.454999923706055,20.46500015258789,20.454999923706055,20.46500015258789,1972,0.0,0.0,0.0
2024-03-20 15:30:00-04:00,20.46500015258789,20.559900283813477,20.46500015258789,20.510000228881836,0,0.0,0.0,0.0
2024-03-21 09:30:00-04:00,20.469999313354492,20.469999313354492,20.43869972229004,20.43869972229004,4914,0.0,0.0,0.0
2024-03-21 10:30:00-04:00,20.430099487304688,20.430099487304688,20.3799991607666,20.420000076293945,2609,0.0,0.0,0.0
2024-03-21 11:30:00-04:00,20.410400390625,20.429800033569336,20.389999389648438,20.389999389648438,9099,0.0,0.0,0.0
2024-03-21 12:30:00-04:00,20.40999984741211,20.40999984741211,20.389999389648438,20.389999389648438,1921,0.0,0.0,0.0
2024-03-21 13:30:00-04:00,20.399999618530273,20.399999618530273,20.3799991607666,20.38990020751953,6209,0.0,0.0,0.0
2024-03-21 14:30:00-04:00,20.40999984741211,20.43000030517578,20.40999984741211,20.41390037536621,2486,0.0,0.0,0.0
2024-03-21 15:30:00-04:00,20.415000915527344,20.43000030517578,20.399999618530273,20.43000030517578,2971,0.0,0.0,0.0
2024-03-22 09:30:00-04:00,20.440000534057617,20.440000534057617,20.422100067138672,20.422100067138672,0,0.0,0.0,0.0
2024-03-22 10:30:00-04:00,20.41010093688965,20.420000076293945,20.41010093688965,20.420000076293945,1465,0.0,0.0,0.0
2024-03-22 11:30:00-04:00,20.420000076293945,20.420000076293945,20.3799991607666,20.38010025024414,5949,0.0,0.0,0.0
2024-03-22 12:30:00-04:00,20.399999618530273,20.40999984741211,20.389999389648438,20.40999984741211,2292,0.0,0.0,0.0
2024-03-22 13:30:00-04:00,20.405000686645508,20.405000686645508,20.38800048828125,20.38800048828125,935,0.0,0.0,0.0
2024-03-22 14:30:00-04:00,20.40999984741211,20.40999984741211,20.3799991607666,20.3799991607666,2955,0.0,0.0,0.0
2024-03-22 15:30:00-04:00,20.399999618530273,20.40999984741211,20.389999389648438,20.389999389648438,851,0.0,0.0,0.0
2024-03-25 09:30:00-04:00,20.3700008392334,20.389999389648438,20.3700008392334,20.389999389648438,0,0.0,0.0,0.0
2024-03-25 10:30:00-04:00,20.389999389648438,20.389999389648438,20.3700008392334,20.3700008392334,750,0.0,0.0,0.0
2024-03-25 11:30:00-04:00,20.3799991607666,20.3799991607666,20.364999771118164,20.375,5957,0.0,0.0,0.0
2024-03-25 12:30:00-04:00,20.38990020751953,20.389999389648438,20.368999481201172,20.3799991607666,1669,0.0,0.0,0.0
2024-03-25 13:30:00-04:00,20.40999984741211,20.40999984741211,20.360000610351562,20.3799991607666,2928,0.0,0.0,0.0
2024-03-25 14:30:00-04:00,20.373300552368164,20.389999389648438,20.3700008392334,20.375,3342,0.0,0.0,0.0
2024-03-25 15:30:00-04:00,20.3799991607666,20.389999389648438,20.375,20.375,1497,0.0,0.0,0.0
2024-03-26 09:30:00-04:00,20.360000610351562,20.360000610351562,20.360000610351562,20.360000610351562,0,0.0,0.0,0.0
2024-03-26 10:30:00-04:00,20.360000610351562,20.360000610351562,20.34000015258789,20.350000381469727,5059,0.0,0.0,0.0
2024-03-26 11:30:00-04:00,20.350000381469727,20.360000610351562,20.329999923706055,20.340099334716797,3590,0.0,0.0,0.0
2024-03-26 12:30:00-04:00,20.360000610351562,20.36989974975586,20.34000015258789,20.340099334716797,3596,0.0,0.0,0.0
2024-03-26 13:30:00-04:00,20.352500915527344,20.3700008392334,20.350000381469727,20.360000610351562,4671,0.0,0.0,0.0
2024-03-26 14:30:00-04:00,20.360000610351562,20.3700008392334,20.34000015258789,20.350000381469727,22794,0.0,0.0,0.0
2024-03-26 15:30:00-04:00,20.350000381469727,20.350000381469727,20.329999923706055,20.34000015258789,1808,0.0,0.0,0.0
2024-03-27 09:30:00-04:00,20.360000610351562,20.375,20.360000610351562,20.360000610351562,12450,0.0,0.0,0.0
2024-03-27 10:30:00-04:00,20.3700008392334,20.3799991607666,20.3700008392334,20.3799991607666,980,0.0,0.0,0.0
2024-03-27 11:30:00-04:00,20.3700008392334,20.3799991607666,20.3700008392334,20.3799991607666,2790,0.0,0.0,0.0
2024-03-27 12:30:00-04:00,20.3799991607666,20.393800735473633,20.3799991607666,20.389999389648438,1524,0.0,0.0,0.0
2024-03-27 13:30:00-04:00,20.389999389648438,20.399999618530273,20.389999389648438,20.399999618530273,2318,0.0,0.0,0.0
2024-03-27 14:30:00-04:00,20.3799991607666,20.399999618530273,20.3799991607666,20.399999618530273,5184,0.0,0.0,0.0
2024-03-27 15:30:00-04:00,20.420000076293945,20.424999237060547,20.40999984741211,20.40999984741211,645,0.0,0.0,0.0
2024-03-28 09:30:00-04:00,20.389999389648438,20.43950080871582,20.387500762939453,20.41990089416504,0,0.0,0.0,0.0
2024-03-28 10:30:00-04:00,20.420000076293945,20.43939971923828,20.420000076293945,20.43000030517578,2192,0.0,0.0,0.0
2024-03-28 11:30:00-04:00,20.425899505615234,20.43000030517578,20.425899505615234,20.43000030517578,1602,0.0,0.0,0.0
2024-03-28 12:30:00-04:00,20.420000076293945,20.420000076293945,20.394699096679688,20.394699096679688,1053,0.0,0.0,0.0
2024-03-28 13:30:00-04:00,20.3799991607666,20.399999618530273,20.3799991607666,20.395000457763672,9328,0.0,0.0,0.0
2024-03-28 14:30:00-04:00,20.389999389648438,20.40999984741211,20.389999389648438,20.40999984741211,1460,0.0,0.0,0.0
2024-03-28 15:30:00-04:00,20.399999618530273,20.399999618530273,20.395000457763672,20.395000457763672,100,0.0,0.0,0.0
2024-04-01 09:30:00-04:00,20.371999740600586,20.371999740600586,20.329999923706055,20.334999084472656,0,0.0,0.0,0.0
2024-04-01 10:30:00-04:00,20.34000015258789,20.34000015258789,20.31999969482422,20.31999969482422,15755,0.0,0.0,0.0
2024-04-01 11:30:00-04:00,20.31999969482422,20.329999923706055,20.319799423217773,20.319799423217773,2742,0.0,0.0,0.0
2024-04-01 12:30:00-04:00,20.32309913635254,20.325000762939453,20.315000534057617,20.319900512695312,2446,0.0,0.0,0.0
2024-04-01 13:30:00-04:00,20.310199737548828,20.32670021057129,20.309999465942383,20.315000534057617,10678,0.0,0.0,0.0
2024-04-01 14:30:00-04:00,20.3174991607666,20.325000762939453,20.309999465942383,20.309999465942383,7425,0.0,0.0,0.0
2024-04-01 15:30:00-04:00,20.309999465942383,20.31999969482422,20.299999237060547,20.31999969482422,15513,0.0,0.0,0.0
2024-04-02 09:30:00-04:00,20.229999542236328,20.2549991607666,20.229999542236328,20.2549991607666,0,0.0,0.0,0.0
2024-04-02 10:30:00-04:00,20.251100540161133,20.251100540161133,20.251100540161133,20.251100540161133,1031,0.0,0.0,0.0
2024-04-02 11:30:00-04:00,20.219999313354492,20.229999542236328,20.219999313354492,20.229999542236328,5008,0.0,0.0,0.0
2024-04-02 12:30:00-04:00,20.239999771118164,20.25,20.239999771118164,20.2450008392334,2140,0.0,0.0,0.0
2024-04-02 13:30:00-04:00,20.25,20.260000228881836,20.239999771118164,20.25,7993,0.0,0.0,0.0
2024-04-02 14:30:00-04:00,20.25510025024414,20.260000228881836,20.239999771118164,20.260000228881836,5427,0.0,0.0,0.0
2024-04-02 15:30:00-04:00,20.260000228881836,20.280000686645508,20.252199172973633,20.27899932861328,2171,0.0,0.0,0.0
2024-04-03 09:30:00-04:00,20.229999542236328,20.260000228881836,20.229999542236328,20.25,0,0.0,0.0,0.0
2024-04-03 10:30:00-04:00,20.25,20.280000686645508,20.25,20.280000686645508,7443,0.0,0.0,0.0
2024-04-03 11:30:00-04:00,20.280000686645508,20.290000915527344,20.270000457763672,20.290000915527344,8601,0.0,0.0,0.0
2024-04-03 12:30:00-04:00,20.299999237060547,20.299999237060547,20.28019905090332,20.299999237060547,2421,0.0,0.0,0.0
2024-04-03 13:30:00-04:00,20.29199981689453,20.309999465942383,20.29199981689453,20.299999237060547,2430,0.0,0.0,0.0
2024-04-03 14:30:00-04:00,20.299999237060547,20.300100326538086,20.280000686645508,20.299999237060547,2297,0.0,0.0,0.0
2024-04-03 15:30:00-04:00,20.299999237060547,20.299999237060547,20.299999237060547,20.299999237060547,1779,0.0,0.0,0.0
2024-04-04 09:30:00-04:00,20.329999923706055,20.34000015258789,20.320100784301758,20.331100463867188,2378,0.0,0.0,0.0
2024-04-04 10:30:00-04:00,20.31999969482422,20.34000015258789,20.31999969482422,20.329999923706055,6917,0.0,0.0,0.0
2024-04-04 11:30:00-04:00,20.329999923706055,20.3700008392334,20.329999923706055,20.360000610351562,9870,0.0,0.0,0.0
2024-04-04 12:30:00-04:00,20.350000381469727,20.360000610351562,20.350000381469727,20.350000381469727,7706,0.0,0.0,0.0
2024-04-04 13:30:00-04:00,20.34000015258789,20.350000381469727,20.299999237060547,20.299999237060547,8325,0.0,0.0,0.0
2024-04-04 14:30:00-04:00,20.299999237060547,20.299999237060547,20.270200729370117,20.274999618530273,3108,0.0,0.0,0.0
2024-04-04 15:30:00-04:00,20.24690055847168,20.280000686645508,20.240100860595703,20.270000457763672,0,0.0,0.0,0.0
2024-04-05 09:30:00-04:00,20.24530029296875,20.260000228881836,20.24530029296875,20.260000228881836,1672,0.0,0.0,0.0
2024-04-05 10:30:00-04:00,20.270000457763672,20.270000457763672,20.247699737548828,20.260000228881836,724,0.0,0.0,0.0
2024-04-05 11:30:00-04:00,20.27199935913086,20.280099868774414,20.260000228881836,20.280000686645508,4548,0.0,0.0,0.0
2024-04-05 12:30:00-04:00,20.270000457763672,20.280000686645508,20.270000457763672,20.280000686645508,894,0.0,0.0,0.0
2024-04-05 13:30:00-04:00,20.270000457763672,20.270000457763672,20.260000228881836,20.270000457763672,8303,0.0,0.0,0.0
2024-04-05 14:30:00-04:00,20.270000457763672,20.270000457763672,20.2549991607666,20.260000228881836,2718,0.0,0.0,0.0
2024-04-05 15:30:00-04:00,20.259899139404297,20.259899139404297,20.256999969482422,20.256999969482422,487,0.0,0.0,0.0
2024-04-08 09:30:00-04:00,20.25,20.25,20.25,20.25,0,0.0,0.0,0.0
2024-04-08 10:30:00-04:00,20.270099639892578,20.289499282836914,20.270099639892578,20.280000686645508,2985,0.0,0.0,0.0
2024-04-08 11:30:00-04:00,20.281700134277344,20.290000915527344,20.27120018005371,20.290000915527344,3573,0.0,0.0,0.0
2024-04-08 12:30:00-04:00,20.272499084472656,20.27989959716797,20.272499084472656,20.27989959716797,903,0.0,0.0,0.0
2024-04-08 13:30:00-04:00,20.290000915527344,20.31999969482422,20.289899826049805,20.309999465942383,10972,0.0,0.0,0.0
2024-04-08 14:30:00-04:00,20.309999465942383,20.31999969482422,20.300100326538086,20.300100326538086,3088,0.0,0.0,0.0
2024-04-08 15:30:00-04:00,20.309900283813477,20.309999465942383,20.29010009765625,20.309999465942383,11417,0.0,0.0,0.0
2024-04-09 09:30:00-04:00,20.329999923706055,20.350000381469727,20.329999923706055,20.34000015258789,0,0.0,0.0,0.0
2024-04-09 10:30:00-04:00,20.34000015258789,20.350000381469727,20.310100555419922,20.349899291992188,8707,0.0,0.0,0.0
2024-04-09 11:30:00-04:00,20.340099334716797,20.350000381469727,20.329999923706055,20.349899291992188,11664,0.0,0.0,0.0
2024-04-09 12:30:00-04:00,20.34000015258789,20.360000610351562,20.33009910583496,20.360000610351562,2516,0.0,0.0,0.0
2024-04-09 13:30:00-04:00,20.350000381469727,20.350000381469727,20.322200775146484,20.322200775146484,4563,0.0,0.0,0.0
2024-04-09 14:30:00-04:00,20.320100784301758,20.34000015258789,20.320100784301758,20.34000015258789,6395,0.0,0.0,0.0
2024-04-09 15:30:00-04:00,20.354999542236328,20.360000610351562,20.340099334716797,20.360000610351562,0,0.0,0.0,0.0
2024-04-10 09:30:00-04:00,20.219999313354492,20.229999542236328,20.219999313354492,20.219999313354492,7241,0.0,0.0,0.0
2024-04-10 10:30:00-04:00,20.190000534057617,20.209999084472656,20.190000534057617,20.209999084472656,2641,0.0,0.0,0.0
2024-04-10 11:30:00-04:00,20.179899215698242,20.18000030517578,20.15999984741211,20.18000030517578,5045,0.0,0.0,0.0
2024-04-10 12:30:00-04:00,20.190000534057617,20.190000534057617,20.129899978637695,20.140399932861328,3746,0.0,0.0,0.0
2024-04-10 13:30:00-04:00,20.149999618530273,20.155000686645508,20.1299991607666,20.155000686645508,1143,0.0,0.0,0.0
2024-04-10 14:30:00-04:00,20.149999618530273,20.15999984741211,20.139999389648438,20.15999984741211,3750,0.0,0.0,0.0
2024-04-10 15:30:00-04:00,20.149999618530273,20.165000915527344,20.149999618530273,20.165000915527344,0,0.0,0.0,0.0
2024-04-11 09:30:00-04:00,20.200000762939453,20.200000762939453,20.100000381469727,20.100000381469727,10130,0.0,0.0,0.0
2024-04-11 10:30:00-04:00,20.100000381469727,20.1299991607666,20.09000015258789,20.100000381469727,6311,0.0,0.0,0.0
2024-04-11 11:30:00-04:00,20.09000015258789,20.1200008392334,20.09000015258789,20.100000381469727,3699,0.0,0.0,0.0
2024-04-11 12:30:00-04:00,20.100299835205078,20.139999389648438,20.079999923706055,20.139999389648438,2933,0.0,0.0,0.0
2024-04-11 13:30:00-04:00,20.139999389648438,20.15999984741211,20.139999389648438,20.15999984741211,2288,0.0,0.0,0.0
2024-04-11 14:30:00-04:00,20.16990089416504,20.16990089416504,20.1299991607666,20.139999389648438,5996,0.0,0.0,0.0
2024-04-11 15:30:00-04:00,20.139999389648438,20.149900436401367,20.1299991607666,20.145000457763672,2379,0.0,0.0,0.0
2024-04-12 09:30:00-04:00,20.110000610351562,20.149999618530273,20.110000610351562,20.1200008392334,0,0.0,0.0,0.0
2024-04-12 10:30:00-04:00,20.11989974975586,20.139999389648438,20.11989974975586,20.13990020751953,2428,0.0,0.0,0.0
2024-04-12 11:30:00-04:00,20.1299991607666,20.139999389648438,20.112499237060547,20.1200008392334,3071,0.0,0.0,0.0
2024-04-12 12:30:00-04:00,20.104999542236328,20.135099411010742,20.104999542236328,20.124000549316406,1009,0.0,0.0,0.0
2024-04-12 13:30:00-04:00,20.100000381469727,20.1200008392334,20.09000015258789,20.110000610351562,34007,0.0,0.0,0.0
2024-04-12 14:30:00-04:00,20.1200008392334,20.129899978637695,20.1200008392334,20.1200008392334,1509,0.0,0.0,0.0
2024-04-12 15:30:00-04:00,20.139999389648438,20.139999389648438,20.12980079650879,20.136899948120117,696,0.0,0.0,0.0
2024-04-15 09:30:00-04:00,20.110000610351562,20.110000610351562,20.059999465942383,20.083900451660156,0,0.0,0.0,0.0
2024-04-15 10:30:00-04:00,20.079999923706055,20.099899291992188,20.040000915527344,20.059999465942383,4530,0.0,0.0,0.0
2024-04-15 11:30:00-04:00,20.058900833129883,20.058900833129883,20.030000686645508,20.030000686645508,6978,0.0,0.0,0.0
2024-04-15 12:30:00-04:00,20.039899826049805,20.04010009765625,20.020000457763672,20.020000457763672,4681,0.0,0.0,0.0
2024-04-15 13:30:00-04:00,20.030000686645508,20.030000686645508,19.989999771118164,19.989999771118164,3606,0.0,0.0,0.0
2024-04-15 14:30:00-04:00,20.010299682617188,20.010299682617188,19.969999313354492,19.979999542236328,4311,0.0,0.0,0.0
2024-04-15 15:30:00-04:00,19.989999771118164,20.010000228881836,19.989999771118164,19.989999771118164,8817,0.0,0.0,0.0
2024-04-16 09:30:00-04:00,19.959999084472656,20.020000457763672,19.94099998474121,19.979999542236328,0,0.0,0.0,0.0
2024-04-16 10:30:00-04:00,19.950000762939453,19.950000762939453,19.939899444580078,19.940000534057617,4731,0.0,0.0,0.0
2024-04-16 11:30:00-04:00,19.950000762939453,19.950000762939453,19.950000762939453,19.950000762939453,545,0.0,0.0,0.0
2024-04-16 12:30:00-04:00,19.969900131225586,19.969999313354492,19.959999084472656,19.969999313354492,3417,0.0,0.0,0.0
2024-04-16 13:30:00-04:00,19.950000762939453,19.959999084472656,19.950000762939453,19.950000762939453,468,0.0,0.0,0.0
2024-04-16 14:30:00-04:00,19.949800491333008,19.975000381469727,19.947500228881836,19.975000381469727,1003,0.0,0.0,0.0
2024-04-16 15:30:00-04:00,19.950000762939453,19.969999313354492,19.940000534057617,19.949800491333008,0,0.0,0.0,0.0
2024-04-17 09:30:00-04:00,20.007999420166016,20.030000686645508,20.007999420166016,20.020000457763672,1277,0.0,0.0,0.0
2024-04-17 10:30:00-04:00,19.999900817871094,19.999900817871094,19.997299194335938,19.997299194335938,762,0.0,0.0,0.0
2024-04-17 11:30:00-04:00,19.975000381469727,19.979999542236328,19.969999313354492,19.979999542236328,1660,0.0,0.0,0.0
2024-04-17 12:30:00-04:00,19.959999084472656,19.979999542236328,19.959999084472656,19.979900360107422,433,0.0,0.0,0.0
2024-04-17 13:30:00-04:00,20.00589942932129,20.010000228881836,20.00589942932129,20.010000228881836,1022,0.0,0.0,0.0
2024-04-17 14:30:00-04:00,20.010000228881836,20.010000228881836,19.97920036315918,19.97920036315918,716,0.0,0.0,0.0
2024-04-17 15:30:00-04:00,19.975000381469727,19.979999542236328,19.975000381469727,19.979299545288086,0,0.0,0.0,0.0
2024-04-18 09:30:00-04:00,19.951499938964844,19.959999084472656,19.951499938964844,19.959999084472656,878,0.0,0.0,0.0
2024-04-18 10:30:00-04:00,19.969999313354492,19.989999771118164,19.969999313354492,19.989999771118164,17659,0.0,0.0,0.0
2024-04-18 11:30:00-04:00,19.979999542236328,19.979999542236328,19.979999542236328,19.979999542236328,786,0.0,0.0,0.0
2024-04-18 12:30:00-04:00,19.969999313354492,19.971900939941406,19.950000762939453,19.95009994506836,8575,0.0,0.0,0.0
2024-04-18 13:30:00-04:00,19.96500015258789,19.989999771118164,19.961000442504883,19.97100067138672,4577,0.0,0.0,0.0
2024-04-18 14:30:00-04:00,19.961000442504883,19.985000610351562,19.959999084472656,19.985000610351562,7248,0.0,0.0,0.0
2024-04-18 15:30:00-04:00,19.989999771118164,20.0,19.989999771118164,19.994699478149414,10031,0.0,0.0,0.0
2024-04-19 09:30:00-04:00,20.0,20.040000915527344,20.0,20.031099319458008,0,0.0,0.0,0.0
2024-04-19 10:30:00-04:00,20.030099868774414,20.031700134277344,20.02750015258789,20.027599334716797,4575,0.0,0.0,0.0
2024-04-19 11:30:00-04:00,20.03499984741211,20.040000915527344,20.020000457763672,20.030000686645508,5750,0.0,0.0,0.0
2024-04-19 12:30:00-04:00,20.020000457763672,20.030000686645508,20.020000457763672,20.030000686645508,814,0.0,0.0,0.0
2024-04-19 13:30:00-04:00,20.036300659179688,20.040000915527344,20.020000457763672,20.040000915527344,2322,0.0,0.0,0.0
2024-04-19 14:30:00-04:00,20.020000457763672,20.020000457763672,20.020000457763672,20.020000457763672,201,0.0,0.0,0.0
2024-04-22 09:30:00-04:00,20.049999237060547,20.079599380493164,20.049999237060547,20.079599380493164,0,0.0,0.0,0.0
2024-04-22 10:30:00-04:00,20.049999237060547,20.059999465942383,20.040000915527344,20.059999465942383,3163,0.0,0.0,0.0
2024-04-22 11:30:00-04:00,20.059999465942383,20.100000381469727,20.049999237060547,20.079999923706055,9214,0.0,0.0,0.0
2024-04-22 12:30:00-04:00,20.079999923706055,20.110000610351562,20.079999923706055,20.110000610351562,2354,0.0,0.0,0.0
2024-04-22 13:30:00-04:00,20.1299991607666,20.1299991607666,20.110000610351562,20.110000610351562,953,0.0,0.0,0.0
2024-04-22 14:30:00-04:00,20.110000610351562,20.110000610351562,20.09000015258789,20.110000610351562,17373,0.0,0.0,0.0
2024-04-22 15:30:00-04:00,20.119800567626953,20.12529945373535,20.100000381469727,20.12529945373535,0,0.0,0.0,0.0
2024-04-23 09:30:00-04:00,20.15999984741211,20.200000762939453,20.149999618530273,20.200000762939453,11710,0.0,0.0,0.0
2024-04-23 10:30:00-04:00,20.190000534057617,20.209999084472656,20.190000534057617,20.19499969482422,2456,0.0,0.0,0.0
2024-04-23 11:30:00-04:00,20.190000534057617,20.198999404907227,20.18000030517578,20.198999404907227,1875,0.0,0.0,0.0
2024-04-23 12:30:00-04:00,20.209999084472656,20.229999542236328,20.200000762939453,20.209999084472656,6840,0.0,0.0,0.0
2024-04-23 13:30:00-04:00,20.219900131225586,20.219900131225586,20.209999084472656,20.209999084472656,2886,0.0,0.0,0.0
2024-04-23 14:30:00-04:00,20.2189998626709,20.2189998626709,20.190000534057617,20.197999954223633,6680,0.0,0.0,0.0
2024-04-23 15:30:00-04:00,20.197999954223633,20.219999313354492,20.190000534057617,20.208999633789062,4890,0.0,0.0,0.0
2024-04-24 09:30:00-04:00,20.190000534057617,20.190000534057617,20.149999618530273,20.149999618530273,1177,0.0,0.0,0.0
2024-04-24 10:30:00-04:00,20.139999389648438,20.139999389648438,20.127500534057617,20.127500534057617,2258,0.0,0.0,0.0
2024-04-24 11:30:00-04:00,20.1299991607666,20.139999389648438,20.1200008392334,20.1299991607666,1688,0.0,0.0,0.0
2024-04-24 12:30:00-04:00,20.139999389648438,20.149999618530273,20.1299991607666,20.149999618530273,8070,0.0,0.0,0.0
2024-04-24 13:30:00-04:00,20.16029930114746,20.170000076293945,20.149999618530273,20.156200408935547,2353,0.0,0.0,0.0
2024-04-24 14:30:00-04:00,20.155000686645508,20.18000030517578,20.155000686645508,20.18000030517578,2166,0.0,0.0,0.0
2024-04-24 15:30:00-04:00,20.18000030517578,20.190000534057617,20.15999984741211,20.15999984741211,1663,0.0,0.0,0.0
2024-04-25 09:30:00-04:00,19.899999618530273,19.899999618530273,19.8799991607666,19.8799991607666,0,0.0,0.0,0.0
2024-04-25 10:30:00-04:00,19.88129997253418,19.90999984741211,19.88129997253418,19.90999984741211,884,0.0,0.0,0.0
2024-04-25 11:30:00-04:00,19.920000076293945,19.93000030517578,19.90999984741211,19.93000030517578,3006,0.0,0.0,0.0
2024-04-25 12:30:00-04:00,19.93000030517578,19.940099716186523,19.93000030517578,19.934999465942383,623,0.0,0.0,0.0
2024-04-25 13:30:00-04:00,19.940000534057617,19.969999313354492,19.940000534057617,19.940000534057617,8286,0.0,0.0,0.0
2024-04-25 14:30:00-04:00,19.934999465942383,19.940000534057617,19.93000030517578,19.940000534057617,11425,0.0,0.0,0.0
2024-04-25 15:30:00-04:00,19.959999084472656,19.979000091552734,19.950000762939453,19.979000091552734,7471,0.0,0.0,0.0
2024-04-26 09:30:00-04:00,20.040000915527344,20.040000915527344,20.020099639892578,20.023300170898438,9341,0.0,0.0,0.0
2024-04-26 10:30:00-04:00,20.020099639892578,20.020099639892578,20.020099639892578,20.020099639892578,262,0.0,0.0,0.0
2024-04-26 11:30:00-04:00,20.024499893188477,20.024499893188477,20.020000457763672,20.020099639892578,2232,0.0,0.0,0.0
2024-04-26 15:30:00-04:00,20.030000686645508,20.030000686645508,20.020000457763672,20.022199630737305,2872,0.0,0.0,0.0
2024-04-29 09:30:00-04:00,20.06999969482422,20.100000381469727,20.06999969482422,20.075000762939453,0,0.0,0.0,0.0
2024-04-29 10:30:00-04:00,20.079999923706055,20.079999923706055,20.065900802612305,20.065900802612305,1133,0.0,0.0,0.0
2024-04-29 11:30:00-04:00,20.09000015258789,20.09000015258789,20.06999969482422,20.084999084472656,2317,0.0,0.0,0.0
2024-04-29 12:30:00-04:00,20.08839988708496,20.100000381469727,20.084999084472656,20.100000381469727,3816,0.0,0.0,0.0
2024-04-29 13:30:00-04:00,20.100000381469727,20.100000381469727,20.079999923706055,20.094999313354492,3884,0.0,0.0,0.0
2024-04-29 14:30:00-04:00,20.09000015258789,20.110000610351562,20.059999465942383,20.06999969482422,12375,0.0,0.0,0.0
2024-04-29 15:30:00-04:00,20.06999969482422,20.100000381469727,20.06999969482422,20.100000381469727,13146,0.0,0.0,0.0
2024-04-30 09:30:00-04:00,20.020000457763672,20.049999237060547,20.020000457763672,20.040000915527344,0,0.0,0.0,0.0
2024-04-30 10:30:00-04:00,20.040000915527344,20.049999237060547,20.010000228881836,20.037200927734375,25395,0.0,0.0,0.0
2024-04-30 11:30:00-04:00,20.030000686645508,20.030000686645508,20.010000228881836,20.024999618530273,2657,0.0,0.0,0.0
2024-04-30 12:30:00-04:00,20.010000228881836,20.02989959716797,20.010000228881836,20.010000228881836,4670,0.0,0.0,0.0
2024-04-30 13:30:00-04:00,20.000099182128906,20.010099411010742,20.000099182128906,20.010000228881836,3597,0.0,0.0,0.0
2024-04-30 14:30:00-04:00,20.0,20.002500534057617,19.979999542236328,19.979999542236328,10286,0.0,0.0,0.0
2024-04-30 15:30:00-04:00,19.979999542236328,19.989999771118164,19.969999313354492,19.969999313354492,5932,0.0,0.0,0.0
2024-05-01 09:30:00-04:00,20.0,20.02989959716797,19.999900817871094,20.010000228881836,0,0.0,0.0,0.0
2024-05-01 10:30:00-04:00,20.010000228881836,20.020000457763672,20.010000228881836,20.020000457763672,1261,0.0,0.0,0.0
2024-05-01 11:30:00-04:00,20.010099411010742,20.019100189208984,20.010000228881836,20.018299102783203,2474,0.0,0.0,0.0
2024-05-01 12:30:00-04:00,20.006900787353516,20.008899688720703,19.985000610351562,20.0,2118,0.0,0.0,0.0
2024-05-01 13:30:00-04:00,20.020000457763672,20.06999969482422,20.010000228881836,20.06999969482422,1376,0.0,0.0,0.0
2024-05-01 14:30:00-04:00,20.07309913635254,20.1299991607666,20.07309913635254,20.1200008392334,3064,0.0,0.0,0.0
2024-05-01 15:30:00-04:00,20.100000381469727,20.100000381469727,20.100000381469727,20.100000381469727,100,0.0,0.0,0.0
2024-05-02 09:30:00-04:00,20.110000610351562,20.110000610351562,20.09000015258789,20.09000015258789,1764,0.0,0.0,0.0
2024-05-02 10:30:00-04:00,20.110000610351562,20.139999389648438,20.110000610351562,20.139999389648438,25274,0.0,0.0,0.0
2024-05-02 11:30:00-04:00,20.130199432373047,20.149999618530273,20.130199432373047,20.149999618530273,4419,0.0,0.0,0.0
2024-05-02 12:30:00-04:00,20.149999618530273,20.170000076293945,20.149999618530273,20.166900634765625,1296,0.0,0.0,0.0
2024-05-02 13:30:00-04:00,20.165000915527344,20.18000030517578,20.165000915527344,20.18000030517578,3385,0.0,0.0,0.0
2024-05-02 15:30:00-04:00,20.15999984741211,20.18000030517578,20.15999984741211,20.18000030517578,716,0.0,0.0,0.0
2024-05-03 10:30:00-04:00,20.240100860595703,20.25279998779297,20.231000900268555,20.25279998779297,9620,0.0,0.0,0.0
2024-05-03 11:30:00-04:00,20.270000457763672,20.280000686645508,20.270000457763672,20.280000686645508,1301,0.0,0.0,0.0
2024-05-03 12:30:00-04:00,20.271699905395508,20.299999237060547,20.270000457763672,20.290000915527344,31893,0.0,0.0,0.0
2024-05-03 13:30:00-04:00,20.290000915527344,20.299999237060547,20.290000915527344,20.290000915527344,2582,0.0,0.0,0.0
2024-05-03 14:30:00-04:00,20.274999618530273,20.274999618530273,20.274999618530273,20.274999618530273,133,0.0,0.0,0.0
2024-05-03 15:30:00-04:00,20.281700134277344,20.290000915527344,20.280000686645508,20.290000915527344,1564,0.0,0.0,0.0
2024-05-06 09:30:00-04:00,20.280000686645508,20.290000915527344,20.280000686645508,20.290000915527344,0,0.0,0.0,0.0
2024-05-06 10:30:00-04:00,20.299999237060547,20.299999237060547,20.29990005493164,20.29990005493164,347,0.0,0.0,0.0
2024-05-06 11:30:00-04:00,20.28499984741211,20.295000076293945,20.280000686645508,20.280000686645508,2509,0.0,0.0,0.0
2024-05-06 12:30:00-04:00,20.280099868774414,20.31999969482422,20.280099868774414,20.301700592041016,12714,0.0,0.0,0.0
2024-05-06 13:30:00-04:00,20.30500030517578,20.31170082092285,20.299999237060547,20.299999237060547,1389,0.0,0.0,0.0
2024-05-06 14:30:00-04:00,20.293500900268555,20.299999237060547,20.290000915527344,20.299999237060547,4214,0.0,0.0,0.0
2024-05-06 15:30:00-04:00,20.290300369262695,20.309999465942383,20.280000686645508,20.309999465942383,3455,0.0,0.0,0.0
2024-05-07 09:30:00-04:00,20.290000915527344,20.309999465942383,20.290000915527344,20.299999237060547,0,0.0,0.0,0.0
2024-05-07 10:30:00-04:00,20.299999237060547,20.310100555419922,20.299999237060547,20.309999465942383,1303,0.0,0.0,0.0
2024-05-07 11:30:00-04:00,20.310100555419922,20.31999969482422,20.309999465942383,20.309999465942383,0,0.0,0.0,0.0
2024-05-07 12:30:00-04:00,20.299999237060547,20.300100326538086,20.295000076293945,20.300100326538086,9023,0.0,0.0,0.0
2024-05-07 13:30:00-04:00,20.30970001220703,20.309999465942383,20.280000686645508,20.290000915527344,5809,0.0,0.0,0.0
2024-05-07 14:30:00-04:00,20.280000686645508,20.280000686645508,20.260000228881836,20.275100708007812,11465,0.0,0.0,0.0
2024-05-07 15:30:00-04:00,20.280000686645508,20.2810001373291,20.270099639892578,20.2810001373291,1210,0.0,0.0,0.0
2024-05-08 09:30:00-04:00,20.280000686645508,20.280000686645508,20.25,20.2549991607666,0,0.0,0.0,0.0
2024-05-08 11:30:00-04:00,20.260000228881836,20.260000228881836,20.25819969177246,20.25819969177246,740,0.0,0.0,0.0
2024-05-08 12:30:00-04:00,20.2549991607666,20.264999389648438,20.250099182128906,20.2549991607666,6594,0.0,0.0,0.0
2024-05-08 13:30:00-04:00,20.25,20.250099182128906,20.25,20.250099182128906,1620,0.0,0.0,0.0
2024-05-08 14:30:00-04:00,20.239999771118164,20.252899169921875,20.239999771118164,20.252899169921875,2147,0.0,0.0,0.0
2024-05-08 15:30:00-04:00,20.239999771118164,20.270000457763672,20.239999771118164,20.25,5828,0.0,0.0,0.0
2024-05-09 09:30:00-04:00,20.230100631713867,20.25,20.230100631713867,20.25,6083,0.0,0.0,0.0
2024-05-09 10:30:00-04:00,20.25,20.260000228881836,20.25,20.25,7997,0.0,0.0,0.0
2024-05-09 11:30:00-04:00,20.25,20.25,20.229999542236328,20.230100631713867,1889,0.0,0.0,0.0
2024-05-09 12:30:00-04:00,20.229999542236328,20.229999542236328,20.219999313354492,20.229999542236328,2370,0.0,0.0,0.0
2024-05-09 13:30:00-04:00,20.235000610351562,20.239999771118164,20.229900360107422,20.229999542236328,8259,0.0,0.0,0.0
2024-05-09 14:30:00-04:00,20.239999771118164,20.24519920349121,20.239999771118164,20.24519920349121,579,0.0,0.0,0.0
2024-05-09 15:30:00-04:00,20.25,20.259000778198242,20.239999771118164,20.259000778198242,3288,0.0,0.0,0.0
2024-05-10 09:30:00-04:00,20.25,20.259899139404297,20.229999542236328,20.229999542236328,0,0.0,0.0,0.0
2024-05-10 10:30:00-04:00,20.229999542236328,20.229999542236328,20.209999084472656,20.209999084472656,1746,0.0,0.0,0.0
2024-05-10 11:30:00-04:00,20.200000762939453,20.204999923706055,20.190099716186523,20.202800750732422,19205,0.0,0.0,0.0
2024-05-10 12:30:00-04:00,20.209999084472656,20.209999084472656,20.20989990234375,20.20989990234375,684,0.0,0.0,0.0
2024-05-10 13:30:00-04:00,20.19499969482422,20.206600189208984,20.19499969482422,20.204999923706055,3022,0.0,0.0,0.0
2024-05-10 14:30:00-04:00,20.20709991455078,20.209999084472656,20.200000762939453,20.204999923706055,2884,0.0,0.0,0.0
2024-05-10 15:30:00-04:00,20.200000762939453,20.215299606323242,20.200000762939453,20.215299606323242,2254,0.0,0.0,0.0
2024-05-13 09:30:00-04:00,20.240100860595703,20.241500854492188,20.240100860595703,20.241500854492188,0,0.0,0.0,0.0
2024-05-13 10:30:00-04:00,20.23110008239746,20.239999771118164,20.209999084472656,20.209999084472656,5103,0.0,0.0,0.0
2024-05-13 11:30:00-04:00,20.219999313354492,20.22100067138672,20.200000762939453,20.219999313354492,4962,0.0,0.0,0.0
2024-05-13 12:30:00-04:00,20.219999313354492,20.225000381469727,20.20359992980957,20.20989990234375,1529,0.0,0.0,0.0
2024-05-13 13:30:00-04:00,20.209999084472656,20.219999313354492,20.20009994506836,20.209999084472656,7912,0.0,0.0,0.0
2024-05-13 14:30:00-04:00,20.219999313354492,20.229000091552734,20.209999084472656,20.215200424194336,11764,0.0,0.0,0.0
2024-05-14 09:30:00-04:00,20.239999771118164,20.239999771118164,20.220300674438477,20.231000900268555,0,0.0,0.0,0.0
2024-05-14 10:30:00-04:00,20.209999084472656,20.239999771118164,20.209999084472656,20.229999542236328,4313,0.0,0.0,0.0
2024-05-14 11:30:00-04:00,20.239999771118164,20.239999771118164,20.219999313354492,20.219999313354492,5999,0.0,0.0,0.0
2024-05-14 12:30:00-04:00,20.229999542236328,20.229999542236328,20.219999313354492,20.219999313354492,10841,0.0,0.0,0.0
2024-05-14 13:30:00-04:00,20.220699310302734,20.235000610351562,20.219999313354492,20.235000610351562,12531,0.0,0.0,0.0
2024-05-14 14:30:00-04:00,20.229999542236328,20.229999542236328,20.229999542236328,20.229999542236328,556,0.0,0.0,0.0
2024-05-14 15:30:00-04:00,20.2450008392334,20.260000228881836,20.2450008392334,20.260000228881836,3398,0.0,0.0,0.0
2024-05-15 09:30:00-04:00,20.290000915527344,20.31100082397461,20.290000915527344,20.31100082397461,0,0.0,0.0,0.0
2024-05-15 10:30:00-04:00,20.31999969482422,20.329999923706055,20.309999465942383,20.329999923706055,6781,0.0,0.0,0.0
2024-05-15 11:30:00-04:00,20.325000762939453,20.329999923706055,20.320100784301758,20.329999923706055,5491,0.0,0.0,0.0
2024-05-15 12:30:00-04:00,20.334999084472656,20.360000610351562,20.334999084472656,20.3533992767334,1992,0.0,0.0,0.0
2024-05-15 13:30:00-04:00,20.350000381469727,20.350000381469727,20.34000015258789,20.34000015258789,799,0.0,0.0,0.0
2024-05-15 14:30:00-04:00,20.33989906311035,20.359500885009766,20.33989906311035,20.34000015258789,1699,0.0,0.0,0.0
2024-05-15 15:30:00-04:00,20.350000381469727,20.350000381469727,20.34000015258789,20.34000015258789,0,0.0,0.0,0.0
2024-05-16 09:30:00-04:00,20.360000610351562,20.360000610351562,20.360000610351562,20.360000610351562,131,0.0,0.0,0.0
2024-05-16 10:30:00-04:00,20.34000015258789,20.34000015258789,20.34000015258789,20.34000015258789,105,0.0,0.0,0.0
2024-05-16 11:30:00-04:00,20.335899353027344,20.335899353027344,20.33009910583496,20.33009910583496,1764,0.0,0.0,0.0
2024-05-16 12:30:00-04:00,20.334999084472656,20.350000381469727,20.329999923706055,20.34000015258789,18512,0.0,0.0,0.0
2024-05-16 13:30:00-04:00,20.33009910583496,20.334999084472656,20.31999969482422,20.31999969482422,13755,0.0,0.0,0.0
2024-05-16 14:30:00-04:00,20.31999969482422,20.339000701904297,20.31999969482422,20.339000701904297,2154,0.0,0.0,0.0
2024-05-16 15:30:00-04:00,20.31999969482422,20.31999969482422,20.319499969482422,20.319499969482422,105,0.0,0.0,0.0
2024-05-17 09:30:00-04:00,20.34000015258789,20.34000015258789,20.290000915527344,20.29199981689453,0,0.0,0.0,0.0
2024-05-17 10:30:00-04:00,20.309999465942383,20.313499450683594,20.299999237060547,20.299999237060547,2096,0.0,0.0,0.0
2024-05-17 11:30:00-04:00,20.309999465942383,20.309999465942383,20.309900283813477,20.309900283813477,1001,0.0,0.0,0.0
2024-05-17 12:30:00-04:00,20.309900283813477,20.309999465942383,20.309900283813477,20.309999465942383,1091,0.0,0.0,0.0
2024-05-17 13:30:00-04:00,20.299999237060547,20.309999465942383,20.299999237060547,20.30500030517578,1953,0.0,0.0,0.0
2024-05-17 14:30:00-04:00,20.299999237060547,20.309999465942383,20.299999237060547,20.309999465942383,2617,0.0,0.0,0.0
2024-05-17 15:30:00-04:00,20.290000915527344,20.31999969482422,20.290000915527344,20.309999465942383,3020,0.0,0.0,0.0
2024-05-20 09:30:00-04:00,20.290000915527344,20.31999969482422,20.290000915527344,20.299999237060547,0,0.0,0.0,0.0
2024-05-20 10:30:00-04:00,20.309999465942383,20.310100555419922,20.299999237060547,20.309999465942383,8577,0.0,0.0,0.0
2024-05-20 11:30:00-04:00,20.309999465942383,20.309999465942383,20.299999237060547,20.309999465942383,1082,0.0,0.0,0.0
2024-05-20 12:30:00-04:00,20.30500030517578,20.319900512695312,20.30500030517578,20.309999465942383,7636,0.0,0.0,0.0
2024-05-20 13:30:00-04:00,20.299999237060547,20.30500030517578,20.299999237060547,20.299999237060547,913,0.0,0.0,0.0
2024-05-20 14:30:00-04:00,20.309999465942383,20.309999465942383,20.305400848388672,20.305400848388672,690,0.0,0.0,0.0
2024-05-20 15:30:00-04:00,20.300100326538086,20.309999465942383,20.299999237060547,20.309999465942383,8552,0.0,0.0,0.0
2024-05-21 09:30:00-04:00,20.31999969482422,20.34000015258789,20.309999465942383,20.34000015258789,0,0.0,0.0,0.0
2024-05-21 10:30:00-04:00,20.329999923706055,20.334999084472656,20.329999923706055,20.329999923706055,7316,0.0,0.0,0.0
2024-05-21 11:30:00-04:00,20.334999084472656,20.334999084472656,20.31999969482422,20.31999969482422,4075,0.0,0.0,0.0
2024-05-21 12:30:00-04:00,20.309999465942383,20.315000534057617,20.309999465942383,20.309999465942383,2971,0.0,0.0,0.0
2024-05-21 13:30:00-04:00,20.315000534057617,20.315000534057617,20.309999465942383,20.309999465942383,1648,0.0,0.0,0.0
2024-05-21 14:30:00-04:00,20.315000534057617,20.31999969482422,20.300100326538086,20.309999465942383,3301,0.0,0.0,0.0
2024-05-21 15:30:00-04:00,20.31999969482422,20.31999969482422,20.309999465942383,20.31279945373535,8196,0.0,0.0,0.0
2024-05-22 09:30:00-04:00,20.309999465942383,20.309999465942383,20.270000457763672,20.270000457763672,0,0.0,0.0,0.0
2024-05-22 10:30:00-04:00,20.279699325561523,20.279699325561523,20.270000457763672,20.270000457763672,836,0.0,0.0,0.0
2024-05-22 11:30:00-04:00,20.270000457763672,20.270000457763672,20.260099411010742,20.260099411010742,2507,0.0,0.0,0.0
2024-05-22 12:30:00-04:00,20.274999618530273,20.274999618530273,20.270000457763672,20.270000457763672,2552,0.0,0.0,0.0
2024-05-22 14:30:00-04:00,20.259899139404297,20.260099411010742,20.239999771118164,20.2549991607666,18087,0.0,0.0,0.0
2024-05-22 15:30:00-04:00,20.260000228881836,20.270000457763672,20.260000228881836,20.270000457763672,1791,0.0,0.0,0.0
2024-05-23 09:30:00-04:00,20.219999313354492,20.219999313354492,20.193099975585938,20.193099975585938,0,0.0,0.0,0.0
2024-05-23 10:30:00-04:00,20.139999389648438,20.139999389648438,20.139999389648438,20.139999389648438,504,0.0,0.0,0.0
2024-05-23 11:30:00-04:00,20.1299991607666,20.140100479125977,20.1299991607666,20.140100479125977,1736,0.0,0.0,0.0
2024-05-23 12:30:00-04:00,20.149999618530273,20.149999618530273,20.131000518798828,20.139999389648438,15439,0.0,0.0,0.0
2024-05-23 13:30:00-04:00,20.135000228881836,20.135000228881836,20.1200008392334,20.125,2799,0.0,0.0,0.0
2024-05-23 14:30:00-04:00,20.110000610351562,20.1299991607666,20.110000610351562,20.1289005279541,20811,0.0,0.0,0.0
2024-05-23 15:30:00-04:00,20.138900756835938,20.138900756835938,20.1200008392334,20.1200008392334,0,0.0,0.0,0.0
2024-05-24 09:30:00-04:00,20.1299991607666,20.1299991607666,20.1299991607666,20.1299991607666,301,0.0,0.0,0.0
2024-05-24 10:30:00-04:00,20.15999984741211,20.170000076293945,20.145000457763672,20.15999984741211,6375,0.0,0.0,0.0
2024-05-24 11:30:00-04:00,20.165000915527344,20.170000076293945,20.160900115966797,20.170000076293945,3582,0.0,0.0,0.0
2024-05-24 13:30:00-04:00,20.17009925842285,20.180099487304688,20.17009925842285,20.174999237060547,11608,0.0,0.0,0.0
2024-05-24 14:30:00-04:00,20.174999237060547,20.190000534057617,20.174999237060547,20.184999465942383,10251,0.0,0.0,0.0
2024-05-28 09:30:00-04:00,20.18000030517578,20.190000534057617,20.170000076293945,20.17009925842285,0,0.0,0.0,0.0
2024-05-28 10:30:00-04:00,20.18000030517578,20.18000030517578,20.15999984741211,20.15999984741211,5410,0.0,0.0,0.0
2024-05-28 11:30:00-04:00,20.149999618530273,20.15999984741211,20.149999618530273,20.156099319458008,1571,0.0,0.0,0.0
2024-05-28 12:30:00-04:00,20.155000686645508,20.155000686645508,20.1299991607666,20.135000228881836,14627,0.0,0.0,0.0
2024-05-28 13:30:00-04:00,20.139999389648438,20.139999389648438,20.120100021362305,20.125,1324,0.0,0.0,0.0
2024-05-28 14:30:00-04:00,20.110000610351562,20.1200008392334,20.100000381469727,20.1200008392334,1423,0.0,0.0,0.0
2024-05-28 15:30:00-04:00,20.110000610351562,20.110000610351562,20.110000610351562,20.110000610351562,201,0.0,0.0,0.0
2024-05-29 09:30:00-04:00,20.079999923706055,20.079999923706055,20.049999237060547,20.049999237060547,0,0.0,0.0,0.0
2024-05-29 10:30:00-04:00,20.051000595092773,20.059999465942383,20.050100326538086,20.059999465942383,3615,0.0,0.0,0.0
2024-05-29 11:30:00-04:00,20.049999237060547,20.05470085144043,20.049999237060547,20.05470085144043,1985,0.0,0.0,0.0
2024-05-29 12:30:00-04:00,20.030000686645508,20.049999237060547,20.030000686645508,20.049999237060547,3140,0.0,0.0,0.0
2024-05-29 13:30:00-04:00,20.06999969482422,20.06999969482422,20.05500030517578,20.059900283813477,9181,0.0,0.0,0.0
2024-05-29 14:30:00-04:00,20.049999237060547,20.059999465942383,20.040000915527344,20.059999465942383,13516,0.0,0.0,0.0
2024-05-29 15:30:00-04:00,20.05500030517578,20.05500030517578,20.049999237060547,20.049999237060547,3152,0.0,0.0,0.0
2024-05-30 09:30:00-04:00,20.049999237060547,20.092899322509766,20.049999237060547,20.09000015258789,4089,0.0,0.0,0.0
2024-05-30 10:30:00-04:00,20.100000381469727,20.100000381469727,20.100000381469727,20.100000381469727,315,0.0,0.0,0.0
2024-05-30 11:30:00-04:00,20.100000381469727,20.100000381469727,20.100000381469727,20.100000381469727,287,0.0,0.0,0.0
2024-05-30 12:30:00-04:00,20.110000610351562,20.110000610351562,20.100000381469727,20.100000381469727,3276,0.0,0.0,0.0
2024-05-30 13:30:00-04:00,20.114999771118164,20.1200008392334,20.100000381469727,20.100000381469727,1834,0.0,0.0,0.0
2024-05-30 14:30:00-04:00,20.100099563598633,20.1200008392334,20.100000381469727,20.110000610351562,6063,0.0,0.0,0.0
2024-05-30 15:30:00-04:00,20.100000381469727,20.110000610351562,20.094999313354492,20.109500885009766,0,0.0,0.0,0.0
2024-05-31 09:30:00-04:00,20.15999984741211,20.15999984741211,20.149999618530273,20.150100708007812,1210,0.0,0.0,0.0
2024-05-31 10:30:00-04:00,20.14080047607422,20.16349983215332,20.14080047607422,20.15999984741211,3489,0.0,0.0,0.0
2024-05-31 11:30:00-04:00,20.159500122070312,20.170000076293945,20.149999618530273,20.149999618530273,2244,0.0,0.0,0.0
2024-05-31 12:30:00-04:00,20.141000747680664,20.18000030517578,20.139999389648438,20.149999618530273,8843,0.0,0.0,0.0
2024-05-31 13:30:00-04:00,20.139999389648438,20.15999984741211,20.139999389648438,20.149999618530273,7355,0.0,0.0,0.0
2024-05-31 14:30:00-04:00,20.149999618530273,20.170000076293945,20.149999618530273,20.149999618530273,4043,0.0,0.0,0.0
2024-05-31 15:30:00-04:00,20.165000915527344,20.189199447631836,20.165000915527344,20.189199447631836,1631,0.0,0.0,0.0
2024-06-03 09:30:00-04:00,20.229999542236328,20.2450008392334,20.209999084472656,20.2450008392334,0,0.0,0.0,0.0
2024-06-03 10:30:00-04:00,20.219999313354492,20.229999542236328,20.209999084472656,20.229999542236328,1979,0.0,0.0,0.0
2024-06-03 11:30:00-04:00,20.204500198364258,20.204500198364258,20.200000762939453,20.200000762939453,524,0.0,0.0,0.0
2024-06-03 12:30:00-04:00,20.209999084472656,20.219900131225586,20.209999084472656,20.219900131225586,1669,0.0,0.0,0.0
2024-06-03 13:30:00-04:00,20.229999542236328,20.229999542236328,20.209999084472656,20.22319984436035,1240,0.0,0.0,0.0
2024-06-03 14:30:00-04:00,20.219999313354492,20.226499557495117,20.209999084472656,20.209999084472656,1107,0.0,0.0,0.0
2024-06-03 15:30:00-04:00,20.219999313354492,20.239999771118164,20.209999084472656,20.219999313354492,5078,0.0,0.0,0.0
2024-06-04 09:30:00-04:00,20.209999084472656,20.270000457763672,20.209999084472656,20.260000228881836,0,0.0,0.0,0.0
2024-06-04 10:30:00-04:00,20.250999450683594,20.263599395751953,20.25,20.25,2242,0.0,0.0,0.0
2024-06-04 11:30:00-04:00,20.24169921875,20.24169921875,20.229999542236328,20.229999542236328,5876,0.0,0.0,0.0
2024-06-04 12:30:00-04:00,20.229999542236328,20.239999771118164,20.229999542236328,20.239900588989258,4029,0.0,0.0,0.0
2024-06-04 13:30:00-04:00,20.2450008392334,20.260000228881836,20.239999771118164,20.25,8298,0.0,0.0,0.0
2024-06-04 14:30:00-04:00,20.25,20.250999450683594,20.229999542236328,20.239999771118164,5236,0.0,0.0,0.0
2024-06-04 15:30:00-04:00,20.25,20.25,20.219999313354492,20.219999313354492,10729,0.0,0.0,0.0
2024-06-05 09:30:00-04:00,20.260000228881836,20.279800415039062,20.260000228881836,20.260000228881836,0,0.0,0.0,0.0
2024-06-05 10:30:00-04:00,20.280000686645508,20.299999237060547,20.280000686645508,20.299999237060547,2760,0.0,0.0,0.0
2024-06-05 11:30:00-04:00,20.291900634765625,20.291900634765625,20.291900634765625,20.291900634765625,121,0.0,0.0,0.0
2024-06-05 12:30:00-04:00,20.299999237060547,20.31999969482422,20.28339958190918,20.290000915527344,4712,0.0,0.0,0.0
2024-06-05 13:30:00-04:00,20.290000915527344,20.290000915527344,20.280000686645508,20.28499984741211,2953,0.0,0.0,0.0
2024-06-05 14:30:00-04:00,20.290000915527344,20.299999237060547,20.28700065612793,20.299999237060547,7639,0.0,0.0,0.0
2024-06-05 15:30:00-04:00,20.295000076293945,20.309999465942383,20.295000076293945,20.309999465942383,4736,0.0,0.0,0.0
2024-06-06 09:30:00-04:00,20.31999969482422,20.31999969482422,20.280000686645508,20.290000915527344,3109,0.0,0.0,0.0
2024-06-06 10:30:00-04:00,20.290000915527344,20.299999237060547,20.280000686645508,20.299999237060547,1571,0.0,0.0,0.0
2024-06-06 11:30:00-04:00,20.290000915527344,20.290000915527344,20.290000915527344,20.290000915527344,238,0.0,0.0,0.0
2024-06-06 12:30:00-04:00,20.280000686645508,20.290000915527344,20.270000457763672,20.280000686645508,3037,0.0,0.0,0.0
2024-06-06 13:30:00-04:00,20.280000686645508,20.290000915527344,20.270000457763672,20.270000457763672,2295,0.0,0.0,0.0
2024-06-06 14:30:00-04:00,20.270099639892578,20.280000686645508,20.270000457763672,20.270000457763672,8216,0.0,0.0,0.0
2024-06-06 15:30:00-04:00,20.270000457763672,20.280000686645508,20.270000457763672,20.280000686645508,0,0.0,0.0,0.0
2024-06-07 09:30:00-04:00,20.190000534057617,20.237699508666992,20.190000534057617,20.229999542236328,1978,0.0,0.0,0.0
2024-06-07 10:30:00-04:00,20.22010040283203,20.229999542236328,20.219999313354492,20.219999313354492,1345,0.0,0.0,0.0
2024-06-07 11:30:00-04:00,20.229999542236328,20.239999771118164,20.229999542236328,20.239900588989258,2787,0.0,0.0,0.0
2024-06-07 12:30:00-04:00,20.229999542236328,20.239999771118164,20.229900360107422,20.229999542236328,3754,0.0,0.0,0.0
2024-06-07 13:30:00-04:00,20.229999542236328,20.229999542236328,20.208099365234375,20.209999084472656,6180,0.0,0.0,0.0
2024-06-07 15:30:00-04:00,20.218900680541992,20.225000381469727,20.218900680541992,20.219999313354492,1931,0.0,0.0,0.0
2024-06-10 09:30:00-04:00,20.190000534057617,20.219999313354492,20.190000534057617,20.219999313354492,0,0.0,0.0,0.0
2024-06-10 10:30:00-04:00,20.219999313354492,20.225000381469727,20.219999313354492,20.219999313354492,1166,0.0,0.0,0.0
2024-06-10 11:30:00-04:00,20.222000122070312,20.239900588989258,20.220199584960938,20.239900588989258,2958,0.0,0.0,0.0
2024-06-10 12:30:00-04:00,20.235000610351562,20.238100051879883,20.219999313354492,20.238100051879883,4254,0.0,0.0,0.0
2024-06-10 13:30:00-04:00,20.239999771118164,20.25,20.225000381469727,20.225000381469727,3072,0.0,0.0,0.0
2024-06-10 14:30:00-04:00,20.23259925842285,20.239900588989258,20.225000381469727,20.23200035095215,15244,0.0,0.0,0.0
2024-06-10 15:30:00-04:00,20.229999542236328,20.239999771118164,20.229999542236328,20.239999771118164,1989,0.0,0.0,0.0
2024-06-11 09:30:00-04:00,20.239999771118164,20.239999771118164,20.230899810791016,20.239999771118164,0,0.0,0.0,0.0
2024-06-11 10:30:00-04:00,20.229999542236328,20.235000610351562,20.229999542236328,20.231300354003906,3716,0.0,0.0,0.0
2024-06-11 11:30:00-04:00,20.233999252319336,20.249900817871094,20.229999542236328,20.229999542236328,1737,0.0,0.0,0.0
2024-06-11 12:30:00-04:00,20.229999542236328,20.25,20.229999542236328,20.229999542236328,5062,0.0,0.0,0.0
2024-06-11 13:30:00-04:00,20.239999771118164,20.25,20.239999771118164,20.25,1969,0.0,0.0,0.0
2024-06-11 14:30:00-04:00,20.260000228881836,20.260000228881836,20.25,20.250099182128906,3540,0.0,0.0,0.0
2024-06-11 15:30:00-04:00,20.252700805664062,20.270000457763672,20.25,20.270000457763672,24340,0.0,0.0,0.0
2024-06-12 09:30:00-04:00,20.399999618530273,20.399999618530273,20.38010025024414,20.38010025024414,0,0.0,0.0,0.0
2024-06-12 10:30:00-04:00,20.389999389648438,20.389999389648438,20.375,20.375,2388,0.0,0.0,0.0
2024-06-12 11:30:00-04:00,20.375,20.375,20.360000610351562,20.375,3589,0.0,0.0,0.0
2024-06-12 12:30:00-04:00,20.3700008392334,20.386199951171875,20.3700008392334,20.370100021362305,1693,0.0,0.0,0.0
2024-06-12 13:30:00-04:00,20.3799991607666,20.3799991607666,20.3700008392334,20.3700008392334,1594,0.0,0.0,0.0
2024-06-12 14:30:00-04:00,20.36009979248047,20.3799991607666,20.350099563598633,20.350099563598633,1386,0.0,0.0,0.0
2024-06-12 15:30:00-04:00,20.350000381469727,20.350099563598633,20.34000015258789,20.350099563598633,9225,0.0,0.0,0.0
2024-06-13 09:30:00-04:00,20.389999389648438,20.399900436401367,20.350000381469727,20.350099563598633,4173,0.0,0.0,0.0
2024-06-13 10:30:00-04:00,20.34000015258789,20.350000381469727,20.320100784301758,20.350000381469727,2566,0.0,0.0,0.0
2024-06-13 11:30:00-04:00,20.329999923706055,20.329999923706055,20.31999969482422,20.31999969482422,2806,0.0,0.0,0.0
2024-06-13 12:30:00-04:00,20.319900512695312,20.329999923706055,20.309999465942383,20.329999923706055,4405,0.0,0.0,0.0
2024-06-13 13:30:00-04:00,20.31999969482422,20.31999969482422,20.309999465942383,20.309999465942383,87984,0.0,0.0,0.0
2024-06-13 14:30:00-04:00,20.31999969482422,20.320100784301758,20.309999465942383,20.31999969482422,8384,0.0,0.0,0.0
2024-06-13 15:30:00-04:00,20.329999923706055,20.34000015258789,20.329999923706055,20.333499908447266,9320,0.0,0.0,0.0
2024-06-14 09:30:00-04:00,20.290000915527344,20.290000915527344,20.280000686645508,20.280000686645508,0,0.0,0.0,0.0
2024-06-14 10:30:00-04:00,20.270000457763672,20.274999618530273,20.262300491333008,20.264999389648438,2605,0.0,0.0,0.0
2024-06-14 11:30:00-04:00,20.253999710083008,20.270000457763672,20.25,20.260000228881836,7631,0.0,0.0,0.0
2024-06-14 12:30:00-04:00,20.25,20.25,20.25,20.25,1024,0.0,0.0,0.0
2024-06-14 13:30:00-04:00,20.268999099731445,20.280000686645508,20.260000228881836,20.260000228881836,1147,0.0,0.0,0.0
2024-06-14 14:30:00-04:00,20.25,20.25819969177246,20.240100860595703,20.240100860595703,7560,0.0,0.0,0.0
2024-06-14 15:30:00-04:00,20.24810028076172,20.260000228881836,20.24810028076172,20.260000228881836,22533,0.0,0.0,0.0
2024-06-17 09:30:00-04:00,20.219999313354492,20.239999771118164,20.219999313354492,20.239999771118164,0,0.0,0.0,0.0
2024-06-17 10:30:00-04:00,20.25,20.25,20.25,20.25,299,0.0,0.0,0.0
2024-06-17 11:30:00-04:00,20.250099182128906,20.289899826049805,20.250099182128906,20.289899826049805,819,0.0,0.0,0.0
2024-06-17 12:30:00-04:00,20.270000457763672,20.270200729370117,20.270000457763672,20.270000457763672,3269,0.0,0.0,0.0
2024-06-17 13:30:00-04:00,20.288400650024414,20.288400650024414,20.288400650024414,20.288400650024414,150,0.0,0.0,0.0
2024-06-17 14:30:00-04:00,20.290000915527344,20.299999237060547,20.281999588012695,20.299999237060547,11390,0.0,0.0,0.0
2024-06-17 15:30:00-04:00,20.299999237060547,20.309999465942383,20.299999237060547,20.309999465942383,0,0.0,0.0,0.0
2024-06-18 09:30:00-04:00,20.329999923706055,20.33989906311035,20.329999923706055,20.33989906311035,601,0.0,0.0,0.0
2024-06-18 10:30:00-04:00,20.329999923706055,20.34000015258789,20.329999923706055,20.329999923706055,2607,0.0,0.0,0.0
2024-06-18 11:30:00-04:00,20.33009910583496,20.350000381469727,20.33009910583496,20.350000381469727,908,0.0,0.0,0.0
2024-06-18 12:30:00-04:00,20.344999313354492,20.344999313354492,20.34000015258789,20.342599868774414,1956,0.0,0.0,0.0
2024-06-18 13:30:00-04:00,20.340299606323242,20.340299606323242,20.340299606323242,20.340299606323242,148,0.0,0.0,0.0
2024-06-18 14:30:00-04:00,20.338199615478516,20.34000015258789,20.329999923706055,20.34000015258789,2257,0.0,0.0,0.0
2024-06-18 15:30:00-04:00,20.34000015258789,20.359899520874023,20.34000015258789,20.350000381469727,2619,0.0,0.0,0.0
2024-06-20 09:30:00-04:00,20.31999969482422,20.31999969482422,20.307899475097656,20.310199737548828,0,0.0,0.0,0.0
2024-06-20 10:30:00-04:00,20.318899154663086,20.318899154663086,20.29990005493164,20.29990005493164,1835,0.0,0.0,0.0
2024-06-20 11:30:00-04:00,20.29990005493164,20.309999465942383,20.290000915527344,20.29509925842285,4646,0.0,0.0,0.0
2024-06-20 12:30:00-04:00,20.298200607299805,20.319900512695312,20.298200607299805,20.319900512695312,1625,0.0,0.0,0.0
2024-06-20 13:30:00-04:00,20.290000915527344,20.327999114990234,20.290000915527344,20.31999969482422,10371,0.0,0.0,0.0
2024-06-20 14:30:00-04:00,20.319900512695312,20.31999969482422,20.309999465942383,20.309999465942383,7481,0.0,0.0,0.0
2024-06-20 15:30:00-04:00,20.31999969482422,20.33099937438965,20.31999969482422,20.33099937438965,0,0.0,0.0,0.0
2024-06-21 09:30:00-04:00,20.350000381469727,20.350000381469727,20.31999969482422,20.337099075317383,2610,0.0,0.0,0.0
2024-06-21 10:30:00-04:00,20.329999923706055,20.334999084472656,20.315000534057617,20.329999923706055,7989,0.0,0.0,0.0
2024-06-21 11:30:00-04:00,20.325000762939453,20.329999923706055,20.325000762939453,20.325000762939453,1424,0.0,0.0,0.0
2024-06-21 12:30:00-04:00,20.329999923706055,20.334999084472656,20.31999969482422,20.31999969482422,3694,0.0,0.0,0.0
2024-06-21 13:30:00-04:00,20.315000534057617,20.329999923706055,20.309999465942383,20.329999923706055,7125,0.0,0.0,0.0
2024-06-21 14:30:00-04:00,20.309999465942383,20.328100204467773,20.309999465942383,20.328100204467773,12312,0.0,0.0,0.0
2024-06-21 15:30:00-04:00,20.329999923706055,20.350000381469727,20.31999969482422,20.350000381469727,17853,0.0,0.0,0.0
2024-06-24 09:30:00-04:00,20.350000381469727,20.360000610351562,20.340099334716797,20.360000610351562,0,0.0,0.0,0.0
2024-06-24 10:30:00-04:00,20.3700008392334,20.370100021362305,20.360000610351562,20.360000610351562,2106,0.0,0.0,0.0
2024-06-24 11:30:00-04:00,20.350000381469727,20.35420036315918,20.34000015258789,20.350000381469727,8803,0.0,0.0,0.0
2024-06-24 12:30:00-04:00,20.34000015258789,20.350000381469727,20.34000015258789,20.34000015258789,2882,0.0,0.0,0.0
2024-06-24 13:30:00-04:00,20.34000015258789,20.350000381469727,20.329999923706055,20.34000015258789,22642,0.0,0.0,0.0
2024-06-24 14:30:00-04:00,20.34000015258789,20.350000381469727,20.329999923706055,20.33989906311035,7157,0.0,0.0,0.0
2024-06-24 15:30:00-04:00,20.334999084472656,20.34000015258789,20.329999923706055,20.33049964904785,2519,0.0,0.0,0.0
2024-06-25 09:30:00-04:00,20.329999923706055,20.350000381469727,20.329999923706055,20.34000015258789,0,0.0,0.0,0.0
2024-06-25 10:30:00-04:00,20.34000015258789,20.349899291992188,20.329999923706055,20.329999923706055,7135,0.0,0.0,0.0
2024-06-25 11:30:00-04:00,20.34000015258789,20.34000015258789,20.329999923706055,20.329999923706055,868,0.0,0.0,0.0
2024-06-25 12:30:00-04:00,20.329999923706055,20.34000015258789,20.329999923706055,20.34000015258789,10716,0.0,0.0,0.0
2024-06-25 13:30:00-04:00,20.350000381469727,20.354700088500977,20.34000015258789,20.350000381469727,2119,0.0,0.0,0.0
2024-06-25 14:30:00-04:00,20.34000015258789,20.344999313354492,20.34000015258789,20.34000015258789,1165,0.0,0.0,0.0
2024-06-25 15:30:00-04:00,20.34000015258789,20.355300903320312,20.34000015258789,20.355300903320312,2816,0.0,0.0,0.0
2024-06-26 09:30:00-04:00,20.299999237060547,20.299999237060547,20.290000915527344,20.290000915527344,0,0.0,0.0,0.0
2024-06-26 10:30:00-04:00,20.280000686645508,20.2810001373291,20.280000686645508,20.2810001373291,547,0.0,0.0,0.0
2024-06-26 11:30:00-04:00,20.286300659179688,20.295000076293945,20.270000457763672,20.280000686645508,5164,0.0,0.0,0.0
2024-06-26 12:30:00-04:00,20.289899826049805,20.290000915527344,20.280000686645508,20.290000915527344,2781,0.0,0.0,0.0
2024-06-26 13:30:00-04:00,20.307600021362305,20.307600021362305,20.299999237060547,20.299999237060547,3836,0.0,0.0,0.0
2024-06-26 14:30:00-04:00,20.290000915527344,20.29990005493164,20.290000915527344,20.290000915527344,2301,0.0,0.0,0.0
2024-06-26 15:30:00-04:00,20.290000915527344,20.294700622558594,20.25,20.28499984741211,18027,0.0,0.0,0.0
2024-06-27 09:30:00-04:00,20.145000457763672,20.145000457763672,20.138700485229492,20.139999389648438,6109,0.0,0.0,0.0
2024-06-27 10:30:00-04:00,20.135000228881836,20.139999389648438,20.1299991607666,20.1299991607666,2730,0.0,0.0,0.0
2024-06-27 11:30:00-04:00,20.1200008392334,20.1299991607666,20.1200008392334,20.1200008392334,898,0.0,0.0,0.0
2024-06-27 12:30:00-04:00,20.1299991607666,20.1299991607666,20.1200008392334,20.1200008392334,2707,0.0,0.0,0.0
2024-06-27 13:30:00-04:00,20.1200008392334,20.139999389648438,20.1200008392334,20.1200008392334,9663,0.0,0.0,0.0
2024-06-27 14:30:00-04:00,20.125,20.139999389648438,20.1200008392334,20.1200008392334,3281,0.0,0.0,0.0
2024-06-27 15:30:00-04:00,20.1299991607666,20.139999389648438,20.1299991607666,20.139999389648438,7293,0.0,0.0,0.0
2024-06-28 09:30:00-04:00,20.170000076293945,20.180099487304688,20.170000076293945,20.180099487304688,0,0.0,0.0,0.0
2024-06-28 10:30:00-04:00,20.178199768066406,20.178199768066406,20.1200008392334,20.1200008392334,788,0.0,0.0,0.0
2024-06-28 11:30:00-04:00,20.110000610351562,20.11009979248047,20.110000610351562,20.11009979248047,1310,0.0,0.0,0.0
2024-06-28 12:30:00-04:00,20.110000610351562,20.120100021362305,20.099899291992188,20.120100021362305,9472,0.0,0.0,0.0
2024-06-28 13:30:00-04:00,20.11989974975586,20.1299991607666,20.119699478149414,20.1299991607666,6484,0.0,0.0,0.0
2024-06-28 14:30:00-04:00,20.11090087890625,20.11090087890625,20.110000610351562,20.110000610351562,69039,0.0,0.0,0.0
2024-06-28 15:30:00-04:00,20.110000610351562,20.110000610351562,20.100000381469727,20.100000381469727,7061,0.0,0.0,0.0
2024-07-01 09:30:00-04:00,20.06999969482422,20.06999969482422,20.040000915527344,20.045000076293945,3817,0.0,0.0,0.0
2024-07-01 10:30:00-04:00,20.010000228881836,20.02989959716797,20.010000228881836,20.020000457763672,9338,0.0,0.0,0.0
2024-07-01 11:30:00-04:00,20.020000457763672,20.020000457763672,20.010000228881836,20.014999389648438,1186,0.0,0.0,0.0
2024-07-01 12:30:00-04:00,20.010000228881836,20.010000228881836,20.0,20.009899139404297,3513,0.0,0.0,0.0
2024-07-01 13:30:00-04:00,20.009899139404297,20.010000228881836,20.0,20.0,1109,0.0,0.0,0.0
2024-07-01 14:30:00-04:00,20.0,20.017099380493164,20.0,20.0,4211,0.0,0.0,0.0
2024-07-01 15:30:00-04:00,20.006999969482422,20.010000228881836,20.0049991607666,20.010000228881836,4660,0.0,0.0,0.0
2024-07-02 09:30:00-04:00,20.059999465942383,20.09000015258789,20.059999465942383,20.09000015258789,0,0.0,0.0,0.0
2024-07-02 10:30:00-04:00,20.06999969482422,20.06999969482422,20.059999465942383,20.065000534057617,17758,0.0,0.0,0.0
2024-07-02 11:30:00-04:00,20.06999969482422,20.06999969482422,20.059900283813477,20.059900283813477,2608,0.0,0.0,0.0
2024-07-02 12:30:00-04:00,20.058900833129883,20.058900833129883,20.040000915527344,20.045000076293945,5967,0.0,0.0,0.0
2024-07-02 13:30:00-04:00,20.040700912475586,20.059900283813477,20.040700912475586,20.05500030517578,110066,0.0,0.0,0.0
2024-07-02 14:30:00-04:00,20.05500030517578,20.06999969482422,20.05500030517578,20.06999969482422,4829,0.0,0.0,0.0
2024-07-02 15:30:00-04:00,20.07550048828125,20.07550048828125,20.06999969482422,20.075000762939453,1339,0.0,0.0,0.0
2024-07-03 09:30:00-04:00,20.1200008392334,20.170000076293945,20.117000579833984,20.149999618530273,0,0.0,0.0,0.0
2024-07-03 10:30:00-04:00,20.15999984741211,20.15999984741211,20.15999984741211,20.15999984741211,413,0.0,0.0,0.0
2024-07-03 11:30:00-04:00,20.145000457763672,20.149999618530273,20.139999389648438,20.145000457763672,2497,0.0,0.0,0.0
2024-07-03 12:30:00-04:00,20.149999618530273,20.16900062561035,20.149999618530273,20.16900062561035,595,0.0,0.0,0.0
2024-07-05 09:30:00-04:00,20.219999313354492,20.219999313354492,20.211999893188477,20.211999893188477,0,0.0,0.0,0.0
2024-07-05 10:30:00-04:00,20.219999313354492,20.239999771118164,20.219999313354492,20.239999771118164,3541,0.0,0.0,0.0
2024-07-05 11:30:00-04:00,20.24970054626465,20.25,20.24970054626465,20.25,316,0.0,0.0,0.0
2024-07-05 12:30:00-04:00,20.256000518798828,20.256000518798828,20.256000518798828,20.256000518798828,197,0.0,0.0,0.0
2024-07-05 14:30:00-04:00,20.260000228881836,20.264999389648438,20.25,20.264999389648438,2569,0.0,0.0,0.0
2024-07-05 15:30:00-04:00,20.262500762939453,20.262500762939453,20.260000228881836,20.26099967956543,450,0.0,0.0,0.0
2024-07-08 09:30:00-04:00,20.260000228881836,20.260000228881836,20.260000228881836,20.260000228881836,0,0.0,0.0,0.0
2024-07-08 10:30:00-04:00,20.25,20.25,20.25,20.25,899,0.0,0.0,0.0
2024-07-08 11:30:00-04:00,20.239999771118164,20.239999771118164,20.231000900268555,20.231000900268555,883,0.0,0.0,0.0
2024-07-08 12:30:00-04:00,20.240100860595703,20.270000457763672,20.240100860595703,20.260000228881836,1133,0.0,0.0,0.0
2024-07-08 13:30:00-04:00,20.260000228881836,20.260000228881836,20.260000228881836,20.260000228881836,448,0.0,0.0,0.0
2024-07-08 14:30:00-04:00,20.270000457763672,20.27549934387207,20.260000228881836,20.270000457763672,4077,0.0,0.0,0.0
2024-07-08 15:30:00-04:00,20.270000457763672,20.280000686645508,20.260000228881836,20.280000686645508,1161,0.0,0.0,0.0
2024-07-09 09:30:00-04:00,20.25,20.264999389648438,20.239999771118164,20.239999771118164,0,0.0,0.0,0.0
2024-07-09 10:30:00-04:00,20.239900588989258,20.239900588989258,20.219999313354492,20.219999313354492,511,0.0,0.0,0.0
2024-07-09 11:30:00-04:00,20.22369956970215,20.229999542236328,20.22369956970215,20.229999542236328,1240,0.0,0.0,0.0
2024-07-09 12:30:00-04:00,20.229999542236328,20.249900817871094,20.229999542236328,20.230100631713867,852,0.0,0.0,0.0
2024-07-09 13:30:00-04:00,20.25,20.264699935913086,20.240999221801758,20.253000259399414,10799,0.0,0.0,0.0
2024-07-09 14:30:00-04:00,20.25,20.259899139404297,20.239999771118164,20.24799919128418,1730,0.0,0.0,0.0
2024-07-09 15:30:00-04:00,20.2450008392334,20.2450008392334,20.2450008392334,20.2450008392334,586,0.0,0.0,0.0
2024-07-10 09:30:00-04:00,20.25,20.270000457763672,20.25,20.270000457763672,0,0.0,0.0,0.0
2024-07-10 10:30:00-04:00,20.260000228881836,20.264999389648438,20.260000228881836,20.264999389648438,1061,0.0,0.0,0.0
2024-07-10 11:30:00-04:00,20.270000457763672,20.275100708007812,20.270000457763672,20.275100708007812,1192,0.0,0.0,0.0
2024-07-10 12:30:00-04:00,20.270000457763672,20.290000915527344,20.270000457763672,20.290000915527344,7249,0.0,0.0,0.0
2024-07-10 13:30:00-04:00,20.271099090576172,20.28019905090332,20.270000457763672,20.280000686645508,4056,0.0,0.0,0.0
2024-07-10 14:30:00-04:00,20.273700714111328,20.275999069213867,20.273700714111328,20.274999618530273,1492,0.0,0.0,0.0
2024-07-10 15:30:00-04:00,20.270000457763672,20.280000686645508,20.270000457763672,20.280000686645508,0,0.0,0.0,0.0
2024-07-11 09:30:00-04:00,20.3700008392334,20.389999389648438,20.3700008392334,20.37030029296875,7403,0.0,0.0,0.0
2024-07-11 10:30:00-04:00,20.360000610351562,20.389999389648438,20.350000381469727,20.3700008392334,5308,0.0,0.0,0.0
2024-07-11 11:30:00-04:00,20.36750030517578,20.375,20.360000610351562,20.375,755,0.0,0.0,0.0
2024-07-11 12:30:00-04:00,20.3799991607666,20.3799991607666,20.364500045776367,20.3700008392334,4437,0.0,0.0,0.0
2024-07-11 13:30:00-04:00,20.360000610351562,20.3700008392334,20.360000610351562,20.360000610351562,3385,0.0,0.0,0.0
2024-07-11 14:30:00-04:00,20.3700008392334,20.389999389648438,20.3700008392334,20.370100021362305,3621,0.0,0.0,0.0
2024-07-11 15:30:00-04:00,20.364999771118164,20.364999771118164,20.360000610351562,20.360000610351562,586,0.0,0.0,0.0
2024-07-12 09:30:00-04:00,20.3799991607666,20.40999984741211,20.3799991607666,20.40999984741211,0,0.0,0.0,0.0
2024-07-12 10:30:00-04:00,20.400999069213867,20.420000076293945,20.400999069213867,20.415300369262695,5925,0.0,0.0,0.0
2024-07-12 11:30:00-04:00,20.415000915527344,20.42009925842285,20.399999618530273,20.40329933166504,17388,0.0,0.0,0.0
2024-07-12 12:30:00-04:00,20.402999877929688,20.43000030517578,20.399999618530273,20.420000076293945,14698,0.0,0.0,0.0
2024-07-12 13:30:00-04:00,20.423200607299805,20.440000534057617,20.420000076293945,20.424999237060547,8027,0.0,0.0,0.0
2024-07-12 14:30:00-04:00,20.42099952697754,20.424999237060547,20.420000076293945,20.424999237060547,1862,0.0,0.0,0.0
2024-07-12 15:30:00-04:00,20.424999237060547,20.459999084472656,20.424999237060547,20.43199920654297,3984,0.0,0.0,0.0
2024-07-15 09:30:00-04:00,20.440000534057617,20.44969940185547,20.420000076293945,20.43000030517578,0,0.0,0.0,0.0
2024-07-15 10:30:00-04:00,20.40999984741211,20.430099487304688,20.405000686645508,20.430099487304688,1219,0.0,0.0,0.0
2024-07-15 11:30:00-04:00,20.440000534057617,20.440000534057617,20.420000076293945,20.420000076293945,7433,0.0,0.0,0.0
2024-07-15 12:30:00-04:00,20.43000030517578,20.43000030517578,20.420000076293945,20.420000076293945,1114,0.0,0.0,0.0
2024-07-15 13:30:00-04:00,20.405000686645508,20.40999984741211,20.405000686645508,20.40999984741211,476,0.0,0.0,0.0
2024-07-15 14:30:00-04:00,20.420000076293945,20.43000030517578,20.420000076293945,20.420000076293945,3547,0.0,0.0,0.0
2024-07-15 15:30:00-04:00,20.43000030517578,20.43000030517578,20.42569923400879,20.42569923400879,0,0.0,0.0,0.0
2024-07-16 09:30:00-04:00,20.459999084472656,20.469999313354492,20.459999084472656,20.463300704956055,926,0.0,0.0,0.0
2024-07-16 10:30:00-04:00,20.460100173950195,20.469999313354492,20.459999084472656,20.469999313354492,1207,0.0,0.0,0.0
2024-07-16 11:30:00-04:00,20.476999282836914,20.479999542236328,20.47010040283203,20.47260093688965,5423,0.0,0.0,0.0
2024-07-16 12:30:00-04:00,20.479999542236328,20.4950008392334,20.479999542236328,20.489999771118164,1951,0.0,0.0,0.0
2024-07-16 13:30:00-04:00,20.510000228881836,20.520000457763672,20.510000228881836,20.510000228881836,3076,0.0,0.0,0.0
2024-07-16 14:30:00-04:00,20.510000228881836,20.530000686645508,20.510000228881836,20.516000747680664,2158,0.0,0.0,0.0
2024-07-16 15:30:00-04:00,20.51300048828125,20.514999389648438,20.51300048828125,20.514999389648438,0,0.0,0.0,0.0
2024-07-17 10:30:00-04:00,20.489999771118164,20.510000228881836,20.479999542236328,20.480300903320312,3295,0.0,0.0,0.0
2024-07-17 11:30:00-04:00,20.480199813842773,20.484699249267578,20.469999313354492,20.469999313354492,1164,0.0,0.0,0.0
2024-07-17 13:30:00-04:00,20.469999313354492,20.489999771118164,20.459999084472656,20.4867000579834,9710,0.0,0.0,0.0
2024-07-17 14:30:00-04:00,20.479999542236328,20.479999542236328,20.479999542236328,20.479999542236328,718,0.0,0.0,0.0
2024-07-17 15:30:00-04:00,20.479999542236328,20.489999771118164,20.475000381469727,20.479999542236328,2504,0.0,0.0,0.0
2024-07-18 09:30:00-04:00,20.489999771118164,20.5049991607666,20.489999771118164,20.491100311279297,0,0.0,0.0,0.0
2024-07-18 10:30:00-04:00,20.479999542236328,20.48150062561035,20.465499877929688,20.469900131225586,6413,0.0,0.0,0.0
2024-07-18 11:30:00-04:00,20.450000762939453,20.450000762939453,20.42970085144043,20.43910026550293,4062,0.0,0.0,0.0
2024-07-18 12:30:00-04:00,20.440000534057617,20.450000762939453,20.43000030517578,20.450000762939453,501,0.0,0.0,0.0
2024-07-18 13:30:00-04:00,20.450000762939453,20.450000762939453,20.440000534057617,20.450000762939453,12775,0.0,0.0,0.0
2024-07-18 14:30:00-04:00,20.44969940185547,20.450000762939453,20.420000076293945,20.420000076293945,10255,0.0,0.0,0.0
2024-07-18 15:30:00-04:00,20.424999237060547,20.469999313354492,20.420000076293945,20.43000030517578,0,0.0,0.0,0.0
2024-07-19 09:30:00-04:00,20.440000534057617,20.440000534057617,20.440000534057617,20.440000534057617,571,0.0,0.0,0.0
2024-07-19 11:30:00-04:00,20.420000076293945,20.43000030517578,20.420000076293945,20.420000076293945,1887,0.0,0.0,0.0
2024-07-19 12:30:00-04:00,20.40999984741211,20.420000076293945,20.399999618530273,20.420000076293945,2297,0.0,0.0,0.0
2024-07-19 13:30:00-04:00,20.400100708007812,20.412500381469727,20.400100708007812,20.40999984741211,6768,0.0,0.0,0.0
2024-07-19 14:30:00-04:00,20.413000106811523,20.42099952697754,20.40999984741211,20.420000076293945,7861,0.0,0.0,0.0
2024-07-19 15:30:00-04:00,20.429899215698242,20.429899215698242,20.420000076293945,20.420000076293945,461,0.0,0.0,0.0
