Datetime,Open,High,Low,Close,Volume,Dividends,Stock Splits,Capital Gains
2022-07-21 09:30:00-04:00,13.84000015258789,13.95989990234375,13.649999618530273,13.740099906921387,0,0.0,0.0,0.0
2022-07-21 10:30:00-04:00,13.861000061035156,13.861000061035156,13.861000061035156,13.861000061035156,2144,0.0,0.0,0.0
2022-07-21 11:30:00-04:00,13.722599983215332,13.722599983215332,13.569999694824219,13.569999694824219,623,0.0,0.0,0.0
2022-07-21 12:30:00-04:00,13.5600004196167,13.5600004196167,13.5600004196167,13.5600004196167,273,0.0,0.0,0.0
2022-07-21 13:30:00-04:00,13.611000061035156,13.611000061035156,13.609999656677246,13.609999656677246,504,0.0,0.0,0.0
2022-07-21 14:30:00-04:00,13.5600004196167,13.5600004196167,13.539999961853027,13.541000366210938,950,0.0,0.0,0.0
2022-07-21 15:30:00-04:00,13.5600004196167,13.5600004196167,13.460000038146973,13.460000038146973,841,0.0,0.0,0.0
2022-07-22 09:30:00-04:00,13.289999961853027,13.390000343322754,13.121600151062012,13.319999694824219,3302,0.0,0.0,0.0
2022-07-22 10:30:00-04:00,13.289999961853027,13.329999923706055,13.270000457763672,13.329999923706055,1894,0.0,0.0,0.0
2022-07-22 11:30:00-04:00,13.430000305175781,13.430000305175781,13.430000305175781,13.430000305175781,236,0.0,0.0,0.0
2022-07-22 12:30:00-04:00,13.520000457763672,13.659500122070312,13.520000457763672,13.659500122070312,739,0.0,0.0,0.0
2022-07-22 13:30:00-04:00,13.704999923706055,13.849900245666504,13.694999694824219,13.849900245666504,1546,0.0,0.0,0.0
2022-07-22 14:30:00-04:00,13.760000228881836,13.770400047302246,13.740099906921387,13.75,2869,0.0,0.0,0.0
2022-07-22 15:30:00-04:00,13.75,13.770000457763672,13.680000305175781,13.729999542236328,2610,0.0,0.0,0.0
2022-07-25 09:30:00-04:00,13.65999984741211,13.699999809265137,13.510000228881836,13.630000114440918,2320,0.0,0.0,0.0
2022-07-25 10:30:00-04:00,13.604499816894531,13.699700355529785,13.590499877929688,13.640000343322754,3746,0.0,0.0,0.0
2022-07-25 11:30:00-04:00,13.668399810791016,13.668399810791016,13.668399810791016,13.668399810791016,183,0.0,0.0,0.0
2022-07-25 12:30:00-04:00,13.585000038146973,13.585000038146973,13.520000457763672,13.529999732971191,3579,0.0,0.0,0.0
2022-07-25 13:30:00-04:00,13.620699882507324,13.620699882507324,13.619999885559082,13.619999885559082,2121,0.0,0.0,0.0
2022-07-25 14:30:00-04:00,13.600000381469727,13.675000190734863,13.600000381469727,13.675000190734863,1025,0.0,0.0,0.0
2022-07-25 15:30:00-04:00,13.579999923706055,13.579999923706055,13.5,13.5,0,0.0,0.0,0.0
2022-07-26 09:30:00-04:00,13.6899995803833,13.6899995803833,13.61520004272461,13.670000076293945,1793,0.0,0.0,0.0
2022-07-26 10:30:00-04:00,13.550000190734863,13.550000190734863,13.550000190734863,13.550000190734863,135,0.0,0.0,0.0
2022-07-26 12:30:00-04:00,13.699899673461914,13.699899673461914,13.699899673461914,13.699899673461914,379,0.0,0.0,0.0
2022-07-26 15:30:00-04:00,13.581000328063965,13.680000305175781,13.581000328063965,13.680000305175781,1163,0.0,0.0,0.0
2022-07-27 09:30:00-04:00,13.670000076293945,13.800000190734863,13.65999984741211,13.65999984741211,0,0.0,0.0,0.0
2022-07-27 10:30:00-04:00,13.649999618530273,13.649999618530273,13.569999694824219,13.609999656677246,850,0.0,0.0,0.0
2022-07-27 11:30:00-04:00,13.529999732971191,13.529999732971191,13.529999732971191,13.529999732971191,246,0.0,0.0,0.0
2022-07-27 13:30:00-04:00,13.529999732971191,13.529999732971191,13.5,13.510000228881836,808,0.0,0.0,0.0
2022-07-27 14:30:00-04:00,13.600000381469727,13.600000381469727,13.210000038146973,13.210000038146973,3759,0.0,0.0,0.0
2022-07-27 15:30:00-04:00,13.050000190734863,13.145000457763672,13.020000457763672,13.109999656677246,0,0.0,0.0,0.0
2022-07-28 09:30:00-04:00,13.020000457763672,13.079999923706055,12.800000190734863,13.055000305175781,4410,0.0,0.0,0.0
2022-07-28 10:30:00-04:00,13.05049991607666,13.069999694824219,12.899999618530273,12.899999618530273,1395,0.0,0.0,0.0
2022-07-28 11:30:00-04:00,12.800100326538086,12.869999885559082,12.800100326538086,12.869999885559082,847,0.0,0.0,0.0
2022-07-28 13:30:00-04:00,12.845000267028809,12.845000267028809,12.800000190734863,12.800000190734863,768,0.0,0.0,0.0
2022-07-28 14:30:00-04:00,12.770099639892578,12.83899974822998,12.770099639892578,12.8100004196167,454,0.0,0.0,0.0
2022-07-28 15:30:00-04:00,12.829000473022461,12.829999923706055,12.739999771118164,12.779999732971191,0,0.0,0.0,0.0
2022-07-29 09:30:00-04:00,12.510000228881836,12.614999771118164,12.399999618530273,12.399999618530273,22770,0.0,0.0,0.0
2022-07-29 10:30:00-04:00,12.439900398254395,12.439900398254395,12.380999565124512,12.380999565124512,1127,0.0,0.0,0.0
2022-07-29 11:30:00-04:00,12.350799560546875,12.40999984741211,12.350799560546875,12.40999984741211,2091,0.0,0.0,0.0
2022-07-29 12:30:00-04:00,12.402099609375,12.402099609375,12.369999885559082,12.369999885559082,676,0.0,0.0,0.0
2022-07-29 13:30:00-04:00,12.350000381469727,12.350000381469727,12.350000381469727,12.350000381469727,200,0.0,0.0,0.0
2022-07-29 14:30:00-04:00,12.258999824523926,12.268600463867188,12.239999771118164,12.268600463867188,648,0.0,0.0,0.0
2022-07-29 15:30:00-04:00,12.25,12.329999923706055,12.25,12.329999923706055,4013,0.0,0.0,0.0
2022-08-01 09:30:00-04:00,12.40999984741211,12.680000305175781,12.40999984741211,12.65999984741211,0,0.0,0.0,0.0
2022-08-01 10:30:00-04:00,12.630999565124512,12.649999618530273,12.630999565124512,12.649999618530273,813,0.0,0.0,0.0
2022-08-01 11:30:00-04:00,12.569000244140625,12.579999923706055,12.550000190734863,12.569999694824219,2873,0.0,0.0,0.0
2022-08-01 12:30:00-04:00,12.524999618530273,12.524999618530273,12.524999618530273,12.524999618530273,219,0.0,0.0,0.0
2022-08-01 14:30:00-04:00,12.569999694824219,12.569999694824219,12.550000190734863,12.550000190734863,400,0.0,0.0,0.0
2022-08-01 15:30:00-04:00,12.53030014038086,12.53030014038086,12.510000228881836,12.510000228881836,1708,0.0,0.0,0.0
2022-08-02 09:30:00-04:00,12.889900207519531,12.949999809265137,12.720000267028809,12.720000267028809,0,0.0,0.0,0.0
2022-08-02 10:30:00-04:00,12.720000267028809,12.720000267028809,12.664999961853027,12.6899995803833,2319,0.0,0.0,0.0
2022-08-02 11:30:00-04:00,12.65999984741211,12.65999984741211,12.420999526977539,12.460000038146973,1061,0.0,0.0,0.0
2022-08-02 12:30:00-04:00,12.4399995803833,12.460000038146973,12.4399995803833,12.460000038146973,453,0.0,0.0,0.0
2022-08-02 13:30:00-04:00,12.609999656677246,12.65999984741211,12.609999656677246,12.65999984741211,715,0.0,0.0,0.0
2022-08-02 14:30:00-04:00,12.640000343322754,12.719900131225586,12.640000343322754,12.699999809265137,415,0.0,0.0,0.0
2022-08-02 15:30:00-04:00,12.729999542236328,12.770000457763672,12.729999542236328,12.770000457763672,1264,0.0,0.0,0.0
2022-08-03 09:30:00-04:00,12.779999732971191,12.979999542236328,12.716899871826172,12.979000091552734,11825,0.0,0.0,0.0
2022-08-03 10:30:00-04:00,12.890000343322754,13.039999961853027,12.890000343322754,13.039999961853027,3039,0.0,0.0,0.0
2022-08-03 11:30:00-04:00,12.829999923706055,12.829999923706055,12.80780029296875,12.80780029296875,680,0.0,0.0,0.0
2022-08-03 12:30:00-04:00,12.800000190734863,12.800000190734863,12.800000190734863,12.800000190734863,100,0.0,0.0,0.0
2022-08-03 13:30:00-04:00,12.760000228881836,12.760000228881836,12.760000228881836,12.760000228881836,464,0.0,0.0,0.0
2022-08-03 14:30:00-04:00,12.729999542236328,12.744999885559082,12.699999809265137,12.744999885559082,1451,0.0,0.0,0.0
2022-08-03 15:30:00-04:00,12.765299797058105,12.781700134277344,12.75,12.781700134277344,2207,0.0,0.0,0.0
2022-08-04 09:30:00-04:00,12.800000190734863,12.84000015258789,12.600000381469727,12.600000381469727,0,0.0,0.0,0.0
2022-08-04 10:30:00-04:00,12.600000381469727,12.600000381469727,12.529999732971191,12.529999732971191,426,0.0,0.0,0.0
2022-08-04 11:30:00-04:00,12.59000015258789,12.59000015258789,12.59000015258789,12.59000015258789,10051,0.0,0.0,0.0
2022-08-04 12:30:00-04:00,12.600000381469727,12.600000381469727,12.579999923706055,12.579999923706055,324,0.0,0.0,0.0
2022-08-04 13:30:00-04:00,12.492500305175781,12.492500305175781,12.492500305175781,12.492500305175781,320,0.0,0.0,0.0
2022-08-04 14:30:00-04:00,12.510000228881836,12.529999732971191,12.50100040435791,12.529999732971191,420,0.0,0.0,0.0
2022-08-04 15:30:00-04:00,12.669899940490723,12.669899940490723,12.654999732971191,12.654999732971191,765,0.0,0.0,0.0
2022-08-05 09:30:00-04:00,12.850000381469727,12.850000381469727,12.340100288391113,12.359999656677246,0,0.0,0.0,0.0
2022-08-05 10:30:00-04:00,12.41100025177002,12.41100025177002,12.350000381469727,12.350000381469727,1286,0.0,0.0,0.0
2022-08-05 11:30:00-04:00,12.579099655151367,12.579099655151367,12.545000076293945,12.545000076293945,726,0.0,0.0,0.0
2022-08-05 12:30:00-04:00,12.530099868774414,12.539999961853027,12.449999809265137,12.449999809265137,1220,0.0,0.0,0.0
2022-08-05 13:30:00-04:00,12.45989990234375,12.45989990234375,12.45989990234375,12.45989990234375,571,0.0,0.0,0.0
2022-08-05 15:30:00-04:00,12.449999809265137,12.449999809265137,12.408499717712402,12.408499717712402,301,0.0,0.0,0.0
2022-08-08 09:30:00-04:00,12.09000015258789,12.09000015258789,11.890000343322754,12.0600004196167,0,0.0,0.0,0.0
2022-08-08 10:30:00-04:00,12.0600004196167,12.0600004196167,12.0600004196167,12.0600004196167,167,0.0,0.0,0.0
2022-08-08 11:30:00-04:00,12.09000015258789,12.220000267028809,12.09000015258789,12.220000267028809,2753,0.0,0.0,0.0
2022-08-08 13:30:00-04:00,12.199999809265137,12.210100173950195,12.199999809265137,12.210100173950195,1100,0.0,0.0,0.0
2022-08-08 14:30:00-04:00,12.260000228881836,12.289400100708008,12.220000267028809,12.265000343322754,5054,0.0,0.0,0.0
2022-08-08 15:30:00-04:00,12.239999771118164,12.270000457763672,12.239999771118164,12.270000457763672,0,0.0,0.0,0.0
2022-08-09 11:30:00-04:00,12.34000015258789,12.422900199890137,12.34000015258789,12.422900199890137,647,0.0,0.0,0.0
2022-08-09 12:30:00-04:00,12.380000114440918,12.380000114440918,12.380000114440918,12.380000114440918,346,0.0,0.0,0.0
2022-08-09 14:30:00-04:00,12.4399995803833,12.4399995803833,12.430000305175781,12.4399995803833,610,0.0,0.0,0.0
2022-08-09 15:30:00-04:00,12.369999885559082,12.380000114440918,12.329999923706055,12.350000381469727,829,0.0,0.0,0.0
2022-08-10 09:30:00-04:00,11.87279987335205,11.87279987335205,11.6899995803833,11.739999771118164,30531,0.0,0.0,0.0
2022-08-10 10:30:00-04:00,11.75,11.75,11.630000114440918,11.647199630737305,3004,0.0,0.0,0.0
2022-08-10 11:30:00-04:00,11.619999885559082,11.628999710083008,11.619999885559082,11.628999710083008,990,0.0,0.0,0.0
2022-08-10 12:30:00-04:00,11.539999961853027,11.59000015258789,11.529999732971191,11.539999961853027,4401,0.0,0.0,0.0
2022-08-10 13:30:00-04:00,11.510000228881836,11.510000228881836,11.510000228881836,11.510000228881836,300,0.0,0.0,0.0
2022-08-10 14:30:00-04:00,11.598999977111816,11.680000305175781,11.598999977111816,11.670000076293945,573,0.0,0.0,0.0
2022-08-10 15:30:00-04:00,11.649999618530273,11.670000076293945,11.619999885559082,11.670000076293945,1075,0.0,0.0,0.0
2022-08-11 09:30:00-04:00,11.489999771118164,11.489999771118164,11.260000228881836,11.28849983215332,0,0.0,0.0,0.0
2022-08-11 10:30:00-04:00,11.289999961853027,11.289999961853027,11.220000267028809,11.220000267028809,945,0.0,0.0,0.0
2022-08-11 12:30:00-04:00,11.369999885559082,11.369999885559082,11.289999961853027,11.289999961853027,432,0.0,0.0,0.0
2022-08-11 13:30:00-04:00,11.289999961853027,11.350000381469727,11.289999961853027,11.350000381469727,280,0.0,0.0,0.0
2022-08-11 15:30:00-04:00,11.569999694824219,11.579999923706055,11.5600004196167,11.564000129699707,3664,0.0,0.0,0.0
2022-08-12 11:30:00-04:00,11.34000015258789,11.34000015258789,11.34000015258789,11.34000015258789,100,0.0,0.0,0.0
2022-08-12 13:30:00-04:00,11.262200355529785,11.262200355529785,11.220000267028809,11.220000267028809,821,0.0,0.0,0.0
2022-08-12 14:30:00-04:00,11.199999809265137,11.199999809265137,11.199999809265137,11.199999809265137,275,0.0,0.0,0.0
2022-08-12 15:30:00-04:00,11.1899995803833,11.210000038146973,11.180000305175781,11.210000038146973,4309,0.0,0.0,0.0
2022-08-15 09:30:00-04:00,11.479999542236328,11.479999542236328,11.399999618530273,11.460000038146973,0,0.0,0.0,0.0
2022-08-15 10:30:00-04:00,11.430000305175781,11.439000129699707,11.399999618530273,11.408100128173828,1506,0.0,0.0,0.0
2022-08-15 11:30:00-04:00,11.350000381469727,11.350000381469727,11.260000228881836,11.260000228881836,621,0.0,0.0,0.0
2022-08-15 13:30:00-04:00,11.3100004196167,11.3100004196167,11.3100004196167,11.3100004196167,17437,0.0,0.0,0.0
2022-08-15 14:30:00-04:00,11.319999694824219,11.319999694824219,11.319999694824219,11.319999694824219,218,0.0,0.0,0.0
2022-08-15 15:30:00-04:00,11.255000114440918,11.289999961853027,11.255000114440918,11.289999961853027,368,0.0,0.0,0.0
2022-08-16 09:30:00-04:00,11.300000190734863,11.329999923706055,11.180000305175781,11.180000305175781,0,0.0,0.0,0.0
2022-08-16 10:30:00-04:00,11.23900032043457,11.239999771118164,11.229999542236328,11.229999542236328,4412,0.0,0.0,0.0
2022-08-16 11:30:00-04:00,11.114999771118164,11.114999771118164,11.114999771118164,11.114999771118164,298,0.0,0.0,0.0
2022-08-16 12:30:00-04:00,11.100000381469727,11.100000381469727,11.100000381469727,11.100000381469727,109,0.0,0.0,0.0
2022-08-16 14:30:00-04:00,11.119999885559082,11.139900207519531,11.119999885559082,11.139900207519531,504,0.0,0.0,0.0
2022-08-16 15:30:00-04:00,11.109000205993652,11.119999885559082,11.079999923706055,11.119999885559082,1005,0.0,0.0,0.0
2022-08-17 09:30:00-04:00,11.380000114440918,11.449999809265137,11.380000114440918,11.449999809265137,574,0.0,0.0,0.0
2022-08-17 10:30:00-04:00,11.431400299072266,11.510000228881836,11.431400299072266,11.460000038146973,2794,0.0,0.0,0.0
2022-08-17 11:30:00-04:00,11.50220012664795,11.50220012664795,11.470999717712402,11.470999717712402,4400,0.0,0.0,0.0
2022-08-17 12:30:00-04:00,11.470000267028809,11.520000457763672,11.470000267028809,11.520000457763672,2344,0.0,0.0,0.0
2022-08-17 14:30:00-04:00,11.321399688720703,11.489999771118164,11.321399688720703,11.489999771118164,1525,0.0,0.0,0.0
2022-08-17 15:30:00-04:00,11.5,11.5,11.420000076293945,11.430000305175781,4927,0.0,0.0,0.0
2022-08-18 09:30:00-04:00,11.420000076293945,11.460000038146973,11.359999656677246,11.460000038146973,0,0.0,0.0,0.0
2022-08-18 10:30:00-04:00,11.3100004196167,11.310999870300293,11.3100004196167,11.310099601745605,4089,0.0,0.0,0.0
2022-08-18 11:30:00-04:00,11.35990047454834,11.35990047454834,11.35990047454834,11.35990047454834,1029,0.0,0.0,0.0
2022-08-18 15:30:00-04:00,11.260000228881836,11.350000381469727,11.260000228881836,11.350000381469727,589,0.0,0.0,0.0
2022-08-19 09:30:00-04:00,11.529999732971191,11.649999618530273,11.529999732971191,11.649999618530273,0,0.0,0.0,0.0
2022-08-19 10:30:00-04:00,11.701000213623047,11.850000381469727,11.701000213623047,11.850000381469727,1113,0.0,0.0,0.0
2022-08-19 11:30:00-04:00,11.819999694824219,11.819999694824219,11.800000190734863,11.800000190734863,1834,0.0,0.0,0.0
2022-08-19 12:30:00-04:00,11.779999732971191,11.779999732971191,11.729999542236328,11.729999542236328,1123,0.0,0.0,0.0
2022-08-19 14:30:00-04:00,11.824999809265137,11.824999809265137,11.824999809265137,11.824999809265137,278,0.0,0.0,0.0
2022-08-19 15:30:00-04:00,11.760000228881836,11.819999694824219,11.760000228881836,11.8100004196167,1319,0.0,0.0,0.0
2022-08-22 09:30:00-04:00,12.460000038146973,12.460000038146973,12.170000076293945,12.170000076293945,5107,0.0,0.0,0.0
2022-08-22 10:30:00-04:00,12.25,12.260000228881836,12.119999885559082,12.119999885559082,4357,0.0,0.0,0.0
2022-08-22 11:30:00-04:00,12.109999656677246,12.109999656677246,12.050000190734863,12.09000015258789,2826,0.0,0.0,0.0
2022-08-22 12:30:00-04:00,12.09000015258789,12.09000015258789,12.09000015258789,12.09000015258789,250,0.0,0.0,0.0
2022-08-22 13:30:00-04:00,12.199899673461914,12.199899673461914,12.199899673461914,12.199899673461914,172,0.0,0.0,0.0
2022-08-22 14:30:00-04:00,12.199700355529785,12.199700355529785,12.163999557495117,12.163999557495117,1411,0.0,0.0,0.0
2022-08-22 15:30:00-04:00,12.210000038146973,12.220000267028809,12.199999809265137,12.220000267028809,2187,0.0,0.0,0.0
2022-08-23 09:30:00-04:00,11.854999542236328,11.854999542236328,11.710000038146973,11.710000038146973,0,0.0,0.0,0.0
2022-08-23 10:30:00-04:00,11.789999961853027,11.899999618530273,11.770999908447266,11.831000328063965,1342,0.0,0.0,0.0
2022-08-23 11:30:00-04:00,11.949999809265137,11.949999809265137,11.949999809265137,11.949999809265137,491,0.0,0.0,0.0
2022-08-23 12:30:00-04:00,11.907400131225586,11.907400131225586,11.899999618530273,11.899999618530273,1302,0.0,0.0,0.0
2022-08-23 14:30:00-04:00,11.887100219726562,11.887100219726562,11.854999542236328,11.854999542236328,534,0.0,0.0,0.0
2022-08-23 15:30:00-04:00,11.869999885559082,11.899999618530273,11.869999885559082,11.899999618530273,853,0.0,0.0,0.0
2022-08-24 09:30:00-04:00,11.949999809265137,11.949999809265137,11.880000114440918,11.880000114440918,724,0.0,0.0,0.0
2022-08-24 11:30:00-04:00,11.770000457763672,11.779000282287598,11.770000457763672,11.779000282287598,440,0.0,0.0,0.0
2022-08-24 12:30:00-04:00,11.899999618530273,11.899999618530273,11.899999618530273,11.899999618530273,159,0.0,0.0,0.0
2022-08-24 13:30:00-04:00,11.930000305175781,11.930000305175781,11.930000305175781,11.930000305175781,151,0.0,0.0,0.0
2022-08-24 14:30:00-04:00,11.884300231933594,11.884300231933594,11.884300231933594,11.884300231933594,507,0.0,0.0,0.0
2022-08-24 15:30:00-04:00,11.789999961853027,11.789999961853027,11.789999961853027,11.789999961853027,316,0.0,0.0,0.0
2022-08-25 09:30:00-04:00,11.520000457763672,11.520000457763672,11.329999923706055,11.359999656677246,4882,0.0,0.0,0.0
2022-08-25 10:30:00-04:00,11.329999923706055,11.399999618530273,11.329999923706055,11.399999618530273,817,0.0,0.0,0.0
2022-08-25 11:30:00-04:00,11.520000457763672,11.520000457763672,11.449999809265137,11.5,1200,0.0,0.0,0.0
2022-08-25 12:30:00-04:00,11.489999771118164,11.489999771118164,11.4399995803833,11.4399995803833,411,0.0,0.0,0.0
2022-08-25 13:30:00-04:00,11.399999618530273,11.420000076293945,11.369999885559082,11.380000114440918,1912,0.0,0.0,0.0
2022-08-25 14:30:00-04:00,11.359999656677246,11.359999656677246,11.319999694824219,11.319999694824219,576,0.0,0.0,0.0
2022-08-25 15:30:00-04:00,11.25,11.25,11.173500061035156,11.180000305175781,3154,0.0,0.0,0.0
2022-08-26 09:30:00-04:00,11.100000381469727,11.380000114440918,11.100000381469727,11.3100004196167,0,0.0,0.0,0.0
2022-08-26 10:30:00-04:00,11.5,11.699999809265137,11.489999771118164,11.63010025024414,4196,0.0,0.0,0.0
2022-08-26 11:30:00-04:00,11.649999618530273,11.649999618530273,11.649999618530273,11.649999618530273,431,0.0,0.0,0.0
2022-08-26 12:30:00-04:00,11.680000305175781,11.680000305175781,11.640000343322754,11.640000343322754,506,0.0,0.0,0.0
2022-08-26 14:30:00-04:00,11.699999809265137,11.729999542236328,11.699999809265137,11.729999542236328,455,0.0,0.0,0.0
2022-08-26 15:30:00-04:00,11.75,11.75,11.75,11.75,806,0.0,0.0,0.0
2022-08-29 09:30:00-04:00,12.130000114440918,12.130000114440918,11.88010025024414,11.88010025024414,1056,0.0,0.0,0.0
2022-08-29 10:30:00-04:00,11.958600044250488,12.029999732971191,11.930000305175781,11.949999809265137,6200,0.0,0.0,0.0
2022-08-29 12:30:00-04:00,11.8100004196167,11.880000114440918,11.8100004196167,11.869999885559082,6472,0.0,0.0,0.0
2022-08-29 13:30:00-04:00,11.850000381469727,11.850000381469727,11.850000381469727,11.850000381469727,400,0.0,0.0,0.0
2022-08-29 14:30:00-04:00,11.850000381469727,11.850000381469727,11.84000015258789,11.84000015258789,1037,0.0,0.0,0.0
2022-08-29 15:30:00-04:00,11.90999984741211,12.020000457763672,11.88010025024414,11.989999771118164,4506,0.0,0.0,0.0
2022-08-30 09:30:00-04:00,12.0,12.345000267028809,11.989999771118164,12.345000267028809,0,0.0,0.0,0.0
2022-08-30 10:30:00-04:00,12.34000015258789,12.609999656677246,12.34000015258789,12.466099739074707,3529,0.0,0.0,0.0
2022-08-30 11:30:00-04:00,12.449999809265137,12.449999809265137,12.399999618530273,12.414999961853027,1276,0.0,0.0,0.0
2022-08-30 12:30:00-04:00,12.465999603271484,12.489999771118164,12.460000038146973,12.460000038146973,1215,0.0,0.0,0.0
2022-08-30 13:30:00-04:00,12.479999542236328,12.479999542236328,12.460000038146973,12.460000038146973,500,0.0,0.0,0.0
2022-08-30 14:30:00-04:00,12.40999984741211,12.40999984741211,12.40999984741211,12.40999984741211,170,0.0,0.0,0.0
2022-08-30 15:30:00-04:00,12.460000038146973,12.539999961853027,12.4399995803833,12.539999961853027,0,0.0,0.0,0.0
2022-08-31 09:30:00-04:00,12.529999732971191,12.770000457763672,12.529999732971191,12.770000457763672,2124,0.0,0.0,0.0
2022-08-31 10:30:00-04:00,12.609999656677246,12.75,12.609999656677246,12.680000305175781,11723,0.0,0.0,0.0
2022-08-31 11:30:00-04:00,12.630000114440918,12.630000114440918,12.600099563598633,12.630000114440918,1325,0.0,0.0,0.0
2022-08-31 12:30:00-04:00,12.614999771118164,12.699999809265137,12.614999771118164,12.680000305175781,4934,0.0,0.0,0.0
2022-08-31 13:30:00-04:00,12.779000282287598,12.789999961853027,12.710000038146973,12.738699913024902,6112,0.0,0.0,0.0
2022-08-31 14:30:00-04:00,12.819999694824219,12.819999694824219,12.677900314331055,12.769000053405762,6700,0.0,0.0,0.0
2022-08-31 15:30:00-04:00,12.746600151062012,12.850000381469727,12.746600151062012,12.850000381469727,0,0.0,0.0,0.0
2022-09-01 09:30:00-04:00,13.0600004196167,13.609999656677246,13.0600004196167,13.609999656677246,12903,0.0,0.0,0.0
2022-09-01 10:30:00-04:00,13.520000457763672,13.520000457763672,13.420000076293945,13.510000228881836,3003,0.0,0.0,0.0
2022-09-01 11:30:00-04:00,13.510000228881836,13.550000190734863,13.440099716186523,13.5,4648,0.0,0.0,0.0
2022-09-01 12:30:00-04:00,13.529899597167969,13.570500373840332,13.399999618530273,13.420000076293945,6768,0.0,0.0,0.0
2022-09-01 13:30:00-04:00,13.449899673461914,13.470000267028809,13.349499702453613,13.371000289916992,4086,0.0,0.0,0.0
2022-09-01 14:30:00-04:00,13.350000381469727,13.399999618530273,13.300000190734863,13.34000015258789,2257,0.0,0.0,0.0
2022-09-01 15:30:00-04:00,13.420000076293945,13.439900398254395,13.289999961853027,13.300000190734863,10121,0.0,0.0,0.0
2022-09-02 09:30:00-04:00,13.180000305175781,13.180000305175781,12.75,13.0,2493,0.0,0.0,0.0
2022-09-02 10:30:00-04:00,12.829999923706055,12.829999923706055,12.680000305175781,12.73639965057373,12713,0.0,0.0,0.0
2022-09-02 11:30:00-04:00,12.710000038146973,12.859000205993652,12.649999618530273,12.859000205993652,739,0.0,0.0,0.0
2022-09-02 12:30:00-04:00,13.0,13.260000228881836,13.0,13.260000228881836,417,0.0,0.0,0.0
2022-09-02 13:30:00-04:00,13.170000076293945,13.260000228881836,13.170000076293945,13.239999771118164,577,0.0,0.0,0.0
2022-09-02 14:30:00-04:00,13.15999984741211,13.270000457763672,13.15999984741211,13.270000457763672,467,0.0,0.0,0.0
2022-09-02 15:30:00-04:00,13.279999732971191,13.420000076293945,13.260000228881836,13.260000228881836,5664,0.0,0.0,0.0
2022-09-06 09:30:00-04:00,12.829999923706055,13.4399995803833,12.8100004196167,13.367199897766113,28403,0.0,0.0,0.0
2022-09-06 10:30:00-04:00,13.280099868774414,13.280099868774414,13.199999809265137,13.199999809265137,1057,0.0,0.0,0.0
2022-09-06 11:30:00-04:00,13.109999656677246,13.300000190734863,13.100099563598633,13.300000190734863,2662,0.0,0.0,0.0
2022-09-06 12:30:00-04:00,13.260000228881836,13.380000114440918,13.260000228881836,13.380000114440918,11887,0.0,0.0,0.0
2022-09-06 13:30:00-04:00,13.380000114440918,13.420000076293945,13.380000114440918,13.420000076293945,3202,0.0,0.0,0.0
2022-09-06 14:30:00-04:00,13.34000015258789,13.364999771118164,13.34000015258789,13.364999771118164,746,0.0,0.0,0.0
2022-09-06 15:30:00-04:00,13.3100004196167,13.390000343322754,13.300000190734863,13.300000190734863,0,0.0,0.0,0.0
2022-09-07 09:30:00-04:00,13.329999923706055,13.5,13.300000190734863,13.3100004196167,12096,0.0,0.0,0.0
2022-09-07 10:30:00-04:00,13.180000305175781,13.180000305175781,13.010000228881836,13.010000228881836,4755,0.0,0.0,0.0
2022-09-07 11:30:00-04:00,13.010100364685059,13.095000267028809,13.010100364685059,13.079999923706055,4519,0.0,0.0,0.0
2022-09-07 12:30:00-04:00,13.079999923706055,13.079999923706055,12.9399995803833,12.9399995803833,2589,0.0,0.0,0.0
2022-09-07 13:30:00-04:00,12.920000076293945,12.920000076293945,12.770099639892578,12.819999694824219,5002,0.0,0.0,0.0
2022-09-07 14:30:00-04:00,12.84000015258789,12.84000015258789,12.670000076293945,12.670000076293945,25312,0.0,0.0,0.0
2022-09-07 15:30:00-04:00,12.710000038146973,12.729999542236328,12.619999885559082,12.640000343322754,7577,0.0,0.0,0.0
2022-09-08 09:30:00-04:00,12.770000457763672,13.109999656677246,12.739999771118164,12.739999771118164,0,0.0,0.0,0.0
2022-09-08 10:30:00-04:00,12.479999542236328,12.520999908447266,12.479900360107422,12.5,8772,0.0,0.0,0.0
2022-09-08 11:30:00-04:00,12.460000038146973,12.676899909973145,12.460000038146973,12.625,5337,0.0,0.0,0.0
2022-09-08 12:30:00-04:00,12.600000381469727,12.600000381469727,12.40999984741211,12.40999984741211,2330,0.0,0.0,0.0
2022-09-08 13:30:00-04:00,12.390000343322754,12.440099716186523,12.390000343322754,12.404999732971191,1338,0.0,0.0,0.0
2022-09-08 14:30:00-04:00,12.369999885559082,12.479999542236328,12.369999885559082,12.449899673461914,1919,0.0,0.0,0.0
2022-09-08 15:30:00-04:00,12.430000305175781,12.470000267028809,12.34000015258789,12.390000343322754,3279,0.0,0.0,0.0
2022-09-09 09:30:00-04:00,12.0649995803833,12.130000114440918,11.944999694824219,11.970000267028809,0,0.0,0.0,0.0
2022-09-09 10:30:00-04:00,12.029999732971191,12.050000190734863,12.026300430297852,12.03499984741211,3471,0.0,0.0,0.0
2022-09-09 12:30:00-04:00,12.0,12.015000343322754,11.920100212097168,11.9399995803833,2898,0.0,0.0,0.0
2022-09-09 13:30:00-04:00,11.899999618530273,11.90999984741211,11.890000343322754,11.90999984741211,691,0.0,0.0,0.0
2022-09-09 14:30:00-04:00,11.829999923706055,11.829999923706055,11.8100004196167,11.810099601745605,2908,0.0,0.0,0.0
2022-09-09 15:30:00-04:00,11.859999656677246,11.889900207519531,11.84000015258789,11.850000381469727,20143,0.0,0.0,0.0
2022-09-12 09:30:00-04:00,11.649999618530273,11.8100004196167,11.600000381469727,11.600000381469727,5221,0.0,0.0,0.0
2022-09-12 10:30:00-04:00,11.699899673461914,11.8100004196167,11.699899673461914,11.789999961853027,7595,0.0,0.0,0.0
2022-09-12 11:30:00-04:00,11.819999694824219,11.829999923706055,11.819999694824219,11.829999923706055,390,0.0,0.0,0.0
2022-09-12 14:30:00-04:00,11.710000038146973,11.710000038146973,11.6899995803833,11.6899995803833,676,0.0,0.0,0.0
2022-09-12 15:30:00-04:00,11.729999542236328,11.729999542236328,11.680000305175781,11.729999542236328,0,0.0,0.0,0.0
2022-09-13 09:30:00-04:00,12.550000190734863,12.550000190734863,12.043399810791016,12.043399810791016,3508,0.0,0.0,0.0
2022-09-13 10:30:00-04:00,12.170000076293945,12.25,12.170000076293945,12.1899995803833,1486,0.0,0.0,0.0
2022-09-13 11:30:00-04:00,12.220000267028809,12.220000267028809,12.18179988861084,12.18179988861084,3338,0.0,0.0,0.0
2022-09-13 13:30:00-04:00,12.170000076293945,12.260000228881836,12.170000076293945,12.259900093078613,711,0.0,0.0,0.0
2022-09-13 14:30:00-04:00,12.395000457763672,12.461000442504883,12.395000457763672,12.449999809265137,10324,0.0,0.0,0.0
2022-09-13 15:30:00-04:00,12.562000274658203,12.562000274658203,12.479999542236328,12.479999542236328,6456,0.0,0.0,0.0
2022-09-14 09:30:00-04:00,12.760000228881836,13.045000076293945,12.729999542236328,13.045000076293945,8901,0.0,0.0,0.0
2022-09-14 10:30:00-04:00,13.039999961853027,13.039999961853027,12.760000228881836,12.949999809265137,12171,0.0,0.0,0.0
2022-09-14 11:30:00-04:00,12.899999618530273,12.899999618530273,12.84000015258789,12.850000381469727,1910,0.0,0.0,0.0
2022-09-14 13:30:00-04:00,12.90999984741211,12.989999771118164,12.890000343322754,12.989999771118164,751,0.0,0.0,0.0
2022-09-14 14:30:00-04:00,12.92870044708252,13.0600004196167,12.92870044708252,13.0600004196167,838,0.0,0.0,0.0
2022-09-14 15:30:00-04:00,13.010000228881836,13.010000228881836,12.869999885559082,12.875399589538574,0,0.0,0.0,0.0
2022-09-15 09:30:00-04:00,13.0,13.050000190734863,12.800000190734863,12.878999710083008,6065,0.0,0.0,0.0
2022-09-15 10:30:00-04:00,13.10990047454834,13.175000190734863,13.098999977111816,13.145000457763672,3182,0.0,0.0,0.0
2022-09-15 11:30:00-04:00,13.024999618530273,13.199999809265137,13.024999618530273,13.180000305175781,1573,0.0,0.0,0.0
2022-09-15 12:30:00-04:00,12.979999542236328,13.000800132751465,12.979999542236328,13.000800132751465,380,0.0,0.0,0.0
2022-09-15 13:30:00-04:00,12.989999771118164,12.996999740600586,12.989999771118164,12.996999740600586,305,0.0,0.0,0.0
2022-09-15 15:30:00-04:00,13.35990047454834,13.369999885559082,13.270000457763672,13.319999694824219,0,0.0,0.0,0.0
2022-09-16 09:30:00-04:00,13.729999542236328,13.970000267028809,13.539999961853027,13.649999618530273,16838,0.0,0.0,0.0
2022-09-16 10:30:00-04:00,13.510000228881836,13.78499984741211,13.510000228881836,13.78499984741211,2165,0.0,0.0,0.0
2022-09-16 11:30:00-04:00,13.759699821472168,13.765000343322754,13.720000267028809,13.765000343322754,948,0.0,0.0,0.0
2022-09-16 12:30:00-04:00,13.8149995803833,13.846400260925293,13.789999961853027,13.845000267028809,3859,0.0,0.0,0.0
2022-09-16 13:30:00-04:00,13.840800285339355,13.890999794006348,13.8302001953125,13.890999794006348,3481,0.0,0.0,0.0
2022-09-16 14:30:00-04:00,13.800000190734863,13.8149995803833,13.720000267028809,13.74899959564209,5997,0.0,0.0,0.0
2022-09-16 15:30:00-04:00,13.657999992370605,13.729999542236328,13.649999618530273,13.649999618530273,2575,0.0,0.0,0.0
2022-09-19 09:30:00-04:00,14.0600004196167,14.069999694824219,13.390000343322754,13.390000343322754,9072,0.0,0.0,0.0
2022-09-19 10:30:00-04:00,13.399999618530273,13.399999618530273,13.399999618530273,13.399999618530273,618,0.0,0.0,0.0
2022-09-19 11:30:00-04:00,13.420999526977539,13.520000457763672,13.420999526977539,13.460000038146973,2138,0.0,0.0,0.0
2022-09-19 13:30:00-04:00,13.345499992370605,13.399999618530273,13.319999694824219,13.359999656677246,5722,0.0,0.0,0.0
2022-09-19 14:30:00-04:00,13.335000038146973,13.335000038146973,13.210000038146973,13.210000038146973,1089,0.0,0.0,0.0
2022-09-19 15:30:00-04:00,13.130000114440918,13.220000267028809,13.130000114440918,13.1899995803833,0,0.0,0.0,0.0
2022-09-20 09:30:00-04:00,13.6072998046875,13.800000190734863,13.6072998046875,13.779999732971191,8726,0.0,0.0,0.0
2022-09-20 10:30:00-04:00,13.800000190734863,13.819999694824219,13.65999984741211,13.65999984741211,3387,0.0,0.0,0.0
2022-09-20 11:30:00-04:00,13.6899995803833,13.6899995803833,13.630000114440918,13.659899711608887,1637,0.0,0.0,0.0
2022-09-20 12:30:00-04:00,13.758999824523926,13.759900093078613,13.680000305175781,13.704999923706055,4038,0.0,0.0,0.0
2022-09-20 13:30:00-04:00,13.770000457763672,13.819999694824219,13.770000457763672,13.779999732971191,1838,0.0,0.0,0.0
2022-09-20 14:30:00-04:00,13.805000305175781,13.805000305175781,13.65999984741211,13.65999984741211,3316,0.0,0.0,0.0
2022-09-20 15:30:00-04:00,13.6899995803833,13.6899995803833,13.609999656677246,13.6899995803833,0,0.0,0.0,0.0
2022-09-21 09:30:00-04:00,13.619999885559082,13.6899995803833,13.449999809265137,13.550000190734863,47076,0.0,0.0,0.0
2022-09-21 10:30:00-04:00,13.5600004196167,13.680000305175781,13.5600004196167,13.635000228881836,10924,0.0,0.0,0.0
2022-09-21 11:30:00-04:00,13.640000343322754,13.670000076293945,13.640000343322754,13.670000076293945,336,0.0,0.0,0.0
2022-09-21 12:30:00-04:00,13.699999809265137,13.739999771118164,13.699999809265137,13.739999771118164,1556,0.0,0.0,0.0
2022-09-21 13:30:00-04:00,13.6899995803833,14.100000381469727,13.680000305175781,14.079999923706055,4169,0.0,0.0,0.0
2022-09-21 14:30:00-04:00,14.0,14.0,13.5,13.739999771118164,10867,0.0,0.0,0.0
2022-09-21 15:30:00-04:00,14.098999977111816,14.350000381469727,14.098999977111816,14.350000381469727,0,0.0,0.0,0.0
2022-09-22 09:30:00-04:00,14.350000381469727,14.510000228881836,14.010000228881836,14.392200469970703,15678,0.0,0.0,0.0
2022-09-22 10:30:00-04:00,14.390000343322754,14.550000190734863,14.390000343322754,14.492400169372559,4407,0.0,0.0,0.0
2022-09-22 11:30:00-04:00,14.479999542236328,14.529999732971191,14.430000305175781,14.446999549865723,3936,0.0,0.0,0.0
2022-09-22 12:30:00-04:00,14.460000038146973,14.5,14.460000038146973,14.5,3350,0.0,0.0,0.0
2022-09-22 13:30:00-04:00,14.479999542236328,14.550000190734863,14.399999618530273,14.550000190734863,4693,0.0,0.0,0.0
2022-09-22 14:30:00-04:00,14.505000114440918,14.505000114440918,14.390000343322754,14.479999542236328,4379,0.0,0.0,0.0
2022-09-22 15:30:00-04:00,14.420000076293945,14.600000381469727,14.40999984741211,14.600000381469727,0,0.0,0.0,0.0
2022-09-23 09:30:00-04:00,15.08430004119873,15.529000282287598,15.050000190734863,15.529000282287598,12233,0.0,0.0,0.0
2022-09-23 10:30:00-04:00,15.430000305175781,15.59000015258789,15.390999794006348,15.390999794006348,29065,0.0,0.0,0.0
2022-09-23 11:30:00-04:00,15.41100025177002,15.670000076293945,15.41100025177002,15.670000076293945,8168,0.0,0.0,0.0
2022-09-23 12:30:00-04:00,15.661700248718262,15.661700248718262,15.516300201416016,15.520000457763672,2881,0.0,0.0,0.0
2022-09-23 13:30:00-04:00,15.598999977111816,15.699999809265137,15.581600189208984,15.699999809265137,7374,0.0,0.0,0.0
2022-09-23 14:30:00-04:00,15.670000076293945,15.711299896240234,15.420000076293945,15.475000381469727,27898,0.0,0.0,0.0
2022-09-23 15:30:00-04:00,15.420000076293945,15.479999542236328,15.289999961853027,15.350000381469727,12517,0.0,0.0,0.0
2022-09-26 09:30:00-04:00,15.680000305175781,15.680000305175781,15.109999656677246,15.109999656677246,16548,0.0,0.0,0.0
2022-09-26 10:30:00-04:00,15.170000076293945,15.170000076293945,15.170000076293945,15.170000076293945,600,0.0,0.0,0.0
2022-09-26 11:30:00-04:00,15.579899787902832,15.670000076293945,15.520000457763672,15.526200294494629,4699,0.0,0.0,0.0
2022-09-26 12:30:00-04:00,15.699999809265137,15.829999923706055,15.680000305175781,15.829999923706055,6198,0.0,0.0,0.0
2022-09-26 13:30:00-04:00,15.779999732971191,15.859999656677246,15.760000228881836,15.859999656677246,4007,0.0,0.0,0.0
2022-09-26 14:30:00-04:00,15.739999771118164,15.74899959564209,15.685500144958496,15.729999542236328,942,0.0,0.0,0.0
2022-09-26 15:30:00-04:00,15.729999542236328,15.800000190734863,15.630000114440918,15.770000457763672,5688,0.0,0.0,0.0
2022-09-27 09:30:00-04:00,15.380000114440918,15.550000190734863,14.760000228881836,15.422300338745117,64736,0.0,0.0,0.0
2022-09-27 10:30:00-04:00,15.289999961853027,15.51930046081543,15.1899995803833,15.51930046081543,8533,0.0,0.0,0.0
2022-09-27 11:30:00-04:00,15.649999618530273,15.789999961853027,15.649999618530273,15.789999961853027,969,0.0,0.0,0.0
2022-09-27 12:30:00-04:00,15.729999542236328,15.800000190734863,15.710000038146973,15.789999961853027,6618,0.0,0.0,0.0
2022-09-27 13:30:00-04:00,15.880000114440918,15.90999984741211,15.760000228881836,15.797900199890137,6538,0.0,0.0,0.0
2022-09-27 14:30:00-04:00,15.775199890136719,15.775199890136719,15.600000381469727,15.619999885559082,2763,0.0,0.0,0.0
2022-09-27 15:30:00-04:00,15.619999885559082,15.680000305175781,15.550000190734863,15.59000015258789,4300,0.0,0.0,0.0
2022-09-28 09:30:00-04:00,15.5600004196167,15.609999656677246,15.220000267028809,15.300000190734863,3479,0.0,0.0,0.0
2022-09-28 10:30:00-04:00,15.229999542236328,15.255000114440918,15.09000015258789,15.09000015258789,5573,0.0,0.0,0.0
2022-09-28 11:30:00-04:00,15.154999732971191,15.1899995803833,15.050000190734863,15.050000190734863,4146,0.0,0.0,0.0
2022-09-28 12:30:00-04:00,15.0600004196167,15.0600004196167,14.949999809265137,14.949999809265137,22577,0.0,0.0,0.0
2022-09-28 13:30:00-04:00,14.974300384521484,14.974300384521484,14.899999618530273,14.920999526977539,2247,0.0,0.0,0.0
2022-09-28 14:30:00-04:00,14.904999732971191,14.95009994506836,14.789999961853027,14.82919979095459,7846,0.0,0.0,0.0
2022-09-28 15:30:00-04:00,14.761899948120117,14.770000457763672,14.649999618530273,14.770000457763672,0,0.0,0.0,0.0
2022-09-29 09:30:00-04:00,15.010000228881836,15.629899978637695,15.0,15.579999923706055,20849,0.0,0.0,0.0
2022-09-29 10:30:00-04:00,15.5600004196167,15.5600004196167,15.359999656677246,15.449999809265137,2377,0.0,0.0,0.0
2022-09-29 11:30:00-04:00,15.329700469970703,15.349300384521484,15.329700469970703,15.349300384521484,393,0.0,0.0,0.0
2022-09-29 12:30:00-04:00,15.379899978637695,15.390000343322754,15.350000381469727,15.350000381469727,4603,0.0,0.0,0.0
2022-09-29 14:30:00-04:00,15.430000305175781,15.489999771118164,15.430000305175781,15.48960018157959,485,0.0,0.0,0.0
2022-09-29 15:30:00-04:00,15.260000228881836,15.3100004196167,15.260000228881836,15.3100004196167,2667,0.0,0.0,0.0
2022-09-30 09:30:00-04:00,15.3100004196167,15.520000457763672,15.152099609375,15.152099609375,4929,0.0,0.0,0.0
2022-09-30 10:30:00-04:00,15.0,15.0,14.800399780273438,14.850000381469727,6845,0.0,0.0,0.0
2022-09-30 11:30:00-04:00,14.879500389099121,15.119999885559082,14.879500389099121,15.119999885559082,3310,0.0,0.0,0.0
2022-09-30 12:30:00-04:00,15.079999923706055,15.079999923706055,15.079999923706055,15.079999923706055,502,0.0,0.0,0.0
2022-09-30 13:30:00-04:00,15.229999542236328,15.229999542236328,15.229999542236328,15.229999542236328,489,0.0,0.0,0.0
2022-09-30 14:30:00-04:00,15.180100440979004,15.34000015258789,15.180100440979004,15.34000015258789,0,0.0,0.0,0.0
2022-09-30 15:30:00-04:00,15.316100120544434,15.319999694824219,15.3100004196167,15.3100004196167,22230,0.0,0.0,0.0
2022-10-03 09:30:00-04:00,14.75,14.760000228881836,14.300000190734863,14.321700096130371,0,0.0,0.0,0.0
2022-10-03 10:30:00-04:00,14.364999771118164,14.364999771118164,14.218400001525879,14.270000457763672,9698,0.0,0.0,0.0
2022-10-03 11:30:00-04:00,14.239999771118164,14.268199920654297,14.199999809265137,14.199999809265137,1288,0.0,0.0,0.0
2022-10-03 13:30:00-04:00,14.187000274658203,14.187000274658203,14.130000114440918,14.149999618530273,4092,0.0,0.0,0.0
2022-10-03 14:30:00-04:00,14.050000190734863,14.100000381469727,14.050000190734863,14.069999694824219,14353,0.0,0.0,0.0
2022-10-03 15:30:00-04:00,14.100000381469727,14.180000305175781,14.09000015258789,14.170000076293945,13286,0.0,0.0,0.0
2022-10-04 09:30:00-04:00,13.550000190734863,13.649999618530273,13.380000114440918,13.385000228881836,19430,0.0,0.0,0.0
2022-10-04 10:30:00-04:00,13.380000114440918,13.380000114440918,13.140000343322754,13.140000343322754,7860,0.0,0.0,0.0
2022-10-04 11:30:00-04:00,13.119999885559082,13.119999885559082,13.119999885559082,13.119999885559082,173,0.0,0.0,0.0
2022-10-04 12:30:00-04:00,13.180000305175781,13.3149995803833,13.180000305175781,13.3149995803833,411,0.0,0.0,0.0
2022-10-04 13:30:00-04:00,13.270000457763672,13.289999961853027,13.180000305175781,13.199999809265137,9457,0.0,0.0,0.0
2022-10-04 14:30:00-04:00,13.149999618530273,13.149999618530273,13.149999618530273,13.149999618530273,580,0.0,0.0,0.0
2022-10-04 15:30:00-04:00,13.09000015258789,13.09000015258789,13.039999961853027,13.0600004196167,6712,0.0,0.0,0.0
2022-10-05 09:30:00-04:00,13.34000015258789,13.639900207519531,13.34000015258789,13.630000114440918,0,0.0,0.0,0.0
2022-10-05 10:30:00-04:00,13.670000076293945,13.699899673461914,13.625,13.649700164794922,1978,0.0,0.0,0.0
2022-10-05 11:30:00-04:00,13.545000076293945,13.545000076293945,13.4350004196167,13.4350004196167,336,0.0,0.0,0.0
2022-10-05 12:30:00-04:00,13.399999618530273,13.399999618530273,13.350000381469727,13.350000381469727,1271,0.0,0.0,0.0
2022-10-05 14:30:00-04:00,13.239999771118164,13.239999771118164,13.229999542236328,13.229999542236328,4536,0.0,0.0,0.0
2022-10-05 15:30:00-04:00,13.26990032196045,13.380000114440918,13.239999771118164,13.34000015258789,3046,0.0,0.0,0.0
2022-10-06 09:30:00-04:00,13.579999923706055,13.619999885559082,13.359999656677246,13.619999885559082,0,0.0,0.0,0.0
2022-10-06 10:30:00-04:00,13.569999694824219,13.569999694824219,13.550000190734863,13.5600004196167,2658,0.0,0.0,0.0
2022-10-06 11:30:00-04:00,13.5600004196167,13.5600004196167,13.470000267028809,13.479999542236328,406,0.0,0.0,0.0
2022-10-06 12:30:00-04:00,13.522899627685547,13.529999732971191,13.520000457763672,13.529899597167969,2950,0.0,0.0,0.0
2022-10-06 13:30:00-04:00,13.529999732971191,13.660300254821777,13.529999732971191,13.660300254821777,3221,0.0,0.0,0.0
2022-10-06 14:30:00-04:00,13.739999771118164,13.739999771118164,13.739999771118164,13.739999771118164,1059,0.0,0.0,0.0
2022-10-06 15:30:00-04:00,13.619999885559082,13.619999885559082,13.619999885559082,13.619999885559082,0,0.0,0.0,0.0
2022-10-07 09:30:00-04:00,13.819999694824219,14.339900016784668,13.819999694824219,14.180000305175781,21698,0.0,0.0,0.0
2022-10-07 10:30:00-04:00,14.110099792480469,14.16670036315918,14.069999694824219,14.149999618530273,1219,0.0,0.0,0.0
2022-10-07 11:30:00-04:00,14.149999618530273,14.149999618530273,14.109999656677246,14.109999656677246,1578,0.0,0.0,0.0
2022-10-07 12:30:00-04:00,14.260000228881836,14.260000228881836,14.210000038146973,14.219900131225586,1906,0.0,0.0,0.0
2022-10-07 13:30:00-04:00,14.1899995803833,14.260000228881836,14.1899995803833,14.260000228881836,873,0.0,0.0,0.0
2022-10-07 14:30:00-04:00,14.270000457763672,14.430000305175781,14.270000457763672,14.40999984741211,3330,0.0,0.0,0.0
2022-10-07 15:30:00-04:00,14.449999809265137,14.449999809265137,14.289999961853027,14.289999961853027,3216,0.0,0.0,0.0
2022-10-10 09:30:00-04:00,14.280099868774414,14.280099868774414,14.059599876403809,14.059599876403809,9423,0.0,0.0,0.0
2022-10-10 10:30:00-04:00,14.237299919128418,14.237299919128418,14.237299919128418,14.237299919128418,310,0.0,0.0,0.0
2022-10-10 11:30:00-04:00,14.228300094604492,14.228300094604492,14.09000015258789,14.100000381469727,1874,0.0,0.0,0.0
2022-10-10 12:30:00-04:00,14.35990047454834,14.35990047454834,14.3149995803833,14.340100288391113,5350,0.0,0.0,0.0
2022-10-10 13:30:00-04:00,14.291000366210938,14.291000366210938,14.1899995803833,14.210100173950195,0,0.0,0.0,0.0
2022-10-10 14:30:00-04:00,14.140000343322754,14.140000343322754,14.140000343322754,14.140000343322754,20171,0.0,0.0,0.0
2022-10-10 15:30:00-04:00,14.1899995803833,14.1899995803833,14.128399848937988,14.188599586486816,3616,0.0,0.0,0.0
2022-10-11 09:30:00-04:00,14.260000228881836,14.520000457763672,14.260000228881836,14.470000267028809,0,0.0,0.0,0.0
2022-10-11 10:30:00-04:00,14.510100364685059,14.510100364685059,14.350000381469727,14.369999885559082,1909,0.0,0.0,0.0
2022-10-11 11:30:00-04:00,14.270000457763672,14.270000457763672,14.149999618530273,14.149999618530273,2182,0.0,0.0,0.0
2022-10-11 12:30:00-04:00,13.979999542236328,14.050000190734863,13.979999542236328,14.050000190734863,1520,0.0,0.0,0.0
2022-10-11 13:30:00-04:00,14.079999923706055,14.15999984741211,14.030099868774414,14.15999984741211,3154,0.0,0.0,0.0
2022-10-11 14:30:00-04:00,14.399999618530273,14.555000305175781,14.399999618530273,14.555000305175781,2416,0.0,0.0,0.0
2022-10-11 15:30:00-04:00,14.444999694824219,14.470000267028809,14.390000343322754,14.449999809265137,4474,0.0,0.0,0.0
2022-10-12 09:30:00-04:00,14.515000343322754,14.579999923706055,14.515000343322754,14.524100303649902,0,0.0,0.0,0.0
2022-10-12 10:30:00-04:00,14.61989974975586,14.61989974975586,14.460000038146973,14.460000038146973,515,0.0,0.0,0.0
2022-10-12 13:30:00-04:00,14.470000267028809,14.520000457763672,14.470000267028809,14.520000457763672,833,0.0,0.0,0.0
2022-10-12 14:30:00-04:00,14.53689956665039,14.5600004196167,14.529999732971191,14.550000190734863,3681,0.0,0.0,0.0
2022-10-12 15:30:00-04:00,14.470000267028809,14.574999809265137,14.470000267028809,14.555399894714355,3427,0.0,0.0,0.0
2022-10-13 09:30:00-04:00,15.149999618530273,15.329999923706055,14.789999961853027,14.789999961853027,0,0.0,0.0,0.0
2022-10-13 10:30:00-04:00,14.6899995803833,14.690999984741211,14.020000457763672,14.029999732971191,8472,0.0,0.0,0.0
2022-10-13 11:30:00-04:00,13.894200325012207,13.999899864196777,13.729999542236328,13.999899864196777,7537,0.0,0.0,0.0
2022-10-13 12:30:00-04:00,14.010000228881836,14.010000228881836,14.010000228881836,14.010000228881836,574,0.0,0.0,0.0
2022-10-13 13:30:00-04:00,13.619999885559082,13.619999885559082,13.581000328063965,13.581000328063965,794,0.0,0.0,0.0
2022-10-13 14:30:00-04:00,13.739999771118164,13.739999771118164,13.609999656677246,13.609999656677246,1677,0.0,0.0,0.0
2022-10-13 15:30:00-04:00,13.770000457763672,13.789999961853027,13.651800155639648,13.760000228881836,8488,0.0,0.0,0.0
2022-10-14 09:30:00-04:00,13.449999809265137,14.1899995803833,13.449999809265137,14.1899995803833,19335,0.0,0.0,0.0
2022-10-14 10:30:00-04:00,14.14009952545166,14.333999633789062,14.14009952545166,14.329999923706055,5086,0.0,0.0,0.0
2022-10-14 11:30:00-04:00,14.628999710083008,14.630000114440918,14.59000015258789,14.59000015258789,3208,0.0,0.0,0.0
2022-10-14 12:30:00-04:00,14.545000076293945,14.600099563598633,14.545000076293945,14.600099563598633,886,0.0,0.0,0.0
2022-10-14 14:30:00-04:00,14.675000190734863,14.675000190734863,14.610099792480469,14.652600288391113,1043,0.0,0.0,0.0
2022-10-14 15:30:00-04:00,14.670000076293945,14.710000038146973,14.59000015258789,14.670000076293945,4046,0.0,0.0,0.0
2022-10-17 09:30:00-04:00,13.899999618530273,14.029999732971191,13.720000267028809,13.829999923706055,7304,0.0,0.0,0.0
2022-10-17 10:30:00-04:00,13.869999885559082,14.09000015258789,13.869999885559082,13.960000038146973,4767,0.0,0.0,0.0
2022-10-17 11:30:00-04:00,13.930000305175781,13.949999809265137,13.869999885559082,13.890000343322754,5557,0.0,0.0,0.0
2022-10-17 12:30:00-04:00,14.010000228881836,14.010000228881836,13.930000305175781,13.930000305175781,1634,0.0,0.0,0.0
2022-10-17 13:30:00-04:00,13.9399995803833,14.050000190734863,13.9399995803833,14.050000190734863,1097,0.0,0.0,0.0
2022-10-17 14:30:00-04:00,14.0649995803833,14.0649995803833,13.989999771118164,14.039999961853027,2730,0.0,0.0,0.0
2022-10-17 15:30:00-04:00,14.020000457763672,14.0600004196167,13.970000267028809,14.050000190734863,0,0.0,0.0,0.0
2022-10-18 09:30:00-04:00,13.4399995803833,13.4399995803833,13.329999923706055,13.329999923706055,591,0.0,0.0,0.0
2022-10-18 10:30:00-04:00,13.55150032043457,13.704999923706055,13.55150032043457,13.704999923706055,2720,0.0,0.0,0.0
2022-10-18 11:30:00-04:00,13.800000190734863,13.800000190734863,13.800000190734863,13.800000190734863,402,0.0,0.0,0.0
2022-10-18 12:30:00-04:00,13.59000015258789,13.59000015258789,13.59000015258789,13.59000015258789,282,0.0,0.0,0.0
2022-10-18 15:30:00-04:00,13.53499984741211,13.53499984741211,13.529999732971191,13.530400276184082,1025,0.0,0.0,0.0
2022-10-19 09:30:00-04:00,13.800000190734863,13.800000190734863,13.38010025024414,13.38010025024414,2343,0.0,0.0,0.0
2022-10-19 10:30:00-04:00,13.4399995803833,13.654999732971191,13.4399995803833,13.654999732971191,1619,0.0,0.0,0.0
2022-10-19 11:30:00-04:00,13.649999618530273,13.710000038146973,13.640000343322754,13.710000038146973,1739,0.0,0.0,0.0
2022-10-19 12:30:00-04:00,13.779999732971191,13.85099983215332,13.779999732971191,13.85099983215332,1269,0.0,0.0,0.0
2022-10-19 15:30:00-04:00,13.789999961853027,13.819999694824219,13.779999732971191,13.795999526977539,0,0.0,0.0,0.0
2022-10-20 09:30:00-04:00,13.859999656677246,13.859999656677246,13.260000228881836,13.260000228881836,8879,0.0,0.0,0.0
2022-10-20 10:30:00-04:00,13.220000267028809,13.3100004196167,13.170000076293945,13.3100004196167,3988,0.0,0.0,0.0
2022-10-20 12:30:00-04:00,13.600000381469727,13.729999542236328,13.600000381469727,13.65999984741211,4687,0.0,0.0,0.0
2022-10-20 13:30:00-04:00,13.6899995803833,13.6899995803833,13.6899995803833,13.6899995803833,350,0.0,0.0,0.0
2022-10-20 14:30:00-04:00,13.779999732971191,13.779999732971191,13.779999732971191,13.779999732971191,769,0.0,0.0,0.0
2022-10-20 15:30:00-04:00,13.779999732971191,13.829999923706055,13.760000228881836,13.770000457763672,3028,0.0,0.0,0.0
2022-10-21 09:30:00-04:00,13.649999618530273,13.859999656677246,13.210000038146973,13.262200355529785,0,0.0,0.0,0.0
2022-10-21 10:30:00-04:00,13.449999809265137,13.454999923706055,13.315799713134766,13.454999923706055,774,0.0,0.0,0.0
2022-10-21 11:30:00-04:00,13.130000114440918,13.154999732971191,13.130000114440918,13.154999732971191,999,0.0,0.0,0.0
2022-10-21 14:30:00-04:00,12.859999656677246,12.859999656677246,12.720000267028809,12.789999961853027,3061,0.0,0.0,0.0
2022-10-21 15:30:00-04:00,12.760000228881836,12.819999694824219,12.739999771118164,12.819999694824219,6385,0.0,0.0,0.0
2022-10-24 09:30:00-04:00,12.640000343322754,12.970000267028809,12.619999885559082,12.970000267028809,13724,0.0,0.0,0.0
2022-10-24 10:30:00-04:00,12.899999618530273,12.899999618530273,12.739999771118164,12.75,4436,0.0,0.0,0.0
2022-10-24 11:30:00-04:00,12.729999542236328,12.729999542236328,12.65999984741211,12.6899995803833,2065,0.0,0.0,0.0
2022-10-24 12:30:00-04:00,12.710000038146973,12.789999961853027,12.699999809265137,12.789999961853027,1418,0.0,0.0,0.0
2022-10-24 13:30:00-04:00,12.760000228881836,12.760000228881836,12.760000228881836,12.760000228881836,710,0.0,0.0,0.0
2022-10-24 14:30:00-04:00,12.819999694824219,12.869999885559082,12.789999961853027,12.869999885559082,2409,0.0,0.0,0.0
2022-10-24 15:30:00-04:00,12.899999618530273,13.029999732971191,12.899999618530273,12.970000267028809,0,0.0,0.0,0.0
2022-10-25 09:30:00-04:00,12.75,12.829999923706055,12.710000038146973,12.71500015258789,2386,0.0,0.0,0.0
2022-10-25 10:30:00-04:00,12.6899995803833,12.725000381469727,12.585000038146973,12.585000038146973,4012,0.0,0.0,0.0
2022-10-25 11:30:00-04:00,12.529999732971191,12.529999732971191,12.5,12.5,424,0.0,0.0,0.0
2022-10-25 12:30:00-04:00,12.529999732971191,12.529999732971191,12.529999732971191,12.529999732971191,424,0.0,0.0,0.0
2022-10-25 14:30:00-04:00,12.5,12.5,12.5,12.5,364,0.0,0.0,0.0
2022-10-25 15:30:00-04:00,12.420000076293945,12.420000076293945,12.417799949645996,12.417799949645996,0,0.0,0.0,0.0
2022-10-26 09:30:00-04:00,12.135000228881836,12.279999732971191,12.135000228881836,12.179900169372559,1784,0.0,0.0,0.0
2022-10-26 11:30:00-04:00,11.920000076293945,11.920000076293945,11.920000076293945,11.920000076293945,239,0.0,0.0,0.0
2022-10-26 12:30:00-04:00,11.930000305175781,12.089900016784668,11.930000305175781,12.079999923706055,894,0.0,0.0,0.0
2022-10-26 14:30:00-04:00,12.050000190734863,12.158300399780273,12.050000190734863,12.149999618530273,3463,0.0,0.0,0.0
2022-10-26 15:30:00-04:00,12.050000190734863,12.109999656677246,12.050000190734863,12.100299835205078,0,0.0,0.0,0.0
2022-10-27 09:30:00-04:00,12.1899995803833,12.1899995803833,11.970000267028809,12.045000076293945,495,0.0,0.0,0.0
2022-10-27 10:30:00-04:00,12.109999656677246,12.109999656677246,12.099900245666504,12.100000381469727,0,0.0,0.0,0.0
2022-10-27 11:30:00-04:00,12.180000305175781,12.180000305175781,12.170000076293945,12.170000076293945,1139,0.0,0.0,0.0
2022-10-27 12:30:00-04:00,12.100000381469727,12.100000381469727,12.100000381469727,12.100000381469727,127,0.0,0.0,0.0
2022-10-27 13:30:00-04:00,12.09000015258789,12.119999885559082,12.09000015258789,12.119999885559082,3201,0.0,0.0,0.0
2022-10-27 14:30:00-04:00,12.149999618530273,12.199999809265137,12.149999618530273,12.199999809265137,626,0.0,0.0,0.0
2022-10-27 15:30:00-04:00,12.1899995803833,12.270000457763672,12.1899995803833,12.220000267028809,0,0.0,0.0,0.0
2022-10-28 10:30:00-04:00,12.335000038146973,12.399999618530273,12.335000038146973,12.399999618530273,4173,0.0,0.0,0.0
2022-10-28 11:30:00-04:00,12.319999694824219,12.319999694824219,12.319999694824219,12.319999694824219,245,0.0,0.0,0.0
2022-10-28 12:30:00-04:00,12.180000305175781,12.180000305175781,12.180000305175781,12.180000305175781,409,0.0,0.0,0.0
2022-10-28 15:30:00-04:00,12.119999885559082,12.149999618530273,12.109999656677246,12.109999656677246,1557,0.0,0.0,0.0
2022-10-31 09:30:00-04:00,12.1899995803833,12.198599815368652,12.119999885559082,12.15999984741211,1885,0.0,0.0,0.0
2022-10-31 10:30:00-04:00,12.180000305175781,12.180000305175781,12.170000076293945,12.170000076293945,15695,0.0,0.0,0.0
2022-10-31 11:30:00-04:00,12.140000343322754,12.20989990234375,12.119999885559082,12.20989990234375,1424,0.0,0.0,0.0
2022-10-31 12:30:00-04:00,12.289999961853027,12.289999961853027,12.289999961853027,12.289999961853027,245,0.0,0.0,0.0
2022-10-31 13:30:00-04:00,12.289999961853027,12.289999961853027,12.279999732971191,12.28499984741211,14317,0.0,0.0,0.0
2022-10-31 14:30:00-04:00,12.300000190734863,12.359000205993652,12.300000190734863,12.359000205993652,647,0.0,0.0,0.0
2022-10-31 15:30:00-04:00,12.3100004196167,12.380000114440918,12.229999542236328,12.380000114440918,0,0.0,0.0,0.0
2022-11-01 09:30:00-04:00,12.169899940490723,12.319999694824219,12.09000015258789,12.220000267028809,749,0.0,0.0,0.0
2022-11-01 10:30:00-04:00,12.21500015258789,12.21500015258789,12.21500015258789,12.21500015258789,261,0.0,0.0,0.0
2022-11-01 11:30:00-04:00,12.271900177001953,12.368200302124023,12.069999694824219,12.149999618530273,3733,0.0,0.0,0.0
2022-11-01 12:30:00-04:00,12.149999618530273,12.169400215148926,12.149999618530273,12.169400215148926,647,0.0,0.0,0.0
2022-11-01 13:30:00-04:00,12.15999984741211,12.15999984741211,12.140000343322754,12.140000343322754,352,0.0,0.0,0.0
2022-11-01 15:30:00-04:00,12.220000267028809,12.229999542236328,12.180000305175781,12.180000305175781,2959,0.0,0.0,0.0
2022-11-02 09:30:00-04:00,12.279999732971191,12.279999732971191,12.279999732971191,12.279999732971191,0,0.0,0.0,0.0
2022-11-02 10:30:00-04:00,12.399999618530273,12.399999618530273,12.300000190734863,12.300000190734863,1705,0.0,0.0,0.0
2022-11-02 11:30:00-04:00,12.289999961853027,12.289999961853027,12.289999961853027,12.289999961853027,212,0.0,0.0,0.0
2022-11-02 12:30:00-04:00,12.319999694824219,12.350000381469727,12.319999694824219,12.34000015258789,2654,0.0,0.0,0.0
2022-11-02 13:30:00-04:00,12.300999641418457,12.300999641418457,12.020000457763672,12.038999557495117,2336,0.0,0.0,0.0
2022-11-02 14:30:00-04:00,12.239999771118164,12.479999542236328,12.119999885559082,12.449999809265137,4869,0.0,0.0,0.0
2022-11-02 15:30:00-04:00,12.781599998474121,12.889399528503418,12.734999656677246,12.829999923706055,12876,0.0,0.0,0.0
2022-11-03 09:30:00-04:00,13.369999885559082,13.369999885559082,12.859999656677246,12.859999656677246,5067,0.0,0.0,0.0
2022-11-03 10:30:00-04:00,12.829999923706055,12.850000381469727,12.75,12.850000381469727,2381,0.0,0.0,0.0
2022-11-03 11:30:00-04:00,12.850000381469727,12.850000381469727,12.739999771118164,12.760000228881836,1977,0.0,0.0,0.0
2022-11-03 12:30:00-04:00,12.720000267028809,12.720000267028809,12.720000267028809,12.720000267028809,495,0.0,0.0,0.0
2022-11-03 14:30:00-04:00,12.663800239562988,12.663800239562988,12.663800239562988,12.663800239562988,128,0.0,0.0,0.0
2022-11-03 15:30:00-04:00,12.625,12.8100004196167,12.625,12.739999771118164,0,0.0,0.0,0.0
2022-11-04 09:30:00-04:00,12.34000015258789,12.34000015258789,11.640000343322754,11.671199798583984,14376,0.0,0.0,0.0
2022-11-04 10:30:00-04:00,11.600000381469727,11.829999923706055,11.5649995803833,11.829999923706055,2630,0.0,0.0,0.0
2022-11-04 11:30:00-04:00,11.829999923706055,12.100000381469727,11.829999923706055,12.098999977111816,10967,0.0,0.0,0.0
2022-11-04 12:30:00-04:00,12.15999984741211,12.15999984741211,12.15999984741211,12.15999984741211,463,0.0,0.0,0.0
2022-11-04 13:30:00-04:00,12.031299591064453,12.0600004196167,11.997300148010254,11.997300148010254,3477,0.0,0.0,0.0
2022-11-04 14:30:00-04:00,11.75,11.75,11.730999946594238,11.739999771118164,914,0.0,0.0,0.0
2022-11-04 15:30:00-04:00,11.720000267028809,11.725000381469727,11.670000076293945,11.680000305175781,1122,0.0,0.0,0.0
2022-11-07 09:30:00-05:00,11.60099983215332,11.700699806213379,11.59000015258789,11.670100212097168,4188,0.0,0.0,0.0
2022-11-07 10:30:00-05:00,11.711000442504883,11.711000442504883,11.680000305175781,11.680000305175781,502,0.0,0.0,0.0
2022-11-07 11:30:00-05:00,11.635000228881836,11.635000228881836,11.635000228881836,11.635000228881836,524,0.0,0.0,0.0
2022-11-07 12:30:00-05:00,11.710000038146973,11.710000038146973,11.710000038146973,11.710000038146973,758,0.0,0.0,0.0
2022-11-07 13:30:00-05:00,11.699899673461914,11.699899673461914,11.621000289916992,11.621000289916992,1870,0.0,0.0,0.0
2022-11-07 14:30:00-05:00,11.610699653625488,11.610699653625488,11.59000015258789,11.59000015258789,980,0.0,0.0,0.0
2022-11-07 15:30:00-05:00,11.550000190734863,11.550000190734863,11.539999961853027,11.539999961853027,1089,0.0,0.0,0.0
2022-11-08 09:30:00-05:00,11.579999923706055,11.579999923706055,11.071000099182129,11.081899642944336,4271,0.0,0.0,0.0
2022-11-08 10:30:00-05:00,10.970999717712402,11.020000457763672,10.850000381469727,10.850000381469727,5840,0.0,0.0,0.0
2022-11-08 11:30:00-05:00,10.878299713134766,10.960000038146973,10.878299713134766,10.960000038146973,616,0.0,0.0,0.0
2022-11-08 12:30:00-05:00,10.909000396728516,10.920000076293945,10.909000396728516,10.920000076293945,325,0.0,0.0,0.0
2022-11-08 13:30:00-05:00,11.055000305175781,11.289999961853027,11.055000305175781,11.289999961853027,1501,0.0,0.0,0.0
2022-11-08 14:30:00-05:00,11.129199981689453,11.129199981689453,11.119999885559082,11.119999885559082,433,0.0,0.0,0.0
2022-11-08 15:30:00-05:00,11.0,11.140000343322754,10.960000038146973,11.100000381469727,4976,0.0,0.0,0.0
2022-11-09 09:30:00-05:00,11.319999694824219,11.319999694824219,11.199999809265137,11.220000267028809,0,0.0,0.0,0.0
2022-11-09 10:30:00-05:00,11.239999771118164,11.239999771118164,11.239999771118164,11.239999771118164,291,0.0,0.0,0.0
2022-11-09 11:30:00-05:00,11.210000038146973,11.34000015258789,11.180000305175781,11.34000015258789,3248,0.0,0.0,0.0
2022-11-09 12:30:00-05:00,11.399999618530273,11.40999984741211,11.399999618530273,11.40999984741211,700,0.0,0.0,0.0
2022-11-09 13:30:00-05:00,11.420000076293945,11.449999809265137,11.420000076293945,11.430000305175781,2689,0.0,0.0,0.0
2022-11-09 14:30:00-05:00,11.53499984741211,11.53499984741211,11.49899959564209,11.49899959564209,3564,0.0,0.0,0.0
2022-11-09 15:30:00-05:00,11.50160026550293,11.609999656677246,11.50160026550293,11.526900291442871,0,0.0,0.0,0.0
2022-11-10 09:30:00-05:00,10.770000457763672,10.770000457763672,10.5,10.5,10448,0.0,0.0,0.0
2022-11-10 10:30:00-05:00,10.5,10.5,10.5,10.5,242,0.0,0.0,0.0
2022-11-10 11:30:00-05:00,10.331000328063965,10.354999542236328,10.331000328063965,10.354999542236328,665,0.0,0.0,0.0
2022-11-10 12:30:00-05:00,10.479999542236328,10.550000190734863,10.479999542236328,10.510000228881836,2542,0.0,0.0,0.0
2022-11-10 13:30:00-05:00,10.569999694824219,10.569999694824219,10.539999961853027,10.539999961853027,1104,0.0,0.0,0.0
2022-11-10 14:30:00-05:00,10.449999809265137,10.449999809265137,10.449999809265137,10.449999809265137,126,0.0,0.0,0.0
2022-11-10 15:30:00-05:00,10.371000289916992,10.371000289916992,10.324999809265137,10.324999809265137,0,0.0,0.0,0.0
2022-11-11 09:30:00-05:00,9.989999771118164,10.050000190734863,9.800000190734863,9.800000190734863,15889,0.0,0.0,0.0
2022-11-11 10:30:00-05:00,9.810999870300293,9.979999542236328,9.810999870300293,9.979999542236328,2122,0.0,0.0,0.0
2022-11-11 11:30:00-05:00,10.048600196838379,10.048600196838379,10.0,10.0,10438,0.0,0.0,0.0
2022-11-11 12:30:00-05:00,10.010000228881836,10.029000282287598,10.010000228881836,10.029000282287598,542,0.0,0.0,0.0
2022-11-11 13:30:00-05:00,10.0,10.0,10.0,10.0,606,0.0,0.0,0.0
2022-11-11 14:30:00-05:00,10.0,10.0,9.920000076293945,9.920000076293945,1208,0.0,0.0,0.0
2022-11-11 15:30:00-05:00,10.029999732971191,10.039999961853027,10.0,10.031900405883789,1618,0.0,0.0,0.0
2022-11-14 09:30:00-05:00,10.0,10.098899841308594,9.750499725341797,9.819999694824219,0,0.0,0.0,0.0
2022-11-14 10:30:00-05:00,9.814800262451172,9.814800262451172,9.814800262451172,9.814800262451172,143,0.0,0.0,0.0
2022-11-14 11:30:00-05:00,9.850000381469727,9.890000343322754,9.850000381469727,9.853300094604492,7621,0.0,0.0,0.0
2022-11-14 13:30:00-05:00,9.779899597167969,9.789999961853027,9.729999542236328,9.789999961853027,24738,0.0,0.0,0.0
2022-11-14 14:30:00-05:00,9.799200057983398,9.799200057983398,9.799200057983398,9.799200057983398,1068,0.0,0.0,0.0
2022-11-14 15:30:00-05:00,9.880000114440918,9.974699974060059,9.880000114440918,9.974699974060059,0,0.0,0.0,0.0
2022-11-15 09:30:00-05:00,9.670000076293945,10.0,9.670000076293945,9.954999923706055,12231,0.0,0.0,0.0
2022-11-15 10:30:00-05:00,9.859999656677246,10.044899940490723,9.859999656677246,10.029999732971191,1355,0.0,0.0,0.0
2022-11-15 11:30:00-05:00,9.989899635314941,10.029000282287598,9.970999717712402,9.979000091552734,2314,0.0,0.0,0.0
2022-11-15 12:30:00-05:00,10.098999977111816,10.15820026397705,10.050000190734863,10.15820026397705,900,0.0,0.0,0.0
2022-11-15 13:30:00-05:00,10.180000305175781,10.180000305175781,10.09000015258789,10.09000015258789,1450,0.0,0.0,0.0
2022-11-15 15:30:00-05:00,10.0600004196167,10.109999656677246,10.0600004196167,10.09000015258789,2185,0.0,0.0,0.0
2022-11-16 09:30:00-05:00,10.198699951171875,10.229999542236328,10.170000076293945,10.229999542236328,0,0.0,0.0,0.0
2022-11-16 12:30:00-05:00,10.288999557495117,10.289999961853027,10.260100364685059,10.260100364685059,2651,0.0,0.0,0.0
2022-11-16 13:30:00-05:00,10.319999694824219,10.319999694824219,10.279999732971191,10.289999961853027,11295,0.0,0.0,0.0
2022-11-16 14:30:00-05:00,10.319999694824219,10.339599609375,10.274999618530273,10.309900283813477,6593,0.0,0.0,0.0
2022-11-16 15:30:00-05:00,10.279999732971191,10.279999732971191,10.220100402832031,10.277099609375,0,0.0,0.0,0.0
2022-11-17 09:30:00-05:00,10.550000190734863,10.770000457763672,10.550000190734863,10.637999534606934,22275,0.0,0.0,0.0
2022-11-17 10:30:00-05:00,10.619999885559082,10.619999885559082,10.619999885559082,10.619999885559082,890,0.0,0.0,0.0
2022-11-17 11:30:00-05:00,10.699999809265137,10.699999809265137,10.670000076293945,10.670000076293945,404,0.0,0.0,0.0
2022-11-17 12:30:00-05:00,10.580300331115723,10.580300331115723,10.550000190734863,10.550000190734863,1495,0.0,0.0,0.0
2022-11-17 13:30:00-05:00,10.5600004196167,10.609000205993652,10.520999908447266,10.529999732971191,4782,0.0,0.0,0.0
2022-11-17 15:30:00-05:00,10.5600004196167,10.5600004196167,10.479999542236328,10.479999542236328,0,0.0,0.0,0.0
2022-11-18 09:30:00-05:00,10.270000457763672,10.505000114440918,10.270000457763672,10.505000114440918,7982,0.0,0.0,0.0
2022-11-18 11:30:00-05:00,10.529000282287598,10.609999656677246,10.529000282287598,10.569999694824219,2906,0.0,0.0,0.0
2022-11-18 14:30:00-05:00,10.510000228881836,10.520000457763672,10.4576997756958,10.4576997756958,13196,0.0,0.0,0.0
2022-11-18 15:30:00-05:00,10.395400047302246,10.43220043182373,10.395400047302246,10.43220043182373,1952,0.0,0.0,0.0
2022-11-21 09:30:00-05:00,10.640000343322754,10.65999984741211,10.489999771118164,10.639900207519531,0,0.0,0.0,0.0
2022-11-21 10:30:00-05:00,10.570099830627441,10.600000381469727,10.520099639892578,10.520099639892578,2207,0.0,0.0,0.0
2022-11-21 11:30:00-05:00,10.5,10.5,10.399999618530273,10.399999618530273,1617,0.0,0.0,0.0
2022-11-21 12:30:00-05:00,10.274999618530273,10.274999618530273,10.234700202941895,10.234700202941895,758,0.0,0.0,0.0
2022-11-21 13:30:00-05:00,10.3100004196167,10.34000015258789,10.29010009765625,10.29010009765625,453,0.0,0.0,0.0
2022-11-21 14:30:00-05:00,10.300100326538086,10.369000434875488,10.300100326538086,10.34000015258789,3020,0.0,0.0,0.0
2022-11-21 15:30:00-05:00,10.319999694824219,10.34000015258789,10.319999694824219,10.34000015258789,285,0.0,0.0,0.0
2022-11-22 09:30:00-05:00,10.109999656677246,10.109999656677246,9.970000267028809,9.970000267028809,0,0.0,0.0,0.0
2022-11-22 10:30:00-05:00,10.0,10.0,9.989999771118164,9.989999771118164,1442,0.0,0.0,0.0
2022-11-22 11:30:00-05:00,9.984999656677246,9.985699653625488,9.9399995803833,9.985699653625488,2902,0.0,0.0,0.0
2022-11-22 12:30:00-05:00,9.944999694824219,9.949000358581543,9.944999694824219,9.949000358581543,366,0.0,0.0,0.0
2022-11-22 13:30:00-05:00,9.918999671936035,9.918999671936035,9.918999671936035,9.918999671936035,373,0.0,0.0,0.0
2022-11-22 14:30:00-05:00,9.880000114440918,9.880000114440918,9.880000114440918,9.880000114440918,349,0.0,0.0,0.0
2022-11-22 15:30:00-05:00,9.849900245666504,9.850000381469727,9.8149995803833,9.826800346374512,0,0.0,0.0,0.0
2022-11-23 09:30:00-05:00,9.930000305175781,9.930000305175781,9.781000137329102,9.781000137329102,17194,0.0,0.0,0.0
2022-11-23 10:30:00-05:00,9.835000038146973,9.835000038146973,9.789999961853027,9.819999694824219,3357,0.0,0.0,0.0
2022-11-23 12:30:00-05:00,9.899999618530273,9.920000076293945,9.899999618530273,9.920000076293945,528,0.0,0.0,0.0
2022-11-23 13:30:00-05:00,9.869999885559082,9.869999885559082,9.869999885559082,9.869999885559082,201,0.0,0.0,0.0
2022-11-23 14:30:00-05:00,9.8149995803833,9.8149995803833,9.791000366210938,9.8149995803833,1719,0.0,0.0,0.0
2022-11-23 15:30:00-05:00,9.84000015258789,9.84000015258789,9.819999694824219,9.819999694824219,301,0.0,0.0,0.0
2022-11-25 09:30:00-05:00,9.8100004196167,9.836000442504883,9.8100004196167,9.836000442504883,0,0.0,0.0,0.0
2022-11-28 09:30:00-05:00,10.069999694824219,10.069999694824219,10.0,10.00570011138916,5026,0.0,0.0,0.0
2022-11-28 10:30:00-05:00,9.9975004196167,10.069999694824219,9.9975004196167,10.069999694824219,379,0.0,0.0,0.0
2022-11-28 11:30:00-05:00,10.09000015258789,10.119999885559082,10.050000190734863,10.119999885559082,3740,0.0,0.0,0.0
2022-11-28 12:30:00-05:00,10.104999542236328,10.180000305175781,10.104999542236328,10.180000305175781,1061,0.0,0.0,0.0
2022-11-28 14:30:00-05:00,10.239999771118164,10.329999923706055,10.239999771118164,10.329999923706055,117695,0.0,0.0,0.0
2022-11-28 15:30:00-05:00,10.3100004196167,10.318699836730957,10.270000457763672,10.300000190734863,15177,0.0,0.0,0.0
2022-11-29 09:30:00-05:00,10.270000457763672,10.270000457763672,10.0600004196167,10.109999656677246,0,0.0,0.0,0.0
2022-11-29 10:30:00-05:00,10.149999618530273,10.218999862670898,10.149999618530273,10.218999862670898,593,0.0,0.0,0.0
2022-11-29 11:30:00-05:00,10.170000076293945,10.180000305175781,10.170000076293945,10.179800033569336,9824,0.0,0.0,0.0
2022-11-29 12:30:00-05:00,10.180000305175781,10.180000305175781,10.141500473022461,10.141500473022461,1035,0.0,0.0,0.0
2022-11-29 13:30:00-05:00,10.169899940490723,10.169899940490723,10.15999984741211,10.15999984741211,1500,0.0,0.0,0.0
2022-11-29 14:30:00-05:00,10.199999809265137,10.199999809265137,10.199999809265137,10.199999809265137,104,0.0,0.0,0.0
2022-11-29 15:30:00-05:00,10.168999671936035,10.170000076293945,10.140000343322754,10.140000343322754,4220,0.0,0.0,0.0
2022-11-30 09:30:00-05:00,10.180000305175781,10.229999542236328,10.15999984741211,10.229999542236328,0,0.0,0.0,0.0
2022-11-30 10:30:00-05:00,10.270000457763672,10.270000457763672,10.270000457763672,10.270000457763672,655,0.0,0.0,0.0
2022-11-30 11:30:00-05:00,10.192299842834473,10.329999923706055,10.192299842834473,10.300000190734863,2313,0.0,0.0,0.0
2022-11-30 12:30:00-05:00,10.26099967956543,10.26099967956543,10.26099967956543,10.26099967956543,289,0.0,0.0,0.0
2022-11-30 13:30:00-05:00,10.3100004196167,10.3100004196167,9.890000343322754,9.890000343322754,5842,0.0,0.0,0.0
2022-11-30 14:30:00-05:00,9.890000343322754,9.890000343322754,9.800000190734863,9.8149995803833,3143,0.0,0.0,0.0
2022-11-30 15:30:00-05:00,9.760000228881836,9.760000228881836,9.6899995803833,9.6899995803833,0,0.0,0.0,0.0
2022-12-01 09:30:00-05:00,9.59000015258789,9.75,9.529999732971191,9.75,9431,0.0,0.0,0.0
2022-12-01 10:30:00-05:00,9.8100004196167,9.82129955291748,9.8100004196167,9.82129955291748,441,0.0,0.0,0.0
2022-12-01 11:30:00-05:00,9.670100212097168,9.719900131225586,9.670100212097168,9.699000358581543,2293,0.0,0.0,0.0
2022-12-01 12:30:00-05:00,9.689900398254395,9.71500015258789,9.670000076293945,9.71500015258789,2242,0.0,0.0,0.0
2022-12-01 13:30:00-05:00,9.720000267028809,9.720000267028809,9.6899995803833,9.6899995803833,585,0.0,0.0,0.0
2022-12-01 14:30:00-05:00,9.720000267028809,9.720000267028809,9.720000267028809,9.720000267028809,15715,0.0,0.0,0.0
2022-12-01 15:30:00-05:00,9.670000076293945,9.67080020904541,9.670000076293945,9.67080020904541,0,0.0,0.0,0.0
2022-12-02 09:30:00-05:00,10.0,10.0,9.729999542236328,9.739899635314941,2816,0.0,0.0,0.0
2022-12-02 10:30:00-05:00,9.720000267028809,9.720000267028809,9.600000381469727,9.600000381469727,2133,0.0,0.0,0.0
2022-12-02 11:30:00-05:00,9.579999923706055,9.579999923706055,9.451000213623047,9.451000213623047,1886,0.0,0.0,0.0
2022-12-02 12:30:00-05:00,9.528499603271484,9.550000190734863,9.528499603271484,9.547599792480469,797,0.0,0.0,0.0
2022-12-02 13:30:00-05:00,9.550000190734863,9.56820011138916,9.520000457763672,9.520000457763672,749,0.0,0.0,0.0
2022-12-02 14:30:00-05:00,9.510000228881836,9.510100364685059,9.429900169372559,9.479999542236328,1543,0.0,0.0,0.0
2022-12-02 15:30:00-05:00,9.460000038146973,9.499899864196777,9.449999809265137,9.450799942016602,3643,0.0,0.0,0.0
2022-12-05 09:30:00-05:00,9.609999656677246,9.789999961853027,9.510000228881836,9.729999542236328,0,0.0,0.0,0.0
2022-12-05 10:30:00-05:00,9.741999626159668,9.749899864196777,9.739999771118164,9.739999771118164,1010,0.0,0.0,0.0
2022-12-05 11:30:00-05:00,9.79990005493164,9.800000190734863,9.79990005493164,9.800000190734863,403,0.0,0.0,0.0
2022-12-05 12:30:00-05:00,9.788999557495117,9.788999557495117,9.767000198364258,9.767000198364258,574,0.0,0.0,0.0
2022-12-05 13:30:00-05:00,9.829999923706055,9.829999923706055,9.8100004196167,9.8100004196167,364,0.0,0.0,0.0
2022-12-05 14:30:00-05:00,9.859999656677246,9.859999656677246,9.821000099182129,9.821000099182129,1439,0.0,0.0,0.0
2022-12-05 15:30:00-05:00,9.810999870300293,9.859999656677246,9.8100004196167,9.8100004196167,3744,0.0,0.0,0.0
2022-12-06 09:30:00-05:00,9.960000038146973,9.960000038146973,9.6899995803833,9.720000267028809,0,0.0,0.0,0.0
2022-12-06 10:30:00-05:00,9.949999809265137,9.970000267028809,9.949999809265137,9.958999633789062,554,0.0,0.0,0.0
2022-12-06 11:30:00-05:00,9.91100025177002,10.010000228881836,9.91100025177002,9.989999771118164,1797,0.0,0.0,0.0
2022-12-06 12:30:00-05:00,9.970000267028809,9.970000267028809,9.970000267028809,9.970000267028809,106,0.0,0.0,0.0
2022-12-06 13:30:00-05:00,10.050000190734863,10.119999885559082,10.050000190734863,10.119999885559082,207,0.0,0.0,0.0
2022-12-06 14:30:00-05:00,10.116499900817871,10.116499900817871,10.085000038146973,10.100000381469727,1512,0.0,0.0,0.0
2022-12-06 15:30:00-05:00,10.010000228881836,10.050000190734863,9.993499755859375,10.050000190734863,0,0.0,0.0,0.0
2022-12-07 09:30:00-05:00,10.100000381469727,10.100000381469727,9.9399995803833,9.960000038146973,15566,0.0,0.0,0.0
2022-12-07 10:30:00-05:00,9.920000076293945,9.920000076293945,9.885000228881836,9.904999732971191,832,0.0,0.0,0.0
2022-12-07 11:30:00-05:00,9.970000267028809,9.989999771118164,9.970000267028809,9.989999771118164,363,0.0,0.0,0.0
2022-12-07 13:30:00-05:00,10.020000457763672,10.050000190734863,10.020000457763672,10.050000190734863,270,0.0,0.0,0.0
2022-12-07 14:30:00-05:00,10.039999961853027,10.109999656677246,10.039999961853027,10.109999656677246,715,0.0,0.0,0.0
2022-12-07 15:30:00-05:00,10.069999694824219,10.069999694824219,10.04699993133545,10.04800033569336,0,0.0,0.0,0.0
2022-12-08 09:30:00-05:00,9.859999656677246,9.859999656677246,9.781000137329102,9.800100326538086,4320,0.0,0.0,0.0
2022-12-08 10:30:00-05:00,9.848999977111816,9.850000381469727,9.840999603271484,9.840999603271484,1055,0.0,0.0,0.0
2022-12-08 11:30:00-05:00,9.898699760437012,9.920000076293945,9.869999885559082,9.869999885559082,2723,0.0,0.0,0.0
2022-12-08 12:30:00-05:00,9.928999900817871,9.928999900817871,9.928999900817871,9.928999900817871,166,0.0,0.0,0.0
2022-12-08 13:30:00-05:00,9.859999656677246,9.859999656677246,9.859999656677246,9.859999656677246,211,0.0,0.0,0.0
2022-12-08 14:30:00-05:00,9.914999961853027,9.9399995803833,9.914999961853027,9.9399995803833,658,0.0,0.0,0.0
2022-12-08 15:30:00-05:00,9.979000091552734,9.979999542236328,9.94480037689209,9.94480037689209,0,0.0,0.0,0.0
2022-12-09 09:30:00-05:00,10.010000228881836,10.010000228881836,9.859999656677246,9.907999992370605,3611,0.0,0.0,0.0
2022-12-09 11:30:00-05:00,9.901000022888184,9.925000190734863,9.901000022888184,9.925000190734863,571,0.0,0.0,0.0
2022-12-09 12:30:00-05:00,9.960000038146973,9.960000038146973,9.960000038146973,9.960000038146973,109,0.0,0.0,0.0
2022-12-09 13:30:00-05:00,9.994999885559082,9.994999885559082,9.994999885559082,9.994999885559082,330,0.0,0.0,0.0
2022-12-09 14:30:00-05:00,9.990099906921387,10.03499984741211,9.990099906921387,10.03499984741211,500,0.0,0.0,0.0
2022-12-09 15:30:00-05:00,10.098999977111816,10.149999618530273,10.09000015258789,10.1427001953125,1242,0.0,0.0,0.0
2022-12-12 09:30:00-05:00,10.24899959564209,10.25,10.24899959564209,10.25,15548,0.0,0.0,0.0
2022-12-12 10:30:00-05:00,10.199999809265137,10.220000267028809,10.199999809265137,10.218600273132324,908,0.0,0.0,0.0
2022-12-12 12:30:00-05:00,10.130999565124512,10.1899995803833,10.130999565124512,10.1899995803833,3256,0.0,0.0,0.0
2022-12-12 13:30:00-05:00,10.163999557495117,10.163999557495117,10.163999557495117,10.163999557495117,124,0.0,0.0,0.0
2022-12-12 15:30:00-05:00,10.029999732971191,10.039999961853027,10.023200035095215,10.039999961853027,0,0.0,0.0,0.0
2022-12-13 09:30:00-05:00,9.59000015258789,9.59000015258789,9.229999542236328,9.579500198364258,13688,0.0,0.0,0.0
2022-12-13 10:30:00-05:00,9.619999885559082,9.710000038146973,9.619999885559082,9.640000343322754,2107,0.0,0.0,0.0
2022-12-13 11:30:00-05:00,9.6899995803833,9.808099746704102,9.6899995803833,9.808099746704102,792,0.0,0.0,0.0
2022-12-13 12:30:00-05:00,9.807499885559082,9.819999694824219,9.699999809265137,9.699999809265137,1256,0.0,0.0,0.0
2022-12-13 13:30:00-05:00,9.739999771118164,9.739999771118164,9.739999771118164,9.739999771118164,150,0.0,0.0,0.0
2022-12-13 14:30:00-05:00,9.720000267028809,9.8100004196167,9.710000038146973,9.75,8107,0.0,0.0,0.0
2022-12-13 15:30:00-05:00,9.710000038146973,9.729999542236328,9.699999809265137,9.699999809265137,0,0.0,0.0,0.0
2022-12-14 09:30:00-05:00,9.75,9.800000190734863,9.75,9.800000190734863,4484,0.0,0.0,0.0
2022-12-14 10:30:00-05:00,9.824999809265137,9.829000473022461,9.8100004196167,9.8100004196167,1612,0.0,0.0,0.0
2022-12-14 12:30:00-05:00,9.765000343322754,9.765000343322754,9.765000343322754,9.765000343322754,195,0.0,0.0,0.0
2022-12-14 13:30:00-05:00,9.720000267028809,9.920000076293945,9.720000267028809,9.920000076293945,1991,0.0,0.0,0.0
2022-12-14 14:30:00-05:00,9.900099754333496,9.900099754333496,9.850000381469727,9.850000381469727,2814,0.0,0.0,0.0
2022-12-14 15:30:00-05:00,9.989999771118164,9.989999771118164,9.859999656677246,9.859999656677246,5724,0.0,0.0,0.0
2022-12-15 09:30:00-05:00,10.149999618530273,10.5,10.149999618530273,10.46500015258789,0,0.0,0.0,0.0
2022-12-15 10:30:00-05:00,10.5,10.5600004196167,10.479999542236328,10.5600004196167,1250,0.0,0.0,0.0
2022-12-15 11:30:00-05:00,10.5600004196167,10.5600004196167,10.5600004196167,10.5600004196167,555,0.0,0.0,0.0
2022-12-15 12:30:00-05:00,10.529999732971191,10.640000343322754,10.529999732971191,10.640000343322754,1138,0.0,0.0,0.0
2022-12-15 13:30:00-05:00,10.600000381469727,10.600000381469727,10.600000381469727,10.600000381469727,304,0.0,0.0,0.0
2022-12-15 14:30:00-05:00,10.569999694824219,10.609999656677246,10.498800277709961,10.550000190734863,13979,0.0,0.0,0.0
2022-12-15 15:30:00-05:00,10.600000381469727,10.779999732971191,10.600000381469727,10.622300148010254,17790,0.0,0.0,0.0
2022-12-16 09:30:00-05:00,10.9399995803833,10.9399995803833,10.65999984741211,10.789999961853027,0,0.0,0.0,0.0
2022-12-16 10:30:00-05:00,10.770000457763672,10.84000015258789,10.728099822998047,10.760000228881836,5315,0.0,0.0,0.0
2022-12-16 11:30:00-05:00,10.729999542236328,10.819999694824219,10.729999542236328,10.819999694824219,5660,0.0,0.0,0.0
2022-12-16 12:30:00-05:00,10.8100004196167,10.869999885559082,10.729999542236328,10.869999885559082,2601,0.0,0.0,0.0
2022-12-16 13:30:00-05:00,10.869999885559082,10.869999885559082,10.729999542236328,10.779999732971191,3828,0.0,0.0,0.0
2022-12-16 14:30:00-05:00,10.800000190734863,10.800000190734863,10.65999984741211,10.680000305175781,3356,0.0,0.0,0.0
2022-12-16 15:30:00-05:00,10.6899995803833,10.8100004196167,10.609999656677246,10.65999984741211,5822,0.0,0.0,0.0
2022-12-19 09:30:00-05:00,10.699999809265137,10.699999809265137,10.619999885559082,10.619999885559082,0,0.0,0.0,0.0
2022-12-19 10:30:00-05:00,10.741000175476074,10.779999732971191,10.741000175476074,10.760000228881836,881,0.0,0.0,0.0
2022-12-19 11:30:00-05:00,10.741000175476074,10.84000015258789,10.741000175476074,10.829999923706055,9767,0.0,0.0,0.0
2022-12-19 12:30:00-05:00,10.8233003616333,10.889900207519531,10.8233003616333,10.889900207519531,1160,0.0,0.0,0.0
2022-12-19 13:30:00-05:00,10.899999618530273,10.960000038146973,10.899999618530273,10.949999809265137,5756,0.0,0.0,0.0
2022-12-19 14:30:00-05:00,10.989999771118164,11.002099990844727,10.989999771118164,11.002099990844727,1600,0.0,0.0,0.0
2022-12-19 15:30:00-05:00,10.930100440979004,10.930100440979004,10.90369987487793,10.90369987487793,0,0.0,0.0,0.0
2022-12-20 09:30:00-05:00,10.779999732971191,11.050000190734863,10.640000343322754,10.704999923706055,8967,0.0,0.0,0.0
2022-12-20 10:30:00-05:00,10.658499717712402,10.65999984741211,10.658499717712402,10.65999984741211,687,0.0,0.0,0.0
2022-12-20 11:30:00-05:00,10.760000228881836,10.770000457763672,10.75,10.770000457763672,921,0.0,0.0,0.0
2022-12-20 12:30:00-05:00,10.680000305175781,10.680000305175781,10.670000076293945,10.670000076293945,1649,0.0,0.0,0.0
2022-12-20 13:30:00-05:00,10.60099983215332,10.609999656677246,10.59000015258789,10.609999656677246,3395,0.0,0.0,0.0
2022-12-20 14:30:00-05:00,10.680000305175781,10.680000305175781,10.680000305175781,10.680000305175781,502,0.0,0.0,0.0
2022-12-20 15:30:00-05:00,10.699799537658691,10.699799537658691,10.6899995803833,10.6899995803833,5327,0.0,0.0,0.0
2022-12-21 09:30:00-05:00,10.460000038146973,10.592700004577637,10.460000038146973,10.529999732971191,17672,0.0,0.0,0.0
2022-12-21 10:30:00-05:00,10.479999542236328,10.479999542236328,10.430899620056152,10.430899620056152,1040,0.0,0.0,0.0
2022-12-21 13:30:00-05:00,10.4399995803833,10.4399995803833,10.4399995803833,10.4399995803833,325,0.0,0.0,0.0
2022-12-21 14:30:00-05:00,10.49899959564209,10.5024995803833,10.449999809265137,10.5024995803833,581,0.0,0.0,0.0
2022-12-21 15:30:00-05:00,10.550000190734863,10.550000190734863,10.470000267028809,10.479999542236328,5970,0.0,0.0,0.0
2022-12-22 09:30:00-05:00,10.5,10.788999557495117,10.5,10.760000228881836,0,0.0,0.0,0.0
2022-12-22 10:30:00-05:00,10.725000381469727,10.829899787902832,10.720000267028809,10.800000190734863,1279,0.0,0.0,0.0
2022-12-22 11:30:00-05:00,10.872400283813477,10.872400283813477,10.872400283813477,10.872400283813477,385,0.0,0.0,0.0
2022-12-22 12:30:00-05:00,10.975600242614746,10.975600242614746,10.949999809265137,10.970000267028809,481,0.0,0.0,0.0
2022-12-22 13:30:00-05:00,11.010000228881836,11.010000228881836,10.949999809265137,10.949999809265137,1155,0.0,0.0,0.0
2022-12-22 14:30:00-05:00,10.880000114440918,10.90999984741211,10.676199913024902,10.676199913024902,5577,0.0,0.0,0.0
2022-12-23 09:30:00-05:00,10.6899995803833,10.6899995803833,10.649999618530273,10.649999618530273,0,0.0,0.0,0.0
2022-12-23 10:30:00-05:00,10.540599822998047,10.600500106811523,10.539999961853027,10.597900390625,7929,0.0,0.0,0.0
2022-12-23 11:30:00-05:00,10.565099716186523,10.565099716186523,10.529999732971191,10.529999732971191,818,0.0,0.0,0.0
2022-12-23 13:30:00-05:00,10.560099601745605,10.560099601745605,10.560099601745605,10.560099601745605,276,0.0,0.0,0.0
2022-12-23 14:30:00-05:00,10.54419994354248,10.54419994354248,10.520000457763672,10.520000457763672,202,0.0,0.0,0.0
2022-12-27 09:30:00-05:00,10.34000015258789,10.460000038146973,10.289999961853027,10.319999694824219,0,0.0,0.0,0.0
2022-12-27 10:30:00-05:00,10.3100004196167,10.385000228881836,10.300000190734863,10.369999885559082,3823,0.0,0.0,0.0
2022-12-27 11:30:00-05:00,10.369999885559082,10.393400192260742,10.34000015258789,10.350000381469727,2689,0.0,0.0,0.0
2022-12-27 12:30:00-05:00,10.350000381469727,10.45989990234375,10.350000381469727,10.399999618530273,5075,0.0,0.0,0.0
2022-12-27 13:30:00-05:00,10.399999618530273,10.479999542236328,10.399999618530273,10.470000267028809,1803,0.0,0.0,0.0
2022-12-27 14:30:00-05:00,10.460000038146973,10.5,10.390000343322754,10.449999809265137,3558,0.0,0.0,0.0
2022-12-27 15:30:00-05:00,10.40999984741211,10.479999542236328,10.3100004196167,10.390000343322754,0,0.0,0.0,0.0
2022-12-28 09:30:00-05:00,10.440999984741211,10.441900253295898,10.4399995803833,10.4399995803833,4232,0.0,0.0,0.0
2022-12-28 11:30:00-05:00,10.72350025177002,10.739999771118164,10.72350025177002,10.739999771118164,5923,0.0,0.0,0.0
2022-12-28 13:30:00-05:00,10.720000267028809,10.720000267028809,10.720000267028809,10.720000267028809,1410,0.0,0.0,0.0
2022-12-28 14:30:00-05:00,10.859999656677246,10.859999656677246,10.859999656677246,10.859999656677246,330,0.0,0.0,0.0
2022-12-28 15:30:00-05:00,10.829999923706055,10.859999656677246,10.829999923706055,10.859999656677246,408,0.0,0.0,0.0
2022-12-29 09:30:00-05:00,10.739999771118164,10.739999771118164,10.550000190734863,10.600000381469727,0,0.0,0.0,0.0
2022-12-29 10:30:00-05:00,10.579999923706055,10.609999656677246,10.569999694824219,10.569999694824219,958,0.0,0.0,0.0
2022-12-29 11:30:00-05:00,10.569999694824219,10.569999694824219,10.5,10.520000457763672,2229,0.0,0.0,0.0
2022-12-29 12:30:00-05:00,10.520000457763672,10.56029987335205,10.5,10.510000228881836,3888,0.0,0.0,0.0
2022-12-29 13:30:00-05:00,10.539999961853027,10.545000076293945,10.489999771118164,10.489999771118164,3204,0.0,0.0,0.0
2022-12-29 14:30:00-05:00,10.50100040435791,10.579999923706055,10.479999542236328,10.579999923706055,2573,0.0,0.0,0.0
2022-12-29 15:30:00-05:00,10.5600004196167,10.579999923706055,10.539999961853027,10.569999694824219,3942,0.0,0.0,0.0
2022-12-30 09:30:00-05:00,10.84000015258789,10.859999656677246,10.760000228881836,10.789999961853027,0,0.0,0.0,0.0
2022-12-30 10:30:00-05:00,10.75,10.805000305175781,10.720000267028809,10.800000190734863,1707,0.0,0.0,0.0
2022-12-30 11:30:00-05:00,10.800000190734863,10.84000015258789,10.770000457763672,10.770000457763672,2186,0.0,0.0,0.0
2022-12-30 12:30:00-05:00,10.770999908447266,10.770999908447266,10.770000457763672,10.770000457763672,1777,0.0,0.0,0.0
2022-12-30 13:30:00-05:00,10.869999885559082,10.890000343322754,10.819999694824219,10.84000015258789,2666,0.0,0.0,0.0
2022-12-30 14:30:00-05:00,10.850000381469727,10.850000381469727,10.779999732971191,10.779999732971191,355,0.0,0.0,0.0
2022-12-30 15:30:00-05:00,10.789999961853027,10.789999961853027,10.670000076293945,10.692899703979492,16802,0.0,0.0,0.0
2023-01-03 09:30:00-05:00,10.699999809265137,10.859999656677246,10.539999961853027,10.850000381469727,0,0.0,0.0,0.0
2023-01-03 10:30:00-05:00,10.800000190734863,10.899999618530273,10.800000190734863,10.84000015258789,1281,0.0,0.0,0.0
2023-01-03 11:30:00-05:00,10.859999656677246,10.9399995803833,10.859999656677246,10.90999984741211,2561,0.0,0.0,0.0
2023-01-03 12:30:00-05:00,10.9399995803833,10.9399995803833,10.84000015258789,10.84000015258789,3650,0.0,0.0,0.0
2023-01-03 13:30:00-05:00,10.859999656677246,10.930000305175781,10.819999694824219,10.920000076293945,5736,0.0,0.0,0.0
2023-01-03 14:30:00-05:00,10.9399995803833,10.979999542236328,10.800000190734863,10.819999694824219,1980,0.0,0.0,0.0
2023-01-03 15:30:00-05:00,10.779999732971191,10.8100004196167,10.760000228881836,10.770000457763672,0,0.0,0.0,0.0
2023-01-04 09:30:00-05:00,10.571000099182129,10.75,10.54010009765625,10.680000305175781,7636,0.0,0.0,0.0
2023-01-04 10:30:00-05:00,10.5,10.5,10.489999771118164,10.489999771118164,770,0.0,0.0,0.0
2023-01-04 11:30:00-05:00,10.460000038146973,10.460000038146973,10.4399995803833,10.4399995803833,385,0.0,0.0,0.0
2023-01-04 12:30:00-05:00,10.4350004196167,10.449899673461914,10.390000343322754,10.399999618530273,2920,0.0,0.0,0.0
2023-01-04 15:30:00-05:00,10.48900032043457,10.559000015258789,10.470199584960938,10.470199584960938,400,0.0,0.0,0.0
2023-01-05 09:30:00-05:00,10.899900436401367,10.899900436401367,10.8100004196167,10.819999694824219,0,0.0,0.0,0.0
2023-01-05 10:30:00-05:00,10.839900016784668,10.850000381469727,10.78499984741211,10.78499984741211,16201,0.0,0.0,0.0
2023-01-05 11:30:00-05:00,10.800000190734863,10.800000190734863,10.800000190734863,10.800000190734863,4043,0.0,0.0,0.0
2023-01-05 12:30:00-05:00,10.729999542236328,10.729999542236328,10.6899995803833,10.6899995803833,589,0.0,0.0,0.0
2023-01-05 13:30:00-05:00,10.632499694824219,10.632499694824219,10.632499694824219,10.632499694824219,190,0.0,0.0,0.0
2023-01-05 15:30:00-05:00,10.718999862670898,10.729999542236328,10.649999618530273,10.649999618530273,1231,0.0,0.0,0.0
2023-01-06 09:30:00-05:00,10.428999900817871,10.428999900817871,10.149999618530273,10.149999618530273,0,0.0,0.0,0.0
2023-01-06 10:30:00-05:00,10.047300338745117,10.065699577331543,10.020000457763672,10.020000457763672,19698,0.0,0.0,0.0
2023-01-06 11:30:00-05:00,9.9399995803833,9.949999809265137,9.930000305175781,9.930000305175781,1260,0.0,0.0,0.0
2023-01-06 12:30:00-05:00,10.008999824523926,10.008999824523926,10.008999824523926,10.008999824523926,339,0.0,0.0,0.0
2023-01-06 14:30:00-05:00,9.930000305175781,9.930000305175781,9.899999618530273,9.899999618530273,2853,0.0,0.0,0.0
2023-01-06 15:30:00-05:00,9.925999641418457,10.069999694824219,9.925999641418457,9.979999542236328,22875,0.0,0.0,0.0
2023-01-09 09:30:00-05:00,9.829999923706055,9.84179973602295,9.739999771118164,9.739999771118164,5295,0.0,0.0,0.0
2023-01-09 10:30:00-05:00,9.6899995803833,9.6899995803833,9.595000267028809,9.595000267028809,759,0.0,0.0,0.0
2023-01-09 12:30:00-05:00,9.60990047454834,9.60990047454834,9.60990047454834,9.60990047454834,2120,0.0,0.0,0.0
2023-01-09 14:30:00-05:00,9.660099983215332,9.660099983215332,9.660099983215332,9.660099983215332,1931,0.0,0.0,0.0
2023-01-09 15:30:00-05:00,9.8100004196167,9.829999923706055,9.8100004196167,9.829999923706055,451,0.0,0.0,0.0
2023-01-10 09:30:00-05:00,9.880000114440918,9.880000114440918,9.720100402832031,9.75,0,0.0,0.0,0.0
2023-01-10 10:30:00-05:00,9.780099868774414,9.780099868774414,9.780099868774414,9.780099868774414,203,0.0,0.0,0.0
2023-01-10 11:30:00-05:00,9.795000076293945,9.795000076293945,9.795000076293945,9.795000076293945,202,0.0,0.0,0.0
2023-01-10 12:30:00-05:00,9.788599967956543,9.788599967956543,9.788599967956543,9.788599967956543,219,0.0,0.0,0.0
2023-01-10 15:30:00-05:00,9.550000190734863,9.550000190734863,9.546699523925781,9.546699523925781,0,0.0,0.0,0.0
2023-01-11 09:30:00-05:00,9.300999641418457,9.385000228881836,9.300999641418457,9.38010025024414,7213,0.0,0.0,0.0
2023-01-11 11:30:00-05:00,9.399999618530273,9.399999618530273,9.369999885559082,9.369999885559082,605,0.0,0.0,0.0
2023-01-11 12:30:00-05:00,9.229999542236328,9.390000343322754,9.229999542236328,9.390000343322754,426,0.0,0.0,0.0
2023-01-11 13:30:00-05:00,9.3100004196167,9.331000328063965,9.300999641418457,9.331000328063965,615,0.0,0.0,0.0
2023-01-11 14:30:00-05:00,9.329999923706055,9.329999923706055,9.329999923706055,9.329999923706055,355,0.0,0.0,0.0
2023-01-11 15:30:00-05:00,9.359999656677246,9.359999656677246,9.295000076293945,9.295000076293945,301,0.0,0.0,0.0
2023-01-12 09:30:00-05:00,9.319999694824219,9.350000381469727,9.319999694824219,9.319999694824219,0,0.0,0.0,0.0
2023-01-12 10:30:00-05:00,9.28499984741211,9.28499984741211,9.27649974822998,9.27649974822998,639,0.0,0.0,0.0
2023-01-12 11:30:00-05:00,9.252400398254395,9.252400398254395,9.252400398254395,9.252400398254395,605,0.0,0.0,0.0
2023-01-12 12:30:00-05:00,9.189900398254395,9.210000038146973,9.119999885559082,9.210000038146973,8255,0.0,0.0,0.0
2023-01-12 13:30:00-05:00,9.22700023651123,9.22700023651123,9.22700023651123,9.22700023651123,387,0.0,0.0,0.0
2023-01-12 14:30:00-05:00,9.180000305175781,9.184200286865234,9.170000076293945,9.184200286865234,20168,0.0,0.0,0.0
2023-01-12 15:30:00-05:00,9.149999618530273,9.149999618530273,9.149999618530273,9.149999618530273,320,0.0,0.0,0.0
2023-01-13 09:30:00-05:00,9.121000289916992,9.144000053405762,9.121000289916992,9.13599967956543,0,0.0,0.0,0.0
2023-01-13 10:30:00-05:00,9.175000190734863,9.210000038146973,9.15999984741211,9.199999809265137,1586,0.0,0.0,0.0
2023-01-13 12:30:00-05:00,9.1899995803833,9.229999542236328,9.1899995803833,9.229900360107422,19294,0.0,0.0,0.0
2023-01-13 13:30:00-05:00,9.149999618530273,9.149999618530273,9.130000114440918,9.130000114440918,1380,0.0,0.0,0.0
2023-01-13 15:30:00-05:00,9.070099830627441,9.109999656677246,9.045000076293945,9.104999542236328,4717,0.0,0.0,0.0
2023-01-17 13:30:00-05:00,9.29990005493164,9.300000190734863,9.279999732971191,9.279999732971191,3133,0.0,0.0,0.0
2023-01-17 14:30:00-05:00,9.240099906921387,9.300000190734863,9.240099906921387,9.300000190734863,2416,0.0,0.0,0.0
2023-01-17 15:30:00-05:00,9.265000343322754,9.300000190734863,9.229999542236328,9.300000190734863,0,0.0,0.0,0.0
2023-01-18 09:30:00-05:00,9.0600004196167,9.096400260925293,9.0600004196167,9.09000015258789,2694,0.0,0.0,0.0
2023-01-18 10:30:00-05:00,9.085000038146973,9.085000038146973,9.085000038146973,9.085000038146973,114,0.0,0.0,0.0
2023-01-18 11:30:00-05:00,9.300000190734863,9.300000190734863,9.300000190734863,9.300000190734863,5235,0.0,0.0,0.0
2023-01-18 12:30:00-05:00,9.369999885559082,9.52649974822998,9.359999656677246,9.52649974822998,0,0.0,0.0,0.0
2023-01-19 09:30:00-05:00,9.619999885559082,9.699999809265137,9.619999885559082,9.67020034790039,11476,0.0,0.0,0.0
2023-01-19 10:30:00-05:00,9.670100212097168,9.829899787902832,9.670100212097168,9.829899787902832,5785,0.0,0.0,0.0
2023-01-19 11:30:00-05:00,9.774200439453125,9.774200439453125,9.729999542236328,9.75,23941,0.0,0.0,0.0
2023-01-19 12:30:00-05:00,9.729999542236328,9.729999542236328,9.729999542236328,9.729999542236328,184,0.0,0.0,0.0
2023-01-19 13:30:00-05:00,9.675000190734863,9.675000190734863,9.619999885559082,9.619999885559082,3636,0.0,0.0,0.0
2023-01-19 14:30:00-05:00,9.579999923706055,9.579999923706055,9.5600004196167,9.5600004196167,1163,0.0,0.0,0.0
2023-01-19 15:30:00-05:00,9.5600004196167,9.600000381469727,9.5600004196167,9.600000381469727,744,0.0,0.0,0.0
2023-01-20 09:30:00-05:00,9.739999771118164,9.739999771118164,9.524999618530273,9.524999618530273,0,0.0,0.0,0.0
2023-01-20 10:30:00-05:00,9.390999794006348,9.390999794006348,9.390999794006348,9.390999794006348,100,0.0,0.0,0.0
2023-01-20 11:30:00-05:00,9.449000358581543,9.449999809265137,9.449000358581543,9.449999809265137,1016,0.0,0.0,0.0
2023-01-20 12:30:00-05:00,9.45989990234375,9.45989990234375,9.45989990234375,9.45989990234375,326,0.0,0.0,0.0
2023-01-20 13:30:00-05:00,9.460000038146973,9.460000038146973,9.34000015258789,9.399999618530273,41475,0.0,0.0,0.0
2023-01-20 14:30:00-05:00,9.399999618530273,9.399999618530273,9.399999618530273,9.399999618530273,373,0.0,0.0,0.0
2023-01-20 15:30:00-05:00,9.449999809265137,9.649800300598145,9.449999809265137,9.649800300598145,200,0.0,0.0,0.0
2023-01-23 09:30:00-05:00,9.460000038146973,9.689900398254395,9.460000038146973,9.579999923706055,1630,0.0,0.0,0.0
2023-01-23 10:30:00-05:00,9.529999732971191,9.857999801635742,9.38010025024414,9.38010025024414,5373,0.0,0.0,0.0
2023-01-23 11:30:00-05:00,9.839900016784668,9.839900016784668,9.229999542236328,9.25,1417,0.0,0.0,0.0
2023-01-23 12:30:00-05:00,9.829400062561035,9.829400062561035,9.15999984741211,9.3100004196167,2496,0.0,0.0,0.0
2023-01-23 13:30:00-05:00,9.1899995803833,9.260000228881836,9.16100025177002,9.260000228881836,1640,0.0,0.0,0.0
2023-01-23 14:30:00-05:00,9.45989990234375,9.460000038146973,9.25,9.260000228881836,1448,0.0,0.0,0.0
2023-01-23 15:30:00-05:00,9.271599769592285,9.279999732971191,9.1899995803833,9.1899995803833,2152,0.0,0.0,0.0
2023-01-24 09:30:00-05:00,9.229999542236328,9.520000457763672,9.229999542236328,9.380000114440918,3016,0.0,0.0,0.0
2023-01-24 10:30:00-05:00,9.279999732971191,9.279999732971191,9.25,9.279999732971191,5413,0.0,0.0,0.0
2023-01-24 11:30:00-05:00,9.265000343322754,9.265000343322754,9.265000343322754,9.265000343322754,418,0.0,0.0,0.0
2023-01-24 12:30:00-05:00,9.234999656677246,9.234999656677246,9.199999809265137,9.199999809265137,496,0.0,0.0,0.0
2023-01-24 14:30:00-05:00,9.164999961853027,9.164999961853027,9.164999961853027,9.164999961853027,102,0.0,0.0,0.0
2023-01-24 15:30:00-05:00,9.175000190734863,9.199999809265137,9.130000114440918,9.130000114440918,0,0.0,0.0,0.0
2023-01-25 09:30:00-05:00,9.348799705505371,9.348799705505371,9.348799705505371,9.348799705505371,667,0.0,0.0,0.0
2023-01-25 10:30:00-05:00,9.3100004196167,9.36989974975586,9.3100004196167,9.36989974975586,2154,0.0,0.0,0.0
2023-01-25 12:30:00-05:00,9.210000038146973,9.210000038146973,9.210000038146973,9.210000038146973,165,0.0,0.0,0.0
2023-01-25 14:30:00-05:00,9.09000015258789,9.09000015258789,9.09000015258789,9.09000015258789,270,0.0,0.0,0.0
2023-01-25 15:30:00-05:00,9.100000381469727,9.105799674987793,9.100000381469727,9.105799674987793,0,0.0,0.0,0.0
2023-01-26 09:30:00-05:00,9.024999618530273,9.140000343322754,9.024999618530273,9.079999923706055,9493,0.0,0.0,0.0
2023-01-26 10:30:00-05:00,9.079999923706055,9.079999923706055,9.079999923706055,9.079999923706055,446,0.0,0.0,0.0
2023-01-26 14:30:00-05:00,8.949999809265137,8.949999809265137,8.949999809265137,8.949999809265137,694,0.0,0.0,0.0
2023-01-26 15:30:00-05:00,8.942000389099121,8.942000389099121,8.938400268554688,8.938400268554688,0,0.0,0.0,0.0
2023-01-27 09:30:00-05:00,8.9399995803833,8.9399995803833,8.851200103759766,8.890000343322754,542,0.0,0.0,0.0
2023-01-27 10:30:00-05:00,8.960000038146973,9.039999961853027,8.960000038146973,9.0,13520,0.0,0.0,0.0
2023-01-27 11:30:00-05:00,8.98900032043457,8.989999771118164,8.979999542236328,8.989999771118164,449,0.0,0.0,0.0
2023-01-27 12:30:00-05:00,8.949999809265137,8.970000267028809,8.949999809265137,8.970000267028809,1145,0.0,0.0,0.0
2023-01-27 14:30:00-05:00,8.930000305175781,8.930000305175781,8.930000305175781,8.930000305175781,179,0.0,0.0,0.0
2023-01-27 15:30:00-05:00,8.901800155639648,8.989999771118164,8.899999618530273,8.986000061035156,7441,0.0,0.0,0.0
2023-01-30 09:30:00-05:00,9.020000457763672,9.020000457763672,8.90999984741211,8.90999984741211,2330,0.0,0.0,0.0
2023-01-30 12:30:00-05:00,9.029999732971191,9.029999732971191,9.029999732971191,9.029999732971191,1028,0.0,0.0,0.0
2023-01-30 15:30:00-05:00,9.109999656677246,9.140000343322754,9.0600004196167,9.139599800109863,0,0.0,0.0,0.0
2023-01-31 09:30:00-05:00,9.029999732971191,9.029999732971191,9.029999732971191,9.029999732971191,301,0.0,0.0,0.0
2023-01-31 11:30:00-05:00,8.949999809265137,8.949999809265137,8.949999809265137,8.949999809265137,129,0.0,0.0,0.0
2023-01-31 13:30:00-05:00,8.880000114440918,8.880000114440918,8.880000114440918,8.880000114440918,153,0.0,0.0,0.0
2023-01-31 14:30:00-05:00,8.838000297546387,8.899999618530273,8.796699523925781,8.796699523925781,0,0.0,0.0,0.0
2023-02-01 09:30:00-05:00,8.789999961853027,8.789999961853027,8.789999961853027,8.789999961853027,203,0.0,0.0,0.0
2023-02-01 12:30:00-05:00,8.850000381469727,8.850000381469727,8.850000381469727,8.850000381469727,1211,0.0,0.0,0.0
2023-02-01 13:30:00-05:00,8.920000076293945,8.920000076293945,8.920000076293945,8.920000076293945,290,0.0,0.0,0.0
2023-02-01 14:30:00-05:00,8.789999961853027,8.789999961853027,8.5600004196167,8.5600004196167,2945,0.0,0.0,0.0
2023-02-01 15:30:00-05:00,8.562100410461426,8.630000114440918,8.5,8.619999885559082,864,0.0,0.0,0.0
2023-02-02 09:30:00-05:00,8.630000114440918,8.630000114440918,8.630000114440918,8.630000114440918,504,0.0,0.0,0.0
2023-02-02 10:30:00-05:00,8.729999542236328,8.772600173950195,8.729999542236328,8.763999938964844,1220,0.0,0.0,0.0
2023-02-02 11:30:00-05:00,8.736800193786621,8.779999732971191,8.710000038146973,8.710000038146973,1038,0.0,0.0,0.0
2023-02-02 12:30:00-05:00,8.75,8.75,8.75,8.75,263,0.0,0.0,0.0
2023-02-02 14:30:00-05:00,8.819999694824219,8.819999694824219,8.74590015411377,8.74590015411377,690,0.0,0.0,0.0
2023-02-03 09:30:00-05:00,8.887800216674805,8.90999984741211,8.819999694824219,8.819999694824219,0,0.0,0.0,0.0
2023-02-03 14:30:00-05:00,9.038999557495117,9.039999961853027,8.979999542236328,8.979999542236328,861,0.0,0.0,0.0
2023-02-03 15:30:00-05:00,8.960100173950195,9.0,8.960100173950195,8.989999771118164,830,0.0,0.0,0.0
2023-02-06 09:30:00-05:00,9.229999542236328,9.3100004196167,9.229999542236328,9.309900283813477,6320,0.0,0.0,0.0
2023-02-06 10:30:00-05:00,9.329899787902832,9.329899787902832,9.229999542236328,9.229999542236328,1541,0.0,0.0,0.0
2023-02-06 12:30:00-05:00,9.25,9.25,9.220100402832031,9.220100402832031,518,0.0,0.0,0.0
2023-02-07 09:30:00-05:00,9.3100004196167,9.3100004196167,9.130000114440918,9.130000114440918,805,0.0,0.0,0.0
2023-02-07 10:30:00-05:00,9.191200256347656,9.191200256347656,9.191200256347656,9.191200256347656,269,0.0,0.0,0.0
2023-02-07 11:30:00-05:00,9.1899995803833,9.1899995803833,9.140999794006348,9.15999984741211,380,0.0,0.0,0.0
2023-02-07 12:30:00-05:00,9.029999732971191,9.039999961853027,8.949999809265137,9.039999961853027,2413,0.0,0.0,0.0
2023-02-08 09:30:00-05:00,8.9399995803833,8.979999542236328,8.9399995803833,8.949000358581543,0,0.0,0.0,0.0
2023-02-08 10:30:00-05:00,9.0,9.0,9.0,9.0,541,0.0,0.0,0.0
2023-02-08 14:30:00-05:00,9.0600004196167,9.09000015258789,9.0600004196167,9.09000015258789,1520,0.0,0.0,0.0
2023-02-09 10:30:00-05:00,9.09000015258789,9.175000190734863,9.09000015258789,9.175000190734863,340,0.0,0.0,0.0
2023-02-09 12:30:00-05:00,9.199999809265137,9.199999809265137,9.199999809265137,9.199999809265137,1000,0.0,0.0,0.0
2023-02-09 13:30:00-05:00,9.291500091552734,9.319999694824219,9.291500091552734,9.319999694824219,537,0.0,0.0,0.0
2023-02-09 14:30:00-05:00,9.378999710083008,9.378999710083008,9.354999542236328,9.357500076293945,783,0.0,0.0,0.0
2023-02-10 09:30:00-05:00,9.539999961853027,9.548999786376953,9.399999618530273,9.399999618530273,3481,0.0,0.0,0.0
2023-02-10 10:30:00-05:00,9.468999862670898,9.468999862670898,9.410499572753906,9.410499572753906,608,0.0,0.0,0.0
2023-02-10 12:30:00-05:00,9.359999656677246,9.359999656677246,9.359999656677246,9.359999656677246,0,0.0,0.0,0.0
2023-02-10 14:30:00-05:00,9.36620044708252,9.36620044708252,9.36620044708252,9.36620044708252,5127,0.0,0.0,0.0
2023-02-10 15:30:00-05:00,9.309000015258789,9.3100004196167,9.270000457763672,9.3100004196167,876,0.0,0.0,0.0
2023-02-13 09:30:00-05:00,9.34000015258789,9.34000015258789,9.289999961853027,9.289999961853027,0,0.0,0.0,0.0
2023-02-13 11:30:00-05:00,9.300000190734863,9.300000190734863,9.211000442504883,9.211000442504883,9412,0.0,0.0,0.0
2023-02-13 15:30:00-05:00,9.258999824523926,9.260000228881836,9.249500274658203,9.249500274658203,1115,0.0,0.0,0.0
2023-02-14 09:30:00-05:00,9.270000457763672,9.270000457763672,9.149700164794922,9.149700164794922,0,0.0,0.0,0.0
2023-02-14 10:30:00-05:00,9.255000114440918,9.319999694824219,9.255000114440918,9.300100326538086,2683,0.0,0.0,0.0
2023-02-14 11:30:00-05:00,9.350000381469727,9.390000343322754,9.350000381469727,9.378700256347656,4390,0.0,0.0,0.0
2023-02-14 12:30:00-05:00,9.178999900817871,9.180000305175781,9.165399551391602,9.165399551391602,809,0.0,0.0,0.0
2023-02-14 13:30:00-05:00,9.170100212097168,9.170100212097168,9.170100212097168,9.170100212097168,107,0.0,0.0,0.0
2023-02-14 15:30:00-05:00,9.170000076293945,9.180000305175781,9.165300369262695,9.165300369262695,3470,0.0,0.0,0.0
2023-02-15 09:30:00-05:00,9.319999694824219,9.359999656677246,9.319999694824219,9.348299980163574,0,0.0,0.0,0.0
2023-02-15 11:30:00-05:00,9.300000190734863,9.300000190734863,9.300000190734863,9.300000190734863,200,0.0,0.0,0.0
2023-02-15 12:30:00-05:00,9.309300422668457,9.309300422668457,9.309300422668457,9.309300422668457,200,0.0,0.0,0.0
2023-02-15 15:30:00-05:00,9.239999771118164,9.239999771118164,9.140000343322754,9.140000343322754,2450,0.0,0.0,0.0
2023-02-16 09:30:00-05:00,9.40999984741211,9.479999542236328,9.274999618530273,9.274999618530273,1646,0.0,0.0,0.0
2023-02-16 10:30:00-05:00,9.196900367736816,9.196900367736816,9.196900367736816,9.196900367736816,160,0.0,0.0,0.0
2023-02-16 11:30:00-05:00,9.189900398254395,9.189900398254395,9.119999885559082,9.168999671936035,525,0.0,0.0,0.0
2023-02-16 12:30:00-05:00,9.159899711608887,9.159899711608887,9.159899711608887,9.159899711608887,110,0.0,0.0,0.0
2023-02-16 14:30:00-05:00,9.100000381469727,9.262800216674805,9.100000381469727,9.262800216674805,0,0.0,0.0,0.0
2023-02-17 09:30:00-05:00,9.4399995803833,9.539999961853027,9.4399995803833,9.499899864196777,4190,0.0,0.0,0.0
2023-02-17 13:30:00-05:00,9.550999641418457,9.579999923706055,9.539999961853027,9.559000015258789,809,0.0,0.0,0.0
2023-02-17 14:30:00-05:00,9.520000457763672,9.548999786376953,9.520000457763672,9.548999786376953,566,0.0,0.0,0.0
2023-02-17 15:30:00-05:00,9.53499984741211,9.550000190734863,9.470000267028809,9.470000267028809,4531,0.0,0.0,0.0
2023-02-21 09:30:00-05:00,9.576700210571289,9.619999885559082,9.520000457763672,9.619999885559082,4616,0.0,0.0,0.0
2023-02-21 11:30:00-05:00,9.649999618530273,9.670100212097168,9.649999618530273,9.670100212097168,307,0.0,0.0,0.0
2023-02-21 13:30:00-05:00,9.739999771118164,9.75,9.739999771118164,9.75,9546,0.0,0.0,0.0
2023-02-21 15:30:00-05:00,9.73270034790039,9.775099754333496,9.732500076293945,9.732500076293945,828,0.0,0.0,0.0
2023-02-22 09:30:00-05:00,9.8100004196167,9.8100004196167,9.6899995803833,9.6899995803833,0,0.0,0.0,0.0
2023-02-22 10:30:00-05:00,9.680000305175781,9.680000305175781,9.619999885559082,9.619999885559082,6654,0.0,0.0,0.0
2023-02-22 11:30:00-05:00,9.641599655151367,9.641599655151367,9.641599655151367,9.641599655151367,1487,0.0,0.0,0.0
2023-02-22 12:30:00-05:00,9.5600004196167,9.5600004196167,9.5600004196167,9.5600004196167,446,0.0,0.0,0.0
2023-02-22 13:30:00-05:00,9.579999923706055,9.579999923706055,9.579999923706055,9.579999923706055,160,0.0,0.0,0.0
2023-02-22 14:30:00-05:00,9.649999618530273,9.729999542236328,9.638899803161621,9.638899803161621,1158,0.0,0.0,0.0
2023-02-23 09:30:00-05:00,9.649999618530273,9.649999618530273,9.5,9.599300384521484,1032,0.0,0.0,0.0
2023-02-23 10:30:00-05:00,9.638999938964844,9.745200157165527,9.638999938964844,9.745200157165527,5831,0.0,0.0,0.0
2023-02-23 11:30:00-05:00,9.880000114440918,9.890000343322754,9.880000114440918,9.890000343322754,574,0.0,0.0,0.0
2023-02-23 12:30:00-05:00,9.800000190734863,9.869999885559082,9.800000190734863,9.829999923706055,11589,0.0,0.0,0.0
2023-02-23 13:30:00-05:00,9.810099601745605,9.84000015258789,9.699999809265137,9.699999809265137,26547,0.0,0.0,0.0
2023-02-23 14:30:00-05:00,9.6899995803833,9.720000267028809,9.65999984741211,9.65999984741211,1787,0.0,0.0,0.0
2023-02-23 15:30:00-05:00,9.640000343322754,9.850000381469727,9.640000343322754,9.6899995803833,1446,0.0,0.0,0.0
2023-02-24 09:30:00-05:00,9.920000076293945,10.029999732971191,9.920000076293945,10.029999732971191,2731,0.0,0.0,0.0
2023-02-24 10:30:00-05:00,9.930000305175781,9.930000305175781,9.869999885559082,9.869999885559082,635,0.0,0.0,0.0
2023-02-24 11:30:00-05:00,9.6899995803833,9.6899995803833,9.609999656677246,9.649999618530273,6109,0.0,0.0,0.0
2023-02-24 12:30:00-05:00,9.645000457763672,9.645000457763672,9.645000457763672,9.645000457763672,417,0.0,0.0,0.0
2023-02-24 13:30:00-05:00,9.600000381469727,9.628999710083008,9.600000381469727,9.628999710083008,2402,0.0,0.0,0.0
2023-02-24 14:30:00-05:00,9.630000114440918,9.630000114440918,9.5,9.5,3289,0.0,0.0,0.0
2023-02-24 15:30:00-05:00,9.520000457763672,9.59000015258789,9.520000457763672,9.579999923706055,759,0.0,0.0,0.0
2023-02-27 09:30:00-05:00,9.479999542236328,9.479999542236328,9.260000228881836,9.263699531555176,0,0.0,0.0,0.0
2023-02-27 10:30:00-05:00,9.298999786376953,9.347599983215332,9.298999786376953,9.300999641418457,636,0.0,0.0,0.0
2023-02-27 12:30:00-05:00,9.350000381469727,9.350000381469727,9.31029987335205,9.31029987335205,1027,0.0,0.0,0.0
2023-02-27 13:30:00-05:00,9.27810001373291,9.349900245666504,9.27810001373291,9.339900016784668,710,0.0,0.0,0.0
2023-02-27 14:30:00-05:00,9.331100463867188,9.358200073242188,9.331100463867188,9.358200073242188,238,0.0,0.0,0.0
2023-02-27 15:30:00-05:00,9.375,9.399999618530273,9.351400375366211,9.384499549865723,0,0.0,0.0,0.0
2023-02-28 09:30:00-05:00,9.361000061035156,9.361000061035156,9.254599571228027,9.279999732971191,6972,0.0,0.0,0.0
2023-02-28 10:30:00-05:00,9.279999732971191,9.279999732971191,9.210000038146973,9.219900131225586,5673,0.0,0.0,0.0
2023-02-28 11:30:00-05:00,9.234999656677246,9.234999656677246,9.210000038146973,9.220000267028809,4698,0.0,0.0,0.0
2023-02-28 12:30:00-05:00,9.180000305175781,9.199000358581543,9.130000114440918,9.130000114440918,2444,0.0,0.0,0.0
2023-02-28 13:30:00-05:00,9.18649959564209,9.199999809265137,9.164999961853027,9.199799537658691,1503,0.0,0.0,0.0
2023-02-28 14:30:00-05:00,9.1899995803833,9.210000038146973,9.1899995803833,9.210000038146973,3201,0.0,0.0,0.0
2023-02-28 15:30:00-05:00,9.239999771118164,9.359999656677246,9.15999984741211,9.289999961853027,21583,0.0,0.0,0.0
2023-03-01 09:30:00-05:00,9.140000343322754,9.140000343322754,8.989999771118164,9.050000190734863,0,0.0,0.0,0.0
2023-03-01 10:30:00-05:00,9.050000190734863,9.050000190734863,8.946399688720703,9.039999961853027,2329,0.0,0.0,0.0
2023-03-01 11:30:00-05:00,9.01990032196045,9.01990032196045,8.90999984741211,8.90999984741211,1983,0.0,0.0,0.0
2023-03-01 12:30:00-05:00,8.970000267028809,8.970000267028809,8.963500022888184,8.963500022888184,678,0.0,0.0,0.0
2023-03-01 13:30:00-05:00,9.010000228881836,9.010000228881836,9.010000228881836,9.010000228881836,115,0.0,0.0,0.0
2023-03-01 14:30:00-05:00,9.061100006103516,9.061100006103516,9.061100006103516,9.061100006103516,203,0.0,0.0,0.0
2023-03-01 15:30:00-05:00,9.050000190734863,9.109999656677246,9.050000190734863,9.109999656677246,9315,0.0,0.0,0.0
2023-03-02 09:30:00-05:00,9.166099548339844,9.166099548339844,9.114999771118164,9.114999771118164,0,0.0,0.0,0.0
2023-03-02 10:30:00-05:00,9.024200439453125,9.024200439453125,9.024200439453125,9.024200439453125,226,0.0,0.0,0.0
2023-03-02 12:30:00-05:00,9.010000228881836,9.010000228881836,8.98009967803955,8.98009967803955,1023,0.0,0.0,0.0
2023-03-02 13:30:00-05:00,8.979999542236328,8.979999542236328,8.979999542236328,8.979999542236328,206,0.0,0.0,0.0
2023-03-02 14:30:00-05:00,8.949999809265137,8.949999809265137,8.949999809265137,8.949999809265137,244,0.0,0.0,0.0
2023-03-02 15:30:00-05:00,8.850000381469727,9.0,8.819999694824219,9.0,28477,0.0,0.0,0.0
2023-03-03 09:30:00-05:00,8.829999923706055,8.859800338745117,8.800000190734863,8.800000190734863,0,0.0,0.0,0.0
2023-03-03 10:30:00-05:00,8.79990005493164,8.79990005493164,8.71500015258789,8.71500015258789,56992,0.0,0.0,0.0
2023-03-03 11:30:00-05:00,8.729900360107422,8.729900360107422,8.680000305175781,8.680000305175781,875,0.0,0.0,0.0
2023-03-03 12:30:00-05:00,8.708999633789062,8.708999633789062,8.63010025024414,8.654999732971191,18622,0.0,0.0,0.0
2023-03-03 13:30:00-05:00,8.680000305175781,8.680000305175781,8.655500411987305,8.680000305175781,1461,0.0,0.0,0.0
2023-03-03 14:30:00-05:00,8.65999984741211,8.65999984741211,8.59689998626709,8.605400085449219,2152,0.0,0.0,0.0
2023-03-03 15:30:00-05:00,8.628999710083008,8.859999656677246,8.600000381469727,8.636099815368652,32798,0.0,0.0,0.0
2023-03-06 09:30:00-05:00,8.649999618530273,8.770000457763672,8.649999618530273,8.710000038146973,0,0.0,0.0,0.0
2023-03-06 10:30:00-05:00,8.70199966430664,8.70199966430664,8.70199966430664,8.70199966430664,302,0.0,0.0,0.0
2023-03-06 11:30:00-05:00,8.85990047454834,8.85990047454834,8.819999694824219,8.829999923706055,3378,0.0,0.0,0.0
2023-03-06 12:30:00-05:00,8.831399917602539,8.84000015258789,8.829999923706055,8.829999923706055,1464,0.0,0.0,0.0
2023-03-06 13:30:00-05:00,8.859999656677246,8.930000305175781,8.850000381469727,8.90999984741211,5954,0.0,0.0,0.0
2023-03-06 14:30:00-05:00,8.919699668884277,8.930000305175781,8.880000114440918,8.890000343322754,7029,0.0,0.0,0.0
2023-03-06 15:30:00-05:00,8.90999984741211,8.90999984741211,8.819999694824219,8.859999656677246,64774,0.0,0.0,0.0
2023-03-07 09:30:00-05:00,9.037699699401855,9.140000343322754,8.979999542236328,9.140000343322754,0,0.0,0.0,0.0
2023-03-07 10:30:00-05:00,9.101900100708008,9.239999771118164,9.071000099182129,9.234999656677246,8693,0.0,0.0,0.0
2023-03-07 11:30:00-05:00,9.279999732971191,9.279999732971191,9.15999984741211,9.15999984741211,1675,0.0,0.0,0.0
2023-03-07 12:30:00-05:00,9.15999984741211,9.220000267028809,9.149999618530273,9.220000267028809,4251,0.0,0.0,0.0
2023-03-07 13:30:00-05:00,9.25100040435791,9.300000190734863,9.25100040435791,9.300000190734863,3620,0.0,0.0,0.0
2023-03-07 14:30:00-05:00,9.300000190734863,9.329099655151367,9.28499984741211,9.28499984741211,3896,0.0,0.0,0.0
2023-03-08 09:30:00-05:00,9.369999885559082,9.369999885559082,9.279999732971191,9.279999732971191,0,0.0,0.0,0.0
2023-03-08 10:30:00-05:00,9.260000228881836,9.260000228881836,9.260000228881836,9.260000228881836,500,0.0,0.0,0.0
2023-03-08 11:30:00-05:00,9.270000457763672,9.270000457763672,9.217900276184082,9.217900276184082,998,0.0,0.0,0.0
2023-03-08 15:30:00-05:00,9.239999771118164,9.25,9.239999771118164,9.25,243,0.0,0.0,0.0
2023-03-09 09:30:00-05:00,9.100000381469727,9.199999809265137,9.100000381469727,9.191399574279785,619,0.0,0.0,0.0
2023-03-09 10:30:00-05:00,9.280099868774414,9.34000015258789,9.280099868774414,9.34000015258789,666,0.0,0.0,0.0
2023-03-09 13:30:00-05:00,9.609999656677246,9.619999885559082,9.541000366210938,9.5600004196167,2544,0.0,0.0,0.0
2023-03-09 14:30:00-05:00,9.579999923706055,9.720000267028809,9.579999923706055,9.720000267028809,2792,0.0,0.0,0.0
2023-03-09 15:30:00-05:00,9.729999542236328,9.729999542236328,9.640000343322754,9.699700355529785,0,0.0,0.0,0.0
2023-03-10 09:30:00-05:00,9.84000015258789,9.890000343322754,9.729999542236328,9.770099639892578,5034,0.0,0.0,0.0
2023-03-10 10:30:00-05:00,9.819999694824219,9.819999694824219,9.79990005493164,9.79990005493164,2102,0.0,0.0,0.0
2023-03-10 11:30:00-05:00,9.960000038146973,10.015000343322754,9.960000038146973,10.015000343322754,979,0.0,0.0,0.0
2023-03-10 12:30:00-05:00,10.035799980163574,10.149999618530273,10.010100364685059,10.13010025024414,3221,0.0,0.0,0.0
2023-03-10 13:30:00-05:00,10.199000358581543,10.239999771118164,10.199000358581543,10.210100173950195,3584,0.0,0.0,0.0
2023-03-10 14:30:00-05:00,10.137299537658691,10.145000457763672,10.077199935913086,10.109999656677246,8625,0.0,0.0,0.0
2023-03-10 15:30:00-05:00,10.130000114440918,10.229999542236328,10.130000114440918,10.140999794006348,3430,0.0,0.0,0.0
2023-03-13 09:30:00-04:00,10.880000114440918,10.880000114440918,10.319999694824219,10.4399995803833,44595,0.0,0.0,0.0
2023-03-13 10:30:00-04:00,10.34000015258789,10.34000015258789,10.151000022888184,10.180000305175781,7772,0.0,0.0,0.0
2023-03-13 11:30:00-04:00,10.199999809265137,10.324999809265137,10.199999809265137,10.324999809265137,2479,0.0,0.0,0.0
2023-03-13 12:30:00-04:00,10.319999694824219,10.430000305175781,10.3149995803833,10.369999885559082,3547,0.0,0.0,0.0
2023-03-13 13:30:00-04:00,10.390000343322754,10.390000343322754,10.224200248718262,10.239999771118164,963,0.0,0.0,0.0
2023-03-13 14:30:00-04:00,10.199999809265137,10.409199714660645,10.199999809265137,10.409199714660645,832,0.0,0.0,0.0
2023-03-13 15:30:00-04:00,10.40999984741211,10.420000076293945,10.40999984741211,10.40999984741211,424,0.0,0.0,0.0
2023-03-14 09:30:00-04:00,10.069999694824219,10.069999694824219,9.859999656677246,9.949999809265137,2516,0.0,0.0,0.0
2023-03-14 10:30:00-04:00,10.0,10.0,9.868900299072266,9.868900299072266,1604,0.0,0.0,0.0
2023-03-14 12:30:00-04:00,10.039999961853027,10.225000381469727,10.039999961853027,10.225000381469727,1434,0.0,0.0,0.0
2023-03-14 13:30:00-04:00,10.199999809265137,10.199999809265137,10.199999809265137,10.199999809265137,6121,0.0,0.0,0.0
2023-03-14 14:30:00-04:00,10.329000473022461,10.34000015258789,10.329000473022461,10.34000015258789,900,0.0,0.0,0.0
2023-03-14 15:30:00-04:00,10.1899995803833,10.380000114440918,10.069999694824219,10.069999694824219,0,0.0,0.0,0.0
2023-03-15 10:30:00-04:00,10.869999885559082,10.919899940490723,10.831000328063965,10.880000114440918,4662,0.0,0.0,0.0
2023-03-15 11:30:00-04:00,11.0,11.170000076293945,10.999199867248535,11.14799976348877,5143,0.0,0.0,0.0
2023-03-15 12:30:00-04:00,11.139900207519531,11.139900207519531,11.015000343322754,11.015000343322754,4782,0.0,0.0,0.0
2023-03-15 13:30:00-04:00,11.0600004196167,11.0600004196167,10.899999618530273,10.899999618530273,3361,0.0,0.0,0.0
2023-03-15 14:30:00-04:00,10.935099601745605,10.960000038146973,10.899999618530273,10.899999618530273,3797,0.0,0.0,0.0
2023-03-15 15:30:00-04:00,10.930000305175781,11.008299827575684,10.90999984741211,10.90999984741211,0,0.0,0.0,0.0
2023-03-16 09:30:00-04:00,11.164999961853027,11.170000076293945,10.994999885559082,10.994999885559082,1641,0.0,0.0,0.0
2023-03-16 10:30:00-04:00,11.020000457763672,11.020000457763672,10.819999694824219,10.819999694824219,7894,0.0,0.0,0.0
2023-03-16 11:30:00-04:00,10.800000190734863,10.800000190734863,10.78499984741211,10.78499984741211,541,0.0,0.0,0.0
2023-03-16 12:30:00-04:00,10.669899940490723,10.669899940490723,10.618399620056152,10.618399620056152,211,0.0,0.0,0.0
2023-03-16 13:30:00-04:00,10.664199829101562,10.687000274658203,10.660099983215332,10.687000274658203,3700,0.0,0.0,0.0
2023-03-16 14:30:00-04:00,10.666799545288086,10.666799545288086,10.60099983215332,10.609999656677246,2225,0.0,0.0,0.0
2023-03-16 15:30:00-04:00,10.59000015258789,10.609399795532227,10.59000015258789,10.609399795532227,0,0.0,0.0,0.0
2023-03-17 09:30:00-04:00,10.640000343322754,10.889900207519531,10.640000343322754,10.889900207519531,725,0.0,0.0,0.0
2023-03-17 10:30:00-04:00,10.890000343322754,10.899999618530273,10.890000343322754,10.899999618530273,696,0.0,0.0,0.0
2023-03-17 11:30:00-04:00,10.920000076293945,10.920000076293945,10.850000381469727,10.850000381469727,4503,0.0,0.0,0.0
2023-03-17 12:30:00-04:00,10.829999923706055,10.829999923706055,10.769700050354004,10.769700050354004,847,0.0,0.0,0.0
2023-03-17 13:30:00-04:00,10.859999656677246,10.864700317382812,10.829999923706055,10.864700317382812,822,0.0,0.0,0.0
2023-03-17 14:30:00-04:00,10.859999656677246,10.90999984741211,10.835000038146973,10.835000038146973,6621,0.0,0.0,0.0
2023-03-17 15:30:00-04:00,10.880000114440918,10.979999542236328,10.879799842834473,10.970000267028809,1702,0.0,0.0,0.0
2023-03-20 09:30:00-04:00,10.920000076293945,10.920000076293945,10.539999961853027,10.59000015258789,5267,0.0,0.0,0.0
2023-03-20 10:30:00-04:00,10.5600004196167,10.609999656677246,10.50100040435791,10.609999656677246,5647,0.0,0.0,0.0
2023-03-20 11:30:00-04:00,10.569999694824219,10.659000396728516,10.569999694824219,10.659000396728516,3700,0.0,0.0,0.0
2023-03-20 12:30:00-04:00,10.597299575805664,10.597299575805664,10.489999771118164,10.539999961853027,3412,0.0,0.0,0.0
2023-03-20 13:30:00-04:00,10.520000457763672,10.520000457763672,10.520000457763672,10.520000457763672,315,0.0,0.0,0.0
2023-03-20 14:30:00-04:00,10.55150032043457,10.58899974822998,10.520000457763672,10.58899974822998,2006,0.0,0.0,0.0
2023-03-20 15:30:00-04:00,10.58899974822998,10.58899974822998,10.399999618530273,10.520000457763672,6945,0.0,0.0,0.0
2023-03-21 09:30:00-04:00,10.399999618530273,10.399999618530273,10.140000343322754,10.300000190734863,0,0.0,0.0,0.0
2023-03-21 10:30:00-04:00,10.319999694824219,10.319999694824219,10.319999694824219,10.319999694824219,170,0.0,0.0,0.0
2023-03-21 14:30:00-04:00,10.295000076293945,10.295000076293945,10.289999961853027,10.289999961853027,324,0.0,0.0,0.0
2023-03-21 15:30:00-04:00,10.182000160217285,10.260000228881836,10.180000305175781,10.260000228881836,1458,0.0,0.0,0.0
2023-03-22 09:30:00-04:00,10.109999656677246,10.149999618530273,10.109999656677246,10.149999618530273,0,0.0,0.0,0.0
2023-03-22 10:30:00-04:00,10.194999694824219,10.20199966430664,10.160699844360352,10.160699844360352,2776,0.0,0.0,0.0
2023-03-22 11:30:00-04:00,10.229999542236328,10.255000114440918,10.229999542236328,10.255000114440918,678,0.0,0.0,0.0
2023-03-22 12:30:00-04:00,10.229999542236328,10.229999542236328,10.229999542236328,10.229999542236328,300,0.0,0.0,0.0
2023-03-22 13:30:00-04:00,10.25,10.25,10.079999923706055,10.227499961853027,2450,0.0,0.0,0.0
2023-03-22 14:30:00-04:00,10.071200370788574,10.550200462341309,10.071200370788574,10.404999732971191,2283,0.0,0.0,0.0
2023-03-22 15:30:00-04:00,10.510000228881836,10.510000228881836,10.479999542236328,10.479999542236328,300,0.0,0.0,0.0
2023-03-23 09:30:00-04:00,10.40999984741211,10.449999809265137,10.300000190734863,10.300000190734863,0,0.0,0.0,0.0
2023-03-23 11:30:00-04:00,10.211000442504883,10.211000442504883,10.210000038146973,10.210000038146973,1615,0.0,0.0,0.0
2023-03-23 12:30:00-04:00,10.399999618530273,10.399999618530273,10.390000343322754,10.390000343322754,625,0.0,0.0,0.0
2023-03-23 14:30:00-04:00,10.648699760437012,10.648699760437012,10.648699760437012,10.648699760437012,171,0.0,0.0,0.0
2023-03-23 15:30:00-04:00,10.656499862670898,10.656499862670898,10.449999809265137,10.569999694824219,0,0.0,0.0,0.0
2023-03-24 09:30:00-04:00,10.800000190734863,10.800000190734863,10.65999984741211,10.65999984741211,9331,0.0,0.0,0.0
2023-03-24 10:30:00-04:00,10.609999656677246,10.710000038146973,10.609999656677246,10.710000038146973,809,0.0,0.0,0.0
2023-03-24 11:30:00-04:00,10.585000038146973,10.585000038146973,10.489999771118164,10.53499984741211,489,0.0,0.0,0.0
2023-03-24 12:30:00-04:00,10.475000381469727,10.475000381469727,10.449999809265137,10.449999809265137,280,0.0,0.0,0.0
2023-03-24 13:30:00-04:00,10.529000282287598,10.529000282287598,10.430000305175781,10.430000305175781,451,0.0,0.0,0.0
2023-03-24 14:30:00-04:00,10.399999618530273,10.430000305175781,10.399900436401367,10.399900436401367,498,0.0,0.0,0.0
2023-03-24 15:30:00-04:00,10.350000381469727,10.380000114440918,10.329999923706055,10.380000114440918,1396,0.0,0.0,0.0
2023-03-27 09:30:00-04:00,10.399999618530273,10.399999618530273,10.170000076293945,10.25,0,0.0,0.0,0.0
2023-03-27 10:30:00-04:00,10.3100004196167,10.359999656677246,10.3100004196167,10.359999656677246,785,0.0,0.0,0.0
2023-03-27 11:30:00-04:00,10.194999694824219,10.194999694824219,10.194999694824219,10.194999694824219,2062,0.0,0.0,0.0
2023-03-27 12:30:00-04:00,10.15999984741211,10.180000305175781,10.15999984741211,10.15999984741211,439,0.0,0.0,0.0
2023-03-27 13:30:00-04:00,10.119999885559082,10.119999885559082,10.119999885559082,10.119999885559082,647,0.0,0.0,0.0
2023-03-27 14:30:00-04:00,10.100000381469727,10.199899673461914,10.100000381469727,10.172599792480469,5363,0.0,0.0,0.0
2023-03-27 15:30:00-04:00,10.1899995803833,10.289999961853027,10.1899995803833,10.289999961853027,0,0.0,0.0,0.0
2023-03-28 09:30:00-04:00,10.25,10.25,10.150099754333496,10.20989990234375,8780,0.0,0.0,0.0
2023-03-28 10:30:00-04:00,10.199999809265137,10.208999633789062,10.154500007629395,10.199999809265137,1991,0.0,0.0,0.0
2023-03-28 11:30:00-04:00,10.19890022277832,10.19890022277832,10.130000114440918,10.130000114440918,3248,0.0,0.0,0.0
2023-03-28 12:30:00-04:00,10.175000190734863,10.175000190734863,10.175000190734863,10.175000190734863,303,0.0,0.0,0.0
2023-03-28 13:30:00-04:00,10.23900032043457,10.23900032043457,10.23900032043457,10.23900032043457,395,0.0,0.0,0.0
2023-03-28 14:30:00-04:00,10.213800430297852,10.259699821472168,10.199600219726562,10.249899864196777,7581,0.0,0.0,0.0
2023-03-28 15:30:00-04:00,10.220000267028809,10.229999542236328,10.180000305175781,10.180000305175781,0,0.0,0.0,0.0
2023-03-29 09:30:00-04:00,10.0,10.0,9.869999885559082,9.979999542236328,2893,0.0,0.0,0.0
2023-03-29 10:30:00-04:00,9.880000114440918,9.880000114440918,9.880000114440918,9.880000114440918,213,0.0,0.0,0.0
2023-03-29 11:30:00-04:00,9.90999984741211,9.944999694824219,9.90999984741211,9.944999694824219,681,0.0,0.0,0.0
2023-03-29 13:30:00-04:00,9.979000091552734,9.979000091552734,9.979000091552734,9.979000091552734,131,0.0,0.0,0.0
2023-03-29 14:30:00-04:00,9.969599723815918,9.970000267028809,9.890000343322754,9.890000343322754,4308,0.0,0.0,0.0
2023-03-29 15:30:00-04:00,9.899999618530273,10.039999961853027,9.899999618530273,9.929900169372559,0,0.0,0.0,0.0
2023-03-30 09:30:00-04:00,9.850000381469727,9.850000381469727,9.670000076293945,9.73009967803955,4077,0.0,0.0,0.0
2023-03-30 10:30:00-04:00,9.680100440979004,9.757399559020996,9.680100440979004,9.743800163269043,1825,0.0,0.0,0.0
2023-03-30 11:30:00-04:00,9.774800300598145,9.789999961853027,9.774800300598145,9.789999961853027,1371,0.0,0.0,0.0
2023-03-30 12:30:00-04:00,9.790599822998047,9.829999923706055,9.790599822998047,9.829999923706055,2270,0.0,0.0,0.0
2023-03-30 13:30:00-04:00,9.77649974822998,9.791999816894531,9.77649974822998,9.791999816894531,723,0.0,0.0,0.0
2023-03-30 15:30:00-04:00,9.809000015258789,9.899999618530273,9.75,9.754199981689453,32801,0.0,0.0,0.0
2023-03-31 09:30:00-04:00,9.65999984741211,9.710000038146973,9.640000343322754,9.710000038146973,0,0.0,0.0,0.0
2023-03-31 10:30:00-04:00,9.645000457763672,9.645000457763672,9.600000381469727,9.600000381469727,1040,0.0,0.0,0.0
2023-03-31 11:30:00-04:00,9.542499542236328,9.542499542236328,9.542499542236328,9.542499542236328,666,0.0,0.0,0.0
2023-03-31 14:30:00-04:00,9.529999732971191,9.529999732971191,9.4399995803833,9.49899959564209,5777,0.0,0.0,0.0
2023-03-31 15:30:00-04:00,9.470000267028809,9.649999618530273,9.460000038146973,9.460200309753418,25086,0.0,0.0,0.0
2023-04-03 09:30:00-04:00,9.300100326538086,9.444999694824219,9.300000190734863,9.319999694824219,0,0.0,0.0,0.0
2023-04-03 10:30:00-04:00,9.279999732971191,9.454999923706055,9.270000457763672,9.4350004196167,2352,0.0,0.0,0.0
2023-04-03 14:30:00-04:00,9.353099822998047,9.380000114440918,9.353099822998047,9.380000114440918,2492,0.0,0.0,0.0
2023-04-03 15:30:00-04:00,9.329999923706055,9.430000305175781,9.319999694824219,9.319999694824219,12846,0.0,0.0,0.0
2023-04-04 09:30:00-04:00,9.420000076293945,9.529999732971191,9.399999618530273,9.399999618530273,3451,0.0,0.0,0.0
2023-04-04 10:30:00-04:00,9.609999656677246,9.619999885559082,9.609999656677246,9.619999885559082,500,0.0,0.0,0.0
2023-04-04 11:30:00-04:00,9.619999885559082,9.647299766540527,9.619999885559082,9.638099670410156,834,0.0,0.0,0.0
2023-04-04 12:30:00-04:00,9.59000015258789,9.59000015258789,9.550000190734863,9.550000190734863,4996,0.0,0.0,0.0
2023-04-04 13:30:00-04:00,9.550600051879883,9.619999885559082,9.550600051879883,9.619999885559082,334,0.0,0.0,0.0
2023-04-04 15:30:00-04:00,9.649999618530273,9.649999618530273,9.5,9.529999732971191,91909,0.0,0.0,0.0
2023-04-05 09:30:00-04:00,9.710000038146973,9.710000038146973,9.600000381469727,9.649999618530273,0,0.0,0.0,0.0
2023-04-05 10:30:00-04:00,9.680000305175781,9.76990032196045,9.680000305175781,9.741299629211426,1928,0.0,0.0,0.0
2023-04-05 11:30:00-04:00,9.729999542236328,9.73009967803955,9.701000213623047,9.701000213623047,876,0.0,0.0,0.0
2023-04-05 12:30:00-04:00,9.8100004196167,9.8100004196167,9.750100135803223,9.779999732971191,0,0.0,0.0,0.0
2023-04-05 13:30:00-04:00,9.779999732971191,9.779999732971191,9.710000038146973,9.710000038146973,9402,0.0,0.0,0.0
2023-04-05 14:30:00-04:00,9.754500389099121,9.754500389099121,9.690999984741211,9.690999984741211,462,0.0,0.0,0.0
2023-04-05 15:30:00-04:00,9.6899995803833,9.732000350952148,9.630000114440918,9.639599800109863,5560,0.0,0.0,0.0
2023-04-06 09:30:00-04:00,9.829999923706055,9.829999923706055,9.770000457763672,9.770000457763672,0,0.0,0.0,0.0
2023-04-06 10:30:00-04:00,9.720100402832031,9.802599906921387,9.720100402832031,9.802599906921387,6344,0.0,0.0,0.0
2023-04-06 11:30:00-04:00,9.793499946594238,9.8100004196167,9.720000267028809,9.760000228881836,2025,0.0,0.0,0.0
2023-04-06 12:30:00-04:00,9.6899995803833,9.729999542236328,9.6899995803833,9.729999542236328,210,0.0,0.0,0.0
2023-04-06 13:30:00-04:00,9.701199531555176,9.701199531555176,9.701199531555176,9.701199531555176,1315,0.0,0.0,0.0
2023-04-10 09:30:00-04:00,9.630000114440918,9.6899995803833,9.630000114440918,9.6899995803833,0,0.0,0.0,0.0
2023-04-10 10:30:00-04:00,9.631999969482422,9.649999618530273,9.631999969482422,9.649999618530273,305,0.0,0.0,0.0
2023-04-10 11:30:00-04:00,9.6850004196167,9.774999618530273,9.6850004196167,9.739999771118164,7185,0.0,0.0,0.0
2023-04-10 12:30:00-04:00,9.756400108337402,9.756400108337402,9.66100025177002,9.66100025177002,9251,0.0,0.0,0.0
2023-04-10 13:30:00-04:00,9.694999694824219,9.694999694824219,9.694999694824219,9.694999694824219,948,0.0,0.0,0.0
2023-04-10 15:30:00-04:00,9.624899864196777,9.633199691772461,9.600000381469727,9.614800453186035,5232,0.0,0.0,0.0
2023-04-11 09:30:00-04:00,9.545000076293945,9.545000076293945,9.494999885559082,9.494999885559082,0,0.0,0.0,0.0
2023-04-11 10:30:00-04:00,9.479900360107422,9.479900360107422,9.418700218200684,9.418700218200684,767,0.0,0.0,0.0
2023-04-11 11:30:00-04:00,9.404999732971191,9.40999984741211,9.369999885559082,9.369999885559082,624,0.0,0.0,0.0
2023-04-11 13:30:00-04:00,9.38010025024414,9.389800071716309,9.350299835205078,9.359999656677246,8935,0.0,0.0,0.0
2023-04-11 14:30:00-04:00,9.40999984741211,9.40999984741211,9.350000381469727,9.350000381469727,1191,0.0,0.0,0.0
2023-04-11 15:30:00-04:00,9.430000305175781,9.489999771118164,9.430000305175781,9.489999771118164,464,0.0,0.0,0.0
2023-04-12 09:30:00-04:00,9.390000343322754,9.420000076293945,9.36989974975586,9.36989974975586,0,0.0,0.0,0.0
2023-04-12 10:30:00-04:00,9.371000289916992,9.371000289916992,9.371000289916992,9.371000289916992,390,0.0,0.0,0.0
2023-04-12 12:30:00-04:00,9.399999618530273,9.399999618530273,9.395000457763672,9.399999618530273,375,0.0,0.0,0.0
2023-04-12 14:30:00-04:00,9.379599571228027,9.430000305175781,9.379599571228027,9.430000305175781,931,0.0,0.0,0.0
2023-04-12 15:30:00-04:00,9.454999923706055,9.454999923706055,9.444999694824219,9.444999694824219,111,0.0,0.0,0.0
2023-04-13 09:30:00-04:00,9.449999809265137,9.479999542236328,9.449999809265137,9.479999542236328,0,0.0,0.0,0.0
2023-04-13 10:30:00-04:00,9.4399995803833,9.460000038146973,9.4399995803833,9.460000038146973,269,0.0,0.0,0.0
2023-04-13 11:30:00-04:00,9.310799598693848,9.310799598693848,9.310799598693848,9.310799598693848,268,0.0,0.0,0.0
2023-04-13 12:30:00-04:00,9.26099967956543,9.289999961853027,9.260000228881836,9.260000228881836,15241,0.0,0.0,0.0
2023-04-13 14:30:00-04:00,9.229999542236328,9.239999771118164,9.210000038146973,9.239999771118164,2077,0.0,0.0,0.0
2023-04-13 15:30:00-04:00,9.25,9.25,9.25,9.25,0,0.0,0.0,0.0
2023-04-14 09:30:00-04:00,9.260000228881836,9.274999618530273,9.260000228881836,9.274999618530273,627,0.0,0.0,0.0
2023-04-14 10:30:00-04:00,9.300000190734863,9.300000190734863,9.289999961853027,9.294400215148926,415,0.0,0.0,0.0
2023-04-14 12:30:00-04:00,9.420000076293945,9.420000076293945,9.38010025024414,9.390000343322754,10308,0.0,0.0,0.0
2023-04-14 13:30:00-04:00,9.489999771118164,9.489999771118164,9.479999542236328,9.489999771118164,883,0.0,0.0,0.0
2023-04-14 15:30:00-04:00,9.40999984741211,9.40999984741211,9.404000282287598,9.404000282287598,1200,0.0,0.0,0.0
2023-04-17 09:30:00-04:00,9.324999809265137,9.324999809265137,9.324999809265137,9.324999809265137,578,0.0,0.0,0.0
2023-04-17 12:30:00-04:00,9.341099739074707,9.341099739074707,9.341099739074707,9.341099739074707,327,0.0,0.0,0.0
2023-04-17 15:30:00-04:00,9.3100004196167,9.310999870300293,9.28499984741211,9.300000190734863,1116,0.0,0.0,0.0
2023-04-18 09:30:00-04:00,9.180000305175781,9.220000267028809,9.15999984741211,9.210000038146973,0,0.0,0.0,0.0
2023-04-18 10:30:00-04:00,9.229000091552734,9.229000091552734,9.229000091552734,9.229000091552734,810,0.0,0.0,0.0
2023-04-18 12:30:00-04:00,9.265000343322754,9.265000343322754,9.2298002243042,9.2298002243042,0,0.0,0.0,0.0
2023-04-19 12:30:00-04:00,9.279999732971191,9.281499862670898,9.279999732971191,9.281499862670898,832,0.0,0.0,0.0
2023-04-19 14:30:00-04:00,9.270000457763672,9.29990005493164,9.270000457763672,9.29990005493164,3822,0.0,0.0,0.0
2023-04-19 15:30:00-04:00,9.270000457763672,9.300000190734863,9.25,9.25,5030,0.0,0.0,0.0
2023-04-20 09:30:00-04:00,9.385000228881836,9.399499893188477,9.35099983215332,9.399499893188477,0,0.0,0.0,0.0
2023-04-20 15:30:00-04:00,9.390000343322754,9.390000343322754,9.30150032043457,9.30150032043457,472,0.0,0.0,0.0
2023-04-21 09:30:00-04:00,9.429699897766113,9.479900360107422,9.40999984741211,9.479900360107422,0,0.0,0.0,0.0
2023-04-21 10:30:00-04:00,9.503299713134766,9.503299713134766,9.503299713134766,9.503299713134766,2503,0.0,0.0,0.0
2023-04-21 11:30:00-04:00,9.529899597167969,9.5600004196167,9.529899597167969,9.529999732971191,0,0.0,0.0,0.0
2023-04-21 13:30:00-04:00,9.529999732971191,9.529999732971191,9.510000228881836,9.510000228881836,7672,0.0,0.0,0.0
2023-04-21 14:30:00-04:00,9.5,9.5,9.5,9.5,812,0.0,0.0,0.0
2023-04-21 15:30:00-04:00,9.510100364685059,9.510100364685059,9.469200134277344,9.469200134277344,0,0.0,0.0,0.0
2023-04-24 10:30:00-04:00,9.401000022888184,9.401000022888184,9.401000022888184,9.401000022888184,0,0.0,0.0,0.0
2023-04-24 15:30:00-04:00,9.399999618530273,9.399999618530273,9.339500427246094,9.339500427246094,475,0.0,0.0,0.0
2023-04-25 09:30:00-04:00,9.600000381469727,9.600000381469727,9.600000381469727,9.600000381469727,727,0.0,0.0,0.0
2023-04-25 10:30:00-04:00,9.664999961853027,9.669899940490723,9.590100288391113,9.618000030517578,1643,0.0,0.0,0.0
2023-04-25 11:30:00-04:00,9.649999618530273,9.675000190734863,9.649999618530273,9.675000190734863,299,0.0,0.0,0.0
2023-04-25 12:30:00-04:00,9.609999656677246,9.609999656677246,9.609999656677246,9.609999656677246,776,0.0,0.0,0.0
2023-04-25 13:30:00-04:00,9.694999694824219,9.710000038146973,9.694999694824219,9.710000038146973,1387,0.0,0.0,0.0
2023-04-25 14:30:00-04:00,9.734999656677246,9.734999656677246,9.699999809265137,9.699999809265137,305,0.0,0.0,0.0
2023-04-25 15:30:00-04:00,9.723999977111816,9.789999961853027,9.720000267028809,9.780799865722656,1860,0.0,0.0,0.0
2023-04-26 09:30:00-04:00,9.899999618530273,9.899999618530273,9.859999656677246,9.869999885559082,0,0.0,0.0,0.0
2023-04-26 10:30:00-04:00,9.859999656677246,9.880000114440918,9.8100004196167,9.8100004196167,1647,0.0,0.0,0.0
2023-04-26 12:30:00-04:00,9.899999618530273,9.899999618530273,9.880000114440918,9.880000114440918,1665,0.0,0.0,0.0
2023-04-26 14:30:00-04:00,10.0,10.050000190734863,10.0,10.050000190734863,519,0.0,0.0,0.0
2023-04-26 15:30:00-04:00,10.005000114440918,10.005000114440918,9.9399995803833,9.9399995803833,0,0.0,0.0,0.0
2023-04-27 09:30:00-04:00,9.908599853515625,9.908599853515625,9.908599853515625,9.908599853515625,0,0.0,0.0,0.0
2023-04-27 10:30:00-04:00,9.920100212097168,10.015000343322754,9.920100212097168,10.015000343322754,5542,0.0,0.0,0.0
2023-04-27 14:30:00-04:00,9.790300369262695,9.808199882507324,9.710599899291992,9.725799560546875,0,0.0,0.0,0.0
2023-04-28 10:30:00-04:00,9.581000328063965,9.581000328063965,9.579999923706055,9.579999923706055,1450,0.0,0.0,0.0
2023-04-28 11:30:00-04:00,9.505000114440918,9.510000228881836,9.505000114440918,9.510000228881836,1618,0.0,0.0,0.0
2023-04-28 12:30:00-04:00,9.470000267028809,9.489999771118164,9.470000267028809,9.489999771118164,0,0.0,0.0,0.0
2023-04-28 13:30:00-04:00,9.5,9.520000457763672,9.5,9.520000457763672,4006,0.0,0.0,0.0
2023-04-28 14:30:00-04:00,9.5600004196167,9.5600004196167,9.524999618530273,9.524999618530273,202,0.0,0.0,0.0
2023-05-01 09:30:00-04:00,9.449999809265137,9.463500022888184,9.369999885559082,9.463500022888184,0,0.0,0.0,0.0
2023-05-01 10:30:00-04:00,9.4399995803833,9.470000267028809,9.40999984741211,9.40999984741211,988,0.0,0.0,0.0
2023-05-01 14:30:00-04:00,9.529999732971191,9.529999732971191,9.479999542236328,9.479999542236328,0,0.0,0.0,0.0
2023-05-01 15:30:00-04:00,9.510000228881836,9.539999961853027,9.510000228881836,9.535400390625,6854,0.0,0.0,0.0
2023-05-02 09:30:00-04:00,9.779899597167969,9.90999984741211,9.779899597167969,9.850000381469727,0,0.0,0.0,0.0
2023-05-02 10:30:00-04:00,9.899999618530273,9.989999771118164,9.899999618530273,9.989999771118164,7634,0.0,0.0,0.0
2023-05-02 11:30:00-04:00,9.984700202941895,9.984700202941895,9.829999923706055,9.90410041809082,4656,0.0,0.0,0.0
2023-05-02 12:30:00-04:00,9.800100326538086,9.800100326538086,9.800100326538086,9.800100326538086,722,0.0,0.0,0.0
2023-05-02 13:30:00-04:00,9.770999908447266,9.770999908447266,9.770000457763672,9.770000457763672,1141,0.0,0.0,0.0
2023-05-02 14:30:00-04:00,9.740900039672852,9.740900039672852,9.740900039672852,9.740900039672852,0,0.0,0.0,0.0
2023-05-02 15:30:00-04:00,9.710000038146973,9.729999542236328,9.710000038146973,9.729999542236328,18453,0.0,0.0,0.0
2023-05-03 09:30:00-04:00,9.649999618530273,9.649999618530273,9.569999694824219,9.569999694824219,0,0.0,0.0,0.0
2023-05-03 11:30:00-04:00,9.6899995803833,9.6899995803833,9.6899995803833,9.6899995803833,473,0.0,0.0,0.0
2023-05-03 14:30:00-04:00,9.640000343322754,9.640000343322754,9.640000343322754,9.640000343322754,269,0.0,0.0,0.0
2023-05-03 15:30:00-04:00,9.888799667358398,9.949999809265137,9.869999885559082,9.9399995803833,2015,0.0,0.0,0.0
2023-05-04 09:30:00-04:00,9.979999542236328,10.0600004196167,9.90999984741211,10.029999732971191,0,0.0,0.0,0.0
2023-05-04 10:30:00-04:00,10.050000190734863,10.050000190734863,10.024499893188477,10.024499893188477,412,0.0,0.0,0.0
2023-05-04 11:30:00-04:00,10.057499885559082,10.079999923706055,10.050000190734863,10.050000190734863,1833,0.0,0.0,0.0
2023-05-04 13:30:00-04:00,10.015000343322754,10.015000343322754,10.015000343322754,10.015000343322754,200,0.0,0.0,0.0
2023-05-04 14:30:00-04:00,10.050000190734863,10.050000190734863,10.050000190734863,10.050000190734863,185,0.0,0.0,0.0
2023-05-04 15:30:00-04:00,10.069999694824219,10.100000381469727,10.069999694824219,10.09000015258789,2050,0.0,0.0,0.0
2023-05-05 09:30:00-04:00,9.8100004196167,9.839900016784668,9.779999732971191,9.779999732971191,0,0.0,0.0,0.0
2023-05-05 12:30:00-04:00,9.774999618530273,9.774999618530273,9.774999618530273,9.774999618530273,1332,0.0,0.0,0.0
2023-05-05 14:30:00-04:00,9.649999618530273,9.650799751281738,9.640000343322754,9.650099754333496,1302,0.0,0.0,0.0
2023-05-05 15:30:00-04:00,9.670000076293945,9.72700023651123,9.670000076293945,9.72700023651123,0,0.0,0.0,0.0
2023-05-08 09:30:00-04:00,9.630000114440918,9.630000114440918,9.630000114440918,9.630000114440918,0,0.0,0.0,0.0
2023-05-08 11:30:00-04:00,9.749899864196777,9.75,9.749899864196777,9.75,0,0.0,0.0,0.0
2023-05-08 15:30:00-04:00,9.78499984741211,9.78499984741211,9.770000457763672,9.78499984741211,3134,0.0,0.0,0.0
2023-05-09 09:30:00-04:00,10.026599884033203,10.026599884033203,10.026599884033203,10.026599884033203,610,0.0,0.0,0.0
2023-05-09 10:30:00-04:00,9.994999885559082,9.994999885559082,9.994999885559082,9.994999885559082,0,0.0,0.0,0.0
2023-05-09 15:30:00-04:00,9.979900360107422,9.979900360107422,9.979900360107422,9.979900360107422,1800,0.0,0.0,0.0
2023-05-10 09:30:00-04:00,9.979999542236328,9.979999542236328,9.979999542236328,9.979999542236328,0,0.0,0.0,0.0
2023-05-10 10:30:00-04:00,10.069999694824219,10.069999694824219,10.069999694824219,10.069999694824219,2233,0.0,0.0,0.0
2023-05-10 11:30:00-04:00,10.130000114440918,10.130000114440918,10.130000114440918,10.130000114440918,725,0.0,0.0,0.0
2023-05-10 13:30:00-04:00,10.140000343322754,10.140000343322754,10.080100059509277,10.080100059509277,1412,0.0,0.0,0.0
2023-05-10 14:30:00-04:00,10.039999961853027,10.039999961853027,9.955300331115723,9.955300331115723,0,0.0,0.0,0.0
2023-05-11 09:30:00-04:00,10.100000381469727,10.229999542236328,10.100000381469727,10.229999542236328,2295,0.0,0.0,0.0
2023-05-11 10:30:00-04:00,10.170000076293945,10.170000076293945,10.149999618530273,10.15999984741211,3302,0.0,0.0,0.0
2023-05-11 11:30:00-04:00,10.259900093078613,10.259900093078613,10.199999809265137,10.199999809265137,1200,0.0,0.0,0.0
2023-05-11 12:30:00-04:00,10.170100212097168,10.219900131225586,10.170000076293945,10.219900131225586,1631,0.0,0.0,0.0
2023-05-11 13:30:00-04:00,10.210000038146973,10.210000038146973,10.210000038146973,10.210000038146973,1000,0.0,0.0,0.0
2023-05-11 14:30:00-04:00,10.130000114440918,10.210000038146973,10.130000114440918,10.140199661254883,5450,0.0,0.0,0.0
2023-05-11 15:30:00-04:00,10.199999809265137,10.199999809265137,10.112199783325195,10.170000076293945,0,0.0,0.0,0.0
2023-05-12 09:30:00-04:00,10.15999984741211,10.15999984741211,10.079299926757812,10.079299926757812,2496,0.0,0.0,0.0
2023-05-12 12:30:00-04:00,10.220000267028809,10.239999771118164,10.210100173950195,10.210100173950195,3598,0.0,0.0,0.0
2023-05-12 13:30:00-04:00,10.199999809265137,10.300000190734863,10.199999809265137,10.300000190734863,948,0.0,0.0,0.0
2023-05-12 14:30:00-04:00,10.270000457763672,10.270000457763672,10.23900032043457,10.23900032043457,2146,0.0,0.0,0.0
2023-05-12 15:30:00-04:00,10.210000038146973,10.210000038146973,10.144800186157227,10.144800186157227,100,0.0,0.0,0.0
2023-05-15 09:30:00-04:00,10.130000114440918,10.130000114440918,10.069999694824219,10.129899978637695,0,0.0,0.0,0.0
2023-05-15 11:30:00-04:00,10.079999923706055,10.079999923706055,10.079999923706055,10.079999923706055,1508,0.0,0.0,0.0
2023-05-15 12:30:00-04:00,9.9399995803833,10.010000228881836,9.9399995803833,10.009900093078613,6289,0.0,0.0,0.0
2023-05-15 15:30:00-04:00,10.00790023803711,10.020000457763672,10.00790023803711,10.00790023803711,630,0.0,0.0,0.0
2023-05-16 09:30:00-04:00,10.119999885559082,10.229999542236328,10.119999885559082,10.229999542236328,0,0.0,0.0,0.0
2023-05-16 10:30:00-04:00,10.181500434875488,10.181500434875488,10.181500434875488,10.181500434875488,143,0.0,0.0,0.0
2023-05-16 11:30:00-04:00,10.239999771118164,10.25,10.229999542236328,10.229999542236328,1325,0.0,0.0,0.0
2023-05-16 13:30:00-04:00,10.289999961853027,10.289999961853027,10.260000228881836,10.260000228881836,1622,0.0,0.0,0.0
2023-05-16 14:30:00-04:00,10.225000381469727,10.25,10.225000381469727,10.229999542236328,1187,0.0,0.0,0.0
2023-05-16 15:30:00-04:00,10.25100040435791,10.276300430297852,10.25100040435791,10.276300430297852,0,0.0,0.0,0.0
2023-05-17 10:30:00-04:00,10.300000190734863,10.300000190734863,10.234999656677246,10.234999656677246,803,0.0,0.0,0.0
2023-05-17 11:30:00-04:00,10.206000328063965,10.210000038146973,10.206000328063965,10.210000038146973,1100,0.0,0.0,0.0
2023-05-17 12:30:00-04:00,10.069999694824219,10.119999885559082,10.069999694824219,10.09000015258789,403,0.0,0.0,0.0
2023-05-17 13:30:00-04:00,10.121000289916992,10.121000289916992,10.121000289916992,10.121000289916992,1764,0.0,0.0,0.0
2023-05-17 15:30:00-04:00,10.175299644470215,10.175299644470215,10.17300033569336,10.17300033569336,0,0.0,0.0,0.0
2023-05-18 09:30:00-04:00,10.359999656677246,10.36989974975586,10.28499984741211,10.28499984741211,0,0.0,0.0,0.0
2023-05-18 10:30:00-04:00,10.199999809265137,10.199999809265137,10.199999809265137,10.199999809265137,31540,0.0,0.0,0.0
2023-05-18 11:30:00-04:00,10.1899995803833,10.21500015258789,10.1899995803833,10.210000038146973,1470,0.0,0.0,0.0
2023-05-18 13:30:00-04:00,10.239999771118164,10.239999771118164,10.239999771118164,10.239999771118164,0,0.0,0.0,0.0
2023-05-18 14:30:00-04:00,10.074000358581543,10.170000076293945,10.074000358581543,10.074000358581543,34230,0.0,0.0,0.0
2023-05-19 09:30:00-04:00,9.890000343322754,9.968000411987305,9.869999885559082,9.951199531555176,0,0.0,0.0,0.0
2023-05-19 10:30:00-04:00,9.954999923706055,9.954999923706055,9.954999923706055,9.954999923706055,7041,0.0,0.0,0.0
2023-05-19 11:30:00-04:00,10.079999923706055,10.09000015258789,10.079999923706055,10.09000015258789,465,0.0,0.0,0.0
2023-05-19 12:30:00-04:00,10.079999923706055,10.079999923706055,10.0600004196167,10.0600004196167,250,0.0,0.0,0.0
2023-05-19 13:30:00-04:00,10.069999694824219,10.079999923706055,10.045000076293945,10.069999694824219,1776,0.0,0.0,0.0
2023-05-19 14:30:00-04:00,10.050000190734863,10.050000190734863,10.050000190734863,10.050000190734863,150,0.0,0.0,0.0
2023-05-19 15:30:00-04:00,10.020000457763672,10.029999732971191,9.970000267028809,10.029999732971191,0,0.0,0.0,0.0
2023-05-22 09:30:00-04:00,10.050000190734863,10.050000190734863,10.050000190734863,10.050000190734863,210,0.0,0.0,0.0
2023-05-22 11:30:00-04:00,10.029999732971191,10.029999732971191,10.029999732971191,10.029999732971191,1672,0.0,0.0,0.0
2023-05-22 13:30:00-04:00,10.0,10.03499984741211,10.0,10.0,3180,0.0,0.0,0.0
2023-05-22 14:30:00-04:00,9.970000267028809,10.115500450134277,9.970000267028809,10.115500450134277,345,0.0,0.0,0.0
2023-05-23 09:30:00-04:00,10.199999809265137,10.335000038146973,10.199999809265137,10.282600402832031,0,0.0,0.0,0.0
2023-05-23 10:30:00-04:00,10.329000473022461,10.329000473022461,10.329000473022461,10.329000473022461,1052,0.0,0.0,0.0
2023-05-23 12:30:00-04:00,10.354999542236328,10.354999542236328,10.354999542236328,10.354999542236328,525,0.0,0.0,0.0
2023-05-23 13:30:00-04:00,10.479900360107422,10.479900360107422,10.479900360107422,10.479900360107422,285,0.0,0.0,0.0
2023-05-23 14:30:00-04:00,10.414999961853027,10.449999809265137,10.414999961853027,10.4399995803833,10025,0.0,0.0,0.0
2023-05-23 15:30:00-04:00,10.399999618530273,10.399999618530273,10.390000343322754,10.398200035095215,344,0.0,0.0,0.0
2023-05-24 09:30:00-04:00,10.579999923706055,10.65999984741211,10.579999923706055,10.65999984741211,0,0.0,0.0,0.0
2023-05-24 10:30:00-04:00,10.647700309753418,10.647700309753418,10.579999923706055,10.579999923706055,5298,0.0,0.0,0.0
2023-05-24 12:30:00-04:00,10.640999794006348,10.640999794006348,10.640999794006348,10.640999794006348,160,0.0,0.0,0.0
2023-05-24 13:30:00-04:00,10.645000457763672,10.645000457763672,10.630000114440918,10.630000114440918,1081,0.0,0.0,0.0
2023-05-24 14:30:00-04:00,10.680000305175781,10.720000267028809,10.657899856567383,10.657899856567383,30933,0.0,0.0,0.0
2023-05-24 15:30:00-04:00,10.680000305175781,10.699999809265137,10.670000076293945,10.670000076293945,1384,0.0,0.0,0.0
2023-05-25 09:30:00-04:00,10.720000267028809,10.739999771118164,10.705699920654297,10.739999771118164,0,0.0,0.0,0.0
2023-05-25 10:30:00-04:00,10.800000190734863,10.859999656677246,10.770000457763672,10.859999656677246,4386,0.0,0.0,0.0
2023-05-25 11:30:00-04:00,10.878999710083008,10.878999710083008,10.810099601745605,10.821200370788574,3883,0.0,0.0,0.0
2023-05-25 12:30:00-04:00,10.770099639892578,10.770099639892578,10.770099639892578,10.770099639892578,183,0.0,0.0,0.0
2023-05-25 13:30:00-04:00,10.744999885559082,10.744999885559082,10.744999885559082,10.744999885559082,4265,0.0,0.0,0.0
2023-05-25 15:30:00-04:00,10.79990005493164,10.79990005493164,10.79990005493164,10.79990005493164,0,0.0,0.0,0.0
2023-05-26 09:30:00-04:00,10.59000015258789,10.649999618530273,10.530099868774414,10.649999618530273,21854,0.0,0.0,0.0
2023-05-26 10:30:00-04:00,10.550100326538086,10.550100326538086,10.550100326538086,10.550100326538086,1076,0.0,0.0,0.0
2023-05-26 11:30:00-04:00,10.740599632263184,10.740599632263184,10.73449993133545,10.73449993133545,984,0.0,0.0,0.0
2023-05-26 12:30:00-04:00,10.710000038146973,10.720000267028809,10.699999809265137,10.720000267028809,12899,0.0,0.0,0.0
2023-05-26 15:30:00-04:00,10.609999656677246,10.710000038146973,10.609999656677246,10.65999984741211,413,0.0,0.0,0.0
2023-05-30 09:30:00-04:00,10.740099906921387,10.920000076293945,10.740099906921387,10.920000076293945,0,0.0,0.0,0.0
2023-05-30 10:30:00-04:00,10.890000343322754,10.890000343322754,10.829999923706055,10.829999923706055,1329,0.0,0.0,0.0
2023-05-30 11:30:00-04:00,10.800000190734863,10.84000015258789,10.800000190734863,10.829999923706055,669,0.0,0.0,0.0
2023-05-30 12:30:00-04:00,10.835000038146973,10.835000038146973,10.835000038146973,10.835000038146973,0,0.0,0.0,0.0
2023-05-30 13:30:00-04:00,10.875,10.90149974822998,10.850299835205078,10.850299835205078,3654,0.0,0.0,0.0
2023-05-30 14:30:00-04:00,10.839900016784668,10.839900016784668,10.819999694824219,10.829999923706055,1439,0.0,0.0,0.0
2023-05-30 15:30:00-04:00,10.8100004196167,10.8100004196167,10.786499977111816,10.805000305175781,335,0.0,0.0,0.0
2023-05-31 09:30:00-04:00,10.90999984741211,11.069999694824219,10.880000114440918,11.055000305175781,7179,0.0,0.0,0.0
2023-05-31 10:30:00-04:00,11.0600004196167,11.0600004196167,11.0600004196167,11.0600004196167,1837,0.0,0.0,0.0
2023-05-31 11:30:00-04:00,11.03320026397705,11.03320026397705,11.03320026397705,11.03320026397705,306,0.0,0.0,0.0
2023-05-31 12:30:00-04:00,10.96500015258789,10.96500015258789,10.96500015258789,10.96500015258789,213,0.0,0.0,0.0
2023-05-31 13:30:00-04:00,10.974100112915039,10.974100112915039,10.974100112915039,10.974100112915039,4892,0.0,0.0,0.0
2023-05-31 15:30:00-04:00,11.020000457763672,11.079999923706055,11.011799812316895,11.079999923706055,0,0.0,0.0,0.0
2023-06-01 09:30:00-04:00,10.989999771118164,11.039999961853027,10.90999984741211,10.949999809265137,16317,0.0,0.0,0.0
2023-06-01 10:30:00-04:00,10.890000343322754,10.890000343322754,10.829999923706055,10.829999923706055,985,0.0,0.0,0.0
2023-06-01 12:30:00-04:00,10.760000228881836,10.800000190734863,10.760000228881836,10.800000190734863,2212,0.0,0.0,0.0
2023-06-01 13:30:00-04:00,10.70009994506836,10.70009994506836,10.70009994506836,10.70009994506836,949,0.0,0.0,0.0
2023-06-01 14:30:00-04:00,10.710000038146973,10.758999824523926,10.710000038146973,10.758999824523926,506,0.0,0.0,0.0
2023-06-01 15:30:00-04:00,10.739999771118164,10.800000190734863,10.59749984741211,10.773799896240234,0,0.0,0.0,0.0
2023-06-02 09:30:00-04:00,10.470000267028809,10.470000267028809,10.140000343322754,10.140000343322754,3470,0.0,0.0,0.0
2023-06-02 10:30:00-04:00,10.100099563598633,10.149999618530273,10.029999732971191,10.029999732971191,6924,0.0,0.0,0.0
2023-06-02 11:30:00-04:00,10.0600004196167,10.069999694824219,10.029999732971191,10.029999732971191,2572,0.0,0.0,0.0
2023-06-02 12:30:00-04:00,10.010100364685059,10.069999694824219,10.010000228881836,10.055000305175781,2511,0.0,0.0,0.0
2023-06-02 14:30:00-04:00,10.020000457763672,10.020000457763672,9.989999771118164,9.995599746704102,1018,0.0,0.0,0.0
2023-06-02 15:30:00-04:00,9.98009967803955,10.039999961853027,9.970000267028809,10.039999961853027,5862,0.0,0.0,0.0
2023-06-05 09:30:00-04:00,9.949999809265137,10.109999656677246,9.949999809265137,9.979999542236328,0,0.0,0.0,0.0
2023-06-05 10:30:00-04:00,9.979999542236328,9.979999542236328,9.979999542236328,9.979999542236328,1148,0.0,0.0,0.0
2023-06-05 11:30:00-04:00,9.960000038146973,10.020000457763672,9.960000038146973,10.020000457763672,13432,0.0,0.0,0.0
2023-06-05 12:30:00-04:00,9.920000076293945,9.930000305175781,9.84000015258789,9.84000015258789,3203,0.0,0.0,0.0
2023-06-05 13:30:00-04:00,9.84000015258789,9.850000381469727,9.84000015258789,9.850000381469727,0,0.0,0.0,0.0
2023-06-05 14:30:00-04:00,9.949999809265137,10.010000228881836,9.930000305175781,9.930000305175781,31174,0.0,0.0,0.0
2023-06-05 15:30:00-04:00,10.009900093078613,10.0600004196167,9.979999542236328,10.023699760437012,2137,0.0,0.0,0.0
2023-06-06 10:30:00-04:00,9.850000381469727,9.970000267028809,9.84000015258789,9.970000267028809,2982,0.0,0.0,0.0
2023-06-06 11:30:00-04:00,9.949999809265137,9.949999809265137,9.949999809265137,9.949999809265137,241,0.0,0.0,0.0
2023-06-06 14:30:00-04:00,9.949999809265137,9.949999809265137,9.899999618530273,9.899999618530273,988,0.0,0.0,0.0
2023-06-06 15:30:00-04:00,9.896200180053711,9.896200180053711,9.896200180053711,9.896200180053711,0,0.0,0.0,0.0
2023-06-07 09:30:00-04:00,9.680000305175781,9.699999809265137,9.670000076293945,9.6899995803833,4530,0.0,0.0,0.0
2023-06-07 10:30:00-04:00,9.699999809265137,9.779999732971191,9.699999809265137,9.779999732971191,2011,0.0,0.0,0.0
2023-06-07 11:30:00-04:00,9.714400291442871,9.714400291442871,9.714400291442871,9.714400291442871,117,0.0,0.0,0.0
2023-06-07 12:30:00-04:00,9.680000305175781,9.680000305175781,9.680000305175781,9.680000305175781,149,0.0,0.0,0.0
2023-06-07 15:30:00-04:00,9.720000267028809,9.720000267028809,9.640000343322754,9.640000343322754,0,0.0,0.0,0.0
2023-06-08 09:30:00-04:00,9.779999732971191,9.779999732971191,9.779999732971191,9.779999732971191,100,0.0,0.0,0.0
2023-06-08 10:30:00-04:00,9.780099868774414,9.780099868774414,9.780099868774414,9.780099868774414,141,0.0,0.0,0.0
2023-06-08 13:30:00-04:00,9.800000190734863,9.8100004196167,9.779999732971191,9.789999961853027,8600,0.0,0.0,0.0
2023-06-08 14:30:00-04:00,9.770000457763672,10.0,9.770000457763672,9.949999809265137,13415,0.0,0.0,0.0
2023-06-08 15:30:00-04:00,9.786399841308594,9.819999694824219,9.786399841308594,9.786399841308594,2034,0.0,0.0,0.0
2023-06-09 09:30:00-04:00,9.968999862670898,9.970000267028809,9.870100021362305,9.870100021362305,0,0.0,0.0,0.0
2023-06-09 11:30:00-04:00,9.9399995803833,9.9399995803833,9.9399995803833,9.9399995803833,212,0.0,0.0,0.0
2023-06-09 13:30:00-04:00,9.920100212097168,9.925100326538086,9.920100212097168,9.925100326538086,196,0.0,0.0,0.0
2023-06-12 09:30:00-04:00,10.0,10.0,10.0,10.0,0,0.0,0.0,0.0
2023-06-12 10:30:00-04:00,9.939000129699707,9.9399995803833,9.913000106811523,9.918000221252441,8368,0.0,0.0,0.0
2023-06-12 12:30:00-04:00,9.90999984741211,9.90999984741211,9.854900360107422,9.854900360107422,369,0.0,0.0,0.0
2023-06-13 09:30:00-04:00,9.609999656677246,9.609999656677246,9.470000267028809,9.504500389099121,0,0.0,0.0,0.0
2023-06-13 10:30:00-04:00,9.45989990234375,9.468000411987305,9.420000076293945,9.42300033569336,5497,0.0,0.0,0.0
2023-06-13 11:30:00-04:00,9.449899673461914,9.460000038146973,9.438699722290039,9.460000038146973,3223,0.0,0.0,0.0
2023-06-13 12:30:00-04:00,9.39009952545166,9.399999618530273,9.39009952545166,9.399999618530273,40492,0.0,0.0,0.0
2023-06-13 13:30:00-04:00,9.414999961853027,9.414999961853027,9.414999961853027,9.414999961853027,333,0.0,0.0,0.0
2023-06-13 14:30:00-04:00,9.414999961853027,9.414999961853027,9.371000289916992,9.371000289916992,681,0.0,0.0,0.0
2023-06-13 15:30:00-04:00,9.423999786376953,9.4399995803833,9.37030029296875,9.395400047302246,0,0.0,0.0,0.0
2023-06-14 09:30:00-04:00,9.260000228881836,9.331999778747559,9.260000228881836,9.281000137329102,3819,0.0,0.0,0.0
2023-06-14 11:30:00-04:00,9.364999771118164,9.369999885559082,9.359999656677246,9.369999885559082,1001,0.0,0.0,0.0
2023-06-14 13:30:00-04:00,9.479999542236328,9.48009967803955,9.479999542236328,9.48009967803955,2110,0.0,0.0,0.0
2023-06-14 14:30:00-04:00,9.430000305175781,9.470000267028809,9.420000076293945,9.440099716186523,1704,0.0,0.0,0.0
2023-06-14 15:30:00-04:00,9.449999809265137,9.480400085449219,9.449999809265137,9.480400085449219,903,0.0,0.0,0.0
2023-06-15 09:30:00-04:00,9.414999961853027,9.414999961853027,9.380000114440918,9.38010025024414,0,0.0,0.0,0.0
2023-06-15 11:30:00-04:00,9.329999923706055,9.362799644470215,9.329999923706055,9.362799644470215,508,0.0,0.0,0.0
2023-06-15 12:30:00-04:00,9.300100326538086,9.343600273132324,9.300100326538086,9.343600273132324,668,0.0,0.0,0.0
2023-06-15 14:30:00-04:00,9.230999946594238,9.270000457763672,9.220100402832031,9.270000457763672,1887,0.0,0.0,0.0
2023-06-15 15:30:00-04:00,9.319999694824219,9.319999694824219,9.244999885559082,9.289999961853027,5538,0.0,0.0,0.0
2023-06-16 09:30:00-04:00,9.324999809265137,9.329999923706055,9.324999809265137,9.329999923706055,0,0.0,0.0,0.0
2023-06-16 13:30:00-04:00,9.334799766540527,9.334799766540527,9.334799766540527,9.334799766540527,385,0.0,0.0,0.0
2023-06-16 14:30:00-04:00,9.359999656677246,9.359999656677246,9.3149995803833,9.339900016784668,910,0.0,0.0,0.0
2023-06-16 15:30:00-04:00,9.300000190734863,9.300000190734863,9.29170036315918,9.29170036315918,5000,0.0,0.0,0.0
2023-06-20 11:30:00-04:00,9.579000473022461,9.579000473022461,9.517999649047852,9.517999649047852,440,0.0,0.0,0.0
2023-06-21 09:30:00-04:00,9.529999732971191,9.529999732971191,9.4399995803833,9.4399995803833,148,0.0,0.0,0.0
2023-06-21 10:30:00-04:00,9.34000015258789,9.369999885559082,9.34000015258789,9.369999885559082,3101,0.0,0.0,0.0
2023-06-21 11:30:00-04:00,9.340399742126465,9.390000343322754,9.329999923706055,9.363699913024902,0,0.0,0.0,0.0
2023-06-22 12:30:00-04:00,9.445099830627441,9.445099830627441,9.445099830627441,9.445099830627441,121,0.0,0.0,0.0
2023-06-23 09:30:00-04:00,9.710000038146973,9.720000267028809,9.619999885559082,9.619999885559082,3118,0.0,0.0,0.0
2023-06-23 10:30:00-04:00,9.59000015258789,9.59000015258789,9.59000015258789,9.59000015258789,192,0.0,0.0,0.0
2023-06-23 11:30:00-04:00,9.614999771118164,9.630000114440918,9.614999771118164,9.629899978637695,3088,0.0,0.0,0.0
2023-06-23 12:30:00-04:00,9.59000015258789,9.604999542236328,9.580300331115723,9.580300331115723,2060,0.0,0.0,0.0
2023-06-23 13:30:00-04:00,9.571999549865723,9.571999549865723,9.569999694824219,9.569999694824219,1301,0.0,0.0,0.0
2023-06-23 15:30:00-04:00,9.600000381469727,9.600000381469727,9.57859992980957,9.57859992980957,200,0.0,0.0,0.0
2023-06-26 09:30:00-04:00,9.430000305175781,9.430000305175781,9.430000305175781,9.430000305175781,0,0.0,0.0,0.0
2023-06-26 11:30:00-04:00,9.430000305175781,9.430000305175781,9.430000305175781,9.430000305175781,160,0.0,0.0,0.0
2023-06-26 13:30:00-04:00,9.380000114440918,9.380000114440918,9.369999885559082,9.371100425720215,1070,0.0,0.0,0.0
2023-06-26 15:30:00-04:00,9.369999885559082,9.402199745178223,9.369999885559082,9.402199745178223,9060,0.0,0.0,0.0
2023-06-27 09:30:00-04:00,9.399999618530273,9.399999618530273,9.329999923706055,9.329999923706055,0,0.0,0.0,0.0
2023-06-27 10:30:00-04:00,9.241000175476074,9.241000175476074,9.239999771118164,9.239999771118164,1050,0.0,0.0,0.0
2023-06-27 11:30:00-04:00,9.255800247192383,9.255800247192383,9.229999542236328,9.229999542236328,393,0.0,0.0,0.0
2023-06-27 13:30:00-04:00,9.151000022888184,9.151000022888184,9.151000022888184,9.151000022888184,177,0.0,0.0,0.0
2023-06-27 14:30:00-04:00,9.149999618530273,9.149999618530273,9.149999618530273,9.149999618530273,191,0.0,0.0,0.0
2023-06-27 15:30:00-04:00,9.143199920654297,9.169899940490723,9.130999565124512,9.15999984741211,610,0.0,0.0,0.0
2023-06-28 09:30:00-04:00,9.359999656677246,9.359999656677246,9.279999732971191,9.298800468444824,0,0.0,0.0,0.0
2023-06-28 10:30:00-04:00,9.33899974822998,9.34000015258789,9.279999732971191,9.279999732971191,8255,0.0,0.0,0.0
2023-06-28 12:30:00-04:00,9.319999694824219,9.319999694824219,9.319999694824219,9.319999694824219,169,0.0,0.0,0.0
2023-06-28 15:30:00-04:00,9.279999732971191,9.329999923706055,9.279999732971191,9.329999923706055,1957,0.0,0.0,0.0
2023-06-29 09:30:00-04:00,9.319999694824219,9.319999694824219,9.15999984741211,9.163299560546875,0,0.0,0.0,0.0
2023-06-29 10:30:00-04:00,9.119999885559082,9.119999885559082,9.119999885559082,9.119999885559082,362,0.0,0.0,0.0
2023-06-29 11:30:00-04:00,9.140000343322754,9.140000343322754,9.109999656677246,9.109999656677246,405,0.0,0.0,0.0
2023-06-29 14:30:00-04:00,9.069999694824219,9.069999694824219,9.042799949645996,9.042799949645996,0,0.0,0.0,0.0
2023-06-30 09:30:00-04:00,9.050000190734863,9.050000190734863,8.899999618530273,8.9375,2808,0.0,0.0,0.0
2023-06-30 10:30:00-04:00,9.0,9.0,8.944600105285645,8.949999809265137,7002,0.0,0.0,0.0
2023-06-30 11:30:00-04:00,8.930500030517578,8.960000038146973,8.930500030517578,8.960000038146973,807,0.0,0.0,0.0
2023-06-30 12:30:00-04:00,8.9350004196167,8.9350004196167,8.920000076293945,8.920000076293945,1275,0.0,0.0,0.0
2023-06-30 13:30:00-04:00,8.899999618530273,8.899999618530273,8.869999885559082,8.869999885559082,390,0.0,0.0,0.0
2023-06-30 14:30:00-04:00,8.855799674987793,8.855799674987793,8.855799674987793,8.855799674987793,219,0.0,0.0,0.0
2023-06-30 15:30:00-04:00,8.890000343322754,8.890000343322754,8.890000343322754,8.890000343322754,103,0.0,0.0,0.0
2023-07-03 09:30:00-04:00,8.899999618530273,8.899999618530273,8.789999961853027,8.789999961853027,0,0.0,0.0,0.0
2023-07-03 11:30:00-04:00,8.82699966430664,8.82699966430664,8.741000175476074,8.741000175476074,205,0.0,0.0,0.0
2023-07-05 09:30:00-04:00,8.920000076293945,9.149999618530273,8.920000076293945,9.149999618530273,0,0.0,0.0,0.0
2023-07-05 10:30:00-04:00,9.220000267028809,9.220000267028809,9.210000038146973,9.210000038146973,281,0.0,0.0,0.0
2023-07-05 11:30:00-04:00,9.180000305175781,9.240400314331055,9.180000305175781,9.240400314331055,17183,0.0,0.0,0.0
2023-07-05 14:30:00-04:00,9.279999732971191,9.279999732971191,9.241000175476074,9.241000175476074,16883,0.0,0.0,0.0
2023-07-05 15:30:00-04:00,9.25730037689209,9.269200325012207,9.25510025024414,9.25510025024414,18613,0.0,0.0,0.0
2023-07-06 09:30:00-04:00,9.518699645996094,9.539999961853027,9.458999633789062,9.539999961853027,0,0.0,0.0,0.0
2023-07-06 10:30:00-04:00,9.664999961853027,9.6899995803833,9.609999656677246,9.609999656677246,7156,0.0,0.0,0.0
2023-07-06 11:30:00-04:00,9.62660026550293,9.62660026550293,9.604999542236328,9.604999542236328,1403,0.0,0.0,0.0
2023-07-06 12:30:00-04:00,9.541000366210938,9.541000366210938,9.529999732971191,9.539999961853027,3396,0.0,0.0,0.0
2023-07-06 13:30:00-04:00,9.505000114440918,9.529999732971191,9.5,9.5,3177,0.0,0.0,0.0
2023-07-06 14:30:00-04:00,9.5,9.5,9.460000038146973,9.460000038146973,304,0.0,0.0,0.0
2023-07-06 15:30:00-04:00,9.399999618530273,9.4399995803833,9.399999618530273,9.4399995803833,623,0.0,0.0,0.0
2023-07-07 09:30:00-04:00,9.333399772644043,9.34000015258789,9.25,9.25,0,0.0,0.0,0.0
2023-07-07 10:30:00-04:00,9.199999809265137,9.239999771118164,9.199999809265137,9.239999771118164,623,0.0,0.0,0.0
2023-07-07 11:30:00-04:00,9.1850004196167,9.1850004196167,9.140000343322754,9.140000343322754,230,0.0,0.0,0.0
2023-07-07 12:30:00-04:00,9.149999618530273,9.149999618530273,9.04010009765625,9.04010009765625,800,0.0,0.0,0.0
2023-07-07 13:30:00-04:00,9.098699569702148,9.119999885559082,9.060999870300293,9.119999885559082,837,0.0,0.0,0.0
2023-07-07 14:30:00-04:00,9.119999885559082,9.119999885559082,9.119999885559082,9.119999885559082,167,0.0,0.0,0.0
2023-07-07 15:30:00-04:00,9.210000038146973,9.270000457763672,9.210000038146973,9.270000457763672,4491,0.0,0.0,0.0
2023-07-10 09:30:00-04:00,9.5600004196167,9.5600004196167,9.149999618530273,9.149999618530273,20889,0.0,0.0,0.0
2023-07-10 10:30:00-04:00,9.315099716186523,9.359999656677246,9.300000190734863,9.345000267028809,25185,0.0,0.0,0.0
2023-07-10 11:30:00-04:00,9.345000267028809,9.345000267028809,9.270000457763672,9.270000457763672,13068,0.0,0.0,0.0
2023-07-10 12:30:00-04:00,9.26509952545166,9.3100004196167,9.26509952545166,9.289999961853027,683,0.0,0.0,0.0
2023-07-10 13:30:00-04:00,9.26099967956543,9.300000190734863,9.25,9.274999618530273,2489,0.0,0.0,0.0
2023-07-10 14:30:00-04:00,9.289999961853027,9.300000190734863,9.279999732971191,9.300000190734863,430,0.0,0.0,0.0
2023-07-10 15:30:00-04:00,9.3100004196167,9.33899974822998,9.279999732971191,9.279999732971191,0,0.0,0.0,0.0
2023-07-11 10:30:00-04:00,9.174400329589844,9.180000305175781,9.174400329589844,9.180000305175781,352,0.0,0.0,0.0
2023-07-11 12:30:00-04:00,9.180000305175781,9.180000305175781,9.180000305175781,9.180000305175781,0,0.0,0.0,0.0
2023-07-11 13:30:00-04:00,9.149999618530273,9.149999618530273,9.149999618530273,9.149999618530273,0,0.0,0.0,0.0
2023-07-11 15:30:00-04:00,9.130000114440918,9.130000114440918,9.079999923706055,9.086899757385254,50,0.0,0.0,0.0
2023-07-12 09:30:00-04:00,8.920000076293945,8.939000129699707,8.875,8.899999618530273,2099,0.0,0.0,0.0
2023-07-12 10:30:00-04:00,8.889900207519531,8.889900207519531,8.889900207519531,8.889900207519531,331,0.0,0.0,0.0
2023-07-12 11:30:00-04:00,8.819999694824219,8.880000114440918,8.819999694824219,8.880000114440918,2655,0.0,0.0,0.0
2023-07-12 12:30:00-04:00,8.81350040435791,8.81350040435791,8.81350040435791,8.81350040435791,425,0.0,0.0,0.0
2023-07-12 15:30:00-04:00,8.85990047454834,8.859999656677246,8.858499526977539,8.858499526977539,462,0.0,0.0,0.0
2023-07-13 09:30:00-04:00,8.760000228881836,8.760000228881836,8.760000228881836,8.760000228881836,0,0.0,0.0,0.0
2023-07-13 13:30:00-04:00,8.739999771118164,8.739999771118164,8.70110034942627,8.70110034942627,46,0.0,0.0,0.0
2023-07-14 10:30:00-04:00,8.875,8.875,8.875,8.875,694,0.0,0.0,0.0
2023-07-14 12:30:00-04:00,8.854999542236328,8.854999542236328,8.836799621582031,8.84000015258789,2559,0.0,0.0,0.0
2023-07-14 13:30:00-04:00,8.8100004196167,8.8100004196167,8.8100004196167,8.8100004196167,219,0.0,0.0,0.0
2023-07-14 14:30:00-04:00,8.770000457763672,8.806300163269043,8.770000457763672,8.806300163269043,200,0.0,0.0,0.0
2023-07-17 11:30:00-04:00,8.800000190734863,8.800000190734863,8.800000190734863,8.800000190734863,0,0.0,0.0,0.0
2023-07-17 15:30:00-04:00,8.779999732971191,8.78320026397705,8.779999732971191,8.78320026397705,0,0.0,0.0,0.0
2023-07-18 09:30:00-04:00,8.679499626159668,8.6899995803833,8.679499626159668,8.6899995803833,498,0.0,0.0,0.0
2023-07-18 10:30:00-04:00,8.65999984741211,8.65999984741211,8.621000289916992,8.649999618530273,1214,0.0,0.0,0.0
2023-07-18 15:30:00-04:00,8.689000129699707,8.689000129699707,8.673399925231934,8.673399925231934,0,0.0,0.0,0.0
2023-07-19 09:30:00-04:00,8.710000038146973,8.710000038146973,8.710000038146973,8.710000038146973,383,0.0,0.0,0.0
2023-07-19 11:30:00-04:00,8.740099906921387,8.740099906921387,8.740099906921387,8.740099906921387,220,0.0,0.0,0.0
2023-07-19 12:30:00-04:00,8.79539966583252,8.79539966583252,8.730999946594238,8.730999946594238,611,0.0,0.0,0.0
2023-07-19 14:30:00-04:00,8.750100135803223,8.758999824523926,8.750100135803223,8.758999824523926,341,0.0,0.0,0.0
2023-07-19 15:30:00-04:00,8.789999961853027,8.789999961853027,8.789999961853027,8.789999961853027,0,0.0,0.0,0.0
2023-07-20 09:30:00-04:00,8.789999961853027,8.824999809265137,8.779999732971191,8.788999557495117,4110,0.0,0.0,0.0
2023-07-20 10:30:00-04:00,8.729999542236328,8.729999542236328,8.729999542236328,8.729999542236328,150,0.0,0.0,0.0
2023-07-20 11:30:00-04:00,8.710100173950195,8.710100173950195,8.690999984741211,8.699999809265137,1944,0.0,0.0,0.0
2023-07-20 13:30:00-04:00,8.729999542236328,8.729999542236328,8.729999542236328,8.729999542236328,162,0.0,0.0,0.0
2023-07-20 14:30:00-04:00,8.704999923706055,8.723899841308594,8.6899995803833,8.723899841308594,0,0.0,0.0,0.0
2023-07-21 09:30:00-04:00,8.850000381469727,8.859999656677246,8.789999961853027,8.791600227355957,5093,0.0,0.0,0.0
2023-07-21 13:30:00-04:00,8.710000038146973,8.720000267028809,8.710000038146973,8.720000267028809,568,0.0,0.0,0.0
2023-07-21 14:30:00-04:00,8.729999542236328,8.729999542236328,8.729999542236328,8.729999542236328,5299,0.0,0.0,0.0
2023-07-21 15:30:00-04:00,8.694999694824219,8.694999694824219,8.694999694824219,8.694999694824219,590,0.0,0.0,0.0
2023-07-24 09:30:00-04:00,8.699999809265137,8.699999809265137,8.699999809265137,8.699999809265137,0,0.0,0.0,0.0
2023-07-24 10:30:00-04:00,8.75,8.75,8.75,8.75,458,0.0,0.0,0.0
2023-07-24 13:30:00-04:00,8.689000129699707,8.6899995803833,8.689000129699707,8.689900398254395,841,0.0,0.0,0.0
2023-07-24 15:30:00-04:00,8.65999984741211,8.65999984741211,8.649999618530273,8.649999618530273,251,0.0,0.0,0.0
2023-07-25 09:30:00-04:00,8.600000381469727,8.600000381469727,8.300000190734863,8.300000190734863,6082,0.0,0.0,0.0
2023-07-25 10:30:00-04:00,8.321700096130371,8.321700096130371,8.321700096130371,8.321700096130371,710,0.0,0.0,0.0
2023-07-25 11:30:00-04:00,8.380000114440918,8.380000114440918,8.375,8.375,2332,0.0,0.0,0.0
2023-07-25 14:30:00-04:00,8.359999656677246,8.359999656677246,8.35990047454834,8.35990047454834,261,0.0,0.0,0.0
2023-07-25 15:30:00-04:00,8.369999885559082,8.369999885559082,8.340399742126465,8.36870002746582,946,0.0,0.0,0.0
2023-07-26 09:30:00-04:00,8.40999984741211,8.45989990234375,8.40999984741211,8.445899963378906,0,0.0,0.0,0.0
2023-07-27 09:30:00-04:00,8.440999984741211,8.440999984741211,8.440999984741211,8.440999984741211,307,0.0,0.0,0.0
2023-07-27 10:30:00-04:00,8.390000343322754,8.390000343322754,8.390000343322754,8.390000343322754,694,0.0,0.0,0.0
2023-07-27 13:30:00-04:00,8.46310043334961,8.46310043334961,8.46310043334961,8.46310043334961,858,0.0,0.0,0.0
2023-07-27 14:30:00-04:00,8.5,8.5,8.5,8.5,141,0.0,0.0,0.0
2023-07-27 15:30:00-04:00,8.5600004196167,8.5600004196167,8.55150032043457,8.55150032043457,0,0.0,0.0,0.0
2023-07-28 09:30:00-04:00,8.430000305175781,8.430000305175781,8.390000343322754,8.390000343322754,665,0.0,0.0,0.0
2023-07-28 10:30:00-04:00,8.410099983215332,8.410099983215332,8.410099983215332,8.410099983215332,1559,0.0,0.0,0.0
2023-07-28 15:30:00-04:00,8.4399995803833,8.4399995803833,8.40999984741211,8.40999984741211,381,0.0,0.0,0.0
2023-07-31 09:30:00-04:00,8.319999694824219,8.319999694824219,8.319999694824219,8.319999694824219,0,0.0,0.0,0.0
2023-07-31 10:30:00-04:00,8.360099792480469,8.368300437927246,8.360099792480469,8.368300437927246,0,0.0,0.0,0.0
2023-08-01 10:30:00-04:00,8.359999656677246,8.406200408935547,8.359999656677246,8.406200408935547,0,0.0,0.0,0.0
2023-08-02 09:30:00-04:00,8.630399703979492,8.630399703979492,8.539999961853027,8.589699745178223,1360,0.0,0.0,0.0
2023-08-02 10:30:00-04:00,8.580599784851074,8.585000038146973,8.579999923706055,8.585000038146973,2200,0.0,0.0,0.0
2023-08-02 11:30:00-04:00,8.579999923706055,8.59000015258789,8.579999923706055,8.59000015258789,784,0.0,0.0,0.0
2023-08-02 12:30:00-04:00,8.539899826049805,8.539999961853027,8.538999557495117,8.539899826049805,623,0.0,0.0,0.0
2023-08-02 15:30:00-04:00,8.59000015258789,8.59000015258789,8.59000015258789,8.59000015258789,362,0.0,0.0,0.0
2023-08-03 09:30:00-04:00,8.649999618530273,8.71500015258789,8.649999618530273,8.699999809265137,0,0.0,0.0,0.0
2023-08-03 10:30:00-04:00,8.680000305175781,8.730199813842773,8.680000305175781,8.730199813842773,166,0.0,0.0,0.0
2023-08-04 09:30:00-04:00,8.649999618530273,8.649999618530273,8.630000114440918,8.630000114440918,0,0.0,0.0,0.0
2023-08-04 11:30:00-04:00,8.598999977111816,8.598999977111816,8.578800201416016,8.578800201416016,385,0.0,0.0,0.0
2023-08-04 15:30:00-04:00,8.789600372314453,8.789600372314453,8.77910041809082,8.77910041809082,500,0.0,0.0,0.0
2023-08-07 11:30:00-04:00,8.689000129699707,8.689000129699707,8.689000129699707,8.689000129699707,0,0.0,0.0,0.0
2023-08-07 13:30:00-04:00,8.663599967956543,8.691200256347656,8.65999984741211,8.691200256347656,255,0.0,0.0,0.0
2023-08-08 09:30:00-04:00,8.899999618530273,9.039400100708008,8.899999618530273,8.970000267028809,589,0.0,0.0,0.0
2023-08-08 10:30:00-04:00,8.95989990234375,8.95989990234375,8.95989990234375,8.95989990234375,429,0.0,0.0,0.0
2023-08-08 15:30:00-04:00,8.86460018157959,8.86460018157959,8.86460018157959,8.86460018157959,0,0.0,0.0,0.0
2023-08-09 09:30:00-04:00,8.760000228881836,8.869999885559082,8.760000228881836,8.800000190734863,1852,0.0,0.0,0.0
2023-08-09 10:30:00-04:00,8.8149995803833,8.8149995803833,8.8149995803833,8.8149995803833,1607,0.0,0.0,0.0
2023-08-09 14:30:00-04:00,8.859999656677246,8.859999656677246,8.854100227355957,8.859999656677246,5500,0.0,0.0,0.0
2023-08-10 09:30:00-04:00,8.779999732971191,8.83899974822998,8.775699615478516,8.83899974822998,0,0.0,0.0,0.0
2023-08-10 10:30:00-04:00,8.869999885559082,8.869999885559082,8.860300064086914,8.860300064086914,1064,0.0,0.0,0.0
2023-08-10 11:30:00-04:00,8.90999984741211,8.90999984741211,8.90999984741211,8.90999984741211,1601,0.0,0.0,0.0
2023-08-10 13:30:00-04:00,8.96500015258789,8.989999771118164,8.96500015258789,8.989999771118164,1824,0.0,0.0,0.0
2023-08-10 14:30:00-04:00,8.869999885559082,8.937000274658203,8.869999885559082,8.937000274658203,0,0.0,0.0,0.0
2023-08-11 09:30:00-04:00,9.079999923706055,9.079999923706055,8.989999771118164,8.989999771118164,2122,0.0,0.0,0.0
2023-08-11 10:30:00-04:00,8.9399995803833,8.989999771118164,8.901000022888184,8.989999771118164,3639,0.0,0.0,0.0
2023-08-14 09:30:00-04:00,9.100000381469727,9.100000381469727,9.050000190734863,9.069999694824219,0,0.0,0.0,0.0
2023-08-14 12:30:00-04:00,8.979999542236328,8.979999542236328,8.96030044555664,8.96030044555664,495,0.0,0.0,0.0
2023-08-14 14:30:00-04:00,8.972700119018555,8.972700119018555,8.972700119018555,8.972700119018555,0,0.0,0.0,0.0
2023-08-15 09:30:00-04:00,9.65999984741211,9.65999984741211,9.149999618530273,9.220000267028809,1940,0.0,0.0,0.0
2023-08-15 10:30:00-04:00,9.239899635314941,9.239899635314941,9.220000267028809,9.220000267028809,1350,0.0,0.0,0.0
2023-08-15 11:30:00-04:00,9.1899995803833,9.1899995803833,9.16100025177002,9.16100025177002,775,0.0,0.0,0.0
2023-08-15 12:30:00-04:00,9.279999732971191,9.279999732971191,9.279999732971191,9.279999732971191,1735,0.0,0.0,0.0
2023-08-15 15:30:00-04:00,9.285599708557129,9.289999961853027,9.285599708557129,9.289999961853027,0,0.0,0.0,0.0
2023-08-16 09:30:00-04:00,9.319999694824219,9.319999694824219,9.289999961853027,9.289999961853027,0,0.0,0.0,0.0
2023-08-16 12:30:00-04:00,9.220999717712402,9.220999717712402,9.220999717712402,9.220999717712402,448,0.0,0.0,0.0
2023-08-16 13:30:00-04:00,9.309900283813477,9.3100004196167,9.309900283813477,9.3100004196167,303,0.0,0.0,0.0
2023-08-16 14:30:00-04:00,9.371999740600586,9.371999740600586,9.365400314331055,9.365400314331055,0,0.0,0.0,0.0
2023-08-17 09:30:00-04:00,9.260000228881836,9.260000228881836,9.154500007629395,9.154500007629395,0,0.0,0.0,0.0
2023-08-17 11:30:00-04:00,9.25,9.25,9.25,9.25,3742,0.0,0.0,0.0
2023-08-17 14:30:00-04:00,9.36989974975586,9.36989974975586,9.36989974975586,9.36989974975586,212,0.0,0.0,0.0
2023-08-17 15:30:00-04:00,9.430000305175781,9.430000305175781,9.390000343322754,9.404800415039062,926,0.0,0.0,0.0
2023-08-18 09:30:00-04:00,9.539999961853027,9.539999961853027,9.430000305175781,9.4798002243042,0,0.0,0.0,0.0
2023-08-18 10:30:00-04:00,9.461000442504883,9.470000267028809,9.369999885559082,9.369999885559082,3278,0.0,0.0,0.0
2023-08-18 11:30:00-04:00,9.460000038146973,9.460000038146973,9.460000038146973,9.460000038146973,0,0.0,0.0,0.0
2023-08-18 12:30:00-04:00,9.404999732971191,9.425800323486328,9.404999732971191,9.425800323486328,5981,0.0,0.0,0.0
2023-08-21 09:30:00-04:00,9.34000015258789,9.430999755859375,9.34000015258789,9.430000305175781,0,0.0,0.0,0.0
2023-08-21 10:30:00-04:00,9.489899635314941,9.489899635314941,9.489899635314941,9.489899635314941,334,0.0,0.0,0.0
2023-08-21 11:30:00-04:00,9.51609992980957,9.529000282287598,9.51609992980957,9.529000282287598,767,0.0,0.0,0.0
2023-08-21 12:30:00-04:00,9.520000457763672,9.520000457763672,9.512800216674805,9.512800216674805,3313,0.0,0.0,0.0
2023-08-21 13:30:00-04:00,9.428500175476074,9.470100402832031,9.428500175476074,9.428500175476074,0,0.0,0.0,0.0
2023-08-22 09:30:00-04:00,9.291000366210938,9.395000457763672,9.289999961853027,9.395000457763672,2905,0.0,0.0,0.0
2023-08-22 10:30:00-04:00,9.390000343322754,9.390000343322754,9.390000343322754,9.390000343322754,4044,0.0,0.0,0.0
2023-08-22 14:30:00-04:00,9.449999809265137,9.470000267028809,9.449999809265137,9.470000267028809,300,0.0,0.0,0.0
2023-08-22 15:30:00-04:00,9.449999809265137,9.470000267028809,9.449999809265137,9.454299926757812,0,0.0,0.0,0.0
2023-08-23 10:30:00-04:00,9.420000076293945,9.420000076293945,9.420000076293945,9.420000076293945,107,0.0,0.0,0.0
2023-08-23 13:30:00-04:00,9.359999656677246,9.37090015411377,9.359999656677246,9.37090015411377,800,0.0,0.0,0.0
2023-08-23 14:30:00-04:00,9.390000343322754,9.415200233459473,9.380000114440918,9.415200233459473,3985,0.0,0.0,0.0
2023-08-23 15:30:00-04:00,9.438799858093262,9.479999542236328,9.399999618530273,9.399999618530273,0,0.0,0.0,0.0
2023-08-24 09:30:00-04:00,9.420000076293945,9.420000076293945,9.420000076293945,9.420000076293945,515,0.0,0.0,0.0
2023-08-24 11:30:00-04:00,9.449000358581543,9.449000358581543,9.449000358581543,9.449000358581543,104,0.0,0.0,0.0
2023-08-24 12:30:00-04:00,9.449999809265137,9.449999809265137,9.449999809265137,9.449999809265137,2048,0.0,0.0,0.0
2023-08-24 14:30:00-04:00,9.449999809265137,9.449999809265137,9.449999809265137,9.449999809265137,418,0.0,0.0,0.0
2023-08-24 15:30:00-04:00,9.449999809265137,9.520400047302246,9.449999809265137,9.479999542236328,0,0.0,0.0,0.0
2023-08-25 14:30:00-04:00,9.401599884033203,9.401599884033203,9.380000114440918,9.380000114440918,1258,0.0,0.0,0.0
2023-08-25 15:30:00-04:00,9.399999618530273,9.489999771118164,9.399999618530273,9.486499786376953,600,0.0,0.0,0.0
2023-08-28 10:30:00-04:00,9.229999542236328,9.323399543762207,9.229999542236328,9.323399543762207,0,0.0,0.0,0.0
2023-08-29 09:30:00-04:00,9.270000457763672,9.270000457763672,9.270000457763672,9.270000457763672,216,0.0,0.0,0.0
2023-08-29 11:30:00-04:00,9.180000305175781,9.180000305175781,9.130000114440918,9.130000114440918,322,0.0,0.0,0.0
2023-08-29 12:30:00-04:00,9.100000381469727,9.109999656677246,9.09000015258789,9.109999656677246,1917,0.0,0.0,0.0
2023-08-29 13:30:00-04:00,9.09000015258789,9.09000015258789,9.069999694824219,9.069999694824219,915,0.0,0.0,0.0
2023-08-29 14:30:00-04:00,9.076800346374512,9.076800346374512,9.0600004196167,9.076700210571289,3711,0.0,0.0,0.0
2023-08-29 15:30:00-04:00,9.029999732971191,9.029999732971191,9.029999732971191,9.029999732971191,0,0.0,0.0,0.0
2023-08-30 09:30:00-04:00,8.949999809265137,9.029999732971191,8.930000305175781,9.029999732971191,2450,0.0,0.0,0.0
2023-08-30 10:30:00-04:00,9.0,9.000100135803223,9.0,9.000100135803223,373,0.0,0.0,0.0
2023-08-30 13:30:00-04:00,9.0,9.0,9.0,9.0,2437,0.0,0.0,0.0
2023-08-30 15:30:00-04:00,8.949999809265137,8.949999809265137,8.949999809265137,8.949999809265137,300,0.0,0.0,0.0
2023-08-31 09:30:00-04:00,8.770000457763672,8.920000076293945,8.770000457763672,8.90999984741211,55928,0.0,0.0,0.0
2023-08-31 12:30:00-04:00,8.949999809265137,8.949999809265137,8.930000305175781,8.930000305175781,8211,0.0,0.0,0.0
2023-08-31 13:30:00-04:00,8.920000076293945,8.920000076293945,8.899999618530273,8.899999618530273,4198,0.0,0.0,0.0
2023-08-31 14:30:00-04:00,8.920000076293945,8.960000038146973,8.920000076293945,8.949999809265137,1420,0.0,0.0,0.0
2023-08-31 15:30:00-04:00,8.949999809265137,8.949999809265137,8.930000305175781,8.930000305175781,0,0.0,0.0,0.0
2023-09-01 09:30:00-04:00,8.770000457763672,8.779999732971191,8.770000457763672,8.779999732971191,1953,0.0,0.0,0.0
2023-09-01 10:30:00-04:00,8.767499923706055,8.767499923706055,8.767499923706055,8.767499923706055,117,0.0,0.0,0.0
2023-09-01 13:30:00-04:00,8.760000228881836,8.760000228881836,8.760000228881836,8.760000228881836,118,0.0,0.0,0.0
2023-09-01 14:30:00-04:00,8.75,8.79010009765625,8.75,8.79010009765625,252,0.0,0.0,0.0
2023-09-05 10:30:00-04:00,9.050000190734863,9.050000190734863,9.050000190734863,9.050000190734863,0,0.0,0.0,0.0
2023-09-05 14:30:00-04:00,9.100000381469727,9.100000381469727,9.050000190734863,9.100000381469727,555,0.0,0.0,0.0
2023-09-06 15:30:00-04:00,9.140000343322754,9.140000343322754,9.140000343322754,9.140000343322754,2,0.0,0.0,0.0
2023-09-07 09:30:00-04:00,9.345000267028809,9.345000267028809,9.345000267028809,9.345000267028809,455,0.0,0.0,0.0
2023-09-07 10:30:00-04:00,9.379899978637695,9.379899978637695,9.304800033569336,9.304800033569336,343,0.0,0.0,0.0
2023-09-07 12:30:00-04:00,9.279999732971191,9.279999732971191,9.260000228881836,9.274999618530273,955,0.0,0.0,0.0
2023-09-07 14:30:00-04:00,9.300000190734863,9.300000190734863,9.300000190734863,9.300000190734863,150,0.0,0.0,0.0
2023-09-07 15:30:00-04:00,9.257499694824219,9.257499694824219,9.254199981689453,9.254199981689453,0,0.0,0.0,0.0
2023-09-08 09:30:00-04:00,9.15530014038086,9.15530014038086,9.15530014038086,9.15530014038086,110,0.0,0.0,0.0
2023-09-08 13:30:00-04:00,9.222200393676758,9.222200393676758,9.222200393676758,9.222200393676758,113,0.0,0.0,0.0
2023-09-08 15:30:00-04:00,9.220000267028809,9.220000267028809,9.210000038146973,9.210000038146973,1029,0.0,0.0,0.0
2023-09-11 09:30:00-04:00,9.15999984741211,9.15999984741211,9.15999984741211,9.15999984741211,0,0.0,0.0,0.0
2023-09-11 12:30:00-04:00,9.124199867248535,9.124199867248535,9.124199867248535,9.124199867248535,254,0.0,0.0,0.0
2023-09-11 15:30:00-04:00,9.15999984741211,9.15999984741211,9.149999618530273,9.149999618530273,0,0.0,0.0,0.0
2023-09-12 11:30:00-04:00,9.1850004196167,9.1850004196167,9.1850004196167,9.1850004196167,213,0.0,0.0,0.0
2023-09-12 12:30:00-04:00,9.189900398254395,9.1899995803833,9.189900398254395,9.1899995803833,201,0.0,0.0,0.0
2023-09-12 14:30:00-04:00,9.220000267028809,9.220000267028809,9.220000267028809,9.220000267028809,686,0.0,0.0,0.0
2023-09-12 15:30:00-04:00,9.199999809265137,9.199999809265137,9.1899995803833,9.1899995803833,1343,0.0,0.0,0.0
2023-09-13 09:30:00-04:00,9.170000076293945,9.329999923706055,9.170000076293945,9.329999923706055,6157,0.0,0.0,0.0
2023-09-13 13:30:00-04:00,9.319899559020996,9.319999694824219,9.319899559020996,9.319999694824219,288,0.0,0.0,0.0
2023-09-13 15:30:00-04:00,9.324999809265137,9.324999809265137,9.289999961853027,9.289999961853027,5225,0.0,0.0,0.0
2023-09-14 09:30:00-04:00,9.163999557495117,9.163999557495117,9.163999557495117,9.163999557495117,816,0.0,0.0,0.0
2023-09-14 14:30:00-04:00,9.050100326538086,9.065400123596191,9.050000190734863,9.065400123596191,0,0.0,0.0,0.0
2023-09-15 09:30:00-04:00,9.0649995803833,9.0649995803833,9.0649995803833,9.0649995803833,110,0.0,0.0,0.0
2023-09-15 10:30:00-04:00,9.119999885559082,9.271400451660156,9.119999885559082,9.271400451660156,412,0.0,0.0,0.0
2023-09-18 10:30:00-04:00,9.278499603271484,9.354900360107422,9.278499603271484,9.354900360107422,0,0.0,0.0,0.0
2023-09-19 09:30:00-04:00,9.319999694824219,9.40999984741211,9.319700241088867,9.329999923706055,4007,0.0,0.0,0.0
2023-09-19 10:30:00-04:00,9.420000076293945,9.469900131225586,9.41100025177002,9.469900131225586,2413,0.0,0.0,0.0
2023-09-19 12:30:00-04:00,9.5,9.529999732971191,9.5,9.510100364685059,1528,0.0,0.0,0.0
2023-09-19 15:30:00-04:00,9.399999618530273,9.399999618530273,9.381999969482422,9.381999969482422,0,0.0,0.0,0.0
2023-09-20 09:30:00-04:00,9.205100059509277,9.464300155639648,9.205100059509277,9.464300155639648,0,0.0,0.0,0.0
2023-09-21 09:30:00-04:00,9.649999618530273,9.699999809265137,9.649999618530273,9.699999809265137,4330,0.0,0.0,0.0
2023-09-21 10:30:00-04:00,9.71720027923584,9.71720027923584,9.71720027923584,9.71720027923584,1160,0.0,0.0,0.0
2023-09-21 11:30:00-04:00,9.739899635314941,9.780400276184082,9.739899635314941,9.780400276184082,2109,0.0,0.0,0.0
2023-09-21 14:30:00-04:00,9.850000381469727,9.850000381469727,9.779999732971191,9.84000015258789,3014,0.0,0.0,0.0
2023-09-21 15:30:00-04:00,9.844200134277344,9.869999885559082,9.844200134277344,9.862700462341309,0,0.0,0.0,0.0
2023-09-22 10:30:00-04:00,9.770000457763672,9.770000457763672,9.770000457763672,9.770000457763672,1214,0.0,0.0,0.0
2023-09-22 11:30:00-04:00,9.802499771118164,9.802499771118164,9.802499771118164,9.802499771118164,495,0.0,0.0,0.0
2023-09-22 12:30:00-04:00,9.8100004196167,9.8100004196167,9.8100004196167,9.8100004196167,515,0.0,0.0,0.0
2023-09-22 14:30:00-04:00,9.890000343322754,9.890000343322754,9.8100004196167,9.8100004196167,4685,0.0,0.0,0.0
2023-09-22 15:30:00-04:00,9.850000381469727,9.925000190734863,9.850000381469727,9.897100448608398,853,0.0,0.0,0.0
2023-09-25 09:30:00-04:00,9.949999809265137,9.960000038146973,9.84000015258789,9.840100288391113,0,0.0,0.0,0.0
2023-09-25 11:30:00-04:00,9.760199546813965,9.760199546813965,9.760199546813965,9.760199546813965,664,0.0,0.0,0.0
2023-09-25 14:30:00-04:00,9.819999694824219,9.819999694824219,9.819899559020996,9.819899559020996,220,0.0,0.0,0.0
2023-09-25 15:30:00-04:00,9.790399551391602,9.790399551391602,9.734999656677246,9.743000030517578,0,0.0,0.0,0.0
2023-09-26 09:30:00-04:00,9.789999961853027,9.789999961853027,9.789999961853027,9.789999961853027,156,0.0,0.0,0.0
2023-09-26 10:30:00-04:00,9.850000381469727,9.860099792480469,9.850000381469727,9.860099792480469,5847,0.0,0.0,0.0
2023-09-26 13:30:00-04:00,10.0,10.000100135803223,10.0,10.000100135803223,747,0.0,0.0,0.0
2023-09-26 14:30:00-04:00,10.050800323486328,10.050800323486328,10.050800323486328,10.050800323486328,125,0.0,0.0,0.0
2023-09-26 15:30:00-04:00,10.00790023803711,10.021200180053711,10.00790023803711,10.021200180053711,0,0.0,0.0,0.0
2023-09-27 09:30:00-04:00,9.949999809265137,9.949999809265137,9.948800086975098,9.948800086975098,1100,0.0,0.0,0.0
2023-09-27 10:30:00-04:00,9.9399995803833,9.9399995803833,9.9399995803833,9.9399995803833,1504,0.0,0.0,0.0
2023-09-27 11:30:00-04:00,10.010000228881836,10.010000228881836,10.010000228881836,10.010000228881836,234,0.0,0.0,0.0
2023-09-27 13:30:00-04:00,10.09000015258789,10.130000114440918,10.070599555969238,10.130000114440918,3777,0.0,0.0,0.0
2023-09-27 15:30:00-04:00,9.979999542236328,10.039799690246582,9.95479965209961,10.039799690246582,581,0.0,0.0,0.0
2023-09-28 09:30:00-04:00,9.600000381469727,9.960000038146973,9.539999961853027,9.944999694824219,0,0.0,0.0,0.0
2023-09-28 12:30:00-04:00,9.84000015258789,9.84000015258789,9.84000015258789,9.84000015258789,916,0.0,0.0,0.0
2023-09-28 15:30:00-04:00,9.824999809265137,9.829999923706055,9.819999694824219,9.829999923706055,0,0.0,0.0,0.0
2023-09-29 09:30:00-04:00,9.65250015258789,9.670100212097168,9.65250015258789,9.670000076293945,1469,0.0,0.0,0.0
2023-09-29 14:30:00-04:00,9.880000114440918,9.880000114440918,9.838700294494629,9.838700294494629,129,0.0,0.0,0.0
2023-10-02 09:30:00-04:00,9.960000038146973,10.079299926757812,9.930000305175781,10.078800201416016,5711,0.0,0.0,0.0
2023-10-02 10:30:00-04:00,10.100000381469727,10.100000381469727,10.100000381469727,10.100000381469727,276,0.0,0.0,0.0
2023-10-02 11:30:00-04:00,10.170000076293945,10.170000076293945,10.170000076293945,10.170000076293945,336,0.0,0.0,0.0
2023-10-02 12:30:00-04:00,10.1899995803833,10.229999542236328,10.1899995803833,10.229999542236328,3059,0.0,0.0,0.0
2023-10-02 14:30:00-04:00,10.210000038146973,10.210000038146973,10.199999809265137,10.199999809265137,3091,0.0,0.0,0.0
2023-10-02 15:30:00-04:00,10.220000267028809,10.220000267028809,10.151599884033203,10.151599884033203,0,0.0,0.0,0.0
2023-10-03 09:30:00-04:00,10.489999771118164,10.489999771118164,9.420000076293945,10.09000015258789,19905,0.0,0.0,0.0
2023-10-03 10:30:00-04:00,10.199999809265137,10.210000038146973,10.180000305175781,10.210000038146973,1565,0.0,0.0,0.0
2023-10-03 11:30:00-04:00,10.229999542236328,10.229999542236328,10.100000381469727,10.1899995803833,16943,0.0,0.0,0.0
2023-10-03 13:30:00-04:00,10.199999809265137,10.199999809265137,10.199999809265137,10.199999809265137,260,0.0,0.0,0.0
2023-10-03 14:30:00-04:00,10.180000305175781,10.1899995803833,10.140000343322754,10.1899995803833,1854,0.0,0.0,0.0
2023-10-03 15:30:00-04:00,10.149999618530273,10.189800262451172,10.149999618530273,10.189800262451172,0,0.0,0.0,0.0
2023-10-04 09:30:00-04:00,10.07859992980957,10.134099960327148,10.07859992980957,10.134099960327148,649,0.0,0.0,0.0
2023-10-04 10:30:00-04:00,10.181300163269043,10.239999771118164,10.181300163269043,10.239999771118164,472,0.0,0.0,0.0
2023-10-04 11:30:00-04:00,9.988800048828125,9.988800048828125,9.930100440979004,9.949999809265137,4144,0.0,0.0,0.0
2023-10-04 12:30:00-04:00,9.913999557495117,9.924400329589844,9.899999618530273,9.920000076293945,4334,0.0,0.0,0.0
2023-10-04 13:30:00-04:00,9.979999542236328,10.045000076293945,9.955699920654297,9.955699920654297,2643,0.0,0.0,0.0
2023-10-05 09:30:00-04:00,9.949999809265137,10.100000381469727,9.869999885559082,10.100000381469727,15935,0.0,0.0,0.0
2023-10-05 10:30:00-04:00,10.100000381469727,10.239999771118164,10.09000015258789,10.239999771118164,2279,0.0,0.0,0.0
2023-10-05 11:30:00-04:00,10.239999771118164,10.239999771118164,10.239999771118164,10.239999771118164,107,0.0,0.0,0.0
2023-10-05 12:30:00-04:00,10.229999542236328,10.229999542236328,10.229999542236328,10.229999542236328,389,0.0,0.0,0.0
2023-10-05 14:30:00-04:00,10.199799537658691,10.199799537658691,10.199799537658691,10.199799537658691,0,0.0,0.0,0.0
2023-10-06 09:30:00-04:00,10.1899995803833,10.1899995803833,10.1899995803833,10.1899995803833,570,0.0,0.0,0.0
2023-10-06 11:30:00-04:00,10.039899826049805,10.039899826049805,9.964500427246094,10.0,5220,0.0,0.0,0.0
2023-10-06 13:30:00-04:00,9.934700012207031,9.934700012207031,9.934700012207031,9.934700012207031,150,0.0,0.0,0.0
2023-10-06 14:30:00-04:00,9.899999618530273,9.899999618530273,9.850000381469727,9.880000114440918,22305,0.0,0.0,0.0
2023-10-06 15:30:00-04:00,9.9399995803833,10.0,9.920000076293945,9.990599632263184,1039,0.0,0.0,0.0
2023-10-09 09:30:00-04:00,10.25,10.25,10.050000190734863,10.18690013885498,0,0.0,0.0,0.0
2023-10-09 10:30:00-04:00,10.170000076293945,10.174599647521973,10.170000076293945,10.174599647521973,702,0.0,0.0,0.0
2023-10-09 11:30:00-04:00,10.079999923706055,10.079999923706055,10.079999923706055,10.079999923706055,407,0.0,0.0,0.0
2023-10-09 13:30:00-04:00,10.079999923706055,10.079999923706055,10.069999694824219,10.069999694824219,10242,0.0,0.0,0.0
2023-10-09 14:30:00-04:00,9.949000358581543,9.949000358581543,9.920100212097168,9.920100212097168,1673,0.0,0.0,0.0
2023-10-09 15:30:00-04:00,9.970000267028809,9.970000267028809,9.970000267028809,9.970000267028809,0,0.0,0.0,0.0
2023-10-10 09:30:00-04:00,9.850000381469727,9.850000381469727,9.850000381469727,9.850000381469727,699,0.0,0.0,0.0
2023-10-10 10:30:00-04:00,9.708200454711914,9.717900276184082,9.708200454711914,9.717900276184082,631,0.0,0.0,0.0
2023-10-10 11:30:00-04:00,9.663800239562988,9.663800239562988,9.630000114440918,9.630000114440918,750,0.0,0.0,0.0
2023-10-10 12:30:00-04:00,9.630000114440918,9.6850004196167,9.630000114440918,9.6850004196167,1660,0.0,0.0,0.0
2023-10-10 13:30:00-04:00,9.713700294494629,9.713700294494629,9.713700294494629,9.713700294494629,251,0.0,0.0,0.0
2023-10-10 14:30:00-04:00,9.729999542236328,9.769000053405762,9.729999542236328,9.769000053405762,0,0.0,0.0,0.0
2023-10-11 09:30:00-04:00,9.649999618530273,9.755000114440918,9.649999618530273,9.755000114440918,352,0.0,0.0,0.0
2023-10-11 15:30:00-04:00,9.75,9.75,9.710000038146973,9.710000038146973,2510,0.0,0.0,0.0
2023-10-12 09:30:00-04:00,9.630000114440918,9.829999923706055,9.619999885559082,9.829999923706055,3636,0.0,0.0,0.0
2023-10-12 11:30:00-04:00,9.900099754333496,9.900099754333496,9.900099754333496,9.900099754333496,250,0.0,0.0,0.0
2023-10-12 12:30:00-04:00,10.005000114440918,10.010000228881836,10.005000114440918,10.010000228881836,713,0.0,0.0,0.0
2023-10-12 13:30:00-04:00,10.119999885559082,10.13070011138916,10.119999885559082,10.130000114440918,1313,0.0,0.0,0.0
2023-10-12 14:30:00-04:00,10.135499954223633,10.135499954223633,10.050000190734863,10.0600004196167,1965,0.0,0.0,0.0
2023-10-12 15:30:00-04:00,10.0,10.050000190734863,10.0,10.010000228881836,2494,0.0,0.0,0.0
2023-10-13 09:30:00-04:00,10.010000228881836,10.010000228881836,9.84000015258789,9.8927001953125,0,0.0,0.0,0.0
2023-10-13 10:30:00-04:00,10.029999732971191,10.100000381469727,10.029999732971191,10.100000381469727,13462,0.0,0.0,0.0
2023-10-13 11:30:00-04:00,10.059900283813477,10.059900283813477,10.059900283813477,10.059900283813477,436,0.0,0.0,0.0
2023-10-13 15:30:00-04:00,10.140000343322754,10.149999618530273,10.112700462341309,10.112700462341309,700,0.0,0.0,0.0
2023-10-16 09:30:00-04:00,9.942700386047363,10.0,9.920000076293945,9.920000076293945,0,0.0,0.0,0.0
2023-10-16 10:30:00-04:00,9.8149995803833,9.901599884033203,9.8149995803833,9.901599884033203,0,0.0,0.0,0.0
2023-10-17 09:30:00-04:00,10.010000228881836,10.010000228881836,10.0,10.0,1147,0.0,0.0,0.0
2023-10-17 10:30:00-04:00,9.734999656677246,9.734999656677246,9.710000038146973,9.710100173950195,1948,0.0,0.0,0.0
2023-10-17 12:30:00-04:00,9.710000038146973,9.710100173950195,9.710000038146973,9.710100173950195,200,0.0,0.0,0.0
2023-10-17 13:30:00-04:00,9.779999732971191,9.779999732971191,9.75790023803711,9.75790023803711,0,0.0,0.0,0.0
2023-10-18 09:30:00-04:00,10.0,10.0,10.0,10.0,269,0.0,0.0,0.0
2023-10-18 10:30:00-04:00,10.100000381469727,10.109999656677246,10.100000381469727,10.109999656677246,633,0.0,0.0,0.0
2023-10-18 12:30:00-04:00,10.140000343322754,10.140000343322754,10.140000343322754,10.140000343322754,1006,0.0,0.0,0.0
2023-10-18 14:30:00-04:00,10.154999732971191,10.199999809265137,10.154999732971191,10.198399543762207,1052,0.0,0.0,0.0
2023-10-18 15:30:00-04:00,10.239999771118164,10.239999771118164,10.199999809265137,10.202199935913086,0,0.0,0.0,0.0
2023-10-19 09:30:00-04:00,10.300000190734863,10.359999656677246,10.279999732971191,10.279999732971191,2048,0.0,0.0,0.0
2023-10-19 11:30:00-04:00,10.300000190734863,10.300000190734863,10.300000190734863,10.300000190734863,110,0.0,0.0,0.0
2023-10-19 12:30:00-04:00,10.164999961853027,10.164999961853027,10.164999961853027,10.164999961853027,1084,0.0,0.0,0.0
2023-10-19 14:30:00-04:00,10.444999694824219,10.475000381469727,10.444999694824219,10.475000381469727,675,0.0,0.0,0.0
2023-10-19 15:30:00-04:00,10.5,10.520000457763672,10.430000305175781,10.430000305175781,0,0.0,0.0,0.0
2023-10-20 09:30:00-04:00,10.569999694824219,10.590100288391113,10.569999694824219,10.590100288391113,395,0.0,0.0,0.0
2023-10-20 10:30:00-04:00,10.587800025939941,10.587800025939941,10.587800025939941,10.587800025939941,265,0.0,0.0,0.0
2023-10-20 11:30:00-04:00,10.64490032196045,10.64490032196045,10.64490032196045,10.64490032196045,201,0.0,0.0,0.0
2023-10-20 12:30:00-04:00,10.609999656677246,10.609999656677246,10.609999656677246,10.609999656677246,170,0.0,0.0,0.0
2023-10-20 13:30:00-04:00,10.606100082397461,10.606100082397461,10.606100082397461,10.606100082397461,851,0.0,0.0,0.0
2023-10-20 14:30:00-04:00,10.63070011138916,10.730299949645996,10.63070011138916,10.730299949645996,411,0.0,0.0,0.0
2023-10-23 09:30:00-04:00,10.869999885559082,10.960000038146973,10.869999885559082,10.869999885559082,7406,0.0,0.0,0.0
2023-10-23 10:30:00-04:00,10.949999809265137,10.949999809265137,10.850000381469727,10.850000381469727,2673,0.0,0.0,0.0
2023-10-23 11:30:00-04:00,10.800000190734863,10.805000305175781,10.800000190734863,10.805000305175781,647,0.0,0.0,0.0
2023-10-23 12:30:00-04:00,10.8100004196167,10.980199813842773,10.8100004196167,10.980199813842773,0,0.0,0.0,0.0
2023-10-24 09:30:00-04:00,10.71049976348877,10.71049976348877,10.699999809265137,10.699999809265137,826,0.0,0.0,0.0
2023-10-24 10:30:00-04:00,10.630000114440918,10.630000114440918,10.630000114440918,10.630000114440918,16463,0.0,0.0,0.0
2023-10-24 11:30:00-04:00,10.770000457763672,10.770000457763672,10.770000457763672,10.770000457763672,118,0.0,0.0,0.0
2023-10-24 13:30:00-04:00,10.740099906921387,10.789999961853027,10.740099906921387,10.779999732971191,20835,0.0,0.0,0.0
2023-10-24 15:30:00-04:00,10.729999542236328,10.731200218200684,10.729999542236328,10.731200218200684,0,0.0,0.0,0.0
2023-10-25 09:30:00-04:00,10.829999923706055,10.829999923706055,10.829999923706055,10.829999923706055,114,0.0,0.0,0.0
2023-10-25 10:30:00-04:00,10.770000457763672,10.770000457763672,10.770000457763672,10.770000457763672,254,0.0,0.0,0.0
2023-10-25 11:30:00-04:00,10.895000457763672,10.895000457763672,10.895000457763672,10.895000457763672,1022,0.0,0.0,0.0
2023-10-25 12:30:00-04:00,10.958499908447266,10.958499908447266,10.958499908447266,10.958499908447266,320,0.0,0.0,0.0
2023-10-25 13:30:00-04:00,10.949999809265137,10.979999542236328,10.949999809265137,10.979999542236328,704,0.0,0.0,0.0
2023-10-25 14:30:00-04:00,11.0,11.0,10.975000381469727,10.975000381469727,2011,0.0,0.0,0.0
2023-10-25 15:30:00-04:00,10.990099906921387,11.020000457763672,10.990099906921387,11.020000457763672,0,0.0,0.0,0.0
2023-10-26 09:30:00-04:00,10.800000190734863,10.820099830627441,10.770000457763672,10.820099830627441,1746,0.0,0.0,0.0
2023-10-26 10:30:00-04:00,10.75,10.75,10.75,10.75,202,0.0,0.0,0.0
2023-10-26 13:30:00-04:00,10.819000244140625,10.819000244140625,10.739999771118164,10.739999771118164,1290,0.0,0.0,0.0
2023-10-26 15:30:00-04:00,10.795000076293945,10.8100004196167,10.795000076293945,10.8100004196167,0,0.0,0.0,0.0
2023-10-27 09:30:00-04:00,10.760000228881836,10.805000305175781,10.760000228881836,10.805000305175781,4390,0.0,0.0,0.0
2023-10-27 12:30:00-04:00,10.851300239562988,10.851300239562988,10.851300239562988,10.851300239562988,186,0.0,0.0,0.0
2023-10-27 14:30:00-04:00,10.869999885559082,10.869999885559082,10.859999656677246,10.859999656677246,237,0.0,0.0,0.0
2023-10-27 15:30:00-04:00,10.869999885559082,10.869999885559082,10.869999885559082,10.869999885559082,100,0.0,0.0,0.0
2023-10-30 09:30:00-04:00,10.600000381469727,10.600000381469727,10.550000190734863,10.550000190734863,0,0.0,0.0,0.0
2023-10-30 11:30:00-04:00,10.699999809265137,10.699999809265137,10.699999809265137,10.699999809265137,1654,0.0,0.0,0.0
2023-10-30 13:30:00-04:00,10.649999618530273,10.649999618530273,10.649999618530273,10.649999618530273,2334,0.0,0.0,0.0
2023-10-30 14:30:00-04:00,10.649999618530273,10.649999618530273,10.600000381469727,10.625100135803223,8917,0.0,0.0,0.0
2023-10-30 15:30:00-04:00,10.649999618530273,10.649999618530273,10.638500213623047,10.638500213623047,0,0.0,0.0,0.0
2023-10-31 09:30:00-04:00,10.710000038146973,10.710000038146973,10.678099632263184,10.678099632263184,1154,0.0,0.0,0.0
2023-10-31 10:30:00-04:00,10.61970043182373,10.61970043182373,10.61970043182373,10.61970043182373,464,0.0,0.0,0.0
2023-10-31 12:30:00-04:00,10.529999732971191,10.529999732971191,10.529999732971191,10.529999732971191,536,0.0,0.0,0.0
2023-10-31 15:30:00-04:00,10.5600004196167,10.579999923706055,10.5600004196167,10.579999923706055,883,0.0,0.0,0.0
2023-11-01 09:30:00-04:00,10.675000190734863,10.675000190734863,10.675000190734863,10.675000190734863,308,0.0,0.0,0.0
2023-11-01 10:30:00-04:00,10.515000343322754,10.515000343322754,10.515000343322754,10.515000343322754,137,0.0,0.0,0.0
2023-11-01 12:30:00-04:00,10.729999542236328,10.729999542236328,10.729999542236328,10.729999542236328,475,0.0,0.0,0.0
2023-11-01 14:30:00-04:00,10.65999984741211,10.65999984741211,10.65999984741211,10.65999984741211,109,0.0,0.0,0.0
2023-11-01 15:30:00-04:00,10.560099601745605,10.560099601745605,10.550000190734863,10.550000190734863,0,0.0,0.0,0.0
2023-11-02 10:30:00-04:00,10.229999542236328,10.229999542236328,10.229999542236328,10.229999542236328,588,0.0,0.0,0.0
2023-11-02 11:30:00-04:00,10.229999542236328,10.229999542236328,10.199999809265137,10.199999809265137,715,0.0,0.0,0.0
2023-11-02 15:30:00-04:00,10.149999618530273,10.163000106811523,10.130000114440918,10.153599739074707,0,0.0,0.0,0.0
2023-11-03 09:30:00-04:00,9.819999694824219,9.84000015258789,9.819999694824219,9.829999923706055,1237,0.0,0.0,0.0
2023-11-03 15:30:00-04:00,9.79990005493164,9.802499771118164,9.79990005493164,9.802499771118164,1045,0.0,0.0,0.0
2023-11-06 10:30:00-05:00,9.920999526977539,9.920999526977539,9.899999618530273,9.899999618530273,1442,0.0,0.0,0.0
2023-11-06 12:30:00-05:00,9.960000038146973,9.960000038146973,9.960000038146973,9.960000038146973,5445,0.0,0.0,0.0
2023-11-06 13:30:00-05:00,9.96500015258789,9.96500015258789,9.96500015258789,9.96500015258789,570,0.0,0.0,0.0
2023-11-06 14:30:00-05:00,9.94320011138916,9.953399658203125,9.94320011138916,9.949999809265137,1116,0.0,0.0,0.0
2023-11-06 15:30:00-05:00,9.949999809265137,10.0,9.949999809265137,10.0,3380,0.0,0.0,0.0
2023-11-07 09:30:00-05:00,10.180000305175781,10.34000015258789,10.180000305175781,10.319999694824219,0,0.0,0.0,0.0
2023-11-07 10:30:00-05:00,10.274999618530273,10.274999618530273,10.274999618530273,10.274999618530273,664,0.0,0.0,0.0
2023-11-07 15:30:00-05:00,10.319999694824219,10.350000381469727,10.319999694824219,10.350000381469727,0,0.0,0.0,0.0
2023-11-08 09:30:00-05:00,10.260000228881836,10.260000228881836,10.239999771118164,10.239999771118164,3101,0.0,0.0,0.0
2023-11-08 10:30:00-05:00,10.289999961853027,10.289999961853027,10.289999961853027,10.289999961853027,351,0.0,0.0,0.0
2023-11-08 11:30:00-05:00,10.390000343322754,10.420000076293945,10.364999771118164,10.364999771118164,4743,0.0,0.0,0.0
2023-11-08 12:30:00-05:00,10.328700065612793,10.328700065612793,10.328700065612793,10.328700065612793,2000,0.0,0.0,0.0
2023-11-08 13:30:00-05:00,10.286299705505371,10.286299705505371,10.286299705505371,10.286299705505371,100,0.0,0.0,0.0
2023-11-08 14:30:00-05:00,10.279999732971191,10.279999732971191,10.279999732971191,10.279999732971191,301,0.0,0.0,0.0
2023-11-08 15:30:00-05:00,10.25,10.25,10.199999809265137,10.220000267028809,0,0.0,0.0,0.0
2023-11-09 09:30:00-05:00,10.260000228881836,10.260000228881836,10.222000122070312,10.225000381469727,8226,0.0,0.0,0.0
2023-11-09 15:30:00-05:00,10.439399719238281,10.439399719238281,10.439399719238281,10.439399719238281,0,0.0,0.0,0.0
2023-11-10 09:30:00-05:00,10.5,10.600000381469727,10.3100004196167,10.3100004196167,5591,0.0,0.0,0.0
2023-11-10 11:30:00-05:00,10.350000381469727,10.350000381469727,10.324999809265137,10.324999809265137,1734,0.0,0.0,0.0
2023-11-10 12:30:00-05:00,10.319999694824219,10.319999694824219,10.319999694824219,10.319999694824219,630,0.0,0.0,0.0
2023-11-10 13:30:00-05:00,10.23009967803955,10.260000228881836,10.229999542236328,10.239999771118164,4413,0.0,0.0,0.0
2023-11-10 15:30:00-05:00,10.229999542236328,10.239999771118164,10.199999809265137,10.239999771118164,1597,0.0,0.0,0.0
2023-11-13 09:30:00-05:00,10.305000305175781,10.3100004196167,10.270000457763672,10.3100004196167,7551,0.0,0.0,0.0
2023-11-13 10:30:00-05:00,10.220000267028809,10.220000267028809,10.210000038146973,10.210100173950195,3492,0.0,0.0,0.0
2023-11-13 15:30:00-05:00,10.210000038146973,10.255000114440918,10.210000038146973,10.255000114440918,250,0.0,0.0,0.0
2023-11-14 09:30:00-05:00,9.899999618530273,9.899999618530273,9.680000305175781,9.680000305175781,2993,0.0,0.0,0.0
2023-11-14 10:30:00-05:00,9.609999656677246,9.639900207519531,9.609999656677246,9.614999771118164,3750,0.0,0.0,0.0
2023-11-14 11:30:00-05:00,9.600000381469727,9.600000381469727,9.600000381469727,9.600000381469727,162,0.0,0.0,0.0
2023-11-14 13:30:00-05:00,9.614999771118164,9.614999771118164,9.614999771118164,9.614999771118164,396,0.0,0.0,0.0
2023-11-14 15:30:00-05:00,9.640000343322754,9.670000076293945,9.619999885559082,9.670000076293945,0,0.0,0.0,0.0
2023-11-15 09:30:00-05:00,9.539999961853027,9.600000381469727,9.5,9.5,6466,0.0,0.0,0.0
2023-11-15 10:30:00-05:00,9.4399995803833,9.4399995803833,9.420100212097168,9.420100212097168,2278,0.0,0.0,0.0
2023-11-15 14:30:00-05:00,9.539999961853027,9.539999961853027,9.531999588012695,9.533599853515625,552,0.0,0.0,0.0
2023-11-15 15:30:00-05:00,9.563599586486816,9.563599586486816,9.551600456237793,9.551600456237793,0,0.0,0.0,0.0
2023-11-16 09:30:00-05:00,9.550000190734863,9.550000190734863,9.550000190734863,9.550000190734863,209,0.0,0.0,0.0
2023-11-16 13:30:00-05:00,9.569999694824219,9.569999694824219,9.569999694824219,9.569999694824219,231,0.0,0.0,0.0
2023-11-16 15:30:00-05:00,9.545000076293945,9.569999694824219,9.517200469970703,9.527299880981445,0,0.0,0.0,0.0
2023-11-17 09:30:00-05:00,9.470000267028809,9.470000267028809,9.470000267028809,9.470000267028809,104,0.0,0.0,0.0
2023-11-17 11:30:00-05:00,9.489999771118164,9.489999771118164,9.489999771118164,9.489999771118164,128,0.0,0.0,0.0
2023-11-20 09:30:00-05:00,9.59000015258789,9.59000015258789,9.59000015258789,9.59000015258789,418,0.0,0.0,0.0
2023-11-20 11:30:00-05:00,9.460000038146973,9.470000267028809,9.4399995803833,9.448200225830078,4367,0.0,0.0,0.0
2023-11-20 12:30:00-05:00,9.4399995803833,9.4399995803833,9.4399995803833,9.4399995803833,192,0.0,0.0,0.0
2023-11-20 14:30:00-05:00,9.430000305175781,9.430000305175781,9.430000305175781,9.430000305175781,1503,0.0,0.0,0.0
2023-11-20 15:30:00-05:00,9.479999542236328,9.479999542236328,9.470399856567383,9.470399856567383,0,0.0,0.0,0.0
2023-11-21 10:30:00-05:00,9.38290023803711,9.38290023803711,9.36970043182373,9.378600120544434,1950,0.0,0.0,0.0
2023-11-22 10:30:00-05:00,9.410099983215332,9.425000190734863,9.40999984741211,9.40999984741211,4215,0.0,0.0,0.0
2023-11-22 11:30:00-05:00,9.40999984741211,9.40999984741211,9.40999984741211,9.40999984741211,134,0.0,0.0,0.0
2023-11-22 13:30:00-05:00,9.404999732971191,9.40999984741211,9.38230037689209,9.38230037689209,2053,0.0,0.0,0.0
2023-11-24 10:30:00-05:00,9.229999542236328,9.30679988861084,9.229999542236328,9.30679988861084,0,0.0,0.0,0.0
2023-11-27 11:30:00-05:00,9.369999885559082,9.370100021362305,9.369999885559082,9.370100021362305,3283,0.0,0.0,0.0
2023-11-27 12:30:00-05:00,9.35990047454834,9.35990047454834,9.35990047454834,9.35990047454834,731,0.0,0.0,0.0
2023-11-27 13:30:00-05:00,9.340100288391113,9.340100288391113,9.34000015258789,9.34000015258789,200,0.0,0.0,0.0
2023-11-27 15:30:00-05:00,9.319999694824219,9.350000381469727,9.319999694824219,9.350000381469727,3790,0.0,0.0,0.0
2023-11-28 09:30:00-05:00,9.359999656677246,9.37969970703125,9.3100004196167,9.359999656677246,444,0.0,0.0,0.0
2023-11-28 11:30:00-05:00,9.229999542236328,9.229999542236328,9.229999542236328,9.229999542236328,2130,0.0,0.0,0.0
2023-11-28 14:30:00-05:00,9.300000190734863,9.300000190734863,9.300000190734863,9.300000190734863,1004,0.0,0.0,0.0
2023-11-28 15:30:00-05:00,9.329999923706055,9.329999923706055,9.329999923706055,9.329999923706055,0,0.0,0.0,0.0
2023-11-29 09:30:00-05:00,9.180000305175781,9.180000305175781,9.180000305175781,9.180000305175781,372,0.0,0.0,0.0
2023-11-29 10:30:00-05:00,9.210000038146973,9.210000038146973,9.170000076293945,9.170000076293945,2022,0.0,0.0,0.0
2023-11-29 11:30:00-05:00,9.210000038146973,9.210000038146973,9.210000038146973,9.210000038146973,1013,0.0,0.0,0.0
2023-11-29 12:30:00-05:00,9.1850004196167,9.208999633789062,9.15999984741211,9.208999633789062,0,0.0,0.0,0.0
2023-11-30 09:30:00-05:00,9.15999984741211,9.15999984741211,9.100000381469727,9.100000381469727,677,0.0,0.0,0.0
2023-11-30 10:30:00-05:00,9.100000381469727,9.100000381469727,9.100000381469727,9.100000381469727,852,0.0,0.0,0.0
2023-11-30 15:30:00-05:00,9.0600004196167,9.0600004196167,9.02340030670166,9.02340030670166,0,0.0,0.0,0.0
2023-12-01 09:30:00-05:00,8.97029972076416,9.0,8.97029972076416,9.0,715,0.0,0.0,0.0
2023-12-01 10:30:00-05:00,8.989999771118164,8.989999771118164,8.969799995422363,8.970000267028809,2017,0.0,0.0,0.0
2023-12-01 11:30:00-05:00,8.869999885559082,8.869999885559082,8.779999732971191,8.779999732971191,1356,0.0,0.0,0.0
2023-12-01 13:30:00-05:00,8.833900451660156,8.84000015258789,8.829899787902832,8.84000015258789,2120,0.0,0.0,0.0
2023-12-01 14:30:00-05:00,8.819999694824219,8.819999694824219,8.819999694824219,8.819999694824219,296,0.0,0.0,0.0
2023-12-01 15:30:00-05:00,8.859999656677246,8.859999656677246,8.859999656677246,8.859999656677246,896,0.0,0.0,0.0
2023-12-04 09:30:00-05:00,8.894499778747559,9.020000457763672,8.894499778747559,8.979999542236328,0,0.0,0.0,0.0
2023-12-04 10:30:00-05:00,9.010000228881836,9.010000228881836,9.000100135803223,9.000100135803223,938,0.0,0.0,0.0
2023-12-04 11:30:00-05:00,9.000399589538574,9.001399993896484,8.992799758911133,9.001399993896484,583,0.0,0.0,0.0
2023-12-04 13:30:00-05:00,9.010000228881836,9.010000228881836,9.010000228881836,9.010000228881836,65311,0.0,0.0,0.0
2023-12-04 15:30:00-05:00,9.020000457763672,9.069999694824219,9.020000457763672,9.069999694824219,0,0.0,0.0,0.0
2023-12-05 09:30:00-05:00,9.20989990234375,9.300000190734863,9.20989990234375,9.29990005493164,2987,0.0,0.0,0.0
2023-12-05 10:30:00-05:00,9.270000457763672,9.270000457763672,9.270000457763672,9.270000457763672,335,0.0,0.0,0.0
2023-12-05 13:30:00-05:00,9.278900146484375,9.278900146484375,9.262800216674805,9.270000457763672,2128,0.0,0.0,0.0
2023-12-05 14:30:00-05:00,9.25,9.260000228881836,9.239999771118164,9.240099906921387,1909,0.0,0.0,0.0
2023-12-05 15:30:00-05:00,9.260000228881836,9.260000228881836,9.260000228881836,9.260000228881836,51036,0.0,0.0,0.0
2023-12-06 09:30:00-05:00,9.25,9.25,9.208399772644043,9.208399772644043,0,0.0,0.0,0.0
2023-12-06 10:30:00-05:00,9.25,9.25,9.25,9.25,542,0.0,0.0,0.0
2023-12-06 13:30:00-05:00,9.20009994506836,9.210000038146973,9.20009994506836,9.210000038146973,1814,0.0,0.0,0.0
2023-12-06 14:30:00-05:00,9.289999961853027,9.335800170898438,9.289999961853027,9.335800170898438,336,0.0,0.0,0.0
2023-12-07 09:30:00-05:00,9.34000015258789,9.34000015258789,9.34000015258789,9.34000015258789,535,0.0,0.0,0.0
2023-12-07 10:30:00-05:00,9.29990005493164,9.29990005493164,9.29990005493164,9.29990005493164,629,0.0,0.0,0.0
2023-12-07 15:30:00-05:00,9.270000457763672,9.270000457763672,9.1899995803833,9.1899995803833,0,0.0,0.0,0.0
2023-12-08 11:30:00-05:00,9.182999610900879,9.182999610900879,9.15999984741211,9.160099983215332,775,0.0,0.0,0.0
2023-12-08 15:30:00-05:00,9.145000457763672,9.145099639892578,9.145000457763672,9.145099639892578,305,0.0,0.0,0.0
2023-12-11 09:30:00-05:00,9.149999618530273,9.150099754333496,9.149999618530273,9.150099754333496,0,0.0,0.0,0.0
2023-12-11 11:30:00-05:00,9.079999923706055,9.079999923706055,9.079899787902832,9.079899787902832,356,0.0,0.0,0.0
2023-12-11 13:30:00-05:00,9.063400268554688,9.063400268554688,9.063400268554688,9.063400268554688,800,0.0,0.0,0.0
2023-12-11 15:30:00-05:00,9.029999732971191,9.029999732971191,9.028400421142578,9.028400421142578,0,0.0,0.0,0.0
2023-12-12 09:30:00-05:00,8.899999618530273,8.899999618530273,8.899999618530273,8.899999618530273,300,0.0,0.0,0.0
2023-12-12 11:30:00-05:00,8.969900131225586,8.969900131225586,8.969900131225586,8.969900131225586,158,0.0,0.0,0.0
2023-12-12 15:30:00-05:00,8.899999618530273,8.919599533081055,8.899999618530273,8.919599533081055,0,0.0,0.0,0.0
2023-12-13 09:30:00-05:00,9.060700416564941,9.089900016784668,9.060700416564941,9.089900016784668,276,0.0,0.0,0.0
2023-12-13 11:30:00-05:00,9.069999694824219,9.10990047454834,9.069999694824219,9.10990047454834,374,0.0,0.0,0.0
2023-12-13 14:30:00-05:00,8.8100004196167,8.8100004196167,8.75,8.75,596,0.0,0.0,0.0
2023-12-13 15:30:00-05:00,8.6899995803833,8.699999809265137,8.6899995803833,8.699999809265137,1420,0.0,0.0,0.0
2023-12-14 09:30:00-05:00,8.550000190734863,8.550000190734863,8.329999923706055,8.390000343322754,2465,0.0,0.0,0.0
2023-12-14 11:30:00-05:00,8.350000381469727,8.350000381469727,8.350000381469727,8.350000381469727,132,0.0,0.0,0.0
2023-12-14 12:30:00-05:00,8.374099731445312,8.42490005493164,8.369999885559082,8.42490005493164,745,0.0,0.0,0.0
2023-12-15 09:30:00-05:00,8.40999984741211,8.40999984741211,8.40999984741211,8.40999984741211,0,0.0,0.0,0.0
2023-12-15 11:30:00-05:00,8.399999618530273,8.40999984741211,8.390000343322754,8.390000343322754,7805,0.0,0.0,0.0
2023-12-15 15:30:00-05:00,8.479999542236328,8.479999542236328,8.450599670410156,8.450599670410156,600,0.0,0.0,0.0
2023-12-18 09:30:00-05:00,8.390000343322754,8.390000343322754,8.390000343322754,8.390000343322754,0,0.0,0.0,0.0
2023-12-18 10:30:00-05:00,8.430000305175781,8.444600105285645,8.390000343322754,8.390000343322754,2177,0.0,0.0,0.0
2023-12-18 11:30:00-05:00,8.40060043334961,8.403200149536133,8.39009952545166,8.403200149536133,478,0.0,0.0,0.0
2023-12-18 15:30:00-05:00,8.430000305175781,8.454700469970703,8.430000305175781,8.454700469970703,0,0.0,0.0,0.0
2023-12-19 10:30:00-05:00,8.274999618530273,8.274999618530273,8.274999618530273,8.274999618530273,2061,0.0,0.0,0.0
2023-12-19 13:30:00-05:00,8.270000457763672,8.270099639892578,8.270000457763672,8.270099639892578,767,0.0,0.0,0.0
2023-12-19 15:30:00-05:00,8.300000190734863,8.300200462341309,8.300000190734863,8.300200462341309,0,0.0,0.0,0.0
2023-12-20 09:30:00-05:00,8.190099716186523,8.190099716186523,8.190099716186523,8.190099716186523,260,0.0,0.0,0.0
2023-12-20 12:30:00-05:00,8.199999809265137,8.199999809265137,8.199999809265137,8.199999809265137,7051,0.0,0.0,0.0
2023-12-20 15:30:00-05:00,8.3681001663208,8.380000114440918,8.3681001663208,8.369999885559082,1687,0.0,0.0,0.0
2023-12-21 09:30:00-05:00,8.34000015258789,8.34000015258789,8.300000190734863,8.324999809265137,431,0.0,0.0,0.0
2023-12-21 10:30:00-05:00,8.279999732971191,8.3100004196167,8.279999732971191,8.28600025177002,3919,0.0,0.0,0.0
2023-12-21 11:30:00-05:00,8.252400398254395,8.252400398254395,8.164899826049805,8.164899826049805,0,0.0,0.0,0.0
2023-12-26 09:30:00-05:00,8.300000190734863,8.300000190734863,8.093500137329102,8.110600471496582,7563,0.0,0.0,0.0
2023-12-26 11:30:00-05:00,8.109999656677246,8.109999656677246,8.085100173950195,8.085100173950195,1759,0.0,0.0,0.0
2023-12-27 09:30:00-05:00,8.06760025024414,8.06760025024414,8.050000190734863,8.050000190734863,0,0.0,0.0,0.0
2023-12-27 15:30:00-05:00,8.069999694824219,8.069999694824219,8.029999732971191,8.029999732971191,0,0.0,0.0,0.0
2023-12-28 13:30:00-05:00,8.09000015258789,8.09000015258789,8.09000015258789,8.09000015258789,244,0.0,0.0,0.0
2023-12-28 15:30:00-05:00,8.140000343322754,8.140000343322754,8.138299942016602,8.138299942016602,0,0.0,0.0,0.0
2023-12-29 09:30:00-05:00,8.130000114440918,8.186599731445312,8.130000114440918,8.186599731445312,214,0.0,0.0,0.0
2024-01-02 10:30:00-05:00,8.223400115966797,8.279999732971191,8.223400115966797,8.223400115966797,186,0.0,0.0,0.0
2024-01-03 09:30:00-05:00,8.399999618530273,8.439900398254395,8.385000228881836,8.439900398254395,2555,0.0,0.0,0.0
2024-01-03 11:30:00-05:00,8.390000343322754,8.420000076293945,8.390000343322754,8.420000076293945,425,0.0,0.0,0.0
2024-01-03 13:30:00-05:00,8.329999923706055,8.329999923706055,8.320099830627441,8.320099830627441,2209,0.0,0.0,0.0
2024-01-04 09:30:00-05:00,8.420000076293945,8.4399995803833,8.420000076293945,8.420000076293945,1821,0.0,0.0,0.0
2024-01-04 11:30:00-05:00,8.430000305175781,8.430000305175781,8.430000305175781,8.430000305175781,384,0.0,0.0,0.0
2024-01-04 12:30:00-05:00,8.430000305175781,8.456999778747559,8.430000305175781,8.456999778747559,980,0.0,0.0,0.0
2024-01-04 13:30:00-05:00,8.460000038146973,8.460000038146973,8.4399995803833,8.4399995803833,670,0.0,0.0,0.0
2024-01-04 15:30:00-05:00,8.449999809265137,8.462699890136719,8.449899673461914,8.462699890136719,0,0.0,0.0,0.0
2024-01-05 09:30:00-05:00,8.479999542236328,8.479999542236328,8.369999885559082,8.369999885559082,1182,0.0,0.0,0.0
2024-01-05 10:30:00-05:00,8.42590045928955,8.42590045928955,8.42590045928955,8.42590045928955,100,0.0,0.0,0.0
2024-01-05 11:30:00-05:00,8.489999771118164,8.489999771118164,8.489899635314941,8.489899635314941,360,0.0,0.0,0.0
2024-01-05 15:30:00-05:00,8.470000267028809,8.470000267028809,8.460000038146973,8.460000038146973,1133,0.0,0.0,0.0
2024-01-08 09:30:00-05:00,8.542400360107422,8.542400360107422,8.539999961853027,8.539999961853027,702,0.0,0.0,0.0
2024-01-08 10:30:00-05:00,8.510000228881836,8.510000228881836,8.510000228881836,8.510000228881836,2347,0.0,0.0,0.0
2024-01-08 11:30:00-05:00,8.479999542236328,8.520000457763672,8.479999542236328,8.520000457763672,900,0.0,0.0,0.0
2024-01-08 14:30:00-05:00,8.420000076293945,8.430000305175781,8.420000076293945,8.429900169372559,581,0.0,0.0,0.0
2024-01-08 15:30:00-05:00,8.390000343322754,8.390000343322754,8.362299919128418,8.362299919128418,0,0.0,0.0,0.0
2024-01-09 10:30:00-05:00,8.581500053405762,8.581500053405762,8.581500053405762,8.581500053405762,803,0.0,0.0,0.0
2024-01-09 11:30:00-05:00,8.5600004196167,8.5600004196167,8.559900283813477,8.559900283813477,1618,0.0,0.0,0.0
2024-01-09 13:30:00-05:00,8.579999923706055,8.579999923706055,8.520000457763672,8.520000457763672,1258,0.0,0.0,0.0
2024-01-09 15:30:00-05:00,8.570699691772461,8.579999923706055,8.554400444030762,8.554400444030762,0,0.0,0.0,0.0
2024-01-10 09:30:00-05:00,8.580100059509277,8.619999885559082,8.580100059509277,8.619999885559082,364,0.0,0.0,0.0
2024-01-10 11:30:00-05:00,8.630000114440918,8.630000114440918,8.630000114440918,8.630000114440918,1100,0.0,0.0,0.0
2024-01-10 13:30:00-05:00,8.600000381469727,8.600000381469727,8.600000381469727,8.600000381469727,106,0.0,0.0,0.0
2024-01-10 14:30:00-05:00,8.600000381469727,8.600000381469727,8.579000473022461,8.579000473022461,393,0.0,0.0,0.0
2024-01-10 15:30:00-05:00,8.6072998046875,8.640000343322754,8.605500221252441,8.605500221252441,0,0.0,0.0,0.0
2024-01-11 09:30:00-05:00,8.609999656677246,8.720000267028809,8.609999656677246,8.720000267028809,662,0.0,0.0,0.0
2024-01-11 10:30:00-05:00,8.759900093078613,8.760000228881836,8.759900093078613,8.759900093078613,200,0.0,0.0,0.0
2024-01-11 11:30:00-05:00,8.760000228881836,8.760000228881836,8.746100425720215,8.746100425720215,1338,0.0,0.0,0.0
2024-01-11 14:30:00-05:00,8.630000114440918,8.630000114440918,8.630000114440918,8.630000114440918,140,0.0,0.0,0.0
2024-01-11 15:30:00-05:00,8.654999732971191,8.654999732971191,8.641799926757812,8.641799926757812,199,0.0,0.0,0.0
2024-01-12 09:30:00-05:00,8.569999694824219,8.569999694824219,8.539999961853027,8.550000190734863,0,0.0,0.0,0.0
2024-01-16 09:30:00-05:00,8.680000305175781,8.680000305175781,8.680000305175781,8.680000305175781,0,0.0,0.0,0.0
2024-01-16 10:30:00-05:00,8.729999542236328,8.774999618530273,8.729999542236328,8.774999618530273,2345,0.0,0.0,0.0
2024-01-16 11:30:00-05:00,8.800000190734863,8.850000381469727,8.800000190734863,8.850000381469727,24335,0.0,0.0,0.0
2024-01-16 12:30:00-05:00,8.854999542236328,8.880000114440918,8.854999542236328,8.879899978637695,1580,0.0,0.0,0.0
2024-01-16 13:30:00-05:00,8.866000175476074,8.866000175476074,8.853500366210938,8.853500366210938,1212,0.0,0.0,0.0
2024-01-17 09:30:00-05:00,9.0,9.00979995727539,8.942700386047363,8.979900360107422,5815,0.0,0.0,0.0
2024-01-17 11:30:00-05:00,8.949999809265137,8.949999809265137,8.943400382995605,8.943400382995605,1516,0.0,0.0,0.0
2024-01-17 14:30:00-05:00,9.017000198364258,9.017000198364258,9.017000198364258,9.017000198364258,540,0.0,0.0,0.0
2024-01-17 15:30:00-05:00,9.0,9.010000228881836,9.0,9.010000228881836,0,0.0,0.0,0.0
2024-01-18 09:30:00-05:00,9.002099990844727,9.029800415039062,9.002099990844727,9.029800415039062,939,0.0,0.0,0.0
2024-01-18 10:30:00-05:00,9.055899620056152,9.055899620056152,9.055899620056152,9.055899620056152,518,0.0,0.0,0.0
2024-01-18 11:30:00-05:00,9.039999961853027,9.039999961853027,9.029999732971191,9.029999732971191,444,0.0,0.0,0.0
2024-01-18 12:30:00-05:00,9.09000015258789,9.09000015258789,9.047699928283691,9.069999694824219,875,0.0,0.0,0.0
2024-01-18 13:30:00-05:00,9.039999961853027,9.04990005493164,9.012700080871582,9.039999961853027,2927,0.0,0.0,0.0
2024-01-18 15:30:00-05:00,8.899999618530273,8.960000038146973,8.899999618530273,8.949999809265137,6894,0.0,0.0,0.0
2024-01-19 09:30:00-05:00,8.850000381469727,9.069999694824219,8.850000381469727,9.069999694824219,0,0.0,0.0,0.0
2024-01-19 12:30:00-05:00,8.96560001373291,8.96560001373291,8.9399995803833,8.940099716186523,1818,0.0,0.0,0.0
2024-01-19 13:30:00-05:00,8.930000305175781,8.949999809265137,8.910200119018555,8.910200119018555,1501,0.0,0.0,0.0
2024-01-19 14:30:00-05:00,8.900099754333496,8.900099754333496,8.895000457763672,8.895000457763672,3498,0.0,0.0,0.0
2024-01-19 15:30:00-05:00,8.890000343322754,8.901000022888184,8.890000343322754,8.901000022888184,754,0.0,0.0,0.0
2024-01-22 11:30:00-05:00,8.854999542236328,8.854999542236328,8.84000015258789,8.84000015258789,0,0.0,0.0,0.0
2024-01-22 12:30:00-05:00,8.84000015258789,8.875,8.84000015258789,8.875,2582,0.0,0.0,0.0
2024-01-22 13:30:00-05:00,8.870100021362305,8.887299537658691,8.870100021362305,8.880000114440918,1200,0.0,0.0,0.0
2024-01-22 14:30:00-05:00,8.859999656677246,8.872699737548828,8.841699600219727,8.841699600219727,0,0.0,0.0,0.0
2024-01-23 10:30:00-05:00,8.840200424194336,8.840200424194336,8.84000015258789,8.840200424194336,1114,0.0,0.0,0.0
2024-01-23 11:30:00-05:00,8.8100004196167,8.8100004196167,8.8100004196167,8.8100004196167,0,0.0,0.0,0.0
2024-01-23 13:30:00-05:00,8.770099639892578,8.770099639892578,8.770000457763672,8.770099639892578,3104,0.0,0.0,0.0
2024-01-23 15:30:00-05:00,8.770000457763672,8.770000457763672,8.770000457763672,8.770000457763672,0,0.0,0.0,0.0
2024-01-24 09:30:00-05:00,8.904999732971191,8.9197998046875,8.904999732971191,8.910599708557129,2552,0.0,0.0,0.0
2024-01-24 14:30:00-05:00,8.979999542236328,8.979999542236328,8.979999542236328,8.979999542236328,130,0.0,0.0,0.0
2024-01-24 15:30:00-05:00,9.0,9.04990005493164,8.994999885559082,9.045499801635742,0,0.0,0.0,0.0
2024-01-25 12:30:00-05:00,9.0,9.0,9.0,9.0,321,0.0,0.0,0.0
2024-01-25 13:30:00-05:00,8.967700004577637,8.9798002243042,8.949999809265137,8.949999809265137,1130,0.0,0.0,0.0
2024-01-25 14:30:00-05:00,8.9399995803833,8.9399995803833,8.9399995803833,8.9399995803833,326,0.0,0.0,0.0
2024-01-25 15:30:00-05:00,8.882699966430664,8.882699966430664,8.882699966430664,8.882699966430664,0,0.0,0.0,0.0
2024-01-26 09:30:00-05:00,8.8100004196167,8.84000015258789,8.760000228881836,8.815699577331543,2830,0.0,0.0,0.0
2024-01-26 10:30:00-05:00,8.760000228881836,8.774999618530273,8.760000228881836,8.774999618530273,421,0.0,0.0,0.0
2024-01-26 13:30:00-05:00,8.880000114440918,8.880000114440918,8.880000114440918,8.880000114440918,183,0.0,0.0,0.0
2024-01-26 14:30:00-05:00,8.84000015258789,8.856300354003906,8.84000015258789,8.856300354003906,200,0.0,0.0,0.0
2024-01-29 09:30:00-05:00,8.8100004196167,8.90999984741211,8.8100004196167,8.90999984741211,261,0.0,0.0,0.0
2024-01-29 10:30:00-05:00,8.890000343322754,8.904999732971191,8.890000343322754,8.904999732971191,202,0.0,0.0,0.0
2024-01-29 13:30:00-05:00,8.899999618530273,8.914999961853027,8.899999618530273,8.914999961853027,400,0.0,0.0,0.0
2024-01-29 14:30:00-05:00,8.869999885559082,8.869999885559082,8.814399719238281,8.814399719238281,3236,0.0,0.0,0.0
2024-01-29 15:30:00-05:00,8.805000305175781,8.8100004196167,8.75,8.75,0,0.0,0.0,0.0
2024-01-30 09:30:00-05:00,8.687000274658203,8.687000274658203,8.687000274658203,8.687000274658203,418,0.0,0.0,0.0
2024-01-30 10:30:00-05:00,8.760000228881836,8.760000228881836,8.729999542236328,8.729999542236328,23002,0.0,0.0,0.0
2024-01-30 11:30:00-05:00,8.649999618530273,8.649999618530273,8.649999618530273,8.649999618530273,584,0.0,0.0,0.0
2024-01-30 12:30:00-05:00,8.670000076293945,8.670100212097168,8.670000076293945,8.670000076293945,0,0.0,0.0,0.0
2024-01-30 13:30:00-05:00,8.689499855041504,8.689499855041504,8.689499855041504,8.689499855041504,62,0.0,0.0,0.0
2024-01-31 11:30:00-05:00,8.729999542236328,8.891500473022461,8.729999542236328,8.891500473022461,357,0.0,0.0,0.0
2024-02-01 09:30:00-05:00,8.6899995803833,8.6899995803833,8.639399528503418,8.639399528503418,1743,0.0,0.0,0.0
2024-02-01 10:30:00-05:00,8.84000015258789,8.84000015258789,8.84000015258789,8.84000015258789,141,0.0,0.0,0.0
2024-02-01 13:30:00-05:00,8.696200370788574,8.696200370788574,8.651700019836426,8.651700019836426,0,0.0,0.0,0.0
2024-02-02 15:30:00-05:00,8.699999809265137,8.719099998474121,8.699999809265137,8.719099998474121,1058,0.0,0.0,0.0
2024-02-05 09:30:00-05:00,9.079999923706055,9.253600120544434,9.079999923706055,9.253600120544434,3411,0.0,0.0,0.0
2024-02-05 12:30:00-05:00,9.170000076293945,9.170000076293945,9.169899940490723,9.169899940490723,412,0.0,0.0,0.0
2024-02-05 14:30:00-05:00,9.139900207519531,9.139900207519531,9.139900207519531,9.139900207519531,224,0.0,0.0,0.0
2024-02-05 15:30:00-05:00,9.149999618530273,9.15999984741211,9.149999618530273,9.149999618530273,0,0.0,0.0,0.0
2024-02-06 09:30:00-05:00,9.130000114440918,9.130000114440918,9.021300315856934,9.021300315856934,600,0.0,0.0,0.0
2024-02-06 12:30:00-05:00,8.6899995803833,8.860099792480469,8.680000305175781,8.860099792480469,10010,0.0,0.0,0.0
2024-02-06 13:30:00-05:00,8.853899955749512,8.853899955749512,8.825900077819824,8.84000015258789,11399,0.0,0.0,0.0
2024-02-06 14:30:00-05:00,8.848999977111816,8.869999885559082,8.829999923706055,8.869999885559082,9332,0.0,0.0,0.0
2024-02-06 15:30:00-05:00,8.880000114440918,8.880000114440918,8.871199607849121,8.871199607849121,243,0.0,0.0,0.0
2024-02-07 09:30:00-05:00,8.710000038146973,8.739999771118164,8.699999809265137,8.739999771118164,0,0.0,0.0,0.0
2024-02-07 10:30:00-05:00,8.71660041809082,8.71969985961914,8.710000038146973,8.71500015258789,1799,0.0,0.0,0.0
2024-02-07 11:30:00-05:00,8.724100112915039,8.760000228881836,8.704999923706055,8.744999885559082,1947,0.0,0.0,0.0
2024-02-07 12:30:00-05:00,8.70009994506836,8.70009994506836,8.70009994506836,8.70009994506836,445,0.0,0.0,0.0
2024-02-07 14:30:00-05:00,8.699999809265137,8.70009994506836,8.699999809265137,8.70009994506836,323,0.0,0.0,0.0
2024-02-07 15:30:00-05:00,8.729999542236328,8.729999542236328,8.710000038146973,8.710000038146973,0,0.0,0.0,0.0
2024-02-08 09:30:00-05:00,8.779999732971191,8.779999732971191,8.770000457763672,8.770099639892578,2454,0.0,0.0,0.0
2024-02-08 10:30:00-05:00,8.859999656677246,8.859999656677246,8.85990047454834,8.85990047454834,680,0.0,0.0,0.0
2024-02-08 12:30:00-05:00,8.789899826049805,8.789899826049805,8.789899826049805,8.789899826049805,128,0.0,0.0,0.0
2024-02-08 13:30:00-05:00,8.770000457763672,8.770000457763672,8.758299827575684,8.758299827575684,0,0.0,0.0,0.0
2024-02-09 11:30:00-05:00,8.841899871826172,8.841899871826172,8.841899871826172,8.841899871826172,582,0.0,0.0,0.0
2024-02-09 12:30:00-05:00,8.760000228881836,8.760199546813965,8.760000228881836,8.760199546813965,500,0.0,0.0,0.0
2024-02-09 13:30:00-05:00,8.759900093078613,8.759900093078613,8.749899864196777,8.749899864196777,523,0.0,0.0,0.0
2024-02-09 15:30:00-05:00,8.756099700927734,8.756099700927734,8.73740005493164,8.73740005493164,329,0.0,0.0,0.0
2024-02-12 09:30:00-05:00,8.65999984741211,8.65999984741211,8.649999618530273,8.650099754333496,0,0.0,0.0,0.0
2024-02-12 11:30:00-05:00,8.559900283813477,8.559900283813477,8.559900283813477,8.559900283813477,261,0.0,0.0,0.0
2024-02-12 14:30:00-05:00,8.569899559020996,8.59220027923584,8.569899559020996,8.59220027923584,0,0.0,0.0,0.0
2024-02-13 09:30:00-05:00,8.770000457763672,8.890000343322754,8.770000457763672,8.890000343322754,2818,0.0,0.0,0.0
2024-02-13 10:30:00-05:00,8.879599571228027,8.880000114440918,8.84000015258789,8.84000015258789,2900,0.0,0.0,0.0
2024-02-13 15:30:00-05:00,8.899999618530273,8.899999618530273,8.819999694824219,8.819999694824219,0,0.0,0.0,0.0
2024-02-14 09:30:00-05:00,8.751299858093262,8.777099609375,8.740300178527832,8.75,1672,0.0,0.0,0.0
2024-02-14 11:30:00-05:00,8.760000228881836,8.760000228881836,8.760000228881836,8.760000228881836,380,0.0,0.0,0.0
2024-02-14 12:30:00-05:00,8.760000228881836,8.760000228881836,8.760000228881836,8.760000228881836,100,0.0,0.0,0.0
2024-02-14 14:30:00-05:00,8.720000267028809,8.720000267028809,8.720000267028809,8.720000267028809,180,0.0,0.0,0.0
2024-02-14 15:30:00-05:00,8.735099792480469,8.735099792480469,8.6899995803833,8.6899995803833,0,0.0,0.0,0.0
2024-02-15 09:30:00-05:00,8.48009967803955,8.489999771118164,8.48009967803955,8.489999771118164,1001,0.0,0.0,0.0
2024-02-15 13:30:00-05:00,8.401000022888184,8.401000022888184,8.399999618530273,8.400099754333496,0,0.0,0.0,0.0
2024-02-15 14:30:00-05:00,8.359999656677246,8.360099792480469,8.359999656677246,8.360099792480469,2518,0.0,0.0,0.0
2024-02-15 15:30:00-05:00,8.400099754333496,8.40369987487793,8.400099754333496,8.40369987487793,0,0.0,0.0,0.0
2024-02-16 09:30:00-05:00,8.350000381469727,8.350000381469727,8.289999961853027,8.289999961853027,980,0.0,0.0,0.0
2024-02-16 14:30:00-05:00,8.270000457763672,8.270999908447266,8.260000228881836,8.260000228881836,1333,0.0,0.0,0.0
2024-02-16 15:30:00-05:00,8.289999961853027,8.326899528503418,8.289999961853027,8.326899528503418,1526,0.0,0.0,0.0
2024-02-20 11:30:00-05:00,8.350000381469727,8.369199752807617,8.350000381469727,8.369199752807617,1773,0.0,0.0,0.0
2024-02-20 13:30:00-05:00,8.34000015258789,8.34000015258789,8.34000015258789,8.34000015258789,1235,0.0,0.0,0.0
2024-02-20 14:30:00-05:00,8.32960033416748,8.372400283813477,8.32960033416748,8.372400283813477,0,0.0,0.0,0.0
2024-02-21 15:30:00-05:00,8.239999771118164,8.239999771118164,8.239999771118164,8.239999771118164,317,0.0,0.0,0.0
2024-02-22 09:30:00-05:00,8.199999809265137,8.199999809265137,8.199999809265137,8.199999809265137,0,0.0,0.0,0.0
2024-02-22 10:30:00-05:00,8.199999809265137,8.210200309753418,8.1899995803833,8.196200370788574,4180,0.0,0.0,0.0
2024-02-22 13:30:00-05:00,8.170000076293945,8.170000076293945,8.130000114440918,8.130000114440918,566,0.0,0.0,0.0
2024-02-22 15:30:00-05:00,8.109700202941895,8.109700202941895,8.092100143432617,8.092100143432617,0,0.0,0.0,0.0
2024-02-23 09:30:00-05:00,8.100000381469727,8.100000381469727,8.099900245666504,8.100000381469727,3100,0.0,0.0,0.0
2024-02-23 11:30:00-05:00,8.069999694824219,8.069999694824219,8.029899597167969,8.029999732971191,1858,0.0,0.0,0.0
2024-02-23 13:30:00-05:00,7.980100154876709,7.980100154876709,7.980100154876709,7.980100154876709,1516,0.0,0.0,0.0
2024-02-26 13:30:00-05:00,8.100000381469727,8.100000381469727,8.100000381469727,8.100000381469727,0,0.0,0.0,0.0
2024-02-26 14:30:00-05:00,8.095000267028809,8.101699829101562,8.095000267028809,8.101699829101562,204,0.0,0.0,0.0
2024-02-27 09:30:00-05:00,8.059800148010254,8.059800148010254,8.039999961853027,8.039999961853027,894,0.0,0.0,0.0
2024-02-27 10:30:00-05:00,8.069999694824219,8.069999694824219,8.069999694824219,8.069999694824219,448,0.0,0.0,0.0
2024-02-27 11:30:00-05:00,8.099900245666504,8.099900245666504,8.099900245666504,8.099900245666504,381,0.0,0.0,0.0
2024-02-27 14:30:00-05:00,8.069999694824219,8.069999694824219,8.069999694824219,8.069999694824219,445,0.0,0.0,0.0
2024-02-27 15:30:00-05:00,8.069999694824219,8.069999694824219,8.058300018310547,8.058300018310547,0,0.0,0.0,0.0
2024-02-28 14:30:00-05:00,8.010000228881836,8.010000228881836,8.009900093078613,8.009900093078613,289,0.0,0.0,0.0
2024-02-28 15:30:00-05:00,8.039999961853027,8.039999961853027,8.022000312805176,8.022000312805176,0,0.0,0.0,0.0
2024-02-29 09:30:00-05:00,7.849999904632568,7.923900127410889,7.849999904632568,7.909999847412109,1865,0.0,0.0,0.0
2024-02-29 14:30:00-05:00,7.8719000816345215,7.8719000816345215,7.825799942016602,7.825799942016602,0,0.0,0.0,0.0
2024-03-04 09:30:00-05:00,7.820000171661377,7.820000171661377,7.820000171661377,7.820000171661377,4376,0.0,0.0,0.0
2024-03-04 10:30:00-05:00,7.730000019073486,7.730100154876709,7.730000019073486,7.730100154876709,1200,0.0,0.0,0.0
2024-03-04 15:30:00-05:00,7.75,7.75,7.75,7.75,331,0.0,0.0,0.0
2024-03-05 09:30:00-05:00,7.820000171661377,7.820000171661377,7.699999809265137,7.699999809265137,547,0.0,0.0,0.0
2024-03-05 10:30:00-05:00,7.730000019073486,7.739999771118164,7.71999979019165,7.739999771118164,2185,0.0,0.0,0.0
2024-03-05 11:30:00-05:00,7.699999809265137,7.730000019073486,7.690000057220459,7.730000019073486,1356,0.0,0.0,0.0
2024-03-05 15:30:00-05:00,7.820000171661377,7.820000171661377,7.689899921417236,7.689899921417236,0,0.0,0.0,0.0
2024-03-07 13:30:00-05:00,7.519499778747559,7.519499778747559,7.519499778747559,7.519499778747559,496,0.0,0.0,0.0
2024-03-07 14:30:00-05:00,7.539899826049805,7.539899826049805,7.502500057220459,7.502500057220459,0,0.0,0.0,0.0
2024-03-08 09:30:00-05:00,7.460000038146973,7.586299896240234,7.460000038146973,7.586299896240234,1400,0.0,0.0,0.0
2024-03-11 10:30:00-04:00,7.539999961853027,7.539999961853027,7.519999980926514,7.519999980926514,269,0.0,0.0,0.0
2024-03-11 11:30:00-04:00,7.53000020980835,7.53000020980835,7.53000020980835,7.53000020980835,673,0.0,0.0,0.0
2024-03-11 12:30:00-04:00,7.460000038146973,7.460000038146973,7.460000038146973,7.460000038146973,1152,0.0,0.0,0.0
2024-03-11 13:30:00-04:00,7.435200214385986,7.445000171661377,7.435200214385986,7.445000171661377,2108,0.0,0.0,0.0
2024-03-11 14:30:00-04:00,7.440000057220459,7.440000057220459,7.389999866485596,7.390100002288818,2252,0.0,0.0,0.0
2024-03-11 15:30:00-04:00,7.409999847412109,7.422599792480469,7.409999847412109,7.422599792480469,0,0.0,0.0,0.0
2024-03-12 09:30:00-04:00,7.429999828338623,7.429999828338623,7.429999828338623,7.429999828338623,235,0.0,0.0,0.0
2024-03-12 10:30:00-04:00,7.420000076293945,7.420000076293945,7.420000076293945,7.420000076293945,319,0.0,0.0,0.0
2024-03-12 14:30:00-04:00,7.420000076293945,7.420300006866455,7.420000076293945,7.420300006866455,0,0.0,0.0,0.0
2024-03-13 10:30:00-04:00,7.269999980926514,7.270100116729736,7.269999980926514,7.270100116729736,738,0.0,0.0,0.0
2024-03-13 12:30:00-04:00,7.239999771118164,7.239999771118164,7.239999771118164,7.239999771118164,1509,0.0,0.0,0.0
2024-03-13 15:30:00-04:00,7.28000020980835,7.28000020980835,7.28000020980835,7.28000020980835,157,0.0,0.0,0.0
2024-03-14 09:30:00-04:00,7.260000228881836,7.260000228881836,7.260000228881836,7.260000228881836,0,0.0,0.0,0.0
2024-03-14 14:30:00-04:00,7.379199981689453,7.379199981689453,7.379199981689453,7.379199981689453,115,0.0,0.0,0.0
2024-03-14 15:30:00-04:00,7.389999866485596,7.40500020980835,7.379300117492676,7.379300117492676,0,0.0,0.0,0.0
2024-03-15 15:30:00-04:00,7.361000061035156,7.364500045776367,7.361000061035156,7.364500045776367,4302,0.0,0.0,0.0
2024-03-18 09:30:00-04:00,7.309999942779541,7.331299781799316,7.309999942779541,7.331299781799316,0,0.0,0.0,0.0
2024-03-18 14:30:00-04:00,7.269999980926514,7.336900234222412,7.269999980926514,7.336900234222412,0,0.0,0.0,0.0
2024-03-19 09:30:00-04:00,7.349999904632568,7.349999904632568,7.349999904632568,7.349999904632568,303,0.0,0.0,0.0
2024-03-19 10:30:00-04:00,7.39709997177124,7.39709997177124,7.39709997177124,7.39709997177124,307,0.0,0.0,0.0
2024-03-19 13:30:00-04:00,7.340000152587891,7.369999885559082,7.340000152587891,7.369999885559082,282,0.0,0.0,0.0
2024-03-19 15:30:00-04:00,7.369999885559082,7.369999885559082,7.337900161743164,7.337900161743164,100,0.0,0.0,0.0
2024-03-20 09:30:00-04:00,7.230000019073486,7.260000228881836,7.230000019073486,7.260000228881836,309,0.0,0.0,0.0
2024-03-20 14:30:00-04:00,7.110000133514404,7.110000133514404,7.110000133514404,7.110000133514404,550,0.0,0.0,0.0
2024-03-20 15:30:00-04:00,7.110000133514404,7.110000133514404,7.110000133514404,7.110000133514404,0,0.0,0.0,0.0
2024-03-21 09:30:00-04:00,7.110000133514404,7.110000133514404,7.110000133514404,7.110000133514404,720,0.0,0.0,0.0
2024-03-21 15:30:00-04:00,7.059999942779541,7.0680999755859375,7.059999942779541,7.0680999755859375,0,0.0,0.0,0.0
2024-03-22 10:30:00-04:00,7.110000133514404,7.110000133514404,7.110000133514404,7.110000133514404,374,0.0,0.0,0.0
2024-03-22 12:30:00-04:00,7.179999828338623,7.179999828338623,7.179900169372559,7.179900169372559,802,0.0,0.0,0.0
2024-03-22 13:30:00-04:00,7.110000133514404,7.144199848175049,7.110000133514404,7.144199848175049,751,0.0,0.0,0.0
2024-03-25 09:30:00-04:00,7.114999771118164,7.119999885559082,7.114999771118164,7.119999885559082,694,0.0,0.0,0.0
2024-03-25 10:30:00-04:00,7.125,7.125,7.125,7.125,170,0.0,0.0,0.0
2024-03-25 15:30:00-04:00,7.168600082397461,7.168600082397461,7.164299964904785,7.164299964904785,0,0.0,0.0,0.0
2024-03-26 09:30:00-04:00,7.139999866485596,7.139999866485596,7.139999866485596,7.139999866485596,1269,0.0,0.0,0.0
2024-03-26 13:30:00-04:00,7.150000095367432,7.150000095367432,7.150000095367432,7.150000095367432,200,0.0,0.0,0.0
2024-03-26 14:30:00-04:00,7.160099983215332,7.160099983215332,7.160099983215332,7.160099983215332,260,0.0,0.0,0.0
2024-03-26 15:30:00-04:00,7.16949987411499,7.179999828338623,7.16949987411499,7.178299903869629,0,0.0,0.0,0.0
2024-03-27 10:30:00-04:00,7.050000190734863,7.050000190734863,7.050000190734863,7.050000190734863,155,0.0,0.0,0.0
2024-03-27 13:30:00-04:00,7.045300006866455,7.054999828338623,6.985300064086914,6.985300064086914,0,0.0,0.0,0.0
2024-03-28 09:30:00-04:00,6.979899883270264,6.9899001121521,6.979899883270264,6.9899001121521,793,0.0,0.0,0.0
2024-03-28 10:30:00-04:00,6.940000057220459,6.940000057220459,6.940000057220459,6.940000057220459,1562,0.0,0.0,0.0
2024-03-28 13:30:00-04:00,6.939899921417236,6.939899921417236,6.935299873352051,6.935299873352051,110,0.0,0.0,0.0
2024-04-01 10:30:00-04:00,6.999899864196777,6.999899864196777,6.940000057220459,6.940000057220459,500,0.0,0.0,0.0
2024-04-01 12:30:00-04:00,6.971099853515625,6.971099853515625,6.971099853515625,6.971099853515625,111,0.0,0.0,0.0
2024-04-01 13:30:00-04:00,6.951399803161621,6.951399803161621,6.951399803161621,6.951399803161621,1059,0.0,0.0,0.0
2024-04-01 15:30:00-04:00,6.964099884033203,6.964099884033203,6.949999809265137,6.949999809265137,1249,0.0,0.0,0.0
2024-04-02 09:30:00-04:00,7.03000020980835,7.03000020980835,7.03000020980835,7.03000020980835,0,0.0,0.0,0.0
2024-04-02 11:30:00-04:00,7.040299892425537,7.081399917602539,7.040299892425537,7.081399917602539,1028,0.0,0.0,0.0
2024-04-02 13:30:00-04:00,7.079899787902832,7.079899787902832,7.079899787902832,7.079899787902832,200,0.0,0.0,0.0
2024-04-02 14:30:00-04:00,7.039999961853027,7.039999961853027,7.031599998474121,7.031599998474121,0,0.0,0.0,0.0
2024-04-03 09:30:00-04:00,6.979899883270264,6.979899883270264,6.969900131225586,6.969900131225586,801,0.0,0.0,0.0
2024-04-03 11:30:00-04:00,6.960000038146973,6.960000038146973,6.949999809265137,6.949999809265137,407,0.0,0.0,0.0
2024-04-03 14:30:00-04:00,6.980000019073486,6.980000019073486,6.980000019073486,6.980000019073486,203,0.0,0.0,0.0
2024-04-03 15:30:00-04:00,6.949999809265137,6.959799766540527,6.949999809265137,6.9583001136779785,240,0.0,0.0,0.0
2024-04-04 09:30:00-04:00,6.900000095367432,6.900000095367432,6.849999904632568,6.849999904632568,0,0.0,0.0,0.0
2024-04-04 13:30:00-04:00,6.920000076293945,6.940100193023682,6.920000076293945,6.940100193023682,848,0.0,0.0,0.0
2024-04-04 14:30:00-04:00,7.019999980926514,7.059999942779541,7.019899845123291,7.059999942779541,2350,0.0,0.0,0.0
2024-04-04 15:30:00-04:00,7.071400165557861,7.096399784088135,7.071400165557861,7.096399784088135,0,0.0,0.0,0.0
2024-04-05 10:30:00-04:00,7.059999942779541,7.059999942779541,7.019999980926514,7.020100116729736,868,0.0,0.0,0.0
2024-04-05 13:30:00-04:00,6.980000019073486,6.980000019073486,6.980000019073486,6.980000019073486,101,0.0,0.0,0.0
2024-04-05 15:30:00-04:00,6.989999771118164,6.989999771118164,6.959799766540527,6.959799766540527,280,0.0,0.0,0.0
2024-04-08 09:30:00-04:00,6.960000038146973,6.960000038146973,6.960000038146973,6.960000038146973,0,0.0,0.0,0.0
2024-04-08 13:30:00-04:00,6.941199779510498,6.941199779510498,6.940000057220459,6.940100193023682,1650,0.0,0.0,0.0
2024-04-08 15:30:00-04:00,6.949999809265137,6.96999979019165,6.949999809265137,6.96999979019165,0,0.0,0.0,0.0
2024-04-09 09:30:00-04:00,6.920000076293945,6.920000076293945,6.920000076293945,6.920000076293945,277,0.0,0.0,0.0
2024-04-09 15:30:00-04:00,6.968299865722656,6.968299865722656,6.941500186920166,6.941500186920166,0,0.0,0.0,0.0
2024-04-10 09:30:00-04:00,7.164700031280518,7.164700031280518,7.151500225067139,7.151500225067139,399,0.0,0.0,0.0
2024-04-10 11:30:00-04:00,7.1596999168396,7.170000076293945,7.1596999168396,7.170000076293945,400,0.0,0.0,0.0
2024-04-10 12:30:00-04:00,7.140100002288818,7.140100002288818,7.140100002288818,7.140100002288818,630,0.0,0.0,0.0
2024-04-10 13:30:00-04:00,7.190000057220459,7.190000057220459,7.190000057220459,7.190000057220459,151,0.0,0.0,0.0
2024-04-10 15:30:00-04:00,7.164999961853027,7.164999961853027,7.130000114440918,7.159999847412109,0,0.0,0.0,0.0
2024-04-11 09:30:00-04:00,7.179999828338623,7.179999828338623,7.179999828338623,7.179999828338623,110,0.0,0.0,0.0
2024-04-11 10:30:00-04:00,7.234000205993652,7.25,7.230000019073486,7.25,6000,0.0,0.0,0.0
2024-04-11 11:30:00-04:00,7.23960018157959,7.23960018157959,7.23960018157959,7.23960018157959,518,0.0,0.0,0.0
2024-04-11 12:30:00-04:00,7.210000038146973,7.210000038146973,7.210000038146973,7.210000038146973,705,0.0,0.0,0.0
2024-04-11 13:30:00-04:00,7.133500099182129,7.135000228881836,7.130000114440918,7.135000228881836,2340,0.0,0.0,0.0
2024-04-11 15:30:00-04:00,7.139999866485596,7.139999866485596,7.130000114440918,7.131499767303467,0,0.0,0.0,0.0
2024-04-12 09:30:00-04:00,7.21999979019165,7.21999979019165,7.21999979019165,7.21999979019165,244,0.0,0.0,0.0
2024-04-12 11:30:00-04:00,7.300000190734863,7.300000190734863,7.300000190734863,7.300000190734863,327,0.0,0.0,0.0
2024-04-12 12:30:00-04:00,7.440000057220459,7.440000057220459,7.440000057220459,7.440000057220459,689,0.0,0.0,0.0
2024-04-12 13:30:00-04:00,7.389999866485596,7.429999828338623,7.389999866485596,7.429999828338623,540,0.0,0.0,0.0
2024-04-12 15:30:00-04:00,7.479899883270264,7.479899883270264,7.445199966430664,7.447999954223633,1075,0.0,0.0,0.0
2024-04-15 09:30:00-04:00,7.28000020980835,7.28000020980835,7.25,7.28000020980835,880,0.0,0.0,0.0
2024-04-15 10:30:00-04:00,7.385000228881836,7.409900188446045,7.385000228881836,7.409900188446045,294,0.0,0.0,0.0
2024-04-15 11:30:00-04:00,7.369999885559082,7.400000095367432,7.339300155639648,7.399899959564209,2356,0.0,0.0,0.0
2024-04-15 13:30:00-04:00,7.46019983291626,7.5106000900268555,7.46019983291626,7.5106000900268555,824,0.0,0.0,0.0
2024-04-15 15:30:00-04:00,7.525000095367432,7.525000095367432,7.489999771118164,7.489999771118164,0,0.0,0.0,0.0
2024-04-16 09:30:00-04:00,7.599999904632568,7.599999904632568,7.599999904632568,7.599999904632568,576,0.0,0.0,0.0
2024-04-16 10:30:00-04:00,7.6682000160217285,7.6682000160217285,7.619999885559082,7.619999885559082,832,0.0,0.0,0.0
2024-04-16 11:30:00-04:00,7.619999885559082,7.619999885559082,7.579999923706055,7.579999923706055,1784,0.0,0.0,0.0
2024-04-16 12:30:00-04:00,7.578400135040283,7.589799880981445,7.578400135040283,7.589799880981445,1175,0.0,0.0,0.0
2024-04-16 13:30:00-04:00,7.610000133514404,7.610000133514404,7.610000133514404,7.610000133514404,416,0.0,0.0,0.0
2024-04-16 15:30:00-04:00,7.610000133514404,7.610000133514404,7.600200176239014,7.600200176239014,0,0.0,0.0,0.0
2024-04-17 09:30:00-04:00,7.491799831390381,7.491799831390381,7.491799831390381,7.491799831390381,2052,0.0,0.0,0.0
2024-04-17 10:30:00-04:00,7.550000190734863,7.563799858093262,7.550000190734863,7.563799858093262,575,0.0,0.0,0.0
2024-04-17 11:30:00-04:00,7.582799911499023,7.590000152587891,7.579999923706055,7.579999923706055,540,0.0,0.0,0.0
2024-04-17 12:30:00-04:00,7.614999771118164,7.614999771118164,7.614999771118164,7.614999771118164,711,0.0,0.0,0.0
2024-04-17 15:30:00-04:00,7.559999942779541,7.570000171661377,7.559999942779541,7.570000171661377,0,0.0,0.0,0.0
2024-04-18 09:30:00-04:00,7.570000171661377,7.570000171661377,7.570000171661377,7.570000171661377,187,0.0,0.0,0.0
2024-04-18 10:30:00-04:00,7.460000038146973,7.460000038146973,7.449999809265137,7.449999809265137,500,0.0,0.0,0.0
2024-04-18 11:30:00-04:00,7.500100135803223,7.500100135803223,7.500100135803223,7.500100135803223,171,0.0,0.0,0.0
2024-04-18 13:30:00-04:00,7.6595001220703125,7.6595001220703125,7.6595001220703125,7.6595001220703125,213,0.0,0.0,0.0
2024-04-18 15:30:00-04:00,7.585000038146973,7.599999904632568,7.585000038146973,7.588500022888184,0,0.0,0.0,0.0
2024-04-19 09:30:00-04:00,7.5,7.5,7.5,7.5,570,0.0,0.0,0.0
2024-04-19 10:30:00-04:00,7.529699802398682,7.53000020980835,7.490600109100342,7.490600109100342,3507,0.0,0.0,0.0
2024-04-19 11:30:00-04:00,7.550000190734863,7.625,7.550000190734863,7.625,944,0.0,0.0,0.0
2024-04-19 12:30:00-04:00,7.619999885559082,7.619999885559082,7.619999885559082,7.619999885559082,201,0.0,0.0,0.0
2024-04-19 14:30:00-04:00,7.619999885559082,7.639999866485596,7.619999885559082,7.639999866485596,4256,0.0,0.0,0.0
2024-04-19 15:30:00-04:00,7.610000133514404,7.639999866485596,7.610000133514404,7.611800193786621,2752,0.0,0.0,0.0
2024-04-22 09:30:00-04:00,7.699999809265137,7.760000228881836,7.659999847412109,7.659999847412109,0,0.0,0.0,0.0
2024-04-22 13:30:00-04:00,7.5640997886657715,7.5640997886657715,7.489999771118164,7.489999771118164,1917,0.0,0.0,0.0
2024-04-22 14:30:00-04:00,7.5,7.5117998123168945,7.5,7.5117998123168945,928,0.0,0.0,0.0
2024-04-22 15:30:00-04:00,7.579999923706055,7.619999885559082,7.579999923706055,7.619999885559082,0,0.0,0.0,0.0
2024-04-23 09:30:00-04:00,7.699999809265137,7.715000152587891,7.699999809265137,7.715000152587891,3151,0.0,0.0,0.0
2024-04-23 10:30:00-04:00,7.690000057220459,7.690000057220459,7.690000057220459,7.690000057220459,228,0.0,0.0,0.0
2024-04-23 11:30:00-04:00,7.710000038146973,7.710000038146973,7.710000038146973,7.710000038146973,303,0.0,0.0,0.0
2024-04-23 15:30:00-04:00,7.75,7.75,7.728099822998047,7.728099822998047,3180,0.0,0.0,0.0
2024-04-24 09:30:00-04:00,7.799900054931641,7.800000190734863,7.781000137329102,7.781000137329102,0,0.0,0.0,0.0
2024-04-24 10:30:00-04:00,7.800000190734863,7.820000171661377,7.795400142669678,7.795400142669678,1723,0.0,0.0,0.0
2024-04-24 14:30:00-04:00,7.758999824523926,7.758999824523926,7.706299781799316,7.706299781799316,0,0.0,0.0,0.0
2024-04-25 09:30:00-04:00,7.75,7.75,7.749899864196777,7.749899864196777,654,0.0,0.0,0.0
2024-04-25 10:30:00-04:00,7.751200199127197,7.751200199127197,7.751200199127197,7.751200199127197,231,0.0,0.0,0.0
2024-04-25 11:30:00-04:00,7.730000019073486,7.730000019073486,7.729899883270264,7.729899883270264,261,0.0,0.0,0.0
2024-04-25 12:30:00-04:00,7.670000076293945,7.678500175476074,7.670000076293945,7.678500175476074,2600,0.0,0.0,0.0
2024-04-25 13:30:00-04:00,7.619999885559082,7.619999885559082,7.61959981918335,7.61959981918335,1033,0.0,0.0,0.0
2024-04-25 15:30:00-04:00,7.630000114440918,7.634500026702881,7.6066999435424805,7.6066999435424805,0,0.0,0.0,0.0
2024-04-26 09:30:00-04:00,7.453400135040283,7.493800163269043,7.453400135040283,7.493800163269043,1256,0.0,0.0,0.0
2024-04-26 10:30:00-04:00,7.53000020980835,7.571300029754639,7.53000020980835,7.571300029754639,702,0.0,0.0,0.0
2024-04-26 11:30:00-04:00,7.570000171661377,7.570000171661377,7.559999942779541,7.559999942779541,717,0.0,0.0,0.0
2024-04-26 12:30:00-04:00,7.510000228881836,7.510000228881836,7.500100135803223,7.500100135803223,329,0.0,0.0,0.0
2024-04-26 13:30:00-04:00,7.489999771118164,7.490099906921387,7.46999979019165,7.470099925994873,777,0.0,0.0,0.0
2024-04-26 15:30:00-04:00,7.510000228881836,7.513700008392334,7.489999771118164,7.513700008392334,3561,0.0,0.0,0.0
2024-04-29 09:30:00-04:00,7.438399791717529,7.438399791717529,7.438399791717529,7.438399791717529,0,0.0,0.0,0.0
2024-04-29 11:30:00-04:00,7.400000095367432,7.400000095367432,7.389999866485596,7.389999866485596,2603,0.0,0.0,0.0
2024-04-29 12:30:00-04:00,7.409900188446045,7.409900188446045,7.409900188446045,7.409900188446045,340,0.0,0.0,0.0
2024-04-29 13:30:00-04:00,7.389999866485596,7.389999866485596,7.389999866485596,7.389999866485596,103,0.0,0.0,0.0
2024-04-29 15:30:00-04:00,7.400000095367432,7.440000057220459,7.400000095367432,7.402900218963623,0,0.0,0.0,0.0
2024-04-30 09:30:00-04:00,7.526599884033203,7.526599884033203,7.5,7.5,293,0.0,0.0,0.0
2024-04-30 10:30:00-04:00,7.53000020980835,7.534999847412109,7.53000020980835,7.534999847412109,691,0.0,0.0,0.0
2024-04-30 11:30:00-04:00,7.605000019073486,7.605000019073486,7.605000019073486,7.605000019073486,122,0.0,0.0,0.0
2024-04-30 12:30:00-04:00,7.619999885559082,7.619999885559082,7.599999904632568,7.599999904632568,474,0.0,0.0,0.0
2024-04-30 14:30:00-04:00,7.579999923706055,7.580100059509277,7.579999923706055,7.580100059509277,471,0.0,0.0,0.0
2024-04-30 15:30:00-04:00,7.630000114440918,7.640900135040283,7.619999885559082,7.640900135040283,0,0.0,0.0,0.0
2024-05-01 10:30:00-04:00,7.610000133514404,7.610000133514404,7.59499979019165,7.59499979019165,484,0.0,0.0,0.0
2024-05-01 13:30:00-04:00,7.539999961853027,7.54010009765625,7.539999961853027,7.54010009765625,643,0.0,0.0,0.0
2024-05-01 14:30:00-04:00,7.489999771118164,7.489999771118164,7.349999904632568,7.349999904632568,887,0.0,0.0,0.0
2024-05-01 15:30:00-04:00,7.46999979019165,7.559999942779541,7.46999979019165,7.550000190734863,4565,0.0,0.0,0.0
2024-05-02 09:30:00-04:00,7.71999979019165,7.769999980926514,7.71999979019165,7.769899845123291,0,0.0,0.0,0.0
2024-05-02 10:30:00-04:00,7.699999809265137,7.75,7.699999809265137,7.749899864196777,997,0.0,0.0,0.0
2024-05-02 12:30:00-04:00,7.730199813842773,7.730199813842773,7.730199813842773,7.730199813842773,102,0.0,0.0,0.0
2024-05-02 15:30:00-04:00,7.675000190734863,7.678400039672852,7.675000190734863,7.678400039672852,1303,0.0,0.0,0.0
2024-05-03 09:30:00-04:00,7.53000020980835,7.589900016784668,7.53000020980835,7.589900016784668,0,0.0,0.0,0.0
2024-05-03 10:30:00-04:00,7.579999923706055,7.579999923706055,7.570000171661377,7.570000171661377,565,0.0,0.0,0.0
2024-05-03 12:30:00-04:00,7.517499923706055,7.517499923706055,7.517499923706055,7.517499923706055,656,0.0,0.0,0.0
2024-05-03 13:30:00-04:00,7.5,7.5,7.5,7.5,277,0.0,0.0,0.0
2024-05-03 14:30:00-04:00,7.510000228881836,7.5167999267578125,7.510000228881836,7.5167999267578125,4200,0.0,0.0,0.0
2024-05-06 09:30:00-04:00,7.400000095367432,7.420000076293945,7.400000095367432,7.4145002365112305,0,0.0,0.0,0.0
2024-05-06 10:30:00-04:00,7.474999904632568,7.485000133514404,7.474999904632568,7.485000133514404,430,0.0,0.0,0.0
2024-05-06 12:30:00-04:00,7.46999979019165,7.47599983215332,7.46999979019165,7.47599983215332,637,0.0,0.0,0.0
2024-05-06 15:30:00-04:00,7.458099842071533,7.460000038146973,7.420000076293945,7.421599864959717,0,0.0,0.0,0.0
2024-05-07 09:30:00-04:00,7.300099849700928,7.300099849700928,7.300099849700928,7.300099849700928,174,0.0,0.0,0.0
2024-05-07 11:30:00-04:00,7.289999961853027,7.289999961853027,7.28000020980835,7.28000020980835,300,0.0,0.0,0.0
2024-05-07 13:30:00-04:00,7.260000228881836,7.2600998878479,7.260000228881836,7.2600998878479,1178,0.0,0.0,0.0
2024-05-07 14:30:00-04:00,7.25,7.25,7.25,7.25,189,0.0,0.0,0.0
2024-05-07 15:30:00-04:00,7.239999771118164,7.25,7.204999923706055,7.249899864196777,0,0.0,0.0,0.0
2024-05-08 11:30:00-04:00,7.309999942779541,7.309999942779541,7.295000076293945,7.295000076293945,2551,0.0,0.0,0.0
2024-05-08 13:30:00-04:00,7.340000152587891,7.340000152587891,7.320000171661377,7.320099830627441,2900,0.0,0.0,0.0
2024-05-08 15:30:00-04:00,7.324999809265137,7.324999809265137,7.32420015335083,7.32420015335083,0,0.0,0.0,0.0
2024-05-09 15:30:00-04:00,7.159999847412109,7.162399768829346,7.159999847412109,7.162399768829346,30,0.0,0.0,0.0
2024-05-10 09:30:00-04:00,7.125,7.125,7.110000133514404,7.120100021362305,1764,0.0,0.0,0.0
2024-05-10 15:30:00-04:00,7.144999980926514,7.145999908447266,7.144999980926514,7.145999908447266,169,0.0,0.0,0.0
2024-05-13 09:30:00-04:00,7.090099811553955,7.090099811553955,7.080100059509277,7.080100059509277,126,0.0,0.0,0.0
2024-05-13 13:30:00-04:00,7.170000076293945,7.170000076293945,7.170000076293945,7.170000076293945,437,0.0,0.0,0.0
2024-05-13 15:30:00-04:00,7.16480016708374,7.17080020904541,7.16480016708374,7.17080020904541,0,0.0,0.0,0.0
2024-05-14 11:30:00-04:00,7.159999847412109,7.159999847412109,7.159999847412109,7.159999847412109,1061,0.0,0.0,0.0
2024-05-14 15:30:00-04:00,7.139999866485596,7.139999866485596,7.125,7.135200023651123,0,0.0,0.0,0.0
2024-05-15 10:30:00-04:00,7.172699928283691,7.172699928283691,7.170199871063232,7.170199871063232,1352,0.0,0.0,0.0
2024-05-15 14:30:00-04:00,7.150000095367432,7.150000095367432,7.150000095367432,7.150000095367432,425,0.0,0.0,0.0
2024-05-15 15:30:00-04:00,7.119999885559082,7.119999885559082,7.119999885559082,7.119999885559082,0,0.0,0.0,0.0
2024-05-16 09:30:00-04:00,7.110000133514404,7.209199905395508,7.110000133514404,7.209199905395508,600,0.0,0.0,0.0
2024-05-16 15:30:00-04:00,7.239999771118164,7.239999771118164,7.235599994659424,7.235599994659424,0,0.0,0.0,0.0
2024-05-17 09:30:00-04:00,7.210000038146973,7.210000038146973,7.210000038146973,7.210000038146973,202,0.0,0.0,0.0
2024-05-17 11:30:00-04:00,7.159999847412109,7.159999847412109,7.159999847412109,7.159999847412109,169,0.0,0.0,0.0
2024-05-17 14:30:00-04:00,7.149899959564209,7.149899959564209,7.139999866485596,7.139999866485596,467,0.0,0.0,0.0
2024-05-17 15:30:00-04:00,7.140100002288818,7.140100002288818,7.133600234985352,7.133600234985352,466,0.0,0.0,0.0
2024-05-20 09:30:00-04:00,7.150000095367432,7.150000095367432,7.150000095367432,7.150000095367432,0,0.0,0.0,0.0
2024-05-20 15:30:00-04:00,7.139999866485596,7.139999866485596,7.110000133514404,7.130000114440918,1856,0.0,0.0,0.0
2024-05-21 10:30:00-04:00,7.139999866485596,7.139999866485596,7.139999866485596,7.139999866485596,360,0.0,0.0,0.0
2024-05-21 11:30:00-04:00,7.159999847412109,7.159999847412109,7.127600193023682,7.127600193023682,1073,0.0,0.0,0.0
2024-05-22 10:30:00-04:00,7.269999980926514,7.269999980926514,7.269999980926514,7.269999980926514,194,0.0,0.0,0.0
2024-05-22 11:30:00-04:00,7.269999980926514,7.269999980926514,7.269999980926514,7.269999980926514,809,0.0,0.0,0.0
2024-05-22 14:30:00-04:00,7.300000190734863,7.300000190734863,7.300000190734863,7.300000190734863,234,0.0,0.0,0.0
2024-05-22 15:30:00-04:00,7.300000190734863,7.3394999504089355,7.270199775695801,7.2881999015808105,0,0.0,0.0,0.0
2024-05-23 09:30:00-04:00,7.260000228881836,7.329999923706055,7.260000228881836,7.329899787902832,455,0.0,0.0,0.0
2024-05-23 10:30:00-04:00,7.353000164031982,7.353000164031982,7.353000164031982,7.353000164031982,449,0.0,0.0,0.0
2024-05-23 11:30:00-04:00,7.340000152587891,7.360000133514404,7.340000152587891,7.360000133514404,574,0.0,0.0,0.0
2024-05-23 12:30:00-04:00,7.329999923706055,7.329999923706055,7.329999923706055,7.329999923706055,100,0.0,0.0,0.0
2024-05-23 13:30:00-04:00,7.389999866485596,7.429999828338623,7.389999866485596,7.429999828338623,638,0.0,0.0,0.0
2024-05-23 14:30:00-04:00,7.400000095367432,7.400000095367432,7.400000095367432,7.400000095367432,246,0.0,0.0,0.0
2024-05-23 15:30:00-04:00,7.390100002288818,7.429999828338623,7.390100002288818,7.395699977874756,0,0.0,0.0,0.0
2024-05-24 09:30:00-04:00,7.349999904632568,7.349999904632568,7.349999904632568,7.349999904632568,242,0.0,0.0,0.0
2024-05-24 10:30:00-04:00,7.260000228881836,7.260000228881836,7.260000228881836,7.260000228881836,100,0.0,0.0,0.0
2024-05-24 14:30:00-04:00,7.260000228881836,7.284599781036377,7.260000228881836,7.284599781036377,703,0.0,0.0,0.0
2024-05-28 12:30:00-04:00,7.289999961853027,7.289999961853027,7.289999961853027,7.289999961853027,0,0.0,0.0,0.0
2024-05-28 14:30:00-04:00,7.389999866485596,7.389999866485596,7.360000133514404,7.369999885559082,3593,0.0,0.0,0.0
2024-05-28 15:30:00-04:00,7.388000011444092,7.389999866485596,7.290599822998047,7.341000080108643,0,0.0,0.0,0.0
2024-05-29 09:30:00-04:00,7.46999979019165,7.46999979019165,7.449999809265137,7.449999809265137,945,0.0,0.0,0.0
2024-05-29 10:30:00-04:00,7.449999809265137,7.474999904632568,7.449999809265137,7.474999904632568,3206,0.0,0.0,0.0
2024-05-29 11:30:00-04:00,7.5,7.5,7.5,7.5,747,0.0,0.0,0.0
2024-05-29 12:30:00-04:00,7.499899864196777,7.499899864196777,7.499899864196777,7.499899864196777,1030,0.0,0.0,0.0
2024-05-29 13:30:00-04:00,7.505000114440918,7.505000114440918,7.5,7.505000114440918,2834,0.0,0.0,0.0
2024-05-29 15:30:00-04:00,7.559999942779541,7.559999942779541,7.539999961853027,7.539999961853027,1347,0.0,0.0,0.0
2024-05-30 09:30:00-04:00,7.490300178527832,7.519899845123291,7.490300178527832,7.519899845123291,0,0.0,0.0,0.0
2024-05-30 10:30:00-04:00,7.465000152587891,7.465000152587891,7.465000152587891,7.465000152587891,166,0.0,0.0,0.0
2024-05-30 11:30:00-04:00,7.429999828338623,7.445000171661377,7.420000076293945,7.420000076293945,7520,0.0,0.0,0.0
2024-05-30 12:30:00-04:00,7.414999961853027,7.414999961853027,7.414999961853027,7.414999961853027,161,0.0,0.0,0.0
2024-05-30 15:30:00-04:00,7.409999847412109,7.409999847412109,7.380000114440918,7.380000114440918,0,0.0,0.0,0.0
2024-05-31 09:30:00-04:00,7.340000152587891,7.369999885559082,7.340000152587891,7.369999885559082,523,0.0,0.0,0.0
2024-05-31 11:30:00-04:00,7.480000019073486,7.480000019073486,7.480000019073486,7.480000019073486,170,0.0,0.0,0.0
2024-05-31 13:30:00-04:00,7.420000076293945,7.420000076293945,7.420000076293945,7.420000076293945,1283,0.0,0.0,0.0
2024-05-31 15:30:00-04:00,7.389999866485596,7.389999866485596,7.239999771118164,7.239999771118164,1817,0.0,0.0,0.0
2024-06-03 09:30:00-04:00,7.269999980926514,7.329999923706055,7.269999980926514,7.329999923706055,0,0.0,0.0,0.0
2024-06-03 15:30:00-04:00,7.349999904632568,7.369699954986572,7.34060001373291,7.349400043487549,0,0.0,0.0,0.0
2024-06-04 15:30:00-04:00,7.480000019073486,7.519999980926514,7.480000019073486,7.509300231933594,58,0.0,0.0,0.0
2024-06-05 09:30:00-04:00,7.480000019073486,7.480000019073486,7.480000019073486,7.480000019073486,542,0.0,0.0,0.0
2024-06-05 11:30:00-04:00,7.46999979019165,7.46999979019165,7.454999923706055,7.469900131225586,872,0.0,0.0,0.0
2024-06-05 13:30:00-04:00,7.449999809265137,7.449999809265137,7.449999809265137,7.449999809265137,602,0.0,0.0,0.0
2024-06-05 15:30:00-04:00,7.409999847412109,7.409999847412109,7.409999847412109,7.409999847412109,951,0.0,0.0,0.0
2024-06-06 09:30:00-04:00,7.432300090789795,7.432300090789795,7.432300090789795,7.432300090789795,0,0.0,0.0,0.0
2024-06-06 11:30:00-04:00,7.420000076293945,7.420000076293945,7.420000076293945,7.420000076293945,100,0.0,0.0,0.0
2024-06-06 12:30:00-04:00,7.409999847412109,7.409999847412109,7.409999847412109,7.409999847412109,150,0.0,0.0,0.0
2024-06-06 13:30:00-04:00,7.409999847412109,7.409999847412109,7.409999847412109,7.409999847412109,171,0.0,0.0,0.0
2024-06-06 14:30:00-04:00,7.409999847412109,7.409999847412109,7.409999847412109,7.409999847412109,102,0.0,0.0,0.0
2024-06-06 15:30:00-04:00,7.40500020980835,7.40500020980835,7.380000114440918,7.394000053405762,0,0.0,0.0,0.0
2024-06-07 09:30:00-04:00,7.574999809265137,7.574999809265137,7.559999942779541,7.559999942779541,334,0.0,0.0,0.0
2024-06-07 10:30:00-04:00,7.460000038146973,7.460000038146973,7.420000076293945,7.420000076293945,363,0.0,0.0,0.0
2024-06-07 12:30:00-04:00,7.519999980926514,7.519999980926514,7.5,7.5,218,0.0,0.0,0.0
2024-06-07 14:30:00-04:00,7.509900093078613,7.510000228881836,7.509900093078613,7.510000228881836,710,0.0,0.0,0.0
2024-06-07 15:30:00-04:00,7.519999980926514,7.53000020980835,7.510000228881836,7.526700019836426,2460,0.0,0.0,0.0
2024-06-10 09:30:00-04:00,7.559999942779541,7.579999923706055,7.550000190734863,7.550099849700928,5319,0.0,0.0,0.0
2024-06-10 10:30:00-04:00,7.579999923706055,7.579999923706055,7.579999923706055,7.579999923706055,100,0.0,0.0,0.0
2024-06-10 11:30:00-04:00,7.579999923706055,7.585000038146973,7.570000171661377,7.585000038146973,308,0.0,0.0,0.0
2024-06-10 12:30:00-04:00,7.579999923706055,7.590000152587891,7.570000171661377,7.570000171661377,653,0.0,0.0,0.0
2024-06-10 13:30:00-04:00,7.550000190734863,7.550000190734863,7.550000190734863,7.550000190734863,455,0.0,0.0,0.0
2024-06-10 14:30:00-04:00,7.53000020980835,7.530099868774414,7.53000020980835,7.53000020980835,2332,0.0,0.0,0.0
2024-06-10 15:30:00-04:00,7.559999942779541,7.559999942779541,7.545000076293945,7.545000076293945,0,0.0,0.0,0.0
2024-06-11 09:30:00-04:00,7.679999828338623,7.69980001449585,7.678999900817871,7.679900169372559,3122,0.0,0.0,0.0
2024-06-11 10:30:00-04:00,7.650000095367432,7.650000095367432,7.619999885559082,7.630000114440918,515,0.0,0.0,0.0
2024-06-11 13:30:00-04:00,7.629899978637695,7.630000114440918,7.590000152587891,7.590000152587891,701,0.0,0.0,0.0
2024-06-11 15:30:00-04:00,7.610000133514404,7.610000133514404,7.585299968719482,7.585299968719482,0,0.0,0.0,0.0
2024-06-12 09:30:00-04:00,7.380000114440918,7.394999980926514,7.369999885559082,7.380000114440918,6575,0.0,0.0,0.0
2024-06-12 10:30:00-04:00,7.380000114440918,7.380000114440918,7.380000114440918,7.380000114440918,250,0.0,0.0,0.0
2024-06-12 11:30:00-04:00,7.449999809265137,7.449999809265137,7.449999809265137,7.449999809265137,691,0.0,0.0,0.0
2024-06-12 12:30:00-04:00,7.449999809265137,7.449999809265137,7.440000057220459,7.440000057220459,200,0.0,0.0,0.0
2024-06-12 13:30:00-04:00,7.480000019073486,7.482999801635742,7.480000019073486,7.482999801635742,1101,0.0,0.0,0.0
2024-06-12 14:30:00-04:00,7.5,7.5,7.5,7.5,1256,0.0,0.0,0.0
2024-06-12 15:30:00-04:00,7.539999961853027,7.554999828338623,7.51170015335083,7.52810001373291,0,0.0,0.0,0.0
2024-06-13 09:30:00-04:00,7.63100004196167,7.63100004196167,7.610000133514404,7.630000114440918,4170,0.0,0.0,0.0
2024-06-13 12:30:00-04:00,7.630000114440918,7.630000114440918,7.630000114440918,7.630000114440918,254,0.0,0.0,0.0
2024-06-13 15:30:00-04:00,7.519999980926514,7.52239990234375,7.519999980926514,7.52239990234375,250,0.0,0.0,0.0
2024-06-14 09:30:00-04:00,7.639999866485596,7.690000057220459,7.639999866485596,7.690000057220459,0,0.0,0.0,0.0
2024-06-14 13:30:00-04:00,7.710000038146973,7.710000038146973,7.696000099182129,7.696000099182129,278,0.0,0.0,0.0
2024-06-17 09:30:00-04:00,7.809999942779541,7.809999942779541,7.710000038146973,7.724999904632568,1318,0.0,0.0,0.0
2024-06-17 10:30:00-04:00,7.75,7.75,7.75,7.75,212,0.0,0.0,0.0
2024-06-17 12:30:00-04:00,7.664999961853027,7.664999961853027,7.664999961853027,7.664999961853027,277,0.0,0.0,0.0
2024-06-17 13:30:00-04:00,7.610000133514404,7.610000133514404,7.610000133514404,7.610000133514404,223,0.0,0.0,0.0
2024-06-17 14:30:00-04:00,7.560100078582764,7.560100078582764,7.560100078582764,7.560100078582764,170,0.0,0.0,0.0
2024-06-17 15:30:00-04:00,7.550099849700928,7.590000152587891,7.550000190734863,7.570000171661377,0,0.0,0.0,0.0
2024-06-18 13:30:00-04:00,7.658999919891357,7.659999847412109,7.658999919891357,7.659900188446045,1839,0.0,0.0,0.0
2024-06-18 15:30:00-04:00,7.659999847412109,7.659999847412109,7.630000114440918,7.630000114440918,671,0.0,0.0,0.0
2024-06-20 09:30:00-04:00,7.570000171661377,7.570000171661377,7.570000171661377,7.570000171661377,131,0.0,0.0,0.0
2024-06-20 10:30:00-04:00,7.570000171661377,7.570000171661377,7.570000171661377,7.570000171661377,157,0.0,0.0,0.0
2024-06-20 12:30:00-04:00,7.539999961853027,7.539999961853027,7.539999961853027,7.539999961853027,402,0.0,0.0,0.0
2024-06-21 09:30:00-04:00,7.489999771118164,7.639999866485596,7.489999771118164,7.639999866485596,687,0.0,0.0,0.0
2024-06-21 13:30:00-04:00,7.650000095367432,7.650000095367432,7.649899959564209,7.649899959564209,420,0.0,0.0,0.0
2024-06-21 15:30:00-04:00,7.571400165557861,7.590000152587891,7.571400165557861,7.590000152587891,840,0.0,0.0,0.0
2024-06-24 11:30:00-04:00,7.492700099945068,7.5,7.492700099945068,7.5,100,0.0,0.0,0.0
2024-06-24 13:30:00-04:00,7.520100116729736,7.520100116729736,7.520100116729736,7.520100116729736,999,0.0,0.0,0.0
2024-06-24 14:30:00-04:00,7.4822001457214355,7.5015997886657715,7.480000019073486,7.5015997886657715,405,0.0,0.0,0.0
2024-06-25 09:30:00-04:00,7.565000057220459,7.579999923706055,7.565000057220459,7.579999923706055,0,0.0,0.0,0.0
2024-06-25 11:30:00-04:00,7.699900150299072,7.699900150299072,7.699900150299072,7.699900150299072,485,0.0,0.0,0.0
2024-06-25 12:30:00-04:00,7.730000019073486,7.730000019073486,7.730000019073486,7.730000019073486,426,0.0,0.0,0.0
2024-06-25 15:30:00-04:00,7.719900131225586,7.71999979019165,7.704999923706055,7.71999979019165,1911,0.0,0.0,0.0
2024-06-26 09:30:00-04:00,7.699999809265137,7.699999809265137,7.675000190734863,7.675000190734863,0,0.0,0.0,0.0
2024-06-26 15:30:00-04:00,7.637499809265137,7.648900032043457,7.625500202178955,7.625500202178955,0,0.0,0.0,0.0
2024-06-27 09:30:00-04:00,7.639999866485596,7.70989990234375,7.639999866485596,7.664299964904785,1478,0.0,0.0,0.0
2024-06-27 10:30:00-04:00,7.660900115966797,7.69980001449585,7.630000114440918,7.684000015258789,2810,0.0,0.0,0.0
2024-06-27 12:30:00-04:00,7.690000057220459,7.690000057220459,7.690000057220459,7.690000057220459,100,0.0,0.0,0.0
2024-06-27 15:30:00-04:00,7.699999809265137,7.699999809265137,7.692500114440918,7.692500114440918,0,0.0,0.0,0.0
2024-06-28 09:30:00-04:00,7.610000133514404,7.610000133514404,7.610000133514404,7.610000133514404,102,0.0,0.0,0.0
2024-06-28 11:30:00-04:00,7.620299816131592,7.620299816131592,7.620299816131592,7.620299816131592,613,0.0,0.0,0.0
2024-06-28 15:30:00-04:00,7.71999979019165,7.71999979019165,7.670000076293945,7.71999979019165,1055,0.0,0.0,0.0
2024-07-01 09:30:00-04:00,7.789999961853027,7.789999961853027,7.7789998054504395,7.789999961853027,0,0.0,0.0,0.0
2024-07-01 10:30:00-04:00,7.880000114440918,7.900000095367432,7.880000114440918,7.900000095367432,5652,0.0,0.0,0.0
2024-07-01 11:30:00-04:00,7.909999847412109,7.909999847412109,7.909999847412109,7.909999847412109,3854,0.0,0.0,0.0
2024-07-01 12:30:00-04:00,7.920000076293945,7.920000076293945,7.920000076293945,7.920000076293945,121,0.0,0.0,0.0
2024-07-01 13:30:00-04:00,7.920000076293945,7.920000076293945,7.920000076293945,7.920000076293945,987,0.0,0.0,0.0
2024-07-01 15:30:00-04:00,7.939899921417236,7.939899921417236,7.918600082397461,7.918600082397461,0,0.0,0.0,0.0
2024-07-02 09:30:00-04:00,7.960000038146973,7.960000038146973,7.95989990234375,7.95989990234375,277,0.0,0.0,0.0
2024-07-02 10:30:00-04:00,7.96999979019165,7.979599952697754,7.931000232696533,7.931000232696533,1676,0.0,0.0,0.0
2024-07-02 12:30:00-04:00,8.000100135803223,8.000100135803223,8.000100135803223,8.000100135803223,392,0.0,0.0,0.0
2024-07-02 14:30:00-04:00,7.971399784088135,7.971399784088135,7.971399784088135,7.971399784088135,125,0.0,0.0,0.0
2024-07-02 15:30:00-04:00,7.980000019073486,7.980000019073486,7.929200172424316,7.929200172424316,0,0.0,0.0,0.0
2024-07-03 09:30:00-04:00,7.980000019073486,7.980000019073486,7.840000152587891,7.840000152587891,3776,0.0,0.0,0.0
2024-07-03 10:30:00-04:00,7.789999961853027,7.799799919128418,7.789999961853027,7.799799919128418,691,0.0,0.0,0.0
2024-07-03 11:30:00-04:00,7.835899829864502,7.835899829864502,7.799900054931641,7.809999942779541,13302,0.0,0.0,0.0
2024-07-03 12:30:00-04:00,7.809999942779541,7.809999942779541,7.809999942779541,7.809999942779541,298,0.0,0.0,0.0
2024-07-05 09:30:00-04:00,7.800000190734863,7.849999904632568,7.800000190734863,7.849999904632568,0,0.0,0.0,0.0
2024-07-05 10:30:00-04:00,7.829999923706055,7.889900207519531,7.829999923706055,7.853799819946289,873,0.0,0.0,0.0
2024-07-05 14:30:00-04:00,7.809999942779541,7.809999942779541,7.7600998878479,7.7600998878479,225,0.0,0.0,0.0
2024-07-05 15:30:00-04:00,7.78000020980835,7.820000171661377,7.78000020980835,7.789999961853027,3975,0.0,0.0,0.0
2024-07-08 09:30:00-04:00,7.710000038146973,7.710000038146973,7.710000038146973,7.710000038146973,0,0.0,0.0,0.0
2024-07-08 10:30:00-04:00,7.699999809265137,7.71999979019165,7.699999809265137,7.715099811553955,2797,0.0,0.0,0.0
2024-07-08 11:30:00-04:00,7.789899826049805,7.789899826049805,7.789899826049805,7.789899826049805,164,0.0,0.0,0.0
2024-07-08 12:30:00-04:00,7.71999979019165,7.71999979019165,7.71999979019165,7.71999979019165,162,0.0,0.0,0.0
2024-07-08 14:30:00-04:00,7.754899978637695,7.754899978637695,7.739999771118164,7.744500160217285,7981,0.0,0.0,0.0
2024-07-08 15:30:00-04:00,7.710000038146973,7.732100009918213,7.710000038146973,7.732100009918213,719,0.0,0.0,0.0
2024-07-09 09:30:00-04:00,7.710000038146973,7.710000038146973,7.710000038146973,7.710000038146973,0,0.0,0.0,0.0
2024-07-09 10:30:00-04:00,7.780600070953369,7.780600070953369,7.780600070953369,7.780600070953369,910,0.0,0.0,0.0
2024-07-09 14:30:00-04:00,7.849999904632568,7.849999904632568,7.849999904632568,7.849999904632568,100,0.0,0.0,0.0
2024-07-09 15:30:00-04:00,7.889900207519531,7.889999866485596,7.8780999183654785,7.889900207519531,600,0.0,0.0,0.0
2024-07-10 09:30:00-04:00,7.769999980926514,7.810400009155273,7.769999980926514,7.810400009155273,0,0.0,0.0,0.0
2024-07-10 13:30:00-04:00,7.760000228881836,7.760000228881836,7.760000228881836,7.760000228881836,0,0.0,0.0,0.0
2024-07-10 14:30:00-04:00,7.699999809265137,7.700099945068359,7.699999809265137,7.700099945068359,1867,0.0,0.0,0.0
2024-07-10 15:30:00-04:00,7.704999923706055,7.704999923706055,7.662199974060059,7.699999809265137,5389,0.0,0.0,0.0
2024-07-11 09:30:00-04:00,7.579999923706055,7.630000114440918,7.46999979019165,7.494999885559082,8702,0.0,0.0,0.0
2024-07-11 11:30:00-04:00,7.473199844360352,7.489999771118164,7.473199844360352,7.489999771118164,854,0.0,0.0,0.0
2024-07-11 12:30:00-04:00,7.505000114440918,7.505000114440918,7.505000114440918,7.505000114440918,0,0.0,0.0,0.0
2024-07-11 13:30:00-04:00,7.470099925994873,7.489999771118164,7.449999809265137,7.4899001121521,15550,0.0,0.0,0.0
2024-07-11 14:30:00-04:00,7.46999979019165,7.474999904632568,7.460100173950195,7.460100173950195,1331,0.0,0.0,0.0
2024-07-11 15:30:00-04:00,7.43720006942749,7.461999893188477,7.429999828338623,7.429999828338623,5636,0.0,0.0,0.0
2024-07-12 09:30:00-04:00,7.409999847412109,7.409999847412109,7.389999866485596,7.389999866485596,0,0.0,0.0,0.0
2024-07-12 12:30:00-04:00,7.3084001541137695,7.3084001541137695,7.3084001541137695,7.3084001541137695,0,0.0,0.0,0.0
2024-07-12 15:30:00-04:00,7.307600021362305,7.331099987030029,7.307600021362305,7.331099987030029,2321,0.0,0.0,0.0
2024-07-15 09:30:00-04:00,7.300000190734863,7.369999885559082,7.300000190734863,7.309999942779541,0,0.0,0.0,0.0
2024-07-15 12:30:00-04:00,7.28000020980835,7.300099849700928,7.28000020980835,7.300099849700928,6740,0.0,0.0,0.0
2024-07-15 15:30:00-04:00,7.380000114440918,7.383299827575684,7.380000114440918,7.383299827575684,0,0.0,0.0,0.0
2024-07-16 09:30:00-04:00,7.239999771118164,7.239999771118164,7.239999771118164,7.239999771118164,107,0.0,0.0,0.0
2024-07-16 12:30:00-04:00,7.119999885559082,7.119999885559082,7.119999885559082,7.119999885559082,382,0.0,0.0,0.0
2024-07-16 15:30:00-04:00,7.089900016784668,7.099899768829346,7.080900192260742,7.080900192260742,0,0.0,0.0,0.0
2024-07-17 09:30:00-04:00,7.090000152587891,7.090000152587891,7.050000190734863,7.050000190734863,3468,0.0,0.0,0.0
2024-07-17 14:30:00-04:00,7.09499979019165,7.09499979019165,7.09499979019165,7.09499979019165,0,0.0,0.0,0.0
2024-07-17 15:30:00-04:00,7.119999885559082,7.119999885559082,7.099999904632568,7.099999904632568,4,0.0,0.0,0.0
2024-07-18 09:30:00-04:00,7.209400177001953,7.209400177001953,7.179900169372559,7.179900169372559,343,0.0,0.0,0.0
2024-07-18 10:30:00-04:00,7.125,7.150000095367432,7.125,7.150000095367432,811,0.0,0.0,0.0
2024-07-18 13:30:00-04:00,7.229899883270264,7.229899883270264,7.229899883270264,7.229899883270264,0,0.0,0.0,0.0
2024-07-18 15:30:00-04:00,7.230400085449219,7.25,7.230400085449219,7.25,68,0.0,0.0,0.0
2024-07-19 09:30:00-04:00,7.400000095367432,7.409999847412109,7.369999885559082,7.409999847412109,2057,0.0,0.0,0.0
2024-07-19 10:30:00-04:00,7.409999847412109,7.409999847412109,7.409999847412109,7.409999847412109,856,0.0,0.0,0.0
2024-07-19 11:30:00-04:00,7.449900150299072,7.449900150299072,7.449900150299072,7.449900150299072,702,0.0,0.0,0.0
2024-07-19 12:30:00-04:00,7.429999828338623,7.429999828338623,7.429999828338623,7.429999828338623,106,0.0,0.0,0.0
2024-07-19 15:30:00-04:00,7.429999828338623,7.434899806976318,7.420000076293945,7.420000076293945,4309,0.0,0.0,0.0
