Datetime,Open,High,Low,Close,Volume,Dividends,Stock Splits
2025-03-24 09:00:00+08:00,62.20000076293945,62.20000076293945,61.70000076293945,61.900001525878906,0,0.0,0.0
2025-03-24 09:01:00+08:00,62.20000076293945,62.20000076293945,62.20000076293945,62.20000076293945,3000,0.0,0.0
2025-03-24 09:02:00+08:00,62.20000076293945,62.20000076293945,62.0,62.0,2000,0.0,0.0
2025-03-24 09:03:00+08:00,62.099998474121094,62.099998474121094,62.099998474121094,62.099998474121094,1000,0.0,0.0
2025-03-24 09:04:00+08:00,62.099998474121094,62.099998474121094,62.0,62.0,4000,0.0,0.0
2025-03-24 09:05:00+08:00,62.0,62.0,62.0,62.0,1000,0.0,0.0
2025-03-24 09:06:00+08:00,62.0,62.0,61.900001525878906,61.900001525878906,6000,0.0,0.0
2025-03-24 09:07:00+08:00,62.0,62.099998474121094,61.900001525878906,61.900001525878906,9000,0.0,0.0
2025-03-24 09:08:00+08:00,62.0,62.0,62.0,62.0,10267,0.0,0.0
2025-03-24 09:11:00+08:00,62.0,62.0,62.0,62.0,4022,0.0,0.0
2025-03-24 09:12:00+08:00,62.0,62.099998474121094,62.0,62.099998474121094,2123,0.0,0.0
2025-03-24 09:14:00+08:00,62.099998474121094,62.20000076293945,62.0,62.20000076293945,5048,0.0,0.0
2025-03-24 09:16:00+08:00,62.0,62.0,62.0,62.0,1005,0.0,0.0
2025-03-24 09:17:00+08:00,61.900001525878906,61.900001525878906,61.900001525878906,61.900001525878906,9033,0.0,0.0
2025-03-24 09:19:00+08:00,61.900001525878906,62.0,61.900001525878906,62.0,3000,0.0,0.0
2025-03-24 09:20:00+08:00,62.0,62.20000076293945,62.0,62.20000076293945,3000,0.0,0.0
2025-03-24 09:22:00+08:00,62.0,62.0,61.900001525878906,61.900001525878906,6021,0.0,0.0
2025-03-24 09:23:00+08:00,62.0,62.0,62.0,62.0,1000,0.0,0.0
2025-03-24 09:25:00+08:00,61.900001525878906,61.900001525878906,61.900001525878906,61.900001525878906,5000,0.0,0.0
2025-03-24 09:27:00+08:00,61.900001525878906,61.900001525878906,61.900001525878906,61.900001525878906,1021,0.0,0.0
2025-03-24 09:28:00+08:00,61.900001525878906,61.900001525878906,61.900001525878906,61.900001525878906,1000,0.0,0.0
2025-03-24 09:29:00+08:00,61.900001525878906,61.900001525878906,61.79999923706055,61.79999923706055,5000,0.0,0.0
2025-03-24 09:30:00+08:00,61.79999923706055,62.0,61.79999923706055,62.0,3000,0.0,0.0
2025-03-24 09:34:00+08:00,62.0,62.099998474121094,62.0,62.099998474121094,2175,0.0,0.0
2025-03-24 09:36:00+08:00,62.099998474121094,62.099998474121094,62.099998474121094,62.099998474121094,1000,0.0,0.0
2025-03-24 09:37:00+08:00,62.099998474121094,62.099998474121094,62.0,62.0,2000,0.0,0.0
2025-03-24 09:38:00+08:00,62.0,62.0,61.900001525878906,61.900001525878906,2001,0.0,0.0
2025-03-24 09:39:00+08:00,61.900001525878906,61.900001525878906,61.900001525878906,61.900001525878906,2003,0.0,0.0
2025-03-24 09:40:00+08:00,61.900001525878906,61.900001525878906,61.79999923706055,61.79999923706055,4000,0.0,0.0
2025-03-24 09:41:00+08:00,61.79999923706055,61.79999923706055,61.79999923706055,61.79999923706055,2000,0.0,0.0
2025-03-24 09:42:00+08:00,61.79999923706055,62.0,61.79999923706055,62.0,2101,0.0,0.0
2025-03-24 09:45:00+08:00,62.0,62.0,62.0,62.0,1000,0.0,0.0
2025-03-24 09:46:00+08:00,62.0,62.0,62.0,62.0,1005,0.0,0.0
2025-03-24 09:49:00+08:00,61.900001525878906,61.900001525878906,61.900001525878906,61.900001525878906,2000,0.0,0.0
2025-03-24 09:50:00+08:00,61.900001525878906,61.900001525878906,61.900001525878906,61.900001525878906,2000,0.0,0.0
2025-03-24 09:51:00+08:00,61.79999923706055,61.79999923706055,61.79999923706055,61.79999923706055,3000,0.0,0.0
2025-03-24 09:52:00+08:00,61.900001525878906,61.900001525878906,61.900001525878906,61.900001525878906,1000,0.0,0.0
2025-03-24 09:53:00+08:00,61.79999923706055,61.79999923706055,61.79999923706055,61.79999923706055,10001,0.0,0.0
2025-03-24 09:54:00+08:00,61.79999923706055,61.79999923706055,61.79999923706055,61.79999923706055,11131,0.0,0.0
2025-03-24 09:56:00+08:00,61.79999923706055,61.79999923706055,61.79999923706055,61.79999923706055,13093,0.0,0.0
2025-03-24 09:57:00+08:00,61.79999923706055,61.79999923706055,61.79999923706055,61.79999923706055,12000,0.0,0.0
2025-03-24 09:58:00+08:00,61.79999923706055,62.0,61.79999923706055,62.0,20235,0.0,0.0
2025-03-24 10:01:00+08:00,62.0,62.0,62.0,62.0,2001,0.0,0.0
2025-03-24 10:02:00+08:00,62.0,62.0,62.0,62.0,9092,0.0,0.0
2025-03-24 10:06:00+08:00,62.0,62.099998474121094,62.0,62.099998474121094,10472,0.0,0.0
2025-03-24 10:08:00+08:00,62.099998474121094,62.099998474121094,62.099998474121094,62.099998474121094,3001,0.0,0.0
2025-03-24 10:09:00+08:00,62.099998474121094,62.099998474121094,62.099998474121094,62.099998474121094,2019,0.0,0.0
2025-03-24 10:14:00+08:00,62.099998474121094,62.20000076293945,62.099998474121094,62.20000076293945,3011,0.0,0.0
2025-03-24 10:19:00+08:00,62.0,62.0,62.0,62.0,3001,0.0,0.0
2025-03-24 10:20:00+08:00,62.0,62.0,61.900001525878906,61.900001525878906,3000,0.0,0.0
2025-03-24 10:21:00+08:00,62.099998474121094,62.099998474121094,62.099998474121094,62.099998474121094,1000,0.0,0.0
2025-03-24 10:22:00+08:00,62.099998474121094,62.20000076293945,62.099998474121094,62.20000076293945,15183,0.0,0.0
2025-03-24 10:26:00+08:00,62.20000076293945,62.20000076293945,62.20000076293945,62.20000076293945,3004,0.0,0.0
2025-03-24 10:35:00+08:00,62.0,62.0,62.0,62.0,7000,0.0,0.0
2025-03-24 10:36:00+08:00,62.099998474121094,62.099998474121094,62.099998474121094,62.099998474121094,1500,0.0,0.0
2025-03-24 10:39:00+08:00,62.0,62.0,62.0,62.0,1001,0.0,0.0
2025-03-24 10:42:00+08:00,61.900001525878906,61.900001525878906,61.900001525878906,61.900001525878906,4000,0.0,0.0
2025-03-24 10:43:00+08:00,61.900001525878906,61.900001525878906,61.79999923706055,61.79999923706055,6000,0.0,0.0
2025-03-24 10:44:00+08:00,61.79999923706055,61.79999923706055,61.79999923706055,61.79999923706055,6016,0.0,0.0
2025-03-24 10:45:00+08:00,61.79999923706055,61.79999923706055,61.79999923706055,61.79999923706055,1002,0.0,0.0
2025-03-24 10:46:00+08:00,61.79999923706055,61.79999923706055,61.79999923706055,61.79999923706055,2037,0.0,0.0
2025-03-24 10:50:00+08:00,61.79999923706055,61.79999923706055,61.79999923706055,61.79999923706055,1001,0.0,0.0
2025-03-24 10:51:00+08:00,61.900001525878906,61.900001525878906,61.900001525878906,61.900001525878906,1000,0.0,0.0
2025-03-24 10:52:00+08:00,61.900001525878906,61.900001525878906,61.79999923706055,61.79999923706055,4000,0.0,0.0
2025-03-24 10:53:00+08:00,61.900001525878906,61.900001525878906,61.900001525878906,61.900001525878906,1000,0.0,0.0
2025-03-24 10:56:00+08:00,61.900001525878906,62.0,61.900001525878906,62.0,5000,0.0,0.0
2025-03-24 11:00:00+08:00,61.900001525878906,61.900001525878906,61.900001525878906,61.900001525878906,8000,0.0,0.0
2025-03-24 11:02:00+08:00,61.900001525878906,61.900001525878906,61.900001525878906,61.900001525878906,1000,0.0,0.0
2025-03-24 11:05:00+08:00,61.900001525878906,61.900001525878906,61.900001525878906,61.900001525878906,1000,0.0,0.0
2025-03-24 11:14:00+08:00,61.900001525878906,61.900001525878906,61.900001525878906,61.900001525878906,1001,0.0,0.0
2025-03-24 11:22:00+08:00,61.5,61.5,61.5,61.5,0,0.0,0.0
2025-03-24 11:23:00+08:00,61.599998474121094,61.599998474121094,61.5,61.5,393747,0.0,0.0
2025-03-24 11:24:00+08:00,61.599998474121094,61.599998474121094,61.599998474121094,61.599998474121094,7383,0.0,0.0
2025-03-24 11:25:00+08:00,61.5,61.5,61.29999923706055,61.29999923706055,42000,0.0,0.0
2025-03-24 11:26:00+08:00,61.70000076293945,61.70000076293945,61.70000076293945,61.70000076293945,1010,0.0,0.0
2025-03-24 11:30:00+08:00,61.400001525878906,61.400001525878906,61.400001525878906,61.400001525878906,5289,0.0,0.0
2025-03-24 11:31:00+08:00,61.29999923706055,61.29999923706055,61.29999923706055,61.29999923706055,12200,0.0,0.0
2025-03-24 11:32:00+08:00,61.5,61.5,61.5,61.5,2000,0.0,0.0
2025-03-24 11:34:00+08:00,61.29999923706055,61.29999923706055,61.29999923706055,61.29999923706055,6015,0.0,0.0
2025-03-24 11:36:00+08:00,61.29999923706055,61.29999923706055,61.29999923706055,61.29999923706055,2122,0.0,0.0
2025-03-24 11:37:00+08:00,61.29999923706055,61.29999923706055,61.29999923706055,61.29999923706055,1000,0.0,0.0
2025-03-24 11:38:00+08:00,61.29999923706055,61.29999923706055,61.29999923706055,61.29999923706055,1046,0.0,0.0
2025-03-24 11:40:00+08:00,61.400001525878906,61.400001525878906,61.400001525878906,61.400001525878906,5000,0.0,0.0
2025-03-24 11:41:00+08:00,61.400001525878906,61.400001525878906,61.400001525878906,61.400001525878906,2001,0.0,0.0
2025-03-24 11:45:00+08:00,61.400001525878906,61.400001525878906,61.400001525878906,61.400001525878906,1325,0.0,0.0
2025-03-24 11:46:00+08:00,61.5,61.5,61.5,61.5,5012,0.0,0.0
2025-03-24 11:54:00+08:00,61.5,61.5,61.400001525878906,61.400001525878906,2004,0.0,0.0
2025-03-24 11:55:00+08:00,61.29999923706055,61.29999923706055,61.29999923706055,61.29999923706055,1000,0.0,0.0
2025-03-24 11:57:00+08:00,61.599998474121094,61.599998474121094,61.599998474121094,61.599998474121094,1194,0.0,0.0
2025-03-24 12:07:00+08:00,61.5,61.5,61.5,61.5,3197,0.0,0.0
2025-03-24 12:18:00+08:00,61.5,61.5,61.5,61.5,1001,0.0,0.0
2025-03-24 12:22:00+08:00,61.5,61.5,61.5,61.5,6000,0.0,0.0
2025-03-24 12:23:00+08:00,61.400001525878906,61.400001525878906,61.400001525878906,61.400001525878906,1022,0.0,0.0
2025-03-24 12:29:00+08:00,61.5,61.5,61.5,61.5,1032,0.0,0.0
2025-03-24 12:31:00+08:00,61.5,61.5,61.400001525878906,61.400001525878906,3000,0.0,0.0
2025-03-24 12:32:00+08:00,61.5,61.5,61.5,61.5,1010,0.0,0.0
2025-03-24 12:36:00+08:00,61.5,61.5,61.5,61.5,1002,0.0,0.0
2025-03-24 12:39:00+08:00,61.5,61.5,61.5,61.5,1000,0.0,0.0
2025-03-24 12:40:00+08:00,61.599998474121094,61.599998474121094,61.5,61.5,3001,0.0,0.0
2025-03-24 12:45:00+08:00,61.400001525878906,61.400001525878906,61.400001525878906,61.400001525878906,2001,0.0,0.0
2025-03-24 12:49:00+08:00,61.400001525878906,61.400001525878906,61.400001525878906,61.400001525878906,1000,0.0,0.0
2025-03-24 12:50:00+08:00,61.400001525878906,61.400001525878906,61.400001525878906,61.400001525878906,1000,0.0,0.0
2025-03-24 12:51:00+08:00,61.5,61.5,61.5,61.5,2000,0.0,0.0
2025-03-24 12:53:00+08:00,61.5,61.5,61.5,61.5,1000,0.0,0.0
2025-03-24 12:55:00+08:00,61.5,61.5,61.5,61.5,3006,0.0,0.0
2025-03-24 12:57:00+08:00,61.5,61.5,61.5,61.5,4042,0.0,0.0
2025-03-24 12:58:00+08:00,61.5,61.5,61.5,61.5,1000,0.0,0.0
2025-03-24 12:59:00+08:00,61.5,61.5,61.5,61.5,1009,0.0,0.0
2025-03-24 13:00:00+08:00,61.5,61.5,61.5,61.5,1000,0.0,0.0
2025-03-24 13:01:00+08:00,61.5,61.5,61.5,61.5,1000,0.0,0.0
2025-03-24 13:02:00+08:00,61.5,61.5,61.5,61.5,2142,0.0,0.0
2025-03-24 13:07:00+08:00,61.599998474121094,61.599998474121094,61.599998474121094,61.599998474121094,2000,0.0,0.0
2025-03-24 13:08:00+08:00,61.5,61.5,61.5,61.5,10021,0.0,0.0
2025-03-24 13:10:00+08:00,61.5,61.5,61.5,61.5,1001,0.0,0.0
2025-03-24 13:11:00+08:00,61.5,61.5,61.5,61.5,3028,0.0,0.0
2025-03-24 13:13:00+08:00,61.5,61.5,61.5,61.5,2000,0.0,0.0
2025-03-24 13:14:00+08:00,61.5,61.5,61.5,61.5,7375,0.0,0.0
2025-03-24 13:15:00+08:00,61.5,61.5,61.5,61.5,1018,0.0,0.0
2025-03-24 13:17:00+08:00,61.400001525878906,61.400001525878906,61.400001525878906,61.400001525878906,2082,0.0,0.0
2025-03-24 13:18:00+08:00,61.400001525878906,61.400001525878906,61.400001525878906,61.400001525878906,2000,0.0,0.0
2025-03-24 13:19:00+08:00,61.400001525878906,61.400001525878906,61.400001525878906,61.400001525878906,4002,0.0,0.0
2025-03-24 13:20:00+08:00,61.5,61.5,61.5,61.5,4155,0.0,0.0
2025-03-24 13:21:00+08:00,61.5,61.5,61.5,61.5,1071,0.0,0.0
2025-03-24 13:22:00+08:00,61.5,61.5,61.5,61.5,1000,0.0,0.0
2025-03-24 13:23:00+08:00,61.599998474121094,61.599998474121094,61.5,61.5,6001,0.0,0.0
2025-03-24 13:24:00+08:00,61.5,61.5,61.5,61.5,4102,0.0,0.0
2025-03-25 09:00:00+08:00,62.29999923706055,62.29999923706055,62.29999923706055,62.29999923706055,13000,0.0,0.0
2025-03-25 09:01:00+08:00,62.20000076293945,62.20000076293945,62.099998474121094,62.099998474121094,10000,0.0,0.0
2025-03-25 09:02:00+08:00,62.099998474121094,62.099998474121094,62.0,62.0,4000,0.0,0.0
2025-03-25 09:03:00+08:00,61.900001525878906,61.900001525878906,61.900001525878906,61.900001525878906,2000,0.0,0.0
2025-03-25 09:04:00+08:00,61.79999923706055,61.79999923706055,61.0,61.5,59000,0.0,0.0
2025-03-25 09:05:00+08:00,61.29999923706055,61.29999923706055,61.29999923706055,61.29999923706055,1000,0.0,0.0
2025-03-25 09:06:00+08:00,61.400001525878906,61.599998474121094,61.400001525878906,61.599998474121094,7000,0.0,0.0
2025-03-25 09:07:00+08:00,61.599998474121094,61.599998474121094,61.599998474121094,61.599998474121094,1000,0.0,0.0
2025-03-25 09:08:00+08:00,61.5,61.5,61.5,61.5,1000,0.0,0.0
2025-03-25 09:09:00+08:00,61.5,61.5,61.5,61.5,1222,0.0,0.0
2025-03-25 09:11:00+08:00,61.599998474121094,61.599998474121094,61.599998474121094,61.599998474121094,1000,0.0,0.0
2025-03-25 09:13:00+08:00,61.599998474121094,61.599998474121094,61.599998474121094,61.599998474121094,1002,0.0,0.0
2025-03-25 09:15:00+08:00,61.70000076293945,61.70000076293945,61.70000076293945,61.70000076293945,1005,0.0,0.0
2025-03-25 09:16:00+08:00,61.70000076293945,61.70000076293945,61.70000076293945,61.70000076293945,5000,0.0,0.0
2025-03-25 09:17:00+08:00,61.70000076293945,61.79999923706055,61.70000076293945,61.70000076293945,21000,0.0,0.0
2025-03-25 09:18:00+08:00,61.70000076293945,61.70000076293945,61.70000076293945,61.70000076293945,3011,0.0,0.0
2025-03-25 09:20:00+08:00,61.70000076293945,61.70000076293945,61.70000076293945,61.70000076293945,3000,0.0,0.0
2025-03-25 09:21:00+08:00,61.70000076293945,61.70000076293945,61.70000076293945,61.70000076293945,4000,0.0,0.0
2025-03-25 09:22:00+08:00,61.70000076293945,61.70000076293945,61.70000076293945,61.70000076293945,5001,0.0,0.0
2025-03-25 09:24:00+08:00,61.79999923706055,61.900001525878906,61.79999923706055,61.900001525878906,3515,0.0,0.0
2025-03-25 09:26:00+08:00,61.900001525878906,61.900001525878906,61.900001525878906,61.900001525878906,1003,0.0,0.0
2025-03-25 09:29:00+08:00,61.900001525878906,61.900001525878906,61.900001525878906,61.900001525878906,2003,0.0,0.0
2025-03-25 09:31:00+08:00,61.900001525878906,61.900001525878906,61.900001525878906,61.900001525878906,1000,0.0,0.0
2025-03-25 09:33:00+08:00,61.79999923706055,61.79999923706055,61.79999923706055,61.79999923706055,3000,0.0,0.0
2025-03-25 09:34:00+08:00,61.79999923706055,61.79999923706055,61.70000076293945,61.70000076293945,2001,0.0,0.0
2025-03-25 09:35:00+08:00,61.70000076293945,61.70000076293945,61.70000076293945,61.70000076293945,1000,0.0,0.0
2025-03-25 09:36:00+08:00,61.79999923706055,61.79999923706055,61.79999923706055,61.79999923706055,2584,0.0,0.0
2025-03-25 09:42:00+08:00,61.599998474121094,61.599998474121094,61.599998474121094,61.599998474121094,4000,0.0,0.0
2025-03-25 09:44:00+08:00,61.5,61.5,61.5,61.5,1148,0.0,0.0
2025-03-25 09:49:00+08:00,61.5,61.5,61.5,61.5,2000,0.0,0.0
2025-03-25 09:51:00+08:00,61.400001525878906,61.400001525878906,61.400001525878906,61.400001525878906,2000,0.0,0.0
2025-03-25 09:53:00+08:00,61.400001525878906,61.400001525878906,61.400001525878906,61.400001525878906,1001,0.0,0.0
2025-03-25 09:55:00+08:00,61.400001525878906,61.400001525878906,61.400001525878906,61.400001525878906,3000,0.0,0.0
2025-03-25 09:56:00+08:00,61.400001525878906,61.400001525878906,61.400001525878906,61.400001525878906,2011,0.0,0.0
2025-03-25 09:59:00+08:00,61.29999923706055,61.29999923706055,61.29999923706055,61.29999923706055,1000,0.0,0.0
2025-03-25 10:00:00+08:00,61.29999923706055,61.29999923706055,61.29999923706055,61.29999923706055,14030,0.0,0.0
2025-03-25 10:02:00+08:00,61.29999923706055,61.29999923706055,61.20000076293945,61.20000076293945,7101,0.0,0.0
2025-03-25 10:03:00+08:00,61.20000076293945,61.20000076293945,61.20000076293945,61.20000076293945,2101,0.0,0.0
2025-03-25 10:06:00+08:00,61.29999923706055,61.29999923706055,61.20000076293945,61.20000076293945,2000,0.0,0.0
2025-03-25 10:07:00+08:00,61.20000076293945,61.29999923706055,61.20000076293945,61.29999923706055,2000,0.0,0.0
2025-03-25 10:08:00+08:00,61.29999923706055,61.29999923706055,61.29999923706055,61.29999923706055,2005,0.0,0.0
2025-03-25 10:09:00+08:00,61.29999923706055,61.29999923706055,61.29999923706055,61.29999923706055,4000,0.0,0.0
2025-03-25 10:10:00+08:00,61.20000076293945,61.20000076293945,61.20000076293945,61.20000076293945,1000,0.0,0.0
2025-03-25 10:11:00+08:00,61.20000076293945,61.20000076293945,61.20000076293945,61.20000076293945,3100,0.0,0.0
2025-03-25 10:12:00+08:00,61.20000076293945,61.20000076293945,61.20000076293945,61.20000076293945,1181,0.0,0.0
2025-03-25 10:14:00+08:00,61.20000076293945,61.20000076293945,61.20000076293945,61.20000076293945,4001,0.0,0.0
2025-03-25 10:15:00+08:00,61.099998474121094,61.099998474121094,61.099998474121094,61.099998474121094,1040,0.0,0.0
2025-03-25 10:17:00+08:00,61.099998474121094,61.099998474121094,61.099998474121094,61.099998474121094,9002,0.0,0.0
2025-03-25 10:20:00+08:00,61.099998474121094,61.099998474121094,61.099998474121094,61.099998474121094,1001,0.0,0.0
2025-03-25 10:22:00+08:00,61.20000076293945,61.20000076293945,61.20000076293945,61.20000076293945,1062,0.0,0.0
2025-03-25 10:25:00+08:00,61.099998474121094,61.099998474121094,61.099998474121094,61.099998474121094,2005,0.0,0.0
2025-03-25 10:26:00+08:00,61.20000076293945,61.20000076293945,61.20000076293945,61.20000076293945,1061,0.0,0.0
2025-03-25 10:32:00+08:00,61.20000076293945,61.20000076293945,61.20000076293945,61.20000076293945,4006,0.0,0.0
2025-03-25 10:37:00+08:00,61.29999923706055,61.29999923706055,61.29999923706055,61.29999923706055,3001,0.0,0.0
2025-03-25 10:38:00+08:00,61.29999923706055,61.29999923706055,61.29999923706055,61.29999923706055,1001,0.0,0.0
2025-03-25 10:41:00+08:00,61.29999923706055,61.29999923706055,61.29999923706055,61.29999923706055,3000,0.0,0.0
2025-03-25 10:42:00+08:00,61.400001525878906,61.400001525878906,61.400001525878906,61.400001525878906,2001,0.0,0.0
2025-03-25 10:43:00+08:00,61.29999923706055,61.29999923706055,61.29999923706055,61.29999923706055,11001,0.0,0.0
2025-03-25 10:44:00+08:00,61.099998474121094,61.099998474121094,61.099998474121094,61.099998474121094,2001,0.0,0.0
2025-03-25 10:48:00+08:00,61.20000076293945,61.20000076293945,61.20000076293945,61.20000076293945,1000,0.0,0.0
2025-03-25 10:49:00+08:00,61.099998474121094,61.20000076293945,61.099998474121094,61.20000076293945,12001,0.0,0.0
2025-03-25 10:52:00+08:00,61.20000076293945,61.20000076293945,61.20000076293945,61.20000076293945,1050,0.0,0.0
2025-03-25 10:54:00+08:00,61.20000076293945,61.20000076293945,61.20000076293945,61.20000076293945,1000,0.0,0.0
2025-03-25 10:55:00+08:00,61.20000076293945,61.20000076293945,61.20000076293945,61.20000076293945,1033,0.0,0.0
2025-03-25 10:58:00+08:00,61.099998474121094,61.099998474121094,61.099998474121094,61.099998474121094,3113,0.0,0.0
2025-03-25 11:11:00+08:00,61.20000076293945,61.20000076293945,61.20000076293945,61.20000076293945,1100,0.0,0.0
2025-03-25 11:16:00+08:00,61.20000076293945,61.20000076293945,61.20000076293945,61.20000076293945,2002,0.0,0.0
2025-03-25 11:22:00+08:00,61.099998474121094,61.099998474121094,61.099998474121094,61.099998474121094,6002,0.0,0.0
2025-03-25 11:26:00+08:00,61.20000076293945,61.20000076293945,61.20000076293945,61.20000076293945,4000,0.0,0.0
2025-03-25 11:27:00+08:00,61.20000076293945,61.20000076293945,61.20000076293945,61.20000076293945,1000,0.0,0.0
2025-03-25 11:28:00+08:00,61.20000076293945,61.20000076293945,61.20000076293945,61.20000076293945,2005,0.0,0.0
2025-03-25 11:34:00+08:00,61.20000076293945,61.20000076293945,61.099998474121094,61.099998474121094,2007,0.0,0.0
2025-03-25 11:48:00+08:00,61.099998474121094,61.20000076293945,61.099998474121094,61.20000076293945,3000,0.0,0.0
2025-03-25 11:50:00+08:00,61.29999923706055,61.29999923706055,61.29999923706055,61.29999923706055,3002,0.0,0.0
2025-03-25 11:53:00+08:00,61.29999923706055,61.29999923706055,61.29999923706055,61.29999923706055,1004,0.0,0.0
2025-03-25 11:57:00+08:00,61.20000076293945,61.20000076293945,61.20000076293945,61.20000076293945,3001,0.0,0.0
2025-03-25 12:02:00+08:00,61.29999923706055,61.29999923706055,61.29999923706055,61.29999923706055,1002,0.0,0.0
2025-03-25 12:10:00+08:00,61.29999923706055,61.29999923706055,61.29999923706055,61.29999923706055,6002,0.0,0.0
2025-03-25 12:14:00+08:00,61.29999923706055,61.29999923706055,61.29999923706055,61.29999923706055,1000,0.0,0.0
2025-03-25 12:15:00+08:00,61.20000076293945,61.20000076293945,61.20000076293945,61.20000076293945,1002,0.0,0.0
2025-03-25 12:18:00+08:00,61.20000076293945,61.20000076293945,61.20000076293945,61.20000076293945,8000,0.0,0.0
2025-03-25 12:19:00+08:00,61.20000076293945,61.20000076293945,61.20000076293945,61.20000076293945,2053,0.0,0.0
2025-03-25 12:32:00+08:00,61.099998474121094,61.099998474121094,61.099998474121094,61.099998474121094,3000,0.0,0.0
2025-03-25 12:33:00+08:00,61.20000076293945,61.20000076293945,61.20000076293945,61.20000076293945,2010,0.0,0.0
2025-03-25 12:35:00+08:00,61.099998474121094,61.099998474121094,61.099998474121094,61.099998474121094,3000,0.0,0.0
2025-03-25 12:37:00+08:00,61.099998474121094,61.099998474121094,61.099998474121094,61.099998474121094,2000,0.0,0.0
2025-03-25 12:41:00+08:00,61.099998474121094,61.099998474121094,61.099998474121094,61.099998474121094,6000,0.0,0.0
2025-03-25 12:42:00+08:00,61.099998474121094,61.099998474121094,61.099998474121094,61.099998474121094,1000,0.0,0.0
2025-03-25 12:43:00+08:00,61.099998474121094,61.099998474121094,61.099998474121094,61.099998474121094,2002,0.0,0.0
2025-03-25 12:47:00+08:00,61.20000076293945,61.20000076293945,61.20000076293945,61.20000076293945,5172,0.0,0.0
2025-03-25 12:53:00+08:00,61.099998474121094,61.099998474121094,61.099998474121094,61.099998474121094,1002,0.0,0.0
2025-03-25 12:54:00+08:00,61.20000076293945,61.20000076293945,61.20000076293945,61.20000076293945,1000,0.0,0.0
2025-03-25 12:59:00+08:00,61.29999923706055,61.29999923706055,61.29999923706055,61.29999923706055,5133,0.0,0.0
2025-03-25 13:00:00+08:00,61.29999923706055,61.29999923706055,61.29999923706055,61.29999923706055,1012,0.0,0.0
2025-03-25 13:06:00+08:00,61.099998474121094,61.099998474121094,61.099998474121094,61.099998474121094,1501,0.0,0.0
2025-03-25 13:08:00+08:00,61.20000076293945,61.20000076293945,61.20000076293945,61.20000076293945,3000,0.0,0.0
2025-03-25 13:10:00+08:00,61.20000076293945,61.20000076293945,61.20000076293945,61.20000076293945,5000,0.0,0.0
2025-03-25 13:11:00+08:00,61.20000076293945,61.20000076293945,61.20000076293945,61.20000076293945,2000,0.0,0.0
2025-03-25 13:13:00+08:00,61.20000076293945,61.20000076293945,61.20000076293945,61.20000076293945,1000,0.0,0.0
2025-03-25 13:15:00+08:00,61.099998474121094,61.20000076293945,61.099998474121094,61.20000076293945,3001,0.0,0.0
2025-03-25 13:16:00+08:00,61.099998474121094,61.099998474121094,61.099998474121094,61.099998474121094,6001,0.0,0.0
2025-03-25 13:17:00+08:00,61.099998474121094,61.20000076293945,61.099998474121094,61.20000076293945,3000,0.0,0.0
2025-03-25 13:19:00+08:00,61.099998474121094,61.099998474121094,61.099998474121094,61.099998474121094,2114,0.0,0.0
2025-03-25 13:21:00+08:00,61.20000076293945,61.20000076293945,61.099998474121094,61.20000076293945,6003,0.0,0.0
2025-03-25 13:23:00+08:00,61.29999923706055,61.29999923706055,61.29999923706055,61.29999923706055,1000,0.0,0.0
2025-03-25 13:24:00+08:00,61.20000076293945,61.20000076293945,61.20000076293945,61.20000076293945,6201,0.0,0.0
2025-03-26 09:00:00+08:00,61.29999923706055,61.29999923706055,61.29999923706055,61.29999923706055,0,0.0,0.0
2025-03-26 09:07:00+08:00,61.79999923706055,61.79999923706055,61.79999923706055,61.79999923706055,5000,0.0,0.0
2025-03-26 09:08:00+08:00,61.599998474121094,61.599998474121094,61.599998474121094,61.599998474121094,1801,0.0,0.0
2025-03-26 09:12:00+08:00,61.599998474121094,61.70000076293945,61.599998474121094,61.70000076293945,3180,0.0,0.0
2025-03-26 09:15:00+08:00,61.599998474121094,61.599998474121094,61.599998474121094,61.599998474121094,2000,0.0,0.0
2025-03-26 09:16:00+08:00,61.5,61.5,61.5,61.5,2060,0.0,0.0
2025-03-26 09:26:00+08:00,61.5,61.5,61.5,61.5,2001,0.0,0.0
2025-03-26 09:29:00+08:00,61.400001525878906,61.400001525878906,61.400001525878906,61.400001525878906,4121,0.0,0.0
2025-03-26 09:33:00+08:00,61.29999923706055,61.29999923706055,61.20000076293945,61.20000076293945,5001,0.0,0.0
2025-03-26 09:35:00+08:00,61.29999923706055,61.29999923706055,61.0,61.0,5000,0.0,0.0
2025-03-26 09:36:00+08:00,61.400001525878906,61.5,61.20000076293945,61.20000076293945,9001,0.0,0.0
2025-03-26 09:37:00+08:00,61.099998474121094,61.099998474121094,61.099998474121094,61.099998474121094,5001,0.0,0.0
2025-03-26 09:40:00+08:00,61.099998474121094,61.099998474121094,61.099998474121094,61.099998474121094,4000,0.0,0.0
2025-03-26 09:43:00+08:00,61.099998474121094,61.099998474121094,61.0,61.0,18000,0.0,0.0
2025-03-26 09:50:00+08:00,61.099998474121094,61.099998474121094,61.099998474121094,61.099998474121094,5164,0.0,0.0
2025-03-26 10:08:00+08:00,61.099998474121094,61.099998474121094,61.099998474121094,61.099998474121094,2004,0.0,0.0
2025-03-26 10:21:00+08:00,61.099998474121094,61.099998474121094,61.099998474121094,61.099998474121094,2237,0.0,0.0
2025-03-26 10:37:00+08:00,61.099998474121094,61.099998474121094,61.099998474121094,61.099998474121094,1000,0.0,0.0
2025-03-26 10:39:00+08:00,61.29999923706055,61.29999923706055,61.29999923706055,61.29999923706055,5000,0.0,0.0
2025-03-26 10:40:00+08:00,61.29999923706055,61.29999923706055,61.29999923706055,61.29999923706055,5002,0.0,0.0
2025-03-26 10:41:00+08:00,61.400001525878906,61.5,61.400001525878906,61.5,13001,0.0,0.0
2025-03-26 10:42:00+08:00,61.5,61.5,61.5,61.5,2012,0.0,0.0
2025-03-26 10:45:00+08:00,61.400001525878906,61.5,61.400001525878906,61.5,2000,0.0,0.0
2025-03-26 10:46:00+08:00,61.5,61.5,61.5,61.5,1002,0.0,0.0
2025-03-26 10:51:00+08:00,61.400001525878906,61.400001525878906,61.400001525878906,61.400001525878906,1001,0.0,0.0
2025-03-26 10:54:00+08:00,61.29999923706055,61.29999923706055,61.29999923706055,61.29999923706055,2018,0.0,0.0
2025-03-26 10:55:00+08:00,61.400001525878906,61.400001525878906,61.400001525878906,61.400001525878906,1704,0.0,0.0
2025-03-26 10:59:00+08:00,61.400001525878906,61.400001525878906,61.400001525878906,61.400001525878906,2000,0.0,0.0
2025-03-26 11:03:00+08:00,61.400001525878906,61.400001525878906,61.400001525878906,61.400001525878906,8056,0.0,0.0
2025-03-26 11:11:00+08:00,61.5,61.70000076293945,61.5,61.70000076293945,24001,0.0,0.0
2025-03-26 11:12:00+08:00,61.70000076293945,61.70000076293945,61.70000076293945,61.70000076293945,1101,0.0,0.0
2025-03-26 11:15:00+08:00,61.599998474121094,61.599998474121094,61.599998474121094,61.599998474121094,1001,0.0,0.0
2025-03-26 11:16:00+08:00,61.70000076293945,61.70000076293945,61.70000076293945,61.70000076293945,2003,0.0,0.0
2025-03-26 11:17:00+08:00,61.70000076293945,61.70000076293945,61.70000076293945,61.70000076293945,3000,0.0,0.0
2025-03-26 11:19:00+08:00,61.70000076293945,61.70000076293945,61.70000076293945,61.70000076293945,1000,0.0,0.0
2025-03-26 11:23:00+08:00,61.70000076293945,61.70000076293945,61.599998474121094,61.70000076293945,10001,0.0,0.0
2025-03-26 11:27:00+08:00,61.599998474121094,61.599998474121094,61.599998474121094,61.599998474121094,4001,0.0,0.0
2025-03-26 11:31:00+08:00,61.599998474121094,61.599998474121094,61.599998474121094,61.599998474121094,1000,0.0,0.0
2025-03-26 11:32:00+08:00,61.599998474121094,61.599998474121094,61.599998474121094,61.599998474121094,1001,0.0,0.0
2025-03-26 11:35:00+08:00,61.599998474121094,61.599998474121094,61.599998474121094,61.599998474121094,2000,0.0,0.0
2025-03-26 11:36:00+08:00,61.70000076293945,61.900001525878906,61.70000076293945,61.900001525878906,18001,0.0,0.0
2025-03-26 11:37:00+08:00,62.0,62.099998474121094,62.0,62.099998474121094,12653,0.0,0.0
2025-03-26 11:39:00+08:00,62.0,62.0,62.0,62.0,2000,0.0,0.0
2025-03-26 11:43:00+08:00,61.900001525878906,61.900001525878906,61.900001525878906,61.900001525878906,1001,0.0,0.0
2025-03-26 11:44:00+08:00,62.0,62.0,62.0,62.0,2051,0.0,0.0
2025-03-26 11:48:00+08:00,61.900001525878906,61.900001525878906,61.900001525878906,61.900001525878906,1101,0.0,0.0
2025-03-26 11:49:00+08:00,61.900001525878906,61.900001525878906,61.900001525878906,61.900001525878906,1100,0.0,0.0
2025-03-26 11:57:00+08:00,62.0,62.0,62.0,62.0,5000,0.0,0.0
2025-03-26 11:59:00+08:00,62.0,62.0,62.0,62.0,2148,0.0,0.0
2025-03-26 12:00:00+08:00,62.0,62.0,62.0,62.0,1034,0.0,0.0
2025-03-26 12:03:00+08:00,62.0,62.0,62.0,62.0,1002,0.0,0.0
2025-03-26 12:14:00+08:00,62.0,62.0,62.0,62.0,1052,0.0,0.0
2025-03-26 12:16:00+08:00,62.0,62.0,62.0,62.0,9000,0.0,0.0
2025-03-26 12:17:00+08:00,62.099998474121094,62.099998474121094,62.099998474121094,62.099998474121094,4077,0.0,0.0
2025-03-26 12:18:00+08:00,62.099998474121094,62.099998474121094,62.099998474121094,62.099998474121094,1253,0.0,0.0
2025-03-26 12:19:00+08:00,62.099998474121094,62.099998474121094,62.099998474121094,62.099998474121094,1000,0.0,0.0
2025-03-26 12:21:00+08:00,62.099998474121094,62.099998474121094,62.099998474121094,62.099998474121094,3003,0.0,0.0
2025-03-26 12:22:00+08:00,62.0,62.0,62.0,62.0,1002,0.0,0.0
2025-03-26 12:23:00+08:00,62.0,62.0,62.0,62.0,3000,0.0,0.0
2025-03-26 12:24:00+08:00,61.900001525878906,61.900001525878906,61.900001525878906,61.900001525878906,10007,0.0,0.0
2025-03-26 12:32:00+08:00,61.79999923706055,61.79999923706055,61.79999923706055,61.79999923706055,1001,0.0,0.0
2025-03-26 12:33:00+08:00,61.79999923706055,61.79999923706055,61.79999923706055,61.79999923706055,1001,0.0,0.0
2025-03-26 12:35:00+08:00,61.70000076293945,61.79999923706055,61.5,61.79999923706055,11103,0.0,0.0
2025-03-26 12:43:00+08:00,61.900001525878906,62.0,61.900001525878906,62.0,3000,0.0,0.0
2025-03-26 12:45:00+08:00,62.0,62.0,62.0,62.0,4001,0.0,0.0
2025-03-26 12:48:00+08:00,61.79999923706055,61.900001525878906,61.70000076293945,61.900001525878906,4000,0.0,0.0
2025-03-26 12:49:00+08:00,61.70000076293945,61.70000076293945,61.70000076293945,61.70000076293945,4005,0.0,0.0
2025-03-26 12:59:00+08:00,61.900001525878906,61.900001525878906,61.79999923706055,61.79999923706055,2001,0.0,0.0
2025-03-26 13:01:00+08:00,61.70000076293945,61.70000076293945,61.70000076293945,61.70000076293945,11001,0.0,0.0
2025-03-26 13:02:00+08:00,61.900001525878906,61.900001525878906,61.900001525878906,61.900001525878906,1018,0.0,0.0
2025-03-26 13:07:00+08:00,61.79999923706055,61.79999923706055,61.79999923706055,61.79999923706055,1020,0.0,0.0
2025-03-26 13:14:00+08:00,61.79999923706055,61.79999923706055,61.79999923706055,61.79999923706055,1007,0.0,0.0
2025-03-26 13:16:00+08:00,61.79999923706055,62.0,61.79999923706055,62.0,8001,0.0,0.0
2025-03-26 13:20:00+08:00,61.79999923706055,61.900001525878906,61.79999923706055,61.900001525878906,3053,0.0,0.0
2025-03-26 13:22:00+08:00,61.900001525878906,61.900001525878906,61.900001525878906,61.900001525878906,1000,0.0,0.0
2025-03-26 13:23:00+08:00,62.0,62.0,62.0,62.0,3071,0.0,0.0
2025-03-26 13:24:00+08:00,61.900001525878906,61.900001525878906,61.900001525878906,61.900001525878906,1003,0.0,0.0
2025-03-27 09:00:00+08:00,62.099998474121094,62.099998474121094,61.70000076293945,62.0,0,0.0,0.0
2025-03-27 09:01:00+08:00,61.70000076293945,61.70000076293945,61.599998474121094,61.599998474121094,3000,0.0,0.0
2025-03-27 09:02:00+08:00,61.5,61.5,61.400001525878906,61.5,7000,0.0,0.0
2025-03-27 09:03:00+08:00,61.599998474121094,61.599998474121094,61.599998474121094,61.599998474121094,1000,0.0,0.0
2025-03-27 09:05:00+08:00,61.599998474121094,61.599998474121094,61.400001525878906,61.5,10000,0.0,0.0
2025-03-27 09:06:00+08:00,61.29999923706055,61.5,61.29999923706055,61.5,2000,0.0,0.0
2025-03-27 09:07:00+08:00,61.400001525878906,61.400001525878906,61.400001525878906,61.400001525878906,1000,0.0,0.0
2025-03-27 09:09:00+08:00,61.400001525878906,61.400001525878906,61.400001525878906,61.400001525878906,1303,0.0,0.0
2025-03-27 09:12:00+08:00,61.400001525878906,61.5,61.400001525878906,61.5,2001,0.0,0.0
2025-03-27 09:13:00+08:00,61.29999923706055,61.29999923706055,61.29999923706055,61.29999923706055,2000,0.0,0.0
2025-03-27 09:14:00+08:00,61.29999923706055,61.29999923706055,61.29999923706055,61.29999923706055,1002,0.0,0.0
2025-03-27 09:23:00+08:00,61.400001525878906,61.400001525878906,61.400001525878906,61.400001525878906,5007,0.0,0.0
2025-03-27 09:29:00+08:00,61.400001525878906,61.400001525878906,61.400001525878906,61.400001525878906,2000,0.0,0.0
2025-03-27 09:30:00+08:00,61.400001525878906,61.400001525878906,61.400001525878906,61.400001525878906,2003,0.0,0.0
2025-03-27 09:34:00+08:00,61.400001525878906,61.400001525878906,61.20000076293945,61.20000076293945,12001,0.0,0.0
2025-03-27 09:36:00+08:00,61.29999923706055,61.29999923706055,61.29999923706055,61.29999923706055,1000,0.0,0.0
2025-03-27 09:37:00+08:00,61.20000076293945,61.20000076293945,61.20000076293945,61.20000076293945,2001,0.0,0.0
2025-03-27 09:41:00+08:00,61.20000076293945,61.20000076293945,61.20000076293945,61.20000076293945,5006,0.0,0.0
2025-03-27 09:47:00+08:00,61.400001525878906,61.400001525878906,61.400001525878906,61.400001525878906,3008,0.0,0.0
2025-03-27 09:51:00+08:00,61.400001525878906,61.400001525878906,61.400001525878906,61.400001525878906,1222,0.0,0.0
2025-03-27 09:52:00+08:00,61.400001525878906,61.400001525878906,61.400001525878906,61.400001525878906,1000,0.0,0.0
2025-03-27 09:53:00+08:00,61.400001525878906,61.400001525878906,61.400001525878906,61.400001525878906,3006,0.0,0.0
2025-03-27 09:59:00+08:00,61.29999923706055,61.29999923706055,61.29999923706055,61.29999923706055,9000,0.0,0.0
2025-03-27 10:00:00+08:00,61.29999923706055,61.29999923706055,61.29999923706055,61.29999923706055,2001,0.0,0.0
2025-03-27 10:02:00+08:00,61.400001525878906,61.400001525878906,61.400001525878906,61.400001525878906,1015,0.0,0.0
2025-03-27 10:12:00+08:00,61.29999923706055,61.29999923706055,61.29999923706055,61.29999923706055,2005,0.0,0.0
2025-03-27 10:16:00+08:00,61.29999923706055,61.29999923706055,61.29999923706055,61.29999923706055,1002,0.0,0.0
2025-03-27 10:20:00+08:00,61.29999923706055,61.29999923706055,61.29999923706055,61.29999923706055,1001,0.0,0.0
2025-03-27 10:22:00+08:00,61.20000076293945,61.20000076293945,61.20000076293945,61.20000076293945,1091,0.0,0.0
2025-03-27 10:25:00+08:00,61.29999923706055,61.29999923706055,61.29999923706055,61.29999923706055,2500,0.0,0.0
2025-03-27 10:26:00+08:00,61.29999923706055,61.29999923706055,61.29999923706055,61.29999923706055,5005,0.0,0.0
2025-03-27 10:29:00+08:00,61.20000076293945,61.20000076293945,61.20000076293945,61.20000076293945,2023,0.0,0.0
2025-03-27 10:33:00+08:00,61.20000076293945,61.20000076293945,61.20000076293945,61.20000076293945,2000,0.0,0.0
2025-03-27 10:35:00+08:00,61.20000076293945,61.20000076293945,61.20000076293945,61.20000076293945,2000,0.0,0.0
2025-03-27 10:36:00+08:00,61.099998474121094,61.099998474121094,61.099998474121094,61.099998474121094,9001,0.0,0.0
2025-03-27 10:38:00+08:00,61.099998474121094,61.099998474121094,61.099998474121094,61.099998474121094,1001,0.0,0.0
2025-03-27 10:42:00+08:00,61.20000076293945,61.20000076293945,61.20000076293945,61.20000076293945,2000,0.0,0.0
2025-03-27 10:43:00+08:00,61.20000076293945,61.20000076293945,61.20000076293945,61.20000076293945,1000,0.0,0.0
2025-03-27 10:47:00+08:00,61.29999923706055,61.400001525878906,61.29999923706055,61.400001525878906,10005,0.0,0.0
2025-03-27 10:51:00+08:00,61.5,61.5,61.5,61.5,3096,0.0,0.0
2025-03-27 10:56:00+08:00,61.5,61.5,61.5,61.5,2053,0.0,0.0
2025-03-27 11:05:00+08:00,61.5,61.5,61.5,61.5,1000,0.0,0.0
2025-03-27 11:07:00+08:00,61.5,61.5,61.5,61.5,1020,0.0,0.0
2025-03-27 11:10:00+08:00,61.5,61.5,61.5,61.5,4007,0.0,0.0
2025-03-27 11:21:00+08:00,61.400001525878906,61.400001525878906,61.400001525878906,61.400001525878906,1250,0.0,0.0
2025-03-27 11:32:00+08:00,61.5,61.5,61.5,61.5,1004,0.0,0.0
2025-03-27 11:34:00+08:00,61.599998474121094,61.599998474121094,61.599998474121094,61.599998474121094,1001,0.0,0.0
2025-03-27 11:39:00+08:00,61.599998474121094,61.599998474121094,61.599998474121094,61.599998474121094,2116,0.0,0.0
2025-03-27 11:47:00+08:00,61.599998474121094,61.599998474121094,61.599998474121094,61.599998474121094,2000,0.0,0.0
2025-03-27 11:48:00+08:00,61.599998474121094,61.599998474121094,61.599998474121094,61.599998474121094,2001,0.0,0.0
2025-03-27 11:55:00+08:00,61.5,61.5,61.400001525878906,61.400001525878906,2006,0.0,0.0
2025-03-27 12:03:00+08:00,61.400001525878906,61.400001525878906,61.400001525878906,61.400001525878906,2025,0.0,0.0
2025-03-27 12:04:00+08:00,61.29999923706055,61.29999923706055,61.29999923706055,61.29999923706055,1000,0.0,0.0
2025-03-27 12:05:00+08:00,61.29999923706055,61.29999923706055,61.29999923706055,61.29999923706055,9000,0.0,0.0
2025-03-27 12:06:00+08:00,61.29999923706055,61.29999923706055,61.29999923706055,61.29999923706055,4008,0.0,0.0
2025-03-27 12:20:00+08:00,61.29999923706055,61.29999923706055,61.20000076293945,61.20000076293945,8048,0.0,0.0
2025-03-27 12:21:00+08:00,61.20000076293945,61.20000076293945,61.20000076293945,61.20000076293945,15001,0.0,0.0
2025-03-27 12:22:00+08:00,61.20000076293945,61.20000076293945,61.20000076293945,61.20000076293945,2248,0.0,0.0
2025-03-27 12:24:00+08:00,61.099998474121094,61.099998474121094,61.099998474121094,61.099998474121094,3000,0.0,0.0
2025-03-27 12:25:00+08:00,61.099998474121094,61.099998474121094,61.099998474121094,61.099998474121094,11000,0.0,0.0
2025-03-27 12:30:00+08:00,61.20000076293945,61.20000076293945,61.099998474121094,61.099998474121094,8004,0.0,0.0
2025-03-27 12:33:00+08:00,61.099998474121094,61.099998474121094,61.099998474121094,61.099998474121094,1002,0.0,0.0
2025-03-27 12:38:00+08:00,61.099998474121094,61.099998474121094,61.099998474121094,61.099998474121094,2005,0.0,0.0
2025-03-27 12:43:00+08:00,61.20000076293945,61.20000076293945,61.20000076293945,61.20000076293945,1001,0.0,0.0
2025-03-27 12:50:00+08:00,61.20000076293945,61.20000076293945,61.20000076293945,61.20000076293945,3100,0.0,0.0
2025-03-27 12:53:00+08:00,61.099998474121094,61.099998474121094,61.099998474121094,61.099998474121094,1000,0.0,0.0
2025-03-27 13:02:00+08:00,61.20000076293945,61.29999923706055,61.20000076293945,61.29999923706055,4000,0.0,0.0
2025-03-27 13:03:00+08:00,61.29999923706055,61.29999923706055,61.29999923706055,61.29999923706055,3000,0.0,0.0
2025-03-27 13:04:00+08:00,61.20000076293945,61.20000076293945,61.20000076293945,61.20000076293945,6001,0.0,0.0
2025-03-27 13:07:00+08:00,61.20000076293945,61.20000076293945,61.20000076293945,61.20000076293945,3219,0.0,0.0
2025-03-27 13:11:00+08:00,61.20000076293945,61.20000076293945,61.20000076293945,61.20000076293945,1063,0.0,0.0
2025-03-27 13:16:00+08:00,61.20000076293945,61.20000076293945,61.20000076293945,61.20000076293945,1000,0.0,0.0
2025-03-27 13:17:00+08:00,61.20000076293945,61.20000076293945,61.20000076293945,61.20000076293945,1000,0.0,0.0
2025-03-27 13:19:00+08:00,61.099998474121094,61.099998474121094,61.099998474121094,61.099998474121094,4000,0.0,0.0
2025-03-27 13:20:00+08:00,61.099998474121094,61.099998474121094,61.099998474121094,61.099998474121094,3100,0.0,0.0
2025-03-27 13:23:00+08:00,61.20000076293945,61.29999923706055,61.20000076293945,61.29999923706055,5000,0.0,0.0
2025-03-27 13:24:00+08:00,61.29999923706055,61.29999923706055,61.20000076293945,61.20000076293945,3002,0.0,0.0
2025-03-28 09:00:00+08:00,61.0,61.29999923706055,61.0,61.29999923706055,0,0.0,0.0
2025-03-28 09:02:00+08:00,61.099998474121094,61.099998474121094,61.0,61.0,5000,0.0,0.0
2025-03-28 09:03:00+08:00,61.0,61.0,61.0,61.0,1000,0.0,0.0
2025-03-28 09:04:00+08:00,61.0,61.0,61.0,61.0,2000,0.0,0.0
2025-03-28 09:05:00+08:00,60.900001525878906,60.900001525878906,60.900001525878906,60.900001525878906,2000,0.0,0.0
2025-03-28 09:06:00+08:00,60.900001525878906,60.900001525878906,60.900001525878906,60.900001525878906,1000,0.0,0.0
2025-03-28 09:07:00+08:00,60.900001525878906,60.900001525878906,60.900001525878906,60.900001525878906,4000,0.0,0.0
2025-03-28 09:08:00+08:00,60.79999923706055,60.79999923706055,60.79999923706055,60.79999923706055,2000,0.0,0.0
2025-03-28 09:09:00+08:00,60.79999923706055,60.79999923706055,60.79999923706055,60.79999923706055,3027,0.0,0.0
2025-03-28 09:11:00+08:00,60.900001525878906,60.900001525878906,60.900001525878906,60.900001525878906,2073,0.0,0.0
2025-03-28 09:18:00+08:00,61.0,61.0,61.0,61.0,2524,0.0,0.0
2025-03-28 09:22:00+08:00,61.0,61.0,61.0,61.0,1000,0.0,0.0
2025-03-28 09:23:00+08:00,60.79999923706055,60.79999923706055,60.79999923706055,60.79999923706055,1004,0.0,0.0
2025-03-28 09:27:00+08:00,61.0,61.0,61.0,61.0,3001,0.0,0.0
2025-03-28 09:29:00+08:00,61.0,61.0,61.0,61.0,3002,0.0,0.0
2025-03-28 09:32:00+08:00,60.900001525878906,60.900001525878906,60.79999923706055,60.79999923706055,11000,0.0,0.0
2025-03-28 09:34:00+08:00,60.70000076293945,60.70000076293945,60.70000076293945,60.70000076293945,4002,0.0,0.0
2025-03-28 09:35:00+08:00,60.70000076293945,60.70000076293945,60.70000076293945,60.70000076293945,1157,0.0,0.0
2025-03-28 09:37:00+08:00,60.70000076293945,60.70000076293945,60.70000076293945,60.70000076293945,1001,0.0,0.0
2025-03-28 09:40:00+08:00,60.70000076293945,60.70000076293945,60.70000076293945,60.70000076293945,1000,0.0,0.0
2025-03-28 09:41:00+08:00,60.70000076293945,60.70000076293945,60.70000076293945,60.70000076293945,1000,0.0,0.0
2025-03-28 09:42:00+08:00,60.599998474121094,60.599998474121094,60.599998474121094,60.599998474121094,1000,0.0,0.0
2025-03-28 09:43:00+08:00,60.599998474121094,60.599998474121094,60.599998474121094,60.599998474121094,3000,0.0,0.0
2025-03-28 09:44:00+08:00,60.599998474121094,60.70000076293945,60.599998474121094,60.70000076293945,2000,0.0,0.0
2025-03-28 09:45:00+08:00,60.70000076293945,60.70000076293945,60.70000076293945,60.70000076293945,1001,0.0,0.0
2025-03-28 09:47:00+08:00,60.599998474121094,60.599998474121094,60.599998474121094,60.599998474121094,2000,0.0,0.0
2025-03-28 09:48:00+08:00,60.599998474121094,60.599998474121094,60.599998474121094,60.599998474121094,1000,0.0,0.0
2025-03-28 09:49:00+08:00,60.599998474121094,60.599998474121094,60.599998474121094,60.599998474121094,9142,0.0,0.0
2025-03-28 09:50:00+08:00,60.599998474121094,60.599998474121094,60.599998474121094,60.599998474121094,2001,0.0,0.0
2025-03-28 09:54:00+08:00,60.70000076293945,60.70000076293945,60.70000076293945,60.70000076293945,1000,0.0,0.0
2025-03-28 09:58:00+08:00,60.70000076293945,60.70000076293945,60.70000076293945,60.70000076293945,1000,0.0,0.0
2025-03-28 10:01:00+08:00,60.70000076293945,60.70000076293945,60.70000076293945,60.70000076293945,2000,0.0,0.0
2025-03-28 10:04:00+08:00,60.79999923706055,60.79999923706055,60.79999923706055,60.79999923706055,5000,0.0,0.0
2025-03-28 10:06:00+08:00,60.79999923706055,60.79999923706055,60.79999923706055,60.79999923706055,1083,0.0,0.0
2025-03-28 10:10:00+08:00,60.70000076293945,60.79999923706055,60.70000076293945,60.79999923706055,11008,0.0,0.0
2025-03-28 10:12:00+08:00,60.70000076293945,60.70000076293945,60.599998474121094,60.599998474121094,11001,0.0,0.0
2025-03-28 10:14:00+08:00,60.5,60.5,60.5,60.5,3000,0.0,0.0
2025-03-28 10:15:00+08:00,60.5,60.5,60.5,60.5,8000,0.0,0.0
2025-03-28 10:18:00+08:00,60.5,60.5,60.5,60.5,4051,0.0,0.0
2025-03-28 10:20:00+08:00,60.400001525878906,60.400001525878906,60.400001525878906,60.400001525878906,1001,0.0,0.0
2025-03-28 10:22:00+08:00,60.5,60.5,60.400001525878906,60.400001525878906,7000,0.0,0.0
2025-03-28 10:23:00+08:00,60.400001525878906,60.400001525878906,60.400001525878906,60.400001525878906,4050,0.0,0.0
2025-03-28 10:27:00+08:00,60.400001525878906,60.400001525878906,60.29999923706055,60.29999923706055,3046,0.0,0.0
2025-03-28 10:28:00+08:00,60.29999923706055,60.29999923706055,60.29999923706055,60.29999923706055,1000,0.0,0.0
2025-03-28 10:31:00+08:00,60.29999923706055,60.29999923706055,60.29999923706055,60.29999923706055,3005,0.0,0.0
2025-03-28 10:32:00+08:00,60.29999923706055,60.29999923706055,60.29999923706055,60.29999923706055,2001,0.0,0.0
2025-03-28 10:34:00+08:00,60.400001525878906,60.400001525878906,60.400001525878906,60.400001525878906,1000,0.0,0.0
2025-03-28 10:35:00+08:00,60.29999923706055,60.29999923706055,60.29999923706055,60.29999923706055,6000,0.0,0.0
2025-03-28 10:37:00+08:00,60.20000076293945,60.20000076293945,60.20000076293945,60.20000076293945,9000,0.0,0.0
2025-03-28 10:38:00+08:00,60.20000076293945,60.20000076293945,60.20000076293945,60.20000076293945,2000,0.0,0.0
2025-03-28 10:39:00+08:00,60.20000076293945,60.20000076293945,60.20000076293945,60.20000076293945,1000,0.0,0.0
2025-03-28 10:40:00+08:00,60.20000076293945,60.20000076293945,60.20000076293945,60.20000076293945,1041,0.0,0.0
2025-03-28 10:42:00+08:00,60.20000076293945,60.20000076293945,60.20000076293945,60.20000076293945,1000,0.0,0.0
2025-03-28 10:43:00+08:00,60.20000076293945,60.20000076293945,60.20000076293945,60.20000076293945,1414,0.0,0.0
2025-03-28 10:45:00+08:00,60.099998474121094,60.099998474121094,60.099998474121094,60.099998474121094,2201,0.0,0.0
2025-03-28 10:47:00+08:00,60.099998474121094,60.099998474121094,60.099998474121094,60.099998474121094,9000,0.0,0.0
2025-03-28 10:48:00+08:00,60.0,60.0,60.0,60.0,8001,0.0,0.0
2025-03-28 10:49:00+08:00,60.0,60.0,59.900001525878906,59.900001525878906,6000,0.0,0.0
2025-03-28 10:50:00+08:00,59.900001525878906,60.0,59.900001525878906,60.0,16000,0.0,0.0
2025-03-28 10:51:00+08:00,59.900001525878906,59.900001525878906,59.79999923706055,59.900001525878906,11000,0.0,0.0
2025-03-28 10:52:00+08:00,59.900001525878906,59.900001525878906,59.900001525878906,59.900001525878906,2000,0.0,0.0
2025-03-28 10:53:00+08:00,59.900001525878906,59.900001525878906,59.900001525878906,59.900001525878906,2000,0.0,0.0
2025-03-28 10:54:00+08:00,60.0,60.0,60.0,60.0,4000,0.0,0.0
2025-03-28 10:55:00+08:00,60.099998474121094,60.099998474121094,60.099998474121094,60.099998474121094,1092,0.0,0.0
2025-03-28 10:56:00+08:00,60.099998474121094,60.099998474121094,60.099998474121094,60.099998474121094,1002,0.0,0.0
2025-03-28 10:57:00+08:00,60.099998474121094,60.099998474121094,60.099998474121094,60.099998474121094,1005,0.0,0.0
2025-03-28 10:58:00+08:00,60.0,60.0,60.0,60.0,7373,0.0,0.0
2025-03-28 11:03:00+08:00,60.0,60.0,60.0,60.0,1040,0.0,0.0
2025-03-28 11:04:00+08:00,59.900001525878906,60.0,59.900001525878906,60.0,26000,0.0,0.0
2025-03-28 11:05:00+08:00,59.900001525878906,59.900001525878906,59.900001525878906,59.900001525878906,2000,0.0,0.0
2025-03-28 11:06:00+08:00,59.79999923706055,59.79999923706055,59.79999923706055,59.79999923706055,4000,0.0,0.0
2025-03-28 11:07:00+08:00,59.900001525878906,59.900001525878906,59.900001525878906,59.900001525878906,3000,0.0,0.0
2025-03-28 11:08:00+08:00,59.900001525878906,60.0,59.900001525878906,60.0,5000,0.0,0.0
2025-03-28 11:09:00+08:00,60.0,60.0,60.0,60.0,2000,0.0,0.0
2025-03-28 11:10:00+08:00,59.79999923706055,59.79999923706055,59.79999923706055,59.79999923706055,5000,0.0,0.0
2025-03-28 11:11:00+08:00,59.900001525878906,59.900001525878906,59.900001525878906,59.900001525878906,1000,0.0,0.0
2025-03-28 11:12:00+08:00,60.0,60.0,60.0,60.0,4000,0.0,0.0
2025-03-28 11:13:00+08:00,60.0,60.0,60.0,60.0,5000,0.0,0.0
2025-03-28 11:14:00+08:00,60.0,60.0,60.0,60.0,2195,0.0,0.0
2025-03-28 11:16:00+08:00,60.0,60.0,60.0,60.0,1001,0.0,0.0
2025-03-28 11:18:00+08:00,60.0,60.0,60.0,60.0,1100,0.0,0.0
2025-03-28 11:20:00+08:00,60.0,60.0,60.0,60.0,2000,0.0,0.0
2025-03-28 11:22:00+08:00,60.0,60.0,60.0,60.0,10188,0.0,0.0
2025-03-28 11:26:00+08:00,59.900001525878906,59.900001525878906,59.900001525878906,59.900001525878906,3001,0.0,0.0
2025-03-28 11:27:00+08:00,59.79999923706055,59.900001525878906,59.79999923706055,59.900001525878906,3000,0.0,0.0
2025-03-28 11:28:00+08:00,59.900001525878906,59.900001525878906,59.79999923706055,59.79999923706055,5000,0.0,0.0
2025-03-28 11:29:00+08:00,59.900001525878906,59.900001525878906,59.900001525878906,59.900001525878906,1000,0.0,0.0
2025-03-28 11:30:00+08:00,60.0,60.0,60.0,60.0,1109,0.0,0.0
2025-03-28 11:31:00+08:00,59.900001525878906,59.900001525878906,59.900001525878906,59.900001525878906,8082,0.0,0.0
2025-03-28 11:32:00+08:00,60.0,60.0,59.900001525878906,59.900001525878906,3000,0.0,0.0
2025-03-28 11:33:00+08:00,59.900001525878906,59.900001525878906,59.900001525878906,59.900001525878906,2000,0.0,0.0
2025-03-28 11:39:00+08:00,59.900001525878906,59.900001525878906,59.900001525878906,59.900001525878906,5009,0.0,0.0
2025-03-28 11:45:00+08:00,59.79999923706055,59.79999923706055,59.79999923706055,59.79999923706055,7000,0.0,0.0
2025-03-28 11:47:00+08:00,59.79999923706055,59.79999923706055,59.79999923706055,59.79999923706055,8002,0.0,0.0
2025-03-28 11:52:00+08:00,59.79999923706055,59.900001525878906,59.79999923706055,59.900001525878906,4001,0.0,0.0
2025-03-28 11:53:00+08:00,59.900001525878906,59.900001525878906,59.900001525878906,59.900001525878906,1005,0.0,0.0
2025-03-28 11:54:00+08:00,59.70000076293945,59.70000076293945,59.70000076293945,59.70000076293945,1000,0.0,0.0
2025-03-28 11:55:00+08:00,59.70000076293945,59.70000076293945,59.70000076293945,59.70000076293945,9000,0.0,0.0
2025-03-28 11:56:00+08:00,59.70000076293945,59.79999923706055,59.70000076293945,59.79999923706055,2000,0.0,0.0
2025-03-28 12:01:00+08:00,59.79999923706055,59.79999923706055,59.79999923706055,59.79999923706055,2000,0.0,0.0
2025-03-28 12:02:00+08:00,59.79999923706055,59.79999923706055,59.79999923706055,59.79999923706055,1001,0.0,0.0
2025-03-28 12:05:00+08:00,59.79999923706055,59.79999923706055,59.79999923706055,59.79999923706055,8000,0.0,0.0
2025-03-28 12:06:00+08:00,59.70000076293945,59.900001525878906,59.70000076293945,59.900001525878906,3211,0.0,0.0
2025-03-28 12:18:00+08:00,59.70000076293945,59.70000076293945,59.70000076293945,59.70000076293945,18001,0.0,0.0
2025-03-28 12:19:00+08:00,59.79999923706055,59.79999923706055,59.79999923706055,59.79999923706055,5000,0.0,0.0
2025-03-28 12:20:00+08:00,59.900001525878906,59.900001525878906,59.900001525878906,59.900001525878906,2006,0.0,0.0
2025-03-28 12:21:00+08:00,60.0,60.0,60.0,60.0,1000,0.0,0.0
2025-03-28 12:23:00+08:00,59.900001525878906,59.900001525878906,59.900001525878906,59.900001525878906,1101,0.0,0.0
2025-03-28 12:26:00+08:00,60.0,60.0,59.900001525878906,59.900001525878906,13175,0.0,0.0
2025-03-28 12:28:00+08:00,59.900001525878906,59.900001525878906,59.900001525878906,59.900001525878906,10000,0.0,0.0
2025-03-28 12:31:00+08:00,60.0,60.0,60.0,60.0,2001,0.0,0.0
2025-03-28 12:32:00+08:00,60.099998474121094,60.099998474121094,60.099998474121094,60.099998474121094,4000,0.0,0.0
2025-03-28 12:36:00+08:00,60.099998474121094,60.099998474121094,60.099998474121094,60.099998474121094,2000,0.0,0.0
2025-03-28 12:37:00+08:00,60.20000076293945,60.20000076293945,60.20000076293945,60.20000076293945,7001,0.0,0.0
2025-03-28 12:38:00+08:00,60.099998474121094,60.099998474121094,60.099998474121094,60.099998474121094,3000,0.0,0.0
2025-03-28 12:41:00+08:00,60.20000076293945,60.20000076293945,60.20000076293945,60.20000076293945,1001,0.0,0.0
2025-03-28 12:45:00+08:00,60.29999923706055,60.29999923706055,60.29999923706055,60.29999923706055,1000,0.0,0.0
2025-03-28 12:46:00+08:00,60.29999923706055,60.29999923706055,60.29999923706055,60.29999923706055,1001,0.0,0.0
2025-03-28 12:48:00+08:00,60.29999923706055,60.29999923706055,60.29999923706055,60.29999923706055,2000,0.0,0.0
2025-03-28 12:49:00+08:00,60.20000076293945,60.20000076293945,60.20000076293945,60.20000076293945,2000,0.0,0.0
2025-03-28 12:50:00+08:00,60.20000076293945,60.20000076293945,60.20000076293945,60.20000076293945,1000,0.0,0.0
2025-03-28 12:52:00+08:00,60.20000076293945,60.20000076293945,60.20000076293945,60.20000076293945,1000,0.0,0.0
2025-03-28 12:53:00+08:00,60.20000076293945,60.20000076293945,60.20000076293945,60.20000076293945,3000,0.0,0.0
2025-03-28 12:56:00+08:00,60.20000076293945,60.20000076293945,60.20000076293945,60.20000076293945,1000,0.0,0.0
2025-03-28 12:57:00+08:00,60.20000076293945,60.20000076293945,60.20000076293945,60.20000076293945,1000,0.0,0.0
2025-03-28 12:59:00+08:00,60.20000076293945,60.20000076293945,60.20000076293945,60.20000076293945,5001,0.0,0.0
2025-03-28 13:00:00+08:00,60.29999923706055,60.5,60.29999923706055,60.5,12002,0.0,0.0
2025-03-28 13:02:00+08:00,60.5,60.5,60.5,60.5,2000,0.0,0.0
2025-03-28 13:03:00+08:00,60.599998474121094,60.599998474121094,60.599998474121094,60.599998474121094,1427,0.0,0.0
2025-03-28 13:05:00+08:00,60.599998474121094,60.70000076293945,60.599998474121094,60.70000076293945,7199,0.0,0.0
2025-03-28 13:07:00+08:00,60.79999923706055,60.79999923706055,60.79999923706055,60.79999923706055,2000,0.0,0.0
2025-03-28 13:09:00+08:00,60.79999923706055,60.79999923706055,60.79999923706055,60.79999923706055,4000,0.0,0.0
2025-03-28 13:10:00+08:00,60.79999923706055,60.79999923706055,60.79999923706055,60.79999923706055,4001,0.0,0.0
2025-03-28 13:12:00+08:00,60.599998474121094,60.599998474121094,60.599998474121094,60.599998474121094,1004,0.0,0.0
2025-03-28 13:14:00+08:00,60.599998474121094,60.599998474121094,60.5,60.5,9000,0.0,0.0
2025-03-28 13:15:00+08:00,60.5,60.5,60.5,60.5,5001,0.0,0.0
2025-03-28 13:19:00+08:00,60.5,60.5,60.5,60.5,9007,0.0,0.0
2025-03-28 13:21:00+08:00,60.400001525878906,60.400001525878906,60.400001525878906,60.400001525878906,1001,0.0,0.0
2025-03-28 13:22:00+08:00,60.400001525878906,60.400001525878906,60.400001525878906,60.400001525878906,1000,0.0,0.0
2025-03-28 13:23:00+08:00,60.400001525878906,60.599998474121094,60.400001525878906,60.599998474121094,4013,0.0,0.0
2025-03-28 13:24:00+08:00,60.29999923706055,60.400001525878906,60.29999923706055,60.400001525878906,6102,0.0,0.0
