Datetime,Open,High,Low,Close,Volume,Dividends,Stock Splits
2024-08-22 09:00:00+09:00,1690.0,1720.0,1690.0,1717.0,0,0.0,0.0
2024-08-22 09:05:00+09:00,1701.0,1701.0,1701.0,1701.0,89,0.0,0.0
2024-08-22 09:10:00+09:00,1715.0,1717.0,1714.0,1717.0,162,0.0,0.0
2024-08-22 09:15:00+09:00,1717.0,1717.0,1717.0,1717.0,0,0.0,0.0
2024-08-22 09:20:00+09:00,1717.0,1720.0,1714.0,1720.0,591,0.0,0.0
2024-08-22 09:25:00+09:00,1713.0,1713.0,1713.0,1713.0,3,0.0,0.0
2024-08-22 09:30:00+09:00,1703.0,1703.0,1703.0,1703.0,298,0.0,0.0
2024-08-22 09:35:00+09:00,1701.0,1709.0,1700.0,1709.0,881,0.0,0.0
2024-08-22 09:40:00+09:00,1709.0,1709.0,1691.0,1706.0,1365,0.0,0.0
2024-08-22 09:50:00+09:00,1704.0,1704.0,1704.0,1704.0,121,0.0,0.0
2024-08-22 09:55:00+09:00,1704.0,1704.0,1704.0,1704.0,181,0.0,0.0
2024-08-22 10:00:00+09:00,1704.0,1705.0,1704.0,1705.0,52,0.0,0.0
2024-08-22 10:15:00+09:00,1704.0,1704.0,1698.0,1700.0,158,0.0,0.0
2024-08-22 10:25:00+09:00,1698.0,1699.0,1693.0,1699.0,109,0.0,0.0
2024-08-22 10:30:00+09:00,1703.0,1704.0,1702.0,1704.0,49,0.0,0.0
2024-08-22 10:35:00+09:00,1694.0,1704.0,1694.0,1704.0,15,0.0,0.0
2024-08-22 10:45:00+09:00,1704.0,1704.0,1704.0,1704.0,13,0.0,0.0
2024-08-22 10:55:00+09:00,1704.0,1704.0,1691.0,1691.0,1033,0.0,0.0
2024-08-22 11:00:00+09:00,1691.0,1691.0,1688.0,1688.0,1735,0.0,0.0
2024-08-22 11:05:00+09:00,1688.0,1697.0,1688.0,1697.0,268,0.0,0.0
2024-08-22 11:10:00+09:00,1697.0,1697.0,1697.0,1697.0,100,0.0,0.0
2024-08-22 11:15:00+09:00,1697.0,1697.0,1697.0,1697.0,0,0.0,0.0
2024-08-22 11:20:00+09:00,1688.0,1688.0,1687.0,1687.0,1382,0.0,0.0
2024-08-22 11:25:00+09:00,1695.0,1695.0,1679.0,1681.0,20100,0.0,0.0
2024-08-22 11:30:00+09:00,1688.0,1688.0,1678.0,1678.0,810,0.0,0.0
2024-08-22 11:40:00+09:00,1679.0,1679.0,1678.0,1678.0,159,0.0,0.0
2024-08-22 11:45:00+09:00,1678.0,1678.0,1670.0,1670.0,7552,0.0,0.0
2024-08-22 11:50:00+09:00,1670.0,1676.0,1668.0,1676.0,372,0.0,0.0
2024-08-22 11:55:00+09:00,1676.0,1676.0,1676.0,1676.0,5,0.0,0.0
2024-08-22 12:00:00+09:00,1676.0,1676.0,1676.0,1676.0,17,0.0,0.0
2024-08-22 12:05:00+09:00,1668.0,1668.0,1666.0,1666.0,603,0.0,0.0
2024-08-22 12:10:00+09:00,1676.0,1676.0,1676.0,1676.0,243,0.0,0.0
2024-08-22 12:25:00+09:00,1667.0,1674.0,1666.0,1674.0,0,0.0,0.0
2024-08-22 12:35:00+09:00,1673.0,1673.0,1673.0,1673.0,3566,0.0,0.0
2024-08-22 12:45:00+09:00,1673.0,1673.0,1673.0,1673.0,0,0.0,0.0
2024-08-22 12:50:00+09:00,1673.0,1673.0,1673.0,1673.0,68,0.0,0.0
2024-08-22 12:55:00+09:00,1673.0,1673.0,1673.0,1673.0,270,0.0,0.0
2024-08-22 13:10:00+09:00,1671.0,1671.0,1667.0,1667.0,1244,0.0,0.0
2024-08-22 13:15:00+09:00,1666.0,1674.0,1659.0,1668.0,12092,0.0,0.0
2024-08-22 13:20:00+09:00,1660.0,1668.0,1660.0,1661.0,102,0.0,0.0
2024-08-22 13:25:00+09:00,1662.0,1668.0,1662.0,1668.0,1174,0.0,0.0
2024-08-22 13:30:00+09:00,1669.0,1670.0,1668.0,1670.0,641,0.0,0.0
2024-08-22 13:35:00+09:00,1674.0,1674.0,1670.0,1670.0,1052,0.0,0.0
2024-08-22 13:45:00+09:00,1670.0,1674.0,1670.0,1674.0,0,0.0,0.0
2024-08-22 13:50:00+09:00,1674.0,1674.0,1674.0,1674.0,2,0.0,0.0
2024-08-22 14:00:00+09:00,1674.0,1674.0,1674.0,1674.0,18,0.0,0.0
2024-08-22 14:10:00+09:00,1671.0,1671.0,1671.0,1671.0,141,0.0,0.0
2024-08-22 14:15:00+09:00,1674.0,1674.0,1674.0,1674.0,0,0.0,0.0
2024-08-22 14:20:00+09:00,1671.0,1674.0,1671.0,1671.0,50,0.0,0.0
2024-08-22 14:25:00+09:00,1671.0,1674.0,1662.0,1674.0,1452,0.0,0.0
2024-08-22 14:30:00+09:00,1664.0,1664.0,1664.0,1664.0,1999,0.0,0.0
2024-08-22 14:35:00+09:00,1664.0,1672.0,1663.0,1663.0,0,0.0,0.0
2024-08-22 14:40:00+09:00,1663.0,1671.0,1659.0,1671.0,3959,0.0,0.0
2024-08-22 14:45:00+09:00,1661.0,1666.0,1659.0,1664.0,2356,0.0,0.0
2024-08-22 14:50:00+09:00,1664.0,1664.0,1664.0,1664.0,709,0.0,0.0
2024-08-23 09:00:00+09:00,1646.0,1662.0,1632.0,1659.0,12469,0.0,0.0
2024-08-23 09:05:00+09:00,1656.0,1660.0,1651.0,1655.0,1359,0.0,0.0
2024-08-23 09:10:00+09:00,1655.0,1662.0,1655.0,1660.0,2480,0.0,0.0
2024-08-23 09:15:00+09:00,1660.0,1661.0,1650.0,1650.0,1798,0.0,0.0
2024-08-23 09:20:00+09:00,1650.0,1658.0,1645.0,1656.0,2006,0.0,0.0
2024-08-23 09:25:00+09:00,1646.0,1646.0,1645.0,1646.0,1689,0.0,0.0
2024-08-23 09:30:00+09:00,1655.0,1655.0,1646.0,1648.0,3990,0.0,0.0
2024-08-23 09:35:00+09:00,1650.0,1650.0,1647.0,1647.0,489,0.0,0.0
2024-08-23 09:40:00+09:00,1648.0,1651.0,1648.0,1651.0,143,0.0,0.0
2024-08-23 09:45:00+09:00,1651.0,1659.0,1651.0,1659.0,593,0.0,0.0
2024-08-23 09:50:00+09:00,1655.0,1655.0,1647.0,1654.0,484,0.0,0.0
2024-08-23 09:55:00+09:00,1646.0,1646.0,1646.0,1646.0,468,0.0,0.0
2024-08-23 10:00:00+09:00,1646.0,1646.0,1644.0,1646.0,272,0.0,0.0
2024-08-23 10:10:00+09:00,1646.0,1646.0,1646.0,1646.0,148,0.0,0.0
2024-08-23 10:15:00+09:00,1645.0,1646.0,1645.0,1646.0,90,0.0,0.0
2024-08-23 10:20:00+09:00,1646.0,1646.0,1646.0,1646.0,415,0.0,0.0
2024-08-23 10:25:00+09:00,1645.0,1646.0,1645.0,1646.0,202,0.0,0.0
2024-08-23 10:30:00+09:00,1646.0,1646.0,1644.0,1646.0,1316,0.0,0.0
2024-08-23 10:35:00+09:00,1657.0,1657.0,1657.0,1657.0,358,0.0,0.0
2024-08-23 10:45:00+09:00,1657.0,1657.0,1657.0,1657.0,115,0.0,0.0
2024-08-23 10:50:00+09:00,1658.0,1658.0,1658.0,1658.0,137,0.0,0.0
2024-08-23 10:55:00+09:00,1650.0,1650.0,1650.0,1650.0,64,0.0,0.0
2024-08-23 11:00:00+09:00,1658.0,1658.0,1658.0,1658.0,424,0.0,0.0
2024-08-23 11:10:00+09:00,1658.0,1658.0,1658.0,1658.0,0,0.0,0.0
2024-08-23 11:15:00+09:00,1654.0,1654.0,1654.0,1654.0,717,0.0,0.0
2024-08-23 11:20:00+09:00,1658.0,1658.0,1646.0,1646.0,3359,0.0,0.0
2024-08-23 11:25:00+09:00,1657.0,1657.0,1657.0,1657.0,0,0.0,0.0
2024-08-23 11:40:00+09:00,1651.0,1651.0,1646.0,1646.0,1924,0.0,0.0
2024-08-23 11:45:00+09:00,1651.0,1653.0,1651.0,1653.0,20,0.0,0.0
2024-08-23 11:50:00+09:00,1652.0,1652.0,1652.0,1652.0,89,0.0,0.0
2024-08-23 11:55:00+09:00,1652.0,1652.0,1652.0,1652.0,103,0.0,0.0
2024-08-23 12:00:00+09:00,1652.0,1652.0,1652.0,1652.0,172,0.0,0.0
2024-08-23 12:10:00+09:00,1652.0,1652.0,1652.0,1652.0,6,0.0,0.0
2024-08-23 12:15:00+09:00,1652.0,1652.0,1652.0,1652.0,4,0.0,0.0
2024-08-23 12:20:00+09:00,1652.0,1652.0,1651.0,1651.0,94,0.0,0.0
2024-08-23 12:30:00+09:00,1651.0,1651.0,1651.0,1651.0,1112,0.0,0.0
2024-08-23 12:40:00+09:00,1651.0,1652.0,1651.0,1652.0,6161,0.0,0.0
2024-08-23 12:45:00+09:00,1658.0,1658.0,1658.0,1658.0,0,0.0,0.0
2024-08-23 12:50:00+09:00,1658.0,1658.0,1658.0,1658.0,1,0.0,0.0
2024-08-23 12:55:00+09:00,1658.0,1658.0,1658.0,1658.0,3,0.0,0.0
2024-08-23 13:00:00+09:00,1658.0,1658.0,1646.0,1646.0,4003,0.0,0.0
2024-08-23 13:05:00+09:00,1657.0,1658.0,1657.0,1658.0,35,0.0,0.0
2024-08-23 13:10:00+09:00,1655.0,1655.0,1644.0,1644.0,5631,0.0,0.0
2024-08-23 13:15:00+09:00,1643.0,1651.0,1640.0,1651.0,2761,0.0,0.0
2024-08-23 13:20:00+09:00,1651.0,1652.0,1651.0,1652.0,245,0.0,0.0
2024-08-23 13:25:00+09:00,1652.0,1652.0,1652.0,1652.0,714,0.0,0.0
2024-08-23 13:30:00+09:00,1656.0,1656.0,1655.0,1655.0,0,0.0,0.0
2024-08-23 13:35:00+09:00,1645.0,1645.0,1645.0,1645.0,460,0.0,0.0
2024-08-23 13:45:00+09:00,1656.0,1656.0,1656.0,1656.0,0,0.0,0.0
2024-08-23 13:55:00+09:00,1641.0,1642.0,1640.0,1640.0,15039,0.0,0.0
2024-08-23 14:00:00+09:00,1650.0,1650.0,1650.0,1650.0,0,0.0,0.0
2024-08-23 14:05:00+09:00,1650.0,1650.0,1650.0,1650.0,3,0.0,0.0
2024-08-23 14:10:00+09:00,1650.0,1650.0,1649.0,1649.0,6,0.0,0.0
2024-08-23 14:15:00+09:00,1649.0,1649.0,1649.0,1649.0,2,0.0,0.0
2024-08-23 14:25:00+09:00,1649.0,1649.0,1649.0,1649.0,1,0.0,0.0
2024-08-23 14:30:00+09:00,1648.0,1648.0,1648.0,1648.0,79,0.0,0.0
2024-08-23 14:35:00+09:00,1648.0,1648.0,1648.0,1648.0,182,0.0,0.0
2024-08-23 14:40:00+09:00,1648.0,1648.0,1648.0,1648.0,2,0.0,0.0
2024-08-23 14:45:00+09:00,1648.0,1648.0,1648.0,1648.0,0,0.0,0.0
2024-08-23 14:50:00+09:00,1648.0,1648.0,1648.0,1648.0,10,0.0,0.0
2024-08-23 14:55:00+09:00,1647.0,1647.0,1647.0,1647.0,595,0.0,0.0
2024-08-26 09:00:00+09:00,1640.0,1652.0,1640.0,1652.0,0,0.0,0.0
2024-08-26 09:05:00+09:00,1651.0,1651.0,1651.0,1651.0,10,0.0,0.0
2024-08-26 09:10:00+09:00,1651.0,1654.0,1651.0,1652.0,1218,0.0,0.0
2024-08-26 09:15:00+09:00,1653.0,1653.0,1653.0,1653.0,7,0.0,0.0
2024-08-26 09:20:00+09:00,1653.0,1653.0,1653.0,1653.0,200,0.0,0.0
2024-08-26 09:25:00+09:00,1653.0,1653.0,1653.0,1653.0,649,0.0,0.0
2024-08-26 09:30:00+09:00,1654.0,1655.0,1654.0,1655.0,5160,0.0,0.0
2024-08-26 09:35:00+09:00,1655.0,1660.0,1655.0,1660.0,0,0.0,0.0
2024-08-26 09:45:00+09:00,1656.0,1660.0,1647.0,1660.0,621,0.0,0.0
2024-08-26 09:50:00+09:00,1660.0,1660.0,1650.0,1650.0,371,0.0,0.0
2024-08-26 09:55:00+09:00,1660.0,1660.0,1658.0,1658.0,38,0.0,0.0
2024-08-26 10:00:00+09:00,1660.0,1660.0,1660.0,1660.0,0,0.0,0.0
2024-08-26 10:05:00+09:00,1660.0,1660.0,1659.0,1659.0,39,0.0,0.0
2024-08-26 10:10:00+09:00,1660.0,1660.0,1659.0,1659.0,15,0.0,0.0
2024-08-26 10:15:00+09:00,1658.0,1659.0,1658.0,1659.0,1989,0.0,0.0
2024-08-26 10:20:00+09:00,1656.0,1658.0,1656.0,1658.0,75,0.0,0.0
2024-08-26 10:25:00+09:00,1659.0,1659.0,1659.0,1659.0,2,0.0,0.0
2024-08-26 10:30:00+09:00,1659.0,1659.0,1659.0,1659.0,239,0.0,0.0
2024-08-26 10:35:00+09:00,1659.0,1659.0,1659.0,1659.0,934,0.0,0.0
2024-08-26 10:40:00+09:00,1659.0,1665.0,1659.0,1665.0,0,0.0,0.0
2024-08-26 10:45:00+09:00,1665.0,1665.0,1665.0,1665.0,3,0.0,0.0
2024-08-26 10:50:00+09:00,1665.0,1666.0,1665.0,1666.0,727,0.0,0.0
2024-08-26 10:55:00+09:00,1668.0,1671.0,1667.0,1667.0,0,0.0,0.0
2024-08-26 11:00:00+09:00,1667.0,1671.0,1667.0,1671.0,14,0.0,0.0
2024-08-26 11:05:00+09:00,1667.0,1671.0,1667.0,1671.0,6,0.0,0.0
2024-08-26 11:10:00+09:00,1671.0,1671.0,1671.0,1671.0,121,0.0,0.0
2024-08-26 11:15:00+09:00,1674.0,1674.0,1674.0,1674.0,23,0.0,0.0
2024-08-26 11:20:00+09:00,1674.0,1675.0,1674.0,1674.0,304,0.0,0.0
2024-08-26 11:25:00+09:00,1675.0,1679.0,1675.0,1679.0,92,0.0,0.0
2024-08-26 11:30:00+09:00,1677.0,1680.0,1677.0,1680.0,882,0.0,0.0
2024-08-26 11:35:00+09:00,1679.0,1680.0,1679.0,1680.0,884,0.0,0.0
2024-08-26 11:50:00+09:00,1675.0,1675.0,1675.0,1675.0,998,0.0,0.0
2024-08-26 12:00:00+09:00,1677.0,1677.0,1677.0,1677.0,0,0.0,0.0
2024-08-26 12:10:00+09:00,1677.0,1677.0,1675.0,1675.0,2025,0.0,0.0
2024-08-26 12:15:00+09:00,1674.0,1674.0,1671.0,1671.0,50,0.0,0.0
2024-08-26 12:30:00+09:00,1671.0,1671.0,1671.0,1671.0,0,0.0,0.0
2024-08-26 12:45:00+09:00,1667.0,1667.0,1666.0,1666.0,516,0.0,0.0
2024-08-26 12:50:00+09:00,1665.0,1665.0,1665.0,1665.0,0,0.0,0.0
2024-08-26 12:55:00+09:00,1664.0,1664.0,1664.0,1664.0,5,0.0,0.0
2024-08-26 13:05:00+09:00,1664.0,1664.0,1652.0,1652.0,649,0.0,0.0
2024-08-26 13:10:00+09:00,1664.0,1664.0,1664.0,1664.0,0,0.0,0.0
2024-08-26 13:15:00+09:00,1657.0,1657.0,1657.0,1657.0,1003,0.0,0.0
2024-08-26 13:20:00+09:00,1657.0,1663.0,1656.0,1663.0,1540,0.0,0.0
2024-08-26 13:30:00+09:00,1663.0,1664.0,1663.0,1664.0,879,0.0,0.0
2024-08-26 13:35:00+09:00,1664.0,1664.0,1664.0,1664.0,0,0.0,0.0
2024-08-26 13:55:00+09:00,1661.0,1661.0,1661.0,1661.0,179,0.0,0.0
2024-08-26 14:05:00+09:00,1661.0,1661.0,1661.0,1661.0,500,0.0,0.0
2024-08-26 14:10:00+09:00,1664.0,1664.0,1664.0,1664.0,2,0.0,0.0
2024-08-26 14:15:00+09:00,1664.0,1664.0,1664.0,1664.0,3,0.0,0.0
2024-08-26 14:20:00+09:00,1664.0,1664.0,1664.0,1664.0,0,0.0,0.0
2024-08-26 14:30:00+09:00,1662.0,1662.0,1662.0,1662.0,4,0.0,0.0
2024-08-27 09:00:00+09:00,1652.0,1670.0,1652.0,1670.0,843,0.0,0.0
2024-08-27 09:05:00+09:00,1669.0,1669.0,1669.0,1669.0,463,0.0,0.0
2024-08-27 09:10:00+09:00,1668.0,1668.0,1657.0,1657.0,166,0.0,0.0
2024-08-27 09:15:00+09:00,1657.0,1667.0,1657.0,1666.0,65,0.0,0.0
2024-08-27 09:25:00+09:00,1666.0,1666.0,1666.0,1666.0,32,0.0,0.0
2024-08-27 09:30:00+09:00,1658.0,1685.0,1655.0,1683.0,357,0.0,0.0
2024-08-27 09:35:00+09:00,1680.0,1680.0,1680.0,1680.0,0,0.0,0.0
2024-08-27 09:40:00+09:00,1679.0,1680.0,1668.0,1670.0,324,0.0,0.0
2024-08-27 09:45:00+09:00,1680.0,1680.0,1680.0,1680.0,0,0.0,0.0
2024-08-27 09:50:00+09:00,1676.0,1676.0,1676.0,1676.0,2,0.0,0.0
2024-08-27 09:55:00+09:00,1676.0,1676.0,1676.0,1676.0,128,0.0,0.0
2024-08-27 10:00:00+09:00,1676.0,1676.0,1676.0,1676.0,0,0.0,0.0
2024-08-27 10:05:00+09:00,1676.0,1676.0,1676.0,1676.0,1,0.0,0.0
2024-08-27 10:10:00+09:00,1676.0,1676.0,1676.0,1676.0,96,0.0,0.0
2024-08-27 10:25:00+09:00,1680.0,1683.0,1680.0,1680.0,328,0.0,0.0
2024-08-27 10:30:00+09:00,1680.0,1680.0,1675.0,1680.0,900,0.0,0.0
2024-08-27 10:35:00+09:00,1676.0,1680.0,1676.0,1680.0,153,0.0,0.0
2024-08-27 11:00:00+09:00,1675.0,1683.0,1671.0,1683.0,1410,0.0,0.0
2024-08-27 11:10:00+09:00,1681.0,1681.0,1681.0,1681.0,44,0.0,0.0
2024-08-27 11:35:00+09:00,1675.0,1675.0,1674.0,1674.0,550,0.0,0.0
2024-08-27 11:40:00+09:00,1675.0,1675.0,1674.0,1674.0,409,0.0,0.0
2024-08-27 11:45:00+09:00,1681.0,1681.0,1681.0,1681.0,0,0.0,0.0
2024-08-27 11:50:00+09:00,1674.0,1674.0,1674.0,1674.0,395,0.0,0.0
2024-08-27 12:00:00+09:00,1681.0,1681.0,1672.0,1681.0,89,0.0,0.0
2024-08-27 12:05:00+09:00,1672.0,1681.0,1672.0,1681.0,430,0.0,0.0
2024-08-27 12:15:00+09:00,1674.0,1674.0,1668.0,1668.0,595,0.0,0.0
2024-08-27 12:20:00+09:00,1678.0,1678.0,1667.0,1677.0,330,0.0,0.0
2024-08-27 12:30:00+09:00,1668.0,1668.0,1657.0,1657.0,1919,0.0,0.0
2024-08-27 12:40:00+09:00,1659.0,1668.0,1652.0,1662.0,7430,0.0,0.0
2024-08-27 12:45:00+09:00,1661.0,1662.0,1661.0,1662.0,54,0.0,0.0
2024-08-27 12:50:00+09:00,1662.0,1662.0,1650.0,1651.0,2595,0.0,0.0
2024-08-27 12:55:00+09:00,1661.0,1666.0,1661.0,1665.0,1203,0.0,0.0
2024-08-27 13:05:00+09:00,1665.0,1665.0,1665.0,1665.0,210,0.0,0.0
2024-08-27 13:15:00+09:00,1665.0,1665.0,1665.0,1665.0,230,0.0,0.0
2024-08-27 13:25:00+09:00,1665.0,1665.0,1665.0,1665.0,185,0.0,0.0
2024-08-27 13:30:00+09:00,1665.0,1666.0,1664.0,1666.0,0,0.0,0.0
2024-08-27 13:40:00+09:00,1666.0,1666.0,1664.0,1664.0,21,0.0,0.0
2024-08-27 13:55:00+09:00,1664.0,1664.0,1664.0,1664.0,0,0.0,0.0
2024-08-27 14:00:00+09:00,1666.0,1666.0,1663.0,1665.0,346,0.0,0.0
2024-08-27 14:05:00+09:00,1661.0,1674.0,1661.0,1674.0,928,0.0,0.0
2024-08-27 14:25:00+09:00,1673.0,1673.0,1673.0,1673.0,3,0.0,0.0
2024-08-27 14:40:00+09:00,1673.0,1673.0,1673.0,1673.0,615,0.0,0.0
2024-08-27 14:45:00+09:00,1673.0,1674.0,1664.0,1674.0,90,0.0,0.0
2024-08-27 14:50:00+09:00,1663.0,1663.0,1661.0,1661.0,424,0.0,0.0
2024-08-28 09:00:00+09:00,1658.0,1670.0,1658.0,1670.0,1121,0.0,0.0
2024-08-28 09:10:00+09:00,1669.0,1669.0,1669.0,1669.0,0,0.0,0.0
2024-08-28 09:15:00+09:00,1669.0,1669.0,1669.0,1669.0,1,0.0,0.0
2024-08-28 09:20:00+09:00,1658.0,1658.0,1658.0,1658.0,25,0.0,0.0
2024-08-28 09:25:00+09:00,1656.0,1660.0,1656.0,1660.0,50,0.0,0.0
2024-08-28 09:30:00+09:00,1660.0,1660.0,1650.0,1651.0,1368,0.0,0.0
2024-08-28 09:35:00+09:00,1651.0,1655.0,1649.0,1655.0,651,0.0,0.0
2024-08-28 09:40:00+09:00,1655.0,1655.0,1655.0,1655.0,1,0.0,0.0
2024-08-28 09:45:00+09:00,1648.0,1653.0,1645.0,1653.0,2201,0.0,0.0
2024-08-28 09:50:00+09:00,1645.0,1645.0,1645.0,1645.0,81,0.0,0.0
2024-08-28 09:55:00+09:00,1655.0,1656.0,1645.0,1650.0,685,0.0,0.0
2024-08-28 10:00:00+09:00,1656.0,1656.0,1656.0,1656.0,0,0.0,0.0
2024-08-28 10:05:00+09:00,1656.0,1656.0,1656.0,1656.0,2,0.0,0.0
2024-08-28 10:10:00+09:00,1656.0,1656.0,1656.0,1656.0,6,0.0,0.0
2024-08-28 10:20:00+09:00,1656.0,1656.0,1650.0,1650.0,139,0.0,0.0
2024-08-28 10:25:00+09:00,1650.0,1650.0,1650.0,1650.0,152,0.0,0.0
2024-08-28 10:30:00+09:00,1655.0,1656.0,1654.0,1656.0,1070,0.0,0.0
2024-08-28 10:35:00+09:00,1660.0,1662.0,1660.0,1662.0,1778,0.0,0.0
2024-08-28 10:40:00+09:00,1660.0,1660.0,1660.0,1660.0,0,0.0,0.0
2024-08-28 10:50:00+09:00,1661.0,1662.0,1661.0,1662.0,0,0.0,0.0
2024-08-28 11:10:00+09:00,1662.0,1662.0,1662.0,1662.0,709,0.0,0.0
2024-08-28 11:15:00+09:00,1662.0,1662.0,1662.0,1662.0,0,0.0,0.0
2024-08-28 11:20:00+09:00,1665.0,1665.0,1665.0,1665.0,239,0.0,0.0
2024-08-28 11:30:00+09:00,1662.0,1669.0,1662.0,1668.0,55,0.0,0.0
2024-08-28 11:40:00+09:00,1668.0,1668.0,1668.0,1668.0,0,0.0,0.0
2024-08-28 11:50:00+09:00,1668.0,1668.0,1668.0,1668.0,215,0.0,0.0
2024-08-28 11:55:00+09:00,1661.0,1668.0,1661.0,1668.0,382,0.0,0.0
2024-08-28 12:10:00+09:00,1667.0,1667.0,1667.0,1667.0,50,0.0,0.0
2024-08-28 12:15:00+09:00,1667.0,1667.0,1667.0,1667.0,60,0.0,0.0
2024-08-28 12:20:00+09:00,1667.0,1667.0,1667.0,1667.0,80,0.0,0.0
2024-08-28 12:25:00+09:00,1667.0,1667.0,1667.0,1667.0,76,0.0,0.0
2024-08-28 12:30:00+09:00,1668.0,1670.0,1668.0,1670.0,1858,0.0,0.0
2024-08-28 12:35:00+09:00,1670.0,1670.0,1670.0,1670.0,15,0.0,0.0
2024-08-28 12:45:00+09:00,1664.0,1673.0,1664.0,1673.0,849,0.0,0.0
2024-08-28 12:50:00+09:00,1673.0,1673.0,1673.0,1673.0,1011,0.0,0.0
2024-08-28 12:55:00+09:00,1672.0,1673.0,1670.0,1673.0,90,0.0,0.0
2024-08-28 13:00:00+09:00,1673.0,1673.0,1661.0,1661.0,5002,0.0,0.0
2024-08-28 13:05:00+09:00,1662.0,1670.0,1654.0,1670.0,6129,0.0,0.0
2024-08-28 13:30:00+09:00,1660.0,1668.0,1660.0,1668.0,0,0.0,0.0
2024-08-28 13:40:00+09:00,1668.0,1668.0,1668.0,1668.0,23,0.0,0.0
2024-08-28 13:45:00+09:00,1661.0,1668.0,1657.0,1668.0,2110,0.0,0.0
2024-08-28 13:50:00+09:00,1667.0,1667.0,1667.0,1667.0,0,0.0,0.0
2024-08-28 13:55:00+09:00,1659.0,1668.0,1654.0,1668.0,2464,0.0,0.0
2024-08-28 14:00:00+09:00,1664.0,1664.0,1646.0,1664.0,8625,0.0,0.0
2024-08-28 14:20:00+09:00,1655.0,1656.0,1648.0,1656.0,1209,0.0,0.0
2024-08-28 14:25:00+09:00,1648.0,1653.0,1645.0,1653.0,3845,0.0,0.0
2024-08-28 14:35:00+09:00,1645.0,1645.0,1645.0,1645.0,4699,0.0,0.0
2024-08-28 14:40:00+09:00,1652.0,1662.0,1652.0,1662.0,0,0.0,0.0
2024-08-29 09:00:00+09:00,1620.0,1640.0,1620.0,1640.0,1637,0.0,0.0
2024-08-29 09:05:00+09:00,1641.0,1647.0,1641.0,1647.0,287,0.0,0.0
2024-08-29 09:10:00+09:00,1647.0,1647.0,1647.0,1647.0,19,0.0,0.0
2024-08-29 09:15:00+09:00,1647.0,1647.0,1647.0,1647.0,67,0.0,0.0
2024-08-29 09:20:00+09:00,1650.0,1650.0,1640.0,1650.0,0,0.0,0.0
2024-08-29 09:25:00+09:00,1640.0,1650.0,1640.0,1650.0,34,0.0,0.0
2024-08-29 09:30:00+09:00,1650.0,1650.0,1650.0,1650.0,6,0.0,0.0
2024-08-29 09:35:00+09:00,1650.0,1650.0,1637.0,1647.0,718,0.0,0.0
2024-08-29 09:40:00+09:00,1646.0,1647.0,1646.0,1647.0,56,0.0,0.0
2024-08-29 09:45:00+09:00,1637.0,1646.0,1637.0,1637.0,83,0.0,0.0
2024-08-29 09:50:00+09:00,1642.0,1642.0,1640.0,1642.0,21,0.0,0.0
2024-08-29 09:55:00+09:00,1642.0,1642.0,1642.0,1642.0,100,0.0,0.0
2024-08-29 10:00:00+09:00,1642.0,1646.0,1642.0,1646.0,54,0.0,0.0
2024-08-29 10:05:00+09:00,1640.0,1646.0,1640.0,1646.0,1791,0.0,0.0
2024-08-29 10:30:00+09:00,1640.0,1640.0,1637.0,1637.0,126,0.0,0.0
2024-08-29 10:35:00+09:00,1637.0,1638.0,1621.0,1632.0,2835,0.0,0.0
2024-08-29 10:40:00+09:00,1636.0,1636.0,1636.0,1636.0,1,0.0,0.0
2024-08-29 10:45:00+09:00,1624.0,1636.0,1624.0,1636.0,3,0.0,0.0
2024-08-29 10:50:00+09:00,1636.0,1636.0,1636.0,1636.0,29,0.0,0.0
2024-08-29 11:00:00+09:00,1635.0,1635.0,1621.0,1635.0,1156,0.0,0.0
2024-08-29 11:05:00+09:00,1634.0,1635.0,1634.0,1635.0,183,0.0,0.0
2024-08-29 11:10:00+09:00,1634.0,1635.0,1628.0,1635.0,287,0.0,0.0
2024-08-29 11:15:00+09:00,1635.0,1647.0,1635.0,1647.0,587,0.0,0.0
2024-08-29 11:20:00+09:00,1648.0,1648.0,1645.0,1648.0,4,0.0,0.0
2024-08-29 11:35:00+09:00,1648.0,1649.0,1648.0,1649.0,1416,0.0,0.0
2024-08-29 11:45:00+09:00,1638.0,1638.0,1638.0,1638.0,99,0.0,0.0
2024-08-29 11:50:00+09:00,1648.0,1648.0,1648.0,1648.0,0,0.0,0.0
2024-08-29 11:55:00+09:00,1638.0,1647.0,1638.0,1647.0,6,0.0,0.0
2024-08-29 12:00:00+09:00,1646.0,1646.0,1646.0,1646.0,29,0.0,0.0
2024-08-29 12:05:00+09:00,1643.0,1645.0,1643.0,1645.0,4,0.0,0.0
2024-08-29 12:10:00+09:00,1640.0,1640.0,1638.0,1638.0,34,0.0,0.0
2024-08-29 12:25:00+09:00,1640.0,1640.0,1640.0,1640.0,0,0.0,0.0
2024-08-29 12:30:00+09:00,1635.0,1635.0,1630.0,1630.0,1656,0.0,0.0
2024-08-29 12:35:00+09:00,1640.0,1640.0,1640.0,1640.0,0,0.0,0.0
2024-08-29 12:40:00+09:00,1630.0,1630.0,1629.0,1629.0,148,0.0,0.0
2024-08-29 12:55:00+09:00,1636.0,1636.0,1636.0,1636.0,0,0.0,0.0
2024-08-29 13:35:00+09:00,1636.0,1637.0,1636.0,1637.0,8,0.0,0.0
2024-08-29 13:50:00+09:00,1634.0,1634.0,1633.0,1633.0,193,0.0,0.0
2024-08-29 14:00:00+09:00,1633.0,1635.0,1633.0,1635.0,9,0.0,0.0
2024-08-29 14:05:00+09:00,1632.0,1635.0,1632.0,1635.0,498,0.0,0.0
2024-08-29 14:15:00+09:00,1635.0,1635.0,1635.0,1635.0,199,0.0,0.0
2024-08-29 14:25:00+09:00,1635.0,1635.0,1635.0,1635.0,3170,0.0,0.0
2024-08-29 14:30:00+09:00,1632.0,1635.0,1620.0,1634.0,6359,0.0,0.0
2024-08-29 14:35:00+09:00,1622.0,1635.0,1616.0,1616.0,578,0.0,0.0
2024-08-29 14:40:00+09:00,1616.0,1616.0,1615.0,1615.0,61,0.0,0.0
2024-08-29 14:45:00+09:00,1615.0,1635.0,1615.0,1635.0,83,0.0,0.0
2024-08-30 09:00:00+09:00,1626.0,1655.0,1620.0,1653.0,1773,0.0,0.0
2024-08-30 09:05:00+09:00,1653.0,1653.0,1641.0,1650.0,1014,0.0,0.0
2024-08-30 09:10:00+09:00,1650.0,1654.0,1650.0,1654.0,768,0.0,0.0
2024-08-30 09:15:00+09:00,1645.0,1655.0,1645.0,1655.0,418,0.0,0.0
2024-08-30 09:20:00+09:00,1655.0,1655.0,1650.0,1650.0,200,0.0,0.0
2024-08-30 09:30:00+09:00,1650.0,1654.0,1650.0,1654.0,0,0.0,0.0
2024-08-30 09:35:00+09:00,1654.0,1669.0,1654.0,1669.0,2147,0.0,0.0
2024-08-30 09:40:00+09:00,1669.0,1669.0,1663.0,1667.0,908,0.0,0.0
2024-08-30 09:45:00+09:00,1667.0,1671.0,1667.0,1671.0,4750,0.0,0.0
2024-08-30 09:50:00+09:00,1674.0,1674.0,1669.0,1669.0,721,0.0,0.0
2024-08-30 09:55:00+09:00,1668.0,1677.0,1668.0,1677.0,3020,0.0,0.0
2024-08-30 10:00:00+09:00,1677.0,1680.0,1677.0,1679.0,0,0.0,0.0
2024-08-30 10:05:00+09:00,1679.0,1679.0,1675.0,1679.0,551,0.0,0.0
2024-08-30 10:10:00+09:00,1677.0,1677.0,1677.0,1677.0,79,0.0,0.0
2024-08-30 10:15:00+09:00,1678.0,1678.0,1675.0,1675.0,62,0.0,0.0
2024-08-30 10:20:00+09:00,1678.0,1683.0,1678.0,1683.0,802,0.0,0.0
2024-08-30 10:25:00+09:00,1683.0,1788.0,1682.0,1788.0,28545,0.0,0.0
2024-08-30 10:30:00+09:00,1778.0,1778.0,1710.0,1716.0,62890,0.0,0.0
2024-08-30 10:35:00+09:00,1717.0,1718.0,1710.0,1710.0,7511,0.0,0.0
2024-08-30 10:40:00+09:00,1719.0,1719.0,1710.0,1711.0,1318,0.0,0.0
2024-08-30 10:45:00+09:00,1711.0,1719.0,1708.0,1708.0,692,0.0,0.0
2024-08-30 10:50:00+09:00,1708.0,1708.0,1690.0,1701.0,3620,0.0,0.0
2024-08-30 10:55:00+09:00,1701.0,1701.0,1690.0,1700.0,551,0.0,0.0
2024-08-30 11:00:00+09:00,1695.0,1700.0,1691.0,1691.0,232,0.0,0.0
2024-08-30 11:05:00+09:00,1700.0,1700.0,1700.0,1700.0,0,0.0,0.0
2024-08-30 11:10:00+09:00,1698.0,1698.0,1698.0,1698.0,1,0.0,0.0
2024-08-30 11:20:00+09:00,1698.0,1699.0,1698.0,1699.0,75,0.0,0.0
2024-08-30 11:25:00+09:00,1694.0,1695.0,1694.0,1695.0,204,0.0,0.0
2024-08-30 11:30:00+09:00,1693.0,1693.0,1692.0,1692.0,23,0.0,0.0
2024-08-30 11:35:00+09:00,1692.0,1695.0,1690.0,1695.0,711,0.0,0.0
2024-08-30 11:40:00+09:00,1690.0,1693.0,1690.0,1690.0,394,0.0,0.0
2024-08-30 11:45:00+09:00,1693.0,1693.0,1689.0,1693.0,0,0.0,0.0
2024-08-30 11:50:00+09:00,1689.0,1689.0,1688.0,1689.0,402,0.0,0.0
2024-08-30 12:00:00+09:00,1692.0,1697.0,1692.0,1692.0,481,0.0,0.0
2024-08-30 12:05:00+09:00,1697.0,1697.0,1697.0,1697.0,0,0.0,0.0
2024-08-30 12:10:00+09:00,1697.0,1697.0,1692.0,1692.0,2,0.0,0.0
2024-08-30 12:20:00+09:00,1697.0,1697.0,1685.0,1685.0,6215,0.0,0.0
2024-08-30 12:30:00+09:00,1686.0,1686.0,1686.0,1686.0,0,0.0,0.0
2024-08-30 12:35:00+09:00,1685.0,1685.0,1684.0,1684.0,39,0.0,0.0
2024-08-30 12:40:00+09:00,1685.0,1686.0,1684.0,1684.0,8,0.0,0.0
2024-08-30 12:45:00+09:00,1684.0,1686.0,1684.0,1686.0,12,0.0,0.0
2024-08-30 12:50:00+09:00,1684.0,1686.0,1684.0,1684.0,6,0.0,0.0
2024-08-30 12:55:00+09:00,1686.0,1686.0,1675.0,1675.0,2443,0.0,0.0
2024-08-30 13:00:00+09:00,1675.0,1675.0,1670.0,1670.0,2704,0.0,0.0
2024-08-30 13:05:00+09:00,1670.0,1678.0,1665.0,1678.0,1470,0.0,0.0
2024-08-30 13:10:00+09:00,1666.0,1678.0,1666.0,1678.0,18,0.0,0.0
2024-08-30 13:15:00+09:00,1678.0,1683.0,1678.0,1683.0,2796,0.0,0.0
2024-08-30 13:20:00+09:00,1684.0,1684.0,1684.0,1684.0,4,0.0,0.0
2024-08-30 13:25:00+09:00,1684.0,1684.0,1684.0,1684.0,0,0.0,0.0
2024-08-30 13:35:00+09:00,1684.0,1684.0,1684.0,1684.0,6,0.0,0.0
2024-08-30 13:40:00+09:00,1677.0,1697.0,1677.0,1697.0,938,0.0,0.0
2024-08-30 13:45:00+09:00,1682.0,1682.0,1677.0,1679.0,599,0.0,0.0
2024-08-30 13:50:00+09:00,1694.0,1694.0,1694.0,1694.0,0,0.0,0.0
2024-08-30 13:55:00+09:00,1679.0,1689.0,1679.0,1689.0,43,0.0,0.0
2024-08-30 14:05:00+09:00,1681.0,1693.0,1681.0,1690.0,85,0.0,0.0
2024-08-30 14:30:00+09:00,1687.0,1687.0,1681.0,1687.0,101,0.0,0.0
2024-08-30 14:40:00+09:00,1687.0,1687.0,1687.0,1687.0,61,0.0,0.0
2024-08-30 14:45:00+09:00,1688.0,1689.0,1688.0,1689.0,279,0.0,0.0
2024-08-30 14:50:00+09:00,1689.0,1690.0,1689.0,1690.0,938,0.0,0.0
2024-08-30 14:55:00+09:00,1690.0,1694.0,1690.0,1694.0,0,0.0,0.0
2024-09-02 09:00:00+09:00,1680.0,1689.0,1675.0,1675.0,0,0.0,0.0
2024-09-02 09:05:00+09:00,1688.0,1705.0,1688.0,1700.0,0,0.0,0.0
2024-09-02 09:10:00+09:00,1704.0,1705.0,1689.0,1689.0,239,0.0,0.0
2024-09-02 09:15:00+09:00,1689.0,1700.0,1681.0,1700.0,424,0.0,0.0
2024-09-02 09:20:00+09:00,1688.0,1688.0,1688.0,1688.0,234,0.0,0.0
2024-09-02 09:25:00+09:00,1695.0,1699.0,1695.0,1699.0,0,0.0,0.0
2024-09-02 09:30:00+09:00,1699.0,1699.0,1699.0,1699.0,54,0.0,0.0
2024-09-02 09:35:00+09:00,1699.0,1700.0,1688.0,1700.0,682,0.0,0.0
2024-09-02 09:40:00+09:00,1689.0,1689.0,1689.0,1689.0,0,0.0,0.0
2024-09-02 09:45:00+09:00,1700.0,1700.0,1688.0,1688.0,42,0.0,0.0
2024-09-02 09:55:00+09:00,1700.0,1700.0,1700.0,1700.0,0,0.0,0.0
2024-09-02 10:00:00+09:00,1700.0,1700.0,1700.0,1700.0,295,0.0,0.0
2024-09-02 10:05:00+09:00,1700.0,1700.0,1700.0,1700.0,1,0.0,0.0
2024-09-02 10:10:00+09:00,1688.0,1695.0,1688.0,1694.0,403,0.0,0.0
2024-09-02 10:15:00+09:00,1688.0,1694.0,1688.0,1694.0,77,0.0,0.0
2024-09-02 10:20:00+09:00,1694.0,1694.0,1684.0,1685.0,6,0.0,0.0
2024-09-02 10:30:00+09:00,1694.0,1694.0,1694.0,1694.0,1,0.0,0.0
2024-09-02 10:35:00+09:00,1694.0,1694.0,1676.0,1676.0,5913,0.0,0.0
2024-09-02 10:40:00+09:00,1678.0,1695.0,1660.0,1694.0,3825,0.0,0.0
2024-09-02 10:45:00+09:00,1693.0,1693.0,1693.0,1693.0,0,0.0,0.0
2024-09-02 10:55:00+09:00,1693.0,1693.0,1678.0,1690.0,250,0.0,0.0
2024-09-02 11:05:00+09:00,1678.0,1678.0,1669.0,1669.0,917,0.0,0.0
2024-09-02 11:10:00+09:00,1671.0,1671.0,1671.0,1671.0,183,0.0,0.0
2024-09-02 11:15:00+09:00,1669.0,1669.0,1665.0,1665.0,1315,0.0,0.0
2024-09-02 11:20:00+09:00,1666.0,1676.0,1666.0,1676.0,10,0.0,0.0
2024-09-02 11:25:00+09:00,1676.0,1689.0,1676.0,1689.0,3389,0.0,0.0
2024-09-02 11:30:00+09:00,1690.0,1690.0,1680.0,1690.0,213,0.0,0.0
2024-09-02 11:35:00+09:00,1687.0,1690.0,1687.0,1690.0,6,0.0,0.0
2024-09-02 11:40:00+09:00,1674.0,1688.0,1674.0,1688.0,2,0.0,0.0
2024-09-02 11:45:00+09:00,1669.0,1669.0,1669.0,1669.0,1139,0.0,0.0
2024-09-02 11:55:00+09:00,1683.0,1688.0,1683.0,1688.0,0,0.0,0.0
2024-09-02 12:35:00+09:00,1683.0,1686.0,1672.0,1686.0,399,0.0,0.0
2024-09-02 12:45:00+09:00,1684.0,1684.0,1684.0,1684.0,0,0.0,0.0
2024-09-02 12:50:00+09:00,1680.0,1684.0,1675.0,1684.0,1201,0.0,0.0
2024-09-02 12:55:00+09:00,1675.0,1683.0,1675.0,1681.0,546,0.0,0.0
2024-09-02 13:00:00+09:00,1682.0,1682.0,1682.0,1682.0,11,0.0,0.0
2024-09-02 13:05:00+09:00,1679.0,1679.0,1679.0,1679.0,0,0.0,0.0
2024-09-02 13:15:00+09:00,1682.0,1682.0,1682.0,1682.0,3,0.0,0.0
2024-09-02 13:30:00+09:00,1675.0,1681.0,1672.0,1681.0,66,0.0,0.0
2024-09-02 13:55:00+09:00,1681.0,1681.0,1681.0,1681.0,19,0.0,0.0
2024-09-02 14:00:00+09:00,1674.0,1681.0,1674.0,1681.0,143,0.0,0.0
2024-09-02 14:10:00+09:00,1681.0,1681.0,1681.0,1681.0,1,0.0,0.0
2024-09-02 14:20:00+09:00,1680.0,1680.0,1680.0,1680.0,4,0.0,0.0
2024-09-02 14:25:00+09:00,1674.0,1680.0,1671.0,1680.0,1300,0.0,0.0
2024-09-02 14:30:00+09:00,1672.0,1678.0,1670.0,1678.0,850,0.0,0.0
2024-09-02 14:40:00+09:00,1677.0,1677.0,1677.0,1677.0,1,0.0,0.0
2024-09-02 14:50:00+09:00,1677.0,1677.0,1677.0,1677.0,3,0.0,0.0
2024-09-02 14:55:00+09:00,1678.0,1678.0,1677.0,1677.0,114,0.0,0.0
2024-09-03 09:00:00+09:00,1675.0,1691.0,1674.0,1689.0,2457,0.0,0.0
2024-09-03 09:05:00+09:00,1688.0,1688.0,1671.0,1686.0,203,0.0,0.0
2024-09-03 09:10:00+09:00,1680.0,1684.0,1671.0,1684.0,109,0.0,0.0
2024-09-03 09:15:00+09:00,1684.0,1685.0,1684.0,1685.0,202,0.0,0.0
2024-09-03 09:20:00+09:00,1684.0,1684.0,1672.0,1683.0,0,0.0,0.0
2024-09-03 09:25:00+09:00,1682.0,1682.0,1682.0,1682.0,1,0.0,0.0
2024-09-03 09:30:00+09:00,1673.0,1673.0,1672.0,1672.0,571,0.0,0.0
2024-09-03 09:35:00+09:00,1673.0,1683.0,1671.0,1671.0,777,0.0,0.0
2024-09-03 09:40:00+09:00,1682.0,1682.0,1680.0,1680.0,142,0.0,0.0
2024-09-03 09:45:00+09:00,1680.0,1685.0,1680.0,1685.0,137,0.0,0.0
2024-09-03 10:00:00+09:00,1685.0,1685.0,1685.0,1685.0,0,0.0,0.0
2024-09-03 10:05:00+09:00,1685.0,1686.0,1685.0,1685.0,360,0.0,0.0
2024-09-03 10:10:00+09:00,1686.0,1686.0,1686.0,1686.0,100,0.0,0.0
2024-09-03 10:15:00+09:00,1686.0,1686.0,1686.0,1686.0,0,0.0,0.0
2024-09-03 10:20:00+09:00,1685.0,1686.0,1685.0,1686.0,5748,0.0,0.0
2024-09-03 10:25:00+09:00,1689.0,1695.0,1689.0,1695.0,0,0.0,0.0
2024-09-03 10:30:00+09:00,1686.0,1686.0,1686.0,1686.0,0,0.0,0.0
2024-09-03 10:35:00+09:00,1694.0,1700.0,1694.0,1700.0,163,0.0,0.0
2024-09-03 10:40:00+09:00,1696.0,1696.0,1696.0,1696.0,89,0.0,0.0
2024-09-03 10:55:00+09:00,1695.0,1699.0,1690.0,1690.0,128,0.0,0.0
2024-09-03 11:00:00+09:00,1699.0,1699.0,1699.0,1699.0,0,0.0,0.0
2024-09-03 11:05:00+09:00,1699.0,1699.0,1699.0,1699.0,22,0.0,0.0
2024-09-03 11:10:00+09:00,1699.0,1700.0,1699.0,1700.0,1800,0.0,0.0
2024-09-03 11:20:00+09:00,1694.0,1694.0,1694.0,1694.0,0,0.0,0.0
2024-09-03 11:25:00+09:00,1694.0,1694.0,1694.0,1694.0,79,0.0,0.0
2024-09-03 11:30:00+09:00,1700.0,1700.0,1700.0,1700.0,0,0.0,0.0
2024-09-03 11:40:00+09:00,1700.0,1701.0,1700.0,1701.0,107,0.0,0.0
2024-09-03 11:45:00+09:00,1701.0,1701.0,1701.0,1701.0,29,0.0,0.0
2024-09-03 11:50:00+09:00,1701.0,1701.0,1701.0,1701.0,12,0.0,0.0
2024-09-03 12:00:00+09:00,1701.0,1704.0,1701.0,1704.0,206,0.0,0.0
2024-09-03 12:15:00+09:00,1701.0,1701.0,1701.0,1701.0,0,0.0,0.0
2024-09-03 12:20:00+09:00,1701.0,1704.0,1701.0,1704.0,33,0.0,0.0
2024-09-03 12:25:00+09:00,1703.0,1704.0,1703.0,1703.0,518,0.0,0.0
2024-09-03 12:30:00+09:00,1702.0,1703.0,1702.0,1703.0,0,0.0,0.0
2024-09-03 13:00:00+09:00,1702.0,1702.0,1693.0,1693.0,798,0.0,0.0
2024-09-03 13:05:00+09:00,1693.0,1693.0,1692.0,1692.0,259,0.0,0.0
2024-09-03 13:15:00+09:00,1702.0,1702.0,1702.0,1702.0,0,0.0,0.0
2024-09-03 13:20:00+09:00,1692.0,1692.0,1680.0,1680.0,1670,0.0,0.0
2024-09-03 13:25:00+09:00,1695.0,1703.0,1686.0,1686.0,12,0.0,0.0
2024-09-03 13:30:00+09:00,1700.0,1700.0,1700.0,1700.0,1,0.0,0.0
2024-09-03 14:00:00+09:00,1685.0,1698.0,1685.0,1698.0,33,0.0,0.0
2024-09-03 14:20:00+09:00,1687.0,1687.0,1686.0,1686.0,306,0.0,0.0
2024-09-03 14:25:00+09:00,1686.0,1686.0,1680.0,1682.0,525,0.0,0.0
2024-09-03 14:50:00+09:00,1682.0,1682.0,1682.0,1682.0,585,0.0,0.0
2024-09-03 14:55:00+09:00,1694.0,1694.0,1694.0,1694.0,0,0.0,0.0
2024-09-04 09:00:00+09:00,1661.0,1661.0,1630.0,1650.0,5675,0.0,0.0
2024-09-04 09:05:00+09:00,1640.0,1650.0,1632.0,1650.0,619,0.0,0.0
2024-09-04 09:10:00+09:00,1645.0,1649.0,1623.0,1648.0,2422,0.0,0.0
2024-09-04 09:15:00+09:00,1646.0,1647.0,1630.0,1630.0,441,0.0,0.0
2024-09-04 09:20:00+09:00,1630.0,1645.0,1626.0,1631.0,5149,0.0,0.0
2024-09-04 09:25:00+09:00,1640.0,1640.0,1638.0,1639.0,0,0.0,0.0
2024-09-04 09:30:00+09:00,1639.0,1639.0,1639.0,1639.0,0,0.0,0.0
2024-09-04 09:35:00+09:00,1639.0,1648.0,1634.0,1647.0,643,0.0,0.0
2024-09-04 09:40:00+09:00,1647.0,1647.0,1635.0,1647.0,4,0.0,0.0
2024-09-04 09:45:00+09:00,1635.0,1648.0,1634.0,1648.0,891,0.0,0.0
2024-09-04 09:50:00+09:00,1635.0,1647.0,1623.0,1645.0,8477,0.0,0.0
2024-09-04 09:55:00+09:00,1634.0,1634.0,1634.0,1634.0,697,0.0,0.0
2024-09-04 10:00:00+09:00,1634.0,1644.0,1634.0,1644.0,0,0.0,0.0
2024-09-04 10:05:00+09:00,1644.0,1644.0,1644.0,1644.0,17,0.0,0.0
2024-09-04 10:10:00+09:00,1630.0,1645.0,1630.0,1644.0,193,0.0,0.0
2024-09-04 10:15:00+09:00,1629.0,1645.0,1627.0,1645.0,457,0.0,0.0
2024-09-04 10:25:00+09:00,1630.0,1642.0,1628.0,1628.0,407,0.0,0.0
2024-09-04 10:30:00+09:00,1639.0,1639.0,1639.0,1639.0,1,0.0,0.0
2024-09-04 10:35:00+09:00,1639.0,1639.0,1639.0,1639.0,1,0.0,0.0
2024-09-04 10:40:00+09:00,1639.0,1639.0,1639.0,1639.0,759,0.0,0.0
2024-09-04 10:45:00+09:00,1640.0,1640.0,1640.0,1640.0,678,0.0,0.0
2024-09-04 10:50:00+09:00,1631.0,1640.0,1631.0,1640.0,229,0.0,0.0
2024-09-04 10:55:00+09:00,1640.0,1642.0,1640.0,1642.0,4340,0.0,0.0
2024-09-04 11:15:00+09:00,1642.0,1642.0,1635.0,1635.0,178,0.0,0.0
2024-09-04 11:20:00+09:00,1644.0,1644.0,1644.0,1644.0,65,0.0,0.0
2024-09-04 11:25:00+09:00,1644.0,1644.0,1644.0,1644.0,25,0.0,0.0
2024-09-04 11:30:00+09:00,1644.0,1644.0,1636.0,1644.0,51,0.0,0.0
2024-09-04 11:35:00+09:00,1643.0,1643.0,1643.0,1643.0,0,0.0,0.0
2024-09-04 11:45:00+09:00,1636.0,1640.0,1636.0,1640.0,7,0.0,0.0
2024-09-04 11:50:00+09:00,1636.0,1636.0,1634.0,1635.0,336,0.0,0.0
2024-09-04 11:55:00+09:00,1634.0,1634.0,1629.0,1630.0,2122,0.0,0.0
2024-09-04 12:00:00+09:00,1629.0,1629.0,1624.0,1625.0,13410,0.0,0.0
2024-09-04 12:05:00+09:00,1641.0,1641.0,1641.0,1641.0,0,0.0,0.0
2024-09-04 12:30:00+09:00,1637.0,1639.0,1637.0,1639.0,505,0.0,0.0
2024-09-04 12:35:00+09:00,1639.0,1639.0,1639.0,1639.0,193,0.0,0.0
2024-09-04 12:40:00+09:00,1627.0,1627.0,1627.0,1627.0,8,0.0,0.0
2024-09-04 12:45:00+09:00,1627.0,1638.0,1627.0,1638.0,0,0.0,0.0
2024-09-04 12:50:00+09:00,1637.0,1637.0,1627.0,1637.0,71,0.0,0.0
2024-09-04 12:55:00+09:00,1635.0,1637.0,1635.0,1637.0,80,0.0,0.0
2024-09-04 13:10:00+09:00,1637.0,1638.0,1637.0,1638.0,563,0.0,0.0
2024-09-04 13:20:00+09:00,1629.0,1637.0,1626.0,1637.0,916,0.0,0.0
2024-09-04 13:25:00+09:00,1635.0,1637.0,1635.0,1637.0,302,0.0,0.0
2024-09-04 13:30:00+09:00,1630.0,1630.0,1629.0,1629.0,149,0.0,0.0
2024-09-04 13:35:00+09:00,1637.0,1637.0,1628.0,1637.0,1203,0.0,0.0
2024-09-04 14:00:00+09:00,1636.0,1636.0,1636.0,1636.0,11,0.0,0.0
2024-09-04 14:15:00+09:00,1636.0,1636.0,1636.0,1636.0,54,0.0,0.0
2024-09-04 14:20:00+09:00,1636.0,1636.0,1636.0,1636.0,49,0.0,0.0
2024-09-04 14:25:00+09:00,1636.0,1647.0,1636.0,1647.0,2340,0.0,0.0
2024-09-04 14:35:00+09:00,1641.0,1641.0,1640.0,1640.0,150,0.0,0.0
2024-09-04 14:50:00+09:00,1633.0,1633.0,1629.0,1629.0,1388,0.0,0.0
2024-09-04 14:55:00+09:00,1640.0,1647.0,1629.0,1647.0,2272,0.0,0.0
2024-09-05 09:00:00+09:00,1625.0,1650.0,1625.0,1650.0,2129,0.0,0.0
2024-09-05 09:05:00+09:00,1650.0,1653.0,1613.0,1632.0,2087,0.0,0.0
2024-09-05 09:10:00+09:00,1635.0,1635.0,1635.0,1635.0,29,0.0,0.0
2024-09-05 09:15:00+09:00,1621.0,1626.0,1609.0,1626.0,3951,0.0,0.0
2024-09-05 09:20:00+09:00,1626.0,1629.0,1626.0,1629.0,61,0.0,0.0
2024-09-05 09:25:00+09:00,1632.0,1634.0,1632.0,1634.0,111,0.0,0.0
2024-09-05 09:30:00+09:00,1621.0,1633.0,1621.0,1633.0,16,0.0,0.0
2024-09-05 09:35:00+09:00,1633.0,1634.0,1633.0,1634.0,105,0.0,0.0
2024-09-05 10:00:00+09:00,1622.0,1629.0,1622.0,1629.0,111,0.0,0.0
2024-09-05 10:05:00+09:00,1627.0,1627.0,1627.0,1627.0,11,0.0,0.0
2024-09-05 10:15:00+09:00,1627.0,1627.0,1520.0,1520.0,14599,0.0,0.0
2024-09-05 10:20:00+09:00,1581.0,1597.0,1581.0,1592.0,14151,0.0,0.0
2024-09-05 10:25:00+09:00,1592.0,1597.0,1587.0,1590.0,2476,0.0,0.0
2024-09-05 10:30:00+09:00,1589.0,1593.0,1582.0,1587.0,2644,0.0,0.0
2024-09-05 10:35:00+09:00,1587.0,1589.0,1585.0,1585.0,1971,0.0,0.0
2024-09-05 10:40:00+09:00,1585.0,1588.0,1583.0,1588.0,1257,0.0,0.0
2024-09-05 10:45:00+09:00,1588.0,1588.0,1580.0,1580.0,2825,0.0,0.0
2024-09-05 10:50:00+09:00,1580.0,1584.0,1573.0,1573.0,1313,0.0,0.0
2024-09-05 10:55:00+09:00,1573.0,1587.0,1569.0,1569.0,2663,0.0,0.0
2024-09-05 11:00:00+09:00,1581.0,1590.0,1581.0,1590.0,9029,0.0,0.0
2024-09-05 11:05:00+09:00,1575.0,1588.0,1575.0,1588.0,0,0.0,0.0
2024-09-05 11:10:00+09:00,1572.0,1582.0,1569.0,1582.0,0,0.0,0.0
2024-09-05 11:15:00+09:00,1580.0,1588.0,1580.0,1588.0,115,0.0,0.0
2024-09-05 11:20:00+09:00,1584.0,1584.0,1584.0,1584.0,1929,0.0,0.0
2024-09-05 11:25:00+09:00,1579.0,1580.0,1570.0,1570.0,0,0.0,0.0
2024-09-05 11:30:00+09:00,1571.0,1571.0,1569.0,1570.0,1072,0.0,0.0
2024-09-05 11:35:00+09:00,1570.0,1577.0,1570.0,1570.0,117,0.0,0.0
2024-09-05 11:40:00+09:00,1575.0,1577.0,1575.0,1577.0,73,0.0,0.0
2024-09-05 11:45:00+09:00,1574.0,1574.0,1574.0,1574.0,28,0.0,0.0
2024-09-05 11:55:00+09:00,1574.0,1577.0,1574.0,1577.0,1150,0.0,0.0
2024-09-05 12:00:00+09:00,1577.0,1577.0,1575.0,1577.0,1265,0.0,0.0
2024-09-05 12:05:00+09:00,1577.0,1577.0,1577.0,1577.0,377,0.0,0.0
2024-09-05 12:10:00+09:00,1577.0,1577.0,1577.0,1577.0,158,0.0,0.0
2024-09-05 12:15:00+09:00,1586.0,1586.0,1586.0,1586.0,0,0.0,0.0
2024-09-05 12:20:00+09:00,1579.0,1585.0,1579.0,1585.0,10,0.0,0.0
2024-09-05 12:25:00+09:00,1585.0,1585.0,1585.0,1585.0,9,0.0,0.0
2024-09-05 12:30:00+09:00,1585.0,1585.0,1585.0,1585.0,0,0.0,0.0
2024-09-05 12:35:00+09:00,1580.0,1580.0,1577.0,1580.0,378,0.0,0.0
2024-09-05 12:40:00+09:00,1577.0,1580.0,1577.0,1580.0,41,0.0,0.0
2024-09-05 12:55:00+09:00,1580.0,1580.0,1580.0,1580.0,299,0.0,0.0
2024-09-05 13:05:00+09:00,1585.0,1587.0,1585.0,1587.0,522,0.0,0.0
2024-09-05 13:10:00+09:00,1587.0,1590.0,1587.0,1590.0,572,0.0,0.0
2024-09-05 13:20:00+09:00,1590.0,1590.0,1590.0,1590.0,2550,0.0,0.0
2024-09-05 13:25:00+09:00,1580.0,1580.0,1577.0,1577.0,231,0.0,0.0
2024-09-05 13:30:00+09:00,1580.0,1580.0,1580.0,1580.0,0,0.0,0.0
2024-09-05 13:35:00+09:00,1577.0,1577.0,1556.0,1576.0,6573,0.0,0.0
2024-09-05 13:40:00+09:00,1564.0,1570.0,1556.0,1570.0,2483,0.0,0.0
2024-09-05 13:45:00+09:00,1566.0,1566.0,1557.0,1566.0,41,0.0,0.0
2024-09-05 13:50:00+09:00,1558.0,1564.0,1557.0,1564.0,468,0.0,0.0
2024-09-05 14:00:00+09:00,1561.0,1563.0,1558.0,1563.0,457,0.0,0.0
2024-09-05 14:05:00+09:00,1558.0,1559.0,1551.0,1551.0,1535,0.0,0.0
2024-09-05 14:10:00+09:00,1551.0,1557.0,1551.0,1557.0,15,0.0,0.0
2024-09-05 14:20:00+09:00,1552.0,1553.0,1550.0,1550.0,885,0.0,0.0
2024-09-05 14:25:00+09:00,1550.0,1557.0,1548.0,1557.0,716,0.0,0.0
2024-09-05 14:30:00+09:00,1559.0,1573.0,1559.0,1573.0,199,0.0,0.0
2024-09-05 14:35:00+09:00,1572.0,1572.0,1571.0,1571.0,775,0.0,0.0
2024-09-05 14:40:00+09:00,1571.0,1571.0,1571.0,1571.0,23,0.0,0.0
2024-09-05 14:50:00+09:00,1571.0,1571.0,1560.0,1570.0,147,0.0,0.0
2024-09-05 14:55:00+09:00,1570.0,1570.0,1570.0,1570.0,1,0.0,0.0
2024-09-06 09:00:00+09:00,1544.0,1560.0,1544.0,1555.0,1617,0.0,0.0
2024-09-06 09:05:00+09:00,1560.0,1565.0,1555.0,1565.0,1263,0.0,0.0
2024-09-06 09:10:00+09:00,1565.0,1579.0,1565.0,1575.0,513,0.0,0.0
2024-09-06 09:15:00+09:00,1575.0,1575.0,1545.0,1559.0,1217,0.0,0.0
2024-09-06 09:20:00+09:00,1560.0,1560.0,1544.0,1544.0,936,0.0,0.0
2024-09-06 09:25:00+09:00,1544.0,1559.0,1542.0,1542.0,990,0.0,0.0
2024-09-06 09:30:00+09:00,1549.0,1549.0,1542.0,1549.0,1153,0.0,0.0
2024-09-06 09:35:00+09:00,1548.0,1548.0,1545.0,1545.0,127,0.0,0.0
2024-09-06 09:40:00+09:00,1545.0,1549.0,1545.0,1549.0,26,0.0,0.0
2024-09-06 09:50:00+09:00,1548.0,1549.0,1548.0,1549.0,146,0.0,0.0
2024-09-06 09:55:00+09:00,1549.0,1549.0,1549.0,1549.0,1144,0.0,0.0
2024-09-06 10:00:00+09:00,1549.0,1549.0,1549.0,1549.0,0,0.0,0.0
2024-09-06 10:05:00+09:00,1545.0,1545.0,1540.0,1540.0,334,0.0,0.0
2024-09-06 10:10:00+09:00,1545.0,1545.0,1545.0,1545.0,39,0.0,0.0
2024-09-06 10:20:00+09:00,1540.0,1540.0,1540.0,1540.0,1,0.0,0.0
2024-09-06 10:25:00+09:00,1544.0,1545.0,1544.0,1545.0,174,0.0,0.0
2024-09-06 10:30:00+09:00,1540.0,1540.0,1540.0,1540.0,951,0.0,0.0
2024-09-06 10:35:00+09:00,1544.0,1544.0,1539.0,1539.0,2,0.0,0.0
2024-09-06 10:40:00+09:00,1538.0,1543.0,1538.0,1543.0,1273,0.0,0.0
2024-09-06 10:45:00+09:00,1545.0,1545.0,1543.0,1545.0,0,0.0,0.0
2024-09-06 10:50:00+09:00,1545.0,1545.0,1545.0,1545.0,111,0.0,0.0
2024-09-06 11:00:00+09:00,1545.0,1545.0,1545.0,1545.0,148,0.0,0.0
2024-09-06 11:05:00+09:00,1545.0,1553.0,1545.0,1553.0,3680,0.0,0.0
2024-09-06 11:20:00+09:00,1556.0,1575.0,1556.0,1575.0,19,0.0,0.0
2024-09-06 11:50:00+09:00,1574.0,1574.0,1574.0,1574.0,1,0.0,0.0
2024-09-06 12:10:00+09:00,1574.0,1574.0,1570.0,1570.0,6050,0.0,0.0
2024-09-06 12:15:00+09:00,1568.0,1570.0,1568.0,1570.0,1948,0.0,0.0
2024-09-06 12:20:00+09:00,1575.0,1575.0,1575.0,1575.0,0,0.0,0.0
2024-09-06 12:25:00+09:00,1575.0,1575.0,1575.0,1575.0,3720,0.0,0.0
2024-09-06 12:30:00+09:00,1576.0,1576.0,1576.0,1576.0,0,0.0,0.0
2024-09-06 12:40:00+09:00,1576.0,1576.0,1576.0,1576.0,11,0.0,0.0
2024-09-06 13:05:00+09:00,1576.0,1576.0,1576.0,1576.0,14,0.0,0.0
2024-09-06 13:45:00+09:00,1576.0,1576.0,1576.0,1576.0,0,0.0,0.0
2024-09-06 13:50:00+09:00,1576.0,1576.0,1575.0,1576.0,14,0.0,0.0
2024-09-06 13:55:00+09:00,1576.0,1576.0,1576.0,1576.0,94,0.0,0.0
2024-09-06 14:05:00+09:00,1575.0,1575.0,1575.0,1575.0,0,0.0,0.0
2024-09-06 14:40:00+09:00,1566.0,1574.0,1566.0,1574.0,8,0.0,0.0
2024-09-06 14:55:00+09:00,1574.0,1574.0,1574.0,1574.0,5,0.0,0.0
2024-09-09 09:00:00+09:00,1524.0,1555.0,1524.0,1527.0,0,0.0,0.0
2024-09-09 09:05:00+09:00,1539.0,1544.0,1539.0,1544.0,14,0.0,0.0
2024-09-09 09:15:00+09:00,1536.0,1543.0,1527.0,1543.0,576,0.0,0.0
2024-09-09 09:20:00+09:00,1542.0,1542.0,1542.0,1542.0,508,0.0,0.0
2024-09-09 09:25:00+09:00,1529.0,1541.0,1529.0,1539.0,1113,0.0,0.0
2024-09-09 09:35:00+09:00,1537.0,1541.0,1530.0,1541.0,137,0.0,0.0
2024-09-09 09:40:00+09:00,1541.0,1541.0,1541.0,1541.0,68,0.0,0.0
2024-09-09 09:45:00+09:00,1541.0,1543.0,1541.0,1543.0,517,0.0,0.0
2024-09-09 09:55:00+09:00,1530.0,1530.0,1530.0,1530.0,1491,0.0,0.0
2024-09-09 10:00:00+09:00,1541.0,1541.0,1541.0,1541.0,0,0.0,0.0
2024-09-09 10:05:00+09:00,1541.0,1541.0,1541.0,1541.0,1,0.0,0.0
2024-09-09 10:15:00+09:00,1540.0,1540.0,1540.0,1540.0,200,0.0,0.0
2024-09-09 10:20:00+09:00,1539.0,1539.0,1539.0,1539.0,1,0.0,0.0
2024-09-09 10:30:00+09:00,1536.0,1543.0,1535.0,1543.0,1030,0.0,0.0
2024-09-09 11:00:00+09:00,1542.0,1542.0,1542.0,1542.0,0,0.0,0.0
2024-09-09 11:05:00+09:00,1542.0,1542.0,1542.0,1542.0,10,0.0,0.0
2024-09-09 11:10:00+09:00,1542.0,1542.0,1542.0,1542.0,45,0.0,0.0
2024-09-09 11:15:00+09:00,1542.0,1542.0,1542.0,1542.0,0,0.0,0.0
2024-09-09 11:20:00+09:00,1543.0,1543.0,1543.0,1543.0,423,0.0,0.0
2024-09-09 11:45:00+09:00,1544.0,1560.0,1544.0,1560.0,0,0.0,0.0
2024-09-09 12:10:00+09:00,1557.0,1557.0,1557.0,1557.0,0,0.0,0.0
2024-09-09 12:15:00+09:00,1557.0,1557.0,1550.0,1550.0,661,0.0,0.0
2024-09-09 12:25:00+09:00,1550.0,1556.0,1550.0,1556.0,0,0.0,0.0
2024-09-09 12:30:00+09:00,1556.0,1557.0,1550.0,1557.0,254,0.0,0.0
2024-09-09 12:35:00+09:00,1557.0,1557.0,1557.0,1557.0,19,0.0,0.0
2024-09-09 12:40:00+09:00,1557.0,1557.0,1557.0,1557.0,590,0.0,0.0
2024-09-09 12:45:00+09:00,1550.0,1550.0,1550.0,1550.0,154,0.0,0.0
2024-09-09 12:50:00+09:00,1550.0,1550.0,1545.0,1550.0,105,0.0,0.0
2024-09-09 13:05:00+09:00,1545.0,1545.0,1542.0,1542.0,1689,0.0,0.0
2024-09-09 13:10:00+09:00,1542.0,1550.0,1540.0,1550.0,1502,0.0,0.0
2024-09-09 13:15:00+09:00,1549.0,1549.0,1535.0,1535.0,2500,0.0,0.0
2024-09-09 13:20:00+09:00,1548.0,1548.0,1548.0,1548.0,67,0.0,0.0
2024-09-09 13:30:00+09:00,1548.0,1548.0,1533.0,1547.0,1601,0.0,0.0
2024-09-09 13:40:00+09:00,1536.0,1546.0,1530.0,1544.0,3087,0.0,0.0
2024-09-09 13:45:00+09:00,1539.0,1539.0,1539.0,1539.0,49,0.0,0.0
2024-09-09 13:50:00+09:00,1543.0,1544.0,1543.0,1544.0,0,0.0,0.0
2024-09-09 14:00:00+09:00,1535.0,1538.0,1527.0,1538.0,3499,0.0,0.0
2024-09-09 14:10:00+09:00,1536.0,1537.0,1536.0,1537.0,627,0.0,0.0
2024-09-09 14:15:00+09:00,1532.0,1537.0,1532.0,1537.0,0,0.0,0.0
2024-09-09 14:20:00+09:00,1537.0,1538.0,1530.0,1530.0,4192,0.0,0.0
2024-09-09 14:25:00+09:00,1531.0,1538.0,1530.0,1532.0,703,0.0,0.0
2024-09-09 14:30:00+09:00,1538.0,1538.0,1538.0,1538.0,0,0.0,0.0
2024-09-09 14:35:00+09:00,1534.0,1538.0,1534.0,1538.0,50,0.0,0.0
2024-09-09 14:40:00+09:00,1538.0,1538.0,1538.0,1538.0,1589,0.0,0.0
2024-09-09 14:50:00+09:00,1541.0,1544.0,1541.0,1544.0,24,0.0,0.0
2024-09-10 09:00:00+09:00,1566.0,1570.0,1565.0,1570.0,1345,0.0,0.0
2024-09-10 09:05:00+09:00,1570.0,1570.0,1560.0,1560.0,108,0.0,0.0
2024-09-10 09:10:00+09:00,1570.0,1570.0,1554.0,1554.0,692,0.0,0.0
2024-09-10 09:15:00+09:00,1553.0,1553.0,1549.0,1549.0,295,0.0,0.0
2024-09-10 09:20:00+09:00,1559.0,1559.0,1559.0,1559.0,95,0.0,0.0
2024-09-10 09:25:00+09:00,1557.0,1557.0,1556.0,1557.0,201,0.0,0.0
2024-09-10 09:30:00+09:00,1557.0,1557.0,1556.0,1556.0,350,0.0,0.0
2024-09-10 09:35:00+09:00,1556.0,1559.0,1551.0,1559.0,312,0.0,0.0
2024-09-10 09:40:00+09:00,1559.0,1559.0,1559.0,1559.0,200,0.0,0.0
2024-09-10 09:45:00+09:00,1559.0,1559.0,1559.0,1559.0,0,0.0,0.0
2024-09-10 09:50:00+09:00,1559.0,1559.0,1559.0,1559.0,641,0.0,0.0
2024-09-10 09:55:00+09:00,1559.0,1565.0,1559.0,1565.0,0,0.0,0.0
2024-09-10 10:05:00+09:00,1564.0,1564.0,1564.0,1564.0,2,0.0,0.0
2024-09-10 10:10:00+09:00,1564.0,1564.0,1564.0,1564.0,1,0.0,0.0
2024-09-10 10:15:00+09:00,1564.0,1564.0,1564.0,1564.0,2,0.0,0.0
2024-09-10 10:20:00+09:00,1560.0,1560.0,1560.0,1560.0,109,0.0,0.0
2024-09-10 10:25:00+09:00,1560.0,1560.0,1560.0,1560.0,0,0.0,0.0
2024-09-10 10:30:00+09:00,1560.0,1560.0,1560.0,1560.0,2,0.0,0.0
2024-09-10 10:55:00+09:00,1560.0,1560.0,1560.0,1560.0,1,0.0,0.0
2024-09-10 11:00:00+09:00,1559.0,1559.0,1559.0,1559.0,156,0.0,0.0
2024-09-10 11:05:00+09:00,1551.0,1551.0,1551.0,1551.0,21,0.0,0.0
2024-09-10 11:15:00+09:00,1551.0,1554.0,1551.0,1554.0,1068,0.0,0.0
2024-09-10 11:20:00+09:00,1554.0,1554.0,1554.0,1554.0,1989,0.0,0.0
2024-09-10 11:25:00+09:00,1554.0,1554.0,1554.0,1554.0,817,0.0,0.0
2024-09-10 11:30:00+09:00,1560.0,1560.0,1560.0,1560.0,0,0.0,0.0
2024-09-10 11:35:00+09:00,1560.0,1560.0,1560.0,1560.0,1239,0.0,0.0
2024-09-10 11:40:00+09:00,1560.0,1560.0,1560.0,1560.0,0,0.0,0.0
2024-09-10 12:15:00+09:00,1564.0,1564.0,1564.0,1564.0,990,0.0,0.0
2024-09-10 12:20:00+09:00,1564.0,1564.0,1564.0,1564.0,0,0.0,0.0
2024-09-10 12:25:00+09:00,1564.0,1565.0,1564.0,1565.0,0,0.0,0.0
2024-09-10 12:30:00+09:00,1565.0,1565.0,1565.0,1565.0,573,0.0,0.0
2024-09-10 12:35:00+09:00,1565.0,1565.0,1565.0,1565.0,0,0.0,0.0
2024-09-10 12:45:00+09:00,1560.0,1560.0,1557.0,1557.0,896,0.0,0.0
2024-09-10 12:50:00+09:00,1566.0,1566.0,1566.0,1566.0,1,0.0,0.0
2024-09-10 13:05:00+09:00,1566.0,1567.0,1566.0,1567.0,15,0.0,0.0
2024-09-10 13:15:00+09:00,1566.0,1566.0,1566.0,1566.0,572,0.0,0.0
2024-09-10 13:20:00+09:00,1566.0,1567.0,1566.0,1567.0,2012,0.0,0.0
2024-09-10 13:25:00+09:00,1568.0,1568.0,1568.0,1568.0,0,0.0,0.0
2024-09-10 13:40:00+09:00,1568.0,1568.0,1557.0,1557.0,1099,0.0,0.0
2024-09-10 13:45:00+09:00,1568.0,1568.0,1568.0,1568.0,0,0.0,0.0
2024-09-10 14:05:00+09:00,1568.0,1568.0,1568.0,1568.0,1,0.0,0.0
2024-09-10 14:40:00+09:00,1568.0,1568.0,1568.0,1568.0,7,0.0,0.0
2024-09-11 09:00:00+09:00,1550.0,1574.0,1550.0,1574.0,799,0.0,0.0
2024-09-11 09:05:00+09:00,1574.0,1585.0,1574.0,1585.0,764,0.0,0.0
2024-09-11 09:15:00+09:00,1585.0,1590.0,1585.0,1590.0,5273,0.0,0.0
2024-09-11 09:20:00+09:00,1592.0,1595.0,1590.0,1595.0,266,0.0,0.0
2024-09-11 09:25:00+09:00,1595.0,1597.0,1593.0,1597.0,119,0.0,0.0
2024-09-11 09:30:00+09:00,1597.0,1597.0,1597.0,1597.0,2,0.0,0.0
2024-09-11 09:35:00+09:00,1597.0,1599.0,1597.0,1599.0,1006,0.0,0.0
2024-09-11 09:40:00+09:00,1599.0,1601.0,1595.0,1601.0,1849,0.0,0.0
2024-09-11 09:45:00+09:00,1601.0,1601.0,1601.0,1601.0,3,0.0,0.0
2024-09-11 09:50:00+09:00,1601.0,1604.0,1601.0,1603.0,170,0.0,0.0
2024-09-11 09:55:00+09:00,1604.0,1604.0,1603.0,1604.0,269,0.0,0.0
2024-09-11 10:00:00+09:00,1603.0,1604.0,1603.0,1604.0,1139,0.0,0.0
2024-09-11 10:05:00+09:00,1603.0,1604.0,1603.0,1603.0,1452,0.0,0.0
2024-09-11 10:10:00+09:00,1603.0,1604.0,1603.0,1604.0,959,0.0,0.0
2024-09-11 10:15:00+09:00,1604.0,1605.0,1604.0,1605.0,4857,0.0,0.0
2024-09-11 10:20:00+09:00,1605.0,1605.0,1604.0,1605.0,6489,0.0,0.0
2024-09-11 10:25:00+09:00,1603.0,1605.0,1603.0,1605.0,0,0.0,0.0
2024-09-11 10:30:00+09:00,1603.0,1603.0,1576.0,1576.0,3432,0.0,0.0
2024-09-11 10:35:00+09:00,1576.0,1600.0,1550.0,1600.0,4866,0.0,0.0
2024-09-11 10:45:00+09:00,1600.0,1600.0,1600.0,1600.0,0,0.0,0.0
2024-09-11 10:55:00+09:00,1595.0,1595.0,1595.0,1595.0,92,0.0,0.0
2024-09-11 11:00:00+09:00,1595.0,1595.0,1595.0,1595.0,0,0.0,0.0
2024-09-11 11:05:00+09:00,1595.0,1595.0,1595.0,1595.0,0,0.0,0.0
2024-09-11 11:20:00+09:00,1594.0,1594.0,1594.0,1594.0,79,0.0,0.0
2024-09-11 11:40:00+09:00,1590.0,1590.0,1590.0,1590.0,2,0.0,0.0
2024-09-11 11:45:00+09:00,1584.0,1584.0,1584.0,1584.0,0,0.0,0.0
2024-09-11 12:05:00+09:00,1581.0,1581.0,1575.0,1580.0,74,0.0,0.0
2024-09-11 12:10:00+09:00,1580.0,1584.0,1580.0,1584.0,213,0.0,0.0
2024-09-11 12:30:00+09:00,1583.0,1583.0,1583.0,1583.0,50,0.0,0.0
2024-09-11 12:35:00+09:00,1583.0,1583.0,1583.0,1583.0,4,0.0,0.0
2024-09-11 12:40:00+09:00,1583.0,1584.0,1583.0,1584.0,395,0.0,0.0
2024-09-11 12:55:00+09:00,1580.0,1583.0,1580.0,1583.0,31,0.0,0.0
2024-09-11 13:00:00+09:00,1584.0,1584.0,1584.0,1584.0,0,0.0,0.0
2024-09-11 13:10:00+09:00,1578.0,1584.0,1578.0,1584.0,1435,0.0,0.0
2024-09-11 13:15:00+09:00,1575.0,1575.0,1575.0,1575.0,0,0.0,0.0
2024-09-11 13:25:00+09:00,1575.0,1575.0,1568.0,1568.0,205,0.0,0.0
2024-09-11 13:30:00+09:00,1583.0,1589.0,1583.0,1585.0,0,0.0,0.0
2024-09-11 13:35:00+09:00,1575.0,1575.0,1567.0,1567.0,750,0.0,0.0
2024-09-11 13:45:00+09:00,1583.0,1585.0,1583.0,1585.0,0,0.0,0.0
2024-09-11 13:50:00+09:00,1585.0,1585.0,1585.0,1585.0,1,0.0,0.0
2024-09-11 14:25:00+09:00,1579.0,1579.0,1579.0,1579.0,1,0.0,0.0
2024-09-11 14:35:00+09:00,1579.0,1581.0,1579.0,1581.0,149,0.0,0.0
2024-09-12 09:00:00+09:00,1582.0,1582.0,1582.0,1582.0,2,0.0,0.0
2024-09-12 09:15:00+09:00,1581.0,1582.0,1560.0,1580.0,1675,0.0,0.0
2024-09-12 09:20:00+09:00,1566.0,1582.0,1566.0,1582.0,282,0.0,0.0
2024-09-12 09:25:00+09:00,1580.0,1582.0,1580.0,1582.0,1690,0.0,0.0
2024-09-12 09:30:00+09:00,1583.0,1590.0,1580.0,1590.0,11,0.0,0.0
2024-09-12 09:35:00+09:00,1590.0,1600.0,1590.0,1600.0,963,0.0,0.0
2024-09-12 10:00:00+09:00,1600.0,1600.0,1581.0,1581.0,10,0.0,0.0
2024-09-12 10:05:00+09:00,1595.0,1595.0,1595.0,1595.0,0,0.0,0.0
2024-09-12 10:15:00+09:00,1595.0,1595.0,1594.0,1595.0,595,0.0,0.0
2024-09-12 10:35:00+09:00,1598.0,1598.0,1598.0,1598.0,0,0.0,0.0
2024-09-12 10:40:00+09:00,1598.0,1598.0,1598.0,1598.0,1,0.0,0.0
2024-09-12 10:55:00+09:00,1581.0,1581.0,1581.0,1581.0,61,0.0,0.0
2024-09-12 11:00:00+09:00,1598.0,1598.0,1598.0,1598.0,0,0.0,0.0
2024-09-12 11:20:00+09:00,1582.0,1597.0,1582.0,1596.0,1039,0.0,0.0
2024-09-12 11:25:00+09:00,1596.0,1596.0,1596.0,1596.0,0,0.0,0.0
2024-09-12 11:30:00+09:00,1596.0,1596.0,1596.0,1596.0,38,0.0,0.0
2024-09-12 11:35:00+09:00,1582.0,1582.0,1582.0,1582.0,58,0.0,0.0
2024-09-12 11:40:00+09:00,1596.0,1596.0,1596.0,1596.0,0,0.0,0.0
2024-09-12 11:55:00+09:00,1596.0,1596.0,1596.0,1596.0,5,0.0,0.0
2024-09-12 12:00:00+09:00,1596.0,1596.0,1595.0,1595.0,144,0.0,0.0
2024-09-12 12:20:00+09:00,1592.0,1592.0,1592.0,1592.0,2,0.0,0.0
2024-09-12 12:30:00+09:00,1583.0,1583.0,1580.0,1580.0,766,0.0,0.0
2024-09-12 12:35:00+09:00,1578.0,1578.0,1562.0,1577.0,1786,0.0,0.0
2024-09-12 12:45:00+09:00,1574.0,1575.0,1574.0,1575.0,101,0.0,0.0
2024-09-12 12:50:00+09:00,1575.0,1583.0,1575.0,1583.0,1079,0.0,0.0
2024-09-12 13:05:00+09:00,1583.0,1586.0,1583.0,1585.0,155,0.0,0.0
2024-09-12 13:10:00+09:00,1585.0,1589.0,1585.0,1589.0,0,0.0,0.0
2024-09-12 13:15:00+09:00,1589.0,1589.0,1580.0,1580.0,3,0.0,0.0
2024-09-12 13:30:00+09:00,1589.0,1594.0,1589.0,1594.0,37,0.0,0.0
2024-09-12 13:45:00+09:00,1591.0,1591.0,1591.0,1591.0,5,0.0,0.0
2024-09-12 14:00:00+09:00,1581.0,1581.0,1581.0,1581.0,17,0.0,0.0
2024-09-12 14:05:00+09:00,1581.0,1590.0,1580.0,1590.0,290,0.0,0.0
2024-09-12 14:15:00+09:00,1580.0,1580.0,1580.0,1580.0,0,0.0,0.0
2024-09-12 14:20:00+09:00,1590.0,1590.0,1580.0,1580.0,61,0.0,0.0
2024-09-12 14:25:00+09:00,1590.0,1590.0,1580.0,1580.0,7,0.0,0.0
2024-09-12 14:35:00+09:00,1590.0,1590.0,1580.0,1580.0,290,0.0,0.0
2024-09-12 14:45:00+09:00,1580.0,1591.0,1580.0,1591.0,9284,0.0,0.0
2024-09-12 14:50:00+09:00,1591.0,1591.0,1591.0,1591.0,767,0.0,0.0
2024-09-12 14:55:00+09:00,1591.0,1591.0,1591.0,1591.0,0,0.0,0.0
2024-09-13 09:00:00+09:00,1565.0,1589.0,1565.0,1589.0,1478,0.0,0.0
2024-09-13 09:10:00+09:00,1588.0,1588.0,1578.0,1586.0,131,0.0,0.0
2024-09-13 09:15:00+09:00,1587.0,1587.0,1578.0,1578.0,94,0.0,0.0
2024-09-13 09:20:00+09:00,1582.0,1582.0,1582.0,1582.0,0,0.0,0.0
2024-09-13 09:30:00+09:00,1575.0,1587.0,1575.0,1582.0,606,0.0,0.0
2024-09-13 09:35:00+09:00,1586.0,1589.0,1586.0,1589.0,86,0.0,0.0
2024-09-13 09:40:00+09:00,1589.0,1589.0,1589.0,1589.0,2,0.0,0.0
2024-09-13 09:50:00+09:00,1585.0,1585.0,1585.0,1585.0,19,0.0,0.0
2024-09-13 09:55:00+09:00,1589.0,1589.0,1589.0,1589.0,0,0.0,0.0
2024-09-13 10:00:00+09:00,1589.0,1589.0,1589.0,1589.0,102,0.0,0.0
2024-09-13 10:15:00+09:00,1583.0,1583.0,1583.0,1583.0,39,0.0,0.0
2024-09-13 10:20:00+09:00,1588.0,1588.0,1588.0,1588.0,109,0.0,0.0
2024-09-13 10:30:00+09:00,1588.0,1588.0,1588.0,1588.0,900,0.0,0.0
2024-09-13 10:35:00+09:00,1588.0,1588.0,1588.0,1588.0,681,0.0,0.0
2024-09-13 10:40:00+09:00,1588.0,1588.0,1588.0,1588.0,40,0.0,0.0
2024-09-13 10:45:00+09:00,1589.0,1599.0,1589.0,1599.0,1424,0.0,0.0
2024-09-13 10:55:00+09:00,1599.0,1599.0,1599.0,1599.0,197,0.0,0.0
2024-09-13 11:05:00+09:00,1599.0,1599.0,1599.0,1599.0,501,0.0,0.0
2024-09-13 11:10:00+09:00,1599.0,1599.0,1599.0,1599.0,0,0.0,0.0
2024-09-13 11:20:00+09:00,1589.0,1589.0,1589.0,1589.0,13,0.0,0.0
2024-09-13 11:25:00+09:00,1599.0,1602.0,1599.0,1602.0,10899,0.0,0.0
2024-09-13 11:30:00+09:00,1602.0,1602.0,1602.0,1602.0,0,0.0,0.0
2024-09-13 11:35:00+09:00,1592.0,1592.0,1592.0,1592.0,0,0.0,0.0
2024-09-13 11:45:00+09:00,1601.0,1601.0,1600.0,1600.0,12,0.0,0.0
2024-09-13 11:50:00+09:00,1601.0,1601.0,1601.0,1601.0,1,0.0,0.0
2024-09-13 12:15:00+09:00,1601.0,1601.0,1601.0,1601.0,2002,0.0,0.0
2024-09-13 12:20:00+09:00,1601.0,1601.0,1601.0,1601.0,235,0.0,0.0
2024-09-13 12:25:00+09:00,1601.0,1601.0,1601.0,1601.0,13,0.0,0.0
2024-09-13 12:30:00+09:00,1601.0,1601.0,1601.0,1601.0,200,0.0,0.0
2024-09-13 12:50:00+09:00,1601.0,1603.0,1601.0,1603.0,8980,0.0,0.0
2024-09-13 13:00:00+09:00,1603.0,1603.0,1603.0,1603.0,0,0.0,0.0
2024-09-13 13:20:00+09:00,1601.0,1601.0,1601.0,1601.0,0,0.0,0.0
2024-09-13 13:30:00+09:00,1603.0,1603.0,1603.0,1603.0,0,0.0,0.0
2024-09-13 13:35:00+09:00,1601.0,1603.0,1601.0,1603.0,15,0.0,0.0
2024-09-13 13:40:00+09:00,1601.0,1601.0,1601.0,1601.0,4,0.0,0.0
2024-09-13 13:45:00+09:00,1601.0,1601.0,1601.0,1601.0,146,0.0,0.0
2024-09-13 14:05:00+09:00,1601.0,1601.0,1601.0,1601.0,0,0.0,0.0
2024-09-13 14:10:00+09:00,1597.0,1603.0,1590.0,1603.0,3889,0.0,0.0
2024-09-13 14:15:00+09:00,1603.0,1605.0,1603.0,1605.0,842,0.0,0.0
2024-09-13 14:20:00+09:00,1605.0,1610.0,1605.0,1610.0,112,0.0,0.0
2024-09-13 14:25:00+09:00,1610.0,1610.0,1603.0,1603.0,1003,0.0,0.0
2024-09-13 14:30:00+09:00,1603.0,1603.0,1603.0,1603.0,0,0.0,0.0
2024-09-13 14:35:00+09:00,1603.0,1610.0,1603.0,1610.0,512,0.0,0.0
2024-09-13 14:40:00+09:00,1610.0,1610.0,1610.0,1610.0,0,0.0,0.0
2024-09-19 09:00:00+09:00,1598.0,1624.0,1598.0,1624.0,0,0.0,0.0
2024-09-19 09:05:00+09:00,1620.0,1623.0,1613.0,1621.0,537,0.0,0.0
2024-09-19 09:10:00+09:00,1617.0,1618.0,1617.0,1618.0,619,0.0,0.0
2024-09-19 09:15:00+09:00,1618.0,1618.0,1618.0,1618.0,50,0.0,0.0
2024-09-19 09:30:00+09:00,1610.0,1610.0,1608.0,1608.0,661,0.0,0.0
2024-09-19 09:35:00+09:00,1608.0,1608.0,1588.0,1605.0,886,0.0,0.0
2024-09-19 09:40:00+09:00,1592.0,1615.0,1588.0,1615.0,892,0.0,0.0
2024-09-19 09:45:00+09:00,1614.0,1614.0,1611.0,1612.0,4,0.0,0.0
2024-09-19 09:55:00+09:00,1599.0,1599.0,1598.0,1598.0,544,0.0,0.0
2024-09-19 10:00:00+09:00,1612.0,1612.0,1612.0,1612.0,0,0.0,0.0
2024-09-19 10:05:00+09:00,1612.0,1612.0,1612.0,1612.0,2,0.0,0.0
2024-09-19 10:10:00+09:00,1612.0,1612.0,1589.0,1611.0,215,0.0,0.0
2024-09-19 10:15:00+09:00,1609.0,1609.0,1588.0,1603.0,480,0.0,0.0
2024-09-19 10:25:00+09:00,1600.0,1607.0,1600.0,1607.0,150,0.0,0.0
2024-09-19 10:30:00+09:00,1607.0,1607.0,1607.0,1607.0,90,0.0,0.0
2024-09-19 10:55:00+09:00,1607.0,1607.0,1607.0,1607.0,221,0.0,0.0
2024-09-19 11:10:00+09:00,1606.0,1606.0,1606.0,1606.0,3,0.0,0.0
2024-09-19 11:20:00+09:00,1606.0,1606.0,1606.0,1606.0,70,0.0,0.0
2024-09-19 11:35:00+09:00,1605.0,1607.0,1605.0,1607.0,70,0.0,0.0
2024-09-19 11:40:00+09:00,1606.0,1607.0,1606.0,1607.0,622,0.0,0.0
2024-09-19 11:45:00+09:00,1600.0,1600.0,1596.0,1596.0,1064,0.0,0.0
2024-09-19 11:50:00+09:00,1600.0,1600.0,1600.0,1600.0,0,0.0,0.0
2024-09-19 11:55:00+09:00,1600.0,1600.0,1600.0,1600.0,677,0.0,0.0
2024-09-19 12:05:00+09:00,1606.0,1606.0,1606.0,1606.0,0,0.0,0.0
2024-09-19 12:15:00+09:00,1606.0,1606.0,1606.0,1606.0,1,0.0,0.0
2024-09-19 12:20:00+09:00,1606.0,1607.0,1606.0,1607.0,62,0.0,0.0
2024-09-19 12:35:00+09:00,1606.0,1607.0,1606.0,1607.0,651,0.0,0.0
2024-09-19 12:50:00+09:00,1596.0,1596.0,1596.0,1596.0,1,0.0,0.0
2024-09-19 12:55:00+09:00,1607.0,1607.0,1607.0,1607.0,1,0.0,0.0
2024-09-19 13:00:00+09:00,1607.0,1607.0,1607.0,1607.0,199,0.0,0.0
2024-09-19 13:15:00+09:00,1607.0,1607.0,1607.0,1607.0,464,0.0,0.0
2024-09-19 13:45:00+09:00,1608.0,1608.0,1608.0,1608.0,0,0.0,0.0
2024-09-19 13:50:00+09:00,1607.0,1608.0,1607.0,1608.0,12,0.0,0.0
2024-09-19 13:55:00+09:00,1608.0,1608.0,1608.0,1608.0,11,0.0,0.0
2024-09-19 14:00:00+09:00,1608.0,1608.0,1608.0,1608.0,51,0.0,0.0
2024-09-19 14:10:00+09:00,1608.0,1608.0,1608.0,1608.0,57,0.0,0.0
2024-09-19 14:20:00+09:00,1608.0,1608.0,1608.0,1608.0,739,0.0,0.0
2024-09-19 14:35:00+09:00,1605.0,1605.0,1604.0,1604.0,166,0.0,0.0
2024-09-19 14:40:00+09:00,1605.0,1605.0,1605.0,1605.0,1306,0.0,0.0
2024-09-20 09:00:00+09:00,1591.0,1620.0,1591.0,1620.0,2124,0.0,0.0
2024-09-20 09:05:00+09:00,1621.0,1629.0,1621.0,1629.0,575,0.0,0.0
2024-09-20 09:10:00+09:00,1621.0,1628.0,1615.0,1626.0,40,0.0,0.0
2024-09-20 09:15:00+09:00,1614.0,1629.0,1605.0,1608.0,21,0.0,0.0
2024-09-20 09:20:00+09:00,1622.0,1632.0,1607.0,1630.0,251,0.0,0.0
2024-09-20 09:25:00+09:00,1620.0,1629.0,1617.0,1629.0,197,0.0,0.0
2024-09-20 09:30:00+09:00,1627.0,1630.0,1605.0,1605.0,967,0.0,0.0
2024-09-20 09:35:00+09:00,1620.0,1633.0,1620.0,1628.0,146,0.0,0.0
2024-09-20 09:40:00+09:00,1632.0,1632.0,1632.0,1632.0,3,0.0,0.0
2024-09-20 09:45:00+09:00,1629.0,1630.0,1629.0,1629.0,1305,0.0,0.0
2024-09-20 09:50:00+09:00,1629.0,1630.0,1619.0,1629.0,219,0.0,0.0
2024-09-20 09:55:00+09:00,1617.0,1630.0,1534.0,1610.0,11847,0.0,0.0
2024-09-20 10:00:00+09:00,1626.0,1626.0,1591.0,1614.0,803,0.0,0.0
2024-09-20 10:05:00+09:00,1612.0,1612.0,1601.0,1610.0,416,0.0,0.0
2024-09-20 10:10:00+09:00,1606.0,1607.0,1605.0,1605.0,210,0.0,0.0
2024-09-20 10:15:00+09:00,1605.0,1610.0,1605.0,1610.0,684,0.0,0.0
2024-09-20 10:20:00+09:00,1609.0,1609.0,1609.0,1609.0,2,0.0,0.0
2024-09-20 10:25:00+09:00,1609.0,1609.0,1609.0,1609.0,100,0.0,0.0
2024-09-20 10:30:00+09:00,1609.0,1609.0,1609.0,1609.0,0,0.0,0.0
2024-09-20 10:35:00+09:00,1609.0,1609.0,1609.0,1609.0,2,0.0,0.0
2024-09-20 10:40:00+09:00,1609.0,1609.0,1602.0,1602.0,224,0.0,0.0
2024-09-20 10:45:00+09:00,1602.0,1608.0,1602.0,1602.0,51,0.0,0.0
2024-09-20 10:50:00+09:00,1608.0,1608.0,1600.0,1600.0,221,0.0,0.0
2024-09-20 10:55:00+09:00,1599.0,1599.0,1598.0,1598.0,79,0.0,0.0
2024-09-20 11:00:00+09:00,1599.0,1600.0,1597.0,1597.0,288,0.0,0.0
2024-09-20 11:05:00+09:00,1599.0,1600.0,1597.0,1600.0,320,0.0,0.0
2024-09-20 11:10:00+09:00,1597.0,1600.0,1596.0,1600.0,333,0.0,0.0
2024-09-20 11:15:00+09:00,1599.0,1599.0,1599.0,1599.0,0,0.0,0.0
2024-09-20 11:20:00+09:00,1597.0,1597.0,1597.0,1597.0,85,0.0,0.0
2024-09-20 11:25:00+09:00,1597.0,1607.0,1593.0,1607.0,965,0.0,0.0
2024-09-20 11:40:00+09:00,1594.0,1602.0,1593.0,1594.0,1545,0.0,0.0
2024-09-20 11:45:00+09:00,1594.0,1594.0,1590.0,1593.0,1547,0.0,0.0
2024-09-20 11:50:00+09:00,1590.0,1593.0,1590.0,1593.0,14,0.0,0.0
2024-09-20 11:55:00+09:00,1587.0,1587.0,1585.0,1585.0,78,0.0,0.0
2024-09-20 12:00:00+09:00,1587.0,1587.0,1587.0,1587.0,0,0.0,0.0
2024-09-20 12:05:00+09:00,1587.0,1594.0,1587.0,1594.0,10068,0.0,0.0
2024-09-20 12:10:00+09:00,1594.0,1594.0,1594.0,1594.0,49,0.0,0.0
2024-09-20 12:30:00+09:00,1591.0,1591.0,1588.0,1588.0,529,0.0,0.0
2024-09-20 12:35:00+09:00,1588.0,1591.0,1588.0,1591.0,121,0.0,0.0
2024-09-20 12:40:00+09:00,1588.0,1591.0,1587.0,1591.0,112,0.0,0.0
2024-09-20 12:45:00+09:00,1591.0,1591.0,1591.0,1591.0,10,0.0,0.0
2024-09-20 12:50:00+09:00,1591.0,1591.0,1590.0,1591.0,5,0.0,0.0
2024-09-20 12:55:00+09:00,1591.0,1591.0,1591.0,1591.0,559,0.0,0.0
2024-09-20 13:00:00+09:00,1589.0,1591.0,1589.0,1591.0,197,0.0,0.0
2024-09-20 13:05:00+09:00,1591.0,1591.0,1591.0,1591.0,580,0.0,0.0
2024-09-20 13:15:00+09:00,1590.0,1608.0,1590.0,1608.0,11771,0.0,0.0
2024-09-20 13:25:00+09:00,1607.0,1608.0,1597.0,1607.0,157,0.0,0.0
2024-09-20 13:35:00+09:00,1606.0,1606.0,1597.0,1606.0,13,0.0,0.0
2024-09-20 13:50:00+09:00,1605.0,1605.0,1605.0,1605.0,1,0.0,0.0
2024-09-20 14:00:00+09:00,1604.0,1605.0,1604.0,1605.0,3,0.0,0.0
2024-09-20 14:05:00+09:00,1604.0,1604.0,1600.0,1603.0,1122,0.0,0.0
2024-09-20 14:15:00+09:00,1601.0,1601.0,1599.0,1599.0,185,0.0,0.0
2024-09-20 14:20:00+09:00,1603.0,1603.0,1602.0,1603.0,2793,0.0,0.0
2024-09-20 14:40:00+09:00,1603.0,1603.0,1603.0,1603.0,0,0.0,0.0
2024-09-20 14:45:00+09:00,1603.0,1603.0,1603.0,1603.0,23,0.0,0.0
2024-09-20 14:50:00+09:00,1600.0,1600.0,1599.0,1600.0,878,0.0,0.0
2024-09-20 14:55:00+09:00,1600.0,1600.0,1600.0,1600.0,199,0.0,0.0
