Datetime,Open,High,Low,Close,Volume,Dividends,Stock Splits
2024-07-29 09:00:00+09:00,2020.0,2026.0,2011.0,2016.0,0,0.0,0.0
2024-07-29 09:01:00+09:00,2017.0,2017.0,2009.0,2011.0,500,0.0,0.0
2024-07-29 09:02:00+09:00,2010.0,2014.0,2010.0,2014.0,1100,0.0,0.0
2024-07-29 09:03:00+09:00,2014.0,2014.0,2014.0,2014.0,600,0.0,0.0
2024-07-29 09:04:00+09:00,2014.0,2018.0,2014.0,2018.0,300,0.0,0.0
2024-07-29 09:05:00+09:00,2020.0,2026.0,2018.0,2026.0,1300,0.0,0.0
2024-07-29 09:06:00+09:00,2026.0,2028.0,2026.0,2027.0,800,0.0,0.0
2024-07-29 09:07:00+09:00,2030.0,2032.0,2029.0,2032.0,1600,0.0,0.0
2024-07-29 09:08:00+09:00,2032.0,2032.0,2032.0,2032.0,500,0.0,0.0
2024-07-29 09:09:00+09:00,2031.0,2031.0,2030.0,2031.0,800,0.0,0.0
2024-07-29 09:11:00+09:00,2034.0,2035.0,2034.0,2035.0,700,0.0,0.0
2024-07-29 09:12:00+09:00,2036.0,2036.0,2031.0,2031.0,700,0.0,0.0
2024-07-29 09:13:00+09:00,2029.0,2030.0,2028.0,2030.0,600,0.0,0.0
2024-07-29 09:14:00+09:00,2031.0,2040.0,2031.0,2040.0,1900,0.0,0.0
2024-07-29 09:15:00+09:00,2040.0,2042.0,2040.0,2042.0,600,0.0,0.0
2024-07-29 09:16:00+09:00,2041.0,2041.0,2040.0,2040.0,1700,0.0,0.0
2024-07-29 09:17:00+09:00,2039.0,2040.0,2036.0,2040.0,1200,0.0,0.0
2024-07-29 09:18:00+09:00,2040.0,2040.0,2040.0,2040.0,400,0.0,0.0
2024-07-29 09:20:00+09:00,2041.0,2045.0,2041.0,2045.0,800,0.0,0.0
2024-07-29 09:21:00+09:00,2046.0,2047.0,2045.0,2045.0,500,0.0,0.0
2024-07-29 09:22:00+09:00,2048.0,2053.0,2047.0,2047.0,2700,0.0,0.0
2024-07-29 09:23:00+09:00,2052.0,2052.0,2052.0,2052.0,100,0.0,0.0
2024-07-29 09:24:00+09:00,2047.0,2050.0,2047.0,2047.0,600,0.0,0.0
2024-07-29 09:26:00+09:00,2045.0,2045.0,2045.0,2045.0,500,0.0,0.0
2024-07-29 09:27:00+09:00,2047.0,2049.0,2046.0,2046.0,900,0.0,0.0
2024-07-29 09:28:00+09:00,2048.0,2049.0,2048.0,2049.0,800,0.0,0.0
2024-07-29 09:29:00+09:00,2052.0,2054.0,2052.0,2052.0,900,0.0,0.0
2024-07-29 09:30:00+09:00,2055.0,2055.0,2054.0,2054.0,700,0.0,0.0
2024-07-29 09:32:00+09:00,2055.0,2055.0,2051.0,2055.0,1500,0.0,0.0
2024-07-29 09:33:00+09:00,2053.0,2055.0,2053.0,2055.0,600,0.0,0.0
2024-07-29 09:34:00+09:00,2053.0,2053.0,2053.0,2053.0,600,0.0,0.0
2024-07-29 09:35:00+09:00,2054.0,2054.0,2053.0,2053.0,300,0.0,0.0
2024-07-29 09:36:00+09:00,2054.0,2054.0,2053.0,2053.0,200,0.0,0.0
2024-07-29 09:37:00+09:00,2055.0,2056.0,2055.0,2056.0,500,0.0,0.0
2024-07-29 09:38:00+09:00,2057.0,2061.0,2055.0,2061.0,5200,0.0,0.0
2024-07-29 09:39:00+09:00,2062.0,2063.0,2062.0,2063.0,500,0.0,0.0
2024-07-29 09:40:00+09:00,2064.0,2064.0,2064.0,2064.0,300,0.0,0.0
2024-07-29 09:41:00+09:00,2066.0,2066.0,2066.0,2066.0,600,0.0,0.0
2024-07-29 09:42:00+09:00,2068.0,2068.0,2067.0,2068.0,400,0.0,0.0
2024-07-29 09:43:00+09:00,2069.0,2069.0,2068.0,2069.0,300,0.0,0.0
2024-07-29 09:44:00+09:00,2068.0,2074.0,2068.0,2073.0,2400,0.0,0.0
2024-07-29 09:45:00+09:00,2075.0,2077.0,2075.0,2077.0,500,0.0,0.0
2024-07-29 09:46:00+09:00,2077.0,2079.0,2077.0,2079.0,200,0.0,0.0
2024-07-29 09:47:00+09:00,2079.0,2080.0,2079.0,2080.0,300,0.0,0.0
2024-07-29 09:48:00+09:00,2080.0,2080.0,2077.0,2077.0,200,0.0,0.0
2024-07-29 09:49:00+09:00,2080.0,2080.0,2080.0,2080.0,300,0.0,0.0
2024-07-29 09:50:00+09:00,2080.0,2081.0,2077.0,2080.0,2700,0.0,0.0
2024-07-29 09:52:00+09:00,2081.0,2082.0,2081.0,2082.0,700,0.0,0.0
2024-07-29 09:53:00+09:00,2083.0,2083.0,2083.0,2083.0,100,0.0,0.0
2024-07-29 09:54:00+09:00,2083.0,2083.0,2083.0,2083.0,200,0.0,0.0
2024-07-29 09:55:00+09:00,2084.0,2084.0,2076.0,2076.0,1700,0.0,0.0
2024-07-29 09:56:00+09:00,2076.0,2076.0,2076.0,2076.0,500,0.0,0.0
2024-07-29 09:57:00+09:00,2074.0,2074.0,2073.0,2074.0,300,0.0,0.0
2024-07-29 09:58:00+09:00,2075.0,2075.0,2075.0,2075.0,300,0.0,0.0
2024-07-29 09:59:00+09:00,2074.0,2074.0,2071.0,2071.0,900,0.0,0.0
2024-07-29 10:01:00+09:00,2072.0,2073.0,2071.0,2073.0,900,0.0,0.0
2024-07-29 10:03:00+09:00,2072.0,2075.0,2072.0,2075.0,1300,0.0,0.0
2024-07-29 10:04:00+09:00,2073.0,2073.0,2072.0,2073.0,900,0.0,0.0
2024-07-29 10:05:00+09:00,2074.0,2074.0,2074.0,2074.0,500,0.0,0.0
2024-07-29 10:06:00+09:00,2075.0,2076.0,2075.0,2076.0,700,0.0,0.0
2024-07-29 10:07:00+09:00,2078.0,2078.0,2078.0,2078.0,100,0.0,0.0
2024-07-29 10:09:00+09:00,2076.0,2076.0,2075.0,2076.0,1300,0.0,0.0
2024-07-29 10:10:00+09:00,2076.0,2076.0,2076.0,2076.0,100,0.0,0.0
2024-07-29 10:11:00+09:00,2078.0,2080.0,2078.0,2079.0,1600,0.0,0.0
2024-07-29 10:12:00+09:00,2078.0,2078.0,2077.0,2077.0,400,0.0,0.0
2024-07-29 10:13:00+09:00,2077.0,2077.0,2076.0,2076.0,600,0.0,0.0
2024-07-29 10:14:00+09:00,2073.0,2073.0,2070.0,2070.0,500,0.0,0.0
2024-07-29 10:15:00+09:00,2072.0,2073.0,2070.0,2070.0,1400,0.0,0.0
2024-07-29 10:16:00+09:00,2069.0,2069.0,2069.0,2069.0,600,0.0,0.0
2024-07-29 10:17:00+09:00,2068.0,2068.0,2067.0,2067.0,600,0.0,0.0
2024-07-29 10:18:00+09:00,2069.0,2072.0,2069.0,2071.0,2400,0.0,0.0
2024-07-29 10:19:00+09:00,2069.0,2069.0,2069.0,2069.0,100,0.0,0.0
2024-07-29 10:20:00+09:00,2072.0,2073.0,2072.0,2073.0,1500,0.0,0.0
2024-07-29 10:21:00+09:00,2072.0,2072.0,2070.0,2070.0,1100,0.0,0.0
2024-07-29 10:23:00+09:00,2070.0,2072.0,2067.0,2067.0,700,0.0,0.0
2024-07-29 10:24:00+09:00,2069.0,2069.0,2069.0,2069.0,200,0.0,0.0
2024-07-29 10:25:00+09:00,2067.0,2067.0,2067.0,2067.0,100,0.0,0.0
2024-07-29 10:26:00+09:00,2067.0,2067.0,2063.0,2063.0,800,0.0,0.0
2024-07-29 10:27:00+09:00,2066.0,2067.0,2066.0,2067.0,600,0.0,0.0
2024-07-29 10:29:00+09:00,2067.0,2067.0,2067.0,2067.0,100,0.0,0.0
2024-07-29 10:31:00+09:00,2065.0,2065.0,2064.0,2064.0,1200,0.0,0.0
2024-07-29 10:34:00+09:00,2064.0,2065.0,2062.0,2064.0,1800,0.0,0.0
2024-07-29 10:36:00+09:00,2065.0,2065.0,2064.0,2065.0,700,0.0,0.0
2024-07-29 10:38:00+09:00,2062.0,2063.0,2062.0,2063.0,1000,0.0,0.0
2024-07-29 10:39:00+09:00,2062.0,2062.0,2062.0,2062.0,100,0.0,0.0
2024-07-29 10:41:00+09:00,2062.0,2062.0,2062.0,2062.0,300,0.0,0.0
2024-07-29 10:42:00+09:00,2064.0,2066.0,2064.0,2066.0,900,0.0,0.0
2024-07-29 10:45:00+09:00,2066.0,2066.0,2066.0,2066.0,100,0.0,0.0
2024-07-29 10:46:00+09:00,2066.0,2066.0,2065.0,2065.0,1700,0.0,0.0
2024-07-29 10:48:00+09:00,2066.0,2066.0,2062.0,2062.0,800,0.0,0.0
2024-07-29 10:49:00+09:00,2061.0,2062.0,2061.0,2062.0,500,0.0,0.0
2024-07-29 10:50:00+09:00,2064.0,2064.0,2064.0,2064.0,600,0.0,0.0
2024-07-29 10:52:00+09:00,2067.0,2067.0,2066.0,2066.0,700,0.0,0.0
2024-07-29 10:53:00+09:00,2068.0,2068.0,2068.0,2068.0,100,0.0,0.0
2024-07-29 10:55:00+09:00,2067.0,2067.0,2066.0,2066.0,1400,0.0,0.0
2024-07-29 10:56:00+09:00,2066.0,2066.0,2065.0,2065.0,400,0.0,0.0
2024-07-29 10:57:00+09:00,2065.0,2067.0,2065.0,2067.0,700,0.0,0.0
2024-07-29 11:01:00+09:00,2068.0,2071.0,2068.0,2071.0,1100,0.0,0.0
2024-07-29 11:02:00+09:00,2069.0,2069.0,2067.0,2067.0,1200,0.0,0.0
2024-07-29 11:06:00+09:00,2069.0,2070.0,2069.0,2070.0,800,0.0,0.0
2024-07-29 11:07:00+09:00,2070.0,2070.0,2070.0,2070.0,400,0.0,0.0
2024-07-29 11:09:00+09:00,2069.0,2069.0,2068.0,2068.0,1800,0.0,0.0
2024-07-29 11:15:00+09:00,2071.0,2072.0,2071.0,2071.0,1400,0.0,0.0
2024-07-29 11:16:00+09:00,2072.0,2073.0,2072.0,2073.0,200,0.0,0.0
2024-07-29 11:19:00+09:00,2071.0,2072.0,2070.0,2072.0,2000,0.0,0.0
2024-07-29 11:20:00+09:00,2072.0,2072.0,2072.0,2072.0,400,0.0,0.0
2024-07-29 11:22:00+09:00,2071.0,2071.0,2071.0,2071.0,1100,0.0,0.0
2024-07-29 11:23:00+09:00,2071.0,2071.0,2070.0,2070.0,400,0.0,0.0
2024-07-29 11:25:00+09:00,2069.0,2069.0,2068.0,2068.0,500,0.0,0.0
2024-07-29 11:27:00+09:00,2067.0,2067.0,2067.0,2067.0,700,0.0,0.0
2024-07-29 11:28:00+09:00,2066.0,2066.0,2066.0,2066.0,100,0.0,0.0
2024-07-29 11:29:00+09:00,2064.0,2064.0,2064.0,2064.0,200,0.0,0.0
2024-07-29 11:30:00+09:00,2065.0,2067.0,2065.0,2067.0,1400,0.0,0.0
2024-07-29 11:35:00+09:00,2067.0,2067.0,2067.0,2067.0,0,0.0,0.0
2024-07-29 12:30:00+09:00,2066.0,2071.0,2065.0,2067.0,105700,0.0,0.0
2024-07-29 12:31:00+09:00,2068.0,2070.0,2068.0,2068.0,1200,0.0,0.0
2024-07-29 12:32:00+09:00,2070.0,2070.0,2070.0,2070.0,100,0.0,0.0
2024-07-29 12:33:00+09:00,2070.0,2072.0,2070.0,2072.0,1600,0.0,0.0
2024-07-29 12:34:00+09:00,2070.0,2071.0,2069.0,2069.0,3800,0.0,0.0
2024-07-29 12:38:00+09:00,2070.0,2070.0,2070.0,2070.0,600,0.0,0.0
2024-07-29 12:39:00+09:00,2071.0,2071.0,2068.0,2069.0,4400,0.0,0.0
2024-07-29 12:40:00+09:00,2070.0,2072.0,2070.0,2072.0,1100,0.0,0.0
2024-07-29 12:41:00+09:00,2073.0,2074.0,2073.0,2074.0,1300,0.0,0.0
2024-07-29 12:42:00+09:00,2073.0,2073.0,2073.0,2073.0,300,0.0,0.0
2024-07-29 12:43:00+09:00,2073.0,2073.0,2072.0,2072.0,1200,0.0,0.0
2024-07-29 12:44:00+09:00,2072.0,2074.0,2072.0,2074.0,200,0.0,0.0
2024-07-29 12:45:00+09:00,2072.0,2072.0,2072.0,2072.0,100,0.0,0.0
2024-07-29 12:47:00+09:00,2071.0,2071.0,2071.0,2071.0,1000,0.0,0.0
2024-07-29 12:48:00+09:00,2071.0,2071.0,2071.0,2071.0,400,0.0,0.0
2024-07-29 12:51:00+09:00,2070.0,2073.0,2069.0,2072.0,2500,0.0,0.0
2024-07-29 12:52:00+09:00,2073.0,2077.0,2073.0,2077.0,900,0.0,0.0
2024-07-29 12:53:00+09:00,2078.0,2079.0,2078.0,2079.0,500,0.0,0.0
2024-07-29 12:56:00+09:00,2080.0,2080.0,2080.0,2080.0,100,0.0,0.0
2024-07-29 12:58:00+09:00,2081.0,2081.0,2081.0,2081.0,100,0.0,0.0
2024-07-29 12:59:00+09:00,2079.0,2080.0,2076.0,2076.0,1700,0.0,0.0
2024-07-29 13:00:00+09:00,2078.0,2078.0,2078.0,2078.0,600,0.0,0.0
2024-07-29 13:01:00+09:00,2079.0,2079.0,2076.0,2076.0,1000,0.0,0.0
2024-07-29 13:04:00+09:00,2079.0,2079.0,2079.0,2079.0,100,0.0,0.0
2024-07-29 13:06:00+09:00,2079.0,2079.0,2079.0,2079.0,100,0.0,0.0
2024-07-29 13:07:00+09:00,2077.0,2077.0,2076.0,2076.0,1300,0.0,0.0
2024-07-29 13:09:00+09:00,2074.0,2074.0,2074.0,2074.0,200,0.0,0.0
2024-07-29 13:11:00+09:00,2075.0,2075.0,2074.0,2074.0,700,0.0,0.0
2024-07-29 13:12:00+09:00,2074.0,2076.0,2074.0,2076.0,3200,0.0,0.0
2024-07-29 13:14:00+09:00,2076.0,2076.0,2076.0,2076.0,600,0.0,0.0
2024-07-29 13:15:00+09:00,2077.0,2078.0,2077.0,2078.0,700,0.0,0.0
2024-07-29 13:16:00+09:00,2079.0,2079.0,2079.0,2079.0,200,0.0,0.0
2024-07-29 13:17:00+09:00,2078.0,2079.0,2078.0,2079.0,400,0.0,0.0
2024-07-29 13:18:00+09:00,2078.0,2079.0,2078.0,2079.0,900,0.0,0.0
2024-07-29 13:20:00+09:00,2080.0,2084.0,2080.0,2084.0,7900,0.0,0.0
2024-07-29 13:21:00+09:00,2084.0,2084.0,2084.0,2084.0,100,0.0,0.0
2024-07-29 13:22:00+09:00,2085.0,2086.0,2084.0,2084.0,800,0.0,0.0
2024-07-29 13:24:00+09:00,2085.0,2085.0,2085.0,2085.0,100,0.0,0.0
2024-07-29 13:25:00+09:00,2085.0,2088.0,2085.0,2088.0,1100,0.0,0.0
2024-07-29 13:26:00+09:00,2089.0,2089.0,2088.0,2088.0,200,0.0,0.0
2024-07-29 13:27:00+09:00,2089.0,2090.0,2089.0,2090.0,600,0.0,0.0
2024-07-29 13:28:00+09:00,2091.0,2091.0,2090.0,2090.0,300,0.0,0.0
2024-07-29 13:29:00+09:00,2091.0,2091.0,2091.0,2091.0,100,0.0,0.0
2024-07-29 13:30:00+09:00,2091.0,2094.0,2091.0,2092.0,1200,0.0,0.0
2024-07-29 13:31:00+09:00,2092.0,2092.0,2092.0,2092.0,300,0.0,0.0
2024-07-29 13:32:00+09:00,2092.0,2092.0,2092.0,2092.0,300,0.0,0.0
2024-07-29 13:34:00+09:00,2093.0,2093.0,2093.0,2093.0,100,0.0,0.0
2024-07-29 13:35:00+09:00,2094.0,2094.0,2094.0,2094.0,100,0.0,0.0
2024-07-29 13:36:00+09:00,2093.0,2093.0,2087.0,2087.0,2300,0.0,0.0
2024-07-29 13:39:00+09:00,2088.0,2088.0,2088.0,2088.0,700,0.0,0.0
2024-07-29 13:42:00+09:00,2090.0,2090.0,2088.0,2088.0,300,0.0,0.0
2024-07-29 13:43:00+09:00,2088.0,2088.0,2086.0,2086.0,1100,0.0,0.0
2024-07-29 13:44:00+09:00,2086.0,2086.0,2086.0,2086.0,100,0.0,0.0
2024-07-29 13:46:00+09:00,2087.0,2087.0,2087.0,2087.0,500,0.0,0.0
2024-07-29 13:47:00+09:00,2088.0,2088.0,2086.0,2087.0,2000,0.0,0.0
2024-07-29 13:48:00+09:00,2087.0,2087.0,2087.0,2087.0,300,0.0,0.0
2024-07-29 13:49:00+09:00,2087.0,2087.0,2087.0,2087.0,100,0.0,0.0
2024-07-29 13:50:00+09:00,2086.0,2086.0,2086.0,2086.0,600,0.0,0.0
2024-07-29 13:53:00+09:00,2086.0,2086.0,2085.0,2085.0,500,0.0,0.0
2024-07-29 13:55:00+09:00,2085.0,2085.0,2085.0,2085.0,1000,0.0,0.0
2024-07-29 13:58:00+09:00,2085.0,2085.0,2085.0,2085.0,600,0.0,0.0
2024-07-29 14:01:00+09:00,2085.0,2085.0,2084.0,2084.0,1400,0.0,0.0
2024-07-29 14:02:00+09:00,2084.0,2085.0,2084.0,2085.0,1500,0.0,0.0
2024-07-29 14:09:00+09:00,2086.0,2086.0,2086.0,2086.0,100,0.0,0.0
2024-07-29 14:11:00+09:00,2086.0,2086.0,2085.0,2085.0,200,0.0,0.0
2024-07-29 14:12:00+09:00,2086.0,2089.0,2086.0,2087.0,4200,0.0,0.0
2024-07-29 14:14:00+09:00,2087.0,2087.0,2087.0,2087.0,800,0.0,0.0
2024-07-29 14:15:00+09:00,2087.0,2087.0,2086.0,2086.0,1000,0.0,0.0
2024-07-29 14:16:00+09:00,2087.0,2087.0,2087.0,2087.0,800,0.0,0.0
2024-07-29 14:18:00+09:00,2087.0,2087.0,2087.0,2087.0,200,0.0,0.0
2024-07-29 14:22:00+09:00,2087.0,2089.0,2087.0,2089.0,200,0.0,0.0
2024-07-29 14:23:00+09:00,2089.0,2089.0,2086.0,2086.0,2300,0.0,0.0
2024-07-29 14:24:00+09:00,2086.0,2086.0,2084.0,2084.0,800,0.0,0.0
2024-07-29 14:27:00+09:00,2084.0,2084.0,2084.0,2084.0,100,0.0,0.0
2024-07-29 14:28:00+09:00,2084.0,2093.0,2084.0,2091.0,8700,0.0,0.0
2024-07-29 14:29:00+09:00,2091.0,2091.0,2091.0,2091.0,200,0.0,0.0
2024-07-29 14:30:00+09:00,2092.0,2092.0,2088.0,2089.0,2200,0.0,0.0
2024-07-29 14:32:00+09:00,2089.0,2089.0,2088.0,2088.0,500,0.0,0.0
2024-07-29 14:35:00+09:00,2089.0,2090.0,2089.0,2090.0,700,0.0,0.0
2024-07-29 14:37:00+09:00,2091.0,2093.0,2091.0,2093.0,700,0.0,0.0
2024-07-29 14:39:00+09:00,2094.0,2094.0,2089.0,2089.0,3100,0.0,0.0
2024-07-29 14:40:00+09:00,2090.0,2090.0,2088.0,2088.0,700,0.0,0.0
2024-07-29 14:41:00+09:00,2088.0,2088.0,2086.0,2086.0,1100,0.0,0.0
2024-07-29 14:42:00+09:00,2087.0,2087.0,2087.0,2087.0,200,0.0,0.0
2024-07-29 14:43:00+09:00,2088.0,2088.0,2088.0,2088.0,1100,0.0,0.0
2024-07-29 14:45:00+09:00,2087.0,2087.0,2087.0,2087.0,100,0.0,0.0
2024-07-29 14:46:00+09:00,2088.0,2088.0,2087.0,2087.0,300,0.0,0.0
2024-07-29 14:47:00+09:00,2087.0,2087.0,2087.0,2087.0,2400,0.0,0.0
2024-07-29 14:48:00+09:00,2087.0,2088.0,2087.0,2088.0,200,0.0,0.0
2024-07-29 14:49:00+09:00,2087.0,2087.0,2087.0,2087.0,100,0.0,0.0
2024-07-29 14:50:00+09:00,2088.0,2088.0,2088.0,2088.0,100,0.0,0.0
2024-07-29 14:51:00+09:00,2088.0,2088.0,2087.0,2087.0,500,0.0,0.0
2024-07-29 14:52:00+09:00,2088.0,2088.0,2088.0,2088.0,200,0.0,0.0
2024-07-29 14:53:00+09:00,2087.0,2088.0,2087.0,2088.0,300,0.0,0.0
2024-07-29 14:54:00+09:00,2087.0,2088.0,2087.0,2088.0,3200,0.0,0.0
2024-07-29 14:55:00+09:00,2088.0,2089.0,2087.0,2087.0,2100,0.0,0.0
2024-07-29 14:56:00+09:00,2089.0,2089.0,2088.0,2088.0,400,0.0,0.0
2024-07-29 14:57:00+09:00,2088.0,2088.0,2086.0,2087.0,1200,0.0,0.0
2024-07-29 14:58:00+09:00,2086.0,2086.0,2086.0,2086.0,700,0.0,0.0
2024-07-29 14:59:00+09:00,2088.0,2092.0,2087.0,2092.0,2100,0.0,0.0
2024-07-30 09:12:00+09:00,2306.0,2342.0,2306.0,2323.0,158500,0.0,0.0
2024-07-30 09:13:00+09:00,2319.0,2345.0,2310.0,2328.0,21400,0.0,0.0
2024-07-30 09:14:00+09:00,2324.0,2336.0,2321.0,2332.0,15900,0.0,0.0
2024-07-30 09:15:00+09:00,2332.0,2335.0,2312.0,2331.0,14000,0.0,0.0
2024-07-30 09:16:00+09:00,2330.0,2349.0,2327.0,2344.0,37400,0.0,0.0
2024-07-30 09:17:00+09:00,2345.0,2361.0,2339.0,2355.0,30100,0.0,0.0
2024-07-30 09:18:00+09:00,2358.0,2371.0,2340.0,2350.0,29000,0.0,0.0
2024-07-30 09:19:00+09:00,2348.0,2360.0,2347.0,2358.0,9000,0.0,0.0
2024-07-30 09:20:00+09:00,2360.0,2382.0,2355.0,2357.0,27600,0.0,0.0
2024-07-30 09:21:00+09:00,2355.0,2373.0,2343.0,2373.0,29900,0.0,0.0
2024-07-30 09:22:00+09:00,2373.0,2380.0,2366.0,2366.0,21500,0.0,0.0
2024-07-30 09:23:00+09:00,2366.0,2373.0,2357.0,2365.0,32800,0.0,0.0
2024-07-30 09:24:00+09:00,2368.0,2380.0,2363.0,2363.0,18900,0.0,0.0
2024-07-30 09:25:00+09:00,2364.0,2368.0,2344.0,2359.0,27400,0.0,0.0
2024-07-30 09:26:00+09:00,2353.0,2353.0,2345.0,2347.0,4200,0.0,0.0
2024-07-30 09:27:00+09:00,2348.0,2350.0,2335.0,2350.0,18000,0.0,0.0
2024-07-30 09:28:00+09:00,2351.0,2358.0,2348.0,2357.0,5700,0.0,0.0
2024-07-30 09:29:00+09:00,2354.0,2355.0,2346.0,2354.0,5000,0.0,0.0
2024-07-30 09:30:00+09:00,2355.0,2364.0,2355.0,2356.0,6600,0.0,0.0
2024-07-30 09:31:00+09:00,2356.0,2356.0,2330.0,2333.0,16200,0.0,0.0
2024-07-30 09:32:00+09:00,2337.0,2337.0,2313.0,2322.0,13000,0.0,0.0
2024-07-30 09:33:00+09:00,2322.0,2335.0,2322.0,2332.0,14700,0.0,0.0
2024-07-30 09:34:00+09:00,2332.0,2347.0,2331.0,2343.0,22800,0.0,0.0
2024-07-30 09:35:00+09:00,2343.0,2347.0,2331.0,2331.0,9600,0.0,0.0
2024-07-30 09:36:00+09:00,2336.0,2346.0,2336.0,2338.0,7700,0.0,0.0
2024-07-30 09:37:00+09:00,2338.0,2344.0,2336.0,2341.0,6100,0.0,0.0
2024-07-30 09:38:00+09:00,2345.0,2349.0,2345.0,2348.0,4400,0.0,0.0
2024-07-30 09:39:00+09:00,2348.0,2351.0,2337.0,2346.0,19600,0.0,0.0
2024-07-30 09:40:00+09:00,2349.0,2351.0,2346.0,2349.0,3700,0.0,0.0
2024-07-30 09:41:00+09:00,2350.0,2354.0,2348.0,2352.0,11300,0.0,0.0
2024-07-30 09:42:00+09:00,2353.0,2355.0,2350.0,2350.0,6900,0.0,0.0
2024-07-30 09:43:00+09:00,2351.0,2352.0,2349.0,2349.0,1600,0.0,0.0
2024-07-30 09:44:00+09:00,2349.0,2349.0,2347.0,2347.0,6100,0.0,0.0
2024-07-30 09:45:00+09:00,2347.0,2356.0,2347.0,2352.0,9800,0.0,0.0
2024-07-30 09:46:00+09:00,2349.0,2351.0,2345.0,2350.0,8800,0.0,0.0
2024-07-30 09:47:00+09:00,2350.0,2351.0,2345.0,2345.0,5900,0.0,0.0
2024-07-30 09:48:00+09:00,2347.0,2349.0,2342.0,2348.0,7900,0.0,0.0
2024-07-30 09:49:00+09:00,2346.0,2348.0,2346.0,2347.0,800,0.0,0.0
2024-07-30 09:50:00+09:00,2347.0,2349.0,2341.0,2348.0,6700,0.0,0.0
2024-07-30 09:51:00+09:00,2349.0,2349.0,2347.0,2347.0,1300,0.0,0.0
2024-07-30 09:52:00+09:00,2346.0,2346.0,2319.0,2327.0,10200,0.0,0.0
2024-07-30 09:53:00+09:00,2325.0,2328.0,2315.0,2323.0,6900,0.0,0.0
2024-07-30 09:54:00+09:00,2325.0,2332.0,2325.0,2326.0,6300,0.0,0.0
2024-07-30 09:55:00+09:00,2328.0,2336.0,2328.0,2336.0,2600,0.0,0.0
2024-07-30 09:56:00+09:00,2333.0,2333.0,2332.0,2333.0,1700,0.0,0.0
2024-07-30 09:57:00+09:00,2336.0,2344.0,2336.0,2344.0,7600,0.0,0.0
2024-07-30 09:58:00+09:00,2345.0,2345.0,2326.0,2331.0,15900,0.0,0.0
2024-07-30 09:59:00+09:00,2331.0,2344.0,2331.0,2342.0,8800,0.0,0.0
2024-07-30 10:00:00+09:00,2344.0,2352.0,2344.0,2351.0,9900,0.0,0.0
2024-07-30 10:01:00+09:00,2350.0,2351.0,2348.0,2351.0,6600,0.0,0.0
2024-07-30 10:02:00+09:00,2351.0,2351.0,2340.0,2340.0,3300,0.0,0.0
2024-07-30 10:03:00+09:00,2343.0,2349.0,2343.0,2346.0,1300,0.0,0.0
2024-07-30 10:04:00+09:00,2347.0,2349.0,2342.0,2342.0,4200,0.0,0.0
2024-07-30 10:05:00+09:00,2342.0,2353.0,2342.0,2351.0,4300,0.0,0.0
2024-07-30 10:06:00+09:00,2351.0,2353.0,2349.0,2352.0,5100,0.0,0.0
2024-07-30 10:07:00+09:00,2354.0,2356.0,2352.0,2352.0,7600,0.0,0.0
2024-07-30 10:08:00+09:00,2355.0,2358.0,2352.0,2358.0,3900,0.0,0.0
2024-07-30 10:09:00+09:00,2356.0,2356.0,2349.0,2350.0,4500,0.0,0.0
2024-07-30 10:10:00+09:00,2351.0,2354.0,2345.0,2354.0,4700,0.0,0.0
2024-07-30 10:11:00+09:00,2352.0,2358.0,2350.0,2358.0,3900,0.0,0.0
2024-07-30 10:12:00+09:00,2358.0,2362.0,2355.0,2355.0,9300,0.0,0.0
2024-07-30 10:13:00+09:00,2355.0,2359.0,2355.0,2359.0,2100,0.0,0.0
2024-07-30 10:14:00+09:00,2360.0,2363.0,2360.0,2363.0,5200,0.0,0.0
2024-07-30 10:15:00+09:00,2362.0,2365.0,2362.0,2365.0,1600,0.0,0.0
2024-07-30 10:16:00+09:00,2365.0,2368.0,2358.0,2363.0,8700,0.0,0.0
2024-07-30 10:17:00+09:00,2363.0,2372.0,2361.0,2368.0,15200,0.0,0.0
2024-07-30 10:18:00+09:00,2370.0,2373.0,2369.0,2371.0,2900,0.0,0.0
2024-07-30 10:19:00+09:00,2370.0,2371.0,2368.0,2368.0,1900,0.0,0.0
2024-07-30 10:20:00+09:00,2369.0,2369.0,2366.0,2366.0,1900,0.0,0.0
2024-07-30 10:21:00+09:00,2366.0,2369.0,2364.0,2364.0,3400,0.0,0.0
2024-07-30 10:22:00+09:00,2364.0,2364.0,2357.0,2360.0,2200,0.0,0.0
2024-07-30 10:23:00+09:00,2359.0,2362.0,2359.0,2362.0,800,0.0,0.0
2024-07-30 10:24:00+09:00,2363.0,2363.0,2362.0,2362.0,400,0.0,0.0
2024-07-30 10:25:00+09:00,2360.0,2367.0,2358.0,2365.0,8500,0.0,0.0
2024-07-30 10:26:00+09:00,2365.0,2365.0,2361.0,2361.0,1300,0.0,0.0
2024-07-30 10:27:00+09:00,2360.0,2370.0,2360.0,2370.0,1900,0.0,0.0
2024-07-30 10:28:00+09:00,2370.0,2371.0,2367.0,2368.0,3600,0.0,0.0
2024-07-30 10:29:00+09:00,2367.0,2367.0,2362.0,2366.0,4200,0.0,0.0
2024-07-30 10:30:00+09:00,2365.0,2368.0,2364.0,2368.0,2000,0.0,0.0
2024-07-30 10:31:00+09:00,2368.0,2372.0,2368.0,2371.0,3500,0.0,0.0
2024-07-30 10:32:00+09:00,2373.0,2375.0,2371.0,2373.0,5200,0.0,0.0
2024-07-30 10:33:00+09:00,2375.0,2375.0,2372.0,2373.0,500,0.0,0.0
2024-07-30 10:34:00+09:00,2373.0,2374.0,2368.0,2372.0,3500,0.0,0.0
2024-07-30 10:35:00+09:00,2372.0,2372.0,2371.0,2371.0,300,0.0,0.0
2024-07-30 10:36:00+09:00,2372.0,2372.0,2367.0,2367.0,2400,0.0,0.0
2024-07-30 10:37:00+09:00,2366.0,2367.0,2365.0,2365.0,1200,0.0,0.0
2024-07-30 10:38:00+09:00,2366.0,2374.0,2366.0,2374.0,4300,0.0,0.0
2024-07-30 10:39:00+09:00,2375.0,2375.0,2370.0,2370.0,4400,0.0,0.0
2024-07-30 10:40:00+09:00,2370.0,2370.0,2363.0,2367.0,3400,0.0,0.0
2024-07-30 10:41:00+09:00,2366.0,2366.0,2364.0,2364.0,1100,0.0,0.0
2024-07-30 10:42:00+09:00,2364.0,2368.0,2364.0,2368.0,1600,0.0,0.0
2024-07-30 10:43:00+09:00,2366.0,2368.0,2364.0,2368.0,2400,0.0,0.0
2024-07-30 10:44:00+09:00,2367.0,2375.0,2367.0,2367.0,4000,0.0,0.0
2024-07-30 10:45:00+09:00,2369.0,2372.0,2369.0,2369.0,3000,0.0,0.0
2024-07-30 10:46:00+09:00,2371.0,2371.0,2367.0,2368.0,1200,0.0,0.0
2024-07-30 10:47:00+09:00,2369.0,2370.0,2369.0,2370.0,900,0.0,0.0
2024-07-30 10:48:00+09:00,2369.0,2370.0,2369.0,2370.0,1300,0.0,0.0
2024-07-30 10:49:00+09:00,2369.0,2369.0,2369.0,2369.0,1200,0.0,0.0
2024-07-30 10:50:00+09:00,2369.0,2371.0,2369.0,2369.0,1800,0.0,0.0
2024-07-30 10:51:00+09:00,2368.0,2369.0,2366.0,2366.0,3300,0.0,0.0
2024-07-30 10:52:00+09:00,2367.0,2369.0,2367.0,2369.0,1200,0.0,0.0
2024-07-30 10:53:00+09:00,2370.0,2370.0,2367.0,2367.0,1000,0.0,0.0
2024-07-30 10:54:00+09:00,2367.0,2367.0,2359.0,2363.0,6500,0.0,0.0
2024-07-30 10:55:00+09:00,2365.0,2365.0,2356.0,2357.0,2500,0.0,0.0
2024-07-30 10:56:00+09:00,2357.0,2358.0,2356.0,2358.0,1000,0.0,0.0
2024-07-30 10:57:00+09:00,2357.0,2373.0,2356.0,2371.0,15800,0.0,0.0
2024-07-30 10:58:00+09:00,2371.0,2371.0,2366.0,2366.0,1800,0.0,0.0
2024-07-30 10:59:00+09:00,2368.0,2368.0,2367.0,2367.0,600,0.0,0.0
2024-07-30 11:00:00+09:00,2369.0,2371.0,2368.0,2371.0,1600,0.0,0.0
2024-07-30 11:01:00+09:00,2371.0,2371.0,2367.0,2367.0,1800,0.0,0.0
2024-07-30 11:02:00+09:00,2367.0,2369.0,2367.0,2369.0,900,0.0,0.0
2024-07-30 11:03:00+09:00,2369.0,2371.0,2368.0,2371.0,2400,0.0,0.0
2024-07-30 11:04:00+09:00,2369.0,2369.0,2368.0,2368.0,700,0.0,0.0
2024-07-30 11:05:00+09:00,2370.0,2370.0,2368.0,2368.0,1500,0.0,0.0
2024-07-30 11:06:00+09:00,2370.0,2370.0,2370.0,2370.0,1200,0.0,0.0
2024-07-30 11:07:00+09:00,2370.0,2370.0,2369.0,2369.0,1600,0.0,0.0
2024-07-30 11:08:00+09:00,2370.0,2372.0,2370.0,2370.0,3800,0.0,0.0
2024-07-30 11:09:00+09:00,2371.0,2387.0,2370.0,2387.0,22000,0.0,0.0
2024-07-30 11:10:00+09:00,2385.0,2387.0,2380.0,2380.0,5000,0.0,0.0
2024-07-30 11:11:00+09:00,2383.0,2386.0,2378.0,2381.0,5800,0.0,0.0
2024-07-30 11:12:00+09:00,2378.0,2379.0,2378.0,2379.0,300,0.0,0.0
2024-07-30 11:13:00+09:00,2378.0,2380.0,2378.0,2380.0,1900,0.0,0.0
2024-07-30 11:14:00+09:00,2379.0,2379.0,2377.0,2378.0,1800,0.0,0.0
2024-07-30 11:15:00+09:00,2379.0,2382.0,2377.0,2381.0,4600,0.0,0.0
2024-07-30 11:16:00+09:00,2383.0,2385.0,2383.0,2384.0,3100,0.0,0.0
2024-07-30 11:17:00+09:00,2385.0,2385.0,2378.0,2385.0,4300,0.0,0.0
2024-07-30 11:18:00+09:00,2386.0,2387.0,2383.0,2383.0,1200,0.0,0.0
2024-07-30 11:19:00+09:00,2381.0,2385.0,2381.0,2384.0,3100,0.0,0.0
2024-07-30 11:20:00+09:00,2386.0,2388.0,2385.0,2388.0,3300,0.0,0.0
2024-07-30 11:21:00+09:00,2388.0,2394.0,2386.0,2394.0,8700,0.0,0.0
2024-07-30 11:22:00+09:00,2391.0,2391.0,2389.0,2389.0,3500,0.0,0.0
2024-07-30 11:23:00+09:00,2388.0,2395.0,2388.0,2395.0,3800,0.0,0.0
2024-07-30 11:24:00+09:00,2393.0,2393.0,2389.0,2389.0,1400,0.0,0.0
2024-07-30 11:25:00+09:00,2390.0,2390.0,2386.0,2386.0,1900,0.0,0.0
2024-07-30 11:26:00+09:00,2386.0,2386.0,2378.0,2378.0,1900,0.0,0.0
2024-07-30 11:27:00+09:00,2378.0,2378.0,2366.0,2373.0,7500,0.0,0.0
2024-07-30 11:28:00+09:00,2374.0,2379.0,2373.0,2374.0,2800,0.0,0.0
2024-07-30 11:29:00+09:00,2374.0,2376.0,2372.0,2376.0,2000,0.0,0.0
2024-07-30 11:30:00+09:00,2376.0,2376.0,2376.0,2376.0,2100,0.0,0.0
2024-07-30 11:35:00+09:00,2376.0,2376.0,2376.0,2376.0,0,0.0,0.0
2024-07-30 12:30:00+09:00,2382.0,2388.0,2380.0,2388.0,1107400,0.0,0.0
2024-07-30 12:31:00+09:00,2389.0,2394.0,2389.0,2390.0,3400,0.0,0.0
2024-07-30 12:32:00+09:00,2380.0,2395.0,2380.0,2386.0,19800,0.0,0.0
2024-07-30 12:33:00+09:00,2385.0,2385.0,2384.0,2384.0,2100,0.0,0.0
2024-07-30 12:34:00+09:00,2383.0,2383.0,2381.0,2383.0,2200,0.0,0.0
2024-07-30 12:35:00+09:00,2382.0,2383.0,2376.0,2376.0,4300,0.0,0.0
2024-07-30 12:36:00+09:00,2375.0,2376.0,2371.0,2376.0,2700,0.0,0.0
2024-07-30 12:37:00+09:00,2373.0,2376.0,2369.0,2373.0,4400,0.0,0.0
2024-07-30 12:38:00+09:00,2375.0,2381.0,2373.0,2381.0,6600,0.0,0.0
2024-07-30 12:39:00+09:00,2382.0,2386.0,2380.0,2386.0,4100,0.0,0.0
2024-07-30 12:40:00+09:00,2384.0,2384.0,2383.0,2384.0,1000,0.0,0.0
2024-07-30 12:41:00+09:00,2385.0,2390.0,2385.0,2390.0,2200,0.0,0.0
2024-07-30 12:42:00+09:00,2393.0,2395.0,2391.0,2394.0,2500,0.0,0.0
2024-07-30 12:43:00+09:00,2394.0,2396.0,2393.0,2395.0,3000,0.0,0.0
2024-07-30 12:44:00+09:00,2396.0,2403.0,2395.0,2400.0,22600,0.0,0.0
2024-07-30 12:45:00+09:00,2401.0,2401.0,2391.0,2392.0,13600,0.0,0.0
2024-07-30 12:46:00+09:00,2394.0,2399.0,2391.0,2396.0,5000,0.0,0.0
2024-07-30 12:47:00+09:00,2396.0,2396.0,2391.0,2391.0,700,0.0,0.0
2024-07-30 12:48:00+09:00,2391.0,2395.0,2387.0,2395.0,5800,0.0,0.0
2024-07-30 12:49:00+09:00,2394.0,2394.0,2390.0,2391.0,1500,0.0,0.0
2024-07-30 12:50:00+09:00,2390.0,2390.0,2383.0,2383.0,4500,0.0,0.0
2024-07-30 12:51:00+09:00,2384.0,2384.0,2377.0,2379.0,5300,0.0,0.0
2024-07-30 12:52:00+09:00,2379.0,2382.0,2377.0,2379.0,4900,0.0,0.0
2024-07-30 12:53:00+09:00,2380.0,2381.0,2375.0,2375.0,5400,0.0,0.0
2024-07-30 12:54:00+09:00,2374.0,2375.0,2371.0,2373.0,3800,0.0,0.0
2024-07-30 12:55:00+09:00,2375.0,2384.0,2375.0,2380.0,6900,0.0,0.0
2024-07-30 12:56:00+09:00,2379.0,2381.0,2379.0,2379.0,2000,0.0,0.0
2024-07-30 12:57:00+09:00,2380.0,2381.0,2380.0,2381.0,1300,0.0,0.0
2024-07-30 12:58:00+09:00,2379.0,2385.0,2378.0,2378.0,4900,0.0,0.0
2024-07-30 12:59:00+09:00,2378.0,2390.0,2378.0,2390.0,10000,0.0,0.0
2024-07-30 13:00:00+09:00,2390.0,2390.0,2382.0,2382.0,2700,0.0,0.0
2024-07-30 13:01:00+09:00,2383.0,2383.0,2382.0,2382.0,1100,0.0,0.0
2024-07-30 13:02:00+09:00,2382.0,2382.0,2380.0,2381.0,2200,0.0,0.0
2024-07-30 13:03:00+09:00,2380.0,2381.0,2378.0,2378.0,1900,0.0,0.0
2024-07-30 13:04:00+09:00,2378.0,2378.0,2377.0,2378.0,2600,0.0,0.0
2024-07-30 13:05:00+09:00,2378.0,2378.0,2378.0,2378.0,100,0.0,0.0
2024-07-30 13:06:00+09:00,2378.0,2379.0,2372.0,2372.0,3700,0.0,0.0
2024-07-30 13:07:00+09:00,2372.0,2373.0,2370.0,2371.0,5800,0.0,0.0
2024-07-30 13:08:00+09:00,2372.0,2372.0,2369.0,2371.0,2400,0.0,0.0
2024-07-30 13:09:00+09:00,2371.0,2371.0,2371.0,2371.0,300,0.0,0.0
2024-07-30 13:10:00+09:00,2370.0,2373.0,2367.0,2370.0,8200,0.0,0.0
2024-07-30 13:11:00+09:00,2368.0,2368.0,2367.0,2367.0,600,0.0,0.0
2024-07-30 13:12:00+09:00,2367.0,2368.0,2366.0,2366.0,2300,0.0,0.0
2024-07-30 13:13:00+09:00,2366.0,2369.0,2366.0,2369.0,1600,0.0,0.0
2024-07-30 13:14:00+09:00,2371.0,2373.0,2371.0,2372.0,1800,0.0,0.0
2024-07-30 13:15:00+09:00,2373.0,2376.0,2373.0,2375.0,1600,0.0,0.0
2024-07-30 13:16:00+09:00,2377.0,2377.0,2373.0,2375.0,3200,0.0,0.0
2024-07-30 13:17:00+09:00,2373.0,2373.0,2371.0,2371.0,800,0.0,0.0
2024-07-30 13:18:00+09:00,2371.0,2371.0,2367.0,2368.0,2100,0.0,0.0
2024-07-30 13:19:00+09:00,2367.0,2371.0,2367.0,2368.0,3000,0.0,0.0
2024-07-30 13:20:00+09:00,2369.0,2371.0,2368.0,2371.0,3100,0.0,0.0
2024-07-30 13:21:00+09:00,2371.0,2374.0,2371.0,2372.0,2100,0.0,0.0
2024-07-30 13:22:00+09:00,2372.0,2375.0,2372.0,2374.0,2500,0.0,0.0
2024-07-30 13:23:00+09:00,2377.0,2377.0,2377.0,2377.0,1700,0.0,0.0
2024-07-30 13:24:00+09:00,2377.0,2378.0,2375.0,2375.0,2300,0.0,0.0
2024-07-30 13:25:00+09:00,2376.0,2376.0,2375.0,2375.0,300,0.0,0.0
2024-07-30 13:26:00+09:00,2376.0,2377.0,2376.0,2376.0,1600,0.0,0.0
2024-07-30 13:27:00+09:00,2377.0,2377.0,2376.0,2376.0,1000,0.0,0.0
2024-07-30 13:28:00+09:00,2377.0,2383.0,2377.0,2383.0,4900,0.0,0.0
2024-07-30 13:29:00+09:00,2381.0,2383.0,2380.0,2380.0,2700,0.0,0.0
2024-07-30 13:30:00+09:00,2380.0,2381.0,2380.0,2381.0,700,0.0,0.0
2024-07-30 13:31:00+09:00,2380.0,2384.0,2380.0,2380.0,5900,0.0,0.0
2024-07-30 13:32:00+09:00,2380.0,2382.0,2380.0,2382.0,200,0.0,0.0
2024-07-30 13:33:00+09:00,2380.0,2381.0,2380.0,2381.0,1300,0.0,0.0
2024-07-30 13:34:00+09:00,2381.0,2382.0,2381.0,2382.0,1400,0.0,0.0
2024-07-30 13:35:00+09:00,2381.0,2382.0,2381.0,2382.0,400,0.0,0.0
2024-07-30 13:36:00+09:00,2382.0,2382.0,2381.0,2382.0,1500,0.0,0.0
2024-07-30 13:37:00+09:00,2381.0,2381.0,2379.0,2379.0,3600,0.0,0.0
2024-07-30 13:38:00+09:00,2378.0,2379.0,2378.0,2379.0,1100,0.0,0.0
2024-07-30 13:39:00+09:00,2378.0,2382.0,2378.0,2382.0,2300,0.0,0.0
2024-07-30 13:40:00+09:00,2384.0,2384.0,2381.0,2383.0,1900,0.0,0.0
2024-07-30 13:41:00+09:00,2382.0,2382.0,2382.0,2382.0,0,0.0,0.0
2024-07-30 13:42:00+09:00,2382.0,2386.0,2382.0,2386.0,1356900,0.0,0.0
2024-07-30 13:43:00+09:00,2386.0,2386.0,2386.0,2386.0,700,0.0,0.0
2024-07-30 13:44:00+09:00,2385.0,2386.0,2382.0,2383.0,3500,0.0,0.0
2024-07-30 13:46:00+09:00,2383.0,2385.0,2382.0,2384.0,2800,0.0,0.0
2024-07-30 13:47:00+09:00,2383.0,2384.0,2383.0,2384.0,700,0.0,0.0
2024-07-30 13:48:00+09:00,2385.0,2385.0,2384.0,2384.0,900,0.0,0.0
2024-07-30 13:49:00+09:00,2385.0,2388.0,2385.0,2388.0,1700,0.0,0.0
2024-07-30 13:50:00+09:00,2387.0,2387.0,2384.0,2384.0,3100,0.0,0.0
2024-07-30 13:51:00+09:00,2384.0,2384.0,2384.0,2384.0,1000,0.0,0.0
2024-07-30 13:52:00+09:00,2386.0,2386.0,2386.0,2386.0,800,0.0,0.0
2024-07-30 13:53:00+09:00,2386.0,2386.0,2386.0,2386.0,900,0.0,0.0
2024-07-30 13:54:00+09:00,2386.0,2387.0,2386.0,2387.0,200,0.0,0.0
2024-07-30 13:55:00+09:00,2387.0,2388.0,2386.0,2388.0,1400,0.0,0.0
2024-07-30 13:56:00+09:00,2388.0,2388.0,2386.0,2386.0,2200,0.0,0.0
2024-07-30 13:57:00+09:00,2385.0,2385.0,2381.0,2381.0,3900,0.0,0.0
2024-07-30 13:58:00+09:00,2381.0,2383.0,2381.0,2381.0,1900,0.0,0.0
2024-07-30 13:59:00+09:00,2381.0,2383.0,2381.0,2383.0,1100,0.0,0.0
2024-07-30 14:00:00+09:00,2383.0,2385.0,2383.0,2384.0,1600,0.0,0.0
2024-07-30 14:01:00+09:00,2385.0,2386.0,2385.0,2386.0,600,0.0,0.0
2024-07-30 14:02:00+09:00,2386.0,2386.0,2383.0,2384.0,3000,0.0,0.0
2024-07-30 14:03:00+09:00,2383.0,2383.0,2382.0,2382.0,1800,0.0,0.0
2024-07-30 14:04:00+09:00,2382.0,2382.0,2377.0,2378.0,5900,0.0,0.0
2024-07-30 14:05:00+09:00,2378.0,2379.0,2378.0,2379.0,1700,0.0,0.0
2024-07-30 14:06:00+09:00,2379.0,2379.0,2378.0,2379.0,2000,0.0,0.0
2024-07-30 14:07:00+09:00,2379.0,2380.0,2379.0,2380.0,700,0.0,0.0
2024-07-30 14:08:00+09:00,2378.0,2378.0,2376.0,2376.0,2700,0.0,0.0
2024-07-30 14:09:00+09:00,2375.0,2375.0,2375.0,2375.0,400,0.0,0.0
2024-07-30 14:10:00+09:00,2375.0,2375.0,2373.0,2373.0,3800,0.0,0.0
2024-07-30 14:11:00+09:00,2373.0,2378.0,2373.0,2375.0,3600,0.0,0.0
2024-07-30 14:12:00+09:00,2374.0,2374.0,2374.0,2374.0,300,0.0,0.0
2024-07-30 14:13:00+09:00,2375.0,2376.0,2374.0,2374.0,1700,0.0,0.0
2024-07-30 14:14:00+09:00,2374.0,2374.0,2374.0,2374.0,1800,0.0,0.0
2024-07-30 14:15:00+09:00,2373.0,2377.0,2373.0,2377.0,6500,0.0,0.0
2024-07-30 14:16:00+09:00,2374.0,2374.0,2372.0,2373.0,2200,0.0,0.0
2024-07-30 14:18:00+09:00,2373.0,2374.0,2373.0,2374.0,1700,0.0,0.0
2024-07-30 14:19:00+09:00,2373.0,2374.0,2372.0,2372.0,2500,0.0,0.0
2024-07-30 14:20:00+09:00,2373.0,2378.0,2373.0,2375.0,2700,0.0,0.0
2024-07-30 14:21:00+09:00,2375.0,2375.0,2373.0,2373.0,2900,0.0,0.0
2024-07-30 14:22:00+09:00,2373.0,2373.0,2373.0,2373.0,500,0.0,0.0
2024-07-30 14:23:00+09:00,2373.0,2374.0,2373.0,2373.0,1200,0.0,0.0
2024-07-30 14:24:00+09:00,2374.0,2375.0,2374.0,2374.0,1700,0.0,0.0
2024-07-30 14:25:00+09:00,2375.0,2375.0,2365.0,2365.0,7800,0.0,0.0
2024-07-30 14:26:00+09:00,2365.0,2365.0,2362.0,2364.0,4400,0.0,0.0
2024-07-30 14:27:00+09:00,2365.0,2365.0,2363.0,2365.0,1300,0.0,0.0
2024-07-30 14:28:00+09:00,2365.0,2372.0,2365.0,2370.0,4300,0.0,0.0
2024-07-30 14:29:00+09:00,2370.0,2370.0,2364.0,2370.0,5100,0.0,0.0
2024-07-30 14:30:00+09:00,2369.0,2371.0,2368.0,2371.0,1600,0.0,0.0
2024-07-30 14:31:00+09:00,2371.0,2372.0,2370.0,2372.0,1700,0.0,0.0
2024-07-30 14:32:00+09:00,2372.0,2373.0,2372.0,2373.0,700,0.0,0.0
2024-07-30 14:33:00+09:00,2372.0,2373.0,2372.0,2373.0,1600,0.0,0.0
2024-07-30 14:34:00+09:00,2372.0,2373.0,2369.0,2369.0,3300,0.0,0.0
2024-07-30 14:35:00+09:00,2370.0,2370.0,2366.0,2366.0,2900,0.0,0.0
2024-07-30 14:36:00+09:00,2366.0,2369.0,2360.0,2360.0,14300,0.0,0.0
2024-07-30 14:37:00+09:00,2361.0,2361.0,2351.0,2357.0,17300,0.0,0.0
2024-07-30 14:38:00+09:00,2357.0,2360.0,2351.0,2351.0,3500,0.0,0.0
2024-07-30 14:39:00+09:00,2353.0,2356.0,2350.0,2350.0,9900,0.0,0.0
2024-07-30 14:40:00+09:00,2352.0,2352.0,2348.0,2348.0,2300,0.0,0.0
2024-07-30 14:41:00+09:00,2349.0,2351.0,2349.0,2351.0,2400,0.0,0.0
2024-07-30 14:42:00+09:00,2350.0,2358.0,2350.0,2358.0,4100,0.0,0.0
2024-07-30 14:43:00+09:00,2357.0,2359.0,2355.0,2359.0,5700,0.0,0.0
2024-07-30 14:44:00+09:00,2359.0,2359.0,2356.0,2357.0,2200,0.0,0.0
2024-07-30 14:45:00+09:00,2356.0,2357.0,2355.0,2355.0,1100,0.0,0.0
2024-07-30 14:46:00+09:00,2356.0,2356.0,2353.0,2354.0,3800,0.0,0.0
2024-07-30 14:47:00+09:00,2353.0,2357.0,2350.0,2357.0,9000,0.0,0.0
2024-07-30 14:48:00+09:00,2357.0,2357.0,2357.0,2357.0,1600,0.0,0.0
2024-07-30 14:49:00+09:00,2356.0,2358.0,2356.0,2358.0,4500,0.0,0.0
2024-07-30 14:50:00+09:00,2358.0,2358.0,2355.0,2356.0,3200,0.0,0.0
2024-07-30 14:51:00+09:00,2355.0,2356.0,2352.0,2352.0,6100,0.0,0.0
2024-07-30 14:52:00+09:00,2353.0,2356.0,2352.0,2354.0,5700,0.0,0.0
2024-07-30 14:53:00+09:00,2355.0,2355.0,2350.0,2353.0,8400,0.0,0.0
2024-07-30 14:54:00+09:00,2354.0,2355.0,2348.0,2349.0,8000,0.0,0.0
2024-07-30 14:55:00+09:00,2349.0,2350.0,2349.0,2350.0,2600,0.0,0.0
2024-07-30 14:56:00+09:00,2351.0,2352.0,2350.0,2352.0,5300,0.0,0.0
2024-07-30 14:57:00+09:00,2351.0,2351.0,2349.0,2351.0,5500,0.0,0.0
2024-07-30 14:58:00+09:00,2350.0,2352.0,2350.0,2352.0,2500,0.0,0.0
2024-07-30 14:59:00+09:00,2352.0,2353.0,2351.0,2353.0,1600,0.0,0.0
2024-07-31 09:00:00+09:00,2305.0,2334.0,2295.0,2318.0,43500,0.0,0.0
2024-07-31 09:01:00+09:00,2317.0,2320.0,2297.0,2316.0,14500,0.0,0.0
2024-07-31 09:02:00+09:00,2320.0,2329.0,2316.0,2317.0,3800,0.0,0.0
2024-07-31 09:03:00+09:00,2316.0,2317.0,2308.0,2308.0,3500,0.0,0.0
2024-07-31 09:04:00+09:00,2306.0,2313.0,2304.0,2308.0,3600,0.0,0.0
2024-07-31 09:05:00+09:00,2310.0,2310.0,2304.0,2304.0,2400,0.0,0.0
2024-07-31 09:06:00+09:00,2302.0,2308.0,2301.0,2308.0,900,0.0,0.0
2024-07-31 09:07:00+09:00,2309.0,2315.0,2308.0,2312.0,5800,0.0,0.0
2024-07-31 09:09:00+09:00,2316.0,2318.0,2310.0,2313.0,2600,0.0,0.0
2024-07-31 09:10:00+09:00,2311.0,2311.0,2300.0,2305.0,5000,0.0,0.0
2024-07-31 09:11:00+09:00,2303.0,2303.0,2292.0,2292.0,2500,0.0,0.0
2024-07-31 09:12:00+09:00,2291.0,2302.0,2287.0,2296.0,5800,0.0,0.0
2024-07-31 09:13:00+09:00,2295.0,2295.0,2288.0,2290.0,1300,0.0,0.0
2024-07-31 09:14:00+09:00,2290.0,2297.0,2290.0,2297.0,900,0.0,0.0
2024-07-31 09:15:00+09:00,2299.0,2304.0,2297.0,2297.0,2400,0.0,0.0
2024-07-31 09:16:00+09:00,2297.0,2303.0,2297.0,2299.0,600,0.0,0.0
2024-07-31 09:17:00+09:00,2306.0,2306.0,2306.0,2306.0,200,0.0,0.0
2024-07-31 09:18:00+09:00,2306.0,2306.0,2301.0,2304.0,1600,0.0,0.0
2024-07-31 09:19:00+09:00,2306.0,2310.0,2306.0,2307.0,1200,0.0,0.0
2024-07-31 09:20:00+09:00,2306.0,2310.0,2303.0,2310.0,1100,0.0,0.0
2024-07-31 09:21:00+09:00,2310.0,2322.0,2310.0,2315.0,5900,0.0,0.0
2024-07-31 09:22:00+09:00,2315.0,2319.0,2312.0,2317.0,2400,0.0,0.0
2024-07-31 09:23:00+09:00,2313.0,2316.0,2313.0,2313.0,500,0.0,0.0
2024-07-31 09:24:00+09:00,2312.0,2316.0,2311.0,2316.0,700,0.0,0.0
2024-07-31 09:25:00+09:00,2316.0,2316.0,2315.0,2315.0,1600,0.0,0.0
2024-07-31 09:26:00+09:00,2316.0,2320.0,2316.0,2320.0,4300,0.0,0.0
2024-07-31 09:27:00+09:00,2318.0,2318.0,2318.0,2318.0,400,0.0,0.0
2024-07-31 09:28:00+09:00,2317.0,2317.0,2316.0,2316.0,700,0.0,0.0
2024-07-31 09:29:00+09:00,2318.0,2319.0,2311.0,2311.0,7400,0.0,0.0
2024-07-31 09:30:00+09:00,2313.0,2313.0,2313.0,2313.0,100,0.0,0.0
2024-07-31 09:31:00+09:00,2313.0,2314.0,2313.0,2314.0,500,0.0,0.0
2024-07-31 09:32:00+09:00,2315.0,2315.0,2315.0,2315.0,100,0.0,0.0
2024-07-31 09:33:00+09:00,2315.0,2315.0,2310.0,2313.0,3300,0.0,0.0
2024-07-31 09:35:00+09:00,2317.0,2320.0,2317.0,2318.0,1500,0.0,0.0
2024-07-31 09:36:00+09:00,2320.0,2320.0,2319.0,2319.0,2400,0.0,0.0
2024-07-31 09:37:00+09:00,2321.0,2322.0,2319.0,2319.0,800,0.0,0.0
2024-07-31 09:38:00+09:00,2318.0,2318.0,2318.0,2318.0,200,0.0,0.0
2024-07-31 09:39:00+09:00,2318.0,2318.0,2318.0,2318.0,300,0.0,0.0
2024-07-31 09:40:00+09:00,2320.0,2325.0,2320.0,2324.0,6500,0.0,0.0
2024-07-31 09:41:00+09:00,2327.0,2328.0,2323.0,2323.0,1700,0.0,0.0
2024-07-31 09:42:00+09:00,2323.0,2323.0,2323.0,2323.0,400,0.0,0.0
2024-07-31 09:43:00+09:00,2322.0,2325.0,2321.0,2325.0,1700,0.0,0.0
2024-07-31 09:44:00+09:00,2324.0,2324.0,2324.0,2324.0,1200,0.0,0.0
2024-07-31 09:46:00+09:00,2324.0,2324.0,2324.0,2324.0,200,0.0,0.0
2024-07-31 09:47:00+09:00,2324.0,2324.0,2321.0,2321.0,1900,0.0,0.0
2024-07-31 09:48:00+09:00,2320.0,2320.0,2317.0,2317.0,1400,0.0,0.0
2024-07-31 09:49:00+09:00,2316.0,2320.0,2316.0,2320.0,900,0.0,0.0
2024-07-31 09:50:00+09:00,2322.0,2322.0,2322.0,2322.0,400,0.0,0.0
2024-07-31 09:51:00+09:00,2322.0,2322.0,2320.0,2320.0,900,0.0,0.0
2024-07-31 09:53:00+09:00,2320.0,2321.0,2320.0,2321.0,500,0.0,0.0
2024-07-31 09:55:00+09:00,2321.0,2325.0,2321.0,2325.0,1800,0.0,0.0
2024-07-31 09:57:00+09:00,2325.0,2325.0,2325.0,2325.0,500,0.0,0.0
2024-07-31 09:58:00+09:00,2327.0,2327.0,2325.0,2325.0,1500,0.0,0.0
2024-07-31 09:59:00+09:00,2326.0,2326.0,2326.0,2326.0,100,0.0,0.0
2024-07-31 10:01:00+09:00,2328.0,2328.0,2328.0,2328.0,800,0.0,0.0
2024-07-31 10:02:00+09:00,2329.0,2333.0,2329.0,2333.0,3100,0.0,0.0
2024-07-31 10:04:00+09:00,2334.0,2336.0,2334.0,2336.0,700,0.0,0.0
2024-07-31 10:05:00+09:00,2335.0,2336.0,2333.0,2334.0,2100,0.0,0.0
2024-07-31 10:06:00+09:00,2336.0,2339.0,2335.0,2338.0,1000,0.0,0.0
2024-07-31 10:07:00+09:00,2338.0,2339.0,2338.0,2339.0,200,0.0,0.0
2024-07-31 10:08:00+09:00,2339.0,2346.0,2339.0,2346.0,3000,0.0,0.0
2024-07-31 10:09:00+09:00,2346.0,2348.0,2344.0,2347.0,1400,0.0,0.0
2024-07-31 10:10:00+09:00,2347.0,2347.0,2341.0,2341.0,3100,0.0,0.0
2024-07-31 10:11:00+09:00,2343.0,2344.0,2340.0,2341.0,900,0.0,0.0
2024-07-31 10:14:00+09:00,2340.0,2340.0,2334.0,2334.0,1700,0.0,0.0
2024-07-31 10:15:00+09:00,2335.0,2335.0,2333.0,2333.0,200,0.0,0.0
2024-07-31 10:16:00+09:00,2335.0,2335.0,2335.0,2335.0,200,0.0,0.0
2024-07-31 10:17:00+09:00,2337.0,2337.0,2337.0,2337.0,100,0.0,0.0
2024-07-31 10:20:00+09:00,2336.0,2336.0,2335.0,2335.0,500,0.0,0.0
2024-07-31 10:21:00+09:00,2335.0,2335.0,2335.0,2335.0,200,0.0,0.0
2024-07-31 10:22:00+09:00,2335.0,2335.0,2335.0,2335.0,100,0.0,0.0
2024-07-31 10:23:00+09:00,2337.0,2345.0,2336.0,2345.0,2200,0.0,0.0
2024-07-31 10:24:00+09:00,2346.0,2346.0,2346.0,2346.0,100,0.0,0.0
2024-07-31 10:26:00+09:00,2345.0,2345.0,2344.0,2344.0,1800,0.0,0.0
2024-07-31 10:27:00+09:00,2344.0,2344.0,2343.0,2343.0,1300,0.0,0.0
2024-07-31 10:28:00+09:00,2343.0,2343.0,2343.0,2343.0,300,0.0,0.0
2024-07-31 10:29:00+09:00,2343.0,2343.0,2341.0,2341.0,1200,0.0,0.0
2024-07-31 10:30:00+09:00,2341.0,2343.0,2341.0,2343.0,800,0.0,0.0
2024-07-31 10:31:00+09:00,2343.0,2345.0,2343.0,2345.0,500,0.0,0.0
2024-07-31 10:32:00+09:00,2345.0,2345.0,2345.0,2345.0,100,0.0,0.0
2024-07-31 10:33:00+09:00,2345.0,2347.0,2345.0,2347.0,1100,0.0,0.0
2024-07-31 10:34:00+09:00,2346.0,2348.0,2346.0,2348.0,400,0.0,0.0
2024-07-31 10:35:00+09:00,2348.0,2350.0,2348.0,2350.0,1300,0.0,0.0
2024-07-31 10:36:00+09:00,2349.0,2349.0,2346.0,2346.0,2900,0.0,0.0
2024-07-31 10:37:00+09:00,2348.0,2348.0,2348.0,2348.0,100,0.0,0.0
2024-07-31 10:38:00+09:00,2346.0,2346.0,2346.0,2346.0,100,0.0,0.0
2024-07-31 10:39:00+09:00,2345.0,2345.0,2343.0,2343.0,700,0.0,0.0
2024-07-31 10:40:00+09:00,2341.0,2341.0,2340.0,2340.0,1400,0.0,0.0
2024-07-31 10:42:00+09:00,2341.0,2342.0,2341.0,2342.0,300,0.0,0.0
2024-07-31 10:44:00+09:00,2342.0,2342.0,2342.0,2342.0,200,0.0,0.0
2024-07-31 10:46:00+09:00,2342.0,2343.0,2342.0,2343.0,400,0.0,0.0
2024-07-31 10:47:00+09:00,2344.0,2348.0,2344.0,2348.0,1500,0.0,0.0
2024-07-31 10:48:00+09:00,2347.0,2350.0,2344.0,2344.0,2400,0.0,0.0
2024-07-31 10:49:00+09:00,2343.0,2343.0,2343.0,2343.0,200,0.0,0.0
2024-07-31 10:51:00+09:00,2340.0,2340.0,2340.0,2340.0,300,0.0,0.0
2024-07-31 10:52:00+09:00,2339.0,2339.0,2339.0,2339.0,200,0.0,0.0
2024-07-31 10:56:00+09:00,2340.0,2341.0,2337.0,2339.0,3300,0.0,0.0
2024-07-31 10:57:00+09:00,2339.0,2342.0,2334.0,2334.0,12900,0.0,0.0
2024-07-31 10:59:00+09:00,2330.0,2330.0,2330.0,2330.0,1300,0.0,0.0
2024-07-31 11:00:00+09:00,2330.0,2330.0,2328.0,2328.0,1300,0.0,0.0
2024-07-31 11:01:00+09:00,2329.0,2333.0,2329.0,2333.0,2300,0.0,0.0
2024-07-31 11:02:00+09:00,2334.0,2336.0,2334.0,2336.0,1200,0.0,0.0
2024-07-31 11:04:00+09:00,2336.0,2336.0,2332.0,2334.0,2300,0.0,0.0
2024-07-31 11:05:00+09:00,2332.0,2332.0,2330.0,2330.0,500,0.0,0.0
2024-07-31 11:06:00+09:00,2328.0,2329.0,2327.0,2329.0,600,0.0,0.0
2024-07-31 11:07:00+09:00,2327.0,2327.0,2326.0,2326.0,700,0.0,0.0
2024-07-31 11:08:00+09:00,2327.0,2327.0,2327.0,2327.0,200,0.0,0.0
2024-07-31 11:09:00+09:00,2327.0,2330.0,2327.0,2330.0,700,0.0,0.0
2024-07-31 11:10:00+09:00,2328.0,2330.0,2328.0,2330.0,1500,0.0,0.0
2024-07-31 11:12:00+09:00,2329.0,2331.0,2329.0,2331.0,1200,0.0,0.0
2024-07-31 11:14:00+09:00,2332.0,2332.0,2332.0,2332.0,1200,0.0,0.0
2024-07-31 11:15:00+09:00,2332.0,2332.0,2330.0,2330.0,1300,0.0,0.0
2024-07-31 11:16:00+09:00,2331.0,2332.0,2331.0,2332.0,800,0.0,0.0
2024-07-31 11:17:00+09:00,2333.0,2336.0,2333.0,2336.0,1000,0.0,0.0
2024-07-31 11:19:00+09:00,2337.0,2338.0,2337.0,2338.0,200,0.0,0.0
2024-07-31 11:20:00+09:00,2333.0,2335.0,2333.0,2335.0,300,0.0,0.0
2024-07-31 11:21:00+09:00,2339.0,2339.0,2339.0,2339.0,100,0.0,0.0
2024-07-31 11:22:00+09:00,2339.0,2342.0,2339.0,2340.0,12800,0.0,0.0
2024-07-31 11:23:00+09:00,2341.0,2345.0,2341.0,2345.0,1000,0.0,0.0
2024-07-31 11:24:00+09:00,2347.0,2348.0,2347.0,2348.0,400,0.0,0.0
2024-07-31 11:25:00+09:00,2347.0,2347.0,2344.0,2344.0,2400,0.0,0.0
2024-07-31 11:26:00+09:00,2346.0,2346.0,2346.0,2346.0,300,0.0,0.0
2024-07-31 11:27:00+09:00,2344.0,2344.0,2343.0,2343.0,900,0.0,0.0
2024-07-31 11:28:00+09:00,2344.0,2345.0,2343.0,2345.0,500,0.0,0.0
2024-07-31 11:29:00+09:00,2345.0,2345.0,2345.0,2345.0,200,0.0,0.0
2024-07-31 11:30:00+09:00,2342.0,2342.0,2342.0,2342.0,400,0.0,0.0
2024-07-31 11:35:00+09:00,2342.0,2342.0,2342.0,2342.0,0,0.0,0.0
2024-07-31 12:30:00+09:00,2349.0,2349.0,2345.0,2347.0,259600,0.0,0.0
2024-07-31 12:31:00+09:00,2345.0,2345.0,2343.0,2345.0,2500,0.0,0.0
2024-07-31 12:32:00+09:00,2343.0,2343.0,2340.0,2340.0,700,0.0,0.0
2024-07-31 12:34:00+09:00,2340.0,2340.0,2340.0,2340.0,1000,0.0,0.0
2024-07-31 12:35:00+09:00,2340.0,2340.0,2340.0,2340.0,600,0.0,0.0
2024-07-31 12:36:00+09:00,2339.0,2339.0,2337.0,2337.0,1700,0.0,0.0
2024-07-31 12:37:00+09:00,2339.0,2339.0,2337.0,2337.0,2000,0.0,0.0
2024-07-31 12:38:00+09:00,2337.0,2339.0,2336.0,2339.0,900,0.0,0.0
2024-07-31 12:39:00+09:00,2339.0,2339.0,2338.0,2339.0,600,0.0,0.0
2024-07-31 12:40:00+09:00,2338.0,2338.0,2338.0,2338.0,400,0.0,0.0
2024-07-31 12:41:00+09:00,2338.0,2339.0,2338.0,2339.0,300,0.0,0.0
2024-07-31 12:42:00+09:00,2339.0,2340.0,2339.0,2340.0,800,0.0,0.0
2024-07-31 12:43:00+09:00,2338.0,2340.0,2338.0,2340.0,200,0.0,0.0
2024-07-31 12:44:00+09:00,2340.0,2340.0,2340.0,2340.0,100,0.0,0.0
2024-07-31 12:45:00+09:00,2338.0,2339.0,2335.0,2335.0,4400,0.0,0.0
2024-07-31 12:46:00+09:00,2337.0,2337.0,2337.0,2337.0,300,0.0,0.0
2024-07-31 12:47:00+09:00,2339.0,2339.0,2339.0,2339.0,400,0.0,0.0
2024-07-31 12:48:00+09:00,2337.0,2337.0,2337.0,2337.0,200,0.0,0.0
2024-07-31 12:49:00+09:00,2339.0,2340.0,2337.0,2340.0,900,0.0,0.0
2024-07-31 12:50:00+09:00,2339.0,2339.0,2333.0,2335.0,3700,0.0,0.0
2024-07-31 12:51:00+09:00,2336.0,2336.0,2336.0,2336.0,100,0.0,0.0
2024-07-31 12:52:00+09:00,2334.0,2336.0,2334.0,2336.0,300,0.0,0.0
2024-07-31 12:53:00+09:00,2335.0,2335.0,2334.0,2334.0,600,0.0,0.0
2024-07-31 12:54:00+09:00,2334.0,2335.0,2334.0,2335.0,200,0.0,0.0
2024-07-31 12:55:00+09:00,2334.0,2335.0,2333.0,2335.0,900,0.0,0.0
2024-07-31 12:56:00+09:00,2335.0,2335.0,2329.0,2331.0,3300,0.0,0.0
2024-07-31 12:57:00+09:00,2331.0,2334.0,2331.0,2334.0,800,0.0,0.0
2024-07-31 12:58:00+09:00,2334.0,2335.0,2334.0,2335.0,200,0.0,0.0
2024-07-31 12:59:00+09:00,2336.0,2339.0,2336.0,2339.0,1400,0.0,0.0
2024-07-31 13:00:00+09:00,2339.0,2346.0,2339.0,2342.0,1800,0.0,0.0
2024-07-31 13:01:00+09:00,2342.0,2343.0,2341.0,2343.0,1300,0.0,0.0
2024-07-31 13:02:00+09:00,2340.0,2340.0,2340.0,2340.0,400,0.0,0.0
2024-07-31 13:03:00+09:00,2339.0,2339.0,2338.0,2338.0,700,0.0,0.0
2024-07-31 13:05:00+09:00,2338.0,2339.0,2338.0,2339.0,300,0.0,0.0
2024-07-31 13:06:00+09:00,2338.0,2338.0,2337.0,2337.0,1000,0.0,0.0
2024-07-31 13:07:00+09:00,2335.0,2336.0,2335.0,2336.0,800,0.0,0.0
2024-07-31 13:09:00+09:00,2334.0,2336.0,2334.0,2336.0,500,0.0,0.0
2024-07-31 13:11:00+09:00,2337.0,2337.0,2334.0,2336.0,3600,0.0,0.0
2024-07-31 13:12:00+09:00,2334.0,2334.0,2334.0,2334.0,100,0.0,0.0
2024-07-31 13:13:00+09:00,2334.0,2334.0,2334.0,2334.0,300,0.0,0.0
2024-07-31 13:14:00+09:00,2334.0,2334.0,2334.0,2334.0,200,0.0,0.0
2024-07-31 13:15:00+09:00,2334.0,2334.0,2334.0,2334.0,300,0.0,0.0
2024-07-31 13:16:00+09:00,2334.0,2334.0,2334.0,2334.0,200,0.0,0.0
2024-07-31 13:17:00+09:00,2335.0,2335.0,2335.0,2335.0,400,0.0,0.0
2024-07-31 13:18:00+09:00,2336.0,2340.0,2336.0,2340.0,1000,0.0,0.0
2024-07-31 13:19:00+09:00,2339.0,2339.0,2339.0,2339.0,600,0.0,0.0
2024-07-31 13:20:00+09:00,2338.0,2338.0,2337.0,2337.0,1000,0.0,0.0
2024-07-31 13:22:00+09:00,2337.0,2337.0,2336.0,2336.0,1500,0.0,0.0
2024-07-31 13:23:00+09:00,2336.0,2336.0,2334.0,2334.0,1200,0.0,0.0
2024-07-31 13:24:00+09:00,2334.0,2334.0,2334.0,2334.0,300,0.0,0.0
2024-07-31 13:26:00+09:00,2334.0,2335.0,2334.0,2335.0,200,0.0,0.0
2024-07-31 13:27:00+09:00,2335.0,2335.0,2334.0,2334.0,400,0.0,0.0
2024-07-31 13:28:00+09:00,2333.0,2333.0,2333.0,2333.0,200,0.0,0.0
2024-07-31 13:29:00+09:00,2335.0,2335.0,2334.0,2334.0,300,0.0,0.0
2024-07-31 13:31:00+09:00,2333.0,2333.0,2332.0,2332.0,1500,0.0,0.0
2024-07-31 13:32:00+09:00,2331.0,2331.0,2329.0,2329.0,900,0.0,0.0
2024-07-31 13:33:00+09:00,2329.0,2329.0,2329.0,2329.0,100,0.0,0.0
2024-07-31 13:34:00+09:00,2328.0,2330.0,2325.0,2330.0,6300,0.0,0.0
2024-07-31 13:35:00+09:00,2331.0,2331.0,2331.0,2331.0,100,0.0,0.0
2024-07-31 13:36:00+09:00,2328.0,2330.0,2328.0,2330.0,1300,0.0,0.0
2024-07-31 13:37:00+09:00,2330.0,2330.0,2326.0,2326.0,4200,0.0,0.0
2024-07-31 13:38:00+09:00,2327.0,2328.0,2327.0,2327.0,600,0.0,0.0
2024-07-31 13:39:00+09:00,2329.0,2329.0,2329.0,2329.0,100,0.0,0.0
2024-07-31 13:40:00+09:00,2327.0,2327.0,2327.0,2327.0,500,0.0,0.0
2024-07-31 13:42:00+09:00,2328.0,2329.0,2328.0,2329.0,400,0.0,0.0
2024-07-31 13:43:00+09:00,2326.0,2327.0,2326.0,2327.0,300,0.0,0.0
2024-07-31 13:45:00+09:00,2327.0,2327.0,2327.0,2327.0,200,0.0,0.0
2024-07-31 13:46:00+09:00,2327.0,2327.0,2327.0,2327.0,200,0.0,0.0
2024-07-31 13:47:00+09:00,2327.0,2327.0,2327.0,2327.0,100,0.0,0.0
2024-07-31 13:48:00+09:00,2328.0,2328.0,2325.0,2326.0,3800,0.0,0.0
2024-07-31 13:49:00+09:00,2325.0,2325.0,2325.0,2325.0,800,0.0,0.0
2024-07-31 13:50:00+09:00,2325.0,2325.0,2325.0,2325.0,200,0.0,0.0
2024-07-31 13:51:00+09:00,2325.0,2325.0,2325.0,2325.0,500,0.0,0.0
2024-07-31 13:52:00+09:00,2325.0,2325.0,2325.0,2325.0,500,0.0,0.0
2024-07-31 13:54:00+09:00,2325.0,2328.0,2325.0,2327.0,1800,0.0,0.0
2024-07-31 13:55:00+09:00,2328.0,2328.0,2325.0,2327.0,2000,0.0,0.0
2024-07-31 13:58:00+09:00,2327.0,2327.0,2326.0,2326.0,200,0.0,0.0
2024-07-31 13:59:00+09:00,2326.0,2326.0,2326.0,2326.0,200,0.0,0.0
2024-07-31 14:02:00+09:00,2326.0,2327.0,2326.0,2327.0,300,0.0,0.0
2024-07-31 14:03:00+09:00,2327.0,2327.0,2327.0,2327.0,400,0.0,0.0
2024-07-31 14:04:00+09:00,2328.0,2328.0,2328.0,2328.0,300,0.0,0.0
2024-07-31 14:05:00+09:00,2329.0,2329.0,2329.0,2329.0,100,0.0,0.0
2024-07-31 14:06:00+09:00,2329.0,2329.0,2328.0,2328.0,1100,0.0,0.0
2024-07-31 14:08:00+09:00,2328.0,2328.0,2328.0,2328.0,0,0.0,0.0
2024-07-31 14:10:00+09:00,2329.0,2330.0,2328.0,2329.0,337800,0.0,0.0
2024-07-31 14:11:00+09:00,2329.0,2329.0,2326.0,2326.0,3900,0.0,0.0
2024-07-31 14:12:00+09:00,2325.0,2325.0,2325.0,2325.0,1000,0.0,0.0
2024-07-31 14:15:00+09:00,2324.0,2324.0,2324.0,2324.0,1100,0.0,0.0
2024-07-31 14:16:00+09:00,2325.0,2327.0,2325.0,2327.0,1000,0.0,0.0
2024-07-31 14:17:00+09:00,2327.0,2327.0,2327.0,2327.0,200,0.0,0.0
2024-07-31 14:18:00+09:00,2328.0,2328.0,2328.0,2328.0,700,0.0,0.0
2024-07-31 14:19:00+09:00,2328.0,2333.0,2328.0,2330.0,7100,0.0,0.0
2024-07-31 14:20:00+09:00,2329.0,2330.0,2329.0,2330.0,600,0.0,0.0
2024-07-31 14:21:00+09:00,2330.0,2330.0,2330.0,2330.0,100,0.0,0.0
2024-07-31 14:22:00+09:00,2329.0,2330.0,2329.0,2330.0,1200,0.0,0.0
2024-07-31 14:23:00+09:00,2330.0,2335.0,2329.0,2333.0,8000,0.0,0.0
2024-07-31 14:24:00+09:00,2334.0,2337.0,2333.0,2337.0,2600,0.0,0.0
2024-07-31 14:25:00+09:00,2338.0,2338.0,2338.0,2338.0,700,0.0,0.0
2024-07-31 14:26:00+09:00,2339.0,2343.0,2339.0,2343.0,2300,0.0,0.0
2024-07-31 14:27:00+09:00,2343.0,2345.0,2342.0,2345.0,1500,0.0,0.0
2024-07-31 14:28:00+09:00,2343.0,2343.0,2341.0,2343.0,1900,0.0,0.0
2024-07-31 14:30:00+09:00,2343.0,2343.0,2341.0,2341.0,1100,0.0,0.0
2024-07-31 14:31:00+09:00,2340.0,2344.0,2339.0,2343.0,4700,0.0,0.0
2024-07-31 14:32:00+09:00,2343.0,2345.0,2342.0,2345.0,500,0.0,0.0
2024-07-31 14:33:00+09:00,2346.0,2356.0,2346.0,2355.0,25200,0.0,0.0
2024-07-31 14:34:00+09:00,2356.0,2356.0,2354.0,2354.0,2300,0.0,0.0
2024-07-31 14:35:00+09:00,2355.0,2356.0,2355.0,2355.0,1000,0.0,0.0
2024-07-31 14:36:00+09:00,2356.0,2356.0,2356.0,2356.0,400,0.0,0.0
2024-07-31 14:37:00+09:00,2356.0,2356.0,2356.0,2356.0,100,0.0,0.0
2024-07-31 14:38:00+09:00,2357.0,2357.0,2352.0,2352.0,3400,0.0,0.0
2024-07-31 14:39:00+09:00,2350.0,2350.0,2349.0,2349.0,500,0.0,0.0
2024-07-31 14:40:00+09:00,2350.0,2352.0,2349.0,2349.0,1800,0.0,0.0
2024-07-31 14:41:00+09:00,2349.0,2352.0,2349.0,2352.0,1900,0.0,0.0
2024-07-31 14:42:00+09:00,2353.0,2353.0,2352.0,2352.0,400,0.0,0.0
2024-07-31 14:43:00+09:00,2353.0,2358.0,2353.0,2354.0,1500,0.0,0.0
2024-07-31 14:44:00+09:00,2354.0,2355.0,2354.0,2355.0,500,0.0,0.0
2024-07-31 14:45:00+09:00,2356.0,2357.0,2356.0,2357.0,900,0.0,0.0
2024-07-31 14:46:00+09:00,2357.0,2358.0,2357.0,2358.0,800,0.0,0.0
2024-07-31 14:47:00+09:00,2359.0,2363.0,2359.0,2363.0,5700,0.0,0.0
2024-07-31 14:48:00+09:00,2363.0,2365.0,2362.0,2362.0,1500,0.0,0.0
2024-07-31 14:49:00+09:00,2363.0,2363.0,2362.0,2363.0,1700,0.0,0.0
2024-07-31 14:50:00+09:00,2363.0,2363.0,2361.0,2362.0,2100,0.0,0.0
2024-07-31 14:51:00+09:00,2362.0,2363.0,2362.0,2363.0,1400,0.0,0.0
2024-07-31 14:52:00+09:00,2364.0,2364.0,2364.0,2364.0,1200,0.0,0.0
2024-07-31 14:53:00+09:00,2364.0,2367.0,2364.0,2367.0,1400,0.0,0.0
2024-07-31 14:54:00+09:00,2367.0,2369.0,2366.0,2368.0,2700,0.0,0.0
2024-07-31 14:55:00+09:00,2368.0,2369.0,2367.0,2367.0,3500,0.0,0.0
2024-07-31 14:56:00+09:00,2368.0,2369.0,2367.0,2369.0,2500,0.0,0.0
2024-07-31 14:57:00+09:00,2368.0,2369.0,2368.0,2368.0,600,0.0,0.0
2024-07-31 14:58:00+09:00,2369.0,2372.0,2369.0,2372.0,3800,0.0,0.0
2024-07-31 14:59:00+09:00,2373.0,2380.0,2371.0,2380.0,17100,0.0,0.0
2024-08-01 09:00:00+09:00,2340.0,2355.0,2336.0,2349.0,10800,0.0,0.0
2024-08-01 09:01:00+09:00,2351.0,2357.0,2350.0,2357.0,800,0.0,0.0
2024-08-01 09:02:00+09:00,2356.0,2356.0,2346.0,2350.0,3100,0.0,0.0
2024-08-01 09:03:00+09:00,2347.0,2350.0,2347.0,2350.0,400,0.0,0.0
2024-08-01 09:04:00+09:00,2352.0,2352.0,2352.0,2352.0,100,0.0,0.0
2024-08-01 09:05:00+09:00,2356.0,2356.0,2356.0,2356.0,100,0.0,0.0
2024-08-01 09:06:00+09:00,2356.0,2356.0,2348.0,2348.0,3100,0.0,0.0
2024-08-01 09:07:00+09:00,2346.0,2346.0,2346.0,2346.0,400,0.0,0.0
2024-08-01 09:08:00+09:00,2349.0,2349.0,2349.0,2349.0,100,0.0,0.0
2024-08-01 09:09:00+09:00,2348.0,2348.0,2346.0,2346.0,1300,0.0,0.0
2024-08-01 09:12:00+09:00,2344.0,2344.0,2344.0,2344.0,100,0.0,0.0
2024-08-01 09:13:00+09:00,2344.0,2344.0,2343.0,2343.0,800,0.0,0.0
2024-08-01 09:14:00+09:00,2342.0,2342.0,2342.0,2342.0,400,0.0,0.0
2024-08-01 09:15:00+09:00,2345.0,2345.0,2342.0,2343.0,800,0.0,0.0
2024-08-01 09:16:00+09:00,2345.0,2345.0,2341.0,2341.0,900,0.0,0.0
2024-08-01 09:18:00+09:00,2339.0,2339.0,2332.0,2335.0,1400,0.0,0.0
2024-08-01 09:20:00+09:00,2334.0,2334.0,2330.0,2331.0,1200,0.0,0.0
2024-08-01 09:21:00+09:00,2327.0,2327.0,2323.0,2323.0,900,0.0,0.0
2024-08-01 09:22:00+09:00,2323.0,2326.0,2323.0,2323.0,800,0.0,0.0
2024-08-01 09:23:00+09:00,2327.0,2328.0,2325.0,2325.0,300,0.0,0.0
2024-08-01 09:24:00+09:00,2329.0,2329.0,2329.0,2329.0,100,0.0,0.0
2024-08-01 09:25:00+09:00,2326.0,2326.0,2324.0,2324.0,600,0.0,0.0
2024-08-01 09:26:00+09:00,2325.0,2327.0,2325.0,2327.0,300,0.0,0.0
2024-08-01 09:27:00+09:00,2329.0,2334.0,2329.0,2334.0,1900,0.0,0.0
2024-08-01 09:28:00+09:00,2333.0,2333.0,2330.0,2330.0,1100,0.0,0.0
2024-08-01 09:29:00+09:00,2332.0,2334.0,2332.0,2332.0,600,0.0,0.0
2024-08-01 09:30:00+09:00,2333.0,2340.0,2333.0,2340.0,1000,0.0,0.0
2024-08-01 09:31:00+09:00,2342.0,2342.0,2338.0,2338.0,1400,0.0,0.0
2024-08-01 09:32:00+09:00,2337.0,2337.0,2336.0,2336.0,500,0.0,0.0
2024-08-01 09:33:00+09:00,2336.0,2336.0,2333.0,2333.0,400,0.0,0.0
2024-08-01 09:34:00+09:00,2333.0,2333.0,2332.0,2333.0,800,0.0,0.0
2024-08-01 09:35:00+09:00,2334.0,2336.0,2334.0,2336.0,700,0.0,0.0
2024-08-01 09:36:00+09:00,2337.0,2337.0,2337.0,2337.0,100,0.0,0.0
2024-08-01 09:37:00+09:00,2337.0,2337.0,2329.0,2329.0,1300,0.0,0.0
2024-08-01 09:38:00+09:00,2328.0,2328.0,2328.0,2328.0,200,0.0,0.0
2024-08-01 09:39:00+09:00,2327.0,2327.0,2326.0,2326.0,400,0.0,0.0
2024-08-01 09:40:00+09:00,2330.0,2330.0,2330.0,2330.0,400,0.0,0.0
2024-08-01 09:41:00+09:00,2333.0,2333.0,2330.0,2330.0,900,0.0,0.0
2024-08-01 09:44:00+09:00,2331.0,2331.0,2329.0,2329.0,1300,0.0,0.0
2024-08-01 09:45:00+09:00,2331.0,2331.0,2331.0,2331.0,1500,0.0,0.0
2024-08-01 09:46:00+09:00,2331.0,2331.0,2331.0,2331.0,200,0.0,0.0
2024-08-01 09:47:00+09:00,2333.0,2336.0,2333.0,2336.0,800,0.0,0.0
2024-08-01 09:48:00+09:00,2337.0,2339.0,2337.0,2339.0,300,0.0,0.0
2024-08-01 09:49:00+09:00,2340.0,2340.0,2338.0,2339.0,800,0.0,0.0
2024-08-01 09:50:00+09:00,2340.0,2340.0,2340.0,2340.0,100,0.0,0.0
2024-08-01 09:51:00+09:00,2342.0,2342.0,2336.0,2337.0,1600,0.0,0.0
2024-08-01 09:53:00+09:00,2335.0,2335.0,2331.0,2331.0,700,0.0,0.0
2024-08-01 09:54:00+09:00,2330.0,2330.0,2329.0,2329.0,200,0.0,0.0
2024-08-01 09:56:00+09:00,2331.0,2333.0,2326.0,2326.0,1100,0.0,0.0
2024-08-01 09:57:00+09:00,2328.0,2328.0,2328.0,2328.0,100,0.0,0.0
2024-08-01 09:59:00+09:00,2326.0,2326.0,2324.0,2324.0,800,0.0,0.0
2024-08-01 10:00:00+09:00,2325.0,2327.0,2325.0,2327.0,800,0.0,0.0
2024-08-01 10:01:00+09:00,2326.0,2326.0,2326.0,2326.0,100,0.0,0.0
2024-08-01 10:02:00+09:00,2326.0,2326.0,2325.0,2325.0,700,0.0,0.0
2024-08-01 10:03:00+09:00,2325.0,2327.0,2325.0,2327.0,600,0.0,0.0
2024-08-01 10:04:00+09:00,2327.0,2327.0,2327.0,2327.0,200,0.0,0.0
2024-08-01 10:05:00+09:00,2328.0,2333.0,2328.0,2329.0,3000,0.0,0.0
2024-08-01 10:06:00+09:00,2330.0,2332.0,2330.0,2332.0,600,0.0,0.0
2024-08-01 10:09:00+09:00,2333.0,2333.0,2333.0,2333.0,100,0.0,0.0
2024-08-01 10:10:00+09:00,2335.0,2336.0,2335.0,2336.0,300,0.0,0.0
2024-08-01 10:11:00+09:00,2338.0,2341.0,2338.0,2341.0,800,0.0,0.0
2024-08-01 10:12:00+09:00,2342.0,2344.0,2342.0,2343.0,1100,0.0,0.0
2024-08-01 10:13:00+09:00,2343.0,2345.0,2343.0,2345.0,400,0.0,0.0
2024-08-01 10:14:00+09:00,2345.0,2345.0,2345.0,2345.0,500,0.0,0.0
2024-08-01 10:16:00+09:00,2348.0,2348.0,2343.0,2347.0,4000,0.0,0.0
2024-08-01 10:20:00+09:00,2348.0,2351.0,2348.0,2351.0,700,0.0,0.0
2024-08-01 10:21:00+09:00,2353.0,2353.0,2352.0,2352.0,1300,0.0,0.0
2024-08-01 10:22:00+09:00,2354.0,2356.0,2354.0,2354.0,1500,0.0,0.0
2024-08-01 10:23:00+09:00,2354.0,2354.0,2354.0,2354.0,700,0.0,0.0
2024-08-01 10:24:00+09:00,2354.0,2354.0,2354.0,2354.0,300,0.0,0.0
2024-08-01 10:26:00+09:00,2353.0,2353.0,2351.0,2351.0,1000,0.0,0.0
2024-08-01 10:27:00+09:00,2349.0,2349.0,2349.0,2349.0,300,0.0,0.0
2024-08-01 10:28:00+09:00,2350.0,2350.0,2349.0,2349.0,200,0.0,0.0
2024-08-01 10:29:00+09:00,2349.0,2350.0,2349.0,2350.0,500,0.0,0.0
2024-08-01 10:30:00+09:00,2349.0,2349.0,2346.0,2346.0,900,0.0,0.0
2024-08-01 10:31:00+09:00,2347.0,2347.0,2347.0,2347.0,600,0.0,0.0
2024-08-01 10:32:00+09:00,2346.0,2346.0,2345.0,2345.0,400,0.0,0.0
2024-08-01 10:33:00+09:00,2344.0,2344.0,2344.0,2344.0,100,0.0,0.0
2024-08-01 10:34:00+09:00,2344.0,2344.0,2342.0,2342.0,300,0.0,0.0
2024-08-01 10:35:00+09:00,2344.0,2344.0,2344.0,2344.0,100,0.0,0.0
2024-08-01 10:36:00+09:00,2344.0,2347.0,2338.0,2347.0,5300,0.0,0.0
2024-08-01 10:37:00+09:00,2347.0,2347.0,2346.0,2347.0,400,0.0,0.0
2024-08-01 10:38:00+09:00,2348.0,2348.0,2343.0,2343.0,2100,0.0,0.0
2024-08-01 10:40:00+09:00,2344.0,2344.0,2343.0,2343.0,300,0.0,0.0
2024-08-01 10:41:00+09:00,2343.0,2343.0,2343.0,2343.0,400,0.0,0.0
2024-08-01 10:43:00+09:00,2343.0,2343.0,2341.0,2341.0,1500,0.0,0.0
2024-08-01 10:44:00+09:00,2341.0,2341.0,2341.0,2341.0,200,0.0,0.0
2024-08-01 10:47:00+09:00,2340.0,2340.0,2336.0,2337.0,1200,0.0,0.0
2024-08-01 10:48:00+09:00,2339.0,2339.0,2339.0,2339.0,100,0.0,0.0
2024-08-01 10:49:00+09:00,2339.0,2339.0,2339.0,2339.0,100,0.0,0.0
2024-08-01 10:50:00+09:00,2340.0,2340.0,2340.0,2340.0,600,0.0,0.0
2024-08-01 10:51:00+09:00,2339.0,2339.0,2339.0,2339.0,500,0.0,0.0
2024-08-01 10:52:00+09:00,2339.0,2339.0,2339.0,2339.0,100,0.0,0.0
2024-08-01 10:53:00+09:00,2340.0,2340.0,2340.0,2340.0,400,0.0,0.0
2024-08-01 10:54:00+09:00,2338.0,2339.0,2338.0,2339.0,900,0.0,0.0
2024-08-01 10:59:00+09:00,2343.0,2343.0,2343.0,2343.0,100,0.0,0.0
2024-08-01 11:00:00+09:00,2344.0,2344.0,2344.0,2344.0,200,0.0,0.0
2024-08-01 11:03:00+09:00,2344.0,2344.0,2344.0,2344.0,400,0.0,0.0
2024-08-01 11:04:00+09:00,2344.0,2345.0,2344.0,2345.0,300,0.0,0.0
2024-08-01 11:05:00+09:00,2346.0,2349.0,2346.0,2349.0,400,0.0,0.0
2024-08-01 11:06:00+09:00,2347.0,2347.0,2342.0,2342.0,3700,0.0,0.0
2024-08-01 11:09:00+09:00,2342.0,2342.0,2342.0,2342.0,200,0.0,0.0
2024-08-01 11:10:00+09:00,2341.0,2341.0,2340.0,2340.0,500,0.0,0.0
2024-08-01 11:12:00+09:00,2335.0,2335.0,2333.0,2333.0,800,0.0,0.0
2024-08-01 11:14:00+09:00,2334.0,2339.0,2329.0,2335.0,8000,0.0,0.0
2024-08-01 11:15:00+09:00,2334.0,2334.0,2331.0,2331.0,500,0.0,0.0
2024-08-01 11:16:00+09:00,2332.0,2344.0,2332.0,2344.0,1300,0.0,0.0
2024-08-01 11:17:00+09:00,2345.0,2356.0,2345.0,2353.0,8700,0.0,0.0
2024-08-01 11:18:00+09:00,2353.0,2357.0,2352.0,2357.0,1200,0.0,0.0
2024-08-01 11:19:00+09:00,2358.0,2364.0,2358.0,2361.0,1700,0.0,0.0
2024-08-01 11:21:00+09:00,2360.0,2363.0,2360.0,2361.0,1100,0.0,0.0
2024-08-01 11:22:00+09:00,2363.0,2366.0,2363.0,2363.0,1500,0.0,0.0
2024-08-01 11:23:00+09:00,2364.0,2365.0,2364.0,2364.0,500,0.0,0.0
2024-08-01 11:24:00+09:00,2364.0,2368.0,2364.0,2368.0,500,0.0,0.0
2024-08-01 11:25:00+09:00,2369.0,2372.0,2369.0,2369.0,900,0.0,0.0
2024-08-01 11:26:00+09:00,2370.0,2370.0,2370.0,2370.0,200,0.0,0.0
2024-08-01 11:27:00+09:00,2373.0,2373.0,2373.0,2373.0,100,0.0,0.0
2024-08-01 11:28:00+09:00,2375.0,2379.0,2375.0,2378.0,1400,0.0,0.0
2024-08-01 11:29:00+09:00,2379.0,2381.0,2379.0,2381.0,400,0.0,0.0
2024-08-01 11:30:00+09:00,2382.0,2382.0,2382.0,2382.0,400,0.0,0.0
2024-08-01 11:35:00+09:00,2382.0,2382.0,2382.0,2382.0,0,0.0,0.0
2024-08-01 12:30:00+09:00,2376.0,2378.0,2371.0,2371.0,131600,0.0,0.0
2024-08-01 12:31:00+09:00,2375.0,2379.0,2373.0,2373.0,1800,0.0,0.0
2024-08-01 12:32:00+09:00,2374.0,2392.0,2374.0,2386.0,13900,0.0,0.0
2024-08-01 12:33:00+09:00,2389.0,2395.0,2389.0,2391.0,1700,0.0,0.0
2024-08-01 12:34:00+09:00,2392.0,2400.0,2382.0,2392.0,20300,0.0,0.0
2024-08-01 12:35:00+09:00,2392.0,2392.0,2388.0,2388.0,2300,0.0,0.0
2024-08-01 12:36:00+09:00,2387.0,2389.0,2384.0,2388.0,3800,0.0,0.0
2024-08-01 12:37:00+09:00,2389.0,2391.0,2388.0,2391.0,1900,0.0,0.0
2024-08-01 12:38:00+09:00,2389.0,2391.0,2388.0,2390.0,900,0.0,0.0
2024-08-01 12:39:00+09:00,2392.0,2393.0,2390.0,2393.0,900,0.0,0.0
2024-08-01 12:40:00+09:00,2396.0,2396.0,2393.0,2395.0,1900,0.0,0.0
2024-08-01 12:41:00+09:00,2393.0,2396.0,2393.0,2396.0,300,0.0,0.0
2024-08-01 12:42:00+09:00,2398.0,2409.0,2398.0,2409.0,7500,0.0,0.0
2024-08-01 12:43:00+09:00,2408.0,2408.0,2406.0,2406.0,1600,0.0,0.0
2024-08-01 12:44:00+09:00,2409.0,2415.0,2409.0,2415.0,1700,0.0,0.0
2024-08-01 12:45:00+09:00,2416.0,2420.0,2416.0,2417.0,2400,0.0,0.0
2024-08-01 12:46:00+09:00,2419.0,2421.0,2418.0,2421.0,1800,0.0,0.0
2024-08-01 12:47:00+09:00,2422.0,2424.0,2422.0,2423.0,1000,0.0,0.0
2024-08-01 12:48:00+09:00,2422.0,2424.0,2420.0,2424.0,2000,0.0,0.0
2024-08-01 12:49:00+09:00,2425.0,2433.0,2425.0,2433.0,1300,0.0,0.0
2024-08-01 12:50:00+09:00,2430.0,2433.0,2424.0,2424.0,4600,0.0,0.0
2024-08-01 12:51:00+09:00,2424.0,2426.0,2422.0,2423.0,1900,0.0,0.0
2024-08-01 12:52:00+09:00,2423.0,2430.0,2423.0,2428.0,3100,0.0,0.0
2024-08-01 12:53:00+09:00,2427.0,2428.0,2426.0,2428.0,1500,0.0,0.0
2024-08-01 12:54:00+09:00,2427.0,2427.0,2426.0,2426.0,300,0.0,0.0
2024-08-01 12:55:00+09:00,2426.0,2440.0,2426.0,2433.0,8900,0.0,0.0
2024-08-01 12:56:00+09:00,2436.0,2437.0,2436.0,2437.0,1500,0.0,0.0
2024-08-01 12:57:00+09:00,2438.0,2440.0,2438.0,2440.0,2000,0.0,0.0
2024-08-01 12:58:00+09:00,2442.0,2444.0,2442.0,2444.0,700,0.0,0.0
2024-08-01 12:59:00+09:00,2445.0,2447.0,2439.0,2443.0,5200,0.0,0.0
2024-08-01 13:00:00+09:00,2444.0,2454.0,2443.0,2450.0,5300,0.0,0.0
2024-08-01 13:01:00+09:00,2447.0,2447.0,2445.0,2447.0,1500,0.0,0.0
2024-08-01 13:02:00+09:00,2447.0,2447.0,2444.0,2444.0,1500,0.0,0.0
2024-08-01 13:03:00+09:00,2443.0,2445.0,2441.0,2445.0,1800,0.0,0.0
2024-08-01 13:04:00+09:00,2446.0,2447.0,2444.0,2445.0,1000,0.0,0.0
2024-08-01 13:05:00+09:00,2444.0,2447.0,2442.0,2447.0,3500,0.0,0.0
2024-08-01 13:06:00+09:00,2447.0,2447.0,2446.0,2446.0,1700,0.0,0.0
2024-08-01 13:07:00+09:00,2447.0,2447.0,2447.0,2447.0,200,0.0,0.0
2024-08-01 13:08:00+09:00,2447.0,2447.0,2446.0,2446.0,1500,0.0,0.0
2024-08-01 13:09:00+09:00,2447.0,2447.0,2446.0,2446.0,800,0.0,0.0
2024-08-01 13:10:00+09:00,2446.0,2446.0,2445.0,2446.0,700,0.0,0.0
2024-08-01 13:11:00+09:00,2446.0,2446.0,2446.0,2446.0,300,0.0,0.0
2024-08-01 13:12:00+09:00,2446.0,2454.0,2446.0,2454.0,3500,0.0,0.0
2024-08-01 13:13:00+09:00,2455.0,2455.0,2454.0,2455.0,500,0.0,0.0
2024-08-01 13:14:00+09:00,2454.0,2454.0,2454.0,2454.0,200,0.0,0.0
2024-08-01 13:15:00+09:00,2454.0,2456.0,2454.0,2456.0,2100,0.0,0.0
2024-08-01 13:16:00+09:00,2457.0,2461.0,2456.0,2456.0,2600,0.0,0.0
2024-08-01 13:17:00+09:00,2457.0,2460.0,2457.0,2458.0,300,0.0,0.0
2024-08-01 13:18:00+09:00,2458.0,2458.0,2457.0,2457.0,1400,0.0,0.0
2024-08-01 13:19:00+09:00,2459.0,2460.0,2455.0,2455.0,1900,0.0,0.0
2024-08-01 13:20:00+09:00,2454.0,2454.0,2454.0,2454.0,300,0.0,0.0
2024-08-01 13:21:00+09:00,2456.0,2456.0,2454.0,2454.0,1000,0.0,0.0
2024-08-01 13:22:00+09:00,2453.0,2454.0,2453.0,2454.0,600,0.0,0.0
2024-08-01 13:23:00+09:00,2454.0,2454.0,2454.0,2454.0,100,0.0,0.0
2024-08-01 13:24:00+09:00,2453.0,2454.0,2452.0,2453.0,1500,0.0,0.0
2024-08-01 13:25:00+09:00,2454.0,2454.0,2450.0,2450.0,2000,0.0,0.0
2024-08-01 13:26:00+09:00,2450.0,2452.0,2450.0,2451.0,1800,0.0,0.0
2024-08-01 13:27:00+09:00,2453.0,2457.0,2452.0,2457.0,1900,0.0,0.0
2024-08-01 13:28:00+09:00,2457.0,2458.0,2457.0,2457.0,300,0.0,0.0
2024-08-01 13:29:00+09:00,2456.0,2458.0,2456.0,2458.0,600,0.0,0.0
2024-08-01 13:30:00+09:00,2458.0,2458.0,2456.0,2456.0,800,0.0,0.0
2024-08-01 13:31:00+09:00,2456.0,2456.0,2451.0,2452.0,1400,0.0,0.0
2024-08-01 13:32:00+09:00,2452.0,2455.0,2452.0,2455.0,200,0.0,0.0
2024-08-01 13:33:00+09:00,2455.0,2456.0,2455.0,2456.0,300,0.0,0.0
2024-08-01 13:34:00+09:00,2454.0,2454.0,2453.0,2453.0,400,0.0,0.0
2024-08-01 13:35:00+09:00,2454.0,2456.0,2454.0,2456.0,1300,0.0,0.0
2024-08-01 13:36:00+09:00,2457.0,2461.0,2457.0,2461.0,1100,0.0,0.0
2024-08-01 13:37:00+09:00,2461.0,2462.0,2461.0,2462.0,700,0.0,0.0
2024-08-01 13:38:00+09:00,2463.0,2463.0,2460.0,2460.0,1900,0.0,0.0
2024-08-01 13:39:00+09:00,2461.0,2461.0,2459.0,2459.0,1000,0.0,0.0
2024-08-01 13:40:00+09:00,2458.0,2458.0,2455.0,2458.0,1500,0.0,0.0
2024-08-01 13:41:00+09:00,2458.0,2458.0,2457.0,2458.0,1100,0.0,0.0
2024-08-01 13:42:00+09:00,2460.0,2461.0,2460.0,2461.0,300,0.0,0.0
2024-08-01 13:43:00+09:00,2460.0,2460.0,2459.0,2460.0,700,0.0,0.0
2024-08-01 13:44:00+09:00,2461.0,2465.0,2461.0,2465.0,1900,0.0,0.0
2024-08-01 13:45:00+09:00,2466.0,2466.0,2464.0,2466.0,2400,0.0,0.0
2024-08-01 13:46:00+09:00,2466.0,2469.0,2466.0,2469.0,1700,0.0,0.0
2024-08-01 13:47:00+09:00,2467.0,2467.0,2467.0,2467.0,100,0.0,0.0
2024-08-01 13:48:00+09:00,2468.0,2468.0,2463.0,2464.0,2900,0.0,0.0
2024-08-01 13:49:00+09:00,2463.0,2463.0,2463.0,2463.0,500,0.0,0.0
2024-08-01 13:50:00+09:00,2465.0,2466.0,2463.0,2463.0,1100,0.0,0.0
2024-08-01 13:51:00+09:00,2464.0,2464.0,2464.0,2464.0,700,0.0,0.0
2024-08-01 13:52:00+09:00,2465.0,2466.0,2465.0,2465.0,400,0.0,0.0
2024-08-01 13:53:00+09:00,2466.0,2466.0,2462.0,2462.0,3300,0.0,0.0
2024-08-01 13:54:00+09:00,2461.0,2461.0,2459.0,2459.0,700,0.0,0.0
2024-08-01 13:55:00+09:00,2461.0,2461.0,2461.0,2461.0,700,0.0,0.0
2024-08-01 13:56:00+09:00,2461.0,2461.0,2461.0,2461.0,500,0.0,0.0
2024-08-01 13:57:00+09:00,2460.0,2460.0,2459.0,2459.0,1200,0.0,0.0
2024-08-01 13:59:00+09:00,2461.0,2461.0,2459.0,2460.0,1200,0.0,0.0
2024-08-01 14:00:00+09:00,2458.0,2462.0,2458.0,2462.0,1600,0.0,0.0
2024-08-01 14:01:00+09:00,2464.0,2466.0,2464.0,2466.0,1200,0.0,0.0
2024-08-01 14:02:00+09:00,2466.0,2468.0,2466.0,2468.0,800,0.0,0.0
2024-08-01 14:03:00+09:00,2466.0,2468.0,2466.0,2468.0,1100,0.0,0.0
2024-08-01 14:04:00+09:00,2467.0,2472.0,2467.0,2471.0,2300,0.0,0.0
2024-08-01 14:05:00+09:00,2473.0,2474.0,2473.0,2473.0,1100,0.0,0.0
2024-08-01 14:06:00+09:00,2473.0,2474.0,2469.0,2469.0,1900,0.0,0.0
2024-08-01 14:07:00+09:00,2471.0,2471.0,2471.0,2471.0,400,0.0,0.0
2024-08-01 14:08:00+09:00,2471.0,2471.0,2471.0,2471.0,300,0.0,0.0
2024-08-01 14:09:00+09:00,2471.0,2474.0,2471.0,2471.0,1000,0.0,0.0
2024-08-01 14:10:00+09:00,2473.0,2474.0,2468.0,2468.0,3300,0.0,0.0
2024-08-01 14:11:00+09:00,2466.0,2468.0,2466.0,2468.0,600,0.0,0.0
2024-08-01 14:12:00+09:00,2468.0,2469.0,2468.0,2469.0,400,0.0,0.0
2024-08-01 14:13:00+09:00,2471.0,2471.0,2471.0,2471.0,300,0.0,0.0
2024-08-01 14:14:00+09:00,2470.0,2471.0,2470.0,2471.0,200,0.0,0.0
2024-08-01 14:15:00+09:00,2471.0,2471.0,2470.0,2470.0,1300,0.0,0.0
2024-08-01 14:16:00+09:00,2471.0,2471.0,2471.0,2471.0,200,0.0,0.0
2024-08-01 14:17:00+09:00,2472.0,2472.0,2472.0,2472.0,200,0.0,0.0
2024-08-01 14:19:00+09:00,2472.0,2474.0,2472.0,2474.0,700,0.0,0.0
2024-08-01 14:20:00+09:00,2475.0,2475.0,2464.0,2464.0,6300,0.0,0.0
2024-08-01 14:21:00+09:00,2464.0,2466.0,2464.0,2465.0,1300,0.0,0.0
2024-08-01 14:22:00+09:00,2466.0,2468.0,2466.0,2468.0,800,0.0,0.0
2024-08-01 14:23:00+09:00,2469.0,2469.0,2468.0,2468.0,700,0.0,0.0
2024-08-01 14:24:00+09:00,2470.0,2472.0,2470.0,2470.0,1500,0.0,0.0
2024-08-01 14:25:00+09:00,2471.0,2471.0,2471.0,2471.0,200,0.0,0.0
2024-08-01 14:26:00+09:00,2471.0,2472.0,2471.0,2471.0,500,0.0,0.0
2024-08-01 14:27:00+09:00,2471.0,2471.0,2465.0,2465.0,2900,0.0,0.0
2024-08-01 14:28:00+09:00,2464.0,2464.0,2463.0,2463.0,600,0.0,0.0
2024-08-01 14:29:00+09:00,2462.0,2462.0,2461.0,2461.0,900,0.0,0.0
2024-08-01 14:30:00+09:00,2460.0,2460.0,2459.0,2459.0,800,0.0,0.0
2024-08-01 14:31:00+09:00,2458.0,2459.0,2458.0,2459.0,600,0.0,0.0
2024-08-01 14:32:00+09:00,2458.0,2458.0,2458.0,2458.0,500,0.0,0.0
2024-08-01 14:33:00+09:00,2457.0,2460.0,2457.0,2460.0,1300,0.0,0.0
2024-08-01 14:34:00+09:00,2460.0,2460.0,2460.0,2460.0,1000,0.0,0.0
2024-08-01 14:35:00+09:00,2462.0,2465.0,2462.0,2465.0,1700,0.0,0.0
2024-08-01 14:36:00+09:00,2465.0,2465.0,2463.0,2463.0,2100,0.0,0.0
2024-08-01 14:37:00+09:00,2462.0,2462.0,2460.0,2460.0,800,0.0,0.0
2024-08-01 14:38:00+09:00,2458.0,2459.0,2458.0,2459.0,1300,0.0,0.0
2024-08-01 14:39:00+09:00,2458.0,2458.0,2455.0,2457.0,5200,0.0,0.0
2024-08-01 14:40:00+09:00,2457.0,2458.0,2457.0,2457.0,900,0.0,0.0
2024-08-01 14:41:00+09:00,2456.0,2456.0,2456.0,2456.0,600,0.0,0.0
2024-08-01 14:42:00+09:00,2456.0,2456.0,2456.0,2456.0,300,0.0,0.0
2024-08-01 14:43:00+09:00,2455.0,2457.0,2455.0,2456.0,1100,0.0,0.0
2024-08-01 14:45:00+09:00,2457.0,2459.0,2457.0,2459.0,1100,0.0,0.0
2024-08-01 14:46:00+09:00,2461.0,2463.0,2461.0,2463.0,1400,0.0,0.0
2024-08-01 14:47:00+09:00,2464.0,2464.0,2464.0,2464.0,2100,0.0,0.0
2024-08-01 14:48:00+09:00,2464.0,2468.0,2464.0,2468.0,700,0.0,0.0
2024-08-01 14:49:00+09:00,2467.0,2468.0,2465.0,2465.0,2400,0.0,0.0
2024-08-01 14:50:00+09:00,2465.0,2465.0,2461.0,2461.0,4700,0.0,0.0
2024-08-01 14:51:00+09:00,2462.0,2462.0,2460.0,2460.0,3700,0.0,0.0
2024-08-01 14:52:00+09:00,2461.0,2462.0,2461.0,2462.0,500,0.0,0.0
2024-08-01 14:53:00+09:00,2462.0,2462.0,2460.0,2461.0,2800,0.0,0.0
2024-08-01 14:54:00+09:00,2460.0,2461.0,2460.0,2461.0,1900,0.0,0.0
2024-08-01 14:55:00+09:00,2460.0,2461.0,2460.0,2461.0,3700,0.0,0.0
2024-08-01 14:56:00+09:00,2460.0,2460.0,2458.0,2458.0,1500,0.0,0.0
2024-08-01 14:57:00+09:00,2459.0,2461.0,2458.0,2461.0,5900,0.0,0.0
2024-08-01 14:58:00+09:00,2461.0,2463.0,2461.0,2463.0,3100,0.0,0.0
2024-08-01 14:59:00+09:00,2470.0,2479.0,2467.0,2467.0,21800,0.0,0.0
2024-08-02 09:02:00+09:00,2412.0,2424.0,2404.0,2411.0,32800,0.0,0.0
2024-08-02 09:03:00+09:00,2405.0,2411.0,2391.0,2399.0,5400,0.0,0.0
2024-08-02 09:04:00+09:00,2400.0,2410.0,2398.0,2406.0,3000,0.0,0.0
2024-08-02 09:05:00+09:00,2410.0,2410.0,2396.0,2401.0,2300,0.0,0.0
2024-08-02 09:06:00+09:00,2402.0,2404.0,2402.0,2403.0,3200,0.0,0.0
2024-08-02 09:07:00+09:00,2402.0,2405.0,2398.0,2398.0,3000,0.0,0.0
2024-08-02 09:08:00+09:00,2402.0,2411.0,2401.0,2403.0,9700,0.0,0.0
2024-08-02 09:09:00+09:00,2406.0,2407.0,2400.0,2405.0,7900,0.0,0.0
2024-08-02 09:10:00+09:00,2405.0,2406.0,2397.0,2397.0,4600,0.0,0.0
2024-08-02 09:11:00+09:00,2402.0,2409.0,2402.0,2406.0,2000,0.0,0.0
2024-08-02 09:12:00+09:00,2409.0,2412.0,2406.0,2411.0,3000,0.0,0.0
2024-08-02 09:13:00+09:00,2408.0,2411.0,2406.0,2406.0,1800,0.0,0.0
2024-08-02 09:14:00+09:00,2407.0,2407.0,2382.0,2382.0,17400,0.0,0.0
2024-08-02 09:15:00+09:00,2382.0,2382.0,2380.0,2380.0,1100,0.0,0.0
2024-08-02 09:16:00+09:00,2380.0,2385.0,2380.0,2381.0,1200,0.0,0.0
2024-08-02 09:18:00+09:00,2383.0,2383.0,2373.0,2373.0,3400,0.0,0.0
2024-08-02 09:19:00+09:00,2371.0,2377.0,2371.0,2371.0,900,0.0,0.0
2024-08-02 09:20:00+09:00,2375.0,2375.0,2363.0,2363.0,2500,0.0,0.0
2024-08-02 09:21:00+09:00,2362.0,2362.0,2357.0,2357.0,1000,0.0,0.0
2024-08-02 09:22:00+09:00,2360.0,2360.0,2353.0,2357.0,800,0.0,0.0
2024-08-02 09:23:00+09:00,2358.0,2361.0,2358.0,2358.0,800,0.0,0.0
2024-08-02 09:24:00+09:00,2362.0,2362.0,2352.0,2352.0,1400,0.0,0.0
2024-08-02 09:25:00+09:00,2354.0,2354.0,2354.0,2354.0,200,0.0,0.0
2024-08-02 09:26:00+09:00,2354.0,2357.0,2345.0,2357.0,4800,0.0,0.0
2024-08-02 09:27:00+09:00,2356.0,2356.0,2353.0,2354.0,4000,0.0,0.0
2024-08-02 09:28:00+09:00,2350.0,2350.0,2350.0,2350.0,400,0.0,0.0
2024-08-02 09:29:00+09:00,2351.0,2357.0,2351.0,2357.0,1100,0.0,0.0
2024-08-02 09:30:00+09:00,2356.0,2359.0,2354.0,2357.0,2500,0.0,0.0
2024-08-02 09:31:00+09:00,2357.0,2357.0,2356.0,2356.0,300,0.0,0.0
2024-08-02 09:32:00+09:00,2358.0,2364.0,2352.0,2364.0,3800,0.0,0.0
2024-08-02 09:33:00+09:00,2366.0,2369.0,2366.0,2368.0,1900,0.0,0.0
2024-08-02 09:34:00+09:00,2370.0,2370.0,2370.0,2370.0,400,0.0,0.0
2024-08-02 09:35:00+09:00,2369.0,2369.0,2367.0,2368.0,900,0.0,0.0
2024-08-02 09:36:00+09:00,2368.0,2368.0,2360.0,2360.0,2200,0.0,0.0
2024-08-02 09:37:00+09:00,2359.0,2359.0,2351.0,2351.0,700,0.0,0.0
2024-08-02 09:38:00+09:00,2356.0,2357.0,2356.0,2357.0,300,0.0,0.0
2024-08-02 09:39:00+09:00,2355.0,2355.0,2355.0,2355.0,100,0.0,0.0
2024-08-02 09:40:00+09:00,2355.0,2355.0,2355.0,2355.0,300,0.0,0.0
2024-08-02 09:41:00+09:00,2357.0,2358.0,2350.0,2350.0,3400,0.0,0.0
2024-08-02 09:42:00+09:00,2350.0,2354.0,2346.0,2346.0,1300,0.0,0.0
2024-08-02 09:43:00+09:00,2345.0,2345.0,2341.0,2341.0,600,0.0,0.0
2024-08-02 09:44:00+09:00,2340.0,2340.0,2340.0,2340.0,300,0.0,0.0
2024-08-02 09:45:00+09:00,2342.0,2342.0,2340.0,2340.0,800,0.0,0.0
2024-08-02 09:46:00+09:00,2340.0,2344.0,2340.0,2344.0,900,0.0,0.0
2024-08-02 09:47:00+09:00,2342.0,2343.0,2342.0,2343.0,300,0.0,0.0
2024-08-02 09:48:00+09:00,2344.0,2348.0,2344.0,2344.0,700,0.0,0.0
2024-08-02 09:49:00+09:00,2343.0,2348.0,2343.0,2346.0,900,0.0,0.0
2024-08-02 09:50:00+09:00,2346.0,2351.0,2346.0,2350.0,1800,0.0,0.0
2024-08-02 09:51:00+09:00,2359.0,2359.0,2359.0,2359.0,0,0.0,0.0
2024-08-02 09:52:00+09:00,2360.0,2364.0,2356.0,2363.0,153800,0.0,0.0
2024-08-02 09:53:00+09:00,2365.0,2366.0,2364.0,2364.0,400,0.0,0.0
2024-08-02 09:55:00+09:00,2365.0,2365.0,2362.0,2362.0,400,0.0,0.0
2024-08-02 09:56:00+09:00,2361.0,2361.0,2356.0,2356.0,4000,0.0,0.0
2024-08-02 09:57:00+09:00,2358.0,2359.0,2357.0,2359.0,1200,0.0,0.0
2024-08-02 09:58:00+09:00,2357.0,2357.0,2356.0,2357.0,700,0.0,0.0
2024-08-02 09:59:00+09:00,2355.0,2355.0,2355.0,2355.0,300,0.0,0.0
2024-08-02 10:00:00+09:00,2356.0,2362.0,2356.0,2360.0,1500,0.0,0.0
2024-08-02 10:01:00+09:00,2360.0,2360.0,2352.0,2352.0,2000,0.0,0.0
2024-08-02 10:02:00+09:00,2352.0,2352.0,2351.0,2351.0,600,0.0,0.0
2024-08-02 10:03:00+09:00,2350.0,2350.0,2348.0,2348.0,400,0.0,0.0
2024-08-02 10:05:00+09:00,2348.0,2348.0,2346.0,2346.0,400,0.0,0.0
2024-08-02 10:06:00+09:00,2343.0,2347.0,2343.0,2344.0,1500,0.0,0.0
2024-08-02 10:07:00+09:00,2349.0,2349.0,2349.0,2349.0,100,0.0,0.0
2024-08-02 10:08:00+09:00,2349.0,2349.0,2349.0,2349.0,700,0.0,0.0
2024-08-02 10:09:00+09:00,2351.0,2351.0,2351.0,2351.0,200,0.0,0.0
2024-08-02 10:10:00+09:00,2351.0,2351.0,2351.0,2351.0,100,0.0,0.0
2024-08-02 10:11:00+09:00,2356.0,2357.0,2356.0,2357.0,700,0.0,0.0
2024-08-02 10:12:00+09:00,2356.0,2358.0,2356.0,2358.0,200,0.0,0.0
2024-08-02 10:13:00+09:00,2357.0,2357.0,2352.0,2352.0,2600,0.0,0.0
2024-08-02 10:15:00+09:00,2358.0,2358.0,2358.0,2358.0,100,0.0,0.0
2024-08-02 10:16:00+09:00,2357.0,2357.0,2357.0,2357.0,500,0.0,0.0
2024-08-02 10:17:00+09:00,2359.0,2360.0,2359.0,2360.0,500,0.0,0.0
2024-08-02 10:18:00+09:00,2362.0,2362.0,2359.0,2359.0,1200,0.0,0.0
2024-08-02 10:20:00+09:00,2361.0,2361.0,2360.0,2360.0,500,0.0,0.0
2024-08-02 10:21:00+09:00,2360.0,2360.0,2358.0,2358.0,700,0.0,0.0
2024-08-02 10:22:00+09:00,2357.0,2359.0,2357.0,2359.0,600,0.0,0.0
2024-08-02 10:23:00+09:00,2360.0,2360.0,2360.0,2360.0,100,0.0,0.0
2024-08-02 10:24:00+09:00,2361.0,2363.0,2360.0,2360.0,900,0.0,0.0
2024-08-02 10:25:00+09:00,2359.0,2360.0,2356.0,2356.0,1200,0.0,0.0
2024-08-02 10:26:00+09:00,2357.0,2357.0,2355.0,2355.0,300,0.0,0.0
2024-08-02 10:27:00+09:00,2355.0,2355.0,2355.0,2355.0,100,0.0,0.0
2024-08-02 10:28:00+09:00,2356.0,2358.0,2356.0,2358.0,400,0.0,0.0
2024-08-02 10:29:00+09:00,2359.0,2360.0,2359.0,2359.0,1000,0.0,0.0
2024-08-02 10:31:00+09:00,2360.0,2363.0,2360.0,2363.0,1300,0.0,0.0
2024-08-02 10:32:00+09:00,2364.0,2364.0,2364.0,2364.0,200,0.0,0.0
2024-08-02 10:33:00+09:00,2365.0,2365.0,2360.0,2360.0,3200,0.0,0.0
2024-08-02 10:34:00+09:00,2359.0,2359.0,2354.0,2354.0,1100,0.0,0.0
2024-08-02 10:35:00+09:00,2351.0,2351.0,2350.0,2351.0,500,0.0,0.0
2024-08-02 10:36:00+09:00,2353.0,2354.0,2353.0,2354.0,500,0.0,0.0
2024-08-02 10:37:00+09:00,2353.0,2353.0,2351.0,2351.0,1100,0.0,0.0
2024-08-02 10:39:00+09:00,2355.0,2355.0,2355.0,2355.0,300,0.0,0.0
2024-08-02 10:40:00+09:00,2356.0,2356.0,2356.0,2356.0,200,0.0,0.0
2024-08-02 10:41:00+09:00,2358.0,2358.0,2357.0,2357.0,800,0.0,0.0
2024-08-02 10:43:00+09:00,2361.0,2361.0,2360.0,2360.0,400,0.0,0.0
2024-08-02 10:44:00+09:00,2360.0,2360.0,2356.0,2357.0,900,0.0,0.0
2024-08-02 10:46:00+09:00,2360.0,2360.0,2360.0,2360.0,700,0.0,0.0
2024-08-02 10:47:00+09:00,2361.0,2366.0,2361.0,2364.0,1500,0.0,0.0
2024-08-02 10:48:00+09:00,2365.0,2365.0,2355.0,2355.0,1200,0.0,0.0
2024-08-02 10:49:00+09:00,2353.0,2353.0,2353.0,2353.0,100,0.0,0.0
2024-08-02 10:50:00+09:00,2355.0,2355.0,2355.0,2355.0,100,0.0,0.0
2024-08-02 10:51:00+09:00,2354.0,2354.0,2352.0,2354.0,1300,0.0,0.0
2024-08-02 10:52:00+09:00,2357.0,2357.0,2357.0,2357.0,100,0.0,0.0
2024-08-02 10:54:00+09:00,2362.0,2362.0,2362.0,2362.0,100,0.0,0.0
2024-08-02 10:55:00+09:00,2364.0,2364.0,2364.0,2364.0,200,0.0,0.0
2024-08-02 10:56:00+09:00,2363.0,2363.0,2361.0,2361.0,1100,0.0,0.0
2024-08-02 10:57:00+09:00,2361.0,2361.0,2359.0,2359.0,1200,0.0,0.0
2024-08-02 10:59:00+09:00,2359.0,2359.0,2357.0,2357.0,400,0.0,0.0
2024-08-02 11:01:00+09:00,2357.0,2357.0,2357.0,2357.0,500,0.0,0.0
2024-08-02 11:02:00+09:00,2356.0,2357.0,2355.0,2355.0,1100,0.0,0.0
2024-08-02 11:03:00+09:00,2355.0,2358.0,2355.0,2358.0,900,0.0,0.0
2024-08-02 11:04:00+09:00,2358.0,2359.0,2358.0,2359.0,500,0.0,0.0
2024-08-02 11:05:00+09:00,2359.0,2361.0,2359.0,2361.0,700,0.0,0.0
2024-08-02 11:06:00+09:00,2362.0,2363.0,2362.0,2363.0,800,0.0,0.0
2024-08-02 11:07:00+09:00,2363.0,2364.0,2363.0,2364.0,200,0.0,0.0
2024-08-02 11:08:00+09:00,2364.0,2364.0,2364.0,2364.0,300,0.0,0.0
2024-08-02 11:09:00+09:00,2365.0,2365.0,2361.0,2361.0,1600,0.0,0.0
2024-08-02 11:10:00+09:00,2360.0,2360.0,2358.0,2358.0,800,0.0,0.0
2024-08-02 11:11:00+09:00,2357.0,2357.0,2355.0,2355.0,500,0.0,0.0
2024-08-02 11:12:00+09:00,2355.0,2355.0,2355.0,2355.0,100,0.0,0.0
2024-08-02 11:14:00+09:00,2356.0,2356.0,2356.0,2356.0,800,0.0,0.0
2024-08-02 11:15:00+09:00,2356.0,2356.0,2356.0,2356.0,300,0.0,0.0
2024-08-02 11:16:00+09:00,2357.0,2360.0,2357.0,2357.0,1300,0.0,0.0
2024-08-02 11:17:00+09:00,2356.0,2356.0,2355.0,2355.0,800,0.0,0.0
2024-08-02 11:18:00+09:00,2354.0,2354.0,2353.0,2353.0,600,0.0,0.0
2024-08-02 11:19:00+09:00,2353.0,2361.0,2353.0,2361.0,6200,0.0,0.0
2024-08-02 11:20:00+09:00,2357.0,2357.0,2351.0,2351.0,1300,0.0,0.0
2024-08-02 11:22:00+09:00,2353.0,2353.0,2352.0,2352.0,600,0.0,0.0
2024-08-02 11:23:00+09:00,2351.0,2353.0,2351.0,2353.0,600,0.0,0.0
2024-08-02 11:24:00+09:00,2354.0,2354.0,2354.0,2354.0,300,0.0,0.0
2024-08-02 11:25:00+09:00,2354.0,2354.0,2353.0,2353.0,500,0.0,0.0
2024-08-02 11:26:00+09:00,2353.0,2353.0,2353.0,2353.0,200,0.0,0.0
2024-08-02 11:27:00+09:00,2355.0,2355.0,2351.0,2351.0,800,0.0,0.0
2024-08-02 11:28:00+09:00,2354.0,2354.0,2354.0,2354.0,200,0.0,0.0
2024-08-02 11:29:00+09:00,2356.0,2356.0,2354.0,2354.0,200,0.0,0.0
2024-08-02 11:30:00+09:00,2354.0,2354.0,2354.0,2354.0,100,0.0,0.0
2024-08-02 11:35:00+09:00,2354.0,2354.0,2354.0,2354.0,0,0.0,0.0
2024-08-02 12:30:00+09:00,2366.0,2367.0,2355.0,2367.0,228300,0.0,0.0
2024-08-02 12:31:00+09:00,2367.0,2369.0,2363.0,2368.0,4700,0.0,0.0
2024-08-02 12:32:00+09:00,2370.0,2377.0,2370.0,2377.0,500,0.0,0.0
2024-08-02 12:33:00+09:00,2378.0,2378.0,2369.0,2369.0,2900,0.0,0.0
2024-08-02 12:34:00+09:00,2367.0,2370.0,2367.0,2370.0,400,0.0,0.0
2024-08-02 12:35:00+09:00,2371.0,2371.0,2368.0,2369.0,1800,0.0,0.0
2024-08-02 12:36:00+09:00,2368.0,2368.0,2366.0,2366.0,2000,0.0,0.0
2024-08-02 12:37:00+09:00,2368.0,2368.0,2368.0,2368.0,600,0.0,0.0
2024-08-02 12:38:00+09:00,2369.0,2369.0,2369.0,2369.0,500,0.0,0.0
2024-08-02 12:39:00+09:00,2369.0,2369.0,2368.0,2369.0,800,0.0,0.0
2024-08-02 12:40:00+09:00,2370.0,2371.0,2370.0,2371.0,700,0.0,0.0
2024-08-02 12:41:00+09:00,2372.0,2373.0,2366.0,2366.0,5300,0.0,0.0
2024-08-02 12:42:00+09:00,2365.0,2366.0,2355.0,2364.0,11700,0.0,0.0
2024-08-02 12:43:00+09:00,2364.0,2366.0,2355.0,2362.0,8400,0.0,0.0
2024-08-02 12:44:00+09:00,2361.0,2361.0,2361.0,2361.0,200,0.0,0.0
2024-08-02 12:45:00+09:00,2363.0,2363.0,2363.0,2363.0,200,0.0,0.0
2024-08-02 12:46:00+09:00,2364.0,2367.0,2364.0,2367.0,900,0.0,0.0
2024-08-02 12:47:00+09:00,2366.0,2366.0,2363.0,2363.0,1300,0.0,0.0
2024-08-02 12:48:00+09:00,2362.0,2362.0,2360.0,2360.0,700,0.0,0.0
2024-08-02 12:49:00+09:00,2362.0,2363.0,2362.0,2363.0,200,0.0,0.0
2024-08-02 12:50:00+09:00,2364.0,2368.0,2364.0,2367.0,1100,0.0,0.0
2024-08-02 12:51:00+09:00,2366.0,2366.0,2365.0,2365.0,1200,0.0,0.0
2024-08-02 12:52:00+09:00,2364.0,2364.0,2362.0,2362.0,700,0.0,0.0
2024-08-02 12:53:00+09:00,2363.0,2363.0,2363.0,2363.0,100,0.0,0.0
2024-08-02 12:54:00+09:00,2365.0,2365.0,2362.0,2362.0,1700,0.0,0.0
2024-08-02 12:55:00+09:00,2361.0,2361.0,2358.0,2358.0,1800,0.0,0.0
2024-08-02 12:56:00+09:00,2358.0,2358.0,2358.0,2358.0,600,0.0,0.0
2024-08-02 12:57:00+09:00,2357.0,2357.0,2357.0,2357.0,1400,0.0,0.0
2024-08-02 12:58:00+09:00,2358.0,2359.0,2358.0,2359.0,1100,0.0,0.0
2024-08-02 12:59:00+09:00,2359.0,2359.0,2359.0,2359.0,300,0.0,0.0
2024-08-02 13:00:00+09:00,2359.0,2360.0,2359.0,2360.0,1100,0.0,0.0
2024-08-02 13:01:00+09:00,2360.0,2360.0,2358.0,2358.0,2600,0.0,0.0
2024-08-02 13:02:00+09:00,2358.0,2358.0,2358.0,2358.0,100,0.0,0.0
2024-08-02 13:03:00+09:00,2359.0,2359.0,2359.0,2359.0,500,0.0,0.0
2024-08-02 13:04:00+09:00,2359.0,2359.0,2359.0,2359.0,1100,0.0,0.0
2024-08-02 13:05:00+09:00,2358.0,2358.0,2357.0,2357.0,1700,0.0,0.0
2024-08-02 13:06:00+09:00,2357.0,2357.0,2357.0,2357.0,200,0.0,0.0
2024-08-02 13:07:00+09:00,2358.0,2358.0,2355.0,2355.0,2500,0.0,0.0
2024-08-02 13:08:00+09:00,2354.0,2354.0,2353.0,2354.0,500,0.0,0.0
2024-08-02 13:09:00+09:00,2355.0,2355.0,2355.0,2355.0,800,0.0,0.0
2024-08-02 13:10:00+09:00,2355.0,2355.0,2352.0,2352.0,1900,0.0,0.0
2024-08-02 13:11:00+09:00,2352.0,2352.0,2347.0,2347.0,2200,0.0,0.0
2024-08-02 13:13:00+09:00,2349.0,2350.0,2349.0,2350.0,700,0.0,0.0
2024-08-02 13:14:00+09:00,2350.0,2350.0,2350.0,2350.0,300,0.0,0.0
2024-08-02 13:15:00+09:00,2349.0,2349.0,2348.0,2348.0,1900,0.0,0.0
2024-08-02 13:16:00+09:00,2349.0,2349.0,2348.0,2348.0,1100,0.0,0.0
2024-08-02 13:18:00+09:00,2349.0,2349.0,2349.0,2349.0,500,0.0,0.0
2024-08-02 13:20:00+09:00,2350.0,2350.0,2350.0,2350.0,500,0.0,0.0
2024-08-02 13:21:00+09:00,2351.0,2351.0,2351.0,2351.0,100,0.0,0.0
2024-08-02 13:22:00+09:00,2351.0,2355.0,2350.0,2355.0,1200,0.0,0.0
2024-08-02 13:23:00+09:00,2354.0,2356.0,2354.0,2356.0,700,0.0,0.0
2024-08-02 13:24:00+09:00,2357.0,2357.0,2356.0,2356.0,2100,0.0,0.0
2024-08-02 13:25:00+09:00,2357.0,2357.0,2357.0,2357.0,700,0.0,0.0
2024-08-02 13:26:00+09:00,2356.0,2356.0,2355.0,2355.0,400,0.0,0.0
2024-08-02 13:27:00+09:00,2355.0,2355.0,2355.0,2355.0,100,0.0,0.0
2024-08-02 13:28:00+09:00,2356.0,2356.0,2356.0,2356.0,600,0.0,0.0
2024-08-02 13:30:00+09:00,2357.0,2357.0,2357.0,2357.0,300,0.0,0.0
2024-08-02 13:31:00+09:00,2357.0,2357.0,2356.0,2356.0,700,0.0,0.0
2024-08-02 13:32:00+09:00,2357.0,2357.0,2356.0,2356.0,900,0.0,0.0
2024-08-02 13:33:00+09:00,2356.0,2356.0,2355.0,2355.0,900,0.0,0.0
2024-08-02 13:34:00+09:00,2355.0,2355.0,2354.0,2354.0,900,0.0,0.0
2024-08-02 13:35:00+09:00,2356.0,2356.0,2356.0,2356.0,100,0.0,0.0
2024-08-02 13:36:00+09:00,2355.0,2355.0,2354.0,2355.0,1200,0.0,0.0
2024-08-02 13:37:00+09:00,2355.0,2358.0,2355.0,2355.0,2000,0.0,0.0
2024-08-02 13:39:00+09:00,2357.0,2357.0,2357.0,2357.0,100,0.0,0.0
2024-08-02 13:40:00+09:00,2358.0,2358.0,2357.0,2357.0,900,0.0,0.0
2024-08-02 13:42:00+09:00,2358.0,2358.0,2357.0,2357.0,1300,0.0,0.0
2024-08-02 13:44:00+09:00,2357.0,2357.0,2357.0,2357.0,500,0.0,0.0
2024-08-02 13:45:00+09:00,2358.0,2358.0,2358.0,2358.0,500,0.0,0.0
2024-08-02 13:46:00+09:00,2358.0,2358.0,2355.0,2355.0,2600,0.0,0.0
2024-08-02 13:47:00+09:00,2355.0,2355.0,2355.0,2355.0,100,0.0,0.0
2024-08-02 13:49:00+09:00,2356.0,2356.0,2356.0,2356.0,100,0.0,0.0
2024-08-02 13:50:00+09:00,2356.0,2356.0,2356.0,2356.0,300,0.0,0.0
2024-08-02 13:51:00+09:00,2352.0,2352.0,2351.0,2351.0,2300,0.0,0.0
2024-08-02 13:53:00+09:00,2351.0,2351.0,2351.0,2351.0,400,0.0,0.0
2024-08-02 13:54:00+09:00,2351.0,2351.0,2349.0,2349.0,2300,0.0,0.0
2024-08-02 13:55:00+09:00,2348.0,2348.0,2348.0,2348.0,900,0.0,0.0
2024-08-02 13:57:00+09:00,2348.0,2348.0,2347.0,2347.0,1900,0.0,0.0
2024-08-02 13:58:00+09:00,2349.0,2349.0,2349.0,2349.0,200,0.0,0.0
2024-08-02 13:59:00+09:00,2349.0,2349.0,2348.0,2348.0,200,0.0,0.0
2024-08-02 14:00:00+09:00,2350.0,2350.0,2350.0,2350.0,1400,0.0,0.0
2024-08-02 14:01:00+09:00,2349.0,2349.0,2348.0,2348.0,1900,0.0,0.0
2024-08-02 14:02:00+09:00,2348.0,2348.0,2347.0,2347.0,600,0.0,0.0
2024-08-02 14:03:00+09:00,2346.0,2346.0,2343.0,2343.0,8400,0.0,0.0
2024-08-02 14:04:00+09:00,2344.0,2345.0,2344.0,2344.0,1300,0.0,0.0
2024-08-02 14:05:00+09:00,2345.0,2345.0,2345.0,2345.0,1400,0.0,0.0
2024-08-02 14:06:00+09:00,2345.0,2345.0,2344.0,2345.0,1100,0.0,0.0
2024-08-02 14:07:00+09:00,2345.0,2345.0,2345.0,2345.0,600,0.0,0.0
2024-08-02 14:08:00+09:00,2345.0,2345.0,2345.0,2345.0,600,0.0,0.0
2024-08-02 14:09:00+09:00,2345.0,2345.0,2342.0,2342.0,2200,0.0,0.0
2024-08-02 14:10:00+09:00,2341.0,2341.0,2339.0,2339.0,800,0.0,0.0
2024-08-02 14:11:00+09:00,2340.0,2340.0,2337.0,2337.0,600,0.0,0.0
2024-08-02 14:12:00+09:00,2337.0,2337.0,2336.0,2336.0,500,0.0,0.0
2024-08-02 14:13:00+09:00,2336.0,2337.0,2336.0,2337.0,1400,0.0,0.0
2024-08-02 14:14:00+09:00,2338.0,2347.0,2338.0,2347.0,4500,0.0,0.0
2024-08-02 14:15:00+09:00,2348.0,2348.0,2348.0,2348.0,2000,0.0,0.0
2024-08-02 14:16:00+09:00,2349.0,2353.0,2349.0,2353.0,900,0.0,0.0
2024-08-02 14:17:00+09:00,2352.0,2354.0,2352.0,2354.0,1600,0.0,0.0
2024-08-02 14:18:00+09:00,2353.0,2354.0,2353.0,2354.0,400,0.0,0.0
2024-08-02 14:19:00+09:00,2354.0,2354.0,2353.0,2353.0,500,0.0,0.0
2024-08-02 14:20:00+09:00,2353.0,2353.0,2348.0,2350.0,4900,0.0,0.0
2024-08-02 14:21:00+09:00,2351.0,2351.0,2351.0,2351.0,200,0.0,0.0
2024-08-02 14:22:00+09:00,2352.0,2354.0,2352.0,2354.0,1100,0.0,0.0
2024-08-02 14:23:00+09:00,2352.0,2352.0,2352.0,2352.0,1400,0.0,0.0
2024-08-02 14:24:00+09:00,2351.0,2351.0,2351.0,2351.0,100,0.0,0.0
2024-08-02 14:25:00+09:00,2351.0,2351.0,2350.0,2350.0,1500,0.0,0.0
2024-08-02 14:26:00+09:00,2350.0,2350.0,2345.0,2345.0,2500,0.0,0.0
2024-08-02 14:27:00+09:00,2345.0,2346.0,2345.0,2346.0,600,0.0,0.0
2024-08-02 14:28:00+09:00,2345.0,2345.0,2344.0,2344.0,300,0.0,0.0
2024-08-02 14:29:00+09:00,2345.0,2345.0,2345.0,2345.0,1300,0.0,0.0
2024-08-02 14:30:00+09:00,2345.0,2345.0,2343.0,2343.0,1600,0.0,0.0
2024-08-02 14:31:00+09:00,2342.0,2342.0,2338.0,2338.0,4500,0.0,0.0
2024-08-02 14:32:00+09:00,2339.0,2339.0,2337.0,2337.0,600,0.0,0.0
2024-08-02 14:33:00+09:00,2337.0,2338.0,2336.0,2336.0,1100,0.0,0.0
2024-08-02 14:34:00+09:00,2335.0,2335.0,2335.0,2335.0,300,0.0,0.0
2024-08-02 14:35:00+09:00,2334.0,2334.0,2334.0,2334.0,100,0.0,0.0
2024-08-02 14:36:00+09:00,2334.0,2335.0,2334.0,2334.0,1300,0.0,0.0
2024-08-02 14:37:00+09:00,2335.0,2335.0,2334.0,2334.0,1500,0.0,0.0
2024-08-02 14:38:00+09:00,2333.0,2333.0,2333.0,2333.0,1400,0.0,0.0
2024-08-02 14:39:00+09:00,2332.0,2333.0,2332.0,2333.0,700,0.0,0.0
2024-08-02 14:40:00+09:00,2333.0,2333.0,2333.0,2333.0,800,0.0,0.0
2024-08-02 14:41:00+09:00,2333.0,2334.0,2329.0,2329.0,4700,0.0,0.0
2024-08-02 14:42:00+09:00,2327.0,2327.0,2325.0,2325.0,500,0.0,0.0
2024-08-02 14:43:00+09:00,2324.0,2325.0,2324.0,2324.0,1000,0.0,0.0
2024-08-02 14:44:00+09:00,2323.0,2323.0,2316.0,2316.0,2400,0.0,0.0
2024-08-02 14:45:00+09:00,2316.0,2319.0,2316.0,2317.0,1900,0.0,0.0
2024-08-02 14:46:00+09:00,2317.0,2317.0,2315.0,2315.0,1600,0.0,0.0
2024-08-02 14:47:00+09:00,2315.0,2318.0,2311.0,2318.0,2300,0.0,0.0
2024-08-02 14:48:00+09:00,2321.0,2321.0,2321.0,2321.0,300,0.0,0.0
2024-08-02 14:49:00+09:00,2323.0,2333.0,2322.0,2325.0,11500,0.0,0.0
2024-08-02 14:50:00+09:00,2328.0,2328.0,2326.0,2327.0,1400,0.0,0.0
2024-08-02 14:51:00+09:00,2327.0,2327.0,2327.0,2327.0,100,0.0,0.0
2024-08-02 14:52:00+09:00,2327.0,2328.0,2326.0,2326.0,2000,0.0,0.0
2024-08-02 14:53:00+09:00,2328.0,2331.0,2328.0,2331.0,2300,0.0,0.0
2024-08-02 14:54:00+09:00,2329.0,2329.0,2328.0,2328.0,2200,0.0,0.0
2024-08-02 14:55:00+09:00,2331.0,2331.0,2331.0,2331.0,1000,0.0,0.0
2024-08-02 14:56:00+09:00,2331.0,2336.0,2331.0,2336.0,1800,0.0,0.0
2024-08-02 14:57:00+09:00,2338.0,2338.0,2333.0,2333.0,2900,0.0,0.0
2024-08-02 14:58:00+09:00,2333.0,2333.0,2332.0,2333.0,1700,0.0,0.0
2024-08-02 14:59:00+09:00,2333.0,2336.0,2331.0,2331.0,2500,0.0,0.0
