Datetime,Open,High,Low,Close,Volume,Dividends,Stock Splits
2024-07-29 09:00:00+09:00,1497.0,1497.0,1483.0,1483.0,0,0.0,0.0
2024-07-29 09:01:00+09:00,1491.0,1491.0,1484.0,1484.0,400,0.0,0.0
2024-07-29 09:05:00+09:00,1492.0,1492.0,1492.0,1492.0,200,0.0,0.0
2024-07-29 09:07:00+09:00,1493.0,1497.0,1493.0,1497.0,1300,0.0,0.0
2024-07-29 09:08:00+09:00,1497.0,1497.0,1497.0,1497.0,100,0.0,0.0
2024-07-29 09:09:00+09:00,1497.0,1497.0,1497.0,1497.0,300,0.0,0.0
2024-07-29 09:10:00+09:00,1494.0,1502.0,1494.0,1502.0,1300,0.0,0.0
2024-07-29 09:12:00+09:00,1501.0,1501.0,1501.0,1501.0,200,0.0,0.0
2024-07-29 09:13:00+09:00,1496.0,1496.0,1495.0,1495.0,500,0.0,0.0
2024-07-29 09:15:00+09:00,1499.0,1499.0,1499.0,1499.0,100,0.0,0.0
2024-07-29 09:16:00+09:00,1498.0,1498.0,1498.0,1498.0,300,0.0,0.0
2024-07-29 09:17:00+09:00,1497.0,1497.0,1497.0,1497.0,100,0.0,0.0
2024-07-29 09:24:00+09:00,1497.0,1497.0,1497.0,1497.0,100,0.0,0.0
2024-07-29 09:25:00+09:00,1497.0,1497.0,1495.0,1495.0,1000,0.0,0.0
2024-07-29 09:26:00+09:00,1499.0,1499.0,1497.0,1497.0,600,0.0,0.0
2024-07-29 09:28:00+09:00,1500.0,1500.0,1500.0,1500.0,100,0.0,0.0
2024-07-29 09:29:00+09:00,1498.0,1498.0,1498.0,1498.0,300,0.0,0.0
2024-07-29 09:33:00+09:00,1495.0,1495.0,1493.0,1493.0,200,0.0,0.0
2024-07-29 09:35:00+09:00,1496.0,1496.0,1496.0,1496.0,100,0.0,0.0
2024-07-29 09:39:00+09:00,1495.0,1496.0,1495.0,1495.0,1200,0.0,0.0
2024-07-29 09:42:00+09:00,1495.0,1496.0,1495.0,1496.0,600,0.0,0.0
2024-07-29 09:43:00+09:00,1497.0,1497.0,1497.0,1497.0,600,0.0,0.0
2024-07-29 09:44:00+09:00,1495.0,1495.0,1495.0,1495.0,200,0.0,0.0
2024-07-29 09:48:00+09:00,1497.0,1497.0,1497.0,1497.0,200,0.0,0.0
2024-07-29 09:49:00+09:00,1497.0,1497.0,1497.0,1497.0,200,0.0,0.0
2024-07-29 09:51:00+09:00,1496.0,1496.0,1496.0,1496.0,400,0.0,0.0
2024-07-29 09:56:00+09:00,1498.0,1498.0,1497.0,1497.0,900,0.0,0.0
2024-07-29 09:57:00+09:00,1496.0,1496.0,1496.0,1496.0,200,0.0,0.0
2024-07-29 09:59:00+09:00,1497.0,1500.0,1497.0,1500.0,1600,0.0,0.0
2024-07-29 10:00:00+09:00,1495.0,1495.0,1492.0,1492.0,1500,0.0,0.0
2024-07-29 10:03:00+09:00,1493.0,1493.0,1493.0,1493.0,100,0.0,0.0
2024-07-29 10:05:00+09:00,1493.0,1495.0,1493.0,1495.0,200,0.0,0.0
2024-07-29 10:16:00+09:00,1495.0,1495.0,1495.0,1495.0,200,0.0,0.0
2024-07-29 10:17:00+09:00,1495.0,1495.0,1495.0,1495.0,100,0.0,0.0
2024-07-29 10:32:00+09:00,1493.0,1493.0,1493.0,1493.0,400,0.0,0.0
2024-07-29 10:35:00+09:00,1493.0,1493.0,1493.0,1493.0,100,0.0,0.0
2024-07-29 10:37:00+09:00,1492.0,1492.0,1491.0,1491.0,300,0.0,0.0
2024-07-29 10:39:00+09:00,1491.0,1491.0,1491.0,1491.0,400,0.0,0.0
2024-07-29 10:40:00+09:00,1490.0,1490.0,1490.0,1490.0,300,0.0,0.0
2024-07-29 10:42:00+09:00,1490.0,1491.0,1490.0,1491.0,300,0.0,0.0
2024-07-29 10:45:00+09:00,1490.0,1491.0,1490.0,1491.0,600,0.0,0.0
2024-07-29 10:54:00+09:00,1492.0,1492.0,1492.0,1492.0,600,0.0,0.0
2024-07-29 10:59:00+09:00,1492.0,1492.0,1492.0,1492.0,100,0.0,0.0
2024-07-29 11:04:00+09:00,1492.0,1492.0,1492.0,1492.0,300,0.0,0.0
2024-07-29 11:07:00+09:00,1494.0,1494.0,1493.0,1493.0,400,0.0,0.0
2024-07-29 11:09:00+09:00,1494.0,1494.0,1494.0,1494.0,400,0.0,0.0
2024-07-29 11:11:00+09:00,1494.0,1494.0,1493.0,1493.0,300,0.0,0.0
2024-07-29 11:12:00+09:00,1494.0,1494.0,1494.0,1494.0,100,0.0,0.0
2024-07-29 11:21:00+09:00,1492.0,1492.0,1492.0,1492.0,100,0.0,0.0
2024-07-29 11:24:00+09:00,1492.0,1492.0,1492.0,1492.0,100,0.0,0.0
2024-07-29 11:25:00+09:00,1491.0,1491.0,1489.0,1489.0,500,0.0,0.0
2024-07-29 11:26:00+09:00,1488.0,1488.0,1488.0,1488.0,300,0.0,0.0
2024-07-29 11:27:00+09:00,1488.0,1488.0,1488.0,1488.0,100,0.0,0.0
2024-07-29 11:30:00+09:00,1487.0,1487.0,1487.0,1487.0,200,0.0,0.0
2024-07-29 11:35:00+09:00,1487.0,1487.0,1487.0,1487.0,0,0.0,0.0
2024-07-29 12:30:00+09:00,1486.0,1487.0,1485.0,1485.0,35900,0.0,0.0
2024-07-29 12:31:00+09:00,1485.0,1485.0,1485.0,1485.0,200,0.0,0.0
2024-07-29 12:32:00+09:00,1485.0,1485.0,1485.0,1485.0,200,0.0,0.0
2024-07-29 12:33:00+09:00,1484.0,1486.0,1483.0,1486.0,800,0.0,0.0
2024-07-29 12:34:00+09:00,1486.0,1487.0,1486.0,1487.0,900,0.0,0.0
2024-07-29 12:36:00+09:00,1488.0,1490.0,1488.0,1490.0,1200,0.0,0.0
2024-07-29 12:41:00+09:00,1492.0,1492.0,1491.0,1491.0,300,0.0,0.0
2024-07-29 12:47:00+09:00,1490.0,1490.0,1490.0,1490.0,600,0.0,0.0
2024-07-29 12:48:00+09:00,1490.0,1492.0,1490.0,1492.0,1600,0.0,0.0
2024-07-29 12:50:00+09:00,1491.0,1493.0,1491.0,1493.0,600,0.0,0.0
2024-07-29 12:52:00+09:00,1494.0,1494.0,1494.0,1494.0,100,0.0,0.0
2024-07-29 12:53:00+09:00,1493.0,1493.0,1493.0,1493.0,100,0.0,0.0
2024-07-29 12:55:00+09:00,1493.0,1493.0,1493.0,1493.0,500,0.0,0.0
2024-07-29 12:57:00+09:00,1493.0,1493.0,1493.0,1493.0,200,0.0,0.0
2024-07-29 13:02:00+09:00,1493.0,1493.0,1493.0,1493.0,100,0.0,0.0
2024-07-29 13:03:00+09:00,1493.0,1493.0,1493.0,1493.0,100,0.0,0.0
2024-07-29 13:05:00+09:00,1495.0,1495.0,1494.0,1494.0,400,0.0,0.0
2024-07-29 13:13:00+09:00,1493.0,1493.0,1493.0,1493.0,300,0.0,0.0
2024-07-29 13:19:00+09:00,1492.0,1492.0,1492.0,1492.0,100,0.0,0.0
2024-07-29 13:22:00+09:00,1492.0,1492.0,1492.0,1492.0,300,0.0,0.0
2024-07-29 13:23:00+09:00,1493.0,1495.0,1493.0,1495.0,900,0.0,0.0
2024-07-29 13:26:00+09:00,1494.0,1494.0,1494.0,1494.0,500,0.0,0.0
2024-07-29 13:32:00+09:00,1495.0,1496.0,1495.0,1496.0,2200,0.0,0.0
2024-07-29 13:47:00+09:00,1496.0,1496.0,1496.0,1496.0,100,0.0,0.0
2024-07-29 13:48:00+09:00,1496.0,1496.0,1496.0,1496.0,200,0.0,0.0
2024-07-29 13:51:00+09:00,1496.0,1496.0,1496.0,1496.0,900,0.0,0.0
2024-07-29 13:52:00+09:00,1496.0,1496.0,1496.0,1496.0,100,0.0,0.0
2024-07-29 13:54:00+09:00,1496.0,1496.0,1496.0,1496.0,100,0.0,0.0
2024-07-29 13:58:00+09:00,1496.0,1496.0,1496.0,1496.0,100,0.0,0.0
2024-07-29 13:59:00+09:00,1497.0,1497.0,1497.0,1497.0,600,0.0,0.0
2024-07-29 14:01:00+09:00,1496.0,1496.0,1496.0,1496.0,100,0.0,0.0
2024-07-29 14:03:00+09:00,1496.0,1497.0,1496.0,1497.0,400,0.0,0.0
2024-07-29 14:08:00+09:00,1496.0,1496.0,1496.0,1496.0,100,0.0,0.0
2024-07-29 14:12:00+09:00,1496.0,1496.0,1496.0,1496.0,100,0.0,0.0
2024-07-29 14:15:00+09:00,1496.0,1496.0,1496.0,1496.0,100,0.0,0.0
2024-07-29 14:17:00+09:00,1496.0,1497.0,1496.0,1497.0,300,0.0,0.0
2024-07-29 14:22:00+09:00,1497.0,1497.0,1497.0,1497.0,600,0.0,0.0
2024-07-29 14:24:00+09:00,1497.0,1497.0,1497.0,1497.0,100,0.0,0.0
2024-07-29 14:25:00+09:00,1497.0,1497.0,1497.0,1497.0,300,0.0,0.0
2024-07-29 14:27:00+09:00,1498.0,1499.0,1498.0,1499.0,1200,0.0,0.0
2024-07-29 14:30:00+09:00,1497.0,1497.0,1497.0,1497.0,300,0.0,0.0
2024-07-29 14:31:00+09:00,1496.0,1496.0,1496.0,1496.0,100,0.0,0.0
2024-07-29 14:33:00+09:00,1497.0,1497.0,1497.0,1497.0,400,0.0,0.0
2024-07-29 14:34:00+09:00,1497.0,1497.0,1484.0,1490.0,10800,0.0,0.0
2024-07-29 14:35:00+09:00,1489.0,1489.0,1489.0,1489.0,100,0.0,0.0
2024-07-29 14:36:00+09:00,1490.0,1491.0,1488.0,1488.0,1400,0.0,0.0
2024-07-29 14:38:00+09:00,1492.0,1492.0,1490.0,1492.0,600,0.0,0.0
2024-07-29 14:39:00+09:00,1492.0,1492.0,1492.0,1492.0,100,0.0,0.0
2024-07-29 14:41:00+09:00,1492.0,1492.0,1492.0,1492.0,500,0.0,0.0
2024-07-29 14:42:00+09:00,1492.0,1492.0,1488.0,1489.0,2300,0.0,0.0
2024-07-29 14:45:00+09:00,1490.0,1490.0,1490.0,1490.0,800,0.0,0.0
2024-07-29 14:47:00+09:00,1490.0,1490.0,1489.0,1489.0,600,0.0,0.0
2024-07-29 14:48:00+09:00,1488.0,1488.0,1488.0,1488.0,100,0.0,0.0
2024-07-29 14:50:00+09:00,1488.0,1488.0,1488.0,1488.0,100,0.0,0.0
2024-07-29 14:51:00+09:00,1487.0,1487.0,1487.0,1487.0,100,0.0,0.0
2024-07-29 14:54:00+09:00,1486.0,1486.0,1485.0,1485.0,1400,0.0,0.0
2024-07-29 14:55:00+09:00,1484.0,1484.0,1484.0,1484.0,200,0.0,0.0
2024-07-29 14:57:00+09:00,1486.0,1486.0,1486.0,1486.0,200,0.0,0.0
2024-07-29 14:58:00+09:00,1485.0,1485.0,1485.0,1485.0,400,0.0,0.0
2024-07-29 14:59:00+09:00,1484.0,1489.0,1483.0,1484.0,2700,0.0,0.0
2024-07-30 09:00:00+09:00,1499.0,1499.0,1494.0,1494.0,10900,0.0,0.0
2024-07-30 09:01:00+09:00,1493.0,1493.0,1489.0,1490.0,3900,0.0,0.0
2024-07-30 09:02:00+09:00,1489.0,1494.0,1486.0,1494.0,2400,0.0,0.0
2024-07-30 09:04:00+09:00,1490.0,1490.0,1486.0,1486.0,300,0.0,0.0
2024-07-30 09:06:00+09:00,1486.0,1486.0,1485.0,1485.0,500,0.0,0.0
2024-07-30 09:07:00+09:00,1484.0,1486.0,1480.0,1482.0,1900,0.0,0.0
2024-07-30 09:08:00+09:00,1480.0,1481.0,1475.0,1479.0,2100,0.0,0.0
2024-07-30 09:09:00+09:00,1479.0,1484.0,1479.0,1484.0,500,0.0,0.0
2024-07-30 09:13:00+09:00,1483.0,1483.0,1483.0,1483.0,100,0.0,0.0
2024-07-30 09:15:00+09:00,1480.0,1480.0,1477.0,1477.0,900,0.0,0.0
2024-07-30 09:16:00+09:00,1477.0,1478.0,1477.0,1478.0,200,0.0,0.0
2024-07-30 09:17:00+09:00,1478.0,1478.0,1478.0,1478.0,200,0.0,0.0
2024-07-30 09:18:00+09:00,1479.0,1479.0,1479.0,1479.0,200,0.0,0.0
2024-07-30 09:23:00+09:00,1477.0,1477.0,1477.0,1477.0,100,0.0,0.0
2024-07-30 09:26:00+09:00,1476.0,1476.0,1472.0,1472.0,3500,0.0,0.0
2024-07-30 09:28:00+09:00,1473.0,1473.0,1473.0,1473.0,100,0.0,0.0
2024-07-30 09:29:00+09:00,1471.0,1471.0,1471.0,1471.0,100,0.0,0.0
2024-07-30 09:30:00+09:00,1471.0,1471.0,1471.0,1471.0,100,0.0,0.0
2024-07-30 09:31:00+09:00,1470.0,1470.0,1470.0,1470.0,400,0.0,0.0
2024-07-30 09:33:00+09:00,1468.0,1468.0,1466.0,1467.0,1000,0.0,0.0
2024-07-30 09:35:00+09:00,1467.0,1467.0,1467.0,1467.0,100,0.0,0.0
2024-07-30 09:36:00+09:00,1466.0,1466.0,1466.0,1466.0,800,0.0,0.0
2024-07-30 09:40:00+09:00,1470.0,1470.0,1470.0,1470.0,100,0.0,0.0
2024-07-30 09:41:00+09:00,1470.0,1470.0,1470.0,1470.0,100,0.0,0.0
2024-07-30 09:42:00+09:00,1471.0,1471.0,1471.0,1471.0,200,0.0,0.0
2024-07-30 09:45:00+09:00,1469.0,1469.0,1469.0,1469.0,300,0.0,0.0
2024-07-30 09:52:00+09:00,1467.0,1467.0,1467.0,1467.0,100,0.0,0.0
2024-07-30 10:03:00+09:00,1467.0,1467.0,1466.0,1466.0,1100,0.0,0.0
2024-07-30 10:04:00+09:00,1465.0,1465.0,1465.0,1465.0,500,0.0,0.0
2024-07-30 10:06:00+09:00,1464.0,1464.0,1463.0,1463.0,600,0.0,0.0
2024-07-30 10:08:00+09:00,1462.0,1462.0,1461.0,1461.0,200,0.0,0.0
2024-07-30 10:09:00+09:00,1463.0,1463.0,1463.0,1463.0,300,0.0,0.0
2024-07-30 10:15:00+09:00,1462.0,1462.0,1462.0,1462.0,400,0.0,0.0
2024-07-30 10:21:00+09:00,1462.0,1462.0,1460.0,1460.0,2000,0.0,0.0
2024-07-30 10:22:00+09:00,1460.0,1460.0,1460.0,1460.0,600,0.0,0.0
2024-07-30 10:23:00+09:00,1458.0,1458.0,1456.0,1456.0,2700,0.0,0.0
2024-07-30 10:24:00+09:00,1456.0,1456.0,1455.0,1455.0,1400,0.0,0.0
2024-07-30 10:25:00+09:00,1456.0,1456.0,1455.0,1455.0,600,0.0,0.0
2024-07-30 10:26:00+09:00,1456.0,1456.0,1455.0,1455.0,400,0.0,0.0
2024-07-30 10:27:00+09:00,1453.0,1453.0,1453.0,1453.0,100,0.0,0.0
2024-07-30 10:28:00+09:00,1454.0,1454.0,1454.0,1454.0,100,0.0,0.0
2024-07-30 10:30:00+09:00,1453.0,1453.0,1453.0,1453.0,300,0.0,0.0
2024-07-30 10:31:00+09:00,1452.0,1452.0,1451.0,1451.0,1000,0.0,0.0
2024-07-30 10:32:00+09:00,1451.0,1451.0,1451.0,1451.0,100,0.0,0.0
2024-07-30 10:33:00+09:00,1451.0,1451.0,1451.0,1451.0,500,0.0,0.0
2024-07-30 10:34:00+09:00,1451.0,1451.0,1445.0,1447.0,5900,0.0,0.0
2024-07-30 10:35:00+09:00,1447.0,1450.0,1447.0,1450.0,2900,0.0,0.0
2024-07-30 10:36:00+09:00,1452.0,1452.0,1450.0,1450.0,200,0.0,0.0
2024-07-30 10:41:00+09:00,1450.0,1450.0,1450.0,1450.0,1000,0.0,0.0
2024-07-30 10:44:00+09:00,1449.0,1449.0,1449.0,1449.0,100,0.0,0.0
2024-07-30 10:49:00+09:00,1450.0,1450.0,1449.0,1449.0,400,0.0,0.0
2024-07-30 10:50:00+09:00,1449.0,1449.0,1448.0,1448.0,600,0.0,0.0
2024-07-30 10:51:00+09:00,1448.0,1448.0,1448.0,1448.0,100,0.0,0.0
2024-07-30 10:53:00+09:00,1447.0,1447.0,1443.0,1443.0,1700,0.0,0.0
2024-07-30 10:54:00+09:00,1444.0,1445.0,1444.0,1445.0,500,0.0,0.0
2024-07-30 10:55:00+09:00,1444.0,1444.0,1441.0,1442.0,900,0.0,0.0
2024-07-30 10:56:00+09:00,1445.0,1445.0,1445.0,1445.0,200,0.0,0.0
2024-07-30 10:58:00+09:00,1446.0,1446.0,1446.0,1446.0,300,0.0,0.0
2024-07-30 11:00:00+09:00,1447.0,1447.0,1447.0,1447.0,200,0.0,0.0
2024-07-30 11:02:00+09:00,1447.0,1447.0,1447.0,1447.0,200,0.0,0.0
2024-07-30 11:04:00+09:00,1447.0,1447.0,1447.0,1447.0,100,0.0,0.0
2024-07-30 11:06:00+09:00,1447.0,1448.0,1447.0,1448.0,700,0.0,0.0
2024-07-30 11:11:00+09:00,1449.0,1449.0,1449.0,1449.0,700,0.0,0.0
2024-07-30 11:22:00+09:00,1447.0,1447.0,1447.0,1447.0,100,0.0,0.0
2024-07-30 11:26:00+09:00,1447.0,1447.0,1447.0,1447.0,300,0.0,0.0
2024-07-30 11:27:00+09:00,1448.0,1448.0,1446.0,1446.0,400,0.0,0.0
2024-07-30 11:28:00+09:00,1445.0,1445.0,1445.0,1445.0,100,0.0,0.0
2024-07-30 11:30:00+09:00,1449.0,1449.0,1449.0,1449.0,900,0.0,0.0
2024-07-30 11:35:00+09:00,1449.0,1449.0,1449.0,1449.0,0,0.0,0.0
2024-07-30 12:32:00+09:00,1448.0,1448.0,1448.0,1448.0,0,0.0,0.0
2024-07-30 12:33:00+09:00,1446.0,1448.0,1444.0,1448.0,65600,0.0,0.0
2024-07-30 12:34:00+09:00,1447.0,1447.0,1447.0,1447.0,200,0.0,0.0
2024-07-30 12:37:00+09:00,1444.0,1445.0,1443.0,1445.0,800,0.0,0.0
2024-07-30 12:39:00+09:00,1442.0,1442.0,1442.0,1442.0,600,0.0,0.0
2024-07-30 12:40:00+09:00,1443.0,1443.0,1443.0,1443.0,200,0.0,0.0
2024-07-30 12:41:00+09:00,1444.0,1444.0,1444.0,1444.0,400,0.0,0.0
2024-07-30 12:42:00+09:00,1442.0,1442.0,1442.0,1442.0,300,0.0,0.0
2024-07-30 12:43:00+09:00,1445.0,1446.0,1444.0,1444.0,600,0.0,0.0
2024-07-30 12:51:00+09:00,1446.0,1446.0,1446.0,1446.0,100,0.0,0.0
2024-07-30 12:52:00+09:00,1446.0,1446.0,1445.0,1445.0,700,0.0,0.0
2024-07-30 12:54:00+09:00,1445.0,1445.0,1444.0,1445.0,400,0.0,0.0
2024-07-30 12:56:00+09:00,1445.0,1445.0,1445.0,1445.0,300,0.0,0.0
2024-07-30 12:57:00+09:00,1446.0,1447.0,1446.0,1447.0,400,0.0,0.0
2024-07-30 12:59:00+09:00,1447.0,1447.0,1447.0,1447.0,100,0.0,0.0
2024-07-30 13:09:00+09:00,1448.0,1448.0,1448.0,1448.0,100,0.0,0.0
2024-07-30 13:13:00+09:00,1448.0,1449.0,1447.0,1447.0,700,0.0,0.0
2024-07-30 13:14:00+09:00,1447.0,1447.0,1447.0,1447.0,400,0.0,0.0
2024-07-30 13:16:00+09:00,1447.0,1447.0,1447.0,1447.0,200,0.0,0.0
2024-07-30 13:23:00+09:00,1446.0,1446.0,1446.0,1446.0,200,0.0,0.0
2024-07-30 13:27:00+09:00,1448.0,1449.0,1448.0,1449.0,700,0.0,0.0
2024-07-30 13:30:00+09:00,1449.0,1454.0,1449.0,1454.0,1200,0.0,0.0
2024-07-30 13:31:00+09:00,1452.0,1452.0,1452.0,1452.0,100,0.0,0.0
2024-07-30 13:36:00+09:00,1452.0,1452.0,1452.0,1452.0,200,0.0,0.0
2024-07-30 13:38:00+09:00,1452.0,1452.0,1452.0,1452.0,200,0.0,0.0
2024-07-30 13:39:00+09:00,1453.0,1454.0,1453.0,1454.0,400,0.0,0.0
2024-07-30 13:44:00+09:00,1456.0,1456.0,1456.0,1456.0,100,0.0,0.0
2024-07-30 13:45:00+09:00,1456.0,1457.0,1456.0,1457.0,400,0.0,0.0
2024-07-30 13:52:00+09:00,1456.0,1456.0,1456.0,1456.0,200,0.0,0.0
2024-07-30 13:53:00+09:00,1458.0,1461.0,1458.0,1461.0,1300,0.0,0.0
2024-07-30 13:59:00+09:00,1459.0,1459.0,1459.0,1459.0,600,0.0,0.0
2024-07-30 14:00:00+09:00,1458.0,1458.0,1458.0,1458.0,400,0.0,0.0
2024-07-30 14:06:00+09:00,1457.0,1457.0,1457.0,1457.0,100,0.0,0.0
2024-07-30 14:08:00+09:00,1457.0,1457.0,1456.0,1456.0,500,0.0,0.0
2024-07-30 14:11:00+09:00,1456.0,1460.0,1456.0,1460.0,1200,0.0,0.0
2024-07-30 14:13:00+09:00,1460.0,1460.0,1460.0,1460.0,100,0.0,0.0
2024-07-30 14:17:00+09:00,1459.0,1459.0,1459.0,1459.0,600,0.0,0.0
2024-07-30 14:19:00+09:00,1461.0,1464.0,1461.0,1464.0,1000,0.0,0.0
2024-07-30 14:24:00+09:00,1464.0,1464.0,1464.0,1464.0,300,0.0,0.0
2024-07-30 14:25:00+09:00,1463.0,1463.0,1463.0,1463.0,600,0.0,0.0
2024-07-30 14:29:00+09:00,1464.0,1466.0,1464.0,1466.0,500,0.0,0.0
2024-07-30 14:30:00+09:00,1463.0,1463.0,1463.0,1463.0,100,0.0,0.0
2024-07-30 14:33:00+09:00,1464.0,1464.0,1464.0,1464.0,500,0.0,0.0
2024-07-30 14:38:00+09:00,1466.0,1466.0,1464.0,1465.0,1000,0.0,0.0
2024-07-30 14:39:00+09:00,1464.0,1464.0,1464.0,1464.0,100,0.0,0.0
2024-07-30 14:40:00+09:00,1465.0,1466.0,1465.0,1466.0,900,0.0,0.0
2024-07-30 14:44:00+09:00,1466.0,1466.0,1466.0,1466.0,600,0.0,0.0
2024-07-30 14:48:00+09:00,1467.0,1467.0,1467.0,1467.0,100,0.0,0.0
2024-07-30 14:49:00+09:00,1466.0,1466.0,1466.0,1466.0,200,0.0,0.0
2024-07-30 14:50:00+09:00,1467.0,1467.0,1465.0,1466.0,2000,0.0,0.0
2024-07-30 14:51:00+09:00,1467.0,1467.0,1467.0,1467.0,200,0.0,0.0
2024-07-30 14:52:00+09:00,1466.0,1467.0,1466.0,1467.0,800,0.0,0.0
2024-07-30 14:53:00+09:00,1466.0,1467.0,1466.0,1467.0,800,0.0,0.0
2024-07-30 14:54:00+09:00,1467.0,1467.0,1467.0,1467.0,200,0.0,0.0
2024-07-30 14:55:00+09:00,1468.0,1468.0,1468.0,1468.0,1100,0.0,0.0
2024-07-30 14:56:00+09:00,1468.0,1468.0,1467.0,1467.0,400,0.0,0.0
2024-07-30 14:57:00+09:00,1467.0,1468.0,1466.0,1468.0,1100,0.0,0.0
2024-07-30 14:58:00+09:00,1467.0,1468.0,1467.0,1468.0,800,0.0,0.0
2024-07-31 09:00:00+09:00,1427.0,1427.0,1426.0,1426.0,7200,0.0,0.0
2024-07-31 09:03:00+09:00,1427.0,1427.0,1427.0,1427.0,500,0.0,0.0
2024-07-31 09:04:00+09:00,1432.0,1432.0,1432.0,1432.0,200,0.0,0.0
2024-07-31 09:05:00+09:00,1435.0,1435.0,1435.0,1435.0,100,0.0,0.0
2024-07-31 09:12:00+09:00,1433.0,1433.0,1428.0,1428.0,500,0.0,0.0
2024-07-31 09:13:00+09:00,1427.0,1427.0,1427.0,1427.0,200,0.0,0.0
2024-07-31 09:14:00+09:00,1427.0,1427.0,1426.0,1426.0,900,0.0,0.0
2024-07-31 09:15:00+09:00,1427.0,1427.0,1427.0,1427.0,400,0.0,0.0
2024-07-31 09:17:00+09:00,1430.0,1431.0,1430.0,1430.0,300,0.0,0.0
2024-07-31 09:19:00+09:00,1428.0,1428.0,1427.0,1427.0,200,0.0,0.0
2024-07-31 09:21:00+09:00,1431.0,1431.0,1431.0,1431.0,200,0.0,0.0
2024-07-31 09:25:00+09:00,1433.0,1437.0,1433.0,1437.0,300,0.0,0.0
2024-07-31 09:26:00+09:00,1436.0,1436.0,1436.0,1436.0,100,0.0,0.0
2024-07-31 09:28:00+09:00,1435.0,1435.0,1435.0,1435.0,200,0.0,0.0
2024-07-31 09:30:00+09:00,1432.0,1432.0,1432.0,1432.0,100,0.0,0.0
2024-07-31 09:37:00+09:00,1434.0,1436.0,1434.0,1436.0,700,0.0,0.0
2024-07-31 09:38:00+09:00,1435.0,1435.0,1435.0,1435.0,200,0.0,0.0
2024-07-31 09:45:00+09:00,1435.0,1435.0,1435.0,1435.0,300,0.0,0.0
2024-07-31 09:55:00+09:00,1435.0,1435.0,1435.0,1435.0,500,0.0,0.0
2024-07-31 09:57:00+09:00,1435.0,1435.0,1433.0,1433.0,400,0.0,0.0
2024-07-31 10:02:00+09:00,1434.0,1434.0,1434.0,1434.0,200,0.0,0.0
2024-07-31 10:07:00+09:00,1433.0,1433.0,1433.0,1433.0,100,0.0,0.0
2024-07-31 10:09:00+09:00,1431.0,1431.0,1427.0,1427.0,2500,0.0,0.0
2024-07-31 10:14:00+09:00,1428.0,1428.0,1428.0,1428.0,200,0.0,0.0
2024-07-31 10:16:00+09:00,1427.0,1427.0,1421.0,1421.0,3000,0.0,0.0
2024-07-31 10:17:00+09:00,1422.0,1422.0,1421.0,1421.0,1600,0.0,0.0
2024-07-31 10:20:00+09:00,1421.0,1421.0,1420.0,1421.0,2400,0.0,0.0
2024-07-31 10:24:00+09:00,1422.0,1422.0,1422.0,1422.0,100,0.0,0.0
2024-07-31 10:26:00+09:00,1422.0,1422.0,1422.0,1422.0,100,0.0,0.0
2024-07-31 10:29:00+09:00,1425.0,1425.0,1425.0,1425.0,100,0.0,0.0
2024-07-31 10:31:00+09:00,1426.0,1426.0,1423.0,1423.0,800,0.0,0.0
2024-07-31 10:32:00+09:00,1424.0,1424.0,1424.0,1424.0,300,0.0,0.0
2024-07-31 10:36:00+09:00,1426.0,1428.0,1426.0,1428.0,700,0.0,0.0
2024-07-31 10:37:00+09:00,1427.0,1427.0,1427.0,1427.0,200,0.0,0.0
2024-07-31 10:38:00+09:00,1426.0,1426.0,1426.0,1426.0,100,0.0,0.0
2024-07-31 10:44:00+09:00,1426.0,1426.0,1426.0,1426.0,200,0.0,0.0
2024-07-31 10:50:00+09:00,1426.0,1427.0,1426.0,1427.0,400,0.0,0.0
2024-07-31 10:52:00+09:00,1427.0,1427.0,1427.0,1427.0,100,0.0,0.0
2024-07-31 10:57:00+09:00,1427.0,1427.0,1427.0,1427.0,200,0.0,0.0
2024-07-31 11:03:00+09:00,1427.0,1427.0,1427.0,1427.0,200,0.0,0.0
2024-07-31 11:05:00+09:00,1425.0,1425.0,1425.0,1425.0,100,0.0,0.0
2024-07-31 11:06:00+09:00,1425.0,1425.0,1425.0,1425.0,100,0.0,0.0
2024-07-31 11:13:00+09:00,1427.0,1427.0,1427.0,1427.0,200,0.0,0.0
2024-07-31 11:19:00+09:00,1428.0,1428.0,1428.0,1428.0,400,0.0,0.0
2024-07-31 11:25:00+09:00,1430.0,1430.0,1430.0,1430.0,300,0.0,0.0
2024-07-31 11:26:00+09:00,1431.0,1431.0,1430.0,1430.0,200,0.0,0.0
2024-07-31 11:27:00+09:00,1431.0,1431.0,1431.0,1431.0,200,0.0,0.0
2024-07-31 11:29:00+09:00,1428.0,1428.0,1428.0,1428.0,100,0.0,0.0
2024-07-31 11:35:00+09:00,1428.0,1428.0,1428.0,1428.0,0,0.0,0.0
2024-07-31 12:30:00+09:00,1431.0,1435.0,1431.0,1435.0,29800,0.0,0.0
2024-07-31 12:35:00+09:00,1433.0,1433.0,1430.0,1430.0,400,0.0,0.0
2024-07-31 12:39:00+09:00,1431.0,1432.0,1431.0,1432.0,200,0.0,0.0
2024-07-31 12:45:00+09:00,1430.0,1430.0,1429.0,1429.0,400,0.0,0.0
2024-07-31 12:46:00+09:00,1429.0,1429.0,1429.0,1429.0,100,0.0,0.0
2024-07-31 12:50:00+09:00,1430.0,1430.0,1430.0,1430.0,600,0.0,0.0
2024-07-31 12:55:00+09:00,1431.0,1432.0,1431.0,1432.0,600,0.0,0.0
2024-07-31 12:56:00+09:00,1430.0,1430.0,1428.0,1428.0,1200,0.0,0.0
2024-07-31 12:58:00+09:00,1432.0,1432.0,1432.0,1432.0,300,0.0,0.0
2024-07-31 12:59:00+09:00,1435.0,1435.0,1435.0,1435.0,100,0.0,0.0
2024-07-31 13:00:00+09:00,1435.0,1435.0,1435.0,1435.0,1100,0.0,0.0
2024-07-31 13:01:00+09:00,1435.0,1435.0,1435.0,1435.0,300,0.0,0.0
2024-07-31 13:04:00+09:00,1434.0,1434.0,1434.0,1434.0,100,0.0,0.0
2024-07-31 13:05:00+09:00,1434.0,1436.0,1434.0,1436.0,400,0.0,0.0
2024-07-31 13:08:00+09:00,1436.0,1436.0,1436.0,1436.0,500,0.0,0.0
2024-07-31 13:09:00+09:00,1434.0,1434.0,1434.0,1434.0,100,0.0,0.0
2024-07-31 13:13:00+09:00,1434.0,1434.0,1434.0,1434.0,300,0.0,0.0
2024-07-31 13:18:00+09:00,1438.0,1438.0,1438.0,1438.0,200,0.0,0.0
2024-07-31 13:19:00+09:00,1440.0,1441.0,1437.0,1437.0,700,0.0,0.0
2024-07-31 13:23:00+09:00,1437.0,1437.0,1437.0,1437.0,300,0.0,0.0
2024-07-31 13:27:00+09:00,1437.0,1437.0,1437.0,1437.0,200,0.0,0.0
2024-07-31 13:39:00+09:00,1437.0,1437.0,1437.0,1437.0,100,0.0,0.0
2024-07-31 13:44:00+09:00,1438.0,1438.0,1438.0,1438.0,100,0.0,0.0
2024-07-31 13:48:00+09:00,1439.0,1440.0,1439.0,1440.0,1100,0.0,0.0
2024-07-31 13:49:00+09:00,1439.0,1439.0,1439.0,1439.0,200,0.0,0.0
2024-07-31 13:50:00+09:00,1438.0,1438.0,1436.0,1436.0,1100,0.0,0.0
2024-07-31 13:54:00+09:00,1436.0,1436.0,1436.0,1436.0,200,0.0,0.0
2024-07-31 14:02:00+09:00,1436.0,1436.0,1436.0,1436.0,100,0.0,0.0
2024-07-31 14:11:00+09:00,1436.0,1436.0,1436.0,1436.0,100,0.0,0.0
2024-07-31 14:14:00+09:00,1437.0,1437.0,1436.0,1436.0,300,0.0,0.0
2024-07-31 14:17:00+09:00,1435.0,1435.0,1435.0,1435.0,200,0.0,0.0
2024-07-31 14:18:00+09:00,1434.0,1434.0,1434.0,1434.0,100,0.0,0.0
2024-07-31 14:22:00+09:00,1434.0,1434.0,1434.0,1434.0,200,0.0,0.0
2024-07-31 14:26:00+09:00,1434.0,1434.0,1434.0,1434.0,200,0.0,0.0
2024-07-31 14:29:00+09:00,1435.0,1435.0,1435.0,1435.0,300,0.0,0.0
2024-07-31 14:30:00+09:00,1434.0,1434.0,1434.0,1434.0,100,0.0,0.0
2024-07-31 14:31:00+09:00,1435.0,1435.0,1435.0,1435.0,100,0.0,0.0
2024-07-31 14:32:00+09:00,1436.0,1436.0,1436.0,1436.0,100,0.0,0.0
2024-07-31 14:34:00+09:00,1435.0,1435.0,1435.0,1435.0,200,0.0,0.0
2024-07-31 14:37:00+09:00,1437.0,1437.0,1437.0,1437.0,300,0.0,0.0
2024-07-31 14:41:00+09:00,1438.0,1438.0,1438.0,1438.0,100,0.0,0.0
2024-07-31 14:43:00+09:00,1439.0,1439.0,1438.0,1438.0,800,0.0,0.0
2024-07-31 14:45:00+09:00,1438.0,1439.0,1438.0,1439.0,200,0.0,0.0
2024-07-31 14:46:00+09:00,1440.0,1441.0,1440.0,1441.0,2500,0.0,0.0
2024-07-31 14:47:00+09:00,1441.0,1441.0,1441.0,1441.0,200,0.0,0.0
2024-07-31 14:49:00+09:00,1442.0,1443.0,1442.0,1443.0,400,0.0,0.0
2024-07-31 14:50:00+09:00,1442.0,1442.0,1442.0,1442.0,100,0.0,0.0
2024-07-31 14:54:00+09:00,1442.0,1444.0,1442.0,1444.0,2000,0.0,0.0
2024-07-31 14:55:00+09:00,1446.0,1446.0,1445.0,1445.0,400,0.0,0.0
2024-07-31 14:57:00+09:00,1446.0,1448.0,1446.0,1448.0,600,0.0,0.0
2024-07-31 14:58:00+09:00,1449.0,1450.0,1448.0,1448.0,800,0.0,0.0
2024-07-31 14:59:00+09:00,1447.0,1451.0,1447.0,1451.0,700,0.0,0.0
2024-08-01 09:00:00+09:00,1440.0,1440.0,1436.0,1436.0,9600,0.0,0.0
2024-08-01 09:01:00+09:00,1433.0,1433.0,1433.0,1433.0,100,0.0,0.0
2024-08-01 09:02:00+09:00,1433.0,1433.0,1433.0,1433.0,100,0.0,0.0
2024-08-01 09:05:00+09:00,1433.0,1433.0,1432.0,1432.0,300,0.0,0.0
2024-08-01 09:06:00+09:00,1434.0,1434.0,1434.0,1434.0,100,0.0,0.0
2024-08-01 09:09:00+09:00,1432.0,1432.0,1432.0,1432.0,300,0.0,0.0
2024-08-01 09:12:00+09:00,1432.0,1432.0,1431.0,1431.0,400,0.0,0.0
2024-08-01 09:13:00+09:00,1432.0,1432.0,1432.0,1432.0,100,0.0,0.0
2024-08-01 09:14:00+09:00,1431.0,1431.0,1428.0,1428.0,1900,0.0,0.0
2024-08-01 09:19:00+09:00,1428.0,1428.0,1427.0,1427.0,600,0.0,0.0
2024-08-01 09:21:00+09:00,1426.0,1426.0,1425.0,1425.0,300,0.0,0.0
2024-08-01 09:22:00+09:00,1424.0,1424.0,1421.0,1421.0,500,0.0,0.0
2024-08-01 09:23:00+09:00,1422.0,1422.0,1422.0,1422.0,100,0.0,0.0
2024-08-01 09:25:00+09:00,1421.0,1421.0,1418.0,1418.0,2800,0.0,0.0
2024-08-01 09:26:00+09:00,1419.0,1419.0,1419.0,1419.0,500,0.0,0.0
2024-08-01 09:27:00+09:00,1421.0,1421.0,1421.0,1421.0,100,0.0,0.0
2024-08-01 09:28:00+09:00,1419.0,1419.0,1419.0,1419.0,200,0.0,0.0
2024-08-01 09:30:00+09:00,1418.0,1418.0,1417.0,1417.0,700,0.0,0.0
2024-08-01 09:33:00+09:00,1417.0,1417.0,1412.0,1413.0,1000,0.0,0.0
2024-08-01 09:38:00+09:00,1415.0,1415.0,1414.0,1414.0,300,0.0,0.0
2024-08-01 09:40:00+09:00,1414.0,1414.0,1414.0,1414.0,300,0.0,0.0
2024-08-01 09:41:00+09:00,1415.0,1415.0,1414.0,1414.0,600,0.0,0.0
2024-08-01 09:42:00+09:00,1414.0,1414.0,1414.0,1414.0,300,0.0,0.0
2024-08-01 09:45:00+09:00,1414.0,1414.0,1411.0,1411.0,700,0.0,0.0
2024-08-01 09:46:00+09:00,1414.0,1416.0,1413.0,1413.0,700,0.0,0.0
2024-08-01 09:51:00+09:00,1414.0,1414.0,1413.0,1413.0,300,0.0,0.0
2024-08-01 09:52:00+09:00,1413.0,1413.0,1413.0,1413.0,200,0.0,0.0
2024-08-01 09:53:00+09:00,1412.0,1412.0,1412.0,1412.0,200,0.0,0.0
2024-08-01 09:56:00+09:00,1411.0,1412.0,1411.0,1412.0,1300,0.0,0.0
2024-08-01 10:02:00+09:00,1410.0,1410.0,1410.0,1410.0,900,0.0,0.0
2024-08-01 10:03:00+09:00,1409.0,1409.0,1408.0,1408.0,1000,0.0,0.0
2024-08-01 10:04:00+09:00,1408.0,1408.0,1408.0,1408.0,200,0.0,0.0
2024-08-01 10:05:00+09:00,1407.0,1407.0,1407.0,1407.0,100,0.0,0.0
2024-08-01 10:06:00+09:00,1407.0,1407.0,1407.0,1407.0,100,0.0,0.0
2024-08-01 10:08:00+09:00,1406.0,1406.0,1404.0,1404.0,1000,0.0,0.0
2024-08-01 10:11:00+09:00,1404.0,1404.0,1403.0,1403.0,500,0.0,0.0
2024-08-01 10:18:00+09:00,1406.0,1406.0,1404.0,1404.0,200,0.0,0.0
2024-08-01 10:20:00+09:00,1405.0,1405.0,1405.0,1405.0,300,0.0,0.0
2024-08-01 10:23:00+09:00,1405.0,1405.0,1405.0,1405.0,100,0.0,0.0
2024-08-01 10:28:00+09:00,1405.0,1405.0,1405.0,1405.0,200,0.0,0.0
2024-08-01 10:32:00+09:00,1405.0,1405.0,1405.0,1405.0,100,0.0,0.0
2024-08-01 10:33:00+09:00,1405.0,1405.0,1404.0,1404.0,800,0.0,0.0
2024-08-01 10:37:00+09:00,1403.0,1403.0,1402.0,1402.0,600,0.0,0.0
2024-08-01 10:39:00+09:00,1402.0,1403.0,1401.0,1401.0,1300,0.0,0.0
2024-08-01 10:41:00+09:00,1401.0,1401.0,1400.0,1401.0,2000,0.0,0.0
2024-08-01 10:44:00+09:00,1401.0,1401.0,1400.0,1400.0,300,0.0,0.0
2024-08-01 10:46:00+09:00,1401.0,1402.0,1401.0,1402.0,700,0.0,0.0
2024-08-01 10:49:00+09:00,1403.0,1403.0,1403.0,1403.0,200,0.0,0.0
2024-08-01 10:51:00+09:00,1402.0,1402.0,1402.0,1402.0,100,0.0,0.0
2024-08-01 10:53:00+09:00,1402.0,1402.0,1402.0,1402.0,500,0.0,0.0
2024-08-01 11:00:00+09:00,1402.0,1402.0,1402.0,1402.0,100,0.0,0.0
2024-08-01 11:08:00+09:00,1403.0,1407.0,1403.0,1407.0,800,0.0,0.0
2024-08-01 11:12:00+09:00,1405.0,1405.0,1403.0,1403.0,800,0.0,0.0
2024-08-01 11:18:00+09:00,1404.0,1404.0,1404.0,1404.0,300,0.0,0.0
2024-08-01 11:20:00+09:00,1403.0,1403.0,1403.0,1403.0,100,0.0,0.0
2024-08-01 11:21:00+09:00,1402.0,1402.0,1402.0,1402.0,100,0.0,0.0
2024-08-01 11:22:00+09:00,1403.0,1403.0,1403.0,1403.0,400,0.0,0.0
2024-08-01 11:26:00+09:00,1406.0,1406.0,1406.0,1406.0,200,0.0,0.0
2024-08-01 11:27:00+09:00,1408.0,1411.0,1408.0,1411.0,300,0.0,0.0
2024-08-01 11:28:00+09:00,1410.0,1414.0,1410.0,1414.0,1000,0.0,0.0
2024-08-01 11:29:00+09:00,1414.0,1418.0,1412.0,1414.0,1400,0.0,0.0
2024-08-01 11:35:00+09:00,1414.0,1414.0,1414.0,1414.0,0,0.0,0.0
2024-08-01 12:30:00+09:00,1414.0,1421.0,1414.0,1421.0,43200,0.0,0.0
2024-08-01 12:31:00+09:00,1416.0,1419.0,1414.0,1414.0,700,0.0,0.0
2024-08-01 12:32:00+09:00,1415.0,1417.0,1415.0,1415.0,600,0.0,0.0
2024-08-01 12:34:00+09:00,1415.0,1415.0,1415.0,1415.0,100,0.0,0.0
2024-08-01 12:39:00+09:00,1413.0,1413.0,1412.0,1412.0,200,0.0,0.0
2024-08-01 12:40:00+09:00,1413.0,1413.0,1413.0,1413.0,100,0.0,0.0
2024-08-01 12:41:00+09:00,1414.0,1414.0,1413.0,1413.0,300,0.0,0.0
2024-08-01 12:42:00+09:00,1412.0,1414.0,1411.0,1414.0,900,0.0,0.0
2024-08-01 12:43:00+09:00,1411.0,1413.0,1411.0,1413.0,300,0.0,0.0
2024-08-01 12:45:00+09:00,1414.0,1414.0,1414.0,1414.0,100,0.0,0.0
2024-08-01 12:46:00+09:00,1413.0,1413.0,1412.0,1412.0,500,0.0,0.0
2024-08-01 12:54:00+09:00,1412.0,1412.0,1412.0,1412.0,100,0.0,0.0
2024-08-01 12:55:00+09:00,1411.0,1412.0,1411.0,1412.0,200,0.0,0.0
2024-08-01 12:56:00+09:00,1412.0,1412.0,1412.0,1412.0,100,0.0,0.0
2024-08-01 12:57:00+09:00,1413.0,1413.0,1413.0,1413.0,200,0.0,0.0
2024-08-01 13:00:00+09:00,1413.0,1414.0,1413.0,1414.0,400,0.0,0.0
2024-08-01 13:03:00+09:00,1410.0,1412.0,1410.0,1412.0,200,0.0,0.0
2024-08-01 13:04:00+09:00,1409.0,1409.0,1409.0,1409.0,100,0.0,0.0
2024-08-01 13:05:00+09:00,1409.0,1412.0,1409.0,1412.0,200,0.0,0.0
2024-08-01 13:08:00+09:00,1412.0,1413.0,1412.0,1412.0,600,0.0,0.0
2024-08-01 13:15:00+09:00,1412.0,1412.0,1412.0,1412.0,100,0.0,0.0
2024-08-01 13:16:00+09:00,1412.0,1412.0,1410.0,1410.0,1200,0.0,0.0
2024-08-01 13:20:00+09:00,1410.0,1410.0,1410.0,1410.0,100,0.0,0.0
2024-08-01 13:29:00+09:00,1409.0,1409.0,1409.0,1409.0,400,0.0,0.0
2024-08-01 13:30:00+09:00,1410.0,1410.0,1409.0,1410.0,900,0.0,0.0
2024-08-01 13:32:00+09:00,1410.0,1410.0,1410.0,1410.0,100,0.0,0.0
2024-08-01 13:37:00+09:00,1409.0,1409.0,1406.0,1406.0,1800,0.0,0.0
2024-08-01 13:39:00+09:00,1406.0,1406.0,1406.0,1406.0,100,0.0,0.0
2024-08-01 13:46:00+09:00,1407.0,1407.0,1406.0,1406.0,300,0.0,0.0
2024-08-01 13:49:00+09:00,1406.0,1407.0,1406.0,1407.0,900,0.0,0.0
2024-08-01 13:52:00+09:00,1407.0,1407.0,1407.0,1407.0,200,0.0,0.0
2024-08-01 13:53:00+09:00,1407.0,1408.0,1407.0,1408.0,500,0.0,0.0
2024-08-01 13:54:00+09:00,1406.0,1406.0,1405.0,1405.0,600,0.0,0.0
2024-08-01 13:59:00+09:00,1407.0,1407.0,1407.0,1407.0,100,0.0,0.0
2024-08-01 14:01:00+09:00,1408.0,1408.0,1408.0,1408.0,200,0.0,0.0
2024-08-01 14:02:00+09:00,1408.0,1408.0,1407.0,1407.0,500,0.0,0.0
2024-08-01 14:03:00+09:00,1407.0,1407.0,1407.0,1407.0,100,0.0,0.0
2024-08-01 14:04:00+09:00,1407.0,1408.0,1407.0,1408.0,200,0.0,0.0
2024-08-01 14:05:00+09:00,1408.0,1408.0,1408.0,1408.0,100,0.0,0.0
2024-08-01 14:10:00+09:00,1410.0,1410.0,1410.0,1410.0,100,0.0,0.0
2024-08-01 14:12:00+09:00,1411.0,1411.0,1411.0,1411.0,300,0.0,0.0
2024-08-01 14:16:00+09:00,1412.0,1412.0,1412.0,1412.0,100,0.0,0.0
2024-08-01 14:17:00+09:00,1412.0,1412.0,1412.0,1412.0,100,0.0,0.0
2024-08-01 14:18:00+09:00,1412.0,1412.0,1412.0,1412.0,200,0.0,0.0
2024-08-01 14:19:00+09:00,1413.0,1413.0,1413.0,1413.0,200,0.0,0.0
2024-08-01 14:20:00+09:00,1412.0,1412.0,1412.0,1412.0,500,0.0,0.0
2024-08-01 14:23:00+09:00,1412.0,1412.0,1412.0,1412.0,200,0.0,0.0
2024-08-01 14:26:00+09:00,1412.0,1412.0,1412.0,1412.0,100,0.0,0.0
2024-08-01 14:27:00+09:00,1412.0,1412.0,1410.0,1410.0,200,0.0,0.0
2024-08-01 14:28:00+09:00,1411.0,1411.0,1411.0,1411.0,100,0.0,0.0
2024-08-01 14:30:00+09:00,1410.0,1410.0,1409.0,1409.0,900,0.0,0.0
2024-08-01 14:31:00+09:00,1408.0,1409.0,1408.0,1409.0,300,0.0,0.0
2024-08-01 14:35:00+09:00,1410.0,1410.0,1410.0,1410.0,300,0.0,0.0
2024-08-01 14:36:00+09:00,1410.0,1410.0,1410.0,1410.0,100,0.0,0.0
2024-08-01 14:41:00+09:00,1411.0,1411.0,1410.0,1410.0,700,0.0,0.0
2024-08-01 14:43:00+09:00,1411.0,1411.0,1410.0,1410.0,600,0.0,0.0
2024-08-01 14:48:00+09:00,1410.0,1411.0,1409.0,1411.0,300,0.0,0.0
2024-08-01 14:50:00+09:00,1410.0,1410.0,1410.0,1410.0,200,0.0,0.0
2024-08-01 14:52:00+09:00,1411.0,1411.0,1411.0,1411.0,400,0.0,0.0
2024-08-01 14:53:00+09:00,1410.0,1410.0,1410.0,1410.0,300,0.0,0.0
2024-08-01 14:54:00+09:00,1410.0,1410.0,1410.0,1410.0,100,0.0,0.0
2024-08-01 14:55:00+09:00,1410.0,1410.0,1410.0,1410.0,200,0.0,0.0
2024-08-01 14:56:00+09:00,1410.0,1410.0,1408.0,1408.0,300,0.0,0.0
2024-08-01 14:57:00+09:00,1408.0,1408.0,1408.0,1408.0,100,0.0,0.0
2024-08-01 14:58:00+09:00,1407.0,1407.0,1407.0,1407.0,200,0.0,0.0
2024-08-01 14:59:00+09:00,1408.0,1408.0,1405.0,1405.0,1000,0.0,0.0
2024-08-02 09:03:00+09:00,1370.0,1373.0,1362.0,1363.0,13300,0.0,0.0
2024-08-02 09:04:00+09:00,1362.0,1367.0,1362.0,1363.0,400,0.0,0.0
2024-08-02 09:05:00+09:00,1365.0,1365.0,1363.0,1363.0,600,0.0,0.0
2024-08-02 09:06:00+09:00,1362.0,1362.0,1356.0,1356.0,4100,0.0,0.0
2024-08-02 09:07:00+09:00,1356.0,1356.0,1350.0,1350.0,2400,0.0,0.0
2024-08-02 09:08:00+09:00,1350.0,1355.0,1350.0,1355.0,300,0.0,0.0
2024-08-02 09:09:00+09:00,1356.0,1358.0,1356.0,1358.0,1500,0.0,0.0
2024-08-02 09:10:00+09:00,1358.0,1359.0,1358.0,1359.0,200,0.0,0.0
2024-08-02 09:11:00+09:00,1359.0,1364.0,1359.0,1364.0,800,0.0,0.0
2024-08-02 09:12:00+09:00,1364.0,1365.0,1364.0,1365.0,400,0.0,0.0
2024-08-02 09:13:00+09:00,1366.0,1366.0,1366.0,1366.0,300,0.0,0.0
2024-08-02 09:14:00+09:00,1365.0,1365.0,1362.0,1362.0,700,0.0,0.0
2024-08-02 09:15:00+09:00,1360.0,1360.0,1356.0,1356.0,200,0.0,0.0
2024-08-02 09:16:00+09:00,1354.0,1354.0,1354.0,1354.0,300,0.0,0.0
2024-08-02 09:17:00+09:00,1356.0,1356.0,1354.0,1354.0,200,0.0,0.0
2024-08-02 09:19:00+09:00,1355.0,1358.0,1355.0,1355.0,400,0.0,0.0
2024-08-02 09:20:00+09:00,1356.0,1359.0,1356.0,1357.0,300,0.0,0.0
2024-08-02 09:21:00+09:00,1360.0,1360.0,1360.0,1360.0,200,0.0,0.0
2024-08-02 09:23:00+09:00,1355.0,1355.0,1354.0,1354.0,400,0.0,0.0
2024-08-02 09:24:00+09:00,1354.0,1354.0,1354.0,1354.0,100,0.0,0.0
2024-08-02 09:25:00+09:00,1353.0,1353.0,1348.0,1348.0,2600,0.0,0.0
2024-08-02 09:26:00+09:00,1348.0,1352.0,1348.0,1352.0,1000,0.0,0.0
2024-08-02 09:27:00+09:00,1349.0,1349.0,1344.0,1344.0,3000,0.0,0.0
2024-08-02 09:28:00+09:00,1345.0,1345.0,1344.0,1344.0,200,0.0,0.0
2024-08-02 09:29:00+09:00,1344.0,1344.0,1344.0,1344.0,200,0.0,0.0
2024-08-02 09:31:00+09:00,1345.0,1345.0,1345.0,1345.0,200,0.0,0.0
2024-08-02 09:34:00+09:00,1346.0,1346.0,1346.0,1346.0,100,0.0,0.0
2024-08-02 09:36:00+09:00,1350.0,1350.0,1346.0,1346.0,1400,0.0,0.0
2024-08-02 09:37:00+09:00,1346.0,1346.0,1346.0,1346.0,100,0.0,0.0
2024-08-02 09:39:00+09:00,1346.0,1346.0,1341.0,1341.0,2500,0.0,0.0
2024-08-02 09:40:00+09:00,1341.0,1341.0,1338.0,1340.0,1300,0.0,0.0
2024-08-02 09:41:00+09:00,1340.0,1340.0,1338.0,1338.0,400,0.0,0.0
2024-08-02 09:43:00+09:00,1338.0,1338.0,1337.0,1337.0,1200,0.0,0.0
2024-08-02 09:44:00+09:00,1337.0,1337.0,1337.0,1337.0,100,0.0,0.0
2024-08-02 09:45:00+09:00,1336.0,1336.0,1335.0,1335.0,600,0.0,0.0
2024-08-02 09:46:00+09:00,1334.0,1335.0,1333.0,1335.0,500,0.0,0.0
2024-08-02 09:47:00+09:00,1333.0,1334.0,1332.0,1334.0,600,0.0,0.0
2024-08-02 09:49:00+09:00,1333.0,1334.0,1333.0,1334.0,400,0.0,0.0
2024-08-02 09:51:00+09:00,1335.0,1335.0,1333.0,1334.0,900,0.0,0.0
2024-08-02 09:53:00+09:00,1334.0,1335.0,1334.0,1335.0,300,0.0,0.0
2024-08-02 09:54:00+09:00,1334.0,1334.0,1334.0,1334.0,100,0.0,0.0
2024-08-02 09:55:00+09:00,1332.0,1332.0,1332.0,1332.0,0,0.0,0.0
2024-08-02 09:56:00+09:00,1328.0,1328.0,1328.0,1328.0,46000,0.0,0.0
2024-08-02 09:57:00+09:00,1327.0,1327.0,1327.0,1327.0,200,0.0,0.0
2024-08-02 09:58:00+09:00,1327.0,1327.0,1323.0,1323.0,1100,0.0,0.0
2024-08-02 09:59:00+09:00,1327.0,1330.0,1327.0,1330.0,1300,0.0,0.0
2024-08-02 10:00:00+09:00,1330.0,1332.0,1330.0,1332.0,600,0.0,0.0
2024-08-02 10:01:00+09:00,1332.0,1334.0,1332.0,1334.0,200,0.0,0.0
2024-08-02 10:02:00+09:00,1332.0,1332.0,1332.0,1332.0,100,0.0,0.0
2024-08-02 10:04:00+09:00,1330.0,1330.0,1327.0,1327.0,500,0.0,0.0
2024-08-02 10:06:00+09:00,1326.0,1326.0,1324.0,1324.0,500,0.0,0.0
2024-08-02 10:08:00+09:00,1327.0,1331.0,1327.0,1331.0,500,0.0,0.0
2024-08-02 10:09:00+09:00,1331.0,1331.0,1331.0,1331.0,100,0.0,0.0
2024-08-02 10:10:00+09:00,1330.0,1330.0,1330.0,1330.0,200,0.0,0.0
2024-08-02 10:11:00+09:00,1333.0,1333.0,1333.0,1333.0,200,0.0,0.0
2024-08-02 10:13:00+09:00,1332.0,1332.0,1332.0,1332.0,100,0.0,0.0
2024-08-02 10:15:00+09:00,1333.0,1333.0,1333.0,1333.0,100,0.0,0.0
2024-08-02 10:17:00+09:00,1334.0,1334.0,1334.0,1334.0,100,0.0,0.0
2024-08-02 10:19:00+09:00,1334.0,1334.0,1334.0,1334.0,200,0.0,0.0
2024-08-02 10:21:00+09:00,1334.0,1334.0,1334.0,1334.0,100,0.0,0.0
2024-08-02 10:22:00+09:00,1335.0,1335.0,1332.0,1332.0,200,0.0,0.0
2024-08-02 10:24:00+09:00,1334.0,1334.0,1334.0,1334.0,200,0.0,0.0
2024-08-02 10:25:00+09:00,1334.0,1334.0,1333.0,1333.0,200,0.0,0.0
2024-08-02 10:26:00+09:00,1332.0,1332.0,1332.0,1332.0,600,0.0,0.0
2024-08-02 10:29:00+09:00,1333.0,1333.0,1333.0,1333.0,100,0.0,0.0
2024-08-02 10:30:00+09:00,1335.0,1335.0,1335.0,1335.0,100,0.0,0.0
2024-08-02 10:31:00+09:00,1337.0,1343.0,1337.0,1340.0,2800,0.0,0.0
2024-08-02 10:34:00+09:00,1341.0,1341.0,1341.0,1341.0,100,0.0,0.0
2024-08-02 10:37:00+09:00,1345.0,1349.0,1344.0,1344.0,2200,0.0,0.0
2024-08-02 10:38:00+09:00,1344.0,1346.0,1344.0,1346.0,200,0.0,0.0
2024-08-02 10:41:00+09:00,1350.0,1350.0,1350.0,1350.0,100,0.0,0.0
2024-08-02 10:42:00+09:00,1350.0,1350.0,1350.0,1350.0,100,0.0,0.0
2024-08-02 10:43:00+09:00,1351.0,1351.0,1351.0,1351.0,100,0.0,0.0
2024-08-02 10:45:00+09:00,1351.0,1351.0,1351.0,1351.0,100,0.0,0.0
2024-08-02 10:47:00+09:00,1352.0,1356.0,1352.0,1355.0,1200,0.0,0.0
2024-08-02 10:51:00+09:00,1355.0,1355.0,1354.0,1354.0,600,0.0,0.0
2024-08-02 10:52:00+09:00,1356.0,1356.0,1356.0,1356.0,100,0.0,0.0
2024-08-02 10:54:00+09:00,1357.0,1364.0,1356.0,1360.0,5300,0.0,0.0
2024-08-02 10:55:00+09:00,1360.0,1360.0,1360.0,1360.0,300,0.0,0.0
2024-08-02 10:56:00+09:00,1362.0,1362.0,1362.0,1362.0,100,0.0,0.0
2024-08-02 10:57:00+09:00,1361.0,1362.0,1361.0,1361.0,2400,0.0,0.0
2024-08-02 10:58:00+09:00,1361.0,1361.0,1361.0,1361.0,300,0.0,0.0
2024-08-02 10:59:00+09:00,1360.0,1360.0,1352.0,1355.0,6100,0.0,0.0
2024-08-02 11:00:00+09:00,1355.0,1356.0,1347.0,1351.0,5400,0.0,0.0
2024-08-02 11:04:00+09:00,1352.0,1352.0,1351.0,1351.0,300,0.0,0.0
2024-08-02 11:05:00+09:00,1351.0,1353.0,1351.0,1353.0,300,0.0,0.0
2024-08-02 11:06:00+09:00,1355.0,1356.0,1355.0,1356.0,500,0.0,0.0
2024-08-02 11:08:00+09:00,1358.0,1358.0,1358.0,1358.0,200,0.0,0.0
2024-08-02 11:09:00+09:00,1357.0,1357.0,1357.0,1357.0,100,0.0,0.0
2024-08-02 11:15:00+09:00,1355.0,1356.0,1355.0,1356.0,400,0.0,0.0
2024-08-02 11:16:00+09:00,1356.0,1356.0,1356.0,1356.0,200,0.0,0.0
2024-08-02 11:18:00+09:00,1355.0,1355.0,1355.0,1355.0,100,0.0,0.0
2024-08-02 11:22:00+09:00,1353.0,1353.0,1353.0,1353.0,500,0.0,0.0
2024-08-02 11:24:00+09:00,1353.0,1353.0,1352.0,1352.0,500,0.0,0.0
2024-08-02 11:25:00+09:00,1351.0,1351.0,1349.0,1349.0,1100,0.0,0.0
2024-08-02 11:27:00+09:00,1349.0,1349.0,1345.0,1345.0,900,0.0,0.0
2024-08-02 11:28:00+09:00,1350.0,1351.0,1350.0,1351.0,300,0.0,0.0
2024-08-02 11:35:00+09:00,1351.0,1351.0,1351.0,1351.0,0,0.0,0.0
2024-08-02 12:30:00+09:00,1350.0,1351.0,1350.0,1350.0,88000,0.0,0.0
2024-08-02 12:32:00+09:00,1351.0,1351.0,1351.0,1351.0,200,0.0,0.0
2024-08-02 12:35:00+09:00,1349.0,1349.0,1349.0,1349.0,400,0.0,0.0
2024-08-02 12:37:00+09:00,1349.0,1349.0,1348.0,1348.0,300,0.0,0.0
2024-08-02 12:44:00+09:00,1348.0,1348.0,1348.0,1348.0,100,0.0,0.0
2024-08-02 12:45:00+09:00,1346.0,1346.0,1346.0,1346.0,100,0.0,0.0
2024-08-02 12:46:00+09:00,1347.0,1347.0,1347.0,1347.0,100,0.0,0.0
2024-08-02 12:47:00+09:00,1347.0,1347.0,1347.0,1347.0,100,0.0,0.0
2024-08-02 12:51:00+09:00,1347.0,1347.0,1347.0,1347.0,500,0.0,0.0
2024-08-02 12:53:00+09:00,1347.0,1347.0,1347.0,1347.0,200,0.0,0.0
2024-08-02 12:54:00+09:00,1346.0,1346.0,1346.0,1346.0,200,0.0,0.0
2024-08-02 12:56:00+09:00,1345.0,1345.0,1345.0,1345.0,100,0.0,0.0
2024-08-02 12:59:00+09:00,1346.0,1346.0,1345.0,1345.0,200,0.0,0.0
2024-08-02 13:00:00+09:00,1347.0,1347.0,1347.0,1347.0,200,0.0,0.0
2024-08-02 13:01:00+09:00,1346.0,1346.0,1346.0,1346.0,200,0.0,0.0
2024-08-02 13:02:00+09:00,1347.0,1353.0,1347.0,1350.0,5400,0.0,0.0
2024-08-02 13:05:00+09:00,1349.0,1351.0,1349.0,1351.0,400,0.0,0.0
2024-08-02 13:07:00+09:00,1349.0,1349.0,1349.0,1349.0,100,0.0,0.0
2024-08-02 13:15:00+09:00,1347.0,1347.0,1346.0,1346.0,700,0.0,0.0
2024-08-02 13:16:00+09:00,1346.0,1346.0,1346.0,1346.0,200,0.0,0.0
2024-08-02 13:22:00+09:00,1346.0,1346.0,1346.0,1346.0,1500,0.0,0.0
2024-08-02 13:26:00+09:00,1346.0,1348.0,1345.0,1347.0,800,0.0,0.0
2024-08-02 13:27:00+09:00,1346.0,1346.0,1345.0,1345.0,200,0.0,0.0
2024-08-02 13:29:00+09:00,1345.0,1345.0,1344.0,1344.0,1000,0.0,0.0
2024-08-02 13:32:00+09:00,1347.0,1347.0,1347.0,1347.0,100,0.0,0.0
2024-08-02 13:34:00+09:00,1347.0,1347.0,1347.0,1347.0,100,0.0,0.0
2024-08-02 13:35:00+09:00,1346.0,1346.0,1344.0,1344.0,300,0.0,0.0
2024-08-02 13:38:00+09:00,1344.0,1344.0,1344.0,1344.0,200,0.0,0.0
2024-08-02 13:41:00+09:00,1342.0,1342.0,1342.0,1342.0,100,0.0,0.0
2024-08-02 13:42:00+09:00,1344.0,1344.0,1344.0,1344.0,100,0.0,0.0
2024-08-02 13:44:00+09:00,1342.0,1343.0,1342.0,1343.0,800,0.0,0.0
2024-08-02 13:47:00+09:00,1341.0,1341.0,1338.0,1338.0,2500,0.0,0.0
2024-08-02 13:51:00+09:00,1337.0,1337.0,1337.0,1337.0,0,0.0,0.0
2024-08-02 13:55:00+09:00,1338.0,1338.0,1338.0,1338.0,106300,0.0,0.0
2024-08-02 13:57:00+09:00,1338.0,1338.0,1337.0,1337.0,200,0.0,0.0
2024-08-02 13:58:00+09:00,1336.0,1336.0,1332.0,1332.0,5300,0.0,0.0
2024-08-02 13:59:00+09:00,1334.0,1334.0,1334.0,1334.0,200,0.0,0.0
2024-08-02 14:00:00+09:00,1332.0,1332.0,1332.0,1332.0,1200,0.0,0.0
2024-08-02 14:03:00+09:00,1332.0,1332.0,1332.0,1332.0,100,0.0,0.0
2024-08-02 14:04:00+09:00,1332.0,1332.0,1332.0,1332.0,100,0.0,0.0
2024-08-02 14:06:00+09:00,1333.0,1333.0,1333.0,1333.0,200,0.0,0.0
2024-08-02 14:10:00+09:00,1332.0,1332.0,1332.0,1332.0,100,0.0,0.0
2024-08-02 14:15:00+09:00,1332.0,1332.0,1331.0,1332.0,1100,0.0,0.0
2024-08-02 14:16:00+09:00,1332.0,1332.0,1332.0,1332.0,100,0.0,0.0
2024-08-02 14:18:00+09:00,1332.0,1332.0,1331.0,1331.0,500,0.0,0.0
2024-08-02 14:19:00+09:00,1330.0,1330.0,1330.0,1330.0,900,0.0,0.0
2024-08-02 14:20:00+09:00,1329.0,1329.0,1329.0,1329.0,100,0.0,0.0
2024-08-02 14:21:00+09:00,1329.0,1329.0,1329.0,1329.0,200,0.0,0.0
2024-08-02 14:22:00+09:00,1330.0,1333.0,1330.0,1331.0,1300,0.0,0.0
2024-08-02 14:26:00+09:00,1331.0,1331.0,1331.0,1331.0,100,0.0,0.0
2024-08-02 14:28:00+09:00,1330.0,1330.0,1330.0,1330.0,100,0.0,0.0
2024-08-02 14:30:00+09:00,1331.0,1331.0,1331.0,1331.0,100,0.0,0.0
2024-08-02 14:31:00+09:00,1330.0,1330.0,1330.0,1330.0,1400,0.0,0.0
2024-08-02 14:32:00+09:00,1330.0,1330.0,1330.0,1330.0,1000,0.0,0.0
2024-08-02 14:33:00+09:00,1330.0,1330.0,1330.0,1330.0,200,0.0,0.0
2024-08-02 14:36:00+09:00,1330.0,1330.0,1326.0,1326.0,3800,0.0,0.0
2024-08-02 14:38:00+09:00,1326.0,1326.0,1326.0,1326.0,100,0.0,0.0
2024-08-02 14:40:00+09:00,1326.0,1326.0,1326.0,1326.0,1300,0.0,0.0
2024-08-02 14:41:00+09:00,1327.0,1327.0,1327.0,1327.0,200,0.0,0.0
2024-08-02 14:44:00+09:00,1326.0,1326.0,1326.0,1326.0,100,0.0,0.0
2024-08-02 14:45:00+09:00,1325.0,1325.0,1323.0,1323.0,1100,0.0,0.0
2024-08-02 14:49:00+09:00,1325.0,1325.0,1324.0,1324.0,400,0.0,0.0
2024-08-02 14:51:00+09:00,1324.0,1324.0,1323.0,1323.0,300,0.0,0.0
2024-08-02 14:52:00+09:00,1324.0,1324.0,1324.0,1324.0,1500,0.0,0.0
2024-08-02 14:53:00+09:00,1325.0,1325.0,1325.0,1325.0,100,0.0,0.0
2024-08-02 14:57:00+09:00,1323.0,1323.0,1319.0,1321.0,5400,0.0,0.0
2024-08-02 14:58:00+09:00,1320.0,1320.0,1319.0,1319.0,500,0.0,0.0
2024-08-02 14:59:00+09:00,1318.0,1318.0,1315.0,1315.0,2400,0.0,0.0
