Datetime,Open,High,Low,Close,Volume,Dividends,Stock Splits
2024-09-27 09:00:00+09:00,2740.0,2743.5,2726.5,2736.5,46600,0.0,0.0
2024-09-27 09:05:00+09:00,2736.5,2739.0,2729.5,2732.0,4400,0.0,0.0
2024-09-27 09:10:00+09:00,2732.5,2738.5,2732.5,2735.5,4100,0.0,0.0
2024-09-27 09:15:00+09:00,2736.0,2740.5,2736.0,2740.0,3300,0.0,0.0
2024-09-27 09:20:00+09:00,2739.0,2739.0,2730.0,2732.0,3100,0.0,0.0
2024-09-27 09:25:00+09:00,2732.0,2733.0,2726.0,2726.5,10100,0.0,0.0
2024-09-27 09:30:00+09:00,2729.0,2735.5,2729.0,2732.5,4200,0.0,0.0
2024-09-27 09:35:00+09:00,2733.0,2737.5,2732.5,2737.0,3900,0.0,0.0
2024-09-27 09:40:00+09:00,2737.0,2737.0,2735.0,2737.0,1400,0.0,0.0
2024-09-27 09:45:00+09:00,2739.0,2739.5,2731.5,2731.5,1900,0.0,0.0
2024-09-27 09:50:00+09:00,2732.0,2734.0,2730.0,2730.0,1100,0.0,0.0
2024-09-27 09:55:00+09:00,2730.0,2731.0,2729.0,2729.0,2100,0.0,0.0
2024-09-27 10:00:00+09:00,2731.5,2736.5,2731.5,2735.0,1600,0.0,0.0
2024-09-27 10:05:00+09:00,2735.5,2739.5,2735.0,2737.0,3500,0.0,0.0
2024-09-27 10:10:00+09:00,2736.5,2738.0,2736.0,2738.0,1100,0.0,0.0
2024-09-27 10:15:00+09:00,2737.5,2739.5,2736.5,2738.0,2700,0.0,0.0
2024-09-27 10:20:00+09:00,2737.5,2739.5,2735.5,2739.0,3900,0.0,0.0
2024-09-27 10:25:00+09:00,2738.5,2742.5,2738.0,2739.5,6100,0.0,0.0
2024-09-27 10:30:00+09:00,2741.0,2741.0,2735.0,2736.5,3500,0.0,0.0
2024-09-27 10:35:00+09:00,2736.5,2736.5,2730.0,2730.0,1800,0.0,0.0
2024-09-27 10:40:00+09:00,2729.5,2732.0,2727.0,2727.0,1800,0.0,0.0
2024-09-27 10:45:00+09:00,2729.5,2729.5,2722.5,2724.0,2900,0.0,0.0
2024-09-27 10:50:00+09:00,2723.5,2726.0,2721.0,2726.0,9600,0.0,0.0
2024-09-27 10:55:00+09:00,2726.0,2729.0,2716.5,2716.5,5500,0.0,0.0
2024-09-27 11:00:00+09:00,2718.0,2721.5,2717.0,2717.5,4400,0.0,0.0
2024-09-27 11:05:00+09:00,2718.5,2722.5,2718.5,2722.5,2400,0.0,0.0
2024-09-27 11:10:00+09:00,2720.5,2723.0,2719.0,2722.0,2800,0.0,0.0
2024-09-27 11:15:00+09:00,2723.0,2723.5,2716.0,2716.0,2500,0.0,0.0
2024-09-27 11:20:00+09:00,2716.0,2726.5,2715.5,2726.5,4400,0.0,0.0
2024-09-27 11:25:00+09:00,2726.5,2726.5,2719.0,2720.5,3200,0.0,0.0
2024-09-27 11:30:00+09:00,2722.0,2722.0,2722.0,2722.0,400,0.0,0.0
2024-09-27 11:35:00+09:00,2722.0,2722.0,2722.0,2722.0,0,0.0,0.0
2024-09-27 12:30:00+09:00,2711.5,2721.5,2711.0,2719.5,167000,0.0,0.0
2024-09-27 12:35:00+09:00,2718.0,2721.5,2718.0,2720.0,3300,0.0,0.0
2024-09-27 12:40:00+09:00,2719.5,2722.5,2719.5,2719.5,3800,0.0,0.0
2024-09-27 12:45:00+09:00,2719.5,2726.0,2719.5,2724.0,3000,0.0,0.0
2024-09-27 12:50:00+09:00,2723.5,2726.0,2723.0,2723.5,2400,0.0,0.0
2024-09-27 12:55:00+09:00,2724.0,2728.5,2724.0,2728.0,5100,0.0,0.0
2024-09-27 13:00:00+09:00,2728.5,2733.0,2728.5,2730.0,15000,0.0,0.0
2024-09-27 13:05:00+09:00,2731.0,2734.0,2731.0,2731.0,3300,0.0,0.0
2024-09-27 13:10:00+09:00,2731.5,2733.5,2731.0,2732.0,3400,0.0,0.0
2024-09-27 13:15:00+09:00,2730.0,2731.5,2730.0,2730.5,1600,0.0,0.0
2024-09-27 13:20:00+09:00,2729.5,2731.5,2729.0,2730.0,3200,0.0,0.0
2024-09-27 13:25:00+09:00,2731.0,2733.0,2731.0,2733.0,2000,0.0,0.0
2024-09-27 13:30:00+09:00,2732.5,2732.5,2729.5,2732.0,2400,0.0,0.0
2024-09-27 13:35:00+09:00,2732.5,2736.5,2732.5,2736.5,8800,0.0,0.0
2024-09-27 13:40:00+09:00,2737.0,2741.0,2737.0,2740.0,4300,0.0,0.0
2024-09-27 13:45:00+09:00,2741.0,2742.0,2738.0,2740.0,0,0.0,0.0
2024-09-27 13:50:00+09:00,2740.0,2745.0,2740.0,2744.0,239600,0.0,0.0
2024-09-27 13:55:00+09:00,2743.5,2744.5,2742.5,2742.5,2200,0.0,0.0
2024-09-27 14:00:00+09:00,2743.5,2743.5,2739.0,2740.5,6000,0.0,0.0
2024-09-27 14:05:00+09:00,2741.5,2749.0,2741.5,2745.5,6600,0.0,0.0
2024-09-27 14:10:00+09:00,2742.5,2747.5,2736.5,2745.5,3800,0.0,0.0
2024-09-27 14:15:00+09:00,2745.0,2746.5,2742.5,2745.0,5400,0.0,0.0
2024-09-27 14:20:00+09:00,2744.5,2756.0,2744.5,2756.0,11800,0.0,0.0
2024-09-27 14:25:00+09:00,2754.0,2754.0,2745.5,2749.0,9100,0.0,0.0
2024-09-27 14:30:00+09:00,2750.0,2750.5,2747.5,2748.5,4500,0.0,0.0
2024-09-27 14:35:00+09:00,2748.5,2754.5,2748.5,2751.5,5700,0.0,0.0
2024-09-27 14:40:00+09:00,2753.5,2757.0,2752.0,2756.5,7500,0.0,0.0
2024-09-27 14:45:00+09:00,2757.0,2758.0,2751.0,2751.5,7600,0.0,0.0
2024-09-27 14:50:00+09:00,2752.0,2752.5,2743.5,2745.5,10700,0.0,0.0
2024-09-27 14:55:00+09:00,2746.0,2755.0,2745.0,2755.0,14800,0.0,0.0
2024-09-30 09:05:00+09:00,2629.0,2646.5,2621.0,2646.5,30900,0.0,0.0
2024-09-30 09:10:00+09:00,2648.0,2664.5,2644.5,2658.0,18800,0.0,0.0
2024-09-30 09:15:00+09:00,2659.0,2670.0,2657.0,2663.5,9100,0.0,0.0
2024-09-30 09:20:00+09:00,2665.0,2665.0,2656.5,2657.5,6500,0.0,0.0
2024-09-30 09:25:00+09:00,2657.5,2659.0,2646.5,2648.0,8000,0.0,0.0
2024-09-30 09:30:00+09:00,2646.5,2664.0,2646.0,2659.5,7400,0.0,0.0
2024-09-30 09:35:00+09:00,2661.0,2667.5,2660.0,2664.0,5500,0.0,0.0
2024-09-30 09:40:00+09:00,2662.0,2666.0,2661.0,2663.0,0,0.0,0.0
2024-09-30 09:45:00+09:00,2661.5,2661.5,2654.5,2658.0,95000,0.0,0.0
2024-09-30 09:50:00+09:00,2656.5,2658.0,2652.0,2657.0,6100,0.0,0.0
2024-09-30 09:55:00+09:00,2657.5,2661.5,2656.5,2660.5,2600,0.0,0.0
2024-09-30 10:00:00+09:00,2658.5,2665.5,2656.0,2663.5,5200,0.0,0.0
2024-09-30 10:05:00+09:00,2664.0,2667.0,2661.5,2666.5,4000,0.0,0.0
2024-09-30 10:10:00+09:00,2667.0,2669.5,2667.0,2667.5,2200,0.0,0.0
2024-09-30 10:15:00+09:00,2668.5,2670.5,2667.0,2669.5,1800,0.0,0.0
2024-09-30 10:20:00+09:00,2668.5,2671.0,2667.5,2669.5,2800,0.0,0.0
2024-09-30 10:25:00+09:00,2671.0,2673.0,2669.5,2671.5,2200,0.0,0.0
2024-09-30 10:30:00+09:00,2672.5,2677.5,2672.5,2677.5,2700,0.0,0.0
2024-09-30 10:35:00+09:00,2675.0,2679.0,2671.5,2678.0,2500,0.0,0.0
2024-09-30 10:40:00+09:00,2679.0,2682.0,2677.5,2680.0,2600,0.0,0.0
2024-09-30 10:45:00+09:00,2680.5,2685.0,2678.0,2680.5,3700,0.0,0.0
2024-09-30 10:50:00+09:00,2680.5,2680.5,2677.0,2679.5,2700,0.0,0.0
2024-09-30 10:55:00+09:00,2681.0,2682.5,2681.0,2681.0,800,0.0,0.0
2024-09-30 11:00:00+09:00,2675.0,2675.5,2672.5,2675.0,3000,0.0,0.0
2024-09-30 11:05:00+09:00,2674.0,2674.0,2669.0,2669.0,1700,0.0,0.0
2024-09-30 11:10:00+09:00,2668.0,2669.5,2666.0,2668.5,2700,0.0,0.0
2024-09-30 11:15:00+09:00,2669.0,2669.0,2666.5,2666.5,1800,0.0,0.0
2024-09-30 11:20:00+09:00,2666.0,2667.5,2664.0,2667.0,2000,0.0,0.0
2024-09-30 11:25:00+09:00,2666.5,2671.5,2666.5,2670.0,2100,0.0,0.0
2024-09-30 11:30:00+09:00,2671.0,2671.0,2671.0,2671.0,700,0.0,0.0
2024-09-30 11:35:00+09:00,2671.0,2671.0,2671.0,2671.0,0,0.0,0.0
2024-09-30 12:30:00+09:00,2661.5,2662.5,2652.0,2658.0,162700,0.0,0.0
2024-09-30 12:35:00+09:00,2662.0,2672.0,2659.5,2672.0,4400,0.0,0.0
2024-09-30 12:40:00+09:00,2673.0,2676.5,2671.5,2674.5,4200,0.0,0.0
2024-09-30 12:45:00+09:00,2675.0,2679.5,2673.5,2679.5,3800,0.0,0.0
2024-09-30 12:50:00+09:00,2679.0,2683.0,2677.5,2682.0,3900,0.0,0.0
2024-09-30 12:55:00+09:00,2681.5,2685.5,2679.5,2685.5,4500,0.0,0.0
2024-09-30 13:00:00+09:00,2685.5,2685.5,2680.5,2680.5,3700,0.0,0.0
2024-09-30 13:05:00+09:00,2681.5,2683.0,2678.0,2678.0,3400,0.0,0.0
2024-09-30 13:10:00+09:00,2678.0,2679.0,2675.0,2677.0,5200,0.0,0.0
2024-09-30 13:15:00+09:00,2676.0,2680.0,2676.0,2680.0,2500,0.0,0.0
2024-09-30 13:20:00+09:00,2679.0,2680.0,2677.5,2677.5,3400,0.0,0.0
2024-09-30 13:25:00+09:00,2677.0,2679.0,2674.5,2678.0,3800,0.0,0.0
2024-09-30 13:30:00+09:00,2678.0,2680.0,2677.0,2677.5,4500,0.0,0.0
2024-09-30 13:35:00+09:00,2677.5,2677.5,2672.5,2676.5,5000,0.0,0.0
2024-09-30 13:40:00+09:00,2675.5,2676.0,2674.0,2676.0,2200,0.0,0.0
2024-09-30 13:45:00+09:00,2675.5,2676.0,2672.0,2673.0,4100,0.0,0.0
2024-09-30 13:50:00+09:00,2671.5,2676.0,2671.5,2675.5,2700,0.0,0.0
2024-09-30 13:55:00+09:00,2676.5,2677.0,2672.5,2675.5,4700,0.0,0.0
2024-09-30 14:00:00+09:00,2676.0,2676.0,2670.5,2670.5,4900,0.0,0.0
2024-09-30 14:05:00+09:00,2670.5,2674.5,2670.5,2674.5,3900,0.0,0.0
2024-09-30 14:10:00+09:00,2674.0,2674.0,2670.0,2670.0,7000,0.0,0.0
2024-09-30 14:15:00+09:00,2670.0,2673.0,2669.0,2672.5,8000,0.0,0.0
2024-09-30 14:20:00+09:00,2672.0,2672.5,2669.5,2672.5,6200,0.0,0.0
2024-09-30 14:25:00+09:00,2673.0,2674.5,2670.0,2670.5,5400,0.0,0.0
2024-09-30 14:30:00+09:00,2672.0,2673.0,2669.0,2669.0,4900,0.0,0.0
2024-09-30 14:35:00+09:00,2669.0,2669.5,2664.0,2665.0,9300,0.0,0.0
2024-09-30 14:40:00+09:00,2664.5,2670.5,2664.5,2668.5,8200,0.0,0.0
2024-09-30 14:45:00+09:00,2668.0,2671.0,2668.0,2670.5,6100,0.0,0.0
2024-09-30 14:50:00+09:00,2671.0,2674.0,2669.5,2671.5,10600,0.0,0.0
2024-09-30 14:55:00+09:00,2671.0,2672.0,2665.5,2665.5,11300,0.0,0.0
2024-10-01 09:00:00+09:00,2685.5,2690.0,2655.0,2655.0,20200,0.0,0.0
2024-10-01 09:05:00+09:00,2656.0,2669.0,2655.5,2669.0,5700,0.0,0.0
2024-10-01 09:10:00+09:00,2668.0,2668.0,2661.5,2665.0,3500,0.0,0.0
2024-10-01 09:15:00+09:00,2665.0,2668.5,2663.0,2663.0,3900,0.0,0.0
2024-10-01 09:20:00+09:00,2663.5,2666.0,2663.5,2664.5,3000,0.0,0.0
2024-10-01 09:25:00+09:00,2664.0,2674.0,2664.0,2671.5,5600,0.0,0.0
2024-10-01 09:30:00+09:00,2672.0,2680.0,2672.0,2678.5,4800,0.0,0.0
2024-10-01 09:35:00+09:00,2678.5,2680.5,2675.5,2677.5,6000,0.0,0.0
2024-10-01 09:40:00+09:00,2678.0,2679.5,2674.5,2675.5,9600,0.0,0.0
2024-10-01 09:45:00+09:00,2676.0,2677.5,2675.5,2675.5,3700,0.0,0.0
2024-10-01 09:50:00+09:00,2676.0,2676.0,2670.5,2670.5,1600,0.0,0.0
2024-10-01 09:55:00+09:00,2670.0,2672.5,2667.5,2669.5,8800,0.0,0.0
2024-10-01 10:00:00+09:00,2668.5,2672.0,2668.5,2671.0,3800,0.0,0.0
2024-10-01 10:05:00+09:00,2671.5,2671.5,2669.0,2671.5,4400,0.0,0.0
2024-10-01 10:10:00+09:00,2671.0,2678.0,2671.0,2675.0,14900,0.0,0.0
2024-10-01 10:15:00+09:00,2675.5,2678.0,2674.0,2674.5,9200,0.0,0.0
2024-10-01 10:20:00+09:00,2675.0,2676.5,2673.0,2673.0,3000,0.0,0.0
2024-10-01 10:25:00+09:00,2675.0,2675.5,2673.5,2673.5,3000,0.0,0.0
2024-10-01 10:30:00+09:00,2672.5,2673.0,2666.5,2666.5,3000,0.0,0.0
2024-10-01 10:35:00+09:00,2665.0,2669.0,2665.0,2666.5,3600,0.0,0.0
2024-10-01 10:40:00+09:00,2666.5,2666.5,2662.5,2665.0,2800,0.0,0.0
2024-10-01 10:45:00+09:00,2664.0,2664.5,2662.5,2662.5,3900,0.0,0.0
2024-10-01 10:50:00+09:00,2662.0,2662.0,2659.0,2661.5,5700,0.0,0.0
2024-10-01 10:55:00+09:00,2661.5,2662.0,2658.0,2659.5,2000,0.0,0.0
2024-10-01 11:00:00+09:00,2659.0,2659.0,2654.5,2654.5,4800,0.0,0.0
2024-10-01 11:05:00+09:00,2653.0,2653.0,2648.0,2648.0,8100,0.0,0.0
2024-10-01 11:10:00+09:00,2649.5,2651.0,2649.0,2649.5,3300,0.0,0.0
2024-10-01 11:15:00+09:00,2648.0,2651.0,2648.0,2650.0,5000,0.0,0.0
2024-10-01 11:20:00+09:00,2649.5,2650.5,2648.5,2650.5,4100,0.0,0.0
2024-10-01 11:25:00+09:00,2651.5,2654.0,2651.5,2652.0,2600,0.0,0.0
2024-10-01 11:30:00+09:00,2654.5,2654.5,2654.5,2654.5,500,0.0,0.0
2024-10-01 11:35:00+09:00,2654.5,2654.5,2654.5,2654.5,0,0.0,0.0
2024-10-01 12:30:00+09:00,2658.5,2666.5,2655.0,2666.5,175400,0.0,0.0
2024-10-01 12:35:00+09:00,2666.5,2667.5,2664.5,2667.5,4900,0.0,0.0
2024-10-01 12:40:00+09:00,2667.0,2667.0,2665.0,2665.5,4800,0.0,0.0
2024-10-01 12:45:00+09:00,2665.5,2668.0,2665.0,2666.5,6100,0.0,0.0
2024-10-01 12:50:00+09:00,2668.0,2668.0,2664.5,2666.5,4200,0.0,0.0
2024-10-01 12:55:00+09:00,2665.5,2668.0,2664.5,2665.5,4300,0.0,0.0
2024-10-01 13:00:00+09:00,2665.0,2667.0,2661.5,2665.0,6200,0.0,0.0
2024-10-01 13:05:00+09:00,2666.0,2668.0,2664.0,2666.0,5300,0.0,0.0
2024-10-01 13:10:00+09:00,2667.0,2667.5,2665.5,2667.0,1600,0.0,0.0
2024-10-01 13:15:00+09:00,2667.5,2667.5,2665.0,2666.5,6400,0.0,0.0
2024-10-01 13:20:00+09:00,2665.5,2666.0,2664.5,2665.0,2600,0.0,0.0
2024-10-01 13:25:00+09:00,2665.0,2665.5,2663.0,2665.5,5300,0.0,0.0
2024-10-01 13:30:00+09:00,2665.0,2671.5,2664.5,2671.5,9200,0.0,0.0
2024-10-01 13:35:00+09:00,2670.0,2671.5,2669.5,2670.5,3500,0.0,0.0
2024-10-01 13:40:00+09:00,2670.5,2670.5,2668.5,2670.5,4200,0.0,0.0
2024-10-01 13:45:00+09:00,2670.5,2672.5,2669.0,2671.0,6600,0.0,0.0
2024-10-01 13:50:00+09:00,2671.0,2671.5,2669.0,2669.0,3600,0.0,0.0
2024-10-01 13:55:00+09:00,2668.5,2670.0,2668.0,2670.0,2300,0.0,0.0
2024-10-01 14:00:00+09:00,2670.5,2673.0,2670.5,2672.0,4200,0.0,0.0
2024-10-01 14:05:00+09:00,2671.5,2672.0,2670.5,2671.0,3000,0.0,0.0
2024-10-01 14:10:00+09:00,2671.5,2675.0,2671.5,2674.0,6800,0.0,0.0
2024-10-01 14:15:00+09:00,2674.0,2675.0,2673.5,2673.5,4500,0.0,0.0
2024-10-01 14:20:00+09:00,2673.0,2674.5,2671.0,2672.5,5400,0.0,0.0
2024-10-01 14:25:00+09:00,2671.5,2674.5,2671.5,2674.5,3000,0.0,0.0
2024-10-01 14:30:00+09:00,2674.0,2679.5,2673.5,2679.5,10400,0.0,0.0
2024-10-01 14:35:00+09:00,2678.5,2680.5,2677.5,2679.5,14100,0.0,0.0
2024-10-01 14:40:00+09:00,2679.0,2679.0,2676.5,2677.5,7900,0.0,0.0
2024-10-01 14:45:00+09:00,2676.5,2678.5,2674.0,2678.5,11500,0.0,0.0
2024-10-01 14:50:00+09:00,2677.5,2684.5,2677.5,2684.5,5600,0.0,0.0
2024-10-01 14:55:00+09:00,2684.5,2696.0,2681.5,2696.0,25100,0.0,0.0
2024-10-02 09:00:00+09:00,2660.0,2678.5,2651.0,2675.0,17900,0.0,0.0
2024-10-02 09:05:00+09:00,2674.0,2690.0,2672.0,2690.0,6200,0.0,0.0
2024-10-02 09:10:00+09:00,2691.0,2697.0,2688.0,2695.0,5800,0.0,0.0
2024-10-02 09:15:00+09:00,2694.0,2694.5,2689.0,2689.0,3000,0.0,0.0
2024-10-02 09:20:00+09:00,2690.5,2690.5,2683.5,2688.0,2500,0.0,0.0
2024-10-02 09:25:00+09:00,2685.0,2686.5,2683.0,2683.0,1300,0.0,0.0
2024-10-02 09:30:00+09:00,2683.0,2685.5,2679.5,2680.5,4400,0.0,0.0
2024-10-02 09:35:00+09:00,2682.0,2684.5,2678.0,2678.0,2000,0.0,0.0
2024-10-02 09:40:00+09:00,2680.0,2688.0,2680.0,2688.0,3300,0.0,0.0
2024-10-02 09:45:00+09:00,2690.0,2690.0,2685.5,2685.5,1900,0.0,0.0
2024-10-02 09:50:00+09:00,2684.0,2685.5,2683.0,2685.5,1600,0.0,0.0
2024-10-02 09:55:00+09:00,2687.5,2688.5,2687.5,2688.5,400,0.0,0.0
2024-10-02 10:00:00+09:00,2687.5,2688.0,2685.5,2686.5,600,0.0,0.0
2024-10-02 10:05:00+09:00,2686.0,2686.5,2683.5,2683.5,1700,0.0,0.0
2024-10-02 10:10:00+09:00,2682.5,2682.5,2676.0,2677.5,1300,0.0,0.0
2024-10-02 10:15:00+09:00,2675.0,2677.0,2674.0,2676.0,900,0.0,0.0
2024-10-02 10:20:00+09:00,2675.0,2676.0,2674.5,2676.0,600,0.0,0.0
2024-10-02 10:25:00+09:00,2676.5,2680.5,2676.5,2679.0,1300,0.0,0.0
2024-10-02 10:30:00+09:00,2685.0,2687.5,2685.0,2685.5,1000,0.0,0.0
2024-10-02 10:35:00+09:00,2688.0,2688.0,2684.5,2686.5,1000,0.0,0.0
2024-10-02 10:40:00+09:00,2685.5,2685.5,2683.5,2685.0,400,0.0,0.0
2024-10-02 10:45:00+09:00,2685.0,2688.0,2685.0,2688.0,300,0.0,0.0
2024-10-02 10:50:00+09:00,2689.0,2689.5,2686.5,2688.0,900,0.0,0.0
2024-10-02 10:55:00+09:00,2689.5,2689.5,2687.5,2688.5,1600,0.0,0.0
2024-10-02 11:00:00+09:00,2690.0,2692.5,2687.5,2692.5,2700,0.0,0.0
2024-10-02 11:05:00+09:00,2693.0,2694.5,2693.0,2693.0,700,0.0,0.0
2024-10-02 11:10:00+09:00,2692.5,2693.0,2692.0,2692.5,700,0.0,0.0
2024-10-02 11:15:00+09:00,2692.0,2694.0,2691.5,2691.5,1200,0.0,0.0
2024-10-02 11:20:00+09:00,2692.5,2697.5,2692.5,2697.5,2700,0.0,0.0
2024-10-02 11:25:00+09:00,2698.0,2700.5,2697.0,2697.0,8600,0.0,0.0
2024-10-02 11:30:00+09:00,2701.0,2702.0,2701.0,2702.0,1100,0.0,0.0
2024-10-02 11:35:00+09:00,2702.0,2702.0,2702.0,2702.0,0,0.0,0.0
2024-10-02 12:30:00+09:00,2696.0,2696.0,2691.0,2695.5,87400,0.0,0.0
2024-10-02 12:35:00+09:00,2694.0,2696.0,2692.0,2694.0,2700,0.0,0.0
2024-10-02 12:40:00+09:00,2693.5,2694.0,2692.0,2692.5,2200,0.0,0.0
2024-10-02 12:45:00+09:00,2694.5,2695.5,2692.5,2692.5,1800,0.0,0.0
2024-10-02 12:50:00+09:00,2693.0,2694.5,2693.0,2694.0,2000,0.0,0.0
2024-10-02 12:55:00+09:00,2694.5,2694.5,2692.5,2693.0,1800,0.0,0.0
2024-10-02 13:00:00+09:00,2693.0,2693.0,2689.0,2690.0,1500,0.0,0.0
2024-10-02 13:05:00+09:00,2690.5,2691.5,2690.0,2690.0,2600,0.0,0.0
2024-10-02 13:10:00+09:00,2690.0,2692.0,2690.0,2692.0,1400,0.0,0.0
2024-10-02 13:15:00+09:00,2692.5,2693.0,2692.0,2692.5,1000,0.0,0.0
2024-10-02 13:20:00+09:00,2694.0,2695.5,2690.5,2690.5,2300,0.0,0.0
2024-10-02 13:25:00+09:00,2690.5,2690.5,2688.0,2688.0,1500,0.0,0.0
2024-10-02 13:30:00+09:00,2686.5,2688.5,2681.0,2682.5,3000,0.0,0.0
2024-10-02 13:35:00+09:00,2684.0,2685.5,2684.0,2684.5,1600,0.0,0.0
2024-10-02 13:40:00+09:00,2685.0,2690.5,2685.0,2690.0,1500,0.0,0.0
2024-10-02 13:45:00+09:00,2689.5,2691.0,2687.5,2690.0,2100,0.0,0.0
2024-10-02 13:50:00+09:00,2690.0,2690.0,2686.5,2686.5,1800,0.0,0.0
2024-10-02 13:55:00+09:00,2685.5,2686.5,2679.0,2679.0,6400,0.0,0.0
2024-10-02 14:00:00+09:00,2679.0,2681.5,2679.0,2680.5,2300,0.0,0.0
2024-10-02 14:05:00+09:00,2680.5,2681.5,2679.5,2680.0,2700,0.0,0.0
2024-10-02 14:10:00+09:00,2679.5,2680.5,2678.5,2679.0,2900,0.0,0.0
2024-10-02 14:15:00+09:00,2679.5,2682.5,2679.5,2682.5,3300,0.0,0.0
2024-10-02 14:20:00+09:00,2681.5,2682.5,2679.0,2680.0,4000,0.0,0.0
2024-10-02 14:25:00+09:00,2679.5,2679.5,2676.0,2676.5,4000,0.0,0.0
2024-10-02 14:30:00+09:00,2676.5,2677.0,2672.0,2672.5,4400,0.0,0.0
2024-10-02 14:35:00+09:00,2672.5,2677.0,2670.5,2675.0,4700,0.0,0.0
2024-10-02 14:40:00+09:00,2676.5,2677.0,2673.5,2675.5,4600,0.0,0.0
2024-10-02 14:45:00+09:00,2675.5,2675.5,2672.0,2672.5,6300,0.0,0.0
2024-10-02 14:50:00+09:00,2672.0,2673.0,2667.5,2667.5,7600,0.0,0.0
2024-10-02 14:55:00+09:00,2667.0,2679.0,2667.0,2675.0,6900,0.0,0.0
2024-10-03 09:00:00+09:00,2722.0,2730.0,2713.0,2720.5,19400,0.0,0.0
2024-10-03 09:05:00+09:00,2719.5,2722.5,2715.0,2718.0,3500,0.0,0.0
2024-10-03 09:10:00+09:00,2718.5,2722.5,2708.5,2710.0,2900,0.0,0.0
2024-10-03 09:15:00+09:00,2707.0,2708.5,2699.0,2699.5,1900,0.0,0.0
2024-10-03 09:20:00+09:00,2702.0,2703.0,2698.5,2700.0,4600,0.0,0.0
2024-10-03 09:25:00+09:00,2699.5,2700.0,2694.0,2696.5,1900,0.0,0.0
2024-10-03 09:30:00+09:00,2697.0,2701.5,2697.0,2701.5,2000,0.0,0.0
2024-10-03 09:35:00+09:00,2699.0,2699.0,2696.0,2697.5,1900,0.0,0.0
2024-10-03 09:40:00+09:00,2695.5,2697.0,2688.5,2688.5,1500,0.0,0.0
2024-10-03 09:45:00+09:00,2689.0,2691.0,2685.5,2685.5,1800,0.0,0.0
2024-10-03 09:50:00+09:00,2687.5,2688.0,2681.0,2687.0,3500,0.0,0.0
2024-10-03 09:55:00+09:00,2683.5,2688.5,2683.5,2688.0,1400,0.0,0.0
2024-10-03 10:00:00+09:00,2689.0,2690.5,2688.0,2689.0,1800,0.0,0.0
2024-10-03 10:05:00+09:00,2691.0,2692.0,2688.0,2688.0,1600,0.0,0.0
2024-10-03 10:10:00+09:00,2688.0,2690.0,2686.5,2688.0,1800,0.0,0.0
2024-10-03 10:15:00+09:00,2689.5,2689.5,2683.0,2685.0,2800,0.0,0.0
2024-10-03 10:20:00+09:00,2686.0,2686.0,2683.5,2684.5,1400,0.0,0.0
2024-10-03 10:25:00+09:00,2686.0,2687.5,2685.0,2685.0,800,0.0,0.0
2024-10-03 10:30:00+09:00,2683.0,2684.0,2679.0,2683.0,2800,0.0,0.0
2024-10-03 10:35:00+09:00,2683.5,2685.0,2680.5,2685.0,2100,0.0,0.0
2024-10-03 10:40:00+09:00,2683.5,2683.5,2680.0,2680.5,1200,0.0,0.0
2024-10-03 10:45:00+09:00,2679.5,2681.0,2678.0,2679.0,1700,0.0,0.0
2024-10-03 10:50:00+09:00,2679.0,2685.5,2678.5,2685.0,4000,0.0,0.0
2024-10-03 10:55:00+09:00,2684.5,2687.0,2683.5,2685.5,2700,0.0,0.0
2024-10-03 11:00:00+09:00,2685.5,2685.5,2679.0,2679.0,2000,0.0,0.0
2024-10-03 11:05:00+09:00,2680.0,2681.5,2680.0,2680.0,800,0.0,0.0
2024-10-03 11:10:00+09:00,2678.0,2680.5,2678.0,2678.5,0,0.0,0.0
2024-10-03 11:15:00+09:00,2677.5,2678.5,2674.0,2678.5,78300,0.0,0.0
2024-10-03 11:20:00+09:00,2679.5,2679.5,2678.0,2678.0,900,0.0,0.0
2024-10-03 11:25:00+09:00,2677.5,2681.0,2677.5,2680.5,5200,0.0,0.0
2024-10-03 11:30:00+09:00,2682.5,2682.5,2682.5,2682.5,600,0.0,0.0
2024-10-03 11:35:00+09:00,2682.5,2682.5,2682.5,2682.5,0,0.0,0.0
2024-10-03 12:30:00+09:00,2687.0,2687.0,2677.5,2677.5,91700,0.0,0.0
2024-10-03 12:35:00+09:00,2679.0,2681.5,2672.0,2672.0,3700,0.0,0.0
2024-10-03 12:40:00+09:00,2671.5,2672.5,2668.0,2668.5,3600,0.0,0.0
2024-10-03 12:45:00+09:00,2669.5,2678.0,2669.5,2676.0,4300,0.0,0.0
2024-10-03 12:50:00+09:00,2675.5,2675.5,2673.5,2673.5,1500,0.0,0.0
2024-10-03 12:55:00+09:00,2673.0,2675.5,2673.0,2675.5,1900,0.0,0.0
2024-10-03 13:00:00+09:00,2676.5,2676.5,2673.5,2674.0,900,0.0,0.0
2024-10-03 13:05:00+09:00,2675.5,2677.0,2674.5,2676.5,1700,0.0,0.0
2024-10-03 13:10:00+09:00,2676.5,2677.5,2673.0,2673.0,3200,0.0,0.0
2024-10-03 13:15:00+09:00,2672.0,2673.5,2670.5,2671.5,2700,0.0,0.0
2024-10-03 13:20:00+09:00,2672.5,2673.5,2671.0,2673.5,1100,0.0,0.0
2024-10-03 13:25:00+09:00,2673.5,2673.5,2669.0,2670.0,6200,0.0,0.0
2024-10-03 13:30:00+09:00,2670.5,2675.0,2670.5,2672.0,2500,0.0,0.0
2024-10-03 13:35:00+09:00,2671.5,2671.5,2666.0,2667.0,2600,0.0,0.0
2024-10-03 13:40:00+09:00,2666.0,2669.0,2666.0,2667.5,1700,0.0,0.0
2024-10-03 13:45:00+09:00,2668.5,2669.5,2662.0,2662.5,6900,0.0,0.0
2024-10-03 13:50:00+09:00,2663.5,2664.0,2661.5,2664.0,3800,0.0,0.0
2024-10-03 13:55:00+09:00,2663.5,2667.5,2663.0,2667.0,3500,0.0,0.0
2024-10-03 14:00:00+09:00,2666.5,2667.5,2662.0,2662.0,5700,0.0,0.0
2024-10-03 14:05:00+09:00,2661.5,2665.0,2661.0,2665.0,3600,0.0,0.0
2024-10-03 14:10:00+09:00,2663.5,2663.5,2661.0,2662.5,3500,0.0,0.0
2024-10-03 14:15:00+09:00,2663.0,2665.5,2662.0,2665.5,3600,0.0,0.0
2024-10-03 14:20:00+09:00,2666.0,2667.5,2664.0,2665.0,6000,0.0,0.0
2024-10-03 14:25:00+09:00,2663.5,2665.0,2663.0,2665.0,4300,0.0,0.0
2024-10-03 14:30:00+09:00,2665.5,2666.0,2665.0,2665.0,3800,0.0,0.0
2024-10-03 14:35:00+09:00,2664.0,2668.0,2664.0,2668.0,5800,0.0,0.0
2024-10-03 14:40:00+09:00,2669.0,2671.5,2667.5,2669.0,8300,0.0,0.0
2024-10-03 14:45:00+09:00,2669.5,2670.0,2664.5,2664.5,4000,0.0,0.0
2024-10-03 14:50:00+09:00,2665.0,2667.0,2664.0,2664.0,9200,0.0,0.0
2024-10-03 14:55:00+09:00,2664.5,2667.5,2662.0,2663.0,7400,0.0,0.0
2024-10-04 09:00:00+09:00,2674.5,2685.5,2670.0,2674.0,26300,0.0,0.0
2024-10-04 09:05:00+09:00,2674.0,2674.5,2665.0,2666.5,8900,0.0,0.0
2024-10-04 09:10:00+09:00,2666.5,2668.5,2665.0,2666.0,3900,0.0,0.0
2024-10-04 09:15:00+09:00,2665.0,2671.5,2665.0,2671.5,3900,0.0,0.0
2024-10-04 09:20:00+09:00,2671.0,2672.0,2666.0,2667.0,4900,0.0,0.0
2024-10-04 09:25:00+09:00,2666.5,2668.5,2663.0,2668.0,4300,0.0,0.0
2024-10-04 09:30:00+09:00,2668.0,2672.5,2666.5,2672.0,2200,0.0,0.0
2024-10-04 09:35:00+09:00,2671.0,2671.0,2655.5,2658.5,10200,0.0,0.0
2024-10-04 09:40:00+09:00,2656.0,2658.0,2654.5,2655.5,5000,0.0,0.0
2024-10-04 09:45:00+09:00,2656.0,2658.5,2655.5,2658.0,4400,0.0,0.0
2024-10-04 09:50:00+09:00,2657.5,2657.5,2648.5,2649.5,7200,0.0,0.0
2024-10-04 09:55:00+09:00,2650.0,2651.5,2649.5,2651.5,2800,0.0,0.0
2024-10-04 10:00:00+09:00,2650.5,2652.0,2649.5,2652.0,3400,0.0,0.0
2024-10-04 10:05:00+09:00,2651.5,2651.5,2649.0,2650.0,2900,0.0,0.0
2024-10-04 10:10:00+09:00,2649.0,2652.0,2648.0,2650.0,3400,0.0,0.0
2024-10-04 10:15:00+09:00,2649.0,2652.0,2649.0,2652.0,2500,0.0,0.0
2024-10-04 10:20:00+09:00,2651.5,2653.5,2651.0,2652.5,3400,0.0,0.0
2024-10-04 10:25:00+09:00,2651.0,2652.0,2649.5,2650.0,2900,0.0,0.0
2024-10-04 10:30:00+09:00,2650.5,2651.5,2648.5,2649.5,3200,0.0,0.0
2024-10-04 10:35:00+09:00,2649.0,2650.0,2648.5,2650.0,2000,0.0,0.0
2024-10-04 10:40:00+09:00,2648.5,2653.0,2648.5,2653.0,3100,0.0,0.0
2024-10-04 10:45:00+09:00,2653.0,2654.0,2650.5,2653.5,4600,0.0,0.0
2024-10-04 10:50:00+09:00,2652.5,2654.0,2651.0,2652.5,4400,0.0,0.0
2024-10-04 10:55:00+09:00,2653.0,2653.0,2649.0,2649.0,11600,0.0,0.0
2024-10-04 11:00:00+09:00,2649.0,2651.5,2648.0,2649.5,6400,0.0,0.0
2024-10-04 11:05:00+09:00,2650.5,2651.5,2650.5,2651.5,2000,0.0,0.0
2024-10-04 11:10:00+09:00,2651.0,2652.0,2648.5,2649.0,6100,0.0,0.0
2024-10-04 11:15:00+09:00,2650.0,2650.0,2649.0,2649.0,4000,0.0,0.0
2024-10-04 11:20:00+09:00,2648.5,2650.0,2648.5,2649.0,4000,0.0,0.0
2024-10-04 11:25:00+09:00,2648.5,2652.5,2648.5,2652.5,6000,0.0,0.0
2024-10-04 11:30:00+09:00,2650.5,2650.5,2650.0,2650.0,1600,0.0,0.0
2024-10-04 11:35:00+09:00,2650.0,2650.0,2650.0,2650.0,0,0.0,0.0
2024-10-04 12:30:00+09:00,2647.5,2654.0,2647.5,2653.5,175900,0.0,0.0
2024-10-04 12:35:00+09:00,2654.0,2656.0,2653.5,2653.5,4200,0.0,0.0
2024-10-04 12:40:00+09:00,2653.5,2655.5,2652.5,2655.0,3800,0.0,0.0
2024-10-04 12:45:00+09:00,2655.0,2659.5,2654.5,2659.0,7200,0.0,0.0
2024-10-04 12:50:00+09:00,2659.0,2660.0,2658.0,2658.0,4900,0.0,0.0
2024-10-04 12:55:00+09:00,2657.5,2659.5,2657.5,2659.0,2000,0.0,0.0
2024-10-04 13:00:00+09:00,2658.0,2659.0,2657.5,2658.5,4300,0.0,0.0
2024-10-04 13:05:00+09:00,2659.0,2660.0,2659.0,2660.0,3200,0.0,0.0
2024-10-04 13:10:00+09:00,2661.0,2661.0,2660.0,2661.0,1800,0.0,0.0
2024-10-04 13:15:00+09:00,2660.0,2661.5,2660.0,2660.5,6100,0.0,0.0
2024-10-04 13:20:00+09:00,2660.5,2662.0,2652.5,2655.5,18400,0.0,0.0
2024-10-04 13:25:00+09:00,2656.5,2660.5,2656.5,2659.0,5000,0.0,0.0
2024-10-04 13:30:00+09:00,2657.5,2659.0,2656.0,2658.0,5500,0.0,0.0
2024-10-04 13:35:00+09:00,2657.5,2658.0,2656.0,2656.0,2700,0.0,0.0
2024-10-04 13:40:00+09:00,2655.5,2655.5,2653.5,2654.5,4100,0.0,0.0
2024-10-04 13:45:00+09:00,2652.5,2652.5,2650.5,2650.5,3300,0.0,0.0
2024-10-04 13:50:00+09:00,2651.0,2655.0,2651.0,2655.0,4500,0.0,0.0
2024-10-04 13:55:00+09:00,2654.5,2656.0,2653.5,2656.0,5200,0.0,0.0
2024-10-04 14:00:00+09:00,2655.0,2657.0,2655.0,2657.0,3500,0.0,0.0
2024-10-04 14:05:00+09:00,2657.0,2658.5,2656.5,2657.5,7200,0.0,0.0
2024-10-04 14:10:00+09:00,2658.0,2659.0,2657.5,2659.0,6800,0.0,0.0
2024-10-04 14:15:00+09:00,2659.0,2661.0,2659.0,2660.0,6300,0.0,0.0
2024-10-04 14:20:00+09:00,2659.5,2660.5,2658.5,2659.5,5500,0.0,0.0
2024-10-04 14:25:00+09:00,2659.5,2660.0,2657.5,2657.5,5300,0.0,0.0
2024-10-04 14:30:00+09:00,2658.0,2658.5,2653.0,2654.0,10300,0.0,0.0
2024-10-04 14:35:00+09:00,2653.0,2656.0,2653.0,2656.0,6800,0.0,0.0
2024-10-04 14:40:00+09:00,2655.0,2658.0,2654.5,2657.0,11900,0.0,0.0
2024-10-04 14:45:00+09:00,2656.5,2658.0,2654.5,2656.0,14000,0.0,0.0
2024-10-04 14:50:00+09:00,2655.5,2657.5,2655.0,2657.5,16000,0.0,0.0
2024-10-04 14:55:00+09:00,2657.5,2667.5,2657.5,2667.5,28700,0.0,0.0
2024-10-07 09:00:00+09:00,2695.0,2697.0,2675.0,2677.0,21500,0.0,0.0
2024-10-07 09:05:00+09:00,2674.0,2674.5,2664.5,2668.5,7000,0.0,0.0
2024-10-07 09:10:00+09:00,2669.0,2670.0,2661.0,2664.5,6700,0.0,0.0
2024-10-07 09:15:00+09:00,2666.0,2673.0,2666.0,2672.5,5800,0.0,0.0
2024-10-07 09:20:00+09:00,2669.5,2672.0,2665.5,2665.5,6100,0.0,0.0
2024-10-07 09:25:00+09:00,2667.0,2670.0,2666.0,2666.0,4700,0.0,0.0
2024-10-07 09:30:00+09:00,2666.0,2670.5,2666.0,2670.5,5600,0.0,0.0
2024-10-07 09:35:00+09:00,2670.0,2672.5,2669.0,2669.0,4500,0.0,0.0
2024-10-07 09:40:00+09:00,2669.5,2670.5,2664.5,2665.0,8600,0.0,0.0
2024-10-07 09:45:00+09:00,2666.0,2667.0,2663.0,2663.5,7600,0.0,0.0
2024-10-07 09:50:00+09:00,2664.0,2666.5,2664.0,2665.0,6100,0.0,0.0
2024-10-07 09:55:00+09:00,2664.5,2666.0,2663.0,2666.0,3400,0.0,0.0
2024-10-07 10:00:00+09:00,2666.0,2667.5,2664.0,2665.0,9000,0.0,0.0
2024-10-07 10:05:00+09:00,2665.5,2673.5,2665.5,2671.0,10300,0.0,0.0
2024-10-07 10:10:00+09:00,2671.0,2672.5,2668.5,2671.0,4100,0.0,0.0
2024-10-07 10:15:00+09:00,2670.0,2673.0,2669.0,2670.5,6500,0.0,0.0
2024-10-07 10:20:00+09:00,2670.5,2671.0,2667.0,2667.0,7200,0.0,0.0
2024-10-07 10:25:00+09:00,2667.0,2667.0,2665.0,2666.0,4000,0.0,0.0
2024-10-07 10:30:00+09:00,2667.0,2669.0,2666.5,2667.5,3400,0.0,0.0
2024-10-07 10:35:00+09:00,2668.0,2668.5,2664.0,2664.5,6300,0.0,0.0
2024-10-07 10:40:00+09:00,2665.0,2666.5,2665.0,2665.0,3100,0.0,0.0
2024-10-07 10:45:00+09:00,2665.5,2669.0,2665.5,2667.0,5800,0.0,0.0
2024-10-07 10:50:00+09:00,2666.0,2669.5,2666.0,2669.5,4500,0.0,0.0
2024-10-07 10:55:00+09:00,2669.5,2670.5,2665.5,2665.5,5100,0.0,0.0
2024-10-07 11:00:00+09:00,2666.5,2667.5,2665.5,2667.0,4100,0.0,0.0
2024-10-07 11:05:00+09:00,2666.0,2668.0,2666.0,2667.5,3000,0.0,0.0
2024-10-07 11:10:00+09:00,2667.0,2668.5,2665.0,2665.5,4900,0.0,0.0
2024-10-07 11:15:00+09:00,2666.0,2666.5,2664.0,2664.5,2800,0.0,0.0
2024-10-07 11:20:00+09:00,2665.0,2665.5,2662.0,2664.0,4900,0.0,0.0
2024-10-07 11:25:00+09:00,2664.5,2665.0,2663.5,2664.5,1200,0.0,0.0
2024-10-07 11:30:00+09:00,2664.5,2664.5,2664.5,2664.5,400,0.0,0.0
2024-10-07 11:35:00+09:00,2664.5,2664.5,2664.5,2664.5,0,0.0,0.0
2024-10-07 12:30:00+09:00,2670.0,2670.0,2662.5,2662.5,194900,0.0,0.0
2024-10-07 12:35:00+09:00,2663.5,2663.5,2661.0,2661.0,5300,0.0,0.0
2024-10-07 12:40:00+09:00,2660.5,2665.0,2660.5,2665.0,9800,0.0,0.0
2024-10-07 12:45:00+09:00,2663.5,2665.5,2662.5,2662.5,7300,0.0,0.0
2024-10-07 12:50:00+09:00,2663.0,2665.0,2663.0,2664.0,5300,0.0,0.0
2024-10-07 12:55:00+09:00,2664.5,2665.0,2663.5,2665.0,6200,0.0,0.0
2024-10-07 13:00:00+09:00,2665.5,2666.5,2663.0,2663.0,5300,0.0,0.0
2024-10-07 13:05:00+09:00,2664.5,2665.5,2663.5,2663.5,4200,0.0,0.0
2024-10-07 13:10:00+09:00,2663.5,2665.0,2662.0,2665.0,6600,0.0,0.0
2024-10-07 13:15:00+09:00,2665.0,2665.5,2664.5,2665.5,1300,0.0,0.0
2024-10-07 13:20:00+09:00,2665.5,2668.5,2665.0,2667.0,6400,0.0,0.0
2024-10-07 13:25:00+09:00,2667.0,2667.5,2666.0,2667.0,3100,0.0,0.0
2024-10-07 13:30:00+09:00,2667.0,2670.0,2667.0,2668.5,5300,0.0,0.0
2024-10-07 13:35:00+09:00,2668.5,2670.0,2668.5,2669.0,3000,0.0,0.0
2024-10-07 13:40:00+09:00,2668.5,2669.5,2668.0,2669.5,0,0.0,0.0
2024-10-07 13:45:00+09:00,2669.5,2670.5,2669.0,2669.5,270700,0.0,0.0
2024-10-07 13:50:00+09:00,2669.0,2669.0,2667.5,2668.5,4300,0.0,0.0
2024-10-07 13:55:00+09:00,2668.5,2670.0,2666.5,2666.5,5000,0.0,0.0
2024-10-07 14:00:00+09:00,2666.5,2668.0,2666.0,2667.0,3600,0.0,0.0
2024-10-07 14:05:00+09:00,2667.0,2667.0,2665.0,2666.0,3800,0.0,0.0
2024-10-07 14:10:00+09:00,2666.5,2668.0,2666.0,2667.0,3700,0.0,0.0
2024-10-07 14:15:00+09:00,2667.0,2668.5,2667.0,2668.5,4000,0.0,0.0
2024-10-07 14:20:00+09:00,2667.5,2669.0,2667.0,2669.0,5900,0.0,0.0
2024-10-07 14:25:00+09:00,2669.5,2671.0,2668.0,2668.0,9000,0.0,0.0
2024-10-07 14:30:00+09:00,2667.5,2669.0,2663.5,2664.5,5500,0.0,0.0
2024-10-07 14:35:00+09:00,2664.0,2665.5,2663.5,2665.5,5500,0.0,0.0
2024-10-07 14:40:00+09:00,2666.0,2667.0,2665.0,2665.0,7400,0.0,0.0
2024-10-07 14:45:00+09:00,2665.5,2666.0,2663.0,2663.5,7200,0.0,0.0
2024-10-07 14:50:00+09:00,2663.0,2665.0,2661.5,2661.5,9400,0.0,0.0
2024-10-07 14:55:00+09:00,2661.5,2661.5,2656.5,2656.5,17400,0.0,0.0
2024-10-08 09:00:00+09:00,2636.5,2649.0,2633.0,2649.0,19900,0.0,0.0
2024-10-08 09:05:00+09:00,2649.5,2658.0,2649.5,2653.0,13400,0.0,0.0
2024-10-08 09:10:00+09:00,2651.5,2655.0,2650.5,2653.0,3500,0.0,0.0
2024-10-08 09:15:00+09:00,2652.5,2659.0,2651.5,2659.0,3200,0.0,0.0
2024-10-08 09:20:00+09:00,2657.5,2659.5,2655.5,2659.5,2400,0.0,0.0
2024-10-08 09:25:00+09:00,2658.0,2660.5,2656.5,2660.0,4500,0.0,0.0
2024-10-08 09:30:00+09:00,2659.5,2667.0,2658.5,2667.0,5900,0.0,0.0
2024-10-08 09:35:00+09:00,2666.5,2666.5,2661.0,2663.0,4900,0.0,0.0
2024-10-08 09:40:00+09:00,2664.0,2665.0,2656.5,2656.5,2200,0.0,0.0
2024-10-08 09:45:00+09:00,2655.5,2658.5,2655.0,2658.5,2800,0.0,0.0
2024-10-08 09:50:00+09:00,2658.5,2659.5,2656.5,2657.5,3400,0.0,0.0
2024-10-08 09:55:00+09:00,2658.0,2659.0,2656.0,2656.5,2500,0.0,0.0
2024-10-08 10:00:00+09:00,2656.0,2657.0,2654.5,2657.0,2900,0.0,0.0
2024-10-08 10:05:00+09:00,2657.5,2659.0,2656.0,2659.0,3400,0.0,0.0
2024-10-08 10:10:00+09:00,2660.0,2660.5,2657.5,2657.5,2300,0.0,0.0
2024-10-08 10:15:00+09:00,2658.0,2661.5,2657.5,2661.5,2700,0.0,0.0
2024-10-08 10:20:00+09:00,2662.0,2663.0,2661.0,2662.0,5300,0.0,0.0
2024-10-08 10:25:00+09:00,2661.5,2664.0,2661.0,2662.0,5700,0.0,0.0
2024-10-08 10:30:00+09:00,2663.0,2663.0,2656.5,2656.5,3700,0.0,0.0
2024-10-08 10:35:00+09:00,2655.5,2659.5,2655.5,2658.0,1700,0.0,0.0
2024-10-08 10:40:00+09:00,2657.0,2659.0,2655.5,2658.0,3000,0.0,0.0
2024-10-08 10:45:00+09:00,2658.0,2659.5,2658.0,2659.5,500,0.0,0.0
2024-10-08 10:50:00+09:00,2659.0,2661.5,2658.5,2659.0,2900,0.0,0.0
2024-10-08 10:55:00+09:00,2658.5,2660.0,2657.0,2659.5,2900,0.0,0.0
2024-10-08 11:00:00+09:00,2659.5,2660.0,2656.0,2656.0,2000,0.0,0.0
2024-10-08 11:05:00+09:00,2656.0,2656.0,2654.0,2655.5,2500,0.0,0.0
2024-10-08 11:10:00+09:00,2654.0,2655.5,2648.5,2648.5,6200,0.0,0.0
2024-10-08 11:15:00+09:00,2648.5,2653.0,2648.5,2652.5,3300,0.0,0.0
2024-10-08 11:20:00+09:00,2653.0,2653.0,2648.0,2648.0,2400,0.0,0.0
2024-10-08 11:25:00+09:00,2649.0,2649.0,2643.5,2645.5,4700,0.0,0.0
2024-10-08 11:30:00+09:00,2645.5,2645.5,2645.5,2645.5,300,0.0,0.0
2024-10-08 11:35:00+09:00,2645.5,2645.5,2645.5,2645.5,0,0.0,0.0
2024-10-08 12:30:00+09:00,2646.0,2648.5,2634.0,2634.5,136400,0.0,0.0
2024-10-08 12:35:00+09:00,2633.5,2637.0,2633.5,2637.0,0,0.0,0.0
2024-10-08 12:40:00+09:00,2637.5,2642.0,2637.5,2641.5,142600,0.0,0.0
2024-10-08 12:45:00+09:00,2642.0,2642.0,2634.5,2634.5,4100,0.0,0.0
2024-10-08 12:50:00+09:00,2633.5,2634.0,2628.5,2629.5,4000,0.0,0.0
2024-10-08 12:55:00+09:00,2630.0,2634.5,2630.0,2634.5,5100,0.0,0.0
2024-10-08 13:00:00+09:00,2635.0,2636.0,2634.0,2635.0,2900,0.0,0.0
2024-10-08 13:05:00+09:00,2634.5,2636.0,2634.0,2635.5,3600,0.0,0.0
2024-10-08 13:10:00+09:00,2635.0,2635.0,2632.0,2632.5,2600,0.0,0.0
2024-10-08 13:15:00+09:00,2633.0,2635.0,2633.0,2635.0,1900,0.0,0.0
2024-10-08 13:20:00+09:00,2635.0,2635.5,2633.0,2635.5,3400,0.0,0.0
2024-10-08 13:25:00+09:00,2636.0,2637.5,2633.5,2633.5,3900,0.0,0.0
2024-10-08 13:30:00+09:00,2634.0,2634.0,2632.5,2632.5,1200,0.0,0.0
2024-10-08 13:35:00+09:00,2632.5,2634.0,2632.5,2634.0,1900,0.0,0.0
2024-10-08 13:40:00+09:00,2635.0,2637.0,2634.5,2636.0,3100,0.0,0.0
2024-10-08 13:45:00+09:00,2636.5,2637.0,2636.5,2637.0,800,0.0,0.0
2024-10-08 13:50:00+09:00,2637.5,2638.5,2635.5,2636.0,3700,0.0,0.0
2024-10-08 13:55:00+09:00,2635.0,2636.0,2634.0,2636.0,3100,0.0,0.0
2024-10-08 14:00:00+09:00,2635.0,2640.0,2635.0,2640.0,2900,0.0,0.0
2024-10-08 14:05:00+09:00,2640.0,2640.0,2635.0,2635.0,4900,0.0,0.0
2024-10-08 14:10:00+09:00,2636.0,2636.0,2634.0,2634.5,4400,0.0,0.0
2024-10-08 14:15:00+09:00,2634.5,2634.5,2633.0,2634.0,2000,0.0,0.0
2024-10-08 14:20:00+09:00,2633.0,2634.5,2632.5,2632.5,4600,0.0,0.0
2024-10-08 14:25:00+09:00,2632.5,2633.0,2631.5,2632.0,4600,0.0,0.0
2024-10-08 14:30:00+09:00,2632.0,2635.5,2632.0,2634.5,3400,0.0,0.0
2024-10-08 14:35:00+09:00,2636.0,2636.0,2633.5,2634.5,6000,0.0,0.0
2024-10-08 14:40:00+09:00,2635.0,2639.5,2635.0,2639.5,3600,0.0,0.0
2024-10-08 14:45:00+09:00,2639.5,2639.5,2636.5,2636.5,8000,0.0,0.0
2024-10-08 14:50:00+09:00,2636.5,2636.5,2629.5,2630.5,7300,0.0,0.0
2024-10-08 14:55:00+09:00,2630.0,2636.0,2630.0,2632.0,7200,0.0,0.0
2024-10-09 09:00:00+09:00,2648.5,2663.0,2631.0,2662.0,19400,0.0,0.0
2024-10-09 09:05:00+09:00,2659.5,2663.5,2646.0,2646.0,6800,0.0,0.0
2024-10-09 09:10:00+09:00,2644.0,2645.0,2638.5,2639.0,5600,0.0,0.0
2024-10-09 09:15:00+09:00,2640.0,2640.0,2635.0,2637.0,4300,0.0,0.0
2024-10-09 09:20:00+09:00,2637.0,2637.0,2633.0,2633.0,3800,0.0,0.0
2024-10-09 09:25:00+09:00,2632.0,2633.5,2631.0,2631.5,3000,0.0,0.0
2024-10-09 09:30:00+09:00,2630.5,2633.0,2629.0,2632.0,3900,0.0,0.0
2024-10-09 09:35:00+09:00,2632.5,2632.5,2626.5,2626.5,3200,0.0,0.0
2024-10-09 09:40:00+09:00,2626.5,2626.5,2623.0,2623.0,3300,0.0,0.0
2024-10-09 09:45:00+09:00,2622.5,2625.5,2620.5,2625.0,3600,0.0,0.0
2024-10-09 09:50:00+09:00,2625.0,2626.0,2622.0,2624.0,3500,0.0,0.0
2024-10-09 09:55:00+09:00,2624.0,2626.0,2624.0,2626.0,1500,0.0,0.0
2024-10-09 10:00:00+09:00,2626.5,2631.0,2625.0,2631.0,2700,0.0,0.0
2024-10-09 10:05:00+09:00,2632.5,2634.5,2630.0,2630.0,4100,0.0,0.0
2024-10-09 10:10:00+09:00,2629.5,2630.0,2628.5,2630.0,2100,0.0,0.0
2024-10-09 10:15:00+09:00,2630.0,2631.5,2629.0,2629.0,2700,0.0,0.0
2024-10-09 10:20:00+09:00,2629.0,2629.5,2629.0,2629.0,1200,0.0,0.0
2024-10-09 10:25:00+09:00,2629.5,2630.5,2627.5,2630.5,1600,0.0,0.0
2024-10-09 10:30:00+09:00,2631.5,2631.5,2627.5,2628.5,2100,0.0,0.0
2024-10-09 10:35:00+09:00,2629.0,2629.5,2626.5,2627.0,3000,0.0,0.0
2024-10-09 10:40:00+09:00,2625.5,2627.0,2625.0,2626.0,1600,0.0,0.0
2024-10-09 10:45:00+09:00,2626.0,2628.0,2626.0,2626.5,2100,0.0,0.0
2024-10-09 10:50:00+09:00,2626.0,2626.0,2623.0,2623.5,1600,0.0,0.0
2024-10-09 10:55:00+09:00,2623.0,2623.5,2622.0,2622.0,2100,0.0,0.0
2024-10-09 11:00:00+09:00,2622.0,2622.0,2617.0,2618.0,4400,0.0,0.0
2024-10-09 11:05:00+09:00,2616.5,2619.0,2616.5,2616.5,1600,0.0,0.0
2024-10-09 11:10:00+09:00,2616.0,2617.0,2613.0,2617.0,4000,0.0,0.0
2024-10-09 11:15:00+09:00,2617.5,2618.0,2616.0,2618.0,2200,0.0,0.0
2024-10-09 11:20:00+09:00,2617.5,2618.5,2615.0,2615.0,3200,0.0,0.0
2024-10-09 11:25:00+09:00,2615.5,2618.5,2615.5,2618.0,1800,0.0,0.0
2024-10-09 11:30:00+09:00,2616.5,2616.5,2615.5,2615.5,600,0.0,0.0
2024-10-09 11:35:00+09:00,2615.5,2615.5,2615.5,2615.5,0,0.0,0.0
2024-10-09 12:30:00+09:00,2624.5,2624.5,2619.5,2619.5,113600,0.0,0.0
2024-10-09 12:35:00+09:00,2620.0,2621.5,2618.0,2618.0,4300,0.0,0.0
2024-10-09 12:40:00+09:00,2619.0,2623.5,2618.5,2621.0,4300,0.0,0.0
2024-10-09 12:45:00+09:00,2621.0,2621.0,2620.5,2621.0,2200,0.0,0.0
2024-10-09 12:50:00+09:00,2621.5,2621.5,2618.5,2620.5,3900,0.0,0.0
2024-10-09 12:55:00+09:00,2621.5,2622.0,2620.0,2620.0,1900,0.0,0.0
2024-10-09 13:00:00+09:00,2621.5,2622.0,2620.0,2620.0,2200,0.0,0.0
2024-10-09 13:05:00+09:00,2620.0,2622.0,2619.5,2622.0,1600,0.0,0.0
2024-10-09 13:10:00+09:00,2622.0,2622.0,2620.5,2621.5,1500,0.0,0.0
2024-10-09 13:15:00+09:00,2621.5,2624.0,2621.5,2623.5,1900,0.0,0.0
2024-10-09 13:20:00+09:00,2624.5,2624.5,2623.5,2623.5,1800,0.0,0.0
2024-10-09 13:25:00+09:00,2623.5,2625.0,2623.5,2625.0,2000,0.0,0.0
2024-10-09 13:30:00+09:00,2625.5,2626.0,2624.5,2625.0,1800,0.0,0.0
2024-10-09 13:35:00+09:00,2624.0,2625.0,2623.5,2625.0,2100,0.0,0.0
2024-10-09 13:40:00+09:00,2624.5,2625.0,2624.0,2624.5,2300,0.0,0.0
2024-10-09 13:45:00+09:00,2624.5,2625.0,2624.0,2624.5,1500,0.0,0.0
2024-10-09 13:50:00+09:00,2623.5,2624.0,2622.5,2624.0,2600,0.0,0.0
2024-10-09 13:55:00+09:00,2624.5,2628.0,2624.5,2628.0,2300,0.0,0.0
2024-10-09 14:00:00+09:00,2628.0,2629.0,2625.5,2629.0,5100,0.0,0.0
2024-10-09 14:05:00+09:00,2629.5,2631.5,2629.5,2631.0,4800,0.0,0.0
2024-10-09 14:10:00+09:00,2630.5,2630.5,2627.5,2628.0,4000,0.0,0.0
2024-10-09 14:15:00+09:00,2628.0,2628.5,2626.5,2628.0,5300,0.0,0.0
2024-10-09 14:20:00+09:00,2628.0,2628.5,2627.5,2627.5,1200,0.0,0.0
2024-10-09 14:25:00+09:00,2628.5,2628.5,2625.5,2626.0,5300,0.0,0.0
2024-10-09 14:30:00+09:00,2625.5,2628.0,2624.5,2628.0,4800,0.0,0.0
2024-10-09 14:35:00+09:00,2628.5,2632.0,2627.0,2631.0,5000,0.0,0.0
2024-10-09 14:40:00+09:00,2632.0,2634.5,2631.5,2632.0,6300,0.0,0.0
2024-10-09 14:45:00+09:00,2631.5,2632.5,2630.5,2631.5,3900,0.0,0.0
2024-10-09 14:50:00+09:00,2630.5,2631.0,2627.5,2628.0,8200,0.0,0.0
2024-10-09 14:55:00+09:00,2628.5,2632.0,2628.5,2632.0,7400,0.0,0.0
2024-10-10 09:00:00+09:00,2640.0,2646.5,2631.0,2646.5,23400,0.0,0.0
2024-10-10 09:05:00+09:00,2646.5,2653.0,2640.5,2640.5,8800,0.0,0.0
2024-10-10 09:10:00+09:00,2640.5,2642.5,2635.5,2637.5,6500,0.0,0.0
2024-10-10 09:15:00+09:00,2638.0,2639.5,2638.0,2639.0,2100,0.0,0.0
2024-10-10 09:20:00+09:00,2637.5,2637.5,2633.0,2633.5,2900,0.0,0.0
2024-10-10 09:25:00+09:00,2634.0,2637.5,2633.5,2637.5,3600,0.0,0.0
2024-10-10 09:30:00+09:00,2636.5,2642.0,2636.5,2642.0,3300,0.0,0.0
2024-10-10 09:35:00+09:00,2642.0,2642.0,2638.5,2639.5,3400,0.0,0.0
2024-10-10 09:40:00+09:00,2639.5,2641.5,2638.0,2640.0,4600,0.0,0.0
2024-10-10 09:45:00+09:00,2639.5,2640.5,2639.0,2640.5,1300,0.0,0.0
2024-10-10 09:50:00+09:00,2640.5,2640.5,2638.5,2639.0,3400,0.0,0.0
2024-10-10 09:55:00+09:00,2638.5,2638.5,2632.0,2636.5,5400,0.0,0.0
2024-10-10 10:00:00+09:00,2636.0,2636.0,2634.5,2634.5,1700,0.0,0.0
2024-10-10 10:05:00+09:00,2636.0,2636.0,2634.0,2635.5,2000,0.0,0.0
2024-10-10 10:10:00+09:00,2635.0,2635.5,2631.5,2631.5,2600,0.0,0.0
2024-10-10 10:15:00+09:00,2630.5,2630.5,2628.0,2630.0,2500,0.0,0.0
2024-10-10 10:20:00+09:00,2630.5,2632.0,2629.0,2629.0,2900,0.0,0.0
2024-10-10 10:25:00+09:00,2628.5,2629.5,2627.0,2627.5,2600,0.0,0.0
2024-10-10 10:30:00+09:00,2628.0,2629.0,2627.0,2629.0,2000,0.0,0.0
2024-10-10 10:35:00+09:00,2629.0,2629.0,2626.0,2629.0,3100,0.0,0.0
2024-10-10 10:40:00+09:00,2628.5,2630.0,2628.0,2628.0,3100,0.0,0.0
2024-10-10 10:45:00+09:00,2627.5,2629.0,2626.5,2629.0,2500,0.0,0.0
2024-10-10 10:50:00+09:00,2629.0,2630.5,2625.0,2630.5,3400,0.0,0.0
2024-10-10 10:55:00+09:00,2632.0,2632.5,2631.0,2631.0,1700,0.0,0.0
2024-10-10 11:00:00+09:00,2632.5,2637.0,2631.5,2637.0,3800,0.0,0.0
2024-10-10 11:05:00+09:00,2637.0,2637.0,2633.0,2633.0,1800,0.0,0.0
2024-10-10 11:10:00+09:00,2634.0,2634.0,2631.5,2632.5,1600,0.0,0.0
2024-10-10 11:15:00+09:00,2632.5,2633.5,2632.5,2633.0,3100,0.0,0.0
2024-10-10 11:20:00+09:00,2634.0,2636.5,2634.0,2636.0,4400,0.0,0.0
2024-10-10 11:25:00+09:00,2635.5,2638.0,2635.5,2638.0,2200,0.0,0.0
2024-10-10 11:30:00+09:00,2636.0,2636.0,2636.0,2636.0,500,0.0,0.0
2024-10-10 11:35:00+09:00,2636.0,2636.0,2636.0,2636.0,0,0.0,0.0
2024-10-10 12:30:00+09:00,2639.0,2639.5,2636.5,2637.5,125600,0.0,0.0
2024-10-10 12:35:00+09:00,2637.0,2638.5,2634.5,2634.5,3900,0.0,0.0
2024-10-10 12:40:00+09:00,2636.0,2636.0,2634.0,2636.0,1400,0.0,0.0
2024-10-10 12:45:00+09:00,2636.0,2636.0,2630.0,2630.5,3100,0.0,0.0
2024-10-10 12:50:00+09:00,2631.5,2633.5,2631.5,2633.5,2100,0.0,0.0
2024-10-10 12:55:00+09:00,2633.5,2633.5,2632.0,2632.5,1700,0.0,0.0
2024-10-10 13:00:00+09:00,2632.0,2634.0,2632.0,2633.5,2100,0.0,0.0
2024-10-10 13:05:00+09:00,2633.5,2633.5,2631.5,2631.5,1500,0.0,0.0
2024-10-10 13:10:00+09:00,2633.0,2633.0,2631.5,2631.5,1200,0.0,0.0
2024-10-10 13:15:00+09:00,2631.0,2633.0,2631.0,2632.0,2100,0.0,0.0
2024-10-10 13:20:00+09:00,2632.5,2635.0,2632.5,2634.0,2800,0.0,0.0
2024-10-10 13:25:00+09:00,2635.0,2635.5,2632.5,2632.5,1700,0.0,0.0
2024-10-10 13:30:00+09:00,2633.5,2634.5,2633.0,2634.5,2100,0.0,0.0
2024-10-10 13:35:00+09:00,2633.5,2634.0,2633.5,2634.0,1100,0.0,0.0
2024-10-10 13:40:00+09:00,2634.0,2634.0,2632.5,2632.5,1100,0.0,0.0
2024-10-10 13:45:00+09:00,2631.5,2632.5,2631.0,2632.5,3500,0.0,0.0
2024-10-10 13:50:00+09:00,2633.0,2633.5,2631.5,2631.5,2200,0.0,0.0
2024-10-10 13:55:00+09:00,2631.5,2633.0,2631.5,2633.0,1200,0.0,0.0
2024-10-10 14:00:00+09:00,2633.0,2634.0,2632.5,2634.0,3500,0.0,0.0
2024-10-10 14:05:00+09:00,2634.5,2635.5,2633.5,2634.0,4700,0.0,0.0
2024-10-10 14:10:00+09:00,2635.0,2635.5,2635.0,2635.0,2300,0.0,0.0
2024-10-10 14:15:00+09:00,2635.5,2636.0,2635.5,2635.5,1700,0.0,0.0
2024-10-10 14:20:00+09:00,2635.5,2635.5,2634.5,2635.5,4200,0.0,0.0
2024-10-10 14:25:00+09:00,2635.0,2636.5,2634.5,2635.5,6100,0.0,0.0
2024-10-10 14:30:00+09:00,2635.5,2636.0,2632.5,2632.5,4100,0.0,0.0
2024-10-10 14:35:00+09:00,2633.0,2636.5,2633.0,2635.0,6400,0.0,0.0
2024-10-10 14:40:00+09:00,2635.5,2635.5,2634.0,2635.5,3500,0.0,0.0
2024-10-10 14:45:00+09:00,2636.0,2638.0,2636.0,2637.0,9100,0.0,0.0
2024-10-10 14:50:00+09:00,2636.0,2636.5,2634.0,2635.0,8500,0.0,0.0
2024-10-10 14:55:00+09:00,2634.5,2634.5,2630.5,2632.0,5400,0.0,0.0
2024-10-11 09:00:00+09:00,2627.0,2630.0,2615.0,2621.0,43300,0.0,0.0
2024-10-11 09:05:00+09:00,2621.0,2627.0,2621.0,2623.5,1800,0.0,0.0
2024-10-11 09:10:00+09:00,2623.0,2623.0,2615.0,2616.0,3700,0.0,0.0
2024-10-11 09:15:00+09:00,2615.0,2616.0,2609.0,2610.0,4800,0.0,0.0
2024-10-11 09:20:00+09:00,2610.0,2612.5,2609.0,2611.0,3100,0.0,0.0
2024-10-11 09:25:00+09:00,2612.0,2613.0,2607.0,2607.0,2800,0.0,0.0
2024-10-11 09:30:00+09:00,2606.5,2610.0,2605.0,2609.0,4100,0.0,0.0
2024-10-11 09:35:00+09:00,2607.0,2614.5,2606.0,2614.0,5000,0.0,0.0
2024-10-11 09:40:00+09:00,2615.0,2617.0,2613.5,2614.5,2500,0.0,0.0
2024-10-11 09:45:00+09:00,2615.0,2616.0,2613.5,2616.0,1800,0.0,0.0
2024-10-11 09:50:00+09:00,2615.5,2615.5,2613.5,2614.0,6000,0.0,0.0
2024-10-11 09:55:00+09:00,2613.0,2613.0,2606.0,2610.0,6700,0.0,0.0
2024-10-11 10:00:00+09:00,2608.5,2611.5,2608.5,2611.5,1200,0.0,0.0
2024-10-11 10:05:00+09:00,2611.5,2617.5,2611.5,2617.0,4200,0.0,0.0
2024-10-11 10:10:00+09:00,2616.5,2617.0,2616.5,2617.0,700,0.0,0.0
2024-10-11 10:15:00+09:00,2617.5,2617.5,2616.0,2616.0,2200,0.0,0.0
2024-10-11 10:20:00+09:00,2616.5,2622.5,2616.5,2622.5,2100,0.0,0.0
2024-10-11 10:25:00+09:00,2621.5,2624.0,2621.5,2624.0,2400,0.0,0.0
2024-10-11 10:30:00+09:00,2624.5,2624.5,2618.0,2618.0,1500,0.0,0.0
2024-10-11 10:35:00+09:00,2617.0,2617.0,2614.0,2614.0,1500,0.0,0.0
2024-10-11 10:40:00+09:00,2615.0,2621.5,2615.0,2621.5,2700,0.0,0.0
2024-10-11 10:45:00+09:00,2621.0,2621.0,2618.0,2618.0,2100,0.0,0.0
2024-10-11 10:50:00+09:00,2617.5,2619.0,2615.0,2619.0,3700,0.0,0.0
2024-10-11 10:55:00+09:00,2619.0,2619.5,2618.0,2619.5,1000,0.0,0.0
2024-10-11 11:00:00+09:00,2618.0,2618.0,2615.0,2617.5,2700,0.0,0.0
2024-10-11 11:05:00+09:00,2618.5,2618.5,2616.5,2616.5,1200,0.0,0.0
2024-10-11 11:10:00+09:00,2616.0,2617.0,2614.0,2614.5,3100,0.0,0.0
2024-10-11 11:15:00+09:00,2614.0,2615.0,2613.5,2613.5,800,0.0,0.0
2024-10-11 11:20:00+09:00,2613.0,2616.0,2611.0,2616.0,4000,0.0,0.0
2024-10-11 11:25:00+09:00,2616.5,2616.5,2613.5,2615.5,2400,0.0,0.0
2024-10-11 11:30:00+09:00,2614.0,2614.0,2613.5,2613.5,400,0.0,0.0
2024-10-11 11:35:00+09:00,2613.5,2613.5,2613.5,2613.5,0,0.0,0.0
2024-10-11 12:30:00+09:00,2613.5,2614.5,2611.0,2611.5,131900,0.0,0.0
2024-10-11 12:35:00+09:00,2612.5,2614.5,2611.0,2611.0,4000,0.0,0.0
2024-10-11 12:40:00+09:00,2610.5,2611.5,2610.5,2611.5,2000,0.0,0.0
2024-10-11 12:45:00+09:00,2611.0,2612.5,2610.5,2610.5,2600,0.0,0.0
2024-10-11 12:50:00+09:00,2612.0,2613.5,2609.0,2612.5,19400,0.0,0.0
2024-10-11 12:55:00+09:00,2614.5,2614.5,2609.0,2609.0,3500,0.0,0.0
2024-10-11 13:00:00+09:00,2608.0,2608.5,2606.5,2607.5,2300,0.0,0.0
2024-10-11 13:05:00+09:00,2607.5,2611.5,2607.5,2611.5,2200,0.0,0.0
2024-10-11 13:10:00+09:00,2612.5,2615.5,2611.0,2615.5,2400,0.0,0.0
2024-10-11 13:15:00+09:00,2616.0,2616.0,2612.0,2612.0,3200,0.0,0.0
2024-10-11 13:20:00+09:00,2611.5,2611.5,2610.5,2610.5,1300,0.0,0.0
2024-10-11 13:25:00+09:00,2611.0,2613.0,2610.5,2613.0,2100,0.0,0.0
2024-10-11 13:30:00+09:00,2612.0,2612.0,2610.0,2610.0,2300,0.0,0.0
2024-10-11 13:35:00+09:00,2610.0,2610.5,2609.0,2610.5,2800,0.0,0.0
2024-10-11 13:40:00+09:00,2609.5,2609.5,2606.5,2606.5,2300,0.0,0.0
2024-10-11 13:45:00+09:00,2606.5,2608.5,2606.5,2607.5,2200,0.0,0.0
2024-10-11 13:50:00+09:00,2608.5,2608.5,2608.0,2608.5,800,0.0,0.0
2024-10-11 13:55:00+09:00,2609.0,2610.0,2608.0,2610.0,2400,0.0,0.0
2024-10-11 14:00:00+09:00,2610.0,2610.5,2607.5,2607.5,3600,0.0,0.0
2024-10-11 14:05:00+09:00,2609.0,2609.0,2607.0,2607.5,1400,0.0,0.0
2024-10-11 14:10:00+09:00,2607.5,2608.0,2607.0,2607.0,2300,0.0,0.0
2024-10-11 14:15:00+09:00,2606.0,2607.5,2605.5,2607.5,3500,0.0,0.0
2024-10-11 14:20:00+09:00,2607.5,2610.0,2604.5,2607.5,9700,0.0,0.0
2024-10-11 14:25:00+09:00,2607.0,2608.0,2605.5,2608.0,3100,0.0,0.0
2024-10-11 14:30:00+09:00,2607.0,2608.5,2605.0,2608.5,3800,0.0,0.0
2024-10-11 14:35:00+09:00,2607.5,2611.0,2607.5,2611.0,3300,0.0,0.0
2024-10-11 14:40:00+09:00,2610.0,2610.5,2608.5,2609.0,4200,0.0,0.0
2024-10-11 14:45:00+09:00,2609.5,2612.5,2608.5,2612.5,5400,0.0,0.0
2024-10-11 14:50:00+09:00,2611.5,2611.5,2607.0,2609.0,11600,0.0,0.0
2024-10-11 14:55:00+09:00,2609.0,2619.5,2605.0,2619.5,21800,0.0,0.0
2024-10-15 09:00:00+09:00,2620.0,2620.5,2606.5,2609.5,39800,0.0,0.0
2024-10-15 09:05:00+09:00,2611.5,2621.0,2607.5,2610.0,9600,0.0,0.0
2024-10-15 09:10:00+09:00,2606.5,2606.5,2595.0,2597.0,22200,0.0,0.0
2024-10-15 09:15:00+09:00,2597.5,2600.0,2595.5,2597.0,3700,0.0,0.0
2024-10-15 09:20:00+09:00,2596.5,2596.5,2588.5,2589.0,11000,0.0,0.0
2024-10-15 09:25:00+09:00,2589.0,2590.0,2584.0,2585.5,9200,0.0,0.0
2024-10-15 09:30:00+09:00,2586.0,2588.0,2583.0,2587.0,7800,0.0,0.0
2024-10-15 09:35:00+09:00,2587.5,2588.0,2583.0,2585.0,6400,0.0,0.0
2024-10-15 09:40:00+09:00,2585.0,2585.0,2580.0,2584.0,11300,0.0,0.0
2024-10-15 09:45:00+09:00,2583.0,2590.0,2582.0,2590.0,7600,0.0,0.0
2024-10-15 09:50:00+09:00,2589.5,2594.0,2588.5,2594.0,4200,0.0,0.0
2024-10-15 09:55:00+09:00,2593.5,2596.5,2593.0,2594.5,8000,0.0,0.0
2024-10-15 10:00:00+09:00,2596.0,2596.5,2593.0,2593.0,3200,0.0,0.0
2024-10-15 10:05:00+09:00,2593.0,2600.0,2592.5,2600.0,5100,0.0,0.0
2024-10-15 10:10:00+09:00,2600.5,2602.5,2600.0,2600.0,5300,0.0,0.0
2024-10-15 10:15:00+09:00,2600.0,2602.0,2599.0,2601.5,3400,0.0,0.0
2024-10-15 10:20:00+09:00,2602.5,2604.0,2601.5,2601.5,4000,0.0,0.0
2024-10-15 10:25:00+09:00,2602.5,2606.5,2602.0,2606.5,4700,0.0,0.0
2024-10-15 10:30:00+09:00,2604.5,2608.5,2604.5,2608.5,3400,0.0,0.0
2024-10-15 10:35:00+09:00,2609.0,2614.5,2607.5,2613.0,6500,0.0,0.0
2024-10-15 10:40:00+09:00,2613.0,2617.0,2613.0,2617.0,4100,0.0,0.0
2024-10-15 10:45:00+09:00,2616.0,2618.5,2613.5,2615.0,10000,0.0,0.0
2024-10-15 10:50:00+09:00,2616.0,2620.0,2615.5,2619.0,7600,0.0,0.0
2024-10-15 10:55:00+09:00,2617.5,2617.5,2614.5,2614.5,3700,0.0,0.0
2024-10-15 11:00:00+09:00,2615.0,2618.0,2615.0,2617.0,4200,0.0,0.0
2024-10-15 11:05:00+09:00,2616.5,2618.0,2609.0,2611.0,4900,0.0,0.0
2024-10-15 11:10:00+09:00,2609.5,2611.0,2609.0,2609.0,3400,0.0,0.0
2024-10-15 11:15:00+09:00,2609.0,2612.5,2609.0,2610.0,5000,0.0,0.0
2024-10-15 11:20:00+09:00,2610.5,2610.5,2605.0,2609.0,4800,0.0,0.0
2024-10-15 11:25:00+09:00,2608.0,2610.0,2608.0,2608.5,4000,0.0,0.0
2024-10-15 11:30:00+09:00,2608.5,2608.5,2608.5,2608.5,400,0.0,0.0
2024-10-15 11:35:00+09:00,2608.5,2608.5,2608.5,2608.5,0,0.0,0.0
2024-10-15 12:30:00+09:00,2602.5,2604.0,2596.5,2600.5,247100,0.0,0.0
2024-10-15 12:35:00+09:00,2599.5,2602.5,2599.0,2601.5,10200,0.0,0.0
2024-10-15 12:40:00+09:00,2602.0,2602.0,2599.5,2600.0,6200,0.0,0.0
2024-10-15 12:45:00+09:00,2601.0,2603.0,2600.0,2603.0,7300,0.0,0.0
2024-10-15 12:50:00+09:00,2603.0,2603.0,2599.5,2600.0,6900,0.0,0.0
2024-10-15 12:55:00+09:00,2599.5,2599.5,2597.0,2597.0,8400,0.0,0.0
2024-10-15 13:00:00+09:00,2597.5,2601.5,2597.5,2601.5,8000,0.0,0.0
2024-10-15 13:05:00+09:00,2601.0,2601.0,2599.0,2599.5,4900,0.0,0.0
2024-10-15 13:10:00+09:00,2599.5,2602.0,2599.5,2601.5,5200,0.0,0.0
2024-10-15 13:15:00+09:00,2601.5,2603.0,2599.5,2603.0,7700,0.0,0.0
2024-10-15 13:20:00+09:00,2603.5,2604.0,2602.5,2603.5,4300,0.0,0.0
2024-10-15 13:25:00+09:00,2603.5,2604.5,2602.0,2604.5,4400,0.0,0.0
2024-10-15 13:30:00+09:00,2603.5,2607.0,2603.5,2607.0,6100,0.0,0.0
2024-10-15 13:35:00+09:00,2607.0,2608.0,2606.0,2606.0,5100,0.0,0.0
2024-10-15 13:40:00+09:00,2606.5,2607.0,2604.5,2606.0,4900,0.0,0.0
2024-10-15 13:45:00+09:00,2606.0,2609.5,2605.0,2609.5,6300,0.0,0.0
2024-10-15 13:50:00+09:00,2608.5,2608.5,2601.0,2601.0,0,0.0,0.0
2024-10-15 13:55:00+09:00,2601.5,2603.0,2600.5,2603.0,357500,0.0,0.0
2024-10-15 14:00:00+09:00,2603.5,2604.5,2603.0,2603.0,5300,0.0,0.0
2024-10-15 14:05:00+09:00,2604.0,2605.0,2602.5,2604.0,7000,0.0,0.0
2024-10-15 14:10:00+09:00,2604.5,2604.5,2601.5,2602.5,6600,0.0,0.0
2024-10-15 14:15:00+09:00,2601.5,2602.5,2599.5,2599.5,5400,0.0,0.0
2024-10-15 14:20:00+09:00,2600.5,2601.0,2599.0,2599.5,5600,0.0,0.0
2024-10-15 14:25:00+09:00,2600.0,2600.0,2597.0,2597.5,9900,0.0,0.0
2024-10-15 14:30:00+09:00,2597.0,2597.0,2592.0,2594.0,19300,0.0,0.0
2024-10-15 14:35:00+09:00,2593.5,2598.0,2592.5,2598.0,10700,0.0,0.0
2024-10-15 14:40:00+09:00,2597.5,2600.0,2595.0,2599.0,10400,0.0,0.0
2024-10-15 14:45:00+09:00,2600.0,2600.5,2595.0,2600.0,18600,0.0,0.0
2024-10-15 14:50:00+09:00,2599.5,2603.0,2599.5,2601.5,15100,0.0,0.0
2024-10-15 14:55:00+09:00,2601.0,2601.0,2595.5,2597.5,16700,0.0,0.0
2024-10-16 09:00:00+09:00,2572.0,2576.5,2555.0,2563.0,23100,0.0,0.0
2024-10-16 09:05:00+09:00,2564.5,2580.0,2563.5,2579.0,2300,0.0,0.0
2024-10-16 09:10:00+09:00,2579.0,2584.0,2578.5,2579.5,3300,0.0,0.0
2024-10-16 09:15:00+09:00,2580.5,2591.0,2580.5,2589.5,6900,0.0,0.0
2024-10-16 09:20:00+09:00,2587.5,2597.5,2587.5,2595.0,1800,0.0,0.0
2024-10-16 09:25:00+09:00,2593.0,2593.0,2589.0,2589.0,1100,0.0,0.0
2024-10-16 09:30:00+09:00,2589.5,2589.5,2585.5,2588.0,4000,0.0,0.0
2024-10-16 09:35:00+09:00,2590.0,2593.0,2589.5,2593.0,1800,0.0,0.0
2024-10-16 09:40:00+09:00,2593.0,2593.0,2588.5,2590.5,1600,0.0,0.0
2024-10-16 09:45:00+09:00,2591.0,2591.0,2589.0,2589.0,1200,0.0,0.0
2024-10-16 09:50:00+09:00,2589.0,2589.0,2586.5,2587.0,2300,0.0,0.0
2024-10-16 09:55:00+09:00,2588.0,2588.5,2583.0,2586.0,9600,0.0,0.0
2024-10-16 10:00:00+09:00,2584.5,2585.5,2583.5,2583.5,2100,0.0,0.0
2024-10-16 10:05:00+09:00,2584.5,2584.5,2581.5,2583.0,1600,0.0,0.0
2024-10-16 10:10:00+09:00,2583.5,2585.0,2582.5,2582.5,2200,0.0,0.0
2024-10-16 10:15:00+09:00,2582.5,2583.5,2582.5,2583.5,1100,0.0,0.0
2024-10-16 10:20:00+09:00,2582.5,2582.5,2579.5,2579.5,5000,0.0,0.0
2024-10-16 10:25:00+09:00,2580.0,2581.5,2578.5,2581.0,3600,0.0,0.0
2024-10-16 10:30:00+09:00,2580.5,2580.5,2576.0,2576.0,3800,0.0,0.0
2024-10-16 10:35:00+09:00,2576.0,2578.0,2575.5,2576.5,1500,0.0,0.0
2024-10-16 10:40:00+09:00,2576.0,2577.0,2575.0,2577.0,3400,0.0,0.0
2024-10-16 10:45:00+09:00,2576.5,2576.5,2574.5,2574.5,1800,0.0,0.0
2024-10-16 10:50:00+09:00,2574.0,2575.5,2574.0,2575.0,2100,0.0,0.0
2024-10-16 10:55:00+09:00,2575.0,2575.0,2573.0,2574.0,1200,0.0,0.0
2024-10-16 11:00:00+09:00,2573.0,2573.0,2572.0,2572.0,1600,0.0,0.0
2024-10-16 11:05:00+09:00,2572.5,2572.5,2571.0,2572.5,2200,0.0,0.0
2024-10-16 11:10:00+09:00,2572.0,2572.0,2569.5,2572.0,2300,0.0,0.0
2024-10-16 11:15:00+09:00,2571.0,2571.0,2567.5,2568.0,3300,0.0,0.0
2024-10-16 11:20:00+09:00,2567.5,2567.5,2565.0,2565.0,1200,0.0,0.0
2024-10-16 11:25:00+09:00,2566.0,2566.5,2564.0,2564.0,3300,0.0,0.0
2024-10-16 11:30:00+09:00,2564.0,2564.0,2563.5,2563.5,400,0.0,0.0
2024-10-16 11:35:00+09:00,2563.5,2563.5,2563.5,2563.5,0,0.0,0.0
2024-10-16 12:30:00+09:00,2564.0,2566.5,2560.5,2560.5,111900,0.0,0.0
2024-10-16 12:35:00+09:00,2560.5,2563.0,2560.5,2562.5,4400,0.0,0.0
2024-10-16 12:40:00+09:00,2562.5,2566.5,2562.5,2566.0,3500,0.0,0.0
2024-10-16 12:45:00+09:00,2565.5,2565.5,2563.5,2564.0,2900,0.0,0.0
2024-10-16 12:50:00+09:00,2564.0,2566.0,2562.5,2564.5,3200,0.0,0.0
2024-10-16 12:55:00+09:00,2564.0,2567.0,2564.0,2566.0,1500,0.0,0.0
2024-10-16 13:00:00+09:00,2565.5,2566.5,2565.0,2566.0,2400,0.0,0.0
2024-10-16 13:05:00+09:00,2565.5,2566.0,2564.0,2566.0,3500,0.0,0.0
2024-10-16 13:10:00+09:00,2566.5,2568.0,2566.5,2566.5,2700,0.0,0.0
2024-10-16 13:15:00+09:00,2566.0,2567.0,2565.0,2565.0,3000,0.0,0.0
2024-10-16 13:20:00+09:00,2565.0,2565.5,2564.5,2564.5,3300,0.0,0.0
2024-10-16 13:25:00+09:00,2564.0,2566.5,2564.0,2565.5,3900,0.0,0.0
2024-10-16 13:30:00+09:00,2565.5,2565.5,2563.0,2563.0,3800,0.0,0.0
2024-10-16 13:35:00+09:00,2563.0,2565.0,2562.5,2563.0,4200,0.0,0.0
2024-10-16 13:40:00+09:00,2564.0,2567.0,2562.0,2562.0,3100,0.0,0.0
2024-10-16 13:45:00+09:00,2563.0,2563.0,2561.0,2561.0,2600,0.0,0.0
2024-10-16 13:50:00+09:00,2561.0,2563.5,2561.0,2562.5,1700,0.0,0.0
2024-10-16 13:55:00+09:00,2562.5,2564.5,2562.5,2564.5,3000,0.0,0.0
2024-10-16 14:00:00+09:00,2564.5,2564.5,2561.0,2562.5,4300,0.0,0.0
2024-10-16 14:05:00+09:00,2563.0,2564.0,2560.5,2561.0,3500,0.0,0.0
2024-10-16 14:10:00+09:00,2561.5,2562.5,2561.5,2561.5,2600,0.0,0.0
2024-10-16 14:15:00+09:00,2561.5,2561.5,2560.0,2561.5,2900,0.0,0.0
2024-10-16 14:20:00+09:00,2562.0,2564.0,2561.0,2561.0,4300,0.0,0.0
2024-10-16 14:25:00+09:00,2561.0,2561.0,2559.0,2559.5,8100,0.0,0.0
2024-10-16 14:30:00+09:00,2559.5,2561.5,2559.5,2561.0,5000,0.0,0.0
2024-10-16 14:35:00+09:00,2561.0,2561.5,2560.5,2561.5,3100,0.0,0.0
2024-10-16 14:40:00+09:00,2561.5,2563.0,2561.5,2563.0,5000,0.0,0.0
2024-10-16 14:45:00+09:00,2563.0,2565.5,2563.0,2564.0,5100,0.0,0.0
2024-10-16 14:50:00+09:00,2563.0,2568.5,2563.0,2565.0,12100,0.0,0.0
2024-10-16 14:55:00+09:00,2564.5,2564.5,2562.0,2564.0,8000,0.0,0.0
2024-10-17 09:00:00+09:00,2561.0,2574.5,2553.0,2565.0,21500,0.0,0.0
2024-10-17 09:05:00+09:00,2567.0,2569.0,2564.0,2568.0,3500,0.0,0.0
2024-10-17 09:10:00+09:00,2566.5,2568.5,2566.0,2567.0,1000,0.0,0.0
2024-10-17 09:15:00+09:00,2567.5,2569.5,2565.0,2568.5,2400,0.0,0.0
2024-10-17 09:20:00+09:00,2567.5,2569.0,2566.5,2569.0,2900,0.0,0.0
2024-10-17 09:25:00+09:00,2568.0,2568.0,2565.5,2568.0,2500,0.0,0.0
2024-10-17 09:30:00+09:00,2568.5,2571.5,2568.5,2570.5,2000,0.0,0.0
2024-10-17 09:35:00+09:00,2570.5,2570.5,2566.5,2566.5,1900,0.0,0.0
2024-10-17 09:40:00+09:00,2568.0,2569.5,2566.5,2566.5,600,0.0,0.0
2024-10-17 09:45:00+09:00,2566.0,2567.0,2564.5,2564.5,2200,0.0,0.0
2024-10-17 09:50:00+09:00,2564.0,2566.5,2563.0,2566.0,5000,0.0,0.0
2024-10-17 09:55:00+09:00,2567.5,2572.0,2567.5,2571.5,2700,0.0,0.0
2024-10-17 10:00:00+09:00,2571.0,2572.0,2569.5,2569.5,2100,0.0,0.0
2024-10-17 10:05:00+09:00,2569.5,2569.5,2568.0,2568.5,2300,0.0,0.0
2024-10-17 10:10:00+09:00,2567.5,2567.5,2566.0,2566.5,2000,0.0,0.0
2024-10-17 10:15:00+09:00,2567.0,2567.0,2563.0,2563.5,3300,0.0,0.0
2024-10-17 10:20:00+09:00,2562.5,2565.0,2561.5,2565.0,1400,0.0,0.0
2024-10-17 10:25:00+09:00,2564.5,2566.0,2564.5,2565.0,1900,0.0,0.0
2024-10-17 10:30:00+09:00,2565.0,2566.0,2564.0,2565.0,2200,0.0,0.0
2024-10-17 10:35:00+09:00,2564.0,2566.0,2563.5,2563.5,1300,0.0,0.0
2024-10-17 10:40:00+09:00,2562.5,2562.5,2560.0,2562.0,3100,0.0,0.0
2024-10-17 10:45:00+09:00,2561.5,2562.5,2561.5,2562.5,400,0.0,0.0
2024-10-17 10:50:00+09:00,2562.5,2562.5,2562.0,2562.0,400,0.0,0.0
2024-10-17 10:55:00+09:00,2562.0,2562.5,2560.0,2560.0,4200,0.0,0.0
2024-10-17 11:00:00+09:00,2559.5,2560.0,2558.5,2559.5,2300,0.0,0.0
2024-10-17 11:05:00+09:00,2560.0,2561.5,2560.0,2561.5,1200,0.0,0.0
2024-10-17 11:10:00+09:00,2561.5,2562.0,2560.5,2560.5,1000,0.0,0.0
2024-10-17 11:15:00+09:00,2560.0,2560.5,2559.0,2560.0,3900,0.0,0.0
2024-10-17 11:20:00+09:00,2560.5,2562.0,2558.5,2558.5,3100,0.0,0.0
2024-10-17 11:25:00+09:00,2558.0,2559.5,2557.0,2559.5,2700,0.0,0.0
2024-10-17 11:30:00+09:00,2556.0,2556.0,2556.0,2556.0,400,0.0,0.0
2024-10-17 11:35:00+09:00,2556.0,2556.0,2556.0,2556.0,0,0.0,0.0
2024-10-17 12:30:00+09:00,2551.5,2556.0,2551.5,2556.0,100900,0.0,0.0
2024-10-17 12:35:00+09:00,2555.5,2556.0,2555.5,2556.0,1000,0.0,0.0
2024-10-17 12:40:00+09:00,2556.5,2557.0,2555.5,2557.0,2600,0.0,0.0
2024-10-17 12:45:00+09:00,2555.0,2555.5,2554.0,2555.5,1700,0.0,0.0
2024-10-17 12:50:00+09:00,2554.5,2554.5,2553.0,2553.0,2200,0.0,0.0
2024-10-17 12:55:00+09:00,2552.5,2553.0,2552.0,2553.0,3200,0.0,0.0
2024-10-17 13:00:00+09:00,2553.5,2554.0,2553.0,2553.0,2400,0.0,0.0
2024-10-17 13:05:00+09:00,2553.0,2553.0,2551.5,2551.5,2800,0.0,0.0
2024-10-17 13:10:00+09:00,2551.5,2552.0,2551.0,2551.0,1500,0.0,0.0
2024-10-17 13:15:00+09:00,2551.0,2551.0,2550.5,2550.5,5900,0.0,0.0
2024-10-17 13:20:00+09:00,2551.0,2554.0,2551.0,2554.0,5200,0.0,0.0
2024-10-17 13:25:00+09:00,2553.5,2553.5,2552.0,2553.5,3100,0.0,0.0
2024-10-17 13:30:00+09:00,2553.0,2553.0,2551.5,2551.5,1100,0.0,0.0
2024-10-17 13:35:00+09:00,2552.0,2552.5,2550.5,2551.5,4100,0.0,0.0
2024-10-17 13:40:00+09:00,2551.5,2552.5,2551.5,2552.5,1300,0.0,0.0
2024-10-17 13:45:00+09:00,2552.0,2553.5,2551.5,2551.5,4300,0.0,0.0
2024-10-17 13:50:00+09:00,2551.5,2552.0,2550.5,2551.5,5300,0.0,0.0
2024-10-17 13:55:00+09:00,2551.0,2553.0,2551.0,2552.0,2500,0.0,0.0
2024-10-17 14:00:00+09:00,2552.5,2552.5,2549.5,2549.5,15800,0.0,0.0
2024-10-17 14:05:00+09:00,2549.0,2550.0,2549.0,2549.5,2400,0.0,0.0
2024-10-17 14:10:00+09:00,2550.0,2550.5,2547.5,2547.5,3500,0.0,0.0
2024-10-17 14:15:00+09:00,2547.5,2549.5,2547.0,2549.5,4600,0.0,0.0
2024-10-17 14:20:00+09:00,2550.0,2551.0,2549.5,2550.0,1100,0.0,0.0
2024-10-17 14:25:00+09:00,2549.5,2550.0,2548.0,2548.0,1800,0.0,0.0
2024-10-17 14:30:00+09:00,2548.0,2552.5,2547.5,2552.5,3700,0.0,0.0
2024-10-17 14:35:00+09:00,2552.5,2557.0,2552.5,2555.0,4600,0.0,0.0
2024-10-17 14:40:00+09:00,2554.5,2555.5,2553.5,2554.0,4400,0.0,0.0
2024-10-17 14:45:00+09:00,2555.0,2555.5,2553.5,2554.0,6100,0.0,0.0
2024-10-17 14:50:00+09:00,2553.5,2553.5,2548.5,2549.5,13400,0.0,0.0
2024-10-17 14:55:00+09:00,2548.5,2548.5,2541.0,2547.5,16200,0.0,0.0
2024-10-18 09:00:00+09:00,2551.0,2560.0,2550.0,2550.0,16500,0.0,0.0
2024-10-18 09:05:00+09:00,2548.0,2560.0,2548.0,2558.5,4500,0.0,0.0
2024-10-18 09:10:00+09:00,2559.5,2563.0,2559.5,2563.0,3500,0.0,0.0
2024-10-18 09:15:00+09:00,2564.5,2574.0,2564.0,2573.0,6800,0.0,0.0
2024-10-18 09:20:00+09:00,2572.5,2573.5,2568.5,2568.5,4300,0.0,0.0
2024-10-18 09:25:00+09:00,2568.5,2568.5,2566.0,2566.5,3100,0.0,0.0
2024-10-18 09:30:00+09:00,2565.5,2567.0,2564.0,2566.5,3100,0.0,0.0
2024-10-18 09:35:00+09:00,2566.0,2566.5,2565.0,2565.5,2300,0.0,0.0
2024-10-18 09:40:00+09:00,2568.0,2569.0,2567.0,2569.0,2300,0.0,0.0
2024-10-18 09:45:00+09:00,2569.0,2569.0,2566.5,2566.5,2500,0.0,0.0
2024-10-18 09:50:00+09:00,2565.5,2566.5,2564.0,2565.0,4200,0.0,0.0
2024-10-18 09:55:00+09:00,2563.5,2565.0,2563.5,2564.0,2400,0.0,0.0
2024-10-18 10:00:00+09:00,2563.0,2564.0,2561.5,2562.0,2000,0.0,0.0
2024-10-18 10:05:00+09:00,2562.0,2564.5,2561.5,2564.5,2300,0.0,0.0
2024-10-18 10:10:00+09:00,2564.0,2564.0,2563.0,2564.0,1900,0.0,0.0
2024-10-18 10:15:00+09:00,2565.0,2567.0,2565.0,2565.5,2100,0.0,0.0
2024-10-18 10:20:00+09:00,2564.5,2565.0,2563.5,2564.0,1700,0.0,0.0
2024-10-18 10:25:00+09:00,2564.5,2565.0,2563.5,2563.5,3200,0.0,0.0
2024-10-18 10:30:00+09:00,2563.0,2563.5,2560.0,2561.0,3700,0.0,0.0
2024-10-18 10:35:00+09:00,2561.0,2563.5,2561.0,2563.5,1700,0.0,0.0
2024-10-18 10:40:00+09:00,2564.0,2565.0,2563.5,2564.5,1400,0.0,0.0
2024-10-18 10:45:00+09:00,2564.5,2564.5,2561.0,2561.5,2400,0.0,0.0
2024-10-18 10:50:00+09:00,2561.0,2561.5,2560.5,2561.5,700,0.0,0.0
2024-10-18 10:55:00+09:00,2561.5,2563.0,2558.0,2559.5,7000,0.0,0.0
2024-10-18 11:00:00+09:00,2560.0,2560.0,2557.5,2557.5,2200,0.0,0.0
2024-10-18 11:05:00+09:00,2557.0,2557.5,2556.5,2557.5,1200,0.0,0.0
2024-10-18 11:10:00+09:00,2558.0,2558.5,2557.0,2557.0,1300,0.0,0.0
2024-10-18 11:15:00+09:00,2556.5,2557.0,2554.5,2555.0,1700,0.0,0.0
2024-10-18 11:20:00+09:00,2556.0,2557.5,2555.0,2556.5,2400,0.0,0.0
2024-10-18 11:25:00+09:00,2556.0,2557.0,2555.5,2557.0,900,0.0,0.0
2024-10-18 11:30:00+09:00,2555.0,2555.0,2555.0,2555.0,1300,0.0,0.0
2024-10-18 11:35:00+09:00,2555.0,2555.0,2555.0,2555.0,0,0.0,0.0
2024-10-18 12:30:00+09:00,2548.5,2553.0,2548.0,2549.5,120400,0.0,0.0
2024-10-18 12:35:00+09:00,2550.0,2551.5,2549.0,2549.5,2600,0.0,0.0
2024-10-18 12:40:00+09:00,2549.5,2550.5,2549.0,2549.0,2000,0.0,0.0
2024-10-18 12:45:00+09:00,2549.0,2551.5,2547.5,2551.5,4700,0.0,0.0
2024-10-18 12:50:00+09:00,2551.0,2551.0,2549.5,2550.0,3800,0.0,0.0
2024-10-18 12:55:00+09:00,2550.0,2551.0,2550.0,2550.5,3100,0.0,0.0
2024-10-18 13:00:00+09:00,2550.0,2550.5,2550.0,2550.5,4600,0.0,0.0
2024-10-18 13:05:00+09:00,2550.0,2552.0,2550.0,2551.5,1000,0.0,0.0
2024-10-18 13:10:00+09:00,2551.5,2553.0,2550.5,2550.5,4200,0.0,0.0
2024-10-18 13:15:00+09:00,2551.0,2551.0,2551.0,2551.0,600,0.0,0.0
2024-10-18 13:20:00+09:00,2550.5,2552.0,2550.0,2551.5,2300,0.0,0.0
2024-10-18 13:25:00+09:00,2551.0,2551.5,2544.0,2544.0,5800,0.0,0.0
2024-10-18 13:30:00+09:00,2545.0,2547.5,2545.0,2547.5,1200,0.0,0.0
2024-10-18 13:35:00+09:00,2548.0,2549.0,2548.0,2548.5,800,0.0,0.0
2024-10-18 13:40:00+09:00,2548.5,2548.5,2547.5,2548.5,1000,0.0,0.0
2024-10-18 13:45:00+09:00,2548.5,2549.0,2548.0,2549.0,800,0.0,0.0
2024-10-18 13:50:00+09:00,2550.0,2550.0,2549.0,2549.0,2900,0.0,0.0
2024-10-18 13:55:00+09:00,2549.0,2549.0,2545.0,2545.0,3900,0.0,0.0
2024-10-18 14:00:00+09:00,2545.5,2545.5,2542.5,2543.0,2400,0.0,0.0
2024-10-18 14:05:00+09:00,2544.0,2544.5,2544.0,2544.5,1700,0.0,0.0
2024-10-18 14:10:00+09:00,2545.0,2547.5,2545.0,2547.5,2300,0.0,0.0
2024-10-18 14:15:00+09:00,2547.5,2550.5,2547.5,2550.5,11700,0.0,0.0
2024-10-18 14:20:00+09:00,2550.0,2551.0,2549.5,2551.0,3000,0.0,0.0
2024-10-18 14:25:00+09:00,2551.0,2552.0,2549.0,2549.5,4100,0.0,0.0
2024-10-18 14:30:00+09:00,2549.0,2550.5,2548.5,2550.5,2600,0.0,0.0
2024-10-18 14:35:00+09:00,2550.0,2552.5,2550.0,2551.5,3400,0.0,0.0
2024-10-18 14:40:00+09:00,2551.0,2554.5,2551.0,2552.0,5300,0.0,0.0
2024-10-18 14:45:00+09:00,2552.5,2553.0,2551.5,2552.0,3100,0.0,0.0
2024-10-18 14:50:00+09:00,2552.0,2553.0,2551.5,2552.5,5400,0.0,0.0
2024-10-18 14:55:00+09:00,2553.0,2555.0,2550.0,2554.0,9100,0.0,0.0
2024-10-21 09:00:00+09:00,2551.0,2551.0,2537.0,2542.0,17700,0.0,0.0
2024-10-21 09:05:00+09:00,2542.5,2553.0,2542.5,2545.0,6100,0.0,0.0
2024-10-21 09:10:00+09:00,2544.5,2544.5,2532.0,2536.5,4100,0.0,0.0
2024-10-21 09:15:00+09:00,2536.5,2539.0,2536.0,2536.5,2600,0.0,0.0
2024-10-21 09:20:00+09:00,2539.0,2542.5,2538.0,2542.5,2100,0.0,0.0
2024-10-21 09:25:00+09:00,2541.0,2541.0,2538.0,2541.0,1600,0.0,0.0
2024-10-21 09:30:00+09:00,2540.0,2540.0,2538.5,2539.0,1400,0.0,0.0
2024-10-21 09:35:00+09:00,2540.0,2542.5,2539.0,2541.0,5600,0.0,0.0
2024-10-21 09:40:00+09:00,2542.0,2546.0,2542.0,2546.0,1500,0.0,0.0
2024-10-21 09:45:00+09:00,2546.5,2549.0,2545.0,2549.0,2800,0.0,0.0
2024-10-21 09:50:00+09:00,2550.0,2554.5,2549.5,2553.5,3500,0.0,0.0
2024-10-21 09:55:00+09:00,2553.0,2553.0,2548.0,2548.0,6900,0.0,0.0
2024-10-21 10:00:00+09:00,2548.0,2551.5,2548.0,2549.5,5600,0.0,0.0
2024-10-21 10:05:00+09:00,2548.5,2549.0,2548.0,2548.0,7000,0.0,0.0
2024-10-21 10:10:00+09:00,2548.5,2549.5,2548.5,2549.5,2200,0.0,0.0
2024-10-21 10:15:00+09:00,2550.0,2550.0,2546.5,2546.5,3100,0.0,0.0
2024-10-21 10:20:00+09:00,2546.0,2546.5,2542.5,2544.0,5500,0.0,0.0
2024-10-21 10:25:00+09:00,2545.0,2546.0,2543.0,2543.0,2700,0.0,0.0
2024-10-21 10:30:00+09:00,2542.0,2543.0,2542.0,2542.5,1500,0.0,0.0
2024-10-21 10:35:00+09:00,2543.0,2546.0,2543.0,2545.5,2700,0.0,0.0
2024-10-21 10:40:00+09:00,2546.0,2546.0,2544.0,2545.5,2600,0.0,0.0
2024-10-21 10:45:00+09:00,2546.0,2546.0,2543.0,2543.0,2100,0.0,0.0
2024-10-21 10:50:00+09:00,2542.5,2542.5,2540.5,2541.0,2000,0.0,0.0
2024-10-21 10:55:00+09:00,2541.5,2543.0,2541.5,2543.0,2700,0.0,0.0
2024-10-21 11:00:00+09:00,2543.5,2545.0,2543.5,2545.0,1800,0.0,0.0
2024-10-21 11:05:00+09:00,2545.0,2546.0,2544.0,2546.0,2300,0.0,0.0
2024-10-21 11:10:00+09:00,2546.0,2546.0,2542.5,2543.0,5600,0.0,0.0
2024-10-21 11:15:00+09:00,2542.5,2542.5,2542.0,2542.5,1200,0.0,0.0
2024-10-21 11:20:00+09:00,2542.5,2543.0,2542.0,2543.0,2500,0.0,0.0
2024-10-21 11:25:00+09:00,2542.5,2543.0,2542.5,2543.0,3900,0.0,0.0
2024-10-21 11:30:00+09:00,2542.5,2542.5,2542.5,2542.5,1200,0.0,0.0
2024-10-21 11:35:00+09:00,2542.5,2542.5,2542.5,2542.5,0,0.0,0.0
2024-10-21 12:30:00+09:00,2546.5,2546.5,2540.5,2544.5,123100,0.0,0.0
2024-10-21 12:35:00+09:00,2545.0,2545.5,2544.5,2545.5,800,0.0,0.0
2024-10-21 12:40:00+09:00,2546.0,2546.0,2544.5,2545.0,4500,0.0,0.0
2024-10-21 12:45:00+09:00,2546.0,2546.5,2544.5,2546.5,2500,0.0,0.0
2024-10-21 12:50:00+09:00,2546.0,2547.5,2546.0,2547.5,4000,0.0,0.0
2024-10-21 12:55:00+09:00,2548.0,2550.0,2547.5,2550.0,2600,0.0,0.0
2024-10-21 13:00:00+09:00,2550.5,2551.0,2549.0,2549.5,3400,0.0,0.0
2024-10-21 13:05:00+09:00,2549.0,2549.5,2549.0,2549.5,1700,0.0,0.0
2024-10-21 13:10:00+09:00,2550.0,2550.5,2549.0,2550.5,1300,0.0,0.0
2024-10-21 13:15:00+09:00,2551.0,2551.5,2551.0,2551.5,1500,0.0,0.0
2024-10-21 13:20:00+09:00,2551.5,2553.0,2551.0,2553.0,2600,0.0,0.0
2024-10-21 13:25:00+09:00,2553.0,2553.0,2550.0,2550.0,6400,0.0,0.0
2024-10-21 13:30:00+09:00,2550.5,2551.0,2550.0,2551.0,1200,0.0,0.0
2024-10-21 13:35:00+09:00,2550.5,2552.0,2550.0,2551.5,5000,0.0,0.0
2024-10-21 13:40:00+09:00,2552.0,2552.0,2550.5,2551.0,3700,0.0,0.0
2024-10-21 13:45:00+09:00,2550.5,2550.5,2549.0,2549.5,3300,0.0,0.0
2024-10-21 13:50:00+09:00,2550.0,2551.5,2550.0,2551.0,3000,0.0,0.0
2024-10-21 13:55:00+09:00,2550.0,2550.0,2548.0,2549.0,5900,0.0,0.0
2024-10-21 14:00:00+09:00,2549.0,2549.5,2547.5,2547.5,3400,0.0,0.0
2024-10-21 14:05:00+09:00,2548.0,2548.5,2547.5,2548.5,2400,0.0,0.0
2024-10-21 14:10:00+09:00,2548.5,2549.5,2548.5,2549.0,3500,0.0,0.0
2024-10-21 14:15:00+09:00,2549.0,2550.0,2549.0,2549.5,3300,0.0,0.0
2024-10-21 14:20:00+09:00,2549.0,2550.0,2548.5,2550.0,4200,0.0,0.0
2024-10-21 14:25:00+09:00,2550.0,2550.0,2548.5,2548.5,6200,0.0,0.0
2024-10-21 14:30:00+09:00,2548.5,2549.5,2548.5,2549.5,5600,0.0,0.0
2024-10-21 14:35:00+09:00,2549.5,2549.5,2547.0,2547.5,7100,0.0,0.0
2024-10-21 14:40:00+09:00,2547.5,2549.0,2547.5,2548.0,4800,0.0,0.0
2024-10-21 14:45:00+09:00,2548.5,2549.0,2547.0,2548.5,7100,0.0,0.0
2024-10-21 14:50:00+09:00,2548.5,2550.5,2546.5,2549.0,10900,0.0,0.0
2024-10-21 14:55:00+09:00,2549.0,2550.5,2545.0,2545.0,18300,0.0,0.0
2024-10-22 09:00:00+09:00,2537.0,2546.5,2532.0,2546.5,17500,0.0,0.0
2024-10-22 09:05:00+09:00,2548.0,2555.5,2547.0,2552.0,6300,0.0,0.0
2024-10-22 09:10:00+09:00,2550.5,2552.5,2549.0,2549.0,3400,0.0,0.0
2024-10-22 09:15:00+09:00,2548.0,2548.0,2533.0,2533.0,3300,0.0,0.0
2024-10-22 09:20:00+09:00,2533.5,2541.5,2533.0,2541.0,3400,0.0,0.0
2024-10-22 09:25:00+09:00,2540.5,2546.5,2539.0,2546.5,3400,0.0,0.0
2024-10-22 09:30:00+09:00,2545.5,2546.0,2541.5,2541.5,3700,0.0,0.0
2024-10-22 09:35:00+09:00,2540.5,2540.5,2536.5,2537.5,3000,0.0,0.0
2024-10-22 09:40:00+09:00,2538.5,2540.0,2538.0,2539.5,1400,0.0,0.0
2024-10-22 09:45:00+09:00,2539.0,2539.0,2533.5,2534.5,3900,0.0,0.0
2024-10-22 09:50:00+09:00,2534.5,2536.5,2534.5,2535.0,2400,0.0,0.0
2024-10-22 09:55:00+09:00,2536.0,2536.0,2531.5,2531.5,2600,0.0,0.0
2024-10-22 10:00:00+09:00,2532.0,2533.0,2525.0,2525.0,14000,0.0,0.0
2024-10-22 10:05:00+09:00,2525.0,2528.0,2525.0,2528.0,2800,0.0,0.0
2024-10-22 10:10:00+09:00,2528.0,2528.0,2519.5,2521.0,6100,0.0,0.0
2024-10-22 10:15:00+09:00,2519.5,2527.5,2519.5,2527.5,1600,0.0,0.0
2024-10-22 10:20:00+09:00,2528.5,2531.5,2528.0,2528.0,2200,0.0,0.0
2024-10-22 10:25:00+09:00,2528.0,2532.0,2527.5,2529.5,1800,0.0,0.0
2024-10-22 10:30:00+09:00,2530.5,2533.5,2529.0,2533.5,4400,0.0,0.0
2024-10-22 10:35:00+09:00,2533.5,2534.0,2530.5,2532.0,2400,0.0,0.0
2024-10-22 10:40:00+09:00,2531.0,2531.0,2525.5,2528.0,15700,0.0,0.0
2024-10-22 10:45:00+09:00,2528.0,2528.0,2522.5,2524.0,1300,0.0,0.0
2024-10-22 10:50:00+09:00,2523.5,2524.0,2522.0,2523.5,1500,0.0,0.0
2024-10-22 10:55:00+09:00,2523.0,2524.5,2522.0,2523.5,4900,0.0,0.0
2024-10-22 11:00:00+09:00,2524.0,2526.5,2522.5,2524.5,2600,0.0,0.0
2024-10-22 11:05:00+09:00,2525.5,2526.0,2525.0,2526.0,1900,0.0,0.0
2024-10-22 11:10:00+09:00,2525.0,2527.0,2524.0,2527.0,2300,0.0,0.0
2024-10-22 11:15:00+09:00,2526.0,2526.0,2523.5,2523.5,1600,0.0,0.0
2024-10-22 11:20:00+09:00,2524.0,2527.0,2524.0,2525.0,1900,0.0,0.0
2024-10-22 11:25:00+09:00,2525.0,2531.5,2524.0,2531.5,4400,0.0,0.0
2024-10-22 11:30:00+09:00,2532.0,2532.0,2532.0,2532.0,300,0.0,0.0
2024-10-22 11:35:00+09:00,2532.0,2532.0,2532.0,2532.0,0,0.0,0.0
2024-10-22 12:30:00+09:00,2531.0,2532.5,2526.5,2528.0,137300,0.0,0.0
2024-10-22 12:35:00+09:00,2529.5,2530.5,2527.0,2530.0,3800,0.0,0.0
2024-10-22 12:40:00+09:00,2530.0,2532.5,2530.0,2532.0,3000,0.0,0.0
2024-10-22 12:45:00+09:00,2531.5,2537.0,2531.5,2536.0,4000,0.0,0.0
2024-10-22 12:50:00+09:00,2536.0,2536.0,2532.0,2533.5,3900,0.0,0.0
2024-10-22 12:55:00+09:00,2533.5,2535.0,2533.0,2535.0,3100,0.0,0.0
2024-10-22 13:00:00+09:00,2535.0,2536.0,2534.5,2535.5,2600,0.0,0.0
2024-10-22 13:05:00+09:00,2535.0,2535.0,2533.5,2534.5,3700,0.0,0.0
2024-10-22 13:10:00+09:00,2534.0,2534.5,2532.5,2533.5,4600,0.0,0.0
2024-10-22 13:15:00+09:00,2534.0,2536.0,2534.0,2535.5,2900,0.0,0.0
2024-10-22 13:20:00+09:00,2535.5,2537.5,2535.5,2536.5,3800,0.0,0.0
2024-10-22 13:25:00+09:00,2537.0,2538.0,2536.5,2536.5,4900,0.0,0.0
2024-10-22 13:30:00+09:00,2536.0,2536.0,2533.5,2534.0,3700,0.0,0.0
2024-10-22 13:35:00+09:00,2534.0,2535.0,2533.5,2534.5,3200,0.0,0.0
2024-10-22 13:40:00+09:00,2535.0,2537.0,2534.5,2537.0,3400,0.0,0.0
2024-10-22 13:45:00+09:00,2537.5,2537.5,2534.5,2536.0,5000,0.0,0.0
2024-10-22 13:50:00+09:00,2536.0,2538.5,2535.5,2537.5,5200,0.0,0.0
2024-10-22 13:55:00+09:00,2537.5,2537.5,2535.0,2537.0,4500,0.0,0.0
2024-10-22 14:00:00+09:00,2537.0,2539.5,2536.5,2539.5,8100,0.0,0.0
2024-10-22 14:05:00+09:00,2539.5,2542.0,2538.5,2541.0,4900,0.0,0.0
2024-10-22 14:10:00+09:00,2541.0,2543.0,2541.0,2542.5,4100,0.0,0.0
2024-10-22 14:15:00+09:00,2541.5,2542.5,2540.5,2542.0,5100,0.0,0.0
2024-10-22 14:20:00+09:00,2541.0,2544.0,2540.5,2544.0,5200,0.0,0.0
2024-10-22 14:25:00+09:00,2544.5,2547.5,2544.5,2547.5,4200,0.0,0.0
2024-10-22 14:30:00+09:00,2547.0,2550.0,2543.5,2549.5,11700,0.0,0.0
2024-10-22 14:35:00+09:00,2549.5,2551.0,2549.0,2549.5,7600,0.0,0.0
2024-10-22 14:40:00+09:00,2550.5,2553.0,2549.5,2549.5,9200,0.0,0.0
2024-10-22 14:45:00+09:00,2550.0,2550.5,2547.5,2547.5,7300,0.0,0.0
2024-10-22 14:50:00+09:00,2547.0,2547.0,2544.0,2546.0,8100,0.0,0.0
2024-10-22 14:55:00+09:00,2546.0,2546.0,2540.0,2540.0,15100,0.0,0.0
2024-10-23 09:00:00+09:00,2535.0,2550.0,2528.0,2548.0,33500,0.0,0.0
2024-10-23 09:05:00+09:00,2547.5,2553.0,2547.5,2549.0,3100,0.0,0.0
2024-10-23 09:10:00+09:00,2548.5,2549.5,2546.5,2547.5,2200,0.0,0.0
2024-10-23 09:15:00+09:00,2545.5,2545.5,2536.0,2536.0,3000,0.0,0.0
2024-10-23 09:20:00+09:00,2537.0,2543.5,2537.0,2543.5,1700,0.0,0.0
2024-10-23 09:25:00+09:00,2543.5,2549.0,2543.5,2547.0,1600,0.0,0.0
2024-10-23 09:30:00+09:00,2545.5,2545.5,2541.5,2542.0,1300,0.0,0.0
2024-10-23 09:35:00+09:00,2543.0,2543.5,2540.0,2540.0,1200,0.0,0.0
2024-10-23 09:40:00+09:00,2540.5,2542.0,2539.0,2539.5,2000,0.0,0.0
2024-10-23 09:45:00+09:00,2539.5,2540.0,2538.0,2540.0,1600,0.0,0.0
2024-10-23 09:50:00+09:00,2542.0,2542.0,2540.5,2541.0,1100,0.0,0.0
2024-10-23 09:55:00+09:00,2540.0,2542.5,2539.5,2542.5,0,0.0,0.0
2024-10-23 10:00:00+09:00,2542.0,2546.0,2541.0,2546.0,54900,0.0,0.0
2024-10-23 10:05:00+09:00,2546.0,2547.5,2543.5,2544.0,5000,0.0,0.0
2024-10-23 10:10:00+09:00,2544.0,2550.0,2544.0,2550.0,3300,0.0,0.0
2024-10-23 10:15:00+09:00,2549.0,2550.0,2548.5,2550.0,700,0.0,0.0
2024-10-23 10:20:00+09:00,2549.0,2549.5,2548.5,2549.5,800,0.0,0.0
2024-10-23 10:25:00+09:00,2549.5,2550.5,2548.5,2550.5,700,0.0,0.0
2024-10-23 10:30:00+09:00,2550.5,2554.0,2550.0,2554.0,1500,0.0,0.0
2024-10-23 10:35:00+09:00,2553.0,2555.0,2552.5,2554.0,2800,0.0,0.0
2024-10-23 10:40:00+09:00,2553.5,2555.5,2553.5,2555.5,700,0.0,0.0
2024-10-23 10:45:00+09:00,2555.5,2556.0,2553.5,2555.5,2700,0.0,0.0
2024-10-23 10:50:00+09:00,2554.5,2554.5,2552.5,2553.0,1400,0.0,0.0
2024-10-23 10:55:00+09:00,2554.5,2555.0,2552.0,2552.0,1600,0.0,0.0
2024-10-23 11:00:00+09:00,2552.0,2554.5,2551.5,2553.5,1300,0.0,0.0
2024-10-23 11:05:00+09:00,2553.0,2553.0,2551.0,2552.5,1200,0.0,0.0
2024-10-23 11:10:00+09:00,2554.0,2556.0,2553.5,2555.0,3000,0.0,0.0
2024-10-23 11:15:00+09:00,2554.0,2555.0,2553.5,2553.5,2000,0.0,0.0
2024-10-23 11:20:00+09:00,2553.0,2553.0,2542.5,2542.5,3500,0.0,0.0
2024-10-23 11:25:00+09:00,2542.5,2544.5,2541.5,2544.0,3600,0.0,0.0
2024-10-23 11:35:00+09:00,2544.0,2544.0,2544.0,2544.0,0,0.0,0.0
2024-10-23 12:30:00+09:00,2540.5,2540.5,2531.5,2534.5,120100,0.0,0.0
2024-10-23 12:35:00+09:00,2535.0,2537.0,2535.0,2536.5,1400,0.0,0.0
2024-10-23 12:40:00+09:00,2536.0,2536.0,2532.5,2533.5,1800,0.0,0.0
2024-10-23 12:45:00+09:00,2534.5,2535.5,2534.5,2535.5,1300,0.0,0.0
2024-10-23 12:50:00+09:00,2533.0,2534.0,2533.0,2534.0,1100,0.0,0.0
2024-10-23 12:55:00+09:00,2532.0,2532.0,2529.5,2530.0,2500,0.0,0.0
2024-10-23 13:00:00+09:00,2529.5,2532.5,2526.0,2532.5,3600,0.0,0.0
2024-10-23 13:05:00+09:00,2532.5,2533.5,2531.5,2532.5,1700,0.0,0.0
2024-10-23 13:10:00+09:00,2532.5,2542.0,2532.5,2541.0,5600,0.0,0.0
2024-10-23 13:15:00+09:00,2542.0,2547.5,2540.0,2547.5,5400,0.0,0.0
2024-10-23 13:20:00+09:00,2546.0,2549.0,2546.0,2547.5,3100,0.0,0.0
2024-10-23 13:25:00+09:00,2549.5,2550.0,2548.0,2548.5,2900,0.0,0.0
2024-10-23 13:30:00+09:00,2549.0,2552.5,2549.0,2550.0,3700,0.0,0.0
2024-10-23 13:35:00+09:00,2550.0,2553.0,2550.0,2552.5,3700,0.0,0.0
2024-10-23 13:40:00+09:00,2553.0,2555.0,2552.5,2553.0,2300,0.0,0.0
2024-10-23 13:45:00+09:00,2555.0,2555.5,2553.5,2555.5,3700,0.0,0.0
2024-10-23 13:50:00+09:00,2555.5,2556.5,2552.5,2552.5,4100,0.0,0.0
2024-10-23 13:55:00+09:00,2553.0,2553.5,2551.5,2551.5,2800,0.0,0.0
2024-10-23 14:00:00+09:00,2551.5,2553.0,2551.0,2552.0,3800,0.0,0.0
2024-10-23 14:05:00+09:00,2552.5,2554.5,2552.0,2554.0,4000,0.0,0.0
2024-10-23 14:10:00+09:00,2553.0,2554.0,2552.5,2554.0,2200,0.0,0.0
2024-10-23 14:15:00+09:00,2554.0,2555.5,2553.5,2553.5,3500,0.0,0.0
2024-10-23 14:20:00+09:00,2553.5,2554.5,2552.5,2552.5,2300,0.0,0.0
2024-10-23 14:25:00+09:00,2552.5,2553.5,2551.5,2553.0,3300,0.0,0.0
2024-10-23 14:30:00+09:00,2553.5,2553.5,2550.0,2550.5,5900,0.0,0.0
2024-10-23 14:35:00+09:00,2550.5,2551.0,2547.0,2548.0,5600,0.0,0.0
2024-10-23 14:40:00+09:00,2548.5,2551.5,2548.5,2549.5,6300,0.0,0.0
2024-10-23 14:45:00+09:00,2548.5,2551.0,2548.5,2548.5,6300,0.0,0.0
2024-10-23 14:50:00+09:00,2548.0,2548.5,2546.0,2547.5,9300,0.0,0.0
2024-10-23 14:55:00+09:00,2548.0,2550.5,2547.5,2550.5,12700,0.0,0.0
2024-10-24 09:00:00+09:00,2525.0,2526.0,2516.5,2520.0,37200,0.0,0.0
2024-10-24 09:05:00+09:00,2518.5,2527.5,2517.0,2517.0,5100,0.0,0.0
2024-10-24 09:10:00+09:00,2517.0,2522.0,2509.5,2522.0,18800,0.0,0.0
2024-10-24 09:15:00+09:00,2523.5,2526.5,2518.0,2518.0,2100,0.0,0.0
2024-10-24 09:20:00+09:00,2516.0,2516.5,2510.5,2510.5,1900,0.0,0.0
2024-10-24 09:25:00+09:00,2512.5,2513.5,2512.5,2513.0,700,0.0,0.0
2024-10-24 09:30:00+09:00,2514.5,2521.5,2514.5,2521.0,2300,0.0,0.0
2024-10-24 09:35:00+09:00,2523.0,2526.5,2523.0,2524.5,2300,0.0,0.0
2024-10-24 09:40:00+09:00,2524.5,2529.5,2524.5,2528.5,900,0.0,0.0
2024-10-24 09:45:00+09:00,2530.0,2533.5,2530.0,2533.5,3200,0.0,0.0
2024-10-24 09:50:00+09:00,2534.0,2535.5,2528.5,2529.0,8100,0.0,0.0
2024-10-24 09:55:00+09:00,2528.5,2530.5,2524.0,2530.0,15500,0.0,0.0
2024-10-24 10:00:00+09:00,2529.5,2529.5,2523.5,2524.5,4900,0.0,0.0
2024-10-24 10:05:00+09:00,2525.0,2525.5,2523.0,2523.0,2000,0.0,0.0
2024-10-24 10:10:00+09:00,2522.0,2530.0,2522.0,2529.0,11500,0.0,0.0
2024-10-24 10:15:00+09:00,2529.0,2532.5,2528.0,2532.5,2600,0.0,0.0
2024-10-24 10:20:00+09:00,2533.5,2533.5,2529.5,2529.5,3600,0.0,0.0
2024-10-24 10:25:00+09:00,2529.0,2532.0,2529.0,2530.0,2800,0.0,0.0
2024-10-24 10:30:00+09:00,2529.5,2532.0,2529.5,2531.5,2600,0.0,0.0
2024-10-24 10:35:00+09:00,2532.5,2533.0,2531.0,2531.0,2500,0.0,0.0
2024-10-24 10:40:00+09:00,2531.5,2534.0,2531.0,2531.0,4200,0.0,0.0
2024-10-24 10:45:00+09:00,2531.0,2533.0,2528.5,2529.5,2600,0.0,0.0
2024-10-24 10:50:00+09:00,2527.5,2529.0,2527.5,2529.0,2300,0.0,0.0
2024-10-24 10:55:00+09:00,2529.0,2531.0,2528.5,2530.0,3300,0.0,0.0
2024-10-24 11:00:00+09:00,2528.5,2528.5,2524.5,2526.0,3300,0.0,0.0
2024-10-24 11:05:00+09:00,2526.0,2526.5,2524.5,2526.0,5000,0.0,0.0
2024-10-24 11:10:00+09:00,2525.0,2527.5,2524.0,2524.0,1900,0.0,0.0
2024-10-24 11:15:00+09:00,2524.0,2525.5,2524.0,2525.5,3100,0.0,0.0
2024-10-24 11:20:00+09:00,2525.0,2529.5,2525.0,2529.5,3200,0.0,0.0
2024-10-24 11:25:00+09:00,2529.0,2530.0,2529.0,2529.0,1500,0.0,0.0
2024-10-24 11:30:00+09:00,2529.0,2529.0,2527.5,2527.5,1900,0.0,0.0
2024-10-24 11:35:00+09:00,2527.5,2527.5,2527.5,2527.5,0,0.0,0.0
2024-10-24 12:30:00+09:00,2531.5,2539.5,2531.0,2534.5,181800,0.0,0.0
2024-10-24 12:35:00+09:00,2534.5,2535.0,2529.5,2532.0,7600,0.0,0.0
2024-10-24 12:40:00+09:00,2532.5,2533.0,2530.5,2531.5,1700,0.0,0.0
2024-10-24 12:45:00+09:00,2531.0,2533.5,2529.5,2529.5,2100,0.0,0.0
2024-10-24 12:50:00+09:00,2530.0,2530.5,2528.0,2528.0,2100,0.0,0.0
2024-10-24 12:55:00+09:00,2529.5,2529.5,2528.0,2528.0,1500,0.0,0.0
2024-10-24 13:00:00+09:00,2528.0,2528.5,2525.5,2527.5,2400,0.0,0.0
2024-10-24 13:05:00+09:00,2529.0,2529.5,2528.5,2529.0,1600,0.0,0.0
2024-10-24 13:10:00+09:00,2530.0,2530.0,2528.0,2528.0,1800,0.0,0.0
2024-10-24 13:15:00+09:00,2527.5,2527.5,2525.0,2525.0,900,0.0,0.0
2024-10-24 13:20:00+09:00,2525.5,2525.5,2522.0,2525.5,4600,0.0,0.0
2024-10-24 13:25:00+09:00,2526.0,2528.0,2526.0,2528.0,2100,0.0,0.0
2024-10-24 13:30:00+09:00,2527.5,2529.0,2526.0,2526.5,2200,0.0,0.0
2024-10-24 13:35:00+09:00,2526.0,2527.0,2526.0,2526.0,1200,0.0,0.0
2024-10-24 13:40:00+09:00,2525.5,2526.0,2525.0,2525.0,900,0.0,0.0
2024-10-24 13:45:00+09:00,2524.5,2525.5,2524.0,2525.0,1100,0.0,0.0
2024-10-24 13:50:00+09:00,2526.0,2528.5,2526.0,2528.0,3600,0.0,0.0
2024-10-24 13:55:00+09:00,2529.0,2530.0,2528.5,2529.0,1900,0.0,0.0
2024-10-24 14:00:00+09:00,2530.0,2531.5,2530.0,2530.0,4700,0.0,0.0
2024-10-24 14:05:00+09:00,2530.0,2531.5,2529.5,2531.5,1700,0.0,0.0
2024-10-24 14:10:00+09:00,2531.5,2534.0,2531.0,2534.0,8000,0.0,0.0
2024-10-24 14:15:00+09:00,2534.0,2535.0,2533.5,2534.0,6500,0.0,0.0
2024-10-24 14:20:00+09:00,2535.0,2536.0,2532.5,2532.5,5200,0.0,0.0
2024-10-24 14:25:00+09:00,2532.5,2533.0,2531.5,2531.5,3300,0.0,0.0
2024-10-24 14:30:00+09:00,2531.0,2536.0,2530.5,2535.0,8300,0.0,0.0
2024-10-24 14:35:00+09:00,2535.5,2536.5,2532.0,2535.0,5600,0.0,0.0
2024-10-24 14:40:00+09:00,2535.5,2536.0,2534.0,2535.0,4500,0.0,0.0
2024-10-24 14:45:00+09:00,2535.5,2538.5,2535.0,2536.5,5600,0.0,0.0
2024-10-24 14:50:00+09:00,2536.0,2536.5,2535.5,2535.5,5500,0.0,0.0
2024-10-24 14:55:00+09:00,2536.0,2536.0,2528.0,2534.0,13100,0.0,0.0
2024-10-25 09:00:00+09:00,2531.0,2531.0,2522.5,2530.0,12700,0.0,0.0
2024-10-25 09:05:00+09:00,2526.5,2527.5,2522.0,2527.0,2100,0.0,0.0
2024-10-25 09:10:00+09:00,2524.5,2531.5,2524.5,2530.5,1400,0.0,0.0
2024-10-25 09:15:00+09:00,2529.5,2529.5,2525.0,2527.5,1700,0.0,0.0
2024-10-25 09:20:00+09:00,2527.5,2528.5,2523.5,2523.5,2400,0.0,0.0
2024-10-25 09:25:00+09:00,2523.0,2524.5,2516.5,2516.5,2500,0.0,0.0
2024-10-25 09:30:00+09:00,2516.5,2519.0,2515.5,2517.5,2700,0.0,0.0
2024-10-25 09:35:00+09:00,2516.0,2519.5,2515.5,2519.5,2200,0.0,0.0
2024-10-25 09:40:00+09:00,2517.0,2521.0,2517.0,2519.5,1400,0.0,0.0
2024-10-25 09:45:00+09:00,2520.0,2520.0,2517.5,2517.5,900,0.0,0.0
2024-10-25 09:50:00+09:00,2517.0,2518.0,2513.5,2513.5,2900,0.0,0.0
2024-10-25 09:55:00+09:00,2515.0,2515.0,2513.5,2514.0,1600,0.0,0.0
2024-10-25 10:00:00+09:00,2513.5,2513.5,2510.0,2511.5,8800,0.0,0.0
2024-10-25 10:05:00+09:00,2512.5,2515.0,2512.5,2514.0,1600,0.0,0.0
2024-10-25 10:10:00+09:00,2515.0,2515.0,2510.5,2510.5,4100,0.0,0.0
2024-10-25 10:15:00+09:00,2510.0,2514.5,2509.5,2514.5,3800,0.0,0.0
2024-10-25 10:20:00+09:00,2512.5,2513.0,2512.0,2512.0,900,0.0,0.0
2024-10-25 10:25:00+09:00,2513.0,2513.0,2513.0,2513.0,100,0.0,0.0
2024-10-25 10:30:00+09:00,2513.0,2513.0,2510.5,2512.5,2600,0.0,0.0
2024-10-25 10:35:00+09:00,2512.5,2514.5,2511.5,2513.0,1600,0.0,0.0
2024-10-25 10:40:00+09:00,2512.0,2513.5,2510.5,2512.5,1700,0.0,0.0
2024-10-25 10:45:00+09:00,2513.5,2514.0,2511.5,2511.5,1300,0.0,0.0
2024-10-25 10:50:00+09:00,2511.5,2512.0,2511.0,2511.0,900,0.0,0.0
2024-10-25 10:55:00+09:00,2511.5,2512.5,2510.5,2512.5,1400,0.0,0.0
2024-10-25 11:00:00+09:00,2512.0,2514.0,2510.0,2514.0,3200,0.0,0.0
2024-10-25 11:05:00+09:00,2514.0,2514.0,2512.5,2513.0,3000,0.0,0.0
2024-10-25 11:10:00+09:00,2513.5,2514.5,2513.0,2513.0,2500,0.0,0.0
2024-10-25 11:15:00+09:00,2512.5,2516.0,2512.5,2514.5,2100,0.0,0.0
2024-10-25 11:20:00+09:00,2516.0,2518.5,2515.5,2517.5,4700,0.0,0.0
2024-10-25 11:25:00+09:00,2518.5,2521.5,2518.0,2519.0,5700,0.0,0.0
2024-10-25 11:30:00+09:00,2519.0,2519.0,2517.5,2517.5,500,0.0,0.0
2024-10-25 11:35:00+09:00,2517.5,2517.5,2517.5,2517.5,0,0.0,0.0
2024-10-25 12:30:00+09:00,2518.0,2520.0,2512.0,2515.5,94000,0.0,0.0
2024-10-25 12:35:00+09:00,2516.0,2516.0,2511.5,2513.0,2500,0.0,0.0
2024-10-25 12:40:00+09:00,2512.5,2512.5,2511.5,2512.5,0,0.0,0.0
2024-10-25 12:45:00+09:00,2513.0,2513.5,2510.5,2511.5,100000,0.0,0.0
2024-10-25 12:50:00+09:00,2510.5,2511.5,2509.0,2510.0,17300,0.0,0.0
2024-10-25 12:55:00+09:00,2508.5,2508.5,2507.0,2507.0,2800,0.0,0.0
2024-10-25 13:00:00+09:00,2507.0,2508.0,2507.0,2508.0,1800,0.0,0.0
2024-10-25 13:05:00+09:00,2507.0,2507.5,2505.5,2505.5,3000,0.0,0.0
2024-10-25 13:10:00+09:00,2506.5,2508.5,2506.5,2506.5,1900,0.0,0.0
2024-10-25 13:15:00+09:00,2506.0,2508.0,2506.0,2508.0,900,0.0,0.0
2024-10-25 13:20:00+09:00,2508.5,2510.5,2508.0,2508.0,1800,0.0,0.0
2024-10-25 13:25:00+09:00,2510.5,2511.5,2510.5,2510.5,600,0.0,0.0
2024-10-25 13:30:00+09:00,2512.0,2512.0,2508.5,2509.5,1800,0.0,0.0
2024-10-25 13:35:00+09:00,2508.0,2508.0,2504.0,2505.5,5800,0.0,0.0
2024-10-25 13:40:00+09:00,2505.5,2506.5,2505.5,2506.5,400,0.0,0.0
2024-10-25 13:45:00+09:00,2507.0,2509.0,2507.0,2508.0,2700,0.0,0.0
2024-10-25 13:50:00+09:00,2507.0,2508.5,2507.0,2508.5,800,0.0,0.0
2024-10-25 13:55:00+09:00,2508.5,2511.5,2508.5,2510.5,1600,0.0,0.0
2024-10-25 14:00:00+09:00,2511.5,2511.5,2509.0,2509.0,2800,0.0,0.0
2024-10-25 14:05:00+09:00,2508.0,2508.0,2507.0,2507.5,1800,0.0,0.0
2024-10-25 14:10:00+09:00,2508.0,2509.0,2507.5,2507.5,3000,0.0,0.0
2024-10-25 14:15:00+09:00,2507.0,2508.5,2506.0,2508.0,1400,0.0,0.0
2024-10-25 14:20:00+09:00,2508.5,2511.5,2508.5,2511.0,11600,0.0,0.0
2024-10-25 14:25:00+09:00,2510.5,2513.0,2510.5,2512.0,2600,0.0,0.0
2024-10-25 14:30:00+09:00,2512.0,2513.5,2511.5,2511.5,9400,0.0,0.0
2024-10-25 14:35:00+09:00,2511.5,2512.0,2511.5,2511.5,1500,0.0,0.0
2024-10-25 14:40:00+09:00,2511.5,2512.0,2511.0,2511.5,4500,0.0,0.0
2024-10-25 14:45:00+09:00,2511.0,2511.0,2510.0,2510.5,3000,0.0,0.0
2024-10-25 14:50:00+09:00,2511.0,2511.5,2508.5,2509.0,6900,0.0,0.0
2024-10-25 14:55:00+09:00,2509.0,2515.0,2509.0,2509.5,21400,0.0,0.0
