Datetime,Open,High,Low,Close,Volume,Dividends,Stock Splits
2025-04-11 09:30:00-04:00,156.0,156.35989379882812,155.25,155.57000732421875,1616223,0.0,0.0
2025-04-11 09:31:00-04:00,155.59500122070312,156.02000427246094,154.53500366210938,154.53500366210938,187879,0.0,0.0
2025-04-11 09:32:00-04:00,154.5399932861328,154.86000061035156,154.14999389648438,154.47500610351562,196173,0.0,0.0
2025-04-11 09:33:00-04:00,154.47500610351562,154.8300018310547,154.02000427246094,154.82000732421875,138169,0.0,0.0
2025-04-11 09:34:00-04:00,154.8300018310547,155.19000244140625,154.36000061035156,155.07000732421875,117932,0.0,0.0
2025-04-11 09:35:00-04:00,155.0012969970703,156.17999267578125,154.94659423828125,156.14999389648438,120096,0.0,0.0
2025-04-11 09:36:00-04:00,156.14999389648438,156.5800018310547,155.60110473632812,155.88600158691406,118802,0.0,0.0
2025-04-11 09:37:00-04:00,155.88999938964844,155.88999938964844,155.22000122070312,155.22000122070312,154949,0.0,0.0
2025-04-11 09:38:00-04:00,155.22000122070312,155.32000732421875,154.50999450683594,155.05999755859375,105711,0.0,0.0
2025-04-11 09:39:00-04:00,155.10000610351562,156.11000061035156,155.0,155.9199981689453,111476,0.0,0.0
2025-04-11 09:40:00-04:00,155.91000366210938,155.99440002441406,155.1999969482422,155.5500030517578,59568,0.0,0.0
2025-04-11 09:41:00-04:00,155.5500030517578,155.8000030517578,155.1428985595703,155.42999267578125,101289,0.0,0.0
2025-04-11 09:42:00-04:00,155.3300018310547,156.14999389648438,154.99000549316406,156.14999389648438,93326,0.0,0.0
2025-04-11 09:43:00-04:00,156.17999267578125,157.11900329589844,156.10000610351562,156.82000732421875,168472,0.0,0.0
2025-04-11 09:44:00-04:00,156.8000030517578,156.92990112304688,156.38999938964844,156.44500732421875,118723,0.0,0.0
2025-04-11 09:45:00-04:00,156.42999267578125,157.0,156.27999877929688,156.94000244140625,73888,0.0,0.0
2025-04-11 09:46:00-04:00,156.92999267578125,157.8300018310547,156.92999267578125,157.4499969482422,134856,0.0,0.0
2025-04-11 09:47:00-04:00,157.41000366210938,157.77000427246094,157.40499877929688,157.55999755859375,101143,0.0,0.0
2025-04-11 09:48:00-04:00,157.55499267578125,158.00999450683594,157.38499450683594,157.52999877929688,137894,0.0,0.0
2025-04-11 09:49:00-04:00,157.52000427246094,157.77000427246094,157.13999938964844,157.52999877929688,139097,0.0,0.0
2025-04-11 09:50:00-04:00,157.61000061035156,157.6699981689453,156.33999633789062,156.42999267578125,99223,0.0,0.0
2025-04-11 09:51:00-04:00,156.4600067138672,156.89999389648438,156.43519592285156,156.6273956298828,52200,0.0,0.0
2025-04-11 09:52:00-04:00,156.5749969482422,157.1999969482422,156.4600067138672,156.90499877929688,140384,0.0,0.0
2025-04-11 09:53:00-04:00,156.92999267578125,157.71499633789062,156.92999267578125,157.5301055908203,51800,0.0,0.0
2025-04-11 09:54:00-04:00,157.59500122070312,157.9499969482422,157.41000366210938,157.60000610351562,90210,0.0,0.0
2025-04-11 09:55:00-04:00,157.60000610351562,157.63999938964844,157.0500030517578,157.24000549316406,57593,0.0,0.0
2025-04-11 09:56:00-04:00,157.24000549316406,157.6999969482422,157.17999267578125,157.27999877929688,43766,0.0,0.0
2025-04-11 09:57:00-04:00,157.25999450683594,157.32139587402344,156.77999877929688,157.0467987060547,62217,0.0,0.0
2025-04-11 09:58:00-04:00,157.04710388183594,157.16000366210938,156.6199951171875,156.64999389648438,29620,0.0,0.0
2025-04-11 09:59:00-04:00,156.69500732421875,157.0399932861328,156.36000061035156,156.36000061035156,59095,0.0,0.0
2025-04-11 10:00:00-04:00,156.35000610351562,156.8000030517578,155.89999389648438,156.10000610351562,173045,0.0,0.0
2025-04-11 10:01:00-04:00,156.16000366210938,157.0,156.16000366210938,156.38819885253906,1378700,0.0,0.0
2025-04-11 10:02:00-04:00,156.2100067138672,156.2100067138672,155.7949981689453,155.91000366210938,81198,0.0,0.0
2025-04-11 10:03:00-04:00,155.91000366210938,155.91000366210938,155.2801055908203,155.63999938964844,86611,0.0,0.0
2025-04-11 10:04:00-04:00,155.61500549316406,155.9149932861328,155.5,155.85000610351562,64649,0.0,0.0
2025-04-11 10:05:00-04:00,155.875,156.08999633789062,155.5500030517578,155.65499877929688,63038,0.0,0.0
2025-04-11 10:06:00-04:00,155.69000244140625,156.0,155.42999267578125,155.99000549316406,59560,0.0,0.0
2025-04-11 10:07:00-04:00,156.02000427246094,156.80999755859375,156.01499938964844,156.6300048828125,79309,0.0,0.0
2025-04-11 10:08:00-04:00,156.6699981689453,156.8699951171875,156.27999877929688,156.41000366210938,56284,0.0,0.0
2025-04-11 10:09:00-04:00,156.39500427246094,156.6750030517578,156.21499633789062,156.60000610351562,42038,0.0,0.0
2025-04-11 10:10:00-04:00,156.61000061035156,156.91000366210938,156.41600036621094,156.6699981689453,42755,0.0,0.0
2025-04-11 10:11:00-04:00,156.6199951171875,156.66839599609375,156.0010986328125,156.25010681152344,91211,0.0,0.0
2025-04-11 10:12:00-04:00,156.25,156.25,155.8800048828125,155.96499633789062,40332,0.0,0.0
2025-04-11 10:13:00-04:00,155.9550018310547,156.24000549316406,155.7100067138672,156.0449981689453,57799,0.0,0.0
2025-04-11 10:14:00-04:00,156.0449981689453,156.22999572753906,155.80999755859375,156.22999572753906,17831,0.0,0.0
2025-04-11 10:15:00-04:00,156.22000122070312,156.60000610351562,155.9499969482422,156.43499755859375,32542,0.0,0.0
2025-04-11 10:16:00-04:00,156.49000549316406,156.54620361328125,155.89500427246094,155.96499633789062,31933,0.0,0.0
2025-04-11 10:17:00-04:00,155.9875030517578,156.07000732421875,155.5,155.5,45665,0.0,0.0
2025-04-11 10:18:00-04:00,155.5500030517578,155.72000122070312,155.1199951171875,155.1199951171875,77787,0.0,0.0
2025-04-11 10:19:00-04:00,155.16000366210938,155.27000427246094,154.72999572753906,154.75,81610,0.0,0.0
2025-04-11 10:20:00-04:00,154.75,154.88999938964844,154.48500061035156,154.48500061035156,76612,0.0,0.0
2025-04-11 10:21:00-04:00,154.42999267578125,154.44000244140625,153.83999633789062,154.0399932861328,94051,0.0,0.0
2025-04-11 10:22:00-04:00,154.09869384765625,154.13999938964844,153.7050018310547,153.73500061035156,46501,0.0,0.0
2025-04-11 10:23:00-04:00,153.7550048828125,153.84609985351562,153.32000732421875,153.5399932861328,73775,0.0,0.0
2025-04-11 10:24:00-04:00,153.5500030517578,154.1425018310547,153.5500030517578,153.98500061035156,50656,0.0,0.0
2025-04-11 10:25:00-04:00,153.98500061035156,154.1199951171875,153.83999633789062,154.1199951171875,39452,0.0,0.0
2025-04-11 10:26:00-04:00,154.1199951171875,154.1199951171875,153.57000732421875,153.60000610351562,43812,0.0,0.0
2025-04-11 10:27:00-04:00,153.5800018310547,154.0,153.5399932861328,153.75999450683594,126183,0.0,0.0
2025-04-11 10:28:00-04:00,153.76499938964844,153.8800048828125,153.25,153.5399932861328,57715,0.0,0.0
2025-04-11 10:29:00-04:00,153.52499389648438,153.79359436035156,153.41000366210938,153.75,71953,0.0,0.0
2025-04-11 10:30:00-04:00,153.77999877929688,154.58999633789062,153.5,154.52000427246094,96642,0.0,0.0
2025-04-11 10:31:00-04:00,154.52000427246094,154.6658935546875,154.25079345703125,154.6658935546875,70615,0.0,0.0
2025-04-11 10:32:00-04:00,154.66000366210938,155.07000732421875,154.5,154.55999755859375,52566,0.0,0.0
2025-04-11 10:33:00-04:00,154.47999572753906,155.10000610351562,154.47999572753906,155.0500030517578,66780,0.0,0.0
2025-04-11 10:34:00-04:00,155.0500030517578,155.14500427246094,154.7100067138672,154.8699951171875,49432,0.0,0.0
2025-04-11 10:35:00-04:00,154.83999633789062,155.118896484375,154.8300018310547,154.9550018310547,26796,0.0,0.0
2025-04-11 10:36:00-04:00,154.9550018310547,155.17999267578125,154.66000366210938,155.07000732421875,26585,0.0,0.0
2025-04-11 10:37:00-04:00,155.1300048828125,155.25,154.77000427246094,154.85000610351562,29555,0.0,0.0
2025-04-11 10:38:00-04:00,154.8000030517578,155.0399932861328,154.72500610351562,155.0399932861328,38976,0.0,0.0
2025-04-11 10:39:00-04:00,155.0399932861328,155.33999633789062,155.0399932861328,155.1649932861328,39232,0.0,0.0
2025-04-11 10:40:00-04:00,155.24000549316406,155.24000549316406,154.6999969482422,155.02999877929688,21989,0.0,0.0
2025-04-11 10:41:00-04:00,155.1300048828125,155.2899932861328,155.0124969482422,155.22500610351562,27225,0.0,0.0
2025-04-11 10:42:00-04:00,155.22500610351562,155.5,155.14999389648438,155.38499450683594,27522,0.0,0.0
2025-04-11 10:43:00-04:00,155.3300018310547,155.72000122070312,155.30999755859375,155.34500122070312,41272,0.0,0.0
2025-04-11 10:44:00-04:00,155.34500122070312,155.89999389648438,155.34500122070312,155.86500549316406,41873,0.0,0.0
2025-04-11 10:45:00-04:00,155.85000610351562,156.23980712890625,155.8300018310547,155.88499450683594,53861,0.0,0.0
2025-04-11 10:46:00-04:00,155.89999389648438,155.97000122070312,155.58090209960938,155.6199951171875,23771,0.0,0.0
2025-04-11 10:47:00-04:00,155.6898956298828,155.85000610351562,155.5399932861328,155.6999969482422,24615,0.0,0.0
2025-04-11 10:48:00-04:00,155.6999969482422,155.8000030517578,155.46009826660156,155.46009826660156,23615,0.0,0.0
2025-04-11 10:49:00-04:00,155.4700927734375,155.60000610351562,155.35499572753906,155.5,23032,0.0,0.0
2025-04-11 10:50:00-04:00,155.5,155.53880310058594,154.94000244140625,154.94500732421875,27673,0.0,0.0
2025-04-11 10:51:00-04:00,154.97000122070312,155.24000549316406,154.8350067138672,155.24000549316406,20219,0.0,0.0
2025-04-11 10:52:00-04:00,155.19500732421875,155.41000366210938,155.10000610351562,155.15499877929688,28816,0.0,0.0
2025-04-11 10:53:00-04:00,155.15499877929688,155.28799438476562,154.97000122070312,155.0399932861328,17019,0.0,0.0
2025-04-11 10:54:00-04:00,155.0399932861328,155.33590698242188,155.00999450683594,155.3000030517578,23182,0.0,0.0
2025-04-11 10:55:00-04:00,155.22999572753906,155.30999755859375,155.0800018310547,155.26499938964844,21192,0.0,0.0
2025-04-11 10:56:00-04:00,155.2899932861328,155.2899932861328,154.9149932861328,155.24020385742188,20984,0.0,0.0
2025-04-11 10:57:00-04:00,155.2050018310547,155.50999450683594,155.10350036621094,155.22999572753906,14759,0.0,0.0
2025-04-11 10:58:00-04:00,155.3000030517578,155.32000732421875,154.77999877929688,154.83999633789062,12228,0.0,0.0
2025-04-11 10:59:00-04:00,154.79449462890625,154.97000122070312,154.60000610351562,154.74000549316406,19411,0.0,0.0
2025-04-11 11:00:00-04:00,154.6999969482422,156.3699951171875,154.5,155.75,96539,0.0,0.0
2025-04-11 11:01:00-04:00,155.63499450683594,155.77000427246094,155.0399932861328,155.10000610351562,30671,0.0,0.0
2025-04-11 11:02:00-04:00,155.0399932861328,155.2183074951172,155.0,155.1199951171875,16333,0.0,0.0
2025-04-11 11:03:00-04:00,154.9499969482422,155.3011932373047,154.52499389648438,154.6300048828125,22709,0.0,0.0
2025-04-11 11:04:00-04:00,154.6750030517578,155.02000427246094,154.5,155.02000427246094,23208,0.0,0.0
2025-04-11 11:05:00-04:00,154.9499969482422,154.97500610351562,154.6300048828125,154.71499633789062,19328,0.0,0.0
2025-04-11 11:06:00-04:00,154.71499633789062,154.86000061035156,154.4499969482422,154.5,20590,0.0,0.0
2025-04-11 11:07:00-04:00,154.50999450683594,154.70159912109375,154.3800048828125,154.63499450683594,18904,0.0,0.0
2025-04-11 11:08:00-04:00,154.6199951171875,154.89999389648438,154.53500366210938,154.72000122070312,22714,0.0,0.0
2025-04-11 11:09:00-04:00,154.72000122070312,155.018798828125,154.67999267578125,154.77000427246094,43409,0.0,0.0
2025-04-11 11:10:00-04:00,154.74000549316406,154.9604949951172,154.60000610351562,154.67999267578125,30335,0.0,0.0
2025-04-11 11:11:00-04:00,154.697998046875,154.80999755859375,154.52000427246094,154.77000427246094,20428,0.0,0.0
2025-04-11 11:12:00-04:00,154.77999877929688,154.9499969482422,154.5399932861328,154.55999755859375,33844,0.0,0.0
2025-04-11 11:13:00-04:00,154.5800018310547,154.66000366210938,154.35000610351562,154.35000610351562,22632,0.0,0.0
2025-04-11 11:14:00-04:00,154.3800048828125,154.4199981689453,154.2100067138672,154.35000610351562,27438,0.0,0.0
2025-04-11 11:15:00-04:00,154.30999755859375,154.5399932861328,154.19000244140625,154.44000244140625,28134,0.0,0.0
2025-04-11 11:16:00-04:00,154.41000366210938,154.60499572753906,154.39999389648438,154.49000549316406,28487,0.0,0.0
2025-04-11 11:17:00-04:00,154.44000244140625,154.4600067138672,154.1999969482422,154.27999877929688,12526,0.0,0.0
2025-04-11 11:18:00-04:00,154.35000610351562,154.3800048828125,154.1199951171875,154.1999969482422,19802,0.0,0.0
2025-04-11 11:19:00-04:00,154.17999267578125,154.6199951171875,154.17999267578125,154.60000610351562,20725,0.0,0.0
2025-04-11 11:20:00-04:00,154.5861053466797,154.8699951171875,154.5800018310547,154.74000549316406,57380,0.0,0.0
2025-04-11 11:21:00-04:00,154.74000549316406,155.16000366210938,154.6999969482422,154.9949951171875,61514,0.0,0.0
2025-04-11 11:22:00-04:00,155.0500030517578,155.13870239257812,154.92999267578125,154.97500610351562,55175,0.0,0.0
2025-04-11 11:23:00-04:00,154.91000366210938,154.9600067138672,154.52000427246094,154.57000732421875,23691,0.0,0.0
2025-04-11 11:24:00-04:00,154.52499389648438,154.64999389648438,154.4499969482422,154.5399932861328,30213,0.0,0.0
2025-04-11 11:25:00-04:00,154.5399932861328,154.93710327148438,154.52999877929688,154.85000610351562,70728,0.0,0.0
2025-04-11 11:26:00-04:00,154.92999267578125,154.92999267578125,154.47999572753906,154.48500061035156,22935,0.0,0.0
2025-04-11 11:27:00-04:00,154.50999450683594,155.0399932861328,154.3800048828125,154.89999389648438,40162,0.0,0.0
2025-04-11 11:28:00-04:00,154.875,155.30999755859375,154.875,155.21690368652344,23190,0.0,0.0
2025-04-11 11:29:00-04:00,155.22000122070312,155.2991943359375,154.99000549316406,155.1699981689453,19946,0.0,0.0
2025-04-11 11:30:00-04:00,155.11000061035156,155.1999969482422,154.8300018310547,155.1699981689453,25799,0.0,0.0
2025-04-11 11:31:00-04:00,155.22889709472656,155.22889709472656,155.0576934814453,155.13999938964844,22267,0.0,0.0
2025-04-11 11:32:00-04:00,155.0749969482422,155.3000030517578,155.05999755859375,155.2978057861328,12573,0.0,0.0
2025-04-11 11:33:00-04:00,155.2550048828125,155.4199981689453,155.13999938964844,155.14999389648438,94226,0.0,0.0
2025-04-11 11:34:00-04:00,155.19000244140625,155.25999450683594,155.08999633789062,155.22500610351562,19417,0.0,0.0
2025-04-11 11:35:00-04:00,155.25999450683594,155.4387969970703,154.9499969482422,155.0,20534,0.0,0.0
2025-04-11 11:36:00-04:00,154.99000549316406,155.3000030517578,154.99000549316406,155.3000030517578,36014,0.0,0.0
2025-04-11 11:37:00-04:00,155.24000549316406,155.42999267578125,155.24000549316406,155.27999877929688,19722,0.0,0.0
2025-04-11 11:38:00-04:00,155.2100067138672,155.52000427246094,155.18499755859375,155.4250030517578,17538,0.0,0.0
2025-04-11 11:39:00-04:00,155.41000366210938,155.8800048828125,155.38999938964844,155.82000732421875,32446,0.0,0.0
2025-04-11 11:40:00-04:00,155.80499267578125,155.8800048828125,155.26499938964844,155.29910278320312,30293,0.0,0.0
2025-04-11 11:41:00-04:00,155.3000030517578,155.49989318847656,155.02000427246094,155.2100067138672,33247,0.0,0.0
2025-04-11 11:42:00-04:00,155.1699981689453,155.42999267578125,155.1699981689453,155.25,41713,0.0,0.0
2025-04-11 11:43:00-04:00,155.22999572753906,155.30999755859375,155.10279846191406,155.27999877929688,25287,0.0,0.0
2025-04-11 11:44:00-04:00,155.27000427246094,155.42999267578125,155.27000427246094,155.35000610351562,24788,0.0,0.0
2025-04-11 11:45:00-04:00,155.35000610351562,155.52999877929688,155.3000030517578,155.36000061035156,27191,0.0,0.0
2025-04-11 11:46:00-04:00,155.40989685058594,155.52000427246094,155.0800018310547,155.25999450683594,37856,0.0,0.0
2025-04-11 11:47:00-04:00,155.3000030517578,155.5,155.27999877929688,155.5,21105,0.0,0.0
2025-04-11 11:48:00-04:00,155.52000427246094,155.66000366210938,155.50999450683594,155.66000366210938,16411,0.0,0.0
2025-04-11 11:49:00-04:00,155.66000366210938,155.8300018310547,155.64999389648438,155.75999450683594,28505,0.0,0.0
2025-04-11 11:50:00-04:00,155.75999450683594,155.82000732421875,155.4600067138672,155.49000549316406,22268,0.0,0.0
2025-04-11 11:51:00-04:00,155.50999450683594,155.50999450683594,155.2899932861328,155.3300018310547,23908,0.0,0.0
2025-04-11 11:52:00-04:00,155.4199981689453,155.60279846191406,155.22000122070312,155.5,15821,0.0,0.0
2025-04-11 11:53:00-04:00,155.55889892578125,155.7899932861328,155.5,155.64999389648438,0,0.0,0.0
2025-04-11 11:54:00-04:00,155.625,155.6649932861328,155.4300994873047,155.57000732421875,16573,0.0,0.0
2025-04-11 11:55:00-04:00,155.6300048828125,155.69000244140625,155.5500030517578,155.55999755859375,13632,0.0,0.0
2025-04-11 11:56:00-04:00,155.50999450683594,155.69000244140625,155.5,155.67999267578125,21698,0.0,0.0
2025-04-11 11:57:00-04:00,155.69000244140625,155.8800048828125,155.6699981689453,155.77999877929688,19456,0.0,0.0
2025-04-11 11:58:00-04:00,155.77000427246094,155.92999267578125,155.7028045654297,155.89549255371094,16482,0.0,0.0
2025-04-11 11:59:00-04:00,155.83999633789062,155.8800048828125,155.66000366210938,155.81500244140625,21651,0.0,0.0
2025-04-11 12:00:00-04:00,155.85699462890625,155.88059997558594,155.6300048828125,155.8699951171875,23769,0.0,0.0
2025-04-11 12:01:00-04:00,155.90440368652344,155.90440368652344,155.5500030517578,155.5500030517578,11396,0.0,0.0
2025-04-11 12:02:00-04:00,155.58580017089844,155.63999938964844,155.42999267578125,155.60000610351562,17963,0.0,0.0
2025-04-11 12:03:00-04:00,155.60000610351562,155.60000610351562,155.36000061035156,155.39999389648438,12504,0.0,0.0
2025-04-11 12:04:00-04:00,155.4499969482422,155.72000122070312,155.43800354003906,155.68499755859375,19292,0.0,0.0
2025-04-11 12:05:00-04:00,155.68499755859375,156.00999450683594,155.68499755859375,156.0,22011,0.0,0.0
2025-04-11 12:06:00-04:00,155.97999572753906,156.24899291992188,155.8800048828125,156.24899291992188,17289,0.0,0.0
2025-04-11 12:07:00-04:00,156.25,156.33999633789062,155.82000732421875,155.89999389648438,22135,0.0,0.0
2025-04-11 12:08:00-04:00,155.91000366210938,155.99000549316406,155.8300018310547,155.88999938964844,17747,0.0,0.0
2025-04-11 12:09:00-04:00,155.83999633789062,155.83999633789062,155.58999633789062,155.63319396972656,12119,0.0,0.0
2025-04-11 12:10:00-04:00,155.61749267578125,155.9199981689453,155.61500549316406,155.85499572753906,13697,0.0,0.0
2025-04-11 12:11:00-04:00,155.91650390625,156.0,155.6300048828125,155.75,20867,0.0,0.0
2025-04-11 12:12:00-04:00,155.75999450683594,155.91000366210938,155.72000122070312,155.91000366210938,17848,0.0,0.0
2025-04-11 12:13:00-04:00,155.92999267578125,155.9600067138672,155.7834014892578,155.83999633789062,13625,0.0,0.0
2025-04-11 12:14:00-04:00,155.83999633789062,155.90879821777344,155.69000244140625,155.7100067138672,23029,0.0,0.0
2025-04-11 12:15:00-04:00,155.7100067138672,155.8498992919922,155.5850067138672,155.58509826660156,14476,0.0,0.0
2025-04-11 12:16:00-04:00,155.59750366210938,155.8300018310547,155.59750366210938,155.80999755859375,21836,0.0,0.0
2025-04-11 12:17:00-04:00,155.7884063720703,155.7884063720703,155.55999755859375,155.61000061035156,15187,0.0,0.0
2025-04-11 12:18:00-04:00,155.6199951171875,155.83999633789062,155.61500549316406,155.63999938964844,21913,0.0,0.0
2025-04-11 12:19:00-04:00,155.6199951171875,155.75050354003906,155.61000061035156,155.6199951171875,15801,0.0,0.0
2025-04-11 12:20:00-04:00,155.60000610351562,155.77999877929688,155.57000732421875,155.72000122070312,23957,0.0,0.0
2025-04-11 12:21:00-04:00,155.72000122070312,155.72219848632812,155.47000122070312,155.50999450683594,18183,0.0,0.0
2025-04-11 12:22:00-04:00,155.55999755859375,155.71200561523438,155.5500030517578,155.5500030517578,9861,0.0,0.0
2025-04-11 12:23:00-04:00,155.6300048828125,155.75,155.52000427246094,155.63999938964844,16429,0.0,0.0
2025-04-11 12:24:00-04:00,155.69500732421875,155.7489013671875,155.39999389648438,155.44000244140625,17378,0.0,0.0
2025-04-11 12:25:00-04:00,155.44000244140625,155.47999572753906,155.16009521484375,155.22999572753906,22194,0.0,0.0
2025-04-11 12:26:00-04:00,155.27000427246094,155.27000427246094,154.92129516601562,155.08999633789062,20923,0.0,0.0
2025-04-11 12:27:00-04:00,155.04110717773438,155.30999755859375,155.04110717773438,155.30999755859375,16078,0.0,0.0
2025-04-11 12:28:00-04:00,155.36000061035156,155.65989685058594,155.36000061035156,155.60000610351562,16367,0.0,0.0
2025-04-11 12:29:00-04:00,155.61000061035156,155.61000061035156,155.3000030517578,155.3907928466797,24259,0.0,0.0
2025-04-11 12:30:00-04:00,155.41000366210938,155.85499572753906,155.41000366210938,155.85499572753906,16713,0.0,0.0
2025-04-11 12:31:00-04:00,155.85499572753906,156.08999633789062,155.8114013671875,156.02000427246094,20428,0.0,0.0
2025-04-11 12:32:00-04:00,156.05499267578125,156.16000366210938,155.97999572753906,156.10009765625,16602,0.0,0.0
2025-04-11 12:33:00-04:00,156.11000061035156,156.318603515625,155.9600067138672,156.25999450683594,23092,0.0,0.0
2025-04-11 12:34:00-04:00,156.25999450683594,156.35000610351562,156.05999755859375,156.2100067138672,30295,0.0,0.0
2025-04-11 12:35:00-04:00,156.1750030517578,156.38999938964844,156.1699981689453,156.27769470214844,30603,0.0,0.0
2025-04-11 12:36:00-04:00,156.3135986328125,156.5500030517578,156.1999969482422,156.5,36787,0.0,0.0
2025-04-11 12:37:00-04:00,156.49000549316406,156.77999877929688,156.42999267578125,156.72999572753906,32810,0.0,0.0
2025-04-11 12:38:00-04:00,156.72999572753906,156.94000244140625,156.57000732421875,156.91940307617188,65773,0.0,0.0
2025-04-11 12:39:00-04:00,156.92999267578125,156.99000549316406,156.55999755859375,156.66000366210938,31439,0.0,0.0
2025-04-11 12:40:00-04:00,156.63999938964844,156.67840576171875,156.46499633789062,156.5,18133,0.0,0.0
2025-04-11 12:41:00-04:00,156.47999572753906,156.5,156.3000030517578,156.47000122070312,21431,0.0,0.0
2025-04-11 12:42:00-04:00,156.47000122070312,156.64999389648438,156.4600067138672,156.6300048828125,40018,0.0,0.0
2025-04-11 12:43:00-04:00,156.62049865722656,156.79429626464844,156.52000427246094,156.74000549316406,20307,0.0,0.0
2025-04-11 12:44:00-04:00,156.72470092773438,156.83999633789062,156.6999969482422,156.8000030517578,14727,0.0,0.0
2025-04-11 12:45:00-04:00,156.75,156.77000427246094,156.50999450683594,156.57000732421875,22307,0.0,0.0
2025-04-11 12:46:00-04:00,156.5500030517578,156.66000366210938,156.4499969482422,156.50999450683594,22266,0.0,0.0
2025-04-11 12:47:00-04:00,156.5050048828125,156.63900756835938,156.44000244140625,156.57949829101562,28909,0.0,0.0
2025-04-11 12:48:00-04:00,156.4600067138672,156.67999267578125,156.38999938964844,156.5800018310547,29565,0.0,0.0
2025-04-11 12:49:00-04:00,156.6199951171875,156.83999633789062,156.55999755859375,156.7949981689453,18891,0.0,0.0
2025-04-11 12:50:00-04:00,156.7949981689453,157.0,156.69500732421875,156.76499938964844,34745,0.0,0.0
2025-04-11 12:51:00-04:00,156.8300018310547,156.91000366210938,156.55999755859375,156.57000732421875,21456,0.0,0.0
2025-04-11 12:52:00-04:00,156.52000427246094,156.69000244140625,156.41000366210938,156.65499877929688,51866,0.0,0.0
2025-04-11 12:53:00-04:00,156.64500427246094,156.75,156.44000244140625,156.4550018310547,36674,0.0,0.0
2025-04-11 12:54:00-04:00,156.38999938964844,156.51499938964844,156.3300018310547,156.44000244140625,43128,0.0,0.0
2025-04-11 12:55:00-04:00,156.44000244140625,156.46510314941406,156.0800018310547,156.46510314941406,31721,0.0,0.0
2025-04-11 12:56:00-04:00,156.4499969482422,156.5800018310547,156.1300048828125,156.29229736328125,28528,0.0,0.0
2025-04-11 12:57:00-04:00,156.35000610351562,156.50999450683594,156.33999633789062,156.5,9555,0.0,0.0
2025-04-11 12:58:00-04:00,156.55999755859375,156.55999755859375,156.19000244140625,156.23500061035156,7578,0.0,0.0
2025-04-11 12:59:00-04:00,156.17999267578125,156.31930541992188,156.14999389648438,156.27499389648438,18884,0.0,0.0
2025-04-11 13:00:00-04:00,156.3144989013672,156.35000610351562,155.9149932861328,155.9149932861328,54890,0.0,0.0
2025-04-11 13:01:00-04:00,155.90499877929688,156.0,155.6699981689453,155.92999267578125,32856,0.0,0.0
2025-04-11 13:02:00-04:00,155.97410583496094,156.38999938964844,155.9250030517578,156.38650512695312,27293,0.0,0.0
2025-04-11 13:03:00-04:00,156.36000061035156,156.6199951171875,156.3437042236328,156.6199951171875,24948,0.0,0.0
2025-04-11 13:04:00-04:00,156.55999755859375,156.5800018310547,156.34750366210938,156.3972930908203,17255,0.0,0.0
2025-04-11 13:05:00-04:00,156.36199951171875,156.36500549316406,156.1300048828125,156.19000244140625,14479,0.0,0.0
2025-04-11 13:06:00-04:00,156.19000244140625,156.5500030517578,156.19000244140625,156.52000427246094,14135,0.0,0.0
2025-04-11 13:07:00-04:00,156.52000427246094,156.6300048828125,156.41000366210938,156.4600067138672,23864,0.0,0.0
2025-04-11 13:08:00-04:00,156.47500610351562,156.6999969482422,156.27000427246094,156.27000427246094,29799,0.0,0.0
2025-04-11 13:09:00-04:00,156.27000427246094,156.4040069580078,156.02000427246094,156.35000610351562,28136,0.0,0.0
2025-04-11 13:10:00-04:00,156.35000610351562,156.35000610351562,155.89109802246094,156.1623992919922,19038,0.0,0.0
2025-04-11 13:11:00-04:00,156.11000061035156,156.11000061035156,155.86090087890625,156.08999633789062,18165,0.0,0.0
2025-04-11 13:12:00-04:00,156.08999633789062,156.2899932861328,156.08999633789062,156.1699981689453,13892,0.0,0.0
2025-04-11 13:13:00-04:00,156.1300048828125,156.22999572753906,156.0500030517578,156.1300048828125,14996,0.0,0.0
2025-04-11 13:14:00-04:00,156.17999267578125,156.38999938964844,156.14500427246094,156.33999633789062,20111,0.0,0.0
2025-04-11 13:15:00-04:00,156.30999755859375,156.53990173339844,156.30999755859375,156.33999633789062,21390,0.0,0.0
2025-04-11 13:16:00-04:00,156.3300018310547,156.52969360351562,156.3300018310547,156.43499755859375,23843,0.0,0.0
2025-04-11 13:17:00-04:00,156.39999389648438,156.4199981689453,156.02999877929688,156.02999877929688,16681,0.0,0.0
2025-04-11 13:18:00-04:00,156.05499267578125,156.10000610351562,155.8000030517578,155.82000732421875,22177,0.0,0.0
2025-04-11 13:19:00-04:00,155.8000030517578,155.8300018310547,155.58999633789062,155.77000427246094,22667,0.0,0.0
2025-04-11 13:20:00-04:00,155.73500061035156,155.9199981689453,155.60000610351562,155.9199981689453,13597,0.0,0.0
2025-04-11 13:21:00-04:00,155.9199981689453,156.0399932861328,155.7899932861328,156.02999877929688,13247,0.0,0.0
2025-04-11 13:22:00-04:00,156.02999877929688,156.19000244140625,156.02999877929688,156.0800018310547,12276,0.0,0.0
2025-04-11 13:23:00-04:00,156.05999755859375,156.11500549316406,155.5850067138672,155.8000030517578,15223,0.0,0.0
2025-04-11 13:24:00-04:00,155.718994140625,155.8179931640625,155.61000061035156,155.7899932861328,9305,0.0,0.0
2025-04-11 13:25:00-04:00,155.7899932861328,155.7899932861328,155.58999633789062,155.69000244140625,12969,0.0,0.0
2025-04-11 13:26:00-04:00,155.64999389648438,155.82000732421875,155.63999938964844,155.7664031982422,11172,0.0,0.0
2025-04-11 13:27:00-04:00,155.77200317382812,155.86000061035156,155.7100067138672,155.72000122070312,12876,0.0,0.0
2025-04-11 13:28:00-04:00,155.7342071533203,155.75,155.49000549316406,155.6699981689453,22514,0.0,0.0
2025-04-11 13:29:00-04:00,155.6199951171875,155.6300048828125,155.47000122070312,155.55999755859375,13707,0.0,0.0
2025-04-11 13:30:00-04:00,155.58999633789062,155.72000122070312,155.52000427246094,155.61000061035156,14457,0.0,0.0
2025-04-11 13:31:00-04:00,155.67999267578125,155.72000122070312,155.27000427246094,155.27000427246094,29410,0.0,0.0
2025-04-11 13:32:00-04:00,155.25999450683594,155.5500030517578,155.22999572753906,155.52000427246094,20165,0.0,0.0
2025-04-11 13:33:00-04:00,155.5800018310547,155.6300048828125,155.35499572753906,155.4499969482422,14327,0.0,0.0
2025-04-11 13:34:00-04:00,155.4149932861328,155.6999969482422,155.4149932861328,155.6999969482422,9780,0.0,0.0
2025-04-11 13:35:00-04:00,155.69000244140625,155.7924041748047,155.5399932861328,155.5749969482422,15240,0.0,0.0
2025-04-11 13:36:00-04:00,155.5749969482422,155.99000549316406,155.47999572753906,155.99000549316406,10885,0.0,0.0
2025-04-11 13:37:00-04:00,155.99000549316406,156.3000030517578,155.99000549316406,156.1199951171875,18486,0.0,0.0
2025-04-11 13:38:00-04:00,156.27000427246094,156.30999755859375,156.10000610351562,156.30999755859375,7477,0.0,0.0
2025-04-11 13:39:00-04:00,156.3300018310547,156.72889709472656,156.32000732421875,156.64999389648438,20144,0.0,0.0
2025-04-11 13:40:00-04:00,156.64999389648438,156.99000549316406,156.5800018310547,156.8300018310547,46263,0.0,0.0
2025-04-11 13:41:00-04:00,156.7899932861328,156.8249969482422,156.39199829101562,156.64999389648438,28396,0.0,0.0
2025-04-11 13:42:00-04:00,156.64999389648438,156.8155059814453,156.5,156.75570678710938,34813,0.0,0.0
2025-04-11 13:43:00-04:00,156.7100067138672,157.0,156.7100067138672,156.9550018310547,30175,0.0,0.0
2025-04-11 13:44:00-04:00,156.99000549316406,157.13490295410156,156.92999267578125,156.92999267578125,57871,0.0,0.0
2025-04-11 13:45:00-04:00,156.9799041748047,156.97999572753906,156.74009704589844,156.86500549316406,74931,0.0,0.0
2025-04-11 13:46:00-04:00,156.8699951171875,157.0399932861328,156.77000427246094,156.8699951171875,69951,0.0,0.0
2025-04-11 13:47:00-04:00,156.8350067138672,156.8852996826172,156.4149932861328,156.69000244140625,69933,0.0,0.0
2025-04-11 13:48:00-04:00,156.7100067138672,157.1699981689453,156.7100067138672,157.16209411621094,19740,0.0,0.0
2025-04-11 13:49:00-04:00,157.13999938964844,157.3000030517578,157.05999755859375,157.1199951171875,44609,0.0,0.0
2025-04-11 13:50:00-04:00,157.11000061035156,157.24000549316406,156.9499969482422,157.0885009765625,18635,0.0,0.0
2025-04-11 13:51:00-04:00,157.17999267578125,157.24000549316406,157.02000427246094,157.17999267578125,17926,0.0,0.0
2025-04-11 13:52:00-04:00,157.1699981689453,157.35899353027344,157.05999755859375,157.33099365234375,19100,0.0,0.0
2025-04-11 13:53:00-04:00,157.2550048828125,157.50999450683594,157.25,157.4499969482422,27669,0.0,0.0
2025-04-11 13:54:00-04:00,157.42999267578125,157.60000610351562,157.37069702148438,157.42999267578125,34898,0.0,0.0
2025-04-11 13:55:00-04:00,157.4199981689453,157.4600067138672,157.11000061035156,157.4600067138672,42378,0.0,0.0
2025-04-11 13:56:00-04:00,157.52000427246094,157.5998992919922,157.17999267578125,157.22000122070312,24101,0.0,0.0
2025-04-11 13:57:00-04:00,157.1999969482422,157.4199981689453,157.11109924316406,157.38999938964844,23519,0.0,0.0
2025-04-11 13:58:00-04:00,157.4199981689453,157.52000427246094,157.15640258789062,157.15640258789062,25633,0.0,0.0
2025-04-11 13:59:00-04:00,157.1699981689453,157.22830200195312,156.99000549316406,157.1649932861328,21905,0.0,0.0
2025-04-11 14:00:00-04:00,157.1649932861328,157.30690002441406,156.9600067138672,156.97999572753906,23510,0.0,0.0
2025-04-11 14:01:00-04:00,156.97999572753906,157.02499389648438,156.83009338378906,156.88499450683594,15227,0.0,0.0
2025-04-11 14:02:00-04:00,156.94000244140625,157.1199951171875,156.86000061035156,157.02999877929688,42098,0.0,0.0
2025-04-11 14:03:00-04:00,157.05999755859375,157.19000244140625,156.89999389648438,157.17999267578125,18078,0.0,0.0
2025-04-11 14:04:00-04:00,157.1999969482422,157.37950134277344,157.19500732421875,157.31500244140625,15641,0.0,0.0
2025-04-11 14:05:00-04:00,157.2899932861328,157.31500244140625,157.0399932861328,157.11500549316406,20732,0.0,0.0
2025-04-11 14:06:00-04:00,157.17999267578125,157.21670532226562,156.91000366210938,157.00999450683594,20584,0.0,0.0
2025-04-11 14:07:00-04:00,156.99749755859375,157.0749969482422,156.75,156.97999572753906,31776,0.0,0.0
2025-04-11 14:08:00-04:00,156.9199981689453,157.30999755859375,156.9199981689453,157.22000122070312,24337,0.0,0.0
2025-04-11 14:09:00-04:00,157.22999572753906,157.2465057373047,157.02999877929688,157.0500030517578,13990,0.0,0.0
2025-04-11 14:10:00-04:00,157.0500030517578,157.11000061035156,156.77000427246094,156.81089782714844,28979,0.0,0.0
2025-04-11 14:11:00-04:00,156.8800048828125,157.1999969482422,156.8800048828125,157.14630126953125,16379,0.0,0.0
2025-04-11 14:12:00-04:00,157.11500549316406,157.3300018310547,157.10137939453125,157.2899932861328,14392,0.0,0.0
2025-04-11 14:13:00-04:00,157.25999450683594,157.33999633789062,157.11000061035156,157.12759399414062,25296,0.0,0.0
2025-04-11 14:14:00-04:00,157.22000122070312,157.22109985351562,157.0749969482422,157.08399963378906,16659,0.0,0.0
2025-04-11 14:15:00-04:00,157.08999633789062,157.27000427246094,157.07000732421875,157.17999267578125,14684,0.0,0.0
2025-04-11 14:16:00-04:00,157.2100067138672,157.22000122070312,156.951904296875,157.10000610351562,16240,0.0,0.0
2025-04-11 14:17:00-04:00,157.0500030517578,157.08999633789062,156.76499938964844,156.9199981689453,20276,0.0,0.0
2025-04-11 14:18:00-04:00,156.8699951171875,156.8719940185547,156.61000061035156,156.61000061035156,11229,0.0,0.0
2025-04-11 14:19:00-04:00,156.57000732421875,156.61000061035156,156.41000366210938,156.60000610351562,18852,0.0,0.0
2025-04-11 14:20:00-04:00,156.5800018310547,156.75669860839844,156.57000732421875,156.61000061035156,14469,0.0,0.0
2025-04-11 14:21:00-04:00,156.60000610351562,156.60000610351562,156.25,156.3800048828125,20730,0.0,0.0
2025-04-11 14:22:00-04:00,156.41000366210938,156.63999938964844,156.3000030517578,156.58749389648438,23440,0.0,0.0
2025-04-11 14:23:00-04:00,156.5500030517578,156.6199951171875,156.33999633789062,156.38999938964844,24729,0.0,0.0
2025-04-11 14:24:00-04:00,156.4499969482422,156.53750610351562,156.3699951171875,156.47000122070312,11012,0.0,0.0
2025-04-11 14:25:00-04:00,156.5399932861328,156.5399932861328,156.25999450683594,156.32000732421875,18233,0.0,0.0
2025-04-11 14:26:00-04:00,156.34449768066406,156.5189971923828,156.3300018310547,156.47000122070312,12842,0.0,0.0
2025-04-11 14:27:00-04:00,156.47500610351562,156.5,156.15499877929688,156.3000030517578,17616,0.0,0.0
2025-04-11 14:28:00-04:00,156.27940368652344,156.5,156.27940368652344,156.42999267578125,16230,0.0,0.0
2025-04-11 14:29:00-04:00,156.4698944091797,156.75909423828125,156.4550018310547,156.7100067138672,11524,0.0,0.0
2025-04-11 14:30:00-04:00,156.72500610351562,156.86500549316406,156.63499450683594,156.75999450683594,16133,0.0,0.0
2025-04-11 14:31:00-04:00,156.75999450683594,156.75999450683594,156.44129943847656,156.5800018310547,13289,0.0,0.0
2025-04-11 14:32:00-04:00,156.5449981689453,156.65499877929688,156.5,156.65499877929688,14713,0.0,0.0
2025-04-11 14:33:00-04:00,156.65499877929688,156.86000061035156,156.65499877929688,156.86000061035156,37927,0.0,0.0
2025-04-11 14:34:00-04:00,156.89999389648438,156.89999389648438,156.5399932861328,156.63499450683594,25078,0.0,0.0
2025-04-11 14:35:00-04:00,156.6199951171875,156.77000427246094,156.47999572753906,156.77000427246094,21967,0.0,0.0
2025-04-11 14:36:00-04:00,156.77999877929688,157.1699981689453,156.77999877929688,157.1199951171875,12458,0.0,0.0
2025-04-11 14:37:00-04:00,157.07200622558594,157.24000549316406,157.0399932861328,157.0399932861328,15152,0.0,0.0
2025-04-11 14:38:00-04:00,157.02000427246094,157.05999755859375,156.8300018310547,156.83999633789062,10383,0.0,0.0
2025-04-11 14:39:00-04:00,156.88999938964844,157.1300048828125,156.83999633789062,157.03500366210938,11982,0.0,0.0
2025-04-11 14:40:00-04:00,157.02000427246094,157.27999877929688,156.99000549316406,157.24000549316406,13708,0.0,0.0
2025-04-11 14:41:00-04:00,157.23809814453125,157.2899932861328,157.0919952392578,157.10000610351562,24504,0.0,0.0
2025-04-11 14:42:00-04:00,157.1300048828125,157.13999938964844,156.9199981689453,157.07000732421875,17372,0.0,0.0
2025-04-11 14:43:00-04:00,157.08790588378906,157.13999938964844,157.0,157.0399932861328,14555,0.0,0.0
2025-04-11 14:44:00-04:00,157.06500244140625,157.11000061035156,157.0,157.0800018310547,9535,0.0,0.0
2025-04-11 14:45:00-04:00,157.10000610351562,157.2698974609375,157.0399932861328,157.16000366210938,17639,0.0,0.0
2025-04-11 14:46:00-04:00,157.17999267578125,157.25999450683594,157.11000061035156,157.21499633789062,21357,0.0,0.0
2025-04-11 14:47:00-04:00,157.21499633789062,157.25,157.11000061035156,157.19000244140625,15597,0.0,0.0
2025-04-11 14:48:00-04:00,157.21499633789062,157.45779418945312,157.14999389648438,157.3699951171875,13736,0.0,0.0
2025-04-11 14:49:00-04:00,157.39999389648438,157.4499969482422,157.3000030517578,157.39999389648438,14258,0.0,0.0
2025-04-11 14:50:00-04:00,157.44000244140625,157.4600067138672,157.25999450683594,157.30499267578125,16240,0.0,0.0
2025-04-11 14:51:00-04:00,157.27000427246094,157.2899932861328,156.97000122070312,157.02999877929688,19397,0.0,0.0
2025-04-11 14:52:00-04:00,156.97000122070312,156.97999572753906,156.63999938964844,156.96499633789062,20913,0.0,0.0
2025-04-11 14:53:00-04:00,156.9499969482422,157.22999572753906,156.9499969482422,157.19500732421875,22059,0.0,0.0
2025-04-11 14:54:00-04:00,157.19500732421875,157.3699951171875,157.16000366210938,157.16000366210938,12133,0.0,0.0
2025-04-11 14:55:00-04:00,157.19869995117188,157.2100067138672,156.99000549316406,157.00999450683594,16127,0.0,0.0
2025-04-11 14:56:00-04:00,157.05999755859375,157.05999755859375,156.72000122070312,156.75039672851562,13399,0.0,0.0
2025-04-11 14:57:00-04:00,156.76499938964844,156.8677978515625,156.6750030517578,156.80499267578125,53624,0.0,0.0
2025-04-11 14:58:00-04:00,156.7949981689453,156.83999633789062,156.7100067138672,156.7949981689453,16616,0.0,0.0
2025-04-11 14:59:00-04:00,156.78500366210938,156.8000030517578,156.69000244140625,156.72999572753906,20495,0.0,0.0
2025-04-11 15:00:00-04:00,156.75999450683594,157.02499389648438,156.72999572753906,156.9550018310547,15728,0.0,0.0
2025-04-11 15:01:00-04:00,157.0,157.16000366210938,156.8800048828125,157.10000610351562,13504,0.0,0.0
2025-04-11 15:02:00-04:00,157.10000610351562,157.4199981689453,157.05999755859375,157.39999389648438,11684,0.0,0.0
2025-04-11 15:03:00-04:00,157.4499969482422,157.47999572753906,157.30999755859375,157.3950958251953,19063,0.0,0.0
2025-04-11 15:04:00-04:00,157.39210510253906,157.4600067138672,157.33999633789062,157.375,15805,0.0,0.0
2025-04-11 15:05:00-04:00,157.39959716796875,157.41000366210938,157.1199951171875,157.1999969482422,17037,0.0,0.0
2025-04-11 15:06:00-04:00,157.2100067138672,157.52000427246094,157.17999267578125,157.52000427246094,17090,0.0,0.0
2025-04-11 15:07:00-04:00,157.50999450683594,157.72999572753906,157.49009704589844,157.72999572753906,24335,0.0,0.0
2025-04-11 15:08:00-04:00,157.72959899902344,157.75,157.52000427246094,157.60000610351562,32170,0.0,0.0
2025-04-11 15:09:00-04:00,157.54190063476562,157.71400451660156,157.54190063476562,157.67999267578125,17532,0.0,0.0
2025-04-11 15:10:00-04:00,157.6699981689453,157.74000549316406,157.4611053466797,157.72999572753906,27722,0.0,0.0
2025-04-11 15:11:00-04:00,157.72999572753906,157.82000732421875,157.6750030517578,157.69000244140625,24944,0.0,0.0
2025-04-11 15:12:00-04:00,157.67999267578125,157.75999450683594,157.61000061035156,157.6699981689453,15667,0.0,0.0
2025-04-11 15:13:00-04:00,157.66000366210938,157.8699951171875,157.63009643554688,157.81500244140625,14100,0.0,0.0
2025-04-11 15:14:00-04:00,157.84840393066406,157.8800048828125,157.5500030517578,157.78500366210938,37194,0.0,0.0
2025-04-11 15:15:00-04:00,157.82000732421875,157.8300018310547,157.4600067138672,157.47500610351562,24632,0.0,0.0
2025-04-11 15:16:00-04:00,157.44000244140625,157.77000427246094,157.44000244140625,157.77000427246094,42226,0.0,0.0
2025-04-11 15:17:00-04:00,157.77000427246094,157.77000427246094,157.52999877929688,157.52999877929688,20303,0.0,0.0
2025-04-11 15:18:00-04:00,157.57029724121094,157.69000244140625,157.47000122070312,157.61500549316406,36417,0.0,0.0
2025-04-11 15:19:00-04:00,157.65899658203125,157.82000732421875,157.65899658203125,157.7899932861328,29452,0.0,0.0
2025-04-11 15:20:00-04:00,157.7949981689453,157.8300018310547,157.67999267578125,157.80999755859375,16458,0.0,0.0
2025-04-11 15:21:00-04:00,157.83999633789062,157.88999938964844,157.7899932861328,157.82000732421875,30503,0.0,0.0
2025-04-11 15:22:00-04:00,157.77999877929688,157.8300018310547,157.6199951171875,157.7899932861328,31774,0.0,0.0
2025-04-11 15:23:00-04:00,157.80499267578125,157.97999572753906,157.75999450683594,157.97999572753906,38355,0.0,0.0
2025-04-11 15:24:00-04:00,157.97000122070312,157.99000549316406,157.84640502929688,157.8699951171875,66826,0.0,0.0
2025-04-11 15:25:00-04:00,157.8699951171875,157.89979553222656,157.6999969482422,157.76870727539062,19422,0.0,0.0
2025-04-11 15:26:00-04:00,157.73800659179688,157.74000549316406,157.57000732421875,157.74000549316406,19148,0.0,0.0
2025-04-11 15:27:00-04:00,157.74000549316406,157.86000061035156,157.72999572753906,157.82000732421875,21523,0.0,0.0
2025-04-11 15:28:00-04:00,157.8000030517578,157.87950134277344,157.67999267578125,157.67999267578125,24545,0.0,0.0
2025-04-11 15:29:00-04:00,157.67999267578125,157.75,157.58099365234375,157.61500549316406,26201,0.0,0.0
2025-04-11 15:30:00-04:00,157.61500549316406,157.6199951171875,157.3300018310547,157.3800048828125,25800,0.0,0.0
2025-04-11 15:31:00-04:00,157.38999938964844,157.5850067138672,157.32000732421875,157.4199981689453,25888,0.0,0.0
2025-04-11 15:32:00-04:00,157.4499969482422,157.82000732421875,157.32000732421875,157.74000549316406,34495,0.0,0.0
2025-04-11 15:33:00-04:00,157.74000549316406,157.85000610351562,157.69000244140625,157.8159942626953,30419,0.0,0.0
2025-04-11 15:34:00-04:00,157.80999755859375,157.85000610351562,157.625,157.67999267578125,31425,0.0,0.0
2025-04-11 15:35:00-04:00,157.68499755859375,157.72999572753906,157.44000244140625,157.64999389648438,90784,0.0,0.0
2025-04-11 15:36:00-04:00,157.64500427246094,157.78990173339844,157.57000732421875,157.7449951171875,33076,0.0,0.0
2025-04-11 15:37:00-04:00,157.77340698242188,157.7790985107422,157.55999755859375,157.61000061035156,83194,0.0,0.0
2025-04-11 15:38:00-04:00,157.63999938964844,157.8000030517578,157.5500030517578,157.5500030517578,82140,0.0,0.0
2025-04-11 15:39:00-04:00,157.6300048828125,157.75,157.58999633789062,157.63499450683594,30372,0.0,0.0
2025-04-11 15:40:00-04:00,157.6199951171875,157.84930419921875,157.5800018310547,157.64999389648438,51394,0.0,0.0
2025-04-11 15:41:00-04:00,157.64999389648438,157.82000732421875,157.58999633789062,157.7899932861328,169911,0.0,0.0
2025-04-11 15:42:00-04:00,157.80999755859375,157.91000366210938,157.67999267578125,157.7324981689453,68848,0.0,0.0
2025-04-11 15:43:00-04:00,157.7100067138672,157.75,157.64999389648438,157.69000244140625,41478,0.0,0.0
2025-04-11 15:44:00-04:00,157.69000244140625,157.7899932861328,157.63999938964844,157.7100067138672,43201,0.0,0.0
2025-04-11 15:45:00-04:00,157.67999267578125,157.69000244140625,157.39999389648438,157.47500610351562,51365,0.0,0.0
2025-04-11 15:46:00-04:00,157.49000549316406,157.60000610351562,157.35000610351562,157.4600067138672,61860,0.0,0.0
2025-04-11 15:47:00-04:00,157.49000549316406,157.5,157.2050018310547,157.4199981689453,45625,0.0,0.0
2025-04-11 15:48:00-04:00,157.4199981689453,157.4199981689453,157.07000732421875,157.09500122070312,46144,0.0,0.0
2025-04-11 15:49:00-04:00,157.09500122070312,157.22000122070312,156.97000122070312,157.11000061035156,69374,0.0,0.0
2025-04-11 15:50:00-04:00,157.1300048828125,157.25,156.92999267578125,156.99000549316406,58574,0.0,0.0
2025-04-11 15:51:00-04:00,156.99000549316406,157.14999389648438,156.94140625,157.0749969482422,67886,0.0,0.0
2025-04-11 15:52:00-04:00,157.0749969482422,157.10000610351562,156.92999267578125,156.97500610351562,88284,0.0,0.0
2025-04-11 15:53:00-04:00,156.97500610351562,157.2100067138672,156.94000244140625,157.17999267578125,96210,0.0,0.0
2025-04-11 15:54:00-04:00,157.13999938964844,157.42999267578125,157.11500549316406,157.22000122070312,105480,0.0,0.0
2025-04-11 15:55:00-04:00,157.25,157.39999389648438,156.89999389648438,157.0,234315,0.0,0.0
2025-04-11 15:56:00-04:00,157.02000427246094,157.1300048828125,156.9199981689453,157.1300048828125,115101,0.0,0.0
2025-04-11 15:57:00-04:00,157.13999938964844,157.13999938964844,156.86000061035156,156.8988037109375,117925,0.0,0.0
2025-04-11 15:58:00-04:00,156.88999938964844,156.91000366210938,156.80999755859375,156.8350067138672,149183,0.0,0.0
2025-04-11 15:59:00-04:00,156.8350067138672,157.1300048828125,156.75,157.1199951171875,286429,0.0,0.0
2025-04-14 09:30:00-04:00,158.3000030517578,158.58999633789062,157.8000030517578,158.22000122070312,2208117,0.0,0.0
2025-04-14 09:31:00-04:00,158.25,158.3300018310547,157.17999267578125,157.17999267578125,213516,0.0,0.0
2025-04-14 09:32:00-04:00,157.17999267578125,157.57989501953125,156.9517059326172,157.02000427246094,274990,0.0,0.0
2025-04-14 09:33:00-04:00,156.97000122070312,157.30999755859375,156.5500030517578,156.6999969482422,165982,0.0,0.0
2025-04-14 09:34:00-04:00,156.7899932861328,156.83999633789062,156.3000030517578,156.44000244140625,136796,0.0,0.0
2025-04-14 09:35:00-04:00,156.4499969482422,157.01499938964844,156.19000244140625,156.42999267578125,156563,0.0,0.0
2025-04-14 09:36:00-04:00,156.35000610351562,156.42999267578125,155.80999755859375,155.94000244140625,123568,0.0,0.0
2025-04-14 09:37:00-04:00,155.92999267578125,156.0500030517578,155.75999450683594,155.92999267578125,79674,0.0,0.0
2025-04-14 09:38:00-04:00,155.94000244140625,156.3000030517578,155.85499572753906,156.13999938964844,91096,0.0,0.0
2025-04-14 09:39:00-04:00,156.16000366210938,156.77000427246094,156.0800018310547,156.27999877929688,107209,0.0,0.0
2025-04-14 09:40:00-04:00,156.27000427246094,156.52000427246094,156.0500030517578,156.27000427246094,94491,0.0,0.0
2025-04-14 09:41:00-04:00,156.3083038330078,156.38499450683594,155.83999633789062,155.8804931640625,82158,0.0,0.0
2025-04-14 09:42:00-04:00,155.89500427246094,155.9199981689453,155.6195068359375,155.91000366210938,101505,0.0,0.0
2025-04-14 09:43:00-04:00,155.956298828125,156.1300048828125,155.6300048828125,155.75,78403,0.0,0.0
2025-04-14 09:44:00-04:00,155.66000366210938,156.16920471191406,155.50999450683594,156.05999755859375,51002,0.0,0.0
2025-04-14 09:45:00-04:00,156.10000610351562,156.4199981689453,156.10000610351562,156.3249969482422,72177,0.0,0.0
2025-04-14 09:46:00-04:00,156.30499267578125,156.32000732421875,155.80999755859375,155.80999755859375,62789,0.0,0.0
2025-04-14 09:47:00-04:00,155.8000030517578,156.0,155.4600067138672,155.9499969482422,72070,0.0,0.0
2025-04-14 09:48:00-04:00,155.9499969482422,156.35000610351562,155.8699951171875,156.25250244140625,49805,0.0,0.0
2025-04-14 09:49:00-04:00,156.32040405273438,156.32040405273438,156.07000732421875,156.1750030517578,54967,0.0,0.0
2025-04-14 09:50:00-04:00,156.1750030517578,156.44020080566406,156.1699981689453,156.3800048828125,55791,0.0,0.0
2025-04-14 09:51:00-04:00,156.38999938964844,156.58279418945312,156.32000732421875,156.32000732421875,81953,0.0,0.0
2025-04-14 09:52:00-04:00,156.3000030517578,156.3699951171875,156.1199951171875,156.27000427246094,43677,0.0,0.0
2025-04-14 09:53:00-04:00,156.24000549316406,156.64999389648438,156.10000610351562,156.5800018310547,38861,0.0,0.0
2025-04-14 09:54:00-04:00,156.52999877929688,156.58999633789062,156.14999389648438,156.44500732421875,36778,0.0,0.0
2025-04-14 09:55:00-04:00,156.44500732421875,156.4499969482422,156.1479949951172,156.33999633789062,31056,0.0,0.0
2025-04-14 09:56:00-04:00,156.30999755859375,156.3800048828125,155.9600067138672,156.0050048828125,78435,0.0,0.0
2025-04-14 09:57:00-04:00,155.97999572753906,156.0800018310547,155.82000732421875,155.88999938964844,46723,0.0,0.0
2025-04-14 09:58:00-04:00,155.89999389648438,156.27999877929688,155.83999633789062,155.97999572753906,41584,0.0,0.0
2025-04-14 09:59:00-04:00,155.9600067138672,156.04400634765625,155.72999572753906,155.89999389648438,33920,0.0,0.0
2025-04-14 10:00:00-04:00,155.9199981689453,156.5,155.9199981689453,156.3300018310547,47866,0.0,0.0
2025-04-14 10:01:00-04:00,156.27000427246094,156.71499633789062,156.1199951171875,156.6649932861328,40070,0.0,0.0
2025-04-14 10:02:00-04:00,156.67999267578125,157.16000366210938,156.6114044189453,157.09820556640625,97394,0.0,0.0
2025-04-14 10:03:00-04:00,157.1199951171875,157.37539672851562,157.0,157.32000732421875,56572,0.0,0.0
2025-04-14 10:04:00-04:00,157.25999450683594,157.30999755859375,157.0500946044922,157.08999633789062,70150,0.0,0.0
2025-04-14 10:05:00-04:00,157.1300048828125,157.53990173339844,157.0850067138672,157.4499969482422,100931,0.0,0.0
2025-04-14 10:06:00-04:00,157.46499633789062,157.4759979248047,157.00999450683594,157.14999389648438,61925,0.0,0.0
2025-04-14 10:07:00-04:00,157.1300048828125,157.3000030517578,157.00999450683594,157.27000427246094,42533,0.0,0.0
2025-04-14 10:08:00-04:00,157.2263946533203,157.3800048828125,157.0749969482422,157.1551055908203,52685,0.0,0.0
2025-04-14 10:09:00-04:00,157.11500549316406,157.1999969482422,156.82000732421875,156.88450622558594,80576,0.0,0.0
2025-04-14 10:10:00-04:00,156.9600067138672,157.02099609375,156.75,157.00999450683594,50957,0.0,0.0
2025-04-14 10:11:00-04:00,156.9600067138672,157.14999389648438,156.88999938964844,156.9499969482422,31300,0.0,0.0
2025-04-14 10:12:00-04:00,156.9550018310547,157.05999755859375,156.77999877929688,156.86500549316406,37528,0.0,0.0
2025-04-14 10:13:00-04:00,156.9600067138672,157.24000549316406,156.82000732421875,157.16990661621094,49903,0.0,0.0
2025-04-14 10:14:00-04:00,157.13999938964844,157.22000122070312,157.02999877929688,157.0500030517578,36682,0.0,0.0
2025-04-14 10:15:00-04:00,157.08999633789062,157.22120666503906,156.6699981689453,156.80999755859375,49269,0.0,0.0
2025-04-14 10:16:00-04:00,156.78599548339844,156.8800048828125,156.6999969482422,156.7899932861328,68871,0.0,0.0
2025-04-14 10:17:00-04:00,156.80999755859375,156.85890197753906,156.42999267578125,156.51499938964844,47724,0.0,0.0
2025-04-14 10:18:00-04:00,156.5,156.75,156.4499969482422,156.6699981689453,39093,0.0,0.0
2025-04-14 10:19:00-04:00,156.6699981689453,156.86000061035156,156.6699981689453,156.77999877929688,45804,0.0,0.0
2025-04-14 10:20:00-04:00,156.72999572753906,157.08999633789062,156.72999572753906,157.0500030517578,80881,0.0,0.0
2025-04-14 10:21:00-04:00,157.08729553222656,157.08999633789062,156.8249969482422,156.98939514160156,44456,0.0,0.0
2025-04-14 10:22:00-04:00,157.0,157.12730407714844,156.860107421875,157.0312042236328,58982,0.0,0.0
2025-04-14 10:23:00-04:00,157.0399932861328,157.22000122070312,156.8300018310547,156.86000061035156,34856,0.0,0.0
2025-04-14 10:24:00-04:00,156.91000366210938,157.14999389648438,156.66009521484375,157.05029296875,46384,0.0,0.0
2025-04-14 10:25:00-04:00,157.08290100097656,157.17999267578125,157.01499938964844,157.08999633789062,52803,0.0,0.0
2025-04-14 10:26:00-04:00,157.14999389648438,157.3000030517578,157.01800537109375,157.1999969482422,57231,0.0,0.0
2025-04-14 10:27:00-04:00,157.20860290527344,157.2550048828125,157.05999755859375,157.2100067138672,63875,0.0,0.0
2025-04-14 10:28:00-04:00,157.2100067138672,157.36000061035156,157.16000366210938,157.2100067138672,44855,0.0,0.0
2025-04-14 10:29:00-04:00,157.26499938964844,157.35000610351562,157.00010681152344,157.22000122070312,43311,0.0,0.0
2025-04-14 10:30:00-04:00,157.25,157.30999755859375,156.94000244140625,157.0399932861328,31320,0.0,0.0
2025-04-14 10:31:00-04:00,157.0800018310547,157.2100067138672,157.02999877929688,157.1699981689453,34186,0.0,0.0
2025-04-14 10:32:00-04:00,157.2050018310547,157.35000610351562,157.0800018310547,157.2899932861328,37484,0.0,0.0
2025-04-14 10:33:00-04:00,157.3300018310547,157.3300018310547,157.14999389648438,157.24000549316406,26771,0.0,0.0
2025-04-14 10:34:00-04:00,157.22000122070312,157.24000549316406,157.0,157.05999755859375,35965,0.0,0.0
2025-04-14 10:35:00-04:00,157.07249450683594,157.23989868164062,157.0,157.23989868164062,29283,0.0,0.0
2025-04-14 10:36:00-04:00,157.19500732421875,157.27999877929688,157.16000366210938,157.21499633789062,46245,0.0,0.0
2025-04-14 10:37:00-04:00,157.25999450683594,157.2779998779297,157.16000366210938,157.22000122070312,45429,0.0,0.0
2025-04-14 10:38:00-04:00,157.27999877929688,157.36990356445312,157.13999938964844,157.22959899902344,37282,0.0,0.0
2025-04-14 10:39:00-04:00,157.18499755859375,157.33999633789062,157.14999389648438,157.3000030517578,39015,0.0,0.0
2025-04-14 10:40:00-04:00,157.3300018310547,157.3800048828125,157.10000610351562,157.22000122070312,58415,0.0,0.0
2025-04-14 10:41:00-04:00,157.22999572753906,157.5,157.22999572753906,157.3350067138672,62784,0.0,0.0
2025-04-14 10:42:00-04:00,157.3699951171875,157.3800048828125,157.00999450683594,157.13499450683594,57776,0.0,0.0
2025-04-14 10:43:00-04:00,157.11000061035156,157.1999969482422,157.02000427246094,157.1999969482422,31730,0.0,0.0
2025-04-14 10:44:00-04:00,157.10000610351562,157.32989501953125,157.02000427246094,157.07000732421875,31075,0.0,0.0
2025-04-14 10:45:00-04:00,157.0749969482422,157.21859741210938,157.02999877929688,157.14999389648438,25329,0.0,0.0
2025-04-14 10:46:00-04:00,157.11000061035156,157.17999267578125,157.0,157.00999450683594,33650,0.0,0.0
2025-04-14 10:47:00-04:00,157.02999877929688,157.3000030517578,156.99789428710938,157.29730224609375,33973,0.0,0.0
2025-04-14 10:48:00-04:00,157.24000549316406,157.3000030517578,157.1999969482422,157.25999450683594,25753,0.0,0.0
2025-04-14 10:49:00-04:00,157.27499389648438,157.44000244140625,157.1999969482422,157.34500122070312,53202,0.0,0.0
2025-04-14 10:50:00-04:00,157.34500122070312,157.5800018310547,157.2899932861328,157.5749969482422,35369,0.0,0.0
2025-04-14 10:51:00-04:00,157.585205078125,157.86000061035156,157.5500030517578,157.75999450683594,44399,0.0,0.0
2025-04-14 10:52:00-04:00,157.7100067138672,157.7899932861328,157.60000610351562,157.73500061035156,32240,0.0,0.0
2025-04-14 10:53:00-04:00,157.72000122070312,157.82850646972656,157.64999389648438,157.64999389648438,26408,0.0,0.0
2025-04-14 10:54:00-04:00,157.67999267578125,157.6999969482422,157.57000732421875,157.585205078125,22081,0.0,0.0
2025-04-14 10:55:00-04:00,157.59500122070312,157.59500122070312,157.3424072265625,157.39999389648438,33880,0.0,0.0
2025-04-14 10:56:00-04:00,157.3975067138672,157.41000366210938,157.08999633789062,157.13999938964844,67982,0.0,0.0
2025-04-14 10:57:00-04:00,157.11000061035156,157.1356964111328,157.0,157.0800018310547,33300,0.0,0.0
2025-04-14 10:58:00-04:00,157.0850067138672,157.2991943359375,156.9801025390625,157.1916046142578,69967,0.0,0.0
2025-04-14 10:59:00-04:00,157.1999969482422,157.26710510253906,157.11500549316406,157.1407012939453,16546,0.0,0.0
2025-04-14 11:00:00-04:00,157.17999267578125,157.4093017578125,156.9499969482422,156.97000122070312,66638,0.0,0.0
2025-04-14 11:01:00-04:00,156.9499969482422,157.05999755859375,156.82000732421875,156.89999389648438,44474,0.0,0.0
2025-04-14 11:02:00-04:00,156.89999389648438,156.93609619140625,156.6199951171875,156.67999267578125,60619,0.0,0.0
2025-04-14 11:03:00-04:00,156.69000244140625,156.89999389648438,156.6221923828125,156.83999633789062,44112,0.0,0.0
2025-04-14 11:04:00-04:00,156.8715057373047,157.0,156.85499572753906,156.8800048828125,23511,0.0,0.0
2025-04-14 11:05:00-04:00,156.92999267578125,157.0,156.83999633789062,156.97000122070312,26865,0.0,0.0
2025-04-14 11:06:00-04:00,156.9600067138672,156.96290588378906,156.7100067138672,156.85499572753906,34900,0.0,0.0
2025-04-14 11:07:00-04:00,156.89999389648438,157.0458984375,156.80999755859375,157.0458984375,22630,0.0,0.0
2025-04-14 11:08:00-04:00,157.0449981689453,157.1300048828125,157.0,157.05999755859375,88366,0.0,0.0
2025-04-14 11:09:00-04:00,157.10000610351562,157.10000610351562,156.97000122070312,156.9822998046875,34056,0.0,0.0
2025-04-14 11:10:00-04:00,156.97999572753906,157.11500549316406,156.97999572753906,157.0850067138672,45382,0.0,0.0
2025-04-14 11:11:00-04:00,157.0500030517578,157.0800018310547,156.85000610351562,156.9550018310547,18272,0.0,0.0
2025-04-14 11:12:00-04:00,156.94000244140625,156.9550018310547,156.74000549316406,156.80999755859375,18573,0.0,0.0
2025-04-14 11:13:00-04:00,156.80999755859375,156.8699951171875,156.6999969482422,156.7449951171875,20033,0.0,0.0
2025-04-14 11:14:00-04:00,156.7449951171875,156.7899932861328,156.6721954345703,156.75999450683594,25331,0.0,0.0
2025-04-14 11:15:00-04:00,156.77000427246094,156.97999572753906,156.67999267578125,156.97999572753906,18273,0.0,0.0
2025-04-14 11:16:00-04:00,156.9499969482422,156.97999572753906,156.67999267578125,156.7899932861328,33423,0.0,0.0
2025-04-14 11:17:00-04:00,156.76499938964844,156.77999877929688,156.67999267578125,156.7100067138672,16521,0.0,0.0
2025-04-14 11:18:00-04:00,156.6999969482422,156.77000427246094,156.67999267578125,156.7073974609375,15663,0.0,0.0
2025-04-14 11:19:00-04:00,156.75,156.89999389648438,156.68499755859375,156.8800048828125,33536,0.0,0.0
2025-04-14 11:20:00-04:00,156.88999938964844,156.94000244140625,156.61000061035156,156.64999389648438,24807,0.0,0.0
2025-04-14 11:21:00-04:00,156.67999267578125,156.83999633789062,156.66000366210938,156.83999633789062,15650,0.0,0.0
2025-04-14 11:22:00-04:00,156.80499267578125,157.0,156.8000030517578,156.875,51708,0.0,0.0
2025-04-14 11:23:00-04:00,156.8885955810547,156.89830017089844,156.6999969482422,156.75,21504,0.0,0.0
2025-04-14 11:24:00-04:00,156.7449951171875,156.80799865722656,156.6699981689453,156.77999877929688,17996,0.0,0.0
2025-04-14 11:25:00-04:00,156.77999877929688,156.8092041015625,156.60000610351562,156.6699981689453,30025,0.0,0.0
2025-04-14 11:26:00-04:00,156.6699981689453,156.75,156.52000427246094,156.57000732421875,35167,0.0,0.0
2025-04-14 11:27:00-04:00,156.52000427246094,156.5500030517578,156.19000244140625,156.25,46948,0.0,0.0
2025-04-14 11:28:00-04:00,156.25,156.41909790039062,156.2100067138672,156.28500366210938,27830,0.0,0.0
2025-04-14 11:29:00-04:00,156.28500366210938,156.3300018310547,156.05999755859375,156.1199951171875,29699,0.0,0.0
2025-04-14 11:30:00-04:00,156.1199951171875,156.22000122070312,155.9199981689453,156.22000122070312,53336,0.0,0.0
2025-04-14 11:31:00-04:00,156.22999572753906,156.39739990234375,156.14999389648438,156.35000610351562,27949,0.0,0.0
2025-04-14 11:32:00-04:00,156.35000610351562,156.4199981689453,156.3000030517578,156.33999633789062,20679,0.0,0.0
2025-04-14 11:33:00-04:00,156.3699951171875,156.3699951171875,156.1999969482422,156.2100067138672,25114,0.0,0.0
2025-04-14 11:34:00-04:00,156.17999267578125,156.27999877929688,156.10000610351562,156.27999877929688,25190,0.0,0.0
2025-04-14 11:35:00-04:00,156.3000030517578,156.38999938964844,156.08999633789062,156.1199951171875,30041,0.0,0.0
2025-04-14 11:36:00-04:00,156.1699981689453,156.17999267578125,156.0,156.10000610351562,34161,0.0,0.0
2025-04-14 11:37:00-04:00,156.0749969482422,156.1300048828125,155.41000366210938,155.4499969482422,114223,0.0,0.0
2025-04-14 11:38:00-04:00,155.4499969482422,155.5,155.13800048828125,155.2100067138672,47381,0.0,0.0
2025-04-14 11:39:00-04:00,155.22999572753906,155.33999633789062,155.14999389648438,155.24000549316406,33545,0.0,0.0
2025-04-14 11:40:00-04:00,155.25999450683594,155.25999450683594,155.07000732421875,155.12420654296875,18118,0.0,0.0
2025-04-14 11:41:00-04:00,155.14999389648438,155.3000030517578,154.94000244140625,155.25,77704,0.0,0.0
2025-04-14 11:42:00-04:00,155.25,155.33999633789062,155.13999938964844,155.1750030517578,17138,0.0,0.0
2025-04-14 11:43:00-04:00,155.15499877929688,155.33999633789062,155.12879943847656,155.33999633789062,25214,0.0,0.0
2025-04-14 11:44:00-04:00,155.35000610351562,155.58889770507812,155.2899932861328,155.52999877929688,28315,0.0,0.0
2025-04-14 11:45:00-04:00,155.52999877929688,155.6367950439453,155.03309631347656,155.03309631347656,27159,0.0,0.0
2025-04-14 11:46:00-04:00,155.02000427246094,155.1199951171875,154.66000366210938,154.71499633789062,31897,0.0,0.0
2025-04-14 11:47:00-04:00,154.7100067138672,154.83999633789062,154.60000610351562,154.8000030517578,27060,0.0,0.0
2025-04-14 11:48:00-04:00,154.7899932861328,154.8300018310547,154.35000610351562,154.39999389648438,66885,0.0,0.0
2025-04-14 11:49:00-04:00,154.40499877929688,154.49119567871094,154.27999877929688,154.41000366210938,44774,0.0,0.0
2025-04-14 11:50:00-04:00,154.40499877929688,154.5,154.3300018310547,154.36000061035156,30925,0.0,0.0
2025-04-14 11:51:00-04:00,154.375,154.40269470214844,154.02999877929688,154.2899932861328,49977,0.0,0.0
2025-04-14 11:52:00-04:00,154.2899932861328,154.32679748535156,154.13999938964844,154.27000427246094,33871,0.0,0.0
2025-04-14 11:53:00-04:00,154.25999450683594,154.97999572753906,154.25999450683594,154.93499755859375,65997,0.0,0.0
2025-04-14 11:54:00-04:00,154.9600067138672,155.19000244140625,154.86000061035156,155.16000366210938,44653,0.0,0.0
2025-04-14 11:55:00-04:00,155.16000366210938,155.24000549316406,155.0,155.22500610351562,31026,0.0,0.0
2025-04-14 11:56:00-04:00,155.22500610351562,155.41000366210938,155.21499633789062,155.27999877929688,24070,0.0,0.0
2025-04-14 11:57:00-04:00,155.3000030517578,155.3699951171875,155.22000122070312,155.26100158691406,15378,0.0,0.0
2025-04-14 11:58:00-04:00,155.24000549316406,155.27999877929688,155.0,155.02999877929688,53658,0.0,0.0
2025-04-14 11:59:00-04:00,155.07000732421875,155.11709594726562,154.75,154.7899932861328,16454,0.0,0.0
2025-04-14 12:00:00-04:00,154.7899932861328,154.86000061035156,154.6199951171875,154.86000061035156,20846,0.0,0.0
2025-04-14 12:01:00-04:00,154.8800048828125,155.16000366210938,154.8000030517578,155.05999755859375,66816,0.0,0.0
2025-04-14 12:02:00-04:00,155.0937957763672,155.11000061035156,154.97999572753906,155.00999450683594,12866,0.0,0.0
2025-04-14 12:03:00-04:00,155.0500030517578,155.0500030517578,154.75929260253906,154.75929260253906,15190,0.0,0.0
2025-04-14 12:04:00-04:00,154.8300018310547,155.28599548339844,154.8000030517578,155.28599548339844,24017,0.0,0.0
2025-04-14 12:05:00-04:00,155.2899932861328,155.3800048828125,155.13999938964844,155.2449951171875,18145,0.0,0.0
2025-04-14 12:06:00-04:00,155.1999969482422,155.1999969482422,154.9499969482422,154.97000122070312,13764,0.0,0.0
2025-04-14 12:07:00-04:00,155.10000610351562,155.21249389648438,154.97999572753906,155.0,14308,0.0,0.0
2025-04-14 12:08:00-04:00,154.9499969482422,154.9976043701172,154.77999877929688,154.8699951171875,17751,0.0,0.0
2025-04-14 12:09:00-04:00,154.8975067138672,154.8975067138672,154.6300048828125,154.6634979248047,19384,0.0,0.0
2025-04-14 12:10:00-04:00,154.75999450683594,154.89999389648438,154.58999633789062,154.63999938964844,16298,0.0,0.0
2025-04-14 12:11:00-04:00,154.66000366210938,154.66000366210938,154.0800018310547,154.11500549316406,43493,0.0,0.0
2025-04-14 12:12:00-04:00,154.1114959716797,154.42030334472656,154.1114959716797,154.42030334472656,22059,0.0,0.0
2025-04-14 12:13:00-04:00,154.3699951171875,154.63099670410156,154.3000030517578,154.6278076171875,13607,0.0,0.0
2025-04-14 12:14:00-04:00,154.5850067138672,154.85940551757812,154.47999572753906,154.7100067138672,25310,0.0,0.0
2025-04-14 12:15:00-04:00,154.7032928466797,154.9600067138672,154.67999267578125,154.89999389648438,72942,0.0,0.0
2025-04-14 12:16:00-04:00,154.94000244140625,155.0659942626953,154.80340576171875,155.048095703125,68485,0.0,0.0
2025-04-14 12:17:00-04:00,155.04200744628906,155.2100067138672,154.9499969482422,154.97000122070312,52909,0.0,0.0
2025-04-14 12:18:00-04:00,154.9499969482422,155.12989807128906,154.8000030517578,155.0749969482422,35258,0.0,0.0
2025-04-14 12:19:00-04:00,155.1300048828125,155.52000427246094,155.02999877929688,155.38999938964844,52559,0.0,0.0
2025-04-14 12:20:00-04:00,155.41580200195312,155.50999450683594,155.31910705566406,155.39419555664062,19421,0.0,0.0
2025-04-14 12:21:00-04:00,155.4600067138672,155.8000030517578,155.39999389648438,155.7449951171875,18207,0.0,0.0
2025-04-14 12:22:00-04:00,155.76499938964844,155.78109741210938,155.52999877929688,155.58970642089844,24709,0.0,0.0
2025-04-14 12:23:00-04:00,155.58009338378906,155.58009338378906,155.13499450683594,155.14999389648438,21526,0.0,0.0
2025-04-14 12:24:00-04:00,155.1699981689453,155.36000061035156,155.110107421875,155.35000610351562,66628,0.0,0.0
2025-04-14 12:25:00-04:00,155.38999938964844,155.41000366210938,155.1699981689453,155.27000427246094,19982,0.0,0.0
2025-04-14 12:26:00-04:00,155.2949981689453,155.3000030517578,155.08999633789062,155.15499877929688,16594,0.0,0.0
2025-04-14 12:27:00-04:00,155.1649932861328,155.1699981689453,154.87339782714844,154.9199981689453,24126,0.0,0.0
2025-04-14 12:28:00-04:00,154.9199981689453,155.24000549316406,154.88999938964844,155.10000610351562,30181,0.0,0.0
2025-04-14 12:29:00-04:00,155.0800018310547,155.2899932861328,155.0500030517578,155.14999389648438,12311,0.0,0.0
2025-04-14 12:30:00-04:00,155.14999389648438,155.14999389648438,154.97999572753906,155.13999938964844,43464,0.0,0.0
2025-04-14 12:31:00-04:00,155.14500427246094,155.35499572753906,155.14500427246094,155.35000610351562,26441,0.0,0.0
2025-04-14 12:32:00-04:00,155.32000732421875,155.4600067138672,155.25999450683594,155.3699951171875,36068,0.0,0.0
2025-04-14 12:33:00-04:00,155.36500549316406,155.47000122070312,155.2899932861328,155.47000122070312,40218,0.0,0.0
2025-04-14 12:34:00-04:00,155.4550018310547,155.5800018310547,155.44000244140625,155.5500030517578,26326,0.0,0.0
2025-04-14 12:35:00-04:00,155.5500030517578,155.7100067138672,155.52999877929688,155.57000732421875,16581,0.0,0.0
2025-04-14 12:36:00-04:00,155.5500030517578,155.64999389648438,155.5063934326172,155.6199951171875,15177,0.0,0.0
2025-04-14 12:37:00-04:00,155.64999389648438,155.6699981689453,155.52000427246094,155.64759826660156,11866,0.0,0.0
2025-04-14 12:38:00-04:00,155.63499450683594,155.75,155.60000610351562,155.67799377441406,16083,0.0,0.0
2025-04-14 12:39:00-04:00,155.64999389648438,155.67999267578125,155.42999267578125,155.49000549316406,12033,0.0,0.0
2025-04-14 12:40:00-04:00,155.49000549316406,155.63999938964844,155.47000122070312,155.6199951171875,15350,0.0,0.0
2025-04-14 12:41:00-04:00,155.64999389648438,155.74000549316406,155.60000610351562,155.72000122070312,13612,0.0,0.0
2025-04-14 12:42:00-04:00,155.6699981689453,155.69500732421875,155.42010498046875,155.42010498046875,18765,0.0,0.0
2025-04-14 12:43:00-04:00,155.52999877929688,155.63999938964844,155.36000061035156,155.63999938964844,15083,0.0,0.0
2025-04-14 12:44:00-04:00,155.52000427246094,155.67999267578125,155.49000549316406,155.66000366210938,10799,0.0,0.0
2025-04-14 12:45:00-04:00,155.61000061035156,155.64999389648438,155.53500366210938,155.64739990234375,7699,0.0,0.0
2025-04-14 12:46:00-04:00,155.6300048828125,155.64999389648438,155.49000549316406,155.6300048828125,12317,0.0,0.0
2025-04-14 12:47:00-04:00,155.6300048828125,155.7198944091797,155.55999755859375,155.6750030517578,11008,0.0,0.0
2025-04-14 12:48:00-04:00,155.6750030517578,155.75,155.49000549316406,155.58999633789062,25426,0.0,0.0
2025-04-14 12:49:00-04:00,155.58999633789062,155.6699981689453,155.41000366210938,155.46499633789062,10655,0.0,0.0
2025-04-14 12:50:00-04:00,155.47000122070312,155.47000122070312,155.22000122070312,155.27999877929688,30466,0.0,0.0
2025-04-14 12:51:00-04:00,155.25999450683594,155.25999450683594,155.02000427246094,155.08999633789062,19284,0.0,0.0
2025-04-14 12:52:00-04:00,155.10000610351562,155.13999938964844,155.05799865722656,155.08999633789062,4387,0.0,0.0
2025-04-14 12:53:00-04:00,155.11500549316406,155.3000030517578,155.02000427246094,155.22000122070312,16046,0.0,0.0
2025-04-14 12:54:00-04:00,155.28439331054688,155.42999267578125,155.1909942626953,155.42999267578125,9499,0.0,0.0
2025-04-14 12:55:00-04:00,155.42999267578125,155.50999450683594,155.3800048828125,155.4344940185547,11683,0.0,0.0
2025-04-14 12:56:00-04:00,155.38499450683594,155.4199981689453,155.0,155.05999755859375,28349,0.0,0.0
2025-04-14 12:57:00-04:00,155.05999755859375,155.05999755859375,154.91749572753906,154.9550018310547,46744,0.0,0.0
2025-04-14 12:58:00-04:00,154.9550018310547,155.00999450683594,154.8699951171875,154.9199981689453,14623,0.0,0.0
2025-04-14 12:59:00-04:00,154.94569396972656,155.02000427246094,154.85000610351562,154.9600067138672,9417,0.0,0.0
2025-04-14 13:00:00-04:00,154.9499969482422,156.08999633789062,154.8300018310547,155.5800018310547,168343,0.0,0.0
2025-04-14 13:01:00-04:00,155.64999389648438,155.67999267578125,155.24000549316406,155.65499877929688,31473,0.0,0.0
2025-04-14 13:02:00-04:00,155.65499877929688,155.75999450683594,155.41000366210938,155.5500030517578,22503,0.0,0.0
2025-04-14 13:03:00-04:00,155.52999877929688,155.52999877929688,155.2100067138672,155.2899932861328,23328,0.0,0.0
2025-04-14 13:04:00-04:00,155.32000732421875,155.58999633789062,155.2899932861328,155.47000122070312,15373,0.0,0.0
2025-04-14 13:05:00-04:00,155.5,155.6199951171875,155.33999633789062,155.4114990234375,14883,0.0,0.0
2025-04-14 13:06:00-04:00,155.39500427246094,155.5,155.27999877929688,155.43499755859375,8688,0.0,0.0
2025-04-14 13:07:00-04:00,155.4499969482422,155.4499969482422,155.30999755859375,155.30999755859375,18948,0.0,0.0
2025-04-14 13:08:00-04:00,155.3000030517578,155.4199981689453,155.1999969482422,155.25,34170,0.0,0.0
2025-04-14 13:09:00-04:00,155.3000030517578,155.3300018310547,155.1999969482422,155.32000732421875,10780,0.0,0.0
2025-04-14 13:10:00-04:00,155.26499938964844,155.39999389648438,155.19500732421875,155.27999877929688,26981,0.0,0.0
2025-04-14 13:11:00-04:00,155.25,155.47000122070312,155.25,155.3800048828125,10723,0.0,0.0
2025-04-14 13:12:00-04:00,155.39500427246094,155.5500030517578,155.32000732421875,155.5500030517578,37928,0.0,0.0
2025-04-14 13:13:00-04:00,155.5399932861328,155.5500030517578,155.36000061035156,155.5050048828125,11403,0.0,0.0
2025-04-14 13:14:00-04:00,155.5050048828125,155.5050048828125,155.27000427246094,155.38999938964844,13415,0.0,0.0
2025-04-14 13:15:00-04:00,155.47000122070312,155.47000122070312,155.30999755859375,155.33999633789062,6019,0.0,0.0
2025-04-14 13:16:00-04:00,155.30999755859375,155.3800048828125,155.24000549316406,155.3350067138672,14024,0.0,0.0
2025-04-14 13:17:00-04:00,155.3350067138672,155.5,155.33090209960938,155.42999267578125,15157,0.0,0.0
2025-04-14 13:18:00-04:00,155.4853057861328,155.71499633789062,155.46249389648438,155.71499633789062,46281,0.0,0.0
2025-04-14 13:19:00-04:00,155.69790649414062,155.75379943847656,155.60000610351562,155.6699981689453,21996,0.0,0.0
2025-04-14 13:20:00-04:00,155.6699981689453,155.70730590820312,155.49000549316406,155.64129638671875,10738,0.0,0.0
2025-04-14 13:21:00-04:00,155.6699981689453,155.67999267578125,155.57000732421875,155.67990112304688,15799,0.0,0.0
2025-04-14 13:22:00-04:00,155.6699981689453,155.75,155.60000610351562,155.73989868164062,16362,0.0,0.0
2025-04-14 13:23:00-04:00,155.65550231933594,155.83999633789062,155.65550231933594,155.72999572753906,23901,0.0,0.0
2025-04-14 13:24:00-04:00,155.72999572753906,155.90499877929688,155.72000122070312,155.8800048828125,43677,0.0,0.0
2025-04-14 13:25:00-04:00,155.89500427246094,155.89999389648438,155.6300048828125,155.7100067138672,38621,0.0,0.0
2025-04-14 13:26:00-04:00,155.67999267578125,155.74000549316406,155.6300048828125,155.69000244140625,14499,0.0,0.0
2025-04-14 13:27:00-04:00,155.69000244140625,155.72999572753906,155.56500244140625,155.66000366210938,21249,0.0,0.0
2025-04-14 13:28:00-04:00,155.64500427246094,155.74000549316406,155.5800018310547,155.6699981689453,16527,0.0,0.0
2025-04-14 13:29:00-04:00,155.6300048828125,155.6300048828125,155.3800048828125,155.5399932861328,20823,0.0,0.0
2025-04-14 13:30:00-04:00,155.52499389648438,155.77000427246094,155.52499389648438,155.74000549316406,19354,0.0,0.0
2025-04-14 13:31:00-04:00,155.72000122070312,155.72000122070312,155.24000549316406,155.27999877929688,22949,0.0,0.0
2025-04-14 13:32:00-04:00,155.3074951171875,155.4199981689453,155.2301025390625,155.3800048828125,67754,0.0,0.0
2025-04-14 13:33:00-04:00,155.3300018310547,155.39500427246094,155.22999572753906,155.22999572753906,24722,0.0,0.0
2025-04-14 13:34:00-04:00,155.26499938964844,155.3199005126953,155.18809509277344,155.18809509277344,9742,0.0,0.0
2025-04-14 13:35:00-04:00,155.3000030517578,155.36599731445312,155.17999267578125,155.36599731445312,19772,0.0,0.0
2025-04-14 13:36:00-04:00,155.30999755859375,155.36610412597656,155.16000366210938,155.22999572753906,37528,0.0,0.0
2025-04-14 13:37:00-04:00,155.22000122070312,155.26329040527344,155.0800018310547,155.22999572753906,22883,0.0,0.0
2025-04-14 13:38:00-04:00,155.22999572753906,155.27999877929688,154.99000549316406,155.02000427246094,23153,0.0,0.0
2025-04-14 13:39:00-04:00,155.02499389648438,155.05999755859375,154.89999389648438,155.0399932861328,15844,0.0,0.0
2025-04-14 13:40:00-04:00,155.0500030517578,155.0500030517578,154.86000061035156,154.91000366210938,14714,0.0,0.0
2025-04-14 13:41:00-04:00,154.91000366210938,154.99899291992188,154.8699951171875,154.99899291992188,9950,0.0,0.0
2025-04-14 13:42:00-04:00,154.99000549316406,155.17999267578125,154.97999572753906,155.1699981689453,13439,0.0,0.0
2025-04-14 13:43:00-04:00,155.14999389648438,155.27000427246094,155.0749969482422,155.08999633789062,9855,0.0,0.0
2025-04-14 13:44:00-04:00,155.0500030517578,155.0749969482422,154.8300018310547,154.8800048828125,19168,0.0,0.0
2025-04-14 13:45:00-04:00,154.83999633789062,155.0399932861328,154.72999572753906,155.02999877929688,25029,0.0,0.0
2025-04-14 13:46:00-04:00,155.07470703125,155.10499572753906,154.8000030517578,154.82000732421875,10913,0.0,0.0
2025-04-14 13:47:00-04:00,154.77000427246094,154.77999877929688,154.63009643554688,154.77000427246094,16204,0.0,0.0
2025-04-14 13:48:00-04:00,154.74000549316406,154.97999572753906,154.74000549316406,154.97999572753906,12940,0.0,0.0
2025-04-14 13:49:00-04:00,154.97999572753906,155.00999450683594,154.92999267578125,154.97500610351562,6734,0.0,0.0
2025-04-14 13:50:00-04:00,154.97500610351562,155.1269989013672,154.88999938964844,154.9550018310547,20588,0.0,0.0
2025-04-14 13:51:00-04:00,154.94000244140625,155.08999633789062,154.89999389648438,155.03500366210938,20457,0.0,0.0
2025-04-14 13:52:00-04:00,155.05999755859375,155.25999450683594,155.05999755859375,155.19500732421875,18258,0.0,0.0
2025-04-14 13:53:00-04:00,155.14999389648438,155.50999450683594,155.14999389648438,155.47999572753906,17515,0.0,0.0
2025-04-14 13:54:00-04:00,155.47999572753906,155.55999755859375,155.3300018310547,155.3300018310547,21322,0.0,0.0
2025-04-14 13:55:00-04:00,155.3300018310547,155.3800048828125,155.25999450683594,155.2949981689453,39917,0.0,0.0
2025-04-14 13:56:00-04:00,155.2949981689453,155.2949981689453,155.05999755859375,155.1199951171875,12226,0.0,0.0
2025-04-14 13:57:00-04:00,155.1199951171875,155.3000030517578,155.09730529785156,155.2899932861328,15017,0.0,0.0
2025-04-14 13:58:00-04:00,155.33999633789062,155.33999633789062,155.14999389648438,155.22189331054688,9711,0.0,0.0
2025-04-14 13:59:00-04:00,155.2209930419922,155.32000732421875,155.1999969482422,155.3000030517578,19213,0.0,0.0
2025-04-14 14:00:00-04:00,155.3000030517578,155.33999633789062,155.2050018310547,155.30499267578125,17390,0.0,0.0
2025-04-14 14:01:00-04:00,155.3000030517578,155.58999633789062,155.22999572753906,155.41000366210938,49915,0.0,0.0
2025-04-14 14:02:00-04:00,155.41079711914062,155.5399932861328,155.35009765625,155.4199981689453,10365,0.0,0.0
2025-04-14 14:03:00-04:00,155.35000610351562,155.55999755859375,155.33999633789062,155.52000427246094,8814,0.0,0.0
2025-04-14 14:04:00-04:00,155.54710388183594,155.58999633789062,155.46499633789062,155.5500030517578,11229,0.0,0.0
2025-04-14 14:05:00-04:00,155.52999877929688,155.5800018310547,155.39999389648438,155.5500030517578,27450,0.0,0.0
2025-04-14 14:06:00-04:00,155.6300048828125,155.88999938964844,155.6199951171875,155.82009887695312,18874,0.0,0.0
2025-04-14 14:07:00-04:00,155.82000732421875,155.85499572753906,155.6699981689453,155.7100067138672,10205,0.0,0.0
2025-04-14 14:08:00-04:00,155.7100067138672,155.77000427246094,155.6300048828125,155.77000427246094,13280,0.0,0.0
2025-04-14 14:09:00-04:00,155.74000549316406,155.88999938964844,155.69009399414062,155.8000030517578,38317,0.0,0.0
2025-04-14 14:10:00-04:00,155.7899932861328,155.84060668945312,155.58999633789062,155.6199951171875,14519,0.0,0.0
2025-04-14 14:11:00-04:00,155.6199951171875,155.66000366210938,155.41000366210938,155.42999267578125,26480,0.0,0.0
2025-04-14 14:12:00-04:00,155.42999267578125,155.4600067138672,155.25,155.2899932861328,38213,0.0,0.0
2025-04-14 14:13:00-04:00,155.2899932861328,155.47000122070312,155.2899932861328,155.4481964111328,20724,0.0,0.0
2025-04-14 14:14:00-04:00,155.3800048828125,155.47000122070312,155.35009765625,155.4600067138672,15797,0.0,0.0
2025-04-14 14:15:00-04:00,155.44000244140625,155.4600067138672,155.1999969482422,155.25999450683594,21425,0.0,0.0
2025-04-14 14:16:00-04:00,155.25999450683594,155.30999755859375,155.18499755859375,155.27000427246094,15119,0.0,0.0
2025-04-14 14:17:00-04:00,155.2899932861328,155.3802947998047,155.26499938964844,155.33999633789062,22965,0.0,0.0
2025-04-14 14:18:00-04:00,155.35400390625,155.3800048828125,155.2899932861328,155.32730102539062,12717,0.0,0.0
2025-04-14 14:19:00-04:00,155.2899932861328,155.4600067138672,155.22000122070312,155.4600067138672,17526,0.0,0.0
2025-04-14 14:20:00-04:00,155.4600067138672,155.61000061035156,155.4250030517578,155.60369873046875,9513,0.0,0.0
2025-04-14 14:21:00-04:00,155.60000610351562,155.6699981689453,155.5500030517578,155.5500030517578,10810,0.0,0.0
2025-04-14 14:22:00-04:00,155.57000732421875,155.6999969482422,155.56442260742188,155.6199951171875,9584,0.0,0.0
2025-04-14 14:23:00-04:00,155.6199951171875,155.6199951171875,155.47999572753906,155.5,10255,0.0,0.0
2025-04-14 14:24:00-04:00,155.57000732421875,155.64999389648438,155.53500366210938,155.61000061035156,13601,0.0,0.0
2025-04-14 14:25:00-04:00,155.6300048828125,155.6508026123047,155.5050048828125,155.52999877929688,14397,0.0,0.0
2025-04-14 14:26:00-04:00,155.47999572753906,155.52999877929688,155.37730407714844,155.52999877929688,9940,0.0,0.0
2025-04-14 14:27:00-04:00,155.5500030517578,155.61000061035156,155.5399932861328,155.60000610351562,13830,0.0,0.0
2025-04-14 14:28:00-04:00,155.59390258789062,155.59390258789062,155.5,155.52499389648438,4466,0.0,0.0
2025-04-14 14:29:00-04:00,155.5399932861328,155.61000061035156,155.5,155.55999755859375,14698,0.0,0.0
2025-04-14 14:30:00-04:00,155.55999755859375,155.6199951171875,155.4499969482422,155.56500244140625,14919,0.0,0.0
2025-04-14 14:31:00-04:00,155.61000061035156,155.83999633789062,155.60000610351562,155.75999450683594,21399,0.0,0.0
2025-04-14 14:32:00-04:00,155.75999450683594,155.80999755859375,155.67019653320312,155.75,16379,0.0,0.0
2025-04-14 14:33:00-04:00,155.75,155.8000030517578,155.58999633789062,155.63999938964844,15823,0.0,0.0
2025-04-14 14:34:00-04:00,155.63999938964844,155.77999877929688,155.58999633789062,155.69500732421875,12346,0.0,0.0
2025-04-14 14:35:00-04:00,155.69500732421875,155.7534942626953,155.6300048828125,155.72500610351562,15212,0.0,0.0
2025-04-14 14:36:00-04:00,155.6999969482422,155.75,155.58999633789062,155.58999633789062,17416,0.0,0.0
2025-04-14 14:37:00-04:00,155.60000610351562,155.74000549316406,155.60000610351562,155.67999267578125,12998,0.0,0.0
2025-04-14 14:38:00-04:00,155.7050018310547,155.74000549316406,155.63999938964844,155.66000366210938,11727,0.0,0.0
2025-04-14 14:39:00-04:00,155.6999969482422,155.7100067138672,155.60000610351562,155.6199951171875,18297,0.0,0.0
2025-04-14 14:40:00-04:00,155.6199951171875,155.8000030517578,155.6199951171875,155.7100067138672,22004,0.0,0.0
2025-04-14 14:41:00-04:00,155.7050018310547,155.77999877929688,155.67999267578125,155.72500610351562,13715,0.0,0.0
2025-04-14 14:42:00-04:00,155.75,155.80999755859375,155.66799926757812,155.77000427246094,28305,0.0,0.0
2025-04-14 14:43:00-04:00,155.77999877929688,155.88999938964844,155.75,155.80999755859375,26887,0.0,0.0
2025-04-14 14:44:00-04:00,155.83819580078125,155.91000366210938,155.8000030517578,155.91000366210938,35686,0.0,0.0
2025-04-14 14:45:00-04:00,155.92999267578125,155.99000549316406,155.80799865722656,155.9199981689453,17284,0.0,0.0
2025-04-14 14:46:00-04:00,155.86500549316406,155.94500732421875,155.7949981689453,155.7949981689453,11417,0.0,0.0
2025-04-14 14:47:00-04:00,155.77999877929688,155.88999938964844,155.75,155.81500244140625,13376,0.0,0.0
2025-04-14 14:48:00-04:00,155.8000030517578,155.8300018310547,155.63699340820312,155.77000427246094,17821,0.0,0.0
2025-04-14 14:49:00-04:00,155.7899932861328,155.9199981689453,155.7899932861328,155.9149932861328,15717,0.0,0.0
2025-04-14 14:50:00-04:00,155.9499969482422,155.9499969482422,155.77000427246094,155.9499969482422,15068,0.0,0.0
2025-04-14 14:51:00-04:00,155.9250030517578,155.97000122070312,155.8699951171875,155.8699951171875,9869,0.0,0.0
2025-04-14 14:52:00-04:00,155.88999938964844,155.94000244140625,155.80999755859375,155.90499877929688,16882,0.0,0.0
2025-04-14 14:53:00-04:00,155.90499877929688,155.90499877929688,155.80999755859375,155.84500122070312,7122,0.0,0.0
2025-04-14 14:54:00-04:00,155.84500122070312,155.8990020751953,155.8000030517578,155.8300018310547,15046,0.0,0.0
2025-04-14 14:55:00-04:00,155.80999755859375,155.89999389648438,155.7200927734375,155.85499572753906,21127,0.0,0.0
2025-04-14 14:56:00-04:00,155.86000061035156,155.89999389648438,155.80499267578125,155.84500122070312,39848,0.0,0.0
2025-04-14 14:57:00-04:00,155.8300018310547,155.8699951171875,155.67999267578125,155.67999267578125,12654,0.0,0.0
2025-04-14 14:58:00-04:00,155.67999267578125,155.77999877929688,155.67999267578125,155.72500610351562,16227,0.0,0.0
2025-04-14 14:59:00-04:00,155.72999572753906,155.77999877929688,155.64999389648438,155.69000244140625,15490,0.0,0.0
2025-04-14 15:00:00-04:00,155.69000244140625,155.8699951171875,155.62069702148438,155.8699951171875,11436,0.0,0.0
2025-04-14 15:01:00-04:00,155.8690948486328,155.89999389648438,155.77999877929688,155.80279541015625,18273,0.0,0.0
2025-04-14 15:02:00-04:00,155.80499267578125,155.89999389648438,155.77999877929688,155.8000030517578,20714,0.0,0.0
2025-04-14 15:03:00-04:00,155.7899932861328,155.9600067138672,155.7899932861328,155.94000244140625,29117,0.0,0.0
2025-04-14 15:04:00-04:00,155.94000244140625,156.0,155.8800048828125,155.9810028076172,8848,0.0,0.0
2025-04-14 15:05:00-04:00,155.9600067138672,156.1497039794922,155.95350646972656,156.13999938964844,29451,0.0,0.0
2025-04-14 15:06:00-04:00,156.13999938964844,156.27000427246094,156.1300048828125,156.1553955078125,18606,0.0,0.0
2025-04-14 15:07:00-04:00,156.17999267578125,156.38999938964844,156.15899658203125,156.36000061035156,15711,0.0,0.0
2025-04-14 15:08:00-04:00,156.38800048828125,156.39999389648438,156.30999755859375,156.3699951171875,19343,0.0,0.0
2025-04-14 15:09:00-04:00,156.33999633789062,156.37559509277344,156.27999877929688,156.3343963623047,12410,0.0,0.0
2025-04-14 15:10:00-04:00,156.32000732421875,156.37989807128906,156.2100067138672,156.2147979736328,15702,0.0,0.0
2025-04-14 15:11:00-04:00,156.2050018310547,156.35000610351562,156.2050018310547,156.32000732421875,27120,0.0,0.0
2025-04-14 15:12:00-04:00,156.32000732421875,156.36000061035156,156.24000549316406,156.35000610351562,16156,0.0,0.0
2025-04-14 15:13:00-04:00,156.3699951171875,156.47999572753906,156.35000610351562,156.39999389648438,20323,0.0,0.0
2025-04-14 15:14:00-04:00,156.4241943359375,156.47830200195312,156.36000061035156,156.4199981689453,13322,0.0,0.0
2025-04-14 15:15:00-04:00,156.39999389648438,156.42300415039062,156.1999969482422,156.26109313964844,36033,0.0,0.0
2025-04-14 15:16:00-04:00,156.22000122070312,156.22000122070312,156.02999877929688,156.0399932861328,22193,0.0,0.0
2025-04-14 15:17:00-04:00,156.02999877929688,156.17999267578125,155.99000549316406,156.08999633789062,20601,0.0,0.0
2025-04-14 15:18:00-04:00,156.0800018310547,156.0800018310547,155.84109497070312,156.02000427246094,20354,0.0,0.0
2025-04-14 15:19:00-04:00,156.02000427246094,156.0968017578125,155.9499969482422,156.00999450683594,13430,0.0,0.0
2025-04-14 15:20:00-04:00,156.00999450683594,156.00999450683594,155.8300018310547,155.90499877929688,18263,0.0,0.0
2025-04-14 15:21:00-04:00,155.90499877929688,156.02000427246094,155.90499877929688,156.0,17001,0.0,0.0
2025-04-14 15:22:00-04:00,156.00999450683594,156.07000732421875,155.88999938964844,155.9199981689453,20545,0.0,0.0
2025-04-14 15:23:00-04:00,155.92999267578125,156.02999877929688,155.89999389648438,155.93499755859375,19124,0.0,0.0
2025-04-14 15:24:00-04:00,155.9600067138672,156.07000732421875,155.9250030517578,155.93499755859375,16205,0.0,0.0
2025-04-14 15:25:00-04:00,155.93499755859375,155.93499755859375,155.78500366210938,155.8262939453125,25782,0.0,0.0
2025-04-14 15:26:00-04:00,155.83990478515625,155.83990478515625,155.6916961669922,155.71499633789062,21898,0.0,0.0
2025-04-14 15:27:00-04:00,155.69000244140625,155.82000732421875,155.64999389648438,155.8000030517578,26890,0.0,0.0
2025-04-14 15:28:00-04:00,155.8300018310547,155.86000061035156,155.69000244140625,155.75999450683594,16085,0.0,0.0
2025-04-14 15:29:00-04:00,155.75999450683594,155.7899932861328,155.6300048828125,155.68499755859375,29282,0.0,0.0
2025-04-14 15:30:00-04:00,155.68499755859375,155.75,155.5500030517578,155.6300048828125,24087,0.0,0.0
2025-04-14 15:31:00-04:00,155.58999633789062,155.67999267578125,155.5399932861328,155.60000610351562,33247,0.0,0.0
2025-04-14 15:32:00-04:00,155.60000610351562,155.60000610351562,155.4199981689453,155.49000549316406,33169,0.0,0.0
2025-04-14 15:33:00-04:00,155.4600067138672,155.60000610351562,155.4600067138672,155.5,26811,0.0,0.0
2025-04-14 15:34:00-04:00,155.50999450683594,155.58999633789062,155.4600067138672,155.58999633789062,21394,0.0,0.0
2025-04-14 15:35:00-04:00,155.55999755859375,155.6511993408203,155.4499969482422,155.58999633789062,53550,0.0,0.0
2025-04-14 15:36:00-04:00,155.61000061035156,155.75999450683594,155.61000061035156,155.73500061035156,16754,0.0,0.0
2025-04-14 15:37:00-04:00,155.7592010498047,155.75999450683594,155.41000366210938,155.52999877929688,29415,0.0,0.0
2025-04-14 15:38:00-04:00,155.50100708007812,155.6199951171875,155.47999572753906,155.5800018310547,43706,0.0,0.0
2025-04-14 15:39:00-04:00,155.6199951171875,155.66000366210938,155.5399932861328,155.61000061035156,24035,0.0,0.0
2025-04-14 15:40:00-04:00,155.60000610351562,155.75999450683594,155.5500030517578,155.75,53358,0.0,0.0
2025-04-14 15:41:00-04:00,155.7100067138672,155.74899291992188,155.64999389648438,155.6699981689453,30198,0.0,0.0
2025-04-14 15:42:00-04:00,155.72000122070312,155.8800048828125,155.67999267578125,155.6999969482422,28626,0.0,0.0
2025-04-14 15:43:00-04:00,155.75,155.75,155.5,155.58999633789062,40909,0.0,0.0
2025-04-14 15:44:00-04:00,155.5500030517578,155.72999572753906,155.53700256347656,155.63499450683594,73474,0.0,0.0
2025-04-14 15:45:00-04:00,155.58999633789062,155.6300048828125,155.4600067138672,155.55999755859375,44671,0.0,0.0
2025-04-14 15:46:00-04:00,155.52000427246094,155.5500030517578,155.39999389648438,155.52000427246094,47499,0.0,0.0
2025-04-14 15:47:00-04:00,155.5,155.58999633789062,155.3800048828125,155.39500427246094,32364,0.0,0.0
2025-04-14 15:48:00-04:00,155.4145050048828,155.44000244140625,155.22999572753906,155.25439453125,37627,0.0,0.0
2025-04-14 15:49:00-04:00,155.25999450683594,155.3300018310547,155.10000610351562,155.3300018310547,41698,0.0,0.0
2025-04-14 15:50:00-04:00,155.25,155.30999755859375,155.00999450683594,155.10000610351562,50722,0.0,0.0
2025-04-14 15:51:00-04:00,155.08999633789062,155.55990600585938,155.02999877929688,155.52999877929688,47667,0.0,0.0
2025-04-14 15:52:00-04:00,155.5399932861328,155.6988067626953,155.3000946044922,155.4261932373047,56763,0.0,0.0
2025-04-14 15:53:00-04:00,155.35000610351562,155.52999877929688,155.32000732421875,155.5,85015,0.0,0.0
2025-04-14 15:54:00-04:00,155.52999877929688,155.74000549316406,155.52000427246094,155.63499450683594,74503,0.0,0.0
2025-04-14 15:55:00-04:00,155.6199951171875,155.63999938964844,155.47000122070312,155.47500610351562,161754,0.0,0.0
2025-04-14 15:56:00-04:00,155.49000549316406,155.67999267578125,155.44000244140625,155.6649932861328,104654,0.0,0.0
2025-04-14 15:57:00-04:00,155.6649932861328,155.66600036621094,155.5399932861328,155.55999755859375,134306,0.0,0.0
2025-04-14 15:58:00-04:00,155.55999755859375,155.72000122070312,155.5500030517578,155.6649932861328,174429,0.0,0.0
2025-04-14 15:59:00-04:00,155.6699981689453,155.91000366210938,155.66009521484375,155.80999755859375,299672,0.0,0.0
2025-04-15 09:30:00-04:00,156.48500061035156,157.1699981689453,156.48500061035156,157.08999633789062,421864,0.0,0.0
2025-04-15 09:31:00-04:00,157.08999633789062,157.25770568847656,156.8300018310547,157.1199951171875,50288,0.0,0.0
2025-04-15 09:32:00-04:00,157.0399932861328,157.55999755859375,156.96499633789062,157.39999389648438,51654,0.0,0.0
2025-04-15 09:33:00-04:00,157.44000244140625,157.9167022705078,157.4149932861328,157.42999267578125,84562,0.0,0.0
2025-04-15 09:34:00-04:00,157.42999267578125,157.48500061035156,157.085693359375,157.11630249023438,63977,0.0,0.0
2025-04-15 09:35:00-04:00,157.14500427246094,157.3000030517578,156.88999938964844,157.02999877929688,50564,0.0,0.0
2025-04-15 09:36:00-04:00,157.0800018310547,157.52000427246094,157.0500030517578,157.2230987548828,51933,0.0,0.0
2025-04-15 09:37:00-04:00,157.13999938964844,157.39999389648438,157.0399932861328,157.2899932861328,47927,0.0,0.0
2025-04-15 09:38:00-04:00,157.3300018310547,157.38040161132812,157.1699981689453,157.22000122070312,36760,0.0,0.0
2025-04-15 09:39:00-04:00,157.2899932861328,157.55990600585938,157.17999267578125,157.44000244140625,64212,0.0,0.0
2025-04-15 09:40:00-04:00,157.42999267578125,157.49989318847656,157.1300048828125,157.16000366210938,45861,0.0,0.0
2025-04-15 09:41:00-04:00,157.17999267578125,157.29400634765625,156.97250366210938,157.05999755859375,39607,0.0,0.0
2025-04-15 09:42:00-04:00,157.07000732421875,157.5,157.039306640625,157.2949981689453,44250,0.0,0.0
2025-04-15 09:43:00-04:00,157.24000549316406,157.36000061035156,157.11000061035156,157.15660095214844,146543,0.0,0.0
2025-04-15 09:44:00-04:00,157.1199951171875,157.19000244140625,157.0,157.0800018310547,40402,0.0,0.0
2025-04-15 09:45:00-04:00,157.0800018310547,157.16000366210938,156.9499969482422,157.0399932861328,57258,0.0,0.0
2025-04-15 09:46:00-04:00,157.02749633789062,157.38900756835938,156.9499969482422,157.33999633789062,68330,0.0,0.0
2025-04-15 09:47:00-04:00,157.31500244140625,157.60000610351562,157.25999450683594,157.60000610351562,27064,0.0,0.0
2025-04-15 09:48:00-04:00,157.6199951171875,157.94000244140625,157.61000061035156,157.72999572753906,92322,0.0,0.0
2025-04-15 09:49:00-04:00,157.72999572753906,157.85000610351562,157.5,157.5,47629,0.0,0.0
2025-04-15 09:50:00-04:00,157.52499389648438,157.58999633789062,157.38999938964844,157.4499969482422,51089,0.0,0.0
2025-04-15 09:51:00-04:00,157.48500061035156,157.7095947265625,157.27000427246094,157.3000030517578,46906,0.0,0.0
2025-04-15 09:52:00-04:00,157.3000030517578,157.6199951171875,157.3000030517578,157.40760803222656,32094,0.0,0.0
2025-04-15 09:53:00-04:00,157.39500427246094,157.61000061035156,157.39500427246094,157.5800018310547,34177,0.0,0.0
2025-04-15 09:54:00-04:00,157.60000610351562,157.77999877929688,157.55999755859375,157.69500732421875,32912,0.0,0.0
2025-04-15 09:55:00-04:00,157.68499755859375,157.8800048828125,157.61000061035156,157.8800048828125,77858,0.0,0.0
2025-04-15 09:56:00-04:00,157.89999389648438,157.89999389648438,157.5399932861328,157.66000366210938,58368,0.0,0.0
2025-04-15 09:57:00-04:00,157.6750030517578,158.0399932861328,157.60000610351562,157.77000427246094,86463,0.0,0.0
2025-04-15 09:58:00-04:00,157.8000030517578,157.85000610351562,157.42999267578125,157.7877960205078,66828,0.0,0.0
2025-04-15 09:59:00-04:00,157.75,157.8800048828125,157.50999450683594,157.51499938964844,36644,0.0,0.0
2025-04-15 10:00:00-04:00,157.5,157.69000244140625,157.41000366210938,157.50999450683594,94935,0.0,0.0
2025-04-15 10:01:00-04:00,157.51499938964844,157.7899932861328,157.49000549316406,157.6999969482422,52328,0.0,0.0
2025-04-15 10:02:00-04:00,157.64999389648438,157.75999450683594,157.5500030517578,157.66000366210938,32611,0.0,0.0
2025-04-15 10:03:00-04:00,157.6300048828125,157.8000030517578,157.6300048828125,157.67999267578125,46858,0.0,0.0
2025-04-15 10:04:00-04:00,157.66000366210938,157.72000122070312,157.6199951171875,157.72000122070312,14758,0.0,0.0
2025-04-15 10:05:00-04:00,157.72000122070312,157.8000030517578,157.55999755859375,157.74749755859375,70797,0.0,0.0
2025-04-15 10:06:00-04:00,157.73500061035156,157.7899932861328,157.61000061035156,157.7899932861328,31105,0.0,0.0
2025-04-15 10:07:00-04:00,157.7550048828125,157.8699951171875,157.6999969482422,157.8300018310547,44882,0.0,0.0
2025-04-15 10:08:00-04:00,157.80999755859375,157.83999633789062,157.7100067138672,157.83999633789062,26372,0.0,0.0
2025-04-15 10:09:00-04:00,157.80450439453125,157.8800048828125,157.6199951171875,157.63999938964844,59623,0.0,0.0
2025-04-15 10:10:00-04:00,157.60000610351562,157.86000061035156,157.55999755859375,157.82000732421875,23278,0.0,0.0
2025-04-15 10:11:00-04:00,157.6999969482422,157.9499969482422,157.6999969482422,157.89500427246094,54251,0.0,0.0
2025-04-15 10:12:00-04:00,157.94000244140625,158.25,157.86000061035156,158.17100524902344,57394,0.0,0.0
2025-04-15 10:13:00-04:00,158.1699981689453,158.22000122070312,157.89999389648438,157.97999572753906,53143,0.0,0.0
2025-04-15 10:14:00-04:00,157.92999267578125,157.94000244140625,157.5,157.60800170898438,72547,0.0,0.0
2025-04-15 10:15:00-04:00,157.61300659179688,157.7899932861328,157.55999755859375,157.6649932861328,48812,0.0,0.0
2025-04-15 10:16:00-04:00,157.6649932861328,157.85000610351562,157.54800415039062,157.72999572753906,50567,0.0,0.0
2025-04-15 10:17:00-04:00,157.72999572753906,157.8000030517578,157.0500030517578,157.3000030517578,84967,0.0,0.0
2025-04-15 10:18:00-04:00,157.32000732421875,157.3800048828125,156.89999389648438,156.90440368652344,49633,0.0,0.0
2025-04-15 10:19:00-04:00,156.8800048828125,156.8800048828125,156.35000610351562,156.43499755859375,112778,0.0,0.0
2025-04-15 10:20:00-04:00,156.44000244140625,156.6999969482422,156.0500030517578,156.66700744628906,68127,0.0,0.0
2025-04-15 10:21:00-04:00,156.6199951171875,156.8800048828125,156.47999572753906,156.8800048828125,32244,0.0,0.0
2025-04-15 10:22:00-04:00,156.9228057861328,157.02000427246094,156.72000122070312,156.80999755859375,35296,0.0,0.0
2025-04-15 10:23:00-04:00,156.8800048828125,156.8800048828125,156.55999755859375,156.75,47376,0.0,0.0
2025-04-15 10:24:00-04:00,156.7100067138672,156.97999572753906,156.6699981689453,156.91920471191406,41728,0.0,0.0
2025-04-15 10:25:00-04:00,156.8699951171875,156.99989318847656,156.61500549316406,156.63999938964844,29821,0.0,0.0
2025-04-15 10:26:00-04:00,156.63999938964844,156.7899932861328,156.60000610351562,156.6199951171875,23396,0.0,0.0
2025-04-15 10:27:00-04:00,156.625,156.81500244140625,156.60169982910156,156.8000030517578,28493,0.0,0.0
2025-04-15 10:28:00-04:00,156.8000030517578,157.00990295410156,156.7899932861328,156.92999267578125,39507,0.0,0.0
2025-04-15 10:29:00-04:00,156.9550018310547,157.03500366210938,156.84500122070312,156.8699951171875,27893,0.0,0.0
2025-04-15 10:30:00-04:00,156.89700317382812,157.25,156.8800048828125,157.24200439453125,32514,0.0,0.0
2025-04-15 10:31:00-04:00,157.22000122070312,157.25,156.97000122070312,157.00999450683594,21126,0.0,0.0
2025-04-15 10:32:00-04:00,157.0500030517578,157.08999633789062,156.86000061035156,157.05999755859375,28403,0.0,0.0
2025-04-15 10:33:00-04:00,157.0399932861328,157.17999267578125,157.0399932861328,157.0800018310547,21288,0.0,0.0
2025-04-15 10:34:00-04:00,157.11000061035156,157.25,157.05999755859375,157.1699981689453,28975,0.0,0.0
2025-04-15 10:35:00-04:00,157.1699981689453,157.27000427246094,157.0399932861328,157.0500030517578,30089,0.0,0.0
2025-04-15 10:36:00-04:00,157.0500030517578,157.3000030517578,157.0500030517578,157.22999572753906,18857,0.0,0.0
2025-04-15 10:37:00-04:00,157.25999450683594,157.2899932861328,157.0,157.08999633789062,16547,0.0,0.0
2025-04-15 10:38:00-04:00,157.0850067138672,157.09779357910156,156.92999267578125,157.0395050048828,21194,0.0,0.0
2025-04-15 10:39:00-04:00,157.0,157.0,156.88999938964844,156.9499969482422,20443,0.0,0.0
2025-04-15 10:40:00-04:00,156.97000122070312,157.0050048828125,156.85000610351562,157.0,27060,0.0,0.0
2025-04-15 10:41:00-04:00,157.0,157.3000030517578,156.8800048828125,157.19000244140625,72379,0.0,0.0
2025-04-15 10:42:00-04:00,157.24000549316406,157.38999938964844,157.17010498046875,157.30999755859375,18134,0.0,0.0
2025-04-15 10:43:00-04:00,157.29550170898438,157.4499969482422,157.29550170898438,157.41090393066406,80448,0.0,0.0
2025-04-15 10:44:00-04:00,157.42999267578125,157.5,157.38999938964844,157.41099548339844,48362,0.0,0.0
2025-04-15 10:45:00-04:00,157.44000244140625,157.4499969482422,157.30499267578125,157.4149932861328,48965,0.0,0.0
2025-04-15 10:46:00-04:00,157.38099670410156,157.4499969482422,156.60000610351562,157.22999572753906,82017,0.0,0.0
2025-04-15 10:47:00-04:00,157.25999450683594,157.30999755859375,157.05889892578125,157.13499450683594,41047,0.0,0.0
2025-04-15 10:48:00-04:00,157.13499450683594,157.13499450683594,156.9199981689453,157.0850067138672,29543,0.0,0.0
2025-04-15 10:49:00-04:00,157.08999633789062,157.27999877929688,157.05999755859375,157.2449951171875,30699,0.0,0.0
2025-04-15 10:50:00-04:00,157.22000122070312,157.26649475097656,156.94000244140625,156.9499969482422,27029,0.0,0.0
2025-04-15 10:51:00-04:00,156.94000244140625,157.13999938964844,156.8800048828125,157.09500122070312,76966,0.0,0.0
2025-04-15 10:52:00-04:00,157.09500122070312,157.27999877929688,157.0601043701172,157.10000610351562,47333,0.0,0.0
2025-04-15 10:53:00-04:00,157.12789916992188,157.27999877929688,157.10000610351562,157.16000366210938,17656,0.0,0.0
2025-04-15 10:54:00-04:00,157.17999267578125,157.2550048828125,157.1300048828125,157.2100067138672,46729,0.0,0.0
2025-04-15 10:55:00-04:00,157.2100067138672,157.27000427246094,157.10000610351562,157.16000366210938,25371,0.0,0.0
2025-04-15 10:56:00-04:00,157.17999267578125,157.25999450683594,157.14999389648438,157.19000244140625,22381,0.0,0.0
2025-04-15 10:57:00-04:00,157.19500732421875,157.25,157.1199951171875,157.2050018310547,24031,0.0,0.0
2025-04-15 10:58:00-04:00,157.22300720214844,157.22300720214844,157.0,157.13999938964844,23655,0.0,0.0
2025-04-15 10:59:00-04:00,157.14999389648438,157.2100067138672,156.89999389648438,156.9250030517578,22714,0.0,0.0
2025-04-15 11:00:00-04:00,156.9250030517578,157.02000427246094,156.8800048828125,156.9949951171875,21360,0.0,0.0
2025-04-15 11:01:00-04:00,157.02000427246094,157.17979431152344,157.02000427246094,157.10009765625,71776,0.0,0.0
2025-04-15 11:02:00-04:00,157.14999389648438,157.17999267578125,157.07000732421875,157.1300048828125,17896,0.0,0.0
2025-04-15 11:03:00-04:00,157.16000366210938,157.22650146484375,157.05999755859375,157.19500732421875,38484,0.0,0.0
2025-04-15 11:04:00-04:00,157.22000122070312,157.2899932861328,157.17999267578125,157.27000427246094,23186,0.0,0.0
2025-04-15 11:05:00-04:00,157.2899932861328,157.2899932861328,157.13999938964844,157.25,25484,0.0,0.0
2025-04-15 11:06:00-04:00,157.26499938964844,157.2899932861328,157.1300048828125,157.14999389648438,54731,0.0,0.0
2025-04-15 11:07:00-04:00,157.1699981689453,157.2899932861328,157.11000061035156,157.2899932861328,20180,0.0,0.0
2025-04-15 11:08:00-04:00,157.2899932861328,157.38999938964844,157.24000549316406,157.30999755859375,35861,0.0,0.0
2025-04-15 11:09:00-04:00,157.33999633789062,157.49000549316406,157.29249572753906,157.4600067138672,30282,0.0,0.0
2025-04-15 11:10:00-04:00,157.4600067138672,157.49000549316406,157.32000732421875,157.39999389648438,24303,0.0,0.0
2025-04-15 11:11:00-04:00,157.42999267578125,157.49000549316406,157.25999450683594,157.32000732421875,163760,0.0,0.0
2025-04-15 11:12:00-04:00,157.32000732421875,157.57000732421875,157.3000030517578,157.57000732421875,51406,0.0,0.0
2025-04-15 11:13:00-04:00,157.58999633789062,157.64999389648438,157.52000427246094,157.5500030517578,59428,0.0,0.0
2025-04-15 11:14:00-04:00,157.55999755859375,157.89999389648438,157.52999877929688,157.8000030517578,28351,0.0,0.0
2025-04-15 11:15:00-04:00,157.81500244140625,157.83999633789062,157.72999572753906,157.7899932861328,27271,0.0,0.0
2025-04-15 11:16:00-04:00,157.8000030517578,157.9499969482422,157.8000030517578,157.88999938964844,27963,0.0,0.0
2025-04-15 11:17:00-04:00,157.8800048828125,157.9499053955078,157.8000030517578,157.9199981689453,28735,0.0,0.0
2025-04-15 11:18:00-04:00,157.9250030517578,158.02999877929688,157.9250030517578,157.9550018310547,73136,0.0,0.0
2025-04-15 11:19:00-04:00,157.9550018310547,158.0399932861328,157.92999267578125,157.97000122070312,13112,0.0,0.0
2025-04-15 11:20:00-04:00,157.9600067138672,158.17999267578125,157.9550018310547,158.1699981689453,34853,0.0,0.0
2025-04-15 11:21:00-04:00,158.1649932861328,158.1999969482422,158.02999877929688,158.06089782714844,23236,0.0,0.0
2025-04-15 11:22:00-04:00,158.05999755859375,158.05999755859375,157.8300018310547,157.8800048828125,36719,0.0,0.0
2025-04-15 11:23:00-04:00,157.8800048828125,158.02499389648438,157.77999877929688,157.77999877929688,32907,0.0,0.0
2025-04-15 11:24:00-04:00,157.83999633789062,158.0,157.80999755859375,157.96499633789062,31936,0.0,0.0
2025-04-15 11:25:00-04:00,157.94000244140625,157.94000244140625,157.64999389648438,157.6649932861328,34886,0.0,0.0
2025-04-15 11:26:00-04:00,157.6649932861328,157.70249938964844,157.5500030517578,157.5850067138672,27614,0.0,0.0
2025-04-15 11:27:00-04:00,157.5850067138672,157.59710693359375,157.5,157.55999755859375,19800,0.0,0.0
2025-04-15 11:28:00-04:00,157.55999755859375,157.55999755859375,157.38999938964844,157.47000122070312,24313,0.0,0.0
2025-04-15 11:29:00-04:00,157.46499633789062,157.49000549316406,157.360107421875,157.40750122070312,18083,0.0,0.0
2025-04-15 11:30:00-04:00,157.41000366210938,157.56500244140625,157.35000610351562,157.56500244140625,64101,0.0,0.0
2025-04-15 11:31:00-04:00,157.56500244140625,157.74000549316406,157.44000244140625,157.72000122070312,71635,0.0,0.0
2025-04-15 11:32:00-04:00,157.72000122070312,157.85499572753906,157.52999877929688,157.53500366210938,103592,0.0,0.0
2025-04-15 11:33:00-04:00,157.50999450683594,157.6199951171875,157.35000610351562,157.5399932861328,120678,0.0,0.0
2025-04-15 11:34:00-04:00,157.6199951171875,157.77000427246094,157.52000427246094,157.57000732421875,61808,0.0,0.0
2025-04-15 11:35:00-04:00,157.60000610351562,157.756103515625,157.47999572753906,157.7449951171875,31106,0.0,0.0
2025-04-15 11:36:00-04:00,157.7449951171875,157.7449951171875,157.36500549316406,157.3699951171875,39566,0.0,0.0
2025-04-15 11:37:00-04:00,157.35009765625,157.4167938232422,157.2239990234375,157.3350067138672,26055,0.0,0.0
2025-04-15 11:38:00-04:00,157.35000610351562,157.35000610351562,157.1999969482422,157.30999755859375,19955,0.0,0.0
2025-04-15 11:39:00-04:00,157.32000732421875,157.45230102539062,157.27000427246094,157.43499755859375,25942,0.0,0.0
2025-04-15 11:40:00-04:00,157.41000366210938,157.4250030517578,157.2899932861328,157.32749938964844,19419,0.0,0.0
2025-04-15 11:41:00-04:00,157.33999633789062,157.4375,157.33999633789062,157.38499450683594,15312,0.0,0.0
2025-04-15 11:42:00-04:00,157.3800048828125,157.44000244140625,157.2100067138672,157.27000427246094,43886,0.0,0.0
2025-04-15 11:43:00-04:00,157.27000427246094,157.32000732421875,157.22999572753906,157.2949981689453,19048,0.0,0.0
2025-04-15 11:44:00-04:00,157.32000732421875,157.38999938964844,157.25999450683594,157.35000610351562,26730,0.0,0.0
2025-04-15 11:45:00-04:00,157.3300018310547,157.43699645996094,157.32000732421875,157.41000366210938,23518,0.0,0.0
2025-04-15 11:46:00-04:00,157.43150329589844,157.43150329589844,157.3000030517578,157.3000030517578,16356,0.0,0.0
2025-04-15 11:47:00-04:00,157.30999755859375,157.3300018310547,157.08999633789062,157.2050018310547,38846,0.0,0.0
2025-04-15 11:48:00-04:00,157.2050018310547,157.24000549316406,157.08999633789062,157.1199951171875,39148,0.0,0.0
2025-04-15 11:49:00-04:00,157.11000061035156,157.2449951171875,157.0800018310547,157.2100067138672,37177,0.0,0.0
2025-04-15 11:50:00-04:00,157.22999572753906,157.35989379882812,157.1699981689453,157.17999267578125,15856,0.0,0.0
2025-04-15 11:51:00-04:00,157.1699981689453,157.22000122070312,157.10000610351562,157.1300048828125,10954,0.0,0.0
2025-04-15 11:52:00-04:00,157.1699981689453,157.5399932861328,157.14999389648438,157.52999877929688,34819,0.0,0.0
2025-04-15 11:53:00-04:00,157.48899841308594,157.8800048828125,157.48899841308594,157.8350067138672,18379,0.0,0.0
2025-04-15 11:54:00-04:00,157.8000030517578,157.91000366210938,157.72999572753906,157.82809448242188,18763,0.0,0.0
2025-04-15 11:55:00-04:00,157.8300018310547,157.8300018310547,157.6300048828125,157.63999938964844,7062,0.0,0.0
2025-04-15 11:56:00-04:00,157.6699981689453,157.7100067138672,157.47999572753906,157.52000427246094,12339,0.0,0.0
2025-04-15 11:57:00-04:00,157.47000122070312,157.77279663085938,157.42080688476562,157.7550048828125,27233,0.0,0.0
2025-04-15 11:58:00-04:00,157.7550048828125,157.8000030517578,157.677001953125,157.7949981689453,18343,0.0,0.0
2025-04-15 11:59:00-04:00,157.7949981689453,157.85000610351562,157.6999969482422,157.74000549316406,15077,0.0,0.0
2025-04-15 12:00:00-04:00,157.7100067138672,157.77999877929688,157.6199951171875,157.63499450683594,41602,0.0,0.0
2025-04-15 12:01:00-04:00,157.63499450683594,157.85499572753906,157.6300048828125,157.7899932861328,14252,0.0,0.0
2025-04-15 12:02:00-04:00,157.8350067138672,157.84759521484375,157.7100067138672,157.72500610351562,11747,0.0,0.0
2025-04-15 12:03:00-04:00,157.72999572753906,157.83999633789062,157.69009399414062,157.69500732421875,29511,0.0,0.0
2025-04-15 12:04:00-04:00,157.69500732421875,157.6999969482422,157.52650451660156,157.52650451660156,22547,0.0,0.0
2025-04-15 12:05:00-04:00,157.60000610351562,157.7899932861328,157.5800018310547,157.66000366210938,21966,0.0,0.0
2025-04-15 12:06:00-04:00,157.69000244140625,157.82000732421875,157.63999938964844,157.80999755859375,16688,0.0,0.0
2025-04-15 12:07:00-04:00,157.8000030517578,157.85000610351562,157.61000061035156,157.61000061035156,40152,0.0,0.0
2025-04-15 12:08:00-04:00,157.6199951171875,157.69000244140625,157.60000610351562,157.65750122070312,9584,0.0,0.0
2025-04-15 12:09:00-04:00,157.67999267578125,157.8300018310547,157.67999267578125,157.8000030517578,10792,0.0,0.0
2025-04-15 12:10:00-04:00,157.77999877929688,157.8300018310547,157.6699981689453,157.7899932861328,12442,0.0,0.0
2025-04-15 12:11:00-04:00,157.7899932861328,158.00999450683594,157.7899932861328,157.9949951171875,17220,0.0,0.0
2025-04-15 12:12:00-04:00,157.92999267578125,158.0399932861328,157.8800048828125,157.9250030517578,22364,0.0,0.0
2025-04-15 12:13:00-04:00,157.9499969482422,157.9499969482422,157.7899932861328,157.7899932861328,7384,0.0,0.0
2025-04-15 12:14:00-04:00,157.85000610351562,157.97999572753906,157.8000030517578,157.97999572753906,9133,0.0,0.0
2025-04-15 12:15:00-04:00,157.9600067138672,158.07000732421875,157.9199981689453,158.07000732421875,15935,0.0,0.0
2025-04-15 12:16:00-04:00,158.00999450683594,158.10000610351562,157.99000549316406,158.00999450683594,13224,0.0,0.0
2025-04-15 12:17:00-04:00,158.02000427246094,158.02000427246094,157.89999389648438,157.91000366210938,24909,0.0,0.0
2025-04-15 12:18:00-04:00,157.88999938964844,157.9199981689453,157.72000122070312,157.7449951171875,34001,0.0,0.0
2025-04-15 12:19:00-04:00,157.72500610351562,157.74000549316406,157.58450317382812,157.6699981689453,31478,0.0,0.0
2025-04-15 12:20:00-04:00,157.6605987548828,157.7100067138672,157.60000610351562,157.67999267578125,17860,0.0,0.0
2025-04-15 12:21:00-04:00,157.67999267578125,157.72000122070312,157.64999389648438,157.6649932861328,10042,0.0,0.0
2025-04-15 12:22:00-04:00,157.69000244140625,157.80999755859375,157.60000610351562,157.80999755859375,40921,0.0,0.0
2025-04-15 12:23:00-04:00,157.82000732421875,157.8800048828125,157.80999755859375,157.85499572753906,26300,0.0,0.0
2025-04-15 12:24:00-04:00,157.85499572753906,157.85499572753906,157.75999450683594,157.8300018310547,29670,0.0,0.0
2025-04-15 12:25:00-04:00,157.7949981689453,158.0968017578125,157.7949981689453,158.0800018310547,27079,0.0,0.0
2025-04-15 12:26:00-04:00,158.0800018310547,158.16000366210938,158.07000732421875,158.16000366210938,18152,0.0,0.0
2025-04-15 12:27:00-04:00,158.1300048828125,158.14990234375,158.01010131835938,158.0800018310547,19455,0.0,0.0
2025-04-15 12:28:00-04:00,158.0500030517578,158.0500030517578,157.8300018310547,157.8300018310547,30012,0.0,0.0
2025-04-15 12:29:00-04:00,157.85000610351562,157.88999938964844,157.82000732421875,157.8800048828125,28591,0.0,0.0
2025-04-15 12:30:00-04:00,157.86000061035156,157.90989685058594,157.7899932861328,157.88999938964844,22592,0.0,0.0
2025-04-15 12:31:00-04:00,157.88999938964844,157.91000366210938,157.7899932861328,157.7899932861328,27489,0.0,0.0
2025-04-15 12:32:00-04:00,157.81199645996094,158.02000427246094,157.77000427246094,158.02000427246094,17962,0.0,0.0
2025-04-15 12:33:00-04:00,158.00999450683594,158.00999450683594,157.75,157.75999450683594,21599,0.0,0.0
2025-04-15 12:34:00-04:00,157.72000122070312,157.77999877929688,157.72000122070312,157.75,14837,0.0,0.0
2025-04-15 12:35:00-04:00,157.75,157.8800048828125,157.75,157.8300018310547,17209,0.0,0.0
2025-04-15 12:36:00-04:00,157.8300018310547,157.88999938964844,157.7100067138672,157.77000427246094,112880,0.0,0.0
2025-04-15 12:37:00-04:00,157.78500366210938,157.81930541992188,157.64999389648438,157.68499755859375,37214,0.0,0.0
2025-04-15 12:38:00-04:00,157.7100067138672,157.72999572753906,157.60000610351562,157.65499877929688,25176,0.0,0.0
2025-04-15 12:39:00-04:00,157.67990112304688,157.73500061035156,157.61000061035156,157.66000366210938,18044,0.0,0.0
2025-04-15 12:40:00-04:00,157.66000366210938,157.71156311035156,157.57000732421875,157.71156311035156,14579,0.0,0.0
2025-04-15 12:41:00-04:00,157.6999969482422,157.78399658203125,157.61000061035156,157.64639282226562,17977,0.0,0.0
2025-04-15 12:42:00-04:00,157.6199951171875,157.8603057861328,157.5800018310547,157.7899932861328,64079,0.0,0.0
2025-04-15 12:43:00-04:00,157.80999755859375,157.9499969482422,157.75,157.85499572753906,33188,0.0,0.0
2025-04-15 12:44:00-04:00,157.8800048828125,158.02149963378906,157.85499572753906,158.0050048828125,12578,0.0,0.0
2025-04-15 12:45:00-04:00,158.0399932861328,158.16000366210938,157.97000122070312,158.14500427246094,41117,0.0,0.0
2025-04-15 12:46:00-04:00,158.14999389648438,158.1999969482422,158.1300048828125,158.14999389648438,9539,0.0,0.0
2025-04-15 12:47:00-04:00,158.14999389648438,158.24000549316406,158.0800018310547,158.22000122070312,27284,0.0,0.0
2025-04-15 12:48:00-04:00,158.22000122070312,158.22000122070312,157.97000122070312,158.0500030517578,39768,0.0,0.0
2025-04-15 12:49:00-04:00,158.07000732421875,158.07000732421875,157.9600067138672,157.99789428710938,8484,0.0,0.0
2025-04-15 12:50:00-04:00,158.0399932861328,158.0399932861328,157.55999755859375,157.5800018310547,79022,0.0,0.0
2025-04-15 12:51:00-04:00,157.6300048828125,157.63999938964844,157.5677032470703,157.6300048828125,9197,0.0,0.0
2025-04-15 12:52:00-04:00,157.61000061035156,157.61000061035156,157.38999938964844,157.38999938964844,22983,0.0,0.0
2025-04-15 12:53:00-04:00,157.3800048828125,157.41000366210938,157.27999877929688,157.27999877929688,14778,0.0,0.0
2025-04-15 12:54:00-04:00,157.3000030517578,157.3000030517578,157.0,157.07000732421875,41080,0.0,0.0
2025-04-15 12:55:00-04:00,157.07000732421875,157.08999633789062,156.97999572753906,156.98500061035156,29564,0.0,0.0
2025-04-15 12:56:00-04:00,156.98500061035156,157.10000610351562,156.8699951171875,157.09500122070312,25735,0.0,0.0
2025-04-15 12:57:00-04:00,157.05999755859375,157.08990478515625,156.6999969482422,156.75999450683594,26020,0.0,0.0
2025-04-15 12:58:00-04:00,156.75999450683594,157.0500030517578,156.72000122070312,157.04989624023438,27359,0.0,0.0
2025-04-15 12:59:00-04:00,157.02110290527344,157.1199951171875,157.0,157.0399932861328,11181,0.0,0.0
2025-04-15 13:00:00-04:00,157.0,157.0800018310547,156.89999389648438,156.97500610351562,17309,0.0,0.0
2025-04-15 13:01:00-04:00,156.97000122070312,157.1999969482422,156.9600067138672,157.13499450683594,12154,0.0,0.0
2025-04-15 13:02:00-04:00,157.08999633789062,157.17999267578125,157.08999633789062,157.16000366210938,10678,0.0,0.0
2025-04-15 13:03:00-04:00,157.14999389648438,157.42999267578125,157.1300048828125,157.3800048828125,11991,0.0,0.0
2025-04-15 13:04:00-04:00,157.3300018310547,157.42999267578125,157.30999755859375,157.42999267578125,6609,0.0,0.0
2025-04-15 13:05:00-04:00,157.39500427246094,157.47999572753906,157.3300018310547,157.42799377441406,10416,0.0,0.0
2025-04-15 13:06:00-04:00,157.375,157.4510040283203,157.33999633789062,157.3800048828125,8159,0.0,0.0
2025-04-15 13:07:00-04:00,157.41000366210938,157.41000366210938,157.32000732421875,157.32000732421875,6641,0.0,0.0
2025-04-15 13:08:00-04:00,157.36500549316406,157.38929748535156,157.27999877929688,157.30499267578125,14998,0.0,0.0
2025-04-15 13:09:00-04:00,157.30499267578125,157.4199981689453,157.25,157.3000030517578,5594,0.0,0.0
2025-04-15 13:10:00-04:00,157.27000427246094,157.27000427246094,157.19500732421875,157.26499938964844,4390,0.0,0.0
2025-04-15 13:11:00-04:00,157.26499938964844,157.32000732421875,157.22000122070312,157.27000427246094,4353,0.0,0.0
2025-04-15 13:12:00-04:00,157.32000732421875,157.32000732421875,157.13499450683594,157.1999969482422,11023,0.0,0.0
2025-04-15 13:13:00-04:00,157.1999969482422,157.36000061035156,157.1649932861328,157.25,7665,0.0,0.0
2025-04-15 13:14:00-04:00,157.1999969482422,157.35000610351562,157.1999969482422,157.33999633789062,8704,0.0,0.0
2025-04-15 13:15:00-04:00,157.3000030517578,157.33999633789062,157.17999267578125,157.24000549316406,1728,0.0,0.0
2025-04-15 13:16:00-04:00,157.24000549316406,157.24000549316406,157.02000427246094,157.05499267578125,9266,0.0,0.0
2025-04-15 13:17:00-04:00,157.0841064453125,157.10000610351562,156.88999938964844,156.89500427246094,34738,0.0,0.0
2025-04-15 13:18:00-04:00,156.89500427246094,157.1300048828125,156.89500427246094,157.1300048828125,15071,0.0,0.0
2025-04-15 13:19:00-04:00,157.10000610351562,157.1300048828125,156.94000244140625,156.99000549316406,7970,0.0,0.0
2025-04-15 13:20:00-04:00,156.97500610351562,157.0399932861328,156.89999389648438,157.0399932861328,8559,0.0,0.0
2025-04-15 13:21:00-04:00,157.05499267578125,157.0800018310547,156.9149932861328,156.9149932861328,9837,0.0,0.0
2025-04-15 13:22:00-04:00,156.9149932861328,156.9199981689453,156.80999755859375,156.82000732421875,11773,0.0,0.0
2025-04-15 13:23:00-04:00,156.80079650878906,156.8699951171875,156.60000610351562,156.82879638671875,45902,0.0,0.0
2025-04-15 13:24:00-04:00,156.75999450683594,156.91749572753906,156.75999450683594,156.91749572753906,19856,0.0,0.0
2025-04-15 13:25:00-04:00,156.92999267578125,156.94000244140625,156.73500061035156,156.73500061035156,17896,0.0,0.0
2025-04-15 13:26:00-04:00,156.6999969482422,156.88999938964844,156.64999389648438,156.875,20830,0.0,0.0
2025-04-15 13:27:00-04:00,156.875,156.97999572753906,156.77999877929688,156.8800048828125,14898,0.0,0.0
2025-04-15 13:28:00-04:00,156.92999267578125,156.9499969482422,156.84500122070312,156.91000366210938,8322,0.0,0.0
2025-04-15 13:29:00-04:00,156.89999389648438,156.91000366210938,156.75999450683594,156.85000610351562,13283,0.0,0.0
2025-04-15 13:30:00-04:00,156.85000610351562,157.24000549316406,156.85000610351562,157.1699981689453,15490,0.0,0.0
2025-04-15 13:31:00-04:00,157.19500732421875,157.23959350585938,157.1300048828125,157.1649932861328,5475,0.0,0.0
2025-04-15 13:32:00-04:00,157.1999969482422,157.27000427246094,157.02999877929688,157.0850067138672,8469,0.0,0.0
2025-04-15 13:33:00-04:00,157.09500122070312,157.1898956298828,157.0399932861328,157.05999755859375,7871,0.0,0.0
2025-04-15 13:34:00-04:00,157.05999755859375,157.13999938964844,156.9600067138672,156.97999572753906,10279,0.0,0.0
2025-04-15 13:35:00-04:00,157.00860595703125,157.0500030517578,156.91000366210938,157.00999450683594,9629,0.0,0.0
2025-04-15 13:36:00-04:00,157.00999450683594,157.08999633789062,156.8800048828125,157.0800018310547,12163,0.0,0.0
2025-04-15 13:37:00-04:00,157.0399932861328,157.1999969482422,157.02999877929688,157.19000244140625,7565,0.0,0.0
2025-04-15 13:38:00-04:00,157.19000244140625,157.3000030517578,157.13999938964844,157.2198944091797,16209,0.0,0.0
2025-04-15 13:39:00-04:00,157.2100067138672,157.25999450683594,157.17999267578125,157.25999450683594,10372,0.0,0.0
2025-04-15 13:40:00-04:00,157.25999450683594,157.3800048828125,157.25,157.3800048828125,14337,0.0,0.0
2025-04-15 13:41:00-04:00,157.39999389648438,157.4499969482422,157.24000549316406,157.2899932861328,8154,0.0,0.0
2025-04-15 13:42:00-04:00,157.27000427246094,157.3699951171875,157.25,157.25,5739,0.0,0.0
2025-04-15 13:43:00-04:00,157.30999755859375,157.41160583496094,157.26800537109375,157.35000610351562,7195,0.0,0.0
2025-04-15 13:44:00-04:00,157.375,157.3800048828125,157.2917022705078,157.30999755859375,14657,0.0,0.0
2025-04-15 13:45:00-04:00,157.32000732421875,157.34800720214844,157.12010192871094,157.1999969482422,10735,0.0,0.0
2025-04-15 13:46:00-04:00,157.22999572753906,157.3300018310547,157.22999572753906,157.32000732421875,3422,0.0,0.0
2025-04-15 13:47:00-04:00,157.32000732421875,157.41000366210938,157.32000732421875,157.3300018310547,10972,0.0,0.0
2025-04-15 13:48:00-04:00,157.3350067138672,157.35000610351562,157.22000122070312,157.35000610351562,9243,0.0,0.0
2025-04-15 13:49:00-04:00,157.33999633789062,157.40939331054688,157.30499267578125,157.35000610351562,6824,0.0,0.0
2025-04-15 13:50:00-04:00,157.33999633789062,157.36000061035156,157.27000427246094,157.30999755859375,5293,0.0,0.0
2025-04-15 13:51:00-04:00,157.33999633789062,157.3800048828125,157.27000427246094,157.27000427246094,7668,0.0,0.0
2025-04-15 13:52:00-04:00,157.25,157.2550048828125,157.13499450683594,157.13499450683594,4578,0.0,0.0
2025-04-15 13:53:00-04:00,157.1678009033203,157.1678009033203,156.91000366210938,156.99099731445312,14795,0.0,0.0
2025-04-15 13:54:00-04:00,156.9550018310547,157.0821075439453,156.93699645996094,157.02999877929688,9102,0.0,0.0
2025-04-15 13:55:00-04:00,157.00999450683594,157.14779663085938,156.97000122070312,157.05999755859375,9924,0.0,0.0
2025-04-15 13:56:00-04:00,157.0500030517578,157.17999267578125,157.0399932861328,157.0800018310547,8431,0.0,0.0
2025-04-15 13:57:00-04:00,157.02999877929688,157.19000244140625,157.02999877929688,157.16000366210938,8587,0.0,0.0
2025-04-15 13:58:00-04:00,157.1999969482422,157.33999633789062,157.19000244140625,157.2100067138672,11672,0.0,0.0
2025-04-15 13:59:00-04:00,157.22999572753906,157.2899932861328,157.1826934814453,157.1826934814453,8895,0.0,0.0
2025-04-15 14:00:00-04:00,157.18499755859375,157.35499572753906,157.1699981689453,157.3000030517578,13367,0.0,0.0
2025-04-15 14:01:00-04:00,157.27999877929688,157.28819274902344,157.0800018310547,157.11000061035156,5589,0.0,0.0
2025-04-15 14:02:00-04:00,157.11900329589844,157.25999450683594,157.08999633789062,157.17999267578125,10576,0.0,0.0
2025-04-15 14:03:00-04:00,157.18649291992188,157.22000122070312,157.07000732421875,157.16000366210938,8838,0.0,0.0
2025-04-15 14:04:00-04:00,157.18190002441406,157.18190002441406,157.0500030517578,157.0800018310547,9140,0.0,0.0
2025-04-15 14:05:00-04:00,157.11500549316406,157.14999389648438,156.97000122070312,156.99000549316406,7042,0.0,0.0
2025-04-15 14:06:00-04:00,156.9694061279297,157.08999633789062,156.9694061279297,157.04110717773438,7646,0.0,0.0
2025-04-15 14:07:00-04:00,157.02000427246094,157.19000244140625,156.86000061035156,157.19000244140625,22609,0.0,0.0
2025-04-15 14:08:00-04:00,157.1999969482422,157.2100067138672,157.0399932861328,157.1083984375,12301,0.0,0.0
2025-04-15 14:09:00-04:00,157.02999877929688,157.16380310058594,157.02999877929688,157.16380310058594,9400,0.0,0.0
2025-04-15 14:10:00-04:00,157.13999938964844,157.15989685058594,156.92999267578125,156.92999267578125,12495,0.0,0.0
2025-04-15 14:11:00-04:00,156.97000122070312,157.0,156.85000610351562,156.85000610351562,70001,0.0,0.0
2025-04-15 14:12:00-04:00,156.85000610351562,156.86000061035156,156.7100067138672,156.82899475097656,28000,0.0,0.0
2025-04-15 14:13:00-04:00,156.83999633789062,156.85000610351562,156.66000366210938,156.67999267578125,21395,0.0,0.0
2025-04-15 14:14:00-04:00,156.66000366210938,156.7299041748047,156.5399932861328,156.69000244140625,18237,0.0,0.0
2025-04-15 14:15:00-04:00,156.67999267578125,156.75999450683594,156.52000427246094,156.5500030517578,11328,0.0,0.0
2025-04-15 14:16:00-04:00,156.50050354003906,156.77000427246094,156.50050354003906,156.73500061035156,7891,0.0,0.0
2025-04-15 14:17:00-04:00,156.78390502929688,156.78880310058594,156.6199951171875,156.71499633789062,5501,0.0,0.0
2025-04-15 14:18:00-04:00,156.74789428710938,156.77000427246094,156.69000244140625,156.75,5907,0.0,0.0
2025-04-15 14:19:00-04:00,156.77000427246094,156.77000427246094,156.64999389648438,156.6739959716797,10485,0.0,0.0
2025-04-15 14:20:00-04:00,156.72000122070312,156.75999450683594,156.60000610351562,156.6300048828125,18213,0.0,0.0
2025-04-15 14:21:00-04:00,156.6300048828125,156.69000244140625,156.5500030517578,156.69000244140625,5511,0.0,0.0
2025-04-15 14:22:00-04:00,156.66000366210938,156.80999755859375,156.64999389648438,156.77999877929688,16807,0.0,0.0
2025-04-15 14:23:00-04:00,156.77999877929688,156.80999755859375,156.71499633789062,156.71499633789062,10937,0.0,0.0
2025-04-15 14:24:00-04:00,156.72999572753906,156.77000427246094,156.6699981689453,156.6699981689453,14871,0.0,0.0
2025-04-15 14:25:00-04:00,156.66000366210938,156.82000732421875,156.64100646972656,156.72500610351562,32242,0.0,0.0
2025-04-15 14:26:00-04:00,156.72500610351562,156.86000061035156,156.63499450683594,156.68499755859375,33292,0.0,0.0
2025-04-15 14:27:00-04:00,156.68499755859375,156.7501983642578,156.57000732421875,156.60000610351562,17276,0.0,0.0
2025-04-15 14:28:00-04:00,156.5800018310547,156.6685028076172,156.57000732421875,156.61000061035156,9776,0.0,0.0
2025-04-15 14:29:00-04:00,156.58999633789062,156.65260314941406,156.5749969482422,156.60000610351562,11092,0.0,0.0
2025-04-15 14:30:00-04:00,156.60000610351562,156.6699981689453,156.57000732421875,156.60000610351562,66725,0.0,0.0
2025-04-15 14:31:00-04:00,156.6300048828125,156.6999969482422,156.60000610351562,156.6649932861328,12754,0.0,0.0
2025-04-15 14:32:00-04:00,156.69000244140625,156.75999450683594,156.6699981689453,156.75999450683594,10167,0.0,0.0
2025-04-15 14:33:00-04:00,156.7550048828125,156.80999755859375,156.72000122070312,156.77000427246094,10018,0.0,0.0
2025-04-15 14:34:00-04:00,156.77000427246094,156.80999755859375,156.77000427246094,156.7949981689453,7380,0.0,0.0
2025-04-15 14:35:00-04:00,156.83999633789062,156.8679962158203,156.75999450683594,156.7821044921875,11187,0.0,0.0
2025-04-15 14:36:00-04:00,156.77000427246094,156.9355010986328,156.77000427246094,156.8925018310547,7900,0.0,0.0
2025-04-15 14:37:00-04:00,156.87750244140625,156.88999938964844,156.6999969482422,156.77999877929688,9095,0.0,0.0
2025-04-15 14:38:00-04:00,156.75999450683594,156.80999755859375,156.7100067138672,156.72000122070312,10319,0.0,0.0
2025-04-15 14:39:00-04:00,156.75,156.86000061035156,156.72000122070312,156.8090057373047,14647,0.0,0.0
2025-04-15 14:40:00-04:00,156.80999755859375,156.8699951171875,156.7550048828125,156.7550048828125,12690,0.0,0.0
2025-04-15 14:41:00-04:00,156.7550048828125,156.88999938964844,156.6699981689453,156.88999938964844,25566,0.0,0.0
2025-04-15 14:42:00-04:00,156.89500427246094,156.92999267578125,156.77000427246094,156.81500244140625,10092,0.0,0.0
2025-04-15 14:43:00-04:00,156.8300018310547,156.8314971923828,156.7899932861328,156.8300018310547,13524,0.0,0.0
2025-04-15 14:44:00-04:00,156.8350067138672,156.97000122070312,156.8350067138672,156.94000244140625,16183,0.0,0.0
2025-04-15 14:45:00-04:00,156.9550018310547,157.05999755859375,156.94000244140625,157.05999755859375,16175,0.0,0.0
2025-04-15 14:46:00-04:00,157.0800018310547,157.17999267578125,157.0,157.0,14103,0.0,0.0
2025-04-15 14:47:00-04:00,157.00999450683594,157.0800018310547,156.9199981689453,156.9499969482422,21776,0.0,0.0
2025-04-15 14:48:00-04:00,156.9499969482422,156.9499969482422,156.80999755859375,156.85000610351562,12393,0.0,0.0
2025-04-15 14:49:00-04:00,156.875,156.9250030517578,156.85000610351562,156.9250030517578,10770,0.0,0.0
2025-04-15 14:50:00-04:00,156.9250030517578,156.9600067138672,156.86000061035156,156.88499450683594,7279,0.0,0.0
2025-04-15 14:51:00-04:00,156.88499450683594,156.9375,156.80999755859375,156.89500427246094,13439,0.0,0.0
2025-04-15 14:52:00-04:00,156.91000366210938,156.91000366210938,156.74000549316406,156.74000549316406,7668,0.0,0.0
2025-04-15 14:53:00-04:00,156.77000427246094,156.9499969482422,156.7449951171875,156.8800048828125,11777,0.0,0.0
2025-04-15 14:54:00-04:00,156.89999389648438,156.92999267578125,156.86000061035156,156.91000366210938,25193,0.0,0.0
2025-04-15 14:55:00-04:00,156.88999938964844,156.9669952392578,156.86000061035156,156.89500427246094,7045,0.0,0.0
2025-04-15 14:56:00-04:00,156.92999267578125,156.97000122070312,156.91000366210938,156.9550018310547,16717,0.0,0.0
2025-04-15 14:57:00-04:00,156.9550018310547,157.1300048828125,156.92999267578125,157.1199951171875,30094,0.0,0.0
2025-04-15 14:58:00-04:00,157.10499572753906,157.10499572753906,156.9499969482422,157.08120727539062,35273,0.0,0.0
2025-04-15 14:59:00-04:00,157.07000732421875,157.07000732421875,156.92999267578125,156.92999267578125,20605,0.0,0.0
2025-04-15 15:00:00-04:00,156.93499755859375,156.94349670410156,156.80999755859375,156.9199981689453,30326,0.0,0.0
2025-04-15 15:01:00-04:00,156.91000366210938,156.91549682617188,156.82000732421875,156.8699951171875,13802,0.0,0.0
2025-04-15 15:02:00-04:00,156.86500549316406,156.9199981689453,156.85000610351562,156.9199981689453,81081,0.0,0.0
2025-04-15 15:03:00-04:00,156.92999267578125,156.9591064453125,156.84500122070312,156.8699951171875,21537,0.0,0.0
2025-04-15 15:04:00-04:00,156.84500122070312,157.06460571289062,156.84500122070312,157.0449981689453,11865,0.0,0.0
2025-04-15 15:05:00-04:00,157.02000427246094,157.08999633789062,156.9700927734375,157.08999633789062,18295,0.0,0.0
2025-04-15 15:06:00-04:00,157.10000610351562,157.23500061035156,157.02000427246094,157.23500061035156,17947,0.0,0.0
2025-04-15 15:07:00-04:00,157.22999572753906,157.27000427246094,157.08999633789062,157.25999450683594,11481,0.0,0.0
2025-04-15 15:08:00-04:00,157.25999450683594,157.35000610351562,157.1999969482422,157.1999969482422,25938,0.0,0.0
2025-04-15 15:09:00-04:00,157.22999572753906,157.24000549316406,157.0800018310547,157.14999389648438,22049,0.0,0.0
2025-04-15 15:10:00-04:00,157.14999389648438,157.27000427246094,157.14999389648438,157.21499633789062,16238,0.0,0.0
2025-04-15 15:11:00-04:00,157.21499633789062,157.21499633789062,157.04010009765625,157.06500244140625,14178,0.0,0.0
2025-04-15 15:12:00-04:00,157.06500244140625,157.1475067138672,157.02999877929688,157.13499450683594,11723,0.0,0.0
2025-04-15 15:13:00-04:00,157.13499450683594,157.39599609375,157.13499450683594,157.39599609375,35852,0.0,0.0
2025-04-15 15:14:00-04:00,157.39999389648438,157.55929565429688,157.39999389648438,157.47000122070312,11540,0.0,0.0
2025-04-15 15:15:00-04:00,157.47500610351562,157.49000549316406,157.38690185546875,157.49000549316406,12768,0.0,0.0
2025-04-15 15:16:00-04:00,157.48500061035156,157.5,157.4499969482422,157.47999572753906,14166,0.0,0.0
2025-04-15 15:17:00-04:00,157.49000549316406,157.5800018310547,157.44000244140625,157.5500030517578,17133,0.0,0.0
2025-04-15 15:18:00-04:00,157.5500030517578,157.55999755859375,157.5,157.52999877929688,7521,0.0,0.0
2025-04-15 15:19:00-04:00,157.52000427246094,157.6199951171875,157.5,157.55999755859375,11999,0.0,0.0
2025-04-15 15:20:00-04:00,157.57000732421875,157.5800018310547,157.39500427246094,157.4250030517578,10966,0.0,0.0
2025-04-15 15:21:00-04:00,157.4199981689453,157.5,157.41009521484375,157.4499969482422,12825,0.0,0.0
2025-04-15 15:22:00-04:00,157.4250030517578,157.49899291992188,157.35000610351562,157.47149658203125,12352,0.0,0.0
2025-04-15 15:23:00-04:00,157.48500061035156,157.48500061035156,157.2899932861328,157.3300018310547,19981,0.0,0.0
2025-04-15 15:24:00-04:00,157.3000030517578,157.33999633789062,157.2550048828125,157.2899932861328,13645,0.0,0.0
2025-04-15 15:27:00-04:00,157.2698974609375,157.2698974609375,157.2100067138672,157.22000122070312,41924,0.0,0.0
2025-04-15 15:28:00-04:00,157.22000122070312,157.22999572753906,157.14039611816406,157.22250366210938,12511,0.0,0.0
2025-04-15 15:29:00-04:00,157.25,157.3300018310547,157.22799682617188,157.2899932861328,22518,0.0,0.0
2025-04-15 15:30:00-04:00,157.33999633789062,157.50999450683594,157.3300018310547,157.44000244140625,22543,0.0,0.0
2025-04-15 15:31:00-04:00,157.44000244140625,157.48399353027344,157.33999633789062,157.36000061035156,17134,0.0,0.0
2025-04-15 15:32:00-04:00,157.33999633789062,157.57000732421875,157.33999633789062,157.51690673828125,21521,0.0,0.0
2025-04-15 15:33:00-04:00,157.52999877929688,157.6199951171875,157.47000122070312,157.52000427246094,65168,0.0,0.0
2025-04-15 15:34:00-04:00,157.50999450683594,157.5782928466797,157.47999572753906,157.50999450683594,19274,0.0,0.0
2025-04-15 15:35:00-04:00,157.52000427246094,157.65499877929688,157.49000549316406,157.6300048828125,24759,0.0,0.0
2025-04-15 15:36:00-04:00,157.65499877929688,157.75,157.4199981689453,157.4250030517578,28878,0.0,0.0
2025-04-15 15:37:00-04:00,157.4199981689453,157.55499267578125,157.41000366210938,157.49000549316406,23456,0.0,0.0
2025-04-15 15:38:00-04:00,157.49000549316406,157.50999450683594,157.39999389648438,157.39999389648438,25522,0.0,0.0
2025-04-15 15:39:00-04:00,157.3800048828125,157.4600067138672,157.35800170898438,157.4149932861328,17234,0.0,0.0
2025-04-15 15:40:00-04:00,157.42999267578125,157.52999877929688,157.4199981689453,157.46499633789062,27825,0.0,0.0
2025-04-15 15:41:00-04:00,157.46499633789062,157.50999450683594,157.42999267578125,157.4499969482422,40827,0.0,0.0
2025-04-15 15:42:00-04:00,157.44000244140625,157.4499969482422,157.30999755859375,157.44000244140625,28682,0.0,0.0
2025-04-15 15:43:00-04:00,157.41709899902344,157.5800018310547,157.41600036621094,157.48500061035156,30229,0.0,0.0
2025-04-15 15:44:00-04:00,157.48500061035156,157.5399932861328,157.4199981689453,157.52000427246094,21418,0.0,0.0
2025-04-15 15:45:00-04:00,157.52000427246094,157.52999877929688,157.33999633789062,157.33999633789062,23821,0.0,0.0
2025-04-15 15:46:00-04:00,157.3699951171875,157.49000549316406,157.3699951171875,157.42999267578125,38198,0.0,0.0
2025-04-15 15:47:00-04:00,157.42999267578125,157.42999267578125,157.24000549316406,157.24000549316406,30650,0.0,0.0
2025-04-15 15:48:00-04:00,157.25999450683594,157.2899932861328,157.1699981689453,157.19000244140625,26683,0.0,0.0
2025-04-15 15:49:00-04:00,157.2100067138672,157.32000732421875,157.19000244140625,157.32000732421875,24441,0.0,0.0
2025-04-15 15:50:00-04:00,157.27999877929688,157.50999450683594,157.22500610351562,157.4199981689453,29849,0.0,0.0
2025-04-15 15:51:00-04:00,157.6199951171875,157.62989807128906,157.5399932861328,157.5399932861328,77197,0.0,0.0
2025-04-15 15:52:00-04:00,157.5500030517578,157.5762939453125,157.35169982910156,157.375,29714,0.0,0.0
2025-04-15 15:53:00-04:00,157.375,157.4499969482422,157.36000061035156,157.4250030517578,39422,0.0,0.0
2025-04-15 15:54:00-04:00,157.42849731445312,157.52499389648438,157.3800048828125,157.4199981689453,82346,0.0,0.0
2025-04-15 15:55:00-04:00,157.4499969482422,157.5,157.30999755859375,157.33999633789062,65688,0.0,0.0
2025-04-15 15:56:00-04:00,157.34959411621094,157.52999877929688,157.33999633789062,157.44000244140625,70453,0.0,0.0
2025-04-15 15:57:00-04:00,157.42999267578125,157.52000427246094,157.42999267578125,157.44000244140625,67135,0.0,0.0
2025-04-15 15:58:00-04:00,157.44000244140625,157.5050048828125,157.42999267578125,157.47000122070312,105556,0.0,0.0
2025-04-15 15:59:00-04:00,157.47000122070312,157.52000427246094,157.32000732421875,157.3300018310547,189827,0.0,0.0
2025-04-16 09:30:00-04:00,150.60000610351562,150.6699981689453,148.49000549316406,149.15499877929688,1726990,0.0,0.0
2025-04-16 09:31:00-04:00,149.1999969482422,151.24000549316406,148.7899932861328,151.10000610351562,274586,0.0,0.0
2025-04-16 09:32:00-04:00,151.16000366210938,151.79100036621094,150.94540405273438,151.3800048828125,198236,0.0,0.0
2025-04-16 09:33:00-04:00,151.3800048828125,151.77000427246094,150.97999572753906,151.0500030517578,185604,0.0,0.0
2025-04-16 09:34:00-04:00,151.05999755859375,151.3361053466797,150.8000030517578,150.94500732421875,173342,0.0,0.0
2025-04-16 09:35:00-04:00,150.88999938964844,151.05999755859375,150.4199981689453,150.61000061035156,130093,0.0,0.0
2025-04-16 09:36:00-04:00,150.61000061035156,151.15989685058594,150.35000610351562,151.0500030517578,135627,0.0,0.0
2025-04-16 09:37:00-04:00,151.08999633789062,151.62319946289062,151.07530212402344,151.21009826660156,102601,0.0,0.0
2025-04-16 09:38:00-04:00,151.3300018310547,151.97000122070312,151.1699981689453,151.810302734375,96685,0.0,0.0
2025-04-16 09:39:00-04:00,151.74000549316406,151.9499969482422,151.47000122070312,151.50999450683594,87048,0.0,0.0
2025-04-16 09:40:00-04:00,151.50999450683594,152.07000732421875,151.30999755859375,151.99000549316406,85290,0.0,0.0
2025-04-16 09:41:00-04:00,151.97999572753906,152.22999572753906,151.6300048828125,151.76499938964844,84654,0.0,0.0
2025-04-16 09:42:00-04:00,151.76499938964844,152.1999969482422,151.75,152.05499267578125,79192,0.0,0.0
2025-04-16 09:43:00-04:00,152.02999877929688,152.0399932861328,151.39999389648438,151.55999755859375,112388,0.0,0.0
2025-04-16 09:44:00-04:00,151.50999450683594,151.625,151.22500610351562,151.52499389648438,83776,0.0,0.0
2025-04-16 09:45:00-04:00,151.52999877929688,151.60000610351562,150.8000030517578,150.97000122070312,88963,0.0,0.0
2025-04-16 09:46:00-04:00,150.97439575195312,151.39999389648438,150.8000030517578,151.1199951171875,75194,0.0,0.0
2025-04-16 09:47:00-04:00,151.13999938964844,151.25999450683594,150.77000427246094,150.99000549316406,71069,0.0,0.0
2025-04-16 09:48:00-04:00,151.0,151.0500030517578,150.7100067138672,150.8699951171875,99389,0.0,0.0
2025-04-16 09:49:00-04:00,150.8699951171875,151.1699981689453,150.75,150.89500427246094,76089,0.0,0.0
2025-04-16 09:50:00-04:00,150.9499969482422,151.27499389648438,150.8699951171875,151.27499389648438,50467,0.0,0.0
2025-04-16 09:51:00-04:00,151.27499389648438,151.3300018310547,150.89999389648438,151.02000427246094,32708,0.0,0.0
2025-04-16 09:52:00-04:00,151.0050048828125,151.36000061035156,150.88999938964844,151.05499267578125,33278,0.0,0.0
2025-04-16 09:53:00-04:00,151.05499267578125,151.13999938964844,150.75,150.7949981689453,42453,0.0,0.0
2025-04-16 09:54:00-04:00,150.83999633789062,151.1699981689453,150.75,151.1699981689453,45874,0.0,0.0
2025-04-16 09:55:00-04:00,151.125,151.16000366210938,150.86000061035156,151.00999450683594,69173,0.0,0.0
2025-04-16 09:56:00-04:00,151.0500030517578,151.0500030517578,150.82000732421875,151.0,42855,0.0,0.0
2025-04-16 09:57:00-04:00,151.0399932861328,151.4499969482422,151.0399932861328,151.39500427246094,42436,0.0,0.0
2025-04-16 09:58:00-04:00,151.4600067138672,151.66000366210938,151.0500030517578,151.11500549316406,46286,0.0,0.0
2025-04-16 09:59:00-04:00,151.11500549316406,151.14999389648438,150.74090576171875,150.77000427246094,70757,0.0,0.0
2025-04-16 10:00:00-04:00,150.72999572753906,151.37989807128906,150.55999755859375,151.22000122070312,109163,0.0,0.0
2025-04-16 10:01:00-04:00,151.21499633789062,151.36000061035156,150.88999938964844,150.91000366210938,44804,0.0,0.0
2025-04-16 10:02:00-04:00,150.92999267578125,151.1199951171875,150.8791046142578,151.0050048828125,68135,0.0,0.0
2025-04-16 10:03:00-04:00,150.99000549316406,150.99000549316406,150.5,150.76300048828125,185560,0.0,0.0
2025-04-16 10:04:00-04:00,150.6999969482422,151.05999755859375,150.6999969482422,150.94500732421875,45695,0.0,0.0
2025-04-16 10:05:00-04:00,150.94500732421875,151.1999969482422,150.9149932861328,151.1501007080078,49224,0.0,0.0
2025-04-16 10:06:00-04:00,151.19000244140625,151.2100067138672,150.94000244140625,151.16000366210938,60663,0.0,0.0
2025-04-16 10:07:00-04:00,151.15499877929688,151.5998992919922,151.15499877929688,151.46499633789062,73816,0.0,0.0
2025-04-16 10:08:00-04:00,151.47999572753906,151.66000366210938,151.27999877929688,151.4600067138672,58840,0.0,0.0
2025-04-16 10:09:00-04:00,151.46499633789062,151.67999267578125,151.3800048828125,151.67869567871094,44519,0.0,0.0
2025-04-16 10:10:00-04:00,151.6699981689453,151.9199981689453,151.6699981689453,151.8800048828125,42873,0.0,0.0
2025-04-16 10:11:00-04:00,151.8699951171875,152.10000610351562,151.7899932861328,151.97909545898438,71263,0.0,0.0
2025-04-16 10:12:00-04:00,151.9499969482422,152.40499877929688,151.9499969482422,152.06219482421875,66506,0.0,0.0
2025-04-16 10:13:00-04:00,152.08999633789062,152.17999267578125,152.0,152.02000427246094,41326,0.0,0.0
2025-04-16 10:14:00-04:00,152.0,152.0399932861328,151.77000427246094,152.00999450683594,50640,0.0,0.0
2025-04-16 10:15:00-04:00,152.05999755859375,152.22500610351562,151.90499877929688,152.02000427246094,49722,0.0,0.0
2025-04-16 10:16:00-04:00,152.02499389648438,152.11000061035156,151.84100341796875,152.0449981689453,26445,0.0,0.0
2025-04-16 10:17:00-04:00,152.02999877929688,152.27999877929688,151.9600067138672,152.22999572753906,87212,0.0,0.0
2025-04-16 10:18:00-04:00,152.22500610351562,152.3321075439453,152.1199951171875,152.1999969482422,54334,0.0,0.0
2025-04-16 10:19:00-04:00,152.21499633789062,152.48899841308594,152.14999389648438,152.4550018310547,44622,0.0,0.0
2025-04-16 10:20:00-04:00,152.4550018310547,152.6956024169922,152.38999938964844,152.63999938964844,86447,0.0,0.0
2025-04-16 10:21:00-04:00,152.6699981689453,152.83999633789062,152.55889892578125,152.7949981689453,35725,0.0,0.0
2025-04-16 10:22:00-04:00,152.7949981689453,152.97999572753906,152.5800018310547,152.68499755859375,99803,0.0,0.0
2025-04-16 10:23:00-04:00,152.66409301757812,152.80999755859375,152.66409301757812,152.75,30983,0.0,0.0
2025-04-16 10:24:00-04:00,152.75,152.97000122070312,152.75,152.8730010986328,32738,0.0,0.0
2025-04-16 10:25:00-04:00,152.86500549316406,153.0399932861328,152.85000610351562,152.89999389648438,76084,0.0,0.0
2025-04-16 10:26:00-04:00,152.89999389648438,153.01499938964844,152.60000610351562,152.64999389648438,29241,0.0,0.0
2025-04-16 10:27:00-04:00,152.65969848632812,152.77999877929688,152.4499969482422,152.72999572753906,37289,0.0,0.0
2025-04-16 10:28:00-04:00,152.74000549316406,152.88999938964844,152.69500732421875,152.74000549316406,36531,0.0,0.0
2025-04-16 10:29:00-04:00,152.7100067138672,152.78250122070312,152.47999572753906,152.52000427246094,20602,0.0,0.0
2025-04-16 10:30:00-04:00,152.5500030517578,152.60000610351562,152.1221923828125,152.38870239257812,48598,0.0,0.0
2025-04-16 10:31:00-04:00,152.3300018310547,152.3300018310547,152.0850067138672,152.1999969482422,40823,0.0,0.0
2025-04-16 10:32:00-04:00,152.2449951171875,152.5,152.2449951171875,152.39999389648438,38540,0.0,0.0
2025-04-16 10:33:00-04:00,152.38999938964844,152.55999755859375,152.2899932861328,152.5,37877,0.0,0.0
2025-04-16 10:34:00-04:00,152.52000427246094,152.55999755859375,152.3699951171875,152.4499969482422,21684,0.0,0.0
2025-04-16 10:35:00-04:00,152.44000244140625,152.52000427246094,152.2100067138672,152.389892578125,71082,0.0,0.0
2025-04-16 10:36:00-04:00,152.36500549316406,152.5,152.22999572753906,152.27890014648438,39901,0.0,0.0
2025-04-16 10:37:00-04:00,152.2550048828125,152.2550048828125,152.02999877929688,152.09039306640625,73702,0.0,0.0
2025-04-16 10:38:00-04:00,152.08999633789062,152.14999389648438,151.85499572753906,151.8699951171875,68535,0.0,0.0
2025-04-16 10:39:00-04:00,151.8800048828125,152.0500030517578,151.7100067138672,151.99000549316406,43732,0.0,0.0
2025-04-16 10:40:00-04:00,152.02999877929688,152.14500427246094,152.0,152.10000610351562,28529,0.0,0.0
2025-04-16 10:41:00-04:00,152.1300048828125,152.25999450683594,152.10000610351562,152.17999267578125,39934,0.0,0.0
2025-04-16 10:42:00-04:00,152.17999267578125,152.39999389648438,152.17999267578125,152.27000427246094,57496,0.0,0.0
2025-04-16 10:43:00-04:00,152.2899932861328,152.5800018310547,152.2899932861328,152.4759979248047,42145,0.0,0.0
2025-04-16 10:44:00-04:00,152.47000122070312,152.47999572753906,152.32000732421875,152.3699951171875,45832,0.0,0.0
2025-04-16 10:45:00-04:00,152.4199981689453,152.4199981689453,152.1999969482422,152.36000061035156,23031,0.0,0.0
2025-04-16 10:46:00-04:00,152.31399536132812,152.35000610351562,152.1699981689453,152.32000732421875,26476,0.0,0.0
2025-04-16 10:47:00-04:00,152.33999633789062,152.42999267578125,152.1999969482422,152.32000732421875,44601,0.0,0.0
2025-04-16 10:48:00-04:00,152.24000549316406,152.36000061035156,152.2100067138672,152.2449951171875,22466,0.0,0.0
2025-04-16 10:49:00-04:00,152.2550048828125,152.39999389648438,152.17999267578125,152.27000427246094,33891,0.0,0.0
2025-04-16 10:50:00-04:00,152.25999450683594,152.3800048828125,152.22000122070312,152.36000061035156,21816,0.0,0.0
2025-04-16 10:51:00-04:00,152.32000732421875,152.38999938964844,152.21499633789062,152.33999633789062,22382,0.0,0.0
2025-04-16 10:52:00-04:00,152.2899932861328,152.41000366210938,152.24000549316406,152.38499450683594,24373,0.0,0.0
2025-04-16 10:53:00-04:00,152.39999389648438,152.41250610351562,152.33999633789062,152.3800048828125,25662,0.0,0.0
2025-04-16 10:54:00-04:00,152.35000610351562,152.35000610351562,152.1815948486328,152.2100067138672,21886,0.0,0.0
2025-04-16 10:55:00-04:00,152.22999572753906,152.3249969482422,152.1300048828125,152.3000030517578,23172,0.0,0.0
2025-04-16 10:56:00-04:00,152.2899932861328,152.35000610351562,152.022705078125,152.022705078125,76521,0.0,0.0
2025-04-16 10:57:00-04:00,152.11000061035156,152.125,152.00999450683594,152.05999755859375,44696,0.0,0.0
2025-04-16 10:58:00-04:00,152.0449981689453,152.24000549316406,152.0449981689453,152.19500732421875,30438,0.0,0.0
2025-04-16 10:59:00-04:00,152.2198944091797,152.32000732421875,152.05999755859375,152.1699981689453,40169,0.0,0.0
2025-04-16 11:00:00-04:00,152.17999267578125,152.42999267578125,152.1300048828125,152.27000427246094,35194,0.0,0.0
2025-04-16 11:01:00-04:00,152.26499938964844,152.3000030517578,152.08999633789062,152.14999389648438,22178,0.0,0.0
2025-04-16 11:02:00-04:00,152.19000244140625,152.27000427246094,152.05999755859375,152.05999755859375,13392,0.0,0.0
2025-04-16 11:03:00-04:00,152.02000427246094,152.02000427246094,151.8800048828125,152.0,46641,0.0,0.0
2025-04-16 11:04:00-04:00,152.0,152.05999755859375,151.88999938964844,151.89999389648438,40045,0.0,0.0
2025-04-16 11:05:00-04:00,151.90170288085938,151.94509887695312,151.7613067626953,151.8249969482422,34357,0.0,0.0
2025-04-16 11:06:00-04:00,151.8300018310547,151.87339782714844,151.66000366210938,151.8300018310547,46852,0.0,0.0
2025-04-16 11:07:00-04:00,151.86000061035156,152.10000610351562,151.75,152.0850067138672,66339,0.0,0.0
2025-04-16 11:08:00-04:00,152.08999633789062,152.14999389648438,152.02499389648438,152.0500030517578,25174,0.0,0.0
2025-04-16 11:09:00-04:00,152.0500030517578,152.19000244140625,151.88009643554688,152.1479949951172,27369,0.0,0.0
2025-04-16 11:10:00-04:00,152.19000244140625,152.30999755859375,151.94000244140625,152.0500030517578,30135,0.0,0.0
2025-04-16 11:11:00-04:00,152.02000427246094,152.1199951171875,151.97999572753906,152.1002960205078,29730,0.0,0.0
2025-04-16 11:12:00-04:00,152.08999633789062,152.1649932861328,152.0399932861328,152.08999633789062,24119,0.0,0.0
2025-04-16 11:13:00-04:00,152.13999938964844,152.22999572753906,151.9783935546875,152.1699981689453,59181,0.0,0.0
2025-04-16 11:14:00-04:00,152.1999969482422,152.42999267578125,152.19500732421875,152.41000366210938,38132,0.0,0.0
2025-04-16 11:15:00-04:00,152.44500732421875,152.47000122070312,152.268798828125,152.2949981689453,30330,0.0,0.0
2025-04-16 11:16:00-04:00,152.2899932861328,152.35000610351562,152.10000610351562,152.3300018310547,18886,0.0,0.0
2025-04-16 11:17:00-04:00,152.3699951171875,152.47500610351562,152.3699951171875,152.4600067138672,17310,0.0,0.0
2025-04-16 11:18:00-04:00,152.44000244140625,152.5272979736328,152.35000610351562,152.5050048828125,14336,0.0,0.0
2025-04-16 11:19:00-04:00,152.5050048828125,152.6490936279297,152.38999938964844,152.38999938964844,25228,0.0,0.0
2025-04-16 11:20:00-04:00,152.40499877929688,152.66000366210938,152.35519409179688,152.66000366210938,24761,0.0,0.0
2025-04-16 11:21:00-04:00,152.6300048828125,152.77000427246094,152.60000610351562,152.77000427246094,21356,0.0,0.0
2025-04-16 11:22:00-04:00,152.77999877929688,153.00999450683594,152.77999877929688,152.98500061035156,49574,0.0,0.0
2025-04-16 11:23:00-04:00,153.0,153.05999755859375,152.8699951171875,152.98500061035156,49970,0.0,0.0
2025-04-16 11:24:00-04:00,152.99000549316406,153.39999389648438,152.97000122070312,153.25,78254,0.0,0.0
2025-04-16 11:25:00-04:00,153.27000427246094,153.5399932861328,153.27000427246094,153.47000122070312,44264,0.0,0.0
2025-04-16 11:26:00-04:00,153.4600067138672,153.49000549316406,153.2899932861328,153.38999938964844,27665,0.0,0.0
2025-04-16 11:27:00-04:00,153.4199981689453,153.48500061035156,153.31480407714844,153.3249969482422,18574,0.0,0.0
2025-04-16 11:28:00-04:00,153.3249969482422,153.44000244140625,153.25,153.41000366210938,89942,0.0,0.0
2025-04-16 11:29:00-04:00,153.3800048828125,153.44000244140625,153.27000427246094,153.33999633789062,37555,0.0,0.0
2025-04-16 11:30:00-04:00,153.33999633789062,153.38999938964844,152.9499969482422,153.00999450683594,43650,0.0,0.0
2025-04-16 11:31:00-04:00,153.02000427246094,153.02000427246094,152.89999389648438,152.99000549316406,27770,0.0,0.0
2025-04-16 11:32:00-04:00,152.97999572753906,153.05859375,152.89999389648438,152.9499969482422,32431,0.0,0.0
2025-04-16 11:33:00-04:00,152.9600067138672,153.1199951171875,152.92999267578125,153.10000610351562,20795,0.0,0.0
2025-04-16 11:34:00-04:00,153.07400512695312,153.20989990234375,153.07400512695312,153.1750030517578,15884,0.0,0.0
2025-04-16 11:35:00-04:00,153.19000244140625,153.32989501953125,153.1199951171875,153.2949981689453,28005,0.0,0.0
2025-04-16 11:36:00-04:00,153.2949981689453,153.3300018310547,153.0399932861328,153.0399932861328,31251,0.0,0.0
2025-04-16 11:37:00-04:00,153.05999755859375,153.05999755859375,152.89999389648438,152.97999572753906,20946,0.0,0.0
2025-04-16 11:38:00-04:00,153.00999450683594,153.00999450683594,152.91000366210938,152.9499969482422,12634,0.0,0.0
2025-04-16 11:39:00-04:00,152.97999572753906,153.11529541015625,152.92999267578125,153.06719970703125,20180,0.0,0.0
2025-04-16 11:40:00-04:00,153.0399932861328,153.0399932861328,152.86500549316406,152.88999938964844,17149,0.0,0.0
2025-04-16 11:41:00-04:00,152.83999633789062,152.9499969482422,152.83009338378906,152.88999938964844,24150,0.0,0.0
2025-04-16 11:42:00-04:00,152.83999633789062,152.8800048828125,152.7100067138672,152.72999572753906,48559,0.0,0.0
2025-04-16 11:43:00-04:00,152.7227020263672,152.82000732421875,152.64999389648438,152.80999755859375,12249,0.0,0.0
2025-04-16 11:44:00-04:00,152.75999450683594,152.77000427246094,152.66000366210938,152.73500061035156,13496,0.0,0.0
2025-04-16 11:45:00-04:00,152.75999450683594,152.8000030517578,152.5449981689453,152.5449981689453,36239,0.0,0.0
2025-04-16 11:46:00-04:00,152.53500366210938,152.61000061035156,152.3800048828125,152.59500122070312,28532,0.0,0.0
2025-04-16 11:47:00-04:00,152.625,152.7707977294922,152.625,152.6649932861328,24677,0.0,0.0
2025-04-16 11:48:00-04:00,152.6649932861328,152.72000122070312,152.4600067138672,152.5399932861328,21527,0.0,0.0
2025-04-16 11:49:00-04:00,152.52999877929688,152.5500030517578,152.41000366210938,152.42999267578125,21020,0.0,0.0
2025-04-16 11:50:00-04:00,152.43499755859375,152.48399353027344,152.25,152.26499938964844,17748,0.0,0.0
2025-04-16 11:51:00-04:00,152.26499938964844,152.39999389648438,152.22000122070312,152.3300018310547,24357,0.0,0.0
2025-04-16 11:52:00-04:00,152.2899932861328,152.2899932861328,152.19000244140625,152.25,29970,0.0,0.0
2025-04-16 11:53:00-04:00,152.25,152.41000366210938,152.2449951171875,152.27000427246094,18153,0.0,0.0
2025-04-16 11:54:00-04:00,152.27000427246094,152.27000427246094,152.13999938964844,152.16000366210938,24439,0.0,0.0
2025-04-16 11:55:00-04:00,152.16000366210938,152.2799072265625,152.14999389648438,152.25,23421,0.0,0.0
2025-04-16 11:56:00-04:00,152.23500061035156,152.31500244140625,152.2100067138672,152.22000122070312,19818,0.0,0.0
2025-04-16 11:57:00-04:00,152.2100067138672,152.3300018310547,152.2050018310547,152.2899932861328,25997,0.0,0.0
2025-04-16 11:58:00-04:00,152.30999755859375,152.30999755859375,152.11500549316406,152.14999389648438,35161,0.0,0.0
2025-04-16 11:59:00-04:00,152.1199951171875,152.1199951171875,152.02000427246094,152.09500122070312,31678,0.0,0.0
2025-04-16 12:00:00-04:00,152.1199951171875,152.1898956298828,151.94000244140625,152.08999633789062,75786,0.0,0.0
2025-04-16 12:01:00-04:00,152.08999633789062,152.1199951171875,151.85000610351562,151.97000122070312,33288,0.0,0.0
2025-04-16 12:02:00-04:00,151.97999572753906,152.00999450683594,151.8000030517578,151.8300018310547,32385,0.0,0.0
2025-04-16 12:03:00-04:00,151.8300018310547,151.89999389648438,151.8000030517578,151.8300018310547,50895,0.0,0.0
2025-04-16 12:04:00-04:00,151.8300018310547,152.0,151.8000030517578,151.97999572753906,49091,0.0,0.0
2025-04-16 12:05:00-04:00,151.94000244140625,151.9499969482422,151.80999755859375,151.83999633789062,18778,0.0,0.0
2025-04-16 12:06:00-04:00,151.86000061035156,151.97000122070312,151.66000366210938,151.67999267578125,34272,0.0,0.0
2025-04-16 12:07:00-04:00,151.68299865722656,151.91000366210938,151.6750030517578,151.8699951171875,33052,0.0,0.0
2025-04-16 12:08:00-04:00,151.8699951171875,152.06500244140625,151.85000610351562,152.02999877929688,18897,0.0,0.0
2025-04-16 12:09:00-04:00,152.0399932861328,152.08999633789062,151.9499969482422,152.08999633789062,19168,0.0,0.0
2025-04-16 12:10:00-04:00,152.0500030517578,152.22000122070312,152.0,152.22000122070312,12287,0.0,0.0
2025-04-16 12:11:00-04:00,152.22000122070312,152.36000061035156,152.22000122070312,152.36000061035156,24261,0.0,0.0
2025-04-16 12:12:00-04:00,152.36000061035156,152.38999938964844,152.1699981689453,152.2050018310547,27305,0.0,0.0
2025-04-16 12:13:00-04:00,152.24000549316406,152.32000732421875,152.22999572753906,152.27499389648438,15462,0.0,0.0
2025-04-16 12:14:00-04:00,152.25999450683594,152.38999938964844,152.22000122070312,152.3699951171875,17391,0.0,0.0
2025-04-16 12:15:00-04:00,152.3800048828125,152.41000366210938,152.26499938964844,152.3699951171875,12646,0.0,0.0
2025-04-16 12:16:00-04:00,152.36000061035156,152.3979034423828,152.13999938964844,152.14999389648438,75468,0.0,0.0
2025-04-16 12:17:00-04:00,152.1300048828125,152.1425018310547,152.06570434570312,152.13499450683594,59527,0.0,0.0
2025-04-16 12:18:00-04:00,152.13499450683594,152.24000549316406,152.1199951171875,152.18499755859375,26144,0.0,0.0
2025-04-16 12:19:00-04:00,152.19000244140625,152.2100067138672,152.10000610351562,152.1699981689453,17607,0.0,0.0
2025-04-16 12:20:00-04:00,152.13999938964844,152.13999938964844,152.02000427246094,152.02000427246094,13639,0.0,0.0
2025-04-16 12:21:00-04:00,152.02000427246094,152.18499755859375,151.97000122070312,152.0800018310547,30758,0.0,0.0
2025-04-16 12:22:00-04:00,152.0850067138672,152.14999389648438,152.02999877929688,152.13999938964844,14529,0.0,0.0
2025-04-16 12:23:00-04:00,152.1300048828125,152.17999267578125,152.08999633789062,152.16000366210938,11863,0.0,0.0
2025-04-16 12:24:00-04:00,152.1999969482422,152.39999389648438,152.17999267578125,152.39999389648438,20219,0.0,0.0
2025-04-16 12:25:00-04:00,152.375,152.44900512695312,152.35000610351562,152.38499450683594,20119,0.0,0.0
2025-04-16 12:26:00-04:00,152.38999938964844,152.44830322265625,152.3000030517578,152.4199981689453,13961,0.0,0.0
2025-04-16 12:27:00-04:00,152.4600067138672,152.49000549316406,152.2050018310547,152.2899932861328,28173,0.0,0.0
2025-04-16 12:28:00-04:00,152.27999877929688,152.4199981689453,152.27000427246094,152.38999938964844,21408,0.0,0.0
2025-04-16 12:29:00-04:00,152.38999938964844,152.47000122070312,152.24000549316406,152.2899932861328,21713,0.0,0.0
2025-04-16 12:30:00-04:00,152.30999755859375,152.35000610351562,152.25999450683594,152.27000427246094,16750,0.0,0.0
2025-04-16 12:31:00-04:00,152.27000427246094,152.4600067138672,152.1199951171875,152.2449951171875,81141,0.0,0.0
2025-04-16 12:32:00-04:00,152.28219604492188,152.28219604492188,151.97230529785156,152.0,43949,0.0,0.0
2025-04-16 12:33:00-04:00,151.9949951171875,152.2550048828125,151.97999572753906,152.25,57095,0.0,0.0
2025-04-16 12:34:00-04:00,152.27999877929688,152.51499938964844,152.27000427246094,152.50999450683594,27866,0.0,0.0
2025-04-16 12:35:00-04:00,152.50999450683594,152.5399932861328,152.27000427246094,152.32000732421875,15147,0.0,0.0
2025-04-16 12:36:00-04:00,152.27000427246094,152.2899932861328,152.1999969482422,152.28500366210938,8958,0.0,0.0
2025-04-16 12:37:00-04:00,152.2772979736328,152.2772979736328,152.0399932861328,152.10000610351562,21875,0.0,0.0
2025-04-16 12:38:00-04:00,152.10000610351562,152.1699981689453,152.0500030517578,152.09249877929688,21214,0.0,0.0
2025-04-16 12:39:00-04:00,152.09249877929688,152.13999938964844,152.00999450683594,152.125,16080,0.0,0.0
2025-04-16 12:40:00-04:00,152.13999938964844,152.14999389648438,151.94500732421875,151.97000122070312,18208,0.0,0.0
2025-04-16 12:41:00-04:00,151.9199981689453,152.05999755859375,151.9199981689453,152.02000427246094,42944,0.0,0.0
2025-04-16 12:42:00-04:00,152.02499389648438,152.0800018310547,151.94000244140625,152.0800018310547,42730,0.0,0.0
2025-04-16 12:43:00-04:00,152.0800018310547,152.17999267578125,152.0500030517578,152.1649932861328,24503,0.0,0.0
2025-04-16 12:44:00-04:00,152.1649932861328,152.24000549316406,152.1199951171875,152.1699981689453,23550,0.0,0.0
2025-04-16 12:45:00-04:00,152.1750030517578,152.24000549316406,152.0,152.05999755859375,31373,0.0,0.0
2025-04-16 12:46:00-04:00,152.0449981689453,152.0449981689453,151.9199981689453,151.9739990234375,28255,0.0,0.0
2025-04-16 12:47:00-04:00,151.9499969482422,152.08999633789062,151.9499969482422,152.0800018310547,11023,0.0,0.0
2025-04-16 12:48:00-04:00,152.10000610351562,152.1699981689453,152.02200317382812,152.10499572753906,24839,0.0,0.0
2025-04-16 12:49:00-04:00,152.0800018310547,152.1392059326172,152.0500030517578,152.0500030517578,11226,0.0,0.0
2025-04-16 12:50:00-04:00,152.05999755859375,152.08999633789062,151.86000061035156,151.8800048828125,27039,0.0,0.0
2025-04-16 12:51:00-04:00,151.86000061035156,152.0,151.85450744628906,151.95809936523438,37870,0.0,0.0
2025-04-16 12:52:00-04:00,151.95779418945312,151.9600067138672,151.85000610351562,151.86000061035156,27875,0.0,0.0
2025-04-16 12:53:00-04:00,151.86749267578125,152.00999450683594,151.80999755859375,151.99000549316406,16277,0.0,0.0
2025-04-16 12:54:00-04:00,152.02000427246094,152.0399932861328,151.91000366210938,152.02999877929688,15346,0.0,0.0
2025-04-16 12:55:00-04:00,152.02999877929688,152.0399932861328,151.88229370117188,151.9499969482422,13976,0.0,0.0
2025-04-16 12:56:00-04:00,151.9550018310547,152.0,151.9199981689453,151.9499969482422,30982,0.0,0.0
2025-04-16 12:57:00-04:00,151.94000244140625,151.99000549316406,151.82000732421875,151.94000244140625,34139,0.0,0.0
2025-04-16 12:58:00-04:00,151.97000122070312,152.00999450683594,151.9199981689453,151.92999267578125,12495,0.0,0.0
2025-04-16 12:59:00-04:00,151.92999267578125,151.94000244140625,151.8800048828125,151.91000366210938,12905,0.0,0.0
2025-04-16 13:00:00-04:00,151.8800048828125,151.9499969482422,151.73330688476562,151.88720703125,22712,0.0,0.0
2025-04-16 13:01:00-04:00,151.9199981689453,152.02000427246094,151.81500244140625,151.99000549316406,23182,0.0,0.0
2025-04-16 13:02:00-04:00,151.9600067138672,152.00999450683594,151.8350067138672,151.89500427246094,20188,0.0,0.0
2025-04-16 13:03:00-04:00,151.92999267578125,152.02740478515625,151.89500427246094,151.93179321289062,13539,0.0,0.0
2025-04-16 13:04:00-04:00,151.9550018310547,151.97000122070312,151.89999389648438,151.9199981689453,14776,0.0,0.0
2025-04-16 13:05:00-04:00,151.94000244140625,152.02000427246094,151.80999755859375,151.92999267578125,22509,0.0,0.0
2025-04-16 13:06:00-04:00,151.92999267578125,152.0070037841797,151.8699951171875,151.97999572753906,13382,0.0,0.0
2025-04-16 13:07:00-04:00,152.0,152.04600524902344,151.89999389648438,151.9199981689453,43717,0.0,0.0
2025-04-16 13:08:00-04:00,151.9199981689453,151.92999267578125,151.80140686035156,151.82809448242188,23051,0.0,0.0
2025-04-16 13:09:00-04:00,151.8300018310547,151.83999633789062,151.68499755859375,151.75,27587,0.0,0.0
2025-04-16 13:10:00-04:00,151.75,151.8000030517578,151.69000244140625,151.75999450683594,22216,0.0,0.0
2025-04-16 13:11:00-04:00,151.75,151.7899932861328,151.68499755859375,151.69760131835938,16563,0.0,0.0
2025-04-16 13:12:00-04:00,151.67999267578125,151.74000549316406,151.66000366210938,151.72000122070312,15994,0.0,0.0
2025-04-16 13:13:00-04:00,151.72999572753906,151.85000610351562,151.7259979248047,151.8300018310547,20291,0.0,0.0
2025-04-16 13:14:00-04:00,151.8699951171875,151.97999572753906,151.8699951171875,151.9499969482422,16779,0.0,0.0
2025-04-16 13:15:00-04:00,151.9499969482422,152.02000427246094,151.91000366210938,151.99000549316406,21545,0.0,0.0
2025-04-16 13:16:00-04:00,152.0,152.14999389648438,151.97000122070312,152.13999938964844,39853,0.0,0.0
2025-04-16 13:17:00-04:00,152.13999938964844,152.22999572753906,152.13999938964844,152.22999572753906,16712,0.0,0.0
2025-04-16 13:18:00-04:00,152.25,152.3625030517578,152.25,152.3300018310547,24917,0.0,0.0
2025-04-16 13:19:00-04:00,152.3699951171875,152.43499755859375,152.33999633789062,152.43499755859375,25546,0.0,0.0
2025-04-16 13:20:00-04:00,152.44000244140625,152.60000610351562,152.33999633789062,152.35000610351562,37261,0.0,0.0
2025-04-16 13:21:00-04:00,152.35000610351562,152.58999633789062,152.35000610351562,152.5800018310547,24612,0.0,0.0
2025-04-16 13:22:00-04:00,152.5800018310547,152.60690307617188,152.47000122070312,152.51499938964844,12731,0.0,0.0
2025-04-16 13:23:00-04:00,152.52999877929688,152.52999877929688,152.22000122070312,152.28500366210938,23711,0.0,0.0
2025-04-16 13:24:00-04:00,152.28250122070312,152.44659423828125,152.22999572753906,152.44659423828125,20333,0.0,0.0
2025-04-16 13:25:00-04:00,152.4600067138672,152.47999572753906,152.32000732421875,152.35000610351562,18328,0.0,0.0
2025-04-16 13:26:00-04:00,152.27000427246094,152.33999633789062,152.25,152.3000030517578,18262,0.0,0.0
2025-04-16 13:27:00-04:00,152.27999877929688,152.39999389648438,152.27999877929688,152.33999633789062,25964,0.0,0.0
2025-04-16 13:28:00-04:00,152.33999633789062,152.5,152.33999633789062,152.5,22226,0.0,0.0
2025-04-16 13:29:00-04:00,152.4949951171875,152.58680725097656,152.39889526367188,152.45700073242188,23582,0.0,0.0
2025-04-16 13:30:00-04:00,152.4600067138672,152.52999877929688,151.89999389648438,152.11500549316406,61712,0.0,0.0
2025-04-16 13:31:00-04:00,152.1199951171875,152.1199951171875,151.5500030517578,151.73179626464844,33665,0.0,0.0
2025-04-16 13:32:00-04:00,151.6649932861328,151.90499877929688,151.6300048828125,151.8000030517578,23439,0.0,0.0
2025-04-16 13:33:00-04:00,151.75999450683594,151.75999450683594,151.5800018310547,151.75,19702,0.0,0.0
2025-04-16 13:34:00-04:00,151.75,151.75,151.3708038330078,151.4550018310547,33425,0.0,0.0
2025-04-16 13:35:00-04:00,151.4550018310547,151.6199951171875,151.39999389648438,151.50320434570312,27326,0.0,0.0
2025-04-16 13:36:00-04:00,151.5399932861328,151.68629455566406,151.4949951171875,151.60000610351562,41036,0.0,0.0
2025-04-16 13:37:00-04:00,151.5800018310547,151.8300018310547,151.5399932861328,151.82000732421875,32571,0.0,0.0
2025-04-16 13:38:00-04:00,151.77999877929688,151.7949981689453,151.58999633789062,151.6300048828125,12654,0.0,0.0
2025-04-16 13:39:00-04:00,151.6488037109375,151.6699981689453,151.3699951171875,151.4499969482422,19255,0.0,0.0
2025-04-16 13:40:00-04:00,151.47000122070312,151.47000122070312,151.13999938964844,151.13999938964844,37831,0.0,0.0
2025-04-16 13:41:00-04:00,151.14999389648438,151.2100067138672,150.9199981689453,150.9499969482422,55768,0.0,0.0
2025-04-16 13:42:00-04:00,150.9499969482422,151.25999450683594,150.91000366210938,151.19000244140625,50077,0.0,0.0
2025-04-16 13:43:00-04:00,151.19500732421875,151.36000061035156,151.0800018310547,151.0800018310547,24679,0.0,0.0
2025-04-16 13:44:00-04:00,151.05099487304688,151.13999938964844,151.0399932861328,151.05499267578125,26760,0.0,0.0
2025-04-16 13:45:00-04:00,151.02000427246094,151.0399932861328,150.77999877929688,150.8000030517578,29802,0.0,0.0
2025-04-16 13:46:00-04:00,150.8000030517578,150.8300018310547,150.38999938964844,150.4250030517578,130050,0.0,0.0
2025-04-16 13:47:00-04:00,150.40199279785156,150.47000122070312,150.22999572753906,150.27499389648438,55826,0.0,0.0
2025-04-16 13:48:00-04:00,150.27000427246094,150.50999450683594,150.27000427246094,150.38999938964844,44227,0.0,0.0
2025-04-16 13:49:00-04:00,150.39999389648438,150.5800018310547,150.3800048828125,150.5500030517578,31420,0.0,0.0
2025-04-16 13:50:00-04:00,150.5500030517578,150.5500030517578,150.25010681152344,150.27999877929688,40409,0.0,0.0
2025-04-16 13:51:00-04:00,150.25999450683594,150.67999267578125,150.25,150.5399932861328,50140,0.0,0.0
2025-04-16 13:52:00-04:00,150.52000427246094,150.69000244140625,150.47999572753906,150.6699981689453,39520,0.0,0.0
2025-04-16 13:53:00-04:00,150.7050018310547,150.82530212402344,150.53500366210938,150.53500366210938,33480,0.0,0.0
2025-04-16 13:54:00-04:00,150.52499389648438,150.53500366210938,150.35000610351562,150.40330505371094,24591,0.0,0.0
2025-04-16 13:55:00-04:00,150.42999267578125,150.47999572753906,150.23959350585938,150.30999755859375,33791,0.0,0.0
2025-04-16 13:56:00-04:00,150.27499389648438,150.3000030517578,150.07150268554688,150.09500122070312,43949,0.0,0.0
2025-04-16 13:57:00-04:00,150.0717010498047,150.09500122070312,149.77499389648438,149.90499877929688,126712,0.0,0.0
2025-04-16 13:58:00-04:00,149.88999938964844,150.0,149.72000122070312,149.88499450683594,68449,0.0,0.0
2025-04-16 13:59:00-04:00,149.88499450683594,149.94000244140625,149.6699981689453,149.6999969482422,32924,0.0,0.0
2025-04-16 14:00:00-04:00,149.6999969482422,150.57000732421875,149.6699981689453,150.2449951171875,153696,0.0,0.0
2025-04-16 14:01:00-04:00,150.2899932861328,150.3249969482422,149.94000244140625,150.0800018310547,65935,0.0,0.0
2025-04-16 14:02:00-04:00,150.11000061035156,150.3000030517578,150.0449981689453,150.08999633789062,50984,0.0,0.0
2025-04-16 14:03:00-04:00,150.13999938964844,150.27000427246094,150.10499572753906,150.25,30418,0.0,0.0
2025-04-16 14:04:00-04:00,150.24000549316406,150.35000610351562,150.16000366210938,150.27000427246094,23112,0.0,0.0
2025-04-16 14:05:00-04:00,150.27000427246094,150.42990112304688,150.13999938964844,150.35850524902344,40794,0.0,0.0
2025-04-16 14:06:00-04:00,150.35000610351562,150.44000244140625,150.27000427246094,150.4250030517578,26022,0.0,0.0
2025-04-16 14:07:00-04:00,150.4199981689453,150.4600067138672,150.18499755859375,150.24000549316406,40214,0.0,0.0
2025-04-16 14:08:00-04:00,150.24000549316406,150.35000610351562,150.1699981689453,150.22999572753906,38792,0.0,0.0
2025-04-16 14:09:00-04:00,150.21119689941406,150.52000427246094,150.10000610351562,150.49000549316406,74861,0.0,0.0
2025-04-16 14:10:00-04:00,150.49000549316406,150.69000244140625,150.4600067138672,150.5800018310547,51446,0.0,0.0
2025-04-16 14:11:00-04:00,150.57000732421875,150.7100067138672,150.40499877929688,150.4199981689453,49535,0.0,0.0
2025-04-16 14:12:00-04:00,150.4199981689453,150.52999877929688,150.32000732421875,150.375,35232,0.0,0.0
2025-04-16 14:13:00-04:00,150.33999633789062,150.3986053466797,150.0500030517578,150.10000610351562,42020,0.0,0.0
2025-04-16 14:14:00-04:00,150.10000610351562,150.41000366210938,150.10000610351562,150.41000366210938,63093,0.0,0.0
2025-04-16 14:15:00-04:00,150.42999267578125,150.52999877929688,150.17999267578125,150.26499938964844,45675,0.0,0.0
2025-04-16 14:16:00-04:00,150.2449951171875,150.27999877929688,150.07009887695312,150.1204071044922,25813,0.0,0.0
2025-04-16 14:17:00-04:00,150.11199951171875,150.1750030517578,149.95010375976562,150.00999450683594,44880,0.0,0.0
2025-04-16 14:18:00-04:00,149.98500061035156,150.0399932861328,149.8300018310547,149.88499450683594,36869,0.0,0.0
2025-04-16 14:19:00-04:00,149.89999389648438,149.9600067138672,149.7519989013672,149.9250030517578,43418,0.0,0.0
2025-04-16 14:20:00-04:00,149.9250030517578,149.94830322265625,149.77000427246094,149.9149932861328,41900,0.0,0.0
2025-04-16 14:21:00-04:00,149.9149932861328,150.13499450683594,149.8699951171875,150.11329650878906,56430,0.0,0.0
2025-04-16 14:22:00-04:00,150.1199951171875,150.2115936279297,149.86000061035156,150.2115936279297,28233,0.0,0.0
2025-04-16 14:23:00-04:00,150.17999267578125,150.46499633789062,150.17999267578125,150.33999633789062,41782,0.0,0.0
2025-04-16 14:24:00-04:00,150.35000610351562,150.56500244140625,150.27999877929688,150.4550018310547,31495,0.0,0.0
2025-04-16 14:25:00-04:00,150.4550018310547,150.57000732421875,150.34500122070312,150.49009704589844,52611,0.0,0.0
2025-04-16 14:26:00-04:00,150.5496063232422,150.6199951171875,150.44500732421875,150.49000549316406,72210,0.0,0.0
2025-04-16 14:27:00-04:00,150.52000427246094,150.66000366210938,150.41000366210938,150.5449981689453,45457,0.0,0.0
2025-04-16 14:28:00-04:00,150.5449981689453,150.66000366210938,150.4199981689453,150.44000244140625,23511,0.0,0.0
2025-04-16 14:29:00-04:00,150.47000122070312,150.57000732421875,150.42999267578125,150.47000122070312,23942,0.0,0.0
2025-04-16 14:30:00-04:00,150.47500610351562,150.50999450683594,150.22000122070312,150.27999877929688,33422,0.0,0.0
2025-04-16 14:31:00-04:00,150.26499938964844,150.4199981689453,150.25,150.3699951171875,22063,0.0,0.0
2025-04-16 14:32:00-04:00,150.3800048828125,150.44000244140625,150.2100067138672,150.3300018310547,35519,0.0,0.0
2025-04-16 14:33:00-04:00,150.36500549316406,150.39999389648438,150.25,150.33999633789062,21385,0.0,0.0
2025-04-16 14:34:00-04:00,150.33999633789062,150.44500732421875,150.2100067138672,150.27000427246094,37735,0.0,0.0
2025-04-16 14:35:00-04:00,150.22999572753906,150.2899932861328,150.08999633789062,150.13999938964844,27054,0.0,0.0
2025-04-16 14:36:00-04:00,150.14999389648438,150.27999877929688,150.11000061035156,150.25,28928,0.0,0.0
2025-04-16 14:37:00-04:00,150.22999572753906,150.25,149.92999267578125,149.94859313964844,27390,0.0,0.0
2025-04-16 14:38:00-04:00,149.92999267578125,149.92999267578125,149.66000366210938,149.72000122070312,38657,0.0,0.0
2025-04-16 14:39:00-04:00,149.71249389648438,149.75999450683594,149.64999389648438,149.66000366210938,25011,0.0,0.0
2025-04-16 14:40:00-04:00,149.6501007080078,149.77330017089844,149.6199951171875,149.63999938964844,80903,0.0,0.0
2025-04-16 14:41:00-04:00,149.6300048828125,149.69000244140625,149.52999877929688,149.63999938964844,39224,0.0,0.0
2025-04-16 14:42:00-04:00,149.63999938964844,149.75999450683594,149.5850067138672,149.65499877929688,27860,0.0,0.0
2025-04-16 14:43:00-04:00,149.66000366210938,149.6649932861328,149.40499877929688,149.4499969482422,52715,0.0,0.0
2025-04-16 14:44:00-04:00,149.4550018310547,149.55999755859375,149.4499969482422,149.50999450683594,69966,0.0,0.0
2025-04-16 14:45:00-04:00,149.50999450683594,149.67999267578125,149.3800048828125,149.41000366210938,66352,0.0,0.0
2025-04-16 14:46:00-04:00,149.4199981689453,149.67999267578125,149.4199981689453,149.58999633789062,39892,0.0,0.0
2025-04-16 14:47:00-04:00,149.58999633789062,149.6699981689453,149.47520446777344,149.5500030517578,50141,0.0,0.0
2025-04-16 14:48:00-04:00,149.5800018310547,149.5998992919922,149.44000244140625,149.5399932861328,26440,0.0,0.0
2025-04-16 14:49:00-04:00,149.50999450683594,149.50999450683594,149.36050415039062,149.4499969482422,30824,0.0,0.0
2025-04-16 14:50:00-04:00,149.4499969482422,149.52999877929688,149.36000061035156,149.39999389648438,41847,0.0,0.0
2025-04-16 14:51:00-04:00,149.39999389648438,149.60000610351562,149.34739685058594,149.55499267578125,46286,0.0,0.0
2025-04-16 14:52:00-04:00,149.55499267578125,149.63999938964844,149.52960205078125,149.61500549316406,42428,0.0,0.0
2025-04-16 14:53:00-04:00,149.61500549316406,149.61500549316406,149.30999755859375,149.41000366210938,47228,0.0,0.0
2025-04-16 14:54:00-04:00,149.41000366210938,149.5,149.3800048828125,149.44700622558594,61119,0.0,0.0
2025-04-16 14:55:00-04:00,149.44000244140625,149.5,149.38499450683594,149.47999572753906,34565,0.0,0.0
2025-04-16 14:56:00-04:00,149.4499969482422,149.52999877929688,149.4010009765625,149.43499755859375,41844,0.0,0.0
2025-04-16 14:57:00-04:00,149.43499755859375,149.53919982910156,149.35000610351562,149.35000610351562,44991,0.0,0.0
2025-04-16 14:58:00-04:00,149.3699951171875,149.41000366210938,149.22999572753906,149.30999755859375,52672,0.0,0.0
2025-04-16 14:59:00-04:00,149.30999755859375,149.32000732421875,149.14999389648438,149.21029663085938,39110,0.0,0.0
2025-04-16 15:00:00-04:00,149.22999572753906,149.31500244140625,149.22000122070312,149.27000427246094,53968,0.0,0.0
2025-04-16 15:01:00-04:00,149.25999450683594,149.44000244140625,149.25999450683594,149.375,51150,0.0,0.0
2025-04-16 15:02:00-04:00,149.3800048828125,149.44000244140625,149.17999267578125,149.27999877929688,40789,0.0,0.0
2025-04-16 15:03:00-04:00,149.27999877929688,149.32000732421875,149.22999572753906,149.28500366210938,23381,0.0,0.0
2025-04-16 15:04:00-04:00,149.28500366210938,149.28500366210938,148.85000610351562,148.88499450683594,80601,0.0,0.0
2025-04-16 15:05:00-04:00,148.88499450683594,149.11000061035156,148.88499450683594,149.07029724121094,43829,0.0,0.0
2025-04-16 15:06:00-04:00,149.1199951171875,149.13999938964844,148.84010314941406,148.86500549316406,40504,0.0,0.0
2025-04-16 15:07:00-04:00,148.86000061035156,148.94979858398438,148.7449951171875,148.86000061035156,55617,0.0,0.0
2025-04-16 15:08:00-04:00,148.85499572753906,148.86000061035156,148.7100067138672,148.82839965820312,47009,0.0,0.0
2025-04-16 15:09:00-04:00,148.80499267578125,148.82989501953125,148.63999938964844,148.67039489746094,48738,0.0,0.0
2025-04-16 15:10:00-04:00,148.6999969482422,148.7100067138672,148.5800018310547,148.5928955078125,44892,0.0,0.0
2025-04-16 15:11:00-04:00,148.61570739746094,148.6790008544922,148.52000427246094,148.6533966064453,70639,0.0,0.0
2025-04-16 15:12:00-04:00,148.65499877929688,148.97000122070312,148.6300048828125,148.9219970703125,86540,0.0,0.0
2025-04-16 15:13:00-04:00,148.9499969482422,149.11000061035156,148.84750366210938,149.10000610351562,58058,0.0,0.0
2025-04-16 15:14:00-04:00,149.08180236816406,149.1699981689453,148.9499969482422,149.02000427246094,43190,0.0,0.0
2025-04-16 15:15:00-04:00,149.02499389648438,149.3800048828125,149.02000427246094,149.33999633789062,72732,0.0,0.0
2025-04-16 15:16:00-04:00,149.33700561523438,149.36000061035156,149.0399932861328,149.1199951171875,151200,0.0,0.0
2025-04-16 15:17:00-04:00,149.10000610351562,149.1699981689453,149.02999877929688,149.0399932861328,37583,0.0,0.0
2025-04-16 15:18:00-04:00,149.06500244140625,149.07000732421875,148.8699951171875,148.92999267578125,37811,0.0,0.0
2025-04-16 15:19:00-04:00,148.94000244140625,149.00999450683594,148.875,148.875,38480,0.0,0.0
2025-04-16 15:20:00-04:00,148.86000061035156,148.89999389648438,148.72999572753906,148.80999755859375,37228,0.0,0.0
2025-04-16 15:21:00-04:00,148.80499267578125,149.0399932861328,148.77000427246094,149.0399932861328,44530,0.0,0.0
2025-04-16 15:22:00-04:00,149.02999877929688,149.17999267578125,148.92999267578125,149.08999633789062,58504,0.0,0.0
2025-04-16 15:23:00-04:00,149.10000610351562,149.24000549316406,149.0800018310547,149.11000061035156,51989,0.0,0.0
2025-04-16 15:24:00-04:00,149.11000061035156,149.11000061035156,148.94000244140625,148.9600067138672,31481,0.0,0.0
2025-04-16 15:25:00-04:00,148.9600067138672,148.99000549316406,148.69000244140625,148.72000122070312,43918,0.0,0.0
2025-04-16 15:26:00-04:00,148.74000549316406,148.75,148.58999633789062,148.6199951171875,50601,0.0,0.0
2025-04-16 15:27:00-04:00,148.63999938964844,148.86990356445312,148.63999938964844,148.8350067138672,70863,0.0,0.0
2025-04-16 15:28:00-04:00,148.82000732421875,148.94000244140625,148.6199951171875,148.6947021484375,64359,0.0,0.0
2025-04-16 15:29:00-04:00,148.69000244140625,148.89990234375,148.69000244140625,148.875,39896,0.0,0.0
2025-04-16 15:30:00-04:00,148.89999389648438,149.27999877929688,148.89999389648438,149.25,72254,0.0,0.0
2025-04-16 15:31:00-04:00,149.25999450683594,149.2899932861328,149.1699981689453,149.24400329589844,45441,0.0,0.0
2025-04-16 15:32:00-04:00,149.25999450683594,149.52000427246094,149.25999450683594,149.5050048828125,176542,0.0,0.0
2025-04-16 15:33:00-04:00,149.52000427246094,149.60000610351562,149.44000244140625,149.5500030517578,51982,0.0,0.0
2025-04-16 15:34:00-04:00,149.55250549316406,149.74000549316406,149.5,149.61000061035156,57443,0.0,0.0
2025-04-16 15:35:00-04:00,149.60000610351562,149.889892578125,149.57000732421875,149.8350067138672,173329,0.0,0.0
2025-04-16 15:36:00-04:00,149.86000061035156,149.9398956298828,149.63999938964844,149.6699981689453,97748,0.0,0.0
2025-04-16 15:37:00-04:00,149.66000366210938,149.6750030517578,149.4405975341797,149.625,42882,0.0,0.0
2025-04-16 15:38:00-04:00,149.64999389648438,149.9600067138672,149.64410400390625,149.89999389648438,90054,0.0,0.0
2025-04-16 15:39:00-04:00,149.8699951171875,150.0850067138672,149.75010681152344,150.02499389648438,98507,0.0,0.0
2025-04-16 15:40:00-04:00,150.02999877929688,150.2449951171875,149.97000122070312,150.1750030517578,122785,0.0,0.0
2025-04-16 15:41:00-04:00,150.16000366210938,150.4499969482422,150.16000366210938,150.44000244140625,80367,0.0,0.0
2025-04-16 15:42:00-04:00,150.41000366210938,150.4199981689453,150.0,150.24000549316406,65878,0.0,0.0
2025-04-16 15:43:00-04:00,150.26300048828125,150.27000427246094,150.1300048828125,150.17999267578125,59683,0.0,0.0
2025-04-16 15:44:00-04:00,150.17999267578125,150.24000549316406,150.0500030517578,150.13999938964844,70660,0.0,0.0
2025-04-16 15:45:00-04:00,150.13999938964844,150.44000244140625,150.0800018310547,150.34500122070312,88407,0.0,0.0
2025-04-16 15:46:00-04:00,150.36000061035156,150.52000427246094,150.3300018310547,150.50999450683594,120480,0.0,0.0
2025-04-16 15:47:00-04:00,150.50999450683594,150.72000122070312,150.5,150.6147003173828,82932,0.0,0.0
2025-04-16 15:48:00-04:00,150.58999633789062,150.82000732421875,150.49000549316406,150.82000732421875,86757,0.0,0.0
2025-04-16 15:49:00-04:00,150.8300018310547,150.99000549316406,150.75999450683594,150.92999267578125,83329,0.0,0.0
2025-04-16 15:50:00-04:00,150.97000122070312,151.4499969482422,150.97000122070312,151.22000122070312,185710,0.0,0.0
2025-04-16 15:51:00-04:00,151.21499633789062,151.5800018310547,151.07000732421875,151.5800018310547,133531,0.0,0.0
2025-04-16 15:52:00-04:00,151.57000732421875,151.72000122070312,151.32000732421875,151.5,130790,0.0,0.0
2025-04-16 15:53:00-04:00,151.47999572753906,151.61000061035156,151.19000244140625,151.19000244140625,211405,0.0,0.0
2025-04-16 15:54:00-04:00,151.19000244140625,151.76849365234375,151.11000061035156,151.76849365234375,206537,0.0,0.0
2025-04-16 15:55:00-04:00,151.75,151.75,150.7779998779297,151.3000030517578,246553,0.0,0.0
2025-04-16 15:56:00-04:00,151.2899932861328,151.52000427246094,151.1199951171875,151.18499755859375,241320,0.0,0.0
2025-04-16 15:57:00-04:00,151.17999267578125,151.2899932861328,151.0500030517578,151.18499755859375,217816,0.0,0.0
2025-04-16 15:58:00-04:00,151.18499755859375,151.6999969482422,151.18499755859375,151.6800994873047,388293,0.0,0.0
2025-04-16 15:59:00-04:00,151.69000244140625,151.97999572753906,151.41000366210938,151.75999450683594,555241,0.0,0.0
2025-04-17 09:30:00-04:00,156.80999755859375,156.86000061035156,156.80499267578125,156.86000061035156,2809208,0.0,0.0
2025-04-17 09:31:00-04:00,156.88999938964844,157.00990295410156,154.8000946044922,155.72000122070312,394447,0.0,0.0
2025-04-17 09:32:00-04:00,155.72000122070312,156.6699981689453,155.50999450683594,156.02000427246094,445159,0.0,0.0
2025-04-17 09:33:00-04:00,156.0388946533203,156.47999572753906,155.77999877929688,156.14500427246094,288861,0.0,0.0
2025-04-17 09:34:00-04:00,156.14500427246094,156.4199981689453,154.9199981689453,154.9199981689453,343050,0.0,0.0
2025-04-17 09:35:00-04:00,155.0,155.83999633789062,154.63999938964844,155.78660583496094,536264,0.0,0.0
2025-04-17 09:36:00-04:00,155.77999877929688,156.1885986328125,155.39999389648438,156.03500366210938,347505,0.0,0.0
2025-04-17 09:37:00-04:00,156.05999755859375,156.30999755859375,155.4600067138672,155.8199005126953,358175,0.0,0.0
2025-04-17 09:38:00-04:00,155.78500366210938,155.79409790039062,154.99000549316406,155.1165008544922,123900,0.0,0.0
2025-04-17 09:39:00-04:00,155.08999633789062,155.4149932861328,154.74000549316406,155.35000610351562,169540,0.0,0.0
2025-04-17 09:40:00-04:00,155.4199981689453,155.5399932861328,155.0399932861328,155.2100067138672,88270,0.0,0.0
2025-04-17 09:41:00-04:00,155.22999572753906,155.64999389648438,155.22999572753906,155.61500549316406,98222,0.0,0.0
2025-04-17 09:42:00-04:00,155.63760375976562,155.72500610351562,154.82000732421875,154.83999633789062,170798,0.0,0.0
2025-04-17 09:43:00-04:00,154.83999633789062,155.0,154.39999389648438,154.49000549316406,246780,0.0,0.0
2025-04-17 09:44:00-04:00,154.49000549316406,154.63999938964844,153.8800048828125,154.1699981689453,164189,0.0,0.0
2025-04-17 09:45:00-04:00,154.125,154.3000030517578,153.19000244140625,153.43499755859375,225523,0.0,0.0
2025-04-17 09:46:00-04:00,153.42999267578125,153.7100067138672,153.17999267578125,153.5749969482422,132575,0.0,0.0
2025-04-17 09:47:00-04:00,153.5749969482422,153.91000366210938,153.2899932861328,153.61000061035156,130890,0.0,0.0
2025-04-17 09:48:00-04:00,153.66879272460938,153.8000030517578,153.50999450683594,153.76499938964844,145364,0.0,0.0
2025-04-17 09:49:00-04:00,153.75,154.1300048828125,153.33999633789062,154.0449981689453,150347,0.0,0.0
2025-04-17 09:50:00-04:00,154.0449981689453,154.83680725097656,154.02999877929688,154.77999877929688,163006,0.0,0.0
2025-04-17 09:51:00-04:00,154.74000549316406,154.83999633789062,154.1300048828125,154.16940307617188,102199,0.0,0.0
2025-04-17 09:52:00-04:00,154.25,154.668701171875,154.1999969482422,154.47999572753906,121684,0.0,0.0
2025-04-17 09:53:00-04:00,154.47999572753906,154.74000549316406,154.35000610351562,154.3699951171875,62729,0.0,0.0
2025-04-17 09:54:00-04:00,154.35000610351562,154.50999450683594,154.08999633789062,154.19500732421875,70718,0.0,0.0
2025-04-17 09:55:00-04:00,154.19500732421875,154.35000610351562,153.9199981689453,154.2050018310547,120525,0.0,0.0
2025-04-17 09:56:00-04:00,154.25999450683594,154.33999633789062,153.95599365234375,154.125,69125,0.0,0.0
2025-04-17 09:57:00-04:00,154.2100067138672,154.35000610351562,154.0417022705078,154.22500610351562,50216,0.0,0.0
2025-04-17 09:58:00-04:00,154.22500610351562,154.32000732421875,154.02999877929688,154.05999755859375,60453,0.0,0.0
2025-04-17 09:59:00-04:00,154.02000427246094,154.47000122070312,153.9300994873047,154.1999969482422,72931,0.0,0.0
2025-04-17 10:00:00-04:00,154.22000122070312,154.22000122070312,153.5,153.5800018310547,153099,0.0,0.0
2025-04-17 10:01:00-04:00,153.64500427246094,154.3000030517578,153.6199951171875,154.06500244140625,85037,0.0,0.0
2025-04-17 10:02:00-04:00,154.06500244140625,154.22999572753906,153.9499969482422,154.0449981689453,74358,0.0,0.0
2025-04-17 10:03:00-04:00,154.08999633789062,154.13999938964844,153.8300018310547,153.93499755859375,67045,0.0,0.0
2025-04-17 10:04:00-04:00,153.97000122070312,154.0,153.52149963378906,153.80999755859375,99247,0.0,0.0
2025-04-17 10:05:00-04:00,153.83999633789062,153.86500549316406,153.43150329589844,153.6199951171875,44954,0.0,0.0
2025-04-17 10:06:00-04:00,153.65499877929688,153.6876983642578,153.0399932861328,153.056396484375,140245,0.0,0.0
2025-04-17 10:07:00-04:00,153.1699981689453,153.1699981689453,152.6300048828125,152.85000610351562,136961,0.0,0.0
2025-04-17 10:08:00-04:00,152.83999633789062,153.24000549316406,152.77000427246094,153.08999633789062,65042,0.0,0.0
2025-04-17 10:09:00-04:00,153.10000610351562,153.25,152.8699951171875,153.22999572753906,57843,0.0,0.0
2025-04-17 10:10:00-04:00,153.24000549316406,153.38999938964844,153.0500030517578,153.17999267578125,90968,0.0,0.0
2025-04-17 10:11:00-04:00,153.1999969482422,153.34910583496094,152.88999938964844,153.11000061035156,80695,0.0,0.0
2025-04-17 10:12:00-04:00,153.1199951171875,153.50999450683594,153.05999755859375,153.32000732421875,84980,0.0,0.0
2025-04-17 10:13:00-04:00,153.35000610351562,153.36000061035156,152.88999938964844,152.94500732421875,62991,0.0,0.0
2025-04-17 10:14:00-04:00,152.94500732421875,153.11000061035156,152.77000427246094,153.08999633789062,94246,0.0,0.0
2025-04-17 10:15:00-04:00,153.05499267578125,153.6300048828125,153.05499267578125,153.57000732421875,115123,0.0,0.0
2025-04-17 10:16:00-04:00,153.6199951171875,153.72000122070312,152.99000549316406,153.25,77342,0.0,0.0
2025-04-17 10:17:00-04:00,153.30999755859375,153.30999755859375,153.0399932861328,153.1096954345703,33870,0.0,0.0
2025-04-17 10:18:00-04:00,153.125,153.22000122070312,152.91119384765625,153.1199951171875,53459,0.0,0.0
2025-04-17 10:19:00-04:00,153.10000610351562,153.1999969482422,152.92999267578125,153.17999267578125,90321,0.0,0.0
2025-04-17 10:20:00-04:00,153.13999938964844,153.1699981689453,152.82049560546875,152.97000122070312,67627,0.0,0.0
2025-04-17 10:21:00-04:00,152.97999572753906,152.97999572753906,152.5800018310547,152.91000366210938,79606,0.0,0.0
2025-04-17 10:22:00-04:00,152.9499969482422,153.47000122070312,152.9261016845703,153.22000122070312,106856,0.0,0.0
2025-04-17 10:23:00-04:00,153.25,153.3000030517578,153.0,153.16000366210938,42125,0.0,0.0
2025-04-17 10:24:00-04:00,153.1199951171875,153.1300048828125,152.74070739746094,152.76499938964844,41691,0.0,0.0
2025-04-17 10:25:00-04:00,152.76499938964844,152.77000427246094,152.50999450683594,152.71690368652344,66465,0.0,0.0
2025-04-17 10:26:00-04:00,152.71690368652344,152.83999633789062,152.57000732421875,152.8300018310547,45955,0.0,0.0
2025-04-17 10:27:00-04:00,152.8300018310547,152.86000061035156,152.13999938964844,152.3300018310547,122025,0.0,0.0
2025-04-17 10:28:00-04:00,152.35000610351562,152.36000061035156,152.11000061035156,152.22500610351562,70020,0.0,0.0
2025-04-17 10:29:00-04:00,152.2100067138672,152.22999572753906,151.97999572753906,152.1999969482422,100452,0.0,0.0
2025-04-17 10:30:00-04:00,152.1999969482422,152.25,151.91000366210938,151.91000366210938,120610,0.0,0.0
2025-04-17 10:31:00-04:00,151.9600067138672,152.1999969482422,151.6800994873047,152.1999969482422,84222,0.0,0.0
2025-04-17 10:32:00-04:00,152.1999969482422,152.3800048828125,152.0200958251953,152.02130126953125,87201,0.0,0.0
2025-04-17 10:33:00-04:00,152.08999633789062,152.2082061767578,151.97999572753906,152.11000061035156,51356,0.0,0.0
2025-04-17 10:34:00-04:00,152.11000061035156,152.22999572753906,151.91009521484375,152.14039611816406,71775,0.0,0.0
2025-04-17 10:35:00-04:00,152.16000366210938,152.25,152.05999755859375,152.11000061035156,43498,0.0,0.0
2025-04-17 10:36:00-04:00,152.10000610351562,152.10000610351562,151.53140258789062,151.61000061035156,102225,0.0,0.0
2025-04-17 10:37:00-04:00,151.59140014648438,151.80999755859375,151.4468994140625,151.79910278320312,125778,0.0,0.0
2025-04-17 10:38:00-04:00,151.77000427246094,151.9499969482422,151.5,151.5449981689453,76052,0.0,0.0
2025-04-17 10:39:00-04:00,151.50999450683594,152.0572967529297,151.49000549316406,151.90499877929688,97602,0.0,0.0
2025-04-17 10:40:00-04:00,151.9149932861328,152.28700256347656,151.85940551757812,152.2362060546875,59794,0.0,0.0
2025-04-17 10:41:00-04:00,152.26499938964844,152.8000030517578,152.2100067138672,152.6699981689453,78805,0.0,0.0
2025-04-17 10:42:00-04:00,152.7100067138672,152.8699951171875,152.61000061035156,152.75999450683594,66015,0.0,0.0
2025-04-17 10:43:00-04:00,152.75999450683594,152.99099731445312,152.72999572753906,152.8000030517578,71771,0.0,0.0
2025-04-17 10:44:00-04:00,152.8000030517578,153.25999450683594,152.77969360351562,153.15969848632812,87274,0.0,0.0
2025-04-17 10:45:00-04:00,153.17999267578125,153.17999267578125,153.00999450683594,153.0449981689453,40073,0.0,0.0
2025-04-17 10:46:00-04:00,153.031494140625,153.44000244140625,153.031494140625,153.3300018310547,101843,0.0,0.0
2025-04-17 10:47:00-04:00,153.3300018310547,153.44000244140625,153.24000549316406,153.2449951171875,66611,0.0,0.0
2025-04-17 10:48:00-04:00,153.27000427246094,153.27000427246094,153.05999755859375,153.17999267578125,96959,0.0,0.0
2025-04-17 10:49:00-04:00,153.1750030517578,153.2100067138672,153.04010009765625,153.06640625,31974,0.0,0.0
2025-04-17 10:50:00-04:00,153.10499572753906,153.30999755859375,153.0500946044922,153.16000366210938,62908,0.0,0.0
2025-04-17 10:51:00-04:00,153.16000366210938,153.29730224609375,152.8800048828125,152.97999572753906,78664,0.0,0.0
2025-04-17 10:52:00-04:00,153.04299926757812,153.05999755859375,152.72999572753906,152.85499572753906,58289,0.0,0.0
2025-04-17 10:53:00-04:00,152.85499572753906,152.94000244140625,152.72999572753906,152.75999450683594,29367,0.0,0.0
2025-04-17 10:54:00-04:00,152.75999450683594,152.9600067138672,152.75999450683594,152.89889526367188,17905,0.0,0.0
2025-04-17 10:55:00-04:00,152.904296875,152.9199981689453,152.4199981689453,152.5500030517578,25280,0.0,0.0
2025-04-17 10:56:00-04:00,152.57000732421875,152.6699981689453,152.33999633789062,152.3800048828125,43999,0.0,0.0
2025-04-17 10:57:00-04:00,152.42999267578125,152.6199951171875,152.27000427246094,152.58999633789062,51058,0.0,0.0
2025-04-17 10:58:00-04:00,152.57339477539062,152.63999938964844,152.49000549316406,152.5500030517578,30286,0.0,0.0
2025-04-17 10:59:00-04:00,152.52999877929688,152.53500366210938,152.27999877929688,152.32000732421875,29248,0.0,0.0
2025-04-17 11:00:00-04:00,152.34500122070312,152.5791015625,152.24000549316406,152.5500030517578,31991,0.0,0.0
2025-04-17 11:01:00-04:00,152.5399932861328,152.5850067138672,152.33999633789062,152.33999633789062,21320,0.0,0.0
2025-04-17 11:02:00-04:00,152.4445037841797,152.47999572753906,152.13999938964844,152.2030029296875,26367,0.0,0.0
2025-04-17 11:03:00-04:00,152.22000122070312,152.3350067138672,152.11000061035156,152.3350067138672,29611,0.0,0.0
2025-04-17 11:04:00-04:00,152.34500122070312,152.44500732421875,152.16990661621094,152.44500732421875,28544,0.0,0.0
2025-04-17 11:05:00-04:00,152.47000122070312,152.85000610351562,152.4600067138672,152.8000030517578,40129,0.0,0.0
2025-04-17 11:06:00-04:00,152.80679321289062,153.30999755859375,152.80679321289062,153.177001953125,62722,0.0,0.0
2025-04-17 11:07:00-04:00,153.24000549316406,153.42990112304688,153.1177978515625,153.1199951171875,43660,0.0,0.0
2025-04-17 11:08:00-04:00,153.14999389648438,153.3800048828125,153.07000732421875,153.15499877929688,66070,0.0,0.0
2025-04-17 11:09:00-04:00,153.15499877929688,153.16000366210938,152.77000427246094,152.77000427246094,32187,0.0,0.0
2025-04-17 11:10:00-04:00,152.77000427246094,152.99000549316406,152.58999633789062,152.99000549316406,35486,0.0,0.0
2025-04-17 11:11:00-04:00,153.00999450683594,153.16900634765625,152.97000122070312,153.10000610351562,31071,0.0,0.0
2025-04-17 11:12:00-04:00,153.14999389648438,153.22000122070312,153.11000061035156,153.19000244140625,36846,0.0,0.0
2025-04-17 11:13:00-04:00,153.1699981689453,153.25,153.00999450683594,153.14999389648438,73339,0.0,0.0
2025-04-17 11:14:00-04:00,153.14999389648438,153.24070739746094,153.10000610351562,153.2050018310547,25620,0.0,0.0
2025-04-17 11:15:00-04:00,153.1999969482422,153.2100067138672,152.8300018310547,152.8300018310547,35490,0.0,0.0
2025-04-17 11:16:00-04:00,152.86000061035156,153.02999877929688,152.86000061035156,152.87330627441406,26786,0.0,0.0
2025-04-17 11:17:00-04:00,152.89999389648438,153.0655059814453,152.85000610351562,153.02499389648438,29360,0.0,0.0
2025-04-17 11:18:00-04:00,153.02999877929688,153.27000427246094,153.00999450683594,153.10000610351562,55865,0.0,0.0
2025-04-17 11:19:00-04:00,153.0850067138672,153.1199951171875,152.8300018310547,153.08999633789062,44598,0.0,0.0
2025-04-17 11:20:00-04:00,153.05999755859375,153.10000610351562,152.8000030517578,152.84060668945312,33823,0.0,0.0
2025-04-17 11:21:00-04:00,152.8699951171875,152.8800048828125,152.57000732421875,152.63999938964844,28794,0.0,0.0
2025-04-17 11:22:00-04:00,152.66879272460938,152.72000122070312,152.5,152.60000610351562,55828,0.0,0.0
2025-04-17 11:23:00-04:00,152.6199951171875,152.85000610351562,152.6199951171875,152.7949981689453,27808,0.0,0.0
2025-04-17 11:24:00-04:00,152.7949981689453,152.8300018310547,152.62010192871094,152.65499877929688,35280,0.0,0.0
2025-04-17 11:25:00-04:00,152.65499877929688,152.69000244140625,152.38499450683594,152.38499450683594,35530,0.0,0.0
2025-04-17 11:26:00-04:00,152.38499450683594,152.8000030517578,152.38499450683594,152.8000030517578,32517,0.0,0.0
2025-04-17 11:27:00-04:00,152.8300018310547,152.86000061035156,152.43080139160156,152.43080139160156,28971,0.0,0.0
2025-04-17 11:28:00-04:00,152.43099975585938,152.47999572753906,152.3000030517578,152.33999633789062,22885,0.0,0.0
2025-04-17 11:29:00-04:00,152.3800048828125,152.4499969482422,152.22999572753906,152.3699951171875,141086,0.0,0.0
2025-04-17 11:30:00-04:00,152.39999389648438,152.7100067138672,152.36500549316406,152.69000244140625,33936,0.0,0.0
2025-04-17 11:31:00-04:00,152.69000244140625,152.8538055419922,152.66000366210938,152.7113037109375,21016,0.0,0.0
2025-04-17 11:32:00-04:00,152.68499755859375,152.75999450683594,152.6199951171875,152.74000549316406,27511,0.0,0.0
2025-04-17 11:33:00-04:00,152.74000549316406,152.8300018310547,152.63999938964844,152.77999877929688,22476,0.0,0.0
2025-04-17 11:34:00-04:00,152.80999755859375,152.86900329589844,152.6544952392578,152.72999572753906,28022,0.0,0.0
2025-04-17 11:35:00-04:00,152.64999389648438,152.64999389648438,152.36000061035156,152.39999389648438,35611,0.0,0.0
2025-04-17 11:36:00-04:00,152.42999267578125,152.49000549316406,152.30999755859375,152.39999389648438,63936,0.0,0.0
2025-04-17 11:37:00-04:00,152.38999938964844,152.8000030517578,152.38999938964844,152.77999877929688,68670,0.0,0.0
2025-04-17 11:38:00-04:00,152.77000427246094,152.86000061035156,152.5,152.5800018310547,30556,0.0,0.0
2025-04-17 11:39:00-04:00,152.6199951171875,152.8000030517578,152.55149841308594,152.77999877929688,23347,0.0,0.0
2025-04-17 11:40:00-04:00,152.8000030517578,152.8000030517578,152.61000061035156,152.72999572753906,29883,0.0,0.0
2025-04-17 11:41:00-04:00,152.68499755859375,152.75999450683594,152.41200256347656,152.47999572753906,79864,0.0,0.0
2025-04-17 11:42:00-04:00,152.49099731445312,152.52000427246094,152.07000732421875,152.0800018310547,77787,0.0,0.0
2025-04-17 11:43:00-04:00,152.11000061035156,152.16000366210938,152.00999450683594,152.07000732421875,71997,0.0,0.0
2025-04-17 11:44:00-04:00,152.05999755859375,152.07949829101562,151.7100067138672,151.83999633789062,123100,0.0,0.0
2025-04-17 11:45:00-04:00,151.86000061035156,151.88999938964844,151.69000244140625,151.75,52057,0.0,0.0
2025-04-17 11:46:00-04:00,151.74000549316406,151.77000427246094,151.4600067138672,151.63999938964844,83539,0.0,0.0
2025-04-17 11:47:00-04:00,151.63999938964844,151.80999755859375,151.55999755859375,151.74000549316406,42623,0.0,0.0
2025-04-17 11:48:00-04:00,151.7913055419922,151.88999938964844,151.7550048828125,151.83999633789062,39715,0.0,0.0
2025-04-17 11:49:00-04:00,151.87649536132812,151.8800048828125,151.4499969482422,151.58999633789062,62751,0.0,0.0
2025-04-17 11:50:00-04:00,151.61700439453125,151.6199951171875,151.47000122070312,151.55909729003906,29751,0.0,0.0
2025-04-17 11:51:00-04:00,151.5399932861328,151.9062042236328,151.49000549316406,151.875,48989,0.0,0.0
2025-04-17 11:52:00-04:00,151.86000061035156,151.98989868164062,151.73500061035156,151.75999450683594,33743,0.0,0.0
2025-04-17 11:53:00-04:00,151.75840759277344,151.75840759277344,151.5399932861328,151.6522979736328,21218,0.0,0.0
2025-04-17 11:54:00-04:00,151.70989990234375,151.85000610351562,151.6300048828125,151.82000732421875,109338,0.0,0.0
2025-04-17 11:55:00-04:00,151.82000732421875,152.1407928466797,151.7801055908203,152.072998046875,106226,0.0,0.0
2025-04-17 11:56:00-04:00,152.0800018310547,152.1425018310547,151.85000610351562,151.86000061035156,89238,0.0,0.0
2025-04-17 11:57:00-04:00,151.90989685058594,151.91000366210938,151.7550048828125,151.7550048828125,11982,0.0,0.0
2025-04-17 11:58:00-04:00,151.7899932861328,151.80999755859375,151.67039489746094,151.77999877929688,18800,0.0,0.0
2025-04-17 11:59:00-04:00,151.76499938964844,151.7899932861328,151.7100067138672,151.75999450683594,7071,0.0,0.0
2025-04-17 12:00:00-04:00,151.80999755859375,152.47999572753906,151.7899932861328,151.9149932861328,58835,0.0,0.0
2025-04-17 12:01:00-04:00,151.91000366210938,151.97999572753906,151.83999633789062,151.9199981689453,16872,0.0,0.0
2025-04-17 12:02:00-04:00,151.99000549316406,152.1533966064453,151.97999572753906,152.0500030517578,11301,0.0,0.0
2025-04-17 12:03:00-04:00,152.02999877929688,152.05499267578125,151.80999755859375,151.91000366210938,34811,0.0,0.0
2025-04-17 12:04:00-04:00,151.9398956298828,152.0299072265625,151.83999633789062,151.85000610351562,32883,0.0,0.0
2025-04-17 12:05:00-04:00,151.85000610351562,152.8800048828125,151.77000427246094,152.4600067138672,104929,0.0,0.0
2025-04-17 12:06:00-04:00,152.4499969482422,152.76699829101562,152.26010131835938,152.38670349121094,28864,0.0,0.0
2025-04-17 12:07:00-04:00,152.35000610351562,152.8800048828125,152.27000427246094,152.7899932861328,37373,0.0,0.0
2025-04-17 12:08:00-04:00,152.75999450683594,152.97000122070312,152.6300048828125,152.8350067138672,32923,0.0,0.0
2025-04-17 12:09:00-04:00,152.8699951171875,152.9600067138672,152.67999267578125,152.67999267578125,32783,0.0,0.0
2025-04-17 12:10:00-04:00,152.6999969482422,152.8000030517578,152.5500030517578,152.5500030517578,21202,0.0,0.0
2025-04-17 12:11:00-04:00,152.5500030517578,152.67999267578125,152.39999389648438,152.52999877929688,2025530,0.0,0.0
2025-04-17 12:12:00-04:00,152.5,152.53500366210938,152.13099670410156,152.13099670410156,25405,0.0,0.0
2025-04-17 12:13:00-04:00,152.0800018310547,152.6999969482422,152.0,152.27000427246094,57145,0.0,0.0
2025-04-17 12:14:00-04:00,152.30999755859375,152.5,152.22000122070312,152.5,19669,0.0,0.0
2025-04-17 12:15:00-04:00,152.4949951171875,152.4949951171875,152.25,152.4600067138672,20631,0.0,0.0
2025-04-17 12:16:00-04:00,152.5,152.69000244140625,152.4600067138672,152.65699768066406,41167,0.0,0.0
2025-04-17 12:17:00-04:00,152.6199951171875,152.65969848632812,152.3699951171875,152.44000244140625,17061,0.0,0.0
2025-04-17 12:18:00-04:00,152.39999389648438,152.5850067138672,152.36000061035156,152.53500366210938,22240,0.0,0.0
2025-04-17 12:19:00-04:00,152.51499938964844,152.77999877929688,152.4600067138672,152.6999969482422,108763,0.0,0.0
2025-04-17 12:20:00-04:00,152.71429443359375,152.72000122070312,152.52749633789062,152.5500030517578,28705,0.0,0.0
2025-04-17 12:21:00-04:00,152.59010314941406,152.88999938964844,152.5449981689453,152.80999755859375,19823,0.0,0.0
2025-04-17 12:22:00-04:00,152.8800048828125,152.8800048828125,152.6199951171875,152.6199951171875,16789,0.0,0.0
2025-04-17 12:23:00-04:00,152.6199951171875,152.77999877929688,152.5200958251953,152.6649932861328,21180,0.0,0.0
2025-04-17 12:24:00-04:00,152.66610717773438,152.73399353027344,152.5406951904297,152.63499450683594,20969,0.0,0.0
2025-04-17 12:25:00-04:00,152.63499450683594,152.77999877929688,152.52000427246094,152.58999633789062,47045,0.0,0.0
2025-04-17 12:26:00-04:00,152.60000610351562,152.66000366210938,152.3800048828125,152.57000732421875,27196,0.0,0.0
2025-04-17 12:27:00-04:00,152.61000061035156,152.66650390625,152.5399932861328,152.5800018310547,11493,0.0,0.0
2025-04-17 12:28:00-04:00,152.55999755859375,152.64999389648438,152.5399932861328,152.55999755859375,28547,0.0,0.0
2025-04-17 12:29:00-04:00,152.55999755859375,152.6699981689453,152.3800048828125,152.41000366210938,52523,0.0,0.0
2025-04-17 12:30:00-04:00,152.4149932861328,152.44000244140625,152.1999969482422,152.25999450683594,42832,0.0,0.0
2025-04-17 12:31:00-04:00,152.2449951171875,152.3018035888672,152.0500030517578,152.22000122070312,30633,0.0,0.0
2025-04-17 12:32:00-04:00,152.2899932861328,152.302001953125,152.1300048828125,152.1699981689453,20491,0.0,0.0
2025-04-17 12:33:00-04:00,152.24000549316406,152.41000366210938,152.17999267578125,152.36500549316406,23944,0.0,0.0
2025-04-17 12:34:00-04:00,152.36500549316406,152.45989990234375,152.32000732421875,152.42999267578125,21122,0.0,0.0
2025-04-17 12:35:00-04:00,152.42999267578125,152.5500030517578,152.39999389648438,152.46499633789062,45863,0.0,0.0
2025-04-17 12:36:00-04:00,152.5,152.6300048828125,152.3699951171875,152.38999938964844,47849,0.0,0.0
2025-04-17 12:37:00-04:00,152.3699951171875,152.49000549316406,152.2050018310547,152.4600067138672,43896,0.0,0.0
2025-04-17 12:38:00-04:00,152.4600067138672,152.52999877929688,152.38999938964844,152.52999877929688,16260,0.0,0.0
2025-04-17 12:39:00-04:00,152.5050048828125,152.57420349121094,152.27999877929688,152.30999755859375,24211,0.0,0.0
2025-04-17 12:40:00-04:00,152.3300018310547,152.43499755859375,152.2635040283203,152.43499755859375,25798,0.0,0.0
2025-04-17 12:41:00-04:00,152.42999267578125,152.63999938964844,152.4250030517578,152.4550018310547,39158,0.0,0.0
2025-04-17 12:42:00-04:00,152.4550018310547,152.47999572753906,152.3175048828125,152.3350067138672,18053,0.0,0.0
2025-04-17 12:43:00-04:00,152.35000610351562,152.4499969482422,151.9116973876953,152.17999267578125,53385,0.0,0.0
2025-04-17 12:44:00-04:00,152.1199951171875,152.1199951171875,151.92999267578125,152.02999877929688,26026,0.0,0.0
2025-04-17 12:45:00-04:00,152.05999755859375,152.06619262695312,151.8800048828125,151.97999572753906,30099,0.0,0.0
2025-04-17 12:46:00-04:00,152.02000427246094,152.4499969482422,151.97999572753906,152.3800048828125,21341,0.0,0.0
2025-04-17 12:47:00-04:00,152.4149932861328,152.58999633789062,152.3800048828125,152.5399932861328,26045,0.0,0.0
2025-04-17 12:48:00-04:00,152.55810546875,152.60000610351562,152.3000030517578,152.31500244140625,23017,0.0,0.0
2025-04-17 12:49:00-04:00,152.35000610351562,152.55999755859375,152.2003936767578,152.55999755859375,22334,0.0,0.0
2025-04-17 12:50:00-04:00,152.57000732421875,152.8000030517578,152.55999755859375,152.69000244140625,59945,0.0,0.0
2025-04-17 12:51:00-04:00,152.69000244140625,152.77000427246094,152.58999633789062,152.60000610351562,44668,0.0,0.0
2025-04-17 12:52:00-04:00,152.6199951171875,152.8800048828125,152.52999877929688,152.80999755859375,22209,0.0,0.0
2025-04-17 12:53:00-04:00,152.8350067138672,152.9199981689453,152.77000427246094,152.80499267578125,22736,0.0,0.0
2025-04-17 12:54:00-04:00,152.80499267578125,152.83090209960938,152.66000366210938,152.66000366210938,13913,0.0,0.0
2025-04-17 12:55:00-04:00,152.6699981689453,152.8699951171875,152.66000366210938,152.8699951171875,18120,0.0,0.0
2025-04-17 12:56:00-04:00,152.89999389648438,153.0800018310547,152.8209991455078,152.9949951171875,34888,0.0,0.0
2025-04-17 12:57:00-04:00,153.0,153.0800018310547,152.99000549316406,153.05050659179688,19413,0.0,0.0
2025-04-17 12:58:00-04:00,153.0594024658203,153.25999450683594,153.02999877929688,153.21499633789062,53261,0.0,0.0
2025-04-17 12:59:00-04:00,153.2100067138672,153.2299041748047,153.0500030517578,153.07000732421875,52795,0.0,0.0
2025-04-17 13:00:00-04:00,153.0800018310547,153.33999633789062,153.07000732421875,153.2949981689453,34025,0.0,0.0
2025-04-17 13:01:00-04:00,153.2949981689453,153.61000061035156,153.2122039794922,153.52000427246094,54778,0.0,0.0
2025-04-17 13:02:00-04:00,153.52000427246094,153.5850067138672,153.27000427246094,153.32000732421875,68030,0.0,0.0
2025-04-17 13:03:00-04:00,153.31500244140625,153.47999572753906,153.27000427246094,153.36000061035156,29754,0.0,0.0
2025-04-17 13:04:00-04:00,153.35499572753906,153.52000427246094,153.2899932861328,153.52000427246094,17901,0.0,0.0
2025-04-17 13:05:00-04:00,153.48500061035156,153.64999389648438,153.38999938964844,153.5,41627,0.0,0.0
2025-04-17 13:06:00-04:00,153.5,153.58999633789062,153.47500610351562,153.54559326171875,27141,0.0,0.0
2025-04-17 13:07:00-04:00,153.57000732421875,153.66990661621094,153.32640075683594,153.4199981689453,28583,0.0,0.0
2025-04-17 13:08:00-04:00,153.44000244140625,153.52920532226562,153.36000061035156,153.52920532226562,23101,0.0,0.0
2025-04-17 13:09:00-04:00,153.48500061035156,153.6699981689453,153.41000366210938,153.41000366210938,16092,0.0,0.0
2025-04-17 13:10:00-04:00,153.4113006591797,153.4600067138672,153.3000030517578,153.38499450683594,18029,0.0,0.0
2025-04-17 13:11:00-04:00,153.42529296875,153.42529296875,153.0800018310547,153.0800018310547,31826,0.0,0.0
2025-04-17 13:12:00-04:00,153.09750366210938,153.27000427246094,153.0800018310547,153.14999389648438,15714,0.0,0.0
2025-04-17 13:13:00-04:00,153.14999389648438,153.28990173339844,153.14999389648438,153.27000427246094,11827,0.0,0.0
2025-04-17 13:14:00-04:00,153.25,153.27000427246094,153.0800018310547,153.1988067626953,26108,0.0,0.0
2025-04-17 13:15:00-04:00,153.14500427246094,153.27000427246094,153.0800018310547,153.25650024414062,14484,0.0,0.0
2025-04-17 13:16:00-04:00,153.17999267578125,153.17999267578125,152.91000366210938,152.99989318847656,19003,0.0,0.0
2025-04-17 13:17:00-04:00,152.99899291992188,153.0,152.89410400390625,153.0,10755,0.0,0.0
2025-04-17 13:18:00-04:00,153.0,153.08999633789062,152.85000610351562,152.8800048828125,16460,0.0,0.0
2025-04-17 13:19:00-04:00,152.86000061035156,153.05459594726562,152.85000610351562,153.02999877929688,12290,0.0,0.0
2025-04-17 13:20:00-04:00,152.97000122070312,152.97999572753906,152.8000030517578,152.8350067138672,14229,0.0,0.0
2025-04-17 13:21:00-04:00,152.8350067138672,152.83999633789062,152.70010375976562,152.82000732421875,15730,0.0,0.0
2025-04-17 13:22:00-04:00,152.83999633789062,152.89999389648438,152.7100067138672,152.82000732421875,24609,0.0,0.0
2025-04-17 13:23:00-04:00,152.78500366210938,152.91000366210938,152.75,152.7550048828125,19326,0.0,0.0
2025-04-17 13:24:00-04:00,152.7899932861328,152.86000061035156,152.76499938964844,152.80999755859375,7724,0.0,0.0
2025-04-17 13:25:00-04:00,152.85499572753906,153.0760040283203,152.8000030517578,153.03939819335938,16540,0.0,0.0
2025-04-17 13:26:00-04:00,152.98500061035156,152.98500061035156,152.72000122070312,152.77000427246094,10878,0.0,0.0
2025-04-17 13:27:00-04:00,152.72999572753906,152.8000030517578,152.69000244140625,152.74989318847656,13538,0.0,0.0
2025-04-17 13:28:00-04:00,152.67999267578125,152.8300018310547,152.67930603027344,152.75999450683594,11338,0.0,0.0
2025-04-17 13:29:00-04:00,152.73500061035156,152.73500061035156,152.56500244140625,152.59500122070312,11734,0.0,0.0
2025-04-17 13:30:00-04:00,152.6300048828125,152.75,152.55999755859375,152.60459899902344,11750,0.0,0.0
2025-04-17 13:31:00-04:00,152.57000732421875,152.81829833984375,152.57000732421875,152.75999450683594,14017,0.0,0.0
2025-04-17 13:32:00-04:00,152.8300018310547,152.83999633789062,152.72000122070312,152.8000030517578,11640,0.0,0.0
2025-04-17 13:33:00-04:00,152.8300018310547,152.91409301757812,152.75,152.91409301757812,10846,0.0,0.0
2025-04-17 13:34:00-04:00,152.92999267578125,152.97999572753906,152.85000610351562,152.9199981689453,21656,0.0,0.0
2025-04-17 13:35:00-04:00,152.88499450683594,153.00999450683594,152.8800048828125,152.97999572753906,18992,0.0,0.0
2025-04-17 13:36:00-04:00,153.0,153.1199951171875,152.97450256347656,153.05999755859375,26833,0.0,0.0
2025-04-17 13:37:00-04:00,153.06239318847656,153.11000061035156,152.97000122070312,153.0447998046875,17955,0.0,0.0
2025-04-17 13:38:00-04:00,153.05419921875,153.2100067138672,153.05419921875,153.0800018310547,18274,0.0,0.0
2025-04-17 13:39:00-04:00,153.05999755859375,153.19000244140625,153.0301055908203,153.17999267578125,14007,0.0,0.0
2025-04-17 13:40:00-04:00,153.14500427246094,153.1999969482422,152.9600067138672,152.99000549316406,23090,0.0,0.0
2025-04-17 13:41:00-04:00,152.99000549316406,152.99000549316406,152.7906036376953,152.7906036376953,11644,0.0,0.0
2025-04-17 13:42:00-04:00,152.80999755859375,152.82000732421875,152.61000061035156,152.65499877929688,35034,0.0,0.0
2025-04-17 13:43:00-04:00,152.6699981689453,152.77999877929688,152.63999938964844,152.75999450683594,10948,0.0,0.0
2025-04-17 13:44:00-04:00,152.75,152.881103515625,152.66000366210938,152.81430053710938,17491,0.0,0.0
2025-04-17 13:45:00-04:00,152.82000732421875,152.97999572753906,152.77999877929688,152.97000122070312,13396,0.0,0.0
2025-04-17 13:46:00-04:00,152.97999572753906,153.14999389648438,152.97000122070312,153.06500244140625,23979,0.0,0.0
2025-04-17 13:47:00-04:00,153.06500244140625,153.2686004638672,153.06500244140625,153.2050018310547,14191,0.0,0.0
2025-04-17 13:48:00-04:00,153.1999969482422,153.2100067138672,153.0500030517578,153.08999633789062,20418,0.0,0.0
2025-04-17 13:49:00-04:00,153.0850067138672,153.1199951171875,152.81500244140625,153.0500030517578,60742,0.0,0.0
2025-04-17 13:50:00-04:00,153.0399932861328,153.17999267578125,152.97999572753906,153.13999938964844,21103,0.0,0.0
2025-04-17 13:51:00-04:00,153.11000061035156,153.3300018310547,153.11000061035156,153.27000427246094,23315,0.0,0.0
2025-04-17 13:52:00-04:00,153.30999755859375,153.3300018310547,153.1002960205078,153.27499389648438,13057,0.0,0.0
2025-04-17 13:53:00-04:00,153.30999755859375,153.36000061035156,153.1199951171875,153.33999633789062,8758,0.0,0.0
2025-04-17 13:54:00-04:00,153.35000610351562,153.36000061035156,153.17999267578125,153.17999267578125,7162,0.0,0.0
2025-04-17 13:55:00-04:00,153.17999267578125,153.47999572753906,153.17999267578125,153.47999572753906,18881,0.0,0.0
2025-04-17 13:56:00-04:00,153.4499969482422,153.47999572753906,153.25,153.28500366210938,12689,0.0,0.0
2025-04-17 13:57:00-04:00,153.25860595703125,153.39999389648438,153.25860595703125,153.32000732421875,8589,0.0,0.0
2025-04-17 13:58:00-04:00,153.27999877929688,153.3000030517578,153.22000122070312,153.2866973876953,9621,0.0,0.0
2025-04-17 13:59:00-04:00,153.27000427246094,153.27000427246094,153.10000610351562,153.1699981689453,12984,0.0,0.0
2025-04-17 14:00:00-04:00,153.17999267578125,153.19000244140625,153.0500030517578,153.0500030517578,23250,0.0,0.0
2025-04-17 14:01:00-04:00,153.10000610351562,153.24000549316406,153.10000610351562,153.15499877929688,32205,0.0,0.0
2025-04-17 14:02:00-04:00,153.1300048828125,153.1300048828125,152.97000122070312,152.9949951171875,18664,0.0,0.0
2025-04-17 14:03:00-04:00,153.00840759277344,153.00840759277344,152.9199981689453,152.97999572753906,10205,0.0,0.0
2025-04-17 14:04:00-04:00,153.02999877929688,153.25,152.96929931640625,153.24000549316406,21742,0.0,0.0
2025-04-17 14:05:00-04:00,153.1699981689453,153.37989807128906,153.16000366210938,153.37989807128906,18721,0.0,0.0
2025-04-17 14:06:00-04:00,153.36000061035156,153.36000061035156,153.1199951171875,153.2100067138672,29604,0.0,0.0
2025-04-17 14:07:00-04:00,153.19000244140625,153.2100067138672,153.10000610351562,153.19009399414062,17168,0.0,0.0
2025-04-17 14:08:00-04:00,153.1999969482422,153.30999755859375,153.1699981689453,153.30299377441406,19326,0.0,0.0
2025-04-17 14:09:00-04:00,153.27499389648438,153.30999755859375,153.1999969482422,153.3000030517578,12163,0.0,0.0
2025-04-17 14:10:00-04:00,153.2899932861328,153.38999938964844,153.25,153.30499267578125,18189,0.0,0.0
2025-04-17 14:11:00-04:00,153.2899932861328,153.3800048828125,153.24000549316406,153.27999877929688,13461,0.0,0.0
2025-04-17 14:12:00-04:00,153.2899932861328,153.389892578125,153.19000244140625,153.19000244140625,28694,0.0,0.0
2025-04-17 14:13:00-04:00,153.2100067138672,153.34939575195312,153.19000244140625,153.2899932861328,19092,0.0,0.0
2025-04-17 14:14:00-04:00,153.27999877929688,153.30999755859375,153.1999969482422,153.25,16840,0.0,0.0
2025-04-17 14:15:00-04:00,153.25999450683594,153.35000610351562,153.20010375976562,153.3249969482422,25621,0.0,0.0
2025-04-17 14:16:00-04:00,153.3000030517578,153.33999633789062,153.22999572753906,153.23500061035156,17552,0.0,0.0
2025-04-17 14:17:00-04:00,153.2375030517578,153.5,153.23500061035156,153.49000549316406,26671,0.0,0.0
2025-04-17 14:18:00-04:00,153.5050048828125,153.5749969482422,153.47999572753906,153.5,46790,0.0,0.0
2025-04-17 14:19:00-04:00,153.50999450683594,153.6199951171875,153.5,153.60400390625,22714,0.0,0.0
2025-04-17 14:20:00-04:00,153.60000610351562,153.8000030517578,153.5800018310547,153.77999877929688,38385,0.0,0.0
2025-04-17 14:21:00-04:00,153.75999450683594,153.80990600585938,153.7100067138672,153.7899932861328,18533,0.0,0.0
2025-04-17 14:22:00-04:00,153.78509521484375,153.78509521484375,153.6199951171875,153.7100067138672,56094,0.0,0.0
2025-04-17 14:23:00-04:00,153.70140075683594,153.83999633789062,153.66000366210938,153.80499267578125,28521,0.0,0.0
2025-04-17 14:24:00-04:00,153.8000030517578,153.83999633789062,153.64999389648438,153.67999267578125,33385,0.0,0.0
2025-04-17 14:25:00-04:00,153.72000122070312,153.78030395507812,153.66270446777344,153.6699981689453,19122,0.0,0.0
2025-04-17 14:26:00-04:00,153.6699981689453,153.7100067138672,153.5009002685547,153.52999877929688,27801,0.0,0.0
2025-04-17 14:27:00-04:00,153.52999877929688,153.6291961669922,153.5,153.5500030517578,128472,0.0,0.0
2025-04-17 14:28:00-04:00,153.52000427246094,153.53109741210938,153.42999267578125,153.4949951171875,18075,0.0,0.0
2025-04-17 14:29:00-04:00,153.5,153.52000427246094,153.3800048828125,153.44000244140625,14167,0.0,0.0
2025-04-17 14:30:00-04:00,153.49000549316406,153.62969970703125,153.4499969482422,153.5,18286,0.0,0.0
2025-04-17 14:31:00-04:00,153.47000122070312,153.72000122070312,153.4499969482422,153.71499633789062,22616,0.0,0.0
2025-04-17 14:32:00-04:00,153.71499633789062,153.75999450683594,153.58999633789062,153.60000610351562,21060,0.0,0.0
2025-04-17 14:33:00-04:00,153.63999938964844,153.6999969482422,153.5966033935547,153.6300048828125,17009,0.0,0.0
2025-04-17 14:34:00-04:00,153.66000366210938,153.66000366210938,153.4499969482422,153.47999572753906,23845,0.0,0.0
2025-04-17 14:35:00-04:00,153.4600067138672,153.5500030517578,153.38999938964844,153.53500366210938,45772,0.0,0.0
2025-04-17 14:36:00-04:00,153.55999755859375,153.59500122070312,153.32000732421875,153.36000061035156,12924,0.0,0.0
2025-04-17 14:37:00-04:00,153.39999389648438,153.47039794921875,153.3800048828125,153.39999389648438,14262,0.0,0.0
2025-04-17 14:38:00-04:00,153.42999267578125,153.44000244140625,153.3614959716797,153.4199981689453,17976,0.0,0.0
2025-04-17 14:39:00-04:00,153.44000244140625,153.49000549316406,153.4199981689453,153.44500732421875,24900,0.0,0.0
2025-04-17 14:40:00-04:00,153.44500732421875,153.47000122070312,153.1999969482422,153.27000427246094,40612,0.0,0.0
2025-04-17 14:41:00-04:00,153.3000030517578,153.32899475097656,153.2017059326172,153.3199005126953,21377,0.0,0.0
2025-04-17 14:42:00-04:00,153.25010681152344,153.2899932861328,153.2039031982422,153.22500610351562,10698,0.0,0.0
2025-04-17 14:43:00-04:00,153.23899841308594,153.3000030517578,153.2100067138672,153.22999572753906,18025,0.0,0.0
2025-04-17 14:44:00-04:00,153.25,153.32000732421875,153.17759704589844,153.27999877929688,21291,0.0,0.0
2025-04-17 14:45:00-04:00,153.25999450683594,153.35000610351562,153.25999450683594,153.35000610351562,18127,0.0,0.0
2025-04-17 14:46:00-04:00,153.33999633789062,153.39439392089844,152.8101043701172,153.0399932861328,84651,0.0,0.0
2025-04-17 14:47:00-04:00,153.0500030517578,153.1649932861328,152.89999389648438,152.89999389648438,25041,0.0,0.0
2025-04-17 14:48:00-04:00,152.90769958496094,153.0,152.75,153.0,29616,0.0,0.0
2025-04-17 14:49:00-04:00,153.00999450683594,153.03990173339844,152.85000610351562,152.85000610351562,25602,0.0,0.0
2025-04-17 14:50:00-04:00,152.85000610351562,152.85000610351562,152.64100646972656,152.72999572753906,31034,0.0,0.0
2025-04-17 14:51:00-04:00,152.6999969482422,152.84500122070312,152.67999267578125,152.82000732421875,22975,0.0,0.0
2025-04-17 14:52:00-04:00,152.8300018310547,153.09230041503906,152.82000732421875,153.0800018310547,24749,0.0,0.0
2025-04-17 14:53:00-04:00,153.08999633789062,153.24000549316406,153.0,153.16000366210938,46027,0.0,0.0
2025-04-17 14:54:00-04:00,153.1699981689453,153.25999450683594,152.97500610351562,153.0,19272,0.0,0.0
2025-04-17 14:55:00-04:00,153.02000427246094,153.02999877929688,152.83999633789062,152.97999572753906,40118,0.0,0.0
2025-04-17 14:56:00-04:00,152.9600067138672,152.97999572753906,152.8332977294922,152.9199981689453,20863,0.0,0.0
2025-04-17 14:57:00-04:00,152.8699951171875,152.97500610351562,152.8000030517578,152.9698944091797,24898,0.0,0.0
2025-04-17 14:58:00-04:00,152.97000122070312,153.0802001953125,152.77000427246094,152.81500244140625,33410,0.0,0.0
2025-04-17 14:59:00-04:00,152.8125,152.86000061035156,152.66009521484375,152.69760131835938,27353,0.0,0.0
2025-04-17 15:00:00-04:00,152.69000244140625,152.8000030517578,152.63999938964844,152.72000122070312,26500,0.0,0.0
2025-04-17 15:01:00-04:00,152.75250244140625,152.7550048828125,152.57000732421875,152.66000366210938,26100,0.0,0.0
2025-04-17 15:02:00-04:00,152.64999389648438,152.72999572753906,152.55999755859375,152.7100067138672,22191,0.0,0.0
2025-04-17 15:03:00-04:00,152.7100067138672,152.8300018310547,152.6699981689453,152.72000122070312,102309,0.0,0.0
2025-04-17 15:04:00-04:00,152.75,152.88999938964844,152.7100067138672,152.8800048828125,24644,0.0,0.0
2025-04-17 15:05:00-04:00,152.85499572753906,152.97999572753906,152.8000030517578,152.94500732421875,29392,0.0,0.0
2025-04-17 15:06:00-04:00,152.91000366210938,152.97000122070312,152.8800048828125,152.88999938964844,17336,0.0,0.0
2025-04-17 15:07:00-04:00,152.88999938964844,152.97000122070312,152.83999633789062,152.94000244140625,16506,0.0,0.0
2025-04-17 15:08:00-04:00,152.90499877929688,152.92999267578125,152.75,152.75999450683594,44903,0.0,0.0
2025-04-17 15:09:00-04:00,152.75,152.8300018310547,152.68800354003906,152.80499267578125,19484,0.0,0.0
2025-04-17 15:10:00-04:00,152.80499267578125,152.94000244140625,152.6699981689453,152.74000549316406,20574,0.0,0.0
2025-04-17 15:11:00-04:00,152.74000549316406,152.7899932861328,152.69000244140625,152.69000244140625,33581,0.0,0.0
2025-04-17 15:12:00-04:00,152.69000244140625,152.72999572753906,152.6199951171875,152.72030639648438,33408,0.0,0.0
2025-04-17 15:13:00-04:00,152.6999969482422,152.77000427246094,152.66000366210938,152.7100067138672,28042,0.0,0.0
2025-04-17 15:14:00-04:00,152.75,152.75,152.61000061035156,152.61000061035156,27467,0.0,0.0
2025-04-17 15:15:00-04:00,152.66000366210938,152.69000244140625,152.64999389648438,152.69000244140625,3096,0.0,0.0
2025-04-17 15:16:00-04:00,152.5500030517578,152.64999389648438,152.5449981689453,152.6199951171875,67129,0.0,0.0
2025-04-17 15:17:00-04:00,152.60000610351562,152.69000244140625,152.5399932861328,152.66000366210938,21432,0.0,0.0
2025-04-17 15:18:00-04:00,152.6300048828125,152.7100067138672,152.5800018310547,152.63999938964844,16770,0.0,0.0
2025-04-17 15:19:00-04:00,152.6300048828125,152.80999755859375,152.6300048828125,152.77999877929688,17865,0.0,0.0
2025-04-17 15:20:00-04:00,152.80999755859375,152.8699951171875,152.6199951171875,152.63250732421875,29094,0.0,0.0
2025-04-17 15:21:00-04:00,152.61000061035156,152.63999938964844,152.44000244140625,152.4499969482422,24130,0.0,0.0
2025-04-17 15:22:00-04:00,152.46749877929688,152.67999267578125,152.4199981689453,152.64999389648438,14474,0.0,0.0
2025-04-17 15:23:00-04:00,152.64999389648438,152.9600067138672,152.64999389648438,152.94000244140625,21624,0.0,0.0
2025-04-17 15:24:00-04:00,152.94000244140625,152.94000244140625,152.69000244140625,152.72999572753906,30253,0.0,0.0
2025-04-17 15:25:00-04:00,152.6999969482422,152.72000122070312,152.5800018310547,152.64999389648438,30911,0.0,0.0
2025-04-17 15:26:00-04:00,152.67999267578125,152.86000061035156,152.66000366210938,152.83999633789062,16193,0.0,0.0
2025-04-17 15:27:00-04:00,152.83999633789062,152.89999389648438,152.77000427246094,152.81500244140625,28522,0.0,0.0
2025-04-17 15:28:00-04:00,152.82000732421875,152.85369873046875,152.6999969482422,152.6999969482422,45423,0.0,0.0
2025-04-17 15:29:00-04:00,152.69000244140625,152.71470642089844,152.5500030517578,152.58999633789062,18137,0.0,0.0
2025-04-17 15:30:00-04:00,152.59500122070312,152.9149932861328,152.58999633789062,152.77000427246094,40359,0.0,0.0
2025-04-17 15:31:00-04:00,152.7899932861328,152.89999389648438,152.7899932861328,152.86500549316406,17125,0.0,0.0
2025-04-17 15:32:00-04:00,152.86500549316406,152.90499877929688,152.72000122070312,152.77000427246094,30047,0.0,0.0
2025-04-17 15:33:00-04:00,152.77000427246094,152.82000732421875,152.6699981689453,152.69500732421875,131220,0.0,0.0
2025-04-17 15:34:00-04:00,152.69500732421875,152.74000549316406,152.6300048828125,152.67999267578125,21974,0.0,0.0
2025-04-17 15:35:00-04:00,152.67999267578125,152.82000732421875,152.64999389648438,152.74000549316406,40454,0.0,0.0
2025-04-17 15:36:00-04:00,152.75999450683594,152.7899932861328,152.64999389648438,152.7100067138672,36048,0.0,0.0
2025-04-17 15:37:00-04:00,152.71499633789062,152.77000427246094,152.50999450683594,152.52999877929688,37244,0.0,0.0
2025-04-17 15:38:00-04:00,152.54949951171875,152.54949951171875,152.38999938964844,152.44500732421875,39052,0.0,0.0
2025-04-17 15:39:00-04:00,152.44500732421875,152.54989624023438,152.35000610351562,152.36500549316406,45739,0.0,0.0
2025-04-17 15:40:00-04:00,152.36500549316406,152.3699951171875,152.1199951171875,152.2100067138672,72177,0.0,0.0
2025-04-17 15:41:00-04:00,152.22000122070312,152.33990478515625,152.10000610351562,152.3070068359375,69519,0.0,0.0
2025-04-17 15:42:00-04:00,152.3300018310547,152.5,152.3300018310547,152.33999633789062,211023,0.0,0.0
2025-04-17 15:43:00-04:00,152.32000732421875,152.32119750976562,152.1199951171875,152.19000244140625,53849,0.0,0.0
2025-04-17 15:44:00-04:00,152.17999267578125,152.33990478515625,152.06170654296875,152.30999755859375,48705,0.0,0.0
2025-04-17 15:45:00-04:00,152.33999633789062,152.44000244140625,152.1199951171875,152.19000244140625,67868,0.0,0.0
2025-04-17 15:46:00-04:00,152.17999267578125,152.19000244140625,152.0,152.02000427246094,104770,0.0,0.0
2025-04-17 15:47:00-04:00,152.02000427246094,152.0800018310547,151.9600067138672,151.97999572753906,73970,0.0,0.0
2025-04-17 15:48:00-04:00,152.02000427246094,152.02000427246094,151.86000061035156,151.88999938964844,168793,0.0,0.0
2025-04-17 15:49:00-04:00,151.90499877929688,152.0,151.8300018310547,151.9499969482422,115290,0.0,0.0
2025-04-17 15:50:00-04:00,151.9600067138672,151.9600067138672,151.72000122070312,151.8699951171875,84356,0.0,0.0
2025-04-17 15:51:00-04:00,151.88999938964844,152.0,151.75799560546875,151.97999572753906,82500,0.0,0.0
2025-04-17 15:52:00-04:00,151.97999572753906,152.02999877929688,151.91000366210938,151.94500732421875,56798,0.0,0.0
2025-04-17 15:53:00-04:00,151.94000244140625,151.94500732421875,151.77999877929688,151.92999267578125,76832,0.0,0.0
2025-04-17 15:54:00-04:00,151.9499053955078,152.22000122070312,151.91000366210938,152.19000244140625,91820,0.0,0.0
2025-04-17 15:55:00-04:00,152.1699981689453,152.24000549316406,151.99000549316406,152.11000061035156,149990,0.0,0.0
2025-04-17 15:56:00-04:00,152.10000610351562,152.10499572753906,151.86000061035156,152.07249450683594,115866,0.0,0.0
2025-04-17 15:57:00-04:00,152.06500244140625,152.25,151.99000549316406,152.02000427246094,127468,0.0,0.0
2025-04-17 15:58:00-04:00,152.0399932861328,152.0800018310547,151.8000030517578,151.86500549316406,180350,0.0,0.0
2025-04-17 15:59:00-04:00,151.8800048828125,151.9499969482422,151.60000610351562,151.60000610351562,423311,0.0,0.0
