Datetime,Open,High,Low,Close,Volume,Dividends,Stock Splits
2024-08-01 09:00:00+09:00,890.0,890.0,880.0,881.0,3000,0.0,0.0
2024-08-01 09:05:00+09:00,881.0,881.0,880.0,880.0,800,0.0,0.0
2024-08-01 09:10:00+09:00,879.0,880.0,879.0,879.0,800,0.0,0.0
2024-08-01 09:15:00+09:00,878.0,878.0,874.0,874.0,2000,0.0,0.0
2024-08-01 09:20:00+09:00,873.0,874.0,872.0,872.0,900,0.0,0.0
2024-08-01 09:25:00+09:00,871.0,871.0,869.0,869.0,1000,0.0,0.0
2024-08-01 09:30:00+09:00,868.0,868.0,868.0,868.0,600,0.0,0.0
2024-08-01 09:35:00+09:00,867.0,869.0,867.0,868.0,1100,0.0,0.0
2024-08-01 09:40:00+09:00,868.0,872.0,868.0,872.0,600,0.0,0.0
2024-08-01 09:45:00+09:00,870.0,870.0,869.0,869.0,200,0.0,0.0
2024-08-01 09:50:00+09:00,867.0,868.0,867.0,868.0,200,0.0,0.0
2024-08-01 09:55:00+09:00,866.0,866.0,866.0,866.0,100,0.0,0.0
2024-08-01 10:00:00+09:00,866.0,867.0,866.0,867.0,400,0.0,0.0
2024-08-01 10:05:00+09:00,865.0,865.0,861.0,861.0,2500,0.0,0.0
2024-08-01 10:10:00+09:00,862.0,862.0,862.0,862.0,800,0.0,0.0
2024-08-01 10:15:00+09:00,863.0,863.0,860.0,860.0,800,0.0,0.0
2024-08-01 10:20:00+09:00,861.0,863.0,861.0,863.0,1200,0.0,0.0
2024-08-01 10:25:00+09:00,862.0,862.0,862.0,862.0,100,0.0,0.0
2024-08-01 10:30:00+09:00,861.0,861.0,860.0,860.0,800,0.0,0.0
2024-08-01 10:35:00+09:00,860.0,861.0,859.0,859.0,900,0.0,0.0
2024-08-01 10:45:00+09:00,860.0,860.0,860.0,860.0,700,0.0,0.0
2024-08-01 10:50:00+09:00,860.0,861.0,859.0,861.0,500,0.0,0.0
2024-08-01 10:55:00+09:00,861.0,861.0,861.0,861.0,200,0.0,0.0
2024-08-01 11:10:00+09:00,859.0,859.0,859.0,859.0,300,0.0,0.0
2024-08-01 11:20:00+09:00,860.0,860.0,860.0,860.0,1100,0.0,0.0
2024-08-01 11:25:00+09:00,861.0,863.0,861.0,863.0,400,0.0,0.0
2024-08-01 11:30:00+09:00,865.0,865.0,865.0,865.0,100,0.0,0.0
2024-08-01 11:35:00+09:00,865.0,865.0,865.0,865.0,0,0.0,0.0
2024-08-01 12:30:00+09:00,861.0,862.0,859.0,859.0,23700,0.0,0.0
2024-08-01 12:35:00+09:00,859.0,859.0,859.0,859.0,300,0.0,0.0
2024-08-01 12:40:00+09:00,859.0,859.0,859.0,859.0,200,0.0,0.0
2024-08-01 12:45:00+09:00,859.0,860.0,859.0,860.0,1000,0.0,0.0
2024-08-01 12:55:00+09:00,861.0,861.0,861.0,861.0,100,0.0,0.0
2024-08-01 13:00:00+09:00,860.0,860.0,860.0,860.0,400,0.0,0.0
2024-08-01 13:20:00+09:00,860.0,860.0,859.0,859.0,700,0.0,0.0
2024-08-01 13:25:00+09:00,859.0,859.0,859.0,859.0,200,0.0,0.0
2024-08-01 13:30:00+09:00,859.0,859.0,859.0,859.0,1200,0.0,0.0
2024-08-01 13:35:00+09:00,858.0,858.0,858.0,858.0,500,0.0,0.0
2024-08-01 13:40:00+09:00,859.0,859.0,859.0,859.0,500,0.0,0.0
2024-08-01 13:55:00+09:00,860.0,860.0,860.0,860.0,100,0.0,0.0
2024-08-01 14:05:00+09:00,860.0,861.0,860.0,861.0,600,0.0,0.0
2024-08-01 14:10:00+09:00,862.0,862.0,861.0,862.0,500,0.0,0.0
2024-08-01 14:20:00+09:00,862.0,862.0,862.0,862.0,100,0.0,0.0
2024-08-01 14:25:00+09:00,860.0,860.0,860.0,860.0,200,0.0,0.0
2024-08-01 14:30:00+09:00,860.0,860.0,860.0,860.0,300,0.0,0.0
2024-08-01 14:35:00+09:00,861.0,861.0,861.0,861.0,100,0.0,0.0
2024-08-01 14:40:00+09:00,860.0,861.0,860.0,861.0,2100,0.0,0.0
2024-08-01 14:45:00+09:00,862.0,864.0,862.0,864.0,500,0.0,0.0
2024-08-01 14:50:00+09:00,862.0,862.0,858.0,858.0,3700,0.0,0.0
2024-08-01 14:55:00+09:00,859.0,859.0,856.0,856.0,1600,0.0,0.0
2024-08-02 09:00:00+09:00,840.0,841.0,835.0,836.0,13700,0.0,0.0
2024-08-02 09:05:00+09:00,832.0,832.0,830.0,830.0,1200,0.0,0.0
2024-08-02 09:10:00+09:00,828.0,834.0,828.0,833.0,3200,0.0,0.0
2024-08-02 09:15:00+09:00,832.0,832.0,830.0,831.0,1400,0.0,0.0
2024-08-02 09:20:00+09:00,831.0,831.0,831.0,831.0,100,0.0,0.0
2024-08-02 09:25:00+09:00,831.0,831.0,828.0,828.0,1300,0.0,0.0
2024-08-02 09:30:00+09:00,829.0,830.0,829.0,830.0,400,0.0,0.0
2024-08-02 09:35:00+09:00,830.0,831.0,830.0,830.0,1800,0.0,0.0
2024-08-02 09:40:00+09:00,829.0,829.0,828.0,829.0,500,0.0,0.0
2024-08-02 09:45:00+09:00,827.0,827.0,826.0,826.0,1200,0.0,0.0
2024-08-02 09:50:00+09:00,826.0,826.0,823.0,825.0,2000,0.0,0.0
2024-08-02 09:55:00+09:00,825.0,825.0,825.0,825.0,0,0.0,0.0
2024-08-02 10:00:00+09:00,825.0,825.0,825.0,825.0,27500,0.0,0.0
2024-08-02 10:05:00+09:00,825.0,825.0,825.0,825.0,300,0.0,0.0
2024-08-02 10:10:00+09:00,826.0,829.0,826.0,829.0,800,0.0,0.0
2024-08-02 10:15:00+09:00,830.0,830.0,830.0,830.0,100,0.0,0.0
2024-08-02 10:20:00+09:00,831.0,832.0,831.0,832.0,300,0.0,0.0
2024-08-02 10:25:00+09:00,830.0,830.0,827.0,828.0,600,0.0,0.0
2024-08-02 10:30:00+09:00,829.0,830.0,829.0,830.0,300,0.0,0.0
2024-08-02 10:40:00+09:00,831.0,833.0,831.0,833.0,700,0.0,0.0
2024-08-02 10:45:00+09:00,834.0,834.0,834.0,834.0,100,0.0,0.0
2024-08-02 10:50:00+09:00,835.0,835.0,835.0,835.0,100,0.0,0.0
2024-08-02 10:55:00+09:00,835.0,835.0,835.0,835.0,300,0.0,0.0
2024-08-02 11:05:00+09:00,834.0,836.0,833.0,836.0,400,0.0,0.0
2024-08-02 11:10:00+09:00,834.0,834.0,831.0,831.0,1300,0.0,0.0
2024-08-02 11:15:00+09:00,832.0,832.0,832.0,832.0,100,0.0,0.0
2024-08-02 11:20:00+09:00,831.0,831.0,831.0,831.0,200,0.0,0.0
2024-08-02 11:30:00+09:00,830.0,830.0,830.0,830.0,100,0.0,0.0
2024-08-02 11:35:00+09:00,830.0,830.0,830.0,830.0,0,0.0,0.0
2024-08-02 12:30:00+09:00,830.0,832.0,830.0,831.0,34800,0.0,0.0
2024-08-02 12:35:00+09:00,830.0,831.0,830.0,830.0,600,0.0,0.0
2024-08-02 12:40:00+09:00,829.0,829.0,828.0,828.0,1200,0.0,0.0
2024-08-02 12:45:00+09:00,828.0,828.0,828.0,828.0,100,0.0,0.0
2024-08-02 12:50:00+09:00,828.0,829.0,827.0,829.0,500,0.0,0.0
2024-08-02 12:55:00+09:00,829.0,829.0,829.0,829.0,200,0.0,0.0
2024-08-02 13:00:00+09:00,829.0,829.0,829.0,829.0,100,0.0,0.0
2024-08-02 13:05:00+09:00,829.0,829.0,827.0,827.0,1400,0.0,0.0
2024-08-02 13:10:00+09:00,829.0,829.0,829.0,829.0,100,0.0,0.0
2024-08-02 13:20:00+09:00,827.0,827.0,827.0,827.0,200,0.0,0.0
2024-08-02 13:25:00+09:00,826.0,826.0,825.0,826.0,500,0.0,0.0
2024-08-02 13:35:00+09:00,826.0,826.0,825.0,826.0,300,0.0,0.0
2024-08-02 13:40:00+09:00,825.0,825.0,824.0,824.0,700,0.0,0.0
2024-08-02 13:45:00+09:00,823.0,823.0,823.0,823.0,500,0.0,0.0
2024-08-02 13:50:00+09:00,823.0,823.0,823.0,823.0,0,0.0,0.0
2024-08-02 13:55:00+09:00,821.0,822.0,821.0,822.0,42100,0.0,0.0
2024-08-02 14:00:00+09:00,823.0,823.0,823.0,823.0,600,0.0,0.0
2024-08-02 14:05:00+09:00,823.0,823.0,823.0,823.0,600,0.0,0.0
2024-08-02 14:10:00+09:00,823.0,823.0,822.0,822.0,700,0.0,0.0
2024-08-02 14:15:00+09:00,822.0,822.0,822.0,822.0,100,0.0,0.0
2024-08-02 14:20:00+09:00,822.0,823.0,822.0,823.0,500,0.0,0.0
2024-08-02 14:25:00+09:00,822.0,822.0,822.0,822.0,200,0.0,0.0
2024-08-02 14:30:00+09:00,821.0,821.0,821.0,821.0,100,0.0,0.0
2024-08-02 14:35:00+09:00,821.0,821.0,819.0,819.0,2200,0.0,0.0
2024-08-02 14:40:00+09:00,819.0,819.0,818.0,818.0,800,0.0,0.0
2024-08-02 14:45:00+09:00,817.0,817.0,817.0,817.0,1900,0.0,0.0
2024-08-02 14:50:00+09:00,818.0,818.0,815.0,815.0,1000,0.0,0.0
2024-08-02 14:55:00+09:00,815.0,817.0,814.0,814.0,1900,0.0,0.0
2024-08-05 09:00:00+09:00,790.0,793.0,785.0,793.0,17800,0.0,0.0
2024-08-05 09:05:00+09:00,789.0,803.0,789.0,799.0,4200,0.0,0.0
2024-08-05 09:10:00+09:00,798.0,798.0,777.0,781.0,29700,0.0,0.0
2024-08-05 09:15:00+09:00,777.0,777.0,765.0,769.0,14400,0.0,0.0
2024-08-05 09:20:00+09:00,770.0,772.0,769.0,772.0,500,0.0,0.0
2024-08-05 09:25:00+09:00,771.0,777.0,771.0,777.0,1200,0.0,0.0
2024-08-05 09:30:00+09:00,777.0,781.0,777.0,780.0,1900,0.0,0.0
2024-08-05 09:35:00+09:00,782.0,782.0,775.0,775.0,2600,0.0,0.0
2024-08-05 09:40:00+09:00,778.0,778.0,778.0,778.0,200,0.0,0.0
2024-08-05 09:45:00+09:00,776.0,776.0,774.0,774.0,600,0.0,0.0
2024-08-05 09:50:00+09:00,774.0,774.0,771.0,773.0,1300,0.0,0.0
2024-08-05 09:55:00+09:00,774.0,779.0,774.0,779.0,1200,0.0,0.0
2024-08-05 10:00:00+09:00,781.0,781.0,779.0,779.0,1000,0.0,0.0
2024-08-05 10:05:00+09:00,777.0,777.0,775.0,775.0,600,0.0,0.0
2024-08-05 10:10:00+09:00,776.0,776.0,776.0,776.0,700,0.0,0.0
2024-08-05 10:15:00+09:00,777.0,778.0,777.0,778.0,400,0.0,0.0
2024-08-05 10:20:00+09:00,778.0,779.0,777.0,777.0,1200,0.0,0.0
2024-08-05 10:25:00+09:00,778.0,778.0,776.0,777.0,600,0.0,0.0
2024-08-05 10:30:00+09:00,777.0,779.0,777.0,779.0,500,0.0,0.0
2024-08-05 10:35:00+09:00,777.0,778.0,777.0,778.0,300,0.0,0.0
2024-08-05 10:40:00+09:00,779.0,780.0,778.0,778.0,1000,0.0,0.0
2024-08-05 10:45:00+09:00,778.0,778.0,778.0,778.0,100,0.0,0.0
2024-08-05 10:50:00+09:00,777.0,777.0,775.0,775.0,600,0.0,0.0
2024-08-05 10:55:00+09:00,777.0,778.0,777.0,778.0,300,0.0,0.0
2024-08-05 11:00:00+09:00,779.0,779.0,778.0,778.0,200,0.0,0.0
2024-08-05 11:05:00+09:00,778.0,779.0,777.0,779.0,800,0.0,0.0
2024-08-05 11:10:00+09:00,779.0,779.0,778.0,778.0,400,0.0,0.0
2024-08-05 11:15:00+09:00,778.0,780.0,778.0,779.0,500,0.0,0.0
2024-08-05 11:20:00+09:00,783.0,786.0,783.0,786.0,1100,0.0,0.0
2024-08-05 11:25:00+09:00,786.0,787.0,786.0,787.0,1100,0.0,0.0
2024-08-05 11:30:00+09:00,790.0,790.0,790.0,790.0,400,0.0,0.0
2024-08-05 11:35:00+09:00,790.0,790.0,790.0,790.0,0,0.0,0.0
2024-08-05 12:30:00+09:00,805.0,805.0,793.0,793.0,90500,0.0,0.0
2024-08-05 12:35:00+09:00,788.0,788.0,788.0,788.0,0,0.0,0.0
2024-08-05 12:40:00+09:00,791.0,791.0,789.0,789.0,93700,0.0,0.0
2024-08-05 12:45:00+09:00,788.0,788.0,787.0,787.0,600,0.0,0.0
2024-08-05 12:50:00+09:00,786.0,786.0,783.0,785.0,2200,0.0,0.0
2024-08-05 12:55:00+09:00,783.0,783.0,783.0,783.0,300,0.0,0.0
2024-08-05 13:00:00+09:00,780.0,780.0,780.0,780.0,200,0.0,0.0
2024-08-05 13:05:00+09:00,780.0,780.0,778.0,778.0,900,0.0,0.0
2024-08-05 13:10:00+09:00,778.0,778.0,777.0,777.0,700,0.0,0.0
2024-08-05 13:15:00+09:00,777.0,777.0,774.0,774.0,800,0.0,0.0
2024-08-05 13:20:00+09:00,774.0,774.0,773.0,773.0,500,0.0,0.0
2024-08-05 13:25:00+09:00,772.0,772.0,765.0,769.0,4800,0.0,0.0
2024-08-05 13:30:00+09:00,767.0,767.0,766.0,766.0,800,0.0,0.0
2024-08-05 13:35:00+09:00,765.0,767.0,765.0,765.0,900,0.0,0.0
2024-08-05 13:40:00+09:00,765.0,765.0,765.0,765.0,0,0.0,0.0
2024-08-05 13:45:00+09:00,764.0,764.0,762.0,762.0,108500,0.0,0.0
2024-08-05 13:50:00+09:00,762.0,763.0,760.0,760.0,1800,0.0,0.0
2024-08-05 13:55:00+09:00,760.0,761.0,750.0,753.0,11100,0.0,0.0
2024-08-05 14:00:00+09:00,750.0,752.0,748.0,748.0,3300,0.0,0.0
2024-08-05 14:05:00+09:00,749.0,749.0,747.0,747.0,1900,0.0,0.0
2024-08-05 14:10:00+09:00,745.0,745.0,737.0,741.0,5400,0.0,0.0
2024-08-05 14:15:00+09:00,741.0,741.0,737.0,737.0,1300,0.0,0.0
2024-08-05 14:20:00+09:00,736.0,737.0,732.0,732.0,800,0.0,0.0
2024-08-05 14:25:00+09:00,731.0,731.0,716.0,721.0,3700,0.0,0.0
2024-08-05 14:30:00+09:00,721.0,724.0,718.0,721.0,3300,0.0,0.0
2024-08-05 14:35:00+09:00,722.0,723.0,721.0,721.0,1100,0.0,0.0
2024-08-05 14:40:00+09:00,724.0,725.0,723.0,723.0,1000,0.0,0.0
2024-08-05 14:45:00+09:00,723.0,723.0,716.0,719.0,6200,0.0,0.0
2024-08-05 14:50:00+09:00,719.0,722.0,719.0,722.0,1000,0.0,0.0
2024-08-05 14:55:00+09:00,722.0,736.0,722.0,736.0,1600,0.0,0.0
2024-08-06 09:05:00+09:00,773.0,773.0,764.0,764.0,9300,0.0,0.0
2024-08-06 09:10:00+09:00,768.0,777.0,768.0,777.0,1900,0.0,0.0
2024-08-06 09:15:00+09:00,775.0,775.0,771.0,775.0,1000,0.0,0.0
2024-08-06 09:20:00+09:00,776.0,785.0,773.0,785.0,1000,0.0,0.0
2024-08-06 09:25:00+09:00,786.0,789.0,784.0,784.0,2000,0.0,0.0
2024-08-06 09:30:00+09:00,783.0,785.0,781.0,785.0,900,0.0,0.0
2024-08-06 09:35:00+09:00,788.0,790.0,788.0,789.0,800,0.0,0.0
2024-08-06 09:40:00+09:00,790.0,796.0,790.0,796.0,1100,0.0,0.0
2024-08-06 09:45:00+09:00,796.0,798.0,796.0,798.0,700,0.0,0.0
2024-08-06 09:50:00+09:00,796.0,797.0,796.0,797.0,500,0.0,0.0
2024-08-06 09:55:00+09:00,797.0,798.0,795.0,798.0,1300,0.0,0.0
2024-08-06 10:00:00+09:00,799.0,803.0,799.0,803.0,1100,0.0,0.0
2024-08-06 10:05:00+09:00,805.0,805.0,799.0,799.0,1600,0.0,0.0
2024-08-06 10:10:00+09:00,797.0,802.0,797.0,802.0,1800,0.0,0.0
2024-08-06 10:15:00+09:00,804.0,807.0,804.0,805.0,800,0.0,0.0
2024-08-06 10:20:00+09:00,803.0,803.0,802.0,803.0,600,0.0,0.0
2024-08-06 10:30:00+09:00,802.0,802.0,800.0,800.0,700,0.0,0.0
2024-08-06 10:35:00+09:00,799.0,799.0,792.0,792.0,1500,0.0,0.0
2024-08-06 10:40:00+09:00,792.0,792.0,791.0,791.0,200,0.0,0.0
2024-08-06 10:45:00+09:00,784.0,784.0,779.0,784.0,600,0.0,0.0
2024-08-06 10:50:00+09:00,791.0,793.0,791.0,793.0,400,0.0,0.0
2024-08-06 10:55:00+09:00,795.0,801.0,795.0,801.0,900,0.0,0.0
2024-08-06 11:00:00+09:00,802.0,803.0,801.0,803.0,1100,0.0,0.0
2024-08-06 11:05:00+09:00,804.0,804.0,797.0,797.0,1100,0.0,0.0
2024-08-06 11:10:00+09:00,797.0,797.0,797.0,797.0,200,0.0,0.0
2024-08-06 11:15:00+09:00,798.0,798.0,797.0,797.0,600,0.0,0.0
2024-08-06 11:20:00+09:00,798.0,798.0,798.0,798.0,100,0.0,0.0
2024-08-06 11:25:00+09:00,797.0,797.0,796.0,797.0,300,0.0,0.0
2024-08-06 11:30:00+09:00,799.0,799.0,799.0,799.0,100,0.0,0.0
2024-08-06 11:35:00+09:00,799.0,799.0,799.0,799.0,0,0.0,0.0
2024-08-06 12:30:00+09:00,791.0,796.0,791.0,796.0,36300,0.0,0.0
2024-08-06 12:35:00+09:00,797.0,799.0,797.0,799.0,1100,0.0,0.0
2024-08-06 12:40:00+09:00,800.0,802.0,800.0,802.0,700,0.0,0.0
2024-08-06 12:45:00+09:00,802.0,803.0,802.0,803.0,400,0.0,0.0
2024-08-06 12:50:00+09:00,803.0,803.0,802.0,802.0,700,0.0,0.0
2024-08-06 13:00:00+09:00,801.0,801.0,800.0,801.0,1100,0.0,0.0
2024-08-06 13:05:00+09:00,800.0,801.0,797.0,797.0,300,0.0,0.0
2024-08-06 13:10:00+09:00,797.0,797.0,797.0,797.0,200,0.0,0.0
2024-08-06 13:20:00+09:00,796.0,796.0,796.0,796.0,300,0.0,0.0
2024-08-06 13:25:00+09:00,793.0,795.0,793.0,795.0,1500,0.0,0.0
2024-08-06 13:30:00+09:00,794.0,794.0,794.0,794.0,300,0.0,0.0
2024-08-06 13:35:00+09:00,794.0,794.0,794.0,794.0,100,0.0,0.0
2024-08-06 13:40:00+09:00,792.0,792.0,792.0,792.0,300,0.0,0.0
2024-08-06 13:45:00+09:00,790.0,790.0,787.0,788.0,1400,0.0,0.0
2024-08-06 13:50:00+09:00,787.0,787.0,787.0,787.0,100,0.0,0.0
2024-08-06 13:55:00+09:00,786.0,786.0,781.0,781.0,1700,0.0,0.0
2024-08-06 14:00:00+09:00,782.0,782.0,778.0,778.0,800,0.0,0.0
2024-08-06 14:05:00+09:00,777.0,777.0,777.0,777.0,400,0.0,0.0
2024-08-06 14:10:00+09:00,778.0,778.0,775.0,776.0,1700,0.0,0.0
2024-08-06 14:15:00+09:00,778.0,778.0,778.0,778.0,100,0.0,0.0
2024-08-06 14:20:00+09:00,778.0,779.0,777.0,779.0,600,0.0,0.0
2024-08-06 14:25:00+09:00,782.0,785.0,782.0,784.0,600,0.0,0.0
2024-08-06 14:30:00+09:00,785.0,785.0,785.0,785.0,600,0.0,0.0
2024-08-06 14:35:00+09:00,786.0,786.0,785.0,785.0,0,0.0,0.0
2024-08-06 14:40:00+09:00,784.0,784.0,782.0,784.0,53000,0.0,0.0
2024-08-06 14:45:00+09:00,783.0,783.0,782.0,782.0,900,0.0,0.0
2024-08-06 14:50:00+09:00,781.0,781.0,780.0,781.0,2500,0.0,0.0
2024-08-06 14:55:00+09:00,780.0,783.0,780.0,783.0,800,0.0,0.0
2024-08-07 09:00:00+09:00,782.0,782.0,777.0,777.0,8300,0.0,0.0
2024-08-07 09:05:00+09:00,777.0,777.0,776.0,776.0,300,0.0,0.0
2024-08-07 09:10:00+09:00,779.0,779.0,778.0,779.0,800,0.0,0.0
2024-08-07 09:15:00+09:00,779.0,779.0,773.0,773.0,1100,0.0,0.0
2024-08-07 09:20:00+09:00,775.0,781.0,775.0,781.0,1300,0.0,0.0
2024-08-07 09:25:00+09:00,782.0,783.0,782.0,783.0,200,0.0,0.0
2024-08-07 09:30:00+09:00,783.0,783.0,779.0,779.0,600,0.0,0.0
2024-08-07 09:35:00+09:00,782.0,782.0,781.0,781.0,300,0.0,0.0
2024-08-07 09:40:00+09:00,782.0,782.0,782.0,782.0,500,0.0,0.0
2024-08-07 09:45:00+09:00,784.0,786.0,784.0,786.0,700,0.0,0.0
2024-08-07 09:50:00+09:00,786.0,786.0,783.0,784.0,700,0.0,0.0
2024-08-07 09:55:00+09:00,784.0,784.0,779.0,781.0,1000,0.0,0.0
2024-08-07 10:00:00+09:00,780.0,780.0,777.0,777.0,1000,0.0,0.0
2024-08-07 10:05:00+09:00,779.0,779.0,779.0,779.0,200,0.0,0.0
2024-08-07 10:10:00+09:00,779.0,780.0,779.0,780.0,800,0.0,0.0
2024-08-07 10:15:00+09:00,781.0,785.0,781.0,785.0,800,0.0,0.0
2024-08-07 10:25:00+09:00,787.0,793.0,787.0,791.0,1900,0.0,0.0
2024-08-07 10:30:00+09:00,792.0,794.0,792.0,794.0,200,0.0,0.0
2024-08-07 10:35:00+09:00,796.0,797.0,796.0,797.0,400,0.0,0.0
2024-08-07 10:40:00+09:00,798.0,798.0,798.0,798.0,1400,0.0,0.0
2024-08-07 10:45:00+09:00,799.0,803.0,799.0,803.0,500,0.0,0.0
2024-08-07 10:50:00+09:00,802.0,809.0,802.0,809.0,600,0.0,0.0
2024-08-07 10:55:00+09:00,806.0,806.0,804.0,804.0,800,0.0,0.0
2024-08-07 11:00:00+09:00,804.0,804.0,801.0,801.0,500,0.0,0.0
2024-08-07 11:05:00+09:00,802.0,803.0,802.0,803.0,200,0.0,0.0
2024-08-07 11:10:00+09:00,802.0,802.0,800.0,800.0,300,0.0,0.0
2024-08-07 11:20:00+09:00,799.0,800.0,798.0,800.0,800,0.0,0.0
2024-08-07 11:25:00+09:00,801.0,801.0,801.0,801.0,100,0.0,0.0
2024-08-07 11:30:00+09:00,801.0,801.0,801.0,801.0,200,0.0,0.0
2024-08-07 11:35:00+09:00,801.0,801.0,801.0,801.0,0,0.0,0.0
2024-08-07 12:30:00+09:00,800.0,802.0,793.0,793.0,0,0.0,0.0
2024-08-07 12:35:00+09:00,795.0,800.0,795.0,800.0,30600,0.0,0.0
2024-08-07 12:45:00+09:00,801.0,801.0,798.0,798.0,1100,0.0,0.0
2024-08-07 12:50:00+09:00,799.0,799.0,794.0,794.0,1000,0.0,0.0
2024-08-07 12:55:00+09:00,793.0,793.0,790.0,790.0,1500,0.0,0.0
2024-08-07 13:05:00+09:00,795.0,795.0,795.0,795.0,200,0.0,0.0
2024-08-07 13:10:00+09:00,795.0,795.0,791.0,791.0,200,0.0,0.0
2024-08-07 13:15:00+09:00,792.0,792.0,791.0,791.0,400,0.0,0.0
2024-08-07 13:20:00+09:00,789.0,789.0,789.0,789.0,100,0.0,0.0
2024-08-07 13:25:00+09:00,790.0,790.0,789.0,789.0,600,0.0,0.0
2024-08-07 13:30:00+09:00,789.0,789.0,789.0,789.0,100,0.0,0.0
2024-08-07 13:35:00+09:00,791.0,792.0,791.0,792.0,500,0.0,0.0
2024-08-07 13:40:00+09:00,794.0,795.0,794.0,795.0,400,0.0,0.0
2024-08-07 13:45:00+09:00,795.0,795.0,794.0,794.0,900,0.0,0.0
2024-08-07 13:50:00+09:00,795.0,795.0,795.0,795.0,100,0.0,0.0
2024-08-07 13:55:00+09:00,795.0,795.0,795.0,795.0,200,0.0,0.0
2024-08-07 14:00:00+09:00,795.0,795.0,795.0,795.0,400,0.0,0.0
2024-08-07 14:05:00+09:00,796.0,796.0,796.0,796.0,100,0.0,0.0
2024-08-07 14:15:00+09:00,796.0,796.0,796.0,796.0,400,0.0,0.0
2024-08-07 14:20:00+09:00,795.0,795.0,794.0,795.0,800,0.0,0.0
2024-08-07 14:25:00+09:00,795.0,796.0,795.0,796.0,200,0.0,0.0
2024-08-07 14:30:00+09:00,795.0,795.0,792.0,792.0,900,0.0,0.0
2024-08-07 14:35:00+09:00,792.0,793.0,790.0,790.0,1400,0.0,0.0
2024-08-07 14:40:00+09:00,790.0,790.0,787.0,787.0,1100,0.0,0.0
2024-08-07 14:45:00+09:00,785.0,788.0,785.0,787.0,400,0.0,0.0
2024-08-07 14:50:00+09:00,787.0,787.0,785.0,787.0,1100,0.0,0.0
2024-08-07 14:55:00+09:00,786.0,787.0,777.0,777.0,2800,0.0,0.0
2024-08-08 09:00:00+09:00,778.0,785.0,778.0,785.0,5700,0.0,0.0
2024-08-08 09:05:00+09:00,786.0,786.0,779.0,779.0,600,0.0,0.0
2024-08-08 09:10:00+09:00,780.0,781.0,780.0,781.0,400,0.0,0.0
2024-08-08 09:15:00+09:00,784.0,784.0,784.0,784.0,100,0.0,0.0
2024-08-08 09:20:00+09:00,788.0,788.0,787.0,787.0,200,0.0,0.0
2024-08-08 09:25:00+09:00,786.0,786.0,786.0,786.0,100,0.0,0.0
2024-08-08 09:30:00+09:00,783.0,785.0,783.0,785.0,200,0.0,0.0
2024-08-08 09:35:00+09:00,785.0,785.0,780.0,780.0,700,0.0,0.0
2024-08-08 09:40:00+09:00,782.0,783.0,782.0,783.0,300,0.0,0.0
2024-08-08 09:45:00+09:00,780.0,780.0,780.0,780.0,100,0.0,0.0
2024-08-08 09:50:00+09:00,779.0,783.0,779.0,783.0,900,0.0,0.0
2024-08-08 09:55:00+09:00,784.0,786.0,784.0,786.0,300,0.0,0.0
2024-08-08 10:00:00+09:00,785.0,786.0,785.0,786.0,200,0.0,0.0
2024-08-08 10:05:00+09:00,789.0,789.0,785.0,786.0,900,0.0,0.0
2024-08-08 10:10:00+09:00,786.0,788.0,786.0,788.0,300,0.0,0.0
2024-08-08 10:15:00+09:00,787.0,787.0,785.0,785.0,300,0.0,0.0
2024-08-08 10:20:00+09:00,784.0,784.0,784.0,784.0,200,0.0,0.0
2024-08-08 10:30:00+09:00,785.0,786.0,785.0,786.0,200,0.0,0.0
2024-08-08 10:40:00+09:00,787.0,787.0,784.0,784.0,300,0.0,0.0
2024-08-08 10:45:00+09:00,783.0,783.0,781.0,783.0,2400,0.0,0.0
2024-08-08 10:50:00+09:00,782.0,784.0,782.0,784.0,700,0.0,0.0
2024-08-08 10:55:00+09:00,785.0,788.0,785.0,788.0,500,0.0,0.0
2024-08-08 11:05:00+09:00,787.0,787.0,787.0,787.0,100,0.0,0.0
2024-08-08 11:10:00+09:00,790.0,792.0,790.0,792.0,600,0.0,0.0
2024-08-08 11:25:00+09:00,795.0,795.0,795.0,795.0,200,0.0,0.0
2024-08-08 11:35:00+09:00,795.0,795.0,795.0,795.0,0,0.0,0.0
2024-08-08 12:30:00+09:00,796.0,797.0,796.0,797.0,19000,0.0,0.0
2024-08-08 12:35:00+09:00,796.0,796.0,796.0,796.0,100,0.0,0.0
2024-08-08 12:40:00+09:00,796.0,796.0,795.0,795.0,700,0.0,0.0
2024-08-08 12:45:00+09:00,797.0,797.0,797.0,797.0,300,0.0,0.0
2024-08-08 12:50:00+09:00,797.0,798.0,797.0,798.0,300,0.0,0.0
2024-08-08 12:55:00+09:00,797.0,797.0,795.0,795.0,1200,0.0,0.0
2024-08-08 13:00:00+09:00,794.0,794.0,793.0,793.0,400,0.0,0.0
2024-08-08 13:05:00+09:00,794.0,794.0,794.0,794.0,300,0.0,0.0
2024-08-08 13:10:00+09:00,796.0,796.0,796.0,796.0,100,0.0,0.0
2024-08-08 13:15:00+09:00,796.0,796.0,796.0,796.0,100,0.0,0.0
2024-08-08 13:20:00+09:00,796.0,796.0,796.0,796.0,300,0.0,0.0
2024-08-08 13:30:00+09:00,795.0,795.0,795.0,795.0,100,0.0,0.0
2024-08-08 13:35:00+09:00,797.0,797.0,794.0,794.0,300,0.0,0.0
2024-08-08 13:45:00+09:00,793.0,793.0,793.0,793.0,300,0.0,0.0
2024-08-08 14:00:00+09:00,793.0,793.0,793.0,793.0,100,0.0,0.0
2024-08-08 14:20:00+09:00,793.0,794.0,793.0,794.0,300,0.0,0.0
2024-08-08 14:25:00+09:00,793.0,793.0,792.0,792.0,800,0.0,0.0
2024-08-08 14:30:00+09:00,792.0,793.0,792.0,793.0,200,0.0,0.0
2024-08-08 14:40:00+09:00,790.0,790.0,790.0,790.0,800,0.0,0.0
2024-08-08 14:45:00+09:00,788.0,789.0,787.0,787.0,1100,0.0,0.0
2024-08-08 14:50:00+09:00,786.0,786.0,784.0,784.0,800,0.0,0.0
2024-08-08 14:55:00+09:00,787.0,787.0,784.0,785.0,1500,0.0,0.0
2024-08-09 09:00:00+09:00,772.0,772.0,744.0,745.0,29700,0.0,0.0
2024-08-09 09:05:00+09:00,750.0,750.0,745.0,745.0,3100,0.0,0.0
2024-08-09 09:10:00+09:00,746.0,746.0,740.0,741.0,4400,0.0,0.0
2024-08-09 09:15:00+09:00,740.0,748.0,738.0,747.0,6000,0.0,0.0
2024-08-09 09:20:00+09:00,748.0,752.0,748.0,749.0,800,0.0,0.0
2024-08-09 09:25:00+09:00,750.0,753.0,749.0,751.0,1700,0.0,0.0
2024-08-09 09:30:00+09:00,750.0,750.0,748.0,748.0,1600,0.0,0.0
2024-08-09 09:35:00+09:00,749.0,749.0,743.0,743.0,2700,0.0,0.0
2024-08-09 09:40:00+09:00,742.0,743.0,739.0,741.0,0,0.0,0.0
2024-08-09 09:45:00+09:00,741.0,744.0,741.0,744.0,53700,0.0,0.0
2024-08-09 09:50:00+09:00,745.0,746.0,745.0,746.0,400,0.0,0.0
2024-08-09 09:55:00+09:00,746.0,747.0,746.0,747.0,200,0.0,0.0
2024-08-09 10:00:00+09:00,748.0,750.0,746.0,750.0,2600,0.0,0.0
2024-08-09 10:05:00+09:00,751.0,752.0,750.0,752.0,1000,0.0,0.0
2024-08-09 10:10:00+09:00,752.0,752.0,750.0,750.0,1100,0.0,0.0
2024-08-09 10:15:00+09:00,750.0,752.0,750.0,751.0,700,0.0,0.0
2024-08-09 10:20:00+09:00,749.0,749.0,745.0,745.0,3000,0.0,0.0
2024-08-09 10:25:00+09:00,745.0,746.0,745.0,746.0,1100,0.0,0.0
2024-08-09 10:30:00+09:00,747.0,747.0,747.0,747.0,800,0.0,0.0
2024-08-09 10:35:00+09:00,746.0,747.0,743.0,747.0,500,0.0,0.0
2024-08-09 10:40:00+09:00,746.0,748.0,745.0,745.0,1700,0.0,0.0
2024-08-09 10:45:00+09:00,745.0,745.0,743.0,743.0,900,0.0,0.0
2024-08-09 10:50:00+09:00,745.0,745.0,739.0,739.0,5400,0.0,0.0
2024-08-09 10:55:00+09:00,739.0,740.0,739.0,739.0,1400,0.0,0.0
2024-08-09 11:00:00+09:00,739.0,739.0,739.0,739.0,1100,0.0,0.0
2024-08-09 11:05:00+09:00,740.0,740.0,739.0,739.0,800,0.0,0.0
2024-08-09 11:10:00+09:00,739.0,740.0,739.0,739.0,800,0.0,0.0
2024-08-09 11:15:00+09:00,739.0,739.0,730.0,730.0,11700,0.0,0.0
2024-08-09 11:20:00+09:00,731.0,734.0,731.0,734.0,800,0.0,0.0
2024-08-09 11:25:00+09:00,734.0,735.0,732.0,732.0,1100,0.0,0.0
2024-08-09 11:30:00+09:00,731.0,731.0,731.0,731.0,2600,0.0,0.0
2024-08-09 11:35:00+09:00,731.0,731.0,731.0,731.0,0,0.0,0.0
2024-08-09 12:30:00+09:00,736.0,736.0,732.0,736.0,102000,0.0,0.0
2024-08-09 12:35:00+09:00,736.0,736.0,733.0,735.0,3700,0.0,0.0
2024-08-09 12:40:00+09:00,735.0,737.0,735.0,735.0,2000,0.0,0.0
2024-08-09 12:45:00+09:00,736.0,737.0,736.0,737.0,2800,0.0,0.0
2024-08-09 12:50:00+09:00,737.0,737.0,736.0,736.0,300,0.0,0.0
2024-08-09 12:55:00+09:00,736.0,737.0,736.0,736.0,800,0.0,0.0
2024-08-09 13:00:00+09:00,735.0,735.0,734.0,734.0,700,0.0,0.0
2024-08-09 13:05:00+09:00,734.0,736.0,734.0,736.0,1500,0.0,0.0
2024-08-09 13:10:00+09:00,737.0,737.0,737.0,737.0,400,0.0,0.0
2024-08-09 13:15:00+09:00,738.0,738.0,738.0,738.0,100,0.0,0.0
2024-08-09 13:20:00+09:00,737.0,737.0,736.0,736.0,700,0.0,0.0
2024-08-09 13:25:00+09:00,736.0,736.0,733.0,733.0,2000,0.0,0.0
2024-08-09 13:30:00+09:00,732.0,733.0,732.0,732.0,3300,0.0,0.0
2024-08-09 13:35:00+09:00,732.0,732.0,726.0,727.0,8500,0.0,0.0
2024-08-09 13:40:00+09:00,727.0,728.0,727.0,727.0,700,0.0,0.0
2024-08-09 13:45:00+09:00,728.0,731.0,728.0,731.0,3200,0.0,0.0
2024-08-09 13:55:00+09:00,731.0,731.0,727.0,727.0,1400,0.0,0.0
2024-08-09 14:00:00+09:00,728.0,728.0,719.0,720.0,9100,0.0,0.0
2024-08-09 14:05:00+09:00,719.0,724.0,719.0,724.0,3400,0.0,0.0
2024-08-09 14:10:00+09:00,724.0,726.0,724.0,726.0,800,0.0,0.0
2024-08-09 14:15:00+09:00,726.0,729.0,726.0,729.0,800,0.0,0.0
2024-08-09 14:20:00+09:00,730.0,730.0,730.0,730.0,200,0.0,0.0
2024-08-09 14:25:00+09:00,730.0,733.0,730.0,733.0,2300,0.0,0.0
2024-08-09 14:30:00+09:00,731.0,733.0,724.0,730.0,6100,0.0,0.0
2024-08-09 14:35:00+09:00,729.0,729.0,725.0,729.0,2900,0.0,0.0
2024-08-09 14:40:00+09:00,728.0,731.0,728.0,731.0,700,0.0,0.0
2024-08-09 14:45:00+09:00,729.0,729.0,726.0,726.0,1200,0.0,0.0
2024-08-09 14:50:00+09:00,725.0,725.0,718.0,724.0,4900,0.0,0.0
2024-08-09 14:55:00+09:00,726.0,728.0,724.0,728.0,1700,0.0,0.0
2024-08-13 09:00:00+09:00,744.0,748.0,731.0,732.0,11800,0.0,0.0
2024-08-13 09:05:00+09:00,732.0,732.0,727.0,728.0,5500,0.0,0.0
2024-08-13 09:10:00+09:00,726.0,732.0,726.0,732.0,1900,0.0,0.0
2024-08-13 09:15:00+09:00,732.0,734.0,731.0,734.0,1100,0.0,0.0
2024-08-13 09:20:00+09:00,734.0,734.0,733.0,733.0,200,0.0,0.0
2024-08-13 09:25:00+09:00,731.0,732.0,730.0,732.0,800,0.0,0.0
2024-08-13 09:30:00+09:00,734.0,734.0,733.0,733.0,300,0.0,0.0
2024-08-13 09:35:00+09:00,733.0,733.0,731.0,732.0,800,0.0,0.0
2024-08-13 09:40:00+09:00,733.0,737.0,733.0,737.0,2600,0.0,0.0
2024-08-13 09:45:00+09:00,740.0,743.0,740.0,743.0,1400,0.0,0.0
2024-08-13 09:50:00+09:00,745.0,746.0,739.0,739.0,6300,0.0,0.0
2024-08-13 09:55:00+09:00,739.0,740.0,739.0,739.0,400,0.0,0.0
2024-08-13 10:00:00+09:00,738.0,742.0,737.0,742.0,3200,0.0,0.0
2024-08-13 10:05:00+09:00,741.0,742.0,741.0,741.0,400,0.0,0.0
2024-08-13 10:10:00+09:00,740.0,740.0,736.0,736.0,4000,0.0,0.0
2024-08-13 10:15:00+09:00,737.0,738.0,737.0,738.0,300,0.0,0.0
2024-08-13 10:20:00+09:00,740.0,743.0,740.0,743.0,200,0.0,0.0
2024-08-13 10:30:00+09:00,742.0,744.0,742.0,743.0,3400,0.0,0.0
2024-08-13 10:35:00+09:00,744.0,746.0,744.0,746.0,1100,0.0,0.0
2024-08-13 10:40:00+09:00,747.0,747.0,746.0,746.0,1000,0.0,0.0
2024-08-13 10:45:00+09:00,745.0,745.0,744.0,745.0,2100,0.0,0.0
2024-08-13 10:50:00+09:00,745.0,745.0,745.0,745.0,800,0.0,0.0
2024-08-13 10:55:00+09:00,744.0,744.0,742.0,742.0,1000,0.0,0.0
2024-08-13 11:00:00+09:00,741.0,741.0,736.0,736.0,2300,0.0,0.0
2024-08-13 11:05:00+09:00,736.0,738.0,736.0,737.0,900,0.0,0.0
2024-08-13 11:15:00+09:00,737.0,738.0,737.0,738.0,1500,0.0,0.0
2024-08-13 11:25:00+09:00,738.0,738.0,738.0,738.0,500,0.0,0.0
2024-08-13 11:30:00+09:00,736.0,736.0,736.0,736.0,300,0.0,0.0
2024-08-13 11:35:00+09:00,736.0,736.0,736.0,736.0,0,0.0,0.0
2024-08-13 12:30:00+09:00,736.0,740.0,736.0,740.0,59700,0.0,0.0
2024-08-13 12:35:00+09:00,739.0,739.0,739.0,739.0,100,0.0,0.0
2024-08-13 12:40:00+09:00,739.0,739.0,739.0,739.0,300,0.0,0.0
2024-08-13 12:45:00+09:00,740.0,740.0,739.0,739.0,200,0.0,0.0
2024-08-13 12:50:00+09:00,739.0,741.0,739.0,741.0,800,0.0,0.0
2024-08-13 13:00:00+09:00,738.0,738.0,737.0,737.0,300,0.0,0.0
2024-08-13 13:05:00+09:00,738.0,738.0,738.0,738.0,200,0.0,0.0
2024-08-13 13:10:00+09:00,737.0,737.0,737.0,737.0,200,0.0,0.0
2024-08-13 13:20:00+09:00,737.0,737.0,737.0,737.0,500,0.0,0.0
2024-08-13 13:25:00+09:00,737.0,738.0,737.0,738.0,200,0.0,0.0
2024-08-13 13:35:00+09:00,738.0,738.0,738.0,738.0,500,0.0,0.0
2024-08-13 13:40:00+09:00,738.0,738.0,738.0,738.0,300,0.0,0.0
2024-08-13 13:45:00+09:00,739.0,740.0,739.0,740.0,400,0.0,0.0
2024-08-13 13:50:00+09:00,739.0,739.0,739.0,739.0,300,0.0,0.0
2024-08-13 13:55:00+09:00,737.0,737.0,737.0,737.0,0,0.0,0.0
2024-08-13 14:05:00+09:00,737.0,738.0,737.0,738.0,64700,0.0,0.0
2024-08-13 14:10:00+09:00,739.0,739.0,739.0,739.0,100,0.0,0.0
2024-08-13 14:15:00+09:00,739.0,739.0,738.0,738.0,800,0.0,0.0
2024-08-13 14:20:00+09:00,738.0,738.0,738.0,738.0,100,0.0,0.0
2024-08-13 14:25:00+09:00,738.0,739.0,738.0,739.0,600,0.0,0.0
2024-08-13 14:30:00+09:00,740.0,740.0,740.0,740.0,300,0.0,0.0
2024-08-13 14:35:00+09:00,739.0,739.0,739.0,739.0,600,0.0,0.0
2024-08-13 14:40:00+09:00,739.0,740.0,739.0,740.0,400,0.0,0.0
2024-08-13 14:45:00+09:00,741.0,741.0,741.0,741.0,200,0.0,0.0
2024-08-13 14:50:00+09:00,740.0,742.0,740.0,742.0,700,0.0,0.0
2024-08-13 14:55:00+09:00,743.0,745.0,743.0,744.0,1000,0.0,0.0
2024-08-14 09:00:00+09:00,745.0,745.0,735.0,736.0,10600,0.0,0.0
2024-08-14 09:05:00+09:00,738.0,738.0,734.0,737.0,2900,0.0,0.0
2024-08-14 09:10:00+09:00,739.0,739.0,737.0,737.0,600,0.0,0.0
2024-08-14 09:15:00+09:00,737.0,738.0,736.0,738.0,2400,0.0,0.0
2024-08-14 09:20:00+09:00,738.0,738.0,738.0,738.0,100,0.0,0.0
2024-08-14 09:25:00+09:00,737.0,737.0,737.0,737.0,1000,0.0,0.0
2024-08-14 09:30:00+09:00,738.0,738.0,738.0,738.0,500,0.0,0.0
2024-08-14 09:35:00+09:00,739.0,739.0,739.0,739.0,200,0.0,0.0
2024-08-14 09:40:00+09:00,739.0,740.0,739.0,740.0,200,0.0,0.0
2024-08-14 09:45:00+09:00,738.0,738.0,738.0,738.0,500,0.0,0.0
2024-08-14 09:55:00+09:00,738.0,738.0,738.0,738.0,100,0.0,0.0
2024-08-14 10:00:00+09:00,739.0,739.0,739.0,739.0,1100,0.0,0.0
2024-08-14 10:10:00+09:00,739.0,739.0,738.0,738.0,300,0.0,0.0
2024-08-14 10:15:00+09:00,738.0,738.0,738.0,738.0,400,0.0,0.0
2024-08-14 10:20:00+09:00,738.0,738.0,738.0,738.0,100,0.0,0.0
2024-08-14 10:30:00+09:00,738.0,739.0,738.0,738.0,1200,0.0,0.0
2024-08-14 10:35:00+09:00,740.0,740.0,740.0,740.0,200,0.0,0.0
2024-08-14 10:45:00+09:00,743.0,743.0,738.0,738.0,1700,0.0,0.0
2024-08-14 10:50:00+09:00,740.0,740.0,740.0,740.0,300,0.0,0.0
2024-08-14 10:55:00+09:00,740.0,745.0,740.0,745.0,1400,0.0,0.0
2024-08-14 11:00:00+09:00,743.0,743.0,743.0,743.0,500,0.0,0.0
2024-08-14 11:05:00+09:00,741.0,741.0,740.0,740.0,1100,0.0,0.0
2024-08-14 11:10:00+09:00,740.0,740.0,738.0,738.0,1100,0.0,0.0
2024-08-14 11:15:00+09:00,739.0,740.0,739.0,740.0,1000,0.0,0.0
2024-08-14 11:25:00+09:00,738.0,738.0,736.0,737.0,2800,0.0,0.0
2024-08-14 11:30:00+09:00,736.0,736.0,736.0,736.0,1900,0.0,0.0
2024-08-14 11:35:00+09:00,736.0,736.0,736.0,736.0,0,0.0,0.0
2024-08-14 12:30:00+09:00,742.0,742.0,739.0,740.0,37800,0.0,0.0
2024-08-14 12:35:00+09:00,740.0,740.0,740.0,740.0,700,0.0,0.0
2024-08-14 12:40:00+09:00,740.0,740.0,739.0,739.0,1200,0.0,0.0
2024-08-14 12:50:00+09:00,740.0,741.0,740.0,741.0,1300,0.0,0.0
2024-08-14 12:55:00+09:00,741.0,741.0,740.0,740.0,500,0.0,0.0
2024-08-14 13:00:00+09:00,739.0,739.0,739.0,739.0,100,0.0,0.0
2024-08-14 13:10:00+09:00,739.0,739.0,738.0,738.0,300,0.0,0.0
2024-08-14 13:15:00+09:00,738.0,738.0,737.0,737.0,1800,0.0,0.0
2024-08-14 13:20:00+09:00,738.0,738.0,738.0,738.0,200,0.0,0.0
2024-08-14 13:25:00+09:00,739.0,739.0,739.0,739.0,100,0.0,0.0
2024-08-14 13:35:00+09:00,739.0,739.0,739.0,739.0,700,0.0,0.0
2024-08-14 13:50:00+09:00,739.0,739.0,739.0,739.0,200,0.0,0.0
2024-08-14 14:00:00+09:00,739.0,739.0,739.0,739.0,100,0.0,0.0
2024-08-14 14:05:00+09:00,738.0,738.0,738.0,738.0,1900,0.0,0.0
2024-08-14 14:10:00+09:00,738.0,738.0,738.0,738.0,500,0.0,0.0
2024-08-14 14:20:00+09:00,738.0,738.0,738.0,738.0,900,0.0,0.0
2024-08-14 14:25:00+09:00,738.0,738.0,738.0,738.0,200,0.0,0.0
2024-08-14 14:30:00+09:00,738.0,738.0,738.0,738.0,600,0.0,0.0
2024-08-14 14:35:00+09:00,738.0,738.0,738.0,738.0,100,0.0,0.0
2024-08-14 14:40:00+09:00,738.0,739.0,738.0,739.0,500,0.0,0.0
2024-08-14 14:45:00+09:00,740.0,740.0,740.0,740.0,1200,0.0,0.0
2024-08-14 14:50:00+09:00,740.0,741.0,740.0,741.0,700,0.0,0.0
2024-08-14 14:55:00+09:00,739.0,740.0,739.0,739.0,600,0.0,0.0
2024-08-15 09:00:00+09:00,747.0,747.0,742.0,744.0,8200,0.0,0.0
2024-08-15 09:05:00+09:00,742.0,744.0,741.0,741.0,700,0.0,0.0
2024-08-15 09:10:00+09:00,740.0,740.0,738.0,739.0,2400,0.0,0.0
2024-08-15 09:15:00+09:00,738.0,742.0,738.0,742.0,1200,0.0,0.0
2024-08-15 09:20:00+09:00,741.0,742.0,741.0,742.0,700,0.0,0.0
2024-08-15 09:25:00+09:00,741.0,743.0,740.0,743.0,1800,0.0,0.0
2024-08-15 09:30:00+09:00,741.0,741.0,740.0,740.0,200,0.0,0.0
2024-08-15 09:35:00+09:00,741.0,742.0,741.0,742.0,500,0.0,0.0
2024-08-15 09:40:00+09:00,739.0,742.0,739.0,742.0,800,0.0,0.0
2024-08-15 09:50:00+09:00,742.0,742.0,740.0,740.0,300,0.0,0.0
2024-08-15 09:55:00+09:00,742.0,743.0,742.0,743.0,700,0.0,0.0
2024-08-15 10:00:00+09:00,743.0,743.0,742.0,743.0,500,0.0,0.0
2024-08-15 10:05:00+09:00,742.0,747.0,742.0,747.0,2000,0.0,0.0
2024-08-15 10:10:00+09:00,745.0,745.0,745.0,745.0,100,0.0,0.0
2024-08-15 10:15:00+09:00,744.0,744.0,744.0,744.0,200,0.0,0.0
2024-08-15 10:25:00+09:00,743.0,743.0,742.0,742.0,800,0.0,0.0
2024-08-15 10:30:00+09:00,742.0,743.0,742.0,743.0,400,0.0,0.0
2024-08-15 10:35:00+09:00,743.0,743.0,742.0,742.0,300,0.0,0.0
2024-08-15 10:40:00+09:00,743.0,743.0,742.0,742.0,200,0.0,0.0
2024-08-15 10:45:00+09:00,744.0,752.0,744.0,749.0,7600,0.0,0.0
2024-08-15 10:50:00+09:00,750.0,750.0,750.0,750.0,0,0.0,0.0
2024-08-15 11:00:00+09:00,751.0,752.0,751.0,752.0,30700,0.0,0.0
2024-08-15 11:05:00+09:00,752.0,753.0,752.0,753.0,300,0.0,0.0
2024-08-15 11:10:00+09:00,753.0,753.0,753.0,753.0,200,0.0,0.0
2024-08-15 11:15:00+09:00,753.0,753.0,752.0,752.0,300,0.0,0.0
2024-08-15 11:20:00+09:00,752.0,752.0,750.0,751.0,1200,0.0,0.0
2024-08-15 11:25:00+09:00,751.0,751.0,751.0,751.0,600,0.0,0.0
2024-08-15 11:30:00+09:00,750.0,750.0,750.0,750.0,1300,0.0,0.0
2024-08-15 11:35:00+09:00,750.0,750.0,750.0,750.0,0,0.0,0.0
2024-08-15 12:30:00+09:00,751.0,752.0,751.0,752.0,36600,0.0,0.0
2024-08-15 12:35:00+09:00,751.0,751.0,751.0,751.0,300,0.0,0.0
2024-08-15 12:40:00+09:00,751.0,753.0,750.0,751.0,900,0.0,0.0
2024-08-15 12:45:00+09:00,752.0,752.0,751.0,751.0,600,0.0,0.0
2024-08-15 12:50:00+09:00,752.0,752.0,752.0,752.0,200,0.0,0.0
2024-08-15 12:55:00+09:00,751.0,751.0,750.0,750.0,400,0.0,0.0
2024-08-15 13:00:00+09:00,750.0,751.0,750.0,751.0,400,0.0,0.0
2024-08-15 13:05:00+09:00,751.0,751.0,750.0,750.0,200,0.0,0.0
2024-08-15 13:10:00+09:00,750.0,750.0,749.0,749.0,2000,0.0,0.0
2024-08-15 13:15:00+09:00,749.0,749.0,749.0,749.0,100,0.0,0.0
2024-08-15 13:20:00+09:00,749.0,750.0,749.0,750.0,200,0.0,0.0
2024-08-15 13:25:00+09:00,749.0,749.0,749.0,749.0,100,0.0,0.0
2024-08-15 13:30:00+09:00,748.0,748.0,748.0,748.0,400,0.0,0.0
2024-08-15 13:35:00+09:00,748.0,748.0,748.0,748.0,300,0.0,0.0
2024-08-15 13:40:00+09:00,748.0,748.0,747.0,747.0,300,0.0,0.0
2024-08-15 13:50:00+09:00,747.0,747.0,747.0,747.0,100,0.0,0.0
2024-08-15 13:55:00+09:00,748.0,748.0,747.0,747.0,1600,0.0,0.0
2024-08-15 14:05:00+09:00,747.0,747.0,747.0,747.0,300,0.0,0.0
2024-08-15 14:15:00+09:00,746.0,746.0,746.0,746.0,100,0.0,0.0
2024-08-15 14:20:00+09:00,746.0,746.0,745.0,745.0,1900,0.0,0.0
2024-08-15 14:25:00+09:00,745.0,745.0,745.0,745.0,100,0.0,0.0
2024-08-15 14:30:00+09:00,746.0,746.0,746.0,746.0,500,0.0,0.0
2024-08-15 14:35:00+09:00,747.0,748.0,747.0,748.0,700,0.0,0.0
2024-08-15 14:40:00+09:00,749.0,749.0,748.0,748.0,200,0.0,0.0
2024-08-15 14:45:00+09:00,747.0,748.0,747.0,748.0,500,0.0,0.0
2024-08-15 14:50:00+09:00,747.0,748.0,746.0,748.0,2200,0.0,0.0
2024-08-15 14:55:00+09:00,747.0,748.0,747.0,747.0,400,0.0,0.0
2024-08-16 09:00:00+09:00,759.0,764.0,756.0,761.0,12000,0.0,0.0
2024-08-16 09:05:00+09:00,761.0,761.0,758.0,760.0,500,0.0,0.0
2024-08-16 09:10:00+09:00,760.0,761.0,760.0,761.0,600,0.0,0.0
2024-08-16 09:15:00+09:00,762.0,763.0,762.0,763.0,400,0.0,0.0
2024-08-16 09:20:00+09:00,764.0,770.0,764.0,766.0,3900,0.0,0.0
2024-08-16 09:25:00+09:00,766.0,767.0,766.0,767.0,800,0.0,0.0
2024-08-16 09:30:00+09:00,767.0,767.0,766.0,766.0,400,0.0,0.0
2024-08-16 09:35:00+09:00,765.0,765.0,765.0,765.0,200,0.0,0.0
2024-08-16 09:40:00+09:00,765.0,765.0,765.0,765.0,200,0.0,0.0
2024-08-16 09:45:00+09:00,763.0,763.0,760.0,760.0,1600,0.0,0.0
2024-08-16 09:50:00+09:00,760.0,761.0,760.0,760.0,700,0.0,0.0
2024-08-16 09:55:00+09:00,760.0,760.0,760.0,760.0,200,0.0,0.0
2024-08-16 10:00:00+09:00,763.0,763.0,763.0,763.0,200,0.0,0.0
2024-08-16 10:05:00+09:00,766.0,766.0,766.0,766.0,100,0.0,0.0
2024-08-16 10:10:00+09:00,763.0,763.0,761.0,762.0,1100,0.0,0.0
2024-08-16 10:15:00+09:00,762.0,763.0,762.0,763.0,600,0.0,0.0
2024-08-16 10:20:00+09:00,763.0,763.0,763.0,763.0,100,0.0,0.0
2024-08-16 10:30:00+09:00,764.0,765.0,762.0,762.0,1300,0.0,0.0
2024-08-16 10:35:00+09:00,762.0,762.0,762.0,762.0,100,0.0,0.0
2024-08-16 10:45:00+09:00,764.0,767.0,764.0,767.0,800,0.0,0.0
2024-08-16 10:50:00+09:00,767.0,767.0,767.0,767.0,400,0.0,0.0
2024-08-16 10:55:00+09:00,767.0,767.0,767.0,767.0,100,0.0,0.0
2024-08-16 11:10:00+09:00,767.0,770.0,767.0,770.0,2000,0.0,0.0
2024-08-16 11:20:00+09:00,769.0,770.0,768.0,768.0,400,0.0,0.0
2024-08-16 11:30:00+09:00,768.0,768.0,768.0,768.0,1200,0.0,0.0
2024-08-16 11:35:00+09:00,768.0,768.0,768.0,768.0,0,0.0,0.0
2024-08-16 12:30:00+09:00,770.0,772.0,770.0,772.0,31800,0.0,0.0
2024-08-16 12:35:00+09:00,771.0,771.0,771.0,771.0,0,0.0,0.0
2024-08-16 12:40:00+09:00,771.0,772.0,771.0,772.0,33200,0.0,0.0
2024-08-16 12:45:00+09:00,772.0,772.0,772.0,772.0,100,0.0,0.0
2024-08-16 12:50:00+09:00,770.0,770.0,769.0,769.0,900,0.0,0.0
2024-08-16 12:55:00+09:00,768.0,768.0,768.0,768.0,100,0.0,0.0
2024-08-16 13:00:00+09:00,768.0,771.0,768.0,771.0,1000,0.0,0.0
2024-08-16 13:05:00+09:00,772.0,773.0,771.0,773.0,1400,0.0,0.0
2024-08-16 13:10:00+09:00,773.0,773.0,771.0,771.0,400,0.0,0.0
2024-08-16 13:25:00+09:00,773.0,773.0,773.0,773.0,100,0.0,0.0
2024-08-16 13:30:00+09:00,771.0,771.0,771.0,771.0,100,0.0,0.0
2024-08-16 13:35:00+09:00,771.0,771.0,771.0,771.0,200,0.0,0.0
2024-08-16 13:40:00+09:00,771.0,771.0,771.0,771.0,200,0.0,0.0
2024-08-16 13:50:00+09:00,771.0,771.0,771.0,771.0,300,0.0,0.0
2024-08-16 14:00:00+09:00,771.0,771.0,771.0,771.0,300,0.0,0.0
2024-08-16 14:05:00+09:00,772.0,772.0,771.0,772.0,1100,0.0,0.0
2024-08-16 14:10:00+09:00,771.0,771.0,771.0,771.0,100,0.0,0.0
2024-08-16 14:20:00+09:00,772.0,772.0,771.0,772.0,900,0.0,0.0
2024-08-16 14:25:00+09:00,772.0,772.0,771.0,771.0,200,0.0,0.0
2024-08-16 14:30:00+09:00,772.0,773.0,771.0,771.0,400,0.0,0.0
2024-08-16 14:35:00+09:00,773.0,773.0,772.0,773.0,600,0.0,0.0
2024-08-16 14:40:00+09:00,773.0,773.0,773.0,773.0,1100,0.0,0.0
2024-08-16 14:45:00+09:00,774.0,774.0,772.0,773.0,500,0.0,0.0
2024-08-16 14:50:00+09:00,773.0,774.0,773.0,774.0,500,0.0,0.0
2024-08-16 14:55:00+09:00,774.0,774.0,774.0,774.0,1000,0.0,0.0
2024-08-19 09:00:00+09:00,769.0,769.0,755.0,755.0,15700,0.0,0.0
2024-08-19 09:05:00+09:00,758.0,758.0,755.0,757.0,600,0.0,0.0
2024-08-19 09:10:00+09:00,758.0,762.0,758.0,761.0,1100,0.0,0.0
2024-08-19 09:15:00+09:00,761.0,763.0,761.0,762.0,600,0.0,0.0
2024-08-19 09:20:00+09:00,762.0,765.0,762.0,765.0,800,0.0,0.0
2024-08-19 09:25:00+09:00,765.0,767.0,764.0,767.0,1900,0.0,0.0
2024-08-19 09:35:00+09:00,766.0,767.0,766.0,767.0,200,0.0,0.0
2024-08-19 09:40:00+09:00,765.0,765.0,765.0,765.0,800,0.0,0.0
2024-08-19 09:45:00+09:00,765.0,766.0,765.0,766.0,200,0.0,0.0
2024-08-19 09:50:00+09:00,767.0,768.0,766.0,768.0,600,0.0,0.0
2024-08-19 09:55:00+09:00,766.0,766.0,766.0,766.0,300,0.0,0.0
2024-08-19 10:00:00+09:00,766.0,766.0,765.0,765.0,800,0.0,0.0
2024-08-19 10:05:00+09:00,764.0,764.0,763.0,763.0,1200,0.0,0.0
2024-08-19 10:10:00+09:00,763.0,763.0,763.0,763.0,300,0.0,0.0
2024-08-19 10:15:00+09:00,763.0,763.0,763.0,763.0,100,0.0,0.0
2024-08-19 10:20:00+09:00,764.0,764.0,764.0,764.0,200,0.0,0.0
2024-08-19 10:25:00+09:00,765.0,765.0,764.0,764.0,200,0.0,0.0
2024-08-19 10:30:00+09:00,765.0,765.0,765.0,765.0,400,0.0,0.0
2024-08-19 10:35:00+09:00,764.0,764.0,764.0,764.0,200,0.0,0.0
2024-08-19 10:40:00+09:00,763.0,763.0,763.0,763.0,300,0.0,0.0
2024-08-19 10:45:00+09:00,762.0,764.0,762.0,764.0,600,0.0,0.0
2024-08-19 10:50:00+09:00,764.0,766.0,764.0,766.0,800,0.0,0.0
2024-08-19 10:55:00+09:00,766.0,767.0,766.0,766.0,300,0.0,0.0
2024-08-19 11:00:00+09:00,766.0,766.0,766.0,766.0,100,0.0,0.0
2024-08-19 11:05:00+09:00,767.0,767.0,766.0,766.0,200,0.0,0.0
2024-08-19 11:10:00+09:00,765.0,765.0,765.0,765.0,200,0.0,0.0
2024-08-19 11:15:00+09:00,766.0,767.0,764.0,764.0,700,0.0,0.0
2024-08-19 11:20:00+09:00,763.0,763.0,763.0,763.0,200,0.0,0.0
2024-08-19 11:25:00+09:00,763.0,764.0,763.0,764.0,300,0.0,0.0
2024-08-19 11:30:00+09:00,765.0,765.0,765.0,765.0,2200,0.0,0.0
2024-08-19 11:35:00+09:00,765.0,765.0,765.0,765.0,0,0.0,0.0
2024-08-19 12:30:00+09:00,763.0,763.0,762.0,762.0,35000,0.0,0.0
2024-08-19 12:35:00+09:00,759.0,760.0,759.0,760.0,3500,0.0,0.0
2024-08-19 12:40:00+09:00,758.0,758.0,755.0,755.0,4100,0.0,0.0
2024-08-19 12:45:00+09:00,755.0,755.0,754.0,755.0,400,0.0,0.0
2024-08-19 12:50:00+09:00,756.0,756.0,755.0,755.0,300,0.0,0.0
2024-08-19 12:55:00+09:00,755.0,755.0,754.0,755.0,800,0.0,0.0
2024-08-19 13:00:00+09:00,755.0,757.0,754.0,757.0,400,0.0,0.0
2024-08-19 13:05:00+09:00,756.0,756.0,756.0,756.0,700,0.0,0.0
2024-08-19 13:10:00+09:00,755.0,755.0,750.0,754.0,9500,0.0,0.0
2024-08-19 13:15:00+09:00,755.0,756.0,755.0,756.0,200,0.0,0.0
2024-08-19 13:20:00+09:00,757.0,758.0,757.0,758.0,400,0.0,0.0
2024-08-19 13:25:00+09:00,757.0,758.0,757.0,758.0,200,0.0,0.0
2024-08-19 13:30:00+09:00,756.0,756.0,756.0,756.0,600,0.0,0.0
2024-08-19 13:35:00+09:00,756.0,756.0,755.0,755.0,3900,0.0,0.0
2024-08-19 13:40:00+09:00,755.0,755.0,754.0,754.0,800,0.0,0.0
2024-08-19 13:45:00+09:00,750.0,750.0,750.0,750.0,0,0.0,0.0
2024-08-19 13:50:00+09:00,752.0,753.0,752.0,753.0,64500,0.0,0.0
2024-08-19 13:55:00+09:00,753.0,754.0,753.0,754.0,300,0.0,0.0
2024-08-19 14:00:00+09:00,754.0,754.0,753.0,753.0,200,0.0,0.0
2024-08-19 14:05:00+09:00,753.0,753.0,753.0,753.0,100,0.0,0.0
2024-08-19 14:10:00+09:00,754.0,755.0,754.0,754.0,800,0.0,0.0
2024-08-19 14:15:00+09:00,753.0,755.0,753.0,755.0,300,0.0,0.0
2024-08-19 14:20:00+09:00,753.0,754.0,753.0,754.0,400,0.0,0.0
2024-08-19 14:25:00+09:00,753.0,753.0,752.0,752.0,1000,0.0,0.0
2024-08-19 14:30:00+09:00,752.0,752.0,752.0,752.0,200,0.0,0.0
2024-08-19 14:35:00+09:00,751.0,751.0,750.0,750.0,2800,0.0,0.0
2024-08-19 14:40:00+09:00,751.0,751.0,750.0,750.0,200,0.0,0.0
2024-08-19 14:45:00+09:00,750.0,751.0,750.0,751.0,1000,0.0,0.0
2024-08-19 14:50:00+09:00,752.0,752.0,752.0,752.0,1400,0.0,0.0
2024-08-19 14:55:00+09:00,751.0,752.0,750.0,750.0,900,0.0,0.0
2024-08-20 09:00:00+09:00,757.0,758.0,757.0,757.0,4300,0.0,0.0
2024-08-20 09:05:00+09:00,758.0,763.0,758.0,763.0,900,0.0,0.0
2024-08-20 09:10:00+09:00,763.0,765.0,763.0,764.0,600,0.0,0.0
2024-08-20 09:15:00+09:00,764.0,765.0,764.0,764.0,800,0.0,0.0
2024-08-20 09:20:00+09:00,762.0,762.0,759.0,760.0,1000,0.0,0.0
2024-08-20 09:30:00+09:00,761.0,761.0,759.0,759.0,600,0.0,0.0
2024-08-20 09:35:00+09:00,760.0,762.0,760.0,761.0,1100,0.0,0.0
2024-08-20 09:40:00+09:00,761.0,761.0,761.0,761.0,100,0.0,0.0
2024-08-20 09:50:00+09:00,762.0,762.0,761.0,761.0,400,0.0,0.0
2024-08-20 09:55:00+09:00,762.0,762.0,760.0,760.0,200,0.0,0.0
2024-08-20 10:00:00+09:00,760.0,760.0,760.0,760.0,200,0.0,0.0
2024-08-20 10:05:00+09:00,758.0,758.0,757.0,757.0,700,0.0,0.0
2024-08-20 10:10:00+09:00,756.0,756.0,753.0,755.0,3900,0.0,0.0
2024-08-20 10:15:00+09:00,755.0,755.0,755.0,755.0,300,0.0,0.0
2024-08-20 10:20:00+09:00,756.0,756.0,756.0,756.0,600,0.0,0.0
2024-08-20 10:25:00+09:00,757.0,758.0,757.0,757.0,400,0.0,0.0
2024-08-20 10:35:00+09:00,758.0,759.0,758.0,759.0,500,0.0,0.0
2024-08-20 10:40:00+09:00,759.0,759.0,757.0,757.0,400,0.0,0.0
2024-08-20 10:45:00+09:00,755.0,756.0,755.0,756.0,300,0.0,0.0
2024-08-20 10:50:00+09:00,755.0,755.0,755.0,755.0,400,0.0,0.0
2024-08-20 10:55:00+09:00,755.0,755.0,755.0,755.0,100,0.0,0.0
2024-08-20 11:00:00+09:00,754.0,754.0,746.0,751.0,11600,0.0,0.0
2024-08-20 11:05:00+09:00,750.0,751.0,750.0,750.0,500,0.0,0.0
2024-08-20 11:10:00+09:00,751.0,752.0,751.0,752.0,800,0.0,0.0
2024-08-20 11:15:00+09:00,750.0,750.0,750.0,750.0,200,0.0,0.0
2024-08-20 11:20:00+09:00,751.0,752.0,751.0,752.0,600,0.0,0.0
2024-08-20 11:25:00+09:00,752.0,753.0,752.0,753.0,200,0.0,0.0
2024-08-20 11:30:00+09:00,754.0,754.0,754.0,754.0,100,0.0,0.0
2024-08-20 11:35:00+09:00,754.0,754.0,754.0,754.0,0,0.0,0.0
2024-08-20 12:30:00+09:00,754.0,754.0,751.0,752.0,33200,0.0,0.0
2024-08-20 12:35:00+09:00,752.0,752.0,750.0,750.0,1200,0.0,0.0
2024-08-20 12:40:00+09:00,751.0,751.0,751.0,751.0,100,0.0,0.0
2024-08-20 12:45:00+09:00,752.0,755.0,752.0,755.0,2100,0.0,0.0
2024-08-20 12:50:00+09:00,755.0,755.0,753.0,754.0,400,0.0,0.0
2024-08-20 12:55:00+09:00,754.0,754.0,754.0,754.0,100,0.0,0.0
2024-08-20 13:00:00+09:00,754.0,754.0,753.0,753.0,200,0.0,0.0
2024-08-20 13:05:00+09:00,753.0,753.0,753.0,753.0,200,0.0,0.0
2024-08-20 13:15:00+09:00,752.0,752.0,752.0,752.0,100,0.0,0.0
2024-08-20 13:20:00+09:00,753.0,753.0,751.0,751.0,1100,0.0,0.0
2024-08-20 13:25:00+09:00,753.0,754.0,753.0,753.0,600,0.0,0.0
2024-08-20 13:35:00+09:00,754.0,754.0,753.0,753.0,500,0.0,0.0
2024-08-20 13:50:00+09:00,752.0,752.0,752.0,752.0,100,0.0,0.0
2024-08-20 13:55:00+09:00,753.0,753.0,752.0,752.0,700,0.0,0.0
2024-08-20 14:00:00+09:00,753.0,755.0,752.0,755.0,2100,0.0,0.0
2024-08-20 14:05:00+09:00,756.0,756.0,756.0,756.0,200,0.0,0.0
2024-08-20 14:10:00+09:00,754.0,755.0,754.0,755.0,300,0.0,0.0
2024-08-20 14:15:00+09:00,755.0,755.0,755.0,755.0,200,0.0,0.0
2024-08-20 14:20:00+09:00,755.0,755.0,755.0,755.0,200,0.0,0.0
2024-08-20 14:25:00+09:00,756.0,757.0,756.0,756.0,2500,0.0,0.0
2024-08-20 14:30:00+09:00,756.0,756.0,756.0,756.0,200,0.0,0.0
2024-08-20 14:35:00+09:00,755.0,756.0,755.0,756.0,1000,0.0,0.0
2024-08-20 14:40:00+09:00,756.0,757.0,756.0,757.0,200,0.0,0.0
2024-08-20 14:45:00+09:00,757.0,757.0,756.0,756.0,400,0.0,0.0
2024-08-20 14:50:00+09:00,757.0,758.0,757.0,758.0,4200,0.0,0.0
2024-08-20 14:55:00+09:00,759.0,760.0,758.0,758.0,500,0.0,0.0
2024-08-21 09:00:00+09:00,755.0,755.0,752.0,754.0,6300,0.0,0.0
2024-08-21 09:05:00+09:00,754.0,754.0,754.0,754.0,900,0.0,0.0
2024-08-21 09:10:00+09:00,753.0,753.0,752.0,752.0,700,0.0,0.0
2024-08-21 09:15:00+09:00,752.0,754.0,752.0,754.0,800,0.0,0.0
2024-08-21 09:20:00+09:00,753.0,753.0,750.0,752.0,4700,0.0,0.0
2024-08-21 09:25:00+09:00,751.0,751.0,750.0,750.0,1200,0.0,0.0
2024-08-21 09:30:00+09:00,750.0,751.0,750.0,750.0,1000,0.0,0.0
2024-08-21 09:35:00+09:00,750.0,752.0,750.0,752.0,500,0.0,0.0
2024-08-21 09:40:00+09:00,751.0,751.0,751.0,751.0,500,0.0,0.0
2024-08-21 09:45:00+09:00,751.0,751.0,750.0,750.0,200,0.0,0.0
2024-08-21 09:50:00+09:00,752.0,752.0,751.0,751.0,400,0.0,0.0
2024-08-21 09:55:00+09:00,752.0,752.0,752.0,752.0,100,0.0,0.0
2024-08-21 10:00:00+09:00,751.0,751.0,751.0,751.0,200,0.0,0.0
2024-08-21 10:05:00+09:00,751.0,751.0,750.0,751.0,1100,0.0,0.0
2024-08-21 10:10:00+09:00,752.0,752.0,752.0,752.0,100,0.0,0.0
2024-08-21 10:15:00+09:00,751.0,751.0,751.0,751.0,200,0.0,0.0
2024-08-21 10:20:00+09:00,751.0,751.0,751.0,751.0,1000,0.0,0.0
2024-08-21 10:30:00+09:00,751.0,751.0,751.0,751.0,200,0.0,0.0
2024-08-21 10:35:00+09:00,750.0,750.0,748.0,748.0,3100,0.0,0.0
2024-08-21 10:40:00+09:00,748.0,748.0,748.0,748.0,100,0.0,0.0
2024-08-21 10:45:00+09:00,749.0,749.0,749.0,749.0,200,0.0,0.0
2024-08-21 10:50:00+09:00,747.0,747.0,747.0,747.0,100,0.0,0.0
2024-08-21 10:55:00+09:00,749.0,749.0,749.0,749.0,100,0.0,0.0
2024-08-21 11:00:00+09:00,747.0,747.0,747.0,747.0,700,0.0,0.0
2024-08-21 11:05:00+09:00,746.0,746.0,746.0,746.0,100,0.0,0.0
2024-08-21 11:15:00+09:00,746.0,746.0,746.0,746.0,900,0.0,0.0
2024-08-21 11:20:00+09:00,747.0,747.0,747.0,747.0,100,0.0,0.0
2024-08-21 11:25:00+09:00,746.0,747.0,746.0,747.0,600,0.0,0.0
2024-08-21 11:30:00+09:00,747.0,747.0,747.0,747.0,200,0.0,0.0
2024-08-21 11:35:00+09:00,747.0,747.0,747.0,747.0,0,0.0,0.0
2024-08-21 12:30:00+09:00,749.0,749.0,749.0,749.0,27200,0.0,0.0
2024-08-21 12:35:00+09:00,749.0,749.0,749.0,749.0,600,0.0,0.0
2024-08-21 12:40:00+09:00,749.0,750.0,748.0,750.0,700,0.0,0.0
2024-08-21 12:45:00+09:00,752.0,752.0,752.0,752.0,100,0.0,0.0
2024-08-21 12:55:00+09:00,750.0,750.0,749.0,749.0,1800,0.0,0.0
2024-08-21 13:05:00+09:00,750.0,750.0,750.0,750.0,400,0.0,0.0
2024-08-21 13:10:00+09:00,750.0,751.0,749.0,750.0,700,0.0,0.0
2024-08-21 13:15:00+09:00,751.0,751.0,751.0,751.0,200,0.0,0.0
2024-08-21 13:20:00+09:00,751.0,751.0,750.0,750.0,200,0.0,0.0
2024-08-21 13:25:00+09:00,750.0,750.0,750.0,750.0,100,0.0,0.0
2024-08-21 13:30:00+09:00,750.0,750.0,750.0,750.0,100,0.0,0.0
2024-08-21 13:35:00+09:00,749.0,750.0,749.0,750.0,200,0.0,0.0
2024-08-21 13:50:00+09:00,750.0,751.0,750.0,751.0,800,0.0,0.0
2024-08-21 14:05:00+09:00,751.0,751.0,751.0,751.0,100,0.0,0.0
2024-08-21 14:10:00+09:00,751.0,751.0,751.0,751.0,500,0.0,0.0
2024-08-21 14:15:00+09:00,751.0,751.0,751.0,751.0,200,0.0,0.0
2024-08-21 14:25:00+09:00,751.0,751.0,751.0,751.0,300,0.0,0.0
2024-08-21 14:35:00+09:00,750.0,751.0,750.0,751.0,600,0.0,0.0
2024-08-21 14:40:00+09:00,752.0,754.0,751.0,751.0,1000,0.0,0.0
2024-08-21 14:45:00+09:00,750.0,750.0,750.0,750.0,200,0.0,0.0
2024-08-21 14:50:00+09:00,750.0,751.0,750.0,751.0,400,0.0,0.0
2024-08-21 14:55:00+09:00,750.0,752.0,750.0,750.0,1200,0.0,0.0
2024-08-22 09:00:00+09:00,755.0,755.0,752.0,752.0,6700,0.0,0.0
2024-08-22 09:05:00+09:00,753.0,753.0,751.0,753.0,600,0.0,0.0
2024-08-22 09:25:00+09:00,753.0,753.0,753.0,753.0,300,0.0,0.0
2024-08-22 09:30:00+09:00,753.0,753.0,753.0,753.0,200,0.0,0.0
2024-08-22 09:35:00+09:00,754.0,755.0,754.0,755.0,600,0.0,0.0
2024-08-22 09:55:00+09:00,753.0,754.0,753.0,754.0,300,0.0,0.0
2024-08-22 10:00:00+09:00,752.0,752.0,752.0,752.0,100,0.0,0.0
2024-08-22 10:05:00+09:00,751.0,751.0,750.0,750.0,400,0.0,0.0
2024-08-22 10:10:00+09:00,751.0,751.0,751.0,751.0,100,0.0,0.0
2024-08-22 10:15:00+09:00,751.0,751.0,751.0,751.0,300,0.0,0.0
2024-08-22 10:35:00+09:00,751.0,751.0,750.0,750.0,1200,0.0,0.0
2024-08-22 10:45:00+09:00,750.0,750.0,749.0,749.0,1800,0.0,0.0
2024-08-22 10:50:00+09:00,750.0,750.0,750.0,750.0,600,0.0,0.0
2024-08-22 10:55:00+09:00,750.0,750.0,750.0,750.0,100,0.0,0.0
2024-08-22 11:20:00+09:00,750.0,750.0,749.0,749.0,300,0.0,0.0
2024-08-22 11:25:00+09:00,749.0,749.0,749.0,749.0,900,0.0,0.0
2024-08-22 11:30:00+09:00,750.0,750.0,750.0,750.0,500,0.0,0.0
2024-08-22 11:35:00+09:00,750.0,750.0,750.0,750.0,0,0.0,0.0
2024-08-22 12:30:00+09:00,750.0,750.0,747.0,748.0,18200,0.0,0.0
2024-08-22 12:40:00+09:00,746.0,747.0,746.0,747.0,2800,0.0,0.0
2024-08-22 12:45:00+09:00,747.0,747.0,747.0,747.0,900,0.0,0.0
2024-08-22 13:00:00+09:00,750.0,750.0,750.0,750.0,100,0.0,0.0
2024-08-22 13:10:00+09:00,748.0,748.0,748.0,748.0,300,0.0,0.0
2024-08-22 13:15:00+09:00,748.0,748.0,748.0,748.0,200,0.0,0.0
2024-08-22 13:30:00+09:00,748.0,748.0,748.0,748.0,300,0.0,0.0
2024-08-22 13:35:00+09:00,748.0,748.0,748.0,748.0,200,0.0,0.0
2024-08-22 13:40:00+09:00,748.0,748.0,748.0,748.0,200,0.0,0.0
2024-08-22 14:00:00+09:00,749.0,749.0,749.0,749.0,200,0.0,0.0
2024-08-22 14:10:00+09:00,748.0,751.0,748.0,751.0,1500,0.0,0.0
2024-08-22 14:15:00+09:00,751.0,751.0,751.0,751.0,100,0.0,0.0
2024-08-22 14:20:00+09:00,751.0,751.0,751.0,751.0,400,0.0,0.0
2024-08-22 14:35:00+09:00,751.0,751.0,751.0,751.0,100,0.0,0.0
2024-08-22 14:40:00+09:00,750.0,750.0,750.0,750.0,200,0.0,0.0
2024-08-22 14:50:00+09:00,750.0,750.0,750.0,750.0,100,0.0,0.0
2024-08-22 14:55:00+09:00,751.0,751.0,749.0,751.0,900,0.0,0.0
2024-08-23 09:00:00+09:00,755.0,755.0,752.0,752.0,6400,0.0,0.0
2024-08-23 09:10:00+09:00,754.0,754.0,754.0,754.0,200,0.0,0.0
2024-08-23 09:15:00+09:00,754.0,754.0,754.0,754.0,300,0.0,0.0
2024-08-23 09:20:00+09:00,754.0,754.0,754.0,754.0,200,0.0,0.0
2024-08-23 09:35:00+09:00,753.0,753.0,752.0,752.0,500,0.0,0.0
2024-08-23 09:40:00+09:00,753.0,753.0,753.0,753.0,0,0.0,0.0
2024-08-23 09:50:00+09:00,754.0,756.0,754.0,755.0,9300,0.0,0.0
2024-08-23 09:55:00+09:00,755.0,756.0,754.0,754.0,700,0.0,0.0
2024-08-23 10:00:00+09:00,755.0,755.0,755.0,755.0,100,0.0,0.0
2024-08-23 10:05:00+09:00,755.0,755.0,755.0,755.0,400,0.0,0.0
2024-08-23 10:10:00+09:00,755.0,755.0,755.0,755.0,100,0.0,0.0
2024-08-23 10:15:00+09:00,756.0,756.0,756.0,756.0,100,0.0,0.0
2024-08-23 10:35:00+09:00,755.0,755.0,755.0,755.0,100,0.0,0.0
2024-08-23 10:40:00+09:00,755.0,755.0,755.0,755.0,100,0.0,0.0
2024-08-23 10:55:00+09:00,754.0,754.0,752.0,752.0,1300,0.0,0.0
2024-08-23 11:00:00+09:00,752.0,752.0,749.0,749.0,3200,0.0,0.0
2024-08-23 11:05:00+09:00,748.0,750.0,748.0,750.0,500,0.0,0.0
2024-08-23 11:15:00+09:00,750.0,750.0,749.0,749.0,200,0.0,0.0
2024-08-23 11:20:00+09:00,750.0,750.0,750.0,750.0,200,0.0,0.0
2024-08-23 11:30:00+09:00,750.0,750.0,750.0,750.0,600,0.0,0.0
2024-08-23 11:35:00+09:00,750.0,750.0,750.0,750.0,0,0.0,0.0
2024-08-23 12:30:00+09:00,750.0,751.0,750.0,750.0,19400,0.0,0.0
2024-08-23 12:40:00+09:00,753.0,753.0,753.0,753.0,100,0.0,0.0
2024-08-23 12:45:00+09:00,752.0,752.0,752.0,752.0,200,0.0,0.0
2024-08-23 13:00:00+09:00,751.0,751.0,749.0,749.0,1600,0.0,0.0
2024-08-23 13:05:00+09:00,750.0,750.0,750.0,750.0,300,0.0,0.0
2024-08-23 13:20:00+09:00,751.0,751.0,751.0,751.0,300,0.0,0.0
2024-08-23 13:35:00+09:00,752.0,752.0,752.0,752.0,100,0.0,0.0
2024-08-23 13:45:00+09:00,751.0,751.0,751.0,751.0,400,0.0,0.0
2024-08-23 13:50:00+09:00,750.0,751.0,750.0,751.0,600,0.0,0.0
2024-08-23 13:55:00+09:00,751.0,751.0,751.0,751.0,100,0.0,0.0
2024-08-23 14:05:00+09:00,751.0,751.0,751.0,751.0,100,0.0,0.0
2024-08-23 14:15:00+09:00,752.0,752.0,751.0,751.0,500,0.0,0.0
2024-08-23 14:30:00+09:00,752.0,752.0,752.0,752.0,500,0.0,0.0
2024-08-23 14:55:00+09:00,751.0,751.0,750.0,750.0,1400,0.0,0.0
2024-08-26 09:00:00+09:00,751.0,751.0,745.0,749.0,18300,0.0,0.0
2024-08-26 09:05:00+09:00,745.0,745.0,745.0,745.0,100,0.0,0.0
2024-08-26 09:10:00+09:00,744.0,745.0,744.0,745.0,1200,0.0,0.0
2024-08-26 09:25:00+09:00,746.0,749.0,746.0,749.0,500,0.0,0.0
2024-08-26 09:30:00+09:00,748.0,748.0,748.0,748.0,200,0.0,0.0
2024-08-26 09:35:00+09:00,747.0,749.0,747.0,749.0,500,0.0,0.0
2024-08-26 09:40:00+09:00,749.0,749.0,749.0,749.0,300,0.0,0.0
2024-08-26 09:50:00+09:00,750.0,750.0,750.0,750.0,100,0.0,0.0
2024-08-26 09:55:00+09:00,750.0,751.0,750.0,751.0,200,0.0,0.0
2024-08-26 10:05:00+09:00,751.0,751.0,750.0,750.0,200,0.0,0.0
2024-08-26 10:10:00+09:00,750.0,750.0,750.0,750.0,200,0.0,0.0
2024-08-26 10:15:00+09:00,751.0,752.0,751.0,752.0,1000,0.0,0.0
2024-08-26 10:20:00+09:00,752.0,753.0,752.0,753.0,400,0.0,0.0
2024-08-26 10:30:00+09:00,751.0,751.0,750.0,750.0,300,0.0,0.0
2024-08-26 10:35:00+09:00,751.0,753.0,751.0,753.0,700,0.0,0.0
2024-08-26 10:50:00+09:00,751.0,751.0,751.0,751.0,300,0.0,0.0
2024-08-26 10:55:00+09:00,750.0,750.0,750.0,750.0,300,0.0,0.0
2024-08-26 11:00:00+09:00,749.0,750.0,749.0,750.0,200,0.0,0.0
2024-08-26 11:05:00+09:00,751.0,752.0,751.0,751.0,400,0.0,0.0
2024-08-26 11:10:00+09:00,750.0,750.0,750.0,750.0,200,0.0,0.0
2024-08-26 11:20:00+09:00,749.0,749.0,749.0,749.0,700,0.0,0.0
2024-08-26 11:25:00+09:00,748.0,749.0,748.0,749.0,400,0.0,0.0
2024-08-26 11:30:00+09:00,749.0,749.0,749.0,749.0,900,0.0,0.0
2024-08-26 11:35:00+09:00,749.0,749.0,749.0,749.0,0,0.0,0.0
2024-08-26 12:30:00+09:00,753.0,753.0,752.0,753.0,32100,0.0,0.0
2024-08-26 12:35:00+09:00,754.0,754.0,752.0,752.0,300,0.0,0.0
2024-08-26 12:40:00+09:00,752.0,752.0,752.0,752.0,200,0.0,0.0
2024-08-26 12:45:00+09:00,751.0,751.0,750.0,750.0,400,0.0,0.0
2024-08-26 13:00:00+09:00,750.0,751.0,750.0,751.0,200,0.0,0.0
2024-08-26 13:10:00+09:00,752.0,753.0,752.0,753.0,300,0.0,0.0
2024-08-26 13:15:00+09:00,753.0,753.0,753.0,753.0,100,0.0,0.0
2024-08-26 13:20:00+09:00,752.0,752.0,751.0,751.0,400,0.0,0.0
2024-08-26 13:25:00+09:00,751.0,751.0,751.0,751.0,200,0.0,0.0
2024-08-26 13:35:00+09:00,752.0,752.0,751.0,751.0,200,0.0,0.0
2024-08-26 13:40:00+09:00,751.0,751.0,751.0,751.0,200,0.0,0.0
2024-08-26 13:45:00+09:00,751.0,751.0,751.0,751.0,200,0.0,0.0
2024-08-26 13:50:00+09:00,751.0,751.0,751.0,751.0,100,0.0,0.0
2024-08-26 13:55:00+09:00,751.0,751.0,751.0,751.0,100,0.0,0.0
2024-08-26 14:05:00+09:00,751.0,752.0,751.0,751.0,500,0.0,0.0
2024-08-26 14:15:00+09:00,751.0,751.0,751.0,751.0,100,0.0,0.0
2024-08-26 14:20:00+09:00,751.0,751.0,751.0,751.0,200,0.0,0.0
2024-08-26 14:25:00+09:00,750.0,751.0,750.0,750.0,1000,0.0,0.0
2024-08-26 14:30:00+09:00,750.0,750.0,750.0,750.0,100,0.0,0.0
2024-08-26 14:35:00+09:00,751.0,751.0,751.0,751.0,200,0.0,0.0
2024-08-26 14:40:00+09:00,752.0,752.0,752.0,752.0,100,0.0,0.0
2024-08-26 14:45:00+09:00,752.0,752.0,752.0,752.0,100,0.0,0.0
2024-08-26 14:50:00+09:00,752.0,752.0,752.0,752.0,400,0.0,0.0
2024-08-26 14:55:00+09:00,751.0,751.0,751.0,751.0,500,0.0,0.0
2024-08-27 09:00:00+09:00,754.0,754.0,751.0,753.0,9300,0.0,0.0
2024-08-27 09:05:00+09:00,751.0,755.0,751.0,753.0,1600,0.0,0.0
2024-08-27 09:10:00+09:00,753.0,753.0,753.0,753.0,400,0.0,0.0
2024-08-27 09:20:00+09:00,755.0,758.0,755.0,758.0,2900,0.0,0.0
2024-08-27 09:25:00+09:00,759.0,759.0,759.0,759.0,700,0.0,0.0
2024-08-27 09:30:00+09:00,760.0,761.0,760.0,761.0,2800,0.0,0.0
2024-08-27 09:35:00+09:00,762.0,763.0,762.0,763.0,1300,0.0,0.0
2024-08-27 09:40:00+09:00,763.0,763.0,763.0,763.0,100,0.0,0.0
2024-08-27 09:45:00+09:00,762.0,762.0,762.0,762.0,500,0.0,0.0
2024-08-27 09:50:00+09:00,761.0,761.0,761.0,761.0,300,0.0,0.0
2024-08-27 09:55:00+09:00,761.0,762.0,761.0,762.0,1300,0.0,0.0
2024-08-27 10:00:00+09:00,762.0,763.0,762.0,763.0,1000,0.0,0.0
2024-08-27 10:05:00+09:00,764.0,765.0,764.0,765.0,800,0.0,0.0
2024-08-27 10:10:00+09:00,764.0,765.0,764.0,765.0,1200,0.0,0.0
2024-08-27 10:15:00+09:00,765.0,765.0,764.0,764.0,200,0.0,0.0
2024-08-27 10:20:00+09:00,766.0,766.0,766.0,766.0,0,0.0,0.0
2024-08-27 10:25:00+09:00,764.0,764.0,764.0,764.0,24900,0.0,0.0
2024-08-27 10:30:00+09:00,763.0,763.0,763.0,763.0,200,0.0,0.0
2024-08-27 10:35:00+09:00,762.0,762.0,761.0,761.0,2100,0.0,0.0
2024-08-27 10:45:00+09:00,760.0,760.0,760.0,760.0,400,0.0,0.0
2024-08-27 10:50:00+09:00,760.0,760.0,760.0,760.0,0,0.0,0.0
2024-08-27 10:55:00+09:00,758.0,758.0,758.0,758.0,28100,0.0,0.0
2024-08-27 11:00:00+09:00,758.0,758.0,758.0,758.0,200,0.0,0.0
2024-08-27 11:05:00+09:00,760.0,760.0,759.0,759.0,300,0.0,0.0
2024-08-27 11:20:00+09:00,760.0,760.0,760.0,760.0,200,0.0,0.0
2024-08-27 11:30:00+09:00,760.0,760.0,760.0,760.0,800,0.0,0.0
2024-08-27 11:35:00+09:00,760.0,760.0,760.0,760.0,0,0.0,0.0
2024-08-27 12:30:00+09:00,760.0,760.0,760.0,760.0,30700,0.0,0.0
2024-08-27 12:35:00+09:00,760.0,760.0,759.0,759.0,600,0.0,0.0
2024-08-27 12:40:00+09:00,759.0,760.0,756.0,760.0,3500,0.0,0.0
2024-08-27 12:55:00+09:00,759.0,760.0,759.0,760.0,500,0.0,0.0
2024-08-27 13:00:00+09:00,760.0,761.0,760.0,761.0,200,0.0,0.0
2024-08-27 13:05:00+09:00,760.0,760.0,760.0,760.0,1400,0.0,0.0
2024-08-27 13:15:00+09:00,760.0,761.0,760.0,761.0,400,0.0,0.0
2024-08-27 13:30:00+09:00,761.0,761.0,761.0,761.0,100,0.0,0.0
2024-08-27 13:35:00+09:00,761.0,761.0,761.0,761.0,300,0.0,0.0
2024-08-27 13:55:00+09:00,759.0,759.0,759.0,759.0,1100,0.0,0.0
2024-08-27 14:05:00+09:00,760.0,760.0,760.0,760.0,100,0.0,0.0
2024-08-27 14:10:00+09:00,760.0,760.0,760.0,760.0,100,0.0,0.0
2024-08-27 14:15:00+09:00,761.0,761.0,761.0,761.0,100,0.0,0.0
2024-08-27 14:20:00+09:00,761.0,761.0,761.0,761.0,1000,0.0,0.0
2024-08-27 14:25:00+09:00,762.0,767.0,762.0,766.0,10800,0.0,0.0
2024-08-27 14:30:00+09:00,767.0,771.0,767.0,771.0,5300,0.0,0.0
2024-08-27 14:35:00+09:00,770.0,770.0,770.0,770.0,100,0.0,0.0
2024-08-27 14:40:00+09:00,770.0,771.0,770.0,771.0,1800,0.0,0.0
2024-08-27 14:45:00+09:00,771.0,772.0,770.0,770.0,3000,0.0,0.0
2024-08-27 14:55:00+09:00,770.0,771.0,770.0,771.0,900,0.0,0.0
2024-08-28 09:00:00+09:00,771.0,771.0,765.0,765.0,11600,0.0,0.0
2024-08-28 09:05:00+09:00,765.0,765.0,765.0,765.0,100,0.0,0.0
2024-08-28 09:10:00+09:00,765.0,765.0,764.0,764.0,1200,0.0,0.0
2024-08-28 09:15:00+09:00,767.0,767.0,767.0,767.0,200,0.0,0.0
2024-08-28 09:20:00+09:00,767.0,767.0,765.0,766.0,1300,0.0,0.0
2024-08-28 09:25:00+09:00,765.0,765.0,765.0,765.0,200,0.0,0.0
2024-08-28 09:30:00+09:00,766.0,768.0,766.0,768.0,700,0.0,0.0
2024-08-28 09:35:00+09:00,769.0,771.0,769.0,771.0,1100,0.0,0.0
2024-08-28 09:40:00+09:00,771.0,771.0,770.0,770.0,200,0.0,0.0
2024-08-28 09:45:00+09:00,768.0,768.0,768.0,768.0,100,0.0,0.0
2024-08-28 09:50:00+09:00,768.0,768.0,768.0,768.0,100,0.0,0.0
2024-08-28 09:55:00+09:00,768.0,769.0,768.0,769.0,400,0.0,0.0
2024-08-28 10:00:00+09:00,768.0,768.0,768.0,768.0,100,0.0,0.0
2024-08-28 10:05:00+09:00,767.0,767.0,767.0,767.0,1400,0.0,0.0
2024-08-28 10:10:00+09:00,765.0,765.0,765.0,765.0,200,0.0,0.0
2024-08-28 10:15:00+09:00,766.0,766.0,766.0,766.0,100,0.0,0.0
2024-08-28 10:20:00+09:00,766.0,766.0,766.0,766.0,100,0.0,0.0
2024-08-28 10:25:00+09:00,766.0,766.0,766.0,766.0,500,0.0,0.0
2024-08-28 10:40:00+09:00,766.0,766.0,766.0,766.0,100,0.0,0.0
2024-08-28 10:45:00+09:00,767.0,767.0,767.0,767.0,100,0.0,0.0
2024-08-28 10:50:00+09:00,768.0,768.0,768.0,768.0,200,0.0,0.0
2024-08-28 11:00:00+09:00,768.0,768.0,768.0,768.0,200,0.0,0.0
2024-08-28 11:05:00+09:00,767.0,767.0,766.0,766.0,300,0.0,0.0
2024-08-28 11:10:00+09:00,767.0,767.0,767.0,767.0,100,0.0,0.0
2024-08-28 11:20:00+09:00,766.0,767.0,766.0,767.0,300,0.0,0.0
2024-08-28 11:30:00+09:00,767.0,767.0,767.0,767.0,1600,0.0,0.0
2024-08-28 11:35:00+09:00,767.0,767.0,767.0,767.0,0,0.0,0.0
2024-08-28 12:30:00+09:00,766.0,766.0,766.0,766.0,25800,0.0,0.0
2024-08-28 12:35:00+09:00,767.0,767.0,766.0,767.0,500,0.0,0.0
2024-08-28 12:45:00+09:00,767.0,767.0,767.0,767.0,100,0.0,0.0
2024-08-28 12:50:00+09:00,767.0,767.0,767.0,767.0,100,0.0,0.0
2024-08-28 12:55:00+09:00,768.0,768.0,768.0,768.0,100,0.0,0.0
2024-08-28 13:20:00+09:00,766.0,766.0,766.0,766.0,1500,0.0,0.0
2024-08-28 13:30:00+09:00,767.0,773.0,767.0,772.0,6300,0.0,0.0
2024-08-28 13:40:00+09:00,770.0,770.0,770.0,770.0,100,0.0,0.0
2024-08-28 13:50:00+09:00,770.0,770.0,770.0,770.0,600,0.0,0.0
2024-08-28 14:05:00+09:00,769.0,769.0,768.0,768.0,600,0.0,0.0
2024-08-28 14:20:00+09:00,769.0,769.0,769.0,769.0,500,0.0,0.0
2024-08-28 14:35:00+09:00,769.0,769.0,769.0,769.0,100,0.0,0.0
2024-08-28 14:40:00+09:00,770.0,771.0,770.0,771.0,700,0.0,0.0
2024-08-28 14:45:00+09:00,770.0,770.0,770.0,770.0,700,0.0,0.0
2024-08-28 14:50:00+09:00,770.0,772.0,767.0,767.0,1100,0.0,0.0
2024-08-28 14:55:00+09:00,772.0,775.0,772.0,775.0,2800,0.0,0.0
2024-08-29 09:00:00+09:00,774.0,774.0,770.0,772.0,18200,0.0,0.0
2024-08-29 09:05:00+09:00,771.0,771.0,769.0,770.0,1100,0.0,0.0
2024-08-29 09:15:00+09:00,768.0,771.0,768.0,771.0,500,0.0,0.0
2024-08-29 09:20:00+09:00,771.0,771.0,771.0,771.0,100,0.0,0.0
2024-08-29 09:25:00+09:00,771.0,771.0,771.0,771.0,100,0.0,0.0
2024-08-29 09:30:00+09:00,770.0,770.0,769.0,769.0,300,0.0,0.0
2024-08-29 09:35:00+09:00,769.0,770.0,769.0,770.0,500,0.0,0.0
2024-08-29 09:40:00+09:00,768.0,768.0,767.0,768.0,600,0.0,0.0
2024-08-29 09:50:00+09:00,769.0,769.0,769.0,769.0,100,0.0,0.0
2024-08-29 10:00:00+09:00,768.0,768.0,767.0,767.0,200,0.0,0.0
2024-08-29 10:10:00+09:00,767.0,767.0,766.0,766.0,900,0.0,0.0
2024-08-29 10:15:00+09:00,766.0,766.0,766.0,766.0,200,0.0,0.0
2024-08-29 10:20:00+09:00,766.0,766.0,766.0,766.0,100,0.0,0.0
2024-08-29 10:30:00+09:00,765.0,770.0,765.0,770.0,6000,0.0,0.0
2024-08-29 10:50:00+09:00,769.0,769.0,769.0,769.0,100,0.0,0.0
2024-08-29 11:05:00+09:00,770.0,770.0,770.0,770.0,200,0.0,0.0
2024-08-29 11:15:00+09:00,769.0,769.0,768.0,768.0,700,0.0,0.0
2024-08-29 11:20:00+09:00,767.0,767.0,766.0,766.0,700,0.0,0.0
2024-08-29 11:30:00+09:00,767.0,767.0,767.0,767.0,3100,0.0,0.0
2024-08-29 11:35:00+09:00,767.0,767.0,767.0,767.0,0,0.0,0.0
2024-08-29 12:30:00+09:00,770.0,770.0,770.0,770.0,38500,0.0,0.0
2024-08-29 12:35:00+09:00,767.0,767.0,767.0,767.0,600,0.0,0.0
2024-08-29 12:50:00+09:00,767.0,768.0,767.0,768.0,700,0.0,0.0
2024-08-29 13:00:00+09:00,768.0,768.0,768.0,768.0,500,0.0,0.0
2024-08-29 13:15:00+09:00,767.0,768.0,767.0,768.0,400,0.0,0.0
2024-08-29 13:20:00+09:00,767.0,767.0,766.0,766.0,700,0.0,0.0
2024-08-29 13:30:00+09:00,768.0,768.0,767.0,767.0,300,0.0,0.0
2024-08-29 13:40:00+09:00,766.0,766.0,766.0,766.0,400,0.0,0.0
2024-08-29 13:45:00+09:00,766.0,766.0,766.0,766.0,100,0.0,0.0
2024-08-29 13:50:00+09:00,767.0,767.0,767.0,767.0,300,0.0,0.0
2024-08-29 13:55:00+09:00,767.0,767.0,767.0,767.0,100,0.0,0.0
2024-08-29 14:00:00+09:00,766.0,766.0,764.0,764.0,2300,0.0,0.0
2024-08-29 14:10:00+09:00,765.0,770.0,765.0,770.0,5000,0.0,0.0
2024-08-29 14:15:00+09:00,768.0,768.0,768.0,768.0,100,0.0,0.0
2024-08-29 14:25:00+09:00,768.0,768.0,768.0,768.0,100,0.0,0.0
2024-08-29 14:30:00+09:00,767.0,767.0,767.0,767.0,100,0.0,0.0
2024-08-29 14:45:00+09:00,768.0,768.0,768.0,768.0,1400,0.0,0.0
2024-08-29 14:50:00+09:00,768.0,769.0,768.0,769.0,200,0.0,0.0
2024-08-29 14:55:00+09:00,768.0,769.0,768.0,768.0,600,0.0,0.0
2024-08-30 09:00:00+09:00,775.0,775.0,773.0,773.0,12200,0.0,0.0
2024-08-30 09:05:00+09:00,774.0,780.0,774.0,780.0,3400,0.0,0.0
2024-08-30 09:10:00+09:00,777.0,782.0,777.0,779.0,4000,0.0,0.0
2024-08-30 09:15:00+09:00,780.0,785.0,780.0,785.0,4400,0.0,0.0
2024-08-30 09:20:00+09:00,783.0,783.0,783.0,783.0,500,0.0,0.0
2024-08-30 09:30:00+09:00,782.0,785.0,782.0,785.0,1800,0.0,0.0
2024-08-30 09:35:00+09:00,785.0,786.0,785.0,786.0,400,0.0,0.0
2024-08-30 09:40:00+09:00,786.0,786.0,786.0,786.0,100,0.0,0.0
2024-08-30 09:45:00+09:00,786.0,786.0,785.0,785.0,400,0.0,0.0
2024-08-30 09:50:00+09:00,785.0,786.0,785.0,786.0,700,0.0,0.0
2024-08-30 09:55:00+09:00,786.0,788.0,786.0,788.0,1100,0.0,0.0
2024-08-30 10:00:00+09:00,788.0,788.0,788.0,788.0,700,0.0,0.0
2024-08-30 10:05:00+09:00,788.0,788.0,788.0,788.0,400,0.0,0.0
2024-08-30 10:15:00+09:00,788.0,789.0,786.0,786.0,4300,0.0,0.0
2024-08-30 10:20:00+09:00,785.0,786.0,785.0,786.0,500,0.0,0.0
2024-08-30 10:25:00+09:00,787.0,787.0,787.0,787.0,200,0.0,0.0
2024-08-30 10:30:00+09:00,787.0,787.0,787.0,787.0,600,0.0,0.0
2024-08-30 10:35:00+09:00,786.0,786.0,786.0,786.0,100,0.0,0.0
2024-08-30 10:40:00+09:00,785.0,786.0,784.0,784.0,800,0.0,0.0
2024-08-30 10:45:00+09:00,785.0,785.0,785.0,785.0,100,0.0,0.0
2024-08-30 10:50:00+09:00,783.0,783.0,780.0,780.0,1700,0.0,0.0
2024-08-30 10:55:00+09:00,779.0,779.0,778.0,778.0,700,0.0,0.0
2024-08-30 11:00:00+09:00,777.0,777.0,777.0,777.0,900,0.0,0.0
2024-08-30 11:05:00+09:00,776.0,776.0,774.0,774.0,2100,0.0,0.0
2024-08-30 11:10:00+09:00,775.0,775.0,775.0,775.0,700,0.0,0.0
2024-08-30 11:15:00+09:00,775.0,775.0,775.0,775.0,100,0.0,0.0
2024-08-30 11:20:00+09:00,776.0,777.0,776.0,777.0,600,0.0,0.0
2024-08-30 11:25:00+09:00,778.0,780.0,778.0,780.0,400,0.0,0.0
2024-08-30 11:30:00+09:00,780.0,780.0,780.0,780.0,2400,0.0,0.0
2024-08-30 11:35:00+09:00,780.0,780.0,780.0,780.0,0,0.0,0.0
2024-08-30 12:30:00+09:00,785.0,785.0,785.0,785.0,50500,0.0,0.0
2024-08-30 12:35:00+09:00,782.0,782.0,782.0,782.0,700,0.0,0.0
2024-08-30 12:40:00+09:00,782.0,782.0,782.0,782.0,100,0.0,0.0
2024-08-30 12:55:00+09:00,781.0,782.0,781.0,781.0,1100,0.0,0.0
2024-08-30 13:00:00+09:00,782.0,782.0,782.0,782.0,200,0.0,0.0
2024-08-30 13:05:00+09:00,781.0,782.0,781.0,782.0,300,0.0,0.0
2024-08-30 13:10:00+09:00,781.0,781.0,781.0,781.0,200,0.0,0.0
2024-08-30 13:20:00+09:00,781.0,781.0,781.0,781.0,200,0.0,0.0
2024-08-30 13:25:00+09:00,780.0,781.0,780.0,781.0,1700,0.0,0.0
2024-08-30 13:35:00+09:00,781.0,783.0,781.0,783.0,700,0.0,0.0
2024-08-30 13:40:00+09:00,782.0,782.0,782.0,782.0,300,0.0,0.0
2024-08-30 13:45:00+09:00,782.0,782.0,782.0,782.0,200,0.0,0.0
2024-08-30 13:55:00+09:00,781.0,784.0,781.0,783.0,3200,0.0,0.0
2024-08-30 14:00:00+09:00,783.0,783.0,782.0,782.0,300,0.0,0.0
2024-08-30 14:15:00+09:00,782.0,782.0,782.0,782.0,100,0.0,0.0
2024-08-30 14:20:00+09:00,782.0,782.0,782.0,782.0,300,0.0,0.0
2024-08-30 14:25:00+09:00,781.0,781.0,781.0,781.0,900,0.0,0.0
2024-08-30 14:30:00+09:00,781.0,781.0,781.0,781.0,100,0.0,0.0
2024-08-30 14:40:00+09:00,782.0,782.0,782.0,782.0,100,0.0,0.0
2024-08-30 14:45:00+09:00,783.0,783.0,783.0,783.0,1000,0.0,0.0
2024-08-30 14:50:00+09:00,783.0,783.0,783.0,783.0,1100,0.0,0.0
2024-08-30 14:55:00+09:00,783.0,783.0,782.0,782.0,1000,0.0,0.0
