Datetime,Open,High,Low,Close,Volume,Dividends,Stock Splits
2024-08-01 09:00:00+09:00,2662.0,2670.0,2651.0,2663.0,43400,0.0,0.0
2024-08-01 09:05:00+09:00,2662.0,2667.0,2660.0,2660.5,10400,0.0,0.0
2024-08-01 09:10:00+09:00,2660.0,2666.5,2657.0,2657.5,10400,0.0,0.0
2024-08-01 09:15:00+09:00,2659.0,2660.5,2653.5,2655.5,8700,0.0,0.0
2024-08-01 09:20:00+09:00,2655.0,2657.5,2649.0,2653.0,17100,0.0,0.0
2024-08-01 09:25:00+09:00,2652.0,2652.0,2645.5,2649.0,12200,0.0,0.0
2024-08-01 09:30:00+09:00,2648.0,2651.5,2634.5,2636.5,16500,0.0,0.0
2024-08-01 09:35:00+09:00,2637.5,2643.0,2637.5,2641.0,6600,0.0,0.0
2024-08-01 09:40:00+09:00,2639.5,2648.5,2639.0,2647.0,0,0.0,0.0
2024-08-01 09:45:00+09:00,2645.5,2651.5,2645.5,2650.5,146300,0.0,0.0
2024-08-01 09:50:00+09:00,2652.0,2653.5,2647.0,2650.0,4600,0.0,0.0
2024-08-01 09:55:00+09:00,2650.5,2650.5,2639.0,2641.0,6000,0.0,0.0
2024-08-01 10:00:00+09:00,2641.5,2641.5,2634.0,2635.0,8200,0.0,0.0
2024-08-01 10:05:00+09:00,2634.5,2637.5,2626.0,2629.0,19600,0.0,0.0
2024-08-01 10:10:00+09:00,2629.0,2630.0,2625.0,2625.0,6000,0.0,0.0
2024-08-01 10:15:00+09:00,2626.5,2626.5,2618.0,2618.0,8300,0.0,0.0
2024-08-01 10:20:00+09:00,2619.0,2623.5,2618.5,2622.0,6100,0.0,0.0
2024-08-01 10:25:00+09:00,2620.0,2620.0,2611.0,2611.5,6600,0.0,0.0
2024-08-01 10:30:00+09:00,2612.0,2612.0,2603.0,2603.0,8900,0.0,0.0
2024-08-01 10:35:00+09:00,2603.0,2605.5,2597.5,2600.0,16900,0.0,0.0
2024-08-01 10:40:00+09:00,2600.5,2602.5,2596.5,2596.5,6600,0.0,0.0
2024-08-01 10:45:00+09:00,2599.0,2599.5,2592.5,2598.5,9000,0.0,0.0
2024-08-01 10:50:00+09:00,2599.5,2601.5,2594.5,2601.5,7800,0.0,0.0
2024-08-01 10:55:00+09:00,2600.0,2602.0,2597.0,2602.0,4200,0.0,0.0
2024-08-01 11:00:00+09:00,2601.0,2602.0,2595.0,2598.0,5800,0.0,0.0
2024-08-01 11:05:00+09:00,2600.0,2601.5,2595.0,2597.0,4300,0.0,0.0
2024-08-01 11:10:00+09:00,2596.5,2597.0,2587.5,2589.0,7900,0.0,0.0
2024-08-01 11:15:00+09:00,2589.0,2590.0,2583.0,2584.0,5700,0.0,0.0
2024-08-01 11:20:00+09:00,2584.5,2587.0,2583.0,2587.0,6000,0.0,0.0
2024-08-01 11:25:00+09:00,2587.0,2599.0,2587.0,2597.5,5900,0.0,0.0
2024-08-01 11:30:00+09:00,2599.0,2599.0,2599.0,2599.0,1500,0.0,0.0
2024-08-01 11:35:00+09:00,2599.0,2599.0,2599.0,2599.0,0,0.0,0.0
2024-08-01 12:30:00+09:00,2597.0,2598.0,2590.5,2592.0,325700,0.0,0.0
2024-08-01 12:35:00+09:00,2590.5,2590.5,2581.0,2581.0,15300,0.0,0.0
2024-08-01 12:40:00+09:00,2580.5,2584.0,2577.5,2581.5,19200,0.0,0.0
2024-08-01 12:45:00+09:00,2582.5,2589.0,2582.5,2589.0,3800,0.0,0.0
2024-08-01 12:50:00+09:00,2589.0,2593.5,2586.5,2591.5,3400,0.0,0.0
2024-08-01 12:55:00+09:00,2591.5,2592.0,2587.5,2588.5,4000,0.0,0.0
2024-08-01 13:00:00+09:00,2588.5,2590.0,2585.0,2588.5,4100,0.0,0.0
2024-08-01 13:05:00+09:00,2588.0,2591.0,2587.5,2590.5,3700,0.0,0.0
2024-08-01 13:10:00+09:00,2590.0,2590.0,2585.5,2585.5,5400,0.0,0.0
2024-08-01 13:15:00+09:00,2585.5,2588.5,2584.0,2585.5,4500,0.0,0.0
2024-08-01 13:20:00+09:00,2585.0,2585.5,2579.5,2583.0,12100,0.0,0.0
2024-08-01 13:25:00+09:00,2583.5,2584.5,2581.0,2582.0,6900,0.0,0.0
2024-08-01 13:30:00+09:00,2582.5,2584.0,2581.0,2581.0,8200,0.0,0.0
2024-08-01 13:35:00+09:00,2582.0,2584.5,2580.5,2581.0,3700,0.0,0.0
2024-08-01 13:40:00+09:00,2580.5,2588.5,2580.0,2587.5,3900,0.0,0.0
2024-08-01 13:45:00+09:00,2587.0,2590.5,2586.0,2588.5,3600,0.0,0.0
2024-08-01 13:50:00+09:00,2590.0,2593.0,2589.0,2589.5,4300,0.0,0.0
2024-08-01 13:55:00+09:00,2590.5,2595.0,2590.5,2593.0,5200,0.0,0.0
2024-08-01 14:00:00+09:00,2594.5,2596.0,2593.5,2593.5,3900,0.0,0.0
2024-08-01 14:05:00+09:00,2594.5,2599.0,2593.0,2598.0,16100,0.0,0.0
2024-08-01 14:10:00+09:00,2597.5,2601.0,2597.5,2600.5,4600,0.0,0.0
2024-08-01 14:15:00+09:00,2601.0,2603.0,2600.0,2602.0,3800,0.0,0.0
2024-08-01 14:20:00+09:00,2601.5,2605.0,2600.5,2601.5,7900,0.0,0.0
2024-08-01 14:25:00+09:00,2601.5,2603.5,2598.0,2599.0,4600,0.0,0.0
2024-08-01 14:30:00+09:00,2599.0,2599.0,2595.0,2597.0,7200,0.0,0.0
2024-08-01 14:35:00+09:00,2597.0,2599.5,2596.0,2599.5,11500,0.0,0.0
2024-08-01 14:40:00+09:00,2600.0,2601.5,2598.0,2601.0,7700,0.0,0.0
2024-08-01 14:45:00+09:00,2601.0,2602.0,2598.5,2600.0,6400,0.0,0.0
2024-08-01 14:50:00+09:00,2599.5,2602.0,2597.0,2597.5,11100,0.0,0.0
2024-08-01 14:55:00+09:00,2598.0,2601.0,2593.0,2597.5,32000,0.0,0.0
2024-08-02 09:00:00+09:00,2522.0,2530.0,2508.0,2509.0,50000,0.0,0.0
2024-08-02 09:05:00+09:00,2511.0,2512.5,2489.5,2489.5,29200,0.0,0.0
2024-08-02 09:10:00+09:00,2490.0,2504.0,2488.0,2497.0,7700,0.0,0.0
2024-08-02 09:15:00+09:00,2495.5,2495.5,2482.5,2484.0,13800,0.0,0.0
2024-08-02 09:20:00+09:00,2485.0,2488.0,2480.0,2482.5,22400,0.0,0.0
2024-08-02 09:25:00+09:00,2482.0,2482.5,2474.0,2475.5,21100,0.0,0.0
2024-08-02 09:30:00+09:00,2475.0,2485.5,2472.5,2484.5,14800,0.0,0.0
2024-08-02 09:35:00+09:00,2484.5,2487.0,2470.0,2470.0,23600,0.0,0.0
2024-08-02 09:40:00+09:00,2470.0,2470.0,2458.5,2460.0,40500,0.0,0.0
2024-08-02 09:45:00+09:00,2459.5,2465.5,2456.5,2461.5,7400,0.0,0.0
2024-08-02 09:50:00+09:00,2463.0,2465.5,2462.0,2463.0,4300,0.0,0.0
2024-08-02 09:55:00+09:00,2462.5,2462.5,2451.0,2456.0,11200,0.0,0.0
2024-08-02 10:00:00+09:00,2456.5,2461.0,2448.5,2450.0,16100,0.0,0.0
2024-08-02 10:05:00+09:00,2451.5,2463.0,2450.0,2462.5,16400,0.0,0.0
2024-08-02 10:10:00+09:00,2461.5,2473.5,2460.5,2473.5,3800,0.0,0.0
2024-08-02 10:15:00+09:00,2475.0,2481.0,2474.0,2479.5,4600,0.0,0.0
2024-08-02 10:20:00+09:00,2479.5,2481.0,2473.0,2475.5,3800,0.0,0.0
2024-08-02 10:25:00+09:00,2474.5,2475.0,2466.0,2470.5,6900,0.0,0.0
2024-08-02 10:30:00+09:00,2471.0,2481.5,2470.0,2471.5,11900,0.0,0.0
2024-08-02 10:35:00+09:00,2473.0,2484.0,2473.0,2480.0,9200,0.0,0.0
2024-08-02 10:40:00+09:00,2482.0,2486.5,2480.0,2486.5,5400,0.0,0.0
2024-08-02 10:45:00+09:00,2485.5,2489.0,2483.5,2488.5,5900,0.0,0.0
2024-08-02 10:50:00+09:00,2486.0,2487.0,2482.5,2487.0,3800,0.0,0.0
2024-08-02 10:55:00+09:00,2488.0,2491.0,2487.0,2488.0,3500,0.0,0.0
2024-08-02 11:00:00+09:00,2487.5,2491.5,2481.0,2481.0,8500,0.0,0.0
2024-08-02 11:05:00+09:00,2481.5,2489.5,2481.5,2488.5,5000,0.0,0.0
2024-08-02 11:10:00+09:00,2488.0,2488.0,2479.0,2480.0,4400,0.0,0.0
2024-08-02 11:15:00+09:00,2481.5,2484.0,2479.0,2479.0,3900,0.0,0.0
2024-08-02 11:20:00+09:00,2479.5,2480.5,2476.0,2476.5,19400,0.0,0.0
2024-08-02 11:25:00+09:00,2477.0,2479.5,2475.5,2479.5,3600,0.0,0.0
2024-08-02 11:30:00+09:00,2480.0,2480.0,2480.0,2480.0,500,0.0,0.0
2024-08-02 11:35:00+09:00,2480.0,2480.0,2480.0,2480.0,0,0.0,0.0
2024-08-02 12:30:00+09:00,2486.5,2491.0,2482.0,2491.0,394400,0.0,0.0
2024-08-02 12:35:00+09:00,2491.0,2491.0,2482.5,2482.5,8700,0.0,0.0
2024-08-02 12:40:00+09:00,2483.5,2486.0,2481.0,2481.5,2000,0.0,0.0
2024-08-02 12:45:00+09:00,2481.5,2485.0,2481.5,2485.0,3800,0.0,0.0
2024-08-02 12:50:00+09:00,2486.0,2491.0,2485.0,2489.5,3000,0.0,0.0
2024-08-02 12:55:00+09:00,2488.5,2488.5,2484.5,2487.5,4700,0.0,0.0
2024-08-02 13:00:00+09:00,2488.5,2498.0,2488.5,2496.5,6600,0.0,0.0
2024-08-02 13:05:00+09:00,2496.0,2497.5,2491.5,2491.5,8900,0.0,0.0
2024-08-02 13:10:00+09:00,2493.5,2494.0,2490.0,2491.5,3800,0.0,0.0
2024-08-02 13:15:00+09:00,2490.0,2490.0,2486.0,2486.0,4500,0.0,0.0
2024-08-02 13:20:00+09:00,2485.0,2492.0,2484.5,2486.0,6100,0.0,0.0
2024-08-02 13:25:00+09:00,2489.0,2490.0,2487.5,2490.0,2800,0.0,0.0
2024-08-02 13:30:00+09:00,2490.0,2490.5,2480.5,2480.5,4400,0.0,0.0
2024-08-02 13:35:00+09:00,2480.0,2481.5,2479.5,2480.5,4000,0.0,0.0
2024-08-02 13:40:00+09:00,2480.0,2480.0,2476.5,2478.0,2700,0.0,0.0
2024-08-02 13:45:00+09:00,2477.0,2477.5,2473.5,2477.5,8100,0.0,0.0
2024-08-02 13:50:00+09:00,2478.0,2478.0,2473.0,2474.5,5900,0.0,0.0
2024-08-02 13:55:00+09:00,2474.5,2479.5,2474.5,2479.5,5900,0.0,0.0
2024-08-02 14:00:00+09:00,2479.0,2479.0,2475.5,2478.0,4800,0.0,0.0
2024-08-02 14:05:00+09:00,2478.0,2478.5,2475.5,2478.5,4900,0.0,0.0
2024-08-02 14:10:00+09:00,2479.0,2480.0,2475.0,2475.5,4400,0.0,0.0
2024-08-02 14:15:00+09:00,2474.5,2475.5,2473.5,2473.5,4800,0.0,0.0
2024-08-02 14:20:00+09:00,2474.0,2474.0,2471.0,2472.5,6900,0.0,0.0
2024-08-02 14:25:00+09:00,2472.0,2474.0,2471.5,2471.5,9100,0.0,0.0
2024-08-02 14:30:00+09:00,2471.5,2472.5,2467.0,2468.0,10900,0.0,0.0
2024-08-02 14:35:00+09:00,2469.0,2469.0,2465.0,2465.0,17000,0.0,0.0
2024-08-02 14:40:00+09:00,2465.5,2469.5,2464.0,2465.0,20700,0.0,0.0
2024-08-02 14:45:00+09:00,2466.5,2466.5,2460.5,2464.5,15400,0.0,0.0
2024-08-02 14:50:00+09:00,2464.0,2464.0,2460.5,2461.5,8300,0.0,0.0
2024-08-02 14:55:00+09:00,2461.5,2465.5,2458.5,2465.5,33100,0.0,0.0
2024-08-05 09:05:00+09:00,2315.5,2347.5,2299.5,2301.0,97500,0.0,0.0
2024-08-05 09:10:00+09:00,2303.5,2316.0,2277.5,2278.5,38700,0.0,0.0
2024-08-05 09:15:00+09:00,2278.0,2279.0,2262.0,2262.5,13600,0.0,0.0
2024-08-05 09:20:00+09:00,2262.5,2262.5,2245.0,2249.0,27400,0.0,0.0
2024-08-05 09:25:00+09:00,2249.0,2267.0,2241.0,2267.0,15700,0.0,0.0
2024-08-05 09:30:00+09:00,2266.0,2275.0,2261.5,2273.5,18600,0.0,0.0
2024-08-05 09:35:00+09:00,2274.5,2284.0,2261.5,2263.0,9900,0.0,0.0
2024-08-05 09:40:00+09:00,2265.5,2283.0,2261.0,2276.0,14100,0.0,0.0
2024-08-05 09:45:00+09:00,2274.5,2276.0,2265.5,2267.0,23100,0.0,0.0
2024-08-05 09:50:00+09:00,2266.0,2272.0,2262.0,2270.0,17900,0.0,0.0
2024-08-05 09:55:00+09:00,2271.0,2287.5,2271.0,2281.5,10500,0.0,0.0
2024-08-05 10:00:00+09:00,2282.0,2290.5,2277.5,2279.5,13100,0.0,0.0
2024-08-05 10:05:00+09:00,2279.0,2279.0,2255.5,2259.0,24000,0.0,0.0
2024-08-05 10:10:00+09:00,2259.5,2267.5,2256.5,2264.5,8700,0.0,0.0
2024-08-05 10:15:00+09:00,2263.5,2278.0,2263.0,2275.0,8900,0.0,0.0
2024-08-05 10:20:00+09:00,2276.0,2276.5,2266.5,2270.5,9500,0.0,0.0
2024-08-05 10:25:00+09:00,2272.5,2273.5,2264.0,2272.5,8600,0.0,0.0
2024-08-05 10:30:00+09:00,2272.5,2287.5,2271.0,2287.5,9100,0.0,0.0
2024-08-05 10:35:00+09:00,2287.0,2287.0,2275.0,2280.5,11000,0.0,0.0
2024-08-05 10:40:00+09:00,2280.0,2283.5,2273.0,2273.0,20100,0.0,0.0
2024-08-05 10:45:00+09:00,2273.5,2277.5,2268.5,2270.0,7900,0.0,0.0
2024-08-05 10:50:00+09:00,2269.0,2269.5,2264.5,2267.5,5900,0.0,0.0
2024-08-05 10:55:00+09:00,2267.5,2276.5,2267.5,2273.5,7500,0.0,0.0
2024-08-05 11:00:00+09:00,2276.0,2278.0,2271.0,2271.5,10200,0.0,0.0
2024-08-05 11:05:00+09:00,2271.5,2272.5,2268.0,2272.5,7500,0.0,0.0
2024-08-05 11:10:00+09:00,2271.0,2274.0,2267.5,2267.5,6800,0.0,0.0
2024-08-05 11:15:00+09:00,2270.0,2275.0,2269.0,2273.5,6300,0.0,0.0
2024-08-05 11:20:00+09:00,2273.0,2282.0,2273.0,2281.5,6000,0.0,0.0
2024-08-05 11:25:00+09:00,2280.5,2288.0,2280.5,2287.5,7400,0.0,0.0
2024-08-05 11:30:00+09:00,2289.5,2289.5,2289.5,2289.5,1400,0.0,0.0
2024-08-05 11:35:00+09:00,2289.5,2289.5,2289.5,2289.5,0,0.0,0.0
2024-08-05 12:30:00+09:00,2289.5,2291.5,2272.5,2276.0,508200,0.0,0.0
2024-08-05 12:35:00+09:00,2274.0,2280.0,2271.5,2273.5,11300,0.0,0.0
2024-08-05 12:40:00+09:00,2273.0,2273.0,2262.5,2262.5,15400,0.0,0.0
2024-08-05 12:45:00+09:00,2263.5,2263.5,2255.5,2259.5,19500,0.0,0.0
2024-08-05 12:50:00+09:00,2259.0,2259.5,2251.5,2257.0,15600,0.0,0.0
2024-08-05 12:55:00+09:00,2257.0,2257.0,2252.0,2252.0,8400,0.0,0.0
2024-08-05 13:00:00+09:00,2252.5,2253.5,2241.0,2246.0,45300,0.0,0.0
2024-08-05 13:05:00+09:00,2246.5,2249.0,2234.5,2242.0,15000,0.0,0.0
2024-08-05 13:10:00+09:00,2242.5,2242.5,2235.0,2240.5,9400,0.0,0.0
2024-08-05 13:15:00+09:00,2241.5,2244.5,2235.5,2235.5,9700,0.0,0.0
2024-08-05 13:20:00+09:00,2235.5,2235.5,2227.5,2228.0,20600,0.0,0.0
2024-08-05 13:25:00+09:00,2229.5,2230.5,2222.0,2226.0,19800,0.0,0.0
2024-08-05 13:30:00+09:00,2223.5,2223.5,2218.0,2220.5,15200,0.0,0.0
2024-08-05 13:35:00+09:00,2221.0,2236.0,2220.5,2233.0,19000,0.0,0.0
2024-08-05 13:40:00+09:00,2231.5,2231.5,2221.5,2226.0,12500,0.0,0.0
2024-08-05 13:45:00+09:00,2226.5,2226.5,2217.0,2217.5,17100,0.0,0.0
2024-08-05 13:50:00+09:00,2218.0,2223.0,2217.5,2217.5,12400,0.0,0.0
2024-08-05 13:55:00+09:00,2218.0,2220.0,2216.5,2216.5,10100,0.0,0.0
2024-08-05 14:00:00+09:00,2216.0,2216.0,2201.5,2202.0,17900,0.0,0.0
2024-08-05 14:05:00+09:00,2203.0,2203.5,2200.0,2201.5,19200,0.0,0.0
2024-08-05 14:10:00+09:00,2201.0,2201.5,2193.0,2193.0,26700,0.0,0.0
2024-08-05 14:15:00+09:00,2193.5,2196.0,2186.5,2186.5,17500,0.0,0.0
2024-08-05 14:20:00+09:00,2187.0,2193.5,2186.5,2187.5,19800,0.0,0.0
2024-08-05 14:25:00+09:00,2187.0,2189.0,2182.0,2186.5,24300,0.0,0.0
2024-08-05 14:30:00+09:00,2187.5,2187.5,2176.5,2176.5,22000,0.0,0.0
2024-08-05 14:35:00+09:00,2176.5,2176.5,2160.0,2162.5,27800,0.0,0.0
2024-08-05 14:40:00+09:00,2162.5,2162.5,2148.5,2149.0,20300,0.0,0.0
2024-08-05 14:45:00+09:00,2148.0,2148.0,2127.0,2138.0,23100,0.0,0.0
2024-08-05 14:50:00+09:00,2138.0,2147.0,2132.0,2137.0,26100,0.0,0.0
2024-08-05 14:55:00+09:00,2135.5,2200.0,2100.0,2100.0,34500,0.0,0.0
2024-08-06 09:20:00+09:00,2584.5,2584.5,2534.0,2542.5,237400,0.0,0.0
2024-08-06 09:25:00+09:00,2539.5,2539.5,2514.0,2525.5,48800,0.0,0.0
2024-08-06 09:30:00+09:00,2525.5,2540.0,2525.5,2534.5,27600,0.0,0.0
2024-08-06 09:35:00+09:00,2533.0,2548.0,2524.5,2541.5,24500,0.0,0.0
2024-08-06 09:40:00+09:00,2540.0,2540.5,2521.5,2528.0,19700,0.0,0.0
2024-08-06 09:45:00+09:00,2529.5,2531.5,2510.0,2510.0,19700,0.0,0.0
2024-08-06 09:50:00+09:00,2510.0,2527.0,2506.5,2523.5,24800,0.0,0.0
2024-08-06 09:55:00+09:00,2524.0,2538.0,2521.5,2535.5,21700,0.0,0.0
2024-08-06 10:00:00+09:00,2537.0,2553.0,2537.0,2552.0,18400,0.0,0.0
2024-08-06 10:05:00+09:00,2552.0,2566.5,2551.0,2566.5,20200,0.0,0.0
2024-08-06 10:10:00+09:00,2567.5,2576.5,2556.5,2570.5,22400,0.0,0.0
2024-08-06 10:15:00+09:00,2570.5,2577.0,2564.5,2564.5,21600,0.0,0.0
2024-08-06 10:20:00+09:00,2564.0,2580.0,2562.0,2571.0,22400,0.0,0.0
2024-08-06 10:25:00+09:00,2572.0,2579.0,2560.0,2569.0,19200,0.0,0.0
2024-08-06 10:30:00+09:00,2567.5,2567.5,2543.0,2544.0,28100,0.0,0.0
2024-08-06 10:35:00+09:00,2545.0,2545.0,2524.0,2526.5,32400,0.0,0.0
2024-08-06 10:40:00+09:00,2527.0,2529.5,2508.0,2517.0,25800,0.0,0.0
2024-08-06 10:45:00+09:00,2515.5,2524.0,2510.5,2522.5,23000,0.0,0.0
2024-08-06 10:50:00+09:00,2522.5,2535.5,2518.0,2535.0,20500,0.0,0.0
2024-08-06 10:55:00+09:00,2535.0,2558.0,2534.5,2556.5,33900,0.0,0.0
2024-08-06 11:00:00+09:00,2558.0,2569.5,2553.0,2568.5,16900,0.0,0.0
2024-08-06 11:05:00+09:00,2568.5,2572.0,2549.5,2549.5,15600,0.0,0.0
2024-08-06 11:10:00+09:00,2546.5,2548.5,2538.0,2545.0,14700,0.0,0.0
2024-08-06 11:15:00+09:00,2545.0,2564.5,2544.0,2563.5,15500,0.0,0.0
2024-08-06 11:20:00+09:00,2564.5,2570.0,2562.5,2568.0,11000,0.0,0.0
2024-08-06 11:25:00+09:00,2568.5,2576.0,2565.5,2568.0,28700,0.0,0.0
2024-08-06 11:30:00+09:00,2568.0,2568.0,2568.0,2568.0,800,0.0,0.0
2024-08-06 11:35:00+09:00,2568.0,2568.0,2568.0,2568.0,0,0.0,0.0
2024-08-06 12:30:00+09:00,2568.0,2568.5,2547.5,2549.0,865500,0.0,0.0
2024-08-06 12:35:00+09:00,2548.0,2558.5,2544.5,2556.5,15800,0.0,0.0
2024-08-06 12:40:00+09:00,2556.0,2566.5,2556.0,2561.5,10300,0.0,0.0
2024-08-06 12:45:00+09:00,2561.0,2565.0,2560.5,2561.5,14900,0.0,0.0
2024-08-06 12:50:00+09:00,2562.5,2577.0,2561.0,2569.5,15200,0.0,0.0
2024-08-06 12:55:00+09:00,2567.0,2567.5,2546.0,2546.0,12100,0.0,0.0
2024-08-06 13:00:00+09:00,2544.0,2549.0,2534.5,2542.5,13500,0.0,0.0
2024-08-06 13:05:00+09:00,2542.5,2543.0,2523.5,2526.5,7200,0.0,0.0
2024-08-06 13:10:00+09:00,2526.5,2527.5,2520.5,2523.0,7200,0.0,0.0
2024-08-06 13:15:00+09:00,2523.0,2526.0,2511.0,2516.0,10800,0.0,0.0
2024-08-06 13:20:00+09:00,2514.5,2518.0,2500.0,2501.5,14400,0.0,0.0
2024-08-06 13:25:00+09:00,2501.5,2503.5,2493.0,2496.5,17900,0.0,0.0
2024-08-06 13:30:00+09:00,2496.5,2496.5,2480.0,2480.5,12200,0.0,0.0
2024-08-06 13:35:00+09:00,2480.5,2485.0,2479.0,2480.5,21100,0.0,0.0
2024-08-06 13:40:00+09:00,2480.0,2483.0,2475.5,2480.5,12800,0.0,0.0
2024-08-06 13:45:00+09:00,2480.0,2482.5,2471.5,2481.5,20700,0.0,0.0
2024-08-06 13:50:00+09:00,2482.0,2484.0,2472.0,2476.5,13400,0.0,0.0
2024-08-06 13:55:00+09:00,2476.5,2483.0,2476.5,2481.5,20000,0.0,0.0
2024-08-06 14:00:00+09:00,2481.5,2483.5,2473.5,2483.5,22200,0.0,0.0
2024-08-06 14:05:00+09:00,2481.5,2486.0,2474.5,2482.0,28800,0.0,0.0
2024-08-06 14:10:00+09:00,2482.5,2483.0,2469.0,2483.0,22100,0.0,0.0
2024-08-06 14:15:00+09:00,2484.0,2487.0,2480.5,2484.5,18000,0.0,0.0
2024-08-06 14:20:00+09:00,2484.5,2499.0,2484.0,2499.0,18500,0.0,0.0
2024-08-06 14:25:00+09:00,2499.0,2501.0,2495.5,2501.0,19400,0.0,0.0
2024-08-06 14:30:00+09:00,2500.0,2515.0,2500.0,2514.5,25200,0.0,0.0
2024-08-06 14:35:00+09:00,2515.0,2515.5,2511.0,2513.5,20600,0.0,0.0
2024-08-06 14:40:00+09:00,2514.0,2521.0,2513.5,2519.0,25000,0.0,0.0
2024-08-06 14:45:00+09:00,2520.0,2520.0,2500.0,2503.0,24700,0.0,0.0
2024-08-06 14:50:00+09:00,2503.0,2504.0,2494.0,2494.0,31400,0.0,0.0
2024-08-06 14:55:00+09:00,2494.0,2498.0,2490.0,2490.0,38600,0.0,0.0
2024-08-07 09:00:00+09:00,2450.0,2479.0,2450.0,2459.5,50100,0.0,0.0
2024-08-07 09:05:00+09:00,2459.5,2480.0,2458.5,2480.0,18700,0.0,0.0
2024-08-07 09:10:00+09:00,2480.5,2485.5,2469.0,2480.0,13300,0.0,0.0
2024-08-07 09:15:00+09:00,2478.5,2485.5,2467.5,2467.5,17900,0.0,0.0
2024-08-07 09:20:00+09:00,2468.5,2485.0,2468.5,2482.0,8300,0.0,0.0
2024-08-07 09:25:00+09:00,2482.0,2493.0,2481.5,2485.0,11900,0.0,0.0
2024-08-07 09:30:00+09:00,2485.0,2488.5,2474.5,2485.5,16700,0.0,0.0
2024-08-07 09:35:00+09:00,2485.0,2485.0,2473.0,2480.5,13300,0.0,0.0
2024-08-07 09:40:00+09:00,2480.0,2494.0,2477.0,2493.0,13500,0.0,0.0
2024-08-07 09:45:00+09:00,2492.0,2510.0,2488.0,2507.5,15000,0.0,0.0
2024-08-07 09:50:00+09:00,2509.5,2510.0,2491.0,2500.0,11400,0.0,0.0
2024-08-07 09:55:00+09:00,2498.5,2498.5,2486.0,2488.5,16300,0.0,0.0
2024-08-07 10:00:00+09:00,2488.5,2497.0,2483.5,2493.0,11700,0.0,0.0
2024-08-07 10:05:00+09:00,2493.0,2493.0,2482.0,2485.0,12700,0.0,0.0
2024-08-07 10:10:00+09:00,2484.0,2488.0,2477.0,2488.0,10600,0.0,0.0
2024-08-07 10:15:00+09:00,2490.0,2496.0,2488.0,2494.0,7400,0.0,0.0
2024-08-07 10:20:00+09:00,2496.0,2502.5,2496.0,2497.5,8000,0.0,0.0
2024-08-07 10:25:00+09:00,2498.0,2508.5,2497.5,2502.5,7200,0.0,0.0
2024-08-07 10:30:00+09:00,2505.5,2523.5,2500.0,2523.5,10000,0.0,0.0
2024-08-07 10:35:00+09:00,2524.5,2530.5,2519.0,2520.0,15800,0.0,0.0
2024-08-07 10:40:00+09:00,2523.0,2538.0,2514.0,2531.5,10700,0.0,0.0
2024-08-07 10:45:00+09:00,2532.5,2552.0,2532.5,2552.0,10200,0.0,0.0
2024-08-07 10:50:00+09:00,2552.5,2566.5,2547.0,2561.5,14200,0.0,0.0
2024-08-07 10:55:00+09:00,2561.5,2564.5,2553.5,2564.5,9300,0.0,0.0
2024-08-07 11:00:00+09:00,2567.0,2567.0,2552.0,2560.0,13200,0.0,0.0
2024-08-07 11:05:00+09:00,2563.0,2569.5,2559.0,2561.5,7600,0.0,0.0
2024-08-07 11:10:00+09:00,2561.0,2561.5,2549.0,2551.0,10000,0.0,0.0
2024-08-07 11:15:00+09:00,2549.5,2554.5,2543.5,2544.5,4600,0.0,0.0
2024-08-07 11:20:00+09:00,2545.0,2560.0,2542.5,2559.0,6400,0.0,0.0
2024-08-07 11:25:00+09:00,2559.5,2565.5,2556.5,2562.5,6700,0.0,0.0
2024-08-07 11:30:00+09:00,2563.0,2564.0,2563.0,2564.0,1100,0.0,0.0
2024-08-07 11:35:00+09:00,2564.0,2564.0,2564.0,2564.0,0,0.0,0.0
2024-08-07 12:30:00+09:00,2544.0,2551.0,2531.0,2546.0,412400,0.0,0.0
2024-08-07 12:35:00+09:00,2548.5,2563.5,2548.5,2563.0,8300,0.0,0.0
2024-08-07 12:40:00+09:00,2561.5,2571.0,2561.0,2568.5,10200,0.0,0.0
2024-08-07 12:45:00+09:00,2568.5,2570.5,2552.5,2556.0,8300,0.0,0.0
2024-08-07 12:50:00+09:00,2557.0,2558.5,2544.0,2553.0,10100,0.0,0.0
2024-08-07 12:55:00+09:00,2552.0,2554.5,2543.5,2549.0,6800,0.0,0.0
2024-08-07 13:00:00+09:00,2551.5,2561.5,2551.5,2558.0,10500,0.0,0.0
2024-08-07 13:05:00+09:00,2559.5,2562.0,2553.0,2554.0,10300,0.0,0.0
2024-08-07 13:10:00+09:00,2552.5,2552.5,2538.0,2540.5,11700,0.0,0.0
2024-08-07 13:15:00+09:00,2540.5,2540.5,2534.5,2539.5,6800,0.0,0.0
2024-08-07 13:20:00+09:00,2541.0,2546.0,2541.0,2545.0,5200,0.0,0.0
2024-08-07 13:25:00+09:00,2547.0,2554.0,2545.5,2551.5,5000,0.0,0.0
2024-08-07 13:30:00+09:00,2554.5,2557.0,2547.0,2556.0,13200,0.0,0.0
2024-08-07 13:35:00+09:00,2556.0,2557.0,2552.5,2553.5,5900,0.0,0.0
2024-08-07 13:40:00+09:00,2553.0,2556.0,2552.0,2556.0,5800,0.0,0.0
2024-08-07 13:45:00+09:00,2556.5,2558.0,2546.0,2553.0,7500,0.0,0.0
2024-08-07 13:50:00+09:00,2553.5,2555.5,2552.5,2555.5,5100,0.0,0.0
2024-08-07 13:55:00+09:00,2554.5,2554.5,2543.5,2545.0,6300,0.0,0.0
2024-08-07 14:00:00+09:00,2545.5,2546.5,2536.5,2536.5,9700,0.0,0.0
2024-08-07 14:05:00+09:00,2536.5,2546.0,2535.0,2540.5,9500,0.0,0.0
2024-08-07 14:10:00+09:00,2541.5,2545.5,2539.0,2539.0,6300,0.0,0.0
2024-08-07 14:15:00+09:00,2539.0,2544.0,2536.5,2537.0,6900,0.0,0.0
2024-08-07 14:20:00+09:00,2537.0,2541.0,2532.0,2535.5,9000,0.0,0.0
2024-08-07 14:25:00+09:00,2538.0,2542.5,2536.5,2540.0,7800,0.0,0.0
2024-08-07 14:30:00+09:00,2539.5,2539.5,2526.5,2535.0,9700,0.0,0.0
2024-08-07 14:35:00+09:00,2535.0,2536.0,2518.0,2520.5,9200,0.0,0.0
2024-08-07 14:40:00+09:00,2519.5,2519.5,2504.5,2504.5,10500,0.0,0.0
2024-08-07 14:45:00+09:00,2505.0,2508.5,2496.0,2496.0,12700,0.0,0.0
2024-08-07 14:50:00+09:00,2494.0,2495.5,2480.5,2489.0,23200,0.0,0.0
2024-08-07 14:55:00+09:00,2489.5,2495.5,2474.0,2480.0,36900,0.0,0.0
2024-08-08 09:00:00+09:00,2460.0,2495.5,2454.0,2485.5,43700,0.0,0.0
2024-08-08 09:05:00+09:00,2486.5,2492.5,2478.0,2488.5,15100,0.0,0.0
2024-08-08 09:10:00+09:00,2489.5,2491.0,2480.0,2489.0,8200,0.0,0.0
2024-08-08 09:15:00+09:00,2488.5,2503.0,2487.0,2503.0,9400,0.0,0.0
2024-08-08 09:20:00+09:00,2503.5,2505.0,2490.0,2497.5,10400,0.0,0.0
2024-08-08 09:25:00+09:00,2500.0,2506.0,2490.0,2491.0,11500,0.0,0.0
2024-08-08 09:30:00+09:00,2490.0,2497.0,2485.0,2491.0,10900,0.0,0.0
2024-08-08 09:35:00+09:00,2490.5,2490.5,2480.0,2484.0,9700,0.0,0.0
2024-08-08 09:40:00+09:00,2481.5,2490.5,2479.5,2479.5,9800,0.0,0.0
2024-08-08 09:45:00+09:00,2479.0,2483.5,2476.5,2480.5,17500,0.0,0.0
2024-08-08 09:50:00+09:00,2483.5,2490.0,2481.0,2481.0,9300,0.0,0.0
2024-08-08 09:55:00+09:00,2480.5,2491.5,2480.0,2483.5,19800,0.0,0.0
2024-08-08 10:00:00+09:00,2483.0,2491.0,2480.0,2489.5,18400,0.0,0.0
2024-08-08 10:05:00+09:00,2490.5,2498.0,2488.5,2488.5,10100,0.0,0.0
2024-08-08 10:10:00+09:00,2486.0,2498.0,2486.0,2498.0,4200,0.0,0.0
2024-08-08 10:15:00+09:00,2498.5,2503.5,2487.0,2487.0,8300,0.0,0.0
2024-08-08 10:20:00+09:00,2487.5,2490.5,2484.0,2490.0,3900,0.0,0.0
2024-08-08 10:25:00+09:00,2491.0,2497.5,2491.0,2496.0,5200,0.0,0.0
2024-08-08 10:30:00+09:00,2497.0,2502.0,2493.0,2495.5,6100,0.0,0.0
2024-08-08 10:35:00+09:00,2495.0,2501.0,2493.5,2501.0,6000,0.0,0.0
2024-08-08 10:40:00+09:00,2499.5,2500.0,2494.5,2496.5,5200,0.0,0.0
2024-08-08 10:45:00+09:00,2497.0,2497.0,2486.0,2486.5,4600,0.0,0.0
2024-08-08 10:50:00+09:00,2487.5,2487.5,2481.0,2482.5,6800,0.0,0.0
2024-08-08 10:55:00+09:00,2482.0,2485.5,2479.0,2479.0,10000,0.0,0.0
2024-08-08 11:00:00+09:00,2478.5,2480.0,2472.5,2474.5,18100,0.0,0.0
2024-08-08 11:05:00+09:00,2475.0,2477.5,2473.0,2477.5,13000,0.0,0.0
2024-08-08 11:10:00+09:00,2477.0,2482.5,2475.0,2482.5,11400,0.0,0.0
2024-08-08 11:15:00+09:00,2481.0,2486.5,2480.5,2483.0,11400,0.0,0.0
2024-08-08 11:20:00+09:00,2484.0,2489.5,2484.0,2487.5,8100,0.0,0.0
2024-08-08 11:25:00+09:00,2488.0,2489.0,2483.0,2483.0,8900,0.0,0.0
2024-08-08 11:30:00+09:00,2486.0,2486.0,2486.0,2486.0,2200,0.0,0.0
2024-08-08 11:35:00+09:00,2486.0,2486.0,2486.0,2486.0,0,0.0,0.0
2024-08-08 12:30:00+09:00,2494.0,2495.0,2486.5,2492.5,371000,0.0,0.0
2024-08-08 12:35:00+09:00,2494.0,2494.5,2489.0,2490.0,10000,0.0,0.0
2024-08-08 12:40:00+09:00,2490.5,2491.5,2485.0,2486.0,6700,0.0,0.0
2024-08-08 12:45:00+09:00,2485.5,2487.5,2476.5,2483.0,17600,0.0,0.0
2024-08-08 12:50:00+09:00,2484.0,2484.5,2474.0,2475.5,14000,0.0,0.0
2024-08-08 12:55:00+09:00,2475.5,2476.5,2468.0,2470.0,12000,0.0,0.0
2024-08-08 13:00:00+09:00,2473.0,2473.5,2460.0,2461.5,13800,0.0,0.0
2024-08-08 13:05:00+09:00,2463.0,2471.5,2461.5,2465.5,14400,0.0,0.0
2024-08-08 13:10:00+09:00,2466.5,2473.5,2466.5,2471.0,9500,0.0,0.0
2024-08-08 13:15:00+09:00,2471.0,2472.5,2467.0,2468.0,11200,0.0,0.0
2024-08-08 13:20:00+09:00,2467.0,2473.0,2466.0,2473.0,4800,0.0,0.0
2024-08-08 13:25:00+09:00,2472.5,2475.0,2466.0,2466.0,11600,0.0,0.0
2024-08-08 13:30:00+09:00,2467.5,2467.5,2464.0,2465.0,9300,0.0,0.0
2024-08-08 13:35:00+09:00,2466.0,2467.0,2457.0,2458.5,17200,0.0,0.0
2024-08-08 13:40:00+09:00,2458.0,2462.5,2458.0,2460.0,8400,0.0,0.0
2024-08-08 13:45:00+09:00,2460.5,2461.5,2451.0,2453.5,12500,0.0,0.0
2024-08-08 13:50:00+09:00,2453.5,2456.0,2453.0,2455.0,17800,0.0,0.0
2024-08-08 13:55:00+09:00,2454.0,2459.0,2453.0,2459.0,22300,0.0,0.0
2024-08-08 14:00:00+09:00,2460.5,2475.5,2460.5,2472.5,19100,0.0,0.0
2024-08-08 14:05:00+09:00,2475.5,2480.0,2472.5,2477.5,11200,0.0,0.0
2024-08-08 14:10:00+09:00,2479.5,2483.0,2473.5,2475.0,10100,0.0,0.0
2024-08-08 14:15:00+09:00,2475.0,2478.0,2471.0,2473.5,9500,0.0,0.0
2024-08-08 14:20:00+09:00,2473.0,2474.5,2467.5,2467.5,7800,0.0,0.0
2024-08-08 14:25:00+09:00,2466.0,2470.0,2463.0,2468.5,9400,0.0,0.0
2024-08-08 14:30:00+09:00,2468.5,2473.5,2466.5,2467.5,16400,0.0,0.0
2024-08-08 14:35:00+09:00,2466.5,2468.0,2459.0,2459.0,18700,0.0,0.0
2024-08-08 14:40:00+09:00,2459.5,2459.5,2447.0,2447.0,27900,0.0,0.0
2024-08-08 14:45:00+09:00,2448.5,2450.0,2446.0,2449.0,13300,0.0,0.0
2024-08-08 14:50:00+09:00,2449.5,2452.0,2438.0,2450.0,22500,0.0,0.0
2024-08-08 14:55:00+09:00,2451.0,2458.5,2449.0,2456.5,19200,0.0,0.0
2024-08-09 09:00:00+09:00,2508.5,2509.0,2490.5,2493.0,82600,0.0,0.0
2024-08-09 09:05:00+09:00,2493.5,2512.0,2481.0,2510.5,14100,0.0,0.0
2024-08-09 09:10:00+09:00,2513.5,2519.0,2505.5,2515.5,14400,0.0,0.0
2024-08-09 09:15:00+09:00,2514.0,2527.0,2509.0,2524.0,10300,0.0,0.0
2024-08-09 09:20:00+09:00,2524.0,2527.5,2518.0,2521.0,6300,0.0,0.0
2024-08-09 09:25:00+09:00,2520.0,2522.0,2509.5,2511.0,5500,0.0,0.0
2024-08-09 09:30:00+09:00,2509.5,2519.5,2508.5,2518.0,7500,0.0,0.0
2024-08-09 09:35:00+09:00,2517.5,2520.0,2504.5,2504.5,8400,0.0,0.0
2024-08-09 09:40:00+09:00,2504.5,2508.0,2500.0,2508.0,5400,0.0,0.0
2024-08-09 09:45:00+09:00,2507.0,2512.0,2504.0,2508.5,5200,0.0,0.0
2024-08-09 09:50:00+09:00,2506.5,2510.0,2505.5,2507.5,3800,0.0,0.0
2024-08-09 09:55:00+09:00,2505.0,2514.5,2505.0,2506.0,3700,0.0,0.0
2024-08-09 10:00:00+09:00,2507.0,2509.0,2500.0,2509.0,4100,0.0,0.0
2024-08-09 10:05:00+09:00,2510.5,2512.0,2507.0,2511.0,5300,0.0,0.0
2024-08-09 10:10:00+09:00,2513.5,2515.0,2503.5,2507.5,4500,0.0,0.0
2024-08-09 10:15:00+09:00,2509.0,2516.5,2507.5,2512.0,4200,0.0,0.0
2024-08-09 10:20:00+09:00,2513.5,2513.5,2499.5,2500.0,5500,0.0,0.0
2024-08-09 10:25:00+09:00,2500.0,2508.5,2500.0,2504.5,4300,0.0,0.0
2024-08-09 10:30:00+09:00,2505.5,2507.5,2501.0,2504.0,3800,0.0,0.0
2024-08-09 10:35:00+09:00,2506.0,2509.5,2505.0,2509.5,2900,0.0,0.0
2024-08-09 10:40:00+09:00,2510.0,2518.5,2508.5,2513.0,4100,0.0,0.0
2024-08-09 10:45:00+09:00,2512.5,2512.5,2509.0,2509.0,3600,0.0,0.0
2024-08-09 10:50:00+09:00,2509.5,2512.0,2502.5,2512.0,2400,0.0,0.0
2024-08-09 10:55:00+09:00,2513.0,2514.0,2510.0,2510.0,3500,0.0,0.0
2024-08-09 11:00:00+09:00,2509.5,2509.5,2505.0,2507.0,6100,0.0,0.0
2024-08-09 11:05:00+09:00,2508.5,2511.0,2506.0,2510.0,4100,0.0,0.0
2024-08-09 11:10:00+09:00,2510.5,2514.5,2510.5,2511.5,2400,0.0,0.0
2024-08-09 11:15:00+09:00,2509.5,2510.5,2503.0,2506.0,6300,0.0,0.0
2024-08-09 11:20:00+09:00,2506.5,2511.5,2506.5,2510.5,3800,0.0,0.0
2024-08-09 11:25:00+09:00,2511.0,2512.0,2508.5,2512.0,2500,0.0,0.0
2024-08-09 11:30:00+09:00,2509.5,2509.5,2509.5,2509.5,700,0.0,0.0
2024-08-09 11:35:00+09:00,2509.5,2509.5,2509.5,2509.5,0,0.0,0.0
2024-08-09 12:30:00+09:00,2509.5,2515.5,2509.5,2514.5,253500,0.0,0.0
2024-08-09 12:35:00+09:00,2514.5,2514.5,2512.0,2513.5,2900,0.0,0.0
2024-08-09 12:40:00+09:00,2512.5,2513.0,2509.0,2509.5,16700,0.0,0.0
2024-08-09 12:45:00+09:00,2511.0,2511.5,2500.0,2500.5,9200,0.0,0.0
2024-08-09 12:50:00+09:00,2501.0,2502.5,2498.5,2500.0,9900,0.0,0.0
2024-08-09 12:55:00+09:00,2502.0,2502.0,2499.0,2500.5,5700,0.0,0.0
2024-08-09 13:00:00+09:00,2502.5,2502.5,2499.0,2500.0,4000,0.0,0.0
2024-08-09 13:05:00+09:00,2500.5,2503.0,2499.0,2501.5,3500,0.0,0.0
2024-08-09 13:10:00+09:00,2501.5,2502.0,2496.5,2496.5,7500,0.0,0.0
2024-08-09 13:15:00+09:00,2496.0,2496.5,2485.5,2488.0,5600,0.0,0.0
2024-08-09 13:20:00+09:00,2486.0,2490.0,2485.0,2487.0,5000,0.0,0.0
2024-08-09 13:25:00+09:00,2487.0,2487.0,2479.0,2479.0,5200,0.0,0.0
2024-08-09 13:30:00+09:00,2480.0,2484.5,2480.0,2482.0,2500,0.0,0.0
2024-08-09 13:35:00+09:00,2482.5,2486.0,2481.0,2483.5,4100,0.0,0.0
2024-08-09 13:40:00+09:00,2484.5,2484.5,2477.5,2479.0,5400,0.0,0.0
2024-08-09 13:45:00+09:00,2480.0,2482.5,2475.5,2481.5,7700,0.0,0.0
2024-08-09 13:50:00+09:00,2480.5,2483.0,2477.0,2478.0,6600,0.0,0.0
2024-08-09 13:55:00+09:00,2479.0,2480.5,2469.0,2470.5,9800,0.0,0.0
2024-08-09 14:00:00+09:00,2471.5,2474.5,2466.0,2469.0,7500,0.0,0.0
2024-08-09 14:05:00+09:00,2472.0,2475.5,2470.0,2471.0,7300,0.0,0.0
2024-08-09 14:10:00+09:00,2474.0,2477.5,2468.5,2474.5,7100,0.0,0.0
2024-08-09 14:15:00+09:00,2475.5,2482.0,2474.0,2479.0,6200,0.0,0.0
2024-08-09 14:20:00+09:00,2479.5,2481.0,2475.5,2481.0,5200,0.0,0.0
2024-08-09 14:25:00+09:00,2482.0,2489.0,2482.0,2489.0,7100,0.0,0.0
2024-08-09 14:30:00+09:00,2490.5,2496.5,2488.0,2494.0,9900,0.0,0.0
2024-08-09 14:35:00+09:00,2494.5,2498.0,2493.5,2493.5,4900,0.0,0.0
2024-08-09 14:40:00+09:00,2492.5,2495.5,2489.5,2495.5,9600,0.0,0.0
2024-08-09 14:45:00+09:00,2496.0,2499.0,2494.0,2499.0,5900,0.0,0.0
2024-08-09 14:50:00+09:00,2498.0,2498.0,2485.0,2495.0,12400,0.0,0.0
2024-08-09 14:55:00+09:00,2495.0,2499.5,2495.0,2495.0,7400,0.0,0.0
2024-08-13 09:00:00+09:00,2501.0,2537.5,2501.0,2532.5,22700,0.0,0.0
2024-08-13 09:05:00+09:00,2532.0,2542.5,2528.5,2532.5,8100,0.0,0.0
2024-08-13 09:10:00+09:00,2532.5,2533.5,2521.0,2522.5,6800,0.0,0.0
2024-08-13 09:15:00+09:00,2519.5,2529.5,2518.0,2528.0,2900,0.0,0.0
2024-08-13 09:20:00+09:00,2528.5,2536.5,2528.5,2535.0,7000,0.0,0.0
2024-08-13 09:25:00+09:00,2534.0,2541.0,2529.5,2530.0,8000,0.0,0.0
2024-08-13 09:30:00+09:00,2528.5,2535.5,2528.5,2534.0,4600,0.0,0.0
2024-08-13 09:35:00+09:00,2534.5,2534.5,2527.0,2531.5,4200,0.0,0.0
2024-08-13 09:40:00+09:00,2531.5,2534.5,2531.5,2531.5,3300,0.0,0.0
2024-08-13 09:45:00+09:00,2533.0,2540.0,2532.0,2535.5,5500,0.0,0.0
2024-08-13 09:50:00+09:00,2536.5,2536.5,2529.0,2533.5,4800,0.0,0.0
2024-08-13 09:55:00+09:00,2533.5,2536.0,2528.5,2528.5,5500,0.0,0.0
2024-08-13 10:00:00+09:00,2529.0,2530.0,2525.0,2528.5,7200,0.0,0.0
2024-08-13 10:05:00+09:00,2529.0,2529.5,2526.5,2529.0,2900,0.0,0.0
2024-08-13 10:10:00+09:00,2527.0,2535.5,2524.5,2534.0,4500,0.0,0.0
2024-08-13 10:15:00+09:00,2534.5,2540.0,2534.5,2538.0,3400,0.0,0.0
2024-08-13 10:20:00+09:00,2537.0,2537.0,2533.0,2534.0,2900,0.0,0.0
2024-08-13 10:25:00+09:00,2533.0,2536.0,2530.5,2530.5,2000,0.0,0.0
2024-08-13 10:30:00+09:00,2530.5,2534.5,2529.0,2534.0,2600,0.0,0.0
2024-08-13 10:35:00+09:00,2534.5,2536.0,2532.5,2532.5,2300,0.0,0.0
2024-08-13 10:40:00+09:00,2532.5,2534.0,2526.5,2526.5,2400,0.0,0.0
2024-08-13 10:45:00+09:00,2527.0,2527.5,2521.0,2523.0,2300,0.0,0.0
2024-08-13 10:50:00+09:00,2524.5,2526.0,2524.0,2524.0,3300,0.0,0.0
2024-08-13 10:55:00+09:00,2523.0,2525.5,2520.0,2524.5,6600,0.0,0.0
2024-08-13 11:00:00+09:00,2526.5,2526.5,2522.0,2522.0,3300,0.0,0.0
2024-08-13 11:05:00+09:00,2522.0,2526.0,2522.0,2523.5,3100,0.0,0.0
2024-08-13 11:10:00+09:00,2524.5,2525.5,2522.5,2525.5,1300,0.0,0.0
2024-08-13 11:15:00+09:00,2526.5,2527.0,2523.0,2524.5,2100,0.0,0.0
2024-08-13 11:20:00+09:00,2524.5,2524.5,2521.0,2522.0,4000,0.0,0.0
2024-08-13 11:25:00+09:00,2522.5,2522.5,2518.0,2519.5,3700,0.0,0.0
2024-08-13 11:30:00+09:00,2518.0,2518.0,2517.0,2517.0,1100,0.0,0.0
2024-08-13 11:35:00+09:00,2517.0,2517.0,2517.0,2517.0,0,0.0,0.0
2024-08-13 12:30:00+09:00,2525.0,2528.5,2523.5,2523.5,156400,0.0,0.0
2024-08-13 12:35:00+09:00,2524.5,2530.0,2524.5,2525.5,7300,0.0,0.0
2024-08-13 12:40:00+09:00,2526.0,2527.5,2525.0,2526.5,5100,0.0,0.0
2024-08-13 12:45:00+09:00,2526.5,2527.0,2523.0,2523.0,2200,0.0,0.0
2024-08-13 12:50:00+09:00,2522.5,2525.0,2521.0,2523.0,3300,0.0,0.0
2024-08-13 12:55:00+09:00,2523.0,2523.0,2521.5,2522.5,4100,0.0,0.0
2024-08-13 13:00:00+09:00,2521.5,2522.5,2518.5,2519.0,17200,0.0,0.0
2024-08-13 13:05:00+09:00,2519.5,2520.5,2518.5,2520.0,4000,0.0,0.0
2024-08-13 13:10:00+09:00,2520.0,2520.0,2518.5,2518.5,1400,0.0,0.0
2024-08-13 13:15:00+09:00,2519.0,2519.0,2516.5,2517.5,2200,0.0,0.0
2024-08-13 13:20:00+09:00,2516.5,2520.0,2515.0,2520.0,3700,0.0,0.0
2024-08-13 13:25:00+09:00,2520.0,2521.5,2517.5,2517.5,3800,0.0,0.0
2024-08-13 13:30:00+09:00,2518.5,2519.0,2517.5,2517.5,1800,0.0,0.0
2024-08-13 13:35:00+09:00,2518.5,2524.0,2518.5,2524.0,4200,0.0,0.0
2024-08-13 13:40:00+09:00,2523.5,2527.5,2523.5,2526.5,9100,0.0,0.0
2024-08-13 13:45:00+09:00,2525.0,2525.5,2521.5,2524.0,8200,0.0,0.0
2024-08-13 13:50:00+09:00,2524.5,2532.0,2524.5,2530.5,8200,0.0,0.0
2024-08-13 13:55:00+09:00,2531.5,2532.5,2530.5,2532.0,3600,0.0,0.0
2024-08-13 14:00:00+09:00,2532.0,2532.0,2530.0,2531.5,3100,0.0,0.0
2024-08-13 14:05:00+09:00,2531.0,2531.5,2528.5,2530.0,5800,0.0,0.0
2024-08-13 14:10:00+09:00,2529.5,2530.5,2529.0,2529.5,2900,0.0,0.0
2024-08-13 14:15:00+09:00,2530.5,2530.5,2529.0,2529.5,2600,0.0,0.0
2024-08-13 14:20:00+09:00,2529.0,2529.0,2527.0,2529.0,3500,0.0,0.0
2024-08-13 14:25:00+09:00,2528.5,2531.5,2527.5,2531.0,5800,0.0,0.0
2024-08-13 14:30:00+09:00,2530.5,2535.5,2530.5,2534.5,8600,0.0,0.0
2024-08-13 14:35:00+09:00,2534.0,2534.0,2527.0,2529.0,6100,0.0,0.0
2024-08-13 14:40:00+09:00,2529.5,2534.5,2529.0,2533.5,2600,0.0,0.0
2024-08-13 14:45:00+09:00,2533.0,2534.0,2527.5,2529.5,7000,0.0,0.0
2024-08-13 14:50:00+09:00,2529.5,2533.5,2529.0,2531.0,7100,0.0,0.0
2024-08-13 14:55:00+09:00,2530.5,2538.0,2529.0,2538.0,7300,0.0,0.0
2024-08-14 09:00:00+09:00,2549.5,2567.5,2542.5,2567.5,28200,0.0,0.0
2024-08-14 09:05:00+09:00,2565.0,2576.5,2563.0,2574.5,9400,0.0,0.0
2024-08-14 09:10:00+09:00,2577.0,2578.0,2571.0,2575.0,5900,0.0,0.0
2024-08-14 09:15:00+09:00,2575.5,2588.0,2575.5,2583.5,6300,0.0,0.0
2024-08-14 09:20:00+09:00,2585.0,2593.0,2584.5,2590.0,10900,0.0,0.0
2024-08-14 09:25:00+09:00,2589.0,2595.0,2587.0,2588.5,8300,0.0,0.0
2024-08-14 09:30:00+09:00,2587.5,2590.0,2585.0,2590.0,7000,0.0,0.0
2024-08-14 09:35:00+09:00,2590.0,2594.0,2589.5,2589.5,5600,0.0,0.0
2024-08-14 09:40:00+09:00,2589.5,2592.5,2586.0,2586.0,6300,0.0,0.0
2024-08-14 09:45:00+09:00,2585.5,2585.5,2580.0,2581.5,6600,0.0,0.0
2024-08-14 09:50:00+09:00,2581.0,2584.0,2578.0,2578.5,6500,0.0,0.0
2024-08-14 09:55:00+09:00,2578.0,2587.5,2578.0,2584.5,7600,0.0,0.0
2024-08-14 10:00:00+09:00,2583.5,2586.5,2582.5,2586.5,3500,0.0,0.0
2024-08-14 10:05:00+09:00,2587.0,2592.5,2586.5,2586.5,7600,0.0,0.0
2024-08-14 10:10:00+09:00,2587.5,2588.0,2580.0,2582.0,5900,0.0,0.0
2024-08-14 10:15:00+09:00,2581.0,2582.0,2576.0,2579.0,5200,0.0,0.0
2024-08-14 10:20:00+09:00,2579.0,2580.0,2573.0,2579.0,3600,0.0,0.0
2024-08-14 10:25:00+09:00,2579.5,2579.5,2575.5,2578.0,4800,0.0,0.0
2024-08-14 10:30:00+09:00,2578.0,2583.5,2576.5,2583.5,4500,0.0,0.0
2024-08-14 10:35:00+09:00,2584.5,2590.5,2584.5,2588.0,4900,0.0,0.0
2024-08-14 10:40:00+09:00,2589.0,2590.5,2588.0,2590.5,3600,0.0,0.0
2024-08-14 10:45:00+09:00,2590.0,2590.0,2583.0,2585.0,4100,0.0,0.0
2024-08-14 10:50:00+09:00,2585.5,2587.5,2582.5,2586.0,4500,0.0,0.0
2024-08-14 10:55:00+09:00,2585.0,2590.5,2585.0,2590.0,12800,0.0,0.0
2024-08-14 11:00:00+09:00,2589.0,2589.5,2580.0,2582.0,7500,0.0,0.0
2024-08-14 11:05:00+09:00,2582.5,2583.0,2571.0,2576.5,7300,0.0,0.0
2024-08-14 11:10:00+09:00,2580.5,2581.0,2562.0,2565.5,7500,0.0,0.0
2024-08-14 11:15:00+09:00,2565.5,2573.0,2560.0,2565.5,7000,0.0,0.0
2024-08-14 11:20:00+09:00,2567.5,2571.5,2566.5,2566.5,4500,0.0,0.0
2024-08-14 11:25:00+09:00,2564.5,2566.0,2559.0,2561.5,5000,0.0,0.0
2024-08-14 11:30:00+09:00,2562.0,2562.0,2562.0,2562.0,600,0.0,0.0
2024-08-14 11:35:00+09:00,2562.0,2562.0,2562.0,2562.0,0,0.0,0.0
2024-08-14 12:30:00+09:00,2558.0,2570.5,2558.0,2568.5,222400,0.0,0.0
2024-08-14 12:35:00+09:00,2568.0,2572.0,2563.0,2571.5,5500,0.0,0.0
2024-08-14 12:40:00+09:00,2573.0,2573.0,2568.5,2568.5,4700,0.0,0.0
2024-08-14 12:45:00+09:00,2570.0,2571.5,2567.5,2568.5,3400,0.0,0.0
2024-08-14 12:50:00+09:00,2567.5,2567.5,2562.5,2565.0,4100,0.0,0.0
2024-08-14 12:55:00+09:00,2565.0,2565.5,2557.5,2557.5,3300,0.0,0.0
2024-08-14 13:00:00+09:00,2558.5,2559.5,2556.5,2557.5,5000,0.0,0.0
2024-08-14 13:05:00+09:00,2559.0,2560.0,2554.5,2555.5,4300,0.0,0.0
2024-08-14 13:10:00+09:00,2555.0,2556.5,2552.5,2554.5,3400,0.0,0.0
2024-08-14 13:15:00+09:00,2555.0,2555.5,2550.0,2550.5,3200,0.0,0.0
2024-08-14 13:20:00+09:00,2549.5,2549.5,2544.5,2549.0,6000,0.0,0.0
2024-08-14 13:25:00+09:00,2550.0,2553.5,2549.0,2553.5,3800,0.0,0.0
2024-08-14 13:30:00+09:00,2555.5,2555.5,2551.5,2555.0,2900,0.0,0.0
2024-08-14 13:35:00+09:00,2555.0,2555.0,2552.5,2553.0,2900,0.0,0.0
2024-08-14 13:40:00+09:00,2553.0,2553.5,2552.0,2552.0,3200,0.0,0.0
2024-08-14 13:45:00+09:00,2551.0,2554.0,2550.0,2554.0,7800,0.0,0.0
2024-08-14 13:50:00+09:00,2555.0,2555.0,2551.0,2553.0,4500,0.0,0.0
2024-08-14 13:55:00+09:00,2552.0,2555.0,2549.0,2554.5,2800,0.0,0.0
2024-08-14 14:00:00+09:00,2554.5,2554.5,2552.5,2552.5,3800,0.0,0.0
2024-08-14 14:05:00+09:00,2551.5,2551.5,2549.0,2549.5,3700,0.0,0.0
2024-08-14 14:10:00+09:00,2549.5,2551.0,2548.0,2549.0,5800,0.0,0.0
2024-08-14 14:15:00+09:00,2549.5,2552.0,2549.0,2552.0,4600,0.0,0.0
2024-08-14 14:20:00+09:00,2551.5,2553.0,2550.0,2551.0,3200,0.0,0.0
2024-08-14 14:25:00+09:00,2551.5,2552.5,2549.0,2552.0,3900,0.0,0.0
2024-08-14 14:30:00+09:00,2552.0,2553.0,2550.0,2551.5,8300,0.0,0.0
2024-08-14 14:35:00+09:00,2551.5,2556.0,2551.0,2556.0,6600,0.0,0.0
2024-08-14 14:40:00+09:00,2558.0,2560.0,2556.5,2559.0,6800,0.0,0.0
2024-08-14 14:45:00+09:00,2560.0,2563.0,2559.0,2559.0,6300,0.0,0.0
2024-08-14 14:50:00+09:00,2557.0,2557.5,2552.5,2553.5,12200,0.0,0.0
2024-08-14 14:55:00+09:00,2553.5,2558.5,2549.5,2558.5,15800,0.0,0.0
2024-08-15 09:00:00+09:00,2560.0,2575.0,2560.0,2566.0,15300,0.0,0.0
2024-08-15 09:05:00+09:00,2566.5,2574.0,2563.0,2572.0,5500,0.0,0.0
2024-08-15 09:10:00+09:00,2572.0,2572.0,2565.5,2570.5,2600,0.0,0.0
2024-08-15 09:15:00+09:00,2572.0,2576.5,2571.5,2574.0,2100,0.0,0.0
2024-08-15 09:20:00+09:00,2573.0,2578.0,2571.5,2577.0,2200,0.0,0.0
2024-08-15 09:25:00+09:00,2576.5,2576.5,2573.5,2574.0,2000,0.0,0.0
2024-08-15 09:30:00+09:00,2572.5,2575.5,2571.5,2572.0,1800,0.0,0.0
2024-08-15 09:35:00+09:00,2573.0,2574.5,2571.5,2574.5,2500,0.0,0.0
2024-08-15 09:40:00+09:00,2573.5,2578.5,2573.0,2575.0,8600,0.0,0.0
2024-08-15 09:45:00+09:00,2576.5,2576.5,2566.0,2567.0,6500,0.0,0.0
2024-08-15 09:50:00+09:00,2567.0,2574.5,2567.0,2572.5,3900,0.0,0.0
2024-08-15 09:55:00+09:00,2573.5,2576.0,2573.5,2575.0,2700,0.0,0.0
2024-08-15 10:00:00+09:00,2574.5,2574.5,2564.5,2569.0,11500,0.0,0.0
2024-08-15 10:05:00+09:00,2569.5,2575.0,2569.5,2571.5,4300,0.0,0.0
2024-08-15 10:10:00+09:00,2571.5,2571.5,2569.0,2569.0,1300,0.0,0.0
2024-08-15 10:15:00+09:00,2568.0,2574.0,2568.0,2572.5,3600,0.0,0.0
2024-08-15 10:20:00+09:00,2572.5,2572.5,2568.0,2570.0,1900,0.0,0.0
2024-08-15 10:25:00+09:00,2570.0,2571.5,2568.0,2570.5,4800,0.0,0.0
2024-08-15 10:30:00+09:00,2572.5,2573.5,2571.5,2571.5,2300,0.0,0.0
2024-08-15 10:35:00+09:00,2572.5,2581.0,2572.5,2574.0,6300,0.0,0.0
2024-08-15 10:40:00+09:00,2575.0,2580.0,2575.0,2578.5,1700,0.0,0.0
2024-08-15 10:45:00+09:00,2579.0,2585.5,2579.0,2584.0,2600,0.0,0.0
2024-08-15 10:50:00+09:00,2585.0,2585.0,2580.5,2584.0,3000,0.0,0.0
2024-08-15 10:55:00+09:00,2583.5,2585.0,2583.5,2583.5,2200,0.0,0.0
2024-08-15 11:00:00+09:00,2583.0,2586.5,2581.5,2586.5,2800,0.0,0.0
2024-08-15 11:05:00+09:00,2587.0,2587.0,2586.0,2586.0,1300,0.0,0.0
2024-08-15 11:10:00+09:00,2588.5,2588.5,2586.5,2587.0,3600,0.0,0.0
2024-08-15 11:15:00+09:00,2586.0,2586.0,2582.5,2582.5,1000,0.0,0.0
2024-08-15 11:20:00+09:00,2582.5,2587.0,2581.0,2583.5,16400,0.0,0.0
2024-08-15 11:25:00+09:00,2584.0,2588.5,2584.0,2587.0,1900,0.0,0.0
2024-08-15 11:30:00+09:00,2588.5,2588.5,2588.5,2588.5,600,0.0,0.0
2024-08-15 11:35:00+09:00,2588.5,2588.5,2588.5,2588.5,0,0.0,0.0
2024-08-15 12:30:00+09:00,2593.5,2598.0,2590.5,2594.0,147400,0.0,0.0
2024-08-15 12:35:00+09:00,2594.0,2598.5,2594.0,2597.0,2900,0.0,0.0
2024-08-15 12:40:00+09:00,2596.5,2597.0,2593.0,2593.0,2800,0.0,0.0
2024-08-15 12:45:00+09:00,2593.0,2593.5,2591.0,2592.0,4000,0.0,0.0
2024-08-15 12:50:00+09:00,2591.5,2591.5,2587.0,2587.0,3300,0.0,0.0
2024-08-15 12:55:00+09:00,2587.5,2592.5,2587.5,2590.5,4300,0.0,0.0
2024-08-15 13:00:00+09:00,2592.0,2595.5,2592.0,2594.5,3600,0.0,0.0
2024-08-15 13:05:00+09:00,2594.0,2596.5,2592.5,2593.0,4600,0.0,0.0
2024-08-15 13:10:00+09:00,2592.5,2594.0,2592.0,2592.0,3400,0.0,0.0
2024-08-15 13:15:00+09:00,2591.5,2592.5,2589.0,2592.5,5400,0.0,0.0
2024-08-15 13:20:00+09:00,2593.5,2594.5,2591.0,2592.0,4400,0.0,0.0
2024-08-15 13:25:00+09:00,2592.0,2594.0,2592.0,2593.0,3500,0.0,0.0
2024-08-15 13:30:00+09:00,2592.5,2595.0,2591.0,2595.0,9400,0.0,0.0
2024-08-15 13:35:00+09:00,2595.0,2596.0,2592.0,2592.0,7100,0.0,0.0
2024-08-15 13:40:00+09:00,2591.5,2591.5,2589.0,2589.5,2100,0.0,0.0
2024-08-15 13:45:00+09:00,2589.5,2594.5,2589.5,2594.5,3200,0.0,0.0
2024-08-15 13:50:00+09:00,2594.5,2595.0,2591.0,2592.0,6100,0.0,0.0
2024-08-15 13:55:00+09:00,2593.0,2598.0,2592.0,2598.0,8700,0.0,0.0
2024-08-15 14:00:00+09:00,2598.5,2599.0,2594.0,2594.0,6800,0.0,0.0
2024-08-15 14:05:00+09:00,2593.5,2594.0,2589.5,2594.0,4800,0.0,0.0
2024-08-15 14:10:00+09:00,2594.0,2594.5,2588.5,2588.5,9000,0.0,0.0
2024-08-15 14:15:00+09:00,2588.0,2589.0,2586.5,2588.5,9500,0.0,0.0
2024-08-15 14:20:00+09:00,2587.5,2588.5,2586.0,2586.5,6600,0.0,0.0
2024-08-15 14:25:00+09:00,2586.0,2590.0,2586.0,2589.5,10600,0.0,0.0
2024-08-15 14:30:00+09:00,2589.5,2595.0,2589.5,2595.0,10500,0.0,0.0
2024-08-15 14:35:00+09:00,2595.5,2600.0,2595.5,2600.0,11700,0.0,0.0
2024-08-15 14:40:00+09:00,2600.5,2602.0,2597.0,2597.0,6900,0.0,0.0
2024-08-15 14:45:00+09:00,2597.0,2599.0,2596.5,2596.5,10900,0.0,0.0
2024-08-15 14:50:00+09:00,2596.0,2597.0,2592.5,2595.5,12900,0.0,0.0
2024-08-15 14:55:00+09:00,2595.5,2613.5,2593.5,2613.5,40400,0.0,0.0
2024-08-16 09:00:00+09:00,2645.0,2645.0,2621.0,2625.0,26200,0.0,0.0
2024-08-16 09:05:00+09:00,2626.5,2629.0,2621.0,2625.0,8400,0.0,0.0
2024-08-16 09:10:00+09:00,2623.5,2624.0,2619.0,2620.5,4700,0.0,0.0
2024-08-16 09:15:00+09:00,2618.5,2623.5,2616.5,2622.5,3600,0.0,0.0
2024-08-16 09:20:00+09:00,2621.5,2627.5,2621.5,2624.0,4800,0.0,0.0
2024-08-16 09:25:00+09:00,2624.5,2630.0,2624.5,2629.0,5200,0.0,0.0
2024-08-16 09:30:00+09:00,2626.5,2628.5,2622.5,2622.5,13800,0.0,0.0
2024-08-16 09:35:00+09:00,2620.0,2622.5,2611.0,2611.0,9900,0.0,0.0
2024-08-16 09:40:00+09:00,2612.0,2612.5,2605.5,2608.0,6700,0.0,0.0
2024-08-16 09:45:00+09:00,2608.0,2608.0,2601.0,2604.0,3700,0.0,0.0
2024-08-16 09:50:00+09:00,2604.5,2610.5,2604.5,2608.0,4600,0.0,0.0
2024-08-16 09:55:00+09:00,2609.0,2611.0,2607.0,2608.5,1900,0.0,0.0
2024-08-16 10:00:00+09:00,2608.5,2612.5,2608.5,2612.0,2300,0.0,0.0
2024-08-16 10:05:00+09:00,2612.5,2616.5,2612.0,2612.0,1900,0.0,0.0
2024-08-16 10:10:00+09:00,2613.5,2614.5,2608.5,2609.5,3000,0.0,0.0
2024-08-16 10:15:00+09:00,2610.0,2614.0,2610.0,2612.5,4200,0.0,0.0
2024-08-16 10:20:00+09:00,2613.0,2613.0,2611.5,2613.0,900,0.0,0.0
2024-08-16 10:25:00+09:00,2612.0,2612.5,2609.0,2611.0,2600,0.0,0.0
2024-08-16 10:30:00+09:00,2611.0,2614.5,2610.5,2614.5,2500,0.0,0.0
2024-08-16 10:35:00+09:00,2613.5,2620.5,2613.5,2618.5,3600,0.0,0.0
2024-08-16 10:40:00+09:00,2619.5,2620.5,2618.5,2620.5,1800,0.0,0.0
2024-08-16 10:45:00+09:00,2620.0,2621.0,2617.5,2617.5,1200,0.0,0.0
2024-08-16 10:50:00+09:00,2617.5,2617.5,2617.5,2617.5,2200,0.0,0.0
2024-08-16 10:55:00+09:00,2617.5,2617.5,2615.0,2615.0,2500,0.0,0.0
2024-08-16 11:00:00+09:00,2615.5,2618.5,2615.5,2617.0,2500,0.0,0.0
2024-08-16 11:05:00+09:00,2618.0,2622.5,2618.0,2622.0,2900,0.0,0.0
2024-08-16 11:10:00+09:00,2621.0,2622.5,2619.5,2622.5,5100,0.0,0.0
2024-08-16 11:15:00+09:00,2623.0,2624.5,2623.0,2624.0,2200,0.0,0.0
2024-08-16 11:20:00+09:00,2624.0,2624.5,2620.5,2620.5,1700,0.0,0.0
2024-08-16 11:25:00+09:00,2621.0,2621.0,2618.0,2618.0,1000,0.0,0.0
2024-08-16 11:30:00+09:00,2618.0,2618.0,2618.0,2618.0,1100,0.0,0.0
2024-08-16 11:35:00+09:00,2618.0,2618.0,2618.0,2618.0,0,0.0,0.0
2024-08-16 12:30:00+09:00,2624.0,2624.5,2618.5,2620.5,152300,0.0,0.0
2024-08-16 12:35:00+09:00,2618.5,2618.5,2614.0,2615.5,5500,0.0,0.0
2024-08-16 12:40:00+09:00,2615.5,2617.0,2612.0,2614.0,6500,0.0,0.0
2024-08-16 12:45:00+09:00,2614.5,2620.0,2614.5,2619.5,5500,0.0,0.0
2024-08-16 12:50:00+09:00,2619.0,2620.0,2619.0,2619.0,2300,0.0,0.0
2024-08-16 12:55:00+09:00,2618.5,2618.5,2615.0,2615.5,3800,0.0,0.0
2024-08-16 13:00:00+09:00,2615.5,2619.0,2615.5,2618.5,3100,0.0,0.0
2024-08-16 13:05:00+09:00,2618.0,2618.5,2617.5,2617.5,2700,0.0,0.0
2024-08-16 13:10:00+09:00,2617.5,2618.0,2616.0,2616.0,3800,0.0,0.0
2024-08-16 13:15:00+09:00,2617.0,2618.5,2615.0,2617.0,2900,0.0,0.0
2024-08-16 13:20:00+09:00,2617.0,2620.0,2617.0,2619.0,3500,0.0,0.0
2024-08-16 13:25:00+09:00,2619.0,2619.0,2615.5,2616.5,3700,0.0,0.0
2024-08-16 13:30:00+09:00,2615.5,2616.5,2612.0,2614.0,5400,0.0,0.0
2024-08-16 13:35:00+09:00,2613.0,2613.0,2609.0,2609.0,5500,0.0,0.0
2024-08-16 13:40:00+09:00,2609.0,2615.0,2609.0,2615.0,4400,0.0,0.0
2024-08-16 13:45:00+09:00,2615.5,2616.5,2614.5,2616.5,2800,0.0,0.0
2024-08-16 13:50:00+09:00,2615.5,2619.0,2613.0,2619.0,3100,0.0,0.0
2024-08-16 13:55:00+09:00,2618.5,2618.5,2613.0,2613.0,2600,0.0,0.0
2024-08-16 14:00:00+09:00,2613.5,2617.0,2613.0,2616.0,4400,0.0,0.0
2024-08-16 14:05:00+09:00,2617.0,2617.5,2615.5,2615.5,4900,0.0,0.0
2024-08-16 14:10:00+09:00,2615.5,2620.5,2615.5,2620.0,2700,0.0,0.0
2024-08-16 14:15:00+09:00,2620.5,2624.0,2620.0,2622.0,4200,0.0,0.0
2024-08-16 14:20:00+09:00,2622.5,2622.5,2621.0,2621.5,1500,0.0,0.0
2024-08-16 14:25:00+09:00,2621.0,2621.5,2619.0,2620.5,5000,0.0,0.0
2024-08-16 14:30:00+09:00,2620.0,2624.5,2620.0,2624.5,7200,0.0,0.0
2024-08-16 14:35:00+09:00,2624.0,2624.5,2622.0,2624.0,6000,0.0,0.0
2024-08-16 14:40:00+09:00,2624.5,2627.0,2624.5,2626.0,9500,0.0,0.0
2024-08-16 14:45:00+09:00,2626.5,2629.0,2624.0,2628.0,8700,0.0,0.0
2024-08-16 14:50:00+09:00,2627.5,2630.0,2627.5,2629.0,11300,0.0,0.0
2024-08-16 14:55:00+09:00,2629.5,2635.5,2629.0,2630.0,15600,0.0,0.0
2024-08-19 09:00:00+09:00,2648.0,2649.0,2633.0,2638.0,23700,0.0,0.0
2024-08-19 09:05:00+09:00,2639.0,2647.0,2639.0,2643.0,3900,0.0,0.0
2024-08-19 09:10:00+09:00,2643.5,2651.5,2643.5,2648.5,6700,0.0,0.0
2024-08-19 09:15:00+09:00,2648.5,2654.5,2648.5,2652.0,5000,0.0,0.0
2024-08-19 09:20:00+09:00,2653.5,2658.5,2653.5,2657.0,4200,0.0,0.0
2024-08-19 09:25:00+09:00,2657.5,2666.5,2657.5,2666.5,4900,0.0,0.0
2024-08-19 09:30:00+09:00,2668.0,2669.5,2664.0,2669.5,3800,0.0,0.0
2024-08-19 09:35:00+09:00,2668.5,2668.5,2662.0,2662.0,2700,0.0,0.0
2024-08-19 09:40:00+09:00,2662.0,2665.0,2657.0,2660.0,13600,0.0,0.0
2024-08-19 09:45:00+09:00,2659.0,2664.5,2659.0,2661.0,2400,0.0,0.0
2024-08-19 09:50:00+09:00,2662.0,2663.5,2658.5,2658.5,2100,0.0,0.0
2024-08-19 09:55:00+09:00,2659.5,2662.0,2658.5,2660.0,2300,0.0,0.0
2024-08-19 10:00:00+09:00,2661.5,2662.5,2657.0,2662.5,4300,0.0,0.0
2024-08-19 10:05:00+09:00,2662.0,2667.5,2661.5,2665.0,3800,0.0,0.0
2024-08-19 10:10:00+09:00,2666.5,2668.5,2664.0,2666.0,5100,0.0,0.0
2024-08-19 10:15:00+09:00,2666.0,2666.0,2662.0,2662.5,2200,0.0,0.0
2024-08-19 10:20:00+09:00,2665.0,2666.0,2664.0,2664.5,1600,0.0,0.0
2024-08-19 10:25:00+09:00,2664.0,2666.0,2663.5,2666.0,2300,0.0,0.0
2024-08-19 10:30:00+09:00,2666.5,2667.0,2664.0,2665.0,2600,0.0,0.0
2024-08-19 10:35:00+09:00,2664.5,2664.5,2657.5,2657.5,3400,0.0,0.0
2024-08-19 10:40:00+09:00,2658.0,2661.5,2656.0,2659.0,5600,0.0,0.0
2024-08-19 10:45:00+09:00,2659.5,2659.5,2653.5,2657.0,3600,0.0,0.0
2024-08-19 10:50:00+09:00,2657.0,2664.5,2654.5,2661.5,3400,0.0,0.0
2024-08-19 10:55:00+09:00,2661.0,2661.5,2658.0,2658.5,13300,0.0,0.0
2024-08-19 11:00:00+09:00,2659.5,2663.5,2659.5,2663.0,3500,0.0,0.0
2024-08-19 11:05:00+09:00,2663.5,2664.0,2662.5,2663.0,3100,0.0,0.0
2024-08-19 11:10:00+09:00,2663.0,2663.5,2661.0,2661.0,2100,0.0,0.0
2024-08-19 11:15:00+09:00,2660.0,2660.0,2658.0,2659.5,3200,0.0,0.0
2024-08-19 11:20:00+09:00,2661.0,2661.5,2661.0,2661.0,1700,0.0,0.0
2024-08-19 11:25:00+09:00,2661.0,2662.5,2659.5,2662.5,2400,0.0,0.0
2024-08-19 11:30:00+09:00,2662.5,2662.5,2662.5,2662.5,700,0.0,0.0
2024-08-19 11:35:00+09:00,2662.5,2662.5,2662.5,2662.5,0,0.0,0.0
2024-08-19 12:30:00+09:00,2653.0,2658.0,2651.0,2655.0,152800,0.0,0.0
2024-08-19 12:35:00+09:00,2649.0,2650.5,2645.0,2645.0,8400,0.0,0.0
2024-08-19 12:40:00+09:00,2643.5,2644.0,2638.5,2639.5,5000,0.0,0.0
2024-08-19 12:45:00+09:00,2639.0,2644.5,2635.5,2639.5,8400,0.0,0.0
2024-08-19 12:50:00+09:00,2638.0,2642.5,2637.0,2639.0,3800,0.0,0.0
2024-08-19 12:55:00+09:00,2639.0,2639.5,2636.5,2639.5,4100,0.0,0.0
2024-08-19 13:00:00+09:00,2640.0,2642.0,2639.0,2640.0,3700,0.0,0.0
2024-08-19 13:05:00+09:00,2641.0,2642.0,2638.0,2639.0,3500,0.0,0.0
2024-08-19 13:10:00+09:00,2640.0,2648.5,2639.0,2648.5,5700,0.0,0.0
2024-08-19 13:15:00+09:00,2650.0,2650.5,2648.0,2650.0,3500,0.0,0.0
2024-08-19 13:20:00+09:00,2650.0,2650.0,2648.0,2648.5,3700,0.0,0.0
2024-08-19 13:25:00+09:00,2648.0,2651.0,2647.0,2649.0,3900,0.0,0.0
2024-08-19 13:30:00+09:00,2648.5,2648.5,2638.0,2639.0,16200,0.0,0.0
2024-08-19 13:35:00+09:00,2639.0,2639.5,2631.5,2632.5,6100,0.0,0.0
2024-08-19 13:40:00+09:00,2633.0,2633.5,2621.5,2621.5,6500,0.0,0.0
2024-08-19 13:45:00+09:00,2623.5,2624.0,2621.5,2624.0,4300,0.0,0.0
2024-08-19 13:50:00+09:00,2623.5,2624.0,2621.5,2623.5,3200,0.0,0.0
2024-08-19 13:55:00+09:00,2624.0,2624.5,2620.0,2622.0,7000,0.0,0.0
2024-08-19 14:00:00+09:00,2623.5,2629.5,2623.5,2628.0,3800,0.0,0.0
2024-08-19 14:05:00+09:00,2627.5,2631.5,2627.0,2631.5,4300,0.0,0.0
2024-08-19 14:10:00+09:00,2631.5,2638.0,2630.5,2638.0,5900,0.0,0.0
2024-08-19 14:15:00+09:00,2638.5,2640.5,2635.5,2637.5,7200,0.0,0.0
2024-08-19 14:20:00+09:00,2638.5,2638.5,2630.0,2631.5,6000,0.0,0.0
2024-08-19 14:25:00+09:00,2632.5,2633.0,2624.5,2629.0,10000,0.0,0.0
2024-08-19 14:30:00+09:00,2629.0,2632.5,2623.0,2623.0,7900,0.0,0.0
2024-08-19 14:35:00+09:00,2622.0,2627.0,2622.0,2626.5,7500,0.0,0.0
2024-08-19 14:40:00+09:00,2628.5,2633.0,2626.5,2631.0,12200,0.0,0.0
2024-08-19 14:45:00+09:00,2628.5,2632.5,2626.5,2630.5,8900,0.0,0.0
2024-08-19 14:50:00+09:00,2630.0,2631.0,2624.5,2624.5,9900,0.0,0.0
2024-08-19 14:55:00+09:00,2624.0,2625.5,2615.5,2615.5,19400,0.0,0.0
2024-08-20 09:00:00+09:00,2658.0,2668.5,2651.0,2656.5,25700,0.0,0.0
2024-08-20 09:05:00+09:00,2656.5,2669.5,2656.0,2666.5,19200,0.0,0.0
2024-08-20 09:10:00+09:00,2665.5,2668.5,2663.0,2668.0,6000,0.0,0.0
2024-08-20 09:15:00+09:00,2668.5,2669.5,2663.5,2665.0,11700,0.0,0.0
2024-08-20 09:20:00+09:00,2666.0,2669.0,2663.5,2666.5,5900,0.0,0.0
2024-08-20 09:25:00+09:00,2667.0,2668.0,2664.0,2666.5,5800,0.0,0.0
2024-08-20 09:30:00+09:00,2666.5,2666.5,2656.0,2658.0,7900,0.0,0.0
2024-08-20 09:35:00+09:00,2658.5,2663.5,2656.5,2656.5,6900,0.0,0.0
2024-08-20 09:40:00+09:00,2657.5,2660.0,2653.5,2656.0,3900,0.0,0.0
2024-08-20 09:45:00+09:00,2654.0,2656.5,2652.5,2656.5,2900,0.0,0.0
2024-08-20 09:50:00+09:00,2656.5,2658.5,2655.0,2658.5,4800,0.0,0.0
2024-08-20 09:55:00+09:00,2657.5,2658.5,2655.0,2657.5,3900,0.0,0.0
2024-08-20 10:00:00+09:00,2658.0,2658.0,2652.0,2652.5,3200,0.0,0.0
2024-08-20 10:05:00+09:00,2653.0,2653.0,2646.5,2648.5,4600,0.0,0.0
2024-08-20 10:10:00+09:00,2649.5,2653.5,2648.0,2652.5,4700,0.0,0.0
2024-08-20 10:15:00+09:00,2653.5,2660.5,2653.0,2660.0,2800,0.0,0.0
2024-08-20 10:20:00+09:00,2661.5,2662.5,2656.5,2660.5,5600,0.0,0.0
2024-08-20 10:25:00+09:00,2661.0,2663.0,2656.5,2658.0,3700,0.0,0.0
2024-08-20 10:30:00+09:00,2658.0,2660.0,2654.0,2658.5,5400,0.0,0.0
2024-08-20 10:35:00+09:00,2659.0,2665.0,2658.0,2665.0,4700,0.0,0.0
2024-08-20 10:40:00+09:00,2664.0,2667.5,2664.0,2665.0,2500,0.0,0.0
2024-08-20 10:45:00+09:00,2666.5,2667.0,2661.5,2662.5,4800,0.0,0.0
2024-08-20 10:50:00+09:00,2663.0,2665.5,2663.0,2663.5,2300,0.0,0.0
2024-08-20 10:55:00+09:00,2663.0,2663.0,2661.0,2662.5,3600,0.0,0.0
2024-08-20 11:00:00+09:00,2662.5,2664.0,2662.5,2663.0,2700,0.0,0.0
2024-08-20 11:05:00+09:00,2664.0,2669.0,2663.5,2669.0,5600,0.0,0.0
2024-08-20 11:10:00+09:00,2669.0,2669.0,2663.5,2663.5,4600,0.0,0.0
2024-08-20 11:15:00+09:00,2662.5,2664.0,2660.0,2660.0,2200,0.0,0.0
2024-08-20 11:20:00+09:00,2660.5,2666.5,2660.0,2666.5,4100,0.0,0.0
2024-08-20 11:25:00+09:00,2666.0,2668.0,2665.5,2668.0,3100,0.0,0.0
2024-08-20 11:30:00+09:00,2668.0,2668.0,2668.0,2668.0,400,0.0,0.0
2024-08-20 11:35:00+09:00,2668.0,2668.0,2668.0,2668.0,0,0.0,0.0
2024-08-20 12:30:00+09:00,2675.0,2679.5,2670.5,2678.0,198600,0.0,0.0
2024-08-20 12:35:00+09:00,2679.5,2680.0,2670.0,2671.0,10100,0.0,0.0
2024-08-20 12:40:00+09:00,2673.0,2675.5,2673.0,2674.5,2300,0.0,0.0
2024-08-20 12:45:00+09:00,2674.5,2678.5,2673.5,2677.0,8000,0.0,0.0
2024-08-20 12:50:00+09:00,2676.0,2676.0,2673.5,2676.0,8700,0.0,0.0
2024-08-20 12:55:00+09:00,2676.0,2677.0,2673.0,2674.5,6700,0.0,0.0
2024-08-20 13:00:00+09:00,2674.5,2677.0,2672.0,2672.0,6400,0.0,0.0
2024-08-20 13:05:00+09:00,2672.5,2674.5,2671.5,2673.5,3700,0.0,0.0
2024-08-20 13:10:00+09:00,2672.5,2676.5,2672.5,2676.5,4700,0.0,0.0
2024-08-20 13:15:00+09:00,2676.5,2679.0,2675.0,2675.0,4200,0.0,0.0
2024-08-20 13:20:00+09:00,2676.0,2677.0,2673.5,2673.5,2800,0.0,0.0
2024-08-20 13:25:00+09:00,2674.0,2677.5,2674.0,2676.5,4500,0.0,0.0
2024-08-20 13:30:00+09:00,2674.5,2675.5,2673.0,2673.0,5700,0.0,0.0
2024-08-20 13:35:00+09:00,2672.5,2673.5,2668.0,2670.5,4300,0.0,0.0
2024-08-20 13:40:00+09:00,2670.5,2672.0,2667.0,2672.0,7800,0.0,0.0
2024-08-20 13:45:00+09:00,2672.5,2672.5,2669.0,2672.0,3400,0.0,0.0
2024-08-20 13:50:00+09:00,2671.5,2674.5,2671.5,2672.5,4100,0.0,0.0
2024-08-20 13:55:00+09:00,2673.0,2673.0,2672.0,2673.0,2700,0.0,0.0
2024-08-20 14:00:00+09:00,2673.5,2676.0,2673.5,2674.5,3100,0.0,0.0
2024-08-20 14:05:00+09:00,2674.0,2676.0,2673.5,2675.0,3800,0.0,0.0
2024-08-20 14:10:00+09:00,2675.5,2677.5,2673.5,2677.5,5400,0.0,0.0
2024-08-20 14:15:00+09:00,2677.0,2677.5,2674.0,2677.5,6000,0.0,0.0
2024-08-20 14:20:00+09:00,2677.5,2679.5,2677.0,2679.0,2900,0.0,0.0
2024-08-20 14:25:00+09:00,2679.5,2682.5,2679.5,2681.0,9300,0.0,0.0
2024-08-20 14:30:00+09:00,2681.5,2696.5,2681.5,2694.5,45900,0.0,0.0
2024-08-20 14:35:00+09:00,2694.0,2719.5,2689.5,2719.5,77100,0.0,0.0
2024-08-20 14:40:00+09:00,2716.0,2742.5,2703.5,2724.5,123900,0.0,0.0
2024-08-20 14:45:00+09:00,2727.0,2730.0,2692.0,2704.0,85600,0.0,0.0
2024-08-20 14:50:00+09:00,2703.5,2704.0,2694.0,2703.0,25400,0.0,0.0
2024-08-20 14:55:00+09:00,2703.0,2703.0,2694.0,2694.0,46700,0.0,0.0
2024-08-21 09:00:00+09:00,2663.0,2680.0,2659.5,2680.0,46800,0.0,0.0
2024-08-21 09:05:00+09:00,2678.5,2692.0,2677.5,2688.5,17900,0.0,0.0
2024-08-21 09:10:00+09:00,2688.0,2697.0,2685.5,2697.0,8900,0.0,0.0
2024-08-21 09:15:00+09:00,2697.5,2719.5,2693.5,2716.5,19000,0.0,0.0
2024-08-21 09:20:00+09:00,2715.5,2722.0,2703.5,2707.5,26200,0.0,0.0
2024-08-21 09:25:00+09:00,2708.5,2725.0,2707.0,2717.0,19600,0.0,0.0
2024-08-21 09:30:00+09:00,2717.0,2721.0,2711.0,2711.0,16600,0.0,0.0
2024-08-21 09:35:00+09:00,2712.0,2719.0,2705.0,2717.0,16300,0.0,0.0
2024-08-21 09:40:00+09:00,2717.0,2722.0,2710.5,2714.0,10900,0.0,0.0
2024-08-21 09:45:00+09:00,2715.0,2719.5,2712.5,2715.5,18900,0.0,0.0
2024-08-21 09:50:00+09:00,2715.5,2720.0,2714.0,2719.0,9600,0.0,0.0
2024-08-21 09:55:00+09:00,2719.5,2720.0,2714.5,2716.5,7100,0.0,0.0
2024-08-21 10:00:00+09:00,2717.5,2719.5,2708.0,2708.0,14200,0.0,0.0
2024-08-21 10:05:00+09:00,2707.0,2710.0,2703.0,2708.5,9900,0.0,0.0
2024-08-21 10:10:00+09:00,2710.0,2711.0,2706.0,2709.0,6500,0.0,0.0
2024-08-21 10:15:00+09:00,2708.0,2710.0,2704.5,2704.5,12100,0.0,0.0
2024-08-21 10:20:00+09:00,2704.0,2704.0,2700.5,2701.0,5600,0.0,0.0
2024-08-21 10:25:00+09:00,2700.0,2703.0,2695.0,2701.0,9600,0.0,0.0
2024-08-21 10:30:00+09:00,2700.0,2700.0,2692.0,2692.0,6800,0.0,0.0
2024-08-21 10:35:00+09:00,2692.0,2692.0,2685.5,2688.5,10200,0.0,0.0
2024-08-21 10:40:00+09:00,2688.0,2688.0,2684.0,2684.0,6400,0.0,0.0
2024-08-21 10:45:00+09:00,2684.0,2686.5,2683.5,2685.5,3700,0.0,0.0
2024-08-21 10:50:00+09:00,2684.5,2686.0,2683.0,2684.0,4900,0.0,0.0
2024-08-21 10:55:00+09:00,2684.0,2687.5,2682.0,2687.5,6500,0.0,0.0
2024-08-21 11:00:00+09:00,2687.5,2688.5,2684.5,2686.0,6300,0.0,0.0
2024-08-21 11:05:00+09:00,2687.5,2689.0,2687.0,2689.0,4000,0.0,0.0
2024-08-21 11:10:00+09:00,2690.0,2691.5,2689.0,2689.0,4100,0.0,0.0
2024-08-21 11:15:00+09:00,2688.0,2689.0,2685.0,2687.5,3500,0.0,0.0
2024-08-21 11:20:00+09:00,2687.5,2690.5,2687.5,2689.5,2400,0.0,0.0
2024-08-21 11:25:00+09:00,2690.0,2695.0,2689.5,2692.0,4100,0.0,0.0
2024-08-21 11:30:00+09:00,2694.5,2694.5,2694.5,2694.5,600,0.0,0.0
2024-08-21 11:35:00+09:00,2694.5,2694.5,2694.5,2694.5,0,0.0,0.0
2024-08-21 12:30:00+09:00,2697.0,2699.0,2690.0,2699.0,358600,0.0,0.0
2024-08-21 12:35:00+09:00,2698.5,2700.0,2695.5,2697.5,12300,0.0,0.0
2024-08-21 12:40:00+09:00,2696.0,2702.0,2693.0,2697.5,4900,0.0,0.0
2024-08-21 12:45:00+09:00,2697.5,2699.0,2696.5,2697.0,3700,0.0,0.0
2024-08-21 12:50:00+09:00,2695.5,2697.0,2694.0,2695.5,3400,0.0,0.0
2024-08-21 12:55:00+09:00,2695.0,2700.5,2693.0,2700.5,5900,0.0,0.0
2024-08-21 13:00:00+09:00,2699.5,2702.0,2697.5,2701.5,6300,0.0,0.0
2024-08-21 13:05:00+09:00,2700.5,2701.0,2697.0,2697.5,2700,0.0,0.0
2024-08-21 13:10:00+09:00,2698.5,2700.5,2696.5,2700.5,5500,0.0,0.0
2024-08-21 13:15:00+09:00,2699.5,2703.5,2699.0,2703.0,4800,0.0,0.0
2024-08-21 13:20:00+09:00,2703.0,2703.0,2698.0,2698.0,14200,0.0,0.0
2024-08-21 13:25:00+09:00,2697.5,2697.5,2692.5,2695.0,4800,0.0,0.0
2024-08-21 13:30:00+09:00,2694.5,2695.0,2691.0,2692.5,4000,0.0,0.0
2024-08-21 13:35:00+09:00,2692.5,2694.5,2686.5,2686.5,4300,0.0,0.0
2024-08-21 13:40:00+09:00,2686.0,2688.5,2686.0,2688.0,4500,0.0,0.0
2024-08-21 13:45:00+09:00,2687.0,2688.5,2686.0,2687.5,4000,0.0,0.0
2024-08-21 13:50:00+09:00,2687.5,2688.5,2685.0,2688.0,5300,0.0,0.0
2024-08-21 13:55:00+09:00,2688.5,2689.5,2687.0,2689.5,4900,0.0,0.0
2024-08-21 14:00:00+09:00,2690.0,2703.0,2690.0,2703.0,8500,0.0,0.0
2024-08-21 14:05:00+09:00,2702.5,2703.0,2694.5,2696.5,5000,0.0,0.0
2024-08-21 14:10:00+09:00,2696.0,2696.0,2692.0,2694.0,5600,0.0,0.0
2024-08-21 14:15:00+09:00,2693.5,2693.5,2690.5,2690.5,5200,0.0,0.0
2024-08-21 14:20:00+09:00,2691.5,2693.5,2691.0,2691.5,4400,0.0,0.0
2024-08-21 14:25:00+09:00,2692.0,2700.5,2692.0,2700.5,7200,0.0,0.0
2024-08-21 14:30:00+09:00,2700.5,2701.0,2695.5,2696.0,7600,0.0,0.0
2024-08-21 14:35:00+09:00,2695.0,2695.0,2691.0,2691.5,6000,0.0,0.0
2024-08-21 14:40:00+09:00,2690.0,2690.5,2687.0,2689.0,8000,0.0,0.0
2024-08-21 14:45:00+09:00,2690.0,2693.0,2690.0,2690.5,7700,0.0,0.0
2024-08-21 14:50:00+09:00,2690.5,2694.0,2689.0,2694.0,8900,0.0,0.0
2024-08-21 14:55:00+09:00,2694.0,2697.5,2687.0,2697.5,15000,0.0,0.0
2024-08-22 09:00:00+09:00,2703.5,2705.5,2692.0,2699.0,24500,0.0,0.0
2024-08-22 09:05:00+09:00,2700.0,2700.0,2692.0,2698.0,3400,0.0,0.0
2024-08-22 09:10:00+09:00,2702.0,2702.0,2697.0,2701.0,2900,0.0,0.0
2024-08-22 09:15:00+09:00,2701.0,2701.0,2691.5,2691.5,4100,0.0,0.0
2024-08-22 09:20:00+09:00,2693.5,2700.0,2691.0,2697.5,7500,0.0,0.0
2024-08-22 09:25:00+09:00,2699.5,2700.0,2688.0,2692.5,5800,0.0,0.0
2024-08-22 09:30:00+09:00,2693.0,2695.0,2692.0,2694.0,2100,0.0,0.0
2024-08-22 09:35:00+09:00,2694.0,2697.5,2693.5,2693.5,2300,0.0,0.0
2024-08-22 09:40:00+09:00,2693.5,2695.5,2691.5,2691.5,4300,0.0,0.0
2024-08-22 09:45:00+09:00,2691.5,2694.0,2689.0,2690.5,3500,0.0,0.0
2024-08-22 09:50:00+09:00,2689.5,2689.5,2685.5,2685.5,3400,0.0,0.0
2024-08-22 09:55:00+09:00,2686.0,2687.0,2682.5,2682.5,2300,0.0,0.0
2024-08-22 10:00:00+09:00,2682.5,2689.0,2682.5,2688.0,3500,0.0,0.0
2024-08-22 10:05:00+09:00,2687.5,2687.5,2686.0,2686.0,2400,0.0,0.0
2024-08-22 10:10:00+09:00,2687.0,2688.0,2686.0,2687.0,2000,0.0,0.0
2024-08-22 10:15:00+09:00,2688.0,2690.5,2686.0,2690.5,2800,0.0,0.0
2024-08-22 10:20:00+09:00,2690.5,2690.5,2685.0,2685.0,1400,0.0,0.0
2024-08-22 10:25:00+09:00,2685.5,2688.0,2685.0,2687.0,1900,0.0,0.0
2024-08-22 10:30:00+09:00,2687.0,2690.5,2687.0,2689.5,2200,0.0,0.0
2024-08-22 10:35:00+09:00,2689.0,2690.5,2688.0,2688.0,1600,0.0,0.0
2024-08-22 10:40:00+09:00,2688.5,2692.0,2687.5,2690.0,1900,0.0,0.0
2024-08-22 10:45:00+09:00,2691.0,2691.0,2685.0,2687.0,2500,0.0,0.0
2024-08-22 10:50:00+09:00,2687.5,2687.5,2683.0,2686.0,4400,0.0,0.0
2024-08-22 10:55:00+09:00,2686.0,2691.5,2686.0,2691.5,2800,0.0,0.0
2024-08-22 11:00:00+09:00,2691.5,2692.5,2686.5,2687.0,6900,0.0,0.0
2024-08-22 11:05:00+09:00,2687.5,2688.5,2685.5,2688.5,3100,0.0,0.0
2024-08-22 11:10:00+09:00,2686.0,2686.5,2685.0,2685.0,3300,0.0,0.0
2024-08-22 11:15:00+09:00,2685.0,2687.0,2684.5,2684.5,2400,0.0,0.0
2024-08-22 11:20:00+09:00,2685.0,2686.0,2684.0,2685.0,1800,0.0,0.0
2024-08-22 11:25:00+09:00,2686.5,2687.5,2686.0,2686.0,1800,0.0,0.0
2024-08-22 11:30:00+09:00,2687.5,2687.5,2687.5,2687.5,300,0.0,0.0
2024-08-22 11:35:00+09:00,2687.5,2687.5,2687.5,2687.5,0,0.0,0.0
2024-08-22 12:30:00+09:00,2680.0,2684.5,2676.5,2680.5,127900,0.0,0.0
2024-08-22 12:35:00+09:00,2678.5,2680.5,2678.0,2680.5,3200,0.0,0.0
2024-08-22 12:40:00+09:00,2680.5,2685.0,2680.5,2684.5,2800,0.0,0.0
2024-08-22 12:45:00+09:00,2683.5,2683.5,2678.5,2680.0,3300,0.0,0.0
2024-08-22 12:50:00+09:00,2681.0,2681.0,2679.5,2679.5,900,0.0,0.0
2024-08-22 12:55:00+09:00,2679.5,2681.0,2678.5,2681.0,3400,0.0,0.0
2024-08-22 13:00:00+09:00,2681.5,2685.0,2681.5,2681.5,2700,0.0,0.0
2024-08-22 13:05:00+09:00,2681.5,2683.5,2681.5,2682.5,1400,0.0,0.0
2024-08-22 13:10:00+09:00,2684.5,2685.0,2682.5,2684.0,3700,0.0,0.0
2024-08-22 13:15:00+09:00,2683.0,2684.0,2682.5,2682.5,300,0.0,0.0
2024-08-22 13:20:00+09:00,2682.5,2682.5,2675.0,2675.0,4300,0.0,0.0
2024-08-22 13:25:00+09:00,2676.0,2678.5,2676.0,2677.0,3100,0.0,0.0
2024-08-22 13:30:00+09:00,2677.5,2679.0,2677.0,2677.5,2400,0.0,0.0
2024-08-22 13:35:00+09:00,2678.0,2678.0,2676.5,2677.5,1600,0.0,0.0
2024-08-22 13:40:00+09:00,2678.5,2683.5,2678.5,2683.5,1600,0.0,0.0
2024-08-22 13:45:00+09:00,2682.5,2684.0,2682.5,2684.0,3000,0.0,0.0
2024-08-22 13:50:00+09:00,2683.5,2683.5,2682.0,2683.0,2000,0.0,0.0
2024-08-22 13:55:00+09:00,2682.0,2682.5,2682.0,2682.5,800,0.0,0.0
2024-08-22 14:00:00+09:00,2682.0,2688.0,2682.0,2685.5,5100,0.0,0.0
2024-08-22 14:05:00+09:00,2684.5,2686.5,2684.0,2684.0,2800,0.0,0.0
2024-08-22 14:10:00+09:00,2684.5,2685.5,2683.0,2685.5,1800,0.0,0.0
2024-08-22 14:15:00+09:00,2685.0,2685.5,2683.5,2683.5,1900,0.0,0.0
2024-08-22 14:20:00+09:00,2685.0,2687.0,2684.5,2687.0,2400,0.0,0.0
2024-08-22 14:25:00+09:00,2688.0,2688.5,2685.5,2686.0,3100,0.0,0.0
2024-08-22 14:30:00+09:00,2685.0,2686.0,2681.5,2681.5,3600,0.0,0.0
2024-08-22 14:35:00+09:00,2682.5,2687.0,2682.0,2686.0,3100,0.0,0.0
2024-08-22 14:40:00+09:00,2686.0,2688.0,2684.0,2684.0,5000,0.0,0.0
2024-08-22 14:45:00+09:00,2685.5,2686.5,2684.0,2685.5,6700,0.0,0.0
2024-08-22 14:50:00+09:00,2686.5,2689.0,2685.0,2689.0,8800,0.0,0.0
2024-08-22 14:55:00+09:00,2689.5,2691.0,2689.0,2689.0,7900,0.0,0.0
2024-08-23 09:00:00+09:00,2712.5,2722.5,2704.5,2719.5,34100,0.0,0.0
2024-08-23 09:05:00+09:00,2721.5,2725.0,2720.0,2724.5,2900,0.0,0.0
2024-08-23 09:10:00+09:00,2724.5,2724.5,2717.0,2720.5,4900,0.0,0.0
2024-08-23 09:15:00+09:00,2720.5,2724.0,2719.5,2721.5,3200,0.0,0.0
2024-08-23 09:20:00+09:00,2720.5,2722.0,2718.0,2722.0,2100,0.0,0.0
2024-08-23 09:25:00+09:00,2721.0,2722.5,2717.5,2719.0,3600,0.0,0.0
2024-08-23 09:30:00+09:00,2719.5,2719.5,2710.5,2711.5,5500,0.0,0.0
2024-08-23 09:35:00+09:00,2711.0,2713.5,2707.5,2707.5,19400,0.0,0.0
2024-08-23 09:40:00+09:00,2710.5,2715.0,2710.5,2715.0,15400,0.0,0.0
2024-08-23 09:45:00+09:00,2715.0,2718.5,2715.0,2717.0,2200,0.0,0.0
2024-08-23 09:50:00+09:00,2718.5,2719.5,2716.5,2717.0,3700,0.0,0.0
2024-08-23 09:55:00+09:00,2718.0,2718.5,2714.5,2714.5,3500,0.0,0.0
2024-08-23 10:00:00+09:00,2714.5,2714.5,2711.5,2711.5,1100,0.0,0.0
2024-08-23 10:05:00+09:00,2712.5,2714.0,2710.5,2714.0,2700,0.0,0.0
2024-08-23 10:10:00+09:00,2713.0,2713.5,2711.0,2713.0,3400,0.0,0.0
2024-08-23 10:15:00+09:00,2713.5,2714.0,2711.0,2711.5,3600,0.0,0.0
2024-08-23 10:20:00+09:00,2711.0,2712.0,2704.0,2704.0,2300,0.0,0.0
2024-08-23 10:25:00+09:00,2705.5,2713.0,2705.0,2713.0,3200,0.0,0.0
2024-08-23 10:30:00+09:00,2711.0,2711.5,2709.0,2710.5,1500,0.0,0.0
2024-08-23 10:35:00+09:00,2710.0,2712.0,2710.0,2710.0,1500,0.0,0.0
2024-08-23 10:40:00+09:00,2709.5,2710.0,2705.0,2705.5,3400,0.0,0.0
2024-08-23 10:45:00+09:00,2705.5,2705.5,2703.5,2705.0,1400,0.0,0.0
2024-08-23 10:50:00+09:00,2703.5,2703.5,2700.0,2701.0,2900,0.0,0.0
2024-08-23 10:55:00+09:00,2701.0,2702.5,2700.0,2700.5,2600,0.0,0.0
2024-08-23 11:00:00+09:00,2701.0,2702.5,2698.0,2698.0,2700,0.0,0.0
2024-08-23 11:05:00+09:00,2699.5,2705.5,2699.0,2704.5,2400,0.0,0.0
2024-08-23 11:10:00+09:00,2703.5,2703.5,2701.0,2701.0,1900,0.0,0.0
2024-08-23 11:15:00+09:00,2703.5,2703.5,2702.0,2702.5,1300,0.0,0.0
2024-08-23 11:20:00+09:00,2702.5,2703.5,2701.5,2703.5,2000,0.0,0.0
2024-08-23 11:25:00+09:00,2702.0,2703.5,2701.5,2702.0,1200,0.0,0.0
2024-08-23 11:30:00+09:00,2702.0,2702.0,2702.0,2702.0,400,0.0,0.0
2024-08-23 11:35:00+09:00,2702.0,2702.0,2702.0,2702.0,0,0.0,0.0
2024-08-23 12:30:00+09:00,2703.5,2707.0,2702.5,2705.0,149700,0.0,0.0
2024-08-23 12:35:00+09:00,2706.0,2708.0,2706.0,2708.0,800,0.0,0.0
2024-08-23 12:40:00+09:00,2709.0,2711.0,2709.0,2709.0,3100,0.0,0.0
2024-08-23 12:45:00+09:00,2709.5,2710.0,2708.5,2708.5,2200,0.0,0.0
2024-08-23 12:50:00+09:00,2708.5,2711.0,2708.5,2711.0,1400,0.0,0.0
2024-08-23 12:55:00+09:00,2709.5,2710.0,2704.5,2706.0,2500,0.0,0.0
2024-08-23 13:00:00+09:00,2705.0,2706.5,2705.0,2706.5,400,0.0,0.0
2024-08-23 13:05:00+09:00,2706.5,2706.5,2704.0,2705.5,2300,0.0,0.0
2024-08-23 13:10:00+09:00,2706.5,2708.0,2706.5,2708.0,1000,0.0,0.0
2024-08-23 13:15:00+09:00,2709.0,2709.0,2705.0,2706.5,3000,0.0,0.0
2024-08-23 13:20:00+09:00,2705.5,2706.5,2703.5,2705.5,2800,0.0,0.0
2024-08-23 13:25:00+09:00,2705.0,2706.0,2702.5,2702.5,1700,0.0,0.0
2024-08-23 13:30:00+09:00,2702.5,2707.0,2702.0,2707.0,4100,0.0,0.0
2024-08-23 13:35:00+09:00,2707.0,2709.0,2706.5,2706.5,1200,0.0,0.0
2024-08-23 13:40:00+09:00,2706.0,2708.0,2705.0,2707.0,4000,0.0,0.0
2024-08-23 13:45:00+09:00,2708.5,2709.0,2708.0,2709.0,1900,0.0,0.0
2024-08-23 13:50:00+09:00,2708.0,2709.0,2705.5,2705.5,1600,0.0,0.0
2024-08-23 13:55:00+09:00,2705.5,2707.5,2705.5,2706.5,3000,0.0,0.0
2024-08-23 14:00:00+09:00,2706.5,2708.5,2706.5,2706.5,3100,0.0,0.0
2024-08-23 14:05:00+09:00,2706.0,2706.0,2703.5,2703.5,1600,0.0,0.0
2024-08-23 14:10:00+09:00,2703.0,2705.0,2702.5,2704.5,4800,0.0,0.0
2024-08-23 14:15:00+09:00,2704.5,2705.5,2703.0,2703.0,2000,0.0,0.0
2024-08-23 14:20:00+09:00,2703.5,2704.5,2703.5,2704.0,3100,0.0,0.0
2024-08-23 14:25:00+09:00,2705.0,2706.5,2704.0,2706.5,2500,0.0,0.0
2024-08-23 14:30:00+09:00,2706.5,2707.0,2704.5,2706.0,6400,0.0,0.0
2024-08-23 14:35:00+09:00,2706.0,2706.0,2702.5,2705.5,3600,0.0,0.0
2024-08-23 14:40:00+09:00,2705.0,2705.0,2698.5,2699.0,3900,0.0,0.0
2024-08-23 14:45:00+09:00,2698.5,2703.0,2698.5,2701.5,6100,0.0,0.0
2024-08-23 14:50:00+09:00,2701.0,2703.0,2700.5,2702.0,7200,0.0,0.0
2024-08-23 14:55:00+09:00,2702.0,2702.5,2695.0,2701.5,9500,0.0,0.0
2024-08-26 09:00:00+09:00,2675.0,2681.0,2656.0,2656.0,25600,0.0,0.0
2024-08-26 09:05:00+09:00,2656.5,2657.5,2650.0,2656.0,7500,0.0,0.0
2024-08-26 09:10:00+09:00,2655.5,2658.5,2655.0,2658.0,2800,0.0,0.0
2024-08-26 09:15:00+09:00,2659.0,2662.0,2658.0,2658.0,3200,0.0,0.0
2024-08-26 09:20:00+09:00,2659.0,2661.5,2656.5,2658.5,3900,0.0,0.0
2024-08-26 09:25:00+09:00,2656.0,2656.0,2649.5,2650.0,9100,0.0,0.0
2024-08-26 09:30:00+09:00,2651.5,2652.0,2646.5,2649.0,5100,0.0,0.0
2024-08-26 09:35:00+09:00,2648.0,2650.5,2640.5,2650.5,10000,0.0,0.0
2024-08-26 09:40:00+09:00,2651.5,2655.0,2649.5,2649.5,3500,0.0,0.0
2024-08-26 09:45:00+09:00,2647.0,2654.0,2647.0,2654.0,4200,0.0,0.0
2024-08-26 09:50:00+09:00,2654.0,2658.0,2653.5,2658.0,2500,0.0,0.0
2024-08-26 09:55:00+09:00,2658.5,2662.0,2658.5,2660.5,2900,0.0,0.0
2024-08-26 10:00:00+09:00,2660.0,2662.5,2659.5,2662.5,3200,0.0,0.0
2024-08-26 10:05:00+09:00,2664.5,2666.0,2656.5,2656.5,4500,0.0,0.0
2024-08-26 10:10:00+09:00,2655.5,2655.5,2648.0,2650.0,4300,0.0,0.0
2024-08-26 10:15:00+09:00,2649.5,2650.0,2644.0,2647.0,6100,0.0,0.0
2024-08-26 10:20:00+09:00,2646.0,2647.5,2645.0,2646.0,3200,0.0,0.0
2024-08-26 10:25:00+09:00,2645.0,2647.5,2643.0,2647.5,4700,0.0,0.0
2024-08-26 10:30:00+09:00,2647.5,2647.5,2645.0,2646.5,3100,0.0,0.0
2024-08-26 10:35:00+09:00,2647.0,2648.0,2646.0,2646.5,4500,0.0,0.0
2024-08-26 10:40:00+09:00,2646.0,2646.5,2645.0,2646.0,2000,0.0,0.0
2024-08-26 10:45:00+09:00,2646.0,2646.0,2644.0,2644.0,2500,0.0,0.0
2024-08-26 10:50:00+09:00,2644.0,2644.0,2638.0,2639.0,8300,0.0,0.0
2024-08-26 10:55:00+09:00,2638.0,2639.5,2637.5,2638.5,3500,0.0,0.0
2024-08-26 11:00:00+09:00,2639.5,2640.5,2638.5,2640.0,7600,0.0,0.0
2024-08-26 11:05:00+09:00,2640.0,2640.5,2638.0,2640.5,2400,0.0,0.0
2024-08-26 11:10:00+09:00,2642.0,2642.0,2639.0,2639.0,1800,0.0,0.0
2024-08-26 11:15:00+09:00,2638.5,2638.5,2633.5,2633.5,6400,0.0,0.0
2024-08-26 11:20:00+09:00,2633.5,2634.0,2627.5,2631.5,5300,0.0,0.0
2024-08-26 11:25:00+09:00,2632.0,2633.0,2630.0,2630.0,3500,0.0,0.0
2024-08-26 11:30:00+09:00,2630.0,2630.0,2629.5,2629.5,800,0.0,0.0
2024-08-26 11:35:00+09:00,2629.5,2629.5,2629.5,2629.5,0,0.0,0.0
2024-08-26 12:30:00+09:00,2624.5,2633.5,2624.5,2631.5,170500,0.0,0.0
2024-08-26 12:35:00+09:00,2629.0,2632.5,2629.0,2632.5,6400,0.0,0.0
2024-08-26 12:40:00+09:00,2632.5,2634.0,2628.5,2628.5,2400,0.0,0.0
2024-08-26 12:45:00+09:00,2628.5,2628.5,2624.5,2628.5,5100,0.0,0.0
2024-08-26 12:50:00+09:00,2627.5,2630.0,2626.5,2629.0,3400,0.0,0.0
2024-08-26 12:55:00+09:00,2630.5,2632.5,2629.0,2631.5,4000,0.0,0.0
2024-08-26 13:00:00+09:00,2631.5,2632.5,2630.5,2632.5,3100,0.0,0.0
2024-08-26 13:05:00+09:00,2632.5,2634.0,2631.5,2632.0,2100,0.0,0.0
2024-08-26 13:10:00+09:00,2632.5,2635.5,2632.5,2634.5,2100,0.0,0.0
2024-08-26 13:15:00+09:00,2634.5,2635.0,2634.0,2635.0,700,0.0,0.0
2024-08-26 13:20:00+09:00,2634.0,2634.0,2633.0,2633.0,2000,0.0,0.0
2024-08-26 13:25:00+09:00,2632.5,2635.0,2632.0,2634.5,3100,0.0,0.0
2024-08-26 13:30:00+09:00,2635.0,2640.5,2635.0,2637.5,12500,0.0,0.0
2024-08-26 13:35:00+09:00,2638.5,2639.0,2638.0,2638.0,1400,0.0,0.0
2024-08-26 13:40:00+09:00,2637.5,2637.5,2635.5,2635.5,3000,0.0,0.0
2024-08-26 13:45:00+09:00,2635.0,2637.0,2634.5,2637.0,3800,0.0,0.0
2024-08-26 13:50:00+09:00,2635.0,2636.5,2632.5,2632.5,1300,0.0,0.0
2024-08-26 13:55:00+09:00,2632.0,2633.5,2631.5,2631.5,2600,0.0,0.0
2024-08-26 14:00:00+09:00,2631.5,2633.0,2631.0,2633.0,2400,0.0,0.0
2024-08-26 14:05:00+09:00,2632.5,2634.0,2632.0,2633.5,2700,0.0,0.0
2024-08-26 14:10:00+09:00,2634.0,2634.0,2632.5,2632.5,2800,0.0,0.0
2024-08-26 14:15:00+09:00,2632.5,2633.0,2631.5,2632.5,4100,0.0,0.0
2024-08-26 14:20:00+09:00,2633.0,2635.0,2633.0,2635.0,2300,0.0,0.0
2024-08-26 14:25:00+09:00,2635.5,2636.5,2634.0,2636.5,2900,0.0,0.0
2024-08-26 14:30:00+09:00,2637.5,2637.5,2633.5,2633.5,4700,0.0,0.0
2024-08-26 14:35:00+09:00,2633.0,2635.5,2633.0,2635.5,3700,0.0,0.0
2024-08-26 14:40:00+09:00,2636.0,2637.0,2633.5,2636.5,5600,0.0,0.0
2024-08-26 14:45:00+09:00,2636.5,2638.5,2635.5,2635.5,3800,0.0,0.0
2024-08-26 14:50:00+09:00,2636.0,2637.5,2635.0,2635.5,6300,0.0,0.0
2024-08-26 14:55:00+09:00,2635.5,2641.5,2632.5,2641.5,14500,0.0,0.0
2024-08-27 09:00:00+09:00,2626.0,2635.5,2614.0,2615.5,35000,0.0,0.0
2024-08-27 09:05:00+09:00,2614.0,2623.0,2614.0,2622.0,6700,0.0,0.0
2024-08-27 09:10:00+09:00,2620.0,2627.0,2620.0,2627.0,5200,0.0,0.0
2024-08-27 09:15:00+09:00,2625.5,2629.5,2625.0,2626.5,2100,0.0,0.0
2024-08-27 09:20:00+09:00,2628.5,2632.0,2628.5,2632.0,3800,0.0,0.0
2024-08-27 09:25:00+09:00,2631.5,2631.5,2627.0,2629.0,4500,0.0,0.0
2024-08-27 09:30:00+09:00,2630.0,2636.0,2630.0,2634.5,3400,0.0,0.0
2024-08-27 09:35:00+09:00,2634.5,2634.5,2631.0,2633.0,3100,0.0,0.0
2024-08-27 09:40:00+09:00,2634.0,2636.5,2634.0,2635.0,0,0.0,0.0
2024-08-27 09:45:00+09:00,2635.5,2637.5,2633.5,2633.5,67900,0.0,0.0
2024-08-27 09:50:00+09:00,2634.0,2637.0,2634.0,2637.0,1800,0.0,0.0
2024-08-27 09:55:00+09:00,2637.5,2638.0,2634.0,2636.5,2700,0.0,0.0
2024-08-27 10:00:00+09:00,2635.5,2637.5,2635.5,2636.5,4100,0.0,0.0
2024-08-27 10:05:00+09:00,2637.5,2639.5,2637.0,2638.0,4000,0.0,0.0
2024-08-27 10:10:00+09:00,2637.0,2639.5,2637.0,2639.5,700,0.0,0.0
2024-08-27 10:15:00+09:00,2638.0,2639.0,2638.0,2638.0,700,0.0,0.0
2024-08-27 10:20:00+09:00,2637.5,2637.5,2634.5,2635.5,2100,0.0,0.0
2024-08-27 10:25:00+09:00,2635.0,2636.0,2635.0,2636.0,600,0.0,0.0
2024-08-27 10:30:00+09:00,2634.5,2635.0,2631.5,2633.0,2900,0.0,0.0
2024-08-27 10:35:00+09:00,2632.5,2633.0,2630.5,2630.5,2100,0.0,0.0
2024-08-27 10:40:00+09:00,2632.5,2633.0,2632.5,2632.5,400,0.0,0.0
2024-08-27 10:45:00+09:00,2633.0,2634.0,2632.0,2633.5,1300,0.0,0.0
2024-08-27 10:50:00+09:00,2633.5,2635.5,2633.0,2635.5,2200,0.0,0.0
2024-08-27 10:55:00+09:00,2636.5,2640.0,2636.5,2639.0,2000,0.0,0.0
2024-08-27 11:00:00+09:00,2639.0,2639.0,2637.5,2639.0,1600,0.0,0.0
2024-08-27 11:05:00+09:00,2639.0,2640.0,2637.5,2640.0,1400,0.0,0.0
2024-08-27 11:10:00+09:00,2640.5,2640.5,2634.5,2634.5,3800,0.0,0.0
2024-08-27 11:15:00+09:00,2633.0,2634.5,2632.0,2633.0,1800,0.0,0.0
2024-08-27 11:20:00+09:00,2632.5,2634.0,2632.5,2633.0,1600,0.0,0.0
2024-08-27 11:25:00+09:00,2634.0,2637.0,2634.0,2635.5,2300,0.0,0.0
2024-08-27 11:30:00+09:00,2635.0,2635.0,2632.5,2632.5,1600,0.0,0.0
2024-08-27 11:35:00+09:00,2632.5,2632.5,2632.5,2632.5,0,0.0,0.0
2024-08-27 12:30:00+09:00,2633.5,2635.5,2631.0,2632.5,120900,0.0,0.0
2024-08-27 12:35:00+09:00,2634.0,2635.5,2633.0,2634.5,3900,0.0,0.0
2024-08-27 12:40:00+09:00,2634.0,2636.5,2633.5,2636.0,3500,0.0,0.0
2024-08-27 12:45:00+09:00,2636.0,2640.0,2634.5,2639.0,5500,0.0,0.0
2024-08-27 12:50:00+09:00,2638.5,2641.5,2638.5,2640.5,3500,0.0,0.0
2024-08-27 12:55:00+09:00,2640.5,2641.0,2639.5,2641.0,3100,0.0,0.0
2024-08-27 13:00:00+09:00,2641.0,2641.0,2636.5,2637.5,4900,0.0,0.0
2024-08-27 13:05:00+09:00,2637.5,2637.5,2636.0,2636.5,1900,0.0,0.0
2024-08-27 13:10:00+09:00,2636.5,2636.5,2634.5,2635.0,1600,0.0,0.0
2024-08-27 13:15:00+09:00,2635.5,2636.5,2633.5,2636.5,3600,0.0,0.0
2024-08-27 13:20:00+09:00,2636.0,2638.5,2636.0,2638.5,2600,0.0,0.0
2024-08-27 13:25:00+09:00,2639.0,2639.0,2636.0,2637.0,4000,0.0,0.0
2024-08-27 13:30:00+09:00,2636.0,2637.5,2636.0,2637.0,4200,0.0,0.0
2024-08-27 13:35:00+09:00,2636.5,2636.5,2635.0,2635.5,3400,0.0,0.0
2024-08-27 13:40:00+09:00,2635.0,2636.5,2633.5,2634.0,3900,0.0,0.0
2024-08-27 13:45:00+09:00,2634.5,2635.5,2633.5,2635.5,6000,0.0,0.0
2024-08-27 13:50:00+09:00,2635.0,2635.0,2633.0,2633.0,3100,0.0,0.0
2024-08-27 13:55:00+09:00,2632.5,2632.5,2630.0,2630.5,4900,0.0,0.0
2024-08-27 14:00:00+09:00,2631.5,2634.0,2631.5,2633.0,3800,0.0,0.0
2024-08-27 14:05:00+09:00,2634.5,2636.5,2634.5,2636.5,2600,0.0,0.0
2024-08-27 14:10:00+09:00,2638.0,2640.0,2638.0,2640.0,4700,0.0,0.0
2024-08-27 14:15:00+09:00,2641.5,2642.5,2640.0,2640.0,3800,0.0,0.0
2024-08-27 14:20:00+09:00,2640.0,2640.0,2638.0,2639.0,4000,0.0,0.0
2024-08-27 14:25:00+09:00,2639.5,2640.5,2635.5,2635.5,5200,0.0,0.0
2024-08-27 14:30:00+09:00,2637.5,2637.5,2636.5,2636.5,3500,0.0,0.0
2024-08-27 14:35:00+09:00,2637.0,2637.0,2633.5,2635.5,8400,0.0,0.0
2024-08-27 14:40:00+09:00,2635.5,2639.0,2635.5,2638.0,8500,0.0,0.0
2024-08-27 14:45:00+09:00,2639.5,2648.5,2638.0,2646.5,15300,0.0,0.0
2024-08-27 14:50:00+09:00,2646.5,2646.5,2642.5,2643.0,16400,0.0,0.0
2024-08-27 14:55:00+09:00,2643.5,2643.5,2636.5,2636.5,16400,0.0,0.0
2024-08-28 09:00:00+09:00,2620.5,2627.0,2619.0,2619.0,31100,0.0,0.0
2024-08-28 09:05:00+09:00,2619.5,2622.5,2618.5,2620.5,2500,0.0,0.0
2024-08-28 09:10:00+09:00,2622.0,2627.0,2622.0,2624.5,2100,0.0,0.0
2024-08-28 09:15:00+09:00,2624.0,2624.0,2622.0,2624.0,1100,0.0,0.0
2024-08-28 09:20:00+09:00,2622.0,2623.5,2621.0,2622.0,1500,0.0,0.0
2024-08-28 09:25:00+09:00,2621.5,2628.0,2621.5,2628.0,7300,0.0,0.0
2024-08-28 09:30:00+09:00,2628.0,2630.0,2628.0,2628.0,1400,0.0,0.0
2024-08-28 09:35:00+09:00,2629.5,2629.5,2627.5,2627.5,800,0.0,0.0
2024-08-28 09:40:00+09:00,2627.0,2628.0,2625.0,2625.5,1500,0.0,0.0
2024-08-28 09:45:00+09:00,2626.5,2626.5,2621.5,2621.5,2900,0.0,0.0
2024-08-28 09:50:00+09:00,2621.5,2624.0,2620.0,2623.0,2900,0.0,0.0
2024-08-28 09:55:00+09:00,2622.5,2622.5,2620.5,2622.0,1000,0.0,0.0
2024-08-28 10:00:00+09:00,2621.0,2622.5,2619.0,2622.5,15200,0.0,0.0
2024-08-28 10:05:00+09:00,2623.5,2625.0,2622.0,2622.0,1200,0.0,0.0
2024-08-28 10:10:00+09:00,2621.5,2623.0,2621.0,2622.0,600,0.0,0.0
2024-08-28 10:15:00+09:00,2621.0,2622.0,2619.5,2622.0,2000,0.0,0.0
2024-08-28 10:20:00+09:00,2622.0,2622.0,2620.5,2621.5,600,0.0,0.0
2024-08-28 10:25:00+09:00,2622.0,2623.0,2621.0,2621.5,1500,0.0,0.0
2024-08-28 10:30:00+09:00,2622.5,2624.0,2621.5,2621.5,1700,0.0,0.0
2024-08-28 10:35:00+09:00,2621.0,2621.0,2620.5,2620.5,700,0.0,0.0
2024-08-28 10:40:00+09:00,2621.5,2624.5,2621.0,2624.5,2300,0.0,0.0
2024-08-28 10:45:00+09:00,2624.0,2627.0,2623.5,2625.5,1700,0.0,0.0
2024-08-28 10:50:00+09:00,2626.0,2630.0,2626.0,2630.0,2200,0.0,0.0
2024-08-28 10:55:00+09:00,2628.5,2631.0,2628.5,2631.0,700,0.0,0.0
2024-08-28 11:00:00+09:00,2630.0,2630.0,2626.5,2626.5,1100,0.0,0.0
2024-08-28 11:05:00+09:00,2627.0,2627.0,2626.5,2626.5,500,0.0,0.0
2024-08-28 11:10:00+09:00,2626.0,2627.5,2624.5,2625.5,1800,0.0,0.0
2024-08-28 11:15:00+09:00,2627.5,2628.5,2627.0,2628.5,3100,0.0,0.0
2024-08-28 11:20:00+09:00,2628.5,2628.5,2625.5,2625.5,1800,0.0,0.0
2024-08-28 11:25:00+09:00,2625.0,2625.0,2623.5,2624.0,800,0.0,0.0
2024-08-28 11:30:00+09:00,2624.0,2624.0,2624.0,2624.0,700,0.0,0.0
2024-08-28 11:35:00+09:00,2624.0,2624.0,2624.0,2624.0,0,0.0,0.0
2024-08-28 12:30:00+09:00,2621.0,2623.0,2621.0,2623.0,99800,0.0,0.0
2024-08-28 12:35:00+09:00,2622.5,2624.5,2622.5,2624.5,900,0.0,0.0
2024-08-28 12:40:00+09:00,2625.0,2625.5,2624.0,2625.0,2400,0.0,0.0
2024-08-28 12:45:00+09:00,2625.5,2625.5,2623.0,2623.0,1600,0.0,0.0
2024-08-28 12:50:00+09:00,2623.0,2625.0,2622.0,2625.0,1100,0.0,0.0
2024-08-28 12:55:00+09:00,2625.0,2625.0,2624.0,2624.0,900,0.0,0.0
2024-08-28 13:00:00+09:00,2625.5,2626.0,2625.5,2626.0,1300,0.0,0.0
2024-08-28 13:05:00+09:00,2626.0,2629.5,2625.5,2628.5,4400,0.0,0.0
2024-08-28 13:10:00+09:00,2629.5,2631.0,2629.5,2631.0,700,0.0,0.0
2024-08-28 13:15:00+09:00,2631.0,2631.0,2628.5,2629.5,1100,0.0,0.0
2024-08-28 13:20:00+09:00,2629.0,2629.0,2629.0,2629.0,100,0.0,0.0
2024-08-28 13:25:00+09:00,2628.5,2629.5,2627.0,2629.5,2100,0.0,0.0
2024-08-28 13:30:00+09:00,2630.0,2632.5,2629.0,2632.0,1500,0.0,0.0
2024-08-28 13:35:00+09:00,2631.5,2632.0,2631.5,2631.5,1200,0.0,0.0
2024-08-28 13:40:00+09:00,2632.0,2633.0,2632.0,2633.0,1300,0.0,0.0
2024-08-28 13:45:00+09:00,2634.0,2635.0,2634.0,2635.0,1700,0.0,0.0
2024-08-28 13:50:00+09:00,2635.5,2635.5,2634.0,2634.0,1400,0.0,0.0
2024-08-28 13:55:00+09:00,2635.0,2635.0,2634.5,2634.5,600,0.0,0.0
2024-08-28 14:00:00+09:00,2634.0,2634.0,2632.0,2632.0,1300,0.0,0.0
2024-08-28 14:05:00+09:00,2631.0,2632.0,2629.5,2629.5,2900,0.0,0.0
2024-08-28 14:10:00+09:00,2629.0,2629.0,2626.5,2626.5,2800,0.0,0.0
2024-08-28 14:15:00+09:00,2626.0,2630.0,2626.0,2630.0,5300,0.0,0.0
2024-08-28 14:20:00+09:00,2630.5,2631.0,2630.5,2631.0,300,0.0,0.0
2024-08-28 14:25:00+09:00,2632.5,2633.5,2631.0,2633.5,2500,0.0,0.0
2024-08-28 14:30:00+09:00,2633.0,2636.0,2632.5,2635.5,5200,0.0,0.0
2024-08-28 14:35:00+09:00,2635.0,2639.0,2633.5,2639.0,4500,0.0,0.0
2024-08-28 14:40:00+09:00,2638.5,2642.5,2638.5,2640.5,5100,0.0,0.0
2024-08-28 14:45:00+09:00,2640.0,2640.0,2637.5,2637.5,2100,0.0,0.0
2024-08-28 14:50:00+09:00,2637.5,2646.0,2636.5,2644.0,18000,0.0,0.0
2024-08-28 14:55:00+09:00,2646.0,2652.5,2642.5,2650.5,24000,0.0,0.0
2024-08-29 09:00:00+09:00,2646.0,2646.0,2633.0,2638.0,11600,0.0,0.0
2024-08-29 09:05:00+09:00,2640.0,2642.0,2639.0,2642.0,3300,0.0,0.0
2024-08-29 09:10:00+09:00,2645.5,2655.0,2644.5,2651.5,2900,0.0,0.0
2024-08-29 09:15:00+09:00,2652.5,2658.0,2651.0,2658.0,2200,0.0,0.0
2024-08-29 09:20:00+09:00,2657.0,2660.5,2656.0,2659.0,6300,0.0,0.0
2024-08-29 09:25:00+09:00,2658.5,2661.0,2658.0,2658.0,2900,0.0,0.0
2024-08-29 09:30:00+09:00,2657.0,2657.0,2650.0,2651.5,4800,0.0,0.0
2024-08-29 09:35:00+09:00,2653.5,2655.0,2651.0,2651.0,1800,0.0,0.0
2024-08-29 09:40:00+09:00,2651.5,2655.5,2651.0,2655.5,1700,0.0,0.0
2024-08-29 09:45:00+09:00,2657.0,2657.0,2648.0,2648.0,3400,0.0,0.0
2024-08-29 09:50:00+09:00,2648.0,2648.0,2641.5,2641.5,1500,0.0,0.0
2024-08-29 09:55:00+09:00,2640.5,2645.5,2640.0,2645.5,4300,0.0,0.0
2024-08-29 10:00:00+09:00,2646.5,2646.5,2644.5,2646.0,1000,0.0,0.0
2024-08-29 10:05:00+09:00,2647.0,2649.0,2644.0,2644.0,2800,0.0,0.0
2024-08-29 10:10:00+09:00,2645.0,2649.5,2644.0,2649.5,1300,0.0,0.0
2024-08-29 10:15:00+09:00,2646.5,2650.0,2645.5,2650.0,1100,0.0,0.0
2024-08-29 10:20:00+09:00,2648.5,2649.0,2648.0,2648.0,600,0.0,0.0
2024-08-29 10:25:00+09:00,2648.0,2648.5,2647.5,2647.5,2600,0.0,0.0
2024-08-29 10:30:00+09:00,2647.0,2648.0,2647.0,2648.0,400,0.0,0.0
2024-08-29 10:35:00+09:00,2646.5,2646.5,2646.0,2646.0,400,0.0,0.0
2024-08-29 10:40:00+09:00,2644.5,2645.0,2643.5,2643.5,1800,0.0,0.0
2024-08-29 10:45:00+09:00,2643.0,2643.0,2640.5,2642.0,2100,0.0,0.0
2024-08-29 10:50:00+09:00,2642.0,2642.0,2640.5,2640.5,800,0.0,0.0
2024-08-29 10:55:00+09:00,2640.5,2642.5,2640.0,2642.0,2800,0.0,0.0
2024-08-29 11:00:00+09:00,2640.5,2642.5,2640.5,2642.5,1200,0.0,0.0
2024-08-29 11:05:00+09:00,2643.0,2643.0,2641.0,2641.0,300,0.0,0.0
2024-08-29 11:10:00+09:00,2640.5,2641.0,2635.0,2635.0,3600,0.0,0.0
2024-08-29 11:15:00+09:00,2634.5,2634.5,2632.5,2632.5,2700,0.0,0.0
2024-08-29 11:20:00+09:00,2632.0,2634.5,2630.5,2634.5,4300,0.0,0.0
2024-08-29 11:25:00+09:00,2633.5,2639.5,2630.0,2639.5,7700,0.0,0.0
2024-08-29 11:30:00+09:00,2636.0,2636.0,2636.0,2636.0,400,0.0,0.0
2024-08-29 11:35:00+09:00,2636.0,2636.0,2636.0,2636.0,0,0.0,0.0
2024-08-29 12:30:00+09:00,2641.0,2641.0,2636.5,2637.0,90700,0.0,0.0
2024-08-29 12:35:00+09:00,2637.5,2638.0,2636.0,2637.0,2300,0.0,0.0
2024-08-29 12:40:00+09:00,2636.0,2637.0,2635.0,2637.0,2300,0.0,0.0
2024-08-29 12:45:00+09:00,2638.0,2640.0,2638.0,2639.0,2400,0.0,0.0
2024-08-29 12:50:00+09:00,2640.0,2640.5,2637.0,2637.0,3700,0.0,0.0
2024-08-29 12:55:00+09:00,2638.0,2639.0,2635.0,2635.5,3000,0.0,0.0
2024-08-29 13:00:00+09:00,2635.0,2636.5,2633.5,2633.5,2500,0.0,0.0
2024-08-29 13:05:00+09:00,2633.5,2635.0,2632.0,2632.5,2600,0.0,0.0
2024-08-29 13:10:00+09:00,2632.5,2633.5,2632.0,2632.0,1800,0.0,0.0
2024-08-29 13:15:00+09:00,2633.0,2635.5,2633.0,2635.5,1700,0.0,0.0
2024-08-29 13:20:00+09:00,2635.5,2636.0,2634.0,2635.0,2600,0.0,0.0
2024-08-29 13:25:00+09:00,2635.0,2636.5,2635.0,2636.5,1800,0.0,0.0
2024-08-29 13:30:00+09:00,2635.5,2635.5,2634.0,2634.5,2700,0.0,0.0
2024-08-29 13:35:00+09:00,2634.0,2634.0,2628.5,2628.5,6500,0.0,0.0
2024-08-29 13:40:00+09:00,2629.5,2633.5,2629.5,2633.0,5500,0.0,0.0
2024-08-29 13:45:00+09:00,2633.5,2635.5,2633.5,2635.5,900,0.0,0.0
2024-08-29 13:50:00+09:00,2634.0,2639.0,2634.0,2639.0,2200,0.0,0.0
2024-08-29 13:55:00+09:00,2639.5,2639.5,2638.0,2638.0,2000,0.0,0.0
2024-08-29 14:00:00+09:00,2639.0,2639.5,2637.0,2638.0,3600,0.0,0.0
2024-08-29 14:05:00+09:00,2638.0,2638.0,2635.5,2636.5,1700,0.0,0.0
2024-08-29 14:10:00+09:00,2636.5,2637.0,2635.0,2636.0,3100,0.0,0.0
2024-08-29 14:15:00+09:00,2635.5,2636.5,2633.0,2633.0,4300,0.0,0.0
2024-08-29 14:20:00+09:00,2632.5,2633.5,2630.5,2632.5,9300,0.0,0.0
2024-08-29 14:25:00+09:00,2632.5,2632.5,2629.5,2630.0,7900,0.0,0.0
2024-08-29 14:30:00+09:00,2630.0,2631.0,2627.0,2629.5,5800,0.0,0.0
2024-08-29 14:35:00+09:00,2629.5,2631.0,2628.5,2629.5,4000,0.0,0.0
2024-08-29 14:40:00+09:00,2629.5,2633.5,2629.0,2633.5,9500,0.0,0.0
2024-08-29 14:45:00+09:00,2635.0,2636.5,2634.5,2635.0,7400,0.0,0.0
2024-08-29 14:50:00+09:00,2635.5,2642.0,2635.5,2636.5,21600,0.0,0.0
2024-08-29 14:55:00+09:00,2637.0,2638.5,2633.0,2633.0,16900,0.0,0.0
2024-08-30 09:00:00+09:00,2639.0,2639.0,2632.5,2634.5,15300,0.0,0.0
2024-08-30 09:05:00+09:00,2632.0,2637.5,2630.5,2634.0,2800,0.0,0.0
2024-08-30 09:10:00+09:00,2633.5,2640.5,2633.5,2640.5,1700,0.0,0.0
2024-08-30 09:15:00+09:00,2641.5,2644.5,2639.0,2642.0,8300,0.0,0.0
2024-08-30 09:20:00+09:00,2642.0,2642.0,2637.5,2638.0,2800,0.0,0.0
2024-08-30 09:25:00+09:00,2639.5,2642.0,2639.0,2642.0,1600,0.0,0.0
2024-08-30 09:30:00+09:00,2642.5,2649.0,2642.5,2646.5,2500,0.0,0.0
2024-08-30 09:35:00+09:00,2648.5,2655.5,2647.5,2647.5,7000,0.0,0.0
2024-08-30 09:40:00+09:00,2648.5,2650.5,2647.0,2650.5,1200,0.0,0.0
2024-08-30 09:45:00+09:00,2651.0,2653.0,2650.0,2653.0,1400,0.0,0.0
2024-08-30 09:50:00+09:00,2653.5,2655.0,2653.5,2653.5,2300,0.0,0.0
2024-08-30 09:55:00+09:00,2655.5,2656.0,2651.5,2655.0,3800,0.0,0.0
2024-08-30 10:00:00+09:00,2655.0,2655.0,2654.0,2654.0,700,0.0,0.0
2024-08-30 10:05:00+09:00,2653.0,2653.0,2651.5,2651.5,300,0.0,0.0
2024-08-30 10:10:00+09:00,2651.5,2653.0,2651.0,2651.5,2500,0.0,0.0
2024-08-30 10:15:00+09:00,2651.0,2659.0,2651.0,2659.0,8200,0.0,0.0
2024-08-30 10:20:00+09:00,2658.5,2663.0,2657.5,2660.5,3600,0.0,0.0
2024-08-30 10:25:00+09:00,2662.0,2662.0,2658.5,2658.5,1500,0.0,0.0
2024-08-30 10:30:00+09:00,2660.5,2660.5,2659.0,2660.0,1200,0.0,0.0
2024-08-30 10:35:00+09:00,2659.0,2660.0,2658.5,2659.5,1500,0.0,0.0
2024-08-30 10:40:00+09:00,2660.0,2661.0,2658.0,2658.0,3800,0.0,0.0
2024-08-30 10:45:00+09:00,2657.5,2658.0,2656.0,2656.0,1400,0.0,0.0
2024-08-30 10:50:00+09:00,2657.0,2657.0,2654.0,2655.5,1900,0.0,0.0
2024-08-30 10:55:00+09:00,2655.5,2655.5,2655.0,2655.0,500,0.0,0.0
2024-08-30 11:00:00+09:00,2656.0,2656.0,2654.0,2654.5,2100,0.0,0.0
2024-08-30 11:05:00+09:00,2654.0,2654.0,2642.0,2642.0,8800,0.0,0.0
2024-08-30 11:10:00+09:00,2642.0,2647.0,2639.5,2647.0,6600,0.0,0.0
2024-08-30 11:15:00+09:00,2645.5,2648.5,2644.0,2648.0,3500,0.0,0.0
2024-08-30 11:20:00+09:00,2648.0,2648.0,2644.0,2644.0,1800,0.0,0.0
2024-08-30 11:25:00+09:00,2644.0,2647.5,2644.0,2646.0,2400,0.0,0.0
2024-08-30 11:30:00+09:00,2649.0,2649.0,2649.0,2649.0,200,0.0,0.0
2024-08-30 11:35:00+09:00,2649.0,2649.0,2649.0,2649.0,0,0.0,0.0
2024-08-30 12:30:00+09:00,2649.0,2654.0,2649.0,2654.0,107600,0.0,0.0
2024-08-30 12:35:00+09:00,2655.5,2656.0,2652.5,2656.0,3500,0.0,0.0
2024-08-30 12:40:00+09:00,2654.5,2656.0,2654.0,2654.0,1800,0.0,0.0
2024-08-30 12:45:00+09:00,2654.5,2656.5,2654.5,2656.0,1300,0.0,0.0
2024-08-30 12:50:00+09:00,2657.5,2657.5,2655.5,2655.5,1700,0.0,0.0
2024-08-30 12:55:00+09:00,2655.0,2660.0,2654.0,2660.0,5500,0.0,0.0
2024-08-30 13:00:00+09:00,2661.0,2661.0,2659.0,2659.0,1500,0.0,0.0
2024-08-30 13:05:00+09:00,2659.0,2659.0,2655.5,2656.5,5000,0.0,0.0
2024-08-30 13:10:00+09:00,2658.0,2658.0,2653.5,2654.5,1300,0.0,0.0
2024-08-30 13:15:00+09:00,2653.0,2653.0,2651.0,2652.0,700,0.0,0.0
2024-08-30 13:20:00+09:00,2652.0,2653.0,2651.0,2652.0,6600,0.0,0.0
2024-08-30 13:25:00+09:00,2653.0,2653.0,2649.5,2649.5,2400,0.0,0.0
2024-08-30 13:30:00+09:00,2648.5,2649.0,2647.5,2649.0,1000,0.0,0.0
2024-08-30 13:35:00+09:00,2649.5,2651.0,2649.0,2650.5,1700,0.0,0.0
2024-08-30 13:40:00+09:00,2652.0,2653.5,2650.5,2653.5,2300,0.0,0.0
2024-08-30 13:45:00+09:00,2654.0,2654.0,2652.5,2653.0,1300,0.0,0.0
2024-08-30 13:50:00+09:00,2652.0,2653.0,2651.0,2651.0,800,0.0,0.0
2024-08-30 13:55:00+09:00,2650.5,2651.0,2649.5,2651.0,2000,0.0,0.0
2024-08-30 14:00:00+09:00,2651.0,2651.0,2649.0,2649.0,1600,0.0,0.0
2024-08-30 14:05:00+09:00,2649.0,2650.5,2649.0,2650.0,1600,0.0,0.0
2024-08-30 14:10:00+09:00,2651.5,2653.0,2651.5,2653.0,1600,0.0,0.0
2024-08-30 14:15:00+09:00,2652.5,2653.5,2650.0,2650.0,2100,0.0,0.0
2024-08-30 14:20:00+09:00,2649.5,2649.5,2649.5,2649.5,200,0.0,0.0
2024-08-30 14:25:00+09:00,2649.0,2652.5,2649.0,2652.5,3800,0.0,0.0
2024-08-30 14:30:00+09:00,2653.0,2654.0,2647.5,2649.0,5900,0.0,0.0
2024-08-30 14:35:00+09:00,2649.5,2651.0,2648.5,2650.5,2100,0.0,0.0
2024-08-30 14:40:00+09:00,2651.0,2654.5,2650.5,2654.5,4600,0.0,0.0
2024-08-30 14:45:00+09:00,2653.0,2656.0,2652.5,2655.5,6700,0.0,0.0
2024-08-30 14:50:00+09:00,2656.0,2657.0,2655.0,2655.5,7800,0.0,0.0
2024-08-30 14:55:00+09:00,2655.5,2659.0,2649.0,2654.0,18500,0.0,0.0
