Datetime,Open,High,Low,Close,Volume,Dividends,Stock Splits
2024-08-01 09:00:00+09:00,1069.0,1069.0,1057.0,1057.0,7100,0.0,0.0
2024-08-01 09:05:00+09:00,1057.0,1057.0,1054.0,1054.0,4800,0.0,0.0
2024-08-01 09:10:00+09:00,1053.0,1053.0,1048.0,1048.0,14200,0.0,0.0
2024-08-01 09:15:00+09:00,1048.0,1049.0,1047.0,1049.0,1000,0.0,0.0
2024-08-01 09:20:00+09:00,1047.0,1047.0,1044.0,1045.0,3400,0.0,0.0
2024-08-01 09:25:00+09:00,1044.0,1045.0,1043.0,1045.0,1000,0.0,0.0
2024-08-01 09:30:00+09:00,1045.0,1045.0,1041.0,1041.0,2000,0.0,0.0
2024-08-01 09:35:00+09:00,1042.0,1043.0,1042.0,1043.0,800,0.0,0.0
2024-08-01 09:40:00+09:00,1043.0,1044.0,1043.0,1043.0,0,0.0,0.0
2024-08-01 09:45:00+09:00,1043.0,1043.0,1041.0,1041.0,36000,0.0,0.0
2024-08-01 09:50:00+09:00,1041.0,1041.0,1040.0,1040.0,3400,0.0,0.0
2024-08-01 09:55:00+09:00,1040.0,1040.0,1037.0,1037.0,5600,0.0,0.0
2024-08-01 10:00:00+09:00,1036.0,1036.0,1035.0,1035.0,400,0.0,0.0
2024-08-01 10:05:00+09:00,1035.0,1035.0,1033.0,1034.0,1800,0.0,0.0
2024-08-01 10:10:00+09:00,1032.0,1035.0,1032.0,1033.0,2500,0.0,0.0
2024-08-01 10:15:00+09:00,1034.0,1034.0,1032.0,1032.0,900,0.0,0.0
2024-08-01 10:20:00+09:00,1033.0,1034.0,1033.0,1034.0,700,0.0,0.0
2024-08-01 10:25:00+09:00,1034.0,1034.0,1034.0,1034.0,200,0.0,0.0
2024-08-01 10:30:00+09:00,1033.0,1033.0,1031.0,1031.0,3000,0.0,0.0
2024-08-01 10:35:00+09:00,1030.0,1030.0,1025.0,1027.0,10900,0.0,0.0
2024-08-01 10:40:00+09:00,1025.0,1025.0,1025.0,1025.0,500,0.0,0.0
2024-08-01 10:45:00+09:00,1026.0,1028.0,1026.0,1026.0,1600,0.0,0.0
2024-08-01 10:50:00+09:00,1026.0,1027.0,1026.0,1027.0,300,0.0,0.0
2024-08-01 10:55:00+09:00,1026.0,1026.0,1025.0,1025.0,300,0.0,0.0
2024-08-01 11:00:00+09:00,1027.0,1029.0,1027.0,1028.0,2400,0.0,0.0
2024-08-01 11:05:00+09:00,1031.0,1032.0,1029.0,1029.0,600,0.0,0.0
2024-08-01 11:10:00+09:00,1028.0,1030.0,1028.0,1030.0,800,0.0,0.0
2024-08-01 11:15:00+09:00,1030.0,1038.0,1030.0,1034.0,8600,0.0,0.0
2024-08-01 11:20:00+09:00,1037.0,1039.0,1037.0,1038.0,1200,0.0,0.0
2024-08-01 11:25:00+09:00,1038.0,1043.0,1038.0,1043.0,3500,0.0,0.0
2024-08-01 11:30:00+09:00,1044.0,1044.0,1044.0,1044.0,100,0.0,0.0
2024-08-01 11:35:00+09:00,1044.0,1044.0,1044.0,1044.0,0,0.0,0.0
2024-08-01 12:30:00+09:00,1045.0,1047.0,1043.0,1044.0,90400,0.0,0.0
2024-08-01 12:35:00+09:00,1043.0,1043.0,1041.0,1041.0,900,0.0,0.0
2024-08-01 12:40:00+09:00,1041.0,1041.0,1041.0,1041.0,300,0.0,0.0
2024-08-01 12:45:00+09:00,1041.0,1044.0,1041.0,1044.0,2800,0.0,0.0
2024-08-01 12:50:00+09:00,1042.0,1045.0,1042.0,1045.0,1200,0.0,0.0
2024-08-01 12:55:00+09:00,1044.0,1045.0,1043.0,1043.0,800,0.0,0.0
2024-08-01 13:00:00+09:00,1043.0,1044.0,1043.0,1044.0,300,0.0,0.0
2024-08-01 13:05:00+09:00,1043.0,1053.0,1043.0,1045.0,19400,0.0,0.0
2024-08-01 13:10:00+09:00,1045.0,1045.0,1044.0,1044.0,1500,0.0,0.0
2024-08-01 13:15:00+09:00,1044.0,1045.0,1044.0,1044.0,1400,0.0,0.0
2024-08-01 13:20:00+09:00,1043.0,1043.0,1043.0,1043.0,300,0.0,0.0
2024-08-01 13:25:00+09:00,1044.0,1044.0,1040.0,1040.0,2100,0.0,0.0
2024-08-01 13:30:00+09:00,1041.0,1041.0,1039.0,1040.0,2300,0.0,0.0
2024-08-01 13:35:00+09:00,1040.0,1040.0,1038.0,1038.0,600,0.0,0.0
2024-08-01 13:40:00+09:00,1038.0,1038.0,1037.0,1037.0,300,0.0,0.0
2024-08-01 13:45:00+09:00,1037.0,1038.0,1037.0,1038.0,400,0.0,0.0
2024-08-01 13:50:00+09:00,1039.0,1039.0,1038.0,1038.0,600,0.0,0.0
2024-08-01 13:55:00+09:00,1038.0,1039.0,1038.0,1039.0,200,0.0,0.0
2024-08-01 14:00:00+09:00,1039.0,1039.0,1039.0,1039.0,300,0.0,0.0
2024-08-01 14:05:00+09:00,1039.0,1040.0,1039.0,1040.0,2400,0.0,0.0
2024-08-01 14:10:00+09:00,1040.0,1041.0,1040.0,1041.0,300,0.0,0.0
2024-08-01 14:15:00+09:00,1041.0,1041.0,1040.0,1041.0,1100,0.0,0.0
2024-08-01 14:20:00+09:00,1042.0,1042.0,1041.0,1041.0,1100,0.0,0.0
2024-08-01 14:25:00+09:00,1041.0,1041.0,1040.0,1040.0,2400,0.0,0.0
2024-08-01 14:30:00+09:00,1040.0,1040.0,1040.0,1040.0,300,0.0,0.0
2024-08-01 14:35:00+09:00,1040.0,1040.0,1040.0,1040.0,900,0.0,0.0
2024-08-01 14:40:00+09:00,1041.0,1041.0,1041.0,1041.0,1000,0.0,0.0
2024-08-01 14:45:00+09:00,1042.0,1042.0,1042.0,1042.0,1500,0.0,0.0
2024-08-01 14:50:00+09:00,1043.0,1043.0,1043.0,1043.0,1300,0.0,0.0
2024-08-01 14:55:00+09:00,1043.0,1043.0,1040.0,1040.0,3500,0.0,0.0
2024-08-02 09:00:00+09:00,1010.0,1014.0,1004.0,1011.0,29800,0.0,0.0
2024-08-02 09:05:00+09:00,1013.0,1013.0,1003.0,1003.0,5700,0.0,0.0
2024-08-02 09:10:00+09:00,1002.0,1004.0,1000.0,1002.0,4600,0.0,0.0
2024-08-02 09:15:00+09:00,1001.0,1004.0,999.0,999.0,11900,0.0,0.0
2024-08-02 09:20:00+09:00,1000.0,1000.0,997.0,997.0,3300,0.0,0.0
2024-08-02 09:25:00+09:00,998.0,998.0,995.0,996.0,6100,0.0,0.0
2024-08-02 09:30:00+09:00,995.0,1002.0,995.0,1001.0,5200,0.0,0.0
2024-08-02 09:35:00+09:00,1002.0,1002.0,1000.0,1001.0,1100,0.0,0.0
2024-08-02 09:40:00+09:00,1001.0,1002.0,1000.0,1002.0,1900,0.0,0.0
2024-08-02 09:45:00+09:00,1002.0,1002.0,997.0,997.0,3300,0.0,0.0
2024-08-02 09:50:00+09:00,998.0,998.0,998.0,998.0,400,0.0,0.0
2024-08-02 09:55:00+09:00,998.0,998.0,994.0,994.0,12900,0.0,0.0
2024-08-02 10:00:00+09:00,995.0,996.0,994.0,994.0,3900,0.0,0.0
2024-08-02 10:05:00+09:00,994.0,997.0,993.0,994.0,4700,0.0,0.0
2024-08-02 10:10:00+09:00,996.0,1000.0,996.0,1000.0,3300,0.0,0.0
2024-08-02 10:15:00+09:00,1000.0,1002.0,1000.0,1001.0,2100,0.0,0.0
2024-08-02 10:20:00+09:00,1001.0,1001.0,1000.0,1000.0,1900,0.0,0.0
2024-08-02 10:25:00+09:00,1000.0,1003.0,1000.0,1000.0,2200,0.0,0.0
2024-08-02 10:30:00+09:00,1002.0,1003.0,1002.0,1002.0,1300,0.0,0.0
2024-08-02 10:40:00+09:00,1004.0,1006.0,1004.0,1006.0,2100,0.0,0.0
2024-08-02 10:45:00+09:00,1006.0,1010.0,1006.0,1009.0,1500,0.0,0.0
2024-08-02 10:50:00+09:00,1008.0,1008.0,1008.0,1008.0,100,0.0,0.0
2024-08-02 10:55:00+09:00,1008.0,1010.0,1008.0,1010.0,1000,0.0,0.0
2024-08-02 11:00:00+09:00,1010.0,1010.0,1008.0,1008.0,1600,0.0,0.0
2024-08-02 11:05:00+09:00,1008.0,1008.0,1008.0,1008.0,600,0.0,0.0
2024-08-02 11:10:00+09:00,1007.0,1007.0,1007.0,1007.0,300,0.0,0.0
2024-08-02 11:15:00+09:00,1008.0,1008.0,1006.0,1006.0,800,0.0,0.0
2024-08-02 11:20:00+09:00,1005.0,1005.0,1004.0,1004.0,1200,0.0,0.0
2024-08-02 11:25:00+09:00,1004.0,1004.0,1004.0,1004.0,500,0.0,0.0
2024-08-02 11:30:00+09:00,1007.0,1007.0,1007.0,1007.0,100,0.0,0.0
2024-08-02 11:35:00+09:00,1007.0,1007.0,1007.0,1007.0,0,0.0,0.0
2024-08-02 12:30:00+09:00,1007.0,1008.0,1005.0,1008.0,122200,0.0,0.0
2024-08-02 12:35:00+09:00,1008.0,1008.0,1006.0,1006.0,800,0.0,0.0
2024-08-02 12:40:00+09:00,1006.0,1006.0,1006.0,1006.0,700,0.0,0.0
2024-08-02 12:45:00+09:00,1005.0,1005.0,1005.0,1005.0,1200,0.0,0.0
2024-08-02 12:50:00+09:00,1006.0,1007.0,1006.0,1006.0,300,0.0,0.0
2024-08-02 12:55:00+09:00,1006.0,1009.0,1006.0,1009.0,1200,0.0,0.0
2024-08-02 13:00:00+09:00,1007.0,1009.0,1007.0,1009.0,500,0.0,0.0
2024-08-02 13:05:00+09:00,1008.0,1009.0,1007.0,1009.0,500,0.0,0.0
2024-08-02 13:10:00+09:00,1008.0,1009.0,1007.0,1007.0,3100,0.0,0.0
2024-08-02 13:15:00+09:00,1007.0,1009.0,1004.0,1005.0,6400,0.0,0.0
2024-08-02 13:20:00+09:00,1006.0,1007.0,1006.0,1006.0,900,0.0,0.0
2024-08-02 13:25:00+09:00,1005.0,1007.0,1005.0,1007.0,1100,0.0,0.0
2024-08-02 13:30:00+09:00,1006.0,1006.0,1006.0,1006.0,200,0.0,0.0
2024-08-02 13:35:00+09:00,1005.0,1005.0,1004.0,1004.0,1300,0.0,0.0
2024-08-02 13:40:00+09:00,1003.0,1004.0,1003.0,1004.0,200,0.0,0.0
2024-08-02 13:45:00+09:00,1003.0,1003.0,1003.0,1003.0,500,0.0,0.0
2024-08-02 13:50:00+09:00,1002.0,1002.0,1001.0,1001.0,1900,0.0,0.0
2024-08-02 13:55:00+09:00,1001.0,1002.0,1001.0,1002.0,400,0.0,0.0
2024-08-02 14:00:00+09:00,1003.0,1003.0,1003.0,1003.0,500,0.0,0.0
2024-08-02 14:10:00+09:00,1003.0,1003.0,1000.0,1000.0,7400,0.0,0.0
2024-08-02 14:15:00+09:00,1000.0,1001.0,1000.0,1001.0,1600,0.0,0.0
2024-08-02 14:20:00+09:00,1000.0,1001.0,1000.0,1000.0,3800,0.0,0.0
2024-08-02 14:25:00+09:00,1000.0,1000.0,999.0,999.0,5200,0.0,0.0
2024-08-02 14:30:00+09:00,999.0,999.0,999.0,999.0,400,0.0,0.0
2024-08-02 14:35:00+09:00,998.0,999.0,993.0,995.0,14300,0.0,0.0
2024-08-02 14:40:00+09:00,995.0,996.0,993.0,996.0,3200,0.0,0.0
2024-08-02 14:45:00+09:00,994.0,995.0,994.0,995.0,1500,0.0,0.0
2024-08-02 14:50:00+09:00,994.0,995.0,993.0,995.0,4800,0.0,0.0
2024-08-02 14:55:00+09:00,994.0,995.0,992.0,992.0,4400,0.0,0.0
2024-08-05 09:05:00+09:00,946.0,952.0,945.0,950.0,74400,0.0,0.0
2024-08-05 09:10:00+09:00,947.0,947.0,932.0,932.0,4900,0.0,0.0
2024-08-05 09:15:00+09:00,933.0,933.0,927.0,932.0,13700,0.0,0.0
2024-08-05 09:20:00+09:00,930.0,931.0,927.0,928.0,5400,0.0,0.0
2024-08-05 09:25:00+09:00,931.0,941.0,928.0,941.0,8400,0.0,0.0
2024-08-05 09:30:00+09:00,940.0,948.0,939.0,946.0,1800,0.0,0.0
2024-08-05 09:35:00+09:00,949.0,949.0,944.0,945.0,3600,0.0,0.0
2024-08-05 09:40:00+09:00,947.0,951.0,946.0,951.0,2400,0.0,0.0
2024-08-05 09:45:00+09:00,950.0,951.0,948.0,949.0,3500,0.0,0.0
2024-08-05 09:50:00+09:00,950.0,951.0,950.0,950.0,400,0.0,0.0
2024-08-05 09:55:00+09:00,950.0,954.0,949.0,951.0,3200,0.0,0.0
2024-08-05 10:00:00+09:00,952.0,957.0,951.0,954.0,2300,0.0,0.0
2024-08-05 10:05:00+09:00,953.0,953.0,947.0,948.0,5400,0.0,0.0
2024-08-05 10:10:00+09:00,949.0,952.0,948.0,948.0,1800,0.0,0.0
2024-08-05 10:15:00+09:00,949.0,952.0,949.0,951.0,800,0.0,0.0
2024-08-05 10:20:00+09:00,952.0,952.0,948.0,948.0,1300,0.0,0.0
2024-08-05 10:25:00+09:00,948.0,949.0,946.0,946.0,1100,0.0,0.0
2024-08-05 10:30:00+09:00,947.0,951.0,947.0,951.0,2100,0.0,0.0
2024-08-05 10:35:00+09:00,951.0,951.0,949.0,950.0,1700,0.0,0.0
2024-08-05 10:40:00+09:00,951.0,953.0,948.0,948.0,3900,0.0,0.0
2024-08-05 10:45:00+09:00,949.0,954.0,947.0,949.0,8000,0.0,0.0
2024-08-05 10:50:00+09:00,950.0,950.0,946.0,947.0,3500,0.0,0.0
2024-08-05 10:55:00+09:00,946.0,947.0,940.0,940.0,14000,0.0,0.0
2024-08-05 11:00:00+09:00,942.0,947.0,942.0,945.0,5100,0.0,0.0
2024-08-05 11:05:00+09:00,945.0,945.0,943.0,943.0,1200,0.0,0.0
2024-08-05 11:10:00+09:00,944.0,944.0,944.0,944.0,100,0.0,0.0
2024-08-05 11:15:00+09:00,944.0,946.0,944.0,946.0,1000,0.0,0.0
2024-08-05 11:20:00+09:00,948.0,952.0,948.0,952.0,1500,0.0,0.0
2024-08-05 11:25:00+09:00,953.0,957.0,952.0,957.0,2700,0.0,0.0
2024-08-05 11:30:00+09:00,955.0,955.0,954.0,954.0,6100,0.0,0.0
2024-08-05 11:35:00+09:00,954.0,954.0,954.0,954.0,0,0.0,0.0
2024-08-05 12:30:00+09:00,950.0,953.0,949.0,950.0,196800,0.0,0.0
2024-08-05 12:35:00+09:00,949.0,951.0,947.0,951.0,0,0.0,0.0
2024-08-05 12:40:00+09:00,949.0,949.0,946.0,946.0,201300,0.0,0.0
2024-08-05 12:45:00+09:00,945.0,947.0,945.0,947.0,5100,0.0,0.0
2024-08-05 12:50:00+09:00,945.0,945.0,942.0,942.0,7100,0.0,0.0
2024-08-05 12:55:00+09:00,941.0,941.0,938.0,938.0,3000,0.0,0.0
2024-08-05 13:00:00+09:00,937.0,937.0,933.0,933.0,3800,0.0,0.0
2024-08-05 13:05:00+09:00,933.0,934.0,932.0,932.0,2800,0.0,0.0
2024-08-05 13:10:00+09:00,933.0,933.0,931.0,931.0,4900,0.0,0.0
2024-08-05 13:15:00+09:00,931.0,931.0,929.0,929.0,3100,0.0,0.0
2024-08-05 13:20:00+09:00,929.0,929.0,925.0,925.0,6200,0.0,0.0
2024-08-05 13:25:00+09:00,925.0,925.0,922.0,924.0,3800,0.0,0.0
2024-08-05 13:30:00+09:00,924.0,924.0,920.0,920.0,4100,0.0,0.0
2024-08-05 13:35:00+09:00,921.0,924.0,921.0,924.0,2800,0.0,0.0
2024-08-05 13:40:00+09:00,922.0,922.0,912.0,915.0,9300,0.0,0.0
2024-08-05 13:45:00+09:00,913.0,915.0,911.0,911.0,1000,0.0,0.0
2024-08-05 13:50:00+09:00,913.0,915.0,912.0,912.0,1900,0.0,0.0
2024-08-05 13:55:00+09:00,912.0,912.0,910.0,910.0,5800,0.0,0.0
2024-08-05 14:00:00+09:00,909.0,909.0,902.0,902.0,7900,0.0,0.0
2024-08-05 14:05:00+09:00,902.0,906.0,900.0,900.0,15500,0.0,0.0
2024-08-05 14:10:00+09:00,899.0,900.0,895.0,895.0,4500,0.0,0.0
2024-08-05 14:15:00+09:00,894.0,895.0,891.0,891.0,3300,0.0,0.0
2024-08-05 14:20:00+09:00,892.0,892.0,882.0,886.0,5600,0.0,0.0
2024-08-05 14:25:00+09:00,886.0,886.0,872.0,877.0,11100,0.0,0.0
2024-08-05 14:30:00+09:00,878.0,881.0,862.0,870.0,11700,0.0,0.0
2024-08-05 14:35:00+09:00,870.0,870.0,864.0,864.0,3600,0.0,0.0
2024-08-05 14:40:00+09:00,869.0,871.0,866.0,871.0,9300,0.0,0.0
2024-08-05 14:45:00+09:00,872.0,872.0,868.0,870.0,3900,0.0,0.0
2024-08-05 14:50:00+09:00,868.0,868.0,862.0,864.0,8900,0.0,0.0
2024-08-05 14:55:00+09:00,864.0,875.0,861.0,870.0,9900,0.0,0.0
2024-08-06 09:10:00+09:00,949.0,953.0,934.0,940.0,23400,0.0,0.0
2024-08-06 09:15:00+09:00,940.0,940.0,931.0,940.0,3700,0.0,0.0
2024-08-06 09:20:00+09:00,943.0,958.0,941.0,957.0,3600,0.0,0.0
2024-08-06 09:25:00+09:00,954.0,954.0,949.0,949.0,600,0.0,0.0
2024-08-06 09:30:00+09:00,951.0,962.0,951.0,962.0,2200,0.0,0.0
2024-08-06 09:35:00+09:00,965.0,970.0,965.0,968.0,2400,0.0,0.0
2024-08-06 09:40:00+09:00,970.0,973.0,966.0,968.0,4800,0.0,0.0
2024-08-06 09:45:00+09:00,970.0,976.0,970.0,975.0,5700,0.0,0.0
2024-08-06 09:50:00+09:00,976.0,978.0,975.0,975.0,1900,0.0,0.0
2024-08-06 09:55:00+09:00,977.0,980.0,975.0,980.0,4000,0.0,0.0
2024-08-06 10:00:00+09:00,980.0,980.0,977.0,977.0,2200,0.0,0.0
2024-08-06 10:05:00+09:00,978.0,980.0,976.0,976.0,1000,0.0,0.0
2024-08-06 10:10:00+09:00,977.0,978.0,976.0,978.0,1900,0.0,0.0
2024-08-06 10:15:00+09:00,978.0,979.0,973.0,973.0,3100,0.0,0.0
2024-08-06 10:20:00+09:00,973.0,974.0,973.0,974.0,500,0.0,0.0
2024-08-06 10:25:00+09:00,974.0,974.0,967.0,967.0,2100,0.0,0.0
2024-08-06 10:30:00+09:00,967.0,968.0,966.0,968.0,1700,0.0,0.0
2024-08-06 10:35:00+09:00,965.0,966.0,961.0,961.0,1400,0.0,0.0
2024-08-06 10:40:00+09:00,961.0,961.0,954.0,954.0,1000,0.0,0.0
2024-08-06 10:45:00+09:00,954.0,955.0,950.0,954.0,7500,0.0,0.0
2024-08-06 10:50:00+09:00,956.0,957.0,956.0,957.0,700,0.0,0.0
2024-08-06 10:55:00+09:00,960.0,964.0,960.0,964.0,1000,0.0,0.0
2024-08-06 11:00:00+09:00,964.0,969.0,964.0,969.0,1000,0.0,0.0
2024-08-06 11:05:00+09:00,970.0,970.0,970.0,970.0,100,0.0,0.0
2024-08-06 11:10:00+09:00,967.0,967.0,964.0,966.0,900,0.0,0.0
2024-08-06 11:15:00+09:00,966.0,967.0,966.0,967.0,900,0.0,0.0
2024-08-06 11:20:00+09:00,967.0,967.0,967.0,967.0,200,0.0,0.0
2024-08-06 11:25:00+09:00,968.0,968.0,968.0,968.0,300,0.0,0.0
2024-08-06 11:30:00+09:00,958.0,958.0,958.0,958.0,4900,0.0,0.0
2024-08-06 11:35:00+09:00,958.0,958.0,958.0,958.0,0,0.0,0.0
2024-08-06 12:30:00+09:00,967.0,969.0,966.0,967.0,89200,0.0,0.0
2024-08-06 12:35:00+09:00,967.0,970.0,967.0,970.0,5800,0.0,0.0
2024-08-06 12:40:00+09:00,971.0,974.0,971.0,974.0,2600,0.0,0.0
2024-08-06 12:45:00+09:00,975.0,977.0,975.0,977.0,700,0.0,0.0
2024-08-06 12:50:00+09:00,977.0,979.0,976.0,977.0,900,0.0,0.0
2024-08-06 12:55:00+09:00,978.0,978.0,976.0,976.0,700,0.0,0.0
2024-08-06 13:00:00+09:00,977.0,977.0,977.0,977.0,300,0.0,0.0
2024-08-06 13:10:00+09:00,977.0,977.0,976.0,976.0,1000,0.0,0.0
2024-08-06 13:15:00+09:00,975.0,975.0,973.0,973.0,1700,0.0,0.0
2024-08-06 13:25:00+09:00,972.0,972.0,970.0,970.0,900,0.0,0.0
2024-08-06 13:30:00+09:00,970.0,970.0,966.0,966.0,1900,0.0,0.0
2024-08-06 13:35:00+09:00,964.0,966.0,964.0,964.0,700,0.0,0.0
2024-08-06 13:40:00+09:00,964.0,964.0,963.0,964.0,4100,0.0,0.0
2024-08-06 13:45:00+09:00,963.0,965.0,962.0,965.0,2000,0.0,0.0
2024-08-06 13:50:00+09:00,966.0,968.0,964.0,965.0,2700,0.0,0.0
2024-08-06 13:55:00+09:00,964.0,964.0,961.0,962.0,1300,0.0,0.0
2024-08-06 14:00:00+09:00,962.0,962.0,960.0,960.0,1600,0.0,0.0
2024-08-06 14:05:00+09:00,959.0,959.0,955.0,959.0,1900,0.0,0.0
2024-08-06 14:10:00+09:00,959.0,961.0,959.0,961.0,1200,0.0,0.0
2024-08-06 14:15:00+09:00,961.0,961.0,961.0,961.0,600,0.0,0.0
2024-08-06 14:20:00+09:00,962.0,967.0,962.0,967.0,2200,0.0,0.0
2024-08-06 14:25:00+09:00,966.0,969.0,966.0,969.0,600,0.0,0.0
2024-08-06 14:30:00+09:00,969.0,973.0,969.0,973.0,1400,0.0,0.0
2024-08-06 14:35:00+09:00,974.0,974.0,970.0,970.0,3100,0.0,0.0
2024-08-06 14:40:00+09:00,971.0,975.0,971.0,975.0,1400,0.0,0.0
2024-08-06 14:45:00+09:00,974.0,974.0,971.0,972.0,900,0.0,0.0
2024-08-06 14:50:00+09:00,972.0,975.0,971.0,975.0,1400,0.0,0.0
2024-08-06 14:55:00+09:00,973.0,974.0,971.0,974.0,3600,0.0,0.0
2024-08-07 09:00:00+09:00,971.0,971.0,964.0,964.0,4500,0.0,0.0
2024-08-07 09:05:00+09:00,963.0,969.0,958.0,962.0,4200,0.0,0.0
2024-08-07 09:10:00+09:00,963.0,966.0,956.0,956.0,2900,0.0,0.0
2024-08-07 09:15:00+09:00,956.0,963.0,955.0,955.0,4700,0.0,0.0
2024-08-07 09:20:00+09:00,958.0,964.0,957.0,964.0,600,0.0,0.0
2024-08-07 09:25:00+09:00,968.0,968.0,962.0,967.0,3200,0.0,0.0
2024-08-07 09:30:00+09:00,967.0,969.0,963.0,969.0,5200,0.0,0.0
2024-08-07 09:35:00+09:00,968.0,969.0,966.0,969.0,500,0.0,0.0
2024-08-07 09:40:00+09:00,967.0,970.0,967.0,970.0,0,0.0,0.0
2024-08-07 09:45:00+09:00,972.0,974.0,971.0,974.0,27600,0.0,0.0
2024-08-07 09:50:00+09:00,973.0,974.0,972.0,973.0,800,0.0,0.0
2024-08-07 09:55:00+09:00,974.0,974.0,971.0,971.0,5500,0.0,0.0
2024-08-07 10:00:00+09:00,970.0,972.0,968.0,968.0,1600,0.0,0.0
2024-08-07 10:05:00+09:00,967.0,970.0,966.0,970.0,1600,0.0,0.0
2024-08-07 10:10:00+09:00,970.0,971.0,967.0,970.0,900,0.0,0.0
2024-08-07 10:15:00+09:00,969.0,971.0,968.0,971.0,700,0.0,0.0
2024-08-07 10:20:00+09:00,973.0,973.0,973.0,973.0,200,0.0,0.0
2024-08-07 10:25:00+09:00,975.0,975.0,974.0,974.0,200,0.0,0.0
2024-08-07 10:30:00+09:00,974.0,978.0,974.0,978.0,1200,0.0,0.0
2024-08-07 10:35:00+09:00,980.0,983.0,980.0,983.0,1900,0.0,0.0
2024-08-07 10:40:00+09:00,982.0,986.0,982.0,985.0,800,0.0,0.0
2024-08-07 10:45:00+09:00,988.0,990.0,987.0,988.0,1500,0.0,0.0
2024-08-07 10:50:00+09:00,990.0,998.0,990.0,995.0,1300,0.0,0.0
2024-08-07 10:55:00+09:00,995.0,996.0,995.0,996.0,1300,0.0,0.0
2024-08-07 11:00:00+09:00,993.0,993.0,986.0,987.0,1800,0.0,0.0
2024-08-07 11:05:00+09:00,988.0,992.0,983.0,992.0,2100,0.0,0.0
2024-08-07 11:10:00+09:00,990.0,990.0,988.0,989.0,400,0.0,0.0
2024-08-07 11:15:00+09:00,992.0,992.0,992.0,992.0,100,0.0,0.0
2024-08-07 11:20:00+09:00,992.0,992.0,992.0,992.0,100,0.0,0.0
2024-08-07 11:25:00+09:00,992.0,997.0,991.0,991.0,2100,0.0,0.0
2024-08-07 11:30:00+09:00,993.0,993.0,993.0,993.0,500,0.0,0.0
2024-08-07 11:35:00+09:00,993.0,993.0,993.0,993.0,0,0.0,0.0
2024-08-07 12:30:00+09:00,978.0,988.0,969.0,987.0,0,0.0,0.0
2024-08-07 12:35:00+09:00,988.0,990.0,988.0,989.0,71500,0.0,0.0
2024-08-07 12:40:00+09:00,992.0,993.0,990.0,990.0,1000,0.0,0.0
2024-08-07 12:45:00+09:00,990.0,993.0,989.0,990.0,1100,0.0,0.0
2024-08-07 12:50:00+09:00,988.0,988.0,986.0,986.0,700,0.0,0.0
2024-08-07 12:55:00+09:00,987.0,987.0,986.0,986.0,500,0.0,0.0
2024-08-07 13:00:00+09:00,988.0,990.0,987.0,990.0,1300,0.0,0.0
2024-08-07 13:05:00+09:00,990.0,991.0,990.0,991.0,300,0.0,0.0
2024-08-07 13:10:00+09:00,991.0,991.0,990.0,990.0,1300,0.0,0.0
2024-08-07 13:15:00+09:00,990.0,990.0,985.0,985.0,1200,0.0,0.0
2024-08-07 13:20:00+09:00,987.0,988.0,986.0,986.0,1500,0.0,0.0
2024-08-07 13:25:00+09:00,985.0,987.0,985.0,987.0,1100,0.0,0.0
2024-08-07 13:30:00+09:00,988.0,989.0,988.0,989.0,800,0.0,0.0
2024-08-07 13:35:00+09:00,991.0,991.0,991.0,991.0,300,0.0,0.0
2024-08-07 13:40:00+09:00,993.0,993.0,991.0,992.0,1600,0.0,0.0
2024-08-07 13:45:00+09:00,992.0,992.0,991.0,992.0,500,0.0,0.0
2024-08-07 13:50:00+09:00,992.0,992.0,992.0,992.0,100,0.0,0.0
2024-08-07 13:55:00+09:00,992.0,992.0,992.0,992.0,100,0.0,0.0
2024-08-07 14:00:00+09:00,991.0,991.0,988.0,988.0,1400,0.0,0.0
2024-08-07 14:05:00+09:00,989.0,991.0,989.0,991.0,1300,0.0,0.0
2024-08-07 14:10:00+09:00,991.0,991.0,990.0,991.0,800,0.0,0.0
2024-08-07 14:15:00+09:00,990.0,990.0,990.0,990.0,300,0.0,0.0
2024-08-07 14:20:00+09:00,988.0,989.0,987.0,989.0,2200,0.0,0.0
2024-08-07 14:25:00+09:00,989.0,991.0,989.0,991.0,1200,0.0,0.0
2024-08-07 14:30:00+09:00,991.0,992.0,989.0,992.0,2400,0.0,0.0
2024-08-07 14:35:00+09:00,991.0,991.0,985.0,986.0,1700,0.0,0.0
2024-08-07 14:40:00+09:00,985.0,985.0,981.0,981.0,1000,0.0,0.0
2024-08-07 14:45:00+09:00,980.0,981.0,980.0,981.0,1000,0.0,0.0
2024-08-07 14:50:00+09:00,980.0,980.0,976.0,977.0,1700,0.0,0.0
2024-08-07 14:55:00+09:00,978.0,978.0,971.0,971.0,2600,0.0,0.0
2024-08-08 09:00:00+09:00,977.0,987.0,972.0,983.0,8300,0.0,0.0
2024-08-08 09:10:00+09:00,977.0,977.0,973.0,975.0,800,0.0,0.0
2024-08-08 09:15:00+09:00,976.0,979.0,972.0,979.0,2300,0.0,0.0
2024-08-08 09:20:00+09:00,980.0,980.0,977.0,977.0,800,0.0,0.0
2024-08-08 09:25:00+09:00,979.0,980.0,977.0,980.0,1000,0.0,0.0
2024-08-08 09:30:00+09:00,977.0,978.0,974.0,976.0,2200,0.0,0.0
2024-08-08 09:35:00+09:00,977.0,977.0,972.0,975.0,1700,0.0,0.0
2024-08-08 09:40:00+09:00,971.0,974.0,968.0,970.0,5600,0.0,0.0
2024-08-08 09:45:00+09:00,967.0,968.0,965.0,966.0,1300,0.0,0.0
2024-08-08 09:50:00+09:00,967.0,970.0,967.0,970.0,600,0.0,0.0
2024-08-08 09:55:00+09:00,969.0,970.0,969.0,970.0,400,0.0,0.0
2024-08-08 10:00:00+09:00,971.0,971.0,971.0,971.0,300,0.0,0.0
2024-08-08 10:05:00+09:00,972.0,972.0,972.0,972.0,100,0.0,0.0
2024-08-08 10:10:00+09:00,972.0,973.0,972.0,973.0,500,0.0,0.0
2024-08-08 10:15:00+09:00,974.0,974.0,973.0,973.0,1300,0.0,0.0
2024-08-08 10:25:00+09:00,974.0,975.0,973.0,975.0,700,0.0,0.0
2024-08-08 10:40:00+09:00,975.0,975.0,975.0,975.0,100,0.0,0.0
2024-08-08 10:45:00+09:00,974.0,974.0,974.0,974.0,100,0.0,0.0
2024-08-08 10:50:00+09:00,972.0,972.0,972.0,972.0,200,0.0,0.0
2024-08-08 10:55:00+09:00,973.0,974.0,973.0,974.0,200,0.0,0.0
2024-08-08 11:00:00+09:00,974.0,974.0,973.0,973.0,400,0.0,0.0
2024-08-08 11:10:00+09:00,975.0,977.0,975.0,977.0,500,0.0,0.0
2024-08-08 11:15:00+09:00,976.0,977.0,976.0,976.0,300,0.0,0.0
2024-08-08 11:20:00+09:00,981.0,982.0,981.0,982.0,800,0.0,0.0
2024-08-08 11:25:00+09:00,984.0,984.0,982.0,982.0,200,0.0,0.0
2024-08-08 11:30:00+09:00,979.0,979.0,979.0,979.0,100,0.0,0.0
2024-08-08 11:35:00+09:00,979.0,979.0,979.0,979.0,0,0.0,0.0
2024-08-08 12:30:00+09:00,980.0,985.0,980.0,984.0,32400,0.0,0.0
2024-08-08 12:35:00+09:00,983.0,983.0,982.0,982.0,500,0.0,0.0
2024-08-08 12:45:00+09:00,983.0,983.0,981.0,981.0,600,0.0,0.0
2024-08-08 12:50:00+09:00,980.0,981.0,979.0,980.0,1200,0.0,0.0
2024-08-08 12:55:00+09:00,981.0,981.0,978.0,978.0,1100,0.0,0.0
2024-08-08 13:00:00+09:00,975.0,975.0,968.0,968.0,11200,0.0,0.0
2024-08-08 13:05:00+09:00,970.0,973.0,970.0,970.0,1200,0.0,0.0
2024-08-08 13:10:00+09:00,973.0,973.0,973.0,973.0,100,0.0,0.0
2024-08-08 13:15:00+09:00,971.0,974.0,971.0,971.0,1500,0.0,0.0
2024-08-08 13:20:00+09:00,972.0,975.0,972.0,975.0,1200,0.0,0.0
2024-08-08 13:25:00+09:00,974.0,975.0,973.0,975.0,1200,0.0,0.0
2024-08-08 13:30:00+09:00,974.0,974.0,974.0,974.0,200,0.0,0.0
2024-08-08 13:35:00+09:00,974.0,974.0,970.0,970.0,1100,0.0,0.0
2024-08-08 13:40:00+09:00,971.0,971.0,971.0,971.0,200,0.0,0.0
2024-08-08 13:45:00+09:00,971.0,971.0,970.0,970.0,1200,0.0,0.0
2024-08-08 13:50:00+09:00,970.0,971.0,969.0,970.0,500,0.0,0.0
2024-08-08 13:55:00+09:00,970.0,971.0,969.0,971.0,1000,0.0,0.0
2024-08-08 14:00:00+09:00,972.0,972.0,967.0,971.0,4400,0.0,0.0
2024-08-08 14:05:00+09:00,970.0,970.0,970.0,970.0,100,0.0,0.0
2024-08-08 14:10:00+09:00,971.0,973.0,971.0,972.0,2500,0.0,0.0
2024-08-08 14:15:00+09:00,971.0,973.0,971.0,971.0,2000,0.0,0.0
2024-08-08 14:20:00+09:00,970.0,970.0,970.0,970.0,400,0.0,0.0
2024-08-08 14:25:00+09:00,969.0,969.0,968.0,968.0,700,0.0,0.0
2024-08-08 14:30:00+09:00,969.0,970.0,969.0,969.0,900,0.0,0.0
2024-08-08 14:35:00+09:00,968.0,968.0,967.0,967.0,800,0.0,0.0
2024-08-08 14:40:00+09:00,966.0,967.0,966.0,966.0,1200,0.0,0.0
2024-08-08 14:45:00+09:00,966.0,966.0,966.0,966.0,300,0.0,0.0
2024-08-08 14:50:00+09:00,965.0,965.0,964.0,965.0,2900,0.0,0.0
2024-08-08 14:55:00+09:00,965.0,967.0,963.0,963.0,2000,0.0,0.0
2024-08-09 09:00:00+09:00,974.0,974.0,955.0,955.0,25300,0.0,0.0
2024-08-09 09:05:00+09:00,954.0,959.0,946.0,959.0,12500,0.0,0.0
2024-08-09 09:10:00+09:00,957.0,957.0,953.0,954.0,2500,0.0,0.0
2024-08-09 09:15:00+09:00,954.0,962.0,952.0,962.0,2800,0.0,0.0
2024-08-09 09:20:00+09:00,960.0,965.0,960.0,965.0,1700,0.0,0.0
2024-08-09 09:25:00+09:00,963.0,963.0,961.0,961.0,600,0.0,0.0
2024-08-09 09:30:00+09:00,964.0,967.0,964.0,967.0,900,0.0,0.0
2024-08-09 09:35:00+09:00,969.0,971.0,966.0,966.0,1500,0.0,0.0
2024-08-09 09:40:00+09:00,966.0,966.0,962.0,964.0,1200,0.0,0.0
2024-08-09 09:45:00+09:00,964.0,964.0,964.0,964.0,100,0.0,0.0
2024-08-09 09:50:00+09:00,965.0,972.0,965.0,970.0,1700,0.0,0.0
2024-08-09 09:55:00+09:00,969.0,969.0,967.0,969.0,1300,0.0,0.0
2024-08-09 10:00:00+09:00,966.0,966.0,966.0,966.0,100,0.0,0.0
2024-08-09 10:05:00+09:00,967.0,967.0,965.0,965.0,800,0.0,0.0
2024-08-09 10:10:00+09:00,962.0,962.0,961.0,962.0,500,0.0,0.0
2024-08-09 10:15:00+09:00,964.0,965.0,964.0,965.0,400,0.0,0.0
2024-08-09 10:20:00+09:00,963.0,963.0,962.0,962.0,300,0.0,0.0
2024-08-09 10:25:00+09:00,961.0,961.0,960.0,961.0,400,0.0,0.0
2024-08-09 10:30:00+09:00,960.0,963.0,960.0,962.0,1300,0.0,0.0
2024-08-09 10:35:00+09:00,963.0,963.0,963.0,963.0,100,0.0,0.0
2024-08-09 10:40:00+09:00,962.0,967.0,962.0,966.0,700,0.0,0.0
2024-08-09 10:45:00+09:00,965.0,965.0,963.0,963.0,300,0.0,0.0
2024-08-09 10:50:00+09:00,963.0,964.0,963.0,964.0,300,0.0,0.0
2024-08-09 10:55:00+09:00,965.0,965.0,963.0,963.0,300,0.0,0.0
2024-08-09 11:05:00+09:00,963.0,965.0,959.0,962.0,3000,0.0,0.0
2024-08-09 11:10:00+09:00,961.0,961.0,961.0,961.0,100,0.0,0.0
2024-08-09 11:20:00+09:00,961.0,964.0,961.0,964.0,900,0.0,0.0
2024-08-09 11:25:00+09:00,962.0,965.0,962.0,964.0,3700,0.0,0.0
2024-08-09 11:30:00+09:00,963.0,963.0,963.0,963.0,100,0.0,0.0
2024-08-09 11:35:00+09:00,963.0,963.0,963.0,963.0,0,0.0,0.0
2024-08-09 12:30:00+09:00,960.0,965.0,960.0,965.0,81400,0.0,0.0
2024-08-09 12:35:00+09:00,965.0,966.0,964.0,964.0,1100,0.0,0.0
2024-08-09 12:40:00+09:00,963.0,963.0,963.0,963.0,200,0.0,0.0
2024-08-09 12:45:00+09:00,960.0,962.0,960.0,962.0,1900,0.0,0.0
2024-08-09 12:50:00+09:00,959.0,959.0,957.0,958.0,3000,0.0,0.0
2024-08-09 13:00:00+09:00,959.0,959.0,959.0,959.0,200,0.0,0.0
2024-08-09 13:05:00+09:00,957.0,959.0,956.0,959.0,1200,0.0,0.0
2024-08-09 13:10:00+09:00,957.0,957.0,955.0,955.0,600,0.0,0.0
2024-08-09 13:15:00+09:00,955.0,955.0,954.0,954.0,800,0.0,0.0
2024-08-09 13:20:00+09:00,955.0,955.0,954.0,955.0,700,0.0,0.0
2024-08-09 13:25:00+09:00,953.0,953.0,948.0,952.0,2900,0.0,0.0
2024-08-09 13:30:00+09:00,951.0,952.0,950.0,950.0,1200,0.0,0.0
2024-08-09 13:35:00+09:00,950.0,950.0,950.0,950.0,500,0.0,0.0
2024-08-09 13:40:00+09:00,949.0,949.0,947.0,947.0,900,0.0,0.0
2024-08-09 13:45:00+09:00,948.0,951.0,948.0,951.0,1700,0.0,0.0
2024-08-09 13:50:00+09:00,949.0,949.0,949.0,949.0,100,0.0,0.0
2024-08-09 13:55:00+09:00,947.0,947.0,943.0,946.0,7800,0.0,0.0
2024-08-09 14:00:00+09:00,945.0,947.0,944.0,944.0,1300,0.0,0.0
2024-08-09 14:05:00+09:00,946.0,946.0,946.0,946.0,200,0.0,0.0
2024-08-09 14:10:00+09:00,947.0,949.0,947.0,948.0,1200,0.0,0.0
2024-08-09 14:15:00+09:00,950.0,954.0,950.0,954.0,3100,0.0,0.0
2024-08-09 14:20:00+09:00,953.0,955.0,952.0,955.0,1300,0.0,0.0
2024-08-09 14:25:00+09:00,955.0,955.0,955.0,955.0,100,0.0,0.0
2024-08-09 14:30:00+09:00,956.0,958.0,956.0,956.0,1300,0.0,0.0
2024-08-09 14:35:00+09:00,958.0,959.0,958.0,958.0,500,0.0,0.0
2024-08-09 14:40:00+09:00,957.0,960.0,957.0,960.0,1400,0.0,0.0
2024-08-09 14:45:00+09:00,961.0,962.0,960.0,960.0,600,0.0,0.0
2024-08-09 14:50:00+09:00,960.0,961.0,959.0,961.0,1900,0.0,0.0
2024-08-09 14:55:00+09:00,962.0,962.0,959.0,959.0,1100,0.0,0.0
2024-08-13 09:00:00+09:00,970.0,973.0,970.0,973.0,9000,0.0,0.0
2024-08-13 09:05:00+09:00,973.0,973.0,970.0,970.0,400,0.0,0.0
2024-08-13 09:10:00+09:00,971.0,971.0,969.0,969.0,200,0.0,0.0
2024-08-13 09:15:00+09:00,969.0,970.0,968.0,970.0,500,0.0,0.0
2024-08-13 09:20:00+09:00,972.0,975.0,972.0,972.0,2100,0.0,0.0
2024-08-13 09:25:00+09:00,973.0,973.0,972.0,972.0,300,0.0,0.0
2024-08-13 09:30:00+09:00,974.0,975.0,974.0,975.0,1100,0.0,0.0
2024-08-13 09:35:00+09:00,975.0,976.0,975.0,976.0,2500,0.0,0.0
2024-08-13 09:40:00+09:00,976.0,984.0,976.0,984.0,3200,0.0,0.0
2024-08-13 09:45:00+09:00,984.0,987.0,984.0,987.0,800,0.0,0.0
2024-08-13 09:50:00+09:00,987.0,987.0,986.0,987.0,1000,0.0,0.0
2024-08-13 09:55:00+09:00,988.0,990.0,987.0,988.0,1100,0.0,0.0
2024-08-13 10:00:00+09:00,986.0,986.0,985.0,985.0,1600,0.0,0.0
2024-08-13 10:05:00+09:00,984.0,984.0,983.0,983.0,200,0.0,0.0
2024-08-13 10:10:00+09:00,982.0,984.0,982.0,984.0,200,0.0,0.0
2024-08-13 10:15:00+09:00,986.0,988.0,986.0,988.0,800,0.0,0.0
2024-08-13 10:20:00+09:00,989.0,989.0,988.0,988.0,400,0.0,0.0
2024-08-13 10:25:00+09:00,988.0,989.0,988.0,989.0,200,0.0,0.0
2024-08-13 10:35:00+09:00,992.0,992.0,992.0,992.0,100,0.0,0.0
2024-08-13 10:40:00+09:00,992.0,992.0,992.0,992.0,100,0.0,0.0
2024-08-13 10:45:00+09:00,991.0,991.0,991.0,991.0,400,0.0,0.0
2024-08-13 10:50:00+09:00,990.0,990.0,988.0,988.0,400,0.0,0.0
2024-08-13 11:00:00+09:00,988.0,988.0,986.0,986.0,600,0.0,0.0
2024-08-13 11:15:00+09:00,986.0,988.0,986.0,988.0,600,0.0,0.0
2024-08-13 11:20:00+09:00,988.0,988.0,988.0,988.0,300,0.0,0.0
2024-08-13 11:30:00+09:00,987.0,987.0,987.0,987.0,100,0.0,0.0
2024-08-13 11:35:00+09:00,987.0,987.0,987.0,987.0,0,0.0,0.0
2024-08-13 12:30:00+09:00,987.0,988.0,987.0,987.0,29600,0.0,0.0
2024-08-13 12:35:00+09:00,986.0,988.0,986.0,988.0,300,0.0,0.0
2024-08-13 12:40:00+09:00,985.0,987.0,985.0,987.0,200,0.0,0.0
2024-08-13 12:45:00+09:00,985.0,985.0,985.0,985.0,200,0.0,0.0
2024-08-13 12:50:00+09:00,985.0,985.0,985.0,985.0,100,0.0,0.0
2024-08-13 12:55:00+09:00,985.0,985.0,985.0,985.0,100,0.0,0.0
2024-08-13 13:00:00+09:00,985.0,985.0,985.0,985.0,200,0.0,0.0
2024-08-13 13:10:00+09:00,985.0,985.0,985.0,985.0,600,0.0,0.0
2024-08-13 13:20:00+09:00,985.0,988.0,985.0,988.0,800,0.0,0.0
2024-08-13 13:30:00+09:00,986.0,988.0,985.0,988.0,700,0.0,0.0
2024-08-13 13:35:00+09:00,988.0,991.0,988.0,991.0,1700,0.0,0.0
2024-08-13 13:40:00+09:00,991.0,991.0,990.0,990.0,1300,0.0,0.0
2024-08-13 13:50:00+09:00,991.0,991.0,989.0,989.0,1100,0.0,0.0
2024-08-13 13:55:00+09:00,992.0,992.0,992.0,992.0,0,0.0,0.0
2024-08-13 14:00:00+09:00,993.0,994.0,993.0,994.0,39500,0.0,0.0
2024-08-13 14:10:00+09:00,994.0,994.0,994.0,994.0,300,0.0,0.0
2024-08-13 14:15:00+09:00,994.0,998.0,994.0,998.0,5300,0.0,0.0
2024-08-13 14:20:00+09:00,998.0,999.0,998.0,998.0,800,0.0,0.0
2024-08-13 14:30:00+09:00,998.0,998.0,997.0,998.0,1600,0.0,0.0
2024-08-13 14:35:00+09:00,997.0,998.0,997.0,998.0,1600,0.0,0.0
2024-08-13 14:40:00+09:00,998.0,998.0,998.0,998.0,200,0.0,0.0
2024-08-13 14:45:00+09:00,999.0,999.0,998.0,998.0,1200,0.0,0.0
2024-08-13 14:50:00+09:00,999.0,1000.0,999.0,999.0,700,0.0,0.0
2024-08-13 14:55:00+09:00,1000.0,1002.0,1000.0,1002.0,2100,0.0,0.0
2024-08-14 09:00:00+09:00,1004.0,1004.0,999.0,999.0,9000,0.0,0.0
2024-08-14 09:05:00+09:00,998.0,1001.0,997.0,1000.0,1700,0.0,0.0
2024-08-14 09:10:00+09:00,1002.0,1003.0,1000.0,1001.0,700,0.0,0.0
2024-08-14 09:15:00+09:00,1000.0,1001.0,1000.0,1001.0,500,0.0,0.0
2024-08-14 09:20:00+09:00,1001.0,1003.0,1001.0,1003.0,2300,0.0,0.0
2024-08-14 09:25:00+09:00,1003.0,1004.0,1002.0,1004.0,600,0.0,0.0
2024-08-14 09:30:00+09:00,1003.0,1003.0,1003.0,1003.0,500,0.0,0.0
2024-08-14 09:35:00+09:00,1005.0,1005.0,1005.0,1005.0,1100,0.0,0.0
2024-08-14 09:40:00+09:00,1004.0,1004.0,1003.0,1003.0,200,0.0,0.0
2024-08-14 09:45:00+09:00,1002.0,1003.0,1002.0,1003.0,200,0.0,0.0
2024-08-14 09:55:00+09:00,1003.0,1003.0,1003.0,1003.0,300,0.0,0.0
2024-08-14 10:00:00+09:00,1003.0,1004.0,1003.0,1004.0,400,0.0,0.0
2024-08-14 10:05:00+09:00,1004.0,1006.0,1004.0,1006.0,500,0.0,0.0
2024-08-14 10:10:00+09:00,1005.0,1005.0,1005.0,1005.0,100,0.0,0.0
2024-08-14 10:15:00+09:00,1005.0,1005.0,1005.0,1005.0,100,0.0,0.0
2024-08-14 10:20:00+09:00,1005.0,1005.0,1005.0,1005.0,100,0.0,0.0
2024-08-14 10:25:00+09:00,1005.0,1005.0,1005.0,1005.0,100,0.0,0.0
2024-08-14 10:30:00+09:00,1006.0,1006.0,1006.0,1006.0,500,0.0,0.0
2024-08-14 10:35:00+09:00,1007.0,1007.0,1007.0,1007.0,500,0.0,0.0
2024-08-14 10:45:00+09:00,1005.0,1005.0,1005.0,1005.0,100,0.0,0.0
2024-08-14 10:50:00+09:00,1005.0,1005.0,1005.0,1005.0,100,0.0,0.0
2024-08-14 10:55:00+09:00,1006.0,1009.0,1006.0,1009.0,700,0.0,0.0
2024-08-14 11:00:00+09:00,1008.0,1008.0,1008.0,1008.0,400,0.0,0.0
2024-08-14 11:05:00+09:00,1005.0,1005.0,1003.0,1003.0,300,0.0,0.0
2024-08-14 11:10:00+09:00,1002.0,1002.0,999.0,999.0,400,0.0,0.0
2024-08-14 11:15:00+09:00,997.0,999.0,997.0,999.0,700,0.0,0.0
2024-08-14 11:25:00+09:00,998.0,998.0,998.0,998.0,100,0.0,0.0
2024-08-14 11:35:00+09:00,998.0,998.0,998.0,998.0,0,0.0,0.0
2024-08-14 12:30:00+09:00,1002.0,1002.0,1002.0,1002.0,22600,0.0,0.0
2024-08-14 12:35:00+09:00,999.0,1001.0,999.0,1001.0,300,0.0,0.0
2024-08-14 12:40:00+09:00,1002.0,1002.0,998.0,998.0,2200,0.0,0.0
2024-08-14 12:45:00+09:00,1000.0,1000.0,1000.0,1000.0,300,0.0,0.0
2024-08-14 12:50:00+09:00,1000.0,1000.0,998.0,998.0,600,0.0,0.0
2024-08-14 12:55:00+09:00,999.0,999.0,998.0,998.0,1100,0.0,0.0
2024-08-14 13:05:00+09:00,998.0,998.0,998.0,998.0,400,0.0,0.0
2024-08-14 13:10:00+09:00,998.0,998.0,998.0,998.0,200,0.0,0.0
2024-08-14 13:15:00+09:00,998.0,998.0,998.0,998.0,300,0.0,0.0
2024-08-14 13:20:00+09:00,999.0,1000.0,999.0,1000.0,2400,0.0,0.0
2024-08-14 13:25:00+09:00,1001.0,1002.0,1001.0,1002.0,400,0.0,0.0
2024-08-14 13:30:00+09:00,1002.0,1002.0,1002.0,1002.0,100,0.0,0.0
2024-08-14 13:35:00+09:00,1001.0,1001.0,1000.0,1001.0,800,0.0,0.0
2024-08-14 13:40:00+09:00,1002.0,1002.0,1001.0,1001.0,300,0.0,0.0
2024-08-14 13:45:00+09:00,1001.0,1001.0,1001.0,1001.0,100,0.0,0.0
2024-08-14 13:50:00+09:00,1001.0,1001.0,1000.0,1000.0,300,0.0,0.0
2024-08-14 13:55:00+09:00,999.0,999.0,998.0,999.0,1200,0.0,0.0
2024-08-14 14:05:00+09:00,999.0,1000.0,999.0,999.0,1400,0.0,0.0
2024-08-14 14:10:00+09:00,1000.0,1000.0,1000.0,1000.0,100,0.0,0.0
2024-08-14 14:20:00+09:00,1001.0,1001.0,1001.0,1001.0,300,0.0,0.0
2024-08-14 14:30:00+09:00,1000.0,1000.0,1000.0,1000.0,600,0.0,0.0
2024-08-14 14:35:00+09:00,1002.0,1002.0,1002.0,1002.0,900,0.0,0.0
2024-08-14 14:40:00+09:00,1003.0,1003.0,1003.0,1003.0,300,0.0,0.0
2024-08-14 14:45:00+09:00,1004.0,1006.0,1004.0,1005.0,600,0.0,0.0
2024-08-14 14:50:00+09:00,1006.0,1006.0,1005.0,1006.0,1300,0.0,0.0
2024-08-14 14:55:00+09:00,1005.0,1005.0,1004.0,1004.0,1500,0.0,0.0
2024-08-15 09:00:00+09:00,1002.0,1002.0,1000.0,1000.0,4200,0.0,0.0
2024-08-15 09:05:00+09:00,1002.0,1004.0,1002.0,1004.0,300,0.0,0.0
2024-08-15 09:10:00+09:00,1001.0,1001.0,1001.0,1001.0,100,0.0,0.0
2024-08-15 09:15:00+09:00,1000.0,1000.0,1000.0,1000.0,1800,0.0,0.0
2024-08-15 09:20:00+09:00,1002.0,1002.0,1001.0,1001.0,400,0.0,0.0
2024-08-15 09:25:00+09:00,1000.0,1000.0,1000.0,1000.0,100,0.0,0.0
2024-08-15 09:30:00+09:00,1000.0,1001.0,1000.0,1001.0,500,0.0,0.0
2024-08-15 09:35:00+09:00,1001.0,1001.0,1001.0,1001.0,300,0.0,0.0
2024-08-15 09:40:00+09:00,1001.0,1001.0,1001.0,1001.0,100,0.0,0.0
2024-08-15 09:45:00+09:00,1001.0,1001.0,1001.0,1001.0,100,0.0,0.0
2024-08-15 09:50:00+09:00,1001.0,1004.0,1001.0,1004.0,700,0.0,0.0
2024-08-15 09:55:00+09:00,1005.0,1005.0,1005.0,1005.0,300,0.0,0.0
2024-08-15 10:00:00+09:00,1005.0,1005.0,1005.0,1005.0,100,0.0,0.0
2024-08-15 10:05:00+09:00,1005.0,1007.0,1005.0,1007.0,700,0.0,0.0
2024-08-15 10:10:00+09:00,1007.0,1007.0,1007.0,1007.0,100,0.0,0.0
2024-08-15 10:15:00+09:00,1007.0,1007.0,1007.0,1007.0,200,0.0,0.0
2024-08-15 10:30:00+09:00,1006.0,1007.0,1006.0,1007.0,200,0.0,0.0
2024-08-15 10:40:00+09:00,1007.0,1008.0,1006.0,1007.0,700,0.0,0.0
2024-08-15 10:45:00+09:00,1008.0,1009.0,1008.0,1009.0,700,0.0,0.0
2024-08-15 10:50:00+09:00,1008.0,1008.0,1008.0,1008.0,100,0.0,0.0
2024-08-15 10:55:00+09:00,1008.0,1008.0,1004.0,1004.0,2800,0.0,0.0
2024-08-15 11:00:00+09:00,1008.0,1008.0,1008.0,1008.0,300,0.0,0.0
2024-08-15 11:15:00+09:00,1007.0,1007.0,1007.0,1007.0,100,0.0,0.0
2024-08-15 11:25:00+09:00,1007.0,1008.0,1007.0,1008.0,400,0.0,0.0
2024-08-15 11:30:00+09:00,1008.0,1008.0,1008.0,1008.0,100,0.0,0.0
2024-08-15 11:35:00+09:00,1008.0,1008.0,1008.0,1008.0,0,0.0,0.0
2024-08-15 12:30:00+09:00,1009.0,1009.0,1008.0,1008.0,16400,0.0,0.0
2024-08-15 12:35:00+09:00,1009.0,1010.0,1009.0,1010.0,500,0.0,0.0
2024-08-15 12:40:00+09:00,1009.0,1009.0,1009.0,1009.0,100,0.0,0.0
2024-08-15 12:45:00+09:00,1008.0,1008.0,1008.0,1008.0,100,0.0,0.0
2024-08-15 12:50:00+09:00,1008.0,1008.0,1008.0,1008.0,100,0.0,0.0
2024-08-15 12:55:00+09:00,1009.0,1009.0,1009.0,1009.0,200,0.0,0.0
2024-08-15 13:00:00+09:00,1009.0,1009.0,1009.0,1009.0,100,0.0,0.0
2024-08-15 13:10:00+09:00,1007.0,1008.0,1007.0,1008.0,800,0.0,0.0
2024-08-15 13:20:00+09:00,1007.0,1007.0,1007.0,1007.0,100,0.0,0.0
2024-08-15 13:25:00+09:00,1008.0,1009.0,1007.0,1009.0,400,0.0,0.0
2024-08-15 13:35:00+09:00,1006.0,1006.0,1006.0,1006.0,700,0.0,0.0
2024-08-15 13:50:00+09:00,1005.0,1007.0,1005.0,1007.0,400,0.0,0.0
2024-08-15 13:55:00+09:00,1007.0,1007.0,1007.0,1007.0,600,0.0,0.0
2024-08-15 14:00:00+09:00,1006.0,1006.0,1006.0,1006.0,100,0.0,0.0
2024-08-15 14:10:00+09:00,1006.0,1007.0,1006.0,1006.0,500,0.0,0.0
2024-08-15 14:15:00+09:00,1007.0,1007.0,1007.0,1007.0,100,0.0,0.0
2024-08-15 14:20:00+09:00,1007.0,1007.0,1004.0,1005.0,1600,0.0,0.0
2024-08-15 14:25:00+09:00,1005.0,1005.0,1004.0,1004.0,200,0.0,0.0
2024-08-15 14:30:00+09:00,1004.0,1007.0,1004.0,1007.0,900,0.0,0.0
2024-08-15 14:35:00+09:00,1007.0,1008.0,1007.0,1007.0,500,0.0,0.0
2024-08-15 14:40:00+09:00,1007.0,1007.0,1007.0,1007.0,100,0.0,0.0
2024-08-15 14:45:00+09:00,1006.0,1007.0,1006.0,1006.0,700,0.0,0.0
2024-08-15 14:50:00+09:00,1006.0,1007.0,1006.0,1007.0,1100,0.0,0.0
2024-08-15 14:55:00+09:00,1007.0,1009.0,1006.0,1008.0,2800,0.0,0.0
2024-08-16 09:00:00+09:00,1018.0,1023.0,1011.0,1011.0,14700,0.0,0.0
2024-08-16 09:05:00+09:00,1015.0,1019.0,1015.0,1019.0,700,0.0,0.0
2024-08-16 09:10:00+09:00,1018.0,1019.0,1014.0,1014.0,2200,0.0,0.0
2024-08-16 09:15:00+09:00,1020.0,1020.0,1017.0,1017.0,600,0.0,0.0
2024-08-16 09:20:00+09:00,1019.0,1021.0,1019.0,1020.0,1700,0.0,0.0
2024-08-16 09:25:00+09:00,1022.0,1023.0,1022.0,1022.0,2200,0.0,0.0
2024-08-16 09:30:00+09:00,1023.0,1023.0,1023.0,1023.0,2300,0.0,0.0
2024-08-16 09:35:00+09:00,1021.0,1021.0,1020.0,1020.0,500,0.0,0.0
2024-08-16 09:40:00+09:00,1021.0,1021.0,1020.0,1020.0,0,0.0,0.0
2024-08-16 09:45:00+09:00,1018.0,1018.0,1018.0,1018.0,26500,0.0,0.0
2024-08-16 09:55:00+09:00,1022.0,1023.0,1022.0,1022.0,700,0.0,0.0
2024-08-16 10:00:00+09:00,1024.0,1024.0,1023.0,1024.0,1600,0.0,0.0
2024-08-16 10:05:00+09:00,1024.0,1024.0,1022.0,1022.0,1100,0.0,0.0
2024-08-16 10:15:00+09:00,1022.0,1022.0,1022.0,1022.0,1100,0.0,0.0
2024-08-16 10:20:00+09:00,1022.0,1022.0,1022.0,1022.0,100,0.0,0.0
2024-08-16 10:25:00+09:00,1022.0,1023.0,1021.0,1023.0,1400,0.0,0.0
2024-08-16 10:30:00+09:00,1022.0,1022.0,1022.0,1022.0,200,0.0,0.0
2024-08-16 10:35:00+09:00,1023.0,1025.0,1023.0,1025.0,700,0.0,0.0
2024-08-16 10:40:00+09:00,1025.0,1025.0,1023.0,1023.0,200,0.0,0.0
2024-08-16 10:50:00+09:00,1024.0,1024.0,1024.0,1024.0,400,0.0,0.0
2024-08-16 10:55:00+09:00,1024.0,1025.0,1023.0,1025.0,1000,0.0,0.0
2024-08-16 11:00:00+09:00,1025.0,1025.0,1024.0,1024.0,400,0.0,0.0
2024-08-16 11:05:00+09:00,1023.0,1023.0,1022.0,1022.0,200,0.0,0.0
2024-08-16 11:10:00+09:00,1023.0,1023.0,1023.0,1023.0,100,0.0,0.0
2024-08-16 11:15:00+09:00,1023.0,1023.0,1020.0,1022.0,2400,0.0,0.0
2024-08-16 11:20:00+09:00,1020.0,1020.0,1020.0,1020.0,200,0.0,0.0
2024-08-16 11:25:00+09:00,1020.0,1021.0,1020.0,1021.0,800,0.0,0.0
2024-08-16 11:30:00+09:00,1021.0,1021.0,1021.0,1021.0,100,0.0,0.0
2024-08-16 11:35:00+09:00,1021.0,1021.0,1021.0,1021.0,0,0.0,0.0
2024-08-16 12:30:00+09:00,1024.0,1024.0,1021.0,1021.0,42500,0.0,0.0
2024-08-16 12:35:00+09:00,1020.0,1021.0,1018.0,1018.0,2500,0.0,0.0
2024-08-16 12:45:00+09:00,1022.0,1022.0,1021.0,1021.0,400,0.0,0.0
2024-08-16 12:50:00+09:00,1021.0,1021.0,1021.0,1021.0,100,0.0,0.0
2024-08-16 12:55:00+09:00,1021.0,1021.0,1020.0,1021.0,1300,0.0,0.0
2024-08-16 13:00:00+09:00,1021.0,1023.0,1021.0,1022.0,900,0.0,0.0
2024-08-16 13:05:00+09:00,1021.0,1021.0,1021.0,1021.0,300,0.0,0.0
2024-08-16 13:10:00+09:00,1022.0,1024.0,1022.0,1022.0,3000,0.0,0.0
2024-08-16 13:15:00+09:00,1020.0,1020.0,1019.0,1019.0,500,0.0,0.0
2024-08-16 13:20:00+09:00,1022.0,1022.0,1019.0,1022.0,2300,0.0,0.0
2024-08-16 13:25:00+09:00,1019.0,1022.0,1019.0,1022.0,1200,0.0,0.0
2024-08-16 13:30:00+09:00,1021.0,1021.0,1021.0,1021.0,200,0.0,0.0
2024-08-16 13:35:00+09:00,1021.0,1021.0,1019.0,1019.0,1000,0.0,0.0
2024-08-16 13:40:00+09:00,1018.0,1020.0,1017.0,1020.0,500,0.0,0.0
2024-08-16 13:45:00+09:00,1020.0,1020.0,1020.0,1020.0,100,0.0,0.0
2024-08-16 13:50:00+09:00,1020.0,1020.0,1020.0,1020.0,200,0.0,0.0
2024-08-16 14:00:00+09:00,1020.0,1020.0,1020.0,1020.0,500,0.0,0.0
2024-08-16 14:10:00+09:00,1020.0,1020.0,1019.0,1019.0,700,0.0,0.0
2024-08-16 14:15:00+09:00,1020.0,1022.0,1019.0,1019.0,1300,0.0,0.0
2024-08-16 14:20:00+09:00,1019.0,1019.0,1019.0,1019.0,600,0.0,0.0
2024-08-16 14:25:00+09:00,1018.0,1020.0,1018.0,1019.0,800,0.0,0.0
2024-08-16 14:30:00+09:00,1020.0,1021.0,1020.0,1020.0,1300,0.0,0.0
2024-08-16 14:35:00+09:00,1022.0,1022.0,1021.0,1021.0,900,0.0,0.0
2024-08-16 14:40:00+09:00,1021.0,1022.0,1021.0,1021.0,1200,0.0,0.0
2024-08-16 14:45:00+09:00,1021.0,1022.0,1019.0,1020.0,2600,0.0,0.0
2024-08-16 14:50:00+09:00,1021.0,1021.0,1018.0,1019.0,4100,0.0,0.0
2024-08-16 14:55:00+09:00,1019.0,1021.0,1016.0,1021.0,5200,0.0,0.0
2024-08-19 09:00:00+09:00,1022.0,1024.0,1020.0,1020.0,6700,0.0,0.0
2024-08-19 09:05:00+09:00,1021.0,1021.0,1017.0,1017.0,2200,0.0,0.0
2024-08-19 09:10:00+09:00,1018.0,1019.0,1017.0,1018.0,700,0.0,0.0
2024-08-19 09:15:00+09:00,1019.0,1025.0,1019.0,1025.0,3500,0.0,0.0
2024-08-19 09:20:00+09:00,1025.0,1025.0,1024.0,1024.0,400,0.0,0.0
2024-08-19 09:25:00+09:00,1025.0,1028.0,1025.0,1026.0,2400,0.0,0.0
2024-08-19 09:30:00+09:00,1026.0,1026.0,1026.0,1026.0,500,0.0,0.0
2024-08-19 09:35:00+09:00,1028.0,1029.0,1026.0,1026.0,900,0.0,0.0
2024-08-19 09:40:00+09:00,1026.0,1026.0,1026.0,1026.0,200,0.0,0.0
2024-08-19 09:45:00+09:00,1026.0,1027.0,1026.0,1027.0,2000,0.0,0.0
2024-08-19 09:50:00+09:00,1027.0,1027.0,1026.0,1026.0,300,0.0,0.0
2024-08-19 09:55:00+09:00,1026.0,1026.0,1026.0,1026.0,400,0.0,0.0
2024-08-19 10:00:00+09:00,1026.0,1026.0,1025.0,1025.0,400,0.0,0.0
2024-08-19 10:05:00+09:00,1024.0,1024.0,1023.0,1023.0,400,0.0,0.0
2024-08-19 10:10:00+09:00,1025.0,1025.0,1025.0,1025.0,100,0.0,0.0
2024-08-19 10:15:00+09:00,1025.0,1025.0,1025.0,1025.0,100,0.0,0.0
2024-08-19 10:45:00+09:00,1025.0,1025.0,1025.0,1025.0,200,0.0,0.0
2024-08-19 10:50:00+09:00,1025.0,1025.0,1025.0,1025.0,100,0.0,0.0
2024-08-19 10:55:00+09:00,1025.0,1025.0,1025.0,1025.0,100,0.0,0.0
2024-08-19 11:15:00+09:00,1025.0,1025.0,1024.0,1024.0,700,0.0,0.0
2024-08-19 11:20:00+09:00,1024.0,1024.0,1024.0,1024.0,300,0.0,0.0
2024-08-19 11:30:00+09:00,1025.0,1025.0,1025.0,1025.0,300,0.0,0.0
2024-08-19 11:35:00+09:00,1025.0,1025.0,1025.0,1025.0,0,0.0,0.0
2024-08-19 12:30:00+09:00,1026.0,1026.0,1024.0,1024.0,25100,0.0,0.0
2024-08-19 12:35:00+09:00,1021.0,1021.0,1021.0,1021.0,1000,0.0,0.0
2024-08-19 12:40:00+09:00,1020.0,1021.0,1019.0,1021.0,1500,0.0,0.0
2024-08-19 12:45:00+09:00,1020.0,1021.0,1019.0,1019.0,800,0.0,0.0
2024-08-19 12:50:00+09:00,1019.0,1020.0,1019.0,1020.0,200,0.0,0.0
2024-08-19 13:10:00+09:00,1019.0,1021.0,1018.0,1019.0,500,0.0,0.0
2024-08-19 13:20:00+09:00,1020.0,1021.0,1020.0,1021.0,500,0.0,0.0
2024-08-19 13:25:00+09:00,1020.0,1020.0,1020.0,1020.0,100,0.0,0.0
2024-08-19 13:30:00+09:00,1018.0,1018.0,1018.0,1018.0,400,0.0,0.0
2024-08-19 13:35:00+09:00,1017.0,1018.0,1016.0,1018.0,1800,0.0,0.0
2024-08-19 13:40:00+09:00,1018.0,1018.0,1015.0,1016.0,5200,0.0,0.0
2024-08-19 13:45:00+09:00,1016.0,1017.0,1016.0,1017.0,1000,0.0,0.0
2024-08-19 13:50:00+09:00,1017.0,1018.0,1017.0,1018.0,700,0.0,0.0
2024-08-19 13:55:00+09:00,1017.0,1017.0,1017.0,1017.0,600,0.0,0.0
2024-08-19 14:00:00+09:00,1018.0,1020.0,1018.0,1019.0,800,0.0,0.0
2024-08-19 14:10:00+09:00,1020.0,1021.0,1020.0,1021.0,700,0.0,0.0
2024-08-19 14:15:00+09:00,1021.0,1023.0,1021.0,1022.0,1300,0.0,0.0
2024-08-19 14:20:00+09:00,1021.0,1022.0,1020.0,1020.0,700,0.0,0.0
2024-08-19 14:25:00+09:00,1020.0,1020.0,1019.0,1019.0,200,0.0,0.0
2024-08-19 14:30:00+09:00,1019.0,1019.0,1018.0,1018.0,1000,0.0,0.0
2024-08-19 14:35:00+09:00,1018.0,1019.0,1017.0,1017.0,1100,0.0,0.0
2024-08-19 14:40:00+09:00,1018.0,1020.0,1017.0,1020.0,2000,0.0,0.0
2024-08-19 14:45:00+09:00,1018.0,1019.0,1017.0,1019.0,2500,0.0,0.0
2024-08-19 14:50:00+09:00,1019.0,1019.0,1017.0,1017.0,1100,0.0,0.0
2024-08-19 14:55:00+09:00,1015.0,1016.0,1015.0,1015.0,1000,0.0,0.0
2024-08-20 09:00:00+09:00,1034.0,1034.0,1030.0,1032.0,4800,0.0,0.0
2024-08-20 09:05:00+09:00,1033.0,1037.0,1032.0,1037.0,2100,0.0,0.0
2024-08-20 09:10:00+09:00,1039.0,1040.0,1036.0,1039.0,1300,0.0,0.0
2024-08-20 09:15:00+09:00,1041.0,1043.0,1041.0,1042.0,1100,0.0,0.0
2024-08-20 09:20:00+09:00,1041.0,1042.0,1040.0,1042.0,500,0.0,0.0
2024-08-20 09:25:00+09:00,1041.0,1041.0,1038.0,1039.0,900,0.0,0.0
2024-08-20 09:30:00+09:00,1039.0,1039.0,1036.0,1036.0,400,0.0,0.0
2024-08-20 09:35:00+09:00,1033.0,1033.0,1033.0,1033.0,100,0.0,0.0
2024-08-20 09:40:00+09:00,1033.0,1033.0,1033.0,1033.0,0,0.0,0.0
2024-08-20 09:45:00+09:00,1033.0,1033.0,1032.0,1033.0,12700,0.0,0.0
2024-08-20 09:50:00+09:00,1033.0,1034.0,1033.0,1034.0,1000,0.0,0.0
2024-08-20 09:55:00+09:00,1035.0,1035.0,1035.0,1035.0,300,0.0,0.0
2024-08-20 10:00:00+09:00,1034.0,1034.0,1032.0,1032.0,300,0.0,0.0
2024-08-20 10:05:00+09:00,1032.0,1032.0,1030.0,1030.0,200,0.0,0.0
2024-08-20 10:10:00+09:00,1030.0,1032.0,1030.0,1032.0,500,0.0,0.0
2024-08-20 10:20:00+09:00,1034.0,1035.0,1034.0,1035.0,200,0.0,0.0
2024-08-20 10:25:00+09:00,1035.0,1035.0,1035.0,1035.0,200,0.0,0.0
2024-08-20 10:30:00+09:00,1036.0,1036.0,1035.0,1035.0,400,0.0,0.0
2024-08-20 10:40:00+09:00,1036.0,1036.0,1036.0,1036.0,100,0.0,0.0
2024-08-20 10:45:00+09:00,1035.0,1038.0,1035.0,1037.0,1300,0.0,0.0
2024-08-20 10:55:00+09:00,1036.0,1038.0,1035.0,1038.0,1100,0.0,0.0
2024-08-20 11:00:00+09:00,1036.0,1036.0,1036.0,1036.0,200,0.0,0.0
2024-08-20 11:05:00+09:00,1037.0,1037.0,1036.0,1037.0,300,0.0,0.0
2024-08-20 11:10:00+09:00,1036.0,1036.0,1036.0,1036.0,100,0.0,0.0
2024-08-20 11:15:00+09:00,1037.0,1037.0,1037.0,1037.0,300,0.0,0.0
2024-08-20 11:20:00+09:00,1037.0,1037.0,1036.0,1036.0,300,0.0,0.0
2024-08-20 11:25:00+09:00,1036.0,1036.0,1036.0,1036.0,300,0.0,0.0
2024-08-20 11:30:00+09:00,1038.0,1038.0,1038.0,1038.0,200,0.0,0.0
2024-08-20 11:35:00+09:00,1038.0,1038.0,1038.0,1038.0,0,0.0,0.0
2024-08-20 12:30:00+09:00,1038.0,1038.0,1037.0,1037.0,20600,0.0,0.0
2024-08-20 12:35:00+09:00,1037.0,1037.0,1032.0,1032.0,2700,0.0,0.0
2024-08-20 12:40:00+09:00,1031.0,1031.0,1031.0,1031.0,100,0.0,0.0
2024-08-20 12:50:00+09:00,1031.0,1032.0,1031.0,1032.0,200,0.0,0.0
2024-08-20 12:55:00+09:00,1032.0,1032.0,1032.0,1032.0,200,0.0,0.0
2024-08-20 13:00:00+09:00,1032.0,1032.0,1032.0,1032.0,300,0.0,0.0
2024-08-20 13:05:00+09:00,1031.0,1031.0,1031.0,1031.0,100,0.0,0.0
2024-08-20 13:10:00+09:00,1032.0,1032.0,1030.0,1030.0,400,0.0,0.0
2024-08-20 13:15:00+09:00,1032.0,1032.0,1032.0,1032.0,300,0.0,0.0
2024-08-20 13:20:00+09:00,1031.0,1032.0,1031.0,1032.0,300,0.0,0.0
2024-08-20 13:25:00+09:00,1032.0,1032.0,1032.0,1032.0,100,0.0,0.0
2024-08-20 13:35:00+09:00,1032.0,1032.0,1031.0,1031.0,400,0.0,0.0
2024-08-20 13:40:00+09:00,1031.0,1031.0,1029.0,1029.0,1300,0.0,0.0
2024-08-20 13:45:00+09:00,1031.0,1031.0,1031.0,1031.0,400,0.0,0.0
2024-08-20 13:50:00+09:00,1031.0,1034.0,1031.0,1033.0,1400,0.0,0.0
2024-08-20 13:55:00+09:00,1033.0,1033.0,1033.0,1033.0,200,0.0,0.0
2024-08-20 14:00:00+09:00,1034.0,1034.0,1034.0,1034.0,500,0.0,0.0
2024-08-20 14:05:00+09:00,1034.0,1034.0,1032.0,1032.0,600,0.0,0.0
2024-08-20 14:15:00+09:00,1033.0,1033.0,1033.0,1033.0,600,0.0,0.0
2024-08-20 14:20:00+09:00,1033.0,1033.0,1033.0,1033.0,400,0.0,0.0
2024-08-20 14:25:00+09:00,1034.0,1034.0,1034.0,1034.0,100,0.0,0.0
2024-08-20 14:35:00+09:00,1035.0,1035.0,1034.0,1034.0,700,0.0,0.0
2024-08-20 14:40:00+09:00,1034.0,1035.0,1034.0,1035.0,600,0.0,0.0
2024-08-20 14:45:00+09:00,1034.0,1035.0,1033.0,1035.0,1200,0.0,0.0
2024-08-20 14:50:00+09:00,1035.0,1035.0,1035.0,1035.0,1100,0.0,0.0
2024-08-20 14:55:00+09:00,1035.0,1037.0,1035.0,1037.0,1500,0.0,0.0
2024-08-21 09:00:00+09:00,1025.0,1025.0,1025.0,1025.0,1600,0.0,0.0
2024-08-21 09:05:00+09:00,1029.0,1029.0,1029.0,1029.0,100,0.0,0.0
2024-08-21 09:10:00+09:00,1030.0,1030.0,1030.0,1030.0,200,0.0,0.0
2024-08-21 09:15:00+09:00,1033.0,1033.0,1028.0,1028.0,700,0.0,0.0
2024-08-21 09:20:00+09:00,1027.0,1027.0,1026.0,1026.0,300,0.0,0.0
2024-08-21 09:25:00+09:00,1025.0,1025.0,1021.0,1021.0,1300,0.0,0.0
2024-08-21 09:30:00+09:00,1018.0,1018.0,1018.0,1018.0,200,0.0,0.0
2024-08-21 09:35:00+09:00,1019.0,1019.0,1019.0,1019.0,500,0.0,0.0
2024-08-21 09:40:00+09:00,1019.0,1019.0,1018.0,1018.0,400,0.0,0.0
2024-08-21 09:45:00+09:00,1019.0,1020.0,1019.0,1020.0,900,0.0,0.0
2024-08-21 09:50:00+09:00,1022.0,1023.0,1022.0,1023.0,200,0.0,0.0
2024-08-21 10:00:00+09:00,1021.0,1021.0,1021.0,1021.0,100,0.0,0.0
2024-08-21 10:05:00+09:00,1021.0,1021.0,1021.0,1021.0,100,0.0,0.0
2024-08-21 10:10:00+09:00,1023.0,1023.0,1021.0,1021.0,200,0.0,0.0
2024-08-21 10:15:00+09:00,1022.0,1022.0,1022.0,1022.0,200,0.0,0.0
2024-08-21 10:20:00+09:00,1021.0,1022.0,1020.0,1022.0,600,0.0,0.0
2024-08-21 10:25:00+09:00,1020.0,1020.0,1020.0,1020.0,100,0.0,0.0
2024-08-21 10:30:00+09:00,1020.0,1021.0,1020.0,1021.0,800,0.0,0.0
2024-08-21 10:35:00+09:00,1020.0,1021.0,1020.0,1021.0,700,0.0,0.0
2024-08-21 10:40:00+09:00,1019.0,1019.0,1018.0,1018.0,2000,0.0,0.0
2024-08-21 10:50:00+09:00,1018.0,1018.0,1013.0,1013.0,8500,0.0,0.0
2024-08-21 10:55:00+09:00,1014.0,1017.0,1014.0,1017.0,1800,0.0,0.0
2024-08-21 11:00:00+09:00,1015.0,1017.0,1015.0,1017.0,200,0.0,0.0
2024-08-21 11:15:00+09:00,1015.0,1015.0,1015.0,1015.0,1300,0.0,0.0
2024-08-21 11:20:00+09:00,1015.0,1015.0,1012.0,1012.0,1300,0.0,0.0
2024-08-21 11:25:00+09:00,1015.0,1019.0,1015.0,1019.0,1600,0.0,0.0
2024-08-21 11:30:00+09:00,1019.0,1019.0,1019.0,1019.0,100,0.0,0.0
2024-08-21 11:35:00+09:00,1019.0,1019.0,1019.0,1019.0,0,0.0,0.0
2024-08-21 12:30:00+09:00,1020.0,1020.0,1020.0,1020.0,26700,0.0,0.0
2024-08-21 12:35:00+09:00,1021.0,1021.0,1021.0,1021.0,100,0.0,0.0
2024-08-21 12:40:00+09:00,1022.0,1022.0,1022.0,1022.0,300,0.0,0.0
2024-08-21 12:45:00+09:00,1023.0,1023.0,1022.0,1022.0,600,0.0,0.0
2024-08-21 12:50:00+09:00,1023.0,1023.0,1023.0,1023.0,300,0.0,0.0
2024-08-21 12:55:00+09:00,1023.0,1026.0,1023.0,1023.0,1000,0.0,0.0
2024-08-21 13:00:00+09:00,1022.0,1022.0,1021.0,1021.0,400,0.0,0.0
2024-08-21 13:05:00+09:00,1022.0,1022.0,1022.0,1022.0,200,0.0,0.0
2024-08-21 13:10:00+09:00,1023.0,1024.0,1022.0,1023.0,500,0.0,0.0
2024-08-21 13:15:00+09:00,1024.0,1027.0,1024.0,1026.0,1100,0.0,0.0
2024-08-21 13:20:00+09:00,1023.0,1023.0,1023.0,1023.0,300,0.0,0.0
2024-08-21 13:35:00+09:00,1023.0,1024.0,1023.0,1024.0,300,0.0,0.0
2024-08-21 13:40:00+09:00,1023.0,1023.0,1023.0,1023.0,100,0.0,0.0
2024-08-21 13:45:00+09:00,1023.0,1023.0,1023.0,1023.0,200,0.0,0.0
2024-08-21 13:55:00+09:00,1023.0,1024.0,1023.0,1024.0,300,0.0,0.0
2024-08-21 14:00:00+09:00,1023.0,1023.0,1023.0,1023.0,400,0.0,0.0
2024-08-21 14:05:00+09:00,1023.0,1023.0,1023.0,1023.0,800,0.0,0.0
2024-08-21 14:10:00+09:00,1022.0,1022.0,1021.0,1021.0,500,0.0,0.0
2024-08-21 14:20:00+09:00,1022.0,1023.0,1022.0,1022.0,900,0.0,0.0
2024-08-21 14:25:00+09:00,1023.0,1024.0,1023.0,1024.0,900,0.0,0.0
2024-08-21 14:30:00+09:00,1025.0,1025.0,1025.0,1025.0,200,0.0,0.0
2024-08-21 14:40:00+09:00,1024.0,1025.0,1023.0,1024.0,900,0.0,0.0
2024-08-21 14:50:00+09:00,1023.0,1024.0,1023.0,1024.0,400,0.0,0.0
2024-08-21 14:55:00+09:00,1024.0,1024.0,1022.0,1024.0,900,0.0,0.0
2024-08-22 09:00:00+09:00,1030.0,1030.0,1028.0,1028.0,1100,0.0,0.0
2024-08-22 09:10:00+09:00,1028.0,1028.0,1028.0,1028.0,100,0.0,0.0
2024-08-22 09:15:00+09:00,1028.0,1028.0,1028.0,1028.0,300,0.0,0.0
2024-08-22 09:20:00+09:00,1029.0,1030.0,1025.0,1025.0,1600,0.0,0.0
2024-08-22 09:25:00+09:00,1025.0,1025.0,1025.0,1025.0,100,0.0,0.0
2024-08-22 09:30:00+09:00,1024.0,1028.0,1024.0,1028.0,1500,0.0,0.0
2024-08-22 09:35:00+09:00,1031.0,1031.0,1031.0,1031.0,100,0.0,0.0
2024-08-22 09:45:00+09:00,1027.0,1027.0,1026.0,1026.0,500,0.0,0.0
2024-08-22 10:00:00+09:00,1025.0,1025.0,1025.0,1025.0,600,0.0,0.0
2024-08-22 10:10:00+09:00,1026.0,1026.0,1026.0,1026.0,400,0.0,0.0
2024-08-22 10:30:00+09:00,1026.0,1026.0,1026.0,1026.0,100,0.0,0.0
2024-08-22 10:40:00+09:00,1026.0,1026.0,1026.0,1026.0,100,0.0,0.0
2024-08-22 10:45:00+09:00,1026.0,1026.0,1025.0,1025.0,600,0.0,0.0
2024-08-22 10:50:00+09:00,1025.0,1025.0,1025.0,1025.0,500,0.0,0.0
2024-08-22 11:00:00+09:00,1025.0,1025.0,1025.0,1025.0,100,0.0,0.0
2024-08-22 11:05:00+09:00,1025.0,1025.0,1024.0,1024.0,800,0.0,0.0
2024-08-22 11:15:00+09:00,1023.0,1023.0,1022.0,1022.0,0,0.0,0.0
2024-08-22 11:25:00+09:00,1021.0,1021.0,1021.0,1021.0,9000,0.0,0.0
2024-08-22 11:30:00+09:00,1022.0,1022.0,1022.0,1022.0,100,0.0,0.0
2024-08-22 11:35:00+09:00,1022.0,1022.0,1022.0,1022.0,0,0.0,0.0
2024-08-22 12:30:00+09:00,1022.0,1022.0,1015.0,1016.0,12200,0.0,0.0
2024-08-22 12:35:00+09:00,1019.0,1019.0,1019.0,1019.0,0,0.0,0.0
2024-08-22 12:50:00+09:00,1018.0,1018.0,1018.0,1018.0,12800,0.0,0.0
2024-08-22 13:05:00+09:00,1017.0,1019.0,1017.0,1019.0,700,0.0,0.0
2024-08-22 13:10:00+09:00,1020.0,1020.0,1020.0,1020.0,100,0.0,0.0
2024-08-22 13:15:00+09:00,1020.0,1020.0,1020.0,1020.0,100,0.0,0.0
2024-08-22 13:20:00+09:00,1019.0,1021.0,1018.0,1018.0,500,0.0,0.0
2024-08-22 13:50:00+09:00,1020.0,1021.0,1020.0,1021.0,300,0.0,0.0
2024-08-22 14:00:00+09:00,1021.0,1022.0,1021.0,1022.0,400,0.0,0.0
2024-08-22 14:10:00+09:00,1022.0,1022.0,1022.0,1022.0,200,0.0,0.0
2024-08-22 14:20:00+09:00,1022.0,1022.0,1021.0,1021.0,200,0.0,0.0
2024-08-22 14:35:00+09:00,1023.0,1023.0,1023.0,1023.0,1000,0.0,0.0
2024-08-22 14:45:00+09:00,1022.0,1022.0,1022.0,1022.0,300,0.0,0.0
2024-08-22 14:50:00+09:00,1023.0,1024.0,1023.0,1023.0,400,0.0,0.0
2024-08-22 14:55:00+09:00,1024.0,1025.0,1024.0,1025.0,1100,0.0,0.0
2024-08-23 09:00:00+09:00,1025.0,1028.0,1025.0,1028.0,4000,0.0,0.0
2024-08-23 09:20:00+09:00,1027.0,1027.0,1026.0,1026.0,300,0.0,0.0
2024-08-23 09:30:00+09:00,1026.0,1026.0,1026.0,1026.0,300,0.0,0.0
2024-08-23 09:35:00+09:00,1025.0,1025.0,1025.0,1025.0,100,0.0,0.0
2024-08-23 09:50:00+09:00,1027.0,1027.0,1027.0,1027.0,500,0.0,0.0
2024-08-23 09:55:00+09:00,1027.0,1027.0,1025.0,1025.0,1900,0.0,0.0
2024-08-23 10:00:00+09:00,1024.0,1024.0,1024.0,1024.0,200,0.0,0.0
2024-08-23 10:05:00+09:00,1023.0,1023.0,1022.0,1022.0,400,0.0,0.0
2024-08-23 10:40:00+09:00,1023.0,1023.0,1022.0,1022.0,900,0.0,0.0
2024-08-23 10:45:00+09:00,1020.0,1020.0,1019.0,1019.0,200,0.0,0.0
2024-08-23 10:50:00+09:00,1019.0,1019.0,1019.0,1019.0,500,0.0,0.0
2024-08-23 10:55:00+09:00,1018.0,1018.0,1018.0,1018.0,600,0.0,0.0
2024-08-23 11:00:00+09:00,1017.0,1017.0,1017.0,1017.0,400,0.0,0.0
2024-08-23 11:05:00+09:00,1018.0,1019.0,1018.0,1019.0,900,0.0,0.0
2024-08-23 11:30:00+09:00,1020.0,1021.0,1020.0,1021.0,300,0.0,0.0
2024-08-23 11:35:00+09:00,1021.0,1021.0,1021.0,1021.0,0,0.0,0.0
2024-08-23 12:30:00+09:00,1029.0,1029.0,1022.0,1022.0,12300,0.0,0.0
2024-08-23 12:40:00+09:00,1023.0,1023.0,1023.0,1023.0,100,0.0,0.0
2024-08-23 12:55:00+09:00,1023.0,1024.0,1023.0,1024.0,600,0.0,0.0
2024-08-23 13:10:00+09:00,1024.0,1024.0,1024.0,1024.0,500,0.0,0.0
2024-08-23 13:15:00+09:00,1024.0,1024.0,1024.0,1024.0,100,0.0,0.0
2024-08-23 13:25:00+09:00,1024.0,1024.0,1024.0,1024.0,100,0.0,0.0
2024-08-23 13:30:00+09:00,1025.0,1025.0,1025.0,1025.0,200,0.0,0.0
2024-08-23 13:40:00+09:00,1025.0,1025.0,1025.0,1025.0,100,0.0,0.0
2024-08-23 13:45:00+09:00,1024.0,1025.0,1023.0,1025.0,500,0.0,0.0
2024-08-23 14:00:00+09:00,1026.0,1026.0,1026.0,1026.0,600,0.0,0.0
2024-08-23 14:05:00+09:00,1025.0,1025.0,1025.0,1025.0,300,0.0,0.0
2024-08-23 14:10:00+09:00,1025.0,1025.0,1025.0,1025.0,100,0.0,0.0
2024-08-23 14:20:00+09:00,1025.0,1025.0,1024.0,1024.0,300,0.0,0.0
2024-08-23 14:25:00+09:00,1023.0,1023.0,1023.0,1023.0,200,0.0,0.0
2024-08-23 14:30:00+09:00,1025.0,1025.0,1025.0,1025.0,200,0.0,0.0
2024-08-23 14:35:00+09:00,1024.0,1024.0,1023.0,1023.0,400,0.0,0.0
2024-08-23 14:40:00+09:00,1023.0,1023.0,1023.0,1023.0,100,0.0,0.0
2024-08-23 14:50:00+09:00,1024.0,1024.0,1024.0,1024.0,100,0.0,0.0
2024-08-23 14:55:00+09:00,1024.0,1025.0,1022.0,1022.0,900,0.0,0.0
2024-08-26 09:00:00+09:00,1033.0,1033.0,1033.0,1033.0,7500,0.0,0.0
2024-08-26 09:05:00+09:00,1025.0,1026.0,1025.0,1026.0,300,0.0,0.0
2024-08-26 09:10:00+09:00,1027.0,1029.0,1027.0,1029.0,300,0.0,0.0
2024-08-26 09:15:00+09:00,1029.0,1030.0,1029.0,1030.0,800,0.0,0.0
2024-08-26 09:20:00+09:00,1030.0,1031.0,1030.0,1030.0,400,0.0,0.0
2024-08-26 09:25:00+09:00,1027.0,1027.0,1026.0,1026.0,400,0.0,0.0
2024-08-26 09:30:00+09:00,1026.0,1026.0,1026.0,1026.0,300,0.0,0.0
2024-08-26 09:35:00+09:00,1026.0,1026.0,1026.0,1026.0,100,0.0,0.0
2024-08-26 09:40:00+09:00,1027.0,1028.0,1027.0,1028.0,300,0.0,0.0
2024-08-26 09:50:00+09:00,1028.0,1028.0,1028.0,1028.0,100,0.0,0.0
2024-08-26 09:55:00+09:00,1030.0,1031.0,1030.0,1031.0,1200,0.0,0.0
2024-08-26 10:00:00+09:00,1031.0,1031.0,1030.0,1030.0,300,0.0,0.0
2024-08-26 10:05:00+09:00,1031.0,1031.0,1030.0,1030.0,200,0.0,0.0
2024-08-26 10:10:00+09:00,1030.0,1031.0,1030.0,1031.0,300,0.0,0.0
2024-08-26 10:15:00+09:00,1031.0,1031.0,1031.0,1031.0,100,0.0,0.0
2024-08-26 10:25:00+09:00,1032.0,1032.0,1032.0,1032.0,100,0.0,0.0
2024-08-26 10:35:00+09:00,1032.0,1032.0,1031.0,1032.0,1000,0.0,0.0
2024-08-26 10:45:00+09:00,1032.0,1032.0,1032.0,1032.0,200,0.0,0.0
2024-08-26 10:50:00+09:00,1031.0,1031.0,1031.0,1031.0,300,0.0,0.0
2024-08-26 10:55:00+09:00,1030.0,1030.0,1030.0,1030.0,800,0.0,0.0
2024-08-26 11:00:00+09:00,1029.0,1029.0,1029.0,1029.0,100,0.0,0.0
2024-08-26 11:05:00+09:00,1030.0,1030.0,1030.0,1030.0,100,0.0,0.0
2024-08-26 11:10:00+09:00,1030.0,1031.0,1030.0,1031.0,700,0.0,0.0
2024-08-26 11:15:00+09:00,1032.0,1032.0,1032.0,1032.0,100,0.0,0.0
2024-08-26 11:20:00+09:00,1032.0,1032.0,1031.0,1031.0,400,0.0,0.0
2024-08-26 11:25:00+09:00,1031.0,1031.0,1030.0,1030.0,1800,0.0,0.0
2024-08-26 11:30:00+09:00,1032.0,1032.0,1032.0,1032.0,100,0.0,0.0
2024-08-26 11:35:00+09:00,1032.0,1032.0,1032.0,1032.0,0,0.0,0.0
2024-08-26 12:30:00+09:00,1033.0,1033.0,1028.0,1028.0,20600,0.0,0.0
2024-08-26 12:40:00+09:00,1028.0,1028.0,1028.0,1028.0,200,0.0,0.0
2024-08-26 12:45:00+09:00,1030.0,1030.0,1028.0,1028.0,600,0.0,0.0
2024-08-26 12:50:00+09:00,1027.0,1027.0,1027.0,1027.0,100,0.0,0.0
2024-08-26 13:05:00+09:00,1029.0,1029.0,1029.0,1029.0,400,0.0,0.0
2024-08-26 13:15:00+09:00,1028.0,1028.0,1028.0,1028.0,100,0.0,0.0
2024-08-26 13:30:00+09:00,1030.0,1030.0,1030.0,1030.0,400,0.0,0.0
2024-08-26 13:45:00+09:00,1029.0,1030.0,1029.0,1030.0,400,0.0,0.0
2024-08-26 13:50:00+09:00,1030.0,1030.0,1029.0,1029.0,300,0.0,0.0
2024-08-26 13:55:00+09:00,1030.0,1030.0,1030.0,1030.0,200,0.0,0.0
2024-08-26 14:05:00+09:00,1030.0,1030.0,1030.0,1030.0,200,0.0,0.0
2024-08-26 14:10:00+09:00,1030.0,1030.0,1030.0,1030.0,300,0.0,0.0
2024-08-26 14:20:00+09:00,1030.0,1030.0,1030.0,1030.0,100,0.0,0.0
2024-08-26 14:25:00+09:00,1031.0,1031.0,1031.0,1031.0,100,0.0,0.0
2024-08-26 14:30:00+09:00,1031.0,1031.0,1030.0,1030.0,1200,0.0,0.0
2024-08-26 14:35:00+09:00,1031.0,1031.0,1031.0,1031.0,100,0.0,0.0
2024-08-26 14:50:00+09:00,1030.0,1032.0,1030.0,1031.0,900,0.0,0.0
2024-08-26 14:55:00+09:00,1030.0,1031.0,1029.0,1029.0,2800,0.0,0.0
2024-08-27 09:00:00+09:00,1029.0,1029.0,1029.0,1029.0,700,0.0,0.0
2024-08-27 09:05:00+09:00,1029.0,1032.0,1029.0,1032.0,600,0.0,0.0
2024-08-27 09:10:00+09:00,1034.0,1035.0,1033.0,1033.0,3200,0.0,0.0
2024-08-27 09:15:00+09:00,1035.0,1035.0,1032.0,1032.0,400,0.0,0.0
2024-08-27 09:20:00+09:00,1032.0,1034.0,1032.0,1034.0,200,0.0,0.0
2024-08-27 09:35:00+09:00,1033.0,1033.0,1033.0,1033.0,100,0.0,0.0
2024-08-27 09:55:00+09:00,1034.0,1034.0,1034.0,1034.0,400,0.0,0.0
2024-08-27 10:00:00+09:00,1035.0,1035.0,1033.0,1034.0,2500,0.0,0.0
2024-08-27 10:05:00+09:00,1034.0,1034.0,1034.0,1034.0,300,0.0,0.0
2024-08-27 10:10:00+09:00,1033.0,1033.0,1031.0,1033.0,1500,0.0,0.0
2024-08-27 10:15:00+09:00,1034.0,1034.0,1034.0,1034.0,400,0.0,0.0
2024-08-27 10:30:00+09:00,1034.0,1035.0,1034.0,1035.0,300,0.0,0.0
2024-08-27 10:40:00+09:00,1034.0,1034.0,1034.0,1034.0,100,0.0,0.0
2024-08-27 10:50:00+09:00,1031.0,1031.0,1031.0,1031.0,0,0.0,0.0
2024-08-27 10:55:00+09:00,1032.0,1032.0,1032.0,1032.0,12200,0.0,0.0
2024-08-27 11:05:00+09:00,1031.0,1032.0,1031.0,1032.0,200,0.0,0.0
2024-08-27 11:10:00+09:00,1032.0,1032.0,1032.0,1032.0,200,0.0,0.0
2024-08-27 11:20:00+09:00,1031.0,1031.0,1031.0,1031.0,100,0.0,0.0
2024-08-27 11:25:00+09:00,1032.0,1032.0,1032.0,1032.0,100,0.0,0.0
2024-08-27 11:30:00+09:00,1033.0,1034.0,1033.0,1034.0,300,0.0,0.0
2024-08-27 11:35:00+09:00,1034.0,1034.0,1034.0,1034.0,0,0.0,0.0
2024-08-27 12:30:00+09:00,1034.0,1037.0,1034.0,1037.0,14200,0.0,0.0
2024-08-27 12:35:00+09:00,1036.0,1036.0,1032.0,1033.0,1200,0.0,0.0
2024-08-27 12:40:00+09:00,1034.0,1034.0,1034.0,1034.0,400,0.0,0.0
2024-08-27 12:50:00+09:00,1034.0,1036.0,1034.0,1036.0,200,0.0,0.0
2024-08-27 12:55:00+09:00,1036.0,1036.0,1036.0,1036.0,300,0.0,0.0
2024-08-27 13:05:00+09:00,1035.0,1036.0,1035.0,1036.0,200,0.0,0.0
2024-08-27 13:10:00+09:00,1036.0,1036.0,1036.0,1036.0,100,0.0,0.0
2024-08-27 13:20:00+09:00,1036.0,1036.0,1036.0,1036.0,600,0.0,0.0
2024-08-27 13:40:00+09:00,1037.0,1037.0,1037.0,1037.0,200,0.0,0.0
2024-08-27 13:45:00+09:00,1037.0,1037.0,1036.0,1036.0,200,0.0,0.0
2024-08-27 13:50:00+09:00,1036.0,1036.0,1036.0,1036.0,100,0.0,0.0
2024-08-27 14:05:00+09:00,1037.0,1037.0,1037.0,1037.0,400,0.0,0.0
2024-08-27 14:10:00+09:00,1036.0,1036.0,1036.0,1036.0,100,0.0,0.0
2024-08-27 14:15:00+09:00,1037.0,1037.0,1037.0,1037.0,400,0.0,0.0
2024-08-27 14:30:00+09:00,1037.0,1038.0,1037.0,1038.0,500,0.0,0.0
2024-08-27 14:35:00+09:00,1036.0,1036.0,1036.0,1036.0,300,0.0,0.0
2024-08-27 14:40:00+09:00,1038.0,1039.0,1038.0,1039.0,1300,0.0,0.0
2024-08-27 14:55:00+09:00,1039.0,1040.0,1039.0,1039.0,1800,0.0,0.0
2024-08-28 09:00:00+09:00,1040.0,1040.0,1038.0,1038.0,2000,0.0,0.0
2024-08-28 09:05:00+09:00,1036.0,1038.0,1033.0,1033.0,1000,0.0,0.0
2024-08-28 09:10:00+09:00,1033.0,1033.0,1033.0,1033.0,300,0.0,0.0
2024-08-28 09:15:00+09:00,1032.0,1032.0,1029.0,1029.0,2300,0.0,0.0
2024-08-28 09:20:00+09:00,1028.0,1028.0,1028.0,1028.0,100,0.0,0.0
2024-08-28 09:25:00+09:00,1027.0,1028.0,1026.0,1026.0,1100,0.0,0.0
2024-08-28 09:30:00+09:00,1028.0,1030.0,1028.0,1030.0,600,0.0,0.0
2024-08-28 09:35:00+09:00,1029.0,1031.0,1029.0,1031.0,300,0.0,0.0
2024-08-28 09:50:00+09:00,1031.0,1032.0,1031.0,1032.0,500,0.0,0.0
2024-08-28 09:55:00+09:00,1033.0,1033.0,1033.0,1033.0,100,0.0,0.0
2024-08-28 10:00:00+09:00,1033.0,1033.0,1033.0,1033.0,200,0.0,0.0
2024-08-28 10:05:00+09:00,1033.0,1033.0,1033.0,1033.0,100,0.0,0.0
2024-08-28 10:10:00+09:00,1032.0,1032.0,1031.0,1031.0,500,0.0,0.0
2024-08-28 10:15:00+09:00,1031.0,1031.0,1030.0,1030.0,200,0.0,0.0
2024-08-28 10:35:00+09:00,1033.0,1033.0,1033.0,1033.0,100,0.0,0.0
2024-08-28 10:40:00+09:00,1031.0,1033.0,1030.0,1033.0,700,0.0,0.0
2024-08-28 10:45:00+09:00,1034.0,1034.0,1033.0,1034.0,400,0.0,0.0
2024-08-28 10:50:00+09:00,1032.0,1032.0,1032.0,1032.0,100,0.0,0.0
2024-08-28 10:55:00+09:00,1034.0,1034.0,1034.0,1034.0,100,0.0,0.0
2024-08-28 11:05:00+09:00,1035.0,1035.0,1035.0,1035.0,100,0.0,0.0
2024-08-28 11:10:00+09:00,1035.0,1035.0,1034.0,1034.0,1100,0.0,0.0
2024-08-28 11:15:00+09:00,1034.0,1034.0,1033.0,1033.0,300,0.0,0.0
2024-08-28 11:30:00+09:00,1037.0,1037.0,1037.0,1037.0,100,0.0,0.0
2024-08-28 11:35:00+09:00,1037.0,1037.0,1037.0,1037.0,0,0.0,0.0
2024-08-28 12:30:00+09:00,1032.0,1032.0,1032.0,1032.0,13700,0.0,0.0
2024-08-28 12:45:00+09:00,1032.0,1032.0,1032.0,1032.0,200,0.0,0.0
2024-08-28 13:00:00+09:00,1034.0,1034.0,1034.0,1034.0,100,0.0,0.0
2024-08-28 13:10:00+09:00,1034.0,1034.0,1034.0,1034.0,100,0.0,0.0
2024-08-28 13:25:00+09:00,1034.0,1034.0,1034.0,1034.0,400,0.0,0.0
2024-08-28 13:40:00+09:00,1034.0,1035.0,1033.0,1035.0,500,0.0,0.0
2024-08-28 13:45:00+09:00,1035.0,1035.0,1034.0,1034.0,200,0.0,0.0
2024-08-28 14:10:00+09:00,1033.0,1033.0,1032.0,1032.0,300,0.0,0.0
2024-08-28 14:15:00+09:00,1032.0,1033.0,1032.0,1033.0,400,0.0,0.0
2024-08-28 14:20:00+09:00,1033.0,1034.0,1033.0,1034.0,700,0.0,0.0
2024-08-28 14:25:00+09:00,1035.0,1037.0,1035.0,1037.0,800,0.0,0.0
2024-08-28 14:50:00+09:00,1035.0,1037.0,1035.0,1036.0,800,0.0,0.0
2024-08-28 14:55:00+09:00,1036.0,1036.0,1034.0,1034.0,1400,0.0,0.0
2024-08-29 09:00:00+09:00,1034.0,1034.0,1030.0,1030.0,2800,0.0,0.0
2024-08-29 09:05:00+09:00,1033.0,1034.0,1033.0,1034.0,700,0.0,0.0
2024-08-29 09:10:00+09:00,1034.0,1036.0,1034.0,1036.0,300,0.0,0.0
2024-08-29 09:15:00+09:00,1036.0,1038.0,1036.0,1038.0,300,0.0,0.0
2024-08-29 09:50:00+09:00,1035.0,1035.0,1035.0,1035.0,200,0.0,0.0
2024-08-29 09:55:00+09:00,1036.0,1036.0,1036.0,1036.0,100,0.0,0.0
2024-08-29 10:10:00+09:00,1035.0,1035.0,1033.0,1033.0,300,0.0,0.0
2024-08-29 10:15:00+09:00,1034.0,1034.0,1034.0,1034.0,300,0.0,0.0
2024-08-29 10:20:00+09:00,1034.0,1034.0,1032.0,1032.0,600,0.0,0.0
2024-08-29 10:25:00+09:00,1033.0,1033.0,1033.0,1033.0,100,0.0,0.0
2024-08-29 10:35:00+09:00,1034.0,1034.0,1034.0,1034.0,100,0.0,0.0
2024-08-29 10:40:00+09:00,1034.0,1034.0,1034.0,1034.0,300,0.0,0.0
2024-08-29 10:45:00+09:00,1035.0,1035.0,1035.0,1035.0,300,0.0,0.0
2024-08-29 10:55:00+09:00,1035.0,1035.0,1034.0,1034.0,300,0.0,0.0
2024-08-29 11:05:00+09:00,1034.0,1034.0,1034.0,1034.0,300,0.0,0.0
2024-08-29 11:15:00+09:00,1035.0,1035.0,1035.0,1035.0,100,0.0,0.0
2024-08-29 11:20:00+09:00,1033.0,1033.0,1031.0,1031.0,1700,0.0,0.0
2024-08-29 11:25:00+09:00,1031.0,1031.0,1031.0,1031.0,300,0.0,0.0
2024-08-29 11:30:00+09:00,1032.0,1032.0,1032.0,1032.0,100,0.0,0.0
2024-08-29 11:35:00+09:00,1032.0,1032.0,1032.0,1032.0,0,0.0,0.0
2024-08-29 12:30:00+09:00,1033.0,1033.0,1031.0,1031.0,9500,0.0,0.0
2024-08-29 12:35:00+09:00,1032.0,1032.0,1032.0,1032.0,600,0.0,0.0
2024-08-29 12:40:00+09:00,1033.0,1033.0,1033.0,1033.0,100,0.0,0.0
2024-08-29 12:50:00+09:00,1033.0,1034.0,1033.0,1034.0,500,0.0,0.0
2024-08-29 13:00:00+09:00,1034.0,1034.0,1034.0,1034.0,100,0.0,0.0
2024-08-29 13:35:00+09:00,1034.0,1034.0,1033.0,1033.0,1000,0.0,0.0
2024-08-29 13:45:00+09:00,1031.0,1031.0,1031.0,1031.0,100,0.0,0.0
2024-08-29 14:10:00+09:00,1031.0,1031.0,1031.0,1031.0,100,0.0,0.0
2024-08-29 14:20:00+09:00,1031.0,1031.0,1031.0,1031.0,300,0.0,0.0
2024-08-29 14:25:00+09:00,1031.0,1031.0,1031.0,1031.0,1000,0.0,0.0
2024-08-29 14:30:00+09:00,1030.0,1030.0,1030.0,1030.0,200,0.0,0.0
2024-08-29 14:35:00+09:00,1031.0,1031.0,1031.0,1031.0,400,0.0,0.0
2024-08-29 14:40:00+09:00,1031.0,1032.0,1031.0,1032.0,400,0.0,0.0
2024-08-29 14:45:00+09:00,1031.0,1031.0,1031.0,1031.0,900,0.0,0.0
2024-08-29 14:50:00+09:00,1032.0,1033.0,1032.0,1033.0,700,0.0,0.0
2024-08-29 14:55:00+09:00,1032.0,1035.0,1032.0,1035.0,700,0.0,0.0
2024-08-30 09:00:00+09:00,1037.0,1037.0,1037.0,1037.0,600,0.0,0.0
2024-08-30 09:10:00+09:00,1034.0,1035.0,1034.0,1035.0,300,0.0,0.0
2024-08-30 09:15:00+09:00,1034.0,1034.0,1034.0,1034.0,100,0.0,0.0
2024-08-30 09:25:00+09:00,1035.0,1038.0,1035.0,1038.0,2400,0.0,0.0
2024-08-30 09:35:00+09:00,1038.0,1038.0,1038.0,1038.0,200,0.0,0.0
2024-08-30 09:40:00+09:00,1037.0,1038.0,1037.0,1038.0,0,0.0,0.0
2024-08-30 09:45:00+09:00,1037.0,1037.0,1037.0,1037.0,4500,0.0,0.0
2024-08-30 09:50:00+09:00,1038.0,1038.0,1038.0,1038.0,200,0.0,0.0
2024-08-30 09:55:00+09:00,1038.0,1039.0,1038.0,1039.0,500,0.0,0.0
2024-08-30 10:00:00+09:00,1038.0,1039.0,1038.0,1039.0,200,0.0,0.0
2024-08-30 10:25:00+09:00,1038.0,1038.0,1038.0,1038.0,400,0.0,0.0
2024-08-30 10:40:00+09:00,1037.0,1038.0,1037.0,1038.0,300,0.0,0.0
2024-08-30 10:45:00+09:00,1038.0,1039.0,1038.0,1039.0,1100,0.0,0.0
2024-08-30 11:20:00+09:00,1037.0,1038.0,1037.0,1038.0,200,0.0,0.0
2024-08-30 11:30:00+09:00,1038.0,1038.0,1038.0,1038.0,100,0.0,0.0
2024-08-30 11:35:00+09:00,1038.0,1038.0,1038.0,1038.0,0,0.0,0.0
2024-08-30 12:30:00+09:00,1039.0,1041.0,1039.0,1040.0,11900,0.0,0.0
2024-08-30 12:35:00+09:00,1040.0,1040.0,1040.0,1040.0,100,0.0,0.0
2024-08-30 12:45:00+09:00,1039.0,1039.0,1039.0,1039.0,400,0.0,0.0
2024-08-30 12:50:00+09:00,1040.0,1040.0,1038.0,1038.0,1100,0.0,0.0
2024-08-30 12:55:00+09:00,1039.0,1039.0,1039.0,1039.0,100,0.0,0.0
2024-08-30 13:00:00+09:00,1038.0,1038.0,1037.0,1037.0,200,0.0,0.0
2024-08-30 13:10:00+09:00,1037.0,1037.0,1037.0,1037.0,100,0.0,0.0
2024-08-30 13:20:00+09:00,1037.0,1037.0,1037.0,1037.0,200,0.0,0.0
2024-08-30 13:30:00+09:00,1039.0,1039.0,1039.0,1039.0,700,0.0,0.0
2024-08-30 13:35:00+09:00,1039.0,1040.0,1039.0,1040.0,1100,0.0,0.0
2024-08-30 13:40:00+09:00,1040.0,1040.0,1040.0,1040.0,100,0.0,0.0
2024-08-30 13:45:00+09:00,1040.0,1040.0,1040.0,1040.0,100,0.0,0.0
2024-08-30 13:55:00+09:00,1039.0,1040.0,1038.0,1038.0,2700,0.0,0.0
2024-08-30 14:10:00+09:00,1038.0,1038.0,1038.0,1038.0,100,0.0,0.0
2024-08-30 14:25:00+09:00,1038.0,1038.0,1038.0,1038.0,100,0.0,0.0
2024-08-30 14:30:00+09:00,1037.0,1037.0,1037.0,1037.0,100,0.0,0.0
2024-08-30 14:35:00+09:00,1039.0,1040.0,1039.0,1040.0,700,0.0,0.0
2024-08-30 14:40:00+09:00,1040.0,1041.0,1040.0,1040.0,300,0.0,0.0
2024-08-30 14:45:00+09:00,1040.0,1040.0,1040.0,1040.0,400,0.0,0.0
2024-08-30 14:50:00+09:00,1040.0,1041.0,1040.0,1040.0,1000,0.0,0.0
2024-08-30 14:55:00+09:00,1040.0,1042.0,1039.0,1042.0,2200,0.0,0.0
