Datetime,Open,High,Low,Close,Volume,Dividends,Stock Splits
2022-07-07 09:00:00+09:00,696.0,705.0,691.0,696.0,0,0.0,0.0
2022-07-07 10:00:00+09:00,696.0,696.0,689.0,695.0,68676,0.0,0.0
2022-07-07 11:00:00+09:00,695.0,702.0,691.0,699.0,64172,0.0,0.0
2022-07-07 12:00:00+09:00,699.0,701.0,693.0,697.0,57826,0.0,0.0
2022-07-07 13:00:00+09:00,697.0,699.0,691.0,698.0,70517,0.0,0.0
2022-07-07 14:00:00+09:00,698.0,700.0,690.0,692.0,82202,0.0,0.0
2022-07-08 09:00:00+09:00,701.0,702.0,694.0,697.0,0,0.0,0.0
2022-07-08 10:00:00+09:00,697.0,699.0,693.0,696.0,29832,0.0,0.0
2022-07-08 11:00:00+09:00,695.0,698.0,695.0,698.0,50781,0.0,0.0
2022-07-08 12:00:00+09:00,698.0,698.0,695.0,698.0,26854,0.0,0.0
2022-07-08 13:00:00+09:00,697.0,698.0,694.0,697.0,65886,0.0,0.0
2022-07-08 14:00:00+09:00,697.0,699.0,694.0,698.0,98142,0.0,0.0
2022-07-11 09:00:00+09:00,700.0,701.0,685.0,693.0,0,0.0,0.0
2022-07-11 10:00:00+09:00,688.0,693.0,684.0,686.0,115077,0.0,0.0
2022-07-11 11:00:00+09:00,686.0,690.0,684.0,685.0,47173,0.0,0.0
2022-07-11 12:00:00+09:00,685.0,690.0,680.0,686.0,110926,0.0,0.0
2022-07-11 13:00:00+09:00,689.0,691.0,680.0,687.0,102468,0.0,0.0
2022-07-11 14:00:00+09:00,686.0,688.0,680.0,683.0,76722,0.0,0.0
2022-07-12 09:00:00+09:00,681.0,686.0,663.0,679.0,0,0.0,0.0
2022-07-12 10:00:00+09:00,678.0,678.0,661.0,671.0,111602,0.0,0.0
2022-07-12 11:00:00+09:00,671.0,686.0,670.0,682.0,76301,0.0,0.0
2022-07-12 12:00:00+09:00,682.0,683.0,677.0,678.0,10485,0.0,0.0
2022-07-12 13:00:00+09:00,680.0,680.0,669.0,674.0,47711,0.0,0.0
2022-07-12 14:00:00+09:00,671.0,705.0,670.0,695.0,230192,0.0,0.0
2022-07-13 09:00:00+09:00,703.0,790.0,700.0,757.0,2186901,0.0,0.0
2022-07-13 10:00:00+09:00,758.0,814.0,740.0,814.0,2092775,0.0,0.0
2022-07-13 11:00:00+09:00,814.0,840.0,780.0,786.0,5976261,0.0,0.0
2022-07-13 12:00:00+09:00,785.0,785.0,766.0,774.0,662325,0.0,0.0
2022-07-13 13:00:00+09:00,771.0,787.0,770.0,775.0,315139,0.0,0.0
2022-07-13 14:00:00+09:00,776.0,794.0,771.0,782.0,378856,0.0,0.0
2022-07-14 09:00:00+09:00,778.0,794.0,770.0,777.0,0,0.0,0.0
2022-07-14 10:00:00+09:00,777.0,779.0,769.0,778.0,225650,0.0,0.0
2022-07-14 11:00:00+09:00,777.0,779.0,769.0,775.0,83514,0.0,0.0
2022-07-14 12:00:00+09:00,774.0,784.0,767.0,783.0,109558,0.0,0.0
2022-07-14 13:00:00+09:00,783.0,790.0,782.0,785.0,68009,0.0,0.0
2022-07-14 14:00:00+09:00,785.0,792.0,784.0,790.0,104112,0.0,0.0
2022-07-15 09:00:00+09:00,787.0,795.0,776.0,787.0,0,0.0,0.0
2022-07-15 10:00:00+09:00,787.0,819.0,784.0,802.0,356447,0.0,0.0
2022-07-15 11:00:00+09:00,806.0,815.0,792.0,793.0,237796,0.0,0.0
2022-07-15 12:00:00+09:00,793.0,800.0,783.0,790.0,57990,0.0,0.0
2022-07-15 13:00:00+09:00,790.0,791.0,782.0,785.0,60330,0.0,0.0
2022-07-15 14:00:00+09:00,785.0,787.0,760.0,766.0,325832,0.0,0.0
2022-07-18 09:00:00+09:00,763.0,777.0,731.0,741.0,0,0.0,0.0
2022-07-18 10:00:00+09:00,740.0,760.0,735.0,742.0,113462,0.0,0.0
2022-07-18 11:00:00+09:00,742.0,744.0,730.0,734.0,143726,0.0,0.0
2022-07-18 12:00:00+09:00,735.0,737.0,724.0,726.0,147481,0.0,0.0
2022-07-18 13:00:00+09:00,730.0,735.0,724.0,733.0,80209,0.0,0.0
2022-07-18 14:00:00+09:00,734.0,742.0,731.0,736.0,77803,0.0,0.0
2022-07-19 09:00:00+09:00,731.0,732.0,714.0,723.0,0,0.0,0.0
2022-07-19 10:00:00+09:00,723.0,732.0,715.0,725.0,91326,0.0,0.0
2022-07-19 11:00:00+09:00,725.0,731.0,721.0,729.0,93108,0.0,0.0
2022-07-19 12:00:00+09:00,728.0,737.0,718.0,724.0,116217,0.0,0.0
2022-07-19 13:00:00+09:00,724.0,756.0,718.0,744.0,330561,0.0,0.0
2022-07-19 14:00:00+09:00,741.0,752.0,730.0,736.0,86437,0.0,0.0
2022-07-20 09:00:00+09:00,733.0,739.0,724.0,734.0,0,0.0,0.0
2022-07-20 10:00:00+09:00,733.0,736.0,724.0,728.0,122175,0.0,0.0
2022-07-20 11:00:00+09:00,725.0,732.0,723.0,725.0,54580,0.0,0.0
2022-07-20 12:00:00+09:00,725.0,729.0,721.0,725.0,64259,0.0,0.0
2022-07-20 13:00:00+09:00,724.0,728.0,721.0,727.0,97019,0.0,0.0
2022-07-20 14:00:00+09:00,727.0,727.0,720.0,721.0,91749,0.0,0.0
2022-07-21 09:00:00+09:00,720.0,726.0,709.0,719.0,0,0.0,0.0
2022-07-21 10:00:00+09:00,719.0,721.0,713.0,715.0,69694,0.0,0.0
2022-07-21 11:00:00+09:00,715.0,718.0,714.0,718.0,35471,0.0,0.0
2022-07-21 12:00:00+09:00,717.0,718.0,712.0,713.0,47108,0.0,0.0
2022-07-21 13:00:00+09:00,713.0,714.0,707.0,708.0,105396,0.0,0.0
2022-07-21 14:00:00+09:00,708.0,710.0,705.0,709.0,47283,0.0,0.0
2022-07-22 09:00:00+09:00,719.0,719.0,703.0,707.0,0,0.0,0.0
2022-07-22 10:00:00+09:00,708.0,711.0,706.0,708.0,29004,0.0,0.0
2022-07-22 11:00:00+09:00,708.0,709.0,699.0,700.0,187895,0.0,0.0
2022-07-22 12:00:00+09:00,700.0,705.0,696.0,705.0,102771,0.0,0.0
2022-07-22 13:00:00+09:00,704.0,707.0,699.0,701.0,24774,0.0,0.0
2022-07-22 14:00:00+09:00,701.0,704.0,700.0,702.0,25323,0.0,0.0
2022-07-25 09:00:00+09:00,705.0,705.0,696.0,704.0,0,0.0,0.0
2022-07-25 10:00:00+09:00,704.0,704.0,696.0,698.0,19845,0.0,0.0
2022-07-25 11:00:00+09:00,699.0,703.0,698.0,701.0,15635,0.0,0.0
2022-07-25 12:00:00+09:00,703.0,704.0,699.0,700.0,19329,0.0,0.0
2022-07-25 13:00:00+09:00,700.0,704.0,699.0,699.0,16527,0.0,0.0
2022-07-25 14:00:00+09:00,703.0,703.0,699.0,700.0,12469,0.0,0.0
2022-07-26 09:00:00+09:00,697.0,709.0,697.0,700.0,0,0.0,0.0
2022-07-26 10:00:00+09:00,703.0,711.0,698.0,710.0,65930,0.0,0.0
2022-07-26 11:00:00+09:00,710.0,712.0,702.0,707.0,33815,0.0,0.0
2022-07-26 12:00:00+09:00,706.0,713.0,704.0,713.0,27500,0.0,0.0
2022-07-26 13:00:00+09:00,710.0,713.0,708.0,710.0,13217,0.0,0.0
2022-07-26 14:00:00+09:00,710.0,710.0,706.0,709.0,29625,0.0,0.0
2022-07-27 09:00:00+09:00,710.0,718.0,705.0,710.0,0,0.0,0.0
2022-07-27 10:00:00+09:00,710.0,710.0,703.0,708.0,20302,0.0,0.0
2022-07-27 11:00:00+09:00,708.0,710.0,701.0,701.0,29034,0.0,0.0
2022-07-27 12:00:00+09:00,703.0,704.0,700.0,702.0,21887,0.0,0.0
2022-07-27 13:00:00+09:00,702.0,702.0,693.0,695.0,124926,0.0,0.0
2022-07-27 14:00:00+09:00,695.0,708.0,695.0,707.0,113230,0.0,0.0
2022-07-28 09:00:00+09:00,770.0,790.0,733.0,747.0,0,0.0,0.0
2022-07-28 10:00:00+09:00,745.0,748.0,737.0,742.0,98354,0.0,0.0
2022-07-28 11:00:00+09:00,742.0,746.0,738.0,745.0,28112,0.0,0.0
2022-07-28 12:00:00+09:00,745.0,748.0,743.0,745.0,44439,0.0,0.0
2022-07-28 13:00:00+09:00,744.0,745.0,739.0,742.0,102625,0.0,0.0
2022-07-28 14:00:00+09:00,742.0,744.0,738.0,741.0,42549,0.0,0.0
2022-07-29 09:00:00+09:00,735.0,744.0,735.0,737.0,0,0.0,0.0
2022-07-29 10:00:00+09:00,737.0,749.0,735.0,748.0,63004,0.0,0.0
2022-07-29 11:00:00+09:00,748.0,752.0,742.0,749.0,74216,0.0,0.0
2022-07-29 12:00:00+09:00,747.0,748.0,744.0,744.0,15921,0.0,0.0
2022-07-29 13:00:00+09:00,744.0,746.0,740.0,742.0,16514,0.0,0.0
2022-07-29 14:00:00+09:00,742.0,742.0,730.0,738.0,67518,0.0,0.0
2022-08-01 09:00:00+09:00,746.0,747.0,739.0,745.0,0,0.0,0.0
2022-08-01 10:00:00+09:00,742.0,752.0,742.0,749.0,61219,0.0,0.0
2022-08-01 11:00:00+09:00,749.0,750.0,746.0,749.0,27204,0.0,0.0
2022-08-01 12:00:00+09:00,749.0,749.0,744.0,745.0,43488,0.0,0.0
2022-08-01 13:00:00+09:00,747.0,749.0,745.0,748.0,60327,0.0,0.0
2022-08-01 14:00:00+09:00,749.0,751.0,746.0,749.0,80287,0.0,0.0
2022-08-02 09:00:00+09:00,741.0,744.0,722.0,723.0,0,0.0,0.0
2022-08-02 10:00:00+09:00,723.0,728.0,720.0,720.0,63785,0.0,0.0
2022-08-02 11:00:00+09:00,724.0,727.0,719.0,725.0,27258,0.0,0.0
2022-08-02 12:00:00+09:00,725.0,725.0,720.0,723.0,31094,0.0,0.0
2022-08-02 13:00:00+09:00,724.0,728.0,721.0,722.0,27572,0.0,0.0
2022-08-02 14:00:00+09:00,725.0,725.0,720.0,722.0,52938,0.0,0.0
2022-08-03 09:00:00+09:00,720.0,720.0,706.0,719.0,0,0.0,0.0
2022-08-03 10:00:00+09:00,718.0,727.0,713.0,722.0,91388,0.0,0.0
2022-08-03 11:00:00+09:00,721.0,722.0,714.0,718.0,29554,0.0,0.0
2022-08-03 12:00:00+09:00,718.0,719.0,712.0,718.0,47052,0.0,0.0
2022-08-03 13:00:00+09:00,718.0,725.0,715.0,723.0,40491,0.0,0.0
2022-08-03 14:00:00+09:00,724.0,724.0,716.0,721.0,28639,0.0,0.0
2022-08-04 09:00:00+09:00,727.0,727.0,709.0,719.0,0,0.0,0.0
2022-08-04 10:00:00+09:00,719.0,720.0,714.0,715.0,13615,0.0,0.0
2022-08-04 11:00:00+09:00,714.0,719.0,712.0,719.0,25347,0.0,0.0
2022-08-04 12:00:00+09:00,720.0,721.0,713.0,718.0,18105,0.0,0.0
2022-08-04 13:00:00+09:00,717.0,718.0,713.0,718.0,20790,0.0,0.0
2022-08-04 14:00:00+09:00,718.0,720.0,714.0,720.0,25423,0.0,0.0
2022-08-05 09:00:00+09:00,722.0,722.0,714.0,719.0,0,0.0,0.0
2022-08-05 10:00:00+09:00,719.0,722.0,717.0,722.0,52364,0.0,0.0
2022-08-05 11:00:00+09:00,718.0,722.0,711.0,720.0,44719,0.0,0.0
2022-08-05 12:00:00+09:00,720.0,721.0,715.0,718.0,7387,0.0,0.0
2022-08-05 13:00:00+09:00,718.0,724.0,717.0,724.0,28335,0.0,0.0
2022-08-05 14:00:00+09:00,724.0,725.0,718.0,724.0,48031,0.0,0.0
2022-08-08 09:00:00+09:00,739.0,739.0,720.0,726.0,0,0.0,0.0
2022-08-08 10:00:00+09:00,726.0,730.0,720.0,723.0,108155,0.0,0.0
2022-08-08 11:00:00+09:00,725.0,727.0,723.0,726.0,31369,0.0,0.0
2022-08-08 12:00:00+09:00,726.0,727.0,723.0,724.0,6207,0.0,0.0
2022-08-08 13:00:00+09:00,725.0,730.0,723.0,730.0,27317,0.0,0.0
2022-08-08 14:00:00+09:00,729.0,732.0,728.0,731.0,28709,0.0,0.0
2022-08-09 09:00:00+09:00,722.0,790.0,722.0,774.0,1306329,0.0,0.0
2022-08-09 10:00:00+09:00,774.0,814.0,750.0,783.0,3870404,0.0,0.0
2022-08-09 11:00:00+09:00,783.0,837.0,780.0,811.0,5649470,0.0,0.0
2022-08-09 12:00:00+09:00,812.0,875.0,810.0,823.0,8184964,0.0,0.0
2022-08-09 13:00:00+09:00,823.0,823.0,791.0,807.0,2378541,0.0,0.0
2022-08-09 14:00:00+09:00,807.0,810.0,792.0,802.0,1092829,0.0,0.0
2022-08-10 09:00:00+09:00,781.0,805.0,772.0,787.0,0,0.0,0.0
2022-08-10 10:00:00+09:00,786.0,810.0,780.0,788.0,333267,0.0,0.0
2022-08-10 11:00:00+09:00,789.0,795.0,780.0,780.0,193993,0.0,0.0
2022-08-10 12:00:00+09:00,782.0,790.0,775.0,789.0,175993,0.0,0.0
2022-08-10 13:00:00+09:00,788.0,820.0,783.0,790.0,919991,0.0,0.0
2022-08-10 14:00:00+09:00,790.0,798.0,786.0,795.0,133028,0.0,0.0
2022-08-11 09:00:00+09:00,792.0,795.0,770.0,779.0,0,0.0,0.0
2022-08-11 10:00:00+09:00,778.0,784.0,766.0,767.0,328622,0.0,0.0
2022-08-11 11:00:00+09:00,767.0,775.0,766.0,771.0,89257,0.0,0.0
2022-08-11 12:00:00+09:00,771.0,776.0,769.0,770.0,63654,0.0,0.0
2022-08-11 13:00:00+09:00,772.0,772.0,764.0,765.0,164511,0.0,0.0
2022-08-11 14:00:00+09:00,765.0,769.0,759.0,764.0,153551,0.0,0.0
2022-08-12 09:00:00+09:00,761.0,823.0,761.0,785.0,1572138,0.0,0.0
2022-08-12 10:00:00+09:00,788.0,790.0,763.0,778.0,639405,0.0,0.0
2022-08-12 11:00:00+09:00,779.0,786.0,767.0,771.0,323813,0.0,0.0
2022-08-12 12:00:00+09:00,770.0,773.0,761.0,764.0,254946,0.0,0.0
2022-08-12 13:00:00+09:00,764.0,766.0,760.0,762.0,172575,0.0,0.0
2022-08-12 14:00:00+09:00,762.0,767.0,760.0,765.0,98764,0.0,0.0
2022-08-16 09:00:00+09:00,770.0,770.0,740.0,752.0,0,0.0,0.0
2022-08-16 10:00:00+09:00,753.0,754.0,740.0,748.0,104780,0.0,0.0
2022-08-16 11:00:00+09:00,748.0,749.0,742.0,749.0,84384,0.0,0.0
2022-08-16 12:00:00+09:00,749.0,765.0,749.0,759.0,122638,0.0,0.0
2022-08-16 13:00:00+09:00,756.0,760.0,754.0,758.0,40498,0.0,0.0
2022-08-16 14:00:00+09:00,758.0,758.0,749.0,753.0,36961,0.0,0.0
2022-08-17 09:00:00+09:00,756.0,758.0,740.0,751.0,0,0.0,0.0
2022-08-17 10:00:00+09:00,751.0,754.0,740.0,746.0,74584,0.0,0.0
2022-08-17 11:00:00+09:00,745.0,745.0,736.0,740.0,88260,0.0,0.0
2022-08-17 12:00:00+09:00,740.0,741.0,735.0,737.0,71543,0.0,0.0
2022-08-17 13:00:00+09:00,738.0,739.0,732.0,738.0,93780,0.0,0.0
2022-08-17 14:00:00+09:00,737.0,737.0,731.0,733.0,133226,0.0,0.0
2022-08-18 09:00:00+09:00,724.0,753.0,723.0,736.0,0,0.0,0.0
2022-08-18 10:00:00+09:00,739.0,787.0,735.0,760.0,481573,0.0,0.0
2022-08-18 11:00:00+09:00,761.0,765.0,730.0,746.0,337857,0.0,0.0
2022-08-18 12:00:00+09:00,746.0,747.0,740.0,747.0,32627,0.0,0.0
2022-08-18 13:00:00+09:00,743.0,746.0,739.0,745.0,29085,0.0,0.0
2022-08-18 14:00:00+09:00,743.0,750.0,739.0,746.0,46449,0.0,0.0
2022-08-19 09:00:00+09:00,751.0,770.0,749.0,754.0,0,0.0,0.0
2022-08-19 10:00:00+09:00,754.0,760.0,747.0,754.0,119862,0.0,0.0
2022-08-19 11:00:00+09:00,750.0,760.0,743.0,750.0,133554,0.0,0.0
2022-08-19 12:00:00+09:00,750.0,754.0,744.0,749.0,67638,0.0,0.0
2022-08-19 13:00:00+09:00,749.0,749.0,742.0,747.0,55311,0.0,0.0
2022-08-19 14:00:00+09:00,743.0,746.0,737.0,744.0,87012,0.0,0.0
2022-08-22 09:00:00+09:00,740.0,765.0,739.0,753.0,0,0.0,0.0
2022-08-22 10:00:00+09:00,755.0,764.0,752.0,763.0,133625,0.0,0.0
2022-08-22 11:00:00+09:00,763.0,770.0,760.0,765.0,113161,0.0,0.0
2022-08-22 12:00:00+09:00,765.0,785.0,763.0,766.0,388650,0.0,0.0
2022-08-22 13:00:00+09:00,769.0,779.0,766.0,776.0,168217,0.0,0.0
2022-08-22 14:00:00+09:00,771.0,776.0,765.0,765.0,104153,0.0,0.0
2022-08-23 09:00:00+09:00,768.0,805.0,760.0,783.0,0,0.0,0.0
2022-08-23 10:00:00+09:00,783.0,785.0,775.0,775.0,169299,0.0,0.0
2022-08-23 11:00:00+09:00,775.0,782.0,771.0,779.0,54324,0.0,0.0
2022-08-23 12:00:00+09:00,779.0,779.0,772.0,772.0,34665,0.0,0.0
2022-08-23 13:00:00+09:00,772.0,781.0,771.0,781.0,66193,0.0,0.0
2022-08-23 14:00:00+09:00,781.0,781.0,767.0,770.0,92932,0.0,0.0
2022-08-24 09:00:00+09:00,780.0,795.0,767.0,785.0,0,0.0,0.0
2022-08-24 10:00:00+09:00,786.0,792.0,778.0,783.0,100212,0.0,0.0
2022-08-24 11:00:00+09:00,782.0,784.0,767.0,773.0,75369,0.0,0.0
2022-08-24 12:00:00+09:00,773.0,778.0,755.0,776.0,110510,0.0,0.0
2022-08-24 13:00:00+09:00,778.0,783.0,772.0,778.0,78845,0.0,0.0
2022-08-24 14:00:00+09:00,778.0,781.0,767.0,772.0,61816,0.0,0.0
2022-08-25 09:00:00+09:00,779.0,779.0,768.0,775.0,0,0.0,0.0
2022-08-25 10:00:00+09:00,775.0,776.0,772.0,773.0,48818,0.0,0.0
2022-08-25 11:00:00+09:00,774.0,774.0,770.0,772.0,67678,0.0,0.0
2022-08-25 12:00:00+09:00,772.0,773.0,768.0,769.0,38575,0.0,0.0
2022-08-25 13:00:00+09:00,769.0,771.0,765.0,767.0,0,0.0,0.0
2022-08-25 14:00:00+09:00,770.0,772.0,764.0,766.0,417538,0.0,0.0
2022-08-26 09:00:00+09:00,760.0,769.0,751.0,759.0,0,0.0,0.0
2022-08-26 10:00:00+09:00,759.0,759.0,749.0,758.0,131768,0.0,0.0
2022-08-26 11:00:00+09:00,757.0,758.0,751.0,752.0,24553,0.0,0.0
2022-08-26 12:00:00+09:00,752.0,753.0,749.0,751.0,70557,0.0,0.0
2022-08-26 13:00:00+09:00,753.0,754.0,748.0,752.0,63727,0.0,0.0
2022-08-26 14:00:00+09:00,748.0,752.0,747.0,750.0,39467,0.0,0.0
2022-08-29 09:00:00+09:00,732.0,734.0,722.0,733.0,0,0.0,0.0
2022-08-29 10:00:00+09:00,731.0,736.0,727.0,732.0,41226,0.0,0.0
2022-08-29 11:00:00+09:00,730.0,733.0,729.0,730.0,14798,0.0,0.0
2022-08-29 12:00:00+09:00,730.0,733.0,727.0,730.0,36159,0.0,0.0
2022-08-29 13:00:00+09:00,728.0,730.0,724.0,727.0,0,0.0,0.0
2022-08-29 14:00:00+09:00,724.0,730.0,724.0,727.0,326369,0.0,0.0
2022-08-30 09:00:00+09:00,727.0,744.0,725.0,735.0,0,0.0,0.0
2022-08-30 10:00:00+09:00,735.0,740.0,730.0,735.0,38080,0.0,0.0
2022-08-30 11:00:00+09:00,732.0,735.0,723.0,724.0,16909,0.0,0.0
2022-08-30 12:00:00+09:00,729.0,737.0,723.0,727.0,47606,0.0,0.0
2022-08-30 13:00:00+09:00,727.0,733.0,724.0,728.0,27434,0.0,0.0
2022-08-30 14:00:00+09:00,728.0,732.0,724.0,728.0,56472,0.0,0.0
2022-08-31 09:00:00+09:00,731.0,754.0,726.0,734.0,0,0.0,0.0
2022-08-31 10:00:00+09:00,729.0,734.0,728.0,732.0,43384,0.0,0.0
2022-08-31 11:00:00+09:00,732.0,734.0,728.0,734.0,44086,0.0,0.0
2022-08-31 12:00:00+09:00,730.0,734.0,728.0,734.0,30672,0.0,0.0
2022-08-31 13:00:00+09:00,734.0,743.0,730.0,743.0,26388,0.0,0.0
2022-08-31 14:00:00+09:00,743.0,743.0,736.0,739.0,52865,0.0,0.0
2022-09-01 09:00:00+09:00,744.0,744.0,726.0,726.0,0,0.0,0.0
2022-09-01 10:00:00+09:00,726.0,733.0,725.0,729.0,161874,0.0,0.0
2022-09-01 11:00:00+09:00,729.0,733.0,725.0,726.0,35613,0.0,0.0
2022-09-01 12:00:00+09:00,726.0,732.0,726.0,726.0,18108,0.0,0.0
2022-09-01 13:00:00+09:00,727.0,729.0,725.0,729.0,22490,0.0,0.0
2022-09-01 14:00:00+09:00,726.0,735.0,725.0,728.0,23594,0.0,0.0
2022-09-02 09:00:00+09:00,724.0,730.0,719.0,727.0,0,0.0,0.0
2022-09-02 10:00:00+09:00,727.0,728.0,725.0,725.0,11850,0.0,0.0
2022-09-02 11:00:00+09:00,725.0,728.0,720.0,722.0,20711,0.0,0.0
2022-09-02 12:00:00+09:00,721.0,722.0,714.0,715.0,38895,0.0,0.0
2022-09-02 13:00:00+09:00,715.0,717.0,712.0,714.0,27945,0.0,0.0
2022-09-02 14:00:00+09:00,714.0,716.0,701.0,707.0,199215,0.0,0.0
2022-09-05 09:00:00+09:00,703.0,723.0,703.0,710.0,0,0.0,0.0
2022-09-05 10:00:00+09:00,710.0,710.0,699.0,704.0,41680,0.0,0.0
2022-09-05 11:00:00+09:00,703.0,710.0,703.0,710.0,9697,0.0,0.0
2022-09-05 12:00:00+09:00,708.0,710.0,704.0,710.0,13990,0.0,0.0
2022-09-05 13:00:00+09:00,705.0,710.0,704.0,709.0,23116,0.0,0.0
2022-09-05 14:00:00+09:00,705.0,709.0,699.0,704.0,41363,0.0,0.0
2022-09-06 09:00:00+09:00,695.0,718.0,695.0,710.0,0,0.0,0.0
2022-09-06 10:00:00+09:00,712.0,723.0,710.0,720.0,59185,0.0,0.0
2022-09-06 11:00:00+09:00,720.0,721.0,717.0,720.0,6886,0.0,0.0
2022-09-06 12:00:00+09:00,720.0,756.0,718.0,741.0,413346,0.0,0.0
2022-09-06 13:00:00+09:00,741.0,753.0,739.0,749.0,147716,0.0,0.0
2022-09-06 14:00:00+09:00,750.0,753.0,741.0,747.0,82732,0.0,0.0
2022-09-07 09:00:00+09:00,737.0,747.0,727.0,732.0,0,0.0,0.0
2022-09-07 10:00:00+09:00,732.0,735.0,723.0,733.0,39236,0.0,0.0
2022-09-07 11:00:00+09:00,729.0,734.0,727.0,734.0,30920,0.0,0.0
2022-09-07 12:00:00+09:00,729.0,747.0,724.0,731.0,45175,0.0,0.0
2022-09-07 13:00:00+09:00,731.0,733.0,724.0,732.0,17695,0.0,0.0
2022-09-07 14:00:00+09:00,732.0,732.0,721.0,727.0,23855,0.0,0.0
2022-09-08 09:00:00+09:00,722.0,733.0,717.0,717.0,0,0.0,0.0
2022-09-08 10:00:00+09:00,717.0,719.0,708.0,711.0,53083,0.0,0.0
2022-09-08 11:00:00+09:00,711.0,716.0,701.0,709.0,83304,0.0,0.0
2022-09-08 12:00:00+09:00,711.0,711.0,706.0,706.0,56830,0.0,0.0
2022-09-08 13:00:00+09:00,706.0,709.0,704.0,707.0,38216,0.0,0.0
2022-09-08 14:00:00+09:00,706.0,707.0,701.0,707.0,101498,0.0,0.0
2022-09-13 09:00:00+09:00,716.0,718.0,707.0,713.0,0,0.0,0.0
2022-09-13 10:00:00+09:00,710.0,717.0,710.0,715.0,88536,0.0,0.0
2022-09-13 11:00:00+09:00,715.0,717.0,705.0,716.0,40067,0.0,0.0
2022-09-13 12:00:00+09:00,714.0,726.0,712.0,721.0,66999,0.0,0.0
2022-09-13 13:00:00+09:00,720.0,720.0,710.0,716.0,55317,0.0,0.0
2022-09-13 14:00:00+09:00,713.0,717.0,711.0,714.0,31628,0.0,0.0
2022-09-14 09:00:00+09:00,706.0,718.0,702.0,718.0,0,0.0,0.0
2022-09-14 10:00:00+09:00,718.0,723.0,716.0,717.0,22977,0.0,0.0
2022-09-14 11:00:00+09:00,718.0,722.0,717.0,719.0,22287,0.0,0.0
2022-09-14 12:00:00+09:00,721.0,737.0,720.0,732.0,115002,0.0,0.0
2022-09-14 13:00:00+09:00,733.0,764.0,733.0,754.0,474704,0.0,0.0
2022-09-14 14:00:00+09:00,753.0,758.0,749.0,754.0,108743,0.0,0.0
2022-09-15 09:00:00+09:00,755.0,769.0,750.0,761.0,0,0.0,0.0
2022-09-15 10:00:00+09:00,761.0,766.0,753.0,759.0,93319,0.0,0.0
2022-09-15 11:00:00+09:00,760.0,764.0,758.0,759.0,27836,0.0,0.0
2022-09-15 12:00:00+09:00,758.0,763.0,756.0,758.0,53752,0.0,0.0
2022-09-15 13:00:00+09:00,758.0,758.0,752.0,755.0,0,0.0,0.0
2022-09-15 14:00:00+09:00,756.0,758.0,750.0,758.0,408472,0.0,0.0
2022-09-16 09:00:00+09:00,759.0,762.0,742.0,746.0,0,0.0,0.0
2022-09-16 10:00:00+09:00,747.0,754.0,747.0,750.0,121188,0.0,0.0
2022-09-16 11:00:00+09:00,750.0,751.0,744.0,745.0,25497,0.0,0.0
2022-09-16 12:00:00+09:00,745.0,746.0,734.0,744.0,60202,0.0,0.0
2022-09-16 13:00:00+09:00,744.0,744.0,736.0,740.0,29667,0.0,0.0
2022-09-16 14:00:00+09:00,740.0,742.0,737.0,738.0,34354,0.0,0.0
2022-09-19 09:00:00+09:00,741.0,742.0,729.0,729.0,0,0.0,0.0
2022-09-19 10:00:00+09:00,729.0,733.0,715.0,716.0,67493,0.0,0.0
2022-09-19 11:00:00+09:00,717.0,723.0,715.0,719.0,67389,0.0,0.0
2022-09-19 12:00:00+09:00,718.0,719.0,710.0,717.0,68718,0.0,0.0
2022-09-19 13:00:00+09:00,715.0,716.0,707.0,715.0,112882,0.0,0.0
2022-09-19 14:00:00+09:00,713.0,714.0,708.0,712.0,38768,0.0,0.0
2022-09-20 09:00:00+09:00,714.0,733.0,712.0,714.0,0,0.0,0.0
2022-09-20 10:00:00+09:00,714.0,720.0,713.0,713.0,12850,0.0,0.0
2022-09-20 11:00:00+09:00,712.0,724.0,710.0,724.0,32312,0.0,0.0
2022-09-20 12:00:00+09:00,724.0,724.0,714.0,723.0,8426,0.0,0.0
2022-09-20 13:00:00+09:00,722.0,722.0,714.0,719.0,10171,0.0,0.0
2022-09-20 14:00:00+09:00,715.0,720.0,712.0,714.0,30955,0.0,0.0
2022-09-21 09:00:00+09:00,710.0,716.0,700.0,715.0,0,0.0,0.0
2022-09-21 10:00:00+09:00,715.0,715.0,703.0,708.0,55815,0.0,0.0
2022-09-21 11:00:00+09:00,707.0,710.0,700.0,703.0,37122,0.0,0.0
2022-09-21 12:00:00+09:00,702.0,707.0,700.0,704.0,39822,0.0,0.0
2022-09-21 13:00:00+09:00,704.0,706.0,698.0,703.0,45233,0.0,0.0
2022-09-21 14:00:00+09:00,702.0,707.0,702.0,707.0,24997,0.0,0.0
2022-09-22 09:00:00+09:00,708.0,728.0,704.0,716.0,0,0.0,0.0
2022-09-22 10:00:00+09:00,708.0,712.0,701.0,701.0,24378,0.0,0.0
2022-09-22 11:00:00+09:00,701.0,705.0,698.0,699.0,37919,0.0,0.0
2022-09-22 12:00:00+09:00,700.0,710.0,700.0,710.0,9638,0.0,0.0
2022-09-22 13:00:00+09:00,709.0,710.0,703.0,704.0,5825,0.0,0.0
2022-09-22 14:00:00+09:00,708.0,716.0,702.0,707.0,100305,0.0,0.0
2022-09-23 09:00:00+09:00,707.0,764.0,707.0,741.0,190965,0.0,0.0
2022-09-23 10:00:00+09:00,741.0,753.0,737.0,747.0,97764,0.0,0.0
2022-09-23 11:00:00+09:00,747.0,755.0,747.0,747.0,98790,0.0,0.0
2022-09-23 12:00:00+09:00,747.0,747.0,738.0,741.0,32103,0.0,0.0
2022-09-23 13:00:00+09:00,738.0,741.0,719.0,736.0,72493,0.0,0.0
2022-09-23 14:00:00+09:00,735.0,740.0,724.0,727.0,19596,0.0,0.0
2022-09-26 09:00:00+09:00,734.0,758.0,721.0,721.0,0,0.0,0.0
2022-09-26 10:00:00+09:00,720.0,730.0,701.0,712.0,132551,0.0,0.0
2022-09-26 11:00:00+09:00,712.0,715.0,705.0,708.0,22834,0.0,0.0
2022-09-26 12:00:00+09:00,708.0,713.0,703.0,708.0,57345,0.0,0.0
2022-09-26 13:00:00+09:00,705.0,706.0,699.0,701.0,108450,0.0,0.0
2022-09-26 14:00:00+09:00,701.0,703.0,695.0,701.0,98130,0.0,0.0
2022-09-27 09:00:00+09:00,702.0,718.0,698.0,702.0,0,0.0,0.0
2022-09-27 10:00:00+09:00,698.0,714.0,698.0,711.0,58662,0.0,0.0
2022-09-27 11:00:00+09:00,710.0,711.0,702.0,706.0,63285,0.0,0.0
2022-09-27 12:00:00+09:00,706.0,706.0,695.0,702.0,84215,0.0,0.0
2022-09-27 13:00:00+09:00,702.0,709.0,693.0,701.0,63488,0.0,0.0
2022-09-27 14:00:00+09:00,701.0,706.0,696.0,697.0,52530,0.0,0.0
2022-09-28 09:00:00+09:00,697.0,707.0,697.0,702.0,0,0.0,0.0
2022-09-28 10:00:00+09:00,706.0,707.0,699.0,700.0,45615,0.0,0.0
2022-09-28 11:00:00+09:00,701.0,701.0,679.0,679.0,179846,0.0,0.0
2022-09-28 12:00:00+09:00,681.0,686.0,675.0,675.0,72717,0.0,0.0
2022-09-28 13:00:00+09:00,679.0,684.0,675.0,680.0,42751,0.0,0.0
2022-09-28 14:00:00+09:00,681.0,685.0,673.0,676.0,65822,0.0,0.0
2022-09-29 09:00:00+09:00,679.0,718.0,679.0,712.0,0,0.0,0.0
2022-09-29 10:00:00+09:00,712.0,720.0,695.0,711.0,57033,0.0,0.0
2022-09-29 11:00:00+09:00,710.0,711.0,696.0,703.0,26775,0.0,0.0
2022-09-29 12:00:00+09:00,703.0,703.0,695.0,701.0,5534,0.0,0.0
2022-09-29 13:00:00+09:00,700.0,700.0,697.0,700.0,6607,0.0,0.0
2022-09-29 14:00:00+09:00,700.0,702.0,697.0,699.0,14280,0.0,0.0
2022-09-30 09:00:00+09:00,708.0,708.0,686.0,695.0,0,0.0,0.0
2022-09-30 10:00:00+09:00,689.0,689.0,644.0,680.0,212303,0.0,0.0
2022-09-30 11:00:00+09:00,679.0,679.0,665.0,672.0,105609,0.0,0.0
2022-09-30 12:00:00+09:00,670.0,677.0,668.0,673.0,51839,0.0,0.0
2022-09-30 13:00:00+09:00,673.0,675.0,668.0,668.0,28359,0.0,0.0
2022-09-30 14:00:00+09:00,668.0,679.0,666.0,679.0,51027,0.0,0.0
2022-10-04 09:00:00+09:00,692.0,723.0,675.0,722.0,0,0.0,0.0
2022-10-04 10:00:00+09:00,715.0,738.0,715.0,735.0,384036,0.0,0.0
2022-10-04 11:00:00+09:00,735.0,737.0,723.0,725.0,110720,0.0,0.0
2022-10-04 12:00:00+09:00,731.0,742.0,730.0,735.0,190848,0.0,0.0
2022-10-04 13:00:00+09:00,735.0,739.0,729.0,739.0,86433,0.0,0.0
2022-10-04 14:00:00+09:00,735.0,738.0,730.0,732.0,60221,0.0,0.0
2022-10-05 09:00:00+09:00,734.0,762.0,731.0,736.0,0,0.0,0.0
2022-10-05 10:00:00+09:00,737.0,741.0,727.0,727.0,54277,0.0,0.0
2022-10-05 11:00:00+09:00,729.0,734.0,728.0,731.0,12185,0.0,0.0
2022-10-05 12:00:00+09:00,732.0,760.0,730.0,748.0,251757,0.0,0.0
2022-10-05 13:00:00+09:00,748.0,757.0,743.0,746.0,164082,0.0,0.0
2022-10-05 14:00:00+09:00,745.0,748.0,735.0,744.0,71125,0.0,0.0
2022-10-06 09:00:00+09:00,742.0,752.0,737.0,737.0,0,0.0,0.0
2022-10-06 10:00:00+09:00,741.0,741.0,730.0,736.0,150812,0.0,0.0
2022-10-06 11:00:00+09:00,737.0,740.0,730.0,730.0,41927,0.0,0.0
2022-10-06 12:00:00+09:00,731.0,737.0,731.0,732.0,24022,0.0,0.0
2022-10-06 13:00:00+09:00,736.0,740.0,733.0,738.0,22713,0.0,0.0
2022-10-06 14:00:00+09:00,733.0,739.0,732.0,737.0,27493,0.0,0.0
2022-10-07 09:00:00+09:00,745.0,760.0,698.0,698.0,221280,0.0,0.0
2022-10-07 10:00:00+09:00,698.0,725.0,697.0,715.0,125111,0.0,0.0
2022-10-07 11:00:00+09:00,720.0,740.0,707.0,739.0,70172,0.0,0.0
2022-10-07 12:00:00+09:00,740.0,753.0,737.0,751.0,246205,0.0,0.0
2022-10-07 13:00:00+09:00,753.0,762.0,743.0,754.0,250987,0.0,0.0
2022-10-07 14:00:00+09:00,753.0,769.0,750.0,764.0,243736,0.0,0.0
2022-10-11 09:00:00+09:00,770.0,828.0,758.0,811.0,0,0.0,0.0
2022-10-11 10:00:00+09:00,814.0,816.0,800.0,804.0,442234,0.0,0.0
2022-10-11 11:00:00+09:00,804.0,813.0,801.0,806.0,189067,0.0,0.0
2022-10-11 12:00:00+09:00,805.0,807.0,799.0,804.0,160995,0.0,0.0
2022-10-11 13:00:00+09:00,804.0,825.0,804.0,820.0,641139,0.0,0.0
2022-10-11 14:00:00+09:00,819.0,864.0,778.0,784.0,5881487,0.0,0.0
2022-10-12 09:00:00+09:00,774.0,838.0,770.0,823.0,0,0.0,0.0
2022-10-12 10:00:00+09:00,824.0,828.0,798.0,815.0,893479,0.0,0.0
2022-10-12 11:00:00+09:00,813.0,832.0,807.0,820.0,316934,0.0,0.0
2022-10-12 12:00:00+09:00,820.0,824.0,802.0,813.0,108979,0.0,0.0
2022-10-12 13:00:00+09:00,808.0,814.0,799.0,810.0,148654,0.0,0.0
2022-10-12 14:00:00+09:00,811.0,833.0,810.0,814.0,399191,0.0,0.0
2022-10-13 09:00:00+09:00,835.0,867.0,805.0,816.0,0,0.0,0.0
2022-10-13 10:00:00+09:00,816.0,825.0,810.0,816.0,75526,0.0,0.0
2022-10-13 11:00:00+09:00,822.0,823.0,810.0,819.0,90937,0.0,0.0
2022-10-13 12:00:00+09:00,818.0,818.0,807.0,815.0,105208,0.0,0.0
2022-10-13 13:00:00+09:00,814.0,819.0,803.0,805.0,118176,0.0,0.0
2022-10-13 14:00:00+09:00,805.0,809.0,793.0,803.0,233101,0.0,0.0
2022-10-14 09:00:00+09:00,795.0,798.0,758.0,774.0,0,0.0,0.0
2022-10-14 10:00:00+09:00,774.0,777.0,763.0,769.0,238596,0.0,0.0
2022-10-14 11:00:00+09:00,769.0,773.0,765.0,769.0,88695,0.0,0.0
2022-10-14 12:00:00+09:00,768.0,794.0,768.0,773.0,135459,0.0,0.0
2022-10-14 13:00:00+09:00,775.0,777.0,767.0,768.0,166304,0.0,0.0
2022-10-14 14:00:00+09:00,768.0,770.0,761.0,765.0,125580,0.0,0.0
2022-10-17 09:00:00+09:00,772.0,849.0,771.0,835.0,2744,0.0,0.0
2022-10-17 10:00:00+09:00,834.0,837.0,807.0,818.0,201895,0.0,0.0
2022-10-17 11:00:00+09:00,817.0,820.0,808.0,810.0,64428,0.0,0.0
2022-10-17 12:00:00+09:00,810.0,819.0,810.0,818.0,46801,0.0,0.0
2022-10-17 13:00:00+09:00,817.0,819.0,809.0,813.0,0,0.0,0.0
2022-10-17 14:00:00+09:00,809.0,809.0,756.0,762.0,2726090,0.0,0.0
2022-10-18 09:00:00+09:00,781.0,781.0,743.0,747.0,0,0.0,0.0
2022-10-18 10:00:00+09:00,750.0,759.0,740.0,742.0,238280,0.0,0.0
2022-10-18 11:00:00+09:00,742.0,748.0,737.0,744.0,201347,0.0,0.0
2022-10-18 12:00:00+09:00,741.0,747.0,738.0,745.0,81455,0.0,0.0
2022-10-18 13:00:00+09:00,744.0,745.0,740.0,743.0,56662,0.0,0.0
2022-10-18 14:00:00+09:00,743.0,743.0,736.0,738.0,141331,0.0,0.0
2022-10-19 09:00:00+09:00,739.0,743.0,732.0,737.0,0,0.0,0.0
2022-10-19 10:00:00+09:00,737.0,739.0,730.0,733.0,53815,0.0,0.0
2022-10-19 11:00:00+09:00,735.0,735.0,732.0,734.0,48159,0.0,0.0
2022-10-19 12:00:00+09:00,734.0,738.0,729.0,730.0,92915,0.0,0.0
2022-10-19 13:00:00+09:00,731.0,733.0,727.0,732.0,59105,0.0,0.0
2022-10-19 14:00:00+09:00,732.0,733.0,729.0,729.0,24408,0.0,0.0
2022-10-20 09:00:00+09:00,732.0,734.0,721.0,723.0,0,0.0,0.0
2022-10-20 10:00:00+09:00,725.0,728.0,718.0,718.0,262024,0.0,0.0
2022-10-20 11:00:00+09:00,719.0,722.0,717.0,719.0,54176,0.0,0.0
2022-10-20 12:00:00+09:00,719.0,719.0,702.0,709.0,174916,0.0,0.0
2022-10-20 13:00:00+09:00,709.0,716.0,706.0,710.0,36597,0.0,0.0
2022-10-20 14:00:00+09:00,710.0,717.0,710.0,714.0,35649,0.0,0.0
2022-10-21 09:00:00+09:00,717.0,717.0,705.0,709.0,0,0.0,0.0
2022-10-21 10:00:00+09:00,710.0,712.0,705.0,709.0,47170,0.0,0.0
2022-10-21 11:00:00+09:00,709.0,718.0,709.0,717.0,14714,0.0,0.0
2022-10-21 12:00:00+09:00,717.0,718.0,710.0,715.0,13711,0.0,0.0
2022-10-21 13:00:00+09:00,714.0,714.0,704.0,711.0,23621,0.0,0.0
2022-10-21 14:00:00+09:00,711.0,713.0,705.0,711.0,19517,0.0,0.0
2022-10-24 09:00:00+09:00,707.0,724.0,707.0,724.0,0,0.0,0.0
2022-10-24 10:00:00+09:00,722.0,723.0,712.0,717.0,28839,0.0,0.0
2022-10-24 11:00:00+09:00,717.0,717.0,675.0,705.0,94591,0.0,0.0
2022-10-24 12:00:00+09:00,706.0,708.0,700.0,703.0,20719,0.0,0.0
2022-10-24 13:00:00+09:00,703.0,710.0,700.0,708.0,50409,0.0,0.0
2022-10-24 14:00:00+09:00,708.0,709.0,698.0,704.0,45224,0.0,0.0
2022-10-25 09:00:00+09:00,704.0,715.0,699.0,714.0,0,0.0,0.0
2022-10-25 10:00:00+09:00,714.0,714.0,705.0,708.0,18313,0.0,0.0
2022-10-25 11:00:00+09:00,708.0,709.0,700.0,700.0,48474,0.0,0.0
2022-10-25 12:00:00+09:00,700.0,707.0,699.0,704.0,40930,0.0,0.0
2022-10-25 13:00:00+09:00,703.0,705.0,699.0,705.0,20180,0.0,0.0
2022-10-25 14:00:00+09:00,705.0,706.0,699.0,700.0,24109,0.0,0.0
2022-10-26 09:00:00+09:00,710.0,715.0,681.0,686.0,0,0.0,0.0
2022-10-26 10:00:00+09:00,686.0,699.0,686.0,695.0,44701,0.0,0.0
2022-10-26 11:00:00+09:00,695.0,700.0,695.0,700.0,13542,0.0,0.0
2022-10-26 12:00:00+09:00,700.0,703.0,699.0,700.0,4757,0.0,0.0
2022-10-26 13:00:00+09:00,700.0,703.0,699.0,703.0,5513,0.0,0.0
2022-10-26 14:00:00+09:00,703.0,703.0,695.0,699.0,22344,0.0,0.0
2022-10-27 09:00:00+09:00,704.0,713.0,700.0,712.0,0,0.0,0.0
2022-10-27 10:00:00+09:00,712.0,722.0,712.0,722.0,75071,0.0,0.0
2022-10-27 11:00:00+09:00,722.0,722.0,715.0,718.0,34358,0.0,0.0
2022-10-27 12:00:00+09:00,718.0,719.0,713.0,713.0,21132,0.0,0.0
2022-10-27 13:00:00+09:00,713.0,717.0,711.0,715.0,5213,0.0,0.0
2022-10-27 14:00:00+09:00,713.0,714.0,708.0,713.0,33347,0.0,0.0
2022-10-28 09:00:00+09:00,701.0,713.0,695.0,704.0,104580,0.0,0.0
2022-10-28 10:00:00+09:00,704.0,704.0,700.0,701.0,14898,0.0,0.0
2022-10-28 11:00:00+09:00,700.0,701.0,694.0,700.0,50428,0.0,0.0
2022-10-28 12:00:00+09:00,700.0,700.0,693.0,693.0,41178,0.0,0.0
2022-10-28 13:00:00+09:00,699.0,700.0,687.0,700.0,82328,0.0,0.0
2022-10-28 14:00:00+09:00,692.0,700.0,690.0,690.0,32745,0.0,0.0
2022-10-31 09:00:00+09:00,691.0,700.0,679.0,692.0,0,0.0,0.0
2022-10-31 10:00:00+09:00,692.0,692.0,688.0,690.0,46069,0.0,0.0
2022-10-31 11:00:00+09:00,690.0,690.0,685.0,690.0,21978,0.0,0.0
2022-10-31 12:00:00+09:00,690.0,690.0,684.0,686.0,16104,0.0,0.0
2022-10-31 13:00:00+09:00,690.0,690.0,681.0,685.0,62966,0.0,0.0
2022-10-31 14:00:00+09:00,685.0,685.0,679.0,683.0,66585,0.0,0.0
2022-11-01 09:00:00+09:00,697.0,697.0,678.0,684.0,0,0.0,0.0
2022-11-01 10:00:00+09:00,683.0,683.0,679.0,681.0,15842,0.0,0.0
2022-11-01 11:00:00+09:00,681.0,682.0,678.0,679.0,11677,0.0,0.0
2022-11-01 12:00:00+09:00,680.0,682.0,679.0,682.0,16573,0.0,0.0
2022-11-01 13:00:00+09:00,682.0,682.0,678.0,682.0,16653,0.0,0.0
2022-11-01 14:00:00+09:00,681.0,683.0,679.0,680.0,17065,0.0,0.0
2022-11-02 09:00:00+09:00,684.0,690.0,678.0,680.0,0,0.0,0.0
2022-11-02 10:00:00+09:00,680.0,690.0,679.0,683.0,59487,0.0,0.0
2022-11-02 11:00:00+09:00,689.0,696.0,684.0,694.0,25871,0.0,0.0
2022-11-02 12:00:00+09:00,694.0,706.0,685.0,699.0,86025,0.0,0.0
2022-11-02 13:00:00+09:00,699.0,699.0,682.0,685.0,57168,0.0,0.0
2022-11-02 14:00:00+09:00,691.0,697.0,684.0,694.0,22477,0.0,0.0
2022-11-03 09:00:00+09:00,685.0,703.0,681.0,698.0,0,0.0,0.0
2022-11-03 10:00:00+09:00,698.0,698.0,688.0,696.0,36253,0.0,0.0
2022-11-03 11:00:00+09:00,696.0,697.0,692.0,696.0,13533,0.0,0.0
2022-11-03 12:00:00+09:00,692.0,695.0,690.0,694.0,6393,0.0,0.0
2022-11-03 13:00:00+09:00,694.0,694.0,691.0,693.0,18697,0.0,0.0
2022-11-03 14:00:00+09:00,693.0,695.0,689.0,694.0,29074,0.0,0.0
2022-11-04 09:00:00+09:00,688.0,700.0,686.0,699.0,0,0.0,0.0
2022-11-04 10:00:00+09:00,699.0,700.0,690.0,699.0,21467,0.0,0.0
2022-11-04 11:00:00+09:00,698.0,698.0,694.0,698.0,12622,0.0,0.0
2022-11-04 12:00:00+09:00,698.0,699.0,693.0,693.0,9096,0.0,0.0
2022-11-04 13:00:00+09:00,693.0,698.0,687.0,691.0,17237,0.0,0.0
2022-11-04 14:00:00+09:00,693.0,693.0,683.0,693.0,47238,0.0,0.0
2022-11-07 09:00:00+09:00,695.0,695.0,680.0,690.0,0,0.0,0.0
2022-11-07 10:00:00+09:00,690.0,692.0,684.0,690.0,24809,0.0,0.0
2022-11-07 11:00:00+09:00,690.0,690.0,684.0,689.0,6297,0.0,0.0
2022-11-07 12:00:00+09:00,689.0,690.0,682.0,690.0,67844,0.0,0.0
2022-11-07 13:00:00+09:00,690.0,690.0,683.0,690.0,10076,0.0,0.0
2022-11-07 14:00:00+09:00,690.0,690.0,685.0,689.0,10908,0.0,0.0
2022-11-08 09:00:00+09:00,700.0,700.0,687.0,693.0,0,0.0,0.0
2022-11-08 10:00:00+09:00,693.0,694.0,691.0,694.0,4637,0.0,0.0
2022-11-08 11:00:00+09:00,693.0,712.0,691.0,707.0,94306,0.0,0.0
2022-11-08 12:00:00+09:00,710.0,723.0,706.0,720.0,124661,0.0,0.0
2022-11-08 13:00:00+09:00,719.0,722.0,702.0,709.0,85031,0.0,0.0
2022-11-08 14:00:00+09:00,705.0,712.0,700.0,708.0,17734,0.0,0.0
2022-11-09 09:00:00+09:00,723.0,725.0,710.0,718.0,0,0.0,0.0
2022-11-09 10:00:00+09:00,718.0,722.0,709.0,717.0,24650,0.0,0.0
2022-11-09 11:00:00+09:00,716.0,717.0,711.0,712.0,22545,0.0,0.0
2022-11-09 12:00:00+09:00,711.0,717.0,710.0,717.0,41174,0.0,0.0
2022-11-09 13:00:00+09:00,716.0,717.0,711.0,716.0,26438,0.0,0.0
2022-11-09 14:00:00+09:00,716.0,721.0,716.0,718.0,35111,0.0,0.0
2022-11-10 09:00:00+09:00,724.0,736.0,688.0,695.0,0,0.0,0.0
2022-11-10 10:00:00+09:00,695.0,697.0,685.0,694.0,117530,0.0,0.0
2022-11-10 11:00:00+09:00,693.0,701.0,692.0,700.0,19192,0.0,0.0
2022-11-10 12:00:00+09:00,699.0,700.0,690.0,699.0,25231,0.0,0.0
2022-11-10 13:00:00+09:00,698.0,700.0,690.0,698.0,49172,0.0,0.0
2022-11-10 14:00:00+09:00,698.0,701.0,694.0,699.0,23956,0.0,0.0
2022-11-11 09:00:00+09:00,728.0,728.0,708.0,713.0,0,0.0,0.0
2022-11-11 10:00:00+09:00,712.0,714.0,705.0,710.0,34749,0.0,0.0
2022-11-11 11:00:00+09:00,706.0,708.0,700.0,700.0,38042,0.0,0.0
2022-11-11 12:00:00+09:00,700.0,706.0,698.0,702.0,41280,0.0,0.0
2022-11-11 13:00:00+09:00,703.0,704.0,700.0,704.0,52989,0.0,0.0
2022-11-11 14:00:00+09:00,704.0,706.0,700.0,704.0,40284,0.0,0.0
2022-11-14 09:00:00+09:00,697.0,709.0,696.0,702.0,0,0.0,0.0
2022-11-14 10:00:00+09:00,702.0,703.0,700.0,701.0,10465,0.0,0.0
2022-11-14 11:00:00+09:00,701.0,703.0,698.0,702.0,36745,0.0,0.0
2022-11-14 12:00:00+09:00,702.0,702.0,698.0,700.0,23323,0.0,0.0
2022-11-14 13:00:00+09:00,702.0,702.0,698.0,702.0,58787,0.0,0.0
2022-11-14 14:00:00+09:00,702.0,702.0,697.0,702.0,24238,0.0,0.0
2022-11-15 09:00:00+09:00,700.0,705.0,698.0,702.0,0,0.0,0.0
2022-11-15 10:00:00+09:00,701.0,702.0,697.0,702.0,34542,0.0,0.0
2022-11-15 11:00:00+09:00,698.0,702.0,695.0,695.0,41726,0.0,0.0
2022-11-15 12:00:00+09:00,700.0,700.0,694.0,696.0,17146,0.0,0.0
2022-11-15 13:00:00+09:00,698.0,700.0,691.0,699.0,43184,0.0,0.0
2022-11-15 14:00:00+09:00,700.0,702.0,697.0,702.0,47254,0.0,0.0
2022-11-16 09:00:00+09:00,701.0,706.0,691.0,692.0,0,0.0,0.0
2022-11-16 10:00:00+09:00,696.0,696.0,692.0,696.0,24165,0.0,0.0
2022-11-16 11:00:00+09:00,695.0,700.0,695.0,698.0,40945,0.0,0.0
2022-11-16 12:00:00+09:00,698.0,700.0,694.0,698.0,8252,0.0,0.0
2022-11-16 13:00:00+09:00,699.0,701.0,694.0,701.0,71575,0.0,0.0
2022-11-16 14:00:00+09:00,701.0,726.0,700.0,716.0,223146,0.0,0.0
2022-11-17 10:00:00+09:00,738.0,746.0,714.0,717.0,288548,0.0,0.0
2022-11-17 11:00:00+09:00,717.0,717.0,709.0,712.0,25322,0.0,0.0
2022-11-17 12:00:00+09:00,712.0,712.0,705.0,708.0,30841,0.0,0.0
2022-11-17 13:00:00+09:00,708.0,708.0,699.0,703.0,90310,0.0,0.0
2022-11-17 14:00:00+09:00,703.0,704.0,700.0,702.0,9901,0.0,0.0
2022-11-18 09:00:00+09:00,716.0,716.0,702.0,702.0,0,0.0,0.0
2022-11-18 10:00:00+09:00,703.0,704.0,691.0,700.0,54625,0.0,0.0
2022-11-18 11:00:00+09:00,700.0,704.0,699.0,704.0,36754,0.0,0.0
2022-11-18 12:00:00+09:00,700.0,704.0,699.0,701.0,25957,0.0,0.0
2022-11-18 13:00:00+09:00,702.0,703.0,701.0,702.0,10728,0.0,0.0
2022-11-18 14:00:00+09:00,703.0,707.0,698.0,698.0,45204,0.0,0.0
2022-11-21 09:00:00+09:00,707.0,707.0,683.0,691.0,0,0.0,0.0
2022-11-21 10:00:00+09:00,691.0,695.0,686.0,691.0,135409,0.0,0.0
2022-11-21 11:00:00+09:00,693.0,703.0,691.0,692.0,22535,0.0,0.0
2022-11-21 12:00:00+09:00,692.0,696.0,685.0,691.0,143981,0.0,0.0
2022-11-21 13:00:00+09:00,691.0,694.0,687.0,693.0,23861,0.0,0.0
2022-11-21 14:00:00+09:00,691.0,693.0,683.0,690.0,106835,0.0,0.0
2022-11-22 09:00:00+09:00,694.0,699.0,681.0,684.0,0,0.0,0.0
2022-11-22 10:00:00+09:00,685.0,690.0,683.0,685.0,55100,0.0,0.0
2022-11-22 11:00:00+09:00,684.0,692.0,682.0,689.0,28788,0.0,0.0
2022-11-22 12:00:00+09:00,689.0,691.0,684.0,689.0,18904,0.0,0.0
2022-11-22 13:00:00+09:00,689.0,689.0,681.0,686.0,39325,0.0,0.0
2022-11-22 14:00:00+09:00,686.0,688.0,683.0,683.0,94867,0.0,0.0
2022-11-23 09:00:00+09:00,696.0,696.0,683.0,683.0,0,0.0,0.0
2022-11-23 10:00:00+09:00,685.0,692.0,685.0,691.0,10834,0.0,0.0
2022-11-23 11:00:00+09:00,690.0,690.0,683.0,688.0,6563,0.0,0.0
2022-11-23 12:00:00+09:00,687.0,690.0,684.0,689.0,25703,0.0,0.0
2022-11-23 13:00:00+09:00,689.0,690.0,681.0,683.0,25859,0.0,0.0
2022-11-23 14:00:00+09:00,684.0,691.0,682.0,685.0,20788,0.0,0.0
2022-11-24 09:00:00+09:00,682.0,695.0,682.0,684.0,0,0.0,0.0
2022-11-24 10:00:00+09:00,683.0,689.0,679.0,684.0,75471,0.0,0.0
2022-11-24 11:00:00+09:00,686.0,686.0,682.0,685.0,11438,0.0,0.0
2022-11-24 12:00:00+09:00,685.0,686.0,681.0,686.0,44219,0.0,0.0
2022-11-24 13:00:00+09:00,685.0,686.0,682.0,684.0,13208,0.0,0.0
2022-11-24 14:00:00+09:00,683.0,690.0,682.0,689.0,36596,0.0,0.0
2022-11-25 09:00:00+09:00,681.0,692.0,681.0,685.0,0,0.0,0.0
2022-11-25 10:00:00+09:00,685.0,686.0,681.0,686.0,18462,0.0,0.0
2022-11-25 11:00:00+09:00,686.0,686.0,678.0,686.0,83674,0.0,0.0
2022-11-25 12:00:00+09:00,680.0,685.0,680.0,684.0,2816,0.0,0.0
2022-11-25 13:00:00+09:00,684.0,684.0,680.0,680.0,27081,0.0,0.0
2022-11-25 14:00:00+09:00,682.0,684.0,678.0,681.0,43821,0.0,0.0
2022-11-28 09:00:00+09:00,680.0,680.0,661.0,664.0,0,0.0,0.0
2022-11-28 10:00:00+09:00,664.0,666.0,656.0,663.0,95042,0.0,0.0
2022-11-28 11:00:00+09:00,662.0,662.0,649.0,655.0,85221,0.0,0.0
2022-11-28 12:00:00+09:00,655.0,655.0,649.0,653.0,99000,0.0,0.0
2022-11-28 13:00:00+09:00,652.0,664.0,650.0,664.0,76267,0.0,0.0
2022-11-28 14:00:00+09:00,662.0,663.0,654.0,654.0,17785,0.0,0.0
2022-11-29 09:00:00+09:00,649.0,650.0,599.0,635.0,0,0.0,0.0
2022-11-29 10:00:00+09:00,635.0,636.0,625.0,631.0,39327,0.0,0.0
2022-11-29 11:00:00+09:00,631.0,633.0,625.0,630.0,53235,0.0,0.0
2022-11-29 12:00:00+09:00,631.0,631.0,625.0,625.0,25939,0.0,0.0
2022-11-29 13:00:00+09:00,625.0,630.0,625.0,626.0,38948,0.0,0.0
2022-11-29 14:00:00+09:00,627.0,627.0,621.0,624.0,59123,0.0,0.0
2022-11-30 09:00:00+09:00,630.0,649.0,620.0,630.0,0,0.0,0.0
2022-11-30 10:00:00+09:00,627.0,631.0,623.0,630.0,15602,0.0,0.0
2022-11-30 11:00:00+09:00,629.0,629.0,622.0,627.0,26006,0.0,0.0
2022-11-30 12:00:00+09:00,624.0,627.0,620.0,624.0,73071,0.0,0.0
2022-11-30 13:00:00+09:00,624.0,628.0,620.0,620.0,32603,0.0,0.0
2022-11-30 14:00:00+09:00,625.0,633.0,624.0,630.0,56007,0.0,0.0
2022-12-01 09:00:00+09:00,639.0,639.0,620.0,636.0,0,0.0,0.0
2022-12-01 10:00:00+09:00,635.0,638.0,627.0,631.0,27346,0.0,0.0
2022-12-01 11:00:00+09:00,631.0,632.0,628.0,631.0,14446,0.0,0.0
2022-12-01 12:00:00+09:00,628.0,631.0,622.0,629.0,22745,0.0,0.0
2022-12-01 13:00:00+09:00,629.0,630.0,628.0,629.0,10056,0.0,0.0
2022-12-01 14:00:00+09:00,628.0,629.0,625.0,625.0,27889,0.0,0.0
2022-12-02 09:00:00+09:00,631.0,631.0,602.0,616.0,0,0.0,0.0
2022-12-02 10:00:00+09:00,616.0,622.0,611.0,619.0,79190,0.0,0.0
2022-12-02 11:00:00+09:00,618.0,619.0,610.0,617.0,45298,0.0,0.0
2022-12-02 12:00:00+09:00,617.0,617.0,606.0,610.0,33176,0.0,0.0
2022-12-02 13:00:00+09:00,614.0,614.0,600.0,612.0,149075,0.0,0.0
2022-12-02 14:00:00+09:00,612.0,612.0,600.0,604.0,76501,0.0,0.0
2022-12-05 09:00:00+09:00,605.0,613.0,595.0,604.0,0,0.0,0.0
2022-12-05 10:00:00+09:00,604.0,623.0,604.0,616.0,76102,0.0,0.0
2022-12-05 11:00:00+09:00,616.0,617.0,601.0,605.0,53549,0.0,0.0
2022-12-05 12:00:00+09:00,610.0,611.0,595.0,605.0,69954,0.0,0.0
2022-12-05 13:00:00+09:00,605.0,611.0,605.0,610.0,29537,0.0,0.0
2022-12-05 14:00:00+09:00,610.0,618.0,608.0,618.0,93105,0.0,0.0
2022-12-06 09:00:00+09:00,621.0,670.0,620.0,636.0,227552,0.0,0.0
2022-12-06 10:00:00+09:00,635.0,639.0,600.0,608.0,512312,0.0,0.0
2022-12-06 11:00:00+09:00,608.0,615.0,600.0,609.0,203008,0.0,0.0
2022-12-06 12:00:00+09:00,610.0,612.0,604.0,605.0,64392,0.0,0.0
2022-12-06 13:00:00+09:00,605.0,607.0,597.0,605.0,125755,0.0,0.0
2022-12-06 14:00:00+09:00,605.0,605.0,598.0,601.0,75632,0.0,0.0
2022-12-07 09:00:00+09:00,606.0,619.0,599.0,609.0,119303,0.0,0.0
2022-12-07 10:00:00+09:00,605.0,609.0,575.0,588.0,358141,0.0,0.0
2022-12-07 11:00:00+09:00,587.0,596.0,574.0,581.0,194438,0.0,0.0
2022-12-07 12:00:00+09:00,581.0,581.0,568.0,571.0,202991,0.0,0.0
2022-12-07 13:00:00+09:00,571.0,571.0,564.0,570.0,152239,0.0,0.0
2022-12-07 14:00:00+09:00,569.0,570.0,565.0,567.0,128197,0.0,0.0
2022-12-08 09:00:00+09:00,565.0,567.0,544.0,544.0,0,0.0,0.0
2022-12-08 10:00:00+09:00,545.0,547.0,525.0,536.0,247285,0.0,0.0
2022-12-08 11:00:00+09:00,534.0,536.0,524.0,532.0,131864,0.0,0.0
2022-12-08 12:00:00+09:00,532.0,532.0,527.0,527.0,31902,0.0,0.0
2022-12-08 13:00:00+09:00,527.0,529.0,510.0,513.0,412048,0.0,0.0
2022-12-08 14:00:00+09:00,514.0,535.0,511.0,534.0,185586,0.0,0.0
2022-12-09 09:00:00+09:00,541.0,566.0,533.0,544.0,0,0.0,0.0
2022-12-09 10:00:00+09:00,539.0,545.0,530.0,538.0,134250,0.0,0.0
2022-12-09 11:00:00+09:00,538.0,543.0,532.0,532.0,24401,0.0,0.0
2022-12-09 12:00:00+09:00,534.0,554.0,527.0,528.0,237069,0.0,0.0
2022-12-09 13:00:00+09:00,528.0,534.0,519.0,526.0,187657,0.0,0.0
2022-12-09 14:00:00+09:00,525.0,525.0,512.0,522.0,213313,0.0,0.0
2022-12-12 09:00:00+09:00,535.0,535.0,508.0,514.0,0,0.0,0.0
2022-12-12 10:00:00+09:00,514.0,523.0,513.0,521.0,122538,0.0,0.0
2022-12-12 11:00:00+09:00,521.0,525.0,520.0,525.0,60116,0.0,0.0
2022-12-12 12:00:00+09:00,524.0,524.0,521.0,522.0,19016,0.0,0.0
2022-12-12 13:00:00+09:00,521.0,522.0,519.0,521.0,77573,0.0,0.0
2022-12-12 14:00:00+09:00,521.0,521.0,516.0,517.0,57752,0.0,0.0
2022-12-13 09:00:00+09:00,521.0,530.0,518.0,520.0,0,0.0,0.0
2022-12-13 10:00:00+09:00,519.0,534.0,508.0,520.0,252001,0.0,0.0
2022-12-13 11:00:00+09:00,520.0,523.0,512.0,517.0,96197,0.0,0.0
2022-12-13 12:00:00+09:00,516.0,518.0,498.0,502.0,346005,0.0,0.0
2022-12-13 13:00:00+09:00,502.0,505.0,498.0,501.0,275731,0.0,0.0
2022-12-13 14:00:00+09:00,501.0,506.0,497.0,504.0,255000,0.0,0.0
2022-12-14 09:00:00+09:00,504.0,510.0,499.0,502.0,0,0.0,0.0
2022-12-14 10:00:00+09:00,502.0,502.0,499.0,499.0,77223,0.0,0.0
2022-12-14 11:00:00+09:00,500.0,508.0,499.0,504.0,109559,0.0,0.0
2022-12-14 12:00:00+09:00,504.0,510.0,503.0,506.0,34703,0.0,0.0
2022-12-14 13:00:00+09:00,506.0,507.0,502.0,506.0,57458,0.0,0.0
2022-12-14 14:00:00+09:00,505.0,508.0,504.0,507.0,31442,0.0,0.0
2022-12-15 09:00:00+09:00,510.0,560.0,505.0,553.0,681727,0.0,0.0
2022-12-15 10:00:00+09:00,553.0,586.0,533.0,535.0,3325977,0.0,0.0
2022-12-15 11:00:00+09:00,536.0,543.0,525.0,535.0,322145,0.0,0.0
2022-12-15 12:00:00+09:00,535.0,536.0,525.0,532.0,181688,0.0,0.0
2022-12-15 13:00:00+09:00,532.0,546.0,529.0,543.0,142273,0.0,0.0
2022-12-15 14:00:00+09:00,543.0,543.0,531.0,541.0,122019,0.0,0.0
2022-12-16 09:00:00+09:00,538.0,538.0,520.0,522.0,0,0.0,0.0
2022-12-16 10:00:00+09:00,524.0,534.0,522.0,526.0,72267,0.0,0.0
2022-12-16 11:00:00+09:00,527.0,534.0,527.0,530.0,27134,0.0,0.0
2022-12-16 12:00:00+09:00,529.0,530.0,524.0,526.0,136280,0.0,0.0
2022-12-16 13:00:00+09:00,526.0,526.0,520.0,523.0,69479,0.0,0.0
2022-12-16 14:00:00+09:00,523.0,525.0,512.0,519.0,141846,0.0,0.0
2022-12-19 09:00:00+09:00,520.0,520.0,505.0,509.0,147312,0.0,0.0
2022-12-19 10:00:00+09:00,510.0,525.0,510.0,524.0,73816,0.0,0.0
2022-12-19 11:00:00+09:00,521.0,523.0,515.0,516.0,19195,0.0,0.0
2022-12-19 12:00:00+09:00,517.0,519.0,513.0,518.0,10961,0.0,0.0
2022-12-19 13:00:00+09:00,517.0,520.0,509.0,511.0,88583,0.0,0.0
2022-12-19 14:00:00+09:00,510.0,519.0,508.0,512.0,187572,0.0,0.0
2022-12-20 09:00:00+09:00,513.0,518.0,510.0,514.0,0,0.0,0.0
2022-12-20 10:00:00+09:00,514.0,514.0,508.0,510.0,62409,0.0,0.0
2022-12-20 11:00:00+09:00,510.0,510.0,507.0,507.0,34989,0.0,0.0
2022-12-20 12:00:00+09:00,507.0,511.0,506.0,509.0,19192,0.0,0.0
2022-12-20 13:00:00+09:00,509.0,509.0,504.0,505.0,63453,0.0,0.0
2022-12-20 14:00:00+09:00,506.0,508.0,500.0,503.0,62889,0.0,0.0
2022-12-21 09:00:00+09:00,519.0,519.0,499.0,502.0,0,0.0,0.0
2022-12-21 10:00:00+09:00,501.0,503.0,500.0,503.0,14636,0.0,0.0
2022-12-21 11:00:00+09:00,503.0,505.0,498.0,504.0,46934,0.0,0.0
2022-12-21 12:00:00+09:00,504.0,505.0,504.0,505.0,84259,0.0,0.0
2022-12-21 13:00:00+09:00,505.0,512.0,504.0,512.0,27528,0.0,0.0
2022-12-21 14:00:00+09:00,510.0,510.0,504.0,506.0,22575,0.0,0.0
2022-12-22 09:00:00+09:00,503.0,505.0,493.0,500.0,0,0.0,0.0
2022-12-22 10:00:00+09:00,500.0,500.0,489.0,494.0,170330,0.0,0.0
2022-12-22 11:00:00+09:00,494.0,498.0,485.0,498.0,78613,0.0,0.0
2022-12-22 12:00:00+09:00,497.0,497.0,468.0,470.0,284730,0.0,0.0
2022-12-22 13:00:00+09:00,470.0,474.0,460.0,473.0,280573,0.0,0.0
2022-12-22 14:00:00+09:00,472.0,473.0,463.0,473.0,272895,0.0,0.0
2022-12-23 09:00:00+09:00,468.0,470.0,461.0,467.0,0,0.0,0.0
2022-12-23 10:00:00+09:00,465.0,483.0,462.0,470.0,119807,0.0,0.0
2022-12-23 11:00:00+09:00,470.0,472.0,462.0,464.0,45977,0.0,0.0
2022-12-23 12:00:00+09:00,463.0,465.0,461.0,464.0,15737,0.0,0.0
2022-12-23 13:00:00+09:00,464.0,466.0,464.0,466.0,15046,0.0,0.0
2022-12-23 14:00:00+09:00,466.0,467.0,460.0,461.0,54144,0.0,0.0
2022-12-26 09:00:00+09:00,459.0,463.0,450.0,453.0,0,0.0,0.0
2022-12-26 10:00:00+09:00,450.0,457.0,449.0,450.0,52869,0.0,0.0
2022-12-26 11:00:00+09:00,450.0,452.0,450.0,451.0,17937,0.0,0.0
2022-12-26 12:00:00+09:00,451.0,452.0,448.0,450.0,55382,0.0,0.0
2022-12-26 13:00:00+09:00,452.0,452.0,448.0,452.0,23006,0.0,0.0
2022-12-26 14:00:00+09:00,452.0,452.0,447.0,449.0,39309,0.0,0.0
2022-12-27 09:00:00+09:00,440.0,452.0,440.0,446.0,0,0.0,0.0
2022-12-27 10:00:00+09:00,446.0,447.0,442.0,445.0,32602,0.0,0.0
2022-12-27 11:00:00+09:00,445.0,445.0,441.0,445.0,16014,0.0,0.0
2022-12-27 12:00:00+09:00,442.0,450.0,442.0,444.0,62477,0.0,0.0
2022-12-27 13:00:00+09:00,444.0,447.0,444.0,447.0,11052,0.0,0.0
2022-12-27 14:00:00+09:00,447.0,450.0,444.0,449.0,31565,0.0,0.0
2022-12-28 09:00:00+09:00,461.0,461.0,444.0,447.0,0,0.0,0.0
2022-12-28 10:00:00+09:00,448.0,450.0,443.0,445.0,8363,0.0,0.0
2022-12-28 11:00:00+09:00,448.0,449.0,444.0,444.0,15558,0.0,0.0
2022-12-28 12:00:00+09:00,444.0,447.0,441.0,441.0,50130,0.0,0.0
2022-12-28 13:00:00+09:00,442.0,445.0,440.0,445.0,19346,0.0,0.0
2022-12-28 14:00:00+09:00,444.0,446.0,442.0,445.0,27028,0.0,0.0
2022-12-29 09:00:00+09:00,443.0,445.0,431.0,433.0,0,0.0,0.0
2022-12-29 10:00:00+09:00,435.0,435.0,419.0,428.0,194734,0.0,0.0
2022-12-29 11:00:00+09:00,425.0,427.0,420.0,420.0,48769,0.0,0.0
2022-12-29 12:00:00+09:00,420.0,425.0,415.0,417.0,78085,0.0,0.0
2022-12-29 13:00:00+09:00,417.0,420.0,411.0,415.0,161371,0.0,0.0
2022-12-29 14:00:00+09:00,415.0,419.0,410.0,416.0,146010,0.0,0.0
2023-01-02 10:00:00+09:00,423.0,427.0,416.0,425.0,23451,0.0,0.0
2023-01-02 11:00:00+09:00,425.0,426.0,420.0,422.0,9559,0.0,0.0
2023-01-02 12:00:00+09:00,420.0,420.0,401.0,414.0,32963,0.0,0.0
2023-01-02 13:00:00+09:00,414.0,414.0,409.0,414.0,7911,0.0,0.0
2023-01-02 14:00:00+09:00,409.0,414.0,404.0,408.0,10594,0.0,0.0
2023-01-03 09:00:00+09:00,408.0,410.0,397.0,402.0,0,0.0,0.0
2023-01-03 10:00:00+09:00,402.0,409.0,398.0,409.0,46414,0.0,0.0
2023-01-03 11:00:00+09:00,408.0,409.0,400.0,405.0,77189,0.0,0.0
2023-01-03 12:00:00+09:00,405.0,417.0,401.0,417.0,82024,0.0,0.0
2023-01-03 13:00:00+09:00,417.0,418.0,408.0,412.0,15545,0.0,0.0
2023-01-03 14:00:00+09:00,412.0,412.0,400.0,408.0,16857,0.0,0.0
2023-01-04 09:00:00+09:00,404.0,413.0,404.0,412.0,0,0.0,0.0
2023-01-04 10:00:00+09:00,413.0,419.0,410.0,415.0,28317,0.0,0.0
2023-01-04 11:00:00+09:00,415.0,418.0,415.0,418.0,10178,0.0,0.0
2023-01-04 12:00:00+09:00,417.0,418.0,404.0,416.0,18693,0.0,0.0
2023-01-04 13:00:00+09:00,416.0,416.0,408.0,416.0,10625,0.0,0.0
2023-01-04 14:00:00+09:00,416.0,417.0,409.0,411.0,22708,0.0,0.0
2023-01-05 09:00:00+09:00,420.0,428.0,414.0,416.0,0,0.0,0.0
2023-01-05 10:00:00+09:00,419.0,419.0,413.0,415.0,19895,0.0,0.0
2023-01-05 11:00:00+09:00,416.0,418.0,411.0,415.0,5118,0.0,0.0
2023-01-05 12:00:00+09:00,415.0,418.0,407.0,411.0,71344,0.0,0.0
2023-01-05 13:00:00+09:00,411.0,411.0,408.0,411.0,3972,0.0,0.0
2023-01-05 14:00:00+09:00,411.0,414.0,410.0,413.0,7274,0.0,0.0
2023-01-06 09:00:00+09:00,415.0,418.0,404.0,407.0,0,0.0,0.0
2023-01-06 10:00:00+09:00,407.0,409.0,404.0,406.0,13984,0.0,0.0
2023-01-06 11:00:00+09:00,406.0,409.0,405.0,408.0,9338,0.0,0.0
2023-01-06 12:00:00+09:00,407.0,412.0,406.0,412.0,82219,0.0,0.0
2023-01-06 13:00:00+09:00,409.0,413.0,406.0,412.0,40822,0.0,0.0
2023-01-06 14:00:00+09:00,411.0,412.0,409.0,410.0,11943,0.0,0.0
2023-01-09 09:00:00+09:00,414.0,417.0,409.0,412.0,0,0.0,0.0
2023-01-09 10:00:00+09:00,413.0,415.0,411.0,415.0,25113,0.0,0.0
2023-01-09 11:00:00+09:00,414.0,417.0,413.0,416.0,53382,0.0,0.0
2023-01-09 12:00:00+09:00,414.0,416.0,413.0,414.0,29379,0.0,0.0
2023-01-09 13:00:00+09:00,414.0,417.0,413.0,417.0,52506,0.0,0.0
2023-01-09 14:00:00+09:00,417.0,436.0,417.0,422.0,205837,0.0,0.0
2023-01-10 09:00:00+09:00,429.0,540.0,429.0,530.0,8803113,0.0,0.0
2023-01-10 10:00:00+09:00,530.0,530.0,503.0,521.0,3233690,0.0,0.0
2023-01-10 11:00:00+09:00,521.0,549.0,512.0,549.0,5491496,0.0,0.0
2023-01-10 12:00:00+09:00,549.0,549.0,549.0,549.0,97402,0.0,0.0
2023-01-10 13:00:00+09:00,549.0,549.0,549.0,549.0,51896,0.0,0.0
2023-01-10 14:00:00+09:00,549.0,549.0,549.0,549.0,27757,0.0,0.0
2023-01-11 09:00:00+09:00,594.0,625.0,556.0,560.0,0,0.0,0.0
2023-01-11 10:00:00+09:00,559.0,570.0,535.0,543.0,3368070,0.0,0.0
2023-01-11 11:00:00+09:00,543.0,544.0,525.0,531.0,1537657,0.0,0.0
2023-01-11 12:00:00+09:00,531.0,554.0,527.0,540.0,1959514,0.0,0.0
2023-01-11 13:00:00+09:00,540.0,544.0,527.0,531.0,685079,0.0,0.0
2023-01-11 14:00:00+09:00,530.0,531.0,522.0,522.0,798359,0.0,0.0
2023-01-12 09:00:00+09:00,527.0,560.0,499.0,501.0,0,0.0,0.0
2023-01-12 10:00:00+09:00,501.0,511.0,499.0,508.0,528624,0.0,0.0
2023-01-12 11:00:00+09:00,508.0,520.0,505.0,512.0,696015,0.0,0.0
2023-01-12 12:00:00+09:00,512.0,520.0,511.0,514.0,232474,0.0,0.0
2023-01-12 13:00:00+09:00,513.0,515.0,507.0,512.0,228130,0.0,0.0
2023-01-12 14:00:00+09:00,512.0,513.0,505.0,505.0,290220,0.0,0.0
2023-01-13 09:00:00+09:00,524.0,553.0,501.0,502.0,0,0.0,0.0
2023-01-13 10:00:00+09:00,502.0,511.0,500.0,504.0,409541,0.0,0.0
2023-01-13 11:00:00+09:00,505.0,508.0,503.0,505.0,156359,0.0,0.0
2023-01-13 12:00:00+09:00,505.0,531.0,503.0,506.0,2035869,0.0,0.0
2023-01-13 13:00:00+09:00,506.0,507.0,502.0,506.0,322352,0.0,0.0
2023-01-13 14:00:00+09:00,505.0,505.0,499.0,501.0,250267,0.0,0.0
2023-01-16 09:00:00+09:00,498.0,505.0,491.0,493.0,0,0.0,0.0
2023-01-16 10:00:00+09:00,492.0,494.0,487.0,491.0,331387,0.0,0.0
2023-01-16 11:00:00+09:00,491.0,496.0,489.0,495.0,135396,0.0,0.0
2023-01-16 12:00:00+09:00,494.0,496.0,492.0,493.0,100764,0.0,0.0
2023-01-16 13:00:00+09:00,493.0,495.0,491.0,493.0,53806,0.0,0.0
2023-01-16 14:00:00+09:00,493.0,495.0,491.0,494.0,83710,0.0,0.0
2023-01-17 09:00:00+09:00,492.0,494.0,483.0,484.0,0,0.0,0.0
2023-01-17 10:00:00+09:00,484.0,488.0,482.0,485.0,188550,0.0,0.0
2023-01-17 11:00:00+09:00,484.0,488.0,482.0,484.0,103059,0.0,0.0
2023-01-17 12:00:00+09:00,484.0,485.0,482.0,485.0,87858,0.0,0.0
2023-01-17 13:00:00+09:00,485.0,486.0,483.0,486.0,57516,0.0,0.0
2023-01-17 14:00:00+09:00,486.0,486.0,480.0,480.0,166191,0.0,0.0
2023-01-18 09:00:00+09:00,482.0,482.0,466.0,470.0,0,0.0,0.0
2023-01-18 10:00:00+09:00,467.0,470.0,461.0,466.0,173705,0.0,0.0
2023-01-18 11:00:00+09:00,469.0,470.0,462.0,468.0,96900,0.0,0.0
2023-01-18 12:00:00+09:00,468.0,469.0,465.0,468.0,31613,0.0,0.0
2023-01-18 13:00:00+09:00,466.0,468.0,444.0,458.0,215689,0.0,0.0
2023-01-18 14:00:00+09:00,459.0,464.0,458.0,462.0,41680,0.0,0.0
2023-01-19 09:00:00+09:00,459.0,460.0,453.0,458.0,0,0.0,0.0
2023-01-19 10:00:00+09:00,458.0,479.0,456.0,463.0,258596,0.0,0.0
2023-01-19 11:00:00+09:00,463.0,464.0,458.0,459.0,27148,0.0,0.0
2023-01-19 12:00:00+09:00,460.0,462.0,455.0,456.0,62249,0.0,0.0
2023-01-19 13:00:00+09:00,459.0,459.0,450.0,451.0,74778,0.0,0.0
2023-01-19 14:00:00+09:00,451.0,451.0,446.0,449.0,96976,0.0,0.0
2023-01-20 09:00:00+09:00,448.0,502.0,448.0,485.0,2368256,0.0,0.0
2023-01-20 10:00:00+09:00,484.0,569.0,484.0,544.0,13570630,0.0,0.0
2023-01-20 11:00:00+09:00,544.0,563.0,531.0,554.0,4453114,0.0,0.0
2023-01-20 12:00:00+09:00,551.0,554.0,534.0,543.0,1914632,0.0,0.0
2023-01-20 13:00:00+09:00,542.0,576.0,538.0,555.0,7633906,0.0,0.0
2023-01-20 14:00:00+09:00,556.0,558.0,535.0,542.0,2415166,0.0,0.0
2023-01-25 09:00:00+09:00,525.0,541.0,506.0,517.0,0,0.0,0.0
2023-01-25 10:00:00+09:00,517.0,521.0,506.0,521.0,469369,0.0,0.0
2023-01-25 11:00:00+09:00,507.0,525.0,507.0,521.0,509846,0.0,0.0
2023-01-25 12:00:00+09:00,512.0,521.0,508.0,511.0,154389,0.0,0.0
2023-01-25 13:00:00+09:00,511.0,521.0,509.0,512.0,213734,0.0,0.0
2023-01-25 14:00:00+09:00,511.0,521.0,511.0,514.0,146483,0.0,0.0
2023-01-26 09:00:00+09:00,514.0,514.0,501.0,502.0,455647,0.0,0.0
2023-01-26 10:00:00+09:00,503.0,517.0,503.0,514.0,189063,0.0,0.0
2023-01-26 11:00:00+09:00,513.0,530.0,508.0,524.0,918298,0.0,0.0
2023-01-26 12:00:00+09:00,522.0,527.0,506.0,509.0,557096,0.0,0.0
2023-01-26 13:00:00+09:00,509.0,509.0,505.0,505.0,168814,0.0,0.0
2023-01-26 14:00:00+09:00,507.0,509.0,504.0,506.0,99847,0.0,0.0
2023-01-27 09:00:00+09:00,504.0,505.0,492.0,503.0,343668,0.0,0.0
2023-01-27 10:00:00+09:00,502.0,505.0,500.0,502.0,105986,0.0,0.0
2023-01-27 11:00:00+09:00,503.0,506.0,500.0,504.0,119919,0.0,0.0
2023-01-27 12:00:00+09:00,504.0,515.0,504.0,510.0,143217,0.0,0.0
2023-01-27 13:00:00+09:00,509.0,516.0,505.0,512.0,251994,0.0,0.0
2023-01-27 14:00:00+09:00,511.0,513.0,505.0,507.0,113254,0.0,0.0
2023-01-30 09:00:00+09:00,501.0,505.0,491.0,501.0,0,0.0,0.0
2023-01-30 10:00:00+09:00,500.0,502.0,493.0,496.0,59036,0.0,0.0
2023-01-30 11:00:00+09:00,496.0,498.0,491.0,491.0,160897,0.0,0.0
2023-01-30 12:00:00+09:00,493.0,495.0,491.0,492.0,80396,0.0,0.0
2023-01-30 13:00:00+09:00,492.0,495.0,490.0,493.0,83617,0.0,0.0
2023-01-30 14:00:00+09:00,493.0,495.0,490.0,491.0,87129,0.0,0.0
2023-01-31 09:00:00+09:00,490.0,494.0,485.0,493.0,161342,0.0,0.0
2023-01-31 10:00:00+09:00,492.0,496.0,492.0,495.0,63946,0.0,0.0
2023-01-31 11:00:00+09:00,495.0,502.0,493.0,499.0,116555,0.0,0.0
2023-01-31 12:00:00+09:00,499.0,500.0,496.0,497.0,104394,0.0,0.0
2023-01-31 13:00:00+09:00,497.0,499.0,496.0,496.0,61530,0.0,0.0
2023-01-31 14:00:00+09:00,497.0,498.0,493.0,495.0,85223,0.0,0.0
2023-02-01 09:00:00+09:00,499.0,505.0,489.0,497.0,226402,0.0,0.0
2023-02-01 10:00:00+09:00,496.0,496.0,491.0,492.0,165524,0.0,0.0
2023-02-01 11:00:00+09:00,492.0,493.0,484.0,487.0,315903,0.0,0.0
2023-02-01 12:00:00+09:00,487.0,489.0,478.0,485.0,205684,0.0,0.0
2023-02-01 13:00:00+09:00,485.0,487.0,481.0,481.0,79578,0.0,0.0
2023-02-01 14:00:00+09:00,482.0,485.0,481.0,482.0,56904,0.0,0.0
2023-02-02 09:00:00+09:00,489.0,498.0,484.0,497.0,123698,0.0,0.0
2023-02-02 10:00:00+09:00,496.0,496.0,490.0,491.0,62853,0.0,0.0
2023-02-02 11:00:00+09:00,491.0,494.0,490.0,493.0,30291,0.0,0.0
2023-02-02 12:00:00+09:00,493.0,498.0,490.0,498.0,49866,0.0,0.0
2023-02-02 13:00:00+09:00,498.0,498.0,493.0,494.0,25257,0.0,0.0
2023-02-02 14:00:00+09:00,493.0,496.0,492.0,495.0,18525,0.0,0.0
2023-02-03 09:00:00+09:00,494.0,502.0,492.0,499.0,106133,0.0,0.0
2023-02-03 10:00:00+09:00,499.0,507.0,499.0,501.0,162149,0.0,0.0
2023-02-03 11:00:00+09:00,501.0,504.0,500.0,502.0,44720,0.0,0.0
2023-02-03 12:00:00+09:00,500.0,504.0,500.0,503.0,27026,0.0,0.0
2023-02-03 13:00:00+09:00,502.0,502.0,495.0,495.0,77281,0.0,0.0
2023-02-03 14:00:00+09:00,496.0,497.0,491.0,493.0,80593,0.0,0.0
2023-02-06 09:00:00+09:00,491.0,491.0,474.0,477.0,0,0.0,0.0
2023-02-06 10:00:00+09:00,481.0,482.0,475.0,478.0,61627,0.0,0.0
2023-02-06 11:00:00+09:00,478.0,480.0,476.0,477.0,46349,0.0,0.0
2023-02-06 12:00:00+09:00,477.0,478.0,474.0,478.0,81942,0.0,0.0
2023-02-06 13:00:00+09:00,478.0,478.0,475.0,475.0,31788,0.0,0.0
2023-02-06 14:00:00+09:00,475.0,477.0,473.0,477.0,47674,0.0,0.0
2023-02-07 09:00:00+09:00,474.0,484.0,474.0,476.0,94233,0.0,0.0
2023-02-07 10:00:00+09:00,476.0,477.0,474.0,474.0,49254,0.0,0.0
2023-02-07 11:00:00+09:00,475.0,477.0,471.0,471.0,64988,0.0,0.0
2023-02-07 12:00:00+09:00,471.0,473.0,468.0,470.0,56234,0.0,0.0
2023-02-07 13:00:00+09:00,470.0,470.0,459.0,460.0,147884,0.0,0.0
2023-02-07 14:00:00+09:00,461.0,469.0,459.0,469.0,159881,0.0,0.0
2023-02-08 09:00:00+09:00,470.0,473.0,467.0,471.0,51640,0.0,0.0
2023-02-08 10:00:00+09:00,471.0,479.0,464.0,471.0,100457,0.0,0.0
2023-02-08 11:00:00+09:00,470.0,472.0,466.0,470.0,27169,0.0,0.0
2023-02-08 12:00:00+09:00,468.0,471.0,465.0,471.0,15661,0.0,0.0
2023-02-08 13:00:00+09:00,471.0,472.0,466.0,471.0,13675,0.0,0.0
2023-02-08 14:00:00+09:00,471.0,473.0,468.0,471.0,9626,0.0,0.0
2023-02-09 09:00:00+09:00,477.0,477.0,471.0,471.0,48910,0.0,0.0
2023-02-09 10:00:00+09:00,472.0,476.0,466.0,470.0,48674,0.0,0.0
2023-02-09 11:00:00+09:00,469.0,470.0,455.0,459.0,157359,0.0,0.0
2023-02-09 12:00:00+09:00,459.0,460.0,454.0,457.0,117546,0.0,0.0
2023-02-09 13:00:00+09:00,457.0,458.0,452.0,453.0,46893,0.0,0.0
2023-02-09 14:00:00+09:00,456.0,464.0,453.0,454.0,107588,0.0,0.0
2023-02-10 09:00:00+09:00,455.0,457.0,435.0,443.0,0,0.0,0.0
2023-02-10 10:00:00+09:00,444.0,453.0,440.0,448.0,298963,0.0,0.0
2023-02-10 11:00:00+09:00,448.0,450.0,446.0,449.0,34756,0.0,0.0
2023-02-10 12:00:00+09:00,450.0,467.0,449.0,464.0,81535,0.0,0.0
2023-02-10 13:00:00+09:00,463.0,466.0,457.0,462.0,52857,0.0,0.0
2023-02-10 14:00:00+09:00,460.0,464.0,456.0,461.0,69108,0.0,0.0
2023-02-13 09:00:00+09:00,465.0,549.0,464.0,508.0,4421075,0.0,0.0
2023-02-13 10:00:00+09:00,507.0,528.0,493.0,497.0,2011779,0.0,0.0
2023-02-13 11:00:00+09:00,497.0,499.0,483.0,484.0,429495,0.0,0.0
2023-02-13 12:00:00+09:00,484.0,490.0,483.0,486.0,165450,0.0,0.0
2023-02-13 13:00:00+09:00,485.0,492.0,484.0,485.0,121680,0.0,0.0
2023-02-13 14:00:00+09:00,486.0,487.0,480.0,482.0,180587,0.0,0.0
2023-02-14 09:00:00+09:00,477.0,491.0,472.0,472.0,0,0.0,0.0
2023-02-14 10:00:00+09:00,473.0,477.0,467.0,471.0,168697,0.0,0.0
2023-02-14 11:00:00+09:00,471.0,473.0,468.0,468.0,43519,0.0,0.0
2023-02-14 12:00:00+09:00,468.0,476.0,468.0,476.0,40082,0.0,0.0
2023-02-14 13:00:00+09:00,475.0,475.0,469.0,469.0,60651,0.0,0.0
2023-02-14 14:00:00+09:00,469.0,472.0,458.0,464.0,128243,0.0,0.0
2023-02-15 09:00:00+09:00,472.0,474.0,451.0,457.0,185167,0.0,0.0
2023-02-15 10:00:00+09:00,454.0,465.0,447.0,465.0,157050,0.0,0.0
2023-02-15 11:00:00+09:00,465.0,465.0,455.0,455.0,55907,0.0,0.0
2023-02-15 12:00:00+09:00,460.0,460.0,454.0,456.0,12721,0.0,0.0
2023-02-15 13:00:00+09:00,456.0,456.0,452.0,454.0,67794,0.0,0.0
2023-02-15 14:00:00+09:00,453.0,456.0,449.0,452.0,82242,0.0,0.0
2023-02-16 09:00:00+09:00,446.0,457.0,446.0,450.0,66420,0.0,0.0
2023-02-16 10:00:00+09:00,454.0,455.0,448.0,453.0,73110,0.0,0.0
2023-02-16 11:00:00+09:00,452.0,455.0,450.0,453.0,18694,0.0,0.0
2023-02-16 12:00:00+09:00,453.0,455.0,452.0,453.0,14307,0.0,0.0
2023-02-16 13:00:00+09:00,454.0,455.0,451.0,454.0,24876,0.0,0.0
2023-02-16 14:00:00+09:00,454.0,455.0,452.0,454.0,17241,0.0,0.0
2023-02-17 09:00:00+09:00,452.0,584.0,452.0,543.0,8292634,0.0,0.0
2023-02-17 10:00:00+09:00,543.0,543.0,510.0,532.0,1791133,0.0,0.0
2023-02-17 11:00:00+09:00,531.0,553.0,519.0,535.0,2660302,0.0,0.0
2023-02-17 12:00:00+09:00,534.0,538.0,521.0,528.0,526406,0.0,0.0
2023-02-17 13:00:00+09:00,528.0,531.0,508.0,515.0,1008514,0.0,0.0
2023-02-17 14:00:00+09:00,515.0,525.0,505.0,507.0,988492,0.0,0.0
2023-02-20 09:00:00+09:00,549.0,549.0,496.0,504.0,0,0.0,0.0
2023-02-20 10:00:00+09:00,503.0,511.0,496.0,500.0,230199,0.0,0.0
2023-02-20 11:00:00+09:00,499.0,503.0,496.0,502.0,71608,0.0,0.0
2023-02-20 12:00:00+09:00,502.0,549.0,499.0,510.0,901205,0.0,0.0
2023-02-20 13:00:00+09:00,510.0,513.0,505.0,511.0,65652,0.0,0.0
2023-02-20 14:00:00+09:00,511.0,511.0,506.0,508.0,44771,0.0,0.0
2023-02-21 09:00:00+09:00,504.0,506.0,494.0,501.0,171681,0.0,0.0
2023-02-21 10:00:00+09:00,498.0,502.0,498.0,499.0,91371,0.0,0.0
2023-02-21 11:00:00+09:00,499.0,502.0,490.0,500.0,114436,0.0,0.0
2023-02-21 12:00:00+09:00,500.0,502.0,498.0,502.0,27437,0.0,0.0
2023-02-21 13:00:00+09:00,501.0,508.0,499.0,507.0,68970,0.0,0.0
2023-02-21 14:00:00+09:00,504.0,525.0,504.0,511.0,0,0.0,0.0
2023-02-22 09:00:00+09:00,501.0,537.0,497.0,525.0,600278,0.0,0.0
2023-02-22 10:00:00+09:00,525.0,557.0,520.0,535.0,2286138,0.0,0.0
2023-02-22 11:00:00+09:00,534.0,538.0,520.0,523.0,340866,0.0,0.0
2023-02-22 12:00:00+09:00,522.0,530.0,518.0,526.0,143359,0.0,0.0
2023-02-22 13:00:00+09:00,526.0,530.0,521.0,530.0,104056,0.0,0.0
2023-02-22 14:00:00+09:00,530.0,530.0,518.0,523.0,124635,0.0,0.0
2023-02-23 09:00:00+09:00,520.0,522.0,509.0,515.0,237504,0.0,0.0
2023-02-23 10:00:00+09:00,514.0,520.0,510.0,513.0,60465,0.0,0.0
2023-02-23 11:00:00+09:00,513.0,515.0,510.0,514.0,34867,0.0,0.0
2023-02-23 12:00:00+09:00,513.0,515.0,510.0,512.0,82917,0.0,0.0
2023-02-23 13:00:00+09:00,513.0,514.0,506.0,508.0,192404,0.0,0.0
2023-02-23 14:00:00+09:00,508.0,509.0,502.0,506.0,113801,0.0,0.0
2023-02-24 09:00:00+09:00,509.0,510.0,499.0,499.0,152535,0.0,0.0
2023-02-24 10:00:00+09:00,498.0,500.0,491.0,495.0,104579,0.0,0.0
2023-02-24 11:00:00+09:00,495.0,505.0,494.0,501.0,78527,0.0,0.0
2023-02-24 12:00:00+09:00,501.0,503.0,496.0,498.0,37369,0.0,0.0
2023-02-24 13:00:00+09:00,498.0,500.0,495.0,495.0,33594,0.0,0.0
2023-02-24 14:00:00+09:00,495.0,501.0,494.0,494.0,99644,0.0,0.0
2023-02-27 09:00:00+09:00,502.0,502.0,492.0,493.0,0,0.0,0.0
2023-02-27 10:00:00+09:00,495.0,503.0,492.0,503.0,42512,0.0,0.0
2023-02-27 11:00:00+09:00,502.0,507.0,500.0,502.0,15500,0.0,0.0
2023-02-27 12:00:00+09:00,502.0,502.0,498.0,502.0,12981,0.0,0.0
2023-02-27 13:00:00+09:00,501.0,504.0,500.0,503.0,21912,0.0,0.0
2023-02-27 14:00:00+09:00,503.0,503.0,497.0,498.0,29972,0.0,0.0
2023-02-28 09:00:00+09:00,501.0,509.0,496.0,503.0,0,0.0,0.0
2023-02-28 10:00:00+09:00,503.0,503.0,500.0,503.0,127547,0.0,0.0
2023-02-28 11:00:00+09:00,503.0,504.0,500.0,502.0,16641,0.0,0.0
2023-02-28 12:00:00+09:00,500.0,502.0,499.0,502.0,11112,0.0,0.0
2023-02-28 13:00:00+09:00,500.0,501.0,498.0,498.0,49815,0.0,0.0
2023-02-28 14:00:00+09:00,500.0,501.0,498.0,499.0,51334,0.0,0.0
2023-03-02 09:00:00+09:00,511.0,512.0,500.0,503.0,0,0.0,0.0
2023-03-02 10:00:00+09:00,502.0,502.0,499.0,501.0,43414,0.0,0.0
2023-03-02 11:00:00+09:00,501.0,502.0,500.0,501.0,9824,0.0,0.0
2023-03-02 12:00:00+09:00,501.0,502.0,499.0,502.0,19160,0.0,0.0
2023-03-02 13:00:00+09:00,500.0,505.0,500.0,505.0,20924,0.0,0.0
2023-03-02 14:00:00+09:00,505.0,505.0,499.0,503.0,67294,0.0,0.0
2023-03-03 09:00:00+09:00,505.0,507.0,499.0,500.0,80793,0.0,0.0
2023-03-03 10:00:00+09:00,503.0,503.0,495.0,495.0,88166,0.0,0.0
2023-03-03 11:00:00+09:00,495.0,499.0,493.0,497.0,69668,0.0,0.0
2023-03-03 12:00:00+09:00,499.0,500.0,495.0,498.0,22823,0.0,0.0
2023-03-03 13:00:00+09:00,497.0,503.0,497.0,502.0,0,0.0,0.0
2023-03-03 14:00:00+09:00,503.0,504.0,499.0,501.0,312245,0.0,0.0
2023-03-06 09:00:00+09:00,515.0,515.0,499.0,506.0,0,0.0,0.0
2023-03-06 10:00:00+09:00,506.0,507.0,503.0,507.0,29634,0.0,0.0
2023-03-06 11:00:00+09:00,505.0,507.0,503.0,507.0,14410,0.0,0.0
2023-03-06 12:00:00+09:00,507.0,509.0,503.0,507.0,12603,0.0,0.0
2023-03-06 13:00:00+09:00,507.0,509.0,501.0,504.0,74914,0.0,0.0
2023-03-06 14:00:00+09:00,503.0,509.0,498.0,505.0,142748,0.0,0.0
2023-03-07 09:00:00+09:00,504.0,506.0,490.0,502.0,0,0.0,0.0
2023-03-07 10:00:00+09:00,501.0,506.0,499.0,506.0,54624,0.0,0.0
2023-03-07 11:00:00+09:00,503.0,511.0,501.0,508.0,40716,0.0,0.0
2023-03-07 12:00:00+09:00,509.0,520.0,509.0,515.0,103687,0.0,0.0
2023-03-07 13:00:00+09:00,515.0,517.0,510.0,515.0,63666,0.0,0.0
2023-03-07 14:00:00+09:00,515.0,522.0,513.0,521.0,114809,0.0,0.0
2023-03-08 09:00:00+09:00,520.0,528.0,507.0,524.0,159867,0.0,0.0
2023-03-08 10:00:00+09:00,523.0,524.0,517.0,520.0,89884,0.0,0.0
2023-03-08 11:00:00+09:00,520.0,523.0,517.0,518.0,43375,0.0,0.0
2023-03-08 12:00:00+09:00,518.0,520.0,510.0,518.0,54252,0.0,0.0
2023-03-08 13:00:00+09:00,518.0,520.0,514.0,514.0,8166,0.0,0.0
2023-03-08 14:00:00+09:00,517.0,521.0,513.0,515.0,43291,0.0,0.0
2023-03-09 09:00:00+09:00,524.0,526.0,510.0,510.0,118794,0.0,0.0
2023-03-09 10:00:00+09:00,510.0,512.0,503.0,511.0,79827,0.0,0.0
2023-03-09 11:00:00+09:00,511.0,514.0,509.0,514.0,94846,0.0,0.0
2023-03-09 12:00:00+09:00,514.0,517.0,513.0,517.0,8762,0.0,0.0
2023-03-09 13:00:00+09:00,517.0,521.0,517.0,519.0,34897,0.0,0.0
2023-03-09 14:00:00+09:00,519.0,526.0,515.0,523.0,26996,0.0,0.0
2023-03-10 09:00:00+09:00,511.0,516.0,506.0,508.0,84162,0.0,0.0
2023-03-10 10:00:00+09:00,512.0,517.0,508.0,510.0,55903,0.0,0.0
2023-03-10 11:00:00+09:00,514.0,515.0,510.0,513.0,38000,0.0,0.0
2023-03-10 12:00:00+09:00,513.0,514.0,508.0,508.0,122939,0.0,0.0
2023-03-10 13:00:00+09:00,508.0,512.0,507.0,510.0,46416,0.0,0.0
2023-03-10 14:00:00+09:00,510.0,510.0,500.0,503.0,245022,0.0,0.0
2023-03-13 09:00:00+09:00,509.0,509.0,494.0,497.0,0,0.0,0.0
2023-03-13 10:00:00+09:00,497.0,499.0,489.0,489.0,56580,0.0,0.0
2023-03-13 11:00:00+09:00,490.0,499.0,490.0,498.0,21464,0.0,0.0
2023-03-13 12:00:00+09:00,498.0,499.0,493.0,496.0,14632,0.0,0.0
2023-03-13 13:00:00+09:00,496.0,496.0,488.0,492.0,75004,0.0,0.0
2023-03-13 14:00:00+09:00,491.0,493.0,484.0,484.0,86140,0.0,0.0
2023-03-14 09:00:00+09:00,479.0,485.0,474.0,475.0,0,0.0,0.0
2023-03-14 10:00:00+09:00,475.0,482.0,474.0,478.0,19679,0.0,0.0
2023-03-14 11:00:00+09:00,478.0,479.0,476.0,476.0,51738,0.0,0.0
2023-03-14 12:00:00+09:00,478.0,479.0,478.0,478.0,0,0.0,0.0
2023-03-14 13:00:00+09:00,478.0,479.0,475.0,479.0,10567,0.0,0.0
2023-03-14 14:00:00+09:00,479.0,484.0,476.0,480.0,78657,0.0,0.0
2023-03-15 09:00:00+09:00,481.0,517.0,477.0,506.0,0,0.0,0.0
2023-03-15 10:00:00+09:00,506.0,508.0,497.0,499.0,65497,0.0,0.0
2023-03-15 11:00:00+09:00,502.0,502.0,494.0,500.0,26043,0.0,0.0
2023-03-15 12:00:00+09:00,500.0,500.0,492.0,495.0,16170,0.0,0.0
2023-03-15 13:00:00+09:00,495.0,497.0,493.0,497.0,14757,0.0,0.0
2023-03-15 14:00:00+09:00,498.0,502.0,496.0,501.0,88536,0.0,0.0
2023-03-16 09:00:00+09:00,497.0,497.0,481.0,489.0,73259,0.0,0.0
2023-03-16 10:00:00+09:00,493.0,496.0,491.0,493.0,6307,0.0,0.0
2023-03-16 11:00:00+09:00,495.0,497.0,492.0,496.0,14084,0.0,0.0
2023-03-16 12:00:00+09:00,493.0,493.0,486.0,486.0,112438,0.0,0.0
2023-03-16 13:00:00+09:00,488.0,488.0,484.0,486.0,21967,0.0,0.0
2023-03-16 14:00:00+09:00,486.0,488.0,485.0,486.0,42753,0.0,0.0
2023-03-17 09:00:00+09:00,488.0,496.0,488.0,496.0,0,0.0,0.0
2023-03-17 10:00:00+09:00,496.0,500.0,487.0,497.0,110422,0.0,0.0
2023-03-17 11:00:00+09:00,497.0,499.0,496.0,496.0,9329,0.0,0.0
2023-03-17 12:00:00+09:00,495.0,500.0,493.0,497.0,54627,0.0,0.0
2023-03-17 13:00:00+09:00,495.0,497.0,486.0,488.0,0,0.0,0.0
2023-03-17 14:00:00+09:00,491.0,495.0,486.0,491.0,333150,0.0,0.0
2023-03-20 09:00:00+09:00,486.0,494.0,483.0,492.0,0,0.0,0.0
2023-03-20 10:00:00+09:00,493.0,496.0,493.0,493.0,10958,0.0,0.0
2023-03-20 11:00:00+09:00,495.0,504.0,495.0,500.0,65916,0.0,0.0
2023-03-20 12:00:00+09:00,500.0,500.0,490.0,499.0,44429,0.0,0.0
2023-03-20 13:00:00+09:00,498.0,499.0,491.0,492.0,15973,0.0,0.0
2023-03-20 14:00:00+09:00,494.0,494.0,489.0,491.0,9915,0.0,0.0
2023-03-21 09:00:00+09:00,493.0,497.0,488.0,489.0,0,0.0,0.0
2023-03-21 10:00:00+09:00,489.0,491.0,488.0,490.0,14811,0.0,0.0
2023-03-21 11:00:00+09:00,489.0,491.0,489.0,490.0,21381,0.0,0.0
2023-03-21 12:00:00+09:00,490.0,494.0,488.0,491.0,7404,0.0,0.0
2023-03-21 13:00:00+09:00,491.0,492.0,488.0,492.0,45827,0.0,0.0
2023-03-21 14:00:00+09:00,490.0,493.0,488.0,490.0,47492,0.0,0.0
2023-03-22 09:00:00+09:00,494.0,516.0,493.0,507.0,0,0.0,0.0
2023-03-22 10:00:00+09:00,505.0,510.0,503.0,506.0,19816,0.0,0.0
2023-03-22 11:00:00+09:00,507.0,513.0,504.0,511.0,41730,0.0,0.0
2023-03-22 12:00:00+09:00,512.0,515.0,507.0,512.0,47545,0.0,0.0
2023-03-22 13:00:00+09:00,512.0,512.0,502.0,503.0,51703,0.0,0.0
2023-03-22 14:00:00+09:00,507.0,515.0,505.0,513.0,65256,0.0,0.0
2023-03-23 09:00:00+09:00,504.0,511.0,502.0,502.0,0,0.0,0.0
2023-03-23 10:00:00+09:00,503.0,503.0,500.0,501.0,49270,0.0,0.0
2023-03-23 11:00:00+09:00,499.0,499.0,495.0,499.0,52930,0.0,0.0
2023-03-23 12:00:00+09:00,499.0,499.0,496.0,498.0,7373,0.0,0.0
2023-03-23 13:00:00+09:00,497.0,499.0,496.0,498.0,11389,0.0,0.0
2023-03-23 14:00:00+09:00,498.0,498.0,495.0,497.0,56232,0.0,0.0
2023-03-24 09:00:00+09:00,493.0,502.0,493.0,498.0,0,0.0,0.0
2023-03-24 10:00:00+09:00,498.0,502.0,497.0,500.0,53967,0.0,0.0
2023-03-24 11:00:00+09:00,500.0,506.0,497.0,505.0,42669,0.0,0.0
2023-03-24 12:00:00+09:00,505.0,506.0,500.0,504.0,15373,0.0,0.0
2023-03-24 13:00:00+09:00,500.0,504.0,497.0,500.0,20137,0.0,0.0
2023-03-24 14:00:00+09:00,500.0,502.0,500.0,502.0,20977,0.0,0.0
2023-03-27 09:00:00+09:00,502.0,531.0,500.0,524.0,0,0.0,0.0
2023-03-27 10:00:00+09:00,522.0,541.0,519.0,530.0,240917,0.0,0.0
2023-03-27 11:00:00+09:00,529.0,532.0,522.0,522.0,66482,0.0,0.0
2023-03-27 12:00:00+09:00,522.0,529.0,517.0,520.0,37703,0.0,0.0
2023-03-27 13:00:00+09:00,523.0,523.0,520.0,523.0,3817,0.0,0.0
2023-03-27 14:00:00+09:00,524.0,525.0,520.0,521.0,14135,0.0,0.0
2023-03-28 09:00:00+09:00,522.0,526.0,513.0,521.0,0,0.0,0.0
2023-03-28 10:00:00+09:00,521.0,524.0,515.0,521.0,40868,0.0,0.0
2023-03-28 11:00:00+09:00,520.0,524.0,518.0,522.0,28330,0.0,0.0
2023-03-28 12:00:00+09:00,520.0,520.0,517.0,520.0,115153,0.0,0.0
2023-03-28 13:00:00+09:00,520.0,520.0,516.0,520.0,0,0.0,0.0
2023-03-28 14:00:00+09:00,519.0,526.0,518.0,523.0,72623,0.0,0.0
2023-03-29 09:00:00+09:00,526.0,536.0,517.0,517.0,0,0.0,0.0
2023-03-29 10:00:00+09:00,517.0,522.0,515.0,520.0,39455,0.0,0.0
2023-03-29 11:00:00+09:00,516.0,520.0,512.0,515.0,13548,0.0,0.0
2023-03-29 12:00:00+09:00,515.0,518.0,511.0,514.0,24743,0.0,0.0
2023-03-29 13:00:00+09:00,514.0,517.0,511.0,516.0,10771,0.0,0.0
2023-03-29 14:00:00+09:00,514.0,514.0,508.0,510.0,69085,0.0,0.0
2023-03-30 09:00:00+09:00,515.0,515.0,504.0,508.0,0,0.0,0.0
2023-03-30 10:00:00+09:00,509.0,510.0,506.0,510.0,42824,0.0,0.0
2023-03-30 11:00:00+09:00,509.0,515.0,508.0,514.0,39800,0.0,0.0
2023-03-30 12:00:00+09:00,513.0,515.0,511.0,514.0,7070,0.0,0.0
2023-03-30 13:00:00+09:00,514.0,523.0,514.0,523.0,61605,0.0,0.0
2023-03-30 14:00:00+09:00,522.0,523.0,514.0,518.0,76886,0.0,0.0
2023-03-31 09:00:00+09:00,514.0,514.0,507.0,508.0,0,0.0,0.0
2023-03-31 10:00:00+09:00,508.0,508.0,475.0,499.0,207462,0.0,0.0
2023-03-31 11:00:00+09:00,497.0,501.0,496.0,499.0,42835,0.0,0.0
2023-03-31 12:00:00+09:00,498.0,499.0,491.0,493.0,65041,0.0,0.0
2023-03-31 13:00:00+09:00,495.0,496.0,488.0,489.0,97048,0.0,0.0
2023-03-31 14:00:00+09:00,490.0,492.0,486.0,491.0,63675,0.0,0.0
2023-04-03 09:00:00+09:00,527.0,527.0,491.0,503.0,0,0.0,0.0
2023-04-03 10:00:00+09:00,502.0,503.0,492.0,492.0,101664,0.0,0.0
2023-04-03 11:00:00+09:00,492.0,495.0,485.0,494.0,41403,0.0,0.0
2023-04-03 12:00:00+09:00,491.0,501.0,489.0,493.0,50330,0.0,0.0
2023-04-03 13:00:00+09:00,495.0,495.0,492.0,492.0,16100,0.0,0.0
2023-04-03 14:00:00+09:00,493.0,495.0,491.0,492.0,53342,0.0,0.0
2023-04-04 09:00:00+09:00,490.0,498.0,489.0,496.0,60552,0.0,0.0
2023-04-04 10:00:00+09:00,496.0,498.0,490.0,494.0,58525,0.0,0.0
2023-04-04 11:00:00+09:00,494.0,495.0,490.0,493.0,84999,0.0,0.0
2023-04-04 12:00:00+09:00,493.0,495.0,488.0,489.0,84869,0.0,0.0
2023-04-04 13:00:00+09:00,490.0,492.0,488.0,492.0,60605,0.0,0.0
2023-04-04 14:00:00+09:00,492.0,492.0,489.0,491.0,60914,0.0,0.0
2023-04-05 09:00:00+09:00,492.0,505.0,489.0,497.0,0,0.0,0.0
2023-04-05 10:00:00+09:00,497.0,510.0,496.0,510.0,243635,0.0,0.0
2023-04-05 11:00:00+09:00,510.0,531.0,506.0,525.0,359563,0.0,0.0
2023-04-05 12:00:00+09:00,525.0,531.0,515.0,524.0,188411,0.0,0.0
2023-04-05 13:00:00+09:00,524.0,525.0,515.0,522.0,37204,0.0,0.0
2023-04-05 14:00:00+09:00,522.0,524.0,505.0,511.0,311135,0.0,0.0
2023-04-06 09:00:00+09:00,510.0,518.0,501.0,510.0,135926,0.0,0.0
2023-04-06 10:00:00+09:00,510.0,516.0,505.0,513.0,36138,0.0,0.0
2023-04-06 11:00:00+09:00,513.0,526.0,512.0,523.0,155039,0.0,0.0
2023-04-06 12:00:00+09:00,522.0,523.0,513.0,514.0,112872,0.0,0.0
2023-04-06 13:00:00+09:00,514.0,516.0,511.0,515.0,30670,0.0,0.0
2023-04-06 14:00:00+09:00,515.0,515.0,500.0,508.0,140975,0.0,0.0
2023-04-07 09:00:00+09:00,505.0,509.0,501.0,507.0,0,0.0,0.0
2023-04-07 10:00:00+09:00,507.0,509.0,507.0,508.0,11447,0.0,0.0
2023-04-07 11:00:00+09:00,508.0,519.0,508.0,517.0,51841,0.0,0.0
2023-04-07 12:00:00+09:00,517.0,518.0,511.0,512.0,34770,0.0,0.0
2023-04-07 13:00:00+09:00,511.0,515.0,505.0,513.0,34132,0.0,0.0
2023-04-07 14:00:00+09:00,514.0,515.0,510.0,515.0,34190,0.0,0.0
2023-04-10 09:00:00+09:00,514.0,521.0,510.0,521.0,0,0.0,0.0
2023-04-10 10:00:00+09:00,520.0,521.0,512.0,518.0,35660,0.0,0.0
2023-04-10 11:00:00+09:00,517.0,521.0,510.0,515.0,50444,0.0,0.0
2023-04-10 12:00:00+09:00,515.0,522.0,511.0,520.0,55191,0.0,0.0
2023-04-10 13:00:00+09:00,518.0,525.0,518.0,519.0,78974,0.0,0.0
2023-04-10 14:00:00+09:00,519.0,522.0,514.0,516.0,76658,0.0,0.0
2023-04-11 09:00:00+09:00,517.0,523.0,511.0,513.0,0,0.0,0.0
2023-04-11 10:00:00+09:00,513.0,521.0,513.0,521.0,28885,0.0,0.0
2023-04-11 11:00:00+09:00,519.0,531.0,518.0,524.0,216548,0.0,0.0
2023-04-11 12:00:00+09:00,523.0,525.0,514.0,522.0,45791,0.0,0.0
2023-04-11 13:00:00+09:00,521.0,522.0,510.0,517.0,130747,0.0,0.0
2023-04-11 14:00:00+09:00,517.0,518.0,514.0,518.0,44785,0.0,0.0
2023-04-12 09:00:00+09:00,518.0,547.0,518.0,543.0,0,0.0,0.0
2023-04-12 10:00:00+09:00,542.0,544.0,526.0,530.0,107554,0.0,0.0
2023-04-12 11:00:00+09:00,530.0,530.0,516.0,525.0,229944,0.0,0.0
2023-04-12 12:00:00+09:00,525.0,525.0,519.0,520.0,16973,0.0,0.0
2023-04-12 13:00:00+09:00,520.0,523.0,515.0,521.0,76065,0.0,0.0
2023-04-12 14:00:00+09:00,518.0,521.0,515.0,520.0,85010,0.0,0.0
2023-04-13 09:00:00+09:00,518.0,519.0,504.0,511.0,0,0.0,0.0
2023-04-13 10:00:00+09:00,512.0,520.0,510.0,511.0,60731,0.0,0.0
2023-04-13 11:00:00+09:00,511.0,515.0,509.0,515.0,60426,0.0,0.0
2023-04-13 12:00:00+09:00,515.0,520.0,515.0,518.0,34264,0.0,0.0
2023-04-13 13:00:00+09:00,518.0,523.0,516.0,520.0,25537,0.0,0.0
2023-04-13 14:00:00+09:00,520.0,522.0,517.0,517.0,5163,0.0,0.0
2023-04-14 09:00:00+09:00,521.0,525.0,511.0,516.0,0,0.0,0.0
2023-04-14 10:00:00+09:00,517.0,519.0,512.0,516.0,97534,0.0,0.0
2023-04-14 11:00:00+09:00,515.0,517.0,510.0,515.0,92736,0.0,0.0
2023-04-14 12:00:00+09:00,517.0,525.0,516.0,522.0,40918,0.0,0.0
2023-04-14 13:00:00+09:00,522.0,522.0,515.0,520.0,64415,0.0,0.0
2023-04-14 14:00:00+09:00,520.0,521.0,512.0,516.0,106966,0.0,0.0
2023-04-17 09:00:00+09:00,520.0,527.0,513.0,526.0,0,0.0,0.0
2023-04-17 10:00:00+09:00,526.0,543.0,515.0,520.0,593335,0.0,0.0
2023-04-17 11:00:00+09:00,520.0,524.0,518.0,521.0,38449,0.0,0.0
2023-04-17 12:00:00+09:00,521.0,524.0,517.0,523.0,124972,0.0,0.0
2023-04-17 13:00:00+09:00,523.0,523.0,515.0,521.0,86654,0.0,0.0
2023-04-17 14:00:00+09:00,521.0,523.0,515.0,523.0,126327,0.0,0.0
2023-04-18 09:00:00+09:00,523.0,542.0,518.0,519.0,0,0.0,0.0
2023-04-18 10:00:00+09:00,519.0,523.0,518.0,521.0,104128,0.0,0.0
2023-04-18 11:00:00+09:00,521.0,521.0,517.0,519.0,72956,0.0,0.0
2023-04-18 12:00:00+09:00,518.0,521.0,516.0,520.0,26843,0.0,0.0
2023-04-18 13:00:00+09:00,519.0,520.0,511.0,515.0,94469,0.0,0.0
2023-04-18 14:00:00+09:00,515.0,516.0,513.0,514.0,51925,0.0,0.0
2023-04-19 09:00:00+09:00,513.0,534.0,511.0,530.0,338983,0.0,0.0
2023-04-19 10:00:00+09:00,531.0,532.0,526.0,529.0,187079,0.0,0.0
2023-04-19 11:00:00+09:00,530.0,532.0,527.0,528.0,112504,0.0,0.0
2023-04-19 12:00:00+09:00,531.0,545.0,528.0,531.0,636420,0.0,0.0
2023-04-19 13:00:00+09:00,531.0,557.0,531.0,554.0,597814,0.0,0.0
2023-04-19 14:00:00+09:00,554.0,557.0,534.0,541.0,535114,0.0,0.0
2023-04-20 09:00:00+09:00,548.0,568.0,521.0,560.0,1562618,0.0,0.0
2023-04-20 10:00:00+09:00,561.0,630.0,547.0,556.0,4657241,0.0,0.0
2023-04-20 11:00:00+09:00,560.0,574.0,548.0,571.0,356631,0.0,0.0
2023-04-20 12:00:00+09:00,571.0,582.0,561.0,571.0,323870,0.0,0.0
2023-04-20 13:00:00+09:00,568.0,574.0,560.0,561.0,216334,0.0,0.0
2023-04-20 14:00:00+09:00,561.0,565.0,554.0,554.0,245373,0.0,0.0
2023-04-21 09:00:00+09:00,546.0,562.0,537.0,556.0,0,0.0,0.0
2023-04-21 10:00:00+09:00,557.0,579.0,556.0,563.0,346982,0.0,0.0
2023-04-21 11:00:00+09:00,560.0,565.0,546.0,548.0,151865,0.0,0.0
2023-04-21 12:00:00+09:00,546.0,614.0,536.0,579.0,1834711,0.0,0.0
2023-04-21 13:00:00+09:00,583.0,600.0,564.0,587.0,1359974,0.0,0.0
2023-04-21 14:00:00+09:00,587.0,587.0,567.0,573.0,450104,0.0,0.0
2023-04-24 09:00:00+09:00,599.0,676.0,553.0,564.0,0,0.0,0.0
2023-04-24 10:00:00+09:00,563.0,574.0,535.0,543.0,572498,0.0,0.0
2023-04-24 11:00:00+09:00,543.0,546.0,526.0,542.0,433404,0.0,0.0
2023-04-24 12:00:00+09:00,543.0,550.0,529.0,541.0,191423,0.0,0.0
2023-04-24 13:00:00+09:00,541.0,542.0,519.0,521.0,296135,0.0,0.0
2023-04-24 14:00:00+09:00,522.0,523.0,480.0,515.0,630196,0.0,0.0
2023-04-25 09:00:00+09:00,524.0,570.0,510.0,563.0,0,0.0,0.0
2023-04-25 10:00:00+09:00,562.0,564.0,546.0,561.0,434195,0.0,0.0
2023-04-25 11:00:00+09:00,561.0,572.0,526.0,541.0,994250,0.0,0.0
2023-04-25 12:00:00+09:00,541.0,550.0,528.0,550.0,317790,0.0,0.0
2023-04-25 13:00:00+09:00,550.0,570.0,548.0,553.0,1020142,0.0,0.0
2023-04-25 14:00:00+09:00,553.0,557.0,539.0,549.0,352447,0.0,0.0
2023-04-26 09:00:00+09:00,543.0,548.0,531.0,542.0,371782,0.0,0.0
2023-04-26 10:00:00+09:00,541.0,543.0,528.0,530.0,210681,0.0,0.0
2023-04-26 11:00:00+09:00,540.0,540.0,525.0,527.0,162980,0.0,0.0
2023-04-26 12:00:00+09:00,528.0,532.0,526.0,531.0,69418,0.0,0.0
2023-04-26 13:00:00+09:00,531.0,538.0,527.0,535.0,81292,0.0,0.0
2023-04-26 14:00:00+09:00,531.0,567.0,529.0,566.0,387221,0.0,0.0
2023-04-27 09:00:00+09:00,582.0,582.0,540.0,568.0,0,0.0,0.0
2023-04-27 10:00:00+09:00,567.0,579.0,558.0,572.0,226259,0.0,0.0
2023-04-27 11:00:00+09:00,569.0,579.0,550.0,559.0,246178,0.0,0.0
2023-04-27 12:00:00+09:00,560.0,560.0,550.0,551.0,159278,0.0,0.0
2023-04-27 13:00:00+09:00,550.0,557.0,548.0,554.0,101545,0.0,0.0
2023-04-27 14:00:00+09:00,551.0,554.0,542.0,543.0,111794,0.0,0.0
2023-04-28 09:00:00+09:00,530.0,546.0,527.0,532.0,0,0.0,0.0
2023-04-28 10:00:00+09:00,531.0,556.0,523.0,555.0,283032,0.0,0.0
2023-04-28 11:00:00+09:00,555.0,558.0,530.0,533.0,96120,0.0,0.0
2023-04-28 12:00:00+09:00,533.0,541.0,521.0,528.0,215500,0.0,0.0
2023-04-28 13:00:00+09:00,528.0,536.0,519.0,532.0,197509,0.0,0.0
2023-04-28 14:00:00+09:00,529.0,535.0,522.0,523.0,140136,0.0,0.0
2023-05-02 09:00:00+09:00,527.0,550.0,527.0,547.0,0,0.0,0.0
2023-05-02 10:00:00+09:00,547.0,590.0,543.0,558.0,2437511,0.0,0.0
2023-05-02 11:00:00+09:00,560.0,609.0,548.0,586.0,3162021,0.0,0.0
2023-05-02 12:00:00+09:00,586.0,624.0,576.0,605.0,4719226,0.0,0.0
2023-05-02 13:00:00+09:00,606.0,623.0,585.0,594.0,2658065,0.0,0.0
2023-05-02 14:00:00+09:00,594.0,595.0,573.0,577.0,1051912,0.0,0.0
2023-05-03 09:00:00+09:00,627.0,754.0,625.0,719.0,26127298,0.0,0.0
2023-05-03 10:00:00+09:00,719.0,723.0,686.0,703.0,6272914,0.0,0.0
2023-05-03 11:00:00+09:00,703.0,719.0,699.0,706.0,2098646,0.0,0.0
2023-05-03 12:00:00+09:00,706.0,719.0,686.0,717.0,3000850,0.0,0.0
2023-05-03 13:00:00+09:00,716.0,726.0,692.0,708.0,4022511,0.0,0.0
2023-05-03 14:00:00+09:00,708.0,711.0,630.0,644.0,4662131,0.0,0.0
2023-05-04 09:00:00+09:00,611.0,638.0,585.0,602.0,3417814,0.0,0.0
2023-05-04 10:00:00+09:00,602.0,606.0,585.0,596.0,1026340,0.0,0.0
2023-05-04 11:00:00+09:00,599.0,605.0,588.0,591.0,460424,0.0,0.0
2023-05-04 12:00:00+09:00,588.0,591.0,582.0,582.0,574742,0.0,0.0
2023-05-04 13:00:00+09:00,582.0,588.0,574.0,577.0,367150,0.0,0.0
2023-05-04 14:00:00+09:00,578.0,580.0,564.0,568.0,735477,0.0,0.0
2023-05-08 09:00:00+09:00,554.0,605.0,554.0,567.0,0,0.0,0.0
2023-05-08 10:00:00+09:00,567.0,583.0,553.0,570.0,1110363,0.0,0.0
2023-05-08 11:00:00+09:00,569.0,570.0,551.0,557.0,577405,0.0,0.0
2023-05-08 12:00:00+09:00,556.0,561.0,552.0,556.0,291426,0.0,0.0
2023-05-08 13:00:00+09:00,554.0,558.0,538.0,542.0,443237,0.0,0.0
2023-05-08 14:00:00+09:00,540.0,559.0,536.0,548.0,556649,0.0,0.0
2023-05-09 09:00:00+09:00,555.0,556.0,532.0,545.0,0,0.0,0.0
2023-05-09 10:00:00+09:00,545.0,559.0,538.0,543.0,461971,0.0,0.0
2023-05-09 11:00:00+09:00,542.0,544.0,532.0,534.0,297948,0.0,0.0
2023-05-09 12:00:00+09:00,533.0,539.0,524.0,538.0,373333,0.0,0.0
2023-05-09 13:00:00+09:00,535.0,539.0,529.0,534.0,177023,0.0,0.0
2023-05-09 14:00:00+09:00,533.0,536.0,526.0,536.0,101810,0.0,0.0
2023-05-10 09:00:00+09:00,540.0,547.0,532.0,539.0,376167,0.0,0.0
2023-05-10 10:00:00+09:00,539.0,540.0,532.0,537.0,240969,0.0,0.0
2023-05-10 11:00:00+09:00,537.0,538.0,534.0,538.0,73314,0.0,0.0
2023-05-10 12:00:00+09:00,538.0,544.0,534.0,535.0,110462,0.0,0.0
2023-05-10 13:00:00+09:00,534.0,537.0,532.0,534.0,121500,0.0,0.0
2023-05-10 14:00:00+09:00,534.0,535.0,531.0,532.0,104307,0.0,0.0
2023-05-11 09:00:00+09:00,527.0,540.0,527.0,535.0,339026,0.0,0.0
2023-05-11 10:00:00+09:00,535.0,535.0,522.0,524.0,173216,0.0,0.0
2023-05-11 11:00:00+09:00,525.0,529.0,522.0,524.0,67752,0.0,0.0
2023-05-11 12:00:00+09:00,524.0,526.0,519.0,525.0,212726,0.0,0.0
2023-05-11 13:00:00+09:00,522.0,525.0,522.0,524.0,41971,0.0,0.0
2023-05-11 14:00:00+09:00,522.0,526.0,519.0,522.0,117565,0.0,0.0
2023-05-12 09:00:00+09:00,516.0,527.0,503.0,506.0,341761,0.0,0.0
2023-05-12 10:00:00+09:00,506.0,506.0,499.0,500.0,370238,0.0,0.0
2023-05-12 11:00:00+09:00,502.0,504.0,499.0,502.0,117567,0.0,0.0
2023-05-12 12:00:00+09:00,500.0,503.0,499.0,502.0,120912,0.0,0.0
2023-05-12 13:00:00+09:00,502.0,503.0,499.0,500.0,71997,0.0,0.0
2023-05-12 14:00:00+09:00,501.0,502.0,494.0,500.0,277764,0.0,0.0
2023-05-15 09:00:00+09:00,495.0,510.0,494.0,498.0,0,0.0,0.0
2023-05-15 10:00:00+09:00,497.0,498.0,490.0,490.0,237320,0.0,0.0
2023-05-15 11:00:00+09:00,494.0,499.0,491.0,498.0,41165,0.0,0.0
2023-05-15 12:00:00+09:00,497.0,499.0,495.0,496.0,48452,0.0,0.0
2023-05-15 13:00:00+09:00,496.0,500.0,491.0,500.0,177894,0.0,0.0
2023-05-15 14:00:00+09:00,500.0,500.0,490.0,490.0,158241,0.0,0.0
2023-05-16 09:00:00+09:00,494.0,499.0,487.0,489.0,0,0.0,0.0
2023-05-16 10:00:00+09:00,489.0,493.0,487.0,493.0,343830,0.0,0.0
2023-05-16 11:00:00+09:00,492.0,493.0,490.0,492.0,48829,0.0,0.0
2023-05-16 12:00:00+09:00,492.0,492.0,486.0,487.0,60332,0.0,0.0
2023-05-16 13:00:00+09:00,487.0,488.0,482.0,482.0,100870,0.0,0.0
2023-05-16 14:00:00+09:00,484.0,484.0,474.0,474.0,150178,0.0,0.0
2023-05-17 09:00:00+09:00,474.0,477.0,470.0,476.0,0,0.0,0.0
2023-05-17 10:00:00+09:00,476.0,483.0,475.0,476.0,168180,0.0,0.0
2023-05-17 11:00:00+09:00,478.0,480.0,474.0,480.0,94546,0.0,0.0
2023-05-17 12:00:00+09:00,479.0,481.0,479.0,481.0,33652,0.0,0.0
2023-05-17 13:00:00+09:00,480.0,498.0,478.0,483.0,350387,0.0,0.0
2023-05-17 14:00:00+09:00,484.0,486.0,477.0,480.0,95950,0.0,0.0
2023-05-18 09:00:00+09:00,487.0,489.0,479.0,481.0,171756,0.0,0.0
2023-05-18 10:00:00+09:00,483.0,484.0,477.0,481.0,95767,0.0,0.0
2023-05-18 11:00:00+09:00,481.0,483.0,480.0,482.0,10200,0.0,0.0
2023-05-18 12:00:00+09:00,482.0,483.0,479.0,480.0,18362,0.0,0.0
2023-05-18 13:00:00+09:00,479.0,480.0,476.0,479.0,66289,0.0,0.0
2023-05-18 14:00:00+09:00,478.0,481.0,478.0,479.0,58369,0.0,0.0
2023-05-19 09:00:00+09:00,480.0,528.0,479.0,508.0,1449286,0.0,0.0
2023-05-19 10:00:00+09:00,506.0,508.0,486.0,502.0,560871,0.0,0.0
2023-05-19 11:00:00+09:00,503.0,509.0,497.0,508.0,248361,0.0,0.0
2023-05-19 12:00:00+09:00,507.0,508.0,498.0,500.0,77052,0.0,0.0
2023-05-19 13:00:00+09:00,500.0,504.0,500.0,504.0,61172,0.0,0.0
2023-05-19 14:00:00+09:00,503.0,504.0,492.0,492.0,123814,0.0,0.0
2023-05-22 09:00:00+09:00,499.0,507.0,495.0,502.0,0,0.0,0.0
2023-05-22 10:00:00+09:00,502.0,504.0,498.0,503.0,56829,0.0,0.0
2023-05-22 11:00:00+09:00,503.0,505.0,500.0,503.0,62528,0.0,0.0
2023-05-22 12:00:00+09:00,503.0,504.0,500.0,503.0,11546,0.0,0.0
2023-05-22 13:00:00+09:00,503.0,503.0,493.0,496.0,204293,0.0,0.0
2023-05-22 14:00:00+09:00,496.0,498.0,493.0,494.0,202578,0.0,0.0
2023-05-23 09:00:00+09:00,495.0,498.0,485.0,489.0,298685,0.0,0.0
2023-05-23 10:00:00+09:00,489.0,490.0,481.0,482.0,261005,0.0,0.0
2023-05-23 11:00:00+09:00,482.0,485.0,481.0,482.0,42843,0.0,0.0
2023-05-23 12:00:00+09:00,483.0,484.0,481.0,484.0,35231,0.0,0.0
2023-05-23 13:00:00+09:00,485.0,486.0,483.0,486.0,84457,0.0,0.0
2023-05-23 14:00:00+09:00,485.0,485.0,481.0,484.0,33095,0.0,0.0
2023-05-24 09:00:00+09:00,484.0,486.0,480.0,482.0,82349,0.0,0.0
2023-05-24 10:00:00+09:00,482.0,482.0,477.0,481.0,67519,0.0,0.0
2023-05-24 11:00:00+09:00,481.0,481.0,477.0,480.0,36004,0.0,0.0
2023-05-24 12:00:00+09:00,480.0,481.0,477.0,478.0,90228,0.0,0.0
2023-05-24 13:00:00+09:00,481.0,481.0,476.0,477.0,73739,0.0,0.0
2023-05-24 14:00:00+09:00,478.0,479.0,475.0,479.0,64212,0.0,0.0
2023-05-25 09:00:00+09:00,483.0,486.0,469.0,474.0,140424,0.0,0.0
2023-05-25 10:00:00+09:00,475.0,477.0,470.0,472.0,120662,0.0,0.0
2023-05-25 11:00:00+09:00,473.0,478.0,471.0,475.0,54678,0.0,0.0
2023-05-25 12:00:00+09:00,475.0,476.0,473.0,474.0,16860,0.0,0.0
2023-05-25 13:00:00+09:00,474.0,476.0,473.0,474.0,21971,0.0,0.0
2023-05-25 14:00:00+09:00,473.0,476.0,471.0,475.0,43761,0.0,0.0
2023-05-26 09:00:00+09:00,473.0,476.0,470.0,470.0,122455,0.0,0.0
2023-05-26 10:00:00+09:00,470.0,476.0,465.0,471.0,110800,0.0,0.0
2023-05-26 11:00:00+09:00,471.0,473.0,467.0,470.0,26100,0.0,0.0
2023-05-26 12:00:00+09:00,467.0,470.0,467.0,468.0,53128,0.0,0.0
2023-05-26 13:00:00+09:00,470.0,470.0,437.0,447.0,440068,0.0,0.0
2023-05-26 14:00:00+09:00,443.0,450.0,436.0,439.0,411982,0.0,0.0
2023-05-30 09:00:00+09:00,442.0,470.0,442.0,446.0,0,0.0,0.0
2023-05-30 10:00:00+09:00,446.0,446.0,434.0,437.0,136289,0.0,0.0
2023-05-30 11:00:00+09:00,436.0,443.0,436.0,440.0,56773,0.0,0.0
2023-05-30 12:00:00+09:00,442.0,443.0,439.0,442.0,46944,0.0,0.0
2023-05-30 13:00:00+09:00,442.0,444.0,439.0,443.0,48789,0.0,0.0
2023-05-30 14:00:00+09:00,443.0,444.0,438.0,441.0,57579,0.0,0.0
2023-05-31 09:00:00+09:00,438.0,441.0,435.0,440.0,63069,0.0,0.0
2023-05-31 10:00:00+09:00,440.0,445.0,438.0,440.0,60233,0.0,0.0
2023-05-31 11:00:00+09:00,442.0,442.0,435.0,438.0,60608,0.0,0.0
2023-05-31 12:00:00+09:00,438.0,438.0,435.0,436.0,71486,0.0,0.0
2023-05-31 13:00:00+09:00,436.0,436.0,425.0,429.0,218173,0.0,0.0
2023-05-31 14:00:00+09:00,428.0,429.0,411.0,414.0,354939,0.0,0.0
2023-06-01 09:00:00+09:00,417.0,424.0,414.0,418.0,229267,0.0,0.0
2023-06-01 10:00:00+09:00,418.0,418.0,414.0,416.0,62241,0.0,0.0
2023-06-01 11:00:00+09:00,415.0,417.0,413.0,416.0,28025,0.0,0.0
2023-06-01 12:00:00+09:00,417.0,417.0,415.0,415.0,37086,0.0,0.0
2023-06-01 13:00:00+09:00,415.0,417.0,415.0,417.0,15894,0.0,0.0
2023-06-01 14:00:00+09:00,417.0,424.0,416.0,421.0,96596,0.0,0.0
2023-06-02 09:00:00+09:00,423.0,436.0,423.0,435.0,0,0.0,0.0
2023-06-02 10:00:00+09:00,435.0,436.0,427.0,434.0,137094,0.0,0.0
2023-06-02 11:00:00+09:00,434.0,435.0,429.0,432.0,103038,0.0,0.0
2023-06-02 12:00:00+09:00,432.0,435.0,430.0,434.0,25734,0.0,0.0
2023-06-02 13:00:00+09:00,431.0,465.0,431.0,445.0,737338,0.0,0.0
2023-06-02 14:00:00+09:00,442.0,443.0,429.0,432.0,357915,0.0,0.0
2023-06-05 09:00:00+09:00,445.0,448.0,433.0,448.0,0,0.0,0.0
2023-06-05 10:00:00+09:00,448.0,448.0,439.0,442.0,52657,0.0,0.0
2023-06-05 11:00:00+09:00,441.0,443.0,440.0,441.0,20671,0.0,0.0
2023-06-05 12:00:00+09:00,442.0,445.0,440.0,444.0,19358,0.0,0.0
2023-06-05 13:00:00+09:00,444.0,444.0,442.0,443.0,18386,0.0,0.0
2023-06-05 14:00:00+09:00,442.0,444.0,441.0,443.0,30430,0.0,0.0
2023-06-07 09:00:00+09:00,444.0,446.0,439.0,442.0,0,0.0,0.0
2023-06-07 10:00:00+09:00,442.0,446.0,442.0,444.0,14070,0.0,0.0
2023-06-07 11:00:00+09:00,443.0,445.0,441.0,445.0,160292,0.0,0.0
2023-06-07 12:00:00+09:00,444.0,444.0,442.0,444.0,12920,0.0,0.0
2023-06-07 13:00:00+09:00,443.0,444.0,441.0,442.0,18137,0.0,0.0
2023-06-07 14:00:00+09:00,442.0,445.0,440.0,444.0,41029,0.0,0.0
2023-06-08 09:00:00+09:00,446.0,446.0,436.0,444.0,115485,0.0,0.0
2023-06-08 10:00:00+09:00,444.0,444.0,440.0,441.0,26592,0.0,0.0
2023-06-08 11:00:00+09:00,441.0,444.0,440.0,440.0,14682,0.0,0.0
2023-06-08 12:00:00+09:00,442.0,444.0,440.0,441.0,22239,0.0,0.0
2023-06-08 13:00:00+09:00,442.0,443.0,441.0,441.0,26474,0.0,0.0
2023-06-08 14:00:00+09:00,442.0,445.0,438.0,445.0,82371,0.0,0.0
2023-06-09 09:00:00+09:00,443.0,452.0,442.0,445.0,95320,0.0,0.0
2023-06-09 10:00:00+09:00,444.0,449.0,443.0,446.0,37183,0.0,0.0
2023-06-09 11:00:00+09:00,446.0,447.0,443.0,447.0,42262,0.0,0.0
2023-06-09 12:00:00+09:00,445.0,448.0,445.0,445.0,26016,0.0,0.0
2023-06-09 13:00:00+09:00,446.0,446.0,442.0,443.0,27821,0.0,0.0
2023-06-09 14:00:00+09:00,444.0,445.0,442.0,442.0,64826,0.0,0.0
2023-06-12 09:00:00+09:00,450.0,450.0,440.0,442.0,0,0.0,0.0
2023-06-12 10:00:00+09:00,441.0,442.0,435.0,441.0,73537,0.0,0.0
2023-06-12 11:00:00+09:00,440.0,441.0,437.0,438.0,10115,0.0,0.0
2023-06-12 12:00:00+09:00,438.0,441.0,435.0,437.0,53840,0.0,0.0
2023-06-12 13:00:00+09:00,437.0,441.0,437.0,441.0,15303,0.0,0.0
2023-06-12 14:00:00+09:00,441.0,442.0,439.0,440.0,31579,0.0,0.0
2023-06-13 09:00:00+09:00,446.0,446.0,430.0,436.0,67038,0.0,0.0
2023-06-13 10:00:00+09:00,434.0,444.0,433.0,443.0,50790,0.0,0.0
2023-06-13 11:00:00+09:00,443.0,443.0,435.0,439.0,32654,0.0,0.0
2023-06-13 12:00:00+09:00,439.0,440.0,436.0,437.0,11435,0.0,0.0
2023-06-13 13:00:00+09:00,437.0,439.0,436.0,436.0,10835,0.0,0.0
2023-06-13 14:00:00+09:00,436.0,439.0,433.0,437.0,38859,0.0,0.0
2023-06-14 09:00:00+09:00,435.0,437.0,426.0,428.0,0,0.0,0.0
2023-06-14 10:00:00+09:00,429.0,435.0,427.0,430.0,90009,0.0,0.0
2023-06-14 11:00:00+09:00,430.0,434.0,430.0,430.0,471,0.0,0.0
2023-06-14 12:00:00+09:00,430.0,436.0,429.0,435.0,28293,0.0,0.0
2023-06-14 13:00:00+09:00,435.0,439.0,431.0,436.0,33802,0.0,0.0
2023-06-14 14:00:00+09:00,435.0,438.0,434.0,437.0,39565,0.0,0.0
2023-06-15 09:00:00+09:00,437.0,441.0,437.0,438.0,30036,0.0,0.0
2023-06-15 10:00:00+09:00,438.0,440.0,436.0,439.0,29823,0.0,0.0
2023-06-15 11:00:00+09:00,438.0,439.0,431.0,434.0,12614,0.0,0.0
2023-06-15 12:00:00+09:00,434.0,439.0,434.0,439.0,8081,0.0,0.0
2023-06-15 13:00:00+09:00,439.0,439.0,434.0,434.0,18266,0.0,0.0
2023-06-15 14:00:00+09:00,434.0,435.0,430.0,431.0,27726,0.0,0.0
2023-06-16 09:00:00+09:00,440.0,440.0,428.0,438.0,0,0.0,0.0
2023-06-16 10:00:00+09:00,438.0,438.0,429.0,433.0,32238,0.0,0.0
2023-06-16 11:00:00+09:00,433.0,436.0,431.0,435.0,16672,0.0,0.0
2023-06-16 12:00:00+09:00,435.0,435.0,431.0,435.0,13262,0.0,0.0
2023-06-16 13:00:00+09:00,435.0,436.0,428.0,433.0,36641,0.0,0.0
2023-06-16 14:00:00+09:00,433.0,434.0,426.0,433.0,30274,0.0,0.0
2023-06-19 09:00:00+09:00,433.0,433.0,430.0,433.0,0,0.0,0.0
2023-06-19 10:00:00+09:00,433.0,435.0,431.0,435.0,8589,0.0,0.0
2023-06-19 11:00:00+09:00,435.0,435.0,431.0,434.0,5544,0.0,0.0
2023-06-19 12:00:00+09:00,434.0,434.0,429.0,434.0,22041,0.0,0.0
2023-06-19 13:00:00+09:00,434.0,434.0,429.0,432.0,2782,0.0,0.0
2023-06-19 14:00:00+09:00,432.0,432.0,430.0,431.0,2688,0.0,0.0
2023-06-20 09:00:00+09:00,435.0,436.0,421.0,424.0,90534,0.0,0.0
2023-06-20 10:00:00+09:00,424.0,426.0,420.0,422.0,34318,0.0,0.0
2023-06-20 11:00:00+09:00,422.0,426.0,422.0,422.0,14716,0.0,0.0
2023-06-20 12:00:00+09:00,422.0,425.0,421.0,422.0,13703,0.0,0.0
2023-06-20 13:00:00+09:00,422.0,423.0,420.0,421.0,35903,0.0,0.0
2023-06-20 14:00:00+09:00,421.0,423.0,419.0,419.0,63554,0.0,0.0
2023-06-21 09:00:00+09:00,425.0,483.0,420.0,430.0,2358438,0.0,0.0
2023-06-21 10:00:00+09:00,434.0,436.0,420.0,420.0,366328,0.0,0.0
2023-06-21 11:00:00+09:00,420.0,425.0,419.0,424.0,212415,0.0,0.0
2023-06-21 12:00:00+09:00,423.0,424.0,419.0,420.0,66432,0.0,0.0
2023-06-21 13:00:00+09:00,419.0,424.0,419.0,421.0,52969,0.0,0.0
2023-06-21 14:00:00+09:00,421.0,423.0,420.0,420.0,140601,0.0,0.0
2023-06-22 09:00:00+09:00,411.0,519.0,411.0,448.0,4144506,0.0,0.0
2023-06-22 10:00:00+09:00,448.0,464.0,432.0,435.0,1462589,0.0,0.0
2023-06-22 11:00:00+09:00,435.0,436.0,428.0,436.0,413868,0.0,0.0
2023-06-22 12:00:00+09:00,436.0,450.0,431.0,444.0,573489,0.0,0.0
2023-06-22 13:00:00+09:00,444.0,445.0,431.0,435.0,212921,0.0,0.0
2023-06-22 14:00:00+09:00,434.0,453.0,431.0,442.0,614517,0.0,0.0
2023-06-23 09:00:00+09:00,439.0,443.0,420.0,428.0,565665,0.0,0.0
2023-06-23 10:00:00+09:00,428.0,432.0,421.0,428.0,89497,0.0,0.0
2023-06-23 11:00:00+09:00,428.0,432.0,424.0,425.0,66408,0.0,0.0
2023-06-23 12:00:00+09:00,425.0,431.0,423.0,424.0,69253,0.0,0.0
2023-06-23 13:00:00+09:00,424.0,428.0,423.0,425.0,18694,0.0,0.0
2023-06-23 14:00:00+09:00,425.0,428.0,423.0,423.0,97868,0.0,0.0
2023-06-26 09:00:00+09:00,425.0,426.0,416.0,425.0,0,0.0,0.0
2023-06-26 10:00:00+09:00,426.0,426.0,420.0,423.0,44241,0.0,0.0
2023-06-26 11:00:00+09:00,423.0,423.0,421.0,423.0,6029,0.0,0.0
2023-06-26 12:00:00+09:00,421.0,423.0,419.0,421.0,52909,0.0,0.0
2023-06-26 13:00:00+09:00,421.0,422.0,419.0,422.0,48329,0.0,0.0
2023-06-26 14:00:00+09:00,422.0,423.0,418.0,418.0,95787,0.0,0.0
2023-06-27 09:00:00+09:00,416.0,440.0,413.0,426.0,0,0.0,0.0
2023-06-27 10:00:00+09:00,426.0,427.0,420.0,426.0,92344,0.0,0.0
2023-06-27 11:00:00+09:00,426.0,426.0,421.0,426.0,10715,0.0,0.0
2023-06-27 12:00:00+09:00,425.0,425.0,417.0,419.0,38335,0.0,0.0
2023-06-27 13:00:00+09:00,419.0,425.0,419.0,423.0,20453,0.0,0.0
2023-06-27 14:00:00+09:00,422.0,422.0,419.0,419.0,32670,0.0,0.0
2023-06-28 09:00:00+09:00,417.0,424.0,414.0,420.0,0,0.0,0.0
2023-06-28 10:00:00+09:00,420.0,420.0,413.0,416.0,58842,0.0,0.0
2023-06-28 11:00:00+09:00,418.0,418.0,415.0,418.0,26028,0.0,0.0
2023-06-28 12:00:00+09:00,417.0,418.0,413.0,417.0,29585,0.0,0.0
2023-06-28 13:00:00+09:00,417.0,417.0,412.0,413.0,67664,0.0,0.0
2023-06-28 14:00:00+09:00,414.0,417.0,413.0,414.0,26226,0.0,0.0
2023-06-29 09:00:00+09:00,414.0,419.0,402.0,410.0,0,0.0,0.0
2023-06-29 10:00:00+09:00,410.0,412.0,403.0,408.0,58689,0.0,0.0
2023-06-29 11:00:00+09:00,408.0,409.0,403.0,406.0,39852,0.0,0.0
2023-06-29 12:00:00+09:00,406.0,409.0,403.0,405.0,33460,0.0,0.0
2023-06-29 13:00:00+09:00,407.0,409.0,403.0,405.0,37054,0.0,0.0
2023-06-29 14:00:00+09:00,408.0,408.0,404.0,406.0,19387,0.0,0.0
2023-06-30 09:00:00+09:00,407.0,408.0,401.0,406.0,100301,0.0,0.0
2023-06-30 10:00:00+09:00,406.0,413.0,403.0,413.0,32218,0.0,0.0
2023-06-30 11:00:00+09:00,410.0,413.0,404.0,406.0,47676,0.0,0.0
2023-06-30 12:00:00+09:00,408.0,409.0,403.0,407.0,29630,0.0,0.0
2023-06-30 13:00:00+09:00,405.0,406.0,404.0,406.0,5433,0.0,0.0
2023-06-30 14:00:00+09:00,407.0,408.0,403.0,406.0,31797,0.0,0.0
2023-07-03 09:00:00+09:00,423.0,423.0,412.0,415.0,0,0.0,0.0
2023-07-03 10:00:00+09:00,415.0,415.0,410.0,414.0,32693,0.0,0.0
2023-07-03 11:00:00+09:00,414.0,414.0,411.0,411.0,18516,0.0,0.0
2023-07-03 12:00:00+09:00,413.0,414.0,410.0,413.0,29068,0.0,0.0
2023-07-03 13:00:00+09:00,412.0,415.0,409.0,414.0,91045,0.0,0.0
2023-07-03 14:00:00+09:00,414.0,418.0,410.0,415.0,61961,0.0,0.0
2023-07-04 09:00:00+09:00,418.0,419.0,412.0,413.0,0,0.0,0.0
2023-07-04 10:00:00+09:00,412.0,413.0,401.0,403.0,92157,0.0,0.0
2023-07-04 11:00:00+09:00,404.0,408.0,401.0,406.0,42773,0.0,0.0
2023-07-04 12:00:00+09:00,406.0,408.0,404.0,407.0,11251,0.0,0.0
2023-07-04 13:00:00+09:00,408.0,409.0,407.0,409.0,13758,0.0,0.0
2023-07-04 14:00:00+09:00,408.0,412.0,408.0,409.0,14648,0.0,0.0
2023-07-05 09:00:00+09:00,414.0,414.0,403.0,407.0,64582,0.0,0.0
2023-07-05 10:00:00+09:00,407.0,455.0,403.0,424.0,708417,0.0,0.0
2023-07-05 11:00:00+09:00,424.0,426.0,414.0,415.0,115723,0.0,0.0
2023-07-05 12:00:00+09:00,415.0,418.0,405.0,408.0,182921,0.0,0.0
2023-07-05 13:00:00+09:00,409.0,410.0,407.0,408.0,30013,0.0,0.0
2023-07-05 14:00:00+09:00,408.0,411.0,407.0,409.0,33863,0.0,0.0
2023-07-06 09:00:00+09:00,406.0,416.0,405.0,409.0,107853,0.0,0.0
2023-07-06 10:00:00+09:00,408.0,408.0,403.0,406.0,29187,0.0,0.0
2023-07-06 11:00:00+09:00,406.0,408.0,403.0,406.0,30839,0.0,0.0
2023-07-06 12:00:00+09:00,406.0,439.0,404.0,428.0,417104,0.0,0.0
2023-07-06 13:00:00+09:00,428.0,447.0,419.0,434.0,1148434,0.0,0.0
2023-07-06 14:00:00+09:00,431.0,439.0,425.0,432.0,206191,0.0,0.0
2023-07-07 09:00:00+09:00,422.0,436.0,414.0,415.0,167286,0.0,0.0
2023-07-07 10:00:00+09:00,418.0,419.0,413.0,418.0,53157,0.0,0.0
2023-07-07 11:00:00+09:00,418.0,418.0,412.0,418.0,90670,0.0,0.0
2023-07-07 12:00:00+09:00,418.0,418.0,413.0,415.0,24098,0.0,0.0
2023-07-07 13:00:00+09:00,415.0,424.0,412.0,415.0,48953,0.0,0.0
2023-07-07 14:00:00+09:00,416.0,416.0,406.0,411.0,181775,0.0,0.0
2023-07-10 09:00:00+09:00,406.0,430.0,406.0,410.0,0,0.0,0.0
2023-07-10 10:00:00+09:00,412.0,414.0,406.0,413.0,97570,0.0,0.0
2023-07-10 11:00:00+09:00,411.0,413.0,408.0,410.0,16243,0.0,0.0
2023-07-10 12:00:00+09:00,410.0,414.0,410.0,412.0,26517,0.0,0.0
2023-07-10 13:00:00+09:00,411.0,416.0,411.0,416.0,15965,0.0,0.0
2023-07-10 14:00:00+09:00,415.0,416.0,414.0,416.0,12429,0.0,0.0
2023-07-11 09:00:00+09:00,415.0,427.0,415.0,416.0,92247,0.0,0.0
2023-07-11 10:00:00+09:00,416.0,418.0,413.0,416.0,26050,0.0,0.0
2023-07-11 11:00:00+09:00,413.0,418.0,413.0,415.0,24217,0.0,0.0
2023-07-11 12:00:00+09:00,416.0,417.0,414.0,416.0,11234,0.0,0.0
2023-07-11 13:00:00+09:00,416.0,416.0,413.0,413.0,9378,0.0,0.0
2023-07-11 14:00:00+09:00,416.0,416.0,413.0,413.0,4336,0.0,0.0
2023-07-12 09:00:00+09:00,419.0,419.0,409.0,411.0,54140,0.0,0.0
2023-07-12 10:00:00+09:00,411.0,415.0,411.0,414.0,11999,0.0,0.0
2023-07-12 11:00:00+09:00,413.0,413.0,407.0,409.0,43227,0.0,0.0
2023-07-12 12:00:00+09:00,411.0,411.0,407.0,409.0,62706,0.0,0.0
2023-07-12 13:00:00+09:00,409.0,409.0,407.0,409.0,38162,0.0,0.0
2023-07-12 14:00:00+09:00,409.0,412.0,409.0,410.0,21339,0.0,0.0
2023-07-13 09:00:00+09:00,410.0,416.0,410.0,413.0,30427,0.0,0.0
2023-07-13 10:00:00+09:00,413.0,414.0,411.0,414.0,20045,0.0,0.0
2023-07-13 11:00:00+09:00,414.0,414.0,411.0,413.0,14067,0.0,0.0
2023-07-13 12:00:00+09:00,411.0,413.0,410.0,412.0,27278,0.0,0.0
2023-07-13 13:00:00+09:00,411.0,413.0,410.0,412.0,6189,0.0,0.0
2023-07-13 14:00:00+09:00,412.0,412.0,409.0,409.0,52170,0.0,0.0
2023-07-14 09:00:00+09:00,409.0,417.0,405.0,406.0,0,0.0,0.0
2023-07-14 10:00:00+09:00,406.0,407.0,405.0,407.0,17533,0.0,0.0
2023-07-14 11:00:00+09:00,407.0,408.0,406.0,408.0,6240,0.0,0.0
2023-07-14 12:00:00+09:00,408.0,408.0,406.0,407.0,7202,0.0,0.0
2023-07-14 13:00:00+09:00,408.0,408.0,406.0,406.0,20561,0.0,0.0
2023-07-14 14:00:00+09:00,407.0,410.0,406.0,410.0,20743,0.0,0.0
2023-07-17 09:00:00+09:00,407.0,411.0,405.0,410.0,0,0.0,0.0
2023-07-17 10:00:00+09:00,408.0,410.0,407.0,410.0,41050,0.0,0.0
2023-07-17 11:00:00+09:00,410.0,410.0,408.0,410.0,1499,0.0,0.0
2023-07-17 12:00:00+09:00,410.0,410.0,410.0,410.0,8767,0.0,0.0
2023-07-17 13:00:00+09:00,410.0,415.0,409.0,409.0,90041,0.0,0.0
2023-07-17 14:00:00+09:00,409.0,413.0,407.0,409.0,8212,0.0,0.0
2023-07-18 09:00:00+09:00,410.0,414.0,407.0,409.0,59316,0.0,0.0
2023-07-18 10:00:00+09:00,409.0,411.0,407.0,411.0,7163,0.0,0.0
2023-07-18 11:00:00+09:00,408.0,410.0,407.0,409.0,12481,0.0,0.0
2023-07-18 12:00:00+09:00,410.0,410.0,407.0,407.0,0,0.0,0.0
2023-07-18 13:00:00+09:00,410.0,410.0,405.0,409.0,57797,0.0,0.0
2023-07-18 14:00:00+09:00,409.0,412.0,407.0,412.0,4442,0.0,0.0
2023-07-19 09:00:00+09:00,412.0,412.0,404.0,411.0,50217,0.0,0.0
2023-07-19 10:00:00+09:00,409.0,410.0,403.0,407.0,28397,0.0,0.0
2023-07-19 11:00:00+09:00,405.0,406.0,403.0,405.0,75557,0.0,0.0
2023-07-19 12:00:00+09:00,405.0,405.0,404.0,405.0,22976,0.0,0.0
2023-07-19 13:00:00+09:00,404.0,404.0,403.0,403.0,30212,0.0,0.0
2023-07-19 14:00:00+09:00,403.0,405.0,403.0,405.0,13530,0.0,0.0
2023-07-20 09:00:00+09:00,403.0,406.0,401.0,406.0,36153,0.0,0.0
2023-07-20 10:00:00+09:00,406.0,411.0,406.0,408.0,13487,0.0,0.0
2023-07-20 11:00:00+09:00,409.0,410.0,404.0,409.0,23272,0.0,0.0
2023-07-20 12:00:00+09:00,405.0,408.0,404.0,405.0,6922,0.0,0.0
2023-07-20 13:00:00+09:00,405.0,405.0,402.0,402.0,12912,0.0,0.0
2023-07-20 14:00:00+09:00,404.0,406.0,404.0,405.0,8935,0.0,0.0
2023-07-21 09:00:00+09:00,401.0,408.0,398.0,408.0,0,0.0,0.0
2023-07-21 10:00:00+09:00,407.0,410.0,402.0,402.0,76570,0.0,0.0
2023-07-21 11:00:00+09:00,403.0,405.0,403.0,405.0,468,0.0,0.0
2023-07-21 12:00:00+09:00,405.0,405.0,403.0,404.0,4885,0.0,0.0
2023-07-21 13:00:00+09:00,403.0,404.0,361.0,375.0,522052,0.0,0.0
2023-07-21 14:00:00+09:00,374.0,390.0,372.0,389.0,126648,0.0,0.0
2023-07-24 09:00:00+09:00,377.0,387.0,364.0,378.0,0,0.0,0.0
2023-07-24 10:00:00+09:00,377.0,378.0,370.0,378.0,77552,0.0,0.0
2023-07-24 11:00:00+09:00,378.0,396.0,368.0,388.0,202250,0.0,0.0
2023-07-24 12:00:00+09:00,387.0,439.0,384.0,394.0,3998860,0.0,0.0
2023-07-24 13:00:00+09:00,394.0,399.0,383.0,388.0,606740,0.0,0.0
2023-07-24 14:00:00+09:00,389.0,400.0,383.0,387.0,315027,0.0,0.0
2023-07-25 09:00:00+09:00,378.0,394.0,361.0,369.0,569645,0.0,0.0
2023-07-25 10:00:00+09:00,368.0,371.0,361.0,369.0,198129,0.0,0.0
2023-07-25 11:00:00+09:00,369.0,370.0,364.0,369.0,49200,0.0,0.0
2023-07-25 12:00:00+09:00,368.0,369.0,363.0,368.0,44468,0.0,0.0
2023-07-25 13:00:00+09:00,368.0,370.0,366.0,368.0,6917,0.0,0.0
2023-07-25 14:00:00+09:00,368.0,368.0,348.0,348.0,436834,0.0,0.0
2023-07-26 09:00:00+09:00,290.0,360.0,290.0,338.0,6909713,0.0,0.0
2023-07-26 10:00:00+09:00,336.0,345.0,307.0,317.0,2771178,0.0,0.0
2023-07-26 11:00:00+09:00,317.0,318.0,305.0,310.0,860429,0.0,0.0
2023-07-26 12:00:00+09:00,310.0,314.0,293.0,303.0,1810870,0.0,0.0
2023-07-26 13:00:00+09:00,305.0,309.0,286.0,301.0,1090052,0.0,0.0
2023-07-26 14:00:00+09:00,298.0,303.0,287.0,291.0,728608,0.0,0.0
2023-07-27 09:00:00+09:00,291.0,314.0,291.0,303.0,591564,0.0,0.0
2023-07-27 10:00:00+09:00,303.0,311.0,297.0,307.0,269943,0.0,0.0
2023-07-27 11:00:00+09:00,309.0,356.0,308.0,329.0,1922754,0.0,0.0
2023-07-27 12:00:00+09:00,331.0,340.0,312.0,322.0,1061344,0.0,0.0
2023-07-27 13:00:00+09:00,322.0,340.0,310.0,320.0,1224376,0.0,0.0
2023-07-27 14:00:00+09:00,320.0,321.0,315.0,319.0,233676,0.0,0.0
2023-07-28 09:00:00+09:00,326.0,330.0,309.0,310.0,579479,0.0,0.0
2023-07-28 10:00:00+09:00,310.0,318.0,306.0,316.0,144834,0.0,0.0
2023-07-28 11:00:00+09:00,317.0,318.0,312.0,314.0,17709,0.0,0.0
2023-07-28 12:00:00+09:00,314.0,317.0,313.0,315.0,34237,0.0,0.0
2023-07-28 13:00:00+09:00,315.0,316.0,310.0,313.0,71010,0.0,0.0
2023-07-28 14:00:00+09:00,312.0,313.0,310.0,312.0,58446,0.0,0.0
2023-07-31 09:00:00+09:00,312.0,318.0,309.0,317.0,0,0.0,0.0
2023-07-31 10:00:00+09:00,317.0,320.0,305.0,309.0,257790,0.0,0.0
2023-07-31 11:00:00+09:00,309.0,312.0,307.0,307.0,83163,0.0,0.0
2023-07-31 12:00:00+09:00,307.0,310.0,305.0,307.0,102523,0.0,0.0
2023-07-31 13:00:00+09:00,308.0,310.0,306.0,309.0,31251,0.0,0.0
2023-07-31 14:00:00+09:00,307.0,310.0,307.0,309.0,59256,0.0,0.0
2023-08-01 09:00:00+09:00,314.0,320.0,301.0,312.0,373602,0.0,0.0
2023-08-01 10:00:00+09:00,312.0,316.0,312.0,314.0,39748,0.0,0.0
2023-08-01 11:00:00+09:00,315.0,325.0,314.0,321.0,151490,0.0,0.0
2023-08-01 12:00:00+09:00,320.0,324.0,314.0,320.0,49830,0.0,0.0
2023-08-01 13:00:00+09:00,319.0,320.0,314.0,319.0,71282,0.0,0.0
2023-08-01 14:00:00+09:00,318.0,319.0,314.0,316.0,0,0.0,0.0
2023-08-02 09:00:00+09:00,318.0,325.0,317.0,318.0,111891,0.0,0.0
2023-08-02 10:00:00+09:00,318.0,338.0,318.0,332.0,278470,0.0,0.0
2023-08-02 11:00:00+09:00,332.0,332.0,319.0,322.0,105396,0.0,0.0
2023-08-02 12:00:00+09:00,322.0,322.0,320.0,320.0,10458,0.0,0.0
2023-08-02 13:00:00+09:00,321.0,321.0,318.0,319.0,40264,0.0,0.0
2023-08-02 14:00:00+09:00,319.0,325.0,319.0,325.0,43968,0.0,0.0
2023-08-03 09:00:00+09:00,323.0,323.0,314.0,316.0,95877,0.0,0.0
2023-08-03 10:00:00+09:00,317.0,318.0,314.0,314.0,105985,0.0,0.0
2023-08-03 11:00:00+09:00,316.0,318.0,314.0,318.0,30852,0.0,0.0
2023-08-03 12:00:00+09:00,317.0,318.0,315.0,315.0,63926,0.0,0.0
2023-08-03 13:00:00+09:00,316.0,317.0,315.0,317.0,7138,0.0,0.0
2023-08-03 14:00:00+09:00,316.0,317.0,313.0,316.0,161081,0.0,0.0
2023-08-04 09:00:00+09:00,317.0,317.0,313.0,315.0,115646,0.0,0.0
2023-08-04 10:00:00+09:00,315.0,323.0,314.0,317.0,50415,0.0,0.0
2023-08-04 11:00:00+09:00,317.0,320.0,313.0,320.0,85040,0.0,0.0
2023-08-04 12:00:00+09:00,318.0,319.0,309.0,315.0,59781,0.0,0.0
2023-08-04 13:00:00+09:00,315.0,318.0,313.0,318.0,62790,0.0,0.0
2023-08-04 14:00:00+09:00,318.0,322.0,317.0,319.0,61295,0.0,0.0
2023-08-07 09:00:00+09:00,330.0,330.0,322.0,328.0,0,0.0,0.0
2023-08-07 10:00:00+09:00,328.0,328.0,324.0,325.0,34148,0.0,0.0
2023-08-07 11:00:00+09:00,325.0,325.0,321.0,325.0,50820,0.0,0.0
2023-08-07 12:00:00+09:00,325.0,325.0,324.0,325.0,4608,0.0,0.0
2023-08-07 13:00:00+09:00,325.0,325.0,323.0,324.0,17047,0.0,0.0
2023-08-07 14:00:00+09:00,325.0,330.0,325.0,329.0,14692,0.0,0.0
2023-08-08 09:00:00+09:00,328.0,329.0,322.0,324.0,88246,0.0,0.0
2023-08-08 10:00:00+09:00,323.0,330.0,322.0,324.0,48799,0.0,0.0
2023-08-08 11:00:00+09:00,326.0,331.0,315.0,325.0,269372,0.0,0.0
2023-08-08 12:00:00+09:00,322.0,322.0,317.0,318.0,52690,0.0,0.0
2023-08-08 13:00:00+09:00,318.0,322.0,315.0,321.0,51530,0.0,0.0
2023-08-08 14:00:00+09:00,320.0,324.0,316.0,319.0,25636,0.0,0.0
2023-08-09 09:00:00+09:00,318.0,330.0,313.0,324.0,91249,0.0,0.0
2023-08-09 10:00:00+09:00,324.0,327.0,322.0,322.0,21797,0.0,0.0
2023-08-09 11:00:00+09:00,322.0,340.0,322.0,332.0,277181,0.0,0.0
2023-08-09 12:00:00+09:00,331.0,338.0,327.0,331.0,130911,0.0,0.0
2023-08-09 13:00:00+09:00,331.0,333.0,330.0,330.0,9117,0.0,0.0
2023-08-09 14:00:00+09:00,330.0,331.0,328.0,328.0,6576,0.0,0.0
2023-08-10 09:00:00+09:00,333.0,343.0,315.0,325.0,210394,0.0,0.0
2023-08-10 10:00:00+09:00,323.0,331.0,323.0,327.0,115303,0.0,0.0
2023-08-10 11:00:00+09:00,327.0,327.0,318.0,321.0,50739,0.0,0.0
2023-08-10 12:00:00+09:00,322.0,328.0,321.0,326.0,18769,0.0,0.0
2023-08-10 13:00:00+09:00,326.0,326.0,318.0,323.0,47646,0.0,0.0
2023-08-10 14:00:00+09:00,322.0,330.0,320.0,330.0,55961,0.0,0.0
2023-08-11 09:00:00+09:00,327.0,338.0,325.0,331.0,94460,0.0,0.0
2023-08-11 10:00:00+09:00,332.0,334.0,330.0,332.0,81074,0.0,0.0
2023-08-11 11:00:00+09:00,331.0,339.0,330.0,335.0,112215,0.0,0.0
2023-08-11 12:00:00+09:00,335.0,357.0,335.0,351.0,279936,0.0,0.0
2023-08-11 13:00:00+09:00,350.0,368.0,337.0,349.0,1093312,0.0,0.0
2023-08-11 14:00:00+09:00,349.0,350.0,345.0,349.0,82147,0.0,0.0
2023-08-14 09:00:00+09:00,353.0,397.0,353.0,362.0,0,0.0,0.0
2023-08-14 10:00:00+09:00,363.0,385.0,363.0,376.0,291451,0.0,0.0
2023-08-14 11:00:00+09:00,376.0,390.0,372.0,383.0,366110,0.0,0.0
2023-08-14 12:00:00+09:00,383.0,387.0,374.0,376.0,103894,0.0,0.0
2023-08-14 13:00:00+09:00,375.0,377.0,366.0,370.0,92491,0.0,0.0
2023-08-14 14:00:00+09:00,370.0,380.0,367.0,379.0,89827,0.0,0.0
2023-08-16 09:00:00+09:00,372.0,372.0,338.0,359.0,0,0.0,0.0
2023-08-16 10:00:00+09:00,360.0,367.0,355.0,364.0,95253,0.0,0.0
2023-08-16 11:00:00+09:00,362.0,363.0,348.0,349.0,71722,0.0,0.0
2023-08-16 12:00:00+09:00,349.0,358.0,349.0,353.0,26201,0.0,0.0
2023-08-16 13:00:00+09:00,351.0,358.0,351.0,353.0,32140,0.0,0.0
2023-08-16 14:00:00+09:00,352.0,359.0,350.0,351.0,37025,0.0,0.0
2023-08-17 09:00:00+09:00,356.0,356.0,340.0,346.0,127266,0.0,0.0
2023-08-17 10:00:00+09:00,346.0,358.0,340.0,355.0,77787,0.0,0.0
2023-08-17 11:00:00+09:00,353.0,356.0,349.0,356.0,1687,0.0,0.0
2023-08-17 12:00:00+09:00,356.0,356.0,351.0,352.0,12628,0.0,0.0
2023-08-17 13:00:00+09:00,351.0,354.0,346.0,350.0,8339,0.0,0.0
2023-08-17 14:00:00+09:00,346.0,356.0,343.0,353.0,35412,0.0,0.0
2023-08-18 09:00:00+09:00,351.0,351.0,342.0,347.0,0,0.0,0.0
2023-08-18 10:00:00+09:00,346.0,346.0,339.0,345.0,65255,0.0,0.0
2023-08-18 11:00:00+09:00,347.0,350.0,345.0,347.0,8336,0.0,0.0
2023-08-18 12:00:00+09:00,347.0,349.0,344.0,345.0,7913,0.0,0.0
2023-08-18 13:00:00+09:00,346.0,346.0,342.0,345.0,11137,0.0,0.0
2023-08-18 14:00:00+09:00,345.0,347.0,343.0,346.0,13013,0.0,0.0
2023-08-21 09:00:00+09:00,346.0,359.0,340.0,348.0,0,0.0,0.0
2023-08-21 10:00:00+09:00,350.0,352.0,345.0,350.0,6513,0.0,0.0
2023-08-21 11:00:00+09:00,349.0,353.0,349.0,349.0,7382,0.0,0.0
2023-08-21 12:00:00+09:00,349.0,349.0,339.0,340.0,56613,0.0,0.0
2023-08-21 13:00:00+09:00,341.0,343.0,340.0,343.0,17898,0.0,0.0
2023-08-21 14:00:00+09:00,342.0,343.0,341.0,343.0,15993,0.0,0.0
2023-08-22 09:00:00+09:00,347.0,353.0,336.0,343.0,75476,0.0,0.0
2023-08-22 10:00:00+09:00,340.0,342.0,336.0,340.0,61287,0.0,0.0
2023-08-22 11:00:00+09:00,340.0,344.0,337.0,344.0,17791,0.0,0.0
2023-08-22 12:00:00+09:00,343.0,345.0,341.0,343.0,5874,0.0,0.0
2023-08-22 13:00:00+09:00,343.0,344.0,341.0,343.0,41606,0.0,0.0
2023-08-22 14:00:00+09:00,341.0,341.0,333.0,336.0,142563,0.0,0.0
2023-08-23 09:00:00+09:00,340.0,340.0,323.0,326.0,0,0.0,0.0
2023-08-23 10:00:00+09:00,326.0,332.0,319.0,324.0,116285,0.0,0.0
2023-08-23 11:00:00+09:00,328.0,333.0,321.0,326.0,40756,0.0,0.0
2023-08-23 12:00:00+09:00,326.0,329.0,323.0,326.0,29557,0.0,0.0
2023-08-23 13:00:00+09:00,326.0,326.0,320.0,324.0,82156,0.0,0.0
2023-08-23 14:00:00+09:00,324.0,324.0,322.0,324.0,12228,0.0,0.0
2023-08-24 09:00:00+09:00,321.0,326.0,314.0,318.0,104923,0.0,0.0
2023-08-24 10:00:00+09:00,319.0,324.0,319.0,321.0,35689,0.0,0.0
2023-08-24 11:00:00+09:00,323.0,326.0,321.0,325.0,23854,0.0,0.0
2023-08-24 12:00:00+09:00,326.0,326.0,322.0,323.0,3430,0.0,0.0
2023-08-24 13:00:00+09:00,323.0,324.0,321.0,321.0,39611,0.0,0.0
2023-08-24 14:00:00+09:00,322.0,323.0,320.0,320.0,21439,0.0,0.0
2023-08-25 09:00:00+09:00,333.0,335.0,314.0,318.0,85839,0.0,0.0
2023-08-25 10:00:00+09:00,318.0,320.0,310.0,320.0,46957,0.0,0.0
2023-08-25 11:00:00+09:00,320.0,323.0,320.0,323.0,11534,0.0,0.0
2023-08-25 12:00:00+09:00,322.0,323.0,318.0,322.0,12739,0.0,0.0
2023-08-25 13:00:00+09:00,322.0,326.0,320.0,326.0,26835,0.0,0.0
2023-08-25 14:00:00+09:00,327.0,328.0,324.0,327.0,16970,0.0,0.0
2023-08-28 09:00:00+09:00,324.0,330.0,319.0,328.0,0,0.0,0.0
2023-08-28 10:00:00+09:00,328.0,332.0,325.0,330.0,40295,0.0,0.0
2023-08-28 11:00:00+09:00,330.0,330.0,327.0,330.0,2802,0.0,0.0
2023-08-28 12:00:00+09:00,330.0,330.0,328.0,329.0,6860,0.0,0.0
2023-08-28 13:00:00+09:00,329.0,330.0,327.0,330.0,22200,0.0,0.0
2023-08-28 14:00:00+09:00,330.0,337.0,329.0,333.0,92510,0.0,0.0
2023-08-29 09:00:00+09:00,333.0,344.0,333.0,338.0,38422,0.0,0.0
2023-08-29 10:00:00+09:00,339.0,341.0,334.0,338.0,37267,0.0,0.0
2023-08-29 11:00:00+09:00,339.0,339.0,336.0,337.0,13232,0.0,0.0
2023-08-29 12:00:00+09:00,337.0,337.0,334.0,334.0,14838,0.0,0.0
2023-08-29 13:00:00+09:00,335.0,336.0,333.0,336.0,16708,0.0,0.0
2023-08-29 14:00:00+09:00,336.0,336.0,334.0,336.0,1125,0.0,0.0
2023-08-30 09:00:00+09:00,338.0,341.0,335.0,337.0,25050,0.0,0.0
2023-08-30 10:00:00+09:00,340.0,340.0,333.0,335.0,10936,0.0,0.0
2023-08-30 11:00:00+09:00,335.0,337.0,333.0,336.0,7329,0.0,0.0
2023-08-30 12:00:00+09:00,335.0,336.0,332.0,332.0,19704,0.0,0.0
2023-08-30 13:00:00+09:00,333.0,334.0,331.0,334.0,15588,0.0,0.0
2023-08-30 14:00:00+09:00,333.0,336.0,333.0,334.0,15201,0.0,0.0
2023-08-31 09:00:00+09:00,340.0,340.0,331.0,334.0,34796,0.0,0.0
2023-08-31 10:00:00+09:00,333.0,339.0,331.0,339.0,8588,0.0,0.0
2023-08-31 11:00:00+09:00,337.0,344.0,336.0,338.0,13615,0.0,0.0
2023-08-31 12:00:00+09:00,338.0,338.0,335.0,336.0,4283,0.0,0.0
2023-08-31 13:00:00+09:00,336.0,337.0,334.0,334.0,7030,0.0,0.0
2023-08-31 14:00:00+09:00,333.0,334.0,330.0,330.0,30629,0.0,0.0
2023-09-01 09:00:00+09:00,330.0,331.0,328.0,330.0,57261,0.0,0.0
2023-09-01 10:00:00+09:00,331.0,332.0,328.0,330.0,16687,0.0,0.0
2023-09-01 11:00:00+09:00,331.0,332.0,327.0,327.0,58382,0.0,0.0
2023-09-01 12:00:00+09:00,328.0,329.0,327.0,327.0,15282,0.0,0.0
2023-09-01 13:00:00+09:00,329.0,332.0,329.0,332.0,4551,0.0,0.0
2023-09-01 14:00:00+09:00,331.0,332.0,329.0,331.0,272,0.0,0.0
2023-09-04 09:00:00+09:00,324.0,324.0,301.0,314.0,0,0.0,0.0
2023-09-04 10:00:00+09:00,313.0,314.0,308.0,309.0,108402,0.0,0.0
2023-09-04 11:00:00+09:00,311.0,312.0,306.0,312.0,31029,0.0,0.0
2023-09-04 12:00:00+09:00,310.0,314.0,309.0,313.0,20964,0.0,0.0
2023-09-04 13:00:00+09:00,314.0,316.0,313.0,314.0,3881,0.0,0.0
2023-09-04 14:00:00+09:00,315.0,318.0,311.0,313.0,39762,0.0,0.0
2023-09-05 09:00:00+09:00,316.0,324.0,316.0,316.0,68482,0.0,0.0
2023-09-05 10:00:00+09:00,315.0,322.0,314.0,319.0,9126,0.0,0.0
2023-09-05 11:00:00+09:00,319.0,324.0,319.0,319.0,6162,0.0,0.0
2023-09-05 12:00:00+09:00,323.0,325.0,320.0,322.0,24816,0.0,0.0
2023-09-05 13:00:00+09:00,322.0,323.0,320.0,323.0,3239,0.0,0.0
2023-09-05 14:00:00+09:00,323.0,326.0,322.0,326.0,11007,0.0,0.0
2023-09-06 09:00:00+09:00,330.0,337.0,325.0,326.0,53823,0.0,0.0
2023-09-06 10:00:00+09:00,327.0,333.0,327.0,330.0,4395,0.0,0.0
2023-09-06 11:00:00+09:00,330.0,334.0,329.0,332.0,13501,0.0,0.0
2023-09-06 12:00:00+09:00,331.0,342.0,331.0,337.0,86023,0.0,0.0
2023-09-06 13:00:00+09:00,337.0,341.0,335.0,336.0,35988,0.0,0.0
2023-09-06 14:00:00+09:00,336.0,336.0,330.0,333.0,33036,0.0,0.0
2023-09-07 09:00:00+09:00,332.0,340.0,332.0,336.0,89238,0.0,0.0
2023-09-07 10:00:00+09:00,335.0,338.0,331.0,331.0,63148,0.0,0.0
2023-09-07 11:00:00+09:00,332.0,333.0,327.0,328.0,35164,0.0,0.0
2023-09-07 12:00:00+09:00,328.0,335.0,328.0,333.0,11375,0.0,0.0
2023-09-07 13:00:00+09:00,333.0,334.0,332.0,334.0,4578,0.0,0.0
2023-09-07 14:00:00+09:00,334.0,335.0,331.0,334.0,14896,0.0,0.0
2023-09-08 09:00:00+09:00,331.0,341.0,326.0,337.0,114196,0.0,0.0
2023-09-08 10:00:00+09:00,337.0,354.0,336.0,347.0,284567,0.0,0.0
2023-09-08 11:00:00+09:00,347.0,348.0,342.0,342.0,51748,0.0,0.0
2023-09-08 12:00:00+09:00,342.0,344.0,340.0,341.0,30606,0.0,0.0
2023-09-08 13:00:00+09:00,341.0,358.0,340.0,357.0,160805,0.0,0.0
2023-09-08 14:00:00+09:00,356.0,365.0,347.0,351.0,575428,0.0,0.0
2023-09-11 09:00:00+09:00,353.0,360.0,350.0,352.0,0,0.0,0.0
2023-09-11 10:00:00+09:00,349.0,351.0,337.0,341.0,102397,0.0,0.0
2023-09-11 11:00:00+09:00,341.0,344.0,341.0,343.0,9438,0.0,0.0
2023-09-11 12:00:00+09:00,343.0,345.0,341.0,343.0,41134,0.0,0.0
2023-09-11 13:00:00+09:00,341.0,341.0,340.0,341.0,18732,0.0,0.0
2023-09-11 14:00:00+09:00,340.0,341.0,340.0,341.0,42518,0.0,0.0
2023-09-12 09:00:00+09:00,345.0,345.0,338.0,340.0,22364,0.0,0.0
2023-09-12 10:00:00+09:00,338.0,355.0,337.0,347.0,128980,0.0,0.0
2023-09-12 11:00:00+09:00,347.0,354.0,341.0,354.0,181333,0.0,0.0
2023-09-12 12:00:00+09:00,354.0,414.0,349.0,398.0,9827074,0.0,0.0
2023-09-12 13:00:00+09:00,400.0,401.0,351.0,371.0,4418437,0.0,0.0
2023-09-12 14:00:00+09:00,367.0,376.0,339.0,341.0,1625331,0.0,0.0
2023-09-13 09:00:00+09:00,331.0,338.0,323.0,331.0,423230,0.0,0.0
2023-09-13 10:00:00+09:00,331.0,335.0,325.0,334.0,232629,0.0,0.0
2023-09-13 11:00:00+09:00,333.0,336.0,330.0,331.0,102261,0.0,0.0
2023-09-13 12:00:00+09:00,333.0,333.0,324.0,328.0,230566,0.0,0.0
2023-09-13 13:00:00+09:00,328.0,329.0,325.0,327.0,156923,0.0,0.0
2023-09-13 14:00:00+09:00,327.0,329.0,325.0,327.0,42350,0.0,0.0
2023-09-14 09:00:00+09:00,324.0,328.0,316.0,317.0,265686,0.0,0.0
2023-09-14 10:00:00+09:00,317.0,322.0,315.0,318.0,307751,0.0,0.0
2023-09-14 11:00:00+09:00,318.0,319.0,317.0,318.0,73450,0.0,0.0
2023-09-14 12:00:00+09:00,319.0,320.0,316.0,319.0,54979,0.0,0.0
2023-09-14 13:00:00+09:00,318.0,320.0,316.0,317.0,41957,0.0,0.0
2023-09-14 14:00:00+09:00,317.0,318.0,316.0,317.0,72802,0.0,0.0
2023-09-15 09:00:00+09:00,327.0,327.0,316.0,321.0,89818,0.0,0.0
2023-09-15 10:00:00+09:00,323.0,358.0,323.0,348.0,1755679,0.0,0.0
2023-09-15 11:00:00+09:00,348.0,384.0,347.0,352.0,3756428,0.0,0.0
2023-09-15 12:00:00+09:00,351.0,363.0,343.0,347.0,1308233,0.0,0.0
2023-09-15 13:00:00+09:00,347.0,354.0,337.0,349.0,531592,0.0,0.0
2023-09-15 14:00:00+09:00,349.0,367.0,345.0,362.0,556652,0.0,0.0
2023-09-18 09:00:00+09:00,340.0,429.0,327.0,373.0,0,0.0,0.0
2023-09-18 10:00:00+09:00,373.0,387.0,369.0,377.0,952779,0.0,0.0
2023-09-18 11:00:00+09:00,380.0,389.0,369.0,386.0,801526,0.0,0.0
2023-09-18 12:00:00+09:00,385.0,388.0,376.0,383.0,648147,0.0,0.0
2023-09-18 13:00:00+09:00,383.0,404.0,379.0,382.0,2238860,0.0,0.0
2023-09-18 14:00:00+09:00,383.0,383.0,369.0,372.0,811976,0.0,0.0
2023-09-19 09:00:00+09:00,370.0,370.0,355.0,358.0,841069,0.0,0.0
2023-09-19 10:00:00+09:00,358.0,359.0,348.0,350.0,318294,0.0,0.0
2023-09-19 11:00:00+09:00,350.0,358.0,348.0,358.0,163994,0.0,0.0
2023-09-19 12:00:00+09:00,355.0,371.0,355.0,364.0,219908,0.0,0.0
2023-09-19 13:00:00+09:00,364.0,366.0,354.0,362.0,77235,0.0,0.0
2023-09-19 14:00:00+09:00,362.0,362.0,346.0,353.0,324888,0.0,0.0
2023-09-20 09:00:00+09:00,347.0,376.0,346.0,361.0,651382,0.0,0.0
2023-09-20 10:00:00+09:00,361.0,380.0,359.0,375.0,344849,0.0,0.0
2023-09-20 11:00:00+09:00,374.0,399.0,374.0,381.0,2688388,0.0,0.0
2023-09-20 12:00:00+09:00,381.0,387.0,362.0,368.0,821660,0.0,0.0
2023-09-20 13:00:00+09:00,367.0,377.0,359.0,360.0,467430,0.0,0.0
2023-09-20 14:00:00+09:00,360.0,371.0,358.0,365.0,239565,0.0,0.0
2023-09-21 09:00:00+09:00,375.0,393.0,366.0,366.0,552507,0.0,0.0
2023-09-21 10:00:00+09:00,366.0,371.0,360.0,367.0,270452,0.0,0.0
2023-09-21 11:00:00+09:00,367.0,370.0,362.0,362.0,67815,0.0,0.0
2023-09-21 12:00:00+09:00,362.0,366.0,360.0,366.0,131716,0.0,0.0
2023-09-21 13:00:00+09:00,364.0,366.0,361.0,363.0,63385,0.0,0.0
2023-09-21 14:00:00+09:00,364.0,364.0,362.0,363.0,80180,0.0,0.0
2023-09-22 09:00:00+09:00,357.0,373.0,356.0,368.0,281605,0.0,0.0
2023-09-22 10:00:00+09:00,370.0,385.0,368.0,379.0,380112,0.0,0.0
2023-09-22 11:00:00+09:00,380.0,381.0,362.0,367.0,0,0.0,0.0
2023-09-22 12:00:00+09:00,366.0,366.0,356.0,358.0,971418,0.0,0.0
2023-09-22 13:00:00+09:00,359.0,361.0,355.0,360.0,68334,0.0,0.0
2023-09-22 14:00:00+09:00,360.0,360.0,347.0,348.0,236847,0.0,0.0
2023-09-25 09:00:00+09:00,349.0,357.0,340.0,345.0,0,0.0,0.0
2023-09-25 10:00:00+09:00,344.0,347.0,330.0,334.0,145463,0.0,0.0
2023-09-25 11:00:00+09:00,333.0,335.0,326.0,330.0,222469,0.0,0.0
2023-09-25 12:00:00+09:00,330.0,333.0,325.0,330.0,83297,0.0,0.0
2023-09-25 13:00:00+09:00,328.0,351.0,327.0,341.0,95169,0.0,0.0
2023-09-25 14:00:00+09:00,341.0,346.0,334.0,342.0,18923,0.0,0.0
2023-09-26 09:00:00+09:00,336.0,336.0,303.0,318.0,272511,0.0,0.0
2023-09-26 10:00:00+09:00,318.0,322.0,314.0,315.0,147296,0.0,0.0
2023-09-26 11:00:00+09:00,316.0,327.0,315.0,323.0,202548,0.0,0.0
2023-09-26 12:00:00+09:00,323.0,326.0,322.0,322.0,42540,0.0,0.0
2023-09-26 13:00:00+09:00,322.0,322.0,317.0,322.0,16274,0.0,0.0
2023-09-26 14:00:00+09:00,319.0,322.0,315.0,318.0,55069,0.0,0.0
2023-09-27 09:00:00+09:00,316.0,330.0,316.0,322.0,148188,0.0,0.0
2023-09-27 10:00:00+09:00,321.0,321.0,307.0,316.0,174934,0.0,0.0
2023-09-27 11:00:00+09:00,316.0,317.0,314.0,317.0,33038,0.0,0.0
2023-09-27 12:00:00+09:00,317.0,318.0,315.0,316.0,32888,0.0,0.0
2023-09-27 13:00:00+09:00,316.0,318.0,315.0,317.0,23248,0.0,0.0
2023-09-27 14:00:00+09:00,317.0,321.0,315.0,320.0,31736,0.0,0.0
2023-10-04 09:00:00+09:00,326.0,326.0,305.0,312.0,0,0.0,0.0
2023-10-04 10:00:00+09:00,312.0,314.0,307.0,307.0,103848,0.0,0.0
2023-10-04 11:00:00+09:00,307.0,310.0,307.0,308.0,12682,0.0,0.0
2023-10-04 12:00:00+09:00,308.0,312.0,308.0,309.0,22349,0.0,0.0
2023-10-04 13:00:00+09:00,308.0,311.0,305.0,305.0,61136,0.0,0.0
2023-10-04 14:00:00+09:00,306.0,309.0,306.0,308.0,10791,0.0,0.0
2023-10-05 09:00:00+09:00,306.0,349.0,306.0,343.0,597486,0.0,0.0
2023-10-05 10:00:00+09:00,330.0,349.0,322.0,335.0,755697,0.0,0.0
2023-10-05 11:00:00+09:00,332.0,338.0,328.0,334.0,171150,0.0,0.0
2023-10-05 12:00:00+09:00,333.0,350.0,332.0,347.0,485956,0.0,0.0
2023-10-05 13:00:00+09:00,347.0,394.0,341.0,374.0,7351701,0.0,0.0
2023-10-05 14:00:00+09:00,374.0,379.0,351.0,353.0,2359345,0.0,0.0
2023-10-06 09:00:00+09:00,327.0,347.0,325.0,332.0,785458,0.0,0.0
2023-10-06 10:00:00+09:00,330.0,358.0,328.0,336.0,1091660,0.0,0.0
2023-10-06 11:00:00+09:00,337.0,347.0,330.0,336.0,665746,0.0,0.0
2023-10-06 12:00:00+09:00,335.0,336.0,331.0,332.0,266197,0.0,0.0
2023-10-06 13:00:00+09:00,333.0,336.0,330.0,333.0,188826,0.0,0.0
2023-10-06 14:00:00+09:00,333.0,335.0,331.0,331.0,102712,0.0,0.0
2023-10-10 09:00:00+09:00,335.0,390.0,321.0,377.0,0,0.0,0.0
2023-10-10 10:00:00+09:00,376.0,392.0,363.0,376.0,2593185,0.0,0.0
2023-10-10 11:00:00+09:00,377.0,383.0,365.0,370.0,1502881,0.0,0.0
2023-10-10 12:00:00+09:00,371.0,374.0,352.0,359.0,800549,0.0,0.0
2023-10-10 13:00:00+09:00,359.0,364.0,345.0,355.0,855538,0.0,0.0
2023-10-10 14:00:00+09:00,353.0,360.0,348.0,360.0,399649,0.0,0.0
2023-10-11 09:00:00+09:00,354.0,363.0,347.0,358.0,335044,0.0,0.0
2023-10-11 10:00:00+09:00,360.0,360.0,350.0,351.0,162427,0.0,0.0
2023-10-11 11:00:00+09:00,354.0,354.0,343.0,349.0,205777,0.0,0.0
2023-10-11 12:00:00+09:00,350.0,354.0,349.0,354.0,68285,0.0,0.0
2023-10-11 13:00:00+09:00,354.0,354.0,349.0,350.0,59892,0.0,0.0
2023-10-11 14:00:00+09:00,350.0,356.0,348.0,351.0,123807,0.0,0.0
2023-10-12 09:00:00+09:00,350.0,363.0,346.0,358.0,296476,0.0,0.0
2023-10-12 10:00:00+09:00,357.0,357.0,351.0,354.0,79984,0.0,0.0
2023-10-12 11:00:00+09:00,355.0,360.0,352.0,356.0,98723,0.0,0.0
2023-10-12 12:00:00+09:00,356.0,377.0,355.0,364.0,312771,0.0,0.0
2023-10-12 13:00:00+09:00,364.0,380.0,363.0,375.0,406959,0.0,0.0
2023-10-12 14:00:00+09:00,373.0,374.0,365.0,365.0,176126,0.0,0.0
2023-10-13 09:00:00+09:00,364.0,364.0,357.0,357.0,97955,0.0,0.0
2023-10-13 10:00:00+09:00,357.0,362.0,356.0,356.0,57519,0.0,0.0
2023-10-13 11:00:00+09:00,357.0,360.0,356.0,358.0,18059,0.0,0.0
2023-10-13 12:00:00+09:00,358.0,360.0,354.0,356.0,28823,0.0,0.0
2023-10-13 13:00:00+09:00,354.0,359.0,354.0,356.0,35823,0.0,0.0
2023-10-13 14:00:00+09:00,356.0,390.0,356.0,376.0,1041340,0.0,0.0
2023-10-16 09:00:00+09:00,379.0,415.0,377.0,396.0,1695229,0.0,0.0
2023-10-16 10:00:00+09:00,395.0,409.0,390.0,402.0,642664,0.0,0.0
2023-10-16 11:00:00+09:00,403.0,413.0,390.0,401.0,1051965,0.0,0.0
2023-10-16 12:00:00+09:00,400.0,430.0,398.0,419.0,2998004,0.0,0.0
2023-10-16 13:00:00+09:00,419.0,420.0,394.0,401.0,855378,0.0,0.0
2023-10-16 14:00:00+09:00,403.0,403.0,381.0,384.0,819725,0.0,0.0
2023-10-17 09:00:00+09:00,405.0,479.0,390.0,468.0,17385307,0.0,0.0
2023-10-17 10:00:00+09:00,464.0,465.0,432.0,447.0,6380245,0.0,0.0
2023-10-17 11:00:00+09:00,447.0,462.0,439.0,454.0,2894504,0.0,0.0
2023-10-17 12:00:00+09:00,451.0,460.0,446.0,452.0,1351691,0.0,0.0
2023-10-17 13:00:00+09:00,450.0,452.0,424.0,442.0,3660078,0.0,0.0
2023-10-17 14:00:00+09:00,440.0,449.0,415.0,417.0,2932401,0.0,0.0
2023-10-18 09:00:00+09:00,404.0,404.0,374.0,381.0,2056715,0.0,0.0
2023-10-18 10:00:00+09:00,380.0,380.0,361.0,374.0,990224,0.0,0.0
2023-10-18 11:00:00+09:00,373.0,387.0,365.0,368.0,692839,0.0,0.0
2023-10-18 12:00:00+09:00,368.0,369.0,360.0,364.0,409201,0.0,0.0
2023-10-18 13:00:00+09:00,364.0,367.0,361.0,365.0,179243,0.0,0.0
2023-10-18 14:00:00+09:00,365.0,370.0,364.0,365.0,443749,0.0,0.0
2023-10-19 09:00:00+09:00,355.0,389.0,344.0,356.0,1995323,0.0,0.0
2023-10-19 10:00:00+09:00,356.0,360.0,349.0,356.0,286170,0.0,0.0
2023-10-19 11:00:00+09:00,355.0,360.0,344.0,345.0,396680,0.0,0.0
2023-10-19 12:00:00+09:00,345.0,347.0,329.0,339.0,583397,0.0,0.0
2023-10-19 13:00:00+09:00,338.0,340.0,327.0,335.0,257121,0.0,0.0
2023-10-19 14:00:00+09:00,334.0,338.0,332.0,338.0,127395,0.0,0.0
2023-10-20 09:00:00+09:00,332.0,358.0,331.0,343.0,850303,0.0,0.0
2023-10-20 10:00:00+09:00,345.0,352.0,329.0,338.0,719981,0.0,0.0
2023-10-20 11:00:00+09:00,337.0,338.0,320.0,324.0,618555,0.0,0.0
2023-10-20 12:00:00+09:00,324.0,330.0,317.0,320.0,314888,0.0,0.0
2023-10-20 13:00:00+09:00,319.0,324.0,318.0,323.0,101810,0.0,0.0
2023-10-20 14:00:00+09:00,322.0,323.0,310.0,312.0,380942,0.0,0.0
2023-10-23 09:00:00+09:00,312.0,330.0,310.0,314.0,0,0.0,0.0
2023-10-23 10:00:00+09:00,313.0,319.0,312.0,319.0,69707,0.0,0.0
2023-10-23 11:00:00+09:00,319.0,319.0,314.0,315.0,83806,0.0,0.0
2023-10-23 12:00:00+09:00,315.0,316.0,312.0,315.0,114175,0.0,0.0
2023-10-23 13:00:00+09:00,315.0,315.0,310.0,311.0,97566,0.0,0.0
2023-10-23 14:00:00+09:00,312.0,318.0,309.0,316.0,108800,0.0,0.0
2023-10-24 09:00:00+09:00,313.0,323.0,304.0,305.0,298539,0.0,0.0
2023-10-24 10:00:00+09:00,305.0,306.0,291.0,296.0,643856,0.0,0.0
2023-10-24 11:00:00+09:00,296.0,299.0,293.0,296.0,184025,0.0,0.0
2023-10-24 12:00:00+09:00,298.0,300.0,294.0,297.0,61341,0.0,0.0
2023-10-24 13:00:00+09:00,299.0,310.0,297.0,310.0,103816,0.0,0.0
2023-10-24 14:00:00+09:00,311.0,314.0,305.0,311.0,164467,0.0,0.0
2023-10-25 09:00:00+09:00,320.0,345.0,313.0,328.0,1100190,0.0,0.0
2023-10-25 10:00:00+09:00,328.0,343.0,323.0,337.0,645268,0.0,0.0
2023-10-25 11:00:00+09:00,337.0,343.0,331.0,343.0,231841,0.0,0.0
2023-10-25 12:00:00+09:00,342.0,349.0,331.0,337.0,495580,0.0,0.0
2023-10-25 13:00:00+09:00,336.0,339.0,326.0,326.0,242199,0.0,0.0
2023-10-25 14:00:00+09:00,329.0,336.0,324.0,325.0,203219,0.0,0.0
2023-10-26 09:00:00+09:00,325.0,327.0,308.0,315.0,603588,0.0,0.0
2023-10-26 10:00:00+09:00,313.0,318.0,309.0,316.0,56458,0.0,0.0
2023-10-26 11:00:00+09:00,316.0,316.0,309.0,313.0,92523,0.0,0.0
2023-10-26 12:00:00+09:00,311.0,315.0,309.0,313.0,42957,0.0,0.0
2023-10-26 13:00:00+09:00,313.0,320.0,312.0,318.0,71471,0.0,0.0
2023-10-26 14:00:00+09:00,318.0,324.0,317.0,322.0,132241,0.0,0.0
2023-10-27 09:00:00+09:00,322.0,327.0,314.0,315.0,168882,0.0,0.0
2023-10-27 10:00:00+09:00,314.0,321.0,309.0,319.0,110859,0.0,0.0
2023-10-27 11:00:00+09:00,319.0,319.0,312.0,316.0,30538,0.0,0.0
2023-10-27 12:00:00+09:00,313.0,317.0,313.0,317.0,12210,0.0,0.0
2023-10-27 13:00:00+09:00,317.0,319.0,314.0,319.0,50027,0.0,0.0
2023-10-27 14:00:00+09:00,319.0,320.0,315.0,317.0,45125,0.0,0.0
2023-10-30 09:00:00+09:00,312.0,326.0,312.0,323.0,0,0.0,0.0
2023-10-30 10:00:00+09:00,322.0,322.0,317.0,322.0,60664,0.0,0.0
2023-10-30 11:00:00+09:00,321.0,329.0,319.0,327.0,204293,0.0,0.0
2023-10-30 12:00:00+09:00,328.0,335.0,324.0,325.0,139764,0.0,0.0
2023-10-30 13:00:00+09:00,326.0,329.0,323.0,327.0,45442,0.0,0.0
2023-10-30 14:00:00+09:00,325.0,331.0,324.0,328.0,52346,0.0,0.0
2023-10-31 09:00:00+09:00,319.0,325.0,318.0,320.0,170585,0.0,0.0
2023-10-31 10:00:00+09:00,320.0,321.0,316.0,317.0,133823,0.0,0.0
2023-10-31 11:00:00+09:00,316.0,322.0,308.0,308.0,228531,0.0,0.0
2023-10-31 12:00:00+09:00,309.0,313.0,307.0,309.0,55853,0.0,0.0
2023-10-31 13:00:00+09:00,309.0,319.0,309.0,310.0,42104,0.0,0.0
2023-10-31 14:00:00+09:00,310.0,317.0,310.0,314.0,19837,0.0,0.0
2023-11-01 09:00:00+09:00,312.0,319.0,312.0,318.0,146827,0.0,0.0
2023-11-01 10:00:00+09:00,318.0,318.0,313.0,315.0,60435,0.0,0.0
2023-11-01 11:00:00+09:00,315.0,317.0,313.0,316.0,25124,0.0,0.0
2023-11-01 12:00:00+09:00,316.0,318.0,315.0,318.0,40186,0.0,0.0
2023-11-01 13:00:00+09:00,318.0,319.0,312.0,316.0,88156,0.0,0.0
2023-11-01 14:00:00+09:00,316.0,316.0,313.0,315.0,10264,0.0,0.0
2023-11-02 09:00:00+09:00,314.0,319.0,308.0,311.0,274718,0.0,0.0
2023-11-02 10:00:00+09:00,313.0,314.0,308.0,312.0,74091,0.0,0.0
2023-11-02 11:00:00+09:00,312.0,312.0,306.0,308.0,106902,0.0,0.0
2023-11-02 12:00:00+09:00,308.0,310.0,306.0,310.0,17948,0.0,0.0
2023-11-02 13:00:00+09:00,310.0,310.0,308.0,310.0,30291,0.0,0.0
2023-11-02 14:00:00+09:00,310.0,312.0,308.0,311.0,104000,0.0,0.0
2023-11-03 09:00:00+09:00,318.0,318.0,310.0,311.0,85205,0.0,0.0
2023-11-03 10:00:00+09:00,312.0,313.0,310.0,312.0,41523,0.0,0.0
2023-11-03 11:00:00+09:00,312.0,313.0,310.0,313.0,19882,0.0,0.0
2023-11-03 12:00:00+09:00,312.0,320.0,310.0,316.0,123973,0.0,0.0
2023-11-03 13:00:00+09:00,317.0,317.0,313.0,315.0,47644,0.0,0.0
2023-11-03 14:00:00+09:00,315.0,315.0,312.0,315.0,23193,0.0,0.0
2023-11-06 09:00:00+09:00,315.0,318.0,308.0,314.0,0,0.0,0.0
2023-11-06 10:00:00+09:00,311.0,323.0,311.0,320.0,262255,0.0,0.0
2023-11-06 11:00:00+09:00,320.0,323.0,317.0,323.0,43511,0.0,0.0
2023-11-06 12:00:00+09:00,323.0,324.0,319.0,321.0,84265,0.0,0.0
2023-11-06 13:00:00+09:00,321.0,322.0,320.0,321.0,27859,0.0,0.0
2023-11-06 14:00:00+09:00,322.0,324.0,320.0,323.0,92889,0.0,0.0
2023-11-07 09:00:00+09:00,324.0,325.0,317.0,319.0,59497,0.0,0.0
2023-11-07 10:00:00+09:00,319.0,322.0,316.0,319.0,82594,0.0,0.0
2023-11-07 11:00:00+09:00,318.0,320.0,314.0,318.0,84159,0.0,0.0
2023-11-07 12:00:00+09:00,317.0,318.0,311.0,315.0,119156,0.0,0.0
2023-11-07 13:00:00+09:00,315.0,316.0,313.0,316.0,21750,0.0,0.0
2023-11-07 14:00:00+09:00,316.0,316.0,313.0,316.0,27823,0.0,0.0
2023-11-08 09:00:00+09:00,316.0,318.0,312.0,316.0,183967,0.0,0.0
2023-11-08 10:00:00+09:00,316.0,324.0,315.0,324.0,114560,0.0,0.0
2023-11-08 11:00:00+09:00,324.0,324.0,319.0,321.0,31360,0.0,0.0
2023-11-08 12:00:00+09:00,320.0,322.0,319.0,321.0,62886,0.0,0.0
2023-11-08 13:00:00+09:00,321.0,321.0,318.0,320.0,22509,0.0,0.0
2023-11-08 14:00:00+09:00,318.0,320.0,315.0,317.0,52294,0.0,0.0
2023-11-09 09:00:00+09:00,325.0,325.0,303.0,313.0,275713,0.0,0.0
2023-11-09 10:00:00+09:00,311.0,312.0,309.0,312.0,21116,0.0,0.0
2023-11-09 11:00:00+09:00,312.0,314.0,311.0,314.0,29098,0.0,0.0
2023-11-09 12:00:00+09:00,314.0,314.0,309.0,310.0,25189,0.0,0.0
2023-11-09 13:00:00+09:00,309.0,313.0,308.0,312.0,30839,0.0,0.0
2023-11-09 14:00:00+09:00,311.0,312.0,308.0,312.0,62881,0.0,0.0
2023-11-10 09:00:00+09:00,311.0,312.0,307.0,309.0,87453,0.0,0.0
2023-11-10 10:00:00+09:00,308.0,309.0,301.0,306.0,115978,0.0,0.0
2023-11-10 11:00:00+09:00,307.0,307.0,303.0,304.0,56931,0.0,0.0
2023-11-10 12:00:00+09:00,304.0,306.0,303.0,305.0,14476,0.0,0.0
2023-11-10 13:00:00+09:00,305.0,306.0,304.0,306.0,10584,0.0,0.0
2023-11-10 14:00:00+09:00,306.0,307.0,304.0,307.0,27566,0.0,0.0
2023-11-13 09:00:00+09:00,309.0,316.0,308.0,311.0,0,0.0,0.0
2023-11-13 10:00:00+09:00,311.0,311.0,305.0,306.0,20983,0.0,0.0
2023-11-13 11:00:00+09:00,307.0,308.0,306.0,307.0,11427,0.0,0.0
2023-11-13 12:00:00+09:00,307.0,307.0,304.0,305.0,43306,0.0,0.0
2023-11-13 13:00:00+09:00,305.0,306.0,303.0,304.0,30585,0.0,0.0
2023-11-13 14:00:00+09:00,304.0,304.0,300.0,302.0,64087,0.0,0.0
2023-11-14 09:00:00+09:00,302.0,326.0,302.0,317.0,498846,0.0,0.0
2023-11-14 10:00:00+09:00,317.0,320.0,307.0,312.0,373685,0.0,0.0
2023-11-14 11:00:00+09:00,312.0,329.0,308.0,322.0,275329,0.0,0.0
2023-11-14 12:00:00+09:00,320.0,324.0,301.0,316.0,433082,0.0,0.0
2023-11-14 13:00:00+09:00,316.0,319.0,313.0,316.0,29636,0.0,0.0
2023-11-14 14:00:00+09:00,314.0,315.0,312.0,314.0,79831,0.0,0.0
2023-11-15 09:00:00+09:00,323.0,324.0,316.0,319.0,227246,0.0,0.0
2023-11-15 10:00:00+09:00,319.0,321.0,316.0,321.0,73008,0.0,0.0
2023-11-15 11:00:00+09:00,321.0,321.0,318.0,318.0,29512,0.0,0.0
2023-11-15 12:00:00+09:00,318.0,320.0,317.0,320.0,15779,0.0,0.0
2023-11-15 13:00:00+09:00,318.0,320.0,316.0,317.0,49146,0.0,0.0
2023-11-15 14:00:00+09:00,319.0,321.0,317.0,321.0,83983,0.0,0.0
2023-11-16 10:00:00+09:00,322.0,331.0,317.0,321.0,187427,0.0,0.0
2023-11-16 11:00:00+09:00,321.0,322.0,320.0,322.0,10500,0.0,0.0
2023-11-16 12:00:00+09:00,322.0,322.0,321.0,322.0,12161,0.0,0.0
2023-11-16 13:00:00+09:00,322.0,322.0,318.0,322.0,33540,0.0,0.0
2023-11-16 14:00:00+09:00,321.0,321.0,317.0,321.0,18014,0.0,0.0
2023-11-17 09:00:00+09:00,316.0,320.0,315.0,317.0,107533,0.0,0.0
2023-11-17 10:00:00+09:00,316.0,318.0,314.0,318.0,75269,0.0,0.0
2023-11-17 11:00:00+09:00,317.0,318.0,316.0,318.0,4890,0.0,0.0
2023-11-17 12:00:00+09:00,318.0,318.0,316.0,317.0,9964,0.0,0.0
2023-11-17 13:00:00+09:00,317.0,317.0,315.0,317.0,10007,0.0,0.0
2023-11-17 14:00:00+09:00,317.0,317.0,314.0,315.0,32160,0.0,0.0
2023-11-20 09:00:00+09:00,318.0,321.0,315.0,319.0,0,0.0,0.0
2023-11-20 10:00:00+09:00,319.0,319.0,316.0,318.0,23953,0.0,0.0
2023-11-20 11:00:00+09:00,318.0,318.0,314.0,317.0,91542,0.0,0.0
2023-11-20 12:00:00+09:00,317.0,317.0,315.0,316.0,70110,0.0,0.0
2023-11-20 13:00:00+09:00,318.0,318.0,315.0,318.0,42473,0.0,0.0
2023-11-20 14:00:00+09:00,317.0,325.0,316.0,322.0,271364,0.0,0.0
2023-11-21 09:00:00+09:00,322.0,322.0,316.0,316.0,107135,0.0,0.0
2023-11-21 10:00:00+09:00,319.0,321.0,319.0,321.0,3648,0.0,0.0
2023-11-21 11:00:00+09:00,321.0,322.0,319.0,321.0,12238,0.0,0.0
2023-11-21 12:00:00+09:00,319.0,322.0,318.0,322.0,13404,0.0,0.0
2023-11-21 13:00:00+09:00,320.0,321.0,318.0,320.0,28794,0.0,0.0
2023-11-21 14:00:00+09:00,319.0,320.0,315.0,318.0,71771,0.0,0.0
2023-11-22 09:00:00+09:00,318.0,318.0,312.0,315.0,100962,0.0,0.0
2023-11-22 10:00:00+09:00,315.0,319.0,314.0,317.0,125826,0.0,0.0
2023-11-22 11:00:00+09:00,317.0,323.0,316.0,320.0,57063,0.0,0.0
2023-11-22 12:00:00+09:00,320.0,320.0,317.0,319.0,10961,0.0,0.0
2023-11-22 13:00:00+09:00,319.0,320.0,317.0,320.0,14624,0.0,0.0
2023-11-22 14:00:00+09:00,319.0,321.0,319.0,321.0,4045,0.0,0.0
2023-11-23 09:00:00+09:00,321.0,321.0,315.0,317.0,53640,0.0,0.0
2023-11-23 10:00:00+09:00,317.0,319.0,314.0,317.0,70530,0.0,0.0
2023-11-23 11:00:00+09:00,318.0,318.0,316.0,317.0,25307,0.0,0.0
2023-11-23 12:00:00+09:00,317.0,318.0,316.0,317.0,7645,0.0,0.0
2023-11-23 13:00:00+09:00,316.0,317.0,316.0,317.0,28207,0.0,0.0
2023-11-23 14:00:00+09:00,317.0,317.0,315.0,316.0,22802,0.0,0.0
2023-11-24 09:00:00+09:00,315.0,353.0,315.0,319.0,2929788,0.0,0.0
2023-11-24 10:00:00+09:00,320.0,323.0,318.0,320.0,235356,0.0,0.0
2023-11-24 11:00:00+09:00,319.0,319.0,316.0,317.0,79362,0.0,0.0
2023-11-24 12:00:00+09:00,317.0,318.0,316.0,316.0,57525,0.0,0.0
2023-11-24 13:00:00+09:00,317.0,319.0,315.0,319.0,50281,0.0,0.0
2023-11-24 14:00:00+09:00,317.0,318.0,314.0,314.0,94170,0.0,0.0
2023-11-27 09:00:00+09:00,309.0,313.0,306.0,307.0,0,0.0,0.0
2023-11-27 10:00:00+09:00,307.0,310.0,306.0,308.0,127281,0.0,0.0
2023-11-27 11:00:00+09:00,308.0,310.0,307.0,308.0,46472,0.0,0.0
2023-11-27 12:00:00+09:00,308.0,308.0,306.0,308.0,41979,0.0,0.0
2023-11-27 13:00:00+09:00,309.0,309.0,306.0,306.0,34282,0.0,0.0
2023-11-27 14:00:00+09:00,306.0,309.0,305.0,307.0,56867,0.0,0.0
2023-11-28 09:00:00+09:00,306.0,309.0,304.0,305.0,68924,0.0,0.0
2023-11-28 10:00:00+09:00,304.0,305.0,301.0,303.0,199780,0.0,0.0
2023-11-28 11:00:00+09:00,304.0,304.0,302.0,304.0,9127,0.0,0.0
2023-11-28 12:00:00+09:00,303.0,304.0,302.0,304.0,57904,0.0,0.0
2023-11-28 13:00:00+09:00,303.0,303.0,301.0,302.0,53997,0.0,0.0
2023-11-28 14:00:00+09:00,302.0,304.0,301.0,304.0,27922,0.0,0.0
2023-11-29 09:00:00+09:00,302.0,309.0,302.0,307.0,144044,0.0,0.0
2023-11-29 10:00:00+09:00,307.0,307.0,305.0,305.0,19383,0.0,0.0
2023-11-29 11:00:00+09:00,306.0,306.0,304.0,305.0,42529,0.0,0.0
2023-11-29 12:00:00+09:00,305.0,305.0,304.0,305.0,5275,0.0,0.0
2023-11-29 13:00:00+09:00,305.0,309.0,305.0,307.0,65433,0.0,0.0
2023-11-29 14:00:00+09:00,305.0,305.0,301.0,302.0,147464,0.0,0.0
2023-11-30 09:00:00+09:00,299.0,305.0,298.0,301.0,137598,0.0,0.0
2023-11-30 10:00:00+09:00,301.0,302.0,300.0,301.0,17907,0.0,0.0
2023-11-30 11:00:00+09:00,300.0,303.0,300.0,303.0,59019,0.0,0.0
2023-11-30 12:00:00+09:00,302.0,303.0,302.0,303.0,0,0.0,0.0
2023-11-30 13:00:00+09:00,303.0,304.0,302.0,303.0,10143,0.0,0.0
2023-11-30 14:00:00+09:00,303.0,303.0,300.0,301.0,30943,0.0,0.0
2023-12-01 09:00:00+09:00,304.0,305.0,298.0,300.0,83436,0.0,0.0
2023-12-01 10:00:00+09:00,300.0,306.0,300.0,305.0,52074,0.0,0.0
2023-12-01 11:00:00+09:00,305.0,305.0,301.0,302.0,32344,0.0,0.0
2023-12-01 12:00:00+09:00,303.0,306.0,303.0,305.0,0,0.0,0.0
2023-12-01 13:00:00+09:00,304.0,305.0,303.0,304.0,4142,0.0,0.0
2023-12-01 14:00:00+09:00,303.0,303.0,300.0,301.0,20239,0.0,0.0
2023-12-04 09:00:00+09:00,301.0,301.0,294.0,298.0,0,0.0,0.0
2023-12-04 10:00:00+09:00,298.0,299.0,296.0,298.0,24835,0.0,0.0
2023-12-04 11:00:00+09:00,298.0,299.0,295.0,298.0,58825,0.0,0.0
2023-12-04 12:00:00+09:00,298.0,298.0,295.0,298.0,38190,0.0,0.0
2023-12-04 13:00:00+09:00,298.0,298.0,295.0,296.0,25392,0.0,0.0
2023-12-04 14:00:00+09:00,297.0,298.0,295.0,298.0,64763,0.0,0.0
2023-12-05 09:00:00+09:00,295.0,295.0,293.0,294.0,44186,0.0,0.0
2023-12-05 10:00:00+09:00,294.0,295.0,292.0,295.0,17769,0.0,0.0
2023-12-05 11:00:00+09:00,295.0,295.0,292.0,294.0,18827,0.0,0.0
2023-12-05 12:00:00+09:00,294.0,294.0,292.0,293.0,8875,0.0,0.0
2023-12-05 13:00:00+09:00,294.0,295.0,293.0,294.0,15288,0.0,0.0
2023-12-05 14:00:00+09:00,294.0,295.0,287.0,290.0,141353,0.0,0.0
2023-12-06 09:00:00+09:00,289.0,293.0,283.0,291.0,73952,0.0,0.0
2023-12-06 10:00:00+09:00,293.0,294.0,290.0,292.0,26976,0.0,0.0
2023-12-06 11:00:00+09:00,291.0,294.0,290.0,293.0,16799,0.0,0.0
2023-12-06 12:00:00+09:00,291.0,294.0,290.0,293.0,34267,0.0,0.0
2023-12-06 13:00:00+09:00,294.0,294.0,289.0,289.0,57807,0.0,0.0
2023-12-06 14:00:00+09:00,289.0,294.0,289.0,294.0,66464,0.0,0.0
2023-12-07 09:00:00+09:00,300.0,300.0,293.0,297.0,66539,0.0,0.0
2023-12-07 10:00:00+09:00,297.0,297.0,295.0,297.0,23180,0.0,0.0
2023-12-07 11:00:00+09:00,298.0,299.0,295.0,296.0,6820,0.0,0.0
2023-12-07 12:00:00+09:00,296.0,299.0,295.0,298.0,22518,0.0,0.0
2023-12-07 13:00:00+09:00,298.0,298.0,295.0,295.0,17040,0.0,0.0
2023-12-07 14:00:00+09:00,295.0,296.0,293.0,294.0,20243,0.0,0.0
2023-12-08 09:00:00+09:00,290.0,294.0,290.0,294.0,36668,0.0,0.0
2023-12-08 10:00:00+09:00,294.0,298.0,293.0,296.0,66740,0.0,0.0
2023-12-08 11:00:00+09:00,294.0,296.0,294.0,295.0,9235,0.0,0.0
2023-12-08 12:00:00+09:00,295.0,295.0,293.0,293.0,9374,0.0,0.0
2023-12-08 13:00:00+09:00,293.0,295.0,293.0,295.0,11165,0.0,0.0
2023-12-08 14:00:00+09:00,294.0,295.0,294.0,295.0,0,0.0,0.0
2023-12-11 09:00:00+09:00,294.0,307.0,294.0,303.0,0,0.0,0.0
2023-12-11 10:00:00+09:00,303.0,304.0,298.0,301.0,38634,0.0,0.0
2023-12-11 11:00:00+09:00,301.0,302.0,299.0,299.0,34881,0.0,0.0
2023-12-11 12:00:00+09:00,299.0,301.0,294.0,300.0,45495,0.0,0.0
2023-12-11 13:00:00+09:00,298.0,299.0,295.0,296.0,9188,0.0,0.0
2023-12-11 14:00:00+09:00,296.0,299.0,291.0,294.0,50286,0.0,0.0
2023-12-12 09:00:00+09:00,293.0,305.0,288.0,300.0,117767,0.0,0.0
2023-12-12 10:00:00+09:00,300.0,300.0,289.0,293.0,38122,0.0,0.0
2023-12-12 11:00:00+09:00,293.0,294.0,292.0,294.0,4354,0.0,0.0
2023-12-12 12:00:00+09:00,294.0,294.0,292.0,293.0,9801,0.0,0.0
2023-12-12 13:00:00+09:00,292.0,294.0,289.0,293.0,8993,0.0,0.0
2023-12-12 14:00:00+09:00,293.0,295.0,293.0,293.0,6380,0.0,0.0
2023-12-13 09:00:00+09:00,295.0,295.0,293.0,294.0,21349,0.0,0.0
2023-12-13 10:00:00+09:00,294.0,294.0,290.0,291.0,19314,0.0,0.0
2023-12-13 11:00:00+09:00,291.0,293.0,291.0,292.0,6036,0.0,0.0
2023-12-13 12:00:00+09:00,293.0,293.0,292.0,292.0,4332,0.0,0.0
2023-12-13 13:00:00+09:00,292.0,293.0,289.0,292.0,11761,0.0,0.0
2023-12-13 14:00:00+09:00,290.0,293.0,287.0,290.0,25234,0.0,0.0
2023-12-14 09:00:00+09:00,291.0,297.0,288.0,293.0,84009,0.0,0.0
2023-12-14 10:00:00+09:00,293.0,293.0,286.0,286.0,65445,0.0,0.0
2023-12-14 11:00:00+09:00,287.0,289.0,285.0,289.0,26010,0.0,0.0
2023-12-14 12:00:00+09:00,289.0,289.0,285.0,289.0,7692,0.0,0.0
2023-12-14 13:00:00+09:00,288.0,290.0,281.0,281.0,46053,0.0,0.0
2023-12-14 14:00:00+09:00,287.0,287.0,280.0,285.0,49858,0.0,0.0
2023-12-15 09:00:00+09:00,287.0,290.0,280.0,287.0,21643,0.0,0.0
2023-12-15 10:00:00+09:00,287.0,287.0,280.0,282.0,51212,0.0,0.0
2023-12-15 11:00:00+09:00,282.0,285.0,282.0,285.0,17884,0.0,0.0
2023-12-15 12:00:00+09:00,285.0,285.0,282.0,285.0,10771,0.0,0.0
2023-12-15 13:00:00+09:00,284.0,285.0,280.0,284.0,35325,0.0,0.0
2023-12-15 14:00:00+09:00,283.0,284.0,277.0,281.0,21569,0.0,0.0
2023-12-18 09:00:00+09:00,286.0,287.0,284.0,285.0,0,0.0,0.0
2023-12-18 10:00:00+09:00,286.0,287.0,284.0,286.0,15782,0.0,0.0
2023-12-18 11:00:00+09:00,286.0,286.0,284.0,285.0,58238,0.0,0.0
2023-12-18 12:00:00+09:00,285.0,285.0,284.0,285.0,13424,0.0,0.0
2023-12-18 13:00:00+09:00,285.0,286.0,284.0,286.0,33144,0.0,0.0
2023-12-18 14:00:00+09:00,286.0,286.0,285.0,285.0,12588,0.0,0.0
2023-12-19 09:00:00+09:00,285.0,286.0,278.0,281.0,87772,0.0,0.0
2023-12-19 10:00:00+09:00,281.0,293.0,281.0,290.0,116576,0.0,0.0
2023-12-19 11:00:00+09:00,290.0,290.0,284.0,287.0,33532,0.0,0.0
2023-12-19 12:00:00+09:00,287.0,288.0,286.0,288.0,8731,0.0,0.0
2023-12-19 13:00:00+09:00,288.0,291.0,287.0,288.0,36208,0.0,0.0
2023-12-19 14:00:00+09:00,288.0,289.0,284.0,289.0,9968,0.0,0.0
2023-12-20 09:00:00+09:00,290.0,293.0,289.0,292.0,55845,0.0,0.0
2023-12-20 10:00:00+09:00,290.0,292.0,290.0,292.0,14292,0.0,0.0
2023-12-20 11:00:00+09:00,292.0,295.0,290.0,295.0,40159,0.0,0.0
2023-12-20 12:00:00+09:00,295.0,295.0,293.0,293.0,6831,0.0,0.0
2023-12-20 13:00:00+09:00,293.0,295.0,293.0,294.0,6082,0.0,0.0
2023-12-20 14:00:00+09:00,293.0,295.0,289.0,291.0,45974,0.0,0.0
2023-12-21 09:00:00+09:00,288.0,290.0,281.0,286.0,160261,0.0,0.0
2023-12-21 10:00:00+09:00,285.0,286.0,282.0,285.0,69942,0.0,0.0
2023-12-21 11:00:00+09:00,285.0,286.0,280.0,286.0,78107,0.0,0.0
2023-12-21 12:00:00+09:00,283.0,286.0,282.0,285.0,20268,0.0,0.0
2023-12-21 13:00:00+09:00,282.0,283.0,282.0,282.0,9443,0.0,0.0
2023-12-21 14:00:00+09:00,282.0,282.0,279.0,280.0,87916,0.0,0.0
2023-12-22 09:00:00+09:00,280.0,290.0,277.0,283.0,55338,0.0,0.0
2023-12-22 10:00:00+09:00,283.0,284.0,270.0,277.0,170321,0.0,0.0
2023-12-22 11:00:00+09:00,277.0,280.0,277.0,279.0,8784,0.0,0.0
2023-12-22 12:00:00+09:00,278.0,279.0,276.0,276.0,17798,0.0,0.0
2023-12-22 13:00:00+09:00,276.0,277.0,275.0,277.0,12392,0.0,0.0
2023-12-22 14:00:00+09:00,277.0,277.0,268.0,270.0,208688,0.0,0.0
2023-12-26 09:00:00+09:00,272.0,272.0,261.0,266.0,0,0.0,0.0
2023-12-26 10:00:00+09:00,266.0,266.0,252.0,258.0,167394,0.0,0.0
2023-12-26 11:00:00+09:00,258.0,261.0,258.0,259.0,24080,0.0,0.0
2023-12-26 12:00:00+09:00,258.0,258.0,253.0,254.0,59435,0.0,0.0
2023-12-26 13:00:00+09:00,255.0,263.0,254.0,263.0,246696,0.0,0.0
2023-12-26 14:00:00+09:00,263.0,263.0,255.0,258.0,122431,0.0,0.0
2023-12-27 09:00:00+09:00,257.0,259.0,251.0,259.0,117663,0.0,0.0
2023-12-27 10:00:00+09:00,259.0,260.0,254.0,260.0,75761,0.0,0.0
2023-12-27 11:00:00+09:00,259.0,260.0,249.0,255.0,120094,0.0,0.0
2023-12-27 12:00:00+09:00,255.0,257.0,254.0,257.0,45310,0.0,0.0
2023-12-27 13:00:00+09:00,257.0,258.0,257.0,258.0,10438,0.0,0.0
2023-12-27 14:00:00+09:00,258.0,258.0,255.0,256.0,29957,0.0,0.0
2023-12-28 09:00:00+09:00,262.0,309.0,262.0,268.0,2284301,0.0,0.0
2023-12-28 10:00:00+09:00,271.0,280.0,262.0,267.0,567887,0.0,0.0
2023-12-28 11:00:00+09:00,267.0,268.0,263.0,263.0,132235,0.0,0.0
2023-12-28 12:00:00+09:00,265.0,270.0,262.0,263.0,186438,0.0,0.0
2023-12-28 13:00:00+09:00,264.0,268.0,263.0,268.0,67787,0.0,0.0
2023-12-28 14:00:00+09:00,268.0,274.0,266.0,271.0,97776,0.0,0.0
2024-01-02 10:00:00+09:00,271.0,291.0,271.0,277.0,243932,0.0,0.0
2024-01-02 11:00:00+09:00,276.0,280.0,273.0,277.0,75833,0.0,0.0
2024-01-02 12:00:00+09:00,276.0,278.0,273.0,277.0,34948,0.0,0.0
2024-01-02 13:00:00+09:00,277.0,277.0,274.0,277.0,59152,0.0,0.0
2024-01-02 14:00:00+09:00,277.0,279.0,276.0,279.0,13233,0.0,0.0
2024-01-03 09:00:00+09:00,280.0,284.0,274.0,275.0,306986,0.0,0.0
2024-01-03 10:00:00+09:00,274.0,275.0,271.0,273.0,33444,0.0,0.0
2024-01-03 11:00:00+09:00,274.0,274.0,270.0,273.0,34123,0.0,0.0
2024-01-03 12:00:00+09:00,274.0,277.0,273.0,275.0,26756,0.0,0.0
2024-01-03 13:00:00+09:00,275.0,277.0,273.0,275.0,16984,0.0,0.0
2024-01-03 14:00:00+09:00,273.0,273.0,270.0,271.0,100163,0.0,0.0
2024-01-04 09:00:00+09:00,273.0,285.0,273.0,280.0,123503,0.0,0.0
2024-01-04 10:00:00+09:00,280.0,303.0,280.0,296.0,1462642,0.0,0.0
2024-01-04 11:00:00+09:00,296.0,303.0,286.0,297.0,471411,0.0,0.0
2024-01-04 12:00:00+09:00,297.0,298.0,289.0,293.0,147182,0.0,0.0
2024-01-04 13:00:00+09:00,292.0,298.0,288.0,288.0,153268,0.0,0.0
2024-01-04 14:00:00+09:00,289.0,291.0,287.0,291.0,69626,0.0,0.0
2024-01-05 09:00:00+09:00,290.0,291.0,287.0,288.0,138586,0.0,0.0
2024-01-05 10:00:00+09:00,288.0,300.0,288.0,296.0,69198,0.0,0.0
2024-01-05 11:00:00+09:00,297.0,301.0,291.0,293.0,162459,0.0,0.0
2024-01-05 12:00:00+09:00,293.0,295.0,290.0,293.0,41533,0.0,0.0
2024-01-05 13:00:00+09:00,293.0,294.0,290.0,293.0,46422,0.0,0.0
2024-01-05 14:00:00+09:00,293.0,293.0,286.0,289.0,98150,0.0,0.0
2024-01-08 09:00:00+09:00,291.0,292.0,286.0,291.0,0,0.0,0.0
2024-01-08 10:00:00+09:00,290.0,291.0,289.0,289.0,6926,0.0,0.0
2024-01-08 11:00:00+09:00,289.0,290.0,286.0,290.0,19698,0.0,0.0
2024-01-08 12:00:00+09:00,289.0,290.0,286.0,289.0,16242,0.0,0.0
2024-01-08 13:00:00+09:00,289.0,290.0,287.0,288.0,5454,0.0,0.0
2024-01-08 14:00:00+09:00,288.0,289.0,282.0,285.0,56318,0.0,0.0
2024-01-09 09:00:00+09:00,285.0,291.0,284.0,291.0,75835,0.0,0.0
2024-01-09 10:00:00+09:00,287.0,291.0,286.0,287.0,11813,0.0,0.0
2024-01-09 11:00:00+09:00,287.0,291.0,287.0,288.0,12432,0.0,0.0
2024-01-09 12:00:00+09:00,288.0,288.0,281.0,285.0,73312,0.0,0.0
2024-01-09 13:00:00+09:00,283.0,285.0,283.0,284.0,2312,0.0,0.0
2024-01-09 14:00:00+09:00,284.0,287.0,284.0,287.0,5568,0.0,0.0
2024-01-10 09:00:00+09:00,293.0,294.0,281.0,284.0,133701,0.0,0.0
2024-01-10 10:00:00+09:00,284.0,285.0,281.0,281.0,36640,0.0,0.0
2024-01-10 11:00:00+09:00,282.0,284.0,276.0,279.0,138979,0.0,0.0
2024-01-10 12:00:00+09:00,280.0,282.0,279.0,279.0,14165,0.0,0.0
2024-01-10 13:00:00+09:00,281.0,281.0,279.0,280.0,12849,0.0,0.0
2024-01-10 14:00:00+09:00,280.0,281.0,278.0,280.0,34856,0.0,0.0
2024-01-11 09:00:00+09:00,279.0,285.0,275.0,282.0,78834,0.0,0.0
2024-01-11 10:00:00+09:00,282.0,290.0,280.0,288.0,91553,0.0,0.0
2024-01-11 11:00:00+09:00,286.0,289.0,284.0,286.0,29328,0.0,0.0
2024-01-11 12:00:00+09:00,285.0,293.0,285.0,288.0,155556,0.0,0.0
2024-01-11 13:00:00+09:00,288.0,288.0,286.0,288.0,8088,0.0,0.0
2024-01-11 14:00:00+09:00,288.0,294.0,286.0,294.0,105828,0.0,0.0
2024-01-12 09:00:00+09:00,307.0,330.0,305.0,313.0,1585149,0.0,0.0
2024-01-12 10:00:00+09:00,313.0,315.0,301.0,310.0,582589,0.0,0.0
2024-01-12 11:00:00+09:00,310.0,316.0,303.0,314.0,292562,0.0,0.0
2024-01-12 12:00:00+09:00,313.0,315.0,305.0,305.0,206832,0.0,0.0
2024-01-12 13:00:00+09:00,305.0,308.0,294.0,305.0,266165,0.0,0.0
2024-01-12 14:00:00+09:00,304.0,306.0,298.0,303.0,108077,0.0,0.0
2024-01-15 09:00:00+09:00,300.0,305.0,293.0,299.0,0,0.0,0.0
2024-01-15 10:00:00+09:00,299.0,312.0,290.0,307.0,270410,0.0,0.0
2024-01-15 11:00:00+09:00,306.0,315.0,304.0,307.0,348702,0.0,0.0
2024-01-15 12:00:00+09:00,305.0,309.0,294.0,307.0,117432,0.0,0.0
2024-01-15 13:00:00+09:00,310.0,311.0,305.0,307.0,62442,0.0,0.0
2024-01-15 14:00:00+09:00,305.0,310.0,300.0,307.0,97737,0.0,0.0
2024-01-16 09:00:00+09:00,302.0,314.0,301.0,307.0,239056,0.0,0.0
2024-01-16 10:00:00+09:00,307.0,320.0,307.0,311.0,830654,0.0,0.0
2024-01-16 11:00:00+09:00,311.0,313.0,307.0,308.0,115968,0.0,0.0
2024-01-16 12:00:00+09:00,308.0,311.0,304.0,310.0,130725,0.0,0.0
2024-01-16 13:00:00+09:00,310.0,311.0,307.0,307.0,53243,0.0,0.0
2024-01-16 14:00:00+09:00,308.0,310.0,306.0,310.0,55509,0.0,0.0
2024-01-17 09:00:00+09:00,308.0,319.0,308.0,316.0,297590,0.0,0.0
2024-01-17 10:00:00+09:00,313.0,315.0,303.0,303.0,237244,0.0,0.0
2024-01-17 11:00:00+09:00,304.0,306.0,299.0,302.0,150047,0.0,0.0
2024-01-17 12:00:00+09:00,302.0,303.0,291.0,300.0,202243,0.0,0.0
2024-01-17 13:00:00+09:00,299.0,299.0,293.0,296.0,73330,0.0,0.0
2024-01-17 14:00:00+09:00,295.0,295.0,292.0,294.0,123684,0.0,0.0
2024-01-18 09:00:00+09:00,292.0,297.0,279.0,284.0,257288,0.0,0.0
2024-01-18 10:00:00+09:00,285.0,285.0,282.0,282.0,61083,0.0,0.0
2024-01-18 11:00:00+09:00,283.0,286.0,282.0,286.0,12639,0.0,0.0
2024-01-18 12:00:00+09:00,285.0,285.0,281.0,283.0,41230,0.0,0.0
2024-01-18 13:00:00+09:00,282.0,284.0,280.0,281.0,95591,0.0,0.0
2024-01-18 14:00:00+09:00,282.0,284.0,280.0,284.0,33078,0.0,0.0
2024-01-19 09:00:00+09:00,284.0,290.0,281.0,290.0,57268,0.0,0.0
2024-01-19 10:00:00+09:00,290.0,290.0,285.0,286.0,17438,0.0,0.0
2024-01-19 11:00:00+09:00,285.0,286.0,278.0,282.0,105378,0.0,0.0
2024-01-19 12:00:00+09:00,280.0,281.0,276.0,278.0,132747,0.0,0.0
2024-01-19 13:00:00+09:00,277.0,281.0,276.0,281.0,75426,0.0,0.0
2024-01-19 14:00:00+09:00,281.0,282.0,277.0,280.0,73778,0.0,0.0
2024-01-22 09:00:00+09:00,282.0,285.0,278.0,281.0,0,0.0,0.0
2024-01-22 10:00:00+09:00,282.0,282.0,275.0,278.0,26943,0.0,0.0
2024-01-22 11:00:00+09:00,278.0,279.0,273.0,278.0,69879,0.0,0.0
2024-01-22 12:00:00+09:00,278.0,278.0,274.0,276.0,23553,0.0,0.0
2024-01-22 13:00:00+09:00,274.0,276.0,273.0,276.0,55104,0.0,0.0
2024-01-22 14:00:00+09:00,275.0,277.0,274.0,277.0,3226,0.0,0.0
2024-01-23 09:00:00+09:00,277.0,299.0,277.0,282.0,986205,0.0,0.0
2024-01-23 10:00:00+09:00,283.0,283.0,279.0,283.0,116279,0.0,0.0
2024-01-23 11:00:00+09:00,282.0,285.0,281.0,283.0,47051,0.0,0.0
2024-01-23 12:00:00+09:00,282.0,288.0,282.0,282.0,41359,0.0,0.0
2024-01-23 13:00:00+09:00,284.0,284.0,280.0,282.0,28577,0.0,0.0
2024-01-23 14:00:00+09:00,281.0,282.0,280.0,281.0,131072,0.0,0.0
2024-01-24 09:00:00+09:00,285.0,296.0,280.0,293.0,754839,0.0,0.0
2024-01-24 10:00:00+09:00,293.0,295.0,288.0,293.0,139590,0.0,0.0
2024-01-24 11:00:00+09:00,293.0,295.0,283.0,292.0,292975,0.0,0.0
2024-01-24 12:00:00+09:00,292.0,306.0,290.0,296.0,895064,0.0,0.0
2024-01-24 13:00:00+09:00,295.0,297.0,289.0,289.0,219465,0.0,0.0
2024-01-24 14:00:00+09:00,291.0,293.0,288.0,293.0,54088,0.0,0.0
2024-01-25 09:00:00+09:00,294.0,299.0,282.0,286.0,333606,0.0,0.0
2024-01-25 10:00:00+09:00,286.0,291.0,282.0,289.0,124788,0.0,0.0
2024-01-25 11:00:00+09:00,289.0,290.0,287.0,290.0,89427,0.0,0.0
2024-01-25 12:00:00+09:00,290.0,290.0,284.0,285.0,61704,0.0,0.0
2024-01-25 13:00:00+09:00,285.0,286.0,280.0,282.0,135395,0.0,0.0
2024-01-25 14:00:00+09:00,282.0,285.0,280.0,285.0,86596,0.0,0.0
2024-01-26 09:00:00+09:00,284.0,290.0,280.0,287.0,159378,0.0,0.0
2024-01-26 10:00:00+09:00,287.0,292.0,287.0,291.0,36683,0.0,0.0
2024-01-26 11:00:00+09:00,291.0,291.0,287.0,290.0,32007,0.0,0.0
2024-01-26 12:00:00+09:00,291.0,291.0,287.0,288.0,29428,0.0,0.0
2024-01-26 13:00:00+09:00,287.0,289.0,285.0,287.0,52376,0.0,0.0
2024-01-26 14:00:00+09:00,287.0,287.0,283.0,287.0,16008,0.0,0.0
2024-01-29 09:00:00+09:00,291.0,309.0,289.0,301.0,296721,0.0,0.0
2024-01-29 10:00:00+09:00,299.0,303.0,295.0,299.0,106782,0.0,0.0
2024-01-29 11:00:00+09:00,298.0,301.0,296.0,296.0,32431,0.0,0.0
2024-01-29 12:00:00+09:00,298.0,301.0,298.0,300.0,43415,0.0,0.0
2024-01-29 13:00:00+09:00,299.0,299.0,291.0,293.0,151537,0.0,0.0
2024-01-29 14:00:00+09:00,293.0,295.0,291.0,292.0,46274,0.0,0.0
2024-01-30 09:00:00+09:00,301.0,302.0,291.0,292.0,174409,0.0,0.0
2024-01-30 10:00:00+09:00,291.0,292.0,288.0,288.0,86443,0.0,0.0
2024-01-30 11:00:00+09:00,288.0,292.0,287.0,290.0,38777,0.0,0.0
2024-01-30 12:00:00+09:00,290.0,293.0,287.0,293.0,85541,0.0,0.0
2024-01-30 13:00:00+09:00,293.0,293.0,288.0,291.0,27231,0.0,0.0
2024-01-30 14:00:00+09:00,288.0,290.0,287.0,290.0,45690,0.0,0.0
2024-01-31 09:00:00+09:00,291.0,291.0,284.0,289.0,136303,0.0,0.0
2024-01-31 10:00:00+09:00,289.0,290.0,285.0,289.0,28864,0.0,0.0
2024-01-31 11:00:00+09:00,289.0,289.0,283.0,284.0,31231,0.0,0.0
2024-01-31 12:00:00+09:00,287.0,288.0,283.0,288.0,69768,0.0,0.0
2024-01-31 13:00:00+09:00,284.0,287.0,284.0,285.0,58326,0.0,0.0
2024-01-31 14:00:00+09:00,285.0,289.0,284.0,288.0,27634,0.0,0.0
2024-02-01 09:00:00+09:00,287.0,289.0,284.0,287.0,63580,0.0,0.0
2024-02-01 10:00:00+09:00,287.0,287.0,281.0,284.0,34351,0.0,0.0
2024-02-01 11:00:00+09:00,285.0,285.0,282.0,284.0,12874,0.0,0.0
2024-02-01 12:00:00+09:00,283.0,285.0,283.0,284.0,5047,0.0,0.0
2024-02-01 13:00:00+09:00,283.0,284.0,281.0,281.0,29006,0.0,0.0
2024-02-01 14:00:00+09:00,280.0,283.0,279.0,282.0,45243,0.0,0.0
2024-02-02 09:00:00+09:00,283.0,286.0,280.0,282.0,81562,0.0,0.0
2024-02-02 10:00:00+09:00,284.0,284.0,282.0,284.0,19620,0.0,0.0
2024-02-02 11:00:00+09:00,284.0,284.0,280.0,281.0,152527,0.0,0.0
2024-02-02 12:00:00+09:00,281.0,284.0,281.0,284.0,5371,0.0,0.0
2024-02-02 13:00:00+09:00,284.0,285.0,282.0,284.0,27889,0.0,0.0
2024-02-02 14:00:00+09:00,283.0,283.0,278.0,283.0,97194,0.0,0.0
2024-02-05 09:00:00+09:00,281.0,286.0,280.0,280.0,0,0.0,0.0
2024-02-05 10:00:00+09:00,281.0,283.0,278.0,280.0,37201,0.0,0.0
2024-02-05 11:00:00+09:00,280.0,283.0,279.0,280.0,25768,0.0,0.0
2024-02-05 12:00:00+09:00,280.0,280.0,277.0,280.0,22439,0.0,0.0
2024-02-05 13:00:00+09:00,278.0,281.0,276.0,280.0,21710,0.0,0.0
2024-02-05 14:00:00+09:00,279.0,280.0,278.0,279.0,8068,0.0,0.0
2024-02-06 09:00:00+09:00,281.0,281.0,277.0,278.0,65937,0.0,0.0
2024-02-06 10:00:00+09:00,279.0,279.0,277.0,279.0,28560,0.0,0.0
2024-02-06 11:00:00+09:00,279.0,281.0,279.0,280.0,4531,0.0,0.0
2024-02-06 12:00:00+09:00,279.0,280.0,278.0,280.0,71420,0.0,0.0
2024-02-06 13:00:00+09:00,280.0,280.0,279.0,279.0,7084,0.0,0.0
2024-02-06 14:00:00+09:00,279.0,280.0,277.0,278.0,70292,0.0,0.0
2024-02-07 09:00:00+09:00,277.0,277.0,265.0,267.0,185740,0.0,0.0
2024-02-07 10:00:00+09:00,271.0,273.0,268.0,271.0,18934,0.0,0.0
2024-02-07 11:00:00+09:00,270.0,271.0,266.0,268.0,79350,0.0,0.0
2024-02-07 12:00:00+09:00,267.0,270.0,266.0,267.0,40584,0.0,0.0
2024-02-07 13:00:00+09:00,267.0,271.0,267.0,271.0,28734,0.0,0.0
2024-02-07 14:00:00+09:00,271.0,271.0,266.0,270.0,40725,0.0,0.0
2024-02-08 09:00:00+09:00,269.0,271.0,255.0,270.0,276020,0.0,0.0
2024-02-08 10:00:00+09:00,271.0,271.0,266.0,269.0,17405,0.0,0.0
2024-02-08 11:00:00+09:00,269.0,271.0,269.0,270.0,20045,0.0,0.0
2024-02-08 12:00:00+09:00,270.0,272.0,268.0,270.0,75467,0.0,0.0
2024-02-08 13:00:00+09:00,271.0,272.0,270.0,270.0,0,0.0,0.0
2024-02-08 14:00:00+09:00,270.0,271.0,269.0,270.0,21788,0.0,0.0
2024-02-13 09:00:00+09:00,272.0,282.0,272.0,279.0,0,0.0,0.0
2024-02-13 10:00:00+09:00,279.0,279.0,274.0,277.0,71091,0.0,0.0
2024-02-13 11:00:00+09:00,277.0,277.0,272.0,273.0,51112,0.0,0.0
2024-02-13 12:00:00+09:00,273.0,275.0,271.0,274.0,38823,0.0,0.0
2024-02-13 13:00:00+09:00,274.0,274.0,270.0,274.0,59727,0.0,0.0
2024-02-13 14:00:00+09:00,274.0,274.0,271.0,273.0,18843,0.0,0.0
2024-02-14 09:00:00+09:00,274.0,275.0,262.0,272.0,72491,0.0,0.0
2024-02-14 10:00:00+09:00,272.0,272.0,270.0,271.0,6000,0.0,0.0
2024-02-14 11:00:00+09:00,271.0,272.0,266.0,268.0,15475,0.0,0.0
2024-02-14 12:00:00+09:00,269.0,270.0,268.0,270.0,6429,0.0,0.0
2024-02-14 13:00:00+09:00,270.0,271.0,268.0,271.0,21177,0.0,0.0
2024-02-14 14:00:00+09:00,271.0,271.0,269.0,270.0,13440,0.0,0.0
2024-02-15 09:00:00+09:00,269.0,272.0,255.0,263.0,266787,0.0,0.0
2024-02-15 10:00:00+09:00,263.0,265.0,261.0,263.0,36181,0.0,0.0
2024-02-15 11:00:00+09:00,264.0,267.0,261.0,265.0,25873,0.0,0.0
2024-02-15 12:00:00+09:00,265.0,266.0,264.0,266.0,5563,0.0,0.0
2024-02-15 13:00:00+09:00,266.0,267.0,263.0,265.0,108113,0.0,0.0
2024-02-15 14:00:00+09:00,266.0,267.0,261.0,266.0,37973,0.0,0.0
2024-02-16 09:00:00+09:00,263.0,272.0,260.0,268.0,705942,0.0,0.0
2024-02-16 10:00:00+09:00,268.0,306.0,268.0,278.0,3172193,0.0,0.0
2024-02-16 11:00:00+09:00,278.0,279.0,272.0,274.0,327730,0.0,0.0
2024-02-16 12:00:00+09:00,274.0,276.0,267.0,268.0,159795,0.0,0.0
2024-02-16 13:00:00+09:00,268.0,270.0,267.0,270.0,182251,0.0,0.0
2024-02-16 14:00:00+09:00,270.0,270.0,267.0,270.0,89463,0.0,0.0
2024-02-19 09:00:00+09:00,269.0,272.0,263.0,268.0,0,0.0,0.0
2024-02-19 10:00:00+09:00,267.0,269.0,259.0,267.0,183301,0.0,0.0
2024-02-19 11:00:00+09:00,267.0,270.0,266.0,267.0,39953,0.0,0.0
2024-02-19 12:00:00+09:00,266.0,269.0,264.0,266.0,69991,0.0,0.0
2024-02-19 13:00:00+09:00,268.0,269.0,266.0,269.0,29655,0.0,0.0
2024-02-19 14:00:00+09:00,267.0,269.0,267.0,268.0,20899,0.0,0.0
2024-02-20 09:00:00+09:00,270.0,292.0,268.0,282.0,522931,0.0,0.0
2024-02-20 10:00:00+09:00,280.0,305.0,278.0,279.0,3366867,0.0,0.0
2024-02-20 11:00:00+09:00,279.0,290.0,273.0,282.0,1057411,0.0,0.0
2024-02-20 12:00:00+09:00,281.0,291.0,280.0,286.0,520527,0.0,0.0
2024-02-20 13:00:00+09:00,286.0,293.0,281.0,285.0,263575,0.0,0.0
2024-02-20 14:00:00+09:00,283.0,290.0,280.0,289.0,237663,0.0,0.0
2024-02-21 09:00:00+09:00,289.0,289.0,280.0,285.0,319440,0.0,0.0
2024-02-21 10:00:00+09:00,283.0,285.0,278.0,281.0,84076,0.0,0.0
2024-02-21 11:00:00+09:00,280.0,281.0,279.0,280.0,21038,0.0,0.0
2024-02-21 12:00:00+09:00,281.0,299.0,279.0,296.0,457333,0.0,0.0
2024-02-21 13:00:00+09:00,295.0,340.0,295.0,301.0,7034699,0.0,0.0
2024-02-21 14:00:00+09:00,300.0,302.0,281.0,285.0,1569138,0.0,0.0
2024-02-22 09:00:00+09:00,285.0,290.0,279.0,280.0,467041,0.0,0.0
2024-02-22 10:00:00+09:00,281.0,291.0,280.0,288.0,277295,0.0,0.0
2024-02-22 11:00:00+09:00,287.0,288.0,282.0,284.0,47861,0.0,0.0
2024-02-22 12:00:00+09:00,284.0,286.0,280.0,284.0,201187,0.0,0.0
2024-02-22 13:00:00+09:00,284.0,285.0,279.0,283.0,142811,0.0,0.0
2024-02-22 14:00:00+09:00,283.0,283.0,280.0,283.0,81156,0.0,0.0
2024-02-23 09:00:00+09:00,282.0,286.0,275.0,281.0,224601,0.0,0.0
2024-02-23 10:00:00+09:00,281.0,282.0,277.0,279.0,46437,0.0,0.0
2024-02-23 11:00:00+09:00,280.0,281.0,276.0,280.0,150853,0.0,0.0
2024-02-23 12:00:00+09:00,280.0,281.0,274.0,274.0,182099,0.0,0.0
2024-02-23 13:00:00+09:00,275.0,276.0,269.0,272.0,291343,0.0,0.0
2024-02-23 14:00:00+09:00,272.0,274.0,271.0,271.0,63731,0.0,0.0
2024-02-26 09:00:00+09:00,271.0,273.0,266.0,269.0,0,0.0,0.0
2024-02-26 10:00:00+09:00,269.0,272.0,266.0,270.0,111755,0.0,0.0
2024-02-26 11:00:00+09:00,268.0,270.0,265.0,268.0,167248,0.0,0.0
2024-02-26 12:00:00+09:00,266.0,269.0,265.0,266.0,173227,0.0,0.0
2024-02-26 13:00:00+09:00,266.0,267.0,262.0,266.0,131113,0.0,0.0
2024-02-26 14:00:00+09:00,265.0,267.0,265.0,267.0,41792,0.0,0.0
2024-02-27 09:00:00+09:00,268.0,268.0,261.0,264.0,107744,0.0,0.0
2024-02-27 10:00:00+09:00,264.0,266.0,262.0,264.0,59782,0.0,0.0
2024-02-27 11:00:00+09:00,262.0,264.0,260.0,262.0,147153,0.0,0.0
2024-02-27 12:00:00+09:00,261.0,264.0,261.0,263.0,11743,0.0,0.0
2024-02-27 13:00:00+09:00,263.0,264.0,261.0,261.0,24265,0.0,0.0
2024-02-27 14:00:00+09:00,261.0,264.0,261.0,262.0,48610,0.0,0.0
2024-02-28 09:00:00+09:00,261.0,269.0,258.0,258.0,183443,0.0,0.0
2024-02-28 10:00:00+09:00,258.0,261.0,257.0,260.0,59227,0.0,0.0
2024-02-28 11:00:00+09:00,259.0,260.0,258.0,258.0,108593,0.0,0.0
2024-02-28 12:00:00+09:00,258.0,260.0,258.0,259.0,11906,0.0,0.0
2024-02-28 13:00:00+09:00,260.0,263.0,259.0,261.0,20012,0.0,0.0
2024-02-28 14:00:00+09:00,263.0,263.0,260.0,261.0,21290,0.0,0.0
2024-02-29 09:00:00+09:00,262.0,265.0,258.0,260.0,147715,0.0,0.0
2024-02-29 10:00:00+09:00,260.0,263.0,260.0,260.0,57674,0.0,0.0
2024-02-29 11:00:00+09:00,260.0,262.0,260.0,261.0,16968,0.0,0.0
2024-02-29 12:00:00+09:00,262.0,262.0,260.0,261.0,45539,0.0,0.0
2024-02-29 13:00:00+09:00,261.0,266.0,260.0,261.0,56141,0.0,0.0
2024-02-29 14:00:00+09:00,261.0,265.0,260.0,261.0,109469,0.0,0.0
2024-03-04 09:00:00+09:00,261.0,264.0,259.0,264.0,0,0.0,0.0
2024-03-04 10:00:00+09:00,264.0,267.0,263.0,264.0,60730,0.0,0.0
2024-03-04 11:00:00+09:00,264.0,265.0,262.0,264.0,37642,0.0,0.0
2024-03-04 12:00:00+09:00,263.0,264.0,262.0,263.0,26100,0.0,0.0
2024-03-04 13:00:00+09:00,263.0,263.0,262.0,263.0,16096,0.0,0.0
2024-03-04 14:00:00+09:00,263.0,264.0,262.0,264.0,25815,0.0,0.0
2024-03-05 09:00:00+09:00,263.0,263.0,256.0,259.0,172533,0.0,0.0
2024-03-05 10:00:00+09:00,259.0,262.0,256.0,258.0,47337,0.0,0.0
2024-03-05 11:00:00+09:00,258.0,261.0,257.0,260.0,40418,0.0,0.0
2024-03-05 12:00:00+09:00,260.0,262.0,259.0,261.0,55471,0.0,0.0
2024-03-05 13:00:00+09:00,260.0,262.0,259.0,261.0,9973,0.0,0.0
2024-03-05 14:00:00+09:00,260.0,261.0,258.0,260.0,20349,0.0,0.0
2024-03-06 09:00:00+09:00,256.0,259.0,252.0,257.0,169854,0.0,0.0
2024-03-06 10:00:00+09:00,257.0,259.0,253.0,258.0,53588,0.0,0.0
2024-03-06 11:00:00+09:00,258.0,264.0,256.0,258.0,21897,0.0,0.0
2024-03-06 12:00:00+09:00,259.0,260.0,258.0,258.0,854,0.0,0.0
2024-03-06 13:00:00+09:00,259.0,259.0,257.0,258.0,26853,0.0,0.0
2024-03-06 14:00:00+09:00,258.0,262.0,257.0,259.0,15367,0.0,0.0
2024-03-07 09:00:00+09:00,256.0,256.0,252.0,254.0,57604,0.0,0.0
2024-03-07 10:00:00+09:00,254.0,256.0,254.0,256.0,33926,0.0,0.0
2024-03-07 11:00:00+09:00,256.0,258.0,256.0,258.0,14614,0.0,0.0
2024-03-07 12:00:00+09:00,257.0,258.0,254.0,256.0,17284,0.0,0.0
2024-03-07 13:00:00+09:00,254.0,256.0,252.0,254.0,25021,0.0,0.0
2024-03-07 14:00:00+09:00,254.0,255.0,252.0,255.0,22930,0.0,0.0
2024-03-08 09:00:00+09:00,257.0,267.0,255.0,259.0,68549,0.0,0.0
2024-03-08 10:00:00+09:00,260.0,260.0,259.0,260.0,2900,0.0,0.0
2024-03-08 11:00:00+09:00,260.0,263.0,259.0,262.0,12850,0.0,0.0
2024-03-08 12:00:00+09:00,262.0,263.0,256.0,261.0,80270,0.0,0.0
2024-03-08 13:00:00+09:00,259.0,261.0,259.0,261.0,229,0.0,0.0
2024-03-08 14:00:00+09:00,260.0,261.0,256.0,259.0,77879,0.0,0.0
2024-03-11 09:00:00+09:00,263.0,265.0,258.0,261.0,0,0.0,0.0
2024-03-11 10:00:00+09:00,260.0,261.0,258.0,259.0,35480,0.0,0.0
2024-03-11 11:00:00+09:00,260.0,262.0,257.0,260.0,45789,0.0,0.0
2024-03-11 12:00:00+09:00,260.0,261.0,258.0,260.0,4376,0.0,0.0
2024-03-11 13:00:00+09:00,260.0,261.0,258.0,259.0,11687,0.0,0.0
2024-03-11 14:00:00+09:00,259.0,260.0,256.0,258.0,35635,0.0,0.0
2024-03-12 09:00:00+09:00,254.0,257.0,250.0,256.0,95198,0.0,0.0
2024-03-12 10:00:00+09:00,256.0,267.0,253.0,260.0,166780,0.0,0.0
2024-03-12 11:00:00+09:00,260.0,260.0,251.0,256.0,99542,0.0,0.0
2024-03-12 12:00:00+09:00,256.0,256.0,249.0,253.0,83128,0.0,0.0
2024-03-12 13:00:00+09:00,253.0,253.0,252.0,253.0,29714,0.0,0.0
2024-03-12 14:00:00+09:00,253.0,255.0,249.0,252.0,100040,0.0,0.0
2024-03-13 09:00:00+09:00,257.0,257.0,249.0,252.0,126217,0.0,0.0
2024-03-13 10:00:00+09:00,252.0,252.0,244.0,252.0,167078,0.0,0.0
2024-03-13 11:00:00+09:00,252.0,253.0,250.0,251.0,35725,0.0,0.0
2024-03-13 12:00:00+09:00,251.0,253.0,249.0,252.0,75226,0.0,0.0
2024-03-13 13:00:00+09:00,251.0,252.0,248.0,249.0,93847,0.0,0.0
2024-03-13 14:00:00+09:00,249.0,251.0,247.0,250.0,95519,0.0,0.0
2024-03-14 09:00:00+09:00,250.0,252.0,249.0,251.0,75617,0.0,0.0
2024-03-14 10:00:00+09:00,250.0,251.0,248.0,248.0,60138,0.0,0.0
2024-03-14 11:00:00+09:00,248.0,251.0,248.0,249.0,10202,0.0,0.0
2024-03-14 12:00:00+09:00,249.0,250.0,247.0,250.0,12268,0.0,0.0
2024-03-14 13:00:00+09:00,250.0,251.0,248.0,250.0,15346,0.0,0.0
2024-03-14 14:00:00+09:00,249.0,253.0,249.0,253.0,18433,0.0,0.0
2024-03-15 09:00:00+09:00,251.0,251.0,247.0,250.0,69268,0.0,0.0
2024-03-15 10:00:00+09:00,250.0,250.0,249.0,250.0,12301,0.0,0.0
2024-03-15 11:00:00+09:00,249.0,249.0,242.0,243.0,132953,0.0,0.0
2024-03-15 12:00:00+09:00,243.0,244.0,240.0,243.0,162366,0.0,0.0
2024-03-15 13:00:00+09:00,243.0,246.0,239.0,243.0,217097,0.0,0.0
2024-03-15 14:00:00+09:00,242.0,243.0,226.0,235.0,252921,0.0,0.0
2024-03-18 09:00:00+09:00,225.0,228.0,211.0,225.0,0,0.0,0.0
2024-03-18 10:00:00+09:00,225.0,226.0,220.0,225.0,60797,0.0,0.0
2024-03-18 11:00:00+09:00,225.0,225.0,222.0,224.0,31914,0.0,0.0
2024-03-18 12:00:00+09:00,224.0,227.0,223.0,227.0,55949,0.0,0.0
2024-03-18 13:00:00+09:00,227.0,228.0,225.0,227.0,17804,0.0,0.0
2024-03-18 14:00:00+09:00,227.0,233.0,226.0,233.0,152408,0.0,0.0
2024-03-19 09:00:00+09:00,231.0,241.0,227.0,239.0,192414,0.0,0.0
2024-03-19 10:00:00+09:00,238.0,261.0,238.0,243.0,1631857,0.0,0.0
2024-03-19 11:00:00+09:00,241.0,244.0,235.0,235.0,139529,0.0,0.0
2024-03-19 12:00:00+09:00,235.0,239.0,234.0,235.0,54740,0.0,0.0
2024-03-19 13:00:00+09:00,235.0,237.0,228.0,231.0,159170,0.0,0.0
2024-03-19 14:00:00+09:00,231.0,234.0,228.0,231.0,72675,0.0,0.0
2024-03-20 09:00:00+09:00,225.0,240.0,225.0,233.0,250506,0.0,0.0
2024-03-20 10:00:00+09:00,237.0,239.0,229.0,231.0,96239,0.0,0.0
2024-03-20 11:00:00+09:00,230.0,231.0,226.0,229.0,151178,0.0,0.0
2024-03-20 12:00:00+09:00,230.0,234.0,229.0,233.0,17809,0.0,0.0
2024-03-20 13:00:00+09:00,232.0,267.0,230.0,245.0,1807853,0.0,0.0
2024-03-20 14:00:00+09:00,248.0,251.0,237.0,238.0,705142,0.0,0.0
2024-03-21 09:00:00+09:00,241.0,252.0,236.0,240.0,371623,0.0,0.0
2024-03-21 10:00:00+09:00,237.0,250.0,236.0,247.0,182696,0.0,0.0
2024-03-21 11:00:00+09:00,247.0,258.0,246.0,249.0,181948,0.0,0.0
2024-03-21 12:00:00+09:00,249.0,256.0,247.0,252.0,143214,0.0,0.0
2024-03-21 13:00:00+09:00,252.0,254.0,249.0,252.0,142930,0.0,0.0
2024-03-21 14:00:00+09:00,250.0,253.0,249.0,251.0,36900,0.0,0.0
2024-03-22 09:00:00+09:00,250.0,259.0,246.0,252.0,396595,0.0,0.0
2024-03-22 10:00:00+09:00,250.0,251.0,242.0,247.0,144604,0.0,0.0
2024-03-22 11:00:00+09:00,246.0,247.0,244.0,245.0,23661,0.0,0.0
2024-03-22 12:00:00+09:00,245.0,247.0,244.0,246.0,12199,0.0,0.0
2024-03-22 13:00:00+09:00,244.0,247.0,244.0,245.0,15538,0.0,0.0
2024-03-22 14:00:00+09:00,245.0,251.0,243.0,248.0,33280,0.0,0.0
2024-03-25 09:00:00+09:00,246.0,255.0,245.0,247.0,0,0.0,0.0
2024-03-25 10:00:00+09:00,247.0,247.0,245.0,246.0,24444,0.0,0.0
2024-03-25 11:00:00+09:00,247.0,249.0,246.0,247.0,20732,0.0,0.0
2024-03-25 12:00:00+09:00,246.0,248.0,244.0,246.0,18477,0.0,0.0
2024-03-25 13:00:00+09:00,245.0,247.0,244.0,245.0,9603,0.0,0.0
2024-03-25 14:00:00+09:00,246.0,248.0,242.0,245.0,35464,0.0,0.0
2024-03-26 09:00:00+09:00,247.0,247.0,240.0,245.0,164477,0.0,0.0
2024-03-26 10:00:00+09:00,245.0,245.0,241.0,242.0,25769,0.0,0.0
2024-03-26 11:00:00+09:00,242.0,244.0,241.0,244.0,45725,0.0,0.0
2024-03-26 12:00:00+09:00,241.0,244.0,241.0,244.0,11745,0.0,0.0
2024-03-26 13:00:00+09:00,244.0,245.0,241.0,244.0,17721,0.0,0.0
2024-03-26 14:00:00+09:00,242.0,245.0,241.0,242.0,22604,0.0,0.0
2024-03-27 09:00:00+09:00,245.0,248.0,236.0,241.0,126784,0.0,0.0
2024-03-27 10:00:00+09:00,241.0,244.0,241.0,244.0,6435,0.0,0.0
2024-03-27 11:00:00+09:00,242.0,244.0,237.0,238.0,66837,0.0,0.0
2024-03-27 12:00:00+09:00,239.0,242.0,237.0,241.0,38667,0.0,0.0
2024-03-27 13:00:00+09:00,238.0,241.0,238.0,239.0,10180,0.0,0.0
2024-03-27 14:00:00+09:00,238.0,243.0,237.0,240.0,35058,0.0,0.0
2024-03-28 09:00:00+09:00,242.0,245.0,239.0,241.0,35322,0.0,0.0
2024-03-28 10:00:00+09:00,241.0,242.0,238.0,242.0,25981,0.0,0.0
2024-03-28 11:00:00+09:00,238.0,242.0,237.0,237.0,14290,0.0,0.0
2024-03-28 12:00:00+09:00,237.0,239.0,237.0,237.0,11342,0.0,0.0
2024-03-28 13:00:00+09:00,237.0,239.0,236.0,239.0,2618,0.0,0.0
2024-03-28 14:00:00+09:00,237.0,241.0,237.0,241.0,93981,0.0,0.0
2024-03-29 09:00:00+09:00,239.0,255.0,239.0,248.0,311702,0.0,0.0
2024-03-29 10:00:00+09:00,247.0,248.0,244.0,245.0,46908,0.0,0.0
2024-03-29 11:00:00+09:00,245.0,247.0,243.0,246.0,92317,0.0,0.0
2024-03-29 12:00:00+09:00,244.0,246.0,242.0,244.0,21372,0.0,0.0
2024-03-29 13:00:00+09:00,245.0,253.0,243.0,252.0,160989,0.0,0.0
2024-03-29 14:00:00+09:00,252.0,252.0,248.0,251.0,134044,0.0,0.0
2024-04-01 09:00:00+09:00,253.0,257.0,251.0,254.0,0,0.0,0.0
2024-04-01 10:00:00+09:00,254.0,254.0,249.0,252.0,161526,0.0,0.0
2024-04-01 11:00:00+09:00,250.0,250.0,244.0,247.0,61571,0.0,0.0
2024-04-01 12:00:00+09:00,247.0,249.0,246.0,248.0,24785,0.0,0.0
2024-04-01 13:00:00+09:00,247.0,249.0,245.0,247.0,9214,0.0,0.0
2024-04-01 14:00:00+09:00,247.0,249.0,246.0,248.0,33205,0.0,0.0
2024-04-02 09:00:00+09:00,246.0,257.0,240.0,245.0,232614,0.0,0.0
2024-04-02 10:00:00+09:00,245.0,246.0,241.0,246.0,5893,0.0,0.0
2024-04-02 11:00:00+09:00,243.0,244.0,235.0,236.0,201180,0.0,0.0
2024-04-02 12:00:00+09:00,236.0,241.0,235.0,240.0,175850,0.0,0.0
2024-04-02 13:00:00+09:00,237.0,241.0,236.0,238.0,26403,0.0,0.0
2024-04-02 14:00:00+09:00,238.0,241.0,237.0,239.0,36344,0.0,0.0
2024-04-03 09:00:00+09:00,238.0,266.0,226.0,252.0,1149212,0.0,0.0
2024-04-03 10:00:00+09:00,252.0,263.0,242.0,249.0,1109859,0.0,0.0
2024-04-03 11:00:00+09:00,248.0,250.0,242.0,245.0,102219,0.0,0.0
2024-04-03 12:00:00+09:00,245.0,249.0,243.0,244.0,64066,0.0,0.0
2024-04-03 13:00:00+09:00,243.0,252.0,243.0,248.0,84900,0.0,0.0
2024-04-03 14:00:00+09:00,248.0,249.0,245.0,245.0,81676,0.0,0.0
2024-04-04 09:00:00+09:00,249.0,249.0,245.0,247.0,115376,0.0,0.0
2024-04-04 10:00:00+09:00,247.0,248.0,245.0,245.0,32159,0.0,0.0
2024-04-04 11:00:00+09:00,245.0,247.0,244.0,247.0,16621,0.0,0.0
2024-04-04 12:00:00+09:00,247.0,248.0,244.0,246.0,23814,0.0,0.0
2024-04-04 13:00:00+09:00,246.0,247.0,245.0,247.0,5079,0.0,0.0
2024-04-04 14:00:00+09:00,246.0,247.0,243.0,244.0,6701,0.0,0.0
2024-04-05 09:00:00+09:00,244.0,244.0,235.0,238.0,229739,0.0,0.0
2024-04-05 10:00:00+09:00,238.0,238.0,235.0,237.0,48465,0.0,0.0
2024-04-05 11:00:00+09:00,237.0,238.0,237.0,238.0,20006,0.0,0.0
2024-04-05 12:00:00+09:00,238.0,238.0,237.0,237.0,4546,0.0,0.0
2024-04-05 13:00:00+09:00,237.0,237.0,234.0,237.0,54737,0.0,0.0
2024-04-05 14:00:00+09:00,236.0,236.0,233.0,234.0,52235,0.0,0.0
2024-04-08 09:00:00+09:00,235.0,235.0,230.0,234.0,0,0.0,0.0
2024-04-08 10:00:00+09:00,234.0,234.0,232.0,233.0,15019,0.0,0.0
2024-04-08 11:00:00+09:00,234.0,234.0,231.0,233.0,21862,0.0,0.0
2024-04-08 12:00:00+09:00,233.0,233.0,233.0,233.0,6217,0.0,0.0
2024-04-08 13:00:00+09:00,233.0,233.0,228.0,230.0,101307,0.0,0.0
2024-04-08 14:00:00+09:00,230.0,230.0,227.0,230.0,35898,0.0,0.0
2024-04-09 09:00:00+09:00,232.0,240.0,230.0,235.0,165216,0.0,0.0
2024-04-09 10:00:00+09:00,235.0,238.0,231.0,234.0,39691,0.0,0.0
2024-04-09 11:00:00+09:00,234.0,237.0,229.0,229.0,87888,0.0,0.0
2024-04-09 12:00:00+09:00,231.0,234.0,231.0,233.0,37236,0.0,0.0
2024-04-09 13:00:00+09:00,233.0,236.0,233.0,235.0,12665,0.0,0.0
2024-04-09 14:00:00+09:00,235.0,237.0,234.0,234.0,22217,0.0,0.0
2024-04-11 09:00:00+09:00,236.0,244.0,230.0,234.0,0,0.0,0.0
2024-04-11 10:00:00+09:00,234.0,239.0,233.0,238.0,5281,0.0,0.0
2024-04-11 11:00:00+09:00,236.0,237.0,234.0,234.0,6266,0.0,0.0
2024-04-11 12:00:00+09:00,236.0,238.0,234.0,234.0,4217,0.0,0.0
2024-04-11 13:00:00+09:00,236.0,237.0,234.0,235.0,12852,0.0,0.0
2024-04-11 14:00:00+09:00,235.0,237.0,234.0,237.0,4908,0.0,0.0
2024-04-12 09:00:00+09:00,238.0,239.0,234.0,234.0,16863,0.0,0.0
2024-04-12 10:00:00+09:00,235.0,236.0,235.0,236.0,5376,0.0,0.0
2024-04-12 11:00:00+09:00,236.0,237.0,236.0,237.0,3848,0.0,0.0
2024-04-12 12:00:00+09:00,237.0,239.0,235.0,238.0,10103,0.0,0.0
2024-04-12 13:00:00+09:00,237.0,237.0,236.0,236.0,545,0.0,0.0
2024-04-12 14:00:00+09:00,236.0,238.0,236.0,238.0,22660,0.0,0.0
2024-04-15 09:00:00+09:00,235.0,265.0,232.0,248.0,2123893,0.0,0.0
2024-04-15 10:00:00+09:00,247.0,256.0,237.0,238.0,850258,0.0,0.0
2024-04-15 11:00:00+09:00,239.0,243.0,237.0,242.0,212469,0.0,0.0
2024-04-15 12:00:00+09:00,241.0,245.0,235.0,244.0,425793,0.0,0.0
2024-04-15 13:00:00+09:00,241.0,244.0,236.0,238.0,125927,0.0,0.0
2024-04-15 14:00:00+09:00,238.0,240.0,236.0,240.0,58682,0.0,0.0
2024-04-16 09:00:00+09:00,239.0,246.0,235.0,242.0,255918,0.0,0.0
2024-04-16 10:00:00+09:00,242.0,243.0,233.0,240.0,310352,0.0,0.0
2024-04-16 11:00:00+09:00,242.0,242.0,236.0,241.0,61128,0.0,0.0
2024-04-16 12:00:00+09:00,241.0,243.0,240.0,242.0,10662,0.0,0.0
2024-04-16 13:00:00+09:00,242.0,262.0,242.0,262.0,951503,0.0,0.0
2024-04-16 14:00:00+09:00,264.0,272.0,238.0,245.0,2440726,0.0,0.0
2024-04-17 09:00:00+09:00,242.0,249.0,242.0,244.0,387535,0.0,0.0
2024-04-17 10:00:00+09:00,243.0,246.0,241.0,245.0,115624,0.0,0.0
2024-04-17 11:00:00+09:00,245.0,247.0,243.0,246.0,83467,0.0,0.0
2024-04-17 12:00:00+09:00,245.0,247.0,241.0,245.0,53988,0.0,0.0
2024-04-17 13:00:00+09:00,245.0,245.0,242.0,244.0,57217,0.0,0.0
2024-04-17 14:00:00+09:00,244.0,245.0,241.0,244.0,36814,0.0,0.0
2024-04-18 09:00:00+09:00,239.0,244.0,236.0,242.0,172739,0.0,0.0
2024-04-18 10:00:00+09:00,242.0,242.0,239.0,242.0,52300,0.0,0.0
2024-04-18 11:00:00+09:00,242.0,243.0,238.0,240.0,10584,0.0,0.0
2024-04-18 12:00:00+09:00,239.0,243.0,238.0,243.0,52429,0.0,0.0
2024-04-18 13:00:00+09:00,243.0,243.0,240.0,241.0,18691,0.0,0.0
2024-04-18 14:00:00+09:00,240.0,240.0,238.0,240.0,78692,0.0,0.0
2024-04-19 09:00:00+09:00,247.0,260.0,243.0,253.0,592391,0.0,0.0
2024-04-19 10:00:00+09:00,252.0,270.0,249.0,263.0,1609025,0.0,0.0
2024-04-19 11:00:00+09:00,263.0,275.0,257.0,265.0,1400770,0.0,0.0
2024-04-19 12:00:00+09:00,263.0,266.0,252.0,257.0,524800,0.0,0.0
2024-04-19 13:00:00+09:00,256.0,263.0,254.0,258.0,434080,0.0,0.0
2024-04-19 14:00:00+09:00,257.0,260.0,254.0,256.0,152984,0.0,0.0
2024-04-22 09:00:00+09:00,248.0,255.0,242.0,246.0,0,0.0,0.0
2024-04-22 10:00:00+09:00,246.0,247.0,244.0,244.0,91477,0.0,0.0
2024-04-22 11:00:00+09:00,245.0,246.0,244.0,246.0,46299,0.0,0.0
2024-04-22 12:00:00+09:00,245.0,247.0,245.0,247.0,27076,0.0,0.0
2024-04-22 13:00:00+09:00,246.0,248.0,244.0,246.0,97711,0.0,0.0
2024-04-22 14:00:00+09:00,245.0,246.0,244.0,245.0,130457,0.0,0.0
2024-04-23 09:00:00+09:00,245.0,247.0,240.0,243.0,278015,0.0,0.0
2024-04-23 10:00:00+09:00,242.0,243.0,240.0,242.0,85336,0.0,0.0
2024-04-23 11:00:00+09:00,242.0,245.0,241.0,245.0,61464,0.0,0.0
2024-04-23 12:00:00+09:00,245.0,245.0,242.0,243.0,7157,0.0,0.0
2024-04-23 13:00:00+09:00,242.0,247.0,241.0,245.0,196997,0.0,0.0
2024-04-23 14:00:00+09:00,244.0,246.0,242.0,246.0,89079,0.0,0.0
2024-04-24 09:00:00+09:00,243.0,260.0,243.0,253.0,555601,0.0,0.0
2024-04-24 10:00:00+09:00,254.0,266.0,250.0,260.0,1079756,0.0,0.0
2024-04-24 11:00:00+09:00,259.0,262.0,255.0,259.0,189989,0.0,0.0
2024-04-24 12:00:00+09:00,259.0,261.0,253.0,255.0,360214,0.0,0.0
2024-04-24 13:00:00+09:00,256.0,261.0,253.0,256.0,94411,0.0,0.0
2024-04-24 14:00:00+09:00,254.0,256.0,251.0,251.0,135357,0.0,0.0
2024-04-25 09:00:00+09:00,255.0,258.0,245.0,249.0,484621,0.0,0.0
2024-04-25 10:00:00+09:00,248.0,251.0,248.0,249.0,135070,0.0,0.0
2024-04-25 11:00:00+09:00,248.0,250.0,247.0,248.0,49966,0.0,0.0
2024-04-25 12:00:00+09:00,247.0,247.0,244.0,245.0,312122,0.0,0.0
2024-04-25 13:00:00+09:00,245.0,246.0,244.0,245.0,58735,0.0,0.0
2024-04-25 14:00:00+09:00,245.0,246.0,244.0,246.0,45682,0.0,0.0
2024-04-26 09:00:00+09:00,245.0,245.0,239.0,240.0,235784,0.0,0.0
2024-04-26 10:00:00+09:00,240.0,241.0,239.0,240.0,47358,0.0,0.0
2024-04-26 11:00:00+09:00,240.0,240.0,238.0,239.0,216677,0.0,0.0
2024-04-26 12:00:00+09:00,239.0,240.0,238.0,240.0,37314,0.0,0.0
2024-04-26 13:00:00+09:00,239.0,240.0,234.0,236.0,305250,0.0,0.0
2024-04-26 14:00:00+09:00,236.0,237.0,234.0,237.0,40920,0.0,0.0
2024-04-29 09:00:00+09:00,234.0,236.0,231.0,234.0,0,0.0,0.0
2024-04-29 10:00:00+09:00,234.0,234.0,230.0,233.0,181755,0.0,0.0
2024-04-29 11:00:00+09:00,233.0,233.0,232.0,233.0,28865,0.0,0.0
2024-04-29 12:00:00+09:00,234.0,237.0,233.0,236.0,30126,0.0,0.0
2024-04-29 13:00:00+09:00,237.0,237.0,235.0,237.0,31064,0.0,0.0
2024-04-29 14:00:00+09:00,237.0,239.0,235.0,237.0,54798,0.0,0.0
2024-04-30 09:00:00+09:00,235.0,240.0,235.0,238.0,118601,0.0,0.0
2024-04-30 10:00:00+09:00,237.0,238.0,236.0,238.0,28626,0.0,0.0
2024-04-30 11:00:00+09:00,238.0,238.0,235.0,235.0,108181,0.0,0.0
2024-04-30 12:00:00+09:00,235.0,237.0,235.0,237.0,5553,0.0,0.0
2024-04-30 13:00:00+09:00,237.0,238.0,235.0,235.0,36817,0.0,0.0
2024-04-30 14:00:00+09:00,237.0,237.0,234.0,234.0,22342,0.0,0.0
2024-05-02 09:00:00+09:00,237.0,240.0,229.0,231.0,0,0.0,0.0
2024-05-02 10:00:00+09:00,232.0,234.0,231.0,233.0,71275,0.0,0.0
2024-05-02 11:00:00+09:00,233.0,233.0,229.0,231.0,145336,0.0,0.0
2024-05-02 12:00:00+09:00,230.0,233.0,230.0,233.0,7993,0.0,0.0
2024-05-02 13:00:00+09:00,233.0,233.0,230.0,232.0,70967,0.0,0.0
2024-05-02 14:00:00+09:00,231.0,232.0,230.0,230.0,89702,0.0,0.0
2024-05-03 09:00:00+09:00,230.0,240.0,230.0,235.0,413577,0.0,0.0
2024-05-03 10:00:00+09:00,234.0,235.0,231.0,234.0,79086,0.0,0.0
2024-05-03 11:00:00+09:00,234.0,235.0,233.0,233.0,14209,0.0,0.0
2024-05-03 12:00:00+09:00,235.0,235.0,232.0,233.0,17198,0.0,0.0
2024-05-03 13:00:00+09:00,233.0,234.0,232.0,233.0,9119,0.0,0.0
2024-05-03 14:00:00+09:00,233.0,234.0,232.0,232.0,5066,0.0,0.0
2024-05-07 09:00:00+09:00,231.0,235.0,230.0,233.0,0,0.0,0.0
2024-05-07 10:00:00+09:00,232.0,235.0,231.0,232.0,44649,0.0,0.0
2024-05-07 11:00:00+09:00,233.0,233.0,230.0,232.0,39560,0.0,0.0
2024-05-07 12:00:00+09:00,232.0,232.0,230.0,231.0,6326,0.0,0.0
2024-05-07 13:00:00+09:00,231.0,233.0,230.0,233.0,11681,0.0,0.0
2024-05-07 14:00:00+09:00,233.0,233.0,231.0,231.0,25519,0.0,0.0
2024-05-08 09:00:00+09:00,231.0,234.0,231.0,233.0,35506,0.0,0.0
2024-05-08 10:00:00+09:00,232.0,239.0,230.0,237.0,155301,0.0,0.0
2024-05-08 11:00:00+09:00,237.0,237.0,234.0,234.0,24189,0.0,0.0
2024-05-08 12:00:00+09:00,236.0,236.0,232.0,235.0,5633,0.0,0.0
2024-05-08 13:00:00+09:00,235.0,235.0,233.0,233.0,3437,0.0,0.0
2024-05-08 14:00:00+09:00,235.0,236.0,232.0,235.0,17023,0.0,0.0
2024-05-09 09:00:00+09:00,237.0,237.0,232.0,235.0,119763,0.0,0.0
2024-05-09 10:00:00+09:00,235.0,235.0,232.0,234.0,16871,0.0,0.0
2024-05-09 11:00:00+09:00,233.0,234.0,232.0,232.0,28654,0.0,0.0
2024-05-09 12:00:00+09:00,233.0,233.0,232.0,232.0,14850,0.0,0.0
2024-05-09 13:00:00+09:00,233.0,233.0,232.0,233.0,3291,0.0,0.0
2024-05-09 14:00:00+09:00,233.0,234.0,232.0,234.0,15021,0.0,0.0
2024-05-10 09:00:00+09:00,235.0,235.0,232.0,234.0,22904,0.0,0.0
2024-05-10 10:00:00+09:00,234.0,234.0,233.0,233.0,39679,0.0,0.0
2024-05-10 11:00:00+09:00,234.0,234.0,232.0,233.0,25596,0.0,0.0
2024-05-10 12:00:00+09:00,233.0,233.0,232.0,233.0,10669,0.0,0.0
2024-05-10 13:00:00+09:00,233.0,234.0,232.0,233.0,10866,0.0,0.0
2024-05-10 14:00:00+09:00,233.0,234.0,231.0,233.0,18423,0.0,0.0
2024-05-13 09:00:00+09:00,233.0,233.0,229.0,231.0,0,0.0,0.0
2024-05-13 10:00:00+09:00,231.0,231.0,229.0,231.0,13393,0.0,0.0
2024-05-13 11:00:00+09:00,231.0,231.0,231.0,231.0,362,0.0,0.0
2024-05-13 12:00:00+09:00,230.0,231.0,230.0,231.0,4895,0.0,0.0
2024-05-13 13:00:00+09:00,231.0,232.0,231.0,231.0,12407,0.0,0.0
2024-05-13 14:00:00+09:00,230.0,231.0,230.0,231.0,0,0.0,0.0
2024-05-14 09:00:00+09:00,231.0,233.0,230.0,232.0,73886,0.0,0.0
2024-05-14 10:00:00+09:00,232.0,232.0,229.0,232.0,52201,0.0,0.0
2024-05-14 11:00:00+09:00,232.0,232.0,230.0,232.0,3052,0.0,0.0
2024-05-14 12:00:00+09:00,232.0,232.0,230.0,232.0,7928,0.0,0.0
2024-05-14 13:00:00+09:00,231.0,232.0,231.0,232.0,780,0.0,0.0
2024-05-14 14:00:00+09:00,232.0,233.0,231.0,232.0,5864,0.0,0.0
2024-05-16 09:00:00+09:00,233.0,235.0,233.0,234.0,0,0.0,0.0
2024-05-16 10:00:00+09:00,234.0,234.0,231.0,233.0,21383,0.0,0.0
2024-05-16 11:00:00+09:00,233.0,234.0,232.0,234.0,23655,0.0,0.0
2024-05-16 12:00:00+09:00,233.0,234.0,231.0,231.0,13841,0.0,0.0
2024-05-16 13:00:00+09:00,232.0,232.0,231.0,232.0,2839,0.0,0.0
2024-05-16 14:00:00+09:00,232.0,233.0,231.0,233.0,22684,0.0,0.0
2024-05-17 09:00:00+09:00,232.0,238.0,230.0,231.0,110187,0.0,0.0
2024-05-17 10:00:00+09:00,231.0,233.0,231.0,232.0,30331,0.0,0.0
2024-05-17 11:00:00+09:00,232.0,233.0,231.0,233.0,7465,0.0,0.0
2024-05-17 12:00:00+09:00,232.0,232.0,231.0,232.0,15416,0.0,0.0
2024-05-17 13:00:00+09:00,231.0,231.0,229.0,230.0,52504,0.0,0.0
2024-05-17 14:00:00+09:00,231.0,231.0,230.0,231.0,9603,0.0,0.0
2024-05-20 09:00:00+09:00,228.0,235.0,226.0,230.0,0,0.0,0.0
2024-05-20 10:00:00+09:00,230.0,232.0,230.0,232.0,32103,0.0,0.0
2024-05-20 11:00:00+09:00,231.0,232.0,230.0,230.0,0,0.0,0.0
2024-05-20 12:00:00+09:00,232.0,233.0,230.0,231.0,154779,0.0,0.0
2024-05-20 13:00:00+09:00,232.0,232.0,231.0,232.0,1777,0.0,0.0
2024-05-20 14:00:00+09:00,232.0,233.0,231.0,232.0,11313,0.0,0.0
2024-05-21 09:00:00+09:00,235.0,235.0,229.0,232.0,26694,0.0,0.0
2024-05-21 10:00:00+09:00,232.0,232.0,228.0,229.0,43992,0.0,0.0
2024-05-21 11:00:00+09:00,230.0,231.0,229.0,231.0,5060,0.0,0.0
2024-05-21 12:00:00+09:00,229.0,230.0,227.0,230.0,31306,0.0,0.0
2024-05-21 13:00:00+09:00,230.0,231.0,229.0,230.0,20208,0.0,0.0
2024-05-21 14:00:00+09:00,230.0,231.0,228.0,228.0,26416,0.0,0.0
2024-05-22 09:00:00+09:00,228.0,232.0,228.0,230.0,58346,0.0,0.0
2024-05-22 10:00:00+09:00,230.0,230.0,229.0,230.0,3971,0.0,0.0
2024-05-22 11:00:00+09:00,230.0,230.0,228.0,228.0,32442,0.0,0.0
2024-05-22 12:00:00+09:00,228.0,228.0,228.0,228.0,0,0.0,0.0
2024-05-22 13:00:00+09:00,228.0,228.0,228.0,228.0,13794,0.0,0.0
2024-05-22 14:00:00+09:00,228.0,228.0,227.0,228.0,4696,0.0,0.0
2024-05-23 09:00:00+09:00,228.0,233.0,225.0,229.0,33511,0.0,0.0
2024-05-23 10:00:00+09:00,229.0,229.0,226.0,228.0,6539,0.0,0.0
2024-05-23 11:00:00+09:00,228.0,229.0,228.0,229.0,6398,0.0,0.0
2024-05-23 12:00:00+09:00,228.0,229.0,228.0,228.0,6788,0.0,0.0
2024-05-23 13:00:00+09:00,228.0,228.0,227.0,228.0,9276,0.0,0.0
2024-05-23 14:00:00+09:00,227.0,228.0,224.0,224.0,88891,0.0,0.0
2024-05-24 09:00:00+09:00,224.0,228.0,222.0,224.0,108973,0.0,0.0
2024-05-24 10:00:00+09:00,224.0,224.0,223.0,224.0,5997,0.0,0.0
2024-05-24 11:00:00+09:00,224.0,224.0,217.0,220.0,75470,0.0,0.0
2024-05-24 12:00:00+09:00,222.0,222.0,220.0,221.0,11405,0.0,0.0
2024-05-24 13:00:00+09:00,222.0,222.0,221.0,222.0,317,0.0,0.0
2024-05-24 14:00:00+09:00,221.0,222.0,219.0,222.0,57200,0.0,0.0
2024-05-27 09:00:00+09:00,221.0,222.0,215.0,220.0,0,0.0,0.0
2024-05-27 10:00:00+09:00,220.0,221.0,219.0,219.0,66007,0.0,0.0
2024-05-27 11:00:00+09:00,219.0,222.0,219.0,221.0,13745,0.0,0.0
2024-05-27 12:00:00+09:00,220.0,220.0,216.0,218.0,29347,0.0,0.0
2024-05-27 13:00:00+09:00,218.0,218.0,215.0,216.0,88474,0.0,0.0
2024-05-27 14:00:00+09:00,217.0,218.0,217.0,218.0,17721,0.0,0.0
2024-05-28 09:00:00+09:00,219.0,221.0,212.0,215.0,269226,0.0,0.0
2024-05-28 10:00:00+09:00,215.0,219.0,214.0,218.0,231181,0.0,0.0
2024-05-28 11:00:00+09:00,218.0,218.0,210.0,214.0,180692,0.0,0.0
2024-05-28 12:00:00+09:00,214.0,215.0,211.0,215.0,76250,0.0,0.0
2024-05-28 13:00:00+09:00,215.0,215.0,209.0,212.0,295512,0.0,0.0
2024-05-28 14:00:00+09:00,212.0,213.0,209.0,213.0,66421,0.0,0.0
2024-05-29 09:00:00+09:00,218.0,218.0,211.0,212.0,183905,0.0,0.0
2024-05-29 10:00:00+09:00,212.0,212.0,197.0,206.0,281206,0.0,0.0
2024-05-29 11:00:00+09:00,207.0,207.0,205.0,207.0,42671,0.0,0.0
2024-05-29 12:00:00+09:00,207.0,207.0,206.0,207.0,21994,0.0,0.0
2024-05-29 13:00:00+09:00,207.0,210.0,206.0,206.0,48743,0.0,0.0
2024-05-29 14:00:00+09:00,206.0,207.0,205.0,206.0,36027,0.0,0.0
2024-05-30 09:00:00+09:00,206.0,211.0,205.0,206.0,92092,0.0,0.0
2024-05-30 10:00:00+09:00,206.0,208.0,200.0,205.0,166547,0.0,0.0
2024-05-30 11:00:00+09:00,204.0,204.0,202.0,203.0,20171,0.0,0.0
2024-05-30 12:00:00+09:00,203.0,205.0,203.0,203.0,19655,0.0,0.0
2024-05-30 13:00:00+09:00,202.0,205.0,202.0,203.0,4773,0.0,0.0
2024-05-30 14:00:00+09:00,203.0,204.0,202.0,203.0,20731,0.0,0.0
2024-05-31 09:00:00+09:00,202.0,208.0,200.0,204.0,353242,0.0,0.0
2024-05-31 10:00:00+09:00,203.0,210.0,203.0,206.0,103188,0.0,0.0
2024-05-31 11:00:00+09:00,206.0,238.0,205.0,212.0,3243594,0.0,0.0
2024-05-31 12:00:00+09:00,213.0,214.0,208.0,210.0,600120,0.0,0.0
2024-05-31 13:00:00+09:00,209.0,213.0,209.0,212.0,103060,0.0,0.0
2024-05-31 14:00:00+09:00,211.0,212.0,210.0,211.0,132978,0.0,0.0
2024-06-03 09:00:00+09:00,212.0,218.0,210.0,213.0,0,0.0,0.0
2024-06-03 10:00:00+09:00,213.0,219.0,211.0,216.0,256008,0.0,0.0
2024-06-03 11:00:00+09:00,216.0,222.0,215.0,219.0,99368,0.0,0.0
2024-06-03 12:00:00+09:00,220.0,221.0,211.0,213.0,148518,0.0,0.0
2024-06-03 13:00:00+09:00,213.0,214.0,210.0,213.0,60000,0.0,0.0
2024-06-03 14:00:00+09:00,212.0,220.0,210.0,214.0,183675,0.0,0.0
2024-06-04 09:00:00+09:00,212.0,216.0,204.0,210.0,342913,0.0,0.0
2024-06-04 10:00:00+09:00,210.0,211.0,208.0,208.0,64412,0.0,0.0
2024-06-04 11:00:00+09:00,209.0,211.0,208.0,209.0,35558,0.0,0.0
2024-06-04 12:00:00+09:00,209.0,209.0,207.0,208.0,53473,0.0,0.0
2024-06-04 13:00:00+09:00,209.0,209.0,207.0,208.0,38640,0.0,0.0
2024-06-04 14:00:00+09:00,207.0,211.0,207.0,209.0,65082,0.0,0.0
2024-06-05 09:00:00+09:00,207.0,210.0,206.0,207.0,71641,0.0,0.0
2024-06-05 10:00:00+09:00,207.0,209.0,205.0,208.0,70052,0.0,0.0
2024-06-05 11:00:00+09:00,208.0,209.0,206.0,207.0,41983,0.0,0.0
2024-06-05 12:00:00+09:00,208.0,208.0,204.0,208.0,101551,0.0,0.0
2024-06-05 13:00:00+09:00,208.0,211.0,207.0,211.0,44239,0.0,0.0
2024-06-05 14:00:00+09:00,210.0,211.0,209.0,211.0,11981,0.0,0.0
2024-06-07 09:00:00+09:00,216.0,216.0,206.0,206.0,0,0.0,0.0
2024-06-07 10:00:00+09:00,209.0,209.0,204.0,205.0,85816,0.0,0.0
2024-06-07 11:00:00+09:00,205.0,206.0,204.0,205.0,38484,0.0,0.0
2024-06-07 12:00:00+09:00,205.0,206.0,205.0,206.0,9162,0.0,0.0
2024-06-07 13:00:00+09:00,206.0,207.0,205.0,206.0,5130,0.0,0.0
2024-06-07 14:00:00+09:00,205.0,206.0,204.0,204.0,31923,0.0,0.0
2024-06-10 09:00:00+09:00,207.0,210.0,205.0,207.0,0,0.0,0.0
2024-06-10 10:00:00+09:00,207.0,207.0,204.0,205.0,24255,0.0,0.0
2024-06-10 11:00:00+09:00,205.0,205.0,203.0,203.0,35982,0.0,0.0
2024-06-10 12:00:00+09:00,203.0,203.0,201.0,203.0,91892,0.0,0.0
2024-06-10 13:00:00+09:00,203.0,203.0,202.0,202.0,5122,0.0,0.0
2024-06-10 14:00:00+09:00,203.0,206.0,203.0,206.0,28154,0.0,0.0
2024-06-11 09:00:00+09:00,206.0,209.0,204.0,205.0,36830,0.0,0.0
2024-06-11 10:00:00+09:00,206.0,206.0,201.0,201.0,84802,0.0,0.0
2024-06-11 11:00:00+09:00,203.0,204.0,202.0,203.0,132,0.0,0.0
2024-06-11 12:00:00+09:00,203.0,205.0,203.0,204.0,10366,0.0,0.0
2024-06-11 13:00:00+09:00,205.0,205.0,204.0,204.0,11752,0.0,0.0
2024-06-11 14:00:00+09:00,205.0,206.0,204.0,204.0,18559,0.0,0.0
2024-06-12 09:00:00+09:00,204.0,205.0,203.0,205.0,17097,0.0,0.0
2024-06-12 10:00:00+09:00,205.0,205.0,203.0,204.0,12335,0.0,0.0
2024-06-12 11:00:00+09:00,204.0,205.0,204.0,204.0,447,0.0,0.0
2024-06-12 12:00:00+09:00,205.0,205.0,203.0,205.0,12771,0.0,0.0
2024-06-12 13:00:00+09:00,205.0,205.0,203.0,204.0,2172,0.0,0.0
2024-06-12 14:00:00+09:00,204.0,205.0,202.0,204.0,33123,0.0,0.0
2024-06-13 09:00:00+09:00,202.0,203.0,202.0,203.0,5828,0.0,0.0
2024-06-13 10:00:00+09:00,203.0,203.0,202.0,202.0,16935,0.0,0.0
2024-06-13 11:00:00+09:00,201.0,205.0,201.0,205.0,46958,0.0,0.0
2024-06-13 12:00:00+09:00,204.0,206.0,203.0,204.0,10821,0.0,0.0
2024-06-13 13:00:00+09:00,204.0,205.0,203.0,204.0,16859,0.0,0.0
2024-06-13 14:00:00+09:00,203.0,204.0,202.0,203.0,8221,0.0,0.0
2024-06-14 09:00:00+09:00,204.0,204.0,201.0,202.0,9171,0.0,0.0
2024-06-14 10:00:00+09:00,202.0,203.0,201.0,202.0,14273,0.0,0.0
2024-06-14 11:00:00+09:00,201.0,204.0,201.0,203.0,86169,0.0,0.0
2024-06-14 12:00:00+09:00,204.0,205.0,203.0,205.0,3366,0.0,0.0
2024-06-14 13:00:00+09:00,204.0,205.0,203.0,205.0,576,0.0,0.0
2024-06-14 14:00:00+09:00,205.0,205.0,201.0,205.0,29994,0.0,0.0
2024-06-17 09:00:00+09:00,203.0,203.0,200.0,202.0,0,0.0,0.0
2024-06-17 10:00:00+09:00,202.0,203.0,199.0,202.0,67669,0.0,0.0
2024-06-17 11:00:00+09:00,202.0,202.0,200.0,201.0,32045,0.0,0.0
2024-06-17 12:00:00+09:00,201.0,203.0,200.0,203.0,26114,0.0,0.0
2024-06-17 13:00:00+09:00,202.0,203.0,201.0,202.0,0,0.0,0.0
2024-06-17 14:00:00+09:00,201.0,201.0,199.0,200.0,69289,0.0,0.0
2024-06-18 09:00:00+09:00,198.0,201.0,197.0,201.0,94716,0.0,0.0
2024-06-18 10:00:00+09:00,201.0,201.0,198.0,198.0,28449,0.0,0.0
2024-06-18 11:00:00+09:00,198.0,198.0,197.0,198.0,67601,0.0,0.0
2024-06-18 12:00:00+09:00,198.0,198.0,196.0,197.0,31860,0.0,0.0
2024-06-18 13:00:00+09:00,197.0,198.0,197.0,197.0,0,0.0,0.0
2024-06-18 14:00:00+09:00,197.0,200.0,197.0,200.0,36484,0.0,0.0
2024-06-19 09:00:00+09:00,197.0,201.0,197.0,197.0,75934,0.0,0.0
2024-06-19 10:00:00+09:00,198.0,199.0,198.0,198.0,47228,0.0,0.0
2024-06-19 11:00:00+09:00,199.0,199.0,196.0,196.0,21546,0.0,0.0
2024-06-19 12:00:00+09:00,196.0,198.0,196.0,197.0,7298,0.0,0.0
2024-06-19 13:00:00+09:00,197.0,197.0,193.0,197.0,89282,0.0,0.0
2024-06-19 14:00:00+09:00,196.0,196.0,195.0,196.0,6610,0.0,0.0
2024-06-20 09:00:00+09:00,197.0,197.0,193.0,196.0,82894,0.0,0.0
2024-06-20 10:00:00+09:00,196.0,196.0,190.0,194.0,87110,0.0,0.0
2024-06-20 11:00:00+09:00,193.0,194.0,192.0,194.0,77778,0.0,0.0
2024-06-20 12:00:00+09:00,194.0,196.0,194.0,194.0,40869,0.0,0.0
2024-06-20 13:00:00+09:00,194.0,194.0,192.0,194.0,10593,0.0,0.0
2024-06-20 14:00:00+09:00,192.0,193.0,192.0,193.0,18670,0.0,0.0
2024-06-21 09:00:00+09:00,195.0,195.0,191.0,194.0,72844,0.0,0.0
2024-06-21 10:00:00+09:00,194.0,194.0,192.0,194.0,7914,0.0,0.0
2024-06-21 11:00:00+09:00,193.0,193.0,192.0,192.0,21708,0.0,0.0
2024-06-21 12:00:00+09:00,192.0,193.0,192.0,192.0,4107,0.0,0.0
2024-06-21 13:00:00+09:00,192.0,192.0,192.0,192.0,3010,0.0,0.0
2024-06-21 14:00:00+09:00,191.0,192.0,190.0,191.0,82678,0.0,0.0
2024-06-24 09:00:00+09:00,190.0,191.0,186.0,189.0,0,0.0,0.0
2024-06-24 10:00:00+09:00,189.0,189.0,187.0,188.0,42701,0.0,0.0
2024-06-24 11:00:00+09:00,189.0,189.0,187.0,188.0,19866,0.0,0.0
2024-06-24 12:00:00+09:00,188.0,189.0,186.0,186.0,66015,0.0,0.0
2024-06-24 13:00:00+09:00,188.0,188.0,186.0,186.0,24466,0.0,0.0
2024-06-24 14:00:00+09:00,186.0,187.0,185.0,185.0,57775,0.0,0.0
2024-06-25 09:00:00+09:00,185.0,186.0,183.0,184.0,57418,0.0,0.0
2024-06-25 10:00:00+09:00,184.0,185.0,182.0,185.0,17681,0.0,0.0
2024-06-25 11:00:00+09:00,185.0,185.0,183.0,184.0,22443,0.0,0.0
2024-06-25 12:00:00+09:00,184.0,184.0,183.0,184.0,15353,0.0,0.0
2024-06-25 13:00:00+09:00,184.0,187.0,184.0,187.0,46721,0.0,0.0
2024-06-25 14:00:00+09:00,186.0,187.0,185.0,185.0,4694,0.0,0.0
2024-06-26 09:00:00+09:00,184.0,187.0,184.0,187.0,49522,0.0,0.0
2024-06-26 10:00:00+09:00,187.0,195.0,187.0,194.0,96704,0.0,0.0
2024-06-26 11:00:00+09:00,195.0,195.0,187.0,191.0,52413,0.0,0.0
2024-06-26 12:00:00+09:00,188.0,189.0,187.0,189.0,7336,0.0,0.0
2024-06-26 13:00:00+09:00,189.0,192.0,188.0,191.0,24716,0.0,0.0
2024-06-26 14:00:00+09:00,191.0,192.0,187.0,190.0,15391,0.0,0.0
2024-06-27 09:00:00+09:00,190.0,208.0,187.0,208.0,349235,0.0,0.0
2024-06-27 10:00:00+09:00,209.0,210.0,193.0,196.0,821355,0.0,0.0
2024-06-27 11:00:00+09:00,195.0,196.0,194.0,194.0,27495,0.0,0.0
2024-06-27 12:00:00+09:00,193.0,196.0,193.0,196.0,28774,0.0,0.0
2024-06-27 13:00:00+09:00,195.0,197.0,195.0,196.0,32976,0.0,0.0
2024-06-27 14:00:00+09:00,196.0,196.0,192.0,194.0,24924,0.0,0.0
2024-06-28 09:00:00+09:00,191.0,197.0,191.0,194.0,50966,0.0,0.0
2024-06-28 10:00:00+09:00,193.0,195.0,193.0,193.0,26231,0.0,0.0
2024-06-28 11:00:00+09:00,194.0,196.0,193.0,195.0,19699,0.0,0.0
2024-06-28 12:00:00+09:00,194.0,195.0,191.0,193.0,133040,0.0,0.0
2024-06-28 13:00:00+09:00,192.0,194.0,192.0,194.0,5107,0.0,0.0
2024-06-28 14:00:00+09:00,193.0,194.0,192.0,194.0,4425,0.0,0.0
2024-07-01 09:00:00+09:00,192.0,195.0,187.0,190.0,0,0.0,0.0
2024-07-01 10:00:00+09:00,188.0,192.0,188.0,189.0,127947,0.0,0.0
2024-07-01 11:00:00+09:00,189.0,191.0,187.0,191.0,12194,0.0,0.0
2024-07-01 12:00:00+09:00,191.0,191.0,188.0,189.0,2271,0.0,0.0
2024-07-01 13:00:00+09:00,189.0,191.0,188.0,189.0,6958,0.0,0.0
2024-07-01 14:00:00+09:00,190.0,190.0,189.0,190.0,12907,0.0,0.0
2024-07-02 09:00:00+09:00,185.0,191.0,185.0,188.0,95020,0.0,0.0
2024-07-02 10:00:00+09:00,188.0,189.0,185.0,186.0,31669,0.0,0.0
2024-07-02 11:00:00+09:00,187.0,187.0,186.0,186.0,4363,0.0,0.0
2024-07-02 12:00:00+09:00,185.0,187.0,185.0,186.0,41627,0.0,0.0
2024-07-02 13:00:00+09:00,186.0,187.0,186.0,187.0,1603,0.0,0.0
2024-07-02 14:00:00+09:00,186.0,186.0,184.0,184.0,33136,0.0,0.0
2024-07-03 09:00:00+09:00,184.0,193.0,184.0,189.0,167940,0.0,0.0
2024-07-03 10:00:00+09:00,189.0,189.0,184.0,188.0,44347,0.0,0.0
2024-07-03 11:00:00+09:00,188.0,189.0,187.0,188.0,8086,0.0,0.0
2024-07-03 12:00:00+09:00,188.0,188.0,185.0,186.0,134595,0.0,0.0
2024-07-03 13:00:00+09:00,186.0,188.0,184.0,185.0,47329,0.0,0.0
2024-07-03 14:00:00+09:00,185.0,186.0,182.0,182.0,56374,0.0,0.0
2024-07-04 09:00:00+09:00,179.0,184.0,178.0,183.0,74094,0.0,0.0
2024-07-04 10:00:00+09:00,182.0,184.0,181.0,183.0,11062,0.0,0.0
2024-07-04 11:00:00+09:00,182.0,183.0,180.0,183.0,30875,0.0,0.0
2024-07-04 12:00:00+09:00,180.0,181.0,180.0,180.0,22579,0.0,0.0
2024-07-04 13:00:00+09:00,181.0,182.0,179.0,180.0,33590,0.0,0.0
2024-07-04 14:00:00+09:00,180.0,182.0,180.0,180.0,41821,0.0,0.0
2024-07-05 09:00:00+09:00,183.0,185.0,178.0,180.0,0,0.0,0.0
2024-07-05 10:00:00+09:00,182.0,183.0,180.0,182.0,74138,0.0,0.0
2024-07-05 11:00:00+09:00,182.0,185.0,181.0,181.0,49952,0.0,0.0
2024-07-05 12:00:00+09:00,184.0,194.0,183.0,190.0,176269,0.0,0.0
2024-07-05 13:00:00+09:00,190.0,191.0,186.0,189.0,39832,0.0,0.0
2024-07-05 14:00:00+09:00,188.0,189.0,187.0,188.0,14247,0.0,0.0
