Datetime,Open,High,Low,Close,Volume,Dividends,Stock Splits
2022-07-07 09:00:00+09:00,50000.0,50000.0,49400.0,49700.0,0,0.0,0.0
2022-07-07 10:00:00+09:00,49700.0,49850.0,49600.0,49650.0,356,0.0,0.0
2022-07-07 11:00:00+09:00,49750.0,49750.0,49450.0,49450.0,612,0.0,0.0
2022-07-07 12:00:00+09:00,49500.0,49750.0,49450.0,49750.0,702,0.0,0.0
2022-07-07 13:00:00+09:00,49750.0,49800.0,49650.0,49750.0,298,0.0,0.0
2022-07-07 14:00:00+09:00,49750.0,49750.0,49500.0,49700.0,520,0.0,0.0
2022-07-08 09:00:00+09:00,49500.0,50000.0,48850.0,49800.0,0,0.0,0.0
2022-07-08 10:00:00+09:00,49800.0,49900.0,49700.0,49800.0,335,0.0,0.0
2022-07-08 11:00:00+09:00,49800.0,50100.0,49650.0,50000.0,830,0.0,0.0
2022-07-08 12:00:00+09:00,50000.0,50200.0,49650.0,49900.0,753,0.0,0.0
2022-07-08 13:00:00+09:00,49900.0,50000.0,49800.0,49900.0,834,0.0,0.0
2022-07-08 14:00:00+09:00,49950.0,50100.0,49900.0,50000.0,1454,0.0,0.0
2022-07-11 09:00:00+09:00,50000.0,50300.0,49200.0,50300.0,0,0.0,0.0
2022-07-11 10:00:00+09:00,50200.0,50300.0,49600.0,49600.0,234,0.0,0.0
2022-07-11 11:00:00+09:00,49600.0,49800.0,49600.0,49800.0,180,0.0,0.0
2022-07-11 12:00:00+09:00,49650.0,50000.0,49650.0,50000.0,300,0.0,0.0
2022-07-11 13:00:00+09:00,49950.0,50100.0,49800.0,50100.0,316,0.0,0.0
2022-07-11 14:00:00+09:00,50000.0,50300.0,49800.0,50300.0,872,0.0,0.0
2022-07-12 09:00:00+09:00,50300.0,50300.0,49500.0,49700.0,0,0.0,0.0
2022-07-12 10:00:00+09:00,49850.0,50000.0,49500.0,49700.0,403,0.0,0.0
2022-07-12 11:00:00+09:00,49700.0,49950.0,49650.0,49950.0,175,0.0,0.0
2022-07-12 12:00:00+09:00,49950.0,49950.0,49650.0,49900.0,102,0.0,0.0
2022-07-12 13:00:00+09:00,49900.0,49900.0,49400.0,49850.0,506,0.0,0.0
2022-07-12 14:00:00+09:00,49750.0,49850.0,49700.0,49750.0,99,0.0,0.0
2022-07-13 09:00:00+09:00,49550.0,49550.0,48800.0,48850.0,0,0.0,0.0
2022-07-13 10:00:00+09:00,49000.0,49800.0,48850.0,49800.0,807,0.0,0.0
2022-07-13 11:00:00+09:00,49800.0,50300.0,49800.0,50200.0,747,0.0,0.0
2022-07-13 12:00:00+09:00,50100.0,50200.0,49800.0,49800.0,137,0.0,0.0
2022-07-13 13:00:00+09:00,49850.0,49950.0,49650.0,49950.0,148,0.0,0.0
2022-07-13 14:00:00+09:00,49950.0,50300.0,49650.0,49850.0,1335,0.0,0.0
2022-07-14 09:00:00+09:00,49650.0,50100.0,49650.0,50000.0,0,0.0,0.0
2022-07-14 10:00:00+09:00,49950.0,50000.0,49900.0,49900.0,105,0.0,0.0
2022-07-14 11:00:00+09:00,49950.0,50000.0,49950.0,50000.0,197,0.0,0.0
2022-07-14 12:00:00+09:00,49950.0,50100.0,49950.0,50100.0,129,0.0,0.0
2022-07-14 13:00:00+09:00,50100.0,50100.0,49900.0,50000.0,336,0.0,0.0
2022-07-14 14:00:00+09:00,49850.0,49900.0,49750.0,49750.0,111,0.0,0.0
2022-07-15 09:00:00+09:00,50400.0,50400.0,49550.0,49550.0,0,0.0,0.0
2022-07-15 10:00:00+09:00,49550.0,49950.0,49500.0,49550.0,210,0.0,0.0
2022-07-15 11:00:00+09:00,49600.0,49900.0,49550.0,49850.0,26,0.0,0.0
2022-07-15 12:00:00+09:00,49900.0,50100.0,49800.0,49800.0,62,0.0,0.0
2022-07-15 13:00:00+09:00,49850.0,49950.0,49800.0,49850.0,142,0.0,0.0
2022-07-15 14:00:00+09:00,49900.0,49900.0,49200.0,49600.0,1755,0.0,0.0
2022-07-18 09:00:00+09:00,50100.0,50100.0,49400.0,49550.0,0,0.0,0.0
2022-07-18 10:00:00+09:00,49550.0,50100.0,49550.0,49700.0,45,0.0,0.0
2022-07-18 11:00:00+09:00,50000.0,50000.0,49650.0,49700.0,231,0.0,0.0
2022-07-18 12:00:00+09:00,49650.0,49900.0,49600.0,49900.0,322,0.0,0.0
2022-07-18 13:00:00+09:00,49900.0,49900.0,49500.0,49550.0,635,0.0,0.0
2022-07-18 14:00:00+09:00,49550.0,49550.0,49300.0,49500.0,2479,0.0,0.0
2022-07-19 09:00:00+09:00,49300.0,50000.0,49050.0,49850.0,0,0.0,0.0
2022-07-19 10:00:00+09:00,49850.0,50000.0,49800.0,50000.0,347,0.0,0.0
2022-07-19 11:00:00+09:00,50000.0,50100.0,49650.0,50000.0,379,0.0,0.0
2022-07-19 12:00:00+09:00,50000.0,50000.0,49500.0,49850.0,394,0.0,0.0
2022-07-19 13:00:00+09:00,49900.0,49900.0,49500.0,49900.0,350,0.0,0.0
2022-07-19 14:00:00+09:00,49850.0,50000.0,49750.0,50000.0,580,0.0,0.0
2022-07-20 09:00:00+09:00,50500.0,50700.0,50000.0,50300.0,0,0.0,0.0
2022-07-20 10:00:00+09:00,50300.0,50300.0,49950.0,50200.0,162,0.0,0.0
2022-07-20 11:00:00+09:00,50200.0,50200.0,50000.0,50200.0,35,0.0,0.0
2022-07-20 12:00:00+09:00,50200.0,50200.0,50100.0,50200.0,31,0.0,0.0
2022-07-20 13:00:00+09:00,50200.0,50300.0,50100.0,50300.0,96,0.0,0.0
2022-07-20 14:00:00+09:00,50300.0,50600.0,49900.0,50400.0,2098,0.0,0.0
2022-07-21 09:00:00+09:00,50200.0,50400.0,49900.0,50300.0,0,0.0,0.0
2022-07-21 10:00:00+09:00,50300.0,50400.0,50100.0,50400.0,343,0.0,0.0
2022-07-21 11:00:00+09:00,50400.0,50600.0,50200.0,50600.0,322,0.0,0.0
2022-07-21 12:00:00+09:00,50600.0,50600.0,50400.0,50500.0,420,0.0,0.0
2022-07-21 13:00:00+09:00,50500.0,50600.0,50000.0,50400.0,875,0.0,0.0
2022-07-21 14:00:00+09:00,50400.0,50500.0,50000.0,50400.0,1166,0.0,0.0
2022-07-22 09:00:00+09:00,50500.0,50500.0,50100.0,50200.0,0,0.0,0.0
2022-07-22 10:00:00+09:00,50200.0,50400.0,50000.0,50400.0,211,0.0,0.0
2022-07-22 11:00:00+09:00,50400.0,50400.0,49900.0,50000.0,0,0.0,0.0
2022-07-22 12:00:00+09:00,50000.0,50000.0,49850.0,49850.0,1019,0.0,0.0
2022-07-22 13:00:00+09:00,49850.0,50000.0,49450.0,49450.0,1187,0.0,0.0
2022-07-22 14:00:00+09:00,49500.0,50300.0,49400.0,50300.0,1741,0.0,0.0
2022-07-25 09:00:00+09:00,49700.0,49950.0,49350.0,49950.0,0,0.0,0.0
2022-07-25 10:00:00+09:00,49950.0,50100.0,49800.0,50000.0,173,0.0,0.0
2022-07-25 11:00:00+09:00,49950.0,49950.0,49800.0,49800.0,30,0.0,0.0
2022-07-25 12:00:00+09:00,49900.0,49950.0,49750.0,49900.0,26,0.0,0.0
2022-07-25 13:00:00+09:00,49900.0,49950.0,49850.0,49950.0,81,0.0,0.0
2022-07-25 14:00:00+09:00,49950.0,49950.0,49900.0,49950.0,99,0.0,0.0
2022-07-26 09:00:00+09:00,50500.0,50600.0,49950.0,50400.0,0,0.0,0.0
2022-07-26 10:00:00+09:00,50400.0,50500.0,50200.0,50500.0,145,0.0,0.0
2022-07-26 11:00:00+09:00,50400.0,50500.0,50300.0,50300.0,238,0.0,0.0
2022-07-26 12:00:00+09:00,50400.0,50500.0,50100.0,50400.0,137,0.0,0.0
2022-07-26 13:00:00+09:00,50300.0,50600.0,50100.0,50500.0,396,0.0,0.0
2022-07-26 14:00:00+09:00,50400.0,50600.0,50200.0,50600.0,354,0.0,0.0
2022-07-27 09:00:00+09:00,50700.0,50700.0,49800.0,50700.0,0,0.0,0.0
2022-07-27 10:00:00+09:00,50500.0,50700.0,50200.0,50200.0,118,0.0,0.0
2022-07-27 12:00:00+09:00,50300.0,50600.0,50200.0,50500.0,185,0.0,0.0
2022-07-27 13:00:00+09:00,50700.0,50900.0,50500.0,50700.0,318,0.0,0.0
2022-07-27 14:00:00+09:00,50800.0,51200.0,50700.0,50900.0,1064,0.0,0.0
2022-07-28 09:00:00+09:00,51100.0,51300.0,51000.0,51200.0,0,0.0,0.0
2022-07-28 10:00:00+09:00,51100.0,51200.0,51000.0,51200.0,159,0.0,0.0
2022-07-28 11:00:00+09:00,51200.0,51400.0,51000.0,51000.0,644,0.0,0.0
2022-07-28 12:00:00+09:00,51000.0,51300.0,51000.0,51300.0,103,0.0,0.0
2022-07-28 13:00:00+09:00,51200.0,51200.0,51100.0,51200.0,3,0.0,0.0
2022-07-28 14:00:00+09:00,51200.0,51200.0,51000.0,51100.0,70,0.0,0.0
2022-07-29 09:00:00+09:00,51400.0,51700.0,51000.0,51700.0,0,0.0,0.0
2022-07-29 10:00:00+09:00,51700.0,51800.0,51500.0,51700.0,457,0.0,0.0
2022-07-29 11:00:00+09:00,51700.0,51800.0,51500.0,51600.0,970,0.0,0.0
2022-07-29 12:00:00+09:00,51500.0,51600.0,51400.0,51400.0,166,0.0,0.0
2022-07-29 13:00:00+09:00,51600.0,51800.0,51500.0,51700.0,161,0.0,0.0
2022-07-29 14:00:00+09:00,51600.0,51900.0,51500.0,51800.0,1009,0.0,0.0
2022-08-01 09:00:00+09:00,52000.0,52000.0,51600.0,51700.0,0,0.0,0.0
2022-08-01 10:00:00+09:00,51700.0,51900.0,51400.0,51500.0,444,0.0,0.0
2022-08-01 11:00:00+09:00,51500.0,51600.0,51500.0,51500.0,237,0.0,0.0
2022-08-01 12:00:00+09:00,51500.0,51500.0,51300.0,51300.0,287,0.0,0.0
2022-08-01 13:00:00+09:00,51300.0,51700.0,51300.0,51400.0,428,0.0,0.0
2022-08-01 14:00:00+09:00,51500.0,52000.0,51400.0,52000.0,598,0.0,0.0
2022-08-02 09:00:00+09:00,52600.0,52600.0,51500.0,51700.0,0,0.0,0.0
2022-08-02 10:00:00+09:00,52000.0,52200.0,51600.0,51600.0,218,0.0,0.0
2022-08-02 11:00:00+09:00,51700.0,52100.0,51700.0,51700.0,164,0.0,0.0
2022-08-02 12:00:00+09:00,51700.0,51900.0,51500.0,51500.0,964,0.0,0.0
2022-08-02 13:00:00+09:00,51500.0,51700.0,51500.0,51600.0,448,0.0,0.0
2022-08-02 14:00:00+09:00,51500.0,51900.0,51000.0,51400.0,2420,0.0,0.0
2022-08-03 09:00:00+09:00,51800.0,53800.0,51700.0,53100.0,6928,0.0,0.0
2022-08-03 10:00:00+09:00,53000.0,53600.0,52900.0,53000.0,3355,0.0,0.0
2022-08-03 11:00:00+09:00,53000.0,53100.0,52100.0,52100.0,2035,0.0,0.0
2022-08-03 12:00:00+09:00,52200.0,52300.0,51900.0,52100.0,1993,0.0,0.0
2022-08-03 13:00:00+09:00,52100.0,52600.0,52000.0,52300.0,2267,0.0,0.0
2022-08-03 14:00:00+09:00,52300.0,54000.0,52300.0,53900.0,8316,0.0,0.0
2022-08-04 09:00:00+09:00,55000.0,55000.0,53900.0,53900.0,0,0.0,0.0
2022-08-04 10:00:00+09:00,53900.0,54000.0,53800.0,53900.0,505,0.0,0.0
2022-08-04 11:00:00+09:00,53800.0,54000.0,53700.0,53700.0,1039,0.0,0.0
2022-08-04 12:00:00+09:00,53800.0,54100.0,53700.0,54000.0,1288,0.0,0.0
2022-08-04 13:00:00+09:00,54100.0,54800.0,54000.0,54400.0,3786,0.0,0.0
2022-08-04 14:00:00+09:00,54300.0,54600.0,54000.0,54300.0,2014,0.0,0.0
2022-08-05 09:00:00+09:00,54300.0,54500.0,54300.0,54300.0,0,0.0,0.0
2022-08-05 10:00:00+09:00,54300.0,54500.0,53700.0,53900.0,871,0.0,0.0
2022-08-05 11:00:00+09:00,53900.0,54300.0,53600.0,54100.0,545,0.0,0.0
2022-08-05 12:00:00+09:00,54200.0,54200.0,53900.0,53900.0,508,0.0,0.0
2022-08-05 13:00:00+09:00,53900.0,54300.0,53800.0,54300.0,1127,0.0,0.0
2022-08-05 14:00:00+09:00,53900.0,54500.0,53900.0,54300.0,1161,0.0,0.0
2022-08-08 09:00:00+09:00,55200.0,56400.0,54800.0,55000.0,26119,0.0,0.0
2022-08-08 10:00:00+09:00,55100.0,55200.0,54600.0,55000.0,3527,0.0,0.0
2022-08-08 11:00:00+09:00,54900.0,55200.0,54600.0,54700.0,1546,0.0,0.0
2022-08-08 12:00:00+09:00,54700.0,55600.0,54700.0,55500.0,2374,0.0,0.0
2022-08-08 13:00:00+09:00,55400.0,55500.0,55000.0,55400.0,2771,0.0,0.0
2022-08-08 14:00:00+09:00,55300.0,55800.0,55100.0,55600.0,4229,0.0,0.0
2022-08-09 09:00:00+09:00,56200.0,57500.0,55800.0,57200.0,0,0.0,0.0
2022-08-09 10:00:00+09:00,57200.0,57400.0,56700.0,57200.0,8206,0.0,0.0
2022-08-09 11:00:00+09:00,57200.0,57700.0,57000.0,57100.0,7542,0.0,0.0
2022-08-09 12:00:00+09:00,57100.0,57200.0,56900.0,57200.0,4555,0.0,0.0
2022-08-09 13:00:00+09:00,57100.0,57400.0,57000.0,57300.0,4133,0.0,0.0
2022-08-09 14:00:00+09:00,57400.0,57500.0,57200.0,57200.0,6919,0.0,0.0
2022-08-10 09:00:00+09:00,57500.0,58600.0,56900.0,58000.0,0,0.0,0.0
2022-08-10 10:00:00+09:00,57900.0,58600.0,57900.0,58300.0,7795,0.0,0.0
2022-08-10 11:00:00+09:00,58300.0,58400.0,57400.0,57500.0,2475,0.0,0.0
2022-08-10 12:00:00+09:00,57500.0,57800.0,57000.0,57700.0,1447,0.0,0.0
2022-08-10 13:00:00+09:00,57500.0,57500.0,57000.0,57200.0,1144,0.0,0.0
2022-08-10 14:00:00+09:00,57200.0,57600.0,57000.0,57200.0,2130,0.0,0.0
2022-08-11 09:00:00+09:00,57900.0,57900.0,56800.0,57200.0,0,0.0,0.0
2022-08-11 10:00:00+09:00,57100.0,57200.0,56600.0,57000.0,1074,0.0,0.0
2022-08-11 11:00:00+09:00,57100.0,57100.0,56700.0,57100.0,1183,0.0,0.0
2022-08-11 12:00:00+09:00,57000.0,57100.0,56700.0,56900.0,530,0.0,0.0
2022-08-11 13:00:00+09:00,56900.0,57200.0,56900.0,57000.0,574,0.0,0.0
2022-08-11 14:00:00+09:00,57100.0,57700.0,56800.0,57700.0,3951,0.0,0.0
2022-08-12 09:00:00+09:00,57800.0,58000.0,57300.0,57500.0,0,0.0,0.0
2022-08-12 10:00:00+09:00,57500.0,58200.0,57400.0,58100.0,1838,0.0,0.0
2022-08-12 11:00:00+09:00,57900.0,58100.0,57200.0,58000.0,979,0.0,0.0
2022-08-12 12:00:00+09:00,57800.0,57900.0,57700.0,57800.0,69,0.0,0.0
2022-08-12 13:00:00+09:00,57800.0,58000.0,57700.0,57800.0,617,0.0,0.0
2022-08-12 14:00:00+09:00,57800.0,58000.0,57700.0,58000.0,651,0.0,0.0
2022-08-16 09:00:00+09:00,58300.0,58500.0,57000.0,58400.0,0,0.0,0.0
2022-08-16 10:00:00+09:00,58500.0,58500.0,58100.0,58400.0,1894,0.0,0.0
2022-08-16 11:00:00+09:00,58200.0,58500.0,57900.0,58300.0,1395,0.0,0.0
2022-08-16 12:00:00+09:00,58200.0,58400.0,58000.0,58300.0,1038,0.0,0.0
2022-08-16 13:00:00+09:00,58400.0,58400.0,58100.0,58300.0,886,0.0,0.0
2022-08-16 14:00:00+09:00,58300.0,58500.0,58100.0,58300.0,1940,0.0,0.0
2022-08-17 09:00:00+09:00,58800.0,58800.0,57700.0,57700.0,0,0.0,0.0
2022-08-17 10:00:00+09:00,57800.0,57800.0,56500.0,56500.0,4279,0.0,0.0
2022-08-17 11:00:00+09:00,56600.0,56900.0,56400.0,56800.0,1951,0.0,0.0
2022-08-17 12:00:00+09:00,56800.0,56800.0,56400.0,56500.0,770,0.0,0.0
2022-08-17 13:00:00+09:00,56500.0,56500.0,56000.0,56000.0,1689,0.0,0.0
2022-08-17 14:00:00+09:00,56000.0,56800.0,55800.0,56800.0,2088,0.0,0.0
2022-08-18 09:00:00+09:00,55800.0,56100.0,54500.0,55000.0,0,0.0,0.0
2022-08-18 10:00:00+09:00,55000.0,55200.0,54700.0,55200.0,751,0.0,0.0
2022-08-18 11:00:00+09:00,55200.0,55200.0,54800.0,55100.0,852,0.0,0.0
2022-08-18 12:00:00+09:00,55100.0,55200.0,54900.0,55200.0,540,0.0,0.0
2022-08-18 13:00:00+09:00,55100.0,55200.0,54900.0,55000.0,677,0.0,0.0
2022-08-18 14:00:00+09:00,55100.0,55200.0,54600.0,55200.0,1684,0.0,0.0
2022-08-19 09:00:00+09:00,54500.0,55200.0,54200.0,54800.0,0,0.0,0.0
2022-08-19 10:00:00+09:00,54800.0,54800.0,54500.0,54700.0,327,0.0,0.0
2022-08-19 11:00:00+09:00,54700.0,54700.0,54400.0,54600.0,298,0.0,0.0
2022-08-19 12:00:00+09:00,54400.0,54600.0,54100.0,54200.0,1085,0.0,0.0
2022-08-19 13:00:00+09:00,54300.0,54400.0,53900.0,54200.0,1804,0.0,0.0
2022-08-19 14:00:00+09:00,54200.0,54400.0,54000.0,54300.0,275,0.0,0.0
2022-08-22 09:00:00+09:00,53500.0,54000.0,52800.0,53500.0,0,0.0,0.0
2022-08-22 10:00:00+09:00,53500.0,53500.0,53000.0,53300.0,439,0.0,0.0
2022-08-22 11:00:00+09:00,53200.0,53300.0,53000.0,53300.0,211,0.0,0.0
2022-08-22 12:00:00+09:00,53300.0,53300.0,52900.0,53000.0,483,0.0,0.0
2022-08-22 13:00:00+09:00,53000.0,53200.0,52500.0,52700.0,1520,0.0,0.0
2022-08-22 14:00:00+09:00,52700.0,52800.0,52400.0,52600.0,1318,0.0,0.0
2022-08-23 09:00:00+09:00,52100.0,53000.0,52100.0,52500.0,0,0.0,0.0
2022-08-23 10:00:00+09:00,52400.0,52500.0,51700.0,52300.0,17676,0.0,0.0
2022-08-23 11:00:00+09:00,52200.0,52700.0,52200.0,52500.0,438,0.0,0.0
2022-08-23 12:00:00+09:00,52600.0,52700.0,52600.0,52700.0,54,0.0,0.0
2022-08-23 13:00:00+09:00,52600.0,52700.0,52200.0,52200.0,627,0.0,0.0
2022-08-23 14:00:00+09:00,52200.0,52300.0,51800.0,51900.0,2089,0.0,0.0
2022-08-24 09:00:00+09:00,52300.0,52700.0,51900.0,52000.0,0,0.0,0.0
2022-08-24 10:00:00+09:00,52100.0,52300.0,51800.0,51900.0,1702,0.0,0.0
2022-08-24 11:00:00+09:00,51900.0,52200.0,51800.0,51900.0,1566,0.0,0.0
2022-08-24 12:00:00+09:00,51800.0,52400.0,51700.0,52200.0,1167,0.0,0.0
2022-08-24 13:00:00+09:00,52200.0,52900.0,52200.0,52700.0,921,0.0,0.0
2022-08-24 14:00:00+09:00,52800.0,52900.0,52700.0,52700.0,354,0.0,0.0
2022-08-25 09:00:00+09:00,52300.0,53300.0,52300.0,53300.0,0,0.0,0.0
2022-08-25 10:00:00+09:00,53100.0,54100.0,53100.0,53800.0,2219,0.0,0.0
2022-08-25 11:00:00+09:00,53700.0,53800.0,53600.0,53600.0,85,0.0,0.0
2022-08-25 12:00:00+09:00,53600.0,53700.0,53500.0,53600.0,551,0.0,0.0
2022-08-25 13:00:00+09:00,53600.0,53700.0,53600.0,53700.0,45,0.0,0.0
2022-08-25 14:00:00+09:00,53600.0,53900.0,53500.0,53900.0,1927,0.0,0.0
2022-08-26 09:00:00+09:00,53900.0,53900.0,53100.0,53600.0,0,0.0,0.0
2022-08-26 10:00:00+09:00,53600.0,53600.0,53400.0,53400.0,350,0.0,0.0
2022-08-26 11:00:00+09:00,53400.0,53600.0,53300.0,53400.0,350,0.0,0.0
2022-08-26 12:00:00+09:00,53500.0,53700.0,53400.0,53700.0,407,0.0,0.0
2022-08-26 13:00:00+09:00,53700.0,53700.0,53300.0,53600.0,631,0.0,0.0
2022-08-26 14:00:00+09:00,53300.0,53600.0,53300.0,53500.0,617,0.0,0.0
2022-08-29 09:00:00+09:00,52600.0,52600.0,51600.0,52200.0,0,0.0,0.0
2022-08-29 10:00:00+09:00,52300.0,52300.0,51900.0,52000.0,2462,0.0,0.0
2022-08-29 11:00:00+09:00,52000.0,52000.0,51800.0,51900.0,634,0.0,0.0
2022-08-29 12:00:00+09:00,51900.0,51900.0,51600.0,51700.0,2109,0.0,0.0
2022-08-29 13:00:00+09:00,51700.0,51800.0,51600.0,51800.0,989,0.0,0.0
2022-08-29 14:00:00+09:00,51800.0,51800.0,51700.0,51800.0,193,0.0,0.0
2022-08-30 09:00:00+09:00,52000.0,52700.0,51700.0,51900.0,0,0.0,0.0
2022-08-30 10:00:00+09:00,51900.0,52200.0,51800.0,51900.0,1000,0.0,0.0
2022-08-30 11:00:00+09:00,51900.0,52200.0,51800.0,51900.0,707,0.0,0.0
2022-08-30 12:00:00+09:00,51900.0,52300.0,51900.0,52300.0,392,0.0,0.0
2022-08-30 13:00:00+09:00,52100.0,53200.0,52100.0,52800.0,616,0.0,0.0
2022-08-30 14:00:00+09:00,52800.0,52800.0,52100.0,52400.0,375,0.0,0.0
2022-08-31 09:00:00+09:00,52200.0,52600.0,52000.0,52600.0,0,0.0,0.0
2022-08-31 10:00:00+09:00,52600.0,52600.0,52100.0,52600.0,652,0.0,0.0
2022-08-31 11:00:00+09:00,52400.0,52700.0,52300.0,52700.0,269,0.0,0.0
2022-08-31 12:00:00+09:00,52700.0,52900.0,52600.0,52600.0,577,0.0,0.0
2022-08-31 13:00:00+09:00,52700.0,52800.0,52600.0,52700.0,82,0.0,0.0
2022-08-31 14:00:00+09:00,52700.0,52700.0,52500.0,52500.0,688,0.0,0.0
2022-09-01 09:00:00+09:00,52600.0,52600.0,52000.0,52100.0,0,0.0,0.0
2022-09-01 10:00:00+09:00,52100.0,52300.0,52000.0,52300.0,191,0.0,0.0
2022-09-01 11:00:00+09:00,52300.0,52500.0,52200.0,52200.0,367,0.0,0.0
2022-09-01 12:00:00+09:00,52200.0,52300.0,52000.0,52300.0,900,0.0,0.0
2022-09-01 13:00:00+09:00,52300.0,52300.0,52000.0,52200.0,1804,0.0,0.0
2022-09-01 14:00:00+09:00,52100.0,52400.0,52000.0,52400.0,435,0.0,0.0
2022-09-02 09:00:00+09:00,52500.0,53400.0,52000.0,52900.0,0,0.0,0.0
2022-09-02 10:00:00+09:00,52800.0,53400.0,52700.0,53300.0,1565,0.0,0.0
2022-09-02 11:00:00+09:00,53000.0,53100.0,52600.0,53100.0,373,0.0,0.0
2022-09-02 12:00:00+09:00,53100.0,53100.0,52800.0,53100.0,289,0.0,0.0
2022-09-02 13:00:00+09:00,53100.0,53200.0,52800.0,53200.0,0,0.0,0.0
2022-09-02 14:00:00+09:00,53200.0,53500.0,52600.0,52900.0,4835,0.0,0.0
2022-09-05 09:00:00+09:00,52200.0,52800.0,52000.0,52100.0,0,0.0,0.0
2022-09-05 10:00:00+09:00,52100.0,52500.0,52000.0,52500.0,438,0.0,0.0
2022-09-05 11:00:00+09:00,52200.0,52500.0,52100.0,52500.0,112,0.0,0.0
2022-09-05 12:00:00+09:00,52500.0,52500.0,51900.0,52000.0,628,0.0,0.0
2022-09-05 13:00:00+09:00,52000.0,52400.0,51700.0,52000.0,1940,0.0,0.0
2022-09-05 14:00:00+09:00,52200.0,52300.0,51700.0,51900.0,2917,0.0,0.0
2022-09-06 09:00:00+09:00,52500.0,52500.0,51900.0,52000.0,0,0.0,0.0
2022-09-06 10:00:00+09:00,52100.0,52300.0,51700.0,51800.0,2675,0.0,0.0
2022-09-06 11:00:00+09:00,51700.0,52000.0,51700.0,52000.0,78,0.0,0.0
2022-09-06 12:00:00+09:00,52000.0,52000.0,51900.0,51900.0,299,0.0,0.0
2022-09-06 13:00:00+09:00,51900.0,52000.0,51800.0,51800.0,0,0.0,0.0
2022-09-06 14:00:00+09:00,51800.0,52000.0,51600.0,52000.0,6975,0.0,0.0
2022-09-07 09:00:00+09:00,52100.0,52100.0,50900.0,51300.0,0,0.0,0.0
2022-09-07 10:00:00+09:00,51300.0,51400.0,50900.0,51100.0,455,0.0,0.0
2022-09-07 11:00:00+09:00,51000.0,51000.0,50300.0,50300.0,1515,0.0,0.0
2022-09-07 12:00:00+09:00,50300.0,50900.0,50300.0,50400.0,1033,0.0,0.0
2022-09-07 13:00:00+09:00,50400.0,51400.0,50100.0,50100.0,2901,0.0,0.0
2022-09-07 14:00:00+09:00,50100.0,51600.0,50100.0,51600.0,3216,0.0,0.0
2022-09-08 09:00:00+09:00,51400.0,51800.0,51300.0,51600.0,0,0.0,0.0
2022-09-08 10:00:00+09:00,51500.0,51600.0,51000.0,51500.0,1144,0.0,0.0
2022-09-08 11:00:00+09:00,51500.0,51600.0,50700.0,50800.0,957,0.0,0.0
2022-09-08 12:00:00+09:00,50900.0,51000.0,50500.0,51000.0,1363,0.0,0.0
2022-09-08 13:00:00+09:00,51000.0,51000.0,50600.0,50600.0,1732,0.0,0.0
2022-09-08 14:00:00+09:00,50700.0,51700.0,50600.0,51600.0,2276,0.0,0.0
2022-09-13 09:00:00+09:00,51700.0,52400.0,51400.0,51900.0,0,0.0,0.0
2022-09-13 10:00:00+09:00,51900.0,52000.0,51900.0,52000.0,250,0.0,0.0
2022-09-13 11:00:00+09:00,52000.0,52000.0,51500.0,51600.0,683,0.0,0.0
2022-09-13 12:00:00+09:00,51600.0,51900.0,51500.0,51600.0,624,0.0,0.0
2022-09-13 13:00:00+09:00,51700.0,51800.0,51500.0,51600.0,996,0.0,0.0
2022-09-13 14:00:00+09:00,51600.0,51700.0,51600.0,51600.0,591,0.0,0.0
2022-09-14 09:00:00+09:00,51000.0,51000.0,50200.0,50300.0,0,0.0,0.0
2022-09-14 10:00:00+09:00,50400.0,51400.0,50200.0,51400.0,1053,0.0,0.0
2022-09-14 11:00:00+09:00,51200.0,51400.0,50900.0,51400.0,272,0.0,0.0
2022-09-14 12:00:00+09:00,51200.0,51400.0,50800.0,51000.0,423,0.0,0.0
2022-09-14 13:00:00+09:00,51000.0,51200.0,50900.0,51100.0,432,0.0,0.0
2022-09-14 14:00:00+09:00,51100.0,51200.0,50700.0,50900.0,739,0.0,0.0
2022-09-15 09:00:00+09:00,50900.0,50900.0,50000.0,50300.0,0,0.0,0.0
2022-09-15 10:00:00+09:00,50200.0,50300.0,50000.0,50200.0,1542,0.0,0.0
2022-09-15 11:00:00+09:00,50400.0,50800.0,50300.0,50600.0,224,0.0,0.0
2022-09-15 12:00:00+09:00,50400.0,50600.0,50300.0,50600.0,349,0.0,0.0
2022-09-15 13:00:00+09:00,50500.0,50800.0,50500.0,50800.0,787,0.0,0.0
2022-09-15 14:00:00+09:00,50800.0,50900.0,50700.0,50900.0,287,0.0,0.0
2022-09-16 09:00:00+09:00,50200.0,50600.0,50200.0,50400.0,0,0.0,0.0
2022-09-16 10:00:00+09:00,50300.0,50700.0,50300.0,50700.0,73,0.0,0.0
2022-09-16 11:00:00+09:00,50600.0,50900.0,50400.0,50800.0,471,0.0,0.0
2022-09-16 12:00:00+09:00,50900.0,50900.0,50600.0,50700.0,429,0.0,0.0
2022-09-16 13:00:00+09:00,50700.0,50700.0,50500.0,50500.0,10,0.0,0.0
2022-09-16 14:00:00+09:00,50500.0,50600.0,50400.0,50600.0,431,0.0,0.0
2022-09-19 09:00:00+09:00,50700.0,50700.0,49700.0,49800.0,0,0.0,0.0
2022-09-19 10:00:00+09:00,49800.0,50000.0,49700.0,49850.0,1325,0.0,0.0
2022-09-19 11:00:00+09:00,49950.0,49950.0,49650.0,49650.0,909,0.0,0.0
2022-09-19 12:00:00+09:00,49650.0,50000.0,49650.0,49750.0,583,0.0,0.0
2022-09-19 13:00:00+09:00,49750.0,49800.0,49550.0,49550.0,1496,0.0,0.0
2022-09-19 14:00:00+09:00,49550.0,49850.0,49150.0,49850.0,1868,0.0,0.0
2022-09-20 09:00:00+09:00,49800.0,50000.0,49800.0,49900.0,0,0.0,0.0
2022-09-20 10:00:00+09:00,49900.0,49900.0,49750.0,49750.0,119,0.0,0.0
2022-09-20 11:00:00+09:00,49850.0,49950.0,49800.0,49850.0,55,0.0,0.0
2022-09-20 12:00:00+09:00,49900.0,49950.0,49850.0,49950.0,63,0.0,0.0
2022-09-20 13:00:00+09:00,49950.0,49950.0,49900.0,49950.0,35,0.0,0.0
2022-09-20 14:00:00+09:00,49950.0,49950.0,49900.0,49900.0,50,0.0,0.0
2022-09-21 09:00:00+09:00,49400.0,50200.0,49400.0,49950.0,0,0.0,0.0
2022-09-21 10:00:00+09:00,49950.0,49950.0,49700.0,49700.0,603,0.0,0.0
2022-09-21 11:00:00+09:00,49650.0,49750.0,49600.0,49600.0,435,0.0,0.0
2022-09-21 12:00:00+09:00,49750.0,49750.0,49600.0,49600.0,242,0.0,0.0
2022-09-21 13:00:00+09:00,49650.0,49650.0,49550.0,49600.0,141,0.0,0.0
2022-09-21 14:00:00+09:00,49600.0,49600.0,49500.0,49550.0,645,0.0,0.0
2022-09-22 09:00:00+09:00,49600.0,49600.0,49000.0,49050.0,0,0.0,0.0
2022-09-22 10:00:00+09:00,49100.0,49600.0,49050.0,49400.0,1333,0.0,0.0
2022-09-22 11:00:00+09:00,49400.0,50300.0,49400.0,50300.0,1082,0.0,0.0
2022-09-22 12:00:00+09:00,50300.0,50500.0,50000.0,50400.0,707,0.0,0.0
2022-09-22 13:00:00+09:00,50400.0,50500.0,50300.0,50400.0,414,0.0,0.0
2022-09-22 14:00:00+09:00,50400.0,52000.0,50400.0,51600.0,2806,0.0,0.0
2022-09-23 09:00:00+09:00,51600.0,51600.0,50500.0,51000.0,0,0.0,0.0
2022-09-23 10:00:00+09:00,51000.0,51200.0,50800.0,51100.0,366,0.0,0.0
2022-09-23 11:00:00+09:00,51100.0,51300.0,50800.0,51200.0,622,0.0,0.0
2022-09-23 12:00:00+09:00,51200.0,51400.0,50900.0,51200.0,337,0.0,0.0
2022-09-23 13:00:00+09:00,51200.0,51200.0,50600.0,50900.0,401,0.0,0.0
2022-09-23 14:00:00+09:00,50900.0,51100.0,50700.0,50700.0,591,0.0,0.0
2022-09-26 09:00:00+09:00,51000.0,51000.0,49700.0,50200.0,0,0.0,0.0
2022-09-26 10:00:00+09:00,50100.0,50400.0,49500.0,50200.0,2948,0.0,0.0
2022-09-26 11:00:00+09:00,50200.0,50300.0,50000.0,50100.0,227,0.0,0.0
2022-09-26 12:00:00+09:00,50100.0,50100.0,49550.0,49600.0,1689,0.0,0.0
2022-09-26 13:00:00+09:00,49550.0,49850.0,49300.0,49650.0,2992,0.0,0.0
2022-09-26 14:00:00+09:00,49600.0,49700.0,49450.0,49650.0,1624,0.0,0.0
2022-09-27 09:00:00+09:00,49150.0,50100.0,49150.0,49550.0,0,0.0,0.0
2022-09-27 10:00:00+09:00,49550.0,49600.0,48500.0,48650.0,7709,0.0,0.0
2022-09-27 11:00:00+09:00,48700.0,48950.0,48450.0,48750.0,2404,0.0,0.0
2022-09-27 12:00:00+09:00,48750.0,49150.0,48700.0,48950.0,1390,0.0,0.0
2022-09-27 13:00:00+09:00,49000.0,49000.0,48600.0,48800.0,2131,0.0,0.0
2022-09-27 14:00:00+09:00,48800.0,48850.0,48550.0,48550.0,1274,0.0,0.0
2022-09-28 09:00:00+09:00,49400.0,49400.0,48750.0,48750.0,0,0.0,0.0
2022-09-28 10:00:00+09:00,48750.0,49500.0,48700.0,48800.0,2146,0.0,0.0
2022-09-28 11:00:00+09:00,48750.0,48900.0,48750.0,48750.0,775,0.0,0.0
2022-09-28 12:00:00+09:00,48750.0,48850.0,48400.0,48550.0,2279,0.0,0.0
2022-09-28 13:00:00+09:00,48550.0,48600.0,48450.0,48600.0,592,0.0,0.0
2022-09-28 14:00:00+09:00,48600.0,51000.0,48450.0,50500.0,3276,0.0,0.0
2022-09-29 09:00:00+09:00,50300.0,50400.0,49750.0,49850.0,0,0.0,0.0
2022-09-29 10:00:00+09:00,49900.0,50100.0,49400.0,49550.0,1972,0.0,0.0
2022-09-29 11:00:00+09:00,49550.0,49700.0,49400.0,49550.0,1515,0.0,0.0
2022-09-29 12:00:00+09:00,49650.0,50100.0,49600.0,49950.0,347,0.0,0.0
2022-09-29 13:00:00+09:00,49950.0,50300.0,49950.0,50200.0,1363,0.0,0.0
2022-09-29 14:00:00+09:00,50200.0,50500.0,50100.0,50300.0,946,0.0,0.0
2022-09-30 09:00:00+09:00,49050.0,49750.0,49050.0,49500.0,0,0.0,0.0
2022-09-30 10:00:00+09:00,49500.0,50300.0,49450.0,50300.0,929,0.0,0.0
2022-09-30 11:00:00+09:00,50300.0,50300.0,49900.0,50200.0,495,0.0,0.0
2022-09-30 12:00:00+09:00,50300.0,50300.0,49850.0,49950.0,461,0.0,0.0
2022-09-30 13:00:00+09:00,49900.0,50100.0,49850.0,49950.0,540,0.0,0.0
2022-09-30 14:00:00+09:00,50000.0,50000.0,49900.0,49950.0,526,0.0,0.0
2022-10-04 09:00:00+09:00,50300.0,50800.0,50300.0,50700.0,0,0.0,0.0
2022-10-04 10:00:00+09:00,50800.0,51100.0,50500.0,51000.0,1050,0.0,0.0
2022-10-04 11:00:00+09:00,50900.0,51000.0,50700.0,50900.0,227,0.0,0.0
2022-10-04 12:00:00+09:00,50800.0,50900.0,50800.0,50800.0,71,0.0,0.0
2022-10-04 13:00:00+09:00,50700.0,50800.0,50300.0,50700.0,1854,0.0,0.0
2022-10-04 14:00:00+09:00,50600.0,50700.0,50500.0,50600.0,292,0.0,0.0
2022-10-05 09:00:00+09:00,51100.0,51200.0,50400.0,50400.0,0,0.0,0.0
2022-10-05 10:00:00+09:00,50500.0,50500.0,50100.0,50100.0,1666,0.0,0.0
2022-10-05 11:00:00+09:00,50100.0,50200.0,50000.0,50000.0,649,0.0,0.0
2022-10-05 12:00:00+09:00,50000.0,50100.0,49900.0,50000.0,933,0.0,0.0
2022-10-05 13:00:00+09:00,50000.0,50000.0,50000.0,50000.0,445,0.0,0.0
2022-10-05 14:00:00+09:00,50000.0,50200.0,49950.0,50200.0,1175,0.0,0.0
2022-10-06 09:00:00+09:00,50000.0,50600.0,50000.0,50100.0,0,0.0,0.0
2022-10-06 10:00:00+09:00,50300.0,50600.0,50000.0,50600.0,1169,0.0,0.0
2022-10-06 11:00:00+09:00,50400.0,50800.0,50400.0,50700.0,102,0.0,0.0
2022-10-06 12:00:00+09:00,50600.0,50800.0,50500.0,50800.0,53,0.0,0.0
2022-10-06 13:00:00+09:00,50500.0,50700.0,50200.0,50200.0,1007,0.0,0.0
2022-10-06 14:00:00+09:00,50300.0,50500.0,49950.0,50400.0,580,0.0,0.0
2022-10-07 09:00:00+09:00,50600.0,50600.0,50200.0,50300.0,0,0.0,0.0
2022-10-07 10:00:00+09:00,50200.0,50300.0,49950.0,50100.0,302,0.0,0.0
2022-10-07 11:00:00+09:00,50100.0,50300.0,50000.0,50300.0,26,0.0,0.0
2022-10-07 12:00:00+09:00,50300.0,50300.0,50100.0,50300.0,44,0.0,0.0
2022-10-07 13:00:00+09:00,50200.0,50200.0,50000.0,50200.0,203,0.0,0.0
2022-10-07 14:00:00+09:00,50100.0,50100.0,50000.0,50100.0,271,0.0,0.0
2022-10-11 09:00:00+09:00,50200.0,50200.0,49000.0,49050.0,0,0.0,0.0
2022-10-11 10:00:00+09:00,49100.0,49250.0,49000.0,49250.0,794,0.0,0.0
2022-10-11 11:00:00+09:00,49200.0,49200.0,49000.0,49100.0,591,0.0,0.0
2022-10-11 12:00:00+09:00,49050.0,49150.0,49000.0,49150.0,181,0.0,0.0
2022-10-11 13:00:00+09:00,49150.0,49250.0,49100.0,49250.0,695,0.0,0.0
2022-10-11 14:00:00+09:00,49250.0,50000.0,49250.0,50000.0,914,0.0,0.0
2022-10-12 09:00:00+09:00,49600.0,50200.0,49600.0,50000.0,0,0.0,0.0
2022-10-12 10:00:00+09:00,50000.0,50200.0,49000.0,49050.0,1299,0.0,0.0
2022-10-12 11:00:00+09:00,49500.0,49750.0,49450.0,49700.0,283,0.0,0.0
2022-10-12 12:00:00+09:00,49750.0,50100.0,49750.0,50100.0,326,0.0,0.0
2022-10-12 13:00:00+09:00,50100.0,50400.0,49900.0,49900.0,2102,0.0,0.0
2022-10-12 14:00:00+09:00,49950.0,50100.0,49900.0,50000.0,431,0.0,0.0
2022-10-13 09:00:00+09:00,50100.0,50100.0,49550.0,49550.0,0,0.0,0.0
2022-10-13 10:00:00+09:00,49800.0,49900.0,49300.0,49350.0,613,0.0,0.0
2022-10-13 11:00:00+09:00,49350.0,49500.0,49350.0,49450.0,365,0.0,0.0
2022-10-13 12:00:00+09:00,49450.0,49450.0,49300.0,49450.0,294,0.0,0.0
2022-10-13 13:00:00+09:00,49450.0,49850.0,49200.0,49800.0,2093,0.0,0.0
2022-10-13 14:00:00+09:00,49800.0,49850.0,49800.0,49850.0,138,0.0,0.0
2022-10-14 09:00:00+09:00,49350.0,50100.0,49350.0,49900.0,0,0.0,0.0
2022-10-14 10:00:00+09:00,50000.0,50200.0,49950.0,50100.0,252,0.0,0.0
2022-10-14 11:00:00+09:00,50100.0,50100.0,49850.0,49900.0,408,0.0,0.0
2022-10-14 12:00:00+09:00,49950.0,50200.0,49700.0,49700.0,2493,0.0,0.0
2022-10-14 13:00:00+09:00,49700.0,50100.0,49650.0,50100.0,421,0.0,0.0
2022-10-14 14:00:00+09:00,50100.0,50100.0,49950.0,50100.0,188,0.0,0.0
2022-10-17 09:00:00+09:00,58600.0,59300.0,48400.0,48650.0,198187,0.0,0.0
2022-10-17 10:00:00+09:00,48650.0,48700.0,47000.0,47650.0,94133,0.0,0.0
2022-10-17 11:00:00+09:00,47650.0,48050.0,47000.0,48000.0,28807,0.0,0.0
2022-10-17 12:00:00+09:00,48000.0,48650.0,47600.0,48450.0,18091,0.0,0.0
2022-10-17 13:00:00+09:00,48500.0,48650.0,48000.0,48650.0,15132,0.0,0.0
2022-10-17 14:00:00+09:00,48650.0,49750.0,48500.0,49750.0,16158,0.0,0.0
2022-10-18 09:00:00+09:00,49050.0,49400.0,47900.0,48250.0,0,0.0,0.0
2022-10-18 10:00:00+09:00,48300.0,48400.0,48100.0,48350.0,3884,0.0,0.0
2022-10-18 11:00:00+09:00,48350.0,48650.0,48150.0,48450.0,2509,0.0,0.0
2022-10-18 12:00:00+09:00,48500.0,49100.0,48450.0,48750.0,5014,0.0,0.0
2022-10-18 13:00:00+09:00,48750.0,49550.0,48650.0,49250.0,5557,0.0,0.0
2022-10-18 14:00:00+09:00,49250.0,50200.0,49250.0,50100.0,11811,0.0,0.0
2022-10-19 09:00:00+09:00,49600.0,51300.0,49050.0,50900.0,0,0.0,0.0
2022-10-19 10:00:00+09:00,50900.0,54500.0,50300.0,53100.0,59366,0.0,0.0
2022-10-19 11:00:00+09:00,53400.0,53400.0,52000.0,52400.0,15428,0.0,0.0
2022-10-19 12:00:00+09:00,52500.0,53400.0,52000.0,53400.0,7344,0.0,0.0
2022-10-19 13:00:00+09:00,53300.0,53400.0,52400.0,53100.0,8572,0.0,0.0
2022-10-19 14:00:00+09:00,53100.0,53600.0,52400.0,52500.0,12749,0.0,0.0
2022-10-20 09:00:00+09:00,52600.0,53300.0,51800.0,52100.0,0,0.0,0.0
2022-10-20 10:00:00+09:00,52200.0,52300.0,51300.0,51300.0,4990,0.0,0.0
2022-10-20 11:00:00+09:00,51400.0,51500.0,50800.0,51000.0,4599,0.0,0.0
2022-10-20 12:00:00+09:00,50900.0,51300.0,50200.0,50700.0,3425,0.0,0.0
2022-10-20 13:00:00+09:00,50800.0,52300.0,50500.0,52200.0,4855,0.0,0.0
2022-10-20 14:00:00+09:00,52300.0,52500.0,51700.0,52200.0,5993,0.0,0.0
2022-10-21 09:00:00+09:00,51100.0,51900.0,50800.0,51500.0,0,0.0,0.0
2022-10-21 10:00:00+09:00,51500.0,51800.0,50700.0,50900.0,3220,0.0,0.0
2022-10-21 11:00:00+09:00,51300.0,51700.0,51300.0,51700.0,1105,0.0,0.0
2022-10-21 12:00:00+09:00,51700.0,52200.0,51600.0,52100.0,1226,0.0,0.0
2022-10-21 13:00:00+09:00,52000.0,52300.0,51600.0,51700.0,2591,0.0,0.0
2022-10-21 14:00:00+09:00,51700.0,52400.0,51000.0,52300.0,6186,0.0,0.0
2022-10-24 09:00:00+09:00,52100.0,53100.0,51700.0,53100.0,0,0.0,0.0
2022-10-24 10:00:00+09:00,53100.0,53100.0,52100.0,52900.0,1784,0.0,0.0
2022-10-24 11:00:00+09:00,52800.0,52900.0,52600.0,52900.0,584,0.0,0.0
2022-10-24 12:00:00+09:00,52900.0,52900.0,52200.0,52400.0,733,0.0,0.0
2022-10-24 13:00:00+09:00,52400.0,52500.0,52100.0,52200.0,800,0.0,0.0
2022-10-24 14:00:00+09:00,52100.0,52500.0,52100.0,52300.0,882,0.0,0.0
2022-10-25 09:00:00+09:00,51900.0,52000.0,51500.0,52000.0,0,0.0,0.0
2022-10-25 10:00:00+09:00,52000.0,52000.0,51400.0,51600.0,329,0.0,0.0
2022-10-25 11:00:00+09:00,51500.0,51600.0,51000.0,51300.0,2448,0.0,0.0
2022-10-25 12:00:00+09:00,51300.0,51600.0,51300.0,51600.0,415,0.0,0.0
2022-10-25 13:00:00+09:00,51600.0,51800.0,51400.0,51600.0,508,0.0,0.0
2022-10-25 14:00:00+09:00,51600.0,52800.0,51400.0,52600.0,3932,0.0,0.0
2022-10-26 09:00:00+09:00,51800.0,52300.0,51400.0,51500.0,0,0.0,0.0
2022-10-26 10:00:00+09:00,51500.0,51800.0,51300.0,51800.0,633,0.0,0.0
2022-10-26 11:00:00+09:00,51800.0,51800.0,51400.0,51800.0,336,0.0,0.0
2022-10-26 12:00:00+09:00,51800.0,52000.0,51500.0,52000.0,197,0.0,0.0
2022-10-26 13:00:00+09:00,52000.0,52000.0,51600.0,51800.0,397,0.0,0.0
2022-10-26 14:00:00+09:00,51500.0,52500.0,51500.0,52400.0,1380,0.0,0.0
2022-10-27 09:00:00+09:00,51700.0,52700.0,51500.0,52300.0,0,0.0,0.0
2022-10-27 10:00:00+09:00,52300.0,52500.0,52100.0,52400.0,703,0.0,0.0
2022-10-27 11:00:00+09:00,52200.0,53000.0,52100.0,52800.0,2215,0.0,0.0
2022-10-27 12:00:00+09:00,52800.0,52800.0,52400.0,52600.0,441,0.0,0.0
2022-10-27 13:00:00+09:00,52600.0,52700.0,52300.0,52500.0,594,0.0,0.0
2022-10-27 14:00:00+09:00,52700.0,52900.0,52300.0,52800.0,1501,0.0,0.0
2022-10-28 09:00:00+09:00,52500.0,52900.0,52200.0,52700.0,1036,0.0,0.0
2022-10-28 10:00:00+09:00,52700.0,53000.0,52600.0,52900.0,908,0.0,0.0
2022-10-28 11:00:00+09:00,52900.0,52900.0,52200.0,52500.0,456,0.0,0.0
2022-10-28 12:00:00+09:00,52500.0,52600.0,51400.0,51700.0,2815,0.0,0.0
2022-10-28 13:00:00+09:00,51600.0,51700.0,51500.0,51500.0,630,0.0,0.0
2022-10-28 14:00:00+09:00,51600.0,51900.0,51100.0,51800.0,11425,0.0,0.0
2022-10-31 09:00:00+09:00,52000.0,52200.0,51400.0,51600.0,0,0.0,0.0
2022-10-31 10:00:00+09:00,51600.0,51900.0,51500.0,51500.0,342,0.0,0.0
2022-10-31 11:00:00+09:00,51900.0,51900.0,51500.0,51700.0,358,0.0,0.0
2022-10-31 12:00:00+09:00,51700.0,51700.0,51400.0,51500.0,652,0.0,0.0
2022-10-31 13:00:00+09:00,51500.0,52000.0,51500.0,52000.0,329,0.0,0.0
2022-10-31 14:00:00+09:00,51700.0,52000.0,51400.0,51700.0,566,0.0,0.0
2022-11-01 09:00:00+09:00,51600.0,51900.0,51400.0,51500.0,0,0.0,0.0
2022-11-01 10:00:00+09:00,51500.0,52300.0,51500.0,52100.0,1111,0.0,0.0
2022-11-01 11:00:00+09:00,52000.0,52000.0,51800.0,52000.0,116,0.0,0.0
2022-11-01 12:00:00+09:00,51900.0,52000.0,51900.0,52000.0,432,0.0,0.0
2022-11-01 13:00:00+09:00,52000.0,52100.0,51800.0,52100.0,336,0.0,0.0
2022-11-01 14:00:00+09:00,52000.0,53200.0,51900.0,53100.0,6448,0.0,0.0
2022-11-02 09:00:00+09:00,52900.0,53300.0,52400.0,52900.0,0,0.0,0.0
2022-11-02 10:00:00+09:00,52900.0,53400.0,52700.0,53200.0,584,0.0,0.0
2022-11-02 11:00:00+09:00,53200.0,53200.0,52900.0,53200.0,598,0.0,0.0
2022-11-02 12:00:00+09:00,53100.0,53100.0,52900.0,52900.0,46,0.0,0.0
2022-11-02 13:00:00+09:00,53000.0,53100.0,52800.0,53100.0,313,0.0,0.0
2022-11-02 14:00:00+09:00,53000.0,53100.0,52600.0,52800.0,1036,0.0,0.0
2022-11-03 09:00:00+09:00,52100.0,52800.0,52000.0,52800.0,0,0.0,0.0
2022-11-03 10:00:00+09:00,52800.0,52900.0,52200.0,52400.0,1108,0.0,0.0
2022-11-03 11:00:00+09:00,52300.0,52500.0,52000.0,52000.0,1258,0.0,0.0
2022-11-03 12:00:00+09:00,52000.0,52500.0,52000.0,52400.0,671,0.0,0.0
2022-11-03 13:00:00+09:00,52400.0,52900.0,52400.0,52900.0,805,0.0,0.0
2022-11-03 14:00:00+09:00,52900.0,54100.0,52900.0,54100.0,5529,0.0,0.0
2022-11-04 09:00:00+09:00,54300.0,55100.0,54000.0,54600.0,0,0.0,0.0
2022-11-04 10:00:00+09:00,54500.0,54600.0,53400.0,54500.0,2477,0.0,0.0
2022-11-04 11:00:00+09:00,54500.0,54600.0,54200.0,54400.0,728,0.0,0.0
2022-11-04 12:00:00+09:00,54400.0,54400.0,54000.0,54100.0,404,0.0,0.0
2022-11-04 13:00:00+09:00,54000.0,54200.0,53600.0,53900.0,1033,0.0,0.0
2022-11-04 14:00:00+09:00,53900.0,54200.0,53600.0,53700.0,1834,0.0,0.0
2022-11-07 09:00:00+09:00,55100.0,55200.0,53800.0,54300.0,0,0.0,0.0
2022-11-07 10:00:00+09:00,54200.0,54700.0,54100.0,54600.0,1032,0.0,0.0
2022-11-07 11:00:00+09:00,54600.0,54600.0,54200.0,54400.0,274,0.0,0.0
2022-11-07 12:00:00+09:00,54600.0,54600.0,54200.0,54300.0,164,0.0,0.0
2022-11-07 13:00:00+09:00,54500.0,54700.0,54400.0,54600.0,550,0.0,0.0
2022-11-07 14:00:00+09:00,54600.0,54600.0,53900.0,54400.0,2552,0.0,0.0
2022-11-08 09:00:00+09:00,54300.0,54300.0,53500.0,54000.0,0,0.0,0.0
2022-11-08 10:00:00+09:00,54000.0,54300.0,53100.0,54100.0,3051,0.0,0.0
2022-11-08 11:00:00+09:00,54100.0,54100.0,53700.0,54000.0,272,0.0,0.0
2022-11-08 12:00:00+09:00,53900.0,54000.0,53800.0,53900.0,65,0.0,0.0
2022-11-08 13:00:00+09:00,53900.0,54000.0,53600.0,53700.0,482,0.0,0.0
2022-11-08 14:00:00+09:00,53700.0,53900.0,53600.0,53700.0,496,0.0,0.0
2022-11-09 09:00:00+09:00,53400.0,53400.0,53000.0,53200.0,0,0.0,0.0
2022-11-09 10:00:00+09:00,53100.0,53300.0,52900.0,53000.0,1007,0.0,0.0
2022-11-09 11:00:00+09:00,53000.0,53300.0,52700.0,52800.0,872,0.0,0.0
2022-11-09 12:00:00+09:00,53000.0,53100.0,52300.0,52500.0,3698,0.0,0.0
2022-11-09 13:00:00+09:00,52600.0,53000.0,52300.0,52900.0,1837,0.0,0.0
2022-11-09 14:00:00+09:00,52900.0,53100.0,52800.0,52900.0,1334,0.0,0.0
2022-11-10 09:00:00+09:00,52900.0,52900.0,52200.0,52400.0,0,0.0,0.0
2022-11-10 10:00:00+09:00,52400.0,52800.0,52000.0,52500.0,4225,0.0,0.0
2022-11-10 11:00:00+09:00,52500.0,52700.0,52300.0,52400.0,2216,0.0,0.0
2022-11-10 12:00:00+09:00,52500.0,52900.0,52400.0,52600.0,1607,0.0,0.0
2022-11-10 13:00:00+09:00,52600.0,52800.0,52500.0,52500.0,1077,0.0,0.0
2022-11-10 14:00:00+09:00,52600.0,52700.0,52400.0,52500.0,1920,0.0,0.0
2022-11-11 09:00:00+09:00,53300.0,53600.0,52700.0,52900.0,0,0.0,0.0
2022-11-11 10:00:00+09:00,52900.0,53400.0,52700.0,52900.0,4030,0.0,0.0
2022-11-11 11:00:00+09:00,52900.0,53100.0,52800.0,53100.0,1077,0.0,0.0
2022-11-11 12:00:00+09:00,53100.0,53100.0,52500.0,52700.0,1990,0.0,0.0
2022-11-11 13:00:00+09:00,52600.0,53000.0,52600.0,52800.0,731,0.0,0.0
2022-11-11 14:00:00+09:00,52800.0,53000.0,52400.0,52600.0,2789,0.0,0.0
2022-11-14 09:00:00+09:00,52300.0,52900.0,52300.0,52700.0,0,0.0,0.0
2022-11-14 10:00:00+09:00,52700.0,52800.0,52500.0,52600.0,2354,0.0,0.0
2022-11-14 11:00:00+09:00,52500.0,52800.0,52200.0,52800.0,1421,0.0,0.0
2022-11-14 12:00:00+09:00,52800.0,53100.0,52600.0,53100.0,1055,0.0,0.0
2022-11-14 13:00:00+09:00,53000.0,54100.0,53000.0,54100.0,3802,0.0,0.0
2022-11-14 14:00:00+09:00,54100.0,54300.0,53900.0,54000.0,3114,0.0,0.0
2022-11-15 09:00:00+09:00,53700.0,54600.0,53700.0,53900.0,0,0.0,0.0
2022-11-15 10:00:00+09:00,53900.0,54200.0,53600.0,54100.0,1653,0.0,0.0
2022-11-15 11:00:00+09:00,54000.0,54500.0,53700.0,54400.0,1918,0.0,0.0
2022-11-15 12:00:00+09:00,54400.0,55000.0,54300.0,54700.0,3975,0.0,0.0
2022-11-15 13:00:00+09:00,54700.0,55000.0,54600.0,54700.0,2677,0.0,0.0
2022-11-15 14:00:00+09:00,54500.0,54800.0,54400.0,54700.0,2777,0.0,0.0
2022-11-16 09:00:00+09:00,54100.0,54800.0,54100.0,54500.0,0,0.0,0.0
2022-11-16 10:00:00+09:00,54600.0,55300.0,54300.0,55300.0,2985,0.0,0.0
2022-11-16 11:00:00+09:00,55300.0,55600.0,55000.0,55300.0,1706,0.0,0.0
2022-11-16 12:00:00+09:00,55400.0,55800.0,55300.0,55600.0,3300,0.0,0.0
2022-11-16 13:00:00+09:00,55600.0,56200.0,55400.0,55500.0,3731,0.0,0.0
2022-11-16 14:00:00+09:00,55500.0,57300.0,55500.0,57100.0,9017,0.0,0.0
2022-11-17 10:00:00+09:00,57300.0,57500.0,56500.0,56700.0,2343,0.0,0.0
2022-11-17 11:00:00+09:00,56700.0,56800.0,56200.0,56800.0,1616,0.0,0.0
2022-11-17 12:00:00+09:00,56900.0,56900.0,56100.0,56400.0,1450,0.0,0.0
2022-11-17 13:00:00+09:00,56300.0,56900.0,56200.0,56500.0,1563,0.0,0.0
2022-11-17 14:00:00+09:00,56600.0,57000.0,56400.0,56800.0,1588,0.0,0.0
2022-11-18 09:00:00+09:00,56200.0,57000.0,56100.0,56300.0,0,0.0,0.0
2022-11-18 10:00:00+09:00,56400.0,56700.0,56300.0,56700.0,468,0.0,0.0
2022-11-18 11:00:00+09:00,56700.0,56900.0,56600.0,56900.0,485,0.0,0.0
2022-11-18 12:00:00+09:00,56900.0,57000.0,56500.0,56900.0,947,0.0,0.0
2022-11-18 13:00:00+09:00,56800.0,56900.0,56300.0,56600.0,315,0.0,0.0
2022-11-18 14:00:00+09:00,56600.0,56800.0,56300.0,56600.0,197,0.0,0.0
2022-11-21 09:00:00+09:00,56600.0,57100.0,55400.0,55500.0,0,0.0,0.0
2022-11-21 10:00:00+09:00,55600.0,55600.0,55200.0,55400.0,400,0.0,0.0
2022-11-21 11:00:00+09:00,55400.0,55400.0,55200.0,55300.0,611,0.0,0.0
2022-11-21 12:00:00+09:00,55200.0,55600.0,55200.0,55500.0,1135,0.0,0.0
2022-11-21 13:00:00+09:00,55500.0,55600.0,55300.0,55400.0,1090,0.0,0.0
2022-11-21 14:00:00+09:00,55500.0,57200.0,55400.0,57200.0,2900,0.0,0.0
2022-11-22 09:00:00+09:00,56500.0,56900.0,56000.0,56200.0,0,0.0,0.0
2022-11-22 10:00:00+09:00,56300.0,56300.0,55800.0,56000.0,1056,0.0,0.0
2022-11-22 11:00:00+09:00,56100.0,56100.0,55500.0,55500.0,1714,0.0,0.0
2022-11-22 12:00:00+09:00,55800.0,55900.0,55500.0,55500.0,992,0.0,0.0
2022-11-22 13:00:00+09:00,55700.0,55900.0,55400.0,55600.0,940,0.0,0.0
2022-11-22 14:00:00+09:00,55600.0,56800.0,55500.0,56800.0,2125,0.0,0.0
2022-11-23 09:00:00+09:00,56400.0,56400.0,55900.0,56000.0,0,0.0,0.0
2022-11-23 10:00:00+09:00,56000.0,56300.0,56000.0,56100.0,336,0.0,0.0
2022-11-23 11:00:00+09:00,56200.0,56200.0,55900.0,56000.0,118,0.0,0.0
2022-11-23 12:00:00+09:00,56000.0,56400.0,55900.0,56100.0,353,0.0,0.0
2022-11-23 13:00:00+09:00,56100.0,56600.0,56100.0,56300.0,466,0.0,0.0
2022-11-23 14:00:00+09:00,56400.0,56500.0,56200.0,56200.0,104,0.0,0.0
2022-11-24 09:00:00+09:00,56400.0,57100.0,56100.0,56300.0,0,0.0,0.0
2022-11-24 10:00:00+09:00,56200.0,56200.0,55600.0,55600.0,713,0.0,0.0
2022-11-24 11:00:00+09:00,55600.0,55900.0,55600.0,55800.0,405,0.0,0.0
2022-11-24 12:00:00+09:00,56000.0,56000.0,55800.0,56000.0,167,0.0,0.0
2022-11-24 13:00:00+09:00,56000.0,56300.0,55900.0,56300.0,253,0.0,0.0
2022-11-24 14:00:00+09:00,56300.0,57200.0,56300.0,57000.0,4798,0.0,0.0
2022-11-25 09:00:00+09:00,56700.0,56700.0,55900.0,56100.0,0,0.0,0.0
2022-11-25 10:00:00+09:00,56000.0,56100.0,55400.0,55500.0,2119,0.0,0.0
2022-11-25 11:00:00+09:00,55400.0,55500.0,55100.0,55400.0,2408,0.0,0.0
2022-11-25 12:00:00+09:00,55500.0,55500.0,55300.0,55300.0,1079,0.0,0.0
2022-11-25 13:00:00+09:00,55400.0,55400.0,55200.0,55200.0,772,0.0,0.0
2022-11-25 14:00:00+09:00,55200.0,55300.0,54700.0,55000.0,3237,0.0,0.0
2022-11-28 09:00:00+09:00,54300.0,54500.0,53400.0,53400.0,0,0.0,0.0
2022-11-28 10:00:00+09:00,53300.0,53500.0,53100.0,53200.0,1079,0.0,0.0
2022-11-28 11:00:00+09:00,53200.0,53300.0,52800.0,53000.0,1627,0.0,0.0
2022-11-28 12:00:00+09:00,53100.0,53500.0,52900.0,53200.0,811,0.0,0.0
2022-11-28 13:00:00+09:00,53400.0,53500.0,53200.0,53200.0,1702,0.0,0.0
2022-11-28 14:00:00+09:00,53200.0,53500.0,53000.0,53100.0,1349,0.0,0.0
2022-11-29 09:00:00+09:00,52500.0,53300.0,52300.0,52600.0,0,0.0,0.0
2022-11-29 10:00:00+09:00,52600.0,52600.0,51700.0,52100.0,4268,0.0,0.0
2022-11-29 11:00:00+09:00,52100.0,52200.0,51900.0,52000.0,1617,0.0,0.0
2022-11-29 12:00:00+09:00,52100.0,52500.0,51500.0,51700.0,3927,0.0,0.0
2022-11-29 13:00:00+09:00,51800.0,52100.0,50900.0,51000.0,8741,0.0,0.0
2022-11-29 14:00:00+09:00,51000.0,52200.0,50200.0,51900.0,14769,0.0,0.0
2022-11-30 09:00:00+09:00,51800.0,52000.0,51600.0,51700.0,0,0.0,0.0
2022-11-30 10:00:00+09:00,51700.0,52000.0,51400.0,52000.0,1491,0.0,0.0
2022-11-30 11:00:00+09:00,51800.0,52300.0,51700.0,52200.0,1779,0.0,0.0
2022-11-30 12:00:00+09:00,52200.0,52200.0,51700.0,51800.0,1665,0.0,0.0
2022-11-30 13:00:00+09:00,51800.0,51900.0,51500.0,51800.0,1538,0.0,0.0
2022-11-30 14:00:00+09:00,51800.0,51900.0,51200.0,51400.0,3182,0.0,0.0
2022-12-01 09:00:00+09:00,51800.0,52500.0,51200.0,51600.0,0,0.0,0.0
2022-12-01 10:00:00+09:00,51500.0,51700.0,51200.0,51400.0,4024,0.0,0.0
2022-12-01 11:00:00+09:00,51600.0,52000.0,51300.0,51900.0,1792,0.0,0.0
2022-12-01 12:00:00+09:00,52000.0,52100.0,51600.0,52000.0,1440,0.0,0.0
2022-12-01 13:00:00+09:00,52100.0,52100.0,51600.0,52000.0,2308,0.0,0.0
2022-12-01 14:00:00+09:00,52000.0,52100.0,51700.0,51800.0,2022,0.0,0.0
2022-12-02 09:00:00+09:00,51900.0,52900.0,51300.0,52200.0,0,0.0,0.0
2022-12-02 10:00:00+09:00,52400.0,52900.0,52200.0,52700.0,2759,0.0,0.0
2022-12-02 11:00:00+09:00,52800.0,53600.0,52300.0,52400.0,4408,0.0,0.0
2022-12-02 12:00:00+09:00,52400.0,52700.0,52100.0,52300.0,2028,0.0,0.0
2022-12-02 13:00:00+09:00,52400.0,52800.0,52200.0,52600.0,1764,0.0,0.0
2022-12-02 14:00:00+09:00,52400.0,52700.0,52100.0,52100.0,2501,0.0,0.0
2022-12-05 09:00:00+09:00,52500.0,52800.0,52300.0,52600.0,0,0.0,0.0
2022-12-05 10:00:00+09:00,52600.0,53000.0,52400.0,52800.0,5680,0.0,0.0
2022-12-05 11:00:00+09:00,52800.0,52800.0,52200.0,52300.0,2791,0.0,0.0
2022-12-05 12:00:00+09:00,52300.0,52500.0,51700.0,51800.0,1870,0.0,0.0
2022-12-05 13:00:00+09:00,51700.0,52100.0,51600.0,51700.0,2078,0.0,0.0
2022-12-05 14:00:00+09:00,51700.0,52000.0,51500.0,51600.0,3252,0.0,0.0
2022-12-06 09:00:00+09:00,51500.0,51800.0,51400.0,51800.0,0,0.0,0.0
2022-12-06 10:00:00+09:00,51800.0,51800.0,50800.0,50800.0,2879,0.0,0.0
2022-12-06 11:00:00+09:00,50800.0,51500.0,50500.0,51400.0,1748,0.0,0.0
2022-12-06 12:00:00+09:00,51400.0,51700.0,51400.0,51600.0,1075,0.0,0.0
2022-12-06 13:00:00+09:00,51600.0,51700.0,50500.0,50500.0,4127,0.0,0.0
2022-12-06 14:00:00+09:00,50500.0,50800.0,50100.0,50200.0,9195,0.0,0.0
2022-12-07 09:00:00+09:00,50400.0,51200.0,50000.0,51000.0,3146,0.0,0.0
2022-12-07 10:00:00+09:00,51000.0,52000.0,51000.0,51600.0,4363,0.0,0.0
2022-12-07 11:00:00+09:00,51600.0,51800.0,51400.0,51700.0,4968,0.0,0.0
2022-12-07 12:00:00+09:00,51800.0,51800.0,51400.0,51600.0,4511,0.0,0.0
2022-12-07 13:00:00+09:00,51500.0,51700.0,51400.0,51500.0,4846,0.0,0.0
2022-12-07 14:00:00+09:00,51500.0,51800.0,51400.0,51700.0,3549,0.0,0.0
2022-12-08 09:00:00+09:00,51700.0,51900.0,51400.0,51700.0,0,0.0,0.0
2022-12-08 10:00:00+09:00,51600.0,51700.0,51100.0,51300.0,5198,0.0,0.0
2022-12-08 11:00:00+09:00,51300.0,51800.0,51200.0,51500.0,7245,0.0,0.0
2022-12-08 12:00:00+09:00,51500.0,51700.0,51300.0,51500.0,1537,0.0,0.0
2022-12-08 13:00:00+09:00,51500.0,51800.0,51300.0,51300.0,1733,0.0,0.0
2022-12-08 14:00:00+09:00,51500.0,51800.0,51300.0,51800.0,1416,0.0,0.0
2022-12-09 09:00:00+09:00,52000.0,52200.0,51300.0,51500.0,0,0.0,0.0
2022-12-09 10:00:00+09:00,51300.0,51800.0,51300.0,51500.0,2211,0.0,0.0
2022-12-09 11:00:00+09:00,51500.0,51800.0,51400.0,51400.0,893,0.0,0.0
2022-12-09 12:00:00+09:00,51400.0,51800.0,51400.0,51600.0,1249,0.0,0.0
2022-12-09 13:00:00+09:00,51600.0,51800.0,51400.0,51400.0,1058,0.0,0.0
2022-12-09 14:00:00+09:00,51400.0,51700.0,51300.0,51300.0,2581,0.0,0.0
2022-12-12 09:00:00+09:00,51500.0,51900.0,51400.0,51600.0,0,0.0,0.0
2022-12-12 10:00:00+09:00,51700.0,51900.0,51600.0,51900.0,1074,0.0,0.0
2022-12-12 11:00:00+09:00,51800.0,52700.0,51800.0,52000.0,2912,0.0,0.0
2022-12-12 12:00:00+09:00,51900.0,52400.0,51800.0,52200.0,1222,0.0,0.0
2022-12-12 13:00:00+09:00,52200.0,52300.0,52100.0,52300.0,1425,0.0,0.0
2022-12-12 14:00:00+09:00,52300.0,52400.0,52100.0,52100.0,1785,0.0,0.0
2022-12-13 09:00:00+09:00,52700.0,53400.0,52300.0,53100.0,0,0.0,0.0
2022-12-13 10:00:00+09:00,53000.0,53000.0,52300.0,52400.0,1662,0.0,0.0
2022-12-13 11:00:00+09:00,52300.0,52600.0,52200.0,52300.0,1064,0.0,0.0
2022-12-13 12:00:00+09:00,52300.0,52900.0,52100.0,52100.0,1112,0.0,0.0
2022-12-13 13:00:00+09:00,52100.0,52700.0,52100.0,52600.0,862,0.0,0.0
2022-12-13 14:00:00+09:00,52200.0,52800.0,52200.0,52700.0,1198,0.0,0.0
2022-12-14 09:00:00+09:00,53100.0,53400.0,52900.0,53100.0,0,0.0,0.0
2022-12-14 10:00:00+09:00,53100.0,53300.0,53000.0,53300.0,376,0.0,0.0
2022-12-14 11:00:00+09:00,53300.0,53300.0,53000.0,53200.0,611,0.0,0.0
2022-12-14 12:00:00+09:00,53200.0,53400.0,53000.0,53400.0,396,0.0,0.0
2022-12-14 13:00:00+09:00,53400.0,53400.0,52400.0,52400.0,2223,0.0,0.0
2022-12-14 14:00:00+09:00,52400.0,53100.0,52300.0,52800.0,2619,0.0,0.0
2022-12-15 09:00:00+09:00,53100.0,53400.0,52700.0,53000.0,0,0.0,0.0
2022-12-15 10:00:00+09:00,52900.0,53200.0,52800.0,53200.0,786,0.0,0.0
2022-12-15 11:00:00+09:00,53100.0,53400.0,53100.0,53400.0,287,0.0,0.0
2022-12-15 12:00:00+09:00,53300.0,53500.0,53100.0,53200.0,449,0.0,0.0
2022-12-15 13:00:00+09:00,53400.0,53600.0,53200.0,53600.0,522,0.0,0.0
2022-12-15 14:00:00+09:00,53700.0,54000.0,53200.0,53200.0,2437,0.0,0.0
2022-12-16 09:00:00+09:00,52800.0,53300.0,52100.0,53000.0,0,0.0,0.0
2022-12-16 10:00:00+09:00,52900.0,53300.0,52800.0,53300.0,1066,0.0,0.0
2022-12-16 11:00:00+09:00,53300.0,53300.0,52900.0,53100.0,696,0.0,0.0
2022-12-16 12:00:00+09:00,53100.0,53300.0,52900.0,53200.0,832,0.0,0.0
2022-12-16 13:00:00+09:00,53200.0,53300.0,52700.0,53200.0,1483,0.0,0.0
2022-12-16 14:00:00+09:00,53200.0,53300.0,52700.0,53100.0,2532,0.0,0.0
2022-12-19 09:00:00+09:00,52900.0,54000.0,52500.0,54000.0,5973,0.0,0.0
2022-12-19 10:00:00+09:00,54000.0,54400.0,53000.0,53100.0,3463,0.0,0.0
2022-12-19 11:00:00+09:00,53000.0,53400.0,52700.0,52900.0,2215,0.0,0.0
2022-12-19 12:00:00+09:00,52800.0,53000.0,52700.0,52800.0,2293,0.0,0.0
2022-12-19 13:00:00+09:00,52800.0,53200.0,52700.0,52800.0,1978,0.0,0.0
2022-12-19 14:00:00+09:00,52800.0,53500.0,52700.0,53100.0,2502,0.0,0.0
2022-12-20 09:00:00+09:00,52700.0,53100.0,52500.0,53000.0,0,0.0,0.0
2022-12-20 10:00:00+09:00,53000.0,53200.0,52700.0,53200.0,1213,0.0,0.0
2022-12-20 11:00:00+09:00,53100.0,53400.0,53000.0,53200.0,994,0.0,0.0
2022-12-20 12:00:00+09:00,53200.0,53400.0,53000.0,53200.0,1237,0.0,0.0
2022-12-20 13:00:00+09:00,53200.0,53200.0,52700.0,52900.0,1499,0.0,0.0
2022-12-20 14:00:00+09:00,52900.0,53200.0,52700.0,52900.0,1555,0.0,0.0
2022-12-21 09:00:00+09:00,53000.0,53000.0,52700.0,52900.0,0,0.0,0.0
2022-12-21 10:00:00+09:00,52900.0,53200.0,52700.0,53200.0,525,0.0,0.0
2022-12-21 11:00:00+09:00,53300.0,53300.0,52900.0,53000.0,368,0.0,0.0
2022-12-21 12:00:00+09:00,53100.0,53300.0,53000.0,53200.0,296,0.0,0.0
2022-12-21 13:00:00+09:00,53200.0,53400.0,53100.0,53100.0,370,0.0,0.0
2022-12-21 14:00:00+09:00,53100.0,53100.0,53000.0,53100.0,147,0.0,0.0
2022-12-22 09:00:00+09:00,53200.0,53500.0,52700.0,53100.0,0,0.0,0.0
2022-12-22 10:00:00+09:00,53000.0,53200.0,52800.0,52900.0,546,0.0,0.0
2022-12-22 11:00:00+09:00,53000.0,53000.0,52800.0,52800.0,239,0.0,0.0
2022-12-22 12:00:00+09:00,52800.0,52900.0,52800.0,52800.0,89,0.0,0.0
2022-12-22 13:00:00+09:00,52800.0,53000.0,52800.0,52800.0,513,0.0,0.0
2022-12-22 14:00:00+09:00,52800.0,52900.0,52700.0,52700.0,999,0.0,0.0
2022-12-23 09:00:00+09:00,52800.0,53500.0,52700.0,53000.0,0,0.0,0.0
2022-12-23 10:00:00+09:00,53100.0,53300.0,52700.0,52700.0,3503,0.0,0.0
2022-12-23 11:00:00+09:00,52900.0,53400.0,52900.0,53200.0,796,0.0,0.0
2022-12-23 12:00:00+09:00,53100.0,53200.0,53100.0,53200.0,190,0.0,0.0
2022-12-23 13:00:00+09:00,53000.0,53300.0,52700.0,52700.0,10000,0.0,0.0
2022-12-23 14:00:00+09:00,52900.0,53000.0,52600.0,52900.0,7721,0.0,0.0
2022-12-26 09:00:00+09:00,52600.0,53400.0,52600.0,53300.0,0,0.0,0.0
2022-12-26 10:00:00+09:00,53200.0,53200.0,52600.0,53000.0,2711,0.0,0.0
2022-12-26 11:00:00+09:00,53000.0,53400.0,53000.0,53400.0,402,0.0,0.0
2022-12-26 12:00:00+09:00,53300.0,53400.0,53300.0,53400.0,187,0.0,0.0
2022-12-26 13:00:00+09:00,53400.0,53400.0,53200.0,53300.0,317,0.0,0.0
2022-12-26 14:00:00+09:00,53300.0,53300.0,53000.0,53300.0,632,0.0,0.0
2022-12-27 09:00:00+09:00,53400.0,53600.0,53000.0,53600.0,0,0.0,0.0
2022-12-27 10:00:00+09:00,53600.0,54800.0,53600.0,53900.0,4384,0.0,0.0
2022-12-27 11:00:00+09:00,53800.0,54000.0,53600.0,54000.0,1437,0.0,0.0
2022-12-27 12:00:00+09:00,53900.0,54400.0,53900.0,54100.0,2393,0.0,0.0
2022-12-27 13:00:00+09:00,54000.0,54700.0,53900.0,54300.0,5505,0.0,0.0
2022-12-27 14:00:00+09:00,54400.0,54800.0,54200.0,54800.0,2740,0.0,0.0
2022-12-28 09:00:00+09:00,54900.0,55200.0,54400.0,55100.0,0,0.0,0.0
2022-12-28 10:00:00+09:00,55000.0,55400.0,54600.0,55300.0,1690,0.0,0.0
2022-12-28 11:00:00+09:00,55200.0,55300.0,54800.0,55000.0,341,0.0,0.0
2022-12-28 12:00:00+09:00,54900.0,55100.0,54800.0,54900.0,190,0.0,0.0
2022-12-28 13:00:00+09:00,54900.0,54900.0,54700.0,54900.0,161,0.0,0.0
2022-12-28 14:00:00+09:00,54900.0,54900.0,54500.0,54700.0,511,0.0,0.0
2022-12-29 09:00:00+09:00,54100.0,55800.0,54100.0,55500.0,1801,0.0,0.0
2022-12-29 10:00:00+09:00,55400.0,55600.0,55100.0,55400.0,1832,0.0,0.0
2022-12-29 11:00:00+09:00,55300.0,55300.0,54900.0,55100.0,1509,0.0,0.0
2022-12-29 12:00:00+09:00,55100.0,55700.0,55100.0,55100.0,4102,0.0,0.0
2022-12-29 13:00:00+09:00,55100.0,55400.0,54900.0,55100.0,2576,0.0,0.0
2022-12-29 14:00:00+09:00,55200.0,55200.0,55000.0,55100.0,924,0.0,0.0
2023-01-02 10:00:00+09:00,54600.0,56300.0,54600.0,56300.0,9369,0.0,0.0
2023-01-02 11:00:00+09:00,56200.0,56400.0,55800.0,56200.0,3769,0.0,0.0
2023-01-02 12:00:00+09:00,56100.0,56300.0,55700.0,56100.0,4068,0.0,0.0
2023-01-02 13:00:00+09:00,56000.0,56400.0,56000.0,56300.0,4497,0.0,0.0
2023-01-02 14:00:00+09:00,56300.0,56400.0,56100.0,56200.0,5132,0.0,0.0
2023-01-03 09:00:00+09:00,56600.0,57300.0,55600.0,55900.0,0,0.0,0.0
2023-01-03 10:00:00+09:00,56000.0,56100.0,55500.0,55500.0,2419,0.0,0.0
2023-01-03 11:00:00+09:00,55500.0,55700.0,55300.0,55300.0,1322,0.0,0.0
2023-01-03 12:00:00+09:00,55400.0,55900.0,55300.0,55500.0,1304,0.0,0.0
2023-01-03 13:00:00+09:00,55500.0,56000.0,55400.0,55500.0,1539,0.0,0.0
2023-01-03 14:00:00+09:00,55400.0,55800.0,55300.0,55400.0,1621,0.0,0.0
2023-01-04 09:00:00+09:00,56600.0,57100.0,55200.0,55300.0,0,0.0,0.0
2023-01-04 10:00:00+09:00,55300.0,55400.0,54600.0,54600.0,5162,0.0,0.0
2023-01-04 11:00:00+09:00,54600.0,54800.0,54300.0,54400.0,4456,0.0,0.0
2023-01-04 12:00:00+09:00,54400.0,54500.0,54100.0,54100.0,3832,0.0,0.0
2023-01-04 13:00:00+09:00,54200.0,54500.0,53900.0,54100.0,3984,0.0,0.0
2023-01-04 14:00:00+09:00,53900.0,54600.0,53900.0,54200.0,4413,0.0,0.0
2023-01-05 09:00:00+09:00,54900.0,55100.0,53800.0,54100.0,0,0.0,0.0
2023-01-05 10:00:00+09:00,54100.0,54100.0,53800.0,54000.0,1751,0.0,0.0
2023-01-05 11:00:00+09:00,53900.0,54000.0,53700.0,53700.0,1545,0.0,0.0
2023-01-05 12:00:00+09:00,53700.0,53900.0,53700.0,53700.0,890,0.0,0.0
2023-01-05 13:00:00+09:00,53700.0,54400.0,53700.0,54000.0,1245,0.0,0.0
2023-01-05 14:00:00+09:00,54100.0,54400.0,53700.0,54000.0,1470,0.0,0.0
2023-01-06 09:00:00+09:00,53500.0,56500.0,53500.0,55800.0,0,0.0,0.0
2023-01-06 10:00:00+09:00,55900.0,56600.0,55000.0,56500.0,9534,0.0,0.0
2023-01-06 11:00:00+09:00,56400.0,56900.0,56400.0,56500.0,5243,0.0,0.0
2023-01-06 12:00:00+09:00,56400.0,56600.0,56400.0,56400.0,3391,0.0,0.0
2023-01-06 13:00:00+09:00,56400.0,56900.0,56300.0,56800.0,6259,0.0,0.0
2023-01-06 14:00:00+09:00,56900.0,57000.0,56500.0,56800.0,5111,0.0,0.0
2023-01-09 09:00:00+09:00,57200.0,57300.0,56700.0,56900.0,0,0.0,0.0
2023-01-09 10:00:00+09:00,56800.0,57200.0,56800.0,57000.0,1260,0.0,0.0
2023-01-09 11:00:00+09:00,57000.0,57500.0,57000.0,57100.0,2137,0.0,0.0
2023-01-09 12:00:00+09:00,57100.0,57200.0,57000.0,57200.0,846,0.0,0.0
2023-01-09 13:00:00+09:00,57200.0,58400.0,56900.0,58400.0,8843,0.0,0.0
2023-01-09 14:00:00+09:00,58300.0,58800.0,58200.0,58600.0,9192,0.0,0.0
2023-01-10 09:00:00+09:00,58500.0,59200.0,57600.0,58400.0,0,0.0,0.0
2023-01-10 10:00:00+09:00,58400.0,59100.0,58300.0,58900.0,4149,0.0,0.0
2023-01-10 11:00:00+09:00,58800.0,58900.0,58000.0,58400.0,2076,0.0,0.0
2023-01-10 12:00:00+09:00,58400.0,58600.0,58300.0,58500.0,1118,0.0,0.0
2023-01-10 13:00:00+09:00,58500.0,58500.0,57800.0,58200.0,1895,0.0,0.0
2023-01-10 14:00:00+09:00,58100.0,58200.0,58000.0,58100.0,1977,0.0,0.0
2023-01-11 09:00:00+09:00,58400.0,58700.0,57800.0,58000.0,0,0.0,0.0
2023-01-11 10:00:00+09:00,58000.0,59300.0,57800.0,59100.0,11749,0.0,0.0
2023-01-11 11:00:00+09:00,59100.0,59200.0,58700.0,59000.0,5128,0.0,0.0
2023-01-11 12:00:00+09:00,58900.0,59000.0,58900.0,58900.0,3067,0.0,0.0
2023-01-11 13:00:00+09:00,58900.0,58900.0,58500.0,58500.0,922,0.0,0.0
2023-01-11 14:00:00+09:00,58600.0,59600.0,58500.0,59600.0,8507,0.0,0.0
2023-01-12 09:00:00+09:00,59800.0,60400.0,59300.0,60000.0,0,0.0,0.0
2023-01-12 10:00:00+09:00,60000.0,60400.0,59900.0,59900.0,3341,0.0,0.0
2023-01-12 11:00:00+09:00,59900.0,59900.0,59300.0,59400.0,2070,0.0,0.0
2023-01-12 12:00:00+09:00,59400.0,59800.0,59300.0,59300.0,1137,0.0,0.0
2023-01-12 13:00:00+09:00,59400.0,60500.0,59300.0,60500.0,6027,0.0,0.0
2023-01-12 14:00:00+09:00,60500.0,60900.0,60400.0,60900.0,11901,0.0,0.0
2023-01-13 09:00:00+09:00,60600.0,61200.0,60200.0,61000.0,0,0.0,0.0
2023-01-13 10:00:00+09:00,61000.0,61100.0,60500.0,60500.0,8433,0.0,0.0
2023-01-13 11:00:00+09:00,60500.0,61100.0,60400.0,60600.0,4730,0.0,0.0
2023-01-13 12:00:00+09:00,60600.0,60900.0,60200.0,60500.0,2246,0.0,0.0
2023-01-13 13:00:00+09:00,60500.0,60600.0,60300.0,60400.0,2145,0.0,0.0
2023-01-13 14:00:00+09:00,60400.0,61200.0,60100.0,61000.0,4946,0.0,0.0
2023-01-16 09:00:00+09:00,61300.0,62700.0,59400.0,60500.0,0,0.0,0.0
2023-01-16 10:00:00+09:00,60500.0,61200.0,59700.0,59900.0,6821,0.0,0.0
2023-01-16 11:00:00+09:00,59900.0,60000.0,59200.0,59300.0,5662,0.0,0.0
2023-01-16 12:00:00+09:00,59300.0,59600.0,59000.0,59000.0,5560,0.0,0.0
2023-01-16 13:00:00+09:00,59000.0,59300.0,58700.0,58800.0,6871,0.0,0.0
2023-01-16 14:00:00+09:00,58800.0,59000.0,58500.0,58800.0,6606,0.0,0.0
2023-01-17 09:00:00+09:00,58600.0,58700.0,56900.0,57200.0,0,0.0,0.0
2023-01-17 10:00:00+09:00,57100.0,57400.0,57000.0,57300.0,2075,0.0,0.0
2023-01-17 11:00:00+09:00,57300.0,57700.0,57300.0,57400.0,1581,0.0,0.0
2023-01-17 12:00:00+09:00,57400.0,57400.0,57300.0,57300.0,1676,0.0,0.0
2023-01-17 13:00:00+09:00,57400.0,57600.0,57300.0,57400.0,2287,0.0,0.0
2023-01-17 14:00:00+09:00,57300.0,58000.0,57300.0,57700.0,1816,0.0,0.0
2023-01-18 09:00:00+09:00,57200.0,58400.0,57200.0,58000.0,0,0.0,0.0
2023-01-18 10:00:00+09:00,58000.0,58700.0,57800.0,58200.0,5277,0.0,0.0
2023-01-18 11:00:00+09:00,58200.0,58600.0,57900.0,58100.0,3341,0.0,0.0
2023-01-18 12:00:00+09:00,58200.0,58500.0,58100.0,58300.0,1529,0.0,0.0
2023-01-18 13:00:00+09:00,58300.0,58300.0,57900.0,58100.0,1946,0.0,0.0
2023-01-18 14:00:00+09:00,58100.0,58600.0,57800.0,58400.0,3470,0.0,0.0
2023-01-19 09:00:00+09:00,58300.0,58900.0,57500.0,58000.0,0,0.0,0.0
2023-01-19 10:00:00+09:00,58000.0,58900.0,58000.0,58800.0,2763,0.0,0.0
2023-01-19 11:00:00+09:00,58800.0,59600.0,58600.0,59200.0,3308,0.0,0.0
2023-01-19 12:00:00+09:00,59100.0,59700.0,59100.0,59600.0,2598,0.0,0.0
2023-01-19 13:00:00+09:00,59700.0,59700.0,59200.0,59300.0,1402,0.0,0.0
2023-01-19 14:00:00+09:00,59400.0,60000.0,59300.0,60000.0,5833,0.0,0.0
2023-01-20 09:00:00+09:00,59600.0,59600.0,59000.0,59400.0,0,0.0,0.0
2023-01-20 10:00:00+09:00,59300.0,59900.0,59200.0,59400.0,1783,0.0,0.0
2023-01-20 11:00:00+09:00,59400.0,59900.0,59200.0,59600.0,1668,0.0,0.0
2023-01-20 12:00:00+09:00,59700.0,59800.0,59500.0,59600.0,367,0.0,0.0
2023-01-20 13:00:00+09:00,59500.0,60200.0,59500.0,60200.0,2013,0.0,0.0
2023-01-20 14:00:00+09:00,60200.0,60200.0,59800.0,59800.0,2987,0.0,0.0
2023-01-25 09:00:00+09:00,60400.0,63700.0,60400.0,63200.0,24660,0.0,0.0
2023-01-25 10:00:00+09:00,63200.0,64500.0,62700.0,62900.0,20689,0.0,0.0
2023-01-25 11:00:00+09:00,62900.0,63300.0,62500.0,62700.0,6318,0.0,0.0
2023-01-25 12:00:00+09:00,62800.0,62900.0,62200.0,62500.0,2722,0.0,0.0
2023-01-25 13:00:00+09:00,62500.0,62700.0,62100.0,62400.0,5316,0.0,0.0
2023-01-25 14:00:00+09:00,62300.0,64000.0,62200.0,64000.0,16592,0.0,0.0
2023-01-26 09:00:00+09:00,65600.0,65700.0,64100.0,64300.0,12423,0.0,0.0
2023-01-26 10:00:00+09:00,64400.0,65500.0,63300.0,63500.0,4539,0.0,0.0
2023-01-26 11:00:00+09:00,63600.0,65500.0,62900.0,63000.0,5368,0.0,0.0
2023-01-26 12:00:00+09:00,63000.0,65500.0,62900.0,63000.0,2620,0.0,0.0
2023-01-26 13:00:00+09:00,63000.0,65500.0,63000.0,63300.0,3938,0.0,0.0
2023-01-26 14:00:00+09:00,63300.0,65500.0,63100.0,64400.0,7338,0.0,0.0
2023-01-27 09:00:00+09:00,63800.0,64200.0,63000.0,63300.0,3964,0.0,0.0
2023-01-27 10:00:00+09:00,63300.0,63500.0,62700.0,63100.0,3310,0.0,0.0
2023-01-27 11:00:00+09:00,63100.0,63700.0,62800.0,63200.0,1174,0.0,0.0
2023-01-27 12:00:00+09:00,63200.0,63600.0,63100.0,63500.0,492,0.0,0.0
2023-01-27 13:00:00+09:00,63400.0,64200.0,63300.0,63700.0,4093,0.0,0.0
2023-01-27 14:00:00+09:00,63700.0,63800.0,63200.0,63500.0,1413,0.0,0.0
2023-01-30 09:00:00+09:00,64200.0,65200.0,62600.0,62600.0,0,0.0,0.0
2023-01-30 10:00:00+09:00,62700.0,62900.0,61900.0,62400.0,5860,0.0,0.0
2023-01-30 11:00:00+09:00,62400.0,63200.0,62300.0,63000.0,1936,0.0,0.0
2023-01-30 12:00:00+09:00,62800.0,63600.0,62800.0,63300.0,1079,0.0,0.0
2023-01-30 13:00:00+09:00,63300.0,63500.0,63000.0,63400.0,1602,0.0,0.0
2023-01-30 14:00:00+09:00,63300.0,63500.0,62800.0,62900.0,2107,0.0,0.0
2023-01-31 09:00:00+09:00,62100.0,62900.0,61300.0,62200.0,0,0.0,0.0
2023-01-31 10:00:00+09:00,62300.0,62600.0,61600.0,62100.0,1655,0.0,0.0
2023-01-31 11:00:00+09:00,62100.0,62400.0,61800.0,61900.0,454,0.0,0.0
2023-01-31 12:00:00+09:00,61800.0,62300.0,61700.0,62000.0,874,0.0,0.0
2023-01-31 13:00:00+09:00,61900.0,62300.0,61900.0,62100.0,687,0.0,0.0
2023-01-31 14:00:00+09:00,62100.0,63400.0,62100.0,63400.0,5232,0.0,0.0
2023-02-01 09:00:00+09:00,63500.0,63500.0,62500.0,63300.0,2344,0.0,0.0
2023-02-01 10:00:00+09:00,63200.0,63300.0,62800.0,63200.0,1161,0.0,0.0
2023-02-01 11:00:00+09:00,63200.0,63200.0,62500.0,62700.0,2283,0.0,0.0
2023-02-01 12:00:00+09:00,62700.0,63300.0,62600.0,62900.0,1187,0.0,0.0
2023-02-01 13:00:00+09:00,62900.0,63000.0,62500.0,63000.0,1649,0.0,0.0
2023-02-01 14:00:00+09:00,63000.0,63200.0,62600.0,62800.0,3020,0.0,0.0
2023-02-02 09:00:00+09:00,63400.0,63500.0,62400.0,63100.0,0,0.0,0.0
2023-02-02 10:00:00+09:00,63000.0,64400.0,62600.0,64300.0,4495,0.0,0.0
2023-02-02 11:00:00+09:00,64400.0,64400.0,63700.0,64000.0,3925,0.0,0.0
2023-02-02 12:00:00+09:00,64000.0,64900.0,64000.0,64800.0,4151,0.0,0.0
2023-02-02 13:00:00+09:00,64800.0,64900.0,64000.0,64000.0,3893,0.0,0.0
2023-02-02 14:00:00+09:00,64100.0,64500.0,64000.0,64200.0,3045,0.0,0.0
2023-02-03 09:00:00+09:00,63300.0,64400.0,63000.0,63700.0,1833,0.0,0.0
2023-02-03 10:00:00+09:00,63800.0,64000.0,63200.0,63500.0,1041,0.0,0.0
2023-02-03 11:00:00+09:00,63500.0,63500.0,63000.0,63100.0,1351,0.0,0.0
2023-02-03 12:00:00+09:00,63300.0,63500.0,63000.0,63100.0,1480,0.0,0.0
2023-02-03 13:00:00+09:00,63000.0,63200.0,62800.0,62900.0,2280,0.0,0.0
2023-02-03 14:00:00+09:00,62800.0,63800.0,62700.0,63600.0,3196,0.0,0.0
2023-02-06 09:00:00+09:00,63200.0,63600.0,61600.0,62400.0,0,0.0,0.0
2023-02-06 10:00:00+09:00,62300.0,62300.0,61000.0,61200.0,5112,0.0,0.0
2023-02-06 11:00:00+09:00,61200.0,61700.0,61100.0,61200.0,2628,0.0,0.0
2023-02-06 12:00:00+09:00,61200.0,61400.0,61100.0,61300.0,3107,0.0,0.0
2023-02-06 13:00:00+09:00,61400.0,61700.0,61200.0,61400.0,2461,0.0,0.0
2023-02-06 14:00:00+09:00,61400.0,61600.0,61000.0,61400.0,4425,0.0,0.0
2023-02-07 09:00:00+09:00,61500.0,62300.0,61000.0,61300.0,2392,0.0,0.0
2023-02-07 10:00:00+09:00,61300.0,62500.0,61200.0,62000.0,1933,0.0,0.0
2023-02-07 11:00:00+09:00,62000.0,62400.0,61600.0,62100.0,2031,0.0,0.0
2023-02-07 12:00:00+09:00,62100.0,62400.0,61800.0,61900.0,1431,0.0,0.0
2023-02-07 13:00:00+09:00,61900.0,62200.0,61400.0,61900.0,2729,0.0,0.0
2023-02-07 14:00:00+09:00,62000.0,62600.0,61900.0,62500.0,2523,0.0,0.0
2023-02-08 09:00:00+09:00,63700.0,64400.0,62900.0,63300.0,0,0.0,0.0
2023-02-08 10:00:00+09:00,63400.0,63400.0,62600.0,62600.0,3643,0.0,0.0
2023-02-08 11:00:00+09:00,62600.0,63000.0,62200.0,62700.0,2964,0.0,0.0
2023-02-08 12:00:00+09:00,62600.0,62800.0,62500.0,62700.0,2357,0.0,0.0
2023-02-08 13:00:00+09:00,62700.0,63200.0,62100.0,62400.0,4866,0.0,0.0
2023-02-08 14:00:00+09:00,62400.0,62600.0,62100.0,62400.0,5337,0.0,0.0
2023-02-09 09:00:00+09:00,62600.0,62600.0,61700.0,61800.0,4228,0.0,0.0
2023-02-09 10:00:00+09:00,61700.0,62200.0,61300.0,61900.0,9640,0.0,0.0
2023-02-09 11:00:00+09:00,61800.0,62500.0,61700.0,62400.0,2027,0.0,0.0
2023-02-09 12:00:00+09:00,62500.0,63100.0,62300.0,63100.0,2371,0.0,0.0
2023-02-09 13:00:00+09:00,63000.0,63900.0,63000.0,63300.0,3986,0.0,0.0
2023-02-09 14:00:00+09:00,63200.0,63400.0,62900.0,63100.0,2811,0.0,0.0
2023-02-10 09:00:00+09:00,62700.0,62700.0,61600.0,62100.0,0,0.0,0.0
2023-02-10 10:00:00+09:00,61900.0,62400.0,61700.0,62400.0,2044,0.0,0.0
2023-02-10 11:00:00+09:00,62400.0,63600.0,62200.0,63100.0,3300,0.0,0.0
2023-02-10 12:00:00+09:00,63000.0,63100.0,62300.0,62900.0,1726,0.0,0.0
2023-02-10 13:00:00+09:00,62900.0,63000.0,62500.0,62600.0,807,0.0,0.0
2023-02-10 14:00:00+09:00,62600.0,64200.0,62400.0,64100.0,8255,0.0,0.0
2023-02-13 09:00:00+09:00,63000.0,64800.0,62200.0,64700.0,0,0.0,0.0
2023-02-13 10:00:00+09:00,64600.0,64700.0,63700.0,64400.0,3104,0.0,0.0
2023-02-13 11:00:00+09:00,64400.0,65800.0,64300.0,65300.0,6831,0.0,0.0
2023-02-13 12:00:00+09:00,65200.0,65300.0,64500.0,64800.0,5569,0.0,0.0
2023-02-13 13:00:00+09:00,64900.0,65700.0,64600.0,65200.0,11288,0.0,0.0
2023-02-13 14:00:00+09:00,65200.0,65900.0,64500.0,65600.0,11079,0.0,0.0
2023-02-14 09:00:00+09:00,66700.0,67200.0,65200.0,65600.0,8839,0.0,0.0
2023-02-14 10:00:00+09:00,65700.0,66000.0,65200.0,65800.0,2494,0.0,0.0
2023-02-14 11:00:00+09:00,65800.0,66100.0,65600.0,65900.0,873,0.0,0.0
2023-02-14 12:00:00+09:00,65900.0,67400.0,65900.0,67000.0,5075,0.0,0.0
2023-02-14 13:00:00+09:00,67000.0,67200.0,66500.0,66700.0,3926,0.0,0.0
2023-02-14 14:00:00+09:00,66700.0,67200.0,65900.0,67200.0,5688,0.0,0.0
2023-02-15 09:00:00+09:00,64600.0,65000.0,62700.0,63300.0,27793,0.0,0.0
2023-02-15 10:00:00+09:00,63200.0,64200.0,62800.0,63800.0,4884,0.0,0.0
2023-02-15 11:00:00+09:00,63700.0,64100.0,63000.0,63800.0,2734,0.0,0.0
2023-02-15 12:00:00+09:00,63800.0,64300.0,63600.0,64000.0,1696,0.0,0.0
2023-02-15 13:00:00+09:00,64200.0,64400.0,63800.0,64000.0,1729,0.0,0.0
2023-02-15 14:00:00+09:00,64000.0,66500.0,63500.0,66200.0,10612,0.0,0.0
2023-02-16 09:00:00+09:00,66300.0,67200.0,65500.0,66100.0,4948,0.0,0.0
2023-02-16 10:00:00+09:00,66100.0,66600.0,65600.0,66500.0,3081,0.0,0.0
2023-02-16 11:00:00+09:00,66500.0,66700.0,66200.0,66300.0,1126,0.0,0.0
2023-02-16 12:00:00+09:00,66200.0,66400.0,65700.0,66300.0,1258,0.0,0.0
2023-02-16 13:00:00+09:00,66200.0,66300.0,65400.0,66000.0,2333,0.0,0.0
2023-02-16 14:00:00+09:00,66000.0,66000.0,64500.0,65600.0,9905,0.0,0.0
2023-02-17 09:00:00+09:00,65600.0,65600.0,63800.0,64200.0,8169,0.0,0.0
2023-02-17 10:00:00+09:00,64400.0,64600.0,63700.0,63700.0,2868,0.0,0.0
2023-02-17 11:00:00+09:00,63700.0,64600.0,63700.0,64200.0,965,0.0,0.0
2023-02-17 12:00:00+09:00,64300.0,64400.0,64100.0,64200.0,488,0.0,0.0
2023-02-17 13:00:00+09:00,64400.0,65600.0,64300.0,64500.0,3106,0.0,0.0
2023-02-17 14:00:00+09:00,64500.0,64900.0,64000.0,64100.0,3076,0.0,0.0
2023-02-20 09:00:00+09:00,63300.0,63700.0,61700.0,61800.0,0,0.0,0.0
2023-02-20 10:00:00+09:00,61800.0,62400.0,61600.0,62200.0,5185,0.0,0.0
2023-02-20 11:00:00+09:00,62100.0,63000.0,62100.0,62800.0,2312,0.0,0.0
2023-02-20 12:00:00+09:00,62800.0,63200.0,62500.0,63100.0,1252,0.0,0.0
2023-02-20 13:00:00+09:00,63100.0,63700.0,62900.0,63400.0,1908,0.0,0.0
2023-02-20 14:00:00+09:00,63100.0,63300.0,62500.0,63000.0,2217,0.0,0.0
2023-02-21 09:00:00+09:00,63500.0,63500.0,62500.0,62500.0,0,0.0,0.0
2023-02-21 10:00:00+09:00,62500.0,62700.0,61500.0,61600.0,6953,0.0,0.0
2023-02-21 11:00:00+09:00,61600.0,61700.0,61000.0,61000.0,4477,0.0,0.0
2023-02-21 12:00:00+09:00,61000.0,61200.0,60800.0,60800.0,2923,0.0,0.0
2023-02-21 13:00:00+09:00,60700.0,62300.0,60700.0,61700.0,2690,0.0,0.0
2023-02-21 14:00:00+09:00,61800.0,62000.0,61500.0,61600.0,2059,0.0,0.0
2023-02-22 09:00:00+09:00,60600.0,61100.0,59400.0,59800.0,0,0.0,0.0
2023-02-22 10:00:00+09:00,60000.0,60500.0,59500.0,59700.0,5755,0.0,0.0
2023-02-22 11:00:00+09:00,59700.0,60400.0,59600.0,60100.0,3190,0.0,0.0
2023-02-22 12:00:00+09:00,60000.0,60200.0,59600.0,59700.0,1943,0.0,0.0
2023-02-22 13:00:00+09:00,59800.0,60100.0,59000.0,59100.0,5304,0.0,0.0
2023-02-22 14:00:00+09:00,59100.0,59900.0,59000.0,59500.0,3728,0.0,0.0
2023-02-23 09:00:00+09:00,60000.0,60500.0,59000.0,59800.0,0,0.0,0.0
2023-02-23 10:00:00+09:00,59900.0,60700.0,59800.0,60500.0,5304,0.0,0.0
2023-02-23 11:00:00+09:00,60500.0,60600.0,59900.0,60000.0,1270,0.0,0.0
2023-02-23 12:00:00+09:00,60100.0,60400.0,60000.0,60300.0,626,0.0,0.0
2023-02-23 13:00:00+09:00,60200.0,60200.0,59900.0,60000.0,978,0.0,0.0
2023-02-23 14:00:00+09:00,60100.0,61500.0,60100.0,61400.0,8669,0.0,0.0
2023-02-24 09:00:00+09:00,64000.0,66900.0,63300.0,66900.0,26486,0.0,0.0
2023-02-24 10:00:00+09:00,66900.0,67300.0,65600.0,65700.0,21156,0.0,0.0
2023-02-24 11:00:00+09:00,65700.0,66300.0,65200.0,65800.0,6290,0.0,0.0
2023-02-24 12:00:00+09:00,65700.0,65900.0,65000.0,65600.0,3788,0.0,0.0
2023-02-24 13:00:00+09:00,65500.0,66400.0,65000.0,65700.0,6603,0.0,0.0
2023-02-24 14:00:00+09:00,65800.0,67000.0,65700.0,66900.0,11460,0.0,0.0
2023-02-27 09:00:00+09:00,68400.0,69900.0,68000.0,69200.0,0,0.0,0.0
2023-02-27 10:00:00+09:00,69200.0,69500.0,68500.0,68600.0,5595,0.0,0.0
2023-02-27 11:00:00+09:00,68600.0,68800.0,68000.0,68800.0,8215,0.0,0.0
2023-02-27 12:00:00+09:00,68900.0,70000.0,68600.0,68900.0,10072,0.0,0.0
2023-02-27 13:00:00+09:00,68900.0,69000.0,68600.0,68800.0,2910,0.0,0.0
2023-02-27 14:00:00+09:00,68900.0,69500.0,68400.0,69300.0,6347,0.0,0.0
2023-02-28 09:00:00+09:00,70000.0,71600.0,69700.0,70100.0,0,0.0,0.0
2023-02-28 10:00:00+09:00,69900.0,70800.0,69700.0,70500.0,28637,0.0,0.0
2023-02-28 11:00:00+09:00,70300.0,70800.0,70100.0,70500.0,3503,0.0,0.0
2023-02-28 12:00:00+09:00,70600.0,70900.0,70400.0,70700.0,4943,0.0,0.0
2023-02-28 13:00:00+09:00,70800.0,71000.0,70300.0,70600.0,4719,0.0,0.0
2023-02-28 14:00:00+09:00,70600.0,72400.0,70400.0,71600.0,32136,0.0,0.0
2023-03-02 09:00:00+09:00,70600.0,71000.0,68700.0,69200.0,0,0.0,0.0
2023-03-02 10:00:00+09:00,69300.0,70100.0,68800.0,69000.0,6695,0.0,0.0
2023-03-02 11:00:00+09:00,69100.0,69400.0,68800.0,69000.0,4436,0.0,0.0
2023-03-02 12:00:00+09:00,69000.0,69500.0,68800.0,69500.0,3190,0.0,0.0
2023-03-02 13:00:00+09:00,69500.0,69500.0,68200.0,68600.0,6163,0.0,0.0
2023-03-02 14:00:00+09:00,68600.0,69500.0,68100.0,69500.0,6213,0.0,0.0
2023-03-03 09:00:00+09:00,69600.0,69600.0,68200.0,68800.0,0,0.0,0.0
2023-03-03 10:00:00+09:00,68800.0,68900.0,67900.0,68300.0,4648,0.0,0.0
2023-03-03 11:00:00+09:00,68300.0,68400.0,67400.0,67600.0,4761,0.0,0.0
2023-03-03 12:00:00+09:00,67700.0,67900.0,67400.0,67600.0,1953,0.0,0.0
2023-03-03 13:00:00+09:00,67500.0,67700.0,66500.0,66800.0,8865,0.0,0.0
2023-03-03 14:00:00+09:00,66800.0,68200.0,66800.0,67500.0,5647,0.0,0.0
2023-03-06 09:00:00+09:00,67700.0,68100.0,66500.0,68000.0,0,0.0,0.0
2023-03-06 10:00:00+09:00,68000.0,68300.0,67600.0,68200.0,2307,0.0,0.0
2023-03-06 11:00:00+09:00,68200.0,68300.0,67700.0,67700.0,1867,0.0,0.0
2023-03-06 12:00:00+09:00,67900.0,68000.0,67700.0,68000.0,764,0.0,0.0
2023-03-06 13:00:00+09:00,68000.0,68700.0,68000.0,68700.0,1472,0.0,0.0
2023-03-06 14:00:00+09:00,68700.0,69000.0,67600.0,67600.0,2337,0.0,0.0
2023-03-07 09:00:00+09:00,67600.0,67800.0,67100.0,67700.0,0,0.0,0.0
2023-03-07 10:00:00+09:00,67700.0,68200.0,67400.0,67700.0,1168,0.0,0.0
2023-03-07 11:00:00+09:00,67800.0,68200.0,67700.0,67900.0,1585,0.0,0.0
2023-03-07 12:00:00+09:00,67900.0,67900.0,67100.0,67100.0,1738,0.0,0.0
2023-03-07 13:00:00+09:00,67500.0,67600.0,66700.0,67200.0,3332,0.0,0.0
2023-03-07 14:00:00+09:00,67100.0,67200.0,66500.0,67100.0,2543,0.0,0.0
2023-03-08 09:00:00+09:00,66100.0,67500.0,65800.0,66800.0,0,0.0,0.0
2023-03-08 10:00:00+09:00,66800.0,66900.0,66000.0,66900.0,1448,0.0,0.0
2023-03-08 11:00:00+09:00,66600.0,67000.0,66600.0,66900.0,232,0.0,0.0
2023-03-08 12:00:00+09:00,66700.0,66700.0,66000.0,66100.0,2358,0.0,0.0
2023-03-08 13:00:00+09:00,66500.0,66900.0,66300.0,66800.0,524,0.0,0.0
2023-03-08 14:00:00+09:00,66800.0,67900.0,66300.0,67500.0,4813,0.0,0.0
2023-03-09 09:00:00+09:00,67000.0,67200.0,66500.0,66500.0,0,0.0,0.0
2023-03-09 10:00:00+09:00,66500.0,67800.0,66000.0,66800.0,4786,0.0,0.0
2023-03-09 11:00:00+09:00,66800.0,67400.0,66800.0,67200.0,581,0.0,0.0
2023-03-09 12:00:00+09:00,67300.0,67700.0,67100.0,67600.0,836,0.0,0.0
2023-03-09 13:00:00+09:00,67600.0,67600.0,67000.0,67000.0,959,0.0,0.0
2023-03-09 14:00:00+09:00,66900.0,67300.0,66600.0,67300.0,1236,0.0,0.0
2023-03-10 09:00:00+09:00,66000.0,66200.0,65300.0,66000.0,0,0.0,0.0
2023-03-10 10:00:00+09:00,66000.0,66100.0,65400.0,65500.0,2069,0.0,0.0
2023-03-10 11:00:00+09:00,65500.0,65600.0,65000.0,65100.0,2075,0.0,0.0
2023-03-10 12:00:00+09:00,65100.0,65300.0,65000.0,65300.0,949,0.0,0.0
2023-03-10 13:00:00+09:00,65300.0,65300.0,64500.0,64600.0,1986,0.0,0.0
2023-03-10 14:00:00+09:00,64500.0,65500.0,64400.0,65300.0,3879,0.0,0.0
2023-03-13 09:00:00+09:00,64500.0,65000.0,63300.0,63500.0,0,0.0,0.0
2023-03-13 10:00:00+09:00,63500.0,64200.0,63100.0,63200.0,6662,0.0,0.0
2023-03-13 11:00:00+09:00,63200.0,63800.0,62900.0,63200.0,6012,0.0,0.0
2023-03-13 12:00:00+09:00,63200.0,63400.0,62400.0,62900.0,11587,0.0,0.0
2023-03-13 13:00:00+09:00,62900.0,63000.0,62300.0,62400.0,6912,0.0,0.0
2023-03-13 14:00:00+09:00,62400.0,63800.0,61900.0,63500.0,14468,0.0,0.0
2023-03-14 09:00:00+09:00,63100.0,63100.0,61500.0,61700.0,0,0.0,0.0
2023-03-14 10:00:00+09:00,61700.0,63500.0,61200.0,62700.0,5624,0.0,0.0
2023-03-14 11:00:00+09:00,62800.0,62800.0,62000.0,62400.0,1151,0.0,0.0
2023-03-14 12:00:00+09:00,62400.0,62400.0,61900.0,62000.0,1087,0.0,0.0
2023-03-14 13:00:00+09:00,62100.0,62300.0,61600.0,62100.0,2833,0.0,0.0
2023-03-14 14:00:00+09:00,62000.0,63000.0,61900.0,62700.0,3348,0.0,0.0
2023-03-15 09:00:00+09:00,63000.0,64300.0,62600.0,63000.0,0,0.0,0.0
2023-03-15 10:00:00+09:00,62900.0,63000.0,61800.0,62100.0,4962,0.0,0.0
2023-03-15 11:00:00+09:00,62100.0,62700.0,62000.0,62600.0,2632,0.0,0.0
2023-03-15 12:00:00+09:00,62700.0,62700.0,62300.0,62400.0,3669,0.0,0.0
2023-03-15 13:00:00+09:00,62500.0,62700.0,62200.0,62200.0,3810,0.0,0.0
2023-03-15 14:00:00+09:00,62300.0,62600.0,61700.0,62600.0,4685,0.0,0.0
2023-03-16 09:00:00+09:00,62000.0,62500.0,61100.0,62000.0,0,0.0,0.0
2023-03-16 10:00:00+09:00,62000.0,62600.0,61800.0,62100.0,3379,0.0,0.0
2023-03-16 11:00:00+09:00,62100.0,63200.0,62000.0,62600.0,4313,0.0,0.0
2023-03-16 12:00:00+09:00,62400.0,62700.0,62100.0,62300.0,2145,0.0,0.0
2023-03-16 13:00:00+09:00,62400.0,62900.0,62200.0,62500.0,2560,0.0,0.0
2023-03-16 14:00:00+09:00,62600.0,63600.0,62500.0,63500.0,3288,0.0,0.0
2023-03-17 09:00:00+09:00,64500.0,64500.0,62800.0,63000.0,0,0.0,0.0
2023-03-17 10:00:00+09:00,63100.0,63500.0,62900.0,63100.0,2350,0.0,0.0
2023-03-17 11:00:00+09:00,63100.0,63300.0,62700.0,63200.0,2767,0.0,0.0
2023-03-17 12:00:00+09:00,63300.0,63400.0,62800.0,63100.0,2379,0.0,0.0
2023-03-17 13:00:00+09:00,63100.0,63400.0,62800.0,63200.0,2756,0.0,0.0
2023-03-17 14:00:00+09:00,63100.0,63400.0,63000.0,63200.0,1577,0.0,0.0
2023-03-20 09:00:00+09:00,63500.0,63800.0,62000.0,62400.0,0,0.0,0.0
2023-03-20 10:00:00+09:00,62400.0,62500.0,61800.0,62200.0,3864,0.0,0.0
2023-03-20 11:00:00+09:00,62300.0,62300.0,61800.0,62100.0,1841,0.0,0.0
2023-03-20 12:00:00+09:00,62000.0,62200.0,61500.0,62100.0,4930,0.0,0.0
2023-03-20 13:00:00+09:00,62000.0,62600.0,61900.0,62400.0,1748,0.0,0.0
2023-03-20 14:00:00+09:00,62300.0,62500.0,62100.0,62400.0,1530,0.0,0.0
2023-03-21 09:00:00+09:00,63200.0,63200.0,61700.0,62100.0,3772,0.0,0.0
2023-03-21 10:00:00+09:00,62100.0,62100.0,61600.0,61800.0,2653,0.0,0.0
2023-03-21 11:00:00+09:00,61800.0,62900.0,61800.0,62600.0,2153,0.0,0.0
2023-03-21 12:00:00+09:00,62600.0,63100.0,62200.0,62500.0,2267,0.0,0.0
2023-03-21 13:00:00+09:00,62500.0,63500.0,62400.0,63100.0,2427,0.0,0.0
2023-03-21 14:00:00+09:00,63100.0,65100.0,62600.0,64800.0,15011,0.0,0.0
2023-03-22 09:00:00+09:00,65800.0,65800.0,63900.0,63900.0,0,0.0,0.0
2023-03-22 10:00:00+09:00,64100.0,64700.0,63700.0,64000.0,2477,0.0,0.0
2023-03-22 11:00:00+09:00,63900.0,64200.0,63700.0,63800.0,1372,0.0,0.0
2023-03-22 12:00:00+09:00,64200.0,64200.0,63700.0,63700.0,1409,0.0,0.0
2023-03-22 13:00:00+09:00,63700.0,64100.0,63700.0,64000.0,1208,0.0,0.0
2023-03-22 14:00:00+09:00,63900.0,64200.0,63400.0,63700.0,3575,0.0,0.0
2023-03-23 09:00:00+09:00,63100.0,63900.0,62500.0,63500.0,0,0.0,0.0
2023-03-23 10:00:00+09:00,63400.0,63400.0,62800.0,62800.0,1402,0.0,0.0
2023-03-23 11:00:00+09:00,63000.0,63200.0,62800.0,62900.0,215,0.0,0.0
2023-03-23 12:00:00+09:00,63000.0,63100.0,62500.0,63000.0,1679,0.0,0.0
2023-03-23 13:00:00+09:00,63100.0,63100.0,62500.0,62900.0,1072,0.0,0.0
2023-03-23 14:00:00+09:00,62900.0,63700.0,62600.0,63600.0,4049,0.0,0.0
2023-03-24 09:00:00+09:00,63800.0,64700.0,63500.0,64000.0,0,0.0,0.0
2023-03-24 10:00:00+09:00,64000.0,64200.0,63400.0,64100.0,2112,0.0,0.0
2023-03-24 11:00:00+09:00,63900.0,64100.0,63600.0,63800.0,534,0.0,0.0
2023-03-24 12:00:00+09:00,64000.0,64000.0,63800.0,64000.0,174,0.0,0.0
2023-03-24 13:00:00+09:00,63900.0,64100.0,63900.0,64000.0,1099,0.0,0.0
2023-03-24 14:00:00+09:00,64000.0,64000.0,63700.0,64000.0,843,0.0,0.0
2023-03-27 09:00:00+09:00,64200.0,64200.0,62500.0,63000.0,0,0.0,0.0
2023-03-27 10:00:00+09:00,62800.0,63100.0,62500.0,62700.0,1431,0.0,0.0
2023-03-27 11:00:00+09:00,62600.0,62900.0,62600.0,62800.0,623,0.0,0.0
2023-03-27 12:00:00+09:00,62800.0,62900.0,62700.0,62800.0,322,0.0,0.0
2023-03-27 13:00:00+09:00,62800.0,63200.0,62700.0,62800.0,828,0.0,0.0
2023-03-27 14:00:00+09:00,62900.0,63200.0,62600.0,63200.0,1231,0.0,0.0
2023-03-28 09:00:00+09:00,62900.0,62900.0,61500.0,62600.0,0,0.0,0.0
2023-03-28 10:00:00+09:00,62600.0,62900.0,62100.0,62700.0,745,0.0,0.0
2023-03-28 11:00:00+09:00,62600.0,62700.0,62000.0,62400.0,472,0.0,0.0
2023-03-28 12:00:00+09:00,62400.0,62400.0,62000.0,62100.0,362,0.0,0.0
2023-03-28 13:00:00+09:00,62100.0,62400.0,62000.0,62400.0,1162,0.0,0.0
2023-03-28 14:00:00+09:00,62400.0,62700.0,62200.0,62200.0,1300,0.0,0.0
2023-03-29 09:00:00+09:00,62500.0,62800.0,61800.0,62200.0,0,0.0,0.0
2023-03-29 10:00:00+09:00,62100.0,62100.0,61700.0,61900.0,1146,0.0,0.0
2023-03-29 11:00:00+09:00,61700.0,61800.0,60400.0,60900.0,7412,0.0,0.0
2023-03-29 12:00:00+09:00,60900.0,61000.0,60700.0,60700.0,1619,0.0,0.0
2023-03-29 13:00:00+09:00,60800.0,61100.0,60500.0,61100.0,3496,0.0,0.0
2023-03-29 14:00:00+09:00,61100.0,61600.0,61100.0,61300.0,1652,0.0,0.0
2023-03-30 09:00:00+09:00,61100.0,61500.0,58000.0,59900.0,0,0.0,0.0
2023-03-30 10:00:00+09:00,59900.0,60500.0,59600.0,59600.0,6521,0.0,0.0
2023-03-30 11:00:00+09:00,59600.0,60300.0,59600.0,60200.0,3691,0.0,0.0
2023-03-30 12:00:00+09:00,60200.0,60900.0,60100.0,60700.0,3543,0.0,0.0
2023-03-30 13:00:00+09:00,60600.0,60800.0,59800.0,59800.0,8311,0.0,0.0
2023-03-30 14:00:00+09:00,59800.0,60200.0,59400.0,59500.0,15383,0.0,0.0
2023-03-31 09:00:00+09:00,60500.0,60500.0,59000.0,59200.0,5887,0.0,0.0
2023-03-31 10:00:00+09:00,59200.0,59500.0,59000.0,59200.0,2678,0.0,0.0
2023-03-31 11:00:00+09:00,59200.0,60000.0,59100.0,59600.0,1380,0.0,0.0
2023-03-31 12:00:00+09:00,59700.0,60000.0,59600.0,59900.0,1636,0.0,0.0
2023-03-31 13:00:00+09:00,60000.0,61200.0,59900.0,60300.0,4563,0.0,0.0
2023-03-31 14:00:00+09:00,60300.0,61200.0,60300.0,60600.0,5153,0.0,0.0
2023-04-03 09:00:00+09:00,61500.0,61500.0,60300.0,60500.0,0,0.0,0.0
2023-04-03 10:00:00+09:00,60300.0,60500.0,59700.0,59900.0,3920,0.0,0.0
2023-04-03 11:00:00+09:00,59800.0,60100.0,59600.0,59600.0,2882,0.0,0.0
2023-04-03 12:00:00+09:00,59600.0,60200.0,59600.0,59800.0,1457,0.0,0.0
2023-04-03 13:00:00+09:00,59900.0,59900.0,59500.0,59600.0,2656,0.0,0.0
2023-04-03 14:00:00+09:00,59500.0,59900.0,59200.0,59300.0,4321,0.0,0.0
2023-04-04 09:00:00+09:00,59000.0,59300.0,58600.0,58800.0,0,0.0,0.0
2023-04-04 10:00:00+09:00,58900.0,59300.0,58800.0,58800.0,2308,0.0,0.0
2023-04-04 11:00:00+09:00,58900.0,59100.0,58700.0,58800.0,1701,0.0,0.0
2023-04-04 12:00:00+09:00,58800.0,59300.0,58700.0,59300.0,1776,0.0,0.0
2023-04-04 13:00:00+09:00,59200.0,59300.0,58300.0,58300.0,5512,0.0,0.0
2023-04-04 14:00:00+09:00,58400.0,58400.0,57600.0,57800.0,14385,0.0,0.0
2023-04-05 09:00:00+09:00,58000.0,59600.0,57500.0,58900.0,5078,0.0,0.0
2023-04-05 10:00:00+09:00,58900.0,59300.0,58900.0,59100.0,1013,0.0,0.0
2023-04-05 11:00:00+09:00,59100.0,59200.0,58900.0,59200.0,1268,0.0,0.0
2023-04-05 12:00:00+09:00,59100.0,59200.0,59000.0,59000.0,409,0.0,0.0
2023-04-05 13:00:00+09:00,59100.0,59100.0,58600.0,58600.0,1288,0.0,0.0
2023-04-05 14:00:00+09:00,58600.0,59000.0,58600.0,58700.0,587,0.0,0.0
2023-04-06 09:00:00+09:00,58800.0,59200.0,57500.0,57600.0,4259,0.0,0.0
2023-04-06 10:00:00+09:00,57800.0,58300.0,57600.0,58100.0,1340,0.0,0.0
2023-04-06 11:00:00+09:00,58100.0,58200.0,57900.0,58100.0,1004,0.0,0.0
2023-04-06 12:00:00+09:00,58200.0,58300.0,57900.0,58300.0,913,0.0,0.0
2023-04-06 13:00:00+09:00,58200.0,58400.0,57900.0,58000.0,1288,0.0,0.0
2023-04-06 14:00:00+09:00,58000.0,58000.0,57700.0,57800.0,2118,0.0,0.0
2023-04-07 09:00:00+09:00,58000.0,58000.0,56700.0,57200.0,0,0.0,0.0
2023-04-07 10:00:00+09:00,57100.0,57400.0,56600.0,56800.0,3580,0.0,0.0
2023-04-07 11:00:00+09:00,56800.0,56900.0,56300.0,56900.0,4199,0.0,0.0
2023-04-07 12:00:00+09:00,56900.0,56900.0,56400.0,56500.0,2419,0.0,0.0
2023-04-07 13:00:00+09:00,56500.0,58100.0,56500.0,57500.0,4886,0.0,0.0
2023-04-07 14:00:00+09:00,57300.0,57700.0,57000.0,57300.0,2282,0.0,0.0
2023-04-10 09:00:00+09:00,57600.0,57800.0,56500.0,57300.0,0,0.0,0.0
2023-04-10 10:00:00+09:00,57300.0,57700.0,57000.0,57500.0,876,0.0,0.0
2023-04-10 11:00:00+09:00,57300.0,57500.0,57000.0,57100.0,547,0.0,0.0
2023-04-10 12:00:00+09:00,57100.0,57200.0,56900.0,56900.0,907,0.0,0.0
2023-04-10 13:00:00+09:00,57100.0,57500.0,56900.0,57400.0,1165,0.0,0.0
2023-04-10 14:00:00+09:00,57400.0,57500.0,57000.0,57400.0,314,0.0,0.0
2023-04-11 09:00:00+09:00,57300.0,57600.0,56200.0,57600.0,0,0.0,0.0
2023-04-11 10:00:00+09:00,57600.0,57900.0,57200.0,57800.0,1294,0.0,0.0
2023-04-11 11:00:00+09:00,57600.0,58400.0,57600.0,58400.0,2293,0.0,0.0
2023-04-11 12:00:00+09:00,58400.0,58500.0,57900.0,58100.0,1681,0.0,0.0
2023-04-11 13:00:00+09:00,58100.0,58400.0,57900.0,58100.0,1006,0.0,0.0
2023-04-11 14:00:00+09:00,58200.0,58400.0,57500.0,58200.0,1327,0.0,0.0
2023-04-12 09:00:00+09:00,57700.0,58300.0,56700.0,58300.0,0,0.0,0.0
2023-04-12 10:00:00+09:00,58300.0,58800.0,57900.0,58100.0,3014,0.0,0.0
2023-04-12 11:00:00+09:00,58100.0,58700.0,58100.0,58600.0,1294,0.0,0.0
2023-04-12 12:00:00+09:00,58600.0,58700.0,58400.0,58600.0,759,0.0,0.0
2023-04-12 13:00:00+09:00,58700.0,58700.0,58300.0,58500.0,719,0.0,0.0
2023-04-12 14:00:00+09:00,58500.0,58500.0,58100.0,58400.0,1111,0.0,0.0
2023-04-13 09:00:00+09:00,58200.0,58500.0,57600.0,58000.0,1652,0.0,0.0
2023-04-13 10:00:00+09:00,57900.0,58200.0,57600.0,58100.0,1484,0.0,0.0
2023-04-13 11:00:00+09:00,58100.0,58500.0,57700.0,58500.0,1427,0.0,0.0
2023-04-13 12:00:00+09:00,58500.0,59000.0,58300.0,58600.0,1732,0.0,0.0
2023-04-13 13:00:00+09:00,58600.0,58800.0,58500.0,58700.0,1394,0.0,0.0
2023-04-13 14:00:00+09:00,58700.0,58800.0,58400.0,58500.0,574,0.0,0.0
2023-04-14 09:00:00+09:00,58900.0,59100.0,58200.0,58400.0,0,0.0,0.0
2023-04-14 10:00:00+09:00,58400.0,58500.0,57900.0,58100.0,1264,0.0,0.0
2023-04-14 11:00:00+09:00,58200.0,58900.0,58100.0,58500.0,960,0.0,0.0
2023-04-14 12:00:00+09:00,58500.0,58800.0,58300.0,58300.0,318,0.0,0.0
2023-04-14 13:00:00+09:00,58300.0,59100.0,58200.0,58600.0,2245,0.0,0.0
2023-04-14 14:00:00+09:00,58600.0,58800.0,58300.0,58700.0,1039,0.0,0.0
2023-04-17 09:00:00+09:00,58900.0,59100.0,58000.0,58000.0,0,0.0,0.0
2023-04-17 10:00:00+09:00,58300.0,58300.0,57800.0,57800.0,4092,0.0,0.0
2023-04-17 11:00:00+09:00,58200.0,58800.0,57900.0,58300.0,852,0.0,0.0
2023-04-17 12:00:00+09:00,58300.0,58300.0,57500.0,57800.0,2789,0.0,0.0
2023-04-17 13:00:00+09:00,57800.0,58400.0,57700.0,58100.0,1567,0.0,0.0
2023-04-17 14:00:00+09:00,58100.0,59000.0,58100.0,58800.0,1566,0.0,0.0
2023-04-18 09:00:00+09:00,58700.0,58700.0,54300.0,57500.0,0,0.0,0.0
2023-04-18 10:00:00+09:00,57500.0,58000.0,57100.0,58000.0,1704,0.0,0.0
2023-04-18 11:00:00+09:00,58000.0,58000.0,57200.0,58000.0,1681,0.0,0.0
2023-04-18 12:00:00+09:00,58000.0,58000.0,57400.0,57500.0,743,0.0,0.0
2023-04-18 13:00:00+09:00,57700.0,58000.0,57300.0,57300.0,1799,0.0,0.0
2023-04-18 14:00:00+09:00,57300.0,58000.0,57300.0,57300.0,1219,0.0,0.0
2023-04-19 09:00:00+09:00,58200.0,58200.0,57100.0,57300.0,0,0.0,0.0
2023-04-19 10:00:00+09:00,57500.0,57500.0,56600.0,56700.0,1865,0.0,0.0
2023-04-19 11:00:00+09:00,56900.0,56900.0,56500.0,56600.0,2535,0.0,0.0
2023-04-19 12:00:00+09:00,56600.0,56600.0,56300.0,56400.0,1563,0.0,0.0
2023-04-19 13:00:00+09:00,56500.0,56900.0,56300.0,56500.0,2012,0.0,0.0
2023-04-19 14:00:00+09:00,56400.0,56600.0,55900.0,56000.0,3318,0.0,0.0
2023-04-20 09:00:00+09:00,55900.0,56400.0,55400.0,56400.0,0,0.0,0.0
2023-04-20 10:00:00+09:00,56500.0,56700.0,55900.0,55900.0,1231,0.0,0.0
2023-04-20 11:00:00+09:00,56000.0,56100.0,55200.0,55400.0,1364,0.0,0.0
2023-04-20 12:00:00+09:00,55300.0,55900.0,55100.0,55800.0,1281,0.0,0.0
2023-04-20 13:00:00+09:00,55800.0,55900.0,55300.0,55600.0,891,0.0,0.0
2023-04-20 14:00:00+09:00,55600.0,55800.0,55100.0,55700.0,1698,0.0,0.0
2023-04-21 09:00:00+09:00,55100.0,55800.0,54500.0,55200.0,0,0.0,0.0
2023-04-21 10:00:00+09:00,55400.0,56000.0,54900.0,56000.0,1782,0.0,0.0
2023-04-21 11:00:00+09:00,55900.0,56200.0,55400.0,55900.0,953,0.0,0.0
2023-04-21 12:00:00+09:00,56000.0,56100.0,55700.0,56000.0,701,0.0,0.0
2023-04-21 13:00:00+09:00,56100.0,56300.0,55900.0,56100.0,756,0.0,0.0
2023-04-21 14:00:00+09:00,56100.0,56100.0,55400.0,55800.0,1682,0.0,0.0
2023-04-24 09:00:00+09:00,55400.0,56000.0,55000.0,55700.0,0,0.0,0.0
2023-04-24 10:00:00+09:00,55700.0,56400.0,55400.0,55900.0,2242,0.0,0.0
2023-04-24 11:00:00+09:00,56100.0,56100.0,55400.0,55800.0,1036,0.0,0.0
2023-04-24 12:00:00+09:00,55800.0,55900.0,55500.0,55900.0,672,0.0,0.0
2023-04-24 13:00:00+09:00,55900.0,56300.0,55600.0,56000.0,567,0.0,0.0
2023-04-24 14:00:00+09:00,56200.0,56300.0,55800.0,55900.0,771,0.0,0.0
2023-04-25 09:00:00+09:00,55300.0,55500.0,54700.0,54800.0,1228,0.0,0.0
2023-04-25 10:00:00+09:00,54900.0,54900.0,54000.0,54400.0,2829,0.0,0.0
2023-04-25 11:00:00+09:00,54400.0,54500.0,53800.0,53900.0,2981,0.0,0.0
2023-04-25 12:00:00+09:00,54000.0,54300.0,53900.0,54100.0,1779,0.0,0.0
2023-04-25 13:00:00+09:00,54100.0,54500.0,54100.0,54400.0,1121,0.0,0.0
2023-04-25 14:00:00+09:00,54300.0,54500.0,54000.0,54300.0,1676,0.0,0.0
2023-04-26 09:00:00+09:00,54500.0,54500.0,53800.0,54300.0,1704,0.0,0.0
2023-04-26 10:00:00+09:00,54200.0,54600.0,53900.0,54500.0,1700,0.0,0.0
2023-04-26 11:00:00+09:00,54500.0,54600.0,54000.0,54200.0,1382,0.0,0.0
2023-04-26 12:00:00+09:00,54300.0,54500.0,54100.0,54400.0,1824,0.0,0.0
2023-04-26 13:00:00+09:00,54300.0,54900.0,54300.0,54500.0,1024,0.0,0.0
2023-04-26 14:00:00+09:00,54600.0,54900.0,54200.0,54300.0,1711,0.0,0.0
2023-04-27 09:00:00+09:00,54300.0,54600.0,54100.0,54200.0,837,0.0,0.0
2023-04-27 10:00:00+09:00,54200.0,54500.0,54100.0,54400.0,546,0.0,0.0
2023-04-27 11:00:00+09:00,54400.0,54500.0,53800.0,54000.0,2285,0.0,0.0
2023-04-27 12:00:00+09:00,54000.0,54200.0,53800.0,53900.0,1261,0.0,0.0
2023-04-27 13:00:00+09:00,53900.0,54200.0,53800.0,53900.0,1141,0.0,0.0
2023-04-27 14:00:00+09:00,53900.0,54300.0,53800.0,54000.0,1550,0.0,0.0
2023-04-28 09:00:00+09:00,54800.0,55100.0,54300.0,54500.0,0,0.0,0.0
2023-04-28 10:00:00+09:00,54400.0,54500.0,54100.0,54400.0,1039,0.0,0.0
2023-04-28 11:00:00+09:00,54400.0,54500.0,54100.0,54100.0,958,0.0,0.0
2023-04-28 12:00:00+09:00,54100.0,54100.0,54000.0,54000.0,1008,0.0,0.0
2023-04-28 13:00:00+09:00,54000.0,54300.0,53900.0,53900.0,586,0.0,0.0
2023-04-28 14:00:00+09:00,54000.0,54400.0,53800.0,54300.0,1423,0.0,0.0
2023-05-02 09:00:00+09:00,54500.0,56100.0,54400.0,55600.0,0,0.0,0.0
2023-05-02 10:00:00+09:00,55500.0,55800.0,55300.0,55400.0,453,0.0,0.0
2023-05-02 11:00:00+09:00,55300.0,56000.0,55300.0,56000.0,943,0.0,0.0
2023-05-02 12:00:00+09:00,55900.0,56300.0,55900.0,56000.0,1698,0.0,0.0
2023-05-02 13:00:00+09:00,56100.0,56400.0,56000.0,56100.0,1119,0.0,0.0
2023-05-02 14:00:00+09:00,56100.0,56500.0,56000.0,56500.0,1390,0.0,0.0
2023-05-03 09:00:00+09:00,56600.0,56700.0,55900.0,56200.0,0,0.0,0.0
2023-05-03 10:00:00+09:00,56200.0,56200.0,55500.0,55700.0,1786,0.0,0.0
2023-05-03 11:00:00+09:00,56000.0,56100.0,55600.0,55900.0,390,0.0,0.0
2023-05-03 12:00:00+09:00,55900.0,56100.0,55800.0,55800.0,359,0.0,0.0
2023-05-03 13:00:00+09:00,55900.0,56000.0,55600.0,55900.0,638,0.0,0.0
2023-05-03 14:00:00+09:00,55800.0,56000.0,55600.0,55900.0,639,0.0,0.0
2023-05-04 09:00:00+09:00,55800.0,55900.0,55400.0,55600.0,0,0.0,0.0
2023-05-04 10:00:00+09:00,55600.0,55600.0,55200.0,55300.0,1268,0.0,0.0
2023-05-04 11:00:00+09:00,55200.0,55400.0,55100.0,55300.0,358,0.0,0.0
2023-05-04 12:00:00+09:00,55300.0,55600.0,55200.0,55300.0,237,0.0,0.0
2023-05-04 13:00:00+09:00,55300.0,55600.0,55300.0,55400.0,268,0.0,0.0
2023-05-04 14:00:00+09:00,55400.0,56000.0,55400.0,56000.0,1192,0.0,0.0
2023-05-08 09:00:00+09:00,56700.0,58700.0,56000.0,58500.0,3981,0.0,0.0
2023-05-08 10:00:00+09:00,58500.0,59300.0,58000.0,58100.0,7503,0.0,0.0
2023-05-08 11:00:00+09:00,58100.0,58400.0,58000.0,58100.0,6272,0.0,0.0
2023-05-08 12:00:00+09:00,57900.0,58000.0,57500.0,57600.0,6585,0.0,0.0
2023-05-08 13:00:00+09:00,57700.0,58400.0,57600.0,58000.0,6631,0.0,0.0
2023-05-08 14:00:00+09:00,58000.0,58300.0,57600.0,57700.0,6740,0.0,0.0
2023-05-09 09:00:00+09:00,58000.0,60000.0,58000.0,59100.0,0,0.0,0.0
2023-05-09 10:00:00+09:00,59200.0,59500.0,59000.0,59200.0,2467,0.0,0.0
2023-05-09 11:00:00+09:00,59200.0,59300.0,59000.0,59000.0,2141,0.0,0.0
2023-05-09 12:00:00+09:00,59000.0,59100.0,58500.0,58800.0,1787,0.0,0.0
2023-05-09 13:00:00+09:00,58800.0,59000.0,58700.0,58700.0,948,0.0,0.0
2023-05-09 14:00:00+09:00,58700.0,59300.0,58400.0,58800.0,4300,0.0,0.0
2023-05-10 09:00:00+09:00,58600.0,59000.0,56200.0,56300.0,9189,0.0,0.0
2023-05-10 10:00:00+09:00,56500.0,57000.0,55700.0,56300.0,8088,0.0,0.0
2023-05-10 11:00:00+09:00,56300.0,56800.0,55800.0,56200.0,3062,0.0,0.0
2023-05-10 12:00:00+09:00,56100.0,56700.0,56000.0,56600.0,1476,0.0,0.0
2023-05-10 13:00:00+09:00,56600.0,57100.0,56400.0,56600.0,2209,0.0,0.0
2023-05-10 14:00:00+09:00,56700.0,56800.0,55400.0,55600.0,9199,0.0,0.0
2023-05-11 09:00:00+09:00,55800.0,56400.0,55600.0,55700.0,2883,0.0,0.0
2023-05-11 10:00:00+09:00,55600.0,56000.0,55300.0,55400.0,2871,0.0,0.0
2023-05-11 11:00:00+09:00,55400.0,56100.0,55100.0,55900.0,2930,0.0,0.0
2023-05-11 12:00:00+09:00,55700.0,55900.0,55300.0,55700.0,971,0.0,0.0
2023-05-11 13:00:00+09:00,55900.0,56000.0,55300.0,55600.0,951,0.0,0.0
2023-05-11 14:00:00+09:00,55600.0,55800.0,55300.0,55400.0,919,0.0,0.0
2023-05-12 09:00:00+09:00,55100.0,55700.0,54900.0,55700.0,1370,0.0,0.0
2023-05-12 10:00:00+09:00,55800.0,56200.0,55600.0,56200.0,1096,0.0,0.0
2023-05-12 11:00:00+09:00,56100.0,56300.0,55800.0,56200.0,734,0.0,0.0
2023-05-12 12:00:00+09:00,55900.0,56200.0,55700.0,56100.0,1183,0.0,0.0
2023-05-12 13:00:00+09:00,56000.0,56100.0,55700.0,55800.0,740,0.0,0.0
2023-05-12 14:00:00+09:00,56000.0,56200.0,55700.0,55900.0,922,0.0,0.0
2023-05-15 09:00:00+09:00,56600.0,56600.0,55200.0,55300.0,0,0.0,0.0
2023-05-15 10:00:00+09:00,55300.0,55400.0,54000.0,54500.0,3621,0.0,0.0
2023-05-15 11:00:00+09:00,54600.0,54600.0,53800.0,54100.0,2154,0.0,0.0
2023-05-15 12:00:00+09:00,53900.0,54200.0,53700.0,53900.0,1556,0.0,0.0
2023-05-15 13:00:00+09:00,54000.0,54400.0,54000.0,54100.0,1516,0.0,0.0
2023-05-15 14:00:00+09:00,54100.0,54900.0,53900.0,54300.0,3172,0.0,0.0
2023-05-16 09:00:00+09:00,54000.0,54800.0,53700.0,53800.0,0,0.0,0.0
2023-05-16 10:00:00+09:00,53800.0,54100.0,53600.0,54000.0,1098,0.0,0.0
2023-05-16 11:00:00+09:00,54000.0,54000.0,53500.0,54000.0,1572,0.0,0.0
2023-05-16 12:00:00+09:00,53900.0,54100.0,53900.0,54000.0,1205,0.0,0.0
2023-05-16 13:00:00+09:00,54000.0,54300.0,54000.0,54200.0,1512,0.0,0.0
2023-05-16 14:00:00+09:00,54300.0,54300.0,54000.0,54200.0,759,0.0,0.0
2023-05-17 09:00:00+09:00,54000.0,54000.0,53800.0,54000.0,777,0.0,0.0
2023-05-17 10:00:00+09:00,54000.0,54200.0,53800.0,54000.0,878,0.0,0.0
2023-05-17 11:00:00+09:00,53900.0,54000.0,53800.0,53900.0,622,0.0,0.0
2023-05-17 12:00:00+09:00,54000.0,54200.0,53900.0,54200.0,1332,0.0,0.0
2023-05-17 13:00:00+09:00,54200.0,54200.0,53800.0,53900.0,2112,0.0,0.0
2023-05-17 14:00:00+09:00,53800.0,54000.0,53800.0,53900.0,1084,0.0,0.0
2023-05-18 09:00:00+09:00,54200.0,54200.0,53100.0,53700.0,1772,0.0,0.0
2023-05-18 10:00:00+09:00,53700.0,53700.0,53100.0,53400.0,1623,0.0,0.0
2023-05-18 11:00:00+09:00,53400.0,53500.0,53300.0,53500.0,258,0.0,0.0
2023-05-18 12:00:00+09:00,53500.0,53600.0,53400.0,53500.0,477,0.0,0.0
2023-05-18 13:00:00+09:00,53600.0,53600.0,53300.0,53400.0,600,0.0,0.0
2023-05-18 14:00:00+09:00,53500.0,53600.0,53300.0,53600.0,510,0.0,0.0
2023-05-19 09:00:00+09:00,53600.0,53600.0,52000.0,52800.0,530,0.0,0.0
2023-05-19 10:00:00+09:00,52800.0,52800.0,52300.0,52700.0,2727,0.0,0.0
2023-05-19 11:00:00+09:00,52700.0,52900.0,52400.0,52600.0,1538,0.0,0.0
2023-05-19 12:00:00+09:00,52600.0,52900.0,52400.0,52900.0,891,0.0,0.0
2023-05-19 13:00:00+09:00,52900.0,53200.0,52800.0,53100.0,1304,0.0,0.0
2023-05-19 14:00:00+09:00,53100.0,53200.0,52700.0,52800.0,1330,0.0,0.0
2023-05-22 09:00:00+09:00,52600.0,53800.0,52200.0,53600.0,0,0.0,0.0
2023-05-22 10:00:00+09:00,53500.0,53500.0,52800.0,52900.0,837,0.0,0.0
2023-05-22 11:00:00+09:00,52900.0,53100.0,52700.0,52900.0,1208,0.0,0.0
2023-05-22 12:00:00+09:00,53000.0,53000.0,52400.0,52900.0,1139,0.0,0.0
2023-05-22 13:00:00+09:00,52900.0,52900.0,52100.0,52400.0,3701,0.0,0.0
2023-05-22 14:00:00+09:00,52400.0,52700.0,52300.0,52500.0,1065,0.0,0.0
2023-05-23 09:00:00+09:00,53000.0,53000.0,52000.0,52200.0,2741,0.0,0.0
2023-05-23 10:00:00+09:00,52200.0,52400.0,52100.0,52100.0,983,0.0,0.0
2023-05-23 11:00:00+09:00,52200.0,52400.0,52000.0,52200.0,2119,0.0,0.0
2023-05-23 12:00:00+09:00,52300.0,52400.0,52200.0,52300.0,988,0.0,0.0
2023-05-23 13:00:00+09:00,52300.0,53500.0,52200.0,53300.0,5374,0.0,0.0
2023-05-23 14:00:00+09:00,53300.0,54000.0,53000.0,54000.0,14453,0.0,0.0
2023-05-24 09:00:00+09:00,53100.0,53500.0,52900.0,53100.0,0,0.0,0.0
2023-05-24 10:00:00+09:00,53200.0,53400.0,52900.0,53000.0,799,0.0,0.0
2023-05-24 11:00:00+09:00,52900.0,53100.0,52700.0,52800.0,731,0.0,0.0
2023-05-24 12:00:00+09:00,52800.0,52900.0,52700.0,52700.0,704,0.0,0.0
2023-05-24 13:00:00+09:00,52800.0,53000.0,52700.0,52700.0,1048,0.0,0.0
2023-05-24 14:00:00+09:00,52700.0,53000.0,52700.0,52700.0,648,0.0,0.0
2023-05-25 09:00:00+09:00,53100.0,54500.0,52700.0,54300.0,9307,0.0,0.0
2023-05-25 10:00:00+09:00,54300.0,54700.0,53700.0,53700.0,5750,0.0,0.0
2023-05-25 11:00:00+09:00,53800.0,54100.0,53600.0,53700.0,1569,0.0,0.0
2023-05-25 12:00:00+09:00,53800.0,54100.0,53600.0,53600.0,962,0.0,0.0
2023-05-25 13:00:00+09:00,53600.0,53900.0,53300.0,53400.0,2183,0.0,0.0
2023-05-25 14:00:00+09:00,53400.0,53500.0,53100.0,53300.0,1996,0.0,0.0
2023-05-26 09:00:00+09:00,53900.0,55300.0,53500.0,54800.0,14543,0.0,0.0
2023-05-26 10:00:00+09:00,54700.0,54900.0,54200.0,54300.0,3653,0.0,0.0
2023-05-26 11:00:00+09:00,54300.0,54600.0,54200.0,54400.0,2767,0.0,0.0
2023-05-26 12:00:00+09:00,54400.0,54700.0,54300.0,54600.0,1722,0.0,0.0
2023-05-26 13:00:00+09:00,54600.0,54700.0,54200.0,54200.0,2978,0.0,0.0
2023-05-26 14:00:00+09:00,54200.0,54700.0,54200.0,54700.0,2913,0.0,0.0
2023-05-30 09:00:00+09:00,55100.0,56000.0,54900.0,55000.0,0,0.0,0.0
2023-05-30 10:00:00+09:00,55000.0,55100.0,54300.0,54500.0,2177,0.0,0.0
2023-05-30 11:00:00+09:00,54500.0,56000.0,54400.0,55600.0,6379,0.0,0.0
2023-05-30 12:00:00+09:00,55600.0,57600.0,55600.0,56800.0,15431,0.0,0.0
2023-05-30 13:00:00+09:00,56900.0,57400.0,56500.0,57300.0,10698,0.0,0.0
2023-05-30 14:00:00+09:00,57400.0,58300.0,57300.0,58000.0,23118,0.0,0.0
2023-05-31 09:00:00+09:00,59300.0,59900.0,57700.0,58500.0,51151,0.0,0.0
2023-05-31 10:00:00+09:00,58600.0,59800.0,58200.0,58700.0,17171,0.0,0.0
2023-05-31 11:00:00+09:00,58700.0,58900.0,58300.0,58700.0,3478,0.0,0.0
2023-05-31 12:00:00+09:00,58700.0,60200.0,58300.0,59600.0,18556,0.0,0.0
2023-05-31 13:00:00+09:00,59700.0,60500.0,59600.0,60300.0,15443,0.0,0.0
2023-05-31 14:00:00+09:00,60300.0,60400.0,59800.0,60100.0,10545,0.0,0.0
2023-06-01 09:00:00+09:00,60900.0,65000.0,60900.0,62800.0,139037,0.0,0.0
2023-06-01 10:00:00+09:00,62700.0,63200.0,61100.0,61400.0,28390,0.0,0.0
2023-06-01 11:00:00+09:00,61600.0,62000.0,61300.0,61400.0,13965,0.0,0.0
2023-06-01 12:00:00+09:00,61400.0,62500.0,61200.0,61900.0,14661,0.0,0.0
2023-06-01 13:00:00+09:00,61900.0,62100.0,61100.0,61800.0,13305,0.0,0.0
2023-06-01 14:00:00+09:00,61700.0,62000.0,61400.0,61900.0,13163,0.0,0.0
2023-06-02 09:00:00+09:00,61700.0,63800.0,61300.0,61600.0,44104,0.0,0.0
2023-06-02 10:00:00+09:00,61600.0,62800.0,61600.0,62700.0,14267,0.0,0.0
2023-06-02 11:00:00+09:00,62800.0,63400.0,62100.0,62300.0,13128,0.0,0.0
2023-06-02 12:00:00+09:00,62400.0,62500.0,61900.0,62100.0,8654,0.0,0.0
2023-06-02 13:00:00+09:00,62000.0,62600.0,61900.0,62200.0,10197,0.0,0.0
2023-06-02 14:00:00+09:00,62200.0,62700.0,62100.0,62300.0,8957,0.0,0.0
2023-06-05 09:00:00+09:00,64000.0,65800.0,62500.0,65800.0,0,0.0,0.0
2023-06-05 10:00:00+09:00,65800.0,67200.0,65500.0,66700.0,39294,0.0,0.0
2023-06-05 11:00:00+09:00,66700.0,66800.0,65900.0,66300.0,10614,0.0,0.0
2023-06-05 12:00:00+09:00,66300.0,66400.0,65900.0,66100.0,9983,0.0,0.0
2023-06-05 13:00:00+09:00,66100.0,66500.0,65600.0,66500.0,12022,0.0,0.0
2023-06-05 14:00:00+09:00,66500.0,67100.0,66400.0,67100.0,15274,0.0,0.0
2023-06-07 09:00:00+09:00,67000.0,69000.0,66300.0,68100.0,0,0.0,0.0
2023-06-07 10:00:00+09:00,68100.0,68100.0,66200.0,66300.0,18040,0.0,0.0
2023-06-07 11:00:00+09:00,66300.0,67100.0,66200.0,66900.0,6067,0.0,0.0
2023-06-07 12:00:00+09:00,66900.0,67000.0,66500.0,66600.0,4825,0.0,0.0
2023-06-07 13:00:00+09:00,66600.0,67100.0,66200.0,66800.0,7207,0.0,0.0
2023-06-07 14:00:00+09:00,66800.0,66900.0,66400.0,66500.0,7240,0.0,0.0
2023-06-08 09:00:00+09:00,65600.0,65700.0,63300.0,63900.0,0,0.0,0.0
2023-06-08 10:00:00+09:00,63800.0,65400.0,63700.0,65200.0,10613,0.0,0.0
2023-06-08 11:00:00+09:00,65200.0,65700.0,64900.0,65300.0,5541,0.0,0.0
2023-06-08 12:00:00+09:00,65300.0,65700.0,64800.0,65300.0,4540,0.0,0.0
2023-06-08 13:00:00+09:00,65400.0,65700.0,65000.0,65000.0,5389,0.0,0.0
2023-06-08 14:00:00+09:00,65300.0,65300.0,64000.0,64400.0,14927,0.0,0.0
2023-06-09 09:00:00+09:00,64500.0,65000.0,63900.0,64800.0,0,0.0,0.0
2023-06-09 10:00:00+09:00,64800.0,64900.0,64500.0,64600.0,2240,0.0,0.0
2023-06-09 11:00:00+09:00,64600.0,66900.0,64500.0,65500.0,13679,0.0,0.0
2023-06-09 12:00:00+09:00,65500.0,65800.0,65200.0,65300.0,3031,0.0,0.0
2023-06-09 13:00:00+09:00,65300.0,65500.0,64900.0,65100.0,4286,0.0,0.0
2023-06-09 14:00:00+09:00,65000.0,65300.0,64800.0,64900.0,2658,0.0,0.0
2023-06-12 09:00:00+09:00,64600.0,64600.0,62200.0,62800.0,0,0.0,0.0
2023-06-12 10:00:00+09:00,62800.0,63800.0,62400.0,63600.0,5078,0.0,0.0
2023-06-12 11:00:00+09:00,63700.0,64100.0,63400.0,63700.0,4110,0.0,0.0
2023-06-12 12:00:00+09:00,63700.0,64200.0,63400.0,64200.0,3018,0.0,0.0
2023-06-12 13:00:00+09:00,64200.0,64300.0,63600.0,63700.0,1520,0.0,0.0
2023-06-12 14:00:00+09:00,63800.0,64100.0,63600.0,63600.0,2211,0.0,0.0
2023-06-13 09:00:00+09:00,63600.0,64300.0,63400.0,64200.0,7160,0.0,0.0
2023-06-13 10:00:00+09:00,64200.0,66300.0,64100.0,66200.0,17899,0.0,0.0
2023-06-13 11:00:00+09:00,66300.0,66500.0,65400.0,65800.0,6711,0.0,0.0
2023-06-13 12:00:00+09:00,65700.0,66200.0,65000.0,65100.0,4770,0.0,0.0
2023-06-13 13:00:00+09:00,65200.0,65500.0,64900.0,65400.0,3620,0.0,0.0
2023-06-13 14:00:00+09:00,65300.0,65500.0,64900.0,65100.0,5290,0.0,0.0
2023-06-14 09:00:00+09:00,65700.0,67300.0,65200.0,66500.0,19642,0.0,0.0
2023-06-14 10:00:00+09:00,66600.0,68000.0,65400.0,66000.0,18509,0.0,0.0
2023-06-14 11:00:00+09:00,66000.0,66000.0,65300.0,65700.0,2790,0.0,0.0
2023-06-14 12:00:00+09:00,65700.0,66100.0,64700.0,65000.0,6866,0.0,0.0
2023-06-14 13:00:00+09:00,65200.0,65900.0,64500.0,65800.0,5453,0.0,0.0
2023-06-14 14:00:00+09:00,65700.0,66300.0,65000.0,65900.0,12264,0.0,0.0
2023-06-15 09:00:00+09:00,66200.0,69000.0,66200.0,69000.0,0,0.0,0.0
2023-06-15 10:00:00+09:00,69000.0,69600.0,68200.0,68900.0,27190,0.0,0.0
2023-06-15 11:00:00+09:00,69000.0,69000.0,67900.0,69000.0,13749,0.0,0.0
2023-06-15 12:00:00+09:00,69000.0,69000.0,68100.0,68700.0,6512,0.0,0.0
2023-06-15 13:00:00+09:00,68700.0,68800.0,68100.0,68600.0,7849,0.0,0.0
2023-06-15 14:00:00+09:00,68600.0,68800.0,68100.0,68400.0,7595,0.0,0.0
2023-06-16 09:00:00+09:00,70000.0,73200.0,69300.0,72400.0,0,0.0,0.0
2023-06-16 10:00:00+09:00,72500.0,74800.0,72400.0,73500.0,48185,0.0,0.0
2023-06-16 11:00:00+09:00,73600.0,74000.0,73000.0,73800.0,11287,0.0,0.0
2023-06-16 12:00:00+09:00,73800.0,73900.0,73000.0,73400.0,8057,0.0,0.0
2023-06-16 13:00:00+09:00,73400.0,73400.0,72400.0,73200.0,10866,0.0,0.0
2023-06-16 14:00:00+09:00,73200.0,73800.0,73200.0,73700.0,9398,0.0,0.0
2023-06-19 09:00:00+09:00,74000.0,74000.0,70500.0,71800.0,0,0.0,0.0
2023-06-19 10:00:00+09:00,71900.0,72600.0,71400.0,71400.0,7282,0.0,0.0
2023-06-19 11:00:00+09:00,71400.0,71900.0,71000.0,71500.0,4826,0.0,0.0
2023-06-19 12:00:00+09:00,71700.0,71700.0,71200.0,71400.0,3439,0.0,0.0
2023-06-19 13:00:00+09:00,71400.0,71400.0,70100.0,70500.0,9376,0.0,0.0
2023-06-19 14:00:00+09:00,70700.0,71200.0,70000.0,71000.0,10298,0.0,0.0
2023-06-20 09:00:00+09:00,70300.0,72300.0,70200.0,70900.0,0,0.0,0.0
2023-06-20 10:00:00+09:00,71000.0,71300.0,70700.0,70800.0,2755,0.0,0.0
2023-06-20 11:00:00+09:00,70800.0,71300.0,70400.0,70600.0,2897,0.0,0.0
2023-06-20 12:00:00+09:00,70700.0,70800.0,70200.0,70300.0,2502,0.0,0.0
2023-06-20 13:00:00+09:00,70300.0,70700.0,70200.0,70600.0,2237,0.0,0.0
2023-06-20 14:00:00+09:00,70600.0,70700.0,70300.0,70400.0,1744,0.0,0.0
2023-06-21 09:00:00+09:00,71100.0,71100.0,69300.0,69900.0,0,0.0,0.0
2023-06-21 10:00:00+09:00,69900.0,70000.0,69600.0,69700.0,5764,0.0,0.0
2023-06-21 11:00:00+09:00,69700.0,70100.0,69700.0,69900.0,4437,0.0,0.0
2023-06-21 12:00:00+09:00,69900.0,70200.0,69600.0,69700.0,3709,0.0,0.0
2023-06-21 13:00:00+09:00,69700.0,69800.0,69500.0,69500.0,4184,0.0,0.0
2023-06-21 14:00:00+09:00,69500.0,69700.0,69000.0,69300.0,10627,0.0,0.0
2023-06-22 09:00:00+09:00,68700.0,70200.0,68400.0,69400.0,0,0.0,0.0
2023-06-22 10:00:00+09:00,69400.0,69400.0,68800.0,69000.0,1827,0.0,0.0
2023-06-22 11:00:00+09:00,69200.0,69200.0,68700.0,68800.0,1314,0.0,0.0
2023-06-22 12:00:00+09:00,68700.0,69200.0,68400.0,69200.0,3160,0.0,0.0
2023-06-22 13:00:00+09:00,69200.0,69300.0,68800.0,68900.0,1720,0.0,0.0
2023-06-22 14:00:00+09:00,68900.0,69000.0,68400.0,68400.0,4015,0.0,0.0
2023-06-23 09:00:00+09:00,70100.0,71900.0,69700.0,71400.0,32899,0.0,0.0
2023-06-23 10:00:00+09:00,71300.0,71600.0,70800.0,71100.0,11755,0.0,0.0
2023-06-23 11:00:00+09:00,71100.0,71600.0,70800.0,71600.0,4428,0.0,0.0
2023-06-23 12:00:00+09:00,71500.0,73700.0,71500.0,72700.0,22419,0.0,0.0
2023-06-23 13:00:00+09:00,72700.0,73100.0,71100.0,71100.0,9438,0.0,0.0
2023-06-23 14:00:00+09:00,71200.0,71800.0,70600.0,70900.0,6893,0.0,0.0
2023-06-26 09:00:00+09:00,71800.0,72100.0,70000.0,71600.0,0,0.0,0.0
2023-06-26 10:00:00+09:00,71600.0,72400.0,71000.0,71800.0,8712,0.0,0.0
2023-06-26 11:00:00+09:00,71800.0,72600.0,71700.0,72600.0,6862,0.0,0.0
2023-06-26 12:00:00+09:00,72600.0,72700.0,71700.0,72500.0,5327,0.0,0.0
2023-06-26 13:00:00+09:00,72400.0,73800.0,72400.0,72900.0,11707,0.0,0.0
2023-06-26 14:00:00+09:00,73100.0,73300.0,71900.0,72100.0,7722,0.0,0.0
2023-06-27 09:00:00+09:00,72500.0,72500.0,70500.0,71300.0,0,0.0,0.0
2023-06-27 10:00:00+09:00,71200.0,71400.0,69900.0,70100.0,8358,0.0,0.0
2023-06-27 11:00:00+09:00,70100.0,70400.0,69300.0,69600.0,8048,0.0,0.0
2023-06-27 12:00:00+09:00,69600.0,70000.0,69400.0,69400.0,4493,0.0,0.0
2023-06-27 13:00:00+09:00,69400.0,70400.0,69400.0,69900.0,7603,0.0,0.0
2023-06-27 14:00:00+09:00,69900.0,70100.0,69600.0,69800.0,5505,0.0,0.0
2023-06-28 09:00:00+09:00,70500.0,71000.0,68700.0,69000.0,6424,0.0,0.0
2023-06-28 10:00:00+09:00,69000.0,69700.0,68700.0,69200.0,3487,0.0,0.0
2023-06-28 11:00:00+09:00,69300.0,69300.0,68400.0,68900.0,4189,0.0,0.0
2023-06-28 12:00:00+09:00,68900.0,69000.0,67800.0,67900.0,6929,0.0,0.0
2023-06-28 13:00:00+09:00,67900.0,68100.0,67300.0,68000.0,10588,0.0,0.0
2023-06-28 14:00:00+09:00,67900.0,68000.0,67700.0,67800.0,2497,0.0,0.0
2023-06-29 09:00:00+09:00,68800.0,70300.0,68200.0,70100.0,14431,0.0,0.0
2023-06-29 10:00:00+09:00,70100.0,70300.0,68900.0,69900.0,7730,0.0,0.0
2023-06-29 11:00:00+09:00,69900.0,69900.0,68100.0,68400.0,4308,0.0,0.0
2023-06-29 12:00:00+09:00,68400.0,68900.0,68000.0,68300.0,4450,0.0,0.0
2023-06-29 13:00:00+09:00,68400.0,68700.0,67500.0,67800.0,3528,0.0,0.0
2023-06-29 14:00:00+09:00,67800.0,68000.0,67300.0,67400.0,5454,0.0,0.0
2023-06-30 09:00:00+09:00,68200.0,68400.0,65200.0,66300.0,0,0.0,0.0
2023-06-30 10:00:00+09:00,66500.0,66800.0,65800.0,66300.0,11141,0.0,0.0
2023-06-30 11:00:00+09:00,66400.0,66600.0,65300.0,65400.0,7246,0.0,0.0
2023-06-30 12:00:00+09:00,65300.0,65900.0,65100.0,65400.0,9491,0.0,0.0
2023-06-30 13:00:00+09:00,65400.0,65700.0,65100.0,65100.0,7628,0.0,0.0
2023-06-30 14:00:00+09:00,65200.0,65400.0,64700.0,65100.0,16143,0.0,0.0
2023-07-03 09:00:00+09:00,65500.0,67000.0,65500.0,65800.0,0,0.0,0.0
2023-07-03 10:00:00+09:00,66200.0,66400.0,65000.0,66300.0,8952,0.0,0.0
2023-07-03 11:00:00+09:00,66400.0,66500.0,66000.0,66400.0,2773,0.0,0.0
2023-07-03 12:00:00+09:00,66500.0,66600.0,65900.0,66000.0,1520,0.0,0.0
2023-07-03 13:00:00+09:00,66100.0,66300.0,65600.0,65900.0,2548,0.0,0.0
2023-07-03 14:00:00+09:00,66000.0,66400.0,66000.0,66200.0,1812,0.0,0.0
2023-07-04 09:00:00+09:00,66700.0,67000.0,64000.0,64300.0,15824,0.0,0.0
2023-07-04 10:00:00+09:00,64400.0,64800.0,63300.0,64600.0,20571,0.0,0.0
2023-07-04 11:00:00+09:00,64600.0,65400.0,64500.0,64900.0,2971,0.0,0.0
2023-07-04 12:00:00+09:00,64800.0,66100.0,64700.0,65200.0,11008,0.0,0.0
2023-07-04 13:00:00+09:00,65400.0,66000.0,65300.0,65300.0,3779,0.0,0.0
2023-07-04 14:00:00+09:00,65200.0,65900.0,65200.0,65900.0,1901,0.0,0.0
2023-07-05 09:00:00+09:00,65600.0,65800.0,64100.0,65400.0,6967,0.0,0.0
2023-07-05 10:00:00+09:00,65400.0,67100.0,65200.0,65800.0,8353,0.0,0.0
2023-07-05 11:00:00+09:00,65800.0,66100.0,65500.0,65600.0,1314,0.0,0.0
2023-07-05 12:00:00+09:00,65500.0,65900.0,65300.0,65300.0,1418,0.0,0.0
2023-07-05 13:00:00+09:00,65500.0,66500.0,65300.0,65800.0,3964,0.0,0.0
2023-07-05 14:00:00+09:00,65800.0,66000.0,65500.0,65900.0,1840,0.0,0.0
2023-07-06 09:00:00+09:00,65800.0,66700.0,65200.0,65700.0,5234,0.0,0.0
2023-07-06 10:00:00+09:00,65600.0,66300.0,65500.0,66000.0,2702,0.0,0.0
2023-07-06 11:00:00+09:00,66200.0,66200.0,65500.0,65600.0,1949,0.0,0.0
2023-07-06 12:00:00+09:00,65600.0,65700.0,65000.0,65000.0,3554,0.0,0.0
2023-07-06 13:00:00+09:00,65000.0,65100.0,64000.0,64600.0,6075,0.0,0.0
2023-07-06 14:00:00+09:00,64600.0,65000.0,64300.0,64500.0,2062,0.0,0.0
2023-07-07 09:00:00+09:00,63200.0,64200.0,62500.0,62800.0,0,0.0,0.0
2023-07-07 10:00:00+09:00,62800.0,63800.0,62300.0,63200.0,8057,0.0,0.0
2023-07-07 11:00:00+09:00,63200.0,63800.0,62700.0,63300.0,3206,0.0,0.0
2023-07-07 12:00:00+09:00,63300.0,63600.0,62900.0,63100.0,2574,0.0,0.0
2023-07-07 13:00:00+09:00,63100.0,63600.0,62600.0,63500.0,3611,0.0,0.0
2023-07-07 14:00:00+09:00,63400.0,63500.0,63000.0,63200.0,2677,0.0,0.0
2023-07-10 09:00:00+09:00,63000.0,63800.0,61800.0,62900.0,0,0.0,0.0
2023-07-10 10:00:00+09:00,62900.0,63800.0,62900.0,63100.0,3592,0.0,0.0
2023-07-10 11:00:00+09:00,63100.0,63700.0,63100.0,63400.0,1074,0.0,0.0
2023-07-10 12:00:00+09:00,63400.0,63700.0,63300.0,63600.0,1517,0.0,0.0
2023-07-10 13:00:00+09:00,63700.0,63800.0,63300.0,63500.0,1999,0.0,0.0
2023-07-10 14:00:00+09:00,63500.0,63600.0,62700.0,62900.0,2999,0.0,0.0
2023-07-11 09:00:00+09:00,63900.0,64900.0,63300.0,64000.0,7348,0.0,0.0
2023-07-11 10:00:00+09:00,63900.0,64100.0,63600.0,63600.0,3428,0.0,0.0
2023-07-11 11:00:00+09:00,63800.0,64100.0,63600.0,63900.0,1910,0.0,0.0
2023-07-11 12:00:00+09:00,63900.0,64200.0,63800.0,64000.0,1302,0.0,0.0
2023-07-11 13:00:00+09:00,64000.0,64000.0,63700.0,63700.0,1251,0.0,0.0
2023-07-11 14:00:00+09:00,63800.0,63900.0,63300.0,63500.0,4106,0.0,0.0
2023-07-12 09:00:00+09:00,63100.0,63900.0,62900.0,63300.0,0,0.0,0.0
2023-07-12 10:00:00+09:00,63300.0,63600.0,63000.0,63400.0,4935,0.0,0.0
2023-07-12 11:00:00+09:00,63400.0,63700.0,63400.0,63700.0,2333,0.0,0.0
2023-07-12 12:00:00+09:00,63700.0,63700.0,63500.0,63500.0,721,0.0,0.0
2023-07-12 13:00:00+09:00,63600.0,63800.0,63500.0,63800.0,1754,0.0,0.0
2023-07-12 14:00:00+09:00,63700.0,64700.0,63500.0,64400.0,5910,0.0,0.0
2023-07-13 09:00:00+09:00,65600.0,65600.0,64100.0,64900.0,0,0.0,0.0
2023-07-13 10:00:00+09:00,65000.0,65400.0,64900.0,65100.0,3049,0.0,0.0
2023-07-13 11:00:00+09:00,65000.0,65800.0,65000.0,65800.0,4460,0.0,0.0
2023-07-13 12:00:00+09:00,65800.0,66500.0,65800.0,66200.0,6617,0.0,0.0
2023-07-13 13:00:00+09:00,66200.0,66800.0,66000.0,66700.0,5375,0.0,0.0
2023-07-13 14:00:00+09:00,66600.0,66700.0,65700.0,65900.0,5422,0.0,0.0
2023-07-14 09:00:00+09:00,67500.0,67800.0,66100.0,66600.0,0,0.0,0.0
2023-07-14 10:00:00+09:00,66700.0,69300.0,66600.0,69000.0,20533,0.0,0.0
2023-07-14 11:00:00+09:00,68900.0,69000.0,67900.0,68100.0,8464,0.0,0.0
2023-07-14 12:00:00+09:00,68100.0,68600.0,67900.0,68000.0,4669,0.0,0.0
2023-07-14 13:00:00+09:00,68100.0,68100.0,67500.0,68000.0,4195,0.0,0.0
2023-07-14 14:00:00+09:00,67900.0,67900.0,67000.0,67200.0,6465,0.0,0.0
2023-07-17 09:00:00+09:00,67300.0,68400.0,65600.0,66000.0,0,0.0,0.0
2023-07-17 10:00:00+09:00,65900.0,66400.0,65800.0,66200.0,2204,0.0,0.0
2023-07-17 11:00:00+09:00,66100.0,67500.0,66100.0,67100.0,2306,0.0,0.0
2023-07-17 12:00:00+09:00,67100.0,67800.0,67000.0,67100.0,2679,0.0,0.0
2023-07-17 13:00:00+09:00,67000.0,68600.0,67000.0,68100.0,8449,0.0,0.0
2023-07-17 14:00:00+09:00,68100.0,68100.0,67700.0,67900.0,2993,0.0,0.0
2023-07-18 09:00:00+09:00,68000.0,68000.0,66200.0,66300.0,8791,0.0,0.0
2023-07-18 10:00:00+09:00,66300.0,66700.0,65500.0,65800.0,12712,0.0,0.0
2023-07-18 11:00:00+09:00,65800.0,66000.0,65400.0,65700.0,7051,0.0,0.0
2023-07-18 12:00:00+09:00,65700.0,66900.0,65500.0,66500.0,5083,0.0,0.0
2023-07-18 13:00:00+09:00,66400.0,67400.0,66400.0,67100.0,3907,0.0,0.0
2023-07-18 14:00:00+09:00,67200.0,67200.0,66700.0,67000.0,3242,0.0,0.0
2023-07-19 09:00:00+09:00,67900.0,71200.0,66600.0,70300.0,35585,0.0,0.0
2023-07-19 10:00:00+09:00,70300.0,71900.0,69600.0,71100.0,25440,0.0,0.0
2023-07-19 11:00:00+09:00,71100.0,76300.0,71000.0,73900.0,103853,0.0,0.0
2023-07-19 12:00:00+09:00,73800.0,78500.0,73700.0,77000.0,57752,0.0,0.0
2023-07-19 13:00:00+09:00,77200.0,78500.0,76100.0,76600.0,39201,0.0,0.0
2023-07-19 14:00:00+09:00,76600.0,77800.0,74600.0,77600.0,32322,0.0,0.0
2023-07-20 09:00:00+09:00,79100.0,82200.0,75400.0,78800.0,99530,0.0,0.0
2023-07-20 10:00:00+09:00,78700.0,78800.0,75100.0,76600.0,39409,0.0,0.0
2023-07-20 11:00:00+09:00,76600.0,79000.0,76600.0,78100.0,13886,0.0,0.0
2023-07-20 12:00:00+09:00,78200.0,78200.0,76300.0,76900.0,10124,0.0,0.0
2023-07-20 13:00:00+09:00,76900.0,78400.0,76600.0,77400.0,18730,0.0,0.0
2023-07-20 14:00:00+09:00,77400.0,78600.0,77100.0,77800.0,12984,0.0,0.0
2023-07-21 09:00:00+09:00,75500.0,75800.0,70600.0,71900.0,68266,0.0,0.0
2023-07-21 10:00:00+09:00,71900.0,72200.0,71000.0,71500.0,19528,0.0,0.0
2023-07-21 11:00:00+09:00,71500.0,71700.0,70500.0,70800.0,20750,0.0,0.0
2023-07-21 12:00:00+09:00,70900.0,71600.0,70700.0,71500.0,7036,0.0,0.0
2023-07-21 13:00:00+09:00,71500.0,71800.0,71100.0,71300.0,10421,0.0,0.0
2023-07-21 14:00:00+09:00,71200.0,71400.0,70600.0,70800.0,13217,0.0,0.0
2023-07-24 09:00:00+09:00,70300.0,70800.0,69000.0,70400.0,0,0.0,0.0
2023-07-24 10:00:00+09:00,70400.0,71400.0,70300.0,70400.0,6023,0.0,0.0
2023-07-24 11:00:00+09:00,70400.0,70800.0,69600.0,70200.0,4989,0.0,0.0
2023-07-24 12:00:00+09:00,70100.0,70900.0,69900.0,70300.0,3090,0.0,0.0
2023-07-24 13:00:00+09:00,70300.0,71400.0,70000.0,71200.0,5891,0.0,0.0
2023-07-24 14:00:00+09:00,71200.0,71200.0,70400.0,70800.0,3517,0.0,0.0
2023-07-25 09:00:00+09:00,69300.0,71300.0,69300.0,69700.0,14615,0.0,0.0
2023-07-25 10:00:00+09:00,69800.0,70400.0,69100.0,69900.0,7798,0.0,0.0
2023-07-25 11:00:00+09:00,69900.0,69900.0,69300.0,69300.0,3589,0.0,0.0
2023-07-25 12:00:00+09:00,69300.0,69400.0,68400.0,68800.0,8815,0.0,0.0
2023-07-25 13:00:00+09:00,68700.0,69500.0,68500.0,69500.0,3867,0.0,0.0
2023-07-25 14:00:00+09:00,69300.0,69900.0,69100.0,69900.0,5633,0.0,0.0
2023-07-26 09:00:00+09:00,70600.0,70900.0,68000.0,68500.0,17966,0.0,0.0
2023-07-26 10:00:00+09:00,68500.0,68600.0,66100.0,67100.0,24974,0.0,0.0
2023-07-26 11:00:00+09:00,67000.0,67100.0,66100.0,66200.0,7627,0.0,0.0
2023-07-26 12:00:00+09:00,66300.0,66500.0,65600.0,65900.0,11503,0.0,0.0
2023-07-26 13:00:00+09:00,65800.0,67200.0,65600.0,66000.0,9081,0.0,0.0
2023-07-26 14:00:00+09:00,66000.0,67200.0,65700.0,65800.0,9467,0.0,0.0
2023-07-27 09:00:00+09:00,66200.0,67300.0,65600.0,66300.0,7360,0.0,0.0
2023-07-27 10:00:00+09:00,66100.0,66700.0,65500.0,66700.0,6755,0.0,0.0
2023-07-27 11:00:00+09:00,66600.0,67000.0,65700.0,65800.0,6872,0.0,0.0
2023-07-27 12:00:00+09:00,65800.0,66000.0,65200.0,65700.0,6914,0.0,0.0
2023-07-27 13:00:00+09:00,65700.0,66000.0,65300.0,66000.0,4336,0.0,0.0
2023-07-27 14:00:00+09:00,66000.0,66600.0,65300.0,65400.0,4934,0.0,0.0
2023-07-28 09:00:00+09:00,65000.0,65400.0,64500.0,64800.0,5734,0.0,0.0
2023-07-28 10:00:00+09:00,64700.0,66500.0,64700.0,65600.0,3565,0.0,0.0
2023-07-28 11:00:00+09:00,65500.0,66100.0,65300.0,65600.0,1849,0.0,0.0
2023-07-28 12:00:00+09:00,65600.0,66300.0,65500.0,65900.0,3065,0.0,0.0
2023-07-28 13:00:00+09:00,65900.0,66100.0,65600.0,65800.0,1969,0.0,0.0
2023-07-28 14:00:00+09:00,65800.0,67100.0,65600.0,66200.0,5804,0.0,0.0
2023-07-31 09:00:00+09:00,67500.0,67500.0,66100.0,66500.0,0,0.0,0.0
2023-07-31 10:00:00+09:00,66500.0,67900.0,66500.0,66900.0,7001,0.0,0.0
2023-07-31 11:00:00+09:00,67000.0,67700.0,66800.0,67100.0,2516,0.0,0.0
2023-07-31 12:00:00+09:00,67100.0,67100.0,66500.0,66600.0,4823,0.0,0.0
2023-07-31 13:00:00+09:00,66600.0,67000.0,66400.0,66400.0,8071,0.0,0.0
2023-07-31 14:00:00+09:00,66400.0,66900.0,66200.0,66200.0,3359,0.0,0.0
2023-08-01 09:00:00+09:00,66000.0,69400.0,66000.0,69000.0,20211,0.0,0.0
2023-08-01 10:00:00+09:00,69000.0,70500.0,68800.0,70300.0,17921,0.0,0.0
2023-08-01 11:00:00+09:00,70300.0,70400.0,69300.0,70100.0,7213,0.0,0.0
2023-08-01 12:00:00+09:00,70100.0,71300.0,70100.0,70500.0,16203,0.0,0.0
2023-08-01 13:00:00+09:00,70400.0,70400.0,69400.0,69800.0,7270,0.0,0.0
2023-08-01 14:00:00+09:00,69800.0,71500.0,69600.0,70700.0,21582,0.0,0.0
2023-08-02 09:00:00+09:00,71100.0,71500.0,69800.0,70100.0,14019,0.0,0.0
2023-08-02 10:00:00+09:00,70100.0,72000.0,69100.0,69100.0,15022,0.0,0.0
2023-08-02 11:00:00+09:00,69100.0,69200.0,68000.0,68300.0,9208,0.0,0.0
2023-08-02 12:00:00+09:00,68300.0,69100.0,68100.0,68400.0,3886,0.0,0.0
2023-08-02 13:00:00+09:00,68300.0,69100.0,68200.0,68400.0,3642,0.0,0.0
2023-08-02 14:00:00+09:00,68500.0,68600.0,67600.0,68200.0,6978,0.0,0.0
2023-08-03 09:00:00+09:00,67200.0,68400.0,67000.0,67700.0,5854,0.0,0.0
2023-08-03 10:00:00+09:00,67700.0,67700.0,66000.0,66300.0,8051,0.0,0.0
2023-08-03 11:00:00+09:00,66300.0,66300.0,65900.0,66000.0,3267,0.0,0.0
2023-08-03 12:00:00+09:00,66000.0,67100.0,65900.0,66600.0,2122,0.0,0.0
2023-08-03 13:00:00+09:00,66700.0,67400.0,66500.0,67200.0,1844,0.0,0.0
2023-08-03 14:00:00+09:00,67200.0,67800.0,67000.0,67200.0,3456,0.0,0.0
2023-08-04 09:00:00+09:00,67200.0,69500.0,67000.0,67200.0,10331,0.0,0.0
2023-08-04 10:00:00+09:00,67200.0,67500.0,67000.0,67000.0,3208,0.0,0.0
2023-08-04 11:00:00+09:00,67000.0,67100.0,66600.0,66800.0,3810,0.0,0.0
2023-08-04 12:00:00+09:00,66800.0,67200.0,66700.0,67000.0,1473,0.0,0.0
2023-08-04 13:00:00+09:00,67000.0,67300.0,67000.0,67000.0,1566,0.0,0.0
2023-08-04 14:00:00+09:00,67000.0,67100.0,66500.0,66500.0,4436,0.0,0.0
2023-08-07 09:00:00+09:00,66800.0,67900.0,65600.0,67500.0,0,0.0,0.0
2023-08-07 10:00:00+09:00,67600.0,69000.0,67300.0,68800.0,8101,0.0,0.0
2023-08-07 11:00:00+09:00,68700.0,69500.0,68700.0,69100.0,8284,0.0,0.0
2023-08-07 12:00:00+09:00,69100.0,69900.0,68900.0,69300.0,6372,0.0,0.0
2023-08-07 13:00:00+09:00,69300.0,69500.0,68600.0,69300.0,3267,0.0,0.0
2023-08-07 14:00:00+09:00,69300.0,69400.0,68500.0,68500.0,3435,0.0,0.0
2023-08-08 09:00:00+09:00,69500.0,69500.0,68000.0,68600.0,5092,0.0,0.0
2023-08-08 10:00:00+09:00,68700.0,68700.0,68000.0,68100.0,2697,0.0,0.0
2023-08-08 11:00:00+09:00,68100.0,68300.0,67700.0,67900.0,4375,0.0,0.0
2023-08-08 12:00:00+09:00,67900.0,68200.0,67800.0,68000.0,2442,0.0,0.0
2023-08-08 13:00:00+09:00,68000.0,71000.0,67800.0,70800.0,13166,0.0,0.0
2023-08-08 14:00:00+09:00,70800.0,71200.0,68500.0,69100.0,22926,0.0,0.0
2023-08-09 09:00:00+09:00,69900.0,70000.0,68700.0,68800.0,8173,0.0,0.0
2023-08-09 10:00:00+09:00,68900.0,68900.0,68200.0,68700.0,3784,0.0,0.0
2023-08-09 11:00:00+09:00,68500.0,69000.0,68300.0,68800.0,1003,0.0,0.0
2023-08-09 12:00:00+09:00,68800.0,69000.0,68500.0,68700.0,1398,0.0,0.0
2023-08-09 13:00:00+09:00,68700.0,68800.0,68400.0,68500.0,3152,0.0,0.0
2023-08-09 14:00:00+09:00,68400.0,68600.0,68300.0,68300.0,4312,0.0,0.0
2023-08-10 09:00:00+09:00,68200.0,68200.0,65800.0,66100.0,12915,0.0,0.0
2023-08-10 10:00:00+09:00,66200.0,66800.0,66000.0,66300.0,3287,0.0,0.0
2023-08-10 11:00:00+09:00,66300.0,66500.0,66100.0,66200.0,1413,0.0,0.0
2023-08-10 12:00:00+09:00,66100.0,66400.0,65800.0,66100.0,8044,0.0,0.0
2023-08-10 13:00:00+09:00,66200.0,66400.0,65900.0,66000.0,3083,0.0,0.0
2023-08-10 14:00:00+09:00,66100.0,66500.0,66000.0,66400.0,2821,0.0,0.0
2023-08-11 09:00:00+09:00,66600.0,68300.0,66100.0,67400.0,6367,0.0,0.0
2023-08-11 10:00:00+09:00,67400.0,67400.0,67100.0,67100.0,2857,0.0,0.0
2023-08-11 11:00:00+09:00,67100.0,67500.0,67000.0,67200.0,562,0.0,0.0
2023-08-11 12:00:00+09:00,67200.0,67300.0,66800.0,66800.0,1069,0.0,0.0
2023-08-11 13:00:00+09:00,66800.0,67000.0,66600.0,66600.0,651,0.0,0.0
2023-08-11 14:00:00+09:00,66600.0,66700.0,65900.0,66200.0,7635,0.0,0.0
2023-08-14 09:00:00+09:00,65900.0,65900.0,64100.0,64500.0,0,0.0,0.0
2023-08-14 10:00:00+09:00,64700.0,65300.0,64400.0,65100.0,1817,0.0,0.0
2023-08-14 11:00:00+09:00,65100.0,65200.0,64600.0,64600.0,984,0.0,0.0
2023-08-14 12:00:00+09:00,64600.0,65300.0,64100.0,64900.0,3424,0.0,0.0
2023-08-14 13:00:00+09:00,64800.0,65000.0,64600.0,64900.0,747,0.0,0.0
2023-08-14 14:00:00+09:00,64800.0,65500.0,64600.0,65200.0,2195,0.0,0.0
2023-08-16 09:00:00+09:00,65300.0,65300.0,63800.0,63900.0,0,0.0,0.0
2023-08-16 10:00:00+09:00,63900.0,64500.0,63600.0,64300.0,2122,0.0,0.0
2023-08-16 11:00:00+09:00,64400.0,64700.0,64000.0,64100.0,0,0.0,0.0
2023-08-16 12:00:00+09:00,64000.0,64000.0,63700.0,63700.0,9860,0.0,0.0
2023-08-16 13:00:00+09:00,63700.0,63700.0,63000.0,63000.0,6690,0.0,0.0
2023-08-16 14:00:00+09:00,63000.0,63400.0,62800.0,63300.0,7381,0.0,0.0
2023-08-17 09:00:00+09:00,62100.0,65200.0,61700.0,64600.0,17346,0.0,0.0
2023-08-17 10:00:00+09:00,64600.0,65300.0,64000.0,64300.0,4079,0.0,0.0
2023-08-17 11:00:00+09:00,64300.0,64800.0,64000.0,64500.0,435,0.0,0.0
2023-08-17 12:00:00+09:00,64400.0,64800.0,64400.0,64500.0,554,0.0,0.0
2023-08-17 13:00:00+09:00,64500.0,65000.0,64000.0,64400.0,3090,0.0,0.0
2023-08-17 14:00:00+09:00,64500.0,66400.0,64200.0,65800.0,8669,0.0,0.0
2023-08-18 09:00:00+09:00,64700.0,64700.0,61700.0,63100.0,16976,0.0,0.0
2023-08-18 10:00:00+09:00,63100.0,65600.0,63100.0,65400.0,3775,0.0,0.0
2023-08-18 11:00:00+09:00,65400.0,65700.0,64400.0,65100.0,8933,0.0,0.0
2023-08-18 12:00:00+09:00,65100.0,65700.0,65000.0,65600.0,2411,0.0,0.0
2023-08-18 13:00:00+09:00,65600.0,66200.0,65400.0,66000.0,2698,0.0,0.0
2023-08-18 14:00:00+09:00,65900.0,66000.0,65300.0,65400.0,2990,0.0,0.0
2023-08-21 09:00:00+09:00,65500.0,66200.0,64800.0,66100.0,0,0.0,0.0
2023-08-21 10:00:00+09:00,65900.0,67200.0,65400.0,66300.0,5136,0.0,0.0
2023-08-21 11:00:00+09:00,66400.0,67100.0,66400.0,66600.0,1742,0.0,0.0
2023-08-21 12:00:00+09:00,66600.0,66800.0,66500.0,66700.0,525,0.0,0.0
2023-08-21 13:00:00+09:00,66800.0,66800.0,66000.0,66000.0,1248,0.0,0.0
2023-08-21 14:00:00+09:00,66100.0,66300.0,66000.0,66200.0,1644,0.0,0.0
2023-08-22 09:00:00+09:00,66700.0,67200.0,65800.0,65800.0,2494,0.0,0.0
2023-08-22 10:00:00+09:00,65800.0,66000.0,65600.0,65700.0,1471,0.0,0.0
2023-08-22 11:00:00+09:00,65600.0,66000.0,65600.0,65800.0,300,0.0,0.0
2023-08-22 12:00:00+09:00,65800.0,65900.0,65300.0,65400.0,805,0.0,0.0
2023-08-22 13:00:00+09:00,65400.0,66100.0,65300.0,65500.0,917,0.0,0.0
2023-08-22 14:00:00+09:00,65400.0,66100.0,65400.0,65600.0,1297,0.0,0.0
2023-08-23 09:00:00+09:00,65400.0,65600.0,65200.0,65200.0,0,0.0,0.0
2023-08-23 10:00:00+09:00,65200.0,65400.0,64800.0,65100.0,1287,0.0,0.0
2023-08-23 11:00:00+09:00,65100.0,66000.0,65000.0,65300.0,1219,0.0,0.0
2023-08-23 12:00:00+09:00,65300.0,65700.0,65200.0,65400.0,824,0.0,0.0
2023-08-23 13:00:00+09:00,65400.0,65600.0,65100.0,65200.0,1071,0.0,0.0
2023-08-23 14:00:00+09:00,65200.0,65400.0,65100.0,65200.0,796,0.0,0.0
2023-08-24 09:00:00+09:00,68100.0,71000.0,67500.0,69700.0,41914,0.0,0.0
2023-08-24 10:00:00+09:00,69900.0,70400.0,69500.0,70000.0,11897,0.0,0.0
2023-08-24 11:00:00+09:00,69900.0,70200.0,69200.0,69700.0,8541,0.0,0.0
2023-08-24 12:00:00+09:00,69600.0,69900.0,69100.0,69500.0,2212,0.0,0.0
2023-08-24 13:00:00+09:00,69500.0,70000.0,69200.0,69800.0,3028,0.0,0.0
2023-08-24 14:00:00+09:00,69700.0,70000.0,69100.0,69400.0,4486,0.0,0.0
2023-08-25 09:00:00+09:00,69000.0,71300.0,68900.0,69700.0,20114,0.0,0.0
2023-08-25 10:00:00+09:00,69800.0,69800.0,69200.0,69500.0,4834,0.0,0.0
2023-08-25 11:00:00+09:00,69500.0,69800.0,69000.0,69000.0,2361,0.0,0.0
2023-08-25 12:00:00+09:00,68900.0,69100.0,68700.0,68700.0,2938,0.0,0.0
2023-08-25 13:00:00+09:00,68800.0,68900.0,68600.0,68600.0,2347,0.0,0.0
2023-08-25 14:00:00+09:00,68600.0,69000.0,68400.0,69000.0,2823,0.0,0.0
2023-08-28 09:00:00+09:00,68700.0,69600.0,68100.0,68100.0,0,0.0,0.0
2023-08-28 10:00:00+09:00,68100.0,68200.0,67800.0,67900.0,2372,0.0,0.0
2023-08-28 11:00:00+09:00,67900.0,68500.0,67800.0,68100.0,2402,0.0,0.0
2023-08-28 12:00:00+09:00,68100.0,68300.0,67900.0,68000.0,844,0.0,0.0
2023-08-28 13:00:00+09:00,68000.0,68000.0,67800.0,67900.0,1014,0.0,0.0
2023-08-28 14:00:00+09:00,67800.0,68400.0,67700.0,68100.0,1874,0.0,0.0
2023-08-29 09:00:00+09:00,67900.0,70200.0,67900.0,69000.0,9914,0.0,0.0
2023-08-29 10:00:00+09:00,69200.0,69900.0,69000.0,69300.0,2978,0.0,0.0
2023-08-29 11:00:00+09:00,69200.0,70200.0,68800.0,69200.0,7486,0.0,0.0
2023-08-29 12:00:00+09:00,69300.0,69600.0,69200.0,69600.0,2336,0.0,0.0
2023-08-29 13:00:00+09:00,69500.0,69900.0,69000.0,69100.0,3645,0.0,0.0
2023-08-29 14:00:00+09:00,69100.0,70500.0,69100.0,69400.0,5377,0.0,0.0
2023-08-30 09:00:00+09:00,70500.0,70500.0,68700.0,69100.0,5075,0.0,0.0
2023-08-30 10:00:00+09:00,69200.0,69900.0,69100.0,69300.0,3770,0.0,0.0
2023-08-30 11:00:00+09:00,69300.0,69600.0,69300.0,69500.0,0,0.0,0.0
2023-08-30 12:00:00+09:00,69500.0,70000.0,69500.0,69600.0,11647,0.0,0.0
2023-08-30 13:00:00+09:00,69700.0,69900.0,69600.0,69800.0,1784,0.0,0.0
2023-08-30 14:00:00+09:00,69800.0,70200.0,69700.0,70100.0,3959,0.0,0.0
2023-08-31 09:00:00+09:00,70300.0,70300.0,68500.0,68900.0,9684,0.0,0.0
2023-08-31 10:00:00+09:00,69000.0,69000.0,68500.0,68500.0,3289,0.0,0.0
2023-08-31 11:00:00+09:00,68500.0,69200.0,68500.0,69100.0,1160,0.0,0.0
2023-08-31 12:00:00+09:00,69200.0,69400.0,69000.0,69300.0,898,0.0,0.0
2023-08-31 13:00:00+09:00,69400.0,71200.0,69100.0,70300.0,8271,0.0,0.0
2023-08-31 14:00:00+09:00,70300.0,70800.0,70100.0,70100.0,4074,0.0,0.0
2023-09-01 09:00:00+09:00,71000.0,71400.0,69500.0,70600.0,17569,0.0,0.0
2023-09-01 10:00:00+09:00,70600.0,71600.0,70600.0,71100.0,5285,0.0,0.0
2023-09-01 11:00:00+09:00,71100.0,71300.0,70500.0,70700.0,3014,0.0,0.0
2023-09-01 12:00:00+09:00,70600.0,71000.0,70200.0,70700.0,2432,0.0,0.0
2023-09-01 13:00:00+09:00,70700.0,72000.0,70600.0,71300.0,5866,0.0,0.0
2023-09-01 14:00:00+09:00,71400.0,71400.0,70500.0,70900.0,3092,0.0,0.0
2023-09-04 09:00:00+09:00,69900.0,70800.0,65900.0,68500.0,0,0.0,0.0
2023-09-04 10:00:00+09:00,68500.0,68900.0,68300.0,68500.0,1702,0.0,0.0
2023-09-04 11:00:00+09:00,68500.0,69200.0,68400.0,68600.0,1280,0.0,0.0
2023-09-04 12:00:00+09:00,68600.0,68900.0,68400.0,68800.0,2110,0.0,0.0
2023-09-04 13:00:00+09:00,68800.0,68800.0,68500.0,68500.0,1299,0.0,0.0
2023-09-04 14:00:00+09:00,68500.0,68600.0,68100.0,68300.0,2390,0.0,0.0
2023-09-05 09:00:00+09:00,67700.0,68800.0,66500.0,66800.0,9371,0.0,0.0
2023-09-05 10:00:00+09:00,66800.0,67200.0,66600.0,66700.0,1730,0.0,0.0
2023-09-05 11:00:00+09:00,66600.0,66800.0,66600.0,66700.0,1354,0.0,0.0
2023-09-05 12:00:00+09:00,66700.0,67000.0,66600.0,66600.0,1699,0.0,0.0
2023-09-05 13:00:00+09:00,66700.0,67900.0,66500.0,66600.0,3204,0.0,0.0
2023-09-05 14:00:00+09:00,66600.0,67300.0,66500.0,66900.0,3566,0.0,0.0
2023-09-06 09:00:00+09:00,67500.0,67500.0,66500.0,67400.0,1909,0.0,0.0
2023-09-06 10:00:00+09:00,67400.0,68000.0,67400.0,68000.0,2161,0.0,0.0
2023-09-06 11:00:00+09:00,67800.0,68700.0,67800.0,68300.0,3506,0.0,0.0
2023-09-06 12:00:00+09:00,68300.0,68300.0,67800.0,68000.0,1874,0.0,0.0
2023-09-06 13:00:00+09:00,68000.0,69200.0,68000.0,68700.0,5006,0.0,0.0
2023-09-06 14:00:00+09:00,68600.0,68800.0,68000.0,68200.0,2173,0.0,0.0
2023-09-07 09:00:00+09:00,67600.0,68100.0,66800.0,67200.0,3824,0.0,0.0
2023-09-07 10:00:00+09:00,67000.0,67100.0,66700.0,66900.0,2375,0.0,0.0
2023-09-07 11:00:00+09:00,66900.0,66900.0,66600.0,66900.0,1769,0.0,0.0
2023-09-07 12:00:00+09:00,66800.0,66900.0,66500.0,66700.0,1333,0.0,0.0
2023-09-07 13:00:00+09:00,66800.0,66900.0,66500.0,66600.0,1448,0.0,0.0
2023-09-07 14:00:00+09:00,66700.0,66800.0,66300.0,66300.0,2234,0.0,0.0
2023-09-08 09:00:00+09:00,66000.0,67300.0,65800.0,66400.0,3169,0.0,0.0
2023-09-08 10:00:00+09:00,66400.0,66500.0,66100.0,66500.0,685,0.0,0.0
2023-09-08 11:00:00+09:00,66500.0,66500.0,65900.0,66000.0,1801,0.0,0.0
2023-09-08 12:00:00+09:00,66100.0,66500.0,65900.0,66200.0,1122,0.0,0.0
2023-09-08 13:00:00+09:00,66300.0,66700.0,66200.0,66300.0,306,0.0,0.0
2023-09-08 14:00:00+09:00,66300.0,66600.0,66100.0,66400.0,929,0.0,0.0
2023-09-11 09:00:00+09:00,67000.0,67800.0,66500.0,66700.0,0,0.0,0.0
2023-09-11 10:00:00+09:00,66700.0,66900.0,66300.0,66900.0,1624,0.0,0.0
2023-09-11 11:00:00+09:00,66900.0,67200.0,66700.0,66900.0,984,0.0,0.0
2023-09-11 12:00:00+09:00,66900.0,67200.0,66800.0,66800.0,798,0.0,0.0
2023-09-11 13:00:00+09:00,66800.0,66900.0,66500.0,66500.0,1448,0.0,0.0
2023-09-11 14:00:00+09:00,66500.0,66600.0,66100.0,66300.0,1799,0.0,0.0
2023-09-12 09:00:00+09:00,67200.0,67200.0,66000.0,66600.0,3229,0.0,0.0
2023-09-12 10:00:00+09:00,66600.0,66900.0,66100.0,66100.0,3553,0.0,0.0
2023-09-12 11:00:00+09:00,66200.0,67000.0,66000.0,66000.0,7419,0.0,0.0
2023-09-12 12:00:00+09:00,66200.0,66400.0,66000.0,66300.0,1554,0.0,0.0
2023-09-12 13:00:00+09:00,66300.0,66400.0,66100.0,66100.0,846,0.0,0.0
2023-09-12 14:00:00+09:00,66100.0,66400.0,66100.0,66300.0,1602,0.0,0.0
2023-09-13 09:00:00+09:00,66200.0,66800.0,66000.0,66200.0,1380,0.0,0.0
2023-09-13 10:00:00+09:00,66100.0,66100.0,65200.0,65300.0,5043,0.0,0.0
2023-09-13 11:00:00+09:00,65300.0,65600.0,65000.0,65100.0,2421,0.0,0.0
2023-09-13 12:00:00+09:00,65300.0,65900.0,65100.0,65100.0,1029,0.0,0.0
2023-09-13 13:00:00+09:00,65100.0,65400.0,65100.0,65100.0,814,0.0,0.0
2023-09-13 14:00:00+09:00,65100.0,65300.0,64600.0,64800.0,8722,0.0,0.0
2023-09-14 09:00:00+09:00,65000.0,66700.0,64800.0,66500.0,9947,0.0,0.0
2023-09-14 10:00:00+09:00,66500.0,66900.0,65900.0,66900.0,4471,0.0,0.0
2023-09-14 11:00:00+09:00,66800.0,68700.0,66700.0,68600.0,11172,0.0,0.0
2023-09-14 12:00:00+09:00,68600.0,69400.0,68500.0,69400.0,12181,0.0,0.0
2023-09-14 13:00:00+09:00,69400.0,71200.0,69300.0,70800.0,24271,0.0,0.0
2023-09-14 14:00:00+09:00,70700.0,72300.0,70700.0,72200.0,26686,0.0,0.0
2023-09-15 09:00:00+09:00,72300.0,73300.0,71100.0,71800.0,0,0.0,0.0
2023-09-15 10:00:00+09:00,71800.0,71800.0,71200.0,71400.0,19284,0.0,0.0
2023-09-15 11:00:00+09:00,71400.0,71700.0,71200.0,71400.0,1423,0.0,0.0
2023-09-15 12:00:00+09:00,71400.0,71400.0,70500.0,70600.0,3657,0.0,0.0
2023-09-15 13:00:00+09:00,70600.0,70600.0,70200.0,70200.0,3405,0.0,0.0
2023-09-15 14:00:00+09:00,70200.0,70500.0,70200.0,70400.0,2156,0.0,0.0
2023-09-18 09:00:00+09:00,71000.0,71700.0,69100.0,69500.0,0,0.0,0.0
2023-09-18 10:00:00+09:00,69500.0,69800.0,68700.0,69000.0,6155,0.0,0.0
2023-09-18 11:00:00+09:00,69000.0,69100.0,68700.0,68700.0,3693,0.0,0.0
2023-09-18 12:00:00+09:00,68700.0,69900.0,68700.0,69700.0,2960,0.0,0.0
2023-09-18 13:00:00+09:00,69600.0,70100.0,69000.0,69800.0,4587,0.0,0.0
2023-09-18 14:00:00+09:00,69800.0,69800.0,69000.0,69300.0,6425,0.0,0.0
2023-09-19 09:00:00+09:00,69500.0,69900.0,69200.0,69300.0,5277,0.0,0.0
2023-09-19 10:00:00+09:00,69300.0,71000.0,69300.0,70300.0,4324,0.0,0.0
2023-09-19 11:00:00+09:00,70100.0,70200.0,69800.0,69900.0,1523,0.0,0.0
2023-09-19 12:00:00+09:00,69800.0,71100.0,69800.0,71000.0,2483,0.0,0.0
2023-09-19 13:00:00+09:00,71100.0,71200.0,70000.0,70200.0,8158,0.0,0.0
2023-09-19 14:00:00+09:00,70200.0,70300.0,69800.0,70100.0,2249,0.0,0.0
2023-09-20 09:00:00+09:00,71000.0,71300.0,69500.0,69500.0,4140,0.0,0.0
2023-09-20 10:00:00+09:00,69500.0,69800.0,68500.0,68500.0,5236,0.0,0.0
2023-09-20 11:00:00+09:00,68600.0,69000.0,68400.0,68500.0,3737,0.0,0.0
2023-09-20 12:00:00+09:00,68400.0,68500.0,68000.0,68200.0,3520,0.0,0.0
2023-09-20 13:00:00+09:00,68200.0,69200.0,68200.0,68900.0,4177,0.0,0.0
2023-09-20 14:00:00+09:00,68900.0,69600.0,68800.0,68900.0,3442,0.0,0.0
2023-09-21 09:00:00+09:00,68400.0,69500.0,68400.0,69200.0,2285,0.0,0.0
2023-09-21 10:00:00+09:00,69200.0,69600.0,68200.0,68300.0,3508,0.0,0.0
2023-09-21 11:00:00+09:00,68300.0,68600.0,68200.0,68300.0,1230,0.0,0.0
2023-09-21 12:00:00+09:00,68300.0,68300.0,67400.0,67600.0,2308,0.0,0.0
2023-09-21 13:00:00+09:00,67500.0,67900.0,67400.0,67600.0,2463,0.0,0.0
2023-09-21 14:00:00+09:00,67700.0,68100.0,67500.0,67600.0,3051,0.0,0.0
2023-09-22 09:00:00+09:00,67300.0,68300.0,66600.0,67700.0,5216,0.0,0.0
2023-09-22 10:00:00+09:00,67700.0,69500.0,67400.0,69400.0,4431,0.0,0.0
2023-09-22 11:00:00+09:00,69300.0,72400.0,69200.0,70400.0,16299,0.0,0.0
2023-09-22 12:00:00+09:00,70400.0,71200.0,70300.0,70500.0,2842,0.0,0.0
2023-09-22 13:00:00+09:00,70500.0,71700.0,70500.0,70900.0,5113,0.0,0.0
2023-09-22 14:00:00+09:00,70800.0,71000.0,70400.0,70800.0,2203,0.0,0.0
2023-09-25 09:00:00+09:00,70800.0,72200.0,70200.0,71300.0,0,0.0,0.0
2023-09-25 10:00:00+09:00,71200.0,71400.0,70800.0,71200.0,2144,0.0,0.0
2023-09-25 11:00:00+09:00,71200.0,71400.0,70800.0,71400.0,1460,0.0,0.0
2023-09-25 12:00:00+09:00,71300.0,71900.0,71300.0,71700.0,2447,0.0,0.0
2023-09-25 13:00:00+09:00,71700.0,71900.0,71500.0,71600.0,1724,0.0,0.0
2023-09-25 14:00:00+09:00,71600.0,71700.0,70500.0,70900.0,4837,0.0,0.0
2023-09-26 09:00:00+09:00,72100.0,72500.0,70600.0,71000.0,6833,0.0,0.0
2023-09-26 10:00:00+09:00,71000.0,74000.0,71000.0,72600.0,27589,0.0,0.0
2023-09-26 11:00:00+09:00,72500.0,72700.0,71900.0,72700.0,4638,0.0,0.0
2023-09-26 12:00:00+09:00,72700.0,72900.0,71800.0,72300.0,3707,0.0,0.0
2023-09-26 13:00:00+09:00,72300.0,72400.0,71400.0,71700.0,5186,0.0,0.0
2023-09-26 14:00:00+09:00,71800.0,72500.0,71700.0,72000.0,7219,0.0,0.0
2023-09-27 09:00:00+09:00,72900.0,79900.0,72700.0,78200.0,111524,0.0,0.0
2023-09-27 10:00:00+09:00,78300.0,81700.0,77700.0,80700.0,111556,0.0,0.0
2023-09-27 11:00:00+09:00,80600.0,81000.0,77900.0,78000.0,35819,0.0,0.0
2023-09-27 12:00:00+09:00,78000.0,79700.0,77800.0,79200.0,16947,0.0,0.0
2023-09-27 13:00:00+09:00,79100.0,80800.0,78800.0,80100.0,22038,0.0,0.0
2023-09-27 14:00:00+09:00,80200.0,80400.0,78500.0,78700.0,16322,0.0,0.0
2023-10-04 09:00:00+09:00,77000.0,78600.0,75800.0,76000.0,0,0.0,0.0
2023-10-04 10:00:00+09:00,76100.0,80000.0,75900.0,79700.0,24655,0.0,0.0
2023-10-04 11:00:00+09:00,79700.0,80300.0,79200.0,79900.0,14225,0.0,0.0
2023-10-04 12:00:00+09:00,79800.0,80500.0,79300.0,79600.0,9644,0.0,0.0
2023-10-04 13:00:00+09:00,79600.0,79700.0,78400.0,78700.0,6173,0.0,0.0
2023-10-04 14:00:00+09:00,78700.0,78800.0,77600.0,77800.0,11093,0.0,0.0
2023-10-05 09:00:00+09:00,78200.0,83000.0,78200.0,79200.0,43564,0.0,0.0
2023-10-05 10:00:00+09:00,79200.0,80800.0,79200.0,80100.0,8503,0.0,0.0
2023-10-05 11:00:00+09:00,80100.0,82100.0,80000.0,81200.0,11375,0.0,0.0
2023-10-05 12:00:00+09:00,81200.0,84000.0,81100.0,83500.0,21238,0.0,0.0
2023-10-05 13:00:00+09:00,83500.0,84400.0,82500.0,82700.0,16227,0.0,0.0
2023-10-05 14:00:00+09:00,82700.0,84000.0,82600.0,82900.0,17605,0.0,0.0
2023-10-06 09:00:00+09:00,82900.0,88300.0,82100.0,87500.0,35656,0.0,0.0
2023-10-06 10:00:00+09:00,87500.0,89300.0,87400.0,88200.0,24939,0.0,0.0
2023-10-06 11:00:00+09:00,88200.0,89900.0,88100.0,89700.0,15080,0.0,0.0
2023-10-06 12:00:00+09:00,89800.0,90100.0,88500.0,89000.0,17139,0.0,0.0
2023-10-06 13:00:00+09:00,89000.0,89100.0,88200.0,88400.0,6973,0.0,0.0
2023-10-06 14:00:00+09:00,88400.0,89200.0,88200.0,88200.0,11817,0.0,0.0
2023-10-10 09:00:00+09:00,90000.0,91500.0,85100.0,85400.0,0,0.0,0.0
2023-10-10 10:00:00+09:00,85400.0,87200.0,85300.0,85600.0,6781,0.0,0.0
2023-10-10 11:00:00+09:00,85600.0,86100.0,85000.0,85000.0,7006,0.0,0.0
2023-10-10 12:00:00+09:00,85000.0,85000.0,83200.0,84000.0,12309,0.0,0.0
2023-10-10 13:00:00+09:00,83900.0,84600.0,83600.0,84000.0,7382,0.0,0.0
2023-10-10 14:00:00+09:00,83900.0,85300.0,82500.0,83300.0,14458,0.0,0.0
2023-10-11 09:00:00+09:00,84300.0,87100.0,84300.0,85400.0,16073,0.0,0.0
2023-10-11 10:00:00+09:00,85500.0,87700.0,85300.0,86700.0,13772,0.0,0.0
2023-10-11 11:00:00+09:00,86800.0,86800.0,85600.0,85800.0,2606,0.0,0.0
2023-10-11 12:00:00+09:00,85800.0,86300.0,85600.0,86200.0,1193,0.0,0.0
2023-10-11 13:00:00+09:00,86200.0,86300.0,84600.0,84900.0,4653,0.0,0.0
2023-10-11 14:00:00+09:00,84800.0,85000.0,83900.0,84800.0,11564,0.0,0.0
2023-10-12 09:00:00+09:00,86600.0,87500.0,85300.0,85800.0,15943,0.0,0.0
2023-10-12 10:00:00+09:00,85800.0,85900.0,84400.0,85300.0,9274,0.0,0.0
2023-10-12 11:00:00+09:00,85200.0,85300.0,84500.0,84500.0,2042,0.0,0.0
2023-10-12 12:00:00+09:00,84500.0,84500.0,83700.0,83900.0,4390,0.0,0.0
2023-10-12 13:00:00+09:00,84000.0,84400.0,83100.0,83400.0,5520,0.0,0.0
2023-10-12 14:00:00+09:00,83400.0,84500.0,83300.0,84100.0,6620,0.0,0.0
2023-10-13 09:00:00+09:00,84100.0,87700.0,83500.0,84400.0,20652,0.0,0.0
2023-10-13 10:00:00+09:00,84400.0,85300.0,82800.0,83900.0,4995,0.0,0.0
2023-10-13 11:00:00+09:00,83900.0,85200.0,83900.0,84500.0,1403,0.0,0.0
2023-10-13 12:00:00+09:00,84800.0,85100.0,84000.0,84000.0,2654,0.0,0.0
2023-10-13 13:00:00+09:00,84000.0,84300.0,83200.0,83200.0,4865,0.0,0.0
2023-10-13 14:00:00+09:00,83100.0,84300.0,83100.0,83600.0,2083,0.0,0.0
2023-10-16 09:00:00+09:00,83200.0,83200.0,79900.0,80600.0,0,0.0,0.0
2023-10-16 10:00:00+09:00,80600.0,82000.0,80600.0,81600.0,5493,0.0,0.0
2023-10-16 11:00:00+09:00,81700.0,81700.0,80700.0,80700.0,4274,0.0,0.0
2023-10-16 12:00:00+09:00,80600.0,81200.0,80300.0,81000.0,3032,0.0,0.0
2023-10-16 13:00:00+09:00,81200.0,81900.0,81100.0,81700.0,0,0.0,0.0
2023-10-16 14:00:00+09:00,81700.0,82300.0,81300.0,82300.0,38251,0.0,0.0
2023-10-17 09:00:00+09:00,81900.0,84000.0,80700.0,81300.0,11516,0.0,0.0
2023-10-17 10:00:00+09:00,81700.0,82700.0,81100.0,82500.0,4511,0.0,0.0
2023-10-17 11:00:00+09:00,82400.0,82700.0,81900.0,82400.0,3053,0.0,0.0
2023-10-17 12:00:00+09:00,82500.0,82700.0,82200.0,82600.0,5393,0.0,0.0
2023-10-17 13:00:00+09:00,82700.0,83000.0,81800.0,81800.0,6961,0.0,0.0
2023-10-17 14:00:00+09:00,81800.0,82700.0,81400.0,82300.0,5801,0.0,0.0
2023-10-18 09:00:00+09:00,82500.0,84100.0,82000.0,83300.0,7334,0.0,0.0
2023-10-18 10:00:00+09:00,83700.0,85500.0,83700.0,84100.0,10384,0.0,0.0
2023-10-18 11:00:00+09:00,84100.0,85200.0,84100.0,84400.0,2371,0.0,0.0
2023-10-18 12:00:00+09:00,84500.0,84700.0,84100.0,84400.0,767,0.0,0.0
2023-10-18 13:00:00+09:00,84400.0,84500.0,84100.0,84200.0,986,0.0,0.0
2023-10-18 14:00:00+09:00,84300.0,84800.0,84100.0,84700.0,2436,0.0,0.0
2023-10-19 09:00:00+09:00,84000.0,85400.0,82800.0,83700.0,4764,0.0,0.0
2023-10-19 10:00:00+09:00,83600.0,83600.0,82800.0,83000.0,4080,0.0,0.0
2023-10-19 11:00:00+09:00,83100.0,83100.0,81500.0,81700.0,7506,0.0,0.0
2023-10-19 12:00:00+09:00,81700.0,81900.0,81200.0,81800.0,2521,0.0,0.0
2023-10-19 13:00:00+09:00,81800.0,82000.0,81600.0,81700.0,773,0.0,0.0
2023-10-19 14:00:00+09:00,81700.0,81900.0,81300.0,81500.0,2449,0.0,0.0
2023-10-20 09:00:00+09:00,80000.0,80300.0,75400.0,78800.0,17736,0.0,0.0
2023-10-20 10:00:00+09:00,78800.0,78800.0,77400.0,78600.0,7644,0.0,0.0
2023-10-20 11:00:00+09:00,78500.0,78900.0,77500.0,78800.0,4330,0.0,0.0
2023-10-20 12:00:00+09:00,78900.0,79400.0,78200.0,79100.0,1483,0.0,0.0
2023-10-20 13:00:00+09:00,79100.0,79800.0,78500.0,79500.0,2324,0.0,0.0
2023-10-20 14:00:00+09:00,79500.0,79500.0,77800.0,78400.0,3549,0.0,0.0
2023-10-23 09:00:00+09:00,77900.0,79900.0,77900.0,79600.0,0,0.0,0.0
2023-10-23 10:00:00+09:00,79600.0,80600.0,78800.0,80300.0,8204,0.0,0.0
2023-10-23 11:00:00+09:00,80300.0,80400.0,79000.0,79400.0,2064,0.0,0.0
2023-10-23 12:00:00+09:00,79300.0,79600.0,78900.0,79200.0,1230,0.0,0.0
2023-10-23 13:00:00+09:00,79300.0,79500.0,78400.0,78600.0,1305,0.0,0.0
2023-10-23 14:00:00+09:00,78500.0,79400.0,78300.0,78900.0,1301,0.0,0.0
2023-10-24 09:00:00+09:00,78700.0,80600.0,77300.0,77900.0,4438,0.0,0.0
2023-10-24 10:00:00+09:00,77900.0,78200.0,77300.0,77900.0,2616,0.0,0.0
2023-10-24 11:00:00+09:00,78000.0,79300.0,78000.0,79200.0,853,0.0,0.0
2023-10-24 12:00:00+09:00,79200.0,79400.0,78900.0,79100.0,1288,0.0,0.0
2023-10-24 13:00:00+09:00,79100.0,80600.0,79000.0,80600.0,2707,0.0,0.0
2023-10-24 14:00:00+09:00,80500.0,82800.0,80500.0,82600.0,10706,0.0,0.0
2023-10-25 09:00:00+09:00,82900.0,88900.0,82000.0,88500.0,35049,0.0,0.0
2023-10-25 10:00:00+09:00,88400.0,88900.0,86100.0,87000.0,13447,0.0,0.0
2023-10-25 11:00:00+09:00,87000.0,87300.0,86300.0,86600.0,6625,0.0,0.0
2023-10-25 12:00:00+09:00,86700.0,86900.0,85500.0,86000.0,4882,0.0,0.0
2023-10-25 13:00:00+09:00,86000.0,87500.0,85900.0,86100.0,6395,0.0,0.0
2023-10-25 14:00:00+09:00,86100.0,86800.0,85100.0,86600.0,6378,0.0,0.0
2023-10-26 09:00:00+09:00,84000.0,84500.0,82000.0,82300.0,18084,0.0,0.0
2023-10-26 10:00:00+09:00,82300.0,83300.0,82300.0,82500.0,6034,0.0,0.0
2023-10-26 11:00:00+09:00,82600.0,83400.0,81600.0,82700.0,4061,0.0,0.0
2023-10-26 12:00:00+09:00,82700.0,83600.0,82600.0,83300.0,1062,0.0,0.0
2023-10-26 13:00:00+09:00,83100.0,83400.0,82500.0,82600.0,1218,0.0,0.0
2023-10-26 14:00:00+09:00,82500.0,82700.0,81700.0,82300.0,5564,0.0,0.0
2023-10-27 09:00:00+09:00,84300.0,86700.0,84300.0,85300.0,10289,0.0,0.0
2023-10-27 10:00:00+09:00,85300.0,89300.0,85300.0,89000.0,11557,0.0,0.0
2023-10-27 11:00:00+09:00,89000.0,89200.0,86800.0,88000.0,8161,0.0,0.0
2023-10-27 12:00:00+09:00,88000.0,88400.0,86800.0,87100.0,5293,0.0,0.0
2023-10-27 13:00:00+09:00,87100.0,87800.0,86300.0,87100.0,5634,0.0,0.0
2023-10-27 14:00:00+09:00,87100.0,87800.0,87000.0,87100.0,3715,0.0,0.0
2023-10-30 09:00:00+09:00,87300.0,87800.0,84800.0,85100.0,0,0.0,0.0
2023-10-30 10:00:00+09:00,85000.0,85900.0,83900.0,85500.0,4365,0.0,0.0
2023-10-30 11:00:00+09:00,85500.0,86100.0,84400.0,84400.0,3900,0.0,0.0
2023-10-30 12:00:00+09:00,84500.0,85200.0,84200.0,84600.0,1865,0.0,0.0
2023-10-30 13:00:00+09:00,84600.0,86000.0,84500.0,84600.0,3685,0.0,0.0
2023-10-30 14:00:00+09:00,84500.0,85600.0,84400.0,84700.0,2813,0.0,0.0
2023-10-31 09:00:00+09:00,85200.0,85700.0,83900.0,84200.0,8470,0.0,0.0
2023-10-31 10:00:00+09:00,84200.0,86400.0,84100.0,85900.0,5480,0.0,0.0
2023-10-31 11:00:00+09:00,85900.0,87600.0,85700.0,86600.0,5796,0.0,0.0
2023-10-31 12:00:00+09:00,86600.0,86700.0,85400.0,85700.0,1930,0.0,0.0
2023-10-31 13:00:00+09:00,85800.0,86400.0,85400.0,86200.0,2769,0.0,0.0
2023-10-31 14:00:00+09:00,86200.0,86200.0,85000.0,85000.0,3174,0.0,0.0
2023-11-01 09:00:00+09:00,84500.0,85400.0,83800.0,84000.0,5779,0.0,0.0
2023-11-01 10:00:00+09:00,84000.0,84900.0,83900.0,84300.0,1162,0.0,0.0
2023-11-01 11:00:00+09:00,84400.0,85500.0,84000.0,85100.0,2144,0.0,0.0
2023-11-01 12:00:00+09:00,84800.0,85600.0,84300.0,84700.0,1113,0.0,0.0
2023-11-01 13:00:00+09:00,84800.0,85300.0,84300.0,84600.0,3233,0.0,0.0
2023-11-01 14:00:00+09:00,84700.0,84900.0,84200.0,84600.0,1093,0.0,0.0
2023-11-02 09:00:00+09:00,86700.0,88900.0,85500.0,87900.0,13763,0.0,0.0
2023-11-02 10:00:00+09:00,87800.0,89000.0,87700.0,88900.0,3855,0.0,0.0
2023-11-02 11:00:00+09:00,88900.0,89200.0,88100.0,89200.0,2965,0.0,0.0
2023-11-02 12:00:00+09:00,89100.0,90100.0,88800.0,89600.0,6414,0.0,0.0
2023-11-02 13:00:00+09:00,89500.0,89600.0,88300.0,88600.0,3106,0.0,0.0
2023-11-02 14:00:00+09:00,88600.0,89600.0,88500.0,89400.0,2435,0.0,0.0
2023-11-03 09:00:00+09:00,90000.0,94500.0,87900.0,89400.0,41418,0.0,0.0
2023-11-03 10:00:00+09:00,89300.0,93400.0,88300.0,92500.0,21437,0.0,0.0
2023-11-03 11:00:00+09:00,92600.0,92700.0,89500.0,89600.0,4537,0.0,0.0
2023-11-03 12:00:00+09:00,89600.0,91200.0,89500.0,90200.0,2688,0.0,0.0
2023-11-03 13:00:00+09:00,90200.0,90500.0,89900.0,90400.0,1819,0.0,0.0
2023-11-03 14:00:00+09:00,90500.0,90600.0,89700.0,90500.0,2290,0.0,0.0
2023-11-06 09:00:00+09:00,91000.0,92500.0,82500.0,87400.0,0,0.0,0.0
2023-11-06 10:00:00+09:00,87300.0,90800.0,86700.0,89900.0,9328,0.0,0.0
2023-11-06 11:00:00+09:00,90000.0,91500.0,88900.0,91000.0,10136,0.0,0.0
2023-11-06 12:00:00+09:00,91200.0,92500.0,90500.0,91300.0,5397,0.0,0.0
2023-11-06 13:00:00+09:00,91200.0,91900.0,91000.0,91900.0,3393,0.0,0.0
2023-11-06 14:00:00+09:00,91800.0,92000.0,89900.0,90100.0,6025,0.0,0.0
2023-11-07 09:00:00+09:00,89000.0,91600.0,88100.0,89500.0,14204,0.0,0.0
2023-11-07 10:00:00+09:00,89900.0,89900.0,88800.0,89500.0,1994,0.0,0.0
2023-11-07 11:00:00+09:00,89900.0,89900.0,88100.0,88800.0,2047,0.0,0.0
2023-11-07 12:00:00+09:00,88800.0,90100.0,87400.0,89100.0,11297,0.0,0.0
2023-11-07 13:00:00+09:00,89100.0,89900.0,88900.0,89700.0,933,0.0,0.0
2023-11-07 14:00:00+09:00,89700.0,89900.0,89000.0,89200.0,2681,0.0,0.0
2023-11-08 09:00:00+09:00,87600.0,89300.0,85400.0,87600.0,15992,0.0,0.0
2023-11-08 10:00:00+09:00,87500.0,89200.0,86700.0,88900.0,11376,0.0,0.0
2023-11-08 11:00:00+09:00,88800.0,89000.0,87600.0,88300.0,5219,0.0,0.0
2023-11-08 12:00:00+09:00,88300.0,88900.0,87700.0,88000.0,7566,0.0,0.0
2023-11-08 13:00:00+09:00,88000.0,89000.0,87600.0,88500.0,8845,0.0,0.0
2023-11-08 14:00:00+09:00,88600.0,89100.0,87800.0,88300.0,14848,0.0,0.0
2023-11-09 09:00:00+09:00,88100.0,89200.0,86600.0,87400.0,15028,0.0,0.0
2023-11-09 10:00:00+09:00,87300.0,89000.0,87300.0,88000.0,3811,0.0,0.0
2023-11-09 11:00:00+09:00,87900.0,89200.0,87900.0,89200.0,4005,0.0,0.0
2023-11-09 12:00:00+09:00,89100.0,89200.0,88500.0,89000.0,2621,0.0,0.0
2023-11-09 13:00:00+09:00,89000.0,89500.0,88100.0,88500.0,4944,0.0,0.0
2023-11-09 14:00:00+09:00,88400.0,88500.0,88100.0,88300.0,3867,0.0,0.0
2023-11-10 09:00:00+09:00,88100.0,89500.0,87300.0,88900.0,9810,0.0,0.0
2023-11-10 10:00:00+09:00,88900.0,89100.0,87700.0,88300.0,4787,0.0,0.0
2023-11-10 11:00:00+09:00,88200.0,88900.0,87900.0,88000.0,3216,0.0,0.0
2023-11-10 12:00:00+09:00,88000.0,88600.0,87600.0,88200.0,3396,0.0,0.0
2023-11-10 13:00:00+09:00,88300.0,88600.0,87900.0,88100.0,3118,0.0,0.0
2023-11-10 14:00:00+09:00,88100.0,88600.0,87500.0,87700.0,4149,0.0,0.0
2023-11-13 09:00:00+09:00,89000.0,89000.0,86000.0,87300.0,0,0.0,0.0
2023-11-13 10:00:00+09:00,87400.0,88000.0,85400.0,85500.0,4747,0.0,0.0
2023-11-13 11:00:00+09:00,85700.0,85800.0,83400.0,84100.0,9020,0.0,0.0
2023-11-13 12:00:00+09:00,84000.0,84200.0,82500.0,83700.0,8832,0.0,0.0
2023-11-13 13:00:00+09:00,83700.0,85300.0,83000.0,85100.0,6565,0.0,0.0
2023-11-13 14:00:00+09:00,85000.0,85400.0,83800.0,83800.0,7092,0.0,0.0
2023-11-14 09:00:00+09:00,83200.0,85200.0,80700.0,81100.0,11206,0.0,0.0
2023-11-14 10:00:00+09:00,81300.0,83100.0,80800.0,81700.0,6229,0.0,0.0
2023-11-14 11:00:00+09:00,81800.0,82600.0,81100.0,81800.0,4223,0.0,0.0
2023-11-14 12:00:00+09:00,81800.0,82000.0,81300.0,81700.0,2900,0.0,0.0
2023-11-14 13:00:00+09:00,81700.0,83000.0,80800.0,81100.0,8680,0.0,0.0
2023-11-14 14:00:00+09:00,81200.0,81200.0,79400.0,80000.0,14155,0.0,0.0
2023-11-15 09:00:00+09:00,81500.0,82300.0,79800.0,80100.0,14389,0.0,0.0
2023-11-15 10:00:00+09:00,80200.0,82000.0,80100.0,81000.0,5567,0.0,0.0
2023-11-15 11:00:00+09:00,81000.0,81300.0,80400.0,80900.0,1768,0.0,0.0
2023-11-15 12:00:00+09:00,80900.0,81200.0,80600.0,80800.0,1945,0.0,0.0
2023-11-15 13:00:00+09:00,80800.0,81000.0,80500.0,80600.0,2403,0.0,0.0
2023-11-15 14:00:00+09:00,80700.0,81200.0,80500.0,80600.0,4859,0.0,0.0
2023-11-16 10:00:00+09:00,81200.0,81200.0,77700.0,78700.0,12275,0.0,0.0
2023-11-16 11:00:00+09:00,78700.0,80000.0,78200.0,79800.0,5959,0.0,0.0
2023-11-16 12:00:00+09:00,79800.0,80200.0,79700.0,80100.0,3173,0.0,0.0
2023-11-16 13:00:00+09:00,80100.0,80300.0,79800.0,80200.0,3077,0.0,0.0
2023-11-16 14:00:00+09:00,80300.0,80700.0,79800.0,80000.0,5267,0.0,0.0
2023-11-17 09:00:00+09:00,80000.0,83600.0,79800.0,83600.0,15354,0.0,0.0
2023-11-17 10:00:00+09:00,83700.0,83700.0,82500.0,82800.0,5680,0.0,0.0
2023-11-17 11:00:00+09:00,82800.0,83600.0,82600.0,83200.0,3552,0.0,0.0
2023-11-17 12:00:00+09:00,83200.0,84000.0,82900.0,84000.0,4537,0.0,0.0
2023-11-17 13:00:00+09:00,83900.0,84000.0,82600.0,83000.0,5866,0.0,0.0
2023-11-17 14:00:00+09:00,83000.0,83300.0,82000.0,82200.0,4497,0.0,0.0
2023-11-20 09:00:00+09:00,82900.0,84000.0,81600.0,83900.0,0,0.0,0.0
2023-11-20 10:00:00+09:00,83900.0,84700.0,83100.0,84100.0,4324,0.0,0.0
2023-11-20 11:00:00+09:00,84000.0,84700.0,83700.0,84300.0,2881,0.0,0.0
2023-11-20 12:00:00+09:00,84300.0,84900.0,83900.0,84300.0,3168,0.0,0.0
2023-11-20 13:00:00+09:00,84100.0,85000.0,84100.0,84900.0,2855,0.0,0.0
2023-11-20 14:00:00+09:00,84800.0,85100.0,84500.0,84900.0,2996,0.0,0.0
2023-11-21 09:00:00+09:00,85600.0,85700.0,82800.0,84600.0,7610,0.0,0.0
2023-11-21 10:00:00+09:00,84600.0,85400.0,84500.0,85200.0,3121,0.0,0.0
2023-11-21 11:00:00+09:00,85100.0,85900.0,84600.0,84700.0,3377,0.0,0.0
2023-11-21 12:00:00+09:00,84600.0,85800.0,84600.0,85700.0,2644,0.0,0.0
2023-11-21 13:00:00+09:00,85600.0,85700.0,84700.0,85200.0,2625,0.0,0.0
2023-11-21 14:00:00+09:00,85300.0,85300.0,84000.0,84200.0,3367,0.0,0.0
2023-11-22 09:00:00+09:00,84100.0,85400.0,83100.0,83400.0,2496,0.0,0.0
2023-11-22 10:00:00+09:00,83500.0,84300.0,83200.0,84100.0,1183,0.0,0.0
2023-11-22 11:00:00+09:00,84100.0,84300.0,83800.0,84300.0,911,0.0,0.0
2023-11-22 12:00:00+09:00,84300.0,84300.0,83500.0,83500.0,1191,0.0,0.0
2023-11-22 13:00:00+09:00,83600.0,83900.0,83400.0,83500.0,1523,0.0,0.0
2023-11-22 14:00:00+09:00,83300.0,83600.0,82800.0,83000.0,2405,0.0,0.0
2023-11-23 09:00:00+09:00,85000.0,88300.0,83600.0,86100.0,21247,0.0,0.0
2023-11-23 10:00:00+09:00,86000.0,88000.0,85800.0,87200.0,5132,0.0,0.0
2023-11-23 11:00:00+09:00,87200.0,88200.0,86800.0,87700.0,4183,0.0,0.0
2023-11-23 12:00:00+09:00,87500.0,87900.0,87000.0,87400.0,2258,0.0,0.0
2023-11-23 13:00:00+09:00,87200.0,87500.0,86500.0,87100.0,2819,0.0,0.0
2023-11-23 14:00:00+09:00,87300.0,87400.0,86500.0,86900.0,2691,0.0,0.0
2023-11-24 09:00:00+09:00,86700.0,86800.0,85500.0,85900.0,5793,0.0,0.0
2023-11-24 10:00:00+09:00,86000.0,87400.0,86000.0,86300.0,2629,0.0,0.0
2023-11-24 11:00:00+09:00,86300.0,86300.0,86000.0,86200.0,1120,0.0,0.0
2023-11-24 12:00:00+09:00,86200.0,86900.0,86000.0,86300.0,1885,0.0,0.0
2023-11-24 13:00:00+09:00,86300.0,86500.0,85600.0,85700.0,2902,0.0,0.0
2023-11-24 14:00:00+09:00,85800.0,86000.0,85600.0,85700.0,1020,0.0,0.0
2023-11-27 09:00:00+09:00,85300.0,85700.0,82200.0,83200.0,0,0.0,0.0
2023-11-27 10:00:00+09:00,83100.0,83500.0,82800.0,82800.0,2754,0.0,0.0
2023-11-27 11:00:00+09:00,82800.0,82900.0,81600.0,81800.0,5125,0.0,0.0
2023-11-27 12:00:00+09:00,81800.0,82500.0,81600.0,81900.0,1894,0.0,0.0
2023-11-27 13:00:00+09:00,81900.0,82400.0,81700.0,82100.0,3009,0.0,0.0
2023-11-27 14:00:00+09:00,82100.0,82600.0,81900.0,82400.0,3541,0.0,0.0
2023-11-28 09:00:00+09:00,82400.0,82400.0,81200.0,82000.0,5818,0.0,0.0
2023-11-28 10:00:00+09:00,82000.0,82000.0,80700.0,81500.0,4127,0.0,0.0
2023-11-28 11:00:00+09:00,81500.0,81600.0,81400.0,81500.0,1420,0.0,0.0
2023-11-28 12:00:00+09:00,81500.0,81700.0,81200.0,81700.0,2683,0.0,0.0
2023-11-28 13:00:00+09:00,81700.0,84300.0,81600.0,83900.0,10599,0.0,0.0
2023-11-28 14:00:00+09:00,84100.0,84200.0,83300.0,83900.0,7690,0.0,0.0
2023-11-29 09:00:00+09:00,82800.0,83300.0,81700.0,82900.0,2464,0.0,0.0
2023-11-29 10:00:00+09:00,83000.0,83300.0,82600.0,82600.0,1756,0.0,0.0
2023-11-29 11:00:00+09:00,82600.0,82700.0,79900.0,81000.0,25828,0.0,0.0
2023-11-29 12:00:00+09:00,81000.0,81300.0,80900.0,81200.0,4155,0.0,0.0
2023-11-29 13:00:00+09:00,81200.0,82400.0,81200.0,82400.0,5966,0.0,0.0
2023-11-29 14:00:00+09:00,82300.0,82600.0,81800.0,82000.0,8391,0.0,0.0
2023-11-30 09:00:00+09:00,83200.0,83500.0,81000.0,83000.0,8415,0.0,0.0
2023-11-30 10:00:00+09:00,83100.0,83100.0,82600.0,82600.0,1925,0.0,0.0
2023-11-30 11:00:00+09:00,82600.0,83000.0,82000.0,82100.0,2310,0.0,0.0
2023-11-30 12:00:00+09:00,82000.0,82200.0,81700.0,82100.0,2208,0.0,0.0
2023-11-30 13:00:00+09:00,82100.0,83000.0,82000.0,82600.0,1927,0.0,0.0
2023-11-30 14:00:00+09:00,82600.0,83300.0,82600.0,83200.0,1578,0.0,0.0
2023-12-01 09:00:00+09:00,84400.0,86300.0,83300.0,86000.0,12729,0.0,0.0
2023-12-01 10:00:00+09:00,86000.0,87000.0,85600.0,87000.0,9619,0.0,0.0
2023-12-01 11:00:00+09:00,87000.0,87500.0,86500.0,87300.0,8351,0.0,0.0
2023-12-01 12:00:00+09:00,87300.0,88200.0,87200.0,88100.0,6994,0.0,0.0
2023-12-01 13:00:00+09:00,88000.0,88800.0,87500.0,88600.0,8682,0.0,0.0
2023-12-01 14:00:00+09:00,88500.0,89600.0,88400.0,89000.0,13310,0.0,0.0
2023-12-04 09:00:00+09:00,89000.0,89300.0,86500.0,88000.0,0,0.0,0.0
2023-12-04 10:00:00+09:00,88100.0,88300.0,86600.0,87300.0,5006,0.0,0.0
2023-12-04 11:00:00+09:00,87300.0,87700.0,86700.0,87400.0,3841,0.0,0.0
2023-12-04 12:00:00+09:00,87200.0,87300.0,86700.0,86800.0,2206,0.0,0.0
2023-12-04 13:00:00+09:00,86800.0,87400.0,86700.0,87300.0,3684,0.0,0.0
2023-12-04 14:00:00+09:00,87300.0,88100.0,86200.0,87700.0,7997,0.0,0.0
2023-12-05 09:00:00+09:00,85300.0,85900.0,82300.0,83700.0,16772,0.0,0.0
2023-12-05 10:00:00+09:00,83800.0,85700.0,83700.0,84800.0,8506,0.0,0.0
2023-12-05 11:00:00+09:00,85000.0,85600.0,84200.0,84900.0,3542,0.0,0.0
2023-12-05 12:00:00+09:00,84900.0,85300.0,84100.0,84700.0,4356,0.0,0.0
2023-12-05 13:00:00+09:00,84600.0,84700.0,83700.0,83800.0,4352,0.0,0.0
2023-12-05 14:00:00+09:00,83800.0,83900.0,82400.0,82500.0,11143,0.0,0.0
2023-12-06 09:00:00+09:00,82700.0,83400.0,81800.0,82600.0,3322,0.0,0.0
2023-12-06 10:00:00+09:00,82600.0,83900.0,82400.0,83500.0,2412,0.0,0.0
2023-12-06 11:00:00+09:00,83400.0,84100.0,83200.0,84000.0,2157,0.0,0.0
2023-12-06 12:00:00+09:00,84000.0,84100.0,83300.0,83400.0,1584,0.0,0.0
2023-12-06 13:00:00+09:00,83400.0,83600.0,83100.0,83300.0,2295,0.0,0.0
2023-12-06 14:00:00+09:00,83400.0,83600.0,82900.0,83000.0,2241,0.0,0.0
2023-12-07 09:00:00+09:00,82600.0,82600.0,81200.0,81600.0,6045,0.0,0.0
2023-12-07 10:00:00+09:00,81600.0,83200.0,81300.0,82100.0,3202,0.0,0.0
2023-12-07 11:00:00+09:00,82100.0,83400.0,82100.0,83000.0,1527,0.0,0.0
2023-12-07 12:00:00+09:00,82900.0,83300.0,82800.0,83200.0,1305,0.0,0.0
2023-12-07 13:00:00+09:00,83100.0,83300.0,82800.0,83200.0,1658,0.0,0.0
2023-12-07 14:00:00+09:00,83200.0,83300.0,82400.0,82400.0,1933,0.0,0.0
2023-12-08 09:00:00+09:00,83000.0,86000.0,83000.0,85800.0,11175,0.0,0.0
2023-12-08 10:00:00+09:00,85800.0,87600.0,85000.0,87300.0,22363,0.0,0.0
2023-12-08 11:00:00+09:00,87300.0,87600.0,86300.0,87400.0,7186,0.0,0.0
2023-12-08 12:00:00+09:00,87400.0,87800.0,87100.0,87600.0,6618,0.0,0.0
2023-12-08 13:00:00+09:00,87500.0,88400.0,87500.0,88200.0,9241,0.0,0.0
2023-12-08 14:00:00+09:00,88200.0,88400.0,87600.0,87800.0,6099,0.0,0.0
2023-12-11 09:00:00+09:00,89500.0,93000.0,88500.0,91500.0,0,0.0,0.0
2023-12-11 10:00:00+09:00,91500.0,98100.0,90900.0,96300.0,54797,0.0,0.0
2023-12-11 11:00:00+09:00,96400.0,97200.0,93200.0,94200.0,23610,0.0,0.0
2023-12-11 12:00:00+09:00,94200.0,95100.0,93600.0,95000.0,9461,0.0,0.0
2023-12-11 13:00:00+09:00,95000.0,95100.0,93600.0,94200.0,9353,0.0,0.0
2023-12-11 14:00:00+09:00,94200.0,95900.0,94200.0,94600.0,12058,0.0,0.0
2023-12-12 09:00:00+09:00,99000.0,99000.0,95300.0,96800.0,25880,0.0,0.0
2023-12-12 10:00:00+09:00,96800.0,100000.0,96800.0,97700.0,19962,0.0,0.0
2023-12-12 11:00:00+09:00,97600.0,98200.0,97200.0,97500.0,5446,0.0,0.0
2023-12-12 12:00:00+09:00,97400.0,98300.0,97300.0,97700.0,4379,0.0,0.0
2023-12-12 13:00:00+09:00,97700.0,98400.0,96700.0,96900.0,6970,0.0,0.0
2023-12-12 14:00:00+09:00,96800.0,97600.0,96700.0,96900.0,4274,0.0,0.0
2023-12-13 09:00:00+09:00,94500.0,96300.0,94000.0,95600.0,11135,0.0,0.0
2023-12-13 10:00:00+09:00,95500.0,96500.0,94700.0,95300.0,2860,0.0,0.0
2023-12-13 11:00:00+09:00,95400.0,95800.0,95300.0,95800.0,1741,0.0,0.0
2023-12-13 12:00:00+09:00,95800.0,95800.0,94800.0,95400.0,2247,0.0,0.0
2023-12-13 13:00:00+09:00,95400.0,95600.0,94900.0,95300.0,2663,0.0,0.0
2023-12-13 14:00:00+09:00,95300.0,95500.0,93800.0,94400.0,8798,0.0,0.0
2023-12-14 09:00:00+09:00,94400.0,96900.0,93500.0,96900.0,11487,0.0,0.0
2023-12-14 10:00:00+09:00,96900.0,97500.0,96300.0,97500.0,6553,0.0,0.0
2023-12-14 11:00:00+09:00,97500.0,98700.0,96500.0,98000.0,11526,0.0,0.0
2023-12-14 12:00:00+09:00,98300.0,98500.0,97500.0,97700.0,5506,0.0,0.0
2023-12-14 13:00:00+09:00,97700.0,98200.0,97200.0,98000.0,6552,0.0,0.0
2023-12-14 14:00:00+09:00,98000.0,98300.0,97400.0,98200.0,7001,0.0,0.0
2023-12-15 09:00:00+09:00,99300.0,111700.0,97100.0,109500.0,73134,0.0,0.0
2023-12-15 10:00:00+09:00,109600.0,110000.0,104100.0,108700.0,46408,0.0,0.0
2023-12-15 11:00:00+09:00,108500.0,112700.0,106400.0,107600.0,67824,0.0,0.0
2023-12-15 12:00:00+09:00,107600.0,107900.0,106000.0,106800.0,15969,0.0,0.0
2023-12-15 13:00:00+09:00,106700.0,110600.0,105200.0,109000.0,19041,0.0,0.0
2023-12-15 14:00:00+09:00,109100.0,111900.0,108600.0,110800.0,28263,0.0,0.0
2023-12-18 09:00:00+09:00,113400.0,114600.0,109200.0,112500.0,0,0.0,0.0
2023-12-18 10:00:00+09:00,112300.0,113500.0,111000.0,111700.0,10234,0.0,0.0
2023-12-18 11:00:00+09:00,111700.0,112400.0,111100.0,112300.0,3730,0.0,0.0
2023-12-18 12:00:00+09:00,112400.0,112500.0,111600.0,111700.0,3680,0.0,0.0
2023-12-18 13:00:00+09:00,111700.0,112400.0,111300.0,111400.0,3826,0.0,0.0
2023-12-18 14:00:00+09:00,111400.0,112500.0,111200.0,112000.0,8255,0.0,0.0
2023-12-19 09:00:00+09:00,111400.0,116000.0,108600.0,109900.0,33273,0.0,0.0
2023-12-19 10:00:00+09:00,109500.0,109700.0,107800.0,109600.0,10493,0.0,0.0
2023-12-19 11:00:00+09:00,109600.0,109900.0,108400.0,108700.0,3158,0.0,0.0
2023-12-19 12:00:00+09:00,108400.0,108500.0,105900.0,106400.0,21535,0.0,0.0
2023-12-19 13:00:00+09:00,106300.0,106500.0,101300.0,102000.0,67551,0.0,0.0
2023-12-19 14:00:00+09:00,102000.0,103400.0,99700.0,99900.0,62215,0.0,0.0
2023-12-20 09:00:00+09:00,98200.0,99800.0,96400.0,99100.0,38570,0.0,0.0
2023-12-20 10:00:00+09:00,99100.0,100200.0,98200.0,99900.0,12905,0.0,0.0
2023-12-20 11:00:00+09:00,99900.0,101200.0,99800.0,100300.0,8554,0.0,0.0
2023-12-20 12:00:00+09:00,100300.0,100600.0,99700.0,100500.0,5550,0.0,0.0
2023-12-20 13:00:00+09:00,100400.0,101100.0,100000.0,100800.0,6671,0.0,0.0
2023-12-20 14:00:00+09:00,100800.0,100800.0,99700.0,100400.0,8634,0.0,0.0
2023-12-21 09:00:00+09:00,97900.0,100300.0,97200.0,99700.0,8530,0.0,0.0
2023-12-21 10:00:00+09:00,99700.0,100900.0,99100.0,99500.0,8721,0.0,0.0
2023-12-21 11:00:00+09:00,99600.0,101600.0,99200.0,101600.0,7343,0.0,0.0
2023-12-21 12:00:00+09:00,101600.0,102000.0,100700.0,100800.0,4808,0.0,0.0
2023-12-21 13:00:00+09:00,100700.0,101600.0,100100.0,100400.0,2781,0.0,0.0
2023-12-21 14:00:00+09:00,100400.0,102300.0,100100.0,102000.0,15749,0.0,0.0
2023-12-22 09:00:00+09:00,100400.0,100800.0,97700.0,99100.0,10640,0.0,0.0
2023-12-22 10:00:00+09:00,99100.0,99200.0,97500.0,97700.0,8482,0.0,0.0
2023-12-22 11:00:00+09:00,97700.0,97900.0,96900.0,97300.0,5615,0.0,0.0
2023-12-22 12:00:00+09:00,97300.0,97400.0,96000.0,97100.0,9347,0.0,0.0
2023-12-22 13:00:00+09:00,97200.0,98000.0,96600.0,97600.0,3598,0.0,0.0
2023-12-22 14:00:00+09:00,97600.0,98700.0,97600.0,97900.0,8190,0.0,0.0
2023-12-26 09:00:00+09:00,97800.0,97800.0,96000.0,96100.0,0,0.0,0.0
2023-12-26 10:00:00+09:00,96200.0,97000.0,95900.0,96500.0,3220,0.0,0.0
2023-12-26 11:00:00+09:00,96500.0,97200.0,96500.0,96600.0,1921,0.0,0.0
2023-12-26 12:00:00+09:00,96600.0,96700.0,96100.0,96100.0,1662,0.0,0.0
2023-12-26 13:00:00+09:00,96200.0,97500.0,96000.0,97000.0,2654,0.0,0.0
2023-12-26 14:00:00+09:00,97000.0,97000.0,94700.0,94800.0,8712,0.0,0.0
2023-12-27 09:00:00+09:00,95200.0,97000.0,95000.0,95400.0,4026,0.0,0.0
2023-12-27 10:00:00+09:00,95500.0,96000.0,94800.0,94900.0,3761,0.0,0.0
2023-12-27 11:00:00+09:00,95000.0,95500.0,94900.0,94900.0,1327,0.0,0.0
2023-12-27 12:00:00+09:00,95000.0,96000.0,94800.0,95300.0,2222,0.0,0.0
2023-12-27 13:00:00+09:00,95200.0,95900.0,94800.0,95800.0,2973,0.0,0.0
2023-12-27 14:00:00+09:00,95800.0,96300.0,95100.0,95700.0,2850,0.0,0.0
2023-12-28 09:00:00+09:00,96000.0,96900.0,94800.0,96300.0,7213,0.0,0.0
2023-12-28 10:00:00+09:00,96400.0,98600.0,96300.0,97400.0,9763,0.0,0.0
2023-12-28 11:00:00+09:00,97400.0,99100.0,96100.0,99100.0,7990,0.0,0.0
2023-12-28 12:00:00+09:00,99200.0,100100.0,99200.0,100100.0,11326,0.0,0.0
2023-12-28 13:00:00+09:00,100000.0,100500.0,99400.0,99400.0,5069,0.0,0.0
2023-12-28 14:00:00+09:00,99400.0,100100.0,99400.0,99900.0,4292,0.0,0.0
2024-01-02 10:00:00+09:00,99900.0,101600.0,97800.0,98200.0,14075,0.0,0.0
2024-01-02 11:00:00+09:00,98300.0,98700.0,95700.0,97000.0,12292,0.0,0.0
2024-01-02 12:00:00+09:00,97000.0,97000.0,96000.0,96200.0,4774,0.0,0.0
2024-01-02 13:00:00+09:00,96300.0,96500.0,95900.0,96000.0,4656,0.0,0.0
2024-01-02 14:00:00+09:00,96000.0,96400.0,95300.0,96000.0,12178,0.0,0.0
2024-01-03 09:00:00+09:00,95500.0,95800.0,87900.0,94700.0,17622,0.0,0.0
2024-01-03 10:00:00+09:00,94800.0,95600.0,94100.0,94900.0,4005,0.0,0.0
2024-01-03 11:00:00+09:00,95000.0,95600.0,94600.0,94700.0,895,0.0,0.0
2024-01-03 12:00:00+09:00,94700.0,94800.0,93700.0,93900.0,1430,0.0,0.0
2024-01-03 13:00:00+09:00,94000.0,94000.0,92500.0,93200.0,3033,0.0,0.0
2024-01-03 14:00:00+09:00,93300.0,94200.0,93000.0,94200.0,3174,0.0,0.0
2024-01-04 09:00:00+09:00,92700.0,95100.0,91600.0,92900.0,7449,0.0,0.0
2024-01-04 10:00:00+09:00,93000.0,95800.0,92500.0,95700.0,7204,0.0,0.0
2024-01-04 11:00:00+09:00,95700.0,96700.0,94000.0,96300.0,5229,0.0,0.0
2024-01-04 12:00:00+09:00,96500.0,96800.0,95700.0,95700.0,3736,0.0,0.0
2024-01-04 13:00:00+09:00,95700.0,95700.0,94500.0,94600.0,1709,0.0,0.0
2024-01-04 14:00:00+09:00,94600.0,94800.0,93800.0,94300.0,2828,0.0,0.0
2024-01-05 09:00:00+09:00,94000.0,95600.0,91700.0,95500.0,8119,0.0,0.0
2024-01-05 10:00:00+09:00,95600.0,97000.0,95100.0,96600.0,6583,0.0,0.0
2024-01-05 11:00:00+09:00,96600.0,98100.0,96400.0,97700.0,10351,0.0,0.0
2024-01-05 12:00:00+09:00,97800.0,99100.0,97800.0,98600.0,8677,0.0,0.0
2024-01-05 13:00:00+09:00,98600.0,99900.0,97600.0,99400.0,9127,0.0,0.0
2024-01-05 14:00:00+09:00,99400.0,99700.0,98500.0,99000.0,5290,0.0,0.0
2024-01-08 09:00:00+09:00,103100.0,105400.0,100800.0,100900.0,0,0.0,0.0
2024-01-08 10:00:00+09:00,100900.0,102700.0,100600.0,101300.0,6328,0.0,0.0
2024-01-08 11:00:00+09:00,101200.0,102400.0,100800.0,100900.0,2537,0.0,0.0
2024-01-08 12:00:00+09:00,100900.0,100900.0,99900.0,99900.0,2858,0.0,0.0
2024-01-08 13:00:00+09:00,99900.0,101000.0,99700.0,99800.0,3180,0.0,0.0
2024-01-08 14:00:00+09:00,99900.0,100200.0,99500.0,99700.0,2538,0.0,0.0
2024-01-09 09:00:00+09:00,101900.0,103900.0,99800.0,103700.0,9537,0.0,0.0
2024-01-09 10:00:00+09:00,103300.0,105200.0,102200.0,103200.0,7817,0.0,0.0
2024-01-09 11:00:00+09:00,103200.0,107200.0,102400.0,107100.0,12514,0.0,0.0
2024-01-09 12:00:00+09:00,107100.0,109500.0,105500.0,106800.0,17947,0.0,0.0
2024-01-09 13:00:00+09:00,106800.0,107900.0,104200.0,105000.0,10287,0.0,0.0
2024-01-09 14:00:00+09:00,104900.0,105700.0,104700.0,105100.0,5567,0.0,0.0
2024-01-10 09:00:00+09:00,104500.0,107500.0,103600.0,104300.0,10104,0.0,0.0
2024-01-10 10:00:00+09:00,104200.0,106100.0,103900.0,104300.0,4310,0.0,0.0
2024-01-10 11:00:00+09:00,104200.0,106400.0,103900.0,105400.0,3124,0.0,0.0
2024-01-10 12:00:00+09:00,105400.0,109700.0,105100.0,108000.0,8549,0.0,0.0
2024-01-10 13:00:00+09:00,107900.0,109700.0,107300.0,108200.0,4247,0.0,0.0
2024-01-10 14:00:00+09:00,108300.0,109400.0,107000.0,108700.0,5697,0.0,0.0
2024-01-11 09:00:00+09:00,107000.0,110000.0,105700.0,107000.0,13846,0.0,0.0
2024-01-11 10:00:00+09:00,107000.0,107800.0,106200.0,106200.0,3369,0.0,0.0
2024-01-11 11:00:00+09:00,106300.0,107000.0,106300.0,106800.0,2018,0.0,0.0
2024-01-11 12:00:00+09:00,106600.0,107400.0,106300.0,106300.0,2488,0.0,0.0
2024-01-11 13:00:00+09:00,106300.0,107400.0,106200.0,106700.0,2988,0.0,0.0
2024-01-11 14:00:00+09:00,106600.0,108000.0,106200.0,106900.0,2269,0.0,0.0
2024-01-12 09:00:00+09:00,106400.0,109400.0,105300.0,105300.0,9016,0.0,0.0
2024-01-12 10:00:00+09:00,106100.0,107700.0,105000.0,106000.0,4462,0.0,0.0
2024-01-12 11:00:00+09:00,106200.0,106500.0,105300.0,105300.0,2399,0.0,0.0
2024-01-12 12:00:00+09:00,105600.0,106300.0,104900.0,106000.0,1598,0.0,0.0
2024-01-12 13:00:00+09:00,106000.0,106300.0,104000.0,105500.0,4051,0.0,0.0
2024-01-12 14:00:00+09:00,105500.0,106700.0,105000.0,106500.0,3462,0.0,0.0
2024-01-15 09:00:00+09:00,105700.0,106000.0,103800.0,104300.0,0,0.0,0.0
2024-01-15 10:00:00+09:00,104300.0,106000.0,103500.0,103700.0,2894,0.0,0.0
2024-01-15 11:00:00+09:00,103700.0,104700.0,103600.0,104500.0,1377,0.0,0.0
2024-01-15 12:00:00+09:00,104600.0,106100.0,104100.0,104700.0,1589,0.0,0.0
2024-01-15 13:00:00+09:00,104700.0,106100.0,104100.0,105000.0,1968,0.0,0.0
2024-01-15 14:00:00+09:00,105000.0,105700.0,104700.0,105400.0,2307,0.0,0.0
2024-01-16 09:00:00+09:00,106000.0,106000.0,103700.0,103700.0,3608,0.0,0.0
2024-01-16 10:00:00+09:00,103700.0,105800.0,103000.0,105600.0,7260,0.0,0.0
2024-01-16 11:00:00+09:00,105500.0,107000.0,105200.0,106000.0,3406,0.0,0.0
2024-01-16 12:00:00+09:00,106000.0,106000.0,104700.0,104900.0,1642,0.0,0.0
2024-01-16 13:00:00+09:00,105000.0,105300.0,104100.0,104600.0,1560,0.0,0.0
2024-01-16 14:00:00+09:00,104500.0,105600.0,104100.0,104900.0,2380,0.0,0.0
2024-01-17 09:00:00+09:00,104000.0,105500.0,101500.0,105500.0,4846,0.0,0.0
2024-01-17 10:00:00+09:00,105600.0,106700.0,103500.0,104500.0,6602,0.0,0.0
2024-01-17 11:00:00+09:00,104800.0,105700.0,104400.0,105300.0,3229,0.0,0.0
2024-01-17 12:00:00+09:00,105500.0,106700.0,104100.0,106600.0,8466,0.0,0.0
2024-01-17 13:00:00+09:00,106700.0,108400.0,105400.0,106000.0,12495,0.0,0.0
2024-01-17 14:00:00+09:00,106000.0,107700.0,105900.0,106900.0,9393,0.0,0.0
2024-01-18 09:00:00+09:00,108200.0,115000.0,106100.0,113000.0,34278,0.0,0.0
2024-01-18 10:00:00+09:00,113200.0,114100.0,110900.0,112000.0,10229,0.0,0.0
2024-01-18 11:00:00+09:00,112100.0,114100.0,111900.0,112100.0,5195,0.0,0.0
2024-01-18 12:00:00+09:00,112200.0,112800.0,111900.0,111900.0,2913,0.0,0.0
2024-01-18 13:00:00+09:00,111900.0,112300.0,110000.0,110600.0,5612,0.0,0.0
2024-01-18 14:00:00+09:00,110600.0,111700.0,109700.0,110500.0,3673,0.0,0.0
2024-01-19 09:00:00+09:00,111000.0,117100.0,108600.0,116400.0,25894,0.0,0.0
2024-01-19 10:00:00+09:00,116400.0,118900.0,114400.0,117200.0,18773,0.0,0.0
2024-01-19 11:00:00+09:00,117300.0,119700.0,116200.0,119700.0,11052,0.0,0.0
2024-01-19 12:00:00+09:00,119600.0,119700.0,117000.0,117900.0,4016,0.0,0.0
2024-01-19 13:00:00+09:00,117700.0,120700.0,117500.0,118000.0,13942,0.0,0.0
2024-01-19 14:00:00+09:00,117900.0,119200.0,117800.0,119000.0,4908,0.0,0.0
2024-01-22 09:00:00+09:00,124000.0,130500.0,120900.0,122500.0,0,0.0,0.0
2024-01-22 10:00:00+09:00,122500.0,127200.0,122400.0,126600.0,22260,0.0,0.0
2024-01-22 11:00:00+09:00,126700.0,128600.0,122800.0,123500.0,10177,0.0,0.0
2024-01-22 12:00:00+09:00,123500.0,123500.0,120000.0,121300.0,10124,0.0,0.0
2024-01-22 13:00:00+09:00,121300.0,121400.0,118400.0,119400.0,10752,0.0,0.0
2024-01-22 14:00:00+09:00,119500.0,120600.0,118100.0,120000.0,4293,0.0,0.0
2024-01-23 09:00:00+09:00,118300.0,119200.0,115000.0,116600.0,10451,0.0,0.0
2024-01-23 10:00:00+09:00,116500.0,117500.0,114600.0,114700.0,15395,0.0,0.0
2024-01-23 11:00:00+09:00,114800.0,115500.0,114300.0,115000.0,7859,0.0,0.0
2024-01-23 12:00:00+09:00,115000.0,115200.0,113900.0,114200.0,11314,0.0,0.0
2024-01-23 13:00:00+09:00,114200.0,114700.0,113100.0,114700.0,12954,0.0,0.0
2024-01-23 14:00:00+09:00,114800.0,117000.0,114000.0,116100.0,7321,0.0,0.0
2024-01-24 09:00:00+09:00,115100.0,119100.0,115100.0,119100.0,8704,0.0,0.0
2024-01-24 10:00:00+09:00,119200.0,121500.0,116800.0,119700.0,17974,0.0,0.0
2024-01-24 11:00:00+09:00,119700.0,120700.0,118000.0,118300.0,3408,0.0,0.0
2024-01-24 12:00:00+09:00,118300.0,118900.0,118000.0,118500.0,1005,0.0,0.0
2024-01-24 13:00:00+09:00,118800.0,123400.0,118400.0,120200.0,9005,0.0,0.0
2024-01-24 14:00:00+09:00,120300.0,123100.0,119700.0,122800.0,8347,0.0,0.0
2024-01-25 09:00:00+09:00,122900.0,123200.0,120000.0,120800.0,8733,0.0,0.0
2024-01-25 10:00:00+09:00,120800.0,122400.0,120700.0,121000.0,3109,0.0,0.0
2024-01-25 11:00:00+09:00,121100.0,121800.0,120200.0,120900.0,1458,0.0,0.0
2024-01-25 12:00:00+09:00,121000.0,121500.0,119800.0,120500.0,2178,0.0,0.0
2024-01-25 13:00:00+09:00,120500.0,121200.0,119000.0,119300.0,3901,0.0,0.0
2024-01-25 14:00:00+09:00,119200.0,120100.0,118000.0,119400.0,6279,0.0,0.0
2024-01-26 09:00:00+09:00,118000.0,119700.0,111000.0,117800.0,0,0.0,0.0
2024-01-26 10:00:00+09:00,117100.0,117900.0,115900.0,116000.0,12858,0.0,0.0
2024-01-26 11:00:00+09:00,116000.0,117800.0,115800.0,116200.0,4120,0.0,0.0
2024-01-26 12:00:00+09:00,116200.0,117600.0,116100.0,116700.0,2849,0.0,0.0
2024-01-26 13:00:00+09:00,116700.0,117100.0,114700.0,114800.0,4896,0.0,0.0
2024-01-26 14:00:00+09:00,114800.0,115700.0,114500.0,114800.0,3914,0.0,0.0
2024-01-29 09:00:00+09:00,114800.0,118500.0,114100.0,115700.0,0,0.0,0.0
2024-01-29 10:00:00+09:00,115700.0,115700.0,112800.0,113000.0,4891,0.0,0.0
2024-01-29 11:00:00+09:00,113000.0,114500.0,112400.0,113000.0,3352,0.0,0.0
2024-01-29 12:00:00+09:00,113000.0,113000.0,110300.0,110300.0,10092,0.0,0.0
2024-01-29 13:00:00+09:00,110400.0,110900.0,109600.0,109700.0,12803,0.0,0.0
2024-01-29 14:00:00+09:00,109800.0,111100.0,108500.0,110300.0,16080,0.0,0.0
2024-01-30 09:00:00+09:00,111500.0,112400.0,107100.0,107500.0,12928,0.0,0.0
2024-01-30 10:00:00+09:00,107600.0,109200.0,106600.0,106800.0,10744,0.0,0.0
2024-01-30 11:00:00+09:00,106600.0,106800.0,105900.0,106300.0,11171,0.0,0.0
2024-01-30 12:00:00+09:00,106300.0,108900.0,106000.0,108500.0,9512,0.0,0.0
2024-01-30 13:00:00+09:00,108500.0,109500.0,107600.0,108000.0,8158,0.0,0.0
2024-01-30 14:00:00+09:00,107700.0,111500.0,107700.0,110100.0,8838,0.0,0.0
2024-01-31 09:00:00+09:00,109400.0,109400.0,104800.0,104800.0,23489,0.0,0.0
2024-01-31 10:00:00+09:00,104800.0,105800.0,103300.0,105000.0,15524,0.0,0.0
2024-01-31 11:00:00+09:00,105000.0,105200.0,103900.0,104200.0,9917,0.0,0.0
2024-01-31 12:00:00+09:00,104100.0,105300.0,104000.0,104600.0,7713,0.0,0.0
2024-01-31 13:00:00+09:00,104600.0,106100.0,103800.0,105800.0,15777,0.0,0.0
2024-01-31 14:00:00+09:00,105800.0,106100.0,104800.0,105200.0,10969,0.0,0.0
2024-02-01 09:00:00+09:00,105600.0,106200.0,103900.0,104900.0,9491,0.0,0.0
2024-02-01 10:00:00+09:00,104900.0,105700.0,102300.0,104900.0,10101,0.0,0.0
2024-02-01 11:00:00+09:00,104900.0,105600.0,103600.0,105000.0,10154,0.0,0.0
2024-02-01 12:00:00+09:00,105000.0,107200.0,104900.0,105800.0,7392,0.0,0.0
2024-02-01 13:00:00+09:00,105700.0,105700.0,102200.0,103300.0,10038,0.0,0.0
2024-02-01 14:00:00+09:00,103500.0,104700.0,102400.0,104000.0,11332,0.0,0.0
2024-02-02 09:00:00+09:00,104100.0,106300.0,101600.0,104200.0,14236,0.0,0.0
2024-02-02 10:00:00+09:00,104200.0,105700.0,103500.0,103500.0,6918,0.0,0.0
2024-02-02 11:00:00+09:00,103600.0,104300.0,103000.0,104000.0,4004,0.0,0.0
2024-02-02 12:00:00+09:00,104100.0,104200.0,103100.0,103800.0,2366,0.0,0.0
2024-02-02 13:00:00+09:00,103600.0,104000.0,102600.0,103800.0,3149,0.0,0.0
2024-02-02 14:00:00+09:00,103600.0,103800.0,102000.0,102200.0,6306,0.0,0.0
2024-02-05 09:00:00+09:00,100300.0,103600.0,99500.0,100800.0,0,0.0,0.0
2024-02-05 10:00:00+09:00,100800.0,102100.0,99700.0,102100.0,19077,0.0,0.0
2024-02-05 11:00:00+09:00,102000.0,102600.0,100300.0,102000.0,2269,0.0,0.0
2024-02-05 12:00:00+09:00,102000.0,102800.0,101700.0,101900.0,2627,0.0,0.0
2024-02-05 13:00:00+09:00,101800.0,102500.0,101400.0,102400.0,2345,0.0,0.0
2024-02-05 14:00:00+09:00,102300.0,103600.0,101900.0,102400.0,5627,0.0,0.0
2024-02-06 09:00:00+09:00,100200.0,105700.0,100200.0,103500.0,0,0.0,0.0
2024-02-06 10:00:00+09:00,103400.0,106500.0,103400.0,105500.0,16015,0.0,0.0
2024-02-06 11:00:00+09:00,105500.0,108200.0,105000.0,106800.0,9456,0.0,0.0
2024-02-06 12:00:00+09:00,106800.0,106800.0,105400.0,106300.0,2146,0.0,0.0
2024-02-06 13:00:00+09:00,106000.0,106300.0,105000.0,105700.0,3370,0.0,0.0
2024-02-06 14:00:00+09:00,105400.0,105700.0,104000.0,105000.0,6179,0.0,0.0
2024-02-07 09:00:00+09:00,106500.0,109300.0,104700.0,105000.0,11376,0.0,0.0
2024-02-07 10:00:00+09:00,104900.0,106000.0,98100.0,100200.0,19806,0.0,0.0
2024-02-07 11:00:00+09:00,100400.0,102800.0,100100.0,102100.0,5949,0.0,0.0
2024-02-07 12:00:00+09:00,102200.0,102400.0,101100.0,101900.0,4080,0.0,0.0
2024-02-07 13:00:00+09:00,101900.0,102000.0,99600.0,99900.0,9826,0.0,0.0
2024-02-07 14:00:00+09:00,99900.0,101800.0,99500.0,101100.0,10595,0.0,0.0
2024-02-08 09:00:00+09:00,101400.0,103200.0,99800.0,101600.0,12501,0.0,0.0
2024-02-08 10:00:00+09:00,101800.0,103800.0,100800.0,103400.0,8593,0.0,0.0
2024-02-08 11:00:00+09:00,103600.0,104300.0,103000.0,104000.0,3837,0.0,0.0
2024-02-08 12:00:00+09:00,104100.0,105500.0,103500.0,104000.0,6531,0.0,0.0
2024-02-08 13:00:00+09:00,104100.0,104100.0,102800.0,103000.0,5240,0.0,0.0
2024-02-08 14:00:00+09:00,103200.0,103800.0,103100.0,103400.0,1458,0.0,0.0
2024-02-13 09:00:00+09:00,105800.0,109700.0,105000.0,106500.0,0,0.0,0.0
2024-02-13 10:00:00+09:00,106800.0,110400.0,106600.0,109400.0,15279,0.0,0.0
2024-02-13 11:00:00+09:00,109400.0,110000.0,108800.0,110000.0,3664,0.0,0.0
2024-02-13 12:00:00+09:00,110000.0,110000.0,108400.0,109500.0,3966,0.0,0.0
2024-02-13 13:00:00+09:00,109600.0,109800.0,109000.0,109300.0,3277,0.0,0.0
2024-02-13 14:00:00+09:00,109300.0,109400.0,107800.0,108400.0,4224,0.0,0.0
2024-02-14 09:00:00+09:00,108400.0,108400.0,106000.0,108000.0,9283,0.0,0.0
2024-02-14 10:00:00+09:00,107800.0,108800.0,106600.0,106600.0,3267,0.0,0.0
2024-02-14 11:00:00+09:00,106600.0,107300.0,106300.0,106500.0,2556,0.0,0.0
2024-02-14 12:00:00+09:00,106500.0,107100.0,105800.0,106000.0,6052,0.0,0.0
2024-02-14 13:00:00+09:00,106000.0,106100.0,105100.0,106100.0,5324,0.0,0.0
2024-02-14 14:00:00+09:00,106000.0,107500.0,105800.0,107000.0,4437,0.0,0.0
2024-02-15 09:00:00+09:00,107800.0,109800.0,103500.0,103900.0,14682,0.0,0.0
2024-02-15 10:00:00+09:00,103900.0,104100.0,102000.0,102900.0,15469,0.0,0.0
2024-02-15 11:00:00+09:00,102900.0,104000.0,102900.0,103500.0,2864,0.0,0.0
2024-02-15 12:00:00+09:00,103500.0,104100.0,103400.0,103600.0,2027,0.0,0.0
2024-02-15 13:00:00+09:00,103900.0,104900.0,103600.0,104800.0,3065,0.0,0.0
2024-02-15 14:00:00+09:00,104700.0,105000.0,104200.0,104500.0,3395,0.0,0.0
2024-02-16 09:00:00+09:00,103200.0,104400.0,100800.0,102700.0,18237,0.0,0.0
2024-02-16 10:00:00+09:00,102700.0,105000.0,102500.0,104500.0,5613,0.0,0.0
2024-02-16 11:00:00+09:00,104600.0,104600.0,102700.0,103500.0,2539,0.0,0.0
2024-02-16 12:00:00+09:00,103600.0,103600.0,102500.0,102600.0,3345,0.0,0.0
2024-02-16 13:00:00+09:00,102600.0,103200.0,102100.0,102500.0,2638,0.0,0.0
2024-02-16 14:00:00+09:00,102700.0,103900.0,102500.0,103100.0,4837,0.0,0.0
2024-02-19 09:00:00+09:00,101200.0,103500.0,100500.0,102200.0,0,0.0,0.0
2024-02-19 10:00:00+09:00,101800.0,103300.0,101200.0,101600.0,4389,0.0,0.0
2024-02-19 11:00:00+09:00,101200.0,102000.0,100800.0,101500.0,5587,0.0,0.0
2024-02-19 12:00:00+09:00,101700.0,103900.0,101500.0,102200.0,13486,0.0,0.0
2024-02-19 13:00:00+09:00,102200.0,103700.0,102200.0,102900.0,4720,0.0,0.0
2024-02-19 14:00:00+09:00,102900.0,103100.0,102300.0,102800.0,4462,0.0,0.0
2024-02-20 09:00:00+09:00,101400.0,104000.0,101400.0,103200.0,10381,0.0,0.0
2024-02-20 10:00:00+09:00,103200.0,104000.0,102900.0,103000.0,4228,0.0,0.0
2024-02-20 11:00:00+09:00,103000.0,103500.0,102700.0,103400.0,2217,0.0,0.0
2024-02-20 12:00:00+09:00,103400.0,105000.0,103200.0,103500.0,5162,0.0,0.0
2024-02-20 13:00:00+09:00,103700.0,103900.0,102800.0,103000.0,3414,0.0,0.0
2024-02-20 14:00:00+09:00,103200.0,103200.0,102100.0,102900.0,5844,0.0,0.0
2024-02-21 09:00:00+09:00,103100.0,103100.0,94600.0,95600.0,50358,0.0,0.0
2024-02-21 10:00:00+09:00,95700.0,98000.0,95500.0,97200.0,25577,0.0,0.0
2024-02-21 11:00:00+09:00,97200.0,99300.0,96900.0,99100.0,11799,0.0,0.0
2024-02-21 12:00:00+09:00,99100.0,99100.0,97000.0,97600.0,7409,0.0,0.0
2024-02-21 13:00:00+09:00,97600.0,97800.0,95800.0,95800.0,13191,0.0,0.0
2024-02-21 14:00:00+09:00,95800.0,96500.0,95200.0,96100.0,14041,0.0,0.0
2024-02-22 09:00:00+09:00,98300.0,99700.0,97000.0,97800.0,32316,0.0,0.0
2024-02-22 10:00:00+09:00,97700.0,98200.0,97000.0,97600.0,11406,0.0,0.0
2024-02-22 11:00:00+09:00,97800.0,98400.0,97400.0,97700.0,6979,0.0,0.0
2024-02-22 12:00:00+09:00,97700.0,98800.0,97500.0,98800.0,6402,0.0,0.0
2024-02-22 13:00:00+09:00,98800.0,98900.0,98000.0,98500.0,6594,0.0,0.0
2024-02-22 14:00:00+09:00,98600.0,98700.0,97700.0,98000.0,4403,0.0,0.0
2024-02-23 09:00:00+09:00,99000.0,101400.0,97600.0,98800.0,15769,0.0,0.0
2024-02-23 10:00:00+09:00,99000.0,99000.0,96400.0,97100.0,6988,0.0,0.0
2024-02-23 11:00:00+09:00,97100.0,98500.0,96700.0,98200.0,6201,0.0,0.0
2024-02-23 12:00:00+09:00,98100.0,98200.0,97100.0,97100.0,2005,0.0,0.0
2024-02-23 13:00:00+09:00,97200.0,97200.0,96400.0,96500.0,4227,0.0,0.0
2024-02-23 14:00:00+09:00,96500.0,96700.0,95700.0,95800.0,5284,0.0,0.0
2024-02-26 09:00:00+09:00,96000.0,97500.0,94600.0,97400.0,0,0.0,0.0
2024-02-26 10:00:00+09:00,97300.0,99500.0,97300.0,98100.0,12491,0.0,0.0
2024-02-26 11:00:00+09:00,98000.0,98500.0,96900.0,97200.0,4865,0.0,0.0
2024-02-26 12:00:00+09:00,96900.0,97200.0,96400.0,96700.0,1491,0.0,0.0
2024-02-26 13:00:00+09:00,96700.0,96800.0,96000.0,96200.0,4764,0.0,0.0
2024-02-26 14:00:00+09:00,96200.0,96300.0,95500.0,95700.0,2780,0.0,0.0
2024-02-27 09:00:00+09:00,96700.0,96700.0,92500.0,94100.0,12175,0.0,0.0
2024-02-27 10:00:00+09:00,94200.0,94900.0,93400.0,93400.0,5157,0.0,0.0
2024-02-27 11:00:00+09:00,93500.0,94400.0,93200.0,94000.0,2090,0.0,0.0
2024-02-27 12:00:00+09:00,93900.0,94300.0,93700.0,93800.0,2556,0.0,0.0
2024-02-27 13:00:00+09:00,93800.0,94100.0,93200.0,93800.0,1128,0.0,0.0
2024-02-27 14:00:00+09:00,93800.0,93800.0,92900.0,93000.0,5397,0.0,0.0
2024-02-28 09:00:00+09:00,92900.0,93200.0,90800.0,92300.0,10251,0.0,0.0
2024-02-28 10:00:00+09:00,92500.0,93000.0,91600.0,92700.0,5608,0.0,0.0
2024-02-28 11:00:00+09:00,92800.0,93000.0,91700.0,92100.0,2621,0.0,0.0
2024-02-28 12:00:00+09:00,92200.0,92300.0,91100.0,91600.0,4367,0.0,0.0
2024-02-28 13:00:00+09:00,91600.0,93500.0,91500.0,92000.0,3206,0.0,0.0
2024-02-28 14:00:00+09:00,92200.0,92800.0,91900.0,92500.0,2838,0.0,0.0
2024-02-29 09:00:00+09:00,92100.0,92400.0,90000.0,91600.0,15187,0.0,0.0
2024-02-29 10:00:00+09:00,91600.0,92900.0,90600.0,92000.0,9403,0.0,0.0
2024-02-29 11:00:00+09:00,92000.0,92500.0,91300.0,91700.0,6244,0.0,0.0
2024-02-29 12:00:00+09:00,91800.0,91800.0,91000.0,91600.0,3851,0.0,0.0
2024-02-29 13:00:00+09:00,91600.0,91800.0,91200.0,91500.0,3482,0.0,0.0
2024-02-29 14:00:00+09:00,91600.0,92800.0,91300.0,91700.0,5026,0.0,0.0
2024-03-04 09:00:00+09:00,93000.0,93200.0,89500.0,90200.0,0,0.0,0.0
2024-03-04 10:00:00+09:00,90600.0,91000.0,89900.0,91000.0,4644,0.0,0.0
2024-03-04 11:00:00+09:00,90900.0,91600.0,90600.0,91500.0,2704,0.0,0.0
2024-03-04 12:00:00+09:00,91500.0,91900.0,90800.0,90900.0,3723,0.0,0.0
2024-03-04 13:00:00+09:00,91000.0,91400.0,90300.0,90300.0,4117,0.0,0.0
2024-03-04 14:00:00+09:00,90500.0,91100.0,90000.0,90400.0,5633,0.0,0.0
2024-03-05 09:00:00+09:00,91500.0,91500.0,88000.0,88900.0,18878,0.0,0.0
2024-03-05 10:00:00+09:00,88900.0,89700.0,88700.0,89600.0,6918,0.0,0.0
2024-03-05 11:00:00+09:00,89600.0,89700.0,88800.0,89500.0,6021,0.0,0.0
2024-03-05 12:00:00+09:00,89500.0,89600.0,89100.0,89200.0,4586,0.0,0.0
2024-03-05 13:00:00+09:00,89200.0,89600.0,89100.0,89300.0,5446,0.0,0.0
2024-03-05 14:00:00+09:00,89400.0,89500.0,89000.0,89000.0,7121,0.0,0.0
2024-03-06 09:00:00+09:00,89700.0,89700.0,88100.0,88300.0,7754,0.0,0.0
2024-03-06 10:00:00+09:00,88300.0,88700.0,86900.0,88000.0,18435,0.0,0.0
2024-03-06 11:00:00+09:00,88000.0,89100.0,87500.0,87800.0,7227,0.0,0.0
2024-03-06 12:00:00+09:00,87600.0,87700.0,87200.0,87300.0,4963,0.0,0.0
2024-03-06 13:00:00+09:00,87300.0,88000.0,87200.0,87600.0,5011,0.0,0.0
2024-03-06 14:00:00+09:00,87600.0,88100.0,87300.0,88000.0,4680,0.0,0.0
2024-03-07 09:00:00+09:00,88100.0,88400.0,86400.0,87400.0,8932,0.0,0.0
2024-03-07 10:00:00+09:00,87400.0,89000.0,86600.0,88300.0,5633,0.0,0.0
2024-03-07 11:00:00+09:00,88200.0,88400.0,86700.0,86700.0,3610,0.0,0.0
2024-03-07 12:00:00+09:00,86700.0,86800.0,86300.0,86700.0,2516,0.0,0.0
2024-03-07 13:00:00+09:00,86700.0,87000.0,86200.0,86900.0,2833,0.0,0.0
2024-03-07 14:00:00+09:00,86800.0,87000.0,86000.0,86900.0,5752,0.0,0.0
2024-03-08 09:00:00+09:00,87900.0,88200.0,85400.0,86600.0,7918,0.0,0.0
2024-03-08 10:00:00+09:00,86400.0,87800.0,86400.0,87600.0,3266,0.0,0.0
2024-03-08 11:00:00+09:00,87700.0,87900.0,86900.0,86900.0,3246,0.0,0.0
2024-03-08 12:00:00+09:00,86900.0,87000.0,86500.0,86700.0,1542,0.0,0.0
2024-03-08 13:00:00+09:00,86600.0,87000.0,86200.0,86700.0,2073,0.0,0.0
2024-03-08 14:00:00+09:00,86700.0,87300.0,86300.0,86500.0,3061,0.0,0.0
2024-03-11 09:00:00+09:00,86000.0,86400.0,84000.0,85400.0,0,0.0,0.0
2024-03-11 10:00:00+09:00,85300.0,87300.0,84500.0,87300.0,6619,0.0,0.0
2024-03-11 11:00:00+09:00,87300.0,88200.0,86700.0,87700.0,5447,0.0,0.0
2024-03-11 12:00:00+09:00,87900.0,90400.0,87600.0,89800.0,14985,0.0,0.0
2024-03-11 13:00:00+09:00,89800.0,91500.0,89400.0,91200.0,11640,0.0,0.0
2024-03-11 14:00:00+09:00,91200.0,93100.0,90800.0,92800.0,18366,0.0,0.0
2024-03-12 09:00:00+09:00,91100.0,92000.0,90200.0,91700.0,6625,0.0,0.0
2024-03-12 10:00:00+09:00,91600.0,92300.0,90900.0,91600.0,2958,0.0,0.0
2024-03-12 11:00:00+09:00,91500.0,92100.0,90600.0,91200.0,5616,0.0,0.0
2024-03-12 12:00:00+09:00,91200.0,91300.0,90000.0,90100.0,8333,0.0,0.0
2024-03-12 13:00:00+09:00,90000.0,90400.0,89100.0,89100.0,4929,0.0,0.0
2024-03-12 14:00:00+09:00,89200.0,89800.0,89000.0,89700.0,2724,0.0,0.0
2024-03-13 09:00:00+09:00,93300.0,99300.0,92700.0,97600.0,61204,0.0,0.0
2024-03-13 10:00:00+09:00,97600.0,98400.0,95400.0,97900.0,16246,0.0,0.0
2024-03-13 11:00:00+09:00,97900.0,98700.0,96200.0,96500.0,10344,0.0,0.0
2024-03-13 12:00:00+09:00,96500.0,98700.0,96100.0,97200.0,10056,0.0,0.0
2024-03-13 13:00:00+09:00,97200.0,97400.0,96500.0,96500.0,8672,0.0,0.0
2024-03-13 14:00:00+09:00,96600.0,96800.0,95600.0,95600.0,7334,0.0,0.0
2024-03-14 09:00:00+09:00,98200.0,101000.0,96700.0,99200.0,44818,0.0,0.0
2024-03-14 10:00:00+09:00,99300.0,99300.0,95900.0,96200.0,12747,0.0,0.0
2024-03-14 11:00:00+09:00,96100.0,96900.0,96000.0,96200.0,4108,0.0,0.0
2024-03-14 12:00:00+09:00,96300.0,97400.0,96000.0,96800.0,5584,0.0,0.0
2024-03-14 13:00:00+09:00,96900.0,97500.0,96000.0,96200.0,6015,0.0,0.0
2024-03-14 14:00:00+09:00,96100.0,97300.0,95900.0,97100.0,4612,0.0,0.0
2024-03-15 09:00:00+09:00,98100.0,98100.0,93000.0,95500.0,14694,0.0,0.0
2024-03-15 10:00:00+09:00,95600.0,95700.0,94400.0,94400.0,2891,0.0,0.0
2024-03-15 11:00:00+09:00,94400.0,95200.0,93800.0,95000.0,4772,0.0,0.0
2024-03-15 12:00:00+09:00,94600.0,94700.0,93800.0,93900.0,2414,0.0,0.0
2024-03-15 13:00:00+09:00,93900.0,94900.0,93600.0,93700.0,2232,0.0,0.0
2024-03-15 14:00:00+09:00,93700.0,94600.0,93000.0,94400.0,7243,0.0,0.0
2024-03-18 09:00:00+09:00,97800.0,100800.0,97200.0,97700.0,0,0.0,0.0
2024-03-18 10:00:00+09:00,97800.0,97900.0,96000.0,97200.0,11332,0.0,0.0
2024-03-18 11:00:00+09:00,97300.0,97500.0,96700.0,96700.0,4147,0.0,0.0
2024-03-18 12:00:00+09:00,96700.0,97000.0,96100.0,96300.0,3873,0.0,0.0
2024-03-18 13:00:00+09:00,96500.0,97200.0,96100.0,96400.0,5197,0.0,0.0
2024-03-18 14:00:00+09:00,96300.0,96600.0,95800.0,96600.0,5656,0.0,0.0
2024-03-19 09:00:00+09:00,98000.0,98100.0,94100.0,96000.0,10284,0.0,0.0
2024-03-19 10:00:00+09:00,96000.0,96500.0,95500.0,95600.0,2997,0.0,0.0
2024-03-19 11:00:00+09:00,95600.0,96700.0,95600.0,96600.0,1541,0.0,0.0
2024-03-19 12:00:00+09:00,96500.0,97200.0,96000.0,96700.0,2655,0.0,0.0
2024-03-19 13:00:00+09:00,96800.0,97300.0,96600.0,97300.0,1815,0.0,0.0
2024-03-19 14:00:00+09:00,97200.0,97400.0,96300.0,97000.0,3801,0.0,0.0
2024-03-20 09:00:00+09:00,97300.0,97500.0,94900.0,96800.0,7204,0.0,0.0
2024-03-20 10:00:00+09:00,97000.0,98200.0,96400.0,97700.0,6823,0.0,0.0
2024-03-20 11:00:00+09:00,97800.0,98800.0,97700.0,98600.0,4747,0.0,0.0
2024-03-20 12:00:00+09:00,98600.0,99500.0,98400.0,99300.0,4780,0.0,0.0
2024-03-20 13:00:00+09:00,99300.0,99500.0,97600.0,98400.0,6132,0.0,0.0
2024-03-20 14:00:00+09:00,98400.0,98400.0,97600.0,98000.0,3582,0.0,0.0
2024-03-21 09:00:00+09:00,99400.0,99400.0,97000.0,97500.0,9901,0.0,0.0
2024-03-21 10:00:00+09:00,97400.0,100400.0,97400.0,99400.0,11487,0.0,0.0
2024-03-21 11:00:00+09:00,99500.0,101700.0,99100.0,101400.0,15617,0.0,0.0
2024-03-21 12:00:00+09:00,101300.0,101700.0,101200.0,101500.0,6896,0.0,0.0
2024-03-21 13:00:00+09:00,101500.0,101600.0,100000.0,100400.0,5259,0.0,0.0
2024-03-21 14:00:00+09:00,100500.0,101000.0,100100.0,100200.0,8897,0.0,0.0
2024-03-22 09:00:00+09:00,101100.0,101100.0,98800.0,99200.0,8485,0.0,0.0
2024-03-22 10:00:00+09:00,99300.0,99800.0,98800.0,99300.0,5117,0.0,0.0
2024-03-22 11:00:00+09:00,99400.0,99700.0,99000.0,99200.0,2004,0.0,0.0
2024-03-22 12:00:00+09:00,99200.0,99700.0,99100.0,99300.0,1810,0.0,0.0
2024-03-22 13:00:00+09:00,99500.0,100700.0,99200.0,100700.0,3162,0.0,0.0
2024-03-22 14:00:00+09:00,100700.0,101000.0,99700.0,100300.0,4616,0.0,0.0
2024-03-25 09:00:00+09:00,101500.0,101500.0,99200.0,100000.0,0,0.0,0.0
2024-03-25 10:00:00+09:00,100000.0,100000.0,99000.0,99300.0,4843,0.0,0.0
2024-03-25 11:00:00+09:00,99200.0,99400.0,98800.0,99000.0,2157,0.0,0.0
2024-03-25 12:00:00+09:00,98800.0,99000.0,98500.0,98500.0,1995,0.0,0.0
2024-03-25 13:00:00+09:00,98600.0,99600.0,97600.0,98800.0,4540,0.0,0.0
2024-03-25 14:00:00+09:00,99000.0,100000.0,98700.0,98900.0,3404,0.0,0.0
2024-03-26 09:00:00+09:00,98500.0,98500.0,95200.0,95600.0,21159,0.0,0.0
2024-03-26 10:00:00+09:00,95600.0,96800.0,95000.0,95300.0,11258,0.0,0.0
2024-03-26 11:00:00+09:00,95300.0,95600.0,94300.0,94800.0,10355,0.0,0.0
2024-03-26 12:00:00+09:00,94900.0,95600.0,94900.0,95000.0,3169,0.0,0.0
2024-03-26 13:00:00+09:00,95000.0,95000.0,94500.0,94700.0,6209,0.0,0.0
2024-03-26 14:00:00+09:00,94700.0,96300.0,94600.0,95900.0,6812,0.0,0.0
2024-03-27 09:00:00+09:00,96000.0,96000.0,94100.0,94600.0,11508,0.0,0.0
2024-03-27 10:00:00+09:00,94700.0,96000.0,92300.0,92400.0,22949,0.0,0.0
2024-03-27 11:00:00+09:00,92400.0,92700.0,91100.0,91100.0,17643,0.0,0.0
2024-03-27 12:00:00+09:00,91100.0,91500.0,90700.0,91100.0,10757,0.0,0.0
2024-03-27 13:00:00+09:00,90900.0,92600.0,90900.0,91600.0,9616,0.0,0.0
2024-03-27 14:00:00+09:00,91700.0,93200.0,91500.0,93100.0,17880,0.0,0.0
2024-03-28 09:00:00+09:00,92500.0,95800.0,92100.0,95600.0,10084,0.0,0.0
2024-03-28 10:00:00+09:00,95700.0,95800.0,94000.0,94900.0,5507,0.0,0.0
2024-03-28 11:00:00+09:00,94900.0,95000.0,92900.0,94800.0,7658,0.0,0.0
2024-03-28 12:00:00+09:00,94900.0,95500.0,94700.0,95400.0,4604,0.0,0.0
2024-03-28 13:00:00+09:00,95400.0,96800.0,95300.0,95600.0,8543,0.0,0.0
2024-03-28 14:00:00+09:00,95600.0,96300.0,95400.0,95700.0,5448,0.0,0.0
2024-03-29 09:00:00+09:00,96000.0,96600.0,95000.0,96200.0,5753,0.0,0.0
2024-03-29 10:00:00+09:00,96200.0,97100.0,95600.0,96300.0,4136,0.0,0.0
2024-03-29 11:00:00+09:00,96300.0,96700.0,94900.0,94900.0,4011,0.0,0.0
2024-03-29 12:00:00+09:00,94900.0,94900.0,93800.0,94100.0,3732,0.0,0.0
2024-03-29 13:00:00+09:00,94100.0,96300.0,93500.0,95800.0,9946,0.0,0.0
2024-03-29 14:00:00+09:00,95700.0,97900.0,95200.0,97700.0,14612,0.0,0.0
2024-04-01 09:00:00+09:00,100000.0,100100.0,95700.0,95900.0,0,0.0,0.0
2024-04-01 10:00:00+09:00,95900.0,97800.0,94900.0,97500.0,12064,0.0,0.0
2024-04-01 11:00:00+09:00,97500.0,98200.0,96500.0,98100.0,4842,0.0,0.0
2024-04-01 12:00:00+09:00,98100.0,98100.0,97100.0,97300.0,1838,0.0,0.0
2024-04-01 13:00:00+09:00,97300.0,97300.0,96600.0,97000.0,2163,0.0,0.0
2024-04-01 14:00:00+09:00,97000.0,97500.0,96800.0,96800.0,3213,0.0,0.0
2024-04-02 09:00:00+09:00,97300.0,97600.0,95700.0,96200.0,7518,0.0,0.0
2024-04-02 10:00:00+09:00,96200.0,96300.0,94900.0,95000.0,4124,0.0,0.0
2024-04-02 11:00:00+09:00,95200.0,95600.0,93200.0,93800.0,14032,0.0,0.0
2024-04-02 12:00:00+09:00,93800.0,94100.0,93500.0,93700.0,3085,0.0,0.0
2024-04-02 13:00:00+09:00,93700.0,94000.0,92000.0,92500.0,17754,0.0,0.0
2024-04-02 14:00:00+09:00,92400.0,92400.0,91700.0,92000.0,8134,0.0,0.0
2024-04-03 09:00:00+09:00,92200.0,92200.0,90100.0,91300.0,9736,0.0,0.0
2024-04-03 10:00:00+09:00,91400.0,94200.0,91300.0,94000.0,9481,0.0,0.0
2024-04-03 11:00:00+09:00,94100.0,94300.0,92400.0,92700.0,5773,0.0,0.0
2024-04-03 12:00:00+09:00,92800.0,92800.0,92100.0,92600.0,1800,0.0,0.0
2024-04-03 13:00:00+09:00,92500.0,93400.0,92100.0,92900.0,2304,0.0,0.0
2024-04-03 14:00:00+09:00,92800.0,93100.0,92100.0,92700.0,3266,0.0,0.0
2024-04-04 09:00:00+09:00,92000.0,93600.0,91800.0,93300.0,4707,0.0,0.0
2024-04-04 10:00:00+09:00,93200.0,93300.0,92700.0,93200.0,3132,0.0,0.0
2024-04-04 11:00:00+09:00,93100.0,93300.0,92900.0,93000.0,2187,0.0,0.0
2024-04-04 12:00:00+09:00,93000.0,93000.0,92700.0,92900.0,2116,0.0,0.0
2024-04-04 13:00:00+09:00,92900.0,93800.0,92900.0,93600.0,3836,0.0,0.0
2024-04-04 14:00:00+09:00,93500.0,93600.0,93300.0,93500.0,1653,0.0,0.0
2024-04-05 09:00:00+09:00,91900.0,93700.0,91100.0,92900.0,7136,0.0,0.0
2024-04-05 10:00:00+09:00,93200.0,93200.0,91400.0,91600.0,4248,0.0,0.0
2024-04-05 11:00:00+09:00,91500.0,92400.0,91500.0,92100.0,1204,0.0,0.0
2024-04-05 12:00:00+09:00,92100.0,92300.0,91700.0,91800.0,1096,0.0,0.0
2024-04-05 13:00:00+09:00,91900.0,92000.0,91600.0,91900.0,1448,0.0,0.0
2024-04-05 14:00:00+09:00,91800.0,92000.0,91500.0,91500.0,2328,0.0,0.0
2024-04-08 09:00:00+09:00,92300.0,93800.0,91000.0,91500.0,0,0.0,0.0
2024-04-08 10:00:00+09:00,91400.0,91700.0,90600.0,90700.0,3628,0.0,0.0
2024-04-08 11:00:00+09:00,90600.0,91300.0,90300.0,90400.0,2042,0.0,0.0
2024-04-08 12:00:00+09:00,90500.0,91500.0,90500.0,91100.0,1522,0.0,0.0
2024-04-08 13:00:00+09:00,91100.0,91300.0,91000.0,91300.0,1127,0.0,0.0
2024-04-08 14:00:00+09:00,91200.0,91900.0,91000.0,91600.0,1613,0.0,0.0
2024-04-09 09:00:00+09:00,90800.0,91500.0,90700.0,91000.0,6210,0.0,0.0
2024-04-09 10:00:00+09:00,91100.0,91200.0,90800.0,91000.0,2290,0.0,0.0
2024-04-09 11:00:00+09:00,91000.0,91100.0,90000.0,91100.0,6256,0.0,0.0
2024-04-09 12:00:00+09:00,91000.0,91200.0,90700.0,91100.0,1294,0.0,0.0
2024-04-09 13:00:00+09:00,91100.0,91300.0,90700.0,91200.0,1638,0.0,0.0
2024-04-09 14:00:00+09:00,91200.0,91300.0,90200.0,90900.0,2553,0.0,0.0
2024-04-11 09:00:00+09:00,88800.0,90700.0,88700.0,90300.0,0,0.0,0.0
2024-04-11 10:00:00+09:00,90300.0,90400.0,89700.0,89800.0,2979,0.0,0.0
2024-04-11 11:00:00+09:00,89800.0,89900.0,89400.0,89400.0,1646,0.0,0.0
2024-04-11 12:00:00+09:00,89400.0,89500.0,89000.0,89300.0,1702,0.0,0.0
2024-04-11 13:00:00+09:00,89300.0,89500.0,89200.0,89400.0,1189,0.0,0.0
2024-04-11 14:00:00+09:00,89400.0,89500.0,89200.0,89300.0,1550,0.0,0.0
2024-04-12 09:00:00+09:00,89700.0,94400.0,89700.0,94200.0,11455,0.0,0.0
2024-04-12 10:00:00+09:00,94200.0,94300.0,92300.0,93400.0,3872,0.0,0.0
2024-04-12 11:00:00+09:00,93400.0,94300.0,92800.0,94000.0,5062,0.0,0.0
2024-04-12 12:00:00+09:00,94000.0,94000.0,91300.0,92000.0,3808,0.0,0.0
2024-04-12 13:00:00+09:00,92000.0,93000.0,89700.0,92000.0,5416,0.0,0.0
2024-04-12 14:00:00+09:00,91900.0,92400.0,91200.0,91500.0,3911,0.0,0.0
2024-04-15 09:00:00+09:00,91400.0,91400.0,88500.0,89000.0,0,0.0,0.0
2024-04-15 10:00:00+09:00,89000.0,89200.0,88700.0,88800.0,2327,0.0,0.0
2024-04-15 11:00:00+09:00,88800.0,89200.0,88600.0,88900.0,1558,0.0,0.0
2024-04-15 12:00:00+09:00,88800.0,89400.0,88800.0,89100.0,710,0.0,0.0
2024-04-15 13:00:00+09:00,89300.0,89700.0,89100.0,89600.0,1000,0.0,0.0
2024-04-15 14:00:00+09:00,89500.0,90000.0,89500.0,89500.0,616,0.0,0.0
2024-04-16 09:00:00+09:00,89300.0,89300.0,87200.0,87400.0,8017,0.0,0.0
2024-04-16 10:00:00+09:00,87400.0,87500.0,86200.0,86400.0,6301,0.0,0.0
2024-04-16 11:00:00+09:00,86500.0,87400.0,86200.0,87200.0,2514,0.0,0.0
2024-04-16 12:00:00+09:00,87200.0,87200.0,86600.0,86600.0,2885,0.0,0.0
2024-04-16 13:00:00+09:00,87000.0,87000.0,86300.0,86700.0,1538,0.0,0.0
2024-04-16 14:00:00+09:00,86900.0,87000.0,86500.0,86800.0,3233,0.0,0.0
2024-04-17 09:00:00+09:00,86500.0,87900.0,86500.0,86800.0,2288,0.0,0.0
2024-04-17 10:00:00+09:00,86800.0,87000.0,85500.0,85600.0,2785,0.0,0.0
2024-04-17 11:00:00+09:00,85600.0,86300.0,85600.0,85900.0,1153,0.0,0.0
2024-04-17 12:00:00+09:00,86000.0,86400.0,85700.0,85900.0,550,0.0,0.0
2024-04-17 13:00:00+09:00,86100.0,87800.0,85800.0,87600.0,3266,0.0,0.0
2024-04-17 14:00:00+09:00,87700.0,88500.0,86600.0,87100.0,5093,0.0,0.0
2024-04-18 09:00:00+09:00,86300.0,88800.0,86300.0,88100.0,1597,0.0,0.0
2024-04-18 10:00:00+09:00,88400.0,90100.0,88400.0,89300.0,2100,0.0,0.0
2024-04-18 11:00:00+09:00,89400.0,89900.0,89200.0,89500.0,1545,0.0,0.0
2024-04-18 12:00:00+09:00,89500.0,90000.0,89000.0,89700.0,1418,0.0,0.0
2024-04-18 13:00:00+09:00,89700.0,92300.0,89600.0,91400.0,6799,0.0,0.0
2024-04-18 14:00:00+09:00,91400.0,92800.0,91300.0,92100.0,7095,0.0,0.0
2024-04-19 09:00:00+09:00,92000.0,93000.0,90500.0,91800.0,4576,0.0,0.0
2024-04-19 10:00:00+09:00,91800.0,92500.0,90400.0,90500.0,2359,0.0,0.0
2024-04-19 11:00:00+09:00,90500.0,90800.0,89400.0,89700.0,3178,0.0,0.0
2024-04-19 12:00:00+09:00,89700.0,91500.0,89400.0,91300.0,1187,0.0,0.0
2024-04-19 13:00:00+09:00,91300.0,92800.0,91300.0,92000.0,2445,0.0,0.0
2024-04-19 14:00:00+09:00,92100.0,92200.0,91100.0,92000.0,1588,0.0,0.0
2024-04-22 09:00:00+09:00,89700.0,92100.0,89500.0,89500.0,0,0.0,0.0
2024-04-22 10:00:00+09:00,89900.0,90600.0,89500.0,89900.0,913,0.0,0.0
2024-04-22 11:00:00+09:00,89900.0,90000.0,89500.0,89500.0,829,0.0,0.0
2024-04-22 12:00:00+09:00,89500.0,89600.0,89000.0,89200.0,869,0.0,0.0
2024-04-22 13:00:00+09:00,89200.0,89500.0,88300.0,88700.0,2016,0.0,0.0
2024-04-22 14:00:00+09:00,89000.0,89300.0,88400.0,88800.0,838,0.0,0.0
2024-04-23 09:00:00+09:00,90100.0,91000.0,89700.0,90900.0,1932,0.0,0.0
2024-04-23 10:00:00+09:00,90900.0,91300.0,89500.0,89600.0,2345,0.0,0.0
2024-04-23 11:00:00+09:00,89900.0,90800.0,89700.0,90800.0,692,0.0,0.0
2024-04-23 12:00:00+09:00,90800.0,91000.0,90500.0,90900.0,660,0.0,0.0
2024-04-23 13:00:00+09:00,90800.0,91000.0,90400.0,90800.0,865,0.0,0.0
2024-04-23 14:00:00+09:00,90700.0,90800.0,89800.0,90500.0,956,0.0,0.0
2024-04-24 09:00:00+09:00,91200.0,92400.0,90500.0,91400.0,4178,0.0,0.0
2024-04-24 10:00:00+09:00,91500.0,91500.0,89200.0,90000.0,4154,0.0,0.0
2024-04-24 11:00:00+09:00,90100.0,90400.0,89700.0,89700.0,1088,0.0,0.0
2024-04-24 12:00:00+09:00,89600.0,89900.0,89100.0,89200.0,2449,0.0,0.0
2024-04-24 13:00:00+09:00,89200.0,90100.0,89100.0,89800.0,1395,0.0,0.0
2024-04-24 14:00:00+09:00,89900.0,90200.0,89500.0,89700.0,919,0.0,0.0
2024-04-25 09:00:00+09:00,90000.0,91200.0,89700.0,91100.0,1627,0.0,0.0
2024-04-25 10:00:00+09:00,91200.0,91600.0,90800.0,91500.0,2086,0.0,0.0
2024-04-25 11:00:00+09:00,91500.0,91500.0,90500.0,91000.0,1774,0.0,0.0
2024-04-25 12:00:00+09:00,91000.0,91100.0,90400.0,91000.0,1370,0.0,0.0
2024-04-25 13:00:00+09:00,91000.0,91200.0,90900.0,91000.0,1146,0.0,0.0
2024-04-25 14:00:00+09:00,91000.0,91100.0,89900.0,90700.0,2153,0.0,0.0
2024-04-26 09:00:00+09:00,92200.0,93200.0,91200.0,91300.0,7212,0.0,0.0
2024-04-26 10:00:00+09:00,91400.0,91700.0,90900.0,90900.0,1464,0.0,0.0
2024-04-26 11:00:00+09:00,90900.0,91500.0,90800.0,91300.0,1895,0.0,0.0
2024-04-26 12:00:00+09:00,91300.0,92200.0,91200.0,92100.0,1701,0.0,0.0
2024-04-26 13:00:00+09:00,92000.0,92900.0,91800.0,92800.0,1824,0.0,0.0
2024-04-26 14:00:00+09:00,92800.0,94200.0,92800.0,93900.0,11051,0.0,0.0
2024-04-29 09:00:00+09:00,93200.0,93900.0,92100.0,92400.0,0,0.0,0.0
2024-04-29 10:00:00+09:00,92600.0,92700.0,91800.0,92100.0,1981,0.0,0.0
2024-04-29 11:00:00+09:00,92000.0,92100.0,91800.0,92000.0,1341,0.0,0.0
2024-04-29 12:00:00+09:00,92000.0,92300.0,91900.0,92100.0,946,0.0,0.0
2024-04-29 13:00:00+09:00,92100.0,92400.0,91700.0,92100.0,2239,0.0,0.0
2024-04-29 14:00:00+09:00,92000.0,92400.0,91700.0,92100.0,1760,0.0,0.0
2024-04-30 09:00:00+09:00,91900.0,92800.0,91600.0,91900.0,4516,0.0,0.0
2024-04-30 10:00:00+09:00,91900.0,92100.0,91500.0,91700.0,2016,0.0,0.0
2024-04-30 11:00:00+09:00,91700.0,92200.0,91400.0,92200.0,2292,0.0,0.0
2024-04-30 12:00:00+09:00,92100.0,92200.0,91800.0,92100.0,1505,0.0,0.0
2024-04-30 13:00:00+09:00,92000.0,92300.0,91900.0,91900.0,1698,0.0,0.0
2024-04-30 14:00:00+09:00,91900.0,92200.0,91600.0,92000.0,1817,0.0,0.0
2024-05-02 09:00:00+09:00,92600.0,93900.0,91500.0,93700.0,0,0.0,0.0
2024-05-02 10:00:00+09:00,93700.0,95200.0,93700.0,95200.0,5942,0.0,0.0
2024-05-02 11:00:00+09:00,95100.0,96300.0,95000.0,95900.0,7836,0.0,0.0
2024-05-02 12:00:00+09:00,95900.0,96700.0,94900.0,96200.0,5720,0.0,0.0
2024-05-02 13:00:00+09:00,96200.0,97400.0,95900.0,96000.0,8138,0.0,0.0
2024-05-02 14:00:00+09:00,96000.0,96300.0,95100.0,95300.0,3537,0.0,0.0
2024-05-03 09:00:00+09:00,96800.0,97000.0,94300.0,94800.0,3900,0.0,0.0
2024-05-03 10:00:00+09:00,94900.0,95200.0,94500.0,94800.0,1215,0.0,0.0
2024-05-03 11:00:00+09:00,94800.0,94800.0,94100.0,94400.0,2076,0.0,0.0
2024-05-03 12:00:00+09:00,94300.0,94900.0,94200.0,94500.0,953,0.0,0.0
2024-05-03 13:00:00+09:00,94500.0,94800.0,94300.0,94400.0,954,0.0,0.0
2024-05-03 14:00:00+09:00,94300.0,94700.0,94100.0,94200.0,1832,0.0,0.0
2024-05-07 09:00:00+09:00,95200.0,95300.0,93600.0,93600.0,0,0.0,0.0
2024-05-07 10:00:00+09:00,93600.0,93700.0,93000.0,93300.0,2155,0.0,0.0
2024-05-07 11:00:00+09:00,93300.0,93900.0,93000.0,93300.0,1680,0.0,0.0
2024-05-07 12:00:00+09:00,93300.0,93900.0,92900.0,93200.0,2814,0.0,0.0
2024-05-07 13:00:00+09:00,93200.0,94400.0,93000.0,94200.0,1645,0.0,0.0
2024-05-07 14:00:00+09:00,94200.0,94300.0,93700.0,93800.0,1471,0.0,0.0
2024-05-08 09:00:00+09:00,92600.0,93800.0,90500.0,91000.0,17856,0.0,0.0
2024-05-08 10:00:00+09:00,91000.0,91300.0,90500.0,90700.0,4212,0.0,0.0
2024-05-08 11:00:00+09:00,90800.0,91100.0,90700.0,90900.0,1408,0.0,0.0
2024-05-08 12:00:00+09:00,91000.0,91100.0,90700.0,90900.0,1158,0.0,0.0
2024-05-08 13:00:00+09:00,90900.0,91400.0,90700.0,91300.0,2480,0.0,0.0
2024-05-08 14:00:00+09:00,91300.0,91500.0,87600.0,87800.0,26611,0.0,0.0
2024-05-09 09:00:00+09:00,88400.0,89700.0,87700.0,89100.0,0,0.0,0.0
2024-05-09 10:00:00+09:00,89100.0,89200.0,88400.0,88900.0,13256,0.0,0.0
2024-05-09 11:00:00+09:00,88800.0,89200.0,88300.0,89000.0,4159,0.0,0.0
2024-05-09 12:00:00+09:00,88900.0,89000.0,87700.0,88800.0,5423,0.0,0.0
2024-05-09 13:00:00+09:00,88800.0,89400.0,88700.0,89300.0,2567,0.0,0.0
2024-05-09 14:00:00+09:00,89400.0,89400.0,87900.0,88500.0,6480,0.0,0.0
2024-05-10 09:00:00+09:00,88400.0,89000.0,88000.0,88800.0,2516,0.0,0.0
2024-05-10 10:00:00+09:00,88700.0,88900.0,88000.0,88100.0,2528,0.0,0.0
2024-05-10 11:00:00+09:00,88200.0,88400.0,87600.0,87900.0,1774,0.0,0.0
2024-05-10 12:00:00+09:00,87700.0,88000.0,87100.0,87600.0,1208,0.0,0.0
2024-05-10 13:00:00+09:00,87600.0,88700.0,87300.0,88500.0,1594,0.0,0.0
2024-05-10 14:00:00+09:00,88500.0,88600.0,88300.0,88500.0,1602,0.0,0.0
2024-05-13 09:00:00+09:00,88300.0,89000.0,88000.0,88900.0,0,0.0,0.0
2024-05-13 10:00:00+09:00,89100.0,89100.0,88600.0,89100.0,1510,0.0,0.0
2024-05-13 11:00:00+09:00,88900.0,89700.0,88800.0,89500.0,1638,0.0,0.0
2024-05-13 12:00:00+09:00,89600.0,89700.0,89400.0,89700.0,1426,0.0,0.0
2024-05-13 13:00:00+09:00,89600.0,89700.0,89200.0,89200.0,1704,0.0,0.0
2024-05-13 14:00:00+09:00,89300.0,89800.0,89300.0,89700.0,2037,0.0,0.0
2024-05-14 09:00:00+09:00,89600.0,90000.0,88300.0,88400.0,3258,0.0,0.0
2024-05-14 10:00:00+09:00,88500.0,89100.0,88300.0,88700.0,1350,0.0,0.0
2024-05-14 11:00:00+09:00,88700.0,89200.0,88600.0,88800.0,0,0.0,0.0
2024-05-14 12:00:00+09:00,88500.0,88800.0,88500.0,88600.0,6794,0.0,0.0
2024-05-14 13:00:00+09:00,88600.0,89000.0,88400.0,88500.0,1812,0.0,0.0
2024-05-14 14:00:00+09:00,88400.0,88600.0,88400.0,88500.0,1094,0.0,0.0
2024-05-16 09:00:00+09:00,88300.0,89100.0,87300.0,88000.0,7113,0.0,0.0
2024-05-16 10:00:00+09:00,88300.0,89700.0,88300.0,89200.0,3523,0.0,0.0
2024-05-16 11:00:00+09:00,89200.0,89300.0,88500.0,88700.0,5618,0.0,0.0
2024-05-16 12:00:00+09:00,88700.0,89400.0,88600.0,89200.0,880,0.0,0.0
2024-05-16 13:00:00+09:00,89300.0,89500.0,89000.0,89500.0,1005,0.0,0.0
2024-05-16 14:00:00+09:00,89500.0,89900.0,89200.0,89300.0,3639,0.0,0.0
2024-05-17 09:00:00+09:00,89200.0,89200.0,88100.0,88700.0,1626,0.0,0.0
2024-05-17 10:00:00+09:00,88700.0,89600.0,88500.0,89300.0,1248,0.0,0.0
2024-05-17 11:00:00+09:00,89300.0,89300.0,88300.0,88300.0,1140,0.0,0.0
2024-05-17 12:00:00+09:00,88400.0,89100.0,88300.0,88700.0,292,0.0,0.0
2024-05-17 13:00:00+09:00,88800.0,89000.0,88600.0,88600.0,531,0.0,0.0
2024-05-17 14:00:00+09:00,88600.0,88700.0,88300.0,88300.0,1540,0.0,0.0
2024-05-20 09:00:00+09:00,89000.0,89100.0,88200.0,88200.0,0,0.0,0.0
2024-05-20 10:00:00+09:00,88200.0,88900.0,88100.0,88800.0,861,0.0,0.0
2024-05-20 11:00:00+09:00,88800.0,89200.0,88400.0,89100.0,1617,0.0,0.0
2024-05-20 12:00:00+09:00,89100.0,89200.0,88700.0,89000.0,718,0.0,0.0
2024-05-20 13:00:00+09:00,89100.0,89100.0,88700.0,88800.0,859,0.0,0.0
2024-05-20 14:00:00+09:00,88700.0,88800.0,86800.0,88000.0,12501,0.0,0.0
2024-05-21 09:00:00+09:00,88500.0,88900.0,86900.0,88000.0,7039,0.0,0.0
2024-05-21 10:00:00+09:00,88000.0,88100.0,87000.0,87300.0,5631,0.0,0.0
2024-05-21 11:00:00+09:00,87300.0,88000.0,86900.0,87100.0,2326,0.0,0.0
2024-05-21 12:00:00+09:00,87100.0,87500.0,86700.0,87200.0,1550,0.0,0.0
2024-05-21 13:00:00+09:00,87000.0,87500.0,86800.0,87000.0,795,0.0,0.0
2024-05-21 14:00:00+09:00,87000.0,87200.0,86700.0,87000.0,1246,0.0,0.0
2024-05-22 09:00:00+09:00,86800.0,88700.0,86700.0,88200.0,3198,0.0,0.0
2024-05-22 10:00:00+09:00,88100.0,88200.0,87500.0,87700.0,1555,0.0,0.0
2024-05-22 11:00:00+09:00,87600.0,87700.0,87200.0,87200.0,1142,0.0,0.0
2024-05-22 12:00:00+09:00,87200.0,87500.0,87100.0,87300.0,655,0.0,0.0
2024-05-22 13:00:00+09:00,87300.0,87400.0,86900.0,87100.0,1469,0.0,0.0
2024-05-22 14:00:00+09:00,87000.0,87100.0,86900.0,87000.0,1328,0.0,0.0
2024-05-23 09:00:00+09:00,88200.0,88300.0,87000.0,87400.0,2655,0.0,0.0
2024-05-23 10:00:00+09:00,87400.0,88100.0,87200.0,87300.0,1042,0.0,0.0
2024-05-23 11:00:00+09:00,87300.0,87600.0,87100.0,87100.0,1181,0.0,0.0
2024-05-23 12:00:00+09:00,87200.0,87400.0,87000.0,87100.0,719,0.0,0.0
2024-05-23 13:00:00+09:00,87100.0,87200.0,86300.0,86400.0,5515,0.0,0.0
2024-05-23 14:00:00+09:00,86400.0,86600.0,85900.0,86000.0,5397,0.0,0.0
2024-05-24 09:00:00+09:00,85600.0,86500.0,84600.0,85600.0,6421,0.0,0.0
2024-05-24 10:00:00+09:00,85500.0,85800.0,85300.0,85300.0,6844,0.0,0.0
2024-05-24 11:00:00+09:00,85400.0,85400.0,84700.0,84900.0,2455,0.0,0.0
2024-05-24 12:00:00+09:00,84800.0,85800.0,84800.0,85600.0,1856,0.0,0.0
2024-05-24 13:00:00+09:00,85600.0,85700.0,84300.0,84700.0,18822,0.0,0.0
2024-05-24 14:00:00+09:00,84700.0,85400.0,84100.0,84900.0,6852,0.0,0.0
2024-05-27 09:00:00+09:00,84500.0,84900.0,82200.0,83100.0,0,0.0,0.0
2024-05-27 10:00:00+09:00,83100.0,83100.0,81200.0,81400.0,7930,0.0,0.0
2024-05-27 11:00:00+09:00,81500.0,81500.0,80200.0,80800.0,6730,0.0,0.0
2024-05-27 12:00:00+09:00,80800.0,81300.0,80500.0,81100.0,2871,0.0,0.0
2024-05-27 13:00:00+09:00,81000.0,81200.0,80500.0,80900.0,3397,0.0,0.0
2024-05-27 14:00:00+09:00,81100.0,82300.0,80800.0,82000.0,13489,0.0,0.0
2024-05-28 09:00:00+09:00,82900.0,83400.0,81700.0,82800.0,5837,0.0,0.0
2024-05-28 10:00:00+09:00,82800.0,82800.0,80700.0,81700.0,15166,0.0,0.0
2024-05-28 11:00:00+09:00,81700.0,82100.0,81500.0,81800.0,2319,0.0,0.0
2024-05-28 12:00:00+09:00,81700.0,82000.0,81300.0,81500.0,2056,0.0,0.0
2024-05-28 13:00:00+09:00,81500.0,81700.0,81300.0,81300.0,3086,0.0,0.0
2024-05-28 14:00:00+09:00,81300.0,81700.0,81300.0,81400.0,1210,0.0,0.0
2024-05-29 09:00:00+09:00,82000.0,84400.0,81200.0,82800.0,13204,0.0,0.0
2024-05-29 10:00:00+09:00,82900.0,83100.0,82500.0,82500.0,2583,0.0,0.0
2024-05-29 11:00:00+09:00,82500.0,83100.0,82500.0,82700.0,1237,0.0,0.0
2024-05-29 12:00:00+09:00,82700.0,83200.0,82500.0,82700.0,1325,0.0,0.0
2024-05-29 13:00:00+09:00,82800.0,82900.0,82400.0,82500.0,1490,0.0,0.0
2024-05-29 14:00:00+09:00,82600.0,82600.0,81300.0,81500.0,3187,0.0,0.0
2024-05-30 09:00:00+09:00,81500.0,82000.0,80100.0,80300.0,2310,0.0,0.0
2024-05-30 10:00:00+09:00,80500.0,81400.0,80100.0,80700.0,1752,0.0,0.0
2024-05-30 11:00:00+09:00,80600.0,81200.0,80400.0,80400.0,854,0.0,0.0
2024-05-30 12:00:00+09:00,80400.0,81300.0,80400.0,80800.0,1395,0.0,0.0
2024-05-30 13:00:00+09:00,80900.0,81200.0,80400.0,80500.0,1960,0.0,0.0
2024-05-30 14:00:00+09:00,80500.0,81900.0,80500.0,81500.0,5458,0.0,0.0
2024-05-31 09:00:00+09:00,80900.0,81600.0,80200.0,80400.0,1578,0.0,0.0
2024-05-31 10:00:00+09:00,80400.0,80600.0,79800.0,79800.0,3708,0.0,0.0
2024-05-31 11:00:00+09:00,79900.0,79900.0,79200.0,79500.0,2354,0.0,0.0
2024-05-31 12:00:00+09:00,79600.0,79800.0,78600.0,78800.0,6366,0.0,0.0
2024-05-31 13:00:00+09:00,78700.0,80300.0,78700.0,80200.0,1709,0.0,0.0
2024-05-31 14:00:00+09:00,80200.0,81600.0,80000.0,80800.0,6511,0.0,0.0
2024-06-03 09:00:00+09:00,80500.0,80500.0,79000.0,79000.0,0,0.0,0.0
2024-06-03 10:00:00+09:00,79000.0,79200.0,78900.0,78900.0,4607,0.0,0.0
2024-06-03 11:00:00+09:00,78800.0,79500.0,78800.0,79200.0,3402,0.0,0.0
2024-06-03 12:00:00+09:00,79200.0,81200.0,79200.0,80800.0,3118,0.0,0.0
2024-06-03 13:00:00+09:00,80900.0,81600.0,80500.0,81200.0,2827,0.0,0.0
2024-06-03 14:00:00+09:00,81300.0,82000.0,80900.0,81300.0,5532,0.0,0.0
2024-06-04 09:00:00+09:00,81300.0,81500.0,79400.0,80100.0,3783,0.0,0.0
2024-06-04 10:00:00+09:00,80100.0,80600.0,80100.0,80100.0,689,0.0,0.0
2024-06-04 11:00:00+09:00,80200.0,80500.0,79600.0,79800.0,1013,0.0,0.0
2024-06-04 12:00:00+09:00,79700.0,80100.0,79500.0,79800.0,1649,0.0,0.0
2024-06-04 13:00:00+09:00,79800.0,80100.0,79400.0,79600.0,4043,0.0,0.0
2024-06-04 14:00:00+09:00,79500.0,79900.0,79000.0,79400.0,2835,0.0,0.0
2024-06-05 09:00:00+09:00,78900.0,78900.0,77000.0,77900.0,6931,0.0,0.0
2024-06-05 10:00:00+09:00,78000.0,80500.0,78000.0,80300.0,4449,0.0,0.0
2024-06-05 11:00:00+09:00,80300.0,80400.0,79000.0,79000.0,4475,0.0,0.0
2024-06-05 12:00:00+09:00,79000.0,79700.0,78900.0,79100.0,3151,0.0,0.0
2024-06-05 13:00:00+09:00,79100.0,80200.0,78900.0,79100.0,3962,0.0,0.0
2024-06-05 14:00:00+09:00,79200.0,79400.0,78700.0,78900.0,5624,0.0,0.0
2024-06-07 09:00:00+09:00,79700.0,79900.0,79000.0,79300.0,0,0.0,0.0
2024-06-07 10:00:00+09:00,79300.0,79700.0,79200.0,79200.0,872,0.0,0.0
2024-06-07 11:00:00+09:00,79200.0,79400.0,77600.0,78000.0,3565,0.0,0.0
2024-06-07 12:00:00+09:00,78000.0,78200.0,77700.0,77700.0,2030,0.0,0.0
2024-06-07 13:00:00+09:00,77800.0,78100.0,77600.0,77900.0,2115,0.0,0.0
2024-06-07 14:00:00+09:00,77900.0,78400.0,77700.0,77800.0,1818,0.0,0.0
2024-06-10 09:00:00+09:00,77500.0,79500.0,77000.0,79100.0,0,0.0,0.0
2024-06-10 10:00:00+09:00,79200.0,79800.0,78500.0,78500.0,1831,0.0,0.0
2024-06-10 11:00:00+09:00,78500.0,78600.0,78300.0,78300.0,802,0.0,0.0
2024-06-10 12:00:00+09:00,78300.0,78500.0,77900.0,78200.0,1011,0.0,0.0
2024-06-10 13:00:00+09:00,78300.0,78900.0,78200.0,78600.0,1379,0.0,0.0
2024-06-10 14:00:00+09:00,78600.0,79500.0,78500.0,78800.0,1617,0.0,0.0
2024-06-11 09:00:00+09:00,78900.0,79200.0,77900.0,78100.0,2070,0.0,0.0
2024-06-11 10:00:00+09:00,78200.0,78200.0,77900.0,78000.0,706,0.0,0.0
2024-06-11 11:00:00+09:00,78000.0,78200.0,77500.0,77800.0,976,0.0,0.0
2024-06-11 12:00:00+09:00,77800.0,78000.0,77600.0,77700.0,644,0.0,0.0
2024-06-11 13:00:00+09:00,77600.0,77700.0,76100.0,76300.0,8043,0.0,0.0
2024-06-11 14:00:00+09:00,76300.0,76500.0,75700.0,75800.0,4807,0.0,0.0
2024-06-12 09:00:00+09:00,76100.0,77000.0,75800.0,76000.0,6381,0.0,0.0
2024-06-12 10:00:00+09:00,75900.0,77300.0,75700.0,76000.0,5338,0.0,0.0
2024-06-12 11:00:00+09:00,76300.0,76700.0,76100.0,76500.0,2288,0.0,0.0
2024-06-12 12:00:00+09:00,76500.0,77100.0,76500.0,76900.0,3073,0.0,0.0
2024-06-12 13:00:00+09:00,76800.0,77300.0,76600.0,76600.0,3523,0.0,0.0
2024-06-12 14:00:00+09:00,76600.0,76900.0,76400.0,76500.0,4579,0.0,0.0
2024-06-13 09:00:00+09:00,77100.0,78300.0,76200.0,76600.0,5351,0.0,0.0
2024-06-13 10:00:00+09:00,76500.0,77300.0,76000.0,76100.0,3912,0.0,0.0
2024-06-13 11:00:00+09:00,76100.0,76300.0,75800.0,75900.0,2535,0.0,0.0
2024-06-13 12:00:00+09:00,75900.0,76200.0,75400.0,75800.0,5180,0.0,0.0
2024-06-13 13:00:00+09:00,75800.0,77300.0,75400.0,77000.0,4497,0.0,0.0
2024-06-13 14:00:00+09:00,77000.0,77300.0,76400.0,76900.0,4459,0.0,0.0
2024-06-14 09:00:00+09:00,77700.0,78000.0,76600.0,77100.0,2866,0.0,0.0
2024-06-14 10:00:00+09:00,77200.0,77400.0,76500.0,76700.0,1864,0.0,0.0
2024-06-14 11:00:00+09:00,76500.0,76800.0,75600.0,75800.0,1739,0.0,0.0
2024-06-14 12:00:00+09:00,75800.0,76300.0,75700.0,76000.0,1391,0.0,0.0
2024-06-14 13:00:00+09:00,75700.0,77100.0,75600.0,76500.0,1520,0.0,0.0
2024-06-14 14:00:00+09:00,76300.0,77200.0,76300.0,76900.0,3107,0.0,0.0
2024-06-17 09:00:00+09:00,77100.0,77200.0,75900.0,75900.0,0,0.0,0.0
2024-06-17 10:00:00+09:00,76000.0,76200.0,75500.0,75500.0,2111,0.0,0.0
2024-06-17 11:00:00+09:00,75500.0,76400.0,75500.0,76000.0,2249,0.0,0.0
2024-06-17 12:00:00+09:00,76100.0,76700.0,75900.0,76400.0,2167,0.0,0.0
2024-06-17 13:00:00+09:00,76400.0,77100.0,76300.0,76700.0,2805,0.0,0.0
2024-06-17 14:00:00+09:00,76900.0,77000.0,76300.0,76600.0,1838,0.0,0.0
2024-06-18 09:00:00+09:00,76800.0,76900.0,75100.0,75200.0,5247,0.0,0.0
2024-06-18 10:00:00+09:00,75200.0,75300.0,74400.0,74800.0,5488,0.0,0.0
2024-06-18 11:00:00+09:00,74800.0,75000.0,74400.0,74800.0,3151,0.0,0.0
2024-06-18 12:00:00+09:00,74700.0,75200.0,74500.0,74500.0,1780,0.0,0.0
2024-06-18 13:00:00+09:00,74500.0,74800.0,74500.0,74500.0,2188,0.0,0.0
2024-06-18 14:00:00+09:00,74500.0,74700.0,74400.0,74400.0,2600,0.0,0.0
2024-06-19 09:00:00+09:00,74200.0,75400.0,74200.0,75400.0,6581,0.0,0.0
2024-06-19 10:00:00+09:00,75400.0,75600.0,74700.0,74700.0,2801,0.0,0.0
2024-06-19 11:00:00+09:00,74700.0,74800.0,74300.0,74600.0,2325,0.0,0.0
2024-06-19 12:00:00+09:00,74400.0,74600.0,74200.0,74200.0,1165,0.0,0.0
2024-06-19 13:00:00+09:00,74300.0,74500.0,74200.0,74200.0,1353,0.0,0.0
2024-06-19 14:00:00+09:00,74200.0,74500.0,74100.0,74100.0,2197,0.0,0.0
2024-06-20 09:00:00+09:00,74700.0,79400.0,74700.0,78700.0,13153,0.0,0.0
2024-06-20 10:00:00+09:00,78500.0,80200.0,78400.0,79700.0,14568,0.0,0.0
2024-06-20 11:00:00+09:00,79700.0,84400.0,79700.0,82200.0,25905,0.0,0.0
2024-06-20 12:00:00+09:00,82500.0,83300.0,81200.0,81700.0,8168,0.0,0.0
2024-06-20 13:00:00+09:00,81800.0,82000.0,80200.0,80400.0,10046,0.0,0.0
2024-06-20 14:00:00+09:00,80400.0,80700.0,78300.0,78400.0,13287,0.0,0.0
2024-06-21 09:00:00+09:00,79300.0,79800.0,77200.0,78100.0,8154,0.0,0.0
2024-06-21 10:00:00+09:00,78100.0,78300.0,77800.0,77800.0,1925,0.0,0.0
2024-06-21 11:00:00+09:00,77900.0,78300.0,77800.0,78100.0,1139,0.0,0.0
2024-06-21 12:00:00+09:00,78000.0,78300.0,77900.0,78000.0,824,0.0,0.0
2024-06-21 13:00:00+09:00,78000.0,78300.0,77500.0,77600.0,3062,0.0,0.0
2024-06-21 14:00:00+09:00,77700.0,78700.0,77500.0,78300.0,4560,0.0,0.0
2024-06-24 09:00:00+09:00,76600.0,78200.0,76600.0,77700.0,0,0.0,0.0
2024-06-24 10:00:00+09:00,77700.0,77800.0,76800.0,77200.0,3830,0.0,0.0
2024-06-24 11:00:00+09:00,77300.0,77600.0,77200.0,77400.0,262,0.0,0.0
2024-06-24 12:00:00+09:00,77400.0,78700.0,77400.0,78500.0,804,0.0,0.0
2024-06-24 13:00:00+09:00,78500.0,79300.0,78000.0,78200.0,4038,0.0,0.0
2024-06-24 14:00:00+09:00,78300.0,79500.0,78000.0,78700.0,3251,0.0,0.0
2024-06-25 09:00:00+09:00,79600.0,83000.0,79600.0,82900.0,13593,0.0,0.0
2024-06-25 10:00:00+09:00,82800.0,83600.0,82200.0,83200.0,7271,0.0,0.0
2024-06-25 11:00:00+09:00,83200.0,84100.0,83000.0,83300.0,5046,0.0,0.0
2024-06-25 12:00:00+09:00,83300.0,84200.0,83200.0,83700.0,4414,0.0,0.0
2024-06-25 13:00:00+09:00,83600.0,83700.0,83100.0,83400.0,2948,0.0,0.0
2024-06-25 14:00:00+09:00,83300.0,83900.0,83100.0,83600.0,4742,0.0,0.0
2024-06-26 09:00:00+09:00,82300.0,84000.0,82300.0,83500.0,5010,0.0,0.0
2024-06-26 10:00:00+09:00,83500.0,84200.0,83300.0,83500.0,1694,0.0,0.0
2024-06-26 11:00:00+09:00,83600.0,83600.0,83000.0,83100.0,1911,0.0,0.0
2024-06-26 12:00:00+09:00,83100.0,83300.0,82800.0,83200.0,1117,0.0,0.0
2024-06-26 13:00:00+09:00,83200.0,84000.0,83200.0,83300.0,3763,0.0,0.0
2024-06-26 14:00:00+09:00,83300.0,83600.0,83000.0,83000.0,4656,0.0,0.0
2024-06-27 09:00:00+09:00,83600.0,83900.0,82900.0,83900.0,2105,0.0,0.0
2024-06-27 10:00:00+09:00,83800.0,86400.0,83800.0,86100.0,15347,0.0,0.0
2024-06-27 11:00:00+09:00,86100.0,86100.0,85100.0,85200.0,1304,0.0,0.0
2024-06-27 12:00:00+09:00,85200.0,85500.0,85100.0,85400.0,628,0.0,0.0
2024-06-27 13:00:00+09:00,85300.0,85500.0,83600.0,83800.0,4239,0.0,0.0
2024-06-27 14:00:00+09:00,83900.0,84700.0,83700.0,84700.0,2919,0.0,0.0
2024-06-28 09:00:00+09:00,85000.0,85000.0,83400.0,84000.0,2693,0.0,0.0
2024-06-28 10:00:00+09:00,84200.0,84400.0,83800.0,84100.0,911,0.0,0.0
2024-06-28 11:00:00+09:00,84200.0,84200.0,83400.0,83600.0,1458,0.0,0.0
2024-06-28 12:00:00+09:00,83700.0,83900.0,83500.0,83600.0,745,0.0,0.0
2024-06-28 13:00:00+09:00,83800.0,84200.0,83600.0,84100.0,742,0.0,0.0
2024-06-28 14:00:00+09:00,84100.0,84200.0,83100.0,83800.0,4942,0.0,0.0
2024-07-01 09:00:00+09:00,83300.0,83300.0,80600.0,82100.0,0,0.0,0.0
2024-07-01 10:00:00+09:00,82200.0,82200.0,80900.0,81000.0,1222,0.0,0.0
2024-07-01 11:00:00+09:00,81100.0,81100.0,80500.0,80500.0,2184,0.0,0.0
2024-07-01 12:00:00+09:00,80500.0,80700.0,80100.0,80200.0,4012,0.0,0.0
2024-07-01 13:00:00+09:00,80100.0,80400.0,79900.0,80000.0,3219,0.0,0.0
2024-07-01 14:00:00+09:00,80100.0,80200.0,79900.0,80000.0,2637,0.0,0.0
2024-07-02 09:00:00+09:00,80000.0,80200.0,77600.0,78400.0,6954,0.0,0.0
2024-07-02 10:00:00+09:00,78500.0,78800.0,77700.0,78000.0,4909,0.0,0.0
2024-07-02 11:00:00+09:00,78000.0,78600.0,77600.0,78000.0,3249,0.0,0.0
2024-07-02 12:00:00+09:00,78000.0,78100.0,77500.0,77500.0,2162,0.0,0.0
2024-07-02 13:00:00+09:00,77700.0,78000.0,77500.0,77700.0,2071,0.0,0.0
2024-07-02 14:00:00+09:00,77700.0,77700.0,77300.0,77300.0,2186,0.0,0.0
2024-07-03 09:00:00+09:00,77700.0,78700.0,76800.0,77000.0,3752,0.0,0.0
2024-07-03 10:00:00+09:00,77000.0,77100.0,76800.0,77000.0,1454,0.0,0.0
2024-07-03 11:00:00+09:00,76900.0,77200.0,76100.0,76200.0,3314,0.0,0.0
2024-07-03 12:00:00+09:00,76300.0,76800.0,76000.0,76200.0,2622,0.0,0.0
2024-07-03 13:00:00+09:00,76200.0,76700.0,75600.0,75900.0,6046,0.0,0.0
2024-07-03 14:00:00+09:00,75900.0,77000.0,75600.0,76700.0,1675,0.0,0.0
2024-07-04 09:00:00+09:00,75800.0,76400.0,75200.0,76000.0,4017,0.0,0.0
2024-07-04 10:00:00+09:00,75900.0,76400.0,75600.0,76200.0,1624,0.0,0.0
2024-07-04 11:00:00+09:00,76100.0,77400.0,76100.0,76500.0,719,0.0,0.0
2024-07-04 12:00:00+09:00,76600.0,76700.0,76000.0,76300.0,754,0.0,0.0
2024-07-04 13:00:00+09:00,76300.0,76500.0,76200.0,76400.0,1144,0.0,0.0
2024-07-04 14:00:00+09:00,76400.0,77100.0,76300.0,76600.0,1873,0.0,0.0
2024-07-05 09:00:00+09:00,76200.0,77800.0,76200.0,77800.0,3063,0.0,0.0
2024-07-05 10:00:00+09:00,77800.0,77800.0,75700.0,76200.0,4269,0.0,0.0
2024-07-05 11:00:00+09:00,76200.0,76700.0,76000.0,76300.0,1228,0.0,0.0
2024-07-05 12:00:00+09:00,76400.0,77800.0,76200.0,77200.0,1390,0.0,0.0
2024-07-05 13:00:00+09:00,77100.0,77900.0,77100.0,77400.0,1512,0.0,0.0
2024-07-05 14:00:00+09:00,77500.0,77500.0,77000.0,77100.0,1432,0.0,0.0
