Datetime,Open,High,Low,Close,Volume,Dividends,Stock Splits
2025-04-28 09:00:00+09:00,142400.0,142500.0,141800.0,142000.0,0,0.0,0.0
2025-04-28 09:01:00+09:00,142100.0,142500.0,141900.0,142000.0,1484,0.0,0.0
2025-04-28 09:02:00+09:00,142100.0,142200.0,141000.0,141800.0,2166,0.0,0.0
2025-04-28 09:03:00+09:00,141800.0,141800.0,141300.0,141600.0,733,0.0,0.0
2025-04-28 09:04:00+09:00,141500.0,142200.0,141000.0,141600.0,1836,0.0,0.0
2025-04-28 09:05:00+09:00,142100.0,142100.0,141900.0,141900.0,280,0.0,0.0
2025-04-28 09:06:00+09:00,142000.0,142000.0,141600.0,141700.0,768,0.0,0.0
2025-04-28 09:07:00+09:00,141700.0,142000.0,141500.0,141700.0,1314,0.0,0.0
2025-04-28 09:08:00+09:00,141600.0,141700.0,141500.0,141500.0,668,0.0,0.0
2025-04-28 09:09:00+09:00,141500.0,141500.0,141300.0,141400.0,1117,0.0,0.0
2025-04-28 09:10:00+09:00,141400.0,141500.0,141200.0,141400.0,1093,0.0,0.0
2025-04-28 09:11:00+09:00,141400.0,141400.0,140800.0,141000.0,2162,0.0,0.0
2025-04-28 09:12:00+09:00,141000.0,141200.0,141000.0,141100.0,300,0.0,0.0
2025-04-28 09:13:00+09:00,141100.0,141100.0,140800.0,141000.0,1962,0.0,0.0
2025-04-28 09:14:00+09:00,141000.0,141000.0,140700.0,140800.0,1727,0.0,0.0
2025-04-28 09:15:00+09:00,140800.0,140800.0,140500.0,140600.0,1337,0.0,0.0
2025-04-28 09:16:00+09:00,140600.0,140600.0,140400.0,140500.0,844,0.0,0.0
2025-04-28 09:17:00+09:00,140500.0,140700.0,140400.0,140500.0,886,0.0,0.0
2025-04-28 09:18:00+09:00,140500.0,140700.0,140400.0,140600.0,1231,0.0,0.0
2025-04-28 09:19:00+09:00,140600.0,141200.0,140500.0,141200.0,1231,0.0,0.0
2025-04-28 09:20:00+09:00,141200.0,141200.0,140600.0,141000.0,173,0.0,0.0
2025-04-28 09:21:00+09:00,141000.0,141000.0,140600.0,140700.0,514,0.0,0.0
2025-04-28 09:22:00+09:00,140800.0,140800.0,140400.0,140400.0,916,0.0,0.0
2025-04-28 09:23:00+09:00,140400.0,140400.0,140200.0,140300.0,1006,0.0,0.0
2025-04-28 09:24:00+09:00,140300.0,140600.0,140200.0,140600.0,464,0.0,0.0
2025-04-28 09:25:00+09:00,140400.0,140600.0,140300.0,140300.0,584,0.0,0.0
2025-04-28 09:26:00+09:00,140300.0,140400.0,140200.0,140200.0,925,0.0,0.0
2025-04-28 09:27:00+09:00,140300.0,140300.0,140200.0,140200.0,271,0.0,0.0
2025-04-28 09:28:00+09:00,140200.0,140200.0,139900.0,140000.0,2373,0.0,0.0
2025-04-28 09:29:00+09:00,140000.0,140300.0,139900.0,140000.0,523,0.0,0.0
2025-04-28 09:30:00+09:00,140100.0,140400.0,139900.0,140100.0,1212,0.0,0.0
2025-04-28 09:31:00+09:00,140000.0,140200.0,140000.0,140100.0,417,0.0,0.0
2025-04-28 09:32:00+09:00,140000.0,140500.0,139900.0,140200.0,2743,0.0,0.0
2025-04-28 09:33:00+09:00,140200.0,140500.0,140100.0,140200.0,238,0.0,0.0
2025-04-28 09:34:00+09:00,140200.0,140300.0,139900.0,140300.0,1035,0.0,0.0
2025-04-28 09:35:00+09:00,140100.0,140100.0,139900.0,140000.0,537,0.0,0.0
2025-04-28 09:36:00+09:00,140000.0,140000.0,139800.0,139800.0,847,0.0,0.0
2025-04-28 09:37:00+09:00,139800.0,139800.0,139500.0,139600.0,2730,0.0,0.0
2025-04-28 09:38:00+09:00,139600.0,139700.0,139300.0,139300.0,827,0.0,0.0
2025-04-28 09:39:00+09:00,139300.0,139300.0,139000.0,139000.0,1898,0.0,0.0
2025-04-28 09:40:00+09:00,139100.0,139100.0,138800.0,139000.0,3315,0.0,0.0
2025-04-28 09:41:00+09:00,138900.0,139000.0,138800.0,138900.0,683,0.0,0.0
2025-04-28 09:42:00+09:00,138900.0,138900.0,138800.0,138800.0,170,0.0,0.0
2025-04-28 09:43:00+09:00,138800.0,138900.0,138700.0,138900.0,696,0.0,0.0
2025-04-28 09:44:00+09:00,138900.0,138900.0,138500.0,138500.0,1690,0.0,0.0
2025-04-28 09:45:00+09:00,138500.0,138600.0,138300.0,138400.0,798,0.0,0.0
2025-04-28 09:46:00+09:00,138450.0,138450.0,138300.0,138300.0,293,0.0,0.0
2025-04-28 09:47:00+09:00,138400.0,138400.0,138200.0,138300.0,783,0.0,0.0
2025-04-28 09:48:00+09:00,138300.0,138700.0,138200.0,138700.0,1434,0.0,0.0
2025-04-28 09:49:00+09:00,138800.0,139100.0,138600.0,139100.0,1054,0.0,0.0
2025-04-28 09:50:00+09:00,139100.0,139600.0,139000.0,139600.0,292,0.0,0.0
2025-04-28 09:51:00+09:00,139600.0,139900.0,139600.0,139800.0,894,0.0,0.0
2025-04-28 09:52:00+09:00,139800.0,140600.0,139700.0,140500.0,2008,0.0,0.0
2025-04-28 09:53:00+09:00,140400.0,140700.0,140200.0,140200.0,579,0.0,0.0
2025-04-28 09:54:00+09:00,140100.0,140200.0,140000.0,140000.0,163,0.0,0.0
2025-04-28 09:55:00+09:00,140000.0,140000.0,139700.0,139800.0,570,0.0,0.0
2025-04-28 09:56:00+09:00,139900.0,140000.0,139700.0,139800.0,155,0.0,0.0
2025-04-28 09:57:00+09:00,139800.0,139800.0,139400.0,139500.0,689,0.0,0.0
2025-04-28 09:58:00+09:00,139500.0,139600.0,139500.0,139500.0,363,0.0,0.0
2025-04-28 09:59:00+09:00,139500.0,139700.0,139400.0,139600.0,263,0.0,0.0
2025-04-28 10:00:00+09:00,139700.0,139900.0,139600.0,139900.0,164,0.0,0.0
2025-04-28 10:01:00+09:00,139800.0,140100.0,139800.0,140100.0,176,0.0,0.0
2025-04-28 10:02:00+09:00,140000.0,140200.0,140000.0,140200.0,151,0.0,0.0
2025-04-28 10:03:00+09:00,140200.0,140200.0,140100.0,140100.0,196,0.0,0.0
2025-04-28 10:04:00+09:00,140100.0,140200.0,140100.0,140200.0,228,0.0,0.0
2025-04-28 10:05:00+09:00,140100.0,140200.0,140100.0,140100.0,127,0.0,0.0
2025-04-28 10:06:00+09:00,140100.0,140100.0,140000.0,140000.0,412,0.0,0.0
2025-04-28 10:07:00+09:00,140000.0,140100.0,140000.0,140000.0,84,0.0,0.0
2025-04-28 10:08:00+09:00,140100.0,140300.0,140100.0,140100.0,208,0.0,0.0
2025-04-28 10:09:00+09:00,140100.0,140600.0,140100.0,140500.0,297,0.0,0.0
2025-04-28 10:10:00+09:00,140600.0,140600.0,140300.0,140400.0,252,0.0,0.0
2025-04-28 10:11:00+09:00,140400.0,140700.0,140300.0,140600.0,684,0.0,0.0
2025-04-28 10:12:00+09:00,140700.0,141300.0,140700.0,141100.0,1276,0.0,0.0
2025-04-28 10:13:00+09:00,141100.0,141100.0,140800.0,141000.0,580,0.0,0.0
2025-04-28 10:14:00+09:00,140800.0,141100.0,140800.0,141000.0,276,0.0,0.0
2025-04-28 10:15:00+09:00,141000.0,141300.0,140900.0,141100.0,441,0.0,0.0
2025-04-28 10:16:00+09:00,141000.0,141200.0,141000.0,141100.0,1247,0.0,0.0
2025-04-28 10:17:00+09:00,141000.0,141100.0,140900.0,140900.0,572,0.0,0.0
2025-04-28 10:18:00+09:00,140900.0,140900.0,140700.0,140700.0,417,0.0,0.0
2025-04-28 10:19:00+09:00,140650.0,140800.0,140200.0,140300.0,165,0.0,0.0
2025-04-28 10:20:00+09:00,140200.0,140300.0,140000.0,140100.0,375,0.0,0.0
2025-04-28 10:21:00+09:00,140100.0,140300.0,140100.0,140300.0,275,0.0,0.0
2025-04-28 10:22:00+09:00,140300.0,140300.0,140200.0,140200.0,176,0.0,0.0
2025-04-28 10:23:00+09:00,140200.0,140400.0,140200.0,140300.0,91,0.0,0.0
2025-04-28 10:24:00+09:00,140200.0,140300.0,140100.0,140100.0,550,0.0,0.0
2025-04-28 10:25:00+09:00,140300.0,140300.0,139900.0,139900.0,83,0.0,0.0
2025-04-28 10:26:00+09:00,139900.0,140100.0,139900.0,140100.0,145,0.0,0.0
2025-04-28 10:27:00+09:00,140100.0,140100.0,139800.0,139900.0,168,0.0,0.0
2025-04-28 10:28:00+09:00,139800.0,139900.0,139600.0,139700.0,419,0.0,0.0
2025-04-28 10:29:00+09:00,139700.0,139800.0,139700.0,139800.0,140,0.0,0.0
2025-04-28 10:30:00+09:00,139800.0,139900.0,139700.0,139900.0,206,0.0,0.0
2025-04-28 10:31:00+09:00,139900.0,140000.0,139700.0,139800.0,229,0.0,0.0
2025-04-28 10:32:00+09:00,139700.0,139800.0,139700.0,139700.0,144,0.0,0.0
2025-04-28 10:33:00+09:00,139700.0,139700.0,139600.0,139700.0,192,0.0,0.0
2025-04-28 10:34:00+09:00,139600.0,139700.0,139600.0,139700.0,203,0.0,0.0
2025-04-28 10:35:00+09:00,139700.0,139800.0,139600.0,139700.0,99,0.0,0.0
2025-04-28 10:36:00+09:00,139700.0,139800.0,139700.0,139700.0,86,0.0,0.0
2025-04-28 10:37:00+09:00,139800.0,139800.0,139500.0,139500.0,400,0.0,0.0
2025-04-28 10:38:00+09:00,139500.0,139700.0,139400.0,139600.0,617,0.0,0.0
2025-04-28 10:39:00+09:00,139600.0,139700.0,139600.0,139600.0,34,0.0,0.0
2025-04-28 10:40:00+09:00,139700.0,139700.0,139600.0,139600.0,78,0.0,0.0
2025-04-28 10:41:00+09:00,139600.0,139700.0,139600.0,139600.0,78,0.0,0.0
2025-04-28 10:42:00+09:00,139600.0,139600.0,139500.0,139600.0,44,0.0,0.0
2025-04-28 10:43:00+09:00,139600.0,139700.0,139500.0,139500.0,535,0.0,0.0
2025-04-28 10:44:00+09:00,139500.0,139500.0,139400.0,139500.0,473,0.0,0.0
2025-04-28 10:45:00+09:00,139600.0,139600.0,139500.0,139500.0,549,0.0,0.0
2025-04-28 10:46:00+09:00,139600.0,139700.0,139500.0,139700.0,47,0.0,0.0
2025-04-28 10:47:00+09:00,139700.0,139700.0,139500.0,139600.0,214,0.0,0.0
2025-04-28 10:48:00+09:00,139600.0,139900.0,139500.0,139700.0,299,0.0,0.0
2025-04-28 10:49:00+09:00,139800.0,139800.0,139500.0,139500.0,236,0.0,0.0
2025-04-28 10:50:00+09:00,139500.0,139700.0,139500.0,139600.0,194,0.0,0.0
2025-04-28 10:51:00+09:00,139600.0,139600.0,139600.0,139600.0,43,0.0,0.0
2025-04-28 10:52:00+09:00,139600.0,139900.0,139600.0,139900.0,155,0.0,0.0
2025-04-28 10:53:00+09:00,139900.0,140000.0,139700.0,139900.0,227,0.0,0.0
2025-04-28 10:54:00+09:00,139900.0,140000.0,139800.0,140000.0,54,0.0,0.0
2025-04-28 10:55:00+09:00,139900.0,140100.0,139700.0,140000.0,268,0.0,0.0
2025-04-28 10:56:00+09:00,140100.0,140300.0,139900.0,140000.0,439,0.0,0.0
2025-04-28 10:57:00+09:00,140000.0,140100.0,140000.0,140100.0,111,0.0,0.0
2025-04-28 10:58:00+09:00,140200.0,140300.0,140100.0,140300.0,156,0.0,0.0
2025-04-28 10:59:00+09:00,140100.0,140200.0,139800.0,139900.0,539,0.0,0.0
2025-04-28 11:00:00+09:00,139900.0,139900.0,139800.0,139900.0,56,0.0,0.0
2025-04-28 11:01:00+09:00,139800.0,139900.0,139700.0,139800.0,384,0.0,0.0
2025-04-28 11:02:00+09:00,139800.0,139900.0,139700.0,139700.0,68,0.0,0.0
2025-04-28 11:03:00+09:00,139700.0,139800.0,139700.0,139700.0,56,0.0,0.0
2025-04-28 11:04:00+09:00,139700.0,140000.0,139700.0,139800.0,442,0.0,0.0
2025-04-28 11:05:00+09:00,139900.0,139900.0,139600.0,139700.0,49,0.0,0.0
2025-04-28 11:06:00+09:00,139600.0,139800.0,139600.0,139700.0,713,0.0,0.0
2025-04-28 11:07:00+09:00,139700.0,140000.0,139700.0,140000.0,83,0.0,0.0
2025-04-28 11:08:00+09:00,139900.0,140000.0,139900.0,139900.0,49,0.0,0.0
2025-04-28 11:09:00+09:00,139900.0,140300.0,139900.0,140200.0,103,0.0,0.0
2025-04-28 11:10:00+09:00,140200.0,140300.0,139900.0,139900.0,208,0.0,0.0
2025-04-28 11:11:00+09:00,140000.0,140300.0,140000.0,140200.0,168,0.0,0.0
2025-04-28 11:12:00+09:00,140200.0,140400.0,140200.0,140200.0,88,0.0,0.0
2025-04-28 11:13:00+09:00,140200.0,140300.0,140100.0,140200.0,110,0.0,0.0
2025-04-28 11:14:00+09:00,140300.0,140700.0,140300.0,140700.0,245,0.0,0.0
2025-04-28 11:15:00+09:00,140600.0,140700.0,140600.0,140600.0,91,0.0,0.0
2025-04-28 11:16:00+09:00,140700.0,140700.0,140600.0,140700.0,372,0.0,0.0
2025-04-28 11:17:00+09:00,140700.0,140800.0,140600.0,140600.0,283,0.0,0.0
2025-04-28 11:18:00+09:00,140600.0,140700.0,140500.0,140500.0,173,0.0,0.0
2025-04-28 11:19:00+09:00,140600.0,140600.0,140500.0,140600.0,191,0.0,0.0
2025-04-28 11:20:00+09:00,140500.0,140700.0,140500.0,140500.0,68,0.0,0.0
2025-04-28 11:21:00+09:00,140500.0,140800.0,140500.0,140800.0,354,0.0,0.0
2025-04-28 11:22:00+09:00,140700.0,140800.0,140700.0,140700.0,92,0.0,0.0
2025-04-28 11:23:00+09:00,140600.0,140600.0,140600.0,140600.0,42,0.0,0.0
2025-04-28 11:24:00+09:00,140700.0,140700.0,140500.0,140500.0,178,0.0,0.0
2025-04-28 11:25:00+09:00,140500.0,140600.0,140500.0,140600.0,69,0.0,0.0
2025-04-28 11:26:00+09:00,140600.0,140600.0,140500.0,140500.0,59,0.0,0.0
2025-04-28 11:27:00+09:00,140500.0,140600.0,140500.0,140600.0,93,0.0,0.0
2025-04-28 11:28:00+09:00,140600.0,140700.0,140500.0,140500.0,88,0.0,0.0
2025-04-28 11:29:00+09:00,140500.0,140700.0,140500.0,140700.0,375,0.0,0.0
2025-04-28 11:30:00+09:00,140600.0,140800.0,140600.0,140600.0,107,0.0,0.0
2025-04-28 11:31:00+09:00,140600.0,140700.0,140600.0,140700.0,225,0.0,0.0
2025-04-28 11:32:00+09:00,140800.0,140900.0,140800.0,140800.0,167,0.0,0.0
2025-04-28 11:33:00+09:00,140900.0,140900.0,140700.0,140800.0,127,0.0,0.0
2025-04-28 11:34:00+09:00,140900.0,141200.0,140800.0,141100.0,591,0.0,0.0
2025-04-28 11:35:00+09:00,141100.0,141200.0,141000.0,141100.0,226,0.0,0.0
2025-04-28 11:36:00+09:00,141000.0,141100.0,141000.0,141100.0,42,0.0,0.0
2025-04-28 11:37:00+09:00,141000.0,141200.0,141000.0,141200.0,496,0.0,0.0
2025-04-28 11:38:00+09:00,141200.0,141200.0,140500.0,140900.0,350,0.0,0.0
2025-04-28 11:39:00+09:00,141000.0,141000.0,141000.0,141000.0,18,0.0,0.0
2025-04-28 11:40:00+09:00,141000.0,141100.0,141000.0,141100.0,249,0.0,0.0
2025-04-28 11:41:00+09:00,141000.0,141000.0,140900.0,140900.0,358,0.0,0.0
2025-04-28 11:42:00+09:00,140900.0,140900.0,140900.0,140900.0,0,0.0,0.0
2025-04-28 11:43:00+09:00,140800.0,140900.0,140800.0,140800.0,47,0.0,0.0
2025-04-28 11:44:00+09:00,140800.0,141000.0,140700.0,140900.0,89,0.0,0.0
2025-04-28 11:45:00+09:00,141000.0,141300.0,140900.0,141300.0,400,0.0,0.0
2025-04-28 11:46:00+09:00,141000.0,141100.0,141000.0,141100.0,61,0.0,0.0
2025-04-28 11:47:00+09:00,141100.0,141100.0,141000.0,141000.0,160,0.0,0.0
2025-04-28 11:48:00+09:00,141100.0,141200.0,141000.0,141000.0,127,0.0,0.0
2025-04-28 11:49:00+09:00,141000.0,141100.0,141000.0,141000.0,0,0.0,0.0
2025-04-28 11:50:00+09:00,140900.0,140900.0,140900.0,140900.0,40,0.0,0.0
2025-04-28 11:51:00+09:00,140900.0,140900.0,140900.0,140900.0,36,0.0,0.0
2025-04-28 11:52:00+09:00,140800.0,140800.0,140600.0,140600.0,52,0.0,0.0
2025-04-28 11:53:00+09:00,140500.0,140600.0,140500.0,140600.0,135,0.0,0.0
2025-04-28 11:54:00+09:00,140600.0,140800.0,140600.0,140800.0,100,0.0,0.0
2025-04-28 11:56:00+09:00,140800.0,140800.0,140600.0,140600.0,198,0.0,0.0
2025-04-28 11:57:00+09:00,140600.0,140600.0,140500.0,140500.0,265,0.0,0.0
2025-04-28 11:58:00+09:00,140500.0,140600.0,140500.0,140500.0,69,0.0,0.0
2025-04-28 11:59:00+09:00,140500.0,140500.0,140400.0,140500.0,89,0.0,0.0
2025-04-28 12:00:00+09:00,140500.0,140500.0,140400.0,140400.0,167,0.0,0.0
2025-04-28 12:01:00+09:00,140500.0,140500.0,140400.0,140500.0,31,0.0,0.0
2025-04-28 12:02:00+09:00,140500.0,140500.0,140500.0,140500.0,0,0.0,0.0
2025-04-28 12:03:00+09:00,140400.0,140500.0,140300.0,140300.0,390,0.0,0.0
2025-04-28 12:04:00+09:00,140300.0,140400.0,140300.0,140400.0,59,0.0,0.0
2025-04-28 12:05:00+09:00,140400.0,140500.0,140400.0,140500.0,49,0.0,0.0
2025-04-28 12:06:00+09:00,140500.0,140500.0,140300.0,140400.0,37,0.0,0.0
2025-04-28 12:07:00+09:00,140400.0,140500.0,140300.0,140400.0,34,0.0,0.0
2025-04-28 12:08:00+09:00,140400.0,140400.0,140400.0,140400.0,18,0.0,0.0
2025-04-28 12:09:00+09:00,140300.0,140300.0,140200.0,140200.0,98,0.0,0.0
2025-04-28 12:10:00+09:00,140200.0,140300.0,140200.0,140300.0,33,0.0,0.0
2025-04-28 12:11:00+09:00,140200.0,140300.0,140200.0,140300.0,39,0.0,0.0
2025-04-28 12:12:00+09:00,140300.0,140300.0,140200.0,140200.0,59,0.0,0.0
2025-04-28 12:13:00+09:00,140200.0,140200.0,140200.0,140200.0,55,0.0,0.0
2025-04-28 12:14:00+09:00,140200.0,140300.0,140200.0,140200.0,52,0.0,0.0
2025-04-28 12:15:00+09:00,140200.0,140300.0,140200.0,140200.0,52,0.0,0.0
2025-04-28 12:16:00+09:00,140300.0,140300.0,140200.0,140300.0,121,0.0,0.0
2025-04-28 12:17:00+09:00,140300.0,140300.0,140100.0,140200.0,223,0.0,0.0
2025-04-28 12:18:00+09:00,140100.0,140100.0,140100.0,140100.0,155,0.0,0.0
2025-04-28 12:19:00+09:00,140100.0,140100.0,140000.0,140100.0,154,0.0,0.0
2025-04-28 12:20:00+09:00,140000.0,140000.0,139900.0,140000.0,281,0.0,0.0
2025-04-28 12:21:00+09:00,139900.0,139900.0,139900.0,139900.0,77,0.0,0.0
2025-04-28 12:22:00+09:00,140000.0,140000.0,139900.0,139900.0,31,0.0,0.0
2025-04-28 12:23:00+09:00,139900.0,140000.0,139900.0,140000.0,92,0.0,0.0
2025-04-28 12:24:00+09:00,140000.0,140000.0,139900.0,139900.0,359,0.0,0.0
2025-04-28 12:25:00+09:00,140000.0,140100.0,140000.0,140000.0,75,0.0,0.0
2025-04-28 12:26:00+09:00,140000.0,140000.0,139900.0,139900.0,161,0.0,0.0
2025-04-28 12:27:00+09:00,140000.0,140100.0,140000.0,140000.0,87,0.0,0.0
2025-04-28 12:28:00+09:00,140100.0,140100.0,140000.0,140100.0,31,0.0,0.0
2025-04-28 12:29:00+09:00,140100.0,140200.0,140100.0,140200.0,169,0.0,0.0
2025-04-28 12:30:00+09:00,140200.0,140200.0,140100.0,140200.0,46,0.0,0.0
2025-04-28 12:31:00+09:00,140100.0,140100.0,140100.0,140100.0,73,0.0,0.0
2025-04-28 12:32:00+09:00,140100.0,140200.0,140100.0,140200.0,12,0.0,0.0
2025-04-28 12:33:00+09:00,140200.0,140200.0,140100.0,140100.0,43,0.0,0.0
2025-04-28 12:34:00+09:00,140100.0,140200.0,140000.0,140000.0,154,0.0,0.0
2025-04-28 12:35:00+09:00,140000.0,140100.0,140000.0,140100.0,33,0.0,0.0
2025-04-28 12:36:00+09:00,140000.0,140000.0,140000.0,140000.0,56,0.0,0.0
2025-04-28 12:37:00+09:00,140000.0,140000.0,140000.0,140000.0,19,0.0,0.0
2025-04-28 12:38:00+09:00,140000.0,140000.0,139900.0,139900.0,347,0.0,0.0
2025-04-28 12:39:00+09:00,140000.0,140000.0,139700.0,139900.0,1092,0.0,0.0
2025-04-28 12:40:00+09:00,139800.0,139800.0,139700.0,139800.0,438,0.0,0.0
2025-04-28 12:41:00+09:00,139700.0,139800.0,139700.0,139700.0,29,0.0,0.0
2025-04-28 12:42:00+09:00,139700.0,139800.0,139700.0,139700.0,42,0.0,0.0
2025-04-28 12:43:00+09:00,139800.0,139800.0,139700.0,139800.0,289,0.0,0.0
2025-04-28 12:44:00+09:00,139800.0,139800.0,139700.0,139700.0,150,0.0,0.0
2025-04-28 12:45:00+09:00,139700.0,139800.0,139600.0,139700.0,235,0.0,0.0
2025-04-28 12:46:00+09:00,139700.0,139700.0,139600.0,139700.0,109,0.0,0.0
2025-04-28 12:47:00+09:00,139700.0,139700.0,139600.0,139700.0,46,0.0,0.0
2025-04-28 12:48:00+09:00,139600.0,139700.0,139600.0,139700.0,43,0.0,0.0
2025-04-28 12:49:00+09:00,139600.0,139600.0,139400.0,139400.0,1271,0.0,0.0
2025-04-28 12:50:00+09:00,139400.0,139400.0,139300.0,139300.0,478,0.0,0.0
2025-04-28 12:51:00+09:00,139400.0,139400.0,139300.0,139300.0,249,0.0,0.0
2025-04-28 12:52:00+09:00,139400.0,139600.0,139300.0,139600.0,560,0.0,0.0
2025-04-28 12:53:00+09:00,139500.0,139500.0,139400.0,139400.0,108,0.0,0.0
2025-04-28 12:54:00+09:00,139400.0,139500.0,139400.0,139500.0,77,0.0,0.0
2025-04-28 12:55:00+09:00,139400.0,139500.0,139400.0,139500.0,60,0.0,0.0
2025-04-28 12:56:00+09:00,139400.0,139500.0,139400.0,139500.0,163,0.0,0.0
2025-04-28 12:57:00+09:00,139600.0,139600.0,139400.0,139400.0,316,0.0,0.0
2025-04-28 12:58:00+09:00,139400.0,139500.0,139400.0,139500.0,80,0.0,0.0
2025-04-28 12:59:00+09:00,139400.0,139500.0,139400.0,139400.0,423,0.0,0.0
2025-04-28 13:00:00+09:00,139400.0,139500.0,139200.0,139300.0,542,0.0,0.0
2025-04-28 13:01:00+09:00,139300.0,139300.0,139100.0,139200.0,649,0.0,0.0
2025-04-28 13:02:00+09:00,139100.0,139200.0,139100.0,139200.0,835,0.0,0.0
2025-04-28 13:03:00+09:00,139100.0,139200.0,139000.0,139200.0,726,0.0,0.0
2025-04-28 13:04:00+09:00,139200.0,139300.0,139100.0,139300.0,35,0.0,0.0
2025-04-28 13:05:00+09:00,139200.0,139300.0,139200.0,139200.0,140,0.0,0.0
2025-04-28 13:06:00+09:00,139200.0,139200.0,139100.0,139200.0,133,0.0,0.0
2025-04-28 13:07:00+09:00,139200.0,139200.0,139100.0,139100.0,240,0.0,0.0
2025-04-28 13:08:00+09:00,139100.0,139200.0,139000.0,139200.0,1429,0.0,0.0
2025-04-28 13:09:00+09:00,139300.0,139300.0,139200.0,139300.0,236,0.0,0.0
2025-04-28 13:10:00+09:00,139300.0,139400.0,139200.0,139200.0,435,0.0,0.0
2025-04-28 13:11:00+09:00,139200.0,139200.0,139100.0,139200.0,60,0.0,0.0
2025-04-28 13:12:00+09:00,139100.0,139200.0,139100.0,139100.0,59,0.0,0.0
2025-04-28 13:13:00+09:00,139100.0,139200.0,139100.0,139100.0,139,0.0,0.0
2025-04-28 13:14:00+09:00,139100.0,139100.0,138900.0,138900.0,727,0.0,0.0
2025-04-28 13:15:00+09:00,139000.0,139000.0,138900.0,138900.0,172,0.0,0.0
2025-04-28 13:16:00+09:00,139000.0,139100.0,139000.0,139100.0,570,0.0,0.0
2025-04-28 13:17:00+09:00,139100.0,139200.0,139100.0,139200.0,171,0.0,0.0
2025-04-28 13:18:00+09:00,139100.0,139100.0,139000.0,139000.0,8,0.0,0.0
2025-04-28 13:19:00+09:00,139000.0,139100.0,138800.0,138800.0,683,0.0,0.0
2025-04-28 13:20:00+09:00,138800.0,138900.0,138700.0,138700.0,301,0.0,0.0
2025-04-28 13:21:00+09:00,138700.0,138800.0,138700.0,138800.0,530,0.0,0.0
2025-04-28 13:22:00+09:00,138800.0,138800.0,138700.0,138800.0,300,0.0,0.0
2025-04-28 13:23:00+09:00,138800.0,138900.0,138800.0,138900.0,102,0.0,0.0
2025-04-28 13:24:00+09:00,138800.0,138800.0,138800.0,138800.0,2,0.0,0.0
2025-04-28 13:25:00+09:00,138800.0,139000.0,138800.0,138900.0,136,0.0,0.0
2025-04-28 13:26:00+09:00,138900.0,138900.0,138800.0,138800.0,281,0.0,0.0
2025-04-28 13:27:00+09:00,138900.0,138900.0,138800.0,138800.0,40,0.0,0.0
2025-04-28 13:28:00+09:00,138800.0,138900.0,138700.0,138800.0,594,0.0,0.0
2025-04-28 13:29:00+09:00,138800.0,138900.0,138800.0,138800.0,75,0.0,0.0
2025-04-28 13:30:00+09:00,138800.0,139100.0,138800.0,139100.0,922,0.0,0.0
2025-04-28 13:31:00+09:00,139100.0,139100.0,139000.0,139100.0,84,0.0,0.0
2025-04-28 13:32:00+09:00,139000.0,139100.0,139000.0,139100.0,146,0.0,0.0
2025-04-28 13:33:00+09:00,139100.0,139100.0,139000.0,139100.0,91,0.0,0.0
2025-04-28 13:34:00+09:00,139000.0,139000.0,138900.0,138900.0,523,0.0,0.0
2025-04-28 13:35:00+09:00,139000.0,139000.0,138900.0,138900.0,491,0.0,0.0
2025-04-28 13:36:00+09:00,138900.0,139000.0,138900.0,138900.0,220,0.0,0.0
2025-04-28 13:37:00+09:00,138900.0,139000.0,138900.0,138900.0,116,0.0,0.0
2025-04-28 13:38:00+09:00,138900.0,138900.0,138900.0,138900.0,61,0.0,0.0
2025-04-28 13:39:00+09:00,138900.0,138900.0,138900.0,138900.0,93,0.0,0.0
2025-04-28 13:40:00+09:00,138900.0,139000.0,138900.0,139000.0,213,0.0,0.0
2025-04-28 13:41:00+09:00,138900.0,139000.0,138900.0,138900.0,219,0.0,0.0
2025-04-28 13:42:00+09:00,138900.0,139000.0,138900.0,139000.0,429,0.0,0.0
2025-04-28 13:43:00+09:00,139000.0,139000.0,138900.0,138900.0,181,0.0,0.0
2025-04-28 13:44:00+09:00,138900.0,139000.0,138900.0,138900.0,65,0.0,0.0
2025-04-28 13:45:00+09:00,139000.0,139100.0,138900.0,139100.0,337,0.0,0.0
2025-04-28 13:46:00+09:00,139100.0,139200.0,139000.0,139000.0,143,0.0,0.0
2025-04-28 13:47:00+09:00,139100.0,139300.0,139100.0,139300.0,124,0.0,0.0
2025-04-28 13:48:00+09:00,139200.0,139200.0,139100.0,139200.0,107,0.0,0.0
2025-04-28 13:49:00+09:00,139200.0,139200.0,138900.0,138900.0,215,0.0,0.0
2025-04-28 13:50:00+09:00,139000.0,139100.0,138900.0,139100.0,76,0.0,0.0
2025-04-28 13:51:00+09:00,139100.0,139100.0,139100.0,139100.0,93,0.0,0.0
2025-04-28 13:52:00+09:00,139100.0,139100.0,139000.0,139000.0,213,0.0,0.0
2025-04-28 13:53:00+09:00,139000.0,139000.0,139000.0,139000.0,225,0.0,0.0
2025-04-28 13:54:00+09:00,139000.0,139000.0,139000.0,139000.0,153,0.0,0.0
2025-04-28 13:55:00+09:00,138900.0,139000.0,138900.0,139000.0,116,0.0,0.0
2025-04-28 13:56:00+09:00,138900.0,139100.0,138900.0,139000.0,309,0.0,0.0
2025-04-28 13:57:00+09:00,139000.0,139000.0,138900.0,138900.0,101,0.0,0.0
2025-04-28 13:58:00+09:00,139000.0,139000.0,138900.0,139000.0,265,0.0,0.0
2025-04-28 13:59:00+09:00,139000.0,139000.0,138900.0,138900.0,13,0.0,0.0
2025-04-28 14:00:00+09:00,138900.0,139000.0,138900.0,139000.0,126,0.0,0.0
2025-04-28 14:01:00+09:00,139000.0,139500.0,138900.0,139200.0,1021,0.0,0.0
2025-04-28 14:02:00+09:00,139300.0,139900.0,139300.0,139700.0,275,0.0,0.0
2025-04-28 14:03:00+09:00,139700.0,139700.0,139600.0,139700.0,209,0.0,0.0
2025-04-28 14:04:00+09:00,139700.0,139800.0,139700.0,139700.0,118,0.0,0.0
2025-04-28 14:05:00+09:00,139700.0,139800.0,139700.0,139700.0,133,0.0,0.0
2025-04-28 14:06:00+09:00,139700.0,139800.0,139700.0,139800.0,197,0.0,0.0
2025-04-28 14:07:00+09:00,139700.0,139800.0,139600.0,139700.0,329,0.0,0.0
2025-04-28 14:08:00+09:00,139700.0,139900.0,139700.0,139900.0,156,0.0,0.0
2025-04-28 14:09:00+09:00,139900.0,140100.0,139900.0,140100.0,506,0.0,0.0
2025-04-28 14:10:00+09:00,140100.0,140100.0,140000.0,140000.0,119,0.0,0.0
2025-04-28 14:11:00+09:00,140000.0,140100.0,140000.0,140000.0,75,0.0,0.0
2025-04-28 14:12:00+09:00,140000.0,140100.0,140000.0,140100.0,183,0.0,0.0
2025-04-28 14:13:00+09:00,140000.0,140000.0,139900.0,139900.0,196,0.0,0.0
2025-04-28 14:14:00+09:00,139900.0,140000.0,139900.0,139900.0,301,0.0,0.0
2025-04-28 14:15:00+09:00,140000.0,140000.0,139700.0,139700.0,385,0.0,0.0
2025-04-28 14:16:00+09:00,139700.0,139800.0,139600.0,139600.0,227,0.0,0.0
2025-04-28 14:17:00+09:00,139600.0,139600.0,139600.0,139600.0,44,0.0,0.0
2025-04-28 14:18:00+09:00,139500.0,139600.0,139200.0,139200.0,260,0.0,0.0
2025-04-28 14:19:00+09:00,139200.0,139200.0,139000.0,139100.0,470,0.0,0.0
2025-04-28 14:20:00+09:00,139100.0,139200.0,139100.0,139200.0,53,0.0,0.0
2025-04-28 14:21:00+09:00,139200.0,139200.0,139100.0,139100.0,95,0.0,0.0
2025-04-28 14:22:00+09:00,139200.0,139400.0,139100.0,139400.0,216,0.0,0.0
2025-04-28 14:23:00+09:00,139300.0,139400.0,139300.0,139400.0,84,0.0,0.0
2025-04-28 14:24:00+09:00,139400.0,139500.0,139200.0,139200.0,140,0.0,0.0
2025-04-28 14:25:00+09:00,139300.0,139500.0,139200.0,139500.0,325,0.0,0.0
2025-04-28 14:26:00+09:00,139500.0,139600.0,139500.0,139500.0,70,0.0,0.0
2025-04-28 14:27:00+09:00,139500.0,139700.0,139500.0,139700.0,238,0.0,0.0
2025-04-28 14:28:00+09:00,139600.0,139700.0,139600.0,139700.0,47,0.0,0.0
2025-04-28 14:29:00+09:00,139600.0,139600.0,139400.0,139500.0,268,0.0,0.0
2025-04-28 14:30:00+09:00,139400.0,139400.0,139300.0,139300.0,156,0.0,0.0
2025-04-28 14:31:00+09:00,139200.0,139400.0,139200.0,139300.0,195,0.0,0.0
2025-04-28 14:32:00+09:00,139300.0,139300.0,139300.0,139300.0,46,0.0,0.0
2025-04-28 14:33:00+09:00,139200.0,139300.0,138700.0,139300.0,1489,0.0,0.0
2025-04-28 14:34:00+09:00,139200.0,139300.0,139200.0,139200.0,85,0.0,0.0
2025-04-28 14:35:00+09:00,139200.0,139200.0,139000.0,139000.0,197,0.0,0.0
2025-04-28 14:36:00+09:00,139000.0,139100.0,139000.0,139100.0,594,0.0,0.0
2025-04-28 14:37:00+09:00,139100.0,139100.0,139000.0,139000.0,0,0.0,0.0
2025-04-28 14:38:00+09:00,139100.0,139200.0,139100.0,139100.0,344,0.0,0.0
2025-04-28 14:39:00+09:00,139100.0,139100.0,139100.0,139100.0,50,0.0,0.0
2025-04-28 14:40:00+09:00,139200.0,139200.0,139000.0,139100.0,386,0.0,0.0
2025-04-28 14:41:00+09:00,139000.0,139100.0,139000.0,139000.0,47,0.0,0.0
2025-04-28 14:42:00+09:00,139100.0,139100.0,138900.0,139000.0,641,0.0,0.0
2025-04-28 14:43:00+09:00,138900.0,139000.0,138900.0,138900.0,427,0.0,0.0
2025-04-28 14:44:00+09:00,138900.0,139100.0,138900.0,139000.0,1158,0.0,0.0
2025-04-28 14:45:00+09:00,139000.0,139100.0,138900.0,139000.0,349,0.0,0.0
2025-04-28 14:46:00+09:00,139000.0,139200.0,138900.0,138900.0,464,0.0,0.0
2025-04-28 14:47:00+09:00,139000.0,139000.0,138900.0,138900.0,126,0.0,0.0
2025-04-28 14:48:00+09:00,138900.0,139100.0,138900.0,139000.0,287,0.0,0.0
2025-04-28 14:49:00+09:00,139000.0,139100.0,138900.0,139100.0,213,0.0,0.0
2025-04-28 14:50:00+09:00,139000.0,139100.0,139000.0,139000.0,179,0.0,0.0
2025-04-28 14:51:00+09:00,139000.0,139100.0,138900.0,139000.0,79,0.0,0.0
2025-04-28 14:52:00+09:00,139100.0,139100.0,138900.0,139000.0,108,0.0,0.0
2025-04-28 14:53:00+09:00,139100.0,139200.0,139000.0,139200.0,370,0.0,0.0
2025-04-28 14:54:00+09:00,139200.0,139300.0,139100.0,139200.0,173,0.0,0.0
2025-04-28 14:55:00+09:00,139200.0,139300.0,139200.0,139200.0,168,0.0,0.0
2025-04-28 14:56:00+09:00,139200.0,139200.0,139100.0,139200.0,149,0.0,0.0
2025-04-28 14:57:00+09:00,139200.0,139200.0,139000.0,139000.0,873,0.0,0.0
2025-04-28 14:58:00+09:00,139000.0,139100.0,139000.0,139000.0,241,0.0,0.0
2025-04-28 14:59:00+09:00,139000.0,139000.0,138900.0,138900.0,140,0.0,0.0
2025-04-29 09:00:00+09:00,139700.0,139700.0,139400.0,139600.0,547,0.0,0.0
2025-04-29 09:01:00+09:00,139600.0,139800.0,139600.0,139800.0,271,0.0,0.0
2025-04-29 09:02:00+09:00,139800.0,139800.0,139700.0,139700.0,188,0.0,0.0
2025-04-29 09:03:00+09:00,139800.0,140300.0,139800.0,140000.0,343,0.0,0.0
2025-04-29 09:04:00+09:00,140000.0,141300.0,140000.0,141300.0,2087,0.0,0.0
2025-04-29 09:05:00+09:00,141200.0,141300.0,140300.0,140300.0,1011,0.0,0.0
2025-04-29 09:06:00+09:00,140300.0,140800.0,139700.0,140500.0,955,0.0,0.0
2025-04-29 09:07:00+09:00,140500.0,140600.0,140300.0,140400.0,400,0.0,0.0
2025-04-29 09:08:00+09:00,140300.0,141000.0,140300.0,141000.0,830,0.0,0.0
2025-04-29 09:09:00+09:00,141000.0,141000.0,140400.0,140500.0,139,0.0,0.0
2025-04-29 09:10:00+09:00,140500.0,141200.0,140500.0,141100.0,1444,0.0,0.0
2025-04-29 09:11:00+09:00,141000.0,141200.0,141000.0,141100.0,563,0.0,0.0
2025-04-29 09:12:00+09:00,141100.0,141100.0,141000.0,141000.0,639,0.0,0.0
2025-04-29 09:13:00+09:00,141000.0,141000.0,140500.0,140500.0,256,0.0,0.0
2025-04-29 09:14:00+09:00,140500.0,141100.0,140400.0,140600.0,1214,0.0,0.0
2025-04-29 09:15:00+09:00,140600.0,140700.0,140400.0,140500.0,296,0.0,0.0
2025-04-29 09:16:00+09:00,140500.0,140500.0,140400.0,140400.0,696,0.0,0.0
2025-04-29 09:17:00+09:00,140500.0,141000.0,140300.0,141000.0,300,0.0,0.0
2025-04-29 09:18:00+09:00,141000.0,141600.0,141000.0,141300.0,1982,0.0,0.0
2025-04-29 09:19:00+09:00,141300.0,141700.0,141200.0,141500.0,658,0.0,0.0
2025-04-29 09:20:00+09:00,141500.0,141900.0,141400.0,141400.0,1339,0.0,0.0
2025-04-29 09:21:00+09:00,141400.0,141400.0,140800.0,141000.0,239,0.0,0.0
2025-04-29 09:22:00+09:00,141000.0,141000.0,140900.0,140900.0,124,0.0,0.0
2025-04-29 09:23:00+09:00,141100.0,141100.0,141000.0,141100.0,81,0.0,0.0
2025-04-29 09:24:00+09:00,141000.0,141100.0,140800.0,140900.0,238,0.0,0.0
2025-04-29 09:25:00+09:00,140900.0,140900.0,140500.0,140500.0,264,0.0,0.0
2025-04-29 09:26:00+09:00,140700.0,140900.0,140500.0,140500.0,22,0.0,0.0
2025-04-29 09:27:00+09:00,140400.0,140500.0,140200.0,140500.0,205,0.0,0.0
2025-04-29 09:28:00+09:00,140500.0,140700.0,140400.0,140700.0,144,0.0,0.0
2025-04-29 09:29:00+09:00,140700.0,140700.0,140500.0,140600.0,158,0.0,0.0
2025-04-29 09:30:00+09:00,140500.0,140700.0,140500.0,140700.0,187,0.0,0.0
2025-04-29 09:31:00+09:00,140600.0,140600.0,140300.0,140400.0,239,0.0,0.0
2025-04-29 09:32:00+09:00,140500.0,140500.0,140400.0,140400.0,276,0.0,0.0
2025-04-29 09:33:00+09:00,140300.0,140500.0,140300.0,140500.0,235,0.0,0.0
2025-04-29 09:34:00+09:00,140500.0,140800.0,140400.0,140800.0,211,0.0,0.0
2025-04-29 09:35:00+09:00,140700.0,141300.0,140700.0,141100.0,915,0.0,0.0
2025-04-29 09:36:00+09:00,141000.0,141100.0,141000.0,141100.0,232,0.0,0.0
2025-04-29 09:37:00+09:00,141200.0,141200.0,141000.0,141000.0,201,0.0,0.0
2025-04-29 09:38:00+09:00,141000.0,141100.0,141000.0,141000.0,173,0.0,0.0
2025-04-29 09:39:00+09:00,141000.0,141000.0,140900.0,141000.0,186,0.0,0.0
2025-04-29 09:40:00+09:00,141000.0,141000.0,140900.0,140900.0,101,0.0,0.0
2025-04-29 09:41:00+09:00,140900.0,140900.0,140500.0,140500.0,293,0.0,0.0
2025-04-29 09:42:00+09:00,140500.0,140600.0,140500.0,140500.0,258,0.0,0.0
2025-04-29 09:43:00+09:00,140500.0,140600.0,140500.0,140600.0,69,0.0,0.0
2025-04-29 09:44:00+09:00,140500.0,141000.0,140500.0,140700.0,430,0.0,0.0
2025-04-29 09:45:00+09:00,141000.0,141200.0,140900.0,141100.0,331,0.0,0.0
2025-04-29 09:46:00+09:00,141100.0,141100.0,140800.0,140800.0,263,0.0,0.0
2025-04-29 09:47:00+09:00,141000.0,141000.0,140800.0,140800.0,15,0.0,0.0
2025-04-29 09:48:00+09:00,140900.0,141200.0,140800.0,141100.0,490,0.0,0.0
2025-04-29 09:49:00+09:00,141100.0,141400.0,141100.0,141300.0,657,0.0,0.0
2025-04-29 09:50:00+09:00,141400.0,141400.0,141300.0,141300.0,271,0.0,0.0
2025-04-29 09:51:00+09:00,141300.0,141400.0,141300.0,141400.0,163,0.0,0.0
2025-04-29 09:52:00+09:00,141300.0,141400.0,141300.0,141400.0,0,0.0,0.0
2025-04-29 09:53:00+09:00,141300.0,141400.0,141100.0,141100.0,91,0.0,0.0
2025-04-29 09:54:00+09:00,141200.0,141200.0,140900.0,140900.0,147,0.0,0.0
2025-04-29 09:55:00+09:00,140900.0,140900.0,140700.0,140900.0,115,0.0,0.0
2025-04-29 09:56:00+09:00,140900.0,140900.0,140800.0,140800.0,9,0.0,0.0
2025-04-29 09:57:00+09:00,140800.0,140800.0,140800.0,140800.0,72,0.0,0.0
2025-04-29 09:58:00+09:00,140800.0,140800.0,140800.0,140800.0,0,0.0,0.0
2025-04-29 09:59:00+09:00,140800.0,140800.0,140600.0,140600.0,186,0.0,0.0
2025-04-29 10:00:00+09:00,140700.0,140800.0,140600.0,140700.0,37,0.0,0.0
2025-04-29 10:01:00+09:00,140700.0,140800.0,140600.0,140800.0,411,0.0,0.0
2025-04-29 10:02:00+09:00,140700.0,140800.0,140700.0,140700.0,144,0.0,0.0
2025-04-29 10:03:00+09:00,140600.0,140700.0,140500.0,140500.0,96,0.0,0.0
2025-04-29 10:04:00+09:00,140600.0,140700.0,140600.0,140600.0,69,0.0,0.0
2025-04-29 10:05:00+09:00,140600.0,140900.0,140600.0,140900.0,144,0.0,0.0
2025-04-29 10:06:00+09:00,140800.0,141000.0,140800.0,141000.0,56,0.0,0.0
2025-04-29 10:07:00+09:00,140900.0,140900.0,140900.0,140900.0,0,0.0,0.0
2025-04-29 10:08:00+09:00,140900.0,141000.0,140800.0,140900.0,97,0.0,0.0
2025-04-29 10:09:00+09:00,140800.0,140900.0,140700.0,140700.0,95,0.0,0.0
2025-04-29 10:10:00+09:00,140900.0,141100.0,140800.0,141100.0,485,0.0,0.0
2025-04-29 10:11:00+09:00,141100.0,141200.0,140900.0,141200.0,444,0.0,0.0
2025-04-29 10:12:00+09:00,141000.0,141200.0,141000.0,141100.0,47,0.0,0.0
2025-04-29 10:13:00+09:00,141000.0,141000.0,140900.0,140900.0,108,0.0,0.0
2025-04-29 10:14:00+09:00,140900.0,140900.0,140800.0,140800.0,45,0.0,0.0
2025-04-29 10:15:00+09:00,140800.0,140800.0,140800.0,140800.0,15,0.0,0.0
2025-04-29 10:16:00+09:00,140800.0,140800.0,140700.0,140700.0,42,0.0,0.0
2025-04-29 10:17:00+09:00,140800.0,140800.0,140700.0,140800.0,0,0.0,0.0
2025-04-29 10:18:00+09:00,140700.0,140800.0,140700.0,140800.0,35,0.0,0.0
2025-04-29 10:19:00+09:00,140750.0,140750.0,140550.0,140600.0,326,0.0,0.0
2025-04-29 10:20:00+09:00,140600.0,140600.0,140400.0,140400.0,445,0.0,0.0
2025-04-29 10:21:00+09:00,140500.0,140600.0,140400.0,140500.0,163,0.0,0.0
2025-04-29 10:22:00+09:00,140600.0,140600.0,140400.0,140400.0,115,0.0,0.0
2025-04-29 10:23:00+09:00,140400.0,140500.0,140300.0,140300.0,121,0.0,0.0
2025-04-29 10:24:00+09:00,140400.0,140400.0,140300.0,140400.0,56,0.0,0.0
2025-04-29 10:25:00+09:00,140400.0,140400.0,140200.0,140400.0,289,0.0,0.0
2025-04-29 10:26:00+09:00,140400.0,140400.0,140300.0,140400.0,36,0.0,0.0
2025-04-29 10:27:00+09:00,140400.0,140400.0,140400.0,140400.0,78,0.0,0.0
2025-04-29 10:28:00+09:00,140400.0,140500.0,140300.0,140500.0,220,0.0,0.0
2025-04-29 10:29:00+09:00,140400.0,140400.0,140300.0,140400.0,166,0.0,0.0
2025-04-29 10:30:00+09:00,140400.0,140500.0,140300.0,140300.0,16,0.0,0.0
2025-04-29 10:31:00+09:00,140300.0,140600.0,140300.0,140400.0,74,0.0,0.0
2025-04-29 10:32:00+09:00,140600.0,140600.0,140500.0,140500.0,12,0.0,0.0
2025-04-29 10:33:00+09:00,140500.0,140600.0,140500.0,140600.0,37,0.0,0.0
2025-04-29 10:34:00+09:00,140600.0,140700.0,140600.0,140700.0,212,0.0,0.0
2025-04-29 10:35:00+09:00,140700.0,140700.0,140500.0,140600.0,174,0.0,0.0
2025-04-29 10:36:00+09:00,140600.0,140600.0,140500.0,140500.0,10,0.0,0.0
2025-04-29 10:37:00+09:00,140500.0,140600.0,140500.0,140500.0,25,0.0,0.0
2025-04-29 10:38:00+09:00,140500.0,140600.0,140500.0,140500.0,214,0.0,0.0
2025-04-29 10:39:00+09:00,140500.0,140500.0,140500.0,140500.0,76,0.0,0.0
2025-04-29 10:40:00+09:00,140500.0,140600.0,140400.0,140400.0,91,0.0,0.0
2025-04-29 10:41:00+09:00,140400.0,140400.0,140300.0,140400.0,139,0.0,0.0
2025-04-29 10:42:00+09:00,140300.0,140500.0,140300.0,140300.0,48,0.0,0.0
2025-04-29 10:43:00+09:00,140300.0,140500.0,140300.0,140500.0,74,0.0,0.0
2025-04-29 10:44:00+09:00,140500.0,140500.0,140500.0,140500.0,53,0.0,0.0
2025-04-29 10:45:00+09:00,140500.0,140500.0,140400.0,140400.0,148,0.0,0.0
2025-04-29 10:46:00+09:00,140400.0,140400.0,140400.0,140400.0,0,0.0,0.0
2025-04-29 10:47:00+09:00,140400.0,140400.0,140300.0,140300.0,148,0.0,0.0
2025-04-29 10:48:00+09:00,140300.0,140400.0,140300.0,140400.0,232,0.0,0.0
2025-04-29 10:49:00+09:00,140400.0,140400.0,140300.0,140300.0,0,0.0,0.0
2025-04-29 10:50:00+09:00,140400.0,140400.0,140300.0,140400.0,60,0.0,0.0
2025-04-29 10:51:00+09:00,140400.0,140600.0,140400.0,140500.0,305,0.0,0.0
2025-04-29 10:52:00+09:00,140500.0,140700.0,140300.0,140700.0,445,0.0,0.0
2025-04-29 10:53:00+09:00,140700.0,140800.0,140700.0,140800.0,137,0.0,0.0
2025-04-29 10:54:00+09:00,140800.0,141200.0,140800.0,141100.0,915,0.0,0.0
2025-04-29 10:55:00+09:00,141100.0,141100.0,141000.0,141000.0,154,0.0,0.0
2025-04-29 10:56:00+09:00,140900.0,140900.0,140900.0,140900.0,25,0.0,0.0
2025-04-29 10:57:00+09:00,140900.0,141400.0,140900.0,141300.0,1971,0.0,0.0
2025-04-29 10:58:00+09:00,141300.0,141300.0,141100.0,141300.0,259,0.0,0.0
2025-04-29 10:59:00+09:00,141300.0,141300.0,141100.0,141100.0,144,0.0,0.0
2025-04-29 11:00:00+09:00,141100.0,141100.0,140800.0,140900.0,247,0.0,0.0
2025-04-29 11:01:00+09:00,141000.0,141000.0,141000.0,141000.0,4,0.0,0.0
2025-04-29 11:02:00+09:00,140900.0,140900.0,140700.0,140900.0,96,0.0,0.0
2025-04-29 11:03:00+09:00,140900.0,141000.0,140900.0,141000.0,1,0.0,0.0
2025-04-29 11:04:00+09:00,140900.0,140900.0,140900.0,140900.0,60,0.0,0.0
2025-04-29 11:05:00+09:00,140900.0,141000.0,140900.0,141000.0,35,0.0,0.0
2025-04-29 11:06:00+09:00,140900.0,141000.0,140900.0,141000.0,98,0.0,0.0
2025-04-29 11:07:00+09:00,141000.0,141200.0,141000.0,141100.0,867,0.0,0.0
2025-04-29 11:08:00+09:00,141100.0,141100.0,141100.0,141100.0,80,0.0,0.0
2025-04-29 11:09:00+09:00,141200.0,141400.0,141200.0,141400.0,283,0.0,0.0
2025-04-29 11:10:00+09:00,141400.0,141400.0,141300.0,141300.0,92,0.0,0.0
2025-04-29 11:11:00+09:00,141200.0,141300.0,140900.0,141200.0,190,0.0,0.0
2025-04-29 11:12:00+09:00,141200.0,141200.0,141100.0,141200.0,389,0.0,0.0
2025-04-29 11:13:00+09:00,141200.0,141200.0,141200.0,141200.0,0,0.0,0.0
2025-04-29 11:14:00+09:00,141300.0,141300.0,141200.0,141200.0,165,0.0,0.0
2025-04-29 11:15:00+09:00,141100.0,141200.0,141100.0,141200.0,0,0.0,0.0
2025-04-29 11:16:00+09:00,141200.0,141200.0,141100.0,141100.0,22,0.0,0.0
2025-04-29 11:17:00+09:00,141100.0,141100.0,141100.0,141100.0,1,0.0,0.0
2025-04-29 11:18:00+09:00,141100.0,141200.0,141100.0,141200.0,62,0.0,0.0
2025-04-29 11:19:00+09:00,141200.0,141200.0,141100.0,141200.0,25,0.0,0.0
2025-04-29 11:20:00+09:00,141200.0,141200.0,141100.0,141200.0,213,0.0,0.0
2025-04-29 11:21:00+09:00,141100.0,141500.0,141100.0,141200.0,1061,0.0,0.0
2025-04-29 11:22:00+09:00,141200.0,141400.0,141200.0,141200.0,298,0.0,0.0
2025-04-29 11:23:00+09:00,141200.0,141300.0,141100.0,141200.0,198,0.0,0.0
2025-04-29 11:24:00+09:00,141200.0,141200.0,141200.0,141200.0,46,0.0,0.0
2025-04-29 11:25:00+09:00,141200.0,141300.0,141200.0,141200.0,8,0.0,0.0
2025-04-29 11:26:00+09:00,141200.0,141200.0,141200.0,141200.0,59,0.0,0.0
2025-04-29 11:27:00+09:00,141300.0,141300.0,141200.0,141200.0,157,0.0,0.0
2025-04-29 11:28:00+09:00,141300.0,141400.0,141200.0,141400.0,332,0.0,0.0
2025-04-29 11:29:00+09:00,141300.0,141600.0,141300.0,141600.0,792,0.0,0.0
2025-04-29 11:30:00+09:00,141500.0,141600.0,141400.0,141400.0,320,0.0,0.0
2025-04-29 11:31:00+09:00,141300.0,141500.0,141300.0,141300.0,93,0.0,0.0
2025-04-29 11:32:00+09:00,141400.0,141400.0,141300.0,141400.0,27,0.0,0.0
2025-04-29 11:33:00+09:00,141300.0,141400.0,141300.0,141300.0,24,0.0,0.0
2025-04-29 11:34:00+09:00,141300.0,141300.0,141200.0,141200.0,8,0.0,0.0
2025-04-29 11:35:00+09:00,141200.0,141300.0,141200.0,141300.0,161,0.0,0.0
2025-04-29 11:36:00+09:00,141200.0,141200.0,141100.0,141100.0,97,0.0,0.0
2025-04-29 11:37:00+09:00,141200.0,141200.0,141100.0,141100.0,10,0.0,0.0
2025-04-29 11:38:00+09:00,141200.0,141400.0,141200.0,141400.0,450,0.0,0.0
2025-04-29 11:39:00+09:00,141400.0,141400.0,141400.0,141400.0,7,0.0,0.0
2025-04-29 11:40:00+09:00,141400.0,141400.0,141300.0,141400.0,163,0.0,0.0
2025-04-29 11:41:00+09:00,141300.0,141400.0,141300.0,141300.0,449,0.0,0.0
2025-04-29 11:42:00+09:00,141200.0,141500.0,141200.0,141500.0,736,0.0,0.0
2025-04-29 11:43:00+09:00,141400.0,141400.0,141400.0,141400.0,34,0.0,0.0
2025-04-29 11:44:00+09:00,141400.0,141400.0,141300.0,141300.0,30,0.0,0.0
2025-04-29 11:45:00+09:00,141300.0,141500.0,141300.0,141400.0,236,0.0,0.0
2025-04-29 11:46:00+09:00,141400.0,141500.0,141400.0,141500.0,103,0.0,0.0
2025-04-29 11:47:00+09:00,141500.0,141600.0,141400.0,141500.0,219,0.0,0.0
2025-04-29 11:48:00+09:00,141500.0,141500.0,141400.0,141500.0,278,0.0,0.0
2025-04-29 11:49:00+09:00,141500.0,141700.0,141500.0,141700.0,460,0.0,0.0
2025-04-29 11:50:00+09:00,141700.0,141700.0,141600.0,141600.0,83,0.0,0.0
2025-04-29 11:51:00+09:00,141600.0,141700.0,141600.0,141700.0,115,0.0,0.0
2025-04-29 11:52:00+09:00,141700.0,141700.0,141600.0,141700.0,97,0.0,0.0
2025-04-29 11:53:00+09:00,141700.0,142100.0,141700.0,142000.0,2491,0.0,0.0
2025-04-29 11:54:00+09:00,141900.0,142200.0,141900.0,141900.0,708,0.0,0.0
2025-04-29 11:55:00+09:00,142200.0,142200.0,141800.0,141900.0,318,0.0,0.0
2025-04-29 11:56:00+09:00,141900.0,141900.0,141600.0,141700.0,20,0.0,0.0
2025-04-29 11:57:00+09:00,141600.0,141600.0,141500.0,141600.0,98,0.0,0.0
2025-04-29 11:58:00+09:00,141600.0,141600.0,141500.0,141600.0,73,0.0,0.0
2025-04-29 11:59:00+09:00,141600.0,141600.0,141500.0,141500.0,2,0.0,0.0
2025-04-29 12:00:00+09:00,141600.0,141600.0,141400.0,141400.0,178,0.0,0.0
2025-04-29 12:01:00+09:00,141300.0,141400.0,140900.0,140900.0,634,0.0,0.0
2025-04-29 12:02:00+09:00,141000.0,141500.0,141000.0,141300.0,46,0.0,0.0
2025-04-29 12:03:00+09:00,141300.0,141300.0,141300.0,141300.0,23,0.0,0.0
2025-04-29 12:04:00+09:00,141300.0,141400.0,141300.0,141400.0,71,0.0,0.0
2025-04-29 12:05:00+09:00,141300.0,141400.0,141200.0,141200.0,175,0.0,0.0
2025-04-29 12:06:00+09:00,141200.0,141300.0,141200.0,141300.0,82,0.0,0.0
2025-04-29 12:07:00+09:00,141200.0,141200.0,141200.0,141200.0,7,0.0,0.0
2025-04-29 12:08:00+09:00,141200.0,141200.0,141200.0,141200.0,22,0.0,0.0
2025-04-29 12:09:00+09:00,141200.0,141200.0,141200.0,141200.0,9,0.0,0.0
2025-04-29 12:10:00+09:00,141100.0,141200.0,141100.0,141200.0,258,0.0,0.0
2025-04-29 12:11:00+09:00,141200.0,141300.0,141200.0,141200.0,0,0.0,0.0
2025-04-29 12:13:00+09:00,141200.0,141200.0,141000.0,141000.0,80,0.0,0.0
2025-04-29 12:14:00+09:00,141100.0,141200.0,141100.0,141100.0,9,0.0,0.0
2025-04-29 12:15:00+09:00,141100.0,141100.0,141100.0,141100.0,24,0.0,0.0
2025-04-29 12:16:00+09:00,141100.0,141100.0,140700.0,140700.0,333,0.0,0.0
2025-04-29 12:17:00+09:00,140700.0,141000.0,140700.0,141000.0,37,0.0,0.0
2025-04-29 12:18:00+09:00,140800.0,141100.0,140800.0,141000.0,138,0.0,0.0
2025-04-29 12:19:00+09:00,141100.0,141200.0,141100.0,141200.0,9,0.0,0.0
2025-04-29 12:20:00+09:00,141100.0,141100.0,141100.0,141100.0,2,0.0,0.0
2025-04-29 12:21:00+09:00,141100.0,141100.0,141100.0,141100.0,8,0.0,0.0
2025-04-29 12:22:00+09:00,141200.0,141200.0,141200.0,141200.0,41,0.0,0.0
2025-04-29 12:23:00+09:00,141300.0,141300.0,141100.0,141200.0,83,0.0,0.0
2025-04-29 12:24:00+09:00,141100.0,141100.0,141100.0,141100.0,11,0.0,0.0
2025-04-29 12:25:00+09:00,141100.0,141200.0,141000.0,141000.0,99,0.0,0.0
2025-04-29 12:26:00+09:00,141000.0,141000.0,140900.0,140900.0,66,0.0,0.0
2025-04-29 12:27:00+09:00,140900.0,141000.0,140900.0,140900.0,0,0.0,0.0
2025-04-29 12:28:00+09:00,140900.0,141000.0,140700.0,140700.0,271,0.0,0.0
2025-04-29 12:29:00+09:00,140700.0,140900.0,140700.0,140900.0,97,0.0,0.0
2025-04-29 12:30:00+09:00,140900.0,141000.0,140900.0,141000.0,0,0.0,0.0
2025-04-29 12:31:00+09:00,140900.0,140900.0,140900.0,140900.0,2,0.0,0.0
2025-04-29 12:32:00+09:00,141000.0,141000.0,140700.0,140800.0,112,0.0,0.0
2025-04-29 12:33:00+09:00,140700.0,141000.0,140700.0,141000.0,145,0.0,0.0
2025-04-29 12:34:00+09:00,141000.0,141000.0,141000.0,141000.0,40,0.0,0.0
2025-04-29 12:35:00+09:00,141000.0,141900.0,140900.0,141900.0,1946,0.0,0.0
2025-04-29 12:36:00+09:00,142000.0,142800.0,142000.0,142700.0,3983,0.0,0.0
2025-04-29 12:37:00+09:00,142800.0,143200.0,142700.0,142900.0,2739,0.0,0.0
2025-04-29 12:38:00+09:00,142900.0,143200.0,142800.0,143000.0,1358,0.0,0.0
2025-04-29 12:39:00+09:00,143100.0,143200.0,142500.0,142900.0,2376,0.0,0.0
2025-04-29 12:40:00+09:00,142900.0,143100.0,142900.0,142900.0,1300,0.0,0.0
2025-04-29 12:41:00+09:00,142800.0,142800.0,142500.0,142700.0,1225,0.0,0.0
2025-04-29 12:42:00+09:00,142700.0,143100.0,142700.0,142900.0,1351,0.0,0.0
2025-04-29 12:43:00+09:00,142900.0,143100.0,142900.0,143000.0,816,0.0,0.0
2025-04-29 12:44:00+09:00,143000.0,143500.0,143000.0,143300.0,1766,0.0,0.0
2025-04-29 12:45:00+09:00,143200.0,143300.0,142700.0,142900.0,974,0.0,0.0
2025-04-29 12:46:00+09:00,142900.0,143000.0,142900.0,143000.0,402,0.0,0.0
2025-04-29 12:47:00+09:00,143000.0,143300.0,143000.0,143300.0,919,0.0,0.0
2025-04-29 12:48:00+09:00,143300.0,143300.0,143200.0,143300.0,447,0.0,0.0
2025-04-29 12:49:00+09:00,143300.0,143300.0,143200.0,143200.0,599,0.0,0.0
2025-04-29 12:50:00+09:00,143200.0,143200.0,143000.0,143000.0,198,0.0,0.0
2025-04-29 12:51:00+09:00,143000.0,143100.0,142900.0,143000.0,338,0.0,0.0
2025-04-29 12:52:00+09:00,143000.0,143000.0,142900.0,143000.0,170,0.0,0.0
2025-04-29 12:53:00+09:00,143000.0,143000.0,142800.0,142900.0,332,0.0,0.0
2025-04-29 12:54:00+09:00,142900.0,142900.0,142800.0,142800.0,138,0.0,0.0
2025-04-29 12:55:00+09:00,142800.0,142900.0,142800.0,142800.0,311,0.0,0.0
2025-04-29 12:56:00+09:00,142700.0,142700.0,142600.0,142600.0,625,0.0,0.0
2025-04-29 12:57:00+09:00,142600.0,142700.0,142600.0,142600.0,125,0.0,0.0
2025-04-29 12:58:00+09:00,142500.0,142700.0,142400.0,142700.0,570,0.0,0.0
2025-04-29 12:59:00+09:00,142600.0,142800.0,142600.0,142700.0,64,0.0,0.0
2025-04-29 13:00:00+09:00,142700.0,142800.0,142600.0,142700.0,164,0.0,0.0
2025-04-29 13:01:00+09:00,142700.0,142900.0,142700.0,142800.0,173,0.0,0.0
2025-04-29 13:02:00+09:00,142800.0,142900.0,142800.0,142800.0,142,0.0,0.0
2025-04-29 13:03:00+09:00,142900.0,142900.0,142600.0,142600.0,279,0.0,0.0
2025-04-29 13:04:00+09:00,142600.0,142700.0,142500.0,142600.0,182,0.0,0.0
2025-04-29 13:05:00+09:00,142500.0,142500.0,142400.0,142400.0,270,0.0,0.0
2025-04-29 13:06:00+09:00,142500.0,142500.0,142400.0,142400.0,213,0.0,0.0
2025-04-29 13:07:00+09:00,142400.0,142600.0,142400.0,142600.0,456,0.0,0.0
2025-04-29 13:08:00+09:00,142700.0,142700.0,142600.0,142700.0,32,0.0,0.0
2025-04-29 13:09:00+09:00,142600.0,142700.0,142600.0,142700.0,99,0.0,0.0
2025-04-29 13:10:00+09:00,142600.0,142700.0,142600.0,142600.0,349,0.0,0.0
2025-04-29 13:11:00+09:00,142700.0,143000.0,142700.0,142900.0,491,0.0,0.0
2025-04-29 13:12:00+09:00,142900.0,143000.0,142800.0,142900.0,158,0.0,0.0
2025-04-29 13:13:00+09:00,142900.0,142900.0,142800.0,142800.0,93,0.0,0.0
2025-04-29 13:14:00+09:00,142900.0,142900.0,142800.0,142800.0,4,0.0,0.0
2025-04-29 13:15:00+09:00,142800.0,142800.0,142700.0,142800.0,12,0.0,0.0
2025-04-29 13:16:00+09:00,142700.0,142700.0,142700.0,142700.0,0,0.0,0.0
2025-04-29 13:17:00+09:00,142700.0,142800.0,142700.0,142700.0,51,0.0,0.0
2025-04-29 13:18:00+09:00,142800.0,142800.0,142800.0,142800.0,307,0.0,0.0
2025-04-29 13:19:00+09:00,142800.0,143100.0,142500.0,142800.0,1481,0.0,0.0
2025-04-29 13:20:00+09:00,143000.0,143100.0,143000.0,143100.0,299,0.0,0.0
2025-04-29 13:21:00+09:00,143100.0,143200.0,143000.0,143000.0,584,0.0,0.0
2025-04-29 13:22:00+09:00,143000.0,143100.0,143000.0,143100.0,12,0.0,0.0
2025-04-29 13:23:00+09:00,143100.0,143100.0,143000.0,143000.0,259,0.0,0.0
2025-04-29 13:24:00+09:00,143100.0,143100.0,143000.0,143000.0,38,0.0,0.0
2025-04-29 13:25:00+09:00,143000.0,143000.0,143000.0,143000.0,25,0.0,0.0
2025-04-29 13:26:00+09:00,143100.0,143100.0,143000.0,143100.0,55,0.0,0.0
2025-04-29 13:27:00+09:00,143100.0,143100.0,143000.0,143100.0,110,0.0,0.0
2025-04-29 13:28:00+09:00,143100.0,143200.0,143100.0,143100.0,653,0.0,0.0
2025-04-29 13:29:00+09:00,143100.0,143200.0,143100.0,143200.0,144,0.0,0.0
2025-04-29 13:30:00+09:00,143100.0,143200.0,143000.0,143100.0,75,0.0,0.0
2025-04-29 13:31:00+09:00,143100.0,143200.0,143100.0,143200.0,345,0.0,0.0
2025-04-29 13:32:00+09:00,143100.0,143200.0,143100.0,143200.0,64,0.0,0.0
2025-04-29 13:33:00+09:00,143100.0,143200.0,143100.0,143200.0,41,0.0,0.0
2025-04-29 13:34:00+09:00,143200.0,143200.0,143000.0,143100.0,211,0.0,0.0
2025-04-29 13:35:00+09:00,143000.0,143100.0,143000.0,143000.0,46,0.0,0.0
2025-04-29 13:36:00+09:00,143000.0,143100.0,143000.0,143000.0,452,0.0,0.0
2025-04-29 13:37:00+09:00,143000.0,143000.0,142900.0,143000.0,131,0.0,0.0
2025-04-29 13:38:00+09:00,143000.0,143000.0,142900.0,143000.0,15,0.0,0.0
2025-04-29 13:39:00+09:00,143000.0,143000.0,142900.0,142900.0,92,0.0,0.0
2025-04-29 13:40:00+09:00,142900.0,143050.0,142900.0,143050.0,412,0.0,0.0
2025-04-29 13:41:00+09:00,143100.0,143200.0,143050.0,143100.0,444,0.0,0.0
2025-04-29 13:42:00+09:00,143100.0,143100.0,143100.0,143100.0,9,0.0,0.0
2025-04-29 13:43:00+09:00,143200.0,143200.0,143000.0,143000.0,188,0.0,0.0
2025-04-29 13:44:00+09:00,143000.0,143000.0,143000.0,143000.0,0,0.0,0.0
2025-04-29 13:45:00+09:00,143000.0,143200.0,143000.0,143100.0,317,0.0,0.0
2025-04-29 13:46:00+09:00,143100.0,143200.0,143100.0,143100.0,65,0.0,0.0
2025-04-29 13:47:00+09:00,143100.0,143100.0,143100.0,143100.0,168,0.0,0.0
2025-04-29 13:48:00+09:00,143100.0,143100.0,143000.0,143000.0,16,0.0,0.0
2025-04-29 13:49:00+09:00,143000.0,143000.0,142800.0,142900.0,348,0.0,0.0
2025-04-29 13:50:00+09:00,142800.0,142900.0,142800.0,142900.0,25,0.0,0.0
2025-04-29 13:51:00+09:00,142900.0,142900.0,142800.0,142900.0,199,0.0,0.0
2025-04-29 13:52:00+09:00,142900.0,142900.0,142800.0,142900.0,101,0.0,0.0
2025-04-29 13:53:00+09:00,142900.0,142900.0,142800.0,142900.0,14,0.0,0.0
2025-04-29 13:54:00+09:00,142800.0,142900.0,142800.0,142900.0,1,0.0,0.0
2025-04-29 13:55:00+09:00,142900.0,142900.0,142800.0,142900.0,88,0.0,0.0
2025-04-29 13:56:00+09:00,142900.0,143100.0,142900.0,143000.0,175,0.0,0.0
2025-04-29 13:57:00+09:00,143000.0,143000.0,142900.0,143000.0,111,0.0,0.0
2025-04-29 13:58:00+09:00,142900.0,143000.0,142900.0,143000.0,1,0.0,0.0
2025-04-29 13:59:00+09:00,143000.0,143000.0,143000.0,143000.0,3,0.0,0.0
2025-04-29 14:00:00+09:00,142900.0,142900.0,142900.0,142900.0,88,0.0,0.0
2025-04-29 14:01:00+09:00,142900.0,142950.0,142900.0,142900.0,38,0.0,0.0
2025-04-29 14:02:00+09:00,142900.0,142900.0,142800.0,142800.0,65,0.0,0.0
2025-04-29 14:03:00+09:00,142800.0,142800.0,142800.0,142800.0,14,0.0,0.0
2025-04-29 14:04:00+09:00,142800.0,142800.0,142700.0,142700.0,219,0.0,0.0
2025-04-29 14:05:00+09:00,142800.0,142800.0,142700.0,142700.0,127,0.0,0.0
2025-04-29 14:06:00+09:00,142700.0,142800.0,142700.0,142700.0,173,0.0,0.0
2025-04-29 14:07:00+09:00,142800.0,142800.0,142700.0,142700.0,76,0.0,0.0
2025-04-29 14:08:00+09:00,142600.0,142700.0,142600.0,142600.0,22,0.0,0.0
2025-04-29 14:09:00+09:00,142600.0,142800.0,142600.0,142800.0,285,0.0,0.0
2025-04-29 14:10:00+09:00,142700.0,142800.0,142700.0,142800.0,159,0.0,0.0
2025-04-29 14:11:00+09:00,142700.0,143100.0,142700.0,143000.0,735,0.0,0.0
2025-04-29 14:12:00+09:00,143000.0,143100.0,143000.0,143100.0,146,0.0,0.0
2025-04-29 14:13:00+09:00,143000.0,143000.0,143000.0,143000.0,52,0.0,0.0
2025-04-29 14:14:00+09:00,143000.0,143000.0,142900.0,143000.0,110,0.0,0.0
2025-04-29 14:15:00+09:00,142900.0,143000.0,142900.0,142900.0,21,0.0,0.0
2025-04-29 14:16:00+09:00,142900.0,143100.0,142900.0,143000.0,368,0.0,0.0
2025-04-29 14:17:00+09:00,143000.0,143000.0,143000.0,143000.0,101,0.0,0.0
2025-04-29 14:18:00+09:00,143000.0,143100.0,143000.0,143100.0,0,0.0,0.0
2025-04-29 14:19:00+09:00,143000.0,143100.0,143000.0,143000.0,90,0.0,0.0
2025-04-29 14:20:00+09:00,143000.0,143000.0,143000.0,143000.0,33,0.0,0.0
2025-04-29 14:21:00+09:00,143000.0,143000.0,143000.0,143000.0,46,0.0,0.0
2025-04-29 14:22:00+09:00,143000.0,143000.0,143000.0,143000.0,50,0.0,0.0
2025-04-29 14:23:00+09:00,143100.0,143100.0,142900.0,143000.0,86,0.0,0.0
2025-04-29 14:24:00+09:00,142900.0,143000.0,142800.0,142900.0,17,0.0,0.0
2025-04-29 14:25:00+09:00,142900.0,142900.0,142700.0,142700.0,90,0.0,0.0
2025-04-29 14:26:00+09:00,142900.0,142900.0,142700.0,142800.0,1,0.0,0.0
2025-04-29 14:27:00+09:00,142700.0,142800.0,142700.0,142800.0,140,0.0,0.0
2025-04-29 14:28:00+09:00,142800.0,142800.0,142700.0,142700.0,21,0.0,0.0
2025-04-29 14:29:00+09:00,142700.0,142700.0,142700.0,142700.0,26,0.0,0.0
2025-04-29 14:30:00+09:00,142700.0,143000.0,142700.0,143000.0,535,0.0,0.0
2025-04-29 14:31:00+09:00,142800.0,143000.0,142800.0,142900.0,4,0.0,0.0
2025-04-29 14:32:00+09:00,142900.0,143000.0,142900.0,143000.0,56,0.0,0.0
2025-04-29 14:33:00+09:00,142900.0,143000.0,142900.0,142900.0,18,0.0,0.0
2025-04-29 14:34:00+09:00,142900.0,143000.0,142900.0,142950.0,179,0.0,0.0
2025-04-29 14:35:00+09:00,142900.0,143100.0,142900.0,143100.0,586,0.0,0.0
2025-04-29 14:36:00+09:00,143100.0,143100.0,143000.0,143000.0,13,0.0,0.0
2025-04-29 14:37:00+09:00,143000.0,143100.0,143000.0,143000.0,35,0.0,0.0
2025-04-29 14:38:00+09:00,143000.0,143100.0,143000.0,143000.0,37,0.0,0.0
2025-04-29 14:39:00+09:00,143100.0,143100.0,143000.0,143100.0,300,0.0,0.0
2025-04-29 14:40:00+09:00,143100.0,143100.0,143000.0,143000.0,56,0.0,0.0
2025-04-29 14:41:00+09:00,143100.0,143100.0,143000.0,143000.0,139,0.0,0.0
2025-04-29 14:42:00+09:00,143100.0,143100.0,143000.0,143100.0,26,0.0,0.0
2025-04-29 14:43:00+09:00,143100.0,143100.0,142900.0,143100.0,376,0.0,0.0
2025-04-29 14:44:00+09:00,142900.0,143000.0,142900.0,142900.0,22,0.0,0.0
2025-04-29 14:45:00+09:00,143000.0,143000.0,142800.0,143000.0,252,0.0,0.0
2025-04-29 14:46:00+09:00,143000.0,143000.0,142700.0,142800.0,243,0.0,0.0
2025-04-29 14:47:00+09:00,142800.0,142900.0,142700.0,142900.0,89,0.0,0.0
2025-04-29 14:48:00+09:00,142800.0,143200.0,142800.0,143100.0,988,0.0,0.0
2025-04-29 14:49:00+09:00,143100.0,143100.0,143100.0,143100.0,81,0.0,0.0
2025-04-29 14:50:00+09:00,143150.0,143150.0,142900.0,143100.0,309,0.0,0.0
2025-04-29 14:51:00+09:00,143000.0,143000.0,143000.0,143000.0,162,0.0,0.0
2025-04-29 14:52:00+09:00,143100.0,143100.0,143000.0,143100.0,0,0.0,0.0
2025-04-29 14:53:00+09:00,143100.0,143100.0,143000.0,143050.0,425,0.0,0.0
2025-04-29 14:54:00+09:00,143000.0,143000.0,142900.0,142900.0,45,0.0,0.0
2025-04-29 14:55:00+09:00,142900.0,143300.0,142800.0,143300.0,2080,0.0,0.0
2025-04-29 14:56:00+09:00,143200.0,143400.0,143200.0,143400.0,1336,0.0,0.0
2025-04-29 14:57:00+09:00,143400.0,143700.0,143400.0,143600.0,2567,0.0,0.0
2025-04-29 14:58:00+09:00,143600.0,143700.0,143600.0,143600.0,555,0.0,0.0
2025-04-29 14:59:00+09:00,143700.0,143700.0,143600.0,143700.0,898,0.0,0.0
2025-04-30 09:00:00+09:00,145000.0,145000.0,143300.0,143600.0,4081,0.0,0.0
2025-04-30 09:01:00+09:00,143500.0,143700.0,142100.0,142200.0,2002,0.0,0.0
2025-04-30 09:02:00+09:00,142300.0,143200.0,142200.0,143200.0,1141,0.0,0.0
2025-04-30 09:03:00+09:00,143200.0,144100.0,143200.0,143200.0,2374,0.0,0.0
2025-04-30 09:04:00+09:00,143300.0,143400.0,142400.0,142500.0,1352,0.0,0.0
2025-04-30 09:05:00+09:00,142500.0,143800.0,142300.0,143400.0,625,0.0,0.0
2025-04-30 09:06:00+09:00,143700.0,144900.0,143400.0,144900.0,2724,0.0,0.0
2025-04-30 09:07:00+09:00,144800.0,145500.0,144800.0,145300.0,2375,0.0,0.0
2025-04-30 09:08:00+09:00,145300.0,145800.0,145200.0,145700.0,3235,0.0,0.0
2025-04-30 09:09:00+09:00,145700.0,145800.0,144700.0,144700.0,2234,0.0,0.0
2025-04-30 09:10:00+09:00,144700.0,145200.0,144500.0,145200.0,1201,0.0,0.0
2025-04-30 09:11:00+09:00,145100.0,145400.0,145000.0,145200.0,967,0.0,0.0
2025-04-30 09:12:00+09:00,145200.0,145200.0,145000.0,145000.0,1158,0.0,0.0
2025-04-30 09:13:00+09:00,144900.0,145100.0,144700.0,144800.0,811,0.0,0.0
2025-04-30 09:14:00+09:00,144800.0,145100.0,144800.0,145000.0,525,0.0,0.0
2025-04-30 09:15:00+09:00,144900.0,145000.0,144700.0,144800.0,309,0.0,0.0
2025-04-30 09:16:00+09:00,144800.0,144800.0,144300.0,144400.0,488,0.0,0.0
2025-04-30 09:17:00+09:00,144400.0,144900.0,144400.0,144600.0,365,0.0,0.0
2025-04-30 09:18:00+09:00,144700.0,145100.0,144700.0,145000.0,478,0.0,0.0
2025-04-30 09:19:00+09:00,144900.0,145200.0,144900.0,145100.0,189,0.0,0.0
2025-04-30 09:20:00+09:00,144900.0,145000.0,144800.0,144800.0,279,0.0,0.0
2025-04-30 09:21:00+09:00,144800.0,145400.0,144800.0,145300.0,500,0.0,0.0
2025-04-30 09:22:00+09:00,145300.0,145500.0,145100.0,145300.0,604,0.0,0.0
2025-04-30 09:23:00+09:00,145300.0,146100.0,145100.0,146000.0,3310,0.0,0.0
2025-04-30 09:24:00+09:00,146100.0,146200.0,146000.0,146100.0,720,0.0,0.0
2025-04-30 09:25:00+09:00,146200.0,146200.0,145800.0,145800.0,699,0.0,0.0
2025-04-30 09:26:00+09:00,145800.0,146300.0,145500.0,146300.0,1248,0.0,0.0
2025-04-30 09:27:00+09:00,146300.0,146300.0,145900.0,145900.0,1056,0.0,0.0
2025-04-30 09:28:00+09:00,145900.0,146400.0,145700.0,146100.0,1266,0.0,0.0
2025-04-30 09:29:00+09:00,146000.0,146100.0,145700.0,145700.0,723,0.0,0.0
2025-04-30 09:30:00+09:00,145800.0,145800.0,145500.0,145600.0,703,0.0,0.0
2025-04-30 09:31:00+09:00,145600.0,145700.0,145000.0,145000.0,662,0.0,0.0
2025-04-30 09:32:00+09:00,145200.0,145200.0,145000.0,145100.0,503,0.0,0.0
2025-04-30 09:33:00+09:00,145100.0,145100.0,144800.0,144900.0,351,0.0,0.0
2025-04-30 09:34:00+09:00,144900.0,144900.0,144200.0,144300.0,603,0.0,0.0
2025-04-30 09:35:00+09:00,144200.0,144300.0,143700.0,144000.0,873,0.0,0.0
2025-04-30 09:36:00+09:00,144000.0,144100.0,143900.0,144100.0,514,0.0,0.0
2025-04-30 09:37:00+09:00,144100.0,144200.0,144000.0,144200.0,238,0.0,0.0
2025-04-30 09:38:00+09:00,144200.0,144300.0,144100.0,144300.0,158,0.0,0.0
2025-04-30 09:39:00+09:00,144500.0,144500.0,144200.0,144200.0,172,0.0,0.0
2025-04-30 09:40:00+09:00,144200.0,144700.0,144100.0,144700.0,453,0.0,0.0
2025-04-30 09:41:00+09:00,144700.0,145000.0,144700.0,145000.0,399,0.0,0.0
2025-04-30 09:42:00+09:00,145100.0,145200.0,144700.0,144900.0,432,0.0,0.0
2025-04-30 09:43:00+09:00,144900.0,145000.0,144700.0,144900.0,63,0.0,0.0
2025-04-30 09:44:00+09:00,145000.0,145300.0,144800.0,145000.0,257,0.0,0.0
2025-04-30 09:45:00+09:00,144900.0,145000.0,144900.0,145000.0,297,0.0,0.0
2025-04-30 09:46:00+09:00,145000.0,145100.0,145000.0,145100.0,295,0.0,0.0
2025-04-30 09:47:00+09:00,145100.0,145100.0,144800.0,144800.0,374,0.0,0.0
2025-04-30 09:48:00+09:00,144800.0,144800.0,144500.0,144600.0,110,0.0,0.0
2025-04-30 09:49:00+09:00,144500.0,144500.0,144300.0,144400.0,110,0.0,0.0
2025-04-30 09:50:00+09:00,144300.0,144300.0,144200.0,144300.0,1,0.0,0.0
2025-04-30 09:51:00+09:00,144200.0,144500.0,144100.0,144200.0,708,0.0,0.0
2025-04-30 09:52:00+09:00,144200.0,144700.0,144100.0,144400.0,821,0.0,0.0
2025-04-30 09:53:00+09:00,144500.0,144500.0,144400.0,144400.0,56,0.0,0.0
2025-04-30 09:54:00+09:00,144400.0,144500.0,144300.0,144300.0,68,0.0,0.0
2025-04-30 09:55:00+09:00,144300.0,144300.0,144100.0,144100.0,120,0.0,0.0
2025-04-30 09:56:00+09:00,144200.0,144400.0,144100.0,144400.0,64,0.0,0.0
2025-04-30 09:57:00+09:00,144200.0,144400.0,143900.0,143900.0,687,0.0,0.0
2025-04-30 09:58:00+09:00,143900.0,144000.0,143700.0,143800.0,247,0.0,0.0
2025-04-30 09:59:00+09:00,143700.0,143800.0,143700.0,143700.0,152,0.0,0.0
2025-04-30 10:00:00+09:00,143800.0,143900.0,143700.0,143800.0,129,0.0,0.0
2025-04-30 10:01:00+09:00,143900.0,144000.0,143800.0,144000.0,66,0.0,0.0
2025-04-30 10:02:00+09:00,144100.0,144100.0,143900.0,144000.0,209,0.0,0.0
2025-04-30 10:03:00+09:00,143900.0,143900.0,143300.0,143300.0,1021,0.0,0.0
2025-04-30 10:04:00+09:00,143200.0,143400.0,143100.0,143100.0,319,0.0,0.0
2025-04-30 10:05:00+09:00,143100.0,143100.0,143000.0,143000.0,285,0.0,0.0
2025-04-30 10:06:00+09:00,143100.0,143100.0,143000.0,143000.0,171,0.0,0.0
2025-04-30 10:07:00+09:00,143000.0,143000.0,142700.0,142900.0,1442,0.0,0.0
2025-04-30 10:08:00+09:00,142800.0,142800.0,142700.0,142800.0,62,0.0,0.0
2025-04-30 10:09:00+09:00,142700.0,142800.0,142600.0,142600.0,487,0.0,0.0
2025-04-30 10:10:00+09:00,142600.0,142700.0,142600.0,142700.0,118,0.0,0.0
2025-04-30 10:11:00+09:00,142700.0,142800.0,142600.0,142700.0,123,0.0,0.0
2025-04-30 10:12:00+09:00,142700.0,142700.0,142600.0,142600.0,149,0.0,0.0
2025-04-30 10:13:00+09:00,142600.0,142700.0,142500.0,142500.0,696,0.0,0.0
2025-04-30 10:14:00+09:00,142500.0,142600.0,142400.0,142500.0,124,0.0,0.0
2025-04-30 10:15:00+09:00,142500.0,142500.0,142400.0,142400.0,127,0.0,0.0
2025-04-30 10:16:00+09:00,142500.0,142500.0,142400.0,142500.0,440,0.0,0.0
2025-04-30 10:17:00+09:00,142500.0,143300.0,142500.0,142800.0,217,0.0,0.0
2025-04-30 10:18:00+09:00,142800.0,143000.0,142800.0,142900.0,154,0.0,0.0
2025-04-30 10:19:00+09:00,143000.0,143300.0,143000.0,143100.0,466,0.0,0.0
2025-04-30 10:20:00+09:00,143300.0,143300.0,143100.0,143100.0,75,0.0,0.0
2025-04-30 10:21:00+09:00,143100.0,143100.0,143100.0,143100.0,13,0.0,0.0
2025-04-30 10:22:00+09:00,143100.0,143200.0,143000.0,143000.0,222,0.0,0.0
2025-04-30 10:23:00+09:00,143000.0,143100.0,142800.0,142900.0,259,0.0,0.0
2025-04-30 10:24:00+09:00,142900.0,143000.0,142900.0,143000.0,208,0.0,0.0
2025-04-30 10:25:00+09:00,143000.0,143000.0,143000.0,143000.0,166,0.0,0.0
2025-04-30 10:26:00+09:00,143000.0,143100.0,143000.0,143100.0,117,0.0,0.0
2025-04-30 10:27:00+09:00,143100.0,143100.0,142900.0,142900.0,74,0.0,0.0
2025-04-30 10:28:00+09:00,143000.0,143000.0,142800.0,142800.0,257,0.0,0.0
2025-04-30 10:29:00+09:00,142800.0,143000.0,142800.0,143000.0,145,0.0,0.0
2025-04-30 10:30:00+09:00,142900.0,142900.0,142800.0,142800.0,211,0.0,0.0
2025-04-30 10:31:00+09:00,142700.0,142800.0,142700.0,142800.0,195,0.0,0.0
2025-04-30 10:32:00+09:00,142800.0,142800.0,142700.0,142700.0,107,0.0,0.0
2025-04-30 10:33:00+09:00,142700.0,142700.0,142600.0,142600.0,220,0.0,0.0
2025-04-30 10:34:00+09:00,142600.0,142600.0,142600.0,142600.0,0,0.0,0.0
2025-04-30 10:35:00+09:00,142500.0,142700.0,142500.0,142700.0,60,0.0,0.0
2025-04-30 10:36:00+09:00,142700.0,142700.0,142700.0,142700.0,5,0.0,0.0
2025-04-30 10:37:00+09:00,142600.0,142700.0,142600.0,142700.0,126,0.0,0.0
2025-04-30 10:38:00+09:00,142700.0,142800.0,142700.0,142800.0,25,0.0,0.0
2025-04-30 10:39:00+09:00,142800.0,142800.0,142600.0,142700.0,229,0.0,0.0
2025-04-30 10:40:00+09:00,142600.0,142600.0,142400.0,142400.0,1781,0.0,0.0
2025-04-30 10:41:00+09:00,142400.0,142400.0,142300.0,142300.0,284,0.0,0.0
2025-04-30 10:42:00+09:00,142300.0,142300.0,142200.0,142200.0,305,0.0,0.0
2025-04-30 10:43:00+09:00,142200.0,142300.0,142100.0,142200.0,615,0.0,0.0
2025-04-30 10:44:00+09:00,142300.0,142800.0,142300.0,142600.0,245,0.0,0.0
2025-04-30 10:45:00+09:00,142800.0,142800.0,142600.0,142700.0,121,0.0,0.0
2025-04-30 10:46:00+09:00,142800.0,142800.0,142700.0,142800.0,51,0.0,0.0
2025-04-30 10:47:00+09:00,142800.0,142900.0,142800.0,142800.0,163,0.0,0.0
2025-04-30 10:48:00+09:00,142800.0,142900.0,142800.0,142800.0,16,0.0,0.0
2025-04-30 10:49:00+09:00,142800.0,142800.0,142700.0,142700.0,98,0.0,0.0
2025-04-30 10:50:00+09:00,142700.0,142800.0,142700.0,142800.0,52,0.0,0.0
2025-04-30 10:51:00+09:00,142800.0,142900.0,142800.0,142800.0,180,0.0,0.0
2025-04-30 10:52:00+09:00,142900.0,143400.0,142900.0,143000.0,423,0.0,0.0
2025-04-30 10:53:00+09:00,143000.0,143000.0,142700.0,142700.0,441,0.0,0.0
2025-04-30 10:54:00+09:00,142800.0,142800.0,142700.0,142800.0,44,0.0,0.0
2025-04-30 10:55:00+09:00,142700.0,142900.0,142700.0,142900.0,6,0.0,0.0
2025-04-30 10:56:00+09:00,142800.0,142900.0,142800.0,142800.0,123,0.0,0.0
2025-04-30 10:57:00+09:00,142900.0,142900.0,142900.0,142900.0,28,0.0,0.0
2025-04-30 10:58:00+09:00,142800.0,142900.0,142800.0,142900.0,85,0.0,0.0
2025-04-30 10:59:00+09:00,142900.0,142900.0,142800.0,142900.0,88,0.0,0.0
2025-04-30 11:00:00+09:00,142800.0,142900.0,142800.0,142900.0,58,0.0,0.0
2025-04-30 11:01:00+09:00,142900.0,142900.0,142800.0,142800.0,148,0.0,0.0
2025-04-30 11:02:00+09:00,142700.0,142800.0,142700.0,142700.0,182,0.0,0.0
2025-04-30 11:03:00+09:00,142700.0,142700.0,142300.0,142300.0,400,0.0,0.0
2025-04-30 11:04:00+09:00,142300.0,142500.0,142300.0,142300.0,182,0.0,0.0
2025-04-30 11:05:00+09:00,142500.0,142500.0,142300.0,142400.0,114,0.0,0.0
2025-04-30 11:06:00+09:00,142400.0,142400.0,142300.0,142300.0,117,0.0,0.0
2025-04-30 11:07:00+09:00,142400.0,142500.0,142400.0,142500.0,69,0.0,0.0
2025-04-30 11:08:00+09:00,142500.0,142600.0,142500.0,142500.0,5,0.0,0.0
2025-04-30 11:09:00+09:00,142500.0,142500.0,142500.0,142500.0,0,0.0,0.0
2025-04-30 11:10:00+09:00,142500.0,142500.0,142500.0,142500.0,54,0.0,0.0
2025-04-30 11:11:00+09:00,142500.0,142600.0,142500.0,142600.0,327,0.0,0.0
2025-04-30 11:12:00+09:00,142600.0,142600.0,142500.0,142500.0,0,0.0,0.0
2025-04-30 11:13:00+09:00,142500.0,142600.0,142500.0,142600.0,21,0.0,0.0
2025-04-30 11:14:00+09:00,142600.0,142600.0,142500.0,142500.0,38,0.0,0.0
2025-04-30 11:15:00+09:00,142500.0,142600.0,142500.0,142500.0,140,0.0,0.0
2025-04-30 11:16:00+09:00,142500.0,142500.0,142500.0,142500.0,93,0.0,0.0
2025-04-30 11:17:00+09:00,142600.0,142600.0,142600.0,142600.0,0,0.0,0.0
2025-04-30 11:18:00+09:00,142600.0,142600.0,142500.0,142500.0,64,0.0,0.0
2025-04-30 11:19:00+09:00,142500.0,142500.0,142500.0,142500.0,41,0.0,0.0
2025-04-30 11:20:00+09:00,142500.0,142500.0,142400.0,142400.0,437,0.0,0.0
2025-04-30 11:21:00+09:00,142400.0,142400.0,142200.0,142300.0,234,0.0,0.0
2025-04-30 11:22:00+09:00,142300.0,142300.0,141900.0,142000.0,3052,0.0,0.0
2025-04-30 11:23:00+09:00,141900.0,142000.0,141900.0,142000.0,205,0.0,0.0
2025-04-30 11:24:00+09:00,142000.0,142000.0,142000.0,142000.0,27,0.0,0.0
2025-04-30 11:25:00+09:00,142000.0,142000.0,141900.0,141900.0,72,0.0,0.0
2025-04-30 11:26:00+09:00,141900.0,142200.0,141900.0,142000.0,1527,0.0,0.0
2025-04-30 11:27:00+09:00,142000.0,142100.0,142000.0,142100.0,67,0.0,0.0
2025-04-30 11:28:00+09:00,142050.0,142100.0,142050.0,142100.0,23,0.0,0.0
2025-04-30 11:29:00+09:00,142100.0,142100.0,142050.0,142050.0,57,0.0,0.0
2025-04-30 11:30:00+09:00,142050.0,142100.0,142050.0,142100.0,71,0.0,0.0
2025-04-30 11:31:00+09:00,142100.0,142100.0,142000.0,142000.0,183,0.0,0.0
2025-04-30 11:32:00+09:00,142000.0,142000.0,142000.0,142000.0,3,0.0,0.0
2025-04-30 11:33:00+09:00,142000.0,142000.0,142000.0,142000.0,58,0.0,0.0
2025-04-30 11:34:00+09:00,142000.0,142100.0,142000.0,142100.0,268,0.0,0.0
2025-04-30 11:35:00+09:00,142100.0,142200.0,142100.0,142200.0,87,0.0,0.0
2025-04-30 11:36:00+09:00,142200.0,142200.0,142200.0,142200.0,96,0.0,0.0
2025-04-30 11:37:00+09:00,142300.0,142300.0,142100.0,142100.0,110,0.0,0.0
2025-04-30 11:38:00+09:00,142100.0,142200.0,142100.0,142200.0,72,0.0,0.0
2025-04-30 11:39:00+09:00,142200.0,142200.0,142100.0,142100.0,193,0.0,0.0
2025-04-30 11:40:00+09:00,142100.0,142200.0,142000.0,142000.0,117,0.0,0.0
2025-04-30 11:41:00+09:00,142100.0,142100.0,142000.0,142100.0,104,0.0,0.0
2025-04-30 11:42:00+09:00,142100.0,142100.0,142000.0,142000.0,0,0.0,0.0
2025-04-30 11:43:00+09:00,142100.0,142100.0,141900.0,142000.0,71,0.0,0.0
2025-04-30 11:44:00+09:00,142000.0,142000.0,142000.0,142000.0,18,0.0,0.0
2025-04-30 11:45:00+09:00,141900.0,141900.0,141800.0,141900.0,348,0.0,0.0
2025-04-30 11:46:00+09:00,141900.0,141900.0,141800.0,141900.0,84,0.0,0.0
2025-04-30 11:47:00+09:00,141800.0,141800.0,141700.0,141800.0,423,0.0,0.0
2025-04-30 11:48:00+09:00,141800.0,141900.0,141800.0,141900.0,158,0.0,0.0
2025-04-30 11:49:00+09:00,141900.0,142400.0,141900.0,142000.0,576,0.0,0.0
2025-04-30 11:50:00+09:00,142100.0,142200.0,142100.0,142200.0,64,0.0,0.0
2025-04-30 11:51:00+09:00,142200.0,142200.0,142100.0,142100.0,30,0.0,0.0
2025-04-30 11:52:00+09:00,142200.0,142200.0,142100.0,142100.0,30,0.0,0.0
2025-04-30 11:53:00+09:00,142100.0,142200.0,142000.0,142000.0,199,0.0,0.0
2025-04-30 11:54:00+09:00,142100.0,142100.0,142000.0,142000.0,1,0.0,0.0
2025-04-30 11:55:00+09:00,142000.0,142000.0,142000.0,142000.0,72,0.0,0.0
2025-04-30 11:56:00+09:00,141900.0,142000.0,141900.0,142000.0,8,0.0,0.0
2025-04-30 11:57:00+09:00,142000.0,142000.0,141800.0,141900.0,127,0.0,0.0
2025-04-30 11:58:00+09:00,141800.0,141800.0,141800.0,141800.0,31,0.0,0.0
2025-04-30 11:59:00+09:00,141900.0,141900.0,141800.0,141800.0,219,0.0,0.0
2025-04-30 12:00:00+09:00,141800.0,141900.0,141800.0,141800.0,51,0.0,0.0
2025-04-30 12:01:00+09:00,141900.0,141900.0,141900.0,141900.0,26,0.0,0.0
2025-04-30 12:02:00+09:00,141850.0,141850.0,141800.0,141800.0,71,0.0,0.0
2025-04-30 12:03:00+09:00,141800.0,141800.0,141750.0,141800.0,658,0.0,0.0
2025-04-30 12:04:00+09:00,141800.0,141900.0,141700.0,141900.0,119,0.0,0.0
2025-04-30 12:05:00+09:00,141700.0,141800.0,141700.0,141800.0,0,0.0,0.0
2025-04-30 12:06:00+09:00,141800.0,141800.0,141800.0,141800.0,37,0.0,0.0
2025-04-30 12:07:00+09:00,141800.0,141800.0,141500.0,141600.0,573,0.0,0.0
2025-04-30 12:08:00+09:00,141600.0,141700.0,141500.0,141700.0,343,0.0,0.0
2025-04-30 12:09:00+09:00,141700.0,141700.0,141600.0,141600.0,41,0.0,0.0
2025-04-30 12:10:00+09:00,141600.0,141700.0,141600.0,141700.0,36,0.0,0.0
2025-04-30 12:11:00+09:00,141700.0,141700.0,141700.0,141700.0,90,0.0,0.0
2025-04-30 12:12:00+09:00,141700.0,141700.0,141700.0,141700.0,0,0.0,0.0
2025-04-30 12:13:00+09:00,141600.0,141600.0,141500.0,141600.0,253,0.0,0.0
2025-04-30 12:14:00+09:00,141500.0,141600.0,141500.0,141600.0,110,0.0,0.0
2025-04-30 12:15:00+09:00,141600.0,141600.0,141500.0,141600.0,9,0.0,0.0
2025-04-30 12:17:00+09:00,141600.0,141600.0,141400.0,141500.0,745,0.0,0.0
2025-04-30 12:18:00+09:00,141500.0,141500.0,141400.0,141400.0,46,0.0,0.0
2025-04-30 12:19:00+09:00,141400.0,141500.0,141400.0,141500.0,3,0.0,0.0
2025-04-30 12:20:00+09:00,141400.0,141500.0,141400.0,141500.0,184,0.0,0.0
2025-04-30 12:21:00+09:00,141500.0,141500.0,141500.0,141500.0,26,0.0,0.0
2025-04-30 12:22:00+09:00,141500.0,141500.0,141400.0,141400.0,11,0.0,0.0
2025-04-30 12:23:00+09:00,141500.0,141500.0,141400.0,141500.0,6,0.0,0.0
2025-04-30 12:24:00+09:00,141500.0,141500.0,141400.0,141500.0,186,0.0,0.0
2025-04-30 12:25:00+09:00,141500.0,141500.0,141300.0,141300.0,253,0.0,0.0
2025-04-30 12:26:00+09:00,141400.0,141400.0,141300.0,141400.0,269,0.0,0.0
2025-04-30 12:27:00+09:00,141500.0,141500.0,141500.0,141500.0,0,0.0,0.0
2025-04-30 12:28:00+09:00,141500.0,141600.0,141500.0,141600.0,108,0.0,0.0
2025-04-30 12:29:00+09:00,141600.0,141600.0,141600.0,141600.0,91,0.0,0.0
2025-04-30 12:30:00+09:00,141700.0,141700.0,141600.0,141600.0,45,0.0,0.0
2025-04-30 12:31:00+09:00,141700.0,141700.0,141700.0,141700.0,22,0.0,0.0
2025-04-30 12:32:00+09:00,141700.0,141800.0,141700.0,141700.0,0,0.0,0.0
2025-04-30 12:33:00+09:00,141600.0,141700.0,141600.0,141700.0,8,0.0,0.0
2025-04-30 12:34:00+09:00,141700.0,141700.0,141700.0,141700.0,51,0.0,0.0
2025-04-30 12:35:00+09:00,141800.0,141800.0,141600.0,141600.0,65,0.0,0.0
2025-04-30 12:36:00+09:00,141600.0,141700.0,141600.0,141700.0,0,0.0,0.0
2025-04-30 12:37:00+09:00,141600.0,141700.0,141600.0,141700.0,32,0.0,0.0
2025-04-30 12:38:00+09:00,141600.0,141600.0,141600.0,141600.0,43,0.0,0.0
2025-04-30 12:39:00+09:00,141600.0,141600.0,141500.0,141500.0,32,0.0,0.0
2025-04-30 12:40:00+09:00,141500.0,141600.0,141500.0,141600.0,2,0.0,0.0
2025-04-30 12:41:00+09:00,141600.0,141600.0,141600.0,141600.0,248,0.0,0.0
2025-04-30 12:42:00+09:00,141600.0,141600.0,141400.0,141400.0,379,0.0,0.0
2025-04-30 12:43:00+09:00,141400.0,141500.0,141400.0,141500.0,41,0.0,0.0
2025-04-30 12:44:00+09:00,141500.0,141500.0,141500.0,141500.0,10,0.0,0.0
2025-04-30 12:45:00+09:00,141400.0,141500.0,141400.0,141500.0,15,0.0,0.0
2025-04-30 12:46:00+09:00,141500.0,141500.0,141400.0,141400.0,212,0.0,0.0
2025-04-30 12:47:00+09:00,141400.0,141400.0,141300.0,141400.0,28,0.0,0.0
2025-04-30 12:48:00+09:00,141400.0,141400.0,141300.0,141300.0,420,0.0,0.0
2025-04-30 12:49:00+09:00,141300.0,141300.0,141200.0,141200.0,111,0.0,0.0
2025-04-30 12:50:00+09:00,141200.0,141300.0,141200.0,141300.0,29,0.0,0.0
2025-04-30 12:51:00+09:00,141300.0,141300.0,141200.0,141300.0,352,0.0,0.0
2025-04-30 12:52:00+09:00,141250.0,141300.0,141200.0,141200.0,127,0.0,0.0
2025-04-30 12:53:00+09:00,141200.0,141300.0,141200.0,141200.0,405,0.0,0.0
2025-04-30 12:54:00+09:00,141200.0,141200.0,140800.0,140800.0,2263,0.0,0.0
2025-04-30 12:55:00+09:00,140800.0,140900.0,140700.0,140800.0,698,0.0,0.0
2025-04-30 12:56:00+09:00,140800.0,140900.0,140800.0,140900.0,219,0.0,0.0
2025-04-30 12:57:00+09:00,140900.0,140900.0,140800.0,140900.0,81,0.0,0.0
2025-04-30 12:58:00+09:00,140900.0,140900.0,140700.0,140700.0,808,0.0,0.0
2025-04-30 12:59:00+09:00,140700.0,140800.0,140700.0,140800.0,408,0.0,0.0
2025-04-30 13:00:00+09:00,140800.0,140800.0,140700.0,140700.0,210,0.0,0.0
2025-04-30 13:01:00+09:00,140700.0,140800.0,140600.0,140600.0,509,0.0,0.0
2025-04-30 13:02:00+09:00,140600.0,140700.0,140500.0,140500.0,465,0.0,0.0
2025-04-30 13:03:00+09:00,140600.0,140600.0,140500.0,140500.0,74,0.0,0.0
2025-04-30 13:04:00+09:00,140600.0,140800.0,140500.0,140700.0,1010,0.0,0.0
2025-04-30 13:05:00+09:00,140700.0,140700.0,140600.0,140600.0,187,0.0,0.0
2025-04-30 13:06:00+09:00,140700.0,140700.0,140600.0,140600.0,156,0.0,0.0
2025-04-30 13:07:00+09:00,140600.0,140700.0,140400.0,140400.0,688,0.0,0.0
2025-04-30 13:08:00+09:00,140500.0,140500.0,140100.0,140300.0,1271,0.0,0.0
2025-04-30 13:09:00+09:00,140200.0,140300.0,140200.0,140300.0,371,0.0,0.0
2025-04-30 13:10:00+09:00,140300.0,140300.0,140200.0,140300.0,64,0.0,0.0
2025-04-30 13:11:00+09:00,140300.0,140300.0,140200.0,140300.0,126,0.0,0.0
2025-04-30 13:12:00+09:00,140300.0,140300.0,140200.0,140300.0,148,0.0,0.0
2025-04-30 13:13:00+09:00,140300.0,140500.0,140200.0,140500.0,728,0.0,0.0
2025-04-30 13:14:00+09:00,140500.0,140500.0,140300.0,140300.0,393,0.0,0.0
2025-04-30 13:15:00+09:00,140300.0,140400.0,140300.0,140300.0,373,0.0,0.0
2025-04-30 13:16:00+09:00,140400.0,140400.0,140200.0,140200.0,118,0.0,0.0
2025-04-30 13:17:00+09:00,140200.0,140300.0,140200.0,140200.0,125,0.0,0.0
2025-04-30 13:18:00+09:00,140300.0,140300.0,140200.0,140300.0,84,0.0,0.0
2025-04-30 13:19:00+09:00,140200.0,140300.0,140200.0,140300.0,103,0.0,0.0
2025-04-30 13:20:00+09:00,140200.0,140300.0,140200.0,140300.0,192,0.0,0.0
2025-04-30 13:21:00+09:00,140250.0,140300.0,140200.0,140300.0,92,0.0,0.0
2025-04-30 13:22:00+09:00,140300.0,140300.0,140200.0,140300.0,380,0.0,0.0
2025-04-30 13:23:00+09:00,140300.0,140300.0,140200.0,140300.0,247,0.0,0.0
2025-04-30 13:24:00+09:00,140300.0,140300.0,140100.0,140200.0,684,0.0,0.0
2025-04-30 13:25:00+09:00,140200.0,140200.0,140000.0,140200.0,820,0.0,0.0
2025-04-30 13:26:00+09:00,140200.0,140200.0,140100.0,140100.0,196,0.0,0.0
2025-04-30 13:27:00+09:00,140200.0,140200.0,140100.0,140100.0,158,0.0,0.0
2025-04-30 13:28:00+09:00,140100.0,140200.0,140100.0,140100.0,114,0.0,0.0
2025-04-30 13:29:00+09:00,140100.0,140100.0,139900.0,139900.0,1623,0.0,0.0
2025-04-30 13:30:00+09:00,140000.0,140000.0,139700.0,139800.0,730,0.0,0.0
2025-04-30 13:31:00+09:00,139800.0,139800.0,139700.0,139800.0,71,0.0,0.0
2025-04-30 13:32:00+09:00,139800.0,140200.0,139700.0,139800.0,654,0.0,0.0
2025-04-30 13:33:00+09:00,139800.0,139900.0,139800.0,139800.0,157,0.0,0.0
2025-04-30 13:34:00+09:00,139800.0,139900.0,139700.0,139800.0,226,0.0,0.0
2025-04-30 13:35:00+09:00,139800.0,139800.0,139600.0,139600.0,390,0.0,0.0
2025-04-30 13:36:00+09:00,139600.0,139700.0,139600.0,139700.0,130,0.0,0.0
2025-04-30 13:37:00+09:00,139600.0,139700.0,139300.0,139300.0,817,0.0,0.0
2025-04-30 13:38:00+09:00,139400.0,139400.0,139200.0,139400.0,692,0.0,0.0
2025-04-30 13:39:00+09:00,139300.0,139400.0,139200.0,139300.0,64,0.0,0.0
2025-04-30 13:40:00+09:00,139300.0,139400.0,139300.0,139300.0,289,0.0,0.0
2025-04-30 13:41:00+09:00,139400.0,139800.0,139400.0,139700.0,383,0.0,0.0
2025-04-30 13:42:00+09:00,139700.0,139900.0,139400.0,139500.0,237,0.0,0.0
2025-04-30 13:43:00+09:00,139500.0,139700.0,139500.0,139700.0,135,0.0,0.0
2025-04-30 13:44:00+09:00,139600.0,139700.0,139600.0,139700.0,272,0.0,0.0
2025-04-30 13:45:00+09:00,139700.0,139900.0,139600.0,139900.0,446,0.0,0.0
2025-04-30 13:46:00+09:00,140000.0,140000.0,139900.0,139900.0,96,0.0,0.0
2025-04-30 13:47:00+09:00,139900.0,139900.0,139700.0,139900.0,195,0.0,0.0
2025-04-30 13:48:00+09:00,139900.0,139900.0,139800.0,139900.0,400,0.0,0.0
2025-04-30 13:49:00+09:00,139900.0,139900.0,139800.0,139900.0,276,0.0,0.0
2025-04-30 13:50:00+09:00,139900.0,140300.0,139800.0,140300.0,219,0.0,0.0
2025-04-30 13:51:00+09:00,140100.0,140100.0,139800.0,139800.0,275,0.0,0.0
2025-04-30 13:52:00+09:00,139800.0,139800.0,139600.0,139600.0,433,0.0,0.0
2025-04-30 13:53:00+09:00,139600.0,139700.0,139600.0,139700.0,379,0.0,0.0
2025-04-30 13:54:00+09:00,139700.0,139800.0,139600.0,139700.0,379,0.0,0.0
2025-04-30 13:55:00+09:00,139800.0,139800.0,139700.0,139700.0,247,0.0,0.0
2025-04-30 13:56:00+09:00,139700.0,139700.0,139600.0,139600.0,82,0.0,0.0
2025-04-30 13:57:00+09:00,139700.0,139700.0,139500.0,139500.0,221,0.0,0.0
2025-04-30 13:58:00+09:00,139500.0,139500.0,139500.0,139500.0,44,0.0,0.0
2025-04-30 13:59:00+09:00,139500.0,139600.0,139500.0,139600.0,421,0.0,0.0
2025-04-30 14:00:00+09:00,139500.0,139500.0,139500.0,139500.0,332,0.0,0.0
2025-04-30 14:01:00+09:00,139600.0,139700.0,139600.0,139700.0,226,0.0,0.0
2025-04-30 14:02:00+09:00,139700.0,139900.0,139700.0,139900.0,144,0.0,0.0
2025-04-30 14:03:00+09:00,139800.0,140200.0,139800.0,140000.0,759,0.0,0.0
2025-04-30 14:04:00+09:00,139900.0,140100.0,139900.0,140000.0,349,0.0,0.0
2025-04-30 14:05:00+09:00,140100.0,140100.0,140000.0,140000.0,20,0.0,0.0
2025-04-30 14:06:00+09:00,140000.0,140100.0,140000.0,140000.0,67,0.0,0.0
2025-04-30 14:07:00+09:00,140000.0,140100.0,139900.0,140100.0,327,0.0,0.0
2025-04-30 14:08:00+09:00,140100.0,140100.0,140100.0,140100.0,159,0.0,0.0
2025-04-30 14:09:00+09:00,140100.0,140300.0,140100.0,140300.0,702,0.0,0.0
2025-04-30 14:10:00+09:00,140300.0,140300.0,140100.0,140200.0,347,0.0,0.0
2025-04-30 14:11:00+09:00,140200.0,140700.0,140200.0,140600.0,1202,0.0,0.0
2025-04-30 14:12:00+09:00,140600.0,140600.0,140500.0,140500.0,335,0.0,0.0
2025-04-30 14:13:00+09:00,140500.0,140500.0,140400.0,140400.0,204,0.0,0.0
2025-04-30 14:14:00+09:00,140400.0,140400.0,140300.0,140400.0,111,0.0,0.0
2025-04-30 14:15:00+09:00,140300.0,140400.0,140300.0,140400.0,54,0.0,0.0
2025-04-30 14:16:00+09:00,140400.0,140500.0,140400.0,140500.0,498,0.0,0.0
2025-04-30 14:17:00+09:00,140500.0,140500.0,140500.0,140500.0,196,0.0,0.0
2025-04-30 14:18:00+09:00,140500.0,140500.0,140400.0,140500.0,222,0.0,0.0
2025-04-30 14:19:00+09:00,140500.0,140500.0,140400.0,140400.0,107,0.0,0.0
2025-04-30 14:20:00+09:00,140400.0,140500.0,140300.0,140300.0,556,0.0,0.0
2025-04-30 14:21:00+09:00,140400.0,140400.0,140300.0,140400.0,395,0.0,0.0
2025-04-30 14:22:00+09:00,140400.0,140400.0,140300.0,140300.0,0,0.0,0.0
2025-04-30 14:23:00+09:00,140300.0,140400.0,140300.0,140300.0,231,0.0,0.0
2025-04-30 14:24:00+09:00,140300.0,140300.0,140100.0,140200.0,1275,0.0,0.0
2025-04-30 14:25:00+09:00,140400.0,140400.0,140200.0,140300.0,367,0.0,0.0
2025-04-30 14:26:00+09:00,140200.0,140400.0,140200.0,140300.0,103,0.0,0.0
2025-04-30 14:27:00+09:00,140300.0,140300.0,140200.0,140200.0,40,0.0,0.0
2025-04-30 14:28:00+09:00,140200.0,140200.0,140100.0,140100.0,381,0.0,0.0
2025-04-30 14:29:00+09:00,140100.0,140200.0,140000.0,140100.0,240,0.0,0.0
2025-04-30 14:30:00+09:00,140000.0,140100.0,140000.0,140100.0,460,0.0,0.0
2025-04-30 14:31:00+09:00,140100.0,140100.0,139800.0,139800.0,1470,0.0,0.0
2025-04-30 14:32:00+09:00,139900.0,139900.0,139600.0,139800.0,423,0.0,0.0
2025-04-30 14:33:00+09:00,139600.0,139800.0,139600.0,139600.0,143,0.0,0.0
2025-04-30 14:34:00+09:00,139600.0,139700.0,139500.0,139600.0,99,0.0,0.0
2025-04-30 14:35:00+09:00,139500.0,139600.0,139500.0,139500.0,86,0.0,0.0
2025-04-30 14:36:00+09:00,139500.0,139600.0,139500.0,139500.0,241,0.0,0.0
2025-04-30 14:37:00+09:00,139600.0,139600.0,139500.0,139600.0,93,0.0,0.0
2025-04-30 14:38:00+09:00,139600.0,139600.0,139500.0,139500.0,362,0.0,0.0
2025-04-30 14:39:00+09:00,139500.0,140000.0,139500.0,139700.0,666,0.0,0.0
2025-04-30 14:40:00+09:00,139600.0,139700.0,139600.0,139600.0,251,0.0,0.0
2025-04-30 14:41:00+09:00,139600.0,140000.0,139600.0,140000.0,593,0.0,0.0
2025-04-30 14:42:00+09:00,139800.0,140000.0,139800.0,139800.0,41,0.0,0.0
2025-04-30 14:43:00+09:00,139900.0,139900.0,139800.0,139900.0,28,0.0,0.0
2025-04-30 14:44:00+09:00,139800.0,140100.0,139800.0,140100.0,296,0.0,0.0
2025-04-30 14:45:00+09:00,139900.0,140100.0,139900.0,140000.0,87,0.0,0.0
2025-04-30 14:46:00+09:00,140000.0,140000.0,139900.0,139900.0,86,0.0,0.0
2025-04-30 14:47:00+09:00,140000.0,140000.0,139800.0,139900.0,234,0.0,0.0
2025-04-30 14:48:00+09:00,139800.0,139900.0,139800.0,139900.0,390,0.0,0.0
2025-04-30 14:49:00+09:00,139900.0,140000.0,139800.0,139900.0,218,0.0,0.0
2025-04-30 14:50:00+09:00,139900.0,140100.0,139900.0,139900.0,11,0.0,0.0
2025-04-30 14:51:00+09:00,139900.0,140000.0,139900.0,140000.0,95,0.0,0.0
2025-04-30 14:52:00+09:00,140000.0,140000.0,139900.0,140000.0,205,0.0,0.0
2025-04-30 14:53:00+09:00,140000.0,141900.0,140000.0,140800.0,552,0.0,0.0
2025-04-30 14:54:00+09:00,140100.0,140300.0,140100.0,140300.0,98,0.0,0.0
2025-04-30 14:55:00+09:00,140300.0,140500.0,140300.0,140300.0,72,0.0,0.0
2025-04-30 14:56:00+09:00,140400.0,140500.0,140300.0,140400.0,222,0.0,0.0
2025-04-30 14:57:00+09:00,140400.0,140400.0,140300.0,140300.0,62,0.0,0.0
2025-04-30 14:58:00+09:00,140400.0,140400.0,140300.0,140400.0,85,0.0,0.0
2025-04-30 14:59:00+09:00,140400.0,140600.0,140300.0,140600.0,778,0.0,0.0
2025-05-02 09:00:00+09:00,139800.0,140700.0,139800.0,140000.0,0,0.0,0.0
2025-05-02 09:01:00+09:00,139900.0,140900.0,139900.0,140900.0,976,0.0,0.0
2025-05-02 09:02:00+09:00,140900.0,141400.0,140900.0,140900.0,276,0.0,0.0
2025-05-02 09:03:00+09:00,140900.0,141700.0,139900.0,141700.0,595,0.0,0.0
2025-05-02 09:04:00+09:00,141500.0,141800.0,141100.0,141500.0,597,0.0,0.0
2025-05-02 09:05:00+09:00,141400.0,142000.0,141400.0,141700.0,1324,0.0,0.0
2025-05-02 09:06:00+09:00,141800.0,141900.0,141500.0,141500.0,446,0.0,0.0
2025-05-02 09:07:00+09:00,141500.0,141800.0,141400.0,141600.0,603,0.0,0.0
2025-05-02 09:08:00+09:00,141600.0,141700.0,141400.0,141700.0,180,0.0,0.0
2025-05-02 09:09:00+09:00,141700.0,141900.0,141700.0,141800.0,321,0.0,0.0
2025-05-02 09:10:00+09:00,141700.0,141800.0,141500.0,141600.0,159,0.0,0.0
2025-05-02 09:11:00+09:00,141600.0,142400.0,141600.0,141900.0,1168,0.0,0.0
2025-05-02 09:12:00+09:00,142100.0,142300.0,142000.0,142200.0,115,0.0,0.0
2025-05-02 09:13:00+09:00,142200.0,142200.0,141900.0,142200.0,609,0.0,0.0
2025-05-02 09:14:00+09:00,142200.0,142400.0,142000.0,142100.0,427,0.0,0.0
2025-05-02 09:15:00+09:00,142100.0,142100.0,141700.0,141700.0,367,0.0,0.0
2025-05-02 09:16:00+09:00,141900.0,142100.0,141800.0,141800.0,274,0.0,0.0
2025-05-02 09:17:00+09:00,141800.0,142100.0,141800.0,142100.0,382,0.0,0.0
2025-05-02 09:18:00+09:00,142200.0,142200.0,141800.0,142000.0,87,0.0,0.0
2025-05-02 09:19:00+09:00,142000.0,142000.0,141600.0,141600.0,312,0.0,0.0
2025-05-02 09:20:00+09:00,141600.0,141700.0,141400.0,141500.0,74,0.0,0.0
2025-05-02 09:21:00+09:00,141400.0,141400.0,141100.0,141100.0,221,0.0,0.0
2025-05-02 09:22:00+09:00,141000.0,141100.0,140700.0,141100.0,280,0.0,0.0
2025-05-02 09:23:00+09:00,141100.0,141200.0,140900.0,141000.0,225,0.0,0.0
2025-05-02 09:24:00+09:00,141000.0,141300.0,141000.0,141300.0,90,0.0,0.0
2025-05-02 09:25:00+09:00,141200.0,141400.0,141100.0,141200.0,151,0.0,0.0
2025-05-02 09:26:00+09:00,141200.0,141400.0,141000.0,141000.0,168,0.0,0.0
2025-05-02 09:27:00+09:00,141000.0,141300.0,141000.0,141300.0,48,0.0,0.0
2025-05-02 09:28:00+09:00,141300.0,141400.0,141100.0,141400.0,352,0.0,0.0
2025-05-02 09:29:00+09:00,141100.0,141500.0,140800.0,141500.0,1186,0.0,0.0
2025-05-02 09:30:00+09:00,141300.0,141600.0,140900.0,140900.0,148,0.0,0.0
2025-05-02 09:31:00+09:00,141400.0,141700.0,141200.0,141200.0,231,0.0,0.0
2025-05-02 09:32:00+09:00,141800.0,142600.0,141600.0,142600.0,1979,0.0,0.0
2025-05-02 09:33:00+09:00,142500.0,142500.0,141800.0,142000.0,1130,0.0,0.0
2025-05-02 09:34:00+09:00,142100.0,142100.0,142000.0,142000.0,577,0.0,0.0
2025-05-02 09:35:00+09:00,142000.0,142000.0,141800.0,141900.0,177,0.0,0.0
2025-05-02 09:36:00+09:00,141800.0,141800.0,141800.0,141800.0,15,0.0,0.0
2025-05-02 09:37:00+09:00,141900.0,142000.0,141900.0,142000.0,194,0.0,0.0
2025-05-02 09:38:00+09:00,142000.0,142000.0,141700.0,141800.0,65,0.0,0.0
2025-05-02 09:39:00+09:00,141800.0,141900.0,141800.0,141900.0,58,0.0,0.0
2025-05-02 09:40:00+09:00,141900.0,142000.0,141900.0,141900.0,96,0.0,0.0
2025-05-02 09:41:00+09:00,142000.0,142000.0,141850.0,141900.0,0,0.0,0.0
2025-05-02 09:42:00+09:00,141900.0,142000.0,141700.0,141800.0,261,0.0,0.0
2025-05-02 09:43:00+09:00,141700.0,141800.0,141700.0,141800.0,25,0.0,0.0
2025-05-02 09:44:00+09:00,141700.0,141700.0,141600.0,141700.0,251,0.0,0.0
2025-05-02 09:45:00+09:00,141600.0,141700.0,141500.0,141600.0,167,0.0,0.0
2025-05-02 09:46:00+09:00,141600.0,141700.0,141500.0,141700.0,97,0.0,0.0
2025-05-02 09:47:00+09:00,141700.0,141900.0,141700.0,141900.0,118,0.0,0.0
2025-05-02 09:48:00+09:00,141900.0,142000.0,141700.0,141800.0,148,0.0,0.0
2025-05-02 09:49:00+09:00,141900.0,141900.0,141800.0,141800.0,15,0.0,0.0
2025-05-02 09:50:00+09:00,141800.0,141900.0,141700.0,141900.0,30,0.0,0.0
2025-05-02 09:51:00+09:00,141800.0,141900.0,141800.0,141900.0,8,0.0,0.0
2025-05-02 09:52:00+09:00,141700.0,141800.0,141700.0,141700.0,113,0.0,0.0
2025-05-02 09:53:00+09:00,141800.0,141800.0,141700.0,141700.0,0,0.0,0.0
2025-05-02 09:54:00+09:00,141700.0,141700.0,141500.0,141500.0,110,0.0,0.0
2025-05-02 09:55:00+09:00,141600.0,141900.0,141600.0,141900.0,370,0.0,0.0
2025-05-02 09:56:00+09:00,141900.0,141900.0,141700.0,141700.0,150,0.0,0.0
2025-05-02 09:57:00+09:00,141700.0,141700.0,141700.0,141700.0,26,0.0,0.0
2025-05-02 09:58:00+09:00,141700.0,142000.0,141600.0,141700.0,258,0.0,0.0
2025-05-02 09:59:00+09:00,141900.0,141900.0,141500.0,141600.0,319,0.0,0.0
2025-05-02 10:00:00+09:00,141600.0,141900.0,141400.0,141400.0,185,0.0,0.0
2025-05-02 10:01:00+09:00,141500.0,141900.0,141400.0,141400.0,341,0.0,0.0
2025-05-02 10:02:00+09:00,141500.0,141800.0,141500.0,141700.0,133,0.0,0.0
2025-05-02 10:03:00+09:00,141700.0,141900.0,141700.0,141800.0,788,0.0,0.0
2025-05-02 10:04:00+09:00,141800.0,141800.0,141700.0,141700.0,57,0.0,0.0
2025-05-02 10:05:00+09:00,141700.0,141700.0,141400.0,141400.0,168,0.0,0.0
2025-05-02 10:06:00+09:00,141600.0,141700.0,141400.0,141600.0,372,0.0,0.0
2025-05-02 10:07:00+09:00,141600.0,141600.0,141400.0,141400.0,223,0.0,0.0
2025-05-02 10:08:00+09:00,141300.0,141400.0,141200.0,141300.0,636,0.0,0.0
2025-05-02 10:09:00+09:00,141200.0,141200.0,141100.0,141200.0,288,0.0,0.0
2025-05-02 10:10:00+09:00,141200.0,141300.0,141100.0,141200.0,375,0.0,0.0
2025-05-02 10:11:00+09:00,141200.0,141200.0,140700.0,140800.0,1575,0.0,0.0
2025-05-02 10:12:00+09:00,140800.0,140800.0,140600.0,140600.0,520,0.0,0.0
2025-05-02 10:13:00+09:00,140700.0,140700.0,140400.0,140700.0,463,0.0,0.0
2025-05-02 10:14:00+09:00,140600.0,140600.0,140000.0,140300.0,497,0.0,0.0
2025-05-02 10:15:00+09:00,140300.0,140300.0,139200.0,139200.0,1584,0.0,0.0
2025-05-02 10:16:00+09:00,139300.0,139600.0,139200.0,139500.0,1097,0.0,0.0
2025-05-02 10:17:00+09:00,139500.0,139900.0,139400.0,139900.0,481,0.0,0.0
2025-05-02 10:18:00+09:00,139800.0,140200.0,139500.0,139600.0,981,0.0,0.0
2025-05-02 10:19:00+09:00,139700.0,139800.0,139200.0,139300.0,1074,0.0,0.0
2025-05-02 10:20:00+09:00,139300.0,139300.0,139000.0,139300.0,1048,0.0,0.0
2025-05-02 10:21:00+09:00,139300.0,140000.0,139200.0,139900.0,672,0.0,0.0
2025-05-02 10:22:00+09:00,140000.0,140200.0,139800.0,140200.0,273,0.0,0.0
2025-05-02 10:23:00+09:00,140300.0,140400.0,140000.0,140200.0,134,0.0,0.0
2025-05-02 10:24:00+09:00,140200.0,140300.0,140000.0,140300.0,415,0.0,0.0
2025-05-02 10:25:00+09:00,140300.0,140400.0,140300.0,140400.0,160,0.0,0.0
2025-05-02 10:26:00+09:00,140400.0,140900.0,140400.0,140700.0,308,0.0,0.0
2025-05-02 10:27:00+09:00,140700.0,140700.0,140300.0,140700.0,176,0.0,0.0
2025-05-02 10:28:00+09:00,140500.0,140700.0,140400.0,140700.0,263,0.0,0.0
2025-05-02 10:29:00+09:00,140650.0,140900.0,140650.0,140800.0,209,0.0,0.0
2025-05-02 10:30:00+09:00,140800.0,140800.0,140300.0,140300.0,674,0.0,0.0
2025-05-02 10:31:00+09:00,140300.0,140300.0,140200.0,140200.0,73,0.0,0.0
2025-05-02 10:32:00+09:00,140200.0,140200.0,140100.0,140100.0,105,0.0,0.0
2025-05-02 10:33:00+09:00,140200.0,140200.0,140100.0,140100.0,203,0.0,0.0
2025-05-02 10:34:00+09:00,140100.0,140200.0,140100.0,140200.0,0,0.0,0.0
2025-05-02 10:35:00+09:00,140200.0,140200.0,140000.0,140000.0,196,0.0,0.0
2025-05-02 10:36:00+09:00,140000.0,140200.0,140000.0,140100.0,22,0.0,0.0
2025-05-02 10:37:00+09:00,140200.0,140400.0,140100.0,140400.0,111,0.0,0.0
2025-05-02 10:38:00+09:00,140400.0,140400.0,140300.0,140400.0,71,0.0,0.0
2025-05-02 10:39:00+09:00,140300.0,140300.0,140200.0,140300.0,62,0.0,0.0
2025-05-02 10:40:00+09:00,140200.0,140500.0,140200.0,140300.0,311,0.0,0.0
2025-05-02 10:41:00+09:00,140300.0,140400.0,140300.0,140300.0,305,0.0,0.0
2025-05-02 10:42:00+09:00,140300.0,140300.0,140300.0,140300.0,26,0.0,0.0
2025-05-02 10:43:00+09:00,140300.0,140300.0,140200.0,140200.0,78,0.0,0.0
2025-05-02 10:44:00+09:00,140200.0,140500.0,140200.0,140300.0,200,0.0,0.0
2025-05-02 10:45:00+09:00,140300.0,140400.0,140300.0,140400.0,99,0.0,0.0
2025-05-02 10:46:00+09:00,140300.0,140500.0,140300.0,140500.0,393,0.0,0.0
2025-05-02 10:47:00+09:00,140500.0,140900.0,140400.0,140800.0,1909,0.0,0.0
2025-05-02 10:48:00+09:00,140700.0,141000.0,140600.0,140900.0,792,0.0,0.0
2025-05-02 10:49:00+09:00,141000.0,141200.0,140900.0,141100.0,405,0.0,0.0
2025-05-02 10:50:00+09:00,141100.0,141200.0,141100.0,141100.0,320,0.0,0.0
2025-05-02 10:51:00+09:00,141100.0,141400.0,141000.0,141400.0,425,0.0,0.0
2025-05-02 10:52:00+09:00,141400.0,142000.0,141300.0,141900.0,1537,0.0,0.0
2025-05-02 10:53:00+09:00,141800.0,142000.0,141800.0,141800.0,83,0.0,0.0
2025-05-02 10:54:00+09:00,141800.0,141900.0,141600.0,141800.0,264,0.0,0.0
2025-05-02 10:55:00+09:00,141700.0,141800.0,141500.0,141500.0,154,0.0,0.0
2025-05-02 10:56:00+09:00,141500.0,141500.0,141100.0,141300.0,121,0.0,0.0
2025-05-02 10:57:00+09:00,141200.0,141300.0,141000.0,141300.0,199,0.0,0.0
2025-05-02 10:58:00+09:00,141300.0,141400.0,141100.0,141300.0,243,0.0,0.0
2025-05-02 10:59:00+09:00,141100.0,141100.0,140500.0,140900.0,713,0.0,0.0
2025-05-02 11:00:00+09:00,140900.0,141500.0,140900.0,141400.0,135,0.0,0.0
2025-05-02 11:01:00+09:00,141400.0,141500.0,141400.0,141400.0,65,0.0,0.0
2025-05-02 11:02:00+09:00,141400.0,141400.0,141400.0,141400.0,36,0.0,0.0
2025-05-02 11:03:00+09:00,141300.0,141400.0,141000.0,141200.0,275,0.0,0.0
2025-05-02 11:04:00+09:00,141200.0,141200.0,141000.0,141100.0,67,0.0,0.0
2025-05-02 11:05:00+09:00,141200.0,141200.0,141100.0,141200.0,29,0.0,0.0
2025-05-02 11:06:00+09:00,141200.0,141200.0,141100.0,141200.0,218,0.0,0.0
2025-05-02 11:07:00+09:00,141200.0,141200.0,141100.0,141200.0,91,0.0,0.0
2025-05-02 11:08:00+09:00,141100.0,141100.0,141000.0,141100.0,102,0.0,0.0
2025-05-02 11:09:00+09:00,141100.0,141500.0,141000.0,141000.0,348,0.0,0.0
2025-05-02 11:10:00+09:00,141300.0,141300.0,141200.0,141200.0,28,0.0,0.0
2025-05-02 11:11:00+09:00,141200.0,141200.0,141200.0,141200.0,31,0.0,0.0
2025-05-02 11:12:00+09:00,141200.0,141200.0,141200.0,141200.0,22,0.0,0.0
2025-05-02 11:13:00+09:00,141200.0,141200.0,141000.0,141200.0,199,0.0,0.0
2025-05-02 11:14:00+09:00,141000.0,141200.0,141000.0,141200.0,68,0.0,0.0
2025-05-02 11:15:00+09:00,141100.0,141100.0,141000.0,141000.0,86,0.0,0.0
2025-05-02 11:16:00+09:00,141100.0,141100.0,141000.0,141100.0,103,0.0,0.0
2025-05-02 11:17:00+09:00,141100.0,141100.0,140900.0,140900.0,335,0.0,0.0
2025-05-02 11:18:00+09:00,140900.0,141000.0,140700.0,141000.0,219,0.0,0.0
2025-05-02 11:19:00+09:00,141000.0,141200.0,141000.0,141200.0,221,0.0,0.0
2025-05-02 11:20:00+09:00,141200.0,141200.0,141100.0,141200.0,29,0.0,0.0
2025-05-02 11:21:00+09:00,141200.0,141300.0,141200.0,141300.0,84,0.0,0.0
2025-05-02 11:22:00+09:00,141300.0,141300.0,141000.0,141300.0,155,0.0,0.0
2025-05-02 11:23:00+09:00,141400.0,141400.0,141300.0,141300.0,40,0.0,0.0
2025-05-02 11:24:00+09:00,141300.0,141400.0,141200.0,141200.0,207,0.0,0.0
2025-05-02 11:25:00+09:00,141200.0,141200.0,141100.0,141100.0,160,0.0,0.0
2025-05-02 11:26:00+09:00,141000.0,141000.0,140900.0,140900.0,111,0.0,0.0
2025-05-02 11:27:00+09:00,140900.0,141000.0,140900.0,141000.0,57,0.0,0.0
2025-05-02 11:28:00+09:00,141000.0,141100.0,140900.0,141100.0,188,0.0,0.0
2025-05-02 11:29:00+09:00,141100.0,141200.0,141100.0,141200.0,29,0.0,0.0
2025-05-02 11:30:00+09:00,141200.0,141200.0,141200.0,141200.0,18,0.0,0.0
2025-05-02 11:31:00+09:00,141200.0,141200.0,141100.0,141100.0,32,0.0,0.0
2025-05-02 11:32:00+09:00,141100.0,141100.0,141100.0,141100.0,16,0.0,0.0
2025-05-02 11:33:00+09:00,141100.0,141200.0,141000.0,141200.0,61,0.0,0.0
2025-05-02 11:34:00+09:00,141100.0,141100.0,140900.0,141000.0,81,0.0,0.0
2025-05-02 11:35:00+09:00,141000.0,141000.0,141000.0,141000.0,8,0.0,0.0
2025-05-02 11:36:00+09:00,140900.0,141000.0,140900.0,141000.0,34,0.0,0.0
2025-05-02 11:37:00+09:00,141000.0,141000.0,140900.0,141000.0,143,0.0,0.0
2025-05-02 11:38:00+09:00,140900.0,141000.0,140900.0,141000.0,14,0.0,0.0
2025-05-02 11:39:00+09:00,141000.0,141000.0,140900.0,141000.0,14,0.0,0.0
2025-05-02 11:40:00+09:00,141000.0,141000.0,141000.0,141000.0,16,0.0,0.0
2025-05-02 11:41:00+09:00,141000.0,141200.0,140800.0,141000.0,315,0.0,0.0
2025-05-02 11:42:00+09:00,141100.0,141100.0,141000.0,141000.0,103,0.0,0.0
2025-05-02 11:43:00+09:00,141100.0,141100.0,140900.0,140900.0,4,0.0,0.0
2025-05-02 11:44:00+09:00,140900.0,140900.0,140900.0,140900.0,37,0.0,0.0
2025-05-02 11:45:00+09:00,140900.0,141100.0,140900.0,141100.0,108,0.0,0.0
2025-05-02 11:46:00+09:00,141100.0,141300.0,141100.0,141300.0,200,0.0,0.0
2025-05-02 11:47:00+09:00,141300.0,141500.0,141300.0,141500.0,332,0.0,0.0
2025-05-02 11:48:00+09:00,141500.0,141500.0,141300.0,141400.0,82,0.0,0.0
2025-05-02 11:49:00+09:00,141400.0,141400.0,141400.0,141400.0,38,0.0,0.0
2025-05-02 11:50:00+09:00,141400.0,141700.0,141400.0,141700.0,431,0.0,0.0
2025-05-02 11:51:00+09:00,141700.0,141700.0,141400.0,141400.0,49,0.0,0.0
2025-05-02 11:52:00+09:00,141400.0,141600.0,141400.0,141400.0,78,0.0,0.0
2025-05-02 11:53:00+09:00,141300.0,141600.0,141300.0,141500.0,401,0.0,0.0
2025-05-02 11:54:00+09:00,141500.0,141500.0,141300.0,141300.0,273,0.0,0.0
2025-05-02 11:55:00+09:00,141400.0,141600.0,141400.0,141600.0,228,0.0,0.0
2025-05-02 11:56:00+09:00,141600.0,141600.0,141500.0,141500.0,6,0.0,0.0
2025-05-02 11:57:00+09:00,141600.0,141600.0,141400.0,141400.0,101,0.0,0.0
2025-05-02 11:58:00+09:00,141400.0,141600.0,141300.0,141300.0,118,0.0,0.0
2025-05-02 11:59:00+09:00,141600.0,141600.0,141300.0,141500.0,13,0.0,0.0
2025-05-02 12:00:00+09:00,141500.0,141500.0,141500.0,141500.0,51,0.0,0.0
2025-05-02 12:01:00+09:00,141300.0,141600.0,141300.0,141500.0,26,0.0,0.0
2025-05-02 12:02:00+09:00,141500.0,141500.0,141500.0,141500.0,6,0.0,0.0
2025-05-02 12:03:00+09:00,141500.0,141500.0,141400.0,141400.0,16,0.0,0.0
2025-05-02 12:04:00+09:00,141400.0,141500.0,141400.0,141500.0,27,0.0,0.0
2025-05-02 12:05:00+09:00,141500.0,141500.0,141400.0,141400.0,125,0.0,0.0
2025-05-02 12:06:00+09:00,141400.0,141400.0,141300.0,141300.0,72,0.0,0.0
2025-05-02 12:07:00+09:00,141300.0,141300.0,141300.0,141300.0,16,0.0,0.0
2025-05-02 12:08:00+09:00,141300.0,141300.0,141200.0,141200.0,6,0.0,0.0
2025-05-02 12:09:00+09:00,141200.0,141200.0,141200.0,141200.0,26,0.0,0.0
2025-05-02 12:10:00+09:00,141300.0,141400.0,141300.0,141400.0,90,0.0,0.0
2025-05-02 12:11:00+09:00,141400.0,141400.0,141400.0,141400.0,26,0.0,0.0
2025-05-02 12:12:00+09:00,141500.0,141500.0,141500.0,141500.0,0,0.0,0.0
2025-05-02 12:13:00+09:00,141500.0,141500.0,141500.0,141500.0,12,0.0,0.0
2025-05-02 12:14:00+09:00,141500.0,141500.0,141500.0,141500.0,3,0.0,0.0
2025-05-02 12:15:00+09:00,141500.0,141500.0,141400.0,141400.0,118,0.0,0.0
2025-05-02 12:16:00+09:00,141300.0,141300.0,141200.0,141200.0,58,0.0,0.0
2025-05-02 12:17:00+09:00,141300.0,141300.0,141300.0,141300.0,0,0.0,0.0
2025-05-02 12:18:00+09:00,141300.0,141300.0,141300.0,141300.0,103,0.0,0.0
2025-05-02 12:19:00+09:00,141200.0,141300.0,141200.0,141300.0,52,0.0,0.0
2025-05-02 12:20:00+09:00,141200.0,141200.0,141200.0,141200.0,14,0.0,0.0
2025-05-02 12:21:00+09:00,141200.0,141200.0,141200.0,141200.0,47,0.0,0.0
2025-05-02 12:22:00+09:00,141200.0,141300.0,141200.0,141300.0,27,0.0,0.0
2025-05-02 12:23:00+09:00,141300.0,141300.0,141300.0,141300.0,60,0.0,0.0
2025-05-02 12:24:00+09:00,141300.0,141300.0,141300.0,141300.0,35,0.0,0.0
2025-05-02 12:25:00+09:00,141400.0,141400.0,141300.0,141300.0,190,0.0,0.0
2025-05-02 12:26:00+09:00,141300.0,141400.0,141300.0,141300.0,153,0.0,0.0
2025-05-02 12:27:00+09:00,141300.0,141300.0,141300.0,141300.0,51,0.0,0.0
2025-05-02 12:28:00+09:00,141300.0,141400.0,141300.0,141400.0,84,0.0,0.0
2025-05-02 12:29:00+09:00,141400.0,141500.0,141300.0,141500.0,136,0.0,0.0
2025-05-02 12:30:00+09:00,141500.0,141600.0,141500.0,141600.0,213,0.0,0.0
2025-05-02 12:31:00+09:00,141500.0,141500.0,141400.0,141500.0,205,0.0,0.0
2025-05-02 12:32:00+09:00,141600.0,141700.0,141600.0,141700.0,184,0.0,0.0
2025-05-02 12:33:00+09:00,141600.0,141600.0,141600.0,141600.0,25,0.0,0.0
2025-05-02 12:34:00+09:00,141600.0,141800.0,141600.0,141800.0,261,0.0,0.0
2025-05-02 12:35:00+09:00,141700.0,141800.0,141700.0,141800.0,20,0.0,0.0
2025-05-02 12:36:00+09:00,141800.0,141800.0,141700.0,141700.0,118,0.0,0.0
2025-05-02 12:37:00+09:00,141700.0,141700.0,141700.0,141700.0,132,0.0,0.0
2025-05-02 12:38:00+09:00,141700.0,141700.0,141600.0,141600.0,211,0.0,0.0
2025-05-02 12:39:00+09:00,141700.0,141700.0,141600.0,141600.0,14,0.0,0.0
2025-05-02 12:40:00+09:00,141600.0,141600.0,141600.0,141600.0,127,0.0,0.0
2025-05-02 12:41:00+09:00,141600.0,141800.0,141600.0,141800.0,190,0.0,0.0
2025-05-02 12:42:00+09:00,141800.0,141800.0,141700.0,141700.0,116,0.0,0.0
2025-05-02 12:43:00+09:00,141800.0,141800.0,141800.0,141800.0,16,0.0,0.0
2025-05-02 12:44:00+09:00,141700.0,141900.0,141700.0,141800.0,206,0.0,0.0
2025-05-02 12:45:00+09:00,141800.0,141900.0,141800.0,141900.0,267,0.0,0.0
2025-05-02 12:46:00+09:00,141900.0,141900.0,141800.0,141800.0,0,0.0,0.0
2025-05-02 12:47:00+09:00,142000.0,142100.0,142000.0,142100.0,442,0.0,0.0
2025-05-02 12:48:00+09:00,142000.0,142000.0,142000.0,142000.0,0,0.0,0.0
2025-05-02 12:49:00+09:00,141900.0,142000.0,141800.0,142000.0,33,0.0,0.0
2025-05-02 12:50:00+09:00,142000.0,142000.0,141800.0,141900.0,22,0.0,0.0
2025-05-02 12:51:00+09:00,141900.0,141900.0,141800.0,141800.0,60,0.0,0.0
2025-05-02 12:53:00+09:00,141900.0,141900.0,141800.0,141800.0,71,0.0,0.0
2025-05-02 12:54:00+09:00,141800.0,141800.0,141800.0,141800.0,22,0.0,0.0
2025-05-02 12:55:00+09:00,141800.0,141900.0,141800.0,141900.0,14,0.0,0.0
2025-05-02 12:56:00+09:00,141800.0,141900.0,141800.0,141800.0,143,0.0,0.0
2025-05-02 12:57:00+09:00,141800.0,141800.0,141800.0,141800.0,1,0.0,0.0
2025-05-02 12:58:00+09:00,141800.0,141900.0,141800.0,141900.0,117,0.0,0.0
2025-05-02 12:59:00+09:00,141900.0,141900.0,141800.0,141800.0,15,0.0,0.0
2025-05-02 13:00:00+09:00,141900.0,141900.0,141900.0,141900.0,17,0.0,0.0
2025-05-02 13:01:00+09:00,141900.0,142000.0,141900.0,141900.0,105,0.0,0.0
2025-05-02 13:02:00+09:00,141900.0,141900.0,141900.0,141900.0,7,0.0,0.0
2025-05-02 13:03:00+09:00,141800.0,141800.0,141700.0,141700.0,59,0.0,0.0
2025-05-02 13:04:00+09:00,141800.0,141800.0,141800.0,141800.0,18,0.0,0.0
2025-05-02 13:05:00+09:00,141800.0,141800.0,141500.0,141500.0,332,0.0,0.0
2025-05-02 13:06:00+09:00,141500.0,141700.0,141500.0,141700.0,14,0.0,0.0
2025-05-02 13:07:00+09:00,141700.0,141800.0,141700.0,141800.0,201,0.0,0.0
2025-05-02 13:08:00+09:00,141800.0,141800.0,141700.0,141800.0,45,0.0,0.0
2025-05-02 13:09:00+09:00,141800.0,142000.0,141800.0,142000.0,370,0.0,0.0
2025-05-02 13:10:00+09:00,142000.0,142000.0,141900.0,141900.0,275,0.0,0.0
2025-05-02 13:11:00+09:00,141900.0,141900.0,141800.0,141800.0,18,0.0,0.0
2025-05-02 13:12:00+09:00,141800.0,141800.0,141800.0,141800.0,46,0.0,0.0
2025-05-02 13:13:00+09:00,141800.0,142000.0,141800.0,142000.0,245,0.0,0.0
2025-05-02 13:14:00+09:00,142000.0,142000.0,141900.0,141900.0,145,0.0,0.0
2025-05-02 13:15:00+09:00,141900.0,141900.0,141900.0,141900.0,88,0.0,0.0
2025-05-02 13:16:00+09:00,141900.0,142000.0,141900.0,141900.0,52,0.0,0.0
2025-05-02 13:17:00+09:00,141900.0,141900.0,141800.0,141900.0,179,0.0,0.0
2025-05-02 13:18:00+09:00,141900.0,141900.0,141800.0,141900.0,308,0.0,0.0
2025-05-02 13:19:00+09:00,141900.0,141900.0,141800.0,141900.0,423,0.0,0.0
2025-05-02 13:20:00+09:00,141900.0,142100.0,141900.0,142100.0,513,0.0,0.0
2025-05-02 13:21:00+09:00,142000.0,142000.0,142000.0,142000.0,68,0.0,0.0
2025-05-02 13:22:00+09:00,142000.0,142100.0,142000.0,142100.0,68,0.0,0.0
2025-05-02 13:23:00+09:00,142100.0,142100.0,142000.0,142000.0,47,0.0,0.0
2025-05-02 13:24:00+09:00,142000.0,142100.0,141900.0,142000.0,191,0.0,0.0
2025-05-02 13:25:00+09:00,142000.0,142300.0,142000.0,142300.0,1083,0.0,0.0
2025-05-02 13:26:00+09:00,142300.0,142300.0,142200.0,142200.0,331,0.0,0.0
2025-05-02 13:27:00+09:00,142200.0,142200.0,142200.0,142200.0,0,0.0,0.0
2025-05-02 13:28:00+09:00,142200.0,142700.0,142200.0,142600.0,1513,0.0,0.0
2025-05-02 13:29:00+09:00,142600.0,142700.0,142600.0,142700.0,549,0.0,0.0
2025-05-02 13:30:00+09:00,142600.0,142700.0,142600.0,142600.0,173,0.0,0.0
2025-05-02 13:31:00+09:00,142600.0,142700.0,142500.0,142700.0,628,0.0,0.0
2025-05-02 13:32:00+09:00,142700.0,143000.0,142700.0,142800.0,1365,0.0,0.0
2025-05-02 13:33:00+09:00,142900.0,142900.0,142800.0,142800.0,210,0.0,0.0
2025-05-02 13:34:00+09:00,142700.0,142800.0,142700.0,142700.0,71,0.0,0.0
2025-05-02 13:35:00+09:00,142700.0,142800.0,142700.0,142700.0,317,0.0,0.0
2025-05-02 13:36:00+09:00,142700.0,142700.0,142600.0,142700.0,79,0.0,0.0
2025-05-02 13:37:00+09:00,142700.0,142700.0,142400.0,142400.0,306,0.0,0.0
2025-05-02 13:38:00+09:00,142400.0,142500.0,142200.0,142300.0,142,0.0,0.0
2025-05-02 13:39:00+09:00,142200.0,142300.0,142200.0,142200.0,128,0.0,0.0
2025-05-02 13:40:00+09:00,142300.0,142500.0,142300.0,142400.0,280,0.0,0.0
2025-05-02 13:41:00+09:00,142500.0,142500.0,142400.0,142400.0,41,0.0,0.0
2025-05-02 13:42:00+09:00,142400.0,142500.0,142400.0,142500.0,45,0.0,0.0
2025-05-02 13:43:00+09:00,142500.0,142500.0,142400.0,142500.0,49,0.0,0.0
2025-05-02 13:44:00+09:00,142500.0,142500.0,142500.0,142500.0,0,0.0,0.0
2025-05-02 13:45:00+09:00,142400.0,142400.0,142200.0,142300.0,399,0.0,0.0
2025-05-02 13:46:00+09:00,142200.0,142300.0,142200.0,142300.0,51,0.0,0.0
2025-05-02 13:47:00+09:00,142300.0,142300.0,142200.0,142200.0,16,0.0,0.0
2025-05-02 13:48:00+09:00,142200.0,142200.0,142200.0,142200.0,21,0.0,0.0
2025-05-02 13:49:00+09:00,142200.0,142300.0,142100.0,142300.0,514,0.0,0.0
2025-05-02 13:50:00+09:00,142200.0,142200.0,142000.0,142100.0,66,0.0,0.0
2025-05-02 13:51:00+09:00,142000.0,142000.0,141900.0,142000.0,176,0.0,0.0
2025-05-02 13:52:00+09:00,142000.0,142200.0,141900.0,142100.0,361,0.0,0.0
2025-05-02 13:53:00+09:00,142000.0,142100.0,142000.0,142000.0,419,0.0,0.0
2025-05-02 13:54:00+09:00,142000.0,142200.0,142000.0,142200.0,56,0.0,0.0
2025-05-02 13:55:00+09:00,142000.0,142400.0,142000.0,142300.0,186,0.0,0.0
2025-05-02 13:56:00+09:00,142200.0,142300.0,141900.0,142300.0,148,0.0,0.0
2025-05-02 13:57:00+09:00,141900.0,142200.0,141900.0,142000.0,178,0.0,0.0
2025-05-02 13:58:00+09:00,142100.0,142100.0,142000.0,142000.0,173,0.0,0.0
2025-05-02 13:59:00+09:00,141900.0,142100.0,141900.0,142100.0,95,0.0,0.0
2025-05-02 14:00:00+09:00,142100.0,142300.0,142100.0,142200.0,136,0.0,0.0
2025-05-02 14:01:00+09:00,142300.0,142400.0,142100.0,142300.0,205,0.0,0.0
2025-05-02 14:02:00+09:00,142100.0,142400.0,142000.0,142400.0,289,0.0,0.0
2025-05-02 14:03:00+09:00,142100.0,142500.0,142000.0,142400.0,323,0.0,0.0
2025-05-02 14:04:00+09:00,142400.0,142400.0,142100.0,142100.0,22,0.0,0.0
2025-05-02 14:05:00+09:00,142200.0,142300.0,141800.0,142000.0,478,0.0,0.0
2025-05-02 14:06:00+09:00,141900.0,142200.0,141900.0,142100.0,148,0.0,0.0
2025-05-02 14:07:00+09:00,142200.0,142300.0,142000.0,142000.0,455,0.0,0.0
2025-05-02 14:08:00+09:00,142300.0,142300.0,142000.0,142000.0,0,0.0,0.0
2025-05-02 14:09:00+09:00,142000.0,142200.0,141900.0,141900.0,295,0.0,0.0
2025-05-02 14:10:00+09:00,141900.0,142000.0,141800.0,141800.0,303,0.0,0.0
2025-05-02 14:11:00+09:00,141800.0,141900.0,141800.0,141900.0,51,0.0,0.0
2025-05-02 14:12:00+09:00,141900.0,141900.0,141800.0,141800.0,591,0.0,0.0
2025-05-02 14:13:00+09:00,141700.0,141800.0,141600.0,141600.0,134,0.0,0.0
2025-05-02 14:14:00+09:00,141600.0,141700.0,141500.0,141500.0,511,0.0,0.0
2025-05-02 14:15:00+09:00,141500.0,141600.0,141400.0,141600.0,254,0.0,0.0
2025-05-02 14:16:00+09:00,141600.0,141600.0,141500.0,141600.0,157,0.0,0.0
2025-05-02 14:17:00+09:00,141600.0,141600.0,141000.0,141400.0,819,0.0,0.0
2025-05-02 14:18:00+09:00,141300.0,141400.0,141300.0,141400.0,109,0.0,0.0
2025-05-02 14:19:00+09:00,141300.0,141400.0,141200.0,141200.0,128,0.0,0.0
2025-05-02 14:20:00+09:00,141200.0,141400.0,141100.0,141400.0,483,0.0,0.0
2025-05-02 14:21:00+09:00,141400.0,141900.0,141400.0,141700.0,344,0.0,0.0
2025-05-02 14:22:00+09:00,141700.0,142300.0,141700.0,142100.0,412,0.0,0.0
2025-05-02 14:23:00+09:00,142100.0,142100.0,141900.0,141900.0,96,0.0,0.0
2025-05-02 14:24:00+09:00,141800.0,141800.0,141700.0,141700.0,269,0.0,0.0
2025-05-02 14:25:00+09:00,141600.0,141600.0,141400.0,141400.0,110,0.0,0.0
2025-05-02 14:26:00+09:00,141300.0,141400.0,141100.0,141200.0,389,0.0,0.0
2025-05-02 14:27:00+09:00,141200.0,141200.0,141100.0,141100.0,279,0.0,0.0
2025-05-02 14:28:00+09:00,141200.0,141300.0,141200.0,141300.0,121,0.0,0.0
2025-05-02 14:29:00+09:00,141300.0,141400.0,141200.0,141300.0,120,0.0,0.0
2025-05-02 14:30:00+09:00,141200.0,141600.0,141100.0,141600.0,155,0.0,0.0
2025-05-02 14:31:00+09:00,141600.0,141600.0,141300.0,141500.0,40,0.0,0.0
2025-05-02 14:32:00+09:00,141500.0,141700.0,141500.0,141700.0,100,0.0,0.0
2025-05-02 14:33:00+09:00,141700.0,141900.0,141700.0,141900.0,53,0.0,0.0
2025-05-02 14:34:00+09:00,141700.0,141700.0,141500.0,141500.0,244,0.0,0.0
2025-05-02 14:35:00+09:00,141500.0,141500.0,141300.0,141300.0,189,0.0,0.0
2025-05-02 14:36:00+09:00,141300.0,141500.0,141200.0,141500.0,372,0.0,0.0
2025-05-02 14:37:00+09:00,141500.0,141500.0,141300.0,141500.0,85,0.0,0.0
2025-05-02 14:38:00+09:00,141500.0,141500.0,141400.0,141500.0,24,0.0,0.0
2025-05-02 14:39:00+09:00,141500.0,141500.0,141500.0,141500.0,36,0.0,0.0
2025-05-02 14:40:00+09:00,141500.0,141800.0,141500.0,141800.0,135,0.0,0.0
2025-05-02 14:41:00+09:00,141700.0,141700.0,141600.0,141700.0,30,0.0,0.0
2025-05-02 14:42:00+09:00,141600.0,141700.0,141600.0,141600.0,40,0.0,0.0
2025-05-02 14:43:00+09:00,141600.0,141700.0,141600.0,141600.0,67,0.0,0.0
2025-05-02 14:44:00+09:00,141600.0,141600.0,141600.0,141600.0,8,0.0,0.0
2025-05-02 14:45:00+09:00,141600.0,141600.0,141500.0,141500.0,478,0.0,0.0
2025-05-02 14:46:00+09:00,141500.0,141500.0,141200.0,141300.0,583,0.0,0.0
2025-05-02 14:47:00+09:00,141300.0,141500.0,141300.0,141300.0,525,0.0,0.0
2025-05-02 14:48:00+09:00,141300.0,141300.0,141100.0,141100.0,423,0.0,0.0
2025-05-02 14:49:00+09:00,141100.0,141300.0,141100.0,141200.0,75,0.0,0.0
2025-05-02 14:50:00+09:00,141200.0,141200.0,141200.0,141200.0,107,0.0,0.0
2025-05-02 14:51:00+09:00,141100.0,141200.0,141100.0,141100.0,15,0.0,0.0
2025-05-02 14:52:00+09:00,141200.0,141200.0,141100.0,141200.0,55,0.0,0.0
2025-05-02 14:53:00+09:00,141200.0,141400.0,141200.0,141300.0,282,0.0,0.0
2025-05-02 14:54:00+09:00,141300.0,141300.0,141300.0,141300.0,0,0.0,0.0
2025-05-02 14:55:00+09:00,141300.0,141300.0,141200.0,141200.0,38,0.0,0.0
2025-05-02 14:56:00+09:00,141200.0,141200.0,141100.0,141100.0,200,0.0,0.0
2025-05-02 14:57:00+09:00,141200.0,141200.0,141100.0,141200.0,58,0.0,0.0
2025-05-02 14:58:00+09:00,141100.0,141100.0,140900.0,141000.0,543,0.0,0.0
2025-05-02 14:59:00+09:00,141000.0,141000.0,140900.0,141000.0,89,0.0,0.0
