Datetime,Open,High,Low,Close,Volume,Dividends,Stock Splits
2024-08-12 09:30:00-04:00,132.25,132.25,132.25,132.25,13470,0.0,0.0
2024-08-12 09:32:00-04:00,132.2100067138672,132.22999572753906,132.2100067138672,132.22999572753906,902,0.0,0.0
2024-08-12 09:33:00-04:00,132.22000122070312,132.49000549316406,132.08999633789062,132.2899932861328,131045,0.0,0.0
2024-08-12 09:34:00-04:00,132.3000030517578,132.4199981689453,132.13999938964844,132.4199981689453,8656,0.0,0.0
2024-08-12 09:35:00-04:00,132.3800048828125,132.41000366210938,131.9499969482422,131.99740600585938,31880,0.0,0.0
2024-08-12 09:36:00-04:00,131.97999572753906,132.11000061035156,131.9550018310547,131.9550018310547,6905,0.0,0.0
2024-08-12 09:37:00-04:00,131.99000549316406,132.07000732421875,131.94000244140625,132.0050048828125,3775,0.0,0.0
2024-08-12 09:38:00-04:00,132.0399932861328,132.05999755859375,131.8000030517578,131.8800048828125,11282,0.0,0.0
2024-08-12 09:39:00-04:00,131.8800048828125,131.89999389648438,131.72999572753906,131.80999755859375,12846,0.0,0.0
2024-08-12 09:40:00-04:00,131.81500244140625,132.00999450683594,131.69000244140625,131.9250030517578,10679,0.0,0.0
2024-08-12 09:41:00-04:00,131.90499877929688,131.9499969482422,131.74000549316406,131.89500427246094,8189,0.0,0.0
2024-08-12 09:42:00-04:00,131.89500427246094,131.97000122070312,131.7899932861328,131.8300018310547,27924,0.0,0.0
2024-08-12 09:43:00-04:00,131.8300018310547,131.89999389648438,131.77499389648438,131.85000610351562,7061,0.0,0.0
2024-08-12 09:44:00-04:00,131.85000610351562,131.85000610351562,131.5800018310547,131.6300048828125,14648,0.0,0.0
2024-08-12 09:45:00-04:00,131.60000610351562,131.7050018310547,131.57000732421875,131.6699981689453,14488,0.0,0.0
2024-08-12 09:46:00-04:00,131.63499450683594,131.6699981689453,131.52999877929688,131.5449981689453,7519,0.0,0.0
2024-08-12 09:47:00-04:00,131.5200958251953,131.69500732421875,131.52000427246094,131.69500732421875,12513,0.0,0.0
2024-08-12 09:48:00-04:00,131.69500732421875,131.74000549316406,131.5399932861328,131.57000732421875,13640,0.0,0.0
2024-08-12 09:49:00-04:00,131.5,131.60000610351562,131.4409942626953,131.60000610351562,10147,0.0,0.0
2024-08-12 09:50:00-04:00,131.60000610351562,131.83999633789062,131.60000610351562,131.78500366210938,21248,0.0,0.0
2024-08-12 09:51:00-04:00,131.78500366210938,131.86500549316406,131.77999877929688,131.80499267578125,15770,0.0,0.0
2024-08-12 09:52:00-04:00,131.77000427246094,131.77000427246094,131.60009765625,131.63999938964844,14753,0.0,0.0
2024-08-12 09:53:00-04:00,131.61000061035156,131.6199951171875,131.49000549316406,131.6199951171875,6961,0.0,0.0
2024-08-12 09:54:00-04:00,131.60000610351562,131.72999572753906,131.60000610351562,131.72999572753906,9371,0.0,0.0
2024-08-12 09:55:00-04:00,131.67010498046875,131.8000030517578,131.67010498046875,131.75999450683594,9792,0.0,0.0
2024-08-12 09:56:00-04:00,131.7675018310547,131.7675018310547,131.6199951171875,131.63999938964844,6506,0.0,0.0
2024-08-12 09:57:00-04:00,131.6699981689453,131.7100067138672,131.3800048828125,131.43499755859375,8980,0.0,0.0
2024-08-12 09:58:00-04:00,131.4250030517578,131.47000122070312,131.33009338378906,131.46499633789062,11398,0.0,0.0
2024-08-12 09:59:00-04:00,131.49000549316406,131.49000549316406,131.36000061035156,131.44500732421875,9483,0.0,0.0
2024-08-12 10:00:00-04:00,131.44500732421875,131.52000427246094,131.41000366210938,131.4199981689453,6966,0.0,0.0
2024-08-12 10:01:00-04:00,131.42999267578125,131.50999450683594,131.24000549316406,131.2449951171875,7126,0.0,0.0
2024-08-12 10:02:00-04:00,131.2436981201172,131.3000030517578,131.2100067138672,131.25140380859375,10479,0.0,0.0
2024-08-12 10:03:00-04:00,131.2449951171875,131.3000030517578,131.22999572753906,131.27499389648438,8800,0.0,0.0
2024-08-12 10:04:00-04:00,131.27000427246094,131.3000030517578,131.22500610351562,131.2899932861328,4972,0.0,0.0
2024-08-12 10:05:00-04:00,131.2899932861328,131.42999267578125,131.25,131.42999267578125,13599,0.0,0.0
2024-08-12 10:06:00-04:00,131.42999267578125,131.52000427246094,131.42999267578125,131.52000427246094,7581,0.0,0.0
2024-08-12 10:07:00-04:00,131.52499389648438,131.64999389648438,131.52499389648438,131.60000610351562,11612,0.0,0.0
2024-08-12 10:08:00-04:00,131.58999633789062,131.6699981689453,131.58999633789062,131.66000366210938,8808,0.0,0.0
2024-08-12 10:09:00-04:00,131.6750030517578,131.88499450683594,131.6750030517578,131.8699951171875,4082,0.0,0.0
2024-08-12 10:10:00-04:00,131.85000610351562,131.92999267578125,131.80999755859375,131.80999755859375,6911,0.0,0.0
2024-08-12 10:11:00-04:00,131.80630493164062,131.8300018310547,131.74000549316406,131.77499389648438,4442,0.0,0.0
2024-08-12 10:12:00-04:00,131.77499389648438,131.78500366210938,131.6199951171875,131.6199951171875,9533,0.0,0.0
2024-08-12 10:13:00-04:00,131.61000061035156,131.75,131.52999877929688,131.72999572753906,9814,0.0,0.0
2024-08-12 10:14:00-04:00,131.75,131.77000427246094,131.6300048828125,131.6750030517578,4742,0.0,0.0
2024-08-12 10:15:00-04:00,131.6999969482422,131.75999450683594,131.64999389648438,131.69500732421875,9088,0.0,0.0
2024-08-12 10:16:00-04:00,131.72000122070312,131.77999877929688,131.7100067138672,131.74000549316406,4199,0.0,0.0
2024-08-12 10:17:00-04:00,131.7550048828125,131.7899932861328,131.6199951171875,131.6300048828125,5245,0.0,0.0
2024-08-12 10:18:00-04:00,131.6300048828125,131.64999389648438,131.55999755859375,131.601806640625,6476,0.0,0.0
2024-08-12 10:19:00-04:00,131.60000610351562,131.63099670410156,131.5500030517578,131.6199951171875,7225,0.0,0.0
2024-08-12 10:20:00-04:00,131.63999938964844,131.88999938964844,131.63999938964844,131.85000610351562,15504,0.0,0.0
2024-08-12 10:21:00-04:00,131.86000061035156,131.96490478515625,131.86000061035156,131.9600067138672,8065,0.0,0.0
2024-08-12 10:22:00-04:00,131.97999572753906,132.0,131.91000366210938,131.99000549316406,12932,0.0,0.0
2024-08-12 10:23:00-04:00,132.02000427246094,132.10000610351562,131.97999572753906,132.0500030517578,5430,0.0,0.0
2024-08-12 10:24:00-04:00,132.07000732421875,132.1199951171875,132.02000427246094,132.0800018310547,8848,0.0,0.0
2024-08-12 10:25:00-04:00,132.0500030517578,132.1199951171875,132.0500030517578,132.08999633789062,5977,0.0,0.0
2024-08-12 10:26:00-04:00,132.1199951171875,132.14999389648438,132.08999633789062,132.1199951171875,8457,0.0,0.0
2024-08-12 10:27:00-04:00,132.08999633789062,132.14999389648438,132.0399932861328,132.0500030517578,5774,0.0,0.0
2024-08-12 10:28:00-04:00,132.10000610351562,132.18499755859375,132.0800018310547,132.10499572753906,8685,0.0,0.0
2024-08-12 10:29:00-04:00,132.08120727539062,132.13999938964844,132.0,132.0399932861328,9920,0.0,0.0
2024-08-12 10:30:00-04:00,132.02000427246094,132.02999877929688,131.92999267578125,132.02999877929688,7708,0.0,0.0
2024-08-12 10:31:00-04:00,132.0050048828125,132.01499938964844,131.94500732421875,131.98500061035156,5104,0.0,0.0
2024-08-12 10:32:00-04:00,132.0,132.02999877929688,131.99000549316406,132.0,4489,0.0,0.0
2024-08-12 10:33:00-04:00,132.03990173339844,132.0449981689453,131.99110412597656,132.0449981689453,7301,0.0,0.0
2024-08-12 10:34:00-04:00,132.0518035888672,132.07000732421875,132.0,132.02000427246094,4985,0.0,0.0
2024-08-12 10:35:00-04:00,132.02999877929688,132.0500030517578,131.94000244140625,132.0,6766,0.0,0.0
2024-08-12 10:36:00-04:00,132.00999450683594,132.0850067138672,132.0050048828125,132.0500030517578,6396,0.0,0.0
2024-08-12 10:37:00-04:00,132.0749969482422,132.10000610351562,132.0500030517578,132.0800018310547,7615,0.0,0.0
2024-08-12 10:38:00-04:00,132.0800018310547,132.0800018310547,131.97999572753906,132.0500030517578,8612,0.0,0.0
2024-08-12 10:39:00-04:00,132.0800018310547,132.10000610351562,132.0399932861328,132.10000610351562,4817,0.0,0.0
2024-08-12 10:40:00-04:00,132.1199951171875,132.27000427246094,132.11000061035156,132.25,14113,0.0,0.0
2024-08-12 10:41:00-04:00,132.24000549316406,132.3300018310547,132.24000549316406,132.27999877929688,3761,0.0,0.0
2024-08-12 10:42:00-04:00,132.27000427246094,132.27000427246094,132.1999969482422,132.22999572753906,4159,0.0,0.0
2024-08-12 10:43:00-04:00,132.2100067138672,132.3000030517578,132.1649932861328,132.3000030517578,5943,0.0,0.0
2024-08-12 10:44:00-04:00,132.30999755859375,132.30999755859375,132.17999267578125,132.17999267578125,6247,0.0,0.0
2024-08-12 10:45:00-04:00,132.22000122070312,132.22999572753906,132.13999938964844,132.17999267578125,5997,0.0,0.0
2024-08-12 10:46:00-04:00,132.1750030517578,132.1999969482422,132.14100646972656,132.1699981689453,5885,0.0,0.0
2024-08-12 10:47:00-04:00,132.13999938964844,132.16000366210938,132.10000610351562,132.1199951171875,4835,0.0,0.0
2024-08-12 10:48:00-04:00,132.13999938964844,132.27999877929688,132.13999938964844,132.25,15900,0.0,0.0
2024-08-12 10:49:00-04:00,132.27000427246094,132.27000427246094,132.22500610351562,132.25,3816,0.0,0.0
2024-08-12 10:50:00-04:00,132.22500610351562,132.22999572753906,132.0399932861328,132.05999755859375,10395,0.0,0.0
2024-08-12 10:52:00-04:00,132.17999267578125,132.22999572753906,132.17880249023438,132.22999572753906,13203,0.0,0.0
2024-08-12 10:53:00-04:00,132.2050018310547,132.25,132.19000244140625,132.22999572753906,1524,0.0,0.0
2024-08-12 10:54:00-04:00,132.22000122070312,132.23500061035156,132.16000366210938,132.17579650878906,6304,0.0,0.0
2024-08-12 10:55:00-04:00,132.1699981689453,132.2100067138672,132.1649932861328,132.2100067138672,2636,0.0,0.0
2024-08-12 10:56:00-04:00,132.20989990234375,132.33999633789062,132.20989990234375,132.30999755859375,11053,0.0,0.0
2024-08-12 10:57:00-04:00,132.2899932861328,132.33999633789062,132.2406005859375,132.32000732421875,6844,0.0,0.0
2024-08-12 10:58:00-04:00,132.3249969482422,132.4199981689453,132.3101043701172,132.39999389648438,8690,0.0,0.0
2024-08-12 10:59:00-04:00,132.3905029296875,132.4499969482422,132.360107421875,132.3800048828125,8566,0.0,0.0
2024-08-12 11:00:00-04:00,132.39999389648438,132.43499755859375,132.3000030517578,132.3000030517578,7484,0.0,0.0
2024-08-12 11:01:00-04:00,132.35000610351562,132.35000610351562,132.3000030517578,132.32000732421875,1858,0.0,0.0
2024-08-12 11:02:00-04:00,132.32000732421875,132.4499969482422,132.30999755859375,132.44500732421875,4898,0.0,0.0
2024-08-12 11:03:00-04:00,132.44500732421875,132.5,132.42999267578125,132.4600067138672,7592,0.0,0.0
2024-08-12 11:04:00-04:00,132.4600067138672,132.58999633789062,132.4499969482422,132.5399932861328,7738,0.0,0.0
2024-08-12 11:05:00-04:00,132.52000427246094,132.5500030517578,132.47999572753906,132.52000427246094,5157,0.0,0.0
2024-08-12 11:06:00-04:00,132.5,132.5800018310547,132.5,132.55999755859375,4176,0.0,0.0
2024-08-12 11:07:00-04:00,132.56500244140625,132.58999633789062,132.50999450683594,132.51210021972656,5095,0.0,0.0
2024-08-12 11:08:00-04:00,132.49000549316406,132.52999877929688,132.44960021972656,132.47000122070312,10935,0.0,0.0
2024-08-12 11:09:00-04:00,132.47000122070312,132.53500366210938,132.44000244140625,132.52999877929688,8047,0.0,0.0
2024-08-12 11:10:00-04:00,132.52999877929688,132.5399932861328,132.4600067138672,132.4600067138672,5710,0.0,0.0
2024-08-12 11:11:00-04:00,132.4499969482422,132.5,132.4499969482422,132.46499633789062,4121,0.0,0.0
2024-08-12 11:12:00-04:00,132.47000122070312,132.47000122070312,132.4149932861328,132.4149932861328,12773,0.0,0.0
2024-08-12 11:13:00-04:00,132.41000366210938,132.4199981689453,132.30999755859375,132.35000610351562,15067,0.0,0.0
2024-08-12 11:14:00-04:00,132.35000610351562,132.3800048828125,132.27999877929688,132.28919982910156,12076,0.0,0.0
2024-08-12 11:15:00-04:00,132.30999755859375,132.30999755859375,132.22999572753906,132.27999877929688,3754,0.0,0.0
2024-08-12 11:16:00-04:00,132.27999877929688,132.3000030517578,132.25999450683594,132.27999877929688,4960,0.0,0.0
2024-08-12 11:17:00-04:00,132.2899932861328,132.2899932861328,132.2100067138672,132.2100067138672,8627,0.0,0.0
2024-08-12 11:18:00-04:00,132.25,132.27999877929688,132.2100067138672,132.25999450683594,6583,0.0,0.0
2024-08-12 11:19:00-04:00,132.26499938964844,132.27999877929688,132.2449951171875,132.2449951171875,12085,0.0,0.0
2024-08-12 11:20:00-04:00,132.23500061035156,132.3000030517578,132.22999572753906,132.22999572753906,11240,0.0,0.0
2024-08-12 11:21:00-04:00,132.22999572753906,132.25,132.2100067138672,132.24000549316406,6033,0.0,0.0
2024-08-12 11:22:00-04:00,132.25999450683594,132.25999450683594,131.94000244140625,131.94000244140625,17286,0.0,0.0
2024-08-12 11:23:00-04:00,131.95599365234375,131.99000549316406,131.69000244140625,131.7100067138672,11508,0.0,0.0
2024-08-12 11:24:00-04:00,131.72999572753906,131.75999450683594,131.36000061035156,131.36000061035156,15046,0.0,0.0
2024-08-12 11:25:00-04:00,131.3300018310547,131.5,131.27499389648438,131.5,24626,0.0,0.0
2024-08-12 11:26:00-04:00,131.5,131.5399932861328,131.35000610351562,131.5399932861328,4238,0.0,0.0
2024-08-12 11:27:00-04:00,131.5,131.67999267578125,131.5,131.5399932861328,6050,0.0,0.0
2024-08-12 11:28:00-04:00,131.52999877929688,131.58999633789062,131.4600067138672,131.5500030517578,4492,0.0,0.0
2024-08-12 11:29:00-04:00,131.5749969482422,131.6300048828125,131.57000732421875,131.6071014404297,1769,0.0,0.0
2024-08-12 11:30:00-04:00,131.61500549316406,131.6300048828125,131.52000427246094,131.52000427246094,12680,0.0,0.0
2024-08-12 11:31:00-04:00,131.52000427246094,131.61000061035156,131.47000122070312,131.61000061035156,6502,0.0,0.0
2024-08-12 11:32:00-04:00,131.61000061035156,131.6199951171875,131.50999450683594,131.50999450683594,3600,0.0,0.0
2024-08-12 11:33:00-04:00,131.50999450683594,131.72999572753906,131.50999450683594,131.69000244140625,15250,0.0,0.0
2024-08-12 11:34:00-04:00,131.6999969482422,131.8000030517578,131.67999267578125,131.7899932861328,4095,0.0,0.0
2024-08-12 11:35:00-04:00,131.78500366210938,131.84230041503906,131.6699981689453,131.7100067138672,16989,0.0,0.0
2024-08-12 11:36:00-04:00,131.7100067138672,131.77999877929688,131.6999969482422,131.77999877929688,2456,0.0,0.0
2024-08-12 11:37:00-04:00,131.8300018310547,131.8300018310547,131.72999572753906,131.8000030517578,5514,0.0,0.0
2024-08-12 11:38:00-04:00,131.77000427246094,131.83999633789062,131.77000427246094,131.77999877929688,3428,0.0,0.0
2024-08-12 11:39:00-04:00,131.7996063232422,131.8699951171875,131.7996063232422,131.8300018310547,6657,0.0,0.0
2024-08-12 11:40:00-04:00,131.84500122070312,131.9499969482422,131.8000030517578,131.9499969482422,3759,0.0,0.0
2024-08-12 11:41:00-04:00,131.94000244140625,131.94000244140625,131.8000030517578,131.80999755859375,5197,0.0,0.0
2024-08-12 11:42:00-04:00,131.8000030517578,131.89999389648438,131.77000427246094,131.88499450683594,5558,0.0,0.0
2024-08-12 11:43:00-04:00,131.8800048828125,131.91000366210938,131.82000732421875,131.88999938964844,9080,0.0,0.0
2024-08-12 11:44:00-04:00,131.91000366210938,131.97999572753906,131.89999389648438,131.97000122070312,6645,0.0,0.0
2024-08-12 11:45:00-04:00,131.97000122070312,131.99000549316406,131.8800048828125,131.8800048828125,6136,0.0,0.0
2024-08-12 11:46:00-04:00,131.8800048828125,131.8800048828125,131.85000610351562,131.85000610351562,2327,0.0,0.0
2024-08-12 11:47:00-04:00,131.86000061035156,131.92999267578125,131.82000732421875,131.91000366210938,7123,0.0,0.0
2024-08-12 11:48:00-04:00,131.89999389648438,131.9499969482422,131.8699951171875,131.9499969482422,4671,0.0,0.0
2024-08-12 11:49:00-04:00,131.94000244140625,132.02000427246094,131.94000244140625,131.99000549316406,5464,0.0,0.0
2024-08-12 11:50:00-04:00,132.02000427246094,132.14999389648438,132.00999450683594,132.14999389648438,4393,0.0,0.0
2024-08-12 11:51:00-04:00,132.1300048828125,132.22000122070312,132.1300048828125,132.14500427246094,4851,0.0,0.0
2024-08-12 11:52:00-04:00,132.14500427246094,132.17999267578125,132.1199951171875,132.1300048828125,3643,0.0,0.0
2024-08-12 11:53:00-04:00,132.1199951171875,132.22000122070312,132.11000061035156,132.22000122070312,8938,0.0,0.0
2024-08-12 11:54:00-04:00,132.19500732421875,132.2899932861328,132.19000244140625,132.2899932861328,3997,0.0,0.0
2024-08-12 11:55:00-04:00,132.27000427246094,132.2899932861328,132.24000549316406,132.2899932861328,3596,0.0,0.0
2024-08-12 11:56:00-04:00,132.23500061035156,132.2899932861328,132.23500061035156,132.2899932861328,1966,0.0,0.0
2024-08-12 11:57:00-04:00,132.28970336914062,132.30999755859375,132.22000122070312,132.30999755859375,5231,0.0,0.0
2024-08-12 11:58:00-04:00,132.32000732421875,132.3300018310547,132.24000549316406,132.3300018310547,5012,0.0,0.0
2024-08-12 11:59:00-04:00,132.35000610351562,132.42999267578125,132.35000610351562,132.4199981689453,5924,0.0,0.0
2024-08-12 12:00:00-04:00,132.41000366210938,132.49000549316406,132.38999938964844,132.49000549316406,8742,0.0,0.0
2024-08-12 12:01:00-04:00,132.5,132.58999633789062,132.47999572753906,132.58999633789062,6283,0.0,0.0
2024-08-12 12:02:00-04:00,132.57000732421875,132.58999633789062,132.50999450683594,132.58999633789062,10028,0.0,0.0
2024-08-12 12:03:00-04:00,132.58999633789062,132.6199951171875,132.52999877929688,132.55999755859375,8589,0.0,0.0
2024-08-12 12:04:00-04:00,132.57989501953125,132.57989501953125,132.44000244140625,132.5,10197,0.0,0.0
2024-08-12 12:05:00-04:00,132.4499969482422,132.5399932861328,132.4499969482422,132.4600067138672,6009,0.0,0.0
2024-08-12 12:06:00-04:00,132.44000244140625,132.44000244140625,132.2949981689453,132.3699951171875,6017,0.0,0.0
2024-08-12 12:07:00-04:00,132.35000610351562,132.38999938964844,132.27999877929688,132.34500122070312,4492,0.0,0.0
2024-08-12 12:08:00-04:00,132.33999633789062,132.3699951171875,132.32000732421875,132.3699951171875,1677,0.0,0.0
2024-08-12 12:09:00-04:00,132.3699951171875,132.42999267578125,132.30999755859375,132.42999267578125,6770,0.0,0.0
2024-08-12 12:10:00-04:00,132.42999267578125,132.47000122070312,132.39999389648438,132.39999389648438,6484,0.0,0.0
2024-08-12 12:11:00-04:00,132.41000366210938,132.4499969482422,132.3300018310547,132.3300018310547,5550,0.0,0.0
2024-08-12 12:12:00-04:00,132.3800048828125,132.39999389648438,132.32000732421875,132.375,4239,0.0,0.0
2024-08-12 12:13:00-04:00,132.36000061035156,132.39999389648438,132.33999633789062,132.38999938964844,5282,0.0,0.0
2024-08-12 12:14:00-04:00,132.39999389648438,132.47000122070312,132.3800048828125,132.47000122070312,3560,0.0,0.0
2024-08-12 12:15:00-04:00,132.45140075683594,132.49000549316406,132.3699951171875,132.37010192871094,6862,0.0,0.0
2024-08-12 12:16:00-04:00,132.41000366210938,132.42999267578125,132.35000610351562,132.39999389648438,5726,0.0,0.0
2024-08-12 12:17:00-04:00,132.40499877929688,132.40499877929688,132.35000610351562,132.39999389648438,6691,0.0,0.0
2024-08-12 12:18:00-04:00,132.39999389648438,132.41000366210938,132.33999633789062,132.41000366210938,3518,0.0,0.0
2024-08-12 12:19:00-04:00,132.3800048828125,132.44000244140625,132.3699951171875,132.38999938964844,3632,0.0,0.0
2024-08-12 12:20:00-04:00,132.38999938964844,132.42999267578125,132.33999633789062,132.34500122070312,5129,0.0,0.0
2024-08-12 12:21:00-04:00,132.32000732421875,132.4199981689453,132.2949981689453,132.4199981689453,12155,0.0,0.0
2024-08-12 12:22:00-04:00,132.4199981689453,132.46499633789062,132.35000610351562,132.35000610351562,4739,0.0,0.0
2024-08-12 12:23:00-04:00,132.35800170898438,132.3699951171875,132.2899932861328,132.2899932861328,4104,0.0,0.0
2024-08-12 12:24:00-04:00,132.3300018310547,132.4149932861328,132.3300018310547,132.41000366210938,3940,0.0,0.0
2024-08-12 12:25:00-04:00,132.4600067138672,132.4600067138672,132.41000366210938,132.4600067138672,6120,0.0,0.0
2024-08-12 12:26:00-04:00,132.42999267578125,132.64840698242188,132.42999267578125,132.5850067138672,103415,0.0,0.0
2024-08-12 12:27:00-04:00,132.60000610351562,132.6300048828125,132.50999450683594,132.56500244140625,49824,0.0,0.0
2024-08-12 12:28:00-04:00,132.5699005126953,132.61000061035156,132.4600067138672,132.50999450683594,27576,0.0,0.0
2024-08-12 12:29:00-04:00,132.50999450683594,132.63999938964844,132.5,132.618896484375,37966,0.0,0.0
2024-08-12 12:30:00-04:00,132.6199951171875,132.7100067138672,132.58999633789062,132.66000366210938,31697,0.0,0.0
2024-08-12 12:31:00-04:00,132.6300048828125,132.65989685058594,132.58999633789062,132.6029052734375,11816,0.0,0.0
2024-08-12 12:32:00-04:00,132.58839416503906,132.6300048828125,132.58839416503906,132.61000061035156,13448,0.0,0.0
2024-08-12 12:33:00-04:00,132.6042938232422,132.69000244140625,132.5800018310547,132.5800018310547,13216,0.0,0.0
2024-08-12 12:34:00-04:00,132.5800018310547,132.58999633789062,132.52000427246094,132.52000427246094,18291,0.0,0.0
2024-08-12 12:35:00-04:00,132.52000427246094,132.52000427246094,132.41000366210938,132.47000122070312,9202,0.0,0.0
2024-08-12 12:36:00-04:00,132.47500610351562,132.47500610351562,132.4199981689453,132.4600067138672,8680,0.0,0.0
2024-08-12 12:37:00-04:00,132.4499969482422,132.45989990234375,132.36000061035156,132.39999389648438,8099,0.0,0.0
2024-08-12 12:38:00-04:00,132.3800048828125,132.43499755859375,132.34500122070312,132.4149932861328,10905,0.0,0.0
2024-08-12 12:39:00-04:00,132.4499969482422,132.49000549316406,132.44000244140625,132.47000122070312,5013,0.0,0.0
2024-08-12 12:40:00-04:00,132.47500610351562,132.5,132.40499877929688,132.41000366210938,7370,0.0,0.0
2024-08-12 12:41:00-04:00,132.40919494628906,132.40919494628906,132.1999969482422,132.23500061035156,7712,0.0,0.0
2024-08-12 12:42:00-04:00,132.2550048828125,132.2899932861328,132.24000549316406,132.27499389648438,4718,0.0,0.0
2024-08-12 12:43:00-04:00,132.25999450683594,132.3300018310547,132.25,132.3300018310547,3780,0.0,0.0
2024-08-12 12:44:00-04:00,132.3000030517578,132.3300018310547,132.2949981689453,132.32000732421875,3828,0.0,0.0
2024-08-12 12:45:00-04:00,132.33929443359375,132.4499969482422,132.32200622558594,132.4499969482422,7548,0.0,0.0
2024-08-12 12:46:00-04:00,132.44000244140625,132.47000122070312,132.39999389648438,132.47000122070312,7646,0.0,0.0
2024-08-12 12:47:00-04:00,132.47000122070312,132.47000122070312,132.42999267578125,132.4385986328125,4714,0.0,0.0
2024-08-12 12:48:00-04:00,132.4250030517578,132.47000122070312,132.4199981689453,132.47000122070312,3139,0.0,0.0
2024-08-12 12:49:00-04:00,132.4600067138672,132.5399932861328,132.44500732421875,132.50999450683594,9865,0.0,0.0
2024-08-12 12:50:00-04:00,132.52499389648438,132.52499389648438,132.38999938964844,132.47000122070312,10265,0.0,0.0
2024-08-12 12:51:00-04:00,132.47000122070312,132.47999572753906,132.42999267578125,132.4300994873047,3802,0.0,0.0
2024-08-12 12:52:00-04:00,132.4600067138672,132.47000122070312,132.41000366210938,132.42999267578125,3980,0.0,0.0
2024-08-12 12:53:00-04:00,132.42999267578125,132.4499969482422,132.4199981689453,132.42999267578125,2025,0.0,0.0
2024-08-12 12:54:00-04:00,132.44000244140625,132.4600067138672,132.4001007080078,132.42999267578125,3649,0.0,0.0
2024-08-12 12:55:00-04:00,132.4199981689453,132.44000244140625,132.36000061035156,132.36000061035156,2192,0.0,0.0
2024-08-12 12:56:00-04:00,132.35000610351562,132.35000610351562,132.11000061035156,132.13009643554688,18110,0.0,0.0
2024-08-12 12:57:00-04:00,132.1699981689453,132.1699981689453,132.05999755859375,132.16000366210938,5539,0.0,0.0
2024-08-12 12:58:00-04:00,132.1750030517578,132.1999969482422,132.08999633789062,132.1300048828125,3072,0.0,0.0
2024-08-12 12:59:00-04:00,132.1540985107422,132.1649932861328,131.97999572753906,132.0399932861328,6712,0.0,0.0
2024-08-12 13:00:00-04:00,132.00999450683594,132.01499938964844,131.83999633789062,131.87899780273438,10210,0.0,0.0
2024-08-12 13:01:00-04:00,131.8800048828125,132.00999450683594,131.8699951171875,132.00999450683594,5135,0.0,0.0
2024-08-12 13:02:00-04:00,132.0,132.02000427246094,131.92999267578125,131.9600067138672,3503,0.0,0.0
2024-08-12 13:03:00-04:00,131.9600067138672,132.0,131.94500732421875,131.97000122070312,2966,0.0,0.0
2024-08-12 13:04:00-04:00,132.02000427246094,132.05999755859375,132.02000427246094,132.0500030517578,3905,0.0,0.0
2024-08-12 13:05:00-04:00,132.02000427246094,132.02999877929688,131.92999267578125,132.02000427246094,8019,0.0,0.0
2024-08-12 13:06:00-04:00,132.0399932861328,132.0800018310547,132.02999877929688,132.03500366210938,7052,0.0,0.0
2024-08-12 13:07:00-04:00,132.0399932861328,132.05999755859375,131.97999572753906,132.0399932861328,4031,0.0,0.0
2024-08-12 13:08:00-04:00,132.02999877929688,132.0800018310547,132.02499389648438,132.0312042236328,5352,0.0,0.0
2024-08-12 13:09:00-04:00,132.0800018310547,132.1199951171875,132.0500030517578,132.0749969482422,6926,0.0,0.0
2024-08-12 13:10:00-04:00,132.0749969482422,132.1199951171875,132.0399932861328,132.10000610351562,14606,0.0,0.0
2024-08-12 13:11:00-04:00,132.0800018310547,132.0800018310547,132.0500030517578,132.05999755859375,4105,0.0,0.0
2024-08-12 13:12:00-04:00,132.0800018310547,132.1300048828125,132.05999755859375,132.05999755859375,6035,0.0,0.0
2024-08-12 13:13:00-04:00,132.0800018310547,132.0850067138672,132.02999877929688,132.0399932861328,13693,0.0,0.0
2024-08-12 13:14:00-04:00,132.02499389648438,132.14999389648438,132.02499389648438,132.14999389648438,5002,0.0,0.0
2024-08-12 13:15:00-04:00,132.1300048828125,132.16000366210938,132.10000610351562,132.16000366210938,3471,0.0,0.0
2024-08-12 13:16:00-04:00,132.14500427246094,132.25,132.14500427246094,132.22999572753906,13627,0.0,0.0
2024-08-12 13:17:00-04:00,132.21749877929688,132.27499389648438,132.21749877929688,132.27499389648438,10911,0.0,0.0
2024-08-12 13:18:00-04:00,132.27499389648438,132.39999389648438,132.27499389648438,132.39999389648438,6204,0.0,0.0
2024-08-12 13:19:00-04:00,132.42999267578125,132.5399932861328,132.4199981689453,132.5399932861328,12417,0.0,0.0
2024-08-12 13:20:00-04:00,132.5399932861328,132.63999938964844,132.52999877929688,132.60000610351562,23205,0.0,0.0
2024-08-12 13:21:00-04:00,132.6300048828125,132.69000244140625,132.5800018310547,132.6649932861328,10095,0.0,0.0
2024-08-12 13:22:00-04:00,132.6999969482422,132.6999969482422,132.61000061035156,132.64999389648438,19049,0.0,0.0
2024-08-12 13:23:00-04:00,132.66000366210938,132.69000244140625,132.64999389648438,132.67539978027344,3532,0.0,0.0
2024-08-12 13:24:00-04:00,132.6999969482422,132.7100067138672,132.64999389648438,132.69000244140625,6492,0.0,0.0
2024-08-12 13:25:00-04:00,132.64999389648438,132.66920471191406,132.5399932861328,132.5500030517578,16500,0.0,0.0
2024-08-12 13:26:00-04:00,132.57000732421875,132.57000732421875,132.42999267578125,132.47999572753906,9742,0.0,0.0
2024-08-12 13:27:00-04:00,132.47500610351562,132.5399932861328,132.46499633789062,132.5399932861328,3438,0.0,0.0
2024-08-12 13:28:00-04:00,132.5500030517578,132.63999938964844,132.53500366210938,132.5800018310547,10477,0.0,0.0
2024-08-12 13:29:00-04:00,132.58999633789062,132.6199951171875,132.49000549316406,132.49000549316406,5604,0.0,0.0
2024-08-12 13:30:00-04:00,132.5050048828125,132.52999877929688,132.49000549316406,132.52000427246094,4926,0.0,0.0
2024-08-12 13:31:00-04:00,132.52999877929688,132.52999877929688,132.36000061035156,132.3699951171875,6883,0.0,0.0
2024-08-12 13:32:00-04:00,132.3800048828125,132.39999389648438,132.35000610351562,132.38499450683594,4550,0.0,0.0
2024-08-12 13:33:00-04:00,132.39999389648438,132.42999267578125,132.35000610351562,132.41000366210938,12883,0.0,0.0
2024-08-12 13:34:00-04:00,132.39999389648438,132.5399932861328,132.39999389648438,132.52999877929688,6034,0.0,0.0
2024-08-12 13:35:00-04:00,132.55999755859375,132.60000610351562,132.5500030517578,132.59500122070312,13327,0.0,0.0
2024-08-12 13:36:00-04:00,132.58999633789062,132.59500122070312,132.5050048828125,132.5500030517578,10703,0.0,0.0
2024-08-12 13:37:00-04:00,132.5399932861328,132.57000732421875,132.51499938964844,132.5408935546875,18513,0.0,0.0
2024-08-12 13:38:00-04:00,132.5500030517578,132.5500030517578,132.38999938964844,132.4199981689453,12538,0.0,0.0
2024-08-12 13:39:00-04:00,132.4149932861328,132.47000122070312,132.41000366210938,132.47000122070312,5243,0.0,0.0
2024-08-12 13:40:00-04:00,132.4600067138672,132.49000549316406,132.44000244140625,132.44500732421875,4080,0.0,0.0
2024-08-12 13:41:00-04:00,132.4600067138672,132.50999450683594,132.4600067138672,132.49000549316406,3128,0.0,0.0
2024-08-12 13:42:00-04:00,132.47999572753906,132.47999572753906,132.3800048828125,132.4199981689453,4231,0.0,0.0
2024-08-12 13:43:00-04:00,132.4149932861328,132.4199981689453,132.3800048828125,132.4199981689453,2503,0.0,0.0
2024-08-12 13:44:00-04:00,132.4199981689453,132.4199981689453,132.3300018310547,132.3699951171875,4785,0.0,0.0
2024-08-12 13:45:00-04:00,132.38499450683594,132.4600067138672,132.3699951171875,132.4600067138672,2854,0.0,0.0
2024-08-12 13:46:00-04:00,132.42999267578125,132.4499969482422,132.36000061035156,132.3800048828125,4008,0.0,0.0
2024-08-12 13:47:00-04:00,132.36000061035156,132.42999267578125,132.36000061035156,132.4250030517578,4377,0.0,0.0
2024-08-12 13:48:00-04:00,132.42999267578125,132.42999267578125,132.38999938964844,132.40499877929688,3700,0.0,0.0
2024-08-12 13:49:00-04:00,132.41000366210938,132.44000244140625,132.33999633789062,132.35000610351562,7313,0.0,0.0
2024-08-12 13:50:00-04:00,132.33999633789062,132.375,132.3000030517578,132.3249969482422,13031,0.0,0.0
2024-08-12 13:51:00-04:00,132.36000061035156,132.3699951171875,132.2899932861328,132.2899932861328,6244,0.0,0.0
2024-08-12 13:52:00-04:00,132.27999877929688,132.27999877929688,132.1199951171875,132.1699981689453,10212,0.0,0.0
2024-08-12 13:53:00-04:00,132.16000366210938,132.1999969482422,132.1199951171875,132.1999969482422,4692,0.0,0.0
2024-08-12 13:54:00-04:00,132.2050018310547,132.27000427246094,132.14999389648438,132.22999572753906,9830,0.0,0.0
2024-08-12 13:55:00-04:00,132.24000549316406,132.25,132.19000244140625,132.24000549316406,3196,0.0,0.0
2024-08-12 13:56:00-04:00,132.24000549316406,132.26780700683594,132.22000122070312,132.26780700683594,3870,0.0,0.0
2024-08-12 13:57:00-04:00,132.25,132.25999450683594,132.19000244140625,132.24000549316406,3325,0.0,0.0
2024-08-12 13:58:00-04:00,132.22999572753906,132.22999572753906,132.1999969482422,132.22999572753906,2170,0.0,0.0
2024-08-12 13:59:00-04:00,132.22500610351562,132.22500610351562,132.19590759277344,132.1999969482422,2704,0.0,0.0
2024-08-12 14:00:00-04:00,132.19000244140625,132.1999969482422,132.17999267578125,132.18499755859375,3653,0.0,0.0
2024-08-12 14:01:00-04:00,132.19000244140625,132.19000244140625,132.13999938964844,132.13999938964844,2999,0.0,0.0
2024-08-12 14:02:00-04:00,132.13999938964844,132.1699981689453,132.1300048828125,132.16000366210938,7015,0.0,0.0
2024-08-12 14:03:00-04:00,132.17999267578125,132.22999572753906,132.17999267578125,132.22999572753906,3678,0.0,0.0
2024-08-12 14:04:00-04:00,132.21499633789062,132.2241973876953,132.1999969482422,132.2050018310547,2952,0.0,0.0
2024-08-12 14:05:00-04:00,132.2100067138672,132.2100067138672,132.13999938964844,132.14500427246094,3338,0.0,0.0
2024-08-12 14:06:00-04:00,132.11000061035156,132.125,132.08999633789062,132.08999633789062,2712,0.0,0.0
2024-08-12 14:07:00-04:00,132.0800018310547,132.08999633789062,132.05999755859375,132.08999633789062,3945,0.0,0.0
2024-08-12 14:08:00-04:00,132.07000732421875,132.08999633789062,132.0399932861328,132.0800018310547,17162,0.0,0.0
2024-08-12 14:09:00-04:00,132.05999755859375,132.06500244140625,131.99000549316406,131.99000549316406,3502,0.0,0.0
2024-08-12 14:10:00-04:00,132.02999877929688,132.08900451660156,132.02999877929688,132.05099487304688,3178,0.0,0.0
2024-08-12 14:11:00-04:00,132.05999755859375,132.05999755859375,131.99000549316406,132.0,4208,0.0,0.0
2024-08-12 14:12:00-04:00,132.02349853515625,132.1125030517578,132.00999450683594,132.08999633789062,5719,0.0,0.0
2024-08-12 14:13:00-04:00,132.10000610351562,132.17999267578125,132.08999633789062,132.17999267578125,5063,0.0,0.0
2024-08-12 14:14:00-04:00,132.1999969482422,132.22000122070312,132.19500732421875,132.22000122070312,4364,0.0,0.0
2024-08-12 14:15:00-04:00,132.2100067138672,132.22000122070312,132.14999389648438,132.17999267578125,3608,0.0,0.0
2024-08-12 14:16:00-04:00,132.17999267578125,132.2100067138672,132.14999389648438,132.14999389648438,4048,0.0,0.0
2024-08-12 14:17:00-04:00,132.14999389648438,132.16000366210938,132.08999633789062,132.08999633789062,4347,0.0,0.0
2024-08-12 14:18:00-04:00,132.0749969482422,132.10000610351562,132.05999755859375,132.07000732421875,3064,0.0,0.0
2024-08-12 14:19:00-04:00,132.0800018310547,132.0800018310547,132.02999877929688,132.02999877929688,5853,0.0,0.0
2024-08-12 14:20:00-04:00,132.0399932861328,132.15499877929688,132.02000427246094,132.11000061035156,7624,0.0,0.0
2024-08-12 14:21:00-04:00,132.1300048828125,132.16000366210938,132.10000610351562,132.16000366210938,3986,0.0,0.0
2024-08-12 14:22:00-04:00,132.13999938964844,132.17999267578125,132.1300048828125,132.1300048828125,4353,0.0,0.0
2024-08-12 14:23:00-04:00,132.13999938964844,132.16000366210938,132.125,132.14999389648438,4959,0.0,0.0
2024-08-12 14:24:00-04:00,132.13499450683594,132.13499450683594,132.02999877929688,132.02999877929688,4137,0.0,0.0
2024-08-12 14:25:00-04:00,132.02999877929688,132.07000732421875,132.02999877929688,132.0500030517578,3707,0.0,0.0
2024-08-12 14:26:00-04:00,132.0500030517578,132.1199951171875,132.02000427246094,132.02999877929688,5023,0.0,0.0
2024-08-12 14:27:00-04:00,132.02999877929688,132.08999633789062,132.02499389648438,132.07000732421875,3125,0.0,0.0
2024-08-12 14:28:00-04:00,132.08999633789062,132.08999633789062,132.02000427246094,132.02499389648438,4716,0.0,0.0
2024-08-12 14:29:00-04:00,132.02499389648438,132.02499389648438,131.99000549316406,131.99000549316406,2339,0.0,0.0
2024-08-12 14:30:00-04:00,131.97999572753906,132.0500030517578,131.9499969482422,131.99000549316406,6649,0.0,0.0
2024-08-12 14:31:00-04:00,131.97999572753906,132.02999877929688,131.94000244140625,132.02000427246094,4109,0.0,0.0
2024-08-12 14:32:00-04:00,132.02000427246094,132.0225067138672,131.97500610351562,131.99000549316406,4614,0.0,0.0
2024-08-12 14:33:00-04:00,132.0,132.02999877929688,132.0,132.02999877929688,3358,0.0,0.0
2024-08-12 14:34:00-04:00,132.0399932861328,132.05999755859375,132.02499389648438,132.02999877929688,5114,0.0,0.0
2024-08-12 14:35:00-04:00,132.0449981689453,132.0449981689453,131.99000549316406,132.02000427246094,4455,0.0,0.0
2024-08-12 14:36:00-04:00,132.00999450683594,132.0800018310547,132.0,132.0800018310547,6430,0.0,0.0
2024-08-12 14:37:00-04:00,132.09500122070312,132.13999938964844,132.05999755859375,132.11000061035156,5373,0.0,0.0
2024-08-12 14:38:00-04:00,132.10499572753906,132.1300048828125,132.08999633789062,132.10000610351562,4226,0.0,0.0
2024-08-12 14:39:00-04:00,132.10000610351562,132.1699981689453,132.08999633789062,132.1300048828125,2940,0.0,0.0
2024-08-12 14:40:00-04:00,132.10000610351562,132.11000061035156,132.05999755859375,132.0800018310547,5657,0.0,0.0
2024-08-12 14:41:00-04:00,132.0500030517578,132.0800018310547,132.02999877929688,132.07000732421875,5418,0.0,0.0
2024-08-12 14:42:00-04:00,132.0800018310547,132.1300048828125,132.07000732421875,132.125,5768,0.0,0.0
2024-08-12 14:43:00-04:00,132.13999938964844,132.1999969482422,132.13999938964844,132.19000244140625,6567,0.0,0.0
2024-08-12 14:44:00-04:00,132.1999969482422,132.1999969482422,132.11000061035156,132.11000061035156,5810,0.0,0.0
2024-08-12 14:45:00-04:00,132.1199951171875,132.13999938964844,132.11000061035156,132.1199951171875,4114,0.0,0.0
2024-08-12 14:46:00-04:00,132.11000061035156,132.11990356445312,132.08999633789062,132.10000610351562,6815,0.0,0.0
2024-08-12 14:47:00-04:00,132.09500122070312,132.13999938964844,132.08999633789062,132.11000061035156,5479,0.0,0.0
2024-08-12 14:48:00-04:00,132.11000061035156,132.17999267578125,132.11000061035156,132.16000366210938,4263,0.0,0.0
2024-08-12 14:49:00-04:00,132.14500427246094,132.22000122070312,132.13999938964844,132.2100067138672,3911,0.0,0.0
2024-08-12 14:50:00-04:00,132.20640563964844,132.26780700683594,132.16000366210938,132.25999450683594,7588,0.0,0.0
2024-08-12 14:51:00-04:00,132.27000427246094,132.27000427246094,132.22999572753906,132.25999450683594,9164,0.0,0.0
2024-08-12 14:52:00-04:00,132.25,132.36000061035156,132.24400329589844,132.35000610351562,6893,0.0,0.0
2024-08-12 14:53:00-04:00,132.3350067138672,132.35000610351562,132.32000732421875,132.33999633789062,7278,0.0,0.0
2024-08-12 14:54:00-04:00,132.31500244140625,132.3699951171875,132.30999755859375,132.33999633789062,8818,0.0,0.0
2024-08-12 14:55:00-04:00,132.3300018310547,132.3800048828125,132.3300018310547,132.3699951171875,6964,0.0,0.0
2024-08-12 14:56:00-04:00,132.3699951171875,132.3699951171875,132.33999633789062,132.35499572753906,6211,0.0,0.0
2024-08-12 14:57:00-04:00,132.36000061035156,132.41000366210938,132.36000061035156,132.375,6486,0.0,0.0
2024-08-12 14:58:00-04:00,132.36000061035156,132.3800048828125,132.32000732421875,132.3699951171875,7775,0.0,0.0
2024-08-12 14:59:00-04:00,132.36000061035156,132.39999389648438,132.36000061035156,132.39999389648438,7722,0.0,0.0
2024-08-12 15:00:00-04:00,132.41000366210938,132.4600067138672,132.39999389648438,132.39999389648438,13163,0.0,0.0
2024-08-12 15:01:00-04:00,132.39999389648438,132.4250030517578,132.3699951171875,132.4199981689453,7517,0.0,0.0
2024-08-12 15:02:00-04:00,132.4250030517578,132.4250030517578,132.3300018310547,132.38999938964844,9829,0.0,0.0
2024-08-12 15:03:00-04:00,132.3800048828125,132.3800048828125,132.30999755859375,132.33999633789062,6231,0.0,0.0
2024-08-12 15:04:00-04:00,132.35000610351562,132.41000366210938,132.35000610351562,132.36000061035156,5932,0.0,0.0
2024-08-12 15:05:00-04:00,132.36000061035156,132.3699951171875,132.32000732421875,132.33999633789062,6813,0.0,0.0
2024-08-12 15:06:00-04:00,132.3300018310547,132.3800048828125,132.32000732421875,132.3699951171875,13876,0.0,0.0
2024-08-12 15:07:00-04:00,132.37069702148438,132.37069702148438,132.33999633789062,132.36000061035156,4372,0.0,0.0
2024-08-12 15:08:00-04:00,132.33999633789062,132.35000610351562,132.25010681152344,132.26499938964844,5154,0.0,0.0
2024-08-12 15:09:00-04:00,132.25999450683594,132.32000732421875,132.2449951171875,132.3000030517578,7206,0.0,0.0
2024-08-12 15:10:00-04:00,132.30999755859375,132.35000610351562,132.27999877929688,132.32000732421875,11803,0.0,0.0
2024-08-12 15:11:00-04:00,132.33999633789062,132.3699951171875,132.3300018310547,132.36000061035156,4561,0.0,0.0
2024-08-12 15:12:00-04:00,132.35000610351562,132.3800048828125,132.3000030517578,132.3000030517578,10180,0.0,0.0
2024-08-12 15:13:00-04:00,132.3000030517578,132.3000030517578,132.19000244140625,132.1999969482422,9680,0.0,0.0
2024-08-12 15:14:00-04:00,132.19000244140625,132.27999877929688,132.17999267578125,132.27000427246094,11150,0.0,0.0
2024-08-12 15:15:00-04:00,132.27499389648438,132.2899932861328,132.22500610351562,132.2899932861328,9175,0.0,0.0
2024-08-12 15:16:00-04:00,132.2899932861328,132.3000030517578,132.25,132.27999877929688,9444,0.0,0.0
2024-08-12 15:17:00-04:00,132.27000427246094,132.2899932861328,132.27000427246094,132.2899932861328,11341,0.0,0.0
2024-08-12 15:18:00-04:00,132.2899932861328,132.30999755859375,132.22000122070312,132.3000030517578,8975,0.0,0.0
2024-08-12 15:19:00-04:00,132.3000030517578,132.32000732421875,132.27999877929688,132.2899932861328,7690,0.0,0.0
2024-08-12 15:20:00-04:00,132.3000030517578,132.3000030517578,132.22000122070312,132.22000122070312,6262,0.0,0.0
2024-08-12 15:21:00-04:00,132.19000244140625,132.3000030517578,132.19000244140625,132.25999450683594,6804,0.0,0.0
2024-08-12 15:22:00-04:00,132.28500366210938,132.3300018310547,132.28500366210938,132.3300018310547,4688,0.0,0.0
2024-08-12 15:23:00-04:00,132.32000732421875,132.32940673828125,132.2899932861328,132.2899932861328,5615,0.0,0.0
2024-08-12 15:24:00-04:00,132.30999755859375,132.33290100097656,132.30999755859375,132.32000732421875,7517,0.0,0.0
2024-08-12 15:25:00-04:00,132.30999755859375,132.3300018310547,132.27999877929688,132.27999877929688,7531,0.0,0.0
2024-08-12 15:26:00-04:00,132.27999877929688,132.3000030517578,132.22999572753906,132.27000427246094,7103,0.0,0.0
2024-08-12 15:27:00-04:00,132.27000427246094,132.27000427246094,132.19000244140625,132.22000122070312,9627,0.0,0.0
2024-08-12 15:28:00-04:00,132.2100067138672,132.2100067138672,132.14999389648438,132.16000366210938,13549,0.0,0.0
2024-08-12 15:29:00-04:00,132.16000366210938,132.17999267578125,132.13999938964844,132.1699981689453,7944,0.0,0.0
2024-08-12 15:30:00-04:00,132.16000366210938,132.27999877929688,132.16000366210938,132.27999877929688,5796,0.0,0.0
2024-08-12 15:31:00-04:00,132.27000427246094,132.3000030517578,132.22999572753906,132.26499938964844,10985,0.0,0.0
2024-08-12 15:32:00-04:00,132.28500366210938,132.3000030517578,132.19000244140625,132.19000244140625,7238,0.0,0.0
2024-08-12 15:33:00-04:00,132.1699981689453,132.1699981689453,132.1199951171875,132.1300048828125,4971,0.0,0.0
2024-08-12 15:34:00-04:00,132.13499450683594,132.14999389648438,132.10000610351562,132.12989807128906,5347,0.0,0.0
2024-08-12 15:35:00-04:00,132.08999633789062,132.10000610351562,132.05499267578125,132.0800018310547,6226,0.0,0.0
2024-08-12 15:36:00-04:00,132.0800018310547,132.10000610351562,131.99000549316406,131.99000549316406,10978,0.0,0.0
2024-08-12 15:37:00-04:00,132.0,132.01499938964844,131.9499969482422,131.97999572753906,5251,0.0,0.0
2024-08-12 15:38:00-04:00,131.97999572753906,132.0399932861328,131.97000122070312,131.97000122070312,12404,0.0,0.0
2024-08-12 15:39:00-04:00,131.97999572753906,132.02999877929688,131.97999572753906,132.02999877929688,5372,0.0,0.0
2024-08-12 15:40:00-04:00,132.02999877929688,132.05999755859375,131.97500610351562,131.99009704589844,10855,0.0,0.0
2024-08-12 15:41:00-04:00,132.00999450683594,132.02000427246094,131.9600067138672,131.9600067138672,6425,0.0,0.0
2024-08-12 15:42:00-04:00,131.97000122070312,132.0500030517578,131.92999267578125,132.02000427246094,8534,0.0,0.0
2024-08-12 15:43:00-04:00,132.02000427246094,132.1300048828125,131.99000549316406,132.1199951171875,10255,0.0,0.0
2024-08-12 15:44:00-04:00,132.11000061035156,132.125,132.0800018310547,132.125,5937,0.0,0.0
2024-08-12 15:45:00-04:00,132.1199951171875,132.13499450683594,132.02000427246094,132.05999755859375,11637,0.0,0.0
2024-08-12 15:46:00-04:00,132.05499267578125,132.13499450683594,132.05499267578125,132.08999633789062,17883,0.0,0.0
2024-08-12 15:47:00-04:00,132.0800018310547,132.13999938964844,132.05999755859375,132.1199951171875,11894,0.0,0.0
2024-08-12 15:48:00-04:00,132.1300048828125,132.1300048828125,132.01499938964844,132.03500366210938,13861,0.0,0.0
2024-08-12 15:49:00-04:00,132.02999877929688,132.0800018310547,132.02000427246094,132.07000732421875,14151,0.0,0.0
2024-08-12 15:50:00-04:00,132.0500030517578,132.3800048828125,132.0399932861328,132.2899932861328,33320,0.0,0.0
2024-08-12 15:51:00-04:00,132.30999755859375,132.3300018310547,132.22999572753906,132.2949981689453,21719,0.0,0.0
2024-08-12 15:52:00-04:00,132.2949981689453,132.32000732421875,132.25999450683594,132.27000427246094,22786,0.0,0.0
2024-08-12 15:53:00-04:00,132.26950073242188,132.27000427246094,132.14999389648438,132.1999969482422,28846,0.0,0.0
2024-08-12 15:54:00-04:00,132.2100067138672,132.33999633789062,132.2100067138672,132.31500244140625,19576,0.0,0.0
2024-08-12 15:55:00-04:00,132.35000610351562,132.39999389648438,132.3249969482422,132.33999633789062,35610,0.0,0.0
2024-08-12 15:56:00-04:00,132.33999633789062,132.35000610351562,132.16000366210938,132.3000030517578,43954,0.0,0.0
2024-08-12 15:57:00-04:00,132.3000030517578,132.35000610351562,132.2899932861328,132.31500244140625,40760,0.0,0.0
2024-08-12 15:58:00-04:00,132.32000732421875,132.4199981689453,132.32000732421875,132.41000366210938,47171,0.0,0.0
2024-08-12 15:59:00-04:00,132.41000366210938,132.6999969482422,132.41000366210938,132.6699981689453,159869,0.0,0.0
2024-08-13 09:30:00-04:00,132.97000122070312,133.3800048828125,132.85000610351562,133.22000122070312,161206,0.0,0.0
2024-08-13 09:31:00-04:00,133.16000366210938,133.3000030517578,133.0399932861328,133.3000030517578,7388,0.0,0.0
2024-08-13 09:32:00-04:00,133.1999969482422,133.25999450683594,132.8249969482422,132.9550018310547,8338,0.0,0.0
2024-08-13 09:33:00-04:00,133.0,133.10000610351562,132.9499969482422,133.10000610351562,5358,0.0,0.0
2024-08-13 09:34:00-04:00,133.11000061035156,133.1699981689453,132.8800048828125,133.01499938964844,24734,0.0,0.0
2024-08-13 09:35:00-04:00,133.01499938964844,133.1199951171875,132.83999633789062,132.89500427246094,11355,0.0,0.0
2024-08-13 09:36:00-04:00,132.9199981689453,133.1300048828125,132.80999755859375,132.89999389648438,15411,0.0,0.0
2024-08-13 09:37:00-04:00,132.9600067138672,133.24000549316406,132.9600067138672,133.2100067138672,4101,0.0,0.0
2024-08-13 09:38:00-04:00,133.24000549316406,133.25,133.1300048828125,133.2100067138672,10243,0.0,0.0
2024-08-13 09:39:00-04:00,133.2100067138672,133.27999877929688,133.0399932861328,133.16000366210938,6559,0.0,0.0
2024-08-13 09:40:00-04:00,133.14500427246094,133.3000030517578,133.14500427246094,133.21499633789062,6818,0.0,0.0
2024-08-13 09:41:00-04:00,133.2050018310547,133.27000427246094,133.13499450683594,133.13499450683594,6997,0.0,0.0
2024-08-13 09:42:00-04:00,133.1699981689453,133.27999877929688,133.10000610351562,133.21499633789062,10644,0.0,0.0
2024-08-13 09:43:00-04:00,133.21499633789062,133.3699951171875,133.1999969482422,133.3699951171875,31269,0.0,0.0
2024-08-13 09:44:00-04:00,133.36000061035156,133.4199981689453,133.33999633789062,133.37210083007812,11774,0.0,0.0
2024-08-13 09:45:00-04:00,133.39999389648438,133.5800018310547,133.3800048828125,133.3800048828125,36086,0.0,0.0
2024-08-13 09:46:00-04:00,133.41000366210938,133.5800018310547,133.36000061035156,133.5800018310547,12592,0.0,0.0
2024-08-13 09:47:00-04:00,133.5449981689453,133.5800018310547,133.48500061035156,133.57000732421875,4863,0.0,0.0
2024-08-13 09:48:00-04:00,133.5,133.57000732421875,133.44000244140625,133.52999877929688,10647,0.0,0.0
2024-08-13 09:49:00-04:00,133.52589416503906,133.66000366210938,133.52000427246094,133.66000366210938,10594,0.0,0.0
2024-08-13 09:50:00-04:00,133.63999938964844,133.69500732421875,133.60000610351562,133.6199951171875,10024,0.0,0.0
2024-08-13 09:51:00-04:00,133.63999938964844,133.77000427246094,133.63999938964844,133.75,15718,0.0,0.0
2024-08-13 09:52:00-04:00,133.7899932861328,133.8350067138672,133.74000549316406,133.74000549316406,10260,0.0,0.0
2024-08-13 09:53:00-04:00,133.7449951171875,133.8699951171875,133.7449951171875,133.8699951171875,6039,0.0,0.0
2024-08-13 09:54:00-04:00,133.8800048828125,133.9199981689453,133.77000427246094,133.81500244140625,7266,0.0,0.0
2024-08-13 09:55:00-04:00,133.8249969482422,133.83999633789062,133.61000061035156,133.6300048828125,11051,0.0,0.0
2024-08-13 09:56:00-04:00,133.63999938964844,133.72000122070312,133.63999938964844,133.7100067138672,6144,0.0,0.0
2024-08-13 09:57:00-04:00,133.77000427246094,133.85000610351562,133.77000427246094,133.8300018310547,7435,0.0,0.0
2024-08-13 09:58:00-04:00,133.82659912109375,133.91000366210938,133.82659912109375,133.88999938964844,7140,0.0,0.0
2024-08-13 09:59:00-04:00,133.92999267578125,133.9398956298828,133.82000732421875,133.82000732421875,6809,0.0,0.0
2024-08-13 10:00:00-04:00,133.82000732421875,133.83999633789062,133.6999969482422,133.6999969482422,6769,0.0,0.0
2024-08-13 10:01:00-04:00,133.74000549316406,133.7899932861328,133.64999389648438,133.66000366210938,4729,0.0,0.0
2024-08-13 10:02:00-04:00,133.63999938964844,133.63999938964844,133.5399932861328,133.5399932861328,5088,0.0,0.0
2024-08-13 10:03:00-04:00,133.5449981689453,133.64999389648438,133.5449981689453,133.61000061035156,7827,0.0,0.0
2024-08-13 10:04:00-04:00,133.63499450683594,133.66000366210938,133.55999755859375,133.64999389648438,6518,0.0,0.0
2024-08-13 10:05:00-04:00,133.6699981689453,133.6699981689453,133.50999450683594,133.51499938964844,7340,0.0,0.0
2024-08-13 10:06:00-04:00,133.53500366210938,133.60499572753906,133.47000122070312,133.58999633789062,6083,0.0,0.0
2024-08-13 10:07:00-04:00,133.61000061035156,133.67999267578125,133.5800018310547,133.6750030517578,4915,0.0,0.0
2024-08-13 10:08:00-04:00,133.67999267578125,133.7949981689453,133.64999389648438,133.76499938964844,16337,0.0,0.0
2024-08-13 10:09:00-04:00,133.77000427246094,133.77000427246094,133.55999755859375,133.55999755859375,5711,0.0,0.0
2024-08-13 10:10:00-04:00,133.49000549316406,133.52999877929688,133.42999267578125,133.48500061035156,9291,0.0,0.0
2024-08-13 10:11:00-04:00,133.4600067138672,133.47500610351562,133.44000244140625,133.47000122070312,5855,0.0,0.0
2024-08-13 10:12:00-04:00,133.4499969482422,133.58999633789062,133.4499969482422,133.57000732421875,5312,0.0,0.0
2024-08-13 10:13:00-04:00,133.59500122070312,133.6199951171875,133.52000427246094,133.52499389648438,10180,0.0,0.0
2024-08-13 10:14:00-04:00,133.5,133.5800018310547,133.5,133.52999877929688,5030,0.0,0.0
2024-08-13 10:15:00-04:00,133.52000427246094,133.55999755859375,133.5,133.51339721679688,10844,0.0,0.0
2024-08-13 10:16:00-04:00,133.50999450683594,133.52000427246094,133.45010375976562,133.45010375976562,6579,0.0,0.0
2024-08-13 10:17:00-04:00,133.47999572753906,133.49000549316406,133.40499877929688,133.44000244140625,4301,0.0,0.0
2024-08-13 10:18:00-04:00,133.4199981689453,133.44000244140625,133.35000610351562,133.3800048828125,3325,0.0,0.0
2024-08-13 10:19:00-04:00,133.38999938964844,133.4199981689453,133.3800048828125,133.41000366210938,7048,0.0,0.0
2024-08-13 10:20:00-04:00,133.4066925048828,133.4600067138672,133.3699951171875,133.4250030517578,8864,0.0,0.0
2024-08-13 10:21:00-04:00,133.41749572753906,133.42999267578125,133.34500122070312,133.3800048828125,3228,0.0,0.0
2024-08-13 10:22:00-04:00,133.3699951171875,133.44000244140625,133.3699951171875,133.4199981689453,3814,0.0,0.0
2024-08-13 10:23:00-04:00,133.4199981689453,133.4600067138672,133.3800048828125,133.4600067138672,5406,0.0,0.0
2024-08-13 10:24:00-04:00,133.4405059814453,133.5500030517578,133.44000244140625,133.5500030517578,3823,0.0,0.0
2024-08-13 10:25:00-04:00,133.5447998046875,133.5447998046875,133.4600067138672,133.4600067138672,7145,0.0,0.0
2024-08-13 10:26:00-04:00,133.47000122070312,133.55999755859375,133.4600067138672,133.55999755859375,6604,0.0,0.0
2024-08-13 10:27:00-04:00,133.5500030517578,133.57000732421875,133.52999877929688,133.57000732421875,3579,0.0,0.0
2024-08-13 10:28:00-04:00,133.56500244140625,133.5800018310547,133.52000427246094,133.57000732421875,3722,0.0,0.0
2024-08-13 10:29:00-04:00,133.5500030517578,133.5500030517578,133.49000549316406,133.5500030517578,4019,0.0,0.0
2024-08-13 10:30:00-04:00,133.5500030517578,133.5500030517578,133.4499969482422,133.4600067138672,10928,0.0,0.0
2024-08-13 10:31:00-04:00,133.47999572753906,133.5800018310547,133.4600067138672,133.52999877929688,14024,0.0,0.0
2024-08-13 10:32:00-04:00,133.52059936523438,133.52999877929688,133.4499969482422,133.4499969482422,4450,0.0,0.0
2024-08-13 10:33:00-04:00,133.41000366210938,133.46499633789062,133.39999389648438,133.4499969482422,1549,0.0,0.0
2024-08-13 10:34:00-04:00,133.47000122070312,133.5399932861328,133.4600067138672,133.5399932861328,6234,0.0,0.0
2024-08-13 10:35:00-04:00,133.55999755859375,133.5998992919922,133.5500030517578,133.57000732421875,4704,0.0,0.0
2024-08-13 10:36:00-04:00,133.58999633789062,133.63999938964844,133.58999633789062,133.63999938964844,6869,0.0,0.0
2024-08-13 10:37:00-04:00,133.66000366210938,133.72000122070312,133.6199951171875,133.7050018310547,5734,0.0,0.0
2024-08-13 10:38:00-04:00,133.7100067138672,133.74000549316406,133.6699981689453,133.69000244140625,8707,0.0,0.0
2024-08-13 10:39:00-04:00,133.69500732421875,133.75,133.67999267578125,133.72000122070312,15048,0.0,0.0
2024-08-13 10:40:00-04:00,133.74000549316406,133.75999450683594,133.6999969482422,133.7100067138672,5829,0.0,0.0
2024-08-13 10:41:00-04:00,133.73500061035156,133.75,133.67999267578125,133.75,4775,0.0,0.0
2024-08-13 10:42:00-04:00,133.74000549316406,133.7626953125,133.7100067138672,133.73500061035156,8273,0.0,0.0
2024-08-13 10:43:00-04:00,133.73500061035156,133.8300018310547,133.69009399414062,133.80499267578125,5643,0.0,0.0
2024-08-13 10:44:00-04:00,133.82000732421875,133.85000610351562,133.75999450683594,133.7899932861328,6664,0.0,0.0
2024-08-13 10:45:00-04:00,133.7899932861328,133.85000610351562,133.7899932861328,133.81539916992188,9741,0.0,0.0
2024-08-13 10:46:00-04:00,133.8300018310547,133.94439697265625,133.8300018310547,133.94439697265625,7869,0.0,0.0
2024-08-13 10:47:00-04:00,133.92999267578125,133.99000549316406,133.92999267578125,133.97000122070312,20709,0.0,0.0
2024-08-13 10:48:00-04:00,133.97000122070312,134.0699005126953,133.97000122070312,134.0,43998,0.0,0.0
2024-08-13 10:49:00-04:00,133.99119567871094,134.00999450683594,133.9199981689453,133.9799041748047,7681,0.0,0.0
2024-08-13 10:50:00-04:00,133.9600067138672,133.97000122070312,133.8699951171875,133.9600067138672,8287,0.0,0.0
2024-08-13 10:51:00-04:00,133.95779418945312,134.0,133.77999877929688,133.7899932861328,18772,0.0,0.0
2024-08-13 10:52:00-04:00,133.75999450683594,133.75999450683594,133.64999389648438,133.73680114746094,6895,0.0,0.0
2024-08-13 10:53:00-04:00,133.75,133.83999633789062,133.72000122070312,133.74000549316406,6629,0.0,0.0
2024-08-13 10:54:00-04:00,133.75999450683594,133.75999450683594,133.72000122070312,133.72000122070312,7107,0.0,0.0
2024-08-13 10:55:00-04:00,133.67999267578125,133.74000549316406,133.67999267578125,133.74000549316406,4523,0.0,0.0
2024-08-13 10:56:00-04:00,133.72999572753906,133.72999572753906,133.68020629882812,133.68020629882812,2861,0.0,0.0
2024-08-13 10:57:00-04:00,133.69000244140625,133.74000549316406,133.69000244140625,133.72999572753906,5003,0.0,0.0
2024-08-13 10:58:00-04:00,133.75,133.75,133.6699981689453,133.69500732421875,5460,0.0,0.0
2024-08-13 10:59:00-04:00,133.6999969482422,133.72500610351562,133.6999969482422,133.72500610351562,3567,0.0,0.0
2024-08-13 11:00:00-04:00,133.72999572753906,133.82000732421875,133.72999572753906,133.8000030517578,4267,0.0,0.0
2024-08-13 11:01:00-04:00,133.80999755859375,133.85000610351562,133.75,133.75,4384,0.0,0.0
2024-08-13 11:02:00-04:00,133.7899932861328,133.80999755859375,133.74000549316406,133.76499938964844,1835,0.0,0.0
2024-08-13 11:03:00-04:00,133.77499389648438,133.8300018310547,133.77499389648438,133.8300018310547,3815,0.0,0.0
2024-08-13 11:04:00-04:00,133.8218994140625,133.9199981689453,133.8218994140625,133.91000366210938,2812,0.0,0.0
2024-08-13 11:05:00-04:00,133.93499755859375,133.97999572753906,133.9199981689453,133.94000244140625,4070,0.0,0.0
2024-08-13 11:06:00-04:00,133.9600067138672,133.9600067138672,133.83999633789062,133.83999633789062,3175,0.0,0.0
2024-08-13 11:07:00-04:00,133.8000030517578,133.8800048828125,133.8000030517578,133.8699951171875,2257,0.0,0.0
2024-08-13 11:08:00-04:00,133.85000610351562,133.86000061035156,133.83999633789062,133.83999633789062,2306,0.0,0.0
2024-08-13 11:09:00-04:00,133.86500549316406,133.86500549316406,133.7899932861328,133.7899932861328,3815,0.0,0.0
2024-08-13 11:10:00-04:00,133.7949981689453,133.7949981689453,133.73500061035156,133.75999450683594,4218,0.0,0.0
2024-08-13 11:11:00-04:00,133.75,133.77999877929688,133.72999572753906,133.77999877929688,3746,0.0,0.0
2024-08-13 11:12:00-04:00,133.77000427246094,133.7899932861328,133.75,133.7899932861328,2866,0.0,0.0
2024-08-13 11:13:00-04:00,133.7899932861328,133.7899932861328,133.77000427246094,133.7899932861328,1898,0.0,0.0
2024-08-13 11:14:00-04:00,133.80999755859375,133.8300018310547,133.8000030517578,133.8125,2399,0.0,0.0
2024-08-13 11:15:00-04:00,133.82000732421875,133.88999938964844,133.80999755859375,133.88999938964844,4384,0.0,0.0
2024-08-13 11:16:00-04:00,133.8800048828125,133.9600067138672,133.8800048828125,133.90499877929688,17265,0.0,0.0
2024-08-13 11:17:00-04:00,133.8800048828125,133.91000366210938,133.83999633789062,133.86500549316406,5601,0.0,0.0
2024-08-13 11:18:00-04:00,133.91000366210938,133.91000366210938,133.74000549316406,133.74000549316406,4277,0.0,0.0
2024-08-13 11:19:00-04:00,133.72000122070312,133.7550048828125,133.72000122070312,133.72999572753906,2254,0.0,0.0
2024-08-13 11:20:00-04:00,133.75,133.7899932861328,133.72000122070312,133.73500061035156,6626,0.0,0.0
2024-08-13 11:21:00-04:00,133.7100067138672,133.74000549316406,133.6999969482422,133.7100067138672,4394,0.0,0.0
2024-08-13 11:22:00-04:00,133.70120239257812,133.7449951171875,133.6999969482422,133.7449951171875,6241,0.0,0.0
2024-08-13 11:23:00-04:00,133.72999572753906,133.85000610351562,133.72500610351562,133.83999633789062,7415,0.0,0.0
2024-08-13 11:24:00-04:00,133.8300018310547,133.86959838867188,133.82000732421875,133.86000061035156,5913,0.0,0.0
2024-08-13 11:25:00-04:00,133.86000061035156,133.8800048828125,133.8533935546875,133.85499572753906,4009,0.0,0.0
2024-08-13 11:26:00-04:00,133.85499572753906,133.8800048828125,133.84010314941406,133.8800048828125,10604,0.0,0.0
2024-08-13 11:27:00-04:00,133.8699951171875,133.89999389648438,133.85000610351562,133.89999389648438,3380,0.0,0.0
2024-08-13 11:28:00-04:00,133.90370178222656,133.97000122070312,133.90370178222656,133.97000122070312,5269,0.0,0.0
2024-08-13 11:29:00-04:00,133.9600067138672,133.97999572753906,133.91000366210938,133.91000366210938,4185,0.0,0.0
2024-08-13 11:30:00-04:00,133.89999389648438,133.92999267578125,133.88999938964844,133.89999389648438,2882,0.0,0.0
2024-08-13 11:31:00-04:00,133.88999938964844,133.91000366210938,133.85000610351562,133.85000610351562,3231,0.0,0.0
2024-08-13 11:32:00-04:00,133.84500122070312,133.86000061035156,133.77999877929688,133.7899932861328,5144,0.0,0.0
2024-08-13 11:33:00-04:00,133.83999633789062,133.85690307617188,133.83999633789062,133.84500122070312,2081,0.0,0.0
2024-08-13 11:34:00-04:00,133.86000061035156,133.88999938964844,133.85130310058594,133.86000061035156,9437,0.0,0.0
2024-08-13 11:35:00-04:00,133.85000610351562,133.86000061035156,133.72999572753906,133.78089904785156,12013,0.0,0.0
2024-08-13 11:36:00-04:00,133.7700958251953,133.7899932861328,133.75999450683594,133.77999877929688,2986,0.0,0.0
2024-08-13 11:37:00-04:00,133.74000549316406,133.77999877929688,133.71969604492188,133.72999572753906,8496,0.0,0.0
2024-08-13 11:38:00-04:00,133.75,133.77999877929688,133.63999938964844,133.64999389648438,47633,0.0,0.0
2024-08-13 11:39:00-04:00,133.64999389648438,133.6649932861328,133.5800018310547,133.6199951171875,14938,0.0,0.0
2024-08-13 11:40:00-04:00,133.61000061035156,133.6699981689453,133.61000061035156,133.64500427246094,9055,0.0,0.0
2024-08-13 11:41:00-04:00,133.63009643554688,133.64999389648438,133.5800018310547,133.5800018310547,5953,0.0,0.0
2024-08-13 11:42:00-04:00,133.57000732421875,133.6199951171875,133.5500030517578,133.6199951171875,13506,0.0,0.0
2024-08-13 11:43:00-04:00,133.60000610351562,133.6199951171875,133.5500030517578,133.5500030517578,4082,0.0,0.0
2024-08-13 11:44:00-04:00,133.57000732421875,133.57000732421875,133.52999877929688,133.5399932861328,1281,0.0,0.0
2024-08-13 11:45:00-04:00,133.5399932861328,133.5500030517578,133.50999450683594,133.50999450683594,3217,0.0,0.0
2024-08-13 11:46:00-04:00,133.5500030517578,133.5800018310547,133.5500030517578,133.57080078125,2745,0.0,0.0
2024-08-13 11:47:00-04:00,133.58999633789062,133.61500549316406,133.58999633789062,133.61000061035156,5557,0.0,0.0
2024-08-13 11:48:00-04:00,133.60499572753906,133.64999389648438,133.60499572753906,133.63499450683594,3629,0.0,0.0
2024-08-13 11:49:00-04:00,133.63999938964844,133.64999389648438,133.61480712890625,133.61480712890625,8302,0.0,0.0
2024-08-13 11:50:00-04:00,133.6300048828125,133.67999267578125,133.6300048828125,133.67999267578125,13198,0.0,0.0
2024-08-13 11:51:00-04:00,133.66000366210938,133.66000366210938,133.61480712890625,133.63999938964844,5007,0.0,0.0
2024-08-13 11:52:00-04:00,133.6199951171875,133.64500427246094,133.6199951171875,133.63299560546875,3357,0.0,0.0
2024-08-13 11:53:00-04:00,133.64999389648438,133.72999572753906,133.64999389648438,133.72500610351562,6981,0.0,0.0
2024-08-13 11:54:00-04:00,133.72940063476562,133.72999572753906,133.7100067138672,133.72999572753906,5497,0.0,0.0
2024-08-13 11:55:00-04:00,133.72999572753906,133.72999572753906,133.6999969482422,133.72999572753906,3143,0.0,0.0
2024-08-13 11:56:00-04:00,133.7100067138672,133.75,133.7100067138672,133.74000549316406,3169,0.0,0.0
2024-08-13 11:57:00-04:00,133.75,133.75999450683594,133.72000122070312,133.72999572753906,7106,0.0,0.0
2024-08-13 11:58:00-04:00,133.75,133.77000427246094,133.72999572753906,133.7550048828125,4378,0.0,0.0
2024-08-13 11:59:00-04:00,133.75039672851562,133.77000427246094,133.72500610351562,133.72999572753906,6450,0.0,0.0
2024-08-13 12:00:00-04:00,133.7050018310547,133.7050018310547,133.5850067138672,133.58999633789062,5677,0.0,0.0
2024-08-13 12:01:00-04:00,133.60000610351562,133.6199951171875,133.5800018310547,133.61000061035156,13116,0.0,0.0
2024-08-13 12:02:00-04:00,133.61000061035156,133.72999572753906,133.5800018310547,133.72999572753906,5566,0.0,0.0
2024-08-13 12:03:00-04:00,133.75999450683594,133.77999877929688,133.74000549316406,133.75999450683594,4404,0.0,0.0
2024-08-13 12:04:00-04:00,133.77999877929688,133.77999877929688,133.75,133.75999450683594,3987,0.0,0.0
2024-08-13 12:05:00-04:00,133.75,133.75,133.72500610351562,133.73260498046875,3694,0.0,0.0
2024-08-13 12:06:00-04:00,133.75999450683594,133.77999877929688,133.74000549316406,133.77999877929688,2315,0.0,0.0
2024-08-13 12:07:00-04:00,133.77499389648438,133.77499389648438,133.72000122070312,133.72000122070312,5815,0.0,0.0
2024-08-13 12:08:00-04:00,133.75,133.77000427246094,133.75,133.75,1644,0.0,0.0
2024-08-13 12:09:00-04:00,133.75999450683594,133.7899932861328,133.6999969482422,133.7050018310547,9376,0.0,0.0
2024-08-13 12:10:00-04:00,133.72000122070312,133.77999877929688,133.72000122070312,133.73500061035156,13805,0.0,0.0
2024-08-13 12:11:00-04:00,133.6999969482422,133.6999969482422,133.60000610351562,133.6300048828125,3874,0.0,0.0
2024-08-13 12:12:00-04:00,133.63999938964844,133.67999267578125,133.6300048828125,133.67999267578125,2984,0.0,0.0
2024-08-13 12:13:00-04:00,133.66000366210938,133.66000366210938,133.6199951171875,133.66000366210938,3281,0.0,0.0
2024-08-13 12:14:00-04:00,133.66000366210938,133.6699981689453,133.64010620117188,133.64010620117188,4236,0.0,0.0
2024-08-13 12:15:00-04:00,133.69000244140625,133.72000122070312,133.67999267578125,133.72000122070312,3158,0.0,0.0
2024-08-13 12:16:00-04:00,133.74000549316406,133.7689971923828,133.74000549316406,133.75,2638,0.0,0.0
2024-08-13 12:17:00-04:00,133.75999450683594,133.83999633789062,133.75999450683594,133.81680297851562,10551,0.0,0.0
2024-08-13 12:18:00-04:00,133.83999633789062,133.89999389648438,133.83999633789062,133.88499450683594,3002,0.0,0.0
2024-08-13 12:19:00-04:00,133.89999389648438,133.94500732421875,133.88999938964844,133.94000244140625,8843,0.0,0.0
2024-08-13 12:20:00-04:00,133.94000244140625,134.0,133.9199981689453,133.9949951171875,8701,0.0,0.0
2024-08-13 12:21:00-04:00,134.0,134.09500122070312,133.99009704589844,134.05999755859375,11703,0.0,0.0
2024-08-13 12:22:00-04:00,134.0601043701172,134.08999633789062,134.05999755859375,134.05999755859375,1863,0.0,0.0
2024-08-13 12:23:00-04:00,134.0800018310547,134.10000610351562,134.02000427246094,134.02000427246094,9115,0.0,0.0
2024-08-13 12:24:00-04:00,134.0157928466797,134.02999877929688,133.94000244140625,133.97000122070312,12783,0.0,0.0
2024-08-13 12:25:00-04:00,133.99000549316406,134.02000427246094,133.99000549316406,134.0048065185547,2341,0.0,0.0
2024-08-13 12:26:00-04:00,133.99000549316406,133.99000549316406,133.9600067138672,133.9700927734375,4791,0.0,0.0
2024-08-13 12:27:00-04:00,133.97999572753906,133.99000549316406,133.97000122070312,133.97999572753906,2253,0.0,0.0
2024-08-13 12:28:00-04:00,133.9600067138672,133.96499633789062,133.8800048828125,133.8800048828125,5797,0.0,0.0
2024-08-13 12:29:00-04:00,133.89500427246094,133.97000122070312,133.88999938964844,133.9499969482422,5227,0.0,0.0
2024-08-13 12:30:00-04:00,133.9499969482422,134.00999450683594,133.9149932861328,133.9149932861328,9802,0.0,0.0
2024-08-13 12:31:00-04:00,133.9149932861328,133.97999572753906,133.83999633789062,133.96499633789062,34726,0.0,0.0
2024-08-13 12:32:00-04:00,133.89999389648438,133.89999389648438,133.8699951171875,133.8961944580078,5135,0.0,0.0
2024-08-13 12:33:00-04:00,133.91000366210938,133.9199981689453,133.89999389648438,133.89999389648438,1441,0.0,0.0
2024-08-13 12:34:00-04:00,133.9199981689453,133.9600067138672,133.9123992919922,133.92999267578125,5819,0.0,0.0
2024-08-13 12:35:00-04:00,133.92999267578125,133.94000244140625,133.89999389648438,133.89999389648438,4340,0.0,0.0
2024-08-13 12:36:00-04:00,133.89999389648438,133.96499633789062,133.89999389648438,133.95030212402344,3251,0.0,0.0
2024-08-13 12:37:00-04:00,133.97000122070312,134.02000427246094,133.97000122070312,134.00999450683594,2448,0.0,0.0
2024-08-13 12:38:00-04:00,134.02000427246094,134.0749969482422,134.02000427246094,134.0749969482422,4781,0.0,0.0
2024-08-13 12:39:00-04:00,134.10000610351562,134.14999389648438,134.08999633789062,134.13499450683594,5134,0.0,0.0
2024-08-13 12:40:00-04:00,134.1300048828125,134.14999389648438,134.1199951171875,134.14999389648438,3250,0.0,0.0
2024-08-13 12:41:00-04:00,134.13999938964844,134.17999267578125,134.13999938964844,134.17999267578125,4628,0.0,0.0
2024-08-13 12:42:00-04:00,134.17010498046875,134.22999572753906,134.16969299316406,134.22000122070312,39984,0.0,0.0
2024-08-13 12:43:00-04:00,134.2198944091797,134.2198944091797,134.13999938964844,134.16000366210938,2836,0.0,0.0
2024-08-13 12:44:00-04:00,134.17999267578125,134.17999267578125,134.13999938964844,134.13999938964844,4642,0.0,0.0
2024-08-13 12:45:00-04:00,134.125,134.125,134.0399932861328,134.0399932861328,4489,0.0,0.0
2024-08-13 12:46:00-04:00,134.0399932861328,134.0850067138672,134.0399932861328,134.0850067138672,2966,0.0,0.0
2024-08-13 12:47:00-04:00,134.07000732421875,134.1199951171875,134.05999755859375,134.1199951171875,3068,0.0,0.0
2024-08-13 12:48:00-04:00,134.13999938964844,134.17999267578125,134.1199951171875,134.17999267578125,3463,0.0,0.0
2024-08-13 12:49:00-04:00,134.17999267578125,134.2100067138672,134.17999267578125,134.1999969482422,4106,0.0,0.0
2024-08-13 12:50:00-04:00,134.1999969482422,134.2949981689453,134.1999969482422,134.2949981689453,5479,0.0,0.0
2024-08-13 12:51:00-04:00,134.30999755859375,134.35000610351562,134.3000030517578,134.35000610351562,7395,0.0,0.0
2024-08-13 12:52:00-04:00,134.35000610351562,134.3800048828125,134.33999633789062,134.3699951171875,3529,0.0,0.0
2024-08-13 12:53:00-04:00,134.36000061035156,134.38999938964844,134.33999633789062,134.3699951171875,5380,0.0,0.0
2024-08-13 12:54:00-04:00,134.38580322265625,134.38580322265625,134.35000610351562,134.35000610351562,2856,0.0,0.0
2024-08-13 12:55:00-04:00,134.3699951171875,134.39999389648438,134.36000061035156,134.3800048828125,3941,0.0,0.0
2024-08-13 12:56:00-04:00,134.3800048828125,134.3800048828125,134.33999633789062,134.34500122070312,6362,0.0,0.0
2024-08-13 12:57:00-04:00,134.35000610351562,134.3699951171875,134.33990478515625,134.35000610351562,4073,0.0,0.0
2024-08-13 12:58:00-04:00,134.33999633789062,134.35000610351562,134.3300018310547,134.35000610351562,2915,0.0,0.0
2024-08-13 12:59:00-04:00,134.35000610351562,134.3800048828125,134.33999633789062,134.35000610351562,7366,0.0,0.0
2024-08-13 13:00:00-04:00,134.35499572753906,134.38999938964844,134.30999755859375,134.3697052001953,10481,0.0,0.0
2024-08-13 13:01:00-04:00,134.39500427246094,134.39999389648438,134.3800048828125,134.39999389648438,935,0.0,0.0
2024-08-13 13:02:00-04:00,134.41000366210938,134.42999267578125,134.36000061035156,134.36000061035156,5863,0.0,0.0
2024-08-13 13:03:00-04:00,134.36309814453125,134.36309814453125,134.29750061035156,134.30499267578125,7049,0.0,0.0
2024-08-13 13:04:00-04:00,134.33999633789062,134.36000061035156,134.33999633789062,134.35000610351562,2907,0.0,0.0
2024-08-13 13:05:00-04:00,134.3300018310547,134.35000610351562,134.32000732421875,134.34500122070312,4132,0.0,0.0
2024-08-13 13:06:00-04:00,134.35000610351562,134.3800048828125,134.34010314941406,134.35499572753906,7601,0.0,0.0
2024-08-13 13:07:00-04:00,134.35499572753906,134.3699951171875,134.32000732421875,134.32000732421875,4764,0.0,0.0
2024-08-13 13:08:00-04:00,134.3300018310547,134.36500549316406,134.32000732421875,134.35000610351562,5914,0.0,0.0
2024-08-13 13:09:00-04:00,134.33999633789062,134.35499572753906,134.32000732421875,134.3300018310547,5979,0.0,0.0
2024-08-13 13:10:00-04:00,134.33999633789062,134.3699951171875,134.32000732421875,134.3300018310547,4864,0.0,0.0
2024-08-13 13:11:00-04:00,134.34500122070312,134.34500122070312,134.27000427246094,134.28500366210938,9095,0.0,0.0
2024-08-13 13:12:00-04:00,134.3000030517578,134.3000030517578,134.22000122070312,134.22999572753906,9857,0.0,0.0
2024-08-13 13:13:00-04:00,134.24000549316406,134.25,134.10499572753906,134.10499572753906,7928,0.0,0.0
2024-08-13 13:14:00-04:00,134.0800018310547,134.1300048828125,134.0800018310547,134.1199951171875,3508,0.0,0.0
2024-08-13 13:15:00-04:00,134.1300048828125,134.1699981689453,134.1300048828125,134.16000366210938,6974,0.0,0.0
2024-08-13 13:16:00-04:00,134.16000366210938,134.16000366210938,134.10000610351562,134.1300048828125,2471,0.0,0.0
2024-08-13 13:17:00-04:00,134.1392059326172,134.13999938964844,134.10000610351562,134.10000610351562,3244,0.0,0.0
2024-08-13 13:18:00-04:00,134.10000610351562,134.14999389648438,134.08999633789062,134.14999389648438,3632,0.0,0.0
2024-08-13 13:19:00-04:00,134.1699981689453,134.1699981689453,134.1199951171875,134.13499450683594,3249,0.0,0.0
2024-08-13 13:20:00-04:00,134.1300048828125,134.13499450683594,134.08999633789062,134.13499450683594,3834,0.0,0.0
2024-08-13 13:21:00-04:00,134.14999389648438,134.1699981689453,134.14999389648438,134.14999389648438,3831,0.0,0.0
2024-08-13 13:22:00-04:00,134.16000366210938,134.17030334472656,134.15069580078125,134.15069580078125,3183,0.0,0.0
2024-08-13 13:23:00-04:00,134.14999389648438,134.16659545898438,134.1199951171875,134.1199951171875,4402,0.0,0.0
2024-08-13 13:24:00-04:00,134.0800018310547,134.11000061035156,134.0399932861328,134.043701171875,5374,0.0,0.0
2024-08-13 13:25:00-04:00,134.0218963623047,134.0500030517578,134.02000427246094,134.0399932861328,6047,0.0,0.0
2024-08-13 13:26:00-04:00,134.05999755859375,134.05999755859375,134.02999877929688,134.03089904785156,3564,0.0,0.0
2024-08-13 13:27:00-04:00,134.0399932861328,134.0399932861328,134.02000427246094,134.0399932861328,3192,0.0,0.0
2024-08-13 13:28:00-04:00,134.0500030517578,134.05999755859375,134.0399932861328,134.04010009765625,2319,0.0,0.0
2024-08-13 13:29:00-04:00,134.05499267578125,134.11500549316406,134.05499267578125,134.09500122070312,8145,0.0,0.0
2024-08-13 13:30:00-04:00,134.08999633789062,134.1999969482422,134.08999633789062,134.1999969482422,5009,0.0,0.0
2024-08-13 13:31:00-04:00,134.2198944091797,134.2198944091797,134.19000244140625,134.19979858398438,3954,0.0,0.0
2024-08-13 13:32:00-04:00,134.21499633789062,134.21499633789062,134.0749969482422,134.0749969482422,6535,0.0,0.0
2024-08-13 13:33:00-04:00,134.06629943847656,134.08999633789062,134.0,134.05999755859375,4530,0.0,0.0
2024-08-13 13:34:00-04:00,134.06500244140625,134.08999633789062,134.03500366210938,134.07000732421875,4454,0.0,0.0
2024-08-13 13:35:00-04:00,134.06500244140625,134.10000610351562,134.06500244140625,134.07000732421875,4442,0.0,0.0
2024-08-13 13:36:00-04:00,134.11000061035156,134.1199951171875,134.07000732421875,134.11000061035156,6870,0.0,0.0
2024-08-13 13:37:00-04:00,134.10499572753906,134.1147003173828,134.07000732421875,134.0800018310547,4222,0.0,0.0
2024-08-13 13:38:00-04:00,134.10000610351562,134.16000366210938,134.10000610351562,134.16000366210938,3141,0.0,0.0
2024-08-13 13:39:00-04:00,134.1699981689453,134.19000244140625,134.1501007080078,134.17999267578125,3377,0.0,0.0
2024-08-13 13:40:00-04:00,134.1999969482422,134.2050018310547,134.13499450683594,134.13499450683594,9602,0.0,0.0
2024-08-13 13:41:00-04:00,134.1199951171875,134.13999938964844,134.1199951171875,134.13999938964844,6393,0.0,0.0
2024-08-13 13:42:00-04:00,134.14999389648438,134.14999389648438,134.1199951171875,134.1300048828125,2838,0.0,0.0
2024-08-13 13:43:00-04:00,134.14999389648438,134.1999969482422,134.14999389648438,134.1999969482422,3016,0.0,0.0
2024-08-13 13:44:00-04:00,134.17999267578125,134.1999969482422,134.1699981689453,134.17999267578125,2564,0.0,0.0
2024-08-13 13:45:00-04:00,134.1699981689453,134.1699981689453,134.1199951171875,134.1343994140625,5419,0.0,0.0
2024-08-13 13:46:00-04:00,134.1199951171875,134.1199951171875,133.77000427246094,133.89999389648438,22028,0.0,0.0
2024-08-13 13:47:00-04:00,133.82000732421875,133.94000244140625,133.82000732421875,133.88999938964844,10368,0.0,0.0
2024-08-13 13:48:00-04:00,133.8699951171875,133.88999938964844,133.82000732421875,133.86000061035156,12581,0.0,0.0
2024-08-13 13:49:00-04:00,133.8800048828125,133.88999938964844,133.82000732421875,133.8300018310547,16555,0.0,0.0
2024-08-13 13:50:00-04:00,133.82000732421875,133.8300018310547,133.79989624023438,133.80999755859375,3446,0.0,0.0
2024-08-13 13:51:00-04:00,133.80999755859375,133.86000061035156,133.80999755859375,133.8300018310547,3500,0.0,0.0
2024-08-13 13:52:00-04:00,133.83999633789062,133.85499572753906,133.82000732421875,133.85000610351562,4841,0.0,0.0
2024-08-13 13:53:00-04:00,133.85000610351562,133.85499572753906,133.80999755859375,133.80999755859375,3937,0.0,0.0
2024-08-13 13:54:00-04:00,133.82000732421875,133.88999938964844,133.82000732421875,133.8699951171875,17261,0.0,0.0
2024-08-13 13:55:00-04:00,133.8699951171875,133.94000244140625,133.86000061035156,133.86000061035156,17705,0.0,0.0
2024-08-13 13:56:00-04:00,133.86500549316406,133.8699951171875,133.84100341796875,133.84100341796875,8206,0.0,0.0
2024-08-13 13:57:00-04:00,133.85299682617188,133.86000061035156,133.83999633789062,133.85000610351562,3341,0.0,0.0
2024-08-13 13:58:00-04:00,133.86000061035156,133.86000061035156,133.83999633789062,133.85000610351562,4894,0.0,0.0
2024-08-13 13:59:00-04:00,133.85000610351562,133.86000061035156,133.82000732421875,133.85000610351562,17023,0.0,0.0
2024-08-13 14:00:00-04:00,133.85000610351562,133.85000610351562,133.80999755859375,133.80999755859375,2454,0.0,0.0
2024-08-13 14:01:00-04:00,133.8300018310547,133.85499572753906,133.82000732421875,133.85499572753906,2697,0.0,0.0
2024-08-13 14:02:00-04:00,133.85000610351562,133.9199981689453,133.8300018310547,133.88999938964844,14807,0.0,0.0
2024-08-13 14:03:00-04:00,133.88999938964844,134.0,133.85000610351562,134.0,9437,0.0,0.0
2024-08-13 14:04:00-04:00,134.0,134.00999450683594,133.98500061035156,134.00999450683594,2948,0.0,0.0
2024-08-13 14:05:00-04:00,133.97999572753906,134.1199951171875,133.97999572753906,134.10499572753906,7283,0.0,0.0
2024-08-13 14:06:00-04:00,134.08999633789062,134.18499755859375,134.08999633789062,134.17999267578125,5499,0.0,0.0
2024-08-13 14:07:00-04:00,134.1999969482422,134.22999572753906,134.1300048828125,134.21499633789062,12342,0.0,0.0
2024-08-13 14:08:00-04:00,134.24000549316406,134.24000549316406,134.17999267578125,134.2100067138672,5929,0.0,0.0
2024-08-13 14:09:00-04:00,134.17999267578125,134.19000244140625,134.13999938964844,134.13999938964844,4459,0.0,0.0
2024-08-13 14:10:00-04:00,134.15499877929688,134.19000244140625,134.13999938964844,134.18060302734375,5122,0.0,0.0
2024-08-13 14:11:00-04:00,134.1999969482422,134.21499633789062,134.17999267578125,134.19000244140625,3151,0.0,0.0
2024-08-13 14:12:00-04:00,134.2100067138672,134.27000427246094,134.2100067138672,134.26499938964844,3667,0.0,0.0
2024-08-13 14:13:00-04:00,134.25,134.26499938964844,134.24000549316406,134.25999450683594,5215,0.0,0.0
2024-08-13 14:14:00-04:00,134.26499938964844,134.3000030517578,134.24000549316406,134.26820373535156,4517,0.0,0.0
2024-08-13 14:15:00-04:00,134.27499389648438,134.30999755859375,134.25999450683594,134.27000427246094,8223,0.0,0.0
2024-08-13 14:16:00-04:00,134.27000427246094,134.2899932861328,134.26010131835938,134.27999877929688,3284,0.0,0.0
2024-08-13 14:17:00-04:00,134.27000427246094,134.2899932861328,134.14999389648438,134.14999389648438,5444,0.0,0.0
2024-08-13 14:18:00-04:00,134.1699981689453,134.1699981689453,134.14999389648438,134.1699981689453,3195,0.0,0.0
2024-08-13 14:19:00-04:00,134.1699981689453,134.17999267578125,134.1699981689453,134.17999267578125,2141,0.0,0.0
2024-08-13 14:20:00-04:00,134.19000244140625,134.3000030517578,134.19000244140625,134.3000030517578,4653,0.0,0.0
2024-08-13 14:21:00-04:00,134.3000030517578,134.3350067138672,134.27999877929688,134.30999755859375,6155,0.0,0.0
2024-08-13 14:22:00-04:00,134.32000732421875,134.32000732421875,134.1999969482422,134.25,8051,0.0,0.0
2024-08-13 14:23:00-04:00,134.25929260253906,134.30999755859375,134.2550048828125,134.3000030517578,3967,0.0,0.0
2024-08-13 14:24:00-04:00,134.30499267578125,134.36000061035156,134.30499267578125,134.36000061035156,2916,0.0,0.0
2024-08-13 14:25:00-04:00,134.36000061035156,134.375,134.35000610351562,134.36000061035156,4032,0.0,0.0
2024-08-13 14:26:00-04:00,134.35000610351562,134.3800048828125,134.33999633789062,134.36000061035156,6034,0.0,0.0
2024-08-13 14:27:00-04:00,134.3800048828125,134.3800048828125,134.27999877929688,134.27999877929688,6555,0.0,0.0
2024-08-13 14:28:00-04:00,134.27000427246094,134.2899932861328,134.25010681152344,134.2899932861328,4043,0.0,0.0
2024-08-13 14:29:00-04:00,134.28500366210938,134.3000030517578,134.27999877929688,134.3000030517578,2870,0.0,0.0
2024-08-13 14:30:00-04:00,134.30999755859375,134.32000732421875,134.27000427246094,134.31500244140625,5594,0.0,0.0
2024-08-13 14:31:00-04:00,134.30999755859375,134.33999633789062,134.30999755859375,134.33999633789062,9044,0.0,0.0
2024-08-13 14:32:00-04:00,134.3350067138672,134.33999633789062,134.3000030517578,134.32000732421875,5278,0.0,0.0
2024-08-13 14:33:00-04:00,134.33999633789062,134.36000061035156,134.32000732421875,134.36000061035156,5345,0.0,0.0
2024-08-13 14:34:00-04:00,134.36000061035156,134.38999938964844,134.36000061035156,134.3699951171875,4467,0.0,0.0
2024-08-13 14:35:00-04:00,134.38999938964844,134.4550018310547,134.38999938964844,134.42999267578125,5568,0.0,0.0
2024-08-13 14:36:00-04:00,134.44000244140625,134.44000244140625,134.39999389648438,134.41009521484375,3926,0.0,0.0
2024-08-13 14:37:00-04:00,134.4199981689453,134.44000244140625,134.41000366210938,134.4199981689453,4442,0.0,0.0
2024-08-13 14:38:00-04:00,134.3800048828125,134.44000244140625,134.3800048828125,134.44000244140625,3286,0.0,0.0
2024-08-13 14:39:00-04:00,134.4499969482422,134.5,134.4199981689453,134.47000122070312,9336,0.0,0.0
2024-08-13 14:40:00-04:00,134.47999572753906,134.47999572753906,134.4149932861328,134.4149932861328,4494,0.0,0.0
2024-08-13 14:41:00-04:00,134.41000366210938,134.43499755859375,134.3502960205078,134.3699951171875,4319,0.0,0.0
2024-08-13 14:42:00-04:00,134.38040161132812,134.39999389648438,134.3699951171875,134.38999938964844,5739,0.0,0.0
2024-08-13 14:43:00-04:00,134.38499450683594,134.38499450683594,134.38499450683594,134.38499450683594,402,0.0,0.0
2024-08-13 14:44:00-04:00,134.39999389648438,134.42999267578125,134.38999938964844,134.4149932861328,6030,0.0,0.0
2024-08-13 14:45:00-04:00,134.4199981689453,134.4199981689453,134.3903045654297,134.4199981689453,3225,0.0,0.0
2024-08-13 14:46:00-04:00,134.41000366210938,134.42999267578125,134.3699951171875,134.3699951171875,5720,0.0,0.0
2024-08-13 14:47:00-04:00,134.3800048828125,134.3800048828125,134.33999633789062,134.33999633789062,2342,0.0,0.0
2024-08-13 14:48:00-04:00,134.3300018310547,134.3800048828125,134.3300018310547,134.3800048828125,5739,0.0,0.0
2024-08-13 14:49:00-04:00,134.35000610351562,134.389892578125,134.35000610351562,134.35000610351562,3652,0.0,0.0
2024-08-13 14:50:00-04:00,134.33999633789062,134.3800048828125,134.3300018310547,134.3800048828125,4910,0.0,0.0
2024-08-13 14:51:00-04:00,134.38499450683594,134.38999938964844,134.302001953125,134.302001953125,10847,0.0,0.0
2024-08-13 14:52:00-04:00,134.30999755859375,134.3699951171875,134.30999755859375,134.34500122070312,6582,0.0,0.0
2024-08-13 14:53:00-04:00,134.33999633789062,134.3800048828125,134.33999633789062,134.3699951171875,6010,0.0,0.0
2024-08-13 14:54:00-04:00,134.36000061035156,134.38999938964844,134.35499572753906,134.38999938964844,5340,0.0,0.0
2024-08-13 14:55:00-04:00,134.3800048828125,134.39999389648438,134.375,134.3800048828125,6059,0.0,0.0
2024-08-13 14:56:00-04:00,134.38999938964844,134.38999938964844,134.35040283203125,134.36000061035156,5813,0.0,0.0
2024-08-13 14:57:00-04:00,134.36000061035156,134.3800048828125,134.32000732421875,134.32000732421875,6234,0.0,0.0
2024-08-13 14:58:00-04:00,134.32000732421875,134.3300018310547,134.30999755859375,134.32000732421875,3418,0.0,0.0
2024-08-13 14:59:00-04:00,134.34010314941406,134.34010314941406,134.32000732421875,134.32000732421875,3765,0.0,0.0
2024-08-13 15:00:00-04:00,134.3300018310547,134.35000610351562,134.3000030517578,134.3350067138672,6712,0.0,0.0
2024-08-13 15:01:00-04:00,134.33999633789062,134.36000061035156,134.3300018310547,134.36000061035156,5462,0.0,0.0
2024-08-13 15:02:00-04:00,134.3699951171875,134.4698944091797,134.3699951171875,134.4499969482422,6362,0.0,0.0
2024-08-13 15:03:00-04:00,134.4600067138672,134.5399932861328,134.4600067138672,134.5399932861328,17923,0.0,0.0
2024-08-13 15:04:00-04:00,134.5399932861328,134.5399932861328,134.44000244140625,134.4499969482422,10007,0.0,0.0
2024-08-13 15:05:00-04:00,134.4499969482422,134.47000122070312,134.2899932861328,134.30999755859375,24248,0.0,0.0
2024-08-13 15:06:00-04:00,134.32000732421875,134.33999633789062,134.27000427246094,134.27000427246094,5446,0.0,0.0
2024-08-13 15:07:00-04:00,134.25999450683594,134.27000427246094,134.16000366210938,134.19000244140625,8022,0.0,0.0
2024-08-13 15:08:00-04:00,134.1959991455078,134.21339416503906,134.16000366210938,134.2100067138672,6950,0.0,0.0
2024-08-13 15:09:00-04:00,134.22000122070312,134.22999572753906,134.160400390625,134.1699981689453,8309,0.0,0.0
2024-08-13 15:10:00-04:00,134.1699981689453,134.18499755859375,134.14939880371094,134.1649932861328,12764,0.0,0.0
2024-08-13 15:11:00-04:00,134.1699981689453,134.20989990234375,134.1199951171875,134.125,18287,0.0,0.0
2024-08-13 15:12:00-04:00,134.1300048828125,134.1699981689453,134.1300048828125,134.1649932861328,5617,0.0,0.0
2024-08-13 15:13:00-04:00,134.1699981689453,134.19000244140625,134.16000366210938,134.19000244140625,5614,0.0,0.0
2024-08-13 15:14:00-04:00,134.19000244140625,134.25999450683594,134.18499755859375,134.18499755859375,8490,0.0,0.0
2024-08-13 15:15:00-04:00,134.19000244140625,134.25999450683594,134.19000244140625,134.24000549316406,6058,0.0,0.0
2024-08-13 15:16:00-04:00,134.22500610351562,134.22500610351562,134.14999389648438,134.1750030517578,9988,0.0,0.0
2024-08-13 15:17:00-04:00,134.17999267578125,134.2100067138672,134.1300048828125,134.13999938964844,6757,0.0,0.0
2024-08-13 15:18:00-04:00,134.14500427246094,134.14999389648438,134.11000061035156,134.1199951171875,10723,0.0,0.0
2024-08-13 15:19:00-04:00,134.11000061035156,134.11000061035156,134.0399932861328,134.07000732421875,8842,0.0,0.0
2024-08-13 15:20:00-04:00,134.0850067138672,134.08949279785156,134.02000427246094,134.0399932861328,6846,0.0,0.0
2024-08-13 15:21:00-04:00,134.0399932861328,134.0399932861328,133.9600067138672,134.0,8621,0.0,0.0
2024-08-13 15:22:00-04:00,134.0,134.05999755859375,134.0,134.0500030517578,6348,0.0,0.0
2024-08-13 15:23:00-04:00,134.05999755859375,134.19500732421875,134.05999755859375,134.13999938964844,8557,0.0,0.0
2024-08-13 15:24:00-04:00,134.14500427246094,134.1699981689453,134.1300048828125,134.1699981689453,4261,0.0,0.0
2024-08-13 15:25:00-04:00,134.16000366210938,134.16000366210938,134.1300048828125,134.1300048828125,6552,0.0,0.0
2024-08-13 15:26:00-04:00,134.13999938964844,134.13999938964844,134.0800018310547,134.08999633789062,9192,0.0,0.0
2024-08-13 15:27:00-04:00,134.0850067138672,134.11990356445312,134.0800018310547,134.10499572753906,6981,0.0,0.0
2024-08-13 15:28:00-04:00,134.09500122070312,134.10000610351562,134.06500244140625,134.10000610351562,6512,0.0,0.0
2024-08-13 15:29:00-04:00,134.09500122070312,134.17520141601562,134.09500122070312,134.16000366210938,7364,0.0,0.0
2024-08-13 15:30:00-04:00,134.13999938964844,134.22999572753906,134.1300048828125,134.1750030517578,8476,0.0,0.0
2024-08-13 15:31:00-04:00,134.17999267578125,134.25999450683594,134.17999267578125,134.24000549316406,12163,0.0,0.0
2024-08-13 15:32:00-04:00,134.22999572753906,134.30499267578125,134.22999572753906,134.27999877929688,11335,0.0,0.0
2024-08-13 15:33:00-04:00,134.27110290527344,134.3000030517578,134.25,134.25999450683594,9541,0.0,0.0
2024-08-13 15:34:00-04:00,134.25,134.25,134.1999969482422,134.22999572753906,5918,0.0,0.0
2024-08-13 15:35:00-04:00,134.2100067138672,134.24989318847656,134.19000244140625,134.2100067138672,8415,0.0,0.0
2024-08-13 15:36:00-04:00,134.17999267578125,134.18499755859375,134.1009979248047,134.1300048828125,6179,0.0,0.0
2024-08-13 15:37:00-04:00,134.13999938964844,134.21099853515625,134.1300048828125,134.17999267578125,13145,0.0,0.0
2024-08-13 15:38:00-04:00,134.1750030517578,134.1999969482422,134.07000732421875,134.0800018310547,11200,0.0,0.0
2024-08-13 15:39:00-04:00,134.08999633789062,134.13999938964844,134.08099365234375,134.1300048828125,4670,0.0,0.0
2024-08-13 15:40:00-04:00,134.1300048828125,134.1649932861328,134.1199951171875,134.14999389648438,5457,0.0,0.0
2024-08-13 15:41:00-04:00,134.16099548339844,134.1649932861328,134.11830139160156,134.1300048828125,10964,0.0,0.0
2024-08-13 15:42:00-04:00,134.1199951171875,134.14999389648438,134.1199951171875,134.13099670410156,5723,0.0,0.0
2024-08-13 15:43:00-04:00,134.1300048828125,134.14999389648438,134.1199951171875,134.14999389648438,8423,0.0,0.0
2024-08-13 15:44:00-04:00,134.14999389648438,134.1649932861328,134.1300048828125,134.16000366210938,8515,0.0,0.0
2024-08-13 15:45:00-04:00,134.14999389648438,134.2550048828125,134.14999389648438,134.25,12677,0.0,0.0
2024-08-13 15:46:00-04:00,134.2449951171875,134.2550048828125,134.1999969482422,134.2100067138672,14189,0.0,0.0
2024-08-13 15:47:00-04:00,134.2100067138672,134.2200927734375,134.1699981689453,134.1999969482422,10671,0.0,0.0
2024-08-13 15:48:00-04:00,134.1999969482422,134.2899932861328,134.1999969482422,134.2449951171875,19014,0.0,0.0
2024-08-13 15:49:00-04:00,134.25,134.35000610351562,134.25,134.2550048828125,14446,0.0,0.0
2024-08-13 15:50:00-04:00,134.25,134.25,134.0240020751953,134.02499389648438,28269,0.0,0.0
2024-08-13 15:51:00-04:00,133.97999572753906,134.0749969482422,133.88999938964844,134.0749969482422,21712,0.0,0.0
2024-08-13 15:52:00-04:00,134.0800018310547,134.10000610351562,134.0,134.00999450683594,17968,0.0,0.0
2024-08-13 15:53:00-04:00,134.0,134.0,133.8800048828125,133.91000366210938,20793,0.0,0.0
2024-08-13 15:54:00-04:00,133.88999938964844,134.0,133.8300018310547,134.0,29133,0.0,0.0
2024-08-13 15:55:00-04:00,133.99000549316406,134.25999450683594,133.97999572753906,134.2550048828125,39459,0.0,0.0
2024-08-13 15:56:00-04:00,134.25999450683594,134.2899932861328,134.2209930419922,134.2899932861328,41889,0.0,0.0
2024-08-13 15:57:00-04:00,134.28500366210938,134.2899932861328,134.16000366210938,134.1699981689453,41831,0.0,0.0
2024-08-13 15:58:00-04:00,134.1649932861328,134.2899932861328,134.1649932861328,134.2794952392578,48295,0.0,0.0
2024-08-13 15:59:00-04:00,134.27999877929688,134.36000061035156,134.19000244140625,134.22999572753906,112717,0.0,0.0
2024-08-14 09:30:00-04:00,134.0399932861328,134.33999633789062,134.00999450683594,134.30999755859375,88593,0.0,0.0
2024-08-14 09:31:00-04:00,134.32000732421875,134.5800018310547,134.2899932861328,134.52999877929688,5382,0.0,0.0
2024-08-14 09:32:00-04:00,134.5500030517578,134.57000732421875,134.3300018310547,134.3800048828125,5642,0.0,0.0
2024-08-14 09:33:00-04:00,134.36000061035156,134.8300018310547,134.36000061035156,134.82000732421875,22674,0.0,0.0
2024-08-14 09:34:00-04:00,134.8300018310547,135.1699981689453,134.8300018310547,135.05999755859375,71781,0.0,0.0
2024-08-14 09:35:00-04:00,135.02999877929688,135.3000030517578,134.8699951171875,135.17999267578125,23644,0.0,0.0
2024-08-14 09:36:00-04:00,135.22500610351562,135.27999877929688,135.1199951171875,135.17999267578125,22610,0.0,0.0
2024-08-14 09:37:00-04:00,135.19000244140625,135.2100067138672,135.0800018310547,135.14999389648438,9947,0.0,0.0
2024-08-14 09:38:00-04:00,135.16000366210938,135.21499633789062,135.0500030517578,135.1199951171875,6933,0.0,0.0
2024-08-14 09:39:00-04:00,135.08999633789062,135.32000732421875,135.05999755859375,135.32000732421875,6748,0.0,0.0
2024-08-14 09:40:00-04:00,135.27000427246094,135.2899932861328,135.0500030517578,135.0749969482422,4378,0.0,0.0
2024-08-14 09:41:00-04:00,135.0399932861328,135.14999389648438,135.02999877929688,135.07000732421875,4375,0.0,0.0
2024-08-14 09:42:00-04:00,135.0500030517578,135.07000732421875,134.94000244140625,135.0399932861328,6979,0.0,0.0
2024-08-14 09:43:00-04:00,135.0800018310547,135.10000610351562,135.0,135.05999755859375,8258,0.0,0.0
2024-08-14 09:44:00-04:00,135.05999755859375,135.11000061035156,134.85000610351562,135.0500030517578,8684,0.0,0.0
2024-08-14 09:45:00-04:00,135.1199951171875,135.17999267578125,135.02999877929688,135.17999267578125,6970,0.0,0.0
2024-08-14 09:46:00-04:00,135.08079528808594,135.3000030517578,135.0800018310547,135.22999572753906,16281,0.0,0.0
2024-08-14 09:47:00-04:00,135.2899932861328,135.4149932861328,135.25,135.4149932861328,6765,0.0,0.0
2024-08-14 09:48:00-04:00,135.32000732421875,135.35000610351562,135.3000030517578,135.3300018310547,3445,0.0,0.0
2024-08-14 09:49:00-04:00,135.36000061035156,135.39999389648438,135.22000122070312,135.27999877929688,8912,0.0,0.0
2024-08-14 09:50:00-04:00,135.3300018310547,135.47000122070312,135.30999755859375,135.41000366210938,5894,0.0,0.0
2024-08-14 09:51:00-04:00,135.4199981689453,135.44000244140625,135.26499938964844,135.3800048828125,20650,0.0,0.0
2024-08-14 09:52:00-04:00,135.41000366210938,135.41000366210938,135.3000030517578,135.34500122070312,3429,0.0,0.0
2024-08-14 09:53:00-04:00,135.35499572753906,135.39999389648438,135.27000427246094,135.3300018310547,8511,0.0,0.0
2024-08-14 09:54:00-04:00,135.25999450683594,135.27499389648438,135.0399932861328,135.05499267578125,15779,0.0,0.0
2024-08-14 09:55:00-04:00,135.02000427246094,135.03500366210938,134.9499969482422,134.99000549316406,8911,0.0,0.0
2024-08-14 09:56:00-04:00,134.99000549316406,135.08999633789062,134.91000366210938,135.05499267578125,34046,0.0,0.0
2024-08-14 09:57:00-04:00,135.0449981689453,135.05999755859375,135.0,135.0399932861328,3880,0.0,0.0
2024-08-14 09:58:00-04:00,135.01499938964844,135.0500030517578,134.99000549316406,135.0,7821,0.0,0.0
2024-08-14 09:59:00-04:00,135.02000427246094,135.17999267578125,134.95970153808594,135.05999755859375,64653,0.0,0.0
2024-08-14 10:00:00-04:00,135.0800018310547,135.2100067138672,135.06500244140625,135.1999969482422,14674,0.0,0.0
2024-08-14 10:01:00-04:00,135.1699981689453,135.25,135.11000061035156,135.11000061035156,14163,0.0,0.0
2024-08-14 10:02:00-04:00,135.19000244140625,135.24000549316406,135.1699981689453,135.22999572753906,6357,0.0,0.0
2024-08-14 10:03:00-04:00,135.24989318847656,135.3000030517578,135.14999389648438,135.2550048828125,7361,0.0,0.0
2024-08-14 10:04:00-04:00,135.25999450683594,135.25999450683594,135.17999267578125,135.2100067138672,3734,0.0,0.0
2024-08-14 10:05:00-04:00,135.1750030517578,135.25999450683594,135.14999389648438,135.25,13265,0.0,0.0
2024-08-14 10:06:00-04:00,135.2200927734375,135.27999877929688,134.97000122070312,134.99000549316406,13718,0.0,0.0
2024-08-14 10:07:00-04:00,135.02000427246094,135.0500030517578,134.9250030517578,134.9250030517578,4409,0.0,0.0
2024-08-14 10:08:00-04:00,134.97000122070312,134.99000549316406,134.8800048828125,134.90499877929688,3950,0.0,0.0
2024-08-14 10:09:00-04:00,134.83999633789062,134.8699951171875,134.7949981689453,134.83999633789062,3509,0.0,0.0
2024-08-14 10:10:00-04:00,134.8000030517578,134.8000030517578,134.60000610351562,134.60000610351562,2550,0.0,0.0
2024-08-14 10:11:00-04:00,134.59249877929688,134.59249877929688,134.4499969482422,134.47999572753906,4932,0.0,0.0
2024-08-14 10:12:00-04:00,134.49000549316406,134.57000732421875,134.42999267578125,134.50999450683594,11556,0.0,0.0
2024-08-14 10:13:00-04:00,134.5500030517578,134.5800018310547,134.50999450683594,134.50999450683594,2217,0.0,0.0
2024-08-14 10:14:00-04:00,134.5449981689453,134.66000366210938,134.5449981689453,134.625,6449,0.0,0.0
2024-08-14 10:15:00-04:00,134.66000366210938,134.66000366210938,134.5800018310547,134.63999938964844,5223,0.0,0.0
2024-08-14 10:16:00-04:00,134.6699981689453,134.72000122070312,134.625,134.6999969482422,4174,0.0,0.0
2024-08-14 10:17:00-04:00,134.67999267578125,134.7899932861328,134.64999389648438,134.77999877929688,11153,0.0,0.0
2024-08-14 10:18:00-04:00,134.83999633789062,134.9499969482422,134.83999633789062,134.9499969482422,3309,0.0,0.0
2024-08-14 10:19:00-04:00,134.9499969482422,134.9499969482422,134.8800048828125,134.91000366210938,2896,0.0,0.0
2024-08-14 10:20:00-04:00,134.94000244140625,134.97000122070312,134.92999267578125,134.97000122070312,7755,0.0,0.0
2024-08-14 10:21:00-04:00,134.94500732421875,135.02999877929688,134.88999938964844,135.02999877929688,7659,0.0,0.0
2024-08-14 10:22:00-04:00,135.02699279785156,135.11000061035156,134.9801025390625,135.01499938964844,4448,0.0,0.0
2024-08-14 10:23:00-04:00,135.0500030517578,135.14999389648438,135.0,135.14999389648438,6850,0.0,0.0
2024-08-14 10:24:00-04:00,135.1300048828125,135.14999389648438,135.10000610351562,135.11500549316406,4178,0.0,0.0
2024-08-14 10:25:00-04:00,135.13999938964844,135.1750030517578,135.11000061035156,135.14999389648438,4372,0.0,0.0
2024-08-14 10:26:00-04:00,135.1199951171875,135.1199951171875,134.92999267578125,135.0050048828125,3393,0.0,0.0
2024-08-14 10:27:00-04:00,134.99000549316406,135.00999450683594,134.97000122070312,135.00579833984375,3330,0.0,0.0
2024-08-14 10:28:00-04:00,135.0,135.02000427246094,134.94000244140625,134.9600067138672,3792,0.0,0.0
2024-08-14 10:29:00-04:00,134.98989868164062,135.02000427246094,134.94000244140625,135.02000427246094,9143,0.0,0.0
2024-08-14 10:30:00-04:00,135.00999450683594,135.04989624023438,134.99009704589844,135.0,4146,0.0,0.0
2024-08-14 10:31:00-04:00,134.9600067138672,135.1199951171875,134.9600067138672,135.11500549316406,5581,0.0,0.0
2024-08-14 10:32:00-04:00,135.1199951171875,135.14500427246094,134.9499969482422,134.99000549316406,12074,0.0,0.0
2024-08-14 10:33:00-04:00,134.9600067138672,135.02999877929688,134.88999938964844,134.88999938964844,6697,0.0,0.0
2024-08-14 10:34:00-04:00,134.8800048828125,134.8800048828125,134.7899932861328,134.8201446533203,11132,0.0,0.0
2024-08-14 10:35:00-04:00,134.82000732421875,134.82000732421875,134.66000366210938,134.77999877929688,8055,0.0,0.0
2024-08-14 10:36:00-04:00,134.80999755859375,134.8699951171875,134.77999877929688,134.7899932861328,5539,0.0,0.0
2024-08-14 10:37:00-04:00,134.83999633789062,134.97999572753906,134.8350067138672,134.91000366210938,4369,0.0,0.0
2024-08-14 10:38:00-04:00,134.86000061035156,134.8800048828125,134.85000610351562,134.8699951171875,1870,0.0,0.0
2024-08-14 10:39:00-04:00,134.85000610351562,134.91099548339844,134.85000610351562,134.91099548339844,2073,0.0,0.0
2024-08-14 10:40:00-04:00,134.8572998046875,134.97000122070312,134.80999755859375,134.9600067138672,7134,0.0,0.0
2024-08-14 10:41:00-04:00,134.97999572753906,135.02999877929688,134.97000122070312,134.99249267578125,5361,0.0,0.0
2024-08-14 10:42:00-04:00,134.9499969482422,134.97999572753906,134.88999938964844,134.9199981689453,4083,0.0,0.0
2024-08-14 10:43:00-04:00,134.91000366210938,134.9199981689453,134.88999938964844,134.88999938964844,1298,0.0,0.0
2024-08-14 10:44:00-04:00,134.85000610351562,134.8800048828125,134.83999633789062,134.83999633789062,1660,0.0,0.0
2024-08-14 10:45:00-04:00,134.89999389648438,134.89999389648438,134.85000610351562,134.85000610351562,3296,0.0,0.0
2024-08-14 10:46:00-04:00,134.875,134.91329956054688,134.85000610351562,134.88160705566406,1976,0.0,0.0
2024-08-14 10:47:00-04:00,134.91000366210938,134.99000549316406,134.91000366210938,134.99000549316406,3693,0.0,0.0
2024-08-14 10:48:00-04:00,135.01339721679688,135.0500030517578,134.97999572753906,135.04769897460938,6547,0.0,0.0
2024-08-14 10:49:00-04:00,135.0449981689453,135.27000427246094,135.0449981689453,135.2550048828125,9764,0.0,0.0
2024-08-14 10:50:00-04:00,135.2550048828125,135.27000427246094,135.14999389648438,135.14999389648438,11688,0.0,0.0
2024-08-14 10:51:00-04:00,135.18499755859375,135.18499755859375,135.11000061035156,135.11000061035156,9811,0.0,0.0
2024-08-14 10:52:00-04:00,135.1199951171875,135.1699981689453,135.1199951171875,135.1699981689453,1601,0.0,0.0
2024-08-14 10:53:00-04:00,135.17999267578125,135.25,135.17640686035156,135.24000549316406,5068,0.0,0.0
2024-08-14 10:54:00-04:00,135.22999572753906,135.33999633789062,135.22500610351562,135.30999755859375,5593,0.0,0.0
2024-08-14 10:55:00-04:00,135.32000732421875,135.32000732421875,135.25999450683594,135.32000732421875,4458,0.0,0.0
2024-08-14 10:56:00-04:00,135.3000946044922,135.3699951171875,135.2449951171875,135.2449951171875,3115,0.0,0.0
2024-08-14 10:57:00-04:00,135.27999877929688,135.33999633789062,135.25999450683594,135.33999633789062,3543,0.0,0.0
2024-08-14 10:58:00-04:00,135.33349609375,135.4199981689453,135.33349609375,135.41000366210938,10645,0.0,0.0
2024-08-14 10:59:00-04:00,135.44000244140625,135.4499969482422,135.4199981689453,135.4398956298828,5470,0.0,0.0
2024-08-14 11:00:00-04:00,135.4199981689453,135.46200561523438,135.4199981689453,135.42999267578125,5066,0.0,0.0
2024-08-14 11:01:00-04:00,135.47000122070312,135.47000122070312,135.44000244140625,135.44000244140625,4654,0.0,0.0
2024-08-14 11:02:00-04:00,135.4600067138672,135.46499633789062,135.4199981689453,135.4499969482422,4027,0.0,0.0
2024-08-14 11:03:00-04:00,135.4499969482422,135.5,135.42999267578125,135.4499969482422,6222,0.0,0.0
2024-08-14 11:04:00-04:00,135.47500610351562,135.50999450683594,135.4499969482422,135.4499969482422,11175,0.0,0.0
2024-08-14 11:05:00-04:00,135.4499969482422,135.4499969482422,135.30999755859375,135.3300018310547,12247,0.0,0.0
2024-08-14 11:06:00-04:00,135.33999633789062,135.3531951904297,135.3300018310547,135.35000610351562,8210,0.0,0.0
2024-08-14 11:07:00-04:00,135.3699951171875,135.3699951171875,135.3000030517578,135.35000610351562,6480,0.0,0.0
2024-08-14 11:08:00-04:00,135.35000610351562,135.35000610351562,135.32000732421875,135.33999633789062,2521,0.0,0.0
2024-08-14 11:09:00-04:00,135.35989379882812,135.35989379882812,135.3000030517578,135.34500122070312,5698,0.0,0.0
2024-08-14 11:10:00-04:00,135.35000610351562,135.38999938964844,135.34080505371094,135.38499450683594,3298,0.0,0.0
2024-08-14 11:11:00-04:00,135.3867950439453,135.47500610351562,135.3867950439453,135.46710205078125,6954,0.0,0.0
2024-08-14 11:12:00-04:00,135.47999572753906,135.5399932861328,135.4600067138672,135.53939819335938,9080,0.0,0.0
2024-08-14 11:13:00-04:00,135.52999877929688,135.57000732421875,135.52999877929688,135.5500030517578,4767,0.0,0.0
2024-08-14 11:14:00-04:00,135.57400512695312,135.57400512695312,135.50999450683594,135.52999877929688,4419,0.0,0.0
2024-08-14 11:15:00-04:00,135.52999877929688,135.57000732421875,135.51499938964844,135.55999755859375,6457,0.0,0.0
2024-08-14 11:16:00-04:00,135.5800018310547,135.61000061035156,135.4499969482422,135.47999572753906,70423,0.0,0.0
2024-08-14 11:17:00-04:00,135.4600067138672,135.47999572753906,135.3699951171875,135.41000366210938,13121,0.0,0.0
2024-08-14 11:18:00-04:00,135.4154052734375,135.4499969482422,135.39999389648438,135.44000244140625,3690,0.0,0.0
2024-08-14 11:19:00-04:00,135.44000244140625,135.5,135.3800048828125,135.3800048828125,11995,0.0,0.0
2024-08-14 11:20:00-04:00,135.41000366210938,135.5,135.41000366210938,135.5,7418,0.0,0.0
2024-08-14 11:21:00-04:00,135.5,135.5,135.38999938964844,135.47999572753906,25931,0.0,0.0
2024-08-14 11:22:00-04:00,135.4600067138672,135.4600067138672,135.310302734375,135.33999633789062,5267,0.0,0.0
2024-08-14 11:23:00-04:00,135.3699951171875,135.4550018310547,135.36000061035156,135.4550018310547,7738,0.0,0.0
2024-08-14 11:24:00-04:00,135.4550018310547,135.52999877929688,135.44000244140625,135.52999877929688,7265,0.0,0.0
2024-08-14 11:25:00-04:00,135.5500030517578,135.64999389648438,135.5500030517578,135.6300048828125,6690,0.0,0.0
2024-08-14 11:26:00-04:00,135.6199951171875,135.625,135.5800018310547,135.6199951171875,3177,0.0,0.0
2024-08-14 11:27:00-04:00,135.625,135.625,135.5800018310547,135.5800018310547,9324,0.0,0.0
2024-08-14 11:28:00-04:00,135.5800018310547,135.67999267578125,135.49000549316406,135.6199951171875,23473,0.0,0.0
2024-08-14 11:29:00-04:00,135.63999938964844,135.63999938964844,135.55259704589844,135.6199951171875,5000,0.0,0.0
2024-08-14 11:30:00-04:00,135.61000061035156,135.64999389648438,135.60000610351562,135.625,4795,0.0,0.0
2024-08-14 11:31:00-04:00,135.60000610351562,135.60000610351562,135.47000122070312,135.49000549316406,6659,0.0,0.0
2024-08-14 11:32:00-04:00,135.49000549316406,135.6199951171875,135.49000549316406,135.60000610351562,8136,0.0,0.0
2024-08-14 11:33:00-04:00,135.6199951171875,135.6199951171875,135.55499267578125,135.60000610351562,5359,0.0,0.0
2024-08-14 11:34:00-04:00,135.60499572753906,135.75999450683594,135.60499572753906,135.6699981689453,11425,0.0,0.0
2024-08-14 11:35:00-04:00,135.65499877929688,135.66000366210938,135.60000610351562,135.61000061035156,4310,0.0,0.0
2024-08-14 11:36:00-04:00,135.6300048828125,135.64999389648438,135.6199951171875,135.64999389648438,2341,0.0,0.0
2024-08-14 11:37:00-04:00,135.64999389648438,135.67999267578125,135.58999633789062,135.60000610351562,12416,0.0,0.0
2024-08-14 11:38:00-04:00,135.6199951171875,135.66000366210938,135.57000732421875,135.66000366210938,4400,0.0,0.0
2024-08-14 11:39:00-04:00,135.64999389648438,135.6759033203125,135.64999389648438,135.6699981689453,1441,0.0,0.0
2024-08-14 11:40:00-04:00,135.68499755859375,135.75,135.6699981689453,135.73500061035156,5903,0.0,0.0
2024-08-14 11:41:00-04:00,135.72999572753906,135.75999450683594,135.7100067138672,135.7100067138672,6282,0.0,0.0
2024-08-14 11:42:00-04:00,135.6999969482422,135.6999969482422,135.58999633789062,135.58999633789062,14830,0.0,0.0
2024-08-14 11:43:00-04:00,135.5800018310547,135.61500549316406,135.57009887695312,135.5749969482422,4059,0.0,0.0
2024-08-14 11:44:00-04:00,135.5850067138672,135.63999938964844,135.5800018310547,135.59500122070312,2553,0.0,0.0
2024-08-14 11:45:00-04:00,135.60000610351562,135.63999938964844,135.60000610351562,135.63999938964844,2926,0.0,0.0
2024-08-14 11:46:00-04:00,135.6199951171875,135.69000244140625,135.6199951171875,135.69000244140625,3017,0.0,0.0
2024-08-14 11:47:00-04:00,135.67999267578125,135.71090698242188,135.67999267578125,135.69000244140625,3301,0.0,0.0
2024-08-14 11:48:00-04:00,135.69000244140625,135.72000122070312,135.69000244140625,135.7100067138672,3233,0.0,0.0
2024-08-14 11:49:00-04:00,135.72000122070312,135.72000122070312,135.6999969482422,135.7100067138672,3690,0.0,0.0
2024-08-14 11:50:00-04:00,135.69000244140625,135.76499938964844,135.69000244140625,135.76499938964844,6732,0.0,0.0
2024-08-14 11:51:00-04:00,135.76499938964844,135.86500549316406,135.75999450683594,135.86500549316406,12285,0.0,0.0
2024-08-14 11:52:00-04:00,135.86000061035156,135.8800048828125,135.8300018310547,135.831298828125,7430,0.0,0.0
2024-08-14 11:53:00-04:00,135.85000610351562,135.86000061035156,135.74000549316406,135.80499267578125,18319,0.0,0.0
2024-08-14 11:54:00-04:00,135.8300018310547,135.843505859375,135.81500244140625,135.82000732421875,5705,0.0,0.0
2024-08-14 11:55:00-04:00,135.80999755859375,135.91990661621094,135.80999755859375,135.89999389648438,6594,0.0,0.0
2024-08-14 11:56:00-04:00,135.91000366210938,135.91000366210938,135.8800048828125,135.88499450683594,6618,0.0,0.0
2024-08-14 11:57:00-04:00,135.89999389648438,135.89999389648438,135.88670349121094,135.89999389648438,3742,0.0,0.0
2024-08-14 11:58:00-04:00,135.9199981689453,135.92999267578125,135.89999389648438,135.9250030517578,1786,0.0,0.0
2024-08-14 11:59:00-04:00,135.94000244140625,135.97000122070312,135.8813934326172,135.9600067138672,22670,0.0,0.0
2024-08-14 12:00:00-04:00,135.89999389648438,135.89999389648438,135.8300018310547,135.85000610351562,5213,0.0,0.0
2024-08-14 12:01:00-04:00,135.875,135.90480041503906,135.85000610351562,135.86749267578125,5798,0.0,0.0
2024-08-14 12:02:00-04:00,135.85009765625,135.9499969482422,135.85009765625,135.93499755859375,12966,0.0,0.0
2024-08-14 12:03:00-04:00,135.92999267578125,135.92999267578125,135.85000610351562,135.86000061035156,5765,0.0,0.0
2024-08-14 12:04:00-04:00,135.89999389648438,135.89999389648438,135.85000610351562,135.875,5058,0.0,0.0
2024-08-14 12:05:00-04:00,135.8699951171875,135.89999389648438,135.8300018310547,135.89999389648438,12773,0.0,0.0
2024-08-14 12:06:00-04:00,135.88999938964844,135.92999267578125,135.8800048828125,135.91000366210938,5942,0.0,0.0
2024-08-14 12:07:00-04:00,135.92999267578125,135.92999267578125,135.90499877929688,135.9199981689453,2670,0.0,0.0
2024-08-14 12:08:00-04:00,135.9250030517578,135.94000244140625,135.85000610351562,135.85000610351562,3849,0.0,0.0
2024-08-14 12:09:00-04:00,135.80999755859375,135.8300018310547,135.8000030517578,135.8300018310547,2435,0.0,0.0
2024-08-14 12:10:00-04:00,135.8000030517578,135.83999633789062,135.7899932861328,135.82000732421875,4469,0.0,0.0
2024-08-14 12:11:00-04:00,135.86000061035156,135.89999389648438,135.86000061035156,135.8800048828125,2510,0.0,0.0
2024-08-14 12:12:00-04:00,135.8699951171875,135.8800048828125,135.83999633789062,135.85000610351562,1872,0.0,0.0
2024-08-14 12:13:00-04:00,135.83999633789062,135.8699951171875,135.8332977294922,135.8332977294922,3124,0.0,0.0
2024-08-14 12:14:00-04:00,135.83999633789062,135.8699951171875,135.8249969482422,135.86000061035156,4502,0.0,0.0
2024-08-14 12:15:00-04:00,135.8699951171875,135.89990234375,135.6999969482422,135.72500610351562,18723,0.0,0.0
2024-08-14 12:16:00-04:00,135.7449951171875,135.7449951171875,135.5500030517578,135.5500030517578,23033,0.0,0.0
2024-08-14 12:17:00-04:00,135.50999450683594,135.5500030517578,135.4499969482422,135.52000427246094,6897,0.0,0.0
2024-08-14 12:18:00-04:00,135.47000122070312,135.50999450683594,135.4600067138672,135.5,4195,0.0,0.0
2024-08-14 12:19:00-04:00,135.50999450683594,135.56149291992188,135.5,135.52999877929688,2419,0.0,0.0
2024-08-14 12:20:00-04:00,135.5,135.52999877929688,135.47999572753906,135.52999877929688,3136,0.0,0.0
2024-08-14 12:21:00-04:00,135.52499389648438,135.5399932861328,135.47000122070312,135.4875946044922,2717,0.0,0.0
2024-08-14 12:22:00-04:00,135.4499969482422,135.4499969482422,135.4199981689453,135.4199981689453,2363,0.0,0.0
2024-08-14 12:23:00-04:00,135.39999389648438,135.41000366210938,135.1595001220703,135.1595001220703,6860,0.0,0.0
2024-08-14 12:24:00-04:00,135.17999267578125,135.2100067138672,135.10000610351562,135.2100067138672,2893,0.0,0.0
2024-08-14 12:25:00-04:00,135.1999969482422,135.21499633789062,135.10000610351562,135.11000061035156,5202,0.0,0.0
2024-08-14 12:26:00-04:00,135.11000061035156,135.22999572753906,135.11000061035156,135.1999969482422,3992,0.0,0.0
2024-08-14 12:27:00-04:00,135.22999572753906,135.30999755859375,135.22000122070312,135.22000122070312,3068,0.0,0.0
2024-08-14 12:28:00-04:00,135.22000122070312,135.35000610351562,135.22000122070312,135.30999755859375,3616,0.0,0.0
2024-08-14 12:29:00-04:00,135.30999755859375,135.3300018310547,135.30499267578125,135.3249969482422,2740,0.0,0.0
2024-08-14 12:30:00-04:00,135.3249969482422,135.35150146484375,135.27999877929688,135.3350067138672,18413,0.0,0.0
2024-08-14 12:31:00-04:00,135.30999755859375,135.32000732421875,135.1999969482422,135.27999877929688,11313,0.0,0.0
2024-08-14 12:32:00-04:00,135.27000427246094,135.30189514160156,135.27000427246094,135.27999877929688,8197,0.0,0.0
2024-08-14 12:33:00-04:00,135.27000427246094,135.27000427246094,135.2200927734375,135.25990295410156,8267,0.0,0.0
2024-08-14 12:34:00-04:00,135.2449951171875,135.2449951171875,135.21499633789062,135.22999572753906,2299,0.0,0.0
2024-08-14 12:35:00-04:00,135.22999572753906,135.23199462890625,135.1999969482422,135.1999969482422,4176,0.0,0.0
2024-08-14 12:36:00-04:00,135.18089294433594,135.2100067138672,135.18089294433594,135.2100067138672,2133,0.0,0.0
2024-08-14 12:37:00-04:00,135.24000549316406,135.32000732421875,135.24000549316406,135.32000732421875,1508,0.0,0.0
2024-08-14 12:38:00-04:00,135.3000030517578,135.3000030517578,135.1999969482422,135.2050018310547,5129,0.0,0.0
2024-08-14 12:39:00-04:00,135.2449951171875,135.3000030517578,135.24220275878906,135.27499389648438,3962,0.0,0.0
2024-08-14 12:40:00-04:00,135.27000427246094,135.32000732421875,135.25999450683594,135.32000732421875,2293,0.0,0.0
2024-08-14 12:41:00-04:00,135.32000732421875,135.37989807128906,135.30499267578125,135.30810546875,3399,0.0,0.0
2024-08-14 12:42:00-04:00,135.31500244140625,135.31500244140625,135.3000030517578,135.30999755859375,1055,0.0,0.0
2024-08-14 12:43:00-04:00,135.3249969482422,135.3249969482422,135.22500610351562,135.22500610351562,4280,0.0,0.0
2024-08-14 12:44:00-04:00,135.25039672851562,135.25039672851562,135.16000366210938,135.17999267578125,1209,0.0,0.0
2024-08-14 12:45:00-04:00,135.08999633789062,135.14999389648438,135.0399932861328,135.14999389648438,3295,0.0,0.0
2024-08-14 12:46:00-04:00,135.1699981689453,135.2100067138672,135.16000366210938,135.2010040283203,4482,0.0,0.0
2024-08-14 12:47:00-04:00,135.17999267578125,135.22000122070312,135.16009521484375,135.22000122070312,1621,0.0,0.0
2024-08-14 12:48:00-04:00,135.24000549316406,135.24000549316406,135.1800994873047,135.22000122070312,1532,0.0,0.0
2024-08-14 12:49:00-04:00,135.19009399414062,135.25999450683594,135.19009399414062,135.25,5078,0.0,0.0
2024-08-14 12:50:00-04:00,135.277099609375,135.3000030517578,135.25999450683594,135.3000030517578,7414,0.0,0.0
2024-08-14 12:51:00-04:00,135.3000030517578,135.3000030517578,135.27000427246094,135.3000030517578,4435,0.0,0.0
2024-08-14 12:52:00-04:00,135.27000427246094,135.28030395507812,135.2664031982422,135.27999877929688,1214,0.0,0.0
2024-08-14 12:53:00-04:00,135.3000030517578,135.3300018310547,135.28500366210938,135.3300018310547,9168,0.0,0.0
2024-08-14 12:54:00-04:00,135.38999938964844,135.4600067138672,135.38999938964844,135.4600067138672,11252,0.0,0.0
2024-08-14 12:55:00-04:00,135.4600067138672,135.4600067138672,135.39999389648438,135.39999389648438,2594,0.0,0.0
2024-08-14 12:56:00-04:00,135.3699951171875,135.375,135.35000610351562,135.35000610351562,5992,0.0,0.0
2024-08-14 12:57:00-04:00,135.38999938964844,135.40499877929688,135.36000061035156,135.375,3451,0.0,0.0
2024-08-14 12:58:00-04:00,135.39999389648438,135.42999267578125,135.39999389648438,135.4199981689453,4642,0.0,0.0
2024-08-14 12:59:00-04:00,135.42999267578125,135.4600067138672,135.42999267578125,135.4600067138672,3194,0.0,0.0
2024-08-14 13:00:00-04:00,135.44000244140625,135.4499969482422,135.38999938964844,135.41000366210938,5682,0.0,0.0
2024-08-14 13:01:00-04:00,135.47000122070312,135.52000427246094,135.44000244140625,135.51499938964844,3783,0.0,0.0
2024-08-14 13:02:00-04:00,135.52999877929688,135.60450744628906,135.52999877929688,135.5500946044922,4343,0.0,0.0
2024-08-14 13:03:00-04:00,135.56500244140625,135.56500244140625,135.4600067138672,135.47000122070312,13700,0.0,0.0
2024-08-14 13:04:00-04:00,135.4949951171875,135.5128936767578,135.4196014404297,135.4600067138672,4758,0.0,0.0
2024-08-14 13:05:00-04:00,135.4600067138672,135.50990295410156,135.4499969482422,135.5034942626953,4696,0.0,0.0
2024-08-14 13:06:00-04:00,135.5,135.55990600585938,135.47999572753906,135.55990600585938,8538,0.0,0.0
2024-08-14 13:07:00-04:00,135.52369689941406,135.52999877929688,135.47999572753906,135.52000427246094,19847,0.0,0.0
2024-08-14 13:08:00-04:00,135.50010681152344,135.5399932861328,135.4199981689453,135.4199981689453,4226,0.0,0.0
2024-08-14 13:09:00-04:00,135.41009521484375,135.4600067138672,135.41009521484375,135.42999267578125,2659,0.0,0.0
2024-08-14 13:10:00-04:00,135.4199981689453,135.4199981689453,135.3000030517578,135.3000030517578,4495,0.0,0.0
2024-08-14 13:11:00-04:00,135.3000030517578,135.30999755859375,135.22999572753906,135.30999755859375,3405,0.0,0.0
2024-08-14 13:12:00-04:00,135.30999755859375,135.3699951171875,135.30999755859375,135.35000610351562,7754,0.0,0.0
2024-08-14 13:13:00-04:00,135.36000061035156,135.3699951171875,135.35000610351562,135.35000610351562,1640,0.0,0.0
2024-08-14 13:14:00-04:00,135.35000610351562,135.3800048828125,135.35000610351562,135.3699951171875,2356,0.0,0.0
2024-08-14 13:15:00-04:00,135.44000244140625,135.4600067138672,135.42999267578125,135.44000244140625,3717,0.0,0.0
2024-08-14 13:16:00-04:00,135.44720458984375,135.49000549316406,135.44000244140625,135.49000549316406,7548,0.0,0.0
2024-08-14 13:17:00-04:00,135.47999572753906,135.49000549316406,135.42999267578125,135.42999267578125,1286,0.0,0.0
2024-08-14 13:18:00-04:00,135.47999572753906,135.49000549316406,135.4499969482422,135.48190307617188,1605,0.0,0.0
2024-08-14 13:19:00-04:00,135.48500061035156,135.50999450683594,135.4199981689453,135.42999267578125,12976,0.0,0.0
2024-08-14 13:20:00-04:00,135.42999267578125,135.47999572753906,135.39999389648438,135.47000122070312,5216,0.0,0.0
2024-08-14 13:21:00-04:00,135.47999572753906,135.50999450683594,135.4600067138672,135.4600067138672,4440,0.0,0.0
2024-08-14 13:22:00-04:00,135.46820068359375,135.49729919433594,135.4199981689453,135.4199981689453,2361,0.0,0.0
2024-08-14 13:23:00-04:00,135.39999389648438,135.39999389648438,135.36000061035156,135.39500427246094,11855,0.0,0.0
2024-08-14 13:24:00-04:00,135.39500427246094,135.41000366210938,135.3800048828125,135.38999938964844,5155,0.0,0.0
2024-08-14 13:25:00-04:00,135.39999389648438,135.4199981689453,135.3800048828125,135.38999938964844,5263,0.0,0.0
2024-08-14 13:26:00-04:00,135.3699951171875,135.40939331054688,135.35000610351562,135.40939331054688,2572,0.0,0.0
2024-08-14 13:27:00-04:00,135.42250061035156,135.42250061035156,135.3800048828125,135.3800048828125,1740,0.0,0.0
2024-08-14 13:28:00-04:00,135.39999389648438,135.4499969482422,135.39010620117188,135.42999267578125,5891,0.0,0.0
2024-08-14 13:29:00-04:00,135.44000244140625,135.47999572753906,135.44000244140625,135.47999572753906,1553,0.0,0.0
2024-08-14 13:30:00-04:00,135.50999450683594,135.55999755859375,135.49000549316406,135.55999755859375,2296,0.0,0.0
2024-08-14 13:31:00-04:00,135.5800018310547,135.66000366210938,135.5800018310547,135.64999389648438,7374,0.0,0.0
2024-08-14 13:32:00-04:00,135.6199951171875,135.7100067138672,135.6199951171875,135.7100067138672,2101,0.0,0.0
2024-08-14 13:33:00-04:00,135.67999267578125,135.72999572753906,135.67999267578125,135.72000122070312,1454,0.0,0.0
2024-08-14 13:34:00-04:00,135.69000244140625,135.72999572753906,135.69000244140625,135.72999572753906,8463,0.0,0.0
2024-08-14 13:35:00-04:00,135.72999572753906,135.80499267578125,135.72230529785156,135.7845001220703,5584,0.0,0.0
2024-08-14 13:36:00-04:00,135.77999877929688,135.77999877929688,135.72000122070312,135.727294921875,6896,0.0,0.0
2024-08-14 13:37:00-04:00,135.7100067138672,135.72000122070312,135.6699981689453,135.7100067138672,2654,0.0,0.0
2024-08-14 13:38:00-04:00,135.68429565429688,135.75999450683594,135.68429565429688,135.75999450683594,3941,0.0,0.0
2024-08-14 13:39:00-04:00,135.7449951171875,135.7899932861328,135.74000549316406,135.74000549316406,5793,0.0,0.0
2024-08-14 13:40:00-04:00,135.74000549316406,135.7899932861328,135.74000549316406,135.7899932861328,4391,0.0,0.0
2024-08-14 13:41:00-04:00,135.7899932861328,135.82000732421875,135.75,135.75,2860,0.0,0.0
2024-08-14 13:42:00-04:00,135.75999450683594,135.78500366210938,135.67999267578125,135.7700958251953,8616,0.0,0.0
2024-08-14 13:43:00-04:00,135.7899932861328,135.80999755859375,135.7899932861328,135.8000030517578,2353,0.0,0.0
2024-08-14 13:44:00-04:00,135.82000732421875,135.85000610351562,135.7899932861328,135.8350067138672,2004,0.0,0.0
2024-08-14 13:45:00-04:00,135.80999755859375,135.80999755859375,135.72000122070312,135.72000122070312,4746,0.0,0.0
2024-08-14 13:46:00-04:00,135.72000122070312,135.76499938964844,135.72000122070312,135.75,5946,0.0,0.0
2024-08-14 13:47:00-04:00,135.75999450683594,135.80999755859375,135.75999450683594,135.80999755859375,3553,0.0,0.0
2024-08-14 13:48:00-04:00,135.7899932861328,135.7899932861328,135.77000427246094,135.77999877929688,6065,0.0,0.0
2024-08-14 13:49:00-04:00,135.77000427246094,135.77000427246094,135.72999572753906,135.72999572753906,2340,0.0,0.0
2024-08-14 13:50:00-04:00,135.7100067138672,135.75999450683594,135.6999969482422,135.73370361328125,3565,0.0,0.0
2024-08-14 13:51:00-04:00,135.71009826660156,135.71009826660156,135.63999938964844,135.66000366210938,3345,0.0,0.0
2024-08-14 13:52:00-04:00,135.66000366210938,135.6761016845703,135.64999389648438,135.6761016845703,2688,0.0,0.0
2024-08-14 13:53:00-04:00,135.6649932861328,135.73199462890625,135.66000366210938,135.72000122070312,5196,0.0,0.0
2024-08-14 13:54:00-04:00,135.71499633789062,135.72479248046875,135.71170043945312,135.72000122070312,1550,0.0,0.0
2024-08-14 13:55:00-04:00,135.72000122070312,135.75999450683594,135.72000122070312,135.75999450683594,3002,0.0,0.0
2024-08-14 13:56:00-04:00,135.76499938964844,135.76499938964844,135.74000549316406,135.75,3113,0.0,0.0
2024-08-14 13:57:00-04:00,135.75999450683594,135.80999755859375,135.75,135.75999450683594,4348,0.0,0.0
2024-08-14 13:58:00-04:00,135.77000427246094,135.8000030517578,135.7550048828125,135.8000030517578,2355,0.0,0.0
2024-08-14 13:59:00-04:00,135.77000427246094,135.7899932861328,135.6699981689453,135.67250061035156,6144,0.0,0.0
2024-08-14 14:00:00-04:00,135.67250061035156,135.69000244140625,135.52999877929688,135.55499267578125,5699,0.0,0.0
2024-08-14 14:01:00-04:00,135.55599975585938,135.60499572753906,135.52999877929688,135.57000732421875,3476,0.0,0.0
2024-08-14 14:02:00-04:00,135.57000732421875,135.6300048828125,135.5540008544922,135.61000061035156,3219,0.0,0.0
2024-08-14 14:03:00-04:00,135.6300048828125,135.66000366210938,135.59500122070312,135.59500122070312,4840,0.0,0.0
2024-08-14 14:04:00-04:00,135.5800018310547,135.60000610351562,135.5800018310547,135.5800018310547,3291,0.0,0.0
2024-08-14 14:05:00-04:00,135.58999633789062,135.6300048828125,135.58999633789062,135.61000061035156,2606,0.0,0.0
2024-08-14 14:06:00-04:00,135.60000610351562,135.61700439453125,135.55999755859375,135.5800018310547,3991,0.0,0.0
2024-08-14 14:07:00-04:00,135.5500030517578,135.58999633789062,135.5500030517578,135.5850067138672,2327,0.0,0.0
2024-08-14 14:08:00-04:00,135.5850067138672,135.60000610351562,135.5800018310547,135.59910583496094,2714,0.0,0.0
2024-08-14 14:09:00-04:00,135.60000610351562,135.6300048828125,135.60000610351562,135.6300048828125,3004,0.0,0.0
2024-08-14 14:10:00-04:00,135.625,135.625,135.5800018310547,135.61000061035156,5570,0.0,0.0
2024-08-14 14:11:00-04:00,135.60000610351562,135.6199951171875,135.58999633789062,135.61000061035156,4002,0.0,0.0
2024-08-14 14:12:00-04:00,135.60000610351562,135.64999389648438,135.60000610351562,135.64999389648438,3560,0.0,0.0
2024-08-14 14:13:00-04:00,135.6300048828125,135.66000366210938,135.6300048828125,135.66000366210938,1317,0.0,0.0
2024-08-14 14:14:00-04:00,135.64999389648438,135.6699981689453,135.6300048828125,135.63999938964844,4345,0.0,0.0
2024-08-14 14:15:00-04:00,135.6300048828125,135.66000366210938,135.6300048828125,135.65499877929688,2574,0.0,0.0
2024-08-14 14:16:00-04:00,135.6699981689453,135.67999267578125,135.6699981689453,135.67999267578125,5477,0.0,0.0
2024-08-14 14:17:00-04:00,135.6699981689453,135.6699981689453,135.58999633789062,135.61000061035156,3550,0.0,0.0
2024-08-14 14:18:00-04:00,135.6300048828125,135.63999938964844,135.61929321289062,135.6199951171875,3173,0.0,0.0
2024-08-14 14:19:00-04:00,135.64999389648438,135.64999389648438,135.61000061035156,135.6300048828125,2229,0.0,0.0
2024-08-14 14:20:00-04:00,135.64999389648438,135.67999267578125,135.64999389648438,135.6699981689453,4266,0.0,0.0
2024-08-14 14:21:00-04:00,135.6750030517578,135.6898956298828,135.66000366210938,135.67990112304688,8002,0.0,0.0
2024-08-14 14:22:00-04:00,135.67999267578125,135.7100067138672,135.6699981689453,135.7100067138672,5412,0.0,0.0
2024-08-14 14:23:00-04:00,135.7100067138672,135.72999572753906,135.6699981689453,135.6699981689453,7666,0.0,0.0
2024-08-14 14:24:00-04:00,135.64999389648438,135.66000366210938,135.6300048828125,135.6300048828125,2857,0.0,0.0
2024-08-14 14:25:00-04:00,135.66000366210938,135.67999267578125,135.66000366210938,135.67999267578125,3949,0.0,0.0
2024-08-14 14:26:00-04:00,135.68499755859375,135.7100067138672,135.66000366210938,135.7100067138672,3541,0.0,0.0
2024-08-14 14:27:00-04:00,135.7050018310547,135.72579956054688,135.67019653320312,135.72500610351562,6649,0.0,0.0
2024-08-14 14:28:00-04:00,135.73500061035156,135.74000549316406,135.6999969482422,135.6999969482422,2086,0.0,0.0
2024-08-14 14:29:00-04:00,135.6999969482422,135.72000122070312,135.67999267578125,135.67999267578125,3305,0.0,0.0
2024-08-14 14:30:00-04:00,135.67999267578125,135.67999267578125,135.64999389648438,135.66000366210938,7975,0.0,0.0
2024-08-14 14:31:00-04:00,135.65499877929688,135.69000244140625,135.63999938964844,135.69000244140625,3678,0.0,0.0
2024-08-14 14:32:00-04:00,135.6699981689453,135.72000122070312,135.63499450683594,135.63499450683594,6693,0.0,0.0
2024-08-14 14:33:00-04:00,135.64999389648438,135.6699981689453,135.63270568847656,135.6699981689453,2139,0.0,0.0
2024-08-14 14:34:00-04:00,135.64999389648438,135.66000366210938,135.64999389648438,135.65499877929688,1018,0.0,0.0
2024-08-14 14:35:00-04:00,135.66000366210938,135.66000366210938,135.55999755859375,135.57000732421875,22555,0.0,0.0
2024-08-14 14:36:00-04:00,135.55999755859375,135.56500244140625,135.52000427246094,135.52499389648438,4368,0.0,0.0
2024-08-14 14:37:00-04:00,135.53990173339844,135.5800018310547,135.50999450683594,135.5800018310547,10626,0.0,0.0
2024-08-14 14:38:00-04:00,135.57449340820312,135.60000610351562,135.57000732421875,135.57000732421875,3397,0.0,0.0
2024-08-14 14:39:00-04:00,135.57000732421875,135.6699981689453,135.57000732421875,135.61000061035156,6202,0.0,0.0
2024-08-14 14:40:00-04:00,135.64999389648438,135.6999969482422,135.64999389648438,135.69500732421875,1733,0.0,0.0
2024-08-14 14:41:00-04:00,135.67999267578125,135.69000244140625,135.63999938964844,135.6649932861328,2532,0.0,0.0
2024-08-14 14:42:00-04:00,135.6501007080078,135.71499633789062,135.6501007080078,135.6999969482422,1960,0.0,0.0
2024-08-14 14:43:00-04:00,135.6999969482422,135.7198944091797,135.69000244140625,135.7198944091797,2473,0.0,0.0
2024-08-14 14:44:00-04:00,135.72999572753906,135.74989318847656,135.72000122070312,135.72999572753906,2305,0.0,0.0
2024-08-14 14:45:00-04:00,135.72000122070312,135.77999877929688,135.71009826660156,135.77000427246094,4013,0.0,0.0
2024-08-14 14:46:00-04:00,135.8000030517578,135.8000030517578,135.74000549316406,135.75,4927,0.0,0.0
2024-08-14 14:47:00-04:00,135.72999572753906,135.73500061035156,135.6999969482422,135.6999969482422,3790,0.0,0.0
2024-08-14 14:48:00-04:00,135.69000244140625,135.6999969482422,135.6699981689453,135.6999969482422,1153,0.0,0.0
2024-08-14 14:49:00-04:00,135.72000122070312,135.72000122070312,135.68960571289062,135.69000244140625,3201,0.0,0.0
2024-08-14 14:50:00-04:00,135.67999267578125,135.7050018310547,135.67010498046875,135.67999267578125,4112,0.0,0.0
2024-08-14 14:51:00-04:00,135.68930053710938,135.7100067138672,135.6699981689453,135.7010040283203,6071,0.0,0.0
2024-08-14 14:52:00-04:00,135.72000122070312,135.75,135.7100067138672,135.72000122070312,2604,0.0,0.0
2024-08-14 14:53:00-04:00,135.72999572753906,135.72999572753906,135.6999969482422,135.72000122070312,2052,0.0,0.0
2024-08-14 14:54:00-04:00,135.74000549316406,135.75999450683594,135.73500061035156,135.74000549316406,2799,0.0,0.0
2024-08-14 14:55:00-04:00,135.75,135.75999450683594,135.7449951171875,135.75999450683594,2865,0.0,0.0
2024-08-14 14:56:00-04:00,135.75,135.75,135.72000122070312,135.74000549316406,2405,0.0,0.0
2024-08-14 14:57:00-04:00,135.75,135.83189392089844,135.75,135.83189392089844,5792,0.0,0.0
2024-08-14 14:58:00-04:00,135.8699951171875,135.89999389648438,135.8699951171875,135.88999938964844,7039,0.0,0.0
2024-08-14 14:59:00-04:00,135.88999938964844,135.92999267578125,135.889892578125,135.92999267578125,9391,0.0,0.0
2024-08-14 15:00:00-04:00,135.92999267578125,135.92999267578125,135.84500122070312,135.8800048828125,6422,0.0,0.0
2024-08-14 15:01:00-04:00,135.83999633789062,135.86000061035156,135.7899932861328,135.7899932861328,4773,0.0,0.0
2024-08-14 15:02:00-04:00,135.8000030517578,135.84060668945312,135.8000030517578,135.82000732421875,5888,0.0,0.0
2024-08-14 15:03:00-04:00,135.8300018310547,135.8300018310547,135.7899932861328,135.7899932861328,2431,0.0,0.0
2024-08-14 15:04:00-04:00,135.79119873046875,135.86000061035156,135.79119873046875,135.86000061035156,3364,0.0,0.0
2024-08-14 15:05:00-04:00,135.85000610351562,135.86000061035156,135.83079528808594,135.85000610351562,3919,0.0,0.0
2024-08-14 15:06:00-04:00,135.83999633789062,135.8699951171875,135.8000030517578,135.8699951171875,3046,0.0,0.0
2024-08-14 15:07:00-04:00,135.8699951171875,135.8800048828125,135.86000061035156,135.8699951171875,2629,0.0,0.0
2024-08-14 15:08:00-04:00,135.88999938964844,135.88999938964844,135.80999755859375,135.85000610351562,10938,0.0,0.0
2024-08-14 15:09:00-04:00,135.85000610351562,135.86000061035156,135.77000427246094,135.7899932861328,4743,0.0,0.0
2024-08-14 15:10:00-04:00,135.7899932861328,135.8300018310547,135.77000427246094,135.8000030517578,4620,0.0,0.0
2024-08-14 15:11:00-04:00,135.77000427246094,135.80520629882812,135.75,135.77999877929688,3459,0.0,0.0
2024-08-14 15:12:00-04:00,135.77999877929688,135.84500122070312,135.77999877929688,135.8300018310547,4877,0.0,0.0
2024-08-14 15:13:00-04:00,135.83999633789062,135.86000061035156,135.6999969482422,135.72000122070312,6451,0.0,0.0
2024-08-14 15:14:00-04:00,135.72999572753906,135.73989868164062,135.63999938964844,135.6649932861328,11469,0.0,0.0
2024-08-14 15:15:00-04:00,135.6699981689453,135.7100067138672,135.64999389648438,135.67999267578125,4278,0.0,0.0
2024-08-14 15:16:00-04:00,135.69000244140625,135.69000244140625,135.63499450683594,135.69000244140625,7089,0.0,0.0
2024-08-14 15:17:00-04:00,135.71209716796875,135.74000549316406,135.67999267578125,135.74000549316406,5149,0.0,0.0
2024-08-14 15:18:00-04:00,135.77000427246094,135.7899932861328,135.7449951171875,135.77999877929688,8331,0.0,0.0
2024-08-14 15:19:00-04:00,135.77000427246094,135.8000030517578,135.75,135.77000427246094,4789,0.0,0.0
2024-08-14 15:20:00-04:00,135.77000427246094,135.77999877929688,135.67999267578125,135.69500732421875,10505,0.0,0.0
2024-08-14 15:21:00-04:00,135.70730590820312,135.72000122070312,135.66000366210938,135.69000244140625,5839,0.0,0.0
2024-08-14 15:22:00-04:00,135.67999267578125,135.7100067138672,135.66000366210938,135.6699981689453,7921,0.0,0.0
2024-08-14 15:23:00-04:00,135.66000366210938,135.6999969482422,135.62010192871094,135.64999389648438,8222,0.0,0.0
2024-08-14 15:24:00-04:00,135.67999267578125,135.74000549316406,135.67999267578125,135.74000549316406,5451,0.0,0.0
2024-08-14 15:25:00-04:00,135.75,135.75,135.6999969482422,135.75,5800,0.0,0.0
2024-08-14 15:26:00-04:00,135.75,135.75999450683594,135.72999572753906,135.74000549316406,6310,0.0,0.0
2024-08-14 15:27:00-04:00,135.74000549316406,135.75,135.7100067138672,135.74000549316406,6674,0.0,0.0
2024-08-14 15:28:00-04:00,135.74000549316406,135.75999450683594,135.6999969482422,135.75,8890,0.0,0.0
2024-08-14 15:29:00-04:00,135.74000549316406,135.77000427246094,135.6999969482422,135.7122039794922,5932,0.0,0.0
2024-08-14 15:30:00-04:00,135.71499633789062,135.71499633789062,135.65499877929688,135.69000244140625,7039,0.0,0.0
2024-08-14 15:31:00-04:00,135.67999267578125,135.7075958251953,135.66000366210938,135.66000366210938,9940,0.0,0.0
2024-08-14 15:32:00-04:00,135.64999389648438,135.66000366210938,135.5449981689453,135.55999755859375,6653,0.0,0.0
2024-08-14 15:33:00-04:00,135.5500030517578,135.61000061035156,135.52000427246094,135.57000732421875,10262,0.0,0.0
2024-08-14 15:34:00-04:00,135.5800018310547,135.5800018310547,135.52999877929688,135.5399932861328,8100,0.0,0.0
2024-08-14 15:35:00-04:00,135.55999755859375,135.5800018310547,135.53500366210938,135.5500030517578,11070,0.0,0.0
2024-08-14 15:36:00-04:00,135.5800018310547,135.61000061035156,135.5500030517578,135.55999755859375,7379,0.0,0.0
2024-08-14 15:37:00-04:00,135.56500244140625,135.56500244140625,135.52749633789062,135.52999877929688,4600,0.0,0.0
2024-08-14 15:38:00-04:00,135.52000427246094,135.5399932861328,135.4949951171875,135.5,7247,0.0,0.0
2024-08-14 15:39:00-04:00,135.5,135.55499267578125,135.4600067138672,135.5399932861328,8840,0.0,0.0
2024-08-14 15:40:00-04:00,135.5449981689453,135.5500030517578,135.49000549316406,135.52999877929688,6632,0.0,0.0
2024-08-14 15:41:00-04:00,135.52999877929688,135.60000610351562,135.52999877929688,135.5800018310547,8860,0.0,0.0
2024-08-14 15:42:00-04:00,135.5850067138672,135.58999633789062,135.5399932861328,135.57000732421875,6974,0.0,0.0
2024-08-14 15:43:00-04:00,135.56900024414062,135.62640380859375,135.5500030517578,135.61000061035156,12132,0.0,0.0
2024-08-14 15:44:00-04:00,135.61000061035156,135.61000061035156,135.57000732421875,135.60000610351562,6505,0.0,0.0
2024-08-14 15:45:00-04:00,135.60000610351562,135.67999267578125,135.59500122070312,135.60000610351562,17500,0.0,0.0
2024-08-14 15:46:00-04:00,135.59950256347656,135.59950256347656,135.52000427246094,135.5399932861328,10133,0.0,0.0
2024-08-14 15:47:00-04:00,135.50999450683594,135.53500366210938,135.4949951171875,135.53500366210938,7515,0.0,0.0
2024-08-14 15:48:00-04:00,135.53819274902344,135.5800018310547,135.53819274902344,135.56500244140625,12633,0.0,0.0
2024-08-14 15:49:00-04:00,135.55999755859375,135.58999633789062,135.5399932861328,135.57000732421875,8463,0.0,0.0
2024-08-14 15:50:00-04:00,135.5800018310547,135.6699981689453,135.50999450683594,135.50999450683594,25256,0.0,0.0
2024-08-14 15:51:00-04:00,135.5,135.57000732421875,135.4600067138672,135.55160522460938,16765,0.0,0.0
2024-08-14 15:52:00-04:00,135.55999755859375,135.58999633789062,135.3300018310547,135.39999389648438,57615,0.0,0.0
2024-08-14 15:53:00-04:00,135.38999938964844,135.42999267578125,135.35000610351562,135.41000366210938,25902,0.0,0.0
2024-08-14 15:54:00-04:00,135.41000366210938,135.66000366210938,135.41000366210938,135.6300048828125,27938,0.0,0.0
2024-08-14 15:55:00-04:00,135.6750030517578,135.83999633789062,135.6750030517578,135.80499267578125,30951,0.0,0.0
2024-08-14 15:56:00-04:00,135.81500244140625,135.85000610351562,135.77000427246094,135.77999877929688,32272,0.0,0.0
2024-08-14 15:57:00-04:00,135.77999877929688,135.85000610351562,135.72999572753906,135.85000610351562,40656,0.0,0.0
2024-08-14 15:58:00-04:00,135.85499572753906,135.8800048828125,135.77499389648438,135.77499389648438,36633,0.0,0.0
2024-08-14 15:59:00-04:00,135.77000427246094,135.80999755859375,135.5500030517578,135.55999755859375,126352,0.0,0.0
2024-08-15 09:30:00-04:00,136.7707061767578,137.0800018310547,136.7707061767578,136.92999267578125,89655,0.0,0.0
2024-08-15 09:31:00-04:00,136.8800048828125,137.0500030517578,136.8000030517578,137.0500030517578,10259,0.0,0.0
2024-08-15 09:32:00-04:00,137.06500244140625,137.19000244140625,137.0399932861328,137.14999389648438,3988,0.0,0.0
2024-08-15 09:33:00-04:00,137.1699981689453,137.23989868164062,136.9149932861328,136.9149932861328,34275,0.0,0.0
2024-08-15 09:34:00-04:00,136.89500427246094,137.0800018310547,136.83999633789062,137.0800018310547,4503,0.0,0.0
2024-08-15 09:35:00-04:00,137.13999938964844,137.18499755859375,136.9199981689453,137.0399932861328,10019,0.0,0.0
2024-08-15 09:36:00-04:00,137.05499267578125,137.1750030517578,136.99000549316406,137.1750030517578,5839,0.0,0.0
2024-08-15 09:37:00-04:00,137.17999267578125,137.25,137.1199951171875,137.13499450683594,7060,0.0,0.0
2024-08-15 09:38:00-04:00,137.13499450683594,137.13499450683594,136.80999755859375,136.83999633789062,6763,0.0,0.0
2024-08-15 09:39:00-04:00,136.80999755859375,136.86000061035156,136.66000366210938,136.8300018310547,4691,0.0,0.0
2024-08-15 09:40:00-04:00,136.85499572753906,136.88499450683594,136.72000122070312,136.7899932861328,13515,0.0,0.0
2024-08-15 09:41:00-04:00,136.8000030517578,136.8000030517578,136.47000122070312,136.5800018310547,11625,0.0,0.0
2024-08-15 09:42:00-04:00,136.55999755859375,136.56500244140625,136.38999938964844,136.49000549316406,4248,0.0,0.0
2024-08-15 09:43:00-04:00,136.4600067138672,136.52999877929688,136.4600067138672,136.5,3526,0.0,0.0
2024-08-15 09:44:00-04:00,136.48500061035156,136.48500061035156,136.38499450683594,136.39500427246094,3568,0.0,0.0
2024-08-15 09:45:00-04:00,136.42999267578125,136.5,136.25999450683594,136.2949981689453,8374,0.0,0.0
2024-08-15 09:46:00-04:00,136.35000610351562,136.40499877929688,136.2949981689453,136.31089782714844,4232,0.0,0.0
2024-08-15 09:47:00-04:00,136.32000732421875,136.36000061035156,136.2801055908203,136.33999633789062,4861,0.0,0.0
2024-08-15 09:48:00-04:00,136.33999633789062,136.39999389648438,136.2899932861328,136.33999633789062,11844,0.0,0.0
2024-08-15 09:49:00-04:00,136.3800048828125,136.5800018310547,136.36500549316406,136.47999572753906,21646,0.0,0.0
2024-08-15 09:50:00-04:00,136.47999572753906,136.5500030517578,136.39999389648438,136.50999450683594,22928,0.0,0.0
2024-08-15 09:51:00-04:00,136.4949951171875,136.67999267578125,136.4949951171875,136.56500244140625,36526,0.0,0.0
2024-08-15 09:52:00-04:00,136.56500244140625,136.75999450683594,136.56500244140625,136.7100067138672,38854,0.0,0.0
2024-08-15 09:53:00-04:00,136.72500610351562,136.7873992919922,136.6999969482422,136.7449951171875,5815,0.0,0.0
2024-08-15 09:54:00-04:00,136.74000549316406,136.88999938964844,136.72500610351562,136.8800048828125,10072,0.0,0.0
2024-08-15 09:55:00-04:00,136.89999389648438,136.92999267578125,136.82000732421875,136.82000732421875,5324,0.0,0.0
2024-08-15 09:56:00-04:00,136.85499572753906,136.8800048828125,136.77999877929688,136.81500244140625,7900,0.0,0.0
2024-08-15 09:57:00-04:00,136.8365936279297,136.85000610351562,136.75999450683594,136.85000610351562,34271,0.0,0.0
2024-08-15 09:58:00-04:00,136.8524932861328,136.91000366210938,136.83999633789062,136.86000061035156,5605,0.0,0.0
2024-08-15 09:59:00-04:00,136.87879943847656,136.89979553222656,136.8300018310547,136.88499450683594,4178,0.0,0.0
2024-08-15 10:00:00-04:00,136.88499450683594,136.9250030517578,136.78460693359375,136.82000732421875,10435,0.0,0.0
2024-08-15 10:01:00-04:00,136.84500122070312,136.8800048828125,136.77000427246094,136.77000427246094,5506,0.0,0.0
2024-08-15 10:02:00-04:00,136.7899932861328,136.8061981201172,136.68499755859375,136.7100067138672,4014,0.0,0.0
2024-08-15 10:03:00-04:00,136.68499755859375,136.68499755859375,136.45010375976562,136.47000122070312,10535,0.0,0.0
2024-08-15 10:04:00-04:00,136.49000549316406,136.5,136.3000030517578,136.3000030517578,19784,0.0,0.0
2024-08-15 10:05:00-04:00,136.3000030517578,136.3000030517578,136.13009643554688,136.22000122070312,8715,0.0,0.0
2024-08-15 10:06:00-04:00,136.2449951171875,136.44000244140625,136.2449951171875,136.33999633789062,21191,0.0,0.0
2024-08-15 10:07:00-04:00,136.36500549316406,136.42999267578125,136.33999633789062,136.33999633789062,7276,0.0,0.0
2024-08-15 10:08:00-04:00,136.33999633789062,136.3800048828125,136.26499938964844,136.35000610351562,7531,0.0,0.0
2024-08-15 10:09:00-04:00,136.36000061035156,136.42019653320312,136.32000732421875,136.36000061035156,12311,0.0,0.0
2024-08-15 10:10:00-04:00,136.35000610351562,136.3800048828125,136.25999450683594,136.3699951171875,19587,0.0,0.0
2024-08-15 10:11:00-04:00,136.39999389648438,136.4499969482422,136.32000732421875,136.32000732421875,11616,0.0,0.0
2024-08-15 10:12:00-04:00,136.2899932861328,136.3000030517578,136.1699981689453,136.2100067138672,10070,0.0,0.0
2024-08-15 10:13:00-04:00,136.2100067138672,136.32000732421875,136.2100067138672,136.27499389648438,7809,0.0,0.0
2024-08-15 10:14:00-04:00,136.2550048828125,136.36000061035156,136.24000549316406,136.36000061035156,8629,0.0,0.0
2024-08-15 10:15:00-04:00,136.33999633789062,136.35499572753906,136.22000122070312,136.24000549316406,5934,0.0,0.0
2024-08-15 10:16:00-04:00,136.25999450683594,136.26499938964844,136.10000610351562,136.11000061035156,5088,0.0,0.0
2024-08-15 10:17:00-04:00,136.11500549316406,136.14999389648438,136.02499389648438,136.05999755859375,9922,0.0,0.0
2024-08-15 10:18:00-04:00,136.07000732421875,136.0800018310547,135.94000244140625,135.94000244140625,10437,0.0,0.0
2024-08-15 10:19:00-04:00,135.9550018310547,135.9622039794922,135.91000366210938,135.94000244140625,5017,0.0,0.0
2024-08-15 10:20:00-04:00,135.92999267578125,135.9550018310547,135.8925018310547,135.91000366210938,4456,0.0,0.0
2024-08-15 10:21:00-04:00,135.9250030517578,136.0500030517578,135.89999389648438,136.0449981689453,6347,0.0,0.0
2024-08-15 10:22:00-04:00,136.0301971435547,136.13999938964844,136.0301971435547,136.0850067138672,6699,0.0,0.0
2024-08-15 10:23:00-04:00,136.07000732421875,136.10000610351562,135.99000549316406,136.01499938964844,7004,0.0,0.0
2024-08-15 10:24:00-04:00,136.0124969482422,136.08999633789062,136.0124969482422,136.07000732421875,4054,0.0,0.0
2024-08-15 10:25:00-04:00,136.07000732421875,136.13999938964844,136.0399932861328,136.0399932861328,7014,0.0,0.0
2024-08-15 10:26:00-04:00,136.0614013671875,136.1199951171875,136.02999877929688,136.1195068359375,3417,0.0,0.0
2024-08-15 10:27:00-04:00,136.09500122070312,136.1699981689453,136.07000732421875,136.16000366210938,6079,0.0,0.0
2024-08-15 10:28:00-04:00,136.14999389648438,136.14999389648438,136.0800018310547,136.08999633789062,3695,0.0,0.0
2024-08-15 10:29:00-04:00,136.10000610351562,136.2100067138672,136.10000610351562,136.14999389648438,6076,0.0,0.0
2024-08-15 10:30:00-04:00,136.14999389648438,136.2100067138672,136.14999389648438,136.1699981689453,5558,0.0,0.0
2024-08-15 10:31:00-04:00,136.1569061279297,136.22999572753906,136.1569061279297,136.2050018310547,5466,0.0,0.0
2024-08-15 10:32:00-04:00,136.22000122070312,136.25,136.20730590820312,136.220703125,11199,0.0,0.0
2024-08-15 10:33:00-04:00,136.24000549316406,136.25999450683594,136.08999633789062,136.08999633789062,7648,0.0,0.0
2024-08-15 10:34:00-04:00,136.0500030517578,136.11000061035156,136.02999877929688,136.0500030517578,10309,0.0,0.0
2024-08-15 10:35:00-04:00,136.0399932861328,136.0699005126953,135.97999572753906,136.0050048828125,8874,0.0,0.0
2024-08-15 10:36:00-04:00,136.00999450683594,136.10000610351562,136.00999450683594,136.10000610351562,8495,0.0,0.0
2024-08-15 10:37:00-04:00,136.11000061035156,136.11000061035156,136.02000427246094,136.0500030517578,3714,0.0,0.0
2024-08-15 10:38:00-04:00,136.05999755859375,136.08999633789062,135.94000244140625,135.97999572753906,21450,0.0,0.0
2024-08-15 10:39:00-04:00,135.99000549316406,136.02000427246094,135.99000549316406,135.99000549316406,2944,0.0,0.0
2024-08-15 10:40:00-04:00,135.99000549316406,136.00999450683594,135.97000122070312,135.98500061035156,6536,0.0,0.0
2024-08-15 10:41:00-04:00,135.99490356445312,135.99490356445312,135.97000122070312,135.98500061035156,2829,0.0,0.0
2024-08-15 10:42:00-04:00,136.0,136.0800018310547,135.98500061035156,136.07000732421875,11600,0.0,0.0
2024-08-15 10:43:00-04:00,136.0500030517578,136.1280059814453,136.0500030517578,136.11000061035156,6204,0.0,0.0
2024-08-15 10:44:00-04:00,136.11000061035156,136.11000061035156,136.0749969482422,136.09500122070312,3670,0.0,0.0
2024-08-15 10:45:00-04:00,136.0800018310547,136.0800018310547,135.99000549316406,135.99000549316406,6382,0.0,0.0
2024-08-15 10:46:00-04:00,135.99209594726562,136.05999755859375,135.98500061035156,136.0500030517578,6946,0.0,0.0
2024-08-15 10:47:00-04:00,136.0399932861328,136.1300048828125,136.0399932861328,136.11000061035156,6538,0.0,0.0
2024-08-15 10:48:00-04:00,136.08999633789062,136.16000366210938,136.02999877929688,136.02999877929688,9726,0.0,0.0
2024-08-15 10:49:00-04:00,136.02999877929688,136.02999877929688,135.86000061035156,135.88009643554688,7325,0.0,0.0
2024-08-15 10:50:00-04:00,135.90499877929688,135.92999267578125,135.77499389648438,135.77499389648438,6313,0.0,0.0
2024-08-15 10:51:00-04:00,135.77999877929688,135.7949981689453,135.76499938964844,135.77000427246094,8718,0.0,0.0
2024-08-15 10:52:00-04:00,135.77000427246094,135.85000610351562,135.77000427246094,135.8300018310547,8181,0.0,0.0
2024-08-15 10:53:00-04:00,135.85000610351562,135.86500549316406,135.82000732421875,135.82000732421875,7047,0.0,0.0
2024-08-15 10:54:00-04:00,135.8300018310547,135.89999389648438,135.82000732421875,135.85499572753906,11515,0.0,0.0
2024-08-15 10:55:00-04:00,135.85000610351562,135.85000610351562,135.72000122070312,135.7899932861328,13068,0.0,0.0
2024-08-15 10:56:00-04:00,135.80999755859375,135.8699951171875,135.75,135.84010314941406,7339,0.0,0.0
2024-08-15 10:57:00-04:00,135.8699951171875,135.8699951171875,135.83999633789062,135.86000061035156,4550,0.0,0.0
2024-08-15 10:58:00-04:00,135.85000610351562,135.91000366210938,135.8300018310547,135.89999389648438,7935,0.0,0.0
2024-08-15 10:59:00-04:00,135.88999938964844,135.88999938964844,135.8000030517578,135.86500549316406,9279,0.0,0.0
2024-08-15 11:00:00-04:00,135.89990234375,135.89999389648438,135.85000610351562,135.8699951171875,5724,0.0,0.0
2024-08-15 11:01:00-04:00,135.8699951171875,135.9550018310547,135.86000061035156,135.9499969482422,3607,0.0,0.0
2024-08-15 11:03:00-04:00,135.97500610351562,135.99000549316406,135.92999267578125,135.97000122070312,8192,0.0,0.0
2024-08-15 11:04:00-04:00,135.9499969482422,136.00999450683594,135.93499755859375,136.0,7512,0.0,0.0
2024-08-15 11:05:00-04:00,136.02000427246094,136.0399932861328,136.02000427246094,136.02000427246094,1070,0.0,0.0
2024-08-15 11:07:00-04:00,135.99000549316406,135.99000549316406,135.97000122070312,135.97999572753906,13277,0.0,0.0
2024-08-15 11:08:00-04:00,135.98500061035156,135.99000549316406,135.9199981689453,135.9499969482422,6383,0.0,0.0
2024-08-15 11:09:00-04:00,135.9499969482422,136.02999877929688,135.9499969482422,136.01499938964844,4115,0.0,0.0
2024-08-15 11:10:00-04:00,136.0,136.02000427246094,135.97999572753906,136.02000427246094,3888,0.0,0.0
2024-08-15 11:11:00-04:00,136.01499938964844,136.0800018310547,136.01499938964844,136.0800018310547,3920,0.0,0.0
2024-08-15 11:12:00-04:00,136.0800018310547,136.10000610351562,136.05999755859375,136.08999633789062,4113,0.0,0.0
2024-08-15 11:13:00-04:00,136.1199951171875,136.1699981689453,136.10609436035156,136.11000061035156,7668,0.0,0.0
2024-08-15 11:14:00-04:00,136.125,136.14999389648438,136.125,136.14500427246094,2904,0.0,0.0
2024-08-15 11:15:00-04:00,136.1300048828125,136.24000549316406,136.1300048828125,136.22999572753906,12332,0.0,0.0
2024-08-15 11:16:00-04:00,136.24000549316406,136.27999877929688,136.19000244140625,136.22999572753906,11178,0.0,0.0
2024-08-15 11:17:00-04:00,136.25,136.25999450683594,136.22999572753906,136.25999450683594,5576,0.0,0.0
2024-08-15 11:18:00-04:00,136.25999450683594,136.25999450683594,136.11000061035156,136.1699981689453,8541,0.0,0.0
2024-08-15 11:19:00-04:00,136.1699981689453,136.25999450683594,136.1699981689453,136.25999450683594,6339,0.0,0.0
2024-08-15 11:20:00-04:00,136.25,136.2928924560547,136.22999572753906,136.28799438476562,2957,0.0,0.0
2024-08-15 11:21:00-04:00,136.29319763183594,136.30999755859375,136.2449951171875,136.25929260253906,5644,0.0,0.0
2024-08-15 11:22:00-04:00,136.25999450683594,136.27000427246094,136.24000549316406,136.26800537109375,3983,0.0,0.0
2024-08-15 11:23:00-04:00,136.2501983642578,136.26499938964844,136.2100067138672,136.26499938964844,3863,0.0,0.0
2024-08-15 11:24:00-04:00,136.26499938964844,136.30999755859375,136.25999450683594,136.27000427246094,8744,0.0,0.0
2024-08-15 11:25:00-04:00,136.27000427246094,136.27999877929688,136.2100067138672,136.25999450683594,10834,0.0,0.0
2024-08-15 11:26:00-04:00,136.2449951171875,136.32000732421875,136.2449951171875,136.27999877929688,7376,0.0,0.0
2024-08-15 11:27:00-04:00,136.29859924316406,136.33180236816406,136.25999450683594,136.3300018310547,5325,0.0,0.0
2024-08-15 11:28:00-04:00,136.32000732421875,136.33999633789062,136.30340576171875,136.30999755859375,4519,0.0,0.0
2024-08-15 11:29:00-04:00,136.3000030517578,136.3000030517578,136.16000366210938,136.19000244140625,4589,0.0,0.0
2024-08-15 11:30:00-04:00,136.19000244140625,136.19000244140625,136.0800018310547,136.1199951171875,9635,0.0,0.0
2024-08-15 11:31:00-04:00,136.11000061035156,136.19000244140625,136.1071014404297,136.1649932861328,33407,0.0,0.0
2024-08-15 11:32:00-04:00,136.1699981689453,136.19900512695312,136.13999938964844,136.14999389648438,3956,0.0,0.0
2024-08-15 11:33:00-04:00,136.14999389648438,136.16180419921875,136.1300048828125,136.14999389648438,1441,0.0,0.0
2024-08-15 11:34:00-04:00,136.14999389648438,136.1699981689453,136.1300048828125,136.1649932861328,5714,0.0,0.0
2024-08-15 11:35:00-04:00,136.13999938964844,136.13999938964844,136.10000610351562,136.1300048828125,5531,0.0,0.0
2024-08-15 11:36:00-04:00,136.10000610351562,136.1300048828125,136.09010314941406,136.10499572753906,5606,0.0,0.0
2024-08-15 11:37:00-04:00,136.10499572753906,136.1199951171875,136.08999633789062,136.10499572753906,4802,0.0,0.0
2024-08-15 11:38:00-04:00,136.1199951171875,136.1300048828125,136.10499572753906,136.125,2849,0.0,0.0
2024-08-15 11:39:00-04:00,136.10499572753906,136.10499572753906,136.0800018310547,136.0959930419922,2927,0.0,0.0
2024-08-15 11:40:00-04:00,136.08999633789062,136.1699981689453,136.0800018310547,136.15499877929688,7435,0.0,0.0
2024-08-15 11:41:00-04:00,136.15499877929688,136.1699981689453,136.14999389648438,136.1649932861328,6259,0.0,0.0
2024-08-15 11:42:00-04:00,136.19000244140625,136.25,136.17999267578125,136.24000549316406,8526,0.0,0.0
2024-08-15 11:43:00-04:00,136.24000549316406,136.27000427246094,136.22999572753906,136.24000549316406,2493,0.0,0.0
2024-08-15 11:44:00-04:00,136.24000549316406,136.31069946289062,136.24000549316406,136.30499267578125,6537,0.0,0.0
2024-08-15 11:45:00-04:00,136.3000030517578,136.32000732421875,136.3000030517578,136.3000030517578,2757,0.0,0.0
2024-08-15 11:46:00-04:00,136.30999755859375,136.31399536132812,136.25999450683594,136.30999755859375,11307,0.0,0.0
2024-08-15 11:47:00-04:00,136.3300018310547,136.33999633789062,136.3249969482422,136.3300018310547,2903,0.0,0.0
2024-08-15 11:48:00-04:00,136.3300018310547,136.33999633789062,136.30999755859375,136.31500244140625,5735,0.0,0.0
2024-08-15 11:49:00-04:00,136.31320190429688,136.35000610351562,136.31320190429688,136.35000610351562,4527,0.0,0.0
2024-08-15 11:50:00-04:00,136.33999633789062,136.3699951171875,136.3300018310547,136.36500549316406,5963,0.0,0.0
2024-08-15 11:51:00-04:00,136.3699951171875,136.3800048828125,136.35000610351562,136.36500549316406,2691,0.0,0.0
2024-08-15 11:52:00-04:00,136.3699951171875,136.38589477539062,136.30999755859375,136.3137969970703,6718,0.0,0.0
2024-08-15 11:53:00-04:00,136.30999755859375,136.31500244140625,136.2899932861328,136.31500244140625,4695,0.0,0.0
2024-08-15 11:54:00-04:00,136.3000030517578,136.36000061035156,136.2949981689453,136.33999633789062,5940,0.0,0.0
2024-08-15 11:55:00-04:00,136.32000732421875,136.32000732421875,136.30499267578125,136.30999755859375,1373,0.0,0.0
2024-08-15 11:56:00-04:00,136.30499267578125,136.30499267578125,136.27000427246094,136.27000427246094,2452,0.0,0.0
2024-08-15 11:57:00-04:00,136.25999450683594,136.25999450683594,136.1999969482422,136.1999969482422,4034,0.0,0.0
2024-08-15 11:58:00-04:00,136.22000122070312,136.27999877929688,136.19000244140625,136.27999877929688,5067,0.0,0.0
2024-08-15 11:59:00-04:00,136.24000549316406,136.27999877929688,136.24000549316406,136.24000549316406,4410,0.0,0.0
2024-08-15 12:00:00-04:00,136.22000122070312,136.30499267578125,136.1999969482422,136.2899932861328,5729,0.0,0.0
2024-08-15 12:01:00-04:00,136.3000030517578,136.30999755859375,136.24000549316406,136.24000549316406,4183,0.0,0.0
2024-08-15 12:02:00-04:00,136.26809692382812,136.3300018310547,136.24000549316406,136.32000732421875,2684,0.0,0.0
2024-08-15 12:03:00-04:00,136.3249969482422,136.3249969482422,136.3000030517578,136.30499267578125,3004,0.0,0.0
2024-08-15 12:04:00-04:00,136.30499267578125,136.33599853515625,136.30499267578125,136.33599853515625,3689,0.0,0.0
2024-08-15 12:05:00-04:00,136.31500244140625,136.3699951171875,136.3000030517578,136.35499572753906,7515,0.0,0.0
2024-08-15 12:06:00-04:00,136.33999633789062,136.35000610351562,136.30999755859375,136.30999755859375,4220,0.0,0.0
2024-08-15 12:07:00-04:00,136.3300018310547,136.58999633789062,136.3300018310547,136.56500244140625,23235,0.0,0.0
2024-08-15 12:08:00-04:00,136.5399932861328,136.6699981689453,136.52999877929688,136.65499877929688,16689,0.0,0.0
2024-08-15 12:09:00-04:00,136.66000366210938,136.6699981689453,136.63999938964844,136.64999389648438,6287,0.0,0.0
2024-08-15 12:10:00-04:00,136.65499877929688,136.72999572753906,136.65499877929688,136.72999572753906,3946,0.0,0.0
2024-08-15 12:11:00-04:00,136.72999572753906,136.75,136.72500610351562,136.74000549316406,2291,0.0,0.0
2024-08-15 12:12:00-04:00,136.7100067138672,136.7100067138672,136.64999389648438,136.64999389648438,5590,0.0,0.0
2024-08-15 12:13:00-04:00,136.63999938964844,136.64999389648438,136.6300048828125,136.64999389648438,3017,0.0,0.0
2024-08-15 12:14:00-04:00,136.6300048828125,136.6300048828125,136.55499267578125,136.55999755859375,4136,0.0,0.0
2024-08-15 12:15:00-04:00,136.55999755859375,136.5800018310547,136.55999755859375,136.5800018310547,2058,0.0,0.0
2024-08-15 12:16:00-04:00,136.55999755859375,136.55999755859375,136.52999877929688,136.55999755859375,3967,0.0,0.0
2024-08-15 12:17:00-04:00,136.5800018310547,136.64999389648438,136.5800018310547,136.6199951171875,7258,0.0,0.0
2024-08-15 12:18:00-04:00,136.61000061035156,136.6217041015625,136.60499572753906,136.60499572753906,1395,0.0,0.0
2024-08-15 12:19:00-04:00,136.60000610351562,136.6497039794922,136.58999633789062,136.61000061035156,6892,0.0,0.0
2024-08-15 12:20:00-04:00,136.6199951171875,136.6999969482422,136.6199951171875,136.66000366210938,5850,0.0,0.0
2024-08-15 12:21:00-04:00,136.6699981689453,136.69000244140625,136.66000366210938,136.6649932861328,3186,0.0,0.0
2024-08-15 12:22:00-04:00,136.66000366210938,136.6999969482422,136.66000366210938,136.6750030517578,2567,0.0,0.0
2024-08-15 12:23:00-04:00,136.68499755859375,136.71499633789062,136.68499755859375,136.6999969482422,3152,0.0,0.0
2024-08-15 12:24:00-04:00,136.6999969482422,136.73989868164062,136.69000244140625,136.73989868164062,2561,0.0,0.0
2024-08-15 12:25:00-04:00,136.72630310058594,136.74000549316406,136.6199951171875,136.6199951171875,5972,0.0,0.0
2024-08-15 12:26:00-04:00,136.6199951171875,136.6450958251953,136.61000061035156,136.63999938964844,3553,0.0,0.0
2024-08-15 12:27:00-04:00,136.6199951171875,136.6199951171875,136.51499938964844,136.51499938964844,2620,0.0,0.0
2024-08-15 12:28:00-04:00,136.50999450683594,136.51499938964844,136.47999572753906,136.47999572753906,2001,0.0,0.0
2024-08-15 12:29:00-04:00,136.48440551757812,136.52999877929688,136.48440551757812,136.52000427246094,3311,0.0,0.0
2024-08-15 12:30:00-04:00,136.53500366210938,136.5500030517578,136.47999572753906,136.4949951171875,3008,0.0,0.0
2024-08-15 12:31:00-04:00,136.47999572753906,136.4949951171875,136.35000610351562,136.35000610351562,5661,0.0,0.0
2024-08-15 12:32:00-04:00,136.3699951171875,136.39990234375,136.35499572753906,136.39990234375,3152,0.0,0.0
2024-08-15 12:33:00-04:00,136.3699951171875,136.3800048828125,136.31500244140625,136.34500122070312,3545,0.0,0.0
2024-08-15 12:34:00-04:00,136.34500122070312,136.36000061035156,136.34500122070312,136.35000610351562,1908,0.0,0.0
2024-08-15 12:35:00-04:00,136.36000061035156,136.3699951171875,136.33009338378906,136.33999633789062,4407,0.0,0.0
2024-08-15 12:36:00-04:00,136.33999633789062,136.3800048828125,136.33999633789062,136.3699951171875,10149,0.0,0.0
2024-08-15 12:37:00-04:00,136.36000061035156,136.38999938964844,136.35000610351562,136.35000610351562,8314,0.0,0.0
2024-08-15 12:38:00-04:00,136.3300018310547,136.3300018310547,136.2100067138672,136.2100067138672,3238,0.0,0.0
2024-08-15 12:39:00-04:00,136.22000122070312,136.2899932861328,136.22000122070312,136.2449951171875,3882,0.0,0.0
2024-08-15 12:40:00-04:00,136.2449951171875,136.289794921875,136.17999267578125,136.17999267578125,4970,0.0,0.0
2024-08-15 12:41:00-04:00,136.17999267578125,136.17999267578125,136.10000610351562,136.13999938964844,5724,0.0,0.0
2024-08-15 12:42:00-04:00,136.1699981689453,136.17999267578125,136.13999938964844,136.13999938964844,3967,0.0,0.0
2024-08-15 12:43:00-04:00,136.11500549316406,136.16000366210938,136.11500549316406,136.1199951171875,3656,0.0,0.0
2024-08-15 12:44:00-04:00,136.10000610351562,136.1199951171875,136.10000610351562,136.1199951171875,3003,0.0,0.0
2024-08-15 12:45:00-04:00,136.1425018310547,136.27000427246094,136.13499450683594,136.24000549316406,48594,0.0,0.0
2024-08-15 12:46:00-04:00,136.25,136.27999877929688,136.17999267578125,136.24989318847656,33534,0.0,0.0
2024-08-15 12:47:00-04:00,136.30999755859375,136.30999755859375,136.1699981689453,136.2808074951172,39610,0.0,0.0
2024-08-15 12:48:00-04:00,136.27499389648438,136.3123016357422,136.25,136.2821044921875,18508,0.0,0.0
2024-08-15 12:49:00-04:00,136.28500366210938,136.37989807128906,136.27000427246094,136.36529541015625,33969,0.0,0.0
2024-08-15 12:50:00-04:00,136.36500549316406,136.36500549316406,136.3300018310547,136.34500122070312,7692,0.0,0.0
2024-08-15 12:51:00-04:00,136.35659790039062,136.41000366210938,136.35659790039062,136.41000366210938,6687,0.0,0.0
2024-08-15 12:52:00-04:00,136.39999389648438,136.47999572753906,136.39999389648438,136.4199981689453,22890,0.0,0.0
2024-08-15 12:53:00-04:00,136.43499755859375,136.45199584960938,136.4199981689453,136.45199584960938,3864,0.0,0.0
2024-08-15 12:54:00-04:00,136.4512939453125,136.49000549316406,136.42999267578125,136.47999572753906,6748,0.0,0.0
2024-08-15 12:55:00-04:00,136.47500610351562,136.5,136.47000122070312,136.47999572753906,2812,0.0,0.0
2024-08-15 12:56:00-04:00,136.47999572753906,136.5,136.4499969482422,136.49000549316406,9310,0.0,0.0
2024-08-15 12:57:00-04:00,136.48300170898438,136.52000427246094,136.45750427246094,136.47000122070312,5220,0.0,0.0
2024-08-15 12:58:00-04:00,136.47000122070312,136.49000549316406,136.42050170898438,136.49000549316406,6243,0.0,0.0
2024-08-15 12:59:00-04:00,136.49000549316406,136.5543975830078,136.49000549316406,136.52499389648438,4049,0.0,0.0
2024-08-15 13:00:00-04:00,136.52499389648438,136.52499389648438,136.4499969482422,136.4698944091797,3867,0.0,0.0
2024-08-15 13:01:00-04:00,136.4499969482422,136.4499969482422,136.3300018310547,136.3300018310547,11107,0.0,0.0
2024-08-15 13:02:00-04:00,136.32000732421875,136.32000732421875,136.27999877929688,136.30999755859375,9057,0.0,0.0
2024-08-15 13:03:00-04:00,136.2899932861328,136.33619689941406,136.27499389648438,136.33619689941406,4435,0.0,0.0
2024-08-15 13:04:00-04:00,136.3350067138672,136.39999389648438,136.3350067138672,136.39999389648438,3095,0.0,0.0
2024-08-15 13:05:00-04:00,136.41000366210938,136.4149932861328,136.3699951171875,136.39999389648438,6255,0.0,0.0
2024-08-15 13:06:00-04:00,136.39999389648438,136.42999267578125,136.38999938964844,136.4199981689453,1902,0.0,0.0
2024-08-15 13:07:00-04:00,136.42889404296875,136.44000244140625,136.36000061035156,136.38499450683594,3549,0.0,0.0
2024-08-15 13:08:00-04:00,136.3699951171875,136.3800048828125,136.33999633789062,136.33999633789062,3548,0.0,0.0
2024-08-15 13:09:00-04:00,136.33839416503906,136.36000061035156,136.25999450683594,136.32000732421875,6549,0.0,0.0
2024-08-15 13:10:00-04:00,136.32000732421875,136.3300018310547,136.30999755859375,136.30999755859375,2222,0.0,0.0
2024-08-15 13:11:00-04:00,136.3300018310547,136.34500122070312,136.32000732421875,136.33999633789062,3433,0.0,0.0
2024-08-15 13:12:00-04:00,136.3249969482422,136.3249969482422,136.29429626464844,136.31149291992188,5718,0.0,0.0
2024-08-15 13:13:00-04:00,136.32699584960938,136.3498992919922,136.32000732421875,136.3350067138672,4421,0.0,0.0
2024-08-15 13:14:00-04:00,136.3350067138672,136.3498992919922,136.3000030517578,136.32000732421875,3536,0.0,0.0
2024-08-15 13:15:00-04:00,136.33999633789062,136.38499450683594,136.3350067138672,136.38499450683594,5615,0.0,0.0
2024-08-15 13:16:00-04:00,136.38499450683594,136.4199981689453,136.38499450683594,136.4174041748047,2834,0.0,0.0
2024-08-15 13:17:00-04:00,136.41000366210938,136.41000366210938,136.3800048828125,136.38999938964844,3557,0.0,0.0
2024-08-15 13:18:00-04:00,136.38999938964844,136.41000366210938,136.35800170898438,136.3699951171875,4859,0.0,0.0
2024-08-15 13:19:00-04:00,136.3699951171875,136.4499969482422,136.3699951171875,136.4199981689453,5119,0.0,0.0
2024-08-15 13:20:00-04:00,136.41000366210938,136.44000244140625,136.39999389648438,136.41000366210938,3831,0.0,0.0
2024-08-15 13:21:00-04:00,136.42999267578125,136.50999450683594,136.4199981689453,136.47999572753906,5887,0.0,0.0
2024-08-15 13:22:00-04:00,136.4600067138672,136.4600067138672,136.41000366210938,136.4199981689453,4395,0.0,0.0
2024-08-15 13:23:00-04:00,136.41000366210938,136.4199981689453,136.34500122070312,136.34500122070312,5343,0.0,0.0
2024-08-15 13:24:00-04:00,136.34500122070312,136.36000061035156,136.3300018310547,136.36000061035156,5248,0.0,0.0
2024-08-15 13:25:00-04:00,136.35000610351562,136.4499969482422,136.35000610351562,136.4199981689453,6274,0.0,0.0
2024-08-15 13:26:00-04:00,136.4105987548828,136.4600067138672,136.39999389648438,136.4499969482422,4959,0.0,0.0
2024-08-15 13:27:00-04:00,136.47210693359375,136.49000549316406,136.47000122070312,136.47000122070312,3108,0.0,0.0
2024-08-15 13:28:00-04:00,136.5,136.5,136.45750427246094,136.45750427246094,3079,0.0,0.0
2024-08-15 13:29:00-04:00,136.47999572753906,136.47999572753906,136.42999267578125,136.42999267578125,3509,0.0,0.0
2024-08-15 13:30:00-04:00,136.4499969482422,136.4600067138672,136.42999267578125,136.42999267578125,3085,0.0,0.0
2024-08-15 13:31:00-04:00,136.44500732421875,136.47999572753906,136.42999267578125,136.47999572753906,2670,0.0,0.0
2024-08-15 13:32:00-04:00,136.47999572753906,136.50999450683594,136.47999572753906,136.50999450683594,2328,0.0,0.0
2024-08-15 13:33:00-04:00,136.5,136.5,136.48500061035156,136.4949951171875,2415,0.0,0.0
2024-08-15 13:34:00-04:00,136.5,136.52999877929688,136.5,136.52999877929688,9452,0.0,0.0
2024-08-15 13:35:00-04:00,136.52999877929688,136.52999877929688,136.5,136.5,1968,0.0,0.0
2024-08-15 13:36:00-04:00,136.52499389648438,136.5399932861328,136.5,136.51499938964844,2781,0.0,0.0
2024-08-15 13:37:00-04:00,136.52999877929688,136.52999877929688,136.52000427246094,136.52000427246094,2521,0.0,0.0
2024-08-15 13:38:00-04:00,136.52000427246094,136.5399932861328,136.49000549316406,136.50999450683594,6480,0.0,0.0
2024-08-15 13:39:00-04:00,136.52000427246094,136.57000732421875,136.50999450683594,136.55999755859375,5237,0.0,0.0
2024-08-15 13:40:00-04:00,136.54930114746094,136.61000061035156,136.5449981689453,136.60499572753906,4906,0.0,0.0
2024-08-15 13:41:00-04:00,136.60499572753906,136.6199951171875,136.5749969482422,136.5749969482422,2130,0.0,0.0
2024-08-15 13:42:00-04:00,136.57000732421875,136.60000610351562,136.5601043701172,136.60000610351562,2885,0.0,0.0
2024-08-15 13:43:00-04:00,136.60000610351562,136.61000061035156,136.55999755859375,136.5998992919922,4786,0.0,0.0
2024-08-15 13:44:00-04:00,136.5800018310547,136.5800018310547,136.50999450683594,136.5449981689453,2166,0.0,0.0
2024-08-15 13:45:00-04:00,136.5482940673828,136.5500030517578,136.52999877929688,136.5399932861328,2879,0.0,0.0
2024-08-15 13:46:00-04:00,136.55499267578125,136.57000732421875,136.5399932861328,136.57000732421875,1159,0.0,0.0
2024-08-15 13:47:00-04:00,136.57000732421875,136.57009887695312,136.55999755859375,136.55999755859375,1828,0.0,0.0
2024-08-15 13:48:00-04:00,136.5500030517578,136.55499267578125,136.47999572753906,136.5,4344,0.0,0.0
2024-08-15 13:49:00-04:00,136.47999572753906,136.5,136.47000122070312,136.47000122070312,981,0.0,0.0
2024-08-15 13:50:00-04:00,136.4949951171875,136.52000427246094,136.49000549316406,136.52000427246094,2989,0.0,0.0
2024-08-15 13:51:00-04:00,136.5,136.5,136.5,136.5,2572,0.0,0.0
2024-08-15 13:52:00-04:00,136.50999450683594,136.52999877929688,136.48500061035156,136.5,4276,0.0,0.0
2024-08-15 13:53:00-04:00,136.49000549316406,136.52999877929688,136.49000549316406,136.50999450683594,3860,0.0,0.0
2024-08-15 13:54:00-04:00,136.50880432128906,136.50999450683594,136.47999572753906,136.50999450683594,1680,0.0,0.0
2024-08-15 13:55:00-04:00,136.4949951171875,136.50660705566406,136.4949951171875,136.50660705566406,1645,0.0,0.0
2024-08-15 13:56:00-04:00,136.50900268554688,136.5500030517578,136.5,136.52000427246094,4838,0.0,0.0
2024-08-15 13:57:00-04:00,136.52999877929688,136.58999633789062,136.50999450683594,136.5399932861328,5378,0.0,0.0
2024-08-15 13:58:00-04:00,136.54420471191406,136.5500030517578,136.52999877929688,136.52999877929688,4962,0.0,0.0
2024-08-15 13:59:00-04:00,136.5500030517578,136.56500244140625,136.531005859375,136.55499267578125,3286,0.0,0.0
2024-08-15 14:00:00-04:00,136.56500244140625,136.57000732421875,136.53500366210938,136.5384979248047,1903,0.0,0.0
2024-08-15 14:01:00-04:00,136.53500366210938,136.5449981689453,136.50999450683594,136.5449981689453,2241,0.0,0.0
2024-08-15 14:02:00-04:00,136.5500030517578,136.5699005126953,136.5399932861328,136.5699005126953,2901,0.0,0.0
2024-08-15 14:03:00-04:00,136.56500244140625,136.57000732421875,136.5500030517578,136.55999755859375,3693,0.0,0.0
2024-08-15 14:04:00-04:00,136.55999755859375,136.61000061035156,136.55999755859375,136.61000061035156,5477,0.0,0.0
2024-08-15 14:05:00-04:00,136.60000610351562,136.62399291992188,136.53500366210938,136.53500366210938,6369,0.0,0.0
2024-08-15 14:06:00-04:00,136.50999450683594,136.57000732421875,136.50999450683594,136.5399932861328,3197,0.0,0.0
2024-08-15 14:07:00-04:00,136.53500366210938,136.61000061035156,136.52999877929688,136.59500122070312,2072,0.0,0.0
2024-08-15 14:08:00-04:00,136.61000061035156,136.61990356445312,136.58999633789062,136.61990356445312,2828,0.0,0.0
2024-08-15 14:09:00-04:00,136.61000061035156,136.7100067138672,136.59500122070312,136.65499877929688,26038,0.0,0.0
2024-08-15 14:10:00-04:00,136.63999938964844,136.64999389648438,136.6300048828125,136.6414031982422,3373,0.0,0.0
2024-08-15 14:11:00-04:00,136.63999938964844,136.6999969482422,136.63999938964844,136.6999969482422,2531,0.0,0.0
2024-08-15 14:12:00-04:00,136.69500732421875,136.72000122070312,136.67999267578125,136.69619750976562,3303,0.0,0.0
2024-08-15 14:13:00-04:00,136.68499755859375,136.72000122070312,136.6699981689453,136.69000244140625,4323,0.0,0.0
2024-08-15 14:14:00-04:00,136.72000122070312,136.7299041748047,136.6300048828125,136.63999938964844,8736,0.0,0.0
2024-08-15 14:15:00-04:00,136.63999938964844,136.6761016845703,136.63999938964844,136.66000366210938,6034,0.0,0.0
2024-08-15 14:16:00-04:00,136.65460205078125,136.6656951904297,136.57000732421875,136.57000732421875,3607,0.0,0.0
2024-08-15 14:17:00-04:00,136.5800018310547,136.58999633789062,136.5399932861328,136.5800018310547,4589,0.0,0.0
2024-08-15 14:18:00-04:00,136.58999633789062,136.61000061035156,136.5500030517578,136.55999755859375,3380,0.0,0.0
2024-08-15 14:19:00-04:00,136.5500030517578,136.6300048828125,136.5399932861328,136.6300048828125,4023,0.0,0.0
2024-08-15 14:20:00-04:00,136.61000061035156,136.625,136.60000610351562,136.61000061035156,3157,0.0,0.0
2024-08-15 14:21:00-04:00,136.625,136.63999938964844,136.61000061035156,136.62869262695312,7518,0.0,0.0
2024-08-15 14:22:00-04:00,136.6199951171875,136.6199951171875,136.55099487304688,136.57110595703125,6521,0.0,0.0
2024-08-15 14:23:00-04:00,136.57000732421875,136.57000732421875,136.52999877929688,136.5399932861328,4610,0.0,0.0
2024-08-15 14:24:00-04:00,136.5449981689453,136.57000732421875,136.5399932861328,136.56100463867188,5912,0.0,0.0
2024-08-15 14:25:00-04:00,136.57000732421875,136.57000732421875,136.50050354003906,136.50050354003906,4828,0.0,0.0
2024-08-15 14:26:00-04:00,136.50999450683594,136.50999450683594,136.47999572753906,136.47999572753906,4367,0.0,0.0
2024-08-15 14:27:00-04:00,136.4600067138672,136.4600067138672,136.39999389648438,136.41000366210938,2585,0.0,0.0
2024-08-15 14:28:00-04:00,136.39999389648438,136.39999389648438,136.3800048828125,136.3800048828125,2174,0.0,0.0
2024-08-15 14:29:00-04:00,136.38999938964844,136.47999572753906,136.38999938964844,136.4499969482422,3903,0.0,0.0
2024-08-15 14:30:00-04:00,136.4550018310547,136.47000122070312,136.4550018310547,136.46969604492188,2867,0.0,0.0
2024-08-15 14:31:00-04:00,136.44000244140625,136.4499969482422,136.41000366210938,136.42999267578125,4007,0.0,0.0
2024-08-15 14:32:00-04:00,136.38999938964844,136.44979858398438,136.38999938964844,136.44979858398438,5267,0.0,0.0
2024-08-15 14:33:00-04:00,136.4550018310547,136.46499633789062,136.44000244140625,136.46499633789062,3875,0.0,0.0
2024-08-15 14:34:00-04:00,136.4499969482422,136.47000122070312,136.4499969482422,136.4600067138672,3968,0.0,0.0
2024-08-15 14:35:00-04:00,136.4600067138672,136.49000549316406,136.42999267578125,136.44500732421875,5950,0.0,0.0
2024-08-15 14:36:00-04:00,136.4499969482422,136.46499633789062,136.44000244140625,136.46499633789062,3357,0.0,0.0
2024-08-15 14:37:00-04:00,136.4709014892578,136.4709014892578,136.38999938964844,136.38999938964844,4037,0.0,0.0
2024-08-15 14:38:00-04:00,136.39500427246094,136.44000244140625,136.39500427246094,136.4199981689453,3592,0.0,0.0
2024-08-15 14:39:00-04:00,136.41000366210938,136.44000244140625,136.39500427246094,136.44000244140625,2311,0.0,0.0
2024-08-15 14:40:00-04:00,136.44500732421875,136.5,136.42999267578125,136.47000122070312,27589,0.0,0.0
2024-08-15 14:41:00-04:00,136.5,136.57000732421875,136.4949951171875,136.57000732421875,3655,0.0,0.0
2024-08-15 14:42:00-04:00,136.5800018310547,136.58999633789062,136.57000732421875,136.58999633789062,1621,0.0,0.0
2024-08-15 14:43:00-04:00,136.58999633789062,136.6199951171875,136.5800018310547,136.60000610351562,2846,0.0,0.0
2024-08-15 14:44:00-04:00,136.61500549316406,136.71499633789062,136.61500549316406,136.7050018310547,21854,0.0,0.0
2024-08-15 14:45:00-04:00,136.71249389648438,136.71249389648438,136.6199951171875,136.6199951171875,6270,0.0,0.0
2024-08-15 14:46:00-04:00,136.61000061035156,136.6199951171875,136.5800018310547,136.58290100097656,3322,0.0,0.0
2024-08-15 14:47:00-04:00,136.5800018310547,136.6300048828125,136.55999755859375,136.61500549316406,3798,0.0,0.0
2024-08-15 14:48:00-04:00,136.6199951171875,136.625,136.60000610351562,136.60499572753906,3513,0.0,0.0
2024-08-15 14:49:00-04:00,136.61000061035156,136.6750030517578,136.60000610351562,136.64999389648438,5655,0.0,0.0
2024-08-15 14:50:00-04:00,136.63999938964844,136.63999938964844,136.5500030517578,136.57000732421875,4131,0.0,0.0
2024-08-15 14:51:00-04:00,136.55999755859375,136.5800018310547,136.51499938964844,136.54469299316406,20123,0.0,0.0
2024-08-15 14:52:00-04:00,136.5399932861328,136.5399932861328,136.4709930419922,136.5,3932,0.0,0.0
2024-08-15 14:53:00-04:00,136.47999572753906,136.51519775390625,136.47999572753906,136.51519775390625,1548,0.0,0.0
2024-08-15 14:54:00-04:00,136.49009704589844,136.5511016845703,136.49009704589844,136.52999877929688,4295,0.0,0.0
2024-08-15 14:55:00-04:00,136.52000427246094,136.52999877929688,136.52000427246094,136.52999877929688,4993,0.0,0.0
2024-08-15 14:56:00-04:00,136.50999450683594,136.50999450683594,136.47000122070312,136.49000549316406,1951,0.0,0.0
2024-08-15 14:57:00-04:00,136.4949951171875,136.5500030517578,136.4949951171875,136.5399932861328,2940,0.0,0.0
2024-08-15 14:58:00-04:00,136.5399932861328,136.55679321289062,136.52999877929688,136.53500366210938,3942,0.0,0.0
2024-08-15 14:59:00-04:00,136.5500030517578,136.57000732421875,136.5399932861328,136.5500030517578,3125,0.0,0.0
2024-08-15 15:00:00-04:00,136.5500030517578,136.55499267578125,136.47500610351562,136.47999572753906,9139,0.0,0.0
2024-08-15 15:01:00-04:00,136.49000549316406,136.58999633789062,136.49000549316406,136.5500030517578,4978,0.0,0.0
2024-08-15 15:02:00-04:00,136.55999755859375,136.60000610351562,136.5399932861328,136.58299255371094,3380,0.0,0.0
2024-08-15 15:03:00-04:00,136.58999633789062,136.58999633789062,136.55999755859375,136.5778045654297,4208,0.0,0.0
2024-08-15 15:04:00-04:00,136.5850067138672,136.60000610351562,136.55999755859375,136.58999633789062,6925,0.0,0.0
2024-08-15 15:05:00-04:00,136.59500122070312,136.61000061035156,136.5800018310547,136.5800018310547,2643,0.0,0.0
2024-08-15 15:06:00-04:00,136.60000610351562,136.6199951171875,136.58999633789062,136.61000061035156,5493,0.0,0.0
2024-08-15 15:07:00-04:00,136.6199951171875,136.65499877929688,136.61000061035156,136.64999389648438,5390,0.0,0.0
2024-08-15 15:08:00-04:00,136.66000366210938,136.67999267578125,136.6300048828125,136.67999267578125,6849,0.0,0.0
2024-08-15 15:09:00-04:00,136.69000244140625,136.6999969482422,136.66000366210938,136.6699981689453,12801,0.0,0.0
2024-08-15 15:10:00-04:00,136.64999389648438,136.64999389648438,136.60879516601562,136.61000061035156,8213,0.0,0.0
2024-08-15 15:11:00-04:00,136.61000061035156,136.6300048828125,136.60000610351562,136.6199951171875,8504,0.0,0.0
2024-08-15 15:12:00-04:00,136.6300048828125,136.6300048828125,136.55999755859375,136.58999633789062,8713,0.0,0.0
2024-08-15 15:13:00-04:00,136.57000732421875,136.6199951171875,136.55999755859375,136.6199951171875,5396,0.0,0.0
2024-08-15 15:14:00-04:00,136.61000061035156,136.6300048828125,136.60000610351562,136.6199951171875,9126,0.0,0.0
2024-08-15 15:15:00-04:00,136.61000061035156,136.6501007080078,136.60000610351562,136.6199951171875,8064,0.0,0.0
2024-08-15 15:16:00-04:00,136.63999938964844,136.7100067138672,136.6260986328125,136.7100067138672,8277,0.0,0.0
2024-08-15 15:17:00-04:00,136.6999969482422,136.77000427246094,136.6999969482422,136.75,5331,0.0,0.0
2024-08-15 15:18:00-04:00,136.77420043945312,136.77420043945312,136.74000549316406,136.75,5974,0.0,0.0
2024-08-15 15:19:00-04:00,136.75999450683594,136.7926025390625,136.7100067138672,136.7100067138672,9162,0.0,0.0
2024-08-15 15:20:00-04:00,136.7200927734375,136.77999877929688,136.7200927734375,136.74000549316406,8721,0.0,0.0
2024-08-15 15:21:00-04:00,136.75,136.82000732421875,136.75,136.80999755859375,7165,0.0,0.0
2024-08-15 15:22:00-04:00,136.8000030517578,136.80999755859375,136.78500366210938,136.8000030517578,6349,0.0,0.0
2024-08-15 15:23:00-04:00,136.8000030517578,136.83079528808594,136.8000030517578,136.83079528808594,5046,0.0,0.0
2024-08-15 15:24:00-04:00,136.82000732421875,136.83999633789062,136.82000732421875,136.8300018310547,7380,0.0,0.0
2024-08-15 15:25:00-04:00,136.82000732421875,136.82000732421875,136.7772979736328,136.8000030517578,8674,0.0,0.0
2024-08-15 15:26:00-04:00,136.81289672851562,136.81500244140625,136.7899932861328,136.7899932861328,5928,0.0,0.0
2024-08-15 15:27:00-04:00,136.7949981689453,136.7949981689453,136.74000549316406,136.75,7926,0.0,0.0
2024-08-15 15:28:00-04:00,136.75,136.75999450683594,136.74000549316406,136.74000549316406,4253,0.0,0.0
2024-08-15 15:29:00-04:00,136.74000549316406,136.8009033203125,136.74000549316406,136.77000427246094,7738,0.0,0.0
2024-08-15 15:30:00-04:00,136.75999450683594,136.75999450683594,136.68499755859375,136.72000122070312,12082,0.0,0.0
2024-08-15 15:31:00-04:00,136.74000549316406,136.77000427246094,136.7050018310547,136.7100067138672,9040,0.0,0.0
2024-08-15 15:32:00-04:00,136.72999572753906,136.77999877929688,136.72999572753906,136.77000427246094,5007,0.0,0.0
2024-08-15 15:33:00-04:00,136.77000427246094,136.80999755859375,136.75,136.76499938964844,9383,0.0,0.0
2024-08-15 15:34:00-04:00,136.77999877929688,136.8000030517578,136.7550048828125,136.7550048828125,9409,0.0,0.0
2024-08-15 15:35:00-04:00,136.7550048828125,136.7949981689453,136.6999969482422,136.6999969482422,7154,0.0,0.0
2024-08-15 15:36:00-04:00,136.7100067138672,136.7100067138672,136.64999389648438,136.68350219726562,11372,0.0,0.0
2024-08-15 15:37:00-04:00,136.67999267578125,136.72500610351562,136.66000366210938,136.72500610351562,7709,0.0,0.0
2024-08-15 15:38:00-04:00,136.74000549316406,136.75,136.69009399414062,136.6999969482422,7795,0.0,0.0
2024-08-15 15:39:00-04:00,136.6999969482422,136.6999969482422,136.6699981689453,136.69000244140625,7571,0.0,0.0
2024-08-15 15:40:00-04:00,136.6999969482422,136.7050018310547,136.6699981689453,136.7050018310547,10330,0.0,0.0
2024-08-15 15:41:00-04:00,136.7050018310547,136.71499633789062,136.63999938964844,136.63999938964844,6577,0.0,0.0
2024-08-15 15:42:00-04:00,136.64999389648438,136.6699981689453,136.61000061035156,136.64999389648438,15109,0.0,0.0
2024-08-15 15:43:00-04:00,136.65660095214844,136.67999267578125,136.63999938964844,136.66000366210938,7585,0.0,0.0
2024-08-15 15:44:00-04:00,136.6699981689453,136.6999969482422,136.66000366210938,136.66000366210938,11961,0.0,0.0
2024-08-15 15:45:00-04:00,136.64999389648438,136.67999267578125,136.61000061035156,136.63999938964844,18707,0.0,0.0
2024-08-15 15:46:00-04:00,136.64999389648438,136.6699981689453,136.59500122070312,136.64999389648438,12776,0.0,0.0
2024-08-15 15:47:00-04:00,136.64999389648438,136.75999450683594,136.64999389648438,136.7550048828125,14358,0.0,0.0
2024-08-15 15:48:00-04:00,136.75,136.75,136.64999389648438,136.73500061035156,14888,0.0,0.0
2024-08-15 15:49:00-04:00,136.77000427246094,136.7772979736328,136.6699981689453,136.6999969482422,12523,0.0,0.0
2024-08-15 15:50:00-04:00,136.67999267578125,136.76699829101562,136.5399932861328,136.69000244140625,27557,0.0,0.0
2024-08-15 15:51:00-04:00,136.69000244140625,136.69000244140625,136.5850067138672,136.6649932861328,21282,0.0,0.0
2024-08-15 15:52:00-04:00,136.66000366210938,136.66000366210938,136.5500030517578,136.58999633789062,14415,0.0,0.0
2024-08-15 15:53:00-04:00,136.5800018310547,136.6300048828125,136.57000732421875,136.61500549316406,18503,0.0,0.0
2024-08-15 15:54:00-04:00,136.61000061035156,136.64500427246094,136.58999633789062,136.625,27151,0.0,0.0
2024-08-15 15:55:00-04:00,136.63999938964844,136.80999755859375,136.63999938964844,136.7100067138672,42919,0.0,0.0
2024-08-15 15:56:00-04:00,136.6999969482422,136.82000732421875,136.64999389648438,136.8000030517578,35931,0.0,0.0
2024-08-15 15:57:00-04:00,136.8000030517578,136.8699951171875,136.75,136.77000427246094,47520,0.0,0.0
2024-08-15 15:58:00-04:00,136.75999450683594,136.75999450683594,136.65499877929688,136.71009826660156,49002,0.0,0.0
2024-08-15 15:59:00-04:00,136.72000122070312,136.97000122070312,136.72000122070312,136.94000244140625,105718,0.0,0.0
2024-08-16 09:30:00-04:00,136.7899932861328,137.09500122070312,136.38999938964844,136.5500030517578,277093,0.0,0.0
2024-08-16 09:31:00-04:00,136.5800018310547,136.60000610351562,136.49200439453125,136.49200439453125,7940,0.0,0.0
2024-08-16 09:32:00-04:00,136.47000122070312,136.66000366210938,136.47000122070312,136.66000366210938,3997,0.0,0.0
2024-08-16 09:33:00-04:00,136.7100067138672,136.7100067138672,136.55999755859375,136.55999755859375,6996,0.0,0.0
2024-08-16 09:34:00-04:00,136.5800018310547,136.6199951171875,136.52499389648438,136.57000732421875,5844,0.0,0.0
2024-08-16 09:35:00-04:00,136.59010314941406,136.72000122070312,136.5500030517578,136.63999938964844,11093,0.0,0.0
2024-08-16 09:36:00-04:00,136.63999938964844,136.67250061035156,136.55999755859375,136.55999755859375,12121,0.0,0.0
2024-08-16 09:37:00-04:00,136.55999755859375,136.64500427246094,136.55999755859375,136.58999633789062,2972,0.0,0.0
2024-08-16 09:38:00-04:00,136.63999938964844,136.64999389648438,136.44000244140625,136.44000244140625,8609,0.0,0.0
2024-08-16 09:39:00-04:00,136.48500061035156,136.6300048828125,136.47999572753906,136.4949951171875,10203,0.0,0.0
2024-08-16 09:40:00-04:00,136.5800018310547,136.58999633789062,136.57000732421875,136.57000732421875,2510,0.0,0.0
2024-08-16 09:41:00-04:00,136.55999755859375,136.61000061035156,136.50999450683594,136.52000427246094,7538,0.0,0.0
2024-08-16 09:42:00-04:00,136.52000427246094,136.57000732421875,136.52000427246094,136.57000732421875,1088,0.0,0.0
2024-08-16 09:43:00-04:00,136.57940673828125,136.58999633789062,136.5,136.5,11847,0.0,0.0
2024-08-16 09:44:00-04:00,136.50999450683594,136.67999267578125,136.50999450683594,136.64999389648438,13186,0.0,0.0
2024-08-16 09:45:00-04:00,136.67999267578125,136.75999450683594,136.66000366210938,136.75999450683594,3813,0.0,0.0
2024-08-16 09:46:00-04:00,136.85000610351562,136.97000122070312,136.82000732421875,136.94000244140625,11874,0.0,0.0
2024-08-16 09:47:00-04:00,136.9600067138672,136.99000549316406,136.85000610351562,136.89500427246094,8431,0.0,0.0
2024-08-16 09:48:00-04:00,136.86000061035156,136.9499969482422,136.85000610351562,136.94000244140625,3792,0.0,0.0
2024-08-16 09:49:00-04:00,136.9199981689453,136.97500610351562,136.9199981689453,136.9499969482422,13480,0.0,0.0
2024-08-16 09:50:00-04:00,136.9600067138672,137.08999633789062,136.9600067138672,136.97000122070312,11882,0.0,0.0
2024-08-16 09:51:00-04:00,137.05999755859375,137.08999633789062,136.97999572753906,137.08999633789062,10714,0.0,0.0
2024-08-16 09:52:00-04:00,137.10000610351562,137.1199951171875,137.0,137.08999633789062,7456,0.0,0.0
2024-08-16 09:53:00-04:00,137.11000061035156,137.1199951171875,137.0050048828125,137.02999877929688,5062,0.0,0.0
2024-08-16 09:54:00-04:00,137.05999755859375,137.06500244140625,136.97999572753906,137.06500244140625,10309,0.0,0.0
2024-08-16 09:55:00-04:00,137.07000732421875,137.07000732421875,136.90499877929688,136.92999267578125,11504,0.0,0.0
2024-08-16 09:56:00-04:00,136.9499969482422,137.0749969482422,136.9499969482422,137.0399932861328,5066,0.0,0.0
2024-08-16 09:57:00-04:00,137.0500030517578,137.0850067138672,137.0500030517578,137.0800018310547,1722,0.0,0.0
2024-08-16 09:58:00-04:00,137.0800018310547,137.14999389648438,137.0399932861328,137.1300048828125,11278,0.0,0.0
2024-08-16 09:59:00-04:00,137.1199951171875,137.14999389648438,137.0800018310547,137.13499450683594,13471,0.0,0.0
2024-08-16 10:00:00-04:00,137.1199951171875,137.3000030517578,137.1199951171875,137.26759338378906,23021,0.0,0.0
2024-08-16 10:01:00-04:00,137.22999572753906,137.27000427246094,137.14999389648438,137.24400329589844,7593,0.0,0.0
2024-08-16 10:02:00-04:00,137.22000122070312,137.3300018310547,137.1750030517578,137.2100067138672,31455,0.0,0.0
2024-08-16 10:03:00-04:00,137.19000244140625,137.19500732421875,137.10000610351562,137.14999389648438,13310,0.0,0.0
2024-08-16 10:04:00-04:00,137.1199951171875,137.1300048828125,137.0500030517578,137.1300048828125,6620,0.0,0.0
2024-08-16 10:05:00-04:00,137.10499572753906,137.3000030517578,137.0800018310547,137.25999450683594,11356,0.0,0.0
2024-08-16 10:06:00-04:00,137.27999877929688,137.30999755859375,137.24000549316406,137.2550048828125,6387,0.0,0.0
2024-08-16 10:07:00-04:00,137.27999877929688,137.35000610351562,137.25999450683594,137.29530334472656,13620,0.0,0.0
2024-08-16 10:08:00-04:00,137.30999755859375,137.39999389648438,137.2899932861328,137.36000061035156,8140,0.0,0.0
2024-08-16 10:09:00-04:00,137.35000610351562,137.3699951171875,137.22999572753906,137.27000427246094,8438,0.0,0.0
2024-08-16 10:10:00-04:00,137.25999450683594,137.25999450683594,137.17999267578125,137.20120239257812,5044,0.0,0.0
2024-08-16 10:11:00-04:00,137.2100067138672,137.21499633789062,137.1300048828125,137.17520141601562,4698,0.0,0.0
2024-08-16 10:12:00-04:00,137.16000366210938,137.16000366210938,137.07000732421875,137.07000732421875,2480,0.0,0.0
2024-08-16 10:13:00-04:00,137.08999633789062,137.11500549316406,137.0,137.11500549316406,6761,0.0,0.0
2024-08-16 10:14:00-04:00,137.10479736328125,137.11000061035156,137.0399932861328,137.07000732421875,7345,0.0,0.0
2024-08-16 10:15:00-04:00,137.0800018310547,137.1999969482422,137.0800018310547,137.1999969482422,8192,0.0,0.0
2024-08-16 10:16:00-04:00,137.22500610351562,137.22500610351562,137.14999389648438,137.2100067138672,6899,0.0,0.0
2024-08-16 10:17:00-04:00,137.1999969482422,137.28750610351562,137.17999267578125,137.28750610351562,4253,0.0,0.0
2024-08-16 10:18:00-04:00,137.27000427246094,137.30999755859375,137.23500061035156,137.30999755859375,4839,0.0,0.0
2024-08-16 10:19:00-04:00,137.27999877929688,137.32000732421875,137.25999450683594,137.27999877929688,4792,0.0,0.0
2024-08-16 10:20:00-04:00,137.25999450683594,137.32000732421875,137.22000122070312,137.22000122070312,8710,0.0,0.0
2024-08-16 10:21:00-04:00,137.22000122070312,137.24000549316406,137.1999969482422,137.23500061035156,3054,0.0,0.0
2024-08-16 10:22:00-04:00,137.24989318847656,137.25999450683594,137.1999969482422,137.24000549316406,5751,0.0,0.0
2024-08-16 10:23:00-04:00,137.24000549316406,137.31500244140625,137.24000549316406,137.3000030517578,8764,0.0,0.0
2024-08-16 10:24:00-04:00,137.2899932861328,137.30499267578125,137.27499389648438,137.3000030517578,3408,0.0,0.0
2024-08-16 10:25:00-04:00,137.2899932861328,137.2899932861328,137.2342071533203,137.25799560546875,6960,0.0,0.0
2024-08-16 10:26:00-04:00,137.25,137.27000427246094,137.16000366210938,137.16000366210938,5329,0.0,0.0
2024-08-16 10:27:00-04:00,137.1750030517578,137.19000244140625,137.14999389648438,137.19000244140625,2060,0.0,0.0
2024-08-16 10:28:00-04:00,137.1699981689453,137.27169799804688,137.1699981689453,137.27169799804688,3832,0.0,0.0
2024-08-16 10:29:00-04:00,137.2677001953125,137.27499389648438,137.16000366210938,137.16000366210938,7906,0.0,0.0
2024-08-16 10:30:00-04:00,137.1999969482422,137.25,137.19000244140625,137.24000549316406,10031,0.0,0.0
2024-08-16 10:31:00-04:00,137.22000122070312,137.30999755859375,137.22000122070312,137.27999877929688,4171,0.0,0.0
2024-08-16 10:32:00-04:00,137.25999450683594,137.2899932861328,137.19000244140625,137.19000244140625,6431,0.0,0.0
2024-08-16 10:33:00-04:00,137.19500732421875,137.22999572753906,137.16000366210938,137.21499633789062,1857,0.0,0.0
2024-08-16 10:34:00-04:00,137.22999572753906,137.29330444335938,137.22999572753906,137.27999877929688,6900,0.0,0.0
2024-08-16 10:35:00-04:00,137.2899932861328,137.3155059814453,137.25,137.3155059814453,9797,0.0,0.0
2024-08-16 10:36:00-04:00,137.30499267578125,137.39999389648438,137.30499267578125,137.33999633789062,6674,0.0,0.0
2024-08-16 10:37:00-04:00,137.34500122070312,137.42999267578125,137.34500122070312,137.3699951171875,12698,0.0,0.0
2024-08-16 10:38:00-04:00,137.41000366210938,137.4600067138672,137.41000366210938,137.44000244140625,11554,0.0,0.0
2024-08-16 10:39:00-04:00,137.44110107421875,137.52499389648438,137.42999267578125,137.47000122070312,10211,0.0,0.0
2024-08-16 10:40:00-04:00,137.46499633789062,137.52000427246094,137.44000244140625,137.4949951171875,12373,0.0,0.0
2024-08-16 10:41:00-04:00,137.4949951171875,137.52999877929688,137.4499969482422,137.50999450683594,6392,0.0,0.0
2024-08-16 10:42:00-04:00,137.51499938964844,137.57000732421875,137.50999450683594,137.53500366210938,7294,0.0,0.0
2024-08-16 10:43:00-04:00,137.5500030517578,137.6300048828125,137.5399932861328,137.59840393066406,11584,0.0,0.0
2024-08-16 10:44:00-04:00,137.61000061035156,137.6199951171875,137.5800018310547,137.6199951171875,4775,0.0,0.0
2024-08-16 10:45:00-04:00,137.60499572753906,137.7100067138672,137.58999633789062,137.7100067138672,9247,0.0,0.0
2024-08-16 10:46:00-04:00,137.69000244140625,137.75999450683594,137.67999267578125,137.75,8260,0.0,0.0
2024-08-16 10:47:00-04:00,137.77000427246094,137.82000732421875,137.68499755859375,137.6999969482422,19359,0.0,0.0
2024-08-16 10:48:00-04:00,137.68499755859375,137.74000549316406,137.56370544433594,137.57000732421875,18135,0.0,0.0
2024-08-16 10:49:00-04:00,137.58999633789062,137.58999633789062,137.4199981689453,137.52000427246094,8128,0.0,0.0
2024-08-16 10:50:00-04:00,137.5500030517578,137.5800018310547,137.52999877929688,137.5399932861328,5630,0.0,0.0
2024-08-16 10:51:00-04:00,137.55499267578125,137.6300048828125,137.5500030517578,137.61500549316406,5740,0.0,0.0
2024-08-16 10:52:00-04:00,137.63999938964844,137.66000366210938,137.58999633789062,137.64999389648438,5544,0.0,0.0
2024-08-16 10:53:00-04:00,137.7050018310547,137.72000122070312,137.6199951171875,137.6199951171875,6313,0.0,0.0
2024-08-16 10:54:00-04:00,137.60000610351562,137.60000610351562,137.4600067138672,137.52999877929688,6055,0.0,0.0
2024-08-16 10:55:00-04:00,137.52999877929688,137.57000732421875,137.47999572753906,137.5345001220703,6133,0.0,0.0
2024-08-16 10:56:00-04:00,137.5850067138672,137.63499450683594,137.55999755859375,137.63499450683594,5583,0.0,0.0
2024-08-16 10:57:00-04:00,137.6199951171875,137.6699981689453,137.6199951171875,137.63999938964844,5642,0.0,0.0
2024-08-16 10:58:00-04:00,137.6199951171875,137.63180541992188,137.5749969482422,137.5800018310547,6699,0.0,0.0
2024-08-16 10:59:00-04:00,137.5771026611328,137.6199951171875,137.5500030517578,137.61000061035156,3074,0.0,0.0
2024-08-16 11:00:00-04:00,137.57000732421875,137.61000061035156,137.55999755859375,137.5800018310547,3634,0.0,0.0
2024-08-16 11:01:00-04:00,137.56500244140625,137.60000610351562,137.49000549316406,137.60000610351562,9320,0.0,0.0
2024-08-16 11:02:00-04:00,137.57000732421875,137.5800018310547,137.5500030517578,137.5749969482422,3417,0.0,0.0
2024-08-16 11:03:00-04:00,137.58999633789062,137.66000366210938,137.58999633789062,137.66000366210938,3453,0.0,0.0
2024-08-16 11:04:00-04:00,137.6649932861328,137.6699981689453,137.58999633789062,137.6699981689453,5619,0.0,0.0
2024-08-16 11:05:00-04:00,137.6649932861328,137.6999053955078,137.58999633789062,137.6300048828125,6375,0.0,0.0
2024-08-16 11:06:00-04:00,137.64999389648438,137.67999267578125,137.63999938964844,137.67999267578125,1463,0.0,0.0
2024-08-16 11:07:00-04:00,137.7147979736328,137.7281951904297,137.64500427246094,137.7100067138672,5022,0.0,0.0
2024-08-16 11:08:00-04:00,137.6999969482422,137.77000427246094,137.6999969482422,137.76499938964844,2294,0.0,0.0
2024-08-16 11:09:00-04:00,137.77490234375,137.77490234375,137.66000366210938,137.69000244140625,4218,0.0,0.0
2024-08-16 11:10:00-04:00,137.67999267578125,137.67999267578125,137.5800018310547,137.5800018310547,5841,0.0,0.0
2024-08-16 11:11:00-04:00,137.57009887695312,137.61000061035156,137.57009887695312,137.61000061035156,2526,0.0,0.0
2024-08-16 11:12:00-04:00,137.6300048828125,137.63999938964844,137.5417938232422,137.55499267578125,5825,0.0,0.0
2024-08-16 11:13:00-04:00,137.5500030517578,137.63999938964844,137.52999877929688,137.6199951171875,5121,0.0,0.0
2024-08-16 11:14:00-04:00,137.62010192871094,137.64999389648438,137.5850067138672,137.6199951171875,4903,0.0,0.0
2024-08-16 11:15:00-04:00,137.58999633789062,137.6204071044922,137.55999755859375,137.61680603027344,3570,0.0,0.0
2024-08-16 11:16:00-04:00,137.6300048828125,137.63999938964844,137.5399932861328,137.564697265625,4545,0.0,0.0
2024-08-16 11:17:00-04:00,137.55499267578125,137.6199951171875,137.52499389648438,137.55999755859375,3685,0.0,0.0
2024-08-16 11:18:00-04:00,137.61000061035156,137.64999389648438,137.57000732421875,137.57000732421875,3003,0.0,0.0
2024-08-16 11:19:00-04:00,137.5800018310547,137.6999969482422,137.5800018310547,137.6699981689453,17905,0.0,0.0
2024-08-16 11:20:00-04:00,137.6699981689453,137.68499755859375,137.5800018310547,137.58999633789062,7290,0.0,0.0
2024-08-16 11:21:00-04:00,137.5800018310547,137.60000610351562,137.52999877929688,137.55499267578125,6552,0.0,0.0
2024-08-16 11:22:00-04:00,137.52999877929688,137.57000732421875,137.49000549316406,137.5399932861328,7107,0.0,0.0
2024-08-16 11:23:00-04:00,137.52999877929688,137.55999755859375,137.4499969482422,137.49000549316406,14499,0.0,0.0
2024-08-16 11:24:00-04:00,137.47000122070312,137.52999877929688,137.47000122070312,137.47000122070312,12130,0.0,0.0
2024-08-16 11:25:00-04:00,137.47000122070312,137.52000427246094,137.42999267578125,137.49000549316406,16196,0.0,0.0
2024-08-16 11:26:00-04:00,137.49000549316406,137.52000427246094,137.42999267578125,137.47000122070312,17184,0.0,0.0
2024-08-16 11:27:00-04:00,137.45779418945312,137.61000061035156,137.45779418945312,137.58999633789062,11294,0.0,0.0
2024-08-16 11:28:00-04:00,137.5749969482422,137.5749969482422,137.47999572753906,137.5030059814453,4700,0.0,0.0
2024-08-16 11:29:00-04:00,137.50999450683594,137.50999450683594,137.41000366210938,137.4199981689453,8314,0.0,0.0
2024-08-16 11:30:00-04:00,137.39999389648438,137.47000122070312,137.39999389648438,137.42999267578125,8218,0.0,0.0
2024-08-16 11:31:00-04:00,137.42999267578125,137.42999267578125,137.35000610351562,137.3699951171875,11242,0.0,0.0
2024-08-16 11:32:00-04:00,137.38999938964844,137.38999938964844,137.36000061035156,137.3699951171875,9903,0.0,0.0
2024-08-16 11:33:00-04:00,137.3699951171875,137.3800048828125,137.25,137.2899932861328,11553,0.0,0.0
2024-08-16 11:34:00-04:00,137.2899932861328,137.42999267578125,137.2899932861328,137.39999389648438,11380,0.0,0.0
2024-08-16 11:35:00-04:00,137.40499877929688,137.44000244140625,137.3800048828125,137.39199829101562,8553,0.0,0.0
2024-08-16 11:36:00-04:00,137.39999389648438,137.47999572753906,137.39999389648438,137.4499969482422,10310,0.0,0.0
2024-08-16 11:37:00-04:00,137.4600067138672,137.52999877929688,137.44000244140625,137.52000427246094,9439,0.0,0.0
2024-08-16 11:38:00-04:00,137.50999450683594,137.5399932861328,137.49000549316406,137.5,4604,0.0,0.0
2024-08-16 11:39:00-04:00,137.5,137.5399932861328,137.5,137.52000427246094,12081,0.0,0.0
2024-08-16 11:40:00-04:00,137.52999877929688,137.55999755859375,137.50999450683594,137.55999755859375,11629,0.0,0.0
2024-08-16 11:41:00-04:00,137.55999755859375,137.6300048828125,137.55999755859375,137.6300048828125,10587,0.0,0.0
2024-08-16 11:42:00-04:00,137.6219940185547,137.63999938964844,137.5800018310547,137.61000061035156,12796,0.0,0.0
2024-08-16 11:43:00-04:00,137.61000061035156,137.6199951171875,137.58889770507812,137.6199951171875,4795,0.0,0.0
2024-08-16 11:44:00-04:00,137.61000061035156,137.64999389648438,137.61000061035156,137.61500549316406,9486,0.0,0.0
2024-08-16 11:45:00-04:00,137.61500549316406,137.61500549316406,137.5399932861328,137.55999755859375,6353,0.0,0.0
2024-08-16 11:46:00-04:00,137.5399932861328,137.6199951171875,137.52000427246094,137.6199951171875,15577,0.0,0.0
2024-08-16 11:47:00-04:00,137.58999633789062,137.61000061035156,137.5800018310547,137.61000061035156,11919,0.0,0.0
2024-08-16 11:48:00-04:00,137.60000610351562,137.60499572753906,137.52999877929688,137.5500030517578,4934,0.0,0.0
2024-08-16 11:49:00-04:00,137.52000427246094,137.5399932861328,137.49000549316406,137.49000549316406,6565,0.0,0.0
2024-08-16 11:50:00-04:00,137.49000549316406,137.49000549316406,137.36000061035156,137.36000061035156,8856,0.0,0.0
2024-08-16 11:51:00-04:00,137.3773956298828,137.4250030517578,137.33009338378906,137.4250030517578,12084,0.0,0.0
2024-08-16 11:52:00-04:00,137.4340057373047,137.49000549316406,137.4340057373047,137.49000549316406,3099,0.0,0.0
2024-08-16 11:53:00-04:00,137.47000122070312,137.49000549316406,137.47000122070312,137.47999572753906,6940,0.0,0.0
2024-08-16 11:54:00-04:00,137.47000122070312,137.52000427246094,137.47000122070312,137.51499938964844,7498,0.0,0.0
2024-08-16 11:55:00-04:00,137.52000427246094,137.52000427246094,137.4600067138672,137.4600067138672,8368,0.0,0.0
2024-08-16 11:56:00-04:00,137.4600067138672,137.49000549316406,137.42999267578125,137.4600067138672,7407,0.0,0.0
2024-08-16 11:57:00-04:00,137.4600067138672,137.5500030517578,137.41000366210938,137.5500030517578,12310,0.0,0.0
2024-08-16 11:58:00-04:00,137.52999877929688,137.5399932861328,137.49000549316406,137.50999450683594,7443,0.0,0.0
2024-08-16 11:59:00-04:00,137.50999450683594,137.55999755859375,137.47000122070312,137.52999877929688,12604,0.0,0.0
2024-08-16 12:00:00-04:00,137.50999450683594,137.50999450683594,137.44000244140625,137.44000244140625,5136,0.0,0.0
2024-08-16 12:01:00-04:00,137.4499969482422,137.4499969482422,137.36000061035156,137.36000061035156,5724,0.0,0.0
2024-08-16 12:02:00-04:00,137.36000061035156,137.364501953125,137.32000732421875,137.33999633789062,8024,0.0,0.0
2024-08-16 12:03:00-04:00,137.3300018310547,137.33999633789062,137.27000427246094,137.27000427246094,3571,0.0,0.0
2024-08-16 12:04:00-04:00,137.25999450683594,137.27999877929688,137.1999969482422,137.22000122070312,7486,0.0,0.0
2024-08-16 12:05:00-04:00,137.22999572753906,137.3800048828125,137.22999572753906,137.36000061035156,10401,0.0,0.0
2024-08-16 12:06:00-04:00,137.32000732421875,137.3699951171875,137.25999450683594,137.33999633789062,11465,0.0,0.0
2024-08-16 12:07:00-04:00,137.36500549316406,137.3699951171875,137.33999633789062,137.36500549316406,2104,0.0,0.0
2024-08-16 12:08:00-04:00,137.3800048828125,137.39999389648438,137.375,137.39999389648438,8607,0.0,0.0
2024-08-16 12:09:00-04:00,137.39999389648438,137.41000366210938,137.30999755859375,137.33090209960938,5378,0.0,0.0
2024-08-16 12:10:00-04:00,137.30999755859375,137.35000610351562,137.2899932861328,137.35000610351562,6666,0.0,0.0
2024-08-16 12:11:00-04:00,137.35000610351562,137.3699951171875,137.27000427246094,137.27000427246094,5795,0.0,0.0
2024-08-16 12:12:00-04:00,137.27000427246094,137.2899932861328,137.22000122070312,137.2899932861328,7448,0.0,0.0
2024-08-16 12:13:00-04:00,137.33999633789062,137.52999877929688,137.33999633789062,137.41000366210938,22931,0.0,0.0
2024-08-16 12:14:00-04:00,137.4149932861328,137.4149932861328,137.3699951171875,137.39999389648438,6552,0.0,0.0
2024-08-16 12:15:00-04:00,137.40499877929688,137.4199981689453,137.3800048828125,137.3800048828125,4371,0.0,0.0
2024-08-16 12:16:00-04:00,137.40029907226562,137.42999267578125,137.3800048828125,137.4199981689453,5027,0.0,0.0
2024-08-16 12:17:00-04:00,137.41000366210938,137.42999267578125,137.38999938964844,137.42999267578125,6619,0.0,0.0
2024-08-16 12:18:00-04:00,137.43699645996094,137.4600067138672,137.41000366210938,137.41000366210938,5916,0.0,0.0
2024-08-16 12:19:00-04:00,137.41000366210938,137.4499969482422,137.3699951171875,137.3699951171875,6143,0.0,0.0
2024-08-16 12:20:00-04:00,137.3699951171875,137.41000366210938,137.3300018310547,137.3300018310547,7554,0.0,0.0
2024-08-16 12:21:00-04:00,137.3350067138672,137.36000061035156,137.30999755859375,137.35000610351562,7685,0.0,0.0
2024-08-16 12:22:00-04:00,137.33999633789062,137.35000610351562,137.30999755859375,137.30999755859375,3230,0.0,0.0
2024-08-16 12:23:00-04:00,137.30999755859375,137.32000732421875,137.27999877929688,137.3000030517578,8986,0.0,0.0
2024-08-16 12:24:00-04:00,137.2801055908203,137.2899932861328,137.27000427246094,137.2899932861328,6175,0.0,0.0
2024-08-16 12:25:00-04:00,137.27999877929688,137.2899932861328,137.17999267578125,137.17999267578125,6489,0.0,0.0
2024-08-16 12:26:00-04:00,137.17999267578125,137.2100067138672,137.1699981689453,137.1999969482422,7604,0.0,0.0
2024-08-16 12:27:00-04:00,137.2100067138672,137.25,137.2100067138672,137.22000122070312,6660,0.0,0.0
2024-08-16 12:28:00-04:00,137.22999572753906,137.24000549316406,137.22000122070312,137.22999572753906,5353,0.0,0.0
2024-08-16 12:29:00-04:00,137.22999572753906,137.27999877929688,137.22000122070312,137.27999877929688,8944,0.0,0.0
2024-08-16 12:30:00-04:00,137.27999877929688,137.3000030517578,137.27000427246094,137.27499389648438,7585,0.0,0.0
2024-08-16 12:31:00-04:00,137.27000427246094,137.2899932861328,137.25,137.2899932861328,8893,0.0,0.0
2024-08-16 12:32:00-04:00,137.2899932861328,137.3000030517578,137.28500366210938,137.2996063232422,5508,0.0,0.0
2024-08-16 12:33:00-04:00,137.3000030517578,137.32000732421875,137.2899932861328,137.30999755859375,7381,0.0,0.0
2024-08-16 12:34:00-04:00,137.3000030517578,137.3699951171875,137.3000030517578,137.3699951171875,14995,0.0,0.0
2024-08-16 12:35:00-04:00,137.35000610351562,137.35000610351562,137.33999633789062,137.35000610351562,1851,0.0,0.0
2024-08-16 12:36:00-04:00,137.36000061035156,137.3699951171875,137.35000610351562,137.35000610351562,9570,0.0,0.0
2024-08-16 12:37:00-04:00,137.36000061035156,137.36000061035156,137.3000030517578,137.30999755859375,9235,0.0,0.0
2024-08-16 12:38:00-04:00,137.3000030517578,137.3000030517578,137.1999969482422,137.2100067138672,6823,0.0,0.0
2024-08-16 12:39:00-04:00,137.1999969482422,137.24000549316406,137.1999969482422,137.21499633789062,9737,0.0,0.0
2024-08-16 12:40:00-04:00,137.2100067138672,137.2100067138672,137.1300048828125,137.1300048828125,5381,0.0,0.0
2024-08-16 12:41:00-04:00,137.1300048828125,137.16000366210938,137.1199951171875,137.14999389648438,708779,0.0,0.0
2024-08-16 12:42:00-04:00,137.16000366210938,137.16000366210938,137.02000427246094,137.05999755859375,18138,0.0,0.0
2024-08-16 12:43:00-04:00,137.07000732421875,137.1199951171875,137.07000732421875,137.07000732421875,12106,0.0,0.0
2024-08-16 12:44:00-04:00,137.0850067138672,137.0850067138672,136.97999572753906,137.0,8053,0.0,0.0
2024-08-16 12:45:00-04:00,136.99000549316406,137.02999877929688,136.9600067138672,136.97000122070312,9080,0.0,0.0
2024-08-16 12:46:00-04:00,136.97000122070312,137.05999755859375,136.97000122070312,137.0500030517578,19893,0.0,0.0
2024-08-16 12:47:00-04:00,137.05999755859375,137.07000732421875,137.01499938964844,137.01499938964844,7160,0.0,0.0
2024-08-16 12:48:00-04:00,137.01499938964844,137.02000427246094,136.91000366210938,136.92010498046875,11432,0.0,0.0
2024-08-16 12:49:00-04:00,136.9499969482422,137.03500366210938,136.9499969482422,137.03500366210938,3143,0.0,0.0
2024-08-16 12:50:00-04:00,137.02000427246094,137.02499389648438,136.94000244140625,136.9499969482422,6658,0.0,0.0
2024-08-16 12:51:00-04:00,136.94000244140625,137.19000244140625,136.92999267578125,137.16000366210938,11744,0.0,0.0
2024-08-16 12:52:00-04:00,137.13999938964844,137.15499877929688,137.08999633789062,137.15499877929688,11032,0.0,0.0
2024-08-16 12:53:00-04:00,137.16000366210938,137.1699981689453,137.16000366210938,137.1699981689453,1357,0.0,0.0
2024-08-16 12:54:00-04:00,137.16000366210938,137.2100067138672,137.13999938964844,137.2100067138672,5743,0.0,0.0
2024-08-16 12:55:00-04:00,137.2100067138672,137.22000122070312,137.18930053710938,137.19500732421875,4963,0.0,0.0
2024-08-16 12:56:00-04:00,137.1999969482422,137.23500061035156,137.19000244140625,137.2050018310547,4505,0.0,0.0
2024-08-16 12:57:00-04:00,137.2050018310547,137.3249969482422,137.2050018310547,137.3249969482422,8271,0.0,0.0
2024-08-16 12:58:00-04:00,137.3300018310547,137.3800048828125,137.30999755859375,137.3249969482422,13221,0.0,0.0
2024-08-16 12:59:00-04:00,137.3249969482422,137.3249969482422,137.27999877929688,137.3000030517578,4868,0.0,0.0
2024-08-16 13:00:00-04:00,137.28500366210938,137.3800048828125,137.28500366210938,137.36500549316406,2820,0.0,0.0
2024-08-16 13:01:00-04:00,137.35000610351562,137.4095001220703,137.30999755859375,137.30999755859375,8037,0.0,0.0
2024-08-16 13:02:00-04:00,137.3300018310547,137.33999633789062,137.27999877929688,137.2949981689453,3615,0.0,0.0
2024-08-16 13:03:00-04:00,137.30499267578125,137.3300018310547,137.30499267578125,137.3249969482422,1668,0.0,0.0
2024-08-16 13:04:00-04:00,137.33999633789062,137.35000610351562,137.30499267578125,137.30499267578125,3112,0.0,0.0
2024-08-16 13:05:00-04:00,137.2899932861328,137.3000030517578,137.2899932861328,137.2949981689453,1860,0.0,0.0
2024-08-16 13:06:00-04:00,137.30999755859375,137.32899475097656,137.2899932861328,137.31500244140625,4452,0.0,0.0
2024-08-16 13:07:00-04:00,137.3300018310547,137.3300018310547,137.3000030517578,137.3000030517578,1832,0.0,0.0
2024-08-16 13:08:00-04:00,137.2899932861328,137.2899932861328,137.19500732421875,137.19500732421875,4657,0.0,0.0
2024-08-16 13:09:00-04:00,137.1999969482422,137.1999969482422,137.1699981689453,137.17999267578125,2218,0.0,0.0
2024-08-16 13:10:00-04:00,137.17999267578125,137.1999969482422,137.17999267578125,137.19000244140625,4057,0.0,0.0
2024-08-16 13:11:00-04:00,137.1999969482422,137.2100067138672,137.17999267578125,137.2050018310547,5778,0.0,0.0
2024-08-16 13:12:00-04:00,137.19000244140625,137.2100067138672,137.19000244140625,137.2100067138672,1225,0.0,0.0
2024-08-16 13:13:00-04:00,137.21499633789062,137.21499633789062,137.1999969482422,137.2100067138672,3306,0.0,0.0
2024-08-16 13:14:00-04:00,137.2100067138672,137.2100067138672,137.1750030517578,137.1750030517578,5500,0.0,0.0
2024-08-16 13:15:00-04:00,137.1699981689453,137.19000244140625,137.14999389648438,137.14999389648438,4247,0.0,0.0
2024-08-16 13:16:00-04:00,137.1649932861328,137.17999267578125,137.14999389648438,137.1699981689453,1919,0.0,0.0
2024-08-16 13:17:00-04:00,137.1667022705078,137.22019958496094,137.1667022705078,137.2050018310547,3965,0.0,0.0
2024-08-16 13:18:00-04:00,137.22000122070312,137.22999572753906,137.2100067138672,137.22000122070312,3264,0.0,0.0
2024-08-16 13:19:00-04:00,137.22000122070312,137.23399353027344,137.2100067138672,137.23399353027344,1458,0.0,0.0
2024-08-16 13:20:00-04:00,137.22000122070312,137.22999572753906,137.19000244140625,137.19500732421875,5866,0.0,0.0
2024-08-16 13:21:00-04:00,137.2100067138672,137.216796875,137.1999969482422,137.1999969482422,2181,0.0,0.0
2024-08-16 13:22:00-04:00,137.19000244140625,137.25,137.17999267578125,137.25,3717,0.0,0.0
2024-08-16 13:23:00-04:00,137.2899932861328,137.2899932861328,137.24000549316406,137.25,3069,0.0,0.0
2024-08-16 13:24:00-04:00,137.2449951171875,137.2449951171875,137.20469665527344,137.20469665527344,2739,0.0,0.0
2024-08-16 13:25:00-04:00,137.21499633789062,137.21499633789062,137.1999969482422,137.2050018310547,3286,0.0,0.0
2024-08-16 13:26:00-04:00,137.2100067138672,137.2100067138672,137.11000061035156,137.1300048828125,5449,0.0,0.0
2024-08-16 13:27:00-04:00,137.10000610351562,137.10000610351562,137.0800018310547,137.10000610351562,1713,0.0,0.0
2024-08-16 13:28:00-04:00,137.07000732421875,137.0850067138672,137.07000732421875,137.0749969482422,1588,0.0,0.0
2024-08-16 13:29:00-04:00,137.0749969482422,137.097900390625,137.05999755859375,137.05999755859375,2249,0.0,0.0
2024-08-16 13:30:00-04:00,137.0850067138672,137.1199951171875,137.0800018310547,137.11000061035156,4982,0.0,0.0
2024-08-16 13:31:00-04:00,137.1199951171875,137.139892578125,137.1199951171875,137.1300048828125,953,0.0,0.0
2024-08-16 13:32:00-04:00,137.13499450683594,137.1999969482422,137.13499450683594,137.1999969482422,6005,0.0,0.0
2024-08-16 13:33:00-04:00,137.19000244140625,137.1999969482422,137.17999267578125,137.1999969482422,5230,0.0,0.0
2024-08-16 13:34:00-04:00,137.2050018310547,137.24000549316406,137.19000244140625,137.19500732421875,5416,0.0,0.0
2024-08-16 13:35:00-04:00,137.2100067138672,137.25,137.2100067138672,137.24000549316406,4674,0.0,0.0
2024-08-16 13:36:00-04:00,137.23500061035156,137.2845001220703,137.23500061035156,137.27499389648438,2629,0.0,0.0
2024-08-16 13:37:00-04:00,137.25999450683594,137.27499389648438,137.25999450683594,137.27499389648438,1490,0.0,0.0
2024-08-16 13:38:00-04:00,137.2899932861328,137.3094940185547,137.27999877929688,137.27999877929688,4279,0.0,0.0
2024-08-16 13:39:00-04:00,137.27000427246094,137.27000427246094,137.22500610351562,137.23500061035156,3626,0.0,0.0
2024-08-16 13:40:00-04:00,137.24000549316406,137.24090576171875,137.2100067138672,137.24000549316406,3439,0.0,0.0
2024-08-16 13:41:00-04:00,137.24000549316406,137.25,137.18499755859375,137.19000244140625,3726,0.0,0.0
2024-08-16 13:42:00-04:00,137.17999267578125,137.19000244140625,137.17999267578125,137.19000244140625,946,0.0,0.0
2024-08-16 13:43:00-04:00,137.17999267578125,137.18499755859375,137.16000366210938,137.17999267578125,2909,0.0,0.0
2024-08-16 13:44:00-04:00,137.21499633789062,137.25,137.21499633789062,137.24000549316406,1698,0.0,0.0
2024-08-16 13:45:00-04:00,137.25999450683594,137.27000427246094,137.24000549316406,137.25,2396,0.0,0.0
2024-08-16 13:46:00-04:00,137.27000427246094,137.27999877929688,137.25999450683594,137.25999450683594,3043,0.0,0.0
2024-08-16 13:47:00-04:00,137.25,137.25,137.22000122070312,137.23399353027344,2188,0.0,0.0
2024-08-16 13:48:00-04:00,137.22000122070312,137.24000549316406,137.1999969482422,137.22000122070312,5328,0.0,0.0
2024-08-16 13:49:00-04:00,137.25,137.32000732421875,137.25,137.32000732421875,2507,0.0,0.0
2024-08-16 13:50:00-04:00,137.33999633789062,137.33999633789062,137.12010192871094,137.13999938964844,10468,0.0,0.0
2024-08-16 13:51:00-04:00,137.13999938964844,137.2050018310547,137.13999938964844,137.19000244140625,3734,0.0,0.0
2024-08-16 13:52:00-04:00,137.1699981689453,137.1699981689453,137.13999938964844,137.13999938964844,11863,0.0,0.0
2024-08-16 13:53:00-04:00,137.13999938964844,137.14999389648438,137.08999633789062,137.13999938964844,4964,0.0,0.0
2024-08-16 13:54:00-04:00,137.1199951171875,137.1300048828125,137.09500122070312,137.10000610351562,1430,0.0,0.0
2024-08-16 13:55:00-04:00,137.10499572753906,137.17999267578125,137.10499572753906,137.17999267578125,4451,0.0,0.0
2024-08-16 13:56:00-04:00,137.17999267578125,137.19000244140625,137.16000366210938,137.16000366210938,4067,0.0,0.0
2024-08-16 13:57:00-04:00,137.16000366210938,137.2100067138672,137.16000366210938,137.2050018310547,3492,0.0,0.0
2024-08-16 13:58:00-04:00,137.22000122070312,137.27000427246094,137.22000122070312,137.25999450683594,2828,0.0,0.0
2024-08-16 13:59:00-04:00,137.27999877929688,137.30999755859375,137.27999877929688,137.3000030517578,5092,0.0,0.0
2024-08-16 14:00:00-04:00,137.3000030517578,137.3000030517578,137.27999877929688,137.2899932861328,8530,0.0,0.0
2024-08-16 14:01:00-04:00,137.27999877929688,137.2899932861328,137.24000549316406,137.2550048828125,5344,0.0,0.0
2024-08-16 14:02:00-04:00,137.24000549316406,137.28500366210938,137.24000549316406,137.27000427246094,6865,0.0,0.0
2024-08-16 14:03:00-04:00,137.26499938964844,137.2899932861328,137.25999450683594,137.27999877929688,3241,0.0,0.0
2024-08-16 14:04:00-04:00,137.27499389648438,137.2899932861328,137.25999450683594,137.2729034423828,1600,0.0,0.0
2024-08-16 14:05:00-04:00,137.2949981689453,137.3249969482422,137.2550048828125,137.25999450683594,10595,0.0,0.0
2024-08-16 14:06:00-04:00,137.25,137.2899932861328,137.25,137.2899932861328,2467,0.0,0.0
2024-08-16 14:07:00-04:00,137.28500366210938,137.32000732421875,137.27000427246094,137.27000427246094,5015,0.0,0.0
2024-08-16 14:08:00-04:00,137.2899932861328,137.2899932861328,137.27000427246094,137.27999877929688,3336,0.0,0.0
2024-08-16 14:09:00-04:00,137.3000030517578,137.32989501953125,137.28500366210938,137.28500366210938,3899,0.0,0.0
2024-08-16 14:10:00-04:00,137.3000030517578,137.30999755859375,137.2949981689453,137.3000030517578,1402,0.0,0.0
2024-08-16 14:11:00-04:00,137.2899932861328,137.35000610351562,137.2899932861328,137.33999633789062,2118,0.0,0.0
2024-08-16 14:12:00-04:00,137.33999633789062,137.3719940185547,137.3350067138672,137.3699951171875,2883,0.0,0.0
2024-08-16 14:13:00-04:00,137.36000061035156,137.3699951171875,137.30999755859375,137.32000732421875,4320,0.0,0.0
2024-08-16 14:14:00-04:00,137.30999755859375,137.33999633789062,137.30999755859375,137.33999633789062,2330,0.0,0.0
2024-08-16 14:15:00-04:00,137.35000610351562,137.38729858398438,137.35000610351562,137.38729858398438,1806,0.0,0.0
2024-08-16 14:16:00-04:00,137.38999938964844,137.39999389648438,137.3699951171875,137.3876953125,3781,0.0,0.0
2024-08-16 14:17:00-04:00,137.3800048828125,137.38499450683594,137.3699951171875,137.3699951171875,4594,0.0,0.0
2024-08-16 14:18:00-04:00,137.3800048828125,137.3800048828125,137.35000610351562,137.35000610351562,2126,0.0,0.0
2024-08-16 14:19:00-04:00,137.35000610351562,137.4499969482422,137.35000610351562,137.4499969482422,2544,0.0,0.0
2024-08-16 14:20:00-04:00,137.4499969482422,137.4550018310547,137.42999267578125,137.4324951171875,5023,0.0,0.0
2024-08-16 14:21:00-04:00,137.439697265625,137.4499969482422,137.4199981689453,137.4499969482422,5199,0.0,0.0
2024-08-16 14:22:00-04:00,137.46499633789062,137.47999572753906,137.4600067138672,137.47999572753906,1253,0.0,0.0
2024-08-16 14:23:00-04:00,137.47999572753906,137.5,137.4499969482422,137.4499969482422,6557,0.0,0.0
2024-08-16 14:24:00-04:00,137.44500732421875,137.49000549316406,137.44000244140625,137.44000244140625,6516,0.0,0.0
2024-08-16 14:25:00-04:00,137.4499969482422,137.52999877929688,137.4499969482422,137.52999877929688,4992,0.0,0.0
2024-08-16 14:26:00-04:00,137.52000427246094,137.52999877929688,137.50999450683594,137.51669311523438,6016,0.0,0.0
2024-08-16 14:27:00-04:00,137.50999450683594,137.5500030517578,137.5,137.5500030517578,5185,0.0,0.0
2024-08-16 14:28:00-04:00,137.5500030517578,137.57200622558594,137.5500030517578,137.57200622558594,1302,0.0,0.0
2024-08-16 14:29:00-04:00,137.5800018310547,137.5800018310547,137.50999450683594,137.50999450683594,5581,0.0,0.0
2024-08-16 14:30:00-04:00,137.52499389648438,137.5500030517578,137.50999450683594,137.50999450683594,1795,0.0,0.0
2024-08-16 14:31:00-04:00,137.5,137.5009002685547,137.49000549316406,137.5009002685547,1848,0.0,0.0
2024-08-16 14:32:00-04:00,137.50999450683594,137.52000427246094,137.50799560546875,137.52000427246094,2145,0.0,0.0
2024-08-16 14:33:00-04:00,137.50999450683594,137.5500030517578,137.50999450683594,137.5399932861328,2901,0.0,0.0
2024-08-16 14:34:00-04:00,137.5449981689453,137.55999755859375,137.52999877929688,137.55999755859375,2530,0.0,0.0
2024-08-16 14:35:00-04:00,137.57000732421875,137.58999633789062,137.57000732421875,137.5800018310547,2306,0.0,0.0
2024-08-16 14:36:00-04:00,137.58999633789062,137.6199951171875,137.58999633789062,137.58999633789062,3782,0.0,0.0
2024-08-16 14:37:00-04:00,137.58999633789062,137.60000610351562,137.55999755859375,137.58999633789062,4257,0.0,0.0
2024-08-16 14:38:00-04:00,137.5800018310547,137.5800018310547,137.5399932861328,137.5399932861328,3322,0.0,0.0
2024-08-16 14:39:00-04:00,137.5,137.5290985107422,137.5,137.52499389648438,2374,0.0,0.0
2024-08-16 14:40:00-04:00,137.5399932861328,137.57000732421875,137.52999877929688,137.57000732421875,1944,0.0,0.0
2024-08-16 14:41:00-04:00,137.57000732421875,137.60000610351562,137.55999755859375,137.56100463867188,5222,0.0,0.0
2024-08-16 14:42:00-04:00,137.5500030517578,137.5500030517578,137.44000244140625,137.44000244140625,10393,0.0,0.0
2024-08-16 14:43:00-04:00,137.4199981689453,137.4499969482422,137.39010620117188,137.42999267578125,9817,0.0,0.0
2024-08-16 14:44:00-04:00,137.4188995361328,137.4499969482422,137.41000366210938,137.42990112304688,2980,0.0,0.0
2024-08-16 14:45:00-04:00,137.42999267578125,137.42999267578125,137.3699951171875,137.3699951171875,6577,0.0,0.0
2024-08-16 14:46:00-04:00,137.3699951171875,137.38999938964844,137.3699951171875,137.37820434570312,3854,0.0,0.0
2024-08-16 14:47:00-04:00,137.38499450683594,137.38999938964844,137.27999877929688,137.30999755859375,7588,0.0,0.0
2024-08-16 14:48:00-04:00,137.2899932861328,137.30999755859375,137.22000122070312,137.3000030517578,9457,0.0,0.0
2024-08-16 14:49:00-04:00,137.32000732421875,137.32000732421875,137.3000030517578,137.31500244140625,2491,0.0,0.0
2024-08-16 14:50:00-04:00,137.3300018310547,137.3699951171875,137.3000030517578,137.3000030517578,6596,0.0,0.0
2024-08-16 14:51:00-04:00,137.32000732421875,137.39999389648438,137.32000732421875,137.39010620117188,2181,0.0,0.0
2024-08-16 14:52:00-04:00,137.4149932861328,137.4499969482422,137.41000366210938,137.4499969482422,8286,0.0,0.0
2024-08-16 14:53:00-04:00,137.4499969482422,137.4600067138672,137.44000244140625,137.4600067138672,4225,0.0,0.0
2024-08-16 14:54:00-04:00,137.47999572753906,137.5,137.4600067138672,137.5,2237,0.0,0.0
2024-08-16 14:55:00-04:00,137.50999450683594,137.50999450683594,137.5,137.5,1743,0.0,0.0
2024-08-16 14:56:00-04:00,137.50999450683594,137.52999877929688,137.50999450683594,137.52999877929688,1799,0.0,0.0
2024-08-16 14:57:00-04:00,137.5399932861328,137.5399932861328,137.49000549316406,137.49000549316406,4079,0.0,0.0
2024-08-16 14:58:00-04:00,137.5,137.5500030517578,137.5,137.5500030517578,2927,0.0,0.0
2024-08-16 14:59:00-04:00,137.5800018310547,137.61000061035156,137.55999755859375,137.5800018310547,4951,0.0,0.0
2024-08-16 15:00:00-04:00,137.57000732421875,137.60000610351562,137.5500030517578,137.55999755859375,5900,0.0,0.0
2024-08-16 15:01:00-04:00,137.5500030517578,137.60000610351562,137.5500030517578,137.59010314941406,3526,0.0,0.0
2024-08-16 15:02:00-04:00,137.61000061035156,137.6300048828125,137.6027069091797,137.6300048828125,2065,0.0,0.0
2024-08-16 15:03:00-04:00,137.6199951171875,137.6342010498047,137.60000610351562,137.60000610351562,8747,0.0,0.0
2024-08-16 15:04:00-04:00,137.58999633789062,137.58999633789062,137.49000549316406,137.5,6756,0.0,0.0
2024-08-16 15:05:00-04:00,137.52000427246094,137.5399932861328,137.52000427246094,137.52999877929688,3659,0.0,0.0
2024-08-16 15:06:00-04:00,137.52999877929688,137.5500030517578,137.50999450683594,137.5435028076172,3527,0.0,0.0
2024-08-16 15:07:00-04:00,137.5399932861328,137.5399932861328,137.46499633789062,137.46499633789062,2222,0.0,0.0
2024-08-16 15:08:00-04:00,137.4550018310547,137.47999572753906,137.44000244140625,137.47999572753906,3812,0.0,0.0
2024-08-16 15:09:00-04:00,137.52000427246094,137.52000427246094,137.50999450683594,137.52000427246094,2046,0.0,0.0
2024-08-16 15:10:00-04:00,137.52000427246094,137.53500366210938,137.4512939453125,137.4512939453125,3126,0.0,0.0
2024-08-16 15:11:00-04:00,137.47000122070312,137.5,137.4499969482422,137.48989868164062,2573,0.0,0.0
2024-08-16 15:12:00-04:00,137.49000549316406,137.52000427246094,137.48500061035156,137.49000549316406,3506,0.0,0.0
2024-08-16 15:13:00-04:00,137.5,137.5449981689453,137.49000549316406,137.5449981689453,3657,0.0,0.0
2024-08-16 15:14:00-04:00,137.5449981689453,137.5500030517578,137.52000427246094,137.52000427246094,3009,0.0,0.0
2024-08-16 15:15:00-04:00,137.52000427246094,137.57000732421875,137.52000427246094,137.57000732421875,3885,0.0,0.0
2024-08-16 15:16:00-04:00,137.5800018310547,137.5800018310547,137.5500030517578,137.55499267578125,4290,0.0,0.0
2024-08-16 15:17:00-04:00,137.5500030517578,137.61000061035156,137.5399932861328,137.61000061035156,4789,0.0,0.0
2024-08-16 15:18:00-04:00,137.61990356445312,137.6300048828125,137.5800018310547,137.61000061035156,4089,0.0,0.0
2024-08-16 15:19:00-04:00,137.61000061035156,137.67999267578125,137.60000610351562,137.67999267578125,5249,0.0,0.0
2024-08-16 15:20:00-04:00,137.66000366210938,137.66000366210938,137.60000610351562,137.6300048828125,5888,0.0,0.0
2024-08-16 15:21:00-04:00,137.63999938964844,137.6699981689453,137.6300048828125,137.66000366210938,4571,0.0,0.0
2024-08-16 15:22:00-04:00,137.64999389648438,137.6699981689453,137.64500427246094,137.64500427246094,3749,0.0,0.0
2024-08-16 15:23:00-04:00,137.63999938964844,137.64999389648438,137.6199951171875,137.63999938964844,4072,0.0,0.0
2024-08-16 15:24:00-04:00,137.66000366210938,137.66000366210938,137.6300048828125,137.6300048828125,4446,0.0,0.0
2024-08-16 15:25:00-04:00,137.6199951171875,137.63999938964844,137.61000061035156,137.6300048828125,4653,0.0,0.0
2024-08-16 15:26:00-04:00,137.63999938964844,137.63999938964844,137.61000061035156,137.6300048828125,5733,0.0,0.0
2024-08-16 15:27:00-04:00,137.625,137.63999938964844,137.61000061035156,137.6300048828125,4142,0.0,0.0
2024-08-16 15:28:00-04:00,137.63999938964844,137.66000366210938,137.6300048828125,137.66000366210938,3192,0.0,0.0
2024-08-16 15:29:00-04:00,137.66000366210938,137.6699981689453,137.5675048828125,137.57049560546875,8354,0.0,0.0
2024-08-16 15:30:00-04:00,137.57000732421875,137.64999389648438,137.57000732421875,137.64999389648438,5053,0.0,0.0
2024-08-16 15:31:00-04:00,137.6699981689453,137.67999267578125,137.6199951171875,137.64999389648438,10924,0.0,0.0
2024-08-16 15:32:00-04:00,137.63999938964844,137.69000244140625,137.63999938964844,137.6699981689453,16649,0.0,0.0
2024-08-16 15:33:00-04:00,137.64999389648438,137.64999389648438,137.47999572753906,137.47999572753906,8853,0.0,0.0
2024-08-16 15:34:00-04:00,137.5,137.5500030517578,137.5,137.5399932861328,6629,0.0,0.0
2024-08-16 15:35:00-04:00,137.52000427246094,137.52999877929688,137.4600067138672,137.47000122070312,10297,0.0,0.0
2024-08-16 15:36:00-04:00,137.49000549316406,137.49000549316406,137.4499969482422,137.47999572753906,8864,0.0,0.0
2024-08-16 15:37:00-04:00,137.5,137.5,137.49000549316406,137.5,4282,0.0,0.0
2024-08-16 15:38:00-04:00,137.5,137.5,137.39999389648438,137.4499969482422,13656,0.0,0.0
2024-08-16 15:39:00-04:00,137.4600067138672,137.49000549316406,137.4499969482422,137.47999572753906,5053,0.0,0.0
2024-08-16 15:40:00-04:00,137.4600067138672,137.47999572753906,137.4199981689453,137.4199981689453,12894,0.0,0.0
2024-08-16 15:41:00-04:00,137.44000244140625,137.47500610351562,137.39999389648438,137.4199981689453,14364,0.0,0.0
2024-08-16 15:42:00-04:00,137.41000366210938,137.42999267578125,137.33999633789062,137.33999633789062,10995,0.0,0.0
2024-08-16 15:43:00-04:00,137.35000610351562,137.36000061035156,137.30999755859375,137.33999633789062,10538,0.0,0.0
2024-08-16 15:44:00-04:00,137.33999633789062,137.3699951171875,137.27999877929688,137.32000732421875,15043,0.0,0.0
2024-08-16 15:45:00-04:00,137.30499267578125,137.3300018310547,137.27000427246094,137.30999755859375,27952,0.0,0.0
2024-08-16 15:46:00-04:00,137.32000732421875,137.32000732421875,137.14999389648438,137.1750030517578,17938,0.0,0.0
2024-08-16 15:47:00-04:00,137.19000244140625,137.27000427246094,137.14999389648438,137.26499938964844,19711,0.0,0.0
2024-08-16 15:48:00-04:00,137.27020263671875,137.2949981689453,137.1999969482422,137.25999450683594,16379,0.0,0.0
2024-08-16 15:49:00-04:00,137.27000427246094,137.3000030517578,137.24000549316406,137.2899932861328,12452,0.0,0.0
2024-08-16 15:50:00-04:00,137.27000427246094,137.3300018310547,137.13999938964844,137.16000366210938,23077,0.0,0.0
2024-08-16 15:51:00-04:00,137.16000366210938,137.2100067138672,137.08999633789062,137.19000244140625,22256,0.0,0.0
2024-08-16 15:52:00-04:00,137.18499755859375,137.27499389648438,137.18499755859375,137.24000549316406,15105,0.0,0.0
2024-08-16 15:53:00-04:00,137.22999572753906,137.33999633789062,137.22999572753906,137.30999755859375,20107,0.0,0.0
2024-08-16 15:54:00-04:00,137.30999755859375,137.38999938964844,137.27999877929688,137.375,27774,0.0,0.0
2024-08-16 15:55:00-04:00,137.3800048828125,137.4499969482422,137.33999633789062,137.41000366210938,40673,0.0,0.0
2024-08-16 15:56:00-04:00,137.4199981689453,137.4600067138672,137.3800048828125,137.4600067138672,38465,0.0,0.0
2024-08-16 15:57:00-04:00,137.4600067138672,137.52000427246094,137.44000244140625,137.51499938964844,37862,0.0,0.0
2024-08-16 15:58:00-04:00,137.50999450683594,137.52000427246094,137.36500549316406,137.375,61867,0.0,0.0
2024-08-16 15:59:00-04:00,137.3699951171875,137.52499389648438,137.36000061035156,137.4499969482422,94614,0.0,0.0
