Datetime,Open,High,Low,Close,Volume,Dividends,Stock Splits
2024-10-09 09:30:00-04:00,2.700000047683716,2.839900016784668,2.700000047683716,2.75,39423,0.0,0.0
2024-10-09 09:35:00-04:00,2.710099935531616,2.710099935531616,2.573899984359741,2.5950000286102295,3459,0.0,0.0
2024-10-09 09:40:00-04:00,2.5799999237060547,2.5799999237060547,2.5799999237060547,2.5799999237060547,476,0.0,0.0
2024-10-09 09:45:00-04:00,2.5999999046325684,2.5999999046325684,2.5999999046325684,2.5999999046325684,113,0.0,0.0
2024-10-09 09:50:00-04:00,2.5899999141693115,2.5899999141693115,2.5799999237060547,2.5799999237060547,768,0.0,0.0
2024-10-09 10:15:00-04:00,2.5745999813079834,2.5799999237060547,2.555000066757202,2.5799999237060547,2361,0.0,0.0
2024-10-09 10:20:00-04:00,2.5794999599456787,2.5794999599456787,2.5399999618530273,2.549999952316284,3207,0.0,0.0
2024-10-09 10:25:00-04:00,2.534899950027466,2.534899950027466,2.534899950027466,2.534899950027466,123,0.0,0.0
2024-10-09 10:30:00-04:00,2.5450000762939453,2.5450000762939453,2.5450000762939453,2.5450000762939453,226,0.0,0.0
2024-10-09 10:35:00-04:00,2.559999942779541,2.559999942779541,2.559999942779541,2.559999942779541,194,0.0,0.0
2024-10-09 10:40:00-04:00,2.5799999237060547,2.5899999141693115,2.559999942779541,2.5899999141693115,3633,0.0,0.0
2024-10-09 11:15:00-04:00,2.619999885559082,2.619999885559082,2.5947000980377197,2.5947000980377197,442,0.0,0.0
2024-10-09 11:20:00-04:00,2.630000114440918,2.630000114440918,2.630000114440918,2.630000114440918,176,0.0,0.0
2024-10-09 11:30:00-04:00,2.6600000858306885,2.6600000858306885,2.6600000858306885,2.6600000858306885,1429,0.0,0.0
2024-10-09 11:40:00-04:00,2.6600000858306885,2.6600000858306885,2.6201000213623047,2.6201000213623047,4605,0.0,0.0
2024-10-09 11:50:00-04:00,2.6944000720977783,2.699899911880493,2.6944000720977783,2.699899911880493,0,0.0,0.0
2024-10-09 12:05:00-04:00,2.6796000003814697,2.6796000003814697,2.630000114440918,2.630000114440918,1120,0.0,0.0
2024-10-09 12:20:00-04:00,2.6301000118255615,2.654900074005127,2.6301000118255615,2.654900074005127,3161,0.0,0.0
2024-10-09 12:30:00-04:00,2.630000114440918,2.630000114440918,2.609999895095825,2.609999895095825,1074,0.0,0.0
2024-10-09 12:45:00-04:00,2.609999895095825,2.609999895095825,2.609999895095825,2.609999895095825,635,0.0,0.0
2024-10-09 12:55:00-04:00,2.5945000648498535,2.5945000648498535,2.5945000648498535,2.5945000648498535,114,0.0,0.0
2024-10-09 13:10:00-04:00,2.5957999229431152,2.5957999229431152,2.5957999229431152,2.5957999229431152,465,0.0,0.0
2024-10-09 13:15:00-04:00,2.6500000953674316,2.6500000953674316,2.5957999229431152,2.5957999229431152,803,0.0,0.0
2024-10-09 13:45:00-04:00,2.640000104904175,2.640000104904175,2.640000104904175,2.640000104904175,400,0.0,0.0
2024-10-09 14:00:00-04:00,2.613600015640259,2.6136999130249023,2.613600015640259,2.6136999130249023,2829,0.0,0.0
2024-10-09 14:05:00-04:00,2.619999885559082,2.619999885559082,2.619999885559082,2.619999885559082,289,0.0,0.0
2024-10-09 14:10:00-04:00,2.6500000953674316,2.6500000953674316,2.630000114440918,2.630000114440918,2213,0.0,0.0
2024-10-09 14:50:00-04:00,2.609999895095825,2.609999895095825,2.5999999046325684,2.5999999046325684,6439,0.0,0.0
2024-10-09 14:55:00-04:00,2.559999942779541,2.559999942779541,2.559999942779541,2.559999942779541,1658,0.0,0.0
2024-10-09 15:00:00-04:00,2.5399999618530273,2.5399999618530273,2.5399999618530273,2.5399999618530273,123,0.0,0.0
2024-10-09 15:15:00-04:00,2.54010009765625,2.558000087738037,2.5399999618530273,2.5399999618530273,2085,0.0,0.0
2024-10-09 15:25:00-04:00,2.5399999618530273,2.549999952316284,2.509999990463257,2.509999990463257,4891,0.0,0.0
2024-10-09 15:30:00-04:00,2.569999933242798,2.569999933242798,2.569999933242798,2.569999933242798,775,0.0,0.0
2024-10-09 15:35:00-04:00,2.5299999713897705,2.5299999713897705,2.5299999713897705,2.5299999713897705,43,0.0,0.0
2024-10-09 15:45:00-04:00,2.543100118637085,2.543100118637085,2.5199999809265137,2.5199999809265137,2336,0.0,0.0
2024-10-09 15:55:00-04:00,2.5457000732421875,2.5457000732421875,2.5450000762939453,2.5450000762939453,1274,0.0,0.0
2024-10-10 09:30:00-04:00,2.5,2.5,2.5,2.5,1160,0.0,0.0
2024-10-10 09:45:00-04:00,2.5199999809265137,2.5199999809265137,2.5199999809265137,2.5199999809265137,750,0.0,0.0
2024-10-10 09:55:00-04:00,2.509999990463257,2.509999990463257,2.5,2.503000020980835,5702,0.0,0.0
2024-10-10 11:20:00-04:00,2.5399999618530273,2.5399999618530273,2.5399999618530273,2.5399999618530273,259,0.0,0.0
2024-10-10 11:40:00-04:00,2.5353000164031982,2.5353000164031982,2.5353000164031982,2.5353000164031982,1861,0.0,0.0
2024-10-10 13:15:00-04:00,2.5350000858306885,2.5350000858306885,2.5350000858306885,2.5350000858306885,452,0.0,0.0
2024-10-10 13:40:00-04:00,2.539900064468384,2.539900064468384,2.539900064468384,2.539900064468384,261,0.0,0.0
2024-10-10 13:55:00-04:00,2.5100998878479004,2.5100998878479004,2.5100998878479004,2.5100998878479004,289,0.0,0.0
2024-10-10 14:05:00-04:00,2.512200117111206,2.512200117111206,2.512200117111206,2.512200117111206,2251,0.0,0.0
2024-10-10 14:40:00-04:00,2.5,2.5,2.5,2.5,162,0.0,0.0
2024-10-10 14:50:00-04:00,2.5199999809265137,2.5199999809265137,2.5199999809265137,2.5199999809265137,1400,0.0,0.0
2024-10-10 15:00:00-04:00,2.5,2.5,2.5,2.5,0,0.0,0.0
2024-10-10 15:15:00-04:00,2.5055999755859375,2.5055999755859375,2.5055999755859375,2.5055999755859375,402,0.0,0.0
2024-10-10 15:20:00-04:00,2.515700101852417,2.515700101852417,2.515700101852417,2.515700101852417,942,0.0,0.0
2024-10-10 15:35:00-04:00,2.5185000896453857,2.5185000896453857,2.505500078201294,2.505500078201294,1451,0.0,0.0
2024-10-10 15:55:00-04:00,2.5,2.5,2.5,2.5,677,0.0,0.0
2024-10-11 09:30:00-04:00,2.5,2.5,2.5,2.5,391,0.0,0.0
2024-10-11 09:35:00-04:00,2.553999900817871,2.553999900817871,2.509999990463257,2.509999990463257,487,0.0,0.0
2024-10-11 09:40:00-04:00,2.549999952316284,2.549999952316284,2.549999952316284,2.549999952316284,204,0.0,0.0
2024-10-11 09:45:00-04:00,2.549999952316284,2.5799999237060547,2.549999952316284,2.5799999237060547,1351,0.0,0.0
2024-10-11 09:50:00-04:00,2.5999999046325684,2.5999999046325684,2.5999999046325684,2.5999999046325684,1,0.0,0.0
2024-10-11 09:55:00-04:00,2.569999933242798,2.569999933242798,2.569999933242798,2.569999933242798,300,0.0,0.0
2024-10-11 10:00:00-04:00,2.569999933242798,2.569999933242798,2.569999933242798,2.569999933242798,226,0.0,0.0
2024-10-11 10:20:00-04:00,2.569999933242798,2.569999933242798,2.569999933242798,2.569999933242798,169,0.0,0.0
2024-10-11 10:35:00-04:00,2.559999942779541,2.559999942779541,2.559999942779541,2.559999942779541,1300,0.0,0.0
2024-10-11 10:40:00-04:00,2.559999942779541,2.559999942779541,2.559999942779541,2.559999942779541,243,0.0,0.0
2024-10-11 11:50:00-04:00,2.5399999618530273,2.549999952316284,2.509999990463257,2.549999952316284,5795,0.0,0.0
2024-10-11 11:55:00-04:00,2.549999952316284,2.549999952316284,2.549999952316284,2.549999952316284,288,0.0,0.0
2024-10-11 12:00:00-04:00,2.559999942779541,2.559999942779541,2.559999942779541,2.559999942779541,505,0.0,0.0
2024-10-11 12:05:00-04:00,2.569999933242798,2.569999933242798,2.569999933242798,2.569999933242798,2369,0.0,0.0
2024-10-11 12:25:00-04:00,2.6500000953674316,2.6500000953674316,2.631999969482422,2.631999969482422,3182,0.0,0.0
2024-10-11 12:30:00-04:00,2.6500000953674316,2.700000047683716,2.6500000953674316,2.6600000858306885,6017,0.0,0.0
2024-10-11 12:35:00-04:00,2.6401000022888184,2.6401000022888184,2.6401000022888184,2.6401000022888184,102,0.0,0.0
2024-10-11 12:50:00-04:00,2.6700000762939453,2.6700000762939453,2.6700000762939453,2.6700000762939453,347,0.0,0.0
2024-10-11 13:00:00-04:00,2.6700000762939453,2.6700000762939453,2.6700000762939453,2.6700000762939453,308,0.0,0.0
2024-10-11 13:40:00-04:00,2.6600000858306885,2.6600000858306885,2.6600000858306885,2.6600000858306885,958,0.0,0.0
2024-10-11 13:45:00-04:00,2.6600000858306885,2.6600000858306885,2.6600000858306885,2.6600000858306885,400,0.0,0.0
2024-10-11 13:55:00-04:00,2.700000047683716,2.700000047683716,2.700000047683716,2.700000047683716,1324,0.0,0.0
2024-10-11 14:00:00-04:00,2.75,2.75,2.700000047683716,2.700000047683716,1144,0.0,0.0
2024-10-11 14:05:00-04:00,2.700000047683716,2.700000047683716,2.700000047683716,2.700000047683716,308,0.0,0.0
2024-10-11 14:10:00-04:00,2.7300000190734863,2.7300000190734863,2.7300000190734863,2.7300000190734863,575,0.0,0.0
2024-10-11 14:15:00-04:00,2.7200000286102295,2.7200000286102295,2.7200000286102295,2.7200000286102295,767,0.0,0.0
2024-10-11 14:25:00-04:00,2.740000009536743,2.740000009536743,2.740000009536743,2.740000009536743,744,0.0,0.0
2024-10-11 14:30:00-04:00,2.740000009536743,2.740000009536743,2.690000057220459,2.7300000190734863,1965,0.0,0.0
2024-10-11 14:35:00-04:00,2.7149999141693115,2.7149999141693115,2.7149999141693115,2.7149999141693115,101,0.0,0.0
2024-10-11 14:40:00-04:00,2.7300000190734863,2.740000009536743,2.7300000190734863,2.740000009536743,991,0.0,0.0
2024-10-11 14:50:00-04:00,2.7200000286102295,2.7200000286102295,2.7200000286102295,2.7200000286102295,983,0.0,0.0
2024-10-11 15:00:00-04:00,2.75,2.75,2.740000009536743,2.740000009536743,605,0.0,0.0
2024-10-11 15:05:00-04:00,2.7200000286102295,2.7200000286102295,2.7200000286102295,2.7200000286102295,776,0.0,0.0
2024-10-11 15:10:00-04:00,2.740000009536743,2.740000009536743,2.680000066757202,2.690000057220459,8249,0.0,0.0
2024-10-11 15:15:00-04:00,2.7300000190734863,2.75,2.7300000190734863,2.75,1044,0.0,0.0
2024-10-11 15:20:00-04:00,2.75,2.75,2.75,2.75,689,0.0,0.0
2024-10-11 15:25:00-04:00,2.734999895095825,2.734999895095825,2.7200000286102295,2.7200000286102295,453,0.0,0.0
2024-10-11 15:35:00-04:00,2.7200000286102295,2.7200000286102295,2.7200000286102295,2.7200000286102295,707,0.0,0.0
2024-10-11 15:40:00-04:00,2.7300000190734863,2.7300000190734863,2.7300000190734863,2.7300000190734863,702,0.0,0.0
2024-10-11 15:45:00-04:00,2.7300000190734863,2.7300000190734863,2.7300000190734863,2.7300000190734863,984,0.0,0.0
2024-10-11 15:50:00-04:00,2.7300000190734863,2.7300000190734863,2.7300000190734863,2.7300000190734863,313,0.0,0.0
2024-10-11 15:55:00-04:00,2.7300000190734863,2.7300000190734863,2.7200000286102295,2.7300000190734863,1388,0.0,0.0
2024-10-14 09:30:00-04:00,2.630000114440918,2.75,2.5899999141693115,2.736599922180176,8744,0.0,0.0
2024-10-14 09:35:00-04:00,2.7799999713897705,2.7799999713897705,2.660599946975708,2.660599946975708,0,0.0,0.0
2024-10-14 09:40:00-04:00,2.7163000106811523,2.7799999713897705,2.7163000106811523,2.7799999713897705,210,0.0,0.0
2024-10-14 09:50:00-04:00,2.75,2.7551000118255615,2.5399999618530273,2.6796000003814697,14596,0.0,0.0
2024-10-14 09:55:00-04:00,2.5999999046325684,2.5999999046325684,2.5999999046325684,2.5999999046325684,0,0.0,0.0
2024-10-14 10:15:00-04:00,2.6266000270843506,2.6266000270843506,2.6266000270843506,2.6266000270843506,649,0.0,0.0
2024-10-14 10:30:00-04:00,2.719899892807007,2.719899892807007,2.719899892807007,2.719899892807007,435,0.0,0.0
2024-10-14 10:35:00-04:00,2.6758999824523926,2.6758999824523926,2.6758999824523926,2.6758999824523926,606,0.0,0.0
2024-10-14 11:10:00-04:00,2.6600000858306885,2.6600000858306885,2.6600000858306885,2.6600000858306885,1521,0.0,0.0
2024-10-14 11:40:00-04:00,2.640000104904175,2.640000104904175,2.640000104904175,2.640000104904175,320,0.0,0.0
2024-10-14 11:50:00-04:00,2.6700000762939453,2.6700000762939453,2.6700000762939453,2.6700000762939453,200,0.0,0.0
2024-10-14 12:00:00-04:00,2.6700000762939453,2.6700000762939453,2.6700000762939453,2.6700000762939453,175,0.0,0.0
2024-10-14 12:15:00-04:00,2.6496999263763428,2.6496999263763428,2.6496999263763428,2.6496999263763428,510,0.0,0.0
2024-10-14 12:30:00-04:00,2.625,2.640000104904175,2.625,2.640000104904175,396,0.0,0.0
2024-10-14 12:55:00-04:00,2.6222000122070312,2.6222000122070312,2.6222000122070312,2.6222000122070312,200,0.0,0.0
2024-10-14 13:00:00-04:00,2.640000104904175,2.640000104904175,2.640000104904175,2.640000104904175,100,0.0,0.0
2024-10-14 13:05:00-04:00,2.6389000415802,2.6389000415802,2.6389000415802,2.6389000415802,468,0.0,0.0
2024-10-14 13:30:00-04:00,2.640000104904175,2.640000104904175,2.640000104904175,2.640000104904175,160,0.0,0.0
2024-10-14 13:40:00-04:00,2.640000104904175,2.640000104904175,2.640000104904175,2.640000104904175,120,0.0,0.0
2024-10-14 13:45:00-04:00,2.635699987411499,2.635699987411499,2.635699987411499,2.635699987411499,200,0.0,0.0
2024-10-14 13:55:00-04:00,2.640000104904175,2.640000104904175,2.640000104904175,2.640000104904175,20,0.0,0.0
2024-10-14 14:00:00-04:00,2.625,2.6500000953674316,2.625,2.640000104904175,627,0.0,0.0
2024-10-14 14:10:00-04:00,2.640000104904175,2.640000104904175,2.640000104904175,2.640000104904175,542,0.0,0.0
2024-10-14 14:20:00-04:00,2.625,2.625,2.625,2.625,320,0.0,0.0
2024-10-14 14:25:00-04:00,2.6043999195098877,2.6043999195098877,2.6043999195098877,2.6043999195098877,729,0.0,0.0
2024-10-14 15:00:00-04:00,2.625,2.625,2.625,2.625,200,0.0,0.0
2024-10-14 15:05:00-04:00,2.640000104904175,2.640000104904175,2.640000104904175,2.640000104904175,980,0.0,0.0
2024-10-14 15:25:00-04:00,2.625,2.640000104904175,2.625,2.640000104904175,285,0.0,0.0
2024-10-14 15:35:00-04:00,2.630000114440918,2.640000104904175,2.630000114440918,2.640000104904175,6558,0.0,0.0
2024-10-14 15:45:00-04:00,2.634999990463257,2.634999990463257,2.634999990463257,2.634999990463257,225,0.0,0.0
2024-10-14 15:50:00-04:00,2.619999885559082,2.619999885559082,2.619999885559082,2.619999885559082,500,0.0,0.0
2024-10-14 15:55:00-04:00,2.609999895095825,2.690000057220459,2.609999895095825,2.630000114440918,23317,0.0,0.0
2024-10-15 09:30:00-04:00,2.6700000762939453,2.700000047683716,2.6600000858306885,2.700000047683716,7533,0.0,0.0
2024-10-15 09:35:00-04:00,2.65939998626709,2.65939998626709,2.65939998626709,2.65939998626709,156,0.0,0.0
2024-10-15 09:40:00-04:00,2.609999895095825,2.609999895095825,2.609999895095825,2.609999895095825,7472,0.0,0.0
2024-10-15 09:45:00-04:00,2.619999885559082,2.619999885559082,2.5450000762939453,2.5836000442504883,0,0.0,0.0
2024-10-15 09:55:00-04:00,2.5450000762939453,2.5450000762939453,2.5450000762939453,2.5450000762939453,451,0.0,0.0
2024-10-15 10:00:00-04:00,2.5885000228881836,2.5899999141693115,2.5785999298095703,2.5785999298095703,2366,0.0,0.0
2024-10-15 10:05:00-04:00,2.619800090789795,2.619800090789795,2.516900062561035,2.569999933242798,576,0.0,0.0
2024-10-15 10:10:00-04:00,2.6287999153137207,2.6287999153137207,2.6287999153137207,2.6287999153137207,600,0.0,0.0
2024-10-15 10:25:00-04:00,2.575000047683716,2.575000047683716,2.575000047683716,2.575000047683716,871,0.0,0.0
2024-10-15 10:50:00-04:00,2.5334999561309814,2.5334999561309814,2.5334999561309814,2.5334999561309814,400,0.0,0.0
2024-10-15 10:55:00-04:00,2.575000047683716,2.575000047683716,2.575000047683716,2.575000047683716,229,0.0,0.0
2024-10-15 11:40:00-04:00,2.559999942779541,2.559999942779541,2.559999942779541,2.559999942779541,743,0.0,0.0
2024-10-15 11:50:00-04:00,2.5299999713897705,2.5299999713897705,2.5299999713897705,2.5299999713897705,1077,0.0,0.0
2024-10-15 12:20:00-04:00,2.534600019454956,2.534600019454956,2.534600019454956,2.534600019454956,249,0.0,0.0
2024-10-15 12:35:00-04:00,2.5599000453948975,2.569999933242798,2.549999952316284,2.569999933242798,8669,0.0,0.0
2024-10-15 12:45:00-04:00,2.5999999046325684,2.5999999046325684,2.5999999046325684,2.5999999046325684,1564,0.0,0.0
2024-10-15 12:55:00-04:00,2.5899999141693115,2.5899999141693115,2.5806000232696533,2.5806000232696533,250,0.0,0.0
2024-10-15 13:05:00-04:00,2.5799999237060547,2.5799999237060547,2.5799999237060547,2.5799999237060547,10190,0.0,0.0
2024-10-15 13:10:00-04:00,2.5399999618530273,2.5399999618530273,2.5399999618530273,2.5399999618530273,106,0.0,0.0
2024-10-15 13:30:00-04:00,2.549999952316284,2.549999952316284,2.5299999713897705,2.5299999713897705,563,0.0,0.0
2024-10-15 13:40:00-04:00,2.537899971008301,2.537899971008301,2.537899971008301,2.537899971008301,388,0.0,0.0
2024-10-15 13:45:00-04:00,2.559999942779541,2.559999942779541,2.559999942779541,2.559999942779541,1804,0.0,0.0
2024-10-15 13:50:00-04:00,2.589900016784668,2.589900016784668,2.589900016784668,2.589900016784668,0,0.0,0.0
2024-10-15 14:00:00-04:00,2.5299999713897705,2.5299999713897705,2.5299999713897705,2.5299999713897705,1454,0.0,0.0
2024-10-15 14:10:00-04:00,2.5299999713897705,2.5299999713897705,2.5299999713897705,2.5299999713897705,0,0.0,0.0
2024-10-15 14:20:00-04:00,2.5480000972747803,2.5480000972747803,2.5480000972747803,2.5480000972747803,300,0.0,0.0
2024-10-15 14:30:00-04:00,2.551800012588501,2.551800012588501,2.5480000972747803,2.5480000972747803,367,0.0,0.0
2024-10-15 14:35:00-04:00,2.5599000453948975,2.5599000453948975,2.5599000453948975,2.5599000453948975,1804,0.0,0.0
2024-10-15 14:55:00-04:00,2.549999952316284,2.549999952316284,2.549999952316284,2.549999952316284,0,0.0,0.0
2024-10-15 15:05:00-04:00,2.5399999618530273,2.549999952316284,2.5399999618530273,2.5399999618530273,8114,0.0,0.0
2024-10-15 15:20:00-04:00,2.5460000038146973,2.5460000038146973,2.5460000038146973,2.5460000038146973,1242,0.0,0.0
2024-10-15 15:25:00-04:00,2.5308001041412354,2.5308001041412354,2.5299999713897705,2.5299999713897705,3433,0.0,0.0
2024-10-15 15:50:00-04:00,2.559999942779541,2.559999942779541,2.559999942779541,2.559999942779541,0,0.0,0.0
2024-10-15 15:55:00-04:00,2.549999952316284,2.549999952316284,2.549999952316284,2.549999952316284,560,0.0,0.0
2024-10-16 09:30:00-04:00,2.5399999618530273,2.5399999618530273,2.5399999618530273,2.5399999618530273,1742,0.0,0.0
2024-10-16 09:35:00-04:00,2.6500000953674316,2.6500000953674316,2.6500000953674316,2.6500000953674316,200,0.0,0.0
2024-10-16 09:40:00-04:00,2.531100034713745,2.6500000953674316,2.531100034713745,2.6500000953674316,386,0.0,0.0
2024-10-16 09:45:00-04:00,2.5899999141693115,2.640000104904175,2.530100107192993,2.640000104904175,1630,0.0,0.0
2024-10-16 09:50:00-04:00,2.640000104904175,2.640000104904175,2.640000104904175,2.640000104904175,100,0.0,0.0
2024-10-16 10:05:00-04:00,2.6500000953674316,2.6500000953674316,2.6500000953674316,2.6500000953674316,200,0.0,0.0
2024-10-16 10:10:00-04:00,2.544600009918213,2.544600009918213,2.544600009918213,2.544600009918213,5,0.0,0.0
2024-10-16 10:15:00-04:00,2.6500000953674316,2.6500000953674316,2.5390000343322754,2.5390000343322754,601,0.0,0.0
2024-10-16 10:20:00-04:00,2.619999885559082,2.619999885559082,2.619999885559082,2.619999885559082,611,0.0,0.0
2024-10-16 10:40:00-04:00,2.5999999046325684,2.5999999046325684,2.5999999046325684,2.5999999046325684,211,0.0,0.0
2024-10-16 10:50:00-04:00,2.5999999046325684,2.609999895095825,2.569999933242798,2.609999895095825,718,0.0,0.0
2024-10-16 11:00:00-04:00,2.619999885559082,2.619999885559082,2.619999885559082,2.619999885559082,206,0.0,0.0
2024-10-16 11:15:00-04:00,2.619999885559082,2.619999885559082,2.619999885559082,2.619999885559082,2100,0.0,0.0
2024-10-16 11:20:00-04:00,2.5799999237060547,2.5799999237060547,2.5799999237060547,2.5799999237060547,411,0.0,0.0
2024-10-16 11:45:00-04:00,2.651700019836426,2.651700019836426,2.630000114440918,2.630000114440918,400,0.0,0.0
2024-10-16 11:50:00-04:00,2.6201000213623047,2.630000114440918,2.6201000213623047,2.630000114440918,7298,0.0,0.0
2024-10-16 11:55:00-04:00,2.640000104904175,2.682800054550171,2.640000104904175,2.680000066757202,1629,0.0,0.0
2024-10-16 12:00:00-04:00,2.640000104904175,2.640000104904175,2.640000104904175,2.640000104904175,639,0.0,0.0
2024-10-16 12:05:00-04:00,2.6549999713897705,2.6549999713897705,2.6549999713897705,2.6549999713897705,1208,0.0,0.0
2024-10-16 12:15:00-04:00,2.680000066757202,2.690000057220459,2.6649999618530273,2.6649999618530273,5220,0.0,0.0
2024-10-16 12:20:00-04:00,2.700000047683716,2.7174999713897705,2.700000047683716,2.7174999713897705,2787,0.0,0.0
2024-10-16 12:25:00-04:00,2.740000009536743,2.740000009536743,2.696000099182129,2.696000099182129,552,0.0,0.0
2024-10-16 12:30:00-04:00,2.642699956893921,2.642699956893921,2.642699956893921,2.642699956893921,573,0.0,0.0
2024-10-16 13:00:00-04:00,2.7300000190734863,2.7300000190734863,2.7300000190734863,2.7300000190734863,237,0.0,0.0
2024-10-16 13:15:00-04:00,2.7300000190734863,2.7300000190734863,2.694200038909912,2.694200038909912,1924,0.0,0.0
2024-10-16 13:30:00-04:00,2.7200000286102295,2.740000009536743,2.7021000385284424,2.7021000385284424,2700,0.0,0.0
2024-10-16 13:40:00-04:00,2.7300000190734863,2.7300000190734863,2.7300000190734863,2.7300000190734863,200,0.0,0.0
2024-10-16 13:45:00-04:00,2.7200000286102295,2.7200000286102295,2.7200000286102295,2.7200000286102295,325,0.0,0.0
2024-10-16 13:55:00-04:00,2.6803998947143555,2.6803998947143555,2.6803998947143555,2.6803998947143555,800,0.0,0.0
2024-10-16 14:10:00-04:00,2.700000047683716,2.700000047683716,2.700000047683716,2.700000047683716,0,0.0,0.0
2024-10-16 14:20:00-04:00,2.700000047683716,2.700000047683716,2.700000047683716,2.700000047683716,450,0.0,0.0
2024-10-16 14:25:00-04:00,2.680000066757202,2.680000066757202,2.680000066757202,2.680000066757202,914,0.0,0.0
2024-10-16 14:30:00-04:00,2.6921000480651855,2.6921000480651855,2.6921000480651855,2.6921000480651855,0,0.0,0.0
2024-10-16 14:35:00-04:00,2.700000047683716,2.700000047683716,2.700000047683716,2.700000047683716,111,0.0,0.0
2024-10-16 14:45:00-04:00,2.6723999977111816,2.700000047683716,2.6723999977111816,2.700000047683716,554,0.0,0.0
2024-10-16 14:50:00-04:00,2.700000047683716,2.700000047683716,2.700000047683716,2.700000047683716,300,0.0,0.0
2024-10-16 14:55:00-04:00,2.700000047683716,2.700000047683716,2.700000047683716,2.700000047683716,137,0.0,0.0
2024-10-16 15:05:00-04:00,2.700000047683716,2.700000047683716,2.700000047683716,2.700000047683716,1,0.0,0.0
2024-10-16 15:15:00-04:00,2.700000047683716,2.700000047683716,2.700000047683716,2.700000047683716,187,0.0,0.0
2024-10-16 15:20:00-04:00,2.7139999866485596,2.7139999866485596,2.7139999866485596,2.7139999866485596,3082,0.0,0.0
2024-10-16 15:25:00-04:00,2.700000047683716,2.700000047683716,2.6700000762939453,2.6700000762939453,4078,0.0,0.0
2024-10-16 15:40:00-04:00,2.700000047683716,2.700000047683716,2.700000047683716,2.700000047683716,200,0.0,0.0
2024-10-16 15:45:00-04:00,2.700000047683716,2.700000047683716,2.700000047683716,2.700000047683716,1,0.0,0.0
2024-10-16 15:50:00-04:00,2.700000047683716,2.700000047683716,2.700000047683716,2.700000047683716,300,0.0,0.0
2024-10-16 15:55:00-04:00,2.7100000381469727,2.7200000286102295,2.7100000381469727,2.7200000286102295,4330,0.0,0.0
2024-10-17 09:30:00-04:00,2.736599922180176,2.736599922180176,2.6700000762939453,2.6700000762939453,593,0.0,0.0
2024-10-17 09:35:00-04:00,2.675600051879883,2.700000047683716,2.675600051879883,2.700000047683716,1049,0.0,0.0
2024-10-17 09:40:00-04:00,2.7051000595092773,2.7051000595092773,2.7051000595092773,2.7051000595092773,1897,0.0,0.0
2024-10-17 09:50:00-04:00,2.75,2.75,2.6605000495910645,2.6605000495910645,2284,0.0,0.0
2024-10-17 10:00:00-04:00,2.680000066757202,2.680000066757202,2.680000066757202,2.680000066757202,351,0.0,0.0
2024-10-17 10:30:00-04:00,2.674999952316284,2.674999952316284,2.640000104904175,2.6401000022888184,2346,0.0,0.0
2024-10-17 10:45:00-04:00,2.6401000022888184,2.6401000022888184,2.6401000022888184,2.6401000022888184,600,0.0,0.0
2024-10-17 10:50:00-04:00,2.680000066757202,2.680000066757202,2.680000066757202,2.680000066757202,0,0.0,0.0
2024-10-17 11:00:00-04:00,2.640000104904175,2.640000104904175,2.640000104904175,2.640000104904175,200,0.0,0.0
2024-10-17 11:05:00-04:00,2.630000114440918,2.630000114440918,2.5999999046325684,2.5999999046325684,12486,0.0,0.0
2024-10-17 11:10:00-04:00,2.603100061416626,2.6041998863220215,2.603100061416626,2.6041998863220215,14118,0.0,0.0
2024-10-17 11:15:00-04:00,2.5999999046325684,2.5999999046325684,2.5799999237060547,2.5999999046325684,6619,0.0,0.0
2024-10-17 11:25:00-04:00,2.549999952316284,2.549999952316284,2.5199999809265137,2.5199999809265137,2704,0.0,0.0
2024-10-17 11:45:00-04:00,2.599900007247925,2.599900007247925,2.599900007247925,2.599900007247925,480,0.0,0.0
2024-10-17 11:50:00-04:00,2.549999952316284,2.5980000495910645,2.549999952316284,2.5980000495910645,1271,0.0,0.0
2024-10-17 12:00:00-04:00,2.5850000381469727,2.5850000381469727,2.5850000381469727,2.5850000381469727,330,0.0,0.0
2024-10-17 12:05:00-04:00,2.5850000381469727,2.6159000396728516,2.5845999717712402,2.5845999717712402,860,0.0,0.0
2024-10-17 12:25:00-04:00,2.575000047683716,2.575000047683716,2.575000047683716,2.575000047683716,173,0.0,0.0
2024-10-17 12:35:00-04:00,2.5899999141693115,2.5899999141693115,2.5899999141693115,2.5899999141693115,217,0.0,0.0
2024-10-17 12:45:00-04:00,2.575000047683716,2.575000047683716,2.575000047683716,2.575000047683716,297,0.0,0.0
2024-10-17 13:00:00-04:00,2.549999952316284,2.549999952316284,2.549999952316284,2.549999952316284,349,0.0,0.0
2024-10-17 13:05:00-04:00,2.569999933242798,2.569999933242798,2.569999933242798,2.569999933242798,114,0.0,0.0
2024-10-17 13:15:00-04:00,2.569999933242798,2.569999933242798,2.569999933242798,2.569999933242798,701,0.0,0.0
2024-10-17 13:25:00-04:00,2.569999933242798,2.569999933242798,2.559999942779541,2.5601000785827637,506,0.0,0.0
2024-10-17 13:35:00-04:00,2.5776000022888184,2.5776000022888184,2.5776000022888184,2.5776000022888184,312,0.0,0.0
2024-10-17 13:45:00-04:00,2.5799999237060547,2.5799999237060547,2.5799999237060547,2.5799999237060547,125,0.0,0.0
2024-10-17 13:50:00-04:00,2.5799999237060547,2.5799999237060547,2.5799999237060547,2.5799999237060547,714,0.0,0.0
2024-10-17 14:15:00-04:00,2.5799999237060547,2.5799999237060547,2.5799999237060547,2.5799999237060547,1837,0.0,0.0
2024-10-17 14:20:00-04:00,2.575000047683716,2.575000047683716,2.575000047683716,2.575000047683716,0,0.0,0.0
2024-10-17 14:25:00-04:00,2.6084001064300537,2.6084001064300537,2.6084001064300537,2.6084001064300537,205,0.0,0.0
2024-10-17 14:30:00-04:00,2.575000047683716,2.575000047683716,2.575000047683716,2.575000047683716,234,0.0,0.0
2024-10-17 14:45:00-04:00,2.569999933242798,2.569999933242798,2.569999933242798,2.569999933242798,1150,0.0,0.0
2024-10-17 15:25:00-04:00,2.5899999141693115,2.5899999141693115,2.5899999141693115,2.5899999141693115,225,0.0,0.0
2024-10-17 15:40:00-04:00,2.5899999141693115,2.5899999141693115,2.5899999141693115,2.5899999141693115,134,0.0,0.0
2024-10-17 15:45:00-04:00,2.575000047683716,2.575000047683716,2.575000047683716,2.575000047683716,300,0.0,0.0
2024-10-17 15:50:00-04:00,2.549999952316284,2.5899999141693115,2.549999952316284,2.5899999141693115,650,0.0,0.0
2024-10-17 15:55:00-04:00,2.5899999141693115,2.5899999141693115,2.5899999141693115,2.5899999141693115,694,0.0,0.0
2024-10-18 09:30:00-04:00,2.5899999141693115,2.5899999141693115,2.2100000381469727,2.4149999618530273,61768,0.0,0.0
2024-10-18 09:35:00-04:00,2.430000066757202,2.5199999809265137,2.365000009536743,2.4600000381469727,10089,0.0,0.0
2024-10-18 09:40:00-04:00,2.4725000858306885,2.4800000190734863,2.440000057220459,2.440000057220459,989,0.0,0.0
2024-10-18 09:45:00-04:00,2.4200000762939453,2.4600000381469727,2.4200000762939453,2.4600000381469727,3282,0.0,0.0
2024-10-18 09:50:00-04:00,2.454400062561035,2.5,2.440000057220459,2.440000057220459,9511,0.0,0.0
2024-10-18 09:55:00-04:00,2.4007999897003174,2.4089999198913574,2.4007999897003174,2.4084999561309814,11822,0.0,0.0
2024-10-18 10:00:00-04:00,2.369999885559082,2.390000104904175,2.359999895095825,2.390000104904175,7952,0.0,0.0
2024-10-18 10:05:00-04:00,2.375,2.3798999786376953,2.3701999187469482,2.3798999786376953,4664,0.0,0.0
2024-10-18 10:10:00-04:00,2.3796000480651855,2.380000114440918,2.3743999004364014,2.379300117492676,4654,0.0,0.0
2024-10-18 10:15:00-04:00,2.375,2.380000114440918,2.369999885559082,2.369999885559082,2272,0.0,0.0
2024-10-18 10:20:00-04:00,2.3798999786376953,2.3798999786376953,2.374000072479248,2.374000072479248,468,0.0,0.0
2024-10-18 10:25:00-04:00,2.375,2.379300117492676,2.375,2.375,2251,0.0,0.0
2024-10-18 10:30:00-04:00,2.380000114440918,2.380000114440918,2.374300003051758,2.374300003051758,4649,0.0,0.0
2024-10-18 10:35:00-04:00,2.3798999786376953,2.3798999786376953,2.3701000213623047,2.3701000213623047,1500,0.0,0.0
2024-10-18 10:45:00-04:00,2.380000114440918,2.380000114440918,2.369999885559082,2.3714001178741455,1567,0.0,0.0
2024-10-18 10:50:00-04:00,2.3738999366760254,2.378000020980835,2.369999885559082,2.369999885559082,1824,0.0,0.0
2024-10-18 10:55:00-04:00,2.3794000148773193,2.3794000148773193,2.3794000148773193,2.3794000148773193,2060,0.0,0.0
2024-10-18 11:00:00-04:00,2.369999885559082,2.369999885559082,2.369999885559082,2.369999885559082,879,0.0,0.0
2024-10-18 11:20:00-04:00,2.369999885559082,2.369999885559082,2.369999885559082,2.369999885559082,300,0.0,0.0
2024-10-18 11:25:00-04:00,2.3743999004364014,2.375,2.3743999004364014,2.375,1477,0.0,0.0
2024-10-18 11:35:00-04:00,2.380000114440918,2.380000114440918,2.369999885559082,2.369999885559082,496,0.0,0.0
2024-10-18 11:40:00-04:00,2.375,2.375,2.375,2.375,590,0.0,0.0
2024-10-18 11:45:00-04:00,2.375,2.375,2.3499999046325684,2.3499999046325684,4292,0.0,0.0
2024-10-18 11:50:00-04:00,2.3541998863220215,2.359999895095825,2.3499999046325684,2.3499999046325684,13067,0.0,0.0
2024-10-18 12:00:00-04:00,2.358299970626831,2.358299970626831,2.358299970626831,2.358299970626831,1317,0.0,0.0
2024-10-18 12:05:00-04:00,2.3550000190734863,2.3550000190734863,2.3499999046325684,2.3540000915527344,20197,0.0,0.0
2024-10-18 12:10:00-04:00,2.359999895095825,2.359999895095825,2.319999933242798,2.319999933242798,0,0.0,0.0
2024-10-18 12:15:00-04:00,2.319999933242798,2.319999933242798,2.319999933242798,2.319999933242798,1320,0.0,0.0
2024-10-18 12:20:00-04:00,2.299999952316284,2.299999952316284,2.2950000762939453,2.2950000762939453,656,0.0,0.0
2024-10-18 12:25:00-04:00,2.2934999465942383,2.2934999465942383,2.255000114440918,2.255000114440918,4294,0.0,0.0
2024-10-18 12:30:00-04:00,2.255000114440918,2.259999990463257,2.25,2.25,3189,0.0,0.0
2024-10-18 12:35:00-04:00,2.254300117492676,2.254300117492676,2.240000009536743,2.25,11086,0.0,0.0
2024-10-18 12:40:00-04:00,2.2100000381469727,2.240000009536743,2.200000047683716,2.2100000381469727,12875,0.0,0.0
2024-10-18 12:45:00-04:00,2.2042999267578125,2.2100000381469727,2.2000999450683594,2.2100000381469727,6931,0.0,0.0
2024-10-18 12:50:00-04:00,2.2100000381469727,2.2100000381469727,2.200000047683716,2.205199956893921,4662,0.0,0.0
2024-10-18 12:55:00-04:00,2.2016000747680664,2.2100000381469727,2.200000047683716,2.200000047683716,4485,0.0,0.0
2024-10-18 13:00:00-04:00,2.2090001106262207,2.2090001106262207,2.2049999237060547,2.2079999446868896,1589,0.0,0.0
2024-10-18 13:05:00-04:00,2.2100000381469727,2.2699999809265137,2.2049999237060547,2.2699999809265137,10043,0.0,0.0
2024-10-18 13:10:00-04:00,2.299999952316284,2.319999933242798,2.299999952316284,2.319000005722046,2731,0.0,0.0
2024-10-18 13:15:00-04:00,2.277400016784668,2.299999952316284,2.277400016784668,2.299999952316284,7123,0.0,0.0
2024-10-18 13:25:00-04:00,2.319999933242798,2.369999885559082,2.3066999912261963,2.369999885559082,7274,0.0,0.0
2024-10-18 13:30:00-04:00,2.380000114440918,2.380000114440918,2.380000114440918,2.380000114440918,132,0.0,0.0
2024-10-18 13:35:00-04:00,2.3585000038146973,2.359999895095825,2.3550000190734863,2.3550000190734863,2770,0.0,0.0
2024-10-18 13:40:00-04:00,2.3780999183654785,2.3780999183654785,2.369999885559082,2.369999885559082,1863,0.0,0.0
2024-10-18 13:45:00-04:00,2.359999895095825,2.369999885559082,2.359999895095825,2.3643999099731445,3658,0.0,0.0
2024-10-18 13:50:00-04:00,2.365000009536743,2.365000009536743,2.3601999282836914,2.3601999282836914,1208,0.0,0.0
2024-10-18 13:55:00-04:00,2.3666000366210938,2.369999885559082,2.359999895095825,2.369999885559082,3092,0.0,0.0
2024-10-18 14:00:00-04:00,2.365000009536743,2.390000104904175,2.365000009536743,2.390000104904175,403,0.0,0.0
2024-10-18 14:05:00-04:00,2.376800060272217,2.390000104904175,2.376800060272217,2.390000104904175,1510,0.0,0.0
2024-10-18 14:10:00-04:00,2.4000000953674316,2.4100000858306885,2.4000000953674316,2.4100000858306885,3865,0.0,0.0
2024-10-18 14:15:00-04:00,2.4100000858306885,2.4100000858306885,2.4100000858306885,2.4100000858306885,984,0.0,0.0
2024-10-18 14:20:00-04:00,2.401099920272827,2.401099920272827,2.401099920272827,2.401099920272827,514,0.0,0.0
2024-10-18 14:25:00-04:00,2.4100000858306885,2.4100000858306885,2.4100000858306885,2.4100000858306885,9929,0.0,0.0
2024-10-18 14:30:00-04:00,2.440000057220459,2.440000057220459,2.424999952316284,2.424999952316284,1124,0.0,0.0
2024-10-18 14:35:00-04:00,2.400099992752075,2.446500062942505,2.400099992752075,2.446500062942505,2026,0.0,0.0
2024-10-18 14:40:00-04:00,2.424999952316284,2.424999952316284,2.424999952316284,2.424999952316284,0,0.0,0.0
2024-10-18 14:45:00-04:00,2.4600000381469727,2.4600000381469727,2.450000047683716,2.4600000381469727,879,0.0,0.0
2024-10-18 14:50:00-04:00,2.4600000381469727,2.4600000381469727,2.4000000953674316,2.430000066757202,3922,0.0,0.0
2024-10-18 14:55:00-04:00,2.390000104904175,2.390000104904175,2.350100040435791,2.350100040435791,4061,0.0,0.0
2024-10-18 15:00:00-04:00,2.350100040435791,2.350100040435791,2.350100040435791,2.350100040435791,525,0.0,0.0
2024-10-18 15:05:00-04:00,2.380000114440918,2.380000114440918,2.380000114440918,2.380000114440918,900,0.0,0.0
2024-10-18 15:10:00-04:00,2.365000009536743,2.365000009536743,2.3499999046325684,2.3499999046325684,470,0.0,0.0
2024-10-18 15:15:00-04:00,2.3459999561309814,2.3496999740600586,2.3399999141693115,2.3399999141693115,980,0.0,0.0
2024-10-18 15:20:00-04:00,2.3399999141693115,2.3399999141693115,2.3299999237060547,2.3399999141693115,2049,0.0,0.0
2024-10-18 15:25:00-04:00,2.364799976348877,2.375,2.364799976348877,2.375,8273,0.0,0.0
2024-10-18 15:30:00-04:00,2.3821001052856445,2.4000000953674316,2.350100040435791,2.4000000953674316,7000,0.0,0.0
2024-10-18 15:35:00-04:00,2.3989999294281006,2.4000000953674316,2.3989999294281006,2.4000000953674316,600,0.0,0.0
2024-10-18 15:40:00-04:00,2.398200035095215,2.440000057220459,2.390000104904175,2.440000057220459,2227,0.0,0.0
2024-10-18 15:45:00-04:00,2.430000066757202,2.430000066757202,2.430000066757202,2.430000066757202,312,0.0,0.0
2024-10-18 15:50:00-04:00,2.430000066757202,2.450000047683716,2.424999952316284,2.424999952316284,1885,0.0,0.0
2024-10-18 15:55:00-04:00,2.450000047683716,2.450000047683716,2.4100000858306885,2.440000057220459,3639,0.0,0.0
2024-10-21 09:30:00-04:00,2.4100000858306885,2.448699951171875,2.4100000858306885,2.448699951171875,6105,0.0,0.0
2024-10-21 09:50:00-04:00,2.4600000381469727,2.499500036239624,2.4600000381469727,2.4749999046325684,3680,0.0,0.0
2024-10-21 09:55:00-04:00,2.4749999046325684,2.490000009536743,2.4200000762939453,2.490000009536743,5102,0.0,0.0
2024-10-21 10:00:00-04:00,2.490000009536743,2.490000009536743,2.490000009536743,2.490000009536743,1098,0.0,0.0
2024-10-21 10:05:00-04:00,2.490000009536743,2.490000009536743,2.490000009536743,2.490000009536743,1000,0.0,0.0
2024-10-21 10:10:00-04:00,2.4856998920440674,2.4856998920440674,2.4511001110076904,2.4511001110076904,0,0.0,0.0
2024-10-21 10:15:00-04:00,2.447200059890747,2.447200059890747,2.434000015258789,2.434000015258789,2612,0.0,0.0
2024-10-21 10:20:00-04:00,2.430000066757202,2.430000066757202,2.4200000762939453,2.430000066757202,1589,0.0,0.0
2024-10-21 10:35:00-04:00,2.450000047683716,2.450000047683716,2.4402999877929688,2.4402999877929688,608,0.0,0.0
2024-10-21 10:45:00-04:00,2.440000057220459,2.440000057220459,2.440000057220459,2.440000057220459,146,0.0,0.0
2024-10-21 11:00:00-04:00,2.450000047683716,2.4649999141693115,2.450000047683716,2.4649999141693115,942,0.0,0.0
2024-10-21 11:05:00-04:00,2.4539999961853027,2.4539999961853027,2.4539999961853027,2.4539999961853027,260,0.0,0.0
2024-10-21 11:15:00-04:00,2.45740008354187,2.45740008354187,2.45740008354187,2.45740008354187,200,0.0,0.0
2024-10-21 11:20:00-04:00,2.490000009536743,2.490000009536743,2.490000009536743,2.490000009536743,100,0.0,0.0
2024-10-21 11:25:00-04:00,2.4800000190734863,2.4800000190734863,2.4800000190734863,2.4800000190734863,613,0.0,0.0
2024-10-21 11:30:00-04:00,2.4700000286102295,2.4700000286102295,2.4700000286102295,2.4700000286102295,330,0.0,0.0
2024-10-21 11:45:00-04:00,2.4700000286102295,2.4700000286102295,2.4000000953674316,2.4000000953674316,8894,0.0,0.0
2024-10-21 11:50:00-04:00,2.440000057220459,2.440000057220459,2.440000057220459,2.440000057220459,1084,0.0,0.0
2024-10-21 11:55:00-04:00,2.440000057220459,2.440000057220459,2.440000057220459,2.440000057220459,1342,0.0,0.0
2024-10-21 12:05:00-04:00,2.4054999351501465,2.440000057220459,2.4054999351501465,2.4054999351501465,1141,0.0,0.0
2024-10-21 12:20:00-04:00,2.4600000381469727,2.4600000381469727,2.421099901199341,2.421099901199341,535,0.0,0.0
2024-10-21 12:35:00-04:00,2.4600000381469727,2.4600000381469727,2.4600000381469727,2.4600000381469727,110,0.0,0.0
2024-10-21 12:45:00-04:00,2.450000047683716,2.450000047683716,2.440000057220459,2.450000047683716,429,0.0,0.0
2024-10-21 12:55:00-04:00,2.450000047683716,2.450000047683716,2.450000047683716,2.450000047683716,410,0.0,0.0
2024-10-21 13:00:00-04:00,2.4600000381469727,2.4800000190734863,2.440000057220459,2.440000057220459,4070,0.0,0.0
2024-10-21 13:15:00-04:00,2.4700000286102295,2.4700000286102295,2.4700000286102295,2.4700000286102295,0,0.0,0.0
2024-10-21 13:25:00-04:00,2.474100112915039,2.474100112915039,2.474100112915039,2.474100112915039,200,0.0,0.0
2024-10-21 13:30:00-04:00,2.4700000286102295,2.4700000286102295,2.4700000286102295,2.4700000286102295,230,0.0,0.0
2024-10-21 13:35:00-04:00,2.4583001136779785,2.4583001136779785,2.430000066757202,2.430000066757202,1638,0.0,0.0
2024-10-21 13:55:00-04:00,2.450000047683716,2.456399917602539,2.450000047683716,2.456399917602539,305,0.0,0.0
2024-10-21 14:10:00-04:00,2.4600000381469727,2.4600000381469727,2.4600000381469727,2.4600000381469727,632,0.0,0.0
2024-10-21 14:20:00-04:00,2.444999933242798,2.444999933242798,2.444999933242798,2.444999933242798,210,0.0,0.0
2024-10-21 14:25:00-04:00,2.430000066757202,2.430000066757202,2.430000066757202,2.430000066757202,3283,0.0,0.0
2024-10-21 14:55:00-04:00,2.424999952316284,2.424999952316284,2.424999952316284,2.424999952316284,977,0.0,0.0
2024-10-21 15:00:00-04:00,2.440000057220459,2.440000057220459,2.440000057220459,2.440000057220459,172,0.0,0.0
2024-10-21 15:10:00-04:00,2.4200000762939453,2.4200000762939453,2.380000114440918,2.380000114440918,5139,0.0,0.0
2024-10-21 15:30:00-04:00,2.4049999713897705,2.4049999713897705,2.4049999713897705,2.4049999713897705,200,0.0,0.0
2024-10-21 15:35:00-04:00,2.3949999809265137,2.3949999809265137,2.3949999809265137,2.3949999809265137,310,0.0,0.0
2024-10-21 15:45:00-04:00,2.4200000762939453,2.4200000762939453,2.4200000762939453,2.4200000762939453,220,0.0,0.0
2024-10-21 15:50:00-04:00,2.430000066757202,2.430000066757202,2.430000066757202,2.430000066757202,460,0.0,0.0
2024-10-21 15:55:00-04:00,2.430000066757202,2.450000047683716,2.428999900817871,2.450000047683716,3353,0.0,0.0
2024-10-22 09:30:00-04:00,2.390000104904175,2.4000000953674316,2.390000104904175,2.390000104904175,5804,0.0,0.0
2024-10-22 09:45:00-04:00,2.4100000858306885,2.4100000858306885,2.4000000953674316,2.4000000953674316,2396,0.0,0.0
2024-10-22 09:50:00-04:00,2.371000051498413,2.3891000747680664,2.371000051498413,2.3891000747680664,1230,0.0,0.0
2024-10-22 10:00:00-04:00,2.3949999809265137,2.3949999809265137,2.3949999809265137,2.3949999809265137,3600,0.0,0.0
2024-10-22 10:10:00-04:00,2.369999885559082,2.369999885559082,2.369999885559082,2.369999885559082,844,0.0,0.0
2024-10-22 10:15:00-04:00,2.3701999187469482,2.3701999187469482,2.3299999237060547,2.3299999237060547,3313,0.0,0.0
2024-10-22 10:25:00-04:00,2.3299999237060547,2.3299999237060547,2.3299999237060547,2.3299999237060547,200,0.0,0.0
2024-10-22 10:35:00-04:00,2.3886001110076904,2.3886001110076904,2.3886001110076904,2.3886001110076904,1000,0.0,0.0
2024-10-22 10:40:00-04:00,2.359999895095825,2.359999895095825,2.359999895095825,2.359999895095825,641,0.0,0.0
2024-10-22 11:25:00-04:00,2.375,2.375,2.375,2.375,750,0.0,0.0
2024-10-22 11:35:00-04:00,2.369999885559082,2.369999885559082,2.359999895095825,2.359999895095825,0,0.0,0.0
2024-10-22 11:45:00-04:00,2.359999895095825,2.359999895095825,2.359999895095825,2.359999895095825,1143,0.0,0.0
2024-10-22 11:55:00-04:00,2.3559999465942383,2.3559999465942383,2.3559999465942383,2.3559999465942383,165,0.0,0.0
2024-10-22 12:00:00-04:00,2.3399999141693115,2.3399999141693115,2.3399999141693115,2.3399999141693115,230,0.0,0.0
2024-10-22 12:10:00-04:00,2.359999895095825,2.359999895095825,2.3299999237060547,2.3299999237060547,978,0.0,0.0
2024-10-22 12:30:00-04:00,2.3375000953674316,2.3375000953674316,2.3375000953674316,2.3375000953674316,2836,0.0,0.0
2024-10-22 14:25:00-04:00,2.3010001182556152,2.3010001182556152,2.300299882888794,2.300299882888794,2207,0.0,0.0
2024-10-22 14:30:00-04:00,2.3440001010894775,2.3440001010894775,2.3440001010894775,2.3440001010894775,132,0.0,0.0
2024-10-22 15:00:00-04:00,2.299999952316284,2.299999952316284,2.299999952316284,2.299999952316284,185,0.0,0.0
2024-10-22 15:10:00-04:00,2.315000057220459,2.315000057220459,2.315000057220459,2.315000057220459,1453,0.0,0.0
2024-10-22 15:15:00-04:00,2.3299999237060547,2.3299999237060547,2.299999952316284,2.3262999057769775,824,0.0,0.0
2024-10-22 15:25:00-04:00,2.3192999362945557,2.3192999362945557,2.3192999362945557,2.3192999362945557,1527,0.0,0.0
2024-10-22 15:30:00-04:00,2.299999952316284,2.299999952316284,2.299999952316284,2.299999952316284,1432,0.0,0.0
2024-10-22 15:35:00-04:00,2.299999952316284,2.299999952316284,2.2899999618530273,2.2899999618530273,85,0.0,0.0
2024-10-22 15:40:00-04:00,2.2799999713897705,2.2799999713897705,2.2799999713897705,2.2799999713897705,859,0.0,0.0
2024-10-22 15:45:00-04:00,2.259999990463257,2.2679998874664307,2.259999990463257,2.263200044631958,2166,0.0,0.0
2024-10-22 15:50:00-04:00,2.29830002784729,2.29830002784729,2.29830002784729,2.29830002784729,0,0.0,0.0
2024-10-22 15:55:00-04:00,2.315999984741211,2.315999984741211,2.315999984741211,2.315999984741211,206,0.0,0.0
2024-10-23 09:30:00-04:00,2.259999990463257,2.259999990463257,2.259999990463257,2.259999990463257,395,0.0,0.0
2024-10-23 09:45:00-04:00,2.4240000247955322,2.4240000247955322,2.2843000888824463,2.2843000888824463,4347,0.0,0.0
2024-10-23 09:50:00-04:00,2.2899999618530273,2.319999933242798,2.270400047302246,2.319999933242798,3687,0.0,0.0
2024-10-23 09:55:00-04:00,2.3619000911712646,2.3619000911712646,2.2699999809265137,2.3499999046325684,1510,0.0,0.0
2024-10-23 10:00:00-04:00,2.2799999713897705,2.3499999046325684,2.2699999809265137,2.3499999046325684,1109,0.0,0.0
2024-10-23 10:05:00-04:00,2.3499999046325684,2.359999895095825,2.315000057220459,2.315000057220459,3740,0.0,0.0
2024-10-23 10:35:00-04:00,2.319999933242798,2.319999933242798,2.319999933242798,2.319999933242798,629,0.0,0.0
2024-10-23 11:05:00-04:00,2.2699999809265137,2.2699999809265137,2.2699999809265137,2.2699999809265137,2320,0.0,0.0
2024-10-23 11:30:00-04:00,2.309999942779541,2.309999942779541,2.309999942779541,2.309999942779541,3400,0.0,0.0
2024-10-23 11:35:00-04:00,2.309999942779541,2.309999942779541,2.309999942779541,2.309999942779541,0,0.0,0.0
2024-10-23 12:25:00-04:00,2.2799999713897705,2.299999952316284,2.2799999713897705,2.299999952316284,491,0.0,0.0
2024-10-23 12:30:00-04:00,2.299999952316284,2.299999952316284,2.299999952316284,2.299999952316284,200,0.0,0.0
2024-10-23 12:35:00-04:00,2.2999000549316406,2.299999952316284,2.2913999557495117,2.2913999557495117,1276,0.0,0.0
2024-10-23 12:40:00-04:00,2.2899999618530273,2.2899999618530273,2.2899999618530273,2.2899999618530273,1070,0.0,0.0
2024-10-23 13:05:00-04:00,2.2760000228881836,2.2760000228881836,2.2760000228881836,2.2760000228881836,1267,0.0,0.0
2024-10-23 13:30:00-04:00,2.2699999809265137,2.2709999084472656,2.2699999809265137,2.2701001167297363,2562,0.0,0.0
2024-10-23 13:45:00-04:00,2.259999990463257,2.259999990463257,2.25,2.25,1286,0.0,0.0
2024-10-23 13:55:00-04:00,2.25,2.25,2.25,2.25,598,0.0,0.0
2024-10-23 14:10:00-04:00,2.244999885559082,2.244999885559082,2.244999885559082,2.244999885559082,200,0.0,0.0
2024-10-23 14:15:00-04:00,2.25,2.25,2.25,2.25,911,0.0,0.0
2024-10-23 14:25:00-04:00,2.220099925994873,2.259999990463257,2.220099925994873,2.2535998821258545,895,0.0,0.0
2024-10-23 14:35:00-04:00,2.2407000064849854,2.2407000064849854,2.2407000064849854,2.2407000064849854,900,0.0,0.0
2024-10-23 14:40:00-04:00,2.2200000286102295,2.2200000286102295,2.2200000286102295,2.2200000286102295,0,0.0,0.0
2024-10-23 15:00:00-04:00,2.240000009536743,2.240000009536743,2.240000009536743,2.240000009536743,232,0.0,0.0
2024-10-23 15:05:00-04:00,2.222399950027466,2.222399950027466,2.222399950027466,2.222399950027466,571,0.0,0.0
2024-10-23 15:20:00-04:00,2.2200000286102295,2.2200000286102295,2.2200000286102295,2.2200000286102295,1381,0.0,0.0
2024-10-23 15:25:00-04:00,2.200000047683716,2.200000047683716,2.200000047683716,2.200000047683716,710,0.0,0.0
2024-10-23 15:30:00-04:00,2.2149999141693115,2.2200000286102295,2.200000047683716,2.2200000286102295,3931,0.0,0.0
2024-10-23 15:35:00-04:00,2.2214999198913574,2.2214999198913574,2.2214999198913574,2.2214999198913574,583,0.0,0.0
2024-10-23 15:40:00-04:00,2.200000047683716,2.200000047683716,2.200000047683716,2.200000047683716,0,0.0,0.0
2024-10-23 15:45:00-04:00,2.2200000286102295,2.2200000286102295,2.2200000286102295,2.2200000286102295,494,0.0,0.0
2024-10-23 15:50:00-04:00,2.240000009536743,2.25,2.2200000286102295,2.2300000190734863,1901,0.0,0.0
2024-10-23 15:55:00-04:00,2.2699999809265137,2.2699999809265137,2.2200000286102295,2.2200000286102295,821,0.0,0.0
2024-10-24 09:30:00-04:00,2.25,2.25,2.25,2.25,1313,0.0,0.0
2024-10-24 09:35:00-04:00,2.2799999713897705,2.2799999713897705,2.265000104904175,2.2755000591278076,1020,0.0,0.0
2024-10-24 09:40:00-04:00,2.259999990463257,2.259999990463257,2.25,2.25,1891,0.0,0.0
2024-10-24 09:50:00-04:00,2.2202999591827393,2.2202999591827393,2.2202999591827393,2.2202999591827393,3051,0.0,0.0
2024-10-24 09:55:00-04:00,2.259999990463257,2.3199000358581543,2.259999990463257,2.3199000358581543,5830,0.0,0.0
2024-10-24 10:00:00-04:00,2.280100107192993,2.280100107192993,2.2799999713897705,2.2799999713897705,0,0.0,0.0
2024-10-24 10:20:00-04:00,2.265000104904175,2.265000104904175,2.265000104904175,2.265000104904175,606,0.0,0.0
2024-10-24 10:40:00-04:00,2.2750000953674316,2.2750000953674316,2.2750000953674316,2.2750000953674316,1000,0.0,0.0
2024-10-24 10:50:00-04:00,2.25,2.25,2.25,2.25,0,0.0,0.0
2024-10-24 11:05:00-04:00,2.2934000492095947,2.2934000492095947,2.2934000492095947,2.2934000492095947,536,0.0,0.0
2024-10-24 11:55:00-04:00,2.2699999809265137,2.2699999809265137,2.244999885559082,2.244999885559082,802,0.0,0.0
2024-10-24 12:00:00-04:00,2.2695000171661377,2.2695000171661377,2.2695000171661377,2.2695000171661377,200,0.0,0.0
2024-10-24 12:05:00-04:00,2.244999885559082,2.244999885559082,2.244999885559082,2.244999885559082,336,0.0,0.0
2024-10-24 12:15:00-04:00,2.244999885559082,2.244999885559082,2.244999885559082,2.244999885559082,0,0.0,0.0
2024-10-24 12:25:00-04:00,2.240000009536743,2.240000009536743,2.240000009536743,2.240000009536743,5338,0.0,0.0
2024-10-24 12:45:00-04:00,2.2499001026153564,2.2499001026153564,2.2499001026153564,2.2499001026153564,211,0.0,0.0
2024-10-24 12:55:00-04:00,2.249000072479248,2.249000072479248,2.249000072479248,2.249000072479248,800,0.0,0.0
2024-10-24 13:00:00-04:00,2.245500087738037,2.25,2.245500087738037,2.25,343,0.0,0.0
2024-10-24 13:20:00-04:00,2.249000072479248,2.249000072479248,2.2200000286102295,2.2200000286102295,654,0.0,0.0
2024-10-24 13:25:00-04:00,2.2346999645233154,2.2346999645233154,2.2346999645233154,2.2346999645233154,959,0.0,0.0
2024-10-24 14:50:00-04:00,2.239000082015991,2.239000082015991,2.2339999675750732,2.2339999675750732,539,0.0,0.0
2024-10-24 15:15:00-04:00,2.2300000190734863,2.2300000190734863,2.2300000190734863,2.2300000190734863,200,0.0,0.0
2024-10-24 15:20:00-04:00,2.2300000190734863,2.2300000190734863,2.2300000190734863,2.2300000190734863,100,0.0,0.0
2024-10-24 15:25:00-04:00,2.240000009536743,2.240000009536743,2.240000009536743,2.240000009536743,100,0.0,0.0
2024-10-24 15:30:00-04:00,2.240000009536743,2.240000009536743,2.240000009536743,2.240000009536743,252,0.0,0.0
2024-10-24 15:35:00-04:00,2.240000009536743,2.259700059890747,2.240000009536743,2.259700059890747,733,0.0,0.0
2024-10-24 15:40:00-04:00,2.2337000370025635,2.2337000370025635,2.2337000370025635,2.2337000370025635,697,0.0,0.0
2024-10-24 15:55:00-04:00,2.2799999713897705,2.2799999713897705,2.2799999713897705,2.2799999713897705,253,0.0,0.0
2024-10-25 09:30:00-04:00,2.3499999046325684,2.364300012588501,2.305000066757202,2.309999942779541,10691,0.0,0.0
2024-10-25 09:40:00-04:00,2.3580000400543213,2.359999895095825,2.3499999046325684,2.359999895095825,964,0.0,0.0
2024-10-25 09:45:00-04:00,2.369999885559082,2.369999885559082,2.328000068664551,2.3350000381469727,3463,0.0,0.0
2024-10-25 09:50:00-04:00,2.3350000381469727,2.3350000381469727,2.3350000381469727,2.3350000381469727,763,0.0,0.0
2024-10-25 09:55:00-04:00,2.369999885559082,2.409899950027466,2.369999885559082,2.4000000953674316,5438,0.0,0.0
2024-10-25 10:00:00-04:00,2.3499999046325684,2.4000000953674316,2.3499999046325684,2.359999895095825,2023,0.0,0.0
2024-10-25 10:05:00-04:00,2.390000104904175,2.390000104904175,2.359999895095825,2.359999895095825,310,0.0,0.0
2024-10-25 10:10:00-04:00,2.4000000953674316,2.4000000953674316,2.375999927520752,2.4000000953674316,771,0.0,0.0
2024-10-25 10:15:00-04:00,2.380000114440918,2.380000114440918,2.380000114440918,2.380000114440918,252,0.0,0.0
2024-10-25 10:20:00-04:00,2.359999895095825,2.359999895095825,2.359999895095825,2.359999895095825,300,0.0,0.0
2024-10-25 10:25:00-04:00,2.390000104904175,2.4000000953674316,2.390000104904175,2.4000000953674316,670,0.0,0.0
2024-10-25 10:30:00-04:00,2.384999990463257,2.384999990463257,2.384999990463257,2.384999990463257,715,0.0,0.0
2024-10-25 10:40:00-04:00,2.359999895095825,2.359999895095825,2.359999895095825,2.359999895095825,970,0.0,0.0
2024-10-25 10:45:00-04:00,2.3299999237060547,2.3299999237060547,2.3299999237060547,2.3299999237060547,410,0.0,0.0
2024-10-25 10:50:00-04:00,2.319999933242798,2.319999933242798,2.2699999809265137,2.2699999809265137,4893,0.0,0.0
2024-10-25 11:05:00-04:00,2.339900016784668,2.339900016784668,2.339900016784668,2.339900016784668,230,0.0,0.0
2024-10-25 11:10:00-04:00,2.31850004196167,2.31850004196167,2.31850004196167,2.31850004196167,900,0.0,0.0
2024-10-25 11:40:00-04:00,2.339900016784668,2.339900016784668,2.339900016784668,2.339900016784668,604,0.0,0.0
2024-10-25 11:45:00-04:00,2.319999933242798,2.319999933242798,2.319999933242798,2.319999933242798,179,0.0,0.0
2024-10-25 11:50:00-04:00,2.315000057220459,2.316699981689453,2.315000057220459,2.316699981689453,100,0.0,0.0
2024-10-25 12:00:00-04:00,2.3399999141693115,2.3399999141693115,2.3399999141693115,2.3399999141693115,1180,0.0,0.0
2024-10-25 12:05:00-04:00,2.3299999237060547,2.3499999046325684,2.300100088119507,2.300100088119507,5441,0.0,0.0
2024-10-25 12:10:00-04:00,2.2799999713897705,2.2799999713897705,2.2799999713897705,2.2799999713897705,2119,0.0,0.0
2024-10-25 12:35:00-04:00,2.299999952316284,2.299999952316284,2.299999952316284,2.299999952316284,369,0.0,0.0
2024-10-25 12:45:00-04:00,2.2799999713897705,2.2820000648498535,2.2799999713897705,2.2820000648498535,901,0.0,0.0
2024-10-25 13:00:00-04:00,2.289400100708008,2.319999933242798,2.2799999713897705,2.305000066757202,11256,0.0,0.0
2024-10-25 13:05:00-04:00,2.3399999141693115,2.3399999141693115,2.3399999141693115,2.3399999141693115,151,0.0,0.0
2024-10-25 13:20:00-04:00,2.2941999435424805,2.319999933242798,2.2941999435424805,2.319999933242798,650,0.0,0.0
2024-10-25 13:30:00-04:00,2.3299999237060547,2.3299999237060547,2.3299999237060547,2.3299999237060547,500,0.0,0.0
2024-10-25 13:40:00-04:00,2.3299999237060547,2.3299999237060547,2.329900026321411,2.3299999237060547,1120,0.0,0.0
2024-10-25 14:10:00-04:00,2.3194000720977783,2.3194000720977783,2.3194000720977783,2.3194000720977783,286,0.0,0.0
2024-10-25 14:45:00-04:00,2.299999952316284,2.299999952316284,2.299999952316284,2.299999952316284,200,0.0,0.0
2024-10-25 14:50:00-04:00,2.309999942779541,2.3499999046325684,2.309999942779541,2.3499999046325684,2249,0.0,0.0
2024-10-25 15:15:00-04:00,2.329200029373169,2.329200029373169,2.329200029373169,2.329200029373169,400,0.0,0.0
2024-10-25 15:20:00-04:00,2.3201000690460205,2.3201000690460205,2.3201000690460205,2.3201000690460205,49,0.0,0.0
2024-10-25 15:35:00-04:00,2.3152999877929688,2.319999933242798,2.3152999877929688,2.319999933242798,443,0.0,0.0
2024-10-25 15:40:00-04:00,2.319999933242798,2.319999933242798,2.319999933242798,2.319999933242798,1300,0.0,0.0
2024-10-25 15:55:00-04:00,2.3299999237060547,2.3499999046325684,2.3299999237060547,2.3299999237060547,2818,0.0,0.0
2024-10-28 09:30:00-04:00,2.4000000953674316,2.4000000953674316,2.4000000953674316,2.4000000953674316,4866,0.0,0.0
2024-10-28 09:35:00-04:00,2.359999895095825,2.359999895095825,2.359999895095825,2.359999895095825,1479,0.0,0.0
2024-10-28 09:50:00-04:00,2.3299999237060547,2.3299999237060547,2.3299999237060547,2.3299999237060547,668,0.0,0.0
2024-10-28 10:05:00-04:00,2.303499937057495,2.303499937057495,2.303499937057495,2.303499937057495,1030,0.0,0.0
2024-10-28 10:20:00-04:00,2.3498001098632812,2.3498001098632812,2.311800003051758,2.311800003051758,1804,0.0,0.0
2024-10-28 10:25:00-04:00,2.3299999237060547,2.359999895095825,2.3299999237060547,2.359999895095825,455,0.0,0.0
2024-10-28 10:30:00-04:00,2.377500057220459,2.377500057220459,2.377500057220459,2.377500057220459,2006,0.0,0.0
2024-10-28 10:50:00-04:00,2.450000047683716,2.450000047683716,2.4100000858306885,2.4100000858306885,1105,0.0,0.0
2024-10-28 10:55:00-04:00,2.440000057220459,2.4586000442504883,2.440000057220459,2.440000057220459,3704,0.0,0.0
2024-10-28 11:15:00-04:00,2.440000057220459,2.440000057220459,2.440000057220459,2.440000057220459,113,0.0,0.0
2024-10-28 11:20:00-04:00,2.4114999771118164,2.4114999771118164,2.4114999771118164,2.4114999771118164,1665,0.0,0.0
2024-10-28 11:35:00-04:00,2.4200000762939453,2.4200000762939453,2.4200000762939453,2.4200000762939453,872,0.0,0.0
2024-10-28 11:40:00-04:00,2.4100000858306885,2.424999952316284,2.4000000953674316,2.424999952316284,835,0.0,0.0
2024-10-28 11:45:00-04:00,2.450000047683716,2.450000047683716,2.425100088119507,2.425100088119507,1381,0.0,0.0
2024-10-28 11:50:00-04:00,2.450000047683716,2.450000047683716,2.450000047683716,2.450000047683716,240,0.0,0.0
2024-10-28 11:55:00-04:00,2.430000066757202,2.430000066757202,2.430000066757202,2.430000066757202,73,0.0,0.0
2024-10-28 12:00:00-04:00,2.450000047683716,2.450000047683716,2.450000047683716,2.450000047683716,105,0.0,0.0
2024-10-28 12:10:00-04:00,2.430000066757202,2.430000066757202,2.430000066757202,2.430000066757202,1050,0.0,0.0
2024-10-28 12:15:00-04:00,2.4100000858306885,2.450000047683716,2.4100000858306885,2.450000047683716,450,0.0,0.0
2024-10-28 12:20:00-04:00,2.450000047683716,2.4700000286102295,2.450000047683716,2.4700000286102295,1460,0.0,0.0
2024-10-28 12:25:00-04:00,2.4600000381469727,2.4600000381469727,2.450000047683716,2.450000047683716,1195,0.0,0.0
2024-10-28 12:30:00-04:00,2.444999933242798,2.444999933242798,2.440000057220459,2.440000057220459,945,0.0,0.0
2024-10-28 12:35:00-04:00,2.444999933242798,2.478300094604492,2.444999933242798,2.4700000286102295,5940,0.0,0.0
2024-10-28 12:40:00-04:00,2.430000066757202,2.4800000190734863,2.430000066757202,2.4800000190734863,3842,0.0,0.0
2024-10-28 12:45:00-04:00,2.4800000190734863,2.4800000190734863,2.430000066757202,2.440000057220459,1290,0.0,0.0
2024-10-28 12:50:00-04:00,2.424999952316284,2.4600000381469727,2.424999952316284,2.4600000381469727,3604,0.0,0.0
2024-10-28 12:55:00-04:00,2.4700000286102295,2.4700000286102295,2.4700000286102295,2.4700000286102295,300,0.0,0.0
2024-10-28 13:00:00-04:00,2.4700000286102295,2.4700000286102295,2.4700000286102295,2.4700000286102295,4000,0.0,0.0
2024-10-28 13:05:00-04:00,2.4700000286102295,2.509999990463257,2.4649999141693115,2.509999990463257,11650,0.0,0.0
2024-10-28 13:10:00-04:00,2.559999942779541,2.569999933242798,2.559999942779541,2.569999933242798,1518,0.0,0.0
2024-10-28 13:15:00-04:00,2.569999933242798,2.5799999237060547,2.569999933242798,2.5799999237060547,824,0.0,0.0
2024-10-28 13:20:00-04:00,2.5899999141693115,2.5899999141693115,2.509999990463257,2.509999990463257,1384,0.0,0.0
2024-10-28 13:25:00-04:00,2.5799999237060547,2.5799999237060547,2.527100086212158,2.527100086212158,2712,0.0,0.0
2024-10-28 13:30:00-04:00,2.5350000858306885,2.5399999618530273,2.5350000858306885,2.5399999618530273,102,0.0,0.0
2024-10-28 13:35:00-04:00,2.5399999618530273,2.549999952316284,2.5399999618530273,2.549999952316284,1303,0.0,0.0
2024-10-28 13:40:00-04:00,2.5399999618530273,2.549999952316284,2.5399999618530273,2.549999952316284,0,0.0,0.0
2024-10-28 13:50:00-04:00,2.478100061416626,2.5399999618530273,2.478100061416626,2.5399999618530273,600,0.0,0.0
2024-10-28 13:55:00-04:00,2.505000114440918,2.5399999618530273,2.505000114440918,2.5399999618530273,739,0.0,0.0
2024-10-28 14:10:00-04:00,2.484999895095825,2.5,2.484999895095825,2.5,1147,0.0,0.0
2024-10-28 14:20:00-04:00,2.4999001026153564,2.4999001026153564,2.4999001026153564,2.4999001026153564,150,0.0,0.0
2024-10-28 14:25:00-04:00,2.484999895095825,2.484999895095825,2.484999895095825,2.484999895095825,647,0.0,0.0
2024-10-28 14:35:00-04:00,2.5,2.5,2.5,2.5,0,0.0,0.0
2024-10-28 14:40:00-04:00,2.4700000286102295,2.4700000286102295,2.4700000286102295,2.4700000286102295,1103,0.0,0.0
2024-10-28 15:00:00-04:00,2.474299907684326,2.474299907684326,2.474299907684326,2.474299907684326,1017,0.0,0.0
2024-10-28 15:25:00-04:00,2.450200080871582,2.450200080871582,2.450000047683716,2.450200080871582,3075,0.0,0.0
2024-10-28 15:55:00-04:00,2.450000047683716,2.4700000286102295,2.450000047683716,2.4670000076293945,8383,0.0,0.0
2024-10-29 09:30:00-04:00,2.440000057220459,2.440000057220459,2.440000057220459,2.440000057220459,498,0.0,0.0
2024-10-29 09:40:00-04:00,2.430000066757202,2.430000066757202,2.430000066757202,2.430000066757202,1168,0.0,0.0
2024-10-29 09:45:00-04:00,2.430000066757202,2.430000066757202,2.430000066757202,2.430000066757202,0,0.0,0.0
2024-10-29 10:05:00-04:00,2.4600000381469727,2.4600000381469727,2.400099992752075,2.424999952316284,2752,0.0,0.0
2024-10-29 10:30:00-04:00,2.42330002784729,2.42330002784729,2.42330002784729,2.42330002784729,2096,0.0,0.0
2024-10-29 10:45:00-04:00,2.4000000953674316,2.4000000953674316,2.384999990463257,2.4000000953674316,770,0.0,0.0
2024-10-29 11:30:00-04:00,2.38100004196167,2.38100004196167,2.380000114440918,2.380000114440918,924,0.0,0.0
2024-10-29 11:35:00-04:00,2.383699893951416,2.383699893951416,2.383699893951416,2.383699893951416,943,0.0,0.0
2024-10-29 11:40:00-04:00,2.3499999046325684,2.3499999046325684,2.3299999237060547,2.3299999237060547,1412,0.0,0.0
2024-10-29 11:55:00-04:00,2.3499999046325684,2.3499999046325684,2.3499999046325684,2.3499999046325684,724,0.0,0.0
2024-10-29 12:05:00-04:00,2.390000104904175,2.390000104904175,2.390000104904175,2.390000104904175,2126,0.0,0.0
2024-10-29 12:30:00-04:00,2.359999895095825,2.359999895095825,2.359999895095825,2.359999895095825,608,0.0,0.0
2024-10-29 12:35:00-04:00,2.390000104904175,2.390000104904175,2.390000104904175,2.390000104904175,3260,0.0,0.0
2024-10-29 12:40:00-04:00,2.390000104904175,2.390000104904175,2.390000104904175,2.390000104904175,1001,0.0,0.0
2024-10-29 12:55:00-04:00,2.336199998855591,2.380000114440918,2.336199998855591,2.380000114440918,1480,0.0,0.0
2024-10-29 13:30:00-04:00,2.376699924468994,2.376699924468994,2.376699924468994,2.376699924468994,2500,0.0,0.0
2024-10-29 13:40:00-04:00,2.384999990463257,2.419800043106079,2.384999990463257,2.419800043106079,0,0.0,0.0
2024-10-29 13:50:00-04:00,2.375,2.375,2.375,2.375,106,0.0,0.0
2024-10-29 14:45:00-04:00,2.419300079345703,2.419300079345703,2.419300079345703,2.419300079345703,494,0.0,0.0
2024-10-29 15:25:00-04:00,2.390000104904175,2.4000000953674316,2.390000104904175,2.4000000953674316,455,0.0,0.0
2024-10-29 15:35:00-04:00,2.38100004196167,2.4100000858306885,2.369999885559082,2.4100000858306885,4264,0.0,0.0
2024-10-29 15:40:00-04:00,2.380000114440918,2.380000114440918,2.380000114440918,2.380000114440918,125,0.0,0.0
2024-10-29 15:45:00-04:00,2.3801000118255615,2.3801000118255615,2.3801000118255615,2.3801000118255615,2500,0.0,0.0
2024-10-29 15:50:00-04:00,2.4100000858306885,2.4100000858306885,2.4100000858306885,2.4100000858306885,1154,0.0,0.0
2024-10-29 15:55:00-04:00,2.4200000762939453,2.4200000762939453,2.4200000762939453,2.4200000762939453,207,0.0,0.0
2024-10-30 09:30:00-04:00,2.380000114440918,2.3801000118255615,2.380000114440918,2.3801000118255615,6262,0.0,0.0
2024-10-30 09:40:00-04:00,2.382999897003174,2.382999897003174,2.382999897003174,2.382999897003174,1167,0.0,0.0
2024-10-30 09:45:00-04:00,2.4100000858306885,2.4100000858306885,2.4100000858306885,2.4100000858306885,245,0.0,0.0
2024-10-30 10:10:00-04:00,2.4100000858306885,2.4200000762939453,2.4100000858306885,2.4200000762939453,1203,0.0,0.0
2024-10-30 10:45:00-04:00,2.380000114440918,2.380000114440918,2.360100030899048,2.360100030899048,7069,0.0,0.0
2024-10-30 10:55:00-04:00,2.390000104904175,2.390000104904175,2.375,2.390000104904175,501,0.0,0.0
2024-10-30 11:00:00-04:00,2.390000104904175,2.390000104904175,2.380000114440918,2.380000114440918,500,0.0,0.0
2024-10-30 11:15:00-04:00,2.4100000858306885,2.4100000858306885,2.4100000858306885,2.4100000858306885,83,0.0,0.0
2024-10-30 11:35:00-04:00,2.4000000953674316,2.4000000953674316,2.4000000953674316,2.4000000953674316,174,0.0,0.0
2024-10-30 11:55:00-04:00,2.369999885559082,2.373699903488159,2.369999885559082,2.373699903488159,1617,0.0,0.0
2024-10-30 12:00:00-04:00,2.4000000953674316,2.4000000953674316,2.4000000953674316,2.4000000953674316,200,0.0,0.0
2024-10-30 12:05:00-04:00,2.3540000915527344,2.3540000915527344,2.3540000915527344,2.3540000915527344,828,0.0,0.0
2024-10-30 12:10:00-04:00,2.3519999980926514,2.369999885559082,2.3499999046325684,2.369999885559082,1711,0.0,0.0
2024-10-30 12:15:00-04:00,2.3722000122070312,2.3722000122070312,2.3722000122070312,2.3722000122070312,753,0.0,0.0
2024-10-30 12:30:00-04:00,2.360100030899048,2.3714001178741455,2.359999895095825,2.3714001178741455,503,0.0,0.0
2024-10-30 12:40:00-04:00,2.3733999729156494,2.3733999729156494,2.369999885559082,2.369999885559082,1820,0.0,0.0
2024-10-30 12:55:00-04:00,2.359999895095825,2.359999895095825,2.359999895095825,2.359999895095825,606,0.0,0.0
2024-10-30 13:25:00-04:00,2.359999895095825,2.359999895095825,2.3499999046325684,2.359999895095825,735,0.0,0.0
2024-10-30 13:30:00-04:00,2.3499999046325684,2.3499999046325684,2.3499999046325684,2.3499999046325684,9085,0.0,0.0
2024-10-30 13:40:00-04:00,2.359999895095825,2.359999895095825,2.33270001411438,2.33270001411438,4309,0.0,0.0
2024-10-30 13:45:00-04:00,2.359999895095825,2.365000009536743,2.3499999046325684,2.359999895095825,3330,0.0,0.0
2024-10-30 13:50:00-04:00,2.4000000953674316,2.4000000953674316,2.3301000595092773,2.3301000595092773,900,0.0,0.0
2024-10-30 14:00:00-04:00,2.375,2.375,2.375,2.375,2149,0.0,0.0
2024-10-30 14:10:00-04:00,2.4100000858306885,2.4100000858306885,2.4100000858306885,2.4100000858306885,0,0.0,0.0
2024-10-30 14:20:00-04:00,2.4100000858306885,2.4100000858306885,2.4100000858306885,2.4100000858306885,100,0.0,0.0
2024-10-30 14:25:00-04:00,2.405600070953369,2.4100000858306885,2.405600070953369,2.4100000858306885,1245,0.0,0.0
2024-10-30 14:35:00-04:00,2.4100000858306885,2.4100000858306885,2.4100000858306885,2.4100000858306885,300,0.0,0.0
2024-10-30 14:45:00-04:00,2.4100000858306885,2.4100000858306885,2.4100000858306885,2.4100000858306885,100,0.0,0.0
2024-10-30 14:55:00-04:00,2.3782999515533447,2.3782999515533447,2.3782999515533447,2.3782999515533447,1,0.0,0.0
2024-10-30 15:05:00-04:00,2.4100000858306885,2.4100000858306885,2.399899959564209,2.399899959564209,1164,0.0,0.0
2024-10-30 15:10:00-04:00,2.3729000091552734,2.4100000858306885,2.369499921798706,2.4100000858306885,1433,0.0,0.0
2024-10-30 15:20:00-04:00,2.4100000858306885,2.4100000858306885,2.4100000858306885,2.4100000858306885,34,0.0,0.0
2024-10-30 15:25:00-04:00,2.369999885559082,2.369999885559082,2.369999885559082,2.369999885559082,1184,0.0,0.0
2024-10-30 15:40:00-04:00,2.390000104904175,2.390000104904175,2.390000104904175,2.390000104904175,200,0.0,0.0
2024-10-30 15:50:00-04:00,2.390000104904175,2.390000104904175,2.390000104904175,2.390000104904175,233,0.0,0.0
2024-10-30 15:55:00-04:00,2.390000104904175,2.390000104904175,2.390000104904175,2.390000104904175,989,0.0,0.0
2024-10-31 09:30:00-04:00,2.380000114440918,2.4100000858306885,2.3399999141693115,2.3499999046325684,3476,0.0,0.0
2024-10-31 09:50:00-04:00,2.3450000286102295,2.3450000286102295,2.3450000286102295,2.3450000286102295,9179,0.0,0.0
2024-10-31 09:55:00-04:00,2.380000114440918,2.390000104904175,2.380000114440918,2.390000104904175,210,0.0,0.0
2024-10-31 10:00:00-04:00,2.390000104904175,2.390000104904175,2.369999885559082,2.390000104904175,1597,0.0,0.0
2024-10-31 10:05:00-04:00,2.375,2.375,2.375,2.375,300,0.0,0.0
2024-10-31 10:15:00-04:00,2.390000104904175,2.390000104904175,2.390000104904175,2.390000104904175,3119,0.0,0.0
2024-10-31 10:20:00-04:00,2.4000000953674316,2.4000000953674316,2.4000000953674316,2.4000000953674316,320,0.0,0.0
2024-10-31 10:25:00-04:00,2.4000000953674316,2.4000000953674316,2.4000000953674316,2.4000000953674316,248,0.0,0.0
2024-10-31 10:40:00-04:00,2.390000104904175,2.4000000953674316,2.390000104904175,2.4000000953674316,397,0.0,0.0
2024-10-31 10:50:00-04:00,2.390000104904175,2.390000104904175,2.390000104904175,2.390000104904175,200,0.0,0.0
2024-10-31 10:55:00-04:00,2.390000104904175,2.390000104904175,2.390000104904175,2.390000104904175,539,0.0,0.0
2024-10-31 11:05:00-04:00,2.4000000953674316,2.4000000953674316,2.4000000953674316,2.4000000953674316,200,0.0,0.0
2024-10-31 11:10:00-04:00,2.390000104904175,2.390000104904175,2.390000104904175,2.390000104904175,728,0.0,0.0
2024-10-31 11:15:00-04:00,2.358599901199341,2.39490008354187,2.358599901199341,2.39490008354187,602,0.0,0.0
2024-10-31 11:20:00-04:00,2.350100040435791,2.351300001144409,2.3399999141693115,2.3501999378204346,9855,0.0,0.0
2024-10-31 11:45:00-04:00,2.3399999141693115,2.3399999141693115,2.3299999237060547,2.3299999237060547,354,0.0,0.0
2024-10-31 11:50:00-04:00,2.3399999141693115,2.3399999141693115,2.3399999141693115,2.3399999141693115,200,0.0,0.0
2024-10-31 12:00:00-04:00,2.3399999141693115,2.3399999141693115,2.3399999141693115,2.3399999141693115,615,0.0,0.0
2024-10-31 12:05:00-04:00,2.3399999141693115,2.3399999141693115,2.319999933242798,2.319999933242798,243,0.0,0.0
2024-10-31 12:20:00-04:00,2.3299999237060547,2.3299999237060547,2.3299999237060547,2.3299999237060547,113,0.0,0.0
2024-10-31 12:25:00-04:00,2.315000057220459,2.315000057220459,2.315000057220459,2.315000057220459,0,0.0,0.0
2024-10-31 12:35:00-04:00,2.299999952316284,2.3299999237060547,2.299999952316284,2.3299999237060547,33760,0.0,0.0
2024-10-31 12:40:00-04:00,2.3399999141693115,2.3399999141693115,2.3399999141693115,2.3399999141693115,400,0.0,0.0
2024-10-31 12:55:00-04:00,2.319999933242798,2.319999933242798,2.319999933242798,2.319999933242798,331,0.0,0.0
2024-10-31 13:30:00-04:00,2.319999933242798,2.319999933242798,2.2799999713897705,2.2899999618530273,2486,0.0,0.0
2024-10-31 13:35:00-04:00,2.2899999618530273,2.2899999618530273,2.28439998626709,2.28439998626709,263,0.0,0.0
2024-10-31 14:00:00-04:00,2.299999952316284,2.299999952316284,2.299999952316284,2.299999952316284,206,0.0,0.0
2024-10-31 14:35:00-04:00,2.2799999713897705,2.2799999713897705,2.2799999713897705,2.2799999713897705,261,0.0,0.0
2024-10-31 14:40:00-04:00,2.2799999713897705,2.2799999713897705,2.2799999713897705,2.2799999713897705,200,0.0,0.0
2024-10-31 14:50:00-04:00,2.2899999618530273,2.2899999618530273,2.2899999618530273,2.2899999618530273,125,0.0,0.0
2024-10-31 14:55:00-04:00,2.2699999809265137,2.2723000049591064,2.2699999809265137,2.2723000049591064,1025,0.0,0.0
2024-10-31 15:40:00-04:00,2.299999952316284,2.299999952316284,2.299999952316284,2.299999952316284,342,0.0,0.0
2024-10-31 15:45:00-04:00,2.299999952316284,2.299999952316284,2.299999952316284,2.299999952316284,3686,0.0,0.0
2024-10-31 15:50:00-04:00,2.3087000846862793,2.3087000846862793,2.2950000762939453,2.2950000762939453,903,0.0,0.0
2024-10-31 15:55:00-04:00,2.309999942779541,2.309999942779541,2.309999942779541,2.309999942779541,235,0.0,0.0
2024-11-01 09:30:00-04:00,2.299999952316284,2.299999952316284,2.299999952316284,2.299999952316284,3586,0.0,0.0
2024-11-01 09:40:00-04:00,2.2699999809265137,2.279900074005127,2.2699999809265137,2.279900074005127,932,0.0,0.0
2024-11-01 09:50:00-04:00,2.2899999618530273,2.315000057220459,2.2899999618530273,2.315000057220459,2074,0.0,0.0
2024-11-01 09:55:00-04:00,2.309999942779541,2.3299999237060547,2.309999942779541,2.3299999237060547,1032,0.0,0.0
2024-11-01 10:30:00-04:00,2.299999952316284,2.336199998855591,2.299999952316284,2.336199998855591,1638,0.0,0.0
2024-11-01 10:35:00-04:00,2.3231000900268555,2.3231000900268555,2.3231000900268555,2.3231000900268555,813,0.0,0.0
2024-11-01 10:40:00-04:00,2.3399999141693115,2.3399999141693115,2.3399999141693115,2.3399999141693115,210,0.0,0.0
2024-11-01 10:50:00-04:00,2.3399999141693115,2.3399999141693115,2.3399999141693115,2.3399999141693115,1411,0.0,0.0
2024-11-01 11:00:00-04:00,2.299999952316284,2.299999952316284,2.299999952316284,2.299999952316284,205,0.0,0.0
2024-11-01 11:15:00-04:00,2.319999933242798,2.3499999046325684,2.319999933242798,2.3499999046325684,6808,0.0,0.0
2024-11-01 11:20:00-04:00,2.3399999141693115,2.3399999141693115,2.3399999141693115,2.3399999141693115,1072,0.0,0.0
2024-11-01 11:25:00-04:00,2.3299999237060547,2.3499999046325684,2.325000047683716,2.3499999046325684,4654,0.0,0.0
2024-11-01 11:30:00-04:00,2.3299999237060547,2.3299999237060547,2.3299999237060547,2.3299999237060547,1,0.0,0.0
2024-11-01 11:35:00-04:00,2.3299999237060547,2.3299999237060547,2.3299999237060547,2.3299999237060547,523,0.0,0.0
2024-11-01 11:45:00-04:00,2.3001999855041504,2.315000057220459,2.2899999618530273,2.299999952316284,4002,0.0,0.0
2024-11-01 11:50:00-04:00,2.299999952316284,2.299999952316284,2.299999952316284,2.299999952316284,400,0.0,0.0
2024-11-01 11:55:00-04:00,2.299999952316284,2.309999942779541,2.299999952316284,2.299999952316284,3967,0.0,0.0
2024-11-01 12:00:00-04:00,2.3299999237060547,2.3399999141693115,2.300100088119507,2.300100088119507,603,0.0,0.0
2024-11-01 12:10:00-04:00,2.3399999141693115,2.3399999141693115,2.3399999141693115,2.3399999141693115,200,0.0,0.0
2024-11-01 12:15:00-04:00,2.3399999141693115,2.3399999141693115,2.3115999698638916,2.3399999141693115,372,0.0,0.0
2024-11-01 12:30:00-04:00,2.3399999141693115,2.3399999141693115,2.3399999141693115,2.3399999141693115,183,0.0,0.0
2024-11-01 12:40:00-04:00,2.309999942779541,2.3104000091552734,2.309999942779541,2.3104000091552734,2153,0.0,0.0
2024-11-01 12:45:00-04:00,2.299999952316284,2.299999952316284,2.299999952316284,2.299999952316284,0,0.0,0.0
2024-11-01 12:50:00-04:00,2.299999952316284,2.299999952316284,2.2799999713897705,2.299999952316284,2396,0.0,0.0
2024-11-01 12:55:00-04:00,2.2899999618530273,2.2899999618530273,2.2899999618530273,2.2899999618530273,479,0.0,0.0
2024-11-01 13:00:00-04:00,2.2850000858306885,2.2899999618530273,2.2850000858306885,2.2899999618530273,514,0.0,0.0
2024-11-01 13:05:00-04:00,2.2799999713897705,2.2799999713897705,2.2799999713897705,2.2799999713897705,6394,0.0,0.0
2024-11-01 13:10:00-04:00,2.259999990463257,2.259999990463257,2.259999990463257,2.259999990463257,491,0.0,0.0
2024-11-01 13:15:00-04:00,2.259999990463257,2.2799999713897705,2.259999990463257,2.2799999713897705,253,0.0,0.0
2024-11-01 13:20:00-04:00,2.2799999713897705,2.2799999713897705,2.2799999713897705,2.2799999713897705,400,0.0,0.0
2024-11-01 13:25:00-04:00,2.2899999618530273,2.299999952316284,2.2899999618530273,2.299999952316284,140,0.0,0.0
2024-11-01 13:30:00-04:00,2.2709999084472656,2.2709999084472656,2.2699999809265137,2.2701001167297363,3100,0.0,0.0
2024-11-01 13:55:00-04:00,2.259999990463257,2.259999990463257,2.259999990463257,2.259999990463257,106,0.0,0.0
2024-11-01 14:10:00-04:00,2.278599977493286,2.278599977493286,2.278599977493286,2.278599977493286,610,0.0,0.0
2024-11-01 14:15:00-04:00,2.2790000438690186,2.2799999713897705,2.2790000438690186,2.2799999713897705,1195,0.0,0.0
2024-11-01 14:25:00-04:00,2.2799999713897705,2.299999952316284,2.2799999713897705,2.299999952316284,265,0.0,0.0
2024-11-01 15:10:00-04:00,2.2850000858306885,2.2850000858306885,2.2850000858306885,2.2850000858306885,112,0.0,0.0
2024-11-01 15:30:00-04:00,2.295599937438965,2.295599937438965,2.295599937438965,2.295599937438965,212,0.0,0.0
2024-11-01 15:35:00-04:00,2.299999952316284,2.299999952316284,2.2850000858306885,2.2850000858306885,400,0.0,0.0
2024-11-01 15:40:00-04:00,2.2850000858306885,2.2850000858306885,2.2850000858306885,2.2850000858306885,1917,0.0,0.0
2024-11-01 15:50:00-04:00,2.2899999618530273,2.2899999618530273,2.2899999618530273,2.2899999618530273,417,0.0,0.0
2024-11-01 15:55:00-04:00,2.299999952316284,2.299999952316284,2.2699999809265137,2.2699999809265137,943,0.0,0.0
2024-11-04 09:30:00-05:00,2.2699999809265137,2.2699999809265137,2.2699999809265137,2.2699999809265137,1508,0.0,0.0
2024-11-04 09:35:00-05:00,2.2300000190734863,2.2300000190734863,2.2300000190734863,2.2300000190734863,2981,0.0,0.0
2024-11-04 09:40:00-05:00,2.2047998905181885,2.2047998905181885,2.2047998905181885,2.2047998905181885,6415,0.0,0.0
2024-11-04 09:45:00-05:00,2.200000047683716,2.200000047683716,2.200000047683716,2.200000047683716,671,0.0,0.0
2024-11-04 09:50:00-05:00,2.200000047683716,2.2149999141693115,2.190000057220459,2.2149999141693115,2464,0.0,0.0
2024-11-04 09:55:00-05:00,2.194999933242798,2.2100000381469727,2.174999952316284,2.174999952316284,3598,0.0,0.0
2024-11-04 10:00:00-05:00,2.174999952316284,2.200000047683716,2.174999952316284,2.180000066757202,1419,0.0,0.0
2024-11-04 10:05:00-05:00,2.180000066757202,2.2249999046325684,2.180000066757202,2.2249999046325684,3352,0.0,0.0
2024-11-04 10:10:00-05:00,2.244999885559082,2.244999885559082,2.244999885559082,2.244999885559082,1573,0.0,0.0
2024-11-04 10:40:00-05:00,2.25,2.25,2.25,2.25,372,0.0,0.0
2024-11-04 10:45:00-05:00,2.240000009536743,2.240000009536743,2.240000009536743,2.240000009536743,14,0.0,0.0
2024-11-04 10:50:00-05:00,2.259999990463257,2.259999990463257,2.259999990463257,2.259999990463257,212,0.0,0.0
2024-11-04 11:00:00-05:00,2.2751998901367188,2.2751998901367188,2.2751998901367188,2.2751998901367188,184,0.0,0.0
2024-11-04 11:20:00-05:00,2.2607998847961426,2.2607998847961426,2.2607998847961426,2.2607998847961426,1134,0.0,0.0
2024-11-04 11:45:00-05:00,2.240000009536743,2.240000009536743,2.240000009536743,2.240000009536743,301,0.0,0.0
2024-11-04 11:50:00-05:00,2.240000009536743,2.240000009536743,2.240000009536743,2.240000009536743,110,0.0,0.0
2024-11-04 11:55:00-05:00,2.240000009536743,2.240000009536743,2.240000009536743,2.240000009536743,1288,0.0,0.0
2024-11-04 12:00:00-05:00,2.234999895095825,2.25,2.234999895095825,2.25,1195,0.0,0.0
2024-11-04 12:10:00-05:00,2.23009991645813,2.23009991645813,2.23009991645813,2.23009991645813,1461,0.0,0.0
2024-11-04 12:30:00-05:00,2.2899999618530273,2.2899999618530273,2.2899999618530273,2.2899999618530273,191,0.0,0.0
2024-11-04 12:35:00-05:00,2.2899999618530273,2.2899999618530273,2.2848000526428223,2.2848000526428223,2068,0.0,0.0
2024-11-04 12:40:00-05:00,2.309999942779541,2.309999942779541,2.309999942779541,2.309999942779541,674,0.0,0.0
2024-11-04 12:55:00-05:00,2.309999942779541,2.309999942779541,2.309999942779541,2.309999942779541,1548,0.0,0.0
2024-11-04 13:00:00-05:00,2.309999942779541,2.309999942779541,2.309999942779541,2.309999942779541,400,0.0,0.0
2024-11-04 13:20:00-05:00,2.305000066757202,2.305000066757202,2.305000066757202,2.305000066757202,425,0.0,0.0
2024-11-04 13:25:00-05:00,2.2918999195098877,2.2918999195098877,2.2918999195098877,2.2918999195098877,2789,0.0,0.0
2024-11-04 14:20:00-05:00,2.2929000854492188,2.2929000854492188,2.2929000854492188,2.2929000854492188,527,0.0,0.0
2024-11-04 14:25:00-05:00,2.312999963760376,2.312999963760376,2.312999963760376,2.312999963760376,1489,0.0,0.0
2024-11-04 15:55:00-05:00,2.299999952316284,2.309999942779541,2.2799999713897705,2.309999942779541,2817,0.0,0.0
2024-11-05 09:35:00-05:00,2.2553999423980713,2.2799999713897705,2.2200000286102295,2.2200000286102295,9468,0.0,0.0
2024-11-05 09:55:00-05:00,2.227099895477295,2.227099895477295,2.227099895477295,2.227099895477295,0,0.0,0.0
2024-11-05 10:20:00-05:00,2.240999937057495,2.2799999713897705,2.240000009536743,2.2799999713897705,1230,0.0,0.0
2024-11-05 10:25:00-05:00,2.259999990463257,2.259999990463257,2.259999990463257,2.259999990463257,129,0.0,0.0
2024-11-05 10:35:00-05:00,2.25,2.2899999618530273,2.25,2.265000104904175,10816,0.0,0.0
2024-11-05 10:40:00-05:00,2.265899896621704,2.2899999618530273,2.265000104904175,2.2899999618530273,1700,0.0,0.0
2024-11-05 10:45:00-05:00,2.2899999618530273,2.299999952316284,2.2899999618530273,2.299999952316284,960,0.0,0.0
2024-11-05 10:50:00-05:00,2.319999933242798,2.319999933242798,2.319999933242798,2.319999933242798,242,0.0,0.0
2024-11-05 10:55:00-05:00,2.2799999713897705,2.3399999141693115,2.2799999713897705,2.3399999141693115,457,0.0,0.0
2024-11-05 11:05:00-05:00,2.3299999237060547,2.3299999237060547,2.3299999237060547,2.3299999237060547,225,0.0,0.0
2024-11-05 11:15:00-05:00,2.299999952316284,2.299999952316284,2.25,2.25,2559,0.0,0.0
2024-11-05 11:25:00-05:00,2.2899999618530273,2.2899999618530273,2.2899999618530273,2.2899999618530273,103,0.0,0.0
2024-11-05 11:35:00-05:00,2.319999933242798,2.319999933242798,2.299999952316284,2.319999933242798,977,0.0,0.0
2024-11-05 11:40:00-05:00,2.2699999809265137,2.2699999809265137,2.2699999809265137,2.2699999809265137,3055,0.0,0.0
2024-11-05 11:45:00-05:00,2.3299999237060547,2.3299999237060547,2.315000057220459,2.315000057220459,2184,0.0,0.0
2024-11-05 11:50:00-05:00,2.3299999237060547,2.3299999237060547,2.3299999237060547,2.3299999237060547,763,0.0,0.0
2024-11-05 12:05:00-05:00,2.3550000190734863,2.3550000190734863,2.3550000190734863,2.3550000190734863,1317,0.0,0.0
2024-11-05 12:10:00-05:00,2.319999933242798,2.319999933242798,2.319999933242798,2.319999933242798,1459,0.0,0.0
2024-11-05 12:15:00-05:00,2.384999990463257,2.384999990463257,2.384999990463257,2.384999990463257,1381,0.0,0.0
2024-11-05 12:20:00-05:00,2.399399995803833,2.3994998931884766,2.365000009536743,2.365000009536743,8091,0.0,0.0
2024-11-05 12:35:00-05:00,2.350100040435791,2.350100040435791,2.350100040435791,2.350100040435791,751,0.0,0.0
2024-11-05 13:20:00-05:00,2.3299999237060547,2.3299999237060547,2.3299999237060547,2.3299999237060547,201,0.0,0.0
2024-11-05 13:25:00-05:00,2.3399999141693115,2.3399999141693115,2.3399999141693115,2.3399999141693115,216,0.0,0.0
2024-11-05 13:30:00-05:00,2.3457999229431152,2.3457999229431152,2.3457999229431152,2.3457999229431152,137,0.0,0.0
2024-11-05 14:20:00-05:00,2.3445000648498535,2.3445000648498535,2.330399990081787,2.330399990081787,858,0.0,0.0
2024-11-05 14:30:00-05:00,2.3301000595092773,2.3301000595092773,2.3301000595092773,2.3301000595092773,1844,0.0,0.0
2024-11-05 14:40:00-05:00,2.3499999046325684,2.3499999046325684,2.3299999237060547,2.3499999046325684,1753,0.0,0.0
2024-11-05 14:45:00-05:00,2.3499999046325684,2.390000104904175,2.349900007247925,2.360100030899048,1811,0.0,0.0
2024-11-05 14:50:00-05:00,2.359999895095825,2.359999895095825,2.359999895095825,2.359999895095825,200,0.0,0.0
2024-11-05 14:55:00-05:00,2.3499999046325684,2.359999895095825,2.3499999046325684,2.359999895095825,393,0.0,0.0
2024-11-05 15:05:00-05:00,2.359999895095825,2.359999895095825,2.3499999046325684,2.3499999046325684,329,0.0,0.0
2024-11-05 15:45:00-05:00,2.319999933242798,2.319999933242798,2.319999933242798,2.319999933242798,129,0.0,0.0
2024-11-05 15:55:00-05:00,2.359999895095825,2.359999895095825,2.359999895095825,2.359999895095825,102,0.0,0.0
2024-11-06 09:30:00-05:00,2.4000000953674316,2.4000000953674316,2.2300000190734863,2.2400999069213867,7547,0.0,0.0
2024-11-06 09:35:00-05:00,2.200000047683716,2.2100000381469727,2.190000057220459,2.190000057220459,11232,0.0,0.0
2024-11-06 09:40:00-05:00,2.259999990463257,2.3152999877929688,2.190000057220459,2.3152999877929688,10423,0.0,0.0
2024-11-06 09:45:00-05:00,2.240000009536743,2.319999933242798,2.240000009536743,2.240000009536743,4519,0.0,0.0
2024-11-06 09:50:00-05:00,2.2799999713897705,2.3499999046325684,2.2799999713897705,2.299999952316284,5688,0.0,0.0
2024-11-06 09:55:00-05:00,2.299999952316284,2.3399999141693115,2.299999952316284,2.3399999141693115,803,0.0,0.0
2024-11-06 10:00:00-05:00,2.350600004196167,2.350600004196167,2.350600004196167,2.350600004196167,500,0.0,0.0
2024-11-06 10:05:00-05:00,2.3299999237060547,2.359999895095825,2.325000047683716,2.351599931716919,2235,0.0,0.0
2024-11-06 10:10:00-05:00,2.4000000953674316,2.4000000953674316,2.4000000953674316,2.4000000953674316,104,0.0,0.0
2024-11-06 10:15:00-05:00,2.4000000953674316,2.4000000953674316,2.4000000953674316,2.4000000953674316,200,0.0,0.0
2024-11-06 10:20:00-05:00,2.369999885559082,2.369999885559082,2.369999885559082,2.369999885559082,4256,0.0,0.0
2024-11-06 10:40:00-05:00,2.375,2.375,2.3499999046325684,2.3499999046325684,904,0.0,0.0
2024-11-06 10:45:00-05:00,2.3101000785827637,2.369999885559082,2.3101000785827637,2.3698999881744385,3366,0.0,0.0
2024-11-06 10:50:00-05:00,2.369999885559082,2.369999885559082,2.3499999046325684,2.3499999046325684,300,0.0,0.0
2024-11-06 10:55:00-05:00,2.3299999237060547,2.369999885559082,2.3299999237060547,2.369999885559082,732,0.0,0.0
2024-11-06 11:00:00-05:00,2.369999885559082,2.369999885559082,2.3499999046325684,2.3499999046325684,326,0.0,0.0
2024-11-06 11:05:00-05:00,2.390000104904175,2.390000104904175,2.390000104904175,2.390000104904175,300,0.0,0.0
2024-11-06 11:20:00-05:00,2.389899969100952,2.389899969100952,2.339900016784668,2.3889999389648438,3193,0.0,0.0
2024-11-06 11:30:00-05:00,2.380000114440918,2.380000114440918,2.380000114440918,2.380000114440918,320,0.0,0.0
2024-11-06 11:35:00-05:00,2.380000114440918,2.380000114440918,2.380000114440918,2.380000114440918,112,0.0,0.0
2024-11-06 11:40:00-05:00,2.390000104904175,2.390000104904175,2.390000104904175,2.390000104904175,300,0.0,0.0
2024-11-06 11:45:00-05:00,2.390000104904175,2.390000104904175,2.390000104904175,2.390000104904175,100,0.0,0.0
2024-11-06 11:55:00-05:00,2.3784000873565674,2.3784000873565674,2.3784000873565674,2.3784000873565674,393,0.0,0.0
2024-11-06 12:10:00-05:00,2.365000009536743,2.365000009536743,2.365000009536743,2.365000009536743,291,0.0,0.0
2024-11-06 12:15:00-05:00,2.380000114440918,2.380000114440918,2.380000114440918,2.380000114440918,274,0.0,0.0
2024-11-06 12:35:00-05:00,2.369999885559082,2.369999885559082,2.369999885559082,2.369999885559082,810,0.0,0.0
2024-11-06 12:40:00-05:00,2.3620998859405518,2.3620998859405518,2.3620998859405518,2.3620998859405518,200,0.0,0.0
2024-11-06 12:45:00-05:00,2.3798000812530518,2.384700059890747,2.3299999237060547,2.3499999046325684,11105,0.0,0.0
2024-11-06 12:50:00-05:00,2.3399999141693115,2.390000104904175,2.3399999141693115,2.390000104904175,19428,0.0,0.0
2024-11-06 12:55:00-05:00,2.390000104904175,2.4200000762939453,2.390000104904175,2.4200000762939453,9359,0.0,0.0
2024-11-06 13:00:00-05:00,2.440000057220459,2.440000057220459,2.430000066757202,2.440000057220459,1238,0.0,0.0
2024-11-06 13:05:00-05:00,2.440000057220459,2.440000057220459,2.440000057220459,2.440000057220459,799,0.0,0.0
2024-11-06 13:15:00-05:00,2.440000057220459,2.444999933242798,2.440000057220459,2.444999933242798,3690,0.0,0.0
2024-11-06 13:20:00-05:00,2.450000047683716,2.450000047683716,2.450000047683716,2.450000047683716,600,0.0,0.0
2024-11-06 13:40:00-05:00,2.4800000190734863,2.4800000190734863,2.4800000190734863,2.4800000190734863,2225,0.0,0.0
2024-11-06 13:45:00-05:00,2.499799966812134,2.4999001026153564,2.499799966812134,2.4999001026153564,1485,0.0,0.0
2024-11-06 13:50:00-05:00,2.5,2.509999990463257,2.5,2.509999990463257,5395,0.0,0.0
2024-11-06 13:55:00-05:00,2.5399999618530273,2.5399999618530273,2.5299999713897705,2.5350000858306885,1862,0.0,0.0
2024-11-06 14:00:00-05:00,2.5299999713897705,2.5799999237060547,2.5299999713897705,2.5799999237060547,3772,0.0,0.0
2024-11-06 14:05:00-05:00,2.565000057220459,2.589900016784668,2.565000057220459,2.5799999237060547,2562,0.0,0.0
2024-11-06 14:10:00-05:00,2.569999933242798,2.5799999237060547,2.555000066757202,2.555000066757202,1733,0.0,0.0
2024-11-06 14:15:00-05:00,2.5799999237060547,2.5799999237060547,2.5399999618530273,2.5399999618530273,1031,0.0,0.0
2024-11-06 14:20:00-05:00,2.559999942779541,2.559999942779541,2.559999942779541,2.559999942779541,200,0.0,0.0
2024-11-06 14:25:00-05:00,2.549999952316284,2.549999952316284,2.5290000438690186,2.549999952316284,1175,0.0,0.0
2024-11-06 14:30:00-05:00,2.5299999713897705,2.549999952316284,2.509999990463257,2.509999990463257,3752,0.0,0.0
2024-11-06 14:35:00-05:00,2.5399999618530273,2.5399999618530273,2.4600000381469727,2.4600000381469727,4395,0.0,0.0
2024-11-06 14:40:00-05:00,2.5199999809265137,2.5299999713897705,2.5199999809265137,2.5299999713897705,828,0.0,0.0
2024-11-06 14:45:00-05:00,2.5383999347686768,2.538599967956543,2.5215001106262207,2.538599967956543,3136,0.0,0.0
2024-11-06 14:50:00-05:00,2.5399999618530273,2.569999933242798,2.5399999618530273,2.569999933242798,999,0.0,0.0
2024-11-06 14:55:00-05:00,2.555000066757202,2.5799999237060547,2.555000066757202,2.5799999237060547,865,0.0,0.0
2024-11-06 15:00:00-05:00,2.549999952316284,2.5799999237060547,2.549999952316284,2.565000057220459,1362,0.0,0.0
2024-11-06 15:05:00-05:00,2.5799999237060547,2.5799999237060547,2.5799999237060547,2.5799999237060547,1769,0.0,0.0
2024-11-06 15:10:00-05:00,2.589900016784668,2.589900016784668,2.565000057220459,2.565000057220459,2745,0.0,0.0
2024-11-06 15:20:00-05:00,2.550100088119507,2.550100088119507,2.5399999618530273,2.5399999618530273,5012,0.0,0.0
2024-11-06 15:30:00-05:00,2.5058000087738037,2.513400077819824,2.5058000087738037,2.513400077819824,748,0.0,0.0
2024-11-06 15:35:00-05:00,2.5199999809265137,2.5199999809265137,2.5,2.5,1918,0.0,0.0
2024-11-06 15:55:00-05:00,2.5399999618530273,2.5399999618530273,2.5399999618530273,2.5399999618530273,417,0.0,0.0
2024-11-07 09:30:00-05:00,2.549999952316284,2.549999952316284,2.509999990463257,2.509999990463257,1534,0.0,0.0
2024-11-07 09:45:00-05:00,2.546999931335449,2.558000087738037,2.5459001064300537,2.558000087738037,550,0.0,0.0
2024-11-07 09:50:00-05:00,2.5100998878479004,2.5100998878479004,2.5100998878479004,2.5100998878479004,634,0.0,0.0
2024-11-07 09:55:00-05:00,2.594899892807007,2.595400094985962,2.594899892807007,2.595400094985962,3771,0.0,0.0
2024-11-07 10:00:00-05:00,2.5899999141693115,2.5899999141693115,2.588399887084961,2.588399887084961,2728,0.0,0.0
2024-11-07 10:05:00-05:00,2.549999952316284,2.549999952316284,2.5125999450683594,2.5125999450683594,1047,0.0,0.0
2024-11-07 10:10:00-05:00,2.549999952316284,2.5899999141693115,2.509999990463257,2.581700086593628,11395,0.0,0.0
2024-11-07 10:15:00-05:00,2.569999933242798,2.569999933242798,2.569999933242798,2.569999933242798,667,0.0,0.0
2024-11-07 10:20:00-05:00,2.5999999046325684,2.5999999046325684,2.5999999046325684,2.5999999046325684,1998,0.0,0.0
2024-11-07 10:25:00-05:00,2.533400058746338,2.533400058746338,2.5199999809265137,2.5199999809265137,683,0.0,0.0
2024-11-07 10:30:00-05:00,2.5694000720977783,2.5694000720977783,2.5694000720977783,2.5694000720977783,12,0.0,0.0
2024-11-07 10:35:00-05:00,2.5999999046325684,2.6600000858306885,2.5399999618530273,2.619999885559082,6725,0.0,0.0
2024-11-07 10:45:00-05:00,2.619999885559082,2.619999885559082,2.6050000190734863,2.6050000190734863,3671,0.0,0.0
2024-11-07 11:00:00-05:00,2.5999999046325684,2.5999999046325684,2.5999999046325684,2.5999999046325684,600,0.0,0.0
2024-11-07 11:10:00-05:00,2.608099937438965,2.608099937438965,2.608099937438965,2.608099937438965,30,0.0,0.0
2024-11-07 11:15:00-05:00,2.6600000858306885,2.6700000762939453,2.6449999809265137,2.6449999809265137,1352,0.0,0.0
2024-11-07 11:20:00-05:00,2.6449999809265137,2.6449999809265137,2.6449999809265137,2.6449999809265137,578,0.0,0.0
2024-11-07 11:25:00-05:00,2.619999885559082,2.619999885559082,2.5899999141693115,2.5899999141693115,7066,0.0,0.0
2024-11-07 11:30:00-05:00,2.5859999656677246,2.5859999656677246,2.5859999656677246,2.5859999656677246,165,0.0,0.0
2024-11-07 11:35:00-05:00,2.619999885559082,2.619999885559082,2.619999885559082,2.619999885559082,1206,0.0,0.0
2024-11-07 11:45:00-05:00,2.640000104904175,2.640000104904175,2.630000114440918,2.6398000717163086,1515,0.0,0.0
2024-11-07 11:50:00-05:00,2.6698999404907227,2.680000066757202,2.6649999618530273,2.680000066757202,1617,0.0,0.0
2024-11-07 11:55:00-05:00,2.674999952316284,2.674999952316284,2.674999952316284,2.674999952316284,380,0.0,0.0
2024-11-07 12:00:00-05:00,2.700000047683716,2.700000047683716,2.700000047683716,2.700000047683716,140,0.0,0.0
2024-11-07 12:05:00-05:00,2.700000047683716,2.700000047683716,2.700000047683716,2.700000047683716,156,0.0,0.0
2024-11-07 12:25:00-05:00,2.6707000732421875,2.700000047683716,2.6700000762939453,2.700000047683716,3583,0.0,0.0
2024-11-07 12:30:00-05:00,2.6975998878479004,2.6975998878479004,2.6975998878479004,2.6975998878479004,2665,0.0,0.0
2024-11-07 12:35:00-05:00,2.7300000190734863,2.7300000190734863,2.7200000286102295,2.7200000286102295,313,0.0,0.0
2024-11-07 12:40:00-05:00,2.7200000286102295,2.7300000190734863,2.7200000286102295,2.7300000190734863,1578,0.0,0.0
2024-11-07 12:45:00-05:00,2.740000009536743,2.740000009536743,2.7300000190734863,2.740000009536743,1402,0.0,0.0
2024-11-07 12:50:00-05:00,2.740000009536743,2.740000009536743,2.700000047683716,2.700000047683716,2064,0.0,0.0
2024-11-07 12:55:00-05:00,2.700000047683716,2.7300000190734863,2.6949000358581543,2.700000047683716,6625,0.0,0.0
2024-11-07 13:00:00-05:00,2.700000047683716,2.700000047683716,2.697499990463257,2.697499990463257,1398,0.0,0.0
2024-11-07 13:05:00-05:00,2.684999942779541,2.700000047683716,2.6703999042510986,2.700000047683716,6329,0.0,0.0
2024-11-07 13:10:00-05:00,2.684999942779541,2.684999942779541,2.6700000762939453,2.670099973678589,3788,0.0,0.0
2024-11-07 13:15:00-05:00,2.6600000858306885,2.6600000858306885,2.6600000858306885,2.6600000858306885,200,0.0,0.0
2024-11-07 13:20:00-05:00,2.6500000953674316,2.6500000953674316,2.5999999046325684,2.5999999046325684,5538,0.0,0.0
2024-11-07 13:30:00-05:00,2.6584999561309814,2.6584999561309814,2.6584999561309814,2.6584999561309814,180,0.0,0.0
2024-11-07 13:35:00-05:00,2.6500000953674316,2.6500000953674316,2.6500000953674316,2.6500000953674316,1357,0.0,0.0
2024-11-07 13:40:00-05:00,2.6579999923706055,2.6579999923706055,2.6500000953674316,2.6500000953674316,300,0.0,0.0
2024-11-07 13:45:00-05:00,2.6600000858306885,2.680000066757202,2.659899950027466,2.680000066757202,1325,0.0,0.0
2024-11-07 13:50:00-05:00,2.6600000858306885,2.6700000762939453,2.6549999713897705,2.6549999713897705,2659,0.0,0.0
2024-11-07 13:55:00-05:00,2.6700000762939453,2.6700000762939453,2.6700000762939453,2.6700000762939453,497,0.0,0.0
2024-11-07 14:15:00-05:00,2.674999952316284,2.674999952316284,2.669600009918213,2.669600009918213,1300,0.0,0.0
2024-11-07 14:20:00-05:00,2.6700000762939453,2.6700000762939453,2.6700000762939453,2.6700000762939453,4,0.0,0.0
2024-11-07 14:55:00-05:00,2.6700000762939453,2.699899911880493,2.6700000762939453,2.699899911880493,1500,0.0,0.0
2024-11-07 15:00:00-05:00,2.700000047683716,2.700000047683716,2.700000047683716,2.700000047683716,104,0.0,0.0
2024-11-07 15:10:00-05:00,2.6689000129699707,2.6689000129699707,2.6689000129699707,2.6689000129699707,221,0.0,0.0
2024-11-07 15:35:00-05:00,2.6700000762939453,2.6700000762939453,2.6600000858306885,2.6600000858306885,2072,0.0,0.0
2024-11-07 15:55:00-05:00,2.640000104904175,2.6500000953674316,2.630000114440918,2.6500000953674316,1044,0.0,0.0
2024-11-08 09:30:00-05:00,2.630000114440918,2.630000114440918,2.559999942779541,2.559999942779541,6769,0.0,0.0
2024-11-08 09:40:00-05:00,2.569999933242798,2.569999933242798,2.569999933242798,2.569999933242798,5000,0.0,0.0
2024-11-08 09:45:00-05:00,2.559999942779541,2.559999942779541,2.559999942779541,2.559999942779541,0,0.0,0.0
2024-11-08 10:10:00-05:00,2.569999933242798,2.5899999141693115,2.559999942779541,2.5850000381469727,2260,0.0,0.0
2024-11-08 10:15:00-05:00,2.5850000381469727,2.5850000381469727,2.5850000381469727,2.5850000381469727,334,0.0,0.0
2024-11-08 10:25:00-05:00,2.575000047683716,2.575000047683716,2.575000047683716,2.575000047683716,284,0.0,0.0
2024-11-08 10:30:00-05:00,2.5971999168395996,2.5971999168395996,2.5971999168395996,2.5971999168395996,659,0.0,0.0
2024-11-08 10:35:00-05:00,2.563699960708618,2.563699960708618,2.563699960708618,2.563699960708618,208,0.0,0.0
2024-11-08 10:45:00-05:00,2.5999999046325684,2.5999999046325684,2.5999999046325684,2.5999999046325684,305,0.0,0.0
2024-11-08 10:55:00-05:00,2.594599962234497,2.5999999046325684,2.594599962234497,2.5999999046325684,537,0.0,0.0
2024-11-08 11:00:00-05:00,2.5971999168395996,2.5971999168395996,2.581700086593628,2.581700086593628,1315,0.0,0.0
2024-11-08 11:15:00-05:00,2.5822999477386475,2.5822999477386475,2.5822999477386475,2.5822999477386475,852,0.0,0.0
2024-11-08 11:25:00-05:00,2.5957999229431152,2.5957999229431152,2.5957999229431152,2.5957999229431152,0,0.0,0.0
2024-11-08 11:30:00-05:00,2.5799999237060547,2.5799999237060547,2.5799999237060547,2.5799999237060547,875,0.0,0.0
2024-11-08 11:35:00-05:00,2.625499963760376,2.625499963760376,2.625499963760376,2.625499963760376,1060,0.0,0.0
2024-11-08 11:40:00-05:00,2.619800090789795,2.619800090789795,2.619800090789795,2.619800090789795,102,0.0,0.0
2024-11-08 11:50:00-05:00,2.5961999893188477,2.5961999893188477,2.5961999893188477,2.5961999893188477,1000,0.0,0.0
2024-11-08 12:00:00-05:00,2.615000009536743,2.615000009536743,2.615000009536743,2.615000009536743,193,0.0,0.0
2024-11-08 12:05:00-05:00,2.600399971008301,2.600399971008301,2.600399971008301,2.600399971008301,361,0.0,0.0
2024-11-08 12:20:00-05:00,2.622499942779541,2.622499942779541,2.622499942779541,2.622499942779541,1153,0.0,0.0
2024-11-08 12:30:00-05:00,2.619999885559082,2.619999885559082,2.619999885559082,2.619999885559082,392,0.0,0.0
2024-11-08 12:40:00-05:00,2.630000114440918,2.6600000858306885,2.619999885559082,2.6600000858306885,21929,0.0,0.0
2024-11-08 12:45:00-05:00,2.6600000858306885,2.6600000858306885,2.6600000858306885,2.6600000858306885,279,0.0,0.0
2024-11-08 13:25:00-05:00,2.680000066757202,2.680000066757202,2.680000066757202,2.680000066757202,430,0.0,0.0
2024-11-08 14:20:00-05:00,2.674999952316284,2.674999952316284,2.674999952316284,2.674999952316284,219,0.0,0.0
2024-11-08 14:25:00-05:00,2.671999931335449,2.671999931335449,2.6700000762939453,2.6700000762939453,888,0.0,0.0
2024-11-08 14:35:00-05:00,2.640000104904175,2.640000104904175,2.640000104904175,2.640000104904175,702,0.0,0.0
2024-11-08 14:45:00-05:00,2.640000104904175,2.640000104904175,2.640000104904175,2.640000104904175,1000,0.0,0.0
2024-11-08 14:55:00-05:00,2.6600000858306885,2.6600000858306885,2.6600000858306885,2.6600000858306885,191,0.0,0.0
2024-11-08 15:20:00-05:00,2.6600000858306885,2.6600000858306885,2.6600000858306885,2.6600000858306885,510,0.0,0.0
2024-11-08 15:40:00-05:00,2.663800001144409,2.663800001144409,2.663800001144409,2.663800001144409,245,0.0,0.0
2024-11-08 15:55:00-05:00,2.640000104904175,2.6449999809265137,2.632999897003174,2.632999897003174,946,0.0,0.0
