Datetime,Open,High,Low,Close,Volume,Dividends,Stock Splits,Capital Gains
2024-10-09 09:30:00-04:00,27.440000534057617,27.459999084472656,27.40999984741211,27.41010093688965,23663,0.0,0.0,0.0
2024-10-09 09:35:00-04:00,27.40999984741211,27.42930030822754,27.40999984741211,27.40999984741211,2189,0.0,0.0,0.0
2024-10-09 09:40:00-04:00,27.4552001953125,27.477100372314453,27.450000762939453,27.477100372314453,3121,0.0,0.0,0.0
2024-10-09 09:45:00-04:00,27.479999542236328,27.517799377441406,27.450000762939453,27.517799377441406,6813,0.0,0.0,0.0
2024-10-09 09:50:00-04:00,27.519899368286133,27.519899368286133,27.489900588989258,27.489900588989258,1022,0.0,0.0,0.0
2024-10-09 09:55:00-04:00,27.49839973449707,27.499399185180664,27.475900650024414,27.475900650024414,2409,0.0,0.0,0.0
2024-10-09 10:00:00-04:00,27.516199111938477,27.516199111938477,27.459999084472656,27.459999084472656,1459,0.0,0.0,0.0
2024-10-09 10:05:00-04:00,27.4591007232666,27.4591007232666,27.43000030517578,27.43000030517578,10721,0.0,0.0,0.0
2024-10-09 10:10:00-04:00,27.492300033569336,27.509899139404297,27.44499969482422,27.44499969482422,2120,0.0,0.0,0.0
2024-10-09 10:20:00-04:00,27.43000030517578,27.450000762939453,27.43000030517578,27.450000762939453,956,0.0,0.0,0.0
2024-10-09 10:25:00-04:00,27.469999313354492,27.479999542236328,27.454999923706055,27.454999923706055,1919,0.0,0.0,0.0
2024-10-09 10:30:00-04:00,27.483699798583984,27.4950008392334,27.469999313354492,27.469999313354492,904,0.0,0.0,0.0
2024-10-09 10:35:00-04:00,27.5,27.5,27.5,27.5,154,0.0,0.0,0.0
2024-10-09 10:40:00-04:00,27.474599838256836,27.520000457763672,27.474599838256836,27.520000457763672,3256,0.0,0.0,0.0
2024-10-09 10:45:00-04:00,27.514400482177734,27.51889991760254,27.480199813842773,27.517099380493164,2746,0.0,0.0,0.0
2024-10-09 10:50:00-04:00,27.520000457763672,27.57990074157715,27.520000457763672,27.57990074157715,3029,0.0,0.0,0.0
2024-10-09 10:55:00-04:00,27.549999237060547,27.57990074157715,27.549999237060547,27.549999237060547,2116,0.0,0.0,0.0
2024-10-09 11:00:00-04:00,27.549999237060547,27.569599151611328,27.545000076293945,27.545000076293945,2872,0.0,0.0,0.0
2024-10-09 11:05:00-04:00,27.603099822998047,27.6299991607666,27.594999313354492,27.6299991607666,1415,0.0,0.0,0.0
2024-10-09 11:10:00-04:00,27.600000381469727,27.639999389648438,27.600000381469727,27.639400482177734,1626,0.0,0.0,0.0
2024-10-09 11:15:00-04:00,27.629899978637695,27.629899978637695,27.62849998474121,27.62849998474121,913,0.0,0.0,0.0
2024-10-09 11:20:00-04:00,27.629100799560547,27.629100799560547,27.600000381469727,27.60569953918457,1286,0.0,0.0,0.0
2024-10-09 11:25:00-04:00,27.610000610351562,27.63990020751953,27.610000610351562,27.63990020751953,10151,0.0,0.0,0.0
2024-10-09 11:30:00-04:00,27.6299991607666,27.6299991607666,27.600000381469727,27.600000381469727,4782,0.0,0.0,0.0
2024-10-09 11:35:00-04:00,27.62849998474121,27.62849998474121,27.610000610351562,27.610000610351562,1142,0.0,0.0,0.0
2024-10-09 11:40:00-04:00,27.614999771118164,27.614999771118164,27.614999771118164,27.614999771118164,833,0.0,0.0,0.0
2024-10-09 11:45:00-04:00,27.6200008392334,27.639999389648438,27.6200008392334,27.6200008392334,1969,0.0,0.0,0.0
2024-10-09 11:50:00-04:00,27.6289005279541,27.63960075378418,27.620100021362305,27.620100021362305,985,0.0,0.0,0.0
2024-10-09 11:55:00-04:00,27.6299991607666,27.649999618530273,27.6299991607666,27.649999618530273,5099,0.0,0.0,0.0
2024-10-09 12:00:00-04:00,27.649999618530273,27.679899215698242,27.649999618530273,27.649999618530273,901,0.0,0.0,0.0
2024-10-09 12:05:00-04:00,27.665000915527344,27.665000915527344,27.6200008392334,27.636899948120117,1666,0.0,0.0,0.0
2024-10-09 12:10:00-04:00,27.620100021362305,27.669099807739258,27.620100021362305,27.669099807739258,1291,0.0,0.0,0.0
2024-10-09 12:15:00-04:00,27.655000686645508,27.70840072631836,27.655000686645508,27.670000076293945,3526,0.0,0.0,0.0
2024-10-09 12:20:00-04:00,27.665000915527344,27.665000915527344,27.665000915527344,27.665000915527344,416,0.0,0.0,0.0
2024-10-09 12:25:00-04:00,27.63010025024414,27.63010025024414,27.63010025024414,27.63010025024414,305,0.0,0.0,0.0
2024-10-09 12:30:00-04:00,27.624799728393555,27.649999618530273,27.6200008392334,27.6200008392334,1882,0.0,0.0,0.0
2024-10-09 12:35:00-04:00,27.65999984741211,27.65999984741211,27.59000015258789,27.59000015258789,2455,0.0,0.0,0.0
2024-10-09 12:40:00-04:00,27.565000534057617,27.565000534057617,27.565000534057617,27.565000534057617,837,0.0,0.0,0.0
2024-10-09 12:45:00-04:00,27.61280059814453,27.61989974975586,27.594999313354492,27.61989974975586,407,0.0,0.0,0.0
2024-10-09 12:50:00-04:00,27.572900772094727,27.605199813842773,27.572900772094727,27.605199813842773,1099,0.0,0.0,0.0
2024-10-09 12:55:00-04:00,27.610000610351562,27.610000610351562,27.610000610351562,27.610000610351562,3712,0.0,0.0,0.0
2024-10-09 13:00:00-04:00,27.609899520874023,27.609899520874023,27.559999465942383,27.559999465942383,1402,0.0,0.0,0.0
2024-10-09 13:05:00-04:00,27.579999923706055,27.579999923706055,27.579999923706055,27.579999923706055,199,0.0,0.0,0.0
2024-10-09 13:10:00-04:00,27.550100326538086,27.579999923706055,27.550100326538086,27.579999923706055,513,0.0,0.0,0.0
2024-10-09 13:25:00-04:00,27.604999542236328,27.6299991607666,27.579999923706055,27.600000381469727,13480,0.0,0.0,0.0
2024-10-09 13:30:00-04:00,27.600000381469727,27.6200008392334,27.599000930786133,27.6200008392334,6979,0.0,0.0,0.0
2024-10-09 13:35:00-04:00,27.625,27.625,27.625,27.625,842,0.0,0.0,0.0
2024-10-09 13:45:00-04:00,27.6382999420166,27.6382999420166,27.6382999420166,27.6382999420166,499,0.0,0.0,0.0
2024-10-09 13:50:00-04:00,27.625999450683594,27.625999450683594,27.615400314331055,27.615400314331055,479,0.0,0.0,0.0
2024-10-09 13:55:00-04:00,27.6200008392334,27.6200008392334,27.6200008392334,27.6200008392334,425,0.0,0.0,0.0
2024-10-09 14:00:00-04:00,27.6299991607666,27.6299991607666,27.62969970703125,27.62969970703125,1405,0.0,0.0,0.0
2024-10-09 14:05:00-04:00,27.600000381469727,27.600000381469727,27.600000381469727,27.600000381469727,1984,0.0,0.0,0.0
2024-10-09 14:10:00-04:00,27.62459945678711,27.62459945678711,27.62459945678711,27.62459945678711,722,0.0,0.0,0.0
2024-10-09 14:30:00-04:00,27.620500564575195,27.620500564575195,27.620500564575195,27.620500564575195,996,0.0,0.0,0.0
2024-10-09 14:35:00-04:00,27.6200008392334,27.6200008392334,27.6200008392334,27.6200008392334,306,0.0,0.0,0.0
2024-10-09 14:40:00-04:00,27.627399444580078,27.628999710083008,27.61009979248047,27.628999710083008,901,0.0,0.0,0.0
2024-10-09 14:45:00-04:00,27.6299991607666,27.6299991607666,27.6299991607666,27.6299991607666,319,0.0,0.0,0.0
2024-10-09 14:50:00-04:00,27.6200008392334,27.62700080871582,27.6200008392334,27.62700080871582,1888,0.0,0.0,0.0
2024-10-09 14:55:00-04:00,27.6299991607666,27.6299991607666,27.6299991607666,27.6299991607666,501,0.0,0.0,0.0
2024-10-09 15:05:00-04:00,27.620100021362305,27.620100021362305,27.620100021362305,27.620100021362305,824,0.0,0.0,0.0
2024-10-09 15:10:00-04:00,27.669599533081055,27.669599533081055,27.669599533081055,27.669599533081055,306,0.0,0.0,0.0
2024-10-09 15:20:00-04:00,27.665800094604492,27.667999267578125,27.655000686645508,27.667999267578125,1057,0.0,0.0,0.0
2024-10-09 15:25:00-04:00,27.639999389648438,27.639999389648438,27.639999389648438,27.639999389648438,744,0.0,0.0,0.0
2024-10-09 15:30:00-04:00,27.64299964904785,27.65999984741211,27.639999389648438,27.649999618530273,998,0.0,0.0,0.0
2024-10-09 15:35:00-04:00,27.632299423217773,27.659900665283203,27.632299423217773,27.649999618530273,1452,0.0,0.0,0.0
2024-10-09 15:40:00-04:00,27.639999389648438,27.639999389648438,27.6299991607666,27.6299991607666,1878,0.0,0.0,0.0
2024-10-09 15:45:00-04:00,27.6299991607666,27.6299991607666,27.6200008392334,27.6299991607666,2927,0.0,0.0,0.0
2024-10-09 15:50:00-04:00,27.620100021362305,27.620100021362305,27.600000381469727,27.620100021362305,2738,0.0,0.0,0.0
2024-10-09 15:55:00-04:00,27.635000228881836,27.639999389648438,27.610000610351562,27.635000228881836,5320,0.0,0.0,0.0
2024-10-10 09:30:00-04:00,27.639999389648438,27.739900588989258,27.639999389648438,27.739900588989258,6481,0.0,0.0,0.0
2024-10-10 09:35:00-04:00,27.724899291992188,27.724899291992188,27.645000457763672,27.645000457763672,1905,0.0,0.0,0.0
2024-10-10 09:40:00-04:00,27.649999618530273,27.649999618530273,27.649999618530273,27.649999618530273,285,0.0,0.0,0.0
2024-10-10 09:45:00-04:00,27.68199920654297,27.68199920654297,27.624900817871094,27.67169952392578,674,0.0,0.0,0.0
2024-10-10 09:50:00-04:00,27.665000915527344,27.709999084472656,27.65999984741211,27.709999084472656,871,0.0,0.0,0.0
2024-10-10 09:55:00-04:00,27.719999313354492,27.719999313354492,27.719999313354492,27.719999313354492,505,0.0,0.0,0.0
2024-10-10 10:00:00-04:00,27.78339958190918,27.78339958190918,27.75,27.75,1082,0.0,0.0,0.0
2024-10-10 10:05:00-04:00,27.735000610351562,27.75,27.735000610351562,27.75,848,0.0,0.0,0.0
2024-10-10 10:10:00-04:00,27.790000915527344,27.799999237060547,27.77989959716797,27.77989959716797,2731,0.0,0.0,0.0
2024-10-10 10:15:00-04:00,27.802499771118164,27.84000015258789,27.802499771118164,27.81999969482422,2569,0.0,0.0,0.0
2024-10-10 10:20:00-04:00,27.799999237060547,27.799999237060547,27.75,27.75,880,0.0,0.0,0.0
2024-10-10 10:30:00-04:00,27.719999313354492,27.719999313354492,27.719999313354492,27.719999313354492,279,0.0,0.0,0.0
2024-10-10 10:35:00-04:00,27.719999313354492,27.719999313354492,27.719999313354492,27.719999313354492,463,0.0,0.0,0.0
2024-10-10 10:40:00-04:00,27.70009994506836,27.710100173950195,27.70009994506836,27.710100173950195,500,0.0,0.0,0.0
2024-10-10 10:45:00-04:00,27.709999084472656,27.709999084472656,27.709999084472656,27.709999084472656,521,0.0,0.0,0.0
2024-10-10 10:50:00-04:00,27.68000030517578,27.68000030517578,27.68000030517578,27.68000030517578,877,0.0,0.0,0.0
2024-10-10 11:20:00-04:00,27.749000549316406,27.75,27.735000610351562,27.75,1695,0.0,0.0,0.0
2024-10-10 11:25:00-04:00,27.725000381469727,27.739999771118164,27.707599639892578,27.725000381469727,1612,0.0,0.0,0.0
2024-10-10 11:30:00-04:00,27.75,27.75,27.75,27.75,201,0.0,0.0,0.0
2024-10-10 11:35:00-04:00,27.70709991455078,27.70709991455078,27.689800262451172,27.689800262451172,1289,0.0,0.0,0.0
2024-10-10 11:50:00-04:00,27.799999237060547,27.799999237060547,27.799999237060547,27.799999237060547,564,0.0,0.0,0.0
2024-10-10 11:55:00-04:00,27.829999923706055,27.829999923706055,27.809999465942383,27.809999465942383,4936,0.0,0.0,0.0
2024-10-10 12:00:00-04:00,27.84000015258789,27.864999771118164,27.84000015258789,27.864999771118164,609,0.0,0.0,0.0
2024-10-10 12:05:00-04:00,27.8700008392334,27.8700008392334,27.84000015258789,27.84000015258789,606,0.0,0.0,0.0
2024-10-10 12:10:00-04:00,27.84000015258789,27.84000015258789,27.84000015258789,27.84000015258789,614,0.0,0.0,0.0
2024-10-10 12:15:00-04:00,27.850000381469727,27.850000381469727,27.84000015258789,27.84000015258789,200,0.0,0.0,0.0
2024-10-10 12:20:00-04:00,27.81529998779297,27.81529998779297,27.81529998779297,27.81529998779297,102,0.0,0.0,0.0
2024-10-10 12:25:00-04:00,27.81999969482422,27.846799850463867,27.81999969482422,27.846799850463867,407,0.0,0.0,0.0
2024-10-10 12:45:00-04:00,27.760000228881836,27.760000228881836,27.760000228881836,27.760000228881836,961,0.0,0.0,0.0
2024-10-10 12:55:00-04:00,27.729999542236328,27.729999542236328,27.729999542236328,27.729999542236328,332,0.0,0.0,0.0
2024-10-10 13:10:00-04:00,27.735000610351562,27.769100189208984,27.735000610351562,27.769100189208984,390,0.0,0.0,0.0
2024-10-10 13:15:00-04:00,27.765100479125977,27.780000686645508,27.765100479125977,27.780000686645508,391,0.0,0.0,0.0
2024-10-10 13:30:00-04:00,27.780000686645508,27.780000686645508,27.780000686645508,27.780000686645508,142,0.0,0.0,0.0
2024-10-10 13:45:00-04:00,27.859899520874023,27.859899520874023,27.80500030517578,27.80500030517578,339,0.0,0.0,0.0
2024-10-10 13:50:00-04:00,27.760000228881836,27.760000228881836,27.760000228881836,27.760000228881836,101,0.0,0.0,0.0
2024-10-10 13:55:00-04:00,27.795000076293945,27.799999237060547,27.774999618530273,27.799999237060547,335,0.0,0.0,0.0
2024-10-10 14:00:00-04:00,27.790000915527344,27.790000915527344,27.790000915527344,27.790000915527344,572,0.0,0.0,0.0
2024-10-10 14:05:00-04:00,27.800199508666992,27.84000015258789,27.800199508666992,27.84000015258789,537,0.0,0.0,0.0
2024-10-10 14:10:00-04:00,27.799999237060547,27.799999237060547,27.799999237060547,27.799999237060547,299,0.0,0.0,0.0
2024-10-10 14:15:00-04:00,27.770000457763672,27.795000076293945,27.760000228881836,27.795000076293945,400,0.0,0.0,0.0
2024-10-10 14:20:00-04:00,27.799999237060547,27.799999237060547,27.799999237060547,27.799999237060547,123,0.0,0.0,0.0
2024-10-10 14:25:00-04:00,27.780000686645508,27.780000686645508,27.780000686645508,27.780000686645508,100,0.0,0.0,0.0
2024-10-10 14:30:00-04:00,27.790000915527344,27.790000915527344,27.780000686645508,27.790000915527344,300,0.0,0.0,0.0
2024-10-10 14:35:00-04:00,27.790000915527344,27.809999465942383,27.790000915527344,27.809999465942383,432,0.0,0.0,0.0
2024-10-10 14:40:00-04:00,27.815000534057617,27.834999084472656,27.815000534057617,27.834999084472656,1126,0.0,0.0,0.0
2024-10-10 14:50:00-04:00,27.860000610351562,27.860000610351562,27.809999465942383,27.809999465942383,211,0.0,0.0,0.0
2024-10-10 14:55:00-04:00,27.799999237060547,27.799999237060547,27.790000915527344,27.790000915527344,301,0.0,0.0,0.0
2024-10-10 15:00:00-04:00,27.790000915527344,27.797500610351562,27.774999618530273,27.774999618530273,531,0.0,0.0,0.0
2024-10-10 15:05:00-04:00,27.790000915527344,27.809999465942383,27.790000915527344,27.809999465942383,771,0.0,0.0,0.0
2024-10-10 15:10:00-04:00,27.799999237060547,27.809999465942383,27.799999237060547,27.809999465942383,851,0.0,0.0,0.0
2024-10-10 15:15:00-04:00,27.809999465942383,27.809999465942383,27.809999465942383,27.809999465942383,1103,0.0,0.0,0.0
2024-10-10 15:25:00-04:00,27.799999237060547,27.799999237060547,27.799999237060547,27.799999237060547,378,0.0,0.0,0.0
2024-10-10 15:30:00-04:00,27.81999969482422,27.81999969482422,27.81999969482422,27.81999969482422,900,0.0,0.0,0.0
2024-10-10 15:35:00-04:00,27.809999465942383,27.809999465942383,27.799999237060547,27.809999465942383,1111,0.0,0.0,0.0
2024-10-10 15:40:00-04:00,27.822500228881836,27.829999923706055,27.809999465942383,27.809999465942383,1820,0.0,0.0,0.0
2024-10-10 15:45:00-04:00,27.809999465942383,27.81999969482422,27.799999237060547,27.799999237060547,1330,0.0,0.0,0.0
2024-10-10 15:50:00-04:00,27.809999465942383,27.829599380493164,27.790000915527344,27.809999465942383,2202,0.0,0.0,0.0
2024-10-10 15:55:00-04:00,27.829599380493164,27.850000381469727,27.799999237060547,27.809999465942383,5337,0.0,0.0,0.0
2024-10-11 09:30:00-04:00,27.8700008392334,27.8700008392334,27.800100326538086,27.800100326538086,2427,0.0,0.0,0.0
2024-10-11 09:35:00-04:00,27.895000457763672,27.90999984741211,27.889999389648438,27.90999984741211,583,0.0,0.0,0.0
2024-10-11 09:40:00-04:00,27.939899444580078,27.939899444580078,27.90999984741211,27.90999984741211,1295,0.0,0.0,0.0
2024-10-11 09:45:00-04:00,27.920000076293945,27.95709991455078,27.920000076293945,27.93000030517578,1259,0.0,0.0,0.0
2024-10-11 09:50:00-04:00,27.920000076293945,27.920000076293945,27.920000076293945,27.920000076293945,275,0.0,0.0,0.0
2024-10-11 10:00:00-04:00,27.975000381469727,27.99169921875,27.975000381469727,27.99169921875,716,0.0,0.0,0.0
2024-10-11 10:05:00-04:00,28.0,28.040000915527344,28.0,28.040000915527344,2001,0.0,0.0,0.0
2024-10-11 10:25:00-04:00,28.079999923706055,28.10219955444336,28.079999923706055,28.10219955444336,525,0.0,0.0,0.0
2024-10-11 10:30:00-04:00,28.098100662231445,28.098100662231445,28.049999237060547,28.049999237060547,741,0.0,0.0,0.0
2024-10-11 10:35:00-04:00,27.925399780273438,27.925399780273438,27.925399780273438,27.925399780273438,445,0.0,0.0,0.0
2024-10-11 10:40:00-04:00,27.979999542236328,27.979999542236328,27.972999572753906,27.972999572753906,521,0.0,0.0,0.0
2024-10-11 10:45:00-04:00,28.029199600219727,28.029199600219727,28.029199600219727,28.029199600219727,461,0.0,0.0,0.0
2024-10-11 10:50:00-04:00,27.930599212646484,27.985000610351562,27.930599212646484,27.985000610351562,2535,0.0,0.0,0.0
2024-10-11 10:55:00-04:00,28.0,28.0,28.0,28.0,107,0.0,0.0,0.0
2024-10-11 11:00:00-04:00,27.987499237060547,27.987499237060547,27.987499237060547,27.987499237060547,218,0.0,0.0,0.0
2024-10-11 11:05:00-04:00,28.0,28.0,28.0,28.0,290,0.0,0.0,0.0
2024-10-11 11:10:00-04:00,28.0,28.0,28.0,28.0,1124,0.0,0.0,0.0
2024-10-11 11:20:00-04:00,28.010000228881836,28.010000228881836,28.010000228881836,28.010000228881836,4005,0.0,0.0,0.0
2024-10-11 11:30:00-04:00,28.020000457763672,28.030000686645508,28.020000457763672,28.030000686645508,2236,0.0,0.0,0.0
2024-10-11 11:35:00-04:00,27.994600296020508,27.994600296020508,27.994600296020508,27.994600296020508,654,0.0,0.0,0.0
2024-10-11 11:40:00-04:00,28.06999969482422,28.06999969482422,28.06999969482422,28.06999969482422,400,0.0,0.0,0.0
2024-10-11 11:45:00-04:00,28.049999237060547,28.0851993560791,28.049999237060547,28.06999969482422,651,0.0,0.0,0.0
2024-10-11 11:50:00-04:00,28.049999237060547,28.049999237060547,28.049999237060547,28.049999237060547,630,0.0,0.0,0.0
2024-10-11 11:55:00-04:00,28.020000457763672,28.045000076293945,28.020000457763672,28.045000076293945,810,0.0,0.0,0.0
2024-10-11 12:00:00-04:00,28.092500686645508,28.092500686645508,28.092500686645508,28.092500686645508,195,0.0,0.0,0.0
2024-10-11 12:05:00-04:00,28.099300384521484,28.099300384521484,28.06999969482422,28.06999969482422,3014,0.0,0.0,0.0
2024-10-11 12:20:00-04:00,28.04520034790039,28.04520034790039,28.04520034790039,28.04520034790039,1040,0.0,0.0,0.0
2024-10-11 12:25:00-04:00,28.0851993560791,28.144899368286133,28.0851993560791,28.144899368286133,2346,0.0,0.0,0.0
2024-10-11 12:40:00-04:00,28.1299991607666,28.18000030517578,28.06999969482422,28.179899215698242,31481,0.0,0.0,0.0
2024-10-11 12:45:00-04:00,28.179500579833984,28.179500579833984,28.09000015258789,28.135000228881836,2511,0.0,0.0,0.0
2024-10-11 12:50:00-04:00,28.124900817871094,28.149999618530273,28.124900817871094,28.149999618530273,620,0.0,0.0,0.0
2024-10-11 12:55:00-04:00,28.149999618530273,28.149999618530273,28.120800018310547,28.120800018310547,1682,0.0,0.0,0.0
2024-10-11 13:00:00-04:00,28.134300231933594,28.134300231933594,28.134300231933594,28.134300231933594,163,0.0,0.0,0.0
2024-10-11 13:05:00-04:00,28.1200008392334,28.1299991607666,28.1200008392334,28.1200008392334,3013,0.0,0.0,0.0
2024-10-11 13:10:00-04:00,28.1200008392334,28.1200008392334,28.1200008392334,28.1200008392334,152,0.0,0.0,0.0
2024-10-11 13:15:00-04:00,28.094999313354492,28.129899978637695,28.094999313354492,28.129899978637695,1415,0.0,0.0,0.0
2024-10-11 13:20:00-04:00,28.071800231933594,28.128999710083008,28.071800231933594,28.128999710083008,3756,0.0,0.0,0.0
2024-10-11 13:25:00-04:00,28.092300415039062,28.092300415039062,28.092300415039062,28.092300415039062,284,0.0,0.0,0.0
2024-10-11 13:30:00-04:00,28.100000381469727,28.110000610351562,28.06999969482422,28.06999969482422,1093,0.0,0.0,0.0
2024-10-11 13:35:00-04:00,28.1200008392334,28.1200008392334,28.09000015258789,28.1200008392334,545,0.0,0.0,0.0
2024-10-11 13:40:00-04:00,28.1200008392334,28.128700256347656,28.1200008392334,28.128700256347656,931,0.0,0.0,0.0
2024-10-11 13:45:00-04:00,28.09000015258789,28.09000015258789,28.09000015258789,28.09000015258789,154,0.0,0.0,0.0
2024-10-11 13:50:00-04:00,28.100000381469727,28.101831436157227,28.095500946044922,28.095500946044922,690,0.0,0.0,0.0
2024-10-11 13:55:00-04:00,28.119400024414062,28.1200008392334,28.104999542236328,28.1200008392334,2132,0.0,0.0,0.0
2024-10-11 14:00:00-04:00,28.1200008392334,28.1200008392334,28.1200008392334,28.1200008392334,149,0.0,0.0,0.0
2024-10-11 14:05:00-04:00,28.090099334716797,28.1200008392334,28.090099334716797,28.1200008392334,1201,0.0,0.0,0.0
2024-10-11 14:10:00-04:00,28.094999313354492,28.100000381469727,28.094999313354492,28.100000381469727,1513,0.0,0.0,0.0
2024-10-11 14:15:00-04:00,28.090099334716797,28.110000610351562,28.090099334716797,28.110000610351562,769,0.0,0.0,0.0
2024-10-11 14:20:00-04:00,28.093399047851562,28.128999710083008,28.093399047851562,28.110000610351562,2365,0.0,0.0,0.0
2024-10-11 14:25:00-04:00,28.117000579833984,28.117000579833984,28.092500686645508,28.112499237060547,1423,0.0,0.0,0.0
2024-10-11 14:30:00-04:00,28.104999542236328,28.110000610351562,28.104999542236328,28.110000610351562,1460,0.0,0.0,0.0
2024-10-11 14:35:00-04:00,28.118999481201172,28.11949920654297,28.103862762451172,28.11407470703125,3063,0.0,0.0,0.0
2024-10-11 14:40:00-04:00,28.110000610351562,28.11949920654297,28.106000900268555,28.110000610351562,3943,0.0,0.0,0.0
2024-10-11 14:55:00-04:00,28.10700035095215,28.10700035095215,28.10700035095215,28.10700035095215,147,0.0,0.0,0.0
2024-10-11 15:00:00-04:00,28.139999389648438,28.139999389648438,28.13599967956543,28.13599967956543,1441,0.0,0.0,0.0
2024-10-11 15:05:00-04:00,28.135000228881836,28.135000228881836,28.135000228881836,28.135000228881836,244,0.0,0.0,0.0
2024-10-11 15:10:00-04:00,28.135000228881836,28.13559913635254,28.135000228881836,28.13559913635254,611,0.0,0.0,0.0
2024-10-11 15:15:00-04:00,28.139999389648438,28.139999389648438,28.139999389648438,28.139999389648438,796,0.0,0.0,0.0
2024-10-11 15:20:00-04:00,28.139999389648438,28.149999618530273,28.139999389648438,28.140100479125977,2218,0.0,0.0,0.0
2024-10-11 15:25:00-04:00,28.149999618530273,28.149999618530273,28.14150047302246,28.14150047302246,204,0.0,0.0,0.0
2024-10-11 15:30:00-04:00,28.14900016784668,28.149999618530273,28.14900016784668,28.149999618530273,741,0.0,0.0,0.0
2024-10-11 15:40:00-04:00,28.130599975585938,28.130599975585938,28.130599975585938,28.130599975585938,750,0.0,0.0,0.0
2024-10-11 15:45:00-04:00,28.18090057373047,28.189199447631836,28.148099899291992,28.189199447631836,1438,0.0,0.0,0.0
2024-10-11 15:50:00-04:00,28.179899215698242,28.190000534057617,28.1299991607666,28.18000030517578,4543,0.0,0.0,0.0
2024-10-11 15:55:00-04:00,28.190000534057617,28.190000534057617,28.1299991607666,28.190000534057617,8340,0.0,0.0,0.0
2024-10-14 09:30:00-04:00,27.56999969482422,27.61989974975586,27.510000228881836,27.59000015258789,7704,0.0,0.0,0.0
2024-10-14 09:35:00-04:00,27.619199752807617,27.619199752807617,27.545000076293945,27.575000762939453,5390,0.0,0.0,0.0
2024-10-14 09:40:00-04:00,27.59000015258789,27.75,27.584999084472656,27.75,3317,0.0,0.0,0.0
2024-10-14 09:45:00-04:00,27.794200897216797,27.844999313354492,27.73150062561035,27.844999313354492,1537,0.0,0.0,0.0
2024-10-14 09:50:00-04:00,27.90999984741211,27.918899536132812,27.829200744628906,27.864999771118164,3101,0.0,0.0,0.0
2024-10-14 09:55:00-04:00,27.909900665283203,27.909900665283203,27.780000686645508,27.780000686645508,7720,0.0,0.0,0.0
2024-10-14 10:00:00-04:00,27.760000228881836,27.838300704956055,27.760000228881836,27.838300704956055,632,0.0,0.0,0.0
2024-10-14 10:05:00-04:00,27.799999237060547,27.819900512695312,27.681299209594727,27.681299209594727,2662,0.0,0.0,0.0
2024-10-14 10:10:00-04:00,27.75,27.75,27.683399200439453,27.683399200439453,1194,0.0,0.0,0.0
2024-10-14 10:15:00-04:00,27.729999542236328,27.729999542236328,27.656600952148438,27.728500366210938,2229,0.0,0.0,0.0
2024-10-14 10:20:00-04:00,27.68000030517578,27.700000762939453,27.6200008392334,27.68000030517578,1084,0.0,0.0,0.0
2024-10-14 10:25:00-04:00,27.68000030517578,27.725000381469727,27.68000030517578,27.709999084472656,1300,0.0,0.0,0.0
2024-10-14 10:30:00-04:00,27.68000030517578,27.700000762939453,27.6200008392334,27.6299991607666,2999,0.0,0.0,0.0
2024-10-14 10:35:00-04:00,27.63010025024414,27.65999984741211,27.63010025024414,27.655899047851562,1153,0.0,0.0,0.0
2024-10-14 10:40:00-04:00,27.649999618530273,27.690000534057617,27.649999618530273,27.690000534057617,993,0.0,0.0,0.0
2024-10-14 10:45:00-04:00,27.694000244140625,27.694000244140625,27.694000244140625,27.694000244140625,503,0.0,0.0,0.0
2024-10-14 10:55:00-04:00,27.70989990234375,27.70989990234375,27.70989990234375,27.70989990234375,240,0.0,0.0,0.0
2024-10-14 11:00:00-04:00,27.68000030517578,27.68000030517578,27.68000030517578,27.68000030517578,421,0.0,0.0,0.0
2024-10-14 11:05:00-04:00,27.64240074157715,27.699899673461914,27.64240074157715,27.665000915527344,1208,0.0,0.0,0.0
2024-10-14 11:15:00-04:00,27.67490005493164,27.684999465942383,27.655000686645508,27.655000686645508,3422,0.0,0.0,0.0
2024-10-14 11:20:00-04:00,27.649999618530273,27.649999618530273,27.574399948120117,27.6200008392334,5364,0.0,0.0,0.0
2024-10-14 11:25:00-04:00,27.59000015258789,27.610000610351562,27.59000015258789,27.610000610351562,697,0.0,0.0,0.0
2024-10-14 11:30:00-04:00,27.59000015258789,27.659900665283203,27.59000015258789,27.655000686645508,3445,0.0,0.0,0.0
2024-10-14 11:35:00-04:00,27.625,27.688100814819336,27.625,27.688100814819336,4653,0.0,0.0,0.0
2024-10-14 11:40:00-04:00,27.635700225830078,27.659000396728516,27.635700225830078,27.659000396728516,1494,0.0,0.0,0.0
2024-10-14 11:45:00-04:00,27.689899444580078,27.689899444580078,27.689899444580078,27.689899444580078,585,0.0,0.0,0.0
2024-10-14 11:50:00-04:00,27.689899444580078,27.689899444580078,27.6481990814209,27.6481990814209,2456,0.0,0.0,0.0
2024-10-14 11:55:00-04:00,27.6299991607666,27.648399353027344,27.60409927368164,27.6476993560791,4349,0.0,0.0,0.0
2024-10-14 12:00:00-04:00,27.6299991607666,27.634000778198242,27.610000610351562,27.610000610351562,3193,0.0,0.0,0.0
2024-10-14 12:05:00-04:00,27.639999389648438,27.639999389648438,27.639999389648438,27.639999389648438,797,0.0,0.0,0.0
2024-10-14 12:15:00-04:00,27.625,27.625,27.625,27.625,291,0.0,0.0,0.0
2024-10-14 12:20:00-04:00,27.625,27.625,27.600000381469727,27.600000381469727,2750,0.0,0.0,0.0
2024-10-14 12:25:00-04:00,27.600000381469727,27.610000610351562,27.59000015258789,27.59000015258789,2334,0.0,0.0,0.0
2024-10-14 12:30:00-04:00,27.59000015258789,27.604999542236328,27.59000015258789,27.604999542236328,2063,0.0,0.0,0.0
2024-10-14 12:35:00-04:00,27.649999618530273,27.649999618530273,27.639999389648438,27.641000747680664,972,0.0,0.0,0.0
2024-10-14 12:40:00-04:00,27.649999618530273,27.65999984741211,27.63249969482422,27.65999984741211,852,0.0,0.0,0.0
2024-10-14 12:45:00-04:00,27.65999984741211,27.65999984741211,27.649999618530273,27.649999618530273,788,0.0,0.0,0.0
2024-10-14 12:50:00-04:00,27.639999389648438,27.66990089416504,27.6299991607666,27.66990089416504,853,0.0,0.0,0.0
2024-10-14 12:55:00-04:00,27.645000457763672,27.649999618530273,27.645000457763672,27.649999618530273,1218,0.0,0.0,0.0
2024-10-14 13:05:00-04:00,27.649999618530273,27.649999618530273,27.6200008392334,27.625,22679,0.0,0.0,0.0
2024-10-14 13:10:00-04:00,27.63249969482422,27.638999938964844,27.60409927368164,27.638999938964844,2656,0.0,0.0,0.0
2024-10-14 13:15:00-04:00,27.6299991607666,27.6299991607666,27.600000381469727,27.610000610351562,4929,0.0,0.0,0.0
2024-10-14 13:20:00-04:00,27.600000381469727,27.600000381469727,27.56999969482422,27.56999969482422,1824,0.0,0.0,0.0
2024-10-14 13:25:00-04:00,27.549999237060547,27.560100555419922,27.549999237060547,27.560100555419922,474,0.0,0.0,0.0
2024-10-14 13:30:00-04:00,27.584999084472656,27.584999084472656,27.584999084472656,27.584999084472656,107,0.0,0.0,0.0
2024-10-14 13:35:00-04:00,27.59000015258789,27.59000015258789,27.59000015258789,27.59000015258789,547,0.0,0.0,0.0
2024-10-14 13:40:00-04:00,27.59000015258789,27.599899291992188,27.56999969482422,27.59000015258789,15564,0.0,0.0,0.0
2024-10-14 13:45:00-04:00,27.56329917907715,27.56329917907715,27.56329917907715,27.56329917907715,271,0.0,0.0,0.0
2024-10-14 13:50:00-04:00,27.600000381469727,27.600000381469727,27.600000381469727,27.600000381469727,176,0.0,0.0,0.0
2024-10-14 13:55:00-04:00,27.571300506591797,27.610000610351562,27.571300506591797,27.610000610351562,802,0.0,0.0,0.0
2024-10-14 14:00:00-04:00,27.600000381469727,27.600000381469727,27.600000381469727,27.600000381469727,410,0.0,0.0,0.0
2024-10-14 14:05:00-04:00,27.600000381469727,27.600000381469727,27.600000381469727,27.600000381469727,447,0.0,0.0,0.0
2024-10-14 14:10:00-04:00,27.604999542236328,27.6200008392334,27.604999542236328,27.6200008392334,1680,0.0,0.0,0.0
2024-10-14 14:15:00-04:00,27.6200008392334,27.6200008392334,27.6117000579834,27.612499237060547,1260,0.0,0.0,0.0
2024-10-14 14:20:00-04:00,27.6299991607666,27.63960075378418,27.6200008392334,27.6200008392334,11410,0.0,0.0,0.0
2024-10-14 14:30:00-04:00,27.6299991607666,27.6299991607666,27.6299991607666,27.6299991607666,100,0.0,0.0,0.0
2024-10-14 14:35:00-04:00,27.625,27.639999389648438,27.625,27.639999389648438,603,0.0,0.0,0.0
2024-10-14 14:40:00-04:00,27.61009979248047,27.649999618530273,27.61009979248047,27.639999389648438,543,0.0,0.0,0.0
2024-10-14 14:45:00-04:00,27.639999389648438,27.639999389648438,27.614900588989258,27.6299991607666,1000,0.0,0.0,0.0
2024-10-14 14:50:00-04:00,27.639999389648438,27.649900436401367,27.610000610351562,27.610000610351562,848,0.0,0.0,0.0
2024-10-14 14:55:00-04:00,27.623699188232422,27.623699188232422,27.623699188232422,27.623699188232422,1100,0.0,0.0,0.0
2024-10-14 15:00:00-04:00,27.610000610351562,27.610000610351562,27.610000610351562,27.610000610351562,533,0.0,0.0,0.0
2024-10-14 15:05:00-04:00,27.620100021362305,27.669200897216797,27.600099563598633,27.600099563598633,1757,0.0,0.0,0.0
2024-10-14 15:10:00-04:00,27.645000457763672,27.649999618530273,27.645000457763672,27.649999618530273,690,0.0,0.0,0.0
2024-10-14 15:15:00-04:00,27.645000457763672,27.670000076293945,27.6200008392334,27.622400283813477,982,0.0,0.0,0.0
2024-10-14 15:30:00-04:00,27.6299991607666,27.66990089416504,27.6299991607666,27.66990089416504,576,0.0,0.0,0.0
2024-10-14 15:35:00-04:00,27.62299919128418,27.62299919128418,27.62299919128418,27.62299919128418,393,0.0,0.0,0.0
2024-10-14 15:40:00-04:00,27.65999984741211,27.65999984741211,27.620100021362305,27.65999984741211,2345,0.0,0.0,0.0
2024-10-14 15:45:00-04:00,27.65999984741211,27.65999984741211,27.62339973449707,27.649999618530273,3130,0.0,0.0,0.0
2024-10-14 15:50:00-04:00,27.649999618530273,27.649999618530273,27.6200008392334,27.6200008392334,3893,0.0,0.0,0.0
2024-10-14 15:55:00-04:00,27.639999389648438,27.68000030517578,27.6200008392334,27.68000030517578,4408,0.0,0.0,0.0
2024-10-15 09:30:00-04:00,27.329999923706055,27.375600814819336,27.280000686645508,27.375600814819336,41564,0.0,0.0,0.0
2024-10-15 09:35:00-04:00,27.31999969482422,27.35420036315918,27.299999237060547,27.319900512695312,6910,0.0,0.0,0.0
2024-10-15 09:40:00-04:00,27.299999237060547,27.30500030517578,27.260000228881836,27.290000915527344,5874,0.0,0.0,0.0
2024-10-15 09:45:00-04:00,27.290000915527344,27.309999465942383,27.25,27.260000228881836,5110,0.0,0.0,0.0
2024-10-15 09:50:00-04:00,27.253599166870117,27.295499801635742,27.250099182128906,27.270200729370117,2432,0.0,0.0,0.0
2024-10-15 09:55:00-04:00,27.309099197387695,27.309099197387695,27.270000457763672,27.280000686645508,14564,0.0,0.0,0.0
2024-10-15 10:00:00-04:00,27.280000686645508,27.309999465942383,27.260099411010742,27.290000915527344,61544,0.0,0.0,0.0
2024-10-15 10:05:00-04:00,27.295000076293945,27.36989974975586,27.280000686645508,27.350000381469727,18126,0.0,0.0,0.0
2024-10-15 10:10:00-04:00,27.360000610351562,27.39929962158203,27.347299575805664,27.347299575805664,14968,0.0,0.0,0.0
2024-10-15 10:15:00-04:00,27.360000610351562,27.395000457763672,27.329999923706055,27.395000457763672,4890,0.0,0.0,0.0
2024-10-15 10:20:00-04:00,27.409900665283203,27.420000076293945,27.350000381469727,27.35569953918457,9840,0.0,0.0,0.0
2024-10-15 10:25:00-04:00,27.360000610351562,27.368499755859375,27.34000015258789,27.34000015258789,3681,0.0,0.0,0.0
2024-10-15 10:30:00-04:00,27.329999923706055,27.329999923706055,27.270000457763672,27.289899826049805,15377,0.0,0.0,0.0
2024-10-15 10:35:00-04:00,27.28499984741211,27.299699783325195,27.261899948120117,27.270000457763672,13507,0.0,0.0,0.0
2024-10-15 10:40:00-04:00,27.260000228881836,27.299999237060547,27.260000228881836,27.299999237060547,6481,0.0,0.0,0.0
2024-10-15 10:45:00-04:00,27.280000686645508,27.29990005493164,27.265399932861328,27.280000686645508,3107,0.0,0.0,0.0
2024-10-15 10:50:00-04:00,27.290000915527344,27.329999923706055,27.280000686645508,27.329999923706055,7911,0.0,0.0,0.0
2024-10-15 10:55:00-04:00,27.31999969482422,27.329999923706055,27.28499984741211,27.289100646972656,5889,0.0,0.0,0.0
2024-10-15 11:00:00-04:00,27.277999877929688,27.280000686645508,27.261899948120117,27.261899948120117,2220,0.0,0.0,0.0
2024-10-15 11:05:00-04:00,27.270000457763672,27.280000686645508,27.26110076904297,27.274999618530273,6762,0.0,0.0,0.0
2024-10-15 11:10:00-04:00,27.270000457763672,27.290000915527344,27.270000457763672,27.280000686645508,5858,0.0,0.0,0.0
2024-10-15 11:15:00-04:00,27.280000686645508,27.280000686645508,27.270000457763672,27.280000686645508,5601,0.0,0.0,0.0
2024-10-15 11:20:00-04:00,27.298999786376953,27.299999237060547,27.280000686645508,27.289499282836914,5105,0.0,0.0,0.0
2024-10-15 11:25:00-04:00,27.27989959716797,27.289499282836914,27.26110076904297,27.289499282836914,1998,0.0,0.0,0.0
2024-10-15 11:30:00-04:00,27.290000915527344,27.30500030517578,27.280000686645508,27.280000686645508,2476,0.0,0.0,0.0
2024-10-15 11:35:00-04:00,27.280000686645508,27.32990074157715,27.260000228881836,27.260000228881836,10450,0.0,0.0,0.0
2024-10-15 11:40:00-04:00,27.289899826049805,27.289899826049805,27.239999771118164,27.2549991607666,7819,0.0,0.0,0.0
2024-10-15 11:45:00-04:00,27.2549991607666,27.260000228881836,27.190000534057617,27.195999145507812,10012,0.0,0.0,0.0
2024-10-15 11:50:00-04:00,27.200000762939453,27.219999313354492,27.200000762939453,27.219900131225586,1251,0.0,0.0,0.0
2024-10-15 11:55:00-04:00,27.219999313354492,27.219999313354492,27.18269920349121,27.200000762939453,1440,0.0,0.0,0.0
2024-10-15 12:00:00-04:00,27.219900131225586,27.235599517822266,27.189699172973633,27.189699172973633,5205,0.0,0.0,0.0
2024-10-15 12:05:00-04:00,27.209999084472656,27.219999313354492,27.180400848388672,27.219999313354492,1963,0.0,0.0,0.0
2024-10-15 12:10:00-04:00,27.200000762939453,27.248199462890625,27.200000762939453,27.2460994720459,1637,0.0,0.0,0.0
2024-10-15 12:15:00-04:00,27.219999313354492,27.249900817871094,27.219999313354492,27.229999542236328,1074,0.0,0.0,0.0
2024-10-15 12:20:00-04:00,27.259899139404297,27.259899139404297,27.236099243164062,27.236099243164062,865,0.0,0.0,0.0
2024-10-15 12:25:00-04:00,27.249900817871094,27.25,27.235000610351562,27.25,8620,0.0,0.0,0.0
2024-10-15 12:30:00-04:00,27.260000228881836,27.280000686645508,27.2549991607666,27.270000457763672,3088,0.0,0.0,0.0
2024-10-15 12:35:00-04:00,27.270000457763672,27.280000686645508,27.270000457763672,27.280000686645508,8680,0.0,0.0,0.0
2024-10-15 12:40:00-04:00,27.260099411010742,27.270000457763672,27.25,27.25,2172,0.0,0.0,0.0
2024-10-15 12:45:00-04:00,27.239999771118164,27.249799728393555,27.239999771118164,27.249799728393555,2743,0.0,0.0,0.0
2024-10-15 12:50:00-04:00,27.249000549316406,27.25,27.239999771118164,27.2450008392334,930,0.0,0.0,0.0
2024-10-15 12:55:00-04:00,27.260000228881836,27.260000228881836,27.259700775146484,27.259700775146484,1215,0.0,0.0,0.0
2024-10-15 13:00:00-04:00,27.23189926147461,27.259700775146484,27.23189926147461,27.239999771118164,740,0.0,0.0,0.0
2024-10-15 13:05:00-04:00,27.25,27.260000228881836,27.229999542236328,27.235000610351562,3018,0.0,0.0,0.0
2024-10-15 13:10:00-04:00,27.235000610351562,27.259899139404297,27.210100173950195,27.229999542236328,894,0.0,0.0,0.0
2024-10-15 13:15:00-04:00,27.25,27.25,27.211299896240234,27.211299896240234,517,0.0,0.0,0.0
2024-10-15 13:20:00-04:00,27.229999542236328,27.239999771118164,27.229999542236328,27.239999771118164,1717,0.0,0.0,0.0
2024-10-15 13:25:00-04:00,27.21190071105957,27.21190071105957,27.21190071105957,27.21190071105957,100,0.0,0.0,0.0
2024-10-15 13:30:00-04:00,27.229999542236328,27.239299774169922,27.21190071105957,27.21190071105957,2270,0.0,0.0,0.0
2024-10-15 13:35:00-04:00,27.239999771118164,27.239999771118164,27.229999542236328,27.229999542236328,4910,0.0,0.0,0.0
2024-10-15 13:40:00-04:00,27.239999771118164,27.239999771118164,27.229999542236328,27.229999542236328,1286,0.0,0.0,0.0
2024-10-15 13:45:00-04:00,27.249900817871094,27.249900817871094,27.23579978942871,27.24880027770996,2170,0.0,0.0,0.0
2024-10-15 13:50:00-04:00,27.239999771118164,27.239999771118164,27.229999542236328,27.229999542236328,1398,0.0,0.0,0.0
2024-10-15 13:55:00-04:00,27.229999542236328,27.23900032043457,27.225000381469727,27.23900032043457,1140,0.0,0.0,0.0
2024-10-15 14:00:00-04:00,27.229999542236328,27.229999542236328,27.229999542236328,27.229999542236328,659,0.0,0.0,0.0
2024-10-15 14:05:00-04:00,27.209999084472656,27.239099502563477,27.209999084472656,27.23900032043457,8110,0.0,0.0,0.0
2024-10-15 14:10:00-04:00,27.239999771118164,27.25,27.239999771118164,27.25,771,0.0,0.0,0.0
2024-10-15 14:15:00-04:00,27.25,27.25,27.25,27.25,2403,0.0,0.0,0.0
2024-10-15 14:20:00-04:00,27.260000228881836,27.260000228881836,27.25819969177246,27.25819969177246,4659,0.0,0.0,0.0
2024-10-15 14:25:00-04:00,27.260000228881836,27.309999465942383,27.260000228881836,27.280000686645508,11152,0.0,0.0,0.0
2024-10-15 14:30:00-04:00,27.290000915527344,27.290000915527344,27.290000915527344,27.290000915527344,258,0.0,0.0,0.0
2024-10-15 14:35:00-04:00,27.270000457763672,27.290000915527344,27.25,27.25,11622,0.0,0.0,0.0
2024-10-15 14:40:00-04:00,27.226499557495117,27.25,27.226499557495117,27.25,749,0.0,0.0,0.0
2024-10-15 14:45:00-04:00,27.27899932861328,27.280000686645508,27.270000457763672,27.270000457763672,4666,0.0,0.0,0.0
2024-10-15 14:50:00-04:00,27.280000686645508,27.280000686645508,27.270000457763672,27.270000457763672,3486,0.0,0.0,0.0
2024-10-15 14:55:00-04:00,27.270000457763672,27.279499053955078,27.270000457763672,27.270000457763672,451,0.0,0.0,0.0
2024-10-15 15:00:00-04:00,27.270000457763672,27.279499053955078,27.270000457763672,27.279499053955078,1442,0.0,0.0,0.0
2024-10-15 15:05:00-04:00,27.26959991455078,27.26959991455078,27.246000289916992,27.246000289916992,395,0.0,0.0,0.0
2024-10-15 15:10:00-04:00,27.260000228881836,27.270000457763672,27.260000228881836,27.269800186157227,9809,0.0,0.0,0.0
2024-10-15 15:15:00-04:00,27.26110076904297,27.269899368286133,27.26110076904297,27.264999389648438,1352,0.0,0.0,0.0
2024-10-15 15:20:00-04:00,27.270000457763672,27.28499984741211,27.264999389648438,27.280000686645508,3990,0.0,0.0,0.0
2024-10-15 15:25:00-04:00,27.2987003326416,27.2987003326416,27.270000457763672,27.27899932861328,1417,0.0,0.0,0.0
2024-10-15 15:30:00-04:00,27.270000457763672,27.280000686645508,27.270000457763672,27.280000686645508,2045,0.0,0.0,0.0
2024-10-15 15:35:00-04:00,27.27199935913086,27.27199935913086,27.270000457763672,27.270000457763672,511,0.0,0.0,0.0
2024-10-15 15:40:00-04:00,27.26799964904785,27.270000457763672,27.26799964904785,27.270000457763672,1488,0.0,0.0,0.0
2024-10-15 15:45:00-04:00,27.26129913330078,27.27989959716797,27.260000228881836,27.269899368286133,2504,0.0,0.0,0.0
2024-10-15 15:50:00-04:00,27.260000228881836,27.280000686645508,27.25,27.270000457763672,15266,0.0,0.0,0.0
2024-10-15 15:55:00-04:00,27.270000457763672,27.290000915527344,27.260000228881836,27.270000457763672,9245,0.0,0.0,0.0
2024-10-16 09:30:00-04:00,27.459999084472656,27.459999084472656,27.459999084472656,27.459999084472656,1379,0.0,0.0,0.0
2024-10-16 09:35:00-04:00,27.450000762939453,27.450000762939453,27.415000915527344,27.415000915527344,1817,0.0,0.0,0.0
2024-10-16 09:40:00-04:00,27.40999984741211,27.43000030517578,27.40999984741211,27.410600662231445,4751,0.0,0.0,0.0
2024-10-16 09:45:00-04:00,27.423099517822266,27.47570037841797,27.423099517822266,27.47570037841797,1960,0.0,0.0,0.0
2024-10-16 09:50:00-04:00,27.459999084472656,27.460500717163086,27.440000534057617,27.460500717163086,1438,0.0,0.0,0.0
2024-10-16 09:55:00-04:00,27.421100616455078,27.421100616455078,27.40999984741211,27.40999984741211,438,0.0,0.0,0.0
2024-10-16 10:05:00-04:00,27.440000534057617,27.469999313354492,27.440000534057617,27.469999313354492,8836,0.0,0.0,0.0
2024-10-16 10:10:00-04:00,27.4689998626709,27.469999313354492,27.46500015258789,27.46500015258789,1108,0.0,0.0,0.0
2024-10-16 10:15:00-04:00,27.469900131225586,27.469900131225586,27.460100173950195,27.46940040588379,866,0.0,0.0,0.0
2024-10-16 10:20:00-04:00,27.469100952148438,27.469100952148438,27.441600799560547,27.4424991607666,2018,0.0,0.0,0.0
2024-10-16 10:25:00-04:00,27.450000762939453,27.459999084472656,27.440000534057617,27.459999084472656,2681,0.0,0.0,0.0
2024-10-16 10:30:00-04:00,27.43869972229004,27.43869972229004,27.31999969482422,27.31999969482422,4799,0.0,0.0,0.0
2024-10-16 10:35:00-04:00,27.330400466918945,27.388099670410156,27.299999237060547,27.375,4754,0.0,0.0,0.0
2024-10-16 10:40:00-04:00,27.350000381469727,27.375,27.350000381469727,27.375,932,0.0,0.0,0.0
2024-10-16 10:45:00-04:00,27.3700008392334,27.384199142456055,27.3700008392334,27.3799991607666,1824,0.0,0.0,0.0
2024-10-16 10:50:00-04:00,27.389999389648438,27.40999984741211,27.389999389648438,27.40999984741211,1508,0.0,0.0,0.0
2024-10-16 10:55:00-04:00,27.399999618530273,27.40999984741211,27.350000381469727,27.40999984741211,7769,0.0,0.0,0.0
2024-10-16 11:00:00-04:00,27.40399932861328,27.40399932861328,27.361799240112305,27.361799240112305,661,0.0,0.0,0.0
2024-10-16 11:05:00-04:00,27.385000228881836,27.385000228881836,27.329999923706055,27.329999923706055,2752,0.0,0.0,0.0
2024-10-16 11:10:00-04:00,27.350000381469727,27.350000381469727,27.273399353027344,27.273399353027344,1333,0.0,0.0,0.0
2024-10-16 11:15:00-04:00,27.280000686645508,27.280000686645508,27.280000686645508,27.280000686645508,736,0.0,0.0,0.0
2024-10-16 11:20:00-04:00,27.295000076293945,27.295000076293945,27.295000076293945,27.295000076293945,400,0.0,0.0,0.0
2024-10-16 11:25:00-04:00,27.34000015258789,27.34000015258789,27.34000015258789,27.34000015258789,754,0.0,0.0,0.0
2024-10-16 11:30:00-04:00,27.344999313354492,27.360000610351562,27.326799392700195,27.360000610351562,2000,0.0,0.0,0.0
2024-10-16 11:35:00-04:00,27.37420082092285,27.37420082092285,27.37420082092285,27.37420082092285,240,0.0,0.0,0.0
2024-10-16 11:40:00-04:00,27.340099334716797,27.36440086364746,27.34000015258789,27.36440086364746,1515,0.0,0.0,0.0
2024-10-16 11:45:00-04:00,27.3435001373291,27.344999313354492,27.309999465942383,27.309999465942383,15467,0.0,0.0,0.0
2024-10-16 11:50:00-04:00,27.290000915527344,27.29010009765625,27.290000915527344,27.29010009765625,201,0.0,0.0,0.0
2024-10-16 11:55:00-04:00,27.309999465942383,27.309999465942383,27.309999465942383,27.309999465942383,400,0.0,0.0,0.0
2024-10-16 12:00:00-04:00,27.299999237060547,27.299999237060547,27.290000915527344,27.299999237060547,736,0.0,0.0,0.0
2024-10-16 12:05:00-04:00,27.299999237060547,27.299999237060547,27.29010009765625,27.299999237060547,1512,0.0,0.0,0.0
2024-10-16 12:15:00-04:00,27.290800094604492,27.309999465942383,27.290800094604492,27.309999465942383,1190,0.0,0.0,0.0
2024-10-16 12:25:00-04:00,27.34000015258789,27.34000015258789,27.34000015258789,27.34000015258789,495,0.0,0.0,0.0
2024-10-16 12:30:00-04:00,27.3789005279541,27.3789005279541,27.3789005279541,27.3789005279541,534,0.0,0.0,0.0
2024-10-16 12:35:00-04:00,27.343700408935547,27.343700408935547,27.343700408935547,27.343700408935547,164,0.0,0.0,0.0
2024-10-16 12:45:00-04:00,27.3700008392334,27.3700008392334,27.3700008392334,27.3700008392334,150,0.0,0.0,0.0
2024-10-16 12:55:00-04:00,27.399700164794922,27.399700164794922,27.399700164794922,27.399700164794922,302,0.0,0.0,0.0
2024-10-16 13:00:00-04:00,27.40999984741211,27.40999984741211,27.40999984741211,27.40999984741211,183,0.0,0.0,0.0
2024-10-16 13:10:00-04:00,27.40999984741211,27.40999984741211,27.40999984741211,27.40999984741211,420,0.0,0.0,0.0
2024-10-16 13:25:00-04:00,27.43000030517578,27.43000030517578,27.43000030517578,27.43000030517578,501,0.0,0.0,0.0
2024-10-16 13:30:00-04:00,27.447599411010742,27.447599411010742,27.447599411010742,27.447599411010742,385,0.0,0.0,0.0
2024-10-16 13:35:00-04:00,27.43000030517578,27.434999465942383,27.43000030517578,27.43000030517578,10955,0.0,0.0,0.0
2024-10-16 13:45:00-04:00,27.38010025024414,27.399999618530273,27.38010025024414,27.399999618530273,711,0.0,0.0,0.0
2024-10-16 14:00:00-04:00,27.399999618530273,27.404499053955078,27.399999618530273,27.399999618530273,5668,0.0,0.0,0.0
2024-10-16 14:05:00-04:00,27.40999984741211,27.40999984741211,27.399999618530273,27.399999618530273,560,0.0,0.0,0.0
2024-10-16 14:10:00-04:00,27.415000915527344,27.420000076293945,27.415000915527344,27.420000076293945,1389,0.0,0.0,0.0
2024-10-16 14:30:00-04:00,27.439899444580078,27.439899444580078,27.439899444580078,27.439899444580078,492,0.0,0.0,0.0
2024-10-16 14:40:00-04:00,27.406200408935547,27.406200408935547,27.406200408935547,27.406200408935547,414,0.0,0.0,0.0
2024-10-16 14:45:00-04:00,27.41010093688965,27.41010093688965,27.41010093688965,27.41010093688965,1066,0.0,0.0,0.0
2024-10-16 14:50:00-04:00,27.410999298095703,27.43000030517578,27.40999984741211,27.43000030517578,3124,0.0,0.0,0.0
2024-10-16 14:55:00-04:00,27.428699493408203,27.428699493408203,27.428699493408203,27.428699493408203,225,0.0,0.0,0.0
2024-10-16 15:00:00-04:00,27.420000076293945,27.420000076293945,27.420000076293945,27.420000076293945,674,0.0,0.0,0.0
2024-10-16 15:10:00-04:00,27.3799991607666,27.405000686645508,27.3799991607666,27.405000686645508,1184,0.0,0.0,0.0
2024-10-16 15:15:00-04:00,27.405000686645508,27.405000686645508,27.3799991607666,27.38010025024414,962,0.0,0.0,0.0
2024-10-16 15:20:00-04:00,27.40999984741211,27.40999984741211,27.405000686645508,27.405000686645508,1251,0.0,0.0,0.0
2024-10-16 15:25:00-04:00,27.389999389648438,27.389999389648438,27.389999389648438,27.389999389648438,184,0.0,0.0,0.0
2024-10-16 15:30:00-04:00,27.38249969482422,27.41990089416504,27.3799991607666,27.3799991607666,840,0.0,0.0,0.0
2024-10-16 15:40:00-04:00,27.38010025024414,27.41349983215332,27.38010025024414,27.41349983215332,250,0.0,0.0,0.0
2024-10-16 15:45:00-04:00,27.395999908447266,27.395999908447266,27.395999908447266,27.395999908447266,165,0.0,0.0,0.0
2024-10-16 15:50:00-04:00,27.429899215698242,27.429899215698242,27.399999618530273,27.40999984741211,3102,0.0,0.0,0.0
2024-10-16 15:55:00-04:00,27.41900062561035,27.459999084472656,27.40999984741211,27.40999984741211,5192,0.0,0.0,0.0
2024-10-17 09:30:00-04:00,27.209999084472656,27.230600357055664,27.1299991607666,27.17620086669922,6021,0.0,0.0,0.0
2024-10-17 09:35:00-04:00,27.15999984741211,27.189899444580078,27.130599975585938,27.170000076293945,4290,0.0,0.0,0.0
2024-10-17 09:40:00-04:00,27.170000076293945,27.17009925842285,27.165000915527344,27.165000915527344,933,0.0,0.0,0.0
2024-10-17 09:45:00-04:00,27.190099716186523,27.280000686645508,27.190099716186523,27.280000686645508,751,0.0,0.0,0.0
2024-10-17 09:50:00-04:00,27.24530029296875,27.280000686645508,27.24530029296875,27.27400016784668,664,0.0,0.0,0.0
2024-10-17 09:55:00-04:00,27.262500762939453,27.262500762939453,27.262500762939453,27.262500762939453,139,0.0,0.0,0.0
2024-10-17 10:00:00-04:00,27.25,27.260000228881836,27.23200035095215,27.260000228881836,951,0.0,0.0,0.0
2024-10-17 10:05:00-04:00,27.2450008392334,27.2450008392334,27.2450008392334,27.2450008392334,706,0.0,0.0,0.0
2024-10-17 10:10:00-04:00,27.223600387573242,27.263599395751953,27.223600387573242,27.25,2247,0.0,0.0,0.0
2024-10-17 10:15:00-04:00,27.270000457763672,27.270000457763672,27.219999313354492,27.219999313354492,1478,0.0,0.0,0.0
2024-10-17 10:20:00-04:00,27.259899139404297,27.259899139404297,27.212799072265625,27.239999771118164,1043,0.0,0.0,0.0
2024-10-17 10:25:00-04:00,27.2450008392334,27.2450008392334,27.2450008392334,27.2450008392334,524,0.0,0.0,0.0
2024-10-17 10:30:00-04:00,27.249900817871094,27.290000915527344,27.213699340820312,27.2549991607666,32684,0.0,0.0,0.0
2024-10-17 10:35:00-04:00,27.266199111938477,27.266199111938477,27.237899780273438,27.237899780273438,420,0.0,0.0,0.0
2024-10-17 10:40:00-04:00,27.280000686645508,27.315000534057617,27.257200241088867,27.309999465942383,14905,0.0,0.0,0.0
2024-10-17 10:45:00-04:00,27.29450035095215,27.312999725341797,27.280000686645508,27.312999725341797,1078,0.0,0.0,0.0
2024-10-17 10:50:00-04:00,27.260000228881836,27.309999465942383,27.260000228881836,27.309999465942383,1557,0.0,0.0,0.0
2024-10-17 11:05:00-04:00,27.250099182128906,27.250099182128906,27.25,27.25,639,0.0,0.0,0.0
2024-10-17 11:10:00-04:00,27.298999786376953,27.298999786376953,27.229999542236328,27.229999542236328,3103,0.0,0.0,0.0
2024-10-17 11:20:00-04:00,27.200000762939453,27.200000762939453,27.170000076293945,27.170000076293945,1779,0.0,0.0,0.0
2024-10-17 11:30:00-04:00,27.20560073852539,27.20560073852539,27.20560073852539,27.20560073852539,214,0.0,0.0,0.0
2024-10-17 11:35:00-04:00,27.249900817871094,27.249900817871094,27.249900817871094,27.249900817871094,382,0.0,0.0,0.0
2024-10-17 11:40:00-04:00,27.219999313354492,27.232999801635742,27.200000762939453,27.232999801635742,1725,0.0,0.0,0.0
2024-10-17 11:45:00-04:00,27.21929931640625,27.239999771118164,27.21929931640625,27.219999313354492,575,0.0,0.0,0.0
2024-10-17 11:55:00-04:00,27.229999542236328,27.229999542236328,27.229999542236328,27.229999542236328,255,0.0,0.0,0.0
2024-10-17 12:00:00-04:00,27.22800064086914,27.22800064086914,27.150100708007812,27.150100708007812,1985,0.0,0.0,0.0
2024-10-17 12:10:00-04:00,27.165000915527344,27.165000915527344,27.15730094909668,27.15730094909668,461,0.0,0.0,0.0
2024-10-17 12:15:00-04:00,27.15130043029785,27.167999267578125,27.139999389648438,27.15999984741211,2673,0.0,0.0,0.0
2024-10-17 12:20:00-04:00,27.140100479125977,27.140100479125977,27.140100479125977,27.140100479125977,101,0.0,0.0,0.0
2024-10-17 12:25:00-04:00,27.139999389648438,27.139999389648438,27.139999389648438,27.139999389648438,269,0.0,0.0,0.0
2024-10-17 12:30:00-04:00,27.1299991607666,27.139999389648438,27.079999923706055,27.11479949951172,6522,0.0,0.0,0.0
2024-10-17 12:35:00-04:00,27.110000610351562,27.110000610351562,27.082000732421875,27.082000732421875,538,0.0,0.0,0.0
2024-10-17 12:40:00-04:00,27.100000381469727,27.100000381469727,27.100000381469727,27.100000381469727,106,0.0,0.0,0.0
2024-10-17 12:45:00-04:00,27.100000381469727,27.1299991607666,27.100000381469727,27.1299991607666,1333,0.0,0.0,0.0
2024-10-17 12:50:00-04:00,27.139999389648438,27.155000686645508,27.139999389648438,27.155000686645508,452,0.0,0.0,0.0
2024-10-17 12:55:00-04:00,27.179399490356445,27.179399490356445,27.15999984741211,27.15999984741211,560,0.0,0.0,0.0
2024-10-17 13:00:00-04:00,27.15999984741211,27.1737003326416,27.15999984741211,27.1737003326416,306,0.0,0.0,0.0
2024-10-17 13:05:00-04:00,27.139999389648438,27.139999389648438,27.139999389648438,27.139999389648438,452,0.0,0.0,0.0
2024-10-17 13:10:00-04:00,27.15999984741211,27.18000030517578,27.150100708007812,27.150100708007812,1522,0.0,0.0,0.0
2024-10-17 13:15:00-04:00,27.18000030517578,27.190000534057617,27.171300888061523,27.180099487304688,5609,0.0,0.0,0.0
2024-10-17 13:20:00-04:00,27.190000534057617,27.190000534057617,27.18000030517578,27.190000534057617,1676,0.0,0.0,0.0
2024-10-17 13:25:00-04:00,27.172399520874023,27.172399520874023,27.172399520874023,27.172399520874023,131,0.0,0.0,0.0
2024-10-17 13:30:00-04:00,27.18199920654297,27.190000534057617,27.18199920654297,27.190000534057617,1072,0.0,0.0,0.0
2024-10-17 13:35:00-04:00,27.174999237060547,27.174999237060547,27.174999237060547,27.174999237060547,266,0.0,0.0,0.0
2024-10-17 13:40:00-04:00,27.170000076293945,27.170000076293945,27.170000076293945,27.170000076293945,187,0.0,0.0,0.0
2024-10-17 13:45:00-04:00,27.170000076293945,27.18000030517578,27.170000076293945,27.18000030517578,457,0.0,0.0,0.0
2024-10-17 13:50:00-04:00,27.190000534057617,27.205900192260742,27.180099487304688,27.180099487304688,335,0.0,0.0,0.0
2024-10-17 13:55:00-04:00,27.219999313354492,27.219999313354492,27.18000030517578,27.18000030517578,756,0.0,0.0,0.0
2024-10-17 14:00:00-04:00,27.213899612426758,27.213899612426758,27.213899612426758,27.213899612426758,271,0.0,0.0,0.0
2024-10-17 14:05:00-04:00,27.19499969482422,27.19499969482422,27.19499969482422,27.19499969482422,237,0.0,0.0,0.0
2024-10-17 14:15:00-04:00,27.20210075378418,27.20210075378418,27.20210075378418,27.20210075378418,346,0.0,0.0,0.0
2024-10-17 14:20:00-04:00,27.204999923706055,27.204999923706055,27.204999923706055,27.204999923706055,276,0.0,0.0,0.0
2024-10-17 14:25:00-04:00,27.20989990234375,27.20989990234375,27.190000534057617,27.190000534057617,378,0.0,0.0,0.0
2024-10-17 14:30:00-04:00,27.209999084472656,27.209999084472656,27.209999084472656,27.209999084472656,155,0.0,0.0,0.0
2024-10-17 14:35:00-04:00,27.17009925842285,27.17009925842285,27.17009925842285,27.17009925842285,700,0.0,0.0,0.0
2024-10-17 14:55:00-04:00,27.180299758911133,27.200000762939453,27.180299758911133,27.200000762939453,467,0.0,0.0,0.0
2024-10-17 15:00:00-04:00,27.190000534057617,27.20989990234375,27.190000534057617,27.20989990234375,521,0.0,0.0,0.0
2024-10-17 15:10:00-04:00,27.190000534057617,27.209999084472656,27.190000534057617,27.203699111938477,1278,0.0,0.0,0.0
2024-10-17 15:15:00-04:00,27.194000244140625,27.202800750732422,27.194000244140625,27.202800750732422,585,0.0,0.0,0.0
2024-10-17 15:20:00-04:00,27.17009925842285,27.190000534057617,27.17009925842285,27.190000534057617,637,0.0,0.0,0.0
2024-10-17 15:25:00-04:00,27.190000534057617,27.190000534057617,27.190000534057617,27.190000534057617,159,0.0,0.0,0.0
2024-10-17 15:30:00-04:00,27.20829963684082,27.209999084472656,27.172500610351562,27.190000534057617,2580,0.0,0.0,0.0
2024-10-17 15:40:00-04:00,27.190000534057617,27.190000534057617,27.190000534057617,27.190000534057617,280,0.0,0.0,0.0
2024-10-17 15:45:00-04:00,27.204999923706055,27.209999084472656,27.20009994506836,27.207300186157227,2241,0.0,0.0,0.0
2024-10-17 15:50:00-04:00,27.200000762939453,27.200000762939453,27.200000762939453,27.200000762939453,572,0.0,0.0,0.0
2024-10-17 15:55:00-04:00,27.20009994506836,27.239999771118164,27.200000762939453,27.219999313354492,5178,0.0,0.0,0.0
2024-10-18 09:30:00-04:00,27.59000015258789,27.59000015258789,27.524999618530273,27.524999618530273,6182,0.0,0.0,0.0
2024-10-18 09:35:00-04:00,27.55500030517578,27.55500030517578,27.513500213623047,27.530099868774414,1236,0.0,0.0,0.0
2024-10-18 09:40:00-04:00,27.52790069580078,27.559999465942383,27.510000228881836,27.555999755859375,2806,0.0,0.0,0.0
2024-10-18 09:45:00-04:00,27.51490020751953,27.549999237060547,27.51490020751953,27.549999237060547,1017,0.0,0.0,0.0
2024-10-18 09:50:00-04:00,27.51020050048828,27.54680061340332,27.51020050048828,27.520000457763672,3432,0.0,0.0,0.0
2024-10-18 09:55:00-04:00,27.511199951171875,27.519100189208984,27.511199951171875,27.519100189208984,1392,0.0,0.0,0.0
2024-10-18 10:00:00-04:00,27.489999771118164,27.490299224853516,27.42009925842285,27.43000030517578,32375,0.0,0.0,0.0
2024-10-18 10:05:00-04:00,27.450000762939453,27.489999771118164,27.433500289916992,27.475000381469727,9018,0.0,0.0,0.0
2024-10-18 10:10:00-04:00,27.469999313354492,27.475000381469727,27.40999984741211,27.440000534057617,24392,0.0,0.0,0.0
2024-10-18 10:15:00-04:00,27.43000030517578,27.459999084472656,27.420000076293945,27.459999084472656,6344,0.0,0.0,0.0
2024-10-18 10:20:00-04:00,27.43899917602539,27.459999084472656,27.40999984741211,27.40999984741211,5690,0.0,0.0,0.0
2024-10-18 10:25:00-04:00,27.429899215698242,27.445999145507812,27.420000076293945,27.420000076293945,5826,0.0,0.0,0.0
2024-10-18 10:30:00-04:00,27.43000030517578,27.450000762939453,27.420799255371094,27.450000762939453,2267,0.0,0.0,0.0
2024-10-18 10:35:00-04:00,27.4685001373291,27.469999313354492,27.450000762939453,27.469999313354492,3418,0.0,0.0,0.0
2024-10-18 10:40:00-04:00,27.459999084472656,27.459999084472656,27.440099716186523,27.454999923706055,15922,0.0,0.0,0.0
2024-10-18 10:45:00-04:00,27.450000762939453,27.469999313354492,27.440000534057617,27.450000762939453,3549,0.0,0.0,0.0
2024-10-18 10:50:00-04:00,27.45870018005371,27.459999084472656,27.440000534057617,27.455900192260742,2140,0.0,0.0,0.0
2024-10-18 10:55:00-04:00,27.459999084472656,27.459999084472656,27.438600540161133,27.450000762939453,4033,0.0,0.0,0.0
2024-10-18 11:00:00-04:00,27.440000534057617,27.440000534057617,27.440000534057617,27.440000534057617,219,0.0,0.0,0.0
2024-10-18 11:05:00-04:00,27.421600341796875,27.440000534057617,27.420000076293945,27.42099952697754,849,0.0,0.0,0.0
2024-10-18 11:15:00-04:00,27.431400299072266,27.479999542236328,27.431400299072266,27.479999542236328,11563,0.0,0.0,0.0
2024-10-18 11:20:00-04:00,27.443099975585938,27.489999771118164,27.443099975585938,27.479999542236328,7639,0.0,0.0,0.0
2024-10-18 11:25:00-04:00,27.465999603271484,27.520000457763672,27.465999603271484,27.520000457763672,3840,0.0,0.0,0.0
2024-10-18 11:30:00-04:00,27.524999618530273,27.530000686645508,27.510000228881836,27.528600692749023,1145,0.0,0.0,0.0
2024-10-18 11:35:00-04:00,27.530000686645508,27.540000915527344,27.472900390625,27.520000457763672,5651,0.0,0.0,0.0
2024-10-18 11:40:00-04:00,27.510499954223633,27.530000686645508,27.48270034790039,27.530000686645508,1484,0.0,0.0,0.0
2024-10-18 11:45:00-04:00,27.5,27.540000915527344,27.5,27.5049991607666,3987,0.0,0.0,0.0
2024-10-18 11:50:00-04:00,27.520000457763672,27.530000686645508,27.510000228881836,27.510000228881836,787,0.0,0.0,0.0
2024-10-18 11:55:00-04:00,27.489999771118164,27.489999771118164,27.469999313354492,27.469999313354492,1419,0.0,0.0,0.0
2024-10-18 12:00:00-04:00,27.489999771118164,27.489999771118164,27.459999084472656,27.46139907836914,1403,0.0,0.0,0.0
2024-10-18 12:05:00-04:00,27.475000381469727,27.489999771118164,27.469999313354492,27.489999771118164,2158,0.0,0.0,0.0
2024-10-18 12:10:00-04:00,27.509899139404297,27.509899139404297,27.489999771118164,27.499500274658203,2152,0.0,0.0,0.0
2024-10-18 12:15:00-04:00,27.5,27.50469970703125,27.5,27.50279998779297,4031,0.0,0.0,0.0
2024-10-18 12:20:00-04:00,27.5,27.508899688720703,27.5,27.500999450683594,3752,0.0,0.0,0.0
2024-10-18 12:25:00-04:00,27.5,27.510000228881836,27.489999771118164,27.5049991607666,4451,0.0,0.0,0.0
2024-10-18 12:35:00-04:00,27.489999771118164,27.489999771118164,27.489099502563477,27.489099502563477,901,0.0,0.0,0.0
2024-10-18 12:45:00-04:00,27.49810028076172,27.49810028076172,27.48200035095215,27.48200035095215,314,0.0,0.0,0.0
2024-10-18 12:50:00-04:00,27.47010040283203,27.489999771118164,27.47010040283203,27.479999542236328,332,0.0,0.0,0.0
2024-10-18 12:55:00-04:00,27.488000869750977,27.499900817871094,27.474300384521484,27.485000610351562,1017,0.0,0.0,0.0
2024-10-18 13:00:00-04:00,27.499099731445312,27.499099731445312,27.489999771118164,27.489999771118164,434,0.0,0.0,0.0
2024-10-18 13:05:00-04:00,27.5,27.5,27.5,27.5,485,0.0,0.0,0.0
2024-10-18 13:10:00-04:00,27.5,27.509000778198242,27.5,27.509000778198242,1438,0.0,0.0,0.0
2024-10-18 13:15:00-04:00,27.492700576782227,27.510000228881836,27.492700576782227,27.5,3282,0.0,0.0,0.0
2024-10-18 13:20:00-04:00,27.5,27.520000457763672,27.5,27.510000228881836,629,0.0,0.0,0.0
2024-10-18 13:25:00-04:00,27.5,27.5,27.490999221801758,27.490999221801758,1249,0.0,0.0,0.0
2024-10-18 13:30:00-04:00,27.5,27.509899139404297,27.5,27.509899139404297,381,0.0,0.0,0.0
2024-10-18 13:35:00-04:00,27.5,27.5049991607666,27.490100860595703,27.490100860595703,419,0.0,0.0,0.0
2024-10-18 13:40:00-04:00,27.508699417114258,27.508699417114258,27.508699417114258,27.508699417114258,236,0.0,0.0,0.0
2024-10-18 13:45:00-04:00,27.508499145507812,27.509899139404297,27.5,27.5,1592,0.0,0.0,0.0
2024-10-18 13:55:00-04:00,27.50979995727539,27.509899139404297,27.480100631713867,27.480100631713867,1295,0.0,0.0,0.0
2024-10-18 14:00:00-04:00,27.5,27.510000228881836,27.5,27.510000228881836,1023,0.0,0.0,0.0
2024-10-18 14:05:00-04:00,27.520000457763672,27.530000686645508,27.520000457763672,27.530000686645508,1818,0.0,0.0,0.0
2024-10-18 14:10:00-04:00,27.520099639892578,27.520099639892578,27.520099639892578,27.520099639892578,513,0.0,0.0,0.0
2024-10-18 14:15:00-04:00,27.529300689697266,27.529300689697266,27.520000457763672,27.524999618530273,533,0.0,0.0,0.0
2024-10-18 14:20:00-04:00,27.524999618530273,27.524999618530273,27.524999618530273,27.524999618530273,250,0.0,0.0,0.0
2024-10-18 14:25:00-04:00,27.514999389648438,27.530000686645508,27.514999389648438,27.530000686645508,1170,0.0,0.0,0.0
2024-10-18 14:30:00-04:00,27.529300689697266,27.52989959716797,27.529300689697266,27.52989959716797,435,0.0,0.0,0.0
2024-10-18 14:40:00-04:00,27.519699096679688,27.520000457763672,27.510000228881836,27.510099411010742,1329,0.0,0.0,0.0
2024-10-18 14:50:00-04:00,27.530000686645508,27.530000686645508,27.530000686645508,27.530000686645508,170,0.0,0.0,0.0
2024-10-18 14:55:00-04:00,27.530000686645508,27.530000686645508,27.520999908447266,27.524999618530273,789,0.0,0.0,0.0
2024-10-18 15:00:00-04:00,27.520000457763672,27.530000686645508,27.510000228881836,27.530000686645508,1665,0.0,0.0,0.0
2024-10-18 15:05:00-04:00,27.52869987487793,27.52869987487793,27.524999618530273,27.524999618530273,697,0.0,0.0,0.0
2024-10-18 15:10:00-04:00,27.51099967956543,27.530000686645508,27.51099967956543,27.530000686645508,2121,0.0,0.0,0.0
2024-10-18 15:15:00-04:00,27.514999389648438,27.530000686645508,27.514999389648438,27.530000686645508,1681,0.0,0.0,0.0
2024-10-18 15:20:00-04:00,27.53499984741211,27.56999969482422,27.530000686645508,27.56999969482422,7866,0.0,0.0,0.0
2024-10-18 15:25:00-04:00,27.56999969482422,27.59000015258789,27.56999969482422,27.586000442504883,26096,0.0,0.0,0.0
2024-10-18 15:30:00-04:00,27.549999237060547,27.549999237060547,27.549999237060547,27.549999237060547,993,0.0,0.0,0.0
2024-10-18 15:35:00-04:00,27.550100326538086,27.579999923706055,27.550100326538086,27.579999923706055,2430,0.0,0.0,0.0
2024-10-18 15:40:00-04:00,27.578800201416016,27.587200164794922,27.56999969482422,27.587200164794922,1002,0.0,0.0,0.0
2024-10-18 15:45:00-04:00,27.56999969482422,27.59000015258789,27.56999969482422,27.58989906311035,4328,0.0,0.0,0.0
2024-10-18 15:50:00-04:00,27.550100326538086,27.610000610351562,27.550100326538086,27.559999465942383,4316,0.0,0.0,0.0
2024-10-18 15:55:00-04:00,27.579999923706055,27.6200008392334,27.549999237060547,27.6200008392334,6468,0.0,0.0,0.0
2024-10-21 09:30:00-04:00,27.739999771118164,27.790000915527344,27.731300354003906,27.780000686645508,7987,0.0,0.0,0.0
2024-10-21 09:35:00-04:00,27.75,27.819700241088867,27.742000579833984,27.778499603271484,5200,0.0,0.0,0.0
2024-10-21 09:40:00-04:00,27.774999618530273,27.774999618530273,27.760000228881836,27.760000228881836,689,0.0,0.0,0.0
2024-10-21 09:45:00-04:00,27.760000228881836,27.769699096679688,27.729999542236328,27.729999542236328,7908,0.0,0.0,0.0
2024-10-21 09:50:00-04:00,27.729999542236328,27.770000457763672,27.729999542236328,27.735000610351562,6105,0.0,0.0,0.0
2024-10-21 09:55:00-04:00,27.73889923095703,27.744199752807617,27.709999084472656,27.744199752807617,3853,0.0,0.0,0.0
2024-10-21 10:00:00-04:00,27.71500015258789,27.71500015258789,27.639999389648438,27.639999389648438,3823,0.0,0.0,0.0
2024-10-21 10:05:00-04:00,27.639999389648438,27.65999984741211,27.639999389648438,27.65999984741211,510,0.0,0.0,0.0
2024-10-21 10:10:00-04:00,27.655000686645508,27.655000686645508,27.6299991607666,27.6299991607666,971,0.0,0.0,0.0
2024-10-21 10:15:00-04:00,27.6200008392334,27.6299991607666,27.6200008392334,27.6299991607666,1389,0.0,0.0,0.0
2024-10-21 10:20:00-04:00,27.614999771118164,27.614999771118164,27.56999969482422,27.56999969482422,2166,0.0,0.0,0.0
2024-10-21 10:25:00-04:00,27.559999465942383,27.559999465942383,27.530000686645508,27.549999237060547,1690,0.0,0.0,0.0
2024-10-21 10:30:00-04:00,27.520000457763672,27.524999618530273,27.510000228881836,27.520000457763672,2801,0.0,0.0,0.0
2024-10-21 10:35:00-04:00,27.524999618530273,27.54990005493164,27.524999618530273,27.530000686645508,381,0.0,0.0,0.0
2024-10-21 10:40:00-04:00,27.530000686645508,27.540000915527344,27.519899368286133,27.519899368286133,738,0.0,0.0,0.0
2024-10-21 10:45:00-04:00,27.514999389648438,27.514999389648438,27.46500015258789,27.479999542236328,3747,0.0,0.0,0.0
2024-10-21 10:50:00-04:00,27.479999542236328,27.5,27.473100662231445,27.4950008392334,2184,0.0,0.0,0.0
2024-10-21 10:55:00-04:00,27.489999771118164,27.510000228881836,27.47010040283203,27.5,2433,0.0,0.0,0.0
2024-10-21 11:00:00-04:00,27.469999313354492,27.469999313354492,27.420000076293945,27.440000534057617,2365,0.0,0.0,0.0
2024-10-21 11:05:00-04:00,27.40999984741211,27.40999984741211,27.37150001525879,27.37150001525879,1271,0.0,0.0,0.0
2024-10-21 11:10:00-04:00,27.385000228881836,27.399999618530273,27.385000228881836,27.399999618530273,557,0.0,0.0,0.0
2024-10-21 11:15:00-04:00,27.379899978637695,27.389999389648438,27.379899978637695,27.389999389648438,530,0.0,0.0,0.0
2024-10-21 11:20:00-04:00,27.389999389648438,27.389999389648438,27.34000015258789,27.350000381469727,2532,0.0,0.0,0.0
2024-10-21 11:25:00-04:00,27.350000381469727,27.350000381469727,27.350000381469727,27.350000381469727,340,0.0,0.0,0.0
2024-10-21 11:30:00-04:00,27.350000381469727,27.3700008392334,27.291990280151367,27.3700008392334,11746,0.0,0.0,0.0
2024-10-21 11:35:00-04:00,27.3700008392334,27.3700008392334,27.3700008392334,27.3700008392334,278,0.0,0.0,0.0
2024-10-21 11:40:00-04:00,27.350000381469727,27.350000381469727,27.309999465942383,27.350000381469727,1973,0.0,0.0,0.0
2024-10-21 11:45:00-04:00,27.34000015258789,27.360000610351562,27.32270050048828,27.350000381469727,2752,0.0,0.0,0.0
2024-10-21 11:50:00-04:00,27.350000381469727,27.360000610351562,27.31999969482422,27.31999969482422,1981,0.0,0.0,0.0
2024-10-21 11:55:00-04:00,27.350000381469727,27.3799991607666,27.350000381469727,27.375,2045,0.0,0.0,0.0
2024-10-21 12:00:00-04:00,27.36050033569336,27.36050033569336,27.329999923706055,27.329999923706055,2098,0.0,0.0,0.0
2024-10-21 12:05:00-04:00,27.31999969482422,27.31999969482422,27.31999969482422,27.31999969482422,664,0.0,0.0,0.0
2024-10-21 12:10:00-04:00,27.33209991455078,27.33209991455078,27.31999969482422,27.31999969482422,1544,0.0,0.0,0.0
2024-10-21 12:15:00-04:00,27.329999923706055,27.350000381469727,27.299999237060547,27.309999465942383,2304,0.0,0.0,0.0
2024-10-21 12:20:00-04:00,27.31999969482422,27.31999969482422,27.299999237060547,27.299999237060547,2310,0.0,0.0,0.0
2024-10-21 12:25:00-04:00,27.309999465942383,27.346399307250977,27.309999465942383,27.346399307250977,957,0.0,0.0,0.0
2024-10-21 12:30:00-04:00,27.309999465942383,27.350000381469727,27.299999237060547,27.350000381469727,1991,0.0,0.0,0.0
2024-10-21 12:35:00-04:00,27.350000381469727,27.350000381469727,27.309999465942383,27.309999465942383,10012,0.0,0.0,0.0
2024-10-21 12:40:00-04:00,27.31999969482422,27.334999084472656,27.31999969482422,27.323699951171875,2582,0.0,0.0,0.0
2024-10-21 12:45:00-04:00,27.360000610351562,27.360000610351562,27.329999923706055,27.329999923706055,1047,0.0,0.0,0.0
2024-10-21 12:50:00-04:00,27.3700008392334,27.3700008392334,27.3700008392334,27.3700008392334,1030,0.0,0.0,0.0
2024-10-21 12:55:00-04:00,27.36989974975586,27.36989974975586,27.34000015258789,27.34000015258789,1124,0.0,0.0,0.0
2024-10-21 13:00:00-04:00,27.360000610351562,27.370899200439453,27.350000381469727,27.350000381469727,1485,0.0,0.0,0.0
2024-10-21 13:05:00-04:00,27.34000015258789,27.360000610351562,27.34000015258789,27.350000381469727,1832,0.0,0.0,0.0
2024-10-21 13:10:00-04:00,27.3700008392334,27.395000457763672,27.361799240112305,27.3799991607666,2759,0.0,0.0,0.0
2024-10-21 13:15:00-04:00,27.3700008392334,27.375,27.3700008392334,27.375,205,0.0,0.0,0.0
2024-10-21 13:20:00-04:00,27.375,27.3799991607666,27.364999771118164,27.364999771118164,2189,0.0,0.0,0.0
2024-10-21 13:25:00-04:00,27.350000381469727,27.3799991607666,27.350000381469727,27.3799991607666,2626,0.0,0.0,0.0
2024-10-21 13:30:00-04:00,27.366100311279297,27.369800567626953,27.350000381469727,27.369800567626953,527,0.0,0.0,0.0
2024-10-21 13:35:00-04:00,27.35770034790039,27.35919952392578,27.344999313354492,27.344999313354492,1355,0.0,0.0,0.0
2024-10-21 13:40:00-04:00,27.344999313354492,27.360000610351562,27.329999923706055,27.329999923706055,4961,0.0,0.0,0.0
2024-10-21 13:45:00-04:00,27.350000381469727,27.360000610351562,27.350000381469727,27.360000610351562,1129,0.0,0.0,0.0
2024-10-21 13:50:00-04:00,27.3700008392334,27.37700080871582,27.364999771118164,27.364999771118164,896,0.0,0.0,0.0
2024-10-21 13:55:00-04:00,27.350000381469727,27.377399444580078,27.34000015258789,27.34000015258789,1859,0.0,0.0,0.0
2024-10-21 14:00:00-04:00,27.34000015258789,27.350000381469727,27.34000015258789,27.350000381469727,1018,0.0,0.0,0.0
2024-10-21 14:05:00-04:00,27.360000610351562,27.3700008392334,27.34000015258789,27.34000015258789,2115,0.0,0.0,0.0
2024-10-21 14:10:00-04:00,27.35140037536621,27.3700008392334,27.350000381469727,27.3700008392334,636,0.0,0.0,0.0
2024-10-21 14:15:00-04:00,27.360000610351562,27.3700008392334,27.34000015258789,27.34000015258789,806,0.0,0.0,0.0
2024-10-21 14:20:00-04:00,27.354999542236328,27.357999801635742,27.34000015258789,27.357999801635742,2389,0.0,0.0,0.0
2024-10-21 14:25:00-04:00,27.3700008392334,27.3700008392334,27.351999282836914,27.3700008392334,1245,0.0,0.0,0.0
2024-10-21 14:30:00-04:00,27.3700008392334,27.3700008392334,27.34000015258789,27.34000015258789,1360,0.0,0.0,0.0
2024-10-21 14:35:00-04:00,27.34000015258789,27.354000091552734,27.329999923706055,27.329999923706055,2536,0.0,0.0,0.0
2024-10-21 14:40:00-04:00,27.329999923706055,27.344999313354492,27.329999923706055,27.344999313354492,1158,0.0,0.0,0.0
2024-10-21 14:45:00-04:00,27.332500457763672,27.340700149536133,27.329999923706055,27.340700149536133,543,0.0,0.0,0.0
2024-10-21 14:50:00-04:00,27.329999923706055,27.34320068359375,27.31999969482422,27.34000015258789,2143,0.0,0.0,0.0
2024-10-21 14:55:00-04:00,27.334999084472656,27.34000015258789,27.31999969482422,27.31999969482422,2282,0.0,0.0,0.0
2024-10-21 15:00:00-04:00,27.325000762939453,27.329999923706055,27.309999465942383,27.325000762939453,4295,0.0,0.0,0.0
2024-10-21 15:05:00-04:00,27.321199417114258,27.34000015258789,27.321199417114258,27.34000015258789,1311,0.0,0.0,0.0
2024-10-21 15:10:00-04:00,27.325000762939453,27.364999771118164,27.325000762939453,27.350000381469727,2371,0.0,0.0,0.0
2024-10-21 15:15:00-04:00,27.350000381469727,27.3700008392334,27.350000381469727,27.3700008392334,980,0.0,0.0,0.0
2024-10-21 15:20:00-04:00,27.350000381469727,27.364999771118164,27.350000381469727,27.364999771118164,1279,0.0,0.0,0.0
2024-10-21 15:25:00-04:00,27.364099502563477,27.3700008392334,27.350000381469727,27.364999771118164,1923,0.0,0.0,0.0
2024-10-21 15:30:00-04:00,27.379899978637695,27.379899978637695,27.350000381469727,27.350000381469727,1911,0.0,0.0,0.0
2024-10-21 15:35:00-04:00,27.34000015258789,27.354999542236328,27.34000015258789,27.354999542236328,1278,0.0,0.0,0.0
2024-10-21 15:40:00-04:00,27.350000381469727,27.3700008392334,27.34000015258789,27.360000610351562,2979,0.0,0.0,0.0
2024-10-21 15:45:00-04:00,27.3700008392334,27.389999389648438,27.360000610351562,27.3799991607666,2253,0.0,0.0,0.0
2024-10-21 15:50:00-04:00,27.3799991607666,27.399999618530273,27.360000610351562,27.399999618530273,4558,0.0,0.0,0.0
2024-10-21 15:55:00-04:00,27.420000076293945,27.43000030517578,27.399999618530273,27.424999237060547,6812,0.0,0.0,0.0
2024-10-22 09:30:00-04:00,27.530000686645508,27.600000381469727,27.530000686645508,27.600000381469727,8951,0.0,0.0,0.0
2024-10-22 09:35:00-04:00,27.56999969482422,27.619400024414062,27.549999237060547,27.575000762939453,2305,0.0,0.0,0.0
2024-10-22 09:40:00-04:00,27.56999969482422,27.56999969482422,27.56999969482422,27.56999969482422,802,0.0,0.0,0.0
2024-10-22 09:50:00-04:00,27.56999969482422,27.56999969482422,27.56999969482422,27.56999969482422,1910,0.0,0.0,0.0
2024-10-22 09:55:00-04:00,27.540000915527344,27.540000915527344,27.520000457763672,27.520000457763672,1255,0.0,0.0,0.0
2024-10-22 10:00:00-04:00,27.520000457763672,27.520000457763672,27.5,27.5,689,0.0,0.0,0.0
2024-10-22 10:05:00-04:00,27.530000686645508,27.530000686645508,27.530000686645508,27.530000686645508,418,0.0,0.0,0.0
2024-10-22 10:15:00-04:00,27.540000915527344,27.540000915527344,27.540000915527344,27.540000915527344,375,0.0,0.0,0.0
2024-10-22 10:20:00-04:00,27.542499542236328,27.542499542236328,27.53499984741211,27.53499984741211,861,0.0,0.0,0.0
2024-10-22 10:25:00-04:00,27.5,27.5,27.5,27.5,742,0.0,0.0,0.0
2024-10-22 10:30:00-04:00,27.489999771118164,27.489999771118164,27.485000610351562,27.485000610351562,1314,0.0,0.0,0.0
2024-10-22 10:35:00-04:00,27.529399871826172,27.529399871826172,27.529399871826172,27.529399871826172,238,0.0,0.0,0.0
2024-10-22 10:40:00-04:00,27.524999618530273,27.524999618530273,27.5,27.5,893,0.0,0.0,0.0
2024-10-22 10:45:00-04:00,27.530000686645508,27.559900283813477,27.5049991607666,27.530000686645508,912,0.0,0.0,0.0
2024-10-22 10:55:00-04:00,27.545000076293945,27.545000076293945,27.47369956970215,27.510000228881836,2864,0.0,0.0,0.0
2024-10-22 11:00:00-04:00,27.510000228881836,27.510000228881836,27.510000228881836,27.510000228881836,307,0.0,0.0,0.0
2024-10-22 11:05:00-04:00,27.4950008392334,27.516300201416016,27.479999542236328,27.516300201416016,1772,0.0,0.0,0.0
2024-10-22 11:10:00-04:00,27.520000457763672,27.520000457763672,27.45009994506836,27.45009994506836,894,0.0,0.0,0.0
2024-10-22 11:15:00-04:00,27.45680046081543,27.5,27.454999923706055,27.479999542236328,1717,0.0,0.0,0.0
2024-10-22 11:20:00-04:00,27.48200035095215,27.5049991607666,27.479999542236328,27.5049991607666,1517,0.0,0.0,0.0
2024-10-22 11:25:00-04:00,27.540000915527344,27.540000915527344,27.52199935913086,27.52199935913086,1030,0.0,0.0,0.0
2024-10-22 11:30:00-04:00,27.51849937438965,27.51849937438965,27.484699249267578,27.5,1843,0.0,0.0,0.0
2024-10-22 11:40:00-04:00,27.530000686645508,27.530000686645508,27.5,27.510000228881836,582,0.0,0.0,0.0
2024-10-22 11:45:00-04:00,27.5049991607666,27.5049991607666,27.43000030517578,27.43000030517578,1289,0.0,0.0,0.0
2024-10-22 11:50:00-04:00,27.478500366210938,27.4950008392334,27.478500366210938,27.4950008392334,488,0.0,0.0,0.0
2024-10-22 11:55:00-04:00,27.43000030517578,27.43000030517578,27.43000030517578,27.43000030517578,102,0.0,0.0,0.0
2024-10-22 12:00:00-04:00,27.479999542236328,27.479999542236328,27.477399826049805,27.477399826049805,433,0.0,0.0,0.0
2024-10-22 12:05:00-04:00,27.479999542236328,27.479999542236328,27.479999542236328,27.479999542236328,101,0.0,0.0,0.0
2024-10-22 12:10:00-04:00,27.459999084472656,27.5,27.450000762939453,27.479999542236328,2408,0.0,0.0,0.0
2024-10-22 12:15:00-04:00,27.436399459838867,27.5,27.436399459838867,27.5,1895,0.0,0.0,0.0
2024-10-22 12:25:00-04:00,27.45009994506836,27.45009994506836,27.45009994506836,27.45009994506836,154,0.0,0.0,0.0
2024-10-22 12:30:00-04:00,27.485000610351562,27.520000457763672,27.485000610351562,27.5,2276,0.0,0.0,0.0
2024-10-22 12:40:00-04:00,27.485000610351562,27.520000457763672,27.459999084472656,27.520000457763672,11325,0.0,0.0,0.0
2024-10-22 12:45:00-04:00,27.520000457763672,27.530000686645508,27.520000457763672,27.530000686645508,701,0.0,0.0,0.0
2024-10-22 12:50:00-04:00,27.530000686645508,27.530000686645508,27.530000686645508,27.530000686645508,283,0.0,0.0,0.0
2024-10-22 13:00:00-04:00,27.485000610351562,27.485000610351562,27.485000610351562,27.485000610351562,236,0.0,0.0,0.0
2024-10-22 13:10:00-04:00,27.4950008392334,27.4950008392334,27.4950008392334,27.4950008392334,270,0.0,0.0,0.0
2024-10-22 13:15:00-04:00,27.4950008392334,27.4950008392334,27.4950008392334,27.4950008392334,172,0.0,0.0,0.0
2024-10-22 13:20:00-04:00,27.5,27.530000686645508,27.49959945678711,27.52989959716797,4500,0.0,0.0,0.0
2024-10-22 13:25:00-04:00,27.5,27.5,27.465299606323242,27.465299606323242,1022,0.0,0.0,0.0
2024-10-22 13:30:00-04:00,27.460100173950195,27.540000915527344,27.460100173950195,27.540000915527344,3438,0.0,0.0,0.0
2024-10-22 13:35:00-04:00,27.5,27.549999237060547,27.5,27.549999237060547,1353,0.0,0.0,0.0
2024-10-22 13:40:00-04:00,27.565500259399414,27.565500259399414,27.565500259399414,27.565500259399414,334,0.0,0.0,0.0
2024-10-22 13:45:00-04:00,27.545799255371094,27.545799255371094,27.507400512695312,27.507400512695312,284,0.0,0.0,0.0
2024-10-22 13:50:00-04:00,27.559900283813477,27.559900283813477,27.559900283813477,27.559900283813477,556,0.0,0.0,0.0
2024-10-22 14:00:00-04:00,27.555599212646484,27.56999969482422,27.53499984741211,27.56999969482422,3453,0.0,0.0,0.0
2024-10-22 14:05:00-04:00,27.545400619506836,27.545400619506836,27.545400619506836,27.545400619506836,472,0.0,0.0,0.0
2024-10-22 14:10:00-04:00,27.556800842285156,27.556800842285156,27.549999237060547,27.55590057373047,1451,0.0,0.0,0.0
2024-10-22 14:15:00-04:00,27.530000686645508,27.549999237060547,27.530000686645508,27.549999237060547,2135,0.0,0.0,0.0
2024-10-22 14:20:00-04:00,27.5,27.549999237060547,27.5,27.530000686645508,619,0.0,0.0,0.0
2024-10-22 14:25:00-04:00,27.530000686645508,27.559999465942383,27.530000686645508,27.559999465942383,1114,0.0,0.0,0.0
2024-10-22 14:40:00-04:00,27.549699783325195,27.549699783325195,27.520000457763672,27.520000457763672,2340,0.0,0.0,0.0
2024-10-22 14:45:00-04:00,27.5049991607666,27.5049991607666,27.500699996948242,27.500699996948242,706,0.0,0.0,0.0
2024-10-22 14:55:00-04:00,27.510000228881836,27.510000228881836,27.510000228881836,27.510000228881836,110,0.0,0.0,0.0
2024-10-22 15:00:00-04:00,27.489999771118164,27.510000228881836,27.489999771118164,27.510000228881836,2106,0.0,0.0,0.0
2024-10-22 15:05:00-04:00,27.510000228881836,27.524999618530273,27.500019073486328,27.524999618530273,3141,0.0,0.0,0.0
2024-10-22 15:10:00-04:00,27.549999237060547,27.559999465942383,27.5,27.559999465942383,6423,0.0,0.0,0.0
2024-10-22 15:15:00-04:00,27.530000686645508,27.530000686645508,27.500099182128906,27.500099182128906,719,0.0,0.0,0.0
2024-10-22 15:20:00-04:00,27.530000686645508,27.530000686645508,27.530000686645508,27.530000686645508,1235,0.0,0.0,0.0
2024-10-22 15:25:00-04:00,27.51799964904785,27.540000915527344,27.51799964904785,27.540000915527344,1679,0.0,0.0,0.0
2024-10-22 15:35:00-04:00,27.545000076293945,27.555599212646484,27.530000686645508,27.540000915527344,2412,0.0,0.0,0.0
2024-10-22 15:40:00-04:00,27.558000564575195,27.558000564575195,27.558000564575195,27.558000564575195,222,0.0,0.0,0.0
2024-10-22 15:45:00-04:00,27.559999465942383,27.56999969482422,27.549999237060547,27.549999237060547,3819,0.0,0.0,0.0
2024-10-22 15:50:00-04:00,27.54599952697754,27.569900512695312,27.538999557495117,27.559999465942383,3313,0.0,0.0,0.0
2024-10-22 15:55:00-04:00,27.549999237060547,27.559999465942383,27.530099868774414,27.559999465942383,3305,0.0,0.0,0.0
2024-10-23 09:30:00-04:00,27.219999313354492,27.270000457763672,27.112600326538086,27.200000762939453,15066,0.0,0.0,0.0
2024-10-23 09:35:00-04:00,27.229999542236328,27.229999542236328,27.200000762939453,27.209999084472656,2491,0.0,0.0,0.0
2024-10-23 09:40:00-04:00,27.212499618530273,27.239999771118164,27.212499618530273,27.235000610351562,673,0.0,0.0,0.0
2024-10-23 09:45:00-04:00,27.239999771118164,27.28499984741211,27.239999771118164,27.28499984741211,2682,0.0,0.0,0.0
2024-10-23 09:50:00-04:00,27.31100082397461,27.318099975585938,27.219999313354492,27.25,12831,0.0,0.0,0.0
2024-10-23 09:55:00-04:00,27.270000457763672,27.270000457763672,27.219999313354492,27.2450008392334,1719,0.0,0.0,0.0
2024-10-23 10:00:00-04:00,27.209999084472656,27.226699829101562,27.209999084472656,27.209999084472656,2434,0.0,0.0,0.0
2024-10-23 10:05:00-04:00,27.229999542236328,27.229999542236328,27.219999313354492,27.229999542236328,793,0.0,0.0,0.0
2024-10-23 10:10:00-04:00,27.219999313354492,27.25979995727539,27.209999084472656,27.25,5538,0.0,0.0,0.0
2024-10-23 10:15:00-04:00,27.260000228881836,27.309999465942383,27.260000228881836,27.264999389648438,1860,0.0,0.0,0.0
2024-10-23 10:20:00-04:00,27.280000686645508,27.31999969482422,27.280000686645508,27.31999969482422,947,0.0,0.0,0.0
2024-10-23 10:25:00-04:00,27.280000686645508,27.309999465942383,27.270000457763672,27.309999465942383,2914,0.0,0.0,0.0
2024-10-23 10:30:00-04:00,27.299999237060547,27.344999313354492,27.260000228881836,27.299999237060547,2610,0.0,0.0,0.0
2024-10-23 10:35:00-04:00,27.310800552368164,27.310800552368164,27.270000457763672,27.270000457763672,1062,0.0,0.0,0.0
2024-10-23 10:40:00-04:00,27.270000457763672,27.299999237060547,27.270000457763672,27.299999237060547,1744,0.0,0.0,0.0
2024-10-23 10:45:00-04:00,27.295000076293945,27.299999237060547,27.295000076293945,27.299999237060547,400,0.0,0.0,0.0
2024-10-23 10:50:00-04:00,27.280000686645508,27.292999267578125,27.229999542236328,27.229999542236328,2799,0.0,0.0,0.0
2024-10-23 10:55:00-04:00,27.260000228881836,27.260000228881836,27.25,27.25,1902,0.0,0.0,0.0
2024-10-23 11:00:00-04:00,27.280099868774414,27.280099868774414,27.280099868774414,27.280099868774414,100,0.0,0.0,0.0
2024-10-23 11:05:00-04:00,27.25,27.260000228881836,27.25,27.25,927,0.0,0.0,0.0
2024-10-23 11:10:00-04:00,27.2549991607666,27.2549991607666,27.219999313354492,27.219999313354492,1143,0.0,0.0,0.0
2024-10-23 11:15:00-04:00,27.209999084472656,27.209999084472656,27.209999084472656,27.209999084472656,260,0.0,0.0,0.0
2024-10-23 11:20:00-04:00,27.209999084472656,27.219999313354492,27.170000076293945,27.170000076293945,4397,0.0,0.0,0.0
2024-10-23 11:25:00-04:00,27.219600677490234,27.219600677490234,27.18000030517578,27.190000534057617,1253,0.0,0.0,0.0
2024-10-23 11:30:00-04:00,27.206499099731445,27.25,27.18000030517578,27.239999771118164,7257,0.0,0.0,0.0
2024-10-23 11:40:00-04:00,27.27400016784668,27.27400016784668,27.239999771118164,27.25,1257,0.0,0.0,0.0
2024-10-23 11:45:00-04:00,27.25,27.260000228881836,27.229999542236328,27.2450008392334,3624,0.0,0.0,0.0
2024-10-23 11:50:00-04:00,27.239999771118164,27.260000228881836,27.239999771118164,27.260000228881836,2830,0.0,0.0,0.0
2024-10-23 12:00:00-04:00,27.230100631713867,27.230100631713867,27.230100631713867,27.230100631713867,230,0.0,0.0,0.0
2024-10-23 12:05:00-04:00,27.229999542236328,27.270000457763672,27.229999542236328,27.25,728,0.0,0.0,0.0
2024-10-23 12:10:00-04:00,27.209999084472656,27.229999542236328,27.200000762939453,27.229999542236328,1576,0.0,0.0,0.0
2024-10-23 12:15:00-04:00,27.266000747680664,27.266000747680664,27.190000534057617,27.200000762939453,719,0.0,0.0,0.0
2024-10-23 12:20:00-04:00,27.257299423217773,27.27630043029785,27.209999084472656,27.25670051574707,2000,0.0,0.0,0.0
2024-10-23 12:25:00-04:00,27.229999542236328,27.260000228881836,27.18000030517578,27.260000228881836,37118,0.0,0.0,0.0
2024-10-23 12:30:00-04:00,27.195600509643555,27.209999084472656,27.190000534057617,27.209999084472656,852,0.0,0.0,0.0
2024-10-23 12:35:00-04:00,27.209999084472656,27.260000228881836,27.209999084472656,27.209999084472656,1748,0.0,0.0,0.0
2024-10-23 12:40:00-04:00,27.209999084472656,27.209999084472656,27.209999084472656,27.209999084472656,577,0.0,0.0,0.0
2024-10-23 12:45:00-04:00,27.209999084472656,27.260000228881836,27.209999084472656,27.260000228881836,574,0.0,0.0,0.0
2024-10-23 12:50:00-04:00,27.209999084472656,27.209999084472656,27.209999084472656,27.209999084472656,300,0.0,0.0,0.0
2024-10-23 12:55:00-04:00,27.219999313354492,27.259899139404297,27.219999313354492,27.219999313354492,6525,0.0,0.0,0.0
2024-10-23 13:00:00-04:00,27.259000778198242,27.259000778198242,27.259000778198242,27.259000778198242,510,0.0,0.0,0.0
2024-10-23 13:05:00-04:00,27.200000762939453,27.221099853515625,27.200000762939453,27.200000762939453,742,0.0,0.0,0.0
2024-10-23 13:10:00-04:00,27.229999542236328,27.229999542236328,27.200000762939453,27.200000762939453,1760,0.0,0.0,0.0
2024-10-23 13:15:00-04:00,27.190099716186523,27.190099716186523,27.178199768066406,27.190000534057617,4362,0.0,0.0,0.0
2024-10-23 13:20:00-04:00,27.190000534057617,27.20870018005371,27.18000030517578,27.190000534057617,1500,0.0,0.0,0.0
2024-10-23 13:25:00-04:00,27.190000534057617,27.190000534057617,27.190000534057617,27.190000534057617,116,0.0,0.0,0.0
2024-10-23 13:30:00-04:00,27.18000030517578,27.190000534057617,27.170000076293945,27.190000534057617,1117,0.0,0.0,0.0
2024-10-23 13:35:00-04:00,27.18000030517578,27.19499969482422,27.18000030517578,27.19499969482422,1712,0.0,0.0,0.0
2024-10-23 13:40:00-04:00,27.18000030517578,27.190000534057617,27.18000030517578,27.190000534057617,2456,0.0,0.0,0.0
2024-10-23 13:45:00-04:00,27.226699829101562,27.226699829101562,27.226699829101562,27.226699829101562,1169,0.0,0.0,0.0
2024-10-23 13:55:00-04:00,27.190000534057617,27.199899673461914,27.180099487304688,27.19930076599121,1807,0.0,0.0,0.0
2024-10-23 14:00:00-04:00,27.17340087890625,27.17340087890625,27.149999618530273,27.149999618530273,1861,0.0,0.0,0.0
2024-10-23 14:05:00-04:00,27.174999237060547,27.174999237060547,27.149999618530273,27.149999618530273,744,0.0,0.0,0.0
2024-10-23 14:10:00-04:00,27.149999618530273,27.149999618530273,27.149999618530273,27.149999618530273,327,0.0,0.0,0.0
2024-10-23 14:15:00-04:00,27.18600082397461,27.18600082397461,27.149999618530273,27.149999618530273,962,0.0,0.0,0.0
2024-10-23 14:20:00-04:00,27.189899444580078,27.19849967956543,27.1466007232666,27.18000030517578,1184,0.0,0.0,0.0
2024-10-23 14:25:00-04:00,27.18000030517578,27.18000030517578,27.18000030517578,27.18000030517578,225,0.0,0.0,0.0
2024-10-23 14:30:00-04:00,27.18000030517578,27.18000030517578,27.18000030517578,27.18000030517578,497,0.0,0.0,0.0
2024-10-23 14:35:00-04:00,27.190000534057617,27.209999084472656,27.190000534057617,27.209999084472656,551,0.0,0.0,0.0
2024-10-23 14:40:00-04:00,27.190000534057617,27.190000534057617,27.190000534057617,27.190000534057617,1266,0.0,0.0,0.0
2024-10-23 14:50:00-04:00,27.215999603271484,27.215999603271484,27.200000762939453,27.200000762939453,901,0.0,0.0,0.0
2024-10-23 14:55:00-04:00,27.21500015258789,27.21500015258789,27.200000762939453,27.200000762939453,1554,0.0,0.0,0.0
2024-10-23 15:05:00-04:00,27.18000030517578,27.18000030517578,27.18000030517578,27.18000030517578,1687,0.0,0.0,0.0
2024-10-23 15:10:00-04:00,27.15999984741211,27.15999984741211,27.15999984741211,27.15999984741211,100,0.0,0.0,0.0
2024-10-23 15:15:00-04:00,27.15999984741211,27.15999984741211,27.149999618530273,27.149999618530273,2423,0.0,0.0,0.0
2024-10-23 15:20:00-04:00,27.170000076293945,27.170000076293945,27.170000076293945,27.170000076293945,212,0.0,0.0,0.0
2024-10-23 15:25:00-04:00,27.167400360107422,27.167400360107422,27.167400360107422,27.167400360107422,311,0.0,0.0,0.0
2024-10-23 15:30:00-04:00,27.15999984741211,27.15999984741211,27.149999618530273,27.15999984741211,1422,0.0,0.0,0.0
2024-10-23 15:35:00-04:00,27.15999984741211,27.170000076293945,27.139999389648438,27.149999618530273,2083,0.0,0.0,0.0
2024-10-23 15:40:00-04:00,27.139999389648438,27.17840003967285,27.139999389648438,27.17840003967285,884,0.0,0.0,0.0
2024-10-23 15:45:00-04:00,27.15999984741211,27.15999984741211,27.149999618530273,27.149999618530273,521,0.0,0.0,0.0
2024-10-23 15:50:00-04:00,27.146499633789062,27.199899673461914,27.146499633789062,27.199899673461914,2861,0.0,0.0,0.0
2024-10-23 15:55:00-04:00,27.16010093688965,27.219999313354492,27.16010093688965,27.200000762939453,2063,0.0,0.0,0.0
2024-10-24 09:30:00-04:00,27.3799991607666,27.40999984741211,27.3799991607666,27.40999984741211,1663,0.0,0.0,0.0
2024-10-24 09:35:00-04:00,27.399999618530273,27.43000030517578,27.399999618530273,27.43000030517578,4377,0.0,0.0,0.0
2024-10-24 09:40:00-04:00,27.399999618530273,27.417200088500977,27.399999618530273,27.417200088500977,630,0.0,0.0,0.0
2024-10-24 09:45:00-04:00,27.399999618530273,27.399999618530273,27.355499267578125,27.398300170898438,2381,0.0,0.0,0.0
2024-10-24 09:50:00-04:00,27.350000381469727,27.360000610351562,27.305999755859375,27.305999755859375,616,0.0,0.0,0.0
2024-10-24 09:55:00-04:00,27.377899169921875,27.377899169921875,27.34000015258789,27.34000015258789,322,0.0,0.0,0.0
2024-10-24 10:00:00-04:00,27.360000610351562,27.360000610351562,27.360000610351562,27.360000610351562,410,0.0,0.0,0.0
2024-10-24 10:05:00-04:00,27.34000015258789,27.359899520874023,27.34000015258789,27.350000381469727,3354,0.0,0.0,0.0
2024-10-24 10:10:00-04:00,27.299999237060547,27.299999237060547,27.299999237060547,27.299999237060547,955,0.0,0.0,0.0
2024-10-24 10:15:00-04:00,27.289499282836914,27.289499282836914,27.266199111938477,27.274999618530273,1137,0.0,0.0,0.0
2024-10-24 10:20:00-04:00,27.290000915527344,27.290000915527344,27.260000228881836,27.290000915527344,778,0.0,0.0,0.0
2024-10-24 10:25:00-04:00,27.270000457763672,27.270000457763672,27.260000228881836,27.260000228881836,350,0.0,0.0,0.0
2024-10-24 10:30:00-04:00,27.274999618530273,27.274999618530273,27.25,27.25,1535,0.0,0.0,0.0
2024-10-24 10:35:00-04:00,27.239999771118164,27.239999771118164,27.190000534057617,27.209999084472656,5033,0.0,0.0,0.0
2024-10-24 10:40:00-04:00,27.25,27.25,27.209999084472656,27.25,2360,0.0,0.0,0.0
2024-10-24 10:45:00-04:00,27.251800537109375,27.251800537109375,27.251800537109375,27.251800537109375,250,0.0,0.0,0.0
2024-10-24 10:50:00-04:00,27.239999771118164,27.239999771118164,27.20009994506836,27.239999771118164,579,0.0,0.0,0.0
2024-10-24 10:55:00-04:00,27.235000610351562,27.235000610351562,27.235000610351562,27.235000610351562,547,0.0,0.0,0.0
2024-10-24 11:00:00-04:00,27.239999771118164,27.260000228881836,27.209999084472656,27.209999084472656,1402,0.0,0.0,0.0
2024-10-24 11:05:00-04:00,27.209999084472656,27.219999313354492,27.200000762939453,27.200000762939453,1461,0.0,0.0,0.0
2024-10-24 11:10:00-04:00,27.219999313354492,27.229999542236328,27.219999313354492,27.219999313354492,993,0.0,0.0,0.0
2024-10-24 11:20:00-04:00,27.229999542236328,27.229999542236328,27.209999084472656,27.209999084472656,626,0.0,0.0,0.0
2024-10-24 11:30:00-04:00,27.209999084472656,27.219999313354492,27.200000762939453,27.200000762939453,516,0.0,0.0,0.0
2024-10-24 11:35:00-04:00,27.200700759887695,27.200700759887695,27.190000534057617,27.190000534057617,1051,0.0,0.0,0.0
2024-10-24 11:40:00-04:00,27.195999145507812,27.195999145507812,27.15999984741211,27.15999984741211,5604,0.0,0.0,0.0
2024-10-24 11:45:00-04:00,27.200700759887695,27.209999084472656,27.200000762939453,27.209999084472656,3743,0.0,0.0,0.0
2024-10-24 11:50:00-04:00,27.190000534057617,27.190000534057617,27.170000076293945,27.170000076293945,350,0.0,0.0,0.0
2024-10-24 11:55:00-04:00,27.194400787353516,27.194400787353516,27.19300079345703,27.19300079345703,543,0.0,0.0,0.0
2024-10-24 12:05:00-04:00,27.239999771118164,27.239999771118164,27.192100524902344,27.192100524902344,484,0.0,0.0,0.0
2024-10-24 12:10:00-04:00,27.200000762939453,27.200000762939453,27.200000762939453,27.200000762939453,559,0.0,0.0,0.0
2024-10-24 12:20:00-04:00,27.204999923706055,27.204999923706055,27.18000030517578,27.18000030517578,515,0.0,0.0,0.0
2024-10-24 12:30:00-04:00,27.20009994506836,27.209999084472656,27.20009994506836,27.209999084472656,2048,0.0,0.0,0.0
2024-10-24 12:35:00-04:00,27.270000457763672,27.270000457763672,27.270000457763672,27.270000457763672,260,0.0,0.0,0.0
2024-10-24 12:40:00-04:00,27.309999465942383,27.309999465942383,27.295700073242188,27.295700073242188,841,0.0,0.0,0.0
2024-10-24 12:50:00-04:00,27.33989906311035,27.33989906311035,27.33989906311035,27.33989906311035,210,0.0,0.0,0.0
2024-10-24 13:00:00-04:00,27.355199813842773,27.355199813842773,27.355199813842773,27.355199813842773,917,0.0,0.0,0.0
2024-10-24 13:05:00-04:00,27.34000015258789,27.34000015258789,27.34000015258789,27.34000015258789,309,0.0,0.0,0.0
2024-10-24 13:20:00-04:00,27.299999237060547,27.329999923706055,27.299999237060547,27.329999923706055,1124,0.0,0.0,0.0
2024-10-24 13:30:00-04:00,27.329999923706055,27.360000610351562,27.329999923706055,27.360000610351562,1861,0.0,0.0,0.0
2024-10-24 13:35:00-04:00,27.352500915527344,27.352500915527344,27.352500915527344,27.352500915527344,846,0.0,0.0,0.0
2024-10-24 13:45:00-04:00,27.374900817871094,27.374900817871094,27.374900817871094,27.374900817871094,314,0.0,0.0,0.0
2024-10-24 13:50:00-04:00,27.37179946899414,27.37179946899414,27.37179946899414,27.37179946899414,570,0.0,0.0,0.0
2024-10-24 14:00:00-04:00,27.37070083618164,27.37070083618164,27.37070083618164,27.37070083618164,505,0.0,0.0,0.0
2024-10-24 14:10:00-04:00,27.38990020751953,27.389999389648438,27.375,27.389999389648438,1455,0.0,0.0,0.0
2024-10-24 14:30:00-04:00,27.429899215698242,27.429899215698242,27.389999389648438,27.389999389648438,560,0.0,0.0,0.0
2024-10-24 14:45:00-04:00,27.389999389648438,27.399999618530273,27.389999389648438,27.399999618530273,461,0.0,0.0,0.0
2024-10-24 14:55:00-04:00,27.429899215698242,27.429899215698242,27.399999618530273,27.400100708007812,1930,0.0,0.0,0.0
2024-10-24 15:05:00-04:00,27.401899337768555,27.415000915527344,27.399999618530273,27.399999618530273,851,0.0,0.0,0.0
2024-10-24 15:10:00-04:00,27.400100708007812,27.400100708007812,27.400100708007812,27.400100708007812,135,0.0,0.0,0.0
2024-10-24 15:15:00-04:00,27.429899215698242,27.429899215698242,27.399999618530273,27.399999618530273,918,0.0,0.0,0.0
2024-10-24 15:20:00-04:00,27.400100708007812,27.415000915527344,27.399999618530273,27.415000915527344,1106,0.0,0.0,0.0
2024-10-24 15:25:00-04:00,27.400100708007812,27.409500122070312,27.400100708007812,27.405000686645508,2403,0.0,0.0,0.0
2024-10-24 15:30:00-04:00,27.400999069213867,27.40999984741211,27.399999618530273,27.399999618530273,1367,0.0,0.0,0.0
2024-10-24 15:40:00-04:00,27.40999984741211,27.440000534057617,27.389999389648438,27.440000534057617,1120,0.0,0.0,0.0
2024-10-24 15:45:00-04:00,27.420000076293945,27.420000076293945,27.420000076293945,27.420000076293945,250,0.0,0.0,0.0
2024-10-24 15:50:00-04:00,27.40999984741211,27.40999984741211,27.40999984741211,27.40999984741211,679,0.0,0.0,0.0
2024-10-24 15:55:00-04:00,27.420000076293945,27.420000076293945,27.389999389648438,27.389999389648438,0,0.0,0.0,0.0
2024-10-25 09:30:00-04:00,27.389999389648438,27.389999389648438,27.389999389648438,27.389999389648438,983,0.0,0.0,0.0
2024-10-25 09:35:00-04:00,27.3799991607666,27.3799991607666,27.3799991607666,27.3799991607666,348,0.0,0.0,0.0
2024-10-25 09:40:00-04:00,27.350000381469727,27.350000381469727,27.350000381469727,27.350000381469727,1003,0.0,0.0,0.0
2024-10-25 09:45:00-04:00,27.375,27.375,27.329999923706055,27.36989974975586,2027,0.0,0.0,0.0
2024-10-25 09:50:00-04:00,27.360000610351562,27.360000610351562,27.350000381469727,27.350000381469727,439,0.0,0.0,0.0
2024-10-25 09:55:00-04:00,27.3799991607666,27.3799991607666,27.354999542236328,27.3700008392334,1823,0.0,0.0,0.0
2024-10-25 10:00:00-04:00,27.399900436401367,27.40999984741211,27.364999771118164,27.40999984741211,3515,0.0,0.0,0.0
2024-10-25 10:15:00-04:00,27.489999771118164,27.530000686645508,27.459999084472656,27.520000457763672,5532,0.0,0.0,0.0
2024-10-25 10:20:00-04:00,27.436500549316406,27.436500549316406,27.436500549316406,27.436500549316406,430,0.0,0.0,0.0
2024-10-25 10:25:00-04:00,27.449800491333008,27.449800491333008,27.424999237060547,27.424999237060547,1192,0.0,0.0,0.0
2024-10-25 10:35:00-04:00,27.444000244140625,27.444000244140625,27.37529945373535,27.421199798583984,2356,0.0,0.0,0.0
2024-10-25 10:40:00-04:00,27.440000534057617,27.440000534057617,27.440000534057617,27.440000534057617,148,0.0,0.0,0.0
2024-10-25 10:45:00-04:00,27.450000762939453,27.450000762939453,27.440000534057617,27.440000534057617,1195,0.0,0.0,0.0
2024-10-25 10:50:00-04:00,27.532100677490234,27.532100677490234,27.532100677490234,27.532100677490234,564,0.0,0.0,0.0
2024-10-25 10:55:00-04:00,27.530000686645508,27.530000686645508,27.530000686645508,27.530000686645508,114,0.0,0.0,0.0
2024-10-25 11:00:00-04:00,27.5049991607666,27.5049991607666,27.5049991607666,27.5049991607666,359,0.0,0.0,0.0
2024-10-25 11:05:00-04:00,27.511899948120117,27.514999389648438,27.511899948120117,27.514999389648438,0,0.0,0.0,0.0
2024-10-25 11:15:00-04:00,27.5,27.5,27.5,27.5,0,0.0,0.0,0.0
2024-10-25 11:20:00-04:00,27.499300003051758,27.499300003051758,27.499300003051758,27.499300003051758,26186,0.0,0.0,0.0
2024-10-25 11:25:00-04:00,27.460100173950195,27.460100173950195,27.460100173950195,27.460100173950195,407,0.0,0.0,0.0
2024-10-25 11:35:00-04:00,27.530000686645508,27.530000686645508,27.530000686645508,27.530000686645508,350,0.0,0.0,0.0
2024-10-25 11:40:00-04:00,27.5,27.530000686645508,27.5,27.510000228881836,1733,0.0,0.0,0.0
2024-10-25 11:45:00-04:00,27.520000457763672,27.53809928894043,27.5,27.53809928894043,1492,0.0,0.0,0.0
2024-10-25 11:50:00-04:00,27.520000457763672,27.520000457763672,27.510000228881836,27.510000228881836,1252,0.0,0.0,0.0
2024-10-25 11:55:00-04:00,27.530000686645508,27.530000686645508,27.530000686645508,27.530000686645508,474,0.0,0.0,0.0
2024-10-25 12:00:00-04:00,27.514999389648438,27.514999389648438,27.5,27.5,1096,0.0,0.0,0.0
2024-10-25 12:05:00-04:00,27.484600067138672,27.489999771118164,27.484600067138672,27.489999771118164,671,0.0,0.0,0.0
2024-10-25 12:10:00-04:00,27.49679946899414,27.49679946899414,27.49679946899414,27.49679946899414,550,0.0,0.0,0.0
2024-10-25 12:20:00-04:00,27.459999084472656,27.459999084472656,27.459999084472656,27.459999084472656,178,0.0,0.0,0.0
2024-10-25 12:30:00-04:00,27.450000762939453,27.469999313354492,27.450000762939453,27.459999084472656,598,0.0,0.0,0.0
2024-10-25 12:35:00-04:00,27.46940040588379,27.46940040588379,27.46940040588379,27.46940040588379,100,0.0,0.0,0.0
2024-10-25 12:40:00-04:00,27.46940040588379,27.46940040588379,27.450000762939453,27.450000762939453,568,0.0,0.0,0.0
2024-10-25 12:55:00-04:00,27.450000762939453,27.469999313354492,27.450000762939453,27.459999084472656,1126,0.0,0.0,0.0
2024-10-25 13:10:00-04:00,27.434999465942383,27.434999465942383,27.434999465942383,27.434999465942383,276,0.0,0.0,0.0
2024-10-25 13:25:00-04:00,27.43000030517578,27.43199920654297,27.43000030517578,27.43199920654297,260,0.0,0.0,0.0
2024-10-25 13:30:00-04:00,27.440000534057617,27.440000534057617,27.440000534057617,27.440000534057617,166,0.0,0.0,0.0
2024-10-25 13:35:00-04:00,27.40290069580078,27.40290069580078,27.40290069580078,27.40290069580078,916,0.0,0.0,0.0
2024-10-25 13:50:00-04:00,27.440000534057617,27.440000534057617,27.423099517822266,27.423099517822266,300,0.0,0.0,0.0
2024-10-25 13:55:00-04:00,27.40999984741211,27.40999984741211,27.399999618530273,27.399999618530273,1040,0.0,0.0,0.0
2024-10-25 14:05:00-04:00,27.420000076293945,27.420000076293945,27.420000076293945,27.420000076293945,288,0.0,0.0,0.0
2024-10-25 14:10:00-04:00,27.42840003967285,27.42840003967285,27.410499572753906,27.410499572753906,600,0.0,0.0,0.0
2024-10-25 14:15:00-04:00,27.40999984741211,27.41069984436035,27.40999984741211,27.41069984436035,3394,0.0,0.0,0.0
2024-10-25 14:20:00-04:00,27.40999984741211,27.410200119018555,27.40999984741211,27.410200119018555,200,0.0,0.0,0.0
2024-10-25 14:25:00-04:00,27.40999984741211,27.414499282836914,27.40999984741211,27.40999984741211,1227,0.0,0.0,0.0
2024-10-25 14:35:00-04:00,27.43000030517578,27.43000030517578,27.43000030517578,27.43000030517578,298,0.0,0.0,0.0
2024-10-25 14:45:00-04:00,27.440000534057617,27.440000534057617,27.439899444580078,27.439899444580078,729,0.0,0.0,0.0
2024-10-25 14:50:00-04:00,27.415199279785156,27.4200496673584,27.40999984741211,27.40999984741211,3363,0.0,0.0,0.0
2024-10-25 15:05:00-04:00,27.415000915527344,27.415000915527344,27.415000915527344,27.415000915527344,284,0.0,0.0,0.0
2024-10-25 15:15:00-04:00,27.43000030517578,27.43000030517578,27.43000030517578,27.43000030517578,102,0.0,0.0,0.0
2024-10-25 15:20:00-04:00,27.40999984741211,27.40999984741211,27.40999984741211,27.40999984741211,435,0.0,0.0,0.0
2024-10-25 15:25:00-04:00,27.424999237060547,27.424999237060547,27.424999237060547,27.424999237060547,609,0.0,0.0,0.0
2024-10-25 15:40:00-04:00,27.424999237060547,27.424999237060547,27.424999237060547,27.424999237060547,119,0.0,0.0,0.0
2024-10-25 15:45:00-04:00,27.420000076293945,27.420000076293945,27.420000076293945,27.420000076293945,150,0.0,0.0,0.0
2024-10-25 15:50:00-04:00,27.40999984741211,27.43000030517578,27.40999984741211,27.40999984741211,1946,0.0,0.0,0.0
2024-10-25 15:55:00-04:00,27.420000076293945,27.420000076293945,27.40999984741211,27.40999984741211,517,0.0,0.0,0.0
2024-10-28 09:30:00-04:00,27.34000015258789,27.34000015258789,27.34000015258789,27.34000015258789,2516,0.0,0.0,0.0
2024-10-28 09:35:00-04:00,27.3700008392334,27.388099670410156,27.3700008392334,27.388099670410156,1353,0.0,0.0,0.0
2024-10-28 09:40:00-04:00,27.388399124145508,27.389999389648438,27.388399124145508,27.389999389648438,1098,0.0,0.0,0.0
2024-10-28 09:45:00-04:00,27.36370086669922,27.36370086669922,27.36370086669922,27.36370086669922,644,0.0,0.0,0.0
2024-10-28 09:50:00-04:00,27.40999984741211,27.40999984741211,27.40999984741211,27.40999984741211,388,0.0,0.0,0.0
2024-10-28 09:55:00-04:00,27.40999984741211,27.440000534057617,27.399999618530273,27.440000534057617,421,0.0,0.0,0.0
2024-10-28 10:00:00-04:00,27.399999618530273,27.399999618530273,27.399999618530273,27.399999618530273,303,0.0,0.0,0.0
2024-10-28 10:05:00-04:00,27.43000030517578,27.43000030517578,27.43000030517578,27.43000030517578,536,0.0,0.0,0.0
2024-10-28 10:10:00-04:00,27.4375,27.4375,27.3799991607666,27.3799991607666,2082,0.0,0.0,0.0
2024-10-28 10:15:00-04:00,27.380300521850586,27.380300521850586,27.380300521850586,27.380300521850586,190,0.0,0.0,0.0
2024-10-28 10:20:00-04:00,27.408199310302734,27.408199310302734,27.408199310302734,27.408199310302734,340,0.0,0.0,0.0
2024-10-28 10:30:00-04:00,27.437400817871094,27.437400817871094,27.437400817871094,27.437400817871094,223,0.0,0.0,0.0
2024-10-28 10:45:00-04:00,27.440200805664062,27.450000762939453,27.440000534057617,27.450000762939453,10077,0.0,0.0,0.0
2024-10-28 10:50:00-04:00,27.450000762939453,27.485000610351562,27.450000762939453,27.485000610351562,1767,0.0,0.0,0.0
2024-10-28 10:55:00-04:00,27.458799362182617,27.4950008392334,27.458799362182617,27.479999542236328,819,0.0,0.0,0.0
2024-10-28 11:00:00-04:00,27.43000030517578,27.43000030517578,27.43000030517578,27.43000030517578,101,0.0,0.0,0.0
2024-10-28 11:05:00-04:00,27.440000534057617,27.440000534057617,27.440000534057617,27.440000534057617,300,0.0,0.0,0.0
2024-10-28 11:15:00-04:00,27.475000381469727,27.475000381469727,27.475000381469727,27.475000381469727,107,0.0,0.0,0.0
2024-10-28 11:20:00-04:00,27.450599670410156,27.450599670410156,27.450599670410156,27.450599670410156,173,0.0,0.0,0.0
2024-10-28 11:35:00-04:00,27.394500732421875,27.394500732421875,27.389999389648438,27.389999389648438,345,0.0,0.0,0.0
2024-10-28 11:45:00-04:00,27.320100784301758,27.320100784301758,27.320100784301758,27.320100784301758,257,0.0,0.0,0.0
2024-10-28 11:50:00-04:00,27.3700008392334,27.3799991607666,27.36989974975586,27.3799991607666,961,0.0,0.0,0.0
2024-10-28 11:55:00-04:00,27.3700008392334,27.3700008392334,27.3700008392334,27.3700008392334,265,0.0,0.0,0.0
2024-10-28 12:10:00-04:00,27.37809944152832,27.37809944152832,27.37809944152832,27.37809944152832,739,0.0,0.0,0.0
2024-10-28 12:25:00-04:00,27.3700008392334,27.3700008392334,27.3700008392334,27.3700008392334,364,0.0,0.0,0.0
2024-10-28 12:40:00-04:00,27.36210060119629,27.36210060119629,27.36210060119629,27.36210060119629,322,0.0,0.0,0.0
2024-10-28 12:45:00-04:00,27.38050079345703,27.38050079345703,27.3700008392334,27.3700008392334,611,0.0,0.0,0.0
2024-10-28 12:50:00-04:00,27.40999984741211,27.40999984741211,27.40999984741211,27.40999984741211,359,0.0,0.0,0.0
2024-10-28 13:05:00-04:00,27.40999984741211,27.40999984741211,27.409900665283203,27.409900665283203,553,0.0,0.0,0.0
2024-10-28 13:10:00-04:00,27.3700008392334,27.384899139404297,27.3700008392334,27.384899139404297,1388,0.0,0.0,0.0
2024-10-28 13:20:00-04:00,27.399999618530273,27.399999618530273,27.3799991607666,27.399999618530273,1116,0.0,0.0,0.0
2024-10-28 13:35:00-04:00,27.40239906311035,27.40239906311035,27.40239906311035,27.40239906311035,114,0.0,0.0,0.0
2024-10-28 13:40:00-04:00,27.40999984741211,27.40999984741211,27.409900665283203,27.409900665283203,1642,0.0,0.0,0.0
2024-10-28 13:45:00-04:00,27.389999389648438,27.398000717163086,27.389999389648438,27.398000717163086,324,0.0,0.0,0.0
2024-10-28 13:50:00-04:00,27.409700393676758,27.409700393676758,27.409700393676758,27.409700393676758,110,0.0,0.0,0.0
2024-10-28 13:55:00-04:00,27.399999618530273,27.399999618530273,27.399900436401367,27.399900436401367,851,0.0,0.0,0.0
2024-10-28 14:15:00-04:00,27.392099380493164,27.398000717163086,27.392099380493164,27.398000717163086,1488,0.0,0.0,0.0
2024-10-28 14:30:00-04:00,27.350099563598633,27.350099563598633,27.350099563598633,27.350099563598633,192,0.0,0.0,0.0
2024-10-28 14:35:00-04:00,27.399200439453125,27.399200439453125,27.399200439453125,27.399200439453125,112,0.0,0.0,0.0
2024-10-28 14:45:00-04:00,27.409900665283203,27.409900665283203,27.409900665283203,27.409900665283203,200,0.0,0.0,0.0
2024-10-28 14:50:00-04:00,27.389999389648438,27.40719985961914,27.389999389648438,27.40719985961914,529,0.0,0.0,0.0
2024-10-28 14:55:00-04:00,27.408100128173828,27.408100128173828,27.408100128173828,27.408100128173828,200,0.0,0.0,0.0
2024-10-28 15:00:00-04:00,27.3799991607666,27.3799991607666,27.3799991607666,27.3799991607666,306,0.0,0.0,0.0
2024-10-28 15:05:00-04:00,27.3799991607666,27.3799991607666,27.354999542236328,27.360000610351562,2371,0.0,0.0,0.0
2024-10-28 15:10:00-04:00,27.3799991607666,27.399999618530273,27.3799991607666,27.399999618530273,501,0.0,0.0,0.0
2024-10-28 15:20:00-04:00,27.40999984741211,27.40999984741211,27.40999984741211,27.40999984741211,261,0.0,0.0,0.0
2024-10-28 15:25:00-04:00,27.420000076293945,27.435800552368164,27.389999389648438,27.420000076293945,1251,0.0,0.0,0.0
2024-10-28 15:30:00-04:00,27.440000534057617,27.44969940185547,27.420000076293945,27.440000534057617,2534,0.0,0.0,0.0
2024-10-28 15:35:00-04:00,27.420000076293945,27.422000885009766,27.420000076293945,27.422000885009766,294,0.0,0.0,0.0
2024-10-28 15:50:00-04:00,27.440000534057617,27.450000762939453,27.424999237060547,27.440000534057617,1518,0.0,0.0,0.0
2024-10-28 15:55:00-04:00,27.450000762939453,27.450000762939453,27.402299880981445,27.424999237060547,1620,0.0,0.0,0.0
2024-10-29 09:30:00-04:00,27.3700008392334,27.385000228881836,27.299999237060547,27.364999771118164,16156,0.0,0.0,0.0
2024-10-29 09:40:00-04:00,27.3799991607666,27.39859962463379,27.3799991607666,27.39859962463379,844,0.0,0.0,0.0
2024-10-29 09:45:00-04:00,27.436899185180664,27.436899185180664,27.40999984741211,27.420000076293945,1449,0.0,0.0,0.0
2024-10-29 09:50:00-04:00,27.43239974975586,27.469900131225586,27.389999389648438,27.389999389648438,2565,0.0,0.0,0.0
2024-10-29 10:00:00-04:00,27.459999084472656,27.459999084472656,27.459999084472656,27.459999084472656,347,0.0,0.0,0.0
2024-10-29 10:05:00-04:00,27.415000915527344,27.420000076293945,27.385000228881836,27.405399322509766,1660,0.0,0.0,0.0
2024-10-29 10:15:00-04:00,27.40999984741211,27.40999984741211,27.40999984741211,27.40999984741211,312,0.0,0.0,0.0
2024-10-29 10:20:00-04:00,27.397899627685547,27.440000534057617,27.397899627685547,27.440000534057617,2104,0.0,0.0,0.0
2024-10-29 10:30:00-04:00,27.389999389648438,27.389999389648438,27.389999389648438,27.389999389648438,698,0.0,0.0,0.0
2024-10-29 10:40:00-04:00,27.43000030517578,27.43000030517578,27.420000076293945,27.420000076293945,3494,0.0,0.0,0.0
2024-10-29 10:45:00-04:00,27.389999389648438,27.389999389648438,27.350000381469727,27.350000381469727,1200,0.0,0.0,0.0
2024-10-29 10:50:00-04:00,27.361400604248047,27.399999618530273,27.361400604248047,27.399999618530273,1257,0.0,0.0,0.0
2024-10-29 10:55:00-04:00,27.389999389648438,27.389999389648438,27.375,27.375,16805,0.0,0.0,0.0
2024-10-29 11:00:00-04:00,27.360000610351562,27.360000610351562,27.320100784301758,27.320100784301758,1972,0.0,0.0,0.0
2024-10-29 11:05:00-04:00,27.364999771118164,27.364999771118164,27.329999923706055,27.329999923706055,1183,0.0,0.0,0.0
2024-10-29 11:10:00-04:00,27.325000762939453,27.325000762939453,27.309999465942383,27.325000762939453,1184,0.0,0.0,0.0
2024-10-29 11:15:00-04:00,27.34000015258789,27.35919952392578,27.329999923706055,27.329999923706055,10274,0.0,0.0,0.0
2024-10-29 11:20:00-04:00,27.309999465942383,27.334999084472656,27.299999237060547,27.334999084472656,2489,0.0,0.0,0.0
2024-10-29 11:25:00-04:00,27.309999465942383,27.309999465942383,27.290000915527344,27.290000915527344,823,0.0,0.0,0.0
2024-10-29 11:30:00-04:00,27.315500259399414,27.34000015258789,27.315500259399414,27.34000015258789,456,0.0,0.0,0.0
2024-10-29 11:35:00-04:00,27.349000930786133,27.360000610351562,27.328800201416016,27.360000610351562,779,0.0,0.0,0.0
2024-10-29 11:40:00-04:00,27.34000015258789,27.34000015258789,27.34000015258789,27.34000015258789,832,0.0,0.0,0.0
2024-10-29 11:45:00-04:00,27.34000015258789,27.34000015258789,27.329999923706055,27.329999923706055,544,0.0,0.0,0.0
2024-10-29 11:50:00-04:00,27.36989974975586,27.36989974975586,27.36989974975586,27.36989974975586,311,0.0,0.0,0.0
2024-10-29 11:55:00-04:00,27.32270050048828,27.360000610351562,27.32270050048828,27.360000610351562,577,0.0,0.0,0.0
2024-10-29 12:05:00-04:00,27.375,27.399900436401367,27.35449981689453,27.399900436401367,1226,0.0,0.0,0.0
2024-10-29 12:10:00-04:00,27.389999389648438,27.389999389648438,27.375,27.389999389648438,1258,0.0,0.0,0.0
2024-10-29 12:15:00-04:00,27.375,27.389999389648438,27.35610008239746,27.389999389648438,1017,0.0,0.0,0.0
2024-10-29 12:20:00-04:00,27.389999389648438,27.399999618530273,27.385000228881836,27.385000228881836,1779,0.0,0.0,0.0
2024-10-29 12:25:00-04:00,27.3700008392334,27.3700008392334,27.360000610351562,27.360000610351562,1039,0.0,0.0,0.0
2024-10-29 12:30:00-04:00,27.329999923706055,27.38990020751953,27.329999923706055,27.38990020751953,1351,0.0,0.0,0.0
2024-10-29 12:35:00-04:00,27.360000610351562,27.360000610351562,27.34149932861328,27.34149932861328,851,0.0,0.0,0.0
2024-10-29 12:40:00-04:00,27.3700008392334,27.3700008392334,27.3700008392334,27.3700008392334,254,0.0,0.0,0.0
2024-10-29 12:45:00-04:00,27.38990020751953,27.38990020751953,27.38990020751953,27.38990020751953,216,0.0,0.0,0.0
2024-10-29 12:50:00-04:00,27.3799991607666,27.3799991607666,27.351900100708008,27.351900100708008,710,0.0,0.0,0.0
2024-10-29 12:55:00-04:00,27.399999618530273,27.399999618530273,27.399999618530273,27.399999618530273,275,0.0,0.0,0.0
2024-10-29 13:00:00-04:00,27.406999588012695,27.406999588012695,27.38249969482422,27.40130043029785,620,0.0,0.0,0.0
2024-10-29 13:05:00-04:00,27.415000915527344,27.420000076293945,27.40999984741211,27.40999984741211,3314,0.0,0.0,0.0
2024-10-29 13:10:00-04:00,27.40999984741211,27.414499282836914,27.395000457763672,27.395000457763672,3579,0.0,0.0,0.0
2024-10-29 13:15:00-04:00,27.40999984741211,27.40999984741211,27.40999984741211,27.40999984741211,227,0.0,0.0,0.0
2024-10-29 13:20:00-04:00,27.3799991607666,27.3799991607666,27.350000381469727,27.3700008392334,1254,0.0,0.0,0.0
2024-10-29 13:30:00-04:00,27.3799991607666,27.3799991607666,27.3799991607666,27.3799991607666,1301,0.0,0.0,0.0
2024-10-29 13:35:00-04:00,27.3799991607666,27.3799991607666,27.360000610351562,27.360000610351562,817,0.0,0.0,0.0
2024-10-29 13:40:00-04:00,27.360000610351562,27.360000610351562,27.360000610351562,27.360000610351562,300,0.0,0.0,0.0
2024-10-29 13:45:00-04:00,27.3700008392334,27.3700008392334,27.360000610351562,27.360000610351562,515,0.0,0.0,0.0
2024-10-29 13:50:00-04:00,27.364999771118164,27.389699935913086,27.364999771118164,27.389699935913086,854,0.0,0.0,0.0
2024-10-29 13:55:00-04:00,27.364999771118164,27.364999771118164,27.364999771118164,27.364999771118164,333,0.0,0.0,0.0
2024-10-29 14:05:00-04:00,27.389999389648438,27.389999389648438,27.389999389648438,27.389999389648438,187,0.0,0.0,0.0
2024-10-29 14:10:00-04:00,27.350200653076172,27.351999282836914,27.350200653076172,27.351999282836914,1009,0.0,0.0,0.0
2024-10-29 14:20:00-04:00,27.389999389648438,27.395000457763672,27.389999389648438,27.389999389648438,392,0.0,0.0,0.0
2024-10-29 14:25:00-04:00,27.405399322509766,27.405399322509766,27.405399322509766,27.405399322509766,537,0.0,0.0,0.0
2024-10-29 14:30:00-04:00,27.37150001525879,27.415000915527344,27.37150001525879,27.395000457763672,1919,0.0,0.0,0.0
2024-10-29 14:35:00-04:00,27.395000457763672,27.395000457763672,27.395000457763672,27.395000457763672,563,0.0,0.0,0.0
2024-10-29 14:40:00-04:00,27.40920066833496,27.40999984741211,27.399999618530273,27.405000686645508,1379,0.0,0.0,0.0
2024-10-29 14:45:00-04:00,27.389999389648438,27.40999984741211,27.3700008392334,27.3700008392334,2197,0.0,0.0,0.0
2024-10-29 14:50:00-04:00,27.389999389648438,27.41990089416504,27.389999389648438,27.41990089416504,574,0.0,0.0,0.0
2024-10-29 15:00:00-04:00,27.415000915527344,27.420000076293945,27.40999984741211,27.40999984741211,2279,0.0,0.0,0.0
2024-10-29 15:05:00-04:00,27.419300079345703,27.419300079345703,27.40999984741211,27.40999984741211,724,0.0,0.0,0.0
2024-10-29 15:10:00-04:00,27.415000915527344,27.420000076293945,27.399999618530273,27.399999618530273,2611,0.0,0.0,0.0
2024-10-29 15:20:00-04:00,27.40999984741211,27.40999984741211,27.40999984741211,27.40999984741211,236,0.0,0.0,0.0
2024-10-29 15:25:00-04:00,27.399999618530273,27.420000076293945,27.38010025024414,27.409900665283203,1946,0.0,0.0,0.0
2024-10-29 15:30:00-04:00,27.399999618530273,27.399999618530273,27.399999618530273,27.399999618530273,100,0.0,0.0,0.0
2024-10-29 15:35:00-04:00,27.399999618530273,27.399999618530273,27.399999618530273,27.399999618530273,451,0.0,0.0,0.0
2024-10-29 15:40:00-04:00,27.409345626831055,27.409345626831055,27.389999389648438,27.389999389648438,2246,0.0,0.0,0.0
2024-10-29 15:45:00-04:00,27.380599975585938,27.420000076293945,27.380599975585938,27.40999984741211,4938,0.0,0.0,0.0
2024-10-29 15:50:00-04:00,27.415000915527344,27.43000030517578,27.39150047302246,27.405000686645508,7270,0.0,0.0,0.0
2024-10-29 15:55:00-04:00,27.405000686645508,27.43000030517578,27.399999618530273,27.43000030517578,4215,0.0,0.0,0.0
2024-10-30 09:30:00-04:00,27.260000228881836,27.35849952697754,27.260000228881836,27.329999923706055,8758,0.0,0.0,0.0
2024-10-30 09:35:00-04:00,27.323400497436523,27.323400497436523,27.270099639892578,27.27669906616211,2578,0.0,0.0,0.0
2024-10-30 09:40:00-04:00,27.290000915527344,27.290000915527344,27.28569984436035,27.28569984436035,326,0.0,0.0,0.0
2024-10-30 09:45:00-04:00,27.26934051513672,27.271099090576172,27.26930046081543,27.271099090576172,5663,0.0,0.0,0.0
2024-10-30 09:50:00-04:00,27.260099411010742,27.329999923706055,27.260099411010742,27.329999923706055,3160,0.0,0.0,0.0
2024-10-30 10:05:00-04:00,27.34000015258789,27.376300811767578,27.34000015258789,27.376300811767578,1456,0.0,0.0,0.0
2024-10-30 10:15:00-04:00,27.405000686645508,27.405000686645508,27.405000686645508,27.405000686645508,216,0.0,0.0,0.0
2024-10-30 10:20:00-04:00,27.37980079650879,27.38129997253418,27.37980079650879,27.38129997253418,354,0.0,0.0,0.0
2024-10-30 10:25:00-04:00,27.364999771118164,27.364999771118164,27.328399658203125,27.328399658203125,249,0.0,0.0,0.0
2024-10-30 10:30:00-04:00,27.37190055847168,27.37190055847168,27.37190055847168,27.37190055847168,488,0.0,0.0,0.0
2024-10-30 10:35:00-04:00,27.389999389648438,27.389999389648438,27.389999389648438,27.389999389648438,335,0.0,0.0,0.0
2024-10-30 11:00:00-04:00,27.3799991607666,27.3799991607666,27.3799991607666,27.3799991607666,302,0.0,0.0,0.0
2024-10-30 11:05:00-04:00,27.359899520874023,27.359899520874023,27.35740089416504,27.35740089416504,760,0.0,0.0,0.0
2024-10-30 11:10:00-04:00,27.329599380493164,27.3700008392334,27.323999404907227,27.335399627685547,913,0.0,0.0,0.0
2024-10-30 11:15:00-04:00,27.368099212646484,27.38949966430664,27.34000015258789,27.36009979248047,2256,0.0,0.0,0.0
2024-10-30 11:20:00-04:00,27.360000610351562,27.37470054626465,27.333799362182617,27.37470054626465,3421,0.0,0.0,0.0
2024-10-30 11:25:00-04:00,27.373699188232422,27.373699188232422,27.329999923706055,27.360000610351562,6097,0.0,0.0,0.0
2024-10-30 11:30:00-04:00,27.360000610351562,27.415000915527344,27.33009910583496,27.3700008392334,24709,0.0,0.0,0.0
2024-10-30 11:35:00-04:00,27.360000610351562,27.420000076293945,27.350000381469727,27.3700008392334,26919,0.0,0.0,0.0
2024-10-30 11:40:00-04:00,27.350000381469727,27.409900665283203,27.34000015258789,27.389999389648438,17519,0.0,0.0,0.0
2024-10-30 11:45:00-04:00,27.389999389648438,27.389999389648438,27.3700008392334,27.3799991607666,6929,0.0,0.0,0.0
2024-10-30 11:50:00-04:00,27.3799991607666,27.39419937133789,27.354999542236328,27.354999542236328,9098,0.0,0.0,0.0
2024-10-30 11:55:00-04:00,27.34000015258789,27.3799991607666,27.31999969482422,27.3799991607666,1312,0.0,0.0,0.0
2024-10-30 12:00:00-04:00,27.3799991607666,27.3799991607666,27.3356990814209,27.3356990814209,1419,0.0,0.0,0.0
2024-10-30 12:05:00-04:00,27.364999771118164,27.364999771118164,27.364999771118164,27.364999771118164,241,0.0,0.0,0.0
2024-10-30 12:10:00-04:00,27.350000381469727,27.350000381469727,27.329999923706055,27.329999923706055,2647,0.0,0.0,0.0
2024-10-30 12:20:00-04:00,27.32990074157715,27.32990074157715,27.32990074157715,27.32990074157715,1474,0.0,0.0,0.0
2024-10-30 12:30:00-04:00,27.299999237060547,27.299999237060547,27.299999237060547,27.299999237060547,123,0.0,0.0,0.0
2024-10-30 12:35:00-04:00,27.299999237060547,27.299999237060547,27.299999237060547,27.299999237060547,878,0.0,0.0,0.0
2024-10-30 12:40:00-04:00,27.33639907836914,27.33639907836914,27.2810001373291,27.290000915527344,946,0.0,0.0,0.0
2024-10-30 12:45:00-04:00,27.309999465942383,27.329999923706055,27.309999465942383,27.329999923706055,430,0.0,0.0,0.0
2024-10-30 12:50:00-04:00,27.299999237060547,27.31376838684082,27.299999237060547,27.313678741455078,6816,0.0,0.0,0.0
2024-10-30 13:05:00-04:00,27.34630012512207,27.34630012512207,27.34630012512207,27.34630012512207,291,0.0,0.0,0.0
2024-10-30 13:10:00-04:00,27.349899291992188,27.349899291992188,27.349899291992188,27.349899291992188,663,0.0,0.0,0.0
2024-10-30 13:15:00-04:00,27.343799591064453,27.343799591064453,27.343799591064453,27.343799591064453,352,0.0,0.0,0.0
2024-10-30 13:30:00-04:00,27.345199584960938,27.346200942993164,27.345199584960938,27.346200942993164,2146,0.0,0.0,0.0
2024-10-30 13:35:00-04:00,27.33009910583496,27.353700637817383,27.33009910583496,27.350000381469727,1998,0.0,0.0,0.0
2024-10-30 13:40:00-04:00,27.329999923706055,27.360000610351562,27.329999923706055,27.360000610351562,588,0.0,0.0,0.0
2024-10-30 13:50:00-04:00,27.355899810791016,27.355899810791016,27.355899810791016,27.355899810791016,200,0.0,0.0,0.0
2024-10-30 13:55:00-04:00,27.329999923706055,27.350000381469727,27.329999923706055,27.350000381469727,590,0.0,0.0,0.0
2024-10-30 14:00:00-04:00,27.3700008392334,27.3700008392334,27.368999481201172,27.36989974975586,1269,0.0,0.0,0.0
2024-10-30 14:05:00-04:00,27.36520004272461,27.399999618530273,27.36520004272461,27.399999618530273,2121,0.0,0.0,0.0
2024-10-30 14:10:00-04:00,27.419300079345703,27.419300079345703,27.378599166870117,27.378599166870117,4094,0.0,0.0,0.0
2024-10-30 14:20:00-04:00,27.389999389648438,27.389999389648438,27.381000518798828,27.38990020751953,2079,0.0,0.0,0.0
2024-10-30 14:25:00-04:00,27.389999389648438,27.389999389648438,27.375,27.38990020751953,2363,0.0,0.0,0.0
2024-10-30 14:30:00-04:00,27.383699417114258,27.389999389648438,27.375699996948242,27.375699996948242,1962,0.0,0.0,0.0
2024-10-30 14:40:00-04:00,27.389999389648438,27.420000076293945,27.389999389648438,27.41990089416504,1974,0.0,0.0,0.0
2024-10-30 14:50:00-04:00,27.420000076293945,27.420000076293945,27.40130043029785,27.40130043029785,702,0.0,0.0,0.0
2024-10-30 14:55:00-04:00,27.400100708007812,27.400100708007812,27.400100708007812,27.400100708007812,375,0.0,0.0,0.0
2024-10-30 15:00:00-04:00,27.400100708007812,27.400100708007812,27.399999618530273,27.399999618530273,354,0.0,0.0,0.0
2024-10-30 15:10:00-04:00,27.389999389648438,27.389999389648438,27.389999389648438,27.389999389648438,467,0.0,0.0,0.0
2024-10-30 15:15:00-04:00,27.389999389648438,27.395000457763672,27.3799991607666,27.3799991607666,2049,0.0,0.0,0.0
2024-10-30 15:20:00-04:00,27.38010025024414,27.381799697875977,27.3799991607666,27.3799991607666,2222,0.0,0.0,0.0
2024-10-30 15:25:00-04:00,27.3799991607666,27.3799991607666,27.3799991607666,27.3799991607666,100,0.0,0.0,0.0
2024-10-30 15:30:00-04:00,27.395000457763672,27.395000457763672,27.395000457763672,27.395000457763672,545,0.0,0.0,0.0
2024-10-30 15:35:00-04:00,27.399999618530273,27.399999618530273,27.399999618530273,27.399999618530273,400,0.0,0.0,0.0
2024-10-30 15:40:00-04:00,27.399999618530273,27.399999618530273,27.399999618530273,27.399999618530273,111,0.0,0.0,0.0
2024-10-30 15:45:00-04:00,27.399999618530273,27.405000686645508,27.399999618530273,27.405000686645508,1250,0.0,0.0,0.0
2024-10-30 15:50:00-04:00,27.40999984741211,27.40999984741211,27.40999984741211,27.40999984741211,385,0.0,0.0,0.0
2024-10-30 15:55:00-04:00,27.40999984741211,27.418899536132812,27.360000610351562,27.389999389648438,8307,0.0,0.0,0.0
2024-10-31 09:30:00-04:00,27.450000762939453,27.450000762939453,27.40049934387207,27.41510009765625,2521,0.0,0.0,0.0
2024-10-31 09:35:00-04:00,27.3799991607666,27.3799991607666,27.3799991607666,27.3799991607666,575,0.0,0.0,0.0
2024-10-31 09:40:00-04:00,27.36240005493164,27.389999389648438,27.36240005493164,27.375,1780,0.0,0.0,0.0
2024-10-31 09:45:00-04:00,27.375,27.389999389648438,27.375,27.375600814819336,2325,0.0,0.0,0.0
2024-10-31 09:50:00-04:00,27.360000610351562,27.405000686645508,27.360000610351562,27.405000686645508,3068,0.0,0.0,0.0
2024-10-31 09:55:00-04:00,27.36009979248047,27.385000228881836,27.350500106811523,27.350500106811523,13450,0.0,0.0,0.0
2024-10-31 10:00:00-04:00,27.350099563598633,27.375,27.350000381469727,27.350000381469727,3958,0.0,0.0,0.0
2024-10-31 10:05:00-04:00,27.34000015258789,27.34000015258789,27.334999084472656,27.334999084472656,2475,0.0,0.0,0.0
2024-10-31 10:10:00-04:00,27.320100784301758,27.320100784301758,27.320100784301758,27.320100784301758,186,0.0,0.0,0.0
2024-10-31 10:15:00-04:00,27.360000610351562,27.40999984741211,27.360000610351562,27.40999984741211,12611,0.0,0.0,0.0
2024-10-31 10:30:00-04:00,27.420000076293945,27.420000076293945,27.364999771118164,27.364999771118164,1269,0.0,0.0,0.0
2024-10-31 10:35:00-04:00,27.374000549316406,27.374000549316406,27.374000549316406,27.374000549316406,1239,0.0,0.0,0.0
2024-10-31 10:40:00-04:00,27.31999969482422,27.31999969482422,27.31999969482422,27.31999969482422,484,0.0,0.0,0.0
2024-10-31 10:45:00-04:00,27.28499984741211,27.28499984741211,27.270000457763672,27.270000457763672,1114,0.0,0.0,0.0
2024-10-31 10:50:00-04:00,27.270000457763672,27.299999237060547,27.270000457763672,27.299999237060547,11778,0.0,0.0,0.0
2024-10-31 10:55:00-04:00,27.290000915527344,27.290000915527344,27.290000915527344,27.290000915527344,411,0.0,0.0,0.0
2024-10-31 11:00:00-04:00,27.260000228881836,27.270000457763672,27.260000228881836,27.270000457763672,7447,0.0,0.0,0.0
2024-10-31 11:05:00-04:00,27.260000228881836,27.260000228881836,27.260000228881836,27.260000228881836,570,0.0,0.0,0.0
2024-10-31 11:10:00-04:00,27.239999771118164,27.239999771118164,27.239999771118164,27.239999771118164,362,0.0,0.0,0.0
2024-10-31 11:15:00-04:00,27.240100860595703,27.270000457763672,27.240100860595703,27.270000457763672,3742,0.0,0.0,0.0
2024-10-31 11:20:00-04:00,27.263500213623047,27.270099639892578,27.259199142456055,27.270099639892578,1020,0.0,0.0,0.0
2024-10-31 11:25:00-04:00,27.240100860595703,27.264999389648438,27.240100860595703,27.264999389648438,937,0.0,0.0,0.0
2024-10-31 11:30:00-04:00,27.270000457763672,27.290000915527344,27.243900299072266,27.243900299072266,732,0.0,0.0,0.0
2024-10-31 11:35:00-04:00,27.260000228881836,27.260000228881836,27.260000228881836,27.260000228881836,476,0.0,0.0,0.0
2024-10-31 11:45:00-04:00,27.237899780273438,27.237899780273438,27.229999542236328,27.229999542236328,3122,0.0,0.0,0.0
2024-10-31 11:50:00-04:00,27.209999084472656,27.209999084472656,27.20039939880371,27.20039939880371,0,0.0,0.0,0.0
2024-10-31 11:55:00-04:00,27.2450008392334,27.2450008392334,27.2450008392334,27.2450008392334,80642,0.0,0.0,0.0
2024-10-31 12:00:00-04:00,27.2189998626709,27.2189998626709,27.209999084472656,27.209999084472656,395,0.0,0.0,0.0
2024-10-31 12:05:00-04:00,27.218000411987305,27.218000411987305,27.20009994506836,27.20009994506836,465,0.0,0.0,0.0
2024-10-31 12:10:00-04:00,27.21500015258789,27.21500015258789,27.200000762939453,27.200000762939453,1335,0.0,0.0,0.0
2024-10-31 12:15:00-04:00,27.201000213623047,27.201000213623047,27.201000213623047,27.201000213623047,275,0.0,0.0,0.0
2024-10-31 12:20:00-04:00,27.201000213623047,27.201000213623047,27.201000213623047,27.201000213623047,158,0.0,0.0,0.0
2024-10-31 12:25:00-04:00,27.20490074157715,27.209999084472656,27.200000762939453,27.200000762939453,479,0.0,0.0,0.0
2024-10-31 12:30:00-04:00,27.208799362182617,27.218000411987305,27.208799362182617,27.213300704956055,839,0.0,0.0,0.0
2024-10-31 12:35:00-04:00,27.201400756835938,27.201400756835938,27.18000030517578,27.18000030517578,3095,0.0,0.0,0.0
2024-10-31 12:45:00-04:00,27.229999542236328,27.229999542236328,27.229999542236328,27.229999542236328,100,0.0,0.0,0.0
2024-10-31 12:50:00-04:00,27.229999542236328,27.229999542236328,27.200000762939453,27.200000762939453,1895,0.0,0.0,0.0
2024-10-31 12:55:00-04:00,27.225000381469727,27.260000228881836,27.225000381469727,27.260000228881836,426,0.0,0.0,0.0
2024-10-31 13:00:00-04:00,27.280000686645508,27.280000686645508,27.280000686645508,27.280000686645508,172,0.0,0.0,0.0
2024-10-31 13:05:00-04:00,27.290000915527344,27.290000915527344,27.22480010986328,27.239999771118164,773,0.0,0.0,0.0
2024-10-31 13:15:00-04:00,27.289899826049805,27.289899826049805,27.289899826049805,27.289899826049805,3202,0.0,0.0,0.0
2024-10-31 13:30:00-04:00,27.270299911499023,27.270299911499023,27.25,27.25,1201,0.0,0.0,0.0
2024-10-31 13:35:00-04:00,27.280000686645508,27.28700065612793,27.274999618530273,27.279499053955078,2702,0.0,0.0,0.0
2024-10-31 13:40:00-04:00,27.270000457763672,27.270000457763672,27.270000457763672,27.270000457763672,350,0.0,0.0,0.0
2024-10-31 13:45:00-04:00,27.255300521850586,27.255300521850586,27.255300521850586,27.255300521850586,155,0.0,0.0,0.0
2024-10-31 13:50:00-04:00,27.287099838256836,27.290000915527344,27.287099838256836,27.290000915527344,333,0.0,0.0,0.0
2024-10-31 14:00:00-04:00,27.290000915527344,27.290000915527344,27.290000915527344,27.290000915527344,423,0.0,0.0,0.0
2024-10-31 14:15:00-04:00,27.299999237060547,27.299999237060547,27.260000228881836,27.260000228881836,3180,0.0,0.0,0.0
2024-10-31 14:20:00-04:00,27.299999237060547,27.299999237060547,27.299999237060547,27.299999237060547,8122,0.0,0.0,0.0
2024-10-31 14:25:00-04:00,27.309999465942383,27.329999923706055,27.309999465942383,27.329999923706055,10119,0.0,0.0,0.0
2024-10-31 14:30:00-04:00,27.329999923706055,27.329999923706055,27.329999923706055,27.329999923706055,233,0.0,0.0,0.0
2024-10-31 14:35:00-04:00,27.334999084472656,27.334999084472656,27.334999084472656,27.334999084472656,172,0.0,0.0,0.0
2024-10-31 14:40:00-04:00,27.34000015258789,27.34000015258789,27.34000015258789,27.34000015258789,2218,0.0,0.0,0.0
2024-10-31 14:55:00-04:00,27.344999313354492,27.350000381469727,27.344999313354492,27.350000381469727,557,0.0,0.0,0.0
2024-10-31 15:00:00-04:00,27.3799991607666,27.3799991607666,27.369600296020508,27.369600296020508,292,0.0,0.0,0.0
2024-10-31 15:05:00-04:00,27.3799991607666,27.3799991607666,27.3799991607666,27.3799991607666,324,0.0,0.0,0.0
2024-10-31 15:15:00-04:00,27.399999618530273,27.42729949951172,27.399999618530273,27.42729949951172,1033,0.0,0.0,0.0
2024-10-31 15:25:00-04:00,27.404499053955078,27.404499053955078,27.404499053955078,27.404499053955078,407,0.0,0.0,0.0
2024-10-31 15:30:00-04:00,27.39069938659668,27.39069938659668,27.3799991607666,27.3799991607666,1354,0.0,0.0,0.0
2024-10-31 15:35:00-04:00,27.361299514770508,27.361299514770508,27.361299514770508,27.361299514770508,898,0.0,0.0,0.0
2024-10-31 15:40:00-04:00,27.3971004486084,27.3971004486084,27.3887996673584,27.3887996673584,286,0.0,0.0,0.0
2024-10-31 15:45:00-04:00,27.399999618530273,27.399999618530273,27.389999389648438,27.389999389648438,323,0.0,0.0,0.0
2024-10-31 15:55:00-04:00,27.3799991607666,27.388399124145508,27.350000381469727,27.360000610351562,3347,0.0,0.0,0.0
2024-11-01 09:30:00-04:00,27.56999969482422,27.68000030517578,27.54323959350586,27.566499710083008,4414,0.0,0.0,0.0
2024-11-01 09:35:00-04:00,27.510000228881836,27.575000762939453,27.510000228881836,27.575000762939453,911,0.0,0.0,0.0
2024-11-01 09:40:00-04:00,27.561100006103516,27.565000534057617,27.561100006103516,27.565000534057617,525,0.0,0.0,0.0
2024-11-01 09:45:00-04:00,27.53499984741211,27.56999969482422,27.53499984741211,27.56999969482422,904,0.0,0.0,0.0
2024-11-01 09:50:00-04:00,27.519699096679688,27.519899368286133,27.519699096679688,27.519899368286133,1217,0.0,0.0,0.0
2024-11-01 09:55:00-04:00,27.520000457763672,27.520000457763672,27.520000457763672,27.520000457763672,806,0.0,0.0,0.0
2024-11-01 10:05:00-04:00,27.434999465942383,27.434999465942383,27.389999389648438,27.389999389648438,700,0.0,0.0,0.0
2024-11-01 10:10:00-04:00,27.47920036315918,27.489999771118164,27.399999618530273,27.399999618530273,7923,0.0,0.0,0.0
2024-11-01 10:15:00-04:00,27.420000076293945,27.434200286865234,27.407800674438477,27.434200286865234,499,0.0,0.0,0.0
2024-11-01 10:20:00-04:00,27.399999618530273,27.399999618530273,27.389999389648438,27.389999389648438,1408,0.0,0.0,0.0
2024-11-01 10:25:00-04:00,27.389999389648438,27.389999389648438,27.385000228881836,27.385000228881836,603,0.0,0.0,0.0
2024-11-01 10:40:00-04:00,27.34000015258789,27.344999313354492,27.34000015258789,27.344999313354492,1224,0.0,0.0,0.0
2024-11-01 10:45:00-04:00,27.30270004272461,27.30270004272461,27.299999237060547,27.299999237060547,600,0.0,0.0,0.0
2024-11-01 10:55:00-04:00,27.329999923706055,27.329999923706055,27.329999923706055,27.329999923706055,317,0.0,0.0,0.0
2024-11-01 11:05:00-04:00,27.3700008392334,27.3700008392334,27.3700008392334,27.3700008392334,182,0.0,0.0,0.0
2024-11-01 11:20:00-04:00,27.395000457763672,27.395000457763672,27.395000457763672,27.395000457763672,127,0.0,0.0,0.0
2024-11-01 11:30:00-04:00,27.420000076293945,27.43560028076172,27.420000076293945,27.43560028076172,987,0.0,0.0,0.0
2024-11-01 11:35:00-04:00,27.45669937133789,27.45669937133789,27.45669937133789,27.45669937133789,245,0.0,0.0,0.0
2024-11-01 11:45:00-04:00,27.399999618530273,27.399999618530273,27.364999771118164,27.364999771118164,2807,0.0,0.0,0.0
2024-11-01 11:50:00-04:00,27.389999389648438,27.389999389648438,27.3799991607666,27.389999389648438,939,0.0,0.0,0.0
2024-11-01 12:00:00-04:00,27.391199111938477,27.424999237060547,27.391199111938477,27.424999237060547,881,0.0,0.0,0.0
2024-11-01 12:05:00-04:00,27.424999237060547,27.449899673461914,27.424999237060547,27.449899673461914,353,0.0,0.0,0.0
2024-11-01 12:10:00-04:00,27.41230010986328,27.41230010986328,27.41230010986328,27.41230010986328,294,0.0,0.0,0.0
2024-11-01 12:15:00-04:00,27.445999145507812,27.445999145507812,27.445999145507812,27.445999145507812,263,0.0,0.0,0.0
2024-11-01 12:20:00-04:00,27.424999237060547,27.424999237060547,27.389999389648438,27.389999389648438,1160,0.0,0.0,0.0
2024-11-01 12:25:00-04:00,27.440000534057617,27.440000534057617,27.440000534057617,27.440000534057617,0,0.0,0.0,0.0
2024-11-01 12:30:00-04:00,27.440000534057617,27.450000762939453,27.440000534057617,27.450000762939453,32334,0.0,0.0,0.0
2024-11-01 12:40:00-04:00,27.434999465942383,27.434999465942383,27.434999465942383,27.434999465942383,239,0.0,0.0,0.0
2024-11-01 12:45:00-04:00,27.450000762939453,27.450000762939453,27.450000762939453,27.450000762939453,1248,0.0,0.0,0.0
2024-11-01 12:55:00-04:00,27.440000534057617,27.459999084472656,27.440000534057617,27.459999084472656,458,0.0,0.0,0.0
2024-11-01 13:00:00-04:00,27.449899673461914,27.449899673461914,27.43790054321289,27.43790054321289,571,0.0,0.0,0.0
2024-11-01 13:20:00-04:00,27.399999618530273,27.400100708007812,27.399999618530273,27.399999618530273,654,0.0,0.0,0.0
2024-11-01 13:35:00-04:00,27.385700225830078,27.385700225830078,27.371299743652344,27.371299743652344,1982,0.0,0.0,0.0
2024-11-01 13:45:00-04:00,27.3700008392334,27.3700008392334,27.340099334716797,27.340099334716797,1926,0.0,0.0,0.0
2024-11-01 13:50:00-04:00,27.320100784301758,27.320100784301758,27.320100784301758,27.320100784301758,106,0.0,0.0,0.0
2024-11-01 13:55:00-04:00,27.324800491333008,27.324800491333008,27.324800491333008,27.324800491333008,659,0.0,0.0,0.0
2024-11-01 14:00:00-04:00,27.34000015258789,27.344999313354492,27.329999923706055,27.34000015258789,2372,0.0,0.0,0.0
2024-11-01 14:05:00-04:00,27.34000015258789,27.354999542236328,27.329999923706055,27.354999542236328,2337,0.0,0.0,0.0
2024-11-01 14:10:00-04:00,27.32029914855957,27.32029914855957,27.32029914855957,27.32029914855957,1022,0.0,0.0,0.0
2024-11-01 14:20:00-04:00,27.34000015258789,27.34000015258789,27.33989906311035,27.33989906311035,1060,0.0,0.0,0.0
2024-11-01 14:30:00-04:00,27.338899612426758,27.344999313354492,27.338899612426758,27.344999313354492,613,0.0,0.0,0.0
2024-11-01 14:35:00-04:00,27.329999923706055,27.329999923706055,27.31999969482422,27.31999969482422,2945,0.0,0.0,0.0
2024-11-01 14:45:00-04:00,27.350000381469727,27.350000381469727,27.350000381469727,27.350000381469727,282,0.0,0.0,0.0
2024-11-01 15:05:00-04:00,27.388500213623047,27.388500213623047,27.388500213623047,27.388500213623047,335,0.0,0.0,0.0
2024-11-01 15:25:00-04:00,27.38990020751953,27.38990020751953,27.38990020751953,27.38990020751953,1319,0.0,0.0,0.0
2024-11-01 15:40:00-04:00,27.36009979248047,27.36009979248047,27.36009979248047,27.36009979248047,512,0.0,0.0,0.0
2024-11-01 15:45:00-04:00,27.360000610351562,27.360000610351562,27.329999923706055,27.329999923706055,631,0.0,0.0,0.0
2024-11-01 15:55:00-04:00,27.32080078125,27.3700008392334,27.309999465942383,27.329999923706055,11907,0.0,0.0,0.0
2024-11-04 09:30:00-05:00,27.709999084472656,27.790000915527344,27.683799743652344,27.77989959716797,16340,0.0,0.0,0.0
2024-11-04 09:35:00-05:00,27.75,27.75,27.698999404907227,27.698999404907227,3281,0.0,0.0,0.0
2024-11-04 09:40:00-05:00,27.780000686645508,27.78890037536621,27.76930046081543,27.76930046081543,1487,0.0,0.0,0.0
2024-11-04 09:45:00-05:00,27.760000228881836,27.799999237060547,27.760000228881836,27.799999237060547,865,0.0,0.0,0.0
2024-11-04 09:50:00-05:00,27.77560043334961,27.77560043334961,27.739999771118164,27.7549991607666,990,0.0,0.0,0.0
2024-11-04 09:55:00-05:00,27.77989959716797,27.780000686645508,27.753000259399414,27.780000686645508,2170,0.0,0.0,0.0
2024-11-04 10:00:00-05:00,27.77039909362793,27.77039909362793,27.75,27.760000228881836,3941,0.0,0.0,0.0
2024-11-04 10:05:00-05:00,27.760000228881836,27.770000457763672,27.75,27.75,2566,0.0,0.0,0.0
2024-11-04 10:10:00-05:00,27.768999099731445,27.81439971923828,27.75,27.81439971923828,1787,0.0,0.0,0.0
2024-11-04 10:15:00-05:00,27.819000244140625,27.82659912109375,27.809999465942383,27.82659912109375,1049,0.0,0.0,0.0
2024-11-04 10:20:00-05:00,27.81999969482422,27.81999969482422,27.78890037536621,27.790000915527344,2186,0.0,0.0,0.0
2024-11-04 10:25:00-05:00,27.790000915527344,27.81999969482422,27.770000457763672,27.770000457763672,11811,0.0,0.0,0.0
2024-11-04 10:30:00-05:00,27.81999969482422,27.81999969482422,27.81999969482422,27.81999969482422,870,0.0,0.0,0.0
2024-11-04 10:40:00-05:00,27.816999435424805,27.816999435424805,27.816999435424805,27.816999435424805,561,0.0,0.0,0.0
2024-11-04 10:45:00-05:00,27.876699447631836,27.88990020751953,27.876699447631836,27.88990020751953,1739,0.0,0.0,0.0
2024-11-04 10:50:00-05:00,27.825000762939453,27.829999923706055,27.809999465942383,27.809999465942383,10579,0.0,0.0,0.0
2024-11-04 10:55:00-05:00,27.888099670410156,27.888099670410156,27.888099670410156,27.888099670410156,1115,0.0,0.0,0.0
2024-11-04 11:00:00-05:00,27.803199768066406,27.803199768066406,27.803199768066406,27.803199768066406,571,0.0,0.0,0.0
2024-11-04 11:05:00-05:00,27.864999771118164,27.864999771118164,27.864999771118164,27.864999771118164,2466,0.0,0.0,0.0
2024-11-04 11:10:00-05:00,27.850000381469727,27.880300521850586,27.850000381469727,27.880300521850586,4051,0.0,0.0,0.0
2024-11-04 11:15:00-05:00,27.8700008392334,27.8700008392334,27.850000381469727,27.850000381469727,630,0.0,0.0,0.0
2024-11-04 11:20:00-05:00,27.850000381469727,27.850000381469727,27.809999465942383,27.84589958190918,1735,0.0,0.0,0.0
2024-11-04 11:25:00-05:00,27.84000015258789,27.844999313354492,27.800100326538086,27.8257999420166,1325,0.0,0.0,0.0
2024-11-04 11:30:00-05:00,27.82699966430664,27.829999923706055,27.8257999420166,27.829999923706055,883,0.0,0.0,0.0
2024-11-04 11:35:00-05:00,27.820100784301758,27.829999923706055,27.809999465942383,27.809999465942383,3161,0.0,0.0,0.0
2024-11-04 11:40:00-05:00,27.84000015258789,27.84000015258789,27.84000015258789,27.84000015258789,531,0.0,0.0,0.0
2024-11-04 11:45:00-05:00,27.780000686645508,27.80500030517578,27.780000686645508,27.80500030517578,490,0.0,0.0,0.0
2024-11-04 11:50:00-05:00,27.814800262451172,27.814800262451172,27.780000686645508,27.780000686645508,568,0.0,0.0,0.0
2024-11-04 11:55:00-05:00,27.760000228881836,27.797700881958008,27.760000228881836,27.797700881958008,1587,0.0,0.0,0.0
2024-11-04 12:00:00-05:00,27.752700805664062,27.78190040588379,27.752700805664062,27.78190040588379,628,0.0,0.0,0.0
2024-11-04 12:05:00-05:00,27.796499252319336,27.796499252319336,27.750999450683594,27.76420021057129,1376,0.0,0.0,0.0
2024-11-04 12:10:00-05:00,27.770000457763672,27.770000457763672,27.75,27.75,1527,0.0,0.0,0.0
2024-11-04 12:15:00-05:00,27.7450008392334,27.770000457763672,27.7450008392334,27.770000457763672,466,0.0,0.0,0.0
2024-11-04 12:20:00-05:00,27.725200653076172,27.774999618530273,27.725200653076172,27.774999618530273,1303,0.0,0.0,0.0
2024-11-04 12:35:00-05:00,27.80069923400879,27.80069923400879,27.80069923400879,27.80069923400879,348,0.0,0.0,0.0
2024-11-04 12:50:00-05:00,27.754499435424805,27.799999237060547,27.750099182128906,27.799999237060547,1426,0.0,0.0,0.0
2024-11-04 12:55:00-05:00,27.76180076599121,27.799999237060547,27.76180076599121,27.799999237060547,812,0.0,0.0,0.0
2024-11-04 13:00:00-05:00,27.784900665283203,27.784900665283203,27.784900665283203,27.784900665283203,3050,0.0,0.0,0.0
2024-11-04 13:05:00-05:00,27.809900283813477,27.809900283813477,27.809900283813477,27.809900283813477,237,0.0,0.0,0.0
2024-11-04 13:10:00-05:00,27.809999465942383,27.809999465942383,27.809999465942383,27.809999465942383,514,0.0,0.0,0.0
2024-11-04 13:15:00-05:00,27.774200439453125,27.80500030517578,27.774200439453125,27.80500030517578,660,0.0,0.0,0.0
2024-11-04 13:20:00-05:00,27.80500030517578,27.84000015258789,27.80500030517578,27.84000015258789,3792,0.0,0.0,0.0
2024-11-04 13:25:00-05:00,27.80500030517578,27.80500030517578,27.80500030517578,27.80500030517578,857,0.0,0.0,0.0
2024-11-04 13:30:00-05:00,27.837299346923828,27.837299346923828,27.837299346923828,27.837299346923828,507,0.0,0.0,0.0
2024-11-04 13:50:00-05:00,27.79800033569336,27.79800033569336,27.79800033569336,27.79800033569336,144,0.0,0.0,0.0
2024-11-04 13:55:00-05:00,27.799999237060547,27.799999237060547,27.780000686645508,27.780000686645508,1419,0.0,0.0,0.0
2024-11-04 14:05:00-05:00,27.799999237060547,27.799999237060547,27.799999237060547,27.799999237060547,661,0.0,0.0,0.0
2024-11-04 14:10:00-05:00,27.808700561523438,27.808700561523438,27.799999237060547,27.799999237060547,463,0.0,0.0,0.0
2024-11-04 14:15:00-05:00,27.803300857543945,27.803300857543945,27.78499984741211,27.78499984741211,835,0.0,0.0,0.0
2024-11-04 14:20:00-05:00,27.79990005493164,27.79990005493164,27.773099899291992,27.773099899291992,4611,0.0,0.0,0.0
2024-11-04 14:25:00-05:00,27.790000915527344,27.790000915527344,27.78499984741211,27.78499984741211,2073,0.0,0.0,0.0
2024-11-04 14:30:00-05:00,27.790000915527344,27.790000915527344,27.790000915527344,27.790000915527344,185,0.0,0.0,0.0
2024-11-04 14:35:00-05:00,27.799999237060547,27.799999237060547,27.79990005493164,27.79990005493164,2031,0.0,0.0,0.0
2024-11-04 14:40:00-05:00,27.799100875854492,27.799100875854492,27.799100875854492,27.799100875854492,1007,0.0,0.0,0.0
2024-11-04 14:45:00-05:00,27.790000915527344,27.79990005493164,27.790000915527344,27.79990005493164,224,0.0,0.0,0.0
2024-11-04 14:55:00-05:00,27.799999237060547,27.799999237060547,27.790000915527344,27.799999237060547,4869,0.0,0.0,0.0
2024-11-04 15:00:00-05:00,27.790000915527344,27.790000915527344,27.770099639892578,27.790000915527344,678,0.0,0.0,0.0
2024-11-04 15:05:00-05:00,27.790000915527344,27.790000915527344,27.790000915527344,27.790000915527344,419,0.0,0.0,0.0
2024-11-04 15:10:00-05:00,27.799999237060547,27.84000015258789,27.799999237060547,27.84000015258789,14566,0.0,0.0,0.0
2024-11-04 15:15:00-05:00,27.81999969482422,27.81999969482422,27.81999969482422,27.81999969482422,474,0.0,0.0,0.0
2024-11-04 15:20:00-05:00,27.82990074157715,27.82990074157715,27.800600051879883,27.800600051879883,3556,0.0,0.0,0.0
2024-11-04 15:25:00-05:00,27.829999923706055,27.829999923706055,27.829999923706055,27.829999923706055,100,0.0,0.0,0.0
2024-11-04 15:30:00-05:00,27.838300704956055,27.838300704956055,27.809999465942383,27.809999465942383,2490,0.0,0.0,0.0
2024-11-04 15:35:00-05:00,27.799999237060547,27.81999969482422,27.790000915527344,27.81999969482422,4332,0.0,0.0,0.0
2024-11-04 15:40:00-05:00,27.819499969482422,27.819499969482422,27.80500030517578,27.80500030517578,564,0.0,0.0,0.0
2024-11-04 15:45:00-05:00,27.80500030517578,27.80500030517578,27.80500030517578,27.80500030517578,669,0.0,0.0,0.0
2024-11-04 15:50:00-05:00,27.799999237060547,27.799999237060547,27.790700912475586,27.791500091552734,664,0.0,0.0,0.0
2024-11-04 15:55:00-05:00,27.792999267578125,27.819900512695312,27.760000228881836,27.760000228881836,10208,0.0,0.0,0.0
2024-11-05 09:30:00-05:00,28.09000015258789,28.170000076293945,28.09000015258789,28.15690040588379,17691,0.0,0.0,0.0
2024-11-05 09:35:00-05:00,28.149999618530273,28.16990089416504,28.139999389648438,28.139999389648438,1042,0.0,0.0,0.0
2024-11-05 09:40:00-05:00,28.15999984741211,28.18670082092285,28.15999984741211,28.18670082092285,2501,0.0,0.0,0.0
2024-11-05 09:45:00-05:00,28.15999984741211,28.15999984741211,28.059999465942383,28.06999969482422,2283,0.0,0.0,0.0
2024-11-05 09:50:00-05:00,28.079999923706055,28.079999923706055,28.030000686645508,28.06999969482422,909,0.0,0.0,0.0
2024-11-05 09:55:00-05:00,28.06999969482422,28.084999084472656,28.040000915527344,28.049800872802734,2038,0.0,0.0,0.0
2024-11-05 10:05:00-05:00,28.079500198364258,28.079500198364258,28.065000534057617,28.065000534057617,2062,0.0,0.0,0.0
2024-11-05 10:10:00-05:00,28.045499801635742,28.045499801635742,28.045499801635742,28.045499801635742,281,0.0,0.0,0.0
2024-11-05 10:15:00-05:00,28.052499771118164,28.086599349975586,28.052499771118164,28.086599349975586,879,0.0,0.0,0.0
2024-11-05 10:20:00-05:00,28.052400588989258,28.05500030517578,28.049999237060547,28.05500030517578,2871,0.0,0.0,0.0
2024-11-05 10:25:00-05:00,28.059999465942383,28.059999465942383,28.059999465942383,28.059999465942383,505,0.0,0.0,0.0
2024-11-05 10:30:00-05:00,28.024999618530273,28.024999618530273,27.989999771118164,27.989999771118164,2333,0.0,0.0,0.0
2024-11-05 10:35:00-05:00,28.08060073852539,28.08060073852539,28.059999465942383,28.059999465942383,1322,0.0,0.0,0.0
2024-11-05 10:40:00-05:00,28.072099685668945,28.072099685668945,28.072099685668945,28.072099685668945,435,0.0,0.0,0.0
2024-11-05 10:45:00-05:00,28.088499069213867,28.118900299072266,28.080900192260742,28.080900192260742,2379,0.0,0.0,0.0
2024-11-05 10:50:00-05:00,28.107500076293945,28.107500076293945,28.107500076293945,28.107500076293945,260,0.0,0.0,0.0
2024-11-05 11:00:00-05:00,28.10409927368164,28.1200008392334,28.10409927368164,28.1200008392334,687,0.0,0.0,0.0
2024-11-05 11:05:00-05:00,28.1200008392334,28.1200008392334,28.09000015258789,28.09000015258789,638,0.0,0.0,0.0
2024-11-05 11:15:00-05:00,28.1200008392334,28.13990020751953,28.043800354003906,28.043800354003906,4350,0.0,0.0,0.0
2024-11-05 11:20:00-05:00,28.096599578857422,28.096599578857422,28.06999969482422,28.06999969482422,776,0.0,0.0,0.0
2024-11-05 11:25:00-05:00,28.06999969482422,28.07200050354004,28.06999969482422,28.07200050354004,398,0.0,0.0,0.0
2024-11-05 11:30:00-05:00,28.085800170898438,28.085800170898438,28.04503631591797,28.04503631591797,885,0.0,0.0,0.0
2024-11-05 11:35:00-05:00,28.041000366210938,28.041000366210938,28.030000686645508,28.030000686645508,869,0.0,0.0,0.0
2024-11-05 11:40:00-05:00,28.059999465942383,28.079999923706055,28.020000457763672,28.020000457763672,1839,0.0,0.0,0.0
2024-11-05 11:50:00-05:00,28.00349998474121,28.00349998474121,28.00349998474121,28.00349998474121,450,0.0,0.0,0.0
2024-11-05 12:00:00-05:00,28.020000457763672,28.020000457763672,28.020000457763672,28.020000457763672,266,0.0,0.0,0.0
2024-11-05 12:05:00-05:00,28.010099411010742,28.010099411010742,28.010099411010742,28.010099411010742,213,0.0,0.0,0.0
2024-11-05 12:10:00-05:00,28.049400329589844,28.06909942626953,28.049400329589844,28.06909942626953,1915,0.0,0.0,0.0
2024-11-05 12:15:00-05:00,28.049999237060547,28.049999237060547,28.049999237060547,28.049999237060547,488,0.0,0.0,0.0
2024-11-05 12:35:00-05:00,28.05620002746582,28.05620002746582,28.049999237060547,28.049999237060547,725,0.0,0.0,0.0
2024-11-05 12:40:00-05:00,28.09269905090332,28.09269905090332,28.06999969482422,28.06999969482422,262,0.0,0.0,0.0
2024-11-05 12:45:00-05:00,28.06999969482422,28.06999969482422,28.06999969482422,28.06999969482422,293,0.0,0.0,0.0
2024-11-05 12:50:00-05:00,28.06999969482422,28.06999969482422,28.06999969482422,28.06999969482422,780,0.0,0.0,0.0
2024-11-05 13:05:00-05:00,28.04010009765625,28.04010009765625,28.04010009765625,28.04010009765625,700,0.0,0.0,0.0
2024-11-05 13:10:00-05:00,28.083099365234375,28.083099365234375,28.075000762939453,28.075000762939453,705,0.0,0.0,0.0
2024-11-05 13:15:00-05:00,28.059999465942383,28.059999465942383,28.059999465942383,28.059999465942383,572,0.0,0.0,0.0
2024-11-05 13:30:00-05:00,28.059999465942383,28.077299118041992,28.059999465942383,28.077299118041992,669,0.0,0.0,0.0
2024-11-05 13:40:00-05:00,28.049999237060547,28.049999237060547,28.049999237060547,28.049999237060547,186,0.0,0.0,0.0
2024-11-05 13:45:00-05:00,28.067399978637695,28.067399978637695,28.058000564575195,28.058000564575195,545,0.0,0.0,0.0
2024-11-05 13:50:00-05:00,28.049999237060547,28.049999237060547,28.049999237060547,28.049999237060547,228,0.0,0.0,0.0
2024-11-05 13:55:00-05:00,28.030099868774414,28.030099868774414,28.030000686645508,28.030000686645508,418,0.0,0.0,0.0
2024-11-05 14:00:00-05:00,28.030099868774414,28.030099868774414,28.030000686645508,28.030099868774414,767,0.0,0.0,0.0
2024-11-05 14:05:00-05:00,28.04759979248047,28.04759979248047,28.04759979248047,28.04759979248047,502,0.0,0.0,0.0
2024-11-05 14:40:00-05:00,28.035400390625,28.035400390625,28.0,28.0,561,0.0,0.0,0.0
2024-11-05 14:45:00-05:00,28.0049991607666,28.0049991607666,27.979999542236328,27.979999542236328,671,0.0,0.0,0.0
2024-11-05 14:55:00-05:00,28.0,28.0,28.0,28.0,192,0.0,0.0,0.0
2024-11-05 15:05:00-05:00,27.989999771118164,28.007400512695312,27.989999771118164,28.007400512695312,337,0.0,0.0,0.0
2024-11-05 15:10:00-05:00,27.975000381469727,27.975000381469727,27.969999313354492,27.969999313354492,397,0.0,0.0,0.0
2024-11-05 15:25:00-05:00,27.959999084472656,27.985000610351562,27.959999084472656,27.985000610351562,1391,0.0,0.0,0.0
2024-11-05 15:30:00-05:00,27.959999084472656,27.959999084472656,27.959999084472656,27.959999084472656,925,0.0,0.0,0.0
2024-11-05 15:35:00-05:00,27.959999084472656,27.98430061340332,27.959999084472656,27.959999084472656,685,0.0,0.0,0.0
2024-11-05 15:40:00-05:00,27.959999084472656,27.978599548339844,27.959999084472656,27.978599548339844,317,0.0,0.0,0.0
2024-11-05 15:45:00-05:00,27.985000610351562,27.985000610351562,27.979999542236328,27.979999542236328,747,0.0,0.0,0.0
2024-11-05 15:50:00-05:00,28.002500534057617,28.010000228881836,27.979999542236328,27.9950008392334,11263,0.0,0.0,0.0
2024-11-05 15:55:00-05:00,27.979999542236328,28.0,27.979999542236328,27.989999771118164,1313,0.0,0.0,0.0
2024-11-06 09:30:00-05:00,26.790000915527344,26.790000915527344,26.680999755859375,26.736299514770508,42932,0.0,0.0,0.0
2024-11-06 09:35:00-05:00,26.750699996948242,26.809999465942383,26.729999542236328,26.799999237060547,9969,0.0,0.0,0.0
2024-11-06 09:40:00-05:00,26.809999465942383,26.859899520874023,26.809999465942383,26.815000534057617,2274,0.0,0.0,0.0
2024-11-06 09:45:00-05:00,26.815000534057617,26.815000534057617,26.770099639892578,26.780000686645508,3792,0.0,0.0,0.0
2024-11-06 09:50:00-05:00,26.797100067138672,26.79960060119629,26.771299362182617,26.79960060119629,3176,0.0,0.0,0.0
2024-11-06 09:55:00-05:00,26.770000457763672,26.797100067138672,26.760000228881836,26.797100067138672,4574,0.0,0.0,0.0
2024-11-06 10:00:00-05:00,26.760099411010742,26.84000015258789,26.760099411010742,26.80500030517578,6483,0.0,0.0,0.0
2024-11-06 10:05:00-05:00,26.80500030517578,26.887300491333008,26.80500030517578,26.887300491333008,1952,0.0,0.0,0.0
2024-11-06 10:10:00-05:00,26.886199951171875,26.889999389648438,26.84000015258789,26.8799991607666,7160,0.0,0.0,0.0
2024-11-06 10:15:00-05:00,26.909900665283203,26.909900665283203,26.84000015258789,26.854999542236328,8789,0.0,0.0,0.0
2024-11-06 10:20:00-05:00,26.854999542236328,26.8799991607666,26.850000381469727,26.850000381469727,1877,0.0,0.0,0.0
2024-11-06 10:25:00-05:00,26.889699935913086,26.940000534057617,26.872900009155273,26.872900009155273,1293,0.0,0.0,0.0
2024-11-06 10:30:00-05:00,26.875,26.934099197387695,26.81439971923828,26.934099197387695,8682,0.0,0.0,0.0
2024-11-06 10:35:00-05:00,26.899999618530273,26.940000534057617,26.8572998046875,26.8572998046875,3317,0.0,0.0,0.0
2024-11-06 10:40:00-05:00,26.8700008392334,26.8700008392334,26.850000381469727,26.850000381469727,813,0.0,0.0,0.0
2024-11-06 10:45:00-05:00,26.875,26.889999389648438,26.84000015258789,26.84000015258789,5767,0.0,0.0,0.0
2024-11-06 10:55:00-05:00,26.874217987060547,26.93000030517578,26.834999084472656,26.920000076293945,5571,0.0,0.0,0.0
2024-11-06 11:00:00-05:00,26.899999618530273,26.979900360107422,26.899999618530273,26.979900360107422,2445,0.0,0.0,0.0
2024-11-06 11:05:00-05:00,26.93000030517578,26.974000930786133,26.88010025024414,26.929399490356445,5759,0.0,0.0,0.0
2024-11-06 11:10:00-05:00,26.924999237060547,26.965099334716797,26.8843994140625,26.965099334716797,2224,0.0,0.0,0.0
2024-11-06 11:15:00-05:00,26.924999237060547,26.969999313354492,26.924999237060547,26.969999313354492,598,0.0,0.0,0.0
2024-11-06 11:20:00-05:00,26.88010025024414,26.905000686645508,26.824100494384766,26.824100494384766,1721,0.0,0.0,0.0
2024-11-06 11:25:00-05:00,26.8799991607666,26.8799991607666,26.856399536132812,26.856399536132812,761,0.0,0.0,0.0
2024-11-06 11:30:00-05:00,26.860000610351562,26.860000610351562,26.860000610351562,26.860000610351562,547,0.0,0.0,0.0
2024-11-06 11:35:00-05:00,26.8981990814209,26.8981990814209,26.829999923706055,26.829999923706055,3098,0.0,0.0,0.0
2024-11-06 11:40:00-05:00,26.829999923706055,26.829999923706055,26.829999923706055,26.829999923706055,973,0.0,0.0,0.0
2024-11-06 11:50:00-05:00,26.860000610351562,26.889999389648438,26.860000610351562,26.889999389648438,745,0.0,0.0,0.0
2024-11-06 11:55:00-05:00,26.899900436401367,26.899900436401367,26.81999969482422,26.81999969482422,3453,0.0,0.0,0.0
2024-11-06 12:00:00-05:00,26.854999542236328,26.854999542236328,26.854999542236328,26.854999542236328,303,0.0,0.0,0.0
2024-11-06 12:05:00-05:00,26.820100784301758,26.84000015258789,26.820100784301758,26.84000015258789,455,0.0,0.0,0.0
2024-11-06 12:10:00-05:00,26.88719940185547,26.88719940185547,26.886199951171875,26.886199951171875,544,0.0,0.0,0.0
2024-11-06 12:15:00-05:00,26.841100692749023,26.889999389648438,26.841100692749023,26.86199951171875,777,0.0,0.0,0.0
2024-11-06 12:25:00-05:00,26.845300674438477,26.884899139404297,26.845300674438477,26.854999542236328,648,0.0,0.0,0.0
2024-11-06 12:30:00-05:00,26.885900497436523,26.885900497436523,26.884599685668945,26.884599685668945,410,0.0,0.0,0.0
2024-11-06 12:35:00-05:00,26.8799991607666,26.8799991607666,26.860000610351562,26.860000610351562,340,0.0,0.0,0.0
2024-11-06 12:40:00-05:00,26.81999969482422,26.81999969482422,26.80190086364746,26.809999465942383,2947,0.0,0.0,0.0
2024-11-06 12:45:00-05:00,26.799999237060547,26.80500030517578,26.780000686645508,26.780000686645508,1891,0.0,0.0,0.0
2024-11-06 12:50:00-05:00,26.761199951171875,26.761199951171875,26.719999313354492,26.719999313354492,1178,0.0,0.0,0.0
2024-11-06 12:55:00-05:00,26.70170021057129,26.739999771118164,26.70009994506836,26.719999313354492,11646,0.0,0.0,0.0
2024-11-06 13:00:00-05:00,26.709999084472656,26.7210693359375,26.709999084472656,26.719999313354492,639,0.0,0.0,0.0
2024-11-06 13:05:00-05:00,26.739999771118164,26.739999771118164,26.700000762939453,26.700000762939453,1782,0.0,0.0,0.0
2024-11-06 13:10:00-05:00,26.735000610351562,26.735000610351562,26.735000610351562,26.735000610351562,500,0.0,0.0,0.0
2024-11-06 13:15:00-05:00,26.705299377441406,26.729999542236328,26.705299377441406,26.729999542236328,2081,0.0,0.0,0.0
2024-11-06 13:20:00-05:00,26.729999542236328,26.729999542236328,26.711200714111328,26.725000381469727,1130,0.0,0.0,0.0
2024-11-06 13:25:00-05:00,26.725000381469727,26.729999542236328,26.719999313354492,26.720699310302734,8344,0.0,0.0,0.0
2024-11-06 13:30:00-05:00,26.725000381469727,26.725000381469727,26.719999313354492,26.719999313354492,2205,0.0,0.0,0.0
2024-11-06 13:35:00-05:00,26.719999313354492,26.725000381469727,26.719999313354492,26.719999313354492,15964,0.0,0.0,0.0
2024-11-06 13:40:00-05:00,26.725000381469727,26.729999542236328,26.719999313354492,26.729999542236328,4945,0.0,0.0,0.0
2024-11-06 13:45:00-05:00,26.725000381469727,26.76919937133789,26.720500946044922,26.76919937133789,2670,0.0,0.0,0.0
2024-11-06 13:50:00-05:00,26.770000457763672,26.770000457763672,26.760000228881836,26.760000228881836,2467,0.0,0.0,0.0
2024-11-06 13:55:00-05:00,26.770000457763672,26.77989959716797,26.7450008392334,26.77989959716797,514,0.0,0.0,0.0
2024-11-06 14:00:00-05:00,26.75,26.764999389648438,26.75,26.764999389648438,663,0.0,0.0,0.0
2024-11-06 14:05:00-05:00,26.760000228881836,26.760000228881836,26.760000228881836,26.760000228881836,3790,0.0,0.0,0.0
2024-11-06 14:10:00-05:00,26.760000228881836,26.760000228881836,26.719999313354492,26.719999313354492,3964,0.0,0.0,0.0
2024-11-06 14:20:00-05:00,26.719999313354492,26.719999313354492,26.709999084472656,26.709999084472656,6799,0.0,0.0,0.0
2024-11-06 14:25:00-05:00,26.711299896240234,26.711299896240234,26.711299896240234,26.711299896240234,267,0.0,0.0,0.0
2024-11-06 14:30:00-05:00,26.71030044555664,26.719999313354492,26.709999084472656,26.709999084472656,379,0.0,0.0,0.0
2024-11-06 14:35:00-05:00,26.709999084472656,26.719900131225586,26.700000762939453,26.70989990234375,2458,0.0,0.0,0.0
2024-11-06 14:40:00-05:00,26.690099716186523,26.719999313354492,26.690000534057617,26.719999313354492,1380,0.0,0.0,0.0
2024-11-06 14:45:00-05:00,26.691299438476562,26.729999542236328,26.691299438476562,26.729999542236328,407,0.0,0.0,0.0
2024-11-06 14:50:00-05:00,26.719301223754883,26.719301223754883,26.71739959716797,26.71739959716797,595,0.0,0.0,0.0
2024-11-06 14:55:00-05:00,26.709999084472656,26.709999084472656,26.68000030517578,26.684999465942383,11645,0.0,0.0,0.0
2024-11-06 15:00:00-05:00,26.690000534057617,26.690000534057617,26.680099487304688,26.690000534057617,2349,0.0,0.0,0.0
2024-11-06 15:05:00-05:00,26.68000030517578,26.68000030517578,26.670000076293945,26.670000076293945,1567,0.0,0.0,0.0
2024-11-06 15:10:00-05:00,26.690000534057617,26.690000534057617,26.660900115966797,26.660900115966797,3164,0.0,0.0,0.0
2024-11-06 15:15:00-05:00,26.66010093688965,26.69809913635254,26.65999984741211,26.65999984741211,3151,0.0,0.0,0.0
2024-11-06 15:20:00-05:00,26.65999984741211,26.690000534057617,26.65999984741211,26.65999984741211,2084,0.0,0.0,0.0
2024-11-06 15:25:00-05:00,26.65999984741211,26.700000762939453,26.65999984741211,26.68000030517578,1554,0.0,0.0,0.0
2024-11-06 15:30:00-05:00,26.68000030517578,26.68000030517578,26.66069984436035,26.66069984436035,877,0.0,0.0,0.0
2024-11-06 15:35:00-05:00,26.65999984741211,26.66699981689453,26.600000381469727,26.649999618530273,7805,0.0,0.0,0.0
2024-11-06 15:40:00-05:00,26.602699279785156,26.649900436401367,26.602699279785156,26.61199951171875,1036,0.0,0.0,0.0
2024-11-06 15:45:00-05:00,26.639999389648438,26.649999618530273,26.620100021362305,26.645000457763672,3111,0.0,0.0,0.0
2024-11-06 15:50:00-05:00,26.639999389648438,26.641700744628906,26.620100021362305,26.6299991607666,7143,0.0,0.0,0.0
2024-11-06 15:55:00-05:00,26.639999389648438,26.670000076293945,26.610000610351562,26.614999771118164,13392,0.0,0.0,0.0
2024-11-07 09:30:00-05:00,27.690000534057617,27.700000762939453,27.670700073242188,27.686199188232422,22507,0.0,0.0,0.0
2024-11-07 09:35:00-05:00,27.68000030517578,27.739999771118164,27.649999618530273,27.6560001373291,30239,0.0,0.0,0.0
2024-11-07 09:40:00-05:00,27.654199600219727,27.729999542236328,27.654199600219727,27.729999542236328,6142,0.0,0.0,0.0
2024-11-07 09:45:00-05:00,27.739999771118164,27.739999771118164,27.739999771118164,27.739999771118164,572,0.0,0.0,0.0
2024-11-07 09:50:00-05:00,27.700000762939453,27.739999771118164,27.68000030517578,27.739999771118164,6414,0.0,0.0,0.0
2024-11-07 09:55:00-05:00,27.75,27.790000915527344,27.75,27.764999389648438,3448,0.0,0.0,0.0
2024-11-07 10:00:00-05:00,27.780000686645508,27.799999237060547,27.75,27.75,3487,0.0,0.0,0.0
2024-11-07 10:05:00-05:00,27.75830078125,27.790000915527344,27.75830078125,27.790000915527344,2683,0.0,0.0,0.0
2024-11-07 10:10:00-05:00,27.75670051574707,27.770000457763672,27.7096004486084,27.770000457763672,3561,0.0,0.0,0.0
2024-11-07 10:15:00-05:00,27.75029945373535,27.774999618530273,27.75029945373535,27.770000457763672,1608,0.0,0.0,0.0
2024-11-07 10:20:00-05:00,27.76449966430664,27.780000686645508,27.739999771118164,27.739999771118164,3083,0.0,0.0,0.0
2024-11-07 10:25:00-05:00,27.739999771118164,27.780000686645508,27.739999771118164,27.780000686645508,2431,0.0,0.0,0.0
2024-11-07 10:30:00-05:00,27.799999237060547,27.80500030517578,27.799999237060547,27.80500030517578,1055,0.0,0.0,0.0
2024-11-07 10:35:00-05:00,27.76180076599121,27.829999923706055,27.76180076599121,27.829999923706055,2261,0.0,0.0,0.0
2024-11-07 10:40:00-05:00,27.829999923706055,27.829999923706055,27.781299591064453,27.781299591064453,1392,0.0,0.0,0.0
2024-11-07 10:45:00-05:00,27.761999130249023,27.780000686645508,27.761999130249023,27.780000686645508,1666,0.0,0.0,0.0
2024-11-07 10:50:00-05:00,27.74810028076172,27.785200119018555,27.74810028076172,27.785200119018555,3947,0.0,0.0,0.0
2024-11-07 10:55:00-05:00,27.7549991607666,27.799999237060547,27.7549991607666,27.799999237060547,2444,0.0,0.0,0.0
2024-11-07 11:00:00-05:00,27.774999618530273,27.799999237060547,27.75,27.750099182128906,7892,0.0,0.0,0.0
2024-11-07 11:05:00-05:00,27.739999771118164,27.780000686645508,27.725788116455078,27.735000610351562,2544,0.0,0.0,0.0
2024-11-07 11:10:00-05:00,27.760000228881836,27.799999237060547,27.740100860595703,27.740100860595703,1917,0.0,0.0,0.0
2024-11-07 11:15:00-05:00,27.790000915527344,27.799999237060547,27.770000457763672,27.799999237060547,3289,0.0,0.0,0.0
2024-11-07 11:20:00-05:00,27.75,27.790000915527344,27.75,27.789899826049805,1371,0.0,0.0,0.0
2024-11-07 11:25:00-05:00,27.734699249267578,27.780000686645508,27.72439956665039,27.770000457763672,1583,0.0,0.0,0.0
2024-11-07 11:30:00-05:00,27.739999771118164,27.780000686645508,27.739999771118164,27.760000228881836,5741,0.0,0.0,0.0
2024-11-07 11:35:00-05:00,27.799999237060547,27.799999237060547,27.75,27.790000915527344,1438,0.0,0.0,0.0
2024-11-07 11:40:00-05:00,27.75,27.799999237060547,27.75,27.790000915527344,577,0.0,0.0,0.0
2024-11-07 11:45:00-05:00,27.799999237060547,27.799999237060547,27.799999237060547,27.799999237060547,2691,0.0,0.0,0.0
2024-11-07 11:50:00-05:00,27.81999969482422,27.829999923706055,27.81999969482422,27.829999923706055,2090,0.0,0.0,0.0
2024-11-07 11:55:00-05:00,27.80500030517578,27.80500030517578,27.790000915527344,27.790000915527344,424,0.0,0.0,0.0
2024-11-07 12:00:00-05:00,27.797500610351562,27.84000015258789,27.797500610351562,27.819299697875977,1846,0.0,0.0,0.0
2024-11-07 12:05:00-05:00,27.81999969482422,27.81999969482422,27.79199981689453,27.81999969482422,2737,0.0,0.0,0.0
2024-11-07 12:10:00-05:00,27.846900939941406,27.846900939941406,27.846900939941406,27.846900939941406,510,0.0,0.0,0.0
2024-11-07 12:15:00-05:00,27.80900001525879,27.850000381469727,27.80900001525879,27.850000381469727,1957,0.0,0.0,0.0
2024-11-07 12:20:00-05:00,27.790000915527344,27.860000610351562,27.790000915527344,27.860000610351562,1357,0.0,0.0,0.0
2024-11-07 12:25:00-05:00,27.809999465942383,27.8799991607666,27.809999465942383,27.8700008392334,1873,0.0,0.0,0.0
2024-11-07 12:30:00-05:00,27.838300704956055,27.84000015258789,27.809999465942383,27.834999084472656,2351,0.0,0.0,0.0
2024-11-07 12:35:00-05:00,27.80150032043457,27.860000610351562,27.80150032043457,27.860000610351562,863,0.0,0.0,0.0
2024-11-07 12:40:00-05:00,27.8700008392334,27.8700008392334,27.850000381469727,27.850000381469727,2016,0.0,0.0,0.0
2024-11-07 12:50:00-05:00,27.8700008392334,27.889999389648438,27.817399978637695,27.8799991607666,2311,0.0,0.0,0.0
2024-11-07 12:55:00-05:00,27.83009910583496,27.8700008392334,27.83009910583496,27.850000381469727,1538,0.0,0.0,0.0
2024-11-07 13:00:00-05:00,27.850000381469727,27.8799991607666,27.850000381469727,27.871200561523438,2293,0.0,0.0,0.0
2024-11-07 13:05:00-05:00,27.834999084472656,27.844999313354492,27.834999084472656,27.844999313354492,1008,0.0,0.0,0.0
2024-11-07 13:10:00-05:00,27.844999313354492,27.844999313354492,27.829999923706055,27.84000015258789,1556,0.0,0.0,0.0
2024-11-07 13:15:00-05:00,27.84000015258789,27.84000015258789,27.81999969482422,27.81999969482422,1300,0.0,0.0,0.0
2024-11-07 13:25:00-05:00,27.84000015258789,27.850000381469727,27.84000015258789,27.84000015258789,1229,0.0,0.0,0.0
2024-11-07 13:30:00-05:00,27.850000381469727,27.8700008392334,27.81999969482422,27.8700008392334,1767,0.0,0.0,0.0
2024-11-07 13:35:00-05:00,27.850000381469727,27.850000381469727,27.797199249267578,27.850000381469727,4425,0.0,0.0,0.0
2024-11-07 13:40:00-05:00,27.79010009765625,27.79010009765625,27.79010009765625,27.79010009765625,758,0.0,0.0,0.0
2024-11-07 13:45:00-05:00,27.81999969482422,27.829999923706055,27.815000534057617,27.815000534057617,922,0.0,0.0,0.0
2024-11-07 13:50:00-05:00,27.84000015258789,27.860000610351562,27.84000015258789,27.84000015258789,1962,0.0,0.0,0.0
2024-11-07 13:55:00-05:00,27.860000610351562,27.860000610351562,27.860000610351562,27.860000610351562,160,0.0,0.0,0.0
2024-11-07 14:05:00-05:00,27.860000610351562,27.969499588012695,27.860000610351562,27.903200149536133,4637,0.0,0.0,0.0
2024-11-07 14:10:00-05:00,27.820100784301758,27.899999618530273,27.820100784301758,27.889999389648438,3160,0.0,0.0,0.0
2024-11-07 14:15:00-05:00,27.899999618530273,27.899999618530273,27.899999618530273,27.899999618530273,115,0.0,0.0,0.0
2024-11-07 14:20:00-05:00,27.8700008392334,27.8799991607666,27.81999969482422,27.857900619506836,765,0.0,0.0,0.0
2024-11-07 14:25:00-05:00,27.860000610351562,27.8799991607666,27.844999313354492,27.844999313354492,3256,0.0,0.0,0.0
2024-11-07 14:30:00-05:00,27.899999618530273,27.899999618530273,27.899999618530273,27.899999618530273,228,0.0,0.0,0.0
2024-11-07 14:35:00-05:00,27.90999984741211,27.920000076293945,27.860000610351562,27.90999984741211,2296,0.0,0.0,0.0
2024-11-07 14:40:00-05:00,27.81999969482422,27.860000610351562,27.81999969482422,27.860000610351562,244,0.0,0.0,0.0
2024-11-07 14:45:00-05:00,27.829999923706055,27.90999984741211,27.829999923706055,27.90999984741211,1633,0.0,0.0,0.0
2024-11-07 14:50:00-05:00,27.858400344848633,27.90999984741211,27.858400344848633,27.8700008392334,2540,0.0,0.0,0.0
2024-11-07 14:55:00-05:00,27.8700008392334,27.899999618530273,27.84000015258789,27.841999053955078,3189,0.0,0.0,0.0
2024-11-07 15:00:00-05:00,27.860000610351562,27.889999389648438,27.860000610351562,27.889999389648438,377,0.0,0.0,0.0
2024-11-07 15:05:00-05:00,27.90999984741211,27.920000076293945,27.8700008392334,27.920000076293945,2229,0.0,0.0,0.0
2024-11-07 15:10:00-05:00,27.915700912475586,27.920000076293945,27.850000381469727,27.8799991607666,2396,0.0,0.0,0.0
2024-11-07 15:15:00-05:00,27.93000030517578,27.93000030517578,27.93000030517578,27.93000030517578,1196,0.0,0.0,0.0
2024-11-07 15:20:00-05:00,27.929000854492188,27.93000030517578,27.90999984741211,27.90999984741211,2144,0.0,0.0,0.0
2024-11-07 15:25:00-05:00,27.90999984741211,27.920000076293945,27.889999389648438,27.920000076293945,1944,0.0,0.0,0.0
2024-11-07 15:30:00-05:00,27.905000686645508,27.936100006103516,27.892499923706055,27.936100006103516,1679,0.0,0.0,0.0
2024-11-07 15:35:00-05:00,27.89229965209961,27.947900772094727,27.89229965209961,27.940000534057617,2314,0.0,0.0,0.0
2024-11-07 15:40:00-05:00,27.933799743652344,27.940000534057617,27.899999618530273,27.899999618530273,3196,0.0,0.0,0.0
2024-11-07 15:45:00-05:00,27.91699981689453,27.93000030517578,27.889999389648438,27.90999984741211,3207,0.0,0.0,0.0
2024-11-07 15:50:00-05:00,27.929899215698242,27.93000030517578,27.905000686645508,27.920000076293945,5811,0.0,0.0,0.0
2024-11-07 15:55:00-05:00,27.905000686645508,27.920000076293945,27.860000610351562,27.860000610351562,4412,0.0,0.0,0.0
2024-11-08 09:30:00-05:00,27.270000457763672,27.31999969482422,27.239999771118164,27.300100326538086,4825,0.0,0.0,0.0
2024-11-08 09:35:00-05:00,27.299999237060547,27.299999237060547,27.264999389648438,27.264999389648438,1675,0.0,0.0,0.0
2024-11-08 09:40:00-05:00,27.23080062866211,27.260000228881836,27.23080062866211,27.260000228881836,294,0.0,0.0,0.0
2024-11-08 09:45:00-05:00,27.21190071105957,27.229999542236328,27.170000076293945,27.229999542236328,4302,0.0,0.0,0.0
2024-11-08 09:50:00-05:00,27.200000762939453,27.28179931640625,27.200000762939453,27.25,4339,0.0,0.0,0.0
2024-11-08 09:55:00-05:00,27.239999771118164,27.260000228881836,27.200000762939453,27.260000228881836,1551,0.0,0.0,0.0
2024-11-08 10:00:00-05:00,27.260000228881836,27.279399871826172,27.200000762939453,27.200000762939453,2952,0.0,0.0,0.0
2024-11-08 10:05:00-05:00,27.2189998626709,27.259899139404297,27.18000030517578,27.21500015258789,14223,0.0,0.0,0.0
2024-11-08 10:10:00-05:00,27.21500015258789,27.21500015258789,27.186899185180664,27.186899185180664,1857,0.0,0.0,0.0
2024-11-08 10:15:00-05:00,27.200000762939453,27.239999771118164,27.139999389648438,27.139999389648438,8738,0.0,0.0,0.0
2024-11-08 10:20:00-05:00,27.139999389648438,27.18000030517578,27.139999389648438,27.174999237060547,454,0.0,0.0,0.0
2024-11-08 10:25:00-05:00,27.15999984741211,27.15999984741211,27.15999984741211,27.15999984741211,278,0.0,0.0,0.0
2024-11-08 10:30:00-05:00,27.15999984741211,27.209999084472656,27.15999984741211,27.209999084472656,1212,0.0,0.0,0.0
2024-11-08 10:35:00-05:00,27.204999923706055,27.229999542236328,27.204999923706055,27.229999542236328,528,0.0,0.0,0.0
2024-11-08 10:40:00-05:00,27.18000030517578,27.18000030517578,27.18000030517578,27.18000030517578,335,0.0,0.0,0.0
2024-11-08 10:45:00-05:00,27.17060089111328,27.18000030517578,27.17060089111328,27.18000030517578,492,0.0,0.0,0.0
2024-11-08 10:50:00-05:00,27.180200576782227,27.200000762939453,27.175899505615234,27.175899505615234,954,0.0,0.0,0.0
2024-11-08 10:55:00-05:00,27.190000534057617,27.209999084472656,27.190000534057617,27.209999084472656,674,0.0,0.0,0.0
2024-11-08 11:00:00-05:00,27.200000762939453,27.200000762939453,27.200000762939453,27.200000762939453,824,0.0,0.0,0.0
2024-11-08 11:05:00-05:00,27.141000747680664,27.141000747680664,27.139999389648438,27.139999389648438,1251,0.0,0.0,0.0
2024-11-08 11:10:00-05:00,27.110000610351562,27.1200008392334,27.110000610351562,27.1200008392334,608,0.0,0.0,0.0
2024-11-08 11:15:00-05:00,27.155000686645508,27.155000686645508,27.155000686645508,27.155000686645508,850,0.0,0.0,0.0
2024-11-08 11:20:00-05:00,27.1200008392334,27.192899703979492,27.1200008392334,27.192899703979492,690,0.0,0.0,0.0
2024-11-08 11:25:00-05:00,27.1919002532959,27.1919002532959,27.1299991607666,27.139999389648438,691,0.0,0.0,0.0
2024-11-08 11:30:00-05:00,27.13010025024414,27.13010025024414,27.100000381469727,27.100000381469727,798,0.0,0.0,0.0
2024-11-08 11:35:00-05:00,27.100000381469727,27.100000381469727,27.090700149536133,27.090700149536133,297,0.0,0.0,0.0
2024-11-08 11:40:00-05:00,27.13559913635254,27.13559913635254,27.06999969482422,27.06999969482422,823,0.0,0.0,0.0
2024-11-08 11:45:00-05:00,27.079999923706055,27.079999923706055,27.079999923706055,27.079999923706055,101,0.0,0.0,0.0
2024-11-08 11:50:00-05:00,27.06999969482422,27.100000381469727,27.06999969482422,27.100000381469727,0,0.0,0.0,0.0
2024-11-08 11:55:00-05:00,27.100000381469727,27.100000381469727,27.100000381469727,27.100000381469727,58521,0.0,0.0,0.0
2024-11-08 12:00:00-05:00,27.06999969482422,27.06999969482422,27.061899185180664,27.065000534057617,574,0.0,0.0,0.0
2024-11-08 12:05:00-05:00,27.020000457763672,27.020000457763672,27.010000228881836,27.010000228881836,1685,0.0,0.0,0.0
2024-11-08 12:10:00-05:00,27.099899291992188,27.099899291992188,27.010000228881836,27.010000228881836,443,0.0,0.0,0.0
2024-11-08 12:15:00-05:00,27.010499954223633,27.099899291992188,27.010499954223633,27.099899291992188,3011,0.0,0.0,0.0
2024-11-08 12:20:00-05:00,27.030000686645508,27.08169937133789,27.030000686645508,27.08169937133789,947,0.0,0.0,0.0
2024-11-08 12:25:00-05:00,27.040000915527344,27.040000915527344,27.030000686645508,27.030000686645508,416,0.0,0.0,0.0
2024-11-08 12:30:00-05:00,27.035980224609375,27.06999969482422,27.035980224609375,27.05500030517578,1607,0.0,0.0,0.0
2024-11-08 12:35:00-05:00,27.05500030517578,27.06999969482422,27.05500030517578,27.06999969482422,761,0.0,0.0,0.0
2024-11-08 12:40:00-05:00,27.06999969482422,27.079999923706055,27.06999969482422,27.079999923706055,1866,0.0,0.0,0.0
2024-11-08 12:45:00-05:00,27.06999969482422,27.075000762939453,27.068300247192383,27.068300247192383,774,0.0,0.0,0.0
2024-11-08 12:50:00-05:00,27.05500030517578,27.088899612426758,27.049999237060547,27.079999923706055,2441,0.0,0.0,0.0
2024-11-08 12:55:00-05:00,27.075000762939453,27.075000762939453,27.06999969482422,27.06999969482422,585,0.0,0.0,0.0
2024-11-08 13:05:00-05:00,27.049999237060547,27.09000015258789,27.04450035095215,27.084999084472656,1492,0.0,0.0,0.0
2024-11-08 13:15:00-05:00,27.05389976501465,27.05389976501465,27.05389976501465,27.05389976501465,343,0.0,0.0,0.0
2024-11-08 13:20:00-05:00,27.06999969482422,27.1294002532959,27.06999969482422,27.06999969482422,2259,0.0,0.0,0.0
2024-11-08 13:25:00-05:00,27.070100784301758,27.1299991607666,27.070100784301758,27.104999542236328,1813,0.0,0.0,0.0
2024-11-08 13:30:00-05:00,27.1299991607666,27.1299991607666,27.09000015258789,27.100000381469727,1676,0.0,0.0,0.0
2024-11-08 13:40:00-05:00,27.06450080871582,27.06450080871582,27.049999237060547,27.049999237060547,679,0.0,0.0,0.0
2024-11-08 13:45:00-05:00,27.030099868774414,27.030099868774414,27.030099868774414,27.030099868774414,317,0.0,0.0,0.0
2024-11-08 13:55:00-05:00,27.06999969482422,27.09939956665039,27.049999237060547,27.09939956665039,773,0.0,0.0,0.0
2024-11-08 14:00:00-05:00,27.099899291992188,27.099899291992188,27.099899291992188,27.099899291992188,163,0.0,0.0,0.0
2024-11-08 14:05:00-05:00,27.059999465942383,27.059999465942383,27.049999237060547,27.049999237060547,400,0.0,0.0,0.0
2024-11-08 14:10:00-05:00,27.100000381469727,27.100000381469727,27.09000015258789,27.09000015258789,411,0.0,0.0,0.0
2024-11-08 14:15:00-05:00,27.06999969482422,27.06999969482422,27.059999465942383,27.059999465942383,335,0.0,0.0,0.0
2024-11-08 14:20:00-05:00,27.100000381469727,27.100000381469727,27.100000381469727,27.100000381469727,245,0.0,0.0,0.0
2024-11-08 14:25:00-05:00,27.082000732421875,27.082000732421875,27.059999465942383,27.059999465942383,675,0.0,0.0,0.0
2024-11-08 14:30:00-05:00,27.100000381469727,27.100000381469727,27.059999465942383,27.079999923706055,2933,0.0,0.0,0.0
2024-11-08 14:35:00-05:00,27.06999969482422,27.06999969482422,27.06999969482422,27.06999969482422,397,0.0,0.0,0.0
2024-11-08 14:40:00-05:00,27.079999923706055,27.081300735473633,27.079999923706055,27.081300735473633,2997,0.0,0.0,0.0
2024-11-08 14:45:00-05:00,27.08099937438965,27.09000015258789,27.079999923706055,27.09000015258789,1889,0.0,0.0,0.0
2024-11-08 14:50:00-05:00,27.09000015258789,27.097900390625,27.09000015258789,27.09000015258789,703,0.0,0.0,0.0
2024-11-08 14:55:00-05:00,27.100000381469727,27.114999771118164,27.100000381469727,27.114999771118164,1118,0.0,0.0,0.0
2024-11-08 15:05:00-05:00,27.1200008392334,27.1299991607666,27.1200008392334,27.1299991607666,751,0.0,0.0,0.0
2024-11-08 15:10:00-05:00,27.139299392700195,27.13990020751953,27.139299392700195,27.13990020751953,453,0.0,0.0,0.0
2024-11-08 15:15:00-05:00,27.1299991607666,27.15999984741211,27.1299991607666,27.149599075317383,1447,0.0,0.0,0.0
2024-11-08 15:20:00-05:00,27.15999984741211,27.15999984741211,27.139999389648438,27.159400939941406,5193,0.0,0.0,0.0
2024-11-08 15:25:00-05:00,27.144899368286133,27.159900665283203,27.144899368286133,27.159900665283203,561,0.0,0.0,0.0
2024-11-08 15:30:00-05:00,27.15999984741211,27.15999984741211,27.139999389648438,27.15999984741211,1592,0.0,0.0,0.0
2024-11-08 15:35:00-05:00,27.14889907836914,27.14889907836914,27.120100021362305,27.1299991607666,558,0.0,0.0,0.0
2024-11-08 15:40:00-05:00,27.125999450683594,27.153499603271484,27.125999450683594,27.148500442504883,2549,0.0,0.0,0.0
2024-11-08 15:45:00-05:00,27.1299991607666,27.132299423217773,27.1200008392334,27.132299423217773,1528,0.0,0.0,0.0
2024-11-08 15:50:00-05:00,27.14900016784668,27.14900016784668,27.1200008392334,27.1200008392334,1850,0.0,0.0,0.0
2024-11-08 15:55:00-05:00,27.1200008392334,27.145000457763672,27.040000915527344,27.100000381469727,19501,0.0,0.0,0.0
