Datetime,Open,High,Low,Close,Volume,Dividends,Stock Splits
2024-10-09 09:30:00-04:00,39.720001220703125,39.77000045776367,39.5,39.505001068115234,192102,0.0,0.0
2024-10-09 09:35:00-04:00,39.505001068115234,39.6338005065918,39.2599983215332,39.27000045776367,61204,0.0,0.0
2024-10-09 09:40:00-04:00,39.279998779296875,39.35419845581055,39.15999984741211,39.26499938964844,48548,0.0,0.0
2024-10-09 09:45:00-04:00,39.22999954223633,39.34989929199219,39.209999084472656,39.2843017578125,45230,0.0,0.0
2024-10-09 09:50:00-04:00,39.299400329589844,39.29999923706055,39.18000030517578,39.18000030517578,81272,0.0,0.0
2024-10-09 09:55:00-04:00,39.20000076293945,39.2400016784668,39.15999984741211,39.209999084472656,27449,0.0,0.0
2024-10-09 10:00:00-04:00,39.209999084472656,39.29999923706055,39.209999084472656,39.29990005493164,14323,0.0,0.0
2024-10-09 10:05:00-04:00,39.23500061035156,39.279998779296875,39.18000030517578,39.2400016784668,18721,0.0,0.0
2024-10-09 10:10:00-04:00,39.2400016784668,39.290000915527344,39.18000030517578,39.20000076293945,34338,0.0,0.0
2024-10-09 10:15:00-04:00,39.27989959716797,39.279998779296875,39.15999984741211,39.279998779296875,5991,0.0,0.0
2024-10-09 10:20:00-04:00,39.279998779296875,39.29999923706055,39.18000030517578,39.25,13101,0.0,0.0
2024-10-09 10:25:00-04:00,39.29909896850586,39.38999938964844,39.25,39.29999923706055,12820,0.0,0.0
2024-10-09 10:30:00-04:00,39.400001525878906,39.439998626708984,39.280799865722656,39.400001525878906,10307,0.0,0.0
2024-10-09 10:35:00-04:00,39.400001525878906,39.40999984741211,39.34000015258789,39.38999938964844,6753,0.0,0.0
2024-10-09 10:40:00-04:00,39.349998474121094,39.400001525878906,39.33000183105469,39.33000183105469,2650,0.0,0.0
2024-10-09 10:45:00-04:00,39.375,39.41490173339844,39.349998474121094,39.369998931884766,16415,0.0,0.0
2024-10-09 10:50:00-04:00,39.369998931884766,39.38560104370117,39.34000015258789,39.37969970703125,11467,0.0,0.0
2024-10-09 10:55:00-04:00,39.380001068115234,39.380001068115234,39.31999969482422,39.334999084472656,9525,0.0,0.0
2024-10-09 11:00:00-04:00,39.2599983215332,39.29999923706055,39.25,39.290000915527344,5407,0.0,0.0
2024-10-09 11:05:00-04:00,39.31999969482422,39.33000183105469,39.25,39.25,5944,0.0,0.0
2024-10-09 11:10:00-04:00,39.25,39.310001373291016,39.220001220703125,39.29999923706055,14084,0.0,0.0
2024-10-09 11:15:00-04:00,39.29999923706055,39.33000183105469,39.25,39.31999969482422,14709,0.0,0.0
2024-10-09 11:20:00-04:00,39.323001861572266,39.349998474121094,39.209999084472656,39.25,11970,0.0,0.0
2024-10-09 11:25:00-04:00,39.25,39.2599983215332,39.22999954223633,39.25,6698,0.0,0.0
2024-10-09 11:30:00-04:00,39.2400016784668,39.290000915527344,39.22480010986328,39.255001068115234,6898,0.0,0.0
2024-10-09 11:35:00-04:00,39.255001068115234,39.290000915527344,39.220001220703125,39.2599983215332,6871,0.0,0.0
2024-10-09 11:40:00-04:00,39.275001525878906,39.275001525878906,39.2400016784668,39.25,6037,0.0,0.0
2024-10-09 11:45:00-04:00,39.27000045776367,39.310001373291016,39.2599983215332,39.29999923706055,16348,0.0,0.0
2024-10-09 11:50:00-04:00,39.31999969482422,39.349998474121094,39.290000915527344,39.334999084472656,37019,0.0,0.0
2024-10-09 11:55:00-04:00,39.334999084472656,39.349998474121094,39.31999969482422,39.349998474121094,12812,0.0,0.0
2024-10-09 12:00:00-04:00,39.34000015258789,39.349998474121094,39.27000045776367,39.27000045776367,6842,0.0,0.0
2024-10-09 12:05:00-04:00,39.29999923706055,39.36000061035156,39.27000045776367,39.359100341796875,26552,0.0,0.0
2024-10-09 12:10:00-04:00,39.314998626708984,39.400001525878906,39.27000045776367,39.369998931884766,11404,0.0,0.0
2024-10-09 12:15:00-04:00,39.400001525878906,39.4099006652832,39.29410171508789,39.31999969482422,10589,0.0,0.0
2024-10-09 12:20:00-04:00,39.349998474121094,39.349998474121094,39.2400016784668,39.2400016784668,38008,0.0,0.0
2024-10-09 12:25:00-04:00,39.22999954223633,39.24300003051758,39.20000076293945,39.20000076293945,4111,0.0,0.0
2024-10-09 12:30:00-04:00,39.20000076293945,39.29999923706055,39.19499969482422,39.29999923706055,22237,0.0,0.0
2024-10-09 12:35:00-04:00,39.290000915527344,39.349998474121094,39.25,39.25,4210,0.0,0.0
2024-10-09 12:40:00-04:00,39.25,39.349998474121094,39.25,39.349998474121094,8046,0.0,0.0
2024-10-09 12:45:00-04:00,39.35499954223633,39.429901123046875,39.34000015258789,39.34000015258789,4727,0.0,0.0
2024-10-09 12:50:00-04:00,39.38639831542969,39.38639831542969,39.29999923706055,39.29999923706055,2556,0.0,0.0
2024-10-09 12:55:00-04:00,39.29999923706055,39.31999969482422,39.279998779296875,39.28499984741211,4837,0.0,0.0
2024-10-09 13:00:00-04:00,39.25899887084961,39.36000061035156,39.25899887084961,39.310001373291016,9051,0.0,0.0
2024-10-09 13:05:00-04:00,39.310001373291016,39.359901428222656,39.310001373291016,39.345001220703125,5655,0.0,0.0
2024-10-09 13:10:00-04:00,39.33000183105469,39.36000061035156,39.33000183105469,39.33000183105469,3209,0.0,0.0
2024-10-09 13:15:00-04:00,39.33000183105469,39.380001068115234,39.33000183105469,39.35499954223633,8023,0.0,0.0
2024-10-09 13:20:00-04:00,39.369998931884766,39.380001068115234,39.35499954223633,39.35499954223633,2000,0.0,0.0
2024-10-09 13:25:00-04:00,39.33000183105469,39.35499954223633,39.33000183105469,39.33000183105469,2474,0.0,0.0
2024-10-09 13:30:00-04:00,39.35499954223633,39.380001068115234,39.33000183105469,39.349998474121094,4979,0.0,0.0
2024-10-09 13:35:00-04:00,39.35499954223633,39.369998931884766,39.34000015258789,39.361000061035156,5090,0.0,0.0
2024-10-09 13:40:00-04:00,39.36000061035156,39.369998931884766,39.31999969482422,39.34000015258789,10069,0.0,0.0
2024-10-09 13:45:00-04:00,39.31999969482422,39.349998474121094,39.29999923706055,39.334999084472656,13960,0.0,0.0
2024-10-09 13:50:00-04:00,39.334999084472656,39.38999938964844,39.310001373291016,39.369998931884766,8135,0.0,0.0
2024-10-09 13:55:00-04:00,39.349998474121094,39.40999984741211,39.349998474121094,39.3650016784668,6111,0.0,0.0
2024-10-09 14:00:00-04:00,39.400001525878906,39.400001525878906,39.33000183105469,39.369998931884766,3078,0.0,0.0
2024-10-09 14:05:00-04:00,39.400001525878906,39.40999984741211,39.310001373291016,39.310001373291016,30712,0.0,0.0
2024-10-09 14:10:00-04:00,39.3650016784668,39.400001525878906,39.30009841918945,39.400001525878906,15384,0.0,0.0
2024-10-09 14:15:00-04:00,39.36000061035156,39.43000030517578,39.349998474121094,39.43000030517578,5847,0.0,0.0
2024-10-09 14:20:00-04:00,39.36000061035156,39.42850112915039,39.36000061035156,39.400001525878906,5471,0.0,0.0
2024-10-09 14:25:00-04:00,39.400001525878906,39.40719985961914,39.400001525878906,39.400001525878906,4472,0.0,0.0
2024-10-09 14:30:00-04:00,39.400001525878906,39.45000076293945,39.310001373291016,39.34000015258789,32255,0.0,0.0
2024-10-09 14:35:00-04:00,39.345001220703125,39.397300720214844,39.22999954223633,39.2599983215332,23815,0.0,0.0
2024-10-09 14:40:00-04:00,39.31999969482422,39.38999938964844,39.25,39.29999923706055,11814,0.0,0.0
2024-10-09 14:45:00-04:00,39.27000045776367,39.45000076293945,39.27000045776367,39.435001373291016,40120,0.0,0.0
2024-10-09 14:50:00-04:00,39.435001373291016,39.470001220703125,39.400001525878906,39.44499969482422,21018,0.0,0.0
2024-10-09 14:55:00-04:00,39.44499969482422,39.5099983215332,39.44499969482422,39.499900817871094,33396,0.0,0.0
2024-10-09 15:00:00-04:00,39.5,39.5,39.45000076293945,39.470001220703125,19019,0.0,0.0
2024-10-09 15:05:00-04:00,39.470001220703125,39.4900016784668,39.400001525878906,39.400001525878906,10557,0.0,0.0
2024-10-09 15:10:00-04:00,39.407501220703125,39.42499923706055,39.400001525878906,39.404998779296875,11768,0.0,0.0
2024-10-09 15:15:00-04:00,39.400001525878906,39.40999984741211,39.35499954223633,39.400001525878906,48592,0.0,0.0
2024-10-09 15:20:00-04:00,39.400001525878906,39.400001525878906,39.31999969482422,39.349998474121094,13608,0.0,0.0
2024-10-09 15:25:00-04:00,39.3916015625,39.400001525878906,39.310001373291016,39.34000015258789,19292,0.0,0.0
2024-10-09 15:30:00-04:00,39.34000015258789,39.380001068115234,39.310001373291016,39.369998931884766,15624,0.0,0.0
2024-10-09 15:35:00-04:00,39.38999938964844,39.40999984741211,39.36000061035156,39.380001068115234,10804,0.0,0.0
2024-10-09 15:40:00-04:00,39.400001525878906,39.400001525878906,39.290000915527344,39.30500030517578,12193,0.0,0.0
2024-10-09 15:45:00-04:00,39.290000915527344,39.34000015258789,39.25,39.279998779296875,23969,0.0,0.0
2024-10-09 15:50:00-04:00,39.27000045776367,39.29999923706055,39.2599983215332,39.279998779296875,40812,0.0,0.0
2024-10-09 15:55:00-04:00,39.279998779296875,39.429901123046875,39.2599983215332,39.400001525878906,86942,0.0,0.0
2024-10-10 09:30:00-04:00,39.40999984741211,39.529998779296875,39.36029815673828,39.45000076293945,17156,0.0,0.0
2024-10-10 09:35:00-04:00,39.470001220703125,39.5,39.45000076293945,39.47999954223633,7408,0.0,0.0
2024-10-10 09:40:00-04:00,39.5,39.529998779296875,39.48500061035156,39.5099983215332,8335,0.0,0.0
2024-10-10 09:45:00-04:00,39.5,39.529998779296875,39.470001220703125,39.470001220703125,7862,0.0,0.0
2024-10-10 09:50:00-04:00,39.529998779296875,39.529998779296875,39.43000030517578,39.43000030517578,5501,0.0,0.0
2024-10-10 09:55:00-04:00,39.41999816894531,39.41999816894531,39.36000061035156,39.36000061035156,2773,0.0,0.0
2024-10-10 10:00:00-04:00,39.36000061035156,39.369998931884766,39.310001373291016,39.310001373291016,5026,0.0,0.0
2024-10-10 10:05:00-04:00,39.310001373291016,39.349998474121094,39.27000045776367,39.290000915527344,7100,0.0,0.0
2024-10-10 10:10:00-04:00,39.27000045776367,39.28499984741211,39.2599983215332,39.260101318359375,3401,0.0,0.0
2024-10-10 10:15:00-04:00,39.279998779296875,39.36000061035156,39.279998779296875,39.36000061035156,16727,0.0,0.0
2024-10-10 10:20:00-04:00,39.369998931884766,39.54999923706055,39.33000183105469,39.33000183105469,10191,0.0,0.0
2024-10-10 10:25:00-04:00,39.560001373291016,39.58000183105469,39.470001220703125,39.470001220703125,1893,0.0,0.0
2024-10-10 10:30:00-04:00,39.53200149536133,39.560001373291016,39.459999084472656,39.5099983215332,5244,0.0,0.0
2024-10-10 10:35:00-04:00,39.5099983215332,39.55609893798828,39.40999984741211,39.40999984741211,8139,0.0,0.0
2024-10-10 10:40:00-04:00,39.43000030517578,39.43000030517578,39.36000061035156,39.36000061035156,2063,0.0,0.0
2024-10-10 10:45:00-04:00,39.4379997253418,39.4379997253418,39.349998474121094,39.349998474121094,1751,0.0,0.0
2024-10-10 10:50:00-04:00,39.46120071411133,39.46120071411133,39.349998474121094,39.349998474121094,2882,0.0,0.0
2024-10-10 10:55:00-04:00,39.349998474121094,39.44139862060547,39.349998474121094,39.369998931884766,3715,0.0,0.0
2024-10-10 11:00:00-04:00,39.369998931884766,39.400001525878906,39.36000061035156,39.400001525878906,2713,0.0,0.0
2024-10-10 11:05:00-04:00,39.400001525878906,39.42499923706055,39.400001525878906,39.400001525878906,2660,0.0,0.0
2024-10-10 11:10:00-04:00,39.400001525878906,39.444000244140625,39.38999938964844,39.38999938964844,2094,0.0,0.0
2024-10-10 11:15:00-04:00,39.38999938964844,39.4452018737793,39.38999938964844,39.38999938964844,1898,0.0,0.0
2024-10-10 11:20:00-04:00,39.38999938964844,39.43960189819336,39.38999938964844,39.38999938964844,2188,0.0,0.0
2024-10-10 11:25:00-04:00,39.38999938964844,39.445098876953125,39.38999938964844,39.38999938964844,1542,0.0,0.0
2024-10-10 11:30:00-04:00,39.38999938964844,39.400001525878906,39.36000061035156,39.36000061035156,1800,0.0,0.0
2024-10-10 11:35:00-04:00,39.36000061035156,39.437198638916016,39.36000061035156,39.437198638916016,3327,0.0,0.0
2024-10-10 11:40:00-04:00,39.36000061035156,39.36000061035156,39.31999969482422,39.31999969482422,5545,0.0,0.0
2024-10-10 11:45:00-04:00,39.31999969482422,39.36000061035156,39.31999969482422,39.31999969482422,1463,0.0,0.0
2024-10-10 11:50:00-04:00,39.31999969482422,39.369998931884766,39.31999969482422,39.369998931884766,1343,0.0,0.0
2024-10-10 11:55:00-04:00,39.33000183105469,39.33000183105469,39.33000183105469,39.33000183105469,1158,0.0,0.0
2024-10-10 12:00:00-04:00,39.33000183105469,39.380001068115234,39.33000183105469,39.380001068115234,2372,0.0,0.0
2024-10-10 12:05:00-04:00,39.369998931884766,39.400001525878906,39.369998931884766,39.369998931884766,1596,0.0,0.0
2024-10-10 12:10:00-04:00,39.400001525878906,39.400001525878906,39.369998931884766,39.369998931884766,4074,0.0,0.0
2024-10-10 12:15:00-04:00,39.369998931884766,39.400001525878906,39.369998931884766,39.369998931884766,2682,0.0,0.0
2024-10-10 12:20:00-04:00,39.3849983215332,39.400001525878906,39.369998931884766,39.369998931884766,2473,0.0,0.0
2024-10-10 12:25:00-04:00,39.400001525878906,39.400001525878906,39.33000183105469,39.38999938964844,3039,0.0,0.0
2024-10-10 12:30:00-04:00,39.400001525878906,39.400001525878906,39.310001373291016,39.310001373291016,7002,0.0,0.0
2024-10-10 12:35:00-04:00,39.33000183105469,39.33000183105469,39.29999923706055,39.29999923706055,2356,0.0,0.0
2024-10-10 12:40:00-04:00,39.29999923706055,39.45000076293945,39.27000045776367,39.29999923706055,5711,0.0,0.0
2024-10-10 12:45:00-04:00,39.3650016784668,39.3650016784668,39.279998779296875,39.279998779296875,1507,0.0,0.0
2024-10-10 12:50:00-04:00,39.30339813232422,39.41999816894531,39.279998779296875,39.29999923706055,2959,0.0,0.0
2024-10-10 12:55:00-04:00,39.29999923706055,39.35499954223633,39.29999923706055,39.29999923706055,3494,0.0,0.0
2024-10-10 13:00:00-04:00,39.29999923706055,39.35499954223633,39.29999923706055,39.35499954223633,1573,0.0,0.0
2024-10-10 13:05:00-04:00,39.31999969482422,39.33000183105469,39.31999969482422,39.31999969482422,2276,0.0,0.0
2024-10-10 13:10:00-04:00,39.31999969482422,39.380001068115234,39.31999969482422,39.33000183105469,1795,0.0,0.0
2024-10-10 13:15:00-04:00,39.33000183105469,39.4015998840332,39.33000183105469,39.4015998840332,1895,0.0,0.0
2024-10-10 13:20:00-04:00,39.34000015258789,39.380001068115234,39.29999923706055,39.29999923706055,3774,0.0,0.0
2024-10-10 13:25:00-04:00,39.279998779296875,39.30500030517578,39.279998779296875,39.279998779296875,1723,0.0,0.0
2024-10-10 13:30:00-04:00,39.279998779296875,39.33000183105469,39.279998779296875,39.279998779296875,1826,0.0,0.0
2024-10-10 13:35:00-04:00,39.279998779296875,39.33000183105469,39.279998779296875,39.279998779296875,2179,0.0,0.0
2024-10-10 13:40:00-04:00,39.279998779296875,39.30500030517578,39.279998779296875,39.30500030517578,2859,0.0,0.0
2024-10-10 13:45:00-04:00,39.33000183105469,39.33000183105469,39.279998779296875,39.279998779296875,4145,0.0,0.0
2024-10-10 13:50:00-04:00,39.279998779296875,39.29999923706055,39.279998779296875,39.279998779296875,5583,0.0,0.0
2024-10-10 13:55:00-04:00,39.279998779296875,39.32160186767578,39.279998779296875,39.30500030517578,2424,0.0,0.0
2024-10-10 14:00:00-04:00,39.279998779296875,39.30500030517578,39.279998779296875,39.279998779296875,3198,0.0,0.0
2024-10-10 14:05:00-04:00,39.279998779296875,39.29999923706055,39.25,39.2599983215332,6012,0.0,0.0
2024-10-10 14:10:00-04:00,39.279998779296875,39.28499984741211,39.27000045776367,39.27000045776367,5852,0.0,0.0
2024-10-10 14:15:00-04:00,39.27000045776367,39.29949951171875,39.2599983215332,39.279998779296875,3446,0.0,0.0
2024-10-10 14:20:00-04:00,39.25,39.25,39.25,39.25,4413,0.0,0.0
2024-10-10 14:25:00-04:00,39.25,39.33000183105469,39.25,39.29499816894531,8721,0.0,0.0
2024-10-10 14:30:00-04:00,39.33000183105469,39.33000183105469,39.27000045776367,39.27000045776367,1455,0.0,0.0
2024-10-10 14:35:00-04:00,39.27000045776367,39.34000015258789,39.27000045776367,39.34000015258789,2222,0.0,0.0
2024-10-10 14:40:00-04:00,39.349998474121094,39.38999938964844,39.34000015258789,39.349998474121094,12779,0.0,0.0
2024-10-10 14:45:00-04:00,39.380001068115234,39.380001068115234,39.2599983215332,39.275001525878906,6307,0.0,0.0
2024-10-10 14:50:00-04:00,39.2599983215332,39.27000045776367,39.25,39.25,6318,0.0,0.0
2024-10-10 14:55:00-04:00,39.25,39.25,39.20000076293945,39.20000076293945,4313,0.0,0.0
2024-10-10 15:00:00-04:00,39.20000076293945,39.239898681640625,39.20000076293945,39.20000076293945,2611,0.0,0.0
2024-10-10 15:05:00-04:00,39.20000076293945,39.209999084472656,39.18000030517578,39.18000030517578,2944,0.0,0.0
2024-10-10 15:10:00-04:00,39.18000030517578,39.2400016784668,39.18000030517578,39.18000030517578,3227,0.0,0.0
2024-10-10 15:15:00-04:00,39.18000030517578,39.2400016784668,39.18000030517578,39.21500015258789,4150,0.0,0.0
2024-10-10 15:20:00-04:00,39.2400016784668,39.279998779296875,39.220001220703125,39.279998779296875,4806,0.0,0.0
2024-10-10 15:25:00-04:00,39.279998779296875,39.369998931884766,39.22999954223633,39.31999969482422,5277,0.0,0.0
2024-10-10 15:30:00-04:00,39.36000061035156,39.3849983215332,39.2599983215332,39.2599983215332,3751,0.0,0.0
2024-10-10 15:35:00-04:00,39.25,39.287498474121094,39.25,39.25,5893,0.0,0.0
2024-10-10 15:40:00-04:00,39.25,39.2599983215332,39.25,39.25,3485,0.0,0.0
2024-10-10 15:45:00-04:00,39.25,39.2599983215332,39.25,39.25,8877,0.0,0.0
2024-10-10 15:50:00-04:00,39.25,39.255001068115234,39.11000061035156,39.18199920654297,16468,0.0,0.0
2024-10-10 15:55:00-04:00,39.15999984741211,39.25,39.15999984741211,39.22999954223633,28273,0.0,0.0
2024-10-11 09:30:00-04:00,39.189998626708984,39.400001525878906,39.189998626708984,39.33000183105469,9895,0.0,0.0
2024-10-11 09:35:00-04:00,39.36000061035156,39.380001068115234,39.345001220703125,39.35499954223633,2089,0.0,0.0
2024-10-11 09:40:00-04:00,39.35499954223633,39.400001525878906,39.251800537109375,39.290000915527344,7258,0.0,0.0
2024-10-11 09:45:00-04:00,39.2599983215332,39.340999603271484,39.25,39.2599983215332,3706,0.0,0.0
2024-10-11 09:50:00-04:00,39.262001037597656,39.34870147705078,39.22779846191406,39.22999954223633,3507,0.0,0.0
2024-10-11 09:55:00-04:00,39.2400016784668,39.27199935913086,39.2400016784668,39.27199935913086,798,0.0,0.0
2024-10-11 10:00:00-04:00,39.2599983215332,39.349998474121094,39.2599983215332,39.310001373291016,4047,0.0,0.0
2024-10-11 10:05:00-04:00,39.34000015258789,39.349998474121094,39.260101318359375,39.260101318359375,3177,0.0,0.0
2024-10-11 10:10:00-04:00,39.27000045776367,39.30500030517578,39.2599983215332,39.30500030517578,1622,0.0,0.0
2024-10-11 10:15:00-04:00,39.29999923706055,39.29999923706055,39.2599983215332,39.290000915527344,2476,0.0,0.0
2024-10-11 10:20:00-04:00,39.29999923706055,39.47999954223633,39.28010177612305,39.47999954223633,5901,0.0,0.0
2024-10-11 10:25:00-04:00,39.380001068115234,39.47999954223633,39.380001068115234,39.47999954223633,452,0.0,0.0
2024-10-11 10:30:00-04:00,39.380001068115234,39.46649932861328,39.34450149536133,39.38999938964844,1089,0.0,0.0
2024-10-11 10:35:00-04:00,39.38999938964844,39.38999938964844,39.38999938964844,39.38999938964844,1211,0.0,0.0
2024-10-11 10:40:00-04:00,39.34000015258789,39.38999938964844,39.31999969482422,39.31999969482422,4925,0.0,0.0
2024-10-11 10:45:00-04:00,39.38999938964844,39.38999938964844,39.33000183105469,39.33000183105469,839,0.0,0.0
2024-10-11 10:50:00-04:00,39.33000183105469,39.470001220703125,39.310001373291016,39.31999969482422,782,0.0,0.0
2024-10-11 10:55:00-04:00,39.36000061035156,39.369998931884766,39.310001373291016,39.310001373291016,2787,0.0,0.0
2024-10-11 11:00:00-04:00,39.310001373291016,39.380001068115234,39.310001373291016,39.380001068115234,598,0.0,0.0
2024-10-11 11:05:00-04:00,39.310001373291016,39.310001373291016,39.310001373291016,39.310001373291016,201,0.0,0.0
2024-10-11 11:10:00-04:00,39.310001373291016,39.310001373291016,39.220001220703125,39.30500030517578,6334,0.0,0.0
2024-10-11 11:15:00-04:00,39.30500030517578,39.30500030517578,39.209999084472656,39.220001220703125,1754,0.0,0.0
2024-10-11 11:20:00-04:00,39.290000915527344,39.34830093383789,39.2400016784668,39.2400016784668,711,0.0,0.0
2024-10-11 11:25:00-04:00,39.22999954223633,39.34000015258789,39.22999954223633,39.34000015258789,626,0.0,0.0
2024-10-11 11:30:00-04:00,39.29499816894531,39.36280059814453,39.29499816894531,39.36280059814453,508,0.0,0.0
2024-10-11 11:35:00-04:00,39.22999954223633,39.28499984741211,39.21179962158203,39.28499984741211,2019,0.0,0.0
2024-10-11 11:40:00-04:00,39.25,39.33000183105469,39.25,39.33000183105469,973,0.0,0.0
2024-10-11 11:45:00-04:00,39.33000183105469,39.36000061035156,39.25,39.29999923706055,8576,0.0,0.0
2024-10-11 11:50:00-04:00,39.36000061035156,39.439701080322266,39.29999923706055,39.30500030517578,1499,0.0,0.0
2024-10-11 11:55:00-04:00,39.33000183105469,39.33000183105469,39.29999923706055,39.29999923706055,2193,0.0,0.0
2024-10-11 12:00:00-04:00,39.2599983215332,39.2599983215332,39.2599983215332,39.2599983215332,196,0.0,0.0
2024-10-11 12:05:00-04:00,39.25,39.25,39.25,39.25,281,0.0,0.0
2024-10-11 12:10:00-04:00,39.2599983215332,39.29999923706055,39.2599983215332,39.29999923706055,1129,0.0,0.0
2024-10-11 12:15:00-04:00,39.30939865112305,39.346500396728516,39.25,39.30500030517578,5013,0.0,0.0
2024-10-11 12:20:00-04:00,39.30500030517578,39.369998931884766,39.279998779296875,39.359798431396484,7285,0.0,0.0
2024-10-11 12:25:00-04:00,39.349998474121094,39.36000061035156,39.310001373291016,39.310001373291016,2637,0.0,0.0
2024-10-11 12:30:00-04:00,39.30500030517578,39.310001373291016,39.29399871826172,39.29399871826172,1682,0.0,0.0
2024-10-11 12:35:00-04:00,39.25,39.30500030517578,39.25,39.30500030517578,761,0.0,0.0
2024-10-11 12:40:00-04:00,39.334999084472656,39.34000015258789,39.29999923706055,39.29999923706055,1278,0.0,0.0
2024-10-11 12:45:00-04:00,39.29999923706055,39.32400131225586,39.29999923706055,39.32400131225586,2414,0.0,0.0
2024-10-11 12:50:00-04:00,39.34000015258789,39.36000061035156,39.310001373291016,39.34000015258789,2172,0.0,0.0
2024-10-11 12:55:00-04:00,39.310001373291016,39.320701599121094,39.29999923706055,39.29999923706055,1064,0.0,0.0
2024-10-11 13:00:00-04:00,39.29999923706055,39.29999923706055,39.26559829711914,39.26559829711914,1046,0.0,0.0
2024-10-11 13:05:00-04:00,39.27000045776367,39.290000915527344,39.2599983215332,39.279998779296875,1541,0.0,0.0
2024-10-11 13:10:00-04:00,39.279998779296875,39.29999923706055,39.279998779296875,39.29999923706055,1221,0.0,0.0
2024-10-11 13:15:00-04:00,39.290000915527344,39.3026008605957,39.27000045776367,39.27000045776367,1323,0.0,0.0
2024-10-11 13:20:00-04:00,39.29999923706055,39.36000061035156,39.29999923706055,39.334999084472656,5874,0.0,0.0
2024-10-11 13:25:00-04:00,39.369998931884766,39.5,39.34000015258789,39.38999938964844,13316,0.0,0.0
2024-10-11 13:30:00-04:00,39.4025993347168,39.45600128173828,39.400001525878906,39.44499969482422,1400,0.0,0.0
2024-10-11 13:35:00-04:00,39.38999938964844,39.4900016784668,39.38999938964844,39.44499969482422,2970,0.0,0.0
2024-10-11 13:40:00-04:00,39.44499969482422,39.630001068115234,39.44060134887695,39.59000015258789,2890,0.0,0.0
2024-10-11 13:45:00-04:00,39.63999938964844,39.72999954223633,39.54999923706055,39.54999923706055,5188,0.0,0.0
2024-10-11 13:50:00-04:00,39.718299865722656,39.720001220703125,39.58000183105469,39.58000183105469,825,0.0,0.0
2024-10-11 13:55:00-04:00,39.71910095214844,39.71910095214844,39.63999938964844,39.650001525878906,932,0.0,0.0
2024-10-11 14:00:00-04:00,39.65999984741211,39.72999954223633,39.65999984741211,39.709999084472656,6078,0.0,0.0
2024-10-11 14:05:00-04:00,39.65999984741211,39.689998626708984,39.65999984741211,39.689998626708984,1217,0.0,0.0
2024-10-11 14:10:00-04:00,39.66999816894531,39.720001220703125,39.66999816894531,39.7140998840332,930,0.0,0.0
2024-10-11 14:15:00-04:00,39.720001220703125,39.720001220703125,39.512699127197266,39.512699127197266,7861,0.0,0.0
2024-10-11 14:20:00-04:00,39.52000045776367,39.52000045776367,39.52000045776367,39.52000045776367,808,0.0,0.0
2024-10-11 14:25:00-04:00,39.54999923706055,39.5620002746582,39.5099983215332,39.5620002746582,507,0.0,0.0
2024-10-11 14:30:00-04:00,39.52000045776367,39.540000915527344,39.5,39.540000915527344,1081,0.0,0.0
2024-10-11 14:35:00-04:00,39.53499984741211,39.53499984741211,39.459999084472656,39.47800064086914,2057,0.0,0.0
2024-10-11 14:40:00-04:00,39.45000076293945,39.5,39.42890167236328,39.439998626708984,2836,0.0,0.0
2024-10-11 14:45:00-04:00,39.41999816894531,39.46500015258789,39.41999816894531,39.41999816894531,1207,0.0,0.0
2024-10-11 14:50:00-04:00,39.40999984741211,39.44940185546875,39.34000015258789,39.34000015258789,2358,0.0,0.0
2024-10-11 14:55:00-04:00,39.415000915527344,39.415000915527344,39.290000915527344,39.33399963378906,2519,0.0,0.0
2024-10-11 15:00:00-04:00,39.3650016784668,39.3650016784668,39.3650016784668,39.3650016784668,986,0.0,0.0
2024-10-11 15:05:00-04:00,39.310001373291016,39.43000030517578,39.29999923706055,39.38999938964844,2022,0.0,0.0
2024-10-11 15:10:00-04:00,39.349998474121094,39.4192008972168,39.29999923706055,39.310001373291016,2360,0.0,0.0
2024-10-11 15:15:00-04:00,39.29999923706055,39.400001525878906,39.266998291015625,39.266998291015625,9025,0.0,0.0
2024-10-11 15:20:00-04:00,39.2599983215332,39.400001525878906,39.2599983215332,39.279998779296875,3003,0.0,0.0
2024-10-11 15:25:00-04:00,39.334999084472656,39.380001068115234,39.310001373291016,39.33000183105469,5161,0.0,0.0
2024-10-11 15:30:00-04:00,39.380001068115234,39.38999938964844,39.29999923706055,39.29999923706055,8499,0.0,0.0
2024-10-11 15:35:00-04:00,39.310001373291016,39.349998474121094,39.29999923706055,39.29999923706055,2279,0.0,0.0
2024-10-11 15:40:00-04:00,39.33000183105469,39.345001220703125,39.29999923706055,39.29999923706055,4753,0.0,0.0
2024-10-11 15:45:00-04:00,39.29999923706055,39.38999938964844,39.29999923706055,39.349998474121094,28148,0.0,0.0
2024-10-11 15:50:00-04:00,39.349998474121094,39.375,39.29999923706055,39.310001373291016,10653,0.0,0.0
2024-10-11 15:55:00-04:00,39.29999923706055,39.41999816894531,39.29999923706055,39.3650016784668,26016,0.0,0.0
2024-10-14 09:30:00-04:00,39.5,39.77000045776367,39.46900177001953,39.572601318359375,9954,0.0,0.0
2024-10-14 09:35:00-04:00,39.61600112915039,39.72570037841797,39.527198791503906,39.59130096435547,2178,0.0,0.0
2024-10-14 09:40:00-04:00,39.574161529541016,39.599998474121094,39.45000076293945,39.599998474121094,5159,0.0,0.0
2024-10-14 09:45:00-04:00,39.54999923706055,39.599998474121094,39.400001525878906,39.43000030517578,10175,0.0,0.0
2024-10-14 09:50:00-04:00,39.400001525878906,39.47999954223633,39.349998474121094,39.400001525878906,1896,0.0,0.0
2024-10-14 09:55:00-04:00,39.38999938964844,39.44499969482422,39.349998474121094,39.44499969482422,1807,0.0,0.0
2024-10-14 10:00:00-04:00,39.29999923706055,39.349998474121094,39.279998779296875,39.349998474121094,2006,0.0,0.0
2024-10-14 10:05:00-04:00,39.32500076293945,39.334999084472656,39.29999923706055,39.32500076293945,3091,0.0,0.0
2024-10-14 10:10:00-04:00,39.36109924316406,39.470001220703125,39.310001373291016,39.43000030517578,3904,0.0,0.0
2024-10-14 10:15:00-04:00,39.439998626708984,39.439998626708984,39.439998626708984,39.439998626708984,110,0.0,0.0
2024-10-14 10:20:00-04:00,39.474998474121094,39.474998474121094,39.474998474121094,39.474998474121094,327,0.0,0.0
2024-10-14 10:25:00-04:00,39.47850036621094,39.47850036621094,39.47850036621094,39.47850036621094,234,0.0,0.0
2024-10-14 10:30:00-04:00,39.45000076293945,39.474998474121094,39.45000076293945,39.474998474121094,312,0.0,0.0
2024-10-14 10:35:00-04:00,39.47990036010742,39.47990036010742,39.47990036010742,39.47990036010742,314,0.0,0.0
2024-10-14 10:40:00-04:00,39.47809982299805,39.47809982299805,39.47809982299805,39.47809982299805,417,0.0,0.0
2024-10-14 10:45:00-04:00,39.47999954223633,39.47999954223633,39.47999954223633,39.47999954223633,187,0.0,0.0
2024-10-14 10:50:00-04:00,39.529998779296875,39.529998779296875,39.529998779296875,39.529998779296875,496,0.0,0.0
2024-10-14 10:55:00-04:00,39.529998779296875,39.58259963989258,39.529998779296875,39.58259963989258,384,0.0,0.0
2024-10-14 11:00:00-04:00,39.648101806640625,39.648101806640625,39.55500030517578,39.55500030517578,817,0.0,0.0
2024-10-14 11:05:00-04:00,39.55500030517578,39.55500030517578,39.55500030517578,39.55500030517578,360,0.0,0.0
2024-10-14 11:10:00-04:00,39.61000061035156,39.64067840576172,39.560001373291016,39.596099853515625,678,0.0,0.0
2024-10-14 11:15:00-04:00,39.60499954223633,39.60499954223633,39.599998474121094,39.599998474121094,443,0.0,0.0
2024-10-14 11:20:00-04:00,39.63999938964844,39.63999938964844,39.60820007324219,39.60820007324219,516,0.0,0.0
2024-10-14 11:25:00-04:00,39.60499954223633,39.71609878540039,39.56999969482422,39.56999969482422,9205,0.0,0.0
2024-10-14 11:30:00-04:00,39.654998779296875,39.72159957885742,39.59000015258789,39.650001525878906,1316,0.0,0.0
2024-10-14 11:40:00-04:00,39.65999984741211,39.7400016784668,39.650001525878906,39.69499969482422,2149,0.0,0.0
2024-10-14 11:45:00-04:00,39.73500061035156,39.75,39.69499969482422,39.7494010925293,3309,0.0,0.0
2024-10-14 11:50:00-04:00,39.744998931884766,39.75,39.689998626708984,39.70000076293945,1530,0.0,0.0
2024-10-14 11:55:00-04:00,39.75,39.75,39.70000076293945,39.72999954223633,6937,0.0,0.0
2024-10-14 12:00:00-04:00,39.689998626708984,39.689998626708984,39.68000030517578,39.68000030517578,276,0.0,0.0
2024-10-14 12:05:00-04:00,39.790199279785156,39.790199279785156,39.790199279785156,39.790199279785156,427,0.0,0.0
2024-10-14 12:10:00-04:00,39.65999984741211,39.65999984741211,39.650001525878906,39.650001525878906,1451,0.0,0.0
2024-10-14 12:15:00-04:00,39.599998474121094,39.630001068115234,39.599998474121094,39.630001068115234,1408,0.0,0.0
2024-10-14 12:20:00-04:00,39.64500045776367,39.650001525878906,39.599998474121094,39.61000061035156,2061,0.0,0.0
2024-10-14 12:30:00-04:00,39.59000015258789,39.59000015258789,39.59000015258789,39.59000015258789,162,0.0,0.0
2024-10-14 12:35:00-04:00,39.65999984741211,39.65999984741211,39.529998779296875,39.529998779296875,477,0.0,0.0
2024-10-14 12:40:00-04:00,39.59000015258789,39.59000015258789,39.529998779296875,39.529998779296875,354,0.0,0.0
2024-10-14 12:50:00-04:00,39.529998779296875,39.535499572753906,39.529998779296875,39.535499572753906,516,0.0,0.0
2024-10-14 12:55:00-04:00,39.59000015258789,39.59000015258789,39.52000045776367,39.52000045776367,617,0.0,0.0
2024-10-14 13:05:00-04:00,39.52000045776367,39.52000045776367,39.52000045776367,39.52000045776367,269,0.0,0.0
2024-10-14 13:15:00-04:00,39.5984001159668,39.5984001159668,39.5984001159668,39.5984001159668,561,0.0,0.0
2024-10-14 13:25:00-04:00,39.585601806640625,39.585601806640625,39.585601806640625,39.585601806640625,195,0.0,0.0
2024-10-14 13:30:00-04:00,39.55500030517578,39.55500030517578,39.55500030517578,39.55500030517578,260,0.0,0.0
2024-10-14 13:35:00-04:00,39.5099983215332,39.5099983215332,39.5,39.5,2721,0.0,0.0
2024-10-14 13:45:00-04:00,39.52000045776367,39.525001525878906,39.52000045776367,39.52000045776367,304,0.0,0.0
2024-10-14 13:50:00-04:00,39.542701721191406,39.54999923706055,39.52000045776367,39.54999923706055,764,0.0,0.0
2024-10-14 14:00:00-04:00,39.5,39.5,39.5,39.5,5609,0.0,0.0
2024-10-14 14:05:00-04:00,39.45000076293945,39.459999084472656,39.43600082397461,39.45989990234375,908,0.0,0.0
2024-10-14 14:10:00-04:00,39.44160079956055,39.45880126953125,39.41999816894531,39.45000076293945,627,0.0,0.0
2024-10-14 14:15:00-04:00,39.45000076293945,39.45000076293945,39.45000076293945,39.45000076293945,164,0.0,0.0
2024-10-14 14:20:00-04:00,39.439998626708984,39.45000076293945,39.439998626708984,39.45000076293945,998,0.0,0.0
2024-10-14 14:25:00-04:00,39.41999816894531,39.41999816894531,39.41999816894531,39.41999816894531,208,0.0,0.0
2024-10-14 14:30:00-04:00,39.400001525878906,39.435001373291016,39.29999923706055,39.29999923706055,1505,0.0,0.0
2024-10-14 14:35:00-04:00,39.349998474121094,39.349998474121094,39.29999923706055,39.3317985534668,2155,0.0,0.0
2024-10-14 14:40:00-04:00,39.33000183105469,39.33000183105469,39.310001373291016,39.310001373291016,767,0.0,0.0
2024-10-14 14:45:00-04:00,39.29999923706055,39.36000061035156,39.29999923706055,39.33000183105469,1385,0.0,0.0
2024-10-14 14:50:00-04:00,39.29999923706055,39.29999923706055,39.29999923706055,39.29999923706055,6314,0.0,0.0
2024-10-14 14:55:00-04:00,39.29999923706055,39.31999969482422,39.22200012207031,39.31999969482422,6113,0.0,0.0
2024-10-14 15:00:00-04:00,39.25,39.25,39.2400016784668,39.25,927,0.0,0.0
2024-10-14 15:05:00-04:00,39.220001220703125,39.25,39.16999816894531,39.16999816894531,5656,0.0,0.0
2024-10-14 15:10:00-04:00,39.119998931884766,39.154998779296875,39.09000015258789,39.099998474121094,2355,0.0,0.0
2024-10-14 15:15:00-04:00,39.11000061035156,39.165000915527344,39.06999969482422,39.165000915527344,2381,0.0,0.0
2024-10-14 15:20:00-04:00,39.099998474121094,39.119998931884766,39.09000015258789,39.09000015258789,1015,0.0,0.0
2024-10-14 15:25:00-04:00,39.08000183105469,39.154998779296875,39.06999969482422,39.06999969482422,1364,0.0,0.0
2024-10-14 15:30:00-04:00,39.06999969482422,39.145999908447266,39.060001373291016,39.145999908447266,2443,0.0,0.0
2024-10-14 15:35:00-04:00,39.06999969482422,39.20000076293945,39.04999923706055,39.099998474121094,2945,0.0,0.0
2024-10-14 15:40:00-04:00,39.06999969482422,39.16999816894531,39.06999969482422,39.14500045776367,4609,0.0,0.0
2024-10-14 15:45:00-04:00,39.11000061035156,39.169898986816406,39.04999923706055,39.04999923706055,3592,0.0,0.0
2024-10-14 15:50:00-04:00,39.04999923706055,39.34000015258789,39.0099983215332,39.22999954223633,22709,0.0,0.0
2024-10-14 15:55:00-04:00,39.275001525878906,39.31999969482422,39.119998931884766,39.310001373291016,20174,0.0,0.0
2024-10-15 09:30:00-04:00,39.31999969482422,39.31999969482422,39.25,39.29999923706055,8747,0.0,0.0
2024-10-15 09:35:00-04:00,39.20000076293945,39.20000076293945,39.15999984741211,39.15999984741211,1852,0.0,0.0
2024-10-15 09:40:00-04:00,39.189998626708984,39.290000915527344,39.189998626708984,39.290000915527344,3471,0.0,0.0
2024-10-15 09:45:00-04:00,39.290000915527344,39.349998474121094,39.209999084472656,39.209999084472656,2425,0.0,0.0
2024-10-15 09:50:00-04:00,39.290000915527344,39.290000915527344,39.099998474121094,39.099998474121094,6623,0.0,0.0
2024-10-15 10:00:00-04:00,39.209999084472656,39.209999084472656,39.20500183105469,39.20500183105469,1222,0.0,0.0
2024-10-15 10:05:00-04:00,39.20000076293945,39.27880096435547,39.20000076293945,39.23249816894531,4548,0.0,0.0
2024-10-15 10:10:00-04:00,39.16999816894531,39.25,39.150001525878906,39.15999984741211,929,0.0,0.0
2024-10-15 10:15:00-04:00,39.150001525878906,39.209999084472656,39.150001525878906,39.20000076293945,4006,0.0,0.0
2024-10-15 10:20:00-04:00,39.2400016784668,39.2400016784668,39.18000030517578,39.18000030517578,2169,0.0,0.0
2024-10-15 10:25:00-04:00,39.189998626708984,39.2400016784668,39.189998626708984,39.220001220703125,16170,0.0,0.0
2024-10-15 10:30:00-04:00,39.189998626708984,39.22999954223633,39.189998626708984,39.21500015258789,1980,0.0,0.0
2024-10-15 10:35:00-04:00,39.19110107421875,39.275001525878906,39.19110107421875,39.220001220703125,7524,0.0,0.0
2024-10-15 10:40:00-04:00,39.22999954223633,39.2599983215332,39.22999954223633,39.2599983215332,973,0.0,0.0
2024-10-15 10:45:00-04:00,39.2859992980957,39.2859992980957,39.25,39.25,679,0.0,0.0
2024-10-15 10:50:00-04:00,39.275001525878906,39.29999923706055,39.255001068115234,39.275001525878906,1287,0.0,0.0
2024-10-15 10:55:00-04:00,39.275001525878906,39.310001373291016,39.275001525878906,39.279998779296875,891,0.0,0.0
2024-10-15 11:00:00-04:00,39.26499938964844,39.29499816894531,39.26499938964844,39.29499816894531,1705,0.0,0.0
2024-10-15 11:05:00-04:00,39.290000915527344,39.31999969482422,39.279998779296875,39.29499816894531,1328,0.0,0.0
2024-10-15 11:10:00-04:00,39.34000015258789,39.34000015258789,39.314998626708984,39.314998626708984,1608,0.0,0.0
2024-10-15 11:15:00-04:00,39.314998626708984,39.314998626708984,39.20000076293945,39.20000076293945,3291,0.0,0.0
2024-10-15 11:20:00-04:00,39.18000030517578,39.209999084472656,39.18000030517578,39.209999084472656,661,0.0,0.0
2024-10-15 11:25:00-04:00,39.189998626708984,39.20000076293945,39.130001068115234,39.130001068115234,6416,0.0,0.0
2024-10-15 11:30:00-04:00,39.152000427246094,39.152000427246094,39.11000061035156,39.11000061035156,1221,0.0,0.0
2024-10-15 11:35:00-04:00,39.11000061035156,39.1713981628418,39.11000061035156,39.11000061035156,5204,0.0,0.0
2024-10-15 11:40:00-04:00,39.11000061035156,39.11000061035156,39.04999923706055,39.06999969482422,30230,0.0,0.0
2024-10-15 11:45:00-04:00,39.04999923706055,39.04999923706055,38.79999923706055,38.81999969482422,15503,0.0,0.0
2024-10-15 11:50:00-04:00,38.84000015258789,38.880001068115234,38.75,38.75,3720,0.0,0.0
2024-10-15 11:55:00-04:00,38.720001220703125,38.75,38.599998474121094,38.70000076293945,4226,0.0,0.0
2024-10-15 12:00:00-04:00,38.70000076293945,38.88999938964844,38.70000076293945,38.709999084472656,5337,0.0,0.0
2024-10-15 12:05:00-04:00,38.75,38.790000915527344,38.75,38.770599365234375,1305,0.0,0.0
2024-10-15 12:10:00-04:00,38.79999923706055,38.79999923706055,38.79999923706055,38.79999923706055,390,0.0,0.0
2024-10-15 12:15:00-04:00,38.79999923706055,38.79999923706055,38.79999923706055,38.79999923706055,281,0.0,0.0
2024-10-15 12:20:00-04:00,38.810001373291016,38.810001373291016,38.790000915527344,38.790000915527344,741,0.0,0.0
2024-10-15 12:25:00-04:00,38.79999923706055,38.85499954223633,38.79999923706055,38.849998474121094,3072,0.0,0.0
2024-10-15 12:30:00-04:00,38.79999923706055,38.79999923706055,38.79999923706055,38.79999923706055,327,0.0,0.0
2024-10-15 12:35:00-04:00,38.79999923706055,38.79999923706055,38.79999923706055,38.79999923706055,583,0.0,0.0
2024-10-15 12:40:00-04:00,38.79999923706055,38.79999923706055,38.79999923706055,38.79999923706055,668,0.0,0.0
2024-10-15 12:45:00-04:00,38.81999969482422,39.0,38.79999923706055,38.94499969482422,18983,0.0,0.0
2024-10-15 12:50:00-04:00,38.92300033569336,39.020301818847656,38.92300033569336,38.9900016784668,4676,0.0,0.0
2024-10-15 12:55:00-04:00,39.029998779296875,39.09870147705078,38.994998931884766,39.09870147705078,3305,0.0,0.0
2024-10-15 13:05:00-04:00,39.0,39.0,39.0,39.0,202,0.0,0.0
2024-10-15 13:10:00-04:00,39.064998626708984,39.067100524902344,39.05799865722656,39.064998626708984,1166,0.0,0.0
2024-10-15 13:15:00-04:00,39.029998779296875,39.064998626708984,39.029998779296875,39.064998626708984,249,0.0,0.0
2024-10-15 13:20:00-04:00,39.029998779296875,39.029998779296875,39.029998779296875,39.029998779296875,322,0.0,0.0
2024-10-15 13:25:00-04:00,39.064998626708984,39.150001525878906,39.029998779296875,39.064998626708984,8131,0.0,0.0
2024-10-15 13:35:00-04:00,39.099998474121094,39.099998474121094,39.09000015258789,39.09000015258789,389,0.0,0.0
2024-10-15 13:40:00-04:00,39.1349983215332,39.1349983215332,39.08000183105469,39.08000183105469,605,0.0,0.0
2024-10-15 13:45:00-04:00,39.119998931884766,39.119998931884766,39.064998626708984,39.08000183105469,8111,0.0,0.0
2024-10-15 13:50:00-04:00,39.150001525878906,39.150001525878906,39.10499954223633,39.11000061035156,1838,0.0,0.0
2024-10-15 14:00:00-04:00,39.10499954223633,39.11000061035156,39.060001373291016,39.060001373291016,1792,0.0,0.0
2024-10-15 14:05:00-04:00,39.09189987182617,39.09189987182617,39.060001373291016,39.060001373291016,733,0.0,0.0
2024-10-15 14:10:00-04:00,39.060001373291016,39.11000061035156,39.060001373291016,39.11000061035156,503,0.0,0.0
2024-10-15 14:15:00-04:00,39.150001525878906,39.150001525878906,39.06999969482422,39.13999938964844,1289,0.0,0.0
2024-10-15 14:20:00-04:00,39.13999938964844,39.150001525878906,39.11000061035156,39.11000061035156,1459,0.0,0.0
2024-10-15 14:25:00-04:00,39.06999969482422,39.06999969482422,39.060001373291016,39.060001373291016,791,0.0,0.0
2024-10-15 14:30:00-04:00,39.060001373291016,39.060001373291016,39.05500030517578,39.05500030517578,1904,0.0,0.0
2024-10-15 14:35:00-04:00,39.060001373291016,39.060001373291016,39.060001373291016,39.060001373291016,214,0.0,0.0
2024-10-15 14:40:00-04:00,39.060001373291016,39.11000061035156,39.060001373291016,39.084999084472656,3719,0.0,0.0
2024-10-15 14:45:00-04:00,39.10499954223633,39.150001525878906,39.09000015258789,39.150001525878906,3842,0.0,0.0
2024-10-15 14:50:00-04:00,39.11000061035156,39.150001525878906,39.11000061035156,39.11000061035156,3430,0.0,0.0
2024-10-15 14:55:00-04:00,39.11000061035156,39.11000061035156,39.06999969482422,39.06999969482422,1003,0.0,0.0
2024-10-15 15:00:00-04:00,39.08000183105469,39.08000183105469,39.06999969482422,39.06999969482422,501,0.0,0.0
2024-10-15 15:05:00-04:00,39.06999969482422,39.150001525878906,39.03499984741211,39.150001525878906,4743,0.0,0.0
2024-10-15 15:10:00-04:00,39.130001068115234,39.150001525878906,39.095001220703125,39.1150016784668,2958,0.0,0.0
2024-10-15 15:20:00-04:00,39.08000183105469,39.11600112915039,39.08000183105469,39.11600112915039,1437,0.0,0.0
2024-10-15 15:25:00-04:00,39.08000183105469,39.08000183105469,39.08000183105469,39.08000183105469,706,0.0,0.0
2024-10-15 15:30:00-04:00,39.04999923706055,39.128299713134766,39.029998779296875,39.119998931884766,3330,0.0,0.0
2024-10-15 15:35:00-04:00,39.029998779296875,39.1150016784668,39.029998779296875,39.1150016784668,2966,0.0,0.0
2024-10-15 15:40:00-04:00,39.1150016784668,39.119998931884766,39.1150016784668,39.119998931884766,574,0.0,0.0
2024-10-15 15:45:00-04:00,39.119998931884766,39.119998931884766,39.08000183105469,39.08000183105469,2158,0.0,0.0
2024-10-15 15:50:00-04:00,39.04999923706055,39.15999984741211,39.040000915527344,39.1150016784668,6148,0.0,0.0
2024-10-15 15:55:00-04:00,39.06999969482422,39.15999984741211,39.06999969482422,39.15999984741211,8446,0.0,0.0
2024-10-16 09:30:00-04:00,39.290000915527344,39.31999969482422,39.290000915527344,39.31999969482422,897,0.0,0.0
2024-10-16 09:35:00-04:00,39.31999969482422,39.377601623535156,39.22999954223633,39.22999954223633,735,0.0,0.0
2024-10-16 09:40:00-04:00,39.45650100708008,39.45650100708008,39.13999938964844,39.38990020751953,7300,0.0,0.0
2024-10-16 09:45:00-04:00,39.29999923706055,39.29999923706055,39.29999923706055,39.29999923706055,304,0.0,0.0
2024-10-16 09:50:00-04:00,39.26499938964844,39.400001525878906,39.20009994506836,39.349998474121094,2587,0.0,0.0
2024-10-16 10:00:00-04:00,39.400001525878906,39.400001525878906,39.400001525878906,39.400001525878906,251,0.0,0.0
2024-10-16 10:05:00-04:00,39.400001525878906,39.400001525878906,39.400001525878906,39.400001525878906,1015,0.0,0.0
2024-10-16 10:10:00-04:00,39.3849983215332,39.3849983215332,39.3849983215332,39.3849983215332,107,0.0,0.0
2024-10-16 10:15:00-04:00,39.41999816894531,39.459999084472656,39.41999816894531,39.459999084472656,490,0.0,0.0
2024-10-16 10:20:00-04:00,39.459999084472656,39.53810119628906,39.435001373291016,39.47999954223633,1498,0.0,0.0
2024-10-16 10:30:00-04:00,39.5,39.540000915527344,39.4900016784668,39.5,4447,0.0,0.0
2024-10-16 10:35:00-04:00,39.459999084472656,39.5,39.43000030517578,39.43000030517578,1961,0.0,0.0
2024-10-16 10:40:00-04:00,39.459999084472656,39.459999084472656,39.459999084472656,39.459999084472656,248,0.0,0.0
2024-10-16 10:45:00-04:00,39.5,39.5,39.459999084472656,39.459999084472656,980,0.0,0.0
2024-10-16 10:55:00-04:00,39.400001525878906,39.400001525878906,39.400001525878906,39.400001525878906,628,0.0,0.0
2024-10-16 11:05:00-04:00,39.58000183105469,39.58000183105469,39.58000183105469,39.58000183105469,343,0.0,0.0
2024-10-16 11:10:00-04:00,39.415000915527344,39.4900016784668,39.413700103759766,39.4900016784668,439,0.0,0.0
2024-10-16 11:15:00-04:00,39.48460006713867,39.48460006713867,39.2401008605957,39.2401008605957,2582,0.0,0.0
2024-10-16 11:20:00-04:00,39.29999923706055,39.380001068115234,39.29999923706055,39.375,969,0.0,0.0
2024-10-16 11:30:00-04:00,39.380001068115234,39.380001068115234,39.380001068115234,39.380001068115234,623,0.0,0.0
2024-10-16 11:40:00-04:00,39.42499923706055,39.42499923706055,39.404998779296875,39.404998779296875,531,0.0,0.0
2024-10-16 11:45:00-04:00,39.369998931884766,39.369998931884766,39.310001373291016,39.310001373291016,2999,0.0,0.0
2024-10-16 11:50:00-04:00,39.36000061035156,39.36000061035156,39.36000061035156,39.36000061035156,622,0.0,0.0
2024-10-16 12:00:00-04:00,39.400001525878906,39.400001525878906,39.400001525878906,39.400001525878906,1681,0.0,0.0
2024-10-16 12:10:00-04:00,39.42610168457031,39.42610168457031,39.369998931884766,39.369998931884766,715,0.0,0.0
2024-10-16 12:15:00-04:00,39.380001068115234,39.400001525878906,39.380001068115234,39.400001525878906,2629,0.0,0.0
2024-10-16 12:20:00-04:00,39.400001525878906,39.400001525878906,39.36000061035156,39.400001525878906,1902,0.0,0.0
2024-10-16 12:25:00-04:00,39.375,39.375,39.209999084472656,39.209999084472656,5528,0.0,0.0
2024-10-16 12:30:00-04:00,39.209999084472656,39.315399169921875,39.209999084472656,39.315399169921875,1844,0.0,0.0
2024-10-16 12:35:00-04:00,39.220001220703125,39.220001220703125,39.220001220703125,39.220001220703125,446,0.0,0.0
2024-10-16 12:40:00-04:00,39.22999954223633,39.33000183105469,39.22999954223633,39.33000183105469,271,0.0,0.0
2024-10-16 12:45:00-04:00,39.2599983215332,39.2599983215332,39.2599983215332,39.2599983215332,102,0.0,0.0
2024-10-16 12:50:00-04:00,39.36640167236328,39.36640167236328,39.2599983215332,39.2599983215332,275,0.0,0.0
2024-10-16 12:55:00-04:00,39.2599983215332,39.400001525878906,39.2599983215332,39.2599983215332,1562,0.0,0.0
2024-10-16 13:00:00-04:00,39.2599983215332,39.2599983215332,39.2599983215332,39.2599983215332,101,0.0,0.0
2024-10-16 13:05:00-04:00,39.399898529052734,39.399898529052734,39.399898529052734,39.399898529052734,256,0.0,0.0
2024-10-16 13:10:00-04:00,39.2599983215332,39.279998779296875,39.25,39.27000045776367,3384,0.0,0.0
2024-10-16 13:15:00-04:00,39.20500183105469,39.20500183105469,39.20500183105469,39.20500183105469,141,0.0,0.0
2024-10-16 13:20:00-04:00,39.2599983215332,39.2599983215332,39.20000076293945,39.22999954223633,933,0.0,0.0
2024-10-16 13:25:00-04:00,39.2400016784668,39.2400016784668,39.23500061035156,39.23500061035156,764,0.0,0.0
2024-10-16 13:30:00-04:00,39.23500061035156,39.23500061035156,39.23500061035156,39.23500061035156,408,0.0,0.0
2024-10-16 13:35:00-04:00,39.23500061035156,39.23500061035156,39.23500061035156,39.23500061035156,175,0.0,0.0
2024-10-16 13:40:00-04:00,39.23500061035156,39.23500061035156,39.15999984741211,39.15999984741211,305,0.0,0.0
2024-10-16 13:45:00-04:00,39.15999984741211,39.239498138427734,39.15999984741211,39.23500061035156,1160,0.0,0.0
2024-10-16 13:50:00-04:00,39.15999984741211,39.23500061035156,39.15999984741211,39.23500061035156,778,0.0,0.0
2024-10-16 13:55:00-04:00,39.15999984741211,39.15999984741211,39.15999984741211,39.15999984741211,142,0.0,0.0
2024-10-16 14:00:00-04:00,39.23500061035156,39.2400016784668,39.23500061035156,39.2400016784668,432,0.0,0.0
2024-10-16 14:05:00-04:00,39.16999816894531,39.16999816894531,39.16999816894531,39.16999816894531,416,0.0,0.0
2024-10-16 14:10:00-04:00,39.244998931884766,39.244998931884766,39.18000030517578,39.244998931884766,791,0.0,0.0
2024-10-16 14:15:00-04:00,39.244998931884766,39.244998931884766,39.18000030517578,39.18000030517578,614,0.0,0.0
2024-10-16 14:20:00-04:00,39.244998931884766,39.244998931884766,39.244998931884766,39.244998931884766,539,0.0,0.0
2024-10-16 14:25:00-04:00,39.25,39.25,39.189998626708984,39.189998626708984,414,0.0,0.0
2024-10-16 14:30:00-04:00,39.25,39.26499938964844,39.189998626708984,39.189998626708984,1272,0.0,0.0
2024-10-16 14:35:00-04:00,39.20000076293945,39.24440002441406,39.20000076293945,39.20000076293945,1346,0.0,0.0
2024-10-16 14:40:00-04:00,39.20000076293945,39.20000076293945,39.16999816894531,39.16999816894531,1355,0.0,0.0
2024-10-16 14:45:00-04:00,39.21500015258789,39.21799850463867,39.18000030517578,39.21799850463867,1003,0.0,0.0
2024-10-16 14:50:00-04:00,39.20759963989258,39.25,39.18000030517578,39.220001220703125,1694,0.0,0.0
2024-10-16 14:55:00-04:00,39.244998931884766,39.244998931884766,39.244998931884766,39.244998931884766,440,0.0,0.0
2024-10-16 15:00:00-04:00,39.244998931884766,39.29990005493164,39.18000030517578,39.29990005493164,991,0.0,0.0
2024-10-16 15:05:00-04:00,39.29880142211914,39.29880142211914,39.18000030517578,39.279998779296875,2380,0.0,0.0
2024-10-16 15:10:00-04:00,39.209999084472656,39.28350067138672,39.20000076293945,39.28350067138672,1658,0.0,0.0
2024-10-16 15:15:00-04:00,39.209999084472656,39.209999084472656,39.20000076293945,39.20000076293945,1000,0.0,0.0
2024-10-16 15:20:00-04:00,39.244998931884766,39.244998931884766,39.20000076293945,39.20000076293945,851,0.0,0.0
2024-10-16 15:25:00-04:00,39.209999084472656,39.25,39.209999084472656,39.209999084472656,960,0.0,0.0
2024-10-16 15:30:00-04:00,39.244998931884766,39.244998931884766,39.20000076293945,39.20000076293945,1125,0.0,0.0
2024-10-16 15:35:00-04:00,39.244998931884766,39.244998931884766,39.20000076293945,39.244998931884766,820,0.0,0.0
2024-10-16 15:40:00-04:00,39.244998931884766,39.290000915527344,39.20000076293945,39.220001220703125,2041,0.0,0.0
2024-10-16 15:45:00-04:00,39.255001068115234,39.279998779296875,39.220001220703125,39.220001220703125,2218,0.0,0.0
2024-10-16 15:50:00-04:00,39.189998626708984,39.290000915527344,39.189998626708984,39.2400016784668,3683,0.0,0.0
2024-10-16 15:55:00-04:00,39.189998626708984,39.25,39.189998626708984,39.20000076293945,6558,0.0,0.0
2024-10-17 09:30:00-04:00,39.209999084472656,39.36000061035156,39.209999084472656,39.279998779296875,5544,0.0,0.0
2024-10-17 09:35:00-04:00,39.34000015258789,39.34000015258789,39.25,39.25,989,0.0,0.0
2024-10-17 09:40:00-04:00,39.209999084472656,39.209999084472656,39.03010177612305,39.040000915527344,5387,0.0,0.0
2024-10-17 09:45:00-04:00,39.099998474121094,39.130001068115234,39.060001373291016,39.060001373291016,1713,0.0,0.0
2024-10-17 09:50:00-04:00,39.060001373291016,39.060001373291016,39.060001373291016,39.060001373291016,259,0.0,0.0
2024-10-17 09:55:00-04:00,39.06999969482422,39.119998931884766,39.06999969482422,39.119998931884766,1074,0.0,0.0
2024-10-17 10:00:00-04:00,39.20000076293945,39.209999084472656,39.20000076293945,39.209999084472656,1781,0.0,0.0
2024-10-17 10:05:00-04:00,39.275001525878906,39.31589889526367,39.275001525878906,39.31589889526367,1210,0.0,0.0
2024-10-17 10:10:00-04:00,39.29999923706055,39.29999923706055,39.209999084472656,39.209999084472656,10826,0.0,0.0
2024-10-17 10:15:00-04:00,39.20000076293945,39.20000076293945,39.20000076293945,39.20000076293945,609,0.0,0.0
2024-10-17 10:20:00-04:00,39.290000915527344,39.290000915527344,39.099998474121094,39.19499969482422,2269,0.0,0.0
2024-10-17 10:25:00-04:00,39.11000061035156,39.20000076293945,39.11000061035156,39.20000076293945,3398,0.0,0.0
2024-10-17 10:30:00-04:00,39.11009979248047,39.11009979248047,39.11009979248047,39.11009979248047,134,0.0,0.0
2024-10-17 10:35:00-04:00,39.20050048828125,39.241798400878906,39.20050048828125,39.22999954223633,884,0.0,0.0
2024-10-17 10:40:00-04:00,39.18000030517578,39.18000030517578,39.18000030517578,39.18000030517578,699,0.0,0.0
2024-10-17 10:50:00-04:00,39.15999984741211,39.220001220703125,39.15999984741211,39.16999816894531,2835,0.0,0.0
2024-10-17 10:55:00-04:00,39.15999984741211,39.15999984741211,39.15999984741211,39.15999984741211,932,0.0,0.0
2024-10-17 11:00:00-04:00,39.119998931884766,39.154998779296875,39.119998931884766,39.154998779296875,2101,0.0,0.0
2024-10-17 11:05:00-04:00,39.119998931884766,39.12200164794922,39.08000183105469,39.084999084472656,5954,0.0,0.0
2024-10-17 11:20:00-04:00,39.11000061035156,39.11000061035156,39.11000061035156,39.11000061035156,500,0.0,0.0
2024-10-17 11:25:00-04:00,39.11000061035156,39.1150016784668,39.040000915527344,39.040000915527344,334,0.0,0.0
2024-10-17 11:30:00-04:00,39.1150016784668,39.209999084472656,39.062198638916016,39.154998779296875,8514,0.0,0.0
2024-10-17 11:35:00-04:00,39.15999984741211,39.182899475097656,39.15999984741211,39.182899475097656,613,0.0,0.0
2024-10-17 11:40:00-04:00,39.165000915527344,39.165000915527344,39.165000915527344,39.165000915527344,244,0.0,0.0
2024-10-17 11:45:00-04:00,39.22999954223633,39.22999954223633,39.22999954223633,39.22999954223633,100,0.0,0.0
2024-10-17 11:50:00-04:00,39.182498931884766,39.27000045776367,39.182498931884766,39.255001068115234,6309,0.0,0.0
2024-10-17 11:55:00-04:00,39.25,39.25,39.23500061035156,39.23500061035156,427,0.0,0.0
2024-10-17 12:00:00-04:00,39.20000076293945,39.20000076293945,39.20000076293945,39.20000076293945,210,0.0,0.0
2024-10-17 12:05:00-04:00,39.189998626708984,39.32469940185547,39.189998626708984,39.32469940185547,630,0.0,0.0
2024-10-17 12:10:00-04:00,39.25600051879883,39.27000045776367,39.20000076293945,39.20000076293945,1626,0.0,0.0
2024-10-17 12:15:00-04:00,39.23500061035156,39.23500061035156,39.23500061035156,39.23500061035156,945,0.0,0.0
2024-10-17 12:25:00-04:00,39.13999938964844,39.13999938964844,39.13999938964844,39.13999938964844,183,0.0,0.0
2024-10-17 12:30:00-04:00,39.27000045776367,39.31999969482422,39.16999816894531,39.20000076293945,1492,0.0,0.0
2024-10-17 12:35:00-04:00,39.15999984741211,39.15999984741211,39.15999984741211,39.15999984741211,206,0.0,0.0
2024-10-17 12:40:00-04:00,39.130001068115234,39.150001525878906,39.130001068115234,39.150001525878906,455,0.0,0.0
2024-10-17 12:45:00-04:00,39.189998626708984,39.20000076293945,39.189998626708984,39.20000076293945,623,0.0,0.0
2024-10-17 12:50:00-04:00,39.119998931884766,39.119998931884766,39.119998931884766,39.119998931884766,413,0.0,0.0
2024-10-17 12:55:00-04:00,39.20000076293945,39.20000076293945,39.20000076293945,39.20000076293945,625,0.0,0.0
2024-10-17 13:00:00-04:00,39.20000076293945,39.20000076293945,39.165000915527344,39.165000915527344,5852,0.0,0.0
2024-10-17 13:05:00-04:00,39.165000915527344,39.165000915527344,39.13999938964844,39.165000915527344,460,0.0,0.0
2024-10-17 13:10:00-04:00,39.20000076293945,39.20000076293945,39.165000915527344,39.189998626708984,786,0.0,0.0
2024-10-17 13:15:00-04:00,39.20000076293945,39.20000076293945,39.20000076293945,39.20000076293945,126,0.0,0.0
2024-10-17 13:20:00-04:00,39.130001068115234,39.165199279785156,39.130001068115234,39.165199279785156,718,0.0,0.0
2024-10-17 13:25:00-04:00,39.1619987487793,39.1619987487793,39.1619987487793,39.1619987487793,300,0.0,0.0
2024-10-17 13:30:00-04:00,39.150001525878906,39.150001525878906,39.099998474121094,39.099998474121094,2889,0.0,0.0
2024-10-17 13:35:00-04:00,39.10599899291992,39.10599899291992,39.08000183105469,39.08000183105469,2047,0.0,0.0
2024-10-17 13:40:00-04:00,39.09000015258789,39.119998931884766,39.09000015258789,39.119998931884766,2544,0.0,0.0
2024-10-17 13:45:00-04:00,39.09000015258789,39.09000015258789,39.029998779296875,39.029998779296875,5685,0.0,0.0
2024-10-17 13:50:00-04:00,39.040000915527344,39.11000061035156,39.040000915527344,39.08000183105469,5656,0.0,0.0
2024-10-17 13:55:00-04:00,39.07500076293945,39.07500076293945,39.07500076293945,39.07500076293945,1016,0.0,0.0
2024-10-17 14:00:00-04:00,39.02000045776367,39.05849838256836,39.02000045776367,39.05849838256836,1172,0.0,0.0
2024-10-17 14:05:00-04:00,39.0,39.000099182128906,39.0,39.0,2553,0.0,0.0
2024-10-17 14:10:00-04:00,39.089900970458984,39.089900970458984,38.97999954223633,38.97999954223633,1276,0.0,0.0
2024-10-17 14:15:00-04:00,38.97999954223633,38.97999954223633,38.97999954223633,38.97999954223633,171,0.0,0.0
2024-10-17 14:20:00-04:00,38.97999954223633,39.025001525878906,38.97999954223633,39.025001525878906,1343,0.0,0.0
2024-10-17 14:25:00-04:00,38.97999954223633,38.97999954223633,38.970001220703125,38.970001220703125,718,0.0,0.0
2024-10-17 14:30:00-04:00,38.970001220703125,38.987998962402344,38.95000076293945,38.970001220703125,2650,0.0,0.0
2024-10-17 14:35:00-04:00,38.970001220703125,38.970001220703125,38.970001220703125,38.970001220703125,698,0.0,0.0
2024-10-17 14:40:00-04:00,39.0099983215332,39.04999923706055,38.970001220703125,38.97999954223633,3379,0.0,0.0
2024-10-17 14:45:00-04:00,38.97999954223633,38.9900016784668,38.939998626708984,38.97999954223633,4714,0.0,0.0
2024-10-17 14:50:00-04:00,38.97999954223633,39.00120162963867,38.97999954223633,38.97999954223633,873,0.0,0.0
2024-10-17 14:55:00-04:00,38.939998626708984,38.939998626708984,38.900001525878906,38.900001525878906,1168,0.0,0.0
2024-10-17 15:00:00-04:00,38.869998931884766,38.869998931884766,38.849998474121094,38.849998474121094,1213,0.0,0.0
2024-10-17 15:05:00-04:00,38.87200164794922,38.87200164794922,38.82099914550781,38.82099914550781,521,0.0,0.0
2024-10-17 15:10:00-04:00,38.900001525878906,38.93000030517578,38.81999969482422,38.880001068115234,2134,0.0,0.0
2024-10-17 15:15:00-04:00,38.93000030517578,38.939998626708984,38.880001068115234,38.900001525878906,1512,0.0,0.0
2024-10-17 15:20:00-04:00,38.95000076293945,38.95000076293945,38.880001068115234,38.91999816894531,2752,0.0,0.0
2024-10-17 15:25:00-04:00,38.88999938964844,38.91999816894531,38.86000061035156,38.86000061035156,2218,0.0,0.0
2024-10-17 15:30:00-04:00,38.81999969482422,38.90999984741211,38.81999969482422,38.849998474121094,3217,0.0,0.0
2024-10-17 15:35:00-04:00,38.81999969482422,38.970001220703125,38.79499816894531,38.970001220703125,6411,0.0,0.0
2024-10-17 15:40:00-04:00,38.875999450683594,38.88999938964844,38.84000015258789,38.84000015258789,1391,0.0,0.0
2024-10-17 15:45:00-04:00,38.83000183105469,38.95000076293945,38.83000183105469,38.86000061035156,1912,0.0,0.0
2024-10-17 15:50:00-04:00,38.810001373291016,38.88999938964844,38.810001373291016,38.810001373291016,1817,0.0,0.0
2024-10-17 15:55:00-04:00,38.79999923706055,38.880001068115234,38.790000915527344,38.880001068115234,12811,0.0,0.0
2024-10-18 09:30:00-04:00,38.79999923706055,38.79999923706055,38.779998779296875,38.790000915527344,2631,0.0,0.0
2024-10-18 09:40:00-04:00,38.92430114746094,38.92430114746094,38.92430114746094,38.92430114746094,200,0.0,0.0
2024-10-18 09:45:00-04:00,38.91999816894531,38.91999816894531,38.8849983215332,38.8849983215332,481,0.0,0.0
2024-10-18 09:50:00-04:00,38.79999923706055,38.79999923706055,38.66999816894531,38.66999816894531,3554,0.0,0.0
2024-10-18 09:55:00-04:00,38.77000045776367,38.77000045776367,38.77000045776367,38.77000045776367,224,0.0,0.0
2024-10-18 10:00:00-04:00,38.70000076293945,38.76449966430664,38.66999816894531,38.76449966430664,1172,0.0,0.0
2024-10-18 10:05:00-04:00,38.720401763916016,38.83000183105469,38.720001220703125,38.744998931884766,4685,0.0,0.0
2024-10-18 10:10:00-04:00,38.83000183105469,38.83000183105469,38.650001525878906,38.650001525878906,1418,0.0,0.0
2024-10-18 10:15:00-04:00,38.72999954223633,38.72999954223633,38.650001525878906,38.665000915527344,712,0.0,0.0
2024-10-18 10:20:00-04:00,38.65999984741211,38.65999984741211,38.503700256347656,38.52000045776367,4075,0.0,0.0
2024-10-18 10:25:00-04:00,38.6150016784668,38.6349983215332,38.6150016784668,38.6349983215332,1446,0.0,0.0
2024-10-18 10:30:00-04:00,38.63999938964844,38.63999938964844,38.63999938964844,38.63999938964844,652,0.0,0.0
2024-10-18 10:40:00-04:00,38.54999923706055,38.54999923706055,38.54999923706055,38.54999923706055,146,0.0,0.0
2024-10-18 10:45:00-04:00,38.53620147705078,38.602500915527344,38.52000045776367,38.602500915527344,3893,0.0,0.0
2024-10-18 10:50:00-04:00,38.584999084472656,38.584999084472656,38.584999084472656,38.584999084472656,431,0.0,0.0
2024-10-18 10:55:00-04:00,38.540000915527344,38.59600067138672,38.540000915527344,38.59600067138672,1345,0.0,0.0
2024-10-18 11:00:00-04:00,38.540000915527344,38.540000915527344,38.540000915527344,38.540000915527344,2349,0.0,0.0
2024-10-18 11:05:00-04:00,38.540000915527344,38.540000915527344,38.400001525878906,38.43830108642578,18234,0.0,0.0
2024-10-18 11:10:00-04:00,38.435001373291016,38.4900016784668,38.31999969482422,38.31999969482422,9986,0.0,0.0
2024-10-18 11:15:00-04:00,38.27000045776367,38.28010177612305,38.27000045776367,38.28010177612305,1202,0.0,0.0
2024-10-18 11:20:00-04:00,38.279998779296875,38.279998779296875,38.2400016784668,38.2400016784668,2764,0.0,0.0
2024-10-18 11:25:00-04:00,38.25,38.25,38.18000030517578,38.22999954223633,1399,0.0,0.0
2024-10-18 11:30:00-04:00,38.20000076293945,38.22999954223633,38.189998626708984,38.189998626708984,1145,0.0,0.0
2024-10-18 11:35:00-04:00,38.206600189208984,38.209999084472656,38.20000076293945,38.209999084472656,1611,0.0,0.0
2024-10-18 11:40:00-04:00,38.27000045776367,38.327301025390625,38.20000076293945,38.22999954223633,4116,0.0,0.0
2024-10-18 11:45:00-04:00,38.22999954223633,38.290000915527344,38.22999954223633,38.22999954223633,1398,0.0,0.0
2024-10-18 11:50:00-04:00,38.22999954223633,38.275001525878906,38.22999954223633,38.275001525878906,986,0.0,0.0
2024-10-18 11:55:00-04:00,38.22999954223633,38.2599983215332,38.20000076293945,38.25,2293,0.0,0.0
2024-10-18 12:00:00-04:00,38.209999084472656,38.2599983215332,38.209999084472656,38.2599983215332,1718,0.0,0.0
2024-10-18 12:05:00-04:00,38.275001525878906,38.310001373291016,38.22999954223633,38.22999954223633,2501,0.0,0.0
2024-10-18 12:10:00-04:00,38.20000076293945,38.2599983215332,38.20000076293945,38.2599983215332,1146,0.0,0.0
2024-10-18 12:15:00-04:00,38.2599983215332,38.31999969482422,38.20000076293945,38.2400016784668,3136,0.0,0.0
2024-10-18 12:20:00-04:00,38.22999954223633,38.230098724365234,38.22999954223633,38.22999954223633,557,0.0,0.0
2024-10-18 12:25:00-04:00,38.255001068115234,38.2599983215332,38.189998626708984,38.189998626708984,8144,0.0,0.0
2024-10-18 12:30:00-04:00,38.15999984741211,38.22999954223633,38.150001525878906,38.15999984741211,5023,0.0,0.0
2024-10-18 12:35:00-04:00,38.17499923706055,38.20000076293945,38.11000061035156,38.18000030517578,3496,0.0,0.0
2024-10-18 12:40:00-04:00,38.14820098876953,38.18000030517578,38.099998474121094,38.18000030517578,2802,0.0,0.0
2024-10-18 12:45:00-04:00,38.20000076293945,38.25,38.20000076293945,38.220001220703125,1281,0.0,0.0
2024-10-18 12:50:00-04:00,38.220001220703125,38.220001220703125,38.137699127197266,38.137699127197266,2058,0.0,0.0
2024-10-18 12:55:00-04:00,38.15999984741211,38.15999984741211,38.15999984741211,38.15999984741211,352,0.0,0.0
2024-10-18 13:05:00-04:00,38.18000030517578,38.185001373291016,38.18000030517578,38.185001373291016,855,0.0,0.0
2024-10-18 13:10:00-04:00,38.22999954223633,38.22999954223633,38.16999816894531,38.189998626708984,1980,0.0,0.0
2024-10-18 13:15:00-04:00,38.25,38.29990005493164,38.2400016784668,38.2400016784668,1711,0.0,0.0
2024-10-18 13:20:00-04:00,38.290000915527344,38.310001373291016,38.2599983215332,38.27000045776367,3612,0.0,0.0
2024-10-18 13:25:00-04:00,38.310001373291016,38.439998626708984,38.27009963989258,38.39229965209961,4973,0.0,0.0
2024-10-18 13:30:00-04:00,38.35900115966797,38.529998779296875,38.35070037841797,38.5281982421875,3945,0.0,0.0
2024-10-18 13:35:00-04:00,38.5,38.57500076293945,38.4900016784668,38.494998931884766,6038,0.0,0.0
2024-10-18 13:40:00-04:00,38.5,38.630001068115234,38.459999084472656,38.630001068115234,4198,0.0,0.0
2024-10-18 13:45:00-04:00,38.630001068115234,38.630001068115234,38.58000183105469,38.61600112915039,7700,0.0,0.0
2024-10-18 13:50:00-04:00,38.599998474121094,38.63999938964844,38.505001068115234,38.58000183105469,8445,0.0,0.0
2024-10-18 13:55:00-04:00,38.63999938964844,38.63999938964844,38.58000183105469,38.599998474121094,1883,0.0,0.0
2024-10-18 14:00:00-04:00,38.58000183105469,38.650001525878906,38.58000183105469,38.63999938964844,3213,0.0,0.0
2024-10-18 14:05:00-04:00,38.667598724365234,38.719200134277344,38.63999938964844,38.71500015258789,2294,0.0,0.0
2024-10-18 14:10:00-04:00,38.689998626708984,38.72999954223633,38.68000030517578,38.71500015258789,3519,0.0,0.0
2024-10-18 14:15:00-04:00,38.71500015258789,38.71500015258789,38.68000030517578,38.68000030517578,621,0.0,0.0
2024-10-18 14:20:00-04:00,38.68000030517578,38.775001525878906,38.68000030517578,38.775001525878906,2699,0.0,0.0
2024-10-18 14:25:00-04:00,38.75,38.775001525878906,38.75,38.75,2584,0.0,0.0
2024-10-18 14:30:00-04:00,38.75,38.775001525878906,38.75,38.775001525878906,1318,0.0,0.0
2024-10-18 14:35:00-04:00,38.75,38.775001525878906,38.75,38.75,1871,0.0,0.0
2024-10-18 14:40:00-04:00,38.75,38.75,38.75,38.75,930,0.0,0.0
2024-10-18 14:45:00-04:00,38.75,38.75,38.744998931884766,38.75,1014,0.0,0.0
2024-10-18 14:50:00-04:00,38.75,38.75,38.75,38.75,1137,0.0,0.0
2024-10-18 14:55:00-04:00,38.75,38.77000045776367,38.75,38.77000045776367,723,0.0,0.0
2024-10-18 15:00:00-04:00,38.779998779296875,38.83000183105469,38.779998779296875,38.79010009765625,3914,0.0,0.0
2024-10-18 15:05:00-04:00,38.790000915527344,38.83000183105469,38.790000915527344,38.83000183105469,330,0.0,0.0
2024-10-18 15:10:00-04:00,38.79999923706055,38.81999969482422,38.790000915527344,38.790000915527344,2329,0.0,0.0
2024-10-18 15:15:00-04:00,38.790000915527344,38.823001861572266,38.790000915527344,38.81999969482422,1890,0.0,0.0
2024-10-18 15:20:00-04:00,38.81999969482422,38.82500076293945,38.790000915527344,38.82500076293945,932,0.0,0.0
2024-10-18 15:25:00-04:00,38.79999923706055,38.810001373291016,38.79999923706055,38.79999923706055,825,0.0,0.0
2024-10-18 15:30:00-04:00,38.79999923706055,38.82500076293945,38.79999923706055,38.79999923706055,577,0.0,0.0
2024-10-18 15:35:00-04:00,38.79999923706055,38.833919525146484,38.70000076293945,38.70000076293945,6011,0.0,0.0
2024-10-18 15:40:00-04:00,38.65999984741211,38.65999984741211,38.619998931884766,38.619998931884766,2317,0.0,0.0
2024-10-18 15:45:00-04:00,38.619998931884766,38.619998931884766,38.5,38.5,11732,0.0,0.0
2024-10-18 15:50:00-04:00,38.439998626708984,38.599998474121094,38.439998626708984,38.599998474121094,5934,0.0,0.0
2024-10-18 15:55:00-04:00,38.54999923706055,38.599998474121094,38.5,38.599998474121094,11164,0.0,0.0
2024-10-21 09:30:00-04:00,39.13999938964844,39.13999938964844,39.0,39.0,5748,0.0,0.0
2024-10-21 09:35:00-04:00,39.15370178222656,39.27280044555664,38.810001373291016,38.904998779296875,4130,0.0,0.0
2024-10-21 09:40:00-04:00,38.96500015258789,38.9900016784668,38.900001525878906,38.9900016784668,1420,0.0,0.0
2024-10-21 09:45:00-04:00,39.0702018737793,39.08000183105469,38.98500061035156,39.08000183105469,3429,0.0,0.0
2024-10-21 09:50:00-04:00,39.16999816894531,39.2599983215332,39.099998474121094,39.21229934692383,15580,0.0,0.0
2024-10-21 09:55:00-04:00,39.16999816894531,39.19129943847656,39.119998931884766,39.119998931884766,1016,0.0,0.0
2024-10-21 10:00:00-04:00,39.150001525878906,39.150001525878906,39.150001525878906,39.150001525878906,522,0.0,0.0
2024-10-21 10:05:00-04:00,39.18000030517578,39.18000030517578,39.130001068115234,39.130001068115234,1398,0.0,0.0
2024-10-21 10:10:00-04:00,39.161399841308594,39.161399841308594,39.02000045776367,39.02000045776367,1049,0.0,0.0
2024-10-21 10:15:00-04:00,39.02000045776367,39.09000015258789,38.970001220703125,38.970001220703125,2660,0.0,0.0
2024-10-21 10:20:00-04:00,39.05500030517578,39.05500030517578,39.0,39.0,388,0.0,0.0
2024-10-21 10:25:00-04:00,39.051998138427734,39.051998138427734,39.0,39.040000915527344,672,0.0,0.0
2024-10-21 10:30:00-04:00,39.040000915527344,39.040000915527344,38.959999084472656,38.959999084472656,3721,0.0,0.0
2024-10-21 10:35:00-04:00,38.959999084472656,39.03089904785156,38.869998931884766,39.03089904785156,4519,0.0,0.0
2024-10-21 10:40:00-04:00,38.959999084472656,38.96500015258789,38.93000030517578,38.93000030517578,574,0.0,0.0
2024-10-21 10:45:00-04:00,38.959999084472656,38.959999084472656,38.900001525878906,38.900001525878906,3388,0.0,0.0
2024-10-21 10:50:00-04:00,38.880001068115234,38.880001068115234,38.810001373291016,38.810001373291016,691,0.0,0.0
2024-10-21 10:55:00-04:00,38.810001373291016,38.95000076293945,38.810001373291016,38.95000076293945,476,0.0,0.0
2024-10-21 11:00:00-04:00,38.85049819946289,38.97990036010742,38.85049819946289,38.97990036010742,1677,0.0,0.0
2024-10-21 11:05:00-04:00,38.86000061035156,38.93000030517578,38.849998474121094,38.8849983215332,819,0.0,0.0
2024-10-21 11:10:00-04:00,38.88999938964844,38.959999084472656,38.875,38.91749954223633,5012,0.0,0.0
2024-10-21 11:15:00-04:00,38.880001068115234,38.880001068115234,38.869998931884766,38.869998931884766,292,0.0,0.0
2024-10-21 11:20:00-04:00,38.95000076293945,38.95000076293945,38.79999923706055,38.810001373291016,2778,0.0,0.0
2024-10-21 11:25:00-04:00,38.79999923706055,38.826499938964844,38.79999923706055,38.82500076293945,1904,0.0,0.0
2024-10-21 11:30:00-04:00,38.826499938964844,38.875,38.79999923706055,38.80500030517578,4695,0.0,0.0
2024-10-21 11:35:00-04:00,38.869998931884766,38.880001068115234,38.869998931884766,38.880001068115234,778,0.0,0.0
2024-10-21 11:40:00-04:00,38.880001068115234,38.880001068115234,38.83000183105469,38.83000183105469,1032,0.0,0.0
2024-10-21 11:45:00-04:00,38.83000183105469,38.84000015258789,38.81999969482422,38.81999969482422,1832,0.0,0.0
2024-10-21 11:50:00-04:00,38.79999923706055,38.880001068115234,38.79999923706055,38.880001068115234,595,0.0,0.0
2024-10-21 11:55:00-04:00,38.83000183105469,38.83000183105469,38.83000183105469,38.83000183105469,216,0.0,0.0
2024-10-21 12:00:00-04:00,38.86000061035156,38.90700149536133,38.810001373291016,38.86360168457031,1721,0.0,0.0
2024-10-21 12:05:00-04:00,38.86000061035156,38.86000061035156,38.85639953613281,38.85639953613281,1717,0.0,0.0
2024-10-21 12:10:00-04:00,38.86000061035156,38.87200164794922,38.79999923706055,38.79999923706055,2116,0.0,0.0
2024-10-21 12:15:00-04:00,38.849998474121094,38.900001525878906,38.849998474121094,38.900001525878906,1352,0.0,0.0
2024-10-21 12:20:00-04:00,38.900001525878906,38.900001525878906,38.85499954223633,38.85499954223633,1168,0.0,0.0
2024-10-21 12:25:00-04:00,38.869998931884766,38.869998931884766,38.869998931884766,38.869998931884766,412,0.0,0.0
2024-10-21 12:30:00-04:00,38.85499954223633,38.85499954223633,38.85499954223633,38.85499954223633,118,0.0,0.0
2024-10-21 12:35:00-04:00,38.869998931884766,38.900001525878906,38.869998931884766,38.900001525878906,243,0.0,0.0
2024-10-21 12:40:00-04:00,38.880001068115234,38.880001068115234,38.86000061035156,38.86000061035156,1429,0.0,0.0
2024-10-21 12:45:00-04:00,38.810001373291016,38.900001525878906,38.810001373291016,38.900001525878906,780,0.0,0.0
2024-10-21 12:50:00-04:00,38.849998474121094,38.87649917602539,38.849998474121094,38.87649917602539,577,0.0,0.0
2024-10-21 12:55:00-04:00,38.875,38.875,38.849998474121094,38.849998474121094,1373,0.0,0.0
2024-10-21 13:00:00-04:00,38.849998474121094,38.849998474121094,38.79999923706055,38.79999923706055,1322,0.0,0.0
2024-10-21 13:05:00-04:00,38.79999923706055,38.79999923706055,38.79999923706055,38.79999923706055,323,0.0,0.0
2024-10-21 13:10:00-04:00,38.79999923706055,38.845001220703125,38.79999923706055,38.845001220703125,579,0.0,0.0
2024-10-21 13:15:00-04:00,38.845001220703125,38.845001220703125,38.77000045776367,38.77000045776367,1054,0.0,0.0
2024-10-21 13:20:00-04:00,38.77000045776367,38.77000045776367,38.77000045776367,38.77000045776367,100,0.0,0.0
2024-10-21 13:25:00-04:00,38.77000045776367,38.82500076293945,38.77000045776367,38.79999923706055,706,0.0,0.0
2024-10-21 13:30:00-04:00,38.82500076293945,38.82500076293945,38.79999923706055,38.79999923706055,731,0.0,0.0
2024-10-21 13:35:00-04:00,38.779998779296875,38.855899810791016,38.779998779296875,38.855899810791016,1628,0.0,0.0
2024-10-21 13:45:00-04:00,38.75,38.75,38.75,38.75,530,0.0,0.0
2024-10-21 13:50:00-04:00,38.709999084472656,38.709999084472656,38.709999084472656,38.709999084472656,190,0.0,0.0
2024-10-21 13:55:00-04:00,38.709999084472656,38.75,38.709999084472656,38.75,921,0.0,0.0
2024-10-21 14:00:00-04:00,38.73500061035156,38.73500061035156,38.689998626708984,38.72999954223633,721,0.0,0.0
2024-10-21 14:05:00-04:00,38.72999954223633,38.72999954223633,38.72999954223633,38.72999954223633,259,0.0,0.0
2024-10-21 14:10:00-04:00,38.72999954223633,38.7599983215332,38.72999954223633,38.72999954223633,1005,0.0,0.0
2024-10-21 14:20:00-04:00,38.744998931884766,38.75,38.70000076293945,38.75,1729,0.0,0.0
2024-10-21 14:25:00-04:00,38.77000045776367,38.77000045776367,38.75,38.75,1585,0.0,0.0
2024-10-21 14:30:00-04:00,38.78129959106445,38.78129959106445,38.78129959106445,38.78129959106445,1302,0.0,0.0
2024-10-21 14:35:00-04:00,38.75,38.75,38.709999084472656,38.709999084472656,1459,0.0,0.0
2024-10-21 14:40:00-04:00,38.72999954223633,38.76539993286133,38.72999954223633,38.7400016784668,1439,0.0,0.0
2024-10-21 14:45:00-04:00,38.76499938964844,38.76499938964844,38.709999084472656,38.709999084472656,1766,0.0,0.0
2024-10-21 14:50:00-04:00,38.709999084472656,38.709999084472656,38.70000076293945,38.70000076293945,1688,0.0,0.0
2024-10-21 14:55:00-04:00,38.70000076293945,38.70000076293945,38.58000183105469,38.58000183105469,8164,0.0,0.0
2024-10-21 15:00:00-04:00,38.64500045776367,38.64500045776367,38.52000045776367,38.599998474121094,13236,0.0,0.0
2024-10-21 15:05:00-04:00,38.65999984741211,38.65999984741211,38.560001373291016,38.560001373291016,2856,0.0,0.0
2024-10-21 15:10:00-04:00,38.61000061035156,38.619998931884766,38.560001373291016,38.619998931884766,1262,0.0,0.0
2024-10-21 15:15:00-04:00,38.56999969482422,38.650001525878906,38.56999969482422,38.650001525878906,5812,0.0,0.0
2024-10-21 15:20:00-04:00,38.599998474121094,38.68000030517578,38.59000015258789,38.68000030517578,1736,0.0,0.0
2024-10-21 15:25:00-04:00,38.64889907836914,38.665000915527344,38.619998931884766,38.63242721557617,1414,0.0,0.0
2024-10-21 15:30:00-04:00,38.619998931884766,38.6349983215332,38.59000015258789,38.6349983215332,1813,0.0,0.0
2024-10-21 15:35:00-04:00,38.6349983215332,38.665000915527344,38.6349983215332,38.665000915527344,3210,0.0,0.0
2024-10-21 15:40:00-04:00,38.63999938964844,38.68000030517578,38.63999938964844,38.68000030517578,1309,0.0,0.0
2024-10-21 15:45:00-04:00,38.689998626708984,38.79999923706055,38.689998626708984,38.775001525878906,8870,0.0,0.0
2024-10-21 15:50:00-04:00,38.78499984741211,38.78499984741211,38.619998931884766,38.66999816894531,5057,0.0,0.0
2024-10-21 15:55:00-04:00,38.619998931884766,38.779998779296875,38.599998474121094,38.779998779296875,24035,0.0,0.0
2024-10-22 09:30:00-04:00,39.20000076293945,39.20000076293945,39.09000015258789,39.14500045776367,15952,0.0,0.0
2024-10-22 09:35:00-04:00,39.165000915527344,39.22999954223633,39.02000045776367,39.02000045776367,4912,0.0,0.0
2024-10-22 09:40:00-04:00,39.0,39.189998626708984,39.0,39.060001373291016,4231,0.0,0.0
2024-10-22 09:45:00-04:00,39.119998931884766,39.119998931884766,39.04999923706055,39.119998931884766,1168,0.0,0.0
2024-10-22 09:50:00-04:00,39.08000183105469,39.1432991027832,39.04999923706055,39.05500030517578,1331,0.0,0.0
2024-10-22 09:55:00-04:00,39.08000183105469,39.16999816894531,39.08000183105469,39.13999938964844,6481,0.0,0.0
2024-10-22 10:00:00-04:00,39.20000076293945,39.209999084472656,39.06999969482422,39.06999969482422,3786,0.0,0.0
2024-10-22 10:05:00-04:00,39.06999969482422,39.11000061035156,39.060001373291016,39.11000061035156,1801,0.0,0.0
2024-10-22 10:10:00-04:00,39.11000061035156,39.16999816894531,39.02000045776367,39.02000045776367,5721,0.0,0.0
2024-10-22 10:15:00-04:00,39.08000183105469,39.09000015258789,39.0099983215332,39.0099983215332,1626,0.0,0.0
2024-10-22 10:20:00-04:00,39.060001373291016,39.165000915527344,39.060001373291016,39.165000915527344,14184,0.0,0.0
2024-10-22 10:25:00-04:00,39.119998931884766,39.14500045776367,39.119998931884766,39.14500045776367,6303,0.0,0.0
2024-10-22 10:30:00-04:00,39.14500045776367,39.18000030517578,39.099998474121094,39.1349983215332,6695,0.0,0.0
2024-10-22 10:35:00-04:00,39.09000015258789,39.165000915527344,39.08000183105469,39.119998931884766,12019,0.0,0.0
2024-10-22 10:40:00-04:00,39.08000183105469,39.15999984741211,39.08000183105469,39.1150016784668,1620,0.0,0.0
2024-10-22 10:45:00-04:00,39.1150016784668,39.1150016784668,39.1150016784668,39.1150016784668,728,0.0,0.0
2024-10-22 10:50:00-04:00,39.1150016784668,39.2400016784668,39.1150016784668,39.2400016784668,3146,0.0,0.0
2024-10-22 10:55:00-04:00,39.14500045776367,39.249900817871094,39.14500045776367,39.2400016784668,4483,0.0,0.0
2024-10-22 11:00:00-04:00,39.154998779296875,39.22999954223633,39.154998779296875,39.22999954223633,441,0.0,0.0
2024-10-22 11:05:00-04:00,39.154998779296875,39.2400016784668,39.08000183105469,39.154998779296875,3728,0.0,0.0
2024-10-22 11:10:00-04:00,39.16999816894531,39.16999816894531,39.1150016784668,39.150001525878906,668,0.0,0.0
2024-10-22 11:15:00-04:00,39.150001525878906,39.2400016784668,39.08000183105469,39.17499923706055,5346,0.0,0.0
2024-10-22 11:20:00-04:00,39.15999984741211,39.2599983215332,39.15999984741211,39.20000076293945,4596,0.0,0.0
2024-10-22 11:25:00-04:00,39.290000915527344,39.3650016784668,39.220001220703125,39.3650016784668,5826,0.0,0.0
2024-10-22 11:30:00-04:00,39.35499954223633,39.35499954223633,39.290000915527344,39.2953987121582,3926,0.0,0.0
2024-10-22 11:35:00-04:00,39.334999084472656,39.334999084472656,39.29880142211914,39.334999084472656,1086,0.0,0.0
2024-10-22 11:40:00-04:00,39.29999923706055,39.36989974975586,39.29999923706055,39.36989974975586,445,0.0,0.0
2024-10-22 11:45:00-04:00,39.334999084472656,39.34000015258789,39.209999084472656,39.220001220703125,2162,0.0,0.0
2024-10-22 11:50:00-04:00,39.220001220703125,39.36940002441406,39.220001220703125,39.2599983215332,2372,0.0,0.0
2024-10-22 11:55:00-04:00,39.3651008605957,39.3651008605957,39.310001373291016,39.31999969482422,3359,0.0,0.0
2024-10-22 12:00:00-04:00,39.310001373291016,39.35599899291992,39.29999923706055,39.32500076293945,2587,0.0,0.0
2024-10-22 12:05:00-04:00,39.290000915527344,39.32500076293945,39.26499938964844,39.26499938964844,3796,0.0,0.0
2024-10-22 12:10:00-04:00,39.25,39.26499938964844,39.2400016784668,39.25,1250,0.0,0.0
2024-10-22 12:15:00-04:00,39.26499938964844,39.29999923706055,39.2400016784668,39.2400016784668,1115,0.0,0.0
2024-10-22 12:20:00-04:00,39.275001525878906,39.275001525878906,39.22999954223633,39.275001525878906,2032,0.0,0.0
2024-10-22 12:25:00-04:00,39.2400016784668,39.31999969482422,39.2400016784668,39.28499984741211,2420,0.0,0.0
2024-10-22 12:30:00-04:00,39.28499984741211,39.34000015258789,39.28499984741211,39.31999969482422,4955,0.0,0.0
2024-10-22 12:35:00-04:00,39.31999969482422,39.5,39.31999969482422,39.33000183105469,30350,0.0,0.0
2024-10-22 12:40:00-04:00,39.415000915527344,39.5,39.415000915527344,39.5,1966,0.0,0.0
2024-10-22 12:45:00-04:00,39.5,39.5,39.400001525878906,39.40999984741211,5980,0.0,0.0
2024-10-22 12:50:00-04:00,39.439998626708984,39.439998626708984,39.349998474121094,39.41680145263672,1221,0.0,0.0
2024-10-22 12:55:00-04:00,39.3650016784668,39.459999084472656,39.359500885009766,39.359500885009766,7508,0.0,0.0
2024-10-22 13:00:00-04:00,39.45000076293945,39.470001220703125,39.400001525878906,39.459999084472656,1487,0.0,0.0
2024-10-22 13:05:00-04:00,39.46500015258789,39.4900016784668,39.400001525878906,39.4119987487793,2560,0.0,0.0
2024-10-22 13:10:00-04:00,39.45000076293945,39.45000076293945,39.439998626708984,39.439998626708984,339,0.0,0.0
2024-10-22 13:15:00-04:00,39.38999938964844,39.4900016784668,39.38999938964844,39.48500061035156,1467,0.0,0.0
2024-10-22 13:20:00-04:00,39.5,39.52000045776367,39.4900016784668,39.4900016784668,1096,0.0,0.0
2024-10-22 13:25:00-04:00,39.5099983215332,39.529998779296875,39.4900016784668,39.500701904296875,2802,0.0,0.0
2024-10-22 13:30:00-04:00,39.5,39.5,39.45000076293945,39.459999084472656,3310,0.0,0.0
2024-10-22 13:35:00-04:00,39.459999084472656,39.5,39.459999084472656,39.48500061035156,1790,0.0,0.0
2024-10-22 13:40:00-04:00,39.5099983215332,39.5099983215332,39.47999954223633,39.47999954223633,1184,0.0,0.0
2024-10-22 13:45:00-04:00,39.5099983215332,39.5099983215332,39.459999084472656,39.459999084472656,2707,0.0,0.0
2024-10-22 13:50:00-04:00,39.48500061035156,39.50709915161133,39.459999084472656,39.470001220703125,1274,0.0,0.0
2024-10-22 13:55:00-04:00,39.4900016784668,39.4900016784668,39.470298767089844,39.470298767089844,1024,0.0,0.0
2024-10-22 14:00:00-04:00,39.4900016784668,39.4900016784668,39.470001220703125,39.470001220703125,780,0.0,0.0
2024-10-22 14:05:00-04:00,39.52000045776367,39.52000045776367,39.4900016784668,39.505001068115234,2594,0.0,0.0
2024-10-22 14:10:00-04:00,39.52000045776367,39.52000045776367,39.5099983215332,39.52000045776367,1340,0.0,0.0
2024-10-22 14:15:00-04:00,39.470001220703125,39.56999969482422,39.470001220703125,39.540000915527344,1870,0.0,0.0
2024-10-22 14:20:00-04:00,39.540000915527344,39.58000183105469,39.5099983215332,39.540000915527344,5850,0.0,0.0
2024-10-22 14:30:00-04:00,39.5,39.5,39.474998474121094,39.474998474121094,2005,0.0,0.0
2024-10-22 14:35:00-04:00,39.45000076293945,39.474998474121094,39.400001525878906,39.400001525878906,1805,0.0,0.0
2024-10-22 14:40:00-04:00,39.38999938964844,39.439998626708984,39.38999938964844,39.41999816894531,1117,0.0,0.0
2024-10-22 14:45:00-04:00,39.44499969482422,39.44499969482422,39.400001525878906,39.439998626708984,1360,0.0,0.0
2024-10-22 14:50:00-04:00,39.38999938964844,39.38999938964844,39.38999938964844,39.38999938964844,699,0.0,0.0
2024-10-22 14:55:00-04:00,39.380001068115234,39.415000915527344,39.29999923706055,39.334999084472656,3708,0.0,0.0
2024-10-22 15:00:00-04:00,39.290000915527344,39.34000015258789,39.27000045776367,39.34000015258789,2034,0.0,0.0
2024-10-22 15:05:00-04:00,39.27000045776367,39.34000015258789,39.2599983215332,39.34000015258789,1830,0.0,0.0
2024-10-22 15:10:00-04:00,39.279998779296875,39.279998779296875,39.2400016784668,39.2400016784668,1661,0.0,0.0
2024-10-22 15:15:00-04:00,39.28499984741211,39.28499984741211,39.220001220703125,39.220001220703125,1788,0.0,0.0
2024-10-22 15:20:00-04:00,39.220001220703125,39.2599983215332,39.220001220703125,39.22999954223633,2077,0.0,0.0
2024-10-22 15:25:00-04:00,39.220001220703125,39.22999954223633,39.130001068115234,39.22999954223633,10542,0.0,0.0
2024-10-22 15:30:00-04:00,39.20000076293945,39.27000045776367,39.18000030517578,39.27000045776367,2966,0.0,0.0
2024-10-22 15:35:00-04:00,39.2400016784668,39.2400016784668,39.2400016784668,39.2400016784668,1375,0.0,0.0
2024-10-22 15:40:00-04:00,39.290000915527344,39.29499816894531,39.22999954223633,39.2400016784668,4026,0.0,0.0
2024-10-22 15:45:00-04:00,39.220001220703125,39.220001220703125,39.16999816894531,39.16999816894531,1801,0.0,0.0
2024-10-22 15:50:00-04:00,39.15999984741211,39.21989822387695,39.130001068115234,39.13999938964844,5503,0.0,0.0
2024-10-22 15:55:00-04:00,39.15999984741211,39.279998779296875,39.099998474121094,39.279998779296875,17713,0.0,0.0
2024-10-23 09:30:00-04:00,39.38999938964844,39.38999938964844,39.38999938964844,39.38999938964844,2041,0.0,0.0
2024-10-23 09:35:00-04:00,39.54999923706055,39.54999923706055,39.38999938964844,39.38999938964844,904,0.0,0.0
2024-10-23 09:40:00-04:00,39.459999084472656,39.52000045776367,39.45640182495117,39.459999084472656,2549,0.0,0.0
2024-10-23 09:50:00-04:00,39.470001220703125,39.52000045776367,39.45000076293945,39.45000076293945,7546,0.0,0.0
2024-10-23 09:55:00-04:00,39.459999084472656,39.459999084472656,39.459999084472656,39.459999084472656,166,0.0,0.0
2024-10-23 10:00:00-04:00,39.459999084472656,39.47999954223633,39.459999084472656,39.47999954223633,718,0.0,0.0
2024-10-23 10:05:00-04:00,39.459999084472656,39.459999084472656,39.44070053100586,39.44070053100586,389,0.0,0.0
2024-10-23 10:10:00-04:00,39.5,39.52000045776367,39.5,39.5,851,0.0,0.0
2024-10-23 10:15:00-04:00,39.5,39.5,39.5,39.5,1103,0.0,0.0
2024-10-23 10:25:00-04:00,39.5,39.54499816894531,39.5,39.54499816894531,490,0.0,0.0
2024-10-23 10:30:00-04:00,39.58489990234375,39.58489990234375,39.58489990234375,39.58489990234375,489,0.0,0.0
2024-10-23 10:35:00-04:00,39.54499816894531,39.54499816894531,39.54499816894531,39.54499816894531,241,0.0,0.0
2024-10-23 10:40:00-04:00,39.529998779296875,39.529998779296875,39.40999984741211,39.40999984741211,3248,0.0,0.0
2024-10-23 10:45:00-04:00,39.44499969482422,39.44499969482422,39.400001525878906,39.400001525878906,1017,0.0,0.0
2024-10-23 10:55:00-04:00,39.38999938964844,39.47990036010742,39.38999938964844,39.47990036010742,710,0.0,0.0
2024-10-23 11:05:00-04:00,39.415000915527344,39.415000915527344,39.41109848022461,39.41109848022461,339,0.0,0.0
2024-10-23 11:10:00-04:00,39.400001525878906,39.400001525878906,39.349998474121094,39.349998474121094,1302,0.0,0.0
2024-10-23 11:20:00-04:00,39.29999923706055,39.29999923706055,39.189998626708984,39.189998626708984,1359,0.0,0.0
2024-10-23 11:25:00-04:00,39.160099029541016,39.339900970458984,39.160099029541016,39.20000076293945,2734,0.0,0.0
2024-10-23 11:30:00-04:00,39.29079818725586,39.29079818725586,39.150001525878906,39.2400016784668,1486,0.0,0.0
2024-10-23 11:35:00-04:00,39.25,39.25,39.25,39.25,108,0.0,0.0
2024-10-23 11:40:00-04:00,39.2599983215332,39.2599983215332,39.236000061035156,39.236000061035156,502,0.0,0.0
2024-10-23 11:45:00-04:00,39.24480056762695,39.24480056762695,39.150001525878906,39.20500183105469,4088,0.0,0.0
2024-10-23 11:55:00-04:00,39.19499969482422,39.2599983215332,39.150001525878906,39.189998626708984,1300,0.0,0.0
2024-10-23 12:00:00-04:00,39.189998626708984,39.32233428955078,39.189998626708984,39.32233428955078,4645,0.0,0.0
2024-10-23 12:05:00-04:00,39.2400016784668,39.25,39.2400016784668,39.25,681,0.0,0.0
2024-10-23 12:10:00-04:00,39.255001068115234,39.255001068115234,39.255001068115234,39.255001068115234,222,0.0,0.0
2024-10-23 12:15:00-04:00,39.255001068115234,39.255001068115234,39.20000076293945,39.20000076293945,1025,0.0,0.0
2024-10-23 12:20:00-04:00,39.2400016784668,39.309898376464844,39.2400016784668,39.27000045776367,546,0.0,0.0
2024-10-23 12:25:00-04:00,39.22999954223633,39.22999954223633,39.22999954223633,39.22999954223633,339,0.0,0.0
2024-10-23 12:30:00-04:00,39.20000076293945,39.20000076293945,39.20000076293945,39.20000076293945,309,0.0,0.0
2024-10-23 12:35:00-04:00,39.275001525878906,39.279998779296875,39.20000076293945,39.20000076293945,1150,0.0,0.0
2024-10-23 12:40:00-04:00,39.20000076293945,39.20000076293945,39.20000076293945,39.20000076293945,235,0.0,0.0
2024-10-23 12:45:00-04:00,39.20000076293945,39.20000076293945,39.150001525878906,39.150001525878906,538,0.0,0.0
2024-10-23 12:50:00-04:00,39.25899887084961,39.25899887084961,39.18000030517578,39.18000030517578,1141,0.0,0.0
2024-10-23 12:55:00-04:00,39.13999938964844,39.150001525878906,39.099998474121094,39.099998474121094,4999,0.0,0.0
2024-10-23 13:00:00-04:00,39.10300064086914,39.150001525878906,39.09000015258789,39.13999938964844,1705,0.0,0.0
2024-10-23 13:05:00-04:00,39.15999984741211,39.18220138549805,39.130001068115234,39.130001068115234,565,0.0,0.0
2024-10-23 13:10:00-04:00,39.119998931884766,39.150001525878906,39.060001373291016,39.060001373291016,2376,0.0,0.0
2024-10-23 13:15:00-04:00,39.060001373291016,39.060001373291016,39.060001373291016,39.060001373291016,458,0.0,0.0
2024-10-23 13:20:00-04:00,39.11000061035156,39.179901123046875,39.060001373291016,39.14939880371094,3675,0.0,0.0
2024-10-23 13:25:00-04:00,39.095001220703125,39.150001525878906,39.095001220703125,39.150001525878906,733,0.0,0.0
2024-10-23 13:30:00-04:00,39.14500045776367,39.14500045776367,39.040000915527344,39.09000015258789,5207,0.0,0.0
2024-10-23 13:35:00-04:00,39.07500076293945,39.08000183105469,39.07500076293945,39.08000183105469,734,0.0,0.0
2024-10-23 13:40:00-04:00,39.04999923706055,39.05500030517578,39.0099983215332,39.02000045776367,1148,0.0,0.0
2024-10-23 13:45:00-04:00,39.04999923706055,39.060001373291016,39.0,39.040000915527344,2409,0.0,0.0
2024-10-23 13:50:00-04:00,39.0,39.0099983215332,39.0,39.0,830,0.0,0.0
2024-10-23 13:55:00-04:00,39.0099983215332,39.040000915527344,39.0,39.0,3193,0.0,0.0
2024-10-23 14:00:00-04:00,39.0099983215332,39.0099983215332,39.0099983215332,39.0099983215332,125,0.0,0.0
2024-10-23 14:05:00-04:00,38.9900016784668,39.07849884033203,38.9900016784668,39.07849884033203,5180,0.0,0.0
2024-10-23 14:10:00-04:00,38.9900016784668,38.9900016784668,38.9900016784668,38.9900016784668,675,0.0,0.0
2024-10-23 14:15:00-04:00,38.95000076293945,38.95000076293945,38.95000076293945,38.95000076293945,517,0.0,0.0
2024-10-23 14:20:00-04:00,38.95500183105469,38.95500183105469,38.95500183105469,38.95500183105469,217,0.0,0.0
2024-10-23 14:25:00-04:00,39.0099983215332,39.0099983215332,38.9900016784668,38.9900016784668,937,0.0,0.0
2024-10-23 14:30:00-04:00,38.9900016784668,39.0,38.91999816894531,38.95000076293945,1783,0.0,0.0
2024-10-23 14:35:00-04:00,38.9900016784668,38.9900016784668,38.95500183105469,38.95500183105469,556,0.0,0.0
2024-10-23 14:45:00-04:00,38.970001220703125,38.970001220703125,38.939998626708984,38.94499969482422,1400,0.0,0.0
2024-10-23 14:50:00-04:00,38.970001220703125,38.9900016784668,38.959999084472656,38.9900016784668,1466,0.0,0.0
2024-10-23 14:55:00-04:00,39.0,39.02000045776367,38.99850082397461,39.02000045776367,3428,0.0,0.0
2024-10-23 15:00:00-04:00,39.0,39.0,38.95000076293945,38.99259948730469,3174,0.0,0.0
2024-10-23 15:05:00-04:00,39.02000045776367,39.029998779296875,39.02000045776367,39.02000045776367,552,0.0,0.0
2024-10-23 15:10:00-04:00,39.040000915527344,39.084999084472656,39.040000915527344,39.084999084472656,1006,0.0,0.0
2024-10-23 15:15:00-04:00,39.02000045776367,39.064998626708984,39.02000045776367,39.064998626708984,707,0.0,0.0
2024-10-23 15:20:00-04:00,39.04999923706055,39.060001373291016,38.97999954223633,38.97999954223633,2413,0.0,0.0
2024-10-23 15:25:00-04:00,38.97999954223633,38.97999954223633,38.97999954223633,38.97999954223633,428,0.0,0.0
2024-10-23 15:30:00-04:00,39.02000045776367,39.02000045776367,39.0,39.0,1948,0.0,0.0
2024-10-23 15:35:00-04:00,38.959999084472656,39.0,38.959999084472656,39.0,1638,0.0,0.0
2024-10-23 15:40:00-04:00,39.0,39.040000915527344,38.970001220703125,38.970001220703125,3101,0.0,0.0
2024-10-23 15:45:00-04:00,39.0,39.02000045776367,39.0,39.01499938964844,1304,0.0,0.0
2024-10-23 15:50:00-04:00,39.029998779296875,39.099998474121094,39.01499938964844,39.04999923706055,5395,0.0,0.0
2024-10-23 15:55:00-04:00,39.04999923706055,39.04999923706055,38.9900016784668,39.0,9098,0.0,0.0
2024-10-24 09:30:00-04:00,39.0,39.349998474121094,39.0,39.150001525878906,2195,0.0,0.0
2024-10-24 09:35:00-04:00,39.159000396728516,39.159000396728516,39.0099983215332,39.11000061035156,791,0.0,0.0
2024-10-24 09:40:00-04:00,39.084999084472656,39.084999084472656,39.06999969482422,39.06999969482422,656,0.0,0.0
2024-10-24 09:45:00-04:00,39.0099983215332,39.189998626708984,39.0099983215332,39.119998931884766,8415,0.0,0.0
2024-10-24 09:50:00-04:00,39.17499923706055,39.17499923706055,39.15999984741211,39.15999984741211,1061,0.0,0.0
2024-10-24 09:55:00-04:00,39.16999816894531,39.16999816894531,39.060001373291016,39.11479949951172,671,0.0,0.0
2024-10-24 10:00:00-04:00,39.1510009765625,39.1510009765625,39.029998779296875,39.029998779296875,886,0.0,0.0
2024-10-24 10:05:00-04:00,39.040000915527344,39.1349983215332,39.029998779296875,39.040000915527344,796,0.0,0.0
2024-10-24 10:10:00-04:00,39.029998779296875,39.040000915527344,39.029998779296875,39.029998779296875,445,0.0,0.0
2024-10-24 10:15:00-04:00,39.02000045776367,39.02000045776367,39.0,39.0,779,0.0,0.0
2024-10-24 10:25:00-04:00,39.150001525878906,39.150001525878906,39.150001525878906,39.150001525878906,274,0.0,0.0
2024-10-24 10:30:00-04:00,39.064998626708984,39.0880012512207,39.064998626708984,39.064998626708984,1126,0.0,0.0
2024-10-24 10:35:00-04:00,39.0099983215332,39.07600021362305,38.95000076293945,39.0,2192,0.0,0.0
2024-10-24 10:40:00-04:00,38.95000076293945,38.95000076293945,38.95000076293945,38.95000076293945,953,0.0,0.0
2024-10-24 10:45:00-04:00,39.0,39.0,38.974998474121094,38.974998474121094,598,0.0,0.0
2024-10-24 10:50:00-04:00,38.95000076293945,39.005001068115234,38.95000076293945,39.005001068115234,1418,0.0,0.0
2024-10-24 10:55:00-04:00,39.005001068115234,39.119998931884766,39.005001068115234,39.119998931884766,2301,0.0,0.0
2024-10-24 11:05:00-04:00,39.06999969482422,39.06999969482422,39.06999969482422,39.06999969482422,682,0.0,0.0
2024-10-24 11:20:00-04:00,39.08000183105469,39.084800720214844,39.03499984741211,39.06999969482422,1754,0.0,0.0
2024-10-24 11:25:00-04:00,39.13949966430664,39.13949966430664,39.13949966430664,39.13949966430664,367,0.0,0.0
2024-10-24 11:30:00-04:00,39.099998474121094,39.141998291015625,39.08000183105469,39.126399993896484,1845,0.0,0.0
2024-10-24 11:35:00-04:00,39.126399993896484,39.141998291015625,39.06999969482422,39.06999969482422,2004,0.0,0.0
2024-10-24 11:40:00-04:00,39.11000061035156,39.11000061035156,39.11000061035156,39.11000061035156,320,0.0,0.0
2024-10-24 11:45:00-04:00,39.084999084472656,39.084999084472656,39.084999084472656,39.084999084472656,201,0.0,0.0
2024-10-24 11:50:00-04:00,39.03160095214844,39.03160095214844,39.0,39.0,600,0.0,0.0
2024-10-24 11:55:00-04:00,39.08000183105469,39.089900970458984,39.04499816894531,39.089900970458984,755,0.0,0.0
2024-10-24 12:00:00-04:00,39.029998779296875,39.029998779296875,39.029998779296875,39.029998779296875,127,0.0,0.0
2024-10-24 12:10:00-04:00,39.04999923706055,39.04999923706055,39.0,39.0,799,0.0,0.0
2024-10-24 12:15:00-04:00,39.03200149536133,39.03200149536133,39.0099983215332,39.0099983215332,289,0.0,0.0
2024-10-24 12:20:00-04:00,39.0,39.040000915527344,38.939998626708984,38.94599914550781,5319,0.0,0.0
2024-10-24 12:25:00-04:00,38.95500183105469,38.999900817871094,38.90999984741211,38.95500183105469,1391,0.0,0.0
2024-10-24 12:30:00-04:00,38.90999984741211,38.95000076293945,38.90999984741211,38.95000076293945,429,0.0,0.0
2024-10-24 12:35:00-04:00,38.95000076293945,38.95000076293945,38.880001068115234,38.880001068115234,3504,0.0,0.0
2024-10-24 12:40:00-04:00,38.849998474121094,38.939998626708984,38.83000183105469,38.939998626708984,973,0.0,0.0
2024-10-24 12:45:00-04:00,38.83000183105469,38.83000183105469,38.83000183105469,38.83000183105469,299,0.0,0.0
2024-10-24 12:50:00-04:00,38.858001708984375,38.87617111206055,38.83000183105469,38.858001708984375,2317,0.0,0.0
2024-10-24 12:55:00-04:00,38.858001708984375,38.900001525878906,38.858001708984375,38.89500045776367,3880,0.0,0.0
2024-10-24 13:00:00-04:00,38.86000061035156,38.86000061035156,38.86000061035156,38.86000061035156,100,0.0,0.0
2024-10-24 13:05:00-04:00,38.904998779296875,38.904998779296875,38.904998779296875,38.904998779296875,299,0.0,0.0
2024-10-24 13:20:00-04:00,38.869998931884766,38.869998931884766,38.869998931884766,38.869998931884766,286,0.0,0.0
2024-10-24 13:30:00-04:00,38.95000076293945,39.0,38.90999984741211,38.96500015258789,3850,0.0,0.0
2024-10-24 13:45:00-04:00,38.939998626708984,38.939998626708984,38.939998626708984,38.939998626708984,100,0.0,0.0
2024-10-24 13:50:00-04:00,38.939998626708984,38.939998626708984,38.90999984741211,38.90999984741211,661,0.0,0.0
2024-10-24 13:55:00-04:00,38.95399856567383,38.95399856567383,38.90039825439453,38.95399856567383,2395,0.0,0.0
2024-10-24 14:05:00-04:00,38.970001220703125,38.970001220703125,38.959999084472656,38.970001220703125,739,0.0,0.0
2024-10-24 14:15:00-04:00,38.939998626708984,38.939998626708984,38.88999938964844,38.88999938964844,502,0.0,0.0
2024-10-24 14:20:00-04:00,38.90999984741211,38.90999984741211,38.90999984741211,38.90999984741211,117,0.0,0.0
2024-10-24 14:25:00-04:00,38.91999816894531,38.93000030517578,38.91999816894531,38.93000030517578,694,0.0,0.0
2024-10-24 14:35:00-04:00,38.90999984741211,38.93000030517578,38.90999984741211,38.915000915527344,1672,0.0,0.0
2024-10-24 14:40:00-04:00,38.88999938964844,38.915000915527344,38.88999938964844,38.915000915527344,365,0.0,0.0
2024-10-24 14:45:00-04:00,38.88999938964844,38.88999938964844,38.869998931884766,38.869998931884766,749,0.0,0.0
2024-10-24 14:50:00-04:00,38.869998931884766,38.869998931884766,38.849998474121094,38.849998474121094,377,0.0,0.0
2024-10-24 14:55:00-04:00,38.869998931884766,38.869998931884766,38.869998931884766,38.869998931884766,655,0.0,0.0
2024-10-24 15:00:00-04:00,38.869998931884766,38.869998931884766,38.79999923706055,38.79999923706055,11379,0.0,0.0
2024-10-24 15:05:00-04:00,38.77000045776367,38.79499816894531,38.75,38.75,975,0.0,0.0
2024-10-24 15:10:00-04:00,38.75,38.81999969482422,38.75,38.81999969482422,2819,0.0,0.0
2024-10-24 15:15:00-04:00,38.86000061035156,38.880001068115234,38.779998779296875,38.880001068115234,2129,0.0,0.0
2024-10-24 15:20:00-04:00,38.810001373291016,38.849998474121094,38.79999923706055,38.849998474121094,765,0.0,0.0
2024-10-24 15:25:00-04:00,38.86000061035156,38.880001068115234,38.84000015258789,38.8650016784668,3119,0.0,0.0
2024-10-24 15:30:00-04:00,38.83000183105469,38.849998474121094,38.81999969482422,38.845001220703125,1489,0.0,0.0
2024-10-24 15:35:00-04:00,38.845001220703125,38.86880111694336,38.810001373291016,38.83599853515625,1621,0.0,0.0
2024-10-24 15:40:00-04:00,38.83599853515625,38.854000091552734,38.80009841918945,38.849998474121094,2407,0.0,0.0
2024-10-24 15:45:00-04:00,38.810001373291016,38.869998931884766,38.779998779296875,38.779998779296875,5250,0.0,0.0
2024-10-24 15:50:00-04:00,38.779998779296875,38.861000061035156,38.779998779296875,38.81399917602539,8771,0.0,0.0
2024-10-24 15:55:00-04:00,38.779998779296875,39.029998779296875,38.75,39.029998779296875,24183,0.0,0.0
2024-10-25 09:30:00-04:00,39.220001220703125,39.220001220703125,39.130001068115234,39.130001068115234,3169,0.0,0.0
2024-10-25 09:35:00-04:00,39.130001068115234,39.130001068115234,38.90010070800781,39.130001068115234,637,0.0,0.0
2024-10-25 09:40:00-04:00,39.150001525878906,39.150001525878906,39.130001068115234,39.130001068115234,336,0.0,0.0
2024-10-25 09:45:00-04:00,39.05500030517578,39.10499954223633,39.0,39.10499954223633,2183,0.0,0.0
2024-10-25 09:50:00-04:00,39.10499954223633,39.18000030517578,39.102500915527344,39.102500915527344,838,0.0,0.0
2024-10-25 09:55:00-04:00,39.10499954223633,39.19110107421875,39.08399963378906,39.10499954223633,1000,0.0,0.0
2024-10-25 10:00:00-04:00,39.12799835205078,39.12799835205078,39.099998474121094,39.099998474121094,1709,0.0,0.0
2024-10-25 10:05:00-04:00,39.099998474121094,39.15999984741211,39.099998474121094,39.099998474121094,1141,0.0,0.0
2024-10-25 10:10:00-04:00,39.0099983215332,39.09000015258789,39.0099983215332,39.09000015258789,500,0.0,0.0
2024-10-25 10:15:00-04:00,39.09000015258789,39.095001220703125,39.089900970458984,39.089900970458984,702,0.0,0.0
2024-10-25 10:20:00-04:00,39.089900970458984,39.11199951171875,39.01060104370117,39.04999923706055,2149,0.0,0.0
2024-10-25 10:25:00-04:00,39.010101318359375,39.037498474121094,38.95000076293945,38.95000076293945,4340,0.0,0.0
2024-10-25 10:30:00-04:00,38.94499969482422,39.0,38.94499969482422,38.9900016784668,8939,0.0,0.0
2024-10-25 10:35:00-04:00,39.029998779296875,39.029998779296875,38.95000076293945,38.95000076293945,1147,0.0,0.0
2024-10-25 10:50:00-04:00,38.9900016784668,38.9900016784668,38.9900016784668,38.9900016784668,941,0.0,0.0
2024-10-25 10:55:00-04:00,39.040000915527344,39.040000915527344,39.040000915527344,39.040000915527344,588,0.0,0.0
2024-10-25 11:05:00-04:00,38.83000183105469,38.83000183105469,38.83000183105469,38.83000183105469,5286,0.0,0.0
2024-10-25 11:20:00-04:00,38.83000183105469,38.849998474121094,38.83000183105469,38.849998474121094,1315,0.0,0.0
2024-10-25 11:25:00-04:00,38.89500045776367,38.939998626708984,38.89500045776367,38.939998626708984,1093,0.0,0.0
2024-10-25 11:35:00-04:00,38.94499969482422,38.94499969482422,38.94499969482422,38.94499969482422,522,0.0,0.0
2024-10-25 11:45:00-04:00,38.88010025024414,38.900001525878906,38.88010025024414,38.900001525878906,524,0.0,0.0
2024-10-25 11:50:00-04:00,38.880001068115234,38.880001068115234,38.880001068115234,38.880001068115234,104,0.0,0.0
2024-10-25 11:55:00-04:00,38.869998931884766,38.91999816894531,38.869998931884766,38.88999938964844,928,0.0,0.0
2024-10-25 12:00:00-04:00,38.880001068115234,38.880001068115234,38.849998474121094,38.849998474121094,734,0.0,0.0
2024-10-25 12:05:00-04:00,38.8650016784668,38.93000030517578,38.8650016784668,38.93000030517578,1518,0.0,0.0
2024-10-25 12:10:00-04:00,38.92499923706055,38.92499923706055,38.92499923706055,38.92499923706055,260,0.0,0.0
2024-10-25 12:15:00-04:00,38.88999938964844,38.88999938964844,38.88999938964844,38.88999938964844,275,0.0,0.0
2024-10-25 12:25:00-04:00,38.850101470947266,38.850101470947266,38.850101470947266,38.850101470947266,406,0.0,0.0
2024-10-25 12:35:00-04:00,38.95000076293945,38.974998474121094,38.95000076293945,38.95000076293945,1412,0.0,0.0
2024-10-25 12:40:00-04:00,39.02000045776367,39.02000045776367,39.02000045776367,39.02000045776367,684,0.0,0.0
2024-10-25 12:45:00-04:00,38.90999984741211,38.90999984741211,38.90999984741211,38.90999984741211,1244,0.0,0.0
2024-10-25 12:50:00-04:00,38.93299865722656,38.93299865722656,38.90999984741211,38.90999984741211,381,0.0,0.0
2024-10-25 12:55:00-04:00,38.904998779296875,38.904998779296875,38.904998779296875,38.904998779296875,290,0.0,0.0
2024-10-25 13:00:00-04:00,38.900001525878906,38.900001525878906,38.900001525878906,38.900001525878906,601,0.0,0.0
2024-10-25 13:05:00-04:00,38.849998474121094,38.91999816894531,38.849998474121094,38.86000061035156,1281,0.0,0.0
2024-10-25 13:15:00-04:00,38.849998474121094,38.849998474121094,38.849998474121094,38.849998474121094,1418,0.0,0.0
2024-10-25 13:20:00-04:00,38.849998474121094,38.849998474121094,38.849998474121094,38.849998474121094,643,0.0,0.0
2024-10-25 13:35:00-04:00,38.79999923706055,38.849998474121094,38.79999923706055,38.849998474121094,305,0.0,0.0
2024-10-25 13:40:00-04:00,38.86000061035156,38.900001525878906,38.86000061035156,38.86050033569336,3024,0.0,0.0
2024-10-25 13:45:00-04:00,38.900001525878906,38.900001525878906,38.900001525878906,38.900001525878906,278,0.0,0.0
2024-10-25 13:55:00-04:00,38.933998107910156,38.970001220703125,38.91999816894531,38.970001220703125,1407,0.0,0.0
2024-10-25 14:00:00-04:00,38.93000030517578,38.93000030517578,38.900001525878906,38.900001525878906,378,0.0,0.0
2024-10-25 14:05:00-04:00,38.92499923706055,39.09000015258789,38.92499923706055,39.09000015258789,516,0.0,0.0
2024-10-25 14:10:00-04:00,39.00320053100586,39.00320053100586,38.95000076293945,38.95000076293945,1075,0.0,0.0
2024-10-25 14:15:00-04:00,38.95000076293945,38.95000076293945,38.95000076293945,38.95000076293945,100,0.0,0.0
2024-10-25 14:20:00-04:00,38.95000076293945,38.95000076293945,38.90999984741211,38.90999984741211,350,0.0,0.0
2024-10-25 14:25:00-04:00,38.939998626708984,39.0260009765625,38.939998626708984,39.0260009765625,1357,0.0,0.0
2024-10-25 14:30:00-04:00,39.0099983215332,39.0099983215332,39.0099983215332,39.0099983215332,1050,0.0,0.0
2024-10-25 14:35:00-04:00,39.0099983215332,39.029998779296875,38.939998626708984,39.010101318359375,1586,0.0,0.0
2024-10-25 14:50:00-04:00,39.0,39.0,39.0,39.0,101,0.0,0.0
2024-10-25 14:55:00-04:00,39.0,39.0,38.959999084472656,38.959999084472656,552,0.0,0.0
2024-10-25 15:00:00-04:00,38.959999084472656,38.970001220703125,38.959999084472656,38.970001220703125,332,0.0,0.0
2024-10-25 15:05:00-04:00,39.012001037597656,39.012001037597656,38.974998474121094,38.974998474121094,548,0.0,0.0
2024-10-25 15:15:00-04:00,38.970001220703125,39.0099983215332,38.959999084472656,39.007999420166016,2900,0.0,0.0
2024-10-25 15:20:00-04:00,39.040000915527344,39.040000915527344,39.005001068115234,39.01499938964844,2073,0.0,0.0
2024-10-25 15:30:00-04:00,38.9900016784668,38.9900016784668,38.97999954223633,38.97999954223633,550,0.0,0.0
2024-10-25 15:40:00-04:00,38.97999954223633,39.02000045776367,38.97999954223633,39.02000045776367,1443,0.0,0.0
2024-10-25 15:45:00-04:00,39.02000045776367,39.02000045776367,38.9900016784668,38.9900016784668,500,0.0,0.0
2024-10-25 15:55:00-04:00,38.9900016784668,38.9900016784668,38.90999984741211,38.90999984741211,6003,0.0,0.0
2024-10-28 09:30:00-04:00,38.86000061035156,39.13999938964844,38.86000061035156,38.97999954223633,2650,0.0,0.0
2024-10-28 09:45:00-04:00,38.86000061035156,38.86000061035156,38.86000061035156,38.86000061035156,179,0.0,0.0
2024-10-28 09:50:00-04:00,38.994998931884766,38.994998931884766,38.994998931884766,38.994998931884766,1308,0.0,0.0
2024-10-28 09:55:00-04:00,39.00310134887695,39.00310134887695,38.93000030517578,38.93000030517578,1959,0.0,0.0
2024-10-28 10:10:00-04:00,39.0,39.0,38.970001220703125,38.970001220703125,1057,0.0,0.0
2024-10-28 10:20:00-04:00,38.94200134277344,38.94200134277344,38.94200134277344,38.94200134277344,640,0.0,0.0
2024-10-28 10:25:00-04:00,38.900001525878906,38.900001525878906,38.900001525878906,38.900001525878906,552,0.0,0.0
2024-10-28 10:30:00-04:00,38.90999984741211,38.929901123046875,38.880001068115234,38.929901123046875,1161,0.0,0.0
2024-10-28 10:35:00-04:00,38.869998931884766,38.8848991394043,38.81999969482422,38.82500076293945,1973,0.0,0.0
2024-10-28 10:40:00-04:00,38.88999938964844,38.88999938964844,38.88999938964844,38.88999938964844,235,0.0,0.0
2024-10-28 10:45:00-04:00,38.81999969482422,38.81999969482422,38.81999969482422,38.81999969482422,147,0.0,0.0
2024-10-28 10:50:00-04:00,38.81999969482422,38.88999938964844,38.81999969482422,38.81999969482422,709,0.0,0.0
2024-10-28 11:00:00-04:00,38.814998626708984,38.814998626708984,38.814998626708984,38.814998626708984,249,0.0,0.0
2024-10-28 11:05:00-04:00,38.81999969482422,38.834999084472656,38.81999969482422,38.834999084472656,1139,0.0,0.0
2024-10-28 11:10:00-04:00,38.84000015258789,38.87990188598633,38.790000915527344,38.87990188598633,1418,0.0,0.0
2024-10-28 11:15:00-04:00,38.849998474121094,38.880001068115234,38.77000045776367,38.814998626708984,1514,0.0,0.0
2024-10-28 11:20:00-04:00,38.779998779296875,38.779998779296875,38.779998779296875,38.779998779296875,152,0.0,0.0
2024-10-28 11:25:00-04:00,38.779998779296875,38.779998779296875,38.72999954223633,38.72999954223633,1711,0.0,0.0
2024-10-28 11:30:00-04:00,38.75,38.869998931884766,38.70000076293945,38.849998474121094,1902,0.0,0.0
2024-10-28 11:40:00-04:00,38.7400016784668,38.83000183105469,38.7400016784668,38.83000183105469,2311,0.0,0.0
2024-10-28 11:45:00-04:00,38.65999984741211,38.72999954223633,38.65010070800781,38.72999954223633,483,0.0,0.0
2024-10-28 11:50:00-04:00,38.7400016784668,38.7400016784668,38.7400016784668,38.7400016784668,301,0.0,0.0
2024-10-28 11:55:00-04:00,38.70000076293945,38.78099822998047,38.70000076293945,38.7599983215332,2929,0.0,0.0
2024-10-28 12:00:00-04:00,38.70000076293945,38.70000076293945,38.70000076293945,38.70000076293945,508,0.0,0.0
2024-10-28 12:15:00-04:00,38.720001220703125,38.720001220703125,38.650001525878906,38.650001525878906,1836,0.0,0.0
2024-10-28 12:20:00-04:00,38.72999954223633,38.72999954223633,38.72999954223633,38.72999954223633,400,0.0,0.0
2024-10-28 12:25:00-04:00,38.72999954223633,38.78990173339844,38.66999816894531,38.66999816894531,735,0.0,0.0
2024-10-28 12:30:00-04:00,38.72999954223633,38.77989959716797,38.65999984741211,38.65999984741211,3362,0.0,0.0
2024-10-28 12:35:00-04:00,38.619998931884766,38.63999938964844,38.560001373291016,38.61000061035156,7558,0.0,0.0
2024-10-28 12:40:00-04:00,38.594600677490234,38.64099884033203,38.594600677490234,38.64099884033203,1483,0.0,0.0
2024-10-28 12:45:00-04:00,38.65999984741211,38.66999816894531,38.540000915527344,38.564998626708984,3955,0.0,0.0
2024-10-28 12:50:00-04:00,38.56999969482422,38.56999969482422,38.52000045776367,38.52000045776367,813,0.0,0.0
2024-10-28 12:55:00-04:00,38.5099983215332,38.54499816894531,38.5099983215332,38.52000045776367,2687,0.0,0.0
2024-10-28 13:00:00-04:00,38.52000045776367,38.52000045776367,38.52000045776367,38.52000045776367,109,0.0,0.0
2024-10-28 13:05:00-04:00,38.500099182128906,38.58000183105469,38.5,38.53499984741211,3416,0.0,0.0
2024-10-28 13:10:00-04:00,38.66999816894531,38.66999816894531,38.65999984741211,38.65999984741211,619,0.0,0.0
2024-10-28 13:15:00-04:00,38.59000015258789,38.59000015258789,38.59000015258789,38.59000015258789,521,0.0,0.0
2024-10-28 13:20:00-04:00,38.54999923706055,38.54999923706055,38.54999923706055,38.54999923706055,532,0.0,0.0
2024-10-28 13:25:00-04:00,38.595001220703125,38.595001220703125,38.595001220703125,38.595001220703125,574,0.0,0.0
2024-10-28 13:30:00-04:00,38.55160140991211,38.55160140991211,38.55160140991211,38.55160140991211,683,0.0,0.0
2024-10-28 13:35:00-04:00,38.595001220703125,38.595001220703125,38.595001220703125,38.595001220703125,800,0.0,0.0
2024-10-28 13:45:00-04:00,38.564998626708984,38.564998626708984,38.5625,38.5625,415,0.0,0.0
2024-10-28 13:50:00-04:00,38.584999084472656,38.584999084472656,38.584999084472656,38.584999084472656,368,0.0,0.0
2024-10-28 14:05:00-04:00,38.619998931884766,38.619998931884766,38.540000915527344,38.54999923706055,3092,0.0,0.0
2024-10-28 14:10:00-04:00,38.52000045776367,38.52000045776367,38.52000045776367,38.52000045776367,514,0.0,0.0
2024-10-28 14:20:00-04:00,38.5099983215332,38.599998474121094,38.4900016784668,38.599998474121094,11830,0.0,0.0
2024-10-28 14:25:00-04:00,38.6150016784668,38.6150016784668,38.599998474121094,38.599998474121094,422,0.0,0.0
2024-10-28 14:30:00-04:00,38.599998474121094,38.599998474121094,38.599998474121094,38.599998474121094,719,0.0,0.0
2024-10-28 14:40:00-04:00,38.54999923706055,38.61000061035156,38.54999923706055,38.61000061035156,1572,0.0,0.0
2024-10-28 14:45:00-04:00,38.630001068115234,38.630001068115234,38.630001068115234,38.630001068115234,342,0.0,0.0
2024-10-28 14:50:00-04:00,38.6349983215332,38.6349983215332,38.560001373291016,38.560001373291016,601,0.0,0.0
2024-10-28 14:55:00-04:00,38.540000915527344,38.59000015258789,38.540000915527344,38.59000015258789,384,0.0,0.0
2024-10-28 15:05:00-04:00,38.619998931884766,38.619998931884766,38.57500076293945,38.57500076293945,576,0.0,0.0
2024-10-28 15:10:00-04:00,38.540000915527344,38.540000915527344,38.540000915527344,38.540000915527344,201,0.0,0.0
2024-10-28 15:15:00-04:00,38.540000915527344,38.540000915527344,38.529998779296875,38.529998779296875,675,0.0,0.0
2024-10-28 15:20:00-04:00,38.584999084472656,38.61000061035156,38.584999084472656,38.61000061035156,686,0.0,0.0
2024-10-28 15:25:00-04:00,38.630001068115234,38.630001068115234,38.560001373291016,38.560001373291016,2657,0.0,0.0
2024-10-28 15:30:00-04:00,38.584999084472656,38.584999084472656,38.560001373291016,38.560001373291016,472,0.0,0.0
2024-10-28 15:35:00-04:00,38.60540008544922,38.61000061035156,38.584999084472656,38.61000061035156,3473,0.0,0.0
2024-10-28 15:40:00-04:00,38.61000061035156,38.61000061035156,38.61000061035156,38.61000061035156,379,0.0,0.0
2024-10-28 15:45:00-04:00,38.599998474121094,38.630001068115234,38.560001373291016,38.560001373291016,2474,0.0,0.0
2024-10-28 15:50:00-04:00,38.54999923706055,38.58000183105469,38.529998779296875,38.529998779296875,2544,0.0,0.0
2024-10-28 15:55:00-04:00,38.529998779296875,38.560001373291016,38.470001220703125,38.470001220703125,13331,0.0,0.0
2024-10-29 09:30:00-04:00,38.54999923706055,38.599998474121094,38.5,38.5,3660,0.0,0.0
2024-10-29 09:35:00-04:00,38.64619827270508,38.64619827270508,38.584999084472656,38.584999084472656,661,0.0,0.0
2024-10-29 09:40:00-04:00,38.45920181274414,38.45920181274414,38.45920181274414,38.45920181274414,471,0.0,0.0
2024-10-29 09:45:00-04:00,38.64739990234375,38.64739990234375,38.599998474121094,38.599998474121094,599,0.0,0.0
2024-10-29 09:50:00-04:00,38.720001220703125,38.720001220703125,38.720001220703125,38.720001220703125,391,0.0,0.0
2024-10-29 09:55:00-04:00,38.709999084472656,38.709999084472656,38.709999084472656,38.709999084472656,202,0.0,0.0
2024-10-29 10:00:00-04:00,38.662601470947266,38.662601470947266,38.595001220703125,38.595001220703125,1391,0.0,0.0
2024-10-29 10:05:00-04:00,38.5099983215332,38.72159957885742,38.5099983215332,38.6150016784668,1034,0.0,0.0
2024-10-29 10:10:00-04:00,38.6150016784668,38.6150016784668,38.529998779296875,38.529998779296875,1059,0.0,0.0
2024-10-29 10:15:00-04:00,38.599998474121094,38.599998474121094,38.58000183105469,38.58000183105469,254,0.0,0.0
2024-10-29 10:20:00-04:00,38.66999816894531,38.68000030517578,38.630001068115234,38.630001068115234,2647,0.0,0.0
2024-10-29 10:25:00-04:00,38.7598991394043,38.7599983215332,38.7598991394043,38.7599983215332,1039,0.0,0.0
2024-10-29 10:35:00-04:00,38.7400016784668,38.79999923706055,38.70249938964844,38.75,2726,0.0,0.0
2024-10-29 10:40:00-04:00,38.744998931884766,38.744998931884766,38.6879997253418,38.6879997253418,788,0.0,0.0
2024-10-29 10:45:00-04:00,38.75,38.75,38.660099029541016,38.66999816894531,893,0.0,0.0
2024-10-29 10:50:00-04:00,38.744998931884766,38.744998931884766,38.744998931884766,38.744998931884766,283,0.0,0.0
2024-10-29 10:55:00-04:00,38.689998626708984,38.689998626708984,38.689998626708984,38.689998626708984,158,0.0,0.0
2024-10-29 11:00:00-04:00,38.73500061035156,38.73500061035156,38.66999816894531,38.66999816894531,546,0.0,0.0
2024-10-29 11:05:00-04:00,38.70000076293945,38.70000076293945,38.70000076293945,38.70000076293945,698,0.0,0.0
2024-10-29 11:15:00-04:00,38.599998474121094,38.599998474121094,38.599998474121094,38.599998474121094,395,0.0,0.0
2024-10-29 11:25:00-04:00,38.52000045776367,38.560001373291016,38.301700592041016,38.301700592041016,6111,0.0,0.0
2024-10-29 11:30:00-04:00,38.459999084472656,38.459999084472656,38.310001373291016,38.310001373291016,843,0.0,0.0
2024-10-29 11:40:00-04:00,38.380001068115234,38.39500045776367,38.27149963378906,38.290000915527344,2003,0.0,0.0
2024-10-29 11:45:00-04:00,38.279998779296875,38.279998779296875,38.279998779296875,38.279998779296875,1081,0.0,0.0
2024-10-29 12:00:00-04:00,38.349998474121094,38.349998474121094,38.349998474121094,38.349998474121094,1297,0.0,0.0
2024-10-29 12:10:00-04:00,38.290000915527344,38.290000915527344,38.20000076293945,38.20000076293945,5268,0.0,0.0
2024-10-29 12:15:00-04:00,38.25,38.25,38.20000076293945,38.220001220703125,3638,0.0,0.0
2024-10-29 12:20:00-04:00,38.209999084472656,38.209999084472656,38.16999816894531,38.16999816894531,846,0.0,0.0
2024-10-29 12:25:00-04:00,38.189998626708984,38.189998626708984,38.189998626708984,38.189998626708984,346,0.0,0.0
2024-10-29 12:30:00-04:00,38.189998626708984,38.22999954223633,38.18000030517578,38.18000030517578,649,0.0,0.0
2024-10-29 12:35:00-04:00,38.16600036621094,38.20500183105469,38.150001525878906,38.20500183105469,2107,0.0,0.0
2024-10-29 12:40:00-04:00,38.20000076293945,38.209999084472656,38.150001525878906,38.18000030517578,2174,0.0,0.0
2024-10-29 12:45:00-04:00,38.189998626708984,38.21849822998047,38.150001525878906,38.18000030517578,3626,0.0,0.0
2024-10-29 12:50:00-04:00,38.285099029541016,38.29999923706055,38.285099029541016,38.29999923706055,1291,0.0,0.0
2024-10-29 13:00:00-04:00,38.220001220703125,38.220001220703125,38.220001220703125,38.220001220703125,187,0.0,0.0
2024-10-29 13:05:00-04:00,38.244998931884766,38.244998931884766,38.20000076293945,38.20000076293945,1386,0.0,0.0
2024-10-29 13:10:00-04:00,38.224998474121094,38.290000915527344,38.16999816894531,38.244998931884766,3761,0.0,0.0
2024-10-29 13:15:00-04:00,38.20000076293945,38.20000076293945,38.20000076293945,38.20000076293945,1520,0.0,0.0
2024-10-29 13:20:00-04:00,38.24689865112305,38.24689865112305,38.22999954223633,38.22999954223633,2438,0.0,0.0
2024-10-29 13:25:00-04:00,38.20000076293945,38.22999954223633,38.20000076293945,38.22999954223633,1261,0.0,0.0
2024-10-29 13:30:00-04:00,38.220001220703125,38.302799224853516,38.220001220703125,38.22999954223633,2357,0.0,0.0
2024-10-29 13:35:00-04:00,38.2400016784668,38.25,38.20000076293945,38.209999084472656,1985,0.0,0.0
2024-10-29 13:45:00-04:00,38.244998931884766,38.244998931884766,38.244998931884766,38.244998931884766,116,0.0,0.0
2024-10-29 13:50:00-04:00,38.18000030517578,38.310001373291016,38.18000030517578,38.310001373291016,522,0.0,0.0
2024-10-29 13:55:00-04:00,38.189998626708984,38.189998626708984,38.189998626708984,38.189998626708984,495,0.0,0.0
2024-10-29 14:10:00-04:00,38.290000915527344,38.310001373291016,38.290000915527344,38.310001373291016,2027,0.0,0.0
2024-10-29 14:20:00-04:00,38.310001373291016,38.37519836425781,38.310001373291016,38.37519836425781,1010,0.0,0.0
2024-10-29 14:25:00-04:00,38.380001068115234,38.380001068115234,38.2599983215332,38.35380172729492,5019,0.0,0.0
2024-10-29 14:30:00-04:00,38.334999084472656,38.36000061035156,38.334999084472656,38.36000061035156,329,0.0,0.0
2024-10-29 14:35:00-04:00,38.310001373291016,38.36000061035156,38.310001373291016,38.314998626708984,2001,0.0,0.0
2024-10-29 14:40:00-04:00,38.310001373291016,38.310001373291016,38.310001373291016,38.310001373291016,274,0.0,0.0
2024-10-29 14:45:00-04:00,38.34000015258789,38.34000015258789,38.27000045776367,38.27000045776367,3743,0.0,0.0
2024-10-29 14:50:00-04:00,38.27000045776367,38.310001373291016,38.27000045776367,38.290000915527344,2066,0.0,0.0
2024-10-29 14:55:00-04:00,38.320499420166016,38.320499420166016,38.320499420166016,38.320499420166016,642,0.0,0.0
2024-10-29 15:00:00-04:00,38.25,38.31999969482422,38.25,38.310001373291016,3229,0.0,0.0
2024-10-29 15:05:00-04:00,38.26499938964844,38.26499938964844,38.26499938964844,38.26499938964844,533,0.0,0.0
2024-10-29 15:10:00-04:00,38.220001220703125,38.27000045776367,38.209999084472656,38.27000045776367,2391,0.0,0.0
2024-10-29 15:15:00-04:00,38.2400016784668,38.27000045776367,38.209999084472656,38.255001068115234,2371,0.0,0.0
2024-10-29 15:20:00-04:00,38.255001068115234,38.255001068115234,38.209999084472656,38.21500015258789,5499,0.0,0.0
2024-10-29 15:25:00-04:00,38.21500015258789,38.21500015258789,38.21500015258789,38.21500015258789,430,0.0,0.0
2024-10-29 15:30:00-04:00,38.20000076293945,38.227699279785156,38.189998626708984,38.227699279785156,1766,0.0,0.0
2024-10-29 15:35:00-04:00,38.220001220703125,38.220001220703125,38.150001525878906,38.150001525878906,2323,0.0,0.0
2024-10-29 15:40:00-04:00,38.150001525878906,38.17649841308594,38.150001525878906,38.17499923706055,1426,0.0,0.0
2024-10-29 15:45:00-04:00,38.150001525878906,38.150001525878906,38.06999969482422,38.1150016784668,2196,0.0,0.0
2024-10-29 15:50:00-04:00,38.04999923706055,38.150001525878906,38.04999923706055,38.119998931884766,7922,0.0,0.0
2024-10-29 15:55:00-04:00,38.099998474121094,38.099998474121094,38.0,38.0,12630,0.0,0.0
2024-10-30 09:30:00-04:00,38.650001525878906,38.650001525878906,38.31999969482422,38.53499984741211,4976,0.0,0.0
2024-10-30 09:35:00-04:00,38.53499984741211,38.650001525878906,38.47999954223633,38.47999954223633,3138,0.0,0.0
2024-10-30 09:45:00-04:00,38.33000183105469,38.52000045776367,38.31999969482422,38.52000045776367,811,0.0,0.0
2024-10-30 09:50:00-04:00,38.52000045776367,38.62649917602539,38.41999816894531,38.62649917602539,1012,0.0,0.0
2024-10-30 09:55:00-04:00,38.52000045776367,38.52000045776367,38.52000045776367,38.52000045776367,548,0.0,0.0
2024-10-30 10:00:00-04:00,38.567901611328125,38.567901611328125,38.567901611328125,38.567901611328125,1314,0.0,0.0
2024-10-30 10:05:00-04:00,38.46900177001953,38.46900177001953,38.46900177001953,38.46900177001953,1041,0.0,0.0
2024-10-30 10:10:00-04:00,38.51499938964844,38.53519821166992,38.470001220703125,38.505001068115234,1106,0.0,0.0
2024-10-30 10:15:00-04:00,38.505001068115234,38.6078987121582,38.505001068115234,38.6078987121582,549,0.0,0.0
2024-10-30 10:20:00-04:00,38.505001068115234,38.54999923706055,38.505001068115234,38.54999923706055,1294,0.0,0.0
2024-10-30 10:25:00-04:00,38.505001068115234,38.505001068115234,38.400001525878906,38.400001525878906,819,0.0,0.0
2024-10-30 10:30:00-04:00,38.4900016784668,38.4900016784668,38.4900016784668,38.4900016784668,623,0.0,0.0
2024-10-30 10:35:00-04:00,38.5,38.5,38.494998931884766,38.494998931884766,456,0.0,0.0
2024-10-30 10:40:00-04:00,38.549800872802734,38.56990051269531,38.549800872802734,38.56990051269531,813,0.0,0.0
2024-10-30 10:50:00-04:00,38.474998474121094,38.548500061035156,38.40999984741211,38.45000076293945,1932,0.0,0.0
2024-10-30 10:55:00-04:00,38.45000076293945,38.4900016784668,38.45000076293945,38.470001220703125,1018,0.0,0.0
2024-10-30 11:00:00-04:00,38.439998626708984,38.47999954223633,38.43000030517578,38.47999954223633,2084,0.0,0.0
2024-10-30 11:05:00-04:00,38.40010070800781,38.45000076293945,38.40010070800781,38.45000076293945,507,0.0,0.0
2024-10-30 11:10:00-04:00,38.5,38.51499938964844,38.459999084472656,38.5,2345,0.0,0.0
2024-10-30 11:15:00-04:00,38.53499984741211,38.53499984741211,38.53499984741211,38.53499984741211,374,0.0,0.0
2024-10-30 11:25:00-04:00,38.54999923706055,38.560001373291016,38.5099983215332,38.5099983215332,1543,0.0,0.0
2024-10-30 11:30:00-04:00,38.65909957885742,38.66999816894531,38.650001525878906,38.66999816894531,3464,0.0,0.0
2024-10-30 11:35:00-04:00,38.66999816894531,38.720001220703125,38.65999984741211,38.689998626708984,3293,0.0,0.0
2024-10-30 11:40:00-04:00,38.58000183105469,38.672401428222656,38.54499816894531,38.54999923706055,2858,0.0,0.0
2024-10-30 11:45:00-04:00,38.56999969482422,38.56999969482422,38.56999969482422,38.56999969482422,860,0.0,0.0
2024-10-30 11:50:00-04:00,38.470001220703125,38.470001220703125,38.45500183105469,38.470001220703125,666,0.0,0.0
2024-10-30 11:55:00-04:00,38.56999969482422,38.56999969482422,38.56999969482422,38.56999969482422,269,0.0,0.0
2024-10-30 12:00:00-04:00,38.470001220703125,38.470001220703125,38.470001220703125,38.470001220703125,207,0.0,0.0
2024-10-30 12:05:00-04:00,38.599998474121094,38.599998474121094,38.470001220703125,38.55500030517578,405,0.0,0.0
2024-10-30 12:10:00-04:00,38.470001220703125,38.59920120239258,38.470001220703125,38.59920120239258,357,0.0,0.0
2024-10-30 12:15:00-04:00,38.599998474121094,38.599998474121094,38.459999084472656,38.459999084472656,707,0.0,0.0
2024-10-30 12:20:00-04:00,38.45000076293945,38.540000915527344,38.45000076293945,38.540000915527344,380,0.0,0.0
2024-10-30 12:25:00-04:00,38.5,38.56990051269531,38.5,38.50419998168945,3064,0.0,0.0
2024-10-30 12:30:00-04:00,38.439998626708984,38.55820083618164,38.439998626708984,38.55820083618164,2025,0.0,0.0
2024-10-30 12:35:00-04:00,38.43000030517578,38.43000030517578,38.43000030517578,38.43000030517578,103,0.0,0.0
2024-10-30 12:40:00-04:00,38.47999954223633,38.52000045776367,38.41999816894531,38.435001373291016,2129,0.0,0.0
2024-10-30 12:45:00-04:00,38.45000076293945,38.459999084472656,38.45000076293945,38.45500183105469,909,0.0,0.0
2024-10-30 12:50:00-04:00,38.45500183105469,38.4900016784668,38.45500183105469,38.4900016784668,692,0.0,0.0
2024-10-30 13:00:00-04:00,38.45000076293945,38.459999084472656,38.400001525878906,38.400001525878906,2217,0.0,0.0
2024-10-30 13:05:00-04:00,38.41999816894531,38.41999816894531,38.3650016784668,38.3650016784668,2002,0.0,0.0
2024-10-30 13:15:00-04:00,38.380001068115234,38.380001068115234,38.349998474121094,38.349998474121094,964,0.0,0.0
2024-10-30 13:25:00-04:00,38.36579895019531,38.369998931884766,38.36579895019531,38.369998931884766,987,0.0,0.0
2024-10-30 13:30:00-04:00,38.34000015258789,38.369998931884766,38.34000015258789,38.349998474121094,919,0.0,0.0
2024-10-30 13:35:00-04:00,38.36429977416992,38.400001525878906,38.36429977416992,38.400001525878906,408,0.0,0.0
2024-10-30 13:40:00-04:00,38.40999984741211,38.435001373291016,38.40999984741211,38.435001373291016,1048,0.0,0.0
2024-10-30 13:45:00-04:00,38.400001525878906,38.400001525878906,38.400001525878906,38.400001525878906,121,0.0,0.0
2024-10-30 13:50:00-04:00,38.400001525878906,38.42900085449219,38.38999938964844,38.42900085449219,1165,0.0,0.0
2024-10-30 13:55:00-04:00,38.36000061035156,38.3650016784668,38.36000061035156,38.3650016784668,1293,0.0,0.0
2024-10-30 14:05:00-04:00,38.36000061035156,38.43000030517578,38.36000061035156,38.43000030517578,1586,0.0,0.0
2024-10-30 14:10:00-04:00,38.42890167236328,38.42890167236328,38.42499923706055,38.42499923706055,636,0.0,0.0
2024-10-30 14:25:00-04:00,38.36000061035156,38.40999984741211,38.36000061035156,38.40999984741211,736,0.0,0.0
2024-10-30 14:30:00-04:00,38.369998931884766,38.40999984741211,38.369998931884766,38.369998931884766,1121,0.0,0.0
2024-10-30 14:35:00-04:00,38.43000030517578,38.43000030517578,38.40999984741211,38.40999984741211,527,0.0,0.0
2024-10-30 14:40:00-04:00,38.400001525878906,38.400001525878906,38.400001525878906,38.400001525878906,555,0.0,0.0
2024-10-30 14:45:00-04:00,38.36000061035156,38.415000915527344,38.36000061035156,38.415000915527344,6603,0.0,0.0
2024-10-30 14:50:00-04:00,38.415000915527344,38.42499923706055,38.415000915527344,38.42499923706055,357,0.0,0.0
2024-10-30 14:55:00-04:00,38.40999984741211,38.45000076293945,38.40999984741211,38.45000076293945,832,0.0,0.0
2024-10-30 15:00:00-04:00,38.40999984741211,38.435001373291016,38.40999984741211,38.435001373291016,561,0.0,0.0
2024-10-30 15:05:00-04:00,38.45000076293945,38.45000076293945,38.45000076293945,38.45000076293945,396,0.0,0.0
2024-10-30 15:10:00-04:00,38.439998626708984,38.439998626708984,38.439998626708984,38.439998626708984,154,0.0,0.0
2024-10-30 15:15:00-04:00,38.470001220703125,38.47999954223633,38.439998626708984,38.47999954223633,2793,0.0,0.0
2024-10-30 15:20:00-04:00,38.470001220703125,38.4900016784668,38.46009826660156,38.4900016784668,958,0.0,0.0
2024-10-30 15:25:00-04:00,38.52000045776367,38.52000045776367,38.52000045776367,38.52000045776367,201,0.0,0.0
2024-10-30 15:30:00-04:00,38.5,38.59989929199219,38.49760055541992,38.59989929199219,1172,0.0,0.0
2024-10-30 15:35:00-04:00,38.58000183105469,38.58000183105469,38.525001525878906,38.525001525878906,1996,0.0,0.0
2024-10-30 15:45:00-04:00,38.54499816894531,38.564998626708984,38.5099983215332,38.5099983215332,1062,0.0,0.0
2024-10-30 15:50:00-04:00,38.5099983215332,38.525001525878906,38.470001220703125,38.470001220703125,2446,0.0,0.0
2024-10-30 15:55:00-04:00,38.470001220703125,38.540000915527344,38.45500183105469,38.459999084472656,3614,0.0,0.0
2024-10-31 09:30:00-04:00,38.70000076293945,38.70000076293945,38.650001525878906,38.650001525878906,6685,0.0,0.0
2024-10-31 09:40:00-04:00,38.65999984741211,38.6776008605957,38.65999984741211,38.6776008605957,519,0.0,0.0
2024-10-31 09:45:00-04:00,38.709999084472656,38.709999084472656,38.650001525878906,38.650001525878906,2877,0.0,0.0
2024-10-31 09:50:00-04:00,38.59000015258789,38.61750030517578,38.400001525878906,38.44499969482422,2404,0.0,0.0
2024-10-31 09:55:00-04:00,38.4900016784668,38.75,38.45000076293945,38.45000076293945,3638,0.0,0.0
2024-10-31 10:00:00-04:00,38.61370086669922,38.61370086669922,38.61370086669922,38.61370086669922,130,0.0,0.0
2024-10-31 10:05:00-04:00,38.60499954223633,38.60499954223633,38.60499954223633,38.60499954223633,365,0.0,0.0
2024-10-31 10:10:00-04:00,38.60499954223633,38.720001220703125,38.60499954223633,38.60499954223633,1242,0.0,0.0
2024-10-31 10:15:00-04:00,38.56999969482422,38.68000030517578,38.52000045776367,38.540000915527344,4448,0.0,0.0
2024-10-31 10:20:00-04:00,38.6150016784668,38.6150016784668,38.6150016784668,38.6150016784668,220,0.0,0.0
2024-10-31 10:25:00-04:00,38.54499816894531,38.70000076293945,38.480098724365234,38.54999923706055,1065,0.0,0.0
2024-10-31 10:30:00-04:00,38.5099983215332,38.630001068115234,38.5099983215332,38.58000183105469,938,0.0,0.0
2024-10-31 10:35:00-04:00,38.50419998168945,38.61000061035156,38.50419998168945,38.57500076293945,1687,0.0,0.0
2024-10-31 10:40:00-04:00,38.5099983215332,38.5099983215332,38.47999954223633,38.499000549316406,2708,0.0,0.0
2024-10-31 10:45:00-04:00,38.45000076293945,38.45000076293945,38.45000076293945,38.45000076293945,904,0.0,0.0
2024-10-31 10:50:00-04:00,38.46760177612305,38.46760177612305,38.46760177612305,38.46760177612305,552,0.0,0.0
2024-10-31 10:55:00-04:00,38.41999816894531,38.5,38.41999816894531,38.5,627,0.0,0.0
2024-10-31 11:00:00-04:00,38.400001525878906,38.400001525878906,38.380001068115234,38.39500045776367,1329,0.0,0.0
2024-10-31 11:05:00-04:00,38.326499938964844,38.40999984741211,38.326499938964844,38.40999984741211,1097,0.0,0.0
2024-10-31 11:10:00-04:00,38.349998474121094,38.439998626708984,38.310001373291016,38.439998626708984,5805,0.0,0.0
2024-10-31 11:15:00-04:00,38.3827018737793,38.439998626708984,38.310001373291016,38.310001373291016,2971,0.0,0.0
2024-10-31 11:20:00-04:00,38.45000076293945,38.5099983215332,38.439998626708984,38.5,863,0.0,0.0
2024-10-31 11:25:00-04:00,38.44499969482422,38.5099983215332,38.44499969482422,38.5099983215332,411,0.0,0.0
2024-10-31 11:30:00-04:00,38.52000045776367,38.52000045776367,38.5,38.5,265,0.0,0.0
2024-10-31 11:35:00-04:00,38.52000045776367,38.52000045776367,38.46260070800781,38.52000045776367,1396,0.0,0.0
2024-10-31 11:40:00-04:00,38.5099983215332,38.52000045776367,38.5099983215332,38.52000045776367,334,0.0,0.0
2024-10-31 11:45:00-04:00,38.52000045776367,38.529998779296875,38.459999084472656,38.52000045776367,1183,0.0,0.0
2024-10-31 11:50:00-04:00,38.459999084472656,38.529998779296875,38.459999084472656,38.52989959716797,1300,0.0,0.0
2024-10-31 11:55:00-04:00,38.5099983215332,38.529998779296875,38.40999984741211,38.529998779296875,2713,0.0,0.0
2024-10-31 12:00:00-04:00,38.5099983215332,38.5177001953125,38.5,38.5177001953125,558,0.0,0.0
2024-10-31 12:05:00-04:00,38.52000045776367,38.52000045776367,38.46500015258789,38.46500015258789,781,0.0,0.0
2024-10-31 12:10:00-04:00,38.52000045776367,38.52000045776367,38.5099983215332,38.52000045776367,609,0.0,0.0
2024-10-31 12:15:00-04:00,38.52000045776367,38.560001373291016,38.494998931884766,38.560001373291016,1865,0.0,0.0
2024-10-31 12:20:00-04:00,38.58000183105469,38.61000061035156,38.58000183105469,38.61000061035156,984,0.0,0.0
2024-10-31 12:25:00-04:00,38.529998779296875,38.70000076293945,38.529998779296875,38.70000076293945,1498,0.0,0.0
2024-10-31 12:30:00-04:00,38.72999954223633,38.72999954223633,38.56999969482422,38.56999969482422,9775,0.0,0.0
2024-10-31 12:35:00-04:00,38.52000045776367,38.59000015258789,38.5099983215332,38.59000015258789,1697,0.0,0.0
2024-10-31 12:45:00-04:00,38.709999084472656,38.709999084472656,38.650001525878906,38.650001525878906,968,0.0,0.0
2024-10-31 12:50:00-04:00,38.72999954223633,38.72999954223633,38.72999954223633,38.72999954223633,603,0.0,0.0
2024-10-31 12:55:00-04:00,38.7400016784668,38.7400016784668,38.7400016784668,38.7400016784668,302,0.0,0.0
2024-10-31 13:00:00-04:00,38.75,38.75,38.68000030517578,38.68000030517578,1177,0.0,0.0
2024-10-31 13:05:00-04:00,38.65999984741211,38.68000030517578,38.635101318359375,38.68000030517578,2739,0.0,0.0
2024-10-31 13:10:00-04:00,38.672298431396484,38.720001220703125,38.63010025024414,38.709999084472656,1500,0.0,0.0
2024-10-31 13:15:00-04:00,38.70000076293945,38.709999084472656,38.68000030517578,38.68000030517578,2157,0.0,0.0
2024-10-31 13:25:00-04:00,38.720001220703125,38.720001220703125,38.720001220703125,38.720001220703125,207,0.0,0.0
2024-10-31 13:30:00-04:00,38.70000076293945,38.77000045776367,38.70000076293945,38.77000045776367,1615,0.0,0.0
2024-10-31 13:35:00-04:00,38.77000045776367,38.77000045776367,38.66999816894531,38.709999084472656,2930,0.0,0.0
2024-10-31 13:40:00-04:00,38.68000030517578,38.75,38.66809844970703,38.70000076293945,1770,0.0,0.0
2024-10-31 13:45:00-04:00,38.70000076293945,38.7400016784668,38.660099029541016,38.7400016784668,1433,0.0,0.0
2024-10-31 13:50:00-04:00,38.67150115966797,38.7400016784668,38.65999984741211,38.7400016784668,3290,0.0,0.0
2024-10-31 13:55:00-04:00,38.74959945678711,38.75,38.650001525878906,38.654998779296875,4941,0.0,0.0
2024-10-31 14:05:00-04:00,38.70000076293945,38.70000076293945,38.70000076293945,38.70000076293945,526,0.0,0.0
2024-10-31 14:10:00-04:00,38.65999984741211,38.65999984741211,38.65999984741211,38.65999984741211,905,0.0,0.0
2024-10-31 14:15:00-04:00,38.65999984741211,38.65999984741211,38.654998779296875,38.654998779296875,708,0.0,0.0
2024-10-31 14:20:00-04:00,38.68000030517578,38.69499969482422,38.68000030517578,38.68000030517578,866,0.0,0.0
2024-10-31 14:25:00-04:00,38.709999084472656,38.709999084472656,38.689998626708984,38.689998626708984,1905,0.0,0.0
2024-10-31 14:30:00-04:00,38.72999954223633,38.75,38.69499969482422,38.75,1680,0.0,0.0
2024-10-31 14:35:00-04:00,38.73500061035156,38.79999923706055,38.73500061035156,38.79999923706055,998,0.0,0.0
2024-10-31 14:40:00-04:00,38.76499938964844,38.79999923706055,38.76499938964844,38.779998779296875,770,0.0,0.0
2024-10-31 14:45:00-04:00,38.779998779296875,38.779998779296875,38.76499938964844,38.76499938964844,1315,0.0,0.0
2024-10-31 14:50:00-04:00,38.790000915527344,38.790000915527344,38.7599983215332,38.7599983215332,1321,0.0,0.0
2024-10-31 14:55:00-04:00,38.736000061035156,38.810001373291016,38.736000061035156,38.810001373291016,13631,0.0,0.0
2024-10-31 15:00:00-04:00,38.810001373291016,38.93000030517578,38.810001373291016,38.93000030517578,2558,0.0,0.0
2024-10-31 15:05:00-04:00,38.900001525878906,38.900001525878906,38.744998931884766,38.779998779296875,9020,0.0,0.0
2024-10-31 15:10:00-04:00,38.83000183105469,38.83000183105469,38.83000183105469,38.83000183105469,503,0.0,0.0
2024-10-31 15:15:00-04:00,38.79999923706055,38.834999084472656,38.79999923706055,38.810001373291016,1955,0.0,0.0
2024-10-31 15:20:00-04:00,38.810001373291016,38.81999969482422,38.63999938964844,38.650001525878906,6274,0.0,0.0
2024-10-31 15:25:00-04:00,38.61000061035156,38.625,38.560001373291016,38.625,3308,0.0,0.0
2024-10-31 15:30:00-04:00,38.56999969482422,38.56999969482422,38.560001373291016,38.560001373291016,2514,0.0,0.0
2024-10-31 15:35:00-04:00,38.625,38.625,38.560001373291016,38.560001373291016,2246,0.0,0.0
2024-10-31 15:40:00-04:00,38.560001373291016,38.58000183105469,38.560001373291016,38.560001373291016,2216,0.0,0.0
2024-10-31 15:45:00-04:00,38.560001373291016,38.720001220703125,38.5,38.720001220703125,6108,0.0,0.0
2024-10-31 15:50:00-04:00,38.709999084472656,38.790000915527344,38.709999084472656,38.709999084472656,5666,0.0,0.0
2024-10-31 15:55:00-04:00,38.709999084472656,38.71989822387695,38.5,38.50400161743164,18372,0.0,0.0
2024-11-01 09:30:00-04:00,38.90999984741211,39.06999969482422,38.845001220703125,38.845001220703125,4663,0.0,0.0
2024-11-01 09:35:00-04:00,38.900001525878906,39.06999969482422,38.900001525878906,39.0,442,0.0,0.0
2024-11-01 09:40:00-04:00,39.06999969482422,39.06999969482422,38.88999938964844,38.88999938964844,4095,0.0,0.0
2024-11-01 09:45:00-04:00,38.95000076293945,39.22999954223633,38.95000076293945,39.0099983215332,4814,0.0,0.0
2024-11-01 09:50:00-04:00,39.10459899902344,39.10459899902344,38.9900016784668,38.9900016784668,1771,0.0,0.0
2024-11-01 09:55:00-04:00,39.0099983215332,39.099998474121094,38.99420166015625,39.0,928,0.0,0.0
2024-11-01 10:00:00-04:00,39.03499984741211,39.03499984741211,39.0,39.0,327,0.0,0.0
2024-11-01 10:05:00-04:00,39.08000183105469,39.099998474121094,39.08000183105469,39.099998474121094,225,0.0,0.0
2024-11-01 10:10:00-04:00,39.03499984741211,39.15999984741211,38.9900016784668,38.9900016784668,1014,0.0,0.0
2024-11-01 10:15:00-04:00,39.06554412841797,39.099998474121094,39.06554412841797,39.099998474121094,832,0.0,0.0
2024-11-01 10:20:00-04:00,38.9900016784668,38.9900016784668,38.900001525878906,38.900001525878906,640,0.0,0.0
2024-11-01 10:25:00-04:00,38.994998931884766,38.994998931884766,38.900001525878906,38.900001525878906,544,0.0,0.0
2024-11-01 10:30:00-04:00,38.97999954223633,38.97999954223633,38.88999938964844,38.88999938964844,384,0.0,0.0
2024-11-01 10:35:00-04:00,38.970001220703125,39.029998779296875,38.869998931884766,38.869998931884766,1522,0.0,0.0
2024-11-01 10:40:00-04:00,39.029998779296875,39.040000915527344,39.029998779296875,39.040000915527344,342,0.0,0.0
2024-11-01 10:45:00-04:00,38.84000015258789,38.86000061035156,38.79999923706055,38.86000061035156,736,0.0,0.0
2024-11-01 10:50:00-04:00,38.75,38.77000045776367,38.75,38.77000045776367,267,0.0,0.0
2024-11-01 10:55:00-04:00,38.8650016784668,38.8650016784668,38.8650016784668,38.8650016784668,699,0.0,0.0
2024-11-01 11:00:00-04:00,38.7599983215332,38.810001373291016,38.7599983215332,38.810001373291016,836,0.0,0.0
2024-11-01 11:05:00-04:00,38.68000030517578,38.68000030517578,38.68000030517578,38.68000030517578,119,0.0,0.0
2024-11-01 11:10:00-04:00,38.80500030517578,38.80500030517578,38.80500030517578,38.80500030517578,169,0.0,0.0
2024-11-01 11:15:00-04:00,38.68000030517578,38.68000030517578,38.650001525878906,38.665000915527344,1324,0.0,0.0
2024-11-01 11:20:00-04:00,38.66999816894531,38.77000045776367,38.66999816894531,38.77000045776367,1186,0.0,0.0
2024-11-01 11:25:00-04:00,38.7599983215332,38.81999969482422,38.7599983215332,38.775001525878906,2424,0.0,0.0
2024-11-01 11:30:00-04:00,38.81999969482422,38.81999969482422,38.810001373291016,38.810001373291016,737,0.0,0.0
2024-11-01 11:35:00-04:00,38.849998474121094,38.90999984741211,38.849998474121094,38.86000061035156,1074,0.0,0.0
2024-11-01 11:40:00-04:00,38.880001068115234,38.95000076293945,38.880001068115234,38.94990158081055,1830,0.0,0.0
2024-11-01 11:45:00-04:00,38.95000076293945,38.959800720214844,38.90999984741211,38.90999984741211,6961,0.0,0.0
2024-11-01 11:50:00-04:00,38.86000061035156,38.959999084472656,38.86000061035156,38.959999084472656,543,0.0,0.0
2024-11-01 11:55:00-04:00,38.959999084472656,38.959999084472656,38.900001525878906,38.900001525878906,1748,0.0,0.0
2024-11-01 12:00:00-04:00,38.939998626708984,38.95000076293945,38.89500045776367,38.91999816894531,4891,0.0,0.0
2024-11-01 12:05:00-04:00,38.95000076293945,38.95000076293945,38.89500045776367,38.91999816894531,685,0.0,0.0
2024-11-01 12:10:00-04:00,38.939998626708984,38.939998626708984,38.939998626708984,38.939998626708984,200,0.0,0.0
2024-11-01 12:15:00-04:00,38.93000030517578,38.97999954223633,38.904998779296875,38.904998779296875,1939,0.0,0.0
2024-11-01 12:20:00-04:00,38.841400146484375,38.970001220703125,38.841400146484375,38.970001220703125,692,0.0,0.0
2024-11-01 12:25:00-04:00,38.970001220703125,38.970001220703125,38.86000061035156,38.86000061035156,379,0.0,0.0
2024-11-01 12:30:00-04:00,38.86000061035156,38.86000061035156,38.86000061035156,38.86000061035156,594,0.0,0.0
2024-11-01 12:35:00-04:00,38.900001525878906,38.904998779296875,38.900001525878906,38.904998779296875,428,0.0,0.0
2024-11-01 12:40:00-04:00,38.84000015258789,38.84000015258789,38.79999923706055,38.79999923706055,3611,0.0,0.0
2024-11-01 12:45:00-04:00,38.790000915527344,38.814998626708984,38.78499984741211,38.814998626708984,710,0.0,0.0
2024-11-01 12:50:00-04:00,38.83000183105469,38.83000183105469,38.83000183105469,38.83000183105469,742,0.0,0.0
2024-11-01 12:55:00-04:00,38.79999923706055,38.810001373291016,38.779998779296875,38.810001373291016,787,0.0,0.0
2024-11-01 13:00:00-04:00,38.86989974975586,38.86989974975586,38.75,38.7599983215332,982,0.0,0.0
2024-11-01 13:05:00-04:00,38.86000061035156,38.86000061035156,38.86000061035156,38.86000061035156,414,0.0,0.0
2024-11-01 13:15:00-04:00,38.80500030517578,38.80500030517578,38.80500030517578,38.80500030517578,474,0.0,0.0
2024-11-01 13:20:00-04:00,38.7599983215332,38.7599983215332,38.7599983215332,38.7599983215332,213,0.0,0.0
2024-11-01 13:25:00-04:00,38.84000015258789,38.84000015258789,38.7599983215332,38.7599983215332,460,0.0,0.0
2024-11-01 13:30:00-04:00,38.75,38.78710174560547,38.75,38.75,1173,0.0,0.0
2024-11-01 13:35:00-04:00,38.78499984741211,38.869998931884766,38.75,38.81999969482422,4457,0.0,0.0
2024-11-01 13:40:00-04:00,38.790000915527344,38.85499954223633,38.790000915527344,38.85499954223633,302,0.0,0.0
2024-11-01 13:45:00-04:00,38.85049819946289,38.85049819946289,38.779998779296875,38.790000915527344,6300,0.0,0.0
2024-11-01 13:55:00-04:00,38.814998626708984,38.86989974975586,38.814998626708984,38.81999969482422,1081,0.0,0.0
2024-11-01 14:00:00-04:00,38.869998931884766,38.88999938964844,38.869998931884766,38.88999938964844,570,0.0,0.0
2024-11-01 14:05:00-04:00,38.900001525878906,38.900001525878906,38.834999084472656,38.849998474121094,962,0.0,0.0
2024-11-01 14:10:00-04:00,38.880001068115234,38.90999984741211,38.880001068115234,38.90999984741211,424,0.0,0.0
2024-11-01 14:15:00-04:00,38.849998474121094,38.91999816894531,38.849998474121094,38.91999816894531,1521,0.0,0.0
2024-11-01 14:20:00-04:00,38.835201263427734,38.91999816894531,38.83000183105469,38.90999984741211,1097,0.0,0.0
2024-11-01 14:25:00-04:00,38.90999984741211,38.90999984741211,38.834999084472656,38.90999984741211,7374,0.0,0.0
2024-11-01 14:30:00-04:00,38.939998626708984,38.939998626708984,38.939998626708984,38.939998626708984,204,0.0,0.0
2024-11-01 14:35:00-04:00,38.93000030517578,38.97999954223633,38.93000030517578,38.95000076293945,463,0.0,0.0
2024-11-01 14:40:00-04:00,38.94499969482422,39.0099983215332,38.94499969482422,39.0,2003,0.0,0.0
2024-11-01 14:45:00-04:00,39.01449966430664,39.060001373291016,38.939998626708984,39.0,1908,0.0,0.0
2024-11-01 14:50:00-04:00,38.994998931884766,39.04999923706055,38.935001373291016,39.0,2269,0.0,0.0
2024-11-01 14:55:00-04:00,39.060001373291016,39.06999969482422,38.941200256347656,39.005001068115234,2007,0.0,0.0
2024-11-01 15:00:00-04:00,39.060001373291016,39.06999969482422,38.97650146484375,39.04999923706055,2157,0.0,0.0
2024-11-01 15:05:00-04:00,39.029998779296875,39.029998779296875,39.029998779296875,39.029998779296875,307,0.0,0.0
2024-11-01 15:10:00-04:00,39.04999923706055,39.04999923706055,38.95000076293945,38.994998931884766,1949,0.0,0.0
2024-11-01 15:15:00-04:00,39.040000915527344,39.040000915527344,38.96500015258789,38.96500015258789,543,0.0,0.0
2024-11-01 15:20:00-04:00,38.9900016784668,38.9900016784668,38.96500015258789,38.9900016784668,1113,0.0,0.0
2024-11-01 15:25:00-04:00,38.939998626708984,38.9900016784668,38.900001525878906,38.900001525878906,4997,0.0,0.0
2024-11-01 15:30:00-04:00,38.849998474121094,38.900001525878906,38.84000015258789,38.880001068115234,1722,0.0,0.0
2024-11-01 15:35:00-04:00,38.869998931884766,38.869998931884766,38.869998931884766,38.869998931884766,100,0.0,0.0
2024-11-01 15:40:00-04:00,38.810001373291016,38.939998626708984,38.810001373291016,38.93000030517578,1943,0.0,0.0
2024-11-01 15:45:00-04:00,38.880001068115234,38.95500183105469,38.880001068115234,38.95500183105469,4811,0.0,0.0
2024-11-01 15:50:00-04:00,38.93000030517578,39.01139831542969,38.93000030517578,38.9900016784668,4903,0.0,0.0
2024-11-01 15:55:00-04:00,38.9900016784668,39.040000915527344,38.91999816894531,38.93000030517578,6105,0.0,0.0
2024-11-04 09:30:00-05:00,39.310001373291016,39.310001373291016,39.21500015258789,39.21500015258789,6741,0.0,0.0
2024-11-04 09:35:00-05:00,39.22489929199219,39.22489929199219,39.22489929199219,39.22489929199219,311,0.0,0.0
2024-11-04 09:40:00-05:00,39.21500015258789,39.380001068115234,39.21500015258789,39.279998779296875,1277,0.0,0.0
2024-11-04 09:45:00-05:00,39.27000045776367,39.29999923706055,39.27000045776367,39.29999923706055,482,0.0,0.0
2024-11-04 09:50:00-05:00,39.400001525878906,39.400001525878906,39.08919906616211,39.21500015258789,4868,0.0,0.0
2024-11-04 09:55:00-05:00,39.12630081176758,39.369998931884766,39.12630081176758,39.369998931884766,637,0.0,0.0
2024-11-04 10:05:00-05:00,39.369998931884766,39.45000076293945,39.29999923706055,39.35499954223633,6088,0.0,0.0
2024-11-04 10:10:00-05:00,39.35499954223633,39.406700134277344,39.35499954223633,39.35499954223633,1670,0.0,0.0
2024-11-04 10:15:00-05:00,39.24319839477539,39.47999954223633,39.24319839477539,39.35499954223633,1378,0.0,0.0
2024-11-04 10:20:00-05:00,39.45920181274414,39.45920181274414,39.369998931884766,39.369998931884766,654,0.0,0.0
2024-11-04 10:25:00-05:00,39.369998931884766,39.369998931884766,39.369998931884766,39.369998931884766,458,0.0,0.0
2024-11-04 10:35:00-05:00,39.2599983215332,39.279998779296875,39.25,39.25,3480,0.0,0.0
2024-11-04 10:45:00-05:00,39.224998474121094,39.2400016784668,39.125,39.125,2620,0.0,0.0
2024-11-04 10:50:00-05:00,39.189998626708984,39.27000045776367,39.189998626708984,39.224998474121094,1654,0.0,0.0
2024-11-04 10:55:00-05:00,39.25,39.310001373291016,39.17499923706055,39.17499923706055,2166,0.0,0.0
2024-11-04 11:00:00-05:00,39.269901275634766,39.269901275634766,39.21419906616211,39.21419906616211,265,0.0,0.0
2024-11-04 11:05:00-05:00,39.25019836425781,39.25019836425781,39.25019836425781,39.25019836425781,254,0.0,0.0
2024-11-04 11:10:00-05:00,39.27000045776367,39.29999923706055,39.224998474121094,39.29999923706055,1295,0.0,0.0
2024-11-04 11:15:00-05:00,39.20000076293945,39.20000076293945,39.20000076293945,39.20000076293945,1351,0.0,0.0
2024-11-04 11:20:00-05:00,39.150001525878906,39.150001525878906,39.14500045776367,39.14500045776367,403,0.0,0.0
2024-11-04 11:25:00-05:00,39.17789840698242,39.17789840698242,39.04999923706055,39.04999923706055,1768,0.0,0.0
2024-11-04 11:35:00-05:00,39.099998474121094,39.099998474121094,39.099998474121094,39.099998474121094,370,0.0,0.0
2024-11-04 11:40:00-05:00,39.099998474121094,39.099998474121094,38.97999954223633,38.994998931884766,2732,0.0,0.0
2024-11-04 11:45:00-05:00,38.96580123901367,38.96580123901367,38.89500045776367,38.89500045776367,1054,0.0,0.0
2024-11-04 11:50:00-05:00,38.85499954223633,38.85499954223633,38.85499954223633,38.85499954223633,233,0.0,0.0
2024-11-04 11:55:00-05:00,38.915000915527344,38.93000030517578,38.915000915527344,38.915000915527344,1582,0.0,0.0
2024-11-04 12:05:00-05:00,38.862998962402344,38.904998779296875,38.862998962402344,38.904998779296875,311,0.0,0.0
2024-11-04 12:10:00-05:00,38.904998779296875,38.904998779296875,38.904998779296875,38.904998779296875,100,0.0,0.0
2024-11-04 12:15:00-05:00,38.904998779296875,38.930198669433594,38.900001525878906,38.900001525878906,1337,0.0,0.0
2024-11-04 12:20:00-05:00,38.900001525878906,38.92259979248047,38.849998474121094,38.900001525878906,752,0.0,0.0
2024-11-04 12:25:00-05:00,38.89500045776367,38.921199798583984,38.89500045776367,38.921199798583984,601,0.0,0.0
2024-11-04 12:30:00-05:00,38.900001525878906,38.939998626708984,38.900001525878906,38.939998626708984,543,0.0,0.0
2024-11-04 12:35:00-05:00,38.95000076293945,39.0099983215332,38.939998626708984,39.00090026855469,1723,0.0,0.0
2024-11-04 12:40:00-05:00,38.900001525878906,38.900001525878906,38.900001525878906,38.900001525878906,210,0.0,0.0
2024-11-04 12:45:00-05:00,38.96500015258789,39.02000045776367,38.96500015258789,38.99580001831055,738,0.0,0.0
2024-11-04 12:50:00-05:00,39.02859878540039,39.02859878540039,39.02859878540039,39.02859878540039,782,0.0,0.0
2024-11-04 12:55:00-05:00,39.0099983215332,39.0099983215332,39.0099983215332,39.0099983215332,247,0.0,0.0
2024-11-04 13:00:00-05:00,38.91999816894531,39.0,38.91999816894531,38.970001220703125,982,0.0,0.0
2024-11-04 13:05:00-05:00,38.93000030517578,39.00979995727539,38.91999816894531,38.91999816894531,2474,0.0,0.0
2024-11-04 13:10:00-05:00,38.959999084472656,38.959999084472656,38.959999084472656,38.959999084472656,184,0.0,0.0
2024-11-04 13:20:00-05:00,38.849998474121094,38.849998474121094,38.849998474121094,38.849998474121094,723,0.0,0.0
2024-11-04 13:25:00-05:00,38.849998474121094,38.849998474121094,38.849998474121094,38.849998474121094,1100,0.0,0.0
2024-11-04 13:30:00-05:00,38.83000183105469,38.83000183105469,38.82500076293945,38.82500076293945,570,0.0,0.0
2024-11-04 13:35:00-05:00,38.81999969482422,38.959999084472656,38.81999969482422,38.88999938964844,1816,0.0,0.0
2024-11-04 13:40:00-05:00,38.93000030517578,38.959999084472656,38.90999984741211,38.959999084472656,986,0.0,0.0
2024-11-04 13:45:00-05:00,38.9900016784668,38.9900016784668,38.9900016784668,38.9900016784668,120,0.0,0.0
2024-11-04 13:50:00-05:00,39.0,39.04999923706055,38.994998931884766,39.04240036010742,2879,0.0,0.0
2024-11-04 13:55:00-05:00,39.0099983215332,39.040000915527344,39.0099983215332,39.040000915527344,1625,0.0,0.0
2024-11-04 14:00:00-05:00,39.05500030517578,39.05500030517578,39.0,39.0,673,0.0,0.0
2024-11-04 14:05:00-05:00,39.04999923706055,39.04999923706055,39.0,39.0,502,0.0,0.0
2024-11-04 14:10:00-05:00,39.060001373291016,39.060001373291016,39.060001373291016,39.060001373291016,346,0.0,0.0
2024-11-04 14:15:00-05:00,39.0,39.04999923706055,39.0,39.04999923706055,1949,0.0,0.0
2024-11-04 14:20:00-05:00,38.9900016784668,38.9900016784668,38.97999954223633,38.97999954223633,732,0.0,0.0
2024-11-04 14:25:00-05:00,39.010799407958984,39.025001525878906,38.900001525878906,38.904998779296875,2944,0.0,0.0
2024-11-04 14:30:00-05:00,38.95000076293945,38.95000076293945,38.86000061035156,38.904998779296875,802,0.0,0.0
2024-11-04 14:35:00-05:00,38.869998931884766,38.910099029541016,38.869998931884766,38.90999984741211,2290,0.0,0.0
2024-11-04 14:40:00-05:00,38.88999938964844,38.94960021972656,38.880001068115234,38.915000915527344,1257,0.0,0.0
2024-11-04 14:45:00-05:00,38.915000915527344,38.915000915527344,38.880001068115234,38.880001068115234,3152,0.0,0.0
2024-11-04 14:50:00-05:00,38.95000076293945,38.95000076293945,38.91999816894531,38.91999816894531,727,0.0,0.0
2024-11-04 14:55:00-05:00,38.959999084472656,38.959999084472656,38.939998626708984,38.959999084472656,995,0.0,0.0
2024-11-04 15:00:00-05:00,38.959999084472656,39.0,38.90999984741211,38.90999984741211,1904,0.0,0.0
2024-11-04 15:05:00-05:00,38.970001220703125,38.970001220703125,38.95500183105469,38.95500183105469,485,0.0,0.0
2024-11-04 15:10:00-05:00,38.97999954223633,38.97999954223633,38.97999954223633,38.97999954223633,117,0.0,0.0
2024-11-04 15:15:00-05:00,38.97999954223633,39.0,38.970001220703125,38.97999954223633,2320,0.0,0.0
2024-11-04 15:20:00-05:00,39.02000045776367,39.040000915527344,38.9900016784668,38.999298095703125,1755,0.0,0.0
2024-11-04 15:25:00-05:00,39.0,39.042999267578125,38.9900016784668,38.9900016784668,777,0.0,0.0
2024-11-04 15:30:00-05:00,39.02000045776367,39.02000045776367,38.869998931884766,38.95000076293945,5794,0.0,0.0
2024-11-04 15:35:00-05:00,38.880001068115234,38.935001373291016,38.880001068115234,38.935001373291016,741,0.0,0.0
2024-11-04 15:40:00-05:00,38.9995002746582,38.9995002746582,38.95000076293945,38.95000076293945,711,0.0,0.0
2024-11-04 15:45:00-05:00,38.970001220703125,38.97999954223633,38.880001068115234,38.900001525878906,4183,0.0,0.0
2024-11-04 15:50:00-05:00,38.97999954223633,38.97999954223633,38.900001525878906,38.90999984741211,4268,0.0,0.0
2024-11-04 15:55:00-05:00,38.900001525878906,38.939998626708984,38.81999969482422,38.81999969482422,12392,0.0,0.0
2024-11-05 09:30:00-05:00,38.79999923706055,38.79999923706055,38.79999923706055,38.79999923706055,1001,0.0,0.0
2024-11-05 09:35:00-05:00,38.970001220703125,39.02000045776367,38.849998474121094,39.02000045776367,668,0.0,0.0
2024-11-05 09:40:00-05:00,39.02000045776367,39.09000015258789,38.900001525878906,38.900001525878906,3004,0.0,0.0
2024-11-05 09:50:00-05:00,39.029998779296875,39.165000915527344,39.0099983215332,39.165000915527344,1912,0.0,0.0
2024-11-05 09:55:00-05:00,39.16999816894531,39.25,39.08000183105469,39.1349983215332,2567,0.0,0.0
2024-11-05 10:00:00-05:00,39.125,39.310001373291016,39.125,39.310001373291016,554,0.0,0.0
2024-11-05 10:05:00-05:00,39.14500045776367,39.31999969482422,39.13999938964844,39.27439880371094,2682,0.0,0.0
2024-11-05 10:10:00-05:00,39.27880096435547,39.4900016784668,39.099998474121094,39.3849983215332,19399,0.0,0.0
2024-11-05 10:15:00-05:00,39.459999084472656,39.459999084472656,39.3849983215332,39.3849983215332,487,0.0,0.0
2024-11-05 10:20:00-05:00,39.4900016784668,39.4900016784668,39.279998779296875,39.374000549316406,1539,0.0,0.0
2024-11-05 10:25:00-05:00,39.47999954223633,39.5,39.3849983215332,39.470001220703125,2230,0.0,0.0
2024-11-05 10:30:00-05:00,39.5099983215332,39.5099983215332,39.349998474121094,39.349998474121094,1781,0.0,0.0
2024-11-05 10:45:00-05:00,39.375,39.375,39.375,39.375,101,0.0,0.0
2024-11-05 10:50:00-05:00,39.38999938964844,39.38999938964844,39.375,39.375,453,0.0,0.0
2024-11-05 10:55:00-05:00,39.380001068115234,39.45000076293945,39.375,39.375,516,0.0,0.0
2024-11-05 11:00:00-05:00,39.41999816894531,39.41999816894531,39.31999969482422,39.31999969482422,651,0.0,0.0
2024-11-05 11:05:00-05:00,39.29999923706055,39.400001525878906,39.29999923706055,39.369998931884766,2489,0.0,0.0
2024-11-05 11:10:00-05:00,39.37879943847656,39.40999984741211,39.369998931884766,39.369998931884766,913,0.0,0.0
2024-11-05 11:15:00-05:00,39.29999923706055,39.29999923706055,39.275001525878906,39.275001525878906,3266,0.0,0.0
2024-11-05 11:20:00-05:00,39.275001525878906,39.279998779296875,39.209999084472656,39.2599983215332,1408,0.0,0.0
2024-11-05 11:25:00-05:00,39.29999923706055,39.29999923706055,39.275001525878906,39.275001525878906,477,0.0,0.0
2024-11-05 11:30:00-05:00,39.22629928588867,39.22629928588867,39.18429946899414,39.18429946899414,1326,0.0,0.0
2024-11-05 11:35:00-05:00,39.279998779296875,39.279998779296875,39.279998779296875,39.279998779296875,319,0.0,0.0
2024-11-05 11:40:00-05:00,39.279998779296875,39.36000061035156,39.279998779296875,39.36000061035156,887,0.0,0.0
2024-11-05 11:45:00-05:00,39.36000061035156,39.38999938964844,39.345001220703125,39.380001068115234,2866,0.0,0.0
2024-11-05 11:50:00-05:00,39.380001068115234,39.380001068115234,39.30500030517578,39.30500030517578,714,0.0,0.0
2024-11-05 12:00:00-05:00,39.470001220703125,39.470001220703125,39.459999084472656,39.459999084472656,449,0.0,0.0
2024-11-05 12:05:00-05:00,39.349998474121094,39.349998474121094,39.349998474121094,39.349998474121094,100,0.0,0.0
2024-11-05 12:10:00-05:00,39.459999084472656,39.459999084472656,39.459999084472656,39.459999084472656,346,0.0,0.0
2024-11-05 12:15:00-05:00,39.459999084472656,39.470001220703125,39.279998779296875,39.279998779296875,1755,0.0,0.0
2024-11-05 12:20:00-05:00,39.459999084472656,39.459999084472656,39.459999084472656,39.459999084472656,418,0.0,0.0
2024-11-05 12:25:00-05:00,39.3650016784668,39.396400451660156,39.3650016784668,39.396400451660156,914,0.0,0.0
2024-11-05 12:30:00-05:00,39.35150146484375,39.45000076293945,39.35150146484375,39.45000076293945,248,0.0,0.0
2024-11-05 12:35:00-05:00,39.439998626708984,39.439998626708984,39.439998626708984,39.439998626708984,429,0.0,0.0
2024-11-05 12:40:00-05:00,39.459999084472656,39.459999084472656,39.43000030517578,39.43000030517578,1011,0.0,0.0
2024-11-05 12:45:00-05:00,39.44499969482422,39.44499969482422,39.41360092163086,39.41360092163086,1945,0.0,0.0
2024-11-05 12:50:00-05:00,39.350101470947266,39.350101470947266,39.349998474121094,39.349998474121094,774,0.0,0.0
2024-11-05 12:55:00-05:00,39.32500076293945,39.400001525878906,39.32500076293945,39.32500076293945,811,0.0,0.0
2024-11-05 13:00:00-05:00,39.32500076293945,39.32500076293945,39.32500076293945,39.32500076293945,832,0.0,0.0
2024-11-05 13:05:00-05:00,39.380001068115234,39.380001068115234,39.279998779296875,39.279998779296875,982,0.0,0.0
2024-11-05 13:10:00-05:00,39.31999969482422,39.33399963378906,39.31999969482422,39.33399963378906,1217,0.0,0.0
2024-11-05 13:15:00-05:00,39.31999969482422,39.334999084472656,39.31999969482422,39.334999084472656,690,0.0,0.0
2024-11-05 13:20:00-05:00,39.334999084472656,39.334999084472656,39.334999084472656,39.334999084472656,257,0.0,0.0
2024-11-05 13:25:00-05:00,39.400001525878906,39.400001525878906,39.400001525878906,39.400001525878906,297,0.0,0.0
2024-11-05 13:30:00-05:00,39.38999938964844,39.38999938964844,39.35499954223633,39.35499954223633,732,0.0,0.0
2024-11-05 13:35:00-05:00,39.401798248291016,39.401798248291016,39.29999923706055,39.310001373291016,1463,0.0,0.0
2024-11-05 13:40:00-05:00,39.400001525878906,39.400001525878906,39.345001220703125,39.345001220703125,392,0.0,0.0
2024-11-05 13:45:00-05:00,39.345001220703125,39.41999816894531,39.34000015258789,39.34000015258789,2227,0.0,0.0
2024-11-05 13:55:00-05:00,39.35499954223633,39.36000061035156,39.35499954223633,39.36000061035156,3643,0.0,0.0
2024-11-05 14:00:00-05:00,39.380001068115234,39.404998779296875,39.380001068115234,39.404998779296875,531,0.0,0.0
2024-11-05 14:05:00-05:00,39.38999938964844,39.47999954223633,39.38999938964844,39.47999954223633,1656,0.0,0.0
2024-11-05 14:10:00-05:00,39.489898681640625,39.489898681640625,39.44499969482422,39.45500183105469,934,0.0,0.0
2024-11-05 14:15:00-05:00,39.45500183105469,39.5,39.44499969482422,39.44499969482422,2562,0.0,0.0
2024-11-05 14:20:00-05:00,39.45000076293945,39.4900016784668,39.45000076293945,39.470001220703125,1740,0.0,0.0
2024-11-05 14:25:00-05:00,39.5,39.5,39.5,39.5,279,0.0,0.0
2024-11-05 14:30:00-05:00,39.47999954223633,39.47999954223633,39.470001220703125,39.470001220703125,1537,0.0,0.0
2024-11-05 14:35:00-05:00,39.4900016784668,39.529998779296875,39.470001220703125,39.505001068115234,1630,0.0,0.0
2024-11-05 14:40:00-05:00,39.505001068115234,39.5099983215332,39.4900016784668,39.4900016784668,743,0.0,0.0
2024-11-05 14:45:00-05:00,39.505001068115234,39.505001068115234,39.439998626708984,39.48500061035156,3327,0.0,0.0
2024-11-05 14:50:00-05:00,39.470001220703125,39.470001220703125,39.400001525878906,39.400001525878906,4161,0.0,0.0
2024-11-05 14:55:00-05:00,39.43000030517578,39.43000030517578,39.41999816894531,39.41999816894531,1357,0.0,0.0
2024-11-05 15:00:00-05:00,39.400001525878906,39.40999984741211,39.400001525878906,39.40999984741211,1148,0.0,0.0
2024-11-05 15:05:00-05:00,39.474998474121094,39.474998474121094,39.474998474121094,39.474998474121094,120,0.0,0.0
2024-11-05 15:10:00-05:00,39.474998474121094,39.5099983215332,39.354862213134766,39.45000076293945,5217,0.0,0.0
2024-11-05 15:15:00-05:00,39.3849983215332,39.459999084472656,39.380001068115234,39.380001068115234,883,0.0,0.0
2024-11-05 15:25:00-05:00,39.29999923706055,39.34000015258789,39.29999923706055,39.34000015258789,594,0.0,0.0
2024-11-05 15:30:00-05:00,39.3650016784668,39.3650016784668,39.34000015258789,39.35240173339844,3035,0.0,0.0
2024-11-05 15:35:00-05:00,39.310001373291016,39.310001373291016,39.310001373291016,39.310001373291016,651,0.0,0.0
2024-11-05 15:40:00-05:00,39.279998779296875,39.290000915527344,39.20719909667969,39.22999954223633,2125,0.0,0.0
2024-11-05 15:45:00-05:00,39.310001373291016,39.310001373291016,39.26499938964844,39.26499938964844,1275,0.0,0.0
2024-11-05 15:50:00-05:00,39.2682991027832,39.31999969482422,39.2682991027832,39.31999969482422,3440,0.0,0.0
2024-11-05 15:55:00-05:00,39.31999969482422,39.40999984741211,39.290000915527344,39.40999984741211,11821,0.0,0.0
2024-11-06 09:30:00-05:00,40.0099983215332,40.060001373291016,40.0099983215332,40.060001373291016,2197,0.0,0.0
2024-11-06 09:35:00-05:00,40.0,40.0,40.0,40.0,552,0.0,0.0
2024-11-06 09:40:00-05:00,40.0,40.0,39.5099983215332,39.54999923706055,8757,0.0,0.0
2024-11-06 09:45:00-05:00,39.67499923706055,39.67499923706055,39.67499923706055,39.67499923706055,664,0.0,0.0
2024-11-06 09:50:00-05:00,39.650001525878906,39.775001525878906,39.529998779296875,39.775001525878906,3726,0.0,0.0
2024-11-06 09:55:00-05:00,39.775001525878906,39.79999923706055,39.60499954223633,39.6349983215332,10452,0.0,0.0
2024-11-06 10:00:00-05:00,39.6349983215332,39.808101654052734,39.630001068115234,39.71500015258789,4747,0.0,0.0
2024-11-06 10:05:00-05:00,39.71500015258789,39.814998626708984,39.71500015258789,39.814998626708984,2551,0.0,0.0
2024-11-06 10:10:00-05:00,39.814998626708984,39.91999816894531,39.7599983215332,39.81999969482422,3931,0.0,0.0
2024-11-06 10:15:00-05:00,39.81999969482422,40.130001068115234,39.81999969482422,40.064998626708984,10185,0.0,0.0
2024-11-06 10:20:00-05:00,40.064998626708984,40.11000061035156,39.84000015258789,39.98500061035156,6407,0.0,0.0
2024-11-06 10:25:00-05:00,39.96409606933594,40.005001068115234,39.96409606933594,40.005001068115234,551,0.0,0.0
2024-11-06 10:30:00-05:00,40.02000045776367,40.02000045776367,39.900001525878906,39.900001525878906,1923,0.0,0.0
2024-11-06 10:35:00-05:00,39.880001068115234,39.994998931884766,39.86000061035156,39.86000061035156,1374,0.0,0.0
2024-11-06 10:40:00-05:00,39.79999923706055,39.8650016784668,39.7599983215332,39.8650016784668,1594,0.0,0.0
2024-11-06 10:45:00-05:00,39.900001525878906,39.900001525878906,39.779998779296875,39.779998779296875,531,0.0,0.0
2024-11-06 10:50:00-05:00,39.8650016784668,39.90999984741211,39.779998779296875,39.779998779296875,628,0.0,0.0
2024-11-06 10:55:00-05:00,39.7599983215332,39.7599983215332,39.560001373291016,39.560001373291016,4404,0.0,0.0
2024-11-06 11:00:00-05:00,39.70989990234375,39.77000045776367,39.564998626708984,39.77000045776367,2530,0.0,0.0
2024-11-06 11:05:00-05:00,39.77000045776367,39.869998931884766,39.66999816894531,39.66999816894531,2053,0.0,0.0
2024-11-06 11:10:00-05:00,39.77000045776367,39.79999923706055,39.630001068115234,39.68000030517578,5701,0.0,0.0
2024-11-06 11:15:00-05:00,39.551998138427734,39.551998138427734,39.310001373291016,39.310001373291016,10726,0.0,0.0
2024-11-06 11:20:00-05:00,39.349998474121094,39.3650016784668,39.310001373291016,39.310001373291016,1271,0.0,0.0
2024-11-06 11:25:00-05:00,39.3650016784668,39.43000030517578,39.27000045776367,39.43000030517578,2356,0.0,0.0
2024-11-06 11:30:00-05:00,39.38999938964844,39.46989822387695,39.380001068115234,39.46989822387695,5902,0.0,0.0
2024-11-06 11:35:00-05:00,39.415000915527344,39.58000183105469,39.415000915527344,39.470001220703125,2339,0.0,0.0
2024-11-06 11:40:00-05:00,39.36000061035156,39.52000045776367,39.36000061035156,39.470001220703125,1709,0.0,0.0
2024-11-06 11:45:00-05:00,39.400001525878906,39.502201080322266,39.400001525878906,39.470001220703125,979,0.0,0.0
2024-11-06 11:50:00-05:00,39.45500183105469,39.45500183105469,39.45500183105469,39.45500183105469,1891,0.0,0.0
2024-11-06 12:00:00-05:00,39.369998931884766,39.380001068115234,39.369998931884766,39.380001068115234,515,0.0,0.0
2024-11-06 12:05:00-05:00,39.43000030517578,39.540000915527344,39.43000030517578,39.540000915527344,2856,0.0,0.0
2024-11-06 12:10:00-05:00,39.540000915527344,39.540000915527344,39.463600158691406,39.540000915527344,3702,0.0,0.0
2024-11-06 12:15:00-05:00,39.52000045776367,39.52000045776367,39.439998626708984,39.5099983215332,4299,0.0,0.0
2024-11-06 12:20:00-05:00,39.36000061035156,39.36000061035156,39.15999984741211,39.15999984741211,4931,0.0,0.0
2024-11-06 12:25:00-05:00,39.16999816894531,39.29999923706055,39.15999984741211,39.15999984741211,1427,0.0,0.0
2024-11-06 12:30:00-05:00,39.119998931884766,39.209999084472656,39.1150016784668,39.130001068115234,2806,0.0,0.0
2024-11-06 12:35:00-05:00,39.209999084472656,39.27000045776367,39.06999969482422,39.14339828491211,4239,0.0,0.0
2024-11-06 12:40:00-05:00,39.11069869995117,39.19990158081055,39.0099983215332,39.06209945678711,2943,0.0,0.0
2024-11-06 12:45:00-05:00,39.06999969482422,39.27000045776367,39.06999969482422,39.255001068115234,2775,0.0,0.0
2024-11-06 12:50:00-05:00,39.144901275634766,39.380001068115234,39.144901275634766,39.2599983215332,1088,0.0,0.0
2024-11-06 12:55:00-05:00,39.25,39.30500030517578,39.220001220703125,39.30500030517578,1264,0.0,0.0
2024-11-06 13:00:00-05:00,39.21009826660156,39.29499816894531,39.21009826660156,39.290000915527344,604,0.0,0.0
2024-11-06 13:05:00-05:00,39.209999084472656,39.27000045776367,39.13999938964844,39.27000045776367,2239,0.0,0.0
2024-11-06 13:10:00-05:00,39.27000045776367,39.329898834228516,39.13999938964844,39.189998626708984,1404,0.0,0.0
2024-11-06 13:15:00-05:00,39.189998626708984,39.255001068115234,39.189998626708984,39.189998626708984,2112,0.0,0.0
2024-11-06 13:20:00-05:00,39.27000045776367,39.36000061035156,39.2599983215332,39.36000061035156,1421,0.0,0.0
2024-11-06 13:25:00-05:00,39.369998931884766,39.369998931884766,39.2599983215332,39.36000061035156,811,0.0,0.0
2024-11-06 13:30:00-05:00,39.25,39.36000061035156,39.25,39.36000061035156,1439,0.0,0.0
2024-11-06 13:35:00-05:00,39.334999084472656,39.334999084472656,39.279998779296875,39.29999923706055,1173,0.0,0.0
2024-11-06 13:40:00-05:00,39.400001525878906,39.470001220703125,39.334999084472656,39.40999984741211,7270,0.0,0.0
2024-11-06 13:45:00-05:00,39.540000915527344,39.57720184326172,39.29999923706055,39.54999923706055,1239,0.0,0.0
2024-11-06 13:50:00-05:00,39.32170104980469,39.4900016784668,39.29999923706055,39.29999923706055,4382,0.0,0.0
2024-11-06 13:55:00-05:00,39.29999923706055,39.301700592041016,39.13309860229492,39.25,6011,0.0,0.0
2024-11-06 14:00:00-05:00,39.23500061035156,39.279998779296875,39.20000076293945,39.20000076293945,732,0.0,0.0
2024-11-06 14:05:00-05:00,39.34000015258789,39.34000015258789,39.16790008544922,39.16790008544922,1212,0.0,0.0
2024-11-06 14:10:00-05:00,39.220001220703125,39.220001220703125,39.119998931884766,39.130001068115234,3064,0.0,0.0
2024-11-06 14:15:00-05:00,39.11000061035156,39.189998626708984,39.08000183105469,39.10900115966797,2321,0.0,0.0
2024-11-06 14:20:00-05:00,39.150001525878906,39.15999984741211,39.08000183105469,39.10499954223633,2389,0.0,0.0
2024-11-06 14:25:00-05:00,39.16999816894531,39.19499969482422,39.14500045776367,39.19499969482422,1806,0.0,0.0
2024-11-06 14:30:00-05:00,39.162498474121094,39.47999954223633,39.10369873046875,39.10369873046875,12030,0.0,0.0
2024-11-06 14:35:00-05:00,39.275001525878906,39.369998931884766,39.275001525878906,39.369998931884766,1395,0.0,0.0
2024-11-06 14:40:00-05:00,39.34400177001953,39.439998626708984,39.27870178222656,39.345001220703125,1922,0.0,0.0
2024-11-06 14:45:00-05:00,39.345001220703125,39.349998474121094,39.189998626708984,39.25230026245117,5326,0.0,0.0
2024-11-06 14:50:00-05:00,39.209999084472656,39.34000015258789,39.209999084472656,39.209999084472656,2888,0.0,0.0
2024-11-06 14:55:00-05:00,39.209999084472656,39.2599983215332,39.20000076293945,39.2599983215332,708,0.0,0.0
2024-11-06 15:00:00-05:00,39.209999084472656,39.209999084472656,39.19499969482422,39.20000076293945,1960,0.0,0.0
2024-11-06 15:05:00-05:00,39.27000045776367,39.310001373291016,39.27000045776367,39.290000915527344,2827,0.0,0.0
2024-11-06 15:10:00-05:00,39.33000183105469,39.34000015258789,39.040000915527344,39.060001373291016,11946,0.0,0.0
2024-11-06 15:15:00-05:00,39.060001373291016,39.150001525878906,38.8828010559082,39.000099182128906,9992,0.0,0.0
2024-11-06 15:20:00-05:00,38.91999816894531,39.15999984741211,38.91999816894531,39.150001525878906,2869,0.0,0.0
2024-11-06 15:25:00-05:00,39.13999938964844,39.220001220703125,39.13999938964844,39.220001220703125,2254,0.0,0.0
2024-11-06 15:30:00-05:00,39.189998626708984,39.35499954223633,39.13999938964844,39.23870086669922,9384,0.0,0.0
2024-11-06 15:35:00-05:00,39.349998474121094,39.38999938964844,39.349998474121094,39.38999938964844,1157,0.0,0.0
2024-11-06 15:40:00-05:00,39.38999938964844,39.52000045776367,39.349998474121094,39.36280059814453,4423,0.0,0.0
2024-11-06 15:45:00-05:00,39.470001220703125,39.470001220703125,39.310001373291016,39.38999938964844,3599,0.0,0.0
2024-11-06 15:50:00-05:00,39.439998626708984,39.439998626708984,39.25,39.2599983215332,2741,0.0,0.0
2024-11-06 15:55:00-05:00,39.16999816894531,39.28990173339844,39.09000015258789,39.27000045776367,15411,0.0,0.0
2024-11-07 09:30:00-05:00,39.619998931884766,39.630001068115234,39.5099983215332,39.630001068115234,2039,0.0,0.0
2024-11-07 09:35:00-05:00,39.73630142211914,39.81999969482422,39.67499923706055,39.67499923706055,2565,0.0,0.0
2024-11-07 09:40:00-05:00,39.68000030517578,39.83000183105469,39.54999923706055,39.83000183105469,1893,0.0,0.0
2024-11-07 09:45:00-05:00,39.810001373291016,39.849998474121094,39.73540115356445,39.81999969482422,3737,0.0,0.0
2024-11-07 09:50:00-05:00,39.8046989440918,39.90999984741211,39.75,39.85499954223633,3568,0.0,0.0
2024-11-07 09:55:00-05:00,39.7599983215332,39.91999816894531,39.70000076293945,39.91999816894531,2154,0.0,0.0
2024-11-07 10:00:00-05:00,39.814998626708984,39.85390090942383,39.72999954223633,39.72999954223633,1132,0.0,0.0
2024-11-07 10:05:00-05:00,39.80500030517578,39.80500030517578,39.75,39.80500030517578,595,0.0,0.0
2024-11-07 10:10:00-05:00,39.810001373291016,39.810001373291016,39.68000030517578,39.68000030517578,4441,0.0,0.0
2024-11-07 10:15:00-05:00,39.744998931884766,39.744998931884766,39.650001525878906,39.720001220703125,694,0.0,0.0
2024-11-07 10:20:00-05:00,39.630001068115234,39.720001220703125,39.61000061035156,39.650001525878906,2271,0.0,0.0
2024-11-07 10:25:00-05:00,39.724998474121094,39.724998474121094,39.630001068115234,39.724998474121094,2057,0.0,0.0
2024-11-07 10:30:00-05:00,39.75,39.75,39.650001525878906,39.65999984741211,607,0.0,0.0
2024-11-07 10:35:00-05:00,39.790000915527344,39.790000915527344,39.560001373291016,39.564998626708984,7483,0.0,0.0
2024-11-07 10:40:00-05:00,39.67499923706055,39.68000030517578,39.55500030517578,39.55500030517578,5462,0.0,0.0
2024-11-07 10:45:00-05:00,39.66999816894531,39.66999816894531,39.66999816894531,39.66999816894531,111,0.0,0.0
2024-11-07 10:50:00-05:00,39.66999816894531,39.68899917602539,39.61000061035156,39.66999816894531,1441,0.0,0.0
2024-11-07 10:55:00-05:00,39.650001525878906,39.70000076293945,39.650001525878906,39.650001525878906,1045,0.0,0.0
2024-11-07 11:00:00-05:00,39.650001525878906,39.650001525878906,39.650001525878906,39.650001525878906,349,0.0,0.0
2024-11-07 11:05:00-05:00,39.63999938964844,39.63999938964844,39.5,39.5,4080,0.0,0.0
2024-11-07 11:10:00-05:00,39.40999984741211,39.45000076293945,39.40999984741211,39.45000076293945,306,0.0,0.0
2024-11-07 11:15:00-05:00,39.5,39.5,39.400001525878906,39.494998931884766,889,0.0,0.0
2024-11-07 11:20:00-05:00,39.494998931884766,39.494998931884766,39.38999938964844,39.38999938964844,458,0.0,0.0
2024-11-07 11:25:00-05:00,39.38999938964844,39.39500045776367,39.38999938964844,39.38999938964844,1287,0.0,0.0
2024-11-07 11:30:00-05:00,39.400001525878906,39.400001525878906,39.29499816894531,39.29499816894531,1354,0.0,0.0
2024-11-07 11:35:00-05:00,39.31999969482422,39.34000015258789,39.310001373291016,39.310001373291016,357,0.0,0.0
2024-11-07 11:40:00-05:00,39.31999969482422,39.439998626708984,39.310001373291016,39.39500045776367,2728,0.0,0.0
2024-11-07 11:45:00-05:00,39.380001068115234,39.470001220703125,39.36000061035156,39.470001220703125,3424,0.0,0.0
2024-11-07 11:50:00-05:00,39.43709945678711,39.43709945678711,39.435001373291016,39.435001373291016,775,0.0,0.0
2024-11-07 11:55:00-05:00,39.459999084472656,39.54999923706055,39.439998626708984,39.51499938964844,3211,0.0,0.0
2024-11-07 12:00:00-05:00,39.494998931884766,39.56999969482422,39.494998931884766,39.54999923706055,1777,0.0,0.0
2024-11-07 12:05:00-05:00,39.529998779296875,39.54499816894531,39.4900016784668,39.5099983215332,2325,0.0,0.0
2024-11-07 12:10:00-05:00,39.540000915527344,39.540000915527344,39.51499938964844,39.51499938964844,1424,0.0,0.0
2024-11-07 12:20:00-05:00,39.5099983215332,39.56999969482422,39.5099983215332,39.56999969482422,9531,0.0,0.0
2024-11-07 12:25:00-05:00,39.58311462402344,39.60499954223633,39.57809829711914,39.60499954223633,3042,0.0,0.0
2024-11-07 12:30:00-05:00,39.599998474121094,39.650001525878906,39.59000015258789,39.59000015258789,2689,0.0,0.0
2024-11-07 12:35:00-05:00,39.619998931884766,39.619998931884766,39.619998931884766,39.619998931884766,276,0.0,0.0
2024-11-07 12:40:00-05:00,39.59000015258789,39.599998474121094,39.540000915527344,39.540000915527344,2871,0.0,0.0
2024-11-07 12:45:00-05:00,39.59000015258789,39.644500732421875,39.58000183105469,39.62049865722656,3085,0.0,0.0
2024-11-07 12:50:00-05:00,39.599998474121094,39.599998474121094,39.599998474121094,39.599998474121094,326,0.0,0.0
2024-11-07 12:55:00-05:00,39.599998474121094,39.66999816894531,39.599998474121094,39.64339828491211,6502,0.0,0.0
2024-11-07 13:00:00-05:00,39.6150016784668,39.66999816894531,39.6150016784668,39.625,1188,0.0,0.0
2024-11-07 13:05:00-05:00,39.630001068115234,39.64649963378906,39.58000183105469,39.64649963378906,1976,0.0,0.0
2024-11-07 13:10:00-05:00,39.58242416381836,39.630001068115234,39.58242416381836,39.630001068115234,417,0.0,0.0
2024-11-07 13:15:00-05:00,39.56999969482422,39.56999969482422,39.56999969482422,39.56999969482422,201,0.0,0.0
2024-11-07 13:20:00-05:00,39.56999969482422,39.619998931884766,39.56999969482422,39.58000183105469,969,0.0,0.0
2024-11-07 13:30:00-05:00,39.619998931884766,39.619998931884766,39.58000183105469,39.58000183105469,312,0.0,0.0
2024-11-07 13:35:00-05:00,39.625,39.625,39.59000015258789,39.59000015258789,995,0.0,0.0
2024-11-07 13:40:00-05:00,39.60499954223633,39.60499954223633,39.60499954223633,39.60499954223633,213,0.0,0.0
2024-11-07 13:45:00-05:00,39.60499954223633,39.624298095703125,39.54999923706055,39.54999923706055,2255,0.0,0.0
2024-11-07 13:50:00-05:00,39.560001373291016,39.650001525878906,39.52000045776367,39.595001220703125,7753,0.0,0.0
2024-11-07 13:55:00-05:00,39.595001220703125,39.75830078125,39.595001220703125,39.630001068115234,5539,0.0,0.0
2024-11-07 14:00:00-05:00,39.68000030517578,39.71500015258789,39.619998931884766,39.71500015258789,2752,0.0,0.0
2024-11-07 14:05:00-05:00,39.709999084472656,39.77000045776367,39.70000076293945,39.75,6200,0.0,0.0
2024-11-07 14:10:00-05:00,39.75,39.85710144042969,39.70000076293945,39.70000076293945,13178,0.0,0.0
2024-11-07 14:15:00-05:00,39.77000045776367,39.79999923706055,39.77000045776367,39.77000045776367,746,0.0,0.0
2024-11-07 14:20:00-05:00,39.83000183105469,39.83000183105469,39.74020004272461,39.775001525878906,2208,0.0,0.0
2024-11-07 14:25:00-05:00,39.83000183105469,39.83000183105469,39.83000183105469,39.83000183105469,404,0.0,0.0
2024-11-07 14:30:00-05:00,39.775001525878906,39.84000015258789,39.775001525878906,39.790000915527344,1824,0.0,0.0
2024-11-07 14:35:00-05:00,39.84000015258789,39.849998474121094,39.72610092163086,39.84000015258789,1308,0.0,0.0
2024-11-07 14:40:00-05:00,39.849998474121094,39.869998931884766,39.78499984741211,39.861000061035156,2941,0.0,0.0
2024-11-07 14:45:00-05:00,39.869998931884766,39.900001525878906,39.79499816894531,39.85499954223633,1889,0.0,0.0
2024-11-07 14:50:00-05:00,39.85499954223633,39.88999938964844,39.810001373291016,39.85499954223633,3648,0.0,0.0
2024-11-07 14:55:00-05:00,39.85499954223633,39.900001525878906,39.849998474121094,39.85499954223633,2742,0.0,0.0
2024-11-07 15:00:00-05:00,39.86000061035156,39.900001525878906,39.86000061035156,39.900001525878906,927,0.0,0.0
2024-11-07 15:05:00-05:00,39.900001525878906,40.130001068115234,39.869998931884766,40.02000045776367,11364,0.0,0.0
2024-11-07 15:10:00-05:00,40.005001068115234,40.15999984741211,40.005001068115234,40.125,1951,0.0,0.0
2024-11-07 15:15:00-05:00,40.14979934692383,40.15999984741211,40.02009963989258,40.02009963989258,855,0.0,0.0
2024-11-07 15:20:00-05:00,40.119998931884766,40.15999984741211,40.02199935913086,40.09000015258789,3646,0.0,0.0
2024-11-07 15:25:00-05:00,40.09000015258789,40.09000015258789,39.939998626708984,39.939998626708984,4327,0.0,0.0
2024-11-07 15:30:00-05:00,39.95000076293945,39.96500015258789,39.90999984741211,39.91999816894531,3529,0.0,0.0
2024-11-07 15:35:00-05:00,39.96500015258789,40.019901275634766,39.96500015258789,39.970001220703125,2237,0.0,0.0
2024-11-07 15:40:00-05:00,39.93000030517578,40.0099983215332,39.93000030517578,40.0099983215332,5586,0.0,0.0
2024-11-07 15:45:00-05:00,39.97999954223633,40.029998779296875,39.83000183105469,39.849998474121094,8327,0.0,0.0
2024-11-07 15:50:00-05:00,39.834999084472656,39.93000030517578,39.79999923706055,39.79999923706055,8897,0.0,0.0
2024-11-07 15:55:00-05:00,39.79999923706055,39.89860153198242,39.790000915527344,39.79999923706055,11701,0.0,0.0
2024-11-08 09:30:00-05:00,38.75,38.79999923706055,38.500099182128906,38.500099182128906,16065,0.0,0.0
2024-11-08 09:35:00-05:00,38.500099182128906,38.88999938964844,38.500099182128906,38.69499969482422,3938,0.0,0.0
2024-11-08 09:45:00-05:00,38.79999923706055,38.900001525878906,38.75619888305664,38.900001525878906,6838,0.0,0.0
2024-11-08 09:50:00-05:00,38.880001068115234,38.97999954223633,38.82500076293945,38.94649887084961,3521,0.0,0.0
2024-11-08 09:55:00-05:00,38.939998626708984,38.939998626708984,38.92499923706055,38.93000030517578,632,0.0,0.0
2024-11-08 10:00:00-05:00,38.79999923706055,38.79999923706055,38.79999923706055,38.79999923706055,436,0.0,0.0
2024-11-08 10:05:00-05:00,38.79999923706055,38.91999816894531,38.79499816894531,38.79499816894531,1692,0.0,0.0
2024-11-08 10:10:00-05:00,38.79499816894531,38.84130096435547,38.687801361083984,38.84130096435547,1625,0.0,0.0
2024-11-08 10:15:00-05:00,38.77000045776367,38.869998931884766,38.77000045776367,38.869998931884766,1430,0.0,0.0
2024-11-08 10:20:00-05:00,38.880001068115234,38.880001068115234,38.72999954223633,38.78499984741211,1738,0.0,0.0
2024-11-08 10:25:00-05:00,38.869998931884766,38.869998931884766,38.869998931884766,38.869998931884766,245,0.0,0.0
2024-11-08 10:30:00-05:00,38.790000915527344,38.91999816894531,38.790000915527344,38.91999816894531,1633,0.0,0.0
2024-11-08 10:35:00-05:00,38.915000915527344,38.91999816894531,38.75,38.75,4470,0.0,0.0
2024-11-08 10:40:00-05:00,38.78499984741211,38.849998474121094,38.720001220703125,38.75,1118,0.0,0.0
2024-11-08 10:45:00-05:00,38.619998931884766,38.68000030517578,38.56999969482422,38.56999969482422,1419,0.0,0.0
2024-11-08 10:50:00-05:00,38.63999938964844,38.650001525878906,38.4900016784668,38.4900016784668,4864,0.0,0.0
2024-11-08 10:55:00-05:00,38.40999984741211,38.494998931884766,38.40999984741211,38.494998931884766,1150,0.0,0.0
2024-11-08 11:00:00-05:00,38.38999938964844,38.630001068115234,38.38999938964844,38.5,814,0.0,0.0
2024-11-08 11:05:00-05:00,38.435001373291016,38.5,38.435001373291016,38.44499969482422,1118,0.0,0.0
2024-11-08 11:10:00-05:00,38.439998626708984,38.439998626708984,38.290000915527344,38.314998626708984,2726,0.0,0.0
2024-11-08 11:15:00-05:00,38.310001373291016,38.310001373291016,38.310001373291016,38.310001373291016,486,0.0,0.0
2024-11-08 11:20:00-05:00,38.29999923706055,38.29999923706055,38.16999816894531,38.27859878540039,3573,0.0,0.0
2024-11-08 11:25:00-05:00,38.19499969482422,38.19499969482422,38.150001525878906,38.19499969482422,428,0.0,0.0
2024-11-08 11:30:00-05:00,38.20000076293945,38.279998779296875,38.20000076293945,38.2400016784668,2353,0.0,0.0
2024-11-08 11:35:00-05:00,38.20000076293945,38.20000076293945,38.20000076293945,38.20000076293945,578,0.0,0.0
2024-11-08 11:45:00-05:00,38.20000076293945,38.2599983215332,38.20000076293945,38.2599983215332,3239,0.0,0.0
2024-11-08 11:50:00-05:00,38.15999984741211,38.25,38.04999923706055,38.04999923706055,2660,0.0,0.0
2024-11-08 11:55:00-05:00,38.04999923706055,38.10499954223633,37.959999084472656,37.959999084472656,4660,0.0,0.0
2024-11-08 12:00:00-05:00,38.0,38.04999923706055,38.0,38.04999923706055,1043,0.0,0.0
2024-11-08 12:05:00-05:00,38.060001373291016,38.06999969482422,38.0,38.0,2169,0.0,0.0
2024-11-08 12:10:00-05:00,38.02000045776367,38.04999923706055,38.02000045776367,38.041873931884766,2629,0.0,0.0
2024-11-08 12:15:00-05:00,38.029998779296875,38.099998474121094,38.029998779296875,38.099998474121094,3517,0.0,0.0
2024-11-08 12:20:00-05:00,38.11000061035156,38.16999816894531,38.09000015258789,38.09000015258789,1423,0.0,0.0
2024-11-08 12:25:00-05:00,38.15999984741211,38.18000030517578,38.06999969482422,38.16999816894531,2470,0.0,0.0
2024-11-08 12:30:00-05:00,38.119998931884766,38.189998626708984,38.119998931884766,38.189998626708984,1290,0.0,0.0
2024-11-08 12:35:00-05:00,38.18000030517578,38.18000030517578,38.18000030517578,38.18000030517578,273,0.0,0.0
2024-11-08 12:40:00-05:00,38.13999938964844,38.18000030517578,38.13999938964844,38.16999816894531,1309,0.0,0.0
2024-11-08 12:45:00-05:00,38.189998626708984,38.2400016784668,38.150001525878906,38.209598541259766,55536,0.0,0.0
2024-11-08 12:50:00-05:00,38.220001220703125,38.27000045776367,38.19499969482422,38.19499969482422,2946,0.0,0.0
2024-11-08 12:55:00-05:00,38.244998931884766,38.27000045776367,38.2400016784668,38.27000045776367,659,0.0,0.0
2024-11-08 13:00:00-05:00,38.22999954223633,38.22999954223633,38.209999084472656,38.209999084472656,1089,0.0,0.0
2024-11-08 13:05:00-05:00,38.16999816894531,38.22990036010742,38.150001525878906,38.22990036010742,3832,0.0,0.0
2024-11-08 13:10:00-05:00,38.16999816894531,38.239898681640625,38.150001525878906,38.239898681640625,50770,0.0,0.0
2024-11-08 13:15:00-05:00,38.150001525878906,38.189998626708984,38.09000015258789,38.14500045776367,5643,0.0,0.0
2024-11-08 13:20:00-05:00,38.14500045776367,38.220001220703125,38.14500045776367,38.189998626708984,7377,0.0,0.0
2024-11-08 13:25:00-05:00,38.15999984741211,38.18000030517578,38.15999984741211,38.18000030517578,823,0.0,0.0
2024-11-08 13:30:00-05:00,38.20000076293945,38.22999954223633,38.20000076293945,38.224998474121094,1536,0.0,0.0
2024-11-08 13:35:00-05:00,38.2599983215332,38.34000015258789,38.25,38.30500030517578,5790,0.0,0.0
2024-11-08 13:40:00-05:00,38.30500030517578,38.30500030517578,38.22999954223633,38.25,3359,0.0,0.0
2024-11-08 13:45:00-05:00,38.26499938964844,38.26499938964844,38.25,38.25,3362,0.0,0.0
2024-11-08 13:50:00-05:00,38.27000045776367,38.29999923706055,38.25490188598633,38.25490188598633,1651,0.0,0.0
2024-11-08 13:55:00-05:00,38.290000915527344,38.290000915527344,38.26499938964844,38.26499938964844,342,0.0,0.0
2024-11-08 14:00:00-05:00,38.29999923706055,38.29999923706055,38.22999954223633,38.2599983215332,5177,0.0,0.0
2024-11-08 14:05:00-05:00,38.290000915527344,38.290000915527344,38.27000045776367,38.27000045776367,461,0.0,0.0
2024-11-08 14:10:00-05:00,38.26499938964844,38.310001373291016,38.26499938964844,38.310001373291016,690,0.0,0.0
2024-11-08 14:20:00-05:00,38.220001220703125,38.244998931884766,38.220001220703125,38.22999954223633,733,0.0,0.0
2024-11-08 14:25:00-05:00,38.22999954223633,38.25,38.220001220703125,38.244998931884766,4516,0.0,0.0
2024-11-08 14:30:00-05:00,38.290000915527344,38.290000915527344,38.25640106201172,38.25640106201172,786,0.0,0.0
2024-11-08 14:35:00-05:00,38.275001525878906,38.31999969482422,38.275001525878906,38.31999969482422,3020,0.0,0.0
2024-11-08 14:40:00-05:00,38.28010177612305,38.31999969482422,38.28010177612305,38.31999969482422,1378,0.0,0.0
2024-11-08 14:45:00-05:00,38.290000915527344,38.31999969482422,38.279998779296875,38.279998779296875,1290,0.0,0.0
2024-11-08 14:55:00-05:00,38.29999923706055,38.29999923706055,38.279998779296875,38.279998779296875,2718,0.0,0.0
2024-11-08 15:00:00-05:00,38.279998779296875,38.279998779296875,38.099998474121094,38.099998474121094,31400,0.0,0.0
2024-11-08 15:05:00-05:00,38.04999923706055,38.150001525878906,38.04999923706055,38.150001525878906,3715,0.0,0.0
2024-11-08 15:10:00-05:00,38.099998474121094,38.099998474121094,38.084999084472656,38.084999084472656,2437,0.0,0.0
2024-11-08 15:15:00-05:00,38.084999084472656,38.20000076293945,38.084999084472656,38.20000076293945,1489,0.0,0.0
2024-11-08 15:20:00-05:00,38.20000076293945,38.275001525878906,38.189998626708984,38.20000076293945,8280,0.0,0.0
2024-11-08 15:25:00-05:00,38.25,38.31999969482422,38.25,38.310001373291016,6325,0.0,0.0
2024-11-08 15:30:00-05:00,38.310001373291016,38.40999984741211,38.310001373291016,38.349998474121094,4824,0.0,0.0
2024-11-08 15:35:00-05:00,38.400001525878906,38.43000030517578,38.34000015258789,38.43000030517578,15641,0.0,0.0
2024-11-08 15:40:00-05:00,38.43000030517578,38.43000030517578,38.31999969482422,38.349998474121094,7289,0.0,0.0
2024-11-08 15:45:00-05:00,38.349998474121094,38.380001068115234,38.349998474121094,38.349998474121094,2104,0.0,0.0
2024-11-08 15:50:00-05:00,38.349998474121094,38.400001525878906,38.34000015258789,38.349998474121094,4348,0.0,0.0
2024-11-08 15:55:00-05:00,38.3650016784668,38.43000030517578,38.34000015258789,38.43000030517578,30873,0.0,0.0
