Datetime,Open,High,Low,Close,Volume,Dividends,Stock Splits
2024-10-09 09:30:00-04:00,0.17409999668598175,0.17409999668598175,0.17409999668598175,0.17409999668598175,441,0.0,0.0
2024-10-09 09:40:00-04:00,0.17000000178813934,0.17000000178813934,0.16899999976158142,0.16899999976158142,1800,0.0,0.0
2024-10-09 09:50:00-04:00,0.16990000009536743,0.16990000009536743,0.16680000722408295,0.16680000722408295,6320,0.0,0.0
2024-10-09 10:05:00-04:00,0.17722800374031067,0.17722800374031067,0.16680000722408295,0.16680000722408295,1314,0.0,0.0
2024-10-09 10:10:00-04:00,0.17989900708198547,0.17989900708198547,0.17989900708198547,0.17989900708198547,1015,0.0,0.0
2024-10-09 10:20:00-04:00,0.16769999265670776,0.16769999265670776,0.16769999265670776,0.16769999265670776,248,0.0,0.0
2024-10-09 10:35:00-04:00,0.17336000502109528,0.17980000376701355,0.17336000502109528,0.17980000376701355,1020,0.0,0.0
2024-10-09 10:45:00-04:00,0.17000000178813934,0.17000000178813934,0.17000000178813934,0.17000000178813934,10010,0.0,0.0
2024-10-09 10:55:00-04:00,0.1793060004711151,0.1793060004711151,0.1793060004711151,0.1793060004711151,10100,0.0,0.0
2024-10-09 11:00:00-04:00,0.1793999969959259,0.1793999969959259,0.1793999969959259,0.1793999969959259,9930,0.0,0.0
2024-10-09 11:10:00-04:00,0.17890000343322754,0.17890000343322754,0.17890000343322754,0.17890000343322754,541,0.0,0.0
2024-10-09 12:30:00-04:00,0.17000000178813934,0.17000000178813934,0.17000000178813934,0.17000000178813934,115,0.0,0.0
2024-10-09 12:35:00-04:00,0.17499999701976776,0.17499999701976776,0.17000000178813934,0.17000000178813934,1809,0.0,0.0
2024-10-09 12:45:00-04:00,0.1703999936580658,0.1703999936580658,0.1703999936580658,0.1703999936580658,215,0.0,0.0
2024-10-09 13:10:00-04:00,0.17880000174045563,0.17880000174045563,0.17000000178813934,0.17000000178813934,3744,0.0,0.0
2024-10-09 13:50:00-04:00,0.17870000004768372,0.17870000004768372,0.17870000004768372,0.17870000004768372,200,0.0,0.0
2024-10-09 14:15:00-04:00,0.17655299603939056,0.17655299603939056,0.17655299603939056,0.17655299603939056,305,0.0,0.0
2024-10-09 14:50:00-04:00,0.17389999330043793,0.17389999330043793,0.17389999330043793,0.17389999330043793,100,0.0,0.0
2024-10-09 14:55:00-04:00,0.17000000178813934,0.17000000178813934,0.17000000178813934,0.17000000178813934,200,0.0,0.0
2024-10-09 15:00:00-04:00,0.17000000178813934,0.17000000178813934,0.17000000178813934,0.17000000178813934,195,0.0,0.0
2024-10-09 15:10:00-04:00,0.17000000178813934,0.17000000178813934,0.17000000178813934,0.17000000178813934,496,0.0,0.0
2024-10-09 15:55:00-04:00,0.17000000178813934,0.17000000178813934,0.17000000178813934,0.17000000178813934,121,0.0,0.0
2024-10-10 09:30:00-04:00,0.17000000178813934,0.17000000178813934,0.17000000178813934,0.17000000178813934,852,0.0,0.0
2024-10-10 09:35:00-04:00,0.1673000007867813,0.16990000009536743,0.1673000007867813,0.16990000009536743,1862,0.0,0.0
2024-10-10 09:45:00-04:00,0.1673000007867813,0.1673000007867813,0.16599999368190765,0.1671999990940094,17742,0.0,0.0
2024-10-10 09:50:00-04:00,0.1671999990940094,0.1671999990940094,0.16500000655651093,0.16500000655651093,32066,0.0,0.0
2024-10-10 09:55:00-04:00,0.1743900030851364,0.1743900030851364,0.16539999842643738,0.16539999842643738,451,0.0,0.0
2024-10-10 10:10:00-04:00,0.16599999368190765,0.16599999368190765,0.16599999368190765,0.16599999368190765,500,0.0,0.0
2024-10-10 10:20:00-04:00,0.16979999840259552,0.16979999840259552,0.1696999967098236,0.1696999967098236,2436,0.0,0.0
2024-10-10 10:25:00-04:00,0.164000004529953,0.164000004529953,0.16300000250339508,0.16300000250339508,12196,0.0,0.0
2024-10-10 10:50:00-04:00,0.16300000250339508,0.16300000250339508,0.16300000250339508,0.16300000250339508,519,0.0,0.0
2024-10-10 10:55:00-04:00,0.16300000250339508,0.16300000250339508,0.16300000250339508,0.16300000250339508,276,0.0,0.0
2024-10-10 11:30:00-04:00,0.16300000250339508,0.16300000250339508,0.16300000250339508,0.16300000250339508,195,0.0,0.0
2024-10-10 11:45:00-04:00,0.16500000655651093,0.16500000655651093,0.16500000655651093,0.16500000655651093,1371,0.0,0.0
2024-10-10 12:05:00-04:00,0.16500000655651093,0.16500000655651093,0.16500000655651093,0.16500000655651093,311,0.0,0.0
2024-10-10 12:40:00-04:00,0.16979999840259552,0.16990000009536743,0.16979999840259552,0.16990000009536743,2362,0.0,0.0
2024-10-10 12:45:00-04:00,0.16990000009536743,0.16990000009536743,0.16990000009536743,0.16990000009536743,851,0.0,0.0
2024-10-10 13:00:00-04:00,0.16850000619888306,0.16850000619888306,0.16850000619888306,0.16850000619888306,116,0.0,0.0
2024-10-10 13:05:00-04:00,0.16949999332427979,0.16949999332427979,0.16949999332427979,0.16949999332427979,8519,0.0,0.0
2024-10-10 13:15:00-04:00,0.16660000383853912,0.16660000383853912,0.16660000383853912,0.16660000383853912,101,0.0,0.0
2024-10-10 13:25:00-04:00,0.16979999840259552,0.16979999840259552,0.16680000722408295,0.16680000722408295,333,0.0,0.0
2024-10-10 14:05:00-04:00,0.16662900149822235,0.16662900149822235,0.16662900149822235,0.16662900149822235,154,0.0,0.0
2024-10-10 14:20:00-04:00,0.16680000722408295,0.16680000722408295,0.16680000722408295,0.16680000722408295,6055,0.0,0.0
2024-10-10 14:40:00-04:00,0.16680000722408295,0.16680000722408295,0.16680000722408295,0.16680000722408295,100,0.0,0.0
2024-10-10 15:00:00-04:00,0.16859999299049377,0.16859999299049377,0.16859999299049377,0.16859999299049377,300,0.0,0.0
2024-10-10 15:10:00-04:00,0.16920000314712524,0.16920000314712524,0.16920000314712524,0.16920000314712524,400,0.0,0.0
2024-10-10 15:15:00-04:00,0.16785000264644623,0.16785000264644623,0.16785000264644623,0.16785000264644623,170,0.0,0.0
2024-10-10 15:25:00-04:00,0.16680000722408295,0.16680000722408295,0.16680000722408295,0.16680000722408295,100,0.0,0.0
2024-10-10 15:30:00-04:00,0.16859999299049377,0.16859999299049377,0.16859999299049377,0.16859999299049377,200,0.0,0.0
2024-10-10 15:45:00-04:00,0.1679999977350235,0.16920000314712524,0.1679999977350235,0.16920000314712524,3550,0.0,0.0
2024-10-10 15:55:00-04:00,0.16910000145435333,0.17710000276565552,0.1679999977350235,0.17710000276565552,4913,0.0,0.0
2024-10-11 09:35:00-04:00,0.16500000655651093,0.16500000655651093,0.16500000655651093,0.16500000655651093,1221,0.0,0.0
2024-10-11 09:40:00-04:00,0.16509999334812164,0.16509999334812164,0.16509999334812164,0.16509999334812164,140,0.0,0.0
2024-10-11 10:05:00-04:00,0.16500000655651093,0.16500000655651093,0.16500000655651093,0.16500000655651093,11506,0.0,0.0
2024-10-11 10:15:00-04:00,0.16680000722408295,0.16750000417232513,0.16680000722408295,0.16750000417232513,5701,0.0,0.0
2024-10-11 10:25:00-04:00,0.1679999977350235,0.1679999977350235,0.16689999401569366,0.16689999401569366,5515,0.0,0.0
2024-10-11 10:30:00-04:00,0.1679999977350235,0.1770000010728836,0.1678999960422516,0.17499999701976776,38753,0.0,0.0
2024-10-11 10:40:00-04:00,0.17249999940395355,0.17249999940395355,0.17249999940395355,0.17249999940395355,1756,0.0,0.0
2024-10-11 10:50:00-04:00,0.17249999940395355,0.17249999940395355,0.16300000250339508,0.17000000178813934,25461,0.0,0.0
2024-10-11 11:10:00-04:00,0.1665000021457672,0.1665000021457672,0.1665000021457672,0.1665000021457672,169,0.0,0.0
2024-10-11 11:30:00-04:00,0.17239999771118164,0.17239999771118164,0.1665000021457672,0.1665000021457672,1509,0.0,0.0
2024-10-11 11:50:00-04:00,0.17229999601840973,0.17229999601840973,0.1665000021457672,0.1665000021457672,732,0.0,0.0
2024-10-11 12:15:00-04:00,0.16660000383853912,0.16660000383853912,0.16660000383853912,0.16660000383853912,105,0.0,0.0
2024-10-11 12:25:00-04:00,0.17219999432563782,0.17219999432563782,0.17219999432563782,0.17219999432563782,246,0.0,0.0
2024-10-11 12:45:00-04:00,0.16660000383853912,0.16660000383853912,0.16660000383853912,0.16660000383853912,105,0.0,0.0
2024-10-11 12:50:00-04:00,0.17239999771118164,0.17239999771118164,0.17239999771118164,0.17239999771118164,150,0.0,0.0
2024-10-11 13:05:00-04:00,0.17229999601840973,0.17239999771118164,0.17229999601840973,0.17239999771118164,3117,0.0,0.0
2024-10-11 13:25:00-04:00,0.16660000383853912,0.16660000383853912,0.16660000383853912,0.16660000383853912,201,0.0,0.0
2024-10-11 13:40:00-04:00,0.1688999980688095,0.1688999980688095,0.16660000383853912,0.16660000383853912,205,0.0,0.0
2024-10-11 13:55:00-04:00,0.16660000383853912,0.16660000383853912,0.16660000383853912,0.16660000383853912,480,0.0,0.0
2024-10-11 14:40:00-04:00,0.1679999977350235,0.17239999771118164,0.1679999977350235,0.17239999771118164,200,0.0,0.0
2024-10-11 14:45:00-04:00,0.1723559945821762,0.1723559945821762,0.1679999977350235,0.1679999977350235,1183,0.0,0.0
2024-10-11 14:50:00-04:00,0.17229899764060974,0.17229899764060974,0.1679999977350235,0.1679999977350235,1592,0.0,0.0
2024-10-11 14:55:00-04:00,0.17149999737739563,0.17159999907016754,0.1679999977350235,0.1679999977350235,1520,0.0,0.0
2024-10-11 15:00:00-04:00,0.1679999977350235,0.1679999977350235,0.1679999977350235,0.1679999977350235,1533,0.0,0.0
2024-10-11 15:05:00-04:00,0.1679999977350235,0.1679999977350235,0.1679999977350235,0.1679999977350235,210,0.0,0.0
2024-10-11 15:15:00-04:00,0.1679999977350235,0.1679999977350235,0.1679999977350235,0.1679999977350235,182,0.0,0.0
2024-10-11 15:40:00-04:00,0.17229999601840973,0.17229999601840973,0.17229999601840973,0.17229999601840973,100,0.0,0.0
2024-10-11 15:50:00-04:00,0.1679999977350235,0.1679999977350235,0.1679999977350235,0.1679999977350235,100,0.0,0.0
2024-10-14 09:30:00-04:00,0.1615999937057495,0.1655000001192093,0.1615999937057495,0.1655000001192093,948,0.0,0.0
2024-10-14 09:55:00-04:00,0.16990000009536743,0.16990000009536743,0.16990000009536743,0.16990000009536743,302,0.0,0.0
2024-10-14 10:00:00-04:00,0.16979999840259552,0.16990000009536743,0.1655000001192093,0.1655000001192093,28649,0.0,0.0
2024-10-14 10:15:00-04:00,0.16769999265670776,0.16769999265670776,0.16769999265670776,0.16769999265670776,100,0.0,0.0
2024-10-14 10:25:00-04:00,0.1655000001192093,0.1655000001192093,0.1655000001192093,0.1655000001192093,2155,0.0,0.0
2024-10-14 10:35:00-04:00,0.16989900171756744,0.16989900171756744,0.16989900171756744,0.16989900171756744,976,0.0,0.0
2024-10-14 10:45:00-04:00,0.1655000001192093,0.1655000001192093,0.1655000001192093,0.1655000001192093,1549,0.0,0.0
2024-10-14 11:05:00-04:00,0.1656000018119812,0.1656000018119812,0.1656000018119812,0.1656000018119812,247,0.0,0.0
2024-10-14 11:20:00-04:00,0.16990000009536743,0.16990000009536743,0.16990000009536743,0.16990000009536743,1303,0.0,0.0
2024-10-14 11:25:00-04:00,0.1656000018119812,0.1656000018119812,0.1655000001192093,0.1655000001192093,481,0.0,0.0
2024-10-14 12:10:00-04:00,0.16500000655651093,0.16500000655651093,0.16500000655651093,0.16500000655651093,100,0.0,0.0
2024-10-14 12:45:00-04:00,0.1657000035047531,0.1657000035047531,0.1657000035047531,0.1657000035047531,100,0.0,0.0
2024-10-14 13:00:00-04:00,0.1657000035047531,0.1657000035047531,0.1657000035047531,0.1657000035047531,100,0.0,0.0
2024-10-14 13:05:00-04:00,0.1736000031232834,0.1736000031232834,0.1736000031232834,0.1736000031232834,1900,0.0,0.0
2024-10-14 13:20:00-04:00,0.1657000035047531,0.1657000035047531,0.1657000035047531,0.1657000035047531,100,0.0,0.0
2024-10-14 14:00:00-04:00,0.17010000348091125,0.17329999804496765,0.17010000348091125,0.17329999804496765,300,0.0,0.0
2024-10-14 14:35:00-04:00,0.1720000058412552,0.1720000058412552,0.17180000245571136,0.1720000058412552,5170,0.0,0.0
2024-10-14 14:40:00-04:00,0.17010000348091125,0.17010000348091125,0.17010000348091125,0.17010000348091125,200,0.0,0.0
2024-10-14 15:05:00-04:00,0.1720000058412552,0.1720000058412552,0.17000000178813934,0.17000000178813934,2681,0.0,0.0
2024-10-14 15:50:00-04:00,0.1704999953508377,0.1704999953508377,0.1704999953508377,0.1704999953508377,0,0.0,0.0
2024-10-15 09:30:00-04:00,0.1704999953508377,0.1704999953508377,0.17010000348091125,0.17010000348091125,624,0.0,0.0
2024-10-15 09:35:00-04:00,0.1704999953508377,0.1704999953508377,0.1704999953508377,0.1704999953508377,225,0.0,0.0
2024-10-15 09:40:00-04:00,0.16519999504089355,0.16830100119113922,0.16519999504089355,0.16520099341869354,4505,0.0,0.0
2024-10-15 10:00:00-04:00,0.16529999673366547,0.17149999737739563,0.16529999673366547,0.17139999568462372,713,0.0,0.0
2024-10-15 10:05:00-04:00,0.17139999568462372,0.17139999568462372,0.17100000381469727,0.17100000381469727,1358,0.0,0.0
2024-10-15 10:20:00-04:00,0.17100000381469727,0.17100000381469727,0.17100000381469727,0.17100000381469727,188,0.0,0.0
2024-10-15 10:40:00-04:00,0.1656000018119812,0.16830000281333923,0.1656000018119812,0.1656000018119812,1315,0.0,0.0
2024-10-15 11:50:00-04:00,0.1709900051355362,0.1709900051355362,0.1709900051355362,0.1709900051355362,2040,0.0,0.0
2024-10-15 12:00:00-04:00,0.17100000381469727,0.17100000381469727,0.17100000381469727,0.17100000381469727,300,0.0,0.0
2024-10-15 12:05:00-04:00,0.16580000519752502,0.16580000519752502,0.16580000519752502,0.16580000519752502,520,0.0,0.0
2024-10-15 12:20:00-04:00,0.16580000519752502,0.16580000519752502,0.16580000519752502,0.16580000519752502,187,0.0,0.0
2024-10-15 12:45:00-04:00,0.17100000381469727,0.17100000381469727,0.17100000381469727,0.17100000381469727,308,0.0,0.0
2024-10-15 12:50:00-04:00,0.16899999976158142,0.16899999976158142,0.16899999976158142,0.16899999976158142,308,0.0,0.0
2024-10-15 13:05:00-04:00,0.16899999976158142,0.16899999976158142,0.16699999570846558,0.16699999570846558,4090,0.0,0.0
2024-10-15 13:10:00-04:00,0.16859999299049377,0.16859999299049377,0.16859999299049377,0.16859999299049377,1086,0.0,0.0
2024-10-15 13:20:00-04:00,0.1671999990940094,0.1671999990940094,0.1671999990940094,0.1671999990940094,103,0.0,0.0
2024-10-15 13:35:00-04:00,0.16699999570846558,0.16699999570846558,0.16699999570846558,0.16699999570846558,109,0.0,0.0
2024-10-15 14:15:00-04:00,0.16949999332427979,0.16949999332427979,0.16820000112056732,0.16820000112056732,1000,0.0,0.0
2024-10-15 14:20:00-04:00,0.16820000112056732,0.16820000112056732,0.16820000112056732,0.16820000112056732,120,0.0,0.0
2024-10-15 14:45:00-04:00,0.17000000178813934,0.17000000178813934,0.16830000281333923,0.16830000281333923,700,0.0,0.0
2024-10-15 15:45:00-04:00,0.17100000381469727,0.17149999737739563,0.16859999299049377,0.16859999299049377,1533,0.0,0.0
2024-10-15 15:50:00-04:00,0.16859999299049377,0.17010000348091125,0.16859999299049377,0.17010000348091125,330,0.0,0.0
2024-10-15 15:55:00-04:00,0.16859999299049377,0.16859999299049377,0.16859999299049377,0.16859999299049377,17709,0.0,0.0
2024-10-16 09:30:00-04:00,0.16859999299049377,0.18000000715255737,0.16859999299049377,0.18000000715255737,68857,0.0,0.0
2024-10-16 09:35:00-04:00,0.18987999856472015,0.18987999856472015,0.18987999856472015,0.18987999856472015,893,0.0,0.0
2024-10-16 09:40:00-04:00,0.1851000040769577,0.1899999976158142,0.1850000023841858,0.1850000023841858,40196,0.0,0.0
2024-10-16 09:45:00-04:00,0.1850000023841858,0.1850000023841858,0.18000000715255737,0.18330000340938568,8502,0.0,0.0
2024-10-16 09:50:00-04:00,0.18119999766349792,0.18700000643730164,0.181099995970726,0.18700000643730164,7720,0.0,0.0
2024-10-16 10:00:00-04:00,0.18700000643730164,0.1906999945640564,0.1860000044107437,0.18950000405311584,25209,0.0,0.0
2024-10-16 10:05:00-04:00,0.1889999955892563,0.18950000405311584,0.18170000612735748,0.18950000405311584,16080,0.0,0.0
2024-10-16 10:10:00-04:00,0.1889999955892563,0.1889999955892563,0.1889999955892563,0.1889999955892563,119,0.0,0.0
2024-10-16 10:15:00-04:00,0.1889999955892563,0.1899999976158142,0.18709999322891235,0.18860000371932983,49876,0.0,0.0
2024-10-16 10:20:00-04:00,0.18860000371932983,0.18860000371932983,0.18850000202655792,0.18850000202655792,281,0.0,0.0
2024-10-16 10:25:00-04:00,0.18860000371932983,0.18860000371932983,0.18539999425411224,0.18539999425411224,5915,0.0,0.0
2024-10-16 10:30:00-04:00,0.18860000371932983,0.18860000371932983,0.17059999704360962,0.17059999704360962,54634,0.0,0.0
2024-10-16 10:35:00-04:00,0.18000000715255737,0.18000000715255737,0.18000000715255737,0.18000000715255737,150,0.0,0.0
2024-10-16 10:40:00-04:00,0.1817999929189682,0.1817999929189682,0.1817999929189682,0.1817999929189682,249,0.0,0.0
2024-10-16 10:55:00-04:00,0.1817999929189682,0.18799999356269836,0.18000000715255737,0.18799999356269836,4423,0.0,0.0
2024-10-16 11:00:00-04:00,0.1800999939441681,0.1800999939441681,0.1800999939441681,0.1800999939441681,207,0.0,0.0
2024-10-16 11:10:00-04:00,0.1800999939441681,0.1800999939441681,0.1800999939441681,0.1800999939441681,152,0.0,0.0
2024-10-16 11:20:00-04:00,0.1800999939441681,0.1800999939441681,0.1800999939441681,0.1800999939441681,152,0.0,0.0
2024-10-16 11:35:00-04:00,0.1800999939441681,0.1800999939441681,0.1800999939441681,0.1800999939441681,206,0.0,0.0
2024-10-16 11:40:00-04:00,0.1800999939441681,0.18289999663829803,0.1800999939441681,0.18289999663829803,376,0.0,0.0
2024-10-16 11:45:00-04:00,0.18289999663829803,0.18289999663829803,0.18289999663829803,0.18289999663829803,531,0.0,0.0
2024-10-16 11:55:00-04:00,0.1800999939441681,0.1800999939441681,0.1800999939441681,0.1800999939441681,106,0.0,0.0
2024-10-16 12:00:00-04:00,0.18449999392032623,0.18449999392032623,0.18299999833106995,0.18299999833106995,722,0.0,0.0
2024-10-16 12:05:00-04:00,0.18299999833106995,0.18299999833106995,0.18299999833106995,0.18299999833106995,100,0.0,0.0
2024-10-16 12:10:00-04:00,0.18437999486923218,0.1860000044107437,0.18437999486923218,0.1860000044107437,13436,0.0,0.0
2024-10-16 12:15:00-04:00,0.18649999797344208,0.18649999797344208,0.18629999458789825,0.18629999458789825,11593,0.0,0.0
2024-10-16 12:25:00-04:00,0.18719999492168427,0.18719999492168427,0.18629999458789825,0.18629999458789825,10319,0.0,0.0
2024-10-16 12:30:00-04:00,0.1860000044107437,0.1870349943637848,0.18400000035762787,0.1860000044107437,6208,0.0,0.0
2024-10-16 12:40:00-04:00,0.1860000044107437,0.18799999356269836,0.1860000044107437,0.1860000044107437,3149,0.0,0.0
2024-10-16 12:50:00-04:00,0.1850000023841858,0.1851000040769577,0.1850000023841858,0.1850000023841858,1238,0.0,0.0
2024-10-16 12:55:00-04:00,0.1851000040769577,0.1851000040769577,0.1850000023841858,0.1850000023841858,2251,0.0,0.0
2024-10-16 13:10:00-04:00,0.1800999939441681,0.18799999356269836,0.1800999939441681,0.18799999356269836,2818,0.0,0.0
2024-10-16 13:15:00-04:00,0.1850000023841858,0.18789899349212646,0.1808999925851822,0.1843000054359436,2563,0.0,0.0
2024-10-16 13:20:00-04:00,0.1843000054359436,0.1843000054359436,0.1843000054359436,0.1843000054359436,1530,0.0,0.0
2024-10-16 13:25:00-04:00,0.18019999563694,0.18019999563694,0.1800999939441681,0.1800999939441681,325,0.0,0.0
2024-10-16 13:35:00-04:00,0.18019999563694,0.18024800717830658,0.18019999563694,0.18024800717830658,621,0.0,0.0
2024-10-16 13:45:00-04:00,0.18019999563694,0.18019999563694,0.18019999563694,0.18019999563694,259,0.0,0.0
2024-10-16 14:15:00-04:00,0.18029999732971191,0.18029999732971191,0.18019999563694,0.18019999563694,2002,0.0,0.0
2024-10-16 14:25:00-04:00,0.18019999563694,0.18019999563694,0.18019999563694,0.18019999563694,1102,0.0,0.0
2024-10-16 14:30:00-04:00,0.1800999939441681,0.1800999939441681,0.1800999939441681,0.1800999939441681,101,0.0,0.0
2024-10-16 14:35:00-04:00,0.1850000023841858,0.1850000023841858,0.1850000023841858,0.1850000023841858,200,0.0,0.0
2024-10-16 14:45:00-04:00,0.181099995970726,0.181099995970726,0.181099995970726,0.181099995970726,201,0.0,0.0
2024-10-16 14:50:00-04:00,0.1850000023841858,0.1850000023841858,0.18000000715255737,0.18000000715255737,9319,0.0,0.0
2024-10-16 15:00:00-04:00,0.181099995970726,0.181099995970726,0.181099995970726,0.181099995970726,501,0.0,0.0
2024-10-16 15:25:00-04:00,0.181099995970726,0.18199999630451202,0.181099995970726,0.18199999630451202,1188,0.0,0.0
2024-10-16 15:30:00-04:00,0.1809999942779541,0.18299999833106995,0.1793999969959259,0.18299999833106995,12446,0.0,0.0
2024-10-16 15:35:00-04:00,0.18299999833106995,0.18299999833106995,0.18299999833106995,0.18299999833106995,332,0.0,0.0
2024-10-16 15:40:00-04:00,0.1800999939441681,0.1800999939441681,0.1800999939441681,0.1800999939441681,205,0.0,0.0
2024-10-16 15:50:00-04:00,0.18299999833106995,0.18299999833106995,0.18299999833106995,0.18299999833106995,242,0.0,0.0
2024-10-16 15:55:00-04:00,0.18299999833106995,0.18299999833106995,0.18299999833106995,0.18299999833106995,0,0.0,0.0
2024-10-17 09:30:00-04:00,0.17790000140666962,0.17990000545978546,0.17299999296665192,0.17499999701976776,7220,0.0,0.0
2024-10-17 09:35:00-04:00,0.17499999701976776,0.17499999701976776,0.17499999701976776,0.17499999701976776,929,0.0,0.0
2024-10-17 09:40:00-04:00,0.17499999701976776,0.17499999701976776,0.17499999701976776,0.17499999701976776,1361,0.0,0.0
2024-10-17 09:45:00-04:00,0.17499999701976776,0.1850000023841858,0.17299999296665192,0.1780499964952469,1430,0.0,0.0
2024-10-17 09:50:00-04:00,0.18000000715255737,0.18000000715255737,0.17990000545978546,0.17990000545978546,785,0.0,0.0
2024-10-17 10:00:00-04:00,0.18000000715255737,0.18000000715255737,0.17499999701976776,0.17499999701976776,8265,0.0,0.0
2024-10-17 10:05:00-04:00,0.18000000715255737,0.18000000715255737,0.18000000715255737,0.18000000715255737,473,0.0,0.0
2024-10-17 10:15:00-04:00,0.18000000715255737,0.18000000715255737,0.18000000715255737,0.18000000715255737,1720,0.0,0.0
2024-10-17 10:20:00-04:00,0.17319999635219574,0.17319999635219574,0.17319999635219574,0.17319999635219574,289,0.0,0.0
2024-10-17 10:30:00-04:00,0.17409999668598175,0.17409999668598175,0.17409999668598175,0.17409999668598175,100,0.0,0.0
2024-10-17 10:50:00-04:00,0.17409999668598175,0.17489999532699585,0.17409999668598175,0.17489999532699585,2673,0.0,0.0
2024-10-17 11:05:00-04:00,0.17419999837875366,0.17419999837875366,0.17419999837875366,0.17419999837875366,155,0.0,0.0
2024-10-17 11:20:00-04:00,0.17420099675655365,0.17420099675655365,0.17420099675655365,0.17420099675655365,552,0.0,0.0
2024-10-17 11:40:00-04:00,0.18299999833106995,0.18299999833106995,0.17419999837875366,0.17419999837875366,3770,0.0,0.0
2024-10-17 12:00:00-04:00,0.17399999499320984,0.17399999499320984,0.17399999499320984,0.17399999499320984,10101,0.0,0.0
2024-10-17 12:10:00-04:00,0.1826999932527542,0.1826999932527542,0.1826999932527542,0.1826999932527542,290,0.0,0.0
2024-10-17 13:10:00-04:00,0.18000000715255737,0.18000000715255737,0.18000000715255737,0.18000000715255737,449,0.0,0.0
2024-10-17 13:15:00-04:00,0.1826999932527542,0.1826999932527542,0.1826999932527542,0.1826999932527542,100,0.0,0.0
2024-10-17 13:25:00-04:00,0.18209999799728394,0.1826999932527542,0.18209999799728394,0.1826999932527542,800,0.0,0.0
2024-10-17 13:30:00-04:00,0.18299999833106995,0.18449999392032623,0.18299999833106995,0.1843000054359436,3066,0.0,0.0
2024-10-17 13:35:00-04:00,0.18219999969005585,0.18219999969005585,0.18219999969005585,0.18219999969005585,2010,0.0,0.0
2024-10-17 13:45:00-04:00,0.18490000069141388,0.1850000023841858,0.18490000069141388,0.1850000023841858,6753,0.0,0.0
2024-10-17 13:50:00-04:00,0.18799999356269836,0.18799999356269836,0.18219999969005585,0.18219999969005585,3223,0.0,0.0
2024-10-17 14:20:00-04:00,0.18799999356269836,0.18799999356269836,0.18799999356269836,0.18799999356269836,514,0.0,0.0
2024-10-17 14:30:00-04:00,0.18799999356269836,0.18799999356269836,0.1826000064611435,0.1826000064611435,653,0.0,0.0
2024-10-17 14:35:00-04:00,0.1826999932527542,0.1868000030517578,0.1826999932527542,0.1868000030517578,453,0.0,0.0
2024-10-17 15:15:00-04:00,0.186599999666214,0.186599999666214,0.186599999666214,0.186599999666214,100,0.0,0.0
2024-10-17 15:20:00-04:00,0.18569999933242798,0.18639999628067017,0.18569999933242798,0.18569999933242798,4118,0.0,0.0
2024-10-17 15:45:00-04:00,0.18649999797344208,0.18649999797344208,0.1850000023841858,0.1850000023841858,2650,0.0,0.0
2024-10-17 15:55:00-04:00,0.18559999763965607,0.18559999763965607,0.18559999763965607,0.18559999763965607,212,0.0,0.0
2024-10-18 09:30:00-04:00,0.18700000643730164,0.18700000643730164,0.18700000643730164,0.18700000643730164,850,0.0,0.0
2024-10-18 09:55:00-04:00,0.18039999902248383,0.18039999902248383,0.18039999902248383,0.18039999902248383,721,0.0,0.0
2024-10-18 10:05:00-04:00,0.1860000044107437,0.1860000044107437,0.1860000044107437,0.1860000044107437,120,0.0,0.0
2024-10-18 10:15:00-04:00,0.18529999256134033,0.18529999256134033,0.18529999256134033,0.18529999256134033,1000,0.0,0.0
2024-10-18 10:20:00-04:00,0.18029999732971191,0.18029999732971191,0.17350000143051147,0.17350000143051147,10520,0.0,0.0
2024-10-18 10:40:00-04:00,0.17509999871253967,0.17900000512599945,0.17509999871253967,0.17900000512599945,5110,0.0,0.0
2024-10-18 10:50:00-04:00,0.17509999871253967,0.17509999871253967,0.17509999871253967,0.17509999871253967,525,0.0,0.0
2024-10-18 11:50:00-04:00,0.1754000037908554,0.1850000023841858,0.1754000037908554,0.1850000023841858,290,0.0,0.0
2024-10-18 11:55:00-04:00,0.18400000035762787,0.18400000035762787,0.17550000548362732,0.17550000548362732,200,0.0,0.0
2024-10-18 12:00:00-04:00,0.17550000548362732,0.17550000548362732,0.17550000548362732,0.17550000548362732,280,0.0,0.0
2024-10-18 12:15:00-04:00,0.17550000548362732,0.17550000548362732,0.17550000548362732,0.17550000548362732,1216,0.0,0.0
2024-10-18 12:40:00-04:00,0.17900000512599945,0.17900000512599945,0.17900000512599945,0.17900000512599945,115,0.0,0.0
2024-10-18 12:45:00-04:00,0.17599999904632568,0.17599999904632568,0.17599999904632568,0.17599999904632568,569,0.0,0.0
2024-10-18 13:00:00-04:00,0.17589999735355377,0.17589999735355377,0.17579999566078186,0.17579999566078186,3528,0.0,0.0
2024-10-18 13:15:00-04:00,0.1759909987449646,0.1759909987449646,0.1759909987449646,0.1759909987449646,1000,0.0,0.0
2024-10-18 13:20:00-04:00,0.17589999735355377,0.17599999904632568,0.17589999735355377,0.17599999904632568,300,0.0,0.0
2024-10-18 13:25:00-04:00,0.1761000007390976,0.1850000023841858,0.1761000007390976,0.1850000023841858,547,0.0,0.0
2024-10-18 13:35:00-04:00,0.17659999430179596,0.17659999430179596,0.17659999430179596,0.17659999430179596,480,0.0,0.0
2024-10-18 13:50:00-04:00,0.18084900081157684,0.18084900081157684,0.18084900081157684,0.18084900081157684,118,0.0,0.0
2024-10-18 14:40:00-04:00,0.1830500066280365,0.1835000067949295,0.181099995970726,0.181099995970726,990,0.0,0.0
2024-10-18 15:00:00-04:00,0.1793999969959259,0.1793999969959259,0.1793999969959259,0.1793999969959259,1190,0.0,0.0
2024-10-18 15:05:00-04:00,0.18000000715255737,0.18000000715255737,0.18000000715255737,0.18000000715255737,310,0.0,0.0
2024-10-18 15:10:00-04:00,0.18000000715255737,0.18000000715255737,0.18000000715255737,0.18000000715255737,700,0.0,0.0
2024-10-18 15:15:00-04:00,0.18000000715255737,0.18050000071525574,0.17949999868869781,0.18050000071525574,1104,0.0,0.0
2024-10-18 15:20:00-04:00,0.18060000240802765,0.18080000579357147,0.18060000240802765,0.18060000240802765,5300,0.0,0.0
2024-10-18 15:25:00-04:00,0.18070000410079956,0.181099995970726,0.18060000240802765,0.181099995970726,9700,0.0,0.0
2024-10-18 15:30:00-04:00,0.18060000240802765,0.18279999494552612,0.18060000240802765,0.1809999942779541,11239,0.0,0.0
2024-10-18 15:35:00-04:00,0.1793999969959259,0.1793999969959259,0.1768999993801117,0.1768999993801117,6820,0.0,0.0
2024-10-18 15:45:00-04:00,0.1768999993801117,0.1768999993801117,0.17589999735355377,0.17589999735355377,2440,0.0,0.0
2024-10-18 15:55:00-04:00,0.18049900233745575,0.18049900233745575,0.18049900233745575,0.18049900233745575,129,0.0,0.0
2024-10-21 09:30:00-04:00,0.18649999797344208,0.18649999797344208,0.18649999797344208,0.18649999797344208,4183,0.0,0.0
2024-10-21 10:00:00-04:00,0.17599999904632568,0.17599999904632568,0.17499999701976776,0.17599999904632568,503,0.0,0.0
2024-10-21 10:05:00-04:00,0.1770000010728836,0.1784999966621399,0.17000000178813934,0.1784999966621399,35900,0.0,0.0
2024-10-21 10:25:00-04:00,0.18599900603294373,0.18599900603294373,0.18599900603294373,0.18599900603294373,280,0.0,0.0
2024-10-21 10:30:00-04:00,0.1785999983549118,0.1785999983549118,0.17509999871253967,0.17509999871253967,5115,0.0,0.0
2024-10-21 10:45:00-04:00,0.1785999983549118,0.1785999983549118,0.1785999983549118,0.1785999983549118,101,0.0,0.0
2024-10-21 11:15:00-04:00,0.18000000715255737,0.18000000715255737,0.17339999973773956,0.17339999973773956,1839,0.0,0.0
2024-10-21 11:20:00-04:00,0.18019999563694,0.18019999563694,0.18019999563694,0.18019999563694,100,0.0,0.0
2024-10-21 11:35:00-04:00,0.17865000665187836,0.17865000665187836,0.17865000665187836,0.17865000665187836,276,0.0,0.0
2024-10-21 12:20:00-04:00,0.18299999833106995,0.18449999392032623,0.18299999833106995,0.18449999392032623,8353,0.0,0.0
2024-10-21 12:35:00-04:00,0.17900000512599945,0.17900000512599945,0.17900000512599945,0.17900000512599945,580,0.0,0.0
2024-10-21 12:45:00-04:00,0.18289999663829803,0.18440000712871552,0.18289999663829803,0.18440000712871552,2296,0.0,0.0
2024-10-21 13:00:00-04:00,0.181099995970726,0.181099995970726,0.18000000715255737,0.18000000715255737,4367,0.0,0.0
2024-10-21 13:05:00-04:00,0.18000000715255737,0.18000000715255737,0.18000000715255737,0.18000000715255737,500,0.0,0.0
2024-10-21 13:10:00-04:00,0.18400000035762787,0.18449999392032623,0.18400000035762787,0.18449999392032623,2187,0.0,0.0
2024-10-21 13:20:00-04:00,0.17900000512599945,0.17900000512599945,0.17900000512599945,0.17900000512599945,718,0.0,0.0
2024-10-21 13:40:00-04:00,0.1809999942779541,0.1809999942779541,0.18000000715255737,0.18019999563694,3814,0.0,0.0
2024-10-21 13:45:00-04:00,0.1851000040769577,0.1851000040769577,0.1851000040769577,0.1851000040769577,487,0.0,0.0
2024-10-21 13:55:00-04:00,0.1850000023841858,0.1850000023841858,0.1850000023841858,0.1850000023841858,864,0.0,0.0
2024-10-21 14:00:00-04:00,0.1850000023841858,0.1850000023841858,0.1850000023841858,0.1850000023841858,300,0.0,0.0
2024-10-21 14:05:00-04:00,0.18490000069141388,0.18490000069141388,0.17800000309944153,0.17800000309944153,5082,0.0,0.0
2024-10-21 14:35:00-04:00,0.17900000512599945,0.17900000512599945,0.17900000512599945,0.17900000512599945,310,0.0,0.0
2024-10-21 14:40:00-04:00,0.18000000715255737,0.18000000715255737,0.18000000715255737,0.18000000715255737,132,0.0,0.0
2024-10-21 14:50:00-04:00,0.18000000715255737,0.18000000715255737,0.18000000715255737,0.18000000715255737,276,0.0,0.0
2024-10-21 15:05:00-04:00,0.18059399724006653,0.18059399724006653,0.18059399724006653,0.18059399724006653,486,0.0,0.0
2024-10-21 15:20:00-04:00,0.181099995970726,0.181099995970726,0.181099995970726,0.181099995970726,100,0.0,0.0
2024-10-21 15:25:00-04:00,0.181099995970726,0.181099995970726,0.181099995970726,0.181099995970726,100,0.0,0.0
2024-10-21 15:30:00-04:00,0.1812009960412979,0.1812009960412979,0.1812009960412979,0.1812009960412979,1000,0.0,0.0
2024-10-21 15:50:00-04:00,0.18199999630451202,0.18199999630451202,0.18199999630451202,0.18199999630451202,110,0.0,0.0
2024-10-21 15:55:00-04:00,0.18279999494552612,0.18289999663829803,0.181099995970726,0.18289999663829803,0,0.0,0.0
2024-10-22 09:30:00-04:00,0.18289999663829803,0.18289999663829803,0.18289999663829803,0.18289999663829803,689,0.0,0.0
2024-10-22 09:35:00-04:00,0.18490000069141388,0.18490000069141388,0.18490000069141388,0.18490000069141388,114,0.0,0.0
2024-10-22 09:50:00-04:00,0.17720000445842743,0.17720000445842743,0.17294399440288544,0.17294399440288544,5555,0.0,0.0
2024-10-22 09:55:00-04:00,0.17710000276565552,0.17710000276565552,0.17710000276565552,0.17710000276565552,100,0.0,0.0
2024-10-22 10:10:00-04:00,0.18479999899864197,0.18479999899864197,0.17710000276565552,0.17710000276565552,2120,0.0,0.0
2024-10-22 10:25:00-04:00,0.17212900519371033,0.17212900519371033,0.17212900519371033,0.17212900519371033,889,0.0,0.0
2024-10-22 10:35:00-04:00,0.17350000143051147,0.17350000143051147,0.17350000143051147,0.17350000143051147,530,0.0,0.0
2024-10-22 10:40:00-04:00,0.18400000035762787,0.18479999899864197,0.17800000309944153,0.18479999899864197,1145,0.0,0.0
2024-10-22 11:10:00-04:00,0.17919999361038208,0.17919999361038208,0.17919999361038208,0.17919999361038208,520,0.0,0.0
2024-10-22 11:15:00-04:00,0.17919999361038208,0.17919999361038208,0.17919999361038208,0.17919999361038208,1501,0.0,0.0
2024-10-22 12:00:00-04:00,0.1771010011434555,0.1771010011434555,0.1771010011434555,0.1771010011434555,1180,0.0,0.0
2024-10-22 12:05:00-04:00,0.17710000276565552,0.17710000276565552,0.17710000276565552,0.17710000276565552,1217,0.0,0.0
2024-10-22 12:20:00-04:00,0.17509999871253967,0.17509999871253967,0.17509999871253967,0.17509999871253967,597,0.0,0.0
2024-10-22 12:45:00-04:00,0.18050000071525574,0.18050000071525574,0.18050000071525574,0.18050000071525574,265,0.0,0.0
2024-10-22 13:45:00-04:00,0.17509999871253967,0.18490000069141388,0.17509999871253967,0.18490000069141388,20100,0.0,0.0
2024-10-22 13:50:00-04:00,0.1835000067949295,0.1835000067949295,0.1835000067949295,0.1835000067949295,137,0.0,0.0
2024-10-22 13:55:00-04:00,0.17569999396800995,0.17569999396800995,0.17569999396800995,0.17569999396800995,198,0.0,0.0
2024-10-22 14:20:00-04:00,0.17550000548362732,0.17550000548362732,0.17550000548362732,0.17550000548362732,2699,0.0,0.0
2024-10-22 14:30:00-04:00,0.17599999904632568,0.17599999904632568,0.17599999904632568,0.17599999904632568,231,0.0,0.0
2024-10-22 14:35:00-04:00,0.17569999396800995,0.17569999396800995,0.17569999396800995,0.17569999396800995,400,0.0,0.0
2024-10-22 14:55:00-04:00,0.18050000071525574,0.18050000071525574,0.18050000071525574,0.18050000071525574,170,0.0,0.0
2024-10-22 15:00:00-04:00,0.1826999932527542,0.1826999932527542,0.1826999932527542,0.1826999932527542,700,0.0,0.0
2024-10-22 15:05:00-04:00,0.1842000037431717,0.1842000037431717,0.18410000205039978,0.18410000205039978,1400,0.0,0.0
2024-10-22 15:10:00-04:00,0.1826000064611435,0.1826000064611435,0.1826000064611435,0.1826000064611435,100,0.0,0.0
2024-10-22 15:40:00-04:00,0.18479999899864197,0.18479999899864197,0.17579999566078186,0.17579999566078186,1000,0.0,0.0
2024-10-22 15:45:00-04:00,0.18479999899864197,0.18479999899864197,0.18479999899864197,0.18479999899864197,580,0.0,0.0
2024-10-23 09:30:00-04:00,0.1860000044107437,0.1860000044107437,0.1860000044107437,0.1860000044107437,5934,0.0,0.0
2024-10-23 09:35:00-04:00,0.18070000410079956,0.18070000410079956,0.17980000376701355,0.17980000376701355,1031,0.0,0.0
2024-10-23 09:40:00-04:00,0.17980000376701355,0.17980000376701355,0.17980000376701355,0.17980000376701355,120,0.0,0.0
2024-10-23 09:55:00-04:00,0.1809999942779541,0.18219999969005585,0.18000000715255737,0.18219999969005585,2276,0.0,0.0
2024-10-23 10:50:00-04:00,0.17679999768733978,0.1770000010728836,0.17679999768733978,0.17679999768733978,15648,0.0,0.0
2024-10-23 12:00:00-04:00,0.18080000579357147,0.18080000579357147,0.18080000579357147,0.18080000579357147,561,0.0,0.0
2024-10-23 13:00:00-04:00,0.17680999636650085,0.17680999636650085,0.17680999636650085,0.17680999636650085,401,0.0,0.0
2024-10-23 13:25:00-04:00,0.18000000715255737,0.18000000715255737,0.18000000715255737,0.18000000715255737,286,0.0,0.0
2024-10-23 15:15:00-04:00,0.17679999768733978,0.17679999768733978,0.17679999768733978,0.17679999768733978,100,0.0,0.0
2024-10-23 15:20:00-04:00,0.1809999942779541,0.1809999942779541,0.1809999942779541,0.1809999942779541,425,0.0,0.0
2024-10-23 15:55:00-04:00,0.18299999833106995,0.18299999833106995,0.18299999833106995,0.18299999833106995,228,0.0,0.0
2024-10-24 09:30:00-04:00,0.18080000579357147,0.18080000579357147,0.18070000410079956,0.18070000410079956,3309,0.0,0.0
2024-10-24 09:35:00-04:00,0.18060000240802765,0.18070000410079956,0.18060000240802765,0.18070000410079956,5025,0.0,0.0
2024-10-24 10:30:00-04:00,0.18052299320697784,0.18052299320697784,0.18052299320697784,0.18052299320697784,100,0.0,0.0
2024-10-24 10:45:00-04:00,0.18000000715255737,0.18000000715255737,0.1720000058412552,0.1720000058412552,21601,0.0,0.0
2024-10-24 10:50:00-04:00,0.1720000058412552,0.1720000058412552,0.1720000058412552,0.1720000058412552,1167,0.0,0.0
2024-10-24 10:55:00-04:00,0.1720999926328659,0.17634999752044678,0.1720999926328659,0.17634999752044678,3285,0.0,0.0
2024-10-24 11:00:00-04:00,0.17730000615119934,0.17730000615119934,0.17730000615119934,0.17730000615119934,101,0.0,0.0
2024-10-24 11:50:00-04:00,0.17779900133609772,0.17779900133609772,0.17499999701976776,0.17499999701976776,5122,0.0,0.0
2024-10-24 11:55:00-04:00,0.17499999701976776,0.17499999701976776,0.17499999701976776,0.17499999701976776,1318,0.0,0.0
2024-10-24 13:55:00-04:00,0.17000000178813934,0.17000000178813934,0.17000000178813934,0.17000000178813934,500,0.0,0.0
2024-10-24 14:00:00-04:00,0.17489999532699585,0.17489999532699585,0.17489999532699585,0.17489999532699585,900,0.0,0.0
2024-10-24 14:10:00-04:00,0.17489999532699585,0.17489999532699585,0.17489999532699585,0.17489999532699585,114,0.0,0.0
2024-10-24 14:15:00-04:00,0.17499999701976776,0.17499999701976776,0.17499999701976776,0.17499999701976776,686,0.0,0.0
2024-10-24 14:25:00-04:00,0.17499999701976776,0.17499999701976776,0.17499999701976776,0.17499999701976776,108,0.0,0.0
2024-10-24 14:40:00-04:00,0.17350000143051147,0.17350000143051147,0.17350000143051147,0.17350000143051147,1800,0.0,0.0
2024-10-24 15:45:00-04:00,0.18000000715255737,0.18060000240802765,0.17900000512599945,0.18060000240802765,10100,0.0,0.0
2024-10-24 15:50:00-04:00,0.18070000410079956,0.1809999942779541,0.18070000410079956,0.1809999942779541,926,0.0,0.0
2024-10-25 09:30:00-04:00,0.18799999356269836,0.18799999356269836,0.18799999356269836,0.18799999356269836,1251,0.0,0.0
2024-10-25 09:35:00-04:00,0.17000000178813934,0.17000000178813934,0.17000000178813934,0.17000000178813934,323,0.0,0.0
2024-10-25 09:45:00-04:00,0.1737000048160553,0.1737000048160553,0.1737000048160553,0.1737000048160553,2837,0.0,0.0
2024-10-25 09:55:00-04:00,0.17389999330043793,0.1754000037908554,0.17389999330043793,0.1754000037908554,764,0.0,0.0
2024-10-25 10:15:00-04:00,0.17560000717639923,0.1808999925851822,0.17560000717639923,0.1782499998807907,1342,0.0,0.0
2024-10-25 11:25:00-04:00,0.1808999925851822,0.1808999925851822,0.17880000174045563,0.17880000174045563,1426,0.0,0.0
2024-10-25 11:35:00-04:00,0.1860000044107437,0.1860000044107437,0.1860000044107437,0.1860000044107437,1134,0.0,0.0
2024-10-25 11:50:00-04:00,0.18230000138282776,0.18230000138282776,0.18230000138282776,0.18230000138282776,2000,0.0,0.0
2024-10-25 11:55:00-04:00,0.18410000205039978,0.18410000205039978,0.18410000205039978,0.18410000205039978,495,0.0,0.0
2024-10-25 12:05:00-04:00,0.18410000205039978,0.1860000044107437,0.1784999966621399,0.1784999966621399,16451,0.0,0.0
2024-10-25 12:35:00-04:00,0.18230000138282776,0.18230000138282776,0.18230000138282776,0.18230000138282776,160,0.0,0.0
2024-10-25 13:05:00-04:00,0.18199999630451202,0.1850000023841858,0.1818999946117401,0.1850000023841858,11022,0.0,0.0
2024-10-25 13:10:00-04:00,0.18589900434017181,0.1860000044107437,0.18239900469779968,0.1860000044107437,7716,0.0,0.0
2024-10-25 13:20:00-04:00,0.18029999732971191,0.18029999732971191,0.18029999732971191,0.18029999732971191,2001,0.0,0.0
2024-10-25 13:55:00-04:00,0.1850000023841858,0.1850000023841858,0.18490000069141388,0.18490000069141388,1995,0.0,0.0
2024-10-25 14:00:00-04:00,0.18264999985694885,0.18264999985694885,0.18039999902248383,0.18195000290870667,9694,0.0,0.0
2024-10-25 14:05:00-04:00,0.18195000290870667,0.18490000069141388,0.18195000290870667,0.18490000069141388,962,0.0,0.0
2024-10-25 14:10:00-04:00,0.17900000512599945,0.17900000512599945,0.17900000512599945,0.17900000512599945,214,0.0,0.0
2024-10-25 15:50:00-04:00,0.18490000069141388,0.1860000044107437,0.18440000712871552,0.18459999561309814,16766,0.0,0.0
2024-10-25 15:55:00-04:00,0.18285000324249268,0.18285000324249268,0.17880000174045563,0.17880000174045563,2833,0.0,0.0
2024-10-28 09:30:00-04:00,0.19439999759197235,0.19439999759197235,0.1809999942779541,0.1809999942779541,3783,0.0,0.0
2024-10-28 09:50:00-04:00,0.1809999942779541,0.18165099620819092,0.1809999942779541,0.18165099620819092,14913,0.0,0.0
2024-10-28 09:55:00-04:00,0.18170000612735748,0.18170000612735748,0.18170000612735748,0.18170000612735748,5000,0.0,0.0
2024-10-28 10:05:00-04:00,0.181099995970726,0.181099995970726,0.181099995970726,0.181099995970726,1804,0.0,0.0
2024-10-28 10:15:00-04:00,0.18349899351596832,0.18349899351596832,0.18349899351596832,0.18349899351596832,3000,0.0,0.0
2024-10-28 10:20:00-04:00,0.181099995970726,0.181099995970726,0.181099995970726,0.181099995970726,4205,0.0,0.0
2024-10-28 10:25:00-04:00,0.1850000023841858,0.18869900703430176,0.1850000023841858,0.18869900703430176,9100,0.0,0.0
2024-10-28 10:30:00-04:00,0.18870000541210175,0.18870000541210175,0.18870000541210175,0.18870000541210175,3000,0.0,0.0
2024-10-28 10:35:00-04:00,0.18689900636672974,0.18700000643730164,0.18119999766349792,0.18119999766349792,5425,0.0,0.0
2024-10-28 10:45:00-04:00,0.18700000643730164,0.18700000643730164,0.18700000643730164,0.18700000643730164,4000,0.0,0.0
2024-10-28 10:50:00-04:00,0.18700000643730164,0.18700000643730164,0.18690000474452972,0.18690000474452972,1753,0.0,0.0
2024-10-28 11:00:00-04:00,0.18700000643730164,0.18700000643730164,0.18700000643730164,0.18700000643730164,1000,0.0,0.0
2024-10-28 11:10:00-04:00,0.18140000104904175,0.18140000104904175,0.18140000104904175,0.18140000104904175,324,0.0,0.0
2024-10-28 11:30:00-04:00,0.18130099773406982,0.18130099773406982,0.18130099773406982,0.18130099773406982,1510,0.0,0.0
2024-10-28 11:35:00-04:00,0.1842000037431717,0.1842000037431717,0.1842000037431717,0.1842000037431717,2000,0.0,0.0
2024-10-28 11:40:00-04:00,0.1850000023841858,0.186599999666214,0.1850000023841858,0.18604899942874908,8790,0.0,0.0
2024-10-28 11:45:00-04:00,0.18639999628067017,0.1888989955186844,0.1851000040769577,0.187049001455307,35074,0.0,0.0
2024-10-28 12:10:00-04:00,0.1898999959230423,0.19520699977874756,0.1898999959230423,0.19520699977874756,24689,0.0,0.0
2024-10-28 12:15:00-04:00,0.19120000302791595,0.1940000057220459,0.19030000269412994,0.19269999861717224,4855,0.0,0.0
2024-10-28 12:20:00-04:00,0.19269999861717224,0.19499999284744263,0.19269999861717224,0.19499999284744263,4000,0.0,0.0
2024-10-28 12:25:00-04:00,0.19509999454021454,0.19509999454021454,0.19030000269412994,0.19269999861717224,9125,0.0,0.0
2024-10-28 12:40:00-04:00,0.19499999284744263,0.19509999454021454,0.19269999861717224,0.19269999861717224,39857,0.0,0.0
2024-10-28 12:45:00-04:00,0.19519999623298645,0.20000000298023224,0.19480000436306,0.19480000436306,17703,0.0,0.0
2024-10-28 12:50:00-04:00,0.19480000436306,0.2042970061302185,0.19480000436306,0.19900000095367432,8679,0.0,0.0
2024-10-28 12:55:00-04:00,0.19599999487400055,0.20430000126361847,0.19499999284744263,0.19499999284744263,21923,0.0,0.0
2024-10-28 13:00:00-04:00,0.19699999690055847,0.20399999618530273,0.19599999487400055,0.20399999618530273,4487,0.0,0.0
2024-10-28 13:05:00-04:00,0.19699999690055847,0.19699999690055847,0.19599999487400055,0.19599999487400055,5010,0.0,0.0
2024-10-28 13:10:00-04:00,0.19989900290966034,0.20399999618530273,0.19900000095367432,0.20399999618530273,22537,0.0,0.0
2024-10-28 13:15:00-04:00,0.20399999618530273,0.20399999618530273,0.20000000298023224,0.20000000298023224,1000,0.0,0.0
2024-10-28 13:20:00-04:00,0.20389999449253082,0.20389999449253082,0.20389999449253082,0.20389999449253082,190,0.0,0.0
2024-10-28 13:25:00-04:00,0.20200000703334808,0.20399999618530273,0.20000000298023224,0.20399999618530273,1007,0.0,0.0
2024-10-28 13:35:00-04:00,0.19609999656677246,0.19609999656677246,0.19609999656677246,0.19609999656677246,2500,0.0,0.0
2024-10-28 13:40:00-04:00,0.19499999284744263,0.19499999284744263,0.19499999284744263,0.19499999284744263,1890,0.0,0.0
2024-10-28 13:50:00-04:00,0.19040000438690186,0.19040000438690186,0.19040000438690186,0.19040000438690186,218,0.0,0.0
2024-10-28 13:55:00-04:00,0.1949000060558319,0.19499999284744263,0.1899999976158142,0.19439999759197235,40362,0.0,0.0
2024-10-28 14:00:00-04:00,0.19529999792575836,0.19529999792575836,0.19439999759197235,0.19439999759197235,19225,0.0,0.0
2024-10-28 14:05:00-04:00,0.19439999759197235,0.19439999759197235,0.19439999759197235,0.19439999759197235,406,0.0,0.0
2024-10-28 14:15:00-04:00,0.1941000074148178,0.1941000074148178,0.1941000074148178,0.1941000074148178,400,0.0,0.0
2024-10-28 14:25:00-04:00,0.1987999975681305,0.20000000298023224,0.1987999975681305,0.20000000298023224,8000,0.0,0.0
2024-10-28 14:35:00-04:00,0.19509999454021454,0.19509999454021454,0.19509999454021454,0.19509999454021454,914,0.0,0.0
2024-10-28 14:40:00-04:00,0.19779999554157257,0.1987999975681305,0.19779999554157257,0.19859999418258667,12700,0.0,0.0
2024-10-28 14:45:00-04:00,0.1972000002861023,0.19859999418258667,0.1972000002861023,0.19859999418258667,4692,0.0,0.0
2024-10-28 14:55:00-04:00,0.19859999418258667,0.19859999418258667,0.1972000002861023,0.19859999418258667,4000,0.0,0.0
2024-10-28 15:05:00-04:00,0.19989900290966034,0.19990000128746033,0.19820000231266022,0.19820000231266022,3416,0.0,0.0
2024-10-28 15:15:00-04:00,0.19699999690055847,0.19990000128746033,0.19499999284744263,0.19990000128746033,18115,0.0,0.0
2024-10-28 15:35:00-04:00,0.19900000095367432,0.20000000298023224,0.19820000231266022,0.20000000298023224,18256,0.0,0.0
2024-10-28 15:40:00-04:00,0.1955289989709854,0.19979999959468842,0.1955289989709854,0.19979999959468842,1106,0.0,0.0
2024-10-28 15:45:00-04:00,0.19900000095367432,0.19920000433921814,0.19900000095367432,0.19900000095367432,3605,0.0,0.0
2024-10-28 15:50:00-04:00,0.1995999962091446,0.20399999618530273,0.19900000095367432,0.20329999923706055,90683,0.0,0.0
2024-10-28 15:55:00-04:00,0.2029999941587448,0.20990000665187836,0.2029999941587448,0.2087000012397766,0,0.0,0.0
2024-10-29 09:30:00-04:00,0.2012999951839447,0.2012999951839447,0.20000000298023224,0.20000000298023224,19096,0.0,0.0
2024-10-29 09:35:00-04:00,0.20000000298023224,0.20990000665187836,0.20000000298023224,0.20990000665187836,10021,0.0,0.0
2024-10-29 09:40:00-04:00,0.20399999618530273,0.20399999618530273,0.20399999618530273,0.20399999618530273,2500,0.0,0.0
2024-10-29 09:45:00-04:00,0.20145000517368317,0.20145000517368317,0.20145000517368317,0.20145000517368317,2573,0.0,0.0
2024-10-29 09:55:00-04:00,0.2029000073671341,0.2029999941587448,0.20000000298023224,0.20162299275398254,20803,0.0,0.0
2024-10-29 10:10:00-04:00,0.20309999585151672,0.20309999585151672,0.20309999585151672,0.20309999585151672,5000,0.0,0.0
2024-10-29 10:15:00-04:00,0.20900000631809235,0.20990000665187836,0.20649899542331696,0.20990000665187836,6100,0.0,0.0
2024-10-29 10:25:00-04:00,0.20990000665187836,0.20990000665187836,0.20990000665187836,0.20990000665187836,1000,0.0,0.0
2024-10-29 10:35:00-04:00,0.20980000495910645,0.20990000665187836,0.20970000326633453,0.20990000665187836,5277,0.0,0.0
2024-10-29 10:40:00-04:00,0.20999999344348907,0.20999999344348907,0.20909999310970306,0.20909999310970306,18051,0.0,0.0
2024-10-29 10:50:00-04:00,0.20909999310970306,0.20909999310970306,0.20319999754428864,0.20330099761486053,10299,0.0,0.0
2024-10-29 11:00:00-04:00,0.2148990035057068,0.2148990035057068,0.2148990035057068,0.2148990035057068,111,0.0,0.0
2024-10-29 11:10:00-04:00,0.20999999344348907,0.20999999344348907,0.20999999344348907,0.20999999344348907,1020,0.0,0.0
2024-10-29 11:20:00-04:00,0.20399999618530273,0.20399999618530273,0.20329999923706055,0.20329999923706055,10117,0.0,0.0
2024-10-29 11:45:00-04:00,0.20340000092983246,0.20350000262260437,0.20340000092983246,0.20350000262260437,5164,0.0,0.0
2024-10-29 12:00:00-04:00,0.2054000049829483,0.20669999718666077,0.20340000092983246,0.20669999718666077,8302,0.0,0.0
2024-10-29 12:10:00-04:00,0.20350000262260437,0.20350000262260437,0.20350000262260437,0.20350000262260437,1006,0.0,0.0
2024-10-29 12:20:00-04:00,0.20350000262260437,0.20350000262260437,0.20350000262260437,0.20350000262260437,201,0.0,0.0
2024-10-29 12:25:00-04:00,0.20424999296665192,0.20424999296665192,0.20000000298023224,0.20000000298023224,17749,0.0,0.0
2024-10-29 12:35:00-04:00,0.20499999821186066,0.20499999821186066,0.20499999821186066,0.20499999821186066,3800,0.0,0.0
2024-10-29 12:40:00-04:00,0.20019899308681488,0.2050500065088272,0.20019899308681488,0.2050500065088272,12400,0.0,0.0
2024-10-29 13:00:00-04:00,0.20900000631809235,0.20999999344348907,0.20020000636577606,0.20999999344348907,9878,0.0,0.0
2024-10-29 13:25:00-04:00,0.20040099322795868,0.20990000665187836,0.20040099322795868,0.20990000665187836,1910,0.0,0.0
2024-10-29 13:50:00-04:00,0.2004999965429306,0.2004999965429306,0.2004999965429306,0.2004999965429306,100,0.0,0.0
2024-10-29 13:55:00-04:00,0.2004999965429306,0.20250000059604645,0.19920000433921814,0.19920000433921814,11141,0.0,0.0
2024-10-29 14:00:00-04:00,0.19189999997615814,0.19220000505447388,0.18330000340938568,0.18330100178718567,84552,0.0,0.0
2024-10-29 14:05:00-04:00,0.1899999976158142,0.20980000495910645,0.18549999594688416,0.18549999594688416,683,0.0,0.0
2024-10-29 14:10:00-04:00,0.20990000665187836,0.20990000665187836,0.20990000665187836,0.20990000665187836,1169,0.0,0.0
2024-10-29 14:15:00-04:00,0.18880000710487366,0.18889999389648438,0.18880000710487366,0.18889999389648438,1628,0.0,0.0
2024-10-29 14:20:00-04:00,0.1964000016450882,0.20900000631809235,0.1898999959230423,0.20900000631809235,12604,0.0,0.0
2024-10-29 14:35:00-04:00,0.1899999976158142,0.1899999976158142,0.1899999976158142,0.1899999976158142,422,0.0,0.0
2024-10-29 15:00:00-04:00,0.19050000607967377,0.19050000607967377,0.19009999930858612,0.19009999930858612,1154,0.0,0.0
2024-10-29 15:05:00-04:00,0.1906999945640564,0.20000000298023224,0.1906999945640564,0.20000000298023224,4106,0.0,0.0
2024-10-29 15:10:00-04:00,0.19599999487400055,0.19599999487400055,0.1899999976158142,0.1899999976158142,2810,0.0,0.0
2024-10-29 15:15:00-04:00,0.19499999284744263,0.19499999284744263,0.19499999284744263,0.19499999284744263,300,0.0,0.0
2024-10-29 15:20:00-04:00,0.19499999284744263,0.19499999284744263,0.1949000060558319,0.1949000060558319,200,0.0,0.0
2024-10-29 15:35:00-04:00,0.1949000060558319,0.1949000060558319,0.1949000060558319,0.1949000060558319,200,0.0,0.0
2024-10-29 15:40:00-04:00,0.1899999976158142,0.1899999976158142,0.1899999976158142,0.1899999976158142,100,0.0,0.0
2024-10-29 15:50:00-04:00,0.1899999976158142,0.1899999976158142,0.1899999976158142,0.1899999976158142,0,0.0,0.0
2024-10-30 09:30:00-04:00,0.19699999690055847,0.19699999690055847,0.19699999690055847,0.19699999690055847,1606,0.0,0.0
2024-10-30 09:45:00-04:00,0.18440000712871552,0.18440000712871552,0.18440000712871552,0.18440000712871552,1000,0.0,0.0
2024-10-30 09:50:00-04:00,0.18719999492168427,0.18719999492168427,0.18719999492168427,0.18719999492168427,200,0.0,0.0
2024-10-30 09:55:00-04:00,0.18700000643730164,0.18700000643730164,0.18700000643730164,0.18700000643730164,10016,0.0,0.0
2024-10-30 10:05:00-04:00,0.1899999976158142,0.1899999976158142,0.1899999976158142,0.1899999976158142,526,0.0,0.0
2024-10-30 10:20:00-04:00,0.18700000643730164,0.18700000643730164,0.18700000643730164,0.18700000643730164,401,0.0,0.0
2024-10-30 10:30:00-04:00,0.18330000340938568,0.18330000340938568,0.18320000171661377,0.18320000171661377,738,0.0,0.0
2024-10-30 10:40:00-04:00,0.1834000051021576,0.1834000051021576,0.1834000051021576,0.1834000051021576,728,0.0,0.0
2024-10-30 10:50:00-04:00,0.1834000051021576,0.1834000051021576,0.1834000051021576,0.1834000051021576,100,0.0,0.0
2024-10-30 10:55:00-04:00,0.1834000051021576,0.1842000037431717,0.1834000051021576,0.1842000037431717,476,0.0,0.0
2024-10-30 11:00:00-04:00,0.1842000037431717,0.1842000037431717,0.1842000037431717,0.1842000037431717,100,0.0,0.0
2024-10-30 11:05:00-04:00,0.1835000067949295,0.18359999358654022,0.1835000067949295,0.1835000067949295,5000,0.0,0.0
2024-10-30 11:20:00-04:00,0.1899999976158142,0.20000000298023224,0.1889999955892563,0.20000000298023224,11474,0.0,0.0
2024-10-30 11:30:00-04:00,0.19509999454021454,0.19509999454021454,0.19509999454021454,0.19509999454021454,724,0.0,0.0
2024-10-30 12:00:00-04:00,0.20000000298023224,0.20000000298023224,0.20000000298023224,0.20000000298023224,277,0.0,0.0
2024-10-30 12:30:00-04:00,0.1966490000486374,0.1966490000486374,0.1966490000486374,0.1966490000486374,100,0.0,0.0
2024-10-30 12:35:00-04:00,0.19670000672340393,0.19679999351501465,0.19670000672340393,0.19679999351501465,5308,0.0,0.0
2024-10-30 12:55:00-04:00,0.19679999351501465,0.19679999351501465,0.19679999351501465,0.19679999351501465,100,0.0,0.0
2024-10-30 13:50:00-04:00,0.19900000095367432,0.19990000128746033,0.1975499987602234,0.1975499987602234,1180,0.0,0.0
2024-10-30 13:55:00-04:00,0.19509999454021454,0.19509999454021454,0.19509999454021454,0.19509999454021454,200,0.0,0.0
2024-10-30 14:00:00-04:00,0.19509999454021454,0.19509999454021454,0.19509999454021454,0.19509999454021454,102,0.0,0.0
2024-10-30 14:45:00-04:00,0.19499999284744263,0.19499999284744263,0.19499999284744263,0.19499999284744263,101,0.0,0.0
2024-10-30 14:55:00-04:00,0.19099999964237213,0.19099999964237213,0.19009999930858612,0.19009999930858612,2513,0.0,0.0
2024-10-30 15:00:00-04:00,0.1978590041399002,0.1978590041399002,0.1978590041399002,0.1978590041399002,1105,0.0,0.0
2024-10-30 15:10:00-04:00,0.19009999930858612,0.19009999930858612,0.19009999930858612,0.19009999930858612,100,0.0,0.0
2024-10-30 15:20:00-04:00,0.19499999284744263,0.19499999284744263,0.19499999284744263,0.19499999284744263,100,0.0,0.0
2024-10-30 15:40:00-04:00,0.19760000705718994,0.19760000705718994,0.19760000705718994,0.19760000705718994,8000,0.0,0.0
2024-10-30 15:45:00-04:00,0.19009999930858612,0.19009999930858612,0.19009999930858612,0.19009999930858612,500,0.0,0.0
2024-10-30 15:55:00-04:00,0.19345100224018097,0.19345100224018097,0.19345100224018097,0.19345100224018097,142,0.0,0.0
2024-10-31 09:30:00-04:00,0.1899999976158142,0.19679999351501465,0.1899999976158142,0.19679999351501465,5986,0.0,0.0
2024-10-31 09:40:00-04:00,0.19659900665283203,0.19670000672340393,0.19659900665283203,0.19670000672340393,351,0.0,0.0
2024-10-31 09:45:00-04:00,0.1899999976158142,0.19099999964237213,0.1899999976158142,0.1899999976158142,7241,0.0,0.0
2024-10-31 09:50:00-04:00,0.1899999976158142,0.19869999587535858,0.18940000236034393,0.19869999587535858,380,0.0,0.0
2024-10-31 09:55:00-04:00,0.18001000583171844,0.1899999976158142,0.18001000583171844,0.18860000371932983,753,0.0,0.0
2024-10-31 10:00:00-04:00,0.18860000371932983,0.18860000371932983,0.18479999899864197,0.18479999899864197,20370,0.0,0.0
2024-10-31 10:05:00-04:00,0.18860000371932983,0.18860000371932983,0.18479999899864197,0.18479999899864197,676,0.0,0.0
2024-10-31 10:10:00-04:00,0.18860000371932983,0.1986989974975586,0.18860000371932983,0.1986989974975586,301,0.0,0.0
2024-10-31 10:15:00-04:00,0.18479999899864197,0.1940000057220459,0.18479999899864197,0.1899999976158142,7658,0.0,0.0
2024-10-31 10:20:00-04:00,0.19009999930858612,0.19009999930858612,0.1899999976158142,0.1899999976158142,1911,0.0,0.0
2024-10-31 10:25:00-04:00,0.1899999976158142,0.1899999976158142,0.1899999976158142,0.1899999976158142,3090,0.0,0.0
2024-10-31 10:35:00-04:00,0.1899999976158142,0.1899999976158142,0.1899999976158142,0.1899999976158142,200,0.0,0.0
2024-10-31 10:40:00-04:00,0.1899999976158142,0.1899999976158142,0.1898999959230423,0.1898999959230423,201,0.0,0.0
2024-10-31 11:15:00-04:00,0.18479999899864197,0.18479999899864197,0.18479999899864197,0.18479999899864197,522,0.0,0.0
2024-10-31 11:25:00-04:00,0.1941000074148178,0.1941000074148178,0.18480999767780304,0.1899999976158142,12109,0.0,0.0
2024-10-31 11:30:00-04:00,0.1899999976158142,0.1899999976158142,0.1899999976158142,0.1899999976158142,1471,0.0,0.0
2024-10-31 11:45:00-04:00,0.19599999487400055,0.19599999487400055,0.19599999487400055,0.19599999487400055,1401,0.0,0.0
2024-10-31 11:55:00-04:00,0.18479999899864197,0.18479999899864197,0.18479999899864197,0.18479999899864197,100,0.0,0.0
2024-10-31 12:00:00-04:00,0.1940000057220459,0.1940000057220459,0.1940000057220459,0.1940000057220459,122,0.0,0.0
2024-10-31 13:05:00-04:00,0.19589999318122864,0.19589999318122864,0.1899999976158142,0.1940000057220459,900,0.0,0.0
2024-10-31 13:10:00-04:00,0.1944500058889389,0.19760000705718994,0.19300000369548798,0.19760000705718994,15300,0.0,0.0
2024-10-31 13:15:00-04:00,0.19660000503063202,0.19859999418258667,0.19619999825954437,0.1969500035047531,10355,0.0,0.0
2024-10-31 13:20:00-04:00,0.1979999989271164,0.1979999989271164,0.19709999859333038,0.1979999989271164,910,0.0,0.0
2024-10-31 13:25:00-04:00,0.1965000033378601,0.19740000367164612,0.1965000033378601,0.19740000367164612,200,0.0,0.0
2024-10-31 13:30:00-04:00,0.19740000367164612,0.19805000722408295,0.19740000367164612,0.19789999723434448,300,0.0,0.0
2024-10-31 13:50:00-04:00,0.19609999656677246,0.1979999989271164,0.19519999623298645,0.19779999554157257,518,0.0,0.0
2024-10-31 14:05:00-04:00,0.19760000705718994,0.19760000705718994,0.19760000705718994,0.19760000705718994,510,0.0,0.0
2024-10-31 14:25:00-04:00,0.19519999623298645,0.19689999520778656,0.19519999623298645,0.19689999520778656,300,0.0,0.0
2024-10-31 14:35:00-04:00,0.19869999587535858,0.19869999587535858,0.19869999587535858,0.19869999587535858,450,0.0,0.0
2024-10-31 14:55:00-04:00,0.19519999623298645,0.19519999623298645,0.19519999623298645,0.19519999623298645,328,0.0,0.0
2024-10-31 15:00:00-04:00,0.19519999623298645,0.19519999623298645,0.1949000060558319,0.1949000060558319,636,0.0,0.0
2024-10-31 15:20:00-04:00,0.19629999995231628,0.19699999690055847,0.19629999995231628,0.19699999690055847,300,0.0,0.0
2024-10-31 15:25:00-04:00,0.19750000536441803,0.19750000536441803,0.19750000536441803,0.19750000536441803,106,0.0,0.0
2024-10-31 15:35:00-04:00,0.19769999384880066,0.19769999384880066,0.19769999384880066,0.19769999384880066,106,0.0,0.0
2024-10-31 15:40:00-04:00,0.1949000060558319,0.1949000060558319,0.1949000060558319,0.1949000060558319,100,0.0,0.0
2024-11-01 09:30:00-04:00,0.20000000298023224,0.20000000298023224,0.19249999523162842,0.19249999523162842,4263,0.0,0.0
2024-11-01 09:35:00-04:00,0.1923999935388565,0.1923999935388565,0.1923999935388565,0.1923999935388565,302,0.0,0.0
2024-11-01 10:05:00-04:00,0.19979999959468842,0.19979999959468842,0.19979999959468842,0.19979999959468842,1070,0.0,0.0
2024-11-01 10:15:00-04:00,0.1984499990940094,0.19979999959468842,0.1979999989271164,0.19979999959468842,600,0.0,0.0
2024-11-01 10:20:00-04:00,0.19699999690055847,0.19744999706745148,0.19699999690055847,0.19744999706745148,200,0.0,0.0
2024-11-01 10:25:00-04:00,0.19744999706745148,0.19744999706745148,0.19499999284744263,0.19499999284744263,2403,0.0,0.0
2024-11-01 10:30:00-04:00,0.19679999351501465,0.19750000536441803,0.19670000672340393,0.19670000672340393,1076,0.0,0.0
2024-11-01 10:35:00-04:00,0.19679999351501465,0.19979999959468842,0.1965000033378601,0.1996999979019165,14655,0.0,0.0
2024-11-01 10:40:00-04:00,0.19679999351501465,0.19979999959468842,0.19599999487400055,0.19969899952411652,8214,0.0,0.0
2024-11-01 10:45:00-04:00,0.19975200295448303,0.19975200295448303,0.19529999792575836,0.1996999979019165,41584,0.0,0.0
2024-11-01 10:50:00-04:00,0.19979999959468842,0.22300100326538086,0.19499999284744263,0.21025000512599945,176657,0.0,0.0
2024-11-01 10:55:00-04:00,0.2232999950647354,0.2232999950647354,0.20200000703334808,0.20739999413490295,237196,0.0,0.0
2024-11-01 11:00:00-04:00,0.2150000035762787,0.2150000035762787,0.20600000023841858,0.20900000631809235,90433,0.0,0.0
2024-11-01 11:05:00-04:00,0.20890000462532043,0.21039900183677673,0.2071000039577484,0.20916399359703064,42869,0.0,0.0
2024-11-01 11:10:00-04:00,0.2074500024318695,0.210999995470047,0.20520000159740448,0.210999995470047,22923,0.0,0.0
2024-11-01 11:15:00-04:00,0.21699999272823334,0.21799999475479126,0.2110999971628189,0.21799999475479126,56800,0.0,0.0
2024-11-01 11:20:00-04:00,0.21699999272823334,0.2199999988079071,0.21250000596046448,0.21979999542236328,76504,0.0,0.0
2024-11-01 11:25:00-04:00,0.21709999442100525,0.21709999442100525,0.21524900197982788,0.21690000593662262,3032,0.0,0.0
2024-11-01 11:30:00-04:00,0.2134999930858612,0.21649999916553497,0.2134999930858612,0.2134999930858612,28220,0.0,0.0
2024-11-01 11:35:00-04:00,0.2134999930858612,0.2150000035762787,0.2125999927520752,0.2125999927520752,9553,0.0,0.0
2024-11-01 11:40:00-04:00,0.21549999713897705,0.21549999713897705,0.21250000596046448,0.21250000596046448,1874,0.0,0.0
2024-11-01 11:45:00-04:00,0.21459999680519104,0.21459999680519104,0.21250000596046448,0.21250000596046448,1202,0.0,0.0
2024-11-01 11:50:00-04:00,0.21250000596046448,0.21250000596046448,0.20900000631809235,0.20999999344348907,58558,0.0,0.0
2024-11-01 11:55:00-04:00,0.20990000665187836,0.20990000665187836,0.20900100469589233,0.20900100469589233,1026,0.0,0.0
2024-11-01 12:00:00-04:00,0.20800000429153442,0.20999999344348907,0.2079000025987625,0.20999999344348907,8124,0.0,0.0
2024-11-01 12:05:00-04:00,0.20309999585151672,0.2076999992132187,0.20309999585151672,0.2075989991426468,3878,0.0,0.0
2024-11-01 12:10:00-04:00,0.20569999516010284,0.20749999582767487,0.20100000500679016,0.20749999582767487,7500,0.0,0.0
2024-11-01 12:15:00-04:00,0.20739999413490295,0.20739999413490295,0.20730000734329224,0.20730000734329224,619,0.0,0.0
2024-11-01 12:20:00-04:00,0.20110000669956207,0.20409999787807465,0.20110000669956207,0.20409999787807465,674,0.0,0.0
2024-11-01 12:25:00-04:00,0.20720000565052032,0.20720000565052032,0.20720000565052032,0.20720000565052032,270,0.0,0.0
2024-11-01 12:30:00-04:00,0.20499999821186066,0.20499999821186066,0.20499999821186066,0.20499999821186066,130,0.0,0.0
2024-11-01 12:35:00-04:00,0.20499999821186066,0.20499999821186066,0.20499999821186066,0.20499999821186066,3390,0.0,0.0
2024-11-01 12:50:00-04:00,0.20160000026226044,0.20160000026226044,0.20160000026226044,0.20160000026226044,615,0.0,0.0
2024-11-01 13:00:00-04:00,0.20110000669956207,0.20110000669956207,0.20110000669956207,0.20110000669956207,2050,0.0,0.0
2024-11-01 13:05:00-04:00,0.2029000073671341,0.20469999313354492,0.2029000073671341,0.20469999313354492,1000,0.0,0.0
2024-11-01 13:10:00-04:00,0.20340000092983246,0.20340000092983246,0.20340000092983246,0.20340000092983246,999,0.0,0.0
2024-11-01 13:15:00-04:00,0.20200000703334808,0.20479999482631683,0.19509999454021454,0.19509999454021454,49991,0.0,0.0
2024-11-01 13:20:00-04:00,0.20029999315738678,0.20190000534057617,0.19599999487400055,0.19599999487400055,6405,0.0,0.0
2024-11-01 13:25:00-04:00,0.20190000534057617,0.20190000534057617,0.20190000534057617,0.20190000534057617,4000,0.0,0.0
2024-11-01 13:30:00-04:00,0.19990000128746033,0.20090000331401825,0.19990000128746033,0.19990000128746033,626,0.0,0.0
2024-11-01 13:40:00-04:00,0.19990000128746033,0.19990000128746033,0.19830000400543213,0.19830000400543213,1982,0.0,0.0
2024-11-01 13:45:00-04:00,0.19609999656677246,0.2020999938249588,0.19609999656677246,0.2011999934911728,15630,0.0,0.0
2024-11-01 13:55:00-04:00,0.19599999487400055,0.19599999487400055,0.19599999487400055,0.19599999487400055,101,0.0,0.0
2024-11-01 14:00:00-04:00,0.2013999968767166,0.20589999854564667,0.2013999968767166,0.20589999854564667,40897,0.0,0.0
2024-11-01 14:05:00-04:00,0.20600000023841858,0.20600000023841858,0.20600000023841858,0.20600000023841858,143,0.0,0.0
2024-11-01 14:10:00-04:00,0.20389999449253082,0.20730000734329224,0.20190000534057617,0.20730000734329224,24299,0.0,0.0
2024-11-01 14:15:00-04:00,0.20499999821186066,0.20499999821186066,0.20499999821186066,0.20499999821186066,520,0.0,0.0
2024-11-01 14:20:00-04:00,0.20509999990463257,0.20720000565052032,0.20499999821186066,0.20720000565052032,1117,0.0,0.0
2024-11-01 14:25:00-04:00,0.20720000565052032,0.20739999413490295,0.20499999821186066,0.20499999821186066,1311,0.0,0.0
2024-11-01 14:30:00-04:00,0.20739999413490295,0.21459999680519104,0.20739999413490295,0.21459999680519104,4802,0.0,0.0
2024-11-01 14:35:00-04:00,0.20999999344348907,0.2142000049352646,0.20999999344348907,0.2142000049352646,208,0.0,0.0
2024-11-01 14:45:00-04:00,0.21299999952316284,0.21299999952316284,0.21299999952316284,0.21299999952316284,103,0.0,0.0
2024-11-01 14:50:00-04:00,0.20999999344348907,0.20999999344348907,0.20999999344348907,0.20999999344348907,517,0.0,0.0
2024-11-01 14:55:00-04:00,0.21199999749660492,0.21299999952316284,0.21150000393390656,0.21299999952316284,6702,0.0,0.0
2024-11-01 15:00:00-04:00,0.21459999680519104,0.24009999632835388,0.2144020050764084,0.23880000412464142,137291,0.0,0.0
2024-11-01 15:05:00-04:00,0.2325350046157837,0.25,0.2240999937057495,0.2240999937057495,78409,0.0,0.0
2024-11-01 15:10:00-04:00,0.22543999552726746,0.22599999606609344,0.22540000081062317,0.22599999606609344,1871,0.0,0.0
2024-11-01 15:15:00-04:00,0.2290000021457672,0.22990000247955322,0.22519999742507935,0.22519999742507935,6079,0.0,0.0
2024-11-01 15:20:00-04:00,0.22599999606609344,0.22990000247955322,0.2240000069141388,0.22699999809265137,17982,0.0,0.0
2024-11-01 15:25:00-04:00,0.22699999809265137,0.22769999504089355,0.2240000069141388,0.2240000069141388,1822,0.0,0.0
2024-11-01 15:30:00-04:00,0.22699999809265137,0.22699999809265137,0.22699999809265137,0.22699999809265137,1093,0.0,0.0
2024-11-01 15:35:00-04:00,0.2240000069141388,0.22689999639987946,0.2240000069141388,0.22689999639987946,1390,0.0,0.0
2024-11-01 15:45:00-04:00,0.22816599905490875,0.2296999990940094,0.2240000069141388,0.2240000069141388,6227,0.0,0.0
2024-11-01 15:50:00-04:00,0.22599999606609344,0.2296999990940094,0.22599999606609344,0.22830000519752502,11629,0.0,0.0
2024-11-01 15:55:00-04:00,0.22519999742507935,0.22519999742507935,0.2134999930858612,0.22059999406337738,15938,0.0,0.0
2024-11-04 09:30:00-05:00,0.20990000665187836,0.20990000665187836,0.20559999346733093,0.2070000022649765,58265,0.0,0.0
2024-11-04 09:35:00-05:00,0.20389999449253082,0.2070000022649765,0.20000000298023224,0.20000000298023224,12947,0.0,0.0
2024-11-04 09:40:00-05:00,0.20155499875545502,0.20160000026226044,0.1979999989271164,0.1979999989271164,22086,0.0,0.0
2024-11-04 09:45:00-05:00,0.19789999723434448,0.19789999723434448,0.19550000131130219,0.1956000030040741,35678,0.0,0.0
2024-11-04 09:50:00-05:00,0.20000000298023224,0.20000000298023224,0.19580000638961792,0.1979999989271164,1100,0.0,0.0
2024-11-04 10:00:00-05:00,0.2024500072002411,0.20679999887943268,0.2024500072002411,0.20679999887943268,352,0.0,0.0
2024-11-04 10:05:00-05:00,0.20669999718666077,0.20669999718666077,0.2045000046491623,0.2045000046491623,265,0.0,0.0
2024-11-04 10:15:00-05:00,0.20510099828243256,0.20510099828243256,0.20510099828243256,0.20510099828243256,468,0.0,0.0
2024-11-04 10:25:00-05:00,0.20579999685287476,0.20579999685287476,0.20509999990463257,0.20509999990463257,902,0.0,0.0
2024-11-04 10:40:00-05:00,0.20250000059604645,0.20260000228881836,0.20000000298023224,0.20260000228881836,2300,0.0,0.0
2024-11-04 10:45:00-05:00,0.20000000298023224,0.20000000298023224,0.19550000131130219,0.19550000131130219,1404,0.0,0.0
2024-11-04 11:10:00-05:00,0.19630099833011627,0.19630099833011627,0.18000000715255737,0.18000000715255737,80650,0.0,0.0
2024-11-04 11:15:00-05:00,0.19840100407600403,0.20479999482631683,0.1899999976158142,0.20000000298023224,9188,0.0,0.0
2024-11-04 11:20:00-05:00,0.19949999451637268,0.20000000298023224,0.19949999451637268,0.20000000298023224,631,0.0,0.0
2024-11-04 11:25:00-05:00,0.19969899952411652,0.19969899952411652,0.19009999930858612,0.19009999930858612,2143,0.0,0.0
2024-11-04 11:45:00-05:00,0.19480000436306,0.19949999451637268,0.19480000436306,0.19949999451637268,5516,0.0,0.0
2024-11-04 12:15:00-05:00,0.19499999284744263,0.19499999284744263,0.19499999284744263,0.19499999284744263,263,0.0,0.0
2024-11-04 12:20:00-05:00,0.2029999941587448,0.2029999941587448,0.2029999941587448,0.2029999941587448,214,0.0,0.0
2024-11-04 12:25:00-05:00,0.1964000016450882,0.1964000016450882,0.1964000016450882,0.1964000016450882,110,0.0,0.0
2024-11-04 12:50:00-05:00,0.2029999941587448,0.2029999941587448,0.2029999941587448,0.2029999941587448,619,0.0,0.0
2024-11-04 13:15:00-05:00,0.19660000503063202,0.19660000503063202,0.19660000503063202,0.19660000503063202,347,0.0,0.0
2024-11-04 13:45:00-05:00,0.19789999723434448,0.2003999948501587,0.19779999554157257,0.19789999723434448,13216,0.0,0.0
2024-11-04 13:50:00-05:00,0.2029000073671341,0.2029000073671341,0.2029000073671341,0.2029000073671341,385,0.0,0.0
2024-11-04 13:55:00-05:00,0.20000000298023224,0.2029999941587448,0.19779999554157257,0.19779999554157257,2409,0.0,0.0
2024-11-04 14:00:00-05:00,0.1979999989271164,0.1979999989271164,0.1979999989271164,0.1979999989271164,1803,0.0,0.0
2024-11-04 14:25:00-05:00,0.1981000006198883,0.2029999941587448,0.19020000100135803,0.2029999941587448,14360,0.0,0.0
2024-11-04 15:10:00-05:00,0.19020099937915802,0.1956000030040741,0.19020099937915802,0.1956000030040741,3195,0.0,0.0
2024-11-04 15:55:00-05:00,0.19300000369548798,0.19300000369548798,0.19040000438690186,0.19040000438690186,1171,0.0,0.0
2024-11-05 09:30:00-05:00,0.1858000010251999,0.2004999965429306,0.1809999942779541,0.2004999965429306,23254,0.0,0.0
2024-11-05 09:40:00-05:00,0.19099999964237213,0.19099999964237213,0.19099999964237213,0.19099999964237213,742,0.0,0.0
2024-11-05 09:45:00-05:00,0.20079000294208527,0.20079000294208527,0.19099999964237213,0.19099999964237213,886,0.0,0.0
2024-11-05 09:55:00-05:00,0.20080000162124634,0.20080000162124634,0.20080000162124634,0.20080000162124634,110,0.0,0.0
2024-11-05 10:00:00-05:00,0.19370000064373016,0.19370000064373016,0.19370000064373016,0.19370000064373016,148,0.0,0.0
2024-11-05 10:20:00-05:00,0.19509999454021454,0.19519999623298645,0.19509999454021454,0.19519999623298645,1003,0.0,0.0
2024-11-05 10:30:00-05:00,0.20000000298023224,0.20000000298023224,0.20000000298023224,0.20000000298023224,830,0.0,0.0
2024-11-05 10:50:00-05:00,0.19740000367164612,0.19740000367164612,0.19740000367164612,0.19740000367164612,300,0.0,0.0
2024-11-05 11:00:00-05:00,0.19499999284744263,0.19509999454021454,0.1860000044107437,0.19509999454021454,11365,0.0,0.0
2024-11-05 11:20:00-05:00,0.19499999284744263,0.19499999284744263,0.19499999284744263,0.19499999284744263,277,0.0,0.0
2024-11-05 11:45:00-05:00,0.20069999992847443,0.20069999992847443,0.20069999992847443,0.20069999992847443,576,0.0,0.0
2024-11-05 12:30:00-05:00,0.20069999992847443,0.20069999992847443,0.20069999992847443,0.20069999992847443,111,0.0,0.0
2024-11-05 12:40:00-05:00,0.20069999992847443,0.20069999992847443,0.20069999992847443,0.20069999992847443,231,0.0,0.0
2024-11-05 13:40:00-05:00,0.19805100560188293,0.20069999992847443,0.19805100560188293,0.20069999992847443,3001,0.0,0.0
2024-11-05 13:45:00-05:00,0.19529999792575836,0.19529999792575836,0.19529999792575836,0.19529999792575836,310,0.0,0.0
2024-11-05 13:50:00-05:00,0.20069999992847443,0.20069999992847443,0.20069999992847443,0.20069999992847443,402,0.0,0.0
2024-11-05 13:55:00-05:00,0.19869999587535858,0.19869999587535858,0.19869999587535858,0.19869999587535858,1252,0.0,0.0
2024-11-05 14:00:00-05:00,0.19539999961853027,0.19539999961853027,0.19539999961853027,0.19539999961853027,252,0.0,0.0
2024-11-05 14:15:00-05:00,0.1987999975681305,0.1987999975681305,0.1987999975681305,0.1987999975681305,112,0.0,0.0
2024-11-05 14:25:00-05:00,0.19979999959468842,0.19979999959468842,0.19979900121688843,0.19979900121688843,206,0.0,0.0
2024-11-05 14:40:00-05:00,0.19979999959468842,0.19979999959468842,0.1988999992609024,0.1988999992609024,294,0.0,0.0
2024-11-05 14:45:00-05:00,0.19869999587535858,0.19869999587535858,0.19869999587535858,0.19869999587535858,113,0.0,0.0
2024-11-05 14:55:00-05:00,0.20080000162124634,0.20080000162124634,0.19979999959468842,0.20080000162124634,2200,0.0,0.0
2024-11-05 15:00:00-05:00,0.19979999959468842,0.19979999959468842,0.19519999623298645,0.19519999623298645,12501,0.0,0.0
2024-11-05 15:10:00-05:00,0.19529999792575836,0.19599999487400055,0.19529999792575836,0.19599999487400055,1300,0.0,0.0
2024-11-05 15:35:00-05:00,0.1982010006904602,0.1982010006904602,0.1982010006904602,0.1982010006904602,104,0.0,0.0
2024-11-05 15:45:00-05:00,0.20000000298023224,0.20000000298023224,0.20000000298023224,0.20000000298023224,250,0.0,0.0
2024-11-05 15:50:00-05:00,0.20000000298023224,0.20080000162124634,0.20000000298023224,0.20000000298023224,3721,0.0,0.0
2024-11-06 09:30:00-05:00,0.19609999656677246,0.19670000672340393,0.19519999623298645,0.19670000672340393,7769,0.0,0.0
2024-11-06 09:35:00-05:00,0.20309999585151672,0.20309999585151672,0.20309999585151672,0.20309999585151672,130,0.0,0.0
2024-11-06 10:00:00-05:00,0.2029999941587448,0.20399999618530273,0.2029999941587448,0.20399999618530273,400,0.0,0.0
2024-11-06 10:05:00-05:00,0.20479999482631683,0.20479999482631683,0.20479999482631683,0.20479999482631683,200,0.0,0.0
2024-11-06 10:10:00-05:00,0.20479999482631683,0.20999999344348907,0.20479999482631683,0.20999999344348907,401,0.0,0.0
2024-11-06 10:25:00-05:00,0.2074510008096695,0.2074510008096695,0.2074510008096695,0.2074510008096695,261,0.0,0.0
2024-11-06 10:30:00-05:00,0.21899999678134918,0.21899999678134918,0.21899999678134918,0.21899999678134918,1500,0.0,0.0
2024-11-06 10:45:00-05:00,0.21889999508857727,0.21889999508857727,0.21170000731945038,0.21170000731945038,4650,0.0,0.0
2024-11-06 10:50:00-05:00,0.19589999318122864,0.19589999318122864,0.19589999318122864,0.19589999318122864,100,0.0,0.0
2024-11-06 10:55:00-05:00,0.21799999475479126,0.21799999475479126,0.21170000731945038,0.21170000731945038,1350,0.0,0.0
2024-11-06 11:05:00-05:00,0.20900000631809235,0.20900000631809235,0.20900000631809235,0.20900000631809235,647,0.0,0.0
2024-11-06 11:20:00-05:00,0.20900000631809235,0.20900000631809235,0.20900000631809235,0.20900000631809235,962,0.0,0.0
2024-11-06 11:35:00-05:00,0.20000000298023224,0.20000000298023224,0.20000000298023224,0.20000000298023224,131,0.0,0.0
2024-11-06 11:40:00-05:00,0.20999999344348907,0.20999999344348907,0.20999999344348907,0.20999999344348907,758,0.0,0.0
2024-11-06 11:45:00-05:00,0.21789999306201935,0.21870000660419464,0.21789999306201935,0.21870000660419464,12116,0.0,0.0
2024-11-06 11:55:00-05:00,0.2151000052690506,0.21660000085830688,0.2151000052690506,0.2152000069618225,2800,0.0,0.0
2024-11-06 12:00:00-05:00,0.2102999985218048,0.2102999985218048,0.210099995136261,0.210099995136261,901,0.0,0.0
2024-11-06 12:05:00-05:00,0.2101999968290329,0.2101999968290329,0.2101999968290329,0.2101999968290329,410,0.0,0.0
2024-11-06 12:15:00-05:00,0.2101999968290329,0.2101999968290329,0.210099995136261,0.2101999968290329,1677,0.0,0.0
2024-11-06 12:20:00-05:00,0.210099995136261,0.210099995136261,0.20999999344348907,0.20999999344348907,1038,0.0,0.0
2024-11-06 12:35:00-05:00,0.20190000534057617,0.20190000534057617,0.20190000534057617,0.20190000534057617,8780,0.0,0.0
2024-11-06 12:45:00-05:00,0.20999999344348907,0.20999999344348907,0.20555000007152557,0.20999999344348907,20600,0.0,0.0
2024-11-06 12:50:00-05:00,0.20999999344348907,0.20999999344348907,0.2071000039577484,0.20999999344348907,1938,0.0,0.0
2024-11-06 13:00:00-05:00,0.20990000665187836,0.20999999344348907,0.20990000665187836,0.20999999344348907,1300,0.0,0.0
2024-11-06 13:05:00-05:00,0.2070000022649765,0.2070000022649765,0.2070000022649765,0.2070000022649765,225,0.0,0.0
2024-11-06 13:20:00-05:00,0.20999999344348907,0.20999999344348907,0.20989899337291718,0.20989899337291718,565,0.0,0.0
2024-11-06 14:15:00-05:00,0.20730000734329224,0.20730000734329224,0.20730000734329224,0.20730000734329224,308,0.0,0.0
2024-11-06 15:00:00-05:00,0.20749999582767487,0.20749999582767487,0.20749999582767487,0.20749999582767487,597,0.0,0.0
2024-11-06 15:15:00-05:00,0.20509999990463257,0.20999999344348907,0.20509999990463257,0.2062000036239624,33625,0.0,0.0
2024-11-06 15:40:00-05:00,0.20430099964141846,0.20550000667572021,0.20090000331401825,0.20110000669956207,6500,0.0,0.0
2024-11-06 15:45:00-05:00,0.20990000665187836,0.20990000665187836,0.2080480009317398,0.2080480009317398,3811,0.0,0.0
2024-11-06 15:55:00-05:00,0.20440000295639038,0.20731699466705322,0.20270000398159027,0.20731699466705322,3817,0.0,0.0
2024-11-07 09:30:00-05:00,0.20100000500679016,0.21899999678134918,0.20100000500679016,0.21889999508857727,107845,0.0,0.0
2024-11-07 09:35:00-05:00,0.21889999508857727,0.21899999678134918,0.20110000669956207,0.20110000669956207,12211,0.0,0.0
2024-11-07 09:40:00-05:00,0.2155199944972992,0.2155199944972992,0.20110000669956207,0.20110000669956207,3000,0.0,0.0
2024-11-07 09:45:00-05:00,0.21899999678134918,0.21899999678134918,0.21889899671077728,0.21889899671077728,1255,0.0,0.0
2024-11-07 09:55:00-05:00,0.210099995136261,0.21889999508857727,0.20499999821186066,0.21184900403022766,4704,0.0,0.0
2024-11-07 10:05:00-05:00,0.2074500024318695,0.2074500024318695,0.2074500024318695,0.2074500024318695,2000,0.0,0.0
2024-11-07 10:10:00-05:00,0.20499999821186066,0.20999999344348907,0.20489999651908875,0.2099989950656891,8872,0.0,0.0
2024-11-07 10:15:00-05:00,0.20490999519824982,0.20730000734329224,0.20490999519824982,0.20730000734329224,2600,0.0,0.0
2024-11-07 10:20:00-05:00,0.20489999651908875,0.20489999651908875,0.20479999482631683,0.20479999482631683,3209,0.0,0.0
2024-11-07 10:40:00-05:00,0.20999999344348907,0.20999999344348907,0.20999999344348907,0.20999999344348907,7500,0.0,0.0
2024-11-07 10:50:00-05:00,0.20999999344348907,0.20999999344348907,0.20999999344348907,0.20999999344348907,100,0.0,0.0
2024-11-07 10:55:00-05:00,0.20999999344348907,0.2117999941110611,0.20999999344348907,0.2117999941110611,10951,0.0,0.0
2024-11-07 11:05:00-05:00,0.21070000529289246,0.21070000529289246,0.21070000529289246,0.21070000529289246,500,0.0,0.0
2024-11-07 11:10:00-05:00,0.21889999508857727,0.21889999508857727,0.21889999508857727,0.21889999508857727,225,0.0,0.0
2024-11-07 11:15:00-05:00,0.21410000324249268,0.21410000324249268,0.21410000324249268,0.21410000324249268,4196,0.0,0.0
2024-11-07 11:35:00-05:00,0.21410100162029266,0.21889999508857727,0.21400000154972076,0.21400000154972076,5853,0.0,0.0
2024-11-07 11:40:00-05:00,0.21799999475479126,0.21799999475479126,0.20999999344348907,0.20999999344348907,3534,0.0,0.0
2024-11-07 11:55:00-05:00,0.2134999930858612,0.2134999930858612,0.2134999930858612,0.2134999930858612,150,0.0,0.0
2024-11-07 12:10:00-05:00,0.21889999508857727,0.21889999508857727,0.21889999508857727,0.21889999508857727,110,0.0,0.0
2024-11-07 12:25:00-05:00,0.2134000062942505,0.21577900648117065,0.2133989930152893,0.21577900648117065,1052,0.0,0.0
2024-11-07 12:40:00-05:00,0.210999995470047,0.21580000221729279,0.20990000665187836,0.21580000221729279,564,0.0,0.0
2024-11-07 12:45:00-05:00,0.21289999783039093,0.21289999783039093,0.210099995136261,0.210099995136261,10010,0.0,0.0
2024-11-07 12:50:00-05:00,0.21289899945259094,0.21580000221729279,0.20999999344348907,0.20999999344348907,6000,0.0,0.0
2024-11-07 12:55:00-05:00,0.21289999783039093,0.21289999783039093,0.20999999344348907,0.20999999344348907,5917,0.0,0.0
2024-11-07 13:10:00-05:00,0.2101999968290329,0.2101999968290329,0.2101999968290329,0.2101999968290329,228,0.0,0.0
2024-11-07 13:20:00-05:00,0.210099995136261,0.21295000612735748,0.20110000669956207,0.20110000669956207,8595,0.0,0.0
2024-11-07 13:35:00-05:00,0.21580000221729279,0.21580000221729279,0.21119999885559082,0.21119999885559082,810,0.0,0.0
2024-11-07 13:40:00-05:00,0.21130099892616272,0.21130099892616272,0.20110000669956207,0.21119999885559082,1706,0.0,0.0
2024-11-07 15:20:00-05:00,0.21299999952316284,0.21299999952316284,0.21140000224113464,0.2126999944448471,7435,0.0,0.0
2024-11-07 15:25:00-05:00,0.21154999732971191,0.21299999952316284,0.21154999732971191,0.21230000257492065,2786,0.0,0.0
2024-11-07 15:30:00-05:00,0.21299999952316284,0.21850000321865082,0.21299999952316284,0.21769699454307556,81628,0.0,0.0
2024-11-07 15:35:00-05:00,0.21850000321865082,0.21889999508857727,0.21610000729560852,0.2175000011920929,3693,0.0,0.0
2024-11-07 15:40:00-05:00,0.2160010039806366,0.2175000011920929,0.2160010039806366,0.21699999272823334,655,0.0,0.0
2024-11-07 15:50:00-05:00,0.21709999442100525,0.21799999475479126,0.2160000056028366,0.21799999475479126,16706,0.0,0.0
2024-11-07 15:55:00-05:00,0.21789999306201935,0.22529999911785126,0.2160000056028366,0.22439999878406525,88281963,0.0,0.0
2024-11-08 09:30:00-05:00,0.6299999952316284,0.6299999952316284,0.5699999928474426,0.5809999704360962,124841129,0.0,0.0
2024-11-08 09:35:00-05:00,0.5809469819068909,0.5860999822616577,0.5099999904632568,0.51419997215271,17189764,0.0,0.0
2024-11-08 09:40:00-05:00,0.5178999900817871,0.5299000144004822,0.48260000348091125,0.4900999963283539,11477005,0.0,0.0
2024-11-08 09:45:00-05:00,0.49399998784065247,0.5299999713897705,0.47200000286102295,0.5202999711036682,13384903,0.0,0.0
2024-11-08 09:50:00-05:00,0.5200999975204468,0.5200999975204468,0.4819999933242798,0.5,7356028,0.0,0.0
2024-11-08 09:55:00-05:00,0.5,0.534500002861023,0.5,0.5169990062713623,16137224,0.0,0.0
2024-11-08 10:00:00-05:00,0.5170000195503235,0.5540000200271606,0.48010000586509705,0.5037000179290771,12962053,0.0,0.0
2024-11-08 10:05:00-05:00,0.5044999718666077,0.5081999897956848,0.47999998927116394,0.49470001459121704,6811700,0.0,0.0
2024-11-08 10:10:00-05:00,0.4950000047683716,0.5049999952316284,0.43700000643730164,0.4428499937057495,10395936,0.0,0.0
2024-11-08 10:15:00-05:00,0.4284999966621399,0.444599986076355,0.41999998688697815,0.4300000071525574,8234527,0.0,0.0
2024-11-08 10:20:00-05:00,0.4300000071525574,0.4440999925136566,0.3887999951839447,0.39629998803138733,6082362,0.0,0.0
2024-11-08 10:25:00-05:00,0.3982999920845032,0.41260001063346863,0.3702000081539154,0.3709000051021576,5734601,0.0,0.0
2024-11-08 10:30:00-05:00,0.3707999885082245,0.39989998936653137,0.3702000081539154,0.3711000084877014,3433471,0.0,0.0
2024-11-08 10:35:00-05:00,0.3711000084877014,0.4000000059604645,0.3612000048160553,0.3939000070095062,3685665,0.0,0.0
2024-11-08 10:40:00-05:00,0.3935000002384186,0.40619999170303345,0.37689998745918274,0.37720000743865967,3546625,0.0,0.0
2024-11-08 10:45:00-05:00,0.37724998593330383,0.39149999618530273,0.36500000953674316,0.36800000071525574,2511611,0.0,0.0
2024-11-08 10:50:00-05:00,0.3659000098705292,0.3790000081062317,0.36500000953674316,0.36691001057624817,1597197,0.0,0.0
2024-11-08 10:55:00-05:00,0.36844998598098755,0.3864000141620636,0.36629998683929443,0.38635000586509705,1407421,0.0,0.0
2024-11-08 11:00:00-05:00,0.3856000006198883,0.38760000467300415,0.36629998683929443,0.3711009919643402,1279753,0.0,0.0
2024-11-08 11:05:00-05:00,0.3711000084877014,0.4002000093460083,0.3702000081539154,0.3980570137500763,2335704,0.0,0.0
2024-11-08 11:10:00-05:00,0.39809998869895935,0.4088999927043915,0.3799999952316284,0.4088999927043915,3199472,0.0,0.0
2024-11-08 11:15:00-05:00,0.4088999927043915,0.4140999913215637,0.38499999046325684,0.3910999894142151,2439068,0.0,0.0
2024-11-08 11:20:00-05:00,0.39100000262260437,0.39969998598098755,0.3817000091075897,0.3887999951839447,972674,0.0,0.0
2024-11-08 11:25:00-05:00,0.38519999384880066,0.38999998569488525,0.3711000084877014,0.38600000739097595,1082683,0.0,0.0
2024-11-08 11:30:00-05:00,0.38749998807907104,0.38960000872612,0.375,0.3799999952316284,831018,0.0,0.0
2024-11-08 11:35:00-05:00,0.3783000111579895,0.39989998936653137,0.37720000743865967,0.39695000648498535,1978746,0.0,0.0
2024-11-08 11:40:00-05:00,0.39695000648498535,0.40790000557899475,0.38760000467300415,0.3955000042915344,2236156,0.0,0.0
2024-11-08 11:45:00-05:00,0.39570000767707825,0.4203000068664551,0.39399999380111694,0.420199990272522,3758961,0.0,0.0
2024-11-08 11:50:00-05:00,0.41940000653266907,0.4269999861717224,0.4074999988079071,0.4074999988079071,3714638,0.0,0.0
2024-11-08 11:55:00-05:00,0.4074999988079071,0.4099999964237213,0.3799999952316284,0.3963389992713928,3403479,0.0,0.0
2024-11-08 12:00:00-05:00,0.3928000032901764,0.39739999175071716,0.38100001215934753,0.39719998836517334,1537739,0.0,0.0
2024-11-08 12:05:00-05:00,0.39399999380111694,0.39660000801086426,0.38600000739097595,0.3896999955177307,966500,0.0,0.0
2024-11-08 12:10:00-05:00,0.39070001244544983,0.39070001244544983,0.3799999952316284,0.3808000087738037,608481,0.0,0.0
2024-11-08 12:15:00-05:00,0.38089999556541443,0.3846000134944916,0.3424000144004822,0.3813999891281128,2843626,0.0,0.0
2024-11-08 12:20:00-05:00,0.3799999952316284,0.3824000060558319,0.36000001430511475,0.3619999885559082,938659,0.0,0.0
2024-11-08 12:25:00-05:00,0.3619999885559082,0.37130001187324524,0.3619999885559082,0.364300012588501,379764,0.0,0.0
2024-11-08 12:30:00-05:00,0.36239999532699585,0.37950000166893005,0.36000001430511475,0.3727000057697296,1053145,0.0,0.0
2024-11-08 12:35:00-05:00,0.37320101261138916,0.39320001006126404,0.3700000047683716,0.3833000063896179,1438102,0.0,0.0
2024-11-08 12:40:00-05:00,0.3783000111579895,0.38499999046325684,0.36239999532699585,0.36469998955726624,832742,0.0,0.0
2024-11-08 12:45:00-05:00,0.3626309931278229,0.36469998955726624,0.36010000109672546,0.36230000853538513,443569,0.0,0.0
2024-11-08 12:50:00-05:00,0.3630000054836273,0.36399999260902405,0.34380000829696655,0.34700000286102295,833221,0.0,0.0
2024-11-08 12:55:00-05:00,0.34700000286102295,0.3587000072002411,0.34700000286102295,0.3517000079154968,450859,0.0,0.0
2024-11-08 13:00:00-05:00,0.3517000079154968,0.35499998927116394,0.3402999937534332,0.3467999994754791,353289,0.0,0.0
2024-11-08 13:05:00-05:00,0.3450999855995178,0.35499998927116394,0.34310001134872437,0.3549000024795532,516251,0.0,0.0
2024-11-08 13:10:00-05:00,0.3549000024795532,0.3549000024795532,0.3402999937534332,0.34119999408721924,319391,0.0,0.0
2024-11-08 13:15:00-05:00,0.3402999937534332,0.34060001373291016,0.3206999897956848,0.3273000121116638,935974,0.0,0.0
2024-11-08 13:20:00-05:00,0.3260999917984009,0.33379998803138733,0.3208000063896179,0.32429999113082886,318758,0.0,0.0
2024-11-08 13:25:00-05:00,0.32120001316070557,0.3255000114440918,0.3140000104904175,0.3160000145435333,837863,0.0,0.0
2024-11-08 13:30:00-05:00,0.3160000145435333,0.31610000133514404,0.3034999966621399,0.3131999969482422,1527103,0.0,0.0
2024-11-08 13:35:00-05:00,0.3118000030517578,0.32798999547958374,0.3089999854564667,0.32749998569488525,966778,0.0,0.0
2024-11-08 13:40:00-05:00,0.3269999921321869,0.3399350047111511,0.3199999928474426,0.32864999771118164,812586,0.0,0.0
2024-11-08 13:45:00-05:00,0.3310999870300293,0.3370000123977661,0.3199999928474426,0.32589998841285706,207730,0.0,0.0
2024-11-08 13:50:00-05:00,0.32589998841285706,0.3296999931335449,0.32010000944137573,0.3239000141620636,285879,0.0,0.0
2024-11-08 13:55:00-05:00,0.3249000012874603,0.3296999931335449,0.32089999318122864,0.323199987411499,476901,0.0,0.0
2024-11-08 14:00:00-05:00,0.32100000977516174,0.3244999945163727,0.3100000023841858,0.31209999322891235,303844,0.0,0.0
2024-11-08 14:05:00-05:00,0.3147999942302704,0.3208000063896179,0.31200000643730164,0.31200000643730164,179571,0.0,0.0
2024-11-08 14:10:00-05:00,0.3147990107536316,0.3203999996185303,0.31119999289512634,0.3160000145435333,255829,0.0,0.0
2024-11-08 14:15:00-05:00,0.3197999894618988,0.3197999894618988,0.3125999867916107,0.31369999051094055,179432,0.0,0.0
2024-11-08 14:20:00-05:00,0.31360000371932983,0.31630000472068787,0.31299999356269836,0.3158000111579895,175766,0.0,0.0
2024-11-08 14:25:00-05:00,0.31494998931884766,0.33000001311302185,0.3140000104904175,0.32989999651908875,628013,0.0,0.0
2024-11-08 14:30:00-05:00,0.33000001311302185,0.33869999647140503,0.3179999887943268,0.31850001215934753,1049643,0.0,0.0
2024-11-08 14:35:00-05:00,0.31850001215934753,0.32989999651908875,0.3125999867916107,0.32600000500679016,421774,0.0,0.0
2024-11-08 14:40:00-05:00,0.325300008058548,0.3359000086784363,0.3149999976158142,0.3231000006198883,97209,0.0,0.0
2024-11-08 14:45:00-05:00,0.3239000141620636,0.335099995136261,0.31802898645401,0.33500000834465027,248309,0.0,0.0
2024-11-08 14:50:00-05:00,0.33500000834465027,0.33880001306533813,0.32760000228881836,0.33340001106262207,75849,0.0,0.0
2024-11-08 14:55:00-05:00,0.3327000141143799,0.33889999985694885,0.3231000006198883,0.3262999951839447,226443,0.0,0.0
2024-11-08 15:00:00-05:00,0.3231000006198883,0.32989999651908875,0.31369999051094055,0.31829899549484253,263518,0.0,0.0
2024-11-08 15:05:00-05:00,0.3183000087738037,0.3199999928474426,0.3125999867916107,0.3158990144729614,296219,0.0,0.0
2024-11-08 15:10:00-05:00,0.31540000438690186,0.3158999979496002,0.31279999017715454,0.3138430118560791,208626,0.0,0.0
2024-11-08 15:15:00-05:00,0.31380000710487366,0.31859999895095825,0.3075000047683716,0.3102000057697296,269039,0.0,0.0
2024-11-08 15:20:00-05:00,0.31049999594688416,0.3199999928474426,0.31049999594688416,0.3160000145435333,499068,0.0,0.0
2024-11-08 15:25:00-05:00,0.3199999928474426,0.32429999113082886,0.3149999976158142,0.3199000060558319,358876,0.0,0.0
2024-11-08 15:30:00-05:00,0.3199000060558319,0.33000001311302185,0.3149999976158142,0.3237999975681305,435998,0.0,0.0
2024-11-08 15:35:00-05:00,0.3230000138282776,0.33000001311302185,0.3230000138282776,0.3292999863624573,181406,0.0,0.0
2024-11-08 15:40:00-05:00,0.32989999651908875,0.33730000257492065,0.3215999901294708,0.32499998807907104,500388,0.0,0.0
2024-11-08 15:45:00-05:00,0.3262999951839447,0.33000001311302185,0.3149999976158142,0.32910001277923584,539112,0.0,0.0
2024-11-08 15:50:00-05:00,0.32989999651908875,0.32989999651908875,0.3149999976158142,0.3199000060558319,403558,0.0,0.0
2024-11-08 15:55:00-05:00,0.3199000060558319,0.33500000834465027,0.3158999979496002,0.32030001282691956,1179008,0.0,0.0
