Datetime,Open,High,Low,Close,Volume,Dividends,Stock Splits
2022-10-20 09:00:00+09:00,387.0,387.0,386.0,387.0,700,0.0,0.0
2022-10-20 10:00:00+09:00,386.0,386.0,386.0,386.0,200,0.0,0.0
2022-10-20 11:00:00+09:00,385.0,385.0,385.0,385.0,0,0.0,0.0
2022-10-20 12:00:00+09:00,384.0,384.0,384.0,384.0,1600,0.0,0.0
2022-10-20 13:00:00+09:00,386.0,387.0,386.0,387.0,200,0.0,0.0
2022-10-20 14:00:00+09:00,386.0,386.0,386.0,386.0,300,0.0,0.0
2022-10-21 09:00:00+09:00,384.0,385.0,384.0,385.0,300,0.0,0.0
2022-10-21 10:00:00+09:00,386.0,386.0,386.0,386.0,100,0.0,0.0
2022-10-21 11:00:00+09:00,385.0,386.0,384.0,386.0,0,0.0,0.0
2022-10-21 12:00:00+09:00,387.0,387.0,387.0,387.0,2200,0.0,0.0
2022-10-21 13:00:00+09:00,388.0,388.0,388.0,388.0,300,0.0,0.0
2022-10-21 14:00:00+09:00,388.0,388.0,386.0,386.0,500,0.0,0.0
2022-10-24 09:00:00+09:00,388.0,391.0,388.0,391.0,700,0.0,0.0
2022-10-24 10:00:00+09:00,389.0,389.0,389.0,389.0,300,0.0,0.0
2022-10-24 11:00:00+09:00,388.0,388.0,388.0,388.0,0,0.0,0.0
2022-10-24 12:00:00+09:00,388.0,388.0,388.0,388.0,1600,0.0,0.0
2022-10-24 13:00:00+09:00,389.0,390.0,389.0,389.0,1000,0.0,0.0
2022-10-24 14:00:00+09:00,388.0,388.0,388.0,388.0,600,0.0,0.0
2022-10-25 09:00:00+09:00,392.0,392.0,388.0,388.0,0,0.0,0.0
2022-10-25 10:00:00+09:00,389.0,390.0,388.0,390.0,10900,0.0,0.0
2022-10-25 11:00:00+09:00,390.0,391.0,390.0,390.0,0,0.0,0.0
2022-10-25 12:00:00+09:00,391.0,393.0,391.0,393.0,17700,0.0,0.0
2022-10-25 13:00:00+09:00,393.0,393.0,392.0,392.0,400,0.0,0.0
2022-10-25 14:00:00+09:00,391.0,391.0,391.0,391.0,100,0.0,0.0
2022-10-26 09:00:00+09:00,396.0,398.0,393.0,394.0,4200,0.0,0.0
2022-10-26 10:00:00+09:00,394.0,394.0,394.0,394.0,0,0.0,0.0
2022-10-26 11:00:00+09:00,396.0,396.0,394.0,394.0,0,0.0,0.0
2022-10-26 12:00:00+09:00,398.0,403.0,398.0,400.0,12300,0.0,0.0
2022-10-26 13:00:00+09:00,400.0,401.0,395.0,395.0,2500,0.0,0.0
2022-10-26 14:00:00+09:00,395.0,395.0,392.0,392.0,2800,0.0,0.0
2022-10-27 09:00:00+09:00,392.0,396.0,387.0,387.0,2700,0.0,0.0
2022-10-27 10:00:00+09:00,390.0,390.0,390.0,390.0,100,0.0,0.0
2022-10-27 11:00:00+09:00,389.0,389.0,389.0,389.0,0,0.0,0.0
2022-10-27 12:00:00+09:00,389.0,389.0,389.0,389.0,3000,0.0,0.0
2022-10-27 13:00:00+09:00,389.0,389.0,389.0,389.0,100,0.0,0.0
2022-10-27 14:00:00+09:00,389.0,389.0,389.0,389.0,200,0.0,0.0
2022-10-28 09:00:00+09:00,389.0,389.0,388.0,388.0,600,0.0,0.0
2022-10-28 11:00:00+09:00,388.0,388.0,388.0,388.0,0,0.0,0.0
2022-10-28 13:00:00+09:00,387.0,387.0,387.0,387.0,900,0.0,0.0
2022-10-28 14:00:00+09:00,388.0,388.0,388.0,388.0,200,0.0,0.0
2022-10-31 09:00:00+09:00,388.0,390.0,387.0,389.0,3500,0.0,0.0
2022-10-31 11:00:00+09:00,389.0,389.0,389.0,389.0,0,0.0,0.0
2022-10-31 13:00:00+09:00,389.0,389.0,389.0,389.0,6300,0.0,0.0
2022-10-31 14:00:00+09:00,388.0,388.0,388.0,388.0,200,0.0,0.0
2022-11-01 09:00:00+09:00,390.0,390.0,390.0,390.0,200,0.0,0.0
2022-11-01 10:00:00+09:00,390.0,390.0,390.0,390.0,100,0.0,0.0
2022-11-01 11:00:00+09:00,391.0,392.0,391.0,392.0,0,0.0,0.0
2022-11-01 12:00:00+09:00,388.0,388.0,388.0,388.0,700,0.0,0.0
2022-11-01 13:00:00+09:00,388.0,388.0,387.0,387.0,800,0.0,0.0
2022-11-01 14:00:00+09:00,387.0,388.0,387.0,388.0,200,0.0,0.0
2022-11-02 14:00:00+09:00,388.0,388.0,388.0,388.0,100,0.0,0.0
2022-11-04 09:00:00+09:00,386.0,386.0,386.0,386.0,5800,0.0,0.0
2022-11-04 11:00:00+09:00,386.0,386.0,384.0,384.0,0,0.0,0.0
2022-11-04 13:00:00+09:00,387.0,387.0,387.0,387.0,6500,0.0,0.0
2022-11-04 14:00:00+09:00,386.0,386.0,386.0,386.0,200,0.0,0.0
2022-11-07 09:00:00+09:00,389.0,389.0,387.0,387.0,0,0.0,0.0
2022-11-07 10:00:00+09:00,387.0,387.0,387.0,387.0,100,0.0,0.0
2022-11-07 11:00:00+09:00,386.0,387.0,385.0,387.0,0,0.0,0.0
2022-11-07 12:00:00+09:00,388.0,388.0,388.0,388.0,2000,0.0,0.0
2022-11-08 09:00:00+09:00,386.0,386.0,386.0,386.0,200,0.0,0.0
2022-11-08 10:00:00+09:00,386.0,386.0,386.0,386.0,200,0.0,0.0
2022-11-08 11:00:00+09:00,387.0,387.0,387.0,387.0,0,0.0,0.0
2022-11-08 12:00:00+09:00,385.0,385.0,380.0,380.0,1300,0.0,0.0
2022-11-08 13:00:00+09:00,384.0,384.0,384.0,384.0,100,0.0,0.0
2022-11-08 14:00:00+09:00,384.0,386.0,384.0,386.0,300,0.0,0.0
2022-11-09 09:00:00+09:00,386.0,388.0,386.0,388.0,300,0.0,0.0
2022-11-09 10:00:00+09:00,387.0,388.0,387.0,388.0,400,0.0,0.0
2022-11-09 11:00:00+09:00,389.0,394.0,388.0,388.0,0,0.0,0.0
2022-11-09 12:00:00+09:00,387.0,387.0,387.0,387.0,3000,0.0,0.0
2022-11-09 13:00:00+09:00,389.0,389.0,389.0,389.0,100,0.0,0.0
2022-11-09 14:00:00+09:00,388.0,390.0,388.0,390.0,800,0.0,0.0
2022-11-10 09:00:00+09:00,383.0,385.0,383.0,385.0,700,0.0,0.0
2022-11-10 10:00:00+09:00,385.0,386.0,385.0,386.0,300,0.0,0.0
2022-11-10 11:00:00+09:00,386.0,386.0,385.0,385.0,0,0.0,0.0
2022-11-10 12:00:00+09:00,386.0,386.0,386.0,386.0,1500,0.0,0.0
2022-11-10 14:00:00+09:00,387.0,388.0,386.0,386.0,1500,0.0,0.0
2022-11-11 09:00:00+09:00,397.0,397.0,389.0,390.0,5900,0.0,0.0
2022-11-11 10:00:00+09:00,390.0,405.0,390.0,402.0,12600,0.0,0.0
2022-11-11 11:00:00+09:00,400.0,402.0,398.0,402.0,0,0.0,0.0
2022-11-11 12:00:00+09:00,396.0,405.0,396.0,401.0,25800,0.0,0.0
2022-11-11 13:00:00+09:00,399.0,405.0,398.0,400.0,4600,0.0,0.0
2022-11-11 14:00:00+09:00,399.0,405.0,397.0,402.0,3100,0.0,0.0
2022-11-14 09:00:00+09:00,406.0,406.0,401.0,403.0,5000,0.0,0.0
2022-11-14 10:00:00+09:00,401.0,401.0,400.0,401.0,900,0.0,0.0
2022-11-14 11:00:00+09:00,399.0,403.0,390.0,395.0,0,0.0,0.0
2022-11-14 12:00:00+09:00,395.0,400.0,395.0,400.0,11300,0.0,0.0
2022-11-14 14:00:00+09:00,396.0,397.0,385.0,392.0,12500,0.0,0.0
2022-11-15 09:00:00+09:00,388.0,396.0,388.0,393.0,6700,0.0,0.0
2022-11-15 10:00:00+09:00,393.0,393.0,393.0,393.0,0,0.0,0.0
2022-11-15 11:00:00+09:00,393.0,393.0,393.0,393.0,0,0.0,0.0
2022-11-16 09:00:00+09:00,393.0,395.0,393.0,395.0,700,0.0,0.0
2022-11-16 10:00:00+09:00,395.0,395.0,395.0,395.0,200,0.0,0.0
2022-11-16 11:00:00+09:00,395.0,395.0,395.0,395.0,0,0.0,0.0
2022-11-16 12:00:00+09:00,394.0,395.0,394.0,394.0,1200,0.0,0.0
2022-11-16 13:00:00+09:00,393.0,393.0,393.0,393.0,200,0.0,0.0
2022-11-16 14:00:00+09:00,393.0,395.0,393.0,395.0,900,0.0,0.0
2022-11-17 10:00:00+09:00,396.0,396.0,396.0,396.0,200,0.0,0.0
2022-11-17 11:00:00+09:00,396.0,396.0,396.0,396.0,0,0.0,0.0
2022-11-17 12:00:00+09:00,404.0,405.0,403.0,403.0,6300,0.0,0.0
2022-11-17 13:00:00+09:00,402.0,402.0,402.0,402.0,200,0.0,0.0
2022-11-17 14:00:00+09:00,402.0,407.0,402.0,407.0,1200,0.0,0.0
2022-11-18 09:00:00+09:00,409.0,409.0,402.0,405.0,3000,0.0,0.0
2022-11-18 10:00:00+09:00,405.0,405.0,404.0,404.0,300,0.0,0.0
2022-11-18 11:00:00+09:00,405.0,407.0,405.0,407.0,0,0.0,0.0
2022-11-18 12:00:00+09:00,407.0,408.0,407.0,408.0,6900,0.0,0.0
2022-11-18 13:00:00+09:00,406.0,406.0,405.0,405.0,700,0.0,0.0
2022-11-18 14:00:00+09:00,407.0,413.0,396.0,404.0,10400,0.0,0.0
2022-11-21 09:00:00+09:00,406.0,406.0,403.0,403.0,0,0.0,0.0
2022-11-21 10:00:00+09:00,403.0,403.0,403.0,403.0,300,0.0,0.0
2022-11-21 11:00:00+09:00,403.0,403.0,403.0,403.0,0,0.0,0.0
2022-11-21 12:00:00+09:00,403.0,403.0,403.0,403.0,3100,0.0,0.0
2022-11-21 13:00:00+09:00,405.0,405.0,404.0,404.0,700,0.0,0.0
2022-11-21 14:00:00+09:00,408.0,411.0,408.0,411.0,2900,0.0,0.0
2022-11-22 09:00:00+09:00,411.0,422.0,410.0,421.0,7100,0.0,0.0
2022-11-22 10:00:00+09:00,419.0,420.0,417.0,419.0,1900,0.0,0.0
2022-11-22 11:00:00+09:00,417.0,417.0,415.0,415.0,0,0.0,0.0
2022-11-22 12:00:00+09:00,415.0,415.0,415.0,415.0,10200,0.0,0.0
2022-11-22 13:00:00+09:00,415.0,421.0,415.0,421.0,1900,0.0,0.0
2022-11-22 14:00:00+09:00,421.0,422.0,419.0,420.0,3000,0.0,0.0
2022-11-24 09:00:00+09:00,425.0,425.0,420.0,422.0,0,0.0,0.0
2022-11-24 10:00:00+09:00,424.0,424.0,424.0,424.0,5300,0.0,0.0
2022-11-24 11:00:00+09:00,423.0,423.0,423.0,423.0,0,0.0,0.0
2022-11-24 12:00:00+09:00,423.0,424.0,423.0,423.0,7300,0.0,0.0
2022-11-24 13:00:00+09:00,423.0,424.0,422.0,423.0,2700,0.0,0.0
2022-11-24 14:00:00+09:00,422.0,424.0,421.0,421.0,1400,0.0,0.0
2022-11-25 09:00:00+09:00,427.0,427.0,416.0,425.0,10700,0.0,0.0
2022-11-25 10:00:00+09:00,423.0,423.0,420.0,422.0,1800,0.0,0.0
2022-11-25 11:00:00+09:00,422.0,424.0,420.0,424.0,0,0.0,0.0
2022-11-25 12:00:00+09:00,426.0,426.0,426.0,426.0,17900,0.0,0.0
2022-11-25 13:00:00+09:00,426.0,426.0,425.0,425.0,2200,0.0,0.0
2022-11-25 14:00:00+09:00,424.0,427.0,424.0,427.0,4700,0.0,0.0
2022-11-28 09:00:00+09:00,430.0,446.0,430.0,443.0,15300,0.0,0.0
2022-11-28 10:00:00+09:00,441.0,441.0,435.0,440.0,2700,0.0,0.0
2022-11-28 11:00:00+09:00,441.0,441.0,441.0,441.0,0,0.0,0.0
2022-11-28 12:00:00+09:00,442.0,442.0,440.0,442.0,20700,0.0,0.0
2022-11-28 13:00:00+09:00,441.0,446.0,440.0,443.0,5500,0.0,0.0
2022-11-28 14:00:00+09:00,441.0,445.0,441.0,444.0,4600,0.0,0.0
2022-11-29 09:00:00+09:00,445.0,454.0,427.0,448.0,20300,0.0,0.0
2022-11-29 10:00:00+09:00,450.0,455.0,449.0,454.0,6200,0.0,0.0
2022-11-29 11:00:00+09:00,454.0,462.0,454.0,462.0,0,0.0,0.0
2022-11-29 12:00:00+09:00,463.0,471.0,463.0,470.0,45500,0.0,0.0
2022-11-29 13:00:00+09:00,470.0,477.0,470.0,473.0,16900,0.0,0.0
2022-11-29 14:00:00+09:00,472.0,480.0,470.0,477.0,16000,0.0,0.0
2022-11-30 09:00:00+09:00,482.0,487.0,479.0,479.0,20900,0.0,0.0
2022-11-30 10:00:00+09:00,479.0,485.0,477.0,477.0,9200,0.0,0.0
2022-11-30 11:00:00+09:00,480.0,486.0,479.0,482.0,0,0.0,0.0
2022-11-30 12:00:00+09:00,485.0,485.0,481.0,481.0,36100,0.0,0.0
2022-11-30 13:00:00+09:00,479.0,486.0,479.0,481.0,5400,0.0,0.0
2022-11-30 14:00:00+09:00,481.0,484.0,478.0,479.0,3800,0.0,0.0
2022-12-01 09:00:00+09:00,478.0,478.0,466.0,468.0,8300,0.0,0.0
2022-12-01 10:00:00+09:00,466.0,466.0,454.0,462.0,10300,0.0,0.0
2022-12-01 11:00:00+09:00,463.0,465.0,458.0,458.0,0,0.0,0.0
2022-12-01 12:00:00+09:00,458.0,461.0,458.0,460.0,22900,0.0,0.0
2022-12-01 13:00:00+09:00,460.0,467.0,460.0,464.0,3600,0.0,0.0
2022-12-01 14:00:00+09:00,463.0,463.0,458.0,460.0,9200,0.0,0.0
2022-12-02 09:00:00+09:00,444.0,455.0,442.0,452.0,12800,0.0,0.0
2022-12-02 10:00:00+09:00,450.0,450.0,449.0,449.0,700,0.0,0.0
2022-12-02 11:00:00+09:00,449.0,453.0,449.0,453.0,0,0.0,0.0
2022-12-02 12:00:00+09:00,450.0,450.0,450.0,450.0,14000,0.0,0.0
2022-12-02 13:00:00+09:00,450.0,454.0,448.0,452.0,3400,0.0,0.0
2022-12-02 14:00:00+09:00,452.0,452.0,446.0,451.0,4500,0.0,0.0
2022-12-05 09:00:00+09:00,442.0,447.0,436.0,440.0,7200,0.0,0.0
2022-12-05 10:00:00+09:00,440.0,440.0,440.0,440.0,200,0.0,0.0
2022-12-05 11:00:00+09:00,441.0,442.0,441.0,442.0,0,0.0,0.0
2022-12-05 12:00:00+09:00,442.0,442.0,442.0,442.0,9300,0.0,0.0
2022-12-05 13:00:00+09:00,442.0,443.0,442.0,443.0,300,0.0,0.0
2022-12-05 14:00:00+09:00,443.0,443.0,440.0,440.0,2000,0.0,0.0
2022-12-06 09:00:00+09:00,438.0,439.0,434.0,439.0,0,0.0,0.0
2022-12-06 10:00:00+09:00,443.0,448.0,443.0,448.0,2900,0.0,0.0
2022-12-06 11:00:00+09:00,447.0,447.0,447.0,447.0,0,0.0,0.0
2022-12-06 12:00:00+09:00,445.0,445.0,440.0,440.0,9500,0.0,0.0
2022-12-06 13:00:00+09:00,440.0,440.0,436.0,436.0,600,0.0,0.0
2022-12-06 14:00:00+09:00,439.0,444.0,439.0,444.0,700,0.0,0.0
2022-12-07 09:00:00+09:00,439.0,446.0,438.0,445.0,500,0.0,0.0
2022-12-07 10:00:00+09:00,444.0,445.0,432.0,445.0,3000,0.0,0.0
2022-12-07 11:00:00+09:00,443.0,443.0,435.0,439.0,0,0.0,0.0
2022-12-07 12:00:00+09:00,441.0,442.0,433.0,435.0,6800,0.0,0.0
2022-12-07 13:00:00+09:00,436.0,440.0,436.0,440.0,400,0.0,0.0
2022-12-07 14:00:00+09:00,440.0,443.0,438.0,438.0,5600,0.0,0.0
2022-12-08 09:00:00+09:00,432.0,437.0,432.0,437.0,3700,0.0,0.0
2022-12-08 10:00:00+09:00,434.0,434.0,426.0,433.0,3200,0.0,0.0
2022-12-08 11:00:00+09:00,431.0,431.0,430.0,430.0,0,0.0,0.0
2022-12-08 12:00:00+09:00,430.0,430.0,430.0,430.0,7500,0.0,0.0
2022-12-08 13:00:00+09:00,430.0,433.0,430.0,433.0,400,0.0,0.0
2022-12-08 14:00:00+09:00,433.0,433.0,432.0,432.0,700,0.0,0.0
2022-12-09 09:00:00+09:00,433.0,439.0,433.0,439.0,0,0.0,0.0
2022-12-09 10:00:00+09:00,436.0,436.0,436.0,436.0,800,0.0,0.0
2022-12-09 11:00:00+09:00,436.0,436.0,436.0,436.0,0,0.0,0.0
2022-12-09 12:00:00+09:00,438.0,438.0,438.0,438.0,900,0.0,0.0
2022-12-09 13:00:00+09:00,438.0,440.0,434.0,434.0,1800,0.0,0.0
2022-12-12 09:00:00+09:00,428.0,435.0,428.0,434.0,9000,0.0,0.0
2022-12-12 10:00:00+09:00,434.0,453.0,434.0,444.0,10700,0.0,0.0
2022-12-12 11:00:00+09:00,449.0,455.0,437.0,455.0,0,0.0,0.0
2022-12-12 12:00:00+09:00,451.0,453.0,446.0,446.0,30300,0.0,0.0
2022-12-12 13:00:00+09:00,447.0,447.0,442.0,442.0,900,0.0,0.0
2022-12-12 14:00:00+09:00,444.0,444.0,444.0,444.0,500,0.0,0.0
2022-12-13 09:00:00+09:00,442.0,447.0,442.0,447.0,2400,0.0,0.0
2022-12-13 10:00:00+09:00,445.0,445.0,445.0,445.0,200,0.0,0.0
2022-12-13 11:00:00+09:00,445.0,445.0,445.0,445.0,0,0.0,0.0
2022-12-13 13:00:00+09:00,447.0,447.0,446.0,447.0,3200,0.0,0.0
2022-12-13 14:00:00+09:00,447.0,448.0,447.0,448.0,400,0.0,0.0
2022-12-14 09:00:00+09:00,448.0,448.0,448.0,448.0,200,0.0,0.0
2022-12-14 10:00:00+09:00,445.0,445.0,441.0,441.0,1200,0.0,0.0
2022-12-14 11:00:00+09:00,446.0,446.0,446.0,446.0,0,0.0,0.0
2022-12-14 12:00:00+09:00,446.0,449.0,446.0,449.0,2500,0.0,0.0
2022-12-14 13:00:00+09:00,450.0,450.0,450.0,450.0,600,0.0,0.0
2022-12-14 14:00:00+09:00,450.0,456.0,449.0,455.0,0,0.0,0.0
2022-12-15 09:00:00+09:00,455.0,466.0,455.0,463.0,10400,0.0,0.0
2022-12-15 10:00:00+09:00,464.0,473.0,464.0,469.0,8400,0.0,0.0
2022-12-15 11:00:00+09:00,466.0,468.0,465.0,466.0,0,0.0,0.0
2022-12-15 12:00:00+09:00,467.0,472.0,467.0,470.0,25000,0.0,0.0
2022-12-15 13:00:00+09:00,469.0,469.0,465.0,465.0,2800,0.0,0.0
2022-12-15 14:00:00+09:00,469.0,469.0,466.0,466.0,800,0.0,0.0
2022-12-16 09:00:00+09:00,475.0,475.0,465.0,465.0,9300,0.0,0.0
2022-12-16 10:00:00+09:00,466.0,472.0,462.0,468.0,6100,0.0,0.0
2022-12-16 11:00:00+09:00,473.0,474.0,473.0,473.0,0,0.0,0.0
2022-12-16 12:00:00+09:00,477.0,477.0,472.0,474.0,24800,0.0,0.0
2022-12-16 13:00:00+09:00,473.0,473.0,473.0,473.0,200,0.0,0.0
2022-12-16 14:00:00+09:00,473.0,473.0,468.0,470.0,6200,0.0,0.0
2022-12-19 09:00:00+09:00,470.0,470.0,467.0,470.0,5200,0.0,0.0
2022-12-19 10:00:00+09:00,470.0,470.0,470.0,470.0,1200,0.0,0.0
2022-12-19 11:00:00+09:00,470.0,470.0,470.0,470.0,0,0.0,0.0
2022-12-19 12:00:00+09:00,469.0,472.0,469.0,472.0,7500,0.0,0.0
2022-12-19 13:00:00+09:00,472.0,472.0,472.0,472.0,2100,0.0,0.0
2022-12-19 14:00:00+09:00,471.0,474.0,471.0,472.0,3500,0.0,0.0
2022-12-20 09:00:00+09:00,480.0,485.0,475.0,476.0,12200,0.0,0.0
2022-12-20 10:00:00+09:00,478.0,484.0,476.0,476.0,3900,0.0,0.0
2022-12-20 11:00:00+09:00,475.0,475.0,469.0,474.0,0,0.0,0.0
2022-12-20 12:00:00+09:00,472.0,472.0,443.0,443.0,27000,0.0,0.0
2022-12-20 13:00:00+09:00,446.0,453.0,440.0,440.0,7300,0.0,0.0
2022-12-20 14:00:00+09:00,443.0,451.0,443.0,451.0,4800,0.0,0.0
2022-12-21 09:00:00+09:00,450.0,450.0,429.0,433.0,13300,0.0,0.0
2022-12-21 10:00:00+09:00,434.0,442.0,434.0,442.0,1300,0.0,0.0
2022-12-21 11:00:00+09:00,440.0,440.0,438.0,438.0,0,0.0,0.0
2022-12-21 12:00:00+09:00,438.0,438.0,431.0,431.0,26600,0.0,0.0
2022-12-21 13:00:00+09:00,434.0,437.0,434.0,434.0,900,0.0,0.0
2022-12-21 14:00:00+09:00,437.0,439.0,436.0,439.0,2600,0.0,0.0
2022-12-22 09:00:00+09:00,443.0,444.0,440.0,440.0,2400,0.0,0.0
2022-12-22 10:00:00+09:00,440.0,440.0,438.0,438.0,500,0.0,0.0
2022-12-22 11:00:00+09:00,440.0,441.0,435.0,436.0,0,0.0,0.0
2022-12-22 12:00:00+09:00,436.0,436.0,435.0,435.0,4300,0.0,0.0
2022-12-22 13:00:00+09:00,436.0,439.0,436.0,439.0,1200,0.0,0.0
2022-12-22 14:00:00+09:00,439.0,445.0,439.0,441.0,6900,0.0,0.0
2022-12-23 09:00:00+09:00,444.0,446.0,441.0,443.0,6400,0.0,0.0
2022-12-23 10:00:00+09:00,445.0,469.0,445.0,458.0,16000,0.0,0.0
2022-12-23 11:00:00+09:00,457.0,457.0,447.0,452.0,0,0.0,0.0
2022-12-23 12:00:00+09:00,457.0,458.0,450.0,450.0,34100,0.0,0.0
2022-12-23 13:00:00+09:00,453.0,453.0,451.0,451.0,400,0.0,0.0
2022-12-23 14:00:00+09:00,454.0,458.0,454.0,458.0,2300,0.0,0.0
2022-12-26 09:00:00+09:00,463.0,465.0,452.0,455.0,10200,0.0,0.0
2022-12-26 10:00:00+09:00,455.0,460.0,455.0,459.0,1500,0.0,0.0
2022-12-26 11:00:00+09:00,458.0,458.0,455.0,457.0,0,0.0,0.0
2022-12-26 12:00:00+09:00,459.0,460.0,459.0,460.0,15800,0.0,0.0
2022-12-26 13:00:00+09:00,460.0,460.0,456.0,456.0,1600,0.0,0.0
2022-12-26 14:00:00+09:00,456.0,458.0,453.0,458.0,1100,0.0,0.0
2022-12-27 09:00:00+09:00,451.0,456.0,451.0,456.0,1100,0.0,0.0
2022-12-27 10:00:00+09:00,456.0,456.0,456.0,456.0,1100,0.0,0.0
2022-12-27 11:00:00+09:00,456.0,456.0,456.0,456.0,0,0.0,0.0
2022-12-27 12:00:00+09:00,452.0,452.0,450.0,451.0,3300,0.0,0.0
2022-12-27 13:00:00+09:00,452.0,452.0,446.0,448.0,2400,0.0,0.0
2022-12-27 14:00:00+09:00,448.0,449.0,445.0,449.0,2800,0.0,0.0
2022-12-28 09:00:00+09:00,446.0,449.0,445.0,445.0,1200,0.0,0.0
2022-12-28 10:00:00+09:00,445.0,445.0,444.0,444.0,0,0.0,0.0
2022-12-28 11:00:00+09:00,443.0,443.0,443.0,443.0,0,0.0,0.0
2022-12-28 12:00:00+09:00,445.0,448.0,445.0,446.0,3300,0.0,0.0
2022-12-28 13:00:00+09:00,446.0,446.0,446.0,446.0,3000,0.0,0.0
2022-12-28 14:00:00+09:00,446.0,446.0,442.0,443.0,900,0.0,0.0
2022-12-29 09:00:00+09:00,444.0,444.0,435.0,440.0,1800,0.0,0.0
2022-12-29 10:00:00+09:00,439.0,443.0,439.0,443.0,1700,0.0,0.0
2022-12-29 11:00:00+09:00,443.0,445.0,443.0,445.0,0,0.0,0.0
2022-12-29 14:00:00+09:00,446.0,451.0,445.0,449.0,7600,0.0,0.0
2022-12-30 09:00:00+09:00,449.0,453.0,442.0,453.0,5600,0.0,0.0
2022-12-30 10:00:00+09:00,454.0,460.0,454.0,454.0,2300,0.0,0.0
2022-12-30 11:00:00+09:00,454.0,454.0,454.0,454.0,0,0.0,0.0
2022-12-30 12:00:00+09:00,452.0,452.0,452.0,452.0,8900,0.0,0.0
2022-12-30 13:00:00+09:00,455.0,455.0,455.0,455.0,100,0.0,0.0
2022-12-30 14:00:00+09:00,456.0,458.0,456.0,458.0,700,0.0,0.0
2023-01-04 09:00:00+09:00,458.0,466.0,455.0,465.0,0,0.0,0.0
2023-01-04 10:00:00+09:00,463.0,479.0,454.0,464.0,20400,0.0,0.0
2023-01-04 11:00:00+09:00,462.0,475.0,458.0,471.0,0,0.0,0.0
2023-01-04 12:00:00+09:00,471.0,471.0,470.0,470.0,30400,0.0,0.0
2023-01-04 13:00:00+09:00,468.0,478.0,468.0,477.0,5400,0.0,0.0
2023-01-04 14:00:00+09:00,474.0,478.0,472.0,478.0,5400,0.0,0.0
2023-01-05 09:00:00+09:00,478.0,478.0,473.0,476.0,5300,0.0,0.0
2023-01-05 10:00:00+09:00,476.0,476.0,471.0,474.0,1600,0.0,0.0
2023-01-05 11:00:00+09:00,472.0,472.0,469.0,469.0,0,0.0,0.0
2023-01-05 12:00:00+09:00,469.0,472.0,469.0,470.0,10000,0.0,0.0
2023-01-05 13:00:00+09:00,469.0,469.0,463.0,465.0,1400,0.0,0.0
2023-01-05 14:00:00+09:00,466.0,466.0,464.0,464.0,400,0.0,0.0
2023-01-06 09:00:00+09:00,460.0,466.0,460.0,466.0,2700,0.0,0.0
2023-01-06 10:00:00+09:00,465.0,465.0,465.0,465.0,300,0.0,0.0
2023-01-06 11:00:00+09:00,465.0,465.0,465.0,465.0,0,0.0,0.0
2023-01-06 12:00:00+09:00,465.0,465.0,464.0,465.0,3800,0.0,0.0
2023-01-06 13:00:00+09:00,466.0,475.0,466.0,474.0,3100,0.0,0.0
2023-01-06 14:00:00+09:00,471.0,475.0,471.0,475.0,2600,0.0,0.0
2023-01-10 09:00:00+09:00,475.0,475.0,473.0,473.0,0,0.0,0.0
2023-01-10 10:00:00+09:00,471.0,473.0,470.0,473.0,1200,0.0,0.0
2023-01-10 11:00:00+09:00,473.0,473.0,473.0,473.0,0,0.0,0.0
2023-01-10 12:00:00+09:00,470.0,470.0,470.0,470.0,3900,0.0,0.0
2023-01-10 13:00:00+09:00,469.0,469.0,469.0,469.0,500,0.0,0.0
2023-01-10 14:00:00+09:00,469.0,470.0,468.0,470.0,1600,0.0,0.0
2023-01-11 09:00:00+09:00,472.0,477.0,472.0,473.0,1200,0.0,0.0
2023-01-11 10:00:00+09:00,474.0,474.0,473.0,473.0,200,0.0,0.0
2023-01-11 11:00:00+09:00,473.0,473.0,473.0,473.0,0,0.0,0.0
2023-01-11 14:00:00+09:00,472.0,472.0,469.0,470.0,2700,0.0,0.0
2023-01-12 09:00:00+09:00,474.0,474.0,465.0,465.0,1000,0.0,0.0
2023-01-12 10:00:00+09:00,466.0,466.0,463.0,466.0,1200,0.0,0.0
2023-01-12 11:00:00+09:00,466.0,466.0,466.0,466.0,0,0.0,0.0
2023-01-12 12:00:00+09:00,463.0,463.0,456.0,456.0,4900,0.0,0.0
2023-01-12 13:00:00+09:00,459.0,461.0,459.0,461.0,600,0.0,0.0
2023-01-12 14:00:00+09:00,461.0,461.0,459.0,461.0,600,0.0,0.0
2023-01-13 09:00:00+09:00,464.0,464.0,460.0,460.0,1200,0.0,0.0
2023-01-13 10:00:00+09:00,460.0,460.0,455.0,455.0,2200,0.0,0.0
2023-01-13 11:00:00+09:00,458.0,458.0,458.0,458.0,0,0.0,0.0
2023-01-13 12:00:00+09:00,456.0,456.0,456.0,456.0,3700,0.0,0.0
2023-01-13 13:00:00+09:00,456.0,458.0,456.0,456.0,400,0.0,0.0
2023-01-13 14:00:00+09:00,457.0,458.0,457.0,458.0,200,0.0,0.0
2023-01-16 09:00:00+09:00,452.0,453.0,449.0,452.0,0,0.0,0.0
2023-01-16 11:00:00+09:00,451.0,451.0,451.0,451.0,0,0.0,0.0
2023-01-16 13:00:00+09:00,450.0,452.0,449.0,449.0,5200,0.0,0.0
2023-01-16 14:00:00+09:00,450.0,451.0,449.0,450.0,1200,0.0,0.0
2023-01-17 09:00:00+09:00,450.0,452.0,448.0,450.0,3900,0.0,0.0
2023-01-17 10:00:00+09:00,451.0,451.0,450.0,451.0,1400,0.0,0.0
2023-01-17 11:00:00+09:00,451.0,451.0,451.0,451.0,0,0.0,0.0
2023-01-17 12:00:00+09:00,450.0,450.0,450.0,450.0,6900,0.0,0.0
2023-01-17 13:00:00+09:00,451.0,451.0,451.0,451.0,100,0.0,0.0
2023-01-17 14:00:00+09:00,450.0,451.0,450.0,451.0,300,0.0,0.0
2023-01-18 09:00:00+09:00,454.0,454.0,452.0,452.0,0,0.0,0.0
2023-01-18 11:00:00+09:00,452.0,452.0,452.0,452.0,0,0.0,0.0
2023-01-18 12:00:00+09:00,452.0,452.0,452.0,452.0,400,0.0,0.0
2023-01-18 13:00:00+09:00,453.0,453.0,453.0,453.0,400,0.0,0.0
2023-01-18 14:00:00+09:00,453.0,453.0,453.0,453.0,3100,0.0,0.0
2023-01-19 09:00:00+09:00,449.0,452.0,449.0,452.0,1900,0.0,0.0
2023-01-19 10:00:00+09:00,453.0,453.0,453.0,453.0,0,0.0,0.0
2023-01-19 11:00:00+09:00,453.0,453.0,453.0,453.0,0,0.0,0.0
2023-01-19 12:00:00+09:00,452.0,453.0,452.0,453.0,4500,0.0,0.0
2023-01-19 13:00:00+09:00,453.0,457.0,453.0,457.0,1300,0.0,0.0
2023-01-19 14:00:00+09:00,456.0,460.0,456.0,460.0,2100,0.0,0.0
2023-01-20 09:00:00+09:00,462.0,462.0,459.0,459.0,2500,0.0,0.0
2023-01-20 11:00:00+09:00,462.0,466.0,462.0,466.0,0,0.0,0.0
2023-01-20 12:00:00+09:00,466.0,466.0,466.0,466.0,7600,0.0,0.0
2023-01-20 13:00:00+09:00,469.0,470.0,463.0,470.0,2500,0.0,0.0
2023-01-20 14:00:00+09:00,468.0,471.0,466.0,466.0,6700,0.0,0.0
2023-01-23 09:00:00+09:00,469.0,472.0,469.0,469.0,1900,0.0,0.0
2023-01-23 10:00:00+09:00,470.0,470.0,470.0,470.0,300,0.0,0.0
2023-01-23 11:00:00+09:00,471.0,474.0,471.0,474.0,0,0.0,0.0
2023-01-23 12:00:00+09:00,474.0,474.0,471.0,472.0,5000,0.0,0.0
2023-01-23 13:00:00+09:00,471.0,471.0,470.0,470.0,800,0.0,0.0
2023-01-23 14:00:00+09:00,470.0,470.0,467.0,470.0,1800,0.0,0.0
2023-01-24 09:00:00+09:00,470.0,476.0,470.0,470.0,14300,0.0,0.0
2023-01-24 10:00:00+09:00,469.0,471.0,469.0,470.0,2200,0.0,0.0
2023-01-24 11:00:00+09:00,471.0,474.0,471.0,473.0,0,0.0,0.0
2023-01-24 12:00:00+09:00,469.0,471.0,467.0,471.0,19900,0.0,0.0
2023-01-24 13:00:00+09:00,471.0,471.0,465.0,467.0,4500,0.0,0.0
2023-01-24 14:00:00+09:00,468.0,469.0,466.0,466.0,1300,0.0,0.0
2023-01-25 09:00:00+09:00,471.0,472.0,465.0,469.0,6900,0.0,0.0
2023-01-25 10:00:00+09:00,471.0,472.0,470.0,472.0,1800,0.0,0.0
2023-01-25 11:00:00+09:00,472.0,477.0,472.0,477.0,0,0.0,0.0
2023-01-25 12:00:00+09:00,477.0,477.0,475.0,475.0,15700,0.0,0.0
2023-01-25 13:00:00+09:00,475.0,475.0,475.0,475.0,300,0.0,0.0
2023-01-25 14:00:00+09:00,476.0,477.0,473.0,473.0,1600,0.0,0.0
2023-01-26 09:00:00+09:00,474.0,474.0,464.0,469.0,3500,0.0,0.0
2023-01-26 10:00:00+09:00,469.0,470.0,469.0,470.0,500,0.0,0.0
2023-01-26 11:00:00+09:00,472.0,472.0,472.0,472.0,0,0.0,0.0
2023-01-26 12:00:00+09:00,474.0,474.0,469.0,469.0,8100,0.0,0.0
2023-01-26 13:00:00+09:00,473.0,473.0,470.0,470.0,500,0.0,0.0
2023-01-26 14:00:00+09:00,474.0,474.0,474.0,474.0,200,0.0,0.0
2023-01-27 09:00:00+09:00,474.0,474.0,469.0,470.0,1500,0.0,0.0
2023-01-27 10:00:00+09:00,471.0,471.0,470.0,470.0,400,0.0,0.0
2023-01-27 11:00:00+09:00,474.0,477.0,471.0,477.0,0,0.0,0.0
2023-01-27 12:00:00+09:00,471.0,471.0,471.0,471.0,5300,0.0,0.0
2023-01-27 14:00:00+09:00,472.0,474.0,472.0,472.0,1200,0.0,0.0
2023-01-30 09:00:00+09:00,468.0,471.0,465.0,467.0,12400,0.0,0.0
2023-01-30 10:00:00+09:00,466.0,468.0,466.0,468.0,400,0.0,0.0
2023-01-30 11:00:00+09:00,469.0,469.0,469.0,469.0,0,0.0,0.0
2023-01-30 12:00:00+09:00,471.0,471.0,467.0,467.0,13200,0.0,0.0
2023-01-30 13:00:00+09:00,466.0,466.0,464.0,464.0,800,0.0,0.0
2023-01-30 14:00:00+09:00,470.0,471.0,468.0,468.0,800,0.0,0.0
2023-01-31 09:00:00+09:00,469.0,469.0,469.0,469.0,300,0.0,0.0
2023-01-31 10:00:00+09:00,465.0,465.0,465.0,465.0,300,0.0,0.0
2023-01-31 11:00:00+09:00,466.0,469.0,465.0,469.0,0,0.0,0.0
2023-01-31 12:00:00+09:00,468.0,470.0,467.0,469.0,8200,0.0,0.0
2023-01-31 14:00:00+09:00,469.0,469.0,468.0,469.0,500,0.0,0.0
2023-02-01 09:00:00+09:00,469.0,473.0,469.0,473.0,600,0.0,0.0
2023-02-01 10:00:00+09:00,472.0,472.0,466.0,470.0,1200,0.0,0.0
2023-02-01 11:00:00+09:00,467.0,467.0,466.0,466.0,0,0.0,0.0
2023-02-01 12:00:00+09:00,466.0,466.0,466.0,466.0,3400,0.0,0.0
2023-02-01 13:00:00+09:00,466.0,469.0,466.0,469.0,400,0.0,0.0
2023-02-01 14:00:00+09:00,468.0,469.0,468.0,469.0,200,0.0,0.0
2023-02-02 09:00:00+09:00,471.0,471.0,468.0,468.0,1200,0.0,0.0
2023-02-02 10:00:00+09:00,469.0,469.0,468.0,468.0,300,0.0,0.0
2023-02-02 11:00:00+09:00,466.0,466.0,465.0,465.0,0,0.0,0.0
2023-02-02 12:00:00+09:00,466.0,467.0,466.0,467.0,2500,0.0,0.0
2023-02-02 14:00:00+09:00,465.0,466.0,461.0,463.0,2600,0.0,0.0
2023-02-03 09:00:00+09:00,468.0,468.0,460.0,461.0,2400,0.0,0.0
2023-02-03 10:00:00+09:00,461.0,464.0,460.0,460.0,1500,0.0,0.0
2023-02-03 11:00:00+09:00,462.0,463.0,461.0,461.0,0,0.0,0.0
2023-02-03 12:00:00+09:00,463.0,463.0,463.0,463.0,6000,0.0,0.0
2023-02-03 13:00:00+09:00,466.0,467.0,465.0,465.0,3200,0.0,0.0
2023-02-03 14:00:00+09:00,467.0,470.0,467.0,469.0,4400,0.0,0.0
2023-02-06 09:00:00+09:00,469.0,472.0,469.0,471.0,1400,0.0,0.0
2023-02-06 11:00:00+09:00,470.0,470.0,469.0,469.0,0,0.0,0.0
2023-02-06 12:00:00+09:00,469.0,469.0,469.0,469.0,1900,0.0,0.0
2023-02-06 14:00:00+09:00,470.0,471.0,470.0,471.0,400,0.0,0.0
2023-02-07 09:00:00+09:00,470.0,471.0,469.0,471.0,600,0.0,0.0
2023-02-07 10:00:00+09:00,468.0,469.0,466.0,469.0,500,0.0,0.0
2023-02-07 11:00:00+09:00,469.0,469.0,464.0,464.0,0,0.0,0.0
2023-02-07 12:00:00+09:00,469.0,469.0,469.0,469.0,1800,0.0,0.0
2023-02-07 13:00:00+09:00,469.0,469.0,469.0,469.0,100,0.0,0.0
2023-02-07 14:00:00+09:00,467.0,467.0,467.0,467.0,100,0.0,0.0
2023-02-08 09:00:00+09:00,469.0,470.0,467.0,468.0,2000,0.0,0.0
2023-02-08 10:00:00+09:00,467.0,467.0,465.0,467.0,1100,0.0,0.0
2023-02-08 11:00:00+09:00,467.0,467.0,465.0,465.0,0,0.0,0.0
2023-02-08 12:00:00+09:00,467.0,467.0,460.0,462.0,6000,0.0,0.0
2023-02-08 13:00:00+09:00,464.0,468.0,462.0,467.0,3900,0.0,0.0
2023-02-09 09:00:00+09:00,470.0,471.0,469.0,471.0,2200,0.0,0.0
2023-02-09 10:00:00+09:00,472.0,478.0,472.0,476.0,6300,0.0,0.0
2023-02-09 11:00:00+09:00,477.0,477.0,471.0,471.0,0,0.0,0.0
2023-02-09 12:00:00+09:00,475.0,477.0,473.0,477.0,12700,0.0,0.0
2023-02-09 13:00:00+09:00,476.0,485.0,474.0,483.0,13700,0.0,0.0
2023-02-09 14:00:00+09:00,482.0,482.0,474.0,480.0,11100,0.0,0.0
2023-02-10 09:00:00+09:00,467.0,473.0,452.0,459.0,22200,0.0,0.0
2023-02-10 10:00:00+09:00,457.0,457.0,451.0,454.0,4800,0.0,0.0
2023-02-10 11:00:00+09:00,455.0,455.0,450.0,452.0,0,0.0,0.0
2023-02-10 12:00:00+09:00,450.0,452.0,446.0,452.0,36400,0.0,0.0
2023-02-10 13:00:00+09:00,452.0,460.0,449.0,452.0,3000,0.0,0.0
2023-02-10 14:00:00+09:00,453.0,453.0,450.0,450.0,2100,0.0,0.0
2023-02-13 09:00:00+09:00,449.0,450.0,443.0,443.0,11100,0.0,0.0
2023-02-13 10:00:00+09:00,442.0,442.0,433.0,433.0,6300,0.0,0.0
2023-02-13 11:00:00+09:00,436.0,437.0,436.0,437.0,0,0.0,0.0
2023-02-13 12:00:00+09:00,435.0,435.0,432.0,435.0,21400,0.0,0.0
2023-02-13 13:00:00+09:00,436.0,437.0,436.0,437.0,1600,0.0,0.0
2023-02-13 14:00:00+09:00,437.0,441.0,437.0,441.0,2100,0.0,0.0
2023-02-14 09:00:00+09:00,438.0,439.0,438.0,438.0,1200,0.0,0.0
2023-02-14 10:00:00+09:00,439.0,447.0,439.0,447.0,2000,0.0,0.0
2023-02-14 11:00:00+09:00,448.0,449.0,440.0,440.0,0,0.0,0.0
2023-02-14 12:00:00+09:00,443.0,445.0,443.0,445.0,4900,0.0,0.0
2023-02-14 13:00:00+09:00,446.0,447.0,443.0,444.0,600,0.0,0.0
2023-02-14 14:00:00+09:00,444.0,445.0,444.0,445.0,200,0.0,0.0
2023-02-15 09:00:00+09:00,448.0,448.0,444.0,444.0,300,0.0,0.0
2023-02-15 10:00:00+09:00,444.0,444.0,441.0,441.0,800,0.0,0.0
2023-02-15 11:00:00+09:00,440.0,445.0,440.0,445.0,0,0.0,0.0
2023-02-15 12:00:00+09:00,443.0,443.0,439.0,439.0,2400,0.0,0.0
2023-02-15 14:00:00+09:00,440.0,441.0,440.0,441.0,400,0.0,0.0
2023-02-16 09:00:00+09:00,441.0,441.0,438.0,438.0,1200,0.0,0.0
2023-02-16 10:00:00+09:00,437.0,437.0,435.0,435.0,3700,0.0,0.0
2023-02-16 11:00:00+09:00,435.0,435.0,435.0,435.0,0,0.0,0.0
2023-02-16 12:00:00+09:00,437.0,437.0,436.0,437.0,6200,0.0,0.0
2023-02-16 13:00:00+09:00,436.0,436.0,435.0,436.0,600,0.0,0.0
2023-02-16 14:00:00+09:00,437.0,438.0,437.0,438.0,1100,0.0,0.0
2023-02-17 09:00:00+09:00,440.0,440.0,440.0,440.0,800,0.0,0.0
2023-02-17 11:00:00+09:00,439.0,439.0,438.0,438.0,0,0.0,0.0
2023-02-17 12:00:00+09:00,438.0,438.0,438.0,438.0,2900,0.0,0.0
2023-02-17 13:00:00+09:00,438.0,438.0,435.0,435.0,1800,0.0,0.0
2023-02-17 14:00:00+09:00,436.0,436.0,436.0,436.0,400,0.0,0.0
2023-02-20 09:00:00+09:00,436.0,441.0,430.0,441.0,1900,0.0,0.0
2023-02-20 11:00:00+09:00,438.0,439.0,433.0,433.0,0,0.0,0.0
2023-02-20 12:00:00+09:00,435.0,436.0,430.0,430.0,6400,0.0,0.0
2023-02-20 13:00:00+09:00,430.0,436.0,430.0,431.0,2900,0.0,0.0
2023-02-20 14:00:00+09:00,431.0,431.0,426.0,428.0,3800,0.0,0.0
2023-02-21 09:00:00+09:00,436.0,482.0,434.0,451.0,131400,0.0,0.0
2023-02-21 10:00:00+09:00,452.0,455.0,452.0,454.0,3700,0.0,0.0
2023-02-21 11:00:00+09:00,454.0,456.0,454.0,456.0,0,0.0,0.0
2023-02-21 12:00:00+09:00,456.0,460.0,456.0,457.0,141600,0.0,0.0
2023-02-21 13:00:00+09:00,457.0,459.0,457.0,459.0,1800,0.0,0.0
2023-02-21 14:00:00+09:00,459.0,462.0,457.0,462.0,5500,0.0,0.0
2023-02-22 09:00:00+09:00,462.0,462.0,455.0,457.0,8900,0.0,0.0
2023-02-22 10:00:00+09:00,456.0,458.0,447.0,453.0,19000,0.0,0.0
2023-02-22 11:00:00+09:00,453.0,453.0,453.0,453.0,0,0.0,0.0
2023-02-22 12:00:00+09:00,453.0,453.0,451.0,452.0,28800,0.0,0.0
2023-02-22 13:00:00+09:00,454.0,455.0,453.0,455.0,500,0.0,0.0
2023-02-22 14:00:00+09:00,455.0,455.0,452.0,455.0,2300,0.0,0.0
2023-02-24 09:00:00+09:00,457.0,457.0,451.0,453.0,5900,0.0,0.0
2023-02-24 10:00:00+09:00,453.0,455.0,453.0,455.0,700,0.0,0.0
2023-02-24 11:00:00+09:00,456.0,457.0,456.0,457.0,0,0.0,0.0
2023-02-24 12:00:00+09:00,459.0,459.0,457.0,457.0,11600,0.0,0.0
2023-02-24 13:00:00+09:00,456.0,469.0,456.0,469.0,13600,0.0,0.0
2023-02-24 14:00:00+09:00,468.0,468.0,463.0,463.0,6100,0.0,0.0
2023-02-27 09:00:00+09:00,466.0,466.0,455.0,456.0,3100,0.0,0.0
2023-02-27 10:00:00+09:00,458.0,458.0,458.0,458.0,100,0.0,0.0
2023-02-27 11:00:00+09:00,458.0,458.0,458.0,458.0,0,0.0,0.0
2023-02-27 12:00:00+09:00,460.0,460.0,455.0,456.0,8500,0.0,0.0
2023-02-27 13:00:00+09:00,455.0,458.0,455.0,458.0,300,0.0,0.0
2023-02-27 14:00:00+09:00,459.0,459.0,459.0,459.0,100,0.0,0.0
2023-02-28 09:00:00+09:00,466.0,466.0,457.0,457.0,1700,0.0,0.0
2023-02-28 10:00:00+09:00,458.0,458.0,458.0,458.0,100,0.0,0.0
2023-02-28 11:00:00+09:00,458.0,458.0,458.0,458.0,0,0.0,0.0
2023-02-28 14:00:00+09:00,458.0,460.0,458.0,458.0,3300,0.0,0.0
2023-03-01 09:00:00+09:00,464.0,464.0,453.0,456.0,1400,0.0,0.0
2023-03-01 11:00:00+09:00,459.0,462.0,459.0,462.0,0,0.0,0.0
2023-03-01 12:00:00+09:00,456.0,461.0,456.0,461.0,3500,0.0,0.0
2023-03-01 13:00:00+09:00,457.0,464.0,450.0,464.0,6300,0.0,0.0
2023-03-01 14:00:00+09:00,464.0,464.0,457.0,458.0,1900,0.0,0.0
2023-03-02 09:00:00+09:00,463.0,463.0,457.0,461.0,0,0.0,0.0
2023-03-02 10:00:00+09:00,463.0,468.0,460.0,464.0,5600,0.0,0.0
2023-03-02 11:00:00+09:00,465.0,468.0,465.0,468.0,0,0.0,0.0
2023-03-02 12:00:00+09:00,465.0,466.0,465.0,466.0,9100,0.0,0.0
2023-03-02 13:00:00+09:00,465.0,466.0,463.0,466.0,1700,0.0,0.0
2023-03-02 14:00:00+09:00,465.0,465.0,465.0,465.0,900,0.0,0.0
2023-03-03 09:00:00+09:00,465.0,468.0,465.0,468.0,4700,0.0,0.0
2023-03-03 10:00:00+09:00,467.0,468.0,467.0,468.0,600,0.0,0.0
2023-03-03 11:00:00+09:00,468.0,476.0,468.0,474.0,0,0.0,0.0
2023-03-03 12:00:00+09:00,473.0,473.0,470.0,472.0,11800,0.0,0.0
2023-03-03 14:00:00+09:00,472.0,475.0,469.0,469.0,8600,0.0,0.0
2023-03-06 09:00:00+09:00,475.0,475.0,471.0,471.0,200,0.0,0.0
2023-03-06 10:00:00+09:00,470.0,470.0,469.0,469.0,700,0.0,0.0
2023-03-06 11:00:00+09:00,471.0,474.0,471.0,474.0,0,0.0,0.0
2023-03-06 12:00:00+09:00,474.0,474.0,474.0,474.0,1700,0.0,0.0
2023-03-06 13:00:00+09:00,475.0,475.0,472.0,472.0,2100,0.0,0.0
2023-03-06 14:00:00+09:00,472.0,473.0,472.0,473.0,400,0.0,0.0
2023-03-07 09:00:00+09:00,471.0,474.0,471.0,474.0,1000,0.0,0.0
2023-03-07 10:00:00+09:00,475.0,475.0,475.0,475.0,200,0.0,0.0
2023-03-07 11:00:00+09:00,475.0,475.0,475.0,475.0,0,0.0,0.0
2023-03-07 12:00:00+09:00,473.0,473.0,472.0,473.0,2500,0.0,0.0
2023-03-07 13:00:00+09:00,474.0,475.0,474.0,475.0,300,0.0,0.0
2023-03-07 14:00:00+09:00,475.0,475.0,472.0,472.0,400,0.0,0.0
2023-03-08 09:00:00+09:00,471.0,472.0,471.0,472.0,4200,0.0,0.0
2023-03-08 10:00:00+09:00,469.0,471.0,468.0,471.0,900,0.0,0.0
2023-03-08 11:00:00+09:00,470.0,471.0,470.0,471.0,0,0.0,0.0
2023-03-08 12:00:00+09:00,471.0,471.0,471.0,471.0,6300,0.0,0.0
2023-03-08 13:00:00+09:00,472.0,474.0,472.0,473.0,800,0.0,0.0
2023-03-08 14:00:00+09:00,473.0,473.0,473.0,473.0,1000,0.0,0.0
2023-03-09 09:00:00+09:00,475.0,476.0,473.0,475.0,6800,0.0,0.0
2023-03-09 10:00:00+09:00,472.0,473.0,470.0,473.0,3900,0.0,0.0
2023-03-09 11:00:00+09:00,473.0,473.0,473.0,473.0,0,0.0,0.0
2023-03-09 13:00:00+09:00,472.0,475.0,472.0,475.0,12900,0.0,0.0
2023-03-09 14:00:00+09:00,472.0,475.0,472.0,472.0,1800,0.0,0.0
2023-03-10 09:00:00+09:00,470.0,471.0,467.0,471.0,2400,0.0,0.0
2023-03-10 10:00:00+09:00,471.0,472.0,470.0,472.0,400,0.0,0.0
2023-03-10 11:00:00+09:00,473.0,475.0,473.0,473.0,0,0.0,0.0
2023-03-10 12:00:00+09:00,473.0,475.0,468.0,471.0,9200,0.0,0.0
2023-03-10 13:00:00+09:00,470.0,471.0,470.0,470.0,1200,0.0,0.0
2023-03-10 14:00:00+09:00,467.0,468.0,467.0,468.0,200,0.0,0.0
2023-03-13 09:00:00+09:00,465.0,465.0,460.0,463.0,0,0.0,0.0
2023-03-13 10:00:00+09:00,462.0,462.0,462.0,462.0,100,0.0,0.0
2023-03-13 11:00:00+09:00,462.0,462.0,462.0,462.0,0,0.0,0.0
2023-03-13 12:00:00+09:00,461.0,461.0,456.0,459.0,8600,0.0,0.0
2023-03-13 13:00:00+09:00,457.0,459.0,457.0,458.0,900,0.0,0.0
2023-03-13 14:00:00+09:00,458.0,459.0,456.0,458.0,1300,0.0,0.0
2023-03-14 09:00:00+09:00,460.0,460.0,450.0,455.0,4100,0.0,0.0
2023-03-14 10:00:00+09:00,455.0,457.0,455.0,457.0,1100,0.0,0.0
2023-03-14 11:00:00+09:00,457.0,459.0,457.0,459.0,0,0.0,0.0
2023-03-14 12:00:00+09:00,459.0,459.0,459.0,459.0,5900,0.0,0.0
2023-03-14 14:00:00+09:00,459.0,460.0,458.0,458.0,600,0.0,0.0
2023-03-15 09:00:00+09:00,460.0,460.0,459.0,459.0,700,0.0,0.0
2023-03-15 10:00:00+09:00,455.0,460.0,455.0,460.0,1400,0.0,0.0
2023-03-15 11:00:00+09:00,460.0,460.0,460.0,460.0,0,0.0,0.0
2023-03-15 12:00:00+09:00,466.0,469.0,464.0,464.0,3400,0.0,0.0
2023-03-15 13:00:00+09:00,464.0,464.0,464.0,464.0,400,0.0,0.0
2023-03-16 09:00:00+09:00,452.0,463.0,452.0,460.0,4400,0.0,0.0
2023-03-16 10:00:00+09:00,461.0,465.0,456.0,459.0,4500,0.0,0.0
2023-03-16 11:00:00+09:00,455.0,455.0,455.0,455.0,0,0.0,0.0
2023-03-16 12:00:00+09:00,455.0,459.0,455.0,459.0,9600,0.0,0.0
2023-03-16 13:00:00+09:00,458.0,459.0,456.0,456.0,600,0.0,0.0
2023-03-16 14:00:00+09:00,456.0,459.0,454.0,457.0,1400,0.0,0.0
2023-03-17 09:00:00+09:00,457.0,463.0,457.0,463.0,200,0.0,0.0
2023-03-17 10:00:00+09:00,463.0,463.0,463.0,463.0,200,0.0,0.0
2023-03-17 11:00:00+09:00,462.0,464.0,462.0,464.0,0,0.0,0.0
2023-03-17 13:00:00+09:00,458.0,468.0,456.0,468.0,2300,0.0,0.0
2023-03-17 14:00:00+09:00,468.0,468.0,455.0,455.0,1000,0.0,0.0
2023-03-20 09:00:00+09:00,458.0,465.0,458.0,465.0,2300,0.0,0.0
2023-03-20 10:00:00+09:00,465.0,466.0,465.0,465.0,900,0.0,0.0
2023-03-20 11:00:00+09:00,465.0,465.0,465.0,465.0,0,0.0,0.0
2023-03-20 12:00:00+09:00,466.0,466.0,465.0,465.0,4300,0.0,0.0
2023-03-20 13:00:00+09:00,466.0,466.0,461.0,463.0,800,0.0,0.0
2023-03-20 14:00:00+09:00,465.0,465.0,462.0,462.0,700,0.0,0.0
2023-03-22 09:00:00+09:00,470.0,470.0,465.0,470.0,0,0.0,0.0
2023-03-22 10:00:00+09:00,471.0,474.0,466.0,466.0,9000,0.0,0.0
2023-03-22 11:00:00+09:00,466.0,466.0,466.0,466.0,0,0.0,0.0
2023-03-22 12:00:00+09:00,466.0,466.0,464.0,464.0,14000,0.0,0.0
2023-03-22 13:00:00+09:00,466.0,466.0,465.0,465.0,900,0.0,0.0
2023-03-22 14:00:00+09:00,467.0,480.0,461.0,471.0,17800,0.0,0.0
2023-03-23 09:00:00+09:00,475.0,475.0,470.0,473.0,1000,0.0,0.0
2023-03-23 10:00:00+09:00,472.0,478.0,472.0,478.0,2900,0.0,0.0
2023-03-23 11:00:00+09:00,478.0,478.0,478.0,478.0,0,0.0,0.0
2023-03-23 12:00:00+09:00,473.0,477.0,473.0,473.0,5200,0.0,0.0
2023-03-23 13:00:00+09:00,473.0,476.0,470.0,472.0,2800,0.0,0.0
2023-03-23 14:00:00+09:00,471.0,478.0,471.0,478.0,2700,0.0,0.0
2023-03-24 09:00:00+09:00,484.0,491.0,484.0,484.0,11500,0.0,0.0
2023-03-24 10:00:00+09:00,484.0,487.0,483.0,486.0,2300,0.0,0.0
2023-03-24 11:00:00+09:00,487.0,487.0,487.0,487.0,0,0.0,0.0
2023-03-24 12:00:00+09:00,490.0,504.0,490.0,503.0,34600,0.0,0.0
2023-03-24 13:00:00+09:00,502.0,503.0,501.0,501.0,2500,0.0,0.0
2023-03-24 14:00:00+09:00,500.0,505.0,499.0,504.0,10300,0.0,0.0
2023-03-27 09:00:00+09:00,519.0,520.0,511.0,517.0,20200,0.0,0.0
2023-03-27 10:00:00+09:00,517.0,520.0,515.0,516.0,3600,0.0,0.0
2023-03-27 11:00:00+09:00,520.0,520.0,520.0,520.0,0,0.0,0.0
2023-03-27 12:00:00+09:00,518.0,518.0,516.0,517.0,30800,0.0,0.0
2023-03-27 13:00:00+09:00,517.0,517.0,512.0,513.0,4700,0.0,0.0
2023-03-27 14:00:00+09:00,514.0,517.0,510.0,516.0,5200,0.0,0.0
2023-03-28 09:00:00+09:00,512.0,512.0,505.0,507.0,7300,0.0,0.0
2023-03-28 10:00:00+09:00,508.0,509.0,508.0,509.0,1000,0.0,0.0
2023-03-28 11:00:00+09:00,509.0,509.0,509.0,509.0,0,0.0,0.0
2023-03-28 12:00:00+09:00,507.0,508.0,504.0,506.0,10400,0.0,0.0
2023-03-28 14:00:00+09:00,506.0,507.0,506.0,507.0,800,0.0,0.0
2023-03-29 09:00:00+09:00,502.0,508.0,502.0,508.0,3000,0.0,0.0
2023-03-29 10:00:00+09:00,509.0,512.0,509.0,510.0,1600,0.0,0.0
2023-03-29 11:00:00+09:00,509.0,509.0,509.0,509.0,0,0.0,0.0
2023-03-29 12:00:00+09:00,510.0,510.0,508.0,508.0,5300,0.0,0.0
2023-03-29 13:00:00+09:00,508.0,508.0,504.0,506.0,1800,0.0,0.0
2023-03-29 14:00:00+09:00,505.0,505.0,501.0,501.0,1500,0.0,0.0
2023-03-30 09:00:00+09:00,508.0,508.0,503.0,507.0,3000,0.0,0.0
2023-03-30 10:00:00+09:00,506.0,506.0,506.0,506.0,200,0.0,0.0
2023-03-30 11:00:00+09:00,506.0,510.0,504.0,510.0,0,0.0,0.0
2023-03-30 12:00:00+09:00,507.0,507.0,505.0,507.0,4400,0.0,0.0
2023-03-30 14:00:00+09:00,507.0,509.0,507.0,507.0,1700,0.0,0.0
2023-03-31 09:00:00+09:00,502.0,507.0,491.0,496.0,9500,0.0,0.0
2023-03-31 10:00:00+09:00,499.0,499.0,495.0,499.0,500,0.0,0.0
2023-03-31 11:00:00+09:00,502.0,502.0,500.0,500.0,0,0.0,0.0
2023-03-31 12:00:00+09:00,500.0,505.0,500.0,505.0,10900,0.0,0.0
2023-03-31 13:00:00+09:00,506.0,506.0,499.0,504.0,0,0.0,0.0
2023-03-31 14:00:00+09:00,503.0,506.0,503.0,506.0,13400,0.0,0.0
2023-04-03 09:00:00+09:00,496.0,504.0,496.0,502.0,2200,0.0,0.0
2023-04-03 10:00:00+09:00,502.0,502.0,501.0,501.0,800,0.0,0.0
2023-04-03 11:00:00+09:00,503.0,503.0,499.0,499.0,0,0.0,0.0
2023-04-03 12:00:00+09:00,499.0,503.0,499.0,502.0,5000,0.0,0.0
2023-04-03 13:00:00+09:00,503.0,503.0,503.0,503.0,100,0.0,0.0
2023-04-03 14:00:00+09:00,503.0,506.0,502.0,506.0,2000,0.0,0.0
2023-04-04 09:00:00+09:00,498.0,500.0,495.0,500.0,3900,0.0,0.0
2023-04-04 10:00:00+09:00,499.0,499.0,498.0,498.0,200,0.0,0.0
2023-04-04 11:00:00+09:00,500.0,500.0,498.0,498.0,0,0.0,0.0
2023-04-04 12:00:00+09:00,499.0,499.0,499.0,499.0,5700,0.0,0.0
2023-04-04 13:00:00+09:00,501.0,503.0,501.0,503.0,3200,0.0,0.0
2023-04-04 14:00:00+09:00,502.0,502.0,500.0,500.0,200,0.0,0.0
2023-04-05 09:00:00+09:00,500.0,500.0,498.0,498.0,1800,0.0,0.0
2023-04-05 10:00:00+09:00,497.0,501.0,494.0,501.0,3300,0.0,0.0
2023-04-05 11:00:00+09:00,500.0,500.0,498.0,498.0,0,0.0,0.0
2023-04-05 13:00:00+09:00,499.0,505.0,499.0,505.0,7500,0.0,0.0
2023-04-05 14:00:00+09:00,505.0,528.0,504.0,524.0,31700,0.0,0.0
2023-04-06 09:00:00+09:00,529.0,535.0,523.0,534.0,14100,0.0,0.0
2023-04-06 10:00:00+09:00,532.0,540.0,532.0,538.0,8800,0.0,0.0
2023-04-06 11:00:00+09:00,538.0,540.0,535.0,538.0,0,0.0,0.0
2023-04-06 12:00:00+09:00,535.0,540.0,535.0,540.0,30900,0.0,0.0
2023-04-06 13:00:00+09:00,541.0,543.0,540.0,542.0,6400,0.0,0.0
2023-04-06 14:00:00+09:00,541.0,541.0,533.0,533.0,7500,0.0,0.0
2023-04-07 09:00:00+09:00,540.0,548.0,532.0,539.0,17100,0.0,0.0
2023-04-07 10:00:00+09:00,535.0,550.0,530.0,549.0,13800,0.0,0.0
2023-04-07 11:00:00+09:00,547.0,550.0,543.0,549.0,0,0.0,0.0
2023-04-07 12:00:00+09:00,549.0,555.0,547.0,553.0,58700,0.0,0.0
2023-04-07 13:00:00+09:00,556.0,564.0,546.0,560.0,32100,0.0,0.0
2023-04-07 14:00:00+09:00,560.0,563.0,554.0,561.0,12400,0.0,0.0
2023-04-10 09:00:00+09:00,552.0,581.0,552.0,578.0,0,0.0,0.0
2023-04-10 10:00:00+09:00,575.0,580.0,571.0,580.0,7900,0.0,0.0
2023-04-10 11:00:00+09:00,576.0,577.0,573.0,573.0,0,0.0,0.0
2023-04-10 12:00:00+09:00,573.0,594.0,573.0,585.0,82100,0.0,0.0
2023-04-10 13:00:00+09:00,586.0,592.0,583.0,592.0,8900,0.0,0.0
2023-04-10 14:00:00+09:00,591.0,598.0,586.0,598.0,16400,0.0,0.0
2023-04-11 09:00:00+09:00,600.0,601.0,581.0,591.0,0,0.0,0.0
2023-04-11 10:00:00+09:00,590.0,598.0,572.0,593.0,42400,0.0,0.0
2023-04-11 11:00:00+09:00,587.0,587.0,587.0,587.0,0,0.0,0.0
2023-04-11 12:00:00+09:00,586.0,598.0,581.0,598.0,50700,0.0,0.0
2023-04-11 13:00:00+09:00,598.0,599.0,592.0,599.0,2900,0.0,0.0
2023-04-11 14:00:00+09:00,595.0,595.0,587.0,593.0,7000,0.0,0.0
2023-04-12 09:00:00+09:00,584.0,598.0,583.0,587.0,8700,0.0,0.0
2023-04-12 10:00:00+09:00,585.0,585.0,578.0,580.0,11200,0.0,0.0
2023-04-12 11:00:00+09:00,581.0,585.0,581.0,585.0,0,0.0,0.0
2023-04-12 12:00:00+09:00,585.0,587.0,583.0,585.0,22500,0.0,0.0
2023-04-12 13:00:00+09:00,582.0,585.0,573.0,575.0,11700,0.0,0.0
2023-04-12 14:00:00+09:00,576.0,579.0,567.0,572.0,11400,0.0,0.0
2023-04-13 09:00:00+09:00,563.0,616.0,562.0,608.0,75100,0.0,0.0
2023-04-13 10:00:00+09:00,606.0,615.0,601.0,609.0,23300,0.0,0.0
2023-04-13 11:00:00+09:00,609.0,614.0,609.0,612.0,0,0.0,0.0
2023-04-13 12:00:00+09:00,610.0,613.0,607.0,608.0,108400,0.0,0.0
2023-04-13 13:00:00+09:00,607.0,607.0,596.0,600.0,21500,0.0,0.0
2023-04-13 14:00:00+09:00,602.0,616.0,602.0,616.0,21000,0.0,0.0
2023-04-14 09:00:00+09:00,620.0,620.0,603.0,609.0,13700,0.0,0.0
2023-04-14 10:00:00+09:00,611.0,615.0,606.0,611.0,9000,0.0,0.0
2023-04-14 11:00:00+09:00,611.0,615.0,611.0,615.0,0,0.0,0.0
2023-04-14 12:00:00+09:00,617.0,629.0,615.0,618.0,43700,0.0,0.0
2023-04-14 13:00:00+09:00,617.0,617.0,609.0,609.0,13000,0.0,0.0
2023-04-14 14:00:00+09:00,609.0,623.0,607.0,615.0,20700,0.0,0.0
2023-04-17 09:00:00+09:00,631.0,632.0,619.0,622.0,25800,0.0,0.0
2023-04-17 10:00:00+09:00,620.0,620.0,608.0,614.0,13500,0.0,0.0
2023-04-17 11:00:00+09:00,612.0,613.0,608.0,613.0,0,0.0,0.0
2023-04-17 12:00:00+09:00,613.0,613.0,607.0,608.0,48900,0.0,0.0
2023-04-17 13:00:00+09:00,608.0,610.0,602.0,608.0,13900,0.0,0.0
2023-04-17 14:00:00+09:00,608.0,608.0,604.0,607.0,5500,0.0,0.0
2023-04-18 09:00:00+09:00,603.0,604.0,594.0,601.0,18000,0.0,0.0
2023-04-18 10:00:00+09:00,601.0,601.0,593.0,597.0,13100,0.0,0.0
2023-04-18 11:00:00+09:00,599.0,600.0,596.0,596.0,0,0.0,0.0
2023-04-18 12:00:00+09:00,597.0,602.0,597.0,601.0,35700,0.0,0.0
2023-04-18 13:00:00+09:00,600.0,602.0,600.0,602.0,4800,0.0,0.0
2023-04-18 14:00:00+09:00,602.0,603.0,601.0,603.0,2000,0.0,0.0
2023-04-19 09:00:00+09:00,599.0,603.0,595.0,600.0,5200,0.0,0.0
2023-04-19 10:00:00+09:00,600.0,610.0,598.0,608.0,13900,0.0,0.0
2023-04-19 11:00:00+09:00,609.0,610.0,603.0,604.0,0,0.0,0.0
2023-04-19 12:00:00+09:00,605.0,611.0,605.0,611.0,25400,0.0,0.0
2023-04-19 13:00:00+09:00,610.0,615.0,607.0,607.0,7400,0.0,0.0
2023-04-19 14:00:00+09:00,611.0,613.0,605.0,606.0,5200,0.0,0.0
2023-04-20 09:00:00+09:00,606.0,607.0,601.0,605.0,5100,0.0,0.0
2023-04-20 10:00:00+09:00,603.0,607.0,602.0,604.0,3700,0.0,0.0
2023-04-20 11:00:00+09:00,604.0,604.0,604.0,604.0,0,0.0,0.0
2023-04-20 12:00:00+09:00,600.0,600.0,589.0,593.0,29800,0.0,0.0
2023-04-20 13:00:00+09:00,593.0,595.0,585.0,586.0,5400,0.0,0.0
2023-04-20 14:00:00+09:00,587.0,587.0,544.0,573.0,62300,0.0,0.0
2023-04-21 09:00:00+09:00,553.0,578.0,551.0,568.0,33600,0.0,0.0
2023-04-21 10:00:00+09:00,565.0,565.0,557.0,558.0,5400,0.0,0.0
2023-04-21 11:00:00+09:00,561.0,568.0,560.0,560.0,0,0.0,0.0
2023-04-21 12:00:00+09:00,566.0,567.0,566.0,567.0,44400,0.0,0.0
2023-04-21 13:00:00+09:00,567.0,570.0,559.0,559.0,4100,0.0,0.0
2023-04-21 14:00:00+09:00,565.0,567.0,565.0,567.0,2600,0.0,0.0
2023-04-24 09:00:00+09:00,568.0,582.0,568.0,575.0,17000,0.0,0.0
2023-04-24 10:00:00+09:00,575.0,581.0,574.0,581.0,1700,0.0,0.0
2023-04-24 11:00:00+09:00,581.0,583.0,578.0,578.0,0,0.0,0.0
2023-04-24 12:00:00+09:00,578.0,583.0,578.0,581.0,21200,0.0,0.0
2023-04-24 13:00:00+09:00,580.0,588.0,579.0,587.0,3500,0.0,0.0
2023-04-24 14:00:00+09:00,589.0,601.0,589.0,594.0,16900,0.0,0.0
2023-04-25 09:00:00+09:00,601.0,630.0,601.0,620.0,134000,0.0,0.0
2023-04-25 10:00:00+09:00,617.0,624.0,611.0,619.0,27500,0.0,0.0
2023-04-25 11:00:00+09:00,617.0,617.0,606.0,610.0,0,0.0,0.0
2023-04-25 12:00:00+09:00,614.0,614.0,582.0,586.0,225700,0.0,0.0
2023-04-25 13:00:00+09:00,586.0,601.0,578.0,599.0,22400,0.0,0.0
2023-04-25 14:00:00+09:00,600.0,601.0,586.0,601.0,18500,0.0,0.0
2023-04-26 09:00:00+09:00,592.0,599.0,579.0,586.0,13600,0.0,0.0
2023-04-26 10:00:00+09:00,583.0,589.0,577.0,586.0,0,0.0,0.0
2023-04-26 11:00:00+09:00,587.0,590.0,587.0,589.0,0,0.0,0.0
2023-04-26 12:00:00+09:00,591.0,593.0,590.0,590.0,25100,0.0,0.0
2023-04-26 13:00:00+09:00,589.0,590.0,586.0,586.0,1300,0.0,0.0
2023-04-26 14:00:00+09:00,586.0,592.0,586.0,591.0,3000,0.0,0.0
2023-04-27 09:00:00+09:00,582.0,585.0,581.0,585.0,4300,0.0,0.0
2023-04-27 10:00:00+09:00,585.0,585.0,583.0,584.0,900,0.0,0.0
2023-04-27 11:00:00+09:00,584.0,584.0,584.0,584.0,0,0.0,0.0
2023-04-27 12:00:00+09:00,583.0,584.0,582.0,582.0,7700,0.0,0.0
2023-04-27 13:00:00+09:00,583.0,586.0,581.0,583.0,4300,0.0,0.0
2023-04-27 14:00:00+09:00,583.0,594.0,583.0,592.0,6200,0.0,0.0
2023-04-28 09:00:00+09:00,595.0,595.0,587.0,587.0,0,0.0,0.0
2023-04-28 10:00:00+09:00,586.0,590.0,586.0,590.0,3700,0.0,0.0
2023-04-28 11:00:00+09:00,589.0,590.0,587.0,590.0,0,0.0,0.0
2023-04-28 12:00:00+09:00,589.0,589.0,586.0,586.0,8600,0.0,0.0
2023-04-28 13:00:00+09:00,587.0,588.0,584.0,584.0,3800,0.0,0.0
2023-04-28 14:00:00+09:00,583.0,586.0,569.0,583.0,18900,0.0,0.0
2023-05-01 09:00:00+09:00,589.0,592.0,585.0,590.0,3500,0.0,0.0
2023-05-01 10:00:00+09:00,590.0,590.0,586.0,586.0,2600,0.0,0.0
2023-05-01 11:00:00+09:00,586.0,586.0,586.0,586.0,0,0.0,0.0
2023-05-01 12:00:00+09:00,583.0,586.0,583.0,585.0,7500,0.0,0.0
2023-05-01 13:00:00+09:00,584.0,584.0,582.0,582.0,2700,0.0,0.0
2023-05-01 14:00:00+09:00,583.0,584.0,582.0,584.0,8300,0.0,0.0
2023-05-02 09:00:00+09:00,580.0,586.0,580.0,584.0,6600,0.0,0.0
2023-05-02 10:00:00+09:00,585.0,585.0,582.0,584.0,1700,0.0,0.0
2023-05-02 11:00:00+09:00,584.0,587.0,584.0,587.0,0,0.0,0.0
2023-05-02 12:00:00+09:00,587.0,587.0,584.0,584.0,11500,0.0,0.0
2023-05-02 13:00:00+09:00,586.0,591.0,583.0,591.0,7000,0.0,0.0
2023-05-02 14:00:00+09:00,591.0,592.0,587.0,590.0,7200,0.0,0.0
2023-05-08 09:00:00+09:00,594.0,596.0,594.0,595.0,2000,0.0,0.0
2023-05-08 11:00:00+09:00,597.0,602.0,595.0,595.0,0,0.0,0.0
2023-05-08 12:00:00+09:00,595.0,595.0,595.0,595.0,4700,0.0,0.0
2023-05-08 13:00:00+09:00,595.0,598.0,595.0,597.0,500,0.0,0.0
2023-05-08 14:00:00+09:00,597.0,599.0,596.0,598.0,1700,0.0,0.0
2023-05-09 09:00:00+09:00,600.0,614.0,598.0,614.0,0,0.0,0.0
2023-05-09 10:00:00+09:00,613.0,613.0,602.0,604.0,18600,0.0,0.0
2023-05-09 11:00:00+09:00,604.0,605.0,604.0,605.0,0,0.0,0.0
2023-05-09 12:00:00+09:00,605.0,605.0,604.0,604.0,23100,0.0,0.0
2023-05-09 13:00:00+09:00,604.0,605.0,603.0,605.0,3000,0.0,0.0
2023-05-09 14:00:00+09:00,603.0,606.0,602.0,604.0,2500,0.0,0.0
2023-05-10 09:00:00+09:00,601.0,604.0,600.0,604.0,2500,0.0,0.0
2023-05-10 10:00:00+09:00,603.0,604.0,603.0,604.0,400,0.0,0.0
2023-05-10 11:00:00+09:00,603.0,604.0,602.0,603.0,0,0.0,0.0
2023-05-10 12:00:00+09:00,603.0,604.0,603.0,604.0,4600,0.0,0.0
2023-05-10 13:00:00+09:00,604.0,606.0,604.0,606.0,900,0.0,0.0
2023-05-10 14:00:00+09:00,606.0,606.0,603.0,606.0,2900,0.0,0.0
2023-05-11 09:00:00+09:00,608.0,611.0,606.0,608.0,3400,0.0,0.0
2023-05-11 10:00:00+09:00,607.0,614.0,604.0,614.0,10000,0.0,0.0
2023-05-11 11:00:00+09:00,613.0,620.0,613.0,620.0,0,0.0,0.0
2023-05-11 12:00:00+09:00,620.0,626.0,619.0,620.0,32000,0.0,0.0
2023-05-11 13:00:00+09:00,621.0,623.0,617.0,623.0,4400,0.0,0.0
2023-05-11 14:00:00+09:00,623.0,630.0,621.0,624.0,31300,0.0,0.0
2023-05-12 09:00:00+09:00,647.0,647.0,613.0,622.0,58900,0.0,0.0
2023-05-12 10:00:00+09:00,621.0,629.0,612.0,617.0,16400,0.0,0.0
2023-05-12 11:00:00+09:00,619.0,619.0,614.0,618.0,0,0.0,0.0
2023-05-12 12:00:00+09:00,620.0,620.0,614.0,614.0,82200,0.0,0.0
2023-05-12 13:00:00+09:00,614.0,620.0,610.0,613.0,14600,0.0,0.0
2023-05-12 14:00:00+09:00,613.0,614.0,599.0,606.0,21700,0.0,0.0
2023-05-15 09:00:00+09:00,605.0,605.0,591.0,595.0,15700,0.0,0.0
2023-05-15 10:00:00+09:00,597.0,597.0,588.0,588.0,7000,0.0,0.0
2023-05-15 11:00:00+09:00,590.0,594.0,585.0,589.0,0,0.0,0.0
2023-05-15 12:00:00+09:00,589.0,593.0,589.0,593.0,36300,0.0,0.0
2023-05-15 13:00:00+09:00,594.0,595.0,594.0,594.0,1400,0.0,0.0
2023-05-15 14:00:00+09:00,594.0,605.0,594.0,599.0,9700,0.0,0.0
2023-05-16 09:00:00+09:00,599.0,603.0,595.0,603.0,10400,0.0,0.0
2023-05-16 10:00:00+09:00,603.0,608.0,603.0,603.0,2100,0.0,0.0
2023-05-16 11:00:00+09:00,603.0,603.0,603.0,603.0,0,0.0,0.0
2023-05-16 12:00:00+09:00,597.0,605.0,597.0,601.0,17600,0.0,0.0
2023-05-16 13:00:00+09:00,602.0,604.0,601.0,603.0,700,0.0,0.0
2023-05-16 14:00:00+09:00,604.0,607.0,603.0,604.0,1600,0.0,0.0
2023-05-17 09:00:00+09:00,603.0,612.0,603.0,610.0,4400,0.0,0.0
2023-05-17 10:00:00+09:00,612.0,626.0,612.0,620.0,11100,0.0,0.0
2023-05-17 11:00:00+09:00,621.0,632.0,621.0,632.0,0,0.0,0.0
2023-05-17 12:00:00+09:00,632.0,635.0,630.0,632.0,33800,0.0,0.0
2023-05-17 13:00:00+09:00,631.0,631.0,628.0,628.0,1500,0.0,0.0
2023-05-17 14:00:00+09:00,628.0,638.0,628.0,635.0,16200,0.0,0.0
2023-05-18 09:00:00+09:00,638.0,650.0,631.0,631.0,28200,0.0,0.0
2023-05-18 10:00:00+09:00,632.0,640.0,623.0,634.0,10700,0.0,0.0
2023-05-18 11:00:00+09:00,634.0,635.0,632.0,635.0,0,0.0,0.0
2023-05-18 12:00:00+09:00,635.0,635.0,628.0,632.0,45500,0.0,0.0
2023-05-18 13:00:00+09:00,631.0,631.0,618.0,620.0,13800,0.0,0.0
2023-05-18 14:00:00+09:00,623.0,633.0,623.0,633.0,8000,0.0,0.0
2023-05-19 09:00:00+09:00,626.0,626.0,610.0,620.0,0,0.0,0.0
2023-05-19 10:00:00+09:00,621.0,637.0,621.0,627.0,28900,0.0,0.0
2023-05-19 11:00:00+09:00,631.0,631.0,631.0,631.0,0,0.0,0.0
2023-05-19 12:00:00+09:00,631.0,632.0,629.0,632.0,30900,0.0,0.0
2023-05-19 13:00:00+09:00,630.0,633.0,629.0,633.0,2100,0.0,0.0
2023-05-19 14:00:00+09:00,633.0,635.0,630.0,631.0,6200,0.0,0.0
2023-05-22 09:00:00+09:00,633.0,633.0,621.0,628.0,0,0.0,0.0
2023-05-22 11:00:00+09:00,632.0,637.0,632.0,637.0,0,0.0,0.0
2023-05-22 12:00:00+09:00,637.0,646.0,637.0,641.0,11700,0.0,0.0
2023-05-22 13:00:00+09:00,644.0,648.0,642.0,643.0,6800,0.0,0.0
2023-05-22 14:00:00+09:00,643.0,644.0,640.0,643.0,4400,0.0,0.0
2023-05-23 09:00:00+09:00,648.0,648.0,623.0,635.0,28600,0.0,0.0
2023-05-23 10:00:00+09:00,632.0,633.0,621.0,630.0,16300,0.0,0.0
2023-05-23 11:00:00+09:00,631.0,634.0,629.0,634.0,0,0.0,0.0
2023-05-23 12:00:00+09:00,626.0,632.0,623.0,630.0,61700,0.0,0.0
2023-05-23 13:00:00+09:00,628.0,630.0,615.0,620.0,14300,0.0,0.0
2023-05-23 14:00:00+09:00,620.0,621.0,614.0,621.0,8500,0.0,0.0
2023-05-24 09:00:00+09:00,612.0,619.0,603.0,619.0,12900,0.0,0.0
2023-05-24 10:00:00+09:00,618.0,620.0,616.0,620.0,4200,0.0,0.0
2023-05-24 11:00:00+09:00,617.0,619.0,615.0,619.0,0,0.0,0.0
2023-05-24 12:00:00+09:00,619.0,619.0,606.0,613.0,25500,0.0,0.0
2023-05-24 13:00:00+09:00,612.0,614.0,612.0,614.0,1500,0.0,0.0
2023-05-24 14:00:00+09:00,611.0,612.0,609.0,611.0,1900,0.0,0.0
2023-05-25 09:00:00+09:00,605.0,612.0,600.0,612.0,0,0.0,0.0
2023-05-25 10:00:00+09:00,612.0,612.0,604.0,605.0,13800,0.0,0.0
2023-05-25 11:00:00+09:00,608.0,618.0,608.0,618.0,0,0.0,0.0
2023-05-25 12:00:00+09:00,620.0,620.0,615.0,617.0,21100,0.0,0.0
2023-05-25 13:00:00+09:00,619.0,619.0,615.0,618.0,1400,0.0,0.0
2023-05-25 14:00:00+09:00,619.0,621.0,618.0,618.0,2300,0.0,0.0
2023-05-26 09:00:00+09:00,617.0,620.0,609.0,620.0,6200,0.0,0.0
2023-05-26 10:00:00+09:00,619.0,619.0,616.0,618.0,900,0.0,0.0
2023-05-26 11:00:00+09:00,618.0,618.0,618.0,618.0,0,0.0,0.0
2023-05-26 12:00:00+09:00,618.0,618.0,617.0,618.0,9300,0.0,0.0
2023-05-26 13:00:00+09:00,617.0,617.0,613.0,614.0,1700,0.0,0.0
2023-05-26 14:00:00+09:00,614.0,614.0,601.0,601.0,11000,0.0,0.0
2023-05-29 09:00:00+09:00,601.0,601.0,593.0,594.0,0,0.0,0.0
2023-05-29 10:00:00+09:00,592.0,600.0,590.0,599.0,6000,0.0,0.0
2023-05-29 11:00:00+09:00,598.0,598.0,596.0,596.0,0,0.0,0.0
2023-05-29 12:00:00+09:00,596.0,596.0,591.0,596.0,15000,0.0,0.0
2023-05-29 13:00:00+09:00,595.0,596.0,593.0,596.0,1600,0.0,0.0
2023-05-29 14:00:00+09:00,594.0,595.0,591.0,595.0,3900,0.0,0.0
2023-05-30 09:00:00+09:00,588.0,595.0,586.0,592.0,0,0.0,0.0
2023-05-30 10:00:00+09:00,594.0,594.0,592.0,592.0,7500,0.0,0.0
2023-05-30 11:00:00+09:00,593.0,593.0,591.0,591.0,0,0.0,0.0
2023-05-30 12:00:00+09:00,590.0,595.0,590.0,595.0,10300,0.0,0.0
2023-05-30 13:00:00+09:00,596.0,599.0,596.0,597.0,900,0.0,0.0
2023-05-30 14:00:00+09:00,598.0,608.0,598.0,604.0,8600,0.0,0.0
2023-05-31 09:00:00+09:00,606.0,614.0,606.0,610.0,4800,0.0,0.0
2023-05-31 10:00:00+09:00,609.0,614.0,608.0,613.0,2100,0.0,0.0
2023-05-31 11:00:00+09:00,616.0,616.0,601.0,601.0,0,0.0,0.0
2023-05-31 12:00:00+09:00,605.0,608.0,604.0,606.0,16200,0.0,0.0
2023-05-31 13:00:00+09:00,604.0,605.0,601.0,605.0,1600,0.0,0.0
2023-05-31 14:00:00+09:00,603.0,603.0,593.0,593.0,7500,0.0,0.0
2023-06-01 09:00:00+09:00,591.0,600.0,591.0,599.0,7400,0.0,0.0
2023-06-01 10:00:00+09:00,600.0,606.0,600.0,603.0,0,0.0,0.0
2023-06-01 11:00:00+09:00,604.0,604.0,603.0,603.0,0,0.0,0.0
2023-06-01 12:00:00+09:00,606.0,617.0,606.0,617.0,28500,0.0,0.0
2023-06-01 13:00:00+09:00,614.0,630.0,610.0,630.0,15300,0.0,0.0
2023-06-01 14:00:00+09:00,628.0,629.0,620.0,622.0,10700,0.0,0.0
2023-06-02 09:00:00+09:00,619.0,628.0,619.0,625.0,5700,0.0,0.0
2023-06-02 10:00:00+09:00,623.0,624.0,618.0,620.0,6800,0.0,0.0
2023-06-02 11:00:00+09:00,619.0,619.0,619.0,619.0,0,0.0,0.0
2023-06-02 12:00:00+09:00,616.0,622.0,616.0,622.0,15000,0.0,0.0
2023-06-02 13:00:00+09:00,623.0,629.0,611.0,612.0,16300,0.0,0.0
2023-06-02 14:00:00+09:00,612.0,623.0,611.0,619.0,13600,0.0,0.0
2023-06-05 09:00:00+09:00,620.0,637.0,620.0,637.0,0,0.0,0.0
2023-06-05 10:00:00+09:00,635.0,636.0,627.0,630.0,8400,0.0,0.0
2023-06-05 11:00:00+09:00,627.0,629.0,627.0,628.0,0,0.0,0.0
2023-06-05 12:00:00+09:00,628.0,631.0,628.0,631.0,22500,0.0,0.0
2023-06-05 13:00:00+09:00,631.0,635.0,629.0,635.0,7200,0.0,0.0
2023-06-05 14:00:00+09:00,634.0,635.0,630.0,634.0,8700,0.0,0.0
2023-06-06 09:00:00+09:00,630.0,645.0,630.0,645.0,6600,0.0,0.0
2023-06-06 10:00:00+09:00,644.0,649.0,642.0,647.0,9200,0.0,0.0
2023-06-06 11:00:00+09:00,646.0,646.0,640.0,643.0,0,0.0,0.0
2023-06-06 12:00:00+09:00,643.0,643.0,638.0,641.0,21600,0.0,0.0
2023-06-06 13:00:00+09:00,639.0,640.0,628.0,633.0,4700,0.0,0.0
2023-06-06 14:00:00+09:00,634.0,637.0,632.0,636.0,3200,0.0,0.0
2023-06-07 09:00:00+09:00,631.0,636.0,630.0,630.0,2800,0.0,0.0
2023-06-07 10:00:00+09:00,630.0,630.0,622.0,624.0,3900,0.0,0.0
2023-06-07 11:00:00+09:00,623.0,623.0,622.0,622.0,0,0.0,0.0
2023-06-07 12:00:00+09:00,622.0,622.0,622.0,622.0,7500,0.0,0.0
2023-06-07 13:00:00+09:00,623.0,631.0,623.0,631.0,3600,0.0,0.0
2023-06-07 14:00:00+09:00,634.0,634.0,628.0,628.0,3400,0.0,0.0
2023-06-08 09:00:00+09:00,621.0,632.0,621.0,627.0,4800,0.0,0.0
2023-06-08 10:00:00+09:00,629.0,629.0,625.0,625.0,400,0.0,0.0
2023-06-08 11:00:00+09:00,624.0,624.0,620.0,623.0,0,0.0,0.0
2023-06-08 12:00:00+09:00,620.0,620.0,616.0,616.0,7800,0.0,0.0
2023-06-08 13:00:00+09:00,615.0,615.0,604.0,604.0,4100,0.0,0.0
2023-06-08 14:00:00+09:00,605.0,623.0,601.0,623.0,15100,0.0,0.0
2023-06-09 09:00:00+09:00,624.0,624.0,619.0,623.0,700,0.0,0.0
2023-06-09 10:00:00+09:00,622.0,622.0,614.0,621.0,6500,0.0,0.0
2023-06-09 11:00:00+09:00,620.0,620.0,619.0,619.0,0,0.0,0.0
2023-06-09 13:00:00+09:00,619.0,619.0,615.0,617.0,8500,0.0,0.0
2023-06-09 14:00:00+09:00,618.0,618.0,611.0,617.0,3200,0.0,0.0
2023-06-12 09:00:00+09:00,608.0,622.0,608.0,622.0,4700,0.0,0.0
2023-06-12 10:00:00+09:00,624.0,627.0,624.0,627.0,1300,0.0,0.0
2023-06-12 11:00:00+09:00,627.0,627.0,626.0,626.0,0,0.0,0.0
2023-06-12 12:00:00+09:00,629.0,631.0,627.0,631.0,7500,0.0,0.0
2023-06-12 13:00:00+09:00,631.0,634.0,630.0,630.0,4200,0.0,0.0
2023-06-12 14:00:00+09:00,633.0,634.0,630.0,630.0,2600,0.0,0.0
2023-06-13 09:00:00+09:00,628.0,628.0,621.0,626.0,2600,0.0,0.0
2023-06-13 10:00:00+09:00,628.0,632.0,625.0,625.0,6900,0.0,0.0
2023-06-13 11:00:00+09:00,625.0,625.0,625.0,625.0,0,0.0,0.0
2023-06-13 12:00:00+09:00,629.0,629.0,627.0,628.0,10900,0.0,0.0
2023-06-13 13:00:00+09:00,628.0,630.0,628.0,629.0,2300,0.0,0.0
2023-06-13 14:00:00+09:00,630.0,631.0,629.0,631.0,4200,0.0,0.0
2023-06-14 09:00:00+09:00,626.0,626.0,617.0,619.0,7500,0.0,0.0
2023-06-14 10:00:00+09:00,620.0,620.0,613.0,616.0,2300,0.0,0.0
2023-06-14 11:00:00+09:00,616.0,616.0,610.0,611.0,0,0.0,0.0
2023-06-14 12:00:00+09:00,617.0,617.0,606.0,606.0,16600,0.0,0.0
2023-06-14 13:00:00+09:00,609.0,611.0,607.0,610.0,2800,0.0,0.0
2023-06-14 14:00:00+09:00,610.0,618.0,610.0,617.0,3400,0.0,0.0
2023-06-15 09:00:00+09:00,619.0,619.0,612.0,613.0,2600,0.0,0.0
2023-06-15 10:00:00+09:00,612.0,612.0,609.0,609.0,1000,0.0,0.0
2023-06-15 11:00:00+09:00,609.0,609.0,609.0,609.0,0,0.0,0.0
2023-06-15 12:00:00+09:00,616.0,616.0,610.0,610.0,4800,0.0,0.0
2023-06-15 13:00:00+09:00,614.0,614.0,612.0,612.0,300,0.0,0.0
2023-06-15 14:00:00+09:00,614.0,614.0,612.0,613.0,800,0.0,0.0
2023-06-16 09:00:00+09:00,618.0,624.0,617.0,624.0,5500,0.0,0.0
2023-06-16 10:00:00+09:00,624.0,624.0,624.0,624.0,100,0.0,0.0
2023-06-16 11:00:00+09:00,624.0,628.0,624.0,627.0,0,0.0,0.0
2023-06-16 12:00:00+09:00,632.0,640.0,631.0,634.0,19100,0.0,0.0
2023-06-16 13:00:00+09:00,634.0,634.0,628.0,629.0,3100,0.0,0.0
2023-06-16 14:00:00+09:00,630.0,632.0,629.0,632.0,1900,0.0,0.0
2023-06-19 09:00:00+09:00,634.0,648.0,632.0,642.0,11000,0.0,0.0
2023-06-19 10:00:00+09:00,642.0,642.0,639.0,642.0,1900,0.0,0.0
2023-06-19 11:00:00+09:00,643.0,657.0,643.0,654.0,0,0.0,0.0
2023-06-19 12:00:00+09:00,652.0,660.0,651.0,657.0,37200,0.0,0.0
2023-06-19 13:00:00+09:00,657.0,657.0,655.0,655.0,1800,0.0,0.0
2023-06-19 14:00:00+09:00,655.0,660.0,655.0,658.0,5700,0.0,0.0
2023-06-20 09:00:00+09:00,668.0,674.0,656.0,658.0,21800,0.0,0.0
2023-06-20 10:00:00+09:00,657.0,657.0,648.0,648.0,9500,0.0,0.0
2023-06-20 11:00:00+09:00,648.0,648.0,643.0,643.0,0,0.0,0.0
2023-06-20 12:00:00+09:00,644.0,653.0,642.0,652.0,38500,0.0,0.0
2023-06-20 13:00:00+09:00,652.0,654.0,650.0,652.0,1500,0.0,0.0
2023-06-20 14:00:00+09:00,652.0,652.0,649.0,649.0,3000,0.0,0.0
2023-06-21 09:00:00+09:00,645.0,647.0,643.0,647.0,3500,0.0,0.0
2023-06-21 10:00:00+09:00,646.0,647.0,643.0,643.0,4500,0.0,0.0
2023-06-21 11:00:00+09:00,643.0,643.0,643.0,643.0,0,0.0,0.0
2023-06-21 12:00:00+09:00,642.0,646.0,631.0,635.0,15200,0.0,0.0
2023-06-21 13:00:00+09:00,637.0,640.0,637.0,639.0,1300,0.0,0.0
2023-06-21 14:00:00+09:00,638.0,640.0,635.0,636.0,1500,0.0,0.0
2023-06-22 09:00:00+09:00,643.0,648.0,637.0,643.0,13000,0.0,0.0
2023-06-22 10:00:00+09:00,644.0,670.0,644.0,670.0,25100,0.0,0.0
2023-06-22 11:00:00+09:00,670.0,670.0,655.0,665.0,0,0.0,0.0
2023-06-22 12:00:00+09:00,665.0,686.0,664.0,676.0,68200,0.0,0.0
2023-06-22 13:00:00+09:00,678.0,684.0,677.0,678.0,7000,0.0,0.0
2023-06-22 14:00:00+09:00,678.0,690.0,678.0,686.0,20600,0.0,0.0
2023-06-23 09:00:00+09:00,695.0,712.0,688.0,688.0,57000,0.0,0.0
2023-06-23 10:00:00+09:00,687.0,696.0,678.0,696.0,14800,0.0,0.0
2023-06-23 11:00:00+09:00,692.0,692.0,682.0,687.0,0,0.0,0.0
2023-06-23 12:00:00+09:00,697.0,697.0,686.0,694.0,82900,0.0,0.0
2023-06-23 13:00:00+09:00,693.0,700.0,693.0,694.0,8800,0.0,0.0
2023-06-23 14:00:00+09:00,695.0,710.0,692.0,704.0,10000,0.0,0.0
2023-06-26 09:00:00+09:00,709.0,709.0,683.0,694.0,20800,0.0,0.0
2023-06-26 10:00:00+09:00,695.0,695.0,690.0,690.0,3000,0.0,0.0
2023-06-26 11:00:00+09:00,690.0,690.0,683.0,684.0,0,0.0,0.0
2023-06-26 12:00:00+09:00,694.0,694.0,684.0,686.0,33400,0.0,0.0
2023-06-26 13:00:00+09:00,686.0,687.0,679.0,679.0,10900,0.0,0.0
2023-06-26 14:00:00+09:00,682.0,688.0,682.0,688.0,7300,0.0,0.0
2023-06-27 09:00:00+09:00,674.0,681.0,653.0,681.0,19300,0.0,0.0
2023-06-27 10:00:00+09:00,679.0,685.0,677.0,679.0,3800,0.0,0.0
2023-06-27 11:00:00+09:00,681.0,683.0,681.0,682.0,0,0.0,0.0
2023-06-27 12:00:00+09:00,675.0,681.0,673.0,681.0,25200,0.0,0.0
2023-06-27 13:00:00+09:00,678.0,685.0,677.0,685.0,1600,0.0,0.0
2023-06-27 14:00:00+09:00,686.0,692.0,685.0,692.0,4500,0.0,0.0
2023-06-28 09:00:00+09:00,696.0,721.0,696.0,711.0,22500,0.0,0.0
2023-06-28 10:00:00+09:00,707.0,712.0,706.0,709.0,3100,0.0,0.0
2023-06-28 11:00:00+09:00,708.0,708.0,701.0,702.0,0,0.0,0.0
2023-06-28 12:00:00+09:00,704.0,704.0,693.0,693.0,33300,0.0,0.0
2023-06-28 13:00:00+09:00,697.0,701.0,696.0,697.0,1500,0.0,0.0
2023-06-28 14:00:00+09:00,700.0,709.0,698.0,704.0,9200,0.0,0.0
2023-06-29 09:00:00+09:00,709.0,720.0,709.0,713.0,12200,0.0,0.0
2023-06-29 10:00:00+09:00,713.0,715.0,710.0,715.0,2500,0.0,0.0
2023-06-29 11:00:00+09:00,716.0,717.0,707.0,717.0,0,0.0,0.0
2023-06-29 12:00:00+09:00,717.0,726.0,716.0,725.0,27800,0.0,0.0
2023-06-29 13:00:00+09:00,723.0,724.0,720.0,721.0,1300,0.0,0.0
2023-06-29 14:00:00+09:00,722.0,724.0,714.0,721.0,10700,0.0,0.0
2023-06-30 09:00:00+09:00,718.0,718.0,704.0,710.0,8400,0.0,0.0
2023-06-30 10:00:00+09:00,715.0,715.0,710.0,712.0,1100,0.0,0.0
2023-06-30 11:00:00+09:00,710.0,710.0,709.0,709.0,0,0.0,0.0
2023-06-30 12:00:00+09:00,709.0,716.0,709.0,716.0,11400,0.0,0.0
2023-06-30 13:00:00+09:00,716.0,718.0,712.0,713.0,3800,0.0,0.0
2023-06-30 14:00:00+09:00,715.0,715.0,711.0,711.0,3800,0.0,0.0
2023-07-03 09:00:00+09:00,717.0,717.0,704.0,706.0,0,0.0,0.0
2023-07-03 10:00:00+09:00,709.0,709.0,708.0,709.0,7100,0.0,0.0
2023-07-03 11:00:00+09:00,706.0,708.0,704.0,704.0,0,0.0,0.0
2023-07-03 12:00:00+09:00,702.0,705.0,690.0,695.0,19400,0.0,0.0
2023-07-03 13:00:00+09:00,694.0,695.0,684.0,691.0,10000,0.0,0.0
2023-07-03 14:00:00+09:00,691.0,693.0,683.0,693.0,7500,0.0,0.0
2023-07-04 09:00:00+09:00,688.0,688.0,668.0,669.0,19000,0.0,0.0
2023-07-04 10:00:00+09:00,671.0,678.0,671.0,678.0,1800,0.0,0.0
2023-07-04 11:00:00+09:00,676.0,676.0,672.0,673.0,0,0.0,0.0
2023-07-04 12:00:00+09:00,675.0,675.0,663.0,673.0,36400,0.0,0.0
2023-07-04 13:00:00+09:00,673.0,674.0,672.0,674.0,1200,0.0,0.0
2023-07-04 14:00:00+09:00,674.0,687.0,674.0,687.0,10200,0.0,0.0
2023-07-05 09:00:00+09:00,682.0,682.0,670.0,676.0,5200,0.0,0.0
2023-07-05 10:00:00+09:00,676.0,678.0,676.0,677.0,1000,0.0,0.0
2023-07-05 11:00:00+09:00,678.0,679.0,678.0,679.0,0,0.0,0.0
2023-07-05 12:00:00+09:00,679.0,690.0,679.0,686.0,10900,0.0,0.0
2023-07-05 13:00:00+09:00,685.0,686.0,685.0,686.0,300,0.0,0.0
2023-07-05 14:00:00+09:00,688.0,691.0,687.0,687.0,2000,0.0,0.0
2023-07-06 09:00:00+09:00,681.0,681.0,676.0,681.0,2600,0.0,0.0
2023-07-06 10:00:00+09:00,681.0,688.0,680.0,688.0,2600,0.0,0.0
2023-07-06 11:00:00+09:00,685.0,685.0,683.0,685.0,0,0.0,0.0
2023-07-06 12:00:00+09:00,684.0,684.0,673.0,673.0,9300,0.0,0.0
2023-07-06 13:00:00+09:00,672.0,682.0,672.0,680.0,4600,0.0,0.0
2023-07-06 14:00:00+09:00,681.0,683.0,681.0,683.0,700,0.0,0.0
2023-07-07 09:00:00+09:00,671.0,686.0,667.0,683.0,8000,0.0,0.0
2023-07-07 10:00:00+09:00,685.0,685.0,682.0,682.0,1100,0.0,0.0
2023-07-07 11:00:00+09:00,682.0,683.0,682.0,683.0,0,0.0,0.0
2023-07-07 12:00:00+09:00,684.0,684.0,677.0,682.0,0,0.0,0.0
2023-07-07 13:00:00+09:00,684.0,684.0,683.0,683.0,10900,0.0,0.0
2023-07-07 14:00:00+09:00,684.0,694.0,683.0,689.0,8800,0.0,0.0
2023-07-10 09:00:00+09:00,692.0,692.0,680.0,683.0,2300,0.0,0.0
2023-07-10 10:00:00+09:00,684.0,684.0,670.0,674.0,7300,0.0,0.0
2023-07-10 11:00:00+09:00,674.0,676.0,674.0,676.0,0,0.0,0.0
2023-07-10 12:00:00+09:00,676.0,677.0,673.0,673.0,11000,0.0,0.0
2023-07-10 13:00:00+09:00,673.0,679.0,670.0,675.0,4100,0.0,0.0
2023-07-10 14:00:00+09:00,674.0,676.0,673.0,675.0,2800,0.0,0.0
2023-07-11 09:00:00+09:00,674.0,675.0,674.0,674.0,700,0.0,0.0
2023-07-11 10:00:00+09:00,674.0,674.0,671.0,674.0,1700,0.0,0.0
2023-07-11 11:00:00+09:00,674.0,674.0,674.0,674.0,0,0.0,0.0
2023-07-11 12:00:00+09:00,671.0,671.0,670.0,671.0,2800,0.0,0.0
2023-07-11 13:00:00+09:00,671.0,671.0,654.0,662.0,7300,0.0,0.0
2023-07-11 14:00:00+09:00,662.0,669.0,656.0,668.0,5200,0.0,0.0
2023-07-12 09:00:00+09:00,660.0,660.0,649.0,659.0,8300,0.0,0.0
2023-07-12 10:00:00+09:00,659.0,659.0,648.0,651.0,3200,0.0,0.0
2023-07-12 11:00:00+09:00,650.0,654.0,650.0,652.0,0,0.0,0.0
2023-07-12 12:00:00+09:00,654.0,655.0,649.0,654.0,15300,0.0,0.0
2023-07-12 13:00:00+09:00,652.0,653.0,651.0,652.0,800,0.0,0.0
2023-07-12 14:00:00+09:00,653.0,653.0,646.0,650.0,4700,0.0,0.0
2023-07-13 09:00:00+09:00,639.0,649.0,639.0,649.0,0,0.0,0.0
2023-07-13 10:00:00+09:00,650.0,654.0,650.0,650.0,6100,0.0,0.0
2023-07-13 11:00:00+09:00,654.0,654.0,650.0,650.0,0,0.0,0.0
2023-07-13 12:00:00+09:00,651.0,651.0,651.0,651.0,7100,0.0,0.0
2023-07-13 13:00:00+09:00,651.0,651.0,651.0,651.0,200,0.0,0.0
2023-07-13 14:00:00+09:00,650.0,653.0,650.0,653.0,300,0.0,0.0
2023-07-14 09:00:00+09:00,649.0,652.0,640.0,650.0,9700,0.0,0.0
2023-07-14 10:00:00+09:00,647.0,654.0,647.0,654.0,2700,0.0,0.0
2023-07-14 11:00:00+09:00,654.0,658.0,654.0,655.0,0,0.0,0.0
2023-07-14 12:00:00+09:00,657.0,659.0,656.0,656.0,16100,0.0,0.0
2023-07-14 13:00:00+09:00,655.0,655.0,655.0,655.0,300,0.0,0.0
2023-07-14 14:00:00+09:00,650.0,655.0,649.0,655.0,700,0.0,0.0
2023-07-18 09:00:00+09:00,650.0,657.0,650.0,657.0,1500,0.0,0.0
2023-07-18 10:00:00+09:00,657.0,657.0,653.0,653.0,0,0.0,0.0
2023-07-18 11:00:00+09:00,654.0,654.0,654.0,654.0,0,0.0,0.0
2023-07-18 12:00:00+09:00,649.0,655.0,649.0,654.0,6400,0.0,0.0
2023-07-18 13:00:00+09:00,654.0,654.0,650.0,652.0,700,0.0,0.0
2023-07-18 14:00:00+09:00,653.0,653.0,651.0,651.0,500,0.0,0.0
2023-07-19 09:00:00+09:00,650.0,654.0,650.0,654.0,500,0.0,0.0
2023-07-19 10:00:00+09:00,657.0,661.0,657.0,661.0,1600,0.0,0.0
2023-07-19 11:00:00+09:00,661.0,663.0,661.0,661.0,0,0.0,0.0
2023-07-19 12:00:00+09:00,662.0,666.0,662.0,666.0,3000,0.0,0.0
2023-07-19 13:00:00+09:00,666.0,671.0,666.0,667.0,2600,0.0,0.0
2023-07-19 14:00:00+09:00,666.0,669.0,666.0,669.0,1800,0.0,0.0
2023-07-20 09:00:00+09:00,672.0,683.0,672.0,679.0,6500,0.0,0.0
2023-07-20 10:00:00+09:00,680.0,680.0,675.0,680.0,3600,0.0,0.0
2023-07-20 11:00:00+09:00,680.0,680.0,680.0,680.0,0,0.0,0.0
2023-07-20 12:00:00+09:00,680.0,683.0,680.0,681.0,12600,0.0,0.0
2023-07-20 13:00:00+09:00,681.0,681.0,680.0,680.0,1200,0.0,0.0
2023-07-20 14:00:00+09:00,680.0,684.0,679.0,681.0,4200,0.0,0.0
2023-07-21 09:00:00+09:00,682.0,687.0,677.0,687.0,11200,0.0,0.0
2023-07-21 10:00:00+09:00,690.0,696.0,687.0,694.0,7400,0.0,0.0
2023-07-21 11:00:00+09:00,692.0,692.0,688.0,691.0,0,0.0,0.0
2023-07-21 12:00:00+09:00,687.0,692.0,687.0,691.0,25000,0.0,0.0
2023-07-21 13:00:00+09:00,694.0,694.0,690.0,690.0,2200,0.0,0.0
2023-07-21 14:00:00+09:00,690.0,695.0,687.0,694.0,8900,0.0,0.0
2023-07-24 09:00:00+09:00,694.0,699.0,689.0,691.0,6400,0.0,0.0
2023-07-24 10:00:00+09:00,692.0,697.0,690.0,693.0,7600,0.0,0.0
2023-07-24 11:00:00+09:00,693.0,697.0,693.0,697.0,0,0.0,0.0
2023-07-24 12:00:00+09:00,701.0,703.0,700.0,702.0,21600,0.0,0.0
2023-07-24 13:00:00+09:00,704.0,711.0,704.0,711.0,8600,0.0,0.0
2023-07-24 14:00:00+09:00,711.0,712.0,705.0,712.0,7700,0.0,0.0
2023-07-25 09:00:00+09:00,710.0,710.0,693.0,704.0,30600,0.0,0.0
2023-07-25 10:00:00+09:00,705.0,717.0,705.0,708.0,43500,0.0,0.0
2023-07-25 11:00:00+09:00,707.0,707.0,690.0,693.0,0,0.0,0.0
2023-07-25 12:00:00+09:00,699.0,701.0,696.0,699.0,102500,0.0,0.0
2023-07-25 13:00:00+09:00,698.0,699.0,691.0,695.0,9800,0.0,0.0
2023-07-25 14:00:00+09:00,695.0,701.0,694.0,699.0,6200,0.0,0.0
2023-07-26 09:00:00+09:00,699.0,699.0,685.0,698.0,9800,0.0,0.0
2023-07-26 10:00:00+09:00,695.0,700.0,695.0,700.0,2800,0.0,0.0
2023-07-26 11:00:00+09:00,700.0,703.0,700.0,703.0,0,0.0,0.0
2023-07-26 12:00:00+09:00,704.0,710.0,704.0,710.0,16900,0.0,0.0
2023-07-26 13:00:00+09:00,706.0,706.0,703.0,703.0,400,0.0,0.0
2023-07-26 14:00:00+09:00,703.0,705.0,701.0,703.0,3300,0.0,0.0
2023-07-27 09:00:00+09:00,699.0,700.0,694.0,700.0,4500,0.0,0.0
2023-07-27 10:00:00+09:00,706.0,745.0,706.0,722.0,86800,0.0,0.0
2023-07-27 11:00:00+09:00,720.0,720.0,717.0,720.0,0,0.0,0.0
2023-07-27 12:00:00+09:00,717.0,720.0,715.0,719.0,94900,0.0,0.0
2023-07-27 13:00:00+09:00,720.0,723.0,715.0,720.0,9500,0.0,0.0
2023-07-27 14:00:00+09:00,718.0,720.0,715.0,717.0,9500,0.0,0.0
2023-07-28 09:00:00+09:00,706.0,711.0,705.0,708.0,3600,0.0,0.0
2023-07-28 10:00:00+09:00,708.0,709.0,707.0,709.0,2100,0.0,0.0
2023-07-28 11:00:00+09:00,706.0,706.0,706.0,706.0,0,0.0,0.0
2023-07-28 12:00:00+09:00,707.0,708.0,698.0,698.0,11100,0.0,0.0
2023-07-28 13:00:00+09:00,697.0,697.0,684.0,690.0,9500,0.0,0.0
2023-07-28 14:00:00+09:00,694.0,699.0,685.0,685.0,3300,0.0,0.0
2023-07-31 09:00:00+09:00,694.0,714.0,694.0,702.0,10600,0.0,0.0
2023-07-31 10:00:00+09:00,708.0,713.0,708.0,713.0,6400,0.0,0.0
2023-07-31 11:00:00+09:00,711.0,711.0,703.0,703.0,0,0.0,0.0
2023-07-31 12:00:00+09:00,700.0,700.0,691.0,696.0,26300,0.0,0.0
2023-07-31 13:00:00+09:00,694.0,696.0,690.0,696.0,4800,0.0,0.0
2023-07-31 14:00:00+09:00,695.0,695.0,688.0,691.0,12800,0.0,0.0
2023-08-01 09:00:00+09:00,693.0,697.0,689.0,692.0,2200,0.0,0.0
2023-08-01 10:00:00+09:00,693.0,698.0,693.0,698.0,2600,0.0,0.0
2023-08-01 11:00:00+09:00,698.0,700.0,698.0,700.0,0,0.0,0.0
2023-08-01 12:00:00+09:00,695.0,695.0,693.0,693.0,8200,0.0,0.0
2023-08-01 13:00:00+09:00,692.0,693.0,691.0,693.0,1000,0.0,0.0
2023-08-01 14:00:00+09:00,692.0,692.0,690.0,691.0,2800,0.0,0.0
2023-08-02 09:00:00+09:00,689.0,691.0,684.0,686.0,2900,0.0,0.0
2023-08-02 10:00:00+09:00,686.0,686.0,680.0,680.0,3000,0.0,0.0
2023-08-02 11:00:00+09:00,682.0,683.0,682.0,683.0,0,0.0,0.0
2023-08-02 12:00:00+09:00,686.0,686.0,681.0,681.0,7300,0.0,0.0
2023-08-02 13:00:00+09:00,682.0,682.0,680.0,682.0,1000,0.0,0.0
2023-08-02 14:00:00+09:00,682.0,685.0,682.0,682.0,1400,0.0,0.0
2023-08-03 09:00:00+09:00,680.0,680.0,670.0,673.0,8200,0.0,0.0
2023-08-03 10:00:00+09:00,672.0,675.0,670.0,675.0,1700,0.0,0.0
2023-08-03 11:00:00+09:00,675.0,675.0,675.0,675.0,0,0.0,0.0
2023-08-03 12:00:00+09:00,674.0,676.0,674.0,676.0,10300,0.0,0.0
2023-08-03 13:00:00+09:00,677.0,677.0,675.0,675.0,600,0.0,0.0
2023-08-03 14:00:00+09:00,675.0,677.0,673.0,673.0,1200,0.0,0.0
2023-08-04 09:00:00+09:00,669.0,669.0,661.0,664.0,5300,0.0,0.0
2023-08-04 10:00:00+09:00,668.0,669.0,664.0,664.0,2200,0.0,0.0
2023-08-04 11:00:00+09:00,666.0,666.0,666.0,666.0,0,0.0,0.0
2023-08-04 12:00:00+09:00,670.0,670.0,666.0,670.0,11000,0.0,0.0
2023-08-04 13:00:00+09:00,672.0,672.0,669.0,669.0,700,0.0,0.0
2023-08-04 14:00:00+09:00,673.0,673.0,666.0,669.0,2800,0.0,0.0
2023-08-07 09:00:00+09:00,665.0,680.0,665.0,680.0,3100,0.0,0.0
2023-08-07 10:00:00+09:00,682.0,682.0,680.0,682.0,400,0.0,0.0
2023-08-07 11:00:00+09:00,682.0,683.0,682.0,683.0,0,0.0,0.0
2023-08-07 12:00:00+09:00,683.0,689.0,683.0,689.0,5500,0.0,0.0
2023-08-07 13:00:00+09:00,689.0,689.0,689.0,689.0,200,0.0,0.0
2023-08-07 14:00:00+09:00,686.0,693.0,686.0,692.0,2000,0.0,0.0
2023-08-08 09:00:00+09:00,689.0,689.0,673.0,680.0,6700,0.0,0.0
2023-08-08 10:00:00+09:00,679.0,680.0,678.0,678.0,1400,0.0,0.0
2023-08-08 11:00:00+09:00,677.0,677.0,675.0,676.0,0,0.0,0.0
2023-08-08 12:00:00+09:00,678.0,680.0,678.0,679.0,10200,0.0,0.0
2023-08-08 13:00:00+09:00,680.0,686.0,675.0,685.0,2800,0.0,0.0
2023-08-08 14:00:00+09:00,684.0,700.0,682.0,686.0,10100,0.0,0.0
2023-08-09 09:00:00+09:00,697.0,697.0,683.0,683.0,2800,0.0,0.0
2023-08-09 10:00:00+09:00,686.0,688.0,686.0,688.0,600,0.0,0.0
2023-08-09 11:00:00+09:00,687.0,687.0,686.0,686.0,0,0.0,0.0
2023-08-09 12:00:00+09:00,686.0,688.0,686.0,688.0,6100,0.0,0.0
2023-08-09 13:00:00+09:00,686.0,689.0,685.0,689.0,2700,0.0,0.0
2023-08-09 14:00:00+09:00,690.0,690.0,688.0,688.0,600,0.0,0.0
2023-08-10 09:00:00+09:00,691.0,691.0,684.0,686.0,2300,0.0,0.0
2023-08-10 10:00:00+09:00,687.0,687.0,687.0,687.0,300,0.0,0.0
2023-08-10 11:00:00+09:00,689.0,690.0,687.0,690.0,0,0.0,0.0
2023-08-10 12:00:00+09:00,691.0,696.0,691.0,696.0,5800,0.0,0.0
2023-08-10 13:00:00+09:00,691.0,691.0,681.0,683.0,5500,0.0,0.0
2023-08-10 14:00:00+09:00,683.0,685.0,675.0,685.0,6100,0.0,0.0
2023-08-14 09:00:00+09:00,686.0,686.0,638.0,650.0,29700,0.0,0.0
2023-08-14 10:00:00+09:00,652.0,652.0,636.0,636.0,11700,0.0,0.0
2023-08-14 11:00:00+09:00,637.0,637.0,621.0,631.0,0,0.0,0.0
2023-08-14 12:00:00+09:00,631.0,631.0,593.0,602.0,76900,0.0,0.0
2023-08-14 13:00:00+09:00,604.0,622.0,597.0,618.0,9100,0.0,0.0
2023-08-14 14:00:00+09:00,617.0,617.0,601.0,604.0,18200,0.0,0.0
2023-08-15 09:00:00+09:00,623.0,623.0,606.0,613.0,0,0.0,0.0
2023-08-15 10:00:00+09:00,614.0,615.0,602.0,607.0,15900,0.0,0.0
2023-08-15 11:00:00+09:00,603.0,606.0,602.0,606.0,0,0.0,0.0
2023-08-15 12:00:00+09:00,604.0,605.0,602.0,602.0,20800,0.0,0.0
2023-08-15 13:00:00+09:00,602.0,603.0,601.0,603.0,4800,0.0,0.0
2023-08-15 14:00:00+09:00,603.0,613.0,600.0,610.0,18000,0.0,0.0
2023-08-16 09:00:00+09:00,609.0,609.0,598.0,607.0,3100,0.0,0.0
2023-08-16 10:00:00+09:00,605.0,605.0,603.0,603.0,400,0.0,0.0
2023-08-16 11:00:00+09:00,603.0,606.0,603.0,606.0,0,0.0,0.0
2023-08-16 12:00:00+09:00,609.0,613.0,609.0,613.0,4300,0.0,0.0
2023-08-16 13:00:00+09:00,613.0,613.0,610.0,611.0,1900,0.0,0.0
2023-08-16 14:00:00+09:00,610.0,610.0,606.0,608.0,800,0.0,0.0
2023-08-17 09:00:00+09:00,602.0,602.0,584.0,584.0,12000,0.0,0.0
2023-08-17 10:00:00+09:00,583.0,583.0,567.0,568.0,12600,0.0,0.0
2023-08-17 11:00:00+09:00,575.0,582.0,570.0,581.0,0,0.0,0.0
2023-08-17 12:00:00+09:00,581.0,581.0,574.0,577.0,39700,0.0,0.0
2023-08-17 13:00:00+09:00,577.0,578.0,576.0,578.0,1500,0.0,0.0
2023-08-17 14:00:00+09:00,578.0,578.0,570.0,575.0,9900,0.0,0.0
2023-08-18 09:00:00+09:00,573.0,573.0,556.0,563.0,0,0.0,0.0
2023-08-18 10:00:00+09:00,562.0,574.0,560.0,574.0,23100,0.0,0.0
2023-08-18 11:00:00+09:00,574.0,578.0,573.0,573.0,0,0.0,0.0
2023-08-18 12:00:00+09:00,571.0,572.0,566.0,566.0,29900,0.0,0.0
2023-08-18 13:00:00+09:00,569.0,571.0,569.0,570.0,1000,0.0,0.0
2023-08-18 14:00:00+09:00,570.0,570.0,564.0,564.0,2800,0.0,0.0
2023-08-21 09:00:00+09:00,566.0,581.0,564.0,581.0,10000,0.0,0.0
2023-08-21 10:00:00+09:00,581.0,581.0,571.0,575.0,0,0.0,0.0
2023-08-21 11:00:00+09:00,579.0,579.0,579.0,579.0,0,0.0,0.0
2023-08-21 12:00:00+09:00,580.0,580.0,580.0,580.0,14300,0.0,0.0
2023-08-21 13:00:00+09:00,580.0,580.0,579.0,580.0,1700,0.0,0.0
2023-08-21 14:00:00+09:00,580.0,581.0,580.0,581.0,1500,0.0,0.0
2023-08-22 09:00:00+09:00,599.0,599.0,588.0,592.0,4100,0.0,0.0
2023-08-22 10:00:00+09:00,590.0,590.0,588.0,589.0,700,0.0,0.0
2023-08-22 11:00:00+09:00,589.0,589.0,589.0,589.0,0,0.0,0.0
2023-08-22 12:00:00+09:00,590.0,591.0,588.0,591.0,5200,0.0,0.0
2023-08-22 13:00:00+09:00,589.0,589.0,587.0,589.0,800,0.0,0.0
2023-08-22 14:00:00+09:00,586.0,590.0,586.0,589.0,1600,0.0,0.0
2023-08-23 09:00:00+09:00,596.0,596.0,592.0,594.0,1700,0.0,0.0
2023-08-23 10:00:00+09:00,593.0,593.0,593.0,593.0,100,0.0,0.0
2023-08-23 11:00:00+09:00,593.0,593.0,593.0,593.0,0,0.0,0.0
2023-08-23 12:00:00+09:00,595.0,595.0,595.0,595.0,2200,0.0,0.0
2023-08-23 13:00:00+09:00,592.0,592.0,592.0,592.0,500,0.0,0.0
2023-08-23 14:00:00+09:00,595.0,595.0,592.0,592.0,1800,0.0,0.0
2023-08-24 09:00:00+09:00,596.0,596.0,582.0,583.0,5700,0.0,0.0
2023-08-24 10:00:00+09:00,584.0,588.0,584.0,588.0,1500,0.0,0.0
2023-08-24 11:00:00+09:00,588.0,589.0,584.0,584.0,0,0.0,0.0
2023-08-24 12:00:00+09:00,585.0,585.0,581.0,583.0,10500,0.0,0.0
2023-08-24 13:00:00+09:00,583.0,583.0,581.0,581.0,300,0.0,0.0
2023-08-24 14:00:00+09:00,584.0,586.0,584.0,586.0,1800,0.0,0.0
2023-08-25 09:00:00+09:00,580.0,581.0,578.0,580.0,6200,0.0,0.0
2023-08-25 10:00:00+09:00,581.0,582.0,579.0,582.0,1600,0.0,0.0
2023-08-25 11:00:00+09:00,583.0,585.0,583.0,585.0,0,0.0,0.0
2023-08-25 12:00:00+09:00,589.0,589.0,583.0,585.0,13400,0.0,0.0
2023-08-25 13:00:00+09:00,585.0,586.0,582.0,582.0,700,0.0,0.0
2023-08-25 14:00:00+09:00,584.0,584.0,583.0,584.0,600,0.0,0.0
2023-08-28 09:00:00+09:00,590.0,590.0,586.0,588.0,1800,0.0,0.0
2023-08-28 10:00:00+09:00,587.0,588.0,587.0,588.0,200,0.0,0.0
2023-08-28 11:00:00+09:00,587.0,587.0,585.0,585.0,0,0.0,0.0
2023-08-28 12:00:00+09:00,585.0,585.0,582.0,582.0,5200,0.0,0.0
2023-08-28 13:00:00+09:00,584.0,584.0,581.0,581.0,300,0.0,0.0
2023-08-28 14:00:00+09:00,582.0,584.0,582.0,584.0,900,0.0,0.0
2023-08-29 09:00:00+09:00,578.0,579.0,576.0,578.0,3700,0.0,0.0
2023-08-29 10:00:00+09:00,578.0,578.0,575.0,576.0,2000,0.0,0.0
2023-08-29 11:00:00+09:00,577.0,577.0,576.0,576.0,0,0.0,0.0
2023-08-29 12:00:00+09:00,576.0,576.0,575.0,575.0,0,0.0,0.0
2023-08-29 13:00:00+09:00,575.0,575.0,575.0,575.0,7000,0.0,0.0
2023-08-29 14:00:00+09:00,575.0,576.0,574.0,574.0,1700,0.0,0.0
2023-08-30 09:00:00+09:00,576.0,576.0,565.0,567.0,5500,0.0,0.0
2023-08-30 10:00:00+09:00,566.0,570.0,566.0,570.0,900,0.0,0.0
2023-08-30 11:00:00+09:00,570.0,571.0,570.0,571.0,0,0.0,0.0
2023-08-30 12:00:00+09:00,576.0,576.0,567.0,567.0,10800,0.0,0.0
2023-08-30 13:00:00+09:00,570.0,570.0,567.0,567.0,800,0.0,0.0
2023-08-30 14:00:00+09:00,567.0,571.0,565.0,565.0,1700,0.0,0.0
2023-08-31 09:00:00+09:00,565.0,569.0,565.0,568.0,2000,0.0,0.0
2023-08-31 10:00:00+09:00,565.0,565.0,562.0,562.0,2000,0.0,0.0
2023-08-31 11:00:00+09:00,562.0,562.0,562.0,562.0,0,0.0,0.0
2023-08-31 12:00:00+09:00,565.0,565.0,565.0,565.0,4100,0.0,0.0
2023-08-31 13:00:00+09:00,566.0,566.0,559.0,559.0,2900,0.0,0.0
2023-08-31 14:00:00+09:00,559.0,560.0,555.0,560.0,2300,0.0,0.0
2023-09-01 09:00:00+09:00,553.0,560.0,553.0,554.0,4900,0.0,0.0
2023-09-01 10:00:00+09:00,555.0,561.0,546.0,546.0,12300,0.0,0.0
2023-09-01 11:00:00+09:00,548.0,548.0,547.0,547.0,0,0.0,0.0
2023-09-01 12:00:00+09:00,548.0,550.0,548.0,550.0,18400,0.0,0.0
2023-09-01 13:00:00+09:00,550.0,552.0,550.0,552.0,800,0.0,0.0
2023-09-01 14:00:00+09:00,552.0,555.0,550.0,553.0,4000,0.0,0.0
2023-09-04 09:00:00+09:00,554.0,554.0,550.0,550.0,3000,0.0,0.0
2023-09-04 10:00:00+09:00,554.0,554.0,545.0,547.0,8100,0.0,0.0
2023-09-04 11:00:00+09:00,547.0,547.0,537.0,538.0,0,0.0,0.0
2023-09-04 12:00:00+09:00,535.0,535.0,520.0,528.0,38300,0.0,0.0
2023-09-04 13:00:00+09:00,529.0,540.0,529.0,538.0,2500,0.0,0.0
2023-09-04 14:00:00+09:00,537.0,537.0,534.0,536.0,1100,0.0,0.0
2023-09-05 09:00:00+09:00,532.0,536.0,531.0,535.0,5900,0.0,0.0
2023-09-05 10:00:00+09:00,536.0,546.0,536.0,541.0,4400,0.0,0.0
2023-09-05 11:00:00+09:00,543.0,545.0,543.0,545.0,0,0.0,0.0
2023-09-05 12:00:00+09:00,543.0,544.0,543.0,544.0,12200,0.0,0.0
2023-09-05 13:00:00+09:00,545.0,550.0,544.0,550.0,2800,0.0,0.0
2023-09-05 14:00:00+09:00,549.0,550.0,547.0,549.0,3100,0.0,0.0
2023-09-06 09:00:00+09:00,550.0,551.0,548.0,551.0,2600,0.0,0.0
2023-09-06 10:00:00+09:00,550.0,550.0,545.0,548.0,1000,0.0,0.0
2023-09-06 11:00:00+09:00,548.0,548.0,548.0,548.0,0,0.0,0.0
2023-09-06 12:00:00+09:00,550.0,550.0,550.0,550.0,3700,0.0,0.0
2023-09-06 13:00:00+09:00,551.0,551.0,551.0,551.0,200,0.0,0.0
2023-09-06 14:00:00+09:00,551.0,552.0,546.0,547.0,1200,0.0,0.0
2023-09-07 09:00:00+09:00,546.0,549.0,532.0,549.0,11000,0.0,0.0
2023-09-07 10:00:00+09:00,549.0,549.0,545.0,545.0,800,0.0,0.0
2023-09-07 11:00:00+09:00,544.0,547.0,544.0,547.0,0,0.0,0.0
2023-09-07 12:00:00+09:00,546.0,546.0,538.0,538.0,16000,0.0,0.0
2023-09-07 13:00:00+09:00,541.0,544.0,541.0,543.0,1300,0.0,0.0
2023-09-07 14:00:00+09:00,543.0,543.0,541.0,541.0,1200,0.0,0.0
2023-09-08 09:00:00+09:00,544.0,544.0,537.0,544.0,1200,0.0,0.0
2023-09-08 10:00:00+09:00,543.0,544.0,539.0,539.0,2000,0.0,0.0
2023-09-08 11:00:00+09:00,539.0,539.0,539.0,539.0,0,0.0,0.0
2023-09-08 12:00:00+09:00,539.0,539.0,537.0,537.0,4200,0.0,0.0
2023-09-08 13:00:00+09:00,540.0,540.0,539.0,540.0,1600,0.0,0.0
2023-09-08 14:00:00+09:00,541.0,542.0,540.0,542.0,700,0.0,0.0
2023-09-11 09:00:00+09:00,545.0,545.0,532.0,533.0,5100,0.0,0.0
2023-09-11 10:00:00+09:00,536.0,537.0,524.0,524.0,10400,0.0,0.0
2023-09-11 11:00:00+09:00,525.0,525.0,510.0,522.0,0,0.0,0.0
2023-09-11 12:00:00+09:00,520.0,521.0,514.0,514.0,28900,0.0,0.0
2023-09-11 13:00:00+09:00,515.0,519.0,510.0,518.0,5500,0.0,0.0
2023-09-11 14:00:00+09:00,518.0,518.0,511.0,513.0,3500,0.0,0.0
2023-09-12 09:00:00+09:00,521.0,525.0,512.0,516.0,3400,0.0,0.0
2023-09-12 10:00:00+09:00,516.0,516.0,515.0,515.0,700,0.0,0.0
2023-09-12 11:00:00+09:00,513.0,516.0,513.0,516.0,0,0.0,0.0
2023-09-12 12:00:00+09:00,518.0,519.0,517.0,519.0,4700,0.0,0.0
2023-09-12 13:00:00+09:00,520.0,520.0,514.0,517.0,1700,0.0,0.0
2023-09-12 14:00:00+09:00,518.0,523.0,518.0,519.0,5900,0.0,0.0
2023-09-13 09:00:00+09:00,518.0,522.0,514.0,516.0,1300,0.0,0.0
2023-09-13 10:00:00+09:00,516.0,518.0,512.0,512.0,2500,0.0,0.0
2023-09-13 11:00:00+09:00,512.0,513.0,512.0,513.0,0,0.0,0.0
2023-09-13 12:00:00+09:00,513.0,513.0,512.0,513.0,4700,0.0,0.0
2023-09-13 13:00:00+09:00,512.0,512.0,510.0,511.0,1200,0.0,0.0
2023-09-13 14:00:00+09:00,510.0,516.0,510.0,513.0,3700,0.0,0.0
2023-09-14 09:00:00+09:00,512.0,515.0,512.0,515.0,900,0.0,0.0
2023-09-14 10:00:00+09:00,515.0,515.0,508.0,510.0,2700,0.0,0.0
2023-09-14 11:00:00+09:00,514.0,515.0,514.0,515.0,0,0.0,0.0
2023-09-14 12:00:00+09:00,515.0,515.0,513.0,513.0,5400,0.0,0.0
2023-09-14 13:00:00+09:00,512.0,515.0,512.0,515.0,1500,0.0,0.0
2023-09-14 14:00:00+09:00,515.0,515.0,513.0,514.0,500,0.0,0.0
2023-09-15 09:00:00+09:00,511.0,516.0,507.0,516.0,4600,0.0,0.0
2023-09-15 10:00:00+09:00,512.0,517.0,504.0,516.0,6700,0.0,0.0
2023-09-15 11:00:00+09:00,516.0,516.0,511.0,511.0,0,0.0,0.0
2023-09-15 12:00:00+09:00,511.0,514.0,511.0,514.0,16000,0.0,0.0
2023-09-15 13:00:00+09:00,514.0,516.0,514.0,516.0,900,0.0,0.0
2023-09-15 14:00:00+09:00,516.0,517.0,515.0,515.0,1000,0.0,0.0
2023-09-19 09:00:00+09:00,510.0,516.0,510.0,516.0,2800,0.0,0.0
2023-09-19 10:00:00+09:00,517.0,523.0,517.0,517.0,3100,0.0,0.0
2023-09-19 11:00:00+09:00,516.0,516.0,516.0,516.0,0,0.0,0.0
2023-09-19 12:00:00+09:00,517.0,517.0,512.0,512.0,7600,0.0,0.0
2023-09-19 13:00:00+09:00,512.0,512.0,511.0,512.0,900,0.0,0.0
2023-09-19 14:00:00+09:00,512.0,513.0,512.0,513.0,300,0.0,0.0
2023-09-20 09:00:00+09:00,516.0,519.0,516.0,517.0,900,0.0,0.0
2023-09-20 10:00:00+09:00,517.0,517.0,505.0,515.0,5000,0.0,0.0
2023-09-20 11:00:00+09:00,515.0,516.0,514.0,516.0,0,0.0,0.0
2023-09-20 12:00:00+09:00,513.0,513.0,510.0,510.0,7000,0.0,0.0
2023-09-20 13:00:00+09:00,510.0,516.0,509.0,510.0,1100,0.0,0.0
2023-09-20 14:00:00+09:00,512.0,512.0,512.0,512.0,400,0.0,0.0
2023-09-21 09:00:00+09:00,510.0,511.0,501.0,501.0,7500,0.0,0.0
2023-09-21 10:00:00+09:00,502.0,510.0,502.0,506.0,5900,0.0,0.0
2023-09-21 11:00:00+09:00,506.0,506.0,506.0,506.0,0,0.0,0.0
2023-09-21 13:00:00+09:00,510.0,510.0,510.0,510.0,13600,0.0,0.0
2023-09-21 14:00:00+09:00,508.0,509.0,508.0,509.0,300,0.0,0.0
2023-09-22 09:00:00+09:00,501.0,510.0,501.0,510.0,0,0.0,0.0
2023-09-22 10:00:00+09:00,511.0,515.0,509.0,511.0,4500,0.0,0.0
2023-09-22 11:00:00+09:00,509.0,511.0,509.0,511.0,0,0.0,0.0
2023-09-22 12:00:00+09:00,514.0,514.0,513.0,513.0,5200,0.0,0.0
2023-09-22 13:00:00+09:00,515.0,515.0,513.0,513.0,500,0.0,0.0
2023-09-22 14:00:00+09:00,513.0,514.0,513.0,514.0,1500,0.0,0.0
2023-09-25 09:00:00+09:00,521.0,521.0,517.0,519.0,4700,0.0,0.0
2023-09-25 10:00:00+09:00,519.0,519.0,515.0,518.0,2300,0.0,0.0
2023-09-25 11:00:00+09:00,519.0,520.0,519.0,520.0,0,0.0,0.0
2023-09-25 12:00:00+09:00,520.0,521.0,519.0,521.0,15500,0.0,0.0
2023-09-25 13:00:00+09:00,522.0,524.0,522.0,523.0,1500,0.0,0.0
2023-09-25 14:00:00+09:00,524.0,527.0,524.0,526.0,1900,0.0,0.0
2023-09-26 09:00:00+09:00,533.0,533.0,524.0,528.0,6200,0.0,0.0
2023-09-26 10:00:00+09:00,526.0,526.0,523.0,523.0,800,0.0,0.0
2023-09-26 11:00:00+09:00,524.0,524.0,524.0,524.0,0,0.0,0.0
2023-09-26 12:00:00+09:00,532.0,532.0,526.0,530.0,10300,0.0,0.0
2023-09-26 13:00:00+09:00,529.0,529.0,526.0,526.0,400,0.0,0.0
2023-09-26 14:00:00+09:00,530.0,530.0,525.0,525.0,1000,0.0,0.0
2023-09-27 09:00:00+09:00,524.0,524.0,514.0,514.0,2200,0.0,0.0
2023-09-27 10:00:00+09:00,519.0,519.0,515.0,515.0,1300,0.0,0.0
2023-09-27 11:00:00+09:00,517.0,517.0,515.0,515.0,0,0.0,0.0
2023-09-27 12:00:00+09:00,515.0,518.0,515.0,518.0,4600,0.0,0.0
2023-09-27 13:00:00+09:00,518.0,519.0,518.0,519.0,400,0.0,0.0
2023-09-27 14:00:00+09:00,519.0,520.0,516.0,518.0,2700,0.0,0.0
2023-09-28 09:00:00+09:00,518.0,518.0,518.0,518.0,300,0.0,0.0
2023-09-28 10:00:00+09:00,520.0,522.0,520.0,521.0,1100,0.0,0.0
2023-09-28 11:00:00+09:00,519.0,519.0,519.0,519.0,0,0.0,0.0
2023-09-28 13:00:00+09:00,518.0,518.0,518.0,518.0,1700,0.0,0.0
2023-09-28 14:00:00+09:00,516.0,518.0,514.0,514.0,1600,0.0,0.0
2023-09-29 09:00:00+09:00,515.0,515.0,515.0,515.0,100,0.0,0.0
2023-09-29 10:00:00+09:00,518.0,520.0,518.0,520.0,900,0.0,0.0
2023-09-29 11:00:00+09:00,517.0,517.0,514.0,517.0,0,0.0,0.0
2023-09-29 12:00:00+09:00,518.0,518.0,518.0,518.0,2700,0.0,0.0
2023-09-29 13:00:00+09:00,516.0,516.0,516.0,516.0,100,0.0,0.0
2023-09-29 14:00:00+09:00,516.0,519.0,516.0,519.0,400,0.0,0.0
2023-10-02 09:00:00+09:00,518.0,518.0,513.0,513.0,1000,0.0,0.0
2023-10-02 10:00:00+09:00,512.0,512.0,510.0,512.0,800,0.0,0.0
2023-10-02 11:00:00+09:00,511.0,511.0,492.0,503.0,0,0.0,0.0
2023-10-02 12:00:00+09:00,503.0,506.0,503.0,506.0,11700,0.0,0.0
2023-10-02 13:00:00+09:00,503.0,503.0,500.0,500.0,1300,0.0,0.0
2023-10-02 14:00:00+09:00,500.0,502.0,496.0,498.0,7600,0.0,0.0
2023-10-03 09:00:00+09:00,496.0,497.0,491.0,496.0,2900,0.0,0.0
2023-10-03 10:00:00+09:00,495.0,495.0,492.0,492.0,1000,0.0,0.0
2023-10-03 11:00:00+09:00,491.0,491.0,483.0,486.0,0,0.0,0.0
2023-10-03 12:00:00+09:00,486.0,486.0,480.0,482.0,12000,0.0,0.0
2023-10-03 13:00:00+09:00,479.0,479.0,470.0,473.0,4600,0.0,0.0
2023-10-03 14:00:00+09:00,474.0,474.0,462.0,467.0,5300,0.0,0.0
2023-10-04 09:00:00+09:00,451.0,453.0,436.0,444.0,22700,0.0,0.0
2023-10-04 10:00:00+09:00,445.0,450.0,444.0,445.0,4200,0.0,0.0
2023-10-04 11:00:00+09:00,445.0,447.0,444.0,447.0,0,0.0,0.0
2023-10-04 12:00:00+09:00,449.0,449.0,443.0,443.0,0,0.0,0.0
2023-10-04 13:00:00+09:00,444.0,445.0,443.0,445.0,31100,0.0,0.0
2023-10-04 14:00:00+09:00,444.0,444.0,436.0,437.0,5600,0.0,0.0
2023-10-05 09:00:00+09:00,434.0,435.0,426.0,435.0,56600,0.0,0.0
2023-10-05 10:00:00+09:00,435.0,439.0,434.0,437.0,1300,0.0,0.0
2023-10-05 11:00:00+09:00,437.0,439.0,437.0,439.0,0,0.0,0.0
2023-10-05 12:00:00+09:00,442.0,442.0,439.0,440.0,59600,0.0,0.0
2023-10-05 13:00:00+09:00,440.0,443.0,440.0,443.0,500,0.0,0.0
2023-10-05 14:00:00+09:00,444.0,452.0,443.0,452.0,4600,0.0,0.0
2023-10-06 09:00:00+09:00,449.0,454.0,449.0,454.0,800,0.0,0.0
2023-10-06 10:00:00+09:00,456.0,468.0,456.0,468.0,3000,0.0,0.0
2023-10-06 11:00:00+09:00,463.0,468.0,462.0,462.0,0,0.0,0.0
2023-10-06 12:00:00+09:00,466.0,477.0,466.0,469.0,6200,0.0,0.0
2023-10-06 13:00:00+09:00,467.0,467.0,455.0,455.0,3600,0.0,0.0
2023-10-06 14:00:00+09:00,463.0,469.0,462.0,469.0,1300,0.0,0.0
2023-10-10 09:00:00+09:00,476.0,476.0,470.0,474.0,3600,0.0,0.0
2023-10-10 10:00:00+09:00,473.0,478.0,473.0,474.0,1200,0.0,0.0
2023-10-10 11:00:00+09:00,475.0,475.0,475.0,475.0,0,0.0,0.0
2023-10-10 12:00:00+09:00,477.0,484.0,474.0,474.0,8100,0.0,0.0
2023-10-10 13:00:00+09:00,480.0,480.0,480.0,480.0,100,0.0,0.0
2023-10-10 14:00:00+09:00,476.0,476.0,468.0,468.0,2600,0.0,0.0
2023-10-11 09:00:00+09:00,475.0,485.0,474.0,474.0,3000,0.0,0.0
2023-10-11 10:00:00+09:00,472.0,472.0,462.0,468.0,5100,0.0,0.0
2023-10-11 11:00:00+09:00,468.0,468.0,468.0,468.0,0,0.0,0.0
2023-10-11 12:00:00+09:00,473.0,474.0,471.0,474.0,9700,0.0,0.0
2023-10-11 13:00:00+09:00,474.0,497.0,474.0,488.0,4600,0.0,0.0
2023-10-11 14:00:00+09:00,502.0,502.0,480.0,485.0,4800,0.0,0.0
2023-10-12 09:00:00+09:00,486.0,486.0,480.0,481.0,0,0.0,0.0
2023-10-12 10:00:00+09:00,484.0,484.0,477.0,477.0,3400,0.0,0.0
2023-10-12 11:00:00+09:00,481.0,482.0,480.0,482.0,0,0.0,0.0
2023-10-12 12:00:00+09:00,485.0,486.0,485.0,486.0,4300,0.0,0.0
2023-10-12 13:00:00+09:00,484.0,488.0,482.0,488.0,2800,0.0,0.0
2023-10-13 09:00:00+09:00,474.0,484.0,474.0,478.0,5500,0.0,0.0
2023-10-13 10:00:00+09:00,477.0,480.0,477.0,480.0,700,0.0,0.0
2023-10-13 11:00:00+09:00,482.0,482.0,482.0,482.0,0,0.0,0.0
2023-10-13 12:00:00+09:00,482.0,482.0,476.0,476.0,7700,0.0,0.0
2023-10-13 13:00:00+09:00,475.0,475.0,475.0,475.0,100,0.0,0.0
2023-10-13 14:00:00+09:00,475.0,475.0,464.0,464.0,2300,0.0,0.0
2023-10-16 09:00:00+09:00,452.0,460.0,452.0,456.0,3200,0.0,0.0
2023-10-16 10:00:00+09:00,452.0,452.0,451.0,451.0,400,0.0,0.0
2023-10-16 11:00:00+09:00,451.0,451.0,451.0,451.0,0,0.0,0.0
2023-10-16 12:00:00+09:00,451.0,451.0,450.0,450.0,4100,0.0,0.0
2023-10-16 13:00:00+09:00,450.0,451.0,445.0,446.0,0,0.0,0.0
2023-10-16 14:00:00+09:00,446.0,450.0,446.0,450.0,8700,0.0,0.0
2023-10-17 09:00:00+09:00,448.0,457.0,448.0,450.0,800,0.0,0.0
2023-10-17 10:00:00+09:00,452.0,453.0,452.0,452.0,800,0.0,0.0
2023-10-17 11:00:00+09:00,451.0,451.0,450.0,450.0,0,0.0,0.0
2023-10-17 12:00:00+09:00,450.0,450.0,450.0,450.0,3100,0.0,0.0
2023-10-17 13:00:00+09:00,450.0,450.0,450.0,450.0,400,0.0,0.0
2023-10-17 14:00:00+09:00,453.0,453.0,450.0,452.0,1400,0.0,0.0
2023-10-18 09:00:00+09:00,460.0,460.0,452.0,452.0,500,0.0,0.0
2023-10-18 10:00:00+09:00,450.0,451.0,449.0,449.0,1600,0.0,0.0
2023-10-18 11:00:00+09:00,449.0,449.0,449.0,449.0,0,0.0,0.0
2023-10-18 12:00:00+09:00,448.0,448.0,448.0,448.0,2400,0.0,0.0
2023-10-18 13:00:00+09:00,449.0,450.0,449.0,450.0,400,0.0,0.0
2023-10-18 14:00:00+09:00,449.0,449.0,448.0,449.0,600,0.0,0.0
2023-10-19 09:00:00+09:00,449.0,451.0,443.0,451.0,1400,0.0,0.0
2023-10-19 10:00:00+09:00,451.0,451.0,447.0,449.0,800,0.0,0.0
2023-10-19 11:00:00+09:00,449.0,449.0,449.0,449.0,0,0.0,0.0
2023-10-19 13:00:00+09:00,450.0,450.0,450.0,450.0,2300,0.0,0.0
2023-10-19 14:00:00+09:00,450.0,450.0,450.0,450.0,100,0.0,0.0
2023-10-20 09:00:00+09:00,448.0,448.0,446.0,448.0,700,0.0,0.0
2023-10-20 10:00:00+09:00,448.0,448.0,448.0,448.0,300,0.0,0.0
2023-10-20 11:00:00+09:00,450.0,450.0,450.0,450.0,0,0.0,0.0
2023-10-20 12:00:00+09:00,450.0,451.0,450.0,451.0,2000,0.0,0.0
2023-10-20 14:00:00+09:00,451.0,453.0,451.0,451.0,700,0.0,0.0
2023-10-23 09:00:00+09:00,454.0,456.0,454.0,454.0,900,0.0,0.0
2023-10-23 10:00:00+09:00,454.0,454.0,454.0,454.0,100,0.0,0.0
2023-10-23 11:00:00+09:00,454.0,454.0,454.0,454.0,0,0.0,0.0
2023-10-23 12:00:00+09:00,453.0,453.0,453.0,453.0,1300,0.0,0.0
2023-10-23 13:00:00+09:00,453.0,453.0,447.0,447.0,2900,0.0,0.0
2023-10-23 14:00:00+09:00,447.0,447.0,439.0,442.0,4700,0.0,0.0
2023-10-24 09:00:00+09:00,440.0,440.0,415.0,415.0,7400,0.0,0.0
2023-10-24 10:00:00+09:00,416.0,422.0,414.0,414.0,4100,0.0,0.0
2023-10-24 11:00:00+09:00,416.0,428.0,416.0,428.0,0,0.0,0.0
2023-10-24 12:00:00+09:00,428.0,428.0,428.0,428.0,15400,0.0,0.0
2023-10-24 13:00:00+09:00,424.0,426.0,421.0,426.0,1500,0.0,0.0
2023-10-24 14:00:00+09:00,425.0,426.0,424.0,424.0,1500,0.0,0.0
2023-10-25 09:00:00+09:00,434.0,434.0,420.0,421.0,8300,0.0,0.0
2023-10-25 10:00:00+09:00,419.0,421.0,419.0,419.0,2500,0.0,0.0
2023-10-25 11:00:00+09:00,419.0,420.0,419.0,420.0,0,0.0,0.0
2023-10-25 12:00:00+09:00,425.0,425.0,419.0,419.0,18100,0.0,0.0
2023-10-25 13:00:00+09:00,419.0,419.0,416.0,416.0,0,0.0,0.0
2023-10-25 14:00:00+09:00,417.0,417.0,406.0,407.0,27400,0.0,0.0
2023-10-26 09:00:00+09:00,416.0,416.0,404.0,406.0,8000,0.0,0.0
2023-10-26 10:00:00+09:00,407.0,408.0,407.0,408.0,300,0.0,0.0
2023-10-26 11:00:00+09:00,404.0,410.0,404.0,406.0,0,0.0,0.0
2023-10-26 12:00:00+09:00,410.0,410.0,410.0,410.0,12400,0.0,0.0
2023-10-26 13:00:00+09:00,408.0,408.0,408.0,408.0,200,0.0,0.0
2023-10-26 14:00:00+09:00,406.0,406.0,401.0,402.0,3300,0.0,0.0
2023-10-27 09:00:00+09:00,401.0,403.0,398.0,402.0,5200,0.0,0.0
2023-10-27 10:00:00+09:00,401.0,404.0,401.0,403.0,1200,0.0,0.0
2023-10-27 11:00:00+09:00,403.0,403.0,402.0,402.0,0,0.0,0.0
2023-10-27 12:00:00+09:00,402.0,404.0,402.0,402.0,8500,0.0,0.0
2023-10-27 13:00:00+09:00,402.0,403.0,402.0,403.0,1200,0.0,0.0
2023-10-27 14:00:00+09:00,403.0,407.0,403.0,407.0,1500,0.0,0.0
2023-10-30 09:00:00+09:00,403.0,405.0,403.0,405.0,800,0.0,0.0
2023-10-30 10:00:00+09:00,406.0,421.0,406.0,421.0,2800,0.0,0.0
2023-10-30 11:00:00+09:00,423.0,425.0,423.0,424.0,0,0.0,0.0
2023-10-30 12:00:00+09:00,423.0,424.0,420.0,420.0,9200,0.0,0.0
2023-10-30 13:00:00+09:00,414.0,414.0,414.0,414.0,200,0.0,0.0
2023-10-30 14:00:00+09:00,414.0,416.0,414.0,416.0,1500,0.0,0.0
2023-10-31 09:00:00+09:00,423.0,423.0,414.0,419.0,1700,0.0,0.0
2023-10-31 11:00:00+09:00,419.0,419.0,419.0,419.0,0,0.0,0.0
2023-10-31 12:00:00+09:00,423.0,426.0,422.0,422.0,2700,0.0,0.0
2023-10-31 13:00:00+09:00,425.0,425.0,425.0,425.0,100,0.0,0.0
2023-10-31 14:00:00+09:00,424.0,424.0,423.0,423.0,400,0.0,0.0
2023-11-01 09:00:00+09:00,423.0,427.0,423.0,427.0,2600,0.0,0.0
2023-11-01 11:00:00+09:00,424.0,425.0,424.0,424.0,0,0.0,0.0
2023-11-01 12:00:00+09:00,424.0,424.0,423.0,423.0,3400,0.0,0.0
2023-11-01 13:00:00+09:00,423.0,423.0,423.0,423.0,300,0.0,0.0
2023-11-01 14:00:00+09:00,423.0,423.0,423.0,423.0,100,0.0,0.0
2023-11-02 09:00:00+09:00,424.0,428.0,424.0,427.0,700,0.0,0.0
2023-11-02 10:00:00+09:00,425.0,425.0,424.0,424.0,400,0.0,0.0
2023-11-02 11:00:00+09:00,423.0,423.0,423.0,423.0,0,0.0,0.0
2023-11-02 12:00:00+09:00,421.0,421.0,421.0,421.0,1800,0.0,0.0
2023-11-02 13:00:00+09:00,421.0,423.0,421.0,423.0,300,0.0,0.0
2023-11-02 14:00:00+09:00,421.0,424.0,421.0,422.0,900,0.0,0.0
2023-11-06 09:00:00+09:00,422.0,426.0,421.0,426.0,2300,0.0,0.0
2023-11-06 10:00:00+09:00,424.0,428.0,424.0,428.0,1100,0.0,0.0
2023-11-06 11:00:00+09:00,427.0,427.0,421.0,421.0,0,0.0,0.0
2023-11-06 12:00:00+09:00,420.0,420.0,420.0,420.0,7200,0.0,0.0
2023-11-06 13:00:00+09:00,421.0,423.0,421.0,423.0,0,0.0,0.0
2023-11-06 14:00:00+09:00,422.0,423.0,422.0,423.0,8400,0.0,0.0
2023-11-07 10:00:00+09:00,424.0,424.0,423.0,423.0,400,0.0,0.0
2023-11-07 11:00:00+09:00,423.0,423.0,417.0,417.0,0,0.0,0.0
2023-11-07 12:00:00+09:00,419.0,419.0,419.0,419.0,3000,0.0,0.0
2023-11-07 13:00:00+09:00,420.0,420.0,419.0,419.0,300,0.0,0.0
2023-11-07 14:00:00+09:00,421.0,421.0,421.0,421.0,100,0.0,0.0
2023-11-08 09:00:00+09:00,422.0,422.0,422.0,422.0,0,0.0,0.0
2023-11-08 10:00:00+09:00,426.0,429.0,426.0,429.0,2800,0.0,0.0
2023-11-08 11:00:00+09:00,424.0,424.0,424.0,424.0,0,0.0,0.0
2023-11-08 12:00:00+09:00,426.0,428.0,425.0,428.0,3600,0.0,0.0
2023-11-08 13:00:00+09:00,428.0,433.0,428.0,432.0,1900,0.0,0.0
2023-11-08 14:00:00+09:00,434.0,434.0,434.0,434.0,200,0.0,0.0
2023-11-09 09:00:00+09:00,442.0,443.0,440.0,441.0,2500,0.0,0.0
2023-11-09 10:00:00+09:00,443.0,446.0,440.0,446.0,400,0.0,0.0
2023-11-09 11:00:00+09:00,444.0,445.0,444.0,445.0,0,0.0,0.0
2023-11-09 12:00:00+09:00,445.0,450.0,440.0,447.0,11200,0.0,0.0
2023-11-09 13:00:00+09:00,445.0,459.0,445.0,456.0,6600,0.0,0.0
2023-11-09 14:00:00+09:00,458.0,458.0,452.0,453.0,2900,0.0,0.0
2023-11-10 09:00:00+09:00,435.0,443.0,418.0,440.0,13600,0.0,0.0
2023-11-10 10:00:00+09:00,436.0,436.0,434.0,434.0,400,0.0,0.0
2023-11-10 11:00:00+09:00,438.0,438.0,433.0,433.0,0,0.0,0.0
2023-11-10 12:00:00+09:00,433.0,433.0,430.0,430.0,18600,0.0,0.0
2023-11-10 13:00:00+09:00,431.0,431.0,422.0,424.0,2500,0.0,0.0
2023-11-10 14:00:00+09:00,425.0,431.0,424.0,431.0,1800,0.0,0.0
2023-11-13 09:00:00+09:00,430.0,430.0,417.0,423.0,6500,0.0,0.0
2023-11-13 10:00:00+09:00,421.0,421.0,414.0,420.0,3600,0.0,0.0
2023-11-13 11:00:00+09:00,420.0,420.0,420.0,420.0,0,0.0,0.0
2023-11-13 12:00:00+09:00,420.0,422.0,420.0,422.0,10500,0.0,0.0
2023-11-13 13:00:00+09:00,422.0,422.0,422.0,422.0,100,0.0,0.0
2023-11-13 14:00:00+09:00,422.0,423.0,422.0,423.0,400,0.0,0.0
2023-11-14 09:00:00+09:00,431.0,493.0,430.0,434.0,73600,0.0,0.0
2023-11-14 10:00:00+09:00,434.0,456.0,431.0,452.0,20400,0.0,0.0
2023-11-14 11:00:00+09:00,455.0,471.0,451.0,453.0,0,0.0,0.0
2023-11-14 12:00:00+09:00,453.0,463.0,453.0,459.0,113100,0.0,0.0
2023-11-14 13:00:00+09:00,460.0,460.0,447.0,451.0,6500,0.0,0.0
2023-11-14 14:00:00+09:00,449.0,456.0,447.0,451.0,5400,0.0,0.0
2023-11-15 09:00:00+09:00,471.0,472.0,441.0,442.0,26300,0.0,0.0
2023-11-15 10:00:00+09:00,444.0,444.0,443.0,443.0,1400,0.0,0.0
2023-11-15 11:00:00+09:00,443.0,444.0,443.0,443.0,0,0.0,0.0
2023-11-15 12:00:00+09:00,445.0,450.0,443.0,449.0,30100,0.0,0.0
2023-11-15 13:00:00+09:00,451.0,454.0,444.0,445.0,2800,0.0,0.0
2023-11-15 14:00:00+09:00,448.0,454.0,443.0,454.0,8400,0.0,0.0
2023-11-16 09:00:00+09:00,453.0,453.0,432.0,441.0,15300,0.0,0.0
2023-11-16 10:00:00+09:00,443.0,443.0,438.0,438.0,1600,0.0,0.0
2023-11-16 11:00:00+09:00,436.0,436.0,435.0,436.0,0,0.0,0.0
2023-11-16 12:00:00+09:00,444.0,444.0,440.0,440.0,19200,0.0,0.0
2023-11-16 13:00:00+09:00,441.0,444.0,440.0,442.0,1500,0.0,0.0
2023-11-16 14:00:00+09:00,441.0,441.0,437.0,439.0,1600,0.0,0.0
2023-11-17 09:00:00+09:00,442.0,442.0,432.0,436.0,2200,0.0,0.0
2023-11-17 10:00:00+09:00,438.0,439.0,437.0,437.0,2100,0.0,0.0
2023-11-17 11:00:00+09:00,437.0,437.0,436.0,436.0,0,0.0,0.0
2023-11-17 12:00:00+09:00,436.0,436.0,436.0,436.0,4900,0.0,0.0
2023-11-17 13:00:00+09:00,437.0,439.0,436.0,439.0,300,0.0,0.0
2023-11-17 14:00:00+09:00,438.0,441.0,436.0,439.0,1500,0.0,0.0
2023-11-20 09:00:00+09:00,443.0,445.0,441.0,443.0,3400,0.0,0.0
2023-11-20 10:00:00+09:00,443.0,443.0,437.0,441.0,8700,0.0,0.0
2023-11-20 11:00:00+09:00,444.0,444.0,444.0,444.0,0,0.0,0.0
2023-11-20 12:00:00+09:00,444.0,444.0,441.0,441.0,12400,0.0,0.0
2023-11-20 14:00:00+09:00,441.0,446.0,441.0,446.0,2400,0.0,0.0
2023-11-21 09:00:00+09:00,446.0,449.0,444.0,445.0,5500,0.0,0.0
2023-11-21 10:00:00+09:00,445.0,445.0,445.0,445.0,100,0.0,0.0
2023-11-21 11:00:00+09:00,446.0,446.0,446.0,446.0,0,0.0,0.0
2023-11-21 13:00:00+09:00,448.0,448.0,445.0,445.0,8300,0.0,0.0
2023-11-21 14:00:00+09:00,447.0,448.0,447.0,448.0,300,0.0,0.0
2023-11-22 09:00:00+09:00,448.0,458.0,448.0,457.0,6600,0.0,0.0
2023-11-22 10:00:00+09:00,458.0,466.0,458.0,461.0,4500,0.0,0.0
2023-11-22 11:00:00+09:00,459.0,465.0,459.0,465.0,0,0.0,0.0
2023-11-22 12:00:00+09:00,465.0,467.0,463.0,463.0,13400,0.0,0.0
2023-11-22 13:00:00+09:00,464.0,476.0,464.0,466.0,9300,0.0,0.0
2023-11-22 14:00:00+09:00,468.0,476.0,468.0,472.0,4400,0.0,0.0
2023-11-24 09:00:00+09:00,479.0,484.0,473.0,478.0,14300,0.0,0.0
2023-11-24 10:00:00+09:00,478.0,480.0,475.0,477.0,1500,0.0,0.0
2023-11-24 11:00:00+09:00,476.0,479.0,474.0,479.0,0,0.0,0.0
2023-11-24 12:00:00+09:00,480.0,482.0,478.0,482.0,26200,0.0,0.0
2023-11-24 13:00:00+09:00,481.0,483.0,480.0,480.0,3400,0.0,0.0
2023-11-24 14:00:00+09:00,479.0,480.0,473.0,473.0,8100,0.0,0.0
2023-11-27 09:00:00+09:00,475.0,475.0,471.0,472.0,0,0.0,0.0
2023-11-27 10:00:00+09:00,471.0,471.0,471.0,471.0,5600,0.0,0.0
2023-11-27 11:00:00+09:00,471.0,471.0,471.0,471.0,0,0.0,0.0
2023-11-27 12:00:00+09:00,472.0,472.0,462.0,467.0,14400,0.0,0.0
2023-11-27 13:00:00+09:00,464.0,464.0,459.0,461.0,5000,0.0,0.0
2023-11-27 14:00:00+09:00,459.0,468.0,458.0,460.0,5000,0.0,0.0
2023-11-28 09:00:00+09:00,467.0,486.0,467.0,481.0,0,0.0,0.0
2023-11-28 10:00:00+09:00,482.0,511.0,481.0,503.0,47600,0.0,0.0
2023-11-28 11:00:00+09:00,504.0,509.0,495.0,506.0,0,0.0,0.0
2023-11-28 12:00:00+09:00,510.0,530.0,495.0,496.0,144100,0.0,0.0
2023-11-28 13:00:00+09:00,497.0,505.0,482.0,503.0,0,0.0,0.0
2023-11-28 14:00:00+09:00,503.0,506.0,493.0,501.0,201000,0.0,0.0
2023-11-29 09:00:00+09:00,500.0,505.0,490.0,492.0,28700,0.0,0.0
2023-11-29 10:00:00+09:00,492.0,493.0,489.0,491.0,2500,0.0,0.0
2023-11-29 11:00:00+09:00,492.0,494.0,490.0,492.0,0,0.0,0.0
2023-11-29 12:00:00+09:00,491.0,495.0,490.0,495.0,37300,0.0,0.0
2023-11-29 13:00:00+09:00,494.0,495.0,492.0,495.0,1400,0.0,0.0
2023-11-29 14:00:00+09:00,496.0,496.0,492.0,493.0,5200,0.0,0.0
2023-11-30 09:00:00+09:00,496.0,505.0,483.0,505.0,21700,0.0,0.0
2023-11-30 10:00:00+09:00,505.0,555.0,503.0,540.0,133900,0.0,0.0
2023-11-30 11:00:00+09:00,537.0,537.0,526.0,532.0,0,0.0,0.0
2023-11-30 12:00:00+09:00,529.0,530.0,515.0,526.0,208100,0.0,0.0
2023-11-30 13:00:00+09:00,523.0,525.0,519.0,521.0,10700,0.0,0.0
2023-11-30 14:00:00+09:00,520.0,528.0,516.0,520.0,17500,0.0,0.0
2023-12-01 09:00:00+09:00,529.0,545.0,521.0,545.0,37900,0.0,0.0
2023-12-01 10:00:00+09:00,543.0,543.0,518.0,519.0,19700,0.0,0.0
2023-12-01 11:00:00+09:00,520.0,525.0,520.0,525.0,0,0.0,0.0
2023-12-01 12:00:00+09:00,525.0,530.0,525.0,525.0,62700,0.0,0.0
2023-12-01 13:00:00+09:00,525.0,529.0,522.0,522.0,6100,0.0,0.0
2023-12-01 14:00:00+09:00,522.0,526.0,516.0,518.0,16000,0.0,0.0
2023-12-04 09:00:00+09:00,525.0,531.0,499.0,499.0,0,0.0,0.0
2023-12-04 10:00:00+09:00,499.0,509.0,496.0,509.0,39500,0.0,0.0
2023-12-04 11:00:00+09:00,508.0,508.0,508.0,508.0,0,0.0,0.0
2023-12-04 12:00:00+09:00,508.0,510.0,507.0,510.0,43100,0.0,0.0
2023-12-04 13:00:00+09:00,510.0,512.0,508.0,508.0,1300,0.0,0.0
2023-12-04 14:00:00+09:00,509.0,509.0,501.0,502.0,3900,0.0,0.0
2023-12-05 09:00:00+09:00,495.0,508.0,485.0,503.0,14600,0.0,0.0
2023-12-05 10:00:00+09:00,502.0,504.0,499.0,504.0,3100,0.0,0.0
2023-12-05 11:00:00+09:00,502.0,504.0,500.0,504.0,0,0.0,0.0
2023-12-05 12:00:00+09:00,507.0,507.0,507.0,507.0,21400,0.0,0.0
2023-12-05 14:00:00+09:00,506.0,506.0,502.0,502.0,1500,0.0,0.0
2023-12-06 09:00:00+09:00,499.0,501.0,495.0,499.0,7000,0.0,0.0
2023-12-06 10:00:00+09:00,499.0,505.0,499.0,505.0,2500,0.0,0.0
2023-12-06 11:00:00+09:00,505.0,505.0,505.0,505.0,0,0.0,0.0
2023-12-06 12:00:00+09:00,505.0,505.0,499.0,501.0,12000,0.0,0.0
2023-12-06 13:00:00+09:00,501.0,505.0,496.0,505.0,3800,0.0,0.0
2023-12-06 14:00:00+09:00,502.0,502.0,502.0,502.0,300,0.0,0.0
2023-12-07 09:00:00+09:00,500.0,500.0,490.0,497.0,7900,0.0,0.0
2023-12-07 10:00:00+09:00,495.0,495.0,495.0,495.0,900,0.0,0.0
2023-12-07 11:00:00+09:00,495.0,495.0,495.0,495.0,0,0.0,0.0
2023-12-07 12:00:00+09:00,494.0,495.0,492.0,495.0,11100,0.0,0.0
2023-12-07 13:00:00+09:00,496.0,496.0,494.0,494.0,1300,0.0,0.0
2023-12-07 14:00:00+09:00,494.0,500.0,494.0,499.0,2200,0.0,0.0
2023-12-08 09:00:00+09:00,487.0,489.0,472.0,479.0,0,0.0,0.0
2023-12-08 10:00:00+09:00,481.0,485.0,476.0,476.0,18600,0.0,0.0
2023-12-08 11:00:00+09:00,477.0,478.0,470.0,478.0,0,0.0,0.0
2023-12-08 12:00:00+09:00,478.0,478.0,473.0,473.0,24100,0.0,0.0
2023-12-08 13:00:00+09:00,474.0,481.0,473.0,481.0,5600,0.0,0.0
2023-12-08 14:00:00+09:00,481.0,481.0,475.0,481.0,2900,0.0,0.0
2023-12-11 09:00:00+09:00,480.0,486.0,475.0,482.0,7400,0.0,0.0
2023-12-11 10:00:00+09:00,479.0,479.0,478.0,478.0,200,0.0,0.0
2023-12-11 11:00:00+09:00,477.0,478.0,477.0,478.0,0,0.0,0.0
2023-12-11 12:00:00+09:00,477.0,480.0,477.0,480.0,9900,0.0,0.0
2023-12-11 13:00:00+09:00,480.0,480.0,479.0,479.0,300,0.0,0.0
2023-12-11 14:00:00+09:00,481.0,481.0,476.0,476.0,1900,0.0,0.0
2023-12-12 09:00:00+09:00,476.0,484.0,476.0,484.0,3700,0.0,0.0
2023-12-12 10:00:00+09:00,480.0,487.0,479.0,487.0,3200,0.0,0.0
2023-12-12 11:00:00+09:00,487.0,487.0,487.0,487.0,0,0.0,0.0
2023-12-12 12:00:00+09:00,485.0,485.0,485.0,485.0,8400,0.0,0.0
2023-12-12 13:00:00+09:00,484.0,485.0,484.0,484.0,1200,0.0,0.0
2023-12-12 14:00:00+09:00,483.0,483.0,483.0,483.0,200,0.0,0.0
2023-12-13 09:00:00+09:00,484.0,491.0,484.0,491.0,1900,0.0,0.0
2023-12-13 10:00:00+09:00,500.0,500.0,494.0,494.0,3200,0.0,0.0
2023-12-13 11:00:00+09:00,494.0,494.0,494.0,494.0,0,0.0,0.0
2023-12-13 12:00:00+09:00,493.0,502.0,493.0,502.0,9400,0.0,0.0
2023-12-13 13:00:00+09:00,502.0,502.0,495.0,498.0,3200,0.0,0.0
2023-12-13 14:00:00+09:00,497.0,502.0,496.0,501.0,2800,0.0,0.0
2023-12-14 09:00:00+09:00,505.0,505.0,497.0,498.0,4200,0.0,0.0
2023-12-14 10:00:00+09:00,499.0,500.0,499.0,500.0,300,0.0,0.0
2023-12-14 11:00:00+09:00,500.0,500.0,500.0,500.0,0,0.0,0.0
2023-12-14 12:00:00+09:00,500.0,503.0,496.0,499.0,9900,0.0,0.0
2023-12-14 13:00:00+09:00,499.0,499.0,499.0,499.0,500,0.0,0.0
2023-12-14 14:00:00+09:00,499.0,500.0,496.0,499.0,3400,0.0,0.0
2023-12-15 09:00:00+09:00,501.0,502.0,496.0,500.0,11200,0.0,0.0
2023-12-15 10:00:00+09:00,500.0,500.0,499.0,499.0,600,0.0,0.0
2023-12-15 11:00:00+09:00,501.0,506.0,501.0,506.0,0,0.0,0.0
2023-12-15 12:00:00+09:00,506.0,506.0,506.0,506.0,18800,0.0,0.0
2023-12-15 13:00:00+09:00,506.0,518.0,505.0,516.0,6000,0.0,0.0
2023-12-15 14:00:00+09:00,515.0,515.0,511.0,512.0,1900,0.0,0.0
2023-12-18 09:00:00+09:00,507.0,513.0,501.0,502.0,0,0.0,0.0
2023-12-18 10:00:00+09:00,505.0,506.0,492.0,496.0,12900,0.0,0.0
2023-12-18 11:00:00+09:00,493.0,497.0,493.0,497.0,0,0.0,0.0
2023-12-18 12:00:00+09:00,496.0,497.0,496.0,497.0,14500,0.0,0.0
2023-12-18 13:00:00+09:00,498.0,504.0,498.0,504.0,1300,0.0,0.0
2023-12-18 14:00:00+09:00,502.0,503.0,498.0,498.0,800,0.0,0.0
2023-12-19 09:00:00+09:00,499.0,499.0,499.0,499.0,1100,0.0,0.0
2023-12-19 10:00:00+09:00,499.0,502.0,499.0,500.0,1400,0.0,0.0
2023-12-19 11:00:00+09:00,504.0,504.0,502.0,502.0,0,0.0,0.0
2023-12-19 12:00:00+09:00,503.0,512.0,503.0,512.0,5300,0.0,0.0
2023-12-19 13:00:00+09:00,512.0,513.0,503.0,503.0,2500,0.0,0.0
2023-12-19 14:00:00+09:00,504.0,506.0,504.0,506.0,300,0.0,0.0
2023-12-20 09:00:00+09:00,511.0,512.0,510.0,510.0,1500,0.0,0.0
2023-12-20 10:00:00+09:00,509.0,510.0,505.0,505.0,1400,0.0,0.0
2023-12-20 11:00:00+09:00,507.0,511.0,505.0,511.0,0,0.0,0.0
2023-12-20 12:00:00+09:00,508.0,511.0,508.0,508.0,11800,0.0,0.0
2023-12-20 13:00:00+09:00,508.0,508.0,507.0,508.0,1100,0.0,0.0
2023-12-20 14:00:00+09:00,507.0,509.0,507.0,508.0,600,0.0,0.0
2023-12-21 09:00:00+09:00,507.0,508.0,506.0,506.0,1000,0.0,0.0
2023-12-21 10:00:00+09:00,508.0,508.0,508.0,508.0,200,0.0,0.0
2023-12-21 11:00:00+09:00,509.0,509.0,509.0,509.0,0,0.0,0.0
2023-12-21 12:00:00+09:00,509.0,509.0,509.0,509.0,4700,0.0,0.0
2023-12-21 13:00:00+09:00,510.0,513.0,509.0,513.0,900,0.0,0.0
2023-12-21 14:00:00+09:00,513.0,517.0,513.0,513.0,3300,0.0,0.0
2023-12-22 09:00:00+09:00,514.0,514.0,507.0,507.0,2700,0.0,0.0
2023-12-22 10:00:00+09:00,507.0,512.0,503.0,511.0,6500,0.0,0.0
2023-12-22 11:00:00+09:00,510.0,512.0,510.0,512.0,0,0.0,0.0
2023-12-22 12:00:00+09:00,513.0,513.0,510.0,510.0,10900,0.0,0.0
2023-12-22 13:00:00+09:00,509.0,510.0,508.0,508.0,500,0.0,0.0
2023-12-22 14:00:00+09:00,508.0,509.0,496.0,503.0,10300,0.0,0.0
2023-12-25 09:00:00+09:00,502.0,505.0,500.0,502.0,8300,0.0,0.0
2023-12-25 10:00:00+09:00,503.0,505.0,501.0,505.0,900,0.0,0.0
2023-12-25 11:00:00+09:00,505.0,507.0,505.0,507.0,0,0.0,0.0
2023-12-25 12:00:00+09:00,509.0,510.0,508.0,508.0,14800,0.0,0.0
2023-12-25 13:00:00+09:00,505.0,505.0,505.0,505.0,100,0.0,0.0
2023-12-25 14:00:00+09:00,504.0,507.0,504.0,507.0,1000,0.0,0.0
2023-12-26 09:00:00+09:00,511.0,511.0,501.0,504.0,9000,0.0,0.0
2023-12-26 10:00:00+09:00,502.0,503.0,502.0,503.0,400,0.0,0.0
2023-12-26 11:00:00+09:00,502.0,502.0,502.0,502.0,0,0.0,0.0
2023-12-26 12:00:00+09:00,500.0,500.0,497.0,497.0,13300,0.0,0.0
2023-12-26 13:00:00+09:00,497.0,500.0,497.0,499.0,1000,0.0,0.0
2023-12-26 14:00:00+09:00,499.0,500.0,498.0,500.0,1400,0.0,0.0
2023-12-27 09:00:00+09:00,500.0,501.0,500.0,501.0,1500,0.0,0.0
2023-12-27 10:00:00+09:00,500.0,500.0,499.0,499.0,600,0.0,0.0
2023-12-27 11:00:00+09:00,498.0,498.0,497.0,497.0,0,0.0,0.0
2023-12-27 12:00:00+09:00,497.0,499.0,497.0,499.0,3000,0.0,0.0
2023-12-27 13:00:00+09:00,497.0,497.0,496.0,496.0,1000,0.0,0.0
2023-12-27 14:00:00+09:00,497.0,498.0,496.0,497.0,600,0.0,0.0
2023-12-28 09:00:00+09:00,495.0,496.0,495.0,496.0,500,0.0,0.0
2023-12-28 10:00:00+09:00,495.0,497.0,495.0,497.0,1100,0.0,0.0
2023-12-28 11:00:00+09:00,497.0,497.0,497.0,497.0,0,0.0,0.0
2023-12-28 12:00:00+09:00,495.0,496.0,495.0,496.0,2000,0.0,0.0
2023-12-28 13:00:00+09:00,496.0,496.0,494.0,494.0,300,0.0,0.0
2023-12-28 14:00:00+09:00,495.0,500.0,494.0,500.0,3100,0.0,0.0
2023-12-29 09:00:00+09:00,496.0,496.0,492.0,494.0,1800,0.0,0.0
2023-12-29 11:00:00+09:00,495.0,495.0,495.0,495.0,0,0.0,0.0
2023-12-29 12:00:00+09:00,497.0,501.0,496.0,501.0,5400,0.0,0.0
2023-12-29 13:00:00+09:00,498.0,500.0,498.0,500.0,400,0.0,0.0
2023-12-29 14:00:00+09:00,499.0,499.0,499.0,499.0,200,0.0,0.0
2024-01-04 09:00:00+09:00,496.0,501.0,496.0,501.0,1600,0.0,0.0
2024-01-04 10:00:00+09:00,502.0,507.0,501.0,505.0,1700,0.0,0.0
2024-01-04 11:00:00+09:00,505.0,505.0,505.0,505.0,0,0.0,0.0
2024-01-04 12:00:00+09:00,505.0,509.0,503.0,503.0,6500,0.0,0.0
2024-01-04 13:00:00+09:00,503.0,506.0,502.0,506.0,2300,0.0,0.0
2024-01-04 14:00:00+09:00,503.0,503.0,500.0,500.0,2500,0.0,0.0
2024-01-05 09:00:00+09:00,500.0,507.0,500.0,502.0,8500,0.0,0.0
2024-01-05 10:00:00+09:00,504.0,505.0,504.0,505.0,600,0.0,0.0
2024-01-05 11:00:00+09:00,505.0,505.0,505.0,505.0,0,0.0,0.0
2024-01-05 12:00:00+09:00,505.0,505.0,500.0,500.0,16900,0.0,0.0
2024-01-05 13:00:00+09:00,499.0,499.0,494.0,497.0,5700,0.0,0.0
2024-01-05 14:00:00+09:00,497.0,498.0,496.0,496.0,900,0.0,0.0
2024-01-09 09:00:00+09:00,499.0,503.0,495.0,496.0,8000,0.0,0.0
2024-01-09 10:00:00+09:00,496.0,496.0,495.0,495.0,1200,0.0,0.0
2024-01-09 11:00:00+09:00,494.0,494.0,494.0,494.0,0,0.0,0.0
2024-01-09 12:00:00+09:00,494.0,494.0,493.0,493.0,11700,0.0,0.0
2024-01-09 13:00:00+09:00,493.0,494.0,492.0,492.0,1300,0.0,0.0
2024-01-09 14:00:00+09:00,493.0,498.0,493.0,495.0,6100,0.0,0.0
2024-01-10 09:00:00+09:00,494.0,500.0,489.0,499.0,8900,0.0,0.0
2024-01-10 10:00:00+09:00,499.0,501.0,496.0,496.0,3400,0.0,0.0
2024-01-10 11:00:00+09:00,498.0,498.0,497.0,497.0,0,0.0,0.0
2024-01-10 12:00:00+09:00,498.0,499.0,498.0,498.0,13800,0.0,0.0
2024-01-10 13:00:00+09:00,497.0,498.0,497.0,498.0,300,0.0,0.0
2024-01-10 14:00:00+09:00,496.0,501.0,496.0,501.0,800,0.0,0.0
2024-01-11 09:00:00+09:00,500.0,500.0,500.0,500.0,2200,0.0,0.0
2024-01-11 10:00:00+09:00,498.0,500.0,496.0,500.0,600,0.0,0.0
2024-01-11 11:00:00+09:00,498.0,502.0,498.0,502.0,0,0.0,0.0
2024-01-11 12:00:00+09:00,502.0,502.0,502.0,502.0,4800,0.0,0.0
2024-01-11 13:00:00+09:00,498.0,500.0,497.0,500.0,1600,0.0,0.0
2024-01-11 14:00:00+09:00,500.0,500.0,500.0,500.0,100,0.0,0.0
2024-01-12 09:00:00+09:00,498.0,501.0,498.0,498.0,0,0.0,0.0
2024-01-12 10:00:00+09:00,499.0,501.0,497.0,497.0,3100,0.0,0.0
2024-01-12 11:00:00+09:00,497.0,497.0,497.0,497.0,0,0.0,0.0
2024-01-12 12:00:00+09:00,496.0,496.0,496.0,496.0,5300,0.0,0.0
2024-01-12 13:00:00+09:00,495.0,497.0,495.0,497.0,800,0.0,0.0
2024-01-12 14:00:00+09:00,497.0,498.0,497.0,497.0,500,0.0,0.0
2024-01-15 09:00:00+09:00,492.0,497.0,491.0,497.0,0,0.0,0.0
2024-01-15 10:00:00+09:00,500.0,500.0,497.0,499.0,5200,0.0,0.0
2024-01-15 11:00:00+09:00,499.0,499.0,499.0,499.0,0,0.0,0.0
2024-01-15 12:00:00+09:00,500.0,501.0,498.0,498.0,7100,0.0,0.0
2024-01-15 13:00:00+09:00,498.0,499.0,498.0,499.0,800,0.0,0.0
2024-01-15 14:00:00+09:00,500.0,500.0,499.0,500.0,500,0.0,0.0
2024-01-16 09:00:00+09:00,500.0,502.0,497.0,498.0,3100,0.0,0.0
2024-01-16 10:00:00+09:00,498.0,498.0,498.0,498.0,100,0.0,0.0
2024-01-16 11:00:00+09:00,498.0,498.0,498.0,498.0,0,0.0,0.0
2024-01-16 12:00:00+09:00,498.0,500.0,498.0,498.0,4700,0.0,0.0
2024-01-16 14:00:00+09:00,498.0,500.0,484.0,491.0,7700,0.0,0.0
2024-01-17 09:00:00+09:00,489.0,493.0,489.0,493.0,1200,0.0,0.0
2024-01-17 10:00:00+09:00,491.0,491.0,490.0,490.0,500,0.0,0.0
2024-01-17 11:00:00+09:00,492.0,493.0,492.0,493.0,0,0.0,0.0
2024-01-17 12:00:00+09:00,495.0,496.0,495.0,496.0,2500,0.0,0.0
2024-01-17 13:00:00+09:00,496.0,496.0,496.0,496.0,100,0.0,0.0
2024-01-17 14:00:00+09:00,498.0,498.0,498.0,498.0,500,0.0,0.0
2024-01-18 09:00:00+09:00,492.0,492.0,490.0,490.0,900,0.0,0.0
2024-01-18 10:00:00+09:00,492.0,492.0,490.0,490.0,2400,0.0,0.0
2024-01-18 11:00:00+09:00,492.0,493.0,492.0,493.0,0,0.0,0.0
2024-01-18 12:00:00+09:00,493.0,494.0,493.0,493.0,3900,0.0,0.0
2024-01-18 13:00:00+09:00,493.0,494.0,492.0,494.0,400,0.0,0.0
2024-01-18 14:00:00+09:00,495.0,496.0,494.0,494.0,700,0.0,0.0
2024-01-19 09:00:00+09:00,498.0,498.0,495.0,495.0,2400,0.0,0.0
2024-01-19 10:00:00+09:00,496.0,500.0,496.0,497.0,1700,0.0,0.0
2024-01-19 11:00:00+09:00,497.0,497.0,497.0,497.0,0,0.0,0.0
2024-01-19 13:00:00+09:00,498.0,498.0,498.0,498.0,4200,0.0,0.0
2024-01-19 14:00:00+09:00,498.0,498.0,495.0,495.0,1000,0.0,0.0
2024-01-22 09:00:00+09:00,500.0,500.0,494.0,495.0,1700,0.0,0.0
2024-01-22 10:00:00+09:00,495.0,495.0,494.0,494.0,1800,0.0,0.0
2024-01-22 11:00:00+09:00,494.0,494.0,494.0,494.0,0,0.0,0.0
2024-01-22 12:00:00+09:00,495.0,496.0,495.0,496.0,4300,0.0,0.0
2024-01-22 13:00:00+09:00,496.0,498.0,494.0,498.0,2100,0.0,0.0
2024-01-22 14:00:00+09:00,498.0,499.0,498.0,499.0,500,0.0,0.0
2024-01-23 09:00:00+09:00,500.0,501.0,496.0,498.0,11500,0.0,0.0
2024-01-23 10:00:00+09:00,498.0,499.0,497.0,497.0,800,0.0,0.0
2024-01-23 11:00:00+09:00,497.0,500.0,497.0,500.0,0,0.0,0.0
2024-01-23 12:00:00+09:00,499.0,502.0,499.0,500.0,13700,0.0,0.0
2024-01-23 13:00:00+09:00,498.0,500.0,498.0,500.0,1000,0.0,0.0
2024-01-23 14:00:00+09:00,500.0,502.0,499.0,502.0,800,0.0,0.0
2024-01-24 09:00:00+09:00,505.0,506.0,502.0,506.0,4600,0.0,0.0
2024-01-24 10:00:00+09:00,503.0,507.0,502.0,503.0,2500,0.0,0.0
2024-01-24 11:00:00+09:00,503.0,503.0,503.0,503.0,0,0.0,0.0
2024-01-24 12:00:00+09:00,503.0,505.0,501.0,505.0,9900,0.0,0.0
2024-01-24 13:00:00+09:00,505.0,505.0,505.0,505.0,100,0.0,0.0
2024-01-24 14:00:00+09:00,503.0,504.0,501.0,504.0,700,0.0,0.0
2024-01-25 09:00:00+09:00,505.0,505.0,500.0,500.0,0,0.0,0.0
2024-01-25 10:00:00+09:00,503.0,503.0,499.0,499.0,10700,0.0,0.0
2024-01-25 11:00:00+09:00,500.0,500.0,498.0,498.0,0,0.0,0.0
2024-01-25 12:00:00+09:00,504.0,504.0,499.0,499.0,18000,0.0,0.0
2024-01-25 13:00:00+09:00,499.0,499.0,499.0,499.0,100,0.0,0.0
2024-01-25 14:00:00+09:00,498.0,501.0,498.0,498.0,2600,0.0,0.0
2024-01-26 09:00:00+09:00,498.0,498.0,490.0,494.0,6800,0.0,0.0
2024-01-26 10:00:00+09:00,495.0,495.0,495.0,495.0,200,0.0,0.0
2024-01-26 11:00:00+09:00,494.0,494.0,494.0,494.0,0,0.0,0.0
2024-01-26 12:00:00+09:00,496.0,499.0,496.0,499.0,10500,0.0,0.0
2024-01-26 13:00:00+09:00,496.0,499.0,495.0,499.0,1200,0.0,0.0
2024-01-26 14:00:00+09:00,496.0,496.0,496.0,496.0,200,0.0,0.0
2024-01-29 09:00:00+09:00,502.0,502.0,497.0,498.0,1500,0.0,0.0
2024-01-29 10:00:00+09:00,498.0,498.0,498.0,498.0,400,0.0,0.0
2024-01-29 11:00:00+09:00,498.0,498.0,498.0,498.0,0,0.0,0.0
2024-01-29 12:00:00+09:00,499.0,499.0,498.0,498.0,2500,0.0,0.0
2024-01-29 13:00:00+09:00,499.0,499.0,497.0,497.0,800,0.0,0.0
2024-01-30 09:00:00+09:00,505.0,505.0,497.0,501.0,5200,0.0,0.0
2024-01-30 11:00:00+09:00,501.0,501.0,501.0,501.0,0,0.0,0.0
2024-01-30 12:00:00+09:00,500.0,501.0,500.0,501.0,5400,0.0,0.0
2024-01-30 13:00:00+09:00,500.0,503.0,498.0,503.0,1400,0.0,0.0
2024-01-30 14:00:00+09:00,503.0,503.0,501.0,502.0,400,0.0,0.0
2024-01-31 09:00:00+09:00,496.0,502.0,496.0,502.0,3700,0.0,0.0
2024-01-31 10:00:00+09:00,496.0,502.0,496.0,502.0,1500,0.0,0.0
2024-01-31 11:00:00+09:00,502.0,502.0,502.0,502.0,0,0.0,0.0
2024-01-31 13:00:00+09:00,497.0,497.0,497.0,497.0,5500,0.0,0.0
2024-01-31 14:00:00+09:00,497.0,499.0,497.0,499.0,500,0.0,0.0
2024-02-01 09:00:00+09:00,506.0,514.0,501.0,511.0,17100,0.0,0.0
2024-02-01 10:00:00+09:00,507.0,513.0,506.0,513.0,4700,0.0,0.0
2024-02-01 11:00:00+09:00,511.0,514.0,511.0,514.0,0,0.0,0.0
2024-02-01 12:00:00+09:00,511.0,513.0,511.0,512.0,23400,0.0,0.0
2024-02-01 13:00:00+09:00,510.0,512.0,507.0,512.0,2400,0.0,0.0
2024-02-01 14:00:00+09:00,511.0,512.0,511.0,511.0,1000,0.0,0.0
2024-02-02 09:00:00+09:00,513.0,526.0,510.0,526.0,0,0.0,0.0
2024-02-02 10:00:00+09:00,525.0,526.0,519.0,523.0,23800,0.0,0.0
2024-02-02 11:00:00+09:00,521.0,532.0,520.0,532.0,0,0.0,0.0
2024-02-02 12:00:00+09:00,529.0,532.0,521.0,532.0,38800,0.0,0.0
2024-02-02 13:00:00+09:00,526.0,534.0,523.0,525.0,23200,0.0,0.0
2024-02-02 14:00:00+09:00,523.0,530.0,520.0,530.0,6700,0.0,0.0
2024-02-05 09:00:00+09:00,527.0,535.0,525.0,529.0,9700,0.0,0.0
2024-02-05 10:00:00+09:00,525.0,528.0,524.0,527.0,1000,0.0,0.0
2024-02-05 11:00:00+09:00,524.0,524.0,524.0,524.0,0,0.0,0.0
2024-02-05 12:00:00+09:00,524.0,528.0,524.0,528.0,13700,0.0,0.0
2024-02-05 14:00:00+09:00,526.0,528.0,526.0,528.0,700,0.0,0.0
2024-02-06 09:00:00+09:00,524.0,528.0,521.0,524.0,8400,0.0,0.0
2024-02-06 10:00:00+09:00,522.0,522.0,521.0,522.0,300,0.0,0.0
2024-02-06 11:00:00+09:00,522.0,522.0,522.0,522.0,0,0.0,0.0
2024-02-06 12:00:00+09:00,522.0,526.0,522.0,526.0,9500,0.0,0.0
2024-02-06 13:00:00+09:00,526.0,528.0,526.0,528.0,700,0.0,0.0
2024-02-06 14:00:00+09:00,525.0,528.0,523.0,528.0,1800,0.0,0.0
2024-02-07 09:00:00+09:00,521.0,526.0,521.0,523.0,1200,0.0,0.0
2024-02-07 10:00:00+09:00,523.0,524.0,523.0,524.0,200,0.0,0.0
2024-02-07 11:00:00+09:00,524.0,524.0,524.0,524.0,0,0.0,0.0
2024-02-07 12:00:00+09:00,523.0,525.0,521.0,521.0,3200,0.0,0.0
2024-02-07 13:00:00+09:00,521.0,523.0,519.0,523.0,5300,0.0,0.0
2024-02-07 14:00:00+09:00,521.0,523.0,521.0,521.0,700,0.0,0.0
2024-02-08 09:00:00+09:00,520.0,531.0,517.0,531.0,9400,0.0,0.0
2024-02-08 10:00:00+09:00,527.0,530.0,524.0,524.0,3400,0.0,0.0
2024-02-08 11:00:00+09:00,521.0,524.0,521.0,524.0,0,0.0,0.0
2024-02-08 12:00:00+09:00,525.0,527.0,523.0,527.0,14900,0.0,0.0
2024-02-08 13:00:00+09:00,527.0,529.0,523.0,527.0,2500,0.0,0.0
2024-02-08 14:00:00+09:00,526.0,531.0,523.0,527.0,6300,0.0,0.0
2024-02-09 09:00:00+09:00,512.0,521.0,478.0,490.0,47100,0.0,0.0
2024-02-09 10:00:00+09:00,487.0,493.0,487.0,488.0,3800,0.0,0.0
2024-02-09 11:00:00+09:00,489.0,496.0,487.0,492.0,0,0.0,0.0
2024-02-09 12:00:00+09:00,491.0,491.0,486.0,491.0,58700,0.0,0.0
2024-02-09 13:00:00+09:00,488.0,488.0,478.0,481.0,7700,0.0,0.0
2024-02-09 14:00:00+09:00,480.0,482.0,469.0,482.0,14100,0.0,0.0
2024-02-13 09:00:00+09:00,482.0,489.0,480.0,486.0,5100,0.0,0.0
2024-02-13 10:00:00+09:00,486.0,499.0,486.0,499.0,4300,0.0,0.0
2024-02-13 11:00:00+09:00,499.0,499.0,499.0,499.0,0,0.0,0.0
2024-02-13 12:00:00+09:00,498.0,498.0,492.0,498.0,11500,0.0,0.0
2024-02-13 13:00:00+09:00,498.0,498.0,491.0,497.0,900,0.0,0.0
2024-02-13 14:00:00+09:00,496.0,497.0,491.0,495.0,3300,0.0,0.0
2024-02-14 09:00:00+09:00,495.0,508.0,494.0,508.0,7300,0.0,0.0
2024-02-14 10:00:00+09:00,503.0,507.0,502.0,507.0,900,0.0,0.0
2024-02-14 11:00:00+09:00,503.0,508.0,500.0,508.0,0,0.0,0.0
2024-02-14 12:00:00+09:00,504.0,509.0,504.0,509.0,11200,0.0,0.0
2024-02-14 13:00:00+09:00,507.0,509.0,505.0,509.0,1500,0.0,0.0
2024-02-14 14:00:00+09:00,508.0,509.0,507.0,509.0,800,0.0,0.0
2024-02-15 09:00:00+09:00,509.0,509.0,509.0,509.0,1100,0.0,0.0
2024-02-15 10:00:00+09:00,505.0,506.0,502.0,505.0,700,0.0,0.0
2024-02-15 11:00:00+09:00,505.0,505.0,505.0,505.0,0,0.0,0.0
2024-02-15 12:00:00+09:00,507.0,507.0,507.0,507.0,2200,0.0,0.0
2024-02-15 13:00:00+09:00,505.0,506.0,505.0,506.0,200,0.0,0.0
2024-02-15 14:00:00+09:00,505.0,506.0,505.0,506.0,400,0.0,0.0
2024-02-16 09:00:00+09:00,499.0,505.0,499.0,504.0,1500,0.0,0.0
2024-02-16 10:00:00+09:00,503.0,505.0,501.0,505.0,600,0.0,0.0
2024-02-16 11:00:00+09:00,505.0,505.0,505.0,505.0,0,0.0,0.0
2024-02-16 12:00:00+09:00,500.0,503.0,500.0,503.0,2500,0.0,0.0
2024-02-16 13:00:00+09:00,503.0,505.0,503.0,505.0,1000,0.0,0.0
2024-02-16 14:00:00+09:00,505.0,508.0,502.0,508.0,2600,0.0,0.0
2024-02-19 09:00:00+09:00,508.0,509.0,506.0,509.0,500,0.0,0.0
2024-02-19 10:00:00+09:00,510.0,516.0,509.0,515.0,5600,0.0,0.0
2024-02-19 11:00:00+09:00,515.0,515.0,515.0,515.0,0,0.0,0.0
2024-02-19 12:00:00+09:00,510.0,513.0,510.0,513.0,7200,0.0,0.0
2024-02-19 13:00:00+09:00,512.0,515.0,511.0,515.0,1200,0.0,0.0
2024-02-20 09:00:00+09:00,525.0,528.0,521.0,525.0,5200,0.0,0.0
2024-02-20 11:00:00+09:00,523.0,525.0,523.0,525.0,0,0.0,0.0
2024-02-20 12:00:00+09:00,522.0,527.0,520.0,527.0,11700,0.0,0.0
2024-02-20 13:00:00+09:00,527.0,527.0,524.0,526.0,300,0.0,0.0
2024-02-20 14:00:00+09:00,522.0,522.0,522.0,522.0,100,0.0,0.0
2024-02-21 09:00:00+09:00,526.0,539.0,521.0,539.0,17700,0.0,0.0
2024-02-21 10:00:00+09:00,536.0,538.0,536.0,538.0,500,0.0,0.0
2024-02-21 11:00:00+09:00,538.0,538.0,538.0,538.0,0,0.0,0.0
2024-02-21 12:00:00+09:00,538.0,539.0,536.0,539.0,22400,0.0,0.0
2024-02-21 13:00:00+09:00,539.0,539.0,534.0,539.0,2000,0.0,0.0
2024-02-21 14:00:00+09:00,538.0,550.0,538.0,550.0,18700,0.0,0.0
2024-02-22 09:00:00+09:00,559.0,564.0,553.0,564.0,23000,0.0,0.0
2024-02-22 10:00:00+09:00,562.0,564.0,560.0,564.0,1400,0.0,0.0
2024-02-22 11:00:00+09:00,563.0,564.0,560.0,564.0,0,0.0,0.0
2024-02-22 12:00:00+09:00,565.0,568.0,565.0,568.0,36700,0.0,0.0
2024-02-22 13:00:00+09:00,568.0,568.0,556.0,562.0,5700,0.0,0.0
2024-02-22 14:00:00+09:00,565.0,566.0,562.0,565.0,2200,0.0,0.0
2024-02-26 09:00:00+09:00,568.0,571.0,564.0,570.0,8100,0.0,0.0
2024-02-26 10:00:00+09:00,568.0,569.0,563.0,569.0,1700,0.0,0.0
2024-02-26 11:00:00+09:00,565.0,569.0,563.0,569.0,0,0.0,0.0
2024-02-26 12:00:00+09:00,568.0,568.0,565.0,568.0,13800,0.0,0.0
2024-02-26 13:00:00+09:00,566.0,568.0,560.0,568.0,3900,0.0,0.0
2024-02-26 14:00:00+09:00,567.0,567.0,564.0,567.0,700,0.0,0.0
2024-02-27 09:00:00+09:00,558.0,565.0,555.0,564.0,8800,0.0,0.0
2024-02-27 10:00:00+09:00,560.0,561.0,560.0,560.0,700,0.0,0.0
2024-02-27 11:00:00+09:00,560.0,560.0,560.0,560.0,0,0.0,0.0
2024-02-27 12:00:00+09:00,560.0,560.0,560.0,560.0,10100,0.0,0.0
2024-02-27 14:00:00+09:00,556.0,560.0,556.0,560.0,2300,0.0,0.0
2024-02-28 09:00:00+09:00,557.0,557.0,546.0,556.0,6600,0.0,0.0
2024-02-28 10:00:00+09:00,556.0,560.0,556.0,559.0,1600,0.0,0.0
2024-02-28 11:00:00+09:00,559.0,560.0,559.0,560.0,0,0.0,0.0
2024-02-28 12:00:00+09:00,560.0,561.0,557.0,561.0,9800,0.0,0.0
2024-02-28 13:00:00+09:00,558.0,562.0,556.0,562.0,2500,0.0,0.0
2024-02-28 14:00:00+09:00,558.0,560.0,554.0,560.0,2000,0.0,0.0
2024-02-29 09:00:00+09:00,556.0,559.0,551.0,559.0,1500,0.0,0.0
2024-02-29 10:00:00+09:00,551.0,558.0,548.0,557.0,2600,0.0,0.0
2024-02-29 11:00:00+09:00,557.0,557.0,557.0,557.0,0,0.0,0.0
2024-02-29 12:00:00+09:00,557.0,557.0,556.0,556.0,5500,0.0,0.0
2024-03-01 09:00:00+09:00,553.0,556.0,539.0,546.0,11400,0.0,0.0
2024-03-01 10:00:00+09:00,540.0,542.0,540.0,542.0,300,0.0,0.0
2024-03-01 11:00:00+09:00,538.0,540.0,534.0,539.0,0,0.0,0.0
2024-03-01 12:00:00+09:00,537.0,540.0,537.0,540.0,14100,0.0,0.0
2024-03-01 13:00:00+09:00,537.0,538.0,531.0,536.0,1700,0.0,0.0
2024-03-01 14:00:00+09:00,531.0,534.0,522.0,522.0,4000,0.0,0.0
2024-03-04 09:00:00+09:00,520.0,528.0,520.0,527.0,5800,0.0,0.0
2024-03-04 10:00:00+09:00,527.0,530.0,527.0,530.0,600,0.0,0.0
2024-03-04 11:00:00+09:00,530.0,530.0,530.0,530.0,0,0.0,0.0
2024-03-04 12:00:00+09:00,527.0,527.0,527.0,527.0,6500,0.0,0.0
2024-03-04 13:00:00+09:00,525.0,530.0,525.0,530.0,300,0.0,0.0
2024-03-05 09:00:00+09:00,524.0,531.0,524.0,531.0,1000,0.0,0.0
2024-03-05 10:00:00+09:00,532.0,562.0,532.0,553.0,11200,0.0,0.0
2024-03-05 11:00:00+09:00,554.0,564.0,554.0,557.0,0,0.0,0.0
2024-03-05 12:00:00+09:00,557.0,558.0,548.0,548.0,18600,0.0,0.0
2024-03-05 13:00:00+09:00,545.0,545.0,536.0,536.0,5800,0.0,0.0
2024-03-05 14:00:00+09:00,536.0,536.0,529.0,533.0,2600,0.0,0.0
2024-03-06 09:00:00+09:00,528.0,528.0,516.0,524.0,3300,0.0,0.0
2024-03-06 10:00:00+09:00,524.0,531.0,523.0,531.0,1800,0.0,0.0
2024-03-06 11:00:00+09:00,531.0,533.0,525.0,526.0,0,0.0,0.0
2024-03-06 12:00:00+09:00,524.0,533.0,524.0,533.0,8900,0.0,0.0
2024-03-06 13:00:00+09:00,533.0,534.0,528.0,533.0,2200,0.0,0.0
2024-03-06 14:00:00+09:00,529.0,530.0,523.0,523.0,900,0.0,0.0
2024-03-07 09:00:00+09:00,525.0,527.0,520.0,520.0,3500,0.0,0.0
2024-03-07 10:00:00+09:00,520.0,520.0,517.0,519.0,1700,0.0,0.0
2024-03-07 11:00:00+09:00,519.0,519.0,519.0,519.0,0,0.0,0.0
2024-03-07 12:00:00+09:00,519.0,519.0,515.0,515.0,6800,0.0,0.0
2024-03-07 13:00:00+09:00,516.0,516.0,516.0,516.0,300,0.0,0.0
2024-03-07 14:00:00+09:00,518.0,523.0,515.0,523.0,4400,0.0,0.0
2024-03-08 09:00:00+09:00,529.0,529.0,519.0,527.0,6100,0.0,0.0
2024-03-08 10:00:00+09:00,520.0,524.0,520.0,524.0,500,0.0,0.0
2024-03-08 11:00:00+09:00,521.0,526.0,521.0,526.0,0,0.0,0.0
2024-03-08 13:00:00+09:00,521.0,534.0,520.0,534.0,12600,0.0,0.0
2024-03-08 14:00:00+09:00,527.0,538.0,524.0,533.0,0,0.0,0.0
2024-03-11 09:00:00+09:00,527.0,537.0,527.0,537.0,3600,0.0,0.0
2024-03-11 10:00:00+09:00,538.0,552.0,538.0,552.0,8100,0.0,0.0
2024-03-11 11:00:00+09:00,549.0,552.0,538.0,548.0,0,0.0,0.0
2024-03-11 12:00:00+09:00,548.0,548.0,538.0,541.0,20300,0.0,0.0
2024-03-11 13:00:00+09:00,537.0,537.0,531.0,534.0,1700,0.0,0.0
2024-03-11 14:00:00+09:00,532.0,533.0,532.0,532.0,1800,0.0,0.0
2024-03-12 09:00:00+09:00,534.0,539.0,531.0,539.0,1800,0.0,0.0
2024-03-12 10:00:00+09:00,534.0,540.0,527.0,536.0,4900,0.0,0.0
2024-03-12 11:00:00+09:00,536.0,536.0,536.0,536.0,0,0.0,0.0
2024-03-12 12:00:00+09:00,526.0,537.0,526.0,537.0,13400,0.0,0.0
2024-03-12 13:00:00+09:00,532.0,532.0,532.0,532.0,100,0.0,0.0
2024-03-12 14:00:00+09:00,531.0,535.0,529.0,535.0,1900,0.0,0.0
2024-03-13 09:00:00+09:00,538.0,538.0,538.0,538.0,700,0.0,0.0
2024-03-13 11:00:00+09:00,538.0,538.0,538.0,538.0,0,0.0,0.0
2024-03-13 13:00:00+09:00,538.0,543.0,537.0,537.0,7800,0.0,0.0
2024-03-13 14:00:00+09:00,537.0,539.0,537.0,539.0,300,0.0,0.0
2024-03-14 09:00:00+09:00,535.0,539.0,535.0,539.0,400,0.0,0.0
2024-03-14 10:00:00+09:00,532.0,532.0,532.0,532.0,100,0.0,0.0
2024-03-14 11:00:00+09:00,530.0,530.0,530.0,530.0,0,0.0,0.0
2024-03-14 12:00:00+09:00,535.0,535.0,535.0,535.0,1100,0.0,0.0
2024-03-14 14:00:00+09:00,535.0,538.0,534.0,538.0,1300,0.0,0.0
2024-03-15 09:00:00+09:00,536.0,536.0,532.0,536.0,400,0.0,0.0
2024-03-15 10:00:00+09:00,533.0,533.0,533.0,533.0,100,0.0,0.0
2024-03-15 11:00:00+09:00,537.0,538.0,537.0,538.0,0,0.0,0.0
2024-03-15 12:00:00+09:00,535.0,535.0,535.0,535.0,800,0.0,0.0
2024-03-15 13:00:00+09:00,535.0,539.0,535.0,538.0,1300,0.0,0.0
2024-03-15 14:00:00+09:00,538.0,549.0,536.0,549.0,3000,0.0,0.0
2024-03-18 09:00:00+09:00,543.0,548.0,543.0,548.0,500,0.0,0.0
2024-03-18 10:00:00+09:00,545.0,553.0,545.0,553.0,1500,0.0,0.0
2024-03-18 11:00:00+09:00,550.0,557.0,549.0,557.0,0,0.0,0.0
2024-03-18 12:00:00+09:00,557.0,557.0,557.0,557.0,5000,0.0,0.0
2024-03-18 13:00:00+09:00,555.0,563.0,555.0,563.0,4800,0.0,0.0
2024-03-18 14:00:00+09:00,560.0,564.0,556.0,564.0,7000,0.0,0.0
2024-03-19 09:00:00+09:00,562.0,575.0,559.0,567.0,17800,0.0,0.0
2024-03-19 10:00:00+09:00,567.0,573.0,565.0,572.0,4200,0.0,0.0
2024-03-19 11:00:00+09:00,573.0,585.0,573.0,582.0,0,0.0,0.0
2024-03-19 12:00:00+09:00,580.0,582.0,579.0,579.0,29200,0.0,0.0
2024-03-19 13:00:00+09:00,582.0,589.0,582.0,589.0,0,0.0,0.0
2024-03-19 14:00:00+09:00,583.0,585.0,581.0,581.0,35000,0.0,0.0
2024-03-21 09:00:00+09:00,597.0,612.0,594.0,599.0,29600,0.0,0.0
2024-03-21 10:00:00+09:00,600.0,600.0,591.0,591.0,7000,0.0,0.0
2024-03-21 11:00:00+09:00,591.0,591.0,591.0,591.0,0,0.0,0.0
2024-03-21 12:00:00+09:00,591.0,591.0,581.0,581.0,42200,0.0,0.0
2024-03-21 13:00:00+09:00,584.0,597.0,584.0,591.0,3100,0.0,0.0
2024-03-21 14:00:00+09:00,590.0,590.0,585.0,585.0,3100,0.0,0.0
2024-03-22 09:00:00+09:00,584.0,584.0,580.0,583.0,3400,0.0,0.0
2024-03-22 10:00:00+09:00,583.0,589.0,580.0,589.0,2300,0.0,0.0
2024-03-22 11:00:00+09:00,589.0,589.0,589.0,589.0,0,0.0,0.0
2024-03-22 12:00:00+09:00,589.0,589.0,583.0,589.0,7500,0.0,0.0
2024-03-22 13:00:00+09:00,585.0,588.0,585.0,588.0,200,0.0,0.0
2024-03-22 14:00:00+09:00,584.0,588.0,583.0,586.0,1000,0.0,0.0
2024-03-25 09:00:00+09:00,608.0,608.0,592.0,606.0,17400,0.0,0.0
2024-03-25 10:00:00+09:00,603.0,606.0,600.0,605.0,2700,0.0,0.0
2024-03-25 11:00:00+09:00,604.0,605.0,604.0,605.0,0,0.0,0.0
2024-03-25 12:00:00+09:00,608.0,608.0,606.0,607.0,27100,0.0,0.0
2024-03-25 13:00:00+09:00,607.0,607.0,600.0,600.0,1600,0.0,0.0
2024-03-25 14:00:00+09:00,600.0,602.0,597.0,599.0,900,0.0,0.0
2024-03-26 09:00:00+09:00,600.0,606.0,597.0,606.0,6200,0.0,0.0
2024-03-26 10:00:00+09:00,599.0,605.0,599.0,605.0,200,0.0,0.0
2024-03-26 11:00:00+09:00,605.0,605.0,605.0,605.0,0,0.0,0.0
2024-03-26 12:00:00+09:00,605.0,605.0,599.0,604.0,8500,0.0,0.0
2024-03-26 14:00:00+09:00,602.0,603.0,600.0,603.0,1000,0.0,0.0
2024-03-27 09:00:00+09:00,610.0,610.0,604.0,609.0,2700,0.0,0.0
2024-03-27 10:00:00+09:00,604.0,607.0,601.0,603.0,0,0.0,0.0
2024-03-27 11:00:00+09:00,601.0,603.0,601.0,603.0,0,0.0,0.0
2024-03-27 12:00:00+09:00,608.0,610.0,602.0,609.0,8200,0.0,0.0
2024-03-27 13:00:00+09:00,602.0,608.0,602.0,602.0,1000,0.0,0.0
2024-03-27 14:00:00+09:00,608.0,629.0,607.0,628.0,17800,0.0,0.0
2024-03-28 09:00:00+09:00,613.0,620.0,610.0,613.0,6400,0.0,0.0
2024-03-28 10:00:00+09:00,609.0,615.0,608.0,615.0,3700,0.0,0.0
2024-03-28 11:00:00+09:00,615.0,615.0,615.0,615.0,0,0.0,0.0
2024-03-28 12:00:00+09:00,617.0,618.0,617.0,618.0,15100,0.0,0.0
2024-03-28 13:00:00+09:00,612.0,617.0,610.0,616.0,2700,0.0,0.0
2024-03-28 14:00:00+09:00,611.0,618.0,611.0,618.0,2900,0.0,0.0
2024-03-29 09:00:00+09:00,615.0,618.0,611.0,618.0,1000,0.0,0.0
2024-03-29 11:00:00+09:00,616.0,618.0,614.0,618.0,0,0.0,0.0
2024-03-29 12:00:00+09:00,614.0,618.0,602.0,612.0,8700,0.0,0.0
2024-03-29 13:00:00+09:00,616.0,616.0,604.0,604.0,2000,0.0,0.0
2024-03-29 14:00:00+09:00,603.0,612.0,601.0,611.0,4300,0.0,0.0
2024-04-01 09:00:00+09:00,622.0,622.0,613.0,619.0,7700,0.0,0.0
2024-04-01 10:00:00+09:00,612.0,618.0,610.0,618.0,500,0.0,0.0
2024-04-01 11:00:00+09:00,606.0,616.0,606.0,616.0,0,0.0,0.0
2024-04-01 12:00:00+09:00,615.0,616.0,615.0,616.0,8700,0.0,0.0
2024-04-02 09:00:00+09:00,612.0,614.0,607.0,614.0,1000,0.0,0.0
2024-04-02 10:00:00+09:00,613.0,613.0,606.0,611.0,800,0.0,0.0
2024-04-02 11:00:00+09:00,606.0,611.0,606.0,611.0,0,0.0,0.0
2024-04-02 12:00:00+09:00,608.0,611.0,604.0,604.0,3100,0.0,0.0
2024-04-02 13:00:00+09:00,602.0,608.0,596.0,601.0,5300,0.0,0.0
2024-04-02 14:00:00+09:00,595.0,597.0,594.0,594.0,1800,0.0,0.0
2024-04-03 09:00:00+09:00,587.0,588.0,578.0,587.0,4100,0.0,0.0
2024-04-03 11:00:00+09:00,583.0,583.0,583.0,583.0,0,0.0,0.0
2024-04-03 12:00:00+09:00,583.0,587.0,583.0,587.0,6700,0.0,0.0
2024-04-03 13:00:00+09:00,585.0,585.0,584.0,585.0,500,0.0,0.0
2024-04-03 14:00:00+09:00,585.0,589.0,585.0,589.0,1300,0.0,0.0
2024-04-04 09:00:00+09:00,585.0,600.0,585.0,597.0,3200,0.0,0.0
2024-04-04 10:00:00+09:00,594.0,598.0,594.0,598.0,500,0.0,0.0
2024-04-04 11:00:00+09:00,598.0,598.0,598.0,598.0,0,0.0,0.0
2024-04-04 12:00:00+09:00,597.0,597.0,597.0,597.0,3800,0.0,0.0
2024-04-04 14:00:00+09:00,593.0,596.0,583.0,591.0,4900,0.0,0.0
2024-04-05 09:00:00+09:00,580.0,581.0,580.0,581.0,800,0.0,0.0
2024-04-05 10:00:00+09:00,577.0,583.0,577.0,583.0,200,0.0,0.0
2024-04-05 11:00:00+09:00,583.0,583.0,583.0,583.0,0,0.0,0.0
2024-04-05 13:00:00+09:00,587.0,589.0,587.0,589.0,2000,0.0,0.0
2024-04-05 14:00:00+09:00,589.0,608.0,584.0,599.0,6500,0.0,0.0
2024-04-08 09:00:00+09:00,588.0,602.0,588.0,588.0,1800,0.0,0.0
2024-04-08 10:00:00+09:00,592.0,592.0,584.0,590.0,3000,0.0,0.0
2024-04-08 11:00:00+09:00,590.0,590.0,590.0,590.0,0,0.0,0.0
2024-04-08 12:00:00+09:00,586.0,591.0,586.0,591.0,5000,0.0,0.0
2024-04-08 13:00:00+09:00,586.0,586.0,586.0,586.0,100,0.0,0.0
2024-04-09 09:00:00+09:00,601.0,604.0,600.0,600.0,0,0.0,0.0
2024-04-09 10:00:00+09:00,599.0,600.0,596.0,596.0,5100,0.0,0.0
2024-04-09 11:00:00+09:00,596.0,596.0,596.0,596.0,0,0.0,0.0
2024-04-09 12:00:00+09:00,595.0,595.0,595.0,595.0,5200,0.0,0.0
2024-04-09 13:00:00+09:00,599.0,600.0,599.0,600.0,300,0.0,0.0
2024-04-09 14:00:00+09:00,600.0,605.0,597.0,605.0,1900,0.0,0.0
2024-04-10 09:00:00+09:00,604.0,604.0,604.0,604.0,200,0.0,0.0
2024-04-10 10:00:00+09:00,602.0,602.0,601.0,601.0,300,0.0,0.0
2024-04-10 11:00:00+09:00,606.0,607.0,606.0,607.0,0,0.0,0.0
2024-04-10 12:00:00+09:00,606.0,606.0,606.0,606.0,800,0.0,0.0
2024-04-11 09:00:00+09:00,607.0,607.0,607.0,607.0,200,0.0,0.0
2024-04-11 10:00:00+09:00,603.0,606.0,603.0,606.0,200,0.0,0.0
2024-04-11 11:00:00+09:00,606.0,606.0,606.0,606.0,0,0.0,0.0
2024-04-11 13:00:00+09:00,602.0,605.0,602.0,605.0,700,0.0,0.0
2024-04-11 14:00:00+09:00,604.0,604.0,604.0,604.0,100,0.0,0.0
2024-04-12 09:00:00+09:00,602.0,609.0,600.0,609.0,1400,0.0,0.0
2024-04-12 10:00:00+09:00,602.0,602.0,602.0,602.0,100,0.0,0.0
2024-04-12 11:00:00+09:00,602.0,602.0,602.0,602.0,0,0.0,0.0
2024-04-12 12:00:00+09:00,607.0,610.0,605.0,610.0,2700,0.0,0.0
2024-04-12 13:00:00+09:00,604.0,610.0,601.0,610.0,1700,0.0,0.0
2024-04-12 14:00:00+09:00,602.0,607.0,600.0,607.0,1000,0.0,0.0
2024-04-15 09:00:00+09:00,602.0,607.0,601.0,607.0,1400,0.0,0.0
2024-04-15 11:00:00+09:00,607.0,607.0,607.0,607.0,0,0.0,0.0
2024-04-15 14:00:00+09:00,601.0,604.0,601.0,604.0,1800,0.0,0.0
2024-04-16 09:00:00+09:00,600.0,605.0,600.0,601.0,1200,0.0,0.0
2024-04-16 10:00:00+09:00,601.0,601.0,601.0,601.0,600,0.0,0.0
2024-04-16 11:00:00+09:00,601.0,603.0,601.0,603.0,0,0.0,0.0
2024-04-16 12:00:00+09:00,600.0,604.0,600.0,604.0,0,0.0,0.0
2024-04-16 13:00:00+09:00,599.0,601.0,598.0,601.0,3700,0.0,0.0
2024-04-17 09:00:00+09:00,599.0,604.0,598.0,604.0,1700,0.0,0.0
2024-04-17 10:00:00+09:00,603.0,603.0,603.0,603.0,100,0.0,0.0
2024-04-17 11:00:00+09:00,603.0,603.0,603.0,603.0,0,0.0,0.0
2024-04-17 13:00:00+09:00,598.0,600.0,598.0,600.0,2000,0.0,0.0
2024-04-17 14:00:00+09:00,600.0,600.0,599.0,599.0,200,0.0,0.0
2024-04-18 09:00:00+09:00,597.0,602.0,591.0,601.0,1400,0.0,0.0
2024-04-18 10:00:00+09:00,601.0,601.0,601.0,601.0,0,0.0,0.0
2024-04-18 11:00:00+09:00,599.0,599.0,599.0,599.0,0,0.0,0.0
2024-04-18 12:00:00+09:00,598.0,599.0,597.0,599.0,2400,0.0,0.0
2024-04-18 13:00:00+09:00,597.0,599.0,593.0,599.0,600,0.0,0.0
2024-04-18 14:00:00+09:00,593.0,596.0,593.0,596.0,200,0.0,0.0
2024-04-19 09:00:00+09:00,590.0,592.0,587.0,592.0,1400,0.0,0.0
2024-04-19 10:00:00+09:00,588.0,590.0,581.0,588.0,1100,0.0,0.0
2024-04-19 11:00:00+09:00,578.0,586.0,578.0,586.0,0,0.0,0.0
2024-04-19 12:00:00+09:00,578.0,584.0,578.0,584.0,4500,0.0,0.0
2024-04-19 14:00:00+09:00,579.0,585.0,579.0,585.0,2000,0.0,0.0
2024-04-22 09:00:00+09:00,583.0,586.0,582.0,585.0,2000,0.0,0.0
2024-04-22 10:00:00+09:00,581.0,584.0,579.0,584.0,400,0.0,0.0
2024-04-22 11:00:00+09:00,584.0,584.0,584.0,584.0,0,0.0,0.0
2024-04-22 12:00:00+09:00,577.0,582.0,577.0,582.0,2700,0.0,0.0
2024-04-22 14:00:00+09:00,577.0,578.0,572.0,572.0,3700,0.0,0.0
2024-04-23 09:00:00+09:00,562.0,568.0,550.0,555.0,23800,0.0,0.0
2024-04-23 10:00:00+09:00,554.0,561.0,553.0,558.0,3400,0.0,0.0
2024-04-23 11:00:00+09:00,557.0,557.0,557.0,557.0,0,0.0,0.0
2024-04-23 12:00:00+09:00,557.0,557.0,557.0,557.0,28000,0.0,0.0
2024-04-23 13:00:00+09:00,555.0,560.0,555.0,560.0,2200,0.0,0.0
2024-04-23 14:00:00+09:00,556.0,558.0,553.0,557.0,3500,0.0,0.0
2024-04-24 09:00:00+09:00,561.0,566.0,560.0,566.0,2700,0.0,0.0
2024-04-24 10:00:00+09:00,563.0,563.0,561.0,563.0,300,0.0,0.0
2024-04-24 11:00:00+09:00,563.0,563.0,563.0,563.0,0,0.0,0.0
2024-04-24 12:00:00+09:00,562.0,562.0,562.0,562.0,3200,0.0,0.0
2024-04-24 13:00:00+09:00,559.0,559.0,554.0,557.0,1500,0.0,0.0
2024-04-24 14:00:00+09:00,560.0,561.0,557.0,561.0,500,0.0,0.0
2024-04-25 09:00:00+09:00,572.0,575.0,570.0,571.0,6200,0.0,0.0
2024-04-25 10:00:00+09:00,571.0,575.0,571.0,575.0,1600,0.0,0.0
2024-04-25 11:00:00+09:00,575.0,586.0,575.0,586.0,0,0.0,0.0
2024-04-25 12:00:00+09:00,592.0,595.0,583.0,589.0,18000,0.0,0.0
2024-04-25 13:00:00+09:00,588.0,589.0,588.0,588.0,500,0.0,0.0
2024-04-25 14:00:00+09:00,587.0,594.0,584.0,590.0,3800,0.0,0.0
2024-04-26 09:00:00+09:00,590.0,590.0,584.0,589.0,3700,0.0,0.0
2024-04-26 11:00:00+09:00,588.0,589.0,588.0,589.0,0,0.0,0.0
2024-04-26 12:00:00+09:00,590.0,590.0,589.0,590.0,0,0.0,0.0
2024-04-26 14:00:00+09:00,585.0,585.0,585.0,585.0,6300,0.0,0.0
2024-04-30 09:00:00+09:00,582.0,592.0,581.0,592.0,1100,0.0,0.0
2024-04-30 10:00:00+09:00,589.0,595.0,589.0,591.0,1300,0.0,0.0
2024-04-30 11:00:00+09:00,592.0,592.0,592.0,592.0,0,0.0,0.0
2024-04-30 12:00:00+09:00,595.0,599.0,593.0,599.0,4200,0.0,0.0
2024-04-30 13:00:00+09:00,597.0,613.0,597.0,612.0,6800,0.0,0.0
2024-04-30 14:00:00+09:00,606.0,615.0,605.0,614.0,3400,0.0,0.0
2024-05-01 09:00:00+09:00,607.0,607.0,605.0,605.0,400,0.0,0.0
2024-05-01 10:00:00+09:00,602.0,613.0,585.0,613.0,5000,0.0,0.0
2024-05-01 11:00:00+09:00,606.0,613.0,606.0,613.0,0,0.0,0.0
2024-05-01 12:00:00+09:00,605.0,605.0,605.0,605.0,5800,0.0,0.0
2024-05-01 13:00:00+09:00,610.0,619.0,610.0,619.0,3900,0.0,0.0
2024-05-01 14:00:00+09:00,613.0,619.0,613.0,617.0,1800,0.0,0.0
2024-05-02 09:00:00+09:00,612.0,617.0,610.0,617.0,0,0.0,0.0
2024-05-02 10:00:00+09:00,615.0,616.0,615.0,616.0,1700,0.0,0.0
2024-05-02 11:00:00+09:00,616.0,616.0,616.0,616.0,0,0.0,0.0
2024-05-02 12:00:00+09:00,615.0,618.0,613.0,618.0,5200,0.0,0.0
2024-05-02 13:00:00+09:00,614.0,618.0,614.0,617.0,600,0.0,0.0
2024-05-02 14:00:00+09:00,615.0,618.0,614.0,618.0,700,0.0,0.0
2024-05-07 09:00:00+09:00,620.0,620.0,617.0,617.0,1700,0.0,0.0
2024-05-07 10:00:00+09:00,615.0,616.0,614.0,616.0,2100,0.0,0.0
2024-05-07 11:00:00+09:00,616.0,616.0,616.0,616.0,0,0.0,0.0
2024-05-07 12:00:00+09:00,616.0,618.0,605.0,618.0,5100,0.0,0.0
2024-05-07 13:00:00+09:00,612.0,612.0,612.0,612.0,100,0.0,0.0
2024-05-07 14:00:00+09:00,615.0,618.0,615.0,618.0,600,0.0,0.0
2024-05-08 09:00:00+09:00,618.0,618.0,618.0,618.0,800,0.0,0.0
2024-05-08 10:00:00+09:00,606.0,614.0,606.0,614.0,1200,0.0,0.0
2024-05-08 11:00:00+09:00,611.0,611.0,607.0,607.0,0,0.0,0.0
2024-05-08 12:00:00+09:00,616.0,616.0,604.0,614.0,3800,0.0,0.0
2024-05-08 13:00:00+09:00,608.0,612.0,608.0,612.0,300,0.0,0.0
2024-05-08 14:00:00+09:00,608.0,617.0,608.0,617.0,600,0.0,0.0
2024-05-09 09:00:00+09:00,615.0,615.0,608.0,615.0,500,0.0,0.0
2024-05-09 10:00:00+09:00,608.0,614.0,608.0,614.0,200,0.0,0.0
2024-05-09 11:00:00+09:00,614.0,614.0,614.0,614.0,0,0.0,0.0
2024-05-09 12:00:00+09:00,610.0,612.0,610.0,612.0,1000,0.0,0.0
2024-05-09 13:00:00+09:00,608.0,612.0,608.0,612.0,400,0.0,0.0
2024-05-09 14:00:00+09:00,609.0,614.0,608.0,614.0,1300,0.0,0.0
2024-05-10 09:00:00+09:00,609.0,613.0,609.0,613.0,400,0.0,0.0
2024-05-10 11:00:00+09:00,608.0,614.0,608.0,614.0,0,0.0,0.0
2024-05-10 13:00:00+09:00,614.0,614.0,614.0,614.0,800,0.0,0.0
2024-05-10 14:00:00+09:00,613.0,616.0,613.0,616.0,900,0.0,0.0
2024-05-13 09:00:00+09:00,617.0,617.0,597.0,605.0,5200,0.0,0.0
2024-05-13 10:00:00+09:00,611.0,611.0,611.0,611.0,0,0.0,0.0
2024-05-13 11:00:00+09:00,611.0,611.0,611.0,611.0,0,0.0,0.0
2024-05-13 12:00:00+09:00,612.0,617.0,612.0,617.0,6500,0.0,0.0
2024-05-13 13:00:00+09:00,616.0,618.0,615.0,615.0,600,0.0,0.0
2024-05-13 14:00:00+09:00,618.0,618.0,614.0,616.0,1600,0.0,0.0
2024-05-14 10:00:00+09:00,616.0,616.0,616.0,616.0,100,0.0,0.0
2024-05-14 11:00:00+09:00,616.0,616.0,616.0,616.0,0,0.0,0.0
2024-05-14 12:00:00+09:00,616.0,616.0,606.0,616.0,4400,0.0,0.0
2024-05-14 13:00:00+09:00,613.0,616.0,613.0,616.0,300,0.0,0.0
2024-05-14 14:00:00+09:00,615.0,616.0,610.0,616.0,1000,0.0,0.0
2024-05-15 09:00:00+09:00,566.0,594.0,566.0,581.0,9100,0.0,0.0
2024-05-15 10:00:00+09:00,581.0,584.0,577.0,580.0,1300,0.0,0.0
2024-05-15 11:00:00+09:00,580.0,582.0,575.0,581.0,0,0.0,0.0
2024-05-15 12:00:00+09:00,571.0,577.0,571.0,577.0,13000,0.0,0.0
2024-05-15 13:00:00+09:00,569.0,576.0,565.0,574.0,8000,0.0,0.0
2024-05-15 14:00:00+09:00,565.0,571.0,562.0,569.0,2400,0.0,0.0
2024-05-16 09:00:00+09:00,560.0,568.0,558.0,568.0,2800,0.0,0.0
2024-05-16 10:00:00+09:00,568.0,569.0,563.0,569.0,1500,0.0,0.0
2024-05-16 11:00:00+09:00,569.0,574.0,569.0,574.0,0,0.0,0.0
2024-05-16 12:00:00+09:00,564.0,573.0,564.0,573.0,7300,0.0,0.0
2024-05-16 13:00:00+09:00,568.0,572.0,565.0,572.0,1500,0.0,0.0
2024-05-16 14:00:00+09:00,565.0,572.0,545.0,568.0,10600,0.0,0.0
2024-05-17 09:00:00+09:00,565.0,570.0,563.0,570.0,1500,0.0,0.0
2024-05-17 10:00:00+09:00,565.0,570.0,565.0,570.0,200,0.0,0.0
2024-05-17 11:00:00+09:00,570.0,570.0,570.0,570.0,0,0.0,0.0
2024-05-17 12:00:00+09:00,563.0,568.0,563.0,568.0,3700,0.0,0.0
2024-05-17 13:00:00+09:00,565.0,570.0,563.0,570.0,1000,0.0,0.0
2024-05-17 14:00:00+09:00,562.0,567.0,560.0,566.0,700,0.0,0.0
2024-05-20 09:00:00+09:00,560.0,560.0,558.0,560.0,3100,0.0,0.0
2024-05-20 11:00:00+09:00,560.0,560.0,560.0,560.0,0,0.0,0.0
2024-05-20 12:00:00+09:00,560.0,560.0,555.0,556.0,4500,0.0,0.0
2024-05-20 13:00:00+09:00,553.0,555.0,551.0,553.0,1200,0.0,0.0
2024-05-20 14:00:00+09:00,552.0,556.0,552.0,556.0,500,0.0,0.0
2024-05-21 09:00:00+09:00,547.0,552.0,543.0,552.0,2000,0.0,0.0
2024-05-21 10:00:00+09:00,548.0,548.0,545.0,547.0,1200,0.0,0.0
2024-05-21 11:00:00+09:00,547.0,547.0,547.0,547.0,0,0.0,0.0
2024-05-21 12:00:00+09:00,547.0,547.0,547.0,547.0,3300,0.0,0.0
2024-05-21 13:00:00+09:00,544.0,546.0,535.0,535.0,6000,0.0,0.0
2024-05-21 14:00:00+09:00,534.0,534.0,528.0,532.0,2600,0.0,0.0
2024-05-22 09:00:00+09:00,530.0,537.0,525.0,537.0,3700,0.0,0.0
2024-05-22 10:00:00+09:00,533.0,533.0,533.0,533.0,100,0.0,0.0
2024-05-22 11:00:00+09:00,528.0,532.0,527.0,527.0,0,0.0,0.0
2024-05-22 12:00:00+09:00,531.0,531.0,531.0,531.0,5000,0.0,0.0
2024-05-22 13:00:00+09:00,527.0,530.0,525.0,530.0,2000,0.0,0.0
2024-05-22 14:00:00+09:00,525.0,527.0,522.0,527.0,800,0.0,0.0
2024-05-23 09:00:00+09:00,532.0,534.0,527.0,534.0,1100,0.0,0.0
2024-05-23 10:00:00+09:00,528.0,535.0,526.0,532.0,2600,0.0,0.0
2024-05-23 11:00:00+09:00,526.0,526.0,526.0,526.0,0,0.0,0.0
2024-05-23 12:00:00+09:00,526.0,532.0,526.0,529.0,4200,0.0,0.0
2024-05-23 14:00:00+09:00,529.0,531.0,529.0,529.0,600,0.0,0.0
2024-05-24 09:00:00+09:00,529.0,530.0,525.0,530.0,6200,0.0,0.0
2024-05-24 10:00:00+09:00,529.0,530.0,529.0,530.0,800,0.0,0.0
2024-05-24 11:00:00+09:00,530.0,539.0,527.0,537.0,0,0.0,0.0
2024-05-24 12:00:00+09:00,544.0,545.0,540.0,544.0,17500,0.0,0.0
2024-05-24 14:00:00+09:00,543.0,547.0,543.0,547.0,900,0.0,0.0
2024-05-27 09:00:00+09:00,549.0,549.0,549.0,549.0,1700,0.0,0.0
2024-05-27 11:00:00+09:00,549.0,549.0,549.0,549.0,0,0.0,0.0
2024-05-27 12:00:00+09:00,550.0,550.0,550.0,550.0,2600,0.0,0.0
2024-05-27 14:00:00+09:00,548.0,549.0,540.0,549.0,2000,0.0,0.0
2024-05-28 09:00:00+09:00,544.0,544.0,544.0,544.0,200,0.0,0.0
2024-05-28 10:00:00+09:00,543.0,546.0,543.0,546.0,200,0.0,0.0
2024-05-28 11:00:00+09:00,546.0,546.0,546.0,546.0,0,0.0,0.0
2024-05-28 12:00:00+09:00,543.0,547.0,543.0,547.0,800,0.0,0.0
2024-05-28 14:00:00+09:00,543.0,545.0,543.0,545.0,300,0.0,0.0
2024-05-29 09:00:00+09:00,543.0,543.0,543.0,543.0,100,0.0,0.0
2024-05-29 10:00:00+09:00,547.0,549.0,542.0,542.0,1100,0.0,0.0
2024-05-29 11:00:00+09:00,542.0,542.0,542.0,542.0,0,0.0,0.0
2024-05-29 12:00:00+09:00,547.0,547.0,547.0,547.0,1500,0.0,0.0
2024-05-29 13:00:00+09:00,542.0,549.0,542.0,549.0,600,0.0,0.0
2024-05-29 14:00:00+09:00,549.0,549.0,544.0,546.0,600,0.0,0.0
2024-05-30 09:00:00+09:00,544.0,547.0,533.0,547.0,4400,0.0,0.0
2024-05-30 11:00:00+09:00,546.0,546.0,546.0,546.0,0,0.0,0.0
2024-05-30 14:00:00+09:00,546.0,546.0,546.0,546.0,4700,0.0,0.0
2024-05-31 09:00:00+09:00,547.0,551.0,547.0,551.0,200,0.0,0.0
2024-05-31 10:00:00+09:00,551.0,555.0,549.0,550.0,800,0.0,0.0
2024-05-31 11:00:00+09:00,551.0,557.0,551.0,557.0,0,0.0,0.0
2024-05-31 12:00:00+09:00,554.0,557.0,554.0,554.0,1500,0.0,0.0
2024-05-31 13:00:00+09:00,553.0,553.0,553.0,553.0,200,0.0,0.0
2024-05-31 14:00:00+09:00,552.0,555.0,548.0,555.0,800,0.0,0.0
2024-06-03 09:00:00+09:00,554.0,554.0,546.0,546.0,500,0.0,0.0
2024-06-03 10:00:00+09:00,550.0,550.0,549.0,549.0,200,0.0,0.0
2024-06-03 11:00:00+09:00,549.0,549.0,549.0,549.0,0,0.0,0.0
2024-06-03 14:00:00+09:00,547.0,548.0,547.0,548.0,900,0.0,0.0
2024-06-04 09:00:00+09:00,545.0,545.0,545.0,545.0,100,0.0,0.0
2024-06-04 11:00:00+09:00,545.0,545.0,545.0,545.0,0,0.0,0.0
2024-06-04 12:00:00+09:00,542.0,542.0,542.0,542.0,200,0.0,0.0
2024-06-04 13:00:00+09:00,541.0,544.0,541.0,544.0,200,0.0,0.0
2024-06-05 09:00:00+09:00,539.0,545.0,539.0,545.0,700,0.0,0.0
2024-06-05 11:00:00+09:00,545.0,545.0,545.0,545.0,0,0.0,0.0
2024-06-05 12:00:00+09:00,538.0,542.0,538.0,542.0,1000,0.0,0.0
2024-06-06 09:00:00+09:00,535.0,539.0,533.0,539.0,1800,0.0,0.0
2024-06-06 10:00:00+09:00,537.0,538.0,537.0,538.0,700,0.0,0.0
2024-06-06 11:00:00+09:00,533.0,538.0,533.0,538.0,0,0.0,0.0
2024-06-06 12:00:00+09:00,532.0,532.0,530.0,530.0,3500,0.0,0.0
2024-06-06 13:00:00+09:00,529.0,531.0,529.0,531.0,200,0.0,0.0
2024-06-06 14:00:00+09:00,528.0,528.0,527.0,527.0,500,0.0,0.0
2024-06-07 09:00:00+09:00,529.0,529.0,529.0,529.0,1700,0.0,0.0
2024-06-07 11:00:00+09:00,528.0,528.0,528.0,528.0,0,0.0,0.0
2024-06-07 12:00:00+09:00,522.0,527.0,522.0,527.0,2500,0.0,0.0
2024-06-07 14:00:00+09:00,526.0,527.0,526.0,527.0,300,0.0,0.0
2024-06-10 09:00:00+09:00,520.0,525.0,520.0,525.0,1700,0.0,0.0
2024-06-10 10:00:00+09:00,524.0,524.0,519.0,524.0,300,0.0,0.0
2024-06-10 11:00:00+09:00,524.0,524.0,524.0,524.0,0,0.0,0.0
2024-06-10 12:00:00+09:00,517.0,522.0,517.0,522.0,2800,0.0,0.0
2024-06-10 14:00:00+09:00,521.0,522.0,521.0,522.0,200,0.0,0.0
2024-06-11 09:00:00+09:00,522.0,522.0,522.0,522.0,200,0.0,0.0
2024-06-11 10:00:00+09:00,522.0,522.0,522.0,522.0,200,0.0,0.0
2024-06-11 11:00:00+09:00,522.0,522.0,522.0,522.0,0,0.0,0.0
2024-06-11 12:00:00+09:00,522.0,522.0,522.0,522.0,500,0.0,0.0
2024-06-11 13:00:00+09:00,521.0,524.0,511.0,524.0,3000,0.0,0.0
2024-06-11 14:00:00+09:00,517.0,521.0,516.0,521.0,600,0.0,0.0
2024-06-12 09:00:00+09:00,520.0,523.0,520.0,523.0,1000,0.0,0.0
2024-06-12 11:00:00+09:00,520.0,520.0,520.0,520.0,0,0.0,0.0
2024-06-12 12:00:00+09:00,515.0,515.0,515.0,515.0,2200,0.0,0.0
2024-06-12 13:00:00+09:00,515.0,520.0,515.0,520.0,500,0.0,0.0
2024-06-12 14:00:00+09:00,521.0,523.0,521.0,523.0,700,0.0,0.0
2024-06-13 09:00:00+09:00,520.0,525.0,520.0,525.0,700,0.0,0.0
2024-06-13 11:00:00+09:00,521.0,521.0,521.0,521.0,0,0.0,0.0
2024-06-13 13:00:00+09:00,518.0,524.0,518.0,524.0,1000,0.0,0.0
2024-06-14 09:00:00+09:00,545.0,556.0,536.0,556.0,14000,0.0,0.0
2024-06-14 10:00:00+09:00,557.0,559.0,547.0,547.0,5700,0.0,0.0
2024-06-14 11:00:00+09:00,550.0,558.0,550.0,558.0,0,0.0,0.0
2024-06-14 12:00:00+09:00,560.0,560.0,552.0,555.0,25300,0.0,0.0
2024-06-14 13:00:00+09:00,556.0,564.0,556.0,558.0,2000,0.0,0.0
2024-06-14 14:00:00+09:00,558.0,562.0,558.0,560.0,1500,0.0,0.0
2024-06-17 09:00:00+09:00,560.0,560.0,554.0,554.0,900,0.0,0.0
2024-06-17 11:00:00+09:00,555.0,560.0,555.0,560.0,0,0.0,0.0
2024-06-17 12:00:00+09:00,555.0,556.0,555.0,556.0,2100,0.0,0.0
2024-06-17 14:00:00+09:00,556.0,556.0,556.0,556.0,200,0.0,0.0
2024-06-18 10:00:00+09:00,550.0,551.0,550.0,551.0,800,0.0,0.0
2024-06-18 11:00:00+09:00,551.0,551.0,551.0,551.0,0,0.0,0.0
2024-06-18 13:00:00+09:00,541.0,541.0,539.0,541.0,2900,0.0,0.0
2024-06-19 09:00:00+09:00,537.0,539.0,533.0,537.0,1700,0.0,0.0
2024-06-19 10:00:00+09:00,532.0,535.0,532.0,535.0,300,0.0,0.0
2024-06-19 11:00:00+09:00,535.0,535.0,535.0,535.0,0,0.0,0.0
2024-06-19 12:00:00+09:00,535.0,535.0,535.0,535.0,2100,0.0,0.0
2024-06-19 14:00:00+09:00,535.0,536.0,531.0,536.0,600,0.0,0.0
2024-06-20 09:00:00+09:00,538.0,544.0,538.0,544.0,500,0.0,0.0
2024-06-20 10:00:00+09:00,545.0,549.0,545.0,549.0,200,0.0,0.0
2024-06-20 11:00:00+09:00,545.0,551.0,545.0,551.0,0,0.0,0.0
2024-06-20 14:00:00+09:00,551.0,551.0,551.0,551.0,1000,0.0,0.0
2024-06-21 09:00:00+09:00,551.0,551.0,551.0,551.0,200,0.0,0.0
2024-06-21 11:00:00+09:00,551.0,551.0,551.0,551.0,0,0.0,0.0
2024-06-21 12:00:00+09:00,551.0,557.0,551.0,557.0,600,0.0,0.0
2024-06-21 13:00:00+09:00,562.0,562.0,562.0,562.0,100,0.0,0.0
2024-06-21 14:00:00+09:00,552.0,552.0,552.0,552.0,100,0.0,0.0
2024-06-24 09:00:00+09:00,561.0,562.0,561.0,562.0,600,0.0,0.0
2024-06-24 10:00:00+09:00,562.0,562.0,560.0,560.0,300,0.0,0.0
2024-06-24 11:00:00+09:00,558.0,558.0,558.0,558.0,0,0.0,0.0
2024-06-24 12:00:00+09:00,557.0,557.0,551.0,556.0,3100,0.0,0.0
2024-06-24 13:00:00+09:00,557.0,557.0,557.0,557.0,200,0.0,0.0
2024-06-24 14:00:00+09:00,560.0,560.0,559.0,559.0,300,0.0,0.0
2024-06-25 09:00:00+09:00,567.0,567.0,565.0,565.0,4700,0.0,0.0
2024-06-25 10:00:00+09:00,567.0,569.0,567.0,569.0,700,0.0,0.0
2024-06-25 11:00:00+09:00,570.0,571.0,570.0,571.0,0,0.0,0.0
2024-06-25 12:00:00+09:00,574.0,574.0,573.0,574.0,10700,0.0,0.0
2024-06-25 13:00:00+09:00,574.0,574.0,574.0,574.0,300,0.0,0.0
2024-06-25 14:00:00+09:00,572.0,573.0,572.0,573.0,200,0.0,0.0
2024-06-26 09:00:00+09:00,578.0,578.0,570.0,570.0,1400,0.0,0.0
2024-06-26 11:00:00+09:00,569.0,569.0,569.0,569.0,0,0.0,0.0
2024-06-26 12:00:00+09:00,575.0,575.0,575.0,575.0,2800,0.0,0.0
2024-06-26 14:00:00+09:00,571.0,571.0,569.0,569.0,1200,0.0,0.0
2024-06-27 09:00:00+09:00,569.0,569.0,569.0,569.0,200,0.0,0.0
2024-06-27 10:00:00+09:00,575.0,575.0,570.0,573.0,0,0.0,0.0
2024-06-27 11:00:00+09:00,571.0,572.0,567.0,567.0,0,0.0,0.0
2024-06-27 14:00:00+09:00,566.0,566.0,566.0,566.0,2400,0.0,0.0
2024-06-28 09:00:00+09:00,563.0,563.0,562.0,562.0,300,0.0,0.0
2024-06-28 11:00:00+09:00,562.0,562.0,562.0,562.0,0,0.0,0.0
2024-06-28 12:00:00+09:00,562.0,568.0,562.0,568.0,500,0.0,0.0
2024-06-28 14:00:00+09:00,559.0,559.0,557.0,557.0,500,0.0,0.0
2024-07-02 09:00:00+09:00,552.0,552.0,552.0,552.0,400,0.0,0.0
2024-07-02 11:00:00+09:00,552.0,552.0,552.0,552.0,0,0.0,0.0
2024-07-02 12:00:00+09:00,553.0,553.0,552.0,552.0,700,0.0,0.0
2024-07-02 14:00:00+09:00,551.0,551.0,551.0,551.0,300,0.0,0.0
2024-07-03 09:00:00+09:00,551.0,551.0,551.0,551.0,100,0.0,0.0
2024-07-03 11:00:00+09:00,551.0,551.0,551.0,551.0,0,0.0,0.0
2024-07-03 12:00:00+09:00,551.0,551.0,551.0,551.0,200,0.0,0.0
2024-07-03 13:00:00+09:00,548.0,548.0,548.0,548.0,100,0.0,0.0
2024-07-04 09:00:00+09:00,548.0,549.0,548.0,549.0,1100,0.0,0.0
2024-07-04 11:00:00+09:00,549.0,549.0,549.0,549.0,0,0.0,0.0
2024-07-04 12:00:00+09:00,548.0,548.0,548.0,548.0,1200,0.0,0.0
2024-07-04 13:00:00+09:00,549.0,550.0,549.0,550.0,800,0.0,0.0
2024-07-04 14:00:00+09:00,549.0,550.0,549.0,550.0,500,0.0,0.0
2024-07-05 09:00:00+09:00,540.0,540.0,539.0,539.0,0,0.0,0.0
2024-07-05 10:00:00+09:00,540.0,549.0,540.0,549.0,3400,0.0,0.0
2024-07-05 11:00:00+09:00,549.0,549.0,549.0,549.0,0,0.0,0.0
2024-07-05 12:00:00+09:00,549.0,549.0,549.0,549.0,3600,0.0,0.0
2024-07-05 13:00:00+09:00,550.0,550.0,550.0,550.0,400,0.0,0.0
2024-07-08 09:00:00+09:00,541.0,549.0,539.0,545.0,500,0.0,0.0
2024-07-08 11:00:00+09:00,550.0,551.0,543.0,543.0,0,0.0,0.0
2024-07-08 12:00:00+09:00,547.0,547.0,547.0,547.0,1300,0.0,0.0
2024-07-09 09:00:00+09:00,542.0,542.0,542.0,542.0,100,0.0,0.0
2024-07-09 11:00:00+09:00,542.0,542.0,542.0,542.0,0,0.0,0.0
2024-07-10 09:00:00+09:00,543.0,549.0,543.0,549.0,500,0.0,0.0
2024-07-10 11:00:00+09:00,549.0,549.0,549.0,549.0,0,0.0,0.0
2024-07-10 12:00:00+09:00,543.0,543.0,543.0,543.0,1200,0.0,0.0
2024-07-11 10:00:00+09:00,541.0,541.0,541.0,541.0,100,0.0,0.0
2024-07-11 11:00:00+09:00,541.0,541.0,541.0,541.0,0,0.0,0.0
2024-07-11 13:00:00+09:00,545.0,545.0,545.0,545.0,200,0.0,0.0
2024-07-11 14:00:00+09:00,546.0,549.0,546.0,549.0,2800,0.0,0.0
2024-07-12 11:00:00+09:00,540.0,540.0,540.0,540.0,100,0.0,0.0
2024-07-12 12:00:00+09:00,540.0,546.0,540.0,546.0,500,0.0,0.0
2024-07-12 14:00:00+09:00,550.0,551.0,550.0,551.0,1000,0.0,0.0
2024-07-16 09:00:00+09:00,551.0,551.0,551.0,551.0,1100,0.0,0.0
2024-07-16 10:00:00+09:00,551.0,551.0,550.0,551.0,1400,0.0,0.0
2024-07-16 11:00:00+09:00,551.0,551.0,551.0,551.0,0,0.0,0.0
2024-07-16 12:00:00+09:00,551.0,551.0,551.0,551.0,0,0.0,0.0
2024-07-16 13:00:00+09:00,556.0,557.0,556.0,557.0,3100,0.0,0.0
2024-07-16 14:00:00+09:00,561.0,561.0,561.0,561.0,200,0.0,0.0
2024-07-17 09:00:00+09:00,559.0,563.0,559.0,559.0,2800,0.0,0.0
2024-07-17 10:00:00+09:00,557.0,557.0,552.0,553.0,3000,0.0,0.0
2024-07-17 11:00:00+09:00,553.0,553.0,553.0,553.0,0,0.0,0.0
2024-07-17 12:00:00+09:00,556.0,556.0,555.0,555.0,6200,0.0,0.0
2024-07-17 14:00:00+09:00,553.0,553.0,552.0,552.0,300,0.0,0.0
2024-07-18 10:00:00+09:00,557.0,557.0,555.0,555.0,400,0.0,0.0
2024-07-18 11:00:00+09:00,554.0,554.0,554.0,554.0,0,0.0,0.0
2024-07-18 12:00:00+09:00,554.0,554.0,554.0,554.0,600,0.0,0.0
2024-07-19 09:00:00+09:00,557.0,557.0,556.0,556.0,1700,0.0,0.0
2024-07-19 10:00:00+09:00,552.0,552.0,551.0,551.0,300,0.0,0.0
2024-07-19 11:00:00+09:00,551.0,551.0,551.0,551.0,0,0.0,0.0
2024-07-19 14:00:00+09:00,551.0,551.0,545.0,548.0,4300,0.0,0.0
2024-07-22 09:00:00+09:00,557.0,560.0,550.0,550.0,3700,0.0,0.0
2024-07-22 10:00:00+09:00,548.0,548.0,548.0,548.0,800,0.0,0.0
2024-07-22 11:00:00+09:00,546.0,549.0,542.0,544.0,0,0.0,0.0
2024-07-22 12:00:00+09:00,547.0,547.0,546.0,547.0,11100,0.0,0.0
2024-07-22 13:00:00+09:00,547.0,549.0,546.0,546.0,1700,0.0,0.0
2024-07-22 14:00:00+09:00,546.0,551.0,546.0,551.0,900,0.0,0.0
2024-07-23 09:00:00+09:00,557.0,561.0,551.0,551.0,3600,0.0,0.0
2024-07-23 10:00:00+09:00,551.0,551.0,551.0,551.0,200,0.0,0.0
2024-07-23 11:00:00+09:00,551.0,551.0,550.0,550.0,0,0.0,0.0
2024-07-23 12:00:00+09:00,556.0,556.0,556.0,556.0,5200,0.0,0.0
2024-07-23 14:00:00+09:00,556.0,561.0,556.0,561.0,2500,0.0,0.0
2024-07-24 09:00:00+09:00,561.0,563.0,558.0,563.0,5300,0.0,0.0
2024-07-24 10:00:00+09:00,563.0,563.0,560.0,560.0,2100,0.0,0.0
2024-07-24 11:00:00+09:00,560.0,560.0,560.0,560.0,0,0.0,0.0
2024-07-24 12:00:00+09:00,558.0,558.0,557.0,557.0,7900,0.0,0.0
2024-07-24 14:00:00+09:00,558.0,558.0,558.0,558.0,400,0.0,0.0
2024-07-25 09:00:00+09:00,556.0,556.0,551.0,551.0,7600,0.0,0.0
2024-07-25 10:00:00+09:00,550.0,553.0,549.0,549.0,1800,0.0,0.0
2024-07-25 11:00:00+09:00,549.0,554.0,549.0,554.0,0,0.0,0.0
2024-07-25 12:00:00+09:00,563.0,563.0,554.0,554.0,18200,0.0,0.0
2024-07-25 13:00:00+09:00,555.0,556.0,555.0,555.0,400,0.0,0.0
2024-07-25 14:00:00+09:00,556.0,558.0,556.0,558.0,1100,0.0,0.0
2024-07-26 09:00:00+09:00,558.0,558.0,558.0,558.0,1900,0.0,0.0
2024-07-26 10:00:00+09:00,557.0,557.0,552.0,552.0,1000,0.0,0.0
2024-07-26 11:00:00+09:00,552.0,552.0,552.0,552.0,0,0.0,0.0
2024-07-26 12:00:00+09:00,556.0,556.0,556.0,556.0,4800,0.0,0.0
2024-07-26 13:00:00+09:00,554.0,554.0,554.0,554.0,100,0.0,0.0
2024-07-26 14:00:00+09:00,554.0,554.0,547.0,547.0,700,0.0,0.0
2024-07-29 09:00:00+09:00,549.0,550.0,549.0,550.0,700,0.0,0.0
2024-07-29 11:00:00+09:00,550.0,550.0,550.0,550.0,0,0.0,0.0
2024-07-29 13:00:00+09:00,548.0,550.0,548.0,550.0,1200,0.0,0.0
2024-07-30 10:00:00+09:00,534.0,549.0,534.0,541.0,1800,0.0,0.0
2024-07-30 11:00:00+09:00,546.0,549.0,546.0,549.0,0,0.0,0.0
2024-07-30 12:00:00+09:00,545.0,545.0,545.0,545.0,2200,0.0,0.0
2024-07-30 13:00:00+09:00,541.0,543.0,540.0,543.0,500,0.0,0.0
2024-07-31 10:00:00+09:00,542.0,549.0,542.0,549.0,400,0.0,0.0
2024-07-31 11:00:00+09:00,549.0,549.0,549.0,549.0,0,0.0,0.0
2024-07-31 12:00:00+09:00,549.0,549.0,549.0,549.0,500,0.0,0.0
2024-07-31 13:00:00+09:00,549.0,549.0,549.0,549.0,200,0.0,0.0
2024-07-31 14:00:00+09:00,541.0,548.0,540.0,548.0,500,0.0,0.0
2024-08-01 09:00:00+09:00,549.0,549.0,548.0,549.0,53500,0.0,0.0
2024-08-01 10:00:00+09:00,541.0,541.0,541.0,541.0,100,0.0,0.0
2024-08-01 11:00:00+09:00,541.0,541.0,541.0,541.0,0,0.0,0.0
2024-08-01 12:00:00+09:00,540.0,541.0,540.0,540.0,54000,0.0,0.0
2024-08-01 14:00:00+09:00,540.0,541.0,535.0,535.0,2000,0.0,0.0
2024-08-02 09:00:00+09:00,502.0,511.0,500.0,500.0,5600,0.0,0.0
2024-08-02 11:00:00+09:00,501.0,501.0,500.0,500.0,0,0.0,0.0
2024-08-02 12:00:00+09:00,500.0,500.0,500.0,500.0,6100,0.0,0.0
2024-08-02 13:00:00+09:00,500.0,501.0,500.0,501.0,300,0.0,0.0
2024-08-02 14:00:00+09:00,501.0,509.0,500.0,509.0,1000,0.0,0.0
2024-08-05 09:00:00+09:00,483.0,483.0,475.0,475.0,3200,0.0,0.0
2024-08-05 10:00:00+09:00,472.0,472.0,461.0,461.0,900,0.0,0.0
2024-08-05 11:00:00+09:00,461.0,461.0,461.0,461.0,0,0.0,0.0
2024-08-05 12:00:00+09:00,461.0,461.0,461.0,461.0,4300,0.0,0.0
2024-08-05 13:00:00+09:00,462.0,475.0,461.0,461.0,900,0.0,0.0
2024-08-05 14:00:00+09:00,461.0,466.0,424.0,424.0,3600,0.0,0.0
2024-08-06 09:00:00+09:00,480.0,501.0,480.0,480.0,0,0.0,0.0
2024-08-06 10:00:00+09:00,472.0,479.0,470.0,470.0,2200,0.0,0.0
2024-08-06 11:00:00+09:00,460.0,460.0,460.0,460.0,0,0.0,0.0
2024-08-06 12:00:00+09:00,452.0,459.0,449.0,449.0,3400,0.0,0.0
2024-08-06 13:00:00+09:00,449.0,457.0,448.0,457.0,0,0.0,0.0
2024-08-07 09:00:00+09:00,473.0,479.0,473.0,479.0,700,0.0,0.0
2024-08-07 10:00:00+09:00,478.0,480.0,478.0,480.0,900,0.0,0.0
2024-08-07 11:00:00+09:00,480.0,480.0,480.0,480.0,0,0.0,0.0
2024-08-07 12:00:00+09:00,462.0,462.0,462.0,462.0,3200,0.0,0.0
2024-08-07 13:00:00+09:00,464.0,480.0,464.0,480.0,600,0.0,0.0
2024-08-07 14:00:00+09:00,464.0,480.0,464.0,480.0,1600,0.0,0.0
2024-08-08 12:00:00+09:00,461.0,461.0,461.0,461.0,100,0.0,0.0
2024-08-08 13:00:00+09:00,462.0,480.0,461.0,480.0,0,0.0,0.0
2024-08-08 14:00:00+09:00,480.0,480.0,480.0,480.0,800,0.0,0.0
2024-08-09 09:00:00+09:00,473.0,484.0,453.0,453.0,6400,0.0,0.0
2024-08-09 10:00:00+09:00,461.0,477.0,453.0,453.0,3000,0.0,0.0
2024-08-09 11:00:00+09:00,461.0,467.0,460.0,467.0,0,0.0,0.0
2024-08-09 13:00:00+09:00,459.0,460.0,455.0,460.0,11400,0.0,0.0
2024-08-09 14:00:00+09:00,455.0,459.0,451.0,458.0,1700,0.0,0.0
2024-08-13 09:00:00+09:00,457.0,457.0,435.0,455.0,1200,0.0,0.0
2024-08-13 10:00:00+09:00,447.0,454.0,447.0,454.0,200,0.0,0.0
2024-08-13 11:00:00+09:00,454.0,454.0,454.0,454.0,0,0.0,0.0
2024-08-13 12:00:00+09:00,454.0,454.0,443.0,448.0,2500,0.0,0.0
2024-08-13 13:00:00+09:00,443.0,446.0,443.0,443.0,600,0.0,0.0
2024-08-13 14:00:00+09:00,449.0,454.0,449.0,454.0,300,0.0,0.0
2024-08-14 09:00:00+09:00,454.0,455.0,454.0,455.0,800,0.0,0.0
2024-08-14 10:00:00+09:00,455.0,457.0,455.0,455.0,300,0.0,0.0
2024-08-14 11:00:00+09:00,453.0,453.0,453.0,453.0,0,0.0,0.0
2024-08-14 12:00:00+09:00,453.0,453.0,444.0,453.0,2400,0.0,0.0
2024-08-14 13:00:00+09:00,451.0,453.0,445.0,453.0,1400,0.0,0.0
2024-08-14 14:00:00+09:00,445.0,453.0,444.0,453.0,900,0.0,0.0
2024-08-15 10:00:00+09:00,445.0,446.0,445.0,446.0,200,0.0,0.0
2024-08-15 11:00:00+09:00,446.0,446.0,446.0,446.0,0,0.0,0.0
2024-08-15 12:00:00+09:00,445.0,447.0,444.0,444.0,700,0.0,0.0
2024-08-15 13:00:00+09:00,444.0,444.0,444.0,444.0,100,0.0,0.0
2024-08-15 14:00:00+09:00,444.0,444.0,444.0,444.0,300,0.0,0.0
2024-08-16 09:00:00+09:00,446.0,476.0,445.0,460.0,8000,0.0,0.0
2024-08-16 10:00:00+09:00,464.0,505.0,461.0,492.0,8600,0.0,0.0
2024-08-16 11:00:00+09:00,491.0,498.0,472.0,480.0,0,0.0,0.0
2024-08-16 12:00:00+09:00,488.0,496.0,457.0,474.0,36900,0.0,0.0
2024-08-16 13:00:00+09:00,466.0,472.0,463.0,471.0,2500,0.0,0.0
2024-08-16 14:00:00+09:00,471.0,482.0,467.0,481.0,2100,0.0,0.0
2024-08-19 09:00:00+09:00,480.0,487.0,475.0,475.0,18700,0.0,0.0
2024-08-19 10:00:00+09:00,480.0,485.0,480.0,482.0,2300,0.0,0.0
2024-08-19 11:00:00+09:00,482.0,482.0,482.0,482.0,0,0.0,0.0
2024-08-19 12:00:00+09:00,480.0,482.0,480.0,482.0,21200,0.0,0.0
2024-08-19 13:00:00+09:00,480.0,480.0,478.0,480.0,600,0.0,0.0
2024-08-19 14:00:00+09:00,478.0,478.0,472.0,474.0,2700,0.0,0.0
2024-08-20 09:00:00+09:00,476.0,484.0,475.0,478.0,5300,0.0,0.0
2024-08-20 10:00:00+09:00,473.0,473.0,473.0,473.0,100,0.0,0.0
2024-08-20 11:00:00+09:00,473.0,473.0,473.0,473.0,0,0.0,0.0
2024-08-20 12:00:00+09:00,473.0,476.0,473.0,476.0,5600,0.0,0.0
2024-08-20 13:00:00+09:00,474.0,480.0,474.0,480.0,600,0.0,0.0
2024-08-20 14:00:00+09:00,479.0,481.0,468.0,476.0,6800,0.0,0.0
2024-08-21 10:00:00+09:00,469.0,478.0,469.0,478.0,2200,0.0,0.0
2024-08-21 11:00:00+09:00,471.0,480.0,469.0,480.0,0,0.0,0.0
2024-08-21 13:00:00+09:00,472.0,477.0,472.0,477.0,5900,0.0,0.0
2024-08-21 14:00:00+09:00,477.0,477.0,475.0,475.0,300,0.0,0.0
2024-08-22 09:00:00+09:00,481.0,481.0,478.0,479.0,800,0.0,0.0
2024-08-22 10:00:00+09:00,480.0,480.0,477.0,479.0,400,0.0,0.0
2024-08-22 11:00:00+09:00,479.0,479.0,479.0,479.0,0,0.0,0.0
2024-08-22 12:00:00+09:00,478.0,479.0,477.0,477.0,1600,0.0,0.0
2024-08-22 13:00:00+09:00,477.0,479.0,476.0,479.0,800,0.0,0.0
2024-08-22 14:00:00+09:00,478.0,480.0,476.0,480.0,3400,0.0,0.0
2024-08-23 09:00:00+09:00,488.0,495.0,487.0,495.0,5200,0.0,0.0
2024-08-23 10:00:00+09:00,496.0,498.0,491.0,493.0,3300,0.0,0.0
2024-08-23 11:00:00+09:00,495.0,496.0,494.0,496.0,0,0.0,0.0
2024-08-23 12:00:00+09:00,499.0,505.0,499.0,505.0,16700,0.0,0.0
2024-08-23 13:00:00+09:00,505.0,505.0,504.0,504.0,300,0.0,0.0
2024-08-23 14:00:00+09:00,502.0,502.0,499.0,499.0,200,0.0,0.0
2024-08-26 09:00:00+09:00,506.0,506.0,498.0,498.0,1500,0.0,0.0
2024-08-26 10:00:00+09:00,498.0,498.0,498.0,498.0,300,0.0,0.0
2024-08-26 11:00:00+09:00,498.0,498.0,495.0,495.0,0,0.0,0.0
2024-08-26 12:00:00+09:00,503.0,503.0,503.0,503.0,3000,0.0,0.0
2024-08-26 13:00:00+09:00,498.0,498.0,495.0,495.0,1000,0.0,0.0
2024-08-26 14:00:00+09:00,491.0,491.0,491.0,491.0,100,0.0,0.0
2024-08-27 09:00:00+09:00,491.0,491.0,469.0,484.0,3700,0.0,0.0
2024-08-27 10:00:00+09:00,490.0,516.0,490.0,509.0,4600,0.0,0.0
2024-08-27 11:00:00+09:00,503.0,503.0,503.0,503.0,0,0.0,0.0
2024-08-27 12:00:00+09:00,502.0,507.0,497.0,507.0,9400,0.0,0.0
2024-08-27 14:00:00+09:00,506.0,506.0,505.0,505.0,300,0.0,0.0
2024-08-28 09:00:00+09:00,501.0,501.0,498.0,498.0,1200,0.0,0.0
2024-08-28 11:00:00+09:00,499.0,499.0,499.0,499.0,0,0.0,0.0
2024-08-28 12:00:00+09:00,498.0,498.0,498.0,498.0,1400,0.0,0.0
2024-08-28 13:00:00+09:00,498.0,498.0,498.0,498.0,100,0.0,0.0
2024-08-28 14:00:00+09:00,499.0,500.0,497.0,497.0,800,0.0,0.0
2024-08-29 09:00:00+09:00,494.0,502.0,492.0,492.0,300,0.0,0.0
2024-08-29 11:00:00+09:00,492.0,492.0,492.0,492.0,0,0.0,0.0
2024-08-29 12:00:00+09:00,492.0,501.0,492.0,501.0,600,0.0,0.0
2024-08-29 14:00:00+09:00,499.0,499.0,499.0,499.0,100,0.0,0.0
2024-08-30 09:00:00+09:00,496.0,496.0,493.0,493.0,400,0.0,0.0
2024-08-30 10:00:00+09:00,492.0,492.0,489.0,489.0,200,0.0,0.0
2024-08-30 11:00:00+09:00,489.0,489.0,489.0,489.0,0,0.0,0.0
2024-08-30 12:00:00+09:00,492.0,498.0,492.0,498.0,800,0.0,0.0
2024-08-30 13:00:00+09:00,492.0,492.0,490.0,490.0,200,0.0,0.0
2024-08-30 14:00:00+09:00,490.0,490.0,490.0,490.0,200,0.0,0.0
2024-09-02 09:00:00+09:00,492.0,492.0,480.0,480.0,0,0.0,0.0
2024-09-02 10:00:00+09:00,480.0,480.0,477.0,480.0,2300,0.0,0.0
2024-09-02 11:00:00+09:00,480.0,480.0,476.0,479.0,0,0.0,0.0
2024-09-02 13:00:00+09:00,481.0,481.0,481.0,481.0,3200,0.0,0.0
2024-09-02 14:00:00+09:00,478.0,478.0,478.0,478.0,100,0.0,0.0
2024-09-03 09:00:00+09:00,480.0,480.0,480.0,480.0,200,0.0,0.0
2024-09-03 11:00:00+09:00,480.0,480.0,480.0,480.0,0,0.0,0.0
2024-09-03 12:00:00+09:00,482.0,482.0,482.0,482.0,400,0.0,0.0
2024-09-04 09:00:00+09:00,481.0,481.0,478.0,478.0,700,0.0,0.0
2024-09-04 11:00:00+09:00,478.0,478.0,478.0,478.0,0,0.0,0.0
2024-09-04 12:00:00+09:00,480.0,483.0,478.0,483.0,2400,0.0,0.0
2024-09-04 14:00:00+09:00,480.0,480.0,480.0,480.0,300,0.0,0.0
2024-09-06 09:00:00+09:00,475.0,480.0,473.0,480.0,1800,0.0,0.0
2024-09-06 10:00:00+09:00,481.0,481.0,474.0,480.0,1200,0.0,0.0
2024-09-06 11:00:00+09:00,480.0,480.0,480.0,480.0,0,0.0,0.0
2024-09-06 12:00:00+09:00,481.0,481.0,481.0,481.0,3100,0.0,0.0
2024-09-09 09:00:00+09:00,482.0,482.0,470.0,472.0,1600,0.0,0.0
2024-09-09 11:00:00+09:00,472.0,472.0,472.0,472.0,0,0.0,0.0
2024-09-09 12:00:00+09:00,472.0,488.0,472.0,488.0,2200,0.0,0.0
2024-09-09 13:00:00+09:00,480.0,480.0,472.0,480.0,300,0.0,0.0
2024-09-09 14:00:00+09:00,473.0,480.0,473.0,480.0,400,0.0,0.0
2024-09-10 09:00:00+09:00,480.0,480.0,480.0,480.0,100,0.0,0.0
2024-09-10 10:00:00+09:00,473.0,479.0,472.0,479.0,1300,0.0,0.0
2024-09-10 11:00:00+09:00,479.0,479.0,479.0,479.0,0,0.0,0.0
2024-09-10 12:00:00+09:00,473.0,473.0,473.0,473.0,1500,0.0,0.0
2024-09-10 13:00:00+09:00,474.0,479.0,474.0,479.0,600,0.0,0.0
2024-09-11 09:00:00+09:00,479.0,479.0,478.0,478.0,200,0.0,0.0
2024-09-11 11:00:00+09:00,473.0,478.0,473.0,478.0,0,0.0,0.0
2024-09-11 14:00:00+09:00,473.0,476.0,473.0,476.0,700,0.0,0.0
2024-09-12 11:00:00+09:00,471.0,477.0,471.0,477.0,700,0.0,0.0
2024-09-12 12:00:00+09:00,477.0,478.0,477.0,478.0,1200,0.0,0.0
2024-09-12 13:00:00+09:00,474.0,476.0,474.0,476.0,200,0.0,0.0
2024-09-12 14:00:00+09:00,475.0,480.0,475.0,480.0,2800,0.0,0.0
2024-09-13 09:00:00+09:00,484.0,484.0,476.0,476.0,1600,0.0,0.0
2024-09-13 11:00:00+09:00,476.0,476.0,476.0,476.0,0,0.0,0.0
2024-09-13 12:00:00+09:00,477.0,477.0,477.0,477.0,1700,0.0,0.0
2024-09-13 13:00:00+09:00,478.0,480.0,478.0,480.0,200,0.0,0.0
2024-09-17 09:00:00+09:00,474.0,475.0,470.0,475.0,2200,0.0,0.0
2024-09-17 11:00:00+09:00,475.0,475.0,475.0,475.0,0,0.0,0.0
2024-09-17 12:00:00+09:00,474.0,474.0,474.0,474.0,2400,0.0,0.0
2024-09-18 09:00:00+09:00,472.0,472.0,471.0,471.0,500,0.0,0.0
2024-09-18 10:00:00+09:00,467.0,472.0,467.0,472.0,300,0.0,0.0
2024-09-18 11:00:00+09:00,472.0,472.0,472.0,472.0,0,0.0,0.0
2024-09-18 12:00:00+09:00,464.0,464.0,464.0,464.0,1000,0.0,0.0
2024-09-19 09:00:00+09:00,466.0,480.0,466.0,472.0,500,0.0,0.0
2024-09-19 11:00:00+09:00,469.0,477.0,469.0,477.0,0,0.0,0.0
2024-09-19 12:00:00+09:00,477.0,477.0,477.0,477.0,800,0.0,0.0
2024-09-19 14:00:00+09:00,472.0,480.0,472.0,475.0,1400,0.0,0.0
2024-09-20 09:00:00+09:00,482.0,482.0,467.0,480.0,1400,0.0,0.0
2024-09-20 11:00:00+09:00,480.0,480.0,480.0,480.0,0,0.0,0.0
2024-09-20 12:00:00+09:00,474.0,480.0,473.0,473.0,1700,0.0,0.0
2024-09-20 13:00:00+09:00,479.0,480.0,479.0,480.0,700,0.0,0.0
2024-09-20 14:00:00+09:00,482.0,483.0,476.0,480.0,2100,0.0,0.0
2024-09-24 09:00:00+09:00,486.0,487.0,486.0,487.0,2000,0.0,0.0
2024-09-24 10:00:00+09:00,486.0,486.0,480.0,480.0,1500,0.0,0.0
2024-09-24 11:00:00+09:00,480.0,480.0,480.0,480.0,0,0.0,0.0
2024-09-24 12:00:00+09:00,487.0,493.0,487.0,493.0,4500,0.0,0.0
2024-09-24 13:00:00+09:00,492.0,492.0,492.0,492.0,100,0.0,0.0
2024-09-24 14:00:00+09:00,493.0,499.0,493.0,499.0,2800,0.0,0.0
2024-09-25 09:00:00+09:00,497.0,498.0,497.0,497.0,8400,0.0,0.0
2024-09-25 10:00:00+09:00,496.0,496.0,491.0,491.0,2800,0.0,0.0
2024-09-25 11:00:00+09:00,492.0,495.0,491.0,495.0,0,0.0,0.0
2024-09-25 12:00:00+09:00,495.0,495.0,490.0,490.0,17500,0.0,0.0
2024-09-25 14:00:00+09:00,491.0,492.0,490.0,492.0,500,0.0,0.0
2024-09-26 09:00:00+09:00,494.0,494.0,481.0,481.0,3700,0.0,0.0
2024-09-26 10:00:00+09:00,483.0,483.0,482.0,482.0,300,0.0,0.0
2024-09-26 11:00:00+09:00,482.0,482.0,481.0,481.0,0,0.0,0.0
2024-09-26 12:00:00+09:00,487.0,487.0,487.0,487.0,5500,0.0,0.0
2024-09-26 14:00:00+09:00,483.0,483.0,483.0,483.0,200,0.0,0.0
2024-09-27 09:00:00+09:00,473.0,480.0,473.0,480.0,1700,0.0,0.0
2024-09-27 10:00:00+09:00,475.0,479.0,474.0,474.0,500,0.0,0.0
2024-09-27 11:00:00+09:00,474.0,474.0,474.0,474.0,0,0.0,0.0
2024-09-27 12:00:00+09:00,480.0,480.0,480.0,480.0,2300,0.0,0.0
2024-09-27 13:00:00+09:00,481.0,481.0,480.0,480.0,200,0.0,0.0
2024-09-27 14:00:00+09:00,480.0,480.0,480.0,480.0,100,0.0,0.0
2024-09-30 09:00:00+09:00,488.0,488.0,480.0,480.0,1800,0.0,0.0
2024-09-30 10:00:00+09:00,486.0,487.0,486.0,487.0,300,0.0,0.0
2024-09-30 11:00:00+09:00,486.0,489.0,486.0,489.0,0,0.0,0.0
2024-09-30 12:00:00+09:00,489.0,489.0,489.0,489.0,2500,0.0,0.0
2024-09-30 13:00:00+09:00,489.0,489.0,489.0,489.0,100,0.0,0.0
2024-09-30 14:00:00+09:00,488.0,488.0,488.0,488.0,100,0.0,0.0
2024-10-01 09:00:00+09:00,492.0,492.0,488.0,488.0,500,0.0,0.0
2024-10-01 11:00:00+09:00,488.0,488.0,488.0,488.0,0,0.0,0.0
2024-10-01 12:00:00+09:00,489.0,489.0,489.0,489.0,600,0.0,0.0
2024-10-01 13:00:00+09:00,487.0,487.0,487.0,487.0,100,0.0,0.0
2024-10-02 12:00:00+09:00,490.0,490.0,490.0,490.0,100,0.0,0.0
2024-10-02 14:00:00+09:00,486.0,486.0,486.0,486.0,300,0.0,0.0
2024-10-03 09:00:00+09:00,486.0,488.0,478.0,485.0,1000,0.0,0.0
2024-10-03 10:00:00+09:00,481.0,481.0,481.0,481.0,100,0.0,0.0
2024-10-03 11:00:00+09:00,481.0,481.0,481.0,481.0,0,0.0,0.0
2024-10-03 12:00:00+09:00,487.0,487.0,487.0,487.0,1200,0.0,0.0
2024-10-03 14:00:00+09:00,486.0,488.0,482.0,488.0,1200,0.0,0.0
2024-10-04 09:00:00+09:00,485.0,485.0,465.0,472.0,9000,0.0,0.0
2024-10-04 10:00:00+09:00,474.0,479.0,472.0,479.0,2000,0.0,0.0
2024-10-04 11:00:00+09:00,485.0,485.0,473.0,473.0,0,0.0,0.0
2024-10-04 12:00:00+09:00,480.0,486.0,480.0,486.0,12800,0.0,0.0
2024-10-04 14:00:00+09:00,481.0,481.0,481.0,481.0,100,0.0,0.0
2024-10-07 09:00:00+09:00,481.0,481.0,481.0,481.0,100,0.0,0.0
2024-10-07 11:00:00+09:00,480.0,480.0,472.0,472.0,0,0.0,0.0
2024-10-07 12:00:00+09:00,480.0,482.0,480.0,482.0,600,0.0,0.0
2024-10-07 14:00:00+09:00,482.0,482.0,482.0,482.0,100,0.0,0.0
2024-10-08 11:00:00+09:00,474.0,474.0,474.0,474.0,1000,0.0,0.0
2024-10-08 12:00:00+09:00,478.0,480.0,473.0,480.0,1700,0.0,0.0
2024-10-08 14:00:00+09:00,479.0,480.0,473.0,480.0,1800,0.0,0.0
2024-10-09 09:00:00+09:00,475.0,475.0,475.0,475.0,200,0.0,0.0
2024-10-09 10:00:00+09:00,472.0,480.0,472.0,480.0,200,0.0,0.0
2024-10-09 11:00:00+09:00,480.0,480.0,480.0,480.0,0,0.0,0.0
2024-10-09 13:00:00+09:00,480.0,480.0,480.0,480.0,1100,0.0,0.0
2024-10-10 13:00:00+09:00,480.0,480.0,480.0,480.0,200,0.0,0.0
2024-10-10 14:00:00+09:00,483.0,483.0,483.0,483.0,100,0.0,0.0
2024-10-11 12:00:00+09:00,480.0,480.0,480.0,480.0,200,0.0,0.0
2024-10-11 14:00:00+09:00,477.0,480.0,477.0,480.0,200,0.0,0.0
2024-10-15 09:00:00+09:00,482.0,482.0,476.0,476.0,300,0.0,0.0
2024-10-15 11:00:00+09:00,476.0,476.0,476.0,476.0,0,0.0,0.0
2024-10-15 12:00:00+09:00,480.0,480.0,480.0,480.0,800,0.0,0.0
2024-10-15 14:00:00+09:00,484.0,484.0,484.0,484.0,100,0.0,0.0
2024-10-16 09:00:00+09:00,472.0,472.0,472.0,472.0,1400,0.0,0.0
2024-10-16 10:00:00+09:00,480.0,481.0,480.0,481.0,300,0.0,0.0
2024-10-16 11:00:00+09:00,481.0,481.0,481.0,481.0,0,0.0,0.0
2024-10-16 13:00:00+09:00,476.0,484.0,476.0,484.0,2000,0.0,0.0
2024-10-17 09:00:00+09:00,481.0,481.0,477.0,477.0,200,0.0,0.0
2024-10-17 11:00:00+09:00,477.0,477.0,477.0,477.0,0,0.0,0.0
2024-10-18 09:00:00+09:00,492.0,492.0,483.0,483.0,1600,0.0,0.0
2024-10-18 10:00:00+09:00,486.0,492.0,486.0,492.0,200,0.0,0.0
2024-10-18 11:00:00+09:00,488.0,488.0,477.0,477.0,0,0.0,0.0
2024-10-18 14:00:00+09:00,485.0,490.0,485.0,490.0,3200,0.0,0.0
