Datetime,Open,High,Low,Close,Volume,Dividends,Stock Splits
2022-10-20 09:00:00+09:00,3415.0,3475.0,3415.0,3465.0,22200,0.0,0.0
2022-10-20 10:00:00+09:00,3465.0,3465.0,3455.0,3460.0,8400,0.0,0.0
2022-10-20 11:00:00+09:00,3460.0,3460.0,3455.0,3455.0,0,0.0,0.0
2022-10-20 12:00:00+09:00,3435.0,3450.0,3435.0,3450.0,43900,0.0,0.0
2022-10-20 13:00:00+09:00,3450.0,3465.0,3450.0,3460.0,10800,0.0,0.0
2022-10-20 14:00:00+09:00,3465.0,3470.0,3455.0,3455.0,16800,0.0,0.0
2022-10-21 09:00:00+09:00,3460.0,3485.0,3460.0,3480.0,0,0.0,0.0
2022-10-21 10:00:00+09:00,3475.0,3475.0,3465.0,3475.0,17800,0.0,0.0
2022-10-21 11:00:00+09:00,3475.0,3480.0,3475.0,3475.0,0,0.0,0.0
2022-10-21 12:00:00+09:00,3475.0,3480.0,3475.0,3475.0,27200,0.0,0.0
2022-10-21 13:00:00+09:00,3475.0,3480.0,3465.0,3465.0,2300,0.0,0.0
2022-10-21 14:00:00+09:00,3465.0,3465.0,3430.0,3445.0,23000,0.0,0.0
2022-10-24 09:00:00+09:00,3485.0,3490.0,3470.0,3485.0,15300,0.0,0.0
2022-10-24 10:00:00+09:00,3485.0,3490.0,3470.0,3490.0,14300,0.0,0.0
2022-10-24 11:00:00+09:00,3485.0,3490.0,3480.0,3485.0,0,0.0,0.0
2022-10-24 12:00:00+09:00,3475.0,3485.0,3470.0,3485.0,45400,0.0,0.0
2022-10-24 13:00:00+09:00,3480.0,3485.0,3475.0,3475.0,13300,0.0,0.0
2022-10-24 14:00:00+09:00,3475.0,3475.0,3470.0,3475.0,7900,0.0,0.0
2022-10-25 09:00:00+09:00,3525.0,3530.0,3495.0,3500.0,20900,0.0,0.0
2022-10-25 10:00:00+09:00,3500.0,3500.0,3490.0,3500.0,8900,0.0,0.0
2022-10-25 11:00:00+09:00,3495.0,3495.0,3490.0,3490.0,0,0.0,0.0
2022-10-25 12:00:00+09:00,3510.0,3510.0,3495.0,3510.0,45400,0.0,0.0
2022-10-25 13:00:00+09:00,3510.0,3510.0,3485.0,3485.0,12600,0.0,0.0
2022-10-25 14:00:00+09:00,3490.0,3490.0,3485.0,3485.0,17200,0.0,0.0
2022-10-26 09:00:00+09:00,3530.0,3560.0,3520.0,3550.0,23800,0.0,0.0
2022-10-26 10:00:00+09:00,3545.0,3550.0,3535.0,3535.0,14600,0.0,0.0
2022-10-26 11:00:00+09:00,3540.0,3550.0,3540.0,3545.0,0,0.0,0.0
2022-10-26 12:00:00+09:00,3535.0,3540.0,3520.0,3535.0,55300,0.0,0.0
2022-10-26 13:00:00+09:00,3530.0,3540.0,3520.0,3535.0,8600,0.0,0.0
2022-10-26 14:00:00+09:00,3530.0,3535.0,3525.0,3535.0,10800,0.0,0.0
2022-10-27 09:00:00+09:00,3510.0,3515.0,3465.0,3470.0,25600,0.0,0.0
2022-10-27 10:00:00+09:00,3475.0,3495.0,3475.0,3495.0,12000,0.0,0.0
2022-10-27 11:00:00+09:00,3495.0,3500.0,3495.0,3495.0,0,0.0,0.0
2022-10-27 12:00:00+09:00,3485.0,3500.0,3475.0,3490.0,54000,0.0,0.0
2022-10-27 13:00:00+09:00,3490.0,3500.0,3490.0,3490.0,8200,0.0,0.0
2022-10-27 14:00:00+09:00,3495.0,3495.0,3485.0,3485.0,14600,0.0,0.0
2022-10-28 09:00:00+09:00,3470.0,3485.0,3455.0,3480.0,30100,0.0,0.0
2022-10-28 10:00:00+09:00,3480.0,3505.0,3475.0,3505.0,18700,0.0,0.0
2022-10-28 11:00:00+09:00,3505.0,3510.0,3495.0,3500.0,0,0.0,0.0
2022-10-28 12:00:00+09:00,3505.0,3505.0,3475.0,3495.0,73300,0.0,0.0
2022-10-28 13:00:00+09:00,3495.0,3500.0,3480.0,3500.0,22000,0.0,0.0
2022-10-28 14:00:00+09:00,3500.0,3510.0,3495.0,3500.0,47000,0.0,0.0
2022-10-31 09:00:00+09:00,3510.0,3555.0,3510.0,3540.0,0,0.0,0.0
2022-10-31 10:00:00+09:00,3525.0,3555.0,3525.0,3550.0,24000,0.0,0.0
2022-10-31 11:00:00+09:00,3545.0,3555.0,3540.0,3545.0,0,0.0,0.0
2022-10-31 12:00:00+09:00,3560.0,3560.0,3525.0,3530.0,69800,0.0,0.0
2022-10-31 13:00:00+09:00,3530.0,3535.0,3525.0,3530.0,10700,0.0,0.0
2022-10-31 14:00:00+09:00,3530.0,3545.0,3515.0,3535.0,38100,0.0,0.0
2022-11-01 09:00:00+09:00,3540.0,3590.0,3505.0,3540.0,42700,0.0,0.0
2022-11-01 10:00:00+09:00,3540.0,3560.0,3540.0,3545.0,25200,0.0,0.0
2022-11-01 11:00:00+09:00,3540.0,3545.0,3535.0,3545.0,0,0.0,0.0
2022-11-01 12:00:00+09:00,3550.0,3550.0,3535.0,3540.0,86500,0.0,0.0
2022-11-01 13:00:00+09:00,3535.0,3535.0,3500.0,3505.0,15000,0.0,0.0
2022-11-01 14:00:00+09:00,3505.0,3515.0,3500.0,3510.0,25600,0.0,0.0
2022-11-02 09:00:00+09:00,3480.0,3495.0,3435.0,3490.0,32600,0.0,0.0
2022-11-02 10:00:00+09:00,3490.0,3515.0,3485.0,3515.0,15300,0.0,0.0
2022-11-02 11:00:00+09:00,3515.0,3520.0,3515.0,3515.0,0,0.0,0.0
2022-11-02 12:00:00+09:00,3520.0,3525.0,3500.0,3500.0,62300,0.0,0.0
2022-11-02 13:00:00+09:00,3495.0,3515.0,3470.0,3515.0,18300,0.0,0.0
2022-11-02 14:00:00+09:00,3515.0,3530.0,3510.0,3520.0,22800,0.0,0.0
2022-11-04 09:00:00+09:00,3465.0,3505.0,3460.0,3475.0,0,0.0,0.0
2022-11-04 10:00:00+09:00,3475.0,3475.0,3455.0,3455.0,12300,0.0,0.0
2022-11-04 11:00:00+09:00,3455.0,3460.0,3445.0,3460.0,0,0.0,0.0
2022-11-04 12:00:00+09:00,3465.0,3475.0,3460.0,3475.0,60200,0.0,0.0
2022-11-04 13:00:00+09:00,3475.0,3480.0,3465.0,3480.0,13800,0.0,0.0
2022-11-04 14:00:00+09:00,3480.0,3485.0,3470.0,3480.0,20200,0.0,0.0
2022-11-07 09:00:00+09:00,3475.0,3485.0,3445.0,3475.0,0,0.0,0.0
2022-11-07 10:00:00+09:00,3475.0,3510.0,3475.0,3505.0,13600,0.0,0.0
2022-11-07 11:00:00+09:00,3505.0,3505.0,3475.0,3480.0,0,0.0,0.0
2022-11-07 12:00:00+09:00,3500.0,3505.0,3490.0,3500.0,52800,0.0,0.0
2022-11-07 13:00:00+09:00,3500.0,3505.0,3500.0,3500.0,7700,0.0,0.0
2022-11-07 14:00:00+09:00,3500.0,3505.0,3490.0,3495.0,16800,0.0,0.0
2022-11-08 09:00:00+09:00,3495.0,3540.0,3490.0,3520.0,13100,0.0,0.0
2022-11-08 10:00:00+09:00,3520.0,3535.0,3520.0,3525.0,9200,0.0,0.0
2022-11-08 11:00:00+09:00,3530.0,3530.0,3525.0,3530.0,0,0.0,0.0
2022-11-08 12:00:00+09:00,3535.0,3540.0,3530.0,3540.0,36800,0.0,0.0
2022-11-08 13:00:00+09:00,3545.0,3545.0,3525.0,3530.0,10500,0.0,0.0
2022-11-08 14:00:00+09:00,3535.0,3535.0,3525.0,3530.0,11600,0.0,0.0
2022-11-09 09:00:00+09:00,3535.0,3545.0,3515.0,3535.0,17200,0.0,0.0
2022-11-09 10:00:00+09:00,3530.0,3535.0,3525.0,3525.0,10300,0.0,0.0
2022-11-09 11:00:00+09:00,3525.0,3535.0,3525.0,3535.0,0,0.0,0.0
2022-11-09 12:00:00+09:00,3535.0,3535.0,3520.0,3530.0,31500,0.0,0.0
2022-11-09 13:00:00+09:00,3525.0,3525.0,3520.0,3525.0,2900,0.0,0.0
2022-11-09 14:00:00+09:00,3520.0,3525.0,3510.0,3510.0,9900,0.0,0.0
2022-11-10 09:00:00+09:00,3490.0,3495.0,3480.0,3480.0,8200,0.0,0.0
2022-11-10 10:00:00+09:00,3485.0,3515.0,3485.0,3515.0,7100,0.0,0.0
2022-11-10 11:00:00+09:00,3510.0,3510.0,3495.0,3495.0,0,0.0,0.0
2022-11-10 12:00:00+09:00,3505.0,3510.0,3500.0,3505.0,20200,0.0,0.0
2022-11-10 13:00:00+09:00,3510.0,3515.0,3505.0,3510.0,3700,0.0,0.0
2022-11-10 14:00:00+09:00,3510.0,3515.0,3500.0,3505.0,5800,0.0,0.0
2022-11-11 09:00:00+09:00,3525.0,3560.0,3510.0,3560.0,38100,0.0,0.0
2022-11-11 10:00:00+09:00,3555.0,3585.0,3545.0,3585.0,19000,0.0,0.0
2022-11-11 11:00:00+09:00,3585.0,3600.0,3585.0,3600.0,0,0.0,0.0
2022-11-11 12:00:00+09:00,3600.0,3605.0,3595.0,3600.0,74700,0.0,0.0
2022-11-11 13:00:00+09:00,3605.0,3620.0,3600.0,3610.0,13000,0.0,0.0
2022-11-11 14:00:00+09:00,3610.0,3610.0,3580.0,3585.0,33500,0.0,0.0
2022-11-14 09:00:00+09:00,3520.0,3530.0,3475.0,3490.0,20400,0.0,0.0
2022-11-14 10:00:00+09:00,3490.0,3495.0,3470.0,3470.0,0,0.0,0.0
2022-11-14 11:00:00+09:00,3470.0,3470.0,3440.0,3440.0,0,0.0,0.0
2022-11-14 12:00:00+09:00,3435.0,3445.0,3425.0,3430.0,46400,0.0,0.0
2022-11-14 13:00:00+09:00,3435.0,3445.0,3425.0,3440.0,5300,0.0,0.0
2022-11-14 14:00:00+09:00,3445.0,3445.0,3415.0,3420.0,16600,0.0,0.0
2022-11-15 09:00:00+09:00,3380.0,3410.0,3350.0,3365.0,25100,0.0,0.0
2022-11-15 10:00:00+09:00,3370.0,3385.0,3365.0,3375.0,12200,0.0,0.0
2022-11-15 11:00:00+09:00,3370.0,3370.0,3370.0,3370.0,0,0.0,0.0
2022-11-15 12:00:00+09:00,3370.0,3375.0,3360.0,3375.0,44700,0.0,0.0
2022-11-15 13:00:00+09:00,3375.0,3380.0,3365.0,3365.0,4900,0.0,0.0
2022-11-15 14:00:00+09:00,3370.0,3370.0,3350.0,3355.0,14700,0.0,0.0
2022-11-16 09:00:00+09:00,3335.0,3340.0,3310.0,3330.0,18600,0.0,0.0
2022-11-16 10:00:00+09:00,3330.0,3340.0,3330.0,3340.0,5300,0.0,0.0
2022-11-16 11:00:00+09:00,3345.0,3350.0,3345.0,3345.0,0,0.0,0.0
2022-11-16 12:00:00+09:00,3355.0,3355.0,3345.0,3345.0,35800,0.0,0.0
2022-11-16 13:00:00+09:00,3345.0,3355.0,3340.0,3350.0,6200,0.0,0.0
2022-11-16 14:00:00+09:00,3350.0,3365.0,3350.0,3350.0,12100,0.0,0.0
2022-11-17 09:00:00+09:00,3380.0,3420.0,3350.0,3395.0,18500,0.0,0.0
2022-11-17 10:00:00+09:00,3395.0,3405.0,3385.0,3390.0,12400,0.0,0.0
2022-11-17 11:00:00+09:00,3385.0,3385.0,3380.0,3380.0,0,0.0,0.0
2022-11-17 12:00:00+09:00,3360.0,3385.0,3360.0,3375.0,39400,0.0,0.0
2022-11-17 13:00:00+09:00,3380.0,3380.0,3345.0,3360.0,18100,0.0,0.0
2022-11-17 14:00:00+09:00,3360.0,3360.0,3340.0,3345.0,14000,0.0,0.0
2022-11-18 09:00:00+09:00,3375.0,3400.0,3350.0,3400.0,18000,0.0,0.0
2022-11-18 10:00:00+09:00,3400.0,3405.0,3395.0,3400.0,12700,0.0,0.0
2022-11-18 11:00:00+09:00,3395.0,3400.0,3390.0,3390.0,0,0.0,0.0
2022-11-18 12:00:00+09:00,3395.0,3400.0,3395.0,3400.0,42400,0.0,0.0
2022-11-18 13:00:00+09:00,3405.0,3415.0,3400.0,3410.0,12000,0.0,0.0
2022-11-18 14:00:00+09:00,3415.0,3415.0,3395.0,3405.0,16500,0.0,0.0
2022-11-21 09:00:00+09:00,3430.0,3445.0,3410.0,3425.0,0,0.0,0.0
2022-11-21 10:00:00+09:00,3425.0,3430.0,3415.0,3415.0,10100,0.0,0.0
2022-11-21 11:00:00+09:00,3415.0,3420.0,3410.0,3420.0,0,0.0,0.0
2022-11-21 12:00:00+09:00,3425.0,3440.0,3420.0,3440.0,54000,0.0,0.0
2022-11-21 13:00:00+09:00,3440.0,3440.0,3420.0,3420.0,10300,0.0,0.0
2022-11-21 14:00:00+09:00,3425.0,3430.0,3410.0,3430.0,11200,0.0,0.0
2022-11-22 09:00:00+09:00,3460.0,3480.0,3455.0,3465.0,22600,0.0,0.0
2022-11-22 10:00:00+09:00,3465.0,3480.0,3465.0,3480.0,13300,0.0,0.0
2022-11-22 11:00:00+09:00,3475.0,3480.0,3470.0,3475.0,0,0.0,0.0
2022-11-22 12:00:00+09:00,3475.0,3475.0,3460.0,3460.0,47100,0.0,0.0
2022-11-22 13:00:00+09:00,3460.0,3465.0,3455.0,3460.0,5800,0.0,0.0
2022-11-22 14:00:00+09:00,3460.0,3460.0,3450.0,3455.0,15700,0.0,0.0
2022-11-24 09:00:00+09:00,3505.0,3560.0,3495.0,3555.0,41900,0.0,0.0
2022-11-24 10:00:00+09:00,3555.0,3565.0,3545.0,3565.0,17500,0.0,0.0
2022-11-24 11:00:00+09:00,3565.0,3565.0,3560.0,3565.0,0,0.0,0.0
2022-11-24 12:00:00+09:00,3565.0,3565.0,3555.0,3560.0,72800,0.0,0.0
2022-11-24 13:00:00+09:00,3555.0,3555.0,3545.0,3550.0,9200,0.0,0.0
2022-11-24 14:00:00+09:00,3550.0,3560.0,3545.0,3555.0,22600,0.0,0.0
2022-11-25 09:00:00+09:00,3565.0,3565.0,3525.0,3540.0,25900,0.0,0.0
2022-11-25 10:00:00+09:00,3540.0,3540.0,3520.0,3525.0,9800,0.0,0.0
2022-11-25 11:00:00+09:00,3525.0,3525.0,3510.0,3515.0,0,0.0,0.0
2022-11-25 12:00:00+09:00,3505.0,3520.0,3495.0,3520.0,51800,0.0,0.0
2022-11-25 13:00:00+09:00,3520.0,3525.0,3510.0,3525.0,11600,0.0,0.0
2022-11-25 14:00:00+09:00,3525.0,3525.0,3495.0,3505.0,17700,0.0,0.0
2022-11-28 09:00:00+09:00,3510.0,3510.0,3370.0,3375.0,47500,0.0,0.0
2022-11-28 10:00:00+09:00,3375.0,3375.0,3330.0,3345.0,38900,0.0,0.0
2022-11-28 11:00:00+09:00,3350.0,3365.0,3345.0,3360.0,0,0.0,0.0
2022-11-28 12:00:00+09:00,3375.0,3385.0,3355.0,3375.0,112600,0.0,0.0
2022-11-28 13:00:00+09:00,3375.0,3400.0,3375.0,3395.0,12000,0.0,0.0
2022-11-28 14:00:00+09:00,3390.0,3395.0,3380.0,3385.0,30100,0.0,0.0
2022-11-29 09:00:00+09:00,3345.0,3345.0,3315.0,3340.0,25200,0.0,0.0
2022-11-29 10:00:00+09:00,3345.0,3350.0,3325.0,3325.0,14500,0.0,0.0
2022-11-29 11:00:00+09:00,3320.0,3335.0,3315.0,3315.0,0,0.0,0.0
2022-11-29 12:00:00+09:00,3315.0,3330.0,3315.0,3330.0,65700,0.0,0.0
2022-11-29 13:00:00+09:00,3330.0,3345.0,3320.0,3340.0,12900,0.0,0.0
2022-11-29 14:00:00+09:00,3345.0,3345.0,3320.0,3330.0,38800,0.0,0.0
2022-11-30 09:00:00+09:00,3320.0,3340.0,3320.0,3330.0,25300,0.0,0.0
2022-11-30 10:00:00+09:00,3330.0,3335.0,3305.0,3305.0,18500,0.0,0.0
2022-11-30 11:00:00+09:00,3310.0,3310.0,3310.0,3310.0,0,0.0,0.0
2022-11-30 12:00:00+09:00,3305.0,3315.0,3305.0,3310.0,57100,0.0,0.0
2022-11-30 13:00:00+09:00,3310.0,3325.0,3300.0,3320.0,12500,0.0,0.0
2022-11-30 14:00:00+09:00,3325.0,3325.0,3285.0,3295.0,27400,0.0,0.0
2022-12-01 09:00:00+09:00,3350.0,3360.0,3310.0,3310.0,17300,0.0,0.0
2022-12-01 10:00:00+09:00,3310.0,3315.0,3300.0,3300.0,11400,0.0,0.0
2022-12-01 11:00:00+09:00,3305.0,3305.0,3300.0,3300.0,0,0.0,0.0
2022-12-01 12:00:00+09:00,3310.0,3315.0,3300.0,3315.0,37700,0.0,0.0
2022-12-01 13:00:00+09:00,3315.0,3320.0,3315.0,3320.0,3300,0.0,0.0
2022-12-01 14:00:00+09:00,3320.0,3320.0,3305.0,3305.0,12200,0.0,0.0
2022-12-02 09:00:00+09:00,3280.0,3290.0,3225.0,3260.0,40300,0.0,0.0
2022-12-02 10:00:00+09:00,3255.0,3255.0,3240.0,3250.0,7400,0.0,0.0
2022-12-02 11:00:00+09:00,3250.0,3255.0,3245.0,3245.0,0,0.0,0.0
2022-12-02 12:00:00+09:00,3245.0,3270.0,3245.0,3270.0,55100,0.0,0.0
2022-12-02 13:00:00+09:00,3265.0,3270.0,3265.0,3265.0,3200,0.0,0.0
2022-12-02 14:00:00+09:00,3260.0,3260.0,3240.0,3240.0,10900,0.0,0.0
2022-12-05 09:00:00+09:00,3280.0,3280.0,3220.0,3225.0,15900,0.0,0.0
2022-12-05 10:00:00+09:00,3225.0,3225.0,3200.0,3205.0,10700,0.0,0.0
2022-12-05 11:00:00+09:00,3210.0,3220.0,3205.0,3215.0,0,0.0,0.0
2022-12-05 12:00:00+09:00,3215.0,3225.0,3215.0,3225.0,44200,0.0,0.0
2022-12-05 13:00:00+09:00,3215.0,3215.0,3205.0,3210.0,6000,0.0,0.0
2022-12-05 14:00:00+09:00,3205.0,3215.0,3205.0,3210.0,6700,0.0,0.0
2022-12-06 09:00:00+09:00,3185.0,3205.0,3180.0,3190.0,16000,0.0,0.0
2022-12-06 10:00:00+09:00,3195.0,3195.0,3190.0,3190.0,8300,0.0,0.0
2022-12-06 11:00:00+09:00,3190.0,3190.0,3185.0,3190.0,0,0.0,0.0
2022-12-06 12:00:00+09:00,3185.0,3195.0,3185.0,3185.0,35300,0.0,0.0
2022-12-06 13:00:00+09:00,3190.0,3190.0,3175.0,3175.0,13300,0.0,0.0
2022-12-06 14:00:00+09:00,3175.0,3175.0,3160.0,3160.0,11800,0.0,0.0
2022-12-07 09:00:00+09:00,3140.0,3165.0,3135.0,3165.0,28000,0.0,0.0
2022-12-07 10:00:00+09:00,3165.0,3165.0,3155.0,3155.0,8300,0.0,0.0
2022-12-07 11:00:00+09:00,3160.0,3165.0,3155.0,3155.0,0,0.0,0.0
2022-12-07 12:00:00+09:00,3155.0,3160.0,3155.0,3160.0,41200,0.0,0.0
2022-12-07 13:00:00+09:00,3160.0,3160.0,3145.0,3150.0,5200,0.0,0.0
2022-12-07 14:00:00+09:00,3145.0,3150.0,3140.0,3150.0,9700,0.0,0.0
2022-12-08 09:00:00+09:00,3140.0,3160.0,3120.0,3135.0,19700,0.0,0.0
2022-12-08 10:00:00+09:00,3135.0,3140.0,3130.0,3130.0,7600,0.0,0.0
2022-12-08 11:00:00+09:00,3130.0,3135.0,3125.0,3130.0,0,0.0,0.0
2022-12-08 12:00:00+09:00,3135.0,3150.0,3135.0,3150.0,35300,0.0,0.0
2022-12-08 13:00:00+09:00,3155.0,3155.0,3145.0,3145.0,4500,0.0,0.0
2022-12-08 14:00:00+09:00,3140.0,3140.0,3125.0,3135.0,10800,0.0,0.0
2022-12-09 09:00:00+09:00,3130.0,3170.0,3130.0,3165.0,22300,0.0,0.0
2022-12-09 10:00:00+09:00,3165.0,3165.0,3140.0,3145.0,7200,0.0,0.0
2022-12-09 11:00:00+09:00,3140.0,3150.0,3140.0,3150.0,0,0.0,0.0
2022-12-09 12:00:00+09:00,3155.0,3165.0,3155.0,3160.0,33400,0.0,0.0
2022-12-09 13:00:00+09:00,3160.0,3160.0,3150.0,3150.0,4000,0.0,0.0
2022-12-09 14:00:00+09:00,3150.0,3150.0,3145.0,3150.0,8300,0.0,0.0
2022-12-12 09:00:00+09:00,3150.0,3150.0,3110.0,3120.0,33800,0.0,0.0
2022-12-12 10:00:00+09:00,3120.0,3135.0,3120.0,3130.0,6400,0.0,0.0
2022-12-12 11:00:00+09:00,3130.0,3130.0,3115.0,3115.0,0,0.0,0.0
2022-12-12 12:00:00+09:00,3115.0,3130.0,3115.0,3120.0,48100,0.0,0.0
2022-12-12 13:00:00+09:00,3120.0,3125.0,3120.0,3125.0,6800,0.0,0.0
2022-12-12 14:00:00+09:00,3125.0,3125.0,3110.0,3110.0,12600,0.0,0.0
2022-12-13 09:00:00+09:00,3155.0,3160.0,3120.0,3125.0,18400,0.0,0.0
2022-12-13 10:00:00+09:00,3120.0,3125.0,3110.0,3110.0,8300,0.0,0.0
2022-12-13 11:00:00+09:00,3110.0,3110.0,3100.0,3105.0,0,0.0,0.0
2022-12-13 12:00:00+09:00,3095.0,3095.0,3090.0,3095.0,35400,0.0,0.0
2022-12-13 13:00:00+09:00,3095.0,3105.0,3090.0,3095.0,13700,0.0,0.0
2022-12-13 14:00:00+09:00,3100.0,3100.0,3080.0,3090.0,20400,0.0,0.0
2022-12-14 09:00:00+09:00,3095.0,3100.0,3070.0,3085.0,10400,0.0,0.0
2022-12-14 10:00:00+09:00,3080.0,3080.0,3060.0,3065.0,13400,0.0,0.0
2022-12-14 11:00:00+09:00,3065.0,3065.0,3060.0,3060.0,0,0.0,0.0
2022-12-14 12:00:00+09:00,3060.0,3070.0,3060.0,3070.0,36600,0.0,0.0
2022-12-14 13:00:00+09:00,3070.0,3070.0,3060.0,3060.0,5100,0.0,0.0
2022-12-14 14:00:00+09:00,3060.0,3065.0,3055.0,3055.0,7400,0.0,0.0
2022-12-15 09:00:00+09:00,3050.0,3090.0,3045.0,3085.0,12300,0.0,0.0
2022-12-15 10:00:00+09:00,3090.0,3090.0,3065.0,3070.0,7200,0.0,0.0
2022-12-15 11:00:00+09:00,3075.0,3080.0,3075.0,3075.0,0,0.0,0.0
2022-12-15 12:00:00+09:00,3080.0,3080.0,3070.0,3070.0,27700,0.0,0.0
2022-12-15 13:00:00+09:00,3070.0,3080.0,3070.0,3080.0,5200,0.0,0.0
2022-12-15 14:00:00+09:00,3080.0,3090.0,3080.0,3085.0,9300,0.0,0.0
2022-12-16 09:00:00+09:00,3085.0,3095.0,3065.0,3070.0,15600,0.0,0.0
2022-12-16 10:00:00+09:00,3070.0,3070.0,3060.0,3065.0,4600,0.0,0.0
2022-12-16 11:00:00+09:00,3065.0,3070.0,3065.0,3070.0,0,0.0,0.0
2022-12-16 12:00:00+09:00,3070.0,3070.0,3065.0,3065.0,24400,0.0,0.0
2022-12-16 13:00:00+09:00,3060.0,3070.0,3060.0,3060.0,7700,0.0,0.0
2022-12-16 14:00:00+09:00,3055.0,3100.0,3050.0,3065.0,34000,0.0,0.0
2022-12-19 09:00:00+09:00,3045.0,3070.0,3045.0,3070.0,16900,0.0,0.0
2022-12-19 10:00:00+09:00,3075.0,3095.0,3075.0,3090.0,7900,0.0,0.0
2022-12-19 11:00:00+09:00,3090.0,3095.0,3090.0,3090.0,0,0.0,0.0
2022-12-19 12:00:00+09:00,3095.0,3095.0,3085.0,3090.0,30400,0.0,0.0
2022-12-19 13:00:00+09:00,3085.0,3090.0,3075.0,3075.0,6000,0.0,0.0
2022-12-19 14:00:00+09:00,3070.0,3095.0,3070.0,3095.0,14200,0.0,0.0
2022-12-20 09:00:00+09:00,3090.0,3105.0,3090.0,3100.0,11000,0.0,0.0
2022-12-20 10:00:00+09:00,3100.0,3100.0,3100.0,3100.0,2000,0.0,0.0
2022-12-20 11:00:00+09:00,3105.0,3105.0,3100.0,3105.0,0,0.0,0.0
2022-12-20 12:00:00+09:00,3070.0,3095.0,3065.0,3075.0,56000,0.0,0.0
2022-12-20 13:00:00+09:00,3080.0,3085.0,3060.0,3075.0,25700,0.0,0.0
2022-12-20 14:00:00+09:00,3070.0,3080.0,3060.0,3070.0,35300,0.0,0.0
2022-12-21 09:00:00+09:00,3050.0,3075.0,3020.0,3030.0,28000,0.0,0.0
2022-12-21 10:00:00+09:00,3040.0,3060.0,3040.0,3055.0,11000,0.0,0.0
2022-12-21 11:00:00+09:00,3055.0,3060.0,3040.0,3040.0,0,0.0,0.0
2022-12-21 12:00:00+09:00,3040.0,3045.0,3025.0,3030.0,53700,0.0,0.0
2022-12-21 13:00:00+09:00,3030.0,3035.0,3025.0,3035.0,10500,0.0,0.0
2022-12-21 14:00:00+09:00,3035.0,3055.0,3030.0,3055.0,18200,0.0,0.0
2022-12-22 09:00:00+09:00,3065.0,3080.0,3055.0,3080.0,11900,0.0,0.0
2022-12-22 10:00:00+09:00,3075.0,3075.0,3065.0,3075.0,8900,0.0,0.0
2022-12-22 11:00:00+09:00,3080.0,3090.0,3080.0,3090.0,0,0.0,0.0
2022-12-22 12:00:00+09:00,3080.0,3085.0,3080.0,3085.0,30900,0.0,0.0
2022-12-22 13:00:00+09:00,3080.0,3095.0,3080.0,3090.0,5900,0.0,0.0
2022-12-22 14:00:00+09:00,3095.0,3095.0,3085.0,3090.0,12800,0.0,0.0
2022-12-23 09:00:00+09:00,3055.0,3085.0,3055.0,3075.0,12600,0.0,0.0
2022-12-23 10:00:00+09:00,3080.0,3105.0,3080.0,3105.0,7500,0.0,0.0
2022-12-23 11:00:00+09:00,3100.0,3105.0,3100.0,3105.0,0,0.0,0.0
2022-12-23 12:00:00+09:00,3100.0,3105.0,3095.0,3105.0,26900,0.0,0.0
2022-12-23 13:00:00+09:00,3105.0,3120.0,3105.0,3105.0,6300,0.0,0.0
2022-12-23 14:00:00+09:00,3110.0,3110.0,3095.0,3100.0,8400,0.0,0.0
2022-12-26 09:00:00+09:00,3100.0,3125.0,3100.0,3115.0,11700,0.0,0.0
2022-12-26 10:00:00+09:00,3110.0,3110.0,3105.0,3105.0,3600,0.0,0.0
2022-12-26 11:00:00+09:00,3105.0,3105.0,3105.0,3105.0,0,0.0,0.0
2022-12-26 12:00:00+09:00,3115.0,3115.0,3110.0,3115.0,18500,0.0,0.0
2022-12-26 13:00:00+09:00,3115.0,3125.0,3110.0,3125.0,4000,0.0,0.0
2022-12-26 14:00:00+09:00,3125.0,3125.0,3110.0,3115.0,6000,0.0,0.0
2022-12-27 09:00:00+09:00,3130.0,3165.0,3130.0,3140.0,10400,0.0,0.0
2022-12-27 10:00:00+09:00,3140.0,3145.0,3140.0,3140.0,2500,0.0,0.0
2022-12-27 11:00:00+09:00,3140.0,3145.0,3140.0,3145.0,0,0.0,0.0
2022-12-27 12:00:00+09:00,3150.0,3150.0,3140.0,3140.0,14800,0.0,0.0
2022-12-27 13:00:00+09:00,3145.0,3145.0,3135.0,3140.0,3400,0.0,0.0
2022-12-27 14:00:00+09:00,3140.0,3140.0,3135.0,3140.0,3800,0.0,0.0
2022-12-28 09:00:00+09:00,3130.0,3130.0,3110.0,3110.0,17300,0.0,0.0
2022-12-28 10:00:00+09:00,3110.0,3125.0,3105.0,3125.0,0,0.0,0.0
2022-12-28 11:00:00+09:00,3125.0,3125.0,3125.0,3125.0,0,0.0,0.0
2022-12-28 12:00:00+09:00,3125.0,3130.0,3125.0,3125.0,26800,0.0,0.0
2022-12-28 13:00:00+09:00,3120.0,3125.0,3110.0,3125.0,6600,0.0,0.0
2022-12-28 14:00:00+09:00,3125.0,3130.0,3125.0,3130.0,4500,0.0,0.0
2022-12-29 09:00:00+09:00,3125.0,3135.0,3095.0,3120.0,9000,0.0,0.0
2022-12-29 10:00:00+09:00,3120.0,3125.0,3115.0,3125.0,4500,0.0,0.0
2022-12-29 11:00:00+09:00,3125.0,3130.0,3125.0,3130.0,0,0.0,0.0
2022-12-29 12:00:00+09:00,3125.0,3140.0,3125.0,3130.0,17200,0.0,0.0
2022-12-29 13:00:00+09:00,3130.0,3130.0,3120.0,3125.0,4900,0.0,0.0
2022-12-29 14:00:00+09:00,3120.0,3130.0,3110.0,3110.0,14500,0.0,0.0
2022-12-30 09:00:00+09:00,3050.0,3085.0,2999.0,3010.0,57800,0.0,0.0
2022-12-30 10:00:00+09:00,3015.0,3015.0,2998.0,3005.0,14900,0.0,0.0
2022-12-30 11:00:00+09:00,3005.0,3010.0,3005.0,3010.0,0,0.0,0.0
2022-12-30 12:00:00+09:00,3020.0,3020.0,3010.0,3015.0,87700,0.0,0.0
2022-12-30 13:00:00+09:00,3015.0,3015.0,3000.0,3000.0,8200,0.0,0.0
2022-12-30 14:00:00+09:00,3005.0,3005.0,2969.0,2980.0,46900,0.0,0.0
2023-01-04 09:00:00+09:00,2955.0,2967.0,2920.0,2936.0,0,0.0,0.0
2023-01-04 10:00:00+09:00,2936.0,2946.0,2924.0,2927.0,0,0.0,0.0
2023-01-04 11:00:00+09:00,2926.0,2926.0,2918.0,2922.0,0,0.0,0.0
2023-01-04 12:00:00+09:00,2918.0,2928.0,2912.0,2912.0,72300,0.0,0.0
2023-01-04 13:00:00+09:00,2913.0,2923.0,2908.0,2916.0,12100,0.0,0.0
2023-01-04 14:00:00+09:00,2916.0,2917.0,2895.0,2895.0,24300,0.0,0.0
2023-01-05 09:00:00+09:00,2889.0,2910.0,2886.0,2907.0,22700,0.0,0.0
2023-01-05 10:00:00+09:00,2907.0,2922.0,2902.0,2915.0,12600,0.0,0.0
2023-01-05 11:00:00+09:00,2916.0,2916.0,2901.0,2901.0,0,0.0,0.0
2023-01-05 12:00:00+09:00,2910.0,2912.0,2906.0,2909.0,47000,0.0,0.0
2023-01-05 13:00:00+09:00,2909.0,2909.0,2900.0,2907.0,9000,0.0,0.0
2023-01-05 14:00:00+09:00,2907.0,2912.0,2900.0,2906.0,11900,0.0,0.0
2023-01-06 09:00:00+09:00,2909.0,2909.0,2890.0,2904.0,14500,0.0,0.0
2023-01-06 10:00:00+09:00,2904.0,2907.0,2896.0,2903.0,4900,0.0,0.0
2023-01-06 11:00:00+09:00,2903.0,2907.0,2901.0,2907.0,0,0.0,0.0
2023-01-06 12:00:00+09:00,2910.0,2913.0,2904.0,2904.0,26500,0.0,0.0
2023-01-06 13:00:00+09:00,2901.0,2902.0,2896.0,2902.0,0,0.0,0.0
2023-01-06 14:00:00+09:00,2902.0,2903.0,2894.0,2896.0,44900,0.0,0.0
2023-01-10 09:00:00+09:00,2912.0,2930.0,2901.0,2904.0,0,0.0,0.0
2023-01-10 10:00:00+09:00,2905.0,2918.0,2897.0,2914.0,31500,0.0,0.0
2023-01-10 11:00:00+09:00,2915.0,2916.0,2914.0,2915.0,0,0.0,0.0
2023-01-10 12:00:00+09:00,2901.0,2917.0,2899.0,2915.0,67600,0.0,0.0
2023-01-10 13:00:00+09:00,2915.0,2915.0,2900.0,2906.0,9100,0.0,0.0
2023-01-10 14:00:00+09:00,2905.0,2917.0,2903.0,2907.0,17400,0.0,0.0
2023-01-11 09:00:00+09:00,2933.0,2951.0,2928.0,2942.0,19600,0.0,0.0
2023-01-11 10:00:00+09:00,2940.0,2940.0,2927.0,2930.0,3900,0.0,0.0
2023-01-11 11:00:00+09:00,2930.0,2930.0,2924.0,2928.0,0,0.0,0.0
2023-01-11 12:00:00+09:00,2930.0,2950.0,2930.0,2949.0,36800,0.0,0.0
2023-01-11 13:00:00+09:00,2943.0,2947.0,2943.0,2946.0,6400,0.0,0.0
2023-01-11 14:00:00+09:00,2945.0,2948.0,2939.0,2941.0,11700,0.0,0.0
2023-01-12 09:00:00+09:00,2954.0,2956.0,2927.0,2929.0,11900,0.0,0.0
2023-01-12 10:00:00+09:00,2928.0,2928.0,2916.0,2928.0,6300,0.0,0.0
2023-01-12 11:00:00+09:00,2925.0,2926.0,2923.0,2923.0,0,0.0,0.0
2023-01-12 12:00:00+09:00,2926.0,2929.0,2924.0,2927.0,24500,0.0,0.0
2023-01-12 13:00:00+09:00,2927.0,2927.0,2914.0,2918.0,4700,0.0,0.0
2023-01-12 14:00:00+09:00,2918.0,2920.0,2910.0,2920.0,15000,0.0,0.0
2023-01-13 09:00:00+09:00,2891.0,2929.0,2891.0,2917.0,17600,0.0,0.0
2023-01-13 10:00:00+09:00,2916.0,2916.0,2893.0,2907.0,7900,0.0,0.0
2023-01-13 11:00:00+09:00,2908.0,2908.0,2901.0,2902.0,0,0.0,0.0
2023-01-13 12:00:00+09:00,2896.0,2898.0,2888.0,2888.0,33300,0.0,0.0
2023-01-13 13:00:00+09:00,2885.0,2890.0,2880.0,2880.0,6400,0.0,0.0
2023-01-13 14:00:00+09:00,2882.0,2884.0,2872.0,2879.0,11800,0.0,0.0
2023-01-16 09:00:00+09:00,2851.0,2891.0,2851.0,2886.0,0,0.0,0.0
2023-01-16 10:00:00+09:00,2883.0,2884.0,2874.0,2880.0,4400,0.0,0.0
2023-01-16 11:00:00+09:00,2883.0,2884.0,2879.0,2880.0,0,0.0,0.0
2023-01-16 12:00:00+09:00,2898.0,2904.0,2880.0,2889.0,22300,0.0,0.0
2023-01-16 13:00:00+09:00,2884.0,2893.0,2884.0,2891.0,4600,0.0,0.0
2023-01-16 14:00:00+09:00,2890.0,2890.0,2881.0,2886.0,12500,0.0,0.0
2023-01-17 09:00:00+09:00,2903.0,2909.0,2883.0,2896.0,4400,0.0,0.0
2023-01-17 10:00:00+09:00,2890.0,2900.0,2887.0,2894.0,3800,0.0,0.0
2023-01-17 11:00:00+09:00,2900.0,2900.0,2888.0,2888.0,0,0.0,0.0
2023-01-17 12:00:00+09:00,2894.0,2896.0,2894.0,2896.0,10500,0.0,0.0
2023-01-17 13:00:00+09:00,2895.0,2900.0,2894.0,2899.0,1400,0.0,0.0
2023-01-17 14:00:00+09:00,2896.0,2897.0,2884.0,2888.0,10600,0.0,0.0
2023-01-18 09:00:00+09:00,2906.0,2947.0,2906.0,2947.0,25700,0.0,0.0
2023-01-18 10:00:00+09:00,2946.0,2954.0,2946.0,2953.0,6100,0.0,0.0
2023-01-18 11:00:00+09:00,2952.0,2953.0,2950.0,2952.0,0,0.0,0.0
2023-01-18 12:00:00+09:00,3005.0,3015.0,2968.0,2975.0,47900,0.0,0.0
2023-01-18 13:00:00+09:00,2975.0,2985.0,2974.0,2980.0,5000,0.0,0.0
2023-01-18 14:00:00+09:00,2978.0,2979.0,2966.0,2972.0,7700,0.0,0.0
2023-01-19 09:00:00+09:00,2969.0,2969.0,2942.0,2956.0,14600,0.0,0.0
2023-01-19 10:00:00+09:00,2958.0,2972.0,2950.0,2972.0,4100,0.0,0.0
2023-01-19 11:00:00+09:00,2969.0,2970.0,2963.0,2964.0,0,0.0,0.0
2023-01-19 12:00:00+09:00,2955.0,2972.0,2955.0,2972.0,24900,0.0,0.0
2023-01-19 13:00:00+09:00,2974.0,2974.0,2967.0,2971.0,4600,0.0,0.0
2023-01-19 14:00:00+09:00,2969.0,2973.0,2958.0,2963.0,8800,0.0,0.0
2023-01-20 09:00:00+09:00,2978.0,2999.0,2973.0,2991.0,9500,0.0,0.0
2023-01-20 10:00:00+09:00,2991.0,2994.0,2985.0,2991.0,4700,0.0,0.0
2023-01-20 11:00:00+09:00,2991.0,2996.0,2978.0,2978.0,0,0.0,0.0
2023-01-20 12:00:00+09:00,2974.0,2980.0,2973.0,2980.0,21700,0.0,0.0
2023-01-20 13:00:00+09:00,2974.0,2982.0,2971.0,2975.0,3900,0.0,0.0
2023-01-20 14:00:00+09:00,2976.0,2986.0,2976.0,2980.0,13800,0.0,0.0
2023-01-23 09:00:00+09:00,2990.0,2994.0,2965.0,2965.0,15200,0.0,0.0
2023-01-23 10:00:00+09:00,2965.0,2974.0,2961.0,2974.0,11300,0.0,0.0
2023-01-23 11:00:00+09:00,2969.0,2973.0,2969.0,2971.0,0,0.0,0.0
2023-01-23 12:00:00+09:00,2975.0,2988.0,2974.0,2980.0,39600,0.0,0.0
2023-01-23 13:00:00+09:00,2979.0,2980.0,2972.0,2974.0,6900,0.0,0.0
2023-01-23 14:00:00+09:00,2975.0,2978.0,2967.0,2973.0,12800,0.0,0.0
2023-01-24 09:00:00+09:00,3010.0,3010.0,2972.0,2985.0,19600,0.0,0.0
2023-01-24 10:00:00+09:00,2986.0,3005.0,2979.0,3005.0,6800,0.0,0.0
2023-01-24 11:00:00+09:00,3005.0,3005.0,3000.0,3005.0,0,0.0,0.0
2023-01-24 12:00:00+09:00,3005.0,3015.0,3005.0,3010.0,34600,0.0,0.0
2023-01-24 13:00:00+09:00,3010.0,3020.0,3005.0,3015.0,16500,0.0,0.0
2023-01-24 14:00:00+09:00,3015.0,3015.0,2999.0,2999.0,28100,0.0,0.0
2023-01-25 09:00:00+09:00,3000.0,3020.0,2983.0,3020.0,14500,0.0,0.0
2023-01-25 10:00:00+09:00,3020.0,3030.0,3015.0,3030.0,6900,0.0,0.0
2023-01-25 11:00:00+09:00,3030.0,3030.0,3025.0,3030.0,0,0.0,0.0
2023-01-25 12:00:00+09:00,3040.0,3040.0,3025.0,3030.0,31200,0.0,0.0
2023-01-25 13:00:00+09:00,3030.0,3030.0,3030.0,3030.0,2800,0.0,0.0
2023-01-25 14:00:00+09:00,3030.0,3030.0,3025.0,3030.0,10800,0.0,0.0
2023-01-26 09:00:00+09:00,3070.0,3125.0,3060.0,3125.0,53800,0.0,0.0
2023-01-26 10:00:00+09:00,3120.0,3140.0,3120.0,3125.0,21600,0.0,0.0
2023-01-26 11:00:00+09:00,3125.0,3130.0,3120.0,3130.0,0,0.0,0.0
2023-01-26 12:00:00+09:00,3130.0,3130.0,3105.0,3105.0,88500,0.0,0.0
2023-01-26 13:00:00+09:00,3105.0,3120.0,3100.0,3115.0,7800,0.0,0.0
2023-01-26 14:00:00+09:00,3115.0,3125.0,3115.0,3120.0,10400,0.0,0.0
2023-01-27 09:00:00+09:00,3120.0,3170.0,3120.0,3140.0,71800,0.0,0.0
2023-01-27 10:00:00+09:00,3135.0,3140.0,3125.0,3135.0,15300,0.0,0.0
2023-01-27 11:00:00+09:00,3140.0,3140.0,3135.0,3140.0,0,0.0,0.0
2023-01-27 12:00:00+09:00,3140.0,3140.0,3130.0,3135.0,91900,0.0,0.0
2023-01-27 13:00:00+09:00,3135.0,3140.0,3135.0,3140.0,7900,0.0,0.0
2023-01-27 14:00:00+09:00,3135.0,3140.0,3130.0,3140.0,15800,0.0,0.0
2023-01-30 09:00:00+09:00,3135.0,3165.0,3115.0,3150.0,0,0.0,0.0
2023-01-30 10:00:00+09:00,3150.0,3165.0,3150.0,3165.0,9200,0.0,0.0
2023-01-30 11:00:00+09:00,3165.0,3175.0,3160.0,3175.0,0,0.0,0.0
2023-01-30 12:00:00+09:00,3170.0,3185.0,3160.0,3170.0,108700,0.0,0.0
2023-01-30 13:00:00+09:00,3170.0,3175.0,3155.0,3170.0,12900,0.0,0.0
2023-01-30 14:00:00+09:00,3170.0,3175.0,3160.0,3165.0,22300,0.0,0.0
2023-01-31 09:00:00+09:00,3185.0,3190.0,3165.0,3180.0,17800,0.0,0.0
2023-01-31 10:00:00+09:00,3180.0,3180.0,3170.0,3170.0,5700,0.0,0.0
2023-01-31 11:00:00+09:00,3170.0,3170.0,3160.0,3160.0,0,0.0,0.0
2023-01-31 12:00:00+09:00,3160.0,3165.0,3150.0,3155.0,33300,0.0,0.0
2023-01-31 13:00:00+09:00,3150.0,3180.0,3135.0,3165.0,23700,0.0,0.0
2023-01-31 14:00:00+09:00,3170.0,3185.0,3170.0,3180.0,18900,0.0,0.0
2023-02-01 09:00:00+09:00,3195.0,3195.0,3160.0,3175.0,19900,0.0,0.0
2023-02-01 10:00:00+09:00,3175.0,3185.0,3170.0,3175.0,6700,0.0,0.0
2023-02-01 11:00:00+09:00,3170.0,3175.0,3170.0,3170.0,0,0.0,0.0
2023-02-01 12:00:00+09:00,3170.0,3175.0,3160.0,3160.0,38300,0.0,0.0
2023-02-01 13:00:00+09:00,3160.0,3170.0,3155.0,3155.0,16600,0.0,0.0
2023-02-01 14:00:00+09:00,3155.0,3175.0,3145.0,3155.0,37100,0.0,0.0
2023-02-02 09:00:00+09:00,3115.0,3140.0,3065.0,3080.0,28100,0.0,0.0
2023-02-02 10:00:00+09:00,3075.0,3075.0,3055.0,3070.0,10100,0.0,0.0
2023-02-02 11:00:00+09:00,3070.0,3070.0,3060.0,3060.0,0,0.0,0.0
2023-02-02 12:00:00+09:00,3055.0,3060.0,3055.0,3055.0,45100,0.0,0.0
2023-02-02 13:00:00+09:00,3050.0,3050.0,3045.0,3050.0,3800,0.0,0.0
2023-02-02 14:00:00+09:00,3045.0,3045.0,3020.0,3020.0,13100,0.0,0.0
2023-02-03 09:00:00+09:00,3030.0,3060.0,3030.0,3050.0,15400,0.0,0.0
2023-02-03 10:00:00+09:00,3045.0,3055.0,3045.0,3055.0,4100,0.0,0.0
2023-02-03 11:00:00+09:00,3055.0,3060.0,3055.0,3060.0,0,0.0,0.0
2023-02-03 12:00:00+09:00,3050.0,3065.0,3050.0,3065.0,27300,0.0,0.0
2023-02-03 13:00:00+09:00,3060.0,3070.0,3060.0,3070.0,5200,0.0,0.0
2023-02-03 14:00:00+09:00,3065.0,3070.0,3060.0,3070.0,6100,0.0,0.0
2023-02-06 09:00:00+09:00,3110.0,3140.0,3110.0,3130.0,18600,0.0,0.0
2023-02-06 10:00:00+09:00,3135.0,3160.0,3135.0,3155.0,15800,0.0,0.0
2023-02-06 11:00:00+09:00,3155.0,3165.0,3155.0,3160.0,0,0.0,0.0
2023-02-06 12:00:00+09:00,3145.0,3155.0,3140.0,3150.0,46900,0.0,0.0
2023-02-06 13:00:00+09:00,3150.0,3160.0,3145.0,3155.0,6000,0.0,0.0
2023-02-06 14:00:00+09:00,3150.0,3155.0,3145.0,3145.0,14500,0.0,0.0
2023-02-07 09:00:00+09:00,3130.0,3140.0,3115.0,3125.0,16800,0.0,0.0
2023-02-07 10:00:00+09:00,3130.0,3135.0,3125.0,3125.0,11500,0.0,0.0
2023-02-07 11:00:00+09:00,3125.0,3135.0,3125.0,3135.0,0,0.0,0.0
2023-02-07 12:00:00+09:00,3135.0,3140.0,3130.0,3135.0,45200,0.0,0.0
2023-02-07 13:00:00+09:00,3135.0,3140.0,3130.0,3130.0,17000,0.0,0.0
2023-02-07 14:00:00+09:00,3130.0,3135.0,3115.0,3115.0,15600,0.0,0.0
2023-02-08 09:00:00+09:00,3110.0,3130.0,3110.0,3130.0,8200,0.0,0.0
2023-02-08 10:00:00+09:00,3135.0,3135.0,3130.0,3130.0,5700,0.0,0.0
2023-02-08 11:00:00+09:00,3135.0,3140.0,3135.0,3135.0,0,0.0,0.0
2023-02-08 12:00:00+09:00,3135.0,3140.0,3130.0,3140.0,18900,0.0,0.0
2023-02-08 13:00:00+09:00,3140.0,3140.0,3135.0,3140.0,1400,0.0,0.0
2023-02-08 14:00:00+09:00,3135.0,3145.0,3125.0,3145.0,13300,0.0,0.0
2023-02-09 09:00:00+09:00,3125.0,3155.0,3125.0,3150.0,10500,0.0,0.0
2023-02-09 10:00:00+09:00,3150.0,3155.0,3145.0,3155.0,2500,0.0,0.0
2023-02-09 11:00:00+09:00,3150.0,3150.0,3140.0,3145.0,0,0.0,0.0
2023-02-09 12:00:00+09:00,3145.0,3160.0,3145.0,3160.0,20000,0.0,0.0
2023-02-09 13:00:00+09:00,3160.0,3160.0,3155.0,3160.0,1700,0.0,0.0
2023-02-09 14:00:00+09:00,3160.0,3165.0,3155.0,3160.0,7600,0.0,0.0
2023-02-10 09:00:00+09:00,3150.0,3175.0,3145.0,3175.0,11100,0.0,0.0
2023-02-10 10:00:00+09:00,3170.0,3180.0,3170.0,3180.0,2200,0.0,0.0
2023-02-10 11:00:00+09:00,3170.0,3170.0,3165.0,3165.0,0,0.0,0.0
2023-02-10 12:00:00+09:00,3160.0,3170.0,3160.0,3170.0,20000,0.0,0.0
2023-02-10 13:00:00+09:00,3170.0,3175.0,3170.0,3170.0,1400,0.0,0.0
2023-02-10 14:00:00+09:00,3170.0,3170.0,3155.0,3155.0,9000,0.0,0.0
2023-02-13 09:00:00+09:00,3150.0,3170.0,3130.0,3140.0,25000,0.0,0.0
2023-02-13 10:00:00+09:00,3140.0,3140.0,3125.0,3135.0,11400,0.0,0.0
2023-02-13 11:00:00+09:00,3135.0,3140.0,3135.0,3140.0,0,0.0,0.0
2023-02-13 12:00:00+09:00,3140.0,3145.0,3135.0,3140.0,41900,0.0,0.0
2023-02-13 13:00:00+09:00,3135.0,3135.0,3125.0,3125.0,3700,0.0,0.0
2023-02-13 14:00:00+09:00,3130.0,3135.0,3130.0,3135.0,4300,0.0,0.0
2023-02-14 09:00:00+09:00,3185.0,3205.0,3180.0,3185.0,16000,0.0,0.0
2023-02-14 10:00:00+09:00,3190.0,3190.0,3180.0,3185.0,3500,0.0,0.0
2023-02-14 11:00:00+09:00,3185.0,3190.0,3180.0,3190.0,0,0.0,0.0
2023-02-14 12:00:00+09:00,3200.0,3200.0,3185.0,3190.0,26900,0.0,0.0
2023-02-14 13:00:00+09:00,3190.0,3195.0,3190.0,3190.0,2300,0.0,0.0
2023-02-14 14:00:00+09:00,3190.0,3190.0,3185.0,3190.0,10100,0.0,0.0
2023-02-15 09:00:00+09:00,3170.0,3180.0,3155.0,3165.0,11400,0.0,0.0
2023-02-15 10:00:00+09:00,3165.0,3170.0,3165.0,3165.0,2800,0.0,0.0
2023-02-15 11:00:00+09:00,3165.0,3170.0,3160.0,3165.0,0,0.0,0.0
2023-02-15 12:00:00+09:00,3150.0,3160.0,3150.0,3155.0,21100,0.0,0.0
2023-02-15 13:00:00+09:00,3155.0,3165.0,3155.0,3160.0,1700,0.0,0.0
2023-02-15 14:00:00+09:00,3165.0,3165.0,3150.0,3160.0,6900,0.0,0.0
2023-02-16 09:00:00+09:00,3185.0,3200.0,3160.0,3165.0,8100,0.0,0.0
2023-02-16 10:00:00+09:00,3165.0,3165.0,3155.0,3160.0,4400,0.0,0.0
2023-02-16 11:00:00+09:00,3160.0,3160.0,3160.0,3160.0,0,0.0,0.0
2023-02-16 12:00:00+09:00,3155.0,3155.0,3140.0,3140.0,22200,0.0,0.0
2023-02-16 13:00:00+09:00,3135.0,3135.0,3130.0,3130.0,0,0.0,0.0
2023-02-16 14:00:00+09:00,3130.0,3135.0,3130.0,3135.0,39400,0.0,0.0
2023-02-17 09:00:00+09:00,3120.0,3120.0,3100.0,3100.0,12600,0.0,0.0
2023-02-17 10:00:00+09:00,3110.0,3130.0,3110.0,3110.0,0,0.0,0.0
2023-02-17 11:00:00+09:00,3105.0,3105.0,3100.0,3100.0,0,0.0,0.0
2023-02-17 12:00:00+09:00,3100.0,3115.0,3100.0,3105.0,31600,0.0,0.0
2023-02-17 13:00:00+09:00,3105.0,3110.0,3105.0,3110.0,400,0.0,0.0
2023-02-17 14:00:00+09:00,3105.0,3105.0,3095.0,3105.0,3500,0.0,0.0
2023-02-20 09:00:00+09:00,3105.0,3105.0,3080.0,3085.0,5200,0.0,0.0
2023-02-20 10:00:00+09:00,3085.0,3100.0,3085.0,3100.0,4400,0.0,0.0
2023-02-20 11:00:00+09:00,3095.0,3095.0,3095.0,3095.0,0,0.0,0.0
2023-02-20 12:00:00+09:00,3095.0,3095.0,3085.0,3090.0,12600,0.0,0.0
2023-02-20 13:00:00+09:00,3090.0,3090.0,3085.0,3090.0,900,0.0,0.0
2023-02-20 14:00:00+09:00,3085.0,3100.0,3085.0,3100.0,6400,0.0,0.0
2023-02-21 09:00:00+09:00,3080.0,3105.0,3080.0,3100.0,5300,0.0,0.0
2023-02-21 10:00:00+09:00,3095.0,3105.0,3095.0,3105.0,3800,0.0,0.0
2023-02-21 11:00:00+09:00,3100.0,3105.0,3095.0,3105.0,0,0.0,0.0
2023-02-21 12:00:00+09:00,3105.0,3105.0,3090.0,3095.0,14000,0.0,0.0
2023-02-21 13:00:00+09:00,3095.0,3095.0,3095.0,3095.0,0,0.0,0.0
2023-02-21 14:00:00+09:00,3095.0,3095.0,3090.0,3095.0,21300,0.0,0.0
2023-02-22 09:00:00+09:00,3070.0,3075.0,3055.0,3060.0,9700,0.0,0.0
2023-02-22 10:00:00+09:00,3055.0,3070.0,3050.0,3070.0,9400,0.0,0.0
2023-02-22 11:00:00+09:00,3070.0,3080.0,3070.0,3080.0,0,0.0,0.0
2023-02-22 12:00:00+09:00,3080.0,3085.0,3080.0,3085.0,23200,0.0,0.0
2023-02-22 13:00:00+09:00,3085.0,3085.0,3075.0,3075.0,4800,0.0,0.0
2023-02-22 14:00:00+09:00,3080.0,3085.0,3080.0,3080.0,3900,0.0,0.0
2023-02-24 09:00:00+09:00,3095.0,3095.0,3075.0,3085.0,0,0.0,0.0
2023-02-24 10:00:00+09:00,3085.0,3100.0,3085.0,3095.0,12100,0.0,0.0
2023-02-24 11:00:00+09:00,3095.0,3100.0,3095.0,3095.0,0,0.0,0.0
2023-02-24 12:00:00+09:00,3100.0,3100.0,3090.0,3090.0,15400,0.0,0.0
2023-02-24 13:00:00+09:00,3090.0,3095.0,3085.0,3085.0,2700,0.0,0.0
2023-02-24 14:00:00+09:00,3085.0,3100.0,3085.0,3100.0,4600,0.0,0.0
2023-02-27 09:00:00+09:00,3085.0,3105.0,3080.0,3095.0,17000,0.0,0.0
2023-02-27 10:00:00+09:00,3100.0,3110.0,3100.0,3110.0,1800,0.0,0.0
2023-02-27 11:00:00+09:00,3110.0,3110.0,3105.0,3110.0,0,0.0,0.0
2023-02-27 12:00:00+09:00,3105.0,3115.0,3100.0,3110.0,23800,0.0,0.0
2023-02-27 13:00:00+09:00,3115.0,3115.0,3100.0,3100.0,2700,0.0,0.0
2023-02-27 14:00:00+09:00,3105.0,3120.0,3100.0,3115.0,8600,0.0,0.0
2023-02-28 09:00:00+09:00,3135.0,3140.0,3125.0,3130.0,0,0.0,0.0
2023-02-28 10:00:00+09:00,3125.0,3130.0,3120.0,3130.0,9600,0.0,0.0
2023-02-28 11:00:00+09:00,3130.0,3130.0,3130.0,3130.0,0,0.0,0.0
2023-02-28 12:00:00+09:00,3135.0,3155.0,3135.0,3150.0,21900,0.0,0.0
2023-02-28 13:00:00+09:00,3150.0,3150.0,3145.0,3150.0,2700,0.0,0.0
2023-02-28 14:00:00+09:00,3145.0,3180.0,3140.0,3170.0,27200,0.0,0.0
2023-03-01 09:00:00+09:00,3160.0,3180.0,3150.0,3175.0,15100,0.0,0.0
2023-03-01 10:00:00+09:00,3170.0,3180.0,3165.0,3170.0,9200,0.0,0.0
2023-03-01 11:00:00+09:00,3170.0,3170.0,3160.0,3165.0,0,0.0,0.0
2023-03-01 12:00:00+09:00,3165.0,3185.0,3165.0,3175.0,39600,0.0,0.0
2023-03-01 13:00:00+09:00,3175.0,3180.0,3170.0,3170.0,4600,0.0,0.0
2023-03-01 14:00:00+09:00,3170.0,3180.0,3165.0,3180.0,12100,0.0,0.0
2023-03-02 09:00:00+09:00,3180.0,3205.0,3175.0,3195.0,14400,0.0,0.0
2023-03-02 10:00:00+09:00,3185.0,3185.0,3145.0,3145.0,5100,0.0,0.0
2023-03-02 11:00:00+09:00,3150.0,3155.0,3140.0,3140.0,0,0.0,0.0
2023-03-02 12:00:00+09:00,3135.0,3175.0,3135.0,3160.0,32200,0.0,0.0
2023-03-02 13:00:00+09:00,3160.0,3170.0,3160.0,3170.0,5200,0.0,0.0
2023-03-02 14:00:00+09:00,3170.0,3185.0,3165.0,3185.0,11200,0.0,0.0
2023-03-03 09:00:00+09:00,3205.0,3220.0,3185.0,3220.0,0,0.0,0.0
2023-03-03 10:00:00+09:00,3220.0,3230.0,3215.0,3230.0,11200,0.0,0.0
2023-03-03 11:00:00+09:00,3225.0,3230.0,3220.0,3220.0,0,0.0,0.0
2023-03-03 12:00:00+09:00,3235.0,3240.0,3220.0,3230.0,32100,0.0,0.0
2023-03-03 13:00:00+09:00,3225.0,3240.0,3225.0,3235.0,0,0.0,0.0
2023-03-03 14:00:00+09:00,3235.0,3245.0,3230.0,3235.0,56800,0.0,0.0
2023-03-06 09:00:00+09:00,3255.0,3300.0,3255.0,3280.0,33800,0.0,0.0
2023-03-06 10:00:00+09:00,3280.0,3280.0,3255.0,3260.0,12900,0.0,0.0
2023-03-06 11:00:00+09:00,3260.0,3270.0,3260.0,3265.0,0,0.0,0.0
2023-03-06 12:00:00+09:00,3270.0,3275.0,3265.0,3270.0,56300,0.0,0.0
2023-03-06 13:00:00+09:00,3265.0,3265.0,3250.0,3250.0,10800,0.0,0.0
2023-03-06 14:00:00+09:00,3250.0,3275.0,3245.0,3265.0,19200,0.0,0.0
2023-03-07 09:00:00+09:00,3285.0,3310.0,3280.0,3310.0,12600,0.0,0.0
2023-03-07 10:00:00+09:00,3315.0,3320.0,3310.0,3315.0,4600,0.0,0.0
2023-03-07 11:00:00+09:00,3310.0,3310.0,3300.0,3300.0,0,0.0,0.0
2023-03-07 12:00:00+09:00,3305.0,3305.0,3295.0,3295.0,23800,0.0,0.0
2023-03-07 13:00:00+09:00,3300.0,3300.0,3290.0,3290.0,2200,0.0,0.0
2023-03-07 14:00:00+09:00,3290.0,3300.0,3290.0,3295.0,6200,0.0,0.0
2023-03-08 09:00:00+09:00,3290.0,3310.0,3290.0,3300.0,11900,0.0,0.0
2023-03-08 10:00:00+09:00,3295.0,3305.0,3295.0,3305.0,0,0.0,0.0
2023-03-08 11:00:00+09:00,3300.0,3305.0,3300.0,3300.0,0,0.0,0.0
2023-03-08 12:00:00+09:00,3290.0,3310.0,3290.0,3300.0,26900,0.0,0.0
2023-03-08 13:00:00+09:00,3300.0,3305.0,3295.0,3295.0,5500,0.0,0.0
2023-03-08 14:00:00+09:00,3300.0,3315.0,3300.0,3315.0,4400,0.0,0.0
2023-03-09 09:00:00+09:00,3335.0,3365.0,3335.0,3360.0,14200,0.0,0.0
2023-03-09 10:00:00+09:00,3365.0,3375.0,3365.0,3365.0,8100,0.0,0.0
2023-03-09 11:00:00+09:00,3365.0,3370.0,3365.0,3365.0,0,0.0,0.0
2023-03-09 12:00:00+09:00,3365.0,3365.0,3365.0,3365.0,29100,0.0,0.0
2023-03-09 13:00:00+09:00,3360.0,3360.0,3345.0,3345.0,4500,0.0,0.0
2023-03-09 14:00:00+09:00,3340.0,3355.0,3340.0,3355.0,7900,0.0,0.0
2023-03-10 09:00:00+09:00,3315.0,3340.0,3290.0,3320.0,54600,0.0,0.0
2023-03-10 10:00:00+09:00,3315.0,3320.0,3315.0,3315.0,3700,0.0,0.0
2023-03-10 11:00:00+09:00,3315.0,3315.0,3305.0,3305.0,0,0.0,0.0
2023-03-10 12:00:00+09:00,3300.0,3315.0,3300.0,3305.0,68500,0.0,0.0
2023-03-10 13:00:00+09:00,3305.0,3310.0,3305.0,3310.0,4100,0.0,0.0
2023-03-10 14:00:00+09:00,3305.0,3310.0,3295.0,3295.0,9400,0.0,0.0
2023-03-13 09:00:00+09:00,3290.0,3290.0,3210.0,3210.0,0,0.0,0.0
2023-03-13 10:00:00+09:00,3210.0,3215.0,3190.0,3205.0,6700,0.0,0.0
2023-03-13 11:00:00+09:00,3205.0,3215.0,3200.0,3205.0,0,0.0,0.0
2023-03-13 12:00:00+09:00,3210.0,3235.0,3210.0,3230.0,36200,0.0,0.0
2023-03-13 13:00:00+09:00,3230.0,3230.0,3210.0,3220.0,5300,0.0,0.0
2023-03-13 14:00:00+09:00,3225.0,3250.0,3220.0,3250.0,5500,0.0,0.0
2023-03-14 09:00:00+09:00,3180.0,3190.0,3110.0,3115.0,20300,0.0,0.0
2023-03-14 10:00:00+09:00,3120.0,3135.0,3120.0,3130.0,9100,0.0,0.0
2023-03-14 11:00:00+09:00,3130.0,3150.0,3130.0,3150.0,0,0.0,0.0
2023-03-14 12:00:00+09:00,3150.0,3170.0,3145.0,3160.0,42900,0.0,0.0
2023-03-14 13:00:00+09:00,3165.0,3165.0,3155.0,3155.0,3500,0.0,0.0
2023-03-14 14:00:00+09:00,3155.0,3155.0,3140.0,3150.0,6600,0.0,0.0
2023-03-15 09:00:00+09:00,3180.0,3190.0,3160.0,3175.0,10800,0.0,0.0
2023-03-15 10:00:00+09:00,3175.0,3185.0,3170.0,3180.0,4400,0.0,0.0
2023-03-15 11:00:00+09:00,3180.0,3190.0,3180.0,3190.0,0,0.0,0.0
2023-03-15 12:00:00+09:00,3190.0,3195.0,3185.0,3185.0,21300,0.0,0.0
2023-03-15 13:00:00+09:00,3185.0,3190.0,3185.0,3185.0,1000,0.0,0.0
2023-03-15 14:00:00+09:00,3185.0,3195.0,3180.0,3195.0,6500,0.0,0.0
2023-03-16 09:00:00+09:00,3100.0,3145.0,3100.0,3145.0,15500,0.0,0.0
2023-03-16 10:00:00+09:00,3155.0,3160.0,3145.0,3145.0,4500,0.0,0.0
2023-03-16 11:00:00+09:00,3150.0,3165.0,3150.0,3160.0,0,0.0,0.0
2023-03-16 12:00:00+09:00,3165.0,3165.0,3145.0,3145.0,29000,0.0,0.0
2023-03-16 13:00:00+09:00,3150.0,3160.0,3150.0,3160.0,2000,0.0,0.0
2023-03-16 14:00:00+09:00,3155.0,3165.0,3140.0,3150.0,14000,0.0,0.0
2023-03-17 09:00:00+09:00,3200.0,3200.0,3180.0,3180.0,5700,0.0,0.0
2023-03-17 10:00:00+09:00,3175.0,3180.0,3165.0,3175.0,4500,0.0,0.0
2023-03-17 11:00:00+09:00,3175.0,3185.0,3175.0,3185.0,0,0.0,0.0
2023-03-17 12:00:00+09:00,3200.0,3200.0,3190.0,3195.0,13600,0.0,0.0
2023-03-17 13:00:00+09:00,3195.0,3195.0,3190.0,3195.0,6600,0.0,0.0
2023-03-17 14:00:00+09:00,3195.0,3205.0,3195.0,3200.0,7500,0.0,0.0
2023-03-20 09:00:00+09:00,3140.0,3140.0,3110.0,3125.0,16700,0.0,0.0
2023-03-20 10:00:00+09:00,3125.0,3125.0,3110.0,3115.0,8300,0.0,0.0
2023-03-20 11:00:00+09:00,3115.0,3120.0,3115.0,3115.0,0,0.0,0.0
2023-03-20 12:00:00+09:00,3110.0,3115.0,3110.0,3110.0,30000,0.0,0.0
2023-03-20 13:00:00+09:00,3115.0,3115.0,3095.0,3095.0,2300,0.0,0.0
2023-03-20 14:00:00+09:00,3095.0,3100.0,3080.0,3085.0,19900,0.0,0.0
2023-03-22 09:00:00+09:00,3140.0,3160.0,3130.0,3145.0,0,0.0,0.0
2023-03-22 10:00:00+09:00,3145.0,3155.0,3135.0,3155.0,4100,0.0,0.0
2023-03-22 11:00:00+09:00,3150.0,3155.0,3150.0,3155.0,0,0.0,0.0
2023-03-22 12:00:00+09:00,3150.0,3150.0,3140.0,3150.0,33300,0.0,0.0
2023-03-22 13:00:00+09:00,3150.0,3160.0,3150.0,3160.0,4600,0.0,0.0
2023-03-22 14:00:00+09:00,3160.0,3160.0,3155.0,3155.0,9000,0.0,0.0
2023-03-23 09:00:00+09:00,3120.0,3125.0,3105.0,3120.0,10700,0.0,0.0
2023-03-23 10:00:00+09:00,3120.0,3125.0,3120.0,3120.0,2800,0.0,0.0
2023-03-23 11:00:00+09:00,3120.0,3125.0,3120.0,3125.0,0,0.0,0.0
2023-03-23 12:00:00+09:00,3130.0,3140.0,3125.0,3135.0,19300,0.0,0.0
2023-03-23 13:00:00+09:00,3140.0,3140.0,3125.0,3125.0,5000,0.0,0.0
2023-03-23 14:00:00+09:00,3130.0,3135.0,3125.0,3130.0,3000,0.0,0.0
2023-03-24 09:00:00+09:00,3120.0,3130.0,3120.0,3130.0,6400,0.0,0.0
2023-03-24 10:00:00+09:00,3125.0,3135.0,3125.0,3135.0,3800,0.0,0.0
2023-03-24 11:00:00+09:00,3140.0,3140.0,3140.0,3140.0,0,0.0,0.0
2023-03-24 12:00:00+09:00,3175.0,3175.0,3145.0,3145.0,14200,0.0,0.0
2023-03-24 13:00:00+09:00,3145.0,3145.0,3140.0,3145.0,1300,0.0,0.0
2023-03-24 14:00:00+09:00,3145.0,3160.0,3145.0,3160.0,4400,0.0,0.0
2023-03-27 09:00:00+09:00,3185.0,3200.0,3185.0,3200.0,10100,0.0,0.0
2023-03-27 10:00:00+09:00,3200.0,3215.0,3200.0,3215.0,3100,0.0,0.0
2023-03-27 11:00:00+09:00,3220.0,3225.0,3220.0,3220.0,0,0.0,0.0
2023-03-27 12:00:00+09:00,3230.0,3230.0,3215.0,3215.0,17900,0.0,0.0
2023-03-27 13:00:00+09:00,3210.0,3210.0,3200.0,3205.0,2900,0.0,0.0
2023-03-27 14:00:00+09:00,3205.0,3220.0,3205.0,3220.0,6700,0.0,0.0
2023-03-28 09:00:00+09:00,3245.0,3245.0,3205.0,3210.0,23000,0.0,0.0
2023-03-28 10:00:00+09:00,3215.0,3225.0,3205.0,3205.0,5100,0.0,0.0
2023-03-28 11:00:00+09:00,3205.0,3215.0,3205.0,3215.0,0,0.0,0.0
2023-03-28 12:00:00+09:00,3200.0,3215.0,3200.0,3210.0,33700,0.0,0.0
2023-03-28 13:00:00+09:00,3210.0,3215.0,3205.0,3210.0,4000,0.0,0.0
2023-03-28 14:00:00+09:00,3210.0,3220.0,3210.0,3220.0,7400,0.0,0.0
2023-03-29 09:00:00+09:00,3220.0,3250.0,3210.0,3250.0,11000,0.0,0.0
2023-03-29 10:00:00+09:00,3255.0,3280.0,3255.0,3270.0,9400,0.0,0.0
2023-03-29 11:00:00+09:00,3270.0,3275.0,3270.0,3270.0,0,0.0,0.0
2023-03-29 12:00:00+09:00,3265.0,3275.0,3265.0,3275.0,28500,0.0,0.0
2023-03-29 13:00:00+09:00,3280.0,3285.0,3270.0,3270.0,5800,0.0,0.0
2023-03-29 14:00:00+09:00,3270.0,3320.0,3265.0,3300.0,29100,0.0,0.0
2023-03-30 09:00:00+09:00,3225.0,3240.0,3200.0,3205.0,14500,0.0,0.0
2023-03-30 10:00:00+09:00,3205.0,3240.0,3200.0,3240.0,24100,0.0,0.0
2023-03-30 11:00:00+09:00,3235.0,3250.0,3235.0,3245.0,0,0.0,0.0
2023-03-30 12:00:00+09:00,3225.0,3245.0,3225.0,3230.0,49300,0.0,0.0
2023-03-30 13:00:00+09:00,3230.0,3235.0,3225.0,3225.0,4300,0.0,0.0
2023-03-30 14:00:00+09:00,3225.0,3250.0,3220.0,3235.0,14300,0.0,0.0
2023-03-31 09:00:00+09:00,3250.0,3270.0,3225.0,3225.0,0,0.0,0.0
2023-03-31 10:00:00+09:00,3220.0,3220.0,3210.0,3210.0,15900,0.0,0.0
2023-03-31 11:00:00+09:00,3215.0,3215.0,3205.0,3210.0,0,0.0,0.0
2023-03-31 12:00:00+09:00,3210.0,3235.0,3210.0,3235.0,22800,0.0,0.0
2023-03-31 13:00:00+09:00,3240.0,3240.0,3235.0,3235.0,5000,0.0,0.0
2023-03-31 14:00:00+09:00,3230.0,3230.0,3215.0,3225.0,8500,0.0,0.0
2023-04-03 09:00:00+09:00,3255.0,3275.0,3235.0,3275.0,23300,0.0,0.0
2023-04-03 10:00:00+09:00,3275.0,3275.0,3255.0,3260.0,9000,0.0,0.0
2023-04-03 11:00:00+09:00,3260.0,3260.0,3250.0,3260.0,0,0.0,0.0
2023-04-03 12:00:00+09:00,3255.0,3260.0,3255.0,3255.0,36000,0.0,0.0
2023-04-03 13:00:00+09:00,3255.0,3255.0,3250.0,3250.0,3200,0.0,0.0
2023-04-03 14:00:00+09:00,3245.0,3265.0,3245.0,3260.0,10100,0.0,0.0
2023-04-04 09:00:00+09:00,3250.0,3250.0,3215.0,3220.0,11100,0.0,0.0
2023-04-04 10:00:00+09:00,3225.0,3235.0,3225.0,3235.0,5400,0.0,0.0
2023-04-04 11:00:00+09:00,3235.0,3240.0,3225.0,3225.0,0,0.0,0.0
2023-04-04 12:00:00+09:00,3240.0,3245.0,3240.0,3240.0,23600,0.0,0.0
2023-04-04 13:00:00+09:00,3240.0,3250.0,3240.0,3245.0,2000,0.0,0.0
2023-04-04 14:00:00+09:00,3245.0,3250.0,3240.0,3250.0,9500,0.0,0.0
2023-04-05 09:00:00+09:00,3220.0,3220.0,3155.0,3160.0,15800,0.0,0.0
2023-04-05 10:00:00+09:00,3160.0,3165.0,3130.0,3140.0,7400,0.0,0.0
2023-04-05 11:00:00+09:00,3140.0,3155.0,3140.0,3155.0,0,0.0,0.0
2023-04-05 12:00:00+09:00,3155.0,3155.0,3140.0,3140.0,27500,0.0,0.0
2023-04-05 13:00:00+09:00,3135.0,3140.0,3130.0,3130.0,4300,0.0,0.0
2023-04-05 14:00:00+09:00,3135.0,3140.0,3125.0,3135.0,9200,0.0,0.0
2023-04-06 09:00:00+09:00,3075.0,3090.0,3055.0,3065.0,15000,0.0,0.0
2023-04-06 10:00:00+09:00,3065.0,3080.0,3065.0,3075.0,5300,0.0,0.0
2023-04-06 11:00:00+09:00,3080.0,3085.0,3075.0,3085.0,0,0.0,0.0
2023-04-06 12:00:00+09:00,3085.0,3085.0,3075.0,3080.0,27300,0.0,0.0
2023-04-06 13:00:00+09:00,3075.0,3095.0,3070.0,3095.0,4100,0.0,0.0
2023-04-06 14:00:00+09:00,3095.0,3100.0,3090.0,3100.0,10300,0.0,0.0
2023-04-07 09:00:00+09:00,3105.0,3130.0,3100.0,3115.0,7900,0.0,0.0
2023-04-07 10:00:00+09:00,3110.0,3115.0,3105.0,3110.0,3500,0.0,0.0
2023-04-07 11:00:00+09:00,3110.0,3125.0,3110.0,3120.0,0,0.0,0.0
2023-04-07 12:00:00+09:00,3120.0,3120.0,3115.0,3120.0,16900,0.0,0.0
2023-04-07 13:00:00+09:00,3120.0,3125.0,3120.0,3120.0,1900,0.0,0.0
2023-04-07 14:00:00+09:00,3125.0,3135.0,3120.0,3125.0,5300,0.0,0.0
2023-04-10 09:00:00+09:00,3145.0,3145.0,3115.0,3135.0,0,0.0,0.0
2023-04-10 10:00:00+09:00,3135.0,3140.0,3135.0,3135.0,1600,0.0,0.0
2023-04-10 11:00:00+09:00,3135.0,3135.0,3130.0,3135.0,0,0.0,0.0
2023-04-10 12:00:00+09:00,3140.0,3140.0,3130.0,3130.0,11500,0.0,0.0
2023-04-10 13:00:00+09:00,3125.0,3135.0,3125.0,3135.0,2100,0.0,0.0
2023-04-10 14:00:00+09:00,3130.0,3150.0,3130.0,3150.0,5600,0.0,0.0
2023-04-11 09:00:00+09:00,3200.0,3200.0,3165.0,3170.0,7100,0.0,0.0
2023-04-11 10:00:00+09:00,3170.0,3170.0,3160.0,3170.0,3200,0.0,0.0
2023-04-11 11:00:00+09:00,3175.0,3175.0,3155.0,3155.0,0,0.0,0.0
2023-04-11 12:00:00+09:00,3155.0,3155.0,3145.0,3145.0,15600,0.0,0.0
2023-04-11 13:00:00+09:00,3145.0,3145.0,3130.0,3140.0,5100,0.0,0.0
2023-04-11 14:00:00+09:00,3135.0,3150.0,3135.0,3150.0,4800,0.0,0.0
2023-04-12 09:00:00+09:00,3190.0,3200.0,3170.0,3195.0,9900,0.0,0.0
2023-04-12 10:00:00+09:00,3195.0,3200.0,3190.0,3200.0,1800,0.0,0.0
2023-04-12 11:00:00+09:00,3200.0,3205.0,3190.0,3195.0,0,0.0,0.0
2023-04-12 12:00:00+09:00,3200.0,3200.0,3190.0,3200.0,17300,0.0,0.0
2023-04-12 13:00:00+09:00,3200.0,3205.0,3195.0,3195.0,5100,0.0,0.0
2023-04-12 14:00:00+09:00,3200.0,3205.0,3195.0,3205.0,5000,0.0,0.0
2023-04-13 09:00:00+09:00,3175.0,3215.0,3175.0,3210.0,7200,0.0,0.0
2023-04-13 10:00:00+09:00,3210.0,3210.0,3200.0,3205.0,2900,0.0,0.0
2023-04-13 11:00:00+09:00,3205.0,3205.0,3200.0,3200.0,0,0.0,0.0
2023-04-13 12:00:00+09:00,3195.0,3215.0,3195.0,3215.0,12700,0.0,0.0
2023-04-13 13:00:00+09:00,3220.0,3220.0,3215.0,3215.0,800,0.0,0.0
2023-04-13 14:00:00+09:00,3215.0,3220.0,3210.0,3215.0,4800,0.0,0.0
2023-04-14 09:00:00+09:00,3200.0,3240.0,3200.0,3240.0,10400,0.0,0.0
2023-04-14 10:00:00+09:00,3240.0,3245.0,3240.0,3240.0,5000,0.0,0.0
2023-04-14 11:00:00+09:00,3240.0,3240.0,3230.0,3235.0,0,0.0,0.0
2023-04-14 12:00:00+09:00,3240.0,3240.0,3230.0,3230.0,21500,0.0,0.0
2023-04-14 13:00:00+09:00,3235.0,3240.0,3235.0,3240.0,2100,0.0,0.0
2023-04-14 14:00:00+09:00,3235.0,3240.0,3235.0,3240.0,6300,0.0,0.0
2023-04-17 09:00:00+09:00,3245.0,3265.0,3225.0,3230.0,0,0.0,0.0
2023-04-17 10:00:00+09:00,3230.0,3235.0,3220.0,3225.0,11300,0.0,0.0
2023-04-17 11:00:00+09:00,3220.0,3220.0,3220.0,3220.0,0,0.0,0.0
2023-04-17 12:00:00+09:00,3215.0,3225.0,3215.0,3225.0,14400,0.0,0.0
2023-04-17 13:00:00+09:00,3225.0,3235.0,3225.0,3235.0,4900,0.0,0.0
2023-04-17 14:00:00+09:00,3230.0,3245.0,3230.0,3245.0,5900,0.0,0.0
2023-04-18 09:00:00+09:00,3235.0,3255.0,3225.0,3255.0,20500,0.0,0.0
2023-04-18 10:00:00+09:00,3255.0,3260.0,3245.0,3245.0,4300,0.0,0.0
2023-04-18 11:00:00+09:00,3250.0,3255.0,3245.0,3255.0,0,0.0,0.0
2023-04-18 12:00:00+09:00,3255.0,3255.0,3245.0,3245.0,29000,0.0,0.0
2023-04-18 13:00:00+09:00,3245.0,3255.0,3245.0,3245.0,4500,0.0,0.0
2023-04-18 14:00:00+09:00,3245.0,3260.0,3245.0,3255.0,7800,0.0,0.0
2023-04-19 09:00:00+09:00,3235.0,3235.0,3200.0,3215.0,9600,0.0,0.0
2023-04-19 10:00:00+09:00,3215.0,3220.0,3210.0,3210.0,3400,0.0,0.0
2023-04-19 11:00:00+09:00,3215.0,3220.0,3215.0,3220.0,0,0.0,0.0
2023-04-19 12:00:00+09:00,3210.0,3220.0,3210.0,3220.0,15900,0.0,0.0
2023-04-19 13:00:00+09:00,3215.0,3220.0,3215.0,3220.0,1800,0.0,0.0
2023-04-19 14:00:00+09:00,3215.0,3215.0,3210.0,3215.0,6800,0.0,0.0
2023-04-20 09:00:00+09:00,3205.0,3225.0,3195.0,3210.0,7000,0.0,0.0
2023-04-20 10:00:00+09:00,3210.0,3220.0,3210.0,3215.0,4400,0.0,0.0
2023-04-20 11:00:00+09:00,3220.0,3220.0,3215.0,3220.0,0,0.0,0.0
2023-04-20 12:00:00+09:00,3225.0,3225.0,3215.0,3225.0,16300,0.0,0.0
2023-04-20 13:00:00+09:00,3225.0,3225.0,3225.0,3225.0,3300,0.0,0.0
2023-04-20 14:00:00+09:00,3220.0,3220.0,3210.0,3210.0,4500,0.0,0.0
2023-04-21 09:00:00+09:00,3205.0,3205.0,3175.0,3205.0,11100,0.0,0.0
2023-04-21 10:00:00+09:00,3210.0,3210.0,3200.0,3200.0,6000,0.0,0.0
2023-04-21 11:00:00+09:00,3190.0,3190.0,3180.0,3180.0,0,0.0,0.0
2023-04-21 12:00:00+09:00,3180.0,3185.0,3170.0,3170.0,23200,0.0,0.0
2023-04-21 13:00:00+09:00,3170.0,3180.0,3170.0,3180.0,0,0.0,0.0
2023-04-21 14:00:00+09:00,3180.0,3185.0,3170.0,3175.0,36000,0.0,0.0
2023-04-24 09:00:00+09:00,3185.0,3225.0,3185.0,3225.0,7700,0.0,0.0
2023-04-24 10:00:00+09:00,3230.0,3235.0,3230.0,3230.0,6900,0.0,0.0
2023-04-24 11:00:00+09:00,3235.0,3235.0,3230.0,3230.0,0,0.0,0.0
2023-04-24 12:00:00+09:00,3235.0,3240.0,3225.0,3225.0,19200,0.0,0.0
2023-04-24 13:00:00+09:00,3230.0,3230.0,3225.0,3230.0,3600,0.0,0.0
2023-04-24 14:00:00+09:00,3235.0,3235.0,3225.0,3225.0,8600,0.0,0.0
2023-04-25 09:00:00+09:00,3265.0,3275.0,3255.0,3260.0,21100,0.0,0.0
2023-04-25 10:00:00+09:00,3260.0,3260.0,3250.0,3255.0,5100,0.0,0.0
2023-04-25 11:00:00+09:00,3255.0,3255.0,3245.0,3250.0,0,0.0,0.0
2023-04-25 12:00:00+09:00,3250.0,3250.0,3230.0,3230.0,29200,0.0,0.0
2023-04-25 13:00:00+09:00,3225.0,3235.0,3220.0,3225.0,3700,0.0,0.0
2023-04-25 14:00:00+09:00,3230.0,3230.0,3215.0,3225.0,8900,0.0,0.0
2023-04-26 09:00:00+09:00,3205.0,3205.0,3170.0,3195.0,21000,0.0,0.0
2023-04-26 10:00:00+09:00,3195.0,3200.0,3190.0,3190.0,2500,0.0,0.0
2023-04-26 11:00:00+09:00,3190.0,3190.0,3190.0,3190.0,0,0.0,0.0
2023-04-26 12:00:00+09:00,3180.0,3190.0,3165.0,3165.0,38200,0.0,0.0
2023-04-26 13:00:00+09:00,3165.0,3180.0,3165.0,3180.0,8500,0.0,0.0
2023-04-26 14:00:00+09:00,3185.0,3195.0,3175.0,3185.0,10400,0.0,0.0
2023-04-27 09:00:00+09:00,3180.0,3180.0,3150.0,3155.0,6900,0.0,0.0
2023-04-27 10:00:00+09:00,3160.0,3180.0,3160.0,3175.0,3500,0.0,0.0
2023-04-27 11:00:00+09:00,3175.0,3175.0,3165.0,3165.0,0,0.0,0.0
2023-04-27 12:00:00+09:00,3160.0,3165.0,3145.0,3145.0,15600,0.0,0.0
2023-04-27 13:00:00+09:00,3150.0,3160.0,3150.0,3160.0,5200,0.0,0.0
2023-04-27 14:00:00+09:00,3165.0,3170.0,3160.0,3165.0,9000,0.0,0.0
2023-04-28 09:00:00+09:00,3220.0,3225.0,3195.0,3200.0,9700,0.0,0.0
2023-04-28 10:00:00+09:00,3200.0,3210.0,3190.0,3205.0,5500,0.0,0.0
2023-04-28 11:00:00+09:00,3200.0,3210.0,3200.0,3210.0,0,0.0,0.0
2023-04-28 12:00:00+09:00,3195.0,3205.0,3195.0,3200.0,21000,0.0,0.0
2023-04-28 13:00:00+09:00,3205.0,3225.0,3200.0,3200.0,8600,0.0,0.0
2023-04-28 14:00:00+09:00,3205.0,3215.0,3200.0,3210.0,10000,0.0,0.0
2023-05-01 09:00:00+09:00,3280.0,3310.0,3235.0,3290.0,32800,0.0,0.0
2023-05-01 10:00:00+09:00,3295.0,3295.0,3255.0,3260.0,13000,0.0,0.0
2023-05-01 11:00:00+09:00,3260.0,3270.0,3255.0,3255.0,0,0.0,0.0
2023-05-01 12:00:00+09:00,3265.0,3275.0,3265.0,3275.0,56400,0.0,0.0
2023-05-01 13:00:00+09:00,3275.0,3280.0,3270.0,3270.0,6100,0.0,0.0
2023-05-01 14:00:00+09:00,3265.0,3275.0,3255.0,3270.0,13900,0.0,0.0
2023-05-02 09:00:00+09:00,3270.0,3275.0,3215.0,3245.0,21800,0.0,0.0
2023-05-02 10:00:00+09:00,3245.0,3245.0,3215.0,3230.0,26700,0.0,0.0
2023-05-02 11:00:00+09:00,3225.0,3240.0,3225.0,3240.0,0,0.0,0.0
2023-05-02 12:00:00+09:00,3240.0,3250.0,3240.0,3250.0,56600,0.0,0.0
2023-05-02 13:00:00+09:00,3255.0,3255.0,3245.0,3245.0,9800,0.0,0.0
2023-05-02 14:00:00+09:00,3245.0,3270.0,3245.0,3265.0,16300,0.0,0.0
2023-05-08 09:00:00+09:00,3220.0,3275.0,3220.0,3270.0,11700,0.0,0.0
2023-05-08 10:00:00+09:00,3265.0,3265.0,3250.0,3250.0,5300,0.0,0.0
2023-05-08 11:00:00+09:00,3250.0,3250.0,3240.0,3250.0,0,0.0,0.0
2023-05-08 12:00:00+09:00,3245.0,3250.0,3240.0,3240.0,27200,0.0,0.0
2023-05-08 13:00:00+09:00,3240.0,3240.0,3230.0,3235.0,10900,0.0,0.0
2023-05-08 14:00:00+09:00,3235.0,3240.0,3225.0,3240.0,12300,0.0,0.0
2023-05-09 09:00:00+09:00,3280.0,3310.0,3280.0,3295.0,19600,0.0,0.0
2023-05-09 10:00:00+09:00,3300.0,3325.0,3300.0,3310.0,14000,0.0,0.0
2023-05-09 11:00:00+09:00,3305.0,3310.0,3300.0,3300.0,0,0.0,0.0
2023-05-09 12:00:00+09:00,3305.0,3320.0,3305.0,3320.0,47100,0.0,0.0
2023-05-09 13:00:00+09:00,3310.0,3320.0,3310.0,3320.0,9000,0.0,0.0
2023-05-09 14:00:00+09:00,3315.0,3320.0,3300.0,3305.0,19600,0.0,0.0
2023-05-10 09:00:00+09:00,3310.0,3325.0,3300.0,3305.0,13800,0.0,0.0
2023-05-10 10:00:00+09:00,3305.0,3305.0,3260.0,3260.0,12900,0.0,0.0
2023-05-10 11:00:00+09:00,3260.0,3270.0,3255.0,3270.0,0,0.0,0.0
2023-05-10 12:00:00+09:00,3275.0,3275.0,3260.0,3265.0,40100,0.0,0.0
2023-05-10 13:00:00+09:00,3270.0,3270.0,3265.0,3265.0,5200,0.0,0.0
2023-05-10 14:00:00+09:00,3270.0,3280.0,3265.0,3275.0,15100,0.0,0.0
2023-05-11 09:00:00+09:00,3280.0,3310.0,3280.0,3310.0,0,0.0,0.0
2023-05-11 10:00:00+09:00,3310.0,3310.0,3295.0,3295.0,11400,0.0,0.0
2023-05-11 11:00:00+09:00,3300.0,3300.0,3295.0,3300.0,0,0.0,0.0
2023-05-11 12:00:00+09:00,3310.0,3310.0,3295.0,3295.0,16100,0.0,0.0
2023-05-11 13:00:00+09:00,3295.0,3295.0,3290.0,3290.0,3100,0.0,0.0
2023-05-11 14:00:00+09:00,3290.0,3295.0,3285.0,3290.0,3500,0.0,0.0
2023-05-12 09:00:00+09:00,3330.0,3335.0,3300.0,3320.0,17500,0.0,0.0
2023-05-12 10:00:00+09:00,3320.0,3340.0,3320.0,3325.0,18000,0.0,0.0
2023-05-12 11:00:00+09:00,3325.0,3330.0,3325.0,3330.0,0,0.0,0.0
2023-05-12 12:00:00+09:00,3330.0,3340.0,3330.0,3335.0,43000,0.0,0.0
2023-05-12 13:00:00+09:00,3335.0,3340.0,3330.0,3340.0,6100,0.0,0.0
2023-05-12 14:00:00+09:00,3340.0,3355.0,3335.0,3350.0,24700,0.0,0.0
2023-05-15 09:00:00+09:00,3365.0,3365.0,3330.0,3330.0,14600,0.0,0.0
2023-05-15 10:00:00+09:00,3330.0,3335.0,3325.0,3330.0,7000,0.0,0.0
2023-05-15 11:00:00+09:00,3330.0,3330.0,3320.0,3325.0,0,0.0,0.0
2023-05-15 12:00:00+09:00,3325.0,3340.0,3325.0,3340.0,29100,0.0,0.0
2023-05-15 13:00:00+09:00,3340.0,3345.0,3325.0,3325.0,10200,0.0,0.0
2023-05-15 14:00:00+09:00,3325.0,3345.0,3320.0,3345.0,13700,0.0,0.0
2023-05-16 09:00:00+09:00,3365.0,3390.0,3355.0,3385.0,15600,0.0,0.0
2023-05-16 10:00:00+09:00,3390.0,3400.0,3370.0,3390.0,17100,0.0,0.0
2023-05-16 11:00:00+09:00,3385.0,3390.0,3380.0,3385.0,0,0.0,0.0
2023-05-16 12:00:00+09:00,3385.0,3390.0,3375.0,3380.0,43500,0.0,0.0
2023-05-16 13:00:00+09:00,3380.0,3385.0,3375.0,3385.0,7900,0.0,0.0
2023-05-16 14:00:00+09:00,3385.0,3390.0,3380.0,3390.0,11800,0.0,0.0
2023-05-17 09:00:00+09:00,3400.0,3400.0,3375.0,3395.0,35600,0.0,0.0
2023-05-17 10:00:00+09:00,3395.0,3425.0,3395.0,3425.0,17400,0.0,0.0
2023-05-17 11:00:00+09:00,3420.0,3420.0,3405.0,3420.0,0,0.0,0.0
2023-05-17 12:00:00+09:00,3420.0,3420.0,3405.0,3405.0,67500,0.0,0.0
2023-05-17 13:00:00+09:00,3405.0,3410.0,3395.0,3400.0,10100,0.0,0.0
2023-05-17 14:00:00+09:00,3400.0,3400.0,3385.0,3390.0,17100,0.0,0.0
2023-05-18 09:00:00+09:00,3415.0,3420.0,3380.0,3390.0,0,0.0,0.0
2023-05-18 10:00:00+09:00,3385.0,3390.0,3380.0,3390.0,5600,0.0,0.0
2023-05-18 11:00:00+09:00,3395.0,3405.0,3390.0,3405.0,0,0.0,0.0
2023-05-18 12:00:00+09:00,3410.0,3430.0,3410.0,3425.0,43000,0.0,0.0
2023-05-18 13:00:00+09:00,3430.0,3440.0,3415.0,3415.0,8900,0.0,0.0
2023-05-18 14:00:00+09:00,3415.0,3425.0,3415.0,3420.0,10900,0.0,0.0
2023-05-19 09:00:00+09:00,3445.0,3460.0,3425.0,3435.0,21200,0.0,0.0
2023-05-19 10:00:00+09:00,3435.0,3450.0,3430.0,3450.0,7400,0.0,0.0
2023-05-19 11:00:00+09:00,3450.0,3450.0,3450.0,3450.0,0,0.0,0.0
2023-05-19 12:00:00+09:00,3460.0,3460.0,3440.0,3440.0,38500,0.0,0.0
2023-05-19 13:00:00+09:00,3435.0,3445.0,3430.0,3445.0,5400,0.0,0.0
2023-05-19 14:00:00+09:00,3445.0,3450.0,3435.0,3445.0,12000,0.0,0.0
2023-05-22 09:00:00+09:00,3460.0,3460.0,3445.0,3455.0,12200,0.0,0.0
2023-05-22 10:00:00+09:00,3445.0,3445.0,3440.0,3445.0,4300,0.0,0.0
2023-05-22 11:00:00+09:00,3445.0,3445.0,3445.0,3445.0,0,0.0,0.0
2023-05-22 12:00:00+09:00,3455.0,3455.0,3440.0,3445.0,22500,0.0,0.0
2023-05-22 13:00:00+09:00,3445.0,3475.0,3445.0,3475.0,15600,0.0,0.0
2023-05-22 14:00:00+09:00,3475.0,3480.0,3465.0,3470.0,15600,0.0,0.0
2023-05-23 09:00:00+09:00,3510.0,3525.0,3495.0,3505.0,22800,0.0,0.0
2023-05-23 10:00:00+09:00,3505.0,3515.0,3500.0,3500.0,9700,0.0,0.0
2023-05-23 11:00:00+09:00,3500.0,3500.0,3490.0,3495.0,0,0.0,0.0
2023-05-23 12:00:00+09:00,3495.0,3495.0,3470.0,3480.0,52800,0.0,0.0
2023-05-23 13:00:00+09:00,3485.0,3485.0,3455.0,3470.0,17500,0.0,0.0
2023-05-23 14:00:00+09:00,3465.0,3480.0,3465.0,3470.0,15500,0.0,0.0
2023-05-24 09:00:00+09:00,3480.0,3480.0,3460.0,3460.0,11500,0.0,0.0
2023-05-24 10:00:00+09:00,3455.0,3465.0,3455.0,3455.0,7800,0.0,0.0
2023-05-24 11:00:00+09:00,3455.0,3460.0,3450.0,3460.0,0,0.0,0.0
2023-05-24 12:00:00+09:00,3470.0,3470.0,3460.0,3470.0,27500,0.0,0.0
2023-05-24 13:00:00+09:00,3470.0,3485.0,3465.0,3485.0,5300,0.0,0.0
2023-05-24 14:00:00+09:00,3480.0,3480.0,3475.0,3475.0,6200,0.0,0.0
2023-05-25 09:00:00+09:00,3470.0,3515.0,3465.0,3510.0,15600,0.0,0.0
2023-05-25 10:00:00+09:00,3505.0,3505.0,3490.0,3500.0,8200,0.0,0.0
2023-05-25 11:00:00+09:00,3500.0,3515.0,3500.0,3515.0,0,0.0,0.0
2023-05-25 12:00:00+09:00,3515.0,3520.0,3515.0,3515.0,30400,0.0,0.0
2023-05-25 13:00:00+09:00,3515.0,3515.0,3490.0,3495.0,9100,0.0,0.0
2023-05-25 14:00:00+09:00,3495.0,3505.0,3490.0,3495.0,9300,0.0,0.0
2023-05-26 09:00:00+09:00,3510.0,3525.0,3495.0,3520.0,27500,0.0,0.0
2023-05-26 10:00:00+09:00,3520.0,3530.0,3515.0,3530.0,4500,0.0,0.0
2023-05-26 11:00:00+09:00,3535.0,3545.0,3530.0,3535.0,0,0.0,0.0
2023-05-26 12:00:00+09:00,3530.0,3535.0,3525.0,3530.0,45000,0.0,0.0
2023-05-26 13:00:00+09:00,3530.0,3530.0,3525.0,3525.0,5100,0.0,0.0
2023-05-26 14:00:00+09:00,3520.0,3520.0,3510.0,3510.0,10000,0.0,0.0
2023-05-29 09:00:00+09:00,3520.0,3535.0,3515.0,3525.0,0,0.0,0.0
2023-05-29 10:00:00+09:00,3520.0,3530.0,3520.0,3530.0,4800,0.0,0.0
2023-05-29 11:00:00+09:00,3535.0,3540.0,3530.0,3530.0,0,0.0,0.0
2023-05-29 12:00:00+09:00,3530.0,3540.0,3530.0,3535.0,26600,0.0,0.0
2023-05-29 13:00:00+09:00,3535.0,3535.0,3520.0,3530.0,6300,0.0,0.0
2023-05-29 14:00:00+09:00,3530.0,3530.0,3520.0,3525.0,9900,0.0,0.0
2023-05-30 09:00:00+09:00,3525.0,3535.0,3495.0,3510.0,15700,0.0,0.0
2023-05-30 10:00:00+09:00,3515.0,3520.0,3510.0,3515.0,6100,0.0,0.0
2023-05-30 11:00:00+09:00,3510.0,3520.0,3510.0,3515.0,0,0.0,0.0
2023-05-30 12:00:00+09:00,3515.0,3550.0,3515.0,3550.0,29600,0.0,0.0
2023-05-30 13:00:00+09:00,3545.0,3550.0,3535.0,3545.0,5000,0.0,0.0
2023-05-30 14:00:00+09:00,3540.0,3550.0,3535.0,3540.0,9400,0.0,0.0
2023-05-31 09:00:00+09:00,3540.0,3565.0,3520.0,3520.0,0,0.0,0.0
2023-05-31 10:00:00+09:00,3520.0,3540.0,3520.0,3530.0,8400,0.0,0.0
2023-05-31 11:00:00+09:00,3530.0,3530.0,3510.0,3515.0,0,0.0,0.0
2023-05-31 12:00:00+09:00,3515.0,3530.0,3515.0,3530.0,40400,0.0,0.0
2023-05-31 13:00:00+09:00,3535.0,3535.0,3515.0,3535.0,8500,0.0,0.0
2023-05-31 14:00:00+09:00,3530.0,3530.0,3505.0,3510.0,32900,0.0,0.0
2023-06-01 09:00:00+09:00,3515.0,3520.0,3485.0,3510.0,20100,0.0,0.0
2023-06-01 10:00:00+09:00,3510.0,3510.0,3470.0,3475.0,8000,0.0,0.0
2023-06-01 11:00:00+09:00,3480.0,3485.0,3475.0,3475.0,0,0.0,0.0
2023-06-01 12:00:00+09:00,3475.0,3485.0,3475.0,3480.0,38700,0.0,0.0
2023-06-01 13:00:00+09:00,3480.0,3480.0,3460.0,3460.0,8300,0.0,0.0
2023-06-01 14:00:00+09:00,3465.0,3475.0,3460.0,3465.0,14800,0.0,0.0
2023-06-02 09:00:00+09:00,3465.0,3525.0,3465.0,3520.0,14800,0.0,0.0
2023-06-02 10:00:00+09:00,3520.0,3535.0,3515.0,3535.0,7200,0.0,0.0
2023-06-02 11:00:00+09:00,3535.0,3535.0,3515.0,3515.0,0,0.0,0.0
2023-06-02 12:00:00+09:00,3525.0,3545.0,3525.0,3545.0,33300,0.0,0.0
2023-06-02 13:00:00+09:00,3545.0,3545.0,3535.0,3540.0,6500,0.0,0.0
2023-06-02 14:00:00+09:00,3540.0,3545.0,3535.0,3540.0,7000,0.0,0.0
2023-06-05 09:00:00+09:00,3575.0,3605.0,3575.0,3575.0,13400,0.0,0.0
2023-06-05 10:00:00+09:00,3580.0,3585.0,3570.0,3580.0,5600,0.0,0.0
2023-06-05 11:00:00+09:00,3585.0,3585.0,3585.0,3585.0,0,0.0,0.0
2023-06-05 12:00:00+09:00,3600.0,3600.0,3580.0,3585.0,27200,0.0,0.0
2023-06-05 13:00:00+09:00,3585.0,3590.0,3580.0,3585.0,3100,0.0,0.0
2023-06-05 14:00:00+09:00,3595.0,3605.0,3585.0,3605.0,11400,0.0,0.0
2023-06-06 09:00:00+09:00,3535.0,3565.0,3525.0,3560.0,19300,0.0,0.0
2023-06-06 10:00:00+09:00,3555.0,3555.0,3530.0,3540.0,7300,0.0,0.0
2023-06-06 11:00:00+09:00,3540.0,3540.0,3530.0,3530.0,0,0.0,0.0
2023-06-06 12:00:00+09:00,3530.0,3540.0,3525.0,3540.0,37900,0.0,0.0
2023-06-06 13:00:00+09:00,3535.0,3540.0,3515.0,3540.0,14600,0.0,0.0
2023-06-06 14:00:00+09:00,3535.0,3545.0,3530.0,3535.0,14800,0.0,0.0
2023-06-07 09:00:00+09:00,3560.0,3600.0,3540.0,3540.0,28900,0.0,0.0
2023-06-07 10:00:00+09:00,3535.0,3555.0,3525.0,3535.0,13100,0.0,0.0
2023-06-07 11:00:00+09:00,3535.0,3540.0,3525.0,3525.0,0,0.0,0.0
2023-06-07 12:00:00+09:00,3530.0,3560.0,3530.0,3560.0,63700,0.0,0.0
2023-06-07 13:00:00+09:00,3560.0,3560.0,3505.0,3540.0,28000,0.0,0.0
2023-06-07 14:00:00+09:00,3540.0,3540.0,3505.0,3505.0,24300,0.0,0.0
2023-06-08 09:00:00+09:00,3520.0,3530.0,3455.0,3455.0,15600,0.0,0.0
2023-06-08 10:00:00+09:00,3465.0,3490.0,3465.0,3480.0,8900,0.0,0.0
2023-06-08 11:00:00+09:00,3475.0,3475.0,3460.0,3465.0,0,0.0,0.0
2023-06-08 12:00:00+09:00,3465.0,3465.0,3440.0,3440.0,36600,0.0,0.0
2023-06-08 13:00:00+09:00,3435.0,3445.0,3425.0,3430.0,6800,0.0,0.0
2023-06-08 14:00:00+09:00,3430.0,3440.0,3420.0,3440.0,13800,0.0,0.0
2023-06-09 09:00:00+09:00,3465.0,3500.0,3465.0,3480.0,67100,0.0,0.0
2023-06-09 10:00:00+09:00,3485.0,3500.0,3485.0,3495.0,5100,0.0,0.0
2023-06-09 11:00:00+09:00,3495.0,3500.0,3485.0,3490.0,0,0.0,0.0
2023-06-09 12:00:00+09:00,3490.0,3495.0,3475.0,3485.0,83200,0.0,0.0
2023-06-09 13:00:00+09:00,3485.0,3485.0,3465.0,3470.0,4100,0.0,0.0
2023-06-09 14:00:00+09:00,3475.0,3485.0,3465.0,3465.0,13500,0.0,0.0
2023-06-12 09:00:00+09:00,3500.0,3520.0,3500.0,3515.0,6600,0.0,0.0
2023-06-12 10:00:00+09:00,3515.0,3520.0,3510.0,3510.0,3400,0.0,0.0
2023-06-12 11:00:00+09:00,3520.0,3520.0,3510.0,3510.0,0,0.0,0.0
2023-06-12 12:00:00+09:00,3510.0,3515.0,3505.0,3515.0,19800,0.0,0.0
2023-06-12 13:00:00+09:00,3515.0,3515.0,3510.0,3515.0,5700,0.0,0.0
2023-06-12 14:00:00+09:00,3515.0,3520.0,3500.0,3505.0,16200,0.0,0.0
2023-06-13 09:00:00+09:00,3535.0,3545.0,3520.0,3525.0,7900,0.0,0.0
2023-06-13 10:00:00+09:00,3530.0,3545.0,3530.0,3540.0,5800,0.0,0.0
2023-06-13 11:00:00+09:00,3545.0,3550.0,3540.0,3550.0,0,0.0,0.0
2023-06-13 12:00:00+09:00,3555.0,3565.0,3550.0,3550.0,26200,0.0,0.0
2023-06-13 13:00:00+09:00,3550.0,3550.0,3535.0,3540.0,6800,0.0,0.0
2023-06-13 14:00:00+09:00,3545.0,3555.0,3540.0,3550.0,12500,0.0,0.0
2023-06-14 09:00:00+09:00,3585.0,3585.0,3545.0,3560.0,16800,0.0,0.0
2023-06-14 10:00:00+09:00,3565.0,3570.0,3550.0,3565.0,13600,0.0,0.0
2023-06-14 11:00:00+09:00,3565.0,3570.0,3560.0,3565.0,0,0.0,0.0
2023-06-14 12:00:00+09:00,3575.0,3575.0,3555.0,3570.0,44600,0.0,0.0
2023-06-14 13:00:00+09:00,3570.0,3570.0,3560.0,3565.0,10400,0.0,0.0
2023-06-14 14:00:00+09:00,3565.0,3565.0,3540.0,3550.0,26700,0.0,0.0
2023-06-15 09:00:00+09:00,3555.0,3560.0,3540.0,3555.0,11700,0.0,0.0
2023-06-15 10:00:00+09:00,3555.0,3560.0,3545.0,3560.0,5800,0.0,0.0
2023-06-15 11:00:00+09:00,3560.0,3570.0,3560.0,3570.0,0,0.0,0.0
2023-06-15 12:00:00+09:00,3570.0,3575.0,3565.0,3570.0,27400,0.0,0.0
2023-06-15 13:00:00+09:00,3570.0,3570.0,3555.0,3555.0,14100,0.0,0.0
2023-06-15 14:00:00+09:00,3555.0,3560.0,3545.0,3545.0,8400,0.0,0.0
2023-06-16 09:00:00+09:00,3545.0,3555.0,3525.0,3530.0,46200,0.0,0.0
2023-06-16 10:00:00+09:00,3525.0,3530.0,3515.0,3520.0,17900,0.0,0.0
2023-06-16 11:00:00+09:00,3525.0,3530.0,3520.0,3530.0,0,0.0,0.0
2023-06-16 12:00:00+09:00,3555.0,3555.0,3535.0,3550.0,81600,0.0,0.0
2023-06-16 13:00:00+09:00,3550.0,3550.0,3540.0,3550.0,12500,0.0,0.0
2023-06-16 14:00:00+09:00,3550.0,3570.0,3545.0,3550.0,36500,0.0,0.0
2023-06-19 09:00:00+09:00,3550.0,3550.0,3515.0,3535.0,22900,0.0,0.0
2023-06-19 10:00:00+09:00,3535.0,3545.0,3530.0,3530.0,13000,0.0,0.0
2023-06-19 11:00:00+09:00,3525.0,3530.0,3520.0,3520.0,0,0.0,0.0
2023-06-19 12:00:00+09:00,3530.0,3535.0,3515.0,3525.0,48000,0.0,0.0
2023-06-19 13:00:00+09:00,3525.0,3535.0,3525.0,3530.0,0,0.0,0.0
2023-06-19 14:00:00+09:00,3530.0,3550.0,3525.0,3550.0,66300,0.0,0.0
2023-06-20 09:00:00+09:00,3535.0,3535.0,3455.0,3470.0,25100,0.0,0.0
2023-06-20 10:00:00+09:00,3465.0,3480.0,3445.0,3455.0,10300,0.0,0.0
2023-06-20 11:00:00+09:00,3460.0,3480.0,3455.0,3475.0,0,0.0,0.0
2023-06-20 12:00:00+09:00,3480.0,3495.0,3480.0,3490.0,49800,0.0,0.0
2023-06-20 13:00:00+09:00,3490.0,3495.0,3475.0,3480.0,13600,0.0,0.0
2023-06-20 14:00:00+09:00,3480.0,3500.0,3475.0,3500.0,11000,0.0,0.0
2023-06-21 09:00:00+09:00,3500.0,3535.0,3490.0,3535.0,14800,0.0,0.0
2023-06-21 10:00:00+09:00,3535.0,3545.0,3530.0,3540.0,10500,0.0,0.0
2023-06-21 11:00:00+09:00,3540.0,3545.0,3535.0,3545.0,0,0.0,0.0
2023-06-21 12:00:00+09:00,3550.0,3550.0,3535.0,3545.0,38400,0.0,0.0
2023-06-21 13:00:00+09:00,3545.0,3560.0,3545.0,3560.0,6100,0.0,0.0
2023-06-21 14:00:00+09:00,3555.0,3565.0,3545.0,3545.0,14900,0.0,0.0
2023-06-22 09:00:00+09:00,3540.0,3580.0,3540.0,3565.0,10000,0.0,0.0
2023-06-22 10:00:00+09:00,3565.0,3575.0,3560.0,3570.0,3400,0.0,0.0
2023-06-22 11:00:00+09:00,3565.0,3570.0,3565.0,3570.0,0,0.0,0.0
2023-06-22 12:00:00+09:00,3565.0,3570.0,3560.0,3560.0,20000,0.0,0.0
2023-06-22 13:00:00+09:00,3565.0,3570.0,3550.0,3565.0,6500,0.0,0.0
2023-06-22 14:00:00+09:00,3565.0,3570.0,3535.0,3535.0,11000,0.0,0.0
2023-06-23 09:00:00+09:00,3560.0,3565.0,3530.0,3535.0,5500,0.0,0.0
2023-06-23 10:00:00+09:00,3530.0,3530.0,3495.0,3515.0,10100,0.0,0.0
2023-06-23 11:00:00+09:00,3510.0,3520.0,3500.0,3505.0,0,0.0,0.0
2023-06-23 12:00:00+09:00,3510.0,3510.0,3495.0,3500.0,30900,0.0,0.0
2023-06-23 13:00:00+09:00,3505.0,3505.0,3480.0,3490.0,4800,0.0,0.0
2023-06-23 14:00:00+09:00,3490.0,3490.0,3465.0,3475.0,14900,0.0,0.0
2023-06-26 09:00:00+09:00,3465.0,3465.0,3410.0,3425.0,0,0.0,0.0
2023-06-26 10:00:00+09:00,3420.0,3445.0,3415.0,3415.0,12200,0.0,0.0
2023-06-26 11:00:00+09:00,3415.0,3420.0,3410.0,3410.0,0,0.0,0.0
2023-06-26 12:00:00+09:00,3420.0,3420.0,3385.0,3395.0,51000,0.0,0.0
2023-06-26 13:00:00+09:00,3395.0,3415.0,3395.0,3415.0,8000,0.0,0.0
2023-06-26 14:00:00+09:00,3415.0,3415.0,3395.0,3395.0,9200,0.0,0.0
2023-06-27 09:00:00+09:00,3385.0,3385.0,3360.0,3375.0,18000,0.0,0.0
2023-06-27 10:00:00+09:00,3370.0,3385.0,3360.0,3365.0,17100,0.0,0.0
2023-06-27 11:00:00+09:00,3365.0,3370.0,3365.0,3370.0,0,0.0,0.0
2023-06-27 12:00:00+09:00,3370.0,3370.0,3350.0,3350.0,45900,0.0,0.0
2023-06-27 13:00:00+09:00,3350.0,3370.0,3350.0,3370.0,6900,0.0,0.0
2023-06-27 14:00:00+09:00,3370.0,3375.0,3365.0,3370.0,10400,0.0,0.0
2023-06-28 09:00:00+09:00,3390.0,3410.0,3385.0,3400.0,10300,0.0,0.0
2023-06-28 10:00:00+09:00,3400.0,3400.0,3380.0,3390.0,10400,0.0,0.0
2023-06-28 11:00:00+09:00,3385.0,3395.0,3380.0,3390.0,0,0.0,0.0
2023-06-28 12:00:00+09:00,3410.0,3410.0,3380.0,3390.0,34500,0.0,0.0
2023-06-28 13:00:00+09:00,3385.0,3390.0,3375.0,3380.0,6900,0.0,0.0
2023-06-28 14:00:00+09:00,3385.0,3425.0,3385.0,3425.0,17100,0.0,0.0
2023-06-29 09:00:00+09:00,3440.0,3450.0,3430.0,3435.0,6500,0.0,0.0
2023-06-29 10:00:00+09:00,3430.0,3430.0,3405.0,3425.0,3600,0.0,0.0
2023-06-29 11:00:00+09:00,3415.0,3415.0,3405.0,3405.0,0,0.0,0.0
2023-06-29 12:00:00+09:00,3400.0,3405.0,3390.0,3400.0,17000,0.0,0.0
2023-06-29 13:00:00+09:00,3400.0,3400.0,3385.0,3385.0,2700,0.0,0.0
2023-06-29 14:00:00+09:00,3395.0,3395.0,3370.0,3390.0,11000,0.0,0.0
2023-06-30 09:00:00+09:00,3395.0,3395.0,3335.0,3345.0,20100,0.0,0.0
2023-06-30 10:00:00+09:00,3340.0,3350.0,3335.0,3340.0,5600,0.0,0.0
2023-06-30 11:00:00+09:00,3345.0,3350.0,3335.0,3350.0,0,0.0,0.0
2023-06-30 12:00:00+09:00,3355.0,3370.0,3350.0,3360.0,39700,0.0,0.0
2023-06-30 13:00:00+09:00,3360.0,3380.0,3360.0,3380.0,5800,0.0,0.0
2023-06-30 14:00:00+09:00,3380.0,3390.0,3375.0,3380.0,9800,0.0,0.0
2023-07-03 09:00:00+09:00,3420.0,3445.0,3420.0,3445.0,0,0.0,0.0
2023-07-03 10:00:00+09:00,3445.0,3460.0,3445.0,3450.0,9400,0.0,0.0
2023-07-03 11:00:00+09:00,3445.0,3445.0,3430.0,3430.0,0,0.0,0.0
2023-07-03 12:00:00+09:00,3425.0,3435.0,3425.0,3430.0,29700,0.0,0.0
2023-07-03 13:00:00+09:00,3425.0,3440.0,3420.0,3435.0,7400,0.0,0.0
2023-07-03 14:00:00+09:00,3435.0,3435.0,3415.0,3425.0,11900,0.0,0.0
2023-07-04 09:00:00+09:00,3390.0,3390.0,3325.0,3335.0,21300,0.0,0.0
2023-07-04 10:00:00+09:00,3335.0,3350.0,3330.0,3335.0,13500,0.0,0.0
2023-07-04 11:00:00+09:00,3335.0,3345.0,3330.0,3345.0,0,0.0,0.0
2023-07-04 12:00:00+09:00,3325.0,3345.0,3325.0,3340.0,48800,0.0,0.0
2023-07-04 13:00:00+09:00,3340.0,3340.0,3330.0,3335.0,8200,0.0,0.0
2023-07-04 14:00:00+09:00,3335.0,3335.0,3325.0,3330.0,8300,0.0,0.0
2023-07-05 09:00:00+09:00,3300.0,3300.0,3265.0,3285.0,19500,0.0,0.0
2023-07-05 10:00:00+09:00,3290.0,3300.0,3280.0,3280.0,6500,0.0,0.0
2023-07-05 11:00:00+09:00,3280.0,3295.0,3280.0,3290.0,0,0.0,0.0
2023-07-05 12:00:00+09:00,3280.0,3295.0,3280.0,3285.0,36900,0.0,0.0
2023-07-05 13:00:00+09:00,3285.0,3285.0,3280.0,3280.0,4600,0.0,0.0
2023-07-05 14:00:00+09:00,3285.0,3285.0,3280.0,3280.0,10200,0.0,0.0
2023-07-06 09:00:00+09:00,3280.0,3285.0,3260.0,3275.0,27600,0.0,0.0
2023-07-06 10:00:00+09:00,3275.0,3285.0,3275.0,3280.0,7900,0.0,0.0
2023-07-06 11:00:00+09:00,3280.0,3285.0,3275.0,3275.0,0,0.0,0.0
2023-07-06 12:00:00+09:00,3265.0,3270.0,3255.0,3255.0,48400,0.0,0.0
2023-07-06 13:00:00+09:00,3255.0,3275.0,3255.0,3275.0,3900,0.0,0.0
2023-07-06 14:00:00+09:00,3270.0,3270.0,3250.0,3260.0,12900,0.0,0.0
2023-07-07 09:00:00+09:00,3215.0,3260.0,3215.0,3260.0,17700,0.0,0.0
2023-07-07 10:00:00+09:00,3265.0,3275.0,3260.0,3265.0,5600,0.0,0.0
2023-07-07 11:00:00+09:00,3260.0,3260.0,3240.0,3245.0,0,0.0,0.0
2023-07-07 12:00:00+09:00,3245.0,3265.0,3245.0,3260.0,34500,0.0,0.0
2023-07-07 13:00:00+09:00,3255.0,3260.0,3250.0,3260.0,6100,0.0,0.0
2023-07-07 14:00:00+09:00,3260.0,3270.0,3235.0,3240.0,12100,0.0,0.0
2023-07-10 09:00:00+09:00,3250.0,3250.0,3220.0,3240.0,17000,0.0,0.0
2023-07-10 10:00:00+09:00,3240.0,3245.0,3225.0,3225.0,5400,0.0,0.0
2023-07-10 11:00:00+09:00,3230.0,3235.0,3230.0,3235.0,0,0.0,0.0
2023-07-10 12:00:00+09:00,3235.0,3235.0,3215.0,3215.0,29400,0.0,0.0
2023-07-10 13:00:00+09:00,3215.0,3235.0,3210.0,3230.0,7600,0.0,0.0
2023-07-10 14:00:00+09:00,3230.0,3230.0,3210.0,3215.0,15600,0.0,0.0
2023-07-11 09:00:00+09:00,3220.0,3240.0,3220.0,3240.0,5800,0.0,0.0
2023-07-11 10:00:00+09:00,3240.0,3255.0,3240.0,3250.0,7600,0.0,0.0
2023-07-11 11:00:00+09:00,3250.0,3250.0,3245.0,3245.0,0,0.0,0.0
2023-07-11 12:00:00+09:00,3245.0,3255.0,3240.0,3250.0,20100,0.0,0.0
2023-07-11 13:00:00+09:00,3250.0,3250.0,3235.0,3240.0,3500,0.0,0.0
2023-07-11 14:00:00+09:00,3240.0,3240.0,3230.0,3230.0,9000,0.0,0.0
2023-07-12 09:00:00+09:00,3245.0,3245.0,3200.0,3215.0,0,0.0,0.0
2023-07-12 10:00:00+09:00,3215.0,3215.0,3215.0,3215.0,1300,0.0,0.0
2023-07-12 11:00:00+09:00,3215.0,3215.0,3210.0,3210.0,0,0.0,0.0
2023-07-12 12:00:00+09:00,3210.0,3215.0,3210.0,3215.0,12500,0.0,0.0
2023-07-12 13:00:00+09:00,3215.0,3215.0,3210.0,3215.0,600,0.0,0.0
2023-07-12 14:00:00+09:00,3210.0,3210.0,3195.0,3200.0,8900,0.0,0.0
2023-07-13 09:00:00+09:00,3205.0,3245.0,3195.0,3240.0,0,0.0,0.0
2023-07-13 10:00:00+09:00,3240.0,3255.0,3240.0,3245.0,4600,0.0,0.0
2023-07-13 11:00:00+09:00,3245.0,3260.0,3245.0,3250.0,0,0.0,0.0
2023-07-13 12:00:00+09:00,3250.0,3260.0,3250.0,3255.0,24000,0.0,0.0
2023-07-13 13:00:00+09:00,3250.0,3250.0,3240.0,3240.0,3000,0.0,0.0
2023-07-13 14:00:00+09:00,3240.0,3255.0,3240.0,3250.0,7200,0.0,0.0
2023-07-14 09:00:00+09:00,3285.0,3285.0,3250.0,3275.0,12800,0.0,0.0
2023-07-14 10:00:00+09:00,3270.0,3290.0,3265.0,3285.0,9700,0.0,0.0
2023-07-14 11:00:00+09:00,3285.0,3305.0,3285.0,3305.0,0,0.0,0.0
2023-07-14 12:00:00+09:00,3305.0,3315.0,3295.0,3315.0,29800,0.0,0.0
2023-07-14 13:00:00+09:00,3310.0,3310.0,3300.0,3305.0,4600,0.0,0.0
2023-07-14 14:00:00+09:00,3305.0,3315.0,3300.0,3300.0,11800,0.0,0.0
2023-07-18 09:00:00+09:00,3365.0,3595.0,3350.0,3420.0,107000,0.0,0.0
2023-07-18 10:00:00+09:00,3410.0,3410.0,3395.0,3395.0,4500,0.0,0.0
2023-07-18 11:00:00+09:00,3395.0,3400.0,3390.0,3400.0,0,0.0,0.0
2023-07-18 12:00:00+09:00,3390.0,3400.0,3380.0,3385.0,117500,0.0,0.0
2023-07-18 13:00:00+09:00,3385.0,3400.0,3385.0,3400.0,5800,0.0,0.0
2023-07-18 14:00:00+09:00,3395.0,3415.0,3395.0,3410.0,10400,0.0,0.0
2023-07-19 09:00:00+09:00,3435.0,3460.0,3425.0,3455.0,15500,0.0,0.0
2023-07-19 10:00:00+09:00,3455.0,3465.0,3450.0,3465.0,6700,0.0,0.0
2023-07-19 11:00:00+09:00,3465.0,3465.0,3455.0,3460.0,0,0.0,0.0
2023-07-19 12:00:00+09:00,3455.0,3455.0,3450.0,3455.0,28000,0.0,0.0
2023-07-19 13:00:00+09:00,3455.0,3460.0,3455.0,3460.0,6000,0.0,0.0
2023-07-19 14:00:00+09:00,3460.0,3470.0,3455.0,3470.0,8800,0.0,0.0
2023-07-20 09:00:00+09:00,3465.0,3480.0,3445.0,3475.0,12500,0.0,0.0
2023-07-20 10:00:00+09:00,3475.0,3480.0,3455.0,3465.0,7100,0.0,0.0
2023-07-20 11:00:00+09:00,3465.0,3465.0,3430.0,3440.0,0,0.0,0.0
2023-07-20 12:00:00+09:00,3435.0,3435.0,3425.0,3430.0,33000,0.0,0.0
2023-07-20 13:00:00+09:00,3430.0,3430.0,3410.0,3410.0,0,0.0,0.0
2023-07-20 14:00:00+09:00,3410.0,3425.0,3410.0,3410.0,47500,0.0,0.0
2023-07-21 09:00:00+09:00,3375.0,3380.0,3350.0,3375.0,6800,0.0,0.0
2023-07-21 10:00:00+09:00,3375.0,3385.0,3365.0,3375.0,8200,0.0,0.0
2023-07-21 11:00:00+09:00,3375.0,3385.0,3375.0,3385.0,0,0.0,0.0
2023-07-21 12:00:00+09:00,3380.0,3385.0,3370.0,3375.0,21000,0.0,0.0
2023-07-21 13:00:00+09:00,3380.0,3380.0,3375.0,3380.0,1400,0.0,0.0
2023-07-21 14:00:00+09:00,3375.0,3375.0,3360.0,3365.0,9100,0.0,0.0
2023-07-24 09:00:00+09:00,3390.0,3395.0,3360.0,3365.0,5600,0.0,0.0
2023-07-24 10:00:00+09:00,3375.0,3375.0,3360.0,3370.0,2600,0.0,0.0
2023-07-24 11:00:00+09:00,3370.0,3370.0,3365.0,3370.0,0,0.0,0.0
2023-07-24 12:00:00+09:00,3370.0,3370.0,3350.0,3355.0,13100,0.0,0.0
2023-07-24 13:00:00+09:00,3355.0,3355.0,3345.0,3350.0,3400,0.0,0.0
2023-07-24 14:00:00+09:00,3350.0,3365.0,3345.0,3360.0,15800,0.0,0.0
2023-07-25 09:00:00+09:00,3355.0,3365.0,3350.0,3350.0,4200,0.0,0.0
2023-07-25 10:00:00+09:00,3350.0,3355.0,3345.0,3350.0,2000,0.0,0.0
2023-07-25 11:00:00+09:00,3350.0,3350.0,3345.0,3345.0,0,0.0,0.0
2023-07-25 12:00:00+09:00,3340.0,3345.0,3340.0,3340.0,10700,0.0,0.0
2023-07-25 13:00:00+09:00,3345.0,3360.0,3320.0,3320.0,13600,0.0,0.0
2023-07-25 14:00:00+09:00,3325.0,3340.0,3325.0,3340.0,18100,0.0,0.0
2023-07-26 09:00:00+09:00,3340.0,3365.0,3340.0,3355.0,25300,0.0,0.0
2023-07-26 10:00:00+09:00,3355.0,3370.0,3355.0,3365.0,12800,0.0,0.0
2023-07-26 11:00:00+09:00,3365.0,3365.0,3360.0,3360.0,0,0.0,0.0
2023-07-26 12:00:00+09:00,3360.0,3365.0,3360.0,3365.0,43400,0.0,0.0
2023-07-26 13:00:00+09:00,3365.0,3370.0,3360.0,3365.0,8600,0.0,0.0
2023-07-26 14:00:00+09:00,3365.0,3380.0,3365.0,3365.0,15800,0.0,0.0
2023-07-27 09:00:00+09:00,3365.0,3365.0,3310.0,3335.0,70400,0.0,0.0
2023-07-27 10:00:00+09:00,3335.0,3340.0,3325.0,3325.0,3000,0.0,0.0
2023-07-27 11:00:00+09:00,3325.0,3325.0,3315.0,3320.0,0,0.0,0.0
2023-07-27 12:00:00+09:00,3320.0,3330.0,3320.0,3330.0,80900,0.0,0.0
2023-07-27 13:00:00+09:00,3335.0,3340.0,3330.0,3340.0,6200,0.0,0.0
2023-07-27 14:00:00+09:00,3340.0,3350.0,3335.0,3335.0,5000,0.0,0.0
2023-07-28 09:00:00+09:00,3275.0,3310.0,3260.0,3310.0,8500,0.0,0.0
2023-07-28 10:00:00+09:00,3305.0,3310.0,3295.0,3310.0,5900,0.0,0.0
2023-07-28 11:00:00+09:00,3310.0,3320.0,3305.0,3310.0,0,0.0,0.0
2023-07-28 12:00:00+09:00,3305.0,3335.0,3295.0,3300.0,30600,0.0,0.0
2023-07-28 13:00:00+09:00,3295.0,3295.0,3270.0,3280.0,9600,0.0,0.0
2023-07-28 14:00:00+09:00,3280.0,3330.0,3275.0,3325.0,18300,0.0,0.0
2023-07-31 09:00:00+09:00,3395.0,3395.0,3345.0,3395.0,19600,0.0,0.0
2023-07-31 10:00:00+09:00,3395.0,3405.0,3360.0,3370.0,7200,0.0,0.0
2023-07-31 11:00:00+09:00,3365.0,3365.0,3345.0,3355.0,0,0.0,0.0
2023-07-31 12:00:00+09:00,3305.0,3355.0,3305.0,3350.0,34100,0.0,0.0
2023-07-31 13:00:00+09:00,3355.0,3355.0,3335.0,3345.0,7600,0.0,0.0
2023-07-31 14:00:00+09:00,3340.0,3360.0,3335.0,3355.0,16900,0.0,0.0
2023-08-01 09:00:00+09:00,3315.0,3335.0,3280.0,3315.0,10600,0.0,0.0
2023-08-01 10:00:00+09:00,3310.0,3330.0,3305.0,3320.0,5600,0.0,0.0
2023-08-01 11:00:00+09:00,3330.0,3340.0,3315.0,3340.0,0,0.0,0.0
2023-08-01 12:00:00+09:00,3330.0,3345.0,3330.0,3345.0,28300,0.0,0.0
2023-08-01 13:00:00+09:00,3345.0,3345.0,3315.0,3320.0,4800,0.0,0.0
2023-08-01 14:00:00+09:00,3320.0,3330.0,3310.0,3320.0,8400,0.0,0.0
2023-08-02 09:00:00+09:00,3260.0,3265.0,3230.0,3245.0,13400,0.0,0.0
2023-08-02 10:00:00+09:00,3240.0,3250.0,3235.0,3235.0,7600,0.0,0.0
2023-08-02 11:00:00+09:00,3240.0,3240.0,3235.0,3235.0,0,0.0,0.0
2023-08-02 12:00:00+09:00,3230.0,3230.0,3225.0,3230.0,28100,0.0,0.0
2023-08-02 13:00:00+09:00,3225.0,3240.0,3225.0,3225.0,9000,0.0,0.0
2023-08-02 14:00:00+09:00,3225.0,3230.0,3215.0,3215.0,12100,0.0,0.0
2023-08-03 09:00:00+09:00,3180.0,3200.0,3165.0,3185.0,18300,0.0,0.0
2023-08-03 10:00:00+09:00,3180.0,3205.0,3175.0,3205.0,7500,0.0,0.0
2023-08-03 11:00:00+09:00,3205.0,3205.0,3195.0,3195.0,0,0.0,0.0
2023-08-03 12:00:00+09:00,3190.0,3200.0,3190.0,3200.0,32900,0.0,0.0
2023-08-03 13:00:00+09:00,3200.0,3200.0,3175.0,3180.0,8500,0.0,0.0
2023-08-03 14:00:00+09:00,3180.0,3185.0,3160.0,3170.0,15000,0.0,0.0
2023-08-04 09:00:00+09:00,3170.0,3170.0,3150.0,3150.0,10200,0.0,0.0
2023-08-04 10:00:00+09:00,3150.0,3150.0,3130.0,3130.0,5900,0.0,0.0
2023-08-04 11:00:00+09:00,3125.0,3130.0,3120.0,3130.0,0,0.0,0.0
2023-08-04 12:00:00+09:00,3125.0,3135.0,3125.0,3130.0,21100,0.0,0.0
2023-08-04 13:00:00+09:00,3130.0,3140.0,3125.0,3130.0,4600,0.0,0.0
2023-08-04 14:00:00+09:00,3130.0,3140.0,3120.0,3135.0,11800,0.0,0.0
2023-08-07 09:00:00+09:00,3120.0,3165.0,3120.0,3160.0,9300,0.0,0.0
2023-08-07 10:00:00+09:00,3160.0,3190.0,3160.0,3185.0,6500,0.0,0.0
2023-08-07 11:00:00+09:00,3185.0,3190.0,3180.0,3180.0,0,0.0,0.0
2023-08-07 12:00:00+09:00,3190.0,3190.0,3180.0,3180.0,19500,0.0,0.0
2023-08-07 13:00:00+09:00,3185.0,3190.0,3175.0,3175.0,3700,0.0,0.0
2023-08-07 14:00:00+09:00,3170.0,3190.0,3170.0,3190.0,7700,0.0,0.0
2023-08-08 09:00:00+09:00,3210.0,3210.0,3185.0,3200.0,9000,0.0,0.0
2023-08-08 10:00:00+09:00,3200.0,3200.0,3180.0,3180.0,2100,0.0,0.0
2023-08-08 11:00:00+09:00,3180.0,3190.0,3175.0,3190.0,0,0.0,0.0
2023-08-08 12:00:00+09:00,3195.0,3195.0,3180.0,3180.0,0,0.0,0.0
2023-08-08 13:00:00+09:00,3180.0,3190.0,3175.0,3185.0,19500,0.0,0.0
2023-08-08 14:00:00+09:00,3185.0,3190.0,3175.0,3190.0,6300,0.0,0.0
2023-08-09 09:00:00+09:00,3170.0,3170.0,3145.0,3150.0,10600,0.0,0.0
2023-08-09 10:00:00+09:00,3155.0,3170.0,3155.0,3165.0,7800,0.0,0.0
2023-08-09 11:00:00+09:00,3160.0,3160.0,3150.0,3150.0,0,0.0,0.0
2023-08-09 12:00:00+09:00,3150.0,3160.0,3145.0,3145.0,25700,0.0,0.0
2023-08-09 13:00:00+09:00,3150.0,3150.0,3145.0,3150.0,0,0.0,0.0
2023-08-09 14:00:00+09:00,3150.0,3170.0,3150.0,3160.0,37600,0.0,0.0
2023-08-10 09:00:00+09:00,3120.0,3130.0,3095.0,3125.0,19700,0.0,0.0
2023-08-10 10:00:00+09:00,3125.0,3145.0,3120.0,3145.0,5800,0.0,0.0
2023-08-10 11:00:00+09:00,3145.0,3145.0,3140.0,3145.0,0,0.0,0.0
2023-08-10 12:00:00+09:00,3140.0,3150.0,3140.0,3150.0,29400,0.0,0.0
2023-08-10 13:00:00+09:00,3145.0,3150.0,3140.0,3140.0,3500,0.0,0.0
2023-08-10 14:00:00+09:00,3140.0,3155.0,3140.0,3155.0,9000,0.0,0.0
2023-08-14 09:00:00+09:00,3170.0,3170.0,3130.0,3130.0,7800,0.0,0.0
2023-08-14 10:00:00+09:00,3125.0,3125.0,3110.0,3110.0,5500,0.0,0.0
2023-08-14 11:00:00+09:00,3115.0,3120.0,3095.0,3100.0,0,0.0,0.0
2023-08-14 12:00:00+09:00,3100.0,3105.0,3085.0,3090.0,27300,0.0,0.0
2023-08-14 13:00:00+09:00,3095.0,3095.0,3085.0,3090.0,2600,0.0,0.0
2023-08-14 14:00:00+09:00,3095.0,3110.0,3090.0,3105.0,9200,0.0,0.0
2023-08-15 09:00:00+09:00,3105.0,3125.0,3095.0,3120.0,5400,0.0,0.0
2023-08-15 10:00:00+09:00,3125.0,3140.0,3120.0,3140.0,5800,0.0,0.0
2023-08-15 11:00:00+09:00,3140.0,3140.0,3135.0,3135.0,0,0.0,0.0
2023-08-15 12:00:00+09:00,3145.0,3145.0,3140.0,3145.0,16000,0.0,0.0
2023-08-15 13:00:00+09:00,3140.0,3150.0,3140.0,3140.0,2700,0.0,0.0
2023-08-15 14:00:00+09:00,3150.0,3155.0,3140.0,3155.0,9600,0.0,0.0
2023-08-16 09:00:00+09:00,3135.0,3170.0,3135.0,3170.0,9700,0.0,0.0
2023-08-16 10:00:00+09:00,3170.0,3175.0,3150.0,3150.0,9100,0.0,0.0
2023-08-16 11:00:00+09:00,3150.0,3155.0,3150.0,3155.0,0,0.0,0.0
2023-08-16 12:00:00+09:00,3160.0,3175.0,3150.0,3150.0,24600,0.0,0.0
2023-08-16 13:00:00+09:00,3155.0,3160.0,3155.0,3155.0,4200,0.0,0.0
2023-08-16 14:00:00+09:00,3155.0,3165.0,3155.0,3155.0,6800,0.0,0.0
2023-08-17 09:00:00+09:00,3150.0,3150.0,3135.0,3140.0,0,0.0,0.0
2023-08-17 10:00:00+09:00,3135.0,3145.0,3120.0,3145.0,10800,0.0,0.0
2023-08-17 11:00:00+09:00,3150.0,3160.0,3150.0,3155.0,0,0.0,0.0
2023-08-17 12:00:00+09:00,3170.0,3170.0,3150.0,3155.0,21400,0.0,0.0
2023-08-17 13:00:00+09:00,3165.0,3165.0,3150.0,3150.0,3700,0.0,0.0
2023-08-17 14:00:00+09:00,3150.0,3165.0,3150.0,3165.0,5300,0.0,0.0
2023-08-18 09:00:00+09:00,3145.0,3145.0,3110.0,3125.0,8100,0.0,0.0
2023-08-18 10:00:00+09:00,3120.0,3125.0,3120.0,3125.0,0,0.0,0.0
2023-08-18 11:00:00+09:00,3120.0,3120.0,3120.0,3120.0,0,0.0,0.0
2023-08-18 12:00:00+09:00,3105.0,3120.0,3105.0,3105.0,17900,0.0,0.0
2023-08-18 13:00:00+09:00,3105.0,3105.0,3095.0,3105.0,2700,0.0,0.0
2023-08-18 14:00:00+09:00,3100.0,3125.0,3100.0,3125.0,9800,0.0,0.0
2023-08-21 09:00:00+09:00,3150.0,3165.0,3130.0,3130.0,6000,0.0,0.0
2023-08-21 10:00:00+09:00,3125.0,3130.0,3115.0,3130.0,7400,0.0,0.0
2023-08-21 11:00:00+09:00,3135.0,3140.0,3130.0,3130.0,0,0.0,0.0
2023-08-21 12:00:00+09:00,3130.0,3140.0,3130.0,3140.0,21800,0.0,0.0
2023-08-21 13:00:00+09:00,3135.0,3140.0,3135.0,3140.0,3600,0.0,0.0
2023-08-21 14:00:00+09:00,3135.0,3135.0,3125.0,3130.0,8200,0.0,0.0
2023-08-22 09:00:00+09:00,3130.0,3140.0,3125.0,3130.0,6300,0.0,0.0
2023-08-22 10:00:00+09:00,3130.0,3130.0,3120.0,3120.0,5500,0.0,0.0
2023-08-22 11:00:00+09:00,3120.0,3125.0,3115.0,3120.0,0,0.0,0.0
2023-08-22 12:00:00+09:00,3130.0,3130.0,3130.0,3130.0,14100,0.0,0.0
2023-08-22 13:00:00+09:00,3125.0,3130.0,3125.0,3130.0,2000,0.0,0.0
2023-08-22 14:00:00+09:00,3135.0,3135.0,3130.0,3130.0,3700,0.0,0.0
2023-08-23 09:00:00+09:00,3130.0,3145.0,3125.0,3125.0,13000,0.0,0.0
2023-08-23 10:00:00+09:00,3130.0,3135.0,3130.0,3130.0,400,0.0,0.0
2023-08-23 11:00:00+09:00,3125.0,3145.0,3120.0,3145.0,0,0.0,0.0
2023-08-23 12:00:00+09:00,3145.0,3145.0,3140.0,3140.0,22200,0.0,0.0
2023-08-23 13:00:00+09:00,3150.0,3150.0,3145.0,3150.0,3100,0.0,0.0
2023-08-23 14:00:00+09:00,3150.0,3165.0,3150.0,3165.0,6800,0.0,0.0
2023-08-24 09:00:00+09:00,3165.0,3195.0,3165.0,3185.0,6400,0.0,0.0
2023-08-24 10:00:00+09:00,3185.0,3185.0,3170.0,3175.0,8600,0.0,0.0
2023-08-24 11:00:00+09:00,3180.0,3180.0,3175.0,3175.0,0,0.0,0.0
2023-08-24 12:00:00+09:00,3180.0,3180.0,3175.0,3175.0,19800,0.0,0.0
2023-08-24 13:00:00+09:00,3175.0,3195.0,3175.0,3190.0,2400,0.0,0.0
2023-08-24 14:00:00+09:00,3195.0,3195.0,3185.0,3190.0,3500,0.0,0.0
2023-08-25 09:00:00+09:00,3160.0,3190.0,3150.0,3185.0,8100,0.0,0.0
2023-08-25 10:00:00+09:00,3185.0,3185.0,3175.0,3180.0,2800,0.0,0.0
2023-08-25 11:00:00+09:00,3175.0,3175.0,3170.0,3170.0,0,0.0,0.0
2023-08-25 12:00:00+09:00,3175.0,3175.0,3170.0,3175.0,15900,0.0,0.0
2023-08-25 13:00:00+09:00,3175.0,3175.0,3170.0,3170.0,3500,0.0,0.0
2023-08-25 14:00:00+09:00,3170.0,3175.0,3160.0,3170.0,25500,0.0,0.0
2023-08-28 09:00:00+09:00,3195.0,3205.0,3170.0,3200.0,21900,0.0,0.0
2023-08-28 10:00:00+09:00,3200.0,3210.0,3195.0,3210.0,7400,0.0,0.0
2023-08-28 11:00:00+09:00,3210.0,3210.0,3200.0,3205.0,0,0.0,0.0
2023-08-28 12:00:00+09:00,3205.0,3205.0,3195.0,3195.0,34100,0.0,0.0
2023-08-28 13:00:00+09:00,3190.0,3200.0,3185.0,3200.0,4200,0.0,0.0
2023-08-28 14:00:00+09:00,3195.0,3220.0,3195.0,3215.0,15300,0.0,0.0
2023-08-29 09:00:00+09:00,3220.0,3220.0,3180.0,3185.0,16400,0.0,0.0
2023-08-29 10:00:00+09:00,3185.0,3190.0,3180.0,3185.0,6800,0.0,0.0
2023-08-29 11:00:00+09:00,3175.0,3180.0,3170.0,3175.0,0,0.0,0.0
2023-08-29 12:00:00+09:00,3180.0,3185.0,3180.0,3185.0,27400,0.0,0.0
2023-08-29 13:00:00+09:00,3180.0,3180.0,3175.0,3180.0,3400,0.0,0.0
2023-08-29 14:00:00+09:00,3180.0,3180.0,3170.0,3175.0,5000,0.0,0.0
2023-08-30 09:00:00+09:00,3200.0,3200.0,3175.0,3190.0,9200,0.0,0.0
2023-08-30 10:00:00+09:00,3185.0,3190.0,3185.0,3190.0,900,0.0,0.0
2023-08-30 11:00:00+09:00,3190.0,3190.0,3180.0,3180.0,0,0.0,0.0
2023-08-30 12:00:00+09:00,3190.0,3190.0,3185.0,3190.0,16900,0.0,0.0
2023-08-30 13:00:00+09:00,3185.0,3190.0,3185.0,3190.0,2000,0.0,0.0
2023-08-30 14:00:00+09:00,3185.0,3195.0,3180.0,3190.0,11000,0.0,0.0
2023-08-31 09:00:00+09:00,3190.0,3215.0,3190.0,3205.0,10200,0.0,0.0
2023-08-31 10:00:00+09:00,3215.0,3220.0,3210.0,3215.0,6400,0.0,0.0
2023-08-31 11:00:00+09:00,3215.0,3225.0,3215.0,3220.0,0,0.0,0.0
2023-08-31 12:00:00+09:00,3220.0,3235.0,3220.0,3230.0,25100,0.0,0.0
2023-08-31 13:00:00+09:00,3230.0,3235.0,3230.0,3235.0,5000,0.0,0.0
2023-08-31 14:00:00+09:00,3240.0,3245.0,3225.0,3225.0,12300,0.0,0.0
2023-09-01 09:00:00+09:00,3220.0,3250.0,3220.0,3250.0,8200,0.0,0.0
2023-09-01 10:00:00+09:00,3250.0,3260.0,3245.0,3255.0,6700,0.0,0.0
2023-09-01 11:00:00+09:00,3255.0,3260.0,3250.0,3260.0,0,0.0,0.0
2023-09-01 12:00:00+09:00,3255.0,3260.0,3255.0,3255.0,19200,0.0,0.0
2023-09-01 13:00:00+09:00,3255.0,3265.0,3255.0,3265.0,5300,0.0,0.0
2023-09-01 14:00:00+09:00,3265.0,3270.0,3265.0,3270.0,7200,0.0,0.0
2023-09-04 09:00:00+09:00,3280.0,3305.0,3280.0,3305.0,11100,0.0,0.0
2023-09-04 10:00:00+09:00,3310.0,3320.0,3310.0,3320.0,7500,0.0,0.0
2023-09-04 11:00:00+09:00,3320.0,3320.0,3310.0,3315.0,0,0.0,0.0
2023-09-04 12:00:00+09:00,3325.0,3325.0,3295.0,3295.0,27800,0.0,0.0
2023-09-04 13:00:00+09:00,3300.0,3305.0,3300.0,3300.0,5500,0.0,0.0
2023-09-04 14:00:00+09:00,3305.0,3315.0,3300.0,3315.0,15100,0.0,0.0
2023-09-05 09:00:00+09:00,3305.0,3310.0,3295.0,3300.0,7500,0.0,0.0
2023-09-05 10:00:00+09:00,3295.0,3310.0,3295.0,3310.0,5400,0.0,0.0
2023-09-05 11:00:00+09:00,3310.0,3320.0,3310.0,3310.0,0,0.0,0.0
2023-09-05 12:00:00+09:00,3310.0,3310.0,3285.0,3285.0,21700,0.0,0.0
2023-09-05 13:00:00+09:00,3285.0,3295.0,3280.0,3295.0,8900,0.0,0.0
2023-09-05 14:00:00+09:00,3295.0,3315.0,3295.0,3310.0,11600,0.0,0.0
2023-09-06 09:00:00+09:00,3310.0,3330.0,3305.0,3315.0,7700,0.0,0.0
2023-09-06 10:00:00+09:00,3315.0,3325.0,3310.0,3310.0,8300,0.0,0.0
2023-09-06 11:00:00+09:00,3315.0,3320.0,3315.0,3320.0,0,0.0,0.0
2023-09-06 12:00:00+09:00,3315.0,3320.0,3310.0,3320.0,20900,0.0,0.0
2023-09-06 13:00:00+09:00,3320.0,3325.0,3310.0,3320.0,9700,0.0,0.0
2023-09-06 14:00:00+09:00,3320.0,3340.0,3315.0,3330.0,18300,0.0,0.0
2023-09-07 09:00:00+09:00,3310.0,3340.0,3305.0,3315.0,11200,0.0,0.0
2023-09-07 10:00:00+09:00,3315.0,3325.0,3315.0,3320.0,5500,0.0,0.0
2023-09-07 11:00:00+09:00,3325.0,3335.0,3320.0,3330.0,0,0.0,0.0
2023-09-07 12:00:00+09:00,3325.0,3335.0,3320.0,3320.0,23800,0.0,0.0
2023-09-07 13:00:00+09:00,3320.0,3330.0,3315.0,3315.0,6700,0.0,0.0
2023-09-07 14:00:00+09:00,3320.0,3335.0,3320.0,3325.0,19800,0.0,0.0
2023-09-08 09:00:00+09:00,3295.0,3320.0,3280.0,3285.0,48400,0.0,0.0
2023-09-08 10:00:00+09:00,3285.0,3285.0,3270.0,3275.0,3400,0.0,0.0
2023-09-08 11:00:00+09:00,3270.0,3270.0,3260.0,3260.0,0,0.0,0.0
2023-09-08 12:00:00+09:00,3250.0,3260.0,3235.0,3245.0,59000,0.0,0.0
2023-09-08 13:00:00+09:00,3240.0,3250.0,3235.0,3245.0,3400,0.0,0.0
2023-09-08 14:00:00+09:00,3245.0,3260.0,3245.0,3260.0,9500,0.0,0.0
2023-09-11 09:00:00+09:00,3270.0,3280.0,3250.0,3250.0,8800,0.0,0.0
2023-09-11 10:00:00+09:00,3260.0,3260.0,3240.0,3245.0,5300,0.0,0.0
2023-09-11 11:00:00+09:00,3245.0,3245.0,3235.0,3240.0,0,0.0,0.0
2023-09-11 12:00:00+09:00,3235.0,3235.0,3225.0,3225.0,19600,0.0,0.0
2023-09-11 13:00:00+09:00,3225.0,3230.0,3215.0,3230.0,8200,0.0,0.0
2023-09-11 14:00:00+09:00,3235.0,3245.0,3225.0,3240.0,12100,0.0,0.0
2023-09-12 09:00:00+09:00,3235.0,3285.0,3235.0,3280.0,0,0.0,0.0
2023-09-12 10:00:00+09:00,3280.0,3290.0,3275.0,3275.0,16500,0.0,0.0
2023-09-12 11:00:00+09:00,3280.0,3290.0,3280.0,3290.0,0,0.0,0.0
2023-09-12 12:00:00+09:00,3300.0,3300.0,3290.0,3290.0,24400,0.0,0.0
2023-09-12 13:00:00+09:00,3290.0,3300.0,3290.0,3300.0,6700,0.0,0.0
2023-09-12 14:00:00+09:00,3300.0,3320.0,3295.0,3320.0,15000,0.0,0.0
2023-09-13 09:00:00+09:00,3330.0,3340.0,3305.0,3330.0,12900,0.0,0.0
2023-09-13 10:00:00+09:00,3330.0,3330.0,3310.0,3310.0,0,0.0,0.0
2023-09-13 11:00:00+09:00,3310.0,3310.0,3295.0,3300.0,0,0.0,0.0
2023-09-13 12:00:00+09:00,3290.0,3300.0,3290.0,3290.0,23300,0.0,0.0
2023-09-13 13:00:00+09:00,3290.0,3320.0,3285.0,3315.0,9100,0.0,0.0
2023-09-13 14:00:00+09:00,3315.0,3325.0,3305.0,3310.0,12400,0.0,0.0
2023-09-14 09:00:00+09:00,3305.0,3315.0,3295.0,3310.0,10900,0.0,0.0
2023-09-14 10:00:00+09:00,3305.0,3315.0,3305.0,3315.0,2100,0.0,0.0
2023-09-14 11:00:00+09:00,3320.0,3325.0,3315.0,3320.0,0,0.0,0.0
2023-09-14 12:00:00+09:00,3340.0,3340.0,3325.0,3325.0,19500,0.0,0.0
2023-09-14 13:00:00+09:00,3330.0,3335.0,3330.0,3335.0,4800,0.0,0.0
2023-09-14 14:00:00+09:00,3335.0,3350.0,3330.0,3340.0,13500,0.0,0.0
2023-09-15 09:00:00+09:00,3335.0,3335.0,3310.0,3330.0,13700,0.0,0.0
2023-09-15 10:00:00+09:00,3330.0,3330.0,3315.0,3320.0,10200,0.0,0.0
2023-09-15 11:00:00+09:00,3325.0,3340.0,3325.0,3340.0,0,0.0,0.0
2023-09-15 12:00:00+09:00,3340.0,3345.0,3335.0,3335.0,33500,0.0,0.0
2023-09-15 13:00:00+09:00,3335.0,3340.0,3330.0,3335.0,5500,0.0,0.0
2023-09-15 14:00:00+09:00,3340.0,3340.0,3325.0,3330.0,38600,0.0,0.0
2023-09-19 09:00:00+09:00,3345.0,3350.0,3335.0,3340.0,0,0.0,0.0
2023-09-19 10:00:00+09:00,3345.0,3345.0,3330.0,3330.0,13100,0.0,0.0
2023-09-19 11:00:00+09:00,3330.0,3340.0,3330.0,3330.0,0,0.0,0.0
2023-09-19 12:00:00+09:00,3345.0,3345.0,3335.0,3340.0,21800,0.0,0.0
2023-09-19 13:00:00+09:00,3335.0,3340.0,3330.0,3335.0,4200,0.0,0.0
2023-09-19 14:00:00+09:00,3335.0,3355.0,3330.0,3355.0,16100,0.0,0.0
2023-09-20 09:00:00+09:00,3340.0,3345.0,3320.0,3325.0,12400,0.0,0.0
2023-09-20 10:00:00+09:00,3325.0,3335.0,3320.0,3330.0,4800,0.0,0.0
2023-09-20 11:00:00+09:00,3325.0,3330.0,3320.0,3325.0,0,0.0,0.0
2023-09-20 12:00:00+09:00,3310.0,3320.0,3305.0,3310.0,24100,0.0,0.0
2023-09-20 13:00:00+09:00,3315.0,3320.0,3310.0,3310.0,5200,0.0,0.0
2023-09-20 14:00:00+09:00,3310.0,3320.0,3300.0,3305.0,14300,0.0,0.0
2023-09-21 09:00:00+09:00,3300.0,3325.0,3290.0,3315.0,22900,0.0,0.0
2023-09-21 10:00:00+09:00,3315.0,3320.0,3310.0,3310.0,10400,0.0,0.0
2023-09-21 11:00:00+09:00,3305.0,3310.0,3305.0,3310.0,0,0.0,0.0
2023-09-21 12:00:00+09:00,3300.0,3315.0,3300.0,3300.0,41400,0.0,0.0
2023-09-21 13:00:00+09:00,3305.0,3305.0,3295.0,3300.0,5200,0.0,0.0
2023-09-21 14:00:00+09:00,3305.0,3305.0,3290.0,3295.0,16500,0.0,0.0
2023-09-22 09:00:00+09:00,3255.0,3280.0,3255.0,3265.0,19200,0.0,0.0
2023-09-22 10:00:00+09:00,3270.0,3275.0,3260.0,3265.0,11400,0.0,0.0
2023-09-22 11:00:00+09:00,3265.0,3280.0,3260.0,3270.0,0,0.0,0.0
2023-09-22 12:00:00+09:00,3285.0,3290.0,3285.0,3285.0,44600,0.0,0.0
2023-09-22 13:00:00+09:00,3290.0,3290.0,3275.0,3280.0,7200,0.0,0.0
2023-09-22 14:00:00+09:00,3285.0,3300.0,3280.0,3280.0,21900,0.0,0.0
2023-09-25 09:00:00+09:00,3305.0,3325.0,3295.0,3320.0,10500,0.0,0.0
2023-09-25 10:00:00+09:00,3315.0,3315.0,3310.0,3315.0,3800,0.0,0.0
2023-09-25 11:00:00+09:00,3310.0,3310.0,3300.0,3300.0,0,0.0,0.0
2023-09-25 12:00:00+09:00,3295.0,3300.0,3295.0,3300.0,18700,0.0,0.0
2023-09-25 13:00:00+09:00,3300.0,3300.0,3285.0,3285.0,3500,0.0,0.0
2023-09-25 14:00:00+09:00,3280.0,3300.0,3270.0,3270.0,26000,0.0,0.0
2023-09-26 09:00:00+09:00,3275.0,3275.0,3245.0,3265.0,22800,0.0,0.0
2023-09-26 10:00:00+09:00,3265.0,3275.0,3260.0,3260.0,3800,0.0,0.0
2023-09-26 11:00:00+09:00,3265.0,3270.0,3265.0,3265.0,0,0.0,0.0
2023-09-26 12:00:00+09:00,3275.0,3280.0,3260.0,3270.0,36800,0.0,0.0
2023-09-26 13:00:00+09:00,3265.0,3270.0,3265.0,3265.0,2600,0.0,0.0
2023-09-26 14:00:00+09:00,3270.0,3270.0,3255.0,3260.0,14400,0.0,0.0
2023-09-27 09:00:00+09:00,3235.0,3245.0,3220.0,3230.0,9600,0.0,0.0
2023-09-27 10:00:00+09:00,3230.0,3240.0,3215.0,3240.0,10800,0.0,0.0
2023-09-27 11:00:00+09:00,3240.0,3260.0,3235.0,3255.0,0,0.0,0.0
2023-09-27 12:00:00+09:00,3260.0,3265.0,3255.0,3260.0,29400,0.0,0.0
2023-09-27 13:00:00+09:00,3265.0,3285.0,3265.0,3280.0,6400,0.0,0.0
2023-09-27 14:00:00+09:00,3275.0,3305.0,3270.0,3290.0,24100,0.0,0.0
2023-09-28 09:00:00+09:00,3245.0,3255.0,3220.0,3220.0,16800,0.0,0.0
2023-09-28 10:00:00+09:00,3220.0,3240.0,3220.0,3230.0,10300,0.0,0.0
2023-09-28 11:00:00+09:00,3235.0,3235.0,3215.0,3215.0,0,0.0,0.0
2023-09-28 12:00:00+09:00,3210.0,3210.0,3185.0,3190.0,40400,0.0,0.0
2023-09-28 13:00:00+09:00,3190.0,3225.0,3190.0,3225.0,6900,0.0,0.0
2023-09-28 14:00:00+09:00,3220.0,3245.0,3220.0,3230.0,13800,0.0,0.0
2023-09-29 09:00:00+09:00,3220.0,3225.0,3190.0,3190.0,8600,0.0,0.0
2023-09-29 10:00:00+09:00,3195.0,3215.0,3195.0,3205.0,5900,0.0,0.0
2023-09-29 11:00:00+09:00,3205.0,3210.0,3195.0,3210.0,0,0.0,0.0
2023-09-29 12:00:00+09:00,3230.0,3230.0,3205.0,3205.0,22300,0.0,0.0
2023-09-29 13:00:00+09:00,3205.0,3205.0,3175.0,3180.0,4700,0.0,0.0
2023-09-29 14:00:00+09:00,3175.0,3200.0,3175.0,3185.0,13300,0.0,0.0
2023-10-02 09:00:00+09:00,3225.0,3245.0,3210.0,3230.0,15100,0.0,0.0
2023-10-02 10:00:00+09:00,3225.0,3230.0,3220.0,3225.0,3600,0.0,0.0
2023-10-02 11:00:00+09:00,3225.0,3225.0,3220.0,3225.0,0,0.0,0.0
2023-10-02 12:00:00+09:00,3205.0,3215.0,3190.0,3190.0,25200,0.0,0.0
2023-10-02 13:00:00+09:00,3190.0,3190.0,3175.0,3185.0,9300,0.0,0.0
2023-10-02 14:00:00+09:00,3185.0,3190.0,3175.0,3175.0,13000,0.0,0.0
2023-10-03 09:00:00+09:00,3170.0,3175.0,3150.0,3165.0,14600,0.0,0.0
2023-10-03 10:00:00+09:00,3165.0,3175.0,3160.0,3165.0,6200,0.0,0.0
2023-10-03 11:00:00+09:00,3170.0,3175.0,3165.0,3175.0,0,0.0,0.0
2023-10-03 12:00:00+09:00,3160.0,3170.0,3155.0,3155.0,28600,0.0,0.0
2023-10-03 13:00:00+09:00,3155.0,3155.0,3135.0,3140.0,9000,0.0,0.0
2023-10-03 14:00:00+09:00,3140.0,3145.0,3130.0,3130.0,13100,0.0,0.0
2023-10-04 09:00:00+09:00,3100.0,3150.0,3100.0,3150.0,14000,0.0,0.0
2023-10-04 10:00:00+09:00,3150.0,3160.0,3145.0,3155.0,5000,0.0,0.0
2023-10-04 11:00:00+09:00,3155.0,3160.0,3155.0,3160.0,0,0.0,0.0
2023-10-04 12:00:00+09:00,3160.0,3175.0,3150.0,3155.0,30500,0.0,0.0
2023-10-04 13:00:00+09:00,3150.0,3150.0,3120.0,3135.0,19900,0.0,0.0
2023-10-04 14:00:00+09:00,3135.0,3145.0,3115.0,3120.0,31600,0.0,0.0
2023-10-05 09:00:00+09:00,3125.0,3170.0,3125.0,3160.0,14200,0.0,0.0
2023-10-05 10:00:00+09:00,3155.0,3160.0,3150.0,3150.0,5800,0.0,0.0
2023-10-05 11:00:00+09:00,3150.0,3155.0,3145.0,3155.0,0,0.0,0.0
2023-10-05 12:00:00+09:00,3155.0,3155.0,3150.0,3150.0,25600,0.0,0.0
2023-10-05 13:00:00+09:00,3155.0,3165.0,3155.0,3165.0,3800,0.0,0.0
2023-10-05 14:00:00+09:00,3165.0,3175.0,3160.0,3175.0,11900,0.0,0.0
2023-10-06 09:00:00+09:00,3175.0,3210.0,3175.0,3195.0,0,0.0,0.0
2023-10-06 10:00:00+09:00,3200.0,3225.0,3200.0,3225.0,12500,0.0,0.0
2023-10-06 11:00:00+09:00,3225.0,3225.0,3220.0,3225.0,0,0.0,0.0
2023-10-06 12:00:00+09:00,3210.0,3220.0,3205.0,3205.0,16900,0.0,0.0
2023-10-06 13:00:00+09:00,3205.0,3220.0,3205.0,3215.0,3300,0.0,0.0
2023-10-06 14:00:00+09:00,3215.0,3220.0,3205.0,3205.0,9200,0.0,0.0
2023-10-10 09:00:00+09:00,3255.0,3275.0,3240.0,3275.0,13400,0.0,0.0
2023-10-10 10:00:00+09:00,3275.0,3295.0,3275.0,3290.0,12100,0.0,0.0
2023-10-10 11:00:00+09:00,3285.0,3300.0,3285.0,3300.0,0,0.0,0.0
2023-10-10 12:00:00+09:00,3300.0,3310.0,3295.0,3310.0,34900,0.0,0.0
2023-10-10 13:00:00+09:00,3315.0,3315.0,3305.0,3310.0,6300,0.0,0.0
2023-10-10 14:00:00+09:00,3315.0,3320.0,3310.0,3310.0,11700,0.0,0.0
2023-10-11 09:00:00+09:00,3305.0,3315.0,3290.0,3290.0,9500,0.0,0.0
2023-10-11 10:00:00+09:00,3290.0,3290.0,3260.0,3265.0,4500,0.0,0.0
2023-10-11 11:00:00+09:00,3265.0,3265.0,3250.0,3260.0,0,0.0,0.0
2023-10-11 12:00:00+09:00,3255.0,3260.0,3255.0,3260.0,21600,0.0,0.0
2023-10-11 13:00:00+09:00,3265.0,3275.0,3265.0,3270.0,8000,0.0,0.0
2023-10-11 14:00:00+09:00,3270.0,3270.0,3240.0,3245.0,13900,0.0,0.0
2023-10-12 09:00:00+09:00,3255.0,3310.0,3255.0,3310.0,13300,0.0,0.0
2023-10-12 10:00:00+09:00,3305.0,3310.0,3300.0,3310.0,9000,0.0,0.0
2023-10-12 11:00:00+09:00,3310.0,3315.0,3310.0,3310.0,0,0.0,0.0
2023-10-12 12:00:00+09:00,3310.0,3325.0,3310.0,3320.0,29700,0.0,0.0
2023-10-12 13:00:00+09:00,3320.0,3320.0,3315.0,3320.0,5500,0.0,0.0
2023-10-12 14:00:00+09:00,3320.0,3340.0,3320.0,3335.0,12700,0.0,0.0
2023-10-13 09:00:00+09:00,3305.0,3320.0,3280.0,3280.0,16100,0.0,0.0
2023-10-13 10:00:00+09:00,3275.0,3280.0,3265.0,3270.0,4700,0.0,0.0
2023-10-13 11:00:00+09:00,3270.0,3280.0,3265.0,3265.0,0,0.0,0.0
2023-10-13 12:00:00+09:00,3255.0,3265.0,3250.0,3255.0,30500,0.0,0.0
2023-10-13 13:00:00+09:00,3250.0,3255.0,3235.0,3235.0,8600,0.0,0.0
2023-10-13 14:00:00+09:00,3235.0,3240.0,3230.0,3235.0,11800,0.0,0.0
2023-10-16 09:00:00+09:00,3185.0,3200.0,3175.0,3180.0,11100,0.0,0.0
2023-10-16 10:00:00+09:00,3180.0,3180.0,3145.0,3170.0,12700,0.0,0.0
2023-10-16 11:00:00+09:00,3170.0,3175.0,3165.0,3175.0,0,0.0,0.0
2023-10-16 12:00:00+09:00,3155.0,3155.0,3140.0,3150.0,35300,0.0,0.0
2023-10-16 13:00:00+09:00,3150.0,3160.0,3145.0,3155.0,0,0.0,0.0
2023-10-16 14:00:00+09:00,3155.0,3170.0,3150.0,3165.0,58000,0.0,0.0
2023-10-17 09:00:00+09:00,3160.0,3210.0,3160.0,3195.0,16500,0.0,0.0
2023-10-17 10:00:00+09:00,3195.0,3205.0,3190.0,3195.0,6700,0.0,0.0
2023-10-17 11:00:00+09:00,3195.0,3195.0,3185.0,3195.0,0,0.0,0.0
2023-10-17 12:00:00+09:00,3195.0,3210.0,3195.0,3210.0,32400,0.0,0.0
2023-10-17 13:00:00+09:00,3200.0,3215.0,3200.0,3205.0,5300,0.0,0.0
2023-10-17 14:00:00+09:00,3200.0,3220.0,3185.0,3215.0,20300,0.0,0.0
2023-10-18 09:00:00+09:00,3220.0,3250.0,3195.0,3195.0,11400,0.0,0.0
2023-10-18 10:00:00+09:00,3200.0,3220.0,3200.0,3215.0,6600,0.0,0.0
2023-10-18 11:00:00+09:00,3215.0,3220.0,3205.0,3215.0,0,0.0,0.0
2023-10-18 12:00:00+09:00,3210.0,3215.0,3190.0,3215.0,24700,0.0,0.0
2023-10-18 13:00:00+09:00,3215.0,3220.0,3215.0,3215.0,6700,0.0,0.0
2023-10-18 14:00:00+09:00,3210.0,3235.0,3210.0,3235.0,7900,0.0,0.0
2023-10-19 09:00:00+09:00,3195.0,3240.0,3195.0,3240.0,6900,0.0,0.0
2023-10-19 10:00:00+09:00,3240.0,3245.0,3215.0,3230.0,8500,0.0,0.0
2023-10-19 11:00:00+09:00,3225.0,3235.0,3215.0,3225.0,0,0.0,0.0
2023-10-19 12:00:00+09:00,3220.0,3225.0,3215.0,3220.0,22500,0.0,0.0
2023-10-19 13:00:00+09:00,3220.0,3240.0,3220.0,3240.0,4500,0.0,0.0
2023-10-19 14:00:00+09:00,3235.0,3240.0,3230.0,3230.0,10800,0.0,0.0
2023-10-20 09:00:00+09:00,3225.0,3240.0,3210.0,3230.0,8200,0.0,0.0
2023-10-20 10:00:00+09:00,3230.0,3235.0,3220.0,3235.0,6200,0.0,0.0
2023-10-20 11:00:00+09:00,3240.0,3245.0,3240.0,3245.0,0,0.0,0.0
2023-10-20 12:00:00+09:00,3245.0,3250.0,3235.0,3250.0,21900,0.0,0.0
2023-10-20 13:00:00+09:00,3250.0,3250.0,3245.0,3245.0,3300,0.0,0.0
2023-10-20 14:00:00+09:00,3245.0,3250.0,3240.0,3240.0,7300,0.0,0.0
2023-10-23 09:00:00+09:00,3235.0,3235.0,3170.0,3190.0,17200,0.0,0.0
2023-10-23 10:00:00+09:00,3195.0,3200.0,3180.0,3190.0,8300,0.0,0.0
2023-10-23 11:00:00+09:00,3185.0,3185.0,3180.0,3185.0,0,0.0,0.0
2023-10-23 12:00:00+09:00,3195.0,3195.0,3175.0,3175.0,32800,0.0,0.0
2023-10-23 13:00:00+09:00,3175.0,3180.0,3165.0,3180.0,12300,0.0,0.0
2023-10-23 14:00:00+09:00,3180.0,3185.0,3175.0,3185.0,10800,0.0,0.0
2023-10-24 09:00:00+09:00,3155.0,3175.0,3110.0,3115.0,15300,0.0,0.0
2023-10-24 10:00:00+09:00,3110.0,3115.0,3075.0,3110.0,15500,0.0,0.0
2023-10-24 11:00:00+09:00,3110.0,3140.0,3110.0,3130.0,0,0.0,0.0
2023-10-24 12:00:00+09:00,3130.0,3135.0,3125.0,3125.0,44600,0.0,0.0
2023-10-24 13:00:00+09:00,3120.0,3140.0,3120.0,3140.0,9300,0.0,0.0
2023-10-24 14:00:00+09:00,3140.0,3155.0,3140.0,3145.0,28200,0.0,0.0
2023-10-25 09:00:00+09:00,3160.0,3160.0,3100.0,3125.0,23500,0.0,0.0
2023-10-25 10:00:00+09:00,3120.0,3130.0,3115.0,3120.0,7400,0.0,0.0
2023-10-25 11:00:00+09:00,3120.0,3125.0,3115.0,3115.0,0,0.0,0.0
2023-10-25 12:00:00+09:00,3100.0,3110.0,3080.0,3085.0,45900,0.0,0.0
2023-10-25 13:00:00+09:00,3085.0,3095.0,3085.0,3095.0,6300,0.0,0.0
2023-10-25 14:00:00+09:00,3095.0,3095.0,3055.0,3060.0,22400,0.0,0.0
2023-10-26 09:00:00+09:00,3030.0,3065.0,3015.0,3015.0,34200,0.0,0.0
2023-10-26 10:00:00+09:00,3020.0,3035.0,3010.0,3010.0,11300,0.0,0.0
2023-10-26 11:00:00+09:00,3010.0,3010.0,2998.0,2998.0,0,0.0,0.0
2023-10-26 12:00:00+09:00,3000.0,3015.0,3000.0,3010.0,62400,0.0,0.0
2023-10-26 13:00:00+09:00,3010.0,3015.0,3010.0,3010.0,2800,0.0,0.0
2023-10-26 14:00:00+09:00,3010.0,3025.0,3010.0,3025.0,17600,0.0,0.0
2023-10-27 09:00:00+09:00,3025.0,3060.0,3025.0,3060.0,18800,0.0,0.0
2023-10-27 10:00:00+09:00,3050.0,3060.0,3040.0,3045.0,19400,0.0,0.0
2023-10-27 11:00:00+09:00,3050.0,3055.0,3045.0,3045.0,0,0.0,0.0
2023-10-27 12:00:00+09:00,3035.0,3040.0,3020.0,3020.0,49400,0.0,0.0
2023-10-27 13:00:00+09:00,3025.0,3040.0,3025.0,3040.0,10500,0.0,0.0
2023-10-27 14:00:00+09:00,3035.0,3045.0,3030.0,3040.0,20700,0.0,0.0
2023-10-30 09:00:00+09:00,3025.0,3045.0,2994.0,3015.0,27500,0.0,0.0
2023-10-30 10:00:00+09:00,3015.0,3025.0,3005.0,3025.0,11100,0.0,0.0
2023-10-30 11:00:00+09:00,3025.0,3025.0,3010.0,3010.0,0,0.0,0.0
2023-10-30 12:00:00+09:00,3010.0,3020.0,3005.0,3010.0,52600,0.0,0.0
2023-10-30 13:00:00+09:00,3010.0,3015.0,2987.0,2989.0,18700,0.0,0.0
2023-10-30 14:00:00+09:00,2992.0,3005.0,2979.0,3005.0,29600,0.0,0.0
2023-10-31 09:00:00+09:00,3090.0,3095.0,3010.0,3075.0,41500,0.0,0.0
2023-10-31 10:00:00+09:00,3070.0,3085.0,3065.0,3070.0,14200,0.0,0.0
2023-10-31 11:00:00+09:00,3065.0,3070.0,3055.0,3070.0,0,0.0,0.0
2023-10-31 12:00:00+09:00,3080.0,3090.0,3060.0,3075.0,86900,0.0,0.0
2023-10-31 13:00:00+09:00,3075.0,3085.0,3040.0,3055.0,18900,0.0,0.0
2023-10-31 14:00:00+09:00,3050.0,3070.0,3045.0,3070.0,21100,0.0,0.0
2023-11-01 09:00:00+09:00,3100.0,3115.0,3060.0,3080.0,28400,0.0,0.0
2023-11-01 10:00:00+09:00,3080.0,3095.0,3075.0,3075.0,21000,0.0,0.0
2023-11-01 11:00:00+09:00,3075.0,3085.0,3075.0,3085.0,0,0.0,0.0
2023-11-01 12:00:00+09:00,3095.0,3095.0,3080.0,3080.0,61800,0.0,0.0
2023-11-01 13:00:00+09:00,3085.0,3095.0,3080.0,3090.0,9300,0.0,0.0
2023-11-01 14:00:00+09:00,3090.0,3100.0,3085.0,3095.0,13700,0.0,0.0
2023-11-02 09:00:00+09:00,3170.0,3190.0,3160.0,3185.0,10000,0.0,0.0
2023-11-02 10:00:00+09:00,3190.0,3195.0,3165.0,3170.0,9800,0.0,0.0
2023-11-02 11:00:00+09:00,3170.0,3170.0,3160.0,3165.0,0,0.0,0.0
2023-11-02 12:00:00+09:00,3165.0,3180.0,3160.0,3175.0,26700,0.0,0.0
2023-11-02 13:00:00+09:00,3175.0,3190.0,3175.0,3180.0,10800,0.0,0.0
2023-11-02 14:00:00+09:00,3185.0,3215.0,3185.0,3205.0,21900,0.0,0.0
2023-11-06 09:00:00+09:00,3260.0,3260.0,3225.0,3240.0,11900,0.0,0.0
2023-11-06 10:00:00+09:00,3240.0,3260.0,3240.0,3255.0,6800,0.0,0.0
2023-11-06 11:00:00+09:00,3250.0,3265.0,3250.0,3260.0,0,0.0,0.0
2023-11-06 12:00:00+09:00,3245.0,3270.0,3245.0,3260.0,31300,0.0,0.0
2023-11-06 13:00:00+09:00,3260.0,3275.0,3260.0,3265.0,6000,0.0,0.0
2023-11-06 14:00:00+09:00,3260.0,3265.0,3250.0,3250.0,11300,0.0,0.0
2023-11-07 09:00:00+09:00,3235.0,3270.0,3225.0,3235.0,11200,0.0,0.0
2023-11-07 10:00:00+09:00,3235.0,3250.0,3235.0,3235.0,11500,0.0,0.0
2023-11-07 11:00:00+09:00,3235.0,3235.0,3225.0,3225.0,0,0.0,0.0
2023-11-07 12:00:00+09:00,3215.0,3215.0,3205.0,3210.0,26900,0.0,0.0
2023-11-07 13:00:00+09:00,3210.0,3215.0,3200.0,3200.0,3600,0.0,0.0
2023-11-07 14:00:00+09:00,3200.0,3210.0,3195.0,3200.0,8300,0.0,0.0
2023-11-08 09:00:00+09:00,3240.0,3240.0,3200.0,3205.0,10700,0.0,0.0
2023-11-08 10:00:00+09:00,3210.0,3210.0,3190.0,3210.0,13100,0.0,0.0
2023-11-08 11:00:00+09:00,3210.0,3225.0,3210.0,3220.0,0,0.0,0.0
2023-11-08 12:00:00+09:00,3220.0,3220.0,3200.0,3205.0,33200,0.0,0.0
2023-11-08 13:00:00+09:00,3210.0,3235.0,3205.0,3230.0,8300,0.0,0.0
2023-11-08 14:00:00+09:00,3230.0,3240.0,3225.0,3225.0,7800,0.0,0.0
2023-11-09 09:00:00+09:00,3200.0,3225.0,3200.0,3215.0,4700,0.0,0.0
2023-11-09 10:00:00+09:00,3220.0,3230.0,3215.0,3215.0,4500,0.0,0.0
2023-11-09 11:00:00+09:00,3215.0,3220.0,3215.0,3220.0,0,0.0,0.0
2023-11-09 12:00:00+09:00,3215.0,3215.0,3215.0,3215.0,11500,0.0,0.0
2023-11-09 13:00:00+09:00,3220.0,3245.0,3215.0,3245.0,3500,0.0,0.0
2023-11-09 14:00:00+09:00,3235.0,3255.0,3235.0,3245.0,8900,0.0,0.0
2023-11-10 09:00:00+09:00,3245.0,3265.0,3230.0,3250.0,13300,0.0,0.0
2023-11-10 10:00:00+09:00,3250.0,3255.0,3240.0,3245.0,6400,0.0,0.0
2023-11-10 11:00:00+09:00,3240.0,3255.0,3235.0,3245.0,0,0.0,0.0
2023-11-10 12:00:00+09:00,3240.0,3250.0,3240.0,3250.0,28700,0.0,0.0
2023-11-10 13:00:00+09:00,3255.0,3265.0,3255.0,3265.0,3800,0.0,0.0
2023-11-10 14:00:00+09:00,3265.0,3285.0,3265.0,3285.0,12000,0.0,0.0
2023-11-13 09:00:00+09:00,3300.0,3300.0,3250.0,3250.0,5700,0.0,0.0
2023-11-13 10:00:00+09:00,3245.0,3255.0,3235.0,3235.0,4800,0.0,0.0
2023-11-13 11:00:00+09:00,3245.0,3250.0,3245.0,3250.0,0,0.0,0.0
2023-11-13 12:00:00+09:00,3225.0,3240.0,3225.0,3240.0,15400,0.0,0.0
2023-11-13 13:00:00+09:00,3240.0,3240.0,3230.0,3230.0,2800,0.0,0.0
2023-11-13 14:00:00+09:00,3230.0,3250.0,3230.0,3245.0,6800,0.0,0.0
2023-11-14 09:00:00+09:00,3260.0,3270.0,3240.0,3255.0,7300,0.0,0.0
2023-11-14 10:00:00+09:00,3255.0,3255.0,3245.0,3250.0,3200,0.0,0.0
2023-11-14 11:00:00+09:00,3250.0,3250.0,3235.0,3240.0,0,0.0,0.0
2023-11-14 12:00:00+09:00,3220.0,3235.0,3220.0,3235.0,15500,0.0,0.0
2023-11-14 13:00:00+09:00,3240.0,3245.0,3240.0,3245.0,1400,0.0,0.0
2023-11-14 14:00:00+09:00,3245.0,3250.0,3240.0,3240.0,7300,0.0,0.0
2023-11-15 09:00:00+09:00,3285.0,3285.0,3245.0,3260.0,11500,0.0,0.0
2023-11-15 10:00:00+09:00,3265.0,3265.0,3250.0,3250.0,4600,0.0,0.0
2023-11-15 11:00:00+09:00,3240.0,3265.0,3235.0,3260.0,0,0.0,0.0
2023-11-15 12:00:00+09:00,3270.0,3270.0,3255.0,3270.0,28500,0.0,0.0
2023-11-15 13:00:00+09:00,3270.0,3270.0,3265.0,3265.0,4300,0.0,0.0
2023-11-15 14:00:00+09:00,3265.0,3275.0,3260.0,3265.0,9400,0.0,0.0
2023-11-16 09:00:00+09:00,3225.0,3260.0,3200.0,3250.0,5600,0.0,0.0
2023-11-16 10:00:00+09:00,3250.0,3255.0,3235.0,3240.0,3600,0.0,0.0
2023-11-16 11:00:00+09:00,3240.0,3240.0,3235.0,3240.0,0,0.0,0.0
2023-11-16 12:00:00+09:00,3245.0,3245.0,3225.0,3225.0,12000,0.0,0.0
2023-11-16 13:00:00+09:00,3220.0,3245.0,3220.0,3245.0,5500,0.0,0.0
2023-11-16 14:00:00+09:00,3245.0,3260.0,3245.0,3255.0,7600,0.0,0.0
2023-11-17 09:00:00+09:00,3255.0,3275.0,3250.0,3270.0,6500,0.0,0.0
2023-11-17 10:00:00+09:00,3270.0,3275.0,3260.0,3275.0,2700,0.0,0.0
2023-11-17 11:00:00+09:00,3275.0,3280.0,3275.0,3275.0,0,0.0,0.0
2023-11-17 12:00:00+09:00,3280.0,3295.0,3275.0,3295.0,14200,0.0,0.0
2023-11-17 13:00:00+09:00,3295.0,3305.0,3295.0,3305.0,5600,0.0,0.0
2023-11-17 14:00:00+09:00,3305.0,3320.0,3305.0,3315.0,14800,0.0,0.0
2023-11-20 09:00:00+09:00,3320.0,3360.0,3310.0,3325.0,10300,0.0,0.0
2023-11-20 10:00:00+09:00,3315.0,3320.0,3305.0,3315.0,6100,0.0,0.0
2023-11-20 11:00:00+09:00,3320.0,3320.0,3315.0,3315.0,0,0.0,0.0
2023-11-20 12:00:00+09:00,3300.0,3310.0,3300.0,3300.0,19500,0.0,0.0
2023-11-20 13:00:00+09:00,3295.0,3300.0,3290.0,3300.0,5800,0.0,0.0
2023-11-20 14:00:00+09:00,3305.0,3310.0,3285.0,3290.0,8400,0.0,0.0
2023-11-21 09:00:00+09:00,3285.0,3325.0,3280.0,3295.0,16100,0.0,0.0
2023-11-21 10:00:00+09:00,3300.0,3310.0,3280.0,3310.0,12200,0.0,0.0
2023-11-21 11:00:00+09:00,3315.0,3325.0,3310.0,3315.0,0,0.0,0.0
2023-11-21 12:00:00+09:00,3325.0,3345.0,3320.0,3330.0,42100,0.0,0.0
2023-11-21 13:00:00+09:00,3335.0,3360.0,3335.0,3350.0,15300,0.0,0.0
2023-11-21 14:00:00+09:00,3350.0,3380.0,3345.0,3375.0,25400,0.0,0.0
2023-11-22 09:00:00+09:00,3370.0,3410.0,3370.0,3375.0,18400,0.0,0.0
2023-11-22 10:00:00+09:00,3375.0,3380.0,3360.0,3370.0,7200,0.0,0.0
2023-11-22 11:00:00+09:00,3370.0,3375.0,3360.0,3375.0,0,0.0,0.0
2023-11-22 12:00:00+09:00,3380.0,3390.0,3375.0,3390.0,35500,0.0,0.0
2023-11-22 13:00:00+09:00,3390.0,3420.0,3390.0,3420.0,7300,0.0,0.0
2023-11-22 14:00:00+09:00,3420.0,3445.0,3420.0,3440.0,19600,0.0,0.0
2023-11-24 09:00:00+09:00,3495.0,3495.0,3470.0,3485.0,14900,0.0,0.0
2023-11-24 10:00:00+09:00,3485.0,3485.0,3470.0,3475.0,3400,0.0,0.0
2023-11-24 11:00:00+09:00,3480.0,3480.0,3465.0,3465.0,0,0.0,0.0
2023-11-24 12:00:00+09:00,3465.0,3475.0,3465.0,3465.0,23100,0.0,0.0
2023-11-24 13:00:00+09:00,3465.0,3470.0,3455.0,3470.0,0,0.0,0.0
2023-11-24 14:00:00+09:00,3470.0,3475.0,3460.0,3465.0,32700,0.0,0.0
2023-11-27 09:00:00+09:00,3460.0,3495.0,3450.0,3460.0,20500,0.0,0.0
2023-11-27 10:00:00+09:00,3455.0,3460.0,3435.0,3435.0,4500,0.0,0.0
2023-11-27 11:00:00+09:00,3440.0,3440.0,3425.0,3435.0,0,0.0,0.0
2023-11-27 12:00:00+09:00,3415.0,3425.0,3405.0,3410.0,29800,0.0,0.0
2023-11-27 13:00:00+09:00,3415.0,3425.0,3400.0,3425.0,9900,0.0,0.0
2023-11-27 14:00:00+09:00,3425.0,3430.0,3420.0,3425.0,11000,0.0,0.0
2023-11-28 09:00:00+09:00,3440.0,3445.0,3415.0,3425.0,14200,0.0,0.0
2023-11-28 10:00:00+09:00,3425.0,3435.0,3420.0,3425.0,7700,0.0,0.0
2023-11-28 11:00:00+09:00,3435.0,3435.0,3430.0,3430.0,0,0.0,0.0
2023-11-28 12:00:00+09:00,3440.0,3440.0,3430.0,3435.0,24800,0.0,0.0
2023-11-28 13:00:00+09:00,3435.0,3455.0,3435.0,3455.0,8200,0.0,0.0
2023-11-28 14:00:00+09:00,3455.0,3465.0,3455.0,3460.0,13500,0.0,0.0
2023-11-29 09:00:00+09:00,3460.0,3490.0,3460.0,3485.0,19600,0.0,0.0
2023-11-29 10:00:00+09:00,3485.0,3505.0,3485.0,3500.0,10000,0.0,0.0
2023-11-29 11:00:00+09:00,3505.0,3515.0,3495.0,3500.0,0,0.0,0.0
2023-11-29 12:00:00+09:00,3505.0,3505.0,3500.0,3500.0,37100,0.0,0.0
2023-11-29 13:00:00+09:00,3500.0,3505.0,3495.0,3505.0,5300,0.0,0.0
2023-11-29 14:00:00+09:00,3500.0,3505.0,3490.0,3495.0,10700,0.0,0.0
2023-11-30 09:00:00+09:00,3505.0,3540.0,3485.0,3525.0,0,0.0,0.0
2023-11-30 10:00:00+09:00,3525.0,3525.0,3490.0,3495.0,23900,0.0,0.0
2023-11-30 11:00:00+09:00,3500.0,3505.0,3495.0,3500.0,0,0.0,0.0
2023-11-30 12:00:00+09:00,3505.0,3520.0,3500.0,3520.0,30900,0.0,0.0
2023-11-30 13:00:00+09:00,3520.0,3525.0,3510.0,3525.0,9300,0.0,0.0
2023-11-30 14:00:00+09:00,3520.0,3525.0,3500.0,3515.0,23200,0.0,0.0
2023-12-01 09:00:00+09:00,3505.0,3520.0,3495.0,3520.0,0,0.0,0.0
2023-12-01 10:00:00+09:00,3515.0,3545.0,3515.0,3540.0,14100,0.0,0.0
2023-12-01 11:00:00+09:00,3545.0,3550.0,3535.0,3545.0,0,0.0,0.0
2023-12-01 12:00:00+09:00,3550.0,3550.0,3515.0,3515.0,26700,0.0,0.0
2023-12-01 13:00:00+09:00,3520.0,3525.0,3520.0,3520.0,3500,0.0,0.0
2023-12-01 14:00:00+09:00,3515.0,3525.0,3510.0,3525.0,8400,0.0,0.0
2023-12-04 09:00:00+09:00,3550.0,3550.0,3490.0,3530.0,12800,0.0,0.0
2023-12-04 10:00:00+09:00,3525.0,3570.0,3525.0,3565.0,7800,0.0,0.0
2023-12-04 11:00:00+09:00,3560.0,3560.0,3550.0,3555.0,0,0.0,0.0
2023-12-04 12:00:00+09:00,3555.0,3565.0,3550.0,3565.0,28000,0.0,0.0
2023-12-04 13:00:00+09:00,3570.0,3580.0,3570.0,3580.0,3300,0.0,0.0
2023-12-04 14:00:00+09:00,3580.0,3580.0,3565.0,3565.0,15500,0.0,0.0
2023-12-05 09:00:00+09:00,3565.0,3595.0,3565.0,3570.0,14300,0.0,0.0
2023-12-05 10:00:00+09:00,3570.0,3585.0,3560.0,3570.0,8000,0.0,0.0
2023-12-05 11:00:00+09:00,3575.0,3575.0,3565.0,3565.0,0,0.0,0.0
2023-12-05 12:00:00+09:00,3570.0,3570.0,3545.0,3545.0,32500,0.0,0.0
2023-12-05 13:00:00+09:00,3545.0,3550.0,3520.0,3525.0,9000,0.0,0.0
2023-12-05 14:00:00+09:00,3520.0,3535.0,3520.0,3530.0,17800,0.0,0.0
2023-12-06 09:00:00+09:00,3535.0,3575.0,3535.0,3560.0,9400,0.0,0.0
2023-12-06 10:00:00+09:00,3560.0,3570.0,3560.0,3565.0,3600,0.0,0.0
2023-12-06 11:00:00+09:00,3570.0,3580.0,3570.0,3575.0,0,0.0,0.0
2023-12-06 12:00:00+09:00,3590.0,3590.0,3570.0,3580.0,25200,0.0,0.0
2023-12-06 13:00:00+09:00,3585.0,3620.0,3585.0,3620.0,22500,0.0,0.0
2023-12-06 14:00:00+09:00,3620.0,3630.0,3610.0,3620.0,15500,0.0,0.0
2023-12-07 09:00:00+09:00,3560.0,3585.0,3560.0,3560.0,14700,0.0,0.0
2023-12-07 10:00:00+09:00,3560.0,3585.0,3555.0,3580.0,11500,0.0,0.0
2023-12-07 11:00:00+09:00,3575.0,3580.0,3575.0,3580.0,0,0.0,0.0
2023-12-07 12:00:00+09:00,3565.0,3570.0,3550.0,3560.0,31300,0.0,0.0
2023-12-07 13:00:00+09:00,3560.0,3575.0,3560.0,3575.0,4800,0.0,0.0
2023-12-07 14:00:00+09:00,3575.0,3590.0,3570.0,3580.0,6700,0.0,0.0
2023-12-08 09:00:00+09:00,3590.0,3595.0,3535.0,3545.0,39200,0.0,0.0
2023-12-08 10:00:00+09:00,3540.0,3540.0,3500.0,3510.0,23300,0.0,0.0
2023-12-08 11:00:00+09:00,3500.0,3505.0,3480.0,3485.0,0,0.0,0.0
2023-12-08 12:00:00+09:00,3485.0,3495.0,3480.0,3495.0,78300,0.0,0.0
2023-12-08 13:00:00+09:00,3500.0,3500.0,3475.0,3475.0,10600,0.0,0.0
2023-12-08 14:00:00+09:00,3475.0,3480.0,3455.0,3470.0,23700,0.0,0.0
2023-12-11 09:00:00+09:00,3480.0,3540.0,3480.0,3505.0,12900,0.0,0.0
2023-12-11 10:00:00+09:00,3510.0,3525.0,3505.0,3520.0,8700,0.0,0.0
2023-12-11 11:00:00+09:00,3520.0,3520.0,3515.0,3515.0,0,0.0,0.0
2023-12-11 12:00:00+09:00,3515.0,3525.0,3515.0,3520.0,28900,0.0,0.0
2023-12-11 13:00:00+09:00,3525.0,3525.0,3515.0,3515.0,6900,0.0,0.0
2023-12-11 14:00:00+09:00,3520.0,3535.0,3515.0,3530.0,9800,0.0,0.0
2023-12-12 09:00:00+09:00,3555.0,3575.0,3520.0,3525.0,39100,0.0,0.0
2023-12-12 10:00:00+09:00,3525.0,3545.0,3520.0,3520.0,10500,0.0,0.0
2023-12-12 11:00:00+09:00,3520.0,3525.0,3500.0,3520.0,0,0.0,0.0
2023-12-12 12:00:00+09:00,3510.0,3525.0,3485.0,3495.0,83000,0.0,0.0
2023-12-12 13:00:00+09:00,3495.0,3495.0,3485.0,3495.0,9800,0.0,0.0
2023-12-12 14:00:00+09:00,3495.0,3515.0,3490.0,3510.0,11900,0.0,0.0
2023-12-13 09:00:00+09:00,3485.0,3485.0,3470.0,3480.0,0,0.0,0.0
2023-12-13 10:00:00+09:00,3480.0,3485.0,3475.0,3480.0,8300,0.0,0.0
2023-12-13 11:00:00+09:00,3485.0,3485.0,3480.0,3480.0,0,0.0,0.0
2023-12-13 12:00:00+09:00,3490.0,3490.0,3480.0,3480.0,24100,0.0,0.0
2023-12-13 13:00:00+09:00,3480.0,3480.0,3465.0,3480.0,4900,0.0,0.0
2023-12-13 14:00:00+09:00,3485.0,3490.0,3470.0,3475.0,11800,0.0,0.0
2023-12-14 09:00:00+09:00,3545.0,3565.0,3540.0,3545.0,28900,0.0,0.0
2023-12-14 10:00:00+09:00,3540.0,3555.0,3540.0,3550.0,10000,0.0,0.0
2023-12-14 11:00:00+09:00,3555.0,3560.0,3545.0,3545.0,0,0.0,0.0
2023-12-14 12:00:00+09:00,3520.0,3525.0,3510.0,3510.0,52500,0.0,0.0
2023-12-14 13:00:00+09:00,3510.0,3535.0,3510.0,3535.0,9900,0.0,0.0
2023-12-14 14:00:00+09:00,3540.0,3545.0,3525.0,3535.0,14000,0.0,0.0
2023-12-15 09:00:00+09:00,3600.0,3615.0,3565.0,3565.0,20300,0.0,0.0
2023-12-15 10:00:00+09:00,3570.0,3570.0,3555.0,3565.0,5200,0.0,0.0
2023-12-15 11:00:00+09:00,3560.0,3565.0,3555.0,3565.0,0,0.0,0.0
2023-12-15 12:00:00+09:00,3545.0,3565.0,3545.0,3565.0,30900,0.0,0.0
2023-12-15 13:00:00+09:00,3560.0,3575.0,3560.0,3565.0,0,0.0,0.0
2023-12-15 14:00:00+09:00,3565.0,3570.0,3555.0,3565.0,49000,0.0,0.0
2023-12-18 09:00:00+09:00,3520.0,3535.0,3505.0,3520.0,14500,0.0,0.0
2023-12-18 10:00:00+09:00,3515.0,3515.0,3495.0,3495.0,6500,0.0,0.0
2023-12-18 11:00:00+09:00,3490.0,3505.0,3490.0,3505.0,0,0.0,0.0
2023-12-18 12:00:00+09:00,3490.0,3500.0,3490.0,3500.0,28600,0.0,0.0
2023-12-18 13:00:00+09:00,3500.0,3505.0,3495.0,3500.0,4900,0.0,0.0
2023-12-18 14:00:00+09:00,3500.0,3510.0,3500.0,3500.0,9900,0.0,0.0
2023-12-19 09:00:00+09:00,3515.0,3530.0,3490.0,3500.0,15100,0.0,0.0
2023-12-19 10:00:00+09:00,3495.0,3500.0,3470.0,3480.0,23500,0.0,0.0
2023-12-19 11:00:00+09:00,3480.0,3495.0,3480.0,3490.0,0,0.0,0.0
2023-12-19 12:00:00+09:00,3525.0,3525.0,3495.0,3495.0,53500,0.0,0.0
2023-12-19 13:00:00+09:00,3490.0,3495.0,3480.0,3490.0,7000,0.0,0.0
2023-12-19 14:00:00+09:00,3495.0,3505.0,3480.0,3500.0,14500,0.0,0.0
2023-12-20 09:00:00+09:00,3520.0,3535.0,3480.0,3485.0,12500,0.0,0.0
2023-12-20 10:00:00+09:00,3490.0,3495.0,3480.0,3485.0,7000,0.0,0.0
2023-12-20 11:00:00+09:00,3485.0,3485.0,3465.0,3475.0,0,0.0,0.0
2023-12-20 12:00:00+09:00,3480.0,3480.0,3470.0,3470.0,23600,0.0,0.0
2023-12-20 13:00:00+09:00,3470.0,3470.0,3460.0,3465.0,3400,0.0,0.0
2023-12-20 14:00:00+09:00,3460.0,3470.0,3440.0,3450.0,10000,0.0,0.0
2023-12-21 09:00:00+09:00,3430.0,3485.0,3425.0,3460.0,16500,0.0,0.0
2023-12-21 10:00:00+09:00,3460.0,3470.0,3455.0,3460.0,9700,0.0,0.0
2023-12-21 11:00:00+09:00,3460.0,3460.0,3445.0,3450.0,0,0.0,0.0
2023-12-21 12:00:00+09:00,3460.0,3465.0,3455.0,3455.0,35300,0.0,0.0
2023-12-21 13:00:00+09:00,3460.0,3490.0,3460.0,3485.0,11400,0.0,0.0
2023-12-21 14:00:00+09:00,3485.0,3485.0,3470.0,3470.0,12200,0.0,0.0
2023-12-22 09:00:00+09:00,3490.0,3520.0,3480.0,3515.0,10300,0.0,0.0
2023-12-22 10:00:00+09:00,3520.0,3530.0,3500.0,3510.0,8500,0.0,0.0
2023-12-22 11:00:00+09:00,3510.0,3520.0,3510.0,3520.0,0,0.0,0.0
2023-12-22 12:00:00+09:00,3520.0,3525.0,3515.0,3525.0,26300,0.0,0.0
2023-12-22 13:00:00+09:00,3525.0,3525.0,3515.0,3520.0,2900,0.0,0.0
2023-12-22 14:00:00+09:00,3525.0,3550.0,3525.0,3550.0,21400,0.0,0.0
2023-12-25 09:00:00+09:00,3615.0,3615.0,3575.0,3580.0,11700,0.0,0.0
2023-12-25 10:00:00+09:00,3580.0,3585.0,3565.0,3570.0,5300,0.0,0.0
2023-12-25 11:00:00+09:00,3575.0,3575.0,3570.0,3575.0,0,0.0,0.0
2023-12-25 12:00:00+09:00,3555.0,3560.0,3550.0,3560.0,20900,0.0,0.0
2023-12-25 13:00:00+09:00,3560.0,3560.0,3555.0,3555.0,2200,0.0,0.0
2023-12-25 14:00:00+09:00,3560.0,3565.0,3560.0,3565.0,4600,0.0,0.0
2023-12-26 09:00:00+09:00,3565.0,3570.0,3545.0,3555.0,14100,0.0,0.0
2023-12-26 10:00:00+09:00,3555.0,3560.0,3545.0,3545.0,4700,0.0,0.0
2023-12-26 11:00:00+09:00,3550.0,3550.0,3535.0,3535.0,0,0.0,0.0
2023-12-26 12:00:00+09:00,3520.0,3535.0,3515.0,3515.0,30900,0.0,0.0
2023-12-26 13:00:00+09:00,3515.0,3515.0,3510.0,3510.0,5400,0.0,0.0
2023-12-26 14:00:00+09:00,3515.0,3520.0,3500.0,3515.0,8700,0.0,0.0
2023-12-27 09:00:00+09:00,3500.0,3530.0,3500.0,3525.0,13600,0.0,0.0
2023-12-27 10:00:00+09:00,3520.0,3535.0,3520.0,3535.0,7400,0.0,0.0
2023-12-27 11:00:00+09:00,3530.0,3535.0,3525.0,3530.0,0,0.0,0.0
2023-12-27 12:00:00+09:00,3520.0,3530.0,3520.0,3530.0,31100,0.0,0.0
2023-12-27 13:00:00+09:00,3535.0,3540.0,3535.0,3540.0,5800,0.0,0.0
2023-12-27 14:00:00+09:00,3545.0,3555.0,3545.0,3550.0,10500,0.0,0.0
2023-12-28 09:00:00+09:00,3515.0,3525.0,3485.0,3510.0,7900,0.0,0.0
2023-12-28 10:00:00+09:00,3515.0,3515.0,3495.0,3495.0,3000,0.0,0.0
2023-12-28 11:00:00+09:00,3495.0,3500.0,3490.0,3500.0,0,0.0,0.0
2023-12-28 12:00:00+09:00,3510.0,3510.0,3500.0,3510.0,15000,0.0,0.0
2023-12-28 13:00:00+09:00,3515.0,3515.0,3510.0,3515.0,0,0.0,0.0
2023-12-28 14:00:00+09:00,3520.0,3520.0,3510.0,3520.0,23300,0.0,0.0
2023-12-29 09:00:00+09:00,3535.0,3540.0,3515.0,3535.0,8400,0.0,0.0
2023-12-29 10:00:00+09:00,3535.0,3540.0,3525.0,3540.0,2600,0.0,0.0
2023-12-29 11:00:00+09:00,3540.0,3540.0,3530.0,3530.0,0,0.0,0.0
2023-12-29 12:00:00+09:00,3520.0,3525.0,3520.0,3520.0,14100,0.0,0.0
2023-12-29 13:00:00+09:00,3515.0,3515.0,3510.0,3510.0,3400,0.0,0.0
2023-12-29 14:00:00+09:00,3510.0,3515.0,3505.0,3515.0,8300,0.0,0.0
2024-01-04 09:00:00+09:00,3460.0,3485.0,3435.0,3480.0,23800,0.0,0.0
2024-01-04 10:00:00+09:00,3490.0,3510.0,3485.0,3495.0,7600,0.0,0.0
2024-01-04 11:00:00+09:00,3495.0,3495.0,3495.0,3495.0,0,0.0,0.0
2024-01-04 12:00:00+09:00,3495.0,3495.0,3480.0,3480.0,36000,0.0,0.0
2024-01-04 13:00:00+09:00,3490.0,3505.0,3480.0,3500.0,7000,0.0,0.0
2024-01-04 14:00:00+09:00,3505.0,3515.0,3500.0,3515.0,11700,0.0,0.0
2024-01-05 09:00:00+09:00,3545.0,3570.0,3525.0,3565.0,18100,0.0,0.0
2024-01-05 10:00:00+09:00,3565.0,3570.0,3560.0,3565.0,5900,0.0,0.0
2024-01-05 11:00:00+09:00,3565.0,3565.0,3545.0,3545.0,0,0.0,0.0
2024-01-05 12:00:00+09:00,3560.0,3560.0,3545.0,3545.0,33700,0.0,0.0
2024-01-05 13:00:00+09:00,3550.0,3565.0,3550.0,3555.0,8300,0.0,0.0
2024-01-05 14:00:00+09:00,3560.0,3570.0,3560.0,3570.0,15300,0.0,0.0
2024-01-09 09:00:00+09:00,3600.0,3675.0,3600.0,3655.0,24500,0.0,0.0
2024-01-09 10:00:00+09:00,3660.0,3675.0,3645.0,3670.0,13600,0.0,0.0
2024-01-09 11:00:00+09:00,3670.0,3680.0,3670.0,3680.0,0,0.0,0.0
2024-01-09 12:00:00+09:00,3675.0,3680.0,3660.0,3670.0,47300,0.0,0.0
2024-01-09 13:00:00+09:00,3665.0,3675.0,3650.0,3675.0,14300,0.0,0.0
2024-01-09 14:00:00+09:00,3675.0,3690.0,3675.0,3675.0,13600,0.0,0.0
2024-01-10 09:00:00+09:00,3710.0,3710.0,3660.0,3695.0,19000,0.0,0.0
2024-01-10 10:00:00+09:00,3700.0,3710.0,3700.0,3710.0,6800,0.0,0.0
2024-01-10 11:00:00+09:00,3715.0,3720.0,3710.0,3720.0,0,0.0,0.0
2024-01-10 12:00:00+09:00,3710.0,3740.0,3710.0,3740.0,36900,0.0,0.0
2024-01-10 13:00:00+09:00,3735.0,3745.0,3730.0,3730.0,8300,0.0,0.0
2024-01-10 14:00:00+09:00,3730.0,3745.0,3725.0,3725.0,17400,0.0,0.0
2024-01-11 09:00:00+09:00,3760.0,3775.0,3725.0,3730.0,17100,0.0,0.0
2024-01-11 10:00:00+09:00,3725.0,3735.0,3710.0,3730.0,15600,0.0,0.0
2024-01-11 11:00:00+09:00,3730.0,3740.0,3730.0,3735.0,0,0.0,0.0
2024-01-11 12:00:00+09:00,3725.0,3740.0,3725.0,3740.0,45800,0.0,0.0
2024-01-11 13:00:00+09:00,3740.0,3750.0,3735.0,3745.0,9900,0.0,0.0
2024-01-11 14:00:00+09:00,3745.0,3745.0,3720.0,3720.0,10700,0.0,0.0
2024-01-12 09:00:00+09:00,3780.0,3780.0,3720.0,3725.0,0,0.0,0.0
2024-01-12 10:00:00+09:00,3730.0,3735.0,3710.0,3710.0,12000,0.0,0.0
2024-01-12 11:00:00+09:00,3710.0,3720.0,3685.0,3690.0,0,0.0,0.0
2024-01-12 12:00:00+09:00,3695.0,3695.0,3680.0,3685.0,48400,0.0,0.0
2024-01-12 13:00:00+09:00,3690.0,3715.0,3690.0,3710.0,7700,0.0,0.0
2024-01-12 14:00:00+09:00,3710.0,3740.0,3710.0,3735.0,15800,0.0,0.0
2024-01-15 09:00:00+09:00,3765.0,3790.0,3755.0,3790.0,15700,0.0,0.0
2024-01-15 10:00:00+09:00,3790.0,3805.0,3790.0,3800.0,4000,0.0,0.0
2024-01-15 11:00:00+09:00,3800.0,3815.0,3800.0,3815.0,0,0.0,0.0
2024-01-15 12:00:00+09:00,3825.0,3825.0,3805.0,3815.0,28500,0.0,0.0
2024-01-15 13:00:00+09:00,3815.0,3835.0,3815.0,3825.0,11900,0.0,0.0
2024-01-15 14:00:00+09:00,3820.0,3825.0,3810.0,3820.0,15300,0.0,0.0
2024-01-16 09:00:00+09:00,3810.0,3815.0,3755.0,3760.0,31100,0.0,0.0
2024-01-16 10:00:00+09:00,3755.0,3755.0,3735.0,3750.0,14500,0.0,0.0
2024-01-16 11:00:00+09:00,3750.0,3755.0,3740.0,3740.0,0,0.0,0.0
2024-01-16 12:00:00+09:00,3725.0,3730.0,3705.0,3705.0,64500,0.0,0.0
2024-01-16 13:00:00+09:00,3710.0,3710.0,3675.0,3685.0,29500,0.0,0.0
2024-01-16 14:00:00+09:00,3685.0,3685.0,3615.0,3630.0,33900,0.0,0.0
2024-01-17 09:00:00+09:00,3660.0,3700.0,3635.0,3670.0,23700,0.0,0.0
2024-01-17 10:00:00+09:00,3675.0,3710.0,3670.0,3685.0,10800,0.0,0.0
2024-01-17 11:00:00+09:00,3685.0,3685.0,3665.0,3675.0,0,0.0,0.0
2024-01-17 12:00:00+09:00,3680.0,3680.0,3660.0,3660.0,43700,0.0,0.0
2024-01-17 13:00:00+09:00,3660.0,3690.0,3655.0,3690.0,6800,0.0,0.0
2024-01-17 14:00:00+09:00,3690.0,3690.0,3635.0,3635.0,24400,0.0,0.0
2024-01-18 09:00:00+09:00,3620.0,3675.0,3620.0,3665.0,4300,0.0,0.0
2024-01-18 10:00:00+09:00,3665.0,3665.0,3645.0,3665.0,4800,0.0,0.0
2024-01-18 11:00:00+09:00,3660.0,3665.0,3660.0,3660.0,0,0.0,0.0
2024-01-18 12:00:00+09:00,3660.0,3660.0,3645.0,3645.0,13200,0.0,0.0
2024-01-18 13:00:00+09:00,3640.0,3645.0,3635.0,3640.0,3400,0.0,0.0
2024-01-18 14:00:00+09:00,3640.0,3650.0,3625.0,3640.0,8000,0.0,0.0
2024-01-19 09:00:00+09:00,3670.0,3670.0,3640.0,3655.0,13700,0.0,0.0
2024-01-19 10:00:00+09:00,3655.0,3655.0,3645.0,3650.0,6400,0.0,0.0
2024-01-19 11:00:00+09:00,3650.0,3665.0,3650.0,3665.0,0,0.0,0.0
2024-01-19 12:00:00+09:00,3655.0,3665.0,3635.0,3635.0,26500,0.0,0.0
2024-01-19 13:00:00+09:00,3635.0,3655.0,3635.0,3655.0,6400,0.0,0.0
2024-01-19 14:00:00+09:00,3655.0,3680.0,3655.0,3675.0,14400,0.0,0.0
2024-01-22 09:00:00+09:00,3685.0,3735.0,3685.0,3730.0,7300,0.0,0.0
2024-01-22 10:00:00+09:00,3730.0,3730.0,3715.0,3730.0,5700,0.0,0.0
2024-01-22 11:00:00+09:00,3725.0,3730.0,3725.0,3730.0,0,0.0,0.0
2024-01-22 12:00:00+09:00,3725.0,3730.0,3725.0,3730.0,16000,0.0,0.0
2024-01-22 13:00:00+09:00,3735.0,3750.0,3730.0,3745.0,7300,0.0,0.0
2024-01-22 14:00:00+09:00,3745.0,3755.0,3740.0,3740.0,4500,0.0,0.0
2024-01-23 09:00:00+09:00,3770.0,3790.0,3755.0,3770.0,23300,0.0,0.0
2024-01-23 10:00:00+09:00,3765.0,3775.0,3760.0,3775.0,13100,0.0,0.0
2024-01-23 11:00:00+09:00,3770.0,3780.0,3765.0,3780.0,0,0.0,0.0
2024-01-23 12:00:00+09:00,3780.0,3780.0,3750.0,3765.0,60100,0.0,0.0
2024-01-23 13:00:00+09:00,3765.0,3785.0,3765.0,3785.0,15200,0.0,0.0
2024-01-23 14:00:00+09:00,3785.0,3800.0,3750.0,3750.0,26900,0.0,0.0
2024-01-24 09:00:00+09:00,3680.0,3715.0,3645.0,3660.0,15400,0.0,0.0
2024-01-24 10:00:00+09:00,3660.0,3660.0,3635.0,3645.0,9300,0.0,0.0
2024-01-24 11:00:00+09:00,3640.0,3645.0,3640.0,3640.0,0,0.0,0.0
2024-01-24 12:00:00+09:00,3635.0,3645.0,3625.0,3635.0,31700,0.0,0.0
2024-01-24 13:00:00+09:00,3630.0,3630.0,3615.0,3620.0,4200,0.0,0.0
2024-01-24 14:00:00+09:00,3620.0,3625.0,3600.0,3600.0,7300,0.0,0.0
2024-01-25 09:00:00+09:00,3590.0,3655.0,3590.0,3640.0,18800,0.0,0.0
2024-01-25 10:00:00+09:00,3640.0,3645.0,3620.0,3630.0,11000,0.0,0.0
2024-01-25 11:00:00+09:00,3635.0,3655.0,3635.0,3650.0,0,0.0,0.0
2024-01-25 12:00:00+09:00,3650.0,3650.0,3630.0,3630.0,39900,0.0,0.0
2024-01-25 13:00:00+09:00,3630.0,3635.0,3620.0,3625.0,8400,0.0,0.0
2024-01-25 14:00:00+09:00,3625.0,3630.0,3615.0,3615.0,9800,0.0,0.0
2024-01-26 09:00:00+09:00,3620.0,3655.0,3595.0,3630.0,73300,0.0,0.0
2024-01-26 10:00:00+09:00,3630.0,3640.0,3620.0,3640.0,7400,0.0,0.0
2024-01-26 11:00:00+09:00,3635.0,3640.0,3630.0,3630.0,0,0.0,0.0
2024-01-26 12:00:00+09:00,3635.0,3635.0,3620.0,3625.0,92400,0.0,0.0
2024-01-26 13:00:00+09:00,3630.0,3630.0,3600.0,3600.0,10600,0.0,0.0
2024-01-26 14:00:00+09:00,3605.0,3625.0,3605.0,3615.0,10600,0.0,0.0
2024-01-29 09:00:00+09:00,3620.0,3650.0,3615.0,3635.0,15600,0.0,0.0
2024-01-29 10:00:00+09:00,3630.0,3665.0,3630.0,3660.0,12600,0.0,0.0
2024-01-29 11:00:00+09:00,3660.0,3660.0,3645.0,3645.0,0,0.0,0.0
2024-01-29 12:00:00+09:00,3645.0,3645.0,3635.0,3640.0,34900,0.0,0.0
2024-01-29 13:00:00+09:00,3635.0,3650.0,3625.0,3645.0,7700,0.0,0.0
2024-01-29 14:00:00+09:00,3640.0,3640.0,3615.0,3620.0,10900,0.0,0.0
2024-01-30 09:00:00+09:00,3630.0,3650.0,3625.0,3640.0,0,0.0,0.0
2024-01-30 10:00:00+09:00,3645.0,3645.0,3630.0,3630.0,19200,0.0,0.0
2024-01-30 11:00:00+09:00,3630.0,3645.0,3625.0,3640.0,0,0.0,0.0
2024-01-30 12:00:00+09:00,3645.0,3655.0,3645.0,3645.0,32200,0.0,0.0
2024-01-30 13:00:00+09:00,3650.0,3660.0,3645.0,3645.0,14400,0.0,0.0
2024-01-30 14:00:00+09:00,3645.0,3655.0,3635.0,3640.0,10200,0.0,0.0
2024-01-31 09:00:00+09:00,3580.0,3615.0,3575.0,3590.0,17000,0.0,0.0
2024-01-31 10:00:00+09:00,3590.0,3620.0,3590.0,3620.0,5600,0.0,0.0
2024-01-31 11:00:00+09:00,3615.0,3615.0,3605.0,3605.0,0,0.0,0.0
2024-01-31 12:00:00+09:00,3615.0,3625.0,3610.0,3625.0,30800,0.0,0.0
2024-01-31 13:00:00+09:00,3620.0,3630.0,3620.0,3630.0,6800,0.0,0.0
2024-01-31 14:00:00+09:00,3630.0,3645.0,3630.0,3640.0,13400,0.0,0.0
2024-02-01 09:00:00+09:00,3580.0,3610.0,3580.0,3590.0,17900,0.0,0.0
2024-02-01 10:00:00+09:00,3590.0,3625.0,3590.0,3625.0,6100,0.0,0.0
2024-02-01 11:00:00+09:00,3620.0,3630.0,3615.0,3620.0,0,0.0,0.0
2024-02-01 12:00:00+09:00,3620.0,3630.0,3615.0,3615.0,34300,0.0,0.0
2024-02-01 13:00:00+09:00,3615.0,3620.0,3605.0,3615.0,8200,0.0,0.0
2024-02-01 14:00:00+09:00,3615.0,3625.0,3615.0,3615.0,10200,0.0,0.0
2024-02-02 09:00:00+09:00,3720.0,3780.0,3640.0,3775.0,129000,0.0,0.0
2024-02-02 10:00:00+09:00,3780.0,3790.0,3735.0,3740.0,15200,0.0,0.0
2024-02-02 11:00:00+09:00,3745.0,3755.0,3725.0,3725.0,0,0.0,0.0
2024-02-02 12:00:00+09:00,3735.0,3770.0,3735.0,3765.0,165900,0.0,0.0
2024-02-02 13:00:00+09:00,3765.0,3765.0,3740.0,3745.0,13200,0.0,0.0
2024-02-02 14:00:00+09:00,3745.0,3755.0,3735.0,3735.0,21400,0.0,0.0
2024-02-05 09:00:00+09:00,3705.0,3705.0,3650.0,3685.0,38000,0.0,0.0
2024-02-05 10:00:00+09:00,3680.0,3700.0,3675.0,3700.0,12700,0.0,0.0
2024-02-05 11:00:00+09:00,3705.0,3725.0,3705.0,3725.0,0,0.0,0.0
2024-02-05 12:00:00+09:00,3730.0,3730.0,3705.0,3705.0,66100,0.0,0.0
2024-02-05 13:00:00+09:00,3700.0,3700.0,3685.0,3685.0,6000,0.0,0.0
2024-02-05 14:00:00+09:00,3685.0,3685.0,3670.0,3670.0,19100,0.0,0.0
2024-02-06 09:00:00+09:00,3620.0,3640.0,3580.0,3590.0,19900,0.0,0.0
2024-02-06 10:00:00+09:00,3590.0,3660.0,3590.0,3640.0,18000,0.0,0.0
2024-02-06 11:00:00+09:00,3640.0,3660.0,3635.0,3645.0,0,0.0,0.0
2024-02-06 12:00:00+09:00,3630.0,3635.0,3630.0,3630.0,51100,0.0,0.0
2024-02-06 13:00:00+09:00,3630.0,3635.0,3625.0,3630.0,9700,0.0,0.0
2024-02-06 14:00:00+09:00,3630.0,3635.0,3600.0,3600.0,17000,0.0,0.0
2024-02-07 09:00:00+09:00,3600.0,3655.0,3600.0,3640.0,40900,0.0,0.0
2024-02-07 10:00:00+09:00,3645.0,3665.0,3640.0,3650.0,25200,0.0,0.0
2024-02-07 11:00:00+09:00,3655.0,3660.0,3645.0,3650.0,0,0.0,0.0
2024-02-07 12:00:00+09:00,3645.0,3650.0,3615.0,3630.0,90400,0.0,0.0
2024-02-07 13:00:00+09:00,3635.0,3655.0,3635.0,3650.0,12500,0.0,0.0
2024-02-07 14:00:00+09:00,3645.0,3665.0,3645.0,3645.0,25000,0.0,0.0
2024-02-08 09:00:00+09:00,3605.0,3605.0,3530.0,3530.0,26100,0.0,0.0
2024-02-08 10:00:00+09:00,3525.0,3540.0,3510.0,3540.0,15700,0.0,0.0
2024-02-08 11:00:00+09:00,3545.0,3555.0,3545.0,3545.0,0,0.0,0.0
2024-02-08 12:00:00+09:00,3550.0,3600.0,3550.0,3600.0,61800,0.0,0.0
2024-02-08 13:00:00+09:00,3595.0,3600.0,3585.0,3595.0,19000,0.0,0.0
2024-02-08 14:00:00+09:00,3595.0,3595.0,3575.0,3575.0,19400,0.0,0.0
2024-02-09 09:00:00+09:00,3590.0,3635.0,3590.0,3630.0,19200,0.0,0.0
2024-02-09 10:00:00+09:00,3625.0,3655.0,3620.0,3645.0,12600,0.0,0.0
2024-02-09 11:00:00+09:00,3640.0,3640.0,3630.0,3635.0,0,0.0,0.0
2024-02-09 12:00:00+09:00,3640.0,3640.0,3620.0,3630.0,43000,0.0,0.0
2024-02-09 13:00:00+09:00,3630.0,3650.0,3625.0,3630.0,10700,0.0,0.0
2024-02-09 14:00:00+09:00,3635.0,3645.0,3625.0,3630.0,18600,0.0,0.0
2024-02-13 09:00:00+09:00,3645.0,3710.0,3645.0,3705.0,23000,0.0,0.0
2024-02-13 10:00:00+09:00,3710.0,3715.0,3700.0,3700.0,9500,0.0,0.0
2024-02-13 11:00:00+09:00,3710.0,3750.0,3700.0,3745.0,0,0.0,0.0
2024-02-13 12:00:00+09:00,3755.0,3760.0,3745.0,3755.0,53400,0.0,0.0
2024-02-13 13:00:00+09:00,3755.0,3760.0,3740.0,3750.0,13500,0.0,0.0
2024-02-13 14:00:00+09:00,3750.0,3775.0,3745.0,3760.0,36400,0.0,0.0
2024-02-14 09:00:00+09:00,3750.0,3750.0,3715.0,3740.0,25100,0.0,0.0
2024-02-14 10:00:00+09:00,3745.0,3745.0,3725.0,3740.0,10100,0.0,0.0
2024-02-14 11:00:00+09:00,3740.0,3740.0,3725.0,3725.0,0,0.0,0.0
2024-02-14 12:00:00+09:00,3735.0,3750.0,3725.0,3750.0,46600,0.0,0.0
2024-02-14 13:00:00+09:00,3750.0,3765.0,3735.0,3765.0,9700,0.0,0.0
2024-02-14 14:00:00+09:00,3765.0,3785.0,3755.0,3760.0,27500,0.0,0.0
2024-02-15 09:00:00+09:00,3900.0,3900.0,3815.0,3820.0,31900,0.0,0.0
2024-02-15 10:00:00+09:00,3820.0,3840.0,3810.0,3840.0,10400,0.0,0.0
2024-02-15 11:00:00+09:00,3840.0,3840.0,3815.0,3825.0,0,0.0,0.0
2024-02-15 12:00:00+09:00,3825.0,3840.0,3820.0,3840.0,53700,0.0,0.0
2024-02-15 13:00:00+09:00,3840.0,3850.0,3825.0,3840.0,11200,0.0,0.0
2024-02-15 14:00:00+09:00,3845.0,3845.0,3820.0,3825.0,17600,0.0,0.0
2024-02-16 09:00:00+09:00,3900.0,3940.0,3845.0,3935.0,42300,0.0,0.0
2024-02-16 10:00:00+09:00,3930.0,3940.0,3900.0,3900.0,20400,0.0,0.0
2024-02-16 11:00:00+09:00,3905.0,3935.0,3905.0,3935.0,0,0.0,0.0
2024-02-16 12:00:00+09:00,3950.0,3950.0,3925.0,3945.0,88800,0.0,0.0
2024-02-16 13:00:00+09:00,3950.0,3965.0,3930.0,3935.0,23800,0.0,0.0
2024-02-16 14:00:00+09:00,3935.0,3940.0,3910.0,3940.0,29100,0.0,0.0
2024-02-19 09:00:00+09:00,3890.0,3935.0,3880.0,3935.0,0,0.0,0.0
2024-02-19 10:00:00+09:00,3935.0,3940.0,3915.0,3925.0,42200,0.0,0.0
2024-02-19 11:00:00+09:00,3925.0,3925.0,3910.0,3915.0,0,0.0,0.0
2024-02-19 12:00:00+09:00,3920.0,3925.0,3910.0,3915.0,61800,0.0,0.0
2024-02-19 13:00:00+09:00,3915.0,3945.0,3905.0,3905.0,52000,0.0,0.0
2024-02-19 14:00:00+09:00,3905.0,3925.0,3905.0,3915.0,21900,0.0,0.0
2024-02-20 09:00:00+09:00,3950.0,3980.0,3950.0,3965.0,28700,0.0,0.0
2024-02-20 10:00:00+09:00,3965.0,3965.0,3950.0,3965.0,14000,0.0,0.0
2024-02-20 11:00:00+09:00,3960.0,3965.0,3955.0,3960.0,0,0.0,0.0
2024-02-20 12:00:00+09:00,3955.0,3960.0,3920.0,3925.0,62100,0.0,0.0
2024-02-20 13:00:00+09:00,3925.0,3930.0,3900.0,3900.0,9800,0.0,0.0
2024-02-20 14:00:00+09:00,3895.0,3900.0,3875.0,3880.0,21800,0.0,0.0
2024-02-21 09:00:00+09:00,3860.0,3865.0,3815.0,3835.0,31200,0.0,0.0
2024-02-21 10:00:00+09:00,3840.0,3855.0,3830.0,3830.0,12700,0.0,0.0
2024-02-21 11:00:00+09:00,3825.0,3835.0,3810.0,3810.0,0,0.0,0.0
2024-02-21 12:00:00+09:00,3800.0,3825.0,3800.0,3810.0,55300,0.0,0.0
2024-02-21 13:00:00+09:00,3810.0,3830.0,3810.0,3825.0,9900,0.0,0.0
2024-02-21 14:00:00+09:00,3830.0,3845.0,3825.0,3840.0,13900,0.0,0.0
2024-02-22 09:00:00+09:00,3870.0,3900.0,3850.0,3850.0,16200,0.0,0.0
2024-02-22 10:00:00+09:00,3855.0,3890.0,3855.0,3875.0,8700,0.0,0.0
2024-02-22 11:00:00+09:00,3875.0,3895.0,3875.0,3890.0,0,0.0,0.0
2024-02-22 12:00:00+09:00,3900.0,3900.0,3880.0,3880.0,34700,0.0,0.0
2024-02-22 13:00:00+09:00,3875.0,3900.0,3875.0,3895.0,8800,0.0,0.0
2024-02-22 14:00:00+09:00,3900.0,3915.0,3890.0,3915.0,18500,0.0,0.0
2024-02-26 09:00:00+09:00,3940.0,3995.0,3940.0,3985.0,21300,0.0,0.0
2024-02-26 10:00:00+09:00,3985.0,3990.0,3960.0,3960.0,8600,0.0,0.0
2024-02-26 11:00:00+09:00,3960.0,3960.0,3950.0,3960.0,0,0.0,0.0
2024-02-26 12:00:00+09:00,3945.0,3960.0,3945.0,3950.0,42600,0.0,0.0
2024-02-26 13:00:00+09:00,3960.0,3960.0,3935.0,3940.0,6400,0.0,0.0
2024-02-26 14:00:00+09:00,3945.0,3955.0,3935.0,3935.0,13300,0.0,0.0
2024-02-27 09:00:00+09:00,3980.0,4000.0,3960.0,3980.0,22100,0.0,0.0
2024-02-27 10:00:00+09:00,3985.0,4015.0,3985.0,4015.0,14900,0.0,0.0
2024-02-27 11:00:00+09:00,4015.0,4015.0,3995.0,4005.0,0,0.0,0.0
2024-02-27 12:00:00+09:00,4010.0,4010.0,3980.0,3985.0,50400,0.0,0.0
2024-02-27 13:00:00+09:00,3985.0,4005.0,3985.0,4000.0,10400,0.0,0.0
2024-02-27 14:00:00+09:00,4000.0,4010.0,3990.0,4010.0,20200,0.0,0.0
2024-02-28 09:00:00+09:00,4010.0,4035.0,3970.0,3970.0,31000,0.0,0.0
2024-02-28 10:00:00+09:00,3995.0,4000.0,3975.0,3990.0,13600,0.0,0.0
2024-02-28 11:00:00+09:00,3995.0,4025.0,3995.0,4025.0,0,0.0,0.0
2024-02-28 12:00:00+09:00,4020.0,4030.0,4010.0,4025.0,59600,0.0,0.0
2024-02-28 13:00:00+09:00,4030.0,4030.0,4010.0,4015.0,12000,0.0,0.0
2024-02-28 14:00:00+09:00,4020.0,4035.0,4015.0,4035.0,23100,0.0,0.0
2024-02-29 09:00:00+09:00,4050.0,4085.0,4035.0,4070.0,37000,0.0,0.0
2024-02-29 10:00:00+09:00,4070.0,4085.0,4060.0,4070.0,15800,0.0,0.0
2024-02-29 11:00:00+09:00,4075.0,4075.0,4060.0,4070.0,0,0.0,0.0
2024-02-29 12:00:00+09:00,4055.0,4060.0,4050.0,4060.0,77800,0.0,0.0
2024-02-29 13:00:00+09:00,4060.0,4060.0,4000.0,4015.0,27000,0.0,0.0
2024-02-29 14:00:00+09:00,4020.0,4020.0,3995.0,4000.0,31600,0.0,0.0
2024-03-01 09:00:00+09:00,4000.0,4000.0,3945.0,3975.0,18100,0.0,0.0
2024-03-01 10:00:00+09:00,3970.0,3985.0,3960.0,3985.0,4800,0.0,0.0
2024-03-01 11:00:00+09:00,3985.0,3990.0,3980.0,3980.0,0,0.0,0.0
2024-03-01 12:00:00+09:00,3975.0,3990.0,3975.0,3990.0,31300,0.0,0.0
2024-03-01 13:00:00+09:00,3990.0,3990.0,3970.0,3970.0,2900,0.0,0.0
2024-03-01 14:00:00+09:00,3970.0,3980.0,3965.0,3970.0,14700,0.0,0.0
2024-03-04 09:00:00+09:00,3975.0,4000.0,3955.0,4000.0,27900,0.0,0.0
2024-03-04 10:00:00+09:00,4000.0,4010.0,3985.0,3995.0,11000,0.0,0.0
2024-03-04 11:00:00+09:00,3995.0,3995.0,3985.0,3985.0,0,0.0,0.0
2024-03-04 12:00:00+09:00,3970.0,3980.0,3950.0,3960.0,59500,0.0,0.0
2024-03-04 13:00:00+09:00,3965.0,3985.0,3960.0,3985.0,11400,0.0,0.0
2024-03-04 14:00:00+09:00,3985.0,3985.0,3965.0,3975.0,15400,0.0,0.0
2024-03-05 09:00:00+09:00,4000.0,4020.0,3965.0,4020.0,0,0.0,0.0
2024-03-05 10:00:00+09:00,4015.0,4040.0,4010.0,4040.0,42100,0.0,0.0
2024-03-05 11:00:00+09:00,4040.0,4040.0,4015.0,4035.0,0,0.0,0.0
2024-03-05 12:00:00+09:00,4035.0,4055.0,4025.0,4045.0,65300,0.0,0.0
2024-03-05 13:00:00+09:00,4045.0,4055.0,4040.0,4055.0,16800,0.0,0.0
2024-03-05 14:00:00+09:00,4055.0,4055.0,4015.0,4015.0,21100,0.0,0.0
2024-03-06 09:00:00+09:00,4020.0,4070.0,4020.0,4065.0,29700,0.0,0.0
2024-03-06 10:00:00+09:00,4070.0,4070.0,4055.0,4060.0,9800,0.0,0.0
2024-03-06 11:00:00+09:00,4065.0,4065.0,4035.0,4050.0,0,0.0,0.0
2024-03-06 12:00:00+09:00,4050.0,4065.0,4045.0,4065.0,56100,0.0,0.0
2024-03-06 13:00:00+09:00,4065.0,4065.0,4055.0,4060.0,6000,0.0,0.0
2024-03-06 14:00:00+09:00,4060.0,4065.0,4040.0,4045.0,17300,0.0,0.0
2024-03-07 09:00:00+09:00,4055.0,4065.0,4040.0,4040.0,13200,0.0,0.0
2024-03-07 10:00:00+09:00,4040.0,4050.0,4035.0,4035.0,9500,0.0,0.0
2024-03-07 11:00:00+09:00,4030.0,4030.0,4025.0,4025.0,0,0.0,0.0
2024-03-07 12:00:00+09:00,4025.0,4030.0,4010.0,4030.0,34000,0.0,0.0
2024-03-07 13:00:00+09:00,4035.0,4035.0,3990.0,4000.0,11600,0.0,0.0
2024-03-07 14:00:00+09:00,4000.0,4010.0,3985.0,4000.0,15600,0.0,0.0
2024-03-08 09:00:00+09:00,4000.0,4030.0,3985.0,4020.0,49900,0.0,0.0
2024-03-08 10:00:00+09:00,4020.0,4035.0,4020.0,4035.0,6900,0.0,0.0
2024-03-08 11:00:00+09:00,4035.0,4040.0,4025.0,4035.0,0,0.0,0.0
2024-03-08 12:00:00+09:00,4045.0,4070.0,4040.0,4055.0,71200,0.0,0.0
2024-03-08 13:00:00+09:00,4060.0,4060.0,4040.0,4045.0,7000,0.0,0.0
2024-03-08 14:00:00+09:00,4045.0,4045.0,4025.0,4025.0,12400,0.0,0.0
2024-03-11 09:00:00+09:00,3990.0,4015.0,3985.0,3990.0,11800,0.0,0.0
2024-03-11 10:00:00+09:00,3985.0,4005.0,3980.0,3980.0,5800,0.0,0.0
2024-03-11 11:00:00+09:00,3985.0,3985.0,3970.0,3970.0,0,0.0,0.0
2024-03-11 12:00:00+09:00,3975.0,3975.0,3960.0,3960.0,26900,0.0,0.0
2024-03-11 13:00:00+09:00,3965.0,3975.0,3955.0,3960.0,7700,0.0,0.0
2024-03-11 14:00:00+09:00,3955.0,3990.0,3955.0,3990.0,19600,0.0,0.0
2024-03-12 09:00:00+09:00,3995.0,4020.0,3990.0,3995.0,15400,0.0,0.0
2024-03-12 10:00:00+09:00,3995.0,4000.0,3960.0,3965.0,6200,0.0,0.0
2024-03-12 11:00:00+09:00,3965.0,3990.0,3965.0,3990.0,0,0.0,0.0
2024-03-12 12:00:00+09:00,3995.0,4020.0,3985.0,4020.0,34000,0.0,0.0
2024-03-12 13:00:00+09:00,4025.0,4035.0,4020.0,4035.0,6500,0.0,0.0
2024-03-12 14:00:00+09:00,4035.0,4050.0,4030.0,4035.0,14400,0.0,0.0
2024-03-13 09:00:00+09:00,4065.0,4070.0,4045.0,4060.0,13100,0.0,0.0
2024-03-13 10:00:00+09:00,4065.0,4065.0,4020.0,4045.0,12600,0.0,0.0
2024-03-13 11:00:00+09:00,4045.0,4045.0,4030.0,4035.0,0,0.0,0.0
2024-03-13 12:00:00+09:00,4040.0,4045.0,4030.0,4040.0,34900,0.0,0.0
2024-03-13 13:00:00+09:00,4040.0,4055.0,4040.0,4050.0,6000,0.0,0.0
2024-03-13 14:00:00+09:00,4055.0,4070.0,4050.0,4060.0,20100,0.0,0.0
2024-03-14 09:00:00+09:00,4060.0,4060.0,4045.0,4045.0,11600,0.0,0.0
2024-03-14 10:00:00+09:00,4050.0,4065.0,4040.0,4065.0,6700,0.0,0.0
2024-03-14 11:00:00+09:00,4065.0,4065.0,4060.0,4065.0,0,0.0,0.0
2024-03-14 12:00:00+09:00,4060.0,4065.0,4060.0,4065.0,26500,0.0,0.0
2024-03-14 13:00:00+09:00,4070.0,4080.0,4070.0,4080.0,5700,0.0,0.0
2024-03-14 14:00:00+09:00,4075.0,4080.0,4065.0,4080.0,6300,0.0,0.0
2024-03-15 09:00:00+09:00,4090.0,4105.0,4075.0,4085.0,15400,0.0,0.0
2024-03-15 10:00:00+09:00,4075.0,4080.0,4065.0,4080.0,4400,0.0,0.0
2024-03-15 11:00:00+09:00,4085.0,4110.0,4085.0,4110.0,0,0.0,0.0
2024-03-15 12:00:00+09:00,4095.0,4100.0,4085.0,4090.0,31800,0.0,0.0
2024-03-15 13:00:00+09:00,4090.0,4090.0,4045.0,4050.0,10300,0.0,0.0
2024-03-15 14:00:00+09:00,4055.0,4060.0,4010.0,4020.0,36000,0.0,0.0
2024-03-18 09:00:00+09:00,4025.0,4110.0,4020.0,4110.0,20000,0.0,0.0
2024-03-18 10:00:00+09:00,4105.0,4145.0,4105.0,4130.0,11800,0.0,0.0
2024-03-18 11:00:00+09:00,4130.0,4130.0,4115.0,4115.0,0,0.0,0.0
2024-03-18 12:00:00+09:00,4105.0,4120.0,4105.0,4120.0,42900,0.0,0.0
2024-03-18 13:00:00+09:00,4120.0,4130.0,4120.0,4130.0,7100,0.0,0.0
2024-03-18 14:00:00+09:00,4130.0,4135.0,4110.0,4120.0,17800,0.0,0.0
2024-03-19 09:00:00+09:00,4090.0,4090.0,4035.0,4040.0,14400,0.0,0.0
2024-03-19 10:00:00+09:00,4040.0,4045.0,4035.0,4040.0,3800,0.0,0.0
2024-03-19 11:00:00+09:00,4040.0,4060.0,4040.0,4060.0,0,0.0,0.0
2024-03-19 12:00:00+09:00,4065.0,4085.0,4065.0,4080.0,29400,0.0,0.0
2024-03-19 13:00:00+09:00,4085.0,4085.0,4065.0,4075.0,4600,0.0,0.0
2024-03-19 14:00:00+09:00,4070.0,4090.0,4070.0,4090.0,9800,0.0,0.0
2024-03-21 09:00:00+09:00,4100.0,4150.0,4100.0,4145.0,0,0.0,0.0
2024-03-21 10:00:00+09:00,4145.0,4155.0,4135.0,4140.0,17200,0.0,0.0
2024-03-21 11:00:00+09:00,4135.0,4150.0,4130.0,4145.0,0,0.0,0.0
2024-03-21 12:00:00+09:00,4150.0,4150.0,4120.0,4135.0,23500,0.0,0.0
2024-03-21 13:00:00+09:00,4130.0,4140.0,4130.0,4135.0,4900,0.0,0.0
2024-03-21 14:00:00+09:00,4135.0,4135.0,4100.0,4100.0,13900,0.0,0.0
2024-03-22 09:00:00+09:00,4075.0,4095.0,4045.0,4070.0,12400,0.0,0.0
2024-03-22 10:00:00+09:00,4070.0,4075.0,4060.0,4070.0,6200,0.0,0.0
2024-03-22 11:00:00+09:00,4070.0,4070.0,4060.0,4065.0,0,0.0,0.0
2024-03-22 12:00:00+09:00,4070.0,4080.0,4070.0,4080.0,25700,0.0,0.0
2024-03-22 13:00:00+09:00,4080.0,4100.0,4075.0,4100.0,0,0.0,0.0
2024-03-22 14:00:00+09:00,4095.0,4105.0,4095.0,4105.0,37600,0.0,0.0
2024-03-25 09:00:00+09:00,4080.0,4100.0,4055.0,4100.0,8400,0.0,0.0
2024-03-25 10:00:00+09:00,4100.0,4105.0,4075.0,4085.0,9000,0.0,0.0
2024-03-25 11:00:00+09:00,4080.0,4080.0,4060.0,4065.0,0,0.0,0.0
2024-03-25 12:00:00+09:00,4065.0,4065.0,4050.0,4055.0,26900,0.0,0.0
2024-03-25 13:00:00+09:00,4060.0,4060.0,4035.0,4040.0,8000,0.0,0.0
2024-03-25 14:00:00+09:00,4045.0,4045.0,4010.0,4025.0,30200,0.0,0.0
2024-03-26 09:00:00+09:00,4020.0,4040.0,4005.0,4010.0,24200,0.0,0.0
2024-03-26 10:00:00+09:00,4010.0,4020.0,4010.0,4010.0,7400,0.0,0.0
2024-03-26 11:00:00+09:00,4010.0,4010.0,4005.0,4010.0,0,0.0,0.0
2024-03-26 12:00:00+09:00,4005.0,4035.0,4005.0,4035.0,40900,0.0,0.0
2024-03-26 13:00:00+09:00,4035.0,4035.0,4020.0,4020.0,11400,0.0,0.0
2024-03-26 14:00:00+09:00,4025.0,4030.0,4015.0,4020.0,17800,0.0,0.0
2024-03-27 09:00:00+09:00,4065.0,4070.0,4035.0,4055.0,20000,0.0,0.0
2024-03-27 10:00:00+09:00,4055.0,4080.0,4055.0,4080.0,5300,0.0,0.0
2024-03-27 11:00:00+09:00,4080.0,4095.0,4075.0,4090.0,0,0.0,0.0
2024-03-27 12:00:00+09:00,4095.0,4100.0,4090.0,4095.0,38000,0.0,0.0
2024-03-27 13:00:00+09:00,4095.0,4100.0,4095.0,4100.0,5500,0.0,0.0
2024-03-27 14:00:00+09:00,4100.0,4105.0,4080.0,4090.0,13000,0.0,0.0
2024-03-28 09:00:00+09:00,4000.0,4030.0,3985.0,3985.0,13700,0.0,0.0
2024-03-28 10:00:00+09:00,3985.0,4000.0,3970.0,3970.0,3500,0.0,0.0
2024-03-28 11:00:00+09:00,3975.0,3975.0,3965.0,3965.0,0,0.0,0.0
2024-03-28 12:00:00+09:00,3950.0,3970.0,3925.0,3940.0,31600,0.0,0.0
2024-03-28 13:00:00+09:00,3940.0,3945.0,3935.0,3945.0,9600,0.0,0.0
2024-03-28 14:00:00+09:00,3940.0,3950.0,3925.0,3950.0,23100,0.0,0.0
2024-03-29 09:00:00+09:00,3910.0,3955.0,3905.0,3950.0,10200,0.0,0.0
2024-03-29 10:00:00+09:00,3955.0,3980.0,3950.0,3980.0,6900,0.0,0.0
2024-03-29 11:00:00+09:00,3980.0,4000.0,3980.0,3995.0,0,0.0,0.0
2024-03-29 12:00:00+09:00,4000.0,4010.0,3990.0,4010.0,30400,0.0,0.0
2024-03-29 13:00:00+09:00,4010.0,4015.0,4005.0,4015.0,8400,0.0,0.0
2024-03-29 14:00:00+09:00,4010.0,4025.0,4005.0,4010.0,14600,0.0,0.0
2024-04-01 09:00:00+09:00,4050.0,4055.0,4020.0,4050.0,12800,0.0,0.0
2024-04-01 10:00:00+09:00,4045.0,4045.0,4025.0,4025.0,5300,0.0,0.0
2024-04-01 11:00:00+09:00,4020.0,4035.0,4020.0,4035.0,0,0.0,0.0
2024-04-01 12:00:00+09:00,4020.0,4055.0,4020.0,4055.0,26300,0.0,0.0
2024-04-01 13:00:00+09:00,4055.0,4055.0,4030.0,4035.0,3800,0.0,0.0
2024-04-01 14:00:00+09:00,4040.0,4040.0,4025.0,4035.0,13400,0.0,0.0
2024-04-02 09:00:00+09:00,4040.0,4090.0,4030.0,4045.0,14600,0.0,0.0
2024-04-02 10:00:00+09:00,4040.0,4055.0,4030.0,4050.0,5700,0.0,0.0
2024-04-02 11:00:00+09:00,4050.0,4050.0,4035.0,4035.0,0,0.0,0.0
2024-04-02 12:00:00+09:00,4020.0,4030.0,3990.0,3995.0,34000,0.0,0.0
2024-04-02 13:00:00+09:00,3995.0,3995.0,3965.0,3985.0,7100,0.0,0.0
2024-04-02 14:00:00+09:00,3990.0,3995.0,3975.0,3995.0,13000,0.0,0.0
2024-04-03 09:00:00+09:00,3970.0,3985.0,3925.0,3955.0,12200,0.0,0.0
2024-04-03 10:00:00+09:00,3955.0,3955.0,3930.0,3935.0,5000,0.0,0.0
2024-04-03 11:00:00+09:00,3940.0,3945.0,3930.0,3930.0,0,0.0,0.0
2024-04-03 12:00:00+09:00,3930.0,3960.0,3930.0,3955.0,25900,0.0,0.0
2024-04-03 13:00:00+09:00,3955.0,3955.0,3940.0,3950.0,5600,0.0,0.0
2024-04-03 14:00:00+09:00,3950.0,3960.0,3940.0,3945.0,10800,0.0,0.0
2024-04-04 09:00:00+09:00,3970.0,3990.0,3955.0,3975.0,6800,0.0,0.0
2024-04-04 10:00:00+09:00,3980.0,4025.0,3980.0,4020.0,6500,0.0,0.0
2024-04-04 11:00:00+09:00,4015.0,4025.0,4015.0,4025.0,0,0.0,0.0
2024-04-04 12:00:00+09:00,4045.0,4045.0,4025.0,4030.0,23700,0.0,0.0
2024-04-04 13:00:00+09:00,4030.0,4030.0,4005.0,4005.0,9900,0.0,0.0
2024-04-04 14:00:00+09:00,4010.0,4015.0,4000.0,4015.0,10900,0.0,0.0
2024-04-05 09:00:00+09:00,3990.0,4005.0,3960.0,3990.0,13800,0.0,0.0
2024-04-05 10:00:00+09:00,3990.0,3990.0,3960.0,3965.0,2900,0.0,0.0
2024-04-05 11:00:00+09:00,3970.0,3980.0,3965.0,3975.0,0,0.0,0.0
2024-04-05 12:00:00+09:00,3955.0,4020.0,3955.0,4020.0,25300,0.0,0.0
2024-04-05 13:00:00+09:00,4015.0,4015.0,3995.0,3995.0,3800,0.0,0.0
2024-04-05 14:00:00+09:00,3995.0,4005.0,3990.0,4005.0,4600,0.0,0.0
2024-04-08 09:00:00+09:00,4020.0,4065.0,4020.0,4065.0,10500,0.0,0.0
2024-04-08 10:00:00+09:00,4055.0,4075.0,4055.0,4075.0,4200,0.0,0.0
2024-04-08 11:00:00+09:00,4075.0,4080.0,4075.0,4075.0,0,0.0,0.0
2024-04-08 12:00:00+09:00,4045.0,4060.0,4035.0,4045.0,24600,0.0,0.0
2024-04-08 13:00:00+09:00,4045.0,4075.0,4045.0,4065.0,4900,0.0,0.0
2024-04-08 14:00:00+09:00,4070.0,4075.0,4055.0,4075.0,8200,0.0,0.0
2024-04-09 09:00:00+09:00,4100.0,4120.0,4075.0,4100.0,11000,0.0,0.0
2024-04-09 10:00:00+09:00,4105.0,4105.0,4095.0,4095.0,5200,0.0,0.0
2024-04-09 11:00:00+09:00,4100.0,4105.0,4100.0,4105.0,0,0.0,0.0
2024-04-09 12:00:00+09:00,4095.0,4105.0,4095.0,4105.0,21200,0.0,0.0
2024-04-09 13:00:00+09:00,4110.0,4125.0,4110.0,4120.0,5600,0.0,0.0
2024-04-09 14:00:00+09:00,4125.0,4145.0,4125.0,4130.0,13200,0.0,0.0
2024-04-10 09:00:00+09:00,4135.0,4155.0,4135.0,4145.0,8800,0.0,0.0
2024-04-10 10:00:00+09:00,4145.0,4145.0,4105.0,4115.0,5200,0.0,0.0
2024-04-10 11:00:00+09:00,4120.0,4125.0,4120.0,4120.0,0,0.0,0.0
2024-04-10 12:00:00+09:00,4115.0,4130.0,4115.0,4125.0,17300,0.0,0.0
2024-04-10 13:00:00+09:00,4120.0,4125.0,4120.0,4125.0,1100,0.0,0.0
2024-04-10 14:00:00+09:00,4120.0,4130.0,4120.0,4125.0,7300,0.0,0.0
2024-04-11 09:00:00+09:00,4065.0,4110.0,4065.0,4110.0,0,0.0,0.0
2024-04-11 10:00:00+09:00,4115.0,4120.0,4100.0,4110.0,12200,0.0,0.0
2024-04-11 11:00:00+09:00,4110.0,4115.0,4110.0,4115.0,0,0.0,0.0
2024-04-11 12:00:00+09:00,4110.0,4130.0,4105.0,4130.0,16400,0.0,0.0
2024-04-11 13:00:00+09:00,4130.0,4145.0,4130.0,4140.0,4200,0.0,0.0
2024-04-11 14:00:00+09:00,4145.0,4145.0,4120.0,4125.0,7000,0.0,0.0
2024-04-12 09:00:00+09:00,4185.0,4210.0,4155.0,4155.0,29700,0.0,0.0
2024-04-12 10:00:00+09:00,4150.0,4160.0,4145.0,4155.0,4400,0.0,0.0
2024-04-12 11:00:00+09:00,4155.0,4155.0,4150.0,4150.0,0,0.0,0.0
2024-04-12 12:00:00+09:00,4165.0,4165.0,4150.0,4155.0,38300,0.0,0.0
2024-04-12 13:00:00+09:00,4150.0,4155.0,4145.0,4145.0,1900,0.0,0.0
2024-04-12 14:00:00+09:00,4140.0,4145.0,4140.0,4145.0,6700,0.0,0.0
2024-04-15 09:00:00+09:00,4075.0,4095.0,4070.0,4070.0,0,0.0,0.0
2024-04-15 10:00:00+09:00,4085.0,4085.0,4065.0,4065.0,12300,0.0,0.0
2024-04-15 11:00:00+09:00,4060.0,4065.0,4035.0,4035.0,0,0.0,0.0
2024-04-15 12:00:00+09:00,4035.0,4050.0,4030.0,4040.0,19000,0.0,0.0
2024-04-15 13:00:00+09:00,4045.0,4070.0,4045.0,4070.0,0,0.0,0.0
2024-04-15 14:00:00+09:00,4070.0,4075.0,4060.0,4070.0,35800,0.0,0.0
2024-04-16 09:00:00+09:00,4020.0,4025.0,3995.0,4015.0,11100,0.0,0.0
2024-04-16 10:00:00+09:00,4015.0,4020.0,3980.0,4005.0,6700,0.0,0.0
2024-04-16 11:00:00+09:00,4010.0,4010.0,4000.0,4000.0,0,0.0,0.0
2024-04-16 12:00:00+09:00,4000.0,4025.0,3990.0,4025.0,24300,0.0,0.0
2024-04-16 13:00:00+09:00,4020.0,4030.0,4020.0,4025.0,7200,0.0,0.0
2024-04-16 14:00:00+09:00,4025.0,4040.0,4025.0,4035.0,9400,0.0,0.0
2024-04-17 09:00:00+09:00,4045.0,4060.0,3985.0,3990.0,17800,0.0,0.0
2024-04-17 10:00:00+09:00,3980.0,3990.0,3965.0,3990.0,6900,0.0,0.0
2024-04-17 11:00:00+09:00,4000.0,4015.0,4000.0,4005.0,0,0.0,0.0
2024-04-17 12:00:00+09:00,4005.0,4025.0,4000.0,4020.0,31500,0.0,0.0
2024-04-17 13:00:00+09:00,4015.0,4015.0,4005.0,4010.0,3700,0.0,0.0
2024-04-17 14:00:00+09:00,4015.0,4015.0,3995.0,3995.0,8100,0.0,0.0
2024-04-18 09:00:00+09:00,4005.0,4020.0,3975.0,3990.0,11400,0.0,0.0
2024-04-18 10:00:00+09:00,3990.0,4000.0,3980.0,3995.0,3900,0.0,0.0
2024-04-18 11:00:00+09:00,3990.0,4010.0,3990.0,4010.0,0,0.0,0.0
2024-04-18 12:00:00+09:00,4000.0,4020.0,4000.0,4010.0,20400,0.0,0.0
2024-04-18 13:00:00+09:00,4010.0,4020.0,4000.0,4000.0,4000,0.0,0.0
2024-04-18 14:00:00+09:00,4000.0,4005.0,3995.0,3995.0,6800,0.0,0.0
2024-04-19 09:00:00+09:00,3980.0,4010.0,3960.0,3980.0,14600,0.0,0.0
2024-04-19 10:00:00+09:00,3980.0,3980.0,3930.0,3930.0,10800,0.0,0.0
2024-04-19 11:00:00+09:00,3935.0,3935.0,3895.0,3915.0,0,0.0,0.0
2024-04-19 12:00:00+09:00,3960.0,3960.0,3935.0,3950.0,37700,0.0,0.0
2024-04-19 13:00:00+09:00,3955.0,3970.0,3945.0,3955.0,5600,0.0,0.0
2024-04-19 14:00:00+09:00,3960.0,3975.0,3950.0,3950.0,9400,0.0,0.0
2024-04-22 09:00:00+09:00,4005.0,4050.0,4005.0,4040.0,15100,0.0,0.0
2024-04-22 10:00:00+09:00,4040.0,4040.0,4020.0,4030.0,3100,0.0,0.0
2024-04-22 11:00:00+09:00,4035.0,4040.0,4030.0,4040.0,0,0.0,0.0
2024-04-22 12:00:00+09:00,4035.0,4035.0,4025.0,4030.0,22500,0.0,0.0
2024-04-22 13:00:00+09:00,4025.0,4035.0,4020.0,4035.0,3900,0.0,0.0
2024-04-22 14:00:00+09:00,4030.0,4030.0,3990.0,4010.0,8700,0.0,0.0
2024-04-23 09:00:00+09:00,4050.0,4050.0,4000.0,4025.0,9200,0.0,0.0
2024-04-23 10:00:00+09:00,4025.0,4030.0,4010.0,4015.0,3600,0.0,0.0
2024-04-23 11:00:00+09:00,4015.0,4035.0,4010.0,4035.0,0,0.0,0.0
2024-04-23 12:00:00+09:00,4030.0,4055.0,4030.0,4035.0,19900,0.0,0.0
2024-04-23 13:00:00+09:00,4040.0,4040.0,4030.0,4030.0,2700,0.0,0.0
2024-04-23 14:00:00+09:00,4025.0,4040.0,4015.0,4040.0,6400,0.0,0.0
2024-04-24 09:00:00+09:00,4045.0,4085.0,4040.0,4080.0,8500,0.0,0.0
2024-04-24 10:00:00+09:00,4075.0,4090.0,4070.0,4090.0,5100,0.0,0.0
2024-04-24 11:00:00+09:00,4090.0,4090.0,4080.0,4085.0,0,0.0,0.0
2024-04-24 12:00:00+09:00,4060.0,4090.0,4060.0,4085.0,18600,0.0,0.0
2024-04-24 13:00:00+09:00,4085.0,4085.0,4060.0,4065.0,6100,0.0,0.0
2024-04-24 14:00:00+09:00,4065.0,4070.0,4050.0,4050.0,12600,0.0,0.0
2024-04-25 09:00:00+09:00,4060.0,4090.0,4055.0,4090.0,17800,0.0,0.0
2024-04-25 10:00:00+09:00,4090.0,4090.0,4045.0,4045.0,6800,0.0,0.0
2024-04-25 11:00:00+09:00,4045.0,4070.0,4045.0,4070.0,0,0.0,0.0
2024-04-25 12:00:00+09:00,4080.0,4080.0,4065.0,4070.0,38000,0.0,0.0
2024-04-25 13:00:00+09:00,4070.0,4080.0,4060.0,4065.0,0,0.0,0.0
2024-04-25 14:00:00+09:00,4070.0,4075.0,4060.0,4075.0,59800,0.0,0.0
2024-04-26 09:00:00+09:00,4080.0,4115.0,4015.0,4035.0,32100,0.0,0.0
2024-04-26 10:00:00+09:00,4030.0,4045.0,4025.0,4035.0,9200,0.0,0.0
2024-04-26 11:00:00+09:00,4040.0,4045.0,4035.0,4035.0,0,0.0,0.0
2024-04-26 12:00:00+09:00,4035.0,4090.0,4035.0,4080.0,65500,0.0,0.0
2024-04-26 13:00:00+09:00,4085.0,4095.0,4080.0,4090.0,13100,0.0,0.0
2024-04-26 14:00:00+09:00,4090.0,4095.0,4060.0,4095.0,23400,0.0,0.0
2024-04-30 09:00:00+09:00,4235.0,4320.0,4200.0,4285.0,49500,0.0,0.0
2024-04-30 10:00:00+09:00,4285.0,4335.0,4280.0,4330.0,13300,0.0,0.0
2024-04-30 11:00:00+09:00,4325.0,4330.0,4280.0,4300.0,0,0.0,0.0
2024-04-30 12:00:00+09:00,4305.0,4335.0,4290.0,4315.0,81600,0.0,0.0
2024-04-30 13:00:00+09:00,4320.0,4325.0,4305.0,4305.0,12700,0.0,0.0
2024-04-30 14:00:00+09:00,4305.0,4335.0,4305.0,4315.0,26100,0.0,0.0
2024-05-01 09:00:00+09:00,4305.0,4340.0,4265.0,4270.0,20100,0.0,0.0
2024-05-01 10:00:00+09:00,4270.0,4290.0,4255.0,4275.0,11400,0.0,0.0
2024-05-01 11:00:00+09:00,4270.0,4270.0,4225.0,4250.0,0,0.0,0.0
2024-05-01 12:00:00+09:00,4255.0,4305.0,4255.0,4300.0,50600,0.0,0.0
2024-05-01 13:00:00+09:00,4300.0,4310.0,4295.0,4305.0,7800,0.0,0.0
2024-05-01 14:00:00+09:00,4305.0,4305.0,4290.0,4290.0,8900,0.0,0.0
2024-05-02 09:00:00+09:00,4235.0,4275.0,4225.0,4240.0,31800,0.0,0.0
2024-05-02 10:00:00+09:00,4235.0,4245.0,4210.0,4220.0,15500,0.0,0.0
2024-05-02 11:00:00+09:00,4215.0,4245.0,4215.0,4240.0,0,0.0,0.0
2024-05-02 12:00:00+09:00,4240.0,4270.0,4240.0,4270.0,61000,0.0,0.0
2024-05-02 13:00:00+09:00,4270.0,4270.0,4245.0,4245.0,14700,0.0,0.0
2024-05-02 14:00:00+09:00,4250.0,4260.0,4240.0,4250.0,19500,0.0,0.0
2024-05-07 09:00:00+09:00,4265.0,4380.0,4265.0,4340.0,28600,0.0,0.0
2024-05-07 10:00:00+09:00,4345.0,4345.0,4315.0,4315.0,8100,0.0,0.0
2024-05-07 11:00:00+09:00,4320.0,4345.0,4300.0,4345.0,0,0.0,0.0
2024-05-07 12:00:00+09:00,4330.0,4375.0,4330.0,4375.0,56100,0.0,0.0
2024-05-07 13:00:00+09:00,4375.0,4380.0,4355.0,4355.0,8500,0.0,0.0
2024-05-07 14:00:00+09:00,4355.0,4360.0,4325.0,4325.0,17300,0.0,0.0
2024-05-08 09:00:00+09:00,4330.0,4345.0,4285.0,4295.0,15300,0.0,0.0
2024-05-08 10:00:00+09:00,4290.0,4300.0,4235.0,4240.0,8700,0.0,0.0
2024-05-08 11:00:00+09:00,4240.0,4250.0,4200.0,4205.0,0,0.0,0.0
2024-05-08 12:00:00+09:00,4195.0,4210.0,4195.0,4210.0,36300,0.0,0.0
2024-05-08 13:00:00+09:00,4215.0,4230.0,4210.0,4225.0,11000,0.0,0.0
2024-05-08 14:00:00+09:00,4225.0,4230.0,4205.0,4230.0,18500,0.0,0.0
2024-05-09 09:00:00+09:00,4220.0,4230.0,4195.0,4225.0,34600,0.0,0.0
2024-05-09 10:00:00+09:00,4225.0,4230.0,4220.0,4220.0,23000,0.0,0.0
2024-05-09 11:00:00+09:00,4220.0,4225.0,4215.0,4225.0,0,0.0,0.0
2024-05-09 12:00:00+09:00,4230.0,4235.0,4220.0,4225.0,71600,0.0,0.0
2024-05-09 13:00:00+09:00,4225.0,4230.0,4195.0,4195.0,13700,0.0,0.0
2024-05-09 14:00:00+09:00,4200.0,4210.0,4190.0,4195.0,10800,0.0,0.0
2024-05-10 09:00:00+09:00,4185.0,4230.0,4185.0,4225.0,26300,0.0,0.0
2024-05-10 10:00:00+09:00,4225.0,4235.0,4210.0,4220.0,57100,0.0,0.0
2024-05-10 11:00:00+09:00,4220.0,4220.0,4215.0,4215.0,0,0.0,0.0
2024-05-10 12:00:00+09:00,4210.0,4215.0,4185.0,4185.0,106600,0.0,0.0
2024-05-10 13:00:00+09:00,4185.0,4195.0,4180.0,4190.0,5600,0.0,0.0
2024-05-10 14:00:00+09:00,4190.0,4190.0,4145.0,4165.0,17400,0.0,0.0
2024-05-13 09:00:00+09:00,4200.0,4215.0,4155.0,4210.0,20200,0.0,0.0
2024-05-13 10:00:00+09:00,4210.0,4230.0,4195.0,4225.0,11500,0.0,0.0
2024-05-13 11:00:00+09:00,4220.0,4230.0,4220.0,4225.0,0,0.0,0.0
2024-05-13 12:00:00+09:00,4230.0,4230.0,4215.0,4220.0,64800,0.0,0.0
2024-05-13 13:00:00+09:00,4220.0,4220.0,4205.0,4210.0,9100,0.0,0.0
2024-05-13 14:00:00+09:00,4205.0,4220.0,4200.0,4220.0,16600,0.0,0.0
2024-05-14 09:00:00+09:00,4230.0,4230.0,4170.0,4170.0,29500,0.0,0.0
2024-05-14 10:00:00+09:00,4170.0,4170.0,4140.0,4160.0,10900,0.0,0.0
2024-05-14 11:00:00+09:00,4160.0,4165.0,4140.0,4150.0,0,0.0,0.0
2024-05-14 12:00:00+09:00,4135.0,4145.0,4135.0,4135.0,58900,0.0,0.0
2024-05-14 13:00:00+09:00,4135.0,4135.0,4115.0,4125.0,14900,0.0,0.0
2024-05-14 14:00:00+09:00,4125.0,4140.0,4125.0,4130.0,17400,0.0,0.0
2024-05-15 09:00:00+09:00,4160.0,4165.0,4110.0,4110.0,20700,0.0,0.0
2024-05-15 10:00:00+09:00,4110.0,4120.0,4095.0,4110.0,9100,0.0,0.0
2024-05-15 11:00:00+09:00,4110.0,4110.0,4110.0,4110.0,0,0.0,0.0
2024-05-15 12:00:00+09:00,4105.0,4105.0,4045.0,4050.0,48100,0.0,0.0
2024-05-15 13:00:00+09:00,4045.0,4060.0,4015.0,4060.0,22900,0.0,0.0
2024-05-15 14:00:00+09:00,4065.0,4100.0,4060.0,4100.0,14700,0.0,0.0
2024-05-16 09:00:00+09:00,4105.0,4175.0,4075.0,4095.0,23400,0.0,0.0
2024-05-16 10:00:00+09:00,4100.0,4105.0,4090.0,4100.0,8300,0.0,0.0
2024-05-16 11:00:00+09:00,4095.0,4110.0,4095.0,4110.0,0,0.0,0.0
2024-05-16 12:00:00+09:00,4110.0,4115.0,4110.0,4110.0,41100,0.0,0.0
2024-05-16 13:00:00+09:00,4115.0,4115.0,4095.0,4095.0,7400,0.0,0.0
2024-05-16 14:00:00+09:00,4095.0,4120.0,4095.0,4115.0,12900,0.0,0.0
2024-05-17 09:00:00+09:00,4090.0,4135.0,4065.0,4120.0,21800,0.0,0.0
2024-05-17 10:00:00+09:00,4120.0,4135.0,4120.0,4135.0,8700,0.0,0.0
2024-05-17 11:00:00+09:00,4140.0,4145.0,4120.0,4125.0,0,0.0,0.0
2024-05-17 12:00:00+09:00,4125.0,4145.0,4120.0,4140.0,45100,0.0,0.0
2024-05-17 13:00:00+09:00,4140.0,4140.0,4130.0,4130.0,4800,0.0,0.0
2024-05-17 14:00:00+09:00,4130.0,4145.0,4120.0,4145.0,14100,0.0,0.0
2024-05-20 09:00:00+09:00,4140.0,4165.0,4110.0,4120.0,24900,0.0,0.0
2024-05-20 10:00:00+09:00,4125.0,4140.0,4125.0,4140.0,10900,0.0,0.0
2024-05-20 11:00:00+09:00,4140.0,4140.0,4135.0,4135.0,0,0.0,0.0
2024-05-20 12:00:00+09:00,4135.0,4135.0,4130.0,4135.0,43800,0.0,0.0
2024-05-20 13:00:00+09:00,4130.0,4130.0,4130.0,4130.0,4500,0.0,0.0
2024-05-20 14:00:00+09:00,4130.0,4130.0,4125.0,4130.0,18500,0.0,0.0
2024-05-21 09:00:00+09:00,4120.0,4240.0,4120.0,4190.0,45700,0.0,0.0
2024-05-21 10:00:00+09:00,4190.0,4210.0,4190.0,4205.0,9000,0.0,0.0
2024-05-21 11:00:00+09:00,4205.0,4210.0,4200.0,4205.0,0,0.0,0.0
2024-05-21 12:00:00+09:00,4200.0,4220.0,4200.0,4205.0,63400,0.0,0.0
2024-05-21 13:00:00+09:00,4200.0,4205.0,4195.0,4200.0,10800,0.0,0.0
2024-05-21 14:00:00+09:00,4205.0,4205.0,4195.0,4195.0,17800,0.0,0.0
2024-05-22 09:00:00+09:00,4180.0,4195.0,4145.0,4165.0,24300,0.0,0.0
2024-05-22 10:00:00+09:00,4170.0,4170.0,4145.0,4145.0,9700,0.0,0.0
2024-05-22 11:00:00+09:00,4145.0,4145.0,4130.0,4135.0,0,0.0,0.0
2024-05-22 12:00:00+09:00,4135.0,4150.0,4130.0,4145.0,46200,0.0,0.0
2024-05-22 13:00:00+09:00,4145.0,4145.0,4135.0,4135.0,8200,0.0,0.0
2024-05-22 14:00:00+09:00,4135.0,4135.0,4105.0,4115.0,17800,0.0,0.0
2024-05-23 09:00:00+09:00,4095.0,4125.0,4050.0,4105.0,22500,0.0,0.0
2024-05-23 10:00:00+09:00,4100.0,4140.0,4090.0,4140.0,9900,0.0,0.0
2024-05-23 11:00:00+09:00,4140.0,4145.0,4140.0,4145.0,0,0.0,0.0
2024-05-23 12:00:00+09:00,4150.0,4170.0,4140.0,4155.0,46200,0.0,0.0
2024-05-23 13:00:00+09:00,4155.0,4155.0,4145.0,4150.0,3700,0.0,0.0
2024-05-23 14:00:00+09:00,4155.0,4155.0,4140.0,4145.0,11300,0.0,0.0
2024-05-24 09:00:00+09:00,4070.0,4150.0,4055.0,4145.0,30800,0.0,0.0
2024-05-24 10:00:00+09:00,4145.0,4155.0,4140.0,4145.0,14100,0.0,0.0
2024-05-24 11:00:00+09:00,4150.0,4155.0,4145.0,4150.0,0,0.0,0.0
2024-05-24 12:00:00+09:00,4150.0,4150.0,4140.0,4140.0,97400,0.0,0.0
2024-05-24 13:00:00+09:00,4140.0,4150.0,4140.0,4145.0,0,0.0,0.0
2024-05-24 14:00:00+09:00,4150.0,4150.0,4130.0,4145.0,124100,0.0,0.0
2024-05-27 09:00:00+09:00,4195.0,4235.0,4180.0,4225.0,35500,0.0,0.0
2024-05-27 10:00:00+09:00,4230.0,4245.0,4225.0,4230.0,11200,0.0,0.0
2024-05-27 11:00:00+09:00,4235.0,4245.0,4235.0,4245.0,0,0.0,0.0
2024-05-27 12:00:00+09:00,4250.0,4270.0,4250.0,4260.0,61100,0.0,0.0
2024-05-27 13:00:00+09:00,4260.0,4260.0,4230.0,4260.0,12900,0.0,0.0
2024-05-27 14:00:00+09:00,4265.0,4295.0,4265.0,4280.0,25400,0.0,0.0
2024-05-28 09:00:00+09:00,4225.0,4225.0,4125.0,4125.0,55400,0.0,0.0
2024-05-28 10:00:00+09:00,4125.0,4165.0,4115.0,4160.0,15300,0.0,0.0
2024-05-28 11:00:00+09:00,4160.0,4160.0,4140.0,4145.0,0,0.0,0.0
2024-05-28 12:00:00+09:00,4140.0,4145.0,4135.0,4145.0,82000,0.0,0.0
2024-05-28 13:00:00+09:00,4145.0,4145.0,4135.0,4145.0,7600,0.0,0.0
2024-05-28 14:00:00+09:00,4150.0,4150.0,4125.0,4130.0,15900,0.0,0.0
2024-05-29 09:00:00+09:00,4085.0,4150.0,4085.0,4135.0,19500,0.0,0.0
2024-05-29 10:00:00+09:00,4135.0,4150.0,4120.0,4120.0,5500,0.0,0.0
2024-05-29 11:00:00+09:00,4115.0,4135.0,4110.0,4135.0,0,0.0,0.0
2024-05-29 12:00:00+09:00,4135.0,4135.0,4115.0,4115.0,36200,0.0,0.0
2024-05-29 13:00:00+09:00,4115.0,4115.0,4075.0,4090.0,0,0.0,0.0
2024-05-29 14:00:00+09:00,4090.0,4095.0,4080.0,4080.0,60200,0.0,0.0
2024-05-30 09:00:00+09:00,4070.0,4120.0,4070.0,4100.0,0,0.0,0.0
2024-05-30 10:00:00+09:00,4105.0,4150.0,4105.0,4140.0,39600,0.0,0.0
2024-05-30 11:00:00+09:00,4140.0,4150.0,4135.0,4150.0,0,0.0,0.0
2024-05-30 12:00:00+09:00,4150.0,4150.0,4125.0,4125.0,84700,0.0,0.0
2024-05-30 13:00:00+09:00,4125.0,4140.0,4120.0,4125.0,6700,0.0,0.0
2024-05-30 14:00:00+09:00,4120.0,4125.0,4105.0,4125.0,13100,0.0,0.0
2024-05-31 09:00:00+09:00,4140.0,4170.0,4115.0,4130.0,41500,0.0,0.0
2024-05-31 10:00:00+09:00,4135.0,4145.0,4120.0,4125.0,11300,0.0,0.0
2024-05-31 11:00:00+09:00,4120.0,4125.0,4120.0,4125.0,0,0.0,0.0
2024-05-31 12:00:00+09:00,4130.0,4150.0,4125.0,4135.0,69300,0.0,0.0
2024-05-31 13:00:00+09:00,4130.0,4150.0,4125.0,4150.0,14200,0.0,0.0
2024-05-31 14:00:00+09:00,4150.0,4160.0,4140.0,4150.0,214900,0.0,0.0
2024-06-03 09:00:00+09:00,4190.0,4205.0,4150.0,4175.0,20800,0.0,0.0
2024-06-03 10:00:00+09:00,4180.0,4180.0,4160.0,4170.0,13300,0.0,0.0
2024-06-03 11:00:00+09:00,4170.0,4170.0,4150.0,4155.0,0,0.0,0.0
2024-06-03 12:00:00+09:00,4150.0,4170.0,4150.0,4170.0,46400,0.0,0.0
2024-06-03 13:00:00+09:00,4170.0,4170.0,4150.0,4160.0,6800,0.0,0.0
2024-06-03 14:00:00+09:00,4160.0,4175.0,4150.0,4170.0,13200,0.0,0.0
2024-06-04 09:00:00+09:00,4180.0,4220.0,4170.0,4210.0,20200,0.0,0.0
2024-06-04 10:00:00+09:00,4205.0,4205.0,4190.0,4205.0,7300,0.0,0.0
2024-06-04 11:00:00+09:00,4205.0,4205.0,4195.0,4200.0,0,0.0,0.0
2024-06-04 12:00:00+09:00,4200.0,4210.0,4200.0,4210.0,34100,0.0,0.0
2024-06-04 13:00:00+09:00,4215.0,4215.0,4210.0,4210.0,5800,0.0,0.0
2024-06-04 14:00:00+09:00,4210.0,4210.0,4195.0,4205.0,12700,0.0,0.0
2024-06-05 09:00:00+09:00,4205.0,4220.0,4155.0,4220.0,0,0.0,0.0
2024-06-05 10:00:00+09:00,4225.0,4245.0,4225.0,4245.0,33100,0.0,0.0
2024-06-05 11:00:00+09:00,4250.0,4250.0,4240.0,4250.0,0,0.0,0.0
2024-06-05 12:00:00+09:00,4245.0,4250.0,4230.0,4235.0,45700,0.0,0.0
2024-06-05 13:00:00+09:00,4235.0,4245.0,4235.0,4235.0,3700,0.0,0.0
2024-06-05 14:00:00+09:00,4240.0,4245.0,4230.0,4240.0,12700,0.0,0.0
2024-06-06 09:00:00+09:00,4250.0,4270.0,4235.0,4235.0,25000,0.0,0.0
2024-06-06 10:00:00+09:00,4230.0,4245.0,4200.0,4245.0,10600,0.0,0.0
2024-06-06 11:00:00+09:00,4245.0,4245.0,4220.0,4220.0,0,0.0,0.0
2024-06-06 12:00:00+09:00,4200.0,4230.0,4200.0,4225.0,43700,0.0,0.0
2024-06-06 13:00:00+09:00,4225.0,4230.0,4220.0,4220.0,3600,0.0,0.0
2024-06-06 14:00:00+09:00,4220.0,4225.0,4200.0,4210.0,12400,0.0,0.0
2024-06-07 09:00:00+09:00,4220.0,4255.0,4220.0,4235.0,22200,0.0,0.0
2024-06-07 10:00:00+09:00,4240.0,4245.0,4215.0,4220.0,13500,0.0,0.0
2024-06-07 11:00:00+09:00,4220.0,4225.0,4210.0,4210.0,0,0.0,0.0
2024-06-07 12:00:00+09:00,4205.0,4225.0,4195.0,4225.0,50300,0.0,0.0
2024-06-07 13:00:00+09:00,4230.0,4235.0,4210.0,4210.0,13800,0.0,0.0
2024-06-07 14:00:00+09:00,4210.0,4230.0,4210.0,4220.0,22700,0.0,0.0
2024-06-10 09:00:00+09:00,4215.0,4240.0,4205.0,4230.0,23600,0.0,0.0
2024-06-10 10:00:00+09:00,4230.0,4240.0,4225.0,4230.0,4900,0.0,0.0
2024-06-10 11:00:00+09:00,4235.0,4250.0,4230.0,4250.0,0,0.0,0.0
2024-06-10 12:00:00+09:00,4250.0,4255.0,4250.0,4255.0,41600,0.0,0.0
2024-06-10 13:00:00+09:00,4255.0,4260.0,4250.0,4260.0,6000,0.0,0.0
2024-06-10 14:00:00+09:00,4260.0,4260.0,4245.0,4250.0,7400,0.0,0.0
2024-06-11 09:00:00+09:00,4250.0,4270.0,4220.0,4230.0,16200,0.0,0.0
2024-06-11 10:00:00+09:00,4230.0,4230.0,4210.0,4215.0,8000,0.0,0.0
2024-06-11 11:00:00+09:00,4215.0,4215.0,4200.0,4205.0,0,0.0,0.0
2024-06-11 12:00:00+09:00,4195.0,4230.0,4195.0,4225.0,39700,0.0,0.0
2024-06-11 13:00:00+09:00,4225.0,4225.0,4215.0,4220.0,3400,0.0,0.0
2024-06-11 14:00:00+09:00,4220.0,4220.0,4205.0,4210.0,12600,0.0,0.0
2024-06-12 09:00:00+09:00,4220.0,4265.0,4210.0,4220.0,20700,0.0,0.0
2024-06-12 10:00:00+09:00,4220.0,4220.0,4200.0,4205.0,8100,0.0,0.0
2024-06-12 11:00:00+09:00,4205.0,4220.0,4205.0,4215.0,0,0.0,0.0
2024-06-12 12:00:00+09:00,4215.0,4225.0,4210.0,4210.0,40800,0.0,0.0
2024-06-12 13:00:00+09:00,4205.0,4210.0,4195.0,4210.0,10200,0.0,0.0
2024-06-12 14:00:00+09:00,4210.0,4225.0,4200.0,4210.0,20600,0.0,0.0
2024-06-13 09:00:00+09:00,4220.0,4240.0,4185.0,4195.0,0,0.0,0.0
2024-06-13 10:00:00+09:00,4195.0,4205.0,4160.0,4165.0,31700,0.0,0.0
2024-06-13 11:00:00+09:00,4170.0,4180.0,4170.0,4180.0,0,0.0,0.0
2024-06-13 12:00:00+09:00,4180.0,4195.0,4175.0,4195.0,41700,0.0,0.0
2024-06-13 13:00:00+09:00,4190.0,4210.0,4190.0,4210.0,4400,0.0,0.0
2024-06-13 14:00:00+09:00,4210.0,4215.0,4200.0,4215.0,19000,0.0,0.0
2024-06-14 09:00:00+09:00,4215.0,4250.0,4170.0,4170.0,64000,0.0,0.0
2024-06-14 10:00:00+09:00,4175.0,4205.0,4170.0,4195.0,12900,0.0,0.0
2024-06-14 11:00:00+09:00,4190.0,4200.0,4190.0,4195.0,0,0.0,0.0
2024-06-14 12:00:00+09:00,4200.0,4205.0,4185.0,4205.0,88600,0.0,0.0
2024-06-14 13:00:00+09:00,4210.0,4210.0,4190.0,4190.0,7000,0.0,0.0
2024-06-14 14:00:00+09:00,4190.0,4200.0,4185.0,4185.0,20400,0.0,0.0
2024-06-17 09:00:00+09:00,4200.0,4215.0,4145.0,4165.0,37500,0.0,0.0
2024-06-17 10:00:00+09:00,4165.0,4175.0,4145.0,4165.0,11200,0.0,0.0
2024-06-17 11:00:00+09:00,4170.0,4195.0,4165.0,4190.0,0,0.0,0.0
2024-06-17 12:00:00+09:00,4170.0,4185.0,4135.0,4135.0,68800,0.0,0.0
2024-06-17 13:00:00+09:00,4130.0,4155.0,4130.0,4155.0,6300,0.0,0.0
2024-06-17 14:00:00+09:00,4155.0,4160.0,4140.0,4140.0,12300,0.0,0.0
2024-06-18 09:00:00+09:00,4150.0,4175.0,4100.0,4125.0,27100,0.0,0.0
2024-06-18 10:00:00+09:00,4125.0,4130.0,4120.0,4125.0,9900,0.0,0.0
2024-06-18 11:00:00+09:00,4130.0,4130.0,4125.0,4125.0,0,0.0,0.0
2024-06-18 12:00:00+09:00,4110.0,4120.0,4065.0,4085.0,62000,0.0,0.0
2024-06-18 13:00:00+09:00,4085.0,4085.0,4045.0,4050.0,19400,0.0,0.0
2024-06-18 14:00:00+09:00,4055.0,4055.0,4030.0,4035.0,31500,0.0,0.0
2024-06-19 09:00:00+09:00,4025.0,4050.0,4010.0,4020.0,24100,0.0,0.0
2024-06-19 10:00:00+09:00,4025.0,4045.0,4025.0,4040.0,13800,0.0,0.0
2024-06-19 11:00:00+09:00,4040.0,4050.0,4040.0,4050.0,0,0.0,0.0
2024-06-19 12:00:00+09:00,4035.0,4045.0,4015.0,4025.0,56300,0.0,0.0
2024-06-19 13:00:00+09:00,4030.0,4040.0,4025.0,4035.0,8700,0.0,0.0
2024-06-19 14:00:00+09:00,4035.0,4040.0,4025.0,4040.0,21800,0.0,0.0
2024-06-20 09:00:00+09:00,3985.0,4045.0,3985.0,4040.0,31000,0.0,0.0
2024-06-20 10:00:00+09:00,4045.0,4045.0,4025.0,4035.0,12600,0.0,0.0
2024-06-20 11:00:00+09:00,4030.0,4040.0,4025.0,4040.0,0,0.0,0.0
2024-06-20 12:00:00+09:00,4040.0,4050.0,4035.0,4050.0,65300,0.0,0.0
2024-06-20 13:00:00+09:00,4055.0,4070.0,4045.0,4070.0,17100,0.0,0.0
2024-06-20 14:00:00+09:00,4070.0,4075.0,4050.0,4065.0,23400,0.0,0.0
2024-06-21 09:00:00+09:00,4065.0,4120.0,4065.0,4110.0,20500,0.0,0.0
2024-06-21 10:00:00+09:00,4115.0,4120.0,4105.0,4110.0,7400,0.0,0.0
2024-06-21 11:00:00+09:00,4110.0,4115.0,4110.0,4110.0,0,0.0,0.0
2024-06-21 12:00:00+09:00,4120.0,4130.0,4110.0,4130.0,40400,0.0,0.0
2024-06-21 13:00:00+09:00,4135.0,4150.0,4130.0,4150.0,14000,0.0,0.0
2024-06-21 14:00:00+09:00,4150.0,4150.0,4100.0,4100.0,30700,0.0,0.0
2024-06-24 09:00:00+09:00,4115.0,4170.0,4110.0,4155.0,18000,0.0,0.0
2024-06-24 10:00:00+09:00,4155.0,4160.0,4135.0,4140.0,5200,0.0,0.0
2024-06-24 11:00:00+09:00,4145.0,4175.0,4145.0,4175.0,0,0.0,0.0
2024-06-24 12:00:00+09:00,4180.0,4180.0,4155.0,4170.0,39700,0.0,0.0
2024-06-24 13:00:00+09:00,4175.0,4195.0,4175.0,4190.0,8400,0.0,0.0
2024-06-24 14:00:00+09:00,4190.0,4210.0,4185.0,4200.0,16300,0.0,0.0
2024-06-25 09:00:00+09:00,4175.0,4230.0,4175.0,4210.0,16900,0.0,0.0
2024-06-25 10:00:00+09:00,4210.0,4260.0,4200.0,4245.0,10300,0.0,0.0
2024-06-25 11:00:00+09:00,4255.0,4255.0,4240.0,4245.0,0,0.0,0.0
2024-06-25 12:00:00+09:00,4250.0,4250.0,4225.0,4230.0,44000,0.0,0.0
2024-06-25 13:00:00+09:00,4235.0,4240.0,4230.0,4240.0,8200,0.0,0.0
2024-06-25 14:00:00+09:00,4235.0,4245.0,4225.0,4245.0,14800,0.0,0.0
2024-06-26 09:00:00+09:00,4205.0,4205.0,4150.0,4150.0,30900,0.0,0.0
2024-06-26 10:00:00+09:00,4145.0,4190.0,4145.0,4190.0,25100,0.0,0.0
2024-06-26 11:00:00+09:00,4190.0,4190.0,4175.0,4175.0,0,0.0,0.0
2024-06-26 12:00:00+09:00,4180.0,4190.0,4170.0,4185.0,73500,0.0,0.0
2024-06-26 13:00:00+09:00,4180.0,4185.0,4175.0,4175.0,3100,0.0,0.0
2024-06-26 14:00:00+09:00,4175.0,4215.0,4165.0,4195.0,24800,0.0,0.0
2024-06-27 09:00:00+09:00,4190.0,4220.0,4180.0,4220.0,16600,0.0,0.0
2024-06-27 10:00:00+09:00,4220.0,4240.0,4170.0,4185.0,21500,0.0,0.0
2024-06-27 11:00:00+09:00,4185.0,4195.0,4185.0,4190.0,0,0.0,0.0
2024-06-27 12:00:00+09:00,4205.0,4205.0,4185.0,4190.0,48700,0.0,0.0
2024-06-27 13:00:00+09:00,4195.0,4235.0,4195.0,4230.0,16900,0.0,0.0
2024-06-27 14:00:00+09:00,4230.0,4230.0,4175.0,4195.0,45400,0.0,0.0
2024-06-28 09:00:00+09:00,4205.0,4250.0,4200.0,4250.0,21400,0.0,0.0
2024-06-28 10:00:00+09:00,4250.0,4250.0,4205.0,4210.0,15000,0.0,0.0
2024-06-28 11:00:00+09:00,4210.0,4225.0,4200.0,4220.0,0,0.0,0.0
2024-06-28 12:00:00+09:00,4210.0,4220.0,4200.0,4210.0,58800,0.0,0.0
2024-06-28 13:00:00+09:00,4215.0,4225.0,4210.0,4210.0,14300,0.0,0.0
2024-06-28 14:00:00+09:00,4205.0,4210.0,4195.0,4205.0,19200,0.0,0.0
2024-07-01 09:00:00+09:00,4260.0,4260.0,4225.0,4230.0,14600,0.0,0.0
2024-07-01 10:00:00+09:00,4225.0,4235.0,4200.0,4205.0,10200,0.0,0.0
2024-07-01 11:00:00+09:00,4200.0,4220.0,4200.0,4215.0,0,0.0,0.0
2024-07-01 12:00:00+09:00,4210.0,4215.0,4195.0,4195.0,38500,0.0,0.0
2024-07-01 13:00:00+09:00,4190.0,4190.0,4185.0,4190.0,6200,0.0,0.0
2024-07-01 14:00:00+09:00,4185.0,4200.0,4165.0,4200.0,15700,0.0,0.0
2024-07-02 09:00:00+09:00,4175.0,4205.0,4160.0,4180.0,15700,0.0,0.0
2024-07-02 10:00:00+09:00,4180.0,4205.0,4180.0,4195.0,9500,0.0,0.0
2024-07-02 11:00:00+09:00,4190.0,4205.0,4190.0,4205.0,0,0.0,0.0
2024-07-02 12:00:00+09:00,4205.0,4205.0,4185.0,4205.0,38000,0.0,0.0
2024-07-02 13:00:00+09:00,4205.0,4215.0,4190.0,4190.0,16100,0.0,0.0
2024-07-02 14:00:00+09:00,4195.0,4195.0,4175.0,4190.0,16700,0.0,0.0
2024-07-03 09:00:00+09:00,4175.0,4200.0,4165.0,4180.0,21400,0.0,0.0
2024-07-03 10:00:00+09:00,4175.0,4205.0,4175.0,4205.0,10600,0.0,0.0
2024-07-03 11:00:00+09:00,4205.0,4215.0,4200.0,4205.0,0,0.0,0.0
2024-07-03 12:00:00+09:00,4220.0,4220.0,4200.0,4205.0,50400,0.0,0.0
2024-07-03 13:00:00+09:00,4205.0,4215.0,4200.0,4215.0,12400,0.0,0.0
2024-07-03 14:00:00+09:00,4215.0,4235.0,4210.0,4220.0,14800,0.0,0.0
2024-07-04 09:00:00+09:00,4225.0,4225.0,4195.0,4205.0,11300,0.0,0.0
2024-07-04 10:00:00+09:00,4200.0,4200.0,4175.0,4175.0,5500,0.0,0.0
2024-07-04 11:00:00+09:00,4170.0,4170.0,4160.0,4165.0,0,0.0,0.0
2024-07-04 12:00:00+09:00,4160.0,4175.0,4160.0,4170.0,23100,0.0,0.0
2024-07-04 13:00:00+09:00,4170.0,4190.0,4170.0,4185.0,6300,0.0,0.0
2024-07-04 14:00:00+09:00,4190.0,4195.0,4175.0,4175.0,13100,0.0,0.0
2024-07-05 09:00:00+09:00,4170.0,4180.0,4145.0,4150.0,12000,0.0,0.0
2024-07-05 10:00:00+09:00,4145.0,4145.0,4130.0,4145.0,2200,0.0,0.0
2024-07-05 11:00:00+09:00,4140.0,4150.0,4140.0,4145.0,0,0.0,0.0
2024-07-05 12:00:00+09:00,4135.0,4155.0,4135.0,4150.0,23000,0.0,0.0
2024-07-05 13:00:00+09:00,4150.0,4150.0,4145.0,4145.0,2500,0.0,0.0
2024-07-05 14:00:00+09:00,4145.0,4145.0,4120.0,4130.0,17900,0.0,0.0
2024-07-08 09:00:00+09:00,4115.0,4140.0,4100.0,4115.0,22600,0.0,0.0
2024-07-08 10:00:00+09:00,4110.0,4120.0,4075.0,4100.0,16400,0.0,0.0
2024-07-08 11:00:00+09:00,4100.0,4120.0,4100.0,4110.0,0,0.0,0.0
2024-07-08 12:00:00+09:00,4115.0,4125.0,4110.0,4110.0,54400,0.0,0.0
2024-07-08 13:00:00+09:00,4110.0,4130.0,4105.0,4130.0,17100,0.0,0.0
2024-07-08 14:00:00+09:00,4125.0,4145.0,4115.0,4140.0,21000,0.0,0.0
2024-07-09 09:00:00+09:00,4170.0,4180.0,4135.0,4170.0,25200,0.0,0.0
2024-07-09 10:00:00+09:00,4165.0,4190.0,4165.0,4175.0,8200,0.0,0.0
2024-07-09 11:00:00+09:00,4175.0,4175.0,4155.0,4160.0,0,0.0,0.0
2024-07-09 12:00:00+09:00,4180.0,4205.0,4170.0,4205.0,55200,0.0,0.0
2024-07-09 13:00:00+09:00,4205.0,4225.0,4205.0,4215.0,12200,0.0,0.0
2024-07-09 14:00:00+09:00,4210.0,4245.0,4210.0,4225.0,19000,0.0,0.0
2024-07-10 09:00:00+09:00,4220.0,4240.0,4215.0,4225.0,9400,0.0,0.0
2024-07-10 10:00:00+09:00,4220.0,4230.0,4220.0,4230.0,3800,0.0,0.0
2024-07-10 11:00:00+09:00,4230.0,4230.0,4230.0,4230.0,0,0.0,0.0
2024-07-10 12:00:00+09:00,4235.0,4235.0,4195.0,4220.0,23000,0.0,0.0
2024-07-10 13:00:00+09:00,4215.0,4215.0,4200.0,4205.0,5900,0.0,0.0
2024-07-10 14:00:00+09:00,4210.0,4210.0,4185.0,4185.0,16900,0.0,0.0
2024-07-11 09:00:00+09:00,4240.0,4270.0,4220.0,4220.0,18100,0.0,0.0
2024-07-11 10:00:00+09:00,4225.0,4250.0,4215.0,4250.0,0,0.0,0.0
2024-07-11 11:00:00+09:00,4255.0,4255.0,4250.0,4255.0,0,0.0,0.0
2024-07-11 12:00:00+09:00,4265.0,4265.0,4250.0,4255.0,33600,0.0,0.0
2024-07-11 13:00:00+09:00,4260.0,4290.0,4255.0,4280.0,9600,0.0,0.0
2024-07-11 14:00:00+09:00,4280.0,4290.0,4260.0,4275.0,17900,0.0,0.0
2024-07-12 09:00:00+09:00,4250.0,4290.0,4230.0,4270.0,22100,0.0,0.0
2024-07-12 10:00:00+09:00,4270.0,4285.0,4260.0,4270.0,9000,0.0,0.0
2024-07-12 11:00:00+09:00,4265.0,4265.0,4250.0,4255.0,0,0.0,0.0
2024-07-12 12:00:00+09:00,4250.0,4265.0,4250.0,4255.0,49800,0.0,0.0
2024-07-12 13:00:00+09:00,4250.0,4265.0,4250.0,4265.0,7300,0.0,0.0
2024-07-12 14:00:00+09:00,4260.0,4270.0,4245.0,4270.0,17900,0.0,0.0
2024-07-16 09:00:00+09:00,4250.0,4290.0,4250.0,4290.0,11500,0.0,0.0
2024-07-16 10:00:00+09:00,4285.0,4295.0,4270.0,4270.0,0,0.0,0.0
2024-07-16 11:00:00+09:00,4265.0,4275.0,4265.0,4275.0,0,0.0,0.0
2024-07-16 12:00:00+09:00,4260.0,4285.0,4260.0,4275.0,20900,0.0,0.0
2024-07-16 13:00:00+09:00,4270.0,4275.0,4255.0,4255.0,4700,0.0,0.0
2024-07-16 14:00:00+09:00,4255.0,4280.0,4250.0,4280.0,11700,0.0,0.0
2024-07-17 09:00:00+09:00,4300.0,4335.0,4280.0,4285.0,21900,0.0,0.0
2024-07-17 10:00:00+09:00,4285.0,4295.0,4275.0,4295.0,7800,0.0,0.0
2024-07-17 11:00:00+09:00,4295.0,4295.0,4280.0,4280.0,0,0.0,0.0
2024-07-17 12:00:00+09:00,4280.0,4300.0,4275.0,4300.0,42800,0.0,0.0
2024-07-17 13:00:00+09:00,4300.0,4300.0,4290.0,4295.0,0,0.0,0.0
2024-07-17 14:00:00+09:00,4300.0,4300.0,4280.0,4280.0,63900,0.0,0.0
2024-07-18 09:00:00+09:00,4250.0,4275.0,4240.0,4275.0,9900,0.0,0.0
2024-07-18 10:00:00+09:00,4280.0,4290.0,4280.0,4280.0,2900,0.0,0.0
2024-07-18 11:00:00+09:00,4275.0,4280.0,4275.0,4280.0,0,0.0,0.0
2024-07-18 12:00:00+09:00,4280.0,4280.0,4265.0,4265.0,18200,0.0,0.0
2024-07-18 13:00:00+09:00,4270.0,4275.0,4260.0,4260.0,4300,0.0,0.0
2024-07-18 14:00:00+09:00,4260.0,4270.0,4255.0,4260.0,13500,0.0,0.0
2024-07-19 09:00:00+09:00,4275.0,4330.0,4265.0,4300.0,26300,0.0,0.0
2024-07-19 10:00:00+09:00,4300.0,4300.0,4265.0,4275.0,13000,0.0,0.0
2024-07-19 11:00:00+09:00,4275.0,4280.0,4265.0,4265.0,0,0.0,0.0
2024-07-19 12:00:00+09:00,4265.0,4280.0,4265.0,4270.0,47800,0.0,0.0
2024-07-19 13:00:00+09:00,4270.0,4290.0,4265.0,4290.0,6700,0.0,0.0
2024-07-19 14:00:00+09:00,4295.0,4295.0,4275.0,4290.0,12600,0.0,0.0
2024-07-22 09:00:00+09:00,4260.0,4260.0,4155.0,4155.0,18800,0.0,0.0
2024-07-22 10:00:00+09:00,4150.0,4160.0,4130.0,4130.0,12200,0.0,0.0
2024-07-22 11:00:00+09:00,4135.0,4135.0,4120.0,4120.0,0,0.0,0.0
2024-07-22 12:00:00+09:00,4115.0,4115.0,4080.0,4085.0,41200,0.0,0.0
2024-07-22 13:00:00+09:00,4085.0,4135.0,4075.0,4135.0,17900,0.0,0.0
2024-07-22 14:00:00+09:00,4130.0,4145.0,4125.0,4140.0,12500,0.0,0.0
2024-07-23 09:00:00+09:00,4130.0,4190.0,4130.0,4185.0,11300,0.0,0.0
2024-07-23 10:00:00+09:00,4180.0,4190.0,4160.0,4175.0,7500,0.0,0.0
2024-07-23 11:00:00+09:00,4180.0,4185.0,4175.0,4185.0,0,0.0,0.0
2024-07-23 12:00:00+09:00,4170.0,4175.0,4165.0,4175.0,24700,0.0,0.0
2024-07-23 13:00:00+09:00,4175.0,4180.0,4175.0,4180.0,4500,0.0,0.0
2024-07-23 14:00:00+09:00,4185.0,4190.0,4165.0,4175.0,14800,0.0,0.0
2024-07-24 09:00:00+09:00,4140.0,4240.0,4140.0,4215.0,36500,0.0,0.0
2024-07-24 10:00:00+09:00,4215.0,4230.0,4215.0,4230.0,10500,0.0,0.0
2024-07-24 11:00:00+09:00,4225.0,4230.0,4225.0,4225.0,0,0.0,0.0
2024-07-24 12:00:00+09:00,4225.0,4235.0,4220.0,4225.0,57700,0.0,0.0
2024-07-24 13:00:00+09:00,4225.0,4225.0,4190.0,4215.0,17800,0.0,0.0
2024-07-24 14:00:00+09:00,4210.0,4215.0,4205.0,4205.0,10100,0.0,0.0
2024-07-25 09:00:00+09:00,4195.0,4260.0,4170.0,4220.0,38200,0.0,0.0
2024-07-25 10:00:00+09:00,4220.0,4230.0,4215.0,4215.0,15900,0.0,0.0
2024-07-25 11:00:00+09:00,4210.0,4235.0,4205.0,4235.0,0,0.0,0.0
2024-07-25 12:00:00+09:00,4215.0,4225.0,4200.0,4210.0,72600,0.0,0.0
2024-07-25 13:00:00+09:00,4215.0,4230.0,4210.0,4215.0,13500,0.0,0.0
2024-07-25 14:00:00+09:00,4215.0,4225.0,4200.0,4205.0,27200,0.0,0.0
2024-07-26 09:00:00+09:00,4210.0,4245.0,4210.0,4235.0,31800,0.0,0.0
2024-07-26 10:00:00+09:00,4235.0,4255.0,4225.0,4235.0,9100,0.0,0.0
2024-07-26 11:00:00+09:00,4240.0,4260.0,4240.0,4250.0,0,0.0,0.0
2024-07-26 12:00:00+09:00,4250.0,4275.0,4250.0,4265.0,53500,0.0,0.0
2024-07-26 13:00:00+09:00,4265.0,4265.0,4245.0,4250.0,10700,0.0,0.0
2024-07-26 14:00:00+09:00,4245.0,4255.0,4240.0,4245.0,22900,0.0,0.0
2024-07-29 09:00:00+09:00,4260.0,4290.0,4250.0,4280.0,18400,0.0,0.0
2024-07-29 10:00:00+09:00,4280.0,4305.0,4275.0,4280.0,12800,0.0,0.0
2024-07-29 11:00:00+09:00,4280.0,4285.0,4275.0,4280.0,0,0.0,0.0
2024-07-29 12:00:00+09:00,4270.0,4305.0,4270.0,4285.0,46600,0.0,0.0
2024-07-29 13:00:00+09:00,4290.0,4315.0,4290.0,4300.0,11400,0.0,0.0
2024-07-29 14:00:00+09:00,4300.0,4305.0,4280.0,4285.0,16700,0.0,0.0
2024-07-30 09:00:00+09:00,4295.0,4330.0,4250.0,4265.0,86100,0.0,0.0
2024-07-30 10:00:00+09:00,4270.0,4270.0,4225.0,4245.0,12600,0.0,0.0
2024-07-30 11:00:00+09:00,4250.0,4265.0,4250.0,4250.0,0,0.0,0.0
2024-07-30 12:00:00+09:00,4260.0,4260.0,4250.0,4260.0,106800,0.0,0.0
2024-07-30 13:00:00+09:00,4255.0,4265.0,4255.0,4255.0,0,0.0,0.0
2024-07-30 14:00:00+09:00,4260.0,4275.0,4250.0,4275.0,127800,0.0,0.0
2024-07-31 09:00:00+09:00,4210.0,4270.0,4180.0,4265.0,11900,0.0,0.0
2024-07-31 10:00:00+09:00,4260.0,4260.0,4210.0,4245.0,15000,0.0,0.0
2024-07-31 11:00:00+09:00,4250.0,4270.0,4250.0,4260.0,0,0.0,0.0
2024-07-31 12:00:00+09:00,4250.0,4270.0,4245.0,4270.0,41400,0.0,0.0
2024-07-31 13:00:00+09:00,4270.0,4285.0,4270.0,4285.0,7200,0.0,0.0
2024-07-31 14:00:00+09:00,4290.0,4360.0,4270.0,4360.0,38600,0.0,0.0
2024-08-01 09:00:00+09:00,4270.0,4285.0,4240.0,4250.0,18400,0.0,0.0
2024-08-01 10:00:00+09:00,4250.0,4260.0,4215.0,4250.0,13400,0.0,0.0
2024-08-01 11:00:00+09:00,4245.0,4260.0,4230.0,4260.0,0,0.0,0.0
2024-08-01 12:00:00+09:00,4260.0,4260.0,4205.0,4215.0,47700,0.0,0.0
2024-08-01 13:00:00+09:00,4210.0,4235.0,4190.0,4225.0,22500,0.0,0.0
2024-08-01 14:00:00+09:00,4230.0,4250.0,4220.0,4220.0,13300,0.0,0.0
2024-08-02 09:00:00+09:00,4150.0,4165.0,4075.0,4080.0,20200,0.0,0.0
2024-08-02 10:00:00+09:00,4085.0,4120.0,4055.0,4120.0,13000,0.0,0.0
2024-08-02 11:00:00+09:00,4115.0,4125.0,4105.0,4125.0,0,0.0,0.0
2024-08-02 12:00:00+09:00,4110.0,4115.0,4060.0,4060.0,51500,0.0,0.0
2024-08-02 13:00:00+09:00,4060.0,4065.0,4010.0,4035.0,24300,0.0,0.0
2024-08-02 14:00:00+09:00,4030.0,4030.0,3995.0,3995.0,31700,0.0,0.0
2024-08-05 09:00:00+09:00,3795.0,3800.0,3715.0,3785.0,28400,0.0,0.0
2024-08-05 10:00:00+09:00,3800.0,3805.0,3705.0,3710.0,17300,0.0,0.0
2024-08-05 11:00:00+09:00,3710.0,3750.0,3710.0,3750.0,0,0.0,0.0
2024-08-05 12:00:00+09:00,3725.0,3735.0,3680.0,3690.0,64300,0.0,0.0
2024-08-05 13:00:00+09:00,3690.0,3690.0,3600.0,3610.0,25500,0.0,0.0
2024-08-05 14:00:00+09:00,3610.0,3610.0,3460.0,3495.0,32700,0.0,0.0
2024-08-06 09:00:00+09:00,3710.0,3925.0,3710.0,3925.0,47700,0.0,0.0
2024-08-06 10:00:00+09:00,3925.0,3960.0,3840.0,3905.0,20700,0.0,0.0
2024-08-06 11:00:00+09:00,3905.0,3940.0,3900.0,3930.0,0,0.0,0.0
2024-08-06 12:00:00+09:00,3935.0,3935.0,3890.0,3915.0,93000,0.0,0.0
2024-08-06 13:00:00+09:00,3910.0,3925.0,3800.0,3800.0,0,0.0,0.0
2024-08-06 14:00:00+09:00,3810.0,3880.0,3785.0,3870.0,146100,0.0,0.0
2024-08-07 09:00:00+09:00,3875.0,3975.0,3875.0,3950.0,37000,0.0,0.0
2024-08-07 10:00:00+09:00,3945.0,4085.0,3930.0,4070.0,22100,0.0,0.0
2024-08-07 11:00:00+09:00,4070.0,4080.0,4010.0,4025.0,0,0.0,0.0
2024-08-07 12:00:00+09:00,3990.0,4030.0,3970.0,3985.0,79500,0.0,0.0
2024-08-07 13:00:00+09:00,3995.0,4030.0,3985.0,4025.0,11400,0.0,0.0
2024-08-07 14:00:00+09:00,4020.0,4030.0,3945.0,3960.0,28800,0.0,0.0
2024-08-08 09:00:00+09:00,3905.0,3950.0,3850.0,3880.0,37200,0.0,0.0
2024-08-08 10:00:00+09:00,3885.0,3905.0,3875.0,3875.0,11900,0.0,0.0
2024-08-08 11:00:00+09:00,3875.0,3915.0,3860.0,3895.0,0,0.0,0.0
2024-08-08 12:00:00+09:00,3890.0,3910.0,3890.0,3895.0,66500,0.0,0.0
2024-08-08 13:00:00+09:00,3895.0,3900.0,3850.0,3870.0,13700,0.0,0.0
2024-08-08 14:00:00+09:00,3870.0,3875.0,3835.0,3845.0,25600,0.0,0.0
2024-08-09 09:00:00+09:00,3945.0,3960.0,3905.0,3930.0,41500,0.0,0.0
2024-08-09 10:00:00+09:00,3925.0,3945.0,3910.0,3945.0,8600,0.0,0.0
2024-08-09 11:00:00+09:00,3940.0,3940.0,3920.0,3920.0,0,0.0,0.0
2024-08-09 12:00:00+09:00,3920.0,3950.0,3920.0,3920.0,63500,0.0,0.0
2024-08-09 13:00:00+09:00,3925.0,3935.0,3865.0,3865.0,9400,0.0,0.0
2024-08-09 14:00:00+09:00,3855.0,3935.0,3850.0,3925.0,24000,0.0,0.0
2024-08-13 09:00:00+09:00,3925.0,3955.0,3915.0,3945.0,34700,0.0,0.0
2024-08-13 10:00:00+09:00,3945.0,3970.0,3920.0,3935.0,24100,0.0,0.0
2024-08-13 11:00:00+09:00,3930.0,3945.0,3910.0,3910.0,0,0.0,0.0
2024-08-13 12:00:00+09:00,3900.0,3955.0,3900.0,3930.0,77700,0.0,0.0
2024-08-13 13:00:00+09:00,3925.0,3945.0,3925.0,3940.0,11900,0.0,0.0
2024-08-13 14:00:00+09:00,3940.0,3970.0,3935.0,3960.0,21800,0.0,0.0
2024-08-14 09:00:00+09:00,3970.0,4000.0,3950.0,3965.0,17500,0.0,0.0
2024-08-14 10:00:00+09:00,3965.0,4020.0,3955.0,4015.0,11600,0.0,0.0
2024-08-14 11:00:00+09:00,4015.0,4015.0,3965.0,3965.0,0,0.0,0.0
2024-08-14 12:00:00+09:00,3955.0,3990.0,3955.0,3970.0,50900,0.0,0.0
2024-08-14 13:00:00+09:00,3970.0,3980.0,3950.0,3970.0,8400,0.0,0.0
2024-08-14 14:00:00+09:00,3965.0,4015.0,3960.0,4010.0,23300,0.0,0.0
2024-08-15 09:00:00+09:00,3975.0,4030.0,3955.0,4020.0,36600,0.0,0.0
2024-08-15 10:00:00+09:00,4025.0,4075.0,4005.0,4060.0,22800,0.0,0.0
2024-08-15 11:00:00+09:00,4065.0,4070.0,4055.0,4055.0,0,0.0,0.0
2024-08-15 12:00:00+09:00,4045.0,4070.0,4045.0,4045.0,80000,0.0,0.0
2024-08-15 13:00:00+09:00,4050.0,4050.0,4040.0,4045.0,17300,0.0,0.0
2024-08-15 14:00:00+09:00,4040.0,4050.0,4025.0,4045.0,38500,0.0,0.0
2024-08-16 09:00:00+09:00,4035.0,4085.0,3940.0,3995.0,70200,0.0,0.0
2024-08-16 10:00:00+09:00,4000.0,4020.0,3990.0,4005.0,14700,0.0,0.0
2024-08-16 11:00:00+09:00,4010.0,4015.0,3990.0,3990.0,0,0.0,0.0
2024-08-16 12:00:00+09:00,3980.0,3980.0,3945.0,3965.0,106400,0.0,0.0
2024-08-16 13:00:00+09:00,3970.0,3970.0,3935.0,3940.0,18700,0.0,0.0
2024-08-16 14:00:00+09:00,3940.0,3980.0,3940.0,3980.0,28800,0.0,0.0
2024-08-19 09:00:00+09:00,3975.0,4045.0,3965.0,3995.0,44500,0.0,0.0
2024-08-19 10:00:00+09:00,3995.0,4005.0,3950.0,3965.0,13700,0.0,0.0
2024-08-19 11:00:00+09:00,3960.0,3970.0,3955.0,3960.0,0,0.0,0.0
2024-08-19 12:00:00+09:00,3950.0,3960.0,3920.0,3930.0,79000,0.0,0.0
2024-08-19 13:00:00+09:00,3930.0,3955.0,3930.0,3940.0,14700,0.0,0.0
2024-08-19 14:00:00+09:00,3945.0,3955.0,3910.0,3920.0,25300,0.0,0.0
2024-08-20 09:00:00+09:00,3935.0,4005.0,3935.0,3985.0,23900,0.0,0.0
2024-08-20 10:00:00+09:00,3980.0,4015.0,3975.0,3995.0,12500,0.0,0.0
2024-08-20 11:00:00+09:00,3995.0,4010.0,3990.0,4010.0,0,0.0,0.0
2024-08-20 12:00:00+09:00,4010.0,4045.0,4010.0,4035.0,61000,0.0,0.0
2024-08-20 13:00:00+09:00,4040.0,4045.0,4030.0,4040.0,9900,0.0,0.0
2024-08-20 14:00:00+09:00,4040.0,4065.0,4040.0,4045.0,22200,0.0,0.0
2024-08-21 09:00:00+09:00,4030.0,4065.0,4030.0,4050.0,18800,0.0,0.0
2024-08-21 10:00:00+09:00,4050.0,4080.0,4050.0,4070.0,11800,0.0,0.0
2024-08-21 11:00:00+09:00,4065.0,4075.0,4065.0,4070.0,0,0.0,0.0
2024-08-21 12:00:00+09:00,4070.0,4085.0,4070.0,4070.0,41500,0.0,0.0
2024-08-21 13:00:00+09:00,4065.0,4080.0,4065.0,4075.0,8900,0.0,0.0
2024-08-21 14:00:00+09:00,4075.0,4075.0,4050.0,4060.0,12500,0.0,0.0
2024-08-22 09:00:00+09:00,4055.0,4100.0,4055.0,4090.0,14800,0.0,0.0
2024-08-22 10:00:00+09:00,4085.0,4115.0,4080.0,4080.0,7300,0.0,0.0
2024-08-22 11:00:00+09:00,4080.0,4085.0,4070.0,4070.0,0,0.0,0.0
2024-08-22 12:00:00+09:00,4060.0,4065.0,4035.0,4040.0,32600,0.0,0.0
2024-08-22 13:00:00+09:00,4045.0,4075.0,4045.0,4075.0,7200,0.0,0.0
2024-08-22 14:00:00+09:00,4075.0,4110.0,4075.0,4095.0,15200,0.0,0.0
2024-08-23 09:00:00+09:00,4125.0,4160.0,4095.0,4130.0,23800,0.0,0.0
2024-08-23 10:00:00+09:00,4130.0,4130.0,4110.0,4110.0,10600,0.0,0.0
2024-08-23 11:00:00+09:00,4115.0,4115.0,4110.0,4110.0,0,0.0,0.0
2024-08-23 12:00:00+09:00,4110.0,4115.0,4095.0,4105.0,45500,0.0,0.0
2024-08-23 13:00:00+09:00,4105.0,4110.0,4100.0,4105.0,6900,0.0,0.0
2024-08-23 14:00:00+09:00,4100.0,4115.0,4095.0,4105.0,16000,0.0,0.0
2024-08-26 09:00:00+09:00,4110.0,4175.0,4105.0,4175.0,30500,0.0,0.0
2024-08-26 10:00:00+09:00,4175.0,4195.0,4160.0,4180.0,10000,0.0,0.0
2024-08-26 11:00:00+09:00,4180.0,4180.0,4160.0,4160.0,0,0.0,0.0
2024-08-26 12:00:00+09:00,4115.0,4155.0,4115.0,4115.0,52900,0.0,0.0
2024-08-26 13:00:00+09:00,4115.0,4115.0,4095.0,4115.0,11600,0.0,0.0
2024-08-26 14:00:00+09:00,4110.0,4125.0,4105.0,4110.0,19200,0.0,0.0
2024-08-27 09:00:00+09:00,4120.0,4160.0,4105.0,4150.0,17200,0.0,0.0
2024-08-27 10:00:00+09:00,4155.0,4160.0,4130.0,4140.0,7000,0.0,0.0
2024-08-27 11:00:00+09:00,4135.0,4155.0,4135.0,4155.0,0,0.0,0.0
2024-08-27 12:00:00+09:00,4150.0,4165.0,4145.0,4165.0,32000,0.0,0.0
2024-08-27 13:00:00+09:00,4160.0,4165.0,4145.0,4160.0,6700,0.0,0.0
2024-08-27 14:00:00+09:00,4160.0,4175.0,4155.0,4170.0,13200,0.0,0.0
2024-08-28 09:00:00+09:00,4150.0,4150.0,4085.0,4105.0,25100,0.0,0.0
2024-08-28 10:00:00+09:00,4110.0,4110.0,4095.0,4110.0,5400,0.0,0.0
2024-08-28 11:00:00+09:00,4105.0,4110.0,4100.0,4100.0,0,0.0,0.0
2024-08-28 12:00:00+09:00,4085.0,4095.0,4085.0,4095.0,40100,0.0,0.0
2024-08-28 13:00:00+09:00,4095.0,4100.0,4090.0,4095.0,8400,0.0,0.0
2024-08-28 14:00:00+09:00,4095.0,4130.0,4095.0,4130.0,13900,0.0,0.0
2024-08-29 09:00:00+09:00,4125.0,4135.0,4105.0,4115.0,15400,0.0,0.0
2024-08-29 10:00:00+09:00,4115.0,4115.0,4090.0,4090.0,11700,0.0,0.0
2024-08-29 11:00:00+09:00,4090.0,4090.0,4075.0,4085.0,0,0.0,0.0
2024-08-29 12:00:00+09:00,4085.0,4095.0,4085.0,4085.0,39700,0.0,0.0
2024-08-29 13:00:00+09:00,4085.0,4095.0,4075.0,4090.0,13500,0.0,0.0
2024-08-29 14:00:00+09:00,4085.0,4085.0,4025.0,4040.0,42700,0.0,0.0
2024-08-30 09:00:00+09:00,4050.0,4100.0,4035.0,4100.0,16800,0.0,0.0
2024-08-30 10:00:00+09:00,4100.0,4115.0,4085.0,4105.0,10400,0.0,0.0
2024-08-30 11:00:00+09:00,4100.0,4115.0,4095.0,4110.0,0,0.0,0.0
2024-08-30 12:00:00+09:00,4105.0,4115.0,4100.0,4100.0,38900,0.0,0.0
2024-08-30 13:00:00+09:00,4105.0,4110.0,4090.0,4090.0,15100,0.0,0.0
2024-08-30 14:00:00+09:00,4090.0,4130.0,4090.0,4110.0,39900,0.0,0.0
2024-09-02 09:00:00+09:00,4125.0,4155.0,4080.0,4080.0,15000,0.0,0.0
2024-09-02 10:00:00+09:00,4080.0,4115.0,4080.0,4095.0,6000,0.0,0.0
2024-09-02 11:00:00+09:00,4090.0,4090.0,4075.0,4080.0,0,0.0,0.0
2024-09-02 12:00:00+09:00,4050.0,4075.0,4050.0,4075.0,28600,0.0,0.0
2024-09-02 13:00:00+09:00,4080.0,4080.0,4070.0,4080.0,7900,0.0,0.0
2024-09-02 14:00:00+09:00,4080.0,4090.0,4075.0,4080.0,10900,0.0,0.0
2024-09-03 09:00:00+09:00,4085.0,4145.0,4085.0,4135.0,14900,0.0,0.0
2024-09-03 10:00:00+09:00,4130.0,4135.0,4110.0,4120.0,6500,0.0,0.0
2024-09-03 11:00:00+09:00,4125.0,4135.0,4125.0,4130.0,0,0.0,0.0
2024-09-03 12:00:00+09:00,4110.0,4125.0,4100.0,4120.0,25100,0.0,0.0
2024-09-03 13:00:00+09:00,4125.0,4125.0,4115.0,4115.0,4000,0.0,0.0
2024-09-03 14:00:00+09:00,4120.0,4130.0,4110.0,4125.0,13600,0.0,0.0
2024-09-04 09:00:00+09:00,4065.0,4165.0,4060.0,4125.0,26500,0.0,0.0
2024-09-04 10:00:00+09:00,4125.0,4135.0,4105.0,4135.0,7300,0.0,0.0
2024-09-04 11:00:00+09:00,4125.0,4155.0,4125.0,4140.0,0,0.0,0.0
2024-09-04 12:00:00+09:00,4140.0,4150.0,4130.0,4130.0,46100,0.0,0.0
2024-09-04 13:00:00+09:00,4130.0,4145.0,4130.0,4130.0,10500,0.0,0.0
2024-09-04 14:00:00+09:00,4125.0,4125.0,4100.0,4115.0,21600,0.0,0.0
2024-09-05 09:00:00+09:00,4080.0,4155.0,4065.0,4145.0,16900,0.0,0.0
2024-09-05 10:00:00+09:00,4155.0,4165.0,4145.0,4145.0,8500,0.0,0.0
2024-09-05 11:00:00+09:00,4150.0,4175.0,4145.0,4175.0,0,0.0,0.0
2024-09-05 12:00:00+09:00,4160.0,4170.0,4135.0,4135.0,33700,0.0,0.0
2024-09-05 13:00:00+09:00,4135.0,4145.0,4120.0,4125.0,11200,0.0,0.0
2024-09-05 14:00:00+09:00,4130.0,4140.0,4115.0,4135.0,11600,0.0,0.0
2024-09-06 09:00:00+09:00,4115.0,4170.0,4100.0,4140.0,18800,0.0,0.0
2024-09-06 10:00:00+09:00,4140.0,4150.0,4130.0,4145.0,9000,0.0,0.0
2024-09-06 11:00:00+09:00,4145.0,4150.0,4110.0,4110.0,0,0.0,0.0
2024-09-06 12:00:00+09:00,4110.0,4120.0,4100.0,4110.0,39700,0.0,0.0
2024-09-06 13:00:00+09:00,4110.0,4120.0,4100.0,4110.0,12700,0.0,0.0
2024-09-06 14:00:00+09:00,4105.0,4105.0,4085.0,4100.0,17100,0.0,0.0
2024-09-09 09:00:00+09:00,4050.0,4085.0,3980.0,4015.0,20900,0.0,0.0
2024-09-09 10:00:00+09:00,4015.0,4035.0,4010.0,4020.0,11000,0.0,0.0
2024-09-09 11:00:00+09:00,4015.0,4015.0,4000.0,4000.0,0,0.0,0.0
2024-09-09 12:00:00+09:00,4005.0,4015.0,3995.0,4000.0,42700,0.0,0.0
2024-09-09 13:00:00+09:00,4000.0,4025.0,3995.0,4010.0,11700,0.0,0.0
2024-09-09 14:00:00+09:00,4010.0,4015.0,4000.0,4005.0,18500,0.0,0.0
2024-09-10 09:00:00+09:00,4010.0,4055.0,3995.0,4040.0,16700,0.0,0.0
2024-09-10 10:00:00+09:00,4040.0,4050.0,4030.0,4035.0,9800,0.0,0.0
2024-09-10 11:00:00+09:00,4035.0,4035.0,4010.0,4010.0,0,0.0,0.0
2024-09-10 12:00:00+09:00,4020.0,4035.0,4000.0,4015.0,35400,0.0,0.0
2024-09-10 13:00:00+09:00,4015.0,4015.0,3990.0,4000.0,7700,0.0,0.0
2024-09-10 14:00:00+09:00,3995.0,4005.0,3975.0,3980.0,18400,0.0,0.0
2024-09-11 09:00:00+09:00,3970.0,4015.0,3970.0,3990.0,20700,0.0,0.0
2024-09-11 10:00:00+09:00,3990.0,3995.0,3965.0,3985.0,11800,0.0,0.0
2024-09-11 11:00:00+09:00,3980.0,3995.0,3975.0,3975.0,0,0.0,0.0
2024-09-11 12:00:00+09:00,3975.0,3980.0,3945.0,3960.0,47200,0.0,0.0
2024-09-11 13:00:00+09:00,3960.0,3960.0,3930.0,3935.0,11500,0.0,0.0
2024-09-11 14:00:00+09:00,3930.0,3950.0,3905.0,3930.0,20700,0.0,0.0
2024-09-12 09:00:00+09:00,3990.0,4025.0,3990.0,4005.0,16100,0.0,0.0
2024-09-12 10:00:00+09:00,3995.0,3995.0,3965.0,3970.0,8800,0.0,0.0
2024-09-12 11:00:00+09:00,3975.0,3975.0,3965.0,3970.0,0,0.0,0.0
2024-09-12 12:00:00+09:00,3960.0,3975.0,3950.0,3965.0,33500,0.0,0.0
2024-09-12 13:00:00+09:00,3965.0,3975.0,3965.0,3970.0,6300,0.0,0.0
2024-09-12 14:00:00+09:00,3965.0,3975.0,3955.0,3970.0,15600,0.0,0.0
2024-09-13 09:00:00+09:00,3950.0,3975.0,3930.0,3940.0,42900,0.0,0.0
2024-09-13 10:00:00+09:00,3935.0,3945.0,3935.0,3935.0,5300,0.0,0.0
2024-09-13 11:00:00+09:00,3930.0,3930.0,3925.0,3925.0,0,0.0,0.0
2024-09-13 12:00:00+09:00,3925.0,3935.0,3925.0,3935.0,56700,0.0,0.0
2024-09-13 13:00:00+09:00,3935.0,3935.0,3915.0,3925.0,6700,0.0,0.0
2024-09-13 14:00:00+09:00,3930.0,3935.0,3925.0,3935.0,11400,0.0,0.0
2024-09-17 09:00:00+09:00,3985.0,3995.0,3955.0,3955.0,14900,0.0,0.0
2024-09-17 10:00:00+09:00,3950.0,3960.0,3935.0,3950.0,7100,0.0,0.0
2024-09-17 11:00:00+09:00,3950.0,3950.0,3925.0,3925.0,0,0.0,0.0
2024-09-17 12:00:00+09:00,3925.0,3940.0,3910.0,3930.0,31900,0.0,0.0
2024-09-17 13:00:00+09:00,3930.0,3940.0,3915.0,3920.0,8900,0.0,0.0
2024-09-17 14:00:00+09:00,3925.0,3965.0,3920.0,3965.0,22500,0.0,0.0
2024-09-18 09:00:00+09:00,3970.0,4000.0,3960.0,3960.0,19700,0.0,0.0
2024-09-18 10:00:00+09:00,3960.0,3985.0,3960.0,3970.0,8100,0.0,0.0
2024-09-18 11:00:00+09:00,3975.0,3985.0,3975.0,3980.0,0,0.0,0.0
2024-09-18 12:00:00+09:00,3965.0,3980.0,3945.0,3945.0,39700,0.0,0.0
2024-09-18 13:00:00+09:00,3950.0,3950.0,3935.0,3945.0,8300,0.0,0.0
2024-09-18 14:00:00+09:00,3950.0,3980.0,3945.0,3980.0,23900,0.0,0.0
2024-09-19 09:00:00+09:00,4015.0,4040.0,3980.0,4010.0,32200,0.0,0.0
2024-09-19 10:00:00+09:00,4010.0,4020.0,4000.0,4000.0,9900,0.0,0.0
2024-09-19 11:00:00+09:00,4005.0,4015.0,4000.0,4000.0,0,0.0,0.0
2024-09-19 12:00:00+09:00,3985.0,4000.0,3980.0,3985.0,51700,0.0,0.0
2024-09-19 13:00:00+09:00,3990.0,3990.0,3980.0,3990.0,8700,0.0,0.0
2024-09-19 14:00:00+09:00,3990.0,3990.0,3970.0,3970.0,15800,0.0,0.0
2024-09-20 09:00:00+09:00,4000.0,4025.0,3970.0,3970.0,13400,0.0,0.0
2024-09-20 10:00:00+09:00,3970.0,3985.0,3965.0,3980.0,5700,0.0,0.0
2024-09-20 11:00:00+09:00,3975.0,3985.0,3975.0,3985.0,0,0.0,0.0
2024-09-20 12:00:00+09:00,3970.0,3985.0,3970.0,3975.0,28600,0.0,0.0
2024-09-20 13:00:00+09:00,3975.0,3995.0,3970.0,3990.0,11100,0.0,0.0
2024-09-20 14:00:00+09:00,3990.0,3995.0,3960.0,3965.0,18200,0.0,0.0
2024-09-24 09:00:00+09:00,4005.0,4005.0,3980.0,3990.0,11200,0.0,0.0
2024-09-24 10:00:00+09:00,4000.0,4015.0,3990.0,4015.0,6700,0.0,0.0
2024-09-24 11:00:00+09:00,4010.0,4010.0,4000.0,4000.0,0,0.0,0.0
2024-09-24 12:00:00+09:00,4000.0,4015.0,3985.0,4005.0,24700,0.0,0.0
2024-09-24 13:00:00+09:00,4005.0,4010.0,3995.0,3995.0,4600,0.0,0.0
2024-09-24 14:00:00+09:00,3995.0,4015.0,3995.0,4005.0,12000,0.0,0.0
2024-09-25 09:00:00+09:00,4015.0,4015.0,3955.0,3970.0,15300,0.0,0.0
2024-09-25 10:00:00+09:00,3970.0,3975.0,3965.0,3970.0,5100,0.0,0.0
2024-09-25 11:00:00+09:00,3975.0,3985.0,3975.0,3980.0,0,0.0,0.0
2024-09-25 12:00:00+09:00,3980.0,3985.0,3965.0,3970.0,28600,0.0,0.0
2024-09-25 13:00:00+09:00,3975.0,3980.0,3970.0,3970.0,4800,0.0,0.0
2024-09-25 14:00:00+09:00,3970.0,3995.0,3970.0,3995.0,14500,0.0,0.0
2024-09-26 09:00:00+09:00,4025.0,4075.0,3995.0,4070.0,17900,0.0,0.0
2024-09-26 10:00:00+09:00,4070.0,4105.0,4070.0,4085.0,10200,0.0,0.0
2024-09-26 11:00:00+09:00,4085.0,4095.0,4080.0,4095.0,0,0.0,0.0
2024-09-26 12:00:00+09:00,4100.0,4115.0,4090.0,4100.0,42100,0.0,0.0
2024-09-26 13:00:00+09:00,4100.0,4100.0,4085.0,4100.0,8600,0.0,0.0
2024-09-26 14:00:00+09:00,4100.0,4135.0,4095.0,4125.0,30100,0.0,0.0
2024-09-27 09:00:00+09:00,4100.0,4100.0,4060.0,4090.0,7400,0.0,0.0
2024-09-27 10:00:00+09:00,4090.0,4100.0,4075.0,4075.0,6100,0.0,0.0
2024-09-27 11:00:00+09:00,4080.0,4090.0,4075.0,4075.0,0,0.0,0.0
2024-09-27 12:00:00+09:00,4070.0,4085.0,4070.0,4085.0,22700,0.0,0.0
2024-09-27 13:00:00+09:00,4085.0,4100.0,4075.0,4095.0,11200,0.0,0.0
2024-09-27 14:00:00+09:00,4090.0,4105.0,4075.0,4105.0,25100,0.0,0.0
2024-09-30 09:00:00+09:00,3990.0,4040.0,3965.0,4020.0,34400,0.0,0.0
2024-09-30 10:00:00+09:00,4020.0,4040.0,4020.0,4030.0,5400,0.0,0.0
2024-09-30 11:00:00+09:00,4025.0,4035.0,4025.0,4025.0,0,0.0,0.0
2024-09-30 12:00:00+09:00,4010.0,4040.0,4005.0,4035.0,50800,0.0,0.0
2024-09-30 13:00:00+09:00,4035.0,4080.0,4030.0,4075.0,16400,0.0,0.0
2024-09-30 14:00:00+09:00,4080.0,4085.0,4045.0,4050.0,22500,0.0,0.0
2024-10-01 09:00:00+09:00,4050.0,4065.0,4020.0,4020.0,16800,0.0,0.0
2024-10-01 10:00:00+09:00,4015.0,4020.0,4010.0,4015.0,6300,0.0,0.0
2024-10-01 11:00:00+09:00,4010.0,4015.0,4005.0,4010.0,0,0.0,0.0
2024-10-01 12:00:00+09:00,4025.0,4040.0,4010.0,4040.0,32400,0.0,0.0
2024-10-01 13:00:00+09:00,4040.0,4045.0,4030.0,4030.0,5700,0.0,0.0
2024-10-01 14:00:00+09:00,4030.0,4050.0,4025.0,4035.0,13400,0.0,0.0
2024-10-02 09:00:00+09:00,4015.0,4070.0,4000.0,4050.0,18700,0.0,0.0
2024-10-02 10:00:00+09:00,4045.0,4065.0,4030.0,4065.0,10800,0.0,0.0
2024-10-02 11:00:00+09:00,4060.0,4070.0,4055.0,4065.0,0,0.0,0.0
2024-10-02 12:00:00+09:00,4070.0,4075.0,4065.0,4070.0,39600,0.0,0.0
2024-10-02 13:00:00+09:00,4070.0,4070.0,4040.0,4055.0,12900,0.0,0.0
2024-10-02 14:00:00+09:00,4055.0,4070.0,4045.0,4060.0,22000,0.0,0.0
2024-10-03 09:00:00+09:00,4100.0,4115.0,4065.0,4065.0,30600,0.0,0.0
2024-10-03 10:00:00+09:00,4065.0,4065.0,4035.0,4050.0,10700,0.0,0.0
2024-10-03 11:00:00+09:00,4050.0,4050.0,4040.0,4045.0,0,0.0,0.0
2024-10-03 12:00:00+09:00,4040.0,4050.0,4025.0,4030.0,55000,0.0,0.0
2024-10-03 13:00:00+09:00,4035.0,4035.0,4015.0,4030.0,9900,0.0,0.0
2024-10-03 14:00:00+09:00,4035.0,4040.0,4015.0,4015.0,20400,0.0,0.0
2024-10-04 09:00:00+09:00,4020.0,4055.0,4010.0,4020.0,15200,0.0,0.0
2024-10-04 10:00:00+09:00,4015.0,4015.0,3995.0,4000.0,7000,0.0,0.0
2024-10-04 11:00:00+09:00,4005.0,4015.0,4005.0,4010.0,0,0.0,0.0
2024-10-04 12:00:00+09:00,4010.0,4020.0,4005.0,4005.0,30200,0.0,0.0
2024-10-04 13:00:00+09:00,4005.0,4005.0,3995.0,3995.0,7300,0.0,0.0
2024-10-04 14:00:00+09:00,3995.0,4000.0,3990.0,3990.0,11000,0.0,0.0
2024-10-07 09:00:00+09:00,4055.0,4100.0,4030.0,4075.0,20800,0.0,0.0
2024-10-07 10:00:00+09:00,4075.0,4100.0,4075.0,4100.0,7200,0.0,0.0
2024-10-07 11:00:00+09:00,4100.0,4100.0,4095.0,4100.0,0,0.0,0.0
2024-10-07 12:00:00+09:00,4100.0,4105.0,4090.0,4095.0,40600,0.0,0.0
2024-10-07 13:00:00+09:00,4095.0,4105.0,4085.0,4095.0,7700,0.0,0.0
2024-10-07 14:00:00+09:00,4095.0,4105.0,4085.0,4085.0,22000,0.0,0.0
2024-10-08 09:00:00+09:00,3965.0,4000.0,3925.0,3950.0,45900,0.0,0.0
2024-10-08 10:00:00+09:00,3950.0,3965.0,3940.0,3940.0,19100,0.0,0.0
2024-10-08 11:00:00+09:00,3935.0,3955.0,3930.0,3950.0,0,0.0,0.0
2024-10-08 12:00:00+09:00,3930.0,3955.0,3930.0,3955.0,88200,0.0,0.0
2024-10-08 13:00:00+09:00,3950.0,3970.0,3945.0,3960.0,23300,0.0,0.0
2024-10-08 14:00:00+09:00,3960.0,3970.0,3950.0,3965.0,34800,0.0,0.0
2024-10-09 09:00:00+09:00,4025.0,4055.0,3995.0,4010.0,30200,0.0,0.0
2024-10-09 10:00:00+09:00,4010.0,4020.0,4005.0,4010.0,12300,0.0,0.0
2024-10-09 11:00:00+09:00,4010.0,4020.0,4005.0,4020.0,0,0.0,0.0
2024-10-09 12:00:00+09:00,4025.0,4030.0,4020.0,4025.0,56400,0.0,0.0
2024-10-09 13:00:00+09:00,4025.0,4045.0,4015.0,4040.0,13600,0.0,0.0
2024-10-09 14:00:00+09:00,4040.0,4065.0,4035.0,4055.0,28300,0.0,0.0
2024-10-10 09:00:00+09:00,4070.0,4095.0,4020.0,4035.0,19700,0.0,0.0
2024-10-10 10:00:00+09:00,4035.0,4040.0,4020.0,4020.0,6800,0.0,0.0
2024-10-10 11:00:00+09:00,4020.0,4025.0,4015.0,4025.0,0,0.0,0.0
2024-10-10 12:00:00+09:00,4025.0,4030.0,4025.0,4030.0,37800,0.0,0.0
2024-10-10 13:00:00+09:00,4030.0,4030.0,4020.0,4025.0,7400,0.0,0.0
2024-10-10 14:00:00+09:00,4030.0,4040.0,4020.0,4030.0,13900,0.0,0.0
2024-10-11 09:00:00+09:00,4020.0,4020.0,3965.0,3975.0,34800,0.0,0.0
2024-10-11 10:00:00+09:00,3975.0,3980.0,3965.0,3975.0,21800,0.0,0.0
2024-10-11 11:00:00+09:00,3980.0,3980.0,3960.0,3965.0,0,0.0,0.0
2024-10-11 12:00:00+09:00,3950.0,3960.0,3950.0,3960.0,79200,0.0,0.0
2024-10-11 13:00:00+09:00,3960.0,3975.0,3960.0,3960.0,11200,0.0,0.0
2024-10-11 14:00:00+09:00,3960.0,3985.0,3955.0,3985.0,20200,0.0,0.0
2024-10-15 09:00:00+09:00,4010.0,4025.0,3990.0,4015.0,46600,0.0,0.0
2024-10-15 10:00:00+09:00,4010.0,4030.0,4010.0,4020.0,12400,0.0,0.0
2024-10-15 11:00:00+09:00,4020.0,4025.0,4020.0,4025.0,0,0.0,0.0
2024-10-15 12:00:00+09:00,4025.0,4030.0,4020.0,4020.0,72700,0.0,0.0
2024-10-15 13:00:00+09:00,4025.0,4035.0,4015.0,4020.0,29100,0.0,0.0
2024-10-15 14:00:00+09:00,4020.0,4030.0,4020.0,4020.0,26400,0.0,0.0
2024-10-16 09:00:00+09:00,4010.0,4045.0,3985.0,4030.0,25800,0.0,0.0
2024-10-16 10:00:00+09:00,4030.0,4040.0,4010.0,4010.0,14200,0.0,0.0
2024-10-16 11:00:00+09:00,4010.0,4010.0,4000.0,4005.0,0,0.0,0.0
2024-10-16 12:00:00+09:00,4015.0,4015.0,3980.0,3985.0,58500,0.0,0.0
2024-10-16 13:00:00+09:00,3985.0,3990.0,3975.0,3975.0,11400,0.0,0.0
2024-10-16 14:00:00+09:00,3975.0,3985.0,3965.0,3970.0,19900,0.0,0.0
2024-10-17 09:00:00+09:00,3970.0,3985.0,3950.0,3950.0,21600,0.0,0.0
2024-10-17 10:00:00+09:00,3950.0,3955.0,3935.0,3940.0,10600,0.0,0.0
2024-10-17 11:00:00+09:00,3935.0,3940.0,3930.0,3930.0,0,0.0,0.0
2024-10-17 12:00:00+09:00,3925.0,3935.0,3925.0,3925.0,46200,0.0,0.0
2024-10-17 13:00:00+09:00,3925.0,3940.0,3925.0,3935.0,11800,0.0,0.0
2024-10-17 14:00:00+09:00,3935.0,3945.0,3935.0,3940.0,21200,0.0,0.0
2024-10-18 09:00:00+09:00,3955.0,3980.0,3955.0,3960.0,17700,0.0,0.0
2024-10-18 10:00:00+09:00,3955.0,3955.0,3945.0,3945.0,5300,0.0,0.0
2024-10-18 11:00:00+09:00,3945.0,3960.0,3945.0,3960.0,0,0.0,0.0
2024-10-18 12:00:00+09:00,3960.0,3960.0,3950.0,3950.0,30600,0.0,0.0
2024-10-18 13:00:00+09:00,3955.0,3955.0,3945.0,3945.0,7200,0.0,0.0
2024-10-18 14:00:00+09:00,3945.0,3950.0,3940.0,3945.0,15000,0.0,0.0
