Datetime,Open,High,Low,Close,Volume,Dividends,Stock Splits
2022-09-01 09:00:00+09:00,2597.0,2597.0,2558.0,2560.0,1200,0.0,0.0
2022-09-01 10:00:00+09:00,2570.0,2570.0,2561.0,2561.0,800,0.0,0.0
2022-09-01 11:00:00+09:00,2561.0,2561.0,2561.0,2561.0,0,0.0,0.0
2022-09-01 12:00:00+09:00,2565.0,2565.0,2565.0,2565.0,2100,0.0,0.0
2022-09-01 13:00:00+09:00,2565.0,2565.0,2562.0,2562.0,500,0.0,0.0
2022-09-02 09:00:00+09:00,2573.0,2589.0,2542.0,2542.0,1600,0.0,0.0
2022-09-02 10:00:00+09:00,2541.0,2541.0,2510.0,2511.0,1000,0.0,0.0
2022-09-02 11:00:00+09:00,2520.0,2520.0,2520.0,2520.0,0,0.0,0.0
2022-09-02 12:00:00+09:00,2549.0,2549.0,2512.0,2512.0,3100,0.0,0.0
2022-09-02 13:00:00+09:00,2512.0,2536.0,2512.0,2536.0,200,0.0,0.0
2022-09-02 14:00:00+09:00,2516.0,2516.0,2516.0,2516.0,400,0.0,0.0
2022-09-05 09:00:00+09:00,2519.0,2519.0,2487.0,2487.0,3200,0.0,0.0
2022-09-05 10:00:00+09:00,2498.0,2503.0,2498.0,2503.0,300,0.0,0.0
2022-09-05 11:00:00+09:00,2523.0,2523.0,2523.0,2523.0,0,0.0,0.0
2022-09-05 12:00:00+09:00,2523.0,2523.0,2487.0,2487.0,4500,0.0,0.0
2022-09-05 13:00:00+09:00,2523.0,2524.0,2520.0,2520.0,600,0.0,0.0
2022-09-05 14:00:00+09:00,2527.0,2527.0,2515.0,2515.0,200,0.0,0.0
2022-09-06 09:00:00+09:00,2510.0,2524.0,2510.0,2516.0,300,0.0,0.0
2022-09-06 10:00:00+09:00,2506.0,2506.0,2500.0,2500.0,400,0.0,0.0
2022-09-06 11:00:00+09:00,2500.0,2500.0,2500.0,2500.0,0,0.0,0.0
2022-09-06 13:00:00+09:00,2520.0,2520.0,2500.0,2500.0,1200,0.0,0.0
2022-09-07 09:00:00+09:00,2500.0,2500.0,2460.0,2460.0,2400,0.0,0.0
2022-09-07 10:00:00+09:00,2460.0,2460.0,2460.0,2460.0,100,0.0,0.0
2022-09-07 11:00:00+09:00,2456.0,2460.0,2456.0,2460.0,0,0.0,0.0
2022-09-07 12:00:00+09:00,2451.0,2461.0,2450.0,2461.0,4000,0.0,0.0
2022-09-07 13:00:00+09:00,2463.0,2463.0,2463.0,2463.0,100,0.0,0.0
2022-09-07 14:00:00+09:00,2463.0,2463.0,2454.0,2455.0,300,0.0,0.0
2022-09-08 09:00:00+09:00,2455.0,2456.0,2455.0,2455.0,700,0.0,0.0
2022-09-08 10:00:00+09:00,2505.0,2549.0,2496.0,2496.0,1100,0.0,0.0
2022-09-08 11:00:00+09:00,2484.0,2484.0,2484.0,2484.0,0,0.0,0.0
2022-09-08 12:00:00+09:00,2507.0,2507.0,2490.0,2490.0,2300,0.0,0.0
2022-09-08 13:00:00+09:00,2483.0,2485.0,2483.0,2485.0,0,0.0,0.0
2022-09-08 14:00:00+09:00,2495.0,2495.0,2481.0,2481.0,3100,0.0,0.0
2022-09-09 09:00:00+09:00,2481.0,2481.0,2481.0,2481.0,300,0.0,0.0
2022-09-09 11:00:00+09:00,2480.0,2480.0,2480.0,2480.0,0,0.0,0.0
2022-09-09 13:00:00+09:00,2482.0,2482.0,2482.0,2482.0,800,0.0,0.0
2022-09-09 14:00:00+09:00,2486.0,2491.0,2479.0,2490.0,900,0.0,0.0
2022-09-12 09:00:00+09:00,2490.0,2490.0,2490.0,2490.0,800,0.0,0.0
2022-09-12 10:00:00+09:00,2499.0,2499.0,2491.0,2493.0,300,0.0,0.0
2022-09-12 11:00:00+09:00,2498.0,2498.0,2498.0,2498.0,0,0.0,0.0
2022-09-12 12:00:00+09:00,2509.0,2509.0,2502.0,2502.0,1700,0.0,0.0
2022-09-12 13:00:00+09:00,2507.0,2507.0,2502.0,2502.0,200,0.0,0.0
2022-09-12 14:00:00+09:00,2500.0,2500.0,2495.0,2495.0,300,0.0,0.0
2022-09-13 09:00:00+09:00,2510.0,2510.0,2470.0,2500.0,1900,0.0,0.0
2022-09-13 10:00:00+09:00,2500.0,2500.0,2500.0,2500.0,0,0.0,0.0
2022-09-13 11:00:00+09:00,2503.0,2503.0,2503.0,2503.0,0,0.0,0.0
2022-09-13 12:00:00+09:00,2503.0,2503.0,2500.0,2500.0,2900,0.0,0.0
2022-09-13 13:00:00+09:00,2499.0,2500.0,2499.0,2500.0,200,0.0,0.0
2022-09-14 09:00:00+09:00,2483.0,2483.0,2472.0,2472.0,700,0.0,0.0
2022-09-14 11:00:00+09:00,2497.0,2497.0,2497.0,2497.0,0,0.0,0.0
2022-09-14 12:00:00+09:00,2500.0,2500.0,2490.0,2500.0,1100,0.0,0.0
2022-09-14 13:00:00+09:00,2492.0,2492.0,2492.0,2492.0,100,0.0,0.0
2022-09-14 14:00:00+09:00,2492.0,2492.0,2489.0,2489.0,200,0.0,0.0
2022-09-15 09:00:00+09:00,2507.0,2507.0,2507.0,2507.0,300,0.0,0.0
2022-09-15 10:00:00+09:00,2504.0,2504.0,2503.0,2503.0,300,0.0,0.0
2022-09-15 11:00:00+09:00,2503.0,2503.0,2503.0,2503.0,0,0.0,0.0
2022-09-15 14:00:00+09:00,2504.0,2504.0,2504.0,2504.0,700,0.0,0.0
2022-09-16 09:00:00+09:00,2500.0,2500.0,2495.0,2495.0,0,0.0,0.0
2022-09-16 10:00:00+09:00,2495.0,2500.0,2491.0,2491.0,2600,0.0,0.0
2022-09-16 11:00:00+09:00,2491.0,2491.0,2491.0,2491.0,0,0.0,0.0
2022-09-16 12:00:00+09:00,2491.0,2491.0,2491.0,2491.0,3100,0.0,0.0
2022-09-16 13:00:00+09:00,2495.0,2495.0,2495.0,2495.0,100,0.0,0.0
2022-09-16 14:00:00+09:00,2495.0,2495.0,2495.0,2495.0,100,0.0,0.0
2022-09-20 09:00:00+09:00,2520.0,2520.0,2500.0,2500.0,3100,0.0,0.0
2022-09-20 10:00:00+09:00,2497.0,2497.0,2492.0,2493.0,300,0.0,0.0
2022-09-20 11:00:00+09:00,2492.0,2492.0,2490.0,2490.0,0,0.0,0.0
2022-09-20 12:00:00+09:00,2490.0,2505.0,2483.0,2483.0,4200,0.0,0.0
2022-09-20 13:00:00+09:00,2483.0,2486.0,2483.0,2486.0,300,0.0,0.0
2022-09-20 14:00:00+09:00,2500.0,2500.0,2500.0,2500.0,300,0.0,0.0
2022-09-21 09:00:00+09:00,2485.0,2505.0,2485.0,2505.0,1900,0.0,0.0
2022-09-21 10:00:00+09:00,2490.0,2490.0,2476.0,2479.0,1100,0.0,0.0
2022-09-21 11:00:00+09:00,2478.0,2478.0,2469.0,2471.0,0,0.0,0.0
2022-09-21 12:00:00+09:00,2468.0,2468.0,2467.0,2467.0,4000,0.0,0.0
2022-09-21 13:00:00+09:00,2468.0,2468.0,2468.0,2468.0,100,0.0,0.0
2022-09-21 14:00:00+09:00,2469.0,2477.0,2469.0,2473.0,500,0.0,0.0
2022-09-22 09:00:00+09:00,2470.0,2470.0,2465.0,2465.0,1500,0.0,0.0
2022-09-22 10:00:00+09:00,2480.0,2480.0,2480.0,2480.0,100,0.0,0.0
2022-09-22 11:00:00+09:00,2479.0,2479.0,2455.0,2457.0,0,0.0,0.0
2022-09-22 12:00:00+09:00,2452.0,2463.0,2450.0,2463.0,5100,0.0,0.0
2022-09-22 13:00:00+09:00,2461.0,2464.0,2461.0,2464.0,400,0.0,0.0
2022-09-22 14:00:00+09:00,2480.0,2487.0,2468.0,2487.0,900,0.0,0.0
2022-09-26 09:00:00+09:00,2487.0,2487.0,2451.0,2451.0,5500,0.0,0.0
2022-09-26 10:00:00+09:00,2452.0,2452.0,2450.0,2450.0,700,0.0,0.0
2022-09-26 11:00:00+09:00,2450.0,2450.0,2450.0,2450.0,0,0.0,0.0
2022-09-26 12:00:00+09:00,2451.0,2451.0,2451.0,2451.0,8100,0.0,0.0
2022-09-26 13:00:00+09:00,2451.0,2451.0,2448.0,2448.0,2300,0.0,0.0
2022-09-26 14:00:00+09:00,2445.0,2445.0,2431.0,2432.0,1400,0.0,0.0
2022-09-27 09:00:00+09:00,2423.0,2473.0,2423.0,2469.0,6300,0.0,0.0
2022-09-27 10:00:00+09:00,2432.0,2432.0,2432.0,2432.0,300,0.0,0.0
2022-09-27 11:00:00+09:00,2431.0,2432.0,2431.0,2432.0,0,0.0,0.0
2022-09-27 12:00:00+09:00,2431.0,2431.0,2431.0,2431.0,8500,0.0,0.0
2022-09-27 13:00:00+09:00,2431.0,2431.0,2412.0,2412.0,1500,0.0,0.0
2022-09-27 14:00:00+09:00,2416.0,2436.0,2413.0,2413.0,1500,0.0,0.0
2022-09-28 09:00:00+09:00,2413.0,2422.0,2405.0,2422.0,2600,0.0,0.0
2022-09-28 10:00:00+09:00,2422.0,2422.0,2411.0,2411.0,200,0.0,0.0
2022-09-28 11:00:00+09:00,2422.0,2422.0,2411.0,2411.0,0,0.0,0.0
2022-09-28 12:00:00+09:00,2411.0,2411.0,2402.0,2402.0,5000,0.0,0.0
2022-09-28 13:00:00+09:00,2415.0,2415.0,2405.0,2405.0,200,0.0,0.0
2022-09-28 14:00:00+09:00,2414.0,2439.0,2414.0,2416.0,1500,0.0,0.0
2022-09-29 09:00:00+09:00,2415.0,2415.0,2384.0,2384.0,4000,0.0,0.0
2022-09-29 10:00:00+09:00,2390.0,2390.0,2390.0,2390.0,300,0.0,0.0
2022-09-29 11:00:00+09:00,2383.0,2383.0,2383.0,2383.0,0,0.0,0.0
2022-09-29 12:00:00+09:00,2383.0,2385.0,2383.0,2385.0,5700,0.0,0.0
2022-09-29 13:00:00+09:00,2390.0,2390.0,2390.0,2390.0,100,0.0,0.0
2022-09-29 14:00:00+09:00,2386.0,2386.0,2383.0,2383.0,400,0.0,0.0
2022-09-30 09:00:00+09:00,2414.0,2414.0,2384.0,2400.0,1300,0.0,0.0
2022-09-30 11:00:00+09:00,2381.0,2381.0,2381.0,2381.0,0,0.0,0.0
2022-09-30 12:00:00+09:00,2380.0,2398.0,2378.0,2398.0,2500,0.0,0.0
2022-09-30 13:00:00+09:00,2381.0,2390.0,2378.0,2379.0,500,0.0,0.0
2022-10-03 09:00:00+09:00,2407.0,2407.0,2379.0,2379.0,900,0.0,0.0
2022-10-03 10:00:00+09:00,2379.0,2379.0,2379.0,2379.0,300,0.0,0.0
2022-10-03 11:00:00+09:00,2379.0,2379.0,2379.0,2379.0,0,0.0,0.0
2022-10-03 12:00:00+09:00,2379.0,2383.0,2379.0,2383.0,1500,0.0,0.0
2022-10-03 14:00:00+09:00,2380.0,2383.0,2380.0,2383.0,400,0.0,0.0
2022-10-04 09:00:00+09:00,2384.0,2396.0,2384.0,2396.0,200,0.0,0.0
2022-10-04 10:00:00+09:00,2393.0,2394.0,2382.0,2392.0,400,0.0,0.0
2022-10-04 11:00:00+09:00,2382.0,2382.0,2374.0,2374.0,0,0.0,0.0
2022-10-04 12:00:00+09:00,2393.0,2393.0,2393.0,2393.0,1400,0.0,0.0
2022-10-04 13:00:00+09:00,2384.0,2395.0,2372.0,2373.0,700,0.0,0.0
2022-10-04 14:00:00+09:00,2375.0,2375.0,2375.0,2375.0,100,0.0,0.0
2022-10-05 09:00:00+09:00,2375.0,2381.0,2375.0,2381.0,200,0.0,0.0
2022-10-05 10:00:00+09:00,2381.0,2381.0,2381.0,2381.0,100,0.0,0.0
2022-10-05 11:00:00+09:00,2379.0,2382.0,2377.0,2382.0,0,0.0,0.0
2022-10-05 12:00:00+09:00,2375.0,2375.0,2375.0,2375.0,900,0.0,0.0
2022-10-05 14:00:00+09:00,2380.0,2380.0,2378.0,2378.0,300,0.0,0.0
2022-10-06 09:00:00+09:00,2376.0,2376.0,2376.0,2376.0,100,0.0,0.0
2022-10-06 11:00:00+09:00,2376.0,2376.0,2376.0,2376.0,0,0.0,0.0
2022-10-06 12:00:00+09:00,2380.0,2399.0,2380.0,2399.0,300,0.0,0.0
2022-10-06 14:00:00+09:00,2382.0,2382.0,2380.0,2380.0,400,0.0,0.0
2022-10-07 13:00:00+09:00,2380.0,2380.0,2380.0,2380.0,100,0.0,0.0
2022-10-11 09:00:00+09:00,2391.0,2391.0,2376.0,2379.0,600,0.0,0.0
2022-10-11 10:00:00+09:00,2379.0,2379.0,2377.0,2377.0,200,0.0,0.0
2022-10-11 11:00:00+09:00,2376.0,2376.0,2376.0,2376.0,0,0.0,0.0
2022-10-11 13:00:00+09:00,2376.0,2388.0,2376.0,2388.0,1300,0.0,0.0
2022-10-11 14:00:00+09:00,2376.0,2376.0,2376.0,2376.0,200,0.0,0.0
2022-10-12 09:00:00+09:00,2376.0,2376.0,2331.0,2331.0,0,0.0,0.0
2022-10-12 10:00:00+09:00,2335.0,2335.0,2335.0,2335.0,3100,0.0,0.0
2022-10-12 11:00:00+09:00,2359.0,2359.0,2359.0,2359.0,0,0.0,0.0
2022-10-12 13:00:00+09:00,2341.0,2341.0,2340.0,2340.0,3400,0.0,0.0
2022-10-12 14:00:00+09:00,2358.0,2358.0,2345.0,2345.0,300,0.0,0.0
2022-10-13 09:00:00+09:00,2350.0,2350.0,2350.0,2350.0,100,0.0,0.0
2022-10-13 10:00:00+09:00,2353.0,2353.0,2353.0,2353.0,100,0.0,0.0
2022-10-13 11:00:00+09:00,2353.0,2353.0,2353.0,2353.0,0,0.0,0.0
2022-10-13 13:00:00+09:00,2362.0,2362.0,2362.0,2362.0,300,0.0,0.0
2022-10-14 09:00:00+09:00,2387.0,2387.0,2368.0,2368.0,900,0.0,0.0
2022-10-14 11:00:00+09:00,2355.0,2355.0,2355.0,2355.0,0,0.0,0.0
2022-10-14 12:00:00+09:00,2387.0,2387.0,2387.0,2387.0,1400,0.0,0.0
2022-10-14 13:00:00+09:00,2364.0,2374.0,2364.0,2374.0,400,0.0,0.0
2022-10-14 14:00:00+09:00,2375.0,2375.0,2375.0,2375.0,100,0.0,0.0
2022-10-17 09:00:00+09:00,2399.0,2399.0,2387.0,2397.0,1000,0.0,0.0
2022-10-17 11:00:00+09:00,2390.0,2390.0,2386.0,2386.0,0,0.0,0.0
2022-10-17 12:00:00+09:00,2386.0,2386.0,2380.0,2380.0,1600,0.0,0.0
2022-10-17 14:00:00+09:00,2385.0,2405.0,2379.0,2386.0,1000,0.0,0.0
2022-10-18 09:00:00+09:00,2387.0,2400.0,2387.0,2395.0,1000,0.0,0.0
2022-10-18 11:00:00+09:00,2395.0,2395.0,2395.0,2395.0,0,0.0,0.0
2022-10-18 13:00:00+09:00,2400.0,2400.0,2400.0,2400.0,1100,0.0,0.0
2022-10-18 14:00:00+09:00,2401.0,2405.0,2401.0,2405.0,200,0.0,0.0
2022-10-19 09:00:00+09:00,2406.0,2407.0,2406.0,2407.0,200,0.0,0.0
2022-10-19 10:00:00+09:00,2407.0,2412.0,2407.0,2412.0,600,0.0,0.0
2022-10-19 11:00:00+09:00,2412.0,2412.0,2412.0,2412.0,0,0.0,0.0
2022-10-19 12:00:00+09:00,2412.0,2414.0,2412.0,2413.0,1100,0.0,0.0
2022-10-19 13:00:00+09:00,2411.0,2411.0,2411.0,2411.0,100,0.0,0.0
2022-10-19 14:00:00+09:00,2410.0,2428.0,2410.0,2428.0,1500,0.0,0.0
2022-10-20 09:00:00+09:00,2437.0,2445.0,2437.0,2438.0,1100,0.0,0.0
2022-10-20 11:00:00+09:00,2438.0,2438.0,2438.0,2438.0,0,0.0,0.0
2022-10-20 12:00:00+09:00,2440.0,2440.0,2440.0,2440.0,1200,0.0,0.0
2022-10-20 13:00:00+09:00,2443.0,2452.0,2441.0,2441.0,400,0.0,0.0
2022-10-20 14:00:00+09:00,2440.0,2441.0,2440.0,2441.0,200,0.0,0.0
2022-10-21 09:00:00+09:00,2446.0,2446.0,2440.0,2440.0,1100,0.0,0.0
2022-10-21 10:00:00+09:00,2430.0,2433.0,2430.0,2433.0,200,0.0,0.0
2022-10-21 11:00:00+09:00,2433.0,2433.0,2433.0,2433.0,0,0.0,0.0
2022-10-24 09:00:00+09:00,2436.0,2436.0,2436.0,2436.0,100,0.0,0.0
2022-10-24 10:00:00+09:00,2436.0,2436.0,2436.0,2436.0,100,0.0,0.0
2022-10-24 11:00:00+09:00,2436.0,2436.0,2436.0,2436.0,0,0.0,0.0
2022-10-24 12:00:00+09:00,2436.0,2436.0,2431.0,2431.0,400,0.0,0.0
2022-10-24 14:00:00+09:00,2443.0,2443.0,2443.0,2443.0,100,0.0,0.0
2022-10-25 09:00:00+09:00,2443.0,2443.0,2441.0,2441.0,600,0.0,0.0
2022-10-25 11:00:00+09:00,2431.0,2431.0,2431.0,2431.0,0,0.0,0.0
2022-10-25 13:00:00+09:00,2430.0,2430.0,2430.0,2430.0,800,0.0,0.0
2022-10-25 14:00:00+09:00,2428.0,2428.0,2418.0,2418.0,400,0.0,0.0
2022-10-26 09:00:00+09:00,2420.0,2443.0,2420.0,2441.0,1900,0.0,0.0
2022-10-26 10:00:00+09:00,2443.0,2443.0,2421.0,2421.0,400,0.0,0.0
2022-10-26 11:00:00+09:00,2421.0,2424.0,2417.0,2422.0,0,0.0,0.0
2022-10-26 13:00:00+09:00,2422.0,2443.0,2422.0,2443.0,3200,0.0,0.0
2022-10-27 09:00:00+09:00,2425.0,2443.0,2425.0,2443.0,1400,0.0,0.0
2022-10-27 10:00:00+09:00,2440.0,2440.0,2440.0,2440.0,100,0.0,0.0
2022-10-27 11:00:00+09:00,2440.0,2440.0,2440.0,2440.0,0,0.0,0.0
2022-10-27 12:00:00+09:00,2416.0,2416.0,2416.0,2416.0,1700,0.0,0.0
2022-10-28 09:00:00+09:00,2443.0,2443.0,2424.0,2424.0,600,0.0,0.0
2022-10-28 11:00:00+09:00,2424.0,2424.0,2424.0,2424.0,0,0.0,0.0
2022-10-28 12:00:00+09:00,2444.0,2444.0,2444.0,2444.0,900,0.0,0.0
2022-10-28 14:00:00+09:00,2443.0,2445.0,2429.0,2429.0,1000,0.0,0.0
2022-10-31 09:00:00+09:00,2442.0,2465.0,2442.0,2465.0,1700,0.0,0.0
2022-10-31 11:00:00+09:00,2465.0,2465.0,2465.0,2465.0,0,0.0,0.0
2022-10-31 12:00:00+09:00,2442.0,2442.0,2442.0,2442.0,1800,0.0,0.0
2022-10-31 13:00:00+09:00,2463.0,2463.0,2463.0,2463.0,100,0.0,0.0
2022-10-31 14:00:00+09:00,2463.0,2465.0,2463.0,2465.0,600,0.0,0.0
2022-11-01 09:00:00+09:00,2449.0,2449.0,2449.0,2449.0,200,0.0,0.0
2022-11-01 10:00:00+09:00,2445.0,2445.0,2445.0,2445.0,100,0.0,0.0
2022-11-01 11:00:00+09:00,2445.0,2445.0,2445.0,2445.0,0,0.0,0.0
2022-11-01 12:00:00+09:00,2445.0,2466.0,2445.0,2466.0,3100,0.0,0.0
2022-11-01 13:00:00+09:00,2467.0,2480.0,2467.0,2480.0,900,0.0,0.0
2022-11-01 14:00:00+09:00,2467.0,2468.0,2467.0,2468.0,200,0.0,0.0
2022-11-02 10:00:00+09:00,2480.0,2528.0,2480.0,2528.0,1800,0.0,0.0
2022-11-02 11:00:00+09:00,2500.0,2500.0,2500.0,2500.0,0,0.0,0.0
2022-11-02 12:00:00+09:00,2500.0,2500.0,2481.0,2481.0,2400,0.0,0.0
2022-11-02 13:00:00+09:00,2481.0,2481.0,2481.0,2481.0,200,0.0,0.0
2022-11-04 09:00:00+09:00,2500.0,2500.0,2500.0,2500.0,200,0.0,0.0
2022-11-04 11:00:00+09:00,2499.0,2512.0,2499.0,2500.0,0,0.0,0.0
2022-11-04 12:00:00+09:00,2507.0,2507.0,2500.0,2500.0,1500,0.0,0.0
2022-11-04 14:00:00+09:00,2486.0,2486.0,2486.0,2486.0,100,0.0,0.0
2022-11-07 09:00:00+09:00,2500.0,2500.0,2488.0,2488.0,600,0.0,0.0
2022-11-07 10:00:00+09:00,2497.0,2498.0,2488.0,2488.0,700,0.0,0.0
2022-11-07 11:00:00+09:00,2488.0,2488.0,2488.0,2488.0,0,0.0,0.0
2022-11-07 12:00:00+09:00,2488.0,2488.0,2486.0,2486.0,1900,0.0,0.0
2022-11-07 13:00:00+09:00,2485.0,2485.0,2485.0,2485.0,100,0.0,0.0
2022-11-07 14:00:00+09:00,2485.0,2485.0,2485.0,2485.0,100,0.0,0.0
2022-11-08 11:00:00+09:00,2494.0,2494.0,2494.0,2494.0,100,0.0,0.0
2022-11-08 13:00:00+09:00,2494.0,2494.0,2450.0,2450.0,1500,0.0,0.0
2022-11-08 14:00:00+09:00,2489.0,2500.0,2456.0,2489.0,2100,0.0,0.0
2022-11-09 10:00:00+09:00,2455.0,2499.0,2455.0,2499.0,200,0.0,0.0
2022-11-09 11:00:00+09:00,2499.0,2499.0,2499.0,2499.0,0,0.0,0.0
2022-11-09 14:00:00+09:00,2457.0,2457.0,2455.0,2455.0,500,0.0,0.0
2022-11-10 09:00:00+09:00,2491.0,2504.0,2465.0,2465.0,3600,0.0,0.0
2022-11-10 10:00:00+09:00,2472.0,2472.0,2472.0,2472.0,0,0.0,0.0
2022-11-10 11:00:00+09:00,2480.0,2498.0,2477.0,2498.0,0,0.0,0.0
2022-11-10 12:00:00+09:00,2467.0,2467.0,2467.0,2467.0,4300,0.0,0.0
2022-11-10 13:00:00+09:00,2487.0,2500.0,2487.0,2500.0,700,0.0,0.0
2022-11-10 14:00:00+09:00,2492.0,2502.0,2466.0,2466.0,800,0.0,0.0
2022-11-11 09:00:00+09:00,2499.0,2499.0,2499.0,2499.0,100,0.0,0.0
2022-11-11 10:00:00+09:00,2495.0,2503.0,2466.0,2500.0,2200,0.0,0.0
2022-11-11 11:00:00+09:00,2502.0,2502.0,2502.0,2502.0,0,0.0,0.0
2022-11-11 12:00:00+09:00,2502.0,2510.0,2501.0,2510.0,2900,0.0,0.0
2022-11-11 13:00:00+09:00,2507.0,2512.0,2500.0,2512.0,800,0.0,0.0
2022-11-11 14:00:00+09:00,2510.0,2510.0,2500.0,2500.0,400,0.0,0.0
2022-11-14 09:00:00+09:00,2495.0,2495.0,2495.0,2495.0,2800,0.0,0.0
2022-11-14 10:00:00+09:00,2478.0,2478.0,2478.0,2478.0,100,0.0,0.0
2022-11-14 11:00:00+09:00,2471.0,2471.0,2471.0,2471.0,0,0.0,0.0
2022-11-14 12:00:00+09:00,2467.0,2473.0,2467.0,2473.0,3700,0.0,0.0
2022-11-14 13:00:00+09:00,2482.0,2482.0,2482.0,2482.0,100,0.0,0.0
2022-11-14 14:00:00+09:00,2466.0,2466.0,2466.0,2466.0,100,0.0,0.0
2022-11-15 09:00:00+09:00,2483.0,2483.0,2468.0,2470.0,300,0.0,0.0
2022-11-15 11:00:00+09:00,2470.0,2470.0,2470.0,2470.0,0,0.0,0.0
2022-11-15 12:00:00+09:00,2475.0,2475.0,2475.0,2475.0,500,0.0,0.0
2022-11-15 14:00:00+09:00,2470.0,2470.0,2465.0,2465.0,400,0.0,0.0
2022-11-16 09:00:00+09:00,2470.0,2470.0,2468.0,2468.0,300,0.0,0.0
2022-11-16 10:00:00+09:00,2464.0,2464.0,2463.0,2463.0,200,0.0,0.0
2022-11-16 11:00:00+09:00,2463.0,2463.0,2463.0,2463.0,0,0.0,0.0
2022-11-16 12:00:00+09:00,2461.0,2461.0,2460.0,2460.0,800,0.0,0.0
2022-11-16 13:00:00+09:00,2461.0,2461.0,2454.0,2454.0,300,0.0,0.0
2022-11-16 14:00:00+09:00,2454.0,2460.0,2452.0,2452.0,400,0.0,0.0
2022-11-17 09:00:00+09:00,2451.0,2451.0,2445.0,2450.0,1100,0.0,0.0
2022-11-17 10:00:00+09:00,2442.0,2442.0,2430.0,2430.0,900,0.0,0.0
2022-11-17 11:00:00+09:00,2419.0,2419.0,2417.0,2417.0,0,0.0,0.0
2022-11-17 12:00:00+09:00,2416.0,2416.0,2381.0,2395.0,4700,0.0,0.0
2022-11-17 13:00:00+09:00,2399.0,2400.0,2399.0,2400.0,1100,0.0,0.0
2022-11-17 14:00:00+09:00,2398.0,2400.0,2398.0,2400.0,400,0.0,0.0
2022-11-18 09:00:00+09:00,2399.0,2411.0,2399.0,2407.0,900,0.0,0.0
2022-11-18 10:00:00+09:00,2404.0,2420.0,2403.0,2420.0,600,0.0,0.0
2022-11-18 11:00:00+09:00,2420.0,2420.0,2420.0,2420.0,0,0.0,0.0
2022-11-18 12:00:00+09:00,2405.0,2415.0,2405.0,2405.0,1900,0.0,0.0
2022-11-18 13:00:00+09:00,2404.0,2404.0,2403.0,2403.0,200,0.0,0.0
2022-11-21 09:00:00+09:00,2425.0,2425.0,2425.0,2425.0,300,0.0,0.0
2022-11-21 11:00:00+09:00,2425.0,2425.0,2425.0,2425.0,0,0.0,0.0
2022-11-21 12:00:00+09:00,2410.0,2410.0,2410.0,2410.0,400,0.0,0.0
2022-11-21 13:00:00+09:00,2409.0,2409.0,2409.0,2409.0,100,0.0,0.0
2022-11-21 14:00:00+09:00,2409.0,2409.0,2404.0,2404.0,600,0.0,0.0
2022-11-22 09:00:00+09:00,2430.0,2430.0,2425.0,2425.0,200,0.0,0.0
2022-11-22 10:00:00+09:00,2425.0,2425.0,2425.0,2425.0,0,0.0,0.0
2022-11-22 11:00:00+09:00,2425.0,2425.0,2425.0,2425.0,0,0.0,0.0
2022-11-22 12:00:00+09:00,2420.0,2420.0,2420.0,2420.0,600,0.0,0.0
2022-11-22 13:00:00+09:00,2420.0,2420.0,2415.0,2415.0,200,0.0,0.0
2022-11-24 09:00:00+09:00,2411.0,2421.0,2411.0,2411.0,1000,0.0,0.0
2022-11-24 10:00:00+09:00,2411.0,2411.0,2410.0,2410.0,200,0.0,0.0
2022-11-24 11:00:00+09:00,2410.0,2410.0,2410.0,2410.0,0,0.0,0.0
2022-11-24 12:00:00+09:00,2410.0,2413.0,2410.0,2410.0,1600,0.0,0.0
2022-11-24 14:00:00+09:00,2413.0,2413.0,2408.0,2410.0,500,0.0,0.0
2022-11-25 09:00:00+09:00,2428.0,2428.0,2417.0,2417.0,500,0.0,0.0
2022-11-25 10:00:00+09:00,2409.0,2409.0,2409.0,2409.0,100,0.0,0.0
2022-11-25 11:00:00+09:00,2407.0,2407.0,2407.0,2407.0,0,0.0,0.0
2022-11-25 14:00:00+09:00,2407.0,2407.0,2406.0,2406.0,900,0.0,0.0
2022-11-28 09:00:00+09:00,2410.0,2410.0,2404.0,2404.0,800,0.0,0.0
2022-11-28 11:00:00+09:00,2404.0,2404.0,2403.0,2403.0,0,0.0,0.0
2022-11-28 12:00:00+09:00,2403.0,2403.0,2403.0,2403.0,1100,0.0,0.0
2022-11-28 13:00:00+09:00,2403.0,2403.0,2403.0,2403.0,200,0.0,0.0
2022-11-28 14:00:00+09:00,2405.0,2417.0,2405.0,2417.0,800,0.0,0.0
2022-11-29 09:00:00+09:00,2404.0,2404.0,2404.0,2404.0,300,0.0,0.0
2022-11-29 10:00:00+09:00,2407.0,2407.0,2407.0,2407.0,100,0.0,0.0
2022-11-29 11:00:00+09:00,2413.0,2413.0,2406.0,2406.0,0,0.0,0.0
2022-11-29 12:00:00+09:00,2407.0,2407.0,2407.0,2407.0,700,0.0,0.0
2022-11-29 13:00:00+09:00,2410.0,2410.0,2410.0,2410.0,100,0.0,0.0
2022-11-29 14:00:00+09:00,2415.0,2419.0,2406.0,2419.0,800,0.0,0.0
2022-11-30 09:00:00+09:00,2415.0,2415.0,2415.0,2415.0,200,0.0,0.0
2022-11-30 10:00:00+09:00,2414.0,2414.0,2414.0,2414.0,100,0.0,0.0
2022-11-30 11:00:00+09:00,2419.0,2419.0,2419.0,2419.0,0,0.0,0.0
2022-11-30 13:00:00+09:00,2419.0,2419.0,2419.0,2419.0,600,0.0,0.0
2022-12-01 09:00:00+09:00,2419.0,2419.0,2413.0,2413.0,400,0.0,0.0
2022-12-01 10:00:00+09:00,2410.0,2410.0,2410.0,2410.0,200,0.0,0.0
2022-12-01 11:00:00+09:00,2410.0,2410.0,2410.0,2410.0,0,0.0,0.0
2022-12-01 12:00:00+09:00,2410.0,2410.0,2410.0,2410.0,700,0.0,0.0
2022-12-01 13:00:00+09:00,2410.0,2410.0,2410.0,2410.0,100,0.0,0.0
2022-12-01 14:00:00+09:00,2407.0,2407.0,2404.0,2404.0,400,0.0,0.0
2022-12-02 09:00:00+09:00,2413.0,2413.0,2406.0,2407.0,300,0.0,0.0
2022-12-02 10:00:00+09:00,2414.0,2414.0,2407.0,2407.0,300,0.0,0.0
2022-12-02 11:00:00+09:00,2406.0,2406.0,2406.0,2406.0,0,0.0,0.0
2022-12-02 13:00:00+09:00,2406.0,2406.0,2406.0,2406.0,1000,0.0,0.0
2022-12-05 09:00:00+09:00,2410.0,2410.0,2405.0,2405.0,0,0.0,0.0
2022-12-05 10:00:00+09:00,2405.0,2405.0,2403.0,2403.0,2600,0.0,0.0
2022-12-05 11:00:00+09:00,2402.0,2402.0,2401.0,2401.0,0,0.0,0.0
2022-12-05 12:00:00+09:00,2400.0,2402.0,2400.0,2402.0,3000,0.0,0.0
2022-12-05 13:00:00+09:00,2412.0,2415.0,2410.0,2410.0,400,0.0,0.0
2022-12-06 09:00:00+09:00,2403.0,2403.0,2403.0,2403.0,200,0.0,0.0
2022-12-06 10:00:00+09:00,2402.0,2403.0,2402.0,2403.0,0,0.0,0.0
2022-12-06 11:00:00+09:00,2403.0,2403.0,2403.0,2403.0,0,0.0,0.0
2022-12-06 12:00:00+09:00,2402.0,2402.0,2402.0,2402.0,500,0.0,0.0
2022-12-07 09:00:00+09:00,2405.0,2407.0,2403.0,2407.0,500,0.0,0.0
2022-12-07 10:00:00+09:00,2410.0,2410.0,2410.0,2410.0,0,0.0,0.0
2022-12-07 11:00:00+09:00,2410.0,2410.0,2410.0,2410.0,0,0.0,0.0
2022-12-07 12:00:00+09:00,2410.0,2410.0,2405.0,2405.0,1000,0.0,0.0
2022-12-07 13:00:00+09:00,2407.0,2416.0,2407.0,2416.0,300,0.0,0.0
2022-12-08 09:00:00+09:00,2406.0,2415.0,2406.0,2415.0,300,0.0,0.0
2022-12-08 11:00:00+09:00,2405.0,2405.0,2405.0,2405.0,0,0.0,0.0
2022-12-08 12:00:00+09:00,2404.0,2404.0,2402.0,2402.0,600,0.0,0.0
2022-12-08 13:00:00+09:00,2407.0,2413.0,2403.0,2403.0,600,0.0,0.0
2022-12-08 14:00:00+09:00,2402.0,2402.0,2402.0,2402.0,200,0.0,0.0
2022-12-09 09:00:00+09:00,2400.0,2417.0,2400.0,2413.0,2200,0.0,0.0
2022-12-09 11:00:00+09:00,2413.0,2413.0,2413.0,2413.0,0,0.0,0.0
2022-12-09 12:00:00+09:00,2412.0,2412.0,2412.0,2412.0,2600,0.0,0.0
2022-12-09 14:00:00+09:00,2412.0,2413.0,2412.0,2413.0,300,0.0,0.0
2022-12-12 09:00:00+09:00,2417.0,2417.0,2415.0,2417.0,600,0.0,0.0
2022-12-12 11:00:00+09:00,2410.0,2410.0,2410.0,2410.0,0,0.0,0.0
2022-12-12 13:00:00+09:00,2415.0,2415.0,2415.0,2415.0,900,0.0,0.0
2022-12-12 14:00:00+09:00,2413.0,2413.0,2413.0,2413.0,100,0.0,0.0
2022-12-13 09:00:00+09:00,2406.0,2407.0,2406.0,2407.0,300,0.0,0.0
2022-12-13 10:00:00+09:00,2407.0,2407.0,2406.0,2406.0,400,0.0,0.0
2022-12-13 11:00:00+09:00,2406.0,2406.0,2406.0,2406.0,0,0.0,0.0
2022-12-13 12:00:00+09:00,2412.0,2412.0,2412.0,2412.0,800,0.0,0.0
2022-12-13 14:00:00+09:00,2412.0,2412.0,2412.0,2412.0,300,0.0,0.0
2022-12-14 09:00:00+09:00,2415.0,2415.0,2411.0,2411.0,1300,0.0,0.0
2022-12-14 10:00:00+09:00,2410.0,2410.0,2410.0,2410.0,100,0.0,0.0
2022-12-14 11:00:00+09:00,2405.0,2413.0,2405.0,2413.0,0,0.0,0.0
2022-12-14 12:00:00+09:00,2410.0,2410.0,2410.0,2410.0,2200,0.0,0.0
2022-12-14 13:00:00+09:00,2409.0,2409.0,2401.0,2401.0,200,0.0,0.0
2022-12-14 14:00:00+09:00,2405.0,2408.0,2402.0,2402.0,600,0.0,0.0
2022-12-15 09:00:00+09:00,2402.0,2402.0,2402.0,2402.0,300,0.0,0.0
2022-12-15 10:00:00+09:00,2403.0,2403.0,2403.0,2403.0,200,0.0,0.0
2022-12-15 11:00:00+09:00,2401.0,2408.0,2401.0,2408.0,0,0.0,0.0
2022-12-15 12:00:00+09:00,2407.0,2407.0,2407.0,2407.0,900,0.0,0.0
2022-12-15 14:00:00+09:00,2401.0,2406.0,2401.0,2406.0,300,0.0,0.0
2022-12-16 09:00:00+09:00,2405.0,2405.0,2402.0,2402.0,1000,0.0,0.0
2022-12-16 10:00:00+09:00,2402.0,2407.0,2401.0,2401.0,400,0.0,0.0
2022-12-16 11:00:00+09:00,2401.0,2401.0,2401.0,2401.0,0,0.0,0.0
2022-12-16 12:00:00+09:00,2401.0,2401.0,2401.0,2401.0,1500,0.0,0.0
2022-12-16 13:00:00+09:00,2406.0,2406.0,2406.0,2406.0,100,0.0,0.0
2022-12-19 09:00:00+09:00,2405.0,2405.0,2403.0,2405.0,500,0.0,0.0
2022-12-19 11:00:00+09:00,2405.0,2405.0,2402.0,2402.0,0,0.0,0.0
2022-12-19 12:00:00+09:00,2402.0,2402.0,2402.0,2402.0,800,0.0,0.0
2022-12-19 13:00:00+09:00,2402.0,2402.0,2402.0,2402.0,100,0.0,0.0
2022-12-19 14:00:00+09:00,2401.0,2401.0,2401.0,2401.0,200,0.0,0.0
2022-12-20 09:00:00+09:00,2400.0,2402.0,2400.0,2402.0,700,0.0,0.0
2022-12-20 11:00:00+09:00,2400.0,2403.0,2400.0,2403.0,0,0.0,0.0
2022-12-20 12:00:00+09:00,2400.0,2403.0,2399.0,2399.0,2600,0.0,0.0
2022-12-20 13:00:00+09:00,2398.0,2398.0,2398.0,2398.0,400,0.0,0.0
2022-12-20 14:00:00+09:00,2396.0,2396.0,2395.0,2395.0,200,0.0,0.0
2022-12-21 09:00:00+09:00,2390.0,2390.0,2362.0,2362.0,1200,0.0,0.0
2022-12-21 10:00:00+09:00,2362.0,2370.0,2262.0,2370.0,2300,0.0,0.0
2022-12-21 11:00:00+09:00,2370.0,2370.0,2370.0,2370.0,0,0.0,0.0
2022-12-21 12:00:00+09:00,2370.0,2370.0,2370.0,2370.0,3600,0.0,0.0
2022-12-21 13:00:00+09:00,2365.0,2365.0,2359.0,2359.0,200,0.0,0.0
2022-12-21 14:00:00+09:00,2348.0,2348.0,2345.0,2345.0,400,0.0,0.0
2022-12-22 09:00:00+09:00,2360.0,2360.0,2360.0,2360.0,100,0.0,0.0
2022-12-22 10:00:00+09:00,2360.0,2360.0,2350.0,2350.0,400,0.0,0.0
2022-12-22 11:00:00+09:00,2350.0,2350.0,2350.0,2350.0,0,0.0,0.0
2022-12-22 12:00:00+09:00,2360.0,2360.0,2360.0,2360.0,600,0.0,0.0
2022-12-22 13:00:00+09:00,2360.0,2360.0,2360.0,2360.0,200,0.0,0.0
2022-12-22 14:00:00+09:00,2350.0,2350.0,2350.0,2350.0,200,0.0,0.0
2022-12-23 09:00:00+09:00,2357.0,2361.0,2357.0,2360.0,1300,0.0,0.0
2022-12-23 10:00:00+09:00,2360.0,2362.0,2360.0,2362.0,500,0.0,0.0
2022-12-23 11:00:00+09:00,2362.0,2362.0,2360.0,2360.0,0,0.0,0.0
2022-12-23 12:00:00+09:00,2360.0,2360.0,2360.0,2360.0,0,0.0,0.0
2022-12-23 13:00:00+09:00,2360.0,2360.0,2355.0,2355.0,2500,0.0,0.0
2022-12-23 14:00:00+09:00,2357.0,2357.0,2357.0,2357.0,100,0.0,0.0
2022-12-26 09:00:00+09:00,2361.0,2368.0,2361.0,2368.0,900,0.0,0.0
2022-12-26 10:00:00+09:00,2366.0,2366.0,2360.0,2365.0,300,0.0,0.0
2022-12-26 11:00:00+09:00,2364.0,2364.0,2364.0,2364.0,0,0.0,0.0
2022-12-26 12:00:00+09:00,2364.0,2364.0,2357.0,2357.0,1800,0.0,0.0
2022-12-26 14:00:00+09:00,2357.0,2357.0,2355.0,2355.0,900,0.0,0.0
2022-12-27 09:00:00+09:00,2364.0,2365.0,2357.0,2357.0,1300,0.0,0.0
2022-12-27 10:00:00+09:00,2357.0,2357.0,2355.0,2357.0,400,0.0,0.0
2022-12-27 11:00:00+09:00,2352.0,2352.0,2342.0,2342.0,0,0.0,0.0
2022-12-27 12:00:00+09:00,2345.0,2353.0,2341.0,2352.0,2900,0.0,0.0
2022-12-27 13:00:00+09:00,2349.0,2349.0,2349.0,2349.0,100,0.0,0.0
2022-12-27 14:00:00+09:00,2345.0,2348.0,2345.0,2348.0,500,0.0,0.0
2022-12-28 09:00:00+09:00,2350.0,2350.0,2341.0,2344.0,1400,0.0,0.0
2022-12-28 10:00:00+09:00,2342.0,2342.0,2342.0,2342.0,200,0.0,0.0
2022-12-28 11:00:00+09:00,2341.0,2341.0,2326.0,2326.0,0,0.0,0.0
2022-12-28 12:00:00+09:00,2320.0,2320.0,2320.0,2320.0,2900,0.0,0.0
2022-12-28 13:00:00+09:00,2320.0,2320.0,2310.0,2317.0,900,0.0,0.0
2022-12-28 14:00:00+09:00,2324.0,2339.0,2321.0,2339.0,1200,0.0,0.0
2022-12-29 09:00:00+09:00,2376.0,2376.0,2334.0,2341.0,400,0.0,0.0
2022-12-29 10:00:00+09:00,2340.0,2340.0,2340.0,2340.0,100,0.0,0.0
2022-12-29 11:00:00+09:00,2350.0,2350.0,2350.0,2350.0,0,0.0,0.0
2022-12-29 12:00:00+09:00,2342.0,2342.0,2342.0,2342.0,1400,0.0,0.0
2022-12-29 13:00:00+09:00,2376.0,2376.0,2376.0,2376.0,100,0.0,0.0
2022-12-29 14:00:00+09:00,2376.0,2376.0,2376.0,2376.0,100,0.0,0.0
2022-12-30 09:00:00+09:00,2376.0,2376.0,2376.0,2376.0,200,0.0,0.0
2022-12-30 10:00:00+09:00,2390.0,2392.0,2390.0,2392.0,300,0.0,0.0
2022-12-30 11:00:00+09:00,2395.0,2395.0,2353.0,2353.0,0,0.0,0.0
2022-12-30 13:00:00+09:00,2394.0,2394.0,2394.0,2394.0,800,0.0,0.0
2023-01-04 09:00:00+09:00,2400.0,2400.0,2389.0,2389.0,400,0.0,0.0
2023-01-04 10:00:00+09:00,2387.0,2387.0,2362.0,2362.0,200,0.0,0.0
2023-01-04 11:00:00+09:00,2362.0,2362.0,2362.0,2362.0,0,0.0,0.0
2023-01-04 12:00:00+09:00,2398.0,2398.0,2398.0,2398.0,800,0.0,0.0
2023-01-04 13:00:00+09:00,2397.0,2398.0,2395.0,2395.0,300,0.0,0.0
2023-01-05 09:00:00+09:00,2395.0,2395.0,2390.0,2390.0,300,0.0,0.0
2023-01-05 11:00:00+09:00,2390.0,2390.0,2390.0,2390.0,0,0.0,0.0
2023-01-05 12:00:00+09:00,2390.0,2390.0,2390.0,2390.0,500,0.0,0.0
2023-01-05 13:00:00+09:00,2398.0,2398.0,2398.0,2398.0,100,0.0,0.0
2023-01-06 09:00:00+09:00,2398.0,2398.0,2393.0,2393.0,300,0.0,0.0
2023-01-06 11:00:00+09:00,2390.0,2390.0,2390.0,2390.0,0,0.0,0.0
2023-01-06 12:00:00+09:00,2390.0,2390.0,2390.0,2390.0,500,0.0,0.0
2023-01-06 13:00:00+09:00,2390.0,2390.0,2390.0,2390.0,100,0.0,0.0
2023-01-06 14:00:00+09:00,2390.0,2390.0,2390.0,2390.0,100,0.0,0.0
2023-01-10 09:00:00+09:00,2412.0,2412.0,2402.0,2402.0,600,0.0,0.0
2023-01-10 10:00:00+09:00,2406.0,2412.0,2406.0,2412.0,600,0.0,0.0
2023-01-10 11:00:00+09:00,2412.0,2412.0,2412.0,2412.0,0,0.0,0.0
2023-01-10 12:00:00+09:00,2407.0,2408.0,2407.0,2408.0,1600,0.0,0.0
2023-01-10 13:00:00+09:00,2411.0,2411.0,2407.0,2407.0,200,0.0,0.0
2023-01-10 14:00:00+09:00,2407.0,2411.0,2401.0,2401.0,400,0.0,0.0
2023-01-11 09:00:00+09:00,2400.0,2400.0,2400.0,2400.0,100,0.0,0.0
2023-01-11 11:00:00+09:00,2400.0,2400.0,2400.0,2400.0,0,0.0,0.0
2023-01-11 12:00:00+09:00,2409.0,2409.0,2409.0,2409.0,400,0.0,0.0
2023-01-11 13:00:00+09:00,2410.0,2415.0,2410.0,2415.0,600,0.0,0.0
2023-01-12 09:00:00+09:00,2414.0,2414.0,2404.0,2404.0,900,0.0,0.0
2023-01-12 10:00:00+09:00,2403.0,2403.0,2403.0,2403.0,100,0.0,0.0
2023-01-12 11:00:00+09:00,2403.0,2403.0,2403.0,2403.0,0,0.0,0.0
2023-01-12 13:00:00+09:00,2406.0,2406.0,2404.0,2404.0,1200,0.0,0.0
2023-01-13 09:00:00+09:00,2405.0,2405.0,2405.0,2405.0,100,0.0,0.0
2023-01-13 10:00:00+09:00,2405.0,2405.0,2400.0,2400.0,400,0.0,0.0
2023-01-13 11:00:00+09:00,2400.0,2400.0,2400.0,2400.0,0,0.0,0.0
2023-01-13 12:00:00+09:00,2405.0,2405.0,2405.0,2405.0,600,0.0,0.0
2023-01-13 13:00:00+09:00,2403.0,2403.0,2403.0,2403.0,100,0.0,0.0
2023-01-16 09:00:00+09:00,2407.0,2407.0,2403.0,2403.0,0,0.0,0.0
2023-01-16 10:00:00+09:00,2405.0,2405.0,2401.0,2401.0,700,0.0,0.0
2023-01-16 11:00:00+09:00,2400.0,2407.0,2400.0,2407.0,0,0.0,0.0
2023-01-16 13:00:00+09:00,2400.0,2407.0,2400.0,2407.0,1300,0.0,0.0
2023-01-16 14:00:00+09:00,2400.0,2400.0,2400.0,2400.0,100,0.0,0.0
2023-01-17 10:00:00+09:00,2400.0,2400.0,2400.0,2400.0,200,0.0,0.0
2023-01-17 11:00:00+09:00,2400.0,2400.0,2400.0,2400.0,0,0.0,0.0
2023-01-17 14:00:00+09:00,2400.0,2400.0,2400.0,2400.0,400,0.0,0.0
2023-01-18 09:00:00+09:00,2400.0,2400.0,2400.0,2400.0,200,0.0,0.0
2023-01-18 10:00:00+09:00,2396.0,2400.0,2396.0,2400.0,200,0.0,0.0
2023-01-18 11:00:00+09:00,2400.0,2400.0,2400.0,2400.0,0,0.0,0.0
2023-01-19 09:00:00+09:00,2400.0,2402.0,2396.0,2396.0,800,0.0,0.0
2023-01-19 11:00:00+09:00,2396.0,2396.0,2396.0,2396.0,0,0.0,0.0
2023-01-19 14:00:00+09:00,2399.0,2409.0,2399.0,2403.0,1500,0.0,0.0
2023-01-20 12:00:00+09:00,2412.0,2412.0,2412.0,2412.0,300,0.0,0.0
2023-01-20 13:00:00+09:00,2414.0,2414.0,2414.0,2414.0,100,0.0,0.0
2023-01-20 14:00:00+09:00,2415.0,2418.0,2415.0,2418.0,400,0.0,0.0
2023-01-23 09:00:00+09:00,2411.0,2411.0,2411.0,2411.0,200,0.0,0.0
2023-01-23 10:00:00+09:00,2415.0,2415.0,2415.0,2415.0,100,0.0,0.0
2023-01-23 11:00:00+09:00,2409.0,2414.0,2409.0,2414.0,0,0.0,0.0
2023-01-23 12:00:00+09:00,2415.0,2415.0,2415.0,2415.0,600,0.0,0.0
2023-01-23 14:00:00+09:00,2415.0,2415.0,2415.0,2415.0,100,0.0,0.0
2023-01-24 09:00:00+09:00,2419.0,2419.0,2419.0,2419.0,100,0.0,0.0
2023-01-24 10:00:00+09:00,2415.0,2415.0,2415.0,2415.0,100,0.0,0.0
2023-01-24 11:00:00+09:00,2415.0,2415.0,2415.0,2415.0,0,0.0,0.0
2023-01-24 12:00:00+09:00,2415.0,2415.0,2415.0,2415.0,600,0.0,0.0
2023-01-25 09:00:00+09:00,2420.0,2423.0,2420.0,2423.0,600,0.0,0.0
2023-01-25 11:00:00+09:00,2423.0,2423.0,2423.0,2423.0,0,0.0,0.0
2023-01-25 12:00:00+09:00,2430.0,2430.0,2430.0,2430.0,900,0.0,0.0
2023-01-25 13:00:00+09:00,2430.0,2430.0,2421.0,2421.0,400,0.0,0.0
2023-01-26 09:00:00+09:00,2433.0,2433.0,2433.0,2433.0,200,0.0,0.0
2023-01-26 11:00:00+09:00,2430.0,2430.0,2430.0,2430.0,0,0.0,0.0
2023-01-26 13:00:00+09:00,2427.0,2435.0,2427.0,2435.0,600,0.0,0.0
2023-01-26 14:00:00+09:00,2434.0,2434.0,2434.0,2434.0,100,0.0,0.0
2023-01-27 10:00:00+09:00,2430.0,2430.0,2430.0,2430.0,400,0.0,0.0
2023-01-27 11:00:00+09:00,2430.0,2430.0,2430.0,2430.0,0,0.0,0.0
2023-01-27 12:00:00+09:00,2430.0,2430.0,2430.0,2430.0,700,0.0,0.0
2023-01-27 14:00:00+09:00,2442.0,2442.0,2442.0,2442.0,100,0.0,0.0
2023-01-30 09:00:00+09:00,2449.0,2449.0,2449.0,2449.0,400,0.0,0.0
2023-01-30 10:00:00+09:00,2445.0,2445.0,2445.0,2445.0,100,0.0,0.0
2023-01-30 11:00:00+09:00,2448.0,2448.0,2446.0,2446.0,0,0.0,0.0
2023-01-30 12:00:00+09:00,2450.0,2450.0,2450.0,2450.0,1000,0.0,0.0
2023-01-30 13:00:00+09:00,2453.0,2453.0,2453.0,2453.0,100,0.0,0.0
2023-01-30 14:00:00+09:00,2450.0,2450.0,2450.0,2450.0,100,0.0,0.0
2023-01-31 09:00:00+09:00,2451.0,2458.0,2451.0,2458.0,500,0.0,0.0
2023-01-31 11:00:00+09:00,2458.0,2458.0,2458.0,2458.0,0,0.0,0.0
2023-01-31 12:00:00+09:00,2458.0,2458.0,2458.0,2458.0,600,0.0,0.0
2023-01-31 13:00:00+09:00,2460.0,2462.0,2460.0,2462.0,200,0.0,0.0
2023-01-31 14:00:00+09:00,2461.0,2466.0,2461.0,2466.0,200,0.0,0.0
2023-02-01 09:00:00+09:00,2466.0,2472.0,2466.0,2472.0,200,0.0,0.0
2023-02-01 10:00:00+09:00,2470.0,2470.0,2470.0,2470.0,100,0.0,0.0
2023-02-01 11:00:00+09:00,2470.0,2470.0,2470.0,2470.0,0,0.0,0.0
2023-02-01 13:00:00+09:00,2468.0,2468.0,2465.0,2465.0,600,0.0,0.0
2023-02-02 09:00:00+09:00,2463.0,2463.0,2463.0,2463.0,300,0.0,0.0
2023-02-02 10:00:00+09:00,2463.0,2463.0,2463.0,2463.0,100,0.0,0.0
2023-02-02 11:00:00+09:00,2463.0,2463.0,2463.0,2463.0,0,0.0,0.0
2023-02-02 12:00:00+09:00,2465.0,2465.0,2463.0,2463.0,600,0.0,0.0
2023-02-02 14:00:00+09:00,2461.0,2461.0,2460.0,2460.0,300,0.0,0.0
2023-02-03 09:00:00+09:00,2463.0,2463.0,2463.0,2463.0,100,0.0,0.0
2023-02-03 10:00:00+09:00,2460.0,2460.0,2460.0,2460.0,100,0.0,0.0
2023-02-03 11:00:00+09:00,2460.0,2460.0,2460.0,2460.0,0,0.0,0.0
2023-02-03 14:00:00+09:00,2460.0,2460.0,2453.0,2453.0,600,0.0,0.0
2023-02-06 09:00:00+09:00,2463.0,2463.0,2463.0,2463.0,200,0.0,0.0
2023-02-06 11:00:00+09:00,2463.0,2463.0,2463.0,2463.0,0,0.0,0.0
2023-02-06 12:00:00+09:00,2461.0,2467.0,2461.0,2467.0,400,0.0,0.0
2023-02-06 13:00:00+09:00,2468.0,2476.0,2461.0,2476.0,700,0.0,0.0
2023-02-06 14:00:00+09:00,2472.0,2472.0,2472.0,2472.0,100,0.0,0.0
2023-02-07 09:00:00+09:00,2480.0,2480.0,2478.0,2478.0,300,0.0,0.0
2023-02-07 11:00:00+09:00,2484.0,2497.0,2484.0,2497.0,0,0.0,0.0
2023-02-07 12:00:00+09:00,2494.0,2494.0,2493.0,2493.0,1000,0.0,0.0
2023-02-07 13:00:00+09:00,2493.0,2493.0,2493.0,2493.0,200,0.0,0.0
2023-02-07 14:00:00+09:00,2490.0,2490.0,2479.0,2479.0,400,0.0,0.0
2023-02-08 09:00:00+09:00,2497.0,2497.0,2497.0,2497.0,100,0.0,0.0
2023-02-08 10:00:00+09:00,2485.0,2485.0,2485.0,2485.0,100,0.0,0.0
2023-02-08 11:00:00+09:00,2490.0,2499.0,2490.0,2499.0,0,0.0,0.0
2023-02-09 09:00:00+09:00,2499.0,2499.0,2499.0,2499.0,200,0.0,0.0
2023-02-09 11:00:00+09:00,2499.0,2499.0,2499.0,2499.0,0,0.0,0.0
2023-02-09 13:00:00+09:00,2499.0,2499.0,2495.0,2495.0,600,0.0,0.0
2023-02-10 09:00:00+09:00,2489.0,2489.0,2487.0,2487.0,1100,0.0,0.0
2023-02-10 10:00:00+09:00,2486.0,2486.0,2486.0,2486.0,100,0.0,0.0
2023-02-10 11:00:00+09:00,2491.0,2491.0,2491.0,2491.0,0,0.0,0.0
2023-02-10 12:00:00+09:00,2491.0,2491.0,2481.0,2481.0,1600,0.0,0.0
2023-02-10 14:00:00+09:00,2490.0,2500.0,2489.0,2489.0,800,0.0,0.0
2023-02-13 09:00:00+09:00,2400.0,2400.0,2323.0,2352.0,10500,0.0,0.0
2023-02-13 10:00:00+09:00,2351.0,2380.0,2350.0,2350.0,1700,0.0,0.0
2023-02-13 11:00:00+09:00,2341.0,2363.0,2340.0,2340.0,0,0.0,0.0
2023-02-13 12:00:00+09:00,2340.0,2341.0,2323.0,2331.0,15800,0.0,0.0
2023-02-13 13:00:00+09:00,2361.0,2399.0,2361.0,2380.0,800,0.0,0.0
2023-02-13 14:00:00+09:00,2350.0,2350.0,2340.0,2345.0,800,0.0,0.0
2023-02-14 09:00:00+09:00,2377.0,2377.0,2326.0,2326.0,2100,0.0,0.0
2023-02-14 10:00:00+09:00,2326.0,2326.0,2320.0,2320.0,1300,0.0,0.0
2023-02-14 11:00:00+09:00,2324.0,2338.0,2322.0,2322.0,0,0.0,0.0
2023-02-14 12:00:00+09:00,2320.0,2352.0,2315.0,2352.0,5000,0.0,0.0
2023-02-14 13:00:00+09:00,2350.0,2350.0,2349.0,2349.0,200,0.0,0.0
2023-02-14 14:00:00+09:00,2323.0,2325.0,2320.0,2320.0,1500,0.0,0.0
2023-02-15 09:00:00+09:00,2349.0,2349.0,2318.0,2318.0,2300,0.0,0.0
2023-02-15 10:00:00+09:00,2319.0,2321.0,2318.0,2318.0,900,0.0,0.0
2023-02-15 11:00:00+09:00,2320.0,2320.0,2320.0,2320.0,0,0.0,0.0
2023-02-15 12:00:00+09:00,2325.0,2325.0,2318.0,2318.0,4400,0.0,0.0
2023-02-15 13:00:00+09:00,2317.0,2320.0,2317.0,2318.0,500,0.0,0.0
2023-02-15 14:00:00+09:00,2318.0,2318.0,2318.0,2318.0,200,0.0,0.0
2023-02-16 09:00:00+09:00,2330.0,2341.0,2310.0,2310.0,2500,0.0,0.0
2023-02-16 10:00:00+09:00,2309.0,2309.0,2290.0,2290.0,4100,0.0,0.0
2023-02-16 11:00:00+09:00,2290.0,2299.0,2288.0,2288.0,0,0.0,0.0
2023-02-16 12:00:00+09:00,2289.0,2289.0,2289.0,2289.0,7700,0.0,0.0
2023-02-16 13:00:00+09:00,2296.0,2300.0,2296.0,2300.0,400,0.0,0.0
2023-02-16 14:00:00+09:00,2320.0,2320.0,2299.0,2299.0,500,0.0,0.0
2023-02-17 09:00:00+09:00,2299.0,2322.0,2299.0,2322.0,400,0.0,0.0
2023-02-17 10:00:00+09:00,2325.0,2325.0,2325.0,2325.0,100,0.0,0.0
2023-02-17 11:00:00+09:00,2325.0,2325.0,2325.0,2325.0,0,0.0,0.0
2023-02-17 12:00:00+09:00,2324.0,2324.0,2324.0,2324.0,0,0.0,0.0
2023-02-17 13:00:00+09:00,2324.0,2324.0,2324.0,2324.0,800,0.0,0.0
2023-02-17 14:00:00+09:00,2316.0,2316.0,2315.0,2315.0,200,0.0,0.0
2023-02-20 09:00:00+09:00,2310.0,2318.0,2310.0,2318.0,300,0.0,0.0
2023-02-20 10:00:00+09:00,2320.0,2320.0,2312.0,2312.0,300,0.0,0.0
2023-02-20 11:00:00+09:00,2313.0,2313.0,2313.0,2313.0,0,0.0,0.0
2023-02-20 12:00:00+09:00,2313.0,2313.0,2313.0,2313.0,800,0.0,0.0
2023-02-20 14:00:00+09:00,2320.0,2320.0,2314.0,2314.0,300,0.0,0.0
2023-02-21 09:00:00+09:00,2314.0,2325.0,2314.0,2320.0,900,0.0,0.0
2023-02-21 10:00:00+09:00,2315.0,2329.0,2310.0,2310.0,1100,0.0,0.0
2023-02-21 11:00:00+09:00,2311.0,2311.0,2310.0,2310.0,0,0.0,0.0
2023-02-21 12:00:00+09:00,2310.0,2323.0,2305.0,2305.0,3800,0.0,0.0
2023-02-21 13:00:00+09:00,2320.0,2320.0,2301.0,2306.0,900,0.0,0.0
2023-02-21 14:00:00+09:00,2317.0,2319.0,2310.0,2310.0,400,0.0,0.0
2023-02-22 09:00:00+09:00,2323.0,2323.0,2323.0,2323.0,400,0.0,0.0
2023-02-22 10:00:00+09:00,2306.0,2306.0,2305.0,2305.0,200,0.0,0.0
2023-02-22 11:00:00+09:00,2305.0,2305.0,2305.0,2305.0,0,0.0,0.0
2023-02-22 12:00:00+09:00,2308.0,2314.0,2305.0,2305.0,1000,0.0,0.0
2023-02-24 09:00:00+09:00,2329.0,2329.0,2311.0,2324.0,700,0.0,0.0
2023-02-24 10:00:00+09:00,2325.0,2325.0,2325.0,2325.0,100,0.0,0.0
2023-02-24 11:00:00+09:00,2325.0,2325.0,2325.0,2325.0,0,0.0,0.0
2023-02-24 13:00:00+09:00,2326.0,2326.0,2326.0,2326.0,900,0.0,0.0
2023-02-24 14:00:00+09:00,2327.0,2327.0,2327.0,2327.0,200,0.0,0.0
2023-02-27 09:00:00+09:00,2365.0,2365.0,2336.0,2336.0,1400,0.0,0.0
2023-02-27 10:00:00+09:00,2338.0,2338.0,2338.0,2338.0,100,0.0,0.0
2023-02-27 11:00:00+09:00,2338.0,2338.0,2338.0,2338.0,0,0.0,0.0
2023-02-27 12:00:00+09:00,2338.0,2338.0,2338.0,2338.0,1600,0.0,0.0
2023-02-27 13:00:00+09:00,2341.0,2341.0,2341.0,2341.0,100,0.0,0.0
2023-02-27 14:00:00+09:00,2341.0,2350.0,2341.0,2350.0,200,0.0,0.0
2023-02-28 09:00:00+09:00,2378.0,2378.0,2352.0,2352.0,700,0.0,0.0
2023-02-28 10:00:00+09:00,2353.0,2353.0,2353.0,2353.0,200,0.0,0.0
2023-02-28 11:00:00+09:00,2353.0,2353.0,2353.0,2353.0,0,0.0,0.0
2023-02-28 12:00:00+09:00,2375.0,2375.0,2375.0,2375.0,1100,0.0,0.0
2023-02-28 13:00:00+09:00,2354.0,2357.0,2353.0,2353.0,400,0.0,0.0
2023-02-28 14:00:00+09:00,2358.0,2365.0,2353.0,2353.0,900,0.0,0.0
2023-03-01 09:00:00+09:00,2370.0,2370.0,2370.0,2370.0,100,0.0,0.0
2023-03-01 11:00:00+09:00,2371.0,2371.0,2371.0,2371.0,0,0.0,0.0
2023-03-01 12:00:00+09:00,2371.0,2371.0,2370.0,2371.0,700,0.0,0.0
2023-03-01 13:00:00+09:00,2374.0,2374.0,2374.0,2374.0,100,0.0,0.0
2023-03-01 14:00:00+09:00,2371.0,2371.0,2366.0,2366.0,800,0.0,0.0
2023-03-02 09:00:00+09:00,2360.0,2360.0,2360.0,2360.0,100,0.0,0.0
2023-03-02 11:00:00+09:00,2360.0,2360.0,2360.0,2360.0,0,0.0,0.0
2023-03-02 12:00:00+09:00,2367.0,2367.0,2367.0,2367.0,200,0.0,0.0
2023-03-02 14:00:00+09:00,2367.0,2367.0,2367.0,2367.0,100,0.0,0.0
2023-03-03 09:00:00+09:00,2360.0,2368.0,2360.0,2362.0,1000,0.0,0.0
2023-03-03 11:00:00+09:00,2362.0,2362.0,2362.0,2362.0,0,0.0,0.0
2023-03-03 12:00:00+09:00,2362.0,2366.0,2362.0,2366.0,1300,0.0,0.0
2023-03-03 13:00:00+09:00,2363.0,2367.0,2356.0,2367.0,700,0.0,0.0
2023-03-03 14:00:00+09:00,2360.0,2360.0,2359.0,2359.0,200,0.0,0.0
2023-03-06 09:00:00+09:00,2375.0,2375.0,2370.0,2370.0,700,0.0,0.0
2023-03-06 10:00:00+09:00,2375.0,2382.0,2371.0,2382.0,800,0.0,0.0
2023-03-06 11:00:00+09:00,2382.0,2382.0,2382.0,2382.0,0,0.0,0.0
2023-03-06 12:00:00+09:00,2372.0,2372.0,2372.0,2372.0,0,0.0,0.0
2023-03-06 13:00:00+09:00,2375.0,2380.0,2375.0,2380.0,2600,0.0,0.0
2023-03-06 14:00:00+09:00,2373.0,2380.0,2373.0,2378.0,400,0.0,0.0
2023-03-07 09:00:00+09:00,2388.0,2391.0,2388.0,2391.0,500,0.0,0.0
2023-03-07 11:00:00+09:00,2394.0,2394.0,2394.0,2394.0,0,0.0,0.0
2023-03-07 12:00:00+09:00,2390.0,2390.0,2388.0,2388.0,0,0.0,0.0
2023-03-08 09:00:00+09:00,2386.0,2404.0,2386.0,2404.0,1100,0.0,0.0
2023-03-08 10:00:00+09:00,2404.0,2404.0,2404.0,2404.0,200,0.0,0.0
2023-03-08 11:00:00+09:00,2405.0,2405.0,2401.0,2401.0,0,0.0,0.0
2023-03-08 12:00:00+09:00,2400.0,2400.0,2395.0,2395.0,2000,0.0,0.0
2023-03-08 13:00:00+09:00,2400.0,2400.0,2400.0,2400.0,100,0.0,0.0
2023-03-08 14:00:00+09:00,2400.0,2400.0,2400.0,2400.0,100,0.0,0.0
2023-03-09 09:00:00+09:00,2400.0,2400.0,2392.0,2392.0,1100,0.0,0.0
2023-03-09 11:00:00+09:00,2392.0,2392.0,2392.0,2392.0,0,0.0,0.0
2023-03-09 12:00:00+09:00,2392.0,2392.0,2391.0,2391.0,1500,0.0,0.0
2023-03-09 13:00:00+09:00,2391.0,2391.0,2391.0,2391.0,100,0.0,0.0
2023-03-10 09:00:00+09:00,2393.0,2400.0,2393.0,2400.0,1400,0.0,0.0
2023-03-10 10:00:00+09:00,2399.0,2399.0,2399.0,2399.0,100,0.0,0.0
2023-03-10 11:00:00+09:00,2400.0,2400.0,2400.0,2400.0,0,0.0,0.0
2023-03-10 12:00:00+09:00,2398.0,2398.0,2398.0,2398.0,1700,0.0,0.0
2023-03-10 13:00:00+09:00,2397.0,2397.0,2397.0,2397.0,0,0.0,0.0
2023-03-10 14:00:00+09:00,2398.0,2404.0,2398.0,2404.0,2200,0.0,0.0
2023-03-13 09:00:00+09:00,2409.0,2413.0,2404.0,2413.0,0,0.0,0.0
2023-03-13 10:00:00+09:00,2410.0,2410.0,2403.0,2403.0,1500,0.0,0.0
2023-03-13 11:00:00+09:00,2403.0,2403.0,2403.0,2403.0,0,0.0,0.0
2023-03-13 12:00:00+09:00,2410.0,2410.0,2410.0,2410.0,1600,0.0,0.0
2023-03-13 13:00:00+09:00,2410.0,2410.0,2402.0,2402.0,300,0.0,0.0
2023-03-14 09:00:00+09:00,2402.0,2402.0,2395.0,2395.0,1400,0.0,0.0
2023-03-14 10:00:00+09:00,2398.0,2398.0,2398.0,2398.0,100,0.0,0.0
2023-03-14 11:00:00+09:00,2398.0,2398.0,2398.0,2398.0,0,0.0,0.0
2023-03-14 12:00:00+09:00,2398.0,2398.0,2393.0,2393.0,2100,0.0,0.0
2023-03-14 13:00:00+09:00,2393.0,2393.0,2390.0,2390.0,600,0.0,0.0
2023-03-14 14:00:00+09:00,2390.0,2390.0,2390.0,2390.0,100,0.0,0.0
2023-03-15 09:00:00+09:00,2409.0,2409.0,2395.0,2395.0,300,0.0,0.0
2023-03-15 11:00:00+09:00,2406.0,2406.0,2406.0,2406.0,0,0.0,0.0
2023-03-16 09:00:00+09:00,2406.0,2406.0,2386.0,2386.0,1500,0.0,0.0
2023-03-16 10:00:00+09:00,2380.0,2381.0,2380.0,2381.0,200,0.0,0.0
2023-03-16 11:00:00+09:00,2381.0,2381.0,2381.0,2381.0,0,0.0,0.0
2023-03-16 12:00:00+09:00,2381.0,2381.0,2380.0,2380.0,2200,0.0,0.0
2023-03-16 13:00:00+09:00,2380.0,2382.0,2380.0,2382.0,300,0.0,0.0
2023-03-16 14:00:00+09:00,2381.0,2381.0,2375.0,2375.0,500,0.0,0.0
2023-03-17 09:00:00+09:00,2371.0,2371.0,2371.0,2371.0,100,0.0,0.0
2023-03-17 10:00:00+09:00,2376.0,2376.0,2375.0,2375.0,200,0.0,0.0
2023-03-17 11:00:00+09:00,2375.0,2375.0,2375.0,2375.0,0,0.0,0.0
2023-03-17 12:00:00+09:00,2375.0,2379.0,2375.0,2379.0,500,0.0,0.0
2023-03-17 14:00:00+09:00,2382.0,2382.0,2353.0,2369.0,800,0.0,0.0
2023-03-20 09:00:00+09:00,2374.0,2390.0,2374.0,2390.0,400,0.0,0.0
2023-03-20 10:00:00+09:00,2375.0,2375.0,2375.0,2375.0,100,0.0,0.0
2023-03-20 11:00:00+09:00,2375.0,2375.0,2375.0,2375.0,0,0.0,0.0
2023-03-20 12:00:00+09:00,2375.0,2375.0,2375.0,2375.0,600,0.0,0.0
2023-03-20 13:00:00+09:00,2375.0,2375.0,2374.0,2374.0,200,0.0,0.0
2023-03-20 14:00:00+09:00,2374.0,2374.0,2374.0,2374.0,100,0.0,0.0
2023-03-22 09:00:00+09:00,2389.0,2390.0,2389.0,2390.0,200,0.0,0.0
2023-03-22 11:00:00+09:00,2390.0,2390.0,2390.0,2390.0,0,0.0,0.0
2023-03-22 12:00:00+09:00,2390.0,2390.0,2385.0,2385.0,400,0.0,0.0
2023-03-22 14:00:00+09:00,2386.0,2386.0,2381.0,2381.0,300,0.0,0.0
2023-03-23 09:00:00+09:00,2385.0,2385.0,2381.0,2381.0,800,0.0,0.0
2023-03-23 11:00:00+09:00,2381.0,2381.0,2381.0,2381.0,0,0.0,0.0
2023-03-23 12:00:00+09:00,2392.0,2392.0,2384.0,2384.0,1000,0.0,0.0
2023-03-23 13:00:00+09:00,2393.0,2394.0,2393.0,2394.0,200,0.0,0.0
2023-03-23 14:00:00+09:00,2395.0,2395.0,2388.0,2388.0,200,0.0,0.0
2023-03-24 09:00:00+09:00,2400.0,2400.0,2387.0,2387.0,0,0.0,0.0
2023-03-24 11:00:00+09:00,2387.0,2387.0,2387.0,2387.0,0,0.0,0.0
2023-03-24 12:00:00+09:00,2385.0,2385.0,2381.0,2381.0,1400,0.0,0.0
2023-03-24 13:00:00+09:00,2395.0,2395.0,2395.0,2395.0,100,0.0,0.0
2023-03-27 09:00:00+09:00,2405.0,2405.0,2385.0,2385.0,1100,0.0,0.0
2023-03-27 11:00:00+09:00,2390.0,2397.0,2380.0,2397.0,0,0.0,0.0
2023-03-27 12:00:00+09:00,2390.0,2390.0,2390.0,2390.0,2200,0.0,0.0
2023-03-27 14:00:00+09:00,2391.0,2392.0,2391.0,2392.0,200,0.0,0.0
2023-03-28 09:00:00+09:00,2404.0,2405.0,2390.0,2390.0,1200,0.0,0.0
2023-03-28 10:00:00+09:00,2394.0,2394.0,2394.0,2394.0,100,0.0,0.0
2023-03-28 11:00:00+09:00,2391.0,2391.0,2391.0,2391.0,0,0.0,0.0
2023-03-28 13:00:00+09:00,2392.0,2392.0,2392.0,2392.0,1500,0.0,0.0
2023-03-28 14:00:00+09:00,2398.0,2400.0,2398.0,2400.0,300,0.0,0.0
2023-03-29 09:00:00+09:00,2410.0,2421.0,2410.0,2421.0,1200,0.0,0.0
2023-03-29 10:00:00+09:00,2420.0,2437.0,2420.0,2437.0,600,0.0,0.0
2023-03-29 11:00:00+09:00,2431.0,2431.0,2425.0,2425.0,0,0.0,0.0
2023-03-29 12:00:00+09:00,2425.0,2425.0,2420.0,2420.0,2400,0.0,0.0
2023-03-29 13:00:00+09:00,2420.0,2420.0,2420.0,2420.0,300,0.0,0.0
2023-03-29 14:00:00+09:00,2420.0,2422.0,2418.0,2422.0,500,0.0,0.0
2023-03-30 09:00:00+09:00,2285.0,2335.0,2285.0,2330.0,1400,0.0,0.0
2023-03-30 10:00:00+09:00,2334.0,2345.0,2334.0,2345.0,300,0.0,0.0
2023-03-30 11:00:00+09:00,2331.0,2331.0,2323.0,2323.0,0,0.0,0.0
2023-03-30 12:00:00+09:00,2323.0,2323.0,2323.0,2323.0,2100,0.0,0.0
2023-03-30 13:00:00+09:00,2323.0,2347.0,2323.0,2347.0,300,0.0,0.0
2023-03-30 14:00:00+09:00,2326.0,2338.0,2323.0,2338.0,500,0.0,0.0
2023-03-31 09:00:00+09:00,2347.0,2348.0,2331.0,2331.0,500,0.0,0.0
2023-03-31 10:00:00+09:00,2331.0,2331.0,2330.0,2330.0,200,0.0,0.0
2023-03-31 11:00:00+09:00,2330.0,2330.0,2330.0,2330.0,0,0.0,0.0
2023-03-31 12:00:00+09:00,2330.0,2330.0,2330.0,2330.0,900,0.0,0.0
2023-04-03 09:00:00+09:00,2345.0,2350.0,2345.0,2345.0,1200,0.0,0.0
2023-04-03 10:00:00+09:00,2343.0,2343.0,2343.0,2343.0,100,0.0,0.0
2023-04-03 11:00:00+09:00,2343.0,2343.0,2343.0,2343.0,0,0.0,0.0
2023-04-03 12:00:00+09:00,2331.0,2337.0,2330.0,2337.0,1600,0.0,0.0
2023-04-04 09:00:00+09:00,2338.0,2355.0,2338.0,2355.0,400,0.0,0.0
2023-04-04 10:00:00+09:00,2341.0,2341.0,2341.0,2341.0,100,0.0,0.0
2023-04-04 11:00:00+09:00,2341.0,2341.0,2341.0,2341.0,0,0.0,0.0
2023-04-04 12:00:00+09:00,2340.0,2341.0,2340.0,2341.0,800,0.0,0.0
2023-04-04 14:00:00+09:00,2342.0,2352.0,2342.0,2352.0,400,0.0,0.0
2023-04-05 09:00:00+09:00,2350.0,2350.0,2350.0,2350.0,200,0.0,0.0
2023-04-05 11:00:00+09:00,2355.0,2355.0,2355.0,2355.0,0,0.0,0.0
2023-04-05 12:00:00+09:00,2345.0,2345.0,2345.0,2345.0,400,0.0,0.0
2023-04-05 13:00:00+09:00,2345.0,2345.0,2345.0,2345.0,100,0.0,0.0
2023-04-06 09:00:00+09:00,2334.0,2334.0,2330.0,2330.0,300,0.0,0.0
2023-04-06 10:00:00+09:00,2329.0,2329.0,2325.0,2325.0,200,0.0,0.0
2023-04-06 11:00:00+09:00,2325.0,2325.0,2325.0,2325.0,0,0.0,0.0
2023-04-06 13:00:00+09:00,2321.0,2321.0,2318.0,2318.0,800,0.0,0.0
2023-04-07 09:00:00+09:00,2315.0,2315.0,2315.0,2315.0,100,0.0,0.0
2023-04-07 11:00:00+09:00,2315.0,2315.0,2315.0,2315.0,0,0.0,0.0
2023-04-07 12:00:00+09:00,2315.0,2315.0,2315.0,2315.0,200,0.0,0.0
2023-04-07 14:00:00+09:00,2333.0,2333.0,2333.0,2333.0,100,0.0,0.0
2023-04-10 09:00:00+09:00,2324.0,2342.0,2324.0,2342.0,300,0.0,0.0
2023-04-10 11:00:00+09:00,2342.0,2342.0,2342.0,2342.0,0,0.0,0.0
2023-04-10 12:00:00+09:00,2323.0,2323.0,2323.0,2323.0,500,0.0,0.0
2023-04-10 13:00:00+09:00,2326.0,2337.0,2325.0,2325.0,300,0.0,0.0
2023-04-11 09:00:00+09:00,2325.0,2328.0,2324.0,2327.0,400,0.0,0.0
2023-04-11 10:00:00+09:00,2339.0,2339.0,2339.0,2339.0,100,0.0,0.0
2023-04-11 11:00:00+09:00,2339.0,2339.0,2339.0,2339.0,0,0.0,0.0
2023-04-11 12:00:00+09:00,2338.0,2338.0,2328.0,2328.0,700,0.0,0.0
2023-04-11 13:00:00+09:00,2328.0,2328.0,2328.0,2328.0,100,0.0,0.0
2023-04-11 14:00:00+09:00,2327.0,2327.0,2327.0,2327.0,200,0.0,0.0
2023-04-12 09:00:00+09:00,2324.0,2324.0,2324.0,2324.0,100,0.0,0.0
2023-04-12 11:00:00+09:00,2324.0,2324.0,2324.0,2324.0,0,0.0,0.0
2023-04-12 12:00:00+09:00,2324.0,2324.0,2324.0,2324.0,400,0.0,0.0
2023-04-12 13:00:00+09:00,2323.0,2323.0,2322.0,2322.0,300,0.0,0.0
2023-04-12 14:00:00+09:00,2325.0,2325.0,2325.0,2325.0,100,0.0,0.0
2023-04-13 09:00:00+09:00,2329.0,2330.0,2325.0,2330.0,900,0.0,0.0
2023-04-13 10:00:00+09:00,2330.0,2330.0,2330.0,2330.0,100,0.0,0.0
2023-04-13 11:00:00+09:00,2330.0,2330.0,2330.0,2330.0,0,0.0,0.0
2023-04-13 12:00:00+09:00,2331.0,2331.0,2330.0,2330.0,1200,0.0,0.0
2023-04-13 14:00:00+09:00,2335.0,2335.0,2333.0,2333.0,200,0.0,0.0
2023-04-14 09:00:00+09:00,2333.0,2335.0,2332.0,2332.0,700,0.0,0.0
2023-04-14 10:00:00+09:00,2334.0,2334.0,2334.0,2334.0,100,0.0,0.0
2023-04-14 11:00:00+09:00,2334.0,2334.0,2334.0,2334.0,0,0.0,0.0
2023-04-14 12:00:00+09:00,2335.0,2335.0,2335.0,2335.0,900,0.0,0.0
2023-04-14 14:00:00+09:00,2334.0,2335.0,2334.0,2335.0,200,0.0,0.0
2023-04-17 09:00:00+09:00,2350.0,2350.0,2335.0,2335.0,0,0.0,0.0
2023-04-17 10:00:00+09:00,2343.0,2343.0,2343.0,2343.0,700,0.0,0.0
2023-04-17 11:00:00+09:00,2331.0,2331.0,2331.0,2331.0,0,0.0,0.0
2023-04-17 12:00:00+09:00,2333.0,2333.0,2333.0,2333.0,900,0.0,0.0
2023-04-17 14:00:00+09:00,2340.0,2340.0,2340.0,2340.0,0,0.0,0.0
2023-04-18 10:00:00+09:00,2336.0,2346.0,2336.0,2346.0,300,0.0,0.0
2023-04-18 11:00:00+09:00,2347.0,2347.0,2347.0,2347.0,0,0.0,0.0
2023-04-18 13:00:00+09:00,2336.0,2336.0,2336.0,2336.0,500,0.0,0.0
2023-04-19 09:00:00+09:00,2336.0,2336.0,2336.0,2336.0,100,0.0,0.0
2023-04-19 11:00:00+09:00,2336.0,2336.0,2336.0,2336.0,0,0.0,0.0
2023-04-19 13:00:00+09:00,2336.0,2336.0,2336.0,2336.0,200,0.0,0.0
2023-04-20 09:00:00+09:00,2340.0,2348.0,2340.0,2341.0,500,0.0,0.0
2023-04-20 11:00:00+09:00,2341.0,2341.0,2341.0,2341.0,0,0.0,0.0
2023-04-20 12:00:00+09:00,2343.0,2343.0,2343.0,2343.0,800,0.0,0.0
2023-04-21 09:00:00+09:00,2347.0,2347.0,2347.0,2347.0,0,0.0,0.0
2023-04-21 10:00:00+09:00,2350.0,2350.0,2350.0,2350.0,200,0.0,0.0
2023-04-21 11:00:00+09:00,2350.0,2350.0,2341.0,2341.0,0,0.0,0.0
2023-04-21 12:00:00+09:00,2341.0,2341.0,2340.0,2340.0,700,0.0,0.0
2023-04-21 13:00:00+09:00,2341.0,2341.0,2341.0,2341.0,100,0.0,0.0
2023-04-24 09:00:00+09:00,2345.0,2345.0,2345.0,2345.0,100,0.0,0.0
2023-04-24 11:00:00+09:00,2345.0,2345.0,2345.0,2345.0,0,0.0,0.0
2023-04-25 09:00:00+09:00,2354.0,2359.0,2354.0,2359.0,600,0.0,0.0
2023-04-25 11:00:00+09:00,2359.0,2359.0,2359.0,2359.0,0,0.0,0.0
2023-04-25 12:00:00+09:00,2359.0,2362.0,2359.0,2360.0,2700,0.0,0.0
2023-04-25 13:00:00+09:00,2368.0,2368.0,2365.0,2365.0,0,0.0,0.0
2023-04-26 09:00:00+09:00,2368.0,2368.0,2350.0,2350.0,1700,0.0,0.0
2023-04-26 10:00:00+09:00,2349.0,2360.0,2349.0,2360.0,200,0.0,0.0
2023-04-26 11:00:00+09:00,2350.0,2350.0,2350.0,2350.0,0,0.0,0.0
2023-04-26 12:00:00+09:00,2351.0,2360.0,2351.0,2360.0,2500,0.0,0.0
2023-04-26 13:00:00+09:00,2351.0,2351.0,2345.0,2345.0,700,0.0,0.0
2023-04-26 14:00:00+09:00,2345.0,2350.0,2345.0,2350.0,300,0.0,0.0
2023-04-27 09:00:00+09:00,2350.0,2350.0,2350.0,2350.0,100,0.0,0.0
2023-04-27 10:00:00+09:00,2351.0,2351.0,2351.0,2351.0,100,0.0,0.0
2023-04-27 11:00:00+09:00,2351.0,2351.0,2351.0,2351.0,0,0.0,0.0
2023-04-27 13:00:00+09:00,2352.0,2352.0,2352.0,2352.0,400,0.0,0.0
2023-04-27 14:00:00+09:00,2352.0,2352.0,2352.0,2352.0,100,0.0,0.0
2023-04-28 09:00:00+09:00,2364.0,2365.0,2359.0,2359.0,500,0.0,0.0
2023-04-28 10:00:00+09:00,2355.0,2355.0,2352.0,2352.0,200,0.0,0.0
2023-04-28 11:00:00+09:00,2350.0,2352.0,2350.0,2352.0,0,0.0,0.0
2023-04-28 13:00:00+09:00,2354.0,2354.0,2354.0,2354.0,1100,0.0,0.0
2023-05-01 09:00:00+09:00,2357.0,2377.0,2357.0,2370.0,500,0.0,0.0
2023-05-01 11:00:00+09:00,2370.0,2370.0,2370.0,2370.0,0,0.0,0.0
2023-05-01 12:00:00+09:00,2360.0,2360.0,2360.0,2360.0,600,0.0,0.0
2023-05-01 13:00:00+09:00,2360.0,2360.0,2360.0,2360.0,200,0.0,0.0
2023-05-01 14:00:00+09:00,2361.0,2361.0,2360.0,2360.0,400,0.0,0.0
2023-05-02 09:00:00+09:00,2354.0,2354.0,2352.0,2352.0,1300,0.0,0.0
2023-05-02 10:00:00+09:00,2352.0,2352.0,2351.0,2351.0,200,0.0,0.0
2023-05-02 11:00:00+09:00,2351.0,2351.0,2351.0,2351.0,0,0.0,0.0
2023-05-02 13:00:00+09:00,2351.0,2351.0,2351.0,2351.0,1600,0.0,0.0
2023-05-02 14:00:00+09:00,2354.0,2354.0,2354.0,2354.0,100,0.0,0.0
2023-05-08 09:00:00+09:00,2376.0,2376.0,2358.0,2360.0,0,0.0,0.0
2023-05-08 11:00:00+09:00,2365.0,2365.0,2365.0,2365.0,0,0.0,0.0
2023-05-08 12:00:00+09:00,2364.0,2372.0,2364.0,2372.0,1800,0.0,0.0
2023-05-08 13:00:00+09:00,2363.0,2363.0,2363.0,2363.0,200,0.0,0.0
2023-05-08 14:00:00+09:00,2363.0,2363.0,2363.0,2363.0,200,0.0,0.0
2023-05-09 09:00:00+09:00,2372.0,2374.0,2367.0,2367.0,500,0.0,0.0
2023-05-09 10:00:00+09:00,2365.0,2365.0,2365.0,2365.0,200,0.0,0.0
2023-05-09 11:00:00+09:00,2365.0,2365.0,2365.0,2365.0,0,0.0,0.0
2023-05-09 12:00:00+09:00,2366.0,2366.0,2366.0,2366.0,800,0.0,0.0
2023-05-10 09:00:00+09:00,2373.0,2375.0,2373.0,2374.0,500,0.0,0.0
2023-05-10 10:00:00+09:00,2371.0,2371.0,2370.0,2370.0,500,0.0,0.0
2023-05-10 11:00:00+09:00,2376.0,2376.0,2376.0,2376.0,0,0.0,0.0
2023-05-10 13:00:00+09:00,2370.0,2375.0,2369.0,2375.0,1600,0.0,0.0
2023-05-10 14:00:00+09:00,2375.0,2377.0,2374.0,2374.0,500,0.0,0.0
2023-05-11 09:00:00+09:00,2385.0,2390.0,2385.0,2385.0,700,0.0,0.0
2023-05-11 10:00:00+09:00,2391.0,2391.0,2391.0,2391.0,100,0.0,0.0
2023-05-11 11:00:00+09:00,2392.0,2392.0,2386.0,2392.0,0,0.0,0.0
2023-05-11 12:00:00+09:00,2385.0,2385.0,2385.0,2385.0,1400,0.0,0.0
2023-05-11 13:00:00+09:00,2393.0,2400.0,2393.0,2400.0,1300,0.0,0.0
2023-05-11 14:00:00+09:00,2390.0,2399.0,2390.0,2392.0,300,0.0,0.0
2023-05-12 09:00:00+09:00,2398.0,2398.0,2369.0,2375.0,2500,0.0,0.0
2023-05-12 10:00:00+09:00,2384.0,2384.0,2384.0,2384.0,200,0.0,0.0
2023-05-12 11:00:00+09:00,2375.0,2375.0,2371.0,2371.0,0,0.0,0.0
2023-05-12 12:00:00+09:00,2371.0,2371.0,2371.0,2371.0,3200,0.0,0.0
2023-05-12 13:00:00+09:00,2372.0,2372.0,2371.0,2371.0,300,0.0,0.0
2023-05-12 14:00:00+09:00,2371.0,2371.0,2370.0,2370.0,1200,0.0,0.0
2023-05-15 09:00:00+09:00,2368.0,2368.0,2365.0,2365.0,600,0.0,0.0
2023-05-15 10:00:00+09:00,2365.0,2365.0,2362.0,2362.0,700,0.0,0.0
2023-05-15 11:00:00+09:00,2361.0,2361.0,2360.0,2360.0,0,0.0,0.0
2023-05-15 12:00:00+09:00,2360.0,2360.0,2358.0,2358.0,2000,0.0,0.0
2023-05-15 14:00:00+09:00,2362.0,2362.0,2360.0,2361.0,300,0.0,0.0
2023-05-16 09:00:00+09:00,2363.0,2363.0,2351.0,2351.0,1500,0.0,0.0
2023-05-16 10:00:00+09:00,2381.0,2381.0,2373.0,2373.0,200,0.0,0.0
2023-05-16 11:00:00+09:00,2375.0,2380.0,2375.0,2380.0,0,0.0,0.0
2023-05-16 12:00:00+09:00,2380.0,2380.0,2369.0,2369.0,3000,0.0,0.0
2023-05-16 14:00:00+09:00,2380.0,2383.0,2380.0,2383.0,700,0.0,0.0
2023-05-17 09:00:00+09:00,2384.0,2384.0,2375.0,2375.0,400,0.0,0.0
2023-05-17 10:00:00+09:00,2380.0,2380.0,2364.0,2364.0,200,0.0,0.0
2023-05-17 11:00:00+09:00,2366.0,2366.0,2366.0,2366.0,0,0.0,0.0
2023-05-17 12:00:00+09:00,2377.0,2377.0,2377.0,2377.0,800,0.0,0.0
2023-05-17 13:00:00+09:00,2368.0,2368.0,2366.0,2366.0,300,0.0,0.0
2023-05-17 14:00:00+09:00,2366.0,2366.0,2366.0,2366.0,100,0.0,0.0
2023-05-18 09:00:00+09:00,2366.0,2371.0,2366.0,2371.0,300,0.0,0.0
2023-05-18 11:00:00+09:00,2371.0,2371.0,2371.0,2371.0,0,0.0,0.0
2023-05-18 12:00:00+09:00,2370.0,2370.0,2370.0,2370.0,0,0.0,0.0
2023-05-18 13:00:00+09:00,2367.0,2367.0,2367.0,2367.0,600,0.0,0.0
2023-05-18 14:00:00+09:00,2366.0,2366.0,2366.0,2366.0,100,0.0,0.0
2023-05-19 09:00:00+09:00,2370.0,2371.0,2361.0,2361.0,700,0.0,0.0
2023-05-19 10:00:00+09:00,2365.0,2366.0,2364.0,2364.0,800,0.0,0.0
2023-05-19 11:00:00+09:00,2364.0,2364.0,2364.0,2364.0,0,0.0,0.0
2023-05-19 12:00:00+09:00,2364.0,2364.0,2364.0,2364.0,1700,0.0,0.0
2023-05-22 09:00:00+09:00,2382.0,2382.0,2367.0,2367.0,400,0.0,0.0
2023-05-22 11:00:00+09:00,2367.0,2367.0,2367.0,2367.0,0,0.0,0.0
2023-05-22 12:00:00+09:00,2369.0,2369.0,2369.0,2369.0,700,0.0,0.0
2023-05-22 14:00:00+09:00,2370.0,2370.0,2370.0,2370.0,100,0.0,0.0
2023-05-23 09:00:00+09:00,2370.0,2370.0,2370.0,2370.0,200,0.0,0.0
2023-05-23 10:00:00+09:00,2370.0,2370.0,2370.0,2370.0,100,0.0,0.0
2023-05-23 11:00:00+09:00,2370.0,2370.0,2370.0,2370.0,0,0.0,0.0
2023-05-23 12:00:00+09:00,2369.0,2369.0,2364.0,2364.0,800,0.0,0.0
2023-05-23 13:00:00+09:00,2362.0,2362.0,2360.0,2360.0,700,0.0,0.0
2023-05-24 09:00:00+09:00,2357.0,2359.0,2357.0,2359.0,500,0.0,0.0
2023-05-24 10:00:00+09:00,2370.0,2370.0,2370.0,2370.0,100,0.0,0.0
2023-05-24 11:00:00+09:00,2370.0,2370.0,2370.0,2370.0,0,0.0,0.0
2023-05-24 12:00:00+09:00,2360.0,2360.0,2360.0,2360.0,800,0.0,0.0
2023-05-24 13:00:00+09:00,2361.0,2361.0,2361.0,2361.0,200,0.0,0.0
2023-05-24 14:00:00+09:00,2361.0,2361.0,2361.0,2361.0,200,0.0,0.0
2023-05-25 09:00:00+09:00,2373.0,2373.0,2373.0,2373.0,300,0.0,0.0
2023-05-25 11:00:00+09:00,2373.0,2373.0,2373.0,2373.0,0,0.0,0.0
2023-05-25 12:00:00+09:00,2372.0,2372.0,2372.0,2372.0,400,0.0,0.0
2023-05-25 14:00:00+09:00,2359.0,2359.0,2359.0,2359.0,100,0.0,0.0
2023-05-26 09:00:00+09:00,2359.0,2365.0,2359.0,2365.0,200,0.0,0.0
2023-05-26 11:00:00+09:00,2365.0,2365.0,2365.0,2365.0,0,0.0,0.0
2023-05-26 12:00:00+09:00,2357.0,2357.0,2355.0,2355.0,800,0.0,0.0
2023-05-26 14:00:00+09:00,2355.0,2355.0,2353.0,2353.0,300,0.0,0.0
2023-05-29 09:00:00+09:00,2353.0,2353.0,2352.0,2352.0,0,0.0,0.0
2023-05-29 11:00:00+09:00,2353.0,2353.0,2353.0,2353.0,0,0.0,0.0
2023-05-30 09:00:00+09:00,2353.0,2353.0,2353.0,2353.0,200,0.0,0.0
2023-05-30 11:00:00+09:00,2353.0,2353.0,2353.0,2353.0,0,0.0,0.0
2023-05-30 14:00:00+09:00,2353.0,2358.0,2353.0,2357.0,800,0.0,0.0
2023-05-31 09:00:00+09:00,2352.0,2352.0,2352.0,2352.0,100,0.0,0.0
2023-05-31 10:00:00+09:00,2352.0,2354.0,2345.0,2345.0,2100,0.0,0.0
2023-05-31 11:00:00+09:00,2345.0,2345.0,2345.0,2345.0,0,0.0,0.0
2023-05-31 12:00:00+09:00,2342.0,2342.0,2340.0,2340.0,2700,0.0,0.0
2023-05-31 13:00:00+09:00,2340.0,2340.0,2331.0,2331.0,400,0.0,0.0
2023-06-01 09:00:00+09:00,2365.0,2365.0,2335.0,2335.0,0,0.0,0.0
2023-06-01 11:00:00+09:00,2335.0,2335.0,2335.0,2335.0,0,0.0,0.0
2023-06-01 14:00:00+09:00,2348.0,2349.0,2348.0,2349.0,400,0.0,0.0
2023-06-02 09:00:00+09:00,2365.0,2365.0,2349.0,2349.0,1300,0.0,0.0
2023-06-02 10:00:00+09:00,2350.0,2350.0,2350.0,2350.0,0,0.0,0.0
2023-06-02 11:00:00+09:00,2350.0,2350.0,2350.0,2350.0,0,0.0,0.0
2023-06-02 12:00:00+09:00,2350.0,2350.0,2350.0,2350.0,1600,0.0,0.0
2023-06-02 13:00:00+09:00,2350.0,2352.0,2348.0,2352.0,300,0.0,0.0
2023-06-05 09:00:00+09:00,2368.0,2368.0,2360.0,2360.0,600,0.0,0.0
2023-06-05 10:00:00+09:00,2347.0,2347.0,2346.0,2346.0,200,0.0,0.0
2023-06-05 11:00:00+09:00,2346.0,2346.0,2346.0,2346.0,0,0.0,0.0
2023-06-05 12:00:00+09:00,2345.0,2350.0,2345.0,2350.0,1100,0.0,0.0
2023-06-05 13:00:00+09:00,2351.0,2351.0,2345.0,2350.0,400,0.0,0.0
2023-06-06 09:00:00+09:00,2350.0,2355.0,2349.0,2349.0,500,0.0,0.0
2023-06-06 10:00:00+09:00,2348.0,2348.0,2345.0,2346.0,400,0.0,0.0
2023-06-06 11:00:00+09:00,2346.0,2346.0,2346.0,2346.0,0,0.0,0.0
2023-06-06 13:00:00+09:00,2345.0,2350.0,2345.0,2347.0,1200,0.0,0.0
2023-06-06 14:00:00+09:00,2347.0,2347.0,2347.0,2347.0,100,0.0,0.0
2023-06-07 09:00:00+09:00,2345.0,2345.0,2345.0,2345.0,100,0.0,0.0
2023-06-07 10:00:00+09:00,2347.0,2347.0,2346.0,2346.0,200,0.0,0.0
2023-06-07 11:00:00+09:00,2346.0,2346.0,2346.0,2346.0,0,0.0,0.0
2023-06-07 13:00:00+09:00,2346.0,2346.0,2346.0,2346.0,500,0.0,0.0
2023-06-08 09:00:00+09:00,2355.0,2355.0,2355.0,2355.0,100,0.0,0.0
2023-06-08 11:00:00+09:00,2352.0,2352.0,2350.0,2350.0,0,0.0,0.0
2023-06-08 12:00:00+09:00,2354.0,2354.0,2354.0,2354.0,500,0.0,0.0
2023-06-08 13:00:00+09:00,2350.0,2350.0,2350.0,2350.0,100,0.0,0.0
2023-06-08 14:00:00+09:00,2350.0,2350.0,2350.0,2350.0,300,0.0,0.0
2023-06-09 09:00:00+09:00,2358.0,2358.0,2356.0,2356.0,0,0.0,0.0
2023-06-09 11:00:00+09:00,2356.0,2356.0,2356.0,2356.0,0,0.0,0.0
2023-06-09 13:00:00+09:00,2356.0,2360.0,2356.0,2360.0,500,0.0,0.0
2023-06-12 09:00:00+09:00,2355.0,2359.0,2354.0,2354.0,1000,0.0,0.0
2023-06-12 10:00:00+09:00,2356.0,2356.0,2356.0,2356.0,100,0.0,0.0
2023-06-12 11:00:00+09:00,2356.0,2356.0,2356.0,2356.0,0,0.0,0.0
2023-06-12 12:00:00+09:00,2354.0,2355.0,2354.0,2355.0,1300,0.0,0.0
2023-06-13 09:00:00+09:00,2355.0,2359.0,2353.0,2356.0,700,0.0,0.0
2023-06-13 10:00:00+09:00,2353.0,2353.0,2353.0,2353.0,0,0.0,0.0
2023-06-13 11:00:00+09:00,2353.0,2353.0,2353.0,2353.0,0,0.0,0.0
2023-06-13 13:00:00+09:00,2351.0,2352.0,2351.0,2352.0,1100,0.0,0.0
2023-06-13 14:00:00+09:00,2352.0,2356.0,2351.0,2355.0,600,0.0,0.0
2023-06-14 09:00:00+09:00,2351.0,2355.0,2351.0,2355.0,400,0.0,0.0
2023-06-14 11:00:00+09:00,2355.0,2355.0,2355.0,2355.0,0,0.0,0.0
2023-06-14 12:00:00+09:00,2353.0,2353.0,2353.0,2353.0,600,0.0,0.0
2023-06-14 14:00:00+09:00,2352.0,2352.0,2352.0,2352.0,200,0.0,0.0
2023-06-15 09:00:00+09:00,2355.0,2355.0,2355.0,2355.0,100,0.0,0.0
2023-06-15 11:00:00+09:00,2355.0,2355.0,2355.0,2355.0,0,0.0,0.0
2023-06-15 12:00:00+09:00,2352.0,2352.0,2352.0,2352.0,200,0.0,0.0
2023-06-15 13:00:00+09:00,2353.0,2356.0,2353.0,2356.0,500,0.0,0.0
2023-06-15 14:00:00+09:00,2359.0,2359.0,2357.0,2358.0,400,0.0,0.0
2023-06-16 09:00:00+09:00,2359.0,2367.0,2355.0,2355.0,400,0.0,0.0
2023-06-16 10:00:00+09:00,2355.0,2355.0,2355.0,2355.0,200,0.0,0.0
2023-06-16 11:00:00+09:00,2355.0,2355.0,2355.0,2355.0,0,0.0,0.0
2023-06-16 12:00:00+09:00,2357.0,2357.0,2357.0,2357.0,700,0.0,0.0
2023-06-16 13:00:00+09:00,2355.0,2355.0,2354.0,2354.0,300,0.0,0.0
2023-06-16 14:00:00+09:00,2355.0,2357.0,2355.0,2357.0,500,0.0,0.0
2023-06-19 09:00:00+09:00,2370.0,2370.0,2365.0,2365.0,200,0.0,0.0
2023-06-19 11:00:00+09:00,2366.0,2368.0,2366.0,2368.0,0,0.0,0.0
2023-06-19 12:00:00+09:00,2365.0,2365.0,2365.0,2365.0,500,0.0,0.0
2023-06-19 13:00:00+09:00,2367.0,2367.0,2367.0,2367.0,0,0.0,0.0
2023-06-19 14:00:00+09:00,2365.0,2365.0,2365.0,2365.0,1100,0.0,0.0
2023-06-20 09:00:00+09:00,2361.0,2366.0,2361.0,2366.0,600,0.0,0.0
2023-06-20 10:00:00+09:00,2362.0,2362.0,2362.0,2362.0,100,0.0,0.0
2023-06-20 11:00:00+09:00,2362.0,2362.0,2362.0,2362.0,0,0.0,0.0
2023-06-20 12:00:00+09:00,2363.0,2363.0,2363.0,2363.0,800,0.0,0.0
2023-06-20 13:00:00+09:00,2362.0,2362.0,2361.0,2361.0,300,0.0,0.0
2023-06-20 14:00:00+09:00,2368.0,2368.0,2368.0,2368.0,100,0.0,0.0
2023-06-21 09:00:00+09:00,2369.0,2369.0,2369.0,2369.0,100,0.0,0.0
2023-06-21 11:00:00+09:00,2370.0,2370.0,2370.0,2370.0,0,0.0,0.0
2023-06-21 12:00:00+09:00,2368.0,2368.0,2368.0,2368.0,600,0.0,0.0
2023-06-21 14:00:00+09:00,2370.0,2371.0,2370.0,2371.0,200,0.0,0.0
2023-06-22 09:00:00+09:00,2379.0,2379.0,2371.0,2375.0,1300,0.0,0.0
2023-06-22 10:00:00+09:00,2375.0,2375.0,2375.0,2375.0,100,0.0,0.0
2023-06-22 11:00:00+09:00,2371.0,2371.0,2371.0,2371.0,0,0.0,0.0
2023-06-22 12:00:00+09:00,2371.0,2375.0,2371.0,2375.0,2200,0.0,0.0
2023-06-22 13:00:00+09:00,2376.0,2378.0,2376.0,2376.0,500,0.0,0.0
2023-06-22 14:00:00+09:00,2375.0,2375.0,2375.0,2375.0,100,0.0,0.0
2023-06-23 09:00:00+09:00,2369.0,2377.0,2369.0,2372.0,1100,0.0,0.0
2023-06-23 10:00:00+09:00,2371.0,2371.0,2365.0,2365.0,400,0.0,0.0
2023-06-23 11:00:00+09:00,2365.0,2365.0,2365.0,2365.0,0,0.0,0.0
2023-06-23 12:00:00+09:00,2375.0,2375.0,2375.0,2375.0,1600,0.0,0.0
2023-06-23 13:00:00+09:00,2366.0,2366.0,2366.0,2366.0,200,0.0,0.0
2023-06-23 14:00:00+09:00,2364.0,2372.0,2362.0,2372.0,500,0.0,0.0
2023-06-26 09:00:00+09:00,2382.0,2382.0,2367.0,2381.0,1700,0.0,0.0
2023-06-26 10:00:00+09:00,2379.0,2379.0,2367.0,2367.0,600,0.0,0.0
2023-06-26 11:00:00+09:00,2367.0,2367.0,2367.0,2367.0,0,0.0,0.0
2023-06-26 13:00:00+09:00,2371.0,2371.0,2371.0,2371.0,2500,0.0,0.0
2023-06-26 14:00:00+09:00,2378.0,2378.0,2378.0,2378.0,100,0.0,0.0
2023-06-27 09:00:00+09:00,2380.0,2380.0,2376.0,2376.0,300,0.0,0.0
2023-06-27 11:00:00+09:00,2380.0,2380.0,2380.0,2380.0,0,0.0,0.0
2023-06-27 13:00:00+09:00,2380.0,2380.0,2380.0,2380.0,700,0.0,0.0
2023-06-27 14:00:00+09:00,2377.0,2377.0,2377.0,2377.0,100,0.0,0.0
2023-06-28 09:00:00+09:00,2396.0,2397.0,2396.0,2397.0,700,0.0,0.0
2023-06-28 10:00:00+09:00,2397.0,2397.0,2391.0,2391.0,300,0.0,0.0
2023-06-28 11:00:00+09:00,2391.0,2391.0,2391.0,2391.0,0,0.0,0.0
2023-06-28 12:00:00+09:00,2390.0,2391.0,2390.0,2391.0,1400,0.0,0.0
2023-06-28 14:00:00+09:00,2391.0,2391.0,2382.0,2384.0,1000,0.0,0.0
2023-06-29 09:00:00+09:00,2385.0,2389.0,2385.0,2389.0,200,0.0,0.0
2023-06-29 10:00:00+09:00,2382.0,2385.0,2382.0,2385.0,200,0.0,0.0
2023-06-29 11:00:00+09:00,2385.0,2385.0,2385.0,2385.0,0,0.0,0.0
2023-06-29 12:00:00+09:00,2381.0,2385.0,2381.0,2385.0,700,0.0,0.0
2023-06-29 13:00:00+09:00,2388.0,2388.0,2385.0,2385.0,300,0.0,0.0
2023-06-29 14:00:00+09:00,2388.0,2389.0,2388.0,2389.0,200,0.0,0.0
2023-06-30 09:00:00+09:00,2395.0,2395.0,2385.0,2394.0,1300,0.0,0.0
2023-06-30 11:00:00+09:00,2394.0,2394.0,2394.0,2394.0,0,0.0,0.0
2023-06-30 12:00:00+09:00,2394.0,2395.0,2394.0,2395.0,1700,0.0,0.0
2023-06-30 13:00:00+09:00,2393.0,2393.0,2393.0,2393.0,100,0.0,0.0
2023-06-30 14:00:00+09:00,2398.0,2398.0,2392.0,2392.0,700,0.0,0.0
2023-07-03 09:00:00+09:00,2393.0,2405.0,2393.0,2396.0,0,0.0,0.0
2023-07-03 10:00:00+09:00,2395.0,2395.0,2395.0,2395.0,1500,0.0,0.0
2023-07-03 11:00:00+09:00,2400.0,2400.0,2400.0,2400.0,0,0.0,0.0
2023-07-03 12:00:00+09:00,2399.0,2399.0,2399.0,2399.0,1700,0.0,0.0
2023-07-03 13:00:00+09:00,2397.0,2397.0,2395.0,2395.0,300,0.0,0.0
2023-07-04 09:00:00+09:00,2400.0,2402.0,2395.0,2395.0,400,0.0,0.0
2023-07-04 10:00:00+09:00,2395.0,2395.0,2394.0,2394.0,400,0.0,0.0
2023-07-04 11:00:00+09:00,2394.0,2394.0,2394.0,2394.0,0,0.0,0.0
2023-07-04 12:00:00+09:00,2403.0,2403.0,2394.0,2394.0,1000,0.0,0.0
2023-07-04 13:00:00+09:00,2400.0,2406.0,2395.0,2406.0,1100,0.0,0.0
2023-07-04 14:00:00+09:00,2410.0,2430.0,2397.0,2401.0,2500,0.0,0.0
2023-07-05 09:00:00+09:00,2434.0,2434.0,2405.0,2423.0,500,0.0,0.0
2023-07-05 10:00:00+09:00,2421.0,2423.0,2410.0,2410.0,600,0.0,0.0
2023-07-05 11:00:00+09:00,2422.0,2423.0,2422.0,2423.0,0,0.0,0.0
2023-07-05 12:00:00+09:00,2418.0,2418.0,2408.0,2408.0,1700,0.0,0.0
2023-07-05 13:00:00+09:00,2409.0,2409.0,2404.0,2406.0,900,0.0,0.0
2023-07-05 14:00:00+09:00,2406.0,2412.0,2404.0,2404.0,400,0.0,0.0
2023-07-06 09:00:00+09:00,2403.0,2408.0,2403.0,2408.0,600,0.0,0.0
2023-07-06 10:00:00+09:00,2412.0,2413.0,2412.0,2413.0,200,0.0,0.0
2023-07-06 11:00:00+09:00,2413.0,2413.0,2413.0,2413.0,0,0.0,0.0
2023-07-06 12:00:00+09:00,2408.0,2408.0,2406.0,2406.0,1100,0.0,0.0
2023-07-06 13:00:00+09:00,2406.0,2406.0,2406.0,2406.0,300,0.0,0.0
2023-07-06 14:00:00+09:00,2410.0,2410.0,2408.0,2408.0,200,0.0,0.0
2023-07-07 09:00:00+09:00,2406.0,2406.0,2406.0,2406.0,300,0.0,0.0
2023-07-07 11:00:00+09:00,2406.0,2406.0,2406.0,2406.0,0,0.0,0.0
2023-07-07 12:00:00+09:00,2407.0,2407.0,2407.0,2407.0,0,0.0,0.0
2023-07-07 13:00:00+09:00,2407.0,2407.0,2404.0,2404.0,1400,0.0,0.0
2023-07-07 14:00:00+09:00,2403.0,2406.0,2400.0,2404.0,600,0.0,0.0
2023-07-10 09:00:00+09:00,2418.0,2418.0,2412.0,2412.0,600,0.0,0.0
2023-07-10 10:00:00+09:00,2413.0,2413.0,2413.0,2413.0,100,0.0,0.0
2023-07-10 11:00:00+09:00,2413.0,2413.0,2413.0,2413.0,0,0.0,0.0
2023-07-10 14:00:00+09:00,2413.0,2413.0,2409.0,2409.0,1000,0.0,0.0
2023-07-11 09:00:00+09:00,2419.0,2419.0,2415.0,2415.0,200,0.0,0.0
2023-07-11 11:00:00+09:00,2411.0,2411.0,2411.0,2411.0,0,0.0,0.0
2023-07-11 12:00:00+09:00,2415.0,2415.0,2415.0,2415.0,400,0.0,0.0
2023-07-11 13:00:00+09:00,2415.0,2415.0,2415.0,2415.0,200,0.0,0.0
2023-07-11 14:00:00+09:00,2415.0,2415.0,2415.0,2415.0,100,0.0,0.0
2023-07-12 09:00:00+09:00,2415.0,2416.0,2415.0,2416.0,300,0.0,0.0
2023-07-12 10:00:00+09:00,2416.0,2416.0,2415.0,2415.0,200,0.0,0.0
2023-07-12 11:00:00+09:00,2417.0,2417.0,2417.0,2417.0,0,0.0,0.0
2023-07-12 12:00:00+09:00,2420.0,2420.0,2420.0,2420.0,1300,0.0,0.0
2023-07-12 13:00:00+09:00,2417.0,2417.0,2417.0,2417.0,100,0.0,0.0
2023-07-12 14:00:00+09:00,2416.0,2420.0,2416.0,2420.0,400,0.0,0.0
2023-07-13 09:00:00+09:00,2419.0,2429.0,2419.0,2420.0,500,0.0,0.0
2023-07-13 11:00:00+09:00,2420.0,2420.0,2420.0,2420.0,0,0.0,0.0
2023-07-13 12:00:00+09:00,2423.0,2423.0,2423.0,2423.0,700,0.0,0.0
2023-07-13 13:00:00+09:00,2425.0,2425.0,2425.0,2425.0,100,0.0,0.0
2023-07-13 14:00:00+09:00,2424.0,2424.0,2424.0,2424.0,200,0.0,0.0
2023-07-14 09:00:00+09:00,2429.0,2432.0,2429.0,2432.0,0,0.0,0.0
2023-07-14 11:00:00+09:00,2432.0,2432.0,2432.0,2432.0,0,0.0,0.0
2023-07-14 12:00:00+09:00,2432.0,2432.0,2432.0,2432.0,0,0.0,0.0
2023-07-14 13:00:00+09:00,2431.0,2431.0,2431.0,2431.0,600,0.0,0.0
2023-07-14 14:00:00+09:00,2428.0,2428.0,2428.0,2428.0,100,0.0,0.0
2023-07-18 09:00:00+09:00,2430.0,2430.0,2428.0,2428.0,200,0.0,0.0
2023-07-18 10:00:00+09:00,2425.0,2425.0,2425.0,2425.0,200,0.0,0.0
2023-07-18 11:00:00+09:00,2425.0,2425.0,2425.0,2425.0,0,0.0,0.0
2023-07-18 12:00:00+09:00,2428.0,2428.0,2428.0,2428.0,500,0.0,0.0
2023-07-18 13:00:00+09:00,2425.0,2429.0,2425.0,2425.0,300,0.0,0.0
2023-07-18 14:00:00+09:00,2425.0,2428.0,2424.0,2428.0,600,0.0,0.0
2023-07-19 09:00:00+09:00,2427.0,2427.0,2427.0,2427.0,100,0.0,0.0
2023-07-19 10:00:00+09:00,2428.0,2428.0,2428.0,2428.0,200,0.0,0.0
2023-07-19 11:00:00+09:00,2428.0,2428.0,2428.0,2428.0,0,0.0,0.0
2023-07-19 12:00:00+09:00,2426.0,2426.0,2426.0,2426.0,400,0.0,0.0
2023-07-19 13:00:00+09:00,2426.0,2427.0,2426.0,2426.0,400,0.0,0.0
2023-07-19 14:00:00+09:00,2425.0,2425.0,2424.0,2424.0,400,0.0,0.0
2023-07-20 09:00:00+09:00,2428.0,2428.0,2428.0,2428.0,100,0.0,0.0
2023-07-20 10:00:00+09:00,2428.0,2428.0,2428.0,2428.0,100,0.0,0.0
2023-07-20 11:00:00+09:00,2429.0,2438.0,2429.0,2438.0,0,0.0,0.0
2023-07-20 12:00:00+09:00,2440.0,2441.0,2435.0,2435.0,2000,0.0,0.0
2023-07-20 13:00:00+09:00,2439.0,2445.0,2433.0,2433.0,1200,0.0,0.0
2023-07-21 09:00:00+09:00,2433.0,2433.0,2433.0,2433.0,0,0.0,0.0
2023-07-21 11:00:00+09:00,2433.0,2433.0,2433.0,2433.0,0,0.0,0.0
2023-07-21 12:00:00+09:00,2433.0,2443.0,2433.0,2443.0,500,0.0,0.0
2023-07-21 13:00:00+09:00,2436.0,2436.0,2436.0,2436.0,200,0.0,0.0
2023-07-24 09:00:00+09:00,2445.0,2447.0,2442.0,2442.0,500,0.0,0.0
2023-07-24 10:00:00+09:00,2447.0,2448.0,2443.0,2443.0,300,0.0,0.0
2023-07-24 11:00:00+09:00,2443.0,2443.0,2443.0,2443.0,0,0.0,0.0
2023-07-24 14:00:00+09:00,2445.0,2445.0,2445.0,2445.0,1000,0.0,0.0
2023-07-25 09:00:00+09:00,2450.0,2461.0,2450.0,2451.0,2000,0.0,0.0
2023-07-25 10:00:00+09:00,2459.0,2461.0,2453.0,2460.0,800,0.0,0.0
2023-07-25 11:00:00+09:00,2459.0,2459.0,2452.0,2452.0,0,0.0,0.0
2023-07-25 12:00:00+09:00,2451.0,2451.0,2451.0,2451.0,3100,0.0,0.0
2023-07-25 13:00:00+09:00,2452.0,2452.0,2452.0,2452.0,100,0.0,0.0
2023-07-25 14:00:00+09:00,2458.0,2458.0,2458.0,2458.0,100,0.0,0.0
2023-07-26 09:00:00+09:00,2466.0,2466.0,2460.0,2460.0,400,0.0,0.0
2023-07-26 10:00:00+09:00,2460.0,2460.0,2459.0,2459.0,200,0.0,0.0
2023-07-26 11:00:00+09:00,2459.0,2461.0,2459.0,2461.0,0,0.0,0.0
2023-07-26 14:00:00+09:00,2465.0,2465.0,2462.0,2462.0,1300,0.0,0.0
2023-07-27 09:00:00+09:00,2470.0,2472.0,2465.0,2472.0,400,0.0,0.0
2023-07-27 10:00:00+09:00,2470.0,2472.0,2470.0,2472.0,400,0.0,0.0
2023-07-27 11:00:00+09:00,2471.0,2471.0,2470.0,2470.0,0,0.0,0.0
2023-07-27 12:00:00+09:00,2470.0,2471.0,2467.0,2471.0,1600,0.0,0.0
2023-07-27 14:00:00+09:00,2470.0,2471.0,2466.0,2466.0,600,0.0,0.0
2023-07-28 09:00:00+09:00,2466.0,2466.0,2461.0,2461.0,1500,0.0,0.0
2023-07-28 10:00:00+09:00,2463.0,2463.0,2462.0,2462.0,200,0.0,0.0
2023-07-28 11:00:00+09:00,2462.0,2462.0,2462.0,2462.0,0,0.0,0.0
2023-07-28 12:00:00+09:00,2461.0,2462.0,2461.0,2462.0,2200,0.0,0.0
2023-07-28 13:00:00+09:00,2461.0,2461.0,2458.0,2458.0,500,0.0,0.0
2023-07-28 14:00:00+09:00,2456.0,2464.0,2456.0,2464.0,400,0.0,0.0
2023-07-31 09:00:00+09:00,2476.0,2476.0,2465.0,2465.0,800,0.0,0.0
2023-07-31 10:00:00+09:00,2464.0,2464.0,2462.0,2462.0,300,0.0,0.0
2023-07-31 11:00:00+09:00,2462.0,2462.0,2462.0,2462.0,0,0.0,0.0
2023-07-31 12:00:00+09:00,2461.0,2463.0,2461.0,2463.0,1300,0.0,0.0
2023-07-31 14:00:00+09:00,2463.0,2465.0,2459.0,2459.0,700,0.0,0.0
2023-08-01 09:00:00+09:00,2459.0,2459.0,2459.0,2459.0,500,0.0,0.0
2023-08-01 11:00:00+09:00,2460.0,2460.0,2460.0,2460.0,0,0.0,0.0
2023-08-01 12:00:00+09:00,2459.0,2459.0,2455.0,2455.0,1300,0.0,0.0
2023-08-01 13:00:00+09:00,2462.0,2462.0,2462.0,2462.0,200,0.0,0.0
2023-08-02 09:00:00+09:00,2474.0,2474.0,2474.0,2474.0,500,0.0,0.0
2023-08-02 10:00:00+09:00,2470.0,2472.0,2470.0,2472.0,300,0.0,0.0
2023-08-02 11:00:00+09:00,2472.0,2472.0,2472.0,2472.0,0,0.0,0.0
2023-08-02 12:00:00+09:00,2469.0,2469.0,2465.0,2465.0,1000,0.0,0.0
2023-08-02 14:00:00+09:00,2465.0,2465.0,2465.0,2465.0,100,0.0,0.0
2023-08-03 09:00:00+09:00,2471.0,2471.0,2467.0,2471.0,600,0.0,0.0
2023-08-03 10:00:00+09:00,2471.0,2471.0,2471.0,2471.0,100,0.0,0.0
2023-08-03 11:00:00+09:00,2471.0,2471.0,2471.0,2471.0,0,0.0,0.0
2023-08-03 12:00:00+09:00,2468.0,2468.0,2468.0,2468.0,800,0.0,0.0
2023-08-03 14:00:00+09:00,2469.0,2470.0,2468.0,2470.0,400,0.0,0.0
2023-08-04 09:00:00+09:00,2470.0,2470.0,2468.0,2468.0,500,0.0,0.0
2023-08-04 10:00:00+09:00,2466.0,2471.0,2466.0,2471.0,300,0.0,0.0
2023-08-04 11:00:00+09:00,2471.0,2471.0,2471.0,2471.0,0,0.0,0.0
2023-08-04 12:00:00+09:00,2471.0,2471.0,2467.0,2467.0,1000,0.0,0.0
2023-08-04 14:00:00+09:00,2467.0,2467.0,2467.0,2467.0,100,0.0,0.0
2023-08-07 09:00:00+09:00,2470.0,2470.0,2467.0,2467.0,300,0.0,0.0
2023-08-07 10:00:00+09:00,2467.0,2470.0,2467.0,2470.0,300,0.0,0.0
2023-08-07 11:00:00+09:00,2470.0,2470.0,2470.0,2470.0,0,0.0,0.0
2023-08-07 12:00:00+09:00,2470.0,2470.0,2467.0,2467.0,1000,0.0,0.0
2023-08-08 09:00:00+09:00,2478.0,2478.0,2478.0,2478.0,200,0.0,0.0
2023-08-08 10:00:00+09:00,2478.0,2479.0,2478.0,2479.0,500,0.0,0.0
2023-08-08 11:00:00+09:00,2479.0,2479.0,2476.0,2476.0,0,0.0,0.0
2023-08-08 12:00:00+09:00,2475.0,2475.0,2475.0,2475.0,1100,0.0,0.0
2023-08-08 14:00:00+09:00,2476.0,2479.0,2475.0,2475.0,400,0.0,0.0
2023-08-09 09:00:00+09:00,2475.0,2475.0,2475.0,2475.0,100,0.0,0.0
2023-08-09 10:00:00+09:00,2475.0,2475.0,2475.0,2475.0,100,0.0,0.0
2023-08-09 11:00:00+09:00,2477.0,2477.0,2477.0,2477.0,0,0.0,0.0
2023-08-09 12:00:00+09:00,2478.0,2478.0,2472.0,2472.0,1000,0.0,0.0
2023-08-09 13:00:00+09:00,2471.0,2471.0,2471.0,2471.0,100,0.0,0.0
2023-08-09 14:00:00+09:00,2475.0,2475.0,2475.0,2475.0,200,0.0,0.0
2023-08-10 09:00:00+09:00,2480.0,2488.0,2479.0,2483.0,1600,0.0,0.0
2023-08-10 10:00:00+09:00,2492.0,2492.0,2485.0,2485.0,400,0.0,0.0
2023-08-10 11:00:00+09:00,2486.0,2490.0,2486.0,2490.0,0,0.0,0.0
2023-08-10 12:00:00+09:00,2490.0,2498.0,2490.0,2498.0,2600,0.0,0.0
2023-08-10 13:00:00+09:00,2498.0,2500.0,2487.0,2487.0,1900,0.0,0.0
2023-08-10 14:00:00+09:00,2499.0,2499.0,2491.0,2491.0,200,0.0,0.0
2023-08-14 09:00:00+09:00,2473.0,2489.0,2468.0,2485.0,4400,0.0,0.0
2023-08-14 10:00:00+09:00,2487.0,2487.0,2482.0,2487.0,400,0.0,0.0
2023-08-14 11:00:00+09:00,2487.0,2487.0,2480.0,2480.0,0,0.0,0.0
2023-08-14 12:00:00+09:00,2475.0,2477.0,2475.0,2477.0,5400,0.0,0.0
2023-08-14 13:00:00+09:00,2487.0,2487.0,2478.0,2478.0,200,0.0,0.0
2023-08-14 14:00:00+09:00,2478.0,2478.0,2472.0,2472.0,1100,0.0,0.0
2023-08-15 09:00:00+09:00,2471.0,2471.0,2467.0,2467.0,400,0.0,0.0
2023-08-15 10:00:00+09:00,2468.0,2468.0,2460.0,2460.0,900,0.0,0.0
2023-08-15 11:00:00+09:00,2460.0,2460.0,2459.0,2460.0,0,0.0,0.0
2023-08-15 12:00:00+09:00,2460.0,2460.0,2460.0,2460.0,2000,0.0,0.0
2023-08-15 14:00:00+09:00,2460.0,2462.0,2426.0,2428.0,2900,0.0,0.0
2023-08-16 09:00:00+09:00,2449.0,2449.0,2405.0,2405.0,2000,0.0,0.0
2023-08-16 10:00:00+09:00,2410.0,2410.0,2410.0,2410.0,100,0.0,0.0
2023-08-16 11:00:00+09:00,2410.0,2410.0,2410.0,2410.0,0,0.0,0.0
2023-08-16 12:00:00+09:00,2432.0,2432.0,2432.0,2432.0,2200,0.0,0.0
2023-08-16 14:00:00+09:00,2420.0,2420.0,2415.0,2415.0,400,0.0,0.0
2023-08-17 09:00:00+09:00,2410.0,2410.0,2410.0,2410.0,300,0.0,0.0
2023-08-17 10:00:00+09:00,2410.0,2410.0,2374.0,2376.0,3200,0.0,0.0
2023-08-17 11:00:00+09:00,2378.0,2380.0,2378.0,2378.0,0,0.0,0.0
2023-08-17 12:00:00+09:00,2421.0,2421.0,2380.0,2380.0,0,0.0,0.0
2023-08-17 13:00:00+09:00,2400.0,2400.0,2382.0,2393.0,4400,0.0,0.0
2023-08-17 14:00:00+09:00,2414.0,2414.0,2391.0,2391.0,200,0.0,0.0
2023-08-18 09:00:00+09:00,2385.0,2386.0,2385.0,2385.0,500,0.0,0.0
2023-08-18 10:00:00+09:00,2393.0,2403.0,2385.0,2385.0,600,0.0,0.0
2023-08-18 11:00:00+09:00,2390.0,2390.0,2390.0,2390.0,0,0.0,0.0
2023-08-18 12:00:00+09:00,2390.0,2390.0,2355.0,2356.0,3600,0.0,0.0
2023-08-18 14:00:00+09:00,2363.0,2363.0,2362.0,2362.0,200,0.0,0.0
2023-08-21 09:00:00+09:00,2371.0,2374.0,2371.0,2374.0,300,0.0,0.0
2023-08-21 10:00:00+09:00,2380.0,2380.0,2380.0,2380.0,0,0.0,0.0
2023-08-21 11:00:00+09:00,2377.0,2377.0,2377.0,2377.0,0,0.0,0.0
2023-08-22 09:00:00+09:00,2388.0,2399.0,2382.0,2399.0,1200,0.0,0.0
2023-08-22 10:00:00+09:00,2400.0,2404.0,2396.0,2396.0,500,0.0,0.0
2023-08-22 11:00:00+09:00,2396.0,2396.0,2396.0,2396.0,0,0.0,0.0
2023-08-22 12:00:00+09:00,2385.0,2385.0,2385.0,2385.0,2100,0.0,0.0
2023-08-22 13:00:00+09:00,2383.0,2383.0,2383.0,2383.0,100,0.0,0.0
2023-08-23 09:00:00+09:00,2400.0,2400.0,2388.0,2388.0,400,0.0,0.0
2023-08-23 10:00:00+09:00,2400.0,2403.0,2400.0,2403.0,200,0.0,0.0
2023-08-23 11:00:00+09:00,2403.0,2403.0,2403.0,2403.0,0,0.0,0.0
2023-08-23 12:00:00+09:00,2400.0,2400.0,2400.0,2400.0,800,0.0,0.0
2023-08-24 09:00:00+09:00,2400.0,2400.0,2397.0,2397.0,0,0.0,0.0
2023-08-24 10:00:00+09:00,2398.0,2403.0,2398.0,2403.0,600,0.0,0.0
2023-08-24 11:00:00+09:00,2403.0,2403.0,2403.0,2403.0,0,0.0,0.0
2023-08-24 12:00:00+09:00,2400.0,2401.0,2398.0,2398.0,1100,0.0,0.0
2023-08-24 13:00:00+09:00,2397.0,2397.0,2397.0,2397.0,100,0.0,0.0
2023-08-24 14:00:00+09:00,2397.0,2397.0,2396.0,2396.0,400,0.0,0.0
2023-08-25 09:00:00+09:00,2395.0,2395.0,2395.0,2395.0,400,0.0,0.0
2023-08-25 10:00:00+09:00,2396.0,2396.0,2386.0,2386.0,700,0.0,0.0
2023-08-25 11:00:00+09:00,2386.0,2386.0,2386.0,2386.0,0,0.0,0.0
2023-08-25 12:00:00+09:00,2387.0,2387.0,2387.0,2387.0,0,0.0,0.0
2023-08-28 09:00:00+09:00,2387.0,2398.0,2387.0,2388.0,2200,0.0,0.0
2023-08-28 10:00:00+09:00,2392.0,2392.0,2392.0,2392.0,100,0.0,0.0
2023-08-28 11:00:00+09:00,2392.0,2392.0,2392.0,2392.0,0,0.0,0.0
2023-08-28 12:00:00+09:00,2388.0,2392.0,2388.0,2392.0,2500,0.0,0.0
2023-08-28 13:00:00+09:00,2392.0,2392.0,2392.0,2392.0,0,0.0,0.0
2023-08-28 14:00:00+09:00,2399.0,2399.0,2399.0,2399.0,2800,0.0,0.0
2023-08-29 09:00:00+09:00,2400.0,2400.0,2390.0,2390.0,700,0.0,0.0
2023-08-29 11:00:00+09:00,2399.0,2399.0,2392.0,2399.0,0,0.0,0.0
2023-08-29 12:00:00+09:00,2400.0,2400.0,2400.0,2400.0,0,0.0,0.0
2023-08-29 13:00:00+09:00,2396.0,2396.0,2395.0,2395.0,1500,0.0,0.0
2023-08-29 14:00:00+09:00,2401.0,2401.0,2401.0,2401.0,100,0.0,0.0
2023-08-30 09:00:00+09:00,2403.0,2404.0,2402.0,2404.0,800,0.0,0.0
2023-08-30 10:00:00+09:00,2404.0,2404.0,2403.0,2403.0,400,0.0,0.0
2023-08-30 11:00:00+09:00,2403.0,2403.0,2403.0,2403.0,0,0.0,0.0
2023-08-30 13:00:00+09:00,2405.0,2405.0,2392.0,2392.0,2600,0.0,0.0
2023-08-30 14:00:00+09:00,2391.0,2392.0,2380.0,2386.0,2800,0.0,0.0
2023-08-31 09:00:00+09:00,2391.0,2392.0,2383.0,2383.0,600,0.0,0.0
2023-08-31 10:00:00+09:00,2392.0,2392.0,2390.0,2390.0,200,0.0,0.0
2023-08-31 11:00:00+09:00,2387.0,2387.0,2386.0,2386.0,0,0.0,0.0
2023-08-31 12:00:00+09:00,2388.0,2393.0,2388.0,2393.0,1200,0.0,0.0
2023-08-31 13:00:00+09:00,2388.0,2388.0,2388.0,2388.0,100,0.0,0.0
2023-08-31 14:00:00+09:00,2387.0,2391.0,2386.0,2387.0,500,0.0,0.0
2023-09-01 09:00:00+09:00,2406.0,2406.0,2391.0,2391.0,300,0.0,0.0
2023-09-01 10:00:00+09:00,2400.0,2400.0,2400.0,2400.0,100,0.0,0.0
2023-09-01 11:00:00+09:00,2400.0,2400.0,2400.0,2400.0,0,0.0,0.0
2023-09-01 12:00:00+09:00,2401.0,2404.0,2401.0,2404.0,600,0.0,0.0
2023-09-01 13:00:00+09:00,2403.0,2403.0,2403.0,2403.0,100,0.0,0.0
2023-09-04 09:00:00+09:00,2410.0,2410.0,2410.0,2410.0,300,0.0,0.0
2023-09-04 10:00:00+09:00,2414.0,2414.0,2414.0,2414.0,200,0.0,0.0
2023-09-04 11:00:00+09:00,2418.0,2418.0,2418.0,2418.0,0,0.0,0.0
2023-09-04 12:00:00+09:00,2419.0,2419.0,2414.0,2414.0,1000,0.0,0.0
2023-09-04 13:00:00+09:00,2421.0,2423.0,2414.0,2414.0,500,0.0,0.0
2023-09-04 14:00:00+09:00,2426.0,2426.0,2426.0,2426.0,100,0.0,0.0
2023-09-05 09:00:00+09:00,2418.0,2418.0,2418.0,2418.0,200,0.0,0.0
2023-09-05 10:00:00+09:00,2425.0,2425.0,2425.0,2425.0,100,0.0,0.0
2023-09-05 11:00:00+09:00,2426.0,2426.0,2426.0,2426.0,0,0.0,0.0
2023-09-05 13:00:00+09:00,2427.0,2429.0,2427.0,2429.0,700,0.0,0.0
2023-09-05 14:00:00+09:00,2425.0,2425.0,2425.0,2425.0,100,0.0,0.0
2023-09-06 09:00:00+09:00,2425.0,2440.0,2424.0,2440.0,500,0.0,0.0
2023-09-06 10:00:00+09:00,2440.0,2440.0,2440.0,2440.0,0,0.0,0.0
2023-09-06 11:00:00+09:00,2440.0,2440.0,2440.0,2440.0,0,0.0,0.0
2023-09-06 12:00:00+09:00,2435.0,2435.0,2435.0,2435.0,700,0.0,0.0
2023-09-06 14:00:00+09:00,2432.0,2432.0,2432.0,2432.0,100,0.0,0.0
2023-09-07 09:00:00+09:00,2442.0,2442.0,2434.0,2437.0,400,0.0,0.0
2023-09-07 11:00:00+09:00,2436.0,2436.0,2436.0,2436.0,0,0.0,0.0
2023-09-07 12:00:00+09:00,2435.0,2435.0,2435.0,2435.0,600,0.0,0.0
2023-09-07 13:00:00+09:00,2434.0,2434.0,2434.0,2434.0,100,0.0,0.0
2023-09-07 14:00:00+09:00,2436.0,2436.0,2436.0,2436.0,100,0.0,0.0
2023-09-08 09:00:00+09:00,2436.0,2436.0,2436.0,2436.0,100,0.0,0.0
2023-09-08 11:00:00+09:00,2435.0,2435.0,2435.0,2435.0,0,0.0,0.0
2023-09-08 12:00:00+09:00,2438.0,2438.0,2438.0,2438.0,400,0.0,0.0
2023-09-08 13:00:00+09:00,2438.0,2438.0,2438.0,2438.0,100,0.0,0.0
2023-09-11 09:00:00+09:00,2430.0,2431.0,2430.0,2431.0,700,0.0,0.0
2023-09-11 10:00:00+09:00,2431.0,2431.0,2431.0,2431.0,100,0.0,0.0
2023-09-11 11:00:00+09:00,2431.0,2431.0,2431.0,2431.0,0,0.0,0.0
2023-09-11 12:00:00+09:00,2432.0,2432.0,2411.0,2411.0,3100,0.0,0.0
2023-09-11 13:00:00+09:00,2411.0,2411.0,2410.0,2410.0,200,0.0,0.0
2023-09-11 14:00:00+09:00,2411.0,2411.0,2410.0,2410.0,200,0.0,0.0
2023-09-12 09:00:00+09:00,2410.0,2420.0,2410.0,2420.0,0,0.0,0.0
2023-09-12 10:00:00+09:00,2418.0,2418.0,2418.0,2418.0,300,0.0,0.0
2023-09-12 11:00:00+09:00,2418.0,2418.0,2418.0,2418.0,0,0.0,0.0
2023-09-12 12:00:00+09:00,2412.0,2412.0,2412.0,2412.0,400,0.0,0.0
2023-09-12 13:00:00+09:00,2415.0,2415.0,2415.0,2415.0,200,0.0,0.0
2023-09-12 14:00:00+09:00,2417.0,2417.0,2413.0,2413.0,200,0.0,0.0
2023-09-13 09:00:00+09:00,2409.0,2417.0,2409.0,2409.0,500,0.0,0.0
2023-09-13 10:00:00+09:00,2410.0,2410.0,2410.0,2410.0,100,0.0,0.0
2023-09-13 11:00:00+09:00,2410.0,2410.0,2410.0,2410.0,0,0.0,0.0
2023-09-13 12:00:00+09:00,2416.0,2416.0,2413.0,2413.0,1000,0.0,0.0
2023-09-13 13:00:00+09:00,2416.0,2416.0,2416.0,2416.0,100,0.0,0.0
2023-09-14 09:00:00+09:00,2431.0,2431.0,2412.0,2423.0,400,0.0,0.0
2023-09-14 10:00:00+09:00,2414.0,2414.0,2411.0,2411.0,600,0.0,0.0
2023-09-14 11:00:00+09:00,2411.0,2411.0,2411.0,2411.0,0,0.0,0.0
2023-09-14 12:00:00+09:00,2409.0,2412.0,2409.0,2412.0,2000,0.0,0.0
2023-09-14 13:00:00+09:00,2411.0,2411.0,2410.0,2410.0,400,0.0,0.0
2023-09-15 09:00:00+09:00,2415.0,2415.0,2410.0,2410.0,300,0.0,0.0
2023-09-15 10:00:00+09:00,2416.0,2416.0,2415.0,2415.0,200,0.0,0.0
2023-09-15 11:00:00+09:00,2415.0,2415.0,2415.0,2415.0,0,0.0,0.0
2023-09-15 12:00:00+09:00,2424.0,2425.0,2424.0,2425.0,700,0.0,0.0
2023-09-15 13:00:00+09:00,2420.0,2420.0,2412.0,2412.0,300,0.0,0.0
2023-09-15 14:00:00+09:00,2423.0,2425.0,2423.0,2425.0,200,0.0,0.0
2023-09-19 09:00:00+09:00,2430.0,2430.0,2408.0,2408.0,0,0.0,0.0
2023-09-19 10:00:00+09:00,2411.0,2411.0,2411.0,2411.0,2400,0.0,0.0
2023-09-19 11:00:00+09:00,2428.0,2428.0,2415.0,2415.0,0,0.0,0.0
2023-09-19 12:00:00+09:00,2429.0,2429.0,2412.0,2415.0,3300,0.0,0.0
2023-09-19 13:00:00+09:00,2412.0,2412.0,2406.0,2406.0,800,0.0,0.0
2023-09-19 14:00:00+09:00,2426.0,2426.0,2426.0,2426.0,100,0.0,0.0
2023-09-20 09:00:00+09:00,2420.0,2420.0,2420.0,2420.0,300,0.0,0.0
2023-09-20 10:00:00+09:00,2410.0,2416.0,2410.0,2416.0,400,0.0,0.0
2023-09-20 11:00:00+09:00,2416.0,2416.0,2416.0,2416.0,0,0.0,0.0
2023-09-20 12:00:00+09:00,2416.0,2416.0,2410.0,2410.0,1000,0.0,0.0
2023-09-20 13:00:00+09:00,2410.0,2410.0,2410.0,2410.0,100,0.0,0.0
2023-09-20 14:00:00+09:00,2414.0,2414.0,2412.0,2412.0,200,0.0,0.0
2023-09-21 09:00:00+09:00,2413.0,2413.0,2408.0,2408.0,200,0.0,0.0
2023-09-21 10:00:00+09:00,2409.0,2409.0,2395.0,2399.0,3400,0.0,0.0
2023-09-21 11:00:00+09:00,2399.0,2400.0,2399.0,2400.0,0,0.0,0.0
2023-09-21 12:00:00+09:00,2400.0,2400.0,2399.0,2400.0,4500,0.0,0.0
2023-09-21 13:00:00+09:00,2410.0,2410.0,2406.0,2406.0,300,0.0,0.0
2023-09-21 14:00:00+09:00,2410.0,2413.0,2405.0,2413.0,400,0.0,0.0
2023-09-22 09:00:00+09:00,2419.0,2419.0,2411.0,2411.0,600,0.0,0.0
2023-09-22 10:00:00+09:00,2411.0,2414.0,2405.0,2412.0,700,0.0,0.0
2023-09-22 11:00:00+09:00,2406.0,2412.0,2406.0,2412.0,0,0.0,0.0
2023-09-22 12:00:00+09:00,2412.0,2412.0,2410.0,2410.0,1700,0.0,0.0
2023-09-22 13:00:00+09:00,2413.0,2413.0,2406.0,2406.0,400,0.0,0.0
2023-09-22 14:00:00+09:00,2404.0,2406.0,2404.0,2406.0,200,0.0,0.0
2023-09-25 09:00:00+09:00,2410.0,2417.0,2409.0,2417.0,1200,0.0,0.0
2023-09-25 10:00:00+09:00,2418.0,2439.0,2407.0,2407.0,3200,0.0,0.0
2023-09-25 11:00:00+09:00,2407.0,2407.0,2402.0,2402.0,0,0.0,0.0
2023-09-25 12:00:00+09:00,2433.0,2433.0,2433.0,2433.0,6100,0.0,0.0
2023-09-25 13:00:00+09:00,2429.0,2429.0,2411.0,2411.0,300,0.0,0.0
2023-09-25 14:00:00+09:00,2411.0,2411.0,2410.0,2410.0,400,0.0,0.0
2023-09-26 09:00:00+09:00,2433.0,2433.0,2410.0,2413.0,500,0.0,0.0
2023-09-26 10:00:00+09:00,2411.0,2411.0,2406.0,2406.0,200,0.0,0.0
2023-09-26 11:00:00+09:00,2409.0,2409.0,2405.0,2409.0,0,0.0,0.0
2023-09-26 12:00:00+09:00,2410.0,2410.0,2410.0,2410.0,1300,0.0,0.0
2023-09-26 13:00:00+09:00,2414.0,2414.0,2408.0,2408.0,700,0.0,0.0
2023-09-26 14:00:00+09:00,2408.0,2410.0,2407.0,2407.0,1400,0.0,0.0
2023-09-27 09:00:00+09:00,2420.0,2420.0,2410.0,2410.0,500,0.0,0.0
2023-09-27 10:00:00+09:00,2413.0,2418.0,2413.0,2418.0,200,0.0,0.0
2023-09-27 11:00:00+09:00,2420.0,2421.0,2420.0,2421.0,0,0.0,0.0
2023-09-27 12:00:00+09:00,2428.0,2428.0,2417.0,2417.0,2100,0.0,0.0
2023-09-27 13:00:00+09:00,2420.0,2421.0,2418.0,2421.0,500,0.0,0.0
2023-09-27 14:00:00+09:00,2425.0,2430.0,2423.0,2423.0,1400,0.0,0.0
2023-09-28 09:00:00+09:00,2380.0,2393.0,2353.0,2384.0,2800,0.0,0.0
2023-09-28 10:00:00+09:00,2376.0,2376.0,2374.0,2374.0,400,0.0,0.0
2023-09-28 11:00:00+09:00,2374.0,2374.0,2374.0,2374.0,0,0.0,0.0
2023-09-28 12:00:00+09:00,2375.0,2385.0,2375.0,2385.0,3700,0.0,0.0
2023-09-28 13:00:00+09:00,2381.0,2381.0,2374.0,2374.0,600,0.0,0.0
2023-09-28 14:00:00+09:00,2375.0,2381.0,2374.0,2381.0,900,0.0,0.0
2023-09-29 09:00:00+09:00,2382.0,2382.0,2361.0,2362.0,0,0.0,0.0
2023-09-29 10:00:00+09:00,2378.0,2378.0,2378.0,2378.0,1100,0.0,0.0
2023-09-29 11:00:00+09:00,2378.0,2378.0,2378.0,2378.0,0,0.0,0.0
2023-09-29 12:00:00+09:00,2378.0,2378.0,2370.0,2370.0,1300,0.0,0.0
2023-09-29 14:00:00+09:00,2370.0,2370.0,2365.0,2365.0,400,0.0,0.0
2023-10-02 09:00:00+09:00,2366.0,2366.0,2366.0,2366.0,500,0.0,0.0
2023-10-02 10:00:00+09:00,2366.0,2366.0,2366.0,2366.0,100,0.0,0.0
2023-10-02 11:00:00+09:00,2366.0,2366.0,2366.0,2366.0,0,0.0,0.0
2023-10-02 12:00:00+09:00,2366.0,2370.0,2366.0,2370.0,1100,0.0,0.0
2023-10-02 14:00:00+09:00,2370.0,2370.0,2367.0,2367.0,300,0.0,0.0
2023-10-03 09:00:00+09:00,2370.0,2370.0,2358.0,2358.0,2100,0.0,0.0
2023-10-03 10:00:00+09:00,2357.0,2357.0,2345.0,2350.0,1900,0.0,0.0
2023-10-03 11:00:00+09:00,2348.0,2348.0,2348.0,2348.0,0,0.0,0.0
2023-10-03 12:00:00+09:00,2348.0,2348.0,2315.0,2315.0,5600,0.0,0.0
2023-10-03 13:00:00+09:00,2315.0,2325.0,2315.0,2325.0,200,0.0,0.0
2023-10-04 09:00:00+09:00,2325.0,2330.0,2320.0,2329.0,3000,0.0,0.0
2023-10-04 10:00:00+09:00,2316.0,2316.0,2316.0,2316.0,200,0.0,0.0
2023-10-04 11:00:00+09:00,2316.0,2316.0,2315.0,2315.0,0,0.0,0.0
2023-10-04 12:00:00+09:00,2311.0,2311.0,2311.0,2311.0,3800,0.0,0.0
2023-10-04 13:00:00+09:00,2311.0,2311.0,2303.0,2303.0,500,0.0,0.0
2023-10-04 14:00:00+09:00,2315.0,2315.0,2305.0,2305.0,200,0.0,0.0
2023-10-05 09:00:00+09:00,2307.0,2318.0,2307.0,2318.0,0,0.0,0.0
2023-10-05 10:00:00+09:00,2319.0,2320.0,2312.0,2320.0,1000,0.0,0.0
2023-10-05 11:00:00+09:00,2326.0,2326.0,2326.0,2326.0,0,0.0,0.0
2023-10-05 12:00:00+09:00,2330.0,2330.0,2330.0,2330.0,1200,0.0,0.0
2023-10-06 09:00:00+09:00,2336.0,2348.0,2336.0,2337.0,400,0.0,0.0
2023-10-06 11:00:00+09:00,2337.0,2337.0,2337.0,2337.0,0,0.0,0.0
2023-10-06 13:00:00+09:00,2344.0,2344.0,2344.0,2344.0,600,0.0,0.0
2023-10-06 14:00:00+09:00,2347.0,2348.0,2347.0,2348.0,200,0.0,0.0
2023-10-10 09:00:00+09:00,2357.0,2357.0,2356.0,2356.0,500,0.0,0.0
2023-10-10 10:00:00+09:00,2350.0,2350.0,2350.0,2350.0,100,0.0,0.0
2023-10-10 11:00:00+09:00,2350.0,2350.0,2350.0,2350.0,0,0.0,0.0
2023-10-10 12:00:00+09:00,2345.0,2350.0,2345.0,2350.0,1000,0.0,0.0
2023-10-10 13:00:00+09:00,2347.0,2347.0,2345.0,2345.0,300,0.0,0.0
2023-10-10 14:00:00+09:00,2345.0,2349.0,2345.0,2349.0,200,0.0,0.0
2023-10-11 09:00:00+09:00,2345.0,2345.0,2345.0,2345.0,100,0.0,0.0
2023-10-11 10:00:00+09:00,2344.0,2344.0,2344.0,2344.0,100,0.0,0.0
2023-10-11 11:00:00+09:00,2344.0,2344.0,2344.0,2344.0,0,0.0,0.0
2023-10-11 12:00:00+09:00,2344.0,2344.0,2344.0,2344.0,300,0.0,0.0
2023-10-11 13:00:00+09:00,2341.0,2347.0,2341.0,2342.0,300,0.0,0.0
2023-10-11 14:00:00+09:00,2342.0,2342.0,2342.0,2342.0,100,0.0,0.0
2023-10-12 09:00:00+09:00,2341.0,2341.0,2341.0,2341.0,700,0.0,0.0
2023-10-12 10:00:00+09:00,2340.0,2340.0,2340.0,2340.0,100,0.0,0.0
2023-10-12 11:00:00+09:00,2340.0,2340.0,2340.0,2340.0,0,0.0,0.0
2023-10-12 12:00:00+09:00,2341.0,2341.0,2341.0,2341.0,900,0.0,0.0
2023-10-13 09:00:00+09:00,2346.0,2346.0,2341.0,2341.0,200,0.0,0.0
2023-10-13 10:00:00+09:00,2341.0,2341.0,2338.0,2338.0,700,0.0,0.0
2023-10-13 11:00:00+09:00,2338.0,2338.0,2338.0,2338.0,0,0.0,0.0
2023-10-13 14:00:00+09:00,2338.0,2338.0,2338.0,2338.0,1100,0.0,0.0
2023-10-16 09:00:00+09:00,2338.0,2338.0,2329.0,2329.0,2100,0.0,0.0
2023-10-16 10:00:00+09:00,2327.0,2327.0,2327.0,2327.0,200,0.0,0.0
2023-10-16 11:00:00+09:00,2327.0,2327.0,2327.0,2327.0,0,0.0,0.0
2023-10-16 12:00:00+09:00,2320.0,2320.0,2320.0,2320.0,2800,0.0,0.0
2023-10-16 14:00:00+09:00,2320.0,2320.0,2320.0,2320.0,100,0.0,0.0
2023-10-17 09:00:00+09:00,2336.0,2336.0,2327.0,2327.0,0,0.0,0.0
2023-10-17 11:00:00+09:00,2315.0,2315.0,2315.0,2315.0,0,0.0,0.0
2023-10-17 12:00:00+09:00,2315.0,2315.0,2315.0,2315.0,500,0.0,0.0
2023-10-18 09:00:00+09:00,2330.0,2330.0,2330.0,2330.0,100,0.0,0.0
2023-10-18 11:00:00+09:00,2330.0,2330.0,2330.0,2330.0,0,0.0,0.0
2023-10-18 13:00:00+09:00,2319.0,2320.0,2319.0,2320.0,300,0.0,0.0
2023-10-18 14:00:00+09:00,2320.0,2320.0,2320.0,2320.0,100,0.0,0.0
2023-10-19 09:00:00+09:00,2318.0,2330.0,2316.0,2322.0,600,0.0,0.0
2023-10-19 11:00:00+09:00,2315.0,2315.0,2315.0,2315.0,0,0.0,0.0
2023-10-19 13:00:00+09:00,2315.0,2315.0,2315.0,2315.0,900,0.0,0.0
2023-10-19 14:00:00+09:00,2317.0,2317.0,2317.0,2317.0,100,0.0,0.0
2023-10-20 09:00:00+09:00,2317.0,2321.0,2316.0,2321.0,400,0.0,0.0
2023-10-20 11:00:00+09:00,2317.0,2317.0,2317.0,2317.0,0,0.0,0.0
2023-10-20 13:00:00+09:00,2317.0,2317.0,2317.0,2317.0,600,0.0,0.0
2023-10-20 14:00:00+09:00,2317.0,2317.0,2317.0,2317.0,100,0.0,0.0
2023-10-23 09:00:00+09:00,2321.0,2322.0,2321.0,2321.0,500,0.0,0.0
2023-10-23 11:00:00+09:00,2321.0,2321.0,2321.0,2321.0,0,0.0,0.0
2023-10-23 12:00:00+09:00,2321.0,2322.0,2320.0,2320.0,1000,0.0,0.0
2023-10-23 13:00:00+09:00,2318.0,2320.0,2318.0,2320.0,200,0.0,0.0
2023-10-23 14:00:00+09:00,2318.0,2318.0,2318.0,2318.0,100,0.0,0.0
2023-10-24 09:00:00+09:00,2318.0,2318.0,2310.0,2310.0,0,0.0,0.0
2023-10-24 10:00:00+09:00,2306.0,2306.0,2302.0,2302.0,900,0.0,0.0
2023-10-24 11:00:00+09:00,2302.0,2302.0,2302.0,2302.0,0,0.0,0.0
2023-10-24 13:00:00+09:00,2303.0,2312.0,2303.0,2312.0,1300,0.0,0.0
2023-10-24 14:00:00+09:00,2312.0,2312.0,2312.0,2312.0,100,0.0,0.0
2023-10-25 09:00:00+09:00,2336.0,2336.0,2313.0,2313.0,400,0.0,0.0
2023-10-25 10:00:00+09:00,2327.0,2327.0,2327.0,2327.0,100,0.0,0.0
2023-10-25 11:00:00+09:00,2327.0,2327.0,2327.0,2327.0,0,0.0,0.0
2023-10-25 12:00:00+09:00,2317.0,2317.0,2317.0,2317.0,600,0.0,0.0
2023-10-25 14:00:00+09:00,2321.0,2321.0,2320.0,2320.0,200,0.0,0.0
2023-10-26 09:00:00+09:00,2321.0,2321.0,2321.0,2321.0,400,0.0,0.0
2023-10-26 10:00:00+09:00,2315.0,2315.0,2315.0,2315.0,100,0.0,0.0
2023-10-26 11:00:00+09:00,2315.0,2315.0,2315.0,2315.0,0,0.0,0.0
2023-10-26 12:00:00+09:00,2315.0,2315.0,2315.0,2315.0,1100,0.0,0.0
2023-10-26 14:00:00+09:00,2317.0,2317.0,2317.0,2317.0,100,0.0,0.0
2023-10-27 09:00:00+09:00,2312.0,2312.0,2310.0,2310.0,1500,0.0,0.0
2023-10-27 11:00:00+09:00,2311.0,2316.0,2311.0,2316.0,0,0.0,0.0
2023-10-27 14:00:00+09:00,2318.0,2318.0,2318.0,2318.0,1900,0.0,0.0
2023-10-30 09:00:00+09:00,2326.0,2326.0,2310.0,2310.0,1100,0.0,0.0
2023-10-30 10:00:00+09:00,2314.0,2314.0,2310.0,2310.0,300,0.0,0.0
2023-10-30 11:00:00+09:00,2310.0,2310.0,2310.0,2310.0,0,0.0,0.0
2023-10-30 12:00:00+09:00,2309.0,2310.0,2309.0,2310.0,2300,0.0,0.0
2023-10-30 14:00:00+09:00,2313.0,2313.0,2313.0,2313.0,300,0.0,0.0
2023-10-31 09:00:00+09:00,2313.0,2313.0,2313.0,2313.0,100,0.0,0.0
2023-10-31 11:00:00+09:00,2313.0,2313.0,2313.0,2313.0,0,0.0,0.0
2023-10-31 12:00:00+09:00,2313.0,2313.0,2310.0,2310.0,400,0.0,0.0
2023-10-31 13:00:00+09:00,2310.0,2310.0,2310.0,2310.0,200,0.0,0.0
2023-10-31 14:00:00+09:00,2319.0,2327.0,2319.0,2327.0,300,0.0,0.0
2023-11-01 09:00:00+09:00,2327.0,2327.0,2327.0,2327.0,200,0.0,0.0
2023-11-01 10:00:00+09:00,2324.0,2324.0,2313.0,2324.0,300,0.0,0.0
2023-11-01 11:00:00+09:00,2324.0,2324.0,2324.0,2324.0,0,0.0,0.0
2023-11-01 13:00:00+09:00,2313.0,2313.0,2313.0,2313.0,600,0.0,0.0
2023-11-01 14:00:00+09:00,2315.0,2315.0,2315.0,2315.0,100,0.0,0.0
2023-11-02 09:00:00+09:00,2315.0,2315.0,2314.0,2314.0,300,0.0,0.0
2023-11-02 10:00:00+09:00,2314.0,2314.0,2314.0,2314.0,100,0.0,0.0
2023-11-02 11:00:00+09:00,2314.0,2314.0,2314.0,2314.0,0,0.0,0.0
2023-11-02 13:00:00+09:00,2315.0,2315.0,2315.0,2315.0,600,0.0,0.0
2023-11-02 14:00:00+09:00,2315.0,2315.0,2315.0,2315.0,100,0.0,0.0
2023-11-06 09:00:00+09:00,2318.0,2320.0,2318.0,2320.0,1100,0.0,0.0
2023-11-06 10:00:00+09:00,2322.0,2322.0,2322.0,2322.0,100,0.0,0.0
2023-11-06 11:00:00+09:00,2322.0,2322.0,2322.0,2322.0,0,0.0,0.0
2023-11-06 12:00:00+09:00,2322.0,2338.0,2322.0,2338.0,1600,0.0,0.0
2023-11-06 13:00:00+09:00,2330.0,2330.0,2330.0,2330.0,100,0.0,0.0
2023-11-06 14:00:00+09:00,2335.0,2335.0,2327.0,2327.0,200,0.0,0.0
2023-11-07 09:00:00+09:00,2339.0,2339.0,2339.0,2339.0,100,0.0,0.0
2023-11-07 10:00:00+09:00,2337.0,2337.0,2337.0,2337.0,100,0.0,0.0
2023-11-07 11:00:00+09:00,2339.0,2339.0,2339.0,2339.0,0,0.0,0.0
2023-11-07 12:00:00+09:00,2340.0,2340.0,2340.0,2340.0,700,0.0,0.0
2023-11-07 13:00:00+09:00,2339.0,2347.0,2339.0,2347.0,400,0.0,0.0
2023-11-07 14:00:00+09:00,2349.0,2370.0,2349.0,2370.0,500,0.0,0.0
2023-11-08 09:00:00+09:00,2370.0,2370.0,2370.0,2370.0,100,0.0,0.0
2023-11-08 11:00:00+09:00,2370.0,2370.0,2370.0,2370.0,0,0.0,0.0
2023-11-08 12:00:00+09:00,2355.0,2355.0,2355.0,2355.0,200,0.0,0.0
2023-11-08 14:00:00+09:00,2357.0,2357.0,2348.0,2348.0,600,0.0,0.0
2023-11-09 09:00:00+09:00,2332.0,2340.0,2332.0,2340.0,400,0.0,0.0
2023-11-09 11:00:00+09:00,2350.0,2350.0,2350.0,2350.0,0,0.0,0.0
2023-11-09 12:00:00+09:00,2350.0,2350.0,2350.0,2350.0,700,0.0,0.0
2023-11-09 13:00:00+09:00,2350.0,2350.0,2350.0,2350.0,100,0.0,0.0
2023-11-09 14:00:00+09:00,2333.0,2362.0,2333.0,2362.0,200,0.0,0.0
2023-11-10 09:00:00+09:00,2334.0,2334.0,2332.0,2332.0,400,0.0,0.0
2023-11-10 10:00:00+09:00,2334.0,2334.0,2331.0,2331.0,400,0.0,0.0
2023-11-10 11:00:00+09:00,2333.0,2333.0,2333.0,2333.0,0,0.0,0.0
2023-11-10 12:00:00+09:00,2333.0,2333.0,2333.0,2333.0,1000,0.0,0.0
2023-11-10 14:00:00+09:00,2340.0,2348.0,2340.0,2347.0,300,0.0,0.0
2023-11-13 09:00:00+09:00,2321.0,2323.0,2291.0,2291.0,6400,0.0,0.0
2023-11-13 10:00:00+09:00,2291.0,2292.0,2290.0,2292.0,900,0.0,0.0
2023-11-13 11:00:00+09:00,2298.0,2300.0,2293.0,2293.0,0,0.0,0.0
2023-11-13 12:00:00+09:00,2300.0,2300.0,2300.0,2300.0,7800,0.0,0.0
2023-11-13 13:00:00+09:00,2300.0,2300.0,2295.0,2295.0,600,0.0,0.0
2023-11-13 14:00:00+09:00,2300.0,2300.0,2292.0,2292.0,400,0.0,0.0
2023-11-14 09:00:00+09:00,2300.0,2300.0,2300.0,2300.0,300,0.0,0.0
2023-11-14 10:00:00+09:00,2300.0,2300.0,2290.0,2295.0,1200,0.0,0.0
2023-11-14 11:00:00+09:00,2294.0,2294.0,2294.0,2294.0,0,0.0,0.0
2023-11-14 12:00:00+09:00,2294.0,2294.0,2294.0,2294.0,1700,0.0,0.0
2023-11-14 13:00:00+09:00,2292.0,2292.0,2292.0,2292.0,100,0.0,0.0
2023-11-14 14:00:00+09:00,2292.0,2293.0,2292.0,2293.0,400,0.0,0.0
2023-11-15 09:00:00+09:00,2292.0,2299.0,2292.0,2292.0,700,0.0,0.0
2023-11-15 10:00:00+09:00,2292.0,2292.0,2292.0,2292.0,200,0.0,0.0
2023-11-15 11:00:00+09:00,2292.0,2292.0,2292.0,2292.0,0,0.0,0.0
2023-11-15 12:00:00+09:00,2291.0,2291.0,2291.0,2291.0,1200,0.0,0.0
2023-11-15 13:00:00+09:00,2294.0,2294.0,2290.0,2290.0,1100,0.0,0.0
2023-11-15 14:00:00+09:00,2290.0,2290.0,2289.0,2289.0,200,0.0,0.0
2023-11-16 09:00:00+09:00,2295.0,2298.0,2286.0,2286.0,0,0.0,0.0
2023-11-16 10:00:00+09:00,2295.0,2295.0,2268.0,2268.0,3600,0.0,0.0
2023-11-16 11:00:00+09:00,2267.0,2267.0,2267.0,2267.0,0,0.0,0.0
2023-11-16 12:00:00+09:00,2267.0,2267.0,2266.0,2266.0,4200,0.0,0.0
2023-11-16 13:00:00+09:00,2269.0,2269.0,2269.0,2269.0,100,0.0,0.0
2023-11-16 14:00:00+09:00,2270.0,2270.0,2264.0,2264.0,1900,0.0,0.0
2023-11-17 09:00:00+09:00,2263.0,2277.0,2258.0,2277.0,1300,0.0,0.0
2023-11-17 10:00:00+09:00,2268.0,2268.0,2265.0,2265.0,300,0.0,0.0
2023-11-17 11:00:00+09:00,2265.0,2265.0,2265.0,2265.0,0,0.0,0.0
2023-11-17 12:00:00+09:00,2265.0,2265.0,2265.0,2265.0,1700,0.0,0.0
2023-11-20 09:00:00+09:00,2265.0,2268.0,2265.0,2268.0,700,0.0,0.0
2023-11-20 10:00:00+09:00,2268.0,2268.0,2268.0,2268.0,100,0.0,0.0
2023-11-20 11:00:00+09:00,2268.0,2268.0,2268.0,2268.0,0,0.0,0.0
2023-11-20 12:00:00+09:00,2268.0,2268.0,2267.0,2267.0,1200,0.0,0.0
2023-11-20 13:00:00+09:00,2265.0,2265.0,2264.0,2265.0,600,0.0,0.0
2023-11-20 14:00:00+09:00,2265.0,2265.0,2261.0,2261.0,1000,0.0,0.0
2023-11-21 09:00:00+09:00,2265.0,2265.0,2260.0,2261.0,700,0.0,0.0
2023-11-21 10:00:00+09:00,2261.0,2265.0,2260.0,2265.0,400,0.0,0.0
2023-11-21 11:00:00+09:00,2260.0,2260.0,2260.0,2260.0,0,0.0,0.0
2023-11-21 12:00:00+09:00,2260.0,2260.0,2260.0,2260.0,1500,0.0,0.0
2023-11-21 13:00:00+09:00,2260.0,2260.0,2260.0,2260.0,200,0.0,0.0
2023-11-22 09:00:00+09:00,2279.0,2279.0,2265.0,2265.0,400,0.0,0.0
2023-11-22 10:00:00+09:00,2269.0,2269.0,2262.0,2262.0,300,0.0,0.0
2023-11-22 11:00:00+09:00,2261.0,2261.0,2260.0,2260.0,0,0.0,0.0
2023-11-22 12:00:00+09:00,2260.0,2260.0,2260.0,2260.0,1100,0.0,0.0
2023-11-22 13:00:00+09:00,2263.0,2263.0,2262.0,2262.0,200,0.0,0.0
2023-11-22 14:00:00+09:00,2263.0,2263.0,2263.0,2263.0,100,0.0,0.0
2023-11-24 09:00:00+09:00,2261.0,2264.0,2261.0,2264.0,1300,0.0,0.0
2023-11-24 10:00:00+09:00,2265.0,2265.0,2265.0,2265.0,100,0.0,0.0
2023-11-24 11:00:00+09:00,2265.0,2265.0,2265.0,2265.0,0,0.0,0.0
2023-11-24 12:00:00+09:00,2265.0,2266.0,2265.0,2266.0,1800,0.0,0.0
2023-11-24 13:00:00+09:00,2266.0,2268.0,2266.0,2268.0,400,0.0,0.0
2023-11-24 14:00:00+09:00,2265.0,2270.0,2265.0,2270.0,300,0.0,0.0
2023-11-27 09:00:00+09:00,2263.0,2263.0,2262.0,2262.0,3300,0.0,0.0
2023-11-27 11:00:00+09:00,2263.0,2263.0,2262.0,2262.0,0,0.0,0.0
2023-11-27 12:00:00+09:00,2262.0,2262.0,2258.0,2258.0,5800,0.0,0.0
2023-11-28 09:00:00+09:00,2273.0,2273.0,2260.0,2260.0,900,0.0,0.0
2023-11-28 10:00:00+09:00,2262.0,2270.0,2260.0,2260.0,2000,0.0,0.0
2023-11-28 11:00:00+09:00,2260.0,2260.0,2260.0,2260.0,0,0.0,0.0
2023-11-28 12:00:00+09:00,2260.0,2261.0,2260.0,2261.0,3300,0.0,0.0
2023-11-28 14:00:00+09:00,2261.0,2261.0,2261.0,2261.0,100,0.0,0.0
2023-11-29 09:00:00+09:00,2267.0,2267.0,2260.0,2260.0,400,0.0,0.0
2023-11-29 11:00:00+09:00,2262.0,2262.0,2262.0,2262.0,0,0.0,0.0
2023-11-29 12:00:00+09:00,2262.0,2266.0,2262.0,2266.0,1200,0.0,0.0
2023-11-29 13:00:00+09:00,2266.0,2266.0,2266.0,2266.0,100,0.0,0.0
2023-11-29 14:00:00+09:00,2269.0,2269.0,2269.0,2269.0,100,0.0,0.0
2023-11-30 09:00:00+09:00,2265.0,2265.0,2264.0,2264.0,1100,0.0,0.0
2023-11-30 10:00:00+09:00,2263.0,2266.0,2261.0,2266.0,800,0.0,0.0
2023-11-30 11:00:00+09:00,2267.0,2267.0,2267.0,2267.0,0,0.0,0.0
2023-11-30 12:00:00+09:00,2261.0,2262.0,2261.0,2262.0,2300,0.0,0.0
2023-11-30 13:00:00+09:00,2261.0,2261.0,2261.0,2261.0,100,0.0,0.0
2023-11-30 14:00:00+09:00,2262.0,2265.0,2262.0,2265.0,200,0.0,0.0
2023-12-01 09:00:00+09:00,2262.0,2262.0,2262.0,2262.0,400,0.0,0.0
2023-12-01 10:00:00+09:00,2261.0,2265.0,2261.0,2265.0,600,0.0,0.0
2023-12-01 11:00:00+09:00,2267.0,2268.0,2267.0,2268.0,0,0.0,0.0
2023-12-01 12:00:00+09:00,2265.0,2265.0,2265.0,2265.0,1500,0.0,0.0
2023-12-01 13:00:00+09:00,2265.0,2265.0,2265.0,2265.0,100,0.0,0.0
2023-12-01 14:00:00+09:00,2265.0,2265.0,2265.0,2265.0,100,0.0,0.0
2023-12-04 09:00:00+09:00,2262.0,2262.0,2261.0,2261.0,500,0.0,0.0
2023-12-04 11:00:00+09:00,2264.0,2264.0,2261.0,2261.0,0,0.0,0.0
2023-12-04 12:00:00+09:00,2261.0,2261.0,2261.0,2261.0,800,0.0,0.0
2023-12-04 13:00:00+09:00,2261.0,2261.0,2260.0,2260.0,500,0.0,0.0
2023-12-04 14:00:00+09:00,2261.0,2262.0,2260.0,2262.0,400,0.0,0.0
2023-12-05 09:00:00+09:00,2263.0,2264.0,2263.0,2264.0,800,0.0,0.0
2023-12-05 10:00:00+09:00,2265.0,2265.0,2261.0,2261.0,200,0.0,0.0
2023-12-05 11:00:00+09:00,2262.0,2262.0,2262.0,2262.0,0,0.0,0.0
2023-12-05 12:00:00+09:00,2262.0,2264.0,2262.0,2264.0,1400,0.0,0.0
2023-12-05 13:00:00+09:00,2263.0,2263.0,2263.0,2263.0,100,0.0,0.0
2023-12-05 14:00:00+09:00,2261.0,2261.0,2261.0,2261.0,100,0.0,0.0
2023-12-06 09:00:00+09:00,2263.0,2264.0,2263.0,2263.0,500,0.0,0.0
2023-12-06 10:00:00+09:00,2262.0,2264.0,2261.0,2264.0,500,0.0,0.0
2023-12-06 11:00:00+09:00,2261.0,2261.0,2260.0,2261.0,0,0.0,0.0
2023-12-06 12:00:00+09:00,2261.0,2261.0,2260.0,2260.0,1700,0.0,0.0
2023-12-06 13:00:00+09:00,2260.0,2260.0,2260.0,2260.0,600,0.0,0.0
2023-12-06 14:00:00+09:00,2260.0,2264.0,2259.0,2259.0,600,0.0,0.0
2023-12-07 09:00:00+09:00,2260.0,2262.0,2259.0,2259.0,1300,0.0,0.0
2023-12-07 10:00:00+09:00,2261.0,2261.0,2261.0,2261.0,100,0.0,0.0
2023-12-07 11:00:00+09:00,2260.0,2260.0,2260.0,2260.0,0,0.0,0.0
2023-12-07 12:00:00+09:00,2260.0,2260.0,2259.0,2259.0,1900,0.0,0.0
2023-12-07 13:00:00+09:00,2258.0,2258.0,2256.0,2256.0,800,0.0,0.0
2023-12-07 14:00:00+09:00,2256.0,2257.0,2256.0,2256.0,700,0.0,0.0
2023-12-08 09:00:00+09:00,2255.0,2255.0,2241.0,2250.0,3300,0.0,0.0
2023-12-08 10:00:00+09:00,2254.0,2254.0,2248.0,2248.0,0,0.0,0.0
2023-12-08 11:00:00+09:00,2248.0,2248.0,2248.0,2248.0,0,0.0,0.0
2023-12-08 12:00:00+09:00,2248.0,2248.0,2247.0,2247.0,4200,0.0,0.0
2023-12-08 13:00:00+09:00,2247.0,2247.0,2245.0,2245.0,400,0.0,0.0
2023-12-08 14:00:00+09:00,2245.0,2245.0,2243.0,2243.0,600,0.0,0.0
2023-12-11 09:00:00+09:00,2245.0,2245.0,2231.0,2232.0,1900,0.0,0.0
2023-12-11 10:00:00+09:00,2232.0,2232.0,2226.0,2226.0,0,0.0,0.0
2023-12-11 11:00:00+09:00,2226.0,2226.0,2226.0,2226.0,0,0.0,0.0
2023-12-11 12:00:00+09:00,2226.0,2226.0,2220.0,2220.0,4500,0.0,0.0
2023-12-11 13:00:00+09:00,2222.0,2222.0,2219.0,2219.0,1300,0.0,0.0
2023-12-11 14:00:00+09:00,2219.0,2220.0,2218.0,2218.0,600,0.0,0.0
2023-12-12 09:00:00+09:00,2222.0,2222.0,2201.0,2210.0,0,0.0,0.0
2023-12-12 10:00:00+09:00,2210.0,2210.0,2210.0,2210.0,2200,0.0,0.0
2023-12-12 11:00:00+09:00,2205.0,2205.0,2205.0,2205.0,0,0.0,0.0
2023-12-12 12:00:00+09:00,2204.0,2204.0,2203.0,2203.0,2800,0.0,0.0
2023-12-12 13:00:00+09:00,2203.0,2203.0,2201.0,2201.0,400,0.0,0.0
2023-12-12 14:00:00+09:00,2203.0,2205.0,2201.0,2205.0,700,0.0,0.0
2023-12-13 09:00:00+09:00,2200.0,2204.0,2185.0,2185.0,3600,0.0,0.0
2023-12-13 10:00:00+09:00,2185.0,2189.0,2185.0,2187.0,300,0.0,0.0
2023-12-13 11:00:00+09:00,2187.0,2187.0,2187.0,2187.0,0,0.0,0.0
2023-12-13 12:00:00+09:00,2185.0,2185.0,2166.0,2166.0,5900,0.0,0.0
2023-12-13 13:00:00+09:00,2164.0,2164.0,2155.0,2157.0,1200,0.0,0.0
2023-12-13 14:00:00+09:00,2160.0,2165.0,2159.0,2160.0,900,0.0,0.0
2023-12-14 09:00:00+09:00,2165.0,2165.0,2150.0,2150.0,1800,0.0,0.0
2023-12-14 10:00:00+09:00,2145.0,2148.0,2144.0,2144.0,500,0.0,0.0
2023-12-14 11:00:00+09:00,2144.0,2144.0,2140.0,2140.0,0,0.0,0.0
2023-12-14 12:00:00+09:00,2147.0,2147.0,2142.0,2144.0,2900,0.0,0.0
2023-12-14 13:00:00+09:00,2145.0,2145.0,2143.0,2143.0,0,0.0,0.0
2023-12-14 14:00:00+09:00,2142.0,2143.0,2141.0,2143.0,4000,0.0,0.0
2023-12-15 09:00:00+09:00,2140.0,2168.0,2140.0,2168.0,3200,0.0,0.0
2023-12-15 11:00:00+09:00,2168.0,2168.0,2168.0,2168.0,0,0.0,0.0
2023-12-15 12:00:00+09:00,2168.0,2168.0,2168.0,2168.0,3500,0.0,0.0
2023-12-15 13:00:00+09:00,2156.0,2156.0,2151.0,2151.0,400,0.0,0.0
2023-12-15 14:00:00+09:00,2155.0,2159.0,2155.0,2159.0,400,0.0,0.0
2023-12-18 09:00:00+09:00,2156.0,2157.0,2143.0,2157.0,1700,0.0,0.0
2023-12-18 10:00:00+09:00,2150.0,2155.0,2148.0,2148.0,300,0.0,0.0
2023-12-18 11:00:00+09:00,2147.0,2147.0,2146.0,2146.0,0,0.0,0.0
2023-12-18 12:00:00+09:00,2145.0,2147.0,2145.0,2147.0,2600,0.0,0.0
2023-12-18 13:00:00+09:00,2146.0,2146.0,2145.0,2145.0,400,0.0,0.0
2023-12-18 14:00:00+09:00,2145.0,2150.0,2145.0,2145.0,300,0.0,0.0
2023-12-19 09:00:00+09:00,2143.0,2145.0,2140.0,2140.0,0,0.0,0.0
2023-12-19 10:00:00+09:00,2139.0,2141.0,2138.0,2141.0,3400,0.0,0.0
2023-12-19 11:00:00+09:00,2141.0,2141.0,2141.0,2141.0,0,0.0,0.0
2023-12-19 12:00:00+09:00,2139.0,2139.0,2138.0,2138.0,4200,0.0,0.0
2023-12-19 13:00:00+09:00,2137.0,2137.0,2131.0,2131.0,400,0.0,0.0
2023-12-19 14:00:00+09:00,2131.0,2145.0,2131.0,2142.0,1600,0.0,0.0
2023-12-20 09:00:00+09:00,2120.0,2133.0,2120.0,2125.0,4100,0.0,0.0
2023-12-20 10:00:00+09:00,2126.0,2127.0,2125.0,2127.0,400,0.0,0.0
2023-12-20 11:00:00+09:00,2127.0,2127.0,2127.0,2127.0,0,0.0,0.0
2023-12-20 12:00:00+09:00,2126.0,2133.0,2126.0,2133.0,5000,0.0,0.0
2023-12-20 13:00:00+09:00,2130.0,2130.0,2125.0,2125.0,400,0.0,0.0
2023-12-20 14:00:00+09:00,2126.0,2130.0,2124.0,2130.0,900,0.0,0.0
2023-12-21 09:00:00+09:00,2130.0,2130.0,2126.0,2126.0,1100,0.0,0.0
2023-12-21 10:00:00+09:00,2125.0,2125.0,2124.0,2124.0,600,0.0,0.0
2023-12-21 11:00:00+09:00,2124.0,2124.0,2124.0,2124.0,0,0.0,0.0
2023-12-21 12:00:00+09:00,2124.0,2124.0,2122.0,2123.0,2600,0.0,0.0
2023-12-21 13:00:00+09:00,2122.0,2122.0,2121.0,2122.0,300,0.0,0.0
2023-12-21 14:00:00+09:00,2122.0,2123.0,2120.0,2120.0,300,0.0,0.0
2023-12-22 09:00:00+09:00,2121.0,2121.0,2118.0,2118.0,2000,0.0,0.0
2023-12-22 10:00:00+09:00,2115.0,2115.0,2113.0,2113.0,400,0.0,0.0
2023-12-22 11:00:00+09:00,2112.0,2112.0,2112.0,2112.0,0,0.0,0.0
2023-12-22 12:00:00+09:00,2112.0,2112.0,2105.0,2105.0,3800,0.0,0.0
2023-12-22 13:00:00+09:00,2104.0,2104.0,2100.0,2101.0,1000,0.0,0.0
2023-12-22 14:00:00+09:00,2100.0,2110.0,2100.0,2104.0,2500,0.0,0.0
2023-12-25 09:00:00+09:00,2100.0,2120.0,2100.0,2119.0,4800,0.0,0.0
2023-12-25 10:00:00+09:00,2116.0,2117.0,2111.0,2111.0,400,0.0,0.0
2023-12-25 11:00:00+09:00,2112.0,2116.0,2110.0,2111.0,0,0.0,0.0
2023-12-25 12:00:00+09:00,2108.0,2112.0,2100.0,2100.0,7800,0.0,0.0
2023-12-25 13:00:00+09:00,2100.0,2109.0,2100.0,2109.0,800,0.0,0.0
2023-12-25 14:00:00+09:00,2101.0,2107.0,2100.0,2105.0,1000,0.0,0.0
2023-12-26 09:00:00+09:00,2105.0,2105.0,2098.0,2101.0,2400,0.0,0.0
2023-12-26 10:00:00+09:00,2098.0,2100.0,2096.0,2097.0,700,0.0,0.0
2023-12-26 11:00:00+09:00,2097.0,2097.0,2095.0,2095.0,0,0.0,0.0
2023-12-26 12:00:00+09:00,2095.0,2096.0,2095.0,2096.0,4300,0.0,0.0
2023-12-26 13:00:00+09:00,2096.0,2097.0,2095.0,2095.0,1200,0.0,0.0
2023-12-26 14:00:00+09:00,2096.0,2098.0,2095.0,2098.0,2200,0.0,0.0
2023-12-27 09:00:00+09:00,2094.0,2094.0,2091.0,2091.0,3200,0.0,0.0
2023-12-27 10:00:00+09:00,2091.0,2091.0,2084.0,2084.0,0,0.0,0.0
2023-12-27 11:00:00+09:00,2084.0,2084.0,2080.0,2080.0,0,0.0,0.0
2023-12-27 12:00:00+09:00,2074.0,2074.0,2069.0,2069.0,8900,0.0,0.0
2023-12-27 13:00:00+09:00,2069.0,2075.0,2068.0,2071.0,1500,0.0,0.0
2023-12-27 14:00:00+09:00,2071.0,2073.0,2071.0,2073.0,1200,0.0,0.0
2023-12-28 09:00:00+09:00,2081.0,2081.0,2074.0,2078.0,2000,0.0,0.0
2023-12-28 10:00:00+09:00,2078.0,2082.0,2077.0,2081.0,900,0.0,0.0
2023-12-28 11:00:00+09:00,2081.0,2081.0,2081.0,2081.0,0,0.0,0.0
2023-12-28 12:00:00+09:00,2082.0,2085.0,2082.0,2085.0,3800,0.0,0.0
2023-12-28 13:00:00+09:00,2085.0,2090.0,2085.0,2090.0,400,0.0,0.0
2023-12-28 14:00:00+09:00,2097.0,2160.0,2097.0,2160.0,1800,0.0,0.0
2023-12-29 09:00:00+09:00,2180.0,2210.0,2155.0,2206.0,2400,0.0,0.0
2023-12-29 10:00:00+09:00,2198.0,2198.0,2173.0,2180.0,500,0.0,0.0
2023-12-29 11:00:00+09:00,2185.0,2185.0,2185.0,2185.0,0,0.0,0.0
2023-12-29 12:00:00+09:00,2185.0,2185.0,2185.0,2185.0,3200,0.0,0.0
2023-12-29 14:00:00+09:00,2180.0,2180.0,2172.0,2172.0,900,0.0,0.0
2024-01-04 09:00:00+09:00,2175.0,2216.0,2175.0,2203.0,2900,0.0,0.0
2024-01-04 10:00:00+09:00,2215.0,2216.0,2215.0,2216.0,400,0.0,0.0
2024-01-04 11:00:00+09:00,2213.0,2213.0,2199.0,2200.0,0,0.0,0.0
2024-01-04 12:00:00+09:00,2201.0,2210.0,2200.0,2200.0,5200,0.0,0.0
2024-01-04 13:00:00+09:00,2200.0,2200.0,2200.0,2200.0,200,0.0,0.0
2024-01-04 14:00:00+09:00,2199.0,2201.0,2199.0,2201.0,300,0.0,0.0
2024-01-05 09:00:00+09:00,2220.0,2240.0,2220.0,2236.0,1000,0.0,0.0
2024-01-05 10:00:00+09:00,2240.0,2247.0,2219.0,2219.0,2300,0.0,0.0
2024-01-05 11:00:00+09:00,2219.0,2239.0,2219.0,2239.0,0,0.0,0.0
2024-01-05 12:00:00+09:00,2243.0,2245.0,2239.0,2245.0,4000,0.0,0.0
2024-01-05 13:00:00+09:00,2231.0,2231.0,2220.0,2220.0,1000,0.0,0.0
2024-01-05 14:00:00+09:00,2221.0,2221.0,2221.0,2221.0,100,0.0,0.0
2024-01-09 09:00:00+09:00,2221.0,2241.0,2220.0,2237.0,1200,0.0,0.0
2024-01-09 10:00:00+09:00,2235.0,2235.0,2222.0,2222.0,400,0.0,0.0
2024-01-09 11:00:00+09:00,2222.0,2222.0,2222.0,2222.0,0,0.0,0.0
2024-01-09 12:00:00+09:00,2233.0,2233.0,2227.0,2227.0,2100,0.0,0.0
2024-01-09 13:00:00+09:00,2234.0,2234.0,2221.0,2221.0,600,0.0,0.0
2024-01-09 14:00:00+09:00,2221.0,2221.0,2220.0,2220.0,300,0.0,0.0
2024-01-10 09:00:00+09:00,2221.0,2237.0,2221.0,2237.0,600,0.0,0.0
2024-01-10 10:00:00+09:00,2235.0,2235.0,2235.0,2235.0,200,0.0,0.0
2024-01-10 11:00:00+09:00,2231.0,2242.0,2231.0,2242.0,0,0.0,0.0
2024-01-10 12:00:00+09:00,2236.0,2236.0,2226.0,2226.0,2100,0.0,0.0
2024-01-10 13:00:00+09:00,2226.0,2238.0,2224.0,2224.0,400,0.0,0.0
2024-01-11 09:00:00+09:00,2224.0,2233.0,2221.0,2222.0,1700,0.0,0.0
2024-01-11 10:00:00+09:00,2228.0,2228.0,2228.0,2228.0,100,0.0,0.0
2024-01-11 11:00:00+09:00,2227.0,2227.0,2227.0,2227.0,0,0.0,0.0
2024-01-11 12:00:00+09:00,2228.0,2228.0,2228.0,2228.0,2300,0.0,0.0
2024-01-11 13:00:00+09:00,2228.0,2228.0,2224.0,2224.0,600,0.0,0.0
2024-01-11 14:00:00+09:00,2230.0,2230.0,2224.0,2224.0,500,0.0,0.0
2024-01-12 09:00:00+09:00,2226.0,2233.0,2224.0,2227.0,0,0.0,0.0
2024-01-12 10:00:00+09:00,2227.0,2227.0,2225.0,2225.0,500,0.0,0.0
2024-01-12 11:00:00+09:00,2226.0,2229.0,2225.0,2225.0,0,0.0,0.0
2024-01-12 12:00:00+09:00,2224.0,2226.0,2224.0,2226.0,2400,0.0,0.0
2024-01-12 13:00:00+09:00,2224.0,2224.0,2224.0,2224.0,100,0.0,0.0
2024-01-12 14:00:00+09:00,2227.0,2228.0,2227.0,2228.0,200,0.0,0.0
2024-01-15 09:00:00+09:00,2232.0,2233.0,2225.0,2225.0,0,0.0,0.0
2024-01-15 10:00:00+09:00,2224.0,2224.0,2224.0,2224.0,1400,0.0,0.0
2024-01-15 11:00:00+09:00,2224.0,2224.0,2224.0,2224.0,0,0.0,0.0
2024-01-15 12:00:00+09:00,2224.0,2224.0,2224.0,2224.0,1600,0.0,0.0
2024-01-15 13:00:00+09:00,2224.0,2230.0,2224.0,2230.0,300,0.0,0.0
2024-01-15 14:00:00+09:00,2230.0,2230.0,2210.0,2210.0,3100,0.0,0.0
2024-01-16 09:00:00+09:00,2212.0,2216.0,2212.0,2215.0,700,0.0,0.0
2024-01-16 10:00:00+09:00,2210.0,2211.0,2210.0,2211.0,300,0.0,0.0
2024-01-16 11:00:00+09:00,2212.0,2212.0,2212.0,2212.0,0,0.0,0.0
2024-01-16 12:00:00+09:00,2220.0,2220.0,2210.0,2210.0,2100,0.0,0.0
2024-01-16 13:00:00+09:00,2208.0,2210.0,2208.0,2210.0,300,0.0,0.0
2024-01-16 14:00:00+09:00,2212.0,2212.0,2212.0,2212.0,100,0.0,0.0
2024-01-17 09:00:00+09:00,2209.0,2211.0,2208.0,2211.0,1000,0.0,0.0
2024-01-17 11:00:00+09:00,2209.0,2209.0,2180.0,2180.0,0,0.0,0.0
2024-01-17 12:00:00+09:00,2181.0,2200.0,2181.0,2200.0,6600,0.0,0.0
2024-01-17 13:00:00+09:00,2190.0,2194.0,2190.0,2194.0,200,0.0,0.0
2024-01-17 14:00:00+09:00,2180.0,2182.0,2180.0,2182.0,400,0.0,0.0
2024-01-18 09:00:00+09:00,2166.0,2168.0,2163.0,2168.0,800,0.0,0.0
2024-01-18 10:00:00+09:00,2169.0,2181.0,2169.0,2181.0,300,0.0,0.0
2024-01-18 11:00:00+09:00,2181.0,2181.0,2181.0,2181.0,0,0.0,0.0
2024-01-18 12:00:00+09:00,2176.0,2181.0,2176.0,2181.0,1300,0.0,0.0
2024-01-18 13:00:00+09:00,2175.0,2175.0,2175.0,2175.0,100,0.0,0.0
2024-01-18 14:00:00+09:00,2167.0,2167.0,2163.0,2163.0,300,0.0,0.0
2024-01-19 09:00:00+09:00,2192.0,2193.0,2175.0,2175.0,800,0.0,0.0
2024-01-19 10:00:00+09:00,2174.0,2174.0,2170.0,2170.0,200,0.0,0.0
2024-01-19 11:00:00+09:00,2167.0,2168.0,2167.0,2168.0,0,0.0,0.0
2024-01-19 12:00:00+09:00,2168.0,2169.0,2168.0,2169.0,1500,0.0,0.0
2024-01-19 13:00:00+09:00,2168.0,2170.0,2163.0,2163.0,700,0.0,0.0
2024-01-19 14:00:00+09:00,2162.0,2162.0,2160.0,2160.0,600,0.0,0.0
2024-01-22 09:00:00+09:00,2165.0,2165.0,2165.0,2165.0,0,0.0,0.0
2024-01-22 10:00:00+09:00,2158.0,2158.0,2158.0,2158.0,200,0.0,0.0
2024-01-22 11:00:00+09:00,2160.0,2160.0,2160.0,2160.0,0,0.0,0.0
2024-01-22 12:00:00+09:00,2160.0,2160.0,2156.0,2156.0,900,0.0,0.0
2024-01-22 14:00:00+09:00,2156.0,2156.0,2154.0,2156.0,500,0.0,0.0
2024-01-23 09:00:00+09:00,2162.0,2170.0,2152.0,2152.0,0,0.0,0.0
2024-01-23 10:00:00+09:00,2161.0,2170.0,2161.0,2166.0,1200,0.0,0.0
2024-01-23 11:00:00+09:00,2166.0,2166.0,2166.0,2166.0,0,0.0,0.0
2024-01-23 12:00:00+09:00,2163.0,2163.0,2163.0,2163.0,1300,0.0,0.0
2024-01-23 13:00:00+09:00,2160.0,2160.0,2160.0,2160.0,200,0.0,0.0
2024-01-23 14:00:00+09:00,2166.0,2166.0,2156.0,2156.0,200,0.0,0.0
2024-01-24 09:00:00+09:00,2157.0,2159.0,2157.0,2159.0,600,0.0,0.0
2024-01-24 11:00:00+09:00,2159.0,2159.0,2159.0,2159.0,0,0.0,0.0
2024-01-24 12:00:00+09:00,2168.0,2168.0,2168.0,2168.0,900,0.0,0.0
2024-01-24 13:00:00+09:00,2160.0,2160.0,2160.0,2160.0,100,0.0,0.0
2024-01-24 14:00:00+09:00,2157.0,2165.0,2157.0,2161.0,500,0.0,0.0
2024-01-25 09:00:00+09:00,2178.0,2178.0,2172.0,2172.0,600,0.0,0.0
2024-01-25 10:00:00+09:00,2176.0,2176.0,2176.0,2176.0,100,0.0,0.0
2024-01-25 11:00:00+09:00,2175.0,2175.0,2175.0,2175.0,0,0.0,0.0
2024-01-25 12:00:00+09:00,2171.0,2171.0,2171.0,2171.0,900,0.0,0.0
2024-01-25 13:00:00+09:00,2175.0,2175.0,2170.0,2170.0,500,0.0,0.0
2024-01-25 14:00:00+09:00,2174.0,2174.0,2173.0,2173.0,200,0.0,0.0
2024-01-26 09:00:00+09:00,2173.0,2173.0,2166.0,2166.0,0,0.0,0.0
2024-01-26 10:00:00+09:00,2166.0,2166.0,2150.0,2150.0,3300,0.0,0.0
2024-01-26 11:00:00+09:00,2150.0,2150.0,2150.0,2150.0,0,0.0,0.0
2024-01-26 12:00:00+09:00,2162.0,2162.0,2162.0,2162.0,3400,0.0,0.0
2024-01-26 14:00:00+09:00,2164.0,2164.0,2160.0,2160.0,300,0.0,0.0
2024-01-29 09:00:00+09:00,2172.0,2172.0,2170.0,2171.0,500,0.0,0.0
2024-01-29 10:00:00+09:00,2172.0,2177.0,2171.0,2171.0,600,0.0,0.0
2024-01-29 11:00:00+09:00,2171.0,2171.0,2171.0,2171.0,0,0.0,0.0
2024-01-29 12:00:00+09:00,2171.0,2171.0,2168.0,2168.0,1600,0.0,0.0
2024-01-29 13:00:00+09:00,2167.0,2170.0,2167.0,2170.0,300,0.0,0.0
2024-01-30 09:00:00+09:00,2178.0,2178.0,2168.0,2168.0,700,0.0,0.0
2024-01-30 10:00:00+09:00,2167.0,2167.0,2150.0,2156.0,2800,0.0,0.0
2024-01-30 11:00:00+09:00,2170.0,2173.0,2148.0,2173.0,0,0.0,0.0
2024-01-30 12:00:00+09:00,2173.0,2173.0,2173.0,2173.0,6000,0.0,0.0
2024-01-30 13:00:00+09:00,2165.0,2165.0,2165.0,2165.0,100,0.0,0.0
2024-01-30 14:00:00+09:00,2160.0,2160.0,2152.0,2152.0,400,0.0,0.0
2024-01-31 09:00:00+09:00,2170.0,2170.0,2148.0,2151.0,1600,0.0,0.0
2024-01-31 11:00:00+09:00,2152.0,2152.0,2152.0,2152.0,0,0.0,0.0
2024-01-31 12:00:00+09:00,2158.0,2158.0,2158.0,2158.0,1800,0.0,0.0
2024-01-31 13:00:00+09:00,2159.0,2162.0,2150.0,2152.0,1800,0.0,0.0
2024-01-31 14:00:00+09:00,2157.0,2157.0,2157.0,2157.0,100,0.0,0.0
2024-02-01 09:00:00+09:00,2160.0,2160.0,2160.0,2160.0,300,0.0,0.0
2024-02-01 10:00:00+09:00,2153.0,2154.0,2153.0,2154.0,300,0.0,0.0
2024-02-01 11:00:00+09:00,2154.0,2154.0,2154.0,2154.0,0,0.0,0.0
2024-02-01 12:00:00+09:00,2154.0,2154.0,2154.0,2154.0,700,0.0,0.0
2024-02-01 13:00:00+09:00,2154.0,2163.0,2152.0,2152.0,300,0.0,0.0
2024-02-01 14:00:00+09:00,2152.0,2152.0,2150.0,2150.0,1000,0.0,0.0
2024-02-02 09:00:00+09:00,2152.0,2153.0,2150.0,2153.0,1800,0.0,0.0
2024-02-02 10:00:00+09:00,2149.0,2149.0,2146.0,2146.0,500,0.0,0.0
2024-02-02 11:00:00+09:00,2146.0,2149.0,2146.0,2149.0,0,0.0,0.0
2024-02-02 12:00:00+09:00,2149.0,2149.0,2148.0,2148.0,2800,0.0,0.0
2024-02-02 13:00:00+09:00,2150.0,2150.0,2149.0,2149.0,400,0.0,0.0
2024-02-02 14:00:00+09:00,2148.0,2154.0,2148.0,2154.0,400,0.0,0.0
2024-02-05 09:00:00+09:00,2169.0,2170.0,2169.0,2170.0,600,0.0,0.0
2024-02-05 10:00:00+09:00,2160.0,2160.0,2150.0,2150.0,1900,0.0,0.0
2024-02-05 11:00:00+09:00,2150.0,2150.0,2150.0,2150.0,0,0.0,0.0
2024-02-05 13:00:00+09:00,2164.0,2164.0,2164.0,2164.0,2600,0.0,0.0
2024-02-06 09:00:00+09:00,2151.0,2151.0,2145.0,2145.0,2100,0.0,0.0
2024-02-06 10:00:00+09:00,2145.0,2145.0,2145.0,2145.0,100,0.0,0.0
2024-02-06 11:00:00+09:00,2145.0,2145.0,2145.0,2145.0,0,0.0,0.0
2024-02-06 12:00:00+09:00,2150.0,2150.0,2150.0,2150.0,2300,0.0,0.0
2024-02-06 14:00:00+09:00,2151.0,2151.0,2151.0,2151.0,300,0.0,0.0
2024-02-07 09:00:00+09:00,2146.0,2146.0,2146.0,2146.0,700,0.0,0.0
2024-02-07 10:00:00+09:00,2146.0,2146.0,2144.0,2144.0,1000,0.0,0.0
2024-02-07 11:00:00+09:00,2144.0,2144.0,2144.0,2144.0,0,0.0,0.0
2024-02-07 12:00:00+09:00,2152.0,2152.0,2143.0,2143.0,2200,0.0,0.0
2024-02-07 14:00:00+09:00,2146.0,2154.0,2146.0,2154.0,200,0.0,0.0
2024-02-08 09:00:00+09:00,2163.0,2163.0,2145.0,2154.0,800,0.0,0.0
2024-02-08 11:00:00+09:00,2154.0,2154.0,2154.0,2154.0,0,0.0,0.0
2024-02-08 12:00:00+09:00,2154.0,2154.0,2154.0,2154.0,1000,0.0,0.0
2024-02-08 13:00:00+09:00,2158.0,2165.0,2158.0,2165.0,600,0.0,0.0
2024-02-09 09:00:00+09:00,2161.0,2161.0,2150.0,2155.0,300,0.0,0.0
2024-02-09 11:00:00+09:00,2152.0,2152.0,2152.0,2152.0,0,0.0,0.0
2024-02-09 12:00:00+09:00,2150.0,2150.0,2150.0,2150.0,600,0.0,0.0
2024-02-09 13:00:00+09:00,2152.0,2152.0,2152.0,2152.0,100,0.0,0.0
2024-02-09 14:00:00+09:00,2152.0,2158.0,2152.0,2158.0,200,0.0,0.0
2024-02-13 09:00:00+09:00,2143.0,2160.0,2097.0,2097.0,9600,0.0,0.0
2024-02-13 10:00:00+09:00,2133.0,2133.0,2080.0,2080.0,2600,0.0,0.0
2024-02-13 11:00:00+09:00,2085.0,2085.0,2080.0,2080.0,0,0.0,0.0
2024-02-13 12:00:00+09:00,2085.0,2100.0,2085.0,2090.0,15200,0.0,0.0
2024-02-13 13:00:00+09:00,2090.0,2090.0,2080.0,2087.0,3600,0.0,0.0
2024-02-13 14:00:00+09:00,2087.0,2090.0,2076.0,2090.0,4100,0.0,0.0
2024-02-14 09:00:00+09:00,2092.0,2092.0,2074.0,2080.0,3200,0.0,0.0
2024-02-14 10:00:00+09:00,2080.0,2082.0,2080.0,2082.0,500,0.0,0.0
2024-02-14 11:00:00+09:00,2082.0,2082.0,2080.0,2080.0,0,0.0,0.0
2024-02-14 12:00:00+09:00,2086.0,2086.0,2080.0,2085.0,4200,0.0,0.0
2024-02-14 13:00:00+09:00,2086.0,2086.0,2080.0,2080.0,500,0.0,0.0
2024-02-14 14:00:00+09:00,2080.0,2083.0,2078.0,2078.0,1000,0.0,0.0
2024-02-15 09:00:00+09:00,2080.0,2080.0,2068.0,2068.0,1700,0.0,0.0
2024-02-15 10:00:00+09:00,2070.0,2079.0,2070.0,2079.0,200,0.0,0.0
2024-02-15 11:00:00+09:00,2071.0,2071.0,2070.0,2070.0,0,0.0,0.0
2024-02-15 12:00:00+09:00,2070.0,2071.0,2070.0,2070.0,3300,0.0,0.0
2024-02-15 13:00:00+09:00,2068.0,2068.0,2063.0,2065.0,1300,0.0,0.0
2024-02-15 14:00:00+09:00,2065.0,2080.0,2065.0,2080.0,300,0.0,0.0
2024-02-16 09:00:00+09:00,2068.0,2068.0,2065.0,2065.0,500,0.0,0.0
2024-02-16 10:00:00+09:00,2066.0,2066.0,2066.0,2066.0,0,0.0,0.0
2024-02-16 11:00:00+09:00,2067.0,2067.0,2067.0,2067.0,0,0.0,0.0
2024-02-16 12:00:00+09:00,2070.0,2071.0,2065.0,2065.0,1600,0.0,0.0
2024-02-16 13:00:00+09:00,2065.0,2065.0,2064.0,2064.0,400,0.0,0.0
2024-02-16 14:00:00+09:00,2064.0,2075.0,2064.0,2070.0,600,0.0,0.0
2024-02-19 09:00:00+09:00,2063.0,2070.0,2063.0,2064.0,1800,0.0,0.0
2024-02-19 10:00:00+09:00,2068.0,2068.0,2065.0,2065.0,300,0.0,0.0
2024-02-19 11:00:00+09:00,2065.0,2065.0,2065.0,2065.0,0,0.0,0.0
2024-02-19 12:00:00+09:00,2066.0,2066.0,2065.0,2065.0,2600,0.0,0.0
2024-02-19 13:00:00+09:00,2070.0,2070.0,2065.0,2069.0,400,0.0,0.0
2024-02-20 09:00:00+09:00,2065.0,2070.0,2065.0,2067.0,1300,0.0,0.0
2024-02-20 10:00:00+09:00,2070.0,2075.0,2070.0,2075.0,800,0.0,0.0
2024-02-20 11:00:00+09:00,2070.0,2070.0,2070.0,2070.0,0,0.0,0.0
2024-02-20 12:00:00+09:00,2072.0,2072.0,2071.0,2071.0,2600,0.0,0.0
2024-02-20 13:00:00+09:00,2071.0,2071.0,2070.0,2070.0,300,0.0,0.0
2024-02-20 14:00:00+09:00,2070.0,2070.0,2070.0,2070.0,100,0.0,0.0
2024-02-21 09:00:00+09:00,2078.0,2080.0,2070.0,2071.0,0,0.0,0.0
2024-02-21 11:00:00+09:00,2071.0,2071.0,2071.0,2071.0,0,0.0,0.0
2024-02-21 12:00:00+09:00,2071.0,2078.0,2071.0,2075.0,900,0.0,0.0
2024-02-21 13:00:00+09:00,2075.0,2077.0,2075.0,2077.0,200,0.0,0.0
2024-02-21 14:00:00+09:00,2077.0,2077.0,2076.0,2076.0,200,0.0,0.0
2024-02-22 09:00:00+09:00,2076.0,2080.0,2076.0,2080.0,600,0.0,0.0
2024-02-22 10:00:00+09:00,2079.0,2079.0,2079.0,2079.0,100,0.0,0.0
2024-02-22 11:00:00+09:00,2076.0,2076.0,2076.0,2076.0,0,0.0,0.0
2024-02-22 12:00:00+09:00,2076.0,2076.0,2076.0,2076.0,1000,0.0,0.0
2024-02-22 13:00:00+09:00,2076.0,2076.0,2075.0,2075.0,200,0.0,0.0
2024-02-22 14:00:00+09:00,2075.0,2077.0,2072.0,2072.0,500,0.0,0.0
2024-02-26 09:00:00+09:00,2072.0,2075.0,2072.0,2075.0,1100,0.0,0.0
2024-02-26 10:00:00+09:00,2077.0,2077.0,2077.0,2077.0,200,0.0,0.0
2024-02-26 11:00:00+09:00,2077.0,2077.0,2077.0,2077.0,0,0.0,0.0
2024-02-26 12:00:00+09:00,2075.0,2078.0,2074.0,2074.0,1900,0.0,0.0
2024-02-26 13:00:00+09:00,2074.0,2074.0,2073.0,2073.0,200,0.0,0.0
2024-02-26 14:00:00+09:00,2072.0,2072.0,2071.0,2072.0,500,0.0,0.0
2024-02-27 09:00:00+09:00,2071.0,2080.0,2070.0,2080.0,1900,0.0,0.0
2024-02-27 10:00:00+09:00,2071.0,2071.0,2071.0,2071.0,300,0.0,0.0
2024-02-27 11:00:00+09:00,2071.0,2071.0,2071.0,2071.0,0,0.0,0.0
2024-02-27 12:00:00+09:00,2079.0,2079.0,2071.0,2079.0,2900,0.0,0.0
2024-02-27 13:00:00+09:00,2079.0,2079.0,2073.0,2073.0,300,0.0,0.0
2024-02-27 14:00:00+09:00,2073.0,2075.0,2073.0,2075.0,200,0.0,0.0
2024-02-28 09:00:00+09:00,2075.0,2083.0,2075.0,2080.0,1500,0.0,0.0
2024-02-28 11:00:00+09:00,2083.0,2085.0,2083.0,2085.0,0,0.0,0.0
2024-02-28 12:00:00+09:00,2085.0,2085.0,2079.0,2079.0,2800,0.0,0.0
2024-02-28 13:00:00+09:00,2079.0,2079.0,2078.0,2078.0,200,0.0,0.0
2024-02-28 14:00:00+09:00,2078.0,2088.0,2078.0,2088.0,400,0.0,0.0
2024-02-29 09:00:00+09:00,2087.0,2090.0,2082.0,2090.0,1100,0.0,0.0
2024-02-29 10:00:00+09:00,2090.0,2090.0,2087.0,2087.0,300,0.0,0.0
2024-02-29 11:00:00+09:00,2083.0,2083.0,2083.0,2083.0,0,0.0,0.0
2024-02-29 12:00:00+09:00,2083.0,2083.0,2083.0,2083.0,1700,0.0,0.0
2024-02-29 13:00:00+09:00,2084.0,2084.0,2081.0,2081.0,600,0.0,0.0
2024-02-29 14:00:00+09:00,2081.0,2084.0,2081.0,2084.0,0,0.0,0.0
2024-03-01 09:00:00+09:00,2081.0,2084.0,2080.0,2084.0,1200,0.0,0.0
2024-03-01 10:00:00+09:00,2091.0,2091.0,2081.0,2081.0,200,0.0,0.0
2024-03-01 11:00:00+09:00,2089.0,2089.0,2089.0,2089.0,0,0.0,0.0
2024-03-01 12:00:00+09:00,2090.0,2090.0,2085.0,2085.0,1900,0.0,0.0
2024-03-01 13:00:00+09:00,2085.0,2085.0,2081.0,2081.0,200,0.0,0.0
2024-03-01 14:00:00+09:00,2082.0,2084.0,2080.0,2084.0,700,0.0,0.0
2024-03-04 09:00:00+09:00,2090.0,2090.0,2081.0,2081.0,1000,0.0,0.0
2024-03-04 10:00:00+09:00,2081.0,2081.0,2080.0,2080.0,300,0.0,0.0
2024-03-04 11:00:00+09:00,2092.0,2092.0,2081.0,2081.0,0,0.0,0.0
2024-03-04 12:00:00+09:00,2081.0,2081.0,2080.0,2080.0,1800,0.0,0.0
2024-03-04 13:00:00+09:00,2080.0,2081.0,2080.0,2081.0,200,0.0,0.0
2024-03-04 14:00:00+09:00,2081.0,2085.0,2081.0,2085.0,400,0.0,0.0
2024-03-05 09:00:00+09:00,2085.0,2085.0,2082.0,2083.0,600,0.0,0.0
2024-03-05 10:00:00+09:00,2082.0,2082.0,2082.0,2082.0,200,0.0,0.0
2024-03-05 11:00:00+09:00,2081.0,2081.0,2080.0,2080.0,0,0.0,0.0
2024-03-05 12:00:00+09:00,2080.0,2080.0,2080.0,2080.0,1300,0.0,0.0
2024-03-05 13:00:00+09:00,2081.0,2081.0,2081.0,2081.0,100,0.0,0.0
2024-03-05 14:00:00+09:00,2081.0,2081.0,2081.0,2081.0,100,0.0,0.0
2024-03-06 09:00:00+09:00,2085.0,2085.0,2085.0,2085.0,200,0.0,0.0
2024-03-06 10:00:00+09:00,2085.0,2085.0,2080.0,2080.0,600,0.0,0.0
2024-03-06 11:00:00+09:00,2081.0,2081.0,2081.0,2081.0,0,0.0,0.0
2024-03-06 12:00:00+09:00,2081.0,2081.0,2081.0,2081.0,1100,0.0,0.0
2024-03-06 13:00:00+09:00,2084.0,2084.0,2084.0,2084.0,400,0.0,0.0
2024-03-06 14:00:00+09:00,2082.0,2084.0,2081.0,2084.0,600,0.0,0.0
2024-03-07 09:00:00+09:00,2081.0,2081.0,2080.0,2081.0,400,0.0,0.0
2024-03-07 10:00:00+09:00,2084.0,2084.0,2081.0,2082.0,400,0.0,0.0
2024-03-07 11:00:00+09:00,2080.0,2080.0,2080.0,2080.0,0,0.0,0.0
2024-03-07 12:00:00+09:00,2080.0,2080.0,2080.0,2080.0,1100,0.0,0.0
2024-03-07 13:00:00+09:00,2080.0,2080.0,2080.0,2080.0,100,0.0,0.0
2024-03-07 14:00:00+09:00,2081.0,2082.0,2080.0,2082.0,400,0.0,0.0
2024-03-08 09:00:00+09:00,2083.0,2083.0,2083.0,2083.0,200,0.0,0.0
2024-03-08 10:00:00+09:00,2081.0,2081.0,2081.0,2081.0,100,0.0,0.0
2024-03-08 11:00:00+09:00,2081.0,2083.0,2081.0,2083.0,0,0.0,0.0
2024-03-08 12:00:00+09:00,2080.0,2085.0,2080.0,2085.0,700,0.0,0.0
2024-03-08 14:00:00+09:00,2082.0,2082.0,2082.0,2082.0,0,0.0,0.0
2024-03-11 09:00:00+09:00,2087.0,2090.0,2083.0,2090.0,900,0.0,0.0
2024-03-11 11:00:00+09:00,2084.0,2088.0,2084.0,2088.0,0,0.0,0.0
2024-03-11 12:00:00+09:00,2088.0,2088.0,2088.0,2088.0,1300,0.0,0.0
2024-03-11 13:00:00+09:00,2085.0,2085.0,2084.0,2084.0,200,0.0,0.0
2024-03-11 14:00:00+09:00,2083.0,2086.0,2083.0,2086.0,700,0.0,0.0
2024-03-12 09:00:00+09:00,2083.0,2085.0,2083.0,2085.0,400,0.0,0.0
2024-03-12 10:00:00+09:00,2085.0,2085.0,2070.0,2070.0,4800,0.0,0.0
2024-03-12 11:00:00+09:00,2079.0,2079.0,2073.0,2073.0,0,0.0,0.0
2024-03-12 12:00:00+09:00,2084.0,2084.0,2084.0,2084.0,5500,0.0,0.0
2024-03-12 13:00:00+09:00,2084.0,2084.0,2084.0,2084.0,100,0.0,0.0
2024-03-12 14:00:00+09:00,2084.0,2085.0,2084.0,2085.0,200,0.0,0.0
2024-03-13 09:00:00+09:00,2085.0,2087.0,2082.0,2082.0,1700,0.0,0.0
2024-03-13 10:00:00+09:00,2082.0,2085.0,2075.0,2085.0,600,0.0,0.0
2024-03-13 11:00:00+09:00,2085.0,2085.0,2085.0,2085.0,0,0.0,0.0
2024-03-13 12:00:00+09:00,2085.0,2085.0,2085.0,2085.0,2400,0.0,0.0
2024-03-13 13:00:00+09:00,2080.0,2080.0,2080.0,2080.0,100,0.0,0.0
2024-03-13 14:00:00+09:00,2085.0,2085.0,2085.0,2085.0,700,0.0,0.0
2024-03-14 09:00:00+09:00,2079.0,2079.0,2078.0,2079.0,800,0.0,0.0
2024-03-14 11:00:00+09:00,2079.0,2079.0,2079.0,2079.0,0,0.0,0.0
2024-03-14 12:00:00+09:00,2082.0,2083.0,2082.0,2083.0,1100,0.0,0.0
2024-03-14 13:00:00+09:00,2084.0,2085.0,2084.0,2085.0,1200,0.0,0.0
2024-03-14 14:00:00+09:00,2085.0,2087.0,2085.0,2087.0,300,0.0,0.0
2024-03-15 09:00:00+09:00,2088.0,2088.0,2087.0,2087.0,300,0.0,0.0
2024-03-15 10:00:00+09:00,2085.0,2085.0,2081.0,2081.0,200,0.0,0.0
2024-03-15 11:00:00+09:00,2082.0,2082.0,2082.0,2082.0,0,0.0,0.0
2024-03-15 12:00:00+09:00,2082.0,2082.0,2075.0,2075.0,2800,0.0,0.0
2024-03-18 09:00:00+09:00,2088.0,2090.0,2081.0,2081.0,1000,0.0,0.0
2024-03-18 10:00:00+09:00,2093.0,2093.0,2087.0,2087.0,300,0.0,0.0
2024-03-18 11:00:00+09:00,2090.0,2090.0,2090.0,2090.0,0,0.0,0.0
2024-03-18 13:00:00+09:00,2092.0,2092.0,2090.0,2091.0,1700,0.0,0.0
2024-03-19 09:00:00+09:00,2093.0,2093.0,2091.0,2091.0,400,0.0,0.0
2024-03-19 10:00:00+09:00,2093.0,2093.0,2093.0,2093.0,200,0.0,0.0
2024-03-19 11:00:00+09:00,2091.0,2091.0,2091.0,2091.0,0,0.0,0.0
2024-03-19 12:00:00+09:00,2091.0,2092.0,2091.0,2092.0,900,0.0,0.0
2024-03-19 13:00:00+09:00,2092.0,2093.0,2092.0,2093.0,200,0.0,0.0
2024-03-19 14:00:00+09:00,2093.0,2093.0,2091.0,2091.0,300,0.0,0.0
2024-03-21 09:00:00+09:00,2095.0,2099.0,2095.0,2099.0,1400,0.0,0.0
2024-03-21 11:00:00+09:00,2099.0,2099.0,2099.0,2099.0,0,0.0,0.0
2024-03-21 12:00:00+09:00,2099.0,2099.0,2099.0,2099.0,1800,0.0,0.0
2024-03-21 13:00:00+09:00,2099.0,2105.0,2099.0,2105.0,1700,0.0,0.0
2024-03-21 14:00:00+09:00,2105.0,2108.0,2105.0,2108.0,400,0.0,0.0
2024-03-22 09:00:00+09:00,2118.0,2118.0,2118.0,2118.0,600,0.0,0.0
2024-03-22 10:00:00+09:00,2117.0,2118.0,2117.0,2117.0,700,0.0,0.0
2024-03-22 11:00:00+09:00,2117.0,2117.0,2117.0,2117.0,0,0.0,0.0
2024-03-22 12:00:00+09:00,2116.0,2116.0,2116.0,2116.0,1500,0.0,0.0
2024-03-22 13:00:00+09:00,2115.0,2116.0,2115.0,2116.0,0,0.0,0.0
2024-03-22 14:00:00+09:00,2116.0,2117.0,2115.0,2117.0,2300,0.0,0.0
2024-03-25 09:00:00+09:00,2126.0,2126.0,2120.0,2120.0,1200,0.0,0.0
2024-03-25 10:00:00+09:00,2120.0,2128.0,2120.0,2128.0,700,0.0,0.0
2024-03-25 11:00:00+09:00,2127.0,2128.0,2127.0,2128.0,0,0.0,0.0
2024-03-25 12:00:00+09:00,2128.0,2129.0,2112.0,2129.0,4700,0.0,0.0
2024-03-25 13:00:00+09:00,2129.0,2129.0,2129.0,2129.0,200,0.0,0.0
2024-03-25 14:00:00+09:00,2122.0,2122.0,2122.0,2122.0,200,0.0,0.0
2024-03-26 09:00:00+09:00,2133.0,2135.0,2125.0,2135.0,1300,0.0,0.0
2024-03-26 10:00:00+09:00,2125.0,2125.0,2125.0,2125.0,600,0.0,0.0
2024-03-26 11:00:00+09:00,2128.0,2128.0,2128.0,2128.0,0,0.0,0.0
2024-03-26 12:00:00+09:00,2130.0,2134.0,2130.0,2134.0,2300,0.0,0.0
2024-03-26 13:00:00+09:00,2134.0,2134.0,2123.0,2123.0,1600,0.0,0.0
2024-03-27 09:00:00+09:00,2135.0,2135.0,2125.0,2131.0,1300,0.0,0.0
2024-03-27 10:00:00+09:00,2131.0,2131.0,2131.0,2131.0,400,0.0,0.0
2024-03-27 11:00:00+09:00,2132.0,2132.0,2131.0,2131.0,0,0.0,0.0
2024-03-27 12:00:00+09:00,2131.0,2133.0,2131.0,2133.0,2700,0.0,0.0
2024-03-27 13:00:00+09:00,2134.0,2135.0,2133.0,2135.0,1000,0.0,0.0
2024-03-27 14:00:00+09:00,2136.0,2175.0,2136.0,2174.0,2400,0.0,0.0
2024-03-28 09:00:00+09:00,2062.0,2087.0,2053.0,2076.0,4100,0.0,0.0
2024-03-28 10:00:00+09:00,2076.0,2079.0,2076.0,2079.0,500,0.0,0.0
2024-03-28 11:00:00+09:00,2079.0,2079.0,2074.0,2074.0,0,0.0,0.0
2024-03-28 12:00:00+09:00,2077.0,2077.0,2070.0,2070.0,5800,0.0,0.0
2024-03-28 14:00:00+09:00,2072.0,2074.0,2071.0,2074.0,500,0.0,0.0
2024-03-29 09:00:00+09:00,2077.0,2077.0,2066.0,2066.0,1100,0.0,0.0
2024-03-29 10:00:00+09:00,2070.0,2078.0,2067.0,2078.0,300,0.0,0.0
2024-03-29 11:00:00+09:00,2069.0,2069.0,2069.0,2069.0,0,0.0,0.0
2024-03-29 12:00:00+09:00,2069.0,2069.0,2069.0,2069.0,1700,0.0,0.0
2024-03-29 13:00:00+09:00,2070.0,2075.0,2069.0,2075.0,500,0.0,0.0
2024-03-29 14:00:00+09:00,2075.0,2077.0,2075.0,2077.0,200,0.0,0.0
2024-04-01 09:00:00+09:00,2077.0,2077.0,2072.0,2072.0,1600,0.0,0.0
2024-04-01 10:00:00+09:00,2076.0,2076.0,2072.0,2074.0,300,0.0,0.0
2024-04-01 11:00:00+09:00,2074.0,2074.0,2074.0,2074.0,0,0.0,0.0
2024-04-01 13:00:00+09:00,2075.0,2076.0,2075.0,2076.0,2300,0.0,0.0
2024-04-01 14:00:00+09:00,2076.0,2076.0,2076.0,2076.0,100,0.0,0.0
2024-04-02 09:00:00+09:00,2071.0,2071.0,2071.0,2071.0,300,0.0,0.0
2024-04-02 10:00:00+09:00,2071.0,2071.0,2071.0,2071.0,0,0.0,0.0
2024-04-02 11:00:00+09:00,2071.0,2071.0,2071.0,2071.0,0,0.0,0.0
2024-04-02 13:00:00+09:00,2071.0,2072.0,2071.0,2072.0,1000,0.0,0.0
2024-04-02 14:00:00+09:00,2072.0,2072.0,2069.0,2069.0,2900,0.0,0.0
2024-04-03 09:00:00+09:00,2069.0,2069.0,2066.0,2066.0,2500,0.0,0.0
2024-04-03 10:00:00+09:00,2067.0,2067.0,2067.0,2067.0,100,0.0,0.0
2024-04-03 11:00:00+09:00,2067.0,2067.0,2067.0,2067.0,0,0.0,0.0
2024-04-03 12:00:00+09:00,2067.0,2067.0,2067.0,2067.0,3100,0.0,0.0
2024-04-03 14:00:00+09:00,2067.0,2067.0,2067.0,2067.0,100,0.0,0.0
2024-04-04 09:00:00+09:00,2067.0,2067.0,2062.0,2062.0,1200,0.0,0.0
2024-04-04 10:00:00+09:00,2062.0,2062.0,2062.0,2062.0,100,0.0,0.0
2024-04-04 11:00:00+09:00,2062.0,2062.0,2062.0,2062.0,0,0.0,0.0
2024-04-04 12:00:00+09:00,2062.0,2062.0,2062.0,2062.0,1800,0.0,0.0
2024-04-04 14:00:00+09:00,2063.0,2063.0,2063.0,2063.0,100,0.0,0.0
2024-04-05 09:00:00+09:00,2065.0,2065.0,2062.0,2062.0,800,0.0,0.0
2024-04-05 10:00:00+09:00,2062.0,2062.0,2061.0,2061.0,500,0.0,0.0
2024-04-05 11:00:00+09:00,2061.0,2061.0,2061.0,2061.0,0,0.0,0.0
2024-04-05 12:00:00+09:00,2061.0,2061.0,2061.0,2061.0,1800,0.0,0.0
2024-04-05 13:00:00+09:00,2061.0,2061.0,2061.0,2061.0,100,0.0,0.0
2024-04-05 14:00:00+09:00,2060.0,2061.0,2060.0,2060.0,300,0.0,0.0
2024-04-08 09:00:00+09:00,2060.0,2060.0,2060.0,2060.0,300,0.0,0.0
2024-04-08 10:00:00+09:00,2060.0,2062.0,2060.0,2062.0,200,0.0,0.0
2024-04-08 11:00:00+09:00,2062.0,2062.0,2062.0,2062.0,0,0.0,0.0
2024-04-08 12:00:00+09:00,2062.0,2062.0,2062.0,2062.0,700,0.0,0.0
2024-04-08 13:00:00+09:00,2062.0,2062.0,2062.0,2062.0,100,0.0,0.0
2024-04-08 14:00:00+09:00,2060.0,2060.0,2060.0,2060.0,100,0.0,0.0
2024-04-09 09:00:00+09:00,2060.0,2060.0,2058.0,2060.0,400,0.0,0.0
2024-04-09 10:00:00+09:00,2059.0,2059.0,2059.0,2059.0,100,0.0,0.0
2024-04-09 11:00:00+09:00,2059.0,2059.0,2059.0,2059.0,0,0.0,0.0
2024-04-09 12:00:00+09:00,2059.0,2059.0,2059.0,2059.0,900,0.0,0.0
2024-04-09 13:00:00+09:00,2058.0,2060.0,2058.0,2060.0,400,0.0,0.0
2024-04-09 14:00:00+09:00,2061.0,2061.0,2061.0,2061.0,100,0.0,0.0
2024-04-10 09:00:00+09:00,2061.0,2061.0,2058.0,2059.0,700,0.0,0.0
2024-04-10 10:00:00+09:00,2059.0,2059.0,2059.0,2059.0,100,0.0,0.0
2024-04-10 11:00:00+09:00,2059.0,2059.0,2058.0,2058.0,0,0.0,0.0
2024-04-10 12:00:00+09:00,2058.0,2058.0,2058.0,2058.0,1800,0.0,0.0
2024-04-10 13:00:00+09:00,2058.0,2058.0,2058.0,2058.0,100,0.0,0.0
2024-04-11 09:00:00+09:00,2057.0,2057.0,2057.0,2057.0,400,0.0,0.0
2024-04-11 10:00:00+09:00,2057.0,2057.0,2053.0,2055.0,600,0.0,0.0
2024-04-11 11:00:00+09:00,2053.0,2053.0,2053.0,2053.0,0,0.0,0.0
2024-04-11 12:00:00+09:00,2055.0,2055.0,2055.0,2055.0,1400,0.0,0.0
2024-04-11 13:00:00+09:00,2055.0,2055.0,2055.0,2055.0,100,0.0,0.0
2024-04-11 14:00:00+09:00,2053.0,2053.0,2052.0,2052.0,300,0.0,0.0
2024-04-12 09:00:00+09:00,2053.0,2055.0,2053.0,2055.0,500,0.0,0.0
2024-04-12 10:00:00+09:00,2055.0,2055.0,2055.0,2055.0,100,0.0,0.0
2024-04-12 11:00:00+09:00,2055.0,2055.0,2055.0,2055.0,0,0.0,0.0
2024-04-12 12:00:00+09:00,2053.0,2053.0,2053.0,2053.0,700,0.0,0.0
2024-04-12 13:00:00+09:00,2053.0,2054.0,2053.0,2054.0,200,0.0,0.0
2024-04-12 14:00:00+09:00,2053.0,2053.0,2053.0,2053.0,200,0.0,0.0
2024-04-15 09:00:00+09:00,2052.0,2052.0,2051.0,2051.0,700,0.0,0.0
2024-04-15 10:00:00+09:00,2051.0,2051.0,2051.0,2051.0,200,0.0,0.0
2024-04-15 11:00:00+09:00,2051.0,2051.0,2051.0,2051.0,0,0.0,0.0
2024-04-15 12:00:00+09:00,2051.0,2052.0,2051.0,2052.0,1200,0.0,0.0
2024-04-15 13:00:00+09:00,2051.0,2051.0,2050.0,2050.0,200,0.0,0.0
2024-04-15 14:00:00+09:00,2051.0,2053.0,2051.0,2053.0,200,0.0,0.0
2024-04-16 09:00:00+09:00,2053.0,2053.0,2048.0,2048.0,2500,0.0,0.0
2024-04-16 10:00:00+09:00,2048.0,2048.0,2045.0,2045.0,300,0.0,0.0
2024-04-16 11:00:00+09:00,2043.0,2045.0,2042.0,2042.0,0,0.0,0.0
2024-04-16 12:00:00+09:00,2042.0,2042.0,2041.0,2041.0,3700,0.0,0.0
2024-04-16 13:00:00+09:00,2039.0,2039.0,2039.0,2039.0,100,0.0,0.0
2024-04-16 14:00:00+09:00,2040.0,2040.0,2029.0,2029.0,1500,0.0,0.0
2024-04-17 09:00:00+09:00,2030.0,2032.0,2029.0,2032.0,700,0.0,0.0
2024-04-17 10:00:00+09:00,2029.0,2030.0,2025.0,2030.0,700,0.0,0.0
2024-04-17 11:00:00+09:00,2030.0,2030.0,2030.0,2030.0,0,0.0,0.0
2024-04-17 13:00:00+09:00,2030.0,2030.0,2030.0,2030.0,1600,0.0,0.0
2024-04-17 14:00:00+09:00,2026.0,2026.0,2026.0,2026.0,100,0.0,0.0
2024-04-18 09:00:00+09:00,2023.0,2025.0,2021.0,2025.0,1200,0.0,0.0
2024-04-18 10:00:00+09:00,2022.0,2022.0,2022.0,2022.0,100,0.0,0.0
2024-04-18 11:00:00+09:00,2022.0,2022.0,2022.0,2022.0,0,0.0,0.0
2024-04-18 12:00:00+09:00,2025.0,2025.0,2025.0,2025.0,1400,0.0,0.0
2024-04-18 14:00:00+09:00,2022.0,2022.0,2021.0,2021.0,800,0.0,0.0
2024-04-19 09:00:00+09:00,2021.0,2024.0,2019.0,2024.0,0,0.0,0.0
2024-04-19 10:00:00+09:00,2024.0,2025.0,2017.0,2024.0,2300,0.0,0.0
2024-04-19 11:00:00+09:00,2019.0,2019.0,2019.0,2019.0,0,0.0,0.0
2024-04-19 12:00:00+09:00,2019.0,2022.0,2012.0,2015.0,3300,0.0,0.0
2024-04-19 13:00:00+09:00,2015.0,2015.0,2015.0,2015.0,200,0.0,0.0
2024-04-19 14:00:00+09:00,2014.0,2014.0,2014.0,2014.0,100,0.0,0.0
2024-04-22 09:00:00+09:00,2011.0,2020.0,2011.0,2012.0,1400,0.0,0.0
2024-04-22 10:00:00+09:00,2019.0,2019.0,2019.0,2019.0,100,0.0,0.0
2024-04-22 11:00:00+09:00,2019.0,2019.0,2018.0,2018.0,0,0.0,0.0
2024-04-22 12:00:00+09:00,2019.0,2019.0,2019.0,2019.0,1900,0.0,0.0
2024-04-22 13:00:00+09:00,2015.0,2015.0,2015.0,2015.0,100,0.0,0.0
2024-04-22 14:00:00+09:00,2018.0,2018.0,2018.0,2018.0,100,0.0,0.0
2024-04-23 09:00:00+09:00,2024.0,2024.0,2013.0,2013.0,600,0.0,0.0
2024-04-23 10:00:00+09:00,2015.0,2021.0,2015.0,2021.0,200,0.0,0.0
2024-04-23 11:00:00+09:00,2021.0,2021.0,2021.0,2021.0,0,0.0,0.0
2024-04-23 13:00:00+09:00,2021.0,2023.0,2021.0,2023.0,1100,0.0,0.0
2024-04-23 14:00:00+09:00,2020.0,2020.0,2020.0,2020.0,100,0.0,0.0
2024-04-24 09:00:00+09:00,2020.0,2021.0,2020.0,2021.0,300,0.0,0.0
2024-04-24 10:00:00+09:00,2020.0,2020.0,2014.0,2014.0,500,0.0,0.0
2024-04-24 11:00:00+09:00,2015.0,2015.0,2015.0,2015.0,0,0.0,0.0
2024-04-24 12:00:00+09:00,2015.0,2016.0,2012.0,2012.0,2200,0.0,0.0
2024-04-24 13:00:00+09:00,2013.0,2017.0,2013.0,2017.0,200,0.0,0.0
2024-04-25 09:00:00+09:00,2021.0,2021.0,2019.0,2021.0,1300,0.0,0.0
2024-04-25 10:00:00+09:00,2020.0,2020.0,2020.0,2020.0,100,0.0,0.0
2024-04-25 11:00:00+09:00,2020.0,2020.0,2020.0,2020.0,0,0.0,0.0
2024-04-25 14:00:00+09:00,2019.0,2019.0,2019.0,2019.0,1600,0.0,0.0
2024-04-26 09:00:00+09:00,2015.0,2019.0,2015.0,2016.0,500,0.0,0.0
2024-04-26 11:00:00+09:00,2016.0,2016.0,2016.0,2016.0,0,0.0,0.0
2024-04-26 12:00:00+09:00,2016.0,2016.0,2016.0,2016.0,800,0.0,0.0
2024-04-26 13:00:00+09:00,2017.0,2017.0,2017.0,2017.0,100,0.0,0.0
2024-04-26 14:00:00+09:00,2016.0,2016.0,2016.0,2016.0,100,0.0,0.0
2024-04-30 09:00:00+09:00,2016.0,2016.0,2016.0,2016.0,600,0.0,0.0
2024-04-30 10:00:00+09:00,2015.0,2015.0,2015.0,2015.0,300,0.0,0.0
2024-04-30 11:00:00+09:00,2018.0,2018.0,2018.0,2018.0,0,0.0,0.0
2024-04-30 12:00:00+09:00,2018.0,2018.0,2016.0,2016.0,1200,0.0,0.0
2024-04-30 13:00:00+09:00,2016.0,2016.0,2016.0,2016.0,100,0.0,0.0
2024-04-30 14:00:00+09:00,2016.0,2016.0,2015.0,2015.0,200,0.0,0.0
2024-05-01 09:00:00+09:00,2013.0,2013.0,2013.0,2013.0,1400,0.0,0.0
2024-05-01 10:00:00+09:00,2013.0,2013.0,2013.0,2013.0,500,0.0,0.0
2024-05-01 11:00:00+09:00,2011.0,2011.0,2011.0,2011.0,0,0.0,0.0
2024-05-01 13:00:00+09:00,2011.0,2011.0,2011.0,2011.0,2600,0.0,0.0
2024-05-01 14:00:00+09:00,2011.0,2011.0,1999.0,2000.0,5600,0.0,0.0
2024-05-02 09:00:00+09:00,2001.0,2003.0,2001.0,2001.0,0,0.0,0.0
2024-05-02 10:00:00+09:00,2001.0,2001.0,2001.0,2001.0,900,0.0,0.0
2024-05-02 11:00:00+09:00,2001.0,2001.0,1999.0,1999.0,0,0.0,0.0
2024-05-02 12:00:00+09:00,1999.0,2000.0,1998.0,2000.0,2600,0.0,0.0
2024-05-02 13:00:00+09:00,1999.0,2000.0,1999.0,2000.0,400,0.0,0.0
2024-05-02 14:00:00+09:00,1999.0,2000.0,1998.0,2000.0,800,0.0,0.0
2024-05-07 09:00:00+09:00,2002.0,2004.0,2000.0,2001.0,1400,0.0,0.0
2024-05-07 10:00:00+09:00,2001.0,2005.0,2001.0,2004.0,300,0.0,0.0
2024-05-07 11:00:00+09:00,2004.0,2004.0,2004.0,2004.0,0,0.0,0.0
2024-05-07 12:00:00+09:00,2004.0,2005.0,1996.0,1996.0,3700,0.0,0.0
2024-05-07 13:00:00+09:00,1996.0,1999.0,1996.0,1999.0,500,0.0,0.0
2024-05-07 14:00:00+09:00,2000.0,2002.0,2000.0,2002.0,400,0.0,0.0
2024-05-08 09:00:00+09:00,1997.0,1999.0,1997.0,1999.0,700,0.0,0.0
2024-05-08 10:00:00+09:00,2000.0,2000.0,1999.0,1999.0,200,0.0,0.0
2024-05-08 11:00:00+09:00,1997.0,1997.0,1996.0,1996.0,0,0.0,0.0
2024-05-08 12:00:00+09:00,1996.0,1996.0,1996.0,1996.0,1800,0.0,0.0
2024-05-08 13:00:00+09:00,1998.0,1998.0,1998.0,1998.0,100,0.0,0.0
2024-05-08 14:00:00+09:00,1998.0,2000.0,1998.0,2000.0,500,0.0,0.0
2024-05-09 09:00:00+09:00,2001.0,2010.0,2001.0,2008.0,800,0.0,0.0
2024-05-09 10:00:00+09:00,2010.0,2010.0,2010.0,2010.0,100,0.0,0.0
2024-05-09 11:00:00+09:00,2009.0,2009.0,2009.0,2009.0,0,0.0,0.0
2024-05-09 13:00:00+09:00,2005.0,2012.0,2005.0,2012.0,2100,0.0,0.0
2024-05-09 14:00:00+09:00,2020.0,2020.0,2019.0,2019.0,200,0.0,0.0
2024-05-10 09:00:00+09:00,2020.0,2020.0,2020.0,2020.0,100,0.0,0.0
2024-05-10 10:00:00+09:00,2019.0,2019.0,2019.0,2019.0,100,0.0,0.0
2024-05-10 11:00:00+09:00,2019.0,2019.0,2019.0,2019.0,0,0.0,0.0
2024-05-10 12:00:00+09:00,2017.0,2023.0,2017.0,2023.0,1100,0.0,0.0
2024-05-10 13:00:00+09:00,2020.0,2023.0,2020.0,2023.0,200,0.0,0.0
2024-05-10 14:00:00+09:00,2024.0,2024.0,2021.0,2021.0,200,0.0,0.0
2024-05-13 09:00:00+09:00,2034.0,2040.0,2031.0,2031.0,2000,0.0,0.0
2024-05-13 10:00:00+09:00,2032.0,2033.0,2032.0,2033.0,200,0.0,0.0
2024-05-13 11:00:00+09:00,2039.0,2042.0,2039.0,2042.0,0,0.0,0.0
2024-05-13 13:00:00+09:00,2042.0,2043.0,2042.0,2043.0,0,0.0,0.0
2024-05-13 14:00:00+09:00,2044.0,2050.0,2044.0,2050.0,3900,0.0,0.0
2024-05-14 09:00:00+09:00,2071.0,2090.0,2070.0,2079.0,2100,0.0,0.0
2024-05-14 10:00:00+09:00,2079.0,2080.0,2079.0,2080.0,300,0.0,0.0
2024-05-14 11:00:00+09:00,2080.0,2080.0,2080.0,2080.0,0,0.0,0.0
2024-05-14 12:00:00+09:00,2081.0,2081.0,2080.0,2080.0,2700,0.0,0.0
2024-05-14 13:00:00+09:00,2080.0,2083.0,2080.0,2083.0,300,0.0,0.0
2024-05-15 09:00:00+09:00,2083.0,2083.0,2080.0,2080.0,200,0.0,0.0
2024-05-15 10:00:00+09:00,2080.0,2080.0,2080.0,2080.0,100,0.0,0.0
2024-05-15 11:00:00+09:00,2082.0,2083.0,2080.0,2083.0,0,0.0,0.0
2024-05-15 12:00:00+09:00,2085.0,2095.0,2085.0,2088.0,2100,0.0,0.0
2024-05-15 13:00:00+09:00,2085.0,2086.0,2075.0,2075.0,1200,0.0,0.0
2024-05-15 14:00:00+09:00,2072.0,2072.0,2070.0,2070.0,900,0.0,0.0
2024-05-16 09:00:00+09:00,2097.0,2097.0,2077.0,2081.0,2000,0.0,0.0
2024-05-16 10:00:00+09:00,2097.0,2097.0,2065.0,2065.0,2200,0.0,0.0
2024-05-16 11:00:00+09:00,2065.0,2065.0,2065.0,2065.0,0,0.0,0.0
2024-05-16 12:00:00+09:00,2076.0,2076.0,2059.0,2059.0,4400,0.0,0.0
2024-05-16 13:00:00+09:00,2061.0,2061.0,2061.0,2061.0,100,0.0,0.0
2024-05-16 14:00:00+09:00,2061.0,2065.0,2061.0,2065.0,200,0.0,0.0
2024-05-17 10:00:00+09:00,2075.0,2075.0,2075.0,2075.0,300,0.0,0.0
2024-05-17 11:00:00+09:00,2075.0,2075.0,2075.0,2075.0,0,0.0,0.0
2024-05-17 12:00:00+09:00,2075.0,2075.0,2075.0,2075.0,600,0.0,0.0
2024-05-17 13:00:00+09:00,2074.0,2075.0,2074.0,2075.0,400,0.0,0.0
2024-05-20 09:00:00+09:00,2080.0,2080.0,2075.0,2080.0,1300,0.0,0.0
2024-05-20 11:00:00+09:00,2080.0,2080.0,2080.0,2080.0,0,0.0,0.0
2024-05-20 12:00:00+09:00,2077.0,2077.0,2077.0,2077.0,1600,0.0,0.0
2024-05-20 13:00:00+09:00,2076.0,2077.0,2076.0,2077.0,200,0.0,0.0
2024-05-20 14:00:00+09:00,2063.0,2063.0,2063.0,2063.0,300,0.0,0.0
2024-05-21 09:00:00+09:00,2080.0,2081.0,2080.0,2081.0,600,0.0,0.0
2024-05-21 10:00:00+09:00,2081.0,2082.0,2081.0,2082.0,200,0.0,0.0
2024-05-21 11:00:00+09:00,2082.0,2082.0,2082.0,2082.0,0,0.0,0.0
2024-05-21 13:00:00+09:00,2075.0,2075.0,2073.0,2073.0,1000,0.0,0.0
2024-05-22 09:00:00+09:00,2083.0,2088.0,2081.0,2081.0,300,0.0,0.0
2024-05-22 10:00:00+09:00,2080.0,2080.0,2078.0,2078.0,400,0.0,0.0
2024-05-22 11:00:00+09:00,2078.0,2085.0,2078.0,2085.0,0,0.0,0.0
2024-05-22 12:00:00+09:00,2085.0,2085.0,2085.0,2085.0,0,0.0,0.0
2024-05-22 13:00:00+09:00,2080.0,2080.0,2080.0,2080.0,1300,0.0,0.0
2024-05-22 14:00:00+09:00,2085.0,2085.0,2075.0,2075.0,1200,0.0,0.0
2024-05-23 09:00:00+09:00,2080.0,2080.0,2080.0,2080.0,200,0.0,0.0
2024-05-23 11:00:00+09:00,2080.0,2080.0,2080.0,2080.0,0,0.0,0.0
2024-05-23 12:00:00+09:00,2081.0,2081.0,2077.0,2077.0,500,0.0,0.0
2024-05-23 13:00:00+09:00,2078.0,2078.0,2078.0,2078.0,100,0.0,0.0
2024-05-23 14:00:00+09:00,2077.0,2078.0,2058.0,2078.0,1500,0.0,0.0
2024-05-24 09:00:00+09:00,2073.0,2073.0,2073.0,2073.0,100,0.0,0.0
2024-05-24 11:00:00+09:00,2073.0,2073.0,2073.0,2073.0,0,0.0,0.0
2024-05-24 13:00:00+09:00,2085.0,2085.0,2085.0,2085.0,200,0.0,0.0
2024-05-24 14:00:00+09:00,2088.0,2088.0,2072.0,2072.0,200,0.0,0.0
2024-05-27 09:00:00+09:00,2094.0,2094.0,2090.0,2090.0,900,0.0,0.0
2024-05-27 11:00:00+09:00,2090.0,2090.0,2090.0,2090.0,0,0.0,0.0
2024-05-27 12:00:00+09:00,2078.0,2078.0,2078.0,2078.0,1000,0.0,0.0
2024-05-27 14:00:00+09:00,2090.0,2090.0,2090.0,2090.0,100,0.0,0.0
2024-05-28 09:00:00+09:00,2090.0,2094.0,2090.0,2094.0,900,0.0,0.0
2024-05-28 10:00:00+09:00,2094.0,2094.0,2094.0,2094.0,100,0.0,0.0
2024-05-28 11:00:00+09:00,2094.0,2094.0,2094.0,2094.0,0,0.0,0.0
2024-05-28 12:00:00+09:00,2090.0,2090.0,2090.0,2090.0,1100,0.0,0.0
2024-05-28 13:00:00+09:00,2086.0,2086.0,2086.0,2086.0,100,0.0,0.0
2024-05-28 14:00:00+09:00,2094.0,2095.0,2094.0,2095.0,500,0.0,0.0
2024-05-29 09:00:00+09:00,2098.0,2107.0,2098.0,2107.0,3100,0.0,0.0
2024-05-29 10:00:00+09:00,2100.0,2100.0,2091.0,2091.0,500,0.0,0.0
2024-05-29 11:00:00+09:00,2091.0,2091.0,2091.0,2091.0,0,0.0,0.0
2024-05-29 12:00:00+09:00,2091.0,2091.0,2091.0,2091.0,3700,0.0,0.0
2024-05-29 14:00:00+09:00,2090.0,2090.0,2090.0,2090.0,100,0.0,0.0
2024-05-30 09:00:00+09:00,2100.0,2100.0,2075.0,2075.0,0,0.0,0.0
2024-05-30 10:00:00+09:00,2075.0,2080.0,2075.0,2080.0,3200,0.0,0.0
2024-05-30 11:00:00+09:00,2076.0,2076.0,2076.0,2076.0,0,0.0,0.0
2024-05-30 12:00:00+09:00,2076.0,2076.0,2075.0,2075.0,4600,0.0,0.0
2024-05-30 14:00:00+09:00,2094.0,2094.0,2092.0,2093.0,600,0.0,0.0
2024-05-31 09:00:00+09:00,2077.0,2089.0,2077.0,2089.0,200,0.0,0.0
2024-05-31 11:00:00+09:00,2089.0,2089.0,2089.0,2089.0,0,0.0,0.0
2024-05-31 12:00:00+09:00,2096.0,2096.0,2089.0,2096.0,300,0.0,0.0
2024-05-31 14:00:00+09:00,2081.0,2081.0,2081.0,2081.0,100,0.0,0.0
2024-06-03 09:00:00+09:00,2092.0,2092.0,2092.0,2092.0,200,0.0,0.0
2024-06-03 11:00:00+09:00,2092.0,2092.0,2092.0,2092.0,0,0.0,0.0
2024-06-03 13:00:00+09:00,2089.0,2089.0,2083.0,2084.0,600,0.0,0.0
2024-06-04 09:00:00+09:00,2081.0,2081.0,2079.0,2079.0,300,0.0,0.0
2024-06-04 10:00:00+09:00,2080.0,2080.0,2080.0,2080.0,100,0.0,0.0
2024-06-04 11:00:00+09:00,2080.0,2080.0,2080.0,2080.0,0,0.0,0.0
2024-06-04 14:00:00+09:00,2079.0,2079.0,2079.0,2079.0,1100,0.0,0.0
2024-06-05 09:00:00+09:00,2078.0,2078.0,2077.0,2077.0,300,0.0,0.0
2024-06-05 11:00:00+09:00,2077.0,2077.0,2077.0,2077.0,0,0.0,0.0
2024-06-05 13:00:00+09:00,2076.0,2076.0,2076.0,2076.0,400,0.0,0.0
2024-06-06 09:00:00+09:00,2078.0,2085.0,2073.0,2073.0,2100,0.0,0.0
2024-06-06 11:00:00+09:00,2073.0,2073.0,2071.0,2071.0,0,0.0,0.0
2024-06-06 12:00:00+09:00,2071.0,2071.0,2070.0,2070.0,2600,0.0,0.0
2024-06-06 14:00:00+09:00,2070.0,2070.0,2070.0,2070.0,200,0.0,0.0
2024-06-07 09:00:00+09:00,2065.0,2065.0,2065.0,2065.0,200,0.0,0.0
2024-06-07 11:00:00+09:00,2065.0,2065.0,2065.0,2065.0,0,0.0,0.0
2024-06-07 12:00:00+09:00,2065.0,2065.0,2061.0,2061.0,400,0.0,0.0
2024-06-07 13:00:00+09:00,2063.0,2064.0,2060.0,2060.0,300,0.0,0.0
2024-06-10 09:00:00+09:00,2055.0,2055.0,2028.0,2028.0,1300,0.0,0.0
2024-06-10 10:00:00+09:00,2031.0,2031.0,2031.0,2031.0,100,0.0,0.0
2024-06-10 11:00:00+09:00,2031.0,2031.0,2031.0,2031.0,0,0.0,0.0
2024-06-10 12:00:00+09:00,2047.0,2049.0,2032.0,2033.0,2200,0.0,0.0
2024-06-10 14:00:00+09:00,2035.0,2049.0,2031.0,2031.0,900,0.0,0.0
2024-06-11 09:00:00+09:00,2026.0,2064.0,2026.0,2033.0,1500,0.0,0.0
2024-06-11 10:00:00+09:00,2030.0,2030.0,2030.0,2030.0,200,0.0,0.0
2024-06-11 11:00:00+09:00,2028.0,2028.0,2025.0,2025.0,0,0.0,0.0
2024-06-11 13:00:00+09:00,2028.0,2028.0,2024.0,2024.0,3100,0.0,0.0
2024-06-11 14:00:00+09:00,2029.0,2035.0,2024.0,2035.0,400,0.0,0.0
2024-06-12 09:00:00+09:00,2040.0,2040.0,2040.0,2040.0,100,0.0,0.0
2024-06-12 10:00:00+09:00,2031.0,2031.0,2031.0,2031.0,100,0.0,0.0
2024-06-12 11:00:00+09:00,2031.0,2031.0,2031.0,2031.0,0,0.0,0.0
2024-06-12 12:00:00+09:00,2040.0,2040.0,2040.0,2040.0,300,0.0,0.0
2024-06-13 09:00:00+09:00,2050.0,2050.0,2024.0,2024.0,1000,0.0,0.0
2024-06-13 10:00:00+09:00,2023.0,2023.0,2023.0,2023.0,100,0.0,0.0
2024-06-13 11:00:00+09:00,2023.0,2023.0,2023.0,2023.0,0,0.0,0.0
2024-06-13 13:00:00+09:00,2027.0,2027.0,2023.0,2023.0,1300,0.0,0.0
2024-06-13 14:00:00+09:00,2024.0,2034.0,2023.0,2023.0,300,0.0,0.0
2024-06-14 09:00:00+09:00,2042.0,2042.0,2021.0,2021.0,400,0.0,0.0
2024-06-14 10:00:00+09:00,2026.0,2027.0,2026.0,2027.0,300,0.0,0.0
2024-06-14 11:00:00+09:00,2027.0,2027.0,2027.0,2027.0,0,0.0,0.0
2024-06-14 12:00:00+09:00,2037.0,2037.0,2023.0,2023.0,1000,0.0,0.0
2024-06-14 13:00:00+09:00,2023.0,2023.0,2021.0,2021.0,400,0.0,0.0
2024-06-14 14:00:00+09:00,2021.0,2021.0,2020.0,2020.0,200,0.0,0.0
2024-06-17 09:00:00+09:00,2020.0,2020.0,2015.0,2015.0,1000,0.0,0.0
2024-06-17 10:00:00+09:00,2020.0,2025.0,2020.0,2020.0,700,0.0,0.0
2024-06-17 11:00:00+09:00,2020.0,2020.0,2020.0,2020.0,0,0.0,0.0
2024-06-17 12:00:00+09:00,2026.0,2026.0,2019.0,2019.0,1900,0.0,0.0
2024-06-17 13:00:00+09:00,2020.0,2020.0,2020.0,2020.0,100,0.0,0.0
2024-06-17 14:00:00+09:00,2020.0,2020.0,2017.0,2017.0,500,0.0,0.0
2024-06-18 09:00:00+09:00,2018.0,2018.0,2018.0,2018.0,200,0.0,0.0
2024-06-18 10:00:00+09:00,2028.0,2039.0,2018.0,2028.0,600,0.0,0.0
2024-06-18 11:00:00+09:00,2028.0,2028.0,2028.0,2028.0,0,0.0,0.0
2024-06-18 13:00:00+09:00,2038.0,2038.0,2021.0,2021.0,1100,0.0,0.0
2024-06-18 14:00:00+09:00,2020.0,2020.0,2018.0,2018.0,500,0.0,0.0
2024-06-19 09:00:00+09:00,2024.0,2024.0,2024.0,2024.0,200,0.0,0.0
2024-06-19 10:00:00+09:00,2028.0,2028.0,2018.0,2018.0,200,0.0,0.0
2024-06-19 11:00:00+09:00,2034.0,2034.0,2019.0,2019.0,0,0.0,0.0
2024-06-19 12:00:00+09:00,2019.0,2019.0,2019.0,2019.0,800,0.0,0.0
2024-06-20 10:00:00+09:00,2035.0,2035.0,2020.0,2020.0,400,0.0,0.0
2024-06-20 11:00:00+09:00,2020.0,2020.0,2020.0,2020.0,0,0.0,0.0
2024-06-21 09:00:00+09:00,2020.0,2020.0,2018.0,2018.0,1000,0.0,0.0
2024-06-21 10:00:00+09:00,2020.0,2020.0,2020.0,2020.0,400,0.0,0.0
2024-06-21 11:00:00+09:00,2022.0,2022.0,2018.0,2018.0,0,0.0,0.0
2024-06-21 12:00:00+09:00,2018.0,2018.0,2017.0,2018.0,2000,0.0,0.0
2024-06-24 09:00:00+09:00,2018.0,2018.0,2016.0,2016.0,1100,0.0,0.0
2024-06-24 11:00:00+09:00,2016.0,2016.0,2016.0,2016.0,0,0.0,0.0
2024-06-24 12:00:00+09:00,2019.0,2019.0,2015.0,2015.0,1300,0.0,0.0
2024-06-24 13:00:00+09:00,2015.0,2015.0,2015.0,2015.0,300,0.0,0.0
2024-06-25 09:00:00+09:00,2016.0,2016.0,1997.0,2000.0,0,0.0,0.0
2024-06-25 10:00:00+09:00,2001.0,2007.0,2001.0,2007.0,7000,0.0,0.0
2024-06-25 11:00:00+09:00,2002.0,2002.0,2002.0,2002.0,0,0.0,0.0
2024-06-25 12:00:00+09:00,2002.0,2003.0,1998.0,2003.0,9900,0.0,0.0
2024-06-25 13:00:00+09:00,2003.0,2003.0,2003.0,2003.0,100,0.0,0.0
2024-06-25 14:00:00+09:00,2005.0,2005.0,2004.0,2004.0,400,0.0,0.0
2024-06-26 09:00:00+09:00,2004.0,2008.0,1999.0,1999.0,1700,0.0,0.0
2024-06-26 10:00:00+09:00,1999.0,2002.0,1999.0,2002.0,300,0.0,0.0
2024-06-26 11:00:00+09:00,2001.0,2003.0,2001.0,2003.0,0,0.0,0.0
2024-06-26 12:00:00+09:00,2003.0,2003.0,2000.0,2001.0,2600,0.0,0.0
2024-06-26 13:00:00+09:00,2001.0,2001.0,2000.0,2000.0,200,0.0,0.0
2024-06-26 14:00:00+09:00,2001.0,2003.0,2001.0,2002.0,0,0.0,0.0
2024-06-27 09:00:00+09:00,1999.0,2006.0,1990.0,2006.0,4900,0.0,0.0
2024-06-27 10:00:00+09:00,1999.0,1999.0,1991.0,1992.0,4300,0.0,0.0
2024-06-27 11:00:00+09:00,1993.0,1993.0,1993.0,1993.0,0,0.0,0.0
2024-06-27 12:00:00+09:00,1993.0,2002.0,1991.0,1991.0,11400,0.0,0.0
2024-06-27 13:00:00+09:00,1993.0,1999.0,1992.0,1999.0,500,0.0,0.0
2024-06-27 14:00:00+09:00,2000.0,2000.0,1993.0,1993.0,1000,0.0,0.0
2024-06-28 09:00:00+09:00,1993.0,2001.0,1993.0,2001.0,1100,0.0,0.0
2024-06-28 10:00:00+09:00,2002.0,2002.0,1996.0,1996.0,500,0.0,0.0
2024-06-28 11:00:00+09:00,2000.0,2000.0,2000.0,2000.0,0,0.0,0.0
2024-06-28 12:00:00+09:00,2002.0,2002.0,2002.0,2002.0,2000,0.0,0.0
2024-06-28 13:00:00+09:00,2003.0,2003.0,1993.0,1993.0,4000,0.0,0.0
2024-06-28 14:00:00+09:00,1994.0,1994.0,1994.0,1994.0,100,0.0,0.0
2024-07-01 09:00:00+09:00,1995.0,2000.0,1995.0,2000.0,1700,0.0,0.0
2024-07-01 10:00:00+09:00,2000.0,2000.0,1995.0,1995.0,500,0.0,0.0
2024-07-01 11:00:00+09:00,1995.0,1995.0,1995.0,1995.0,0,0.0,0.0
2024-07-01 12:00:00+09:00,1995.0,1997.0,1995.0,1996.0,2800,0.0,0.0
2024-07-01 13:00:00+09:00,1999.0,1999.0,1999.0,1999.0,100,0.0,0.0
2024-07-02 09:00:00+09:00,1998.0,1998.0,1994.0,1994.0,700,0.0,0.0
2024-07-02 10:00:00+09:00,1995.0,1995.0,1994.0,1994.0,300,0.0,0.0
2024-07-02 11:00:00+09:00,1999.0,1999.0,1994.0,1999.0,0,0.0,0.0
2024-07-02 12:00:00+09:00,1998.0,1998.0,1994.0,1995.0,2200,0.0,0.0
2024-07-02 13:00:00+09:00,1995.0,1995.0,1980.0,1993.0,7300,0.0,0.0
2024-07-02 14:00:00+09:00,1993.0,1994.0,1991.0,1994.0,1000,0.0,0.0
2024-07-03 09:00:00+09:00,1994.0,1994.0,1991.0,1993.0,1100,0.0,0.0
2024-07-03 10:00:00+09:00,1992.0,1994.0,1992.0,1994.0,700,0.0,0.0
2024-07-03 11:00:00+09:00,1993.0,1994.0,1993.0,1994.0,0,0.0,0.0
2024-07-03 12:00:00+09:00,1994.0,1994.0,1993.0,1993.0,2800,0.0,0.0
2024-07-03 13:00:00+09:00,1992.0,1994.0,1991.0,1991.0,700,0.0,0.0
2024-07-03 14:00:00+09:00,1993.0,1995.0,1991.0,1995.0,600,0.0,0.0
2024-07-04 09:00:00+09:00,1995.0,1997.0,1991.0,1994.0,1400,0.0,0.0
2024-07-04 10:00:00+09:00,1995.0,1995.0,1993.0,1993.0,300,0.0,0.0
2024-07-04 11:00:00+09:00,1992.0,1992.0,1992.0,1992.0,0,0.0,0.0
2024-07-04 12:00:00+09:00,1992.0,1994.0,1992.0,1994.0,2300,0.0,0.0
2024-07-04 13:00:00+09:00,1994.0,1994.0,1994.0,1994.0,100,0.0,0.0
2024-07-04 14:00:00+09:00,1993.0,1996.0,1993.0,1996.0,300,0.0,0.0
2024-07-05 09:00:00+09:00,1997.0,1998.0,1997.0,1997.0,400,0.0,0.0
2024-07-05 10:00:00+09:00,1997.0,1999.0,1997.0,1999.0,400,0.0,0.0
2024-07-05 11:00:00+09:00,1999.0,1999.0,1999.0,1999.0,0,0.0,0.0
2024-07-05 12:00:00+09:00,1999.0,1999.0,1995.0,1995.0,1200,0.0,0.0
2024-07-05 14:00:00+09:00,1999.0,1999.0,1999.0,1999.0,100,0.0,0.0
2024-07-08 09:00:00+09:00,2000.0,2000.0,1995.0,1996.0,900,0.0,0.0
2024-07-08 10:00:00+09:00,1996.0,1996.0,1996.0,1996.0,100,0.0,0.0
2024-07-08 11:00:00+09:00,1996.0,1996.0,1996.0,1996.0,0,0.0,0.0
2024-07-08 12:00:00+09:00,1999.0,1999.0,1997.0,1997.0,1200,0.0,0.0
2024-07-08 14:00:00+09:00,1999.0,1999.0,1997.0,1997.0,300,0.0,0.0
2024-07-09 09:00:00+09:00,1998.0,1999.0,1998.0,1998.0,300,0.0,0.0
2024-07-09 10:00:00+09:00,1998.0,1999.0,1998.0,1999.0,800,0.0,0.0
2024-07-09 11:00:00+09:00,1999.0,1999.0,1999.0,1999.0,0,0.0,0.0
2024-07-09 12:00:00+09:00,1995.0,1997.0,1995.0,1997.0,2400,0.0,0.0
2024-07-09 14:00:00+09:00,1999.0,1999.0,1996.0,1998.0,300,0.0,0.0
2024-07-10 09:00:00+09:00,1999.0,1999.0,1998.0,1998.0,200,0.0,0.0
2024-07-10 10:00:00+09:00,1998.0,1998.0,1998.0,1998.0,100,0.0,0.0
2024-07-10 11:00:00+09:00,1998.0,1998.0,1997.0,1998.0,0,0.0,0.0
2024-07-10 12:00:00+09:00,1998.0,1998.0,1998.0,1998.0,700,0.0,0.0
2024-07-10 13:00:00+09:00,1997.0,1998.0,1997.0,1998.0,300,0.0,0.0
2024-07-10 14:00:00+09:00,1997.0,1997.0,1997.0,1997.0,100,0.0,0.0
2024-07-11 09:00:00+09:00,1998.0,1998.0,1995.0,1997.0,700,0.0,0.0
2024-07-11 10:00:00+09:00,1997.0,1999.0,1997.0,1999.0,400,0.0,0.0
2024-07-11 11:00:00+09:00,1999.0,1999.0,1999.0,1999.0,0,0.0,0.0
2024-07-11 12:00:00+09:00,1999.0,1999.0,1999.0,1999.0,1400,0.0,0.0
2024-07-11 13:00:00+09:00,1998.0,1998.0,1998.0,1998.0,100,0.0,0.0
2024-07-11 14:00:00+09:00,1997.0,2000.0,1997.0,1999.0,500,0.0,0.0
2024-07-12 09:00:00+09:00,1998.0,1998.0,1998.0,1998.0,1500,0.0,0.0
2024-07-12 10:00:00+09:00,1999.0,1999.0,1998.0,1999.0,400,0.0,0.0
2024-07-12 11:00:00+09:00,1999.0,1999.0,1999.0,1999.0,0,0.0,0.0
2024-07-12 12:00:00+09:00,1999.0,1999.0,1999.0,1999.0,2100,0.0,0.0
2024-07-12 13:00:00+09:00,1999.0,1999.0,1998.0,1998.0,200,0.0,0.0
2024-07-12 14:00:00+09:00,1999.0,2000.0,1999.0,2000.0,300,0.0,0.0
2024-07-16 09:00:00+09:00,2000.0,2000.0,1998.0,1999.0,1700,0.0,0.0
2024-07-16 10:00:00+09:00,2000.0,2000.0,1998.0,1998.0,200,0.0,0.0
2024-07-16 11:00:00+09:00,2000.0,2000.0,2000.0,2000.0,0,0.0,0.0
2024-07-16 12:00:00+09:00,2000.0,2000.0,1999.0,1999.0,2300,0.0,0.0
2024-07-16 13:00:00+09:00,2000.0,2000.0,2000.0,2000.0,100,0.0,0.0
2024-07-16 14:00:00+09:00,2000.0,2000.0,1999.0,2000.0,300,0.0,0.0
2024-07-17 09:00:00+09:00,2000.0,2000.0,2000.0,2000.0,300,0.0,0.0
2024-07-17 10:00:00+09:00,2000.0,2000.0,2000.0,2000.0,200,0.0,0.0
2024-07-17 11:00:00+09:00,1999.0,1999.0,1999.0,1999.0,0,0.0,0.0
2024-07-17 12:00:00+09:00,2000.0,2000.0,2000.0,2000.0,900,0.0,0.0
2024-07-17 13:00:00+09:00,2000.0,2000.0,1999.0,1999.0,300,0.0,0.0
2024-07-17 14:00:00+09:00,2000.0,2001.0,1999.0,1999.0,700,0.0,0.0
2024-07-18 09:00:00+09:00,1999.0,1999.0,1999.0,1999.0,500,0.0,0.0
2024-07-18 10:00:00+09:00,1999.0,2000.0,1999.0,2000.0,200,0.0,0.0
2024-07-18 11:00:00+09:00,2000.0,2000.0,2000.0,2000.0,0,0.0,0.0
2024-07-18 12:00:00+09:00,1999.0,1999.0,1999.0,1999.0,1100,0.0,0.0
2024-07-18 13:00:00+09:00,1998.0,1998.0,1998.0,1998.0,200,0.0,0.0
2024-07-18 14:00:00+09:00,1999.0,1999.0,1998.0,1998.0,200,0.0,0.0
2024-07-19 09:00:00+09:00,2000.0,2000.0,2000.0,2000.0,200,0.0,0.0
2024-07-19 10:00:00+09:00,1999.0,2002.0,1999.0,2002.0,200,0.0,0.0
2024-07-19 11:00:00+09:00,2002.0,2002.0,2002.0,2002.0,0,0.0,0.0
2024-07-19 12:00:00+09:00,2000.0,2000.0,2000.0,2000.0,600,0.0,0.0
2024-07-19 13:00:00+09:00,2002.0,2002.0,2002.0,2002.0,200,0.0,0.0
2024-07-19 14:00:00+09:00,2000.0,2000.0,2000.0,2000.0,100,0.0,0.0
2024-07-22 09:00:00+09:00,2000.0,2003.0,2000.0,2003.0,0,0.0,0.0
2024-07-22 10:00:00+09:00,2003.0,2004.0,2003.0,2004.0,400,0.0,0.0
2024-07-22 11:00:00+09:00,2001.0,2001.0,2001.0,2001.0,0,0.0,0.0
2024-07-22 13:00:00+09:00,2004.0,2004.0,2004.0,2004.0,1400,0.0,0.0
2024-07-22 14:00:00+09:00,2001.0,2004.0,2001.0,2004.0,300,0.0,0.0
2024-07-23 09:00:00+09:00,2005.0,2005.0,2003.0,2003.0,700,0.0,0.0
2024-07-23 10:00:00+09:00,2003.0,2005.0,2003.0,2003.0,300,0.0,0.0
2024-07-23 11:00:00+09:00,2003.0,2003.0,2003.0,2003.0,0,0.0,0.0
2024-07-23 12:00:00+09:00,2005.0,2005.0,2005.0,2005.0,1400,0.0,0.0
2024-07-23 13:00:00+09:00,2007.0,2009.0,2007.0,2009.0,1400,0.0,0.0
2024-07-23 14:00:00+09:00,2010.0,2010.0,2010.0,2010.0,600,0.0,0.0
2024-07-24 09:00:00+09:00,2009.0,2009.0,2009.0,2009.0,300,0.0,0.0
2024-07-24 10:00:00+09:00,2008.0,2008.0,2008.0,2008.0,100,0.0,0.0
2024-07-24 11:00:00+09:00,2008.0,2008.0,2008.0,2008.0,0,0.0,0.0
2024-07-24 12:00:00+09:00,2008.0,2008.0,2008.0,2008.0,700,0.0,0.0
2024-07-24 13:00:00+09:00,2008.0,2012.0,2007.0,2007.0,600,0.0,0.0
2024-07-24 14:00:00+09:00,2006.0,2010.0,2006.0,2010.0,300,0.0,0.0
2024-07-25 09:00:00+09:00,2006.0,2006.0,2000.0,2001.0,3400,0.0,0.0
2024-07-25 11:00:00+09:00,2001.0,2003.0,2001.0,2003.0,0,0.0,0.0
2024-07-25 13:00:00+09:00,2000.0,2003.0,1999.0,2003.0,4700,0.0,0.0
2024-07-25 14:00:00+09:00,2000.0,2004.0,1998.0,2004.0,1500,0.0,0.0
2024-07-26 09:00:00+09:00,2004.0,2004.0,2000.0,2000.0,1600,0.0,0.0
2024-07-26 10:00:00+09:00,2000.0,2000.0,1999.0,1999.0,400,0.0,0.0
2024-07-26 11:00:00+09:00,2002.0,2002.0,2002.0,2002.0,0,0.0,0.0
2024-07-26 12:00:00+09:00,2000.0,2000.0,2000.0,2000.0,2300,0.0,0.0
2024-07-26 13:00:00+09:00,2000.0,2000.0,2000.0,2000.0,200,0.0,0.0
2024-07-26 14:00:00+09:00,2001.0,2005.0,2001.0,2005.0,1200,0.0,0.0
2024-07-29 09:00:00+09:00,2007.0,2010.0,2006.0,2008.0,600,0.0,0.0
2024-07-29 10:00:00+09:00,2009.0,2009.0,2009.0,2009.0,200,0.0,0.0
2024-07-29 11:00:00+09:00,2009.0,2009.0,2009.0,2009.0,0,0.0,0.0
2024-07-29 12:00:00+09:00,2009.0,2009.0,2009.0,2009.0,1000,0.0,0.0
2024-07-29 13:00:00+09:00,2002.0,2002.0,2002.0,2002.0,300,0.0,0.0
2024-07-29 14:00:00+09:00,2009.0,2009.0,2009.0,2009.0,100,0.0,0.0
2024-07-30 09:00:00+09:00,2010.0,2010.0,2001.0,2001.0,200,0.0,0.0
2024-07-30 10:00:00+09:00,2000.0,2000.0,2000.0,2000.0,200,0.0,0.0
2024-07-30 11:00:00+09:00,2000.0,2000.0,2000.0,2000.0,0,0.0,0.0
2024-07-30 13:00:00+09:00,2008.0,2008.0,2008.0,2008.0,500,0.0,0.0
2024-07-31 09:00:00+09:00,2009.0,2009.0,2002.0,2002.0,300,0.0,0.0
2024-07-31 11:00:00+09:00,2002.0,2002.0,2002.0,2002.0,0,0.0,0.0
2024-07-31 12:00:00+09:00,2008.0,2008.0,2008.0,2008.0,400,0.0,0.0
2024-07-31 13:00:00+09:00,2009.0,2009.0,2009.0,2009.0,100,0.0,0.0
2024-07-31 14:00:00+09:00,2002.0,2002.0,2002.0,2002.0,100,0.0,0.0
2024-08-01 09:00:00+09:00,2000.0,2000.0,2000.0,2000.0,200,0.0,0.0
2024-08-01 10:00:00+09:00,2000.0,2000.0,2000.0,2000.0,200,0.0,0.0
2024-08-01 11:00:00+09:00,2000.0,2000.0,2000.0,2000.0,0,0.0,0.0
2024-08-01 13:00:00+09:00,2001.0,2001.0,2001.0,2001.0,600,0.0,0.0
2024-08-01 14:00:00+09:00,2000.0,2000.0,2000.0,2000.0,100,0.0,0.0
2024-08-02 09:00:00+09:00,2000.0,2000.0,1991.0,1991.0,0,0.0,0.0
2024-08-02 10:00:00+09:00,1990.0,1992.0,1990.0,1991.0,2500,0.0,0.0
2024-08-02 11:00:00+09:00,1990.0,1990.0,1986.0,1986.0,0,0.0,0.0
2024-08-02 12:00:00+09:00,1986.0,1986.0,1985.0,1985.0,4500,0.0,0.0
2024-08-02 13:00:00+09:00,1985.0,1986.0,1985.0,1986.0,300,0.0,0.0
2024-08-02 14:00:00+09:00,1986.0,1986.0,1983.0,1983.0,1400,0.0,0.0
2024-08-05 09:00:00+09:00,1978.0,1978.0,1900.0,1902.0,5500,0.0,0.0
2024-08-05 10:00:00+09:00,1902.0,1902.0,1902.0,1902.0,300,0.0,0.0
2024-08-05 11:00:00+09:00,1905.0,1910.0,1905.0,1910.0,0,0.0,0.0
2024-08-05 12:00:00+09:00,1950.0,1950.0,1914.0,1917.0,6900,0.0,0.0
2024-08-05 13:00:00+09:00,1920.0,1920.0,1899.0,1900.0,3800,0.0,0.0
2024-08-05 14:00:00+09:00,1891.0,1891.0,1690.0,1700.0,3600,0.0,0.0
2024-08-06 09:00:00+09:00,1715.0,1840.0,1715.0,1771.0,3300,0.0,0.0
2024-08-06 10:00:00+09:00,1840.0,1845.0,1776.0,1776.0,400,0.0,0.0
2024-08-06 11:00:00+09:00,1782.0,1821.0,1782.0,1808.0,0,0.0,0.0
2024-08-06 12:00:00+09:00,1803.0,1810.0,1803.0,1810.0,5800,0.0,0.0
2024-08-06 13:00:00+09:00,1825.0,1845.0,1811.0,1811.0,400,0.0,0.0
2024-08-06 14:00:00+09:00,1844.0,1844.0,1810.0,1839.0,500,0.0,0.0
2024-08-07 09:00:00+09:00,1840.0,1875.0,1840.0,1874.0,1000,0.0,0.0
2024-08-07 10:00:00+09:00,1875.0,1875.0,1852.0,1852.0,200,0.0,0.0
2024-08-07 11:00:00+09:00,1852.0,1878.0,1852.0,1878.0,0,0.0,0.0
2024-08-07 12:00:00+09:00,1878.0,1878.0,1878.0,1878.0,1800,0.0,0.0
2024-08-07 13:00:00+09:00,1889.0,1890.0,1889.0,1890.0,500,0.0,0.0
2024-08-07 14:00:00+09:00,1880.0,1893.0,1880.0,1893.0,400,0.0,0.0
2024-08-08 09:00:00+09:00,1900.0,1925.0,1895.0,1895.0,1700,0.0,0.0
2024-08-08 10:00:00+09:00,1895.0,1895.0,1895.0,1895.0,100,0.0,0.0
2024-08-08 11:00:00+09:00,1895.0,1895.0,1895.0,1895.0,0,0.0,0.0
2024-08-08 13:00:00+09:00,1910.0,1910.0,1910.0,1910.0,1900,0.0,0.0
2024-08-08 14:00:00+09:00,1909.0,1910.0,1909.0,1910.0,400,0.0,0.0
2024-08-09 09:00:00+09:00,1935.0,1935.0,1901.0,1901.0,900,0.0,0.0
2024-08-09 10:00:00+09:00,1906.0,1906.0,1906.0,1906.0,100,0.0,0.0
2024-08-09 11:00:00+09:00,1906.0,1906.0,1906.0,1906.0,0,0.0,0.0
2024-08-09 12:00:00+09:00,1928.0,1928.0,1928.0,1928.0,1100,0.0,0.0
2024-08-09 13:00:00+09:00,1915.0,1915.0,1915.0,1915.0,100,0.0,0.0
2024-08-09 14:00:00+09:00,1919.0,1919.0,1919.0,1919.0,100,0.0,0.0
2024-08-13 09:00:00+09:00,1919.0,1919.0,1919.0,1919.0,300,0.0,0.0
2024-08-13 10:00:00+09:00,1924.0,1924.0,1924.0,1924.0,200,0.0,0.0
2024-08-13 11:00:00+09:00,1924.0,1924.0,1924.0,1924.0,0,0.0,0.0
2024-08-13 12:00:00+09:00,1930.0,1950.0,1930.0,1950.0,900,0.0,0.0
2024-08-13 13:00:00+09:00,1948.0,1948.0,1948.0,1948.0,100,0.0,0.0
2024-08-13 14:00:00+09:00,1948.0,1948.0,1938.0,1938.0,200,0.0,0.0
2024-08-14 09:00:00+09:00,1975.0,1975.0,1970.0,1970.0,600,0.0,0.0
2024-08-14 10:00:00+09:00,1962.0,1977.0,1962.0,1965.0,1000,0.0,0.0
2024-08-14 11:00:00+09:00,1965.0,1973.0,1965.0,1973.0,0,0.0,0.0
2024-08-14 13:00:00+09:00,1977.0,1977.0,1977.0,1977.0,2000,0.0,0.0
2024-08-14 14:00:00+09:00,1965.0,1965.0,1963.0,1964.0,300,0.0,0.0
2024-08-15 09:00:00+09:00,1975.0,1975.0,1945.0,1945.0,700,0.0,0.0
2024-08-15 10:00:00+09:00,1965.0,1974.0,1965.0,1974.0,200,0.0,0.0
2024-08-15 11:00:00+09:00,1973.0,1974.0,1973.0,1974.0,0,0.0,0.0
2024-08-15 12:00:00+09:00,1962.0,1962.0,1962.0,1962.0,1400,0.0,0.0
2024-08-15 13:00:00+09:00,1960.0,1960.0,1960.0,1960.0,100,0.0,0.0
2024-08-15 14:00:00+09:00,1956.0,1956.0,1945.0,1945.0,400,0.0,0.0
2024-08-16 09:00:00+09:00,1943.0,1943.0,1942.0,1942.0,400,0.0,0.0
2024-08-16 10:00:00+09:00,1949.0,1949.0,1940.0,1941.0,300,0.0,0.0
2024-08-16 11:00:00+09:00,1941.0,1941.0,1938.0,1938.0,0,0.0,0.0
2024-08-16 12:00:00+09:00,1938.0,1940.0,1938.0,1940.0,1800,0.0,0.0
2024-08-16 13:00:00+09:00,1940.0,1940.0,1937.0,1937.0,300,0.0,0.0
2024-08-16 14:00:00+09:00,1938.0,1940.0,1938.0,1940.0,300,0.0,0.0
2024-08-19 09:00:00+09:00,1950.0,1950.0,1950.0,1950.0,400,0.0,0.0
2024-08-19 10:00:00+09:00,1945.0,1945.0,1945.0,1945.0,100,0.0,0.0
2024-08-19 11:00:00+09:00,1945.0,1945.0,1945.0,1945.0,0,0.0,0.0
2024-08-19 12:00:00+09:00,1940.0,1940.0,1936.0,1936.0,1500,0.0,0.0
2024-08-19 13:00:00+09:00,1935.0,1935.0,1935.0,1935.0,100,0.0,0.0
2024-08-20 09:00:00+09:00,1935.0,1940.0,1935.0,1940.0,400,0.0,0.0
2024-08-20 10:00:00+09:00,1941.0,1952.0,1941.0,1952.0,200,0.0,0.0
2024-08-20 11:00:00+09:00,1951.0,1951.0,1951.0,1951.0,0,0.0,0.0
2024-08-20 12:00:00+09:00,1952.0,1952.0,1952.0,1952.0,800,0.0,0.0
2024-08-20 13:00:00+09:00,1950.0,1950.0,1950.0,1950.0,100,0.0,0.0
2024-08-20 14:00:00+09:00,1955.0,1955.0,1955.0,1955.0,100,0.0,0.0
2024-08-21 09:00:00+09:00,1952.0,1952.0,1952.0,1952.0,200,0.0,0.0
2024-08-21 11:00:00+09:00,1952.0,1952.0,1952.0,1952.0,0,0.0,0.0
2024-08-22 09:00:00+09:00,1955.0,1955.0,1952.0,1952.0,300,0.0,0.0
2024-08-22 11:00:00+09:00,1952.0,1952.0,1952.0,1952.0,0,0.0,0.0
2024-08-22 13:00:00+09:00,1953.0,1953.0,1953.0,1953.0,400,0.0,0.0
2024-08-22 14:00:00+09:00,1955.0,1955.0,1954.0,1954.0,200,0.0,0.0
2024-08-23 09:00:00+09:00,1954.0,1962.0,1954.0,1962.0,400,0.0,0.0
2024-08-23 11:00:00+09:00,1963.0,1963.0,1963.0,1963.0,0,0.0,0.0
2024-08-23 13:00:00+09:00,1969.0,1969.0,1969.0,1969.0,700,0.0,0.0
2024-08-23 14:00:00+09:00,1968.0,1968.0,1968.0,1968.0,100,0.0,0.0
2024-08-26 09:00:00+09:00,1968.0,1974.0,1968.0,1974.0,1200,0.0,0.0
2024-08-26 10:00:00+09:00,1976.0,1976.0,1976.0,1976.0,300,0.0,0.0
2024-08-26 11:00:00+09:00,1976.0,1976.0,1976.0,1976.0,0,0.0,0.0
2024-08-26 12:00:00+09:00,1976.0,1976.0,1974.0,1974.0,1800,0.0,0.0
2024-08-26 13:00:00+09:00,1979.0,1979.0,1979.0,1979.0,100,0.0,0.0
2024-08-26 14:00:00+09:00,1980.0,1988.0,1980.0,1988.0,500,0.0,0.0
2024-08-27 09:00:00+09:00,1983.0,1994.0,1983.0,1993.0,300,0.0,0.0
2024-08-27 11:00:00+09:00,1988.0,1988.0,1988.0,1988.0,0,0.0,0.0
2024-08-27 12:00:00+09:00,1992.0,1992.0,1992.0,1992.0,600,0.0,0.0
2024-08-28 09:00:00+09:00,1999.0,1999.0,1999.0,1999.0,600,0.0,0.0
2024-08-28 10:00:00+09:00,1999.0,1999.0,1997.0,1997.0,200,0.0,0.0
2024-08-28 11:00:00+09:00,2000.0,2000.0,2000.0,2000.0,0,0.0,0.0
2024-08-28 12:00:00+09:00,2000.0,2000.0,2000.0,2000.0,1500,0.0,0.0
2024-08-28 14:00:00+09:00,2000.0,2000.0,2000.0,2000.0,300,0.0,0.0
2024-08-29 09:00:00+09:00,1998.0,1998.0,1998.0,1998.0,100,0.0,0.0
2024-08-29 10:00:00+09:00,1999.0,1999.0,1999.0,1999.0,100,0.0,0.0
2024-08-29 11:00:00+09:00,2000.0,2000.0,2000.0,2000.0,0,0.0,0.0
2024-08-29 13:00:00+09:00,2000.0,2000.0,1999.0,1999.0,500,0.0,0.0
2024-08-30 09:00:00+09:00,2003.0,2003.0,2003.0,2003.0,100,0.0,0.0
2024-08-30 10:00:00+09:00,2002.0,2002.0,2002.0,2002.0,100,0.0,0.0
2024-08-30 11:00:00+09:00,2002.0,2002.0,2002.0,2002.0,0,0.0,0.0
2024-08-30 12:00:00+09:00,1999.0,1999.0,1999.0,1999.0,500,0.0,0.0
2024-08-30 14:00:00+09:00,1998.0,1998.0,1990.0,1990.0,1000,0.0,0.0
