Datetime,Open,High,Low,Close,Volume,Dividends,Stock Splits
2024-10-21 09:00:00+09:00,1866.5,1866.5,1856.0,1856.0,0,0.0,0.0
2024-10-21 09:01:00+09:00,1856.0,1858.5,1853.5,1858.5,4900,0.0,0.0
2024-10-21 09:02:00+09:00,1858.5,1861.0,1858.5,1859.0,1100,0.0,0.0
2024-10-21 09:03:00+09:00,1859.0,1859.5,1857.5,1859.0,1700,0.0,0.0
2024-10-21 09:04:00+09:00,1859.5,1862.5,1856.0,1862.5,13700,0.0,0.0
2024-10-21 09:05:00+09:00,1864.0,1865.0,1864.0,1865.0,1000,0.0,0.0
2024-10-21 09:06:00+09:00,1863.5,1865.5,1862.5,1865.5,3600,0.0,0.0
2024-10-21 09:07:00+09:00,1865.0,1866.0,1865.0,1865.5,1800,0.0,0.0
2024-10-21 09:08:00+09:00,1864.5,1864.5,1863.0,1863.5,900,0.0,0.0
2024-10-21 09:09:00+09:00,1862.0,1862.5,1861.5,1862.0,2200,0.0,0.0
2024-10-21 09:10:00+09:00,1861.5,1863.5,1861.5,1863.5,2400,0.0,0.0
2024-10-21 09:11:00+09:00,1862.5,1862.5,1862.0,1862.0,300,0.0,0.0
2024-10-21 09:12:00+09:00,1861.0,1861.0,1856.5,1857.0,3800,0.0,0.0
2024-10-21 09:13:00+09:00,1856.5,1856.5,1855.5,1855.5,700,0.0,0.0
2024-10-21 09:14:00+09:00,1856.5,1858.0,1856.5,1858.0,1300,0.0,0.0
2024-10-21 09:15:00+09:00,1860.0,1860.5,1860.0,1860.5,500,0.0,0.0
2024-10-21 09:16:00+09:00,1860.0,1860.0,1859.0,1859.5,1800,0.0,0.0
2024-10-21 09:17:00+09:00,1860.5,1860.5,1860.5,1860.5,300,0.0,0.0
2024-10-21 09:18:00+09:00,1861.0,1861.0,1860.0,1860.5,900,0.0,0.0
2024-10-21 09:20:00+09:00,1860.5,1861.0,1860.5,1861.0,700,0.0,0.0
2024-10-21 09:21:00+09:00,1861.0,1861.5,1861.0,1861.0,600,0.0,0.0
2024-10-21 09:22:00+09:00,1861.0,1862.5,1861.0,1862.5,800,0.0,0.0
2024-10-21 09:23:00+09:00,1863.5,1864.5,1863.5,1864.5,800,0.0,0.0
2024-10-21 09:24:00+09:00,1864.5,1864.5,1864.5,1864.5,100,0.0,0.0
2024-10-21 09:25:00+09:00,1863.0,1863.0,1862.5,1862.5,500,0.0,0.0
2024-10-21 09:27:00+09:00,1862.5,1863.0,1862.5,1863.0,400,0.0,0.0
2024-10-21 09:28:00+09:00,1863.0,1864.0,1863.0,1863.5,900,0.0,0.0
2024-10-21 09:30:00+09:00,1863.0,1863.0,1862.5,1862.5,800,0.0,0.0
2024-10-21 09:31:00+09:00,1863.0,1863.0,1862.0,1862.0,800,0.0,0.0
2024-10-21 09:33:00+09:00,1863.0,1864.5,1863.0,1864.5,1100,0.0,0.0
2024-10-21 09:34:00+09:00,1865.0,1865.5,1864.5,1865.5,800,0.0,0.0
2024-10-21 09:35:00+09:00,1866.5,1866.5,1865.0,1866.0,800,0.0,0.0
2024-10-21 09:36:00+09:00,1865.5,1866.0,1864.5,1866.0,600,0.0,0.0
2024-10-21 09:37:00+09:00,1866.5,1866.5,1865.5,1865.5,500,0.0,0.0
2024-10-21 09:38:00+09:00,1866.5,1866.5,1866.5,1866.5,100,0.0,0.0
2024-10-21 09:39:00+09:00,1866.0,1866.5,1866.0,1866.5,500,0.0,0.0
2024-10-21 09:40:00+09:00,1867.5,1869.0,1867.5,1869.0,1000,0.0,0.0
2024-10-21 09:41:00+09:00,1870.0,1870.5,1869.5,1869.5,700,0.0,0.0
2024-10-21 09:42:00+09:00,1869.0,1869.0,1869.0,1869.0,300,0.0,0.0
2024-10-21 09:43:00+09:00,1869.5,1869.5,1869.5,1869.5,300,0.0,0.0
2024-10-21 09:44:00+09:00,1870.0,1870.5,1870.0,1870.5,2500,0.0,0.0
2024-10-21 09:45:00+09:00,1870.5,1872.0,1870.5,1871.5,1800,0.0,0.0
2024-10-21 09:46:00+09:00,1872.0,1872.5,1871.5,1871.5,600,0.0,0.0
2024-10-21 09:47:00+09:00,1870.5,1870.5,1870.5,1870.5,400,0.0,0.0
2024-10-21 09:48:00+09:00,1871.5,1872.0,1871.0,1872.0,700,0.0,0.0
2024-10-21 09:49:00+09:00,1872.5,1875.0,1872.5,1873.5,2700,0.0,0.0
2024-10-21 09:50:00+09:00,1874.5,1874.5,1874.5,1874.5,200,0.0,0.0
2024-10-21 09:51:00+09:00,1875.0,1875.0,1874.0,1874.0,200,0.0,0.0
2024-10-21 09:52:00+09:00,1875.0,1875.5,1874.5,1874.5,700,0.0,0.0
2024-10-21 09:53:00+09:00,1875.0,1876.0,1875.0,1876.0,700,0.0,0.0
2024-10-21 09:54:00+09:00,1876.5,1876.5,1875.0,1875.0,400,0.0,0.0
2024-10-21 09:57:00+09:00,1874.5,1874.5,1873.0,1873.0,1000,0.0,0.0
2024-10-21 09:58:00+09:00,1872.5,1872.5,1872.0,1872.0,300,0.0,0.0
2024-10-21 09:59:00+09:00,1872.0,1872.0,1870.0,1871.5,2600,0.0,0.0
2024-10-21 10:00:00+09:00,1871.5,1872.0,1871.5,1872.0,500,0.0,0.0
2024-10-21 10:01:00+09:00,1871.0,1871.0,1871.0,1871.0,100,0.0,0.0
2024-10-21 10:02:00+09:00,1872.0,1872.0,1872.0,1872.0,1400,0.0,0.0
2024-10-21 10:04:00+09:00,1870.5,1871.0,1870.5,1871.0,400,0.0,0.0
2024-10-21 10:05:00+09:00,1871.0,1871.0,1871.0,1871.0,400,0.0,0.0
2024-10-21 10:06:00+09:00,1870.5,1870.5,1870.0,1870.0,1400,0.0,0.0
2024-10-21 10:07:00+09:00,1870.5,1871.0,1870.5,1870.5,900,0.0,0.0
2024-10-21 10:08:00+09:00,1870.0,1870.0,1870.0,1870.0,100,0.0,0.0
2024-10-21 10:09:00+09:00,1869.0,1869.0,1869.0,1869.0,100,0.0,0.0
2024-10-21 10:10:00+09:00,1870.0,1870.5,1870.0,1870.5,900,0.0,0.0
2024-10-21 10:11:00+09:00,1871.5,1871.5,1871.5,1871.5,500,0.0,0.0
2024-10-21 10:12:00+09:00,1870.0,1871.0,1870.0,1871.0,400,0.0,0.0
2024-10-21 10:13:00+09:00,1870.5,1870.5,1870.5,1870.5,200,0.0,0.0
2024-10-21 10:14:00+09:00,1871.0,1871.0,1871.0,1871.0,100,0.0,0.0
2024-10-21 10:15:00+09:00,1870.5,1871.0,1870.5,1871.0,400,0.0,0.0
2024-10-21 10:16:00+09:00,1870.0,1870.0,1870.0,1870.0,200,0.0,0.0
2024-10-21 10:18:00+09:00,1869.5,1869.5,1868.5,1868.5,500,0.0,0.0
2024-10-21 10:19:00+09:00,1868.5,1868.5,1868.0,1868.0,400,0.0,0.0
2024-10-21 10:20:00+09:00,1868.0,1868.0,1867.0,1867.0,300,0.0,0.0
2024-10-21 10:21:00+09:00,1866.5,1866.5,1866.5,1866.5,100,0.0,0.0
2024-10-21 10:22:00+09:00,1866.0,1866.0,1863.0,1863.5,4100,0.0,0.0
2024-10-21 10:23:00+09:00,1864.0,1864.5,1864.0,1864.0,900,0.0,0.0
2024-10-21 10:24:00+09:00,1865.0,1865.0,1865.0,1865.0,500,0.0,0.0
2024-10-21 10:26:00+09:00,1865.5,1866.0,1865.5,1866.0,500,0.0,0.0
2024-10-21 10:27:00+09:00,1866.5,1866.5,1866.5,1866.5,300,0.0,0.0
2024-10-21 10:28:00+09:00,1866.0,1867.5,1866.0,1866.5,1700,0.0,0.0
2024-10-21 10:29:00+09:00,1866.0,1866.0,1865.5,1865.5,400,0.0,0.0
2024-10-21 10:30:00+09:00,1864.0,1864.5,1864.0,1864.5,800,0.0,0.0
2024-10-21 10:31:00+09:00,1864.0,1864.0,1863.5,1863.5,600,0.0,0.0
2024-10-21 10:32:00+09:00,1864.0,1864.0,1863.5,1863.5,300,0.0,0.0
2024-10-21 10:33:00+09:00,1863.5,1863.5,1863.5,1863.5,100,0.0,0.0
2024-10-21 10:34:00+09:00,1863.0,1863.0,1863.0,1863.0,500,0.0,0.0
2024-10-21 10:35:00+09:00,1863.0,1863.0,1863.0,1863.0,300,0.0,0.0
2024-10-21 10:36:00+09:00,1863.5,1863.5,1863.5,1863.5,200,0.0,0.0
2024-10-21 10:37:00+09:00,1863.5,1864.0,1863.5,1864.0,900,0.0,0.0
2024-10-21 10:38:00+09:00,1864.0,1864.0,1864.0,1864.0,400,0.0,0.0
2024-10-21 10:39:00+09:00,1863.5,1863.5,1863.5,1863.5,300,0.0,0.0
2024-10-21 10:41:00+09:00,1863.0,1863.0,1863.0,1863.0,400,0.0,0.0
2024-10-21 10:42:00+09:00,1863.0,1864.0,1863.0,1864.0,1200,0.0,0.0
2024-10-21 10:43:00+09:00,1864.0,1864.0,1864.0,1864.0,200,0.0,0.0
2024-10-21 10:44:00+09:00,1864.0,1864.0,1864.0,1864.0,100,0.0,0.0
2024-10-21 10:45:00+09:00,1864.5,1865.0,1864.5,1864.5,1100,0.0,0.0
2024-10-21 10:46:00+09:00,1864.5,1864.5,1863.0,1863.0,600,0.0,0.0
2024-10-21 10:47:00+09:00,1863.5,1864.0,1863.5,1864.0,800,0.0,0.0
2024-10-21 10:48:00+09:00,1864.0,1864.0,1864.0,1864.0,200,0.0,0.0
2024-10-21 10:49:00+09:00,1864.0,1864.0,1864.0,1864.0,400,0.0,0.0
2024-10-21 10:50:00+09:00,1864.0,1864.0,1864.0,1864.0,200,0.0,0.0
2024-10-21 10:51:00+09:00,1863.5,1863.5,1863.5,1863.5,400,0.0,0.0
2024-10-21 10:52:00+09:00,1863.5,1863.5,1862.0,1862.0,1800,0.0,0.0
2024-10-21 10:53:00+09:00,1862.5,1862.5,1862.0,1862.0,1000,0.0,0.0
2024-10-21 10:54:00+09:00,1862.0,1863.5,1862.0,1863.5,1000,0.0,0.0
2024-10-21 10:56:00+09:00,1863.5,1864.0,1863.5,1864.0,700,0.0,0.0
2024-10-21 10:58:00+09:00,1863.5,1863.5,1863.5,1863.5,200,0.0,0.0
2024-10-21 11:00:00+09:00,1864.0,1865.5,1864.0,1865.5,2500,0.0,0.0
2024-10-21 11:01:00+09:00,1866.0,1866.5,1866.0,1866.5,200,0.0,0.0
2024-10-21 11:02:00+09:00,1866.0,1866.5,1866.0,1866.5,400,0.0,0.0
2024-10-21 11:03:00+09:00,1865.5,1865.5,1865.5,1865.5,100,0.0,0.0
2024-10-21 11:05:00+09:00,1866.0,1866.0,1866.0,1866.0,300,0.0,0.0
2024-10-21 11:06:00+09:00,1866.5,1867.0,1866.5,1867.0,400,0.0,0.0
2024-10-21 11:07:00+09:00,1867.5,1867.5,1867.5,1867.5,500,0.0,0.0
2024-10-21 11:08:00+09:00,1867.5,1867.5,1867.5,1867.5,400,0.0,0.0
2024-10-21 11:10:00+09:00,1867.0,1867.0,1866.0,1866.0,1100,0.0,0.0
2024-10-21 11:11:00+09:00,1866.5,1866.5,1866.5,1866.5,400,0.0,0.0
2024-10-21 11:12:00+09:00,1866.5,1867.5,1866.5,1866.5,600,0.0,0.0
2024-10-21 11:13:00+09:00,1867.0,1867.0,1867.0,1867.0,100,0.0,0.0
2024-10-21 11:14:00+09:00,1866.5,1866.5,1866.5,1866.5,200,0.0,0.0
2024-10-21 11:15:00+09:00,1867.0,1867.0,1867.0,1867.0,100,0.0,0.0
2024-10-21 11:16:00+09:00,1866.5,1866.5,1866.5,1866.5,200,0.0,0.0
2024-10-21 11:17:00+09:00,1866.0,1866.0,1865.5,1865.5,500,0.0,0.0
2024-10-21 11:18:00+09:00,1866.0,1866.5,1866.0,1866.5,800,0.0,0.0
2024-10-21 11:20:00+09:00,1866.5,1866.5,1866.5,1866.5,100,0.0,0.0
2024-10-21 11:22:00+09:00,1866.5,1867.5,1866.0,1867.5,2700,0.0,0.0
2024-10-21 11:23:00+09:00,1867.5,1867.5,1867.5,1867.5,100,0.0,0.0
2024-10-21 11:24:00+09:00,1867.5,1867.5,1867.0,1867.0,600,0.0,0.0
2024-10-21 11:25:00+09:00,1867.5,1867.5,1867.5,1867.5,100,0.0,0.0
2024-10-21 11:26:00+09:00,1867.0,1867.5,1867.0,1867.0,800,0.0,0.0
2024-10-21 11:27:00+09:00,1867.0,1867.5,1867.0,1867.5,300,0.0,0.0
2024-10-21 11:29:00+09:00,1866.5,1869.0,1866.0,1867.5,3000,0.0,0.0
2024-10-21 11:30:00+09:00,1867.5,1867.5,1867.5,1867.5,500,0.0,0.0
2024-10-21 11:35:00+09:00,1867.5,1867.5,1867.5,1867.5,0,0.0,0.0
2024-10-21 12:30:00+09:00,1862.0,1864.0,1861.5,1862.0,158000,0.0,0.0
2024-10-21 12:31:00+09:00,1863.0,1863.5,1862.5,1863.5,700,0.0,0.0
2024-10-21 12:32:00+09:00,1864.0,1864.0,1864.0,1864.0,500,0.0,0.0
2024-10-21 12:34:00+09:00,1864.5,1865.5,1864.5,1865.5,3000,0.0,0.0
2024-10-21 12:35:00+09:00,1865.5,1866.0,1865.5,1866.0,1100,0.0,0.0
2024-10-21 12:36:00+09:00,1865.0,1865.0,1865.0,1865.0,100,0.0,0.0
2024-10-21 12:37:00+09:00,1866.0,1866.0,1866.0,1866.0,700,0.0,0.0
2024-10-21 12:38:00+09:00,1867.0,1867.5,1867.0,1867.5,600,0.0,0.0
2024-10-21 12:39:00+09:00,1867.5,1868.5,1867.5,1868.5,900,0.0,0.0
2024-10-21 12:40:00+09:00,1868.5,1868.5,1867.0,1867.5,2700,0.0,0.0
2024-10-21 12:41:00+09:00,1866.5,1866.5,1866.5,1866.5,100,0.0,0.0
2024-10-21 12:42:00+09:00,1866.0,1866.5,1865.5,1866.5,1700,0.0,0.0
2024-10-21 12:43:00+09:00,1867.0,1868.0,1867.0,1868.0,600,0.0,0.0
2024-10-21 12:44:00+09:00,1867.5,1867.5,1867.5,1867.5,400,0.0,0.0
2024-10-21 12:45:00+09:00,1868.0,1868.0,1868.0,1868.0,500,0.0,0.0
2024-10-21 12:46:00+09:00,1867.5,1868.0,1867.5,1868.0,400,0.0,0.0
2024-10-21 12:47:00+09:00,1867.5,1868.0,1866.5,1866.5,1900,0.0,0.0
2024-10-21 12:48:00+09:00,1867.0,1868.0,1867.0,1868.0,900,0.0,0.0
2024-10-21 12:49:00+09:00,1867.5,1869.5,1867.5,1869.5,4700,0.0,0.0
2024-10-21 12:50:00+09:00,1868.5,1869.0,1867.0,1867.0,1000,0.0,0.0
2024-10-21 12:51:00+09:00,1867.5,1867.5,1867.5,1867.5,300,0.0,0.0
2024-10-21 12:52:00+09:00,1867.5,1867.5,1867.5,1867.5,100,0.0,0.0
2024-10-21 12:55:00+09:00,1867.5,1867.5,1866.5,1866.5,2300,0.0,0.0
2024-10-21 12:56:00+09:00,1867.5,1867.5,1867.0,1867.0,300,0.0,0.0
2024-10-21 12:57:00+09:00,1866.5,1867.0,1865.5,1867.0,3300,0.0,0.0
2024-10-21 12:58:00+09:00,1867.0,1867.0,1867.0,1867.0,100,0.0,0.0
2024-10-21 12:59:00+09:00,1867.5,1867.5,1867.5,1867.5,100,0.0,0.0
2024-10-21 13:00:00+09:00,1867.5,1867.5,1867.5,1867.5,400,0.0,0.0
2024-10-21 13:01:00+09:00,1868.0,1868.0,1868.0,1868.0,1000,0.0,0.0
2024-10-21 13:02:00+09:00,1868.5,1868.5,1868.5,1868.5,200,0.0,0.0
2024-10-21 13:03:00+09:00,1868.0,1868.5,1868.0,1868.5,300,0.0,0.0
2024-10-21 13:04:00+09:00,1868.5,1868.5,1868.0,1868.0,500,0.0,0.0
2024-10-21 13:05:00+09:00,1869.0,1869.0,1869.0,1869.0,200,0.0,0.0
2024-10-21 13:06:00+09:00,1869.0,1869.0,1868.0,1868.5,1700,0.0,0.0
2024-10-21 13:07:00+09:00,1867.5,1867.5,1866.5,1866.5,2100,0.0,0.0
2024-10-21 13:08:00+09:00,1867.5,1868.5,1867.5,1868.5,900,0.0,0.0
2024-10-21 13:09:00+09:00,1867.5,1867.5,1867.5,1867.5,100,0.0,0.0
2024-10-21 13:13:00+09:00,1867.5,1868.5,1867.5,1868.5,1100,0.0,0.0
2024-10-21 13:14:00+09:00,1868.5,1869.0,1868.5,1869.0,300,0.0,0.0
2024-10-21 13:15:00+09:00,1868.5,1869.0,1868.5,1869.0,200,0.0,0.0
2024-10-21 13:16:00+09:00,1869.0,1869.0,1869.0,1869.0,200,0.0,0.0
2024-10-21 13:17:00+09:00,1869.0,1869.0,1869.0,1869.0,300,0.0,0.0
2024-10-21 13:18:00+09:00,1869.5,1869.5,1869.5,1869.5,100,0.0,0.0
2024-10-21 13:19:00+09:00,1869.5,1869.5,1869.5,1869.5,100,0.0,0.0
2024-10-21 13:20:00+09:00,1869.0,1870.0,1869.0,1870.0,600,0.0,0.0
2024-10-21 13:22:00+09:00,1869.5,1870.5,1869.5,1870.5,800,0.0,0.0
2024-10-21 13:23:00+09:00,1870.5,1870.5,1870.0,1870.5,1700,0.0,0.0
2024-10-21 13:24:00+09:00,1869.5,1869.5,1868.5,1869.0,2100,0.0,0.0
2024-10-21 13:26:00+09:00,1869.0,1869.0,1869.0,1869.0,400,0.0,0.0
2024-10-21 13:29:00+09:00,1869.0,1869.0,1869.0,1869.0,2300,0.0,0.0
2024-10-21 13:30:00+09:00,1868.5,1868.5,1868.5,1868.5,100,0.0,0.0
2024-10-21 13:31:00+09:00,1868.5,1869.0,1868.5,1869.0,400,0.0,0.0
2024-10-21 13:33:00+09:00,1869.5,1869.5,1868.5,1869.0,4600,0.0,0.0
2024-10-21 13:37:00+09:00,1869.0,1871.0,1869.0,1871.0,2600,0.0,0.0
2024-10-21 13:39:00+09:00,1870.5,1872.0,1870.0,1872.0,5600,0.0,0.0
2024-10-21 13:43:00+09:00,1871.0,1871.0,1870.5,1871.0,1300,0.0,0.0
2024-10-21 13:44:00+09:00,1871.0,1871.0,1870.0,1871.0,3000,0.0,0.0
2024-10-21 13:45:00+09:00,1871.0,1871.0,1869.5,1869.5,1100,0.0,0.0
2024-10-21 13:46:00+09:00,1869.5,1870.0,1869.0,1870.0,2600,0.0,0.0
2024-10-21 13:47:00+09:00,1869.5,1869.5,1869.5,1869.5,300,0.0,0.0
2024-10-21 13:49:00+09:00,1869.5,1869.5,1868.5,1868.5,1900,0.0,0.0
2024-10-21 13:50:00+09:00,1869.0,1869.5,1869.0,1869.5,1900,0.0,0.0
2024-10-21 13:51:00+09:00,1869.5,1869.5,1869.5,1869.5,200,0.0,0.0
2024-10-21 13:52:00+09:00,1869.0,1869.0,1868.5,1868.5,2000,0.0,0.0
2024-10-21 13:53:00+09:00,1868.0,1868.0,1868.0,1868.0,100,0.0,0.0
2024-10-21 13:55:00+09:00,1868.5,1868.5,1868.0,1868.5,1500,0.0,0.0
2024-10-21 13:56:00+09:00,1868.0,1868.5,1868.0,1868.5,1100,0.0,0.0
2024-10-21 13:57:00+09:00,1868.5,1868.5,1868.0,1868.0,300,0.0,0.0
2024-10-21 13:58:00+09:00,1868.5,1870.0,1868.5,1870.0,2500,0.0,0.0
2024-10-21 13:59:00+09:00,1869.0,1869.0,1869.0,1869.0,100,0.0,0.0
2024-10-21 14:00:00+09:00,1869.0,1870.0,1869.0,1869.0,1000,0.0,0.0
2024-10-21 14:01:00+09:00,1869.0,1869.0,1869.0,1869.0,200,0.0,0.0
2024-10-21 14:02:00+09:00,1869.0,1869.5,1868.5,1869.5,2100,0.0,0.0
2024-10-21 14:04:00+09:00,1869.0,1869.5,1869.0,1869.5,600,0.0,0.0
2024-10-21 14:05:00+09:00,1869.5,1869.5,1869.5,1869.5,300,0.0,0.0
2024-10-21 14:06:00+09:00,1869.5,1869.5,1868.5,1869.0,2900,0.0,0.0
2024-10-21 14:07:00+09:00,1869.0,1869.5,1869.0,1869.5,900,0.0,0.0
2024-10-21 14:08:00+09:00,1869.5,1870.0,1869.5,1870.0,500,0.0,0.0
2024-10-21 14:09:00+09:00,1869.5,1871.0,1869.5,1870.0,5200,0.0,0.0
2024-10-21 14:10:00+09:00,1869.0,1869.5,1868.5,1869.5,600,0.0,0.0
2024-10-21 14:12:00+09:00,1869.0,1869.0,1868.5,1868.5,3800,0.0,0.0
2024-10-21 14:13:00+09:00,1869.0,1869.5,1869.0,1869.5,1400,0.0,0.0
2024-10-21 14:15:00+09:00,1869.5,1869.5,1869.5,1869.5,500,0.0,0.0
2024-10-21 14:17:00+09:00,1869.5,1870.0,1869.0,1870.0,2300,0.0,0.0
2024-10-21 14:18:00+09:00,1870.0,1870.0,1869.5,1869.5,2000,0.0,0.0
2024-10-21 14:19:00+09:00,1869.0,1869.5,1868.5,1868.5,1800,0.0,0.0
2024-10-21 14:21:00+09:00,1868.5,1868.5,1868.0,1868.5,800,0.0,0.0
2024-10-21 14:22:00+09:00,1868.5,1870.0,1868.5,1870.0,1400,0.0,0.0
2024-10-21 14:23:00+09:00,1870.0,1870.0,1870.0,1870.0,600,0.0,0.0
2024-10-21 14:24:00+09:00,1870.5,1871.0,1870.5,1870.5,1300,0.0,0.0
2024-10-21 14:25:00+09:00,1870.0,1870.0,1870.0,1870.0,200,0.0,0.0
2024-10-21 14:26:00+09:00,1870.5,1870.5,1869.5,1870.0,2700,0.0,0.0
2024-10-21 14:27:00+09:00,1870.0,1870.5,1870.0,1870.0,600,0.0,0.0
2024-10-21 14:29:00+09:00,1870.0,1870.0,1870.0,1870.0,200,0.0,0.0
2024-10-21 14:30:00+09:00,1870.0,1870.5,1870.0,1870.5,1200,0.0,0.0
2024-10-21 14:31:00+09:00,1870.0,1870.5,1870.0,1870.0,800,0.0,0.0
2024-10-21 14:32:00+09:00,1870.5,1870.5,1869.5,1870.5,3900,0.0,0.0
2024-10-21 14:33:00+09:00,1870.5,1870.5,1870.0,1870.0,500,0.0,0.0
2024-10-21 14:34:00+09:00,1870.0,1870.5,1870.0,1870.5,400,0.0,0.0
2024-10-21 14:35:00+09:00,1870.5,1870.5,1869.0,1869.0,3800,0.0,0.0
2024-10-21 14:36:00+09:00,1869.0,1869.0,1868.5,1868.5,400,0.0,0.0
2024-10-21 14:37:00+09:00,1868.5,1868.5,1868.5,1868.5,300,0.0,0.0
2024-10-21 14:38:00+09:00,1868.5,1868.5,1868.5,1868.5,1600,0.0,0.0
2024-10-21 14:39:00+09:00,1869.0,1869.0,1869.0,1869.0,400,0.0,0.0
2024-10-21 14:40:00+09:00,1868.5,1869.0,1868.5,1869.0,1200,0.0,0.0
2024-10-21 14:41:00+09:00,1868.5,1868.5,1868.5,1868.5,300,0.0,0.0
2024-10-21 14:42:00+09:00,1868.5,1869.0,1868.5,1869.0,900,0.0,0.0
2024-10-21 14:43:00+09:00,1869.0,1869.5,1868.5,1869.0,3900,0.0,0.0
2024-10-21 14:44:00+09:00,1869.0,1869.5,1869.0,1869.0,1200,0.0,0.0
2024-10-21 14:45:00+09:00,1869.0,1869.0,1869.0,1869.0,1400,0.0,0.0
2024-10-21 14:47:00+09:00,1869.5,1869.5,1869.0,1869.5,500,0.0,0.0
2024-10-21 14:48:00+09:00,1869.5,1869.5,1869.5,1869.5,1200,0.0,0.0
2024-10-21 14:49:00+09:00,1870.0,1870.0,1868.5,1869.0,4200,0.0,0.0
2024-10-21 14:50:00+09:00,1869.0,1869.0,1868.5,1868.5,200,0.0,0.0
2024-10-21 14:51:00+09:00,1869.0,1869.5,1869.0,1869.5,2400,0.0,0.0
2024-10-21 14:52:00+09:00,1869.5,1870.5,1869.5,1870.5,2600,0.0,0.0
2024-10-21 14:53:00+09:00,1869.5,1869.5,1868.5,1868.5,6300,0.0,0.0
2024-10-21 14:54:00+09:00,1869.0,1869.5,1869.0,1869.5,2800,0.0,0.0
2024-10-21 14:55:00+09:00,1869.5,1870.0,1867.5,1867.5,8400,0.0,0.0
2024-10-21 14:56:00+09:00,1867.5,1867.5,1867.5,1867.5,1300,0.0,0.0
2024-10-21 14:57:00+09:00,1867.0,1867.0,1867.0,1867.0,100,0.0,0.0
2024-10-21 14:58:00+09:00,1867.5,1868.0,1867.0,1867.5,4700,0.0,0.0
2024-10-21 14:59:00+09:00,1868.0,1876.5,1868.0,1876.5,18000,0.0,0.0
2024-10-22 09:00:00+09:00,1874.5,1876.5,1868.5,1871.0,18600,0.0,0.0
2024-10-22 09:01:00+09:00,1869.5,1875.5,1869.5,1875.0,6300,0.0,0.0
2024-10-22 09:02:00+09:00,1876.0,1878.5,1876.0,1878.0,2900,0.0,0.0
2024-10-22 09:04:00+09:00,1879.5,1881.0,1878.5,1879.5,3100,0.0,0.0
2024-10-22 09:05:00+09:00,1879.0,1881.5,1878.5,1880.5,1000,0.0,0.0
2024-10-22 09:06:00+09:00,1881.5,1881.5,1879.5,1879.5,1100,0.0,0.0
2024-10-22 09:07:00+09:00,1879.5,1880.0,1879.0,1879.0,700,0.0,0.0
2024-10-22 09:08:00+09:00,1878.5,1878.5,1878.5,1878.5,400,0.0,0.0
2024-10-22 09:09:00+09:00,1879.0,1879.0,1878.0,1878.0,600,0.0,0.0
2024-10-22 09:10:00+09:00,1878.0,1878.5,1876.5,1878.5,6000,0.0,0.0
2024-10-22 09:11:00+09:00,1877.5,1877.5,1877.5,1877.5,200,0.0,0.0
2024-10-22 09:12:00+09:00,1877.0,1877.5,1876.5,1877.0,1300,0.0,0.0
2024-10-22 09:14:00+09:00,1876.0,1876.5,1875.5,1875.5,2100,0.0,0.0
2024-10-22 09:15:00+09:00,1874.5,1876.5,1873.0,1876.5,6500,0.0,0.0
2024-10-22 09:16:00+09:00,1876.5,1877.0,1875.0,1876.5,4300,0.0,0.0
2024-10-22 09:17:00+09:00,1876.5,1877.5,1875.5,1876.5,1900,0.0,0.0
2024-10-22 09:18:00+09:00,1877.0,1877.0,1872.0,1872.0,1400,0.0,0.0
2024-10-22 09:19:00+09:00,1871.5,1873.0,1870.0,1873.0,4800,0.0,0.0
2024-10-22 09:21:00+09:00,1876.5,1876.5,1876.0,1876.0,600,0.0,0.0
2024-10-22 09:22:00+09:00,1875.5,1875.5,1875.0,1875.0,700,0.0,0.0
2024-10-22 09:23:00+09:00,1875.5,1876.0,1875.0,1876.0,400,0.0,0.0
2024-10-22 09:24:00+09:00,1874.5,1874.5,1874.5,1874.5,100,0.0,0.0
2024-10-22 09:25:00+09:00,1874.5,1874.5,1874.0,1874.5,700,0.0,0.0
2024-10-22 09:26:00+09:00,1874.5,1875.0,1874.0,1875.0,700,0.0,0.0
2024-10-22 09:27:00+09:00,1875.5,1876.5,1875.5,1876.5,600,0.0,0.0
2024-10-22 09:28:00+09:00,1877.5,1878.5,1877.5,1878.5,600,0.0,0.0
2024-10-22 09:29:00+09:00,1878.0,1878.0,1878.0,1878.0,400,0.0,0.0
2024-10-22 09:30:00+09:00,1878.0,1878.0,1878.0,1878.0,100,0.0,0.0
2024-10-22 09:31:00+09:00,1877.5,1877.5,1875.5,1875.5,1200,0.0,0.0
2024-10-22 09:32:00+09:00,1875.0,1876.5,1875.0,1876.5,1200,0.0,0.0
2024-10-22 09:33:00+09:00,1876.5,1876.5,1876.5,1876.5,100,0.0,0.0
2024-10-22 09:34:00+09:00,1875.0,1875.0,1874.0,1874.0,700,0.0,0.0
2024-10-22 09:35:00+09:00,1874.0,1874.0,1873.5,1873.5,400,0.0,0.0
2024-10-22 09:36:00+09:00,1872.5,1872.5,1869.0,1871.5,2400,0.0,0.0
2024-10-22 09:37:00+09:00,1870.5,1870.5,1870.0,1870.0,500,0.0,0.0
2024-10-22 09:38:00+09:00,1870.5,1870.5,1870.5,1870.5,600,0.0,0.0
2024-10-22 09:39:00+09:00,1871.0,1872.0,1870.5,1870.5,600,0.0,0.0
2024-10-22 09:40:00+09:00,1871.0,1871.0,1871.0,1871.0,200,0.0,0.0
2024-10-22 09:41:00+09:00,1871.5,1871.5,1870.0,1870.0,700,0.0,0.0
2024-10-22 09:42:00+09:00,1870.0,1870.0,1869.5,1869.5,400,0.0,0.0
2024-10-22 09:44:00+09:00,1869.5,1869.5,1868.0,1868.0,900,0.0,0.0
2024-10-22 09:45:00+09:00,1866.0,1866.5,1865.0,1866.0,1200,0.0,0.0
2024-10-22 09:46:00+09:00,1866.5,1866.5,1865.5,1865.5,800,0.0,0.0
2024-10-22 09:47:00+09:00,1866.0,1868.0,1866.0,1868.0,1800,0.0,0.0
2024-10-22 09:48:00+09:00,1867.0,1868.0,1866.5,1867.5,2100,0.0,0.0
2024-10-22 09:49:00+09:00,1866.5,1866.5,1865.5,1865.5,700,0.0,0.0
2024-10-22 09:50:00+09:00,1867.0,1867.0,1867.0,1867.0,500,0.0,0.0
2024-10-22 09:51:00+09:00,1866.5,1866.5,1866.5,1866.5,100,0.0,0.0
2024-10-22 09:52:00+09:00,1866.0,1866.0,1865.5,1865.5,900,0.0,0.0
2024-10-22 09:53:00+09:00,1865.0,1865.0,1864.0,1864.0,600,0.0,0.0
2024-10-22 09:54:00+09:00,1863.5,1866.0,1863.5,1866.0,1200,0.0,0.0
2024-10-22 09:55:00+09:00,1865.5,1865.5,1863.5,1863.5,1000,0.0,0.0
2024-10-22 09:56:00+09:00,1863.0,1863.0,1863.0,1863.0,100,0.0,0.0
2024-10-22 09:57:00+09:00,1862.5,1863.0,1862.0,1863.0,1000,0.0,0.0
2024-10-22 09:58:00+09:00,1862.5,1862.5,1862.0,1862.0,300,0.0,0.0
2024-10-22 09:59:00+09:00,1861.5,1861.5,1860.5,1861.5,800,0.0,0.0
2024-10-22 10:00:00+09:00,1861.5,1861.5,1859.5,1861.5,2900,0.0,0.0
2024-10-22 10:01:00+09:00,1862.0,1862.0,1860.5,1861.5,1200,0.0,0.0
2024-10-22 10:02:00+09:00,1862.0,1862.0,1860.0,1860.0,700,0.0,0.0
2024-10-22 10:03:00+09:00,1860.0,1860.0,1858.0,1859.0,1900,0.0,0.0
2024-10-22 10:04:00+09:00,1858.0,1858.0,1855.0,1855.0,3000,0.0,0.0
2024-10-22 10:05:00+09:00,1855.0,1856.5,1854.5,1856.5,1700,0.0,0.0
2024-10-22 10:06:00+09:00,1857.5,1857.5,1855.0,1855.0,2000,0.0,0.0
2024-10-22 10:07:00+09:00,1855.0,1856.0,1855.0,1856.0,500,0.0,0.0
2024-10-22 10:08:00+09:00,1856.0,1857.0,1856.0,1857.0,1900,0.0,0.0
2024-10-22 10:09:00+09:00,1857.5,1858.0,1857.0,1858.0,800,0.0,0.0
2024-10-22 10:10:00+09:00,1857.5,1857.5,1854.0,1854.0,3100,0.0,0.0
2024-10-22 10:11:00+09:00,1853.5,1853.5,1852.0,1852.5,6300,0.0,0.0
2024-10-22 10:12:00+09:00,1851.5,1851.5,1847.5,1848.0,10600,0.0,0.0
2024-10-22 10:13:00+09:00,1849.5,1852.5,1849.5,1850.0,1900,0.0,0.0
2024-10-22 10:14:00+09:00,1849.5,1849.5,1847.5,1847.5,2600,0.0,0.0
2024-10-22 10:15:00+09:00,1847.0,1849.0,1846.5,1849.0,900,0.0,0.0
2024-10-22 10:16:00+09:00,1849.0,1850.0,1849.0,1850.0,600,0.0,0.0
2024-10-22 10:17:00+09:00,1852.0,1854.0,1852.0,1854.0,500,0.0,0.0
2024-10-22 10:18:00+09:00,1854.5,1854.5,1854.0,1854.0,400,0.0,0.0
2024-10-22 10:19:00+09:00,1855.5,1856.5,1855.5,1855.5,2600,0.0,0.0
2024-10-22 10:20:00+09:00,1857.0,1857.0,1856.5,1856.5,1300,0.0,0.0
2024-10-22 10:22:00+09:00,1859.0,1860.0,1859.0,1860.0,2700,0.0,0.0
2024-10-22 10:23:00+09:00,1860.0,1860.5,1859.5,1859.5,1400,0.0,0.0
2024-10-22 10:24:00+09:00,1858.0,1858.5,1858.0,1858.0,600,0.0,0.0
2024-10-22 10:25:00+09:00,1858.5,1858.5,1858.0,1858.0,2100,0.0,0.0
2024-10-22 10:26:00+09:00,1858.5,1860.0,1858.5,1860.0,400,0.0,0.0
2024-10-22 10:27:00+09:00,1860.0,1861.0,1859.5,1861.0,1000,0.0,0.0
2024-10-22 10:28:00+09:00,1861.0,1861.0,1861.0,1861.0,1600,0.0,0.0
2024-10-22 10:29:00+09:00,1862.0,1862.0,1862.0,1862.0,100,0.0,0.0
2024-10-22 10:30:00+09:00,1862.0,1863.0,1862.0,1863.0,1300,0.0,0.0
2024-10-22 10:31:00+09:00,1862.5,1862.5,1861.5,1861.5,1700,0.0,0.0
2024-10-22 10:32:00+09:00,1861.5,1862.0,1861.5,1862.0,400,0.0,0.0
2024-10-22 10:33:00+09:00,1862.5,1865.0,1862.5,1865.0,1700,0.0,0.0
2024-10-22 10:34:00+09:00,1865.5,1865.5,1865.5,1865.5,300,0.0,0.0
2024-10-22 10:35:00+09:00,1866.5,1866.5,1864.5,1865.5,2700,0.0,0.0
2024-10-22 10:36:00+09:00,1864.5,1865.0,1864.0,1865.0,800,0.0,0.0
2024-10-22 10:37:00+09:00,1865.0,1865.5,1865.0,1865.5,300,0.0,0.0
2024-10-22 10:38:00+09:00,1866.0,1866.0,1864.0,1865.0,1700,0.0,0.0
2024-10-22 10:39:00+09:00,1865.0,1865.5,1865.0,1865.5,500,0.0,0.0
2024-10-22 10:40:00+09:00,1865.5,1866.0,1864.0,1864.5,3600,0.0,0.0
2024-10-22 10:41:00+09:00,1864.0,1864.0,1863.5,1863.5,600,0.0,0.0
2024-10-22 10:42:00+09:00,1864.0,1864.0,1863.5,1864.0,1100,0.0,0.0
2024-10-22 10:43:00+09:00,1864.0,1864.0,1864.0,1864.0,300,0.0,0.0
2024-10-22 10:44:00+09:00,1863.5,1863.5,1863.0,1863.5,700,0.0,0.0
2024-10-22 10:45:00+09:00,1863.5,1863.5,1863.5,1863.5,100,0.0,0.0
2024-10-22 10:46:00+09:00,1863.0,1863.0,1862.5,1862.5,1100,0.0,0.0
2024-10-22 10:47:00+09:00,1862.5,1863.0,1862.5,1863.0,500,0.0,0.0
2024-10-22 10:48:00+09:00,1863.0,1863.0,1862.5,1862.5,900,0.0,0.0
2024-10-22 10:49:00+09:00,1863.0,1863.5,1863.0,1863.0,800,0.0,0.0
2024-10-22 10:50:00+09:00,1863.5,1863.5,1863.5,1863.5,400,0.0,0.0
2024-10-22 10:52:00+09:00,1864.0,1864.0,1864.0,1864.0,1600,0.0,0.0
2024-10-22 10:53:00+09:00,1864.0,1864.0,1862.5,1862.5,2300,0.0,0.0
2024-10-22 10:54:00+09:00,1864.0,1864.0,1863.5,1863.5,200,0.0,0.0
2024-10-22 10:55:00+09:00,1863.5,1863.5,1863.0,1863.0,1600,0.0,0.0
2024-10-22 10:56:00+09:00,1863.0,1863.0,1863.0,1863.0,1000,0.0,0.0
2024-10-22 10:57:00+09:00,1864.0,1865.5,1864.0,1865.5,3700,0.0,0.0
2024-10-22 10:58:00+09:00,1866.0,1866.5,1865.5,1866.5,900,0.0,0.0
2024-10-22 10:59:00+09:00,1865.5,1865.5,1865.5,1865.5,800,0.0,0.0
2024-10-22 11:00:00+09:00,1866.5,1866.5,1865.0,1865.0,1000,0.0,0.0
2024-10-22 11:01:00+09:00,1865.5,1867.0,1865.5,1867.0,1200,0.0,0.0
2024-10-22 11:02:00+09:00,1867.0,1867.0,1866.0,1867.0,1300,0.0,0.0
2024-10-22 11:03:00+09:00,1867.0,1867.5,1867.0,1867.5,200,0.0,0.0
2024-10-22 11:04:00+09:00,1867.0,1867.0,1867.0,1867.0,200,0.0,0.0
2024-10-22 11:05:00+09:00,1867.0,1867.0,1867.0,1867.0,300,0.0,0.0
2024-10-22 11:06:00+09:00,1867.5,1868.0,1867.5,1868.0,600,0.0,0.0
2024-10-22 11:07:00+09:00,1868.0,1868.0,1867.5,1867.5,600,0.0,0.0
2024-10-22 11:08:00+09:00,1867.5,1867.5,1867.5,1867.5,100,0.0,0.0
2024-10-22 11:09:00+09:00,1867.5,1867.5,1866.5,1867.0,1100,0.0,0.0
2024-10-22 11:10:00+09:00,1866.5,1866.5,1866.5,1866.5,200,0.0,0.0
2024-10-22 11:11:00+09:00,1866.5,1866.5,1866.0,1866.0,300,0.0,0.0
2024-10-22 11:12:00+09:00,1865.5,1865.5,1865.5,1865.5,500,0.0,0.0
2024-10-22 11:13:00+09:00,1865.0,1866.0,1865.0,1865.5,1000,0.0,0.0
2024-10-22 11:14:00+09:00,1865.5,1865.5,1864.5,1864.5,700,0.0,0.0
2024-10-22 11:15:00+09:00,1863.5,1863.5,1863.5,1863.5,200,0.0,0.0
2024-10-22 11:16:00+09:00,1863.5,1863.5,1863.0,1863.0,500,0.0,0.0
2024-10-22 11:17:00+09:00,1863.5,1863.5,1863.5,1863.5,600,0.0,0.0
2024-10-22 11:18:00+09:00,1862.5,1864.0,1862.5,1864.0,1200,0.0,0.0
2024-10-22 11:19:00+09:00,1863.0,1863.0,1863.0,1863.0,800,0.0,0.0
2024-10-22 11:20:00+09:00,1863.5,1865.0,1863.5,1865.0,1100,0.0,0.0
2024-10-22 11:21:00+09:00,1864.5,1864.5,1864.5,1864.5,100,0.0,0.0
2024-10-22 11:22:00+09:00,1864.0,1864.0,1864.0,1864.0,300,0.0,0.0
2024-10-22 11:23:00+09:00,1864.0,1864.0,1863.5,1863.5,500,0.0,0.0
2024-10-22 11:24:00+09:00,1862.5,1862.5,1862.0,1862.0,300,0.0,0.0
2024-10-22 11:25:00+09:00,1862.0,1862.5,1862.0,1862.5,600,0.0,0.0
2024-10-22 11:26:00+09:00,1863.0,1863.0,1863.0,1863.0,300,0.0,0.0
2024-10-22 11:27:00+09:00,1862.5,1862.5,1862.5,1862.5,300,0.0,0.0
2024-10-22 11:28:00+09:00,1862.0,1862.0,1862.0,1862.0,700,0.0,0.0
2024-10-22 11:29:00+09:00,1862.5,1862.5,1862.0,1862.5,300,0.0,0.0
2024-10-22 11:30:00+09:00,1862.5,1862.5,1862.5,1862.5,200,0.0,0.0
2024-10-22 11:35:00+09:00,1862.5,1862.5,1862.5,1862.5,0,0.0,0.0
2024-10-22 12:30:00+09:00,1869.0,1869.0,1866.5,1868.0,213500,0.0,0.0
2024-10-22 12:31:00+09:00,1868.5,1868.5,1867.0,1867.5,2200,0.0,0.0
2024-10-22 12:32:00+09:00,1869.0,1869.0,1867.0,1867.0,2100,0.0,0.0
2024-10-22 12:33:00+09:00,1866.5,1866.5,1866.5,1866.5,400,0.0,0.0
2024-10-22 12:36:00+09:00,1867.0,1867.0,1867.0,1867.0,300,0.0,0.0
2024-10-22 12:37:00+09:00,1867.0,1867.0,1866.0,1866.0,2100,0.0,0.0
2024-10-22 12:38:00+09:00,1866.5,1866.5,1866.0,1866.5,700,0.0,0.0
2024-10-22 12:39:00+09:00,1867.0,1867.0,1867.0,1867.0,100,0.0,0.0
2024-10-22 12:40:00+09:00,1867.5,1867.5,1867.0,1867.0,1300,0.0,0.0
2024-10-22 12:41:00+09:00,1866.5,1867.0,1866.0,1866.5,1900,0.0,0.0
2024-10-22 12:42:00+09:00,1867.0,1867.0,1867.0,1867.0,300,0.0,0.0
2024-10-22 12:44:00+09:00,1866.5,1866.5,1866.5,1866.5,1000,0.0,0.0
2024-10-22 12:45:00+09:00,1867.0,1867.0,1867.0,1867.0,900,0.0,0.0
2024-10-22 12:46:00+09:00,1867.5,1868.5,1867.5,1868.5,800,0.0,0.0
2024-10-22 12:48:00+09:00,1868.5,1869.0,1868.5,1869.0,700,0.0,0.0
2024-10-22 12:49:00+09:00,1868.5,1868.5,1867.0,1867.0,2400,0.0,0.0
2024-10-22 12:50:00+09:00,1867.0,1867.0,1867.0,1867.0,100,0.0,0.0
2024-10-22 12:51:00+09:00,1867.5,1867.5,1867.5,1867.5,300,0.0,0.0
2024-10-22 12:52:00+09:00,1867.0,1867.5,1867.0,1867.5,400,0.0,0.0
2024-10-22 12:53:00+09:00,1867.0,1867.0,1867.0,1867.0,300,0.0,0.0
2024-10-22 12:54:00+09:00,1867.5,1868.0,1867.5,1868.0,1100,0.0,0.0
2024-10-22 12:55:00+09:00,1869.0,1869.0,1869.0,1869.0,400,0.0,0.0
2024-10-22 12:56:00+09:00,1868.5,1868.5,1868.0,1868.0,2900,0.0,0.0
2024-10-22 12:59:00+09:00,1868.0,1868.5,1868.0,1868.5,1500,0.0,0.0
2024-10-22 13:00:00+09:00,1868.5,1868.5,1868.5,1868.5,800,0.0,0.0
2024-10-22 13:01:00+09:00,1868.5,1868.5,1868.5,1868.5,600,0.0,0.0
2024-10-22 13:02:00+09:00,1868.0,1868.0,1867.0,1867.0,1900,0.0,0.0
2024-10-22 13:03:00+09:00,1868.0,1868.0,1868.0,1868.0,400,0.0,0.0
2024-10-22 13:06:00+09:00,1867.5,1867.5,1866.5,1866.5,2800,0.0,0.0
2024-10-22 13:07:00+09:00,1867.0,1867.5,1867.0,1867.5,1100,0.0,0.0
2024-10-22 13:09:00+09:00,1867.5,1867.5,1867.0,1867.0,1000,0.0,0.0
2024-10-22 13:10:00+09:00,1867.0,1868.0,1866.5,1868.0,1200,0.0,0.0
2024-10-22 13:12:00+09:00,1868.0,1868.0,1868.0,1868.0,200,0.0,0.0
2024-10-22 13:13:00+09:00,1868.0,1868.0,1868.0,1868.0,200,0.0,0.0
2024-10-22 13:14:00+09:00,1868.0,1868.0,1868.0,1868.0,700,0.0,0.0
2024-10-22 13:15:00+09:00,1868.5,1868.5,1868.5,1868.5,1700,0.0,0.0
2024-10-22 13:18:00+09:00,1869.0,1869.5,1869.0,1869.5,1200,0.0,0.0
2024-10-22 13:19:00+09:00,1870.0,1870.0,1870.0,1870.0,100,0.0,0.0
2024-10-22 13:21:00+09:00,1870.0,1870.5,1870.0,1870.5,900,0.0,0.0
2024-10-22 13:22:00+09:00,1870.0,1870.0,1869.5,1869.5,2400,0.0,0.0
2024-10-22 13:23:00+09:00,1870.0,1870.0,1870.0,1870.0,100,0.0,0.0
2024-10-22 13:24:00+09:00,1869.5,1869.5,1869.5,1869.5,100,0.0,0.0
2024-10-22 13:25:00+09:00,1870.0,1870.5,1870.0,1870.5,400,0.0,0.0
2024-10-22 13:27:00+09:00,1870.0,1870.0,1869.5,1870.0,500,0.0,0.0
2024-10-22 13:29:00+09:00,1870.0,1870.0,1869.0,1869.0,2400,0.0,0.0
2024-10-22 13:30:00+09:00,1868.5,1868.5,1868.5,1868.5,200,0.0,0.0
2024-10-22 13:31:00+09:00,1868.5,1868.5,1868.5,1868.5,500,0.0,0.0
2024-10-22 13:32:00+09:00,1868.0,1868.0,1868.0,1868.0,400,0.0,0.0
2024-10-22 13:33:00+09:00,1867.5,1867.5,1867.0,1867.0,800,0.0,0.0
2024-10-22 13:34:00+09:00,1866.5,1867.0,1866.5,1867.0,400,0.0,0.0
2024-10-22 13:35:00+09:00,1867.0,1867.0,1867.0,1867.0,700,0.0,0.0
2024-10-22 13:37:00+09:00,1867.5,1867.5,1867.5,1867.5,1500,0.0,0.0
2024-10-22 13:38:00+09:00,1868.0,1868.0,1868.0,1868.0,500,0.0,0.0
2024-10-22 13:39:00+09:00,1868.5,1868.5,1868.5,1868.5,100,0.0,0.0
2024-10-22 13:41:00+09:00,1868.5,1868.5,1868.5,1868.5,200,0.0,0.0
2024-10-22 13:42:00+09:00,1868.5,1868.5,1868.5,1868.5,0,0.0,0.0
2024-10-22 13:43:00+09:00,1869.0,1869.0,1869.0,1869.0,265300,0.0,0.0
2024-10-22 13:44:00+09:00,1869.5,1869.5,1869.5,1869.5,100,0.0,0.0
2024-10-22 13:46:00+09:00,1868.5,1868.5,1868.0,1868.0,1800,0.0,0.0
2024-10-22 13:47:00+09:00,1867.5,1867.5,1867.5,1867.5,700,0.0,0.0
2024-10-22 13:48:00+09:00,1867.5,1867.5,1867.5,1867.5,100,0.0,0.0
2024-10-22 13:51:00+09:00,1867.5,1867.5,1866.0,1866.0,3100,0.0,0.0
2024-10-22 13:53:00+09:00,1867.0,1867.5,1867.0,1867.0,1500,0.0,0.0
2024-10-22 13:54:00+09:00,1867.0,1867.0,1866.0,1866.0,3500,0.0,0.0
2024-10-22 13:55:00+09:00,1866.0,1866.0,1865.0,1865.0,1200,0.0,0.0
2024-10-22 13:56:00+09:00,1865.0,1865.0,1865.0,1865.0,200,0.0,0.0
2024-10-22 13:57:00+09:00,1865.5,1866.0,1865.5,1866.0,1100,0.0,0.0
2024-10-22 13:58:00+09:00,1866.0,1866.0,1866.0,1866.0,100,0.0,0.0
2024-10-22 13:59:00+09:00,1866.0,1866.0,1866.0,1866.0,800,0.0,0.0
2024-10-22 14:00:00+09:00,1866.0,1867.5,1866.0,1867.5,2000,0.0,0.0
2024-10-22 14:01:00+09:00,1866.5,1866.5,1866.5,1866.5,1300,0.0,0.0
2024-10-22 14:02:00+09:00,1866.0,1866.0,1866.0,1866.0,900,0.0,0.0
2024-10-22 14:04:00+09:00,1866.5,1867.0,1866.5,1867.0,1500,0.0,0.0
2024-10-22 14:05:00+09:00,1867.0,1867.0,1867.0,1867.0,500,0.0,0.0
2024-10-22 14:07:00+09:00,1867.5,1868.5,1867.0,1868.0,6600,0.0,0.0
2024-10-22 14:09:00+09:00,1868.0,1868.5,1868.0,1868.5,400,0.0,0.0
2024-10-22 14:10:00+09:00,1868.0,1868.5,1868.0,1868.0,3000,0.0,0.0
2024-10-22 14:12:00+09:00,1867.5,1867.5,1867.0,1867.0,1000,0.0,0.0
2024-10-22 14:13:00+09:00,1867.5,1868.0,1867.5,1868.0,600,0.0,0.0
2024-10-22 14:14:00+09:00,1867.5,1867.5,1867.5,1867.5,100,0.0,0.0
2024-10-22 14:15:00+09:00,1867.5,1867.5,1867.5,1867.5,100,0.0,0.0
2024-10-22 14:17:00+09:00,1868.0,1868.0,1867.5,1867.5,1400,0.0,0.0
2024-10-22 14:18:00+09:00,1868.0,1868.0,1868.0,1868.0,700,0.0,0.0
2024-10-22 14:19:00+09:00,1868.5,1868.5,1867.0,1867.0,3600,0.0,0.0
2024-10-22 14:20:00+09:00,1867.0,1867.0,1867.0,1867.0,800,0.0,0.0
2024-10-22 14:21:00+09:00,1866.5,1866.5,1866.5,1866.5,100,0.0,0.0
2024-10-22 14:22:00+09:00,1867.0,1867.0,1867.0,1867.0,100,0.0,0.0
2024-10-22 14:24:00+09:00,1867.5,1868.0,1867.5,1867.5,800,0.0,0.0
2024-10-22 14:25:00+09:00,1868.0,1868.0,1868.0,1868.0,1100,0.0,0.0
2024-10-22 14:26:00+09:00,1868.5,1868.5,1867.5,1867.5,3300,0.0,0.0
2024-10-22 14:27:00+09:00,1868.0,1868.0,1868.0,1868.0,1000,0.0,0.0
2024-10-22 14:28:00+09:00,1868.5,1869.0,1868.5,1869.0,2300,0.0,0.0
2024-10-22 14:29:00+09:00,1869.0,1869.0,1869.0,1869.0,600,0.0,0.0
2024-10-22 14:30:00+09:00,1868.5,1869.0,1868.5,1869.0,200,0.0,0.0
2024-10-22 14:31:00+09:00,1868.5,1868.5,1867.5,1867.5,2900,0.0,0.0
2024-10-22 14:32:00+09:00,1867.5,1867.5,1867.5,1867.5,600,0.0,0.0
2024-10-22 14:33:00+09:00,1867.5,1867.5,1867.0,1867.0,500,0.0,0.0
2024-10-22 14:34:00+09:00,1868.0,1870.5,1868.0,1870.0,5400,0.0,0.0
2024-10-22 14:35:00+09:00,1871.0,1871.0,1871.0,1871.0,800,0.0,0.0
2024-10-22 14:36:00+09:00,1871.5,1872.0,1871.0,1871.0,600,0.0,0.0
2024-10-22 14:37:00+09:00,1871.0,1871.0,1870.0,1870.5,2900,0.0,0.0
2024-10-22 14:39:00+09:00,1871.0,1872.0,1871.0,1871.0,2200,0.0,0.0
2024-10-22 14:40:00+09:00,1872.0,1873.0,1872.0,1873.0,1000,0.0,0.0
2024-10-22 14:41:00+09:00,1873.0,1873.5,1873.0,1873.5,600,0.0,0.0
2024-10-22 14:42:00+09:00,1872.5,1872.5,1872.0,1872.5,5200,0.0,0.0
2024-10-22 14:43:00+09:00,1872.0,1872.0,1872.0,1872.0,100,0.0,0.0
2024-10-22 14:44:00+09:00,1872.0,1872.0,1871.0,1871.5,3200,0.0,0.0
2024-10-22 14:45:00+09:00,1871.0,1871.0,1870.5,1871.0,1800,0.0,0.0
2024-10-22 14:46:00+09:00,1870.5,1870.5,1870.5,1870.5,2000,0.0,0.0
2024-10-22 14:47:00+09:00,1870.0,1870.0,1870.0,1870.0,3600,0.0,0.0
2024-10-22 14:48:00+09:00,1870.5,1870.5,1870.0,1870.5,3000,0.0,0.0
2024-10-22 14:49:00+09:00,1870.0,1870.0,1869.0,1869.0,2500,0.0,0.0
2024-10-22 14:50:00+09:00,1868.5,1868.5,1867.0,1867.0,4400,0.0,0.0
2024-10-22 14:51:00+09:00,1867.5,1869.0,1867.5,1869.0,4000,0.0,0.0
2024-10-22 14:52:00+09:00,1869.5,1869.5,1868.5,1868.5,3100,0.0,0.0
2024-10-22 14:53:00+09:00,1868.5,1869.5,1868.5,1869.5,1000,0.0,0.0
2024-10-22 14:54:00+09:00,1869.0,1869.0,1869.0,1869.0,2600,0.0,0.0
2024-10-22 14:55:00+09:00,1869.0,1869.0,1867.5,1868.5,6400,0.0,0.0
2024-10-22 14:56:00+09:00,1868.5,1868.5,1868.5,1868.5,700,0.0,0.0
2024-10-22 14:57:00+09:00,1869.0,1869.0,1869.0,1869.0,3300,0.0,0.0
2024-10-22 14:58:00+09:00,1869.0,1870.0,1869.0,1869.5,1800,0.0,0.0
2024-10-22 14:59:00+09:00,1869.5,1872.5,1869.0,1872.5,7100,0.0,0.0
2024-10-23 09:00:00+09:00,1866.5,1869.0,1857.0,1861.5,30900,0.0,0.0
2024-10-23 09:01:00+09:00,1861.0,1864.0,1859.0,1864.0,1600,0.0,0.0
2024-10-23 09:02:00+09:00,1864.5,1866.0,1863.5,1863.5,1800,0.0,0.0
2024-10-23 09:03:00+09:00,1865.5,1868.0,1864.5,1867.0,2800,0.0,0.0
2024-10-23 09:04:00+09:00,1869.5,1873.0,1869.5,1872.5,1700,0.0,0.0
2024-10-23 09:05:00+09:00,1873.0,1874.0,1871.5,1874.0,4400,0.0,0.0
2024-10-23 09:06:00+09:00,1874.5,1879.5,1874.0,1879.0,3300,0.0,0.0
2024-10-23 09:07:00+09:00,1879.0,1879.0,1876.0,1878.0,4000,0.0,0.0
2024-10-23 09:08:00+09:00,1877.5,1878.0,1877.0,1878.0,800,0.0,0.0
2024-10-23 09:09:00+09:00,1877.0,1877.0,1876.0,1877.0,600,0.0,0.0
2024-10-23 09:10:00+09:00,1876.0,1880.0,1874.5,1878.5,4700,0.0,0.0
2024-10-23 09:11:00+09:00,1879.0,1879.5,1878.0,1878.0,700,0.0,0.0
2024-10-23 09:12:00+09:00,1878.5,1879.5,1878.5,1879.5,1100,0.0,0.0
2024-10-23 09:13:00+09:00,1879.0,1879.0,1878.0,1878.0,3600,0.0,0.0
2024-10-23 09:14:00+09:00,1880.0,1880.0,1878.5,1878.5,1300,0.0,0.0
2024-10-23 09:15:00+09:00,1879.0,1879.0,1877.0,1877.0,1800,0.0,0.0
2024-10-23 09:16:00+09:00,1876.0,1876.0,1876.0,1876.0,400,0.0,0.0
2024-10-23 09:17:00+09:00,1876.5,1876.5,1874.5,1874.5,700,0.0,0.0
2024-10-23 09:18:00+09:00,1875.0,1875.0,1874.5,1874.5,700,0.0,0.0
2024-10-23 09:19:00+09:00,1874.0,1875.0,1874.0,1875.0,500,0.0,0.0
2024-10-23 09:20:00+09:00,1875.5,1876.0,1875.5,1876.0,700,0.0,0.0
2024-10-23 09:21:00+09:00,1875.5,1875.5,1874.5,1874.5,600,0.0,0.0
2024-10-23 09:22:00+09:00,1875.5,1875.5,1875.5,1875.5,100,0.0,0.0
2024-10-23 09:23:00+09:00,1875.5,1877.0,1875.5,1877.0,2700,0.0,0.0
2024-10-23 09:24:00+09:00,1877.0,1877.0,1877.0,1877.0,900,0.0,0.0
2024-10-23 09:25:00+09:00,1877.5,1877.5,1877.5,1877.5,100,0.0,0.0
2024-10-23 09:26:00+09:00,1878.0,1881.0,1878.0,1881.0,1300,0.0,0.0
2024-10-23 09:27:00+09:00,1880.5,1882.0,1880.5,1881.5,2600,0.0,0.0
2024-10-23 09:28:00+09:00,1881.5,1882.0,1881.0,1881.0,1600,0.0,0.0
2024-10-23 09:29:00+09:00,1881.0,1881.0,1880.0,1881.0,1100,0.0,0.0
2024-10-23 09:30:00+09:00,1880.5,1880.5,1880.5,1880.5,100,0.0,0.0
2024-10-23 09:31:00+09:00,1880.0,1880.0,1879.0,1879.0,500,0.0,0.0
2024-10-23 09:32:00+09:00,1879.0,1879.0,1878.0,1878.0,400,0.0,0.0
2024-10-23 09:33:00+09:00,1878.5,1878.5,1878.0,1878.0,200,0.0,0.0
2024-10-23 09:34:00+09:00,1877.5,1877.5,1877.5,1877.5,100,0.0,0.0
2024-10-23 09:35:00+09:00,1877.5,1878.0,1877.0,1878.0,400,0.0,0.0
2024-10-23 09:36:00+09:00,1878.5,1878.5,1877.5,1877.5,1000,0.0,0.0
2024-10-23 09:37:00+09:00,1877.0,1877.5,1876.0,1877.0,900,0.0,0.0
2024-10-23 09:38:00+09:00,1877.0,1877.0,1875.5,1875.5,600,0.0,0.0
2024-10-23 09:39:00+09:00,1874.5,1874.5,1874.0,1874.0,400,0.0,0.0
2024-10-23 09:40:00+09:00,1873.5,1874.0,1873.5,1874.0,500,0.0,0.0
2024-10-23 09:41:00+09:00,1874.0,1875.5,1874.0,1875.0,1400,0.0,0.0
2024-10-23 09:42:00+09:00,1875.0,1875.0,1875.0,1875.0,100,0.0,0.0
2024-10-23 09:43:00+09:00,1875.5,1875.5,1875.5,1875.5,400,0.0,0.0
2024-10-23 09:45:00+09:00,1875.0,1875.0,1875.0,1875.0,400,0.0,0.0
2024-10-23 09:46:00+09:00,1874.0,1874.0,1872.5,1873.0,1300,0.0,0.0
2024-10-23 09:47:00+09:00,1873.0,1873.5,1873.0,1873.5,400,0.0,0.0
2024-10-23 09:48:00+09:00,1872.5,1875.0,1872.5,1875.0,1700,0.0,0.0
2024-10-23 09:49:00+09:00,1875.0,1876.0,1875.0,1876.0,300,0.0,0.0
2024-10-23 09:50:00+09:00,1876.0,1876.0,1875.5,1875.5,300,0.0,0.0
2024-10-23 09:51:00+09:00,1876.0,1876.0,1876.0,1876.0,400,0.0,0.0
2024-10-23 09:52:00+09:00,1876.0,1876.0,1875.0,1875.0,600,0.0,0.0
2024-10-23 09:53:00+09:00,1874.0,1874.5,1874.0,1874.5,400,0.0,0.0
2024-10-23 09:54:00+09:00,1874.5,1875.0,1874.0,1874.0,900,0.0,0.0
2024-10-23 09:55:00+09:00,1874.0,1874.0,1874.0,1874.0,100,0.0,0.0
2024-10-23 09:56:00+09:00,1874.0,1874.0,1873.5,1873.5,300,0.0,0.0
2024-10-23 09:57:00+09:00,1874.0,1874.5,1874.0,1874.0,600,0.0,0.0
2024-10-23 09:58:00+09:00,1873.5,1876.0,1873.0,1876.0,4100,0.0,0.0
2024-10-23 09:59:00+09:00,1875.5,1877.0,1875.5,1877.0,1400,0.0,0.0
2024-10-23 10:00:00+09:00,1877.0,1877.0,1877.0,1877.0,100,0.0,0.0
2024-10-23 10:01:00+09:00,1876.5,1876.5,1876.5,1876.5,200,0.0,0.0
2024-10-23 10:02:00+09:00,1876.0,1876.0,1876.0,1876.0,300,0.0,0.0
2024-10-23 10:03:00+09:00,1876.0,1877.0,1876.0,1877.0,300,0.0,0.0
2024-10-23 10:04:00+09:00,1877.5,1877.5,1877.0,1877.0,500,0.0,0.0
2024-10-23 10:05:00+09:00,1877.0,1877.5,1877.0,1877.5,300,0.0,0.0
2024-10-23 10:06:00+09:00,1878.0,1879.0,1877.5,1879.0,1800,0.0,0.0
2024-10-23 10:07:00+09:00,1879.5,1880.0,1879.5,1880.0,200,0.0,0.0
2024-10-23 10:08:00+09:00,1879.5,1879.5,1879.5,1879.5,700,0.0,0.0
2024-10-23 10:09:00+09:00,1879.5,1879.5,1879.0,1879.0,200,0.0,0.0
2024-10-23 10:10:00+09:00,1878.5,1878.5,1878.0,1878.0,300,0.0,0.0
2024-10-23 10:11:00+09:00,1877.5,1877.5,1877.5,1877.5,400,0.0,0.0
2024-10-23 10:12:00+09:00,1877.5,1877.5,1877.0,1877.0,700,0.0,0.0
2024-10-23 10:13:00+09:00,1876.5,1878.0,1876.5,1878.0,500,0.0,0.0
2024-10-23 10:15:00+09:00,1877.5,1877.5,1876.5,1876.5,300,0.0,0.0
2024-10-23 10:16:00+09:00,1876.5,1876.5,1876.0,1876.0,200,0.0,0.0
2024-10-23 10:17:00+09:00,1876.0,1876.5,1876.0,1876.5,700,0.0,0.0
2024-10-23 10:18:00+09:00,1876.0,1876.0,1875.0,1875.0,500,0.0,0.0
2024-10-23 10:19:00+09:00,1875.0,1875.0,1874.5,1874.5,800,0.0,0.0
2024-10-23 10:20:00+09:00,1875.5,1875.5,1875.5,1875.5,100,0.0,0.0
2024-10-23 10:21:00+09:00,1876.0,1876.0,1876.0,1876.0,500,0.0,0.0
2024-10-23 10:22:00+09:00,1875.0,1875.0,1875.0,1875.0,100,0.0,0.0
2024-10-23 10:23:00+09:00,1875.0,1875.0,1875.0,1875.0,100,0.0,0.0
2024-10-23 10:24:00+09:00,1875.0,1876.5,1875.0,1876.5,700,0.0,0.0
2024-10-23 10:25:00+09:00,1876.5,1876.5,1876.5,1876.5,100,0.0,0.0
2024-10-23 10:26:00+09:00,1876.5,1876.5,1875.0,1875.0,900,0.0,0.0
2024-10-23 10:27:00+09:00,1874.5,1875.0,1874.5,1874.5,400,0.0,0.0
2024-10-23 10:28:00+09:00,1875.0,1875.0,1875.0,1875.0,200,0.0,0.0
2024-10-23 10:29:00+09:00,1875.0,1875.0,1874.5,1874.5,300,0.0,0.0
2024-10-23 10:30:00+09:00,1875.0,1876.0,1875.0,1876.0,1200,0.0,0.0
2024-10-23 10:31:00+09:00,1876.5,1877.0,1876.5,1877.0,1000,0.0,0.0
2024-10-23 10:33:00+09:00,1877.5,1878.0,1877.5,1878.0,500,0.0,0.0
2024-10-23 10:35:00+09:00,1878.5,1878.5,1878.0,1878.0,400,0.0,0.0
2024-10-23 10:36:00+09:00,1877.5,1877.5,1877.0,1877.5,900,0.0,0.0
2024-10-23 10:37:00+09:00,1877.5,1878.0,1877.0,1877.0,1600,0.0,0.0
2024-10-23 10:38:00+09:00,1877.0,1877.5,1877.0,1877.5,200,0.0,0.0
2024-10-23 10:39:00+09:00,1878.0,1878.0,1878.0,1878.0,100,0.0,0.0
2024-10-23 10:42:00+09:00,1877.0,1877.0,1877.0,1877.0,400,0.0,0.0
2024-10-23 10:43:00+09:00,1877.5,1878.5,1877.0,1877.5,11900,0.0,0.0
2024-10-23 10:44:00+09:00,1877.5,1878.0,1877.0,1878.0,600,0.0,0.0
2024-10-23 10:46:00+09:00,1878.0,1878.0,1877.5,1877.5,500,0.0,0.0
2024-10-23 10:47:00+09:00,1877.0,1877.0,1877.0,1877.0,1300,0.0,0.0
2024-10-23 10:48:00+09:00,1877.0,1878.5,1877.0,1878.5,800,0.0,0.0
2024-10-23 10:50:00+09:00,1878.0,1878.0,1877.5,1877.5,400,0.0,0.0
2024-10-23 10:51:00+09:00,1877.5,1877.5,1875.5,1875.5,1100,0.0,0.0
2024-10-23 10:53:00+09:00,1875.5,1876.0,1875.5,1876.0,500,0.0,0.0
2024-10-23 10:54:00+09:00,1875.0,1875.0,1875.0,1875.0,100,0.0,0.0
2024-10-23 10:55:00+09:00,1875.0,1875.0,1875.0,1875.0,100,0.0,0.0
2024-10-23 10:56:00+09:00,1875.0,1875.0,1874.0,1874.5,900,0.0,0.0
2024-10-23 10:57:00+09:00,1874.0,1874.0,1874.0,1874.0,100,0.0,0.0
2024-10-23 10:59:00+09:00,1874.0,1874.0,1872.5,1872.5,600,0.0,0.0
2024-10-23 11:00:00+09:00,1873.0,1874.0,1873.0,1874.0,1100,0.0,0.0
2024-10-23 11:01:00+09:00,1874.5,1874.5,1874.5,1874.5,200,0.0,0.0
2024-10-23 11:02:00+09:00,1874.0,1874.0,1874.0,1874.0,200,0.0,0.0
2024-10-23 11:03:00+09:00,1874.0,1874.0,1873.5,1873.5,300,0.0,0.0
2024-10-23 11:04:00+09:00,1873.0,1873.0,1873.0,1873.0,100,0.0,0.0
2024-10-23 11:05:00+09:00,1873.0,1873.0,1872.0,1872.5,500,0.0,0.0
2024-10-23 11:06:00+09:00,1872.0,1872.5,1872.0,1872.0,800,0.0,0.0
2024-10-23 11:07:00+09:00,1872.5,1873.5,1872.5,1873.5,800,0.0,0.0
2024-10-23 11:08:00+09:00,1874.0,1874.0,1874.0,1874.0,500,0.0,0.0
2024-10-23 11:09:00+09:00,1874.5,1875.0,1874.5,1875.0,700,0.0,0.0
2024-10-23 11:10:00+09:00,1875.5,1875.5,1874.5,1874.5,500,0.0,0.0
2024-10-23 11:11:00+09:00,1875.0,1875.0,1875.0,1875.0,200,0.0,0.0
2024-10-23 11:12:00+09:00,1875.0,1875.0,1875.0,1875.0,100,0.0,0.0
2024-10-23 11:13:00+09:00,1875.0,1876.0,1875.0,1876.0,400,0.0,0.0
2024-10-23 11:14:00+09:00,1875.0,1875.0,1875.0,1875.0,300,0.0,0.0
2024-10-23 11:15:00+09:00,1875.0,1875.0,1875.0,1875.0,100,0.0,0.0
2024-10-23 11:16:00+09:00,1875.0,1875.0,1875.0,1875.0,100,0.0,0.0
2024-10-23 11:17:00+09:00,1875.5,1875.5,1875.5,1875.5,300,0.0,0.0
2024-10-23 11:19:00+09:00,1875.0,1875.0,1875.0,1875.0,200,0.0,0.0
2024-10-23 11:20:00+09:00,1875.0,1875.0,1874.0,1874.0,1100,0.0,0.0
2024-10-23 11:21:00+09:00,1873.5,1873.5,1873.5,1873.5,200,0.0,0.0
2024-10-23 11:22:00+09:00,1873.5,1873.5,1873.0,1873.0,500,0.0,0.0
2024-10-23 11:23:00+09:00,1873.0,1873.0,1873.0,1873.0,300,0.0,0.0
2024-10-23 11:24:00+09:00,1873.0,1873.0,1872.0,1872.0,300,0.0,0.0
2024-10-23 11:25:00+09:00,1872.0,1872.0,1871.5,1871.5,300,0.0,0.0
2024-10-23 11:26:00+09:00,1871.5,1872.5,1871.5,1871.5,1400,0.0,0.0
2024-10-23 11:27:00+09:00,1873.0,1873.0,1872.0,1872.0,200,0.0,0.0
2024-10-23 11:28:00+09:00,1872.0,1872.0,1872.0,1872.0,200,0.0,0.0
2024-10-23 11:30:00+09:00,1871.5,1871.5,1871.5,1871.5,300,0.0,0.0
2024-10-23 11:35:00+09:00,1871.5,1871.5,1871.5,1871.5,0,0.0,0.0
2024-10-23 12:30:00+09:00,1874.0,1874.0,1871.0,1871.5,155400,0.0,0.0
2024-10-23 12:31:00+09:00,1871.0,1871.5,1871.0,1871.5,1000,0.0,0.0
2024-10-23 12:32:00+09:00,1871.5,1871.5,1870.0,1870.0,2500,0.0,0.0
2024-10-23 12:33:00+09:00,1869.5,1870.0,1868.0,1868.0,3000,0.0,0.0
2024-10-23 12:34:00+09:00,1869.0,1870.5,1869.0,1870.0,2800,0.0,0.0
2024-10-23 12:35:00+09:00,1869.5,1870.5,1869.5,1870.5,800,0.0,0.0
2024-10-23 12:36:00+09:00,1871.0,1871.0,1871.0,1871.0,300,0.0,0.0
2024-10-23 12:37:00+09:00,1871.0,1871.0,1870.0,1870.0,1700,0.0,0.0
2024-10-23 12:38:00+09:00,1870.5,1871.0,1870.5,1871.0,800,0.0,0.0
2024-10-23 12:39:00+09:00,1871.0,1871.0,1871.0,1871.0,500,0.0,0.0
2024-10-23 12:40:00+09:00,1870.5,1870.5,1870.5,1870.5,100,0.0,0.0
2024-10-23 12:41:00+09:00,1870.5,1870.5,1870.0,1870.0,900,0.0,0.0
2024-10-23 12:42:00+09:00,1870.0,1870.0,1867.0,1867.0,1700,0.0,0.0
2024-10-23 12:43:00+09:00,1866.5,1866.5,1866.0,1866.0,1100,0.0,0.0
2024-10-23 12:44:00+09:00,1865.5,1865.5,1865.5,1865.5,100,0.0,0.0
2024-10-23 12:45:00+09:00,1866.5,1868.0,1866.5,1866.5,2300,0.0,0.0
2024-10-23 12:46:00+09:00,1866.5,1866.5,1866.5,1866.5,100,0.0,0.0
2024-10-23 12:47:00+09:00,1866.5,1868.0,1866.5,1867.0,900,0.0,0.0
2024-10-23 12:48:00+09:00,1867.5,1867.5,1867.0,1867.0,200,0.0,0.0
2024-10-23 12:49:00+09:00,1867.5,1867.5,1867.5,1867.5,100,0.0,0.0
2024-10-23 12:50:00+09:00,1867.0,1867.5,1866.5,1867.5,2600,0.0,0.0
2024-10-23 12:51:00+09:00,1867.0,1867.0,1867.0,1867.0,700,0.0,0.0
2024-10-23 12:52:00+09:00,1867.0,1867.0,1867.0,1867.0,600,0.0,0.0
2024-10-23 12:54:00+09:00,1867.0,1867.0,1867.0,1867.0,1100,0.0,0.0
2024-10-23 12:55:00+09:00,1866.5,1866.5,1866.5,1866.5,900,0.0,0.0
2024-10-23 12:56:00+09:00,1866.0,1866.0,1866.0,1866.0,600,0.0,0.0
2024-10-23 12:57:00+09:00,1865.5,1865.5,1863.0,1863.5,4200,0.0,0.0
2024-10-23 12:58:00+09:00,1863.0,1863.0,1862.5,1863.0,1000,0.0,0.0
2024-10-23 12:59:00+09:00,1863.0,1863.0,1862.0,1862.5,2100,0.0,0.0
2024-10-23 13:00:00+09:00,1862.0,1862.0,1857.5,1858.0,6500,0.0,0.0
2024-10-23 13:01:00+09:00,1857.5,1859.0,1856.0,1858.5,4200,0.0,0.0
2024-10-23 13:02:00+09:00,1859.0,1861.0,1859.0,1861.0,1000,0.0,0.0
2024-10-23 13:03:00+09:00,1861.0,1861.5,1860.5,1861.0,1600,0.0,0.0
2024-10-23 13:04:00+09:00,1861.5,1861.5,1861.0,1861.0,900,0.0,0.0
2024-10-23 13:05:00+09:00,1860.5,1861.5,1860.5,1860.5,3000,0.0,0.0
2024-10-23 13:06:00+09:00,1861.5,1861.5,1860.5,1861.0,1200,0.0,0.0
2024-10-23 13:07:00+09:00,1861.5,1861.5,1861.5,1861.5,400,0.0,0.0
2024-10-23 13:08:00+09:00,1861.0,1862.0,1861.0,1862.0,2100,0.0,0.0
2024-10-23 13:10:00+09:00,1862.0,1862.0,1862.0,1862.0,100,0.0,0.0
2024-10-23 13:11:00+09:00,1862.0,1862.0,1862.0,1862.0,100,0.0,0.0
2024-10-23 13:12:00+09:00,1861.5,1862.0,1861.0,1861.0,1500,0.0,0.0
2024-10-23 13:13:00+09:00,1861.5,1861.5,1861.5,1861.5,300,0.0,0.0
2024-10-23 13:14:00+09:00,1862.0,1862.0,1860.0,1861.0,5600,0.0,0.0
2024-10-23 13:15:00+09:00,1861.0,1861.0,1860.5,1860.5,300,0.0,0.0
2024-10-23 13:16:00+09:00,1860.0,1860.0,1860.0,1860.0,200,0.0,0.0
2024-10-23 13:17:00+09:00,1860.5,1862.5,1860.0,1862.5,3800,0.0,0.0
2024-10-23 13:18:00+09:00,1863.0,1863.5,1863.0,1863.5,700,0.0,0.0
2024-10-23 13:19:00+09:00,1864.0,1865.5,1864.0,1865.5,900,0.0,0.0
2024-10-23 13:20:00+09:00,1865.0,1865.5,1864.5,1865.5,700,0.0,0.0
2024-10-23 13:21:00+09:00,1865.0,1865.0,1864.5,1864.5,1000,0.0,0.0
2024-10-23 13:22:00+09:00,1864.0,1864.5,1864.0,1864.0,500,0.0,0.0
2024-10-23 13:24:00+09:00,1864.5,1864.5,1864.0,1864.0,500,0.0,0.0
2024-10-23 13:25:00+09:00,1863.5,1863.5,1863.5,1863.5,600,0.0,0.0
2024-10-23 13:26:00+09:00,1863.0,1863.0,1863.0,1863.0,100,0.0,0.0
2024-10-23 13:27:00+09:00,1864.0,1864.0,1864.0,1864.0,1000,0.0,0.0
2024-10-23 13:28:00+09:00,1864.0,1864.5,1864.0,1864.5,600,0.0,0.0
2024-10-23 13:29:00+09:00,1864.0,1864.0,1863.0,1863.5,1900,0.0,0.0
2024-10-23 13:30:00+09:00,1864.0,1864.5,1864.0,1864.5,700,0.0,0.0
2024-10-23 13:31:00+09:00,1864.5,1864.5,1864.0,1864.0,600,0.0,0.0
2024-10-23 13:32:00+09:00,1864.0,1864.0,1864.0,1864.0,400,0.0,0.0
2024-10-23 13:33:00+09:00,1863.5,1863.5,1863.5,1863.5,900,0.0,0.0
2024-10-23 13:34:00+09:00,1863.0,1863.0,1862.5,1862.5,1000,0.0,0.0
2024-10-23 13:35:00+09:00,1863.0,1863.5,1863.0,1863.0,1600,0.0,0.0
2024-10-23 13:36:00+09:00,1863.5,1863.5,1863.5,1863.5,400,0.0,0.0
2024-10-23 13:37:00+09:00,1863.5,1864.0,1863.5,1864.0,1300,0.0,0.0
2024-10-23 13:38:00+09:00,1864.0,1864.0,1864.0,1864.0,300,0.0,0.0
2024-10-23 13:39:00+09:00,1864.5,1865.5,1864.5,1865.0,1900,0.0,0.0
2024-10-23 13:40:00+09:00,1865.0,1865.5,1865.0,1865.5,300,0.0,0.0
2024-10-23 13:42:00+09:00,1865.5,1865.5,1865.5,1865.5,100,0.0,0.0
2024-10-23 13:44:00+09:00,1865.0,1865.5,1865.0,1865.5,1700,0.0,0.0
2024-10-23 13:45:00+09:00,1866.0,1866.0,1866.0,1866.0,600,0.0,0.0
2024-10-23 13:46:00+09:00,1866.0,1866.0,1865.5,1865.5,500,0.0,0.0
2024-10-23 13:47:00+09:00,1866.0,1866.5,1866.0,1866.5,1100,0.0,0.0
2024-10-23 13:49:00+09:00,1867.5,1867.5,1867.5,1867.5,200,0.0,0.0
2024-10-23 13:50:00+09:00,1867.0,1867.0,1866.5,1866.5,1700,0.0,0.0
2024-10-23 13:51:00+09:00,1866.0,1866.0,1865.5,1865.5,1000,0.0,0.0
2024-10-23 13:52:00+09:00,1865.5,1865.5,1865.0,1865.0,1300,0.0,0.0
2024-10-23 13:53:00+09:00,1864.5,1865.0,1864.0,1864.5,1400,0.0,0.0
2024-10-23 13:54:00+09:00,1864.0,1864.0,1864.0,1864.0,100,0.0,0.0
2024-10-23 13:56:00+09:00,1864.0,1864.5,1864.0,1864.5,1800,0.0,0.0
2024-10-23 13:57:00+09:00,1864.5,1865.5,1864.5,1865.5,3400,0.0,0.0
2024-10-23 13:58:00+09:00,1865.5,1865.5,1865.0,1865.0,700,0.0,0.0
2024-10-23 13:59:00+09:00,1865.5,1866.0,1865.0,1865.0,1400,0.0,0.0
2024-10-23 14:00:00+09:00,1864.5,1864.5,1864.0,1864.0,1400,0.0,0.0
2024-10-23 14:01:00+09:00,1864.5,1864.5,1864.5,1864.5,100,0.0,0.0
2024-10-23 14:02:00+09:00,1864.5,1865.0,1864.5,1865.0,700,0.0,0.0
2024-10-23 14:03:00+09:00,1865.0,1865.0,1865.0,1865.0,400,0.0,0.0
2024-10-23 14:04:00+09:00,1864.5,1865.0,1864.5,1865.0,200,0.0,0.0
2024-10-23 14:05:00+09:00,1865.0,1865.5,1865.0,1865.5,3200,0.0,0.0
2024-10-23 14:06:00+09:00,1866.0,1867.0,1866.0,1867.0,1200,0.0,0.0
2024-10-23 14:07:00+09:00,1867.5,1867.5,1867.5,1867.5,200,0.0,0.0
2024-10-23 14:08:00+09:00,1867.5,1868.0,1866.0,1866.0,1900,0.0,0.0
2024-10-23 14:09:00+09:00,1865.5,1865.5,1865.5,1865.5,600,0.0,0.0
2024-10-23 14:10:00+09:00,1865.0,1865.5,1865.0,1865.5,200,0.0,0.0
2024-10-23 14:11:00+09:00,1865.5,1865.5,1865.5,1865.5,100,0.0,0.0
2024-10-23 14:12:00+09:00,1865.0,1866.0,1865.0,1866.0,1200,0.0,0.0
2024-10-23 14:13:00+09:00,1865.5,1865.5,1864.5,1865.0,3000,0.0,0.0
2024-10-23 14:14:00+09:00,1865.0,1866.5,1865.0,1866.5,1500,0.0,0.0
2024-10-23 14:15:00+09:00,1867.0,1867.0,1867.0,1867.0,100,0.0,0.0
2024-10-23 14:16:00+09:00,1867.0,1867.0,1867.0,1867.0,2600,0.0,0.0
2024-10-23 14:17:00+09:00,1867.5,1867.5,1867.5,1867.5,600,0.0,0.0
2024-10-23 14:18:00+09:00,1867.0,1867.0,1867.0,1867.0,300,0.0,0.0
2024-10-23 14:19:00+09:00,1867.0,1867.5,1867.0,1867.5,300,0.0,0.0
2024-10-23 14:20:00+09:00,1867.5,1868.0,1866.5,1866.5,2200,0.0,0.0
2024-10-23 14:21:00+09:00,1866.5,1866.5,1866.0,1866.0,500,0.0,0.0
2024-10-23 14:22:00+09:00,1866.0,1866.0,1865.5,1865.5,1300,0.0,0.0
2024-10-23 14:24:00+09:00,1865.5,1865.5,1865.0,1865.0,600,0.0,0.0
2024-10-23 14:25:00+09:00,1865.0,1865.5,1865.0,1865.0,1100,0.0,0.0
2024-10-23 14:26:00+09:00,1864.5,1865.0,1864.0,1864.0,1200,0.0,0.0
2024-10-23 14:27:00+09:00,1864.0,1865.0,1864.0,1865.0,1000,0.0,0.0
2024-10-23 14:28:00+09:00,1864.5,1864.5,1864.5,1864.5,100,0.0,0.0
2024-10-23 14:29:00+09:00,1865.0,1865.0,1865.0,1865.0,600,0.0,0.0
2024-10-23 14:30:00+09:00,1865.0,1865.0,1864.5,1865.0,1500,0.0,0.0
2024-10-23 14:31:00+09:00,1865.0,1865.0,1864.5,1864.5,400,0.0,0.0
2024-10-23 14:32:00+09:00,1864.5,1864.5,1864.0,1864.0,1500,0.0,0.0
2024-10-23 14:33:00+09:00,1863.5,1863.5,1863.5,1863.5,1300,0.0,0.0
2024-10-23 14:34:00+09:00,1863.0,1863.0,1863.0,1863.0,300,0.0,0.0
2024-10-23 14:35:00+09:00,1862.5,1864.0,1862.5,1864.0,4200,0.0,0.0
2024-10-23 14:36:00+09:00,1863.5,1863.5,1863.5,1863.5,1300,0.0,0.0
2024-10-23 14:37:00+09:00,1863.5,1864.5,1863.5,1864.5,900,0.0,0.0
2024-10-23 14:38:00+09:00,1863.5,1863.5,1863.0,1863.0,1400,0.0,0.0
2024-10-23 14:39:00+09:00,1863.0,1864.0,1863.0,1864.0,1300,0.0,0.0
2024-10-23 14:40:00+09:00,1863.5,1863.5,1863.5,1863.5,200,0.0,0.0
2024-10-23 14:41:00+09:00,1864.0,1865.0,1864.0,1865.0,1400,0.0,0.0
2024-10-23 14:42:00+09:00,1866.0,1866.0,1865.5,1865.5,800,0.0,0.0
2024-10-23 14:43:00+09:00,1865.0,1865.0,1864.0,1864.0,2700,0.0,0.0
2024-10-23 14:44:00+09:00,1864.0,1864.0,1864.0,1864.0,200,0.0,0.0
2024-10-23 14:45:00+09:00,1864.0,1864.0,1863.5,1864.0,3100,0.0,0.0
2024-10-23 14:46:00+09:00,1863.5,1863.5,1863.5,1863.5,900,0.0,0.0
2024-10-23 14:47:00+09:00,1863.0,1863.0,1863.0,1863.0,2000,0.0,0.0
2024-10-23 14:48:00+09:00,1862.5,1863.0,1862.0,1862.5,3100,0.0,0.0
2024-10-23 14:49:00+09:00,1863.0,1863.5,1862.5,1862.5,3400,0.0,0.0
2024-10-23 14:50:00+09:00,1862.0,1862.0,1861.0,1861.0,1800,0.0,0.0
2024-10-23 14:51:00+09:00,1861.5,1861.5,1860.5,1860.5,3000,0.0,0.0
2024-10-23 14:52:00+09:00,1861.0,1861.0,1860.5,1860.5,3200,0.0,0.0
2024-10-23 14:53:00+09:00,1860.5,1861.0,1860.5,1861.0,1200,0.0,0.0
2024-10-23 14:54:00+09:00,1860.5,1861.5,1860.5,1861.5,3400,0.0,0.0
2024-10-23 14:55:00+09:00,1861.5,1862.0,1861.5,1861.5,1300,0.0,0.0
2024-10-23 14:56:00+09:00,1862.0,1862.0,1861.5,1861.5,1300,0.0,0.0
2024-10-23 14:57:00+09:00,1862.0,1863.0,1862.0,1862.5,4500,0.0,0.0
2024-10-23 14:58:00+09:00,1862.5,1863.0,1861.0,1861.0,5700,0.0,0.0
2024-10-23 14:59:00+09:00,1861.0,1862.0,1858.0,1860.0,11000,0.0,0.0
2024-10-24 09:00:00+09:00,1846.0,1847.0,1835.0,1836.5,33400,0.0,0.0
2024-10-24 09:01:00+09:00,1837.0,1837.5,1837.0,1837.5,2100,0.0,0.0
2024-10-24 09:02:00+09:00,1837.0,1837.5,1837.0,1837.5,300,0.0,0.0
2024-10-24 09:03:00+09:00,1838.0,1840.0,1837.0,1837.0,2500,0.0,0.0
2024-10-24 09:04:00+09:00,1836.5,1836.5,1836.5,1836.5,400,0.0,0.0
2024-10-24 09:05:00+09:00,1835.5,1838.0,1835.5,1837.5,4300,0.0,0.0
2024-10-24 09:06:00+09:00,1836.5,1837.5,1836.5,1836.5,800,0.0,0.0
2024-10-24 09:07:00+09:00,1835.5,1835.5,1832.5,1834.0,8300,0.0,0.0
2024-10-24 09:08:00+09:00,1834.0,1834.0,1834.0,1834.0,300,0.0,0.0
2024-10-24 09:09:00+09:00,1832.0,1832.5,1832.0,1832.0,700,0.0,0.0
2024-10-24 09:10:00+09:00,1831.5,1832.0,1830.0,1832.0,3900,0.0,0.0
2024-10-24 09:11:00+09:00,1831.5,1831.5,1827.5,1828.0,3000,0.0,0.0
2024-10-24 09:12:00+09:00,1828.0,1831.0,1826.0,1831.0,2500,0.0,0.0
2024-10-24 09:13:00+09:00,1832.0,1836.0,1832.0,1835.0,6700,0.0,0.0
2024-10-24 09:14:00+09:00,1836.5,1839.5,1836.5,1839.5,1900,0.0,0.0
2024-10-24 09:15:00+09:00,1839.5,1843.5,1838.0,1843.0,4100,0.0,0.0
2024-10-24 09:16:00+09:00,1842.0,1842.5,1841.0,1841.0,3400,0.0,0.0
2024-10-24 09:17:00+09:00,1841.5,1842.5,1840.5,1840.5,2400,0.0,0.0
2024-10-24 09:18:00+09:00,1840.0,1840.5,1840.0,1840.5,1900,0.0,0.0
2024-10-24 09:19:00+09:00,1840.0,1841.5,1840.0,1840.5,1700,0.0,0.0
2024-10-24 09:20:00+09:00,1841.0,1841.0,1839.0,1840.0,2800,0.0,0.0
2024-10-24 09:21:00+09:00,1840.0,1840.5,1837.5,1837.5,2400,0.0,0.0
2024-10-24 09:22:00+09:00,1838.5,1839.0,1838.5,1839.0,1900,0.0,0.0
2024-10-24 09:23:00+09:00,1838.5,1838.5,1838.5,1838.5,200,0.0,0.0
2024-10-24 09:24:00+09:00,1838.5,1839.5,1838.5,1839.0,1700,0.0,0.0
2024-10-24 09:25:00+09:00,1839.5,1839.5,1838.5,1839.0,2700,0.0,0.0
2024-10-24 09:26:00+09:00,1839.5,1840.0,1839.5,1840.0,1900,0.0,0.0
2024-10-24 09:27:00+09:00,1841.0,1841.0,1840.0,1840.0,1400,0.0,0.0
2024-10-24 09:28:00+09:00,1840.0,1840.5,1840.0,1840.5,1000,0.0,0.0
2024-10-24 09:29:00+09:00,1841.5,1841.5,1841.5,1841.5,100,0.0,0.0
2024-10-24 09:30:00+09:00,1840.5,1841.5,1840.5,1841.5,1200,0.0,0.0
2024-10-24 09:31:00+09:00,1842.5,1843.0,1841.5,1841.5,2900,0.0,0.0
2024-10-24 09:32:00+09:00,1842.0,1843.0,1842.0,1843.0,900,0.0,0.0
2024-10-24 09:33:00+09:00,1842.5,1844.5,1842.5,1844.5,1000,0.0,0.0
2024-10-24 09:34:00+09:00,1845.0,1845.5,1844.5,1845.5,2000,0.0,0.0
2024-10-24 09:35:00+09:00,1846.0,1847.5,1845.5,1847.5,5600,0.0,0.0
2024-10-24 09:36:00+09:00,1848.5,1849.5,1847.5,1849.5,1000,0.0,0.0
2024-10-24 09:37:00+09:00,1848.5,1849.0,1847.5,1847.5,3900,0.0,0.0
2024-10-24 09:38:00+09:00,1848.0,1848.5,1848.0,1848.0,1200,0.0,0.0
2024-10-24 09:39:00+09:00,1847.5,1848.0,1847.0,1848.0,3000,0.0,0.0
2024-10-24 09:40:00+09:00,1848.5,1848.5,1848.0,1848.5,700,0.0,0.0
2024-10-24 09:41:00+09:00,1848.0,1848.5,1848.0,1848.0,1500,0.0,0.0
2024-10-24 09:42:00+09:00,1849.0,1851.5,1848.5,1851.5,3000,0.0,0.0
2024-10-24 09:43:00+09:00,1851.0,1851.0,1850.5,1850.5,500,0.0,0.0
2024-10-24 09:44:00+09:00,1850.0,1850.5,1849.0,1850.0,2500,0.0,0.0
2024-10-24 09:45:00+09:00,1850.0,1853.0,1850.0,1852.0,4200,0.0,0.0
2024-10-24 09:46:00+09:00,1853.5,1853.5,1853.5,1853.5,700,0.0,0.0
2024-10-24 09:47:00+09:00,1853.5,1855.0,1853.5,1853.5,2500,0.0,0.0
2024-10-24 09:48:00+09:00,1852.5,1854.5,1852.5,1854.5,1700,0.0,0.0
2024-10-24 09:49:00+09:00,1855.0,1855.0,1854.5,1855.0,1500,0.0,0.0
2024-10-24 09:50:00+09:00,1854.5,1854.5,1854.0,1854.0,700,0.0,0.0
2024-10-24 09:51:00+09:00,1852.5,1855.0,1852.5,1855.0,5200,0.0,0.0
2024-10-24 09:52:00+09:00,1855.5,1857.0,1855.5,1856.0,1500,0.0,0.0
2024-10-24 09:53:00+09:00,1855.5,1855.5,1854.5,1855.0,1200,0.0,0.0
2024-10-24 09:54:00+09:00,1855.5,1856.0,1855.0,1855.5,600,0.0,0.0
2024-10-24 09:55:00+09:00,1855.5,1856.5,1855.5,1856.5,1000,0.0,0.0
2024-10-24 09:56:00+09:00,1857.0,1858.0,1856.0,1856.0,2200,0.0,0.0
2024-10-24 09:57:00+09:00,1855.5,1856.5,1855.5,1856.5,1000,0.0,0.0
2024-10-24 09:58:00+09:00,1856.5,1859.5,1856.0,1859.5,5900,0.0,0.0
2024-10-24 09:59:00+09:00,1860.0,1860.0,1859.5,1859.5,800,0.0,0.0
2024-10-24 10:00:00+09:00,1859.0,1859.0,1858.0,1858.0,1000,0.0,0.0
2024-10-24 10:01:00+09:00,1857.5,1857.5,1857.0,1857.0,600,0.0,0.0
2024-10-24 10:02:00+09:00,1856.5,1856.5,1855.0,1855.0,1500,0.0,0.0
2024-10-24 10:03:00+09:00,1856.0,1856.0,1855.0,1855.0,400,0.0,0.0
2024-10-24 10:04:00+09:00,1853.5,1854.5,1853.5,1854.5,400,0.0,0.0
2024-10-24 10:05:00+09:00,1854.0,1854.0,1854.0,1854.0,600,0.0,0.0
2024-10-24 10:06:00+09:00,1855.0,1856.0,1855.0,1855.5,1900,0.0,0.0
2024-10-24 10:07:00+09:00,1855.0,1855.0,1854.0,1854.0,700,0.0,0.0
2024-10-24 10:08:00+09:00,1854.0,1854.0,1853.5,1854.0,600,0.0,0.0
2024-10-24 10:09:00+09:00,1854.0,1854.5,1854.0,1854.5,1000,0.0,0.0
2024-10-24 10:10:00+09:00,1855.0,1855.5,1855.0,1855.0,1400,0.0,0.0
2024-10-24 10:11:00+09:00,1856.0,1856.5,1856.0,1856.5,600,0.0,0.0
2024-10-24 10:12:00+09:00,1856.5,1856.5,1855.5,1855.5,1100,0.0,0.0
2024-10-24 10:13:00+09:00,1856.0,1856.0,1856.0,1856.0,500,0.0,0.0
2024-10-24 10:15:00+09:00,1856.0,1856.0,1855.0,1856.0,2100,0.0,0.0
2024-10-24 10:16:00+09:00,1855.5,1856.0,1855.0,1855.5,1600,0.0,0.0
2024-10-24 10:17:00+09:00,1855.5,1857.0,1855.5,1857.0,2300,0.0,0.0
2024-10-24 10:18:00+09:00,1857.0,1857.0,1857.0,1857.0,100,0.0,0.0
2024-10-24 10:19:00+09:00,1856.5,1857.5,1856.0,1857.0,2100,0.0,0.0
2024-10-24 10:20:00+09:00,1858.0,1858.0,1857.5,1857.5,3000,0.0,0.0
2024-10-24 10:21:00+09:00,1857.0,1857.0,1856.5,1856.5,300,0.0,0.0
2024-10-24 10:22:00+09:00,1855.5,1855.5,1855.0,1855.0,300,0.0,0.0
2024-10-24 10:23:00+09:00,1854.5,1854.5,1854.5,1854.5,300,0.0,0.0
2024-10-24 10:25:00+09:00,1854.5,1855.0,1854.5,1855.0,400,0.0,0.0
2024-10-24 10:26:00+09:00,1855.5,1856.5,1855.5,1856.5,1900,0.0,0.0
2024-10-24 10:27:00+09:00,1857.0,1857.0,1856.5,1856.5,1300,0.0,0.0
2024-10-24 10:28:00+09:00,1857.0,1857.0,1856.0,1856.0,1100,0.0,0.0
2024-10-24 10:29:00+09:00,1856.0,1856.5,1854.5,1856.5,3500,0.0,0.0
2024-10-24 10:30:00+09:00,1855.5,1856.0,1855.5,1856.0,900,0.0,0.0
2024-10-24 10:31:00+09:00,1855.5,1858.0,1855.5,1857.0,2200,0.0,0.0
2024-10-24 10:33:00+09:00,1858.5,1858.5,1857.5,1857.5,1500,0.0,0.0
2024-10-24 10:34:00+09:00,1857.0,1857.0,1857.0,1857.0,300,0.0,0.0
2024-10-24 10:35:00+09:00,1857.0,1858.0,1857.0,1858.0,1100,0.0,0.0
2024-10-24 10:36:00+09:00,1857.5,1857.5,1857.5,1857.5,700,0.0,0.0
2024-10-24 10:37:00+09:00,1857.0,1857.0,1857.0,1857.0,600,0.0,0.0
2024-10-24 10:38:00+09:00,1857.5,1857.5,1857.5,1857.5,1500,0.0,0.0
2024-10-24 10:39:00+09:00,1857.5,1857.5,1857.5,1857.5,100,0.0,0.0
2024-10-24 10:40:00+09:00,1857.5,1857.5,1857.5,1857.5,600,0.0,0.0
2024-10-24 10:41:00+09:00,1857.5,1857.5,1856.5,1856.5,1500,0.0,0.0
2024-10-24 10:42:00+09:00,1857.0,1858.0,1857.0,1858.0,1500,0.0,0.0
2024-10-24 10:43:00+09:00,1857.5,1857.5,1857.5,1857.5,100,0.0,0.0
2024-10-24 10:44:00+09:00,1857.0,1857.0,1856.5,1856.5,600,0.0,0.0
2024-10-24 10:45:00+09:00,1856.0,1857.0,1856.0,1857.0,1500,0.0,0.0
2024-10-24 10:46:00+09:00,1857.0,1857.0,1857.0,1857.0,500,0.0,0.0
2024-10-24 10:47:00+09:00,1857.0,1857.5,1857.0,1857.5,500,0.0,0.0
2024-10-24 10:48:00+09:00,1857.0,1857.0,1857.0,1857.0,200,0.0,0.0
2024-10-24 10:49:00+09:00,1857.0,1857.0,1856.5,1857.0,2500,0.0,0.0
2024-10-24 10:51:00+09:00,1856.0,1856.0,1856.0,1856.0,300,0.0,0.0
2024-10-24 10:52:00+09:00,1856.0,1856.0,1855.5,1855.5,500,0.0,0.0
2024-10-24 10:53:00+09:00,1855.5,1856.0,1855.5,1856.0,1200,0.0,0.0
2024-10-24 10:54:00+09:00,1856.0,1856.0,1856.0,1856.0,700,0.0,0.0
2024-10-24 10:56:00+09:00,1855.5,1855.5,1855.0,1855.5,1200,0.0,0.0
2024-10-24 10:57:00+09:00,1855.0,1855.0,1855.0,1855.0,1000,0.0,0.0
2024-10-24 10:59:00+09:00,1855.5,1855.5,1855.5,1855.5,2300,0.0,0.0
2024-10-24 11:00:00+09:00,1855.5,1855.5,1855.0,1855.0,1100,0.0,0.0
2024-10-24 11:01:00+09:00,1854.5,1854.5,1854.5,1854.5,300,0.0,0.0
2024-10-24 11:02:00+09:00,1852.5,1852.5,1850.0,1851.0,1900,0.0,0.0
2024-10-24 11:03:00+09:00,1851.5,1851.5,1851.5,1851.5,600,0.0,0.0
2024-10-24 11:04:00+09:00,1851.0,1851.5,1851.0,1851.5,300,0.0,0.0
2024-10-24 11:05:00+09:00,1852.0,1852.0,1851.5,1851.5,300,0.0,0.0
2024-10-24 11:06:00+09:00,1852.0,1852.0,1850.0,1850.0,2000,0.0,0.0
2024-10-24 11:07:00+09:00,1850.0,1851.5,1849.0,1850.0,5900,0.0,0.0
2024-10-24 11:08:00+09:00,1851.0,1851.0,1851.0,1851.0,100,0.0,0.0
2024-10-24 11:09:00+09:00,1851.5,1852.0,1851.5,1852.0,400,0.0,0.0
2024-10-24 11:10:00+09:00,1851.5,1851.5,1851.5,1851.5,200,0.0,0.0
2024-10-24 11:11:00+09:00,1852.0,1853.5,1852.0,1853.5,6100,0.0,0.0
2024-10-24 11:12:00+09:00,1852.5,1852.5,1850.5,1851.5,1700,0.0,0.0
2024-10-24 11:14:00+09:00,1851.0,1851.0,1851.0,1851.0,700,0.0,0.0
2024-10-24 11:15:00+09:00,1851.0,1851.0,1850.5,1851.0,1200,0.0,0.0
2024-10-24 11:16:00+09:00,1851.5,1851.5,1851.0,1851.0,2500,0.0,0.0
2024-10-24 11:17:00+09:00,1849.5,1850.5,1849.5,1850.5,1900,0.0,0.0
2024-10-24 11:18:00+09:00,1851.0,1851.5,1851.0,1851.5,1000,0.0,0.0
2024-10-24 11:19:00+09:00,1851.5,1851.5,1851.5,1851.5,700,0.0,0.0
2024-10-24 11:20:00+09:00,1851.0,1852.0,1851.0,1852.0,800,0.0,0.0
2024-10-24 11:21:00+09:00,1852.0,1852.0,1852.0,1852.0,1000,0.0,0.0
2024-10-24 11:22:00+09:00,1851.5,1851.5,1851.0,1851.5,2700,0.0,0.0
2024-10-24 11:23:00+09:00,1852.0,1852.0,1852.0,1852.0,100,0.0,0.0
2024-10-24 11:24:00+09:00,1851.5,1851.5,1851.5,1851.5,300,0.0,0.0
2024-10-24 11:25:00+09:00,1852.0,1852.0,1852.0,1852.0,900,0.0,0.0
2024-10-24 11:26:00+09:00,1851.5,1851.5,1851.5,1851.5,500,0.0,0.0
2024-10-24 11:27:00+09:00,1852.0,1852.0,1851.0,1851.0,800,0.0,0.0
2024-10-24 11:28:00+09:00,1850.0,1850.0,1850.0,1850.0,100,0.0,0.0
2024-10-24 11:29:00+09:00,1850.0,1850.5,1850.0,1850.5,700,0.0,0.0
2024-10-24 11:30:00+09:00,1851.0,1851.0,1851.0,1851.0,1800,0.0,0.0
2024-10-24 11:35:00+09:00,1851.0,1851.0,1851.0,1851.0,0,0.0,0.0
2024-10-24 12:30:00+09:00,1849.5,1852.5,1849.0,1850.5,276000,0.0,0.0
2024-10-24 12:31:00+09:00,1850.0,1850.0,1850.0,1850.0,300,0.0,0.0
2024-10-24 12:32:00+09:00,1849.0,1850.0,1849.0,1850.0,900,0.0,0.0
2024-10-24 12:33:00+09:00,1849.5,1850.0,1849.5,1850.0,400,0.0,0.0
2024-10-24 12:34:00+09:00,1849.0,1849.5,1849.0,1849.5,600,0.0,0.0
2024-10-24 12:35:00+09:00,1849.0,1849.0,1848.0,1849.0,2000,0.0,0.0
2024-10-24 12:37:00+09:00,1848.0,1848.0,1847.5,1848.0,1200,0.0,0.0
2024-10-24 12:38:00+09:00,1848.5,1849.0,1848.5,1849.0,1500,0.0,0.0
2024-10-24 12:40:00+09:00,1849.0,1850.0,1849.0,1850.0,1700,0.0,0.0
2024-10-24 12:41:00+09:00,1850.0,1850.0,1850.0,1850.0,400,0.0,0.0
2024-10-24 12:43:00+09:00,1849.5,1849.5,1849.5,1849.5,1800,0.0,0.0
2024-10-24 12:44:00+09:00,1850.0,1850.5,1850.0,1850.0,1600,0.0,0.0
2024-10-24 12:45:00+09:00,1850.5,1850.5,1850.5,1850.5,400,0.0,0.0
2024-10-24 12:46:00+09:00,1850.5,1851.0,1850.5,1850.5,1800,0.0,0.0
2024-10-24 12:47:00+09:00,1850.5,1850.5,1850.0,1850.0,400,0.0,0.0
2024-10-24 12:48:00+09:00,1849.5,1849.5,1849.5,1849.5,400,0.0,0.0
2024-10-24 12:49:00+09:00,1849.0,1849.0,1849.0,1849.0,600,0.0,0.0
2024-10-24 12:50:00+09:00,1848.5,1848.5,1847.5,1848.0,1900,0.0,0.0
2024-10-24 12:51:00+09:00,1847.0,1847.0,1847.0,1847.0,600,0.0,0.0
2024-10-24 12:52:00+09:00,1847.0,1847.0,1847.0,1847.0,100,0.0,0.0
2024-10-24 12:54:00+09:00,1847.5,1848.0,1847.0,1847.0,1600,0.0,0.0
2024-10-24 12:56:00+09:00,1846.5,1846.5,1846.5,1846.5,400,0.0,0.0
2024-10-24 12:57:00+09:00,1846.0,1846.5,1846.0,1846.5,700,0.0,0.0
2024-10-24 12:59:00+09:00,1846.5,1846.5,1846.0,1846.0,500,0.0,0.0
2024-10-24 13:00:00+09:00,1846.0,1846.0,1845.0,1845.0,700,0.0,0.0
2024-10-24 13:01:00+09:00,1845.0,1846.0,1845.0,1845.5,1500,0.0,0.0
2024-10-24 13:02:00+09:00,1845.5,1845.5,1844.5,1844.5,600,0.0,0.0
2024-10-24 13:03:00+09:00,1845.5,1845.5,1845.5,1845.5,400,0.0,0.0
2024-10-24 13:05:00+09:00,1845.5,1845.5,1845.0,1845.0,300,0.0,0.0
2024-10-24 13:06:00+09:00,1845.5,1845.5,1845.5,1845.5,100,0.0,0.0
2024-10-24 13:07:00+09:00,1845.0,1845.0,1845.0,1845.0,300,0.0,0.0
2024-10-24 13:08:00+09:00,1845.0,1845.5,1845.0,1845.0,4100,0.0,0.0
2024-10-24 13:09:00+09:00,1844.5,1844.5,1844.5,1844.5,100,0.0,0.0
2024-10-24 13:10:00+09:00,1845.5,1848.0,1845.5,1847.0,10000,0.0,0.0
2024-10-24 13:11:00+09:00,1847.5,1848.0,1847.5,1848.0,1800,0.0,0.0
2024-10-24 13:12:00+09:00,1848.0,1848.5,1848.0,1848.5,200,0.0,0.0
2024-10-24 13:14:00+09:00,1847.5,1847.5,1847.0,1847.0,1900,0.0,0.0
2024-10-24 13:15:00+09:00,1847.0,1847.0,1846.5,1846.5,1000,0.0,0.0
2024-10-24 13:16:00+09:00,1847.0,1847.0,1847.0,1847.0,1100,0.0,0.0
2024-10-24 13:17:00+09:00,1847.0,1847.0,1846.5,1846.5,300,0.0,0.0
2024-10-24 13:18:00+09:00,1846.0,1846.0,1846.0,1846.0,600,0.0,0.0
2024-10-24 13:20:00+09:00,1846.0,1846.0,1843.5,1844.5,4900,0.0,0.0
2024-10-24 13:21:00+09:00,1844.5,1844.5,1844.5,1844.5,100,0.0,0.0
2024-10-24 13:22:00+09:00,1844.0,1844.0,1844.0,1844.0,400,0.0,0.0
2024-10-24 13:24:00+09:00,1844.5,1845.0,1844.5,1845.0,800,0.0,0.0
2024-10-24 13:25:00+09:00,1845.0,1845.0,1845.0,1845.0,400,0.0,0.0
2024-10-24 13:26:00+09:00,1845.0,1845.5,1845.0,1845.5,200,0.0,0.0
2024-10-24 13:27:00+09:00,1845.5,1845.5,1845.5,1845.5,1600,0.0,0.0
2024-10-24 13:31:00+09:00,1846.0,1846.0,1845.0,1845.5,3300,0.0,0.0
2024-10-24 13:32:00+09:00,1845.5,1845.5,1845.5,1845.5,400,0.0,0.0
2024-10-24 13:33:00+09:00,1845.5,1845.5,1844.5,1844.5,2300,0.0,0.0
2024-10-24 13:34:00+09:00,1844.5,1845.0,1844.5,1844.5,1200,0.0,0.0
2024-10-24 13:35:00+09:00,1844.5,1844.5,1844.0,1844.0,600,0.0,0.0
2024-10-24 13:37:00+09:00,1843.5,1843.5,1843.0,1843.0,1100,0.0,0.0
2024-10-24 13:38:00+09:00,1843.0,1844.0,1843.0,1844.0,1100,0.0,0.0
2024-10-24 13:39:00+09:00,1844.5,1844.5,1844.5,1844.5,200,0.0,0.0
2024-10-24 13:40:00+09:00,1844.0,1844.0,1844.0,1844.0,100,0.0,0.0
2024-10-24 13:41:00+09:00,1844.5,1845.0,1844.5,1845.0,2600,0.0,0.0
2024-10-24 13:42:00+09:00,1845.5,1845.5,1845.5,1845.5,600,0.0,0.0
2024-10-24 13:43:00+09:00,1845.5,1845.5,1844.5,1844.5,3600,0.0,0.0
2024-10-24 13:44:00+09:00,1844.5,1845.5,1844.5,1845.5,3000,0.0,0.0
2024-10-24 13:45:00+09:00,1845.5,1846.5,1845.5,1845.5,7600,0.0,0.0
2024-10-24 13:46:00+09:00,1846.0,1846.5,1846.0,1846.5,2600,0.0,0.0
2024-10-24 13:47:00+09:00,1847.0,1847.0,1847.0,1847.0,1400,0.0,0.0
2024-10-24 13:49:00+09:00,1847.0,1847.0,1847.0,1847.0,100,0.0,0.0
2024-10-24 13:50:00+09:00,1847.0,1847.0,1847.0,1847.0,100,0.0,0.0
2024-10-24 13:51:00+09:00,1847.0,1847.5,1846.5,1847.5,4100,0.0,0.0
2024-10-24 13:52:00+09:00,1847.5,1847.5,1847.5,1847.5,100,0.0,0.0
2024-10-24 13:55:00+09:00,1847.5,1849.0,1847.5,1848.5,4500,0.0,0.0
2024-10-24 13:56:00+09:00,1848.5,1848.5,1848.5,1848.5,100,0.0,0.0
2024-10-24 13:57:00+09:00,1848.5,1849.0,1848.5,1848.5,1600,0.0,0.0
2024-10-24 13:58:00+09:00,1849.0,1850.0,1849.0,1850.0,2400,0.0,0.0
2024-10-24 14:00:00+09:00,1850.5,1851.5,1850.5,1851.5,1400,0.0,0.0
2024-10-24 14:01:00+09:00,1851.0,1851.0,1851.0,1851.0,700,0.0,0.0
2024-10-24 14:02:00+09:00,1851.0,1851.0,1851.0,1851.0,400,0.0,0.0
2024-10-24 14:03:00+09:00,1851.0,1851.5,1851.0,1851.5,1900,0.0,0.0
2024-10-24 14:04:00+09:00,1851.0,1851.5,1851.0,1851.5,1900,0.0,0.0
2024-10-24 14:05:00+09:00,1850.5,1850.5,1850.5,1850.5,2600,0.0,0.0
2024-10-24 14:06:00+09:00,1850.5,1851.5,1850.5,1851.5,4400,0.0,0.0
2024-10-24 14:07:00+09:00,1851.5,1851.5,1851.5,1851.5,1100,0.0,0.0
2024-10-24 14:08:00+09:00,1851.5,1851.5,1851.5,1851.5,100,0.0,0.0
2024-10-24 14:09:00+09:00,1851.5,1851.5,1851.5,1851.5,200,0.0,0.0
2024-10-24 14:10:00+09:00,1852.0,1852.0,1851.5,1851.5,500,0.0,0.0
2024-10-24 14:11:00+09:00,1852.0,1852.0,1852.0,1852.0,1600,0.0,0.0
2024-10-24 14:12:00+09:00,1852.5,1853.0,1852.5,1853.0,1000,0.0,0.0
2024-10-24 14:13:00+09:00,1853.5,1853.5,1853.5,1853.5,400,0.0,0.0
2024-10-24 14:14:00+09:00,1854.0,1854.0,1854.0,1854.0,200,0.0,0.0
2024-10-24 14:15:00+09:00,1854.5,1855.5,1854.5,1855.5,1600,0.0,0.0
2024-10-24 14:17:00+09:00,1855.5,1855.5,1855.5,1855.5,2300,0.0,0.0
2024-10-24 14:18:00+09:00,1855.5,1855.5,1855.0,1855.0,3900,0.0,0.0
2024-10-24 14:19:00+09:00,1855.0,1855.0,1854.5,1854.5,1300,0.0,0.0
2024-10-24 14:20:00+09:00,1854.5,1854.5,1854.5,1854.5,300,0.0,0.0
2024-10-24 14:21:00+09:00,1854.5,1855.5,1854.5,1855.5,4300,0.0,0.0
2024-10-24 14:22:00+09:00,1855.0,1855.0,1854.5,1854.5,700,0.0,0.0
2024-10-24 14:23:00+09:00,1854.5,1854.5,1853.0,1853.0,2200,0.0,0.0
2024-10-24 14:25:00+09:00,1852.5,1852.5,1852.5,1852.5,300,0.0,0.0
2024-10-24 14:26:00+09:00,1852.0,1852.0,1852.0,1852.0,200,0.0,0.0
2024-10-24 14:27:00+09:00,1852.0,1852.5,1851.5,1851.5,4000,0.0,0.0
2024-10-24 14:28:00+09:00,1851.0,1851.0,1851.0,1851.0,1500,0.0,0.0
2024-10-24 14:29:00+09:00,1851.0,1851.0,1851.0,1851.0,400,0.0,0.0
2024-10-24 14:30:00+09:00,1851.0,1851.0,1849.5,1849.5,2200,0.0,0.0
2024-10-24 14:31:00+09:00,1850.0,1851.0,1850.0,1851.0,1900,0.0,0.0
2024-10-24 14:32:00+09:00,1851.5,1852.5,1851.5,1852.5,4900,0.0,0.0
2024-10-24 14:33:00+09:00,1852.5,1852.5,1852.0,1852.0,500,0.0,0.0
2024-10-24 14:34:00+09:00,1852.5,1853.0,1852.5,1853.0,1100,0.0,0.0
2024-10-24 14:35:00+09:00,1853.5,1853.5,1853.5,1853.5,400,0.0,0.0
2024-10-24 14:36:00+09:00,1854.0,1854.5,1852.0,1852.0,5600,0.0,0.0
2024-10-24 14:37:00+09:00,1851.5,1852.0,1851.5,1852.0,1500,0.0,0.0
2024-10-24 14:39:00+09:00,1852.5,1854.0,1852.5,1854.0,3100,0.0,0.0
2024-10-24 14:40:00+09:00,1854.0,1854.5,1854.0,1854.5,400,0.0,0.0
2024-10-24 14:41:00+09:00,1854.0,1854.5,1854.0,1854.5,1600,0.0,0.0
2024-10-24 14:42:00+09:00,1855.0,1855.0,1854.5,1854.5,2400,0.0,0.0
2024-10-24 14:43:00+09:00,1855.0,1855.0,1855.0,1855.0,400,0.0,0.0
2024-10-24 14:44:00+09:00,1855.5,1855.5,1855.5,1855.5,300,0.0,0.0
2024-10-24 14:45:00+09:00,1855.5,1855.5,1855.0,1855.0,6000,0.0,0.0
2024-10-24 14:46:00+09:00,1855.0,1855.5,1855.0,1855.5,700,0.0,0.0
2024-10-24 14:47:00+09:00,1855.5,1855.5,1855.5,1855.5,2200,0.0,0.0
2024-10-24 14:48:00+09:00,1856.0,1856.0,1856.0,1856.0,1000,0.0,0.0
2024-10-24 14:49:00+09:00,1855.5,1856.0,1855.5,1855.5,4000,0.0,0.0
2024-10-24 14:50:00+09:00,1855.5,1855.5,1855.0,1855.0,5200,0.0,0.0
2024-10-24 14:51:00+09:00,1854.5,1855.0,1854.5,1854.5,1500,0.0,0.0
2024-10-24 14:52:00+09:00,1855.0,1855.0,1854.5,1854.5,2000,0.0,0.0
2024-10-24 14:53:00+09:00,1854.0,1855.0,1854.0,1855.0,6800,0.0,0.0
2024-10-24 14:54:00+09:00,1855.5,1855.5,1854.0,1854.5,3000,0.0,0.0
2024-10-24 14:55:00+09:00,1855.0,1856.0,1855.0,1855.5,4000,0.0,0.0
2024-10-24 14:56:00+09:00,1855.0,1855.0,1854.5,1854.5,2200,0.0,0.0
2024-10-24 14:57:00+09:00,1854.5,1855.5,1854.5,1855.5,4500,0.0,0.0
2024-10-24 14:58:00+09:00,1855.5,1857.0,1855.5,1857.0,6000,0.0,0.0
2024-10-24 14:59:00+09:00,1857.0,1858.5,1854.5,1854.5,15500,0.0,0.0
2024-10-25 09:00:00+09:00,1845.0,1847.0,1843.5,1846.5,21000,0.0,0.0
2024-10-25 09:01:00+09:00,1847.0,1853.0,1844.5,1853.0,2600,0.0,0.0
2024-10-25 09:02:00+09:00,1850.0,1853.5,1850.0,1853.5,1400,0.0,0.0
2024-10-25 09:03:00+09:00,1853.5,1857.0,1853.5,1857.0,4100,0.0,0.0
2024-10-25 09:04:00+09:00,1857.0,1858.0,1856.0,1857.5,2000,0.0,0.0
2024-10-25 09:05:00+09:00,1856.5,1856.5,1855.0,1855.5,1100,0.0,0.0
2024-10-25 09:06:00+09:00,1855.0,1856.0,1854.5,1856.0,2000,0.0,0.0
2024-10-25 09:07:00+09:00,1857.5,1857.5,1854.0,1856.5,5500,0.0,0.0
2024-10-25 09:08:00+09:00,1858.0,1859.0,1857.5,1859.0,500,0.0,0.0
2024-10-25 09:09:00+09:00,1859.0,1860.0,1858.0,1858.0,1500,0.0,0.0
2024-10-25 09:10:00+09:00,1857.5,1859.5,1856.5,1859.0,1900,0.0,0.0
2024-10-25 09:11:00+09:00,1858.5,1861.0,1858.0,1859.5,1000,0.0,0.0
2024-10-25 09:12:00+09:00,1860.5,1862.0,1860.0,1862.0,4900,0.0,0.0
2024-10-25 09:13:00+09:00,1862.0,1862.0,1862.0,1862.0,100,0.0,0.0
2024-10-25 09:14:00+09:00,1861.5,1861.5,1859.5,1860.5,2800,0.0,0.0
2024-10-25 09:15:00+09:00,1859.5,1860.5,1859.0,1859.0,1200,0.0,0.0
2024-10-25 09:16:00+09:00,1859.0,1859.5,1859.0,1859.0,600,0.0,0.0
2024-10-25 09:17:00+09:00,1859.5,1859.5,1858.5,1859.0,700,0.0,0.0
2024-10-25 09:18:00+09:00,1858.5,1858.5,1858.5,1858.5,800,0.0,0.0
2024-10-25 09:19:00+09:00,1858.5,1858.5,1858.5,1858.5,100,0.0,0.0
2024-10-25 09:20:00+09:00,1858.0,1858.0,1857.0,1857.0,2100,0.0,0.0
2024-10-25 09:21:00+09:00,1856.5,1856.5,1855.0,1855.0,1100,0.0,0.0
2024-10-25 09:22:00+09:00,1854.5,1854.5,1851.0,1851.0,1700,0.0,0.0
2024-10-25 09:23:00+09:00,1852.0,1852.0,1851.5,1851.5,300,0.0,0.0
2024-10-25 09:24:00+09:00,1852.5,1853.0,1852.0,1852.0,900,0.0,0.0
2024-10-25 09:25:00+09:00,1852.0,1852.0,1851.5,1851.5,500,0.0,0.0
2024-10-25 09:26:00+09:00,1851.5,1851.5,1851.5,1851.5,200,0.0,0.0
2024-10-25 09:27:00+09:00,1851.0,1851.5,1851.0,1851.5,1100,0.0,0.0
2024-10-25 09:28:00+09:00,1850.5,1850.5,1848.0,1848.0,1500,0.0,0.0
2024-10-25 09:29:00+09:00,1847.5,1847.5,1847.0,1847.0,500,0.0,0.0
2024-10-25 09:30:00+09:00,1847.5,1848.0,1846.5,1848.0,800,0.0,0.0
2024-10-25 09:31:00+09:00,1848.0,1848.5,1848.0,1848.5,1000,0.0,0.0
2024-10-25 09:32:00+09:00,1848.0,1849.0,1847.5,1848.0,1300,0.0,0.0
2024-10-25 09:33:00+09:00,1847.5,1847.5,1847.5,1847.5,100,0.0,0.0
2024-10-25 09:34:00+09:00,1847.0,1847.5,1846.5,1847.5,3200,0.0,0.0
2024-10-25 09:35:00+09:00,1847.0,1847.0,1847.0,1847.0,200,0.0,0.0
2024-10-25 09:36:00+09:00,1846.5,1846.5,1846.0,1846.0,200,0.0,0.0
2024-10-25 09:37:00+09:00,1847.0,1848.0,1847.0,1848.0,300,0.0,0.0
2024-10-25 09:38:00+09:00,1848.0,1848.0,1848.0,1848.0,100,0.0,0.0
2024-10-25 09:39:00+09:00,1847.5,1847.5,1847.5,1847.5,100,0.0,0.0
2024-10-25 09:40:00+09:00,1847.5,1847.5,1847.5,1847.5,100,0.0,0.0
2024-10-25 09:41:00+09:00,1847.0,1847.0,1847.0,1847.0,200,0.0,0.0
2024-10-25 09:43:00+09:00,1847.5,1849.0,1847.5,1849.0,1000,0.0,0.0
2024-10-25 09:45:00+09:00,1848.0,1849.0,1848.0,1849.0,200,0.0,0.0
2024-10-25 09:46:00+09:00,1849.0,1850.5,1849.0,1850.0,800,0.0,0.0
2024-10-25 09:47:00+09:00,1849.5,1850.0,1848.5,1848.5,1300,0.0,0.0
2024-10-25 09:48:00+09:00,1848.5,1849.5,1848.0,1849.5,2000,0.0,0.0
2024-10-25 09:49:00+09:00,1849.0,1849.0,1848.5,1849.0,700,0.0,0.0
2024-10-25 09:50:00+09:00,1849.0,1849.0,1848.5,1848.5,400,0.0,0.0
2024-10-25 09:51:00+09:00,1849.0,1850.5,1848.0,1850.5,1400,0.0,0.0
2024-10-25 09:52:00+09:00,1849.0,1850.0,1849.0,1850.0,200,0.0,0.0
2024-10-25 09:53:00+09:00,1849.0,1849.0,1848.5,1849.0,600,0.0,0.0
2024-10-25 09:54:00+09:00,1848.0,1848.0,1847.0,1847.5,1700,0.0,0.0
2024-10-25 09:55:00+09:00,1847.0,1847.0,1847.0,1847.0,100,0.0,0.0
2024-10-25 09:56:00+09:00,1847.0,1847.0,1847.0,1847.0,400,0.0,0.0
2024-10-25 09:57:00+09:00,1846.5,1846.5,1846.0,1846.5,1000,0.0,0.0
2024-10-25 10:00:00+09:00,1845.5,1845.5,1844.0,1844.0,2200,0.0,0.0
2024-10-25 10:01:00+09:00,1845.0,1845.0,1845.0,1845.0,700,0.0,0.0
2024-10-25 10:02:00+09:00,1845.0,1845.0,1844.0,1844.0,6200,0.0,0.0
2024-10-25 10:04:00+09:00,1845.0,1845.0,1845.0,1845.0,200,0.0,0.0
2024-10-25 10:05:00+09:00,1846.0,1847.0,1846.0,1847.0,800,0.0,0.0
2024-10-25 10:06:00+09:00,1847.0,1847.0,1847.0,1847.0,200,0.0,0.0
2024-10-25 10:07:00+09:00,1846.5,1847.0,1846.5,1847.0,500,0.0,0.0
2024-10-25 10:08:00+09:00,1846.5,1846.5,1846.5,1846.5,100,0.0,0.0
2024-10-25 10:09:00+09:00,1847.5,1848.0,1847.5,1848.0,800,0.0,0.0
2024-10-25 10:10:00+09:00,1848.5,1848.5,1848.0,1848.0,500,0.0,0.0
2024-10-25 10:11:00+09:00,1848.5,1848.5,1846.5,1847.0,2300,0.0,0.0
2024-10-25 10:12:00+09:00,1846.0,1848.5,1846.0,1848.5,2100,0.0,0.0
2024-10-25 10:14:00+09:00,1847.5,1848.0,1847.0,1847.0,1500,0.0,0.0
2024-10-25 10:15:00+09:00,1847.0,1847.5,1846.5,1846.5,1500,0.0,0.0
2024-10-25 10:16:00+09:00,1846.0,1846.5,1846.0,1846.5,1100,0.0,0.0
2024-10-25 10:17:00+09:00,1847.0,1847.0,1846.5,1846.5,300,0.0,0.0
2024-10-25 10:18:00+09:00,1847.0,1848.5,1847.0,1848.5,1500,0.0,0.0
2024-10-25 10:19:00+09:00,1849.0,1849.0,1849.0,1849.0,200,0.0,0.0
2024-10-25 10:20:00+09:00,1849.0,1849.0,1849.0,1849.0,200,0.0,0.0
2024-10-25 10:22:00+09:00,1848.5,1848.5,1848.5,1848.5,0,0.0,0.0
2024-10-25 10:24:00+09:00,1848.0,1849.0,1848.0,1849.0,110000,0.0,0.0
2024-10-25 10:26:00+09:00,1849.0,1849.0,1849.0,1849.0,100,0.0,0.0
2024-10-25 10:27:00+09:00,1849.5,1850.0,1849.5,1850.0,800,0.0,0.0
2024-10-25 10:28:00+09:00,1849.5,1849.5,1849.5,1849.5,100,0.0,0.0
2024-10-25 10:29:00+09:00,1849.0,1849.5,1849.0,1849.5,400,0.0,0.0
2024-10-25 10:30:00+09:00,1849.0,1849.5,1847.0,1847.0,2600,0.0,0.0
2024-10-25 10:31:00+09:00,1847.0,1847.0,1847.0,1847.0,500,0.0,0.0
2024-10-25 10:32:00+09:00,1847.0,1847.5,1847.0,1847.5,200,0.0,0.0
2024-10-25 10:33:00+09:00,1847.0,1847.5,1846.0,1846.0,1700,0.0,0.0
2024-10-25 10:34:00+09:00,1846.5,1846.5,1846.5,1846.5,200,0.0,0.0
2024-10-25 10:35:00+09:00,1846.0,1846.0,1845.5,1846.0,2100,0.0,0.0
2024-10-25 10:36:00+09:00,1846.5,1847.0,1846.5,1847.0,200,0.0,0.0
2024-10-25 10:37:00+09:00,1846.5,1846.5,1846.5,1846.5,100,0.0,0.0
2024-10-25 10:38:00+09:00,1846.0,1846.0,1846.0,1846.0,200,0.0,0.0
2024-10-25 10:39:00+09:00,1845.5,1845.5,1845.0,1845.0,1300,0.0,0.0
2024-10-25 10:40:00+09:00,1845.5,1845.5,1844.0,1844.5,2300,0.0,0.0
2024-10-25 10:42:00+09:00,1845.0,1845.0,1844.5,1844.5,200,0.0,0.0
2024-10-25 10:43:00+09:00,1845.0,1845.5,1845.0,1845.5,1600,0.0,0.0
2024-10-25 10:44:00+09:00,1846.0,1846.0,1846.0,1846.0,300,0.0,0.0
2024-10-25 10:45:00+09:00,1846.0,1846.0,1846.0,1846.0,300,0.0,0.0
2024-10-25 10:46:00+09:00,1845.5,1845.5,1845.0,1845.5,900,0.0,0.0
2024-10-25 10:47:00+09:00,1845.0,1845.5,1845.0,1845.5,200,0.0,0.0
2024-10-25 10:48:00+09:00,1846.0,1846.0,1846.0,1846.0,600,0.0,0.0
2024-10-25 10:50:00+09:00,1845.5,1845.5,1845.5,1845.5,200,0.0,0.0
2024-10-25 10:52:00+09:00,1843.5,1843.5,1843.5,1843.5,4400,0.0,0.0
2024-10-25 10:53:00+09:00,1843.5,1843.5,1843.0,1843.5,4700,0.0,0.0
2024-10-25 10:54:00+09:00,1843.0,1843.0,1842.5,1842.5,1300,0.0,0.0
2024-10-25 10:55:00+09:00,1842.0,1842.0,1842.0,1842.0,100,0.0,0.0
2024-10-25 10:56:00+09:00,1842.0,1842.0,1842.0,1842.0,500,0.0,0.0
2024-10-25 10:57:00+09:00,1842.5,1842.5,1842.5,1842.5,400,0.0,0.0
2024-10-25 10:58:00+09:00,1843.0,1845.0,1843.0,1844.5,2000,0.0,0.0
2024-10-25 10:59:00+09:00,1844.5,1844.5,1844.5,1844.5,100,0.0,0.0
2024-10-25 11:00:00+09:00,1844.5,1846.0,1844.0,1845.5,1800,0.0,0.0
2024-10-25 11:01:00+09:00,1845.0,1845.0,1844.5,1844.5,400,0.0,0.0
2024-10-25 11:03:00+09:00,1846.0,1847.5,1846.0,1847.5,1900,0.0,0.0
2024-10-25 11:04:00+09:00,1848.0,1848.5,1848.0,1848.5,600,0.0,0.0
2024-10-25 11:05:00+09:00,1848.0,1848.0,1848.0,1848.0,300,0.0,0.0
2024-10-25 11:06:00+09:00,1847.5,1848.0,1847.5,1848.0,800,0.0,0.0
2024-10-25 11:07:00+09:00,1848.0,1848.0,1848.0,1848.0,100,0.0,0.0
2024-10-25 11:09:00+09:00,1848.0,1848.0,1848.0,1848.0,300,0.0,0.0
2024-10-25 11:10:00+09:00,1847.5,1848.5,1847.5,1848.5,1100,0.0,0.0
2024-10-25 11:11:00+09:00,1848.0,1848.0,1847.5,1847.5,600,0.0,0.0
2024-10-25 11:12:00+09:00,1847.5,1847.5,1847.5,1847.5,200,0.0,0.0
2024-10-25 11:13:00+09:00,1847.5,1847.5,1847.5,1847.5,100,0.0,0.0
2024-10-25 11:14:00+09:00,1847.0,1847.0,1846.5,1846.5,800,0.0,0.0
2024-10-25 11:15:00+09:00,1847.0,1847.0,1847.0,1847.0,100,0.0,0.0
2024-10-25 11:16:00+09:00,1847.5,1848.0,1847.5,1848.0,600,0.0,0.0
2024-10-25 11:17:00+09:00,1848.0,1848.0,1848.0,1848.0,400,0.0,0.0
2024-10-25 11:19:00+09:00,1847.0,1847.0,1847.0,1847.0,200,0.0,0.0
2024-10-25 11:20:00+09:00,1847.5,1847.5,1847.5,1847.5,100,0.0,0.0
2024-10-25 11:21:00+09:00,1847.5,1848.0,1847.5,1848.0,200,0.0,0.0
2024-10-25 11:22:00+09:00,1847.5,1849.0,1847.5,1848.5,1200,0.0,0.0
2024-10-25 11:23:00+09:00,1849.0,1849.0,1848.0,1848.0,300,0.0,0.0
2024-10-25 11:24:00+09:00,1849.0,1849.0,1848.5,1848.5,200,0.0,0.0
2024-10-25 11:25:00+09:00,1848.5,1848.5,1848.0,1848.5,500,0.0,0.0
2024-10-25 11:26:00+09:00,1847.0,1847.0,1846.5,1846.5,400,0.0,0.0
2024-10-25 11:27:00+09:00,1848.0,1848.5,1847.5,1848.5,600,0.0,0.0
2024-10-25 11:30:00+09:00,1847.5,1847.5,1847.0,1847.0,500,0.0,0.0
2024-10-25 11:35:00+09:00,1847.0,1847.0,1847.0,1847.0,0,0.0,0.0
2024-10-25 12:30:00+09:00,1850.0,1853.5,1850.0,1851.5,170800,0.0,0.0
2024-10-25 12:31:00+09:00,1853.0,1853.5,1851.5,1852.5,1700,0.0,0.0
2024-10-25 12:32:00+09:00,1852.5,1852.5,1851.5,1851.5,600,0.0,0.0
2024-10-25 12:33:00+09:00,1851.5,1852.5,1851.0,1852.5,600,0.0,0.0
2024-10-25 12:34:00+09:00,1852.5,1853.5,1851.0,1851.0,2500,0.0,0.0
2024-10-25 12:35:00+09:00,1852.5,1852.5,1851.0,1851.5,1500,0.0,0.0
2024-10-25 12:38:00+09:00,1850.5,1850.5,1850.0,1850.5,3300,0.0,0.0
2024-10-25 12:39:00+09:00,1851.0,1851.0,1850.5,1851.0,1700,0.0,0.0
2024-10-25 12:40:00+09:00,1850.5,1850.5,1850.5,1850.5,700,0.0,0.0
2024-10-25 12:41:00+09:00,1850.0,1850.0,1848.5,1848.5,2900,0.0,0.0
2024-10-25 12:42:00+09:00,1849.0,1849.0,1849.0,1849.0,400,0.0,0.0
2024-10-25 12:43:00+09:00,1849.5,1849.5,1849.0,1849.5,1100,0.0,0.0
2024-10-25 12:45:00+09:00,1849.0,1849.0,1849.0,1849.0,0,0.0,0.0
2024-10-25 12:46:00+09:00,1849.5,1849.5,1847.5,1847.5,189200,0.0,0.0
2024-10-25 12:47:00+09:00,1847.5,1847.5,1847.0,1847.5,2600,0.0,0.0
2024-10-25 12:48:00+09:00,1847.0,1847.0,1847.0,1847.0,100,0.0,0.0
2024-10-25 12:49:00+09:00,1848.0,1848.0,1848.0,1848.0,0,0.0,0.0
2024-10-25 12:51:00+09:00,1849.0,1849.0,1848.5,1848.5,194000,0.0,0.0
2024-10-25 12:52:00+09:00,1849.0,1849.0,1848.0,1848.0,1000,0.0,0.0
2024-10-25 12:53:00+09:00,1848.0,1848.0,1848.0,1848.0,0,0.0,0.0
2024-10-25 12:54:00+09:00,1847.5,1847.5,1846.0,1847.0,198000,0.0,0.0
2024-10-25 12:55:00+09:00,1847.5,1847.5,1846.5,1846.5,100,0.0,0.0
2024-10-25 12:56:00+09:00,1845.5,1845.5,1845.5,1845.5,1700,0.0,0.0
2024-10-25 12:57:00+09:00,1845.5,1845.5,1844.0,1844.0,3000,0.0,0.0
2024-10-25 12:58:00+09:00,1844.0,1844.5,1843.5,1844.5,900,0.0,0.0
2024-10-25 12:59:00+09:00,1844.5,1844.5,1844.5,1844.5,500,0.0,0.0
2024-10-25 13:01:00+09:00,1841.5,1841.5,1841.5,1841.5,0,0.0,0.0
2024-10-25 13:02:00+09:00,1843.5,1843.5,1843.0,1843.0,213000,0.0,0.0
2024-10-25 13:06:00+09:00,1843.0,1843.0,1843.0,1843.0,2100,0.0,0.0
2024-10-25 13:07:00+09:00,1842.5,1842.5,1842.5,1842.5,400,0.0,0.0
2024-10-25 13:08:00+09:00,1842.0,1842.0,1841.0,1841.0,1500,0.0,0.0
2024-10-25 13:09:00+09:00,1842.0,1842.0,1841.0,1841.0,800,0.0,0.0
2024-10-25 13:10:00+09:00,1842.0,1843.5,1842.0,1843.5,1600,0.0,0.0
2024-10-25 13:11:00+09:00,1844.0,1844.0,1844.0,1844.0,0,0.0,0.0
2024-10-25 13:12:00+09:00,1845.0,1845.0,1843.0,1843.0,222500,0.0,0.0
2024-10-25 13:13:00+09:00,1843.0,1843.0,1843.0,1843.0,0,0.0,0.0
2024-10-25 13:14:00+09:00,1842.5,1842.5,1842.5,1842.5,224100,0.0,0.0
2024-10-25 13:15:00+09:00,1843.0,1843.0,1843.0,1843.0,400,0.0,0.0
2024-10-25 13:16:00+09:00,1843.5,1844.0,1843.5,1844.0,600,0.0,0.0
2024-10-25 13:17:00+09:00,1844.0,1844.0,1844.0,1844.0,600,0.0,0.0
2024-10-25 13:19:00+09:00,1844.5,1844.5,1844.5,1844.5,0,0.0,0.0
2024-10-25 13:20:00+09:00,1844.5,1845.0,1844.5,1844.5,226800,0.0,0.0
2024-10-25 13:21:00+09:00,1845.0,1845.0,1844.0,1844.0,1500,0.0,0.0
2024-10-25 13:22:00+09:00,1844.5,1844.5,1843.0,1844.5,2700,0.0,0.0
2024-10-25 13:24:00+09:00,1845.0,1845.0,1845.0,1845.0,1900,0.0,0.0
2024-10-25 13:25:00+09:00,1845.5,1846.0,1845.5,1846.0,1200,0.0,0.0
2024-10-25 13:26:00+09:00,1845.5,1845.5,1845.0,1845.0,2000,0.0,0.0
2024-10-25 13:27:00+09:00,1845.0,1845.0,1845.0,1845.0,400,0.0,0.0
2024-10-25 13:28:00+09:00,1844.5,1844.5,1843.5,1843.5,1900,0.0,0.0
2024-10-25 13:29:00+09:00,1844.0,1844.0,1843.5,1844.0,400,0.0,0.0
2024-10-25 13:30:00+09:00,1844.0,1844.0,1844.0,1844.0,1000,0.0,0.0
2024-10-25 13:31:00+09:00,1844.0,1844.0,1844.0,1844.0,200,0.0,0.0
2024-10-25 13:32:00+09:00,1844.5,1844.5,1842.0,1842.0,4100,0.0,0.0
2024-10-25 13:33:00+09:00,1843.0,1843.0,1843.0,1843.0,900,0.0,0.0
2024-10-25 13:34:00+09:00,1843.0,1843.0,1842.0,1842.0,1000,0.0,0.0
2024-10-25 13:35:00+09:00,1842.5,1842.5,1841.0,1841.5,9100,0.0,0.0
2024-10-25 13:36:00+09:00,1841.5,1841.5,1840.5,1840.5,2900,0.0,0.0
2024-10-25 13:37:00+09:00,1841.0,1841.0,1841.0,1841.0,200,0.0,0.0
2024-10-25 13:38:00+09:00,1841.5,1842.0,1841.5,1841.5,1100,0.0,0.0
2024-10-25 13:39:00+09:00,1842.0,1842.0,1842.0,1842.0,200,0.0,0.0
2024-10-25 13:40:00+09:00,1842.5,1842.5,1842.0,1842.0,500,0.0,0.0
2024-10-25 13:41:00+09:00,1842.0,1842.0,1841.5,1842.0,1300,0.0,0.0
2024-10-25 13:42:00+09:00,1842.0,1842.0,1842.0,1842.0,200,0.0,0.0
2024-10-25 13:44:00+09:00,1842.0,1842.0,1841.5,1842.0,600,0.0,0.0
2024-10-25 13:45:00+09:00,1842.0,1843.0,1842.0,1842.5,2300,0.0,0.0
2024-10-25 13:46:00+09:00,1842.5,1842.5,1842.5,1842.5,500,0.0,0.0
2024-10-25 13:47:00+09:00,1843.0,1843.0,1843.0,1843.0,1400,0.0,0.0
2024-10-25 13:49:00+09:00,1842.5,1842.5,1841.5,1841.5,2800,0.0,0.0
2024-10-25 13:50:00+09:00,1842.0,1842.0,1839.0,1839.0,6300,0.0,0.0
2024-10-25 13:51:00+09:00,1839.0,1839.0,1838.5,1838.5,1900,0.0,0.0
2024-10-25 13:52:00+09:00,1838.5,1838.5,1838.5,1838.5,200,0.0,0.0
2024-10-25 13:53:00+09:00,1838.0,1838.5,1838.0,1838.5,3700,0.0,0.0
2024-10-25 13:54:00+09:00,1837.5,1837.5,1836.0,1836.5,5300,0.0,0.0
2024-10-25 13:55:00+09:00,1837.0,1837.0,1835.0,1835.5,12900,0.0,0.0
2024-10-25 13:56:00+09:00,1836.0,1836.5,1835.5,1836.0,13100,0.0,0.0
2024-10-25 13:57:00+09:00,1838.0,1840.0,1838.0,1839.0,5800,0.0,0.0
2024-10-25 13:58:00+09:00,1840.0,1840.0,1839.5,1839.5,900,0.0,0.0
2024-10-25 13:59:00+09:00,1839.5,1839.5,1839.5,1839.5,300,0.0,0.0
2024-10-25 14:00:00+09:00,1839.5,1839.5,1839.0,1839.0,1400,0.0,0.0
2024-10-25 14:01:00+09:00,1839.0,1839.0,1836.0,1836.0,5800,0.0,0.0
2024-10-25 14:02:00+09:00,1836.0,1837.5,1835.5,1836.5,14300,0.0,0.0
2024-10-25 14:03:00+09:00,1836.5,1836.5,1836.5,1836.5,500,0.0,0.0
2024-10-25 14:04:00+09:00,1836.0,1836.5,1835.5,1835.5,2000,0.0,0.0
2024-10-25 14:05:00+09:00,1835.5,1836.5,1835.0,1835.0,5300,0.0,0.0
2024-10-25 14:06:00+09:00,1835.0,1835.5,1833.5,1834.5,10500,0.0,0.0
2024-10-25 14:07:00+09:00,1834.5,1834.5,1832.5,1833.0,2800,0.0,0.0
2024-10-25 14:08:00+09:00,1832.5,1833.0,1831.0,1832.0,14800,0.0,0.0
2024-10-25 14:09:00+09:00,1832.0,1833.0,1831.5,1832.0,9000,0.0,0.0
2024-10-25 14:10:00+09:00,1832.0,1835.5,1831.5,1835.5,12100,0.0,0.0
2024-10-25 14:11:00+09:00,1836.5,1836.5,1834.5,1834.5,3700,0.0,0.0
2024-10-25 14:12:00+09:00,1834.5,1836.0,1834.5,1834.5,1800,0.0,0.0
2024-10-25 14:13:00+09:00,1834.5,1834.5,1834.0,1834.5,900,0.0,0.0
2024-10-25 14:14:00+09:00,1834.0,1835.0,1833.0,1834.0,5100,0.0,0.0
2024-10-25 14:15:00+09:00,1834.0,1834.0,1832.5,1832.5,4600,0.0,0.0
2024-10-25 14:16:00+09:00,1832.5,1833.0,1832.0,1833.0,5200,0.0,0.0
2024-10-25 14:17:00+09:00,1833.0,1834.0,1832.5,1833.0,8700,0.0,0.0
2024-10-25 14:18:00+09:00,1833.0,1833.5,1833.0,1833.0,800,0.0,0.0
2024-10-25 14:19:00+09:00,1833.5,1834.0,1833.0,1833.5,4500,0.0,0.0
2024-10-25 14:20:00+09:00,1833.5,1837.5,1833.0,1835.5,10700,0.0,0.0
2024-10-25 14:21:00+09:00,1836.0,1836.0,1835.5,1836.0,2100,0.0,0.0
2024-10-25 14:22:00+09:00,1836.0,1836.5,1836.0,1836.5,1400,0.0,0.0
2024-10-25 14:23:00+09:00,1836.0,1836.0,1835.5,1835.5,200,0.0,0.0
2024-10-25 14:24:00+09:00,1835.5,1836.0,1834.5,1834.5,4600,0.0,0.0
2024-10-25 14:25:00+09:00,1834.5,1835.0,1834.5,1835.0,4700,0.0,0.0
2024-10-25 14:26:00+09:00,1835.0,1835.5,1835.0,1835.0,7500,0.0,0.0
2024-10-25 14:27:00+09:00,1835.0,1835.5,1834.5,1835.0,5400,0.0,0.0
2024-10-25 14:28:00+09:00,1835.0,1836.0,1835.0,1836.0,7100,0.0,0.0
2024-10-25 14:29:00+09:00,1836.0,1836.5,1836.0,1836.0,3000,0.0,0.0
2024-10-25 14:30:00+09:00,1836.0,1836.5,1836.0,1836.5,3500,0.0,0.0
2024-10-25 14:31:00+09:00,1836.5,1839.5,1836.5,1839.5,6000,0.0,0.0
2024-10-25 14:32:00+09:00,1839.5,1839.5,1838.0,1838.5,5400,0.0,0.0
2024-10-25 14:33:00+09:00,1839.0,1841.5,1839.0,1841.5,1300,0.0,0.0
2024-10-25 14:34:00+09:00,1841.0,1841.5,1840.0,1841.0,5500,0.0,0.0
2024-10-25 14:35:00+09:00,1840.5,1842.0,1839.5,1839.5,3500,0.0,0.0
2024-10-25 14:36:00+09:00,1839.0,1840.0,1839.0,1840.0,1000,0.0,0.0
2024-10-25 14:37:00+09:00,1839.5,1840.0,1839.0,1840.0,1600,0.0,0.0
2024-10-25 14:38:00+09:00,1840.0,1841.5,1840.0,1841.5,2700,0.0,0.0
2024-10-25 14:39:00+09:00,1841.5,1841.5,1841.0,1841.0,1200,0.0,0.0
2024-10-25 14:40:00+09:00,1841.5,1841.5,1840.5,1841.0,5500,0.0,0.0
2024-10-25 14:41:00+09:00,1841.0,1842.0,1841.0,1842.0,1700,0.0,0.0
2024-10-25 14:42:00+09:00,1842.0,1842.0,1840.5,1840.5,5200,0.0,0.0
2024-10-25 14:43:00+09:00,1840.5,1840.5,1840.0,1840.0,600,0.0,0.0
2024-10-25 14:44:00+09:00,1840.5,1843.0,1840.5,1842.5,2700,0.0,0.0
2024-10-25 14:45:00+09:00,1843.0,1843.0,1841.0,1841.0,4000,0.0,0.0
2024-10-25 14:46:00+09:00,1841.5,1842.0,1841.0,1841.5,2600,0.0,0.0
2024-10-25 14:47:00+09:00,1842.0,1842.0,1840.5,1840.5,2800,0.0,0.0
2024-10-25 14:48:00+09:00,1840.5,1841.0,1840.0,1840.5,3400,0.0,0.0
2024-10-25 14:49:00+09:00,1841.0,1841.5,1840.5,1841.0,2500,0.0,0.0
2024-10-25 14:50:00+09:00,1842.0,1842.0,1841.5,1841.5,2400,0.0,0.0
2024-10-25 14:51:00+09:00,1841.5,1841.5,1840.5,1841.0,5300,0.0,0.0
2024-10-25 14:52:00+09:00,1841.5,1842.0,1841.0,1842.0,5700,0.0,0.0
2024-10-25 14:53:00+09:00,1841.5,1842.0,1841.0,1842.0,4800,0.0,0.0
2024-10-25 14:54:00+09:00,1842.5,1843.5,1842.5,1843.5,2200,0.0,0.0
2024-10-25 14:55:00+09:00,1843.0,1845.0,1842.5,1844.0,6300,0.0,0.0
2024-10-25 14:56:00+09:00,1844.0,1845.5,1844.0,1845.5,3100,0.0,0.0
2024-10-25 14:57:00+09:00,1845.5,1845.5,1844.0,1844.0,5200,0.0,0.0
2024-10-25 14:58:00+09:00,1844.5,1845.0,1843.0,1844.5,6600,0.0,0.0
2024-10-25 14:59:00+09:00,1844.5,1847.5,1844.5,1847.5,10500,0.0,0.0
