Datetime,Open,High,Low,Close,Volume,Dividends,Stock Splits
2022-10-06 09:30:00-04:00,10.180000305175781,10.385000228881836,9.984999656677246,10.020000457763672,0,0.0,0.0
2022-10-06 10:30:00-04:00,10.010000228881836,10.039999961853027,9.920000076293945,10.005000114440918,39625,0.0,0.0
2022-10-06 11:30:00-04:00,10.010000228881836,10.09000015258789,9.970000267028809,10.050000190734863,20355,0.0,0.0
2022-10-06 12:30:00-04:00,10.050000190734863,10.180000305175781,10.050000190734863,10.149999618530273,23534,0.0,0.0
2022-10-06 13:30:00-04:00,10.149999618530273,10.170000076293945,10.020000457763672,10.029999732971191,26629,0.0,0.0
2022-10-06 14:30:00-04:00,10.020000457763672,10.050000190734863,9.9350004196167,9.989999771118164,44984,0.0,0.0
2022-10-06 15:30:00-04:00,9.989999771118164,10.0,9.899999618530273,9.90999984741211,113252,0.0,0.0
2022-10-07 09:30:00-04:00,9.75,9.859999656677246,9.649999618530273,9.699999809265137,40658,0.0,0.0
2022-10-07 10:30:00-04:00,9.680000305175781,9.720000267028809,9.529999732971191,9.529999732971191,29530,0.0,0.0
2022-10-07 11:30:00-04:00,9.520000457763672,9.520000457763672,9.454999923706055,9.470000267028809,35405,0.0,0.0
2022-10-07 12:30:00-04:00,9.460000038146973,9.5600004196167,9.4399995803833,9.5,52890,0.0,0.0
2022-10-07 13:30:00-04:00,9.5,9.52750015258789,9.484999656677246,9.5,74792,0.0,0.0
2022-10-07 14:30:00-04:00,9.5,9.569999694824219,9.4399995803833,9.4399995803833,64205,0.0,0.0
2022-10-07 15:30:00-04:00,9.479999542236328,9.539999961853027,9.470000267028809,9.489999771118164,126498,0.0,0.0
2022-10-10 09:30:00-04:00,9.470000267028809,9.470000267028809,9.229999542236328,9.399999618530273,58756,0.0,0.0
2022-10-10 10:30:00-04:00,9.440999984741211,9.440999984741211,9.279999732971191,9.300000190734863,34570,0.0,0.0
2022-10-10 11:30:00-04:00,9.3100004196167,9.34000015258789,9.194999694824219,9.204999923706055,33166,0.0,0.0
2022-10-10 12:30:00-04:00,9.210000038146973,9.220000267028809,9.100000381469727,9.180000305175781,21805,0.0,0.0
2022-10-10 13:30:00-04:00,9.180000305175781,9.300000190734863,9.180000305175781,9.220000267028809,50797,0.0,0.0
2022-10-10 14:30:00-04:00,9.210000038146973,9.239999771118164,9.0600004196167,9.069999694824219,32113,0.0,0.0
2022-10-10 15:30:00-04:00,9.069999694824219,9.09000015258789,9.010000228881836,9.010000228881836,142616,0.0,0.0
2022-10-11 09:30:00-04:00,8.930000305175781,9.135000228881836,8.84000015258789,9.119999885559082,46738,0.0,0.0
2022-10-11 10:30:00-04:00,9.109999656677246,9.199999809265137,9.039999961853027,9.170000076293945,64267,0.0,0.0
2022-10-11 11:30:00-04:00,9.175000190734863,9.220000267028809,9.109999656677246,9.194999694824219,70092,0.0,0.0
2022-10-11 12:30:00-04:00,9.1899995803833,9.220000267028809,9.130000114440918,9.130000114440918,56568,0.0,0.0
2022-10-11 13:30:00-04:00,9.109999656677246,9.149999618530273,9.069999694824219,9.09000015258789,38202,0.0,0.0
2022-10-11 14:30:00-04:00,9.079999923706055,9.079999923706055,8.789999961853027,8.875,92697,0.0,0.0
2022-10-11 15:30:00-04:00,8.869999885559082,8.960000038146973,8.824999809265137,8.90999984741211,198447,0.0,0.0
2022-10-12 09:30:00-04:00,8.960000038146973,9.0649995803833,8.800000190734863,8.904999732971191,32969,0.0,0.0
2022-10-12 10:30:00-04:00,8.890000343322754,8.989999771118164,8.8100004196167,8.989999771118164,50501,0.0,0.0
2022-10-12 11:30:00-04:00,8.979999542236328,9.09000015258789,8.944999694824219,9.0600004196167,33375,0.0,0.0
2022-10-12 12:30:00-04:00,9.050000190734863,9.140000343322754,9.03499984741211,9.140000343322754,21221,0.0,0.0
2022-10-12 13:30:00-04:00,9.140000343322754,9.140000343322754,9.029999732971191,9.09000015258789,42343,0.0,0.0
2022-10-12 14:30:00-04:00,9.09000015258789,9.104999542236328,9.010000228881836,9.080100059509277,93129,0.0,0.0
2022-10-12 15:30:00-04:00,9.09000015258789,9.140000343322754,9.074999809265137,9.09000015258789,90578,0.0,0.0
2022-10-13 09:30:00-04:00,8.84000015258789,9.095000267028809,8.760000228881836,9.0,34988,0.0,0.0
2022-10-13 10:30:00-04:00,9.0,9.279999732971191,9.0,9.180000305175781,27505,0.0,0.0
2022-10-13 11:30:00-04:00,9.1850004196167,9.279999732971191,9.15999984741211,9.180000305175781,29161,0.0,0.0
2022-10-13 12:30:00-04:00,9.170000076293945,9.350000381469727,9.149999618530273,9.350000381469727,22033,0.0,0.0
2022-10-13 13:30:00-04:00,9.359999656677246,9.359999656677246,9.239999771118164,9.239999771118164,28284,0.0,0.0
2022-10-13 14:30:00-04:00,9.246000289916992,9.3149995803833,9.225000381469727,9.229999542236328,36372,0.0,0.0
2022-10-13 15:30:00-04:00,9.229999542236328,9.25,9.149999618530273,9.1899995803833,88473,0.0,0.0
2022-10-14 09:30:00-04:00,9.239999771118164,9.350000381469727,9.045000076293945,9.09000015258789,22319,0.0,0.0
2022-10-14 10:30:00-04:00,9.09000015258789,9.170000076293945,9.079299926757812,9.119999885559082,17745,0.0,0.0
2022-10-14 11:30:00-04:00,9.109999656677246,9.140000343322754,8.979999542236328,9.020000457763672,32430,0.0,0.0
2022-10-14 12:30:00-04:00,9.050000190734863,9.149999618530273,9.050000190734863,9.100000381469727,19082,0.0,0.0
2022-10-14 13:30:00-04:00,9.109999656677246,9.109999656677246,8.970000267028809,9.0,9440,0.0,0.0
2022-10-14 14:30:00-04:00,8.989999771118164,9.010000228881836,8.930000305175781,8.9399995803833,48164,0.0,0.0
2022-10-14 15:30:00-04:00,8.954999923706055,8.954999923706055,8.84000015258789,8.859999656677246,83750,0.0,0.0
2022-10-17 09:30:00-04:00,9.109999656677246,9.229999542236328,9.020000457763672,9.0600004196167,25545,0.0,0.0
2022-10-17 10:30:00-04:00,9.0600004196167,9.0600004196167,8.979999542236328,9.039999961853027,32085,0.0,0.0
2022-10-17 11:30:00-04:00,9.059000015258789,9.125,9.050000190734863,9.109999656677246,18046,0.0,0.0
2022-10-17 12:30:00-04:00,9.109999656677246,9.149999618530273,9.079999923706055,9.130000114440918,26140,0.0,0.0
2022-10-17 13:30:00-04:00,9.130000114440918,9.178199768066406,9.09000015258789,9.109000205993652,42692,0.0,0.0
2022-10-17 14:30:00-04:00,9.109999656677246,9.140000343322754,9.050000190734863,9.09000015258789,46553,0.0,0.0
2022-10-17 15:30:00-04:00,9.09000015258789,9.09000015258789,9.029999732971191,9.050000190734863,52835,0.0,0.0
2022-10-18 09:30:00-04:00,9.260000228881836,9.470000267028809,9.079999923706055,9.140000343322754,48455,0.0,0.0
2022-10-18 10:30:00-04:00,9.130000114440918,9.130000114440918,8.970000267028809,9.0,28333,0.0,0.0
2022-10-18 11:30:00-04:00,9.010000228881836,9.050000190734863,8.970000267028809,8.988699913024902,25003,0.0,0.0
2022-10-18 12:30:00-04:00,8.989999771118164,9.039999961853027,8.9399995803833,9.020000457763672,19721,0.0,0.0
2022-10-18 13:30:00-04:00,9.010000228881836,9.039999961853027,8.960000038146973,9.010000228881836,35125,0.0,0.0
2022-10-18 14:30:00-04:00,9.010000228881836,9.010000228881836,8.880000114440918,8.880000114440918,43364,0.0,0.0
2022-10-18 15:30:00-04:00,8.890000343322754,8.930000305175781,8.84000015258789,8.899999618530273,52805,0.0,0.0
2022-10-19 09:30:00-04:00,8.829999923706055,8.880000114440918,8.600000381469727,8.649999618530273,57959,0.0,0.0
2022-10-19 10:30:00-04:00,8.649999618530273,8.649999618530273,8.470000267028809,8.489999771118164,47360,0.0,0.0
2022-10-19 11:30:00-04:00,8.489999771118164,8.5600004196167,8.390000343322754,8.399999618530273,43086,0.0,0.0
2022-10-19 12:30:00-04:00,8.409099578857422,8.4399995803833,8.350000381469727,8.4399995803833,53375,0.0,0.0
2022-10-19 13:30:00-04:00,8.430999755859375,8.529999732971191,8.390000343322754,8.510000228881836,47325,0.0,0.0
2022-10-19 14:30:00-04:00,8.520000457763672,8.520000457763672,8.460000038146973,8.489999771118164,30662,0.0,0.0
2022-10-19 15:30:00-04:00,8.484999656677246,8.529999732971191,8.4399995803833,8.510000228881836,86381,0.0,0.0
2022-10-20 09:30:00-04:00,8.449999809265137,8.720000267028809,8.399999618530273,8.65999984741211,24683,0.0,0.0
2022-10-20 10:30:00-04:00,8.65999984741211,8.65999984741211,8.550000190734863,8.600000381469727,25748,0.0,0.0
2022-10-20 11:30:00-04:00,8.600000381469727,8.670000076293945,8.529999732971191,8.5600004196167,30541,0.0,0.0
2022-10-20 12:30:00-04:00,8.5600004196167,8.569999694824219,8.449999809265137,8.494999885559082,17630,0.0,0.0
2022-10-20 13:30:00-04:00,8.494999885559082,8.539999961853027,8.4399995803833,8.470000267028809,20807,0.0,0.0
2022-10-20 14:30:00-04:00,8.46500015258789,8.529999732971191,8.460100173950195,8.510000228881836,17449,0.0,0.0
2022-10-20 15:30:00-04:00,8.520000457763672,8.5600004196167,8.5,8.510000228881836,46382,0.0,0.0
2022-10-21 09:30:00-04:00,8.619999885559082,8.6899995803833,8.350000381469727,8.420000076293945,59011,0.0,0.0
2022-10-21 10:30:00-04:00,8.4399995803833,8.505000114440918,8.380000114440918,8.479999542236328,57804,0.0,0.0
2022-10-21 11:30:00-04:00,8.510000228881836,8.609999656677246,8.479999542236328,8.569999694824219,21546,0.0,0.0
2022-10-21 12:30:00-04:00,8.539999961853027,8.699999809265137,8.539999961853027,8.6899995803833,14864,0.0,0.0
2022-10-21 13:30:00-04:00,8.6899995803833,8.720000267028809,8.65999984741211,8.6899995803833,19482,0.0,0.0
2022-10-21 14:30:00-04:00,8.6899995803833,8.739999771118164,8.670000076293945,8.720000267028809,18015,0.0,0.0
2022-10-21 15:30:00-04:00,8.725000381469727,8.75,8.680000305175781,8.699999809265137,36501,0.0,0.0
2022-10-24 09:30:00-04:00,8.0,8.130000114440918,7.75,7.869999885559082,182954,0.0,0.0
2022-10-24 10:30:00-04:00,7.868500232696533,7.960000038146973,7.820000171661377,7.900000095367432,137591,0.0,0.0
2022-10-24 11:30:00-04:00,7.900000095367432,7.900000095367432,7.790999889373779,7.824999809265137,72286,0.0,0.0
2022-10-24 12:30:00-04:00,7.824999809265137,7.835000038146973,7.75,7.757500171661377,42976,0.0,0.0
2022-10-24 13:30:00-04:00,7.755000114440918,7.820000171661377,7.644999980926514,7.78000020980835,87493,0.0,0.0
2022-10-24 14:30:00-04:00,7.780099868774414,7.96999979019165,7.755000114440918,7.960000038146973,98489,0.0,0.0
2022-10-24 15:30:00-04:00,7.960000038146973,8.09000015258789,7.860099792480469,8.079999923706055,212788,0.0,0.0
2022-10-25 09:30:00-04:00,9.279999732971191,10.5,9.270000457763672,10.109999656677246,654439,0.0,0.0
2022-10-25 10:30:00-04:00,10.100000381469727,10.430000305175781,9.960000038146973,10.29069995880127,261333,0.0,0.0
2022-10-25 11:30:00-04:00,10.279999732971191,10.489999771118164,10.15999984741211,10.3149995803833,293952,0.0,0.0
2022-10-25 12:30:00-04:00,10.3100004196167,10.354999542236328,10.0,10.050000190734863,220397,0.0,0.0
2022-10-25 13:30:00-04:00,10.0649995803833,10.186300277709961,10.03499984741211,10.100000381469727,156562,0.0,0.0
2022-10-25 14:30:00-04:00,10.099900245666504,10.417900085449219,10.039999961853027,10.364999771118164,261202,0.0,0.0
2022-10-25 15:30:00-04:00,10.364999771118164,10.470000267028809,10.279999732971191,10.34000015258789,324479,0.0,0.0
2022-10-26 09:30:00-04:00,10.239999771118164,10.829999923706055,10.125,10.390000343322754,294300,0.0,0.0
2022-10-26 10:30:00-04:00,10.460000038146973,10.599900245666504,10.34000015258789,10.430100440979004,100902,0.0,0.0
2022-10-26 11:30:00-04:00,10.399999618530273,10.640000343322754,10.26550006866455,10.46500015258789,152177,0.0,0.0
2022-10-26 12:30:00-04:00,10.46500015258789,10.51099967956543,10.121700286865234,10.140000343322754,92891,0.0,0.0
2022-10-26 13:30:00-04:00,10.140000343322754,10.25,10.104999542236328,10.104999542236328,145593,0.0,0.0
2022-10-26 14:30:00-04:00,10.104999542236328,10.180000305175781,10.050000190734863,10.130000114440918,154647,0.0,0.0
2022-10-26 15:30:00-04:00,10.119999885559082,10.140000343322754,9.90999984741211,9.90999984741211,341177,0.0,0.0
2022-10-27 09:30:00-04:00,10.079999923706055,10.975799560546875,10.029999732971191,10.710000038146973,198366,0.0,0.0
2022-10-27 10:30:00-04:00,10.729999542236328,10.960000038146973,10.446200370788574,10.890000343322754,133993,0.0,0.0
2022-10-27 11:30:00-04:00,10.90999984741211,11.15999984741211,10.75,11.095000267028809,112814,0.0,0.0
2022-10-27 12:30:00-04:00,11.100000381469727,11.239999771118164,10.9399995803833,11.0,108462,0.0,0.0
2022-10-27 13:30:00-04:00,11.005000114440918,11.039999961853027,10.880000114440918,10.880000114440918,95136,0.0,0.0
2022-10-27 14:30:00-04:00,10.875,10.899999618530273,10.699999809265137,10.710000038146973,86296,0.0,0.0
2022-10-27 15:30:00-04:00,10.699999809265137,10.710000038146973,10.489999771118164,10.539999961853027,269070,0.0,0.0
2022-10-28 09:30:00-04:00,10.460000038146973,10.770000457763672,10.34000015258789,10.600000381469727,99559,0.0,0.0
2022-10-28 10:30:00-04:00,10.579999923706055,10.640000343322754,10.479999542236328,10.539999961853027,76527,0.0,0.0
2022-10-28 11:30:00-04:00,10.529999732971191,10.5649995803833,10.420000076293945,10.5,28076,0.0,0.0
2022-10-28 12:30:00-04:00,10.510000228881836,10.539999961853027,10.470000267028809,10.475000381469727,42149,0.0,0.0
2022-10-28 13:30:00-04:00,10.475000381469727,10.520000457763672,10.40999984741211,10.425000190734863,51138,0.0,0.0
2022-10-28 14:30:00-04:00,10.425000190734863,10.569999694824219,10.399999618530273,10.40999984741211,80266,0.0,0.0
2022-10-28 15:30:00-04:00,10.399999618530273,10.460000038146973,10.300000190734863,10.350000381469727,127489,0.0,0.0
2022-10-31 09:30:00-04:00,10.220000267028809,10.470000267028809,10.180000305175781,10.300000190734863,41705,0.0,0.0
2022-10-31 10:30:00-04:00,10.300000190734863,10.449999809265137,10.25,10.420000076293945,39821,0.0,0.0
2022-10-31 11:30:00-04:00,10.420000076293945,10.520000457763672,10.279999732971191,10.279999732971191,48780,0.0,0.0
2022-10-31 12:30:00-04:00,10.28849983215332,10.460000038146973,10.241299629211426,10.4399995803833,56512,0.0,0.0
2022-10-31 13:30:00-04:00,10.430000305175781,10.569999694824219,10.385000228881836,10.5600004196167,41213,0.0,0.0
2022-10-31 14:30:00-04:00,10.5600004196167,10.569999694824219,10.420000076293945,10.444999694824219,51374,0.0,0.0
2022-10-31 15:30:00-04:00,10.4399995803833,10.479999542236328,10.359999656677246,10.420000076293945,85322,0.0,0.0
2022-11-01 09:30:00-04:00,10.630000114440918,10.680000305175781,10.430000305175781,10.510000228881836,38592,0.0,0.0
2022-11-01 10:30:00-04:00,10.489999771118164,10.489999771118164,10.149999618530273,10.289999961853027,79565,0.0,0.0
2022-11-01 11:30:00-04:00,10.300000190734863,10.359999656677246,10.164999961853027,10.199999809265137,50773,0.0,0.0
2022-11-01 12:30:00-04:00,10.210000038146973,10.369999885559082,10.210000038146973,10.359999656677246,50035,0.0,0.0
2022-11-01 13:30:00-04:00,10.359999656677246,10.760000228881836,10.244999885559082,10.720000267028809,148367,0.0,0.0
2022-11-01 14:30:00-04:00,10.71500015258789,10.819999694824219,10.260000228881836,10.300000190734863,195560,0.0,0.0
2022-11-01 15:30:00-04:00,10.300000190734863,10.34000015258789,10.149999618530273,10.25,338225,0.0,0.0
2022-11-02 09:30:00-04:00,10.1899995803833,10.229999542236328,9.930000305175781,9.9399995803833,33088,0.0,0.0
2022-11-02 10:30:00-04:00,9.949999809265137,10.014200210571289,9.899999618530273,9.9399995803833,38310,0.0,0.0
2022-11-02 11:30:00-04:00,9.944999694824219,9.944999694824219,9.859999656677246,9.899999618530273,46366,0.0,0.0
2022-11-02 12:30:00-04:00,9.899999618530273,10.119999885559082,9.890000343322754,10.119999885559082,57405,0.0,0.0
2022-11-02 13:30:00-04:00,10.119999885559082,10.380000114440918,10.069999694824219,10.335000038146973,49722,0.0,0.0
2022-11-02 14:30:00-04:00,10.350000381469727,10.390000343322754,9.880000114440918,9.920000076293945,77871,0.0,0.0
2022-11-02 15:30:00-04:00,9.899999618530273,9.9399995803833,9.760000228881836,9.770000457763672,66339,0.0,0.0
2022-11-03 09:30:00-04:00,9.739999771118164,9.880000114440918,9.569999694824219,9.880000114440918,36880,0.0,0.0
2022-11-03 10:30:00-04:00,9.880000114440918,10.020000457763672,9.845000267028809,9.96500015258789,45287,0.0,0.0
2022-11-03 11:30:00-04:00,9.989999771118164,10.069999694824219,9.949999809265137,10.010000228881836,29978,0.0,0.0
2022-11-03 12:30:00-04:00,10.010000228881836,10.039999961853027,9.899999618530273,9.899999618530273,24519,0.0,0.0
2022-11-03 13:30:00-04:00,9.890000343322754,9.899999618530273,9.779999732971191,9.885000228881836,30044,0.0,0.0
2022-11-03 14:30:00-04:00,9.890000343322754,9.960000038146973,9.8149995803833,9.9350004196167,53553,0.0,0.0
2022-11-03 15:30:00-04:00,9.930000305175781,9.970000267028809,9.880000114440918,9.890000343322754,74516,0.0,0.0
2022-11-04 09:30:00-04:00,10.0,10.069999694824219,9.880000114440918,10.069999694824219,36214,0.0,0.0
2022-11-04 10:30:00-04:00,10.069999694824219,10.15999984741211,9.949999809265137,9.949999809265137,34205,0.0,0.0
2022-11-04 11:30:00-04:00,9.949999809265137,9.970000267028809,9.680000305175781,9.75,25852,0.0,0.0
2022-11-04 12:30:00-04:00,9.75,9.75,9.5600004196167,9.569999694824219,42226,0.0,0.0
2022-11-04 13:30:00-04:00,9.5600004196167,9.600000381469727,9.5,9.600000381469727,36476,0.0,0.0
2022-11-04 14:30:00-04:00,9.609999656677246,9.71500015258789,9.609999656677246,9.699999809265137,39054,0.0,0.0
2022-11-04 15:30:00-04:00,9.6899995803833,9.789999961853027,9.65999984741211,9.739999771118164,67431,0.0,0.0
2022-11-07 09:30:00-05:00,9.8100004196167,9.859999656677246,9.604999542236328,9.789999961853027,61346,0.0,0.0
2022-11-07 10:30:00-05:00,9.789899826049805,9.789899826049805,9.670999526977539,9.760000228881836,20462,0.0,0.0
2022-11-07 11:30:00-05:00,9.760000228881836,9.770000457763672,9.630000114440918,9.770000457763672,21357,0.0,0.0
2022-11-07 12:30:00-05:00,9.789999961853027,9.84000015258789,9.729999542236328,9.8100004196167,16882,0.0,0.0
2022-11-07 13:30:00-05:00,9.819999694824219,9.90999984741211,9.8100004196167,9.90999984741211,32841,0.0,0.0
2022-11-07 14:30:00-05:00,9.920000076293945,9.9399995803833,9.800000190734863,9.859999656677246,43379,0.0,0.0
2022-11-07 15:30:00-05:00,9.859999656677246,9.880000114440918,9.800000190734863,9.84000015258789,88667,0.0,0.0
2022-11-08 09:30:00-05:00,9.979999542236328,9.979999542236328,9.729999542236328,9.880000114440918,27790,0.0,0.0
2022-11-08 10:30:00-05:00,9.871999740600586,10.020000457763672,9.850000381469727,10.020000457763672,44006,0.0,0.0
2022-11-08 11:30:00-05:00,10.050000190734863,10.069999694824219,10.010000228881836,10.010000228881836,35422,0.0,0.0
2022-11-08 12:30:00-05:00,10.010000228881836,10.074999809265137,9.960000038146973,9.989999771118164,38061,0.0,0.0
2022-11-08 13:30:00-05:00,9.979999542236328,10.069999694824219,9.899999618530273,9.930000305175781,41532,0.0,0.0
2022-11-08 14:30:00-05:00,9.920000076293945,10.020000457763672,9.885000228881836,10.010000228881836,67210,0.0,0.0
2022-11-08 15:30:00-05:00,10.024999618530273,10.130000114440918,10.024999618530273,10.100000381469727,101137,0.0,0.0
2022-11-09 09:30:00-05:00,10.079999923706055,10.100000381469727,9.850000381469727,10.029999732971191,26255,0.0,0.0
2022-11-09 10:30:00-05:00,10.020000457763672,10.079999923706055,9.989999771118164,10.079999923706055,23480,0.0,0.0
2022-11-09 11:30:00-05:00,10.050000190734863,10.09000015258789,10.010000228881836,10.045000076293945,24087,0.0,0.0
2022-11-09 12:30:00-05:00,10.050000190734863,10.0600004196167,9.890000343322754,9.890000343322754,36449,0.0,0.0
2022-11-09 13:30:00-05:00,9.890000343322754,10.050000190734863,9.800000190734863,10.03499984741211,80743,0.0,0.0
2022-11-09 14:30:00-05:00,10.03499984741211,10.09000015258789,10.015000343322754,10.0649995803833,64707,0.0,0.0
2022-11-09 15:30:00-05:00,10.069999694824219,10.09000015258789,10.0,10.010000228881836,66643,0.0,0.0
2022-11-10 09:30:00-05:00,10.59000015258789,10.890000343322754,10.550000190734863,10.850000381469727,46568,0.0,0.0
2022-11-10 10:30:00-05:00,10.859999656677246,11.069999694824219,10.630000114440918,11.050000190734863,52658,0.0,0.0
2022-11-10 11:30:00-05:00,11.039999961853027,11.15999984741211,10.989999771118164,10.989999771118164,25609,0.0,0.0
2022-11-10 12:30:00-05:00,10.989999771118164,11.039999961853027,10.920000076293945,10.9399995803833,27315,0.0,0.0
2022-11-10 13:30:00-05:00,10.930000305175781,10.949999809265137,10.859999656677246,10.895000457763672,43887,0.0,0.0
2022-11-10 14:30:00-05:00,10.890000343322754,10.930000305175781,10.800000190734863,10.930000305175781,35065,0.0,0.0
2022-11-10 15:30:00-05:00,10.930000305175781,11.039999961853027,10.920000076293945,11.015000343322754,75291,0.0,0.0
2022-11-11 09:30:00-05:00,10.970000267028809,11.479999542236328,10.970000267028809,11.295000076293945,47245,0.0,0.0
2022-11-11 10:30:00-05:00,11.295000076293945,11.319999694824219,11.140000343322754,11.25,47102,0.0,0.0
2022-11-11 11:30:00-05:00,11.25,11.4399995803833,11.210000038146973,11.40999984741211,24597,0.0,0.0
2022-11-11 12:30:00-05:00,11.399999618530273,11.489999771118164,11.369999885559082,11.479999542236328,29550,0.0,0.0
2022-11-11 13:30:00-05:00,11.489999771118164,11.595000267028809,11.479999542236328,11.59000015258789,45940,0.0,0.0
2022-11-11 14:30:00-05:00,11.59000015258789,11.59000015258789,11.399999618530273,11.520000457763672,61760,0.0,0.0
2022-11-11 15:30:00-05:00,11.520000457763672,11.539999961853027,11.40999984741211,11.4399995803833,71437,0.0,0.0
2022-11-14 09:30:00-05:00,11.279999732971191,11.354999542236328,11.130000114440918,11.274999618530273,29284,0.0,0.0
2022-11-14 10:30:00-05:00,11.260000228881836,11.34000015258789,10.970000267028809,11.0600004196167,30964,0.0,0.0
2022-11-14 11:30:00-05:00,11.09000015258789,11.140000343322754,10.989999771118164,11.045000076293945,33381,0.0,0.0
2022-11-14 12:30:00-05:00,11.039999961853027,11.069999694824219,10.885000228881836,11.0,27318,0.0,0.0
2022-11-14 13:30:00-05:00,10.970999717712402,10.989999771118164,10.8100004196167,10.831000328063965,42043,0.0,0.0
2022-11-14 14:30:00-05:00,10.850000381469727,10.895000457763672,10.789999961853027,10.895000457763672,73548,0.0,0.0
2022-11-14 15:30:00-05:00,10.890000343322754,10.90999984741211,10.670000076293945,10.710000038146973,92773,0.0,0.0
2022-11-15 09:30:00-05:00,11.109999656677246,11.359999656677246,10.994999885559082,11.359999656677246,41073,0.0,0.0
2022-11-15 10:30:00-05:00,11.350000381469727,11.380000114440918,11.050000190734863,11.100000381469727,24338,0.0,0.0
2022-11-15 11:30:00-05:00,11.119999885559082,11.180000305175781,11.0649995803833,11.086400032043457,25414,0.0,0.0
2022-11-15 12:30:00-05:00,11.079999923706055,11.130000114440918,10.779999732971191,10.795000076293945,38488,0.0,0.0
2022-11-15 13:30:00-05:00,10.789999961853027,10.890000343322754,10.699999809265137,10.880000114440918,49013,0.0,0.0
2022-11-15 14:30:00-05:00,10.869999885559082,10.925000190734863,10.760000228881836,10.800000190734863,61485,0.0,0.0
2022-11-15 15:30:00-05:00,10.800000190734863,10.8100004196167,10.710000038146973,10.729999542236328,86209,0.0,0.0
2022-11-16 09:30:00-05:00,10.569999694824219,10.569999694824219,10.180000305175781,10.3100004196167,38673,0.0,0.0
2022-11-16 10:30:00-05:00,10.34000015258789,10.4350004196167,10.25,10.4350004196167,30486,0.0,0.0
2022-11-16 11:30:00-05:00,10.460000038146973,10.489999771118164,10.229999542236328,10.3100004196167,27596,0.0,0.0
2022-11-16 12:30:00-05:00,10.319999694824219,10.359999656677246,10.279999732971191,10.324999809265137,22879,0.0,0.0
2022-11-16 13:30:00-05:00,10.329999923706055,10.34000015258789,10.244999885559082,10.260000228881836,32138,0.0,0.0
2022-11-16 14:30:00-05:00,10.255000114440918,10.319999694824219,10.15999984741211,10.15999984741211,46293,0.0,0.0
2022-11-16 15:30:00-05:00,10.1899995803833,10.229999542236328,10.130000114440918,10.140000343322754,70079,0.0,0.0
2022-11-17 09:30:00-05:00,10.0600004196167,10.420000076293945,9.899999618530273,10.329999923706055,38215,0.0,0.0
2022-11-17 10:30:00-05:00,10.34000015258789,10.420000076293945,10.180000305175781,10.319999694824219,43097,0.0,0.0
2022-11-17 11:30:00-05:00,10.319999694824219,10.40999984741211,10.270000457763672,10.387499809265137,23037,0.0,0.0
2022-11-17 12:30:00-05:00,10.350000381469727,10.460000038146973,10.25,10.420000076293945,24266,0.0,0.0
2022-11-17 13:30:00-05:00,10.4399995803833,10.489999771118164,10.350000381469727,10.420000076293945,34793,0.0,0.0
2022-11-17 14:30:00-05:00,10.420000076293945,10.479999542236328,10.380000114440918,10.4399995803833,28680,0.0,0.0
2022-11-17 15:30:00-05:00,10.449999809265137,10.539999961853027,10.449999809265137,10.520000457763672,42068,0.0,0.0
2022-11-18 09:30:00-05:00,10.670000076293945,10.770000457763672,10.529999732971191,10.609999656677246,64507,0.0,0.0
2022-11-18 10:30:00-05:00,10.630000114440918,10.630000114440918,10.5,10.545000076293945,21780,0.0,0.0
2022-11-18 11:30:00-05:00,10.524999618530273,10.600000381469727,10.515000343322754,10.5600004196167,26146,0.0,0.0
2022-11-18 12:30:00-05:00,10.5600004196167,10.619999885559082,10.540499687194824,10.619999885559082,19023,0.0,0.0
2022-11-18 13:30:00-05:00,10.619999885559082,10.720000267028809,10.619999885559082,10.699999809265137,24948,0.0,0.0
2022-11-18 14:30:00-05:00,10.710000038146973,10.829999923706055,10.6850004196167,10.829999923706055,42381,0.0,0.0
2022-11-18 15:30:00-05:00,10.84000015258789,11.0600004196167,10.835000038146973,11.0600004196167,168193,0.0,0.0
2022-11-21 09:30:00-05:00,10.960000038146973,11.199999809265137,10.9399995803833,11.130000114440918,76000,0.0,0.0
2022-11-21 10:30:00-05:00,11.130000114440918,11.130000114440918,10.90999984741211,10.930000305175781,33480,0.0,0.0
2022-11-21 11:30:00-05:00,10.90999984741211,10.970000267028809,10.869999885559082,10.9399995803833,35392,0.0,0.0
2022-11-21 12:30:00-05:00,10.9399995803833,11.15999984741211,10.925000190734863,10.925000190734863,70998,0.0,0.0
2022-11-21 13:30:00-05:00,10.899999618530273,11.029999732971191,10.850000381469727,10.979999542236328,69436,0.0,0.0
2022-11-21 14:30:00-05:00,10.960000038146973,11.010000228881836,10.899999618530273,10.920000076293945,55680,0.0,0.0
2022-11-21 15:30:00-05:00,10.90999984741211,11.100000381469727,10.90999984741211,11.050000190734863,132521,0.0,0.0
2022-11-22 09:30:00-05:00,11.220000267028809,11.579999923706055,11.109999656677246,11.579999923706055,37706,0.0,0.0
2022-11-22 10:30:00-05:00,11.557499885559082,11.579999923706055,11.369999885559082,11.555000305175781,32866,0.0,0.0
2022-11-22 11:30:00-05:00,11.539999961853027,11.550000190734863,11.475000381469727,11.505000114440918,19953,0.0,0.0
2022-11-22 12:30:00-05:00,11.505000114440918,11.760000228881836,11.4399995803833,11.760000228881836,48783,0.0,0.0
2022-11-22 13:30:00-05:00,11.760000228881836,11.84000015258789,11.600000381469727,11.6899995803833,122924,0.0,0.0
2022-11-22 14:30:00-05:00,11.699999809265137,11.725000381469727,11.640000343322754,11.640000343322754,99492,0.0,0.0
2022-11-22 15:30:00-05:00,11.645000457763672,11.720000267028809,11.619999885559082,11.6899995803833,164882,0.0,0.0
2022-11-23 09:30:00-05:00,11.550000190734863,11.6899995803833,11.420000076293945,11.600000381469727,33261,0.0,0.0
2022-11-23 10:30:00-05:00,11.630000114440918,11.880000114440918,11.630000114440918,11.649999618530273,40758,0.0,0.0
2022-11-23 11:30:00-05:00,11.675000190734863,11.680000305175781,11.529999732971191,11.585000038146973,36341,0.0,0.0
2022-11-23 12:30:00-05:00,11.585000038146973,11.869999885559082,11.53499984741211,11.760000228881836,72543,0.0,0.0
2022-11-23 13:30:00-05:00,11.6899995803833,11.859999656677246,11.619999885559082,11.649999618530273,34891,0.0,0.0
2022-11-23 14:30:00-05:00,11.609999656677246,11.630000114440918,11.529999732971191,11.550000190734863,37811,0.0,0.0
2022-11-23 15:30:00-05:00,11.569999694824219,11.979999542236328,11.550000190734863,11.850000381469727,182298,0.0,0.0
2022-11-25 09:30:00-05:00,11.720000267028809,11.84000015258789,11.651000022888184,11.704999923706055,27729,0.0,0.0
2022-11-25 10:30:00-05:00,11.710000038146973,11.9399995803833,11.6899995803833,11.840700149536133,20181,0.0,0.0
2022-11-25 11:30:00-05:00,11.829999923706055,11.859999656677246,11.65999984741211,11.699899673461914,29351,0.0,0.0
2022-11-28 09:30:00-05:00,11.510000228881836,11.619999885559082,11.34000015258789,11.619999885559082,39301,0.0,0.0
2022-11-28 10:30:00-05:00,11.619999885559082,11.854999542236328,11.539999961853027,11.765000343322754,35541,0.0,0.0
2022-11-28 11:30:00-05:00,11.774999618530273,11.90999984741211,11.670000076293945,11.819999694824219,35793,0.0,0.0
2022-11-28 12:30:00-05:00,11.800000190734863,11.819999694824219,11.649999618530273,11.729999542236328,32190,0.0,0.0
2022-11-28 13:30:00-05:00,11.734999656677246,11.770000457763672,11.600000381469727,11.614999771118164,24206,0.0,0.0
2022-11-28 14:30:00-05:00,11.619999885559082,11.670000076293945,11.529999732971191,11.529999732971191,27896,0.0,0.0
2022-11-28 15:30:00-05:00,11.5600004196167,11.670000076293945,11.5600004196167,11.600000381469727,56912,0.0,0.0
2022-11-29 09:30:00-05:00,11.550000190734863,11.800000190734863,11.399999618530273,11.765000343322754,36960,0.0,0.0
2022-11-29 10:30:00-05:00,11.729999542236328,11.890000343322754,11.600000381469727,11.654999732971191,26498,0.0,0.0
2022-11-29 11:30:00-05:00,11.680000305175781,12.010000228881836,11.649999618530273,11.979999542236328,48288,0.0,0.0
2022-11-29 12:30:00-05:00,11.970000267028809,12.140000343322754,11.920000076293945,11.920000076293945,30823,0.0,0.0
2022-11-29 13:30:00-05:00,11.930000305175781,11.979999542236328,11.829999923706055,11.9350004196167,21469,0.0,0.0
2022-11-29 14:30:00-05:00,11.960000038146973,12.020000457763672,11.850000381469727,11.850000381469727,27967,0.0,0.0
2022-11-29 15:30:00-05:00,11.850000381469727,11.960000038146973,11.829999923706055,11.850000381469727,54059,0.0,0.0
2022-11-30 09:30:00-05:00,11.84000015258789,11.84000015258789,11.470100402832031,11.734999656677246,41513,0.0,0.0
2022-11-30 10:30:00-05:00,11.734999656677246,11.930000305175781,11.720000267028809,11.930000305175781,21824,0.0,0.0
2022-11-30 11:30:00-05:00,11.900699615478516,11.9399995803833,11.739999771118164,11.819999694824219,23453,0.0,0.0
2022-11-30 12:30:00-05:00,11.829999923706055,11.9399995803833,11.800000190734863,11.869999885559082,30903,0.0,0.0
2022-11-30 13:30:00-05:00,11.859999656677246,12.279999732971191,11.850000381469727,12.220000267028809,30186,0.0,0.0
2022-11-30 14:30:00-05:00,12.229999542236328,12.329999923706055,12.15999984741211,12.279999732971191,60443,0.0,0.0
2022-11-30 15:30:00-05:00,12.270000457763672,12.300000190734863,12.164999961853027,12.180000305175781,97186,0.0,0.0
2022-12-01 09:30:00-05:00,12.15999984741211,12.399999618530273,12.100000381469727,12.255000114440918,26605,0.0,0.0
2022-12-01 10:30:00-05:00,12.295000076293945,12.300000190734863,12.020000457763672,12.074999809265137,100498,0.0,0.0
2022-12-01 11:30:00-05:00,12.079999923706055,12.25,12.079999923706055,12.180000305175781,13349,0.0,0.0
2022-12-01 12:30:00-05:00,12.199999809265137,12.3100004196167,12.149999618530273,12.15999984741211,27670,0.0,0.0
2022-12-01 13:30:00-05:00,12.15999984741211,12.270000457763672,12.09000015258789,12.140000343322754,44309,0.0,0.0
2022-12-01 14:30:00-05:00,12.130000114440918,12.220000267028809,12.119999885559082,12.145000457763672,35276,0.0,0.0
2022-12-01 15:30:00-05:00,12.145000457763672,12.220000267028809,12.100000381469727,12.210000038146973,85858,0.0,0.0
2022-12-02 09:30:00-05:00,12.0,12.220000267028809,11.770000457763672,12.140000343322754,68948,0.0,0.0
2022-12-02 10:30:00-05:00,12.125,12.149999618530273,11.970000267028809,12.140000343322754,34824,0.0,0.0
2022-12-02 11:30:00-05:00,12.140000343322754,12.404999732971191,12.140000343322754,12.369999885559082,43166,0.0,0.0
2022-12-02 12:30:00-05:00,12.3100004196167,12.380000114440918,12.239999771118164,12.289999961853027,26822,0.0,0.0
2022-12-02 13:30:00-05:00,12.300000190734863,12.390000343322754,12.260000228881836,12.390000343322754,21015,0.0,0.0
2022-12-02 14:30:00-05:00,12.380000114440918,12.600000381469727,12.380000114440918,12.520000457763672,56536,0.0,0.0
2022-12-02 15:30:00-05:00,12.520000457763672,12.600000381469727,12.4399995803833,12.529999732971191,116018,0.0,0.0
2022-12-05 09:30:00-05:00,12.5,12.829999923706055,12.430000305175781,12.765000343322754,44907,0.0,0.0
2022-12-05 10:30:00-05:00,12.770000457763672,12.880000114440918,12.710000038146973,12.710000038146973,31834,0.0,0.0
2022-12-05 11:30:00-05:00,12.699999809265137,12.700499534606934,12.375,12.375,20785,0.0,0.0
2022-12-05 12:30:00-05:00,12.364999771118164,12.449999809265137,12.34000015258789,12.399999618530273,22192,0.0,0.0
2022-12-05 13:30:00-05:00,12.404999732971191,12.5,12.404999732971191,12.46500015258789,22250,0.0,0.0
2022-12-05 14:30:00-05:00,12.46500015258789,12.479999542236328,12.329999923706055,12.329999923706055,33197,0.0,0.0
2022-12-05 15:30:00-05:00,12.3100004196167,12.399999618530273,12.300000190734863,12.399999618530273,76186,0.0,0.0
2022-12-06 09:30:00-05:00,12.390000343322754,12.600000381469727,12.199999809265137,12.289999961853027,16350,0.0,0.0
2022-12-06 10:30:00-05:00,12.264699935913086,12.359999656677246,12.25,12.354999542236328,20023,0.0,0.0
2022-12-06 11:30:00-05:00,12.335000038146973,12.348999977111816,12.055000305175781,12.07040023803711,28899,0.0,0.0
2022-12-06 12:30:00-05:00,12.095000267028809,12.21500015258789,12.069999694824219,12.135000228881836,19761,0.0,0.0
2022-12-06 13:30:00-05:00,12.14900016784668,12.220000267028809,12.109999656677246,12.145000457763672,17884,0.0,0.0
2022-12-06 14:30:00-05:00,12.130000114440918,12.210000038146973,12.130000114440918,12.149999618530273,16671,0.0,0.0
2022-12-06 15:30:00-05:00,12.15999984741211,12.289999961853027,12.15999984741211,12.260000228881836,47766,0.0,0.0
2022-12-07 09:30:00-05:00,12.170000076293945,12.170000076293945,11.9399995803833,12.020000457763672,13667,0.0,0.0
2022-12-07 10:30:00-05:00,12.045000076293945,12.225000381469727,12.045000076293945,12.119999885559082,12842,0.0,0.0
2022-12-07 11:30:00-05:00,12.079999923706055,12.199999809265137,12.039999961853027,12.039999961853027,27668,0.0,0.0
2022-12-07 12:30:00-05:00,12.020000457763672,12.210000038146973,12.010000228881836,12.170000076293945,19440,0.0,0.0
2022-12-07 13:30:00-05:00,12.149999618530273,12.149999618530273,12.050000190734863,12.079999923706055,19431,0.0,0.0
2022-12-07 14:30:00-05:00,12.09000015258789,12.149999618530273,12.079999923706055,12.104999542236328,23064,0.0,0.0
2022-12-07 15:30:00-05:00,12.104999542236328,12.104999542236328,12.010000228881836,12.010000228881836,40704,0.0,0.0
2022-12-08 09:30:00-05:00,12.039999961853027,12.085000038146973,11.899999618530273,11.960000038146973,41207,0.0,0.0
2022-12-08 10:30:00-05:00,11.954999923706055,11.96500015258789,11.84000015258789,11.920000076293945,21272,0.0,0.0
2022-12-08 11:30:00-05:00,11.914999961853027,11.9399995803833,11.8100004196167,11.84000015258789,41488,0.0,0.0
2022-12-08 12:30:00-05:00,11.84000015258789,11.904999732971191,11.829999923706055,11.859999656677246,31589,0.0,0.0
2022-12-08 13:30:00-05:00,11.859999656677246,11.9399995803833,11.779999732971191,11.819999694824219,23782,0.0,0.0
2022-12-08 14:30:00-05:00,11.819999694824219,11.890000343322754,11.8100004196167,11.8100004196167,27502,0.0,0.0
2022-12-08 15:30:00-05:00,11.84000015258789,11.864999771118164,11.819999694824219,11.850000381469727,49522,0.0,0.0
2022-12-09 09:30:00-05:00,11.65999984741211,11.739999771118164,11.489999771118164,11.734999656677246,26540,0.0,0.0
2022-12-09 10:30:00-05:00,11.760000228881836,11.9399995803833,11.710000038146973,11.895000457763672,21910,0.0,0.0
2022-12-09 11:30:00-05:00,11.899999618530273,11.90999984741211,11.744999885559082,11.744999885559082,12121,0.0,0.0
2022-12-09 12:30:00-05:00,11.75,11.805000305175781,11.649999618530273,11.649999618530273,20464,0.0,0.0
2022-12-09 13:30:00-05:00,11.680000305175781,11.729999542236328,11.670000076293945,11.6899995803833,10460,0.0,0.0
2022-12-09 14:30:00-05:00,11.699999809265137,11.779999732971191,11.699999809265137,11.729999542236328,23753,0.0,0.0
2022-12-09 15:30:00-05:00,11.720000267028809,11.75,11.710000038146973,11.710000038146973,41957,0.0,0.0
2022-12-12 09:30:00-05:00,11.819999694824219,11.859999656677246,11.609999656677246,11.649999618530273,37796,0.0,0.0
2022-12-12 10:30:00-05:00,11.649999618530273,12.010000228881836,11.649999618530273,11.989999771118164,40398,0.0,0.0
2022-12-12 11:30:00-05:00,11.989999771118164,12.1899995803833,11.989100456237793,12.15999984741211,31820,0.0,0.0
2022-12-12 12:30:00-05:00,12.170000076293945,12.289999961853027,12.170000076293945,12.239999771118164,36147,0.0,0.0
2022-12-12 13:30:00-05:00,12.239999771118164,12.239999771118164,12.1850004196167,12.1899995803833,22298,0.0,0.0
2022-12-12 14:30:00-05:00,12.180000305175781,12.270000457763672,12.15999984741211,12.180000305175781,37497,0.0,0.0
2022-12-12 15:30:00-05:00,12.180000305175781,12.239999771118164,12.161999702453613,12.210000038146973,61623,0.0,0.0
2022-12-13 09:30:00-05:00,12.550000190734863,12.8100004196167,12.369999885559082,12.369999885559082,41021,0.0,0.0
2022-12-13 10:30:00-05:00,12.390000343322754,12.390000343322754,12.0600004196167,12.170000076293945,41357,0.0,0.0
2022-12-13 11:30:00-05:00,12.170000076293945,12.220000267028809,11.989999771118164,12.09000015258789,25668,0.0,0.0
2022-12-13 12:30:00-05:00,12.09000015258789,12.220000267028809,11.970000267028809,12.220000267028809,39863,0.0,0.0
2022-12-13 13:30:00-05:00,12.220000267028809,12.265000343322754,12.119999885559082,12.244999885559082,57793,0.0,0.0
2022-12-13 14:30:00-05:00,12.25,12.4399995803833,12.239999771118164,12.4399995803833,121691,0.0,0.0
2022-12-13 15:30:00-05:00,12.4399995803833,12.510000228881836,12.319999694824219,12.40999984741211,164838,0.0,0.0
2022-12-14 09:30:00-05:00,12.09000015258789,12.34000015258789,12.0600004196167,12.279999732971191,25058,0.0,0.0
2022-12-14 10:30:00-05:00,12.270000457763672,12.369999885559082,12.24209976196289,12.359999656677246,15982,0.0,0.0
2022-12-14 11:30:00-05:00,12.395000457763672,12.430000305175781,12.371000289916992,12.40999984741211,13984,0.0,0.0
2022-12-14 12:30:00-05:00,12.399999618530273,12.470000267028809,12.364999771118164,12.470000267028809,18919,0.0,0.0
2022-12-14 13:30:00-05:00,12.470000267028809,12.489999771118164,12.140000343322754,12.270000457763672,37379,0.0,0.0
2022-12-14 14:30:00-05:00,12.260000228881836,12.350000381469727,12.135000228881836,12.170999526977539,45910,0.0,0.0
2022-12-14 15:30:00-05:00,12.15999984741211,12.345000267028809,12.15999984741211,12.3100004196167,87254,0.0,0.0
2022-12-15 09:30:00-05:00,11.899999618530273,12.170000076293945,11.829999923706055,12.15999984741211,35733,0.0,0.0
2022-12-15 10:30:00-05:00,12.180000305175781,12.260000228881836,12.079999923706055,12.109999656677246,21514,0.0,0.0
2022-12-15 11:30:00-05:00,12.100000381469727,12.180000305175781,12.100000381469727,12.149999618530273,11862,0.0,0.0
2022-12-15 12:30:00-05:00,12.180000305175781,12.180000305175781,12.0,12.010000228881836,13728,0.0,0.0
2022-12-15 13:30:00-05:00,12.020000457763672,12.0649995803833,12.0,12.010000228881836,14540,0.0,0.0
2022-12-15 14:30:00-05:00,12.020000457763672,12.130000114440918,12.020000457763672,12.130000114440918,21951,0.0,0.0
2022-12-15 15:30:00-05:00,12.130000114440918,12.140000343322754,12.050000190734863,12.130000114440918,49789,0.0,0.0
2022-12-16 09:30:00-05:00,11.869999885559082,12.079999923706055,11.805000305175781,11.829999923706055,86345,0.0,0.0
2022-12-16 10:30:00-05:00,11.854999542236328,12.039999961853027,11.850000381469727,12.029999732971191,31309,0.0,0.0
2022-12-16 11:30:00-05:00,12.029999732971191,12.055000305175781,11.90999984741211,11.949999809265137,15399,0.0,0.0
2022-12-16 12:30:00-05:00,11.949999809265137,12.050000190734863,11.920000076293945,12.020000457763672,23561,0.0,0.0
2022-12-16 13:30:00-05:00,12.020000457763672,12.079999923706055,11.990099906921387,11.990099906921387,32428,0.0,0.0
2022-12-16 14:30:00-05:00,12.0,12.09000015258789,11.9399995803833,11.960000038146973,37878,0.0,0.0
2022-12-16 15:30:00-05:00,11.949999809265137,12.050000190734863,11.859999656677246,11.859999656677246,172108,0.0,0.0
2022-12-19 09:30:00-05:00,11.770000457763672,12.0,11.770000457763672,11.960000038146973,34786,0.0,0.0
2022-12-19 10:30:00-05:00,11.975000381469727,11.989999771118164,11.680000305175781,11.699999809265137,30359,0.0,0.0
2022-12-19 11:30:00-05:00,11.6899995803833,11.6899995803833,11.600000381469727,11.65999984741211,14690,0.0,0.0
2022-12-19 12:30:00-05:00,11.65999984741211,11.8100004196167,11.654999732971191,11.720000267028809,27368,0.0,0.0
2022-12-19 13:30:00-05:00,11.710000038146973,11.710000038146973,11.59000015258789,11.600000381469727,27402,0.0,0.0
2022-12-19 14:30:00-05:00,11.600000381469727,11.600000381469727,11.460000038146973,11.539999961853027,27737,0.0,0.0
2022-12-19 15:30:00-05:00,11.539999961853027,11.569999694824219,11.5,11.520000457763672,67268,0.0,0.0
2022-12-20 09:30:00-05:00,11.380000114440918,11.529999732971191,11.289999961853027,11.510000228881836,38832,0.0,0.0
2022-12-20 10:30:00-05:00,11.520000457763672,11.699999809265137,11.505000114440918,11.5600004196167,30924,0.0,0.0
2022-12-20 11:30:00-05:00,11.619999885559082,11.619999885559082,11.479999542236328,11.479999542236328,19155,0.0,0.0
2022-12-20 12:30:00-05:00,11.460000038146973,11.510000228881836,11.420000076293945,11.470000267028809,28115,0.0,0.0
2022-12-20 13:30:00-05:00,11.489999771118164,11.510000228881836,11.460000038146973,11.460000038146973,21579,0.0,0.0
2022-12-20 14:30:00-05:00,11.449999809265137,11.449999809265137,11.369999885559082,11.4399995803833,23792,0.0,0.0
2022-12-20 15:30:00-05:00,11.449999809265137,11.449999809265137,11.350000381469727,11.350000381469727,68801,0.0,0.0
2022-12-21 09:30:00-05:00,11.529999732971191,11.619999885559082,11.430000305175781,11.430000305175781,28101,0.0,0.0
2022-12-21 10:30:00-05:00,11.420000076293945,11.449999809265137,11.289999961853027,11.375,114333,0.0,0.0
2022-12-21 11:30:00-05:00,11.369999885559082,11.369999885559082,11.239999771118164,11.25,31487,0.0,0.0
2022-12-21 12:30:00-05:00,11.239999771118164,11.359999656677246,11.239999771118164,11.3100004196167,16878,0.0,0.0
2022-12-21 13:30:00-05:00,11.329999923706055,11.380000114440918,11.310099601745605,11.350000381469727,27666,0.0,0.0
2022-12-21 14:30:00-05:00,11.359999656677246,11.369999885559082,11.289999961853027,11.289999961853027,21465,0.0,0.0
2022-12-21 15:30:00-05:00,11.300000190734863,11.369999885559082,11.289999961853027,11.359999656677246,58968,0.0,0.0
2022-12-22 09:30:00-05:00,11.1899995803833,11.1899995803833,10.859999656677246,11.07859992980957,44142,0.0,0.0
2022-12-22 10:30:00-05:00,11.069999694824219,11.244999885559082,11.029999732971191,11.244999885559082,80585,0.0,0.0
2022-12-22 11:30:00-05:00,11.244999885559082,11.244999885559082,11.050000190734863,11.109999656677246,69966,0.0,0.0
2022-12-22 12:30:00-05:00,11.109999656677246,11.119999885559082,11.0600004196167,11.109999656677246,16821,0.0,0.0
2022-12-22 13:30:00-05:00,11.109999656677246,11.199999809265137,11.100000381469727,11.170000076293945,17043,0.0,0.0
2022-12-22 14:30:00-05:00,11.170000076293945,11.220000267028809,11.109999656677246,11.210000038146973,39421,0.0,0.0
2022-12-22 15:30:00-05:00,11.21500015258789,11.239999771118164,11.140000343322754,11.229999542236328,62446,0.0,0.0
2022-12-23 09:30:00-05:00,11.239999771118164,11.369999885559082,11.239999771118164,11.319999694824219,11738,0.0,0.0
2022-12-23 10:30:00-05:00,11.34000015258789,11.350000381469727,11.268099784851074,11.279999732971191,20856,0.0,0.0
2022-12-23 11:30:00-05:00,11.289999961853027,11.399999618530273,11.289999961853027,11.399999618530273,8555,0.0,0.0
2022-12-23 12:30:00-05:00,11.399999618530273,11.420000076293945,11.359999656677246,11.420000076293945,12963,0.0,0.0
2022-12-23 13:30:00-05:00,11.430000305175781,11.449999809265137,11.390000343322754,11.399999618530273,15326,0.0,0.0
2022-12-23 14:30:00-05:00,11.404999732971191,11.449999809265137,11.380000114440918,11.395000457763672,17434,0.0,0.0
2022-12-23 15:30:00-05:00,11.399999618530273,11.399999618530273,11.329999923706055,11.369999885559082,26962,0.0,0.0
2022-12-27 09:30:00-05:00,11.380000114440918,11.380000114440918,11.1899995803833,11.309599876403809,13027,0.0,0.0
2022-12-27 10:30:00-05:00,11.3149995803833,11.40999984741211,11.3149995803833,11.364999771118164,10310,0.0,0.0
2022-12-27 11:30:00-05:00,11.359999656677246,11.369999885559082,11.319999694824219,11.324999809265137,11666,0.0,0.0
2022-12-27 12:30:00-05:00,11.321000099182129,11.359999656677246,11.270000457763672,11.350000381469727,14523,0.0,0.0
2022-12-27 13:30:00-05:00,11.350000381469727,11.359999656677246,11.289999961853027,11.295000076293945,10860,0.0,0.0
2022-12-27 14:30:00-05:00,11.295000076293945,11.375,11.25,11.369999885559082,10944,0.0,0.0
2022-12-27 15:30:00-05:00,11.375,11.399999618530273,11.319999694824219,11.329999923706055,31786,0.0,0.0
2022-12-28 09:30:00-05:00,11.359999656677246,11.649900436401367,11.359999656677246,11.569999694824219,12977,0.0,0.0
2022-12-28 10:30:00-05:00,11.550000190734863,11.550000190734863,11.329999923706055,11.329999923706055,18450,0.0,0.0
2022-12-28 11:30:00-05:00,11.335000038146973,11.380000114440918,11.260000228881836,11.260000228881836,29435,0.0,0.0
2022-12-28 12:30:00-05:00,11.279999732971191,11.359999656677246,11.265000343322754,11.28499984741211,14430,0.0,0.0
2022-12-28 13:30:00-05:00,11.274999618530273,11.28499984741211,11.239999771118164,11.244999885559082,14294,0.0,0.0
2022-12-28 14:30:00-05:00,11.239999771118164,11.28499984741211,11.210000038146973,11.229999542236328,52787,0.0,0.0
2022-12-28 15:30:00-05:00,11.229999542236328,11.319999694824219,11.229999542236328,11.3100004196167,67930,0.0,0.0
2022-12-29 09:30:00-05:00,11.4399995803833,11.6899995803833,11.4399995803833,11.664999961853027,13223,0.0,0.0
2022-12-29 10:30:00-05:00,11.65999984741211,11.65999984741211,11.569999694824219,11.630000114440918,15736,0.0,0.0
2022-12-29 11:30:00-05:00,11.630000114440918,11.720000267028809,11.619999885559082,11.694999694824219,19112,0.0,0.0
2022-12-29 12:30:00-05:00,11.6899995803833,11.729999542236328,11.680000305175781,11.710000038146973,18064,0.0,0.0
2022-12-29 13:30:00-05:00,11.710000038146973,11.770000457763672,11.670000076293945,11.770000457763672,13829,0.0,0.0
2022-12-29 14:30:00-05:00,11.789999961853027,11.8100004196167,11.729999542236328,11.744999885559082,21491,0.0,0.0
2022-12-29 15:30:00-05:00,11.739999771118164,11.829999923706055,11.739999771118164,11.789999961853027,35938,0.0,0.0
2022-12-30 09:30:00-05:00,11.59000015258789,11.90999984741211,11.59000015258789,11.850000381469727,15105,0.0,0.0
2022-12-30 10:30:00-05:00,11.836700439453125,11.920000076293945,11.789999961853027,11.859999656677246,31361,0.0,0.0
2022-12-30 11:30:00-05:00,11.84000015258789,11.979999542236328,11.800000190734863,11.899999618530273,34698,0.0,0.0
2022-12-30 12:30:00-05:00,11.899999618530273,11.954999923706055,11.824999809265137,11.869000434875488,18333,0.0,0.0
2022-12-30 13:30:00-05:00,11.859999656677246,11.930000305175781,11.859999656677246,11.890000343322754,34805,0.0,0.0
2022-12-30 14:30:00-05:00,11.890000343322754,11.970000267028809,11.835000038146973,11.970000267028809,50013,0.0,0.0
2022-12-30 15:30:00-05:00,11.970000267028809,12.0600004196167,11.949999809265137,11.949999809265137,84830,0.0,0.0
2023-01-03 09:30:00-05:00,12.15999984741211,12.359999656677246,11.880000114440918,12.050000190734863,41779,0.0,0.0
2023-01-03 10:30:00-05:00,12.09000015258789,12.130000114440918,11.979999542236328,11.979999542236328,72419,0.0,0.0
2023-01-03 11:30:00-05:00,11.979999542236328,11.989999771118164,11.875,11.890000343322754,16894,0.0,0.0
2023-01-03 12:30:00-05:00,11.899999618530273,11.960000038146973,11.819999694824219,11.960000038146973,20140,0.0,0.0
2023-01-03 13:30:00-05:00,11.960000038146973,11.970000267028809,11.890000343322754,11.899999618530273,22656,0.0,0.0
2023-01-03 14:30:00-05:00,11.895000457763672,11.920000076293945,11.800000190734863,11.920000076293945,46166,0.0,0.0
2023-01-03 15:30:00-05:00,11.930000305175781,11.930000305175781,11.84000015258789,11.84000015258789,76671,0.0,0.0
2023-01-04 09:30:00-05:00,12.0600004196167,12.239999771118164,11.930000305175781,12.234999656677246,35903,0.0,0.0
2023-01-04 10:30:00-05:00,12.25,12.4399995803833,12.244999885559082,12.4399995803833,33517,0.0,0.0
2023-01-04 11:30:00-05:00,12.449999809265137,12.510000228881836,12.380000114440918,12.399999618530273,23550,0.0,0.0
2023-01-04 12:30:00-05:00,12.399999618530273,12.539999961853027,12.375,12.5,33269,0.0,0.0
2023-01-04 13:30:00-05:00,12.5,12.529999732971191,12.390000343322754,12.40999984741211,27581,0.0,0.0
2023-01-04 14:30:00-05:00,12.430000305175781,12.539999961853027,12.40999984741211,12.510000228881836,40304,0.0,0.0
2023-01-04 15:30:00-05:00,12.510000228881836,12.710000038146973,12.470000267028809,12.699999809265137,93804,0.0,0.0
2023-01-05 09:30:00-05:00,12.579999923706055,12.640000343322754,12.329999923706055,12.600000381469727,29644,0.0,0.0
2023-01-05 10:30:00-05:00,12.600000381469727,12.640000343322754,12.489999771118164,12.489999771118164,26788,0.0,0.0
2023-01-05 11:30:00-05:00,12.475000381469727,12.600000381469727,12.460000038146973,12.569999694824219,23778,0.0,0.0
2023-01-05 12:30:00-05:00,12.569999694824219,12.694999694824219,12.520000457763672,12.694999694824219,16528,0.0,0.0
2023-01-05 13:30:00-05:00,12.6899995803833,12.71500015258789,12.649999618530273,12.649999618530273,11141,0.0,0.0
2023-01-05 14:30:00-05:00,12.640000343322754,12.75,12.619999885559082,12.640000343322754,34641,0.0,0.0
2023-01-05 15:30:00-05:00,12.630000114440918,12.770000457763672,12.600000381469727,12.75,42609,0.0,0.0
2023-01-06 09:30:00-05:00,12.850000381469727,12.909899711608887,12.670000076293945,12.76099967956543,28281,0.0,0.0
2023-01-06 10:30:00-05:00,12.800000190734863,12.944999694824219,12.760000228881836,12.930000305175781,26056,0.0,0.0
2023-01-06 11:30:00-05:00,12.9399995803833,13.0,12.90999984741211,12.90999984741211,11206,0.0,0.0
2023-01-06 12:30:00-05:00,12.920000076293945,12.920000076293945,12.779999732971191,12.8100004196167,18935,0.0,0.0
2023-01-06 13:30:00-05:00,12.789999961853027,12.90999984741211,12.779999732971191,12.8100004196167,29899,0.0,0.0
2023-01-06 14:30:00-05:00,12.819999694824219,12.90999984741211,12.8100004196167,12.899999618530273,18357,0.0,0.0
2023-01-06 15:30:00-05:00,12.90999984741211,13.109999656677246,12.90999984741211,13.050000190734863,69904,0.0,0.0
2023-01-09 09:30:00-05:00,13.119999885559082,13.217599868774414,13.0,13.164999961853027,19185,0.0,0.0
2023-01-09 10:30:00-05:00,13.149999618530273,13.229999542236328,13.09000015258789,13.149999618530273,23292,0.0,0.0
2023-01-09 11:30:00-05:00,13.15999984741211,13.279999732971191,13.149999618530273,13.270000457763672,24392,0.0,0.0
2023-01-09 12:30:00-05:00,13.279999732971191,13.380000114440918,13.234999656677246,13.380000114440918,24065,0.0,0.0
2023-01-09 13:30:00-05:00,13.369999885559082,13.420000076293945,13.279999732971191,13.34000015258789,59644,0.0,0.0
2023-01-09 14:30:00-05:00,13.335000038146973,13.359999656677246,13.1899995803833,13.1899995803833,41260,0.0,0.0
2023-01-09 15:30:00-05:00,13.180000305175781,13.289999961853027,13.180000305175781,13.279999732971191,74018,0.0,0.0
2023-01-10 09:30:00-05:00,13.130000114440918,13.40999984741211,13.100000381469727,13.300000190734863,34203,0.0,0.0
2023-01-10 10:30:00-05:00,13.279999732971191,13.279999732971191,13.010000228881836,13.199999809265137,19904,0.0,0.0
2023-01-10 11:30:00-05:00,13.1899995803833,13.220000267028809,13.0600004196167,13.079999923706055,16626,0.0,0.0
2023-01-10 12:30:00-05:00,13.079999923706055,13.220000267028809,13.071000099182129,13.220000267028809,19482,0.0,0.0
2023-01-10 13:30:00-05:00,13.210000038146973,13.390000343322754,13.210000038146973,13.359999656677246,22881,0.0,0.0
2023-01-10 14:30:00-05:00,13.359999656677246,13.399999618530273,13.300000190734863,13.300000190734863,25331,0.0,0.0
2023-01-10 15:30:00-05:00,13.300000190734863,13.479999542236328,13.300000190734863,13.460000038146973,49843,0.0,0.0
2023-01-11 09:30:00-05:00,13.520000457763672,13.729999542236328,13.520000457763672,13.720000267028809,23606,0.0,0.0
2023-01-11 10:30:00-05:00,13.670000076293945,13.71500015258789,13.59000015258789,13.680000305175781,16761,0.0,0.0
2023-01-11 11:30:00-05:00,13.6850004196167,13.89799976348877,13.670000076293945,13.890000343322754,22965,0.0,0.0
2023-01-11 12:30:00-05:00,13.885000228881836,13.890000343322754,13.739999771118164,13.765000343322754,13497,0.0,0.0
2023-01-11 13:30:00-05:00,13.755000114440918,13.949999809265137,13.75,13.930000305175781,21295,0.0,0.0
2023-01-11 14:30:00-05:00,13.9399995803833,14.130000114440918,13.9399995803833,14.125,44050,0.0,0.0
2023-01-11 15:30:00-05:00,14.119999885559082,14.170000076293945,14.055000305175781,14.15999984741211,55851,0.0,0.0
2023-01-12 09:30:00-05:00,14.3100004196167,14.489999771118164,14.25,14.270000457763672,35055,0.0,0.0
2023-01-12 10:30:00-05:00,14.28499984741211,14.399999618530273,14.229999542236328,14.369999885559082,33696,0.0,0.0
2023-01-12 11:30:00-05:00,14.369999885559082,14.390000343322754,14.3100004196167,14.324999809265137,25608,0.0,0.0
2023-01-12 12:30:00-05:00,14.3100004196167,14.460000038146973,14.295000076293945,14.430000305175781,38294,0.0,0.0
2023-01-12 13:30:00-05:00,14.420000076293945,14.59000015258789,14.390999794006348,14.489999771118164,26138,0.0,0.0
2023-01-12 14:30:00-05:00,14.479999542236328,14.479999542236328,14.199999809265137,14.239999771118164,34212,0.0,0.0
2023-01-12 15:30:00-05:00,14.25,14.399999618530273,14.239999771118164,14.3100004196167,73724,0.0,0.0
2023-01-13 09:30:00-05:00,14.069999694824219,14.359999656677246,14.069999694824219,14.260000228881836,20477,0.0,0.0
2023-01-13 10:30:00-05:00,14.274999618530273,14.4399995803833,14.15999984741211,14.354999542236328,25894,0.0,0.0
2023-01-13 11:30:00-05:00,14.319999694824219,14.350000381469727,14.289999961853027,14.34000015258789,15447,0.0,0.0
2023-01-13 12:30:00-05:00,14.34000015258789,14.34000015258789,14.1899995803833,14.210000038146973,21244,0.0,0.0
2023-01-13 13:30:00-05:00,14.220000267028809,14.260000228881836,14.1899995803833,14.1899995803833,13838,0.0,0.0
2023-01-13 14:30:00-05:00,14.1899995803833,14.3100004196167,14.149999618530273,14.3100004196167,19583,0.0,0.0
2023-01-13 15:30:00-05:00,14.319999694824219,14.359999656677246,14.265000343322754,14.359999656677246,34992,0.0,0.0
2023-01-17 09:30:00-05:00,14.430000305175781,14.430000305175781,14.0,14.020000457763672,30733,0.0,0.0
2023-01-17 10:30:00-05:00,14.010000228881836,14.039999961853027,13.920000076293945,14.039999961853027,19517,0.0,0.0
2023-01-17 11:30:00-05:00,14.050000190734863,14.069999694824219,13.979999542236328,14.010000228881836,13710,0.0,0.0
2023-01-17 12:30:00-05:00,14.0,14.024999618530273,13.899999618530273,13.920000076293945,15865,0.0,0.0
2023-01-17 13:30:00-05:00,13.920000076293945,14.029999732971191,13.920000076293945,13.989999771118164,18957,0.0,0.0
2023-01-17 14:30:00-05:00,14.0,14.010000228881836,13.869999885559082,13.944999694824219,22571,0.0,0.0
2023-01-17 15:30:00-05:00,13.949999809265137,13.975000381469727,13.859999656677246,13.880000114440918,48203,0.0,0.0
2023-01-18 09:30:00-05:00,14.010000228881836,14.380000114440918,14.010000228881836,14.3100004196167,12188,0.0,0.0
2023-01-18 10:30:00-05:00,14.3100004196167,14.3100004196167,14.130000114440918,14.140000343322754,18313,0.0,0.0
2023-01-18 11:30:00-05:00,14.125,14.125,13.949999809265137,14.0600004196167,20342,0.0,0.0
2023-01-18 12:30:00-05:00,14.050000190734863,14.050000190734863,13.930000305175781,13.9399995803833,12226,0.0,0.0
2023-01-18 13:30:00-05:00,13.930000305175781,13.979999542236328,13.850000381469727,13.869999885559082,14532,0.0,0.0
2023-01-18 14:30:00-05:00,13.869999885559082,13.970000267028809,13.864999771118164,13.960000038146973,16476,0.0,0.0
2023-01-18 15:30:00-05:00,13.9399995803833,13.949999809265137,13.859999656677246,13.880000114440918,33055,0.0,0.0
2023-01-19 09:30:00-05:00,13.670000076293945,13.84000015258789,13.291000366210938,13.489999771118164,21960,0.0,0.0
2023-01-19 10:30:00-05:00,13.470000267028809,13.5600004196167,13.319999694824219,13.369999885559082,49444,0.0,0.0
2023-01-19 11:30:00-05:00,13.359999656677246,13.449999809265137,13.300000190734863,13.449999809265137,17062,0.0,0.0
2023-01-19 12:30:00-05:00,13.444999694824219,13.550000190734863,13.414999961853027,13.550000190734863,15615,0.0,0.0
2023-01-19 13:30:00-05:00,13.550000190734863,13.720000267028809,13.520000457763672,13.680000305175781,23647,0.0,0.0
2023-01-19 14:30:00-05:00,13.670000076293945,13.687999725341797,13.609999656677246,13.631099700927734,27846,0.0,0.0
2023-01-19 15:30:00-05:00,13.630000114440918,13.739999771118164,13.609999656677246,13.65999984741211,60104,0.0,0.0
2023-01-20 09:30:00-05:00,13.6899995803833,13.904999732971191,13.520000457763672,13.904999732971191,22734,0.0,0.0
2023-01-20 10:30:00-05:00,13.930000305175781,14.079999923706055,13.90999984741211,14.079999923706055,14360,0.0,0.0
2023-01-20 11:30:00-05:00,14.0600004196167,14.069999694824219,13.989999771118164,14.069999694824219,13770,0.0,0.0
2023-01-20 12:30:00-05:00,14.0600004196167,14.069999694824219,13.869999885559082,13.899999618530273,12352,0.0,0.0
2023-01-20 13:30:00-05:00,13.90999984741211,14.029999732971191,13.899999618530273,14.029999732971191,8471,0.0,0.0
2023-01-20 14:30:00-05:00,14.039999961853027,14.09000015258789,14.0,14.020000457763672,15489,0.0,0.0
2023-01-20 15:30:00-05:00,14.010000228881836,14.220000267028809,14.010000228881836,14.1899995803833,50618,0.0,0.0
2023-01-23 09:30:00-05:00,14.220000267028809,14.399999618530273,14.180000305175781,14.300000190734863,9968,0.0,0.0
2023-01-23 10:30:00-05:00,14.3100004196167,14.399999618530273,14.3100004196167,14.329999923706055,17505,0.0,0.0
2023-01-23 11:30:00-05:00,14.319999694824219,14.350000381469727,14.25,14.270000457763672,9990,0.0,0.0
2023-01-23 12:30:00-05:00,14.279999732971191,14.40999984741211,14.229999542236328,14.40999984741211,36465,0.0,0.0
2023-01-23 13:30:00-05:00,14.40999984741211,14.4399995803833,14.289999961853027,14.300000190734863,13704,0.0,0.0
2023-01-23 14:30:00-05:00,14.289999961853027,14.300000190734863,14.1899995803833,14.270000457763672,16534,0.0,0.0
2023-01-23 15:30:00-05:00,14.289999961853027,14.449999809265137,14.28499984741211,14.430000305175781,45981,0.0,0.0
2023-01-24 09:30:00-05:00,14.3100004196167,14.399999618530273,14.239999771118164,14.390000343322754,11923,0.0,0.0
2023-01-24 10:30:00-05:00,14.390000343322754,14.395000457763672,14.180000305175781,14.1899995803833,17515,0.0,0.0
2023-01-24 11:30:00-05:00,14.199999809265137,14.210000038146973,14.100000381469727,14.109999656677246,18437,0.0,0.0
2023-01-24 12:30:00-05:00,14.095000267028809,14.170000076293945,14.039999961853027,14.09000015258789,29233,0.0,0.0
2023-01-24 13:30:00-05:00,14.095000267028809,14.154999732971191,14.09000015258789,14.109999656677246,14070,0.0,0.0
2023-01-24 14:30:00-05:00,14.109999656677246,14.130000114440918,13.960000038146973,13.979999542236328,19298,0.0,0.0
2023-01-24 15:30:00-05:00,13.949999809265137,13.989999771118164,13.920000076293945,13.9399995803833,30262,0.0,0.0
2023-01-25 09:30:00-05:00,13.710000038146973,13.779999732971191,13.65999984741211,13.71500015258789,14047,0.0,0.0
2023-01-25 10:30:00-05:00,13.729999542236328,13.890000343322754,13.710000038146973,13.84000015258789,10398,0.0,0.0
2023-01-25 11:30:00-05:00,13.856200218200684,13.859999656677246,13.770000457763672,13.770000457763672,7619,0.0,0.0
2023-01-25 12:30:00-05:00,13.779999732971191,13.795000076293945,13.710000038146973,13.755000114440918,15672,0.0,0.0
2023-01-25 13:30:00-05:00,13.75,13.850000381469727,13.725000381469727,13.779999732971191,11939,0.0,0.0
2023-01-25 14:30:00-05:00,13.760000228881836,13.989999771118164,13.729999542236328,13.949999809265137,38429,0.0,0.0
2023-01-25 15:30:00-05:00,13.949999809265137,13.949999809265137,13.824999809265137,13.920000076293945,42944,0.0,0.0
2023-01-26 09:30:00-05:00,14.119999885559082,14.145000457763672,13.920000076293945,13.947500228881836,12041,0.0,0.0
2023-01-26 10:30:00-05:00,13.949999809265137,13.959099769592285,13.875,13.880000114440918,10698,0.0,0.0
2023-01-26 11:30:00-05:00,13.890000343322754,13.975000381469727,13.84000015258789,13.84000015258789,10900,0.0,0.0
2023-01-26 12:30:00-05:00,13.841899871826172,13.869999885559082,13.8100004196167,13.84000015258789,7475,0.0,0.0
2023-01-26 13:30:00-05:00,13.859999656677246,13.920000076293945,13.859999656677246,13.90999984741211,6818,0.0,0.0
2023-01-26 14:30:00-05:00,13.890000343322754,13.890000343322754,13.819999694824219,13.880000114440918,9067,0.0,0.0
2023-01-26 15:30:00-05:00,13.880000114440918,13.970000267028809,13.854999542236328,13.949999809265137,21875,0.0,0.0
2023-01-27 09:30:00-05:00,13.920000076293945,14.25,13.920000076293945,14.244999885559082,14101,0.0,0.0
2023-01-27 10:30:00-05:00,14.274999618530273,14.289999961853027,13.975000381469727,14.0,16616,0.0,0.0
2023-01-27 11:30:00-05:00,14.0,14.063400268554688,13.980999946594238,14.063400268554688,5048,0.0,0.0
2023-01-27 12:30:00-05:00,14.089900016784668,14.350000381469727,14.069999694824219,14.244999885559082,22868,0.0,0.0
2023-01-27 13:30:00-05:00,14.237500190734863,14.420000076293945,14.220000267028809,14.390000343322754,11984,0.0,0.0
2023-01-27 14:30:00-05:00,14.390000343322754,14.430000305175781,14.329999923706055,14.420000076293945,17447,0.0,0.0
2023-01-27 15:30:00-05:00,14.420000076293945,14.4399995803833,14.229999542236328,14.319999694824219,37592,0.0,0.0
2023-01-30 09:30:00-05:00,14.1899995803833,14.359999656677246,14.095000267028809,14.270000457763672,25007,0.0,0.0
2023-01-30 10:30:00-05:00,14.34000015258789,14.399999618530273,14.229999542236328,14.34000015258789,11412,0.0,0.0
2023-01-30 11:30:00-05:00,14.359999656677246,14.369999885559082,14.289999961853027,14.34000015258789,17815,0.0,0.0
2023-01-30 12:30:00-05:00,14.34179973602295,14.375,14.28499984741211,14.35990047454834,17666,0.0,0.0
2023-01-30 13:30:00-05:00,14.34000015258789,14.345000267028809,14.229999542236328,14.229999542236328,5899,0.0,0.0
2023-01-30 14:30:00-05:00,14.229999542236328,14.25,14.170000076293945,14.1899995803833,12789,0.0,0.0
2023-01-30 15:30:00-05:00,14.1899995803833,14.260000228881836,14.1899995803833,14.210000038146973,24247,0.0,0.0
2023-01-31 09:30:00-05:00,14.260000228881836,14.5,14.260000228881836,14.479999542236328,12461,0.0,0.0
2023-01-31 10:30:00-05:00,14.561599731445312,14.710000038146973,14.550000190734863,14.600000381469727,21927,0.0,0.0
2023-01-31 11:30:00-05:00,14.635000228881836,14.649999618530273,14.59000015258789,14.630000114440918,16684,0.0,0.0
2023-01-31 12:30:00-05:00,14.619999885559082,14.640000343322754,14.600000381469727,14.625,8936,0.0,0.0
2023-01-31 13:30:00-05:00,14.614999771118164,14.664999961853027,14.609999656677246,14.649999618530273,9501,0.0,0.0
2023-01-31 14:30:00-05:00,14.649999618530273,14.649999618530273,14.550000190734863,14.550000190734863,10801,0.0,0.0
2023-01-31 15:30:00-05:00,14.539999961853027,14.65999984741211,14.539999961853027,14.630000114440918,29751,0.0,0.0
2023-02-01 09:30:00-05:00,14.550000190734863,14.635000228881836,14.470000267028809,14.550000190734863,21902,0.0,0.0
2023-02-01 10:30:00-05:00,14.5600004196167,14.574999809265137,14.390000343322754,14.550000190734863,15550,0.0,0.0
2023-02-01 11:30:00-05:00,14.59000015258789,14.59000015258789,14.420000076293945,14.470000267028809,9834,0.0,0.0
2023-02-01 12:30:00-05:00,14.489999771118164,14.574999809265137,14.489999771118164,14.574999809265137,12972,0.0,0.0
2023-02-01 13:30:00-05:00,14.59000015258789,14.640000343322754,14.520000457763672,14.600000381469727,14058,0.0,0.0
2023-02-01 14:30:00-05:00,14.579999923706055,15.109999656677246,14.520000457763672,14.970000267028809,58474,0.0,0.0
2023-02-01 15:30:00-05:00,14.975000381469727,15.100000381469727,14.8100004196167,14.880000114440918,52704,0.0,0.0
2023-02-02 09:30:00-05:00,15.149999618530273,15.539999961853027,15.050000190734863,15.539999961853027,31159,0.0,0.0
2023-02-02 10:30:00-05:00,15.520000457763672,15.850000381469727,15.520000457763672,15.704999923706055,19755,0.0,0.0
2023-02-02 11:30:00-05:00,15.6899995803833,15.729999542236328,15.625,15.640000343322754,10354,0.0,0.0
2023-02-02 12:30:00-05:00,15.670000076293945,15.75,15.649999618530273,15.739999771118164,10432,0.0,0.0
2023-02-02 13:30:00-05:00,15.720000267028809,15.90999984741211,15.6899995803833,15.6899995803833,18014,0.0,0.0
2023-02-02 14:30:00-05:00,15.699999809265137,15.739999771118164,15.5600004196167,15.739999771118164,34550,0.0,0.0
2023-02-02 15:30:00-05:00,15.755000114440918,15.795000076293945,15.654999732971191,15.699999809265137,38658,0.0,0.0
2023-02-03 09:30:00-05:00,15.5,15.729999542236328,15.460000038146973,15.649999618530273,19344,0.0,0.0
2023-02-03 10:30:00-05:00,15.65999984741211,15.720000267028809,15.600000381469727,15.6899995803833,20089,0.0,0.0
2023-02-03 11:30:00-05:00,15.710000038146973,15.739999771118164,15.579999923706055,15.645000457763672,14256,0.0,0.0
2023-02-03 12:30:00-05:00,15.619999885559082,15.649999618530273,15.579999923706055,15.579999923706055,17308,0.0,0.0
2023-02-03 13:30:00-05:00,15.53499984741211,15.59000015258789,15.5,15.510000228881836,16288,0.0,0.0
2023-02-03 14:30:00-05:00,15.510000228881836,15.59000015258789,15.479999542236328,15.550000190734863,21987,0.0,0.0
2023-02-03 15:30:00-05:00,15.539999961853027,15.569999694824219,15.369999885559082,15.489999771118164,55257,0.0,0.0
2023-02-06 09:30:00-05:00,15.34000015258789,15.625,15.100000381469727,15.100000381469727,46795,0.0,0.0
2023-02-06 10:30:00-05:00,15.100000381469727,15.216699600219727,15.050000190734863,15.149999618530273,16737,0.0,0.0
2023-02-06 11:30:00-05:00,15.119999885559082,15.170000076293945,15.100000381469727,15.15999984741211,7200,0.0,0.0
2023-02-06 12:30:00-05:00,15.180000305175781,15.180000305175781,14.970000267028809,14.979999542236328,16641,0.0,0.0
2023-02-06 13:30:00-05:00,14.960000038146973,15.170000076293945,14.960000038146973,15.079999923706055,12110,0.0,0.0
2023-02-06 14:30:00-05:00,15.054100036621094,15.079999923706055,15.010000228881836,15.039999961853027,13750,0.0,0.0
2023-02-06 15:30:00-05:00,15.050000190734863,15.100000381469727,14.970000267028809,14.989999771118164,55788,0.0,0.0
2023-02-07 09:30:00-05:00,14.859999656677246,14.880000114440918,14.645000457763672,14.75,19899,0.0,0.0
2023-02-07 10:30:00-05:00,14.770000457763672,15.0,14.770000457763672,14.90999984741211,19221,0.0,0.0
2023-02-07 11:30:00-05:00,14.930000305175781,15.010000228881836,14.930000305175781,14.949999809265137,13130,0.0,0.0
2023-02-07 12:30:00-05:00,14.979999542236328,15.260000228881836,14.949999809265137,14.970000267028809,26722,0.0,0.0
2023-02-07 13:30:00-05:00,14.949999809265137,15.119999885559082,14.850000381469727,15.069999694824219,37475,0.0,0.0
2023-02-07 14:30:00-05:00,15.069999694824219,15.180000305175781,15.069999694824219,15.119999885559082,29493,0.0,0.0
2023-02-07 15:30:00-05:00,15.119999885559082,15.260000228881836,15.100000381469727,15.149999618530273,57677,0.0,0.0
2023-02-08 09:30:00-05:00,15.029999732971191,15.130000114440918,14.949999809265137,15.130000114440918,10711,0.0,0.0
2023-02-08 10:30:00-05:00,15.15999984741211,15.180000305175781,14.930000305175781,14.96500015258789,24457,0.0,0.0
2023-02-08 11:30:00-05:00,14.949999809265137,15.09000015258789,14.930000305175781,15.079999923706055,15269,0.0,0.0
2023-02-08 12:30:00-05:00,15.109999656677246,15.115400314331055,15.024999618530273,15.0600004196167,12669,0.0,0.0
2023-02-08 13:30:00-05:00,15.039999961853027,15.069999694824219,15.0,15.039999961853027,21792,0.0,0.0
2023-02-08 14:30:00-05:00,15.039999961853027,15.100000381469727,14.989999771118164,15.095000267028809,27105,0.0,0.0
2023-02-08 15:30:00-05:00,15.100000381469727,15.15999984741211,15.010000228881836,15.050000190734863,37839,0.0,0.0
2023-02-09 09:30:00-05:00,15.1899995803833,15.350000381469727,15.09000015258789,15.119999885559082,28300,0.0,0.0
2023-02-09 10:30:00-05:00,15.140000343322754,15.1899995803833,15.039999961853027,15.079999923706055,11244,0.0,0.0
2023-02-09 11:30:00-05:00,15.095000267028809,15.149999618530273,15.029999732971191,15.109999656677246,15683,0.0,0.0
2023-02-09 12:30:00-05:00,15.104999542236328,15.119999885559082,15.029999732971191,15.069999694824219,16747,0.0,0.0
2023-02-09 13:30:00-05:00,15.050000190734863,15.100000381469727,15.03499984741211,15.050000190734863,24349,0.0,0.0
2023-02-09 14:30:00-05:00,15.0600004196167,15.079999923706055,14.895000457763672,14.90999984741211,30837,0.0,0.0
2023-02-09 15:30:00-05:00,14.890000343322754,14.949999809265137,14.859999656677246,14.890000343322754,43023,0.0,0.0
2023-02-10 09:30:00-05:00,14.770000457763672,14.850000381469727,14.539999961853027,14.71500015258789,11955,0.0,0.0
2023-02-10 10:30:00-05:00,14.720000267028809,14.739999771118164,14.470000267028809,14.489999771118164,13125,0.0,0.0
2023-02-10 11:30:00-05:00,14.454299926757812,14.550000190734863,14.420000076293945,14.539999961853027,15714,0.0,0.0
2023-02-10 12:30:00-05:00,14.600000381469727,14.6899995803833,14.59000015258789,14.65250015258789,8194,0.0,0.0
2023-02-10 13:30:00-05:00,14.6899995803833,14.6899995803833,14.5600004196167,14.579999923706055,12102,0.0,0.0
2023-02-10 14:30:00-05:00,14.569999694824219,14.649999618530273,14.569999694824219,14.609999656677246,13520,0.0,0.0
2023-02-10 15:30:00-05:00,14.630000114440918,14.6899995803833,14.5600004196167,14.640000343322754,37708,0.0,0.0
2023-02-13 09:30:00-05:00,14.609999656677246,14.699999809265137,14.399999618530273,14.6899995803833,12160,0.0,0.0
2023-02-13 10:30:00-05:00,14.729999542236328,14.760000228881836,14.630000114440918,14.704999923706055,18641,0.0,0.0
2023-02-13 11:30:00-05:00,14.6899995803833,14.800000190734863,14.65999984741211,14.789999961853027,8829,0.0,0.0
2023-02-13 12:30:00-05:00,14.800000190734863,14.800000190734863,14.6899995803833,14.739999771118164,12256,0.0,0.0
2023-02-13 13:30:00-05:00,14.75,14.78499984741211,14.710000038146973,14.720000267028809,14664,0.0,0.0
2023-02-13 14:30:00-05:00,14.699999809265137,14.75,14.680000305175781,14.710000038146973,13800,0.0,0.0
2023-02-13 15:30:00-05:00,14.720000267028809,14.84000015258789,14.630000114440918,14.8100004196167,51538,0.0,0.0
2023-02-14 09:30:00-05:00,14.6899995803833,14.999899864196777,14.649999618530273,14.890000343322754,14368,0.0,0.0
2023-02-14 10:30:00-05:00,14.880000114440918,14.880000114440918,14.739999771118164,14.779999732971191,8522,0.0,0.0
2023-02-14 11:30:00-05:00,14.75,14.8100004196167,14.720000267028809,14.789999961853027,20780,0.0,0.0
2023-02-14 12:30:00-05:00,14.779999732971191,14.930000305175781,14.774999618530273,14.859999656677246,10661,0.0,0.0
2023-02-14 13:30:00-05:00,14.829999923706055,14.904999732971191,14.789999961853027,14.869999885559082,24345,0.0,0.0
2023-02-14 14:30:00-05:00,14.869999885559082,14.914999961853027,14.819999694824219,14.859999656677246,15664,0.0,0.0
2023-02-14 15:30:00-05:00,14.880000114440918,14.989999771118164,14.829999923706055,14.84000015258789,46103,0.0,0.0
2023-02-15 09:30:00-05:00,14.720000267028809,15.020000457763672,14.720000267028809,14.850000381469727,10069,0.0,0.0
2023-02-15 10:30:00-05:00,14.895000457763672,14.949999809265137,14.869999885559082,14.869999885559082,10615,0.0,0.0
2023-02-15 11:30:00-05:00,14.850000381469727,14.9399995803833,14.829999923706055,14.854999542236328,8043,0.0,0.0
2023-02-15 12:30:00-05:00,14.800000190734863,14.845000267028809,14.800000190734863,14.835000038146973,7406,0.0,0.0
2023-02-15 13:30:00-05:00,14.850000381469727,15.119999885559082,14.84000015258789,15.09000015258789,13204,0.0,0.0
2023-02-15 14:30:00-05:00,15.104999542236328,15.104999542236328,14.975000381469727,15.010000228881836,12407,0.0,0.0
2023-02-15 15:30:00-05:00,15.010000228881836,15.100000381469727,15.010000228881836,15.069999694824219,23634,0.0,0.0
2023-02-16 09:30:00-05:00,14.869999885559082,15.050000190734863,14.75,14.880000114440918,16287,0.0,0.0
2023-02-16 10:30:00-05:00,14.850000381469727,15.119999885559082,14.850000381469727,15.029999732971191,19348,0.0,0.0
2023-02-16 11:30:00-05:00,15.055000305175781,15.119999885559082,15.039999961853027,15.0600004196167,13563,0.0,0.0
2023-02-16 12:30:00-05:00,15.0600004196167,15.149999618530273,14.979999542236328,15.020000457763672,14255,0.0,0.0
2023-02-16 13:30:00-05:00,15.010000228881836,15.0600004196167,15.010000228881836,15.010000228881836,14436,0.0,0.0
2023-02-16 14:30:00-05:00,15.0,15.0,14.869999885559082,14.880000114440918,22615,0.0,0.0
2023-02-16 15:30:00-05:00,14.875,14.90999984741211,14.84000015258789,14.880000114440918,30751,0.0,0.0
2023-02-17 09:30:00-05:00,14.899999618530273,15.010000228881836,14.890000343322754,14.998000144958496,33803,0.0,0.0
2023-02-17 10:30:00-05:00,14.979999542236328,15.0600004196167,14.75,14.760000228881836,21699,0.0,0.0
2023-02-17 11:30:00-05:00,14.760000228881836,14.819999694824219,14.729999542236328,14.819999694824219,9985,0.0,0.0
2023-02-17 12:30:00-05:00,14.812199592590332,14.829999923706055,14.65999984741211,14.65999984741211,11907,0.0,0.0
2023-02-17 13:30:00-05:00,14.649999618530273,14.729999542236328,14.5600004196167,14.720000267028809,17224,0.0,0.0
2023-02-17 14:30:00-05:00,14.739999771118164,14.8100004196167,14.729999542236328,14.75,22876,0.0,0.0
2023-02-17 15:30:00-05:00,14.75,14.819999694824219,14.744999885559082,14.75,43718,0.0,0.0
2023-02-21 09:30:00-05:00,14.550000190734863,14.65999984741211,14.164999961853027,14.164999961853027,33026,0.0,0.0
2023-02-21 10:30:00-05:00,14.119999885559082,14.260000228881836,14.050000190734863,14.09000015258789,49207,0.0,0.0
2023-02-21 11:30:00-05:00,14.100000381469727,14.25,14.0,14.0,21120,0.0,0.0
2023-02-21 12:30:00-05:00,14.0,14.0600004196167,13.979999542236328,13.979999542236328,14996,0.0,0.0
2023-02-21 13:30:00-05:00,13.970000267028809,14.029999732971191,13.930000305175781,13.930000305175781,14813,0.0,0.0
2023-02-21 14:30:00-05:00,13.930000305175781,13.960000038146973,13.84000015258789,13.869999885559082,20131,0.0,0.0
2023-02-21 15:30:00-05:00,13.875,13.920000076293945,13.84000015258789,13.850000381469727,42636,0.0,0.0
2023-02-22 09:30:00-05:00,13.8100004196167,14.399999618530273,13.729999542236328,14.390000343322754,34114,0.0,0.0
2023-02-22 10:30:00-05:00,14.369999885559082,14.460000038146973,14.210000038146973,14.229999542236328,20304,0.0,0.0
2023-02-22 11:30:00-05:00,14.180000305175781,14.3100004196167,14.100000381469727,14.300000190734863,12340,0.0,0.0
2023-02-22 12:30:00-05:00,14.300000190734863,14.329999923706055,14.239999771118164,14.314299583435059,14242,0.0,0.0
2023-02-22 13:30:00-05:00,14.300000190734863,14.319999694824219,14.119999885559082,14.15999984741211,16887,0.0,0.0
2023-02-22 14:30:00-05:00,14.15999984741211,14.199999809265137,14.085000038146973,14.199999809265137,23882,0.0,0.0
2023-02-22 15:30:00-05:00,14.199999809265137,14.220000267028809,14.079999923706055,14.149999618530273,41038,0.0,0.0
2023-02-23 09:30:00-05:00,13.970000267028809,14.34000015258789,13.970000267028809,14.210000038146973,35550,0.0,0.0
2023-02-23 10:30:00-05:00,14.15999984741211,14.15999984741211,14.046699523925781,14.069999694824219,14626,0.0,0.0
2023-02-23 11:30:00-05:00,14.050000190734863,14.050000190734863,13.960000038146973,14.0,10875,0.0,0.0
2023-02-23 12:30:00-05:00,14.009900093078613,14.079999923706055,13.979999542236328,14.010000228881836,11166,0.0,0.0
2023-02-23 13:30:00-05:00,14.0,14.085000038146973,13.979999542236328,14.069999694824219,10906,0.0,0.0
2023-02-23 14:30:00-05:00,14.079999923706055,14.149999618530273,14.069999694824219,14.149999618530273,16674,0.0,0.0
2023-02-23 15:30:00-05:00,14.15999984741211,14.180000305175781,14.109999656677246,14.170000076293945,28291,0.0,0.0
2023-02-24 09:30:00-05:00,13.800000190734863,13.944999694824219,13.649999618530273,13.65999984741211,22056,0.0,0.0
2023-02-24 10:30:00-05:00,13.670000076293945,13.789999961853027,13.670000076293945,13.78499984741211,14083,0.0,0.0
2023-02-24 11:30:00-05:00,13.800000190734863,14.210000038146973,13.739999771118164,13.989999771118164,55454,0.0,0.0
2023-02-24 12:30:00-05:00,13.989999771118164,14.149999618530273,13.949999809265137,14.079999923706055,23340,0.0,0.0
2023-02-24 13:30:00-05:00,14.069999694824219,14.149999618530273,14.0600004196167,14.149999618530273,16677,0.0,0.0
2023-02-24 14:30:00-05:00,14.154999732971191,14.225000381469727,14.140000343322754,14.170000076293945,12624,0.0,0.0
2023-02-24 15:30:00-05:00,14.164999961853027,14.199999809265137,14.039999961853027,14.140000343322754,80147,0.0,0.0
2023-02-27 09:30:00-05:00,14.329999923706055,14.5,14.255000114440918,14.369999885559082,24329,0.0,0.0
2023-02-27 10:30:00-05:00,14.380000114440918,14.479999542236328,14.25,14.279999732971191,34732,0.0,0.0
2023-02-27 11:30:00-05:00,14.270000457763672,14.270000457763672,14.140000343322754,14.21500015258789,16865,0.0,0.0
2023-02-27 12:30:00-05:00,14.220000267028809,14.265000343322754,14.204999923706055,14.25,14026,0.0,0.0
2023-02-27 13:30:00-05:00,14.244999885559082,14.270000457763672,14.130000114440918,14.180000305175781,27956,0.0,0.0
2023-02-27 14:30:00-05:00,14.1899995803833,14.329999923706055,14.1899995803833,14.329999923706055,38916,0.0,0.0
2023-02-27 15:30:00-05:00,14.324999809265137,14.34000015258789,14.260000228881836,14.260000228881836,41071,0.0,0.0
2023-02-28 09:30:00-05:00,14.260000228881836,14.600000381469727,14.260000228881836,14.479999542236328,14473,0.0,0.0
2023-02-28 10:30:00-05:00,14.529999732971191,14.640000343322754,14.4399995803833,14.635000228881836,17219,0.0,0.0
2023-02-28 11:30:00-05:00,14.630000114440918,14.649999618530273,14.569999694824219,14.619999885559082,14560,0.0,0.0
2023-02-28 12:30:00-05:00,14.630000114440918,14.670000076293945,14.579999923706055,14.654999732971191,13078,0.0,0.0
2023-02-28 13:30:00-05:00,14.65999984741211,14.6850004196167,14.630000114440918,14.65999984741211,13166,0.0,0.0
2023-02-28 14:30:00-05:00,14.640000343322754,14.680000305175781,14.520000457763672,14.520000457763672,15837,0.0,0.0
2023-02-28 15:30:00-05:00,14.520000457763672,14.529999732971191,14.350000381469727,14.350000381469727,44025,0.0,0.0
2023-03-01 09:30:00-05:00,14.229999542236328,14.53499984741211,14.149999618530273,14.444999694824219,22194,0.0,0.0
2023-03-01 10:30:00-05:00,14.40999984741211,14.529999732971191,14.350000381469727,14.359999656677246,18202,0.0,0.0
2023-03-01 11:30:00-05:00,14.364999771118164,14.399999618530273,14.34000015258789,14.380000114440918,16554,0.0,0.0
2023-03-01 12:30:00-05:00,14.369999885559082,14.470000267028809,14.359999656677246,14.470000267028809,15287,0.0,0.0
2023-03-01 13:30:00-05:00,14.460000038146973,14.529999732971191,14.319999694824219,14.319999694824219,28263,0.0,0.0
2023-03-01 14:30:00-05:00,14.329999923706055,14.350000381469727,14.289999961853027,14.329999923706055,28523,0.0,0.0
2023-03-01 15:30:00-05:00,14.324999809265137,14.5,14.300000190734863,14.40999984741211,66952,0.0,0.0
2023-03-02 09:30:00-05:00,12.239999771118164,13.199999809265137,11.510000228881836,12.5600004196167,198535,0.0,0.0
2023-03-02 10:30:00-05:00,12.510000228881836,12.760000228881836,12.220000267028809,12.664999961853027,105189,0.0,0.0
2023-03-02 11:30:00-05:00,12.680000305175781,12.930000305175781,12.529999732971191,12.8149995803833,93148,0.0,0.0
2023-03-02 12:30:00-05:00,12.8100004196167,12.8100004196167,12.34000015258789,12.359999656677246,111501,0.0,0.0
2023-03-02 13:30:00-05:00,12.357500076293945,12.390000343322754,12.055000305175781,12.239999771118164,168138,0.0,0.0
2023-03-02 14:30:00-05:00,12.239999771118164,12.399999618530273,12.140000343322754,12.1899995803833,156200,0.0,0.0
2023-03-02 15:30:00-05:00,12.210000038146973,12.399999618530273,12.180000305175781,12.380000114440918,227193,0.0,0.0
2023-03-03 09:30:00-05:00,12.359999656677246,12.859999656677246,12.359999656677246,12.420000076293945,100808,0.0,0.0
2023-03-03 10:30:00-05:00,12.430000305175781,12.6899995803833,12.420000076293945,12.600000381469727,58903,0.0,0.0
2023-03-03 11:30:00-05:00,12.609999656677246,12.864999771118164,12.539999961853027,12.829999923706055,40982,0.0,0.0
2023-03-03 12:30:00-05:00,12.829999923706055,12.930000305175781,12.819999694824219,12.859999656677246,29336,0.0,0.0
2023-03-03 13:30:00-05:00,12.864999771118164,12.869999885559082,12.675000190734863,12.675000190734863,146796,0.0,0.0
2023-03-03 14:30:00-05:00,12.675000190734863,12.869999885559082,12.65999984741211,12.739999771118164,156676,0.0,0.0
2023-03-03 15:30:00-05:00,12.729999542236328,12.789999961853027,12.600000381469727,12.789999961853027,264556,0.0,0.0
2023-03-06 09:30:00-05:00,12.789999961853027,12.850000381469727,12.539999961853027,12.630000114440918,43659,0.0,0.0
2023-03-06 10:30:00-05:00,12.649999618530273,12.65999984741211,12.390000343322754,12.449999809265137,47627,0.0,0.0
2023-03-06 11:30:00-05:00,12.40999984741211,12.489999771118164,12.390000343322754,12.414999961853027,28004,0.0,0.0
2023-03-06 12:30:00-05:00,12.414999961853027,12.515000343322754,12.414999961853027,12.489999771118164,45404,0.0,0.0
2023-03-06 13:30:00-05:00,12.494999885559082,12.494999885559082,12.350000381469727,12.40999984741211,31793,0.0,0.0
2023-03-06 14:30:00-05:00,12.40999984741211,12.40999984741211,11.960000038146973,11.970000267028809,141938,0.0,0.0
2023-03-06 15:30:00-05:00,11.970000267028809,12.069999694824219,11.970000267028809,12.0,113180,0.0,0.0
2023-03-07 09:30:00-05:00,11.989999771118164,12.15999984741211,11.770000457763672,11.989999771118164,47866,0.0,0.0
2023-03-07 10:30:00-05:00,12.015000343322754,12.109999656677246,11.899999618530273,11.960000038146973,28459,0.0,0.0
2023-03-07 11:30:00-05:00,11.9399995803833,12.149999618530273,11.9350004196167,12.109999656677246,19462,0.0,0.0
2023-03-07 12:30:00-05:00,12.104999542236328,12.210000038146973,12.095000267028809,12.135000228881836,20461,0.0,0.0
2023-03-07 13:30:00-05:00,12.135000228881836,12.180000305175781,12.09000015258789,12.15999984741211,23142,0.0,0.0
2023-03-07 14:30:00-05:00,12.175000190734863,12.3100004196167,12.170000076293945,12.1899995803833,30181,0.0,0.0
2023-03-07 15:30:00-05:00,12.210000038146973,12.270000457763672,12.194999694824219,12.270000457763672,53302,0.0,0.0
2023-03-08 09:30:00-05:00,12.279999732971191,12.279999732971191,11.989999771118164,12.039999961853027,30096,0.0,0.0
2023-03-08 10:30:00-05:00,12.020000457763672,12.050000190734863,11.949999809265137,11.989999771118164,21412,0.0,0.0
2023-03-08 11:30:00-05:00,11.970000267028809,12.039999961853027,11.9399995803833,11.970399856567383,8555,0.0,0.0
2023-03-08 12:30:00-05:00,11.949999809265137,12.079999923706055,11.869999885559082,12.029999732971191,22971,0.0,0.0
2023-03-08 13:30:00-05:00,12.0,12.09000015258789,11.970000267028809,12.039999961853027,23428,0.0,0.0
2023-03-08 14:30:00-05:00,12.039999961853027,12.0600004196167,11.989999771118164,12.0,35086,0.0,0.0
2023-03-08 15:30:00-05:00,12.0,12.170000076293945,12.0,12.170000076293945,61731,0.0,0.0
2023-03-09 09:30:00-05:00,12.0600004196167,12.149999618530273,11.859999656677246,11.890000343322754,35698,0.0,0.0
2023-03-09 10:30:00-05:00,11.90999984741211,11.920000076293945,11.829999923706055,11.829999923706055,12052,0.0,0.0
2023-03-09 11:30:00-05:00,11.829999923706055,11.850000381469727,11.789999961853027,11.850000381469727,11780,0.0,0.0
2023-03-09 12:30:00-05:00,11.84000015258789,11.869999885559082,11.760000228881836,11.770000457763672,10564,0.0,0.0
2023-03-09 13:30:00-05:00,11.765000343322754,11.789999961853027,11.579999923706055,11.600000381469727,40635,0.0,0.0
2023-03-09 14:30:00-05:00,11.5600004196167,11.664999961853027,11.550000190734863,11.609999656677246,47929,0.0,0.0
2023-03-09 15:30:00-05:00,11.600000381469727,11.600000381469727,11.489999771118164,11.529999732971191,83551,0.0,0.0
2023-03-10 09:30:00-05:00,11.470000267028809,11.470000267028809,10.9399995803833,11.229999542236328,49090,0.0,0.0
2023-03-10 10:30:00-05:00,11.265999794006348,11.430000305175781,11.1899995803833,11.390000343322754,24583,0.0,0.0
2023-03-10 11:30:00-05:00,11.430000305175781,11.430000305175781,11.109999656677246,11.109999656677246,15464,0.0,0.0
2023-03-10 12:30:00-05:00,11.119999885559082,11.1899995803833,11.0,11.015000343322754,19697,0.0,0.0
2023-03-10 13:30:00-05:00,11.010000228881836,11.199999809265137,10.989999771118164,11.100000381469727,23222,0.0,0.0
2023-03-10 14:30:00-05:00,11.085000038146973,11.210000038146973,11.020000457763672,11.029999732971191,33568,0.0,0.0
2023-03-10 15:30:00-05:00,11.029999732971191,11.170000076293945,11.010000228881836,11.170000076293945,48014,0.0,0.0
2023-03-13 09:30:00-04:00,10.850000381469727,10.880000114440918,10.479999542236328,10.479999542236328,29635,0.0,0.0
2023-03-13 10:30:00-04:00,10.479999542236328,10.710000038146973,10.460000038146973,10.609999656677246,46202,0.0,0.0
2023-03-13 11:30:00-04:00,10.600000381469727,10.640000343322754,10.419400215148926,10.479999542236328,32786,0.0,0.0
2023-03-13 12:30:00-04:00,10.461799621582031,10.479999542236328,10.300000190734863,10.369999885559082,31023,0.0,0.0
2023-03-13 13:30:00-04:00,10.350000381469727,10.470000267028809,10.350000381469727,10.390000343322754,23431,0.0,0.0
2023-03-13 14:30:00-04:00,10.399999618530273,10.470000267028809,10.319999694824219,10.350000381469727,29977,0.0,0.0
2023-03-13 15:30:00-04:00,10.359999656677246,10.5,10.359999656677246,10.40999984741211,77967,0.0,0.0
2023-03-14 09:30:00-04:00,10.829999923706055,10.864999771118164,10.59000015258789,10.78499984741211,0,0.0,0.0
2023-03-14 10:30:00-04:00,10.770000457763672,10.819999694824219,10.720000267028809,10.789999961853027,25452,0.0,0.0
2023-03-14 11:30:00-04:00,10.770000457763672,10.800000190734863,10.649999618530273,10.649999618530273,20782,0.0,0.0
2023-03-14 12:30:00-04:00,10.649999618530273,10.6899995803833,10.529800415039062,10.5600004196167,19174,0.0,0.0
2023-03-14 13:30:00-04:00,10.550000190734863,10.609999656677246,10.489999771118164,10.569999694824219,18624,0.0,0.0
2023-03-14 14:30:00-04:00,10.579999923706055,10.59000015258789,10.399999618530273,10.4399995803833,47870,0.0,0.0
2023-03-14 15:30:00-04:00,10.4399995803833,10.529999732971191,10.399999618530273,10.489999771118164,70023,0.0,0.0
2023-03-15 09:30:00-04:00,10.25,10.34000015258789,9.970100402832031,10.1899995803833,43950,0.0,0.0
2023-03-15 10:30:00-04:00,10.170000076293945,10.239999771118164,10.09000015258789,10.135000228881836,36415,0.0,0.0
2023-03-15 11:30:00-04:00,10.119999885559082,10.130000114440918,9.98490047454834,10.039999961853027,37571,0.0,0.0
2023-03-15 12:30:00-04:00,10.013899803161621,10.079999923706055,9.960000038146973,10.069999694824219,30479,0.0,0.0
2023-03-15 13:30:00-04:00,10.0600004196167,10.180000305175781,9.994999885559082,10.170000076293945,29122,0.0,0.0
2023-03-15 14:30:00-04:00,10.15999984741211,10.210000038146973,10.079999923706055,10.189000129699707,40002,0.0,0.0
2023-03-15 15:30:00-04:00,10.1899995803833,10.220000267028809,10.130000114440918,10.210000038146973,45183,0.0,0.0
2023-03-16 09:30:00-04:00,10.0,10.010000228881836,9.779999732971191,9.829999923706055,35245,0.0,0.0
2023-03-16 10:30:00-04:00,9.800000190734863,10.15999984741211,9.800000190734863,10.149999618530273,29098,0.0,0.0
2023-03-16 11:30:00-04:00,10.119999885559082,10.1899995803833,10.050000190734863,10.130000114440918,24996,0.0,0.0
2023-03-16 12:30:00-04:00,10.135000228881836,10.339900016784668,10.09000015258789,10.270000457763672,27544,0.0,0.0
2023-03-16 13:30:00-04:00,10.260000228881836,10.270000457763672,9.989999771118164,10.020000457763672,54692,0.0,0.0
2023-03-16 14:30:00-04:00,10.010000228881836,10.130000114440918,10.010000228881836,10.09000015258789,32537,0.0,0.0
2023-03-16 15:30:00-04:00,10.09000015258789,10.170000076293945,10.039999961853027,10.0600004196167,75972,0.0,0.0
2023-03-17 09:30:00-04:00,9.880000114440918,9.9399995803833,9.59000015258789,9.739999771118164,67980,0.0,0.0
2023-03-17 10:30:00-04:00,9.760000228881836,9.770000457763672,9.640000343322754,9.649999618530273,10842,0.0,0.0
2023-03-17 11:30:00-04:00,9.619999885559082,9.699999809265137,9.609999656677246,9.640000343322754,21711,0.0,0.0
2023-03-17 12:30:00-04:00,9.649999618530273,9.699999809265137,9.579999923706055,9.600000381469727,31901,0.0,0.0
2023-03-17 13:30:00-04:00,9.609999656677246,9.630000114440918,9.420000076293945,9.420000076293945,32431,0.0,0.0
2023-03-17 14:30:00-04:00,9.420000076293945,9.489999771118164,9.420000076293945,9.484999656677246,81176,0.0,0.0
2023-03-17 15:30:00-04:00,9.479999542236328,9.479999542236328,9.390000343322754,9.460000038146973,72686,0.0,0.0
2023-03-20 09:30:00-04:00,9.520000457763672,9.699999809265137,9.5,9.5600004196167,27966,0.0,0.0
2023-03-20 10:30:00-04:00,9.569999694824219,9.670000076293945,9.5,9.670000076293945,33185,0.0,0.0
2023-03-20 11:30:00-04:00,9.670000076293945,9.670000076293945,9.479999542236328,9.569999694824219,43004,0.0,0.0
2023-03-20 12:30:00-04:00,9.5600004196167,9.635000228881836,9.539999961853027,9.555000305175781,21446,0.0,0.0
2023-03-20 13:30:00-04:00,9.555000305175781,9.579999923706055,9.34000015258789,9.390000343322754,54714,0.0,0.0
2023-03-20 14:30:00-04:00,9.380000114440918,9.380000114440918,9.260000228881836,9.3149995803833,53264,0.0,0.0
2023-03-20 15:30:00-04:00,9.3149995803833,9.380000114440918,9.289999961853027,9.380000114440918,101559,0.0,0.0
2023-03-21 09:30:00-04:00,9.649999618530273,9.760000228881836,9.40999984741211,9.4399995803833,60479,0.0,0.0
2023-03-21 10:30:00-04:00,9.520000457763672,9.529999732971191,9.449999809265137,9.489999771118164,24311,0.0,0.0
2023-03-21 11:30:00-04:00,9.520000457763672,9.520000457763672,9.359999656677246,9.399900436401367,33726,0.0,0.0
2023-03-21 12:30:00-04:00,9.399999618530273,9.430000305175781,9.34000015258789,9.420000076293945,25305,0.0,0.0
2023-03-21 13:30:00-04:00,9.430000305175781,9.5,9.354999542236328,9.359999656677246,63938,0.0,0.0
2023-03-21 14:30:00-04:00,9.359999656677246,9.399999618530273,9.220000267028809,9.279999732971191,125081,0.0,0.0
2023-03-21 15:30:00-04:00,9.289999961853027,9.380000114440918,9.260000228881836,9.279999732971191,239021,0.0,0.0
2023-03-22 09:30:00-04:00,9.329999923706055,9.59000015258789,9.220000267028809,9.505000114440918,44845,0.0,0.0
2023-03-22 10:30:00-04:00,9.510000228881836,9.520000457763672,9.34000015258789,9.34000015258789,55155,0.0,0.0
2023-03-22 11:30:00-04:00,9.34000015258789,9.380000114440918,9.25,9.291799545288086,149213,0.0,0.0
2023-03-22 12:30:00-04:00,9.289999961853027,9.329999923706055,9.260000228881836,9.3100004196167,25773,0.0,0.0
2023-03-22 13:30:00-04:00,9.3100004196167,9.350000381469727,9.229999542236328,9.25,46475,0.0,0.0
2023-03-22 14:30:00-04:00,9.25,9.300000190734863,9.100000381469727,9.225000381469727,56603,0.0,0.0
2023-03-22 15:30:00-04:00,9.220000267028809,9.220000267028809,8.989999771118164,9.0,100491,0.0,0.0
2023-03-23 09:30:00-04:00,9.100000381469727,9.204999923706055,8.980999946594238,9.199999809265137,21358,0.0,0.0
2023-03-23 10:30:00-04:00,9.199999809265137,9.3100004196167,9.100000381469727,9.100000381469727,67036,0.0,0.0
2023-03-23 11:30:00-04:00,9.114999771118164,9.170000076293945,9.100000381469727,9.109999656677246,16566,0.0,0.0
2023-03-23 12:30:00-04:00,9.100000381469727,9.114999771118164,9.010000228881836,9.010000228881836,22535,0.0,0.0
2023-03-23 13:30:00-04:00,9.024999618530273,9.069999694824219,9.0,9.020000457763672,56635,0.0,0.0
2023-03-23 14:30:00-04:00,9.010000228881836,9.140000343322754,8.970000267028809,9.0649995803833,121259,0.0,0.0
2023-03-23 15:30:00-04:00,9.0600004196167,9.204999923706055,9.050000190734863,9.149999618530273,67094,0.0,0.0
2023-03-24 09:30:00-04:00,9.020000457763672,9.140000343322754,8.989999771118164,9.079999923706055,37299,0.0,0.0
2023-03-24 10:30:00-04:00,9.069999694824219,9.079999923706055,8.920000076293945,9.020000457763672,74276,0.0,0.0
2023-03-24 11:30:00-04:00,9.037099838256836,9.229999542236328,9.037099838256836,9.069999694824219,52618,0.0,0.0
2023-03-24 12:30:00-04:00,9.079999923706055,9.210000038146973,9.050000190734863,9.15999984741211,31182,0.0,0.0
2023-03-24 13:30:00-04:00,9.15999984741211,9.175000190734863,9.100000381469727,9.119999885559082,27139,0.0,0.0
2023-03-24 14:30:00-04:00,9.130000114440918,9.25,9.079999923706055,9.25,73788,0.0,0.0
2023-03-24 15:30:00-04:00,9.25,9.25,9.140000343322754,9.210000038146973,71195,0.0,0.0
2023-03-27 09:30:00-04:00,9.359999656677246,9.399999618530273,9.270000457763672,9.289999961853027,30877,0.0,0.0
2023-03-27 10:30:00-04:00,9.28499984741211,9.300000190734863,9.239999771118164,9.260000228881836,13441,0.0,0.0
2023-03-27 11:30:00-04:00,9.270000457763672,9.359999656677246,9.194999694824219,9.300000190734863,40596,0.0,0.0
2023-03-27 12:30:00-04:00,9.3100004196167,9.375,9.289999961853027,9.329999923706055,16895,0.0,0.0
2023-03-27 13:30:00-04:00,9.319999694824219,9.380000114440918,9.289999961853027,9.3100004196167,17718,0.0,0.0
2023-03-27 14:30:00-04:00,9.319999694824219,9.359999656677246,9.305000305175781,9.350000381469727,26569,0.0,0.0
2023-03-27 15:30:00-04:00,9.350000381469727,9.369999885559082,9.229999542236328,9.270000457763672,69860,0.0,0.0
2023-03-28 09:30:00-04:00,9.220000267028809,9.399999618530273,9.175000190734863,9.329999923706055,23262,0.0,0.0
2023-03-28 10:30:00-04:00,9.34000015258789,9.430000305175781,9.300000190734863,9.329999923706055,15934,0.0,0.0
2023-03-28 11:30:00-04:00,9.324999809265137,9.34000015258789,9.270000457763672,9.3100004196167,11608,0.0,0.0
2023-03-28 12:30:00-04:00,9.289999961853027,9.369999885559082,9.289999961853027,9.354999542236328,23585,0.0,0.0
2023-03-28 13:30:00-04:00,9.369999885559082,9.369999885559082,9.239999771118164,9.25,27116,0.0,0.0
2023-03-28 14:30:00-04:00,9.257499694824219,9.279999732971191,9.210000038146973,9.210000038146973,25337,0.0,0.0
2023-03-28 15:30:00-04:00,9.220000267028809,9.279999732971191,9.199999809265137,9.229999542236328,77793,0.0,0.0
2023-03-29 09:30:00-04:00,9.0,9.140000343322754,8.960000038146973,9.092000007629395,94046,0.0,0.0
2023-03-29 10:30:00-04:00,9.109999656677246,9.119999885559082,9.0,9.079999923706055,44632,0.0,0.0
2023-03-29 11:30:00-04:00,9.069999694824219,9.140000343322754,9.069999694824219,9.079999923706055,16593,0.0,0.0
2023-03-29 12:30:00-04:00,9.09000015258789,9.09000015258789,9.039999961853027,9.074999809265137,19936,0.0,0.0
2023-03-29 13:30:00-04:00,9.069999694824219,9.069999694824219,9.010000228881836,9.0649995803833,18355,0.0,0.0
2023-03-29 14:30:00-04:00,9.0649995803833,9.100000381469727,9.0,9.079999923706055,68896,0.0,0.0
2023-03-29 15:30:00-04:00,9.09000015258789,9.1899995803833,8.984999656677246,9.020000457763672,360037,0.0,0.0
2023-03-30 09:30:00-04:00,9.180000305175781,9.380000114440918,9.180000305175781,9.25,40400,0.0,0.0
2023-03-30 10:30:00-04:00,9.26449966430664,9.34000015258789,9.26449966430664,9.3149995803833,47223,0.0,0.0
2023-03-30 11:30:00-04:00,9.3100004196167,9.3100004196167,9.140000343322754,9.175000190734863,74991,0.0,0.0
2023-03-30 12:30:00-04:00,9.175000190734863,9.199999809265137,9.149999618530273,9.1850004196167,29013,0.0,0.0
2023-03-30 13:30:00-04:00,9.170000076293945,9.1899995803833,9.149999618530273,9.180000305175781,31240,0.0,0.0
2023-03-30 14:30:00-04:00,9.180000305175781,9.1899995803833,9.079999923706055,9.145000457763672,35023,0.0,0.0
2023-03-30 15:30:00-04:00,9.130000114440918,9.149999618530273,9.0,9.119999885559082,327942,0.0,0.0
2023-03-31 09:30:00-04:00,9.210000038146973,9.470000267028809,9.194999694824219,9.470000267028809,50886,0.0,0.0
2023-03-31 10:30:00-04:00,9.489999771118164,9.5,9.390000343322754,9.420000076293945,64910,0.0,0.0
2023-03-31 11:30:00-04:00,9.4399995803833,9.529999732971191,9.430000305175781,9.51200008392334,24503,0.0,0.0
2023-03-31 12:30:00-04:00,9.5,9.5600004196167,9.430000305175781,9.529999732971191,44897,0.0,0.0
2023-03-31 13:30:00-04:00,9.539999961853027,9.65999984741211,9.510000228881836,9.630000114440918,50075,0.0,0.0
2023-03-31 14:30:00-04:00,9.630000114440918,9.649999618530273,9.510000228881836,9.649999618530273,71348,0.0,0.0
2023-03-31 15:30:00-04:00,9.654999732971191,9.704999923706055,9.600000381469727,9.65999984741211,82487,0.0,0.0
2023-04-03 09:30:00-04:00,9.630000114440918,9.789999961853027,9.420000076293945,9.760000228881836,100775,0.0,0.0
2023-04-03 10:30:00-04:00,9.779999732971191,9.789999961853027,9.520000457763672,9.545000076293945,36660,0.0,0.0
2023-04-03 11:30:00-04:00,9.550000190734863,9.640000343322754,9.550000190734863,9.604999542236328,21751,0.0,0.0
2023-04-03 12:30:00-04:00,9.600000381469727,9.604999542236328,9.529999732971191,9.539999961853027,20977,0.0,0.0
2023-04-03 13:30:00-04:00,9.539999961853027,9.630000114440918,9.5,9.600000381469727,27220,0.0,0.0
2023-04-03 14:30:00-04:00,9.59000015258789,9.600000381469727,9.539999961853027,9.600000381469727,31530,0.0,0.0
2023-04-03 15:30:00-04:00,9.595000267028809,9.710000038146973,9.595000267028809,9.680000305175781,83552,0.0,0.0
2023-04-04 09:30:00-04:00,9.739999771118164,9.75,9.470000267028809,9.510000228881836,45422,0.0,0.0
2023-04-04 10:30:00-04:00,9.520000457763672,9.529999732971191,9.350000381469727,9.399999618530273,37953,0.0,0.0
2023-04-04 11:30:00-04:00,9.40999984741211,9.479999542236328,9.401700019836426,9.470000267028809,13897,0.0,0.0
2023-04-04 12:30:00-04:00,9.489999771118164,9.489999771118164,9.4350004196167,9.484999656677246,17939,0.0,0.0
2023-04-04 13:30:00-04:00,9.484999656677246,9.524999618530273,9.460000038146973,9.460000038146973,20556,0.0,0.0
2023-04-04 14:30:00-04:00,9.449999809265137,9.649999618530273,9.449999809265137,9.600000381469727,81735,0.0,0.0
2023-04-04 15:30:00-04:00,9.59000015258789,9.645000457763672,9.5649995803833,9.614999771118164,67222,0.0,0.0
2023-04-05 09:30:00-04:00,9.510000228881836,9.59000015258789,9.420000076293945,9.550000190734863,20892,0.0,0.0
2023-04-05 10:30:00-04:00,9.550000190734863,9.680000305175781,9.550000190734863,9.670000076293945,30132,0.0,0.0
2023-04-05 11:30:00-04:00,9.670000076293945,9.670000076293945,9.550000190734863,9.579999923706055,19509,0.0,0.0
2023-04-05 12:30:00-04:00,9.579999923706055,9.649999618530273,9.579999923706055,9.645000457763672,18223,0.0,0.0
2023-04-05 13:30:00-04:00,9.630000114440918,9.640000343322754,9.609999656677246,9.619999885559082,18065,0.0,0.0
2023-04-05 14:30:00-04:00,9.609999656677246,9.609999656677246,9.510000228881836,9.555000305175781,17056,0.0,0.0
2023-04-05 15:30:00-04:00,9.5600004196167,9.569999694824219,9.520000457763672,9.539999961853027,67461,0.0,0.0
2023-04-06 09:30:00-04:00,9.529999732971191,9.59000015258789,9.3100004196167,9.59000015258789,35338,0.0,0.0
2023-04-06 10:30:00-04:00,9.59000015258789,9.59000015258789,9.5,9.510000228881836,16866,0.0,0.0
2023-04-06 11:30:00-04:00,9.520000457763672,9.635000228881836,9.520000457763672,9.600000381469727,18458,0.0,0.0
2023-04-06 12:30:00-04:00,9.619999885559082,9.699999809265137,9.619999885559082,9.699999809265137,11988,0.0,0.0
2023-04-06 13:30:00-04:00,9.699999809265137,9.729999542236328,9.654999732971191,9.729999542236328,27488,0.0,0.0
2023-04-06 14:30:00-04:00,9.729999542236328,9.920000076293945,9.72819995880127,9.920000076293945,36859,0.0,0.0
2023-04-06 15:30:00-04:00,9.920000076293945,10.005000114440918,9.859999656677246,9.899999618530273,247003,0.0,0.0
2023-04-10 09:30:00-04:00,9.899999618530273,10.335000038146973,9.899999618530273,10.289999961853027,49798,0.0,0.0
2023-04-10 10:30:00-04:00,10.3100004196167,10.484999656677246,10.3100004196167,10.359999656677246,32984,0.0,0.0
2023-04-10 11:30:00-04:00,10.359999656677246,10.3774995803833,10.1899995803833,10.220000267028809,44461,0.0,0.0
2023-04-10 12:30:00-04:00,10.229999542236328,10.354999542236328,10.220000267028809,10.350000381469727,49594,0.0,0.0
2023-04-10 13:30:00-04:00,10.350000381469727,10.449999809265137,10.331700325012207,10.390000343322754,73444,0.0,0.0
2023-04-10 14:30:00-04:00,10.399999618530273,10.430000305175781,10.29010009765625,10.329999923706055,143880,0.0,0.0
2023-04-10 15:30:00-04:00,10.324999809265137,10.34000015258789,10.125,10.210000038146973,382723,0.0,0.0
2023-04-11 09:30:00-04:00,10.210000038146973,10.40999984741211,10.210000038146973,10.3100004196167,67185,0.0,0.0
2023-04-11 10:30:00-04:00,10.3149995803833,10.510000228881836,10.239999771118164,10.510000228881836,62248,0.0,0.0
2023-04-11 11:30:00-04:00,10.510000228881836,10.609999656677246,10.46500015258789,10.609999656677246,28238,0.0,0.0
2023-04-11 12:30:00-04:00,10.630000114440918,10.680000305175781,10.579999923706055,10.600000381469727,17970,0.0,0.0
2023-04-11 13:30:00-04:00,10.592499732971191,10.725000381469727,10.592499732971191,10.710000038146973,32219,0.0,0.0
2023-04-11 14:30:00-04:00,10.720000267028809,10.779999732971191,10.6899995803833,10.710000038146973,37312,0.0,0.0
2023-04-11 15:30:00-04:00,10.704999923706055,10.710000038146973,10.59000015258789,10.600000381469727,74593,0.0,0.0
2023-04-12 09:30:00-04:00,10.859999656677246,10.9350004196167,10.520000457763672,10.550000190734863,48205,0.0,0.0
2023-04-12 10:30:00-04:00,10.550000190734863,10.5649995803833,10.449999809265137,10.515000343322754,29771,0.0,0.0
2023-04-12 11:30:00-04:00,10.520000457763672,10.59000015258789,10.520000457763672,10.569999694824219,17665,0.0,0.0
2023-04-12 12:30:00-04:00,10.579999923706055,10.619999885559082,10.529999732971191,10.619999885559082,20944,0.0,0.0
2023-04-12 13:30:00-04:00,10.619999885559082,10.645000457763672,10.539999961853027,10.550000190734863,32791,0.0,0.0
2023-04-12 14:30:00-04:00,10.539999961853027,10.555000305175781,10.470000267028809,10.5,41732,0.0,0.0
2023-04-12 15:30:00-04:00,10.489999771118164,10.53499984741211,10.460000038146973,10.470000267028809,87412,0.0,0.0
2023-04-13 09:30:00-04:00,10.579999923706055,10.6850004196167,10.4399995803833,10.609999656677246,37232,0.0,0.0
2023-04-13 10:30:00-04:00,10.609999656677246,10.699999809265137,10.59000015258789,10.65999984741211,22197,0.0,0.0
2023-04-13 11:30:00-04:00,10.670000076293945,10.8149995803833,10.645000457763672,10.8149995803833,23214,0.0,0.0
2023-04-13 12:30:00-04:00,10.829999923706055,10.859999656677246,10.8100004196167,10.84000015258789,18228,0.0,0.0
2023-04-13 13:30:00-04:00,10.835000038146973,10.850000381469727,10.765000343322754,10.8100004196167,19170,0.0,0.0
2023-04-13 14:30:00-04:00,10.8100004196167,10.8149995803833,10.760000228881836,10.789999961853027,32156,0.0,0.0
2023-04-13 15:30:00-04:00,10.800000190734863,10.800000190734863,10.710000038146973,10.710000038146973,63611,0.0,0.0
2023-04-14 09:30:00-04:00,10.819999694824219,10.979999542236328,10.699999809265137,10.699999809265137,37154,0.0,0.0
2023-04-14 10:30:00-04:00,10.725000381469727,10.789999961853027,10.609999656677246,10.614999771118164,16372,0.0,0.0
2023-04-14 11:30:00-04:00,10.600000381469727,10.649999618530273,10.569999694824219,10.600000381469727,11390,0.0,0.0
2023-04-14 12:30:00-04:00,10.600000381469727,10.609999656677246,10.5600004196167,10.59000015258789,9017,0.0,0.0
2023-04-14 13:30:00-04:00,10.59000015258789,10.59000015258789,10.529999732971191,10.5600004196167,11800,0.0,0.0
2023-04-14 14:30:00-04:00,10.566300392150879,10.600000381469727,10.510000228881836,10.520000457763672,20748,0.0,0.0
2023-04-14 15:30:00-04:00,10.5,10.609999656677246,10.5,10.579999923706055,51757,0.0,0.0
2023-04-17 09:30:00-04:00,10.600000381469727,10.670000076293945,10.479999542236328,10.645000457763672,19277,0.0,0.0
2023-04-17 10:30:00-04:00,10.630000114440918,10.65999984741211,10.609999656677246,10.640000343322754,15416,0.0,0.0
2023-04-17 11:30:00-04:00,10.630000114440918,10.649999618530273,10.579999923706055,10.649999618530273,17064,0.0,0.0
2023-04-17 12:30:00-04:00,10.65999984741211,10.670000076293945,10.645000457763672,10.649999618530273,12622,0.0,0.0
2023-04-17 13:30:00-04:00,10.65999984741211,10.65999984741211,10.55210018157959,10.609999656677246,15257,0.0,0.0
2023-04-17 14:30:00-04:00,10.619999885559082,10.71500015258789,10.619999885559082,10.71500015258789,22904,0.0,0.0
2023-04-17 15:30:00-04:00,10.71500015258789,10.71500015258789,10.640000343322754,10.640000343322754,60659,0.0,0.0
2023-04-18 09:30:00-04:00,10.649999618530273,10.694999694824219,10.300000190734863,10.399999618530273,25849,0.0,0.0
2023-04-18 10:30:00-04:00,10.390000343322754,10.399999618530273,10.3100004196167,10.34000015258789,21501,0.0,0.0
2023-04-18 11:30:00-04:00,10.350000381469727,10.510000228881836,10.350000381469727,10.489999771118164,19811,0.0,0.0
2023-04-18 12:30:00-04:00,10.5,10.5,10.40999984741211,10.40999984741211,15054,0.0,0.0
2023-04-18 13:30:00-04:00,10.399999618530273,10.422300338745117,10.369999885559082,10.390000343322754,20352,0.0,0.0
2023-04-18 14:30:00-04:00,10.390000343322754,10.390000343322754,10.350000381469727,10.350000381469727,21868,0.0,0.0
2023-04-18 15:30:00-04:00,10.345000267028809,10.515000343322754,10.319999694824219,10.430000305175781,94769,0.0,0.0
2023-04-19 09:30:00-04:00,10.380000114440918,10.402000427246094,10.241999626159668,10.359999656677246,12880,0.0,0.0
2023-04-19 10:30:00-04:00,10.369999885559082,10.369999885559082,10.239999771118164,10.270000457763672,27537,0.0,0.0
2023-04-19 11:30:00-04:00,10.265000343322754,10.324999809265137,10.229999542236328,10.324999809265137,18655,0.0,0.0
2023-04-19 12:30:00-04:00,10.319999694824219,10.390000343322754,10.319999694824219,10.369999885559082,11334,0.0,0.0
2023-04-19 13:30:00-04:00,10.359999656677246,10.40999984741211,10.319999694824219,10.40999984741211,12974,0.0,0.0
2023-04-19 14:30:00-04:00,10.40999984741211,10.420000076293945,10.369999885559082,10.380000114440918,44450,0.0,0.0
2023-04-19 15:30:00-04:00,10.359999656677246,10.369999885559082,10.3149995803833,10.34000015258789,62181,0.0,0.0
2023-04-20 09:30:00-04:00,10.25,10.359999656677246,10.199999809265137,10.3100004196167,24571,0.0,0.0
2023-04-20 10:30:00-04:00,10.3100004196167,10.4399995803833,10.300000190734863,10.369999885559082,22988,0.0,0.0
2023-04-20 11:30:00-04:00,10.369999885559082,10.380000114440918,10.28499984741211,10.329999923706055,24744,0.0,0.0
2023-04-20 12:30:00-04:00,10.319999694824219,10.34000015258789,10.289999961853027,10.34000015258789,20211,0.0,0.0
2023-04-20 13:30:00-04:00,10.329999923706055,10.350000381469727,10.289999961853027,10.329999923706055,19430,0.0,0.0
2023-04-20 14:30:00-04:00,10.319999694824219,10.319999694824219,10.25,10.265000343322754,31807,0.0,0.0
2023-04-20 15:30:00-04:00,10.270000457763672,10.329999923706055,10.229999542236328,10.319999694824219,89940,0.0,0.0
2023-04-21 09:30:00-04:00,10.279999732971191,10.359999656677246,10.029999732971191,10.229999542236328,65455,0.0,0.0
2023-04-21 10:30:00-04:00,10.239999771118164,10.281999588012695,10.170000076293945,10.170000076293945,18727,0.0,0.0
2023-04-21 11:30:00-04:00,10.180000305175781,10.1899995803833,10.050000190734863,10.050000190734863,18310,0.0,0.0
2023-04-21 12:30:00-04:00,10.039999961853027,10.100000381469727,10.020000457763672,10.029999732971191,31357,0.0,0.0
2023-04-21 13:30:00-04:00,10.029999732971191,10.170000076293945,10.029999732971191,10.130000114440918,20966,0.0,0.0
2023-04-21 14:30:00-04:00,10.140000343322754,10.140000343322754,10.069999694824219,10.109999656677246,24866,0.0,0.0
2023-04-21 15:30:00-04:00,10.109999656677246,10.180000305175781,10.100000381469727,10.130000114440918,79444,0.0,0.0
2023-04-24 09:30:00-04:00,10.130000114440918,10.359999656677246,10.119999885559082,10.350000381469727,30918,0.0,0.0
2023-04-24 10:30:00-04:00,10.350000381469727,10.359999656677246,10.270000457763672,10.270000457763672,29508,0.0,0.0
2023-04-24 11:30:00-04:00,10.270000457763672,10.289999961853027,10.199999809265137,10.220000267028809,18506,0.0,0.0
2023-04-24 12:30:00-04:00,10.229999542236328,10.28499984741211,10.229999542236328,10.242300033569336,33115,0.0,0.0
2023-04-24 13:30:00-04:00,10.25,10.329999923706055,10.25,10.260000228881836,21310,0.0,0.0
2023-04-24 14:30:00-04:00,10.257399559020996,10.270000457763672,10.229999542236328,10.25,23706,0.0,0.0
2023-04-24 15:30:00-04:00,10.239999771118164,10.239999771118164,10.15999984741211,10.210000038146973,73568,0.0,0.0
2023-04-25 09:30:00-04:00,12.25,13.279999732971191,11.75,12.175000190734863,348860,0.0,0.0
2023-04-25 10:30:00-04:00,12.199999809265137,12.4399995803833,12.050000190734863,12.108400344848633,94400,0.0,0.0
2023-04-25 11:30:00-04:00,12.09000015258789,12.220000267028809,12.09000015258789,12.175000190734863,56097,0.0,0.0
2023-04-25 12:30:00-04:00,12.15999984741211,12.359999656677246,12.020000457763672,12.25,122779,0.0,0.0
2023-04-25 13:30:00-04:00,12.25,12.520000457763672,12.039999961853027,12.489999771118164,171231,0.0,0.0
2023-04-25 14:30:00-04:00,12.5,12.619999885559082,12.329999923706055,12.59000015258789,138213,0.0,0.0
2023-04-25 15:30:00-04:00,12.59000015258789,12.670000076293945,12.470000267028809,12.609999656677246,201653,0.0,0.0
2023-04-26 09:30:00-04:00,12.710000038146973,13.600000381469727,12.600000381469727,13.145000457763672,260166,0.0,0.0
2023-04-26 10:30:00-04:00,13.145000457763672,13.439900398254395,13.020000457763672,13.345000267028809,92569,0.0,0.0
2023-04-26 11:30:00-04:00,13.319999694824219,13.649900436401367,13.220000267028809,13.649900436401367,56419,0.0,0.0
2023-04-26 12:30:00-04:00,13.630000114440918,13.720000267028809,13.34000015258789,13.369999885559082,55378,0.0,0.0
2023-04-26 13:30:00-04:00,13.34000015258789,13.34000015258789,13.039999961853027,13.114999771118164,61955,0.0,0.0
2023-04-26 14:30:00-04:00,13.100000381469727,13.239999771118164,13.09000015258789,13.15999984741211,175460,0.0,0.0
2023-04-26 15:30:00-04:00,13.15999984741211,13.210000038146973,13.039999961853027,13.109999656677246,215229,0.0,0.0
2023-04-27 09:30:00-04:00,13.199999809265137,13.479999542236328,13.190099716186523,13.191699981689453,70649,0.0,0.0
2023-04-27 10:30:00-04:00,13.192999839782715,13.279999732971191,13.039999961853027,13.244999885559082,67880,0.0,0.0
2023-04-27 11:30:00-04:00,13.270000457763672,13.390000343322754,13.210000038146973,13.369999885559082,33629,0.0,0.0
2023-04-27 12:30:00-04:00,13.359999656677246,13.460000038146973,13.25,13.329999923706055,43580,0.0,0.0
2023-04-27 13:30:00-04:00,13.329999923706055,13.369999885559082,13.25,13.25,22027,0.0,0.0
2023-04-27 14:30:00-04:00,13.263899803161621,13.289999961853027,13.135000228881836,13.199999809265137,85611,0.0,0.0
2023-04-27 15:30:00-04:00,13.199999809265137,13.350000381469727,13.1899995803833,13.210000038146973,145451,0.0,0.0
2023-04-28 09:30:00-04:00,13.350000381469727,13.859999656677246,13.300000190734863,13.859999656677246,37875,0.0,0.0
2023-04-28 10:30:00-04:00,13.84000015258789,13.850000381469727,13.614999771118164,13.710000038146973,23169,0.0,0.0
2023-04-28 11:30:00-04:00,13.710000038146973,13.710000038146973,13.430000305175781,13.430000305175781,27863,0.0,0.0
2023-04-28 12:30:00-04:00,13.4399995803833,13.550000190734863,13.4399995803833,13.510000228881836,19636,0.0,0.0
2023-04-28 13:30:00-04:00,13.510000228881836,13.529999732971191,13.359999656677246,13.399999618530273,36173,0.0,0.0
2023-04-28 14:30:00-04:00,13.399999618530273,13.40999984741211,13.3100004196167,13.350000381469727,51117,0.0,0.0
2023-04-28 15:30:00-04:00,13.359999656677246,13.40999984741211,13.319999694824219,13.319999694824219,95309,0.0,0.0
2023-05-01 09:30:00-04:00,13.359999656677246,13.489999771118164,13.1899995803833,13.40999984741211,35158,0.0,0.0
2023-05-01 10:30:00-04:00,13.420000076293945,13.479999542236328,13.180000305175781,13.180000305175781,33723,0.0,0.0
2023-05-01 11:30:00-04:00,13.15999984741211,13.270000457763672,13.149999618530273,13.220000267028809,32262,0.0,0.0
2023-05-01 12:30:00-04:00,13.239999771118164,13.260000228881836,13.119999885559082,13.119999885559082,20172,0.0,0.0
2023-05-01 13:30:00-04:00,13.135000228881836,13.244999885559082,13.135000228881836,13.199999809265137,28581,0.0,0.0
2023-05-01 14:30:00-04:00,13.194999694824219,13.210000038146973,13.069999694824219,13.130000114440918,60716,0.0,0.0
2023-05-01 15:30:00-04:00,13.125,13.279999732971191,13.114999771118164,13.199999809265137,75027,0.0,0.0
2023-05-02 09:30:00-04:00,13.170000076293945,13.170000076293945,12.398500442504883,12.398500442504883,32891,0.0,0.0
2023-05-02 10:30:00-04:00,12.40999984741211,12.414999961853027,12.069999694824219,12.210000038146973,35331,0.0,0.0
2023-05-02 11:30:00-04:00,12.279999732971191,12.3149995803833,12.15999984741211,12.3100004196167,29125,0.0,0.0
2023-05-02 12:30:00-04:00,12.3100004196167,12.319999694824219,12.239999771118164,12.260000228881836,13898,0.0,0.0
2023-05-02 13:30:00-04:00,12.279999732971191,12.350000381469727,12.260000228881836,12.260000228881836,15647,0.0,0.0
2023-05-02 14:30:00-04:00,12.270000457763672,12.324999809265137,12.260000228881836,12.300000190734863,28099,0.0,0.0
2023-05-02 15:30:00-04:00,12.300000190734863,12.329999923706055,12.220000267028809,12.239999771118164,79725,0.0,0.0
2023-05-03 09:30:00-04:00,12.350000381469727,12.5,12.229999542236328,12.414999961853027,20493,0.0,0.0
2023-05-03 10:30:00-04:00,12.380000114440918,12.420000076293945,12.359999656677246,12.375,13610,0.0,0.0
2023-05-03 11:30:00-04:00,12.369999885559082,12.404999732971191,12.300000190734863,12.319999694824219,13893,0.0,0.0
2023-05-03 12:30:00-04:00,12.3100004196167,12.34000015258789,12.25,12.34000015258789,12288,0.0,0.0
2023-05-03 13:30:00-04:00,12.364999771118164,12.385000228881836,12.274999618530273,12.289999961853027,30217,0.0,0.0
2023-05-03 14:30:00-04:00,12.270000457763672,12.4399995803833,12.25,12.28499984741211,42261,0.0,0.0
2023-05-03 15:30:00-04:00,12.260000228881836,12.300000190734863,12.109999656677246,12.130000114440918,65695,0.0,0.0
2023-05-04 09:30:00-04:00,12.029999732971191,12.239999771118164,11.91100025177002,12.079999923706055,48979,0.0,0.0
2023-05-04 10:30:00-04:00,12.09000015258789,12.140000343322754,11.90999984741211,12.050000190734863,28578,0.0,0.0
2023-05-04 11:30:00-04:00,12.0600004196167,12.069999694824219,11.859999656677246,11.944999694824219,16540,0.0,0.0
2023-05-04 12:30:00-04:00,11.960000038146973,12.010000228881836,11.869999885559082,11.975000381469727,27497,0.0,0.0
2023-05-04 13:30:00-04:00,11.979999542236328,12.029999732971191,11.899999618530273,11.899999618530273,26727,0.0,0.0
2023-05-04 14:30:00-04:00,11.890000343322754,11.979999542236328,11.850000381469727,11.949999809265137,28488,0.0,0.0
2023-05-04 15:30:00-04:00,11.960000038146973,11.970000267028809,11.84000015258789,11.899999618530273,65941,0.0,0.0
2023-05-05 09:30:00-04:00,12.15999984741211,12.40999984741211,12.15999984741211,12.329999923706055,34338,0.0,0.0
2023-05-05 10:30:00-04:00,12.329999923706055,12.329999923706055,12.149999618530273,12.229999542236328,30075,0.0,0.0
2023-05-05 11:30:00-04:00,12.229999542236328,12.329999923706055,12.199999809265137,12.319999694824219,12260,0.0,0.0
2023-05-05 12:30:00-04:00,12.3100004196167,12.3100004196167,12.199999809265137,12.270000457763672,17314,0.0,0.0
2023-05-05 13:30:00-04:00,12.289999961853027,12.329999923706055,12.255000114440918,12.289999961853027,23788,0.0,0.0
2023-05-05 14:30:00-04:00,12.295000076293945,12.4399995803833,12.295000076293945,12.34000015258789,35835,0.0,0.0
2023-05-05 15:30:00-04:00,12.350000381469727,12.420000076293945,12.3100004196167,12.34000015258789,61409,0.0,0.0
2023-05-08 09:30:00-04:00,12.359999656677246,12.380000114440918,12.1899995803833,12.220000267028809,19141,0.0,0.0
2023-05-08 10:30:00-04:00,12.260000228881836,12.34000015258789,12.220000267028809,12.220000267028809,11823,0.0,0.0
2023-05-08 11:30:00-04:00,12.220000267028809,12.279999732971191,12.220000267028809,12.267499923706055,18412,0.0,0.0
2023-05-08 12:30:00-04:00,12.265000343322754,12.300000190734863,12.260000228881836,12.279999732971191,10413,0.0,0.0
2023-05-08 13:30:00-04:00,12.300000190734863,12.390000343322754,12.260000228881836,12.369999885559082,17561,0.0,0.0
2023-05-08 14:30:00-04:00,12.369999885559082,12.369999885559082,12.300000190734863,12.319999694824219,10894,0.0,0.0
2023-05-08 15:30:00-04:00,12.319999694824219,12.369999885559082,12.300000190734863,12.359999656677246,35112,0.0,0.0
2023-05-09 09:30:00-04:00,12.279999732971191,12.53499984741211,12.199999809265137,12.529999732971191,15352,0.0,0.0
2023-05-09 10:30:00-04:00,12.550000190734863,12.569999694824219,12.449999809265137,12.505000114440918,10719,0.0,0.0
2023-05-09 11:30:00-04:00,12.520000457763672,12.520000457763672,12.420000076293945,12.4350004196167,6567,0.0,0.0
2023-05-09 12:30:00-04:00,12.460000038146973,12.510000228881836,12.460000038146973,12.5,5468,0.0,0.0
2023-05-09 13:30:00-04:00,12.520000457763672,12.60159969329834,12.520000457763672,12.60159969329834,11250,0.0,0.0
2023-05-09 14:30:00-04:00,12.600000381469727,12.720000267028809,12.579999923706055,12.699999809265137,14956,0.0,0.0
2023-05-09 15:30:00-04:00,12.699999809265137,12.720000267028809,12.550000190734863,12.5600004196167,62947,0.0,0.0
2023-05-10 09:30:00-04:00,12.75,12.930000305175781,12.5600004196167,12.579999923706055,21224,0.0,0.0
2023-05-10 10:30:00-04:00,12.600000381469727,12.649999618530273,12.539999961853027,12.649999618530273,8934,0.0,0.0
2023-05-10 11:30:00-04:00,12.630000114440918,12.739999771118164,12.609999656677246,12.720000267028809,42143,0.0,0.0
2023-05-10 12:30:00-04:00,12.725000381469727,12.725000381469727,12.59000015258789,12.619999885559082,18809,0.0,0.0
2023-05-10 13:30:00-04:00,12.640000343322754,12.720000267028809,12.569999694824219,12.670000076293945,18336,0.0,0.0
2023-05-10 14:30:00-04:00,12.6899995803833,12.729999542236328,12.630000114440918,12.725000381469727,24950,0.0,0.0
2023-05-10 15:30:00-04:00,12.725000381469727,12.770000457763672,12.609999656677246,12.640000343322754,100200,0.0,0.0
2023-05-11 09:30:00-04:00,12.529999732971191,12.609999656677246,12.239999771118164,12.430000305175781,33669,0.0,0.0
2023-05-11 10:30:00-04:00,12.449999809265137,12.511300086975098,12.4350004196167,12.5,20976,0.0,0.0
2023-05-11 11:30:00-04:00,12.529999732971191,12.59000015258789,12.479999542236328,12.59000015258789,13470,0.0,0.0
2023-05-11 12:30:00-04:00,12.539999961853027,12.614999771118164,12.510000228881836,12.609999656677246,13886,0.0,0.0
2023-05-11 13:30:00-04:00,12.609999656677246,12.609999656677246,12.399999618530273,12.42199993133545,22523,0.0,0.0
2023-05-11 14:30:00-04:00,12.425000190734863,12.489999771118164,12.425000190734863,12.454999923706055,19646,0.0,0.0
2023-05-11 15:30:00-04:00,12.454999923706055,12.600000381469727,12.420000076293945,12.569999694824219,71796,0.0,0.0
2023-05-12 09:30:00-04:00,12.649999618530273,12.770000457763672,12.390000343322754,12.399999618530273,0,0.0,0.0
2023-05-12 10:30:00-04:00,12.399999618530273,12.494999885559082,12.350000381469727,12.494999885559082,31543,0.0,0.0
2023-05-12 11:30:00-04:00,12.5,12.5600004196167,12.460000038146973,12.5,19137,0.0,0.0
2023-05-12 12:30:00-04:00,12.529999732971191,12.539999961853027,12.430000305175781,12.479999542236328,15936,0.0,0.0
2023-05-12 13:30:00-04:00,12.470000267028809,12.470000267028809,12.369999885559082,12.430000305175781,11545,0.0,0.0
2023-05-12 14:30:00-04:00,12.40999984741211,12.449999809265137,12.395000457763672,12.430000305175781,15823,0.0,0.0
2023-05-12 15:30:00-04:00,12.430000305175781,12.5,12.380000114440918,12.449999809265137,67295,0.0,0.0
2023-05-15 09:30:00-04:00,12.470000267028809,12.510000228881836,12.395000457763672,12.510000228881836,10320,0.0,0.0
2023-05-15 10:30:00-04:00,12.449999809265137,12.609999656677246,12.449999809265137,12.609999656677246,24005,0.0,0.0
2023-05-15 11:30:00-04:00,12.59000015258789,12.600000381469727,12.5,12.529999732971191,9922,0.0,0.0
2023-05-15 12:30:00-04:00,12.569999694824219,12.649999618530273,12.569999694824219,12.640000343322754,6676,0.0,0.0
2023-05-15 13:30:00-04:00,12.630000114440918,12.630000114440918,12.510000228881836,12.545000076293945,10763,0.0,0.0
2023-05-15 14:30:00-04:00,12.529999732971191,12.5600004196167,12.5,12.5600004196167,15588,0.0,0.0
2023-05-15 15:30:00-04:00,12.5600004196167,12.640000343322754,12.550000190734863,12.619999885559082,54935,0.0,0.0
2023-05-16 09:30:00-04:00,12.40999984741211,12.470000267028809,12.279999732971191,12.359999656677246,0,0.0,0.0
2023-05-16 10:30:00-04:00,12.40999984741211,12.460000038146973,12.369999885559082,12.4350004196167,12654,0.0,0.0
2023-05-16 11:30:00-04:00,12.430000305175781,12.430000305175781,12.3100004196167,12.329999923706055,9661,0.0,0.0
2023-05-16 12:30:00-04:00,12.34000015258789,12.350000381469727,12.279999732971191,12.329999923706055,7594,0.0,0.0
2023-05-16 13:30:00-04:00,12.289999961853027,12.3100004196167,12.229999542236328,12.260000228881836,17753,0.0,0.0
2023-05-16 14:30:00-04:00,12.25,12.300000190734863,12.229999542236328,12.260000228881836,17270,0.0,0.0
2023-05-16 15:30:00-04:00,12.270000457763672,12.279999732971191,12.1899995803833,12.220000267028809,32263,0.0,0.0
2023-05-17 09:30:00-04:00,12.270000457763672,12.359999656677246,12.220000267028809,12.359999656677246,12363,0.0,0.0
2023-05-17 10:30:00-04:00,12.380000114440918,12.5,12.329999923706055,12.5,8645,0.0,0.0
2023-05-17 11:30:00-04:00,12.5,12.550000190734863,12.4399995803833,12.520000457763672,14544,0.0,0.0
2023-05-17 12:30:00-04:00,12.5600004196167,12.630000114440918,12.5600004196167,12.609999656677246,15278,0.0,0.0
2023-05-17 13:30:00-04:00,12.609999656677246,12.699999809265137,12.59000015258789,12.649999618530273,19058,0.0,0.0
2023-05-17 14:30:00-04:00,12.600000381469727,12.729999542236328,12.600000381469727,12.704999923706055,18421,0.0,0.0
2023-05-17 15:30:00-04:00,12.6899995803833,12.760000228881836,12.640000343322754,12.720000267028809,50262,0.0,0.0
2023-05-18 09:30:00-04:00,12.670000076293945,12.800000190734863,12.580100059509277,12.770000457763672,17401,0.0,0.0
2023-05-18 10:30:00-04:00,12.800000190734863,12.90999984741211,12.779999732971191,12.90999984741211,13951,0.0,0.0
2023-05-18 11:30:00-04:00,12.930000305175781,12.930000305175781,12.829999923706055,12.84000015258789,11657,0.0,0.0
2023-05-18 12:30:00-04:00,12.84000015258789,12.9399995803833,12.8100004196167,12.920000076293945,8563,0.0,0.0
2023-05-18 13:30:00-04:00,12.899999618530273,12.899999618530273,12.800000190734863,12.840999603271484,16798,0.0,0.0
2023-05-18 14:30:00-04:00,12.881600379943848,12.919899940490723,12.829999923706055,12.829999923706055,22265,0.0,0.0
2023-05-18 15:30:00-04:00,12.84000015258789,13.069999694824219,12.84000015258789,12.970000267028809,88816,0.0,0.0
2023-05-19 09:30:00-04:00,13.029999732971191,13.029999732971191,12.75,12.930000305175781,75864,0.0,0.0
2023-05-19 10:30:00-04:00,12.90999984741211,12.9350004196167,12.789999961853027,12.8100004196167,24157,0.0,0.0
2023-05-19 11:30:00-04:00,12.770000457763672,12.770000457763672,12.649999618530273,12.739999771118164,18501,0.0,0.0
2023-05-19 12:30:00-04:00,12.739999771118164,12.789999961853027,12.720000267028809,12.760000228881836,8229,0.0,0.0
2023-05-19 13:30:00-04:00,12.770000457763672,12.770000457763672,12.680000305175781,12.710000038146973,8254,0.0,0.0
2023-05-19 14:30:00-04:00,12.710000038146973,12.770000457763672,12.6899995803833,12.770000457763672,7696,0.0,0.0
2023-05-19 15:30:00-04:00,12.765000343322754,12.800000190734863,12.5600004196167,12.59000015258789,53580,0.0,0.0
2023-05-22 09:30:00-04:00,12.65999984741211,12.720000267028809,12.449999809265137,12.640000343322754,11709,0.0,0.0
2023-05-22 10:30:00-04:00,12.630000114440918,12.770000457763672,12.60990047454834,12.760000228881836,16461,0.0,0.0
2023-05-22 11:30:00-04:00,12.760000228881836,12.850000381469727,12.720000267028809,12.760000228881836,15147,0.0,0.0
2023-05-22 12:30:00-04:00,12.779999732971191,12.845000267028809,12.739999771118164,12.779999732971191,9948,0.0,0.0
2023-05-22 13:30:00-04:00,12.770000457763672,12.800000190734863,12.720000267028809,12.770000457763672,8382,0.0,0.0
2023-05-22 14:30:00-04:00,12.798999786376953,12.850000381469727,12.770000457763672,12.84000015258789,16279,0.0,0.0
2023-05-22 15:30:00-04:00,12.84000015258789,12.850000381469727,12.720000267028809,12.770000457763672,30814,0.0,0.0
2023-05-23 09:30:00-04:00,12.65999984741211,13.09000015258789,12.65999984741211,12.984999656677246,21093,0.0,0.0
2023-05-23 10:30:00-04:00,13.029999732971191,13.119999885559082,13.020000457763672,13.100000381469727,18544,0.0,0.0
2023-05-23 11:30:00-04:00,13.100000381469727,13.135000228881836,12.930000305175781,12.930000305175781,20974,0.0,0.0
2023-05-23 12:30:00-04:00,12.930000305175781,13.010000228881836,12.850000381469727,12.9399995803833,10910,0.0,0.0
2023-05-23 13:30:00-04:00,12.930000305175781,12.960000038146973,12.829999923706055,12.859999656677246,10213,0.0,0.0
2023-05-23 14:30:00-04:00,12.859999656677246,12.90999984741211,12.789999961853027,12.800000190734863,14405,0.0,0.0
2023-05-23 15:30:00-04:00,12.819999694824219,12.824999809265137,12.760000228881836,12.779999732971191,40125,0.0,0.0
2023-05-24 09:30:00-04:00,12.770000457763672,12.800000190734863,12.430000305175781,12.430000305175781,9937,0.0,0.0
2023-05-24 10:30:00-04:00,12.40999984741211,12.539999961853027,12.390000343322754,12.414999961853027,14019,0.0,0.0
2023-05-24 11:30:00-04:00,12.399999618530273,12.460000038146973,12.369999885559082,12.4350004196167,9834,0.0,0.0
2023-05-24 12:30:00-04:00,12.430000305175781,12.479999542236328,12.399999618530273,12.460000038146973,10199,0.0,0.0
2023-05-24 13:30:00-04:00,12.460000038146973,12.529999732971191,12.460000038146973,12.524999618530273,14026,0.0,0.0
2023-05-24 14:30:00-04:00,12.524999618530273,12.680000305175781,12.524999618530273,12.680000305175781,23155,0.0,0.0
2023-05-24 15:30:00-04:00,12.670000076293945,12.75,12.640000343322754,12.649999618530273,51059,0.0,0.0
2023-05-25 09:30:00-04:00,12.699999809265137,12.739999771118164,12.369999885559082,12.40999984741211,16090,0.0,0.0
2023-05-25 10:30:00-04:00,12.359999656677246,12.359999656677246,12.25,12.305000305175781,11952,0.0,0.0
2023-05-25 11:30:00-04:00,12.305000305175781,12.350000381469727,12.25,12.279999732971191,9037,0.0,0.0
2023-05-25 12:30:00-04:00,12.289999961853027,12.329999923706055,12.274999618530273,12.329999923706055,6381,0.0,0.0
2023-05-25 13:30:00-04:00,12.34000015258789,12.40999984741211,12.34000015258789,12.390000343322754,5254,0.0,0.0
2023-05-25 14:30:00-04:00,12.380000114440918,12.380000114440918,12.329999923706055,12.380000114440918,4998,0.0,0.0
2023-05-25 15:30:00-04:00,12.380000114440918,12.414999961853027,12.350000381469727,12.380000114440918,20329,0.0,0.0
2023-05-26 09:30:00-04:00,12.369999885559082,12.470000267028809,12.25,12.420000076293945,14360,0.0,0.0
2023-05-26 10:30:00-04:00,12.449999809265137,12.489999771118164,12.420000076293945,12.420000076293945,3671,0.0,0.0
2023-05-26 11:30:00-04:00,12.319999694824219,12.510000228881836,12.319999694824219,12.489999771118164,8503,0.0,0.0
2023-05-26 12:30:00-04:00,12.510000228881836,12.539999961853027,12.489999771118164,12.520000457763672,5379,0.0,0.0
2023-05-26 13:30:00-04:00,12.520000457763672,12.572500228881836,12.489999771118164,12.550000190734863,13138,0.0,0.0
2023-05-26 14:30:00-04:00,12.539999961853027,12.569999694824219,12.510000228881836,12.5600004196167,11005,0.0,0.0
2023-05-26 15:30:00-04:00,12.550000190734863,12.630000114440918,12.550000190734863,12.59000015258789,21466,0.0,0.0
2023-05-30 09:30:00-04:00,12.609999656677246,12.609999656677246,12.311100006103516,12.5,14493,0.0,0.0
2023-05-30 10:30:00-04:00,12.475000381469727,12.5,12.369999885559082,12.380000114440918,15405,0.0,0.0
2023-05-30 11:30:00-04:00,12.3725004196167,12.510000228881836,12.36050033569336,12.4399995803833,8835,0.0,0.0
2023-05-30 12:30:00-04:00,12.430000305175781,12.479999542236328,12.329999923706055,12.449999809265137,11125,0.0,0.0
2023-05-30 13:30:00-04:00,12.4399995803833,12.454999923706055,12.380000114440918,12.4399995803833,9844,0.0,0.0
2023-05-30 14:30:00-04:00,12.449999809265137,12.5649995803833,12.430000305175781,12.520000457763672,22004,0.0,0.0
2023-05-30 15:30:00-04:00,12.520000457763672,12.569999694824219,12.489999771118164,12.550000190734863,22849,0.0,0.0
2023-05-31 09:30:00-04:00,12.390000343322754,12.395000457763672,12.130000114440918,12.204999923706055,16597,0.0,0.0
2023-05-31 10:30:00-04:00,12.199999809265137,12.199999809265137,12.0600004196167,12.09000015258789,13766,0.0,0.0
2023-05-31 11:30:00-04:00,12.100000381469727,12.130000114440918,12.050000190734863,12.09000015258789,12482,0.0,0.0
2023-05-31 12:30:00-04:00,12.079999923706055,12.229999542236328,12.069999694824219,12.180000305175781,16118,0.0,0.0
2023-05-31 13:30:00-04:00,12.220000267028809,12.270000457763672,12.220000267028809,12.270000457763672,11264,0.0,0.0
2023-05-31 14:30:00-04:00,12.270000457763672,12.289600372314453,12.149999618530273,12.210000038146973,17890,0.0,0.0
2023-05-31 15:30:00-04:00,12.199999809265137,12.319999694824219,12.199999809265137,12.260000228881836,48813,0.0,0.0
2023-06-01 09:30:00-04:00,12.260000228881836,12.28499984741211,12.072500228881836,12.180000305175781,25132,0.0,0.0
2023-06-01 10:30:00-04:00,12.180000305175781,12.319999694824219,12.149999618530273,12.3149995803833,27380,0.0,0.0
2023-06-01 11:30:00-04:00,12.324999809265137,12.380000114440918,12.279999732971191,12.34000015258789,13372,0.0,0.0
2023-06-01 12:30:00-04:00,12.350000381469727,12.390000343322754,12.319999694824219,12.359999656677246,10888,0.0,0.0
2023-06-01 13:30:00-04:00,12.380000114440918,12.414999961853027,12.350000381469727,12.359999656677246,12222,0.0,0.0
2023-06-01 14:30:00-04:00,12.380000114440918,12.399999618530273,12.319999694824219,12.329999923706055,17729,0.0,0.0
2023-06-01 15:30:00-04:00,12.3149995803833,12.34000015258789,12.229999542236328,12.270000457763672,39631,0.0,0.0
2023-06-02 09:30:00-04:00,12.470000267028809,12.640000343322754,12.4399995803833,12.609999656677246,20945,0.0,0.0
2023-06-02 10:30:00-04:00,12.579999923706055,12.779999732971191,12.550000190734863,12.654999732971191,39919,0.0,0.0
2023-06-02 11:30:00-04:00,12.670000076293945,12.680000305175781,12.579999923706055,12.664999961853027,20110,0.0,0.0
2023-06-02 12:30:00-04:00,12.65999984741211,12.8100004196167,12.649999618530273,12.789999961853027,16650,0.0,0.0
2023-06-02 13:30:00-04:00,12.789999961853027,12.84000015258789,12.744999885559082,12.770000457763672,20451,0.0,0.0
2023-06-02 14:30:00-04:00,12.75,12.885000228881836,12.75,12.885000228881836,31498,0.0,0.0
2023-06-02 15:30:00-04:00,12.880000114440918,12.930000305175781,12.800000190734863,12.869999885559082,84167,0.0,0.0
2023-06-05 09:30:00-04:00,12.710000038146973,12.770000457763672,12.520000457763672,12.569999694824219,23166,0.0,0.0
2023-06-05 10:30:00-04:00,12.5600004196167,12.84000015258789,12.5600004196167,12.789999961853027,12438,0.0,0.0
2023-06-05 11:30:00-04:00,12.819999694824219,12.890000343322754,12.739999771118164,12.890000343322754,11969,0.0,0.0
2023-06-05 12:30:00-04:00,12.880000114440918,13.010000228881836,12.875,12.920000076293945,22979,0.0,0.0
2023-06-05 13:30:00-04:00,12.850000381469727,12.904999732971191,12.850000381469727,12.885000228881836,7575,0.0,0.0
2023-06-05 14:30:00-04:00,12.869999885559082,13.000900268554688,12.84000015258789,12.975000381469727,35093,0.0,0.0
2023-06-05 15:30:00-04:00,12.979999542236328,13.069999694824219,12.960000038146973,13.050000190734863,48157,0.0,0.0
2023-06-06 09:30:00-04:00,12.979999542236328,13.630000114440918,12.979999542236328,13.609999656677246,53231,0.0,0.0
2023-06-06 10:30:00-04:00,13.680000305175781,13.859999656677246,13.630000114440918,13.789999961853027,20784,0.0,0.0
2023-06-06 11:30:00-04:00,13.75,13.869999885559082,13.75,13.805000305175781,16827,0.0,0.0
2023-06-06 12:30:00-04:00,13.819999694824219,13.920000076293945,13.8100004196167,13.84000015258789,19486,0.0,0.0
2023-06-06 13:30:00-04:00,13.824999809265137,14.0,13.824999809265137,13.960000038146973,24255,0.0,0.0
2023-06-06 14:30:00-04:00,13.9399995803833,14.0,13.920000076293945,14.0,19718,0.0,0.0
2023-06-06 15:30:00-04:00,14.0,14.029999732971191,13.930000305175781,13.9399995803833,61265,0.0,0.0
2023-06-07 09:30:00-04:00,14.010000228881836,14.300000190734863,13.904399871826172,14.145000457763672,53841,0.0,0.0
2023-06-07 10:30:00-04:00,14.15999984741211,14.300000190734863,14.029999732971191,14.289999961853027,38128,0.0,0.0
2023-06-07 11:30:00-04:00,14.300000190734863,14.569999694824219,14.300000190734863,14.470000267028809,39928,0.0,0.0
2023-06-07 12:30:00-04:00,14.470000267028809,14.5600004196167,14.444999694824219,14.550000190734863,19079,0.0,0.0
2023-06-07 13:30:00-04:00,14.520000457763672,14.579999923706055,14.430000305175781,14.550000190734863,16517,0.0,0.0
2023-06-07 14:30:00-04:00,14.569999694824219,14.850000381469727,14.550000190734863,14.845000267028809,38255,0.0,0.0
2023-06-07 15:30:00-04:00,14.845000267028809,14.875,14.609999656677246,14.630000114440918,138231,0.0,0.0
2023-06-08 09:30:00-04:00,14.5,14.510000228881836,13.989999771118164,14.109999656677246,25934,0.0,0.0
2023-06-08 10:30:00-04:00,14.119999885559082,14.5649995803833,14.119999885559082,14.550000190734863,38615,0.0,0.0
2023-06-08 11:30:00-04:00,14.619999885559082,14.670000076293945,14.545000076293945,14.65999984741211,28338,0.0,0.0
2023-06-08 12:30:00-04:00,14.65999984741211,14.709400177001953,14.600000381469727,14.630000114440918,34483,0.0,0.0
2023-06-08 13:30:00-04:00,14.630000114440918,14.630000114440918,14.489999771118164,14.510000228881836,18135,0.0,0.0
2023-06-08 14:30:00-04:00,14.510000228881836,14.539999961853027,14.449999809265137,14.470000267028809,22091,0.0,0.0
2023-06-08 15:30:00-04:00,14.470000267028809,14.520000457763672,14.399999618530273,14.420000076293945,47001,0.0,0.0
2023-06-09 09:30:00-04:00,14.369999885559082,14.378999710083008,14.050000190734863,14.050000190734863,29869,0.0,0.0
2023-06-09 10:30:00-04:00,14.09000015258789,14.390000343322754,14.079999923706055,14.125,23811,0.0,0.0
2023-06-09 11:30:00-04:00,14.109999656677246,14.180800437927246,14.0600004196167,14.140000343322754,18322,0.0,0.0
2023-06-09 12:30:00-04:00,14.149999618530273,14.229999542236328,14.079999923706055,14.079999923706055,19213,0.0,0.0
2023-06-09 13:30:00-04:00,14.100000381469727,14.109999656677246,13.8725004196167,13.960000038146973,16493,0.0,0.0
2023-06-09 14:30:00-04:00,13.920000076293945,14.010000228881836,13.899999618530273,14.010000228881836,24694,0.0,0.0
2023-06-09 15:30:00-04:00,14.010000228881836,14.050000190734863,13.920000076293945,13.979999542236328,79200,0.0,0.0
2023-06-12 09:30:00-04:00,13.989999771118164,14.20259952545166,13.59000015258789,14.149999618530273,33660,0.0,0.0
2023-06-12 10:30:00-04:00,14.149999618530273,14.25,14.079999923706055,14.140000343322754,27638,0.0,0.0
2023-06-12 11:30:00-04:00,14.114999771118164,14.1899995803833,14.058199882507324,14.1899995803833,19769,0.0,0.0
2023-06-12 12:30:00-04:00,14.180000305175781,14.199999809265137,14.119999885559082,14.149999618530273,18681,0.0,0.0
2023-06-12 13:30:00-04:00,14.149999618530273,14.210000038146973,14.109999656677246,14.172699928283691,31328,0.0,0.0
2023-06-12 14:30:00-04:00,14.179900169372559,14.329999923706055,14.149999618530273,14.279999732971191,27919,0.0,0.0
2023-06-12 15:30:00-04:00,14.288000106811523,14.300000190734863,14.220000267028809,14.229999542236328,60849,0.0,0.0
2023-06-13 09:30:00-04:00,14.239999771118164,14.65999984741211,14.170000076293945,14.65999984741211,33563,0.0,0.0
2023-06-13 10:30:00-04:00,14.670000076293945,14.670000076293945,14.380000114440918,14.475000381469727,25000,0.0,0.0
2023-06-13 11:30:00-04:00,14.489999771118164,14.5,14.382800102233887,14.414999961853027,13371,0.0,0.0
2023-06-13 12:30:00-04:00,14.40999984741211,14.470000267028809,14.255000114440918,14.3100004196167,27571,0.0,0.0
2023-06-13 13:30:00-04:00,14.3100004196167,14.329999923706055,14.229999542236328,14.239999771118164,11152,0.0,0.0
2023-06-13 14:30:00-04:00,14.244999885559082,14.319999694824219,14.229999542236328,14.270000457763672,23109,0.0,0.0
2023-06-13 15:30:00-04:00,14.279999732971191,14.329999923706055,14.239999771118164,14.244999885559082,57081,0.0,0.0
2023-06-14 09:30:00-04:00,14.149999618530273,14.229999542236328,13.890000343322754,13.930000305175781,17867,0.0,0.0
2023-06-14 10:30:00-04:00,13.90999984741211,13.949999809265137,13.729999542236328,13.779999732971191,23889,0.0,0.0
2023-06-14 11:30:00-04:00,13.789999961853027,13.880000114440918,13.649999618530273,13.729999542236328,87436,0.0,0.0
2023-06-14 12:30:00-04:00,13.729999542236328,13.84000015258789,13.640000343322754,13.640000343322754,44536,0.0,0.0
2023-06-14 13:30:00-04:00,13.640000343322754,13.649999618530273,13.34000015258789,13.34000015258789,28283,0.0,0.0
2023-06-14 14:30:00-04:00,13.3100004196167,13.399999618530273,13.25,13.260000228881836,31759,0.0,0.0
2023-06-14 15:30:00-04:00,13.239999771118164,13.289999961853027,13.130000114440918,13.180000305175781,56378,0.0,0.0
2023-06-15 09:30:00-04:00,12.989999771118164,13.510000228881836,12.989999771118164,13.449999809265137,43037,0.0,0.0
2023-06-15 10:30:00-04:00,13.420000076293945,13.449999809265137,13.279999732971191,13.4399995803833,27409,0.0,0.0
2023-06-15 11:30:00-04:00,13.469400405883789,13.5600004196167,13.420000076293945,13.505000114440918,14883,0.0,0.0
2023-06-15 12:30:00-04:00,13.489999771118164,13.512499809265137,13.414999961853027,13.414999961853027,18278,0.0,0.0
2023-06-15 13:30:00-04:00,13.430000305175781,13.5600004196167,13.420000076293945,13.539999961853027,30604,0.0,0.0
2023-06-15 14:30:00-04:00,13.550000190734863,13.65999984741211,13.550000190734863,13.619999885559082,31438,0.0,0.0
2023-06-15 15:30:00-04:00,13.630000114440918,13.670000076293945,13.59000015258789,13.630000114440918,47288,0.0,0.0
2023-06-16 09:30:00-04:00,13.739999771118164,13.739999771118164,13.380000114440918,13.539999961853027,69939,0.0,0.0
2023-06-16 10:30:00-04:00,13.569999694824219,13.569999694824219,13.359999656677246,13.380000114440918,23319,0.0,0.0
2023-06-16 11:30:00-04:00,13.390000343322754,13.550000190734863,13.34000015258789,13.5,23612,0.0,0.0
2023-06-16 12:30:00-04:00,13.5,13.539999961853027,13.359999656677246,13.359999656677246,41072,0.0,0.0
2023-06-16 13:30:00-04:00,13.359999656677246,13.420000076293945,13.329999923706055,13.359999656677246,25560,0.0,0.0
2023-06-16 14:30:00-04:00,13.359999656677246,13.359999656677246,13.09000015258789,13.239999771118164,90992,0.0,0.0
2023-06-16 15:30:00-04:00,13.25,13.369999885559082,13.15999984741211,13.279999732971191,186514,0.0,0.0
2023-06-20 09:30:00-04:00,13.210000038146973,13.300000190734863,13.050000190734863,13.050000190734863,27679,0.0,0.0
2023-06-20 10:30:00-04:00,13.050000190734863,13.260000228881836,13.050000190734863,13.149999618530273,30355,0.0,0.0
2023-06-20 11:30:00-04:00,13.149999618530273,13.270000457763672,13.130000114440918,13.170000076293945,24190,0.0,0.0
2023-06-20 12:30:00-04:00,13.170000076293945,13.210000038146973,13.140000343322754,13.180000305175781,20825,0.0,0.0
2023-06-20 13:30:00-04:00,13.180000305175781,13.274999618530273,13.149999618530273,13.268199920654297,24955,0.0,0.0
2023-06-20 14:30:00-04:00,13.260000228881836,13.5,13.229999542236328,13.5,29421,0.0,0.0
2023-06-20 15:30:00-04:00,13.5,13.5,13.350000381469727,13.369999885559082,72844,0.0,0.0
2023-06-21 09:30:00-04:00,13.34000015258789,13.364999771118164,13.199999809265137,13.199999809265137,22320,0.0,0.0
2023-06-21 10:30:00-04:00,13.190299987792969,13.460000038146973,13.1899995803833,13.460000038146973,12013,0.0,0.0
2023-06-21 11:30:00-04:00,13.454999923706055,13.529999732971191,13.437999725341797,13.475000381469727,12736,0.0,0.0
2023-06-21 12:30:00-04:00,13.489999771118164,13.5,13.350000381469727,13.350000381469727,9611,0.0,0.0
2023-06-21 13:30:00-04:00,13.369999885559082,13.5,13.369999885559082,13.494999885559082,11138,0.0,0.0
2023-06-21 14:30:00-04:00,13.5,13.529999732971191,13.354999542236328,13.359999656677246,17334,0.0,0.0
2023-06-21 15:30:00-04:00,13.369999885559082,13.420000076293945,13.289999961853027,13.3100004196167,27952,0.0,0.0
2023-06-22 09:30:00-04:00,13.300000190734863,13.34000015258789,12.9399995803833,13.130000114440918,13719,0.0,0.0
2023-06-22 10:30:00-04:00,13.104999542236328,13.130000114440918,12.970000267028809,13.0,9342,0.0,0.0
2023-06-22 11:30:00-04:00,13.039999961853027,13.079999923706055,12.989999771118164,13.010000228881836,13777,0.0,0.0
2023-06-22 12:30:00-04:00,13.050000190734863,13.050000190734863,12.979999542236328,12.989999771118164,5835,0.0,0.0
2023-06-22 13:30:00-04:00,13.010000228881836,13.039999961853027,12.930000305175781,13.039999961853027,11358,0.0,0.0
2023-06-22 14:30:00-04:00,13.09000015258789,13.130000114440918,13.0,13.005900382995605,17508,0.0,0.0
2023-06-22 15:30:00-04:00,13.005000114440918,13.050000190734863,12.975000381469727,13.020000457763672,30756,0.0,0.0
2023-06-23 09:30:00-04:00,12.779999732971191,12.9399995803833,12.739999771118164,12.84000015258789,15627,0.0,0.0
2023-06-23 10:30:00-04:00,12.829999923706055,12.880000114440918,12.800000190734863,12.829999923706055,11236,0.0,0.0
2023-06-23 11:30:00-04:00,12.829999923706055,12.829999923706055,12.720000267028809,12.720000267028809,7334,0.0,0.0
2023-06-23 12:30:00-04:00,12.710000038146973,12.729999542236328,12.619999885559082,12.65999984741211,12745,0.0,0.0
2023-06-23 13:30:00-04:00,12.65999984741211,12.729999542236328,12.619999885559082,12.619999885559082,14558,0.0,0.0
2023-06-23 14:30:00-04:00,12.609999656677246,12.630000114440918,12.569999694824219,12.59000015258789,30501,0.0,0.0
2023-06-23 15:30:00-04:00,12.59000015258789,12.680000305175781,12.569999694824219,12.619999885559082,58621,0.0,0.0
2023-06-26 09:30:00-04:00,12.550000190734863,12.829999923706055,12.550000190734863,12.649999618530273,15576,0.0,0.0
2023-06-26 10:30:00-04:00,12.649999618530273,12.675000190734863,12.595000267028809,12.640000343322754,7800,0.0,0.0
2023-06-26 11:30:00-04:00,12.630000114440918,12.760000228881836,12.630000114440918,12.640000343322754,11265,0.0,0.0
2023-06-26 12:30:00-04:00,12.619999885559082,12.725000381469727,12.609999656677246,12.720000267028809,10180,0.0,0.0
2023-06-26 13:30:00-04:00,12.720000267028809,12.779999732971191,12.710000038146973,12.75,11281,0.0,0.0
2023-06-26 14:30:00-04:00,12.739999771118164,12.8149995803833,12.739999771118164,12.789999961853027,18208,0.0,0.0
2023-06-26 15:30:00-04:00,12.800000190734863,12.819999694824219,12.770000457763672,12.800000190734863,39221,0.0,0.0
2023-06-27 09:30:00-04:00,12.880000114440918,13.21500015258789,12.79990005493164,13.210000038146973,29044,0.0,0.0
2023-06-27 10:30:00-04:00,13.199999809265137,13.38010025024414,13.199999809265137,13.270000457763672,25917,0.0,0.0
2023-06-27 11:30:00-04:00,13.274999618530273,13.492500305175781,13.260000228881836,13.449999809265137,28173,0.0,0.0
2023-06-27 12:30:00-04:00,13.460000038146973,13.510000228881836,13.4399995803833,13.470000267028809,18893,0.0,0.0
2023-06-27 13:30:00-04:00,13.489999771118164,13.699999809265137,13.479999542236328,13.649999618530273,24971,0.0,0.0
2023-06-27 14:30:00-04:00,13.654999732971191,13.770000457763672,13.640000343322754,13.770000457763672,21069,0.0,0.0
2023-06-27 15:30:00-04:00,13.75,13.880000114440918,13.739999771118164,13.859999656677246,46762,0.0,0.0
2023-06-28 09:30:00-04:00,13.829999923706055,13.960000038146973,13.6899995803833,13.789999961853027,13810,0.0,0.0
2023-06-28 10:30:00-04:00,13.8100004196167,13.859999656677246,13.6899995803833,13.859999656677246,15359,0.0,0.0
2023-06-28 11:30:00-04:00,13.880000114440918,13.989999771118164,13.880000114440918,13.890000343322754,13181,0.0,0.0
2023-06-28 12:30:00-04:00,13.890000343322754,13.890000343322754,13.800000190734863,13.869999885559082,16154,0.0,0.0
2023-06-28 13:30:00-04:00,13.875,13.914999961853027,13.845000267028809,13.899999618530273,10690,0.0,0.0
2023-06-28 14:30:00-04:00,13.920000076293945,14.09000015258789,13.899999618530273,14.045000076293945,25121,0.0,0.0
2023-06-28 15:30:00-04:00,14.045000076293945,14.100000381469727,14.020000457763672,14.050000190734863,42549,0.0,0.0
2023-06-29 09:30:00-04:00,14.119999885559082,14.399999618530273,14.09000015258789,14.15999984741211,15560,0.0,0.0
2023-06-29 10:30:00-04:00,14.195699691772461,14.207500457763672,14.029999732971191,14.0600004196167,8819,0.0,0.0
2023-06-29 11:30:00-04:00,14.069999694824219,14.220000267028809,14.050000190734863,14.170000076293945,20481,0.0,0.0
2023-06-29 12:30:00-04:00,14.15999984741211,14.279999732971191,14.15999984741211,14.260000228881836,9128,0.0,0.0
2023-06-29 13:30:00-04:00,14.279999732971191,14.354999542236328,14.239999771118164,14.3100004196167,11684,0.0,0.0
2023-06-29 14:30:00-04:00,14.279999732971191,14.4399995803833,14.279999732971191,14.4399995803833,23335,0.0,0.0
2023-06-29 15:30:00-04:00,14.4399995803833,14.4399995803833,14.329999923706055,14.329999923706055,50807,0.0,0.0
2023-06-30 09:30:00-04:00,14.5,14.5,14.100000381469727,14.129199981689453,13291,0.0,0.0
2023-06-30 10:30:00-04:00,14.130000114440918,14.1899995803833,13.984999656677246,14.119999885559082,17641,0.0,0.0
2023-06-30 11:30:00-04:00,14.100000381469727,14.140000343322754,14.020000457763672,14.119999885559082,11612,0.0,0.0
2023-06-30 12:30:00-04:00,14.149999618530273,14.149999618530273,14.069999694824219,14.109999656677246,9711,0.0,0.0
2023-06-30 13:30:00-04:00,14.119999885559082,14.239999771118164,14.119999885559082,14.229999542236328,10497,0.0,0.0
2023-06-30 14:30:00-04:00,14.229999542236328,14.260000228881836,14.09000015258789,14.130000114440918,30139,0.0,0.0
2023-06-30 15:30:00-04:00,14.145000457763672,14.220000267028809,14.130000114440918,14.130000114440918,48008,0.0,0.0
2023-07-03 09:30:00-04:00,14.020000457763672,14.460000038146973,14.020000457763672,14.460000038146973,19113,0.0,0.0
2023-07-03 10:30:00-04:00,14.489999771118164,14.510000228881836,14.34000015258789,14.449999809265137,20876,0.0,0.0
2023-07-03 11:30:00-04:00,14.470000267028809,14.569999694824219,14.449999809265137,14.460000038146973,31369,0.0,0.0
2023-07-05 09:30:00-04:00,14.350000381469727,14.350000381469727,13.930100440979004,13.984999656677246,32368,0.0,0.0
2023-07-05 10:30:00-04:00,14.0,14.119999885559082,13.739999771118164,13.770000457763672,23732,0.0,0.0
2023-07-05 11:30:00-04:00,13.779999732971191,14.0,13.5600004196167,13.944999694824219,43542,0.0,0.0
2023-07-05 12:30:00-04:00,13.9399995803833,14.149999618530273,13.890000343322754,14.147299766540527,34922,0.0,0.0
2023-07-05 13:30:00-04:00,14.149999618530273,14.3100004196167,14.140000343322754,14.300000190734863,50589,0.0,0.0
2023-07-05 14:30:00-04:00,14.329999923706055,14.539999961853027,14.289999961853027,14.4399995803833,56947,0.0,0.0
2023-07-05 15:30:00-04:00,14.4399995803833,14.4399995803833,14.199999809265137,14.229999542236328,67269,0.0,0.0
2023-07-06 09:30:00-04:00,13.9399995803833,14.350000381469727,13.859999656677246,14.0,64911,0.0,0.0
2023-07-06 10:30:00-04:00,14.0,14.229299545288086,13.869999885559082,14.203800201416016,104621,0.0,0.0
2023-07-06 11:30:00-04:00,14.199999809265137,14.619999885559082,14.180000305175781,14.470000267028809,110331,0.0,0.0
2023-07-06 12:30:00-04:00,14.4399995803833,14.5600004196167,14.350000381469727,14.357799530029297,79077,0.0,0.0
2023-07-06 13:30:00-04:00,14.40999984741211,14.4399995803833,14.3100004196167,14.349900245666504,23952,0.0,0.0
2023-07-06 14:30:00-04:00,14.348999977111816,14.567099571228027,14.3100004196167,14.444999694824219,159410,0.0,0.0
2023-07-06 15:30:00-04:00,14.430899620056152,14.510000228881836,14.350000381469727,14.449999809265137,74965,0.0,0.0
2023-07-07 09:30:00-04:00,14.600000381469727,15.180000305175781,14.600000381469727,15.180000305175781,57275,0.0,0.0
2023-07-07 10:30:00-04:00,15.199999809265137,15.510000228881836,15.199999809265137,15.460000038146973,36764,0.0,0.0
2023-07-07 11:30:00-04:00,15.5,15.5,15.279999732971191,15.295000076293945,22691,0.0,0.0
2023-07-07 12:30:00-04:00,15.279999732971191,15.449999809265137,15.279999732971191,15.399999618530273,32710,0.0,0.0
2023-07-07 13:30:00-04:00,15.40999984741211,15.529999732971191,15.385000228881836,15.479999542236328,41298,0.0,0.0
2023-07-07 14:30:00-04:00,15.479999542236328,15.489999771118164,15.380000114440918,15.4399995803833,25979,0.0,0.0
2023-07-07 15:30:00-04:00,15.449999809265137,15.5,15.15999984741211,15.279999732971191,94881,0.0,0.0
2023-07-10 09:30:00-04:00,14.5,14.729999542236328,13.199999809265137,13.4975004196167,168438,0.0,0.0
2023-07-10 10:30:00-04:00,13.498299598693848,13.770000457763672,13.069999694824219,13.309200286865234,79326,0.0,0.0
2023-07-10 11:30:00-04:00,13.305000305175781,13.53499984741211,13.289999961853027,13.41409969329834,40275,0.0,0.0
2023-07-10 12:30:00-04:00,13.390000343322754,13.510000228881836,13.385000228881836,13.420000076293945,34979,0.0,0.0
2023-07-10 13:30:00-04:00,13.430000305175781,13.800000190734863,13.430000305175781,13.489999771118164,59779,0.0,0.0
2023-07-10 14:30:00-04:00,13.489999771118164,13.600000381469727,13.4350004196167,13.550000190734863,54629,0.0,0.0
2023-07-10 15:30:00-04:00,13.5600004196167,13.869999885559082,13.539999961853027,13.770000457763672,113731,0.0,0.0
2023-07-11 09:30:00-04:00,13.989999771118164,14.359999656677246,13.890000343322754,14.289999961853027,79456,0.0,0.0
2023-07-11 10:30:00-04:00,14.279999732971191,14.369999885559082,14.020000457763672,14.055000305175781,32083,0.0,0.0
2023-07-11 11:30:00-04:00,14.0600004196167,14.09000015258789,13.920000076293945,14.050000190734863,24309,0.0,0.0
2023-07-11 12:30:00-04:00,14.05210018157959,14.15999984741211,14.029999732971191,14.140000343322754,18671,0.0,0.0
2023-07-11 13:30:00-04:00,14.135000228881836,14.210000038146973,14.079999923706055,14.210000038146973,24533,0.0,0.0
2023-07-11 14:30:00-04:00,14.229999542236328,14.300000190734863,14.170000076293945,14.300000190734863,24700,0.0,0.0
2023-07-11 15:30:00-04:00,14.279999732971191,14.350000381469727,14.220000267028809,14.319999694824219,69463,0.0,0.0
2023-07-12 09:30:00-04:00,14.550000190734863,14.620699882507324,14.369999885559082,14.620699882507324,32538,0.0,0.0
2023-07-12 10:30:00-04:00,14.640000343322754,14.789999961853027,14.640000343322754,14.760000228881836,50679,0.0,0.0
2023-07-12 11:30:00-04:00,14.779999732971191,14.829999923706055,14.579999923706055,14.654999732971191,43395,0.0,0.0
2023-07-12 12:30:00-04:00,14.65999984741211,14.760000228881836,14.65999984741211,14.704999923706055,14841,0.0,0.0
2023-07-12 13:30:00-04:00,14.6899995803833,14.784099578857422,14.6899995803833,14.75,16179,0.0,0.0
2023-07-12 14:30:00-04:00,14.739999771118164,14.770000457763672,14.539999961853027,14.545000076293945,37495,0.0,0.0
2023-07-12 15:30:00-04:00,14.550000190734863,14.59000015258789,14.5,14.550000190734863,66508,0.0,0.0
2023-07-13 09:30:00-04:00,14.479999542236328,14.8100004196167,14.270000457763672,14.8100004196167,29129,0.0,0.0
2023-07-13 10:30:00-04:00,14.850000381469727,14.850000381469727,14.6899995803833,14.829999923706055,25695,0.0,0.0
2023-07-13 11:30:00-04:00,14.829999923706055,14.979999542236328,14.8100004196167,14.930000305175781,27638,0.0,0.0
2023-07-13 12:30:00-04:00,14.9399995803833,15.0600004196167,14.895000457763672,15.0600004196167,24113,0.0,0.0
2023-07-13 13:30:00-04:00,15.020000457763672,15.069999694824219,14.880000114440918,14.9399995803833,29191,0.0,0.0
2023-07-13 14:30:00-04:00,14.930000305175781,15.149999618530273,14.920000076293945,15.045000076293945,42138,0.0,0.0
2023-07-13 15:30:00-04:00,15.050000190734863,15.079999923706055,14.925000190734863,14.989999771118164,82286,0.0,0.0
2023-07-14 09:30:00-04:00,14.850000381469727,15.074999809265137,14.630000114440918,14.720000267028809,18004,0.0,0.0
2023-07-14 10:30:00-04:00,14.720000267028809,14.779999732971191,14.640000343322754,14.670000076293945,20180,0.0,0.0
2023-07-14 11:30:00-04:00,14.609999656677246,14.699999809265137,14.550000190734863,14.5600004196167,18058,0.0,0.0
2023-07-14 12:30:00-04:00,14.59000015258789,14.680000305175781,14.579999923706055,14.609999656677246,12419,0.0,0.0
2023-07-14 13:30:00-04:00,14.607099533081055,14.635000228881836,14.579999923706055,14.619999885559082,17052,0.0,0.0
2023-07-14 14:30:00-04:00,14.630000114440918,14.760000228881836,14.619999885559082,14.729999542236328,20686,0.0,0.0
2023-07-14 15:30:00-04:00,14.729999542236328,14.819999694824219,14.729999542236328,14.789999961853027,42285,0.0,0.0
2023-07-17 09:30:00-04:00,14.6899995803833,14.989999771118164,14.642499923706055,14.819999694824219,16727,0.0,0.0
2023-07-17 10:30:00-04:00,14.875,14.914999961853027,14.729999542236328,14.795000076293945,17542,0.0,0.0
2023-07-17 11:30:00-04:00,14.760000228881836,14.9399995803833,14.760000228881836,14.902000427246094,9254,0.0,0.0
2023-07-17 12:30:00-04:00,14.9399995803833,14.994999885559082,14.899999618530273,14.90999984741211,14452,0.0,0.0
2023-07-17 13:30:00-04:00,14.90999984741211,15.0600004196167,14.90999984741211,15.029999732971191,13072,0.0,0.0
2023-07-17 14:30:00-04:00,15.029999732971191,15.15999984741211,15.02750015258789,15.069999694824219,34813,0.0,0.0
2023-07-17 15:30:00-04:00,15.069999694824219,15.170000076293945,15.069999694824219,15.100000381469727,66371,0.0,0.0
2023-07-18 09:30:00-04:00,15.039999961853027,15.460000038146973,15.039999961853027,15.460000038146973,22770,0.0,0.0
2023-07-18 10:30:00-04:00,15.40999984741211,15.40999984741211,15.234999656677246,15.305000305175781,15917,0.0,0.0
2023-07-18 11:30:00-04:00,15.289999961853027,15.390000343322754,15.229999542236328,15.229999542236328,12788,0.0,0.0
2023-07-18 12:30:00-04:00,15.220000267028809,15.274999618530273,15.180000305175781,15.260000228881836,11188,0.0,0.0
2023-07-18 13:30:00-04:00,15.260000228881836,15.260000228881836,15.1899995803833,15.255000114440918,10569,0.0,0.0
2023-07-18 14:30:00-04:00,15.270000457763672,15.390000343322754,15.225000381469727,15.350000381469727,21316,0.0,0.0
2023-07-18 15:30:00-04:00,15.329999923706055,15.350000381469727,15.229999542236328,15.300000190734863,41900,0.0,0.0
2023-07-19 09:30:00-04:00,15.4399995803833,15.819999694824219,15.4399995803833,15.779999732971191,23268,0.0,0.0
2023-07-19 10:30:00-04:00,15.779999732971191,15.859999656677246,15.710000038146973,15.720000267028809,12720,0.0,0.0
2023-07-19 11:30:00-04:00,15.675000190734863,15.8100004196167,15.619999885559082,15.8100004196167,15035,0.0,0.0
2023-07-19 12:30:00-04:00,15.779999732971191,15.800000190734863,15.609999656677246,15.6899995803833,10890,0.0,0.0
2023-07-19 13:30:00-04:00,15.694999694824219,15.760000228881836,15.649999618530273,15.720000267028809,12030,0.0,0.0
2023-07-19 14:30:00-04:00,15.710000038146973,15.824999809265137,15.710000038146973,15.805000305175781,17713,0.0,0.0
2023-07-19 15:30:00-04:00,15.760000228881836,15.800000190734863,15.6899995803833,15.770000457763672,48969,0.0,0.0
2023-07-20 09:30:00-04:00,15.760000228881836,15.760000228881836,15.34000015258789,15.430000305175781,18626,0.0,0.0
2023-07-20 10:30:00-04:00,15.5,15.550000190734863,15.40999984741211,15.515000343322754,20836,0.0,0.0
2023-07-20 11:30:00-04:00,15.479999542236328,15.579999923706055,15.479999542236328,15.5,16506,0.0,0.0
2023-07-20 12:30:00-04:00,15.5,15.529999732971191,15.479999542236328,15.489999771118164,11686,0.0,0.0
2023-07-20 13:30:00-04:00,15.489999771118164,15.579999923706055,15.470000267028809,15.489999771118164,26398,0.0,0.0
2023-07-20 14:30:00-04:00,15.470000267028809,15.5600004196167,15.470000267028809,15.529999732971191,27483,0.0,0.0
2023-07-20 15:30:00-04:00,15.529999732971191,15.619999885559082,15.529999732971191,15.569999694824219,44766,0.0,0.0
2023-07-21 09:30:00-04:00,15.770000457763672,15.770000457763672,15.470000267028809,15.619999885559082,30713,0.0,0.0
2023-07-21 10:30:00-04:00,15.649999618530273,15.725000381469727,15.604999542236328,15.680000305175781,9941,0.0,0.0
2023-07-21 11:30:00-04:00,15.65999984741211,15.65999984741211,15.510000228881836,15.609999656677246,13509,0.0,0.0
2023-07-21 12:30:00-04:00,15.569999694824219,15.619999885559082,15.539999961853027,15.609999656677246,10719,0.0,0.0
2023-07-21 13:30:00-04:00,15.609999656677246,15.699999809265137,15.609999656677246,15.619999885559082,7080,0.0,0.0
2023-07-21 14:30:00-04:00,15.619999885559082,15.6899995803833,15.600000381469727,15.670000076293945,19045,0.0,0.0
2023-07-21 15:30:00-04:00,15.65999984741211,15.6899995803833,15.569999694824219,15.670000076293945,44992,0.0,0.0
2023-07-24 09:30:00-04:00,15.710000038146973,15.9399995803833,15.609999656677246,15.869999885559082,14669,0.0,0.0
2023-07-24 10:30:00-04:00,15.899999618530273,15.995200157165527,15.850000381469727,15.90999984741211,21945,0.0,0.0
2023-07-24 11:30:00-04:00,15.90999984741211,16.030000686645508,15.890000343322754,15.960000038146973,17969,0.0,0.0
2023-07-24 12:30:00-04:00,15.960000038146973,16.149999618530273,15.960000038146973,16.1299991607666,15654,0.0,0.0
2023-07-24 13:30:00-04:00,16.110000610351562,16.149999618530273,15.930000305175781,16.084999084472656,27088,0.0,0.0
2023-07-24 14:30:00-04:00,16.084999084472656,16.084999084472656,16.0,16.059999465942383,19162,0.0,0.0
2023-07-24 15:30:00-04:00,16.059999465942383,16.100000381469727,16.020000457763672,16.020000457763672,45176,0.0,0.0
2023-07-25 09:30:00-04:00,15.970000267028809,15.970000267028809,15.800000190734863,15.800000190734863,11340,0.0,0.0
2023-07-25 10:30:00-04:00,15.779999732971191,15.836700439453125,15.6899995803833,15.6899995803833,15114,0.0,0.0
2023-07-25 11:30:00-04:00,15.680000305175781,15.6899995803833,15.619999885559082,15.6899995803833,10810,0.0,0.0
2023-07-25 12:30:00-04:00,15.710000038146973,15.710000038146973,15.609999656677246,15.649999618530273,9612,0.0,0.0
2023-07-25 13:30:00-04:00,15.649999618530273,15.680000305175781,15.619999885559082,15.680000305175781,7327,0.0,0.0
2023-07-25 14:30:00-04:00,15.680000305175781,15.699999809265137,15.399999618530273,15.484999656677246,33538,0.0,0.0
2023-07-25 15:30:00-04:00,15.492199897766113,15.492199897766113,15.329999923706055,15.380000114440918,39282,0.0,0.0
2023-07-26 09:30:00-04:00,15.579999923706055,16.15999984741211,15.579999923706055,15.859999656677246,36972,0.0,0.0
2023-07-26 10:30:00-04:00,15.800000190734863,15.880000114440918,15.720000267028809,15.760000228881836,12911,0.0,0.0
2023-07-26 11:30:00-04:00,15.795000076293945,15.859999656677246,15.760000228881836,15.760000228881836,11063,0.0,0.0
2023-07-26 12:30:00-04:00,15.770000457763672,15.789999961853027,15.680000305175781,15.699999809265137,18840,0.0,0.0
2023-07-26 13:30:00-04:00,15.6899995803833,15.720000267028809,15.550000190734863,15.680000305175781,18232,0.0,0.0
2023-07-26 14:30:00-04:00,15.694999694824219,15.770000457763672,15.59000015258789,15.680000305175781,27980,0.0,0.0
2023-07-26 15:30:00-04:00,15.670000076293945,15.704999923706055,15.630000114440918,15.65999984741211,56842,0.0,0.0
2023-07-27 09:30:00-04:00,15.729999542236328,15.805000305175781,15.550000190734863,15.720000267028809,13960,0.0,0.0
2023-07-27 10:30:00-04:00,15.710000038146973,15.774900436401367,15.609999656677246,15.645000457763672,19342,0.0,0.0
2023-07-27 11:30:00-04:00,15.65999984741211,15.739999771118164,15.649999618530273,15.699999809265137,15408,0.0,0.0
2023-07-27 12:30:00-04:00,15.699999809265137,15.720000267028809,15.579999923706055,15.600000381469727,13924,0.0,0.0
2023-07-27 13:30:00-04:00,15.600000381469727,15.609999656677246,15.460000038146973,15.475000381469727,17737,0.0,0.0
2023-07-27 14:30:00-04:00,15.4399995803833,15.4399995803833,15.289999961853027,15.313699722290039,22207,0.0,0.0
2023-07-27 15:30:00-04:00,15.3100004196167,15.390000343322754,15.270000457763672,15.369999885559082,52378,0.0,0.0
2023-07-28 09:30:00-04:00,15.470000267028809,15.649999618530273,15.369999885559082,15.454999923706055,24449,0.0,0.0
2023-07-28 10:30:00-04:00,15.479999542236328,15.520000457763672,15.380000114440918,15.484999656677246,26246,0.0,0.0
2023-07-28 11:30:00-04:00,15.484999656677246,15.53499984741211,15.399999618530273,15.510000228881836,12506,0.0,0.0
2023-07-28 12:30:00-04:00,15.510000228881836,15.524999618530273,15.399999618530273,15.399999618530273,20012,0.0,0.0
2023-07-28 13:30:00-04:00,15.399999618530273,15.40999984741211,15.324999809265137,15.369999885559082,17300,0.0,0.0
2023-07-28 14:30:00-04:00,15.359999656677246,15.5,15.340999603271484,15.40999984741211,22776,0.0,0.0
2023-07-28 15:30:00-04:00,15.420000076293945,15.470000267028809,15.359999656677246,15.4399995803833,42744,0.0,0.0
2023-07-31 09:30:00-04:00,15.5,15.720000267028809,15.5,15.569999694824219,27930,0.0,0.0
2023-07-31 10:30:00-04:00,15.640000343322754,15.65999984741211,15.520000457763672,15.630000114440918,26872,0.0,0.0
2023-07-31 11:30:00-04:00,15.600000381469727,15.632699966430664,15.5600004196167,15.625,19317,0.0,0.0
2023-07-31 12:30:00-04:00,15.640000343322754,15.760000228881836,15.550000190734863,15.62339973449707,30650,0.0,0.0
2023-07-31 13:30:00-04:00,15.619999885559082,15.729999542236328,15.579999923706055,15.720000267028809,64855,0.0,0.0
2023-07-31 14:30:00-04:00,15.699999809265137,15.729999542236328,15.640000343322754,15.699999809265137,65882,0.0,0.0
2023-07-31 15:30:00-04:00,15.699999809265137,15.932499885559082,15.699999809265137,15.819999694824219,125081,0.0,0.0
2023-08-01 09:30:00-04:00,14.289999961853027,14.5649995803833,13.220000267028809,14.09000015258789,169870,0.0,0.0
2023-08-01 10:30:00-04:00,14.100000381469727,14.899999618530273,14.100000381469727,14.529999732971191,96095,0.0,0.0
2023-08-01 11:30:00-04:00,14.5600004196167,14.699999809265137,14.1899995803833,14.420000076293945,56385,0.0,0.0
2023-08-01 12:30:00-04:00,14.40999984741211,14.489999771118164,14.074999809265137,14.359999656677246,58276,0.0,0.0
2023-08-01 13:30:00-04:00,14.34000015258789,14.720000267028809,14.239999771118164,14.699999809265137,67838,0.0,0.0
2023-08-01 14:30:00-04:00,14.699999809265137,14.699999809265137,14.329999923706055,14.489999771118164,97909,0.0,0.0
2023-08-01 15:30:00-04:00,14.5,14.529999732971191,14.369999885559082,14.380000114440918,99423,0.0,0.0
2023-08-02 09:30:00-04:00,14.119999885559082,14.5600004196167,13.819999694824219,14.300000190734863,80009,0.0,0.0
2023-08-02 10:30:00-04:00,14.305000305175781,14.479999542236328,14.20009994506836,14.3100004196167,56003,0.0,0.0
2023-08-02 11:30:00-04:00,14.300000190734863,14.454999923706055,14.25,14.300000190734863,50293,0.0,0.0
2023-08-02 12:30:00-04:00,14.319999694824219,14.380000114440918,14.289999961853027,14.300000190734863,16765,0.0,0.0
2023-08-02 13:30:00-04:00,14.3100004196167,14.4399995803833,14.3100004196167,14.414999961853027,18266,0.0,0.0
2023-08-02 14:30:00-04:00,14.430000305175781,14.430000305175781,14.149999618530273,14.149999618530273,45010,0.0,0.0
2023-08-02 15:30:00-04:00,14.150099754333496,14.260000228881836,14.100000381469727,14.229999542236328,90695,0.0,0.0
2023-08-03 09:30:00-04:00,14.119999885559082,14.1899995803833,13.770099639892578,13.989999771118164,24985,0.0,0.0
2023-08-03 10:30:00-04:00,13.949999809265137,13.975000381469727,13.675000190734863,13.770000457763672,25715,0.0,0.0
2023-08-03 11:30:00-04:00,13.760000228881836,13.779999732971191,13.5,13.515000343322754,29715,0.0,0.0
2023-08-03 12:30:00-04:00,13.524999618530273,13.524999618530273,13.420000076293945,13.449999809265137,18549,0.0,0.0
2023-08-03 13:30:00-04:00,13.460000038146973,13.460000038146973,13.239999771118164,13.289999961853027,35821,0.0,0.0
2023-08-03 14:30:00-04:00,13.279999732971191,13.279999732971191,13.050000190734863,13.069999694824219,31569,0.0,0.0
2023-08-03 15:30:00-04:00,13.050100326538086,13.1899995803833,13.039999961853027,13.149999618530273,71819,0.0,0.0
2023-08-04 09:30:00-04:00,13.229999542236328,13.494999885559082,13.09000015258789,13.449999809265137,36415,0.0,0.0
2023-08-04 10:30:00-04:00,13.475299835205078,13.5,13.220000267028809,13.34000015258789,45169,0.0,0.0
2023-08-04 11:30:00-04:00,13.390000343322754,13.4399995803833,13.350199699401855,13.425999641418457,12220,0.0,0.0
2023-08-04 12:30:00-04:00,13.4399995803833,13.619999885559082,13.420000076293945,13.569999694824219,18371,0.0,0.0
2023-08-04 13:30:00-04:00,13.569999694824219,13.680000305175781,13.460000038146973,13.460000038146973,27679,0.0,0.0
2023-08-04 14:30:00-04:00,13.4399995803833,13.520000457763672,13.404999732971191,13.449999809265137,26456,0.0,0.0
2023-08-04 15:30:00-04:00,13.449999809265137,13.630000114440918,13.449999809265137,13.600000381469727,105504,0.0,0.0
2023-08-07 09:30:00-04:00,13.630000114440918,13.789999961853027,13.520000457763672,13.555000305175781,25670,0.0,0.0
2023-08-07 10:30:00-04:00,13.569999694824219,13.649999618530273,13.497099876403809,13.515000343322754,24369,0.0,0.0
2023-08-07 11:30:00-04:00,13.470000267028809,13.539999961853027,13.390000343322754,13.515000343322754,16551,0.0,0.0
2023-08-07 12:30:00-04:00,13.515000343322754,13.529999732971191,13.470000267028809,13.470000267028809,11521,0.0,0.0
2023-08-07 13:30:00-04:00,13.470000267028809,13.529999732971191,13.400899887084961,13.400899887084961,25569,0.0,0.0
2023-08-07 14:30:00-04:00,13.420000076293945,13.569999694824219,13.390000343322754,13.569999694824219,21360,0.0,0.0
2023-08-07 15:30:00-04:00,13.600000381469727,13.710000038146973,13.59000015258789,13.670000076293945,63862,0.0,0.0
2023-08-08 09:30:00-04:00,13.550000190734863,13.9399995803833,13.383000373840332,13.853099822998047,54059,0.0,0.0
2023-08-08 10:30:00-04:00,13.829999923706055,13.90999984741211,13.779999732971191,13.90999984741211,18183,0.0,0.0
2023-08-08 11:30:00-04:00,13.90999984741211,13.960000038146973,13.829999923706055,13.90999984741211,19761,0.0,0.0
2023-08-08 12:30:00-04:00,13.890000343322754,13.979999542236328,13.835000038146973,13.9399995803833,11134,0.0,0.0
2023-08-08 13:30:00-04:00,13.9399995803833,13.9399995803833,13.859999656677246,13.880000114440918,14352,0.0,0.0
2023-08-08 14:30:00-04:00,13.880000114440918,13.895000457763672,13.829999923706055,13.869999885559082,21565,0.0,0.0
2023-08-08 15:30:00-04:00,13.869999885559082,13.869999885559082,13.760000228881836,13.779999732971191,44490,0.0,0.0
2023-08-09 09:30:00-04:00,13.720000267028809,13.720000267028809,13.385000228881836,13.520000457763672,25614,0.0,0.0
2023-08-09 10:30:00-04:00,13.529999732971191,13.539999961853027,13.329999923706055,13.329999923706055,10835,0.0,0.0
2023-08-09 11:30:00-04:00,13.300000190734863,13.359999656677246,13.270000457763672,13.34000015258789,13461,0.0,0.0
2023-08-09 12:30:00-04:00,13.329999923706055,13.399999618530273,13.3149995803833,13.399999618530273,8696,0.0,0.0
2023-08-09 13:30:00-04:00,13.399999618530273,13.619999885559082,13.399999618530273,13.604999542236328,22841,0.0,0.0
2023-08-09 14:30:00-04:00,13.619999885559082,13.640000343322754,13.524999618530273,13.5600004196167,31234,0.0,0.0
2023-08-09 15:30:00-04:00,13.550000190734863,13.609999656677246,13.539999961853027,13.600000381469727,43320,0.0,0.0
2023-08-10 09:30:00-04:00,13.65999984741211,13.930000305175781,13.569999694824219,13.880000114440918,12272,0.0,0.0
2023-08-10 10:30:00-04:00,13.850000381469727,13.880000114440918,13.710000038146973,13.710000038146973,12436,0.0,0.0
2023-08-10 11:30:00-04:00,13.699999809265137,13.710000038146973,13.370599746704102,13.430000305175781,45885,0.0,0.0
2023-08-10 12:30:00-04:00,13.430000305175781,13.529999732971191,13.399999618530273,13.479999542236328,17261,0.0,0.0
2023-08-10 13:30:00-04:00,13.479999542236328,13.5,13.25,13.300000190734863,18181,0.0,0.0
2023-08-10 14:30:00-04:00,13.3100004196167,13.3100004196167,13.119999885559082,13.140000343322754,30133,0.0,0.0
2023-08-10 15:30:00-04:00,13.140000343322754,13.239999771118164,13.100000381469727,13.210000038146973,62857,0.0,0.0
2023-08-11 09:30:00-04:00,13.260000228881836,13.319999694824219,13.149999618530273,13.1850004196167,11523,0.0,0.0
2023-08-11 10:30:00-04:00,13.1850004196167,13.229999542236328,13.119999885559082,13.131099700927734,12052,0.0,0.0
2023-08-11 11:30:00-04:00,13.130000114440918,13.1899995803833,13.109999656677246,13.149999618530273,10686,0.0,0.0
2023-08-11 12:30:00-04:00,13.15999984741211,13.170000076293945,13.130000114440918,13.149999618530273,10434,0.0,0.0
2023-08-11 13:30:00-04:00,13.149999618530273,13.1899995803833,13.135000228881836,13.180000305175781,12839,0.0,0.0
2023-08-11 14:30:00-04:00,13.189399719238281,13.1899995803833,13.09000015258789,13.09000015258789,15439,0.0,0.0
2023-08-11 15:30:00-04:00,13.09000015258789,13.100000381469727,12.949999809265137,13.010000228881836,29279,0.0,0.0
2023-08-14 09:30:00-04:00,12.880000114440918,12.880000114440918,12.579999923706055,12.770000457763672,28788,0.0,0.0
2023-08-14 10:30:00-04:00,12.739999771118164,12.8100004196167,12.670000076293945,12.699999809265137,12964,0.0,0.0
2023-08-14 11:30:00-04:00,12.699999809265137,12.755000114440918,12.65999984741211,12.65999984741211,13403,0.0,0.0
2023-08-14 12:30:00-04:00,12.667400360107422,12.739999771118164,12.667400360107422,12.699999809265137,9442,0.0,0.0
2023-08-14 13:30:00-04:00,12.710000038146973,12.710000038146973,12.539999961853027,12.5600004196167,17077,0.0,0.0
2023-08-14 14:30:00-04:00,12.5600004196167,12.5600004196167,12.510000228881836,12.529999732971191,16889,0.0,0.0
2023-08-14 15:30:00-04:00,12.539999961853027,12.600000381469727,12.470000267028809,12.550000190734863,57156,0.0,0.0
2023-08-15 09:30:00-04:00,12.399999618530273,12.439900398254395,12.300000190734863,12.350000381469727,14123,0.0,0.0
2023-08-15 10:30:00-04:00,12.369999885559082,12.569999694824219,12.359999656677246,12.5600004196167,14105,0.0,0.0
2023-08-15 11:30:00-04:00,12.5600004196167,12.649999618530273,12.4399995803833,12.619999885559082,27771,0.0,0.0
2023-08-15 12:30:00-04:00,12.619999885559082,12.619999885559082,12.479999542236328,12.510000228881836,7959,0.0,0.0
2023-08-15 13:30:00-04:00,12.510000228881836,12.574999809265137,12.470000267028809,12.545000076293945,12223,0.0,0.0
2023-08-15 14:30:00-04:00,12.5600004196167,12.649999618530273,12.5600004196167,12.59000015258789,15748,0.0,0.0
2023-08-15 15:30:00-04:00,12.59000015258789,12.649999618530273,12.579999923706055,12.609999656677246,39549,0.0,0.0
2023-08-16 09:30:00-04:00,12.619999885559082,12.84000015258789,12.619999885559082,12.744999885559082,17673,0.0,0.0
2023-08-16 10:30:00-04:00,12.760000228881836,12.90999984741211,12.760000228881836,12.90999984741211,28875,0.0,0.0
2023-08-16 11:30:00-04:00,12.90999984741211,12.90999984741211,12.800000190734863,12.830300331115723,13086,0.0,0.0
2023-08-16 12:30:00-04:00,12.819999694824219,12.880000114440918,12.8100004196167,12.8100004196167,12467,0.0,0.0
2023-08-16 13:30:00-04:00,12.824999809265137,12.84000015258789,12.65999984741211,12.71500015258789,17790,0.0,0.0
2023-08-16 14:30:00-04:00,12.729999542236328,12.770000457763672,12.680000305175781,12.755000114440918,27461,0.0,0.0
2023-08-16 15:30:00-04:00,12.755000114440918,12.755000114440918,12.609999656677246,12.609999656677246,53566,0.0,0.0
2023-08-17 09:30:00-04:00,12.680000305175781,12.75,12.59000015258789,12.739999771118164,8889,0.0,0.0
2023-08-17 10:30:00-04:00,12.720000267028809,12.720000267028809,12.5,12.510000228881836,8117,0.0,0.0
2023-08-17 11:30:00-04:00,12.524999618530273,12.569999694824219,12.479999542236328,12.529999732971191,15145,0.0,0.0
2023-08-17 12:30:00-04:00,12.529999732971191,12.550000190734863,12.510000228881836,12.539999961853027,8601,0.0,0.0
2023-08-17 13:30:00-04:00,12.550000190734863,12.550000190734863,12.420000076293945,12.460000038146973,10864,0.0,0.0
2023-08-17 14:30:00-04:00,12.4399995803833,12.510000228881836,12.4399995803833,12.489999771118164,20307,0.0,0.0
2023-08-17 15:30:00-04:00,12.520000457763672,12.520000457763672,12.380000114440918,12.420000076293945,45055,0.0,0.0
2023-08-18 09:30:00-04:00,12.25,12.520000457763672,12.25,12.479999542236328,17460,0.0,0.0
2023-08-18 10:30:00-04:00,12.420000076293945,12.520000457763672,12.399999618530273,12.479999542236328,14772,0.0,0.0
2023-08-18 11:30:00-04:00,12.489999771118164,12.5,12.390000343322754,12.470000267028809,9445,0.0,0.0
2023-08-18 12:30:00-04:00,12.470000267028809,12.529999732971191,12.40999984741211,12.430000305175781,12953,0.0,0.0
2023-08-18 13:30:00-04:00,12.449999809265137,12.489999771118164,12.420000076293945,12.460000038146973,10304,0.0,0.0
2023-08-18 14:30:00-04:00,12.460000038146973,12.479999542236328,12.420000076293945,12.46500015258789,16984,0.0,0.0
2023-08-18 15:30:00-04:00,12.460000038146973,12.510000228881836,12.4350004196167,12.460000038146973,31516,0.0,0.0
2023-08-21 09:30:00-04:00,12.520000457763672,12.520000457763672,12.380000114440918,12.468799591064453,19812,0.0,0.0
2023-08-21 10:30:00-04:00,12.460000038146973,12.710000038146973,12.430000305175781,12.699999809265137,45250,0.0,0.0
2023-08-21 11:30:00-04:00,12.670000076293945,12.680000305175781,12.402400016784668,12.40250015258789,21811,0.0,0.0
2023-08-21 12:30:00-04:00,12.399999618530273,12.40999984741211,12.279999732971191,12.341500282287598,18872,0.0,0.0
2023-08-21 13:30:00-04:00,12.350000381469727,12.399999618530273,12.319999694824219,12.377599716186523,18381,0.0,0.0
2023-08-21 14:30:00-04:00,12.390000343322754,12.460000038146973,12.329999923706055,12.449999809265137,39605,0.0,0.0
2023-08-21 15:30:00-04:00,12.4399995803833,12.510000228881836,12.430000305175781,12.510000228881836,87975,0.0,0.0
2023-08-22 09:30:00-04:00,12.550000190734863,12.619999885559082,12.260000228881836,12.300000190734863,19621,0.0,0.0
2023-08-22 10:30:00-04:00,12.300000190734863,12.319999694824219,12.180000305175781,12.1850004196167,16046,0.0,0.0
2023-08-22 11:30:00-04:00,12.1899995803833,12.199999809265137,12.149999618530273,12.149999618530273,14332,0.0,0.0
2023-08-22 12:30:00-04:00,12.15999984741211,12.180000305175781,12.109999656677246,12.15999984741211,10450,0.0,0.0
2023-08-22 13:30:00-04:00,12.15999984741211,12.180000305175781,12.09000015258789,12.100000381469727,15092,0.0,0.0
2023-08-22 14:30:00-04:00,12.100000381469727,12.100000381469727,12.050000190734863,12.0600004196167,29465,0.0,0.0
2023-08-22 15:30:00-04:00,12.050000190734863,12.0600004196167,11.970000267028809,11.989999771118164,69260,0.0,0.0
2023-08-23 09:30:00-04:00,11.930000305175781,12.105999946594238,11.900099754333496,12.010000228881836,15961,0.0,0.0
2023-08-23 10:30:00-04:00,12.020000457763672,12.03499984741211,11.979999542236328,12.010000228881836,12863,0.0,0.0
2023-08-23 11:30:00-04:00,11.989999771118164,12.0600004196167,11.970000267028809,12.024999618530273,12838,0.0,0.0
2023-08-23 12:30:00-04:00,12.020999908447266,12.058899879455566,11.989999771118164,12.058899879455566,15458,0.0,0.0
2023-08-23 13:30:00-04:00,12.0649995803833,12.100000381469727,12.029999732971191,12.039999961853027,13293,0.0,0.0
2023-08-23 14:30:00-04:00,12.039899826049805,12.09000015258789,12.029999732971191,12.079899787902832,10357,0.0,0.0
2023-08-23 15:30:00-04:00,12.09000015258789,12.100000381469727,12.0600004196167,12.079999923706055,24165,0.0,0.0
2023-08-24 09:30:00-04:00,12.0,12.149999618530273,11.899999618530273,12.039999961853027,12246,0.0,0.0
2023-08-24 10:30:00-04:00,12.010000228881836,12.039999961853027,12.0,12.0,12019,0.0,0.0
2023-08-24 11:30:00-04:00,11.989999771118164,12.039999961853027,11.989999771118164,12.029999732971191,7999,0.0,0.0
2023-08-24 12:30:00-04:00,12.029999732971191,12.039999961853027,11.949999809265137,11.949999809265137,11896,0.0,0.0
2023-08-24 13:30:00-04:00,11.960000038146973,11.979999542236328,11.880000114440918,11.920000076293945,10556,0.0,0.0
2023-08-24 14:30:00-04:00,11.930000305175781,11.972000122070312,11.899999618530273,11.9399995803833,16350,0.0,0.0
2023-08-24 15:30:00-04:00,11.9399995803833,11.9399995803833,11.850000381469727,11.859999656677246,41046,0.0,0.0
2023-08-25 09:30:00-04:00,11.949999809265137,12.079999923706055,11.9399995803833,11.989999771118164,13581,0.0,0.0
2023-08-25 10:30:00-04:00,11.989999771118164,11.989999771118164,11.869999885559082,11.869999885559082,11011,0.0,0.0
2023-08-25 11:30:00-04:00,11.880000114440918,11.890000343322754,11.789999961853027,11.869999885559082,9135,0.0,0.0
2023-08-25 12:30:00-04:00,11.890000343322754,11.9399995803833,11.869999885559082,11.880000114440918,10079,0.0,0.0
2023-08-25 13:30:00-04:00,11.859999656677246,11.996100425720215,11.859999656677246,11.996100425720215,8878,0.0,0.0
2023-08-25 14:30:00-04:00,12.0,12.039999961853027,11.989999771118164,12.010000228881836,15032,0.0,0.0
2023-08-25 15:30:00-04:00,12.0,12.0,11.850000381469727,11.859999656677246,33107,0.0,0.0
2023-08-28 09:30:00-04:00,11.920000076293945,12.229999542236328,11.920000076293945,12.204999923706055,12622,0.0,0.0
2023-08-28 10:30:00-04:00,12.180000305175781,12.1899995803833,12.010000228881836,12.010000228881836,14628,0.0,0.0
2023-08-28 11:30:00-04:00,12.010000228881836,12.045000076293945,12.0,12.020000457763672,12444,0.0,0.0
2023-08-28 12:30:00-04:00,12.029999732971191,12.0600004196167,12.0,12.005399703979492,12405,0.0,0.0
2023-08-28 13:30:00-04:00,12.010000228881836,12.010000228881836,11.800000190734863,11.845000267028809,21443,0.0,0.0
2023-08-28 14:30:00-04:00,11.850000381469727,11.859999656677246,11.800000190734863,11.819999694824219,26196,0.0,0.0
2023-08-28 15:30:00-04:00,11.824999809265137,11.84000015258789,11.739999771118164,11.739999771118164,75582,0.0,0.0
2023-08-29 09:30:00-04:00,11.760000228881836,11.970000267028809,11.760000228881836,11.954999923706055,20669,0.0,0.0
2023-08-29 10:30:00-04:00,11.970000267028809,12.039999961853027,11.949999809265137,11.994999885559082,29259,0.0,0.0
2023-08-29 11:30:00-04:00,12.0,12.050000190734863,11.949999809265137,12.029999732971191,23243,0.0,0.0
2023-08-29 12:30:00-04:00,12.020000457763672,12.0600004196167,12.010000228881836,12.024999618530273,13640,0.0,0.0
2023-08-29 13:30:00-04:00,12.024999618530273,12.074999809265137,12.0,12.050000190734863,19122,0.0,0.0
2023-08-29 14:30:00-04:00,12.055000305175781,12.0600004196167,11.989999771118164,12.029999732971191,28223,0.0,0.0
2023-08-29 15:30:00-04:00,12.03499984741211,12.039999961853027,11.979999542236328,12.029999732971191,53231,0.0,0.0
2023-08-30 09:30:00-04:00,12.050000190734863,12.329999923706055,12.050000190734863,12.09000015258789,19716,0.0,0.0
2023-08-30 10:30:00-04:00,12.15999984741211,12.180000305175781,12.074999809265137,12.149999618530273,16454,0.0,0.0
2023-08-30 11:30:00-04:00,12.15999984741211,12.180000305175781,12.100000381469727,12.119999885559082,11887,0.0,0.0
2023-08-30 12:30:00-04:00,12.125,12.1899995803833,12.0600004196167,12.104999542236328,14365,0.0,0.0
2023-08-30 13:30:00-04:00,12.109999656677246,12.130000114440918,12.020000457763672,12.039999961853027,17017,0.0,0.0
2023-08-30 14:30:00-04:00,12.039999961853027,12.074999809265137,12.015000343322754,12.029999732971191,23055,0.0,0.0
2023-08-30 15:30:00-04:00,12.029999732971191,12.039999961853027,11.9399995803833,11.949999809265137,65359,0.0,0.0
2023-08-31 09:30:00-04:00,11.920000076293945,12.15999984741211,11.920000076293945,12.069999694824219,25690,0.0,0.0
2023-08-31 10:30:00-04:00,12.0600004196167,12.079999923706055,12.029999732971191,12.039999961853027,13030,0.0,0.0
2023-08-31 11:30:00-04:00,12.029999732971191,12.029999732971191,11.970000267028809,11.970000267028809,14877,0.0,0.0
2023-08-31 12:30:00-04:00,11.970000267028809,12.010000228881836,11.920000076293945,12.010000228881836,17955,0.0,0.0
2023-08-31 13:30:00-04:00,12.039999961853027,12.039999961853027,11.989999771118164,12.010000228881836,9290,0.0,0.0
2023-08-31 14:30:00-04:00,12.020000457763672,12.020000457763672,11.979999542236328,12.015000343322754,17354,0.0,0.0
2023-08-31 15:30:00-04:00,12.015000343322754,12.074999809265137,11.979999542236328,12.069999694824219,65548,0.0,0.0
2023-09-01 09:30:00-04:00,12.170000076293945,12.420000076293945,12.170000076293945,12.420000076293945,28520,0.0,0.0
2023-09-01 10:30:00-04:00,12.4399995803833,12.4399995803833,12.34000015258789,12.359999656677246,15131,0.0,0.0
2023-09-01 11:30:00-04:00,12.350000381469727,12.350000381469727,12.25,12.335000038146973,23008,0.0,0.0
2023-09-01 12:30:00-04:00,12.319999694824219,12.319999694824219,12.260000228881836,12.260000228881836,20154,0.0,0.0
2023-09-01 13:30:00-04:00,12.260000228881836,12.344400405883789,12.255000114440918,12.329999923706055,13968,0.0,0.0
2023-09-01 14:30:00-04:00,12.319999694824219,12.329999923706055,12.289999961853027,12.3100004196167,14055,0.0,0.0
2023-09-01 15:30:00-04:00,12.319999694824219,12.34000015258789,12.239999771118164,12.260000228881836,31359,0.0,0.0
2023-09-05 09:30:00-04:00,11.1899995803833,11.239999771118164,10.050000190734863,10.454999923706055,572408,0.0,0.0
2023-09-05 10:30:00-04:00,10.455699920654297,10.649999618530273,10.329999923706055,10.479999542236328,343095,0.0,0.0
2023-09-05 11:30:00-04:00,10.479999542236328,10.5600004196167,10.359999656677246,10.510000228881836,129103,0.0,0.0
2023-09-05 12:30:00-04:00,10.5,10.520400047302246,10.4399995803833,10.489999771118164,152800,0.0,0.0
2023-09-05 13:30:00-04:00,10.489999771118164,10.710000038146973,10.475000381469727,10.654999732971191,123809,0.0,0.0
2023-09-05 14:30:00-04:00,10.65999984741211,10.710000038146973,10.649999618530273,10.675000190734863,192737,0.0,0.0
2023-09-05 15:30:00-04:00,10.675000190734863,10.755000114440918,10.670000076293945,10.680000305175781,184794,0.0,0.0
2023-09-06 09:30:00-04:00,10.6899995803833,10.869999885559082,10.524999618530273,10.524999618530273,122159,0.0,0.0
2023-09-06 10:30:00-04:00,10.524999618530273,10.699999809265137,10.5,10.550000190734863,109408,0.0,0.0
2023-09-06 11:30:00-04:00,10.550000190734863,10.75,10.53499984741211,10.632200241088867,151152,0.0,0.0
2023-09-06 12:30:00-04:00,10.630000114440918,10.649999618530273,10.550000190734863,10.569999694824219,83486,0.0,0.0
2023-09-06 13:30:00-04:00,10.574999809265137,10.579999923706055,10.550000190734863,10.555000305175781,68528,0.0,0.0
2023-09-06 14:30:00-04:00,10.550000190734863,10.5600004196167,10.510000228881836,10.515000343322754,87330,0.0,0.0
2023-09-06 15:30:00-04:00,10.515000343322754,10.569999694824219,10.4399995803833,10.569999694824219,210059,0.0,0.0
2023-09-07 09:30:00-04:00,10.399999618530273,10.609999656677246,10.239999771118164,10.289999961853027,134951,0.0,0.0
2023-09-07 10:30:00-04:00,10.279999732971191,10.34000015258789,10.199999809265137,10.208499908447266,126398,0.0,0.0
2023-09-07 11:30:00-04:00,10.235300064086914,10.239999771118164,10.100000381469727,10.140000343322754,95877,0.0,0.0
2023-09-07 12:30:00-04:00,10.130000114440918,10.170000076293945,10.050000190734863,10.109999656677246,83887,0.0,0.0
2023-09-07 13:30:00-04:00,10.109999656677246,10.109999656677246,10.0,10.024999618530273,82232,0.0,0.0
2023-09-07 14:30:00-04:00,10.024999618530273,10.079999923706055,10.0,10.079999923706055,111102,0.0,0.0
2023-09-07 15:30:00-04:00,10.069999694824219,10.15999984741211,10.0600004196167,10.140000343322754,167778,0.0,0.0
2023-09-08 09:30:00-04:00,10.3100004196167,10.639599800109863,10.100000381469727,10.260000228881836,136301,0.0,0.0
2023-09-08 10:30:00-04:00,10.260000228881836,10.260000228881836,10.109999656677246,10.199999809265137,68364,0.0,0.0
2023-09-08 11:30:00-04:00,10.199999809265137,10.260000228881836,10.140000343322754,10.210000038146973,54243,0.0,0.0
2023-09-08 12:30:00-04:00,10.210000038146973,10.404999732971191,10.130000114440918,10.399999618530273,79504,0.0,0.0
2023-09-08 13:30:00-04:00,10.409000396728516,10.489999771118164,10.3100004196167,10.359999656677246,75218,0.0,0.0
2023-09-08 14:30:00-04:00,10.340100288391113,10.539999961853027,10.329999923706055,10.430000305175781,105671,0.0,0.0
2023-09-08 15:30:00-04:00,10.425000190734863,10.4350004196167,10.34000015258789,10.399999618530273,149030,0.0,0.0
2023-09-11 09:30:00-04:00,10.399999618530273,10.501299858093262,10.239999771118164,10.319999694824219,54980,0.0,0.0
2023-09-11 10:30:00-04:00,10.319999694824219,10.390000343322754,10.25,10.350000381469727,67652,0.0,0.0
2023-09-11 11:30:00-04:00,10.364999771118164,10.430000305175781,10.260000228881836,10.40999984741211,71922,0.0,0.0
2023-09-11 12:30:00-04:00,10.40999984741211,10.40999984741211,10.350000381469727,10.390000343322754,47592,0.0,0.0
2023-09-11 13:30:00-04:00,10.380000114440918,10.380000114440918,10.279999732971191,10.279999732971191,47519,0.0,0.0
2023-09-11 14:30:00-04:00,10.289999961853027,10.289999961853027,10.194999694824219,10.210000038146973,78871,0.0,0.0
2023-09-11 15:30:00-04:00,10.21500015258789,10.289999961853027,10.199999809265137,10.260000228881836,120756,0.0,0.0
2023-09-12 09:30:00-04:00,10.270000457763672,10.359999656677246,10.100000381469727,10.119999885559082,79187,0.0,0.0
2023-09-12 10:30:00-04:00,10.119999885559082,10.149999618530273,10.020000457763672,10.0600004196167,72982,0.0,0.0
2023-09-12 11:30:00-04:00,10.039999961853027,10.210000038146973,10.029999732971191,10.140000343322754,66962,0.0,0.0
2023-09-12 12:30:00-04:00,10.140000343322754,10.140000343322754,10.100000381469727,10.119999885559082,35748,0.0,0.0
2023-09-12 13:30:00-04:00,10.114999771118164,10.130000114440918,10.100000381469727,10.100000381469727,46988,0.0,0.0
2023-09-12 14:30:00-04:00,10.100000381469727,10.119999885559082,10.0,10.010000228881836,91833,0.0,0.0
2023-09-12 15:30:00-04:00,10.015000343322754,10.140000343322754,10.010000228881836,10.140000343322754,138011,0.0,0.0
2023-09-13 09:30:00-04:00,9.9399995803833,10.199999809265137,9.869999885559082,10.119999885559082,80559,0.0,0.0
2023-09-13 10:30:00-04:00,10.119999885559082,10.239999771118164,10.100000381469727,10.109999656677246,72462,0.0,0.0
2023-09-13 11:30:00-04:00,10.109999656677246,10.119999885559082,10.039999961853027,10.09000015258789,46700,0.0,0.0
2023-09-13 12:30:00-04:00,10.100000381469727,10.119999885559082,10.020000457763672,10.029999732971191,48810,0.0,0.0
2023-09-13 13:30:00-04:00,10.029999732971191,10.039999961853027,9.970000267028809,10.015000343322754,60617,0.0,0.0
2023-09-13 14:30:00-04:00,10.010000228881836,10.069999694824219,9.979999542236328,10.029999732971191,81498,0.0,0.0
2023-09-13 15:30:00-04:00,10.03499984741211,10.119999885559082,10.03499984741211,10.055000305175781,152941,0.0,0.0
2023-09-14 09:30:00-04:00,10.170000076293945,10.319999694824219,10.09000015258789,10.229999542236328,89166,0.0,0.0
2023-09-14 10:30:00-04:00,10.239999771118164,10.350000381469727,10.220000267028809,10.25,83021,0.0,0.0
2023-09-14 11:30:00-04:00,10.25,10.369999885559082,10.244999885559082,10.3100004196167,64172,0.0,0.0
2023-09-14 12:30:00-04:00,10.319999694824219,10.40999984741211,10.279999732971191,10.390000343322754,59731,0.0,0.0
2023-09-14 13:30:00-04:00,10.390000343322754,10.4399995803833,10.319999694824219,10.4399995803833,74389,0.0,0.0
2023-09-14 14:30:00-04:00,10.4399995803833,10.489999771118164,10.369999885559082,10.369999885559082,96646,0.0,0.0
2023-09-14 15:30:00-04:00,10.359999656677246,10.430000305175781,10.350000381469727,10.40999984741211,155082,0.0,0.0
2023-09-15 09:30:00-04:00,9.920000076293945,10.369999885559082,9.920000076293945,9.979999542236328,253024,0.0,0.0
2023-09-15 10:30:00-04:00,9.979999542236328,9.989999771118164,9.75,9.850000381469727,136855,0.0,0.0
2023-09-15 11:30:00-04:00,9.850000381469727,9.864999771118164,9.770000457763672,9.774999618530273,102270,0.0,0.0
2023-09-15 12:30:00-04:00,9.760000228881836,9.84000015258789,9.739999771118164,9.819999694824219,111303,0.0,0.0
2023-09-15 13:30:00-04:00,9.824999809265137,9.960000038146973,9.8100004196167,9.84000015258789,142776,0.0,0.0
2023-09-15 14:30:00-04:00,9.84000015258789,10.0,9.829999923706055,9.979999542236328,203800,0.0,0.0
2023-09-15 15:30:00-04:00,9.970000267028809,9.970000267028809,9.6899995803833,9.760000228881836,1175424,0.0,0.0
2023-09-18 09:30:00-04:00,9.800000190734863,9.819999694824219,9.399999618530273,9.720000267028809,147048,0.0,0.0
2023-09-18 10:30:00-04:00,9.720000267028809,9.720000267028809,9.545000076293945,9.600000381469727,180842,0.0,0.0
2023-09-18 11:30:00-04:00,9.600000381469727,9.604999542236328,9.380000114440918,9.40999984741211,85798,0.0,0.0
2023-09-18 12:30:00-04:00,9.420000076293945,9.494999885559082,9.399999618530273,9.494999885559082,62695,0.0,0.0
2023-09-18 13:30:00-04:00,9.494999885559082,9.619999885559082,9.489999771118164,9.531000137329102,78534,0.0,0.0
2023-09-18 14:30:00-04:00,9.529999732971191,9.600000381469727,9.494999885559082,9.520000457763672,171956,0.0,0.0
2023-09-18 15:30:00-04:00,9.520999908447266,9.649999618530273,9.515000343322754,9.630000114440918,196721,0.0,0.0
2023-09-19 09:30:00-04:00,9.640000343322754,9.789999961853027,9.609999656677246,9.65999984741211,34191,0.0,0.0
2023-09-19 10:30:00-04:00,9.654999732971191,9.654999732971191,9.604999542236328,9.625,36861,0.0,0.0
2023-09-19 11:30:00-04:00,9.625,9.699999809265137,9.625,9.699999809265137,32487,0.0,0.0
2023-09-19 12:30:00-04:00,9.694999694824219,9.770000457763672,9.6899995803833,9.720000267028809,38234,0.0,0.0
2023-09-19 13:30:00-04:00,9.710000038146973,9.760000228881836,9.710000038146973,9.75,37496,0.0,0.0
2023-09-19 14:30:00-04:00,9.750100135803223,9.770000457763672,9.6899995803833,9.755000114440918,52557,0.0,0.0
2023-09-19 15:30:00-04:00,9.75,9.795000076293945,9.75,9.789999961853027,106621,0.0,0.0
2023-09-20 09:30:00-04:00,9.90999984741211,10.09000015258789,9.890000343322754,10.074999809265137,52710,0.0,0.0
2023-09-20 10:30:00-04:00,10.079999923706055,10.114999771118164,10.069999694824219,10.095000267028809,46717,0.0,0.0
2023-09-20 11:30:00-04:00,10.09000015258789,10.140000343322754,10.09000015258789,10.130000114440918,41534,0.0,0.0
2023-09-20 12:30:00-04:00,10.130000114440918,10.149999618530273,10.09000015258789,10.104999542236328,51834,0.0,0.0
2023-09-20 13:30:00-04:00,10.100000381469727,10.104999542236328,10.039999961853027,10.085000038146973,56589,0.0,0.0
2023-09-20 14:30:00-04:00,10.085000038146973,10.15999984741211,10.079999923706055,10.15999984741211,88416,0.0,0.0
2023-09-20 15:30:00-04:00,10.15999984741211,10.170000076293945,10.0,10.0,184677,0.0,0.0
2023-09-21 09:30:00-04:00,9.9399995803833,10.199999809265137,9.920000076293945,10.109999656677246,44122,0.0,0.0
2023-09-21 10:30:00-04:00,10.119999885559082,10.25,10.114999771118164,10.25,54819,0.0,0.0
2023-09-21 11:30:00-04:00,10.260000228881836,10.300000190734863,10.210000038146973,10.289999961853027,50599,0.0,0.0
2023-09-21 12:30:00-04:00,10.28499984741211,10.319999694824219,10.25,10.289999961853027,41423,0.0,0.0
2023-09-21 13:30:00-04:00,10.300000190734863,10.5,10.300000190734863,10.452500343322754,63640,0.0,0.0
2023-09-21 14:30:00-04:00,10.449999809265137,10.569999694824219,10.449999809265137,10.524999618530273,101519,0.0,0.0
2023-09-21 15:30:00-04:00,10.520000457763672,10.670000076293945,10.510000228881836,10.670000076293945,271795,0.0,0.0
2023-09-22 09:30:00-04:00,10.720000267028809,10.842499732971191,10.51099967956543,10.624899864196777,50486,0.0,0.0
2023-09-22 10:30:00-04:00,10.630000114440918,10.65999984741211,10.569999694824219,10.59000015258789,31830,0.0,0.0
2023-09-22 11:30:00-04:00,10.600000381469727,10.65999984741211,10.550000190734863,10.600000381469727,26783,0.0,0.0
2023-09-22 12:30:00-04:00,10.600000381469727,10.619999885559082,10.529999732971191,10.59000015258789,27418,0.0,0.0
2023-09-22 13:30:00-04:00,10.59000015258789,10.609999656677246,10.5600004196167,10.579999923706055,28374,0.0,0.0
2023-09-22 14:30:00-04:00,10.59000015258789,10.649999618530273,10.550000190734863,10.5600004196167,39008,0.0,0.0
2023-09-22 15:30:00-04:00,10.5600004196167,10.5600004196167,10.420000076293945,10.454999923706055,129490,0.0,0.0
2023-09-25 09:30:00-04:00,10.34000015258789,10.380000114440918,10.244999885559082,10.319999694824219,35153,0.0,0.0
2023-09-25 10:30:00-04:00,10.342499732971191,10.390000343322754,10.279999732971191,10.319999694824219,24267,0.0,0.0
2023-09-25 11:30:00-04:00,10.319999694824219,10.430000305175781,10.319999694824219,10.430000305175781,15491,0.0,0.0
2023-09-25 12:30:00-04:00,10.4399995803833,10.46500015258789,10.369999885559082,10.369999885559082,20662,0.0,0.0
2023-09-25 13:30:00-04:00,10.359999656677246,10.520000457763672,10.359999656677246,10.520000457763672,19638,0.0,0.0
2023-09-25 14:30:00-04:00,10.529999732971191,10.5600004196167,10.350000381469727,10.414999961853027,52814,0.0,0.0
2023-09-25 15:30:00-04:00,10.40999984741211,10.5,10.404999732971191,10.470000267028809,84167,0.0,0.0
2023-09-26 09:30:00-04:00,10.430000305175781,10.600000381469727,10.430000305175781,10.600000381469727,16140,0.0,0.0
2023-09-26 10:30:00-04:00,10.600000381469727,10.600000381469727,10.529999732971191,10.550000190734863,16246,0.0,0.0
2023-09-26 11:30:00-04:00,10.550000190734863,10.630000114440918,10.545000076293945,10.600000381469727,15446,0.0,0.0
2023-09-26 12:30:00-04:00,10.600000381469727,10.614999771118164,10.430000305175781,10.444999694824219,25510,0.0,0.0
2023-09-26 13:30:00-04:00,10.449999809265137,10.470000267028809,10.40999984741211,10.40999984741211,20516,0.0,0.0
2023-09-26 14:30:00-04:00,10.40999984741211,10.4399995803833,10.399999618530273,10.425000190734863,39478,0.0,0.0
2023-09-26 15:30:00-04:00,10.425000190734863,10.430000305175781,10.239999771118164,10.289999961853027,113664,0.0,0.0
2023-09-27 09:30:00-04:00,10.300000190734863,10.489999771118164,10.259400367736816,10.460000038146973,23341,0.0,0.0
2023-09-27 10:30:00-04:00,10.460000038146973,10.475000381469727,10.369999885559082,10.404999732971191,17575,0.0,0.0
2023-09-27 11:30:00-04:00,10.40999984741211,10.430000305175781,10.265000343322754,10.270000457763672,22642,0.0,0.0
2023-09-27 12:30:00-04:00,10.279999732971191,10.329999923706055,10.210000038146973,10.229999542236328,29007,0.0,0.0
2023-09-27 13:30:00-04:00,10.239999771118164,10.3100004196167,10.239999771118164,10.3100004196167,21152,0.0,0.0
2023-09-27 14:30:00-04:00,10.319999694824219,10.390000343322754,10.319999694824219,10.34000015258789,28078,0.0,0.0
2023-09-27 15:30:00-04:00,10.34000015258789,10.390000343322754,10.3100004196167,10.390000343322754,64265,0.0,0.0
2023-09-28 09:30:00-04:00,10.260000228881836,10.520000457763672,10.25,10.4350004196167,39342,0.0,0.0
2023-09-28 10:30:00-04:00,10.430000305175781,10.539999961853027,10.420000076293945,10.510000228881836,24212,0.0,0.0
2023-09-28 11:30:00-04:00,10.510000228881836,10.569999694824219,10.489999771118164,10.545000076293945,17809,0.0,0.0
2023-09-28 12:30:00-04:00,10.545000076293945,10.550000190734863,10.510000228881836,10.51609992980957,20813,0.0,0.0
2023-09-28 13:30:00-04:00,10.515000343322754,10.5649995803833,10.470000267028809,10.5600004196167,33773,0.0,0.0
2023-09-28 14:30:00-04:00,10.5600004196167,10.609999656677246,10.520000457763672,10.609999656677246,38822,0.0,0.0
2023-09-28 15:30:00-04:00,10.619999885559082,10.65999984741211,10.5649995803833,10.649999618530273,102220,0.0,0.0
2023-09-29 09:30:00-04:00,10.720000267028809,10.779999732971191,10.649999618530273,10.670000076293945,38979,0.0,0.0
2023-09-29 10:30:00-04:00,10.680000305175781,10.699999809265137,10.5600004196167,10.585000038146973,30270,0.0,0.0
2023-09-29 11:30:00-04:00,10.579999923706055,10.59000015258789,10.520000457763672,10.539999961853027,26924,0.0,0.0
2023-09-29 12:30:00-04:00,10.535200119018555,10.559300422668457,10.481200218200684,10.550000190734863,25203,0.0,0.0
2023-09-29 13:30:00-04:00,10.539999961853027,10.5600004196167,10.510000228881836,10.520000457763672,27161,0.0,0.0
2023-09-29 14:30:00-04:00,10.524999618530273,10.574999809265137,10.520000457763672,10.550000190734863,26553,0.0,0.0
2023-09-29 15:30:00-04:00,10.557499885559082,10.5600004196167,10.4399995803833,10.460000038146973,59020,0.0,0.0
2023-10-02 09:30:00-04:00,10.489999771118164,10.569999694824219,10.175000190734863,10.180000305175781,35105,0.0,0.0
2023-10-02 10:30:00-04:00,10.170000076293945,10.170000076293945,9.960000038146973,10.140000343322754,67378,0.0,0.0
2023-10-02 11:30:00-04:00,10.149999618530273,10.180000305175781,10.050000190734863,10.119999885559082,24099,0.0,0.0
2023-10-02 12:30:00-04:00,10.119999885559082,10.140000343322754,10.045000076293945,10.069999694824219,26306,0.0,0.0
2023-10-02 13:30:00-04:00,10.069999694824219,10.119999885559082,10.039999961853027,10.039999961853027,27722,0.0,0.0
2023-10-02 14:30:00-04:00,10.050000190734863,10.055000305175781,10.005000114440918,10.010000228881836,29516,0.0,0.0
2023-10-02 15:30:00-04:00,10.010000228881836,10.010000228881836,9.9350004196167,9.979999542236328,67016,0.0,0.0
2023-10-03 09:30:00-04:00,10.0,10.0,9.734700202941895,9.876199722290039,38107,0.0,0.0
2023-10-03 10:30:00-04:00,9.869999885559082,9.880000114440918,9.795000076293945,9.84000015258789,18382,0.0,0.0
2023-10-03 11:30:00-04:00,9.850000381469727,9.869999885559082,9.8100004196167,9.859999656677246,17397,0.0,0.0
2023-10-03 12:30:00-04:00,9.859999656677246,9.890000343322754,9.819999694824219,9.819999694824219,20274,0.0,0.0
2023-10-03 13:30:00-04:00,9.8100004196167,9.829899787902832,9.720000267028809,9.75,23559,0.0,0.0
2023-10-03 14:30:00-04:00,9.75,9.8100004196167,9.739999771118164,9.744999885559082,28488,0.0,0.0
2023-10-03 15:30:00-04:00,9.75,9.850000381469727,9.75,9.84000015258789,67604,0.0,0.0
2023-10-04 09:30:00-04:00,9.880000114440918,9.901000022888184,9.770000457763672,9.800000190734863,12743,0.0,0.0
2023-10-04 10:30:00-04:00,9.800000190734863,9.84000015258789,9.739999771118164,9.789999961853027,18128,0.0,0.0
2023-10-04 11:30:00-04:00,9.789999961853027,9.859999656677246,9.739999771118164,9.85099983215332,19650,0.0,0.0
2023-10-04 12:30:00-04:00,9.859999656677246,9.920000076293945,9.770000457763672,9.770000457763672,22231,0.0,0.0
2023-10-04 13:30:00-04:00,9.774999618530273,9.789999961853027,9.720000267028809,9.739999771118164,16282,0.0,0.0
2023-10-04 14:30:00-04:00,9.75,9.829999923706055,9.75,9.8100004196167,22702,0.0,0.0
2023-10-04 15:30:00-04:00,9.8100004196167,9.84000015258789,9.770999908447266,9.819999694824219,67992,0.0,0.0
2023-10-05 09:30:00-04:00,9.680000305175781,9.819999694824219,9.625,9.729999542236328,43479,0.0,0.0
2023-10-05 10:30:00-04:00,9.739999771118164,9.739999771118164,9.630000114440918,9.640000343322754,28953,0.0,0.0
2023-10-05 11:30:00-04:00,9.639300346374512,9.699999809265137,9.639300346374512,9.6899995803833,24164,0.0,0.0
2023-10-05 12:30:00-04:00,9.699999809265137,9.710000038146973,9.609999656677246,9.635000228881836,28384,0.0,0.0
2023-10-05 13:30:00-04:00,9.640000343322754,9.800000190734863,9.640000343322754,9.78499984741211,23207,0.0,0.0
2023-10-05 14:30:00-04:00,9.800000190734863,9.829999923706055,9.734999656677246,9.779999732971191,35643,0.0,0.0
2023-10-05 15:30:00-04:00,9.779999732971191,9.8100004196167,9.765000343322754,9.8100004196167,100464,0.0,0.0
2023-10-06 09:30:00-04:00,9.739999771118164,9.779999732971191,9.59000015258789,9.619999885559082,20736,0.0,0.0
2023-10-06 10:30:00-04:00,9.630000114440918,9.739999771118164,9.600000381469727,9.725000381469727,19965,0.0,0.0
2023-10-06 11:30:00-04:00,9.739999771118164,9.850000381469727,9.729999542236328,9.789999961853027,19649,0.0,0.0
2023-10-06 12:30:00-04:00,9.779999732971191,9.800000190734863,9.762100219726562,9.779999732971191,18051,0.0,0.0
2023-10-06 13:30:00-04:00,9.779999732971191,9.805000305175781,9.75,9.805000305175781,23422,0.0,0.0
2023-10-06 14:30:00-04:00,9.8100004196167,9.819999694824219,9.739999771118164,9.765000343322754,32230,0.0,0.0
2023-10-06 15:30:00-04:00,9.760000228881836,9.800000190734863,9.699999809265137,9.789999961853027,81737,0.0,0.0
2023-10-09 09:30:00-04:00,9.680000305175781,9.770000457763672,9.59000015258789,9.6899995803833,18970,0.0,0.0
2023-10-09 10:30:00-04:00,9.680000305175781,9.800000190734863,9.680000305175781,9.800000190734863,19027,0.0,0.0
2023-10-09 11:30:00-04:00,9.789999961853027,9.829999923706055,9.75,9.770000457763672,12614,0.0,0.0
2023-10-09 12:30:00-04:00,9.789999961853027,9.793399810791016,9.739999771118164,9.774999618530273,7884,0.0,0.0
2023-10-09 13:30:00-04:00,9.779999732971191,9.890000343322754,9.770000457763672,9.880000114440918,15397,0.0,0.0
2023-10-09 14:30:00-04:00,9.890000343322754,9.920000076293945,9.850000381469727,9.859999656677246,21327,0.0,0.0
2023-10-09 15:30:00-04:00,9.859999656677246,9.880000114440918,9.829999923706055,9.864999771118164,47948,0.0,0.0
2023-10-10 09:30:00-04:00,9.930000305175781,10.029999732971191,9.845000267028809,9.994999885559082,24394,0.0,0.0
2023-10-10 10:30:00-04:00,10.020000457763672,10.055000305175781,10.0,10.0,16985,0.0,0.0
2023-10-10 11:30:00-04:00,9.989999771118164,10.079999923706055,9.989999771118164,10.050999641418457,17486,0.0,0.0
2023-10-10 12:30:00-04:00,10.050000190734863,10.055000305175781,9.90999984741211,9.920000076293945,23606,0.0,0.0
2023-10-10 13:30:00-04:00,9.920000076293945,10.001999855041504,9.90999984741211,9.970000267028809,22256,0.0,0.0
2023-10-10 14:30:00-04:00,9.975000381469727,10.005000114440918,9.880000114440918,9.880000114440918,47887,0.0,0.0
2023-10-10 15:30:00-04:00,9.869999885559082,9.979999542236328,9.859999656677246,9.979999542236328,57984,0.0,0.0
2023-10-11 09:30:00-04:00,10.010000228881836,10.039999961853027,9.890000343322754,9.899999618530273,17163,0.0,0.0
2023-10-11 10:30:00-04:00,9.90999984741211,9.960000038146973,9.800000190734863,9.869999885559082,48527,0.0,0.0
2023-10-11 11:30:00-04:00,9.859999656677246,9.878299713134766,9.798700332641602,9.798700332641602,13638,0.0,0.0
2023-10-11 12:30:00-04:00,9.8100004196167,9.869999885559082,9.789999961853027,9.850000381469727,16591,0.0,0.0
2023-10-11 13:30:00-04:00,9.84000015258789,9.90999984741211,9.829999923706055,9.90999984741211,8506,0.0,0.0
2023-10-11 14:30:00-04:00,9.920000076293945,9.960000038146973,9.90999984741211,9.960000038146973,19988,0.0,0.0
2023-10-11 15:30:00-04:00,9.949999809265137,10.0,9.930000305175781,10.0,58742,0.0,0.0
2023-10-12 09:30:00-04:00,9.979999542236328,10.010000228881836,9.609999656677246,9.609999656677246,20139,0.0,0.0
2023-10-12 10:30:00-04:00,9.600000381469727,9.62339973449707,9.510000228881836,9.579999923706055,18754,0.0,0.0
2023-10-12 11:30:00-04:00,9.569999694824219,9.609999656677246,9.53499984741211,9.569999694824219,29542,0.0,0.0
2023-10-12 12:30:00-04:00,9.569999694824219,9.609999656677246,9.399999618530273,9.399999618530273,26970,0.0,0.0
2023-10-12 13:30:00-04:00,9.391599655151367,9.46500015258789,9.359999656677246,9.460000038146973,31397,0.0,0.0
2023-10-12 14:30:00-04:00,9.460000038146973,9.494999885559082,9.375,9.494999885559082,33507,0.0,0.0
2023-10-12 15:30:00-04:00,9.494999885559082,9.569999694824219,9.489999771118164,9.550000190734863,92172,0.0,0.0
2023-10-13 09:30:00-04:00,9.630000114440918,9.699999809265137,9.539999961853027,9.670000076293945,32345,0.0,0.0
2023-10-13 10:30:00-04:00,9.670000076293945,9.6899995803833,9.550000190734863,9.600000381469727,27751,0.0,0.0
2023-10-13 11:30:00-04:00,9.592000007629395,9.640000343322754,9.510000228881836,9.545000076293945,24031,0.0,0.0
2023-10-13 12:30:00-04:00,9.54319953918457,9.545000076293945,9.4350004196167,9.4350004196167,20894,0.0,0.0
2023-10-13 13:30:00-04:00,9.40999984741211,9.470000267028809,9.399999618530273,9.404999732971191,27928,0.0,0.0
2023-10-13 14:30:00-04:00,9.40999984741211,9.420000076293945,9.350000381469727,9.354999542236328,27683,0.0,0.0
2023-10-13 15:30:00-04:00,9.350000381469727,9.399999618530273,9.350000381469727,9.380000114440918,65036,0.0,0.0
2023-10-16 09:30:00-04:00,9.4399995803833,9.760000228881836,9.420000076293945,9.760000228881836,53471,0.0,0.0
2023-10-16 10:30:00-04:00,9.75,9.819999694824219,9.699999809265137,9.800000190734863,29211,0.0,0.0
2023-10-16 11:30:00-04:00,9.789999961853027,9.800000190734863,9.734999656677246,9.755000114440918,21186,0.0,0.0
2023-10-16 12:30:00-04:00,9.739999771118164,9.829999923706055,9.720000267028809,9.829999923706055,31947,0.0,0.0
2023-10-16 13:30:00-04:00,9.824999809265137,9.880000114440918,9.8100004196167,9.850000381469727,34205,0.0,0.0
2023-10-16 14:30:00-04:00,9.850000381469727,9.920000076293945,9.850000381469727,9.899999618530273,33051,0.0,0.0
2023-10-16 15:30:00-04:00,9.904999732971191,9.90999984741211,9.84000015258789,9.890000343322754,84682,0.0,0.0
2023-10-17 09:30:00-04:00,9.880000114440918,10.100000381469727,9.880000114440918,9.960000038146973,22434,0.0,0.0
2023-10-17 10:30:00-04:00,9.949999809265137,10.020000457763672,9.9399995803833,9.989999771118164,19858,0.0,0.0
2023-10-17 11:30:00-04:00,10.010000228881836,10.069999694824219,9.960000038146973,10.069999694824219,39933,0.0,0.0
2023-10-17 12:30:00-04:00,10.055000305175781,10.055000305175781,9.96500015258789,10.029999732971191,100035,0.0,0.0
2023-10-17 13:30:00-04:00,10.0,10.0,9.90999984741211,9.920000076293945,23061,0.0,0.0
2023-10-17 14:30:00-04:00,9.90999984741211,10.029999732971191,9.890000343322754,10.029999732971191,38430,0.0,0.0
2023-10-17 15:30:00-04:00,10.029999732971191,10.029999732971191,9.944999694824219,9.979999542236328,68840,0.0,0.0
2023-10-18 09:30:00-04:00,9.84000015258789,9.84000015258789,9.619999885559082,9.748800277709961,22503,0.0,0.0
2023-10-18 10:30:00-04:00,9.75,9.855500221252441,9.710000038146973,9.829999923706055,21632,0.0,0.0
2023-10-18 11:30:00-04:00,9.829999923706055,9.869999885559082,9.789999961853027,9.869999885559082,16337,0.0,0.0
2023-10-18 12:30:00-04:00,9.850000381469727,9.930000305175781,9.819999694824219,9.930000305175781,17694,0.0,0.0
2023-10-18 13:30:00-04:00,9.920000076293945,9.979999542236328,9.890000343322754,9.890000343322754,24087,0.0,0.0
2023-10-18 14:30:00-04:00,9.899999618530273,9.920000076293945,9.779999732971191,9.779999732971191,20642,0.0,0.0
2023-10-18 15:30:00-04:00,9.770000457763672,9.789999961853027,9.729999542236328,9.760000228881836,56022,0.0,0.0
2023-10-19 09:30:00-04:00,9.720000267028809,9.725000381469727,9.539999961853027,9.550000190734863,18537,0.0,0.0
2023-10-19 10:30:00-04:00,9.529999732971191,9.539999961853027,9.380000114440918,9.432000160217285,36408,0.0,0.0
2023-10-19 11:30:00-04:00,9.4399995803833,9.520000457763672,9.420000076293945,9.420000076293945,33069,0.0,0.0
2023-10-19 12:30:00-04:00,9.399999618530273,9.449999809265137,9.34000015258789,9.40999984741211,24069,0.0,0.0
2023-10-19 13:30:00-04:00,9.430000305175781,9.430000305175781,9.239999771118164,9.239999771118164,35295,0.0,0.0
2023-10-19 14:30:00-04:00,9.239999771118164,9.289999961853027,9.229900360107422,9.274999618530273,65419,0.0,0.0
2023-10-19 15:30:00-04:00,9.279999732971191,9.329999923706055,9.25,9.329999923706055,126314,0.0,0.0
2023-10-20 09:30:00-04:00,9.369999885559082,9.369999885559082,9.199999809265137,9.319999694824219,45623,0.0,0.0
2023-10-20 10:30:00-04:00,9.314000129699707,9.359999656677246,9.210000038146973,9.225000381469727,33678,0.0,0.0
2023-10-20 11:30:00-04:00,9.220000267028809,9.309900283813477,9.210000038146973,9.239999771118164,31395,0.0,0.0
2023-10-20 12:30:00-04:00,9.239999771118164,9.3149995803833,9.220000267028809,9.279999732971191,39299,0.0,0.0
2023-10-20 13:30:00-04:00,9.270000457763672,9.289999961853027,9.229999542236328,9.279999732971191,32441,0.0,0.0
2023-10-20 14:30:00-04:00,9.279999732971191,9.329999923706055,9.270000457763672,9.28499984741211,48699,0.0,0.0
2023-10-20 15:30:00-04:00,9.289999961853027,9.319999694824219,9.25,9.28499984741211,91981,0.0,0.0
2023-10-23 09:30:00-04:00,9.25,9.350000381469727,9.079999923706055,9.140000343322754,33057,0.0,0.0
2023-10-23 10:30:00-04:00,9.140000343322754,9.1899995803833,9.039999961853027,9.140000343322754,70701,0.0,0.0
2023-10-23 11:30:00-04:00,9.1496000289917,9.149999618530273,9.010000228881836,9.029999732971191,27174,0.0,0.0
2023-10-23 12:30:00-04:00,9.032099723815918,9.050000190734863,8.960000038146973,8.979999542236328,61833,0.0,0.0
2023-10-23 13:30:00-04:00,8.970000267028809,8.989899635314941,8.850000381469727,8.899999618530273,36042,0.0,0.0
2023-10-23 14:30:00-04:00,8.90999984741211,8.960000038146973,8.829999923706055,8.845000267028809,135651,0.0,0.0
2023-10-23 15:30:00-04:00,8.845000267028809,8.968000411987305,8.845000267028809,8.899999618530273,102703,0.0,0.0
2023-10-24 09:30:00-04:00,7.28000020980835,7.818399906158447,7.099999904632568,7.730000019073486,357311,0.0,0.0
2023-10-24 10:30:00-04:00,7.71999979019165,7.730000019073486,7.329999923706055,7.341000080108643,242324,0.0,0.0
2023-10-24 11:30:00-04:00,7.335000038146973,7.414999961853027,7.164999961853027,7.170000076293945,279129,0.0,0.0
2023-10-24 12:30:00-04:00,7.170000076293945,7.369999885559082,7.050099849700928,7.359000205993652,168454,0.0,0.0
2023-10-24 13:30:00-04:00,7.349999904632568,7.449999809265137,7.190000057220459,7.25,130862,0.0,0.0
2023-10-24 14:30:00-04:00,7.260000228881836,7.329999923706055,7.199999809265137,7.230000019073486,108420,0.0,0.0
2023-10-24 15:30:00-04:00,7.224999904632568,7.239999771118164,7.0,7.0,401500,0.0,0.0
2023-10-25 09:30:00-04:00,7.03000020980835,7.260000228881836,7.010000228881836,7.110000133514404,191348,0.0,0.0
2023-10-25 10:30:00-04:00,7.099999904632568,7.199999809265137,7.050000190734863,7.099999904632568,89144,0.0,0.0
2023-10-25 11:30:00-04:00,7.079999923706055,7.130000114440918,7.020100116729736,7.085000038146973,104770,0.0,0.0
2023-10-25 12:30:00-04:00,7.085000038146973,7.187399864196777,7.085000038146973,7.15500020980835,47261,0.0,0.0
2023-10-25 13:30:00-04:00,7.15500020980835,7.235000133514404,7.100100040435791,7.199999809265137,75210,0.0,0.0
2023-10-25 14:30:00-04:00,7.199999809265137,7.25,7.179999828338623,7.199999809265137,66830,0.0,0.0
2023-10-25 15:30:00-04:00,7.204999923706055,7.289999961853027,7.195000171661377,7.275000095367432,161008,0.0,0.0
2023-10-26 09:30:00-04:00,7.25,7.329999923706055,7.159999847412109,7.289999961853027,38361,0.0,0.0
2023-10-26 10:30:00-04:00,7.28000020980835,7.360000133514404,7.230500221252441,7.260000228881836,32249,0.0,0.0
2023-10-26 11:30:00-04:00,7.239999771118164,7.349999904632568,7.239999771118164,7.324999809265137,25039,0.0,0.0
2023-10-26 12:30:00-04:00,7.329999923706055,7.369999885559082,7.210000038146973,7.210000038146973,49280,0.0,0.0
2023-10-26 13:30:00-04:00,7.199999809265137,7.260000228881836,7.199999809265137,7.239999771118164,31988,0.0,0.0
2023-10-26 14:30:00-04:00,7.230000019073486,7.320000171661377,7.230000019073486,7.320000171661377,51955,0.0,0.0
2023-10-26 15:30:00-04:00,7.320000171661377,7.389999866485596,7.289999961853027,7.315000057220459,117141,0.0,0.0
2023-10-27 09:30:00-04:00,7.329999923706055,7.449999809265137,7.329999923706055,7.340000152587891,28055,0.0,0.0
2023-10-27 10:30:00-04:00,7.349999904632568,7.409999847412109,7.296000003814697,7.360000133514404,26871,0.0,0.0
2023-10-27 11:30:00-04:00,7.369999885559082,7.389999866485596,7.309999942779541,7.340000152587891,17870,0.0,0.0
2023-10-27 12:30:00-04:00,7.340000152587891,7.380000114440918,7.284999847412109,7.360000133514404,27355,0.0,0.0
2023-10-27 13:30:00-04:00,7.360000133514404,7.420000076293945,7.349999904632568,7.414999961853027,30190,0.0,0.0
2023-10-27 14:30:00-04:00,7.414999961853027,7.429999828338623,7.260000228881836,7.295000076293945,45622,0.0,0.0
2023-10-27 15:30:00-04:00,7.295000076293945,7.295000076293945,7.190000057220459,7.239999771118164,130141,0.0,0.0
2023-10-30 09:30:00-04:00,7.300000190734863,7.389999866485596,7.260000228881836,7.320000171661377,38909,0.0,0.0
2023-10-30 10:30:00-04:00,7.315000057220459,7.470900058746338,7.28000020980835,7.470900058746338,30653,0.0,0.0
2023-10-30 11:30:00-04:00,7.46999979019165,7.472400188446045,7.400000095367432,7.409999847412109,19401,0.0,0.0
2023-10-30 12:30:00-04:00,7.409999847412109,7.420000076293945,7.340000152587891,7.364999771118164,31752,0.0,0.0
2023-10-30 13:30:00-04:00,7.380000114440918,7.409999847412109,7.360000133514404,7.400000095367432,34232,0.0,0.0
2023-10-30 14:30:00-04:00,7.389999866485596,7.489999771118164,7.389999866485596,7.420000076293945,36664,0.0,0.0
2023-10-30 15:30:00-04:00,7.409999847412109,7.439899921417236,7.400000095367432,7.400000095367432,93015,0.0,0.0
2023-10-31 09:30:00-04:00,7.369999885559082,7.429999828338623,7.309999942779541,7.3277997970581055,33066,0.0,0.0
2023-10-31 10:30:00-04:00,7.329999923706055,7.449999809265137,7.320099830627441,7.429999828338623,21263,0.0,0.0
2023-10-31 11:30:00-04:00,7.429999828338623,7.489999771118164,7.420000076293945,7.486800193786621,14856,0.0,0.0
2023-10-31 12:30:00-04:00,7.489999771118164,7.489999771118164,7.409999847412109,7.409999847412109,15590,0.0,0.0
2023-10-31 13:30:00-04:00,7.420000076293945,7.429999828338623,7.28000020980835,7.28000020980835,14931,0.0,0.0
2023-10-31 14:30:00-04:00,7.289999961853027,7.349999904632568,7.269999980926514,7.34499979019165,16798,0.0,0.0
2023-10-31 15:30:00-04:00,7.34499979019165,7.420000076293945,7.320000171661377,7.409999847412109,73285,0.0,0.0
2023-11-01 09:30:00-04:00,7.349999904632568,7.376399993896484,7.170000076293945,7.260000228881836,22559,0.0,0.0
2023-11-01 10:30:00-04:00,7.269999980926514,7.349999904632568,7.248799800872803,7.340000152587891,36284,0.0,0.0
2023-11-01 11:30:00-04:00,7.340000152587891,7.340000152587891,7.260000228881836,7.260000228881836,25534,0.0,0.0
2023-11-01 12:30:00-04:00,7.269999980926514,7.284999847412109,7.21999979019165,7.25,23522,0.0,0.0
2023-11-01 13:30:00-04:00,7.239999771118164,7.260000228881836,7.170100212097168,7.190000057220459,23478,0.0,0.0
2023-11-01 14:30:00-04:00,7.184999942779541,7.210000038146973,7.150000095367432,7.175000190734863,63006,0.0,0.0
2023-11-01 15:30:00-04:00,7.175000190734863,7.199999809265137,7.130000114440918,7.139999866485596,82780,0.0,0.0
2023-11-02 09:30:00-04:00,7.199999809265137,7.429999828338623,7.199999809265137,7.260000228881836,32118,0.0,0.0
2023-11-02 10:30:00-04:00,7.230000019073486,7.28000020980835,7.170000076293945,7.179999828338623,24274,0.0,0.0
2023-11-02 11:30:00-04:00,7.170000076293945,7.179999828338623,7.099999904632568,7.110000133514404,42090,0.0,0.0
2023-11-02 12:30:00-04:00,7.099999904632568,7.175000190734863,7.099999904632568,7.15500020980835,23742,0.0,0.0
2023-11-02 13:30:00-04:00,7.150000095367432,7.199999809265137,7.150000095367432,7.184999942779541,32386,0.0,0.0
2023-11-02 14:30:00-04:00,7.179999828338623,7.224999904632568,7.179999828338623,7.21999979019165,36918,0.0,0.0
2023-11-02 15:30:00-04:00,7.224999904632568,7.289999961853027,7.210000038146973,7.269999980926514,72764,0.0,0.0
2023-11-03 09:30:00-04:00,7.440000057220459,7.630000114440918,7.420000076293945,7.46999979019165,21404,0.0,0.0
2023-11-03 10:30:00-04:00,7.46999979019165,7.480000019073486,7.400000095367432,7.400000095367432,12253,0.0,0.0
2023-11-03 11:30:00-04:00,7.418099880218506,7.460000038146973,7.400000095367432,7.420000076293945,16439,0.0,0.0
2023-11-03 12:30:00-04:00,7.429999828338623,7.489999771118164,7.420000076293945,7.429999828338623,14470,0.0,0.0
2023-11-03 13:30:00-04:00,7.429999828338623,7.5,7.409999847412109,7.489999771118164,14940,0.0,0.0
2023-11-03 14:30:00-04:00,7.5,7.570000171661377,7.489999771118164,7.510000228881836,39354,0.0,0.0
2023-11-03 15:30:00-04:00,7.5,7.53000020980835,7.460000038146973,7.460000038146973,47456,0.0,0.0
2023-11-06 09:30:00-05:00,7.489999771118164,7.561600208282471,7.300000190734863,7.329999923706055,32511,0.0,0.0
2023-11-06 10:30:00-05:00,7.320000171661377,7.357500076293945,7.300000190734863,7.329999923706055,13983,0.0,0.0
2023-11-06 11:30:00-05:00,7.340000152587891,7.400000095367432,7.329999923706055,7.400000095367432,14940,0.0,0.0
2023-11-06 12:30:00-05:00,7.400000095367432,7.480000019073486,7.400000095367432,7.46999979019165,33203,0.0,0.0
2023-11-06 13:30:00-05:00,7.484000205993652,7.53000020980835,7.460000038146973,7.53000020980835,22097,0.0,0.0
2023-11-06 14:30:00-05:00,7.53000020980835,7.590000152587891,7.519999980926514,7.520999908447266,34388,0.0,0.0
2023-11-06 15:30:00-05:00,7.519999980926514,7.550000190734863,7.46999979019165,7.550000190734863,81845,0.0,0.0
2023-11-07 09:30:00-05:00,7.510000228881836,7.550000190734863,7.429999828338623,7.53000020980835,24780,0.0,0.0
2023-11-07 10:30:00-05:00,7.519999980926514,7.559999942779541,7.494800090789795,7.5,48461,0.0,0.0
2023-11-07 11:30:00-05:00,7.480000019073486,7.480000019073486,7.440000057220459,7.440000057220459,48663,0.0,0.0
2023-11-07 12:30:00-05:00,7.434999942779541,7.440000057220459,7.289999961853027,7.340000152587891,69224,0.0,0.0
2023-11-07 13:30:00-05:00,7.340000152587891,7.369999885559082,7.28000020980835,7.28000020980835,49927,0.0,0.0
2023-11-07 14:30:00-05:00,7.289700031280518,7.315000057220459,7.264999866485596,7.28000020980835,80446,0.0,0.0
2023-11-07 15:30:00-05:00,7.28000020980835,7.320000171661377,7.25,7.309999942779541,129098,0.0,0.0
2023-11-08 09:30:00-05:00,7.329999923706055,7.389999866485596,7.260000228881836,7.28000020980835,32240,0.0,0.0
2023-11-08 10:30:00-05:00,7.269999980926514,7.271999835968018,7.130000114440918,7.130000114440918,15966,0.0,0.0
2023-11-08 11:30:00-05:00,7.130000114440918,7.130000114440918,7.03000020980835,7.03000020980835,28937,0.0,0.0
2023-11-08 12:30:00-05:00,7.025000095367432,7.070000171661377,6.989999771118164,7.060100078582764,76317,0.0,0.0
2023-11-08 13:30:00-05:00,7.051799774169922,7.070099830627441,7.014999866485596,7.039000034332275,108039,0.0,0.0
2023-11-08 14:30:00-05:00,7.034999847412109,7.050000190734863,7.010000228881836,7.050000190734863,74833,0.0,0.0
2023-11-08 15:30:00-05:00,7.045000076293945,7.070000171661377,7.014999866485596,7.03000020980835,170265,0.0,0.0
2023-11-09 09:30:00-05:00,7.130000114440918,7.1504998207092285,6.820000171661377,6.849999904632568,59740,0.0,0.0
2023-11-09 10:30:00-05:00,6.849999904632568,6.869900226593018,6.809999942779541,6.820000171661377,68411,0.0,0.0
2023-11-09 11:30:00-05:00,6.820000171661377,6.860000133514404,6.820000171661377,6.829999923706055,49374,0.0,0.0
2023-11-09 12:30:00-05:00,6.829999923706055,6.860099792480469,6.809999942779541,6.835000038146973,49705,0.0,0.0
2023-11-09 13:30:00-05:00,6.829999923706055,6.949999809265137,6.820000171661377,6.949999809265137,42970,0.0,0.0
2023-11-09 14:30:00-05:00,6.949999809265137,6.96999979019165,6.880000114440918,6.900000095367432,77149,0.0,0.0
2023-11-09 15:30:00-05:00,6.909999847412109,6.934999942779541,6.869999885559082,6.869999885559082,129992,0.0,0.0
2023-11-10 09:30:00-05:00,6.880000114440918,6.889999866485596,6.720099925994873,6.800000190734863,60921,0.0,0.0
2023-11-10 10:30:00-05:00,6.800000190734863,6.900100231170654,6.789999961853027,6.809999942779541,94500,0.0,0.0
2023-11-10 11:30:00-05:00,6.829999923706055,6.860000133514404,6.71999979019165,6.789999961853027,116634,0.0,0.0
2023-11-10 12:30:00-05:00,6.789999961853027,7.019999980926514,6.78000020980835,7.0,68812,0.0,0.0
2023-11-10 13:30:00-05:00,6.989999771118164,7.03000020980835,6.960000038146973,7.019999980926514,40438,0.0,0.0
2023-11-10 14:30:00-05:00,7.010000228881836,7.039999961853027,6.980000019073486,7.019999980926514,28136,0.0,0.0
2023-11-10 15:30:00-05:00,7.019999980926514,7.050000190734863,7.0,7.034999847412109,45467,0.0,0.0
2023-11-13 09:30:00-05:00,7.03000020980835,7.195000171661377,7.0,7.179999828338623,51430,0.0,0.0
2023-11-13 10:30:00-05:00,7.179999828338623,7.239999771118164,7.139999866485596,7.190000057220459,21290,0.0,0.0
2023-11-13 11:30:00-05:00,7.179999828338623,7.28000020980835,7.159999847412109,7.25,36214,0.0,0.0
2023-11-13 12:30:00-05:00,7.25,7.25,7.15500020980835,7.175000190734863,26749,0.0,0.0
2023-11-13 13:30:00-05:00,7.170199871063232,7.269999980926514,7.159999847412109,7.239999771118164,45030,0.0,0.0
2023-11-13 14:30:00-05:00,7.244999885559082,7.260000228881836,7.199999809265137,7.215000152587891,31587,0.0,0.0
2023-11-13 15:30:00-05:00,7.21999979019165,7.300000190734863,7.21999979019165,7.269999980926514,78108,0.0,0.0
2023-11-14 09:30:00-05:00,7.78000020980835,8.270000457763672,7.78000020980835,8.270000457763672,152612,0.0,0.0
2023-11-14 10:30:00-05:00,8.279999732971191,8.4399995803833,8.220000267028809,8.319999694824219,140902,0.0,0.0
2023-11-14 11:30:00-05:00,8.3100004196167,8.350000381469727,8.199999809265137,8.25,42492,0.0,0.0
2023-11-14 12:30:00-05:00,8.239999771118164,8.270000457763672,8.199999809265137,8.239999771118164,46491,0.0,0.0
2023-11-14 13:30:00-05:00,8.239999771118164,8.399999618530273,8.239999771118164,8.350000381469727,65712,0.0,0.0
2023-11-14 14:30:00-05:00,8.359999656677246,8.479999542236328,8.329999923706055,8.470000267028809,82843,0.0,0.0
2023-11-14 15:30:00-05:00,8.460000038146973,8.5,8.390000343322754,8.449999809265137,127078,0.0,0.0
2023-11-15 09:30:00-05:00,8.399999618530273,8.729999542236328,8.399999618530273,8.6899995803833,52178,0.0,0.0
2023-11-15 10:30:00-05:00,8.699999809265137,8.739999771118164,8.630000114440918,8.725000381469727,32351,0.0,0.0
2023-11-15 11:30:00-05:00,8.729999542236328,8.770000457763672,8.649999618530273,8.770000457763672,31896,0.0,0.0
2023-11-15 12:30:00-05:00,8.770000457763672,8.789999961853027,8.65999984741211,8.6899995803833,41885,0.0,0.0
2023-11-15 13:30:00-05:00,8.680000305175781,8.75,8.680000305175781,8.75,40126,0.0,0.0
2023-11-15 14:30:00-05:00,8.739999771118164,8.75,8.699999809265137,8.75,33324,0.0,0.0
2023-11-15 15:30:00-05:00,8.75,8.829999923706055,8.75,8.800000190734863,112700,0.0,0.0
2023-11-16 09:30:00-05:00,8.760000228881836,8.869999885559082,8.59000015258789,8.59000015258789,86811,0.0,0.0
2023-11-16 10:30:00-05:00,8.579999923706055,8.619999885559082,8.520000457763672,8.569999694824219,43592,0.0,0.0
2023-11-16 11:30:00-05:00,8.5600004196167,8.5600004196167,8.470000267028809,8.494999885559082,28982,0.0,0.0
2023-11-16 12:30:00-05:00,8.5,8.559599876403809,8.380000114440918,8.524399757385254,53251,0.0,0.0
2023-11-16 13:30:00-05:00,8.510000228881836,8.545000076293945,8.40999984741211,8.460000038146973,84157,0.0,0.0
2023-11-16 14:30:00-05:00,8.470000267028809,8.529999732971191,8.444999694824219,8.524999618530273,35479,0.0,0.0
2023-11-16 15:30:00-05:00,8.520000457763672,8.59000015258789,8.494999885559082,8.579999923706055,111121,0.0,0.0
2023-11-17 09:30:00-05:00,8.729999542236328,8.819999694824219,8.640000343322754,8.819999694824219,51954,0.0,0.0
2023-11-17 10:30:00-05:00,8.8100004196167,8.8100004196167,8.699999809265137,8.699999809265137,24293,0.0,0.0
2023-11-17 11:30:00-05:00,8.699999809265137,8.774999618530273,8.699999809265137,8.729999542236328,35151,0.0,0.0
2023-11-17 12:30:00-05:00,8.729999542236328,8.84000015258789,8.729999542236328,8.810099601745605,22200,0.0,0.0
2023-11-17 13:30:00-05:00,8.823200225830078,8.869999885559082,8.779999732971191,8.789999961853027,35914,0.0,0.0
2023-11-17 14:30:00-05:00,8.789999961853027,8.859999656677246,8.720000267028809,8.84000015258789,38476,0.0,0.0
2023-11-17 15:30:00-05:00,8.829999923706055,8.880000114440918,8.800000190734863,8.880000114440918,56470,0.0,0.0
2023-11-20 09:30:00-05:00,8.850000381469727,8.930000305175781,8.789999961853027,8.899999618530273,44597,0.0,0.0
2023-11-20 10:30:00-05:00,8.899999618530273,8.970000267028809,8.850000381469727,8.960000038146973,27438,0.0,0.0
2023-11-20 11:30:00-05:00,8.960000038146973,9.010000228881836,8.960000038146973,9.010000228881836,17756,0.0,0.0
2023-11-20 12:30:00-05:00,9.0,9.130000114440918,8.989999771118164,9.109999656677246,44735,0.0,0.0
2023-11-20 13:30:00-05:00,9.119999885559082,9.170000076293945,9.069999694824219,9.069999694824219,54892,0.0,0.0
2023-11-20 14:30:00-05:00,9.050000190734863,9.079999923706055,9.010000228881836,9.039999961853027,54499,0.0,0.0
2023-11-20 15:30:00-05:00,9.03499984741211,9.100000381469727,9.029999732971191,9.039999961853027,64919,0.0,0.0
2023-11-21 09:30:00-05:00,8.899999618530273,8.970000267028809,8.861000061035156,8.960000038146973,42843,0.0,0.0
2023-11-21 10:30:00-05:00,8.970000267028809,8.998000144958496,8.850000381469727,8.864999771118164,17960,0.0,0.0
2023-11-21 11:30:00-05:00,8.850000381469727,8.930000305175781,8.800000190734863,8.864100456237793,20050,0.0,0.0
2023-11-21 12:30:00-05:00,8.859999656677246,8.9399995803833,8.84000015258789,8.899999618530273,18959,0.0,0.0
2023-11-21 13:30:00-05:00,8.90999984741211,8.930000305175781,8.875,8.899999618530273,9382,0.0,0.0
2023-11-21 14:30:00-05:00,8.890000343322754,8.920000076293945,8.84000015258789,8.854999542236328,24023,0.0,0.0
2023-11-21 15:30:00-05:00,8.84000015258789,8.880000114440918,8.824999809265137,8.84000015258789,47760,0.0,0.0
2023-11-22 09:30:00-05:00,8.949999809265137,9.010000228881836,8.779999732971191,8.970000267028809,61058,0.0,0.0
2023-11-22 10:30:00-05:00,8.960000038146973,9.0,8.880000114440918,8.895000457763672,20348,0.0,0.0
2023-11-22 11:30:00-05:00,8.899999618530273,8.9399995803833,8.819999694824219,8.835000038146973,23793,0.0,0.0
2023-11-22 12:30:00-05:00,8.835000038146973,8.850000381469727,8.805000305175781,8.84000015258789,22947,0.0,0.0
2023-11-22 13:30:00-05:00,8.84000015258789,8.84000015258789,8.78499984741211,8.800000190734863,12486,0.0,0.0
2023-11-22 14:30:00-05:00,8.800000190734863,8.8100004196167,8.75,8.800000190734863,21906,0.0,0.0
2023-11-22 15:30:00-05:00,8.800000190734863,8.800000190734863,8.760000228881836,8.789999961853027,34481,0.0,0.0
2023-11-24 09:30:00-05:00,8.800000190734863,8.899999618530273,8.770000457763672,8.880000114440918,25390,0.0,0.0
2023-11-24 10:30:00-05:00,8.890000343322754,8.960000038146973,8.880000114440918,8.949999809265137,19753,0.0,0.0
2023-11-24 11:30:00-05:00,8.960000038146973,8.960000038146973,8.871100425720215,8.890000343322754,18974,0.0,0.0
2023-11-27 09:30:00-05:00,8.829999923706055,8.949999809265137,8.798700332641602,8.944999694824219,22292,0.0,0.0
2023-11-27 10:30:00-05:00,8.949999809265137,9.010000228881836,8.949999809265137,9.010000228881836,13052,0.0,0.0
2023-11-27 11:30:00-05:00,9.0,9.069999694824219,8.979999542236328,8.979999542236328,29725,0.0,0.0
2023-11-27 12:30:00-05:00,8.989999771118164,9.037500381469727,8.979999542236328,9.0,21503,0.0,0.0
2023-11-27 13:30:00-05:00,8.994999885559082,9.010000228881836,8.979999542236328,9.010000228881836,25623,0.0,0.0
2023-11-27 14:30:00-05:00,8.989999771118164,9.074999809265137,8.979999542236328,9.015000343322754,36950,0.0,0.0
2023-11-27 15:30:00-05:00,9.020000457763672,9.050000190734863,8.989999771118164,9.039999961853027,62286,0.0,0.0
2023-11-28 09:30:00-05:00,8.970000267028809,8.977999687194824,8.885000228881836,8.944999694824219,25172,0.0,0.0
2023-11-28 10:30:00-05:00,8.949999809265137,9.069999694824219,8.9399995803833,9.029999732971191,26667,0.0,0.0
2023-11-28 11:30:00-05:00,9.029999732971191,9.069999694824219,8.984999656677246,8.984999656677246,26591,0.0,0.0
2023-11-28 12:30:00-05:00,8.979999542236328,8.994999885559082,8.949999809265137,8.970000267028809,16046,0.0,0.0
2023-11-28 13:30:00-05:00,8.970000267028809,8.994999885559082,8.9350004196167,8.970000267028809,37988,0.0,0.0
2023-11-28 14:30:00-05:00,8.968500137329102,9.0,8.960000038146973,8.989999771118164,33704,0.0,0.0
2023-11-28 15:30:00-05:00,8.989999771118164,9.029999732971191,8.970000267028809,8.989999771118164,54767,0.0,0.0
2023-11-29 09:30:00-05:00,9.109999656677246,9.329999923706055,9.079999923706055,9.1850004196167,34640,0.0,0.0
2023-11-29 10:30:00-05:00,9.210000038146973,9.25,9.0649995803833,9.09000015258789,34309,0.0,0.0
2023-11-29 11:30:00-05:00,9.09000015258789,9.130000114440918,9.0600004196167,9.100000381469727,55654,0.0,0.0
2023-11-29 12:30:00-05:00,9.100000381469727,9.140000343322754,9.029999732971191,9.069999694824219,23273,0.0,0.0
2023-11-29 13:30:00-05:00,9.079999923706055,9.119999885559082,9.0600004196167,9.079999923706055,19825,0.0,0.0
2023-11-29 14:30:00-05:00,9.079999923706055,9.084400177001953,9.029999732971191,9.039999961853027,22353,0.0,0.0
2023-11-29 15:30:00-05:00,9.050000190734863,9.09000015258789,9.039999961853027,9.050000190734863,45217,0.0,0.0
2023-11-30 09:30:00-05:00,9.09000015258789,9.125,8.854999542236328,8.970000267028809,91993,0.0,0.0
2023-11-30 10:30:00-05:00,8.96969985961914,9.0,8.890000343322754,8.930000305175781,51768,0.0,0.0
2023-11-30 11:30:00-05:00,8.9399995803833,8.9399995803833,8.890000343322754,8.90999984741211,57253,0.0,0.0
2023-11-30 12:30:00-05:00,8.899999618530273,8.949999809265137,8.890000343322754,8.9399995803833,33250,0.0,0.0
2023-11-30 13:30:00-05:00,8.930000305175781,8.96500015258789,8.899999618530273,8.949999809265137,33629,0.0,0.0
2023-11-30 14:30:00-05:00,8.954999923706055,8.970000267028809,8.895000457763672,8.899999618530273,58410,0.0,0.0
2023-11-30 15:30:00-05:00,8.904999732971191,8.90999984741211,8.779999732971191,8.8100004196167,271899,0.0,0.0
2023-12-01 09:30:00-05:00,8.779999732971191,8.930000305175781,8.649999618530273,8.90999984741211,67142,0.0,0.0
2023-12-01 10:30:00-05:00,8.899999618530273,9.239999771118164,8.899999618530273,9.239999771118164,82266,0.0,0.0
2023-12-01 11:30:00-05:00,9.220000267028809,9.3100004196167,9.140000343322754,9.260000228881836,111280,0.0,0.0
2023-12-01 12:30:00-05:00,9.25,9.3149995803833,9.229999542236328,9.300000190734863,43120,0.0,0.0
2023-12-01 13:30:00-05:00,9.289999961853027,9.3149995803833,9.270000457763672,9.300000190734863,52590,0.0,0.0
2023-12-01 14:30:00-05:00,9.300000190734863,9.444999694824219,9.300000190734863,9.444999694824219,93354,0.0,0.0
2023-12-01 15:30:00-05:00,9.444999694824219,9.489999771118164,9.4399995803833,9.479999542236328,155655,0.0,0.0
2023-12-04 09:30:00-05:00,9.4399995803833,9.710000038146973,9.40999984741211,9.699999809265137,47001,0.0,0.0
2023-12-04 10:30:00-05:00,9.699999809265137,9.710000038146973,9.550000190734863,9.680000305175781,36282,0.0,0.0
2023-12-04 11:30:00-05:00,9.679699897766113,9.800000190734863,9.649999618530273,9.800000190734863,29135,0.0,0.0
2023-12-04 12:30:00-05:00,9.8100004196167,9.829999923706055,9.739999771118164,9.770000457763672,25859,0.0,0.0
2023-12-04 13:30:00-05:00,9.75,9.78499984741211,9.720000267028809,9.75,49020,0.0,0.0
2023-12-04 14:30:00-05:00,9.739999771118164,9.805000305175781,9.675000190734863,9.6850004196167,42138,0.0,0.0
2023-12-04 15:30:00-05:00,9.6850004196167,9.8100004196167,9.670000076293945,9.800000190734863,153810,0.0,0.0
2023-12-05 09:30:00-05:00,9.710000038146973,10.116100311279297,9.670000076293945,10.09000015258789,97731,0.0,0.0
2023-12-05 10:30:00-05:00,10.100000381469727,10.1850004196167,10.09000015258789,10.164999961853027,55628,0.0,0.0
2023-12-05 11:30:00-05:00,10.15999984741211,10.175000190734863,9.994999885559082,10.069999694824219,45090,0.0,0.0
2023-12-05 12:30:00-05:00,10.0600004196167,10.0600004196167,9.96500015258789,9.96500015258789,74211,0.0,0.0
2023-12-05 13:30:00-05:00,9.970000267028809,9.979999542236328,9.901300430297852,9.949999809265137,89119,0.0,0.0
2023-12-05 14:30:00-05:00,9.949999809265137,10.010000228881836,9.9399995803833,10.005000114440918,187953,0.0,0.0
2023-12-05 15:30:00-05:00,10.0,10.015000343322754,9.949999809265137,9.970000267028809,162771,0.0,0.0
2023-12-06 09:30:00-05:00,10.029999732971191,10.25,9.989999771118164,10.1899995803833,92310,0.0,0.0
2023-12-06 10:30:00-05:00,10.1899995803833,10.239999771118164,10.130000114440918,10.180000305175781,26845,0.0,0.0
2023-12-06 11:30:00-05:00,10.15999984741211,10.220000267028809,10.130000114440918,10.194999694824219,16124,0.0,0.0
2023-12-06 12:30:00-05:00,10.180000305175781,10.199999809265137,10.109999656677246,10.180000305175781,20803,0.0,0.0
2023-12-06 13:30:00-05:00,10.1899995803833,10.220000267028809,10.15999984741211,10.210000038146973,63784,0.0,0.0
2023-12-06 14:30:00-05:00,10.199999809265137,10.279999732971191,10.194999694824219,10.199999809265137,46918,0.0,0.0
2023-12-06 15:30:00-05:00,10.194999694824219,10.239999771118164,10.149999618530273,10.170000076293945,127381,0.0,0.0
2023-12-07 09:30:00-05:00,10.15999984741211,10.260000228881836,10.020000457763672,10.220000267028809,61232,0.0,0.0
2023-12-07 10:30:00-05:00,10.229999542236328,10.25,10.130000114440918,10.1899995803833,38885,0.0,0.0
2023-12-07 11:30:00-05:00,10.1899995803833,10.25,10.180000305175781,10.220000267028809,48332,0.0,0.0
2023-12-07 12:30:00-05:00,10.220000267028809,10.399999618530273,10.220000267028809,10.399999618530273,135137,0.0,0.0
2023-12-07 13:30:00-05:00,10.40999984741211,10.489999771118164,10.399999618530273,10.449999809265137,52407,0.0,0.0
2023-12-07 14:30:00-05:00,10.460000038146973,10.510000228881836,10.369999885559082,10.399999618530273,77777,0.0,0.0
2023-12-07 15:30:00-05:00,10.399999618530273,10.460000038146973,10.350000381469727,10.454999923706055,129559,0.0,0.0
2023-12-08 09:30:00-05:00,10.420000076293945,10.59000015258789,10.380000114440918,10.53499984741211,26430,0.0,0.0
2023-12-08 10:30:00-05:00,10.550000190734863,10.579999923706055,10.5,10.524999618530273,50017,0.0,0.0
2023-12-08 11:30:00-05:00,10.539999961853027,10.539999961853027,10.289999961853027,10.289999961853027,83557,0.0,0.0
2023-12-08 12:30:00-05:00,10.279999732971191,10.3100004196167,10.210000038146973,10.300000190734863,73783,0.0,0.0
2023-12-08 13:30:00-05:00,10.300000190734863,10.3100004196167,10.239999771118164,10.270000457763672,66148,0.0,0.0
2023-12-08 14:30:00-05:00,10.289999961853027,10.430000305175781,10.260000228881836,10.404999732971191,60421,0.0,0.0
2023-12-08 15:30:00-05:00,10.401000022888184,10.430999755859375,10.380000114440918,10.420000076293945,64458,0.0,0.0
2023-12-11 09:30:00-05:00,10.390000343322754,10.475299835205078,10.25,10.404999732971191,30971,0.0,0.0
2023-12-11 10:30:00-05:00,10.390000343322754,10.4399995803833,10.385000228881836,10.4399995803833,20936,0.0,0.0
2023-12-11 11:30:00-05:00,10.4399995803833,10.510000228881836,10.4350004196167,10.494999885559082,18657,0.0,0.0
2023-12-11 12:30:00-05:00,10.494999885559082,10.539999961853027,10.395000457763672,10.470000267028809,29635,0.0,0.0
2023-12-11 13:30:00-05:00,10.46500015258789,10.46500015258789,10.380000114440918,10.430000305175781,28481,0.0,0.0
2023-12-11 14:30:00-05:00,10.4350004196167,10.489999771118164,10.40999984741211,10.425000190734863,45268,0.0,0.0
2023-12-11 15:30:00-05:00,10.425000190734863,10.479999542236328,10.399999618530273,10.4399995803833,83165,0.0,0.0
2023-12-12 09:30:00-05:00,10.4399995803833,10.4399995803833,10.300000190734863,10.380000114440918,25464,0.0,0.0
2023-12-12 10:30:00-05:00,10.369999885559082,10.420000076293945,10.350000381469727,10.395000457763672,27097,0.0,0.0
2023-12-12 11:30:00-05:00,10.395000457763672,10.430000305175781,10.395000457763672,10.404999732971191,29459,0.0,0.0
2023-12-12 12:30:00-05:00,10.404999732971191,10.479999542236328,10.399999618530273,10.460000038146973,37555,0.0,0.0
2023-12-12 13:30:00-05:00,10.470000267028809,10.470000267028809,10.399999618530273,10.420000076293945,17884,0.0,0.0
2023-12-12 14:30:00-05:00,10.410099983215332,10.505000114440918,10.40999984741211,10.481100082397461,50606,0.0,0.0
2023-12-12 15:30:00-05:00,10.484999656677246,10.515000343322754,10.4399995803833,10.460000038146973,91032,0.0,0.0
2023-12-13 09:30:00-05:00,10.34000015258789,10.5,10.25,10.5,57918,0.0,0.0
2023-12-13 10:30:00-05:00,10.5,10.739999771118164,10.460000038146973,10.699999809265137,93576,0.0,0.0
2023-12-13 11:30:00-05:00,10.699999809265137,10.699999809265137,10.510000228881836,10.510000228881836,33208,0.0,0.0
2023-12-13 12:30:00-05:00,10.529999732971191,10.574999809265137,10.520000457763672,10.574999809265137,29573,0.0,0.0
2023-12-13 13:30:00-05:00,10.5600004196167,10.9399995803833,10.539999961853027,10.920000076293945,69490,0.0,0.0
2023-12-13 14:30:00-05:00,10.930000305175781,11.1899995803833,10.899999618530273,11.149999618530273,104426,0.0,0.0
2023-12-13 15:30:00-05:00,11.149999618530273,11.3100004196167,11.140000343322754,11.300000190734863,106141,0.0,0.0
2023-12-14 09:30:00-05:00,11.609999656677246,11.824999809265137,11.479999542236328,11.744999885559082,103148,0.0,0.0
2023-12-14 10:30:00-05:00,11.729999542236328,11.869999885559082,11.65999984741211,11.85990047454834,56830,0.0,0.0
2023-12-14 11:30:00-05:00,11.854999542236328,11.899999618530273,11.729999542236328,11.729999542236328,42805,0.0,0.0
2023-12-14 12:30:00-05:00,11.739999771118164,11.859999656677246,11.739999771118164,11.774999618530273,67203,0.0,0.0
2023-12-14 13:30:00-05:00,11.789999961853027,11.8149995803833,11.670000076293945,11.720000267028809,61954,0.0,0.0
2023-12-14 14:30:00-05:00,11.720000267028809,11.84000015258789,11.699999809265137,11.800000190734863,61244,0.0,0.0
2023-12-14 15:30:00-05:00,11.789999961853027,11.850000381469727,11.710000038146973,11.720000267028809,89184,0.0,0.0
2023-12-15 09:30:00-05:00,11.8100004196167,11.850000381469727,11.329999923706055,11.40999984741211,137053,0.0,0.0
2023-12-15 10:30:00-05:00,11.4399995803833,11.5600004196167,11.390000343322754,11.40999984741211,24667,0.0,0.0
2023-12-15 11:30:00-05:00,11.4399995803833,11.444999694824219,11.3100004196167,11.3100004196167,25228,0.0,0.0
2023-12-15 12:30:00-05:00,11.300000190734863,11.3100004196167,11.180000305175781,11.239899635314941,28806,0.0,0.0
2023-12-15 13:30:00-05:00,11.239999771118164,11.244999885559082,11.149999618530273,11.220000267028809,24722,0.0,0.0
2023-12-15 14:30:00-05:00,11.210000038146973,11.270000457763672,11.194999694824219,11.21500015258789,39540,0.0,0.0
2023-12-15 15:30:00-05:00,11.21500015258789,11.225000381469727,11.069999694824219,11.079999923706055,81856,0.0,0.0
2023-12-18 09:30:00-05:00,11.270000457763672,11.3149995803833,11.020000457763672,11.109999656677246,46432,0.0,0.0
2023-12-18 10:30:00-05:00,11.100000381469727,11.119999885559082,11.010000228881836,11.079999923706055,35032,0.0,0.0
2023-12-18 11:30:00-05:00,11.119999885559082,11.146300315856934,11.020000457763672,11.024999618530273,23979,0.0,0.0
2023-12-18 12:30:00-05:00,11.029999732971191,11.09000015258789,10.989999771118164,11.020000457763672,36313,0.0,0.0
2023-12-18 13:30:00-05:00,11.029999732971191,11.09000015258789,10.970000267028809,10.970000267028809,37065,0.0,0.0
2023-12-18 14:30:00-05:00,10.970000267028809,11.029999732971191,10.970000267028809,10.970000267028809,18128,0.0,0.0
2023-12-18 15:30:00-05:00,10.970000267028809,11.010000228881836,10.960000038146973,10.970000267028809,57544,0.0,0.0
2023-12-19 09:30:00-05:00,11.1899995803833,11.210000038146973,11.029999732971191,11.09000015258789,28679,0.0,0.0
2023-12-19 10:30:00-05:00,11.079999923706055,11.170000076293945,11.0600004196167,11.130000114440918,22991,0.0,0.0
2023-12-19 11:30:00-05:00,11.130000114440918,11.130000114440918,11.010000228881836,11.114999771118164,27439,0.0,0.0
2023-12-19 12:30:00-05:00,11.109999656677246,11.109999656677246,11.039999961853027,11.09000015258789,16491,0.0,0.0
2023-12-19 13:30:00-05:00,11.09000015258789,11.180000305175781,11.09000015258789,11.15999984741211,15068,0.0,0.0
2023-12-19 14:30:00-05:00,11.149999618530273,11.270000457763672,11.140000343322754,11.25,69656,0.0,0.0
2023-12-19 15:30:00-05:00,11.255000114440918,11.279999732971191,11.180000305175781,11.1899995803833,87538,0.0,0.0
2023-12-20 09:30:00-05:00,11.15999984741211,11.289999961853027,11.119999885559082,11.25,41951,0.0,0.0
2023-12-20 10:30:00-05:00,11.239999771118164,11.380000114440918,11.199999809265137,11.3100004196167,69194,0.0,0.0
2023-12-20 11:30:00-05:00,11.3100004196167,11.34000015258789,11.25,11.34000015258789,31968,0.0,0.0
2023-12-20 12:30:00-05:00,11.34000015258789,11.380000114440918,11.289999961853027,11.300000190734863,28648,0.0,0.0
2023-12-20 13:30:00-05:00,11.300000190734863,11.319999694824219,11.25,11.270000457763672,18901,0.0,0.0
2023-12-20 14:30:00-05:00,11.260000228881836,11.260000228881836,10.960000038146973,10.960000038146973,30124,0.0,0.0
2023-12-20 15:30:00-05:00,10.970000267028809,10.979999542236328,10.869999885559082,10.899999618530273,41490,0.0,0.0
2023-12-21 09:30:00-05:00,11.220000267028809,11.430000305175781,11.220000267028809,11.300000190734863,30029,0.0,0.0
2023-12-21 10:30:00-05:00,11.289999961853027,11.354000091552734,11.279999732971191,11.335000038146973,14864,0.0,0.0
2023-12-21 11:30:00-05:00,11.319999694824219,11.319999694824219,11.229999542236328,11.229999542236328,12871,0.0,0.0
2023-12-21 12:30:00-05:00,11.231900215148926,11.25,11.100000381469727,11.130000114440918,35820,0.0,0.0
2023-12-21 13:30:00-05:00,11.145000457763672,11.170000076293945,11.130000114440918,11.140000343322754,12174,0.0,0.0
2023-12-21 14:30:00-05:00,11.149999618530273,11.170000076293945,11.069999694824219,11.100000381469727,34851,0.0,0.0
2023-12-21 15:30:00-05:00,11.100000381469727,11.210000038146973,11.079999923706055,11.170000076293945,97797,0.0,0.0
2023-12-22 09:30:00-05:00,11.229999542236328,11.475000381469727,11.130000114440918,11.319999694824219,44942,0.0,0.0
2023-12-22 10:30:00-05:00,11.329999923706055,11.420000076293945,11.300000190734863,11.350000381469727,19438,0.0,0.0
2023-12-22 11:30:00-05:00,11.348400115966797,11.369999885559082,11.260000228881836,11.329999923706055,15425,0.0,0.0
2023-12-22 12:30:00-05:00,11.319999694824219,11.34000015258789,11.279999732971191,11.295000076293945,13434,0.0,0.0
2023-12-22 13:30:00-05:00,11.295000076293945,11.3100004196167,11.15999984741211,11.1899995803833,46139,0.0,0.0
2023-12-22 14:30:00-05:00,11.180000305175781,11.229999542236328,11.149999618530273,11.149999618530273,40614,0.0,0.0
2023-12-22 15:30:00-05:00,11.154999732971191,11.15999984741211,11.109999656677246,11.109999656677246,94556,0.0,0.0
2023-12-26 09:30:00-05:00,11.1899995803833,11.319999694824219,11.114999771118164,11.154999732971191,16251,0.0,0.0
2023-12-26 10:30:00-05:00,11.154999732971191,11.15999984741211,11.09000015258789,11.100000381469727,14730,0.0,0.0
2023-12-26 11:30:00-05:00,11.109999656677246,11.229999542236328,11.09000015258789,11.229999542236328,17962,0.0,0.0
2023-12-26 12:30:00-05:00,11.21500015258789,11.239999771118164,11.140000343322754,11.204999923706055,19969,0.0,0.0
2023-12-26 13:30:00-05:00,11.1899995803833,11.25,11.180000305175781,11.234999656677246,16458,0.0,0.0
2023-12-26 14:30:00-05:00,11.235699653625488,11.235699653625488,11.170000076293945,11.180000305175781,21884,0.0,0.0
2023-12-26 15:30:00-05:00,11.1899995803833,11.25,11.170000076293945,11.180000305175781,62068,0.0,0.0
2023-12-27 09:30:00-05:00,11.25,11.380000114440918,11.140000343322754,11.25,31538,0.0,0.0
2023-12-27 10:30:00-05:00,11.220000267028809,11.224200248718262,11.140000343322754,11.180000305175781,19889,0.0,0.0
2023-12-27 11:30:00-05:00,11.1899995803833,11.25,11.1899995803833,11.229999542236328,11217,0.0,0.0
2023-12-27 12:30:00-05:00,11.244999885559082,11.289999961853027,11.220000267028809,11.234999656677246,11910,0.0,0.0
2023-12-27 13:30:00-05:00,11.239999771118164,11.279999732971191,11.15999984741211,11.180000305175781,17933,0.0,0.0
2023-12-27 14:30:00-05:00,11.180000305175781,11.1899995803833,11.149999618530273,11.170000076293945,17376,0.0,0.0
2023-12-27 15:30:00-05:00,11.170000076293945,11.199999809265137,11.100000381469727,11.1899995803833,71570,0.0,0.0
2023-12-28 09:30:00-05:00,11.100000381469727,11.220000267028809,11.020000457763672,11.100000381469727,25328,0.0,0.0
2023-12-28 10:30:00-05:00,11.109999656677246,11.140000343322754,11.055000305175781,11.079999923706055,21069,0.0,0.0
2023-12-28 11:30:00-05:00,11.09000015258789,11.119999885559082,11.039999961853027,11.119999885559082,13327,0.0,0.0
2023-12-28 12:30:00-05:00,11.130000114440918,11.149999618530273,11.100000381469727,11.145000457763672,18707,0.0,0.0
2023-12-28 13:30:00-05:00,11.145000457763672,11.1899995803833,11.130000114440918,11.140000343322754,24771,0.0,0.0
2023-12-28 14:30:00-05:00,11.140000343322754,11.15999984741211,11.085000038146973,11.130000114440918,31083,0.0,0.0
2023-12-28 15:30:00-05:00,11.149999618530273,11.1899995803833,11.130000114440918,11.170000076293945,50194,0.0,0.0
2023-12-29 09:30:00-05:00,11.1899995803833,11.289999961853027,10.986499786376953,11.0,40328,0.0,0.0
2023-12-29 10:30:00-05:00,10.989999771118164,11.069999694824219,10.960000038146973,10.989999771118164,21408,0.0,0.0
2023-12-29 11:30:00-05:00,10.989999771118164,11.005000114440918,10.930000305175781,10.9399995803833,12067,0.0,0.0
2023-12-29 12:30:00-05:00,10.9399995803833,10.975000381469727,10.90999984741211,10.930000305175781,26354,0.0,0.0
2023-12-29 13:30:00-05:00,10.930000305175781,10.930000305175781,10.84000015258789,10.850000381469727,28629,0.0,0.0
2023-12-29 14:30:00-05:00,10.854999542236328,10.859999656677246,10.789999961853027,10.829999923706055,39683,0.0,0.0
2023-12-29 15:30:00-05:00,10.850000381469727,10.899999618530273,10.84000015258789,10.880000114440918,67826,0.0,0.0
2024-01-02 09:30:00-05:00,11.550000190734863,11.739999771118164,11.220000267028809,11.430000305175781,111875,0.0,0.0
2024-01-02 10:30:00-05:00,11.430000305175781,11.460000038146973,11.300000190734863,11.449999809265137,50379,0.0,0.0
2024-01-02 11:30:00-05:00,11.4399995803833,11.5600004196167,11.40999984741211,11.5600004196167,34685,0.0,0.0
2024-01-02 12:30:00-05:00,11.5600004196167,11.609999656677246,11.539999961853027,11.5600004196167,31959,0.0,0.0
2024-01-02 13:30:00-05:00,11.569999694824219,11.569999694824219,11.390000343322754,11.40999984741211,24439,0.0,0.0
2024-01-02 14:30:00-05:00,11.40999984741211,11.40999984741211,11.239999771118164,11.270000457763672,33775,0.0,0.0
2024-01-02 15:30:00-05:00,11.270000457763672,11.359999656677246,11.2608003616333,11.319999694824219,93618,0.0,0.0
2024-01-03 09:30:00-05:00,11.210000038146973,11.359999656677246,11.109999656677246,11.329999923706055,61114,0.0,0.0
2024-01-03 10:30:00-05:00,11.319999694824219,11.369999885559082,11.149999618530273,11.350000381469727,32150,0.0,0.0
2024-01-03 11:30:00-05:00,11.359999656677246,11.399999618530273,11.3100004196167,11.369999885559082,25129,0.0,0.0
2024-01-03 12:30:00-05:00,11.369999885559082,11.470000267028809,11.34000015258789,11.4399995803833,47436,0.0,0.0
2024-01-03 13:30:00-05:00,11.430000305175781,11.470000267028809,11.385000228881836,11.449999809265137,53511,0.0,0.0
2024-01-03 14:30:00-05:00,11.470000267028809,11.484999656677246,11.210000038146973,11.210000038146973,58778,0.0,0.0
2024-01-03 15:30:00-05:00,11.220000267028809,11.279999732971191,11.140000343322754,11.15999984741211,79668,0.0,0.0
2024-01-04 09:30:00-05:00,11.25,11.329999923706055,11.229999542236328,11.289999961853027,31916,0.0,0.0
2024-01-04 10:30:00-05:00,11.300000190734863,11.380000114440918,11.270000457763672,11.350000381469727,32885,0.0,0.0
2024-01-04 11:30:00-05:00,11.329999923706055,11.359999656677246,11.270000457763672,11.347999572753906,19086,0.0,0.0
2024-01-04 12:30:00-05:00,11.329999923706055,11.329999923706055,11.28499984741211,11.329999923706055,16020,0.0,0.0
2024-01-04 13:30:00-05:00,11.34000015258789,11.385000228881836,11.3100004196167,11.380000114440918,21735,0.0,0.0
2024-01-04 14:30:00-05:00,11.380000114440918,11.420000076293945,11.34000015258789,11.380000114440918,24256,0.0,0.0
2024-01-04 15:30:00-05:00,11.385000228881836,11.437999725341797,11.350000381469727,11.359999656677246,63001,0.0,0.0
2024-01-05 09:30:00-05:00,11.270000457763672,11.609999656677246,11.270000457763672,11.510000228881836,44279,0.0,0.0
2024-01-05 10:30:00-05:00,11.520000457763672,11.600000381469727,11.5,11.520000457763672,38544,0.0,0.0
2024-01-05 11:30:00-05:00,11.505000114440918,11.529999732971191,11.460000038146973,11.510000228881836,22346,0.0,0.0
2024-01-05 12:30:00-05:00,11.515000343322754,11.520000457763672,11.460000038146973,11.510000228881836,16051,0.0,0.0
2024-01-05 13:30:00-05:00,11.510000228881836,11.5600004196167,11.479999542236328,11.489999771118164,22311,0.0,0.0
2024-01-05 14:30:00-05:00,11.475000381469727,11.489999771118164,11.3100004196167,11.40999984741211,43035,0.0,0.0
2024-01-05 15:30:00-05:00,11.399999618530273,11.399999618530273,11.3100004196167,11.319999694824219,53668,0.0,0.0
2024-01-08 09:30:00-05:00,11.270000457763672,11.380000114440918,11.210000038146973,11.350000381469727,15713,0.0,0.0
2024-01-08 10:30:00-05:00,11.34000015258789,11.375,11.300000190734863,11.340999603271484,20899,0.0,0.0
2024-01-08 11:30:00-05:00,11.350000381469727,11.369999885559082,11.329999923706055,11.335000038146973,18017,0.0,0.0
2024-01-08 12:30:00-05:00,11.329999923706055,11.430000305175781,11.3100004196167,11.404999732971191,13628,0.0,0.0
2024-01-08 13:30:00-05:00,11.40999984741211,11.59000015258789,11.404999732971191,11.520000457763672,67293,0.0,0.0
2024-01-08 14:30:00-05:00,11.520000457763672,11.53499984741211,11.40999984741211,11.414999961853027,31154,0.0,0.0
2024-01-08 15:30:00-05:00,11.414999961853027,11.479999542236328,11.40999984741211,11.479999542236328,35709,0.0,0.0
2024-01-09 09:30:00-05:00,11.270000457763672,11.359999656677246,11.170000076293945,11.210000038146973,26429,0.0,0.0
2024-01-09 10:30:00-05:00,11.229999542236328,11.25,11.140000343322754,11.180000305175781,18123,0.0,0.0
2024-01-09 11:30:00-05:00,11.170000076293945,11.170000076293945,11.109999656677246,11.109999656677246,10771,0.0,0.0
2024-01-09 12:30:00-05:00,11.109999656677246,11.119999885559082,11.020000457763672,11.055000305175781,16082,0.0,0.0
2024-01-09 13:30:00-05:00,11.029999732971191,11.050000190734863,10.9399995803833,10.975000381469727,47514,0.0,0.0
2024-01-09 14:30:00-05:00,10.989999771118164,11.020000457763672,10.904999732971191,10.984999656677246,29750,0.0,0.0
2024-01-09 15:30:00-05:00,10.989999771118164,11.029999732971191,10.944999694824219,10.989999771118164,46388,0.0,0.0
2024-01-10 09:30:00-05:00,10.949999809265137,11.079999923706055,10.930000305175781,10.954999923706055,19283,0.0,0.0
2024-01-10 10:30:00-05:00,10.970000267028809,11.100000381469727,10.960000038146973,11.082500457763672,14398,0.0,0.0
2024-01-10 11:30:00-05:00,11.092499732971191,11.100000381469727,10.989999771118164,11.09000015258789,21885,0.0,0.0
2024-01-10 12:30:00-05:00,11.079999923706055,11.079999923706055,10.989999771118164,11.029999732971191,14953,0.0,0.0
2024-01-10 13:30:00-05:00,11.039999961853027,11.050000190734863,11.0,11.039999961853027,15629,0.0,0.0
2024-01-10 14:30:00-05:00,11.050000190734863,11.0600004196167,10.960000038146973,10.960000038146973,18549,0.0,0.0
2024-01-10 15:30:00-05:00,10.960000038146973,11.050000190734863,10.960000038146973,11.010000228881836,44772,0.0,0.0
2024-01-11 09:30:00-05:00,11.029999732971191,11.130000114440918,10.899999618530273,10.960000038146973,61492,0.0,0.0
2024-01-11 10:30:00-05:00,10.979999542236328,11.029999732971191,10.850000381469727,10.930000305175781,19173,0.0,0.0
2024-01-11 11:30:00-05:00,10.920000076293945,10.9399995803833,10.850000381469727,10.850000381469727,19706,0.0,0.0
2024-01-11 12:30:00-05:00,10.859999656677246,10.930000305175781,10.850000381469727,10.899999618530273,16841,0.0,0.0
2024-01-11 13:30:00-05:00,10.899999618530273,11.0,10.880000114440918,10.90999984741211,25865,0.0,0.0
2024-01-11 14:30:00-05:00,10.9399995803833,10.96679973602295,10.869999885559082,10.899999618530273,16634,0.0,0.0
2024-01-11 15:30:00-05:00,10.90999984741211,10.90999984741211,10.869999885559082,10.890000343322754,25223,0.0,0.0
2024-01-12 09:30:00-05:00,11.0,11.09000015258789,10.795000076293945,10.800000190734863,17219,0.0,0.0
2024-01-12 10:30:00-05:00,10.789999961853027,10.789999961853027,10.600000381469727,10.680000305175781,15608,0.0,0.0
2024-01-12 11:30:00-05:00,10.670000076293945,10.670000076293945,10.569999694824219,10.59000015258789,10807,0.0,0.0
2024-01-12 12:30:00-05:00,10.600000381469727,10.600000381469727,10.510000228881836,10.529999732971191,14240,0.0,0.0
2024-01-12 13:30:00-05:00,10.520000457763672,10.579999923706055,10.505000114440918,10.579999923706055,17155,0.0,0.0
2024-01-12 14:30:00-05:00,10.59000015258789,10.59000015258789,10.430000305175781,10.444999694824219,17716,0.0,0.0
2024-01-12 15:30:00-05:00,10.449999809265137,10.479999542236328,10.395000457763672,10.470000267028809,35401,0.0,0.0
2024-01-16 09:30:00-05:00,10.34000015258789,10.34000015258789,10.225000381469727,10.3100004196167,17185,0.0,0.0
2024-01-16 10:30:00-05:00,10.310400009155273,10.399999618530273,10.289999961853027,10.350000381469727,16100,0.0,0.0
2024-01-16 11:30:00-05:00,10.359999656677246,10.369999885559082,10.289999961853027,10.319999694824219,16173,0.0,0.0
2024-01-16 12:30:00-05:00,10.329999923706055,10.359999656677246,10.295000076293945,10.359999656677246,16581,0.0,0.0
2024-01-16 13:30:00-05:00,10.359999656677246,10.380000114440918,10.180000305175781,10.210000038146973,37414,0.0,0.0
2024-01-16 14:30:00-05:00,10.204999923706055,10.289999961853027,10.199999809265137,10.260000228881836,26085,0.0,0.0
2024-01-16 15:30:00-05:00,10.26669979095459,10.319999694824219,10.25,10.300000190734863,58263,0.0,0.0
2024-01-17 09:30:00-05:00,10.15999984741211,10.300000190734863,10.15999984741211,10.220000267028809,12600,0.0,0.0
2024-01-17 10:30:00-05:00,10.239999771118164,10.239999771118164,10.119999885559082,10.119999885559082,14248,0.0,0.0
2024-01-17 11:30:00-05:00,10.149999618530273,10.170000076293945,10.079999923706055,10.095000267028809,13028,0.0,0.0
2024-01-17 12:30:00-05:00,10.095000267028809,10.095000267028809,10.029999732971191,10.039999961853027,13532,0.0,0.0
2024-01-17 13:30:00-05:00,10.029999732971191,10.050000190734863,9.989999771118164,10.010000228881836,18552,0.0,0.0
2024-01-17 14:30:00-05:00,10.020000457763672,10.079999923706055,10.015000343322754,10.0600004196167,19698,0.0,0.0
2024-01-17 15:30:00-05:00,10.0600004196167,10.15999984741211,10.050000190734863,10.140000343322754,43562,0.0,0.0
2024-01-18 09:30:00-05:00,10.25,10.319999694824219,10.079999923706055,10.1899995803833,25439,0.0,0.0
2024-01-18 10:30:00-05:00,10.1899995803833,10.270000457763672,10.100000381469727,10.140000343322754,35502,0.0,0.0
2024-01-18 11:30:00-05:00,10.149999618530273,10.1899995803833,10.130000114440918,10.149999618530273,27153,0.0,0.0
2024-01-18 12:30:00-05:00,10.149999618530273,10.1899995803833,10.140000343322754,10.158900260925293,15630,0.0,0.0
2024-01-18 13:30:00-05:00,10.15999984741211,10.199999809265137,10.145000457763672,10.149999618530273,16174,0.0,0.0
2024-01-18 14:30:00-05:00,10.149999618530273,10.210000038146973,10.149999618530273,10.210000038146973,25461,0.0,0.0
2024-01-18 15:30:00-05:00,10.210000038146973,10.239999771118164,10.194999694824219,10.234999656677246,28249,0.0,0.0
2024-01-19 09:30:00-05:00,10.319999694824219,10.319999694824219,10.09000015258789,10.09000015258789,18199,0.0,0.0
2024-01-19 10:30:00-05:00,10.079999923706055,10.1899995803833,10.079999923706055,10.15999984741211,12274,0.0,0.0
2024-01-19 11:30:00-05:00,10.149999618530273,10.149999618530273,10.079999923706055,10.130000114440918,14629,0.0,0.0
2024-01-19 12:30:00-05:00,10.140000343322754,10.1899995803833,10.109999656677246,10.1899995803833,10729,0.0,0.0
2024-01-19 13:30:00-05:00,10.199999809265137,10.279999732971191,10.199999809265137,10.244999885559082,12144,0.0,0.0
2024-01-19 14:30:00-05:00,10.239999771118164,10.270000457763672,10.220000267028809,10.239999771118164,19555,0.0,0.0
2024-01-19 15:30:00-05:00,10.25,10.260000228881836,10.220000267028809,10.239999771118164,30834,0.0,0.0
2024-01-22 09:30:00-05:00,10.300000190734863,10.619999885559082,10.239999771118164,10.574999809265137,50431,0.0,0.0
2024-01-22 10:30:00-05:00,10.5600004196167,10.579999923706055,10.430000305175781,10.5,12998,0.0,0.0
2024-01-22 11:30:00-05:00,10.510000228881836,10.569999694824219,10.479999542236328,10.569999694824219,19160,0.0,0.0
2024-01-22 12:30:00-05:00,10.569999694824219,10.619999885559082,10.550000190734863,10.550000190734863,12385,0.0,0.0
2024-01-22 13:30:00-05:00,10.5600004196167,10.630000114440918,10.51990032196045,10.520000457763672,17807,0.0,0.0
2024-01-22 14:30:00-05:00,10.520000457763672,10.609999656677246,10.510000228881836,10.595000267028809,27516,0.0,0.0
2024-01-22 15:30:00-05:00,10.595000267028809,10.609000205993652,10.555000305175781,10.595000267028809,85263,0.0,0.0
2024-01-23 09:30:00-05:00,10.729999542236328,10.84000015258789,10.694999694824219,10.84000015258789,24947,0.0,0.0
2024-01-23 10:30:00-05:00,10.829999923706055,10.829999923706055,10.619999885559082,10.625,20754,0.0,0.0
2024-01-23 11:30:00-05:00,10.630000114440918,10.649999618530273,10.5600004196167,10.5600004196167,15510,0.0,0.0
2024-01-23 12:30:00-05:00,10.539999961853027,10.539999961853027,10.479999542236328,10.505000114440918,13776,0.0,0.0
2024-01-23 13:30:00-05:00,10.5,10.5649995803833,10.489999771118164,10.529999732971191,18827,0.0,0.0
2024-01-23 14:30:00-05:00,10.529999732971191,10.595000267028809,10.510000228881836,10.555000305175781,23313,0.0,0.0
2024-01-23 15:30:00-05:00,10.555000305175781,10.5600004196167,10.489999771118164,10.489999771118164,59789,0.0,0.0
2024-01-24 09:30:00-05:00,10.65999984741211,10.710000038146973,10.475000381469727,10.479999542236328,14032,0.0,0.0
2024-01-24 10:30:00-05:00,10.510000228881836,10.640000343322754,10.484999656677246,10.619999885559082,17015,0.0,0.0
2024-01-24 11:30:00-05:00,10.609999656677246,10.619999885559082,10.529999732971191,10.59000015258789,10798,0.0,0.0
2024-01-24 12:30:00-05:00,10.609999656677246,10.619999885559082,10.549200057983398,10.555000305175781,12761,0.0,0.0
2024-01-24 13:30:00-05:00,10.550000190734863,10.5600004196167,10.399999618530273,10.399999618530273,42999,0.0,0.0
2024-01-24 14:30:00-05:00,10.399999618530273,10.430000305175781,10.359999656677246,10.359999656677246,29448,0.0,0.0
2024-01-24 15:30:00-05:00,10.378000259399414,10.449999809265137,10.369999885559082,10.4399995803833,31475,0.0,0.0
2024-01-25 09:30:00-05:00,10.6899995803833,10.789999961853027,10.630000114440918,10.75,20793,0.0,0.0
2024-01-25 10:30:00-05:00,10.770000457763672,10.770000457763672,10.649999618530273,10.720000267028809,12668,0.0,0.0
2024-01-25 11:30:00-05:00,10.720000267028809,10.75,10.670000076293945,10.710000038146973,9889,0.0,0.0
2024-01-25 12:30:00-05:00,10.699999809265137,10.729999542236328,10.640000343322754,10.6899995803833,6544,0.0,0.0
2024-01-25 13:30:00-05:00,10.680000305175781,10.739999771118164,10.649999618530273,10.729999542236328,13361,0.0,0.0
2024-01-25 14:30:00-05:00,10.720100402832031,10.75,10.649999618530273,10.654999732971191,10405,0.0,0.0
2024-01-25 15:30:00-05:00,10.65999984741211,10.729999542236328,10.65999984741211,10.729999542236328,48470,0.0,0.0
2024-01-26 09:30:00-05:00,10.800000190734863,10.925000190734863,10.760000228881836,10.84000015258789,14608,0.0,0.0
2024-01-26 10:30:00-05:00,10.869999885559082,10.90999984741211,10.789999961853027,10.800000190734863,12840,0.0,0.0
2024-01-26 11:30:00-05:00,10.800000190734863,10.800000190734863,10.770000457763672,10.789999961853027,5063,0.0,0.0
2024-01-26 12:30:00-05:00,10.779999732971191,10.789999961853027,10.760000228881836,10.789999961853027,10535,0.0,0.0
2024-01-26 13:30:00-05:00,10.789999961853027,10.789999961853027,10.760000228881836,10.779999732971191,8048,0.0,0.0
2024-01-26 14:30:00-05:00,10.779999732971191,10.789999961853027,10.760000228881836,10.779999732971191,10307,0.0,0.0
2024-01-26 15:30:00-05:00,10.779999732971191,10.800000190734863,10.729999542236328,10.729999542236328,97239,0.0,0.0
2024-01-29 09:30:00-05:00,10.8100004196167,10.8100004196167,10.569999694824219,10.710000038146973,27329,0.0,0.0
2024-01-29 10:30:00-05:00,10.710000038146973,10.800000190734863,10.710000038146973,10.770000457763672,14527,0.0,0.0
2024-01-29 11:30:00-05:00,10.760000228881836,10.760000228881836,10.649999618530273,10.699999809265137,11048,0.0,0.0
2024-01-29 12:30:00-05:00,10.710000038146973,10.774999618530273,10.699999809265137,10.765000343322754,11613,0.0,0.0
2024-01-29 13:30:00-05:00,10.75,10.760000228881836,10.699999809265137,10.739999771118164,15966,0.0,0.0
2024-01-29 14:30:00-05:00,10.739999771118164,10.859999656677246,10.739999771118164,10.859999656677246,20412,0.0,0.0
2024-01-29 15:30:00-05:00,10.859999656677246,10.859999656677246,10.774999618530273,10.789999961853027,47257,0.0,0.0
2024-01-30 09:30:00-05:00,10.729999542236328,10.760000228881836,10.619999885559082,10.649999618530273,22694,0.0,0.0
2024-01-30 10:30:00-05:00,10.649999618530273,10.720000267028809,10.630000114440918,10.670000076293945,14369,0.0,0.0
2024-01-30 11:30:00-05:00,10.680000305175781,10.739999771118164,10.675000190734863,10.729999542236328,12231,0.0,0.0
2024-01-30 12:30:00-05:00,10.720000267028809,10.760000228881836,10.6899995803833,10.760000228881836,9162,0.0,0.0
2024-01-30 13:30:00-05:00,10.755000114440918,10.755000114440918,10.71500015258789,10.729999542236328,12038,0.0,0.0
2024-01-30 14:30:00-05:00,10.729999542236328,10.739999771118164,10.710000038146973,10.739999771118164,18897,0.0,0.0
2024-01-30 15:30:00-05:00,10.729999542236328,10.8100004196167,10.720000267028809,10.770000457763672,43267,0.0,0.0
2024-01-31 09:30:00-05:00,10.770000457763672,10.8149995803833,10.6899995803833,10.760000228881836,20402,0.0,0.0
2024-01-31 10:30:00-05:00,10.779999732971191,10.829999923706055,10.760000228881836,10.789999961853027,26990,0.0,0.0
2024-01-31 11:30:00-05:00,10.779999732971191,10.779999732971191,10.710000038146973,10.760000228881836,11367,0.0,0.0
2024-01-31 12:30:00-05:00,10.760000228881836,10.84000015258789,10.729999542236328,10.829999923706055,17449,0.0,0.0
2024-01-31 13:30:00-05:00,10.84000015258789,10.880000114440918,10.720000267028809,10.744999885559082,22892,0.0,0.0
2024-01-31 14:30:00-05:00,10.729999542236328,10.890000343322754,10.449999809265137,10.449999809265137,120466,0.0,0.0
2024-01-31 15:30:00-05:00,10.4399995803833,10.470000267028809,10.260000228881836,10.270000457763672,75299,0.0,0.0
2024-02-01 09:30:00-05:00,10.399999618530273,10.470000267028809,10.300000190734863,10.390000343322754,19249,0.0,0.0
2024-02-01 10:30:00-05:00,10.390000343322754,10.390000343322754,10.170000076293945,10.21500015258789,25496,0.0,0.0
2024-02-01 11:30:00-05:00,10.220000267028809,10.390000343322754,10.220000267028809,10.34000015258789,14787,0.0,0.0
2024-02-01 12:30:00-05:00,10.350000381469727,10.430000305175781,10.3100004196167,10.369999885559082,13625,0.0,0.0
2024-02-01 13:30:00-05:00,10.369999885559082,10.430000305175781,10.359999656677246,10.380000114440918,15889,0.0,0.0
2024-02-01 14:30:00-05:00,10.380000114440918,10.4399995803833,10.34000015258789,10.390000343322754,22206,0.0,0.0
2024-02-01 15:30:00-05:00,10.380000114440918,10.390000343322754,10.34000015258789,10.350000381469727,40700,0.0,0.0
2024-02-02 09:30:00-05:00,10.109999656677246,10.125,9.960000038146973,10.020000457763672,24831,0.0,0.0
2024-02-02 10:30:00-05:00,10.050000190734863,10.119999885559082,10.020000457763672,10.119999885559082,15006,0.0,0.0
2024-02-02 11:30:00-05:00,10.130000114440918,10.15999984741211,10.055000305175781,10.074999809265137,41552,0.0,0.0
2024-02-02 12:30:00-05:00,10.069999694824219,10.119999885559082,10.010000228881836,10.069999694824219,24247,0.0,0.0
2024-02-02 13:30:00-05:00,10.0600004196167,10.180000305175781,10.039999961853027,10.140000343322754,22221,0.0,0.0
2024-02-02 14:30:00-05:00,10.140000343322754,10.170000076293945,10.09000015258789,10.15999984741211,27528,0.0,0.0
2024-02-02 15:30:00-05:00,10.15999984741211,10.170000076293945,10.079999923706055,10.125,46752,0.0,0.0
2024-02-05 09:30:00-05:00,9.930000305175781,10.130000114440918,9.899999618530273,10.039999961853027,38688,0.0,0.0
2024-02-05 10:30:00-05:00,10.029999732971191,10.119999885559082,9.970000267028809,10.109999656677246,18909,0.0,0.0
2024-02-05 11:30:00-05:00,10.09000015258789,10.199999809265137,10.069999694824219,10.199999809265137,16648,0.0,0.0
2024-02-05 12:30:00-05:00,10.1899995803833,10.270000457763672,10.1899995803833,10.220000267028809,16164,0.0,0.0
2024-02-05 13:30:00-05:00,10.220000267028809,10.319999694824219,10.220000267028809,10.279999732971191,19111,0.0,0.0
2024-02-05 14:30:00-05:00,10.279999732971191,10.3149995803833,10.229999542236328,10.3100004196167,24122,0.0,0.0
2024-02-05 15:30:00-05:00,10.300000190734863,10.319999694824219,10.199999809265137,10.229999542236328,52150,0.0,0.0
2024-02-06 09:30:00-05:00,10.210000038146973,10.619999885559082,10.199999809265137,10.479999542236328,36771,0.0,0.0
2024-02-06 10:30:00-05:00,10.489999771118164,10.529999732971191,10.430000305175781,10.5,20279,0.0,0.0
2024-02-06 11:30:00-05:00,10.5,10.520000457763672,10.395000457763672,10.407999992370605,8329,0.0,0.0
2024-02-06 12:30:00-05:00,10.420000076293945,10.430000305175781,10.279999732971191,10.279999732971191,7770,0.0,0.0
2024-02-06 13:30:00-05:00,10.289999961853027,10.329999923706055,10.260000228881836,10.28499984741211,14485,0.0,0.0
2024-02-06 14:30:00-05:00,10.279999732971191,10.3100004196167,10.25,10.279999732971191,14156,0.0,0.0
2024-02-06 15:30:00-05:00,10.279999732971191,10.319999694824219,10.25,10.319999694824219,42886,0.0,0.0
2024-02-07 09:30:00-05:00,10.390000343322754,10.390000343322754,10.119999885559082,10.149999618530273,16796,0.0,0.0
2024-02-07 10:30:00-05:00,10.170000076293945,10.210000038146973,10.145000457763672,10.210000038146973,12507,0.0,0.0
2024-02-07 11:30:00-05:00,10.229999542236328,10.239999771118164,10.109999656677246,10.149999618530273,22516,0.0,0.0
2024-02-07 12:30:00-05:00,10.180000305175781,10.260000228881836,10.149999618530273,10.25,10816,0.0,0.0
2024-02-07 13:30:00-05:00,10.25,10.25,10.1899995803833,10.210000038146973,12702,0.0,0.0
2024-02-07 14:30:00-05:00,10.220000267028809,10.229999542236328,10.15999984741211,10.180000305175781,20222,0.0,0.0
2024-02-07 15:30:00-05:00,10.170000076293945,10.180000305175781,10.100000381469727,10.140000343322754,35465,0.0,0.0
2024-02-08 09:30:00-05:00,10.100000381469727,10.25,10.100000381469727,10.21500015258789,33596,0.0,0.0
2024-02-08 10:30:00-05:00,10.21500015258789,10.385000228881836,10.21500015258789,10.265000343322754,42359,0.0,0.0
2024-02-08 11:30:00-05:00,10.255000114440918,10.319999694824219,10.204999923706055,10.319999694824219,24481,0.0,0.0
2024-02-08 12:30:00-05:00,10.319600105285645,10.319999694824219,10.239999771118164,10.279999732971191,27622,0.0,0.0
2024-02-08 13:30:00-05:00,10.295000076293945,10.348400115966797,10.25,10.319999694824219,43953,0.0,0.0
2024-02-08 14:30:00-05:00,10.319999694824219,10.369999885559082,10.300000190734863,10.335000038146973,38026,0.0,0.0
2024-02-08 15:30:00-05:00,10.335000038146973,10.460000038146973,10.300000190734863,10.449999809265137,74292,0.0,0.0
2024-02-09 09:30:00-05:00,10.460000038146973,10.489999771118164,10.369999885559082,10.470000267028809,21462,0.0,0.0
2024-02-09 10:30:00-05:00,10.470000267028809,10.475000381469727,10.329999923706055,10.354999542236328,15226,0.0,0.0
2024-02-09 11:30:00-05:00,10.354999542236328,10.369999885559082,10.329999923706055,10.364999771118164,18476,0.0,0.0
2024-02-09 12:30:00-05:00,10.364999771118164,10.4399995803833,10.350000381469727,10.430000305175781,29747,0.0,0.0
2024-02-09 13:30:00-05:00,10.430000305175781,10.4399995803833,10.40999984741211,10.420000076293945,16010,0.0,0.0
2024-02-09 14:30:00-05:00,10.420000076293945,10.479999542236328,10.34000015258789,10.479999542236328,33335,0.0,0.0
2024-02-09 15:30:00-05:00,10.460000038146973,10.484999656677246,10.390000343322754,10.430000305175781,128105,0.0,0.0
2024-02-12 09:30:00-05:00,10.479999542236328,10.800000190734863,10.479999542236328,10.75,18650,0.0,0.0
2024-02-12 10:30:00-05:00,10.75,10.770000457763672,10.6850004196167,10.75,12403,0.0,0.0
2024-02-12 11:30:00-05:00,10.734999656677246,10.8100004196167,10.734999656677246,10.760000228881836,19589,0.0,0.0
2024-02-12 12:30:00-05:00,10.760000228881836,10.850000381469727,10.734999656677246,10.850000381469727,14743,0.0,0.0
2024-02-12 13:30:00-05:00,10.84000015258789,10.899999618530273,10.8100004196167,10.899999618530273,19699,0.0,0.0
2024-02-12 14:30:00-05:00,10.890000343322754,10.899999618530273,10.808699607849121,10.829999923706055,18409,0.0,0.0
2024-02-12 15:30:00-05:00,10.819999694824219,10.869999885559082,10.800000190734863,10.800000190734863,51953,0.0,0.0
2024-02-13 09:30:00-05:00,10.329999923706055,10.369999885559082,10.100000381469727,10.149999618530273,36251,0.0,0.0
2024-02-13 10:30:00-05:00,10.15999984741211,10.270000457763672,10.130000114440918,10.239999771118164,24891,0.0,0.0
2024-02-13 11:30:00-05:00,10.229999542236328,10.270000457763672,10.199999809265137,10.220000267028809,15996,0.0,0.0
2024-02-13 12:30:00-05:00,10.239999771118164,10.289999961853027,10.239999771118164,10.270000457763672,16974,0.0,0.0
2024-02-13 13:30:00-05:00,10.260000228881836,10.295000076293945,10.239999771118164,10.279999732971191,66648,0.0,0.0
2024-02-13 14:30:00-05:00,10.289999961853027,10.324999809265137,10.140000343322754,10.170000076293945,35340,0.0,0.0
2024-02-13 15:30:00-05:00,10.170000076293945,10.1899995803833,10.109999656677246,10.149999618530273,60223,0.0,0.0
2024-02-14 09:30:00-05:00,10.289999961853027,10.40999984741211,10.279999732971191,10.390000343322754,15451,0.0,0.0
2024-02-14 10:30:00-05:00,10.350000381469727,10.359999656677246,10.270000457763672,10.335000038146973,8550,0.0,0.0
2024-02-14 11:30:00-05:00,10.324999809265137,10.369999885559082,10.260000228881836,10.319999694824219,11803,0.0,0.0
2024-02-14 12:30:00-05:00,10.3100004196167,10.319999694824219,10.270000457763672,10.3100004196167,8439,0.0,0.0
2024-02-14 13:30:00-05:00,10.329999923706055,10.420000076293945,10.329999923706055,10.420000076293945,11412,0.0,0.0
2024-02-14 14:30:00-05:00,10.430000305175781,10.569499969482422,10.40999984741211,10.552499771118164,21237,0.0,0.0
2024-02-14 15:30:00-05:00,10.539999961853027,10.609999656677246,10.510000228881836,10.539999961853027,48112,0.0,0.0
2024-02-15 09:30:00-05:00,10.600000381469727,10.704999923706055,10.600000381469727,10.694999694824219,10219,0.0,0.0
2024-02-15 10:30:00-05:00,10.680000305175781,10.729999542236328,10.600000381469727,10.729999542236328,12049,0.0,0.0
2024-02-15 11:30:00-05:00,10.739999771118164,10.800000190734863,10.739999771118164,10.779999732971191,8439,0.0,0.0
2024-02-15 12:30:00-05:00,10.779999732971191,10.829999923706055,10.71500015258789,10.829999923706055,11509,0.0,0.0
2024-02-15 13:30:00-05:00,10.84000015258789,10.869999885559082,10.800000190734863,10.829999923706055,18022,0.0,0.0
2024-02-15 14:30:00-05:00,10.84000015258789,10.845000267028809,10.789999961853027,10.819999694824219,15380,0.0,0.0
2024-02-15 15:30:00-05:00,10.824999809265137,10.880000114440918,10.8100004196167,10.84000015258789,39361,0.0,0.0
2024-02-16 09:30:00-05:00,10.680000305175781,10.734999656677246,10.550000190734863,10.579999923706055,24276,0.0,0.0
2024-02-16 10:30:00-05:00,10.600000381469727,10.640000343322754,10.539999961853027,10.579999923706055,8773,0.0,0.0
2024-02-16 11:30:00-05:00,10.569999694824219,10.569999694824219,10.489999771118164,10.5600004196167,6623,0.0,0.0
2024-02-16 12:30:00-05:00,10.5600004196167,10.5600004196167,10.510000228881836,10.5600004196167,9720,0.0,0.0
2024-02-16 13:30:00-05:00,10.579999923706055,10.579999923706055,10.539999961853027,10.569999694824219,8288,0.0,0.0
2024-02-16 14:30:00-05:00,10.5600004196167,10.5600004196167,10.46500015258789,10.5,11015,0.0,0.0
2024-02-16 15:30:00-05:00,10.510000228881836,10.510000228881836,10.449999809265137,10.489999771118164,32885,0.0,0.0
2024-02-20 09:30:00-05:00,10.3100004196167,10.539999961853027,10.300000190734863,10.529999732971191,41487,0.0,0.0
2024-02-20 10:30:00-05:00,10.524999618530273,10.609999656677246,10.5,10.510000228881836,19717,0.0,0.0
2024-02-20 11:30:00-05:00,10.510000228881836,10.539999961853027,10.489999771118164,10.5,10510,0.0,0.0
2024-02-20 12:30:00-05:00,10.489999771118164,10.539999961853027,10.484999656677246,10.5,6596,0.0,0.0
2024-02-20 13:30:00-05:00,10.479999542236328,10.510000228881836,10.4399995803833,10.470000267028809,11088,0.0,0.0
2024-02-20 14:30:00-05:00,10.470000267028809,10.520000457763672,10.470000267028809,10.5,12770,0.0,0.0
2024-02-20 15:30:00-05:00,10.5,10.520000457763672,10.470000267028809,10.510000228881836,26840,0.0,0.0
2024-02-21 09:30:00-05:00,10.460000038146973,10.550000190734863,10.420000076293945,10.479999542236328,22324,0.0,0.0
2024-02-21 10:30:00-05:00,10.479999542236328,10.5,10.410099983215332,10.470000267028809,10359,0.0,0.0
2024-02-21 11:30:00-05:00,10.46500015258789,10.46500015258789,10.390000343322754,10.430000305175781,5184,0.0,0.0
2024-02-21 12:30:00-05:00,10.420000076293945,10.420000076293945,10.380000114440918,10.420000076293945,6455,0.0,0.0
2024-02-21 13:30:00-05:00,10.423600196838379,10.430000305175781,10.319999694824219,10.319999694824219,12799,0.0,0.0
2024-02-21 14:30:00-05:00,10.319999694824219,10.319999694824219,10.270000457763672,10.279999732971191,11007,0.0,0.0
2024-02-21 15:30:00-05:00,10.300000190734863,10.390000343322754,10.300000190734863,10.369999885559082,44259,0.0,0.0
2024-02-22 09:30:00-05:00,10.350000381469727,10.40999984741211,10.279999732971191,10.289999961853027,24464,0.0,0.0
2024-02-22 10:30:00-05:00,10.289999961853027,10.319999694824219,10.1899995803833,10.1899995803833,17374,0.0,0.0
2024-02-22 11:30:00-05:00,10.199999809265137,10.239999771118164,10.170000076293945,10.199999809265137,13052,0.0,0.0
2024-02-22 12:30:00-05:00,10.199999809265137,10.210000038146973,10.109999656677246,10.119999885559082,18682,0.0,0.0
2024-02-22 13:30:00-05:00,10.119999885559082,10.140000343322754,10.090100288391113,10.125,8883,0.0,0.0
2024-02-22 14:30:00-05:00,10.119999885559082,10.180000305175781,10.079999923706055,10.170000076293945,18799,0.0,0.0
2024-02-22 15:30:00-05:00,10.180000305175781,10.199899673461914,10.149999618530273,10.180000305175781,39382,0.0,0.0
2024-02-23 09:30:00-05:00,10.25,10.359999656677246,10.15999984741211,10.322999954223633,16602,0.0,0.0
2024-02-23 10:30:00-05:00,10.350000381469727,10.354999542236328,10.279999732971191,10.300000190734863,22826,0.0,0.0
2024-02-23 11:30:00-05:00,10.319999694824219,10.484999656677246,10.300000190734863,10.4399995803833,25884,0.0,0.0
2024-02-23 12:30:00-05:00,10.4350004196167,10.5,10.4350004196167,10.460000038146973,5550,0.0,0.0
2024-02-23 13:30:00-05:00,10.460000038146973,10.5,10.420000076293945,10.460000038146973,23652,0.0,0.0
2024-02-23 14:30:00-05:00,10.460000038146973,10.489999771118164,10.420000076293945,10.479999542236328,46264,0.0,0.0
2024-02-23 15:30:00-05:00,10.479999542236328,10.550000190734863,10.460000038146973,10.550000190734863,62890,0.0,0.0
2024-02-26 09:30:00-05:00,10.510000228881836,10.569999694824219,10.420000076293945,10.4399995803833,26492,0.0,0.0
2024-02-26 10:30:00-05:00,10.449999809265137,10.529999732971191,10.4350004196167,10.520000457763672,18847,0.0,0.0
2024-02-26 11:30:00-05:00,10.520000457763672,10.619999885559082,10.5,10.59000015258789,23881,0.0,0.0
2024-02-26 12:30:00-05:00,10.579999923706055,10.595000267028809,10.479999542236328,10.510000228881836,34609,0.0,0.0
2024-02-26 13:30:00-05:00,10.510000228881836,10.600000381469727,10.489999771118164,10.555000305175781,40827,0.0,0.0
2024-02-26 14:30:00-05:00,10.550000190734863,10.569999694824219,10.489999771118164,10.494999885559082,25158,0.0,0.0
2024-02-26 15:30:00-05:00,10.489999771118164,10.539999961853027,10.4399995803833,10.449999809265137,80443,0.0,0.0
2024-02-27 09:30:00-05:00,8.84000015258789,9.15999984741211,8.0,8.890000343322754,294765,0.0,0.0
2024-02-27 10:30:00-05:00,8.9350004196167,8.970000267028809,8.770000457763672,8.890000343322754,128518,0.0,0.0
2024-02-27 11:30:00-05:00,8.890000343322754,8.925000190734863,8.699999809265137,8.720000267028809,86077,0.0,0.0
2024-02-27 12:30:00-05:00,8.710700035095215,8.720000267028809,8.490099906921387,8.539899826049805,55030,0.0,0.0
2024-02-27 13:30:00-05:00,8.5,8.559900283813477,8.28499984741211,8.539999961853027,94882,0.0,0.0
2024-02-27 14:30:00-05:00,8.539999961853027,8.680000305175781,8.539899826049805,8.649999618530273,53165,0.0,0.0
2024-02-27 15:30:00-05:00,8.670000076293945,8.670000076293945,8.489999771118164,8.529999732971191,204823,0.0,0.0
2024-02-28 09:30:00-05:00,8.390000343322754,8.40999984741211,7.900000095367432,8.0,142628,0.0,0.0
2024-02-28 10:30:00-05:00,7.980000019073486,7.980000019073486,7.829999923706055,7.920000076293945,93749,0.0,0.0
2024-02-28 11:30:00-05:00,7.920000076293945,7.929999828338623,7.769999980926514,7.840000152587891,93747,0.0,0.0
2024-02-28 12:30:00-05:00,7.823999881744385,8.050000190734863,7.809999942779541,7.875,57801,0.0,0.0
2024-02-28 13:30:00-05:00,7.875,8.119999885559082,7.875,8.109999656677246,81541,0.0,0.0
2024-02-28 14:30:00-05:00,8.09000015258789,8.149999618530273,7.949999809265137,8.010000228881836,73881,0.0,0.0
2024-02-28 15:30:00-05:00,8.010000228881836,8.079999923706055,7.994999885559082,8.079999923706055,101189,0.0,0.0
2024-02-29 09:30:00-05:00,8.25,8.279999732971191,8.055000305175781,8.175000190734863,75024,0.0,0.0
2024-02-29 10:30:00-05:00,8.180000305175781,8.180000305175781,7.920000076293945,7.940000057220459,61335,0.0,0.0
2024-02-29 11:30:00-05:00,7.940000057220459,8.029999732971191,7.840000152587891,7.84499979019165,58220,0.0,0.0
2024-02-29 12:30:00-05:00,7.840000152587891,7.885000228881836,7.800000190734863,7.835000038146973,36895,0.0,0.0
2024-02-29 13:30:00-05:00,7.835000038146973,7.889999866485596,7.739999771118164,7.760000228881836,81395,0.0,0.0
2024-02-29 14:30:00-05:00,7.75,7.800000190734863,7.699999809265137,7.78000020980835,68594,0.0,0.0
2024-02-29 15:30:00-05:00,7.789999961853027,7.800000190734863,7.730000019073486,7.739999771118164,110684,0.0,0.0
2024-03-01 09:30:00-05:00,7.75,7.789999961853027,7.525000095367432,7.545000076293945,60969,0.0,0.0
2024-03-01 10:30:00-05:00,7.559999942779541,7.670000076293945,7.53000020980835,7.550000190734863,41044,0.0,0.0
2024-03-01 11:30:00-05:00,7.570000171661377,7.570000171661377,7.460000038146973,7.489799976348877,54114,0.0,0.0
2024-03-01 12:30:00-05:00,7.46999979019165,7.489999771118164,7.440000057220459,7.449999809265137,24583,0.0,0.0
2024-03-01 13:30:00-05:00,7.449999809265137,7.449999809265137,7.369999885559082,7.420000076293945,41008,0.0,0.0
2024-03-01 14:30:00-05:00,7.420000076293945,7.449999809265137,7.369999885559082,7.380000114440918,43366,0.0,0.0
2024-03-01 15:30:00-05:00,7.380000114440918,7.394999980926514,7.289999961853027,7.320000171661377,70954,0.0,0.0
2024-03-04 09:30:00-05:00,7.409999847412109,7.409999847412109,7.119999885559082,7.130000114440918,73760,0.0,0.0
2024-03-04 10:30:00-05:00,7.119999885559082,7.219299793243408,7.110000133514404,7.166500091552734,58996,0.0,0.0
2024-03-04 11:30:00-05:00,7.170000076293945,7.1757001876831055,7.090000152587891,7.099999904632568,34969,0.0,0.0
2024-03-04 12:30:00-05:00,7.094299793243408,7.170000076293945,7.079999923706055,7.164999961853027,31117,0.0,0.0
2024-03-04 13:30:00-05:00,7.164999961853027,7.329999923706055,7.164999961853027,7.315000057220459,45550,0.0,0.0
2024-03-04 14:30:00-05:00,7.315000057220459,7.315000057220459,7.150000095367432,7.230000019073486,55530,0.0,0.0
2024-03-04 15:30:00-05:00,7.224999904632568,7.230000019073486,7.139999866485596,7.210000038146973,88388,0.0,0.0
2024-03-05 09:30:00-05:00,7.159999847412109,7.429900169372559,7.130000114440918,7.400000095367432,55153,0.0,0.0
2024-03-05 10:30:00-05:00,7.400100231170654,7.559999942779541,7.400000095367432,7.559999942779541,33725,0.0,0.0
2024-03-05 11:30:00-05:00,7.570099830627441,7.570099830627441,7.480000019073486,7.53000020980835,21615,0.0,0.0
2024-03-05 12:30:00-05:00,7.519999980926514,7.525000095367432,7.409999847412109,7.420000076293945,23042,0.0,0.0
2024-03-05 13:30:00-05:00,7.409999847412109,7.460000038146973,7.400000095367432,7.439899921417236,30429,0.0,0.0
2024-03-05 14:30:00-05:00,7.441500186920166,7.445000171661377,7.309999942779541,7.349999904632568,35471,0.0,0.0
2024-03-05 15:30:00-05:00,7.369999885559082,7.369999885559082,7.239999771118164,7.239999771118164,71161,0.0,0.0
2024-03-06 09:30:00-05:00,7.25,7.35699987411499,7.050000190734863,7.079999923706055,64103,0.0,0.0
2024-03-06 10:30:00-05:00,7.070000171661377,7.119999885559082,7.050000190734863,7.090000152587891,37285,0.0,0.0
2024-03-06 11:30:00-05:00,7.099999904632568,7.110000133514404,7.045000076293945,7.070000171661377,44100,0.0,0.0
2024-03-06 12:30:00-05:00,7.059999942779541,7.099899768829346,7.034599781036377,7.059999942779541,31037,0.0,0.0
2024-03-06 13:30:00-05:00,7.079999923706055,7.125,7.065000057220459,7.099999904632568,60240,0.0,0.0
2024-03-06 14:30:00-05:00,7.105000019073486,7.170000076293945,7.079999923706055,7.130000114440918,41906,0.0,0.0
2024-03-06 15:30:00-05:00,7.135000228881836,7.170000076293945,7.110000133514404,7.170000076293945,84115,0.0,0.0
2024-03-07 09:30:00-05:00,7.230000019073486,7.349999904632568,7.210000038146973,7.239999771118164,32395,0.0,0.0
2024-03-07 10:30:00-05:00,7.239999771118164,7.260000228881836,7.195000171661377,7.230000019073486,25308,0.0,0.0
2024-03-07 11:30:00-05:00,7.230000019073486,7.239099979400635,7.210000038146973,7.230000019073486,13546,0.0,0.0
2024-03-07 12:30:00-05:00,7.230000019073486,7.260000228881836,7.190100193023682,7.25,15128,0.0,0.0
2024-03-07 13:30:00-05:00,7.249899864196777,7.269999980926514,7.179999828338623,7.199999809265137,23597,0.0,0.0
2024-03-07 14:30:00-05:00,7.199999809265137,7.230000019073486,7.190000057220459,7.199999809265137,17402,0.0,0.0
2024-03-07 15:30:00-05:00,7.199999809265137,7.21999979019165,7.179999828338623,7.179999828338623,65273,0.0,0.0
2024-03-08 09:30:00-05:00,7.139999866485596,7.309999942779541,7.132500171661377,7.239999771118164,53795,0.0,0.0
2024-03-08 10:30:00-05:00,7.21999979019165,7.269999980926514,7.199999809265137,7.230000019073486,23970,0.0,0.0
2024-03-08 11:30:00-05:00,7.21999979019165,7.239999771118164,7.170000076293945,7.21999979019165,14443,0.0,0.0
2024-03-08 12:30:00-05:00,7.210000038146973,7.210000038146973,7.110000133514404,7.139999866485596,16954,0.0,0.0
2024-03-08 13:30:00-05:00,7.139999866485596,7.164999961853027,7.119999885559082,7.159999847412109,23945,0.0,0.0
2024-03-08 14:30:00-05:00,7.157899856567383,7.235000133514404,7.139999866485596,7.204999923706055,24088,0.0,0.0
2024-03-08 15:30:00-05:00,7.199999809265137,7.28000020980835,7.195000171661377,7.25,52820,0.0,0.0
2024-03-11 09:30:00-04:00,7.25,7.349999904632568,7.130000114440918,7.130000114440918,31831,0.0,0.0
2024-03-11 10:30:00-04:00,7.119999885559082,7.168399810791016,7.110000133514404,7.159999847412109,21763,0.0,0.0
2024-03-11 11:30:00-04:00,7.150000095367432,7.150000095367432,7.050000190734863,7.139999866485596,27780,0.0,0.0
2024-03-11 12:30:00-04:00,7.144999980926514,7.144999980926514,7.079999923706055,7.085000038146973,21603,0.0,0.0
2024-03-11 13:30:00-04:00,7.090000152587891,7.090000152587891,7.03000020980835,7.059999942779541,25724,0.0,0.0
2024-03-11 14:30:00-04:00,7.050000190734863,7.090000152587891,7.045000076293945,7.050000190734863,19645,0.0,0.0
2024-03-11 15:30:00-04:00,7.050000190734863,7.090000152587891,7.025000095367432,7.070000171661377,35195,0.0,0.0
2024-03-12 09:30:00-04:00,7.050000190734863,7.090000152587891,6.96999979019165,7.036099910736084,50291,0.0,0.0
2024-03-12 10:30:00-04:00,7.034999847412109,7.072000026702881,6.974999904632568,6.985000133514404,32719,0.0,0.0
2024-03-12 11:30:00-04:00,6.980000019073486,6.980000019073486,6.909999847412109,6.920000076293945,66232,0.0,0.0
2024-03-12 12:30:00-04:00,6.920000076293945,6.980000019073486,6.900000095367432,6.96999979019165,50700,0.0,0.0
2024-03-12 13:30:00-04:00,6.960000038146973,6.994999885559082,6.949999809265137,6.96999979019165,27708,0.0,0.0
2024-03-12 14:30:00-04:00,6.96999979019165,6.980000019073486,6.940000057220459,6.96999979019165,30230,0.0,0.0
2024-03-12 15:30:00-04:00,6.980000019073486,7.0,6.96999979019165,6.980000019073486,42237,0.0,0.0
2024-03-13 09:30:00-04:00,6.849999904632568,7.21999979019165,6.849999904632568,7.204999923706055,116001,0.0,0.0
2024-03-13 10:30:00-04:00,7.190000057220459,7.260000228881836,7.159999847412109,7.25,46486,0.0,0.0
2024-03-13 11:30:00-04:00,7.239999771118164,7.260000228881836,7.130000114440918,7.144999980926514,31874,0.0,0.0
2024-03-13 12:30:00-04:00,7.139999866485596,7.199999809265137,7.130000114440918,7.159999847412109,24339,0.0,0.0
2024-03-13 13:30:00-04:00,7.170000076293945,7.170000076293945,7.059999942779541,7.099999904632568,18291,0.0,0.0
2024-03-13 14:30:00-04:00,7.110000133514404,7.110000133514404,7.039999961853027,7.050000190734863,33849,0.0,0.0
2024-03-13 15:30:00-04:00,7.059999942779541,7.085000038146973,7.025000095367432,7.03000020980835,47430,0.0,0.0
2024-03-14 09:30:00-04:00,7.0,7.010000228881836,6.880000114440918,6.880000114440918,44677,0.0,0.0
2024-03-14 10:30:00-04:00,6.889999866485596,6.980000019073486,6.860000133514404,6.940000057220459,28199,0.0,0.0
2024-03-14 11:30:00-04:00,6.940000057220459,6.96999979019165,6.909999847412109,6.929999828338623,28206,0.0,0.0
2024-03-14 12:30:00-04:00,6.920000076293945,6.96999979019165,6.90500020980835,6.909999847412109,32090,0.0,0.0
2024-03-14 13:30:00-04:00,6.909999847412109,6.949999809265137,6.900000095367432,6.929999828338623,29168,0.0,0.0
2024-03-14 14:30:00-04:00,6.920000076293945,6.940000057220459,6.900000095367432,6.929999828338623,38028,0.0,0.0
2024-03-14 15:30:00-04:00,6.934999942779541,6.965000152587891,6.909999847412109,6.949999809265137,60374,0.0,0.0
2024-03-15 09:30:00-04:00,6.920000076293945,7.039999961853027,6.920000076293945,7.010000228881836,62279,0.0,0.0
2024-03-15 10:30:00-04:00,7.014999866485596,7.019999980926514,6.949999809265137,6.96999979019165,16023,0.0,0.0
2024-03-15 11:30:00-04:00,6.980000019073486,6.989999771118164,6.940000057220459,6.940000057220459,7931,0.0,0.0
2024-03-15 12:30:00-04:00,6.949999809265137,6.960000038146973,6.889999866485596,6.914400100708008,12598,0.0,0.0
2024-03-15 13:30:00-04:00,6.909999847412109,6.920000076293945,6.840000152587891,6.880000114440918,24611,0.0,0.0
2024-03-15 14:30:00-04:00,6.880000114440918,6.949999809265137,6.869999885559082,6.929999828338623,24821,0.0,0.0
2024-03-15 15:30:00-04:00,6.930799961090088,6.960000038146973,6.909999847412109,6.960000038146973,48330,0.0,0.0
2024-03-18 09:30:00-04:00,6.960000038146973,7.0,6.789999961853027,6.889999866485596,42567,0.0,0.0
2024-03-18 10:30:00-04:00,6.909999847412109,6.96120023727417,6.909999847412109,6.940000057220459,15055,0.0,0.0
2024-03-18 11:30:00-04:00,6.934999942779541,6.940000057220459,6.875,6.920000076293945,21018,0.0,0.0
2024-03-18 12:30:00-04:00,6.909999847412109,6.920000076293945,6.889999866485596,6.900000095367432,14529,0.0,0.0
2024-03-18 13:30:00-04:00,6.889999866485596,6.909999847412109,6.829999923706055,6.829999923706055,47823,0.0,0.0
2024-03-18 14:30:00-04:00,6.829999923706055,6.840000152587891,6.809999942779541,6.840000152587891,26221,0.0,0.0
2024-03-18 15:30:00-04:00,6.840000152587891,6.84499979019165,6.784999847412109,6.815000057220459,55859,0.0,0.0
2024-03-19 09:30:00-04:00,6.789999961853027,6.909999847412109,6.769999980926514,6.885000228881836,32941,0.0,0.0
2024-03-19 10:30:00-04:00,6.889999866485596,6.940000057220459,6.869999885559082,6.900000095367432,14738,0.0,0.0
2024-03-19 11:30:00-04:00,6.894999980926514,6.96999979019165,6.875,6.949999809265137,20395,0.0,0.0
2024-03-19 12:30:00-04:00,6.940000057220459,6.989999771118164,6.914999961853027,6.974999904632568,37026,0.0,0.0
2024-03-19 13:30:00-04:00,6.974999904632568,7.019999980926514,6.96999979019165,6.989999771118164,27085,0.0,0.0
2024-03-19 14:30:00-04:00,6.980000019073486,7.019999980926514,6.960000038146973,6.965000152587891,28698,0.0,0.0
2024-03-19 15:30:00-04:00,6.960000038146973,7.0,6.929999828338623,7.0,133909,0.0,0.0
2024-03-20 09:30:00-04:00,6.960000038146973,7.070000171661377,6.929999828338623,7.070000171661377,19028,0.0,0.0
2024-03-20 10:30:00-04:00,7.070000171661377,7.070000171661377,6.990099906921387,7.010000228881836,23107,0.0,0.0
2024-03-20 11:30:00-04:00,7.0,7.03000020980835,6.980000019073486,7.025000095367432,20176,0.0,0.0
2024-03-20 12:30:00-04:00,7.019999980926514,7.079999923706055,7.010000228881836,7.03000020980835,43889,0.0,0.0
2024-03-20 13:30:00-04:00,7.03000020980835,7.210000038146973,7.0,7.119999885559082,34037,0.0,0.0
2024-03-20 14:30:00-04:00,7.125,7.300000190734863,7.099999904632568,7.300000190734863,48739,0.0,0.0
2024-03-20 15:30:00-04:00,7.309999942779541,7.349999904632568,7.289999961853027,7.309999942779541,67161,0.0,0.0
2024-03-21 09:30:00-04:00,7.300000190734863,7.360000133514404,7.260000228881836,7.309999942779541,36307,0.0,0.0
2024-03-21 10:30:00-04:00,7.309999942779541,7.329999923706055,7.230000019073486,7.244999885559082,32812,0.0,0.0
2024-03-21 11:30:00-04:00,7.244999885559082,7.300000190734863,7.244999885559082,7.289999961853027,19750,0.0,0.0
2024-03-21 12:30:00-04:00,7.284999847412109,7.315000057220459,7.269999980926514,7.300000190734863,15817,0.0,0.0
2024-03-21 13:30:00-04:00,7.300000190734863,7.340000152587891,7.300000190734863,7.320000171661377,14603,0.0,0.0
2024-03-21 14:30:00-04:00,7.320000171661377,7.400000095367432,7.28000020980835,7.389999866485596,38178,0.0,0.0
2024-03-21 15:30:00-04:00,7.385000228881836,7.539999961853027,7.385000228881836,7.519999980926514,107548,0.0,0.0
2024-03-22 09:30:00-04:00,7.550000190734863,7.550000190734863,7.46999979019165,7.5,20438,0.0,0.0
2024-03-22 10:30:00-04:00,7.5,7.53980016708374,7.440000057220459,7.440000057220459,31883,0.0,0.0
2024-03-22 11:30:00-04:00,7.429999828338623,7.474999904632568,7.429999828338623,7.460000038146973,9269,0.0,0.0
2024-03-22 12:30:00-04:00,7.460000038146973,7.49399995803833,7.449999809265137,7.460000038146973,12356,0.0,0.0
2024-03-22 13:30:00-04:00,7.460000038146973,7.46999979019165,7.449999809265137,7.460000038146973,12589,0.0,0.0
2024-03-22 14:30:00-04:00,7.460000038146973,7.474999904632568,7.420000076293945,7.420000076293945,22000,0.0,0.0
2024-03-22 15:30:00-04:00,7.420000076293945,7.425000190734863,7.400000095367432,7.420000076293945,34988,0.0,0.0
2024-03-25 09:30:00-04:00,7.5,7.71999979019165,7.400000095367432,7.409999847412109,53606,0.0,0.0
2024-03-25 10:30:00-04:00,7.409999847412109,7.420000076293945,7.329999923706055,7.337500095367432,18878,0.0,0.0
2024-03-25 11:30:00-04:00,7.329999923706055,7.369999885559082,7.329999923706055,7.349999904632568,8475,0.0,0.0
2024-03-25 12:30:00-04:00,7.340099811553955,7.340099811553955,7.309999942779541,7.315000057220459,7827,0.0,0.0
2024-03-25 13:30:00-04:00,7.309999942779541,7.340000152587891,7.309999942779541,7.320000171661377,18977,0.0,0.0
2024-03-25 14:30:00-04:00,7.320000171661377,7.329999923706055,7.269999980926514,7.275000095367432,10970,0.0,0.0
2024-03-25 15:30:00-04:00,7.28000020980835,7.34499979019165,7.269999980926514,7.309999942779541,43508,0.0,0.0
2024-03-26 09:30:00-04:00,7.320000171661377,7.320000171661377,7.110000133514404,7.119999885559082,25033,0.0,0.0
2024-03-26 10:30:00-04:00,7.125,7.150000095367432,7.090000152587891,7.110000133514404,39782,0.0,0.0
2024-03-26 11:30:00-04:00,7.099999904632568,7.130000114440918,7.090000152587891,7.119999885559082,10441,0.0,0.0
2024-03-26 12:30:00-04:00,7.130000114440918,7.130000114440918,7.079999923706055,7.099999904632568,16559,0.0,0.0
2024-03-26 13:30:00-04:00,7.099999904632568,7.119999885559082,7.090000152587891,7.099999904632568,15292,0.0,0.0
2024-03-26 14:30:00-04:00,7.110000133514404,7.110000133514404,7.039999961853027,7.070000171661377,15183,0.0,0.0
2024-03-26 15:30:00-04:00,7.070000171661377,7.079999923706055,7.039999961853027,7.039999961853027,38706,0.0,0.0
2024-03-27 09:30:00-04:00,7.090000152587891,7.25,7.090000152587891,7.25,31593,0.0,0.0
2024-03-27 10:30:00-04:00,7.230000019073486,7.289999961853027,7.179999828338623,7.209000110626221,22323,0.0,0.0
2024-03-27 11:30:00-04:00,7.195000171661377,7.21999979019165,7.139999866485596,7.15500020980835,14931,0.0,0.0
2024-03-27 12:30:00-04:00,7.170000076293945,7.25,7.170000076293945,7.210000038146973,18943,0.0,0.0
2024-03-27 13:30:00-04:00,7.199999809265137,7.360000133514404,7.179999828338623,7.360000133514404,32859,0.0,0.0
2024-03-27 14:30:00-04:00,7.360000133514404,7.420000076293945,7.360000133514404,7.385000228881836,29532,0.0,0.0
2024-03-27 15:30:00-04:00,7.385000228881836,7.429999828338623,7.380099773406982,7.420000076293945,45679,0.0,0.0
2024-03-28 09:30:00-04:00,7.409999847412109,7.519999980926514,7.394999980926514,7.46999979019165,18371,0.0,0.0
2024-03-28 10:30:00-04:00,7.489999771118164,7.505000114440918,7.449999809265137,7.489999771118164,7716,0.0,0.0
2024-03-28 11:30:00-04:00,7.489999771118164,7.505000114440918,7.480000019073486,7.5,6432,0.0,0.0
2024-03-28 12:30:00-04:00,7.489999771118164,7.5,7.440000057220459,7.494999885559082,10897,0.0,0.0
2024-03-28 13:30:00-04:00,7.489999771118164,7.5,7.429999828338623,7.429999828338623,9200,0.0,0.0
2024-03-28 14:30:00-04:00,7.440000057220459,7.440000057220459,7.389999866485596,7.420000076293945,9270,0.0,0.0
2024-03-28 15:30:00-04:00,7.420000076293945,7.519999980926514,7.400000095367432,7.5,69949,0.0,0.0
2024-04-01 09:30:00-04:00,7.570000171661377,7.630000114440918,7.389999866485596,7.454999923706055,44898,0.0,0.0
2024-04-01 10:30:00-04:00,7.46999979019165,7.510000228881836,7.449999809265137,7.449999809265137,22358,0.0,0.0
2024-04-01 11:30:00-04:00,7.460000038146973,7.5,7.440000057220459,7.5,17013,0.0,0.0
2024-04-01 12:30:00-04:00,7.489999771118164,7.599999904632568,7.480000019073486,7.570000171661377,37959,0.0,0.0
2024-04-01 13:30:00-04:00,7.570000171661377,7.579999923706055,7.539999961853027,7.550000190734863,14884,0.0,0.0
2024-04-01 14:30:00-04:00,7.550000190734863,7.610000133514404,7.539999961853027,7.590000152587891,29460,0.0,0.0
2024-04-01 15:30:00-04:00,7.590000152587891,7.603899955749512,7.539999961853027,7.550000190734863,49957,0.0,0.0
2024-04-02 09:30:00-04:00,7.420000076293945,7.420000076293945,7.329999923706055,7.400000095367432,19618,0.0,0.0
2024-04-02 10:30:00-04:00,7.409999847412109,7.420000076293945,7.360000133514404,7.369999885559082,17894,0.0,0.0
2024-04-02 11:30:00-04:00,7.369999885559082,7.389999866485596,7.355000019073486,7.375,16806,0.0,0.0
2024-04-02 12:30:00-04:00,7.375,7.389999866485596,7.320000171661377,7.364999771118164,70895,0.0,0.0
2024-04-02 13:30:00-04:00,7.360000133514404,7.429999828338623,7.349999904632568,7.389999866485596,107843,0.0,0.0
2024-04-02 14:30:00-04:00,7.394999980926514,7.449999809265137,7.360000133514404,7.449999809265137,62875,0.0,0.0
2024-04-02 15:30:00-04:00,7.440000057220459,7.590000152587891,7.440000057220459,7.46999979019165,145221,0.0,0.0
2024-04-03 09:30:00-04:00,7.440000057220459,7.440000057220459,7.300000190734863,7.369999885559082,11557,0.0,0.0
2024-04-03 10:30:00-04:00,7.369999885559082,7.380000114440918,7.349999904632568,7.349999904632568,4743,0.0,0.0
2024-04-03 11:30:00-04:00,7.360000133514404,7.364999771118164,7.340000152587891,7.360000133514404,5092,0.0,0.0
2024-04-03 12:30:00-04:00,7.360000133514404,7.360000133514404,7.28000020980835,7.335000038146973,32555,0.0,0.0
2024-04-03 13:30:00-04:00,7.340000152587891,7.360000133514404,7.300000190734863,7.300000190734863,7595,0.0,0.0
2024-04-03 14:30:00-04:00,7.300000190734863,7.315000057220459,7.230000019073486,7.230000019073486,15160,0.0,0.0
2024-04-03 15:30:00-04:00,7.230000019073486,7.300000190734863,7.230000019073486,7.284999847412109,20821,0.0,0.0
2024-04-04 09:30:00-04:00,7.360000133514404,7.480000019073486,7.309999942779541,7.389999866485596,16057,0.0,0.0
2024-04-04 10:30:00-04:00,7.409999847412109,7.440000057220459,7.400000095367432,7.419899940490723,10350,0.0,0.0
2024-04-04 11:30:00-04:00,7.429999828338623,7.460000038146973,7.409999847412109,7.409999847412109,7557,0.0,0.0
2024-04-04 12:30:00-04:00,7.420000076293945,7.420000076293945,7.389999866485596,7.400000095367432,8057,0.0,0.0
2024-04-04 13:30:00-04:00,7.389999866485596,7.409999847412109,7.329999923706055,7.329999923706055,11398,0.0,0.0
2024-04-04 14:30:00-04:00,7.329999923706055,7.340000152587891,7.260000228881836,7.269999980926514,23187,0.0,0.0
2024-04-04 15:30:00-04:00,7.260000228881836,7.269999980926514,7.21999979019165,7.260000228881836,36240,0.0,0.0
2024-04-05 09:30:00-04:00,7.210000038146973,7.255000114440918,7.170000076293945,7.190000057220459,12815,0.0,0.0
2024-04-05 10:30:00-04:00,7.199999809265137,7.21999979019165,7.150000095367432,7.170000076293945,10643,0.0,0.0
2024-04-05 11:30:00-04:00,7.179999828338623,7.21999979019165,7.179999828338623,7.21999979019165,9521,0.0,0.0
2024-04-05 12:30:00-04:00,7.21999979019165,7.224999904632568,7.159999847412109,7.159999847412109,9280,0.0,0.0
2024-04-05 13:30:00-04:00,7.164999961853027,7.179999828338623,7.110000133514404,7.110000133514404,17244,0.0,0.0
2024-04-05 14:30:00-04:00,7.099999904632568,7.164999961853027,7.099999904632568,7.164999961853027,18742,0.0,0.0
2024-04-05 15:30:00-04:00,7.170000076293945,7.21999979019165,7.159999847412109,7.210000038146973,40230,0.0,0.0
2024-04-08 09:30:00-04:00,7.260000228881836,7.375,7.239999771118164,7.28000020980835,18957,0.0,0.0
2024-04-08 10:30:00-04:00,7.289999961853027,7.349999904632568,7.28000020980835,7.284999847412109,28121,0.0,0.0
2024-04-08 11:30:00-04:00,7.269999980926514,7.275000095367432,7.25,7.269999980926514,7258,0.0,0.0
2024-04-08 12:30:00-04:00,7.269999980926514,7.320000171661377,7.269999980926514,7.289999961853027,9313,0.0,0.0
2024-04-08 13:30:00-04:00,7.300000190734863,7.34499979019165,7.300000190734863,7.34499979019165,11520,0.0,0.0
2024-04-08 14:30:00-04:00,7.335000038146973,7.335000038146973,7.28000020980835,7.289999961853027,9316,0.0,0.0
2024-04-08 15:30:00-04:00,7.28000020980835,7.320000171661377,7.269999980926514,7.289999961853027,33249,0.0,0.0
2024-04-09 09:30:00-04:00,7.269999980926514,7.429999828338623,7.269999980926514,7.420000076293945,23684,0.0,0.0
2024-04-09 10:30:00-04:00,7.420000076293945,7.5,7.340000152587891,7.5,48218,0.0,0.0
2024-04-09 11:30:00-04:00,7.510000228881836,7.619999885559082,7.489999771118164,7.619999885559082,19199,0.0,0.0
2024-04-09 12:30:00-04:00,7.614999771118164,7.614999771118164,7.550000190734863,7.590000152587891,8551,0.0,0.0
2024-04-09 13:30:00-04:00,7.599999904632568,7.610000133514404,7.559999942779541,7.574999809265137,6431,0.0,0.0
2024-04-09 14:30:00-04:00,7.570000171661377,7.599999904632568,7.550000190734863,7.599999904632568,12133,0.0,0.0
2024-04-09 15:30:00-04:00,7.610000133514404,7.630000114440918,7.599999904632568,7.610000133514404,34678,0.0,0.0
2024-04-10 09:30:00-04:00,7.420000076293945,7.420000076293945,7.159999847412109,7.269999980926514,45835,0.0,0.0
2024-04-10 10:30:00-04:00,7.269999980926514,7.340000152587891,7.190000057220459,7.210000038146973,14235,0.0,0.0
2024-04-10 11:30:00-04:00,7.204999923706055,7.21999979019165,7.110000133514404,7.159999847412109,56501,0.0,0.0
2024-04-10 12:30:00-04:00,7.170000076293945,7.199999809265137,7.079999923706055,7.099999904632568,28638,0.0,0.0
2024-04-10 13:30:00-04:00,7.107800006866455,7.107800006866455,7.0,7.0,18898,0.0,0.0
2024-04-10 14:30:00-04:00,7.010000228881836,7.039999961853027,6.96999979019165,7.03000020980835,25845,0.0,0.0
2024-04-10 15:30:00-04:00,7.019999980926514,7.090000152587891,6.980000019073486,7.079999923706055,49998,0.0,0.0
2024-04-11 09:30:00-04:00,7.119999885559082,7.150000095367432,6.949999809265137,6.957900047302246,17323,0.0,0.0
2024-04-11 10:30:00-04:00,6.980000019073486,7.050000190734863,6.980000019073486,7.020199775695801,17049,0.0,0.0
2024-04-11 11:30:00-04:00,7.019999980926514,7.070000171661377,7.019999980926514,7.050000190734863,6735,0.0,0.0
2024-04-11 12:30:00-04:00,7.050000190734863,7.090000152587891,7.039999961853027,7.085000038146973,6541,0.0,0.0
2024-04-11 13:30:00-04:00,7.079999923706055,7.090000152587891,7.039999961853027,7.050000190734863,12181,0.0,0.0
2024-04-11 14:30:00-04:00,7.058599948883057,7.065100193023682,7.019999980926514,7.03000020980835,14637,0.0,0.0
2024-04-11 15:30:00-04:00,7.03000020980835,7.170000076293945,7.010000228881836,7.130000114440918,50298,0.0,0.0
2024-04-12 09:30:00-04:00,7.059999942779541,7.150000095367432,7.019999980926514,7.050000190734863,32820,0.0,0.0
2024-04-12 10:30:00-04:00,7.050000190734863,7.070000171661377,6.989999771118164,7.054999828338623,48283,0.0,0.0
2024-04-12 11:30:00-04:00,7.059800148010254,7.130000114440918,7.050000190734863,7.116099834442139,25549,0.0,0.0
2024-04-12 12:30:00-04:00,7.099999904632568,7.130000114440918,7.09499979019165,7.110000133514404,6226,0.0,0.0
2024-04-12 13:30:00-04:00,7.110000133514404,7.139999866485596,7.099999904632568,7.119999885559082,22707,0.0,0.0
2024-04-12 14:30:00-04:00,7.130000114440918,7.130000114440918,7.079999923706055,7.09499979019165,31616,0.0,0.0
2024-04-12 15:30:00-04:00,7.090000152587891,7.159999847412109,7.079999923706055,7.159999847412109,51995,0.0,0.0
2024-04-15 09:30:00-04:00,7.179999828338623,7.210000038146973,7.079999923706055,7.099999904632568,20671,0.0,0.0
2024-04-15 10:30:00-04:00,7.099999904632568,7.119999885559082,7.019999980926514,7.03000020980835,15503,0.0,0.0
2024-04-15 11:30:00-04:00,7.03000020980835,7.065000057220459,7.03000020980835,7.050000190734863,15783,0.0,0.0
2024-04-15 12:30:00-04:00,7.050000190734863,7.079999923706055,7.010000228881836,7.070000171661377,17578,0.0,0.0
2024-04-15 13:30:00-04:00,7.070000171661377,7.119999885559082,7.059999942779541,7.090000152587891,14491,0.0,0.0
2024-04-15 14:30:00-04:00,7.090000152587891,7.099999904632568,7.054999828338623,7.074999809265137,28903,0.0,0.0
2024-04-15 15:30:00-04:00,7.074999809265137,7.130000114440918,7.074999809265137,7.090000152587891,40695,0.0,0.0
2024-04-16 09:30:00-04:00,7.03000020980835,7.050000190734863,6.925099849700928,7.0,26460,0.0,0.0
2024-04-16 10:30:00-04:00,7.0,7.039999961853027,6.989999771118164,7.03000020980835,18581,0.0,0.0
2024-04-16 11:30:00-04:00,7.03000020980835,7.045000076293945,7.019999980926514,7.039999961853027,9625,0.0,0.0
2024-04-16 12:30:00-04:00,7.039999961853027,7.045000076293945,7.03000020980835,7.03000020980835,10538,0.0,0.0
2024-04-16 13:30:00-04:00,7.019999980926514,7.050000190734863,6.96999979019165,6.989999771118164,21328,0.0,0.0
2024-04-16 14:30:00-04:00,6.985000133514404,7.019999980926514,6.985000133514404,7.019999980926514,16342,0.0,0.0
2024-04-16 15:30:00-04:00,7.019999980926514,7.059999942779541,7.0,7.050000190734863,41722,0.0,0.0
2024-04-17 09:30:00-04:00,7.110000133514404,7.170000076293945,7.022600173950195,7.135000228881836,15350,0.0,0.0
2024-04-17 10:30:00-04:00,7.135000228881836,7.135000228881836,7.050000190734863,7.054999828338623,12864,0.0,0.0
2024-04-17 11:30:00-04:00,7.050000190734863,7.050000190734863,7.010000228881836,7.019999980926514,14782,0.0,0.0
2024-04-17 12:30:00-04:00,7.019999980926514,7.079999923706055,7.019999980926514,7.074999809265137,11650,0.0,0.0
2024-04-17 13:30:00-04:00,7.074999809265137,7.150000095367432,7.070000171661377,7.150000095367432,58262,0.0,0.0
2024-04-17 14:30:00-04:00,7.150000095367432,7.150000095367432,7.09499979019165,7.119999885559082,23854,0.0,0.0
2024-04-17 15:30:00-04:00,7.119999885559082,7.144999980926514,7.079999923706055,7.090000152587891,43649,0.0,0.0
2024-04-18 09:30:00-04:00,7.130000114440918,7.139999866485596,7.074999809265137,7.139999866485596,15841,0.0,0.0
2024-04-18 10:30:00-04:00,7.139999866485596,7.309999942779541,7.139999866485596,7.289999961853027,20791,0.0,0.0
2024-04-18 11:30:00-04:00,7.289999961853027,7.329999923706055,7.269999980926514,7.329999923706055,15868,0.0,0.0
2024-04-18 12:30:00-04:00,7.340000152587891,7.340000152587891,7.25,7.300000190734863,19656,0.0,0.0
2024-04-18 13:30:00-04:00,7.300000190734863,7.300000190734863,7.260000228881836,7.289999961853027,33719,0.0,0.0
2024-04-18 14:30:00-04:00,7.28000020980835,7.289999961853027,7.224999904632568,7.25,36235,0.0,0.0
2024-04-18 15:30:00-04:00,7.25,7.329999923706055,7.25,7.309999942779541,60881,0.0,0.0
2024-04-19 09:30:00-04:00,7.260000228881836,7.409999847412109,7.260000228881836,7.409999847412109,27189,0.0,0.0
2024-04-19 10:30:00-04:00,7.420000076293945,7.429999828338623,7.389999866485596,7.389999866485596,12853,0.0,0.0
2024-04-19 11:30:00-04:00,7.389999866485596,7.400000095367432,7.322500228881836,7.329999923706055,14394,0.0,0.0
2024-04-19 12:30:00-04:00,7.329999923706055,7.414999961853027,7.324999809265137,7.380000114440918,18775,0.0,0.0
2024-04-19 13:30:00-04:00,7.380000114440918,7.400000095367432,7.340000152587891,7.349999904632568,14428,0.0,0.0
2024-04-19 14:30:00-04:00,7.349999904632568,7.420000076293945,7.340000152587891,7.380000114440918,20082,0.0,0.0
2024-04-19 15:30:00-04:00,7.369999885559082,7.489999771118164,7.349999904632568,7.480000019073486,45768,0.0,0.0
2024-04-22 09:30:00-04:00,7.5,7.550000190734863,7.389999866485596,7.394999980926514,18528,0.0,0.0
2024-04-22 10:30:00-04:00,7.389999866485596,7.46999979019165,7.380000114440918,7.409999847412109,22798,0.0,0.0
2024-04-22 11:30:00-04:00,7.409999847412109,7.449999809265137,7.389999866485596,7.429999828338623,12230,0.0,0.0
2024-04-22 12:30:00-04:00,7.429999828338623,7.487299919128418,7.429999828338623,7.480000019073486,50680,0.0,0.0
2024-04-22 13:30:00-04:00,7.46999979019165,7.480000019073486,7.429999828338623,7.449999809265137,20390,0.0,0.0
2024-04-22 14:30:00-04:00,7.434999942779541,7.440000057220459,7.340000152587891,7.349999904632568,35627,0.0,0.0
2024-04-22 15:30:00-04:00,7.349999904632568,7.389999866485596,7.320000171661377,7.360000133514404,102595,0.0,0.0
2024-04-23 09:30:00-04:00,7.400000095367432,7.550000190734863,7.341000080108643,7.5100998878479,19754,0.0,0.0
2024-04-23 10:30:00-04:00,7.510000228881836,7.550000190734863,7.485000133514404,7.528800010681152,20017,0.0,0.0
2024-04-23 11:30:00-04:00,7.519999980926514,7.519999980926514,7.460000038146973,7.46999979019165,6560,0.0,0.0
2024-04-23 12:30:00-04:00,7.46999979019165,7.510000228881836,7.46999979019165,7.505000114440918,6185,0.0,0.0
2024-04-23 13:30:00-04:00,7.500100135803223,7.505000114440918,7.460000038146973,7.460000038146973,17714,0.0,0.0
2024-04-23 14:30:00-04:00,7.460000038146973,7.46999979019165,7.420000076293945,7.420000076293945,13561,0.0,0.0
2024-04-23 15:30:00-04:00,7.420000076293945,7.425000190734863,7.349999904632568,7.349999904632568,28087,0.0,0.0
2024-04-24 09:30:00-04:00,7.449999809265137,7.449999809265137,7.309999942779541,7.335000038146973,35214,0.0,0.0
2024-04-24 10:30:00-04:00,7.320000171661377,7.369999885559082,7.300000190734863,7.34499979019165,19813,0.0,0.0
2024-04-24 11:30:00-04:00,7.34499979019165,7.360000133514404,7.300000190734863,7.342299938201904,18562,0.0,0.0
2024-04-24 12:30:00-04:00,7.340000152587891,7.389999866485596,7.315000057220459,7.34499979019165,18950,0.0,0.0
2024-04-24 13:30:00-04:00,7.340000152587891,7.409999847412109,7.340000152587891,7.409999847412109,11188,0.0,0.0
2024-04-24 14:30:00-04:00,7.40500020980835,7.474999904632568,7.389999866485596,7.449999809265137,16240,0.0,0.0
2024-04-24 15:30:00-04:00,7.46999979019165,7.480000019073486,7.400000095367432,7.440000057220459,59412,0.0,0.0
2024-04-25 09:30:00-04:00,7.380000114440918,7.380000114440918,7.269999980926514,7.360000133514404,26027,0.0,0.0
2024-04-25 10:30:00-04:00,7.360000133514404,7.380000114440918,7.284999847412109,7.295000076293945,9275,0.0,0.0
2024-04-25 11:30:00-04:00,7.295000076293945,7.309999942779541,7.230000019073486,7.260000228881836,8397,0.0,0.0
2024-04-25 12:30:00-04:00,7.260000228881836,7.309999942779541,7.25,7.300000190734863,14653,0.0,0.0
2024-04-25 13:30:00-04:00,7.320000171661377,7.340000152587891,7.300000190734863,7.304999828338623,7072,0.0,0.0
2024-04-25 14:30:00-04:00,7.28000020980835,7.320000171661377,7.28000020980835,7.309999942779541,12967,0.0,0.0
2024-04-25 15:30:00-04:00,7.300000190734863,7.340000152587891,7.300000190734863,7.301000118255615,56976,0.0,0.0
2024-04-26 09:30:00-04:00,7.329999923706055,7.380000114440918,7.25,7.25,6708,0.0,0.0
2024-04-26 10:30:00-04:00,7.25,7.275000095367432,7.189700126647949,7.193399906158447,13357,0.0,0.0
2024-04-26 11:30:00-04:00,7.190000057220459,7.230000019073486,7.170000076293945,7.197400093078613,34577,0.0,0.0
2024-04-26 12:30:00-04:00,7.199999809265137,7.199999809265137,7.099999904632568,7.124100208282471,24147,0.0,0.0
2024-04-26 13:30:00-04:00,7.110000133514404,7.119999885559082,7.070000171661377,7.079999923706055,15089,0.0,0.0
2024-04-26 14:30:00-04:00,7.071599960327148,7.099999904632568,7.070000171661377,7.090000152587891,20791,0.0,0.0
2024-04-26 15:30:00-04:00,7.090000152587891,7.130000114440918,7.070000171661377,7.070000171661377,43126,0.0,0.0
2024-04-29 09:30:00-04:00,7.159999847412109,7.349999904632568,7.159999847412109,7.159999847412109,39224,0.0,0.0
2024-04-29 10:30:00-04:00,7.159999847412109,7.329999923706055,7.150000095367432,7.269999980926514,27685,0.0,0.0
2024-04-29 11:30:00-04:00,7.260000228881836,7.28000020980835,7.199999809265137,7.239999771118164,22065,0.0,0.0
2024-04-29 12:30:00-04:00,7.255199909210205,7.289999961853027,7.21999979019165,7.25,24978,0.0,0.0
2024-04-29 13:30:00-04:00,7.230000019073486,7.340000152587891,7.230000019073486,7.340000152587891,23573,0.0,0.0
2024-04-29 14:30:00-04:00,7.340000152587891,7.340000152587891,7.159999847412109,7.159999847412109,43240,0.0,0.0
2024-04-29 15:30:00-04:00,7.164999961853027,7.199999809265137,7.159999847412109,7.190000057220459,70385,0.0,0.0
2024-04-30 09:30:00-04:00,7.130000114440918,7.175000190734863,7.010000228881836,7.010000228881836,35392,0.0,0.0
2024-04-30 10:30:00-04:00,7.0,7.079999923706055,6.989999771118164,7.079999923706055,23993,0.0,0.0
2024-04-30 11:30:00-04:00,7.070000171661377,7.070000171661377,7.03000020980835,7.039999961853027,8009,0.0,0.0
2024-04-30 12:30:00-04:00,7.03000020980835,7.050000190734863,6.960000038146973,6.989999771118164,42947,0.0,0.0
2024-04-30 13:30:00-04:00,7.0,7.0,6.940000057220459,6.960000038146973,14479,0.0,0.0
2024-04-30 14:30:00-04:00,6.960000038146973,6.989999771118164,6.929999828338623,6.951200008392334,30512,0.0,0.0
2024-04-30 15:30:00-04:00,6.951000213623047,6.951000213623047,6.889999866485596,6.889999866485596,32452,0.0,0.0
2024-05-01 09:30:00-04:00,6.940000057220459,7.0,6.829999923706055,6.829999923706055,23650,0.0,0.0
2024-05-01 10:30:00-04:00,6.829999923706055,6.829999923706055,6.75,6.760000228881836,20681,0.0,0.0
2024-05-01 11:30:00-04:00,6.75,6.75,6.690000057220459,6.699999809265137,18551,0.0,0.0
2024-05-01 12:30:00-04:00,6.699999809265137,6.755000114440918,6.699999809265137,6.730000019073486,11785,0.0,0.0
2024-05-01 13:30:00-04:00,6.739999771118164,6.769999980926514,6.710000038146973,6.739999771118164,15032,0.0,0.0
2024-05-01 14:30:00-04:00,6.75,6.909999847412109,6.71999979019165,6.849999904632568,30513,0.0,0.0
2024-05-01 15:30:00-04:00,6.840000152587891,6.840000152587891,6.760000228881836,6.775000095367432,43540,0.0,0.0
2024-05-02 09:30:00-04:00,6.840000152587891,6.865099906921387,6.78000020980835,6.809999942779541,19264,0.0,0.0
2024-05-02 10:30:00-04:00,6.800000190734863,6.855000019073486,6.789999961853027,6.84499979019165,14580,0.0,0.0
2024-05-02 11:30:00-04:00,6.849899768829346,6.849899768829346,6.800000190734863,6.829999923706055,7965,0.0,0.0
2024-05-02 12:30:00-04:00,6.829999923706055,6.829999923706055,6.78000020980835,6.78000020980835,8921,0.0,0.0
2024-05-02 13:30:00-04:00,6.775000095367432,6.789999961853027,6.75,6.78000020980835,30247,0.0,0.0
2024-05-02 14:30:00-04:00,6.775000095367432,6.829999923706055,6.775000095367432,6.782800197601318,14978,0.0,0.0
2024-05-02 15:30:00-04:00,6.78000020980835,6.800000190734863,6.75,6.789999961853027,33691,0.0,0.0
2024-05-03 09:30:00-04:00,6.929999828338623,7.050000190734863,6.929999828338623,6.980000019073486,23052,0.0,0.0
2024-05-03 10:30:00-04:00,6.980000019073486,6.980000019073486,6.890100002288818,6.909999847412109,10172,0.0,0.0
2024-05-03 11:30:00-04:00,6.900000095367432,6.940000057220459,6.880000114440918,6.940000057220459,9409,0.0,0.0
2024-05-03 12:30:00-04:00,6.929999828338623,6.965000152587891,6.920000076293945,6.929999828338623,28006,0.0,0.0
2024-05-03 13:30:00-04:00,6.929999828338623,6.96999979019165,6.929999828338623,6.96999979019165,12075,0.0,0.0
2024-05-03 14:30:00-04:00,6.960000038146973,6.96999979019165,6.920000076293945,6.925000190734863,16346,0.0,0.0
2024-05-03 15:30:00-04:00,6.920000076293945,6.980000019073486,6.920000076293945,6.949999809265137,29129,0.0,0.0
2024-05-06 09:30:00-04:00,7.03000020980835,7.059999942779541,7.0,7.059999942779541,21398,0.0,0.0
2024-05-06 10:30:00-04:00,7.050000190734863,7.059999942779541,7.010000228881836,7.050000190734863,15664,0.0,0.0
2024-05-06 11:30:00-04:00,7.042099952697754,7.098199844360352,7.042099952697754,7.079999923706055,7532,0.0,0.0
2024-05-06 12:30:00-04:00,7.090000152587891,7.119999885559082,7.079999923706055,7.090000152587891,16469,0.0,0.0
2024-05-06 13:30:00-04:00,7.090099811553955,7.099999904632568,7.050000190734863,7.079999923706055,12740,0.0,0.0
2024-05-06 14:30:00-04:00,7.079999923706055,7.079999923706055,7.019999980926514,7.050000190734863,14446,0.0,0.0
2024-05-06 15:30:00-04:00,7.039999961853027,7.050000190734863,7.0,7.010000228881836,28887,0.0,0.0
2024-05-07 09:30:00-04:00,6.75,7.179999828338623,6.622000217437744,7.139999866485596,80858,0.0,0.0
2024-05-07 10:30:00-04:00,7.170000076293945,7.179999828338623,7.070000171661377,7.159999847412109,24471,0.0,0.0
2024-05-07 11:30:00-04:00,7.190000057220459,7.46999979019165,7.180699825286865,7.429999828338623,47957,0.0,0.0
2024-05-07 12:30:00-04:00,7.440000057220459,7.53000020980835,7.400000095367432,7.480000019073486,50912,0.0,0.0
2024-05-07 13:30:00-04:00,7.480000019073486,7.539999961853027,7.429999828338623,7.489999771118164,42443,0.0,0.0
2024-05-07 14:30:00-04:00,7.5,7.519999980926514,7.269999980926514,7.28000020980835,36454,0.0,0.0
2024-05-07 15:30:00-04:00,7.289999961853027,7.309999942779541,7.25,7.28000020980835,110227,0.0,0.0
2024-05-08 09:30:00-04:00,7.300000190734863,7.480000019073486,7.300000190734863,7.360000133514404,26437,0.0,0.0
2024-05-08 10:30:00-04:00,7.369999885559082,7.429999828338623,7.309999942779541,7.429999828338623,22877,0.0,0.0
2024-05-08 11:30:00-04:00,7.431099891662598,7.480000019073486,7.420000076293945,7.480000019073486,24802,0.0,0.0
2024-05-08 12:30:00-04:00,7.460000038146973,7.489999771118164,7.449999809265137,7.460000038146973,8899,0.0,0.0
2024-05-08 13:30:00-04:00,7.460000038146973,7.590000152587891,7.460000038146973,7.590000152587891,32696,0.0,0.0
2024-05-08 14:30:00-04:00,7.579899787902832,7.599999904632568,7.53000020980835,7.539999961853027,27010,0.0,0.0
2024-05-08 15:30:00-04:00,7.53000020980835,7.570000171661377,7.519999980926514,7.539999961853027,127343,0.0,0.0
2024-05-09 09:30:00-04:00,7.590000152587891,7.599999904632568,7.5,7.599999904632568,28596,0.0,0.0
2024-05-09 10:30:00-04:00,7.579999923706055,7.599999904632568,7.480000019073486,7.480000019073486,17752,0.0,0.0
2024-05-09 11:30:00-04:00,7.46999979019165,7.505000114440918,7.445000171661377,7.494999885559082,17540,0.0,0.0
2024-05-09 12:30:00-04:00,7.500199794769287,7.510000228881836,7.480000019073486,7.485199928283691,8697,0.0,0.0
2024-05-09 13:30:00-04:00,7.489999771118164,7.489999771118164,7.449999809265137,7.454999923706055,13287,0.0,0.0
2024-05-09 14:30:00-04:00,7.460000038146973,7.46999979019165,7.364999771118164,7.389999866485596,40057,0.0,0.0
2024-05-09 15:30:00-04:00,7.389999866485596,7.440000057220459,7.389999866485596,7.420000076293945,38858,0.0,0.0
2024-05-10 09:30:00-04:00,7.420000076293945,7.559999942779541,7.420000076293945,7.465000152587891,20790,0.0,0.0
2024-05-10 10:30:00-04:00,7.449999809265137,7.449999809265137,7.355000019073486,7.369999885559082,24770,0.0,0.0
2024-05-10 11:30:00-04:00,7.369999885559082,7.409999847412109,7.320000171661377,7.400000095367432,14141,0.0,0.0
2024-05-10 12:30:00-04:00,7.389999866485596,7.389999866485596,7.329999923706055,7.375,13724,0.0,0.0
2024-05-10 13:30:00-04:00,7.375,7.420000076293945,7.340000152587891,7.355000019073486,19380,0.0,0.0
2024-05-10 14:30:00-04:00,7.360000133514404,7.429999828338623,7.355000019073486,7.420000076293945,16038,0.0,0.0
2024-05-10 15:30:00-04:00,7.400000095367432,7.460000038146973,7.380000114440918,7.429999828338623,51195,0.0,0.0
2024-05-13 09:30:00-04:00,7.53000020980835,7.699900150299072,7.53000020980835,7.690000057220459,23237,0.0,0.0
2024-05-13 10:30:00-04:00,7.699999809265137,7.710000038146973,7.670000076293945,7.690000057220459,10462,0.0,0.0
2024-05-13 11:30:00-04:00,7.670000076293945,7.670000076293945,7.625,7.625,10814,0.0,0.0
2024-05-13 12:30:00-04:00,7.62060022354126,7.630000114440918,7.5665998458862305,7.5843000411987305,10835,0.0,0.0
2024-05-13 13:30:00-04:00,7.580100059509277,7.590000152587891,7.559999942779541,7.559999942779541,5723,0.0,0.0
2024-05-13 14:30:00-04:00,7.570000171661377,7.57919979095459,7.519999980926514,7.519999980926514,7465,0.0,0.0
2024-05-13 15:30:00-04:00,7.519999980926514,7.539999961853027,7.5,7.519999980926514,29959,0.0,0.0
2024-05-14 09:30:00-04:00,7.699999809265137,7.78000020980835,7.600100040435791,7.639999866485596,25085,0.0,0.0
2024-05-14 10:30:00-04:00,7.650000095367432,7.659999847412109,7.590000152587891,7.659999847412109,11807,0.0,0.0
2024-05-14 11:30:00-04:00,7.659999847412109,7.679999828338623,7.639999866485596,7.670000076293945,7692,0.0,0.0
2024-05-14 12:30:00-04:00,7.659999847412109,7.659999847412109,7.570000171661377,7.619999885559082,13609,0.0,0.0
2024-05-14 13:30:00-04:00,7.639999866485596,7.639999866485596,7.579999923706055,7.579999923706055,12237,0.0,0.0
2024-05-14 14:30:00-04:00,7.579999923706055,7.599999904632568,7.570000171661377,7.570000171661377,13858,0.0,0.0
2024-05-14 15:30:00-04:00,7.590000152587891,7.644999980926514,7.590000152587891,7.590000152587891,42493,0.0,0.0
2024-05-15 09:30:00-04:00,7.670000076293945,7.670000076293945,7.540599822998047,7.579999923706055,10356,0.0,0.0
2024-05-15 10:30:00-04:00,7.590000152587891,7.590000152587891,7.46999979019165,7.518799781799316,18865,0.0,0.0
2024-05-15 11:30:00-04:00,7.510000228881836,7.570000171661377,7.510000228881836,7.550600051879883,10355,0.0,0.0
2024-05-15 12:30:00-04:00,7.539999961853027,7.550000190734863,7.454999923706055,7.46999979019165,15808,0.0,0.0
2024-05-15 13:30:00-04:00,7.449999809265137,7.460000038146973,7.429999828338623,7.429999828338623,5643,0.0,0.0
2024-05-15 14:30:00-04:00,7.449999809265137,7.449999809265137,7.380000114440918,7.380000114440918,9137,0.0,0.0
2024-05-15 15:30:00-04:00,7.389999866485596,7.400000095367432,7.349999904632568,7.400000095367432,28879,0.0,0.0
2024-05-16 09:30:00-04:00,7.429999828338623,7.510000228881836,7.400000095367432,7.489999771118164,15787,0.0,0.0
2024-05-16 10:30:00-04:00,7.491700172424316,7.539999961853027,7.480000019073486,7.510000228881836,12314,0.0,0.0
2024-05-16 11:30:00-04:00,7.510000228881836,7.579999923706055,7.510000228881836,7.579999923706055,10926,0.0,0.0
2024-05-16 12:30:00-04:00,7.570000171661377,7.579999923706055,7.53000020980835,7.539999961853027,10455,0.0,0.0
2024-05-16 13:30:00-04:00,7.539999961853027,7.539999961853027,7.449999809265137,7.460000038146973,17955,0.0,0.0
2024-05-16 14:30:00-04:00,7.480000019073486,7.510000228881836,7.480000019073486,7.480000019073486,18827,0.0,0.0
2024-05-16 15:30:00-04:00,7.480000019073486,7.539999961853027,7.480000019073486,7.539999961853027,47349,0.0,0.0
2024-05-17 09:30:00-04:00,7.539999961853027,7.570000171661377,7.437099933624268,7.539999961853027,25869,0.0,0.0
2024-05-17 10:30:00-04:00,7.534999847412109,7.619999885559082,7.53000020980835,7.599999904632568,15203,0.0,0.0
2024-05-17 11:30:00-04:00,7.579999923706055,7.590000152587891,7.559999942779541,7.570000171661377,10204,0.0,0.0
2024-05-17 12:30:00-04:00,7.559999942779541,7.599999904632568,7.550000190734863,7.599999904632568,11028,0.0,0.0
2024-05-17 13:30:00-04:00,7.610000133514404,7.610000133514404,7.590000152587891,7.610000133514404,11685,0.0,0.0
2024-05-17 14:30:00-04:00,7.607800006866455,7.610000133514404,7.570000171661377,7.579999923706055,14419,0.0,0.0
2024-05-17 15:30:00-04:00,7.570000171661377,7.599999904632568,7.550000190734863,7.590000152587891,35118,0.0,0.0
2024-05-20 09:30:00-04:00,7.579999923706055,7.659999847412109,7.53000020980835,7.570000171661377,16358,0.0,0.0
2024-05-20 10:30:00-04:00,7.579999923706055,7.630000114440918,7.579999923706055,7.615699768066406,6988,0.0,0.0
2024-05-20 11:30:00-04:00,7.610000133514404,7.619999885559082,7.559999942779541,7.599999904632568,16728,0.0,0.0
2024-05-20 12:30:00-04:00,7.579999923706055,7.630000114440918,7.579999923706055,7.630000114440918,8193,0.0,0.0
2024-05-20 13:30:00-04:00,7.640100002288818,7.650000095367432,7.599999904632568,7.630000114440918,18927,0.0,0.0
2024-05-20 14:30:00-04:00,7.639999866485596,7.650000095367432,7.619999885559082,7.639999866485596,11124,0.0,0.0
2024-05-20 15:30:00-04:00,7.639999866485596,7.679999828338623,7.630000114440918,7.630000114440918,41827,0.0,0.0
2024-05-21 09:30:00-04:00,7.639999866485596,7.639999866485596,7.53000020980835,7.545000076293945,7275,0.0,0.0
2024-05-21 10:30:00-04:00,7.543900012969971,7.579999923706055,7.5,7.550000190734863,15538,0.0,0.0
2024-05-21 11:30:00-04:00,7.550000190734863,7.570000171661377,7.5,7.510000228881836,6384,0.0,0.0
2024-05-21 12:30:00-04:00,7.502099990844727,7.519999980926514,7.460000038146973,7.46999979019165,5919,0.0,0.0
2024-05-21 13:30:00-04:00,7.449999809265137,7.489999771118164,7.449999809265137,7.46999979019165,11200,0.0,0.0
2024-05-21 14:30:00-04:00,7.474999904632568,7.480000019073486,7.460000038146973,7.465000152587891,8545,0.0,0.0
2024-05-21 15:30:00-04:00,7.46999979019165,7.5,7.440000057220459,7.46999979019165,28567,0.0,0.0
2024-05-22 09:30:00-04:00,7.5,7.550899982452393,7.450099945068359,7.485000133514404,16818,0.0,0.0
2024-05-22 10:30:00-04:00,7.485000133514404,7.489999771118164,7.450099945068359,7.450099945068359,5052,0.0,0.0
2024-05-22 11:30:00-04:00,7.449999809265137,7.449999809265137,7.4116997718811035,7.420000076293945,4700,0.0,0.0
2024-05-22 12:30:00-04:00,7.409999847412109,7.460000038146973,7.400000095367432,7.449999809265137,9399,0.0,0.0
2024-05-22 13:30:00-04:00,7.449999809265137,7.449999809265137,7.360000133514404,7.360000133514404,15184,0.0,0.0
2024-05-22 14:30:00-04:00,7.355000019073486,7.369999885559082,7.34499979019165,7.369999885559082,12073,0.0,0.0
2024-05-22 15:30:00-04:00,7.360599994659424,7.460000038146973,7.360099792480469,7.400000095367432,39603,0.0,0.0
2024-05-23 09:30:00-04:00,7.389999866485596,7.389999866485596,7.21999979019165,7.21999979019165,12332,0.0,0.0
2024-05-23 10:30:00-04:00,7.21999979019165,7.239999771118164,7.190000057220459,7.195000171661377,8088,0.0,0.0
2024-05-23 11:30:00-04:00,7.190000057220459,7.210000038146973,7.179999828338623,7.204999923706055,10247,0.0,0.0
2024-05-23 12:30:00-04:00,7.210000038146973,7.249899864196777,7.170000076293945,7.170000076293945,8333,0.0,0.0
2024-05-23 13:30:00-04:00,7.170000076293945,7.179500102996826,7.079999923706055,7.090000152587891,16424,0.0,0.0
2024-05-23 14:30:00-04:00,7.079999923706055,7.110000133514404,7.070000171661377,7.099999904632568,13165,0.0,0.0
2024-05-23 15:30:00-04:00,7.110000133514404,7.139999866485596,7.070000171661377,7.139999866485596,37787,0.0,0.0
2024-05-24 09:30:00-04:00,7.190000057220459,7.210000038146973,7.139999866485596,7.150000095367432,17593,0.0,0.0
2024-05-24 10:30:00-04:00,7.159999847412109,7.170000076293945,7.110000133514404,7.144999980926514,10031,0.0,0.0
2024-05-24 11:30:00-04:00,7.150000095367432,7.19980001449585,7.130000114440918,7.170000076293945,8187,0.0,0.0
2024-05-24 12:30:00-04:00,7.170000076293945,7.170000076293945,7.156300067901611,7.156300067901611,3997,0.0,0.0
2024-05-24 13:30:00-04:00,7.170000076293945,7.179999828338623,7.159999847412109,7.164999961853027,3687,0.0,0.0
2024-05-24 14:30:00-04:00,7.159999847412109,7.2179999351501465,7.159999847412109,7.190000057220459,9834,0.0,0.0
2024-05-24 15:30:00-04:00,7.199999809265137,7.224999904632568,7.190000057220459,7.190000057220459,17730,0.0,0.0
2024-05-28 09:30:00-04:00,7.210000038146973,7.275000095367432,7.199999809265137,7.199999809265137,15398,0.0,0.0
2024-05-28 10:30:00-04:00,7.199999809265137,7.309999942779541,7.190000057220459,7.289999961853027,11727,0.0,0.0
2024-05-28 11:30:00-04:00,7.289999961853027,7.289999961853027,7.260000228881836,7.260000228881836,5588,0.0,0.0
2024-05-28 12:30:00-04:00,7.269999980926514,7.269999980926514,7.21999979019165,7.21999979019165,6900,0.0,0.0
2024-05-28 13:30:00-04:00,7.191999912261963,7.199999809265137,7.110000133514404,7.119999885559082,15969,0.0,0.0
2024-05-28 14:30:00-04:00,7.110000133514404,7.110000133514404,7.079999923706055,7.090000152587891,13087,0.0,0.0
2024-05-28 15:30:00-04:00,7.09499979019165,7.150000095367432,7.085000038146973,7.090000152587891,37951,0.0,0.0
2024-05-29 09:30:00-04:00,7.0,7.150000095367432,6.940000057220459,7.114999771118164,96778,0.0,0.0
2024-05-29 10:30:00-04:00,7.119999885559082,7.150000095367432,7.070000171661377,7.130000114440918,17314,0.0,0.0
2024-05-29 11:30:00-04:00,7.130000114440918,7.250199794769287,7.130000114440918,7.239999771118164,35921,0.0,0.0
2024-05-29 12:30:00-04:00,7.21999979019165,7.255000114440918,7.179999828338623,7.255000114440918,14261,0.0,0.0
2024-05-29 13:30:00-04:00,7.269999980926514,7.269999980926514,7.139999866485596,7.175000190734863,20278,0.0,0.0
2024-05-29 14:30:00-04:00,7.190000057220459,7.230000019073486,7.130000114440918,7.210000038146973,39969,0.0,0.0
2024-05-29 15:30:00-04:00,7.210000038146973,7.260000228881836,7.199999809265137,7.21999979019165,67183,0.0,0.0
2024-05-30 09:30:00-04:00,7.320000171661377,7.46999979019165,7.269999980926514,7.28000020980835,31647,0.0,0.0
2024-05-30 10:30:00-04:00,7.28000020980835,7.439899921417236,7.28000020980835,7.439899921417236,16910,0.0,0.0
2024-05-30 11:30:00-04:00,7.429999828338623,7.429999828338623,7.370100021362305,7.414999961853027,24776,0.0,0.0
2024-05-30 12:30:00-04:00,7.429999828338623,7.559999942779541,7.429999828338623,7.539999961853027,34706,0.0,0.0
2024-05-30 13:30:00-04:00,7.53000020980835,7.570000171661377,7.5,7.559899806976318,16280,0.0,0.0
2024-05-30 14:30:00-04:00,7.570000171661377,7.679999828338623,7.539999961853027,7.679999828338623,124848,0.0,0.0
2024-05-30 15:30:00-04:00,7.661300182342529,7.730000019073486,7.661300182342529,7.704999923706055,63536,0.0,0.0
2024-05-31 09:30:00-04:00,7.71999979019165,8.032500267028809,7.710000038146973,7.984000205993652,64166,0.0,0.0
2024-05-31 10:30:00-04:00,7.989999771118164,8.149999618530273,7.980000019073486,8.149999618530273,32697,0.0,0.0
2024-05-31 11:30:00-04:00,8.149999618530273,8.229999542236328,8.029999732971191,8.210000038146973,98217,0.0,0.0
2024-05-31 12:30:00-04:00,8.220000267028809,8.350000381469727,8.199999809265137,8.329999923706055,40189,0.0,0.0
2024-05-31 13:30:00-04:00,8.329999923706055,8.414999961853027,8.3100004196167,8.414999961853027,20770,0.0,0.0
2024-05-31 14:30:00-04:00,8.40999984741211,8.4350004196167,8.288999557495117,8.369999885559082,47682,0.0,0.0
2024-05-31 15:30:00-04:00,8.34000015258789,8.479999542236328,8.34000015258789,8.470000267028809,91777,0.0,0.0
2024-06-03 09:30:00-04:00,8.649999618530273,8.649999618530273,8.220000267028809,8.220000267028809,42053,0.0,0.0
2024-06-03 10:30:00-04:00,8.220000267028809,8.289999961853027,8.149999618530273,8.180000305175781,27490,0.0,0.0
2024-06-03 11:30:00-04:00,8.180000305175781,8.220000267028809,8.080100059509277,8.149999618530273,26695,0.0,0.0
2024-06-03 12:30:00-04:00,8.140000343322754,8.180000305175781,8.069999694824219,8.170100212097168,33193,0.0,0.0
2024-06-03 13:30:00-04:00,8.170000076293945,8.220000267028809,8.119500160217285,8.218199729919434,34095,0.0,0.0
2024-06-03 14:30:00-04:00,8.219900131225586,8.239999771118164,8.145000457763672,8.229900360107422,39549,0.0,0.0
2024-06-03 15:30:00-04:00,8.229999542236328,8.3100004196167,8.210000038146973,8.210000038146973,120511,0.0,0.0
2024-06-04 09:30:00-04:00,8.119999885559082,8.119999885559082,7.954999923706055,8.020000457763672,34689,0.0,0.0
2024-06-04 10:30:00-04:00,8.039999961853027,8.180000305175781,8.020000457763672,8.125,28279,0.0,0.0
2024-06-04 11:30:00-04:00,8.109999656677246,8.109999656677246,8.010000228881836,8.0600004196167,15756,0.0,0.0
2024-06-04 12:30:00-04:00,8.050000190734863,8.069999694824219,8.010000228881836,8.039999961853027,18503,0.0,0.0
2024-06-04 13:30:00-04:00,8.029999732971191,8.0600004196167,8.010000228881836,8.029999732971191,13404,0.0,0.0
2024-06-04 14:30:00-04:00,8.029999732971191,8.0600004196167,7.989999771118164,8.029999732971191,34132,0.0,0.0
2024-06-04 15:30:00-04:00,8.020000457763672,8.119999885559082,8.010000228881836,8.109999656677246,89942,0.0,0.0
2024-06-05 09:30:00-04:00,8.109999656677246,8.229900360107422,8.069999694824219,8.199999809265137,11085,0.0,0.0
2024-06-05 10:30:00-04:00,8.199999809265137,8.350000381469727,8.199999809265137,8.320099830627441,18440,0.0,0.0
2024-06-05 11:30:00-04:00,8.34000015258789,8.430000305175781,8.34000015258789,8.369999885559082,22077,0.0,0.0
2024-06-05 12:30:00-04:00,8.360199928283691,8.390000343322754,8.270400047302246,8.380000114440918,25948,0.0,0.0
2024-06-05 13:30:00-04:00,8.380000114440918,8.418000221252441,8.350000381469727,8.369999885559082,14227,0.0,0.0
2024-06-05 14:30:00-04:00,8.350000381469727,8.470000267028809,8.34000015258789,8.449999809265137,32200,0.0,0.0
2024-06-05 15:30:00-04:00,8.4399995803833,8.460000038146973,8.399999618530273,8.460000038146973,64574,0.0,0.0
2024-06-06 09:30:00-04:00,8.430000305175781,8.460000038146973,8.369999885559082,8.420000076293945,14755,0.0,0.0
2024-06-06 10:30:00-04:00,8.40999984741211,8.431099891662598,8.359999656677246,8.40999984741211,41857,0.0,0.0
2024-06-06 11:30:00-04:00,8.414999961853027,8.459799766540527,8.40999984741211,8.449999809265137,18986,0.0,0.0
2024-06-06 12:30:00-04:00,8.460000038146973,8.498000144958496,8.430000305175781,8.460000038146973,15113,0.0,0.0
2024-06-06 13:30:00-04:00,8.470000267028809,8.489999771118164,8.40999984741211,8.460000038146973,26892,0.0,0.0
2024-06-06 14:30:00-04:00,8.450300216674805,8.529999732971191,8.430000305175781,8.510000228881836,52385,0.0,0.0
2024-06-06 15:30:00-04:00,8.510000228881836,8.520000457763672,8.430000305175781,8.479999542236328,73201,0.0,0.0
2024-06-07 09:30:00-04:00,8.399999618530273,8.449999809265137,8.350000381469727,8.44320011138916,39077,0.0,0.0
2024-06-07 10:30:00-04:00,8.449999809265137,8.449999809265137,8.350000381469727,8.359999656677246,52243,0.0,0.0
2024-06-07 11:30:00-04:00,8.359999656677246,8.359999656677246,8.119999885559082,8.135000228881836,152566,0.0,0.0
2024-06-07 12:30:00-04:00,8.135000228881836,8.15999984741211,8.055000305175781,8.069999694824219,94028,0.0,0.0
2024-06-07 13:30:00-04:00,8.055000305175781,8.119999885559082,8.03499984741211,8.115099906921387,77095,0.0,0.0
2024-06-07 14:30:00-04:00,8.100000381469727,8.119999885559082,8.0,8.039999961853027,43179,0.0,0.0
2024-06-07 15:30:00-04:00,8.0600004196167,8.079999923706055,8.010000228881836,8.020000457763672,126796,0.0,0.0
2024-06-10 09:30:00-04:00,7.960000038146973,8.039999961853027,7.829999923706055,7.96999979019165,32481,0.0,0.0
2024-06-10 10:30:00-04:00,7.920000076293945,7.954999923706055,7.889999866485596,7.889999866485596,10096,0.0,0.0
2024-06-10 11:30:00-04:00,7.889999866485596,7.889999866485596,7.809999942779541,7.849999904632568,17746,0.0,0.0
2024-06-10 12:30:00-04:00,7.840000152587891,8.0,7.820000171661377,8.0,40013,0.0,0.0
2024-06-10 13:30:00-04:00,7.989999771118164,8.079999923706055,7.989999771118164,8.069999694824219,24741,0.0,0.0
2024-06-10 14:30:00-04:00,8.079999923706055,8.09000015258789,7.96999979019165,8.020000457763672,23873,0.0,0.0
2024-06-10 15:30:00-04:00,8.029999732971191,8.100000381469727,7.989999771118164,8.079000473022461,35780,0.0,0.0
2024-06-11 09:30:00-04:00,7.96999979019165,7.96999979019165,7.914999961853027,7.929999828338623,10700,0.0,0.0
2024-06-11 10:30:00-04:00,7.929999828338623,7.960000038146973,7.914999961853027,7.940000057220459,24476,0.0,0.0
2024-06-11 11:30:00-04:00,7.949900150299072,7.960000038146973,7.925000190734863,7.940000057220459,18277,0.0,0.0
2024-06-11 12:30:00-04:00,7.960000038146973,8.020000457763672,7.960000038146973,8.0,7182,0.0,0.0
2024-06-11 13:30:00-04:00,8.0,8.039999961853027,8.0,8.020000457763672,6272,0.0,0.0
2024-06-11 14:30:00-04:00,8.029999732971191,8.029999732971191,7.96999979019165,8.0,15023,0.0,0.0
2024-06-11 15:30:00-04:00,7.997900009155273,8.029999732971191,7.989999771118164,8.010000228881836,34276,0.0,0.0
2024-06-12 09:30:00-04:00,8.319999694824219,8.4399995803833,8.21500015258789,8.319999694824219,70085,0.0,0.0
2024-06-12 10:30:00-04:00,8.329999923706055,8.399999618530273,8.279999732971191,8.279999732971191,40253,0.0,0.0
2024-06-12 11:30:00-04:00,8.289999961853027,8.319999694824219,8.25,8.25,7115,0.0,0.0
2024-06-12 12:30:00-04:00,8.279999732971191,8.289999961853027,8.196000099182129,8.196000099182129,12304,0.0,0.0
2024-06-12 13:30:00-04:00,8.170000076293945,8.199999809265137,8.1048002243042,8.1048002243042,19020,0.0,0.0
2024-06-12 14:30:00-04:00,8.130000114440918,8.199999809265137,8.020000457763672,8.020000457763672,57608,0.0,0.0
2024-06-12 15:30:00-04:00,8.029999732971191,8.239999771118164,8.010000228881836,8.154999732971191,71259,0.0,0.0
2024-06-13 09:30:00-04:00,8.15999984741211,8.15999984741211,7.820000171661377,7.820000171661377,17268,0.0,0.0
2024-06-13 10:30:00-04:00,7.809999942779541,7.809999942779541,7.599999904632568,7.659999847412109,50222,0.0,0.0
2024-06-13 11:30:00-04:00,7.670000076293945,7.670000076293945,7.505000114440918,7.579999923706055,90726,0.0,0.0
2024-06-13 12:30:00-04:00,7.570000171661377,7.739799976348877,7.559999942779541,7.699999809265137,48611,0.0,0.0
2024-06-13 13:30:00-04:00,7.659999847412109,7.800000190734863,7.650000095367432,7.78000020980835,25309,0.0,0.0
2024-06-13 14:30:00-04:00,7.78000020980835,7.909999847412109,7.78000020980835,7.829999923706055,34157,0.0,0.0
2024-06-13 15:30:00-04:00,7.820000171661377,7.820000171661377,7.730000019073486,7.730000019073486,42344,0.0,0.0
2024-06-14 09:30:00-04:00,7.579999923706055,7.659999847412109,7.460000038146973,7.5,38526,0.0,0.0
2024-06-14 10:30:00-04:00,7.489999771118164,7.605000019073486,7.480000019073486,7.585000038146973,19990,0.0,0.0
2024-06-14 11:30:00-04:00,7.585000038146973,7.585000038146973,7.465000152587891,7.465000152587891,18698,0.0,0.0
2024-06-14 12:30:00-04:00,7.46999979019165,7.519999980926514,7.46999979019165,7.505000114440918,12953,0.0,0.0
2024-06-14 13:30:00-04:00,7.510000228881836,7.550000190734863,7.489999771118164,7.5,10689,0.0,0.0
2024-06-14 14:30:00-04:00,7.485000133514404,7.579999923706055,7.465000152587891,7.559999942779541,28840,0.0,0.0
2024-06-14 15:30:00-04:00,7.559999942779541,7.585000038146973,7.519999980926514,7.53000020980835,86805,0.0,0.0
2024-06-17 09:30:00-04:00,9.979999542236328,9.989999771118164,9.960000038146973,9.989999771118164,2511297,0.0,0.0
2024-06-17 10:30:00-04:00,9.989999771118164,10.010000228881836,9.970000267028809,9.984999656677246,1899448,0.0,0.0
2024-06-17 11:30:00-04:00,9.989999771118164,10.010000228881836,9.984999656677246,9.994999885559082,951042,0.0,0.0
2024-06-17 12:30:00-04:00,9.994999885559082,10.039999961853027,9.990099906921387,10.005000114440918,405105,0.0,0.0
2024-06-17 13:30:00-04:00,10.010000228881836,10.029999732971191,10.0,10.020000457763672,354726,0.0,0.0
2024-06-17 14:30:00-04:00,10.020000457763672,10.0649995803833,10.015000343322754,10.045000076293945,488664,0.0,0.0
2024-06-17 15:30:00-04:00,10.045000076293945,10.0600004196167,10.039999961853027,10.0600004196167,447896,0.0,0.0
2024-06-18 09:30:00-04:00,10.020000457763672,10.0600004196167,10.020000457763672,10.055000305175781,410403,0.0,0.0
2024-06-18 10:30:00-04:00,10.055000305175781,10.0600004196167,10.029999732971191,10.039999961853027,249331,0.0,0.0
2024-06-18 11:30:00-04:00,10.050000190734863,10.050000190734863,10.029999732971191,10.03499984741211,307154,0.0,0.0
2024-06-18 12:30:00-04:00,10.03499984741211,10.039999961853027,10.029999732971191,10.03499984741211,635172,0.0,0.0
2024-06-18 13:30:00-04:00,10.029999732971191,10.039999961853027,10.0,10.020000457763672,371897,0.0,0.0
2024-06-18 14:30:00-04:00,10.024999618530273,10.039999961853027,10.010000228881836,10.024999618530273,209580,0.0,0.0
2024-06-18 15:30:00-04:00,10.029999732971191,10.029999732971191,9.994999885559082,10.010000228881836,833785,0.0,0.0
2024-06-20 09:30:00-04:00,10.020000457763672,10.050000190734863,10.010000228881836,10.029999732971191,396061,0.0,0.0
2024-06-20 10:30:00-04:00,10.029999732971191,10.039999961853027,10.020099639892578,10.029999732971191,135230,0.0,0.0
2024-06-20 11:30:00-04:00,10.029999732971191,10.039999961853027,10.010000228881836,10.020000457763672,193011,0.0,0.0
2024-06-20 12:30:00-04:00,10.015000343322754,10.020000457763672,9.989999771118164,10.0,210991,0.0,0.0
2024-06-20 13:30:00-04:00,10.0,10.0,9.989999771118164,10.0,187776,0.0,0.0
2024-06-20 14:30:00-04:00,9.994999885559082,10.0,9.979999542236328,10.0,158033,0.0,0.0
2024-06-20 15:30:00-04:00,10.0,10.0,9.979999542236328,9.979999542236328,449426,0.0,0.0
2024-06-21 09:30:00-04:00,9.989999771118164,10.0,9.949999809265137,9.96500015258789,383640,0.0,0.0
2024-06-21 10:30:00-04:00,9.96500015258789,9.970000267028809,9.9399995803833,9.949999809265137,634423,0.0,0.0
2024-06-21 11:30:00-04:00,9.949999809265137,9.949999809265137,9.920000076293945,9.930000305175781,848663,0.0,0.0
2024-06-21 12:30:00-04:00,9.930000305175781,9.9350004196167,9.920000076293945,9.930000305175781,440538,0.0,0.0
2024-06-21 13:30:00-04:00,9.925000190734863,9.930000305175781,9.875,9.904999732971191,394757,0.0,0.0
2024-06-21 14:30:00-04:00,9.899999618530273,9.9266996383667,9.899999618530273,9.914999961853027,157363,0.0,0.0
2024-06-21 15:30:00-04:00,9.914999961853027,9.930000305175781,9.899999618530273,9.899999618530273,276766,0.0,0.0
2024-06-24 09:30:00-04:00,9.899999618530273,9.960000038146973,9.869999885559082,9.925000190734863,716579,0.0,0.0
2024-06-24 10:30:00-04:00,9.920000076293945,9.930000305175781,9.920000076293945,9.920000076293945,56275,0.0,0.0
2024-06-24 11:30:00-04:00,9.925000190734863,9.930000305175781,9.914999961853027,9.920000076293945,166011,0.0,0.0
2024-06-24 12:30:00-04:00,9.920000076293945,9.930000305175781,9.920000076293945,9.920000076293945,139287,0.0,0.0
2024-06-24 13:30:00-04:00,9.925000190734863,9.930000305175781,9.920000076293945,9.930000305175781,47292,0.0,0.0
2024-06-24 14:30:00-04:00,9.925000190734863,9.930000305175781,9.90999984741211,9.920000076293945,219451,0.0,0.0
2024-06-24 15:30:00-04:00,9.920000076293945,9.920000076293945,9.90999984741211,9.90999984741211,153114,0.0,0.0
2024-06-25 09:30:00-04:00,9.9399995803833,9.949999809265137,9.899999618530273,9.944999694824219,332692,0.0,0.0
2024-06-25 10:30:00-04:00,9.949999809265137,9.960000038146973,9.9399995803833,9.949999809265137,143084,0.0,0.0
2024-06-25 11:30:00-04:00,9.954999923706055,9.960000038146973,9.944999694824219,9.949999809265137,66337,0.0,0.0
2024-06-25 12:30:00-04:00,9.954999923706055,9.954999923706055,9.9399995803833,9.954999923706055,104138,0.0,0.0
2024-06-25 13:30:00-04:00,9.954999923706055,9.960000038146973,9.949999809265137,9.949999809265137,77617,0.0,0.0
2024-06-25 14:30:00-04:00,9.954999923706055,9.957500457763672,9.949999809265137,9.949999809265137,67798,0.0,0.0
2024-06-25 15:30:00-04:00,9.954999923706055,10.0600004196167,9.949999809265137,9.970000267028809,575071,0.0,0.0
2024-06-26 09:30:00-04:00,9.949999809265137,9.970000267028809,9.930000305175781,9.960000038146973,150488,0.0,0.0
2024-06-26 10:30:00-04:00,9.954999923706055,9.960000038146973,9.9399995803833,9.949999809265137,100297,0.0,0.0
2024-06-26 11:30:00-04:00,9.960000038146973,9.960000038146973,9.9399995803833,9.954999923706055,41450,0.0,0.0
2024-06-26 12:30:00-04:00,9.954999923706055,9.960000038146973,9.949999809265137,9.960000038146973,28699,0.0,0.0
2024-06-26 13:30:00-04:00,9.954999923706055,9.960000038146973,9.949999809265137,9.954999923706055,21151,0.0,0.0
2024-06-26 14:30:00-04:00,9.954999923706055,9.960000038146973,9.949999809265137,9.954999923706055,45746,0.0,0.0
2024-06-26 15:30:00-04:00,9.954999923706055,9.960000038146973,9.949999809265137,9.954999923706055,116279,0.0,0.0
2024-06-27 09:30:00-04:00,9.9399995803833,9.960000038146973,9.9399995803833,9.950200080871582,92769,0.0,0.0
2024-06-27 10:30:00-04:00,9.960000038146973,9.960000038146973,9.9399995803833,9.949999809265137,53619,0.0,0.0
2024-06-27 11:30:00-04:00,9.949999809265137,9.960000038146973,9.949999809265137,9.954999923706055,31299,0.0,0.0
2024-06-27 12:30:00-04:00,9.949999809265137,9.960000038146973,9.949999809265137,9.954999923706055,41688,0.0,0.0
2024-06-27 13:30:00-04:00,9.954999923706055,9.970000267028809,9.954999923706055,9.960000038146973,68750,0.0,0.0
2024-06-27 14:30:00-04:00,9.970000267028809,9.970000267028809,9.960000038146973,9.96500015258789,42305,0.0,0.0
2024-06-27 15:30:00-04:00,9.96500015258789,9.970000267028809,9.949999809265137,9.960000038146973,99873,0.0,0.0
2024-06-28 09:30:00-04:00,9.979999542236328,9.979999542236328,9.960000038146973,9.970000267028809,79752,0.0,0.0
2024-06-28 10:30:00-04:00,9.970000267028809,9.979999542236328,9.970000267028809,9.970000267028809,12357,0.0,0.0
2024-06-28 11:30:00-04:00,9.970000267028809,9.979999542236328,9.960000038146973,9.960000038146973,16180,0.0,0.0
2024-06-28 12:30:00-04:00,9.960000038146973,9.970000267028809,9.960000038146973,9.96500015258789,17472,0.0,0.0
2024-06-28 13:30:00-04:00,9.960000038146973,9.970000267028809,9.960000038146973,9.96500015258789,17921,0.0,0.0
2024-06-28 14:30:00-04:00,9.960000038146973,9.970000267028809,9.960000038146973,9.96500015258789,39634,0.0,0.0
2024-06-28 15:30:00-04:00,9.96500015258789,9.989999771118164,9.960000038146973,9.979999542236328,139763,0.0,0.0
2024-07-01 09:30:00-04:00,9.979999542236328,9.989999771118164,9.949999809265137,9.954999923706055,136781,0.0,0.0
2024-07-01 10:30:00-04:00,9.954999923706055,9.960000038146973,9.9399995803833,9.9399995803833,153462,0.0,0.0
2024-07-01 11:30:00-04:00,9.9399995803833,9.949999809265137,9.930000305175781,9.9399995803833,132909,0.0,0.0
2024-07-01 12:30:00-04:00,9.949999809265137,9.960000038146973,9.9399995803833,9.944999694824219,106389,0.0,0.0
2024-07-01 13:30:00-04:00,9.944999694824219,9.960000038146973,9.9399995803833,9.954999923706055,75981,0.0,0.0
2024-07-01 14:30:00-04:00,9.954999923706055,9.960000038146973,9.944999694824219,9.960000038146973,119586,0.0,0.0
2024-07-01 15:30:00-04:00,9.960000038146973,9.970000267028809,9.949999809265137,9.949999809265137,115715,0.0,0.0
2024-07-02 09:30:00-04:00,9.960000038146973,9.970000267028809,9.930000305175781,9.9350004196167,131884,0.0,0.0
2024-07-02 10:30:00-04:00,9.930000305175781,9.949999809265137,9.930000305175781,9.9399995803833,50715,0.0,0.0
2024-07-02 11:30:00-04:00,9.9399995803833,9.949999809265137,9.9399995803833,9.9399995803833,30624,0.0,0.0
2024-07-02 12:30:00-04:00,9.940099716186523,9.940099716186523,9.930000305175781,9.9350004196167,58077,0.0,0.0
2024-07-02 13:30:00-04:00,9.9399995803833,9.949999809265137,9.9350004196167,9.949999809265137,139809,0.0,0.0
2024-07-02 14:30:00-04:00,9.949999809265137,9.960000038146973,9.949999809265137,9.960000038146973,60092,0.0,0.0
2024-07-02 15:30:00-04:00,9.960000038146973,9.970000267028809,9.944999694824219,9.96500015258789,203355,0.0,0.0
2024-07-03 09:30:00-04:00,9.960000038146973,9.989999771118164,9.949999809265137,9.979999542236328,91708,0.0,0.0
2024-07-03 10:30:00-04:00,9.970000267028809,9.979999542236328,9.960000038146973,9.970000267028809,39178,0.0,0.0
2024-07-03 11:30:00-04:00,9.96500015258789,9.970000267028809,9.960000038146973,9.960000038146973,35357,0.0,0.0
2024-07-05 09:30:00-04:00,9.970000267028809,9.989999771118164,9.960000038146973,9.979999542236328,66677,0.0,0.0
2024-07-05 10:30:00-04:00,9.979999542236328,9.984999656677246,9.970000267028809,9.984999656677246,37876,0.0,0.0
2024-07-05 11:30:00-04:00,9.979999542236328,9.984999656677246,9.975000381469727,9.979999542236328,30176,0.0,0.0
2024-07-05 12:30:00-04:00,9.979999542236328,10.0,9.975000381469727,9.994999885559082,59047,0.0,0.0
2024-07-05 13:30:00-04:00,9.989999771118164,9.989999771118164,9.979999542236328,9.979999542236328,35626,0.0,0.0
2024-07-05 14:30:00-04:00,9.98289966583252,9.989999771118164,9.970000267028809,9.979999542236328,40656,0.0,0.0
2024-07-05 15:30:00-04:00,9.979999542236328,10.0,9.970000267028809,9.979999542236328,95104,0.0,0.0
2024-07-08 09:30:00-04:00,9.979999542236328,10.0,9.970000267028809,10.0,146563,0.0,0.0
2024-07-08 10:30:00-04:00,10.0,10.0,9.989999771118164,10.0,30281,0.0,0.0
2024-07-08 11:30:00-04:00,10.0,10.0,9.989999771118164,9.994999885559082,17967,0.0,0.0
2024-07-08 12:30:00-04:00,10.0,10.0,9.989999771118164,10.0,20105,0.0,0.0
2024-07-08 13:30:00-04:00,10.0,10.0,9.989999771118164,10.0,19266,0.0,0.0
2024-07-08 14:30:00-04:00,10.0,10.0,9.989999771118164,9.989999771118164,51083,0.0,0.0
2024-07-08 15:30:00-04:00,9.989999771118164,10.0,9.979999542236328,9.979999542236328,125257,0.0,0.0
2024-07-09 09:30:00-04:00,9.979999542236328,9.989999771118164,9.970000267028809,9.979999542236328,68088,0.0,0.0
2024-07-09 10:30:00-04:00,9.989999771118164,10.0,9.979999542236328,9.989999771118164,47832,0.0,0.0
2024-07-09 11:30:00-04:00,9.989999771118164,10.0,9.989999771118164,9.994999885559082,13907,0.0,0.0
2024-07-09 12:30:00-04:00,9.989999771118164,10.0,9.989999771118164,9.989999771118164,16313,0.0,0.0
2024-07-09 13:30:00-04:00,9.994999885559082,10.0,9.979999542236328,9.989999771118164,64150,0.0,0.0
2024-07-09 14:30:00-04:00,9.989999771118164,10.0,9.984999656677246,9.989999771118164,68420,0.0,0.0
2024-07-09 15:30:00-04:00,9.989999771118164,10.0,9.979999542236328,9.989999771118164,342249,0.0,0.0
2024-07-10 09:30:00-04:00,9.979999542236328,10.050000190734863,9.979999542236328,9.994999885559082,198124,0.0,0.0
2024-07-10 10:30:00-04:00,9.994999885559082,10.0,9.989999771118164,9.994999885559082,118264,0.0,0.0
2024-07-10 11:30:00-04:00,9.989999771118164,10.0,9.984999656677246,9.984999656677246,64588,0.0,0.0
2024-07-10 12:30:00-04:00,9.979999542236328,9.989999771118164,9.979999542236328,9.989999771118164,26212,0.0,0.0
2024-07-10 13:30:00-04:00,9.984999656677246,9.989999771118164,9.979999542236328,9.984999656677246,15940,0.0,0.0
2024-07-10 14:30:00-04:00,9.984999656677246,9.989999771118164,9.979999542236328,9.989999771118164,42260,0.0,0.0
2024-07-10 15:30:00-04:00,9.979999542236328,9.989999771118164,9.9399995803833,9.960000038146973,500459,0.0,0.0
2024-07-11 09:30:00-04:00,9.979999542236328,10.010000228881836,9.979999542236328,9.994999885559082,162537,0.0,0.0
2024-07-11 10:30:00-04:00,10.0,10.0,9.979999542236328,9.989999771118164,64256,0.0,0.0
2024-07-11 11:30:00-04:00,9.989999771118164,9.989999771118164,9.970000267028809,9.970000267028809,48871,0.0,0.0
2024-07-11 12:30:00-04:00,9.979999542236328,9.979999542236328,9.970000267028809,9.979999542236328,38681,0.0,0.0
2024-07-11 13:30:00-04:00,9.979999542236328,9.979999542236328,9.970000267028809,9.975000381469727,31804,0.0,0.0
2024-07-11 14:30:00-04:00,9.975000381469727,9.977499961853027,9.960000038146973,9.96500015258789,58637,0.0,0.0
2024-07-11 15:30:00-04:00,9.96500015258789,9.979999542236328,9.960000038146973,9.970000267028809,159566,0.0,0.0
2024-07-12 09:30:00-04:00,10.0,10.0,9.979999542236328,9.989999771118164,51076,0.0,0.0
2024-07-12 10:30:00-04:00,9.989999771118164,9.989999771118164,9.979999542236328,9.984999656677246,16789,0.0,0.0
2024-07-12 11:30:00-04:00,9.979999542236328,9.989999771118164,9.979999542236328,9.984999656677246,15189,0.0,0.0
2024-07-12 12:30:00-04:00,9.989999771118164,9.989999771118164,9.970000267028809,9.984999656677246,752575,0.0,0.0
2024-07-12 13:30:00-04:00,9.979999542236328,9.984999656677246,9.960000038146973,9.970000267028809,386964,0.0,0.0
2024-07-12 14:30:00-04:00,9.96500015258789,9.979999542236328,9.960000038146973,9.979999542236328,106181,0.0,0.0
2024-07-12 15:30:00-04:00,9.975000381469727,9.989999771118164,9.975000381469727,9.989999771118164,152390,0.0,0.0
2024-07-15 09:30:00-04:00,9.989999771118164,10.0,9.975000381469727,9.990099906921387,59689,0.0,0.0
2024-07-15 10:30:00-04:00,9.994999885559082,10.0,9.980199813842773,9.984999656677246,73715,0.0,0.0
2024-07-15 11:30:00-04:00,9.989999771118164,9.989999771118164,9.979999542236328,9.984999656677246,61540,0.0,0.0
2024-07-15 12:30:00-04:00,9.987500190734863,9.989999771118164,9.979999542236328,9.979999542236328,24130,0.0,0.0
2024-07-15 13:30:00-04:00,9.984999656677246,9.984999656677246,9.975000381469727,9.975000381469727,48887,0.0,0.0
2024-07-15 14:30:00-04:00,9.975000381469727,9.979999542236328,9.970000267028809,9.979999542236328,27671,0.0,0.0
2024-07-15 15:30:00-04:00,9.979999542236328,9.979999542236328,9.970000267028809,9.979999542236328,98435,0.0,0.0
2024-07-16 09:30:00-04:00,9.979999542236328,9.989999771118164,9.970000267028809,9.970000267028809,120991,0.0,0.0
2024-07-16 10:30:00-04:00,9.975000381469727,9.979999542236328,9.970000267028809,9.975000381469727,68653,0.0,0.0
2024-07-16 11:30:00-04:00,9.975000381469727,9.979999542236328,9.970000267028809,9.975000381469727,31935,0.0,0.0
2024-07-16 12:30:00-04:00,9.975000381469727,9.979999542236328,9.970000267028809,9.975000381469727,27600,0.0,0.0
2024-07-16 13:30:00-04:00,9.975000381469727,9.975000381469727,9.970000267028809,9.975000381469727,10209,0.0,0.0
2024-07-16 14:30:00-04:00,9.975000381469727,9.979999542236328,9.970000267028809,9.970000267028809,57343,0.0,0.0
2024-07-16 15:30:00-04:00,9.979999542236328,9.989999771118164,9.970000267028809,9.979999542236328,147184,0.0,0.0
2024-07-17 09:30:00-04:00,9.970000267028809,9.984999656677246,9.970000267028809,9.970000267028809,87468,0.0,0.0
2024-07-17 10:30:00-04:00,9.979999542236328,9.979999542236328,9.970000267028809,9.970000267028809,15087,0.0,0.0
2024-07-17 11:30:00-04:00,9.975000381469727,9.979999542236328,9.970000267028809,9.975000381469727,26357,0.0,0.0
2024-07-17 12:30:00-04:00,9.975000381469727,9.979999542236328,9.970000267028809,9.975000381469727,11485,0.0,0.0
2024-07-17 13:30:00-04:00,9.975000381469727,9.979999542236328,9.970000267028809,9.979999542236328,24339,0.0,0.0
2024-07-17 14:30:00-04:00,9.979999542236328,9.979999542236328,9.970000267028809,9.975000381469727,64709,0.0,0.0
2024-07-17 15:30:00-04:00,9.975000381469727,9.979999542236328,9.970000267028809,9.970000267028809,90552,0.0,0.0
2024-07-18 09:30:00-04:00,9.979999542236328,9.979999542236328,9.970000267028809,9.975000381469727,43940,0.0,0.0
2024-07-18 10:30:00-04:00,9.975000381469727,9.979999542236328,9.970000267028809,9.975000381469727,93524,0.0,0.0
2024-07-18 11:30:00-04:00,9.975000381469727,9.979999542236328,9.970000267028809,9.970000267028809,59971,0.0,0.0
2024-07-18 12:30:00-04:00,9.970000267028809,9.975000381469727,9.970000267028809,9.970000267028809,48280,0.0,0.0
2024-07-18 13:30:00-04:00,9.970000267028809,9.975000381469727,9.970000267028809,9.970000267028809,90986,0.0,0.0
2024-07-18 14:30:00-04:00,9.970000267028809,9.970000267028809,9.9399995803833,9.960000038146973,319974,0.0,0.0
2024-07-18 15:30:00-04:00,9.949999809265137,9.960000038146973,9.949999809265137,9.949999809265137,213402,0.0,0.0
2024-07-19 09:30:00-04:00,9.949999809265137,9.960000038146973,9.949999809265137,9.949999809265137,94618,0.0,0.0
2024-07-19 10:30:00-04:00,9.954999923706055,9.960000038146973,9.9399995803833,9.954999923706055,100542,0.0,0.0
2024-07-19 11:30:00-04:00,9.954999923706055,9.960000038146973,9.949999809265137,9.954999923706055,51420,0.0,0.0
2024-07-19 12:30:00-04:00,9.949999809265137,9.960000038146973,9.949999809265137,9.949999809265137,43688,0.0,0.0
2024-07-19 13:30:00-04:00,9.949999809265137,9.954999923706055,9.949999809265137,9.949999809265137,47683,0.0,0.0
2024-07-19 14:30:00-04:00,9.949999809265137,9.954999923706055,9.9399995803833,9.9399995803833,84681,0.0,0.0
2024-07-19 15:30:00-04:00,9.944999694824219,9.949999809265137,9.9399995803833,9.9399995803833,146134,0.0,0.0
2024-07-22 09:30:00-04:00,9.949999809265137,9.960000038146973,9.949999809265137,9.960000038146973,50547,0.0,0.0
2024-07-22 10:30:00-04:00,9.954999923706055,9.960000038146973,9.949999809265137,9.960000038146973,28013,0.0,0.0
2024-07-22 11:30:00-04:00,9.960000038146973,9.960000038146973,9.954999923706055,9.960000038146973,17724,0.0,0.0
2024-07-22 12:30:00-04:00,9.960000038146973,9.960000038146973,9.949999809265137,9.960000038146973,73957,0.0,0.0
2024-07-22 13:30:00-04:00,9.960000038146973,9.970000267028809,9.949999809265137,9.970000267028809,70054,0.0,0.0
2024-07-22 14:30:00-04:00,9.970000267028809,9.979999542236328,9.960000038146973,9.975000381469727,46892,0.0,0.0
2024-07-22 15:30:00-04:00,9.979999542236328,9.989999771118164,9.960000038146973,9.96500015258789,232994,0.0,0.0
2024-07-23 09:30:00-04:00,9.979999542236328,9.979999542236328,9.960000038146973,9.96500015258789,58461,0.0,0.0
2024-07-23 10:30:00-04:00,9.960000038146973,9.970000267028809,9.960000038146973,9.970000267028809,33679,0.0,0.0
2024-07-23 11:30:00-04:00,9.970000267028809,9.970000267028809,9.96500015258789,9.970000267028809,32046,0.0,0.0
2024-07-23 12:30:00-04:00,9.970000267028809,9.970000267028809,9.960000038146973,9.970000267028809,25064,0.0,0.0
2024-07-23 13:30:00-04:00,9.96500015258789,9.970000267028809,9.960000038146973,9.970000267028809,25661,0.0,0.0
2024-07-23 14:30:00-04:00,9.970000267028809,9.979999542236328,9.96399974822998,9.979999542236328,138930,0.0,0.0
2024-07-23 15:30:00-04:00,9.975000381469727,9.979999542236328,9.970000267028809,9.970000267028809,112056,0.0,0.0
2024-07-24 09:30:00-04:00,9.970000267028809,9.970000267028809,9.9399995803833,9.944999694824219,451571,0.0,0.0
2024-07-24 10:30:00-04:00,9.944999694824219,9.944999694824219,9.9399995803833,9.9399995803833,30575,0.0,0.0
2024-07-24 11:30:00-04:00,9.944999694824219,9.949899673461914,9.9399995803833,9.944999694824219,43594,0.0,0.0
2024-07-24 12:30:00-04:00,9.944999694824219,9.949999809265137,9.9399995803833,9.944999694824219,175889,0.0,0.0
2024-07-24 13:30:00-04:00,9.949999809265137,9.949999809265137,9.9399995803833,9.944999694824219,307498,0.0,0.0
2024-07-24 14:30:00-04:00,9.944999694824219,9.949999809265137,9.9399995803833,9.944999694824219,110034,0.0,0.0
2024-07-24 15:30:00-04:00,9.944999694824219,9.949999809265137,9.9399995803833,9.9399995803833,237861,0.0,0.0
2024-07-25 09:30:00-04:00,9.949999809265137,9.960000038146973,9.930000305175781,9.944999694824219,165890,0.0,0.0
2024-07-25 10:30:00-04:00,9.944999694824219,9.949999809265137,9.930000305175781,9.9399995803833,125796,0.0,0.0
2024-07-25 11:30:00-04:00,9.9399995803833,9.9399995803833,9.930000305175781,9.9399995803833,26031,0.0,0.0
2024-07-25 12:30:00-04:00,9.9399995803833,9.949999809265137,9.9399995803833,9.9399995803833,54323,0.0,0.0
2024-07-25 13:30:00-04:00,9.944999694824219,9.944999694824219,9.9399995803833,9.9399995803833,5305,0.0,0.0
2024-07-25 14:30:00-04:00,9.944999694824219,9.949999809265137,9.9399995803833,9.9399995803833,57398,0.0,0.0
2024-07-25 15:30:00-04:00,9.9399995803833,9.954999923706055,9.9399995803833,9.9399995803833,369704,0.0,0.0
2024-07-26 09:30:00-04:00,9.949999809265137,9.970000267028809,9.9399995803833,9.949999809265137,141352,0.0,0.0
2024-07-26 10:30:00-04:00,9.944999694824219,9.949999809265137,9.9399995803833,9.944999694824219,158061,0.0,0.0
2024-07-26 11:30:00-04:00,9.949999809265137,9.970000267028809,9.944999694824219,9.96500015258789,79119,0.0,0.0
2024-07-26 12:30:00-04:00,9.96500015258789,9.970000267028809,9.960000038146973,9.96500015258789,9892,0.0,0.0
2024-07-26 13:30:00-04:00,9.96500015258789,9.970000267028809,9.96500015258789,9.967499732971191,18477,0.0,0.0
2024-07-26 14:30:00-04:00,9.96500015258789,9.970000267028809,9.96500015258789,9.970000267028809,15209,0.0,0.0
2024-07-26 15:30:00-04:00,9.970000267028809,9.970000267028809,9.960000038146973,9.960000038146973,142597,0.0,0.0
2024-07-29 09:30:00-04:00,9.960000038146973,9.970000267028809,9.949999809265137,9.954999923706055,86185,0.0,0.0
2024-07-29 10:30:00-04:00,9.960000038146973,9.960000038146973,9.949999809265137,9.954999923706055,9829,0.0,0.0
2024-07-29 11:30:00-04:00,9.954999923706055,9.960000038146973,9.954999923706055,9.960000038146973,8499,0.0,0.0
2024-07-29 12:30:00-04:00,9.960000038146973,9.960000038146973,9.949999809265137,9.960000038146973,10008,0.0,0.0
2024-07-29 13:30:00-04:00,9.960000038146973,9.970000267028809,9.954999923706055,9.96500015258789,23153,0.0,0.0
2024-07-29 14:30:00-04:00,9.960000038146973,9.970000267028809,9.960000038146973,9.970000267028809,91268,0.0,0.0
2024-07-29 15:30:00-04:00,9.970000267028809,10.0,9.96500015258789,10.0,73304,0.0,0.0
2024-07-30 09:30:00-04:00,9.979999542236328,10.010000228881836,9.979999542236328,9.994999885559082,84641,0.0,0.0
2024-07-30 10:30:00-04:00,9.994999885559082,10.0,9.989999771118164,9.989999771118164,44200,0.0,0.0
2024-07-30 11:30:00-04:00,9.989999771118164,10.0,9.970000267028809,9.970000267028809,317154,0.0,0.0
2024-07-30 12:30:00-04:00,9.979999542236328,9.979999542236328,9.970000267028809,9.970000267028809,133141,0.0,0.0
2024-07-30 13:30:00-04:00,9.970000267028809,9.979999542236328,9.970000267028809,9.975000381469727,56406,0.0,0.0
2024-07-30 14:30:00-04:00,9.970000267028809,9.979999542236328,9.970000267028809,9.975000381469727,30364,0.0,0.0
2024-07-30 15:30:00-04:00,9.979999542236328,10.020000457763672,9.975000381469727,10.010000228881836,235497,0.0,0.0
2024-07-31 09:30:00-04:00,10.010000228881836,10.039999961853027,10.0,10.020000457763672,74180,0.0,0.0
2024-07-31 10:30:00-04:00,10.015999794006348,10.020000457763672,10.015000343322754,10.020000457763672,15663,0.0,0.0
2024-07-31 11:30:00-04:00,10.015000343322754,10.020000457763672,10.010000228881836,10.020000457763672,32754,0.0,0.0
2024-07-31 12:30:00-04:00,10.020000457763672,10.020000457763672,10.010000228881836,10.020000457763672,12756,0.0,0.0
2024-07-31 13:30:00-04:00,10.015000343322754,10.020000457763672,10.010000228881836,10.015000343322754,67018,0.0,0.0
2024-07-31 14:30:00-04:00,10.015000343322754,10.039999961853027,10.010000228881836,10.015000343322754,119156,0.0,0.0
2024-07-31 15:30:00-04:00,10.020000457763672,10.020000457763672,10.0,10.010000228881836,255211,0.0,0.0
2024-08-01 09:30:00-04:00,10.100000381469727,10.119999885559082,10.079999923706055,10.079999923706055,327310,0.0,0.0
2024-08-01 10:30:00-04:00,10.079999923706055,10.09000015258789,10.0600004196167,10.069999694824219,146237,0.0,0.0
2024-08-01 11:30:00-04:00,10.0649995803833,10.069999694824219,10.0600004196167,10.0649995803833,39472,0.0,0.0
2024-08-01 12:30:00-04:00,10.0649995803833,10.069999694824219,10.050000190734863,10.055000305175781,109338,0.0,0.0
2024-08-01 13:30:00-04:00,10.055000305175781,10.0600004196167,10.050000190734863,10.0600004196167,32629,0.0,0.0
2024-08-01 14:30:00-04:00,10.0600004196167,10.0649995803833,10.050000190734863,10.055000305175781,133339,0.0,0.0
2024-08-01 15:30:00-04:00,10.0600004196167,10.069999694824219,10.052499771118164,10.069999694824219,163560,0.0,0.0
2024-08-02 09:30:00-04:00,10.039999961853027,10.100000381469727,10.029999732971191,10.0600004196167,186695,0.0,0.0
2024-08-02 10:30:00-04:00,10.055000305175781,10.0600004196167,10.039999961853027,10.050000190734863,15413,0.0,0.0
2024-08-02 11:30:00-04:00,10.045000076293945,10.0600004196167,10.039999961853027,10.055000305175781,46759,0.0,0.0
2024-08-02 12:30:00-04:00,10.055000305175781,10.0600004196167,10.039999961853027,10.045000076293945,27286,0.0,0.0
2024-08-02 13:30:00-04:00,10.050000190734863,10.050000190734863,10.029999732971191,10.03499984741211,105265,0.0,0.0
2024-08-02 14:30:00-04:00,10.029999732971191,10.039999961853027,10.029999732971191,10.039999961853027,70104,0.0,0.0
2024-08-02 15:30:00-04:00,10.039999961853027,10.039999961853027,10.029999732971191,10.029999732971191,62967,0.0,0.0
2024-08-05 09:30:00-04:00,9.960000038146973,10.020000457763672,9.949999809265137,9.984999656677246,334326,0.0,0.0
2024-08-05 10:30:00-04:00,9.984999656677246,10.0,9.979999542236328,9.994999885559082,190952,0.0,0.0
2024-08-05 11:30:00-04:00,9.989999771118164,10.0,9.989999771118164,9.994999885559082,68062,0.0,0.0
2024-08-05 12:30:00-04:00,10.0,10.0,9.989999771118164,10.0,65029,0.0,0.0
2024-08-05 13:30:00-04:00,9.994999885559082,10.0,9.975000381469727,9.984999656677246,324703,0.0,0.0
2024-08-05 14:30:00-04:00,9.984999656677246,9.989999771118164,9.970000267028809,9.975000381469727,89115,0.0,0.0
2024-08-05 15:30:00-04:00,9.975000381469727,9.979999542236328,9.970000267028809,9.970000267028809,98797,0.0,0.0
2024-08-06 09:30:00-04:00,9.960000038146973,9.970000267028809,9.949999809265137,9.960000038146973,155887,0.0,0.0
2024-08-06 10:30:00-04:00,9.960000038146973,10.0,9.954999923706055,9.994999885559082,129728,0.0,0.0
2024-08-06 11:30:00-04:00,9.994999885559082,10.050000190734863,9.979999542236328,10.020000457763672,117123,0.0,0.0
2024-08-06 12:30:00-04:00,10.020000457763672,10.039999961853027,10.010000228881836,10.039999961853027,52479,0.0,0.0
2024-08-06 13:30:00-04:00,10.03499984741211,10.09000015258789,10.03499984741211,10.0649995803833,77616,0.0,0.0
2024-08-06 14:30:00-04:00,10.0600004196167,10.069999694824219,10.050000190734863,10.0649995803833,56301,0.0,0.0
2024-08-06 15:30:00-04:00,10.0600004196167,10.069999694824219,10.029999732971191,10.039999961853027,126278,0.0,0.0
2024-08-07 09:30:00-04:00,10.0,10.0600004196167,9.989999771118164,9.994999885559082,189460,0.0,0.0
2024-08-07 10:30:00-04:00,9.994999885559082,10.020000457763672,9.994000434875488,10.010000228881836,49964,0.0,0.0
2024-08-07 11:30:00-04:00,10.010000228881836,10.020000457763672,10.005000114440918,10.010000228881836,92517,0.0,0.0
2024-08-07 12:30:00-04:00,10.010000228881836,10.015000343322754,10.0,10.005000114440918,133451,0.0,0.0
2024-08-07 13:30:00-04:00,10.005000114440918,10.010000228881836,10.0,10.010000228881836,37520,0.0,0.0
2024-08-07 14:30:00-04:00,10.0,10.010000228881836,10.0,10.005000114440918,17380,0.0,0.0
2024-08-07 15:30:00-04:00,10.0,10.010000228881836,10.0,10.005000114440918,35584,0.0,0.0
2024-08-08 09:30:00-04:00,10.039999961853027,10.039999961853027,10.010000228881836,10.015000343322754,35265,0.0,0.0
2024-08-08 10:30:00-04:00,10.013999938964844,10.015000343322754,10.010000228881836,10.010000228881836,6861,0.0,0.0
2024-08-08 11:30:00-04:00,10.010000228881836,10.015000343322754,10.010000228881836,10.010000228881836,9825,0.0,0.0
2024-08-08 12:30:00-04:00,10.010000228881836,10.015000343322754,10.0,10.013999938964844,44405,0.0,0.0
2024-08-08 13:30:00-04:00,10.015000343322754,10.015000343322754,10.010000228881836,10.010000228881836,11790,0.0,0.0
2024-08-08 14:30:00-04:00,10.010000228881836,10.020000457763672,10.010000228881836,10.010000228881836,11788,0.0,0.0
2024-08-08 15:30:00-04:00,10.015000343322754,10.020000457763672,10.0,10.010000228881836,61538,0.0,0.0
2024-08-09 09:30:00-04:00,10.010000228881836,10.015000343322754,10.0,10.005000114440918,29563,0.0,0.0
2024-08-09 10:30:00-04:00,10.005000114440918,10.020000457763672,10.0,10.010000228881836,145341,0.0,0.0
2024-08-09 11:30:00-04:00,10.010000228881836,10.015000343322754,10.0,10.005000114440918,256238,0.0,0.0
2024-08-09 12:30:00-04:00,10.005000114440918,10.010000228881836,10.0,10.005000114440918,115577,0.0,0.0
2024-08-09 13:30:00-04:00,10.010000228881836,10.010000228881836,10.005000114440918,10.005000114440918,17771,0.0,0.0
2024-08-09 14:30:00-04:00,10.005000114440918,10.010000228881836,10.0,10.005000114440918,63667,0.0,0.0
2024-08-09 15:30:00-04:00,10.005000114440918,10.020000457763672,10.0,10.010000228881836,82388,0.0,0.0
2024-08-12 09:30:00-04:00,10.029999732971191,10.029999732971191,10.010000228881836,10.029999732971191,71044,0.0,0.0
2024-08-12 10:30:00-04:00,10.020000457763672,10.029999732971191,10.020000457763672,10.024999618530273,19995,0.0,0.0
2024-08-12 11:30:00-04:00,10.020000457763672,10.029999732971191,10.020000457763672,10.024999618530273,52057,0.0,0.0
2024-08-12 12:30:00-04:00,10.024999618530273,10.029999732971191,10.020000457763672,10.024999618530273,19953,0.0,0.0
2024-08-12 13:30:00-04:00,10.020000457763672,10.029999732971191,10.020000457763672,10.024999618530273,49798,0.0,0.0
2024-08-12 14:30:00-04:00,10.024999618530273,10.039999961853027,10.022500038146973,10.039999961853027,45348,0.0,0.0
2024-08-12 15:30:00-04:00,10.03499984741211,10.039999961853027,10.020000457763672,10.020000457763672,142544,0.0,0.0
2024-08-13 09:30:00-04:00,10.039999961853027,10.100000381469727,10.039999961853027,10.079999923706055,487780,0.0,0.0
2024-08-13 10:30:00-04:00,10.074999809265137,10.085000038146973,10.069999694824219,10.074999809265137,95392,0.0,0.0
2024-08-13 11:30:00-04:00,10.069999694824219,10.085000038146973,10.069999694824219,10.074999809265137,184097,0.0,0.0
2024-08-13 12:30:00-04:00,10.074999809265137,10.079999923706055,10.0649995803833,10.069999694824219,168654,0.0,0.0
2024-08-13 13:30:00-04:00,10.0600004196167,10.069999694824219,10.0600004196167,10.0649995803833,128168,0.0,0.0
2024-08-13 14:30:00-04:00,10.0649995803833,10.069999694824219,10.0600004196167,10.0649995803833,97857,0.0,0.0
2024-08-13 15:30:00-04:00,10.0649995803833,10.069999694824219,10.0600004196167,10.0600004196167,157692,0.0,0.0
2024-08-14 09:30:00-04:00,10.079999923706055,10.100000381469727,10.069999694824219,10.074999809265137,143224,0.0,0.0
2024-08-14 10:30:00-04:00,10.069999694824219,10.076000213623047,10.069999694824219,10.069999694824219,36007,0.0,0.0
2024-08-14 11:30:00-04:00,10.069999694824219,10.074999809265137,10.069999694824219,10.069999694824219,19968,0.0,0.0
2024-08-14 12:30:00-04:00,10.069999694824219,10.079999923706055,10.069999694824219,10.074999809265137,21912,0.0,0.0
2024-08-14 13:30:00-04:00,10.069999694824219,10.074999809265137,10.069999694824219,10.069999694824219,40661,0.0,0.0
2024-08-14 14:30:00-04:00,10.069999694824219,10.074999809265137,10.069999694824219,10.069999694824219,65380,0.0,0.0
2024-08-14 15:30:00-04:00,10.074999809265137,10.074999809265137,10.0600004196167,10.0600004196167,262897,0.0,0.0
2024-08-15 09:30:00-04:00,10.079999923706055,10.085000038146973,10.0600004196167,10.0649995803833,224103,0.0,0.0
2024-08-15 10:30:00-04:00,10.0625,10.079999923706055,10.0625,10.069999694824219,109407,0.0,0.0
2024-08-15 11:30:00-04:00,10.069999694824219,10.074999809265137,10.0600004196167,10.069999694824219,56342,0.0,0.0
2024-08-15 12:30:00-04:00,10.069999694824219,10.079999923706055,10.0600004196167,10.069999694824219,75627,0.0,0.0
2024-08-15 13:30:00-04:00,10.079999923706055,10.079999923706055,10.069999694824219,10.074999809265137,34116,0.0,0.0
2024-08-15 14:30:00-04:00,10.074999809265137,10.079999923706055,10.069999694824219,10.074999809265137,61286,0.0,0.0
2024-08-15 15:30:00-04:00,10.074999809265137,10.079999923706055,10.069999694824219,10.079999923706055,174431,0.0,0.0
2024-08-16 09:30:00-04:00,10.079999923706055,10.079999923706055,10.069999694824219,10.069999694824219,77675,0.0,0.0
2024-08-16 10:30:00-04:00,10.076000213623047,10.076000213623047,10.069999694824219,10.069999694824219,25907,0.0,0.0
2024-08-16 11:30:00-04:00,10.069999694824219,10.079999923706055,10.069999694824219,10.069999694824219,23640,0.0,0.0
2024-08-16 12:30:00-04:00,10.074999809265137,10.077500343322754,10.069999694824219,10.069999694824219,24347,0.0,0.0
2024-08-16 13:30:00-04:00,10.069999694824219,10.079999923706055,10.069999694824219,10.069999694824219,86709,0.0,0.0
2024-08-16 14:30:00-04:00,10.074999809265137,10.079999923706055,10.069999694824219,10.074999809265137,108067,0.0,0.0
2024-08-16 15:30:00-04:00,10.074999809265137,10.085000038146973,10.069999694824219,10.079999923706055,419863,0.0,0.0
2024-08-19 09:30:00-04:00,10.079999923706055,10.079999923706055,10.069999694824219,10.074999809265137,207921,0.0,0.0
2024-08-19 10:30:00-04:00,10.074999809265137,10.079999923706055,10.074999809265137,10.074999809265137,182113,0.0,0.0
2024-08-19 11:30:00-04:00,10.074999809265137,10.09000015258789,10.074999809265137,10.085000038146973,106068,0.0,0.0
2024-08-19 12:30:00-04:00,10.09000015258789,10.09000015258789,10.079999923706055,10.085000038146973,29666,0.0,0.0
2024-08-19 13:30:00-04:00,10.085000038146973,10.09000015258789,10.079999923706055,10.085000038146973,64660,0.0,0.0
2024-08-19 14:30:00-04:00,10.09000015258789,10.09000015258789,10.079999923706055,10.085000038146973,77441,0.0,0.0
2024-08-19 15:30:00-04:00,10.085000038146973,10.100000381469727,10.085000038146973,10.09000015258789,341456,0.0,0.0
2024-08-20 09:30:00-04:00,10.09000015258789,10.09000015258789,10.079999923706055,10.085000038146973,53225,0.0,0.0
2024-08-20 10:30:00-04:00,10.085000038146973,10.09000015258789,10.079999923706055,10.085000038146973,27674,0.0,0.0
2024-08-20 11:30:00-04:00,10.079999923706055,10.09000015258789,10.079999923706055,10.085000038146973,36706,0.0,0.0
2024-08-20 12:30:00-04:00,10.085000038146973,10.09000015258789,10.079999923706055,10.085000038146973,36433,0.0,0.0
2024-08-20 13:30:00-04:00,10.085000038146973,10.09000015258789,10.079999923706055,10.085000038146973,45863,0.0,0.0
2024-08-20 14:30:00-04:00,10.082500457763672,10.09000015258789,10.079999923706055,10.09000015258789,83623,0.0,0.0
2024-08-20 15:30:00-04:00,10.085000038146973,10.09000015258789,10.079999923706055,10.079999923706055,128955,0.0,0.0
2024-08-21 09:30:00-04:00,10.09000015258789,10.09000015258789,10.079999923706055,10.085000038146973,54123,0.0,0.0
2024-08-21 10:30:00-04:00,10.086000442504883,10.09000015258789,10.079999923706055,10.079999923706055,49710,0.0,0.0
2024-08-21 11:30:00-04:00,10.079999923706055,10.09000015258789,10.079999923706055,10.079999923706055,21265,0.0,0.0
2024-08-21 12:30:00-04:00,10.09000015258789,10.09000015258789,10.079999923706055,10.085000038146973,15225,0.0,0.0
2024-08-21 13:30:00-04:00,10.09000015258789,10.09000015258789,10.079999923706055,10.079999923706055,31293,0.0,0.0
2024-08-21 14:30:00-04:00,10.085000038146973,10.100000381469727,10.079999923706055,10.100000381469727,94181,0.0,0.0
2024-08-21 15:30:00-04:00,10.095000267028809,10.100000381469727,10.09000015258789,10.09000015258789,79915,0.0,0.0
2024-08-22 09:30:00-04:00,10.079999923706055,10.100000381469727,10.079999923706055,10.085000038146973,128875,0.0,0.0
2024-08-22 10:30:00-04:00,10.085000038146973,10.09000015258789,10.079999923706055,10.085000038146973,18312,0.0,0.0
2024-08-22 11:30:00-04:00,10.086000442504883,10.09000015258789,10.079999923706055,10.085000038146973,12196,0.0,0.0
2024-08-22 12:30:00-04:00,10.09000015258789,10.09000015258789,10.079999923706055,10.085000038146973,18343,0.0,0.0
2024-08-22 13:30:00-04:00,10.079999923706055,10.09000015258789,10.079999923706055,10.085000038146973,51050,0.0,0.0
2024-08-22 14:30:00-04:00,10.079999923706055,10.09000015258789,10.079999923706055,10.079999923706055,51465,0.0,0.0
2024-08-22 15:30:00-04:00,10.085000038146973,10.09000015258789,10.069999694824219,10.069999694824219,271779,0.0,0.0
2024-08-23 09:30:00-04:00,10.09000015258789,10.100000381469727,10.085000038146973,10.09000015258789,75456,0.0,0.0
2024-08-23 10:30:00-04:00,10.095000267028809,10.109999656677246,10.09000015258789,10.095000267028809,353532,0.0,0.0
2024-08-23 11:30:00-04:00,10.09000015258789,10.100000381469727,10.079999923706055,10.085000038146973,41288,0.0,0.0
2024-08-23 12:30:00-04:00,10.085000038146973,10.09000015258789,10.079999923706055,10.085000038146973,17326,0.0,0.0
2024-08-23 13:30:00-04:00,10.085000038146973,10.09000015258789,10.079999923706055,10.079999923706055,52013,0.0,0.0
2024-08-23 14:30:00-04:00,10.085000038146973,10.09000015258789,10.079999923706055,10.09000015258789,16670,0.0,0.0
2024-08-23 15:30:00-04:00,10.079999923706055,10.100000381469727,10.069999694824219,10.079999923706055,263396,0.0,0.0
2024-08-26 09:30:00-04:00,10.09000015258789,10.095000267028809,10.079999923706055,10.079999923706055,54955,0.0,0.0
2024-08-26 10:30:00-04:00,10.085000038146973,10.09000015258789,10.079999923706055,10.09000015258789,76417,0.0,0.0
2024-08-26 11:30:00-04:00,10.079999923706055,10.09000015258789,10.079999923706055,10.085000038146973,22998,0.0,0.0
2024-08-26 12:30:00-04:00,10.085000038146973,10.09000015258789,10.079999923706055,10.085000038146973,33920,0.0,0.0
2024-08-26 13:30:00-04:00,10.081399917602539,10.085000038146973,10.079999923706055,10.085000038146973,15652,0.0,0.0
2024-08-26 14:30:00-04:00,10.085000038146973,10.085000038146973,10.079999923706055,10.085000038146973,23305,0.0,0.0
2024-08-26 15:30:00-04:00,10.079999923706055,10.09000015258789,10.079999923706055,10.079999923706055,76132,0.0,0.0
2024-08-27 09:30:00-04:00,10.079999923706055,10.09000015258789,10.079999923706055,10.079999923706055,41961,0.0,0.0
2024-08-27 10:30:00-04:00,10.079999923706055,10.09000015258789,10.079999923706055,10.079999923706055,33052,0.0,0.0
2024-08-27 11:30:00-04:00,10.079999923706055,10.09000015258789,10.079999923706055,10.085000038146973,16294,0.0,0.0
2024-08-27 12:30:00-04:00,10.085000038146973,10.09000015258789,10.079999923706055,10.085000038146973,8944,0.0,0.0
2024-08-27 13:30:00-04:00,10.085000038146973,10.09000015258789,10.079999923706055,10.085000038146973,6731,0.0,0.0
2024-08-27 14:30:00-04:00,10.085000038146973,10.09000015258789,10.079999923706055,10.085000038146973,49812,0.0,0.0
2024-08-27 15:30:00-04:00,10.085000038146973,10.09000015258789,10.079999923706055,10.079999923706055,122261,0.0,0.0
2024-08-28 09:30:00-04:00,10.09000015258789,10.09000015258789,10.079999923706055,10.085000038146973,87714,0.0,0.0
2024-08-28 10:30:00-04:00,10.085000038146973,10.09000015258789,10.079999923706055,10.085000038146973,161267,0.0,0.0
2024-08-28 11:30:00-04:00,10.079999923706055,10.09000015258789,10.079999923706055,10.085000038146973,35890,0.0,0.0
2024-08-28 12:30:00-04:00,10.09000015258789,10.09000015258789,10.085000038146973,10.085000038146973,16014,0.0,0.0
2024-08-28 13:30:00-04:00,10.09000015258789,10.09000015258789,10.079999923706055,10.085000038146973,147215,0.0,0.0
2024-08-28 14:30:00-04:00,10.085000038146973,10.100000381469727,10.085000038146973,10.095000267028809,132008,0.0,0.0
2024-08-28 15:30:00-04:00,10.100000381469727,10.109999656677246,10.095000267028809,10.100000381469727,107382,0.0,0.0
2024-08-29 09:30:00-04:00,10.100000381469727,10.104999542236328,10.09000015258789,10.100000381469727,83968,0.0,0.0
2024-08-29 10:30:00-04:00,10.100000381469727,10.100000381469727,10.09000015258789,10.100000381469727,7132,0.0,0.0
2024-08-29 11:30:00-04:00,10.095000267028809,10.100000381469727,10.09000015258789,10.095000267028809,8213,0.0,0.0
2024-08-29 12:30:00-04:00,10.09000015258789,10.100000381469727,10.09000015258789,10.095000267028809,18869,0.0,0.0
2024-08-29 13:30:00-04:00,10.100000381469727,10.100000381469727,10.095000267028809,10.100000381469727,8665,0.0,0.0
2024-08-29 14:30:00-04:00,10.09000015258789,10.100000381469727,10.09000015258789,10.095000267028809,13883,0.0,0.0
2024-08-29 15:30:00-04:00,10.095000267028809,10.100000381469727,10.09000015258789,10.09000015258789,63684,0.0,0.0
2024-08-30 09:30:00-04:00,10.09000015258789,10.100000381469727,10.09000015258789,10.09000015258789,37416,0.0,0.0
2024-08-30 10:30:00-04:00,10.095000267028809,10.095000267028809,10.09000015258789,10.09000015258789,12249,0.0,0.0
2024-08-30 11:30:00-04:00,10.09000015258789,10.095000267028809,10.09000015258789,10.09000015258789,40570,0.0,0.0
2024-08-30 12:30:00-04:00,10.09000015258789,10.095999717712402,10.09000015258789,10.09000015258789,16391,0.0,0.0
2024-08-30 13:30:00-04:00,10.095000267028809,10.095000267028809,10.09000015258789,10.09000015258789,12228,0.0,0.0
2024-08-30 14:30:00-04:00,10.095000267028809,10.100000381469727,10.09000015258789,10.095000267028809,18050,0.0,0.0
2024-08-30 15:30:00-04:00,10.095000267028809,10.100000381469727,10.09000015258789,10.09000015258789,63250,0.0,0.0
2024-09-03 09:30:00-04:00,9.979999542236328,10.079999923706055,9.829999923706055,9.880000114440918,2040762,0.0,0.0
2024-09-03 10:30:00-04:00,9.880000114440918,9.960000038146973,9.875,9.944999694824219,333654,0.0,0.0
2024-09-03 11:30:00-04:00,9.944999694824219,9.994999885559082,9.9350004196167,9.984999656677246,381993,0.0,0.0
2024-09-03 12:30:00-04:00,9.984999656677246,10.010000228881836,9.979999542236328,10.010000228881836,296880,0.0,0.0
2024-09-03 13:30:00-04:00,10.005000114440918,10.029999732971191,10.005000114440918,10.015000343322754,354166,0.0,0.0
2024-09-03 14:30:00-04:00,10.015000343322754,10.015000343322754,9.979999542236328,9.989999771118164,651796,0.0,0.0
2024-09-03 15:30:00-04:00,9.989999771118164,10.0,9.949999809265137,9.970000267028809,1003449,0.0,0.0
2024-09-04 09:30:00-04:00,9.949999809265137,9.984999656677246,9.944999694824219,9.975000381469727,99582,0.0,0.0
2024-09-04 10:30:00-04:00,9.975000381469727,9.979999542236328,9.949999809265137,9.968999862670898,93782,0.0,0.0
2024-09-04 11:30:00-04:00,9.96500015258789,9.979999542236328,9.960000038146973,9.96500015258789,166856,0.0,0.0
2024-09-04 12:30:00-04:00,9.96500015258789,9.979999542236328,9.960000038146973,9.975000381469727,507550,0.0,0.0
2024-09-04 13:30:00-04:00,9.970000267028809,9.979999542236328,9.970000267028809,9.979999542236328,223241,0.0,0.0
2024-09-04 14:30:00-04:00,9.975000381469727,9.979999542236328,9.970000267028809,9.970000267028809,221457,0.0,0.0
2024-09-04 15:30:00-04:00,9.970000267028809,9.979999542236328,9.970000267028809,9.979999542236328,163009,0.0,0.0
2024-09-05 09:30:00-04:00,9.979999542236328,9.989999771118164,9.949999809265137,9.975000381469727,320545,0.0,0.0
2024-09-05 10:30:00-04:00,9.970000267028809,9.979999542236328,9.970000267028809,9.970000267028809,156880,0.0,0.0
2024-09-05 11:30:00-04:00,9.979999542236328,9.979999542236328,9.970000267028809,9.979999542236328,109222,0.0,0.0
2024-09-05 12:30:00-04:00,9.979999542236328,9.989999771118164,9.975000381469727,9.989999771118164,88366,0.0,0.0
2024-09-05 13:30:00-04:00,9.989999771118164,9.989999771118164,9.979999542236328,9.989999771118164,62605,0.0,0.0
2024-09-05 14:30:00-04:00,9.984999656677246,9.989999771118164,9.979999542236328,9.989999771118164,190865,0.0,0.0
2024-09-05 15:30:00-04:00,9.984999656677246,10.0,9.979999542236328,9.989999771118164,441700,0.0,0.0
2024-09-06 09:30:00-04:00,10.020000457763672,10.020000457763672,9.994999885559082,10.005000114440918,91698,0.0,0.0
2024-09-06 10:30:00-04:00,10.005000114440918,10.03499984741211,10.0,10.0,174979,0.0,0.0
2024-09-06 11:30:00-04:00,10.005000114440918,10.010000228881836,9.994999885559082,9.994999885559082,68447,0.0,0.0
2024-09-06 12:30:00-04:00,9.989999771118164,10.005000114440918,9.979999542236328,10.005000114440918,111302,0.0,0.0
2024-09-06 13:30:00-04:00,10.005000114440918,10.015000343322754,10.0,10.0,198608,0.0,0.0
2024-09-06 14:30:00-04:00,10.0,10.005000114440918,9.989999771118164,10.005000114440918,73253,0.0,0.0
2024-09-06 15:30:00-04:00,10.005000114440918,10.010000228881836,9.989999771118164,10.010000228881836,176252,0.0,0.0
2024-09-09 09:30:00-04:00,9.989999771118164,10.03499984741211,9.989999771118164,10.03499984741211,86233,0.0,0.0
2024-09-09 10:30:00-04:00,10.03499984741211,10.039999961853027,10.029999732971191,10.03499984741211,23807,0.0,0.0
2024-09-09 11:30:00-04:00,10.03499984741211,10.039999961853027,10.029999732971191,10.039999961853027,28670,0.0,0.0
2024-09-09 12:30:00-04:00,10.03499984741211,10.0649995803833,10.034500122070312,10.055000305175781,166447,0.0,0.0
2024-09-09 13:30:00-04:00,10.050000190734863,10.0600004196167,10.045000076293945,10.0600004196167,99513,0.0,0.0
2024-09-09 14:30:00-04:00,10.055000305175781,10.0600004196167,10.050000190734863,10.0600004196167,54482,0.0,0.0
2024-09-09 15:30:00-04:00,10.0600004196167,10.0600004196167,10.039999961853027,10.0600004196167,225493,0.0,0.0
2024-09-10 09:30:00-04:00,10.09000015258789,10.09000015258789,10.039999961853027,10.045000076293945,72715,0.0,0.0
2024-09-10 10:30:00-04:00,10.045000076293945,10.0600004196167,10.039999961853027,10.055000305175781,71893,0.0,0.0
2024-09-10 11:30:00-04:00,10.0600004196167,10.0600004196167,10.050000190734863,10.055000305175781,31694,0.0,0.0
2024-09-10 12:30:00-04:00,10.055000305175781,10.069999694824219,10.050000190734863,10.0600004196167,96254,0.0,0.0
2024-09-10 13:30:00-04:00,10.0600004196167,10.0649995803833,10.0600004196167,10.0600004196167,15817,0.0,0.0
2024-09-10 14:30:00-04:00,10.0600004196167,10.069999694824219,10.0600004196167,10.0649995803833,27830,0.0,0.0
2024-09-10 15:30:00-04:00,10.0649995803833,10.069999694824219,10.0600004196167,10.0600004196167,78162,0.0,0.0
2024-09-11 09:30:00-04:00,10.0600004196167,10.0600004196167,10.050000190734863,10.055000305175781,59755,0.0,0.0
2024-09-11 10:30:00-04:00,10.052499771118164,10.069999694824219,10.052499771118164,10.069999694824219,50623,0.0,0.0
2024-09-11 11:30:00-04:00,10.069999694824219,10.069999694824219,10.0600004196167,10.069999694824219,23973,0.0,0.0
2024-09-11 12:30:00-04:00,10.069999694824219,10.069999694824219,10.0600004196167,10.0600004196167,11376,0.0,0.0
2024-09-11 13:30:00-04:00,10.069999694824219,10.069999694824219,10.0600004196167,10.069999694824219,11549,0.0,0.0
2024-09-11 14:30:00-04:00,10.0649995803833,10.079999923706055,10.0600004196167,10.079999923706055,76048,0.0,0.0
2024-09-11 15:30:00-04:00,10.074999809265137,10.079999923706055,10.069999694824219,10.069999694824219,26530,0.0,0.0
2024-09-12 09:30:00-04:00,10.069999694824219,10.074999809265137,10.0600004196167,10.069999694824219,37593,0.0,0.0
2024-09-12 10:30:00-04:00,10.069999694824219,10.079999923706055,10.069999694824219,10.069999694824219,38168,0.0,0.0
2024-09-12 11:30:00-04:00,10.074999809265137,10.079999923706055,10.069999694824219,10.079999923706055,52347,0.0,0.0
2024-09-12 12:30:00-04:00,10.074999809265137,10.079999923706055,10.069999694824219,10.074999809265137,12770,0.0,0.0
2024-09-12 13:30:00-04:00,10.074999809265137,10.09000015258789,10.074999809265137,10.085000038146973,49945,0.0,0.0
2024-09-12 14:30:00-04:00,10.085000038146973,10.09000015258789,10.079999923706055,10.09000015258789,33919,0.0,0.0
2024-09-12 15:30:00-04:00,10.09000015258789,10.119999885559082,10.085000038146973,10.109999656677246,74061,0.0,0.0
2024-09-13 09:30:00-04:00,10.020000457763672,10.024999618530273,10.0,10.024999618530273,104936,0.0,0.0
2024-09-13 10:30:00-04:00,10.024999618530273,10.029999732971191,10.020000457763672,10.029999732971191,14408,0.0,0.0
2024-09-13 11:30:00-04:00,10.024999618530273,10.029999732971191,10.020099639892578,10.024999618530273,15436,0.0,0.0
2024-09-13 12:30:00-04:00,10.029999732971191,10.029999732971191,10.020000457763672,10.029999732971191,18821,0.0,0.0
2024-09-13 13:30:00-04:00,10.024999618530273,10.029999732971191,10.020000457763672,10.024999618530273,13574,0.0,0.0
2024-09-13 14:30:00-04:00,10.020000457763672,10.0600004196167,10.020000457763672,10.055000305175781,399952,0.0,0.0
2024-09-13 15:30:00-04:00,10.055000305175781,10.0600004196167,10.039999961853027,10.050000190734863,377302,0.0,0.0
2024-09-16 09:30:00-04:00,10.0600004196167,10.0600004196167,10.045000076293945,10.055000305175781,95423,0.0,0.0
2024-09-16 10:30:00-04:00,10.050000190734863,10.0600004196167,10.050000190734863,10.0600004196167,17848,0.0,0.0
2024-09-16 11:30:00-04:00,10.055000305175781,10.0600004196167,10.050000190734863,10.0600004196167,31866,0.0,0.0
2024-09-16 12:30:00-04:00,10.0600004196167,10.0600004196167,10.052499771118164,10.0600004196167,53869,0.0,0.0
2024-09-16 13:30:00-04:00,10.0600004196167,10.0600004196167,10.050000190734863,10.050000190734863,98129,0.0,0.0
2024-09-16 14:30:00-04:00,10.0600004196167,10.0600004196167,10.050000190734863,10.0600004196167,124021,0.0,0.0
2024-09-16 15:30:00-04:00,10.055000305175781,10.0600004196167,10.050000190734863,10.0600004196167,121564,0.0,0.0
2024-09-17 09:30:00-04:00,10.050000190734863,10.050000190734863,10.039999961853027,10.050000190734863,240250,0.0,0.0
2024-09-17 10:30:00-04:00,10.050000190734863,10.050000190734863,10.039999961853027,10.050000190734863,12940,0.0,0.0
2024-09-17 11:30:00-04:00,10.050000190734863,10.050000190734863,10.04010009765625,10.045000076293945,13774,0.0,0.0
2024-09-17 12:30:00-04:00,10.045000076293945,10.050000190734863,10.039999961853027,10.045000076293945,42497,0.0,0.0
2024-09-17 13:30:00-04:00,10.045000076293945,10.050000190734863,10.039999961853027,10.050000190734863,10226,0.0,0.0
2024-09-17 14:30:00-04:00,10.045000076293945,10.050000190734863,10.045000076293945,10.050000190734863,9468,0.0,0.0
2024-09-17 15:30:00-04:00,10.050000190734863,10.0600004196167,10.039999961853027,10.0600004196167,304178,0.0,0.0
2024-09-18 09:30:00-04:00,10.0600004196167,10.0600004196167,10.050000190734863,10.0600004196167,23330,0.0,0.0
2024-09-18 10:30:00-04:00,10.055999755859375,10.0600004196167,10.052499771118164,10.055000305175781,8678,0.0,0.0
2024-09-18 11:30:00-04:00,10.055000305175781,10.0600004196167,10.050000190734863,10.0600004196167,8396,0.0,0.0
2024-09-18 12:30:00-04:00,10.0600004196167,10.0600004196167,10.055000305175781,10.0600004196167,6179,0.0,0.0
2024-09-18 13:30:00-04:00,10.0600004196167,10.0600004196167,10.045000076293945,10.055000305175781,217177,0.0,0.0
2024-09-18 14:30:00-04:00,10.055000305175781,10.0600004196167,10.050000190734863,10.0600004196167,125481,0.0,0.0
2024-09-18 15:30:00-04:00,10.050000190734863,10.0600004196167,10.050000190734863,10.0600004196167,53000,0.0,0.0
2024-09-19 09:30:00-04:00,10.069999694824219,10.069999694824219,10.050000190734863,10.0600004196167,55205,0.0,0.0
2024-09-19 10:30:00-04:00,10.0600004196167,10.0600004196167,10.050000190734863,10.055000305175781,27369,0.0,0.0
2024-09-19 11:30:00-04:00,10.052499771118164,10.055000305175781,10.052499771118164,10.052499771118164,3255,0.0,0.0
2024-09-19 12:30:00-04:00,10.0600004196167,10.0600004196167,10.039999961853027,10.039999961853027,275725,0.0,0.0
2024-09-19 13:30:00-04:00,10.045000076293945,10.050000190734863,10.029999732971191,10.039999961853027,202186,0.0,0.0
2024-09-19 14:30:00-04:00,10.039999961853027,10.050000190734863,10.029999732971191,10.03499984741211,184858,0.0,0.0
2024-09-19 15:30:00-04:00,10.03499984741211,10.050000190734863,10.029999732971191,10.039999961853027,277934,0.0,0.0
2024-09-20 09:30:00-04:00,10.029999732971191,10.039999961853027,10.029999732971191,10.03499984741211,91607,0.0,0.0
2024-09-20 10:30:00-04:00,10.03499984741211,10.039999961853027,10.020000457763672,10.03499984741211,171316,0.0,0.0
2024-09-20 11:30:00-04:00,10.039999961853027,10.039999961853027,10.029999732971191,10.039999961853027,163933,0.0,0.0
2024-09-20 12:30:00-04:00,10.03499984741211,10.039999961853027,10.024999618530273,10.029999732971191,204940,0.0,0.0
2024-09-20 13:30:00-04:00,10.029999732971191,10.039999961853027,10.029999732971191,10.039999961853027,30080,0.0,0.0
2024-09-20 14:30:00-04:00,10.03499984741211,10.039999961853027,10.029999732971191,10.039999961853027,67867,0.0,0.0
2024-09-20 15:30:00-04:00,10.029999732971191,10.039999961853027,10.020000457763672,10.024999618530273,316530,0.0,0.0
2024-09-23 09:30:00-04:00,10.069999694824219,10.069999694824219,10.050000190734863,10.055000305175781,458067,0.0,0.0
2024-09-23 10:30:00-04:00,10.0600004196167,10.0600004196167,10.050000190734863,10.055000305175781,87830,0.0,0.0
2024-09-23 11:30:00-04:00,10.0600004196167,10.0600004196167,10.050000190734863,10.0600004196167,30666,0.0,0.0
2024-09-23 12:30:00-04:00,10.0600004196167,10.0600004196167,10.050000190734863,10.055000305175781,188712,0.0,0.0
2024-09-23 13:30:00-04:00,10.055000305175781,10.0600004196167,10.050000190734863,10.055000305175781,33511,0.0,0.0
2024-09-23 14:30:00-04:00,10.0600004196167,10.0600004196167,10.050000190734863,10.055000305175781,50153,0.0,0.0
2024-09-23 15:30:00-04:00,10.055000305175781,10.0600004196167,10.039999961853027,10.050000190734863,227449,0.0,0.0
2024-09-24 09:30:00-04:00,10.050000190734863,10.0600004196167,10.050000190734863,10.055000305175781,107114,0.0,0.0
2024-09-24 10:30:00-04:00,10.055000305175781,10.0600004196167,10.045000076293945,10.050000190734863,403904,0.0,0.0
2024-09-24 11:30:00-04:00,10.050000190734863,10.0600004196167,10.045000076293945,10.050000190734863,105267,0.0,0.0
2024-09-24 12:30:00-04:00,10.050000190734863,10.050000190734863,10.039999961853027,10.050000190734863,80907,0.0,0.0
2024-09-24 13:30:00-04:00,10.050000190734863,10.0600004196167,10.045000076293945,10.055000305175781,114801,0.0,0.0
2024-09-24 14:30:00-04:00,10.0600004196167,10.0600004196167,10.043999671936035,10.045000076293945,241968,0.0,0.0
2024-09-24 15:30:00-04:00,10.045000076293945,10.0600004196167,10.039999961853027,10.0600004196167,194542,0.0,0.0
2024-09-25 09:30:00-04:00,10.0600004196167,10.0600004196167,10.050000190734863,10.055000305175781,63647,0.0,0.0
2024-09-25 10:30:00-04:00,10.050000190734863,10.0600004196167,10.045000076293945,10.045000076293945,280755,0.0,0.0
2024-09-25 11:30:00-04:00,10.045000076293945,10.050000190734863,10.03499984741211,10.045000076293945,328920,0.0,0.0
2024-09-25 12:30:00-04:00,10.045000076293945,10.050000190734863,10.039999961853027,10.045000076293945,143023,0.0,0.0
2024-09-25 13:30:00-04:00,10.045000076293945,10.050000190734863,10.039999961853027,10.039999961853027,64934,0.0,0.0
2024-09-25 14:30:00-04:00,10.039999961853027,10.050000190734863,10.029999732971191,10.045000076293945,366274,0.0,0.0
2024-09-25 15:30:00-04:00,10.045000076293945,10.045000076293945,10.029999732971191,10.029999732971191,194902,0.0,0.0
2024-09-26 09:30:00-04:00,10.0600004196167,10.0600004196167,10.050000190734863,10.050000190734863,259168,0.0,0.0
2024-09-26 10:30:00-04:00,10.055000305175781,10.0600004196167,10.050000190734863,10.050000190734863,856876,0.0,0.0
2024-09-26 11:30:00-04:00,10.055000305175781,10.055000305175781,10.050000190734863,10.055000305175781,34601,0.0,0.0
2024-09-26 12:30:00-04:00,10.055000305175781,10.0600004196167,10.050000190734863,10.050000190734863,32603,0.0,0.0
2024-09-26 13:30:00-04:00,10.050000190734863,10.0600004196167,10.050000190734863,10.055000305175781,137117,0.0,0.0
2024-09-26 14:30:00-04:00,10.050000190734863,10.0600004196167,10.039999961853027,10.045000076293945,915574,0.0,0.0
2024-09-26 15:30:00-04:00,10.050000190734863,10.050000190734863,10.020000457763672,10.029999732971191,228353,0.0,0.0
2024-09-27 09:30:00-04:00,10.050000190734863,10.069999694824219,10.029999732971191,10.055000305175781,244039,0.0,0.0
2024-09-27 10:30:00-04:00,10.055000305175781,10.0600004196167,10.050000190734863,10.0600004196167,284307,0.0,0.0
2024-09-27 11:30:00-04:00,10.055000305175781,10.0649995803833,10.050000190734863,10.0649995803833,312942,0.0,0.0
2024-09-27 12:30:00-04:00,10.0600004196167,10.069999694824219,10.0600004196167,10.0600004196167,200765,0.0,0.0
2024-09-27 13:30:00-04:00,10.0649995803833,10.069999694824219,10.0600004196167,10.0600004196167,53776,0.0,0.0
2024-09-27 14:30:00-04:00,10.0649995803833,10.069999694824219,10.0600004196167,10.0649995803833,34239,0.0,0.0
2024-09-27 15:30:00-04:00,10.0600004196167,10.069999694824219,10.050000190734863,10.0600004196167,254109,0.0,0.0
2024-09-30 09:30:00-04:00,10.039999961853027,10.039999961853027,9.609999656677246,9.609999656677246,1759626,0.0,0.0
2024-09-30 10:30:00-04:00,9.614999771118164,10.010000228881836,9.550000190734863,9.944999694824219,2809818,0.0,0.0
2024-09-30 11:30:00-04:00,9.9350004196167,9.970000267028809,9.859999656677246,9.890000343322754,777377,0.0,0.0
2024-09-30 12:30:00-04:00,9.885000228881836,9.9399995803833,9.850000381469727,9.850000381469727,606199,0.0,0.0
2024-09-30 13:30:00-04:00,9.850000381469727,9.960000038146973,9.850000381469727,9.9399995803833,609363,0.0,0.0
2024-09-30 14:30:00-04:00,9.9350004196167,9.96500015258789,9.930000305175781,9.930000305175781,244145,0.0,0.0
2024-09-30 15:30:00-04:00,9.930000305175781,9.96500015258789,9.920000076293945,9.949999809265137,282663,0.0,0.0
2024-10-01 09:30:00-04:00,9.970000267028809,9.970000267028809,9.9350004196167,9.96500015258789,108386,0.0,0.0
2024-10-01 10:30:00-04:00,9.96500015258789,9.979999542236328,9.960000038146973,9.979900360107422,49951,0.0,0.0
2024-10-01 11:30:00-04:00,9.970000267028809,9.979999542236328,9.960000038146973,9.96500015258789,46037,0.0,0.0
2024-10-01 12:30:00-04:00,9.96500015258789,9.975000381469727,9.954999923706055,9.96500015258789,108285,0.0,0.0
2024-10-01 13:30:00-04:00,9.96500015258789,9.979999542236328,9.960000038146973,9.975000381469727,41975,0.0,0.0
2024-10-01 14:30:00-04:00,9.979999542236328,9.979999542236328,9.949999809265137,9.96500015258789,200678,0.0,0.0
2024-10-01 15:30:00-04:00,9.960000038146973,9.96500015258789,9.90999984741211,9.920000076293945,426457,0.0,0.0
2024-10-02 09:30:00-04:00,9.949999809265137,9.949999809265137,9.925000190734863,9.9350004196167,72302,0.0,0.0
2024-10-02 10:30:00-04:00,9.930000305175781,9.938899993896484,9.930000305175781,9.930000305175781,24118,0.0,0.0
2024-10-02 11:30:00-04:00,9.9350004196167,9.9399995803833,9.930000305175781,9.930000305175781,23272,0.0,0.0
2024-10-02 12:30:00-04:00,9.9350004196167,9.970000267028809,9.930000305175781,9.960000038146973,126470,0.0,0.0
2024-10-02 13:30:00-04:00,9.95989990234375,9.979999542236328,9.954999923706055,9.979999542236328,42140,0.0,0.0
2024-10-02 14:30:00-04:00,9.975000381469727,9.979999542236328,9.970000267028809,9.970000267028809,24919,0.0,0.0
2024-10-02 15:30:00-04:00,9.975000381469727,10.020000457763672,9.970000267028809,9.989999771118164,162849,0.0,0.0
2024-10-03 09:30:00-04:00,10.079999923706055,10.100000381469727,10.079999923706055,10.100000381469727,1084995,0.0,0.0
2024-10-03 10:30:00-04:00,10.09000015258789,10.09749984741211,10.09000015258789,10.09000015258789,38998,0.0,0.0
2024-10-03 11:30:00-04:00,10.09000015258789,10.100000381469727,10.09000015258789,10.095000267028809,248013,0.0,0.0
2024-10-03 12:30:00-04:00,10.095000267028809,10.100000381469727,10.09000015258789,10.09000015258789,48416,0.0,0.0
2024-10-03 13:30:00-04:00,10.09000015258789,10.095000267028809,10.09000015258789,10.09000015258789,32308,0.0,0.0
2024-10-03 14:30:00-04:00,10.09000015258789,10.100000381469727,10.09000015258789,10.09000015258789,99029,0.0,0.0
2024-10-03 15:30:00-04:00,10.09000015258789,10.100000381469727,10.09000015258789,10.09000015258789,374796,0.0,0.0
