Datetime,Open,High,Low,Close,Volume,Dividends,Stock Splits
2022-10-06 09:30:00-04:00,26.290000915527344,26.999000549316406,25.93000030517578,26.0,642825,0.0,0.0
2022-10-06 10:30:00-04:00,25.963699340820312,26.850000381469727,25.799999237060547,26.520000457763672,483835,0.0,0.0
2022-10-06 11:30:00-04:00,26.530000686645508,26.6200008392334,26.25,26.420000076293945,201143,0.0,0.0
2022-10-06 12:30:00-04:00,26.43000030517578,26.68000030517578,26.344999313354492,26.68000030517578,128724,0.0,0.0
2022-10-06 13:30:00-04:00,26.670000076293945,26.671899795532227,26.5,26.558799743652344,222635,0.0,0.0
2022-10-06 14:30:00-04:00,26.56999969482422,26.649999618530273,25.959999084472656,26.25,412897,0.0,0.0
2022-10-06 15:30:00-04:00,26.290000915527344,26.329999923706055,25.950000762939453,25.989999771118164,221235,0.0,0.0
2022-10-07 09:30:00-04:00,25.84000015258789,25.84000015258789,25.049999237060547,25.290000915527344,648296,0.0,0.0
2022-10-07 10:30:00-04:00,25.290000915527344,25.440000534057617,24.8799991607666,25.1299991607666,557753,0.0,0.0
2022-10-07 11:30:00-04:00,25.145000457763672,25.25,25.0,25.020000457763672,216127,0.0,0.0
2022-10-07 12:30:00-04:00,25.010000228881836,25.030000686645508,24.420000076293945,24.799999237060547,618955,0.0,0.0
2022-10-07 13:30:00-04:00,24.795000076293945,24.889999389648438,24.75,24.8700008392334,217571,0.0,0.0
2022-10-07 14:30:00-04:00,24.860000610351562,25.139999389648438,24.850000381469727,25.030000686645508,409573,0.0,0.0
2022-10-07 15:30:00-04:00,25.020000457763672,25.3799991607666,24.998300552368164,25.290000915527344,421706,0.0,0.0
2022-10-10 09:30:00-04:00,25.3700008392334,26.5,25.200000762939453,26.190000534057617,994837,0.0,0.0
2022-10-10 10:30:00-04:00,26.110000610351562,26.15999984741211,25.40999984741211,25.649999618530273,472978,0.0,0.0
2022-10-10 11:30:00-04:00,25.649999618530273,25.799999237060547,25.1200008392334,25.128700256347656,232032,0.0,0.0
2022-10-10 12:30:00-04:00,25.139999389648438,25.18000030517578,24.81999969482422,25.079999923706055,257881,0.0,0.0
2022-10-10 13:30:00-04:00,25.09000015258789,25.440000534057617,25.079999923706055,25.25,209080,0.0,0.0
2022-10-10 14:30:00-04:00,25.229999542236328,25.299999237060547,24.75,24.799999237060547,386796,0.0,0.0
2022-10-10 15:30:00-04:00,24.809999465942383,25.079999923706055,24.760000228881836,24.959999084472656,277348,0.0,0.0
2022-10-11 09:30:00-04:00,25.030000686645508,25.290000915527344,23.95009994506836,24.56999969482422,883773,0.0,0.0
2022-10-11 10:30:00-04:00,24.549999237060547,25.700000762939453,24.3700008392334,25.700000762939453,887074,0.0,0.0
2022-10-11 11:30:00-04:00,25.700000762939453,26.299999237060547,25.549999237060547,25.850000381469727,737065,0.0,0.0
2022-10-11 12:30:00-04:00,25.93000030517578,26.239999771118164,25.412799835205078,25.450000762939453,428505,0.0,0.0
2022-10-11 13:30:00-04:00,25.459999084472656,25.579999923706055,25.265899658203125,25.440000534057617,209530,0.0,0.0
2022-10-11 14:30:00-04:00,25.440000534057617,25.540000915527344,25.020000457763672,25.143999099731445,275952,0.0,0.0
2022-10-11 15:30:00-04:00,25.145000457763672,25.34000015258789,25.059999465942383,25.219999313354492,336094,0.0,0.0
2022-10-12 09:30:00-04:00,25.959999084472656,26.889999389648438,25.6299991607666,25.840299606323242,1336089,0.0,0.0
2022-10-12 10:30:00-04:00,25.799999237060547,25.969999313354492,25.270000457763672,25.959999084472656,365852,0.0,0.0
2022-10-12 11:30:00-04:00,25.969999313354492,26.290000915527344,25.950000762939453,25.989999771118164,311866,0.0,0.0
2022-10-12 12:30:00-04:00,25.969999313354492,26.165800094604492,25.900100708007812,26.09000015258789,199817,0.0,0.0
2022-10-12 13:30:00-04:00,26.079999923706055,26.1299991607666,25.84000015258789,26.100000381469727,239348,0.0,0.0
2022-10-12 14:30:00-04:00,26.100000381469727,26.21820068359375,25.510000228881836,25.530000686645508,312738,0.0,0.0
2022-10-12 15:30:00-04:00,25.520000457763672,25.59000015258789,25.299999237060547,25.34160041809082,407828,0.0,0.0
2022-10-13 09:30:00-04:00,24.420000076293945,25.170000076293945,23.90999984741211,24.700000762939453,1435513,0.0,0.0
2022-10-13 10:30:00-04:00,24.67340087890625,26.59000015258789,24.6200008392334,25.84000015258789,841957,0.0,0.0
2022-10-13 11:30:00-04:00,25.860000610351562,26.079999923706055,25.25,25.360000610351562,438528,0.0,0.0
2022-10-13 12:30:00-04:00,25.3799991607666,25.860000610351562,25.280000686645508,25.799999237060547,177316,0.0,0.0
2022-10-13 13:30:00-04:00,25.809999465942383,25.899999618530273,25.510000228881836,25.530000686645508,177555,0.0,0.0
2022-10-13 14:30:00-04:00,25.520000457763672,25.790000915527344,25.510000228881836,25.670000076293945,129794,0.0,0.0
2022-10-13 15:30:00-04:00,25.670000076293945,25.700000762939453,25.440099716186523,25.579999923706055,216356,0.0,0.0
2022-10-14 09:30:00-04:00,25.770000457763672,26.3700008392334,25.350000381469727,25.489999771118164,1039485,0.0,0.0
2022-10-14 10:30:00-04:00,25.459999084472656,25.624799728393555,25.1299991607666,25.350000381469727,316408,0.0,0.0
2022-10-14 11:30:00-04:00,25.350000381469727,25.350000381469727,24.8700008392334,25.209999084472656,344128,0.0,0.0
2022-10-14 12:30:00-04:00,25.219999313354492,25.339000701904297,24.989999771118164,25.075000762939453,168779,0.0,0.0
2022-10-14 13:30:00-04:00,25.09000015258789,25.15999984741211,24.889999389648438,25.03499984741211,145548,0.0,0.0
2022-10-14 14:30:00-04:00,25.030000686645508,25.149999618530273,24.90999984741211,24.940000534057617,232839,0.0,0.0
2022-10-14 15:30:00-04:00,24.93000030517578,24.989999771118164,24.700000762939453,24.829999923706055,395085,0.0,0.0
2022-10-17 09:30:00-04:00,25.3700008392334,26.379899978637695,25.350000381469727,26.149999618530273,1178208,0.0,0.0
2022-10-17 10:30:00-04:00,26.127199172973633,26.40999984741211,25.920000076293945,26.260000228881836,614077,0.0,0.0
2022-10-17 11:30:00-04:00,26.25,26.350000381469727,25.850000381469727,25.979999542236328,371118,0.0,0.0
2022-10-17 12:30:00-04:00,25.979999542236328,26.239999771118164,25.959999084472656,26.05929946899414,214190,0.0,0.0
2022-10-17 13:30:00-04:00,26.06999969482422,26.209999084472656,25.950000762939453,26.059999465942383,184852,0.0,0.0
2022-10-17 14:30:00-04:00,26.049999237060547,26.049999237060547,25.770000457763672,25.7721004486084,249235,0.0,0.0
2022-10-17 15:30:00-04:00,25.780000686645508,26.040000915527344,25.75,25.934999465942383,216496,0.0,0.0
2022-10-18 09:30:00-04:00,27.549999237060547,27.739999771118164,26.1299991607666,26.232200622558594,1417541,0.0,0.0
2022-10-18 10:30:00-04:00,26.200000762939453,26.989999771118164,26.161500930786133,26.690000534057617,562072,0.0,0.0
2022-10-18 11:30:00-04:00,26.690000534057617,27.059999465942383,26.3700008392334,26.8843994140625,511635,0.0,0.0
2022-10-18 12:30:00-04:00,26.90999984741211,26.989999771118164,26.701799392700195,26.969999313354492,289287,0.0,0.0
2022-10-18 13:30:00-04:00,26.967500686645508,27.399999618530273,26.951799392700195,27.3799991607666,418779,0.0,0.0
2022-10-18 14:30:00-04:00,27.389999389648438,27.399999618530273,26.440000534057617,26.440000534057617,642386,0.0,0.0
2022-10-18 15:30:00-04:00,26.440000534057617,26.65999984741211,26.382099151611328,26.65999984741211,363097,0.0,0.0
2022-10-19 09:30:00-04:00,26.0,26.18000030517578,25.139999389648438,25.485000610351562,1301195,0.0,0.0
2022-10-19 10:30:00-04:00,25.5,25.59000015258789,25.190000534057617,25.239999771118164,617487,0.0,0.0
2022-10-19 11:30:00-04:00,25.239999771118164,25.31999969482422,24.860000610351562,24.889999389648438,550481,0.0,0.0
2022-10-19 12:30:00-04:00,24.8700008392334,25.100000381469727,24.739999771118164,24.899999618530273,714525,0.0,0.0
2022-10-19 13:30:00-04:00,24.899999618530273,25.159900665283203,24.81999969482422,24.920000076293945,334698,0.0,0.0
2022-10-19 14:30:00-04:00,24.90999984741211,24.959999084472656,24.270000457763672,24.565000534057617,956740,0.0,0.0
2022-10-19 15:30:00-04:00,24.57990074157715,24.649999618530273,24.3799991607666,24.540000915527344,599205,0.0,0.0
2022-10-20 09:30:00-04:00,24.649999618530273,24.770000457763672,24.1299991607666,24.450000762939453,1363805,0.0,0.0
2022-10-20 10:30:00-04:00,24.479999542236328,25.448999404907227,24.329999923706055,24.700000762939453,1184310,0.0,0.0
2022-10-20 11:30:00-04:00,24.690000534057617,24.80620002746582,24.43000030517578,24.58370018005371,634360,0.0,0.0
2022-10-20 12:30:00-04:00,24.56999969482422,24.81999969482422,24.540000915527344,24.690000534057617,331027,0.0,0.0
2022-10-20 13:30:00-04:00,24.690000534057617,24.827600479125977,24.610000610351562,24.739999771118164,173894,0.0,0.0
2022-10-20 14:30:00-04:00,24.719999313354492,24.760000228881836,24.209999084472656,24.225000381469727,689773,0.0,0.0
2022-10-20 15:30:00-04:00,24.219999313354492,24.489999771118164,24.06999969482422,24.360000610351562,574925,0.0,0.0
2022-10-21 09:30:00-04:00,24.149999618530273,24.860000610351562,24.100000381469727,24.260000228881836,587724,0.0,0.0
2022-10-21 10:30:00-04:00,24.28059959411621,24.600000381469727,24.104999542236328,24.389999389648438,362110,0.0,0.0
2022-10-21 11:30:00-04:00,24.40999984741211,24.700000762939453,24.31999969482422,24.6200008392334,206854,0.0,0.0
2022-10-21 12:30:00-04:00,24.639999389648438,25.079999923706055,24.579999923706055,24.8700008392334,362722,0.0,0.0
2022-10-21 13:30:00-04:00,24.8700008392334,25.139999389648438,24.856300354003906,25.079999923706055,359144,0.0,0.0
2022-10-21 14:30:00-04:00,25.06999969482422,25.190000534057617,24.863800048828125,25.190000534057617,552752,0.0,0.0
2022-10-21 15:30:00-04:00,25.190000534057617,25.329999923706055,25.09000015258789,25.239999771118164,445726,0.0,0.0
2022-10-24 09:30:00-04:00,25.0,25.190000534057617,24.110000610351562,24.323999404907227,858685,0.0,0.0
2022-10-24 10:30:00-04:00,24.290000915527344,24.729999542236328,24.200000762939453,24.3700008392334,480957,0.0,0.0
2022-10-24 11:30:00-04:00,24.3700008392334,24.68000030517578,24.270000457763672,24.5,250723,0.0,0.0
2022-10-24 12:30:00-04:00,24.469999313354492,24.670000076293945,24.424999237060547,24.649999618530273,159435,0.0,0.0
2022-10-24 13:30:00-04:00,24.635000228881836,25.139999389648438,24.594999313354492,24.809999465942383,706493,0.0,0.0
2022-10-24 14:30:00-04:00,24.81999969482422,24.989999771118164,24.770000457763672,24.889999389648438,229652,0.0,0.0
2022-10-24 15:30:00-04:00,24.889999389648438,24.889999389648438,24.65999984741211,24.690000534057617,321413,0.0,0.0
2022-10-25 09:30:00-04:00,24.815000534057617,26.639999389648438,24.799999237060547,26.422800064086914,1945958,0.0,0.0
2022-10-25 10:30:00-04:00,26.43000030517578,27.219999313354492,26.290000915527344,27.190000534057617,1242086,0.0,0.0
2022-10-25 11:30:00-04:00,27.18079948425293,27.790000915527344,26.829999923706055,27.15519905090332,1888758,0.0,0.0
2022-10-25 12:30:00-04:00,27.18000030517578,27.5,26.680500030517578,26.719999313354492,744326,0.0,0.0
2022-10-25 13:30:00-04:00,26.729999542236328,27.09000015258789,26.450000762939453,27.0310001373291,596246,0.0,0.0
2022-10-25 14:30:00-04:00,27.03499984741211,27.350000381469727,26.950000762939453,27.269399642944336,510689,0.0,0.0
2022-10-25 15:30:00-04:00,27.280000686645508,27.280000686645508,26.75,26.8700008392334,658159,0.0,0.0
2022-10-26 09:30:00-04:00,26.3700008392334,27.148500442504883,26.149999618530273,26.729999542236328,667410,0.0,0.0
2022-10-26 10:30:00-04:00,26.829999923706055,27.479999542236328,26.739999771118164,27.399999618530273,617040,0.0,0.0
2022-10-26 11:30:00-04:00,27.408300399780273,27.420000076293945,26.729999542236328,26.858800888061523,489107,0.0,0.0
2022-10-26 12:30:00-04:00,26.85449981689453,26.940000534057617,26.079999923706055,26.100000381469727,485284,0.0,0.0
2022-10-26 13:30:00-04:00,26.11989974975586,26.34000015258789,25.65999984741211,25.690000534057617,465856,0.0,0.0
2022-10-26 14:30:00-04:00,25.690000534057617,25.889999389648438,25.459999084472656,25.489999771118164,537551,0.0,0.0
2022-10-26 15:30:00-04:00,25.489999771118164,25.600000381469727,25.31999969482422,25.43000030517578,485364,0.0,0.0
2022-10-27 09:30:00-04:00,25.75,26.263700485229492,25.200000762939453,25.68000030517578,626371,0.0,0.0
2022-10-27 10:30:00-04:00,25.68000030517578,26.079999923706055,25.329999923706055,25.530000686645508,421191,0.0,0.0
2022-10-27 11:30:00-04:00,25.530000686645508,25.770000457763672,25.440000534057617,25.600000381469727,162230,0.0,0.0
2022-10-27 12:30:00-04:00,25.59000015258789,26.299999237060547,25.579999923706055,26.270000457763672,301027,0.0,0.0
2022-10-27 13:30:00-04:00,26.260000228881836,26.329999923706055,26.06570053100586,26.219999313354492,185915,0.0,0.0
2022-10-27 14:30:00-04:00,26.219999313354492,26.290000915527344,25.6299991607666,25.700000762939453,281641,0.0,0.0
2022-10-27 15:30:00-04:00,25.709999084472656,25.969999313354492,25.709999084472656,25.920000076293945,212447,0.0,0.0
2022-10-28 09:30:00-04:00,26.8799991607666,28.149999618530273,26.420000076293945,26.59000015258789,1991478,0.0,0.0
2022-10-28 10:30:00-04:00,26.616100311279297,27.440000534057617,26.616100311279297,27.31999969482422,597866,0.0,0.0
2022-10-28 11:30:00-04:00,27.31999969482422,27.48819923400879,27.049999237060547,27.389999389648438,494986,0.0,0.0
2022-10-28 12:30:00-04:00,27.43000030517578,28.790000915527344,27.399999618530273,28.56999969482422,2309517,0.0,0.0
2022-10-28 13:30:00-04:00,28.579999923706055,28.649999618530273,27.700000762939453,28.34000015258789,981094,0.0,0.0
2022-10-28 14:30:00-04:00,28.350000381469727,28.350000381469727,27.899999618530273,28.28499984741211,818222,0.0,0.0
2022-10-28 15:30:00-04:00,28.258499145507812,28.299999237060547,27.979999542236328,28.139999389648438,664687,0.0,0.0
2022-10-31 09:30:00-04:00,31.229999542236328,34.9900016784668,29.079999923706055,29.725000381469727,13867238,0.0,0.0
2022-10-31 10:30:00-04:00,29.700000762939453,30.600000381469727,29.250099182128906,29.599899291992188,2957642,0.0,0.0
2022-10-31 11:30:00-04:00,29.570199966430664,30.3700008392334,29.131000518798828,29.704999923706055,1880412,0.0,0.0
2022-10-31 12:30:00-04:00,29.690000534057617,29.709999084472656,28.649999618530273,28.81999969482422,1752775,0.0,0.0
2022-10-31 13:30:00-04:00,28.799999237060547,28.898700714111328,27.90999984741211,28.290000915527344,1406442,0.0,0.0
2022-10-31 14:30:00-04:00,28.290000915527344,28.770000457763672,28.020000457763672,28.39900016784668,945588,0.0,0.0
2022-10-31 15:30:00-04:00,28.389999389648438,28.670000076293945,28.270000457763672,28.360000610351562,702944,0.0,0.0
2022-11-01 09:30:00-04:00,29.399999618530273,29.690000534057617,28.200000762939453,28.790000915527344,1894871,0.0,0.0
2022-11-01 10:30:00-04:00,28.829999923706055,28.829999923706055,28.161500930786133,28.520000457763672,681320,0.0,0.0
2022-11-01 11:30:00-04:00,28.53459930419922,28.639999389648438,27.6299991607666,27.8799991607666,806719,0.0,0.0
2022-11-01 12:30:00-04:00,27.8799991607666,28.228300094604492,27.6200008392334,28.094999313354492,310049,0.0,0.0
2022-11-01 13:30:00-04:00,28.110000610351562,28.1200008392334,27.829999923706055,27.959999084472656,232535,0.0,0.0
2022-11-01 14:30:00-04:00,27.969999313354492,28.549999237060547,27.719999313354492,28.401500701904297,602598,0.0,0.0
2022-11-01 15:30:00-04:00,28.420000076293945,28.707199096679688,28.309999465942383,28.3700008392334,496378,0.0,0.0
2022-11-02 09:30:00-04:00,27.899999618530273,28.75,27.6299991607666,27.759000778198242,870903,0.0,0.0
2022-11-02 10:30:00-04:00,27.770000457763672,28.260000228881836,27.639999389648438,27.719999313354492,358475,0.0,0.0
2022-11-02 11:30:00-04:00,27.719999313354492,28.15999984741211,27.684999465942383,27.923200607299805,329403,0.0,0.0
2022-11-02 12:30:00-04:00,27.940000534057617,28.19969940185547,27.770000457763672,27.979999542236328,207523,0.0,0.0
2022-11-02 13:30:00-04:00,27.969999313354492,28.599899291992188,27.889999389648438,28.579999923706055,383430,0.0,0.0
2022-11-02 14:30:00-04:00,28.600000381469727,28.65999984741211,26.625,26.770000457763672,1179423,0.0,0.0
2022-11-02 15:30:00-04:00,26.739999771118164,26.93000030517578,26.5,26.639999389648438,647070,0.0,0.0
2022-11-03 09:30:00-04:00,26.0,26.829999923706055,26.0,26.75,926035,0.0,0.0
2022-11-03 10:30:00-04:00,26.75,27.28499984741211,26.44930076599121,26.690000534057617,593421,0.0,0.0
2022-11-03 11:30:00-04:00,26.64069938659668,26.69499969482422,26.299999237060547,26.520000457763672,361092,0.0,0.0
2022-11-03 12:30:00-04:00,26.510000228881836,26.510000228881836,26.170000076293945,26.200000762939453,309596,0.0,0.0
2022-11-03 13:30:00-04:00,26.190000534057617,26.249900817871094,26.030000686645508,26.145000457763672,281342,0.0,0.0
2022-11-03 14:30:00-04:00,26.1299991607666,26.44499969482422,26.040000915527344,26.290000915527344,326367,0.0,0.0
2022-11-03 15:30:00-04:00,26.280000686645508,26.450000762939453,26.126699447631836,26.209999084472656,455068,0.0,0.0
2022-11-04 09:30:00-04:00,26.600000381469727,26.940000534057617,26.122900009155273,26.690000534057617,562728,0.0,0.0
2022-11-04 10:30:00-04:00,26.692800521850586,27.030000686645508,26.045000076293945,26.079999923706055,611927,0.0,0.0
2022-11-04 11:30:00-04:00,26.086999893188477,26.09000015258789,25.459999084472656,25.850000381469727,790856,0.0,0.0
2022-11-04 12:30:00-04:00,25.850000381469727,25.860000610351562,25.34000015258789,25.56439971923828,423647,0.0,0.0
2022-11-04 13:30:00-04:00,25.559999465942383,25.799999237060547,25.559999465942383,25.799999237060547,362871,0.0,0.0
2022-11-04 14:30:00-04:00,25.781700134277344,26.139999389648438,25.729999542236328,26.1200008392334,640765,0.0,0.0
2022-11-04 15:30:00-04:00,26.1200008392334,26.459999084472656,26.059999465942383,26.459999084472656,568450,0.0,0.0
2022-11-07 09:30:00-05:00,26.25,26.299999237060547,24.799999237060547,25.059999465942383,1371573,0.0,0.0
2022-11-07 10:30:00-05:00,25.059999465942383,25.5,24.950000762939453,25.450000762939453,443234,0.0,0.0
2022-11-07 11:30:00-05:00,25.454999923706055,25.770000457763672,25.33609962463379,25.770000457763672,250319,0.0,0.0
2022-11-07 12:30:00-05:00,25.790000915527344,25.969999313354492,25.5,25.565000534057617,296753,0.0,0.0
2022-11-07 13:30:00-05:00,25.585599899291992,25.989999771118164,25.520000457763672,25.96500015258789,177248,0.0,0.0
2022-11-07 14:30:00-05:00,25.982999801635742,26.1299991607666,25.87299919128418,26.06999969482422,220776,0.0,0.0
2022-11-07 15:30:00-05:00,26.04290008544922,26.110000610351562,25.68000030517578,25.729999542236328,322605,0.0,0.0
2022-11-08 09:30:00-05:00,25.570499420166016,25.645000457763672,25.145599365234375,25.209999084472656,746064,0.0,0.0
2022-11-08 10:30:00-05:00,25.229999542236328,25.760000228881836,25.170000076293945,25.65999984741211,463626,0.0,0.0
2022-11-08 11:30:00-05:00,25.649999618530273,25.850000381469727,25.520000457763672,25.65999984741211,296540,0.0,0.0
2022-11-08 12:30:00-05:00,25.65999984741211,25.665000915527344,25.139999389648438,25.190000534057617,286924,0.0,0.0
2022-11-08 13:30:00-05:00,25.18000030517578,25.199899673461914,24.110000610351562,24.1299991607666,1439173,0.0,0.0
2022-11-08 14:30:00-05:00,24.139999389648438,24.639999389648438,24.139999389648438,24.559999465942383,614599,0.0,0.0
2022-11-08 15:30:00-05:00,24.559999465942383,25.190000534057617,24.559999465942383,25.139999389648438,692562,0.0,0.0
2022-11-09 09:30:00-05:00,24.549999237060547,24.670000076293945,23.709999084472656,23.770000457763672,1174958,0.0,0.0
2022-11-09 10:30:00-05:00,23.780000686645508,23.81999969482422,22.229999542236328,22.439899444580078,2416632,0.0,0.0
2022-11-09 11:30:00-05:00,22.439300537109375,22.950000762939453,22.3799991607666,22.510000228881836,1254257,0.0,0.0
2022-11-09 12:30:00-05:00,22.5,22.530000686645508,21.889999389648438,22.040000915527344,944930,0.0,0.0
2022-11-09 13:30:00-05:00,22.020000457763672,22.469999313354492,21.979999542236328,22.229999542236328,803801,0.0,0.0
2022-11-09 14:30:00-05:00,22.225000381469727,22.825000762939453,21.95009994506836,22.81999969482422,797788,0.0,0.0
2022-11-09 15:30:00-05:00,22.829999923706055,23.239999771118164,22.579999923706055,23.1200008392334,912174,0.0,0.0
2022-11-10 09:30:00-05:00,24.6200008392334,25.6968994140625,23.90999984741211,25.457399368286133,2739444,0.0,0.0
2022-11-10 10:30:00-05:00,25.45549964904785,25.5,24.315000534057617,25.020000457763672,837877,0.0,0.0
2022-11-10 11:30:00-05:00,25.030000686645508,25.100000381469727,24.510000228881836,24.520000457763672,383885,0.0,0.0
2022-11-10 12:30:00-05:00,24.520000457763672,24.520000457763672,24.000099182128906,24.179899215698242,578943,0.0,0.0
2022-11-10 13:30:00-05:00,24.170000076293945,24.65999984741211,24.040000915527344,24.469999313354492,373414,0.0,0.0
2022-11-10 14:30:00-05:00,24.46500015258789,24.920000076293945,24.40999984741211,24.829999923706055,331045,0.0,0.0
2022-11-10 15:30:00-05:00,24.825000762939453,24.950000762939453,24.520000457763672,24.780000686645508,672183,0.0,0.0
2022-11-11 09:30:00-05:00,24.780000686645508,25.290000915527344,24.149999618530273,25.125,808963,0.0,0.0
2022-11-11 10:30:00-05:00,25.139999389648438,25.520000457763672,25.040000915527344,25.06999969482422,556376,0.0,0.0
2022-11-11 11:30:00-05:00,25.065500259399414,25.59000015258789,25.021499633789062,25.584199905395508,328271,0.0,0.0
2022-11-11 12:30:00-05:00,25.578399658203125,25.979999542236328,25.5,25.969999313354492,464228,0.0,0.0
2022-11-11 13:30:00-05:00,25.959999084472656,26.079999923706055,25.68000030517578,26.065000534057617,508184,0.0,0.0
2022-11-11 14:30:00-05:00,26.059999465942383,26.1200008392334,25.729999542236328,25.84000015258789,587630,0.0,0.0
2022-11-11 15:30:00-05:00,25.84000015258789,26.1200008392334,25.81999969482422,26.079999923706055,523432,0.0,0.0
2022-11-14 09:30:00-05:00,26.299999237060547,27.3799991607666,26.299999237060547,26.329999923706055,1895672,0.0,0.0
2022-11-14 10:30:00-05:00,26.332799911499023,26.93000030517578,25.920000076293945,26.110000610351562,691951,0.0,0.0
2022-11-14 11:30:00-05:00,26.115299224853516,26.289400100708008,25.610000610351562,26.170000076293945,463998,0.0,0.0
2022-11-14 12:30:00-05:00,26.181800842285156,26.691600799560547,26.06999969482422,26.650100708007812,290316,0.0,0.0
2022-11-14 13:30:00-05:00,26.65999984741211,26.65999984741211,26.360000610351562,26.459999084472656,229849,0.0,0.0
2022-11-14 14:30:00-05:00,26.459199905395508,26.489999771118164,26.150999069213867,26.329999923706055,259781,0.0,0.0
2022-11-14 15:30:00-05:00,26.309999465942383,26.540000915527344,25.93000030517578,26.049999237060547,398161,0.0,0.0
2022-11-15 09:30:00-05:00,26.59000015258789,27.6200008392334,26.270000457763672,27.403099060058594,1345995,0.0,0.0
2022-11-15 10:30:00-05:00,27.43000030517578,27.729999542236328,27.149999618530273,27.459999084472656,772894,0.0,0.0
2022-11-15 11:30:00-05:00,27.489999771118164,27.934999465942383,27.44569969177246,27.809999465942383,535496,0.0,0.0
2022-11-15 12:30:00-05:00,27.81999969482422,28.239999771118164,27.459999084472656,27.530000686645508,952898,0.0,0.0
2022-11-15 13:30:00-05:00,27.520000457763672,27.565000534057617,26.899999618530273,27.399999618530273,841733,0.0,0.0
2022-11-15 14:30:00-05:00,27.40250015258789,27.700000762939453,27.34000015258789,27.563800811767578,366505,0.0,0.0
2022-11-15 15:30:00-05:00,27.559999465942383,27.600000381469727,27.315000534057617,27.59000015258789,473337,0.0,0.0
2022-11-16 09:30:00-05:00,26.6200008392334,27.14550018310547,26.3700008392334,26.739999771118164,707713,0.0,0.0
2022-11-16 10:30:00-05:00,26.739999771118164,26.979999542236328,26.53499984741211,26.899999618530273,314278,0.0,0.0
2022-11-16 11:30:00-05:00,26.899999618530273,27.170000076293945,26.75,27.079999923706055,198934,0.0,0.0
2022-11-16 12:30:00-05:00,27.079999923706055,27.350000381469727,27.020000457763672,27.059999465942383,233058,0.0,0.0
2022-11-16 13:30:00-05:00,27.064800262451172,27.07040023803711,26.760000228881836,26.90999984741211,194937,0.0,0.0
2022-11-16 14:30:00-05:00,26.90999984741211,27.020000457763672,26.76300048828125,26.809999465942383,200438,0.0,0.0
2022-11-16 15:30:00-05:00,26.81999969482422,27.149999618530273,26.790000915527344,27.094999313354492,372254,0.0,0.0
2022-11-17 09:30:00-05:00,26.299999237060547,26.979900360107422,26.149999618530273,26.809999465942383,513943,0.0,0.0
2022-11-17 10:30:00-05:00,26.81999969482422,27.030000686645508,26.68000030517578,26.90999984741211,269089,0.0,0.0
2022-11-17 11:30:00-05:00,26.90999984741211,27.389999389648438,26.81999969482422,27.25,239322,0.0,0.0
2022-11-17 12:30:00-05:00,27.219999313354492,27.739999771118164,27.125999450683594,27.559999465942383,341298,0.0,0.0
2022-11-17 13:30:00-05:00,27.540000915527344,27.639999389648438,27.354999542236328,27.420000076293945,187933,0.0,0.0
2022-11-17 14:30:00-05:00,27.420000076293945,27.760000228881836,27.3700008392334,27.420000076293945,262296,0.0,0.0
2022-11-17 15:30:00-05:00,27.399999618530273,27.760000228881836,27.25,27.75,460745,0.0,0.0
2022-11-18 09:30:00-05:00,28.15999984741211,28.699899673461914,27.459999084472656,27.575000762939453,924310,0.0,0.0
2022-11-18 10:30:00-05:00,27.53860092163086,27.999900817871094,27.469999313354492,27.510000228881836,296824,0.0,0.0
2022-11-18 11:30:00-05:00,27.520000457763672,27.559999465942383,27.028499603271484,27.200000762939453,288295,0.0,0.0
2022-11-18 12:30:00-05:00,27.19659996032715,27.34000015258789,26.829999923706055,27.325000762939453,314562,0.0,0.0
2022-11-18 13:30:00-05:00,27.325000762939453,27.600000381469727,27.239999771118164,27.579999923706055,333124,0.0,0.0
2022-11-18 14:30:00-05:00,27.579999923706055,27.649999618530273,27.286800384521484,27.479999542236328,398459,0.0,0.0
2022-11-18 15:30:00-05:00,27.479999542236328,27.639999389648438,27.399999618530273,27.6200008392334,404169,0.0,0.0
2022-11-21 09:30:00-05:00,26.65999984741211,27.829999923706055,26.610000610351562,26.885000228881836,784205,0.0,0.0
2022-11-21 10:30:00-05:00,26.850000381469727,26.90999984741211,25.799999237060547,26.1299991607666,777530,0.0,0.0
2022-11-21 11:30:00-05:00,26.1200008392334,26.18000030517578,25.729999542236328,25.790000915527344,458651,0.0,0.0
2022-11-21 12:30:00-05:00,25.780099868774414,25.834999084472656,25.200000762939453,25.301300048828125,617238,0.0,0.0
2022-11-21 13:30:00-05:00,25.318500518798828,25.469999313354492,24.854999542236328,25.1200008392334,658120,0.0,0.0
2022-11-21 14:30:00-05:00,25.1200008392334,25.219999313354492,24.93000030517578,25.09000015258789,451289,0.0,0.0
2022-11-21 15:30:00-05:00,25.079999923706055,25.40999984741211,25.020000457763672,25.200000762939453,456822,0.0,0.0
2022-11-22 09:30:00-05:00,25.1299991607666,26.329999923706055,24.700000762939453,26.323999404907227,1840354,0.0,0.0
2022-11-22 10:30:00-05:00,26.329999923706055,26.450000762939453,25.6200008392334,25.90999984741211,662487,0.0,0.0
2022-11-22 11:30:00-05:00,25.90959930419922,26.09000015258789,25.549999237060547,25.829999923706055,481723,0.0,0.0
2022-11-22 12:30:00-05:00,25.841999053955078,25.8799991607666,25.56999969482422,25.843900680541992,180772,0.0,0.0
2022-11-22 13:30:00-05:00,25.844600677490234,25.950000762939453,25.6560001373291,25.770000457763672,234116,0.0,0.0
2022-11-22 14:30:00-05:00,25.780000686645508,25.989999771118164,25.760299682617188,25.9783992767334,174009,0.0,0.0
2022-11-22 15:30:00-05:00,25.969999313354492,26.270000457763672,25.950000762939453,26.240100860595703,514894,0.0,0.0
2022-11-23 09:30:00-05:00,25.920000076293945,26.860000610351562,25.920000076293945,26.600000381469727,752048,0.0,0.0
2022-11-23 10:30:00-05:00,26.649900436401367,27.139999389648438,26.610000610351562,26.760000228881836,577064,0.0,0.0
2022-11-23 11:30:00-05:00,26.729999542236328,26.957700729370117,26.34000015258789,26.6299991607666,448533,0.0,0.0
2022-11-23 12:30:00-05:00,26.639999389648438,26.690000534057617,26.010000228881836,26.34000015258789,283787,0.0,0.0
2022-11-23 13:30:00-05:00,26.37380027770996,26.700000762939453,26.2810001373291,26.649999618530273,191519,0.0,0.0
2022-11-23 14:30:00-05:00,26.6200008392334,26.799999237060547,26.469999313354492,26.780000686645508,160254,0.0,0.0
2022-11-23 15:30:00-05:00,26.780000686645508,26.809999465942383,26.540000915527344,26.68000030517578,233258,0.0,0.0
2022-11-25 09:30:00-05:00,26.5,27.049999237060547,26.399999618530273,26.670000076293945,375993,0.0,0.0
2022-11-25 10:30:00-05:00,26.66029930114746,26.979999542236328,26.576799392700195,26.806900024414062,181760,0.0,0.0
2022-11-25 11:30:00-05:00,26.81999969482422,26.8700008392334,26.440000534057617,26.489999771118164,203593,0.0,0.0
2022-11-28 09:30:00-05:00,25.790000915527344,26.440000534057617,25.559999465942383,26.150100708007812,494825,0.0,0.0
2022-11-28 10:30:00-05:00,26.151599884033203,26.350000381469727,25.937599182128906,25.979999542236328,253831,0.0,0.0
2022-11-28 11:30:00-05:00,26.0,26.100000381469727,25.729999542236328,25.899999618530273,299636,0.0,0.0
2022-11-28 12:30:00-05:00,25.889999389648438,26.059999465942383,25.473600387573242,25.488100051879883,394420,0.0,0.0
2022-11-28 13:30:00-05:00,25.469999313354492,25.482900619506836,25.239999771118164,25.420000076293945,360484,0.0,0.0
2022-11-28 14:30:00-05:00,25.43000030517578,25.479999542236328,25.290000915527344,25.34000015258789,171860,0.0,0.0
2022-11-28 15:30:00-05:00,25.34000015258789,25.379899978637695,25.210100173950195,25.299999237060547,361077,0.0,0.0
2022-11-29 09:30:00-05:00,25.579999923706055,26.09709930419922,25.31999969482422,26.036100387573242,474066,0.0,0.0
2022-11-29 10:30:00-05:00,26.049999237060547,26.268999099731445,25.6299991607666,25.779600143432617,448665,0.0,0.0
2022-11-29 11:30:00-05:00,25.75,25.979900360107422,25.709999084472656,25.93269920349121,155727,0.0,0.0
2022-11-29 12:30:00-05:00,25.950000762939453,26.350000381469727,25.770000457763672,25.834999084472656,319973,0.0,0.0
2022-11-29 13:30:00-05:00,25.81999969482422,25.899999618530273,25.65999984741211,25.700000762939453,183398,0.0,0.0
2022-11-29 14:30:00-05:00,25.690000534057617,25.690000534057617,25.450000762939453,25.527999877929688,186106,0.0,0.0
2022-11-29 15:30:00-05:00,25.520000457763672,25.649999618530273,25.450000762939453,25.579999923706055,171780,0.0,0.0
2022-11-30 09:30:00-05:00,25.899999618530273,25.940000534057617,25.3799991607666,25.709999084472656,388915,0.0,0.0
2022-11-30 10:30:00-05:00,25.729999542236328,25.760000228881836,25.209999084472656,25.399999618530273,439843,0.0,0.0
2022-11-30 11:30:00-05:00,25.40999984741211,25.489999771118164,25.059999465942383,25.18000030517578,314539,0.0,0.0
2022-11-30 12:30:00-05:00,25.190000534057617,25.270000457763672,24.90999984741211,25.209999084472656,423817,0.0,0.0
2022-11-30 13:30:00-05:00,25.209999084472656,26.200000762939453,25.149999618530273,26.150100708007812,573777,0.0,0.0
2022-11-30 14:30:00-05:00,26.15999984741211,26.18000030517578,25.65999984741211,25.875,433851,0.0,0.0
2022-11-30 15:30:00-05:00,25.8799991607666,26.229999542236328,25.8799991607666,26.149999618530273,703930,0.0,0.0
2022-12-01 09:30:00-05:00,26.0,26.1299991607666,25.270000457763672,25.31999969482422,728610,0.0,0.0
2022-12-01 10:30:00-05:00,25.30500030517578,27.5,25.18000030517578,26.68899917602539,2981876,0.0,0.0
2022-12-01 11:30:00-05:00,26.72879981994629,27.18000030517578,26.309999465942383,26.673200607299805,1408619,0.0,0.0
2022-12-01 12:30:00-05:00,26.690000534057617,27.139999389648438,26.6200008392334,26.719999313354492,852122,0.0,0.0
2022-12-01 13:30:00-05:00,26.720300674438477,26.989999771118164,26.440000534057617,26.639999389648438,611535,0.0,0.0
2022-12-01 14:30:00-05:00,26.625,27.1200008392334,26.299999237060547,26.40999984741211,544945,0.0,0.0
2022-12-01 15:30:00-05:00,26.40999984741211,26.6299991607666,26.31999969482422,26.56999969482422,354664,0.0,0.0
2022-12-02 09:30:00-05:00,26.25,26.8799991607666,26.110000610351562,26.793399810791016,641318,0.0,0.0
2022-12-02 10:30:00-05:00,26.780000686645508,27.8700008392334,26.670000076293945,27.600000381469727,1434035,0.0,0.0
2022-12-02 11:30:00-05:00,27.598400115966797,27.799999237060547,27.201000213623047,27.280000686645508,608821,0.0,0.0
2022-12-02 12:30:00-05:00,27.270000457763672,27.56999969482422,27.17099952697754,27.5,343908,0.0,0.0
2022-12-02 13:30:00-05:00,27.510000228881836,27.649599075317383,27.309999465942383,27.350000381469727,409229,0.0,0.0
2022-12-02 14:30:00-05:00,27.34000015258789,27.5,27.260000228881836,27.299999237060547,452383,0.0,0.0
2022-12-02 15:30:00-05:00,27.309999465942383,27.549999237060547,27.25,27.510000228881836,563318,0.0,0.0
2022-12-05 09:30:00-05:00,27.309999465942383,27.479999542236328,26.309999465942383,26.420000076293945,1259716,0.0,0.0
2022-12-05 10:30:00-05:00,26.420000076293945,26.65839958190918,26.09000015258789,26.15999984741211,656185,0.0,0.0
2022-12-05 11:30:00-05:00,26.170000076293945,26.239999771118164,25.81999969482422,26.01449966430664,518884,0.0,0.0
2022-12-05 12:30:00-05:00,26.010000228881836,26.030000686645508,25.50200080871582,25.577999114990234,494526,0.0,0.0
2022-12-05 13:30:00-05:00,25.559999465942383,25.65999984741211,25.440000534057617,25.520000457763672,627337,0.0,0.0
2022-12-05 14:30:00-05:00,25.510000228881836,25.739999771118164,25.440000534057617,25.530000686645508,661220,0.0,0.0
2022-12-05 15:30:00-05:00,25.540000915527344,25.6200008392334,25.489999771118164,25.540000915527344,594142,0.0,0.0
2022-12-06 09:30:00-05:00,25.40999984741211,25.576099395751953,24.229999542236328,24.2549991607666,1599186,0.0,0.0
2022-12-06 10:30:00-05:00,24.239999771118164,24.8799991607666,24.239999771118164,24.75,827055,0.0,0.0
2022-12-06 11:30:00-05:00,24.75,24.81999969482422,24.21190071105957,24.313800811767578,671136,0.0,0.0
2022-12-06 12:30:00-05:00,24.30500030517578,24.440000534057617,23.8799991607666,23.899999618530273,798403,0.0,0.0
2022-12-06 13:30:00-05:00,23.905000686645508,23.920000076293945,23.280000686645508,23.309999465942383,1188669,0.0,0.0
2022-12-06 14:30:00-05:00,23.299999237060547,23.5,23.110000610351562,23.420000076293945,1459777,0.0,0.0
2022-12-06 15:30:00-05:00,23.43000030517578,23.489999771118164,23.260000228881836,23.440000534057617,1024105,0.0,0.0
2022-12-07 09:30:00-05:00,23.399999618530273,23.610000610351562,22.59000015258789,22.770000457763672,1833280,0.0,0.0
2022-12-07 10:30:00-05:00,22.764999389648438,23.3700008392334,22.719999313354492,22.940099716186523,804115,0.0,0.0
2022-12-07 11:30:00-05:00,22.93000030517578,22.959999084472656,22.470699310302734,22.519699096679688,1023808,0.0,0.0
2022-12-07 12:30:00-05:00,22.520000457763672,22.549999237060547,21.969999313354492,22.219999313354492,1547319,0.0,0.0
2022-12-07 13:30:00-05:00,22.209999084472656,22.760000228881836,22.200000762939453,22.56999969482422,1246541,0.0,0.0
2022-12-07 14:30:00-05:00,22.58989906311035,22.829999923706055,22.3700008392334,22.75,815862,0.0,0.0
2022-12-07 15:30:00-05:00,22.75,22.809999465942383,22.010000228881836,22.260000228881836,1625427,0.0,0.0
2022-12-08 09:30:00-05:00,22.0,24.5,21.969999313354492,24.426599502563477,3998576,0.0,0.0
2022-12-08 10:30:00-05:00,24.420000076293945,24.459999084472656,23.561500549316406,24.1200008392334,1342428,0.0,0.0
2022-12-08 11:30:00-05:00,24.1200008392334,24.65999984741211,23.940000534057617,24.1200008392334,1416513,0.0,0.0
2022-12-08 12:30:00-05:00,24.110000610351562,24.636600494384766,24.079999923706055,24.25,625142,0.0,0.0
2022-12-08 13:30:00-05:00,24.260000228881836,24.879899978637695,24.1200008392334,24.851600646972656,709852,0.0,0.0
2022-12-08 14:30:00-05:00,24.829999923706055,25.0,24.5,24.760000228881836,873270,0.0,0.0
2022-12-08 15:30:00-05:00,24.75,24.950000762939453,24.472200393676758,24.790000915527344,1022559,0.0,0.0
2022-12-09 09:30:00-05:00,24.59000015258789,24.59000015258789,23.260000228881836,23.34000015258789,1343305,0.0,0.0
2022-12-09 10:30:00-05:00,23.350000381469727,23.899999618530273,23.350000381469727,23.719999313354492,537896,0.0,0.0
2022-12-09 11:30:00-05:00,23.719999313354492,23.799999237060547,23.170000076293945,23.18000030517578,703562,0.0,0.0
2022-12-09 12:30:00-05:00,23.190000534057617,23.25,22.920000076293945,23.024999618530273,639251,0.0,0.0
2022-12-09 13:30:00-05:00,23.020000457763672,23.059999465942383,22.81999969482422,22.940000534057617,390939,0.0,0.0
2022-12-09 14:30:00-05:00,22.934999465942383,23.049999237060547,22.78660011291504,22.85930061340332,600135,0.0,0.0
2022-12-09 15:30:00-05:00,22.850000381469727,22.950000762939453,22.59000015258789,22.6200008392334,896013,0.0,0.0
2022-12-12 09:30:00-05:00,22.65999984741211,22.834999084472656,22.18000030517578,22.350000381469727,1068645,0.0,0.0
2022-12-12 10:30:00-05:00,22.344999313354492,23.109899520874023,22.222200393676758,22.802200317382812,664249,0.0,0.0
2022-12-12 11:30:00-05:00,22.799999237060547,23.149999618530273,22.75,22.969999313354492,451359,0.0,0.0
2022-12-12 12:30:00-05:00,22.959999084472656,23.081499099731445,22.719999313354492,22.729999542236328,351718,0.0,0.0
2022-12-12 13:30:00-05:00,22.739999771118164,22.8700008392334,22.690000534057617,22.81999969482422,172442,0.0,0.0
2022-12-12 14:30:00-05:00,22.809999465942383,22.989999771118164,22.760000228881836,22.8700008392334,310676,0.0,0.0
2022-12-12 15:30:00-05:00,22.889999389648438,22.950000762939453,22.670000076293945,22.690000534057617,496086,0.0,0.0
2022-12-13 09:30:00-05:00,23.549999237060547,23.700000762939453,22.440000534057617,22.450000762939453,1192370,0.0,0.0
2022-12-13 10:30:00-05:00,22.469999313354492,22.600000381469727,22.020000457763672,22.023000717163086,751193,0.0,0.0
2022-12-13 11:30:00-05:00,22.020000457763672,22.260000228881836,21.579999923706055,21.790000915527344,862776,0.0,0.0
2022-12-13 12:30:00-05:00,21.790000915527344,21.889999389648438,21.6200008392334,21.655000686645508,458452,0.0,0.0
2022-12-13 13:30:00-05:00,21.65999984741211,21.850000381469727,21.575000762939453,21.65999984741211,416889,0.0,0.0
2022-12-13 14:30:00-05:00,21.65999984741211,21.760000228881836,21.06999969482422,21.139999389648438,927907,0.0,0.0
2022-12-13 15:30:00-05:00,21.148399353027344,21.15999984741211,20.825000762939453,21.020000457763672,1402066,0.0,0.0
2022-12-14 09:30:00-05:00,21.190000534057617,21.989999771118164,21.010000228881836,21.81999969482422,1536541,0.0,0.0
2022-12-14 10:30:00-05:00,21.823999404907227,21.940000534057617,21.43000030517578,21.667800903320312,582176,0.0,0.0
2022-12-14 11:30:00-05:00,21.65999984741211,21.860000610351562,21.450000762939453,21.510000228881836,364014,0.0,0.0
2022-12-14 12:30:00-05:00,21.510000228881836,21.70549964904785,21.420000076293945,21.610000610351562,302679,0.0,0.0
2022-12-14 13:30:00-05:00,21.6200008392334,22.0,21.25,21.469999313354492,575063,0.0,0.0
2022-12-14 14:30:00-05:00,21.469999313354492,21.540000915527344,21.059999465942383,21.111000061035156,544748,0.0,0.0
2022-12-14 15:30:00-05:00,21.100000381469727,21.190000534057617,21.020000457763672,21.058900833129883,493255,0.0,0.0
2022-12-15 09:30:00-05:00,20.739999771118164,21.440000534057617,20.43000030517578,21.292999267578125,1329993,0.0,0.0
2022-12-15 10:30:00-05:00,21.315000534057617,21.399999618530273,20.350000381469727,20.3700008392334,678367,0.0,0.0
2022-12-15 11:30:00-05:00,20.360000610351562,20.55500030517578,20.239999771118164,20.510000228881836,584772,0.0,0.0
2022-12-15 12:30:00-05:00,20.510000228881836,20.610000610351562,20.334999084472656,20.5049991607666,440344,0.0,0.0
2022-12-15 13:30:00-05:00,20.5,20.610000610351562,20.309999465942383,20.44849967956543,459358,0.0,0.0
2022-12-15 14:30:00-05:00,20.440000534057617,20.829999923706055,20.440000534057617,20.71500015258789,522306,0.0,0.0
2022-12-15 15:30:00-05:00,20.71500015258789,20.71500015258789,20.520000457763672,20.600000381469727,634984,0.0,0.0
2022-12-16 09:30:00-05:00,20.479999542236328,20.969999313354492,20.040000915527344,20.1299991607666,839948,0.0,0.0
2022-12-16 10:30:00-05:00,20.1200008392334,20.3799991607666,20.010000228881836,20.06999969482422,568054,0.0,0.0
2022-12-16 11:30:00-05:00,20.059999465942383,20.3799991607666,20.010000228881836,20.34000015258789,569465,0.0,0.0
2022-12-16 12:30:00-05:00,20.34000015258789,20.459999084472656,20.139999389648438,20.28499984741211,234826,0.0,0.0
2022-12-16 13:30:00-05:00,20.290000915527344,20.5,20.200000762939453,20.479999542236328,369358,0.0,0.0
2022-12-16 14:30:00-05:00,20.479999542236328,20.600000381469727,20.360000610351562,20.5,496328,0.0,0.0
2022-12-16 15:30:00-05:00,20.5,21.114999771118164,20.489999771118164,20.799999237060547,1063888,0.0,0.0
2022-12-19 09:30:00-05:00,20.549999237060547,20.889999389648438,20.1200008392334,20.459999084472656,835321,0.0,0.0
2022-12-19 10:30:00-05:00,20.440000534057617,20.530000686645508,20.020000457763672,20.100000381469727,345890,0.0,0.0
2022-12-19 11:30:00-05:00,20.09000015258789,20.1299991607666,19.592500686645508,19.90999984741211,937484,0.0,0.0
2022-12-19 12:30:00-05:00,19.920000076293945,20.200000762939453,19.780000686645508,20.084999084472656,317125,0.0,0.0
2022-12-19 13:30:00-05:00,20.09000015258789,20.09000015258789,19.8700008392334,20.020000457763672,356864,0.0,0.0
2022-12-19 14:30:00-05:00,20.020000457763672,20.179899215698242,19.940000534057617,19.959999084472656,373575,0.0,0.0
2022-12-19 15:30:00-05:00,19.96500015258789,20.010000228881836,19.8799991607666,19.920000076293945,392618,0.0,0.0
2022-12-20 09:30:00-05:00,19.860000610351562,20.6299991607666,19.62380027770996,20.459999084472656,852714,0.0,0.0
2022-12-20 10:30:00-05:00,20.5,21.31999969482422,20.049999237060547,20.1299991607666,1203783,0.0,0.0
2022-12-20 11:30:00-05:00,20.125,20.404600143432617,20.110000610351562,20.25,377851,0.0,0.0
2022-12-20 12:30:00-05:00,20.25,20.540000915527344,20.170000076293945,20.531400680541992,333220,0.0,0.0
2022-12-20 13:30:00-05:00,20.530000686645508,20.739700317382812,20.459999084472656,20.471599578857422,330450,0.0,0.0
2022-12-20 14:30:00-05:00,20.469999313354492,20.59000015258789,20.3700008392334,20.584999084472656,328721,0.0,0.0
2022-12-20 15:30:00-05:00,20.589399337768555,20.610000610351562,20.260000228881836,20.270000457763672,629825,0.0,0.0
2022-12-21 09:30:00-05:00,20.399999618530273,20.78849983215332,20.270000457763672,20.40999984741211,560184,0.0,0.0
2022-12-21 10:30:00-05:00,20.420000076293945,20.899999618530273,20.389999389648438,20.510000228881836,471304,0.0,0.0
2022-12-21 11:30:00-05:00,20.514999389648438,20.649999618530273,20.440000534057617,20.510000228881836,193924,0.0,0.0
2022-12-21 12:30:00-05:00,20.510000228881836,20.6299991607666,20.18000030517578,20.200000762939453,246876,0.0,0.0
2022-12-21 13:30:00-05:00,20.209999084472656,20.479999542236328,20.18000030517578,20.450000762939453,242156,0.0,0.0
2022-12-21 14:30:00-05:00,20.450000762939453,20.548200607299805,20.219999313354492,20.229999542236328,224622,0.0,0.0
2022-12-21 15:30:00-05:00,20.239999771118164,20.6200008392334,20.229999542236328,20.559999465942383,580380,0.0,0.0
2022-12-22 09:30:00-05:00,20.5,20.5,19.45170021057129,19.469999313354492,1088480,0.0,0.0
2022-12-22 10:30:00-05:00,19.459999084472656,19.739999771118164,19.311100006103516,19.559999465942383,823822,0.0,0.0
2022-12-22 11:30:00-05:00,19.549999237060547,19.670000076293945,18.780000686645508,18.800899505615234,917346,0.0,0.0
2022-12-22 12:30:00-05:00,18.809999465942383,18.969999313354492,18.5,18.655000686645508,974886,0.0,0.0
2022-12-22 13:30:00-05:00,18.658000946044922,19.13089942932129,18.649999618530273,19.100000381469727,461561,0.0,0.0
2022-12-22 14:30:00-05:00,19.079999923706055,19.549999237060547,19.0,19.459999084472656,404331,0.0,0.0
2022-12-22 15:30:00-05:00,19.459999084472656,19.84000015258789,19.350000381469727,19.799999237060547,497314,0.0,0.0
2022-12-23 09:30:00-05:00,20.0,20.40999984741211,19.649999618530273,20.100000381469727,733782,0.0,0.0
2022-12-23 10:30:00-05:00,20.087900161743164,20.399999618530273,20.04199981689453,20.209999084472656,485279,0.0,0.0
2022-12-23 11:30:00-05:00,20.209999084472656,20.479999542236328,20.149999618530273,20.239999771118164,324697,0.0,0.0
2022-12-23 12:30:00-05:00,20.229999542236328,20.43000030517578,20.200000762939453,20.3799991607666,231346,0.0,0.0
2022-12-23 13:30:00-05:00,20.375,20.6299991607666,20.21500015258789,20.21500015258789,399761,0.0,0.0
2022-12-23 14:30:00-05:00,20.209999084472656,20.409000396728516,20.163299560546875,20.200899124145508,371664,0.0,0.0
2022-12-23 15:30:00-05:00,20.204999923706055,20.209999084472656,19.969999313354492,20.059999465942383,521886,0.0,0.0
2022-12-27 09:30:00-05:00,19.90999984741211,19.989999771118164,19.070499420166016,19.239999771118164,760074,0.0,0.0
2022-12-27 10:30:00-05:00,19.229999542236328,19.489999771118164,19.079999923706055,19.239999771118164,392166,0.0,0.0
2022-12-27 11:30:00-05:00,19.229999542236328,19.270000457763672,18.940000534057617,18.986000061035156,365879,0.0,0.0
2022-12-27 12:30:00-05:00,18.979999542236328,19.06999969482422,18.579999923706055,18.584999084472656,576330,0.0,0.0
2022-12-27 13:30:00-05:00,18.579999923706055,18.6200008392334,18.079999923706055,18.100000381469727,839958,0.0,0.0
2022-12-27 14:30:00-05:00,18.108699798583984,18.530000686645508,18.0,18.305599212646484,648656,0.0,0.0
2022-12-27 15:30:00-05:00,18.30500030517578,18.3700008392334,18.100000381469727,18.200000762939453,556239,0.0,0.0
2022-12-28 09:30:00-05:00,18.290000915527344,18.700000762939453,17.079999923706055,17.079999923706055,1387163,0.0,0.0
2022-12-28 10:30:00-05:00,17.081600189208984,17.65399932861328,16.979999542236328,17.600000381469727,797808,0.0,0.0
2022-12-28 11:30:00-05:00,17.610000610351562,17.6200008392334,17.100000381469727,17.235000610351562,414088,0.0,0.0
2022-12-28 12:30:00-05:00,17.235000610351562,17.604999542236328,17.139999389648438,17.415000915527344,604347,0.0,0.0
2022-12-28 13:30:00-05:00,17.415000915527344,18.079999923706055,17.399999618530273,18.0049991607666,769701,0.0,0.0
2022-12-28 14:30:00-05:00,18.0049991607666,18.110000610351562,17.674999237060547,17.915000915527344,1345632,0.0,0.0
2022-12-28 15:30:00-05:00,17.915000915527344,17.950000762939453,17.821199417114258,17.920000076293945,296775,0.0,0.0
2022-12-29 09:30:00-05:00,18.1200008392334,18.4468994140625,17.75,18.260000228881836,930669,0.0,0.0
2022-12-29 10:30:00-05:00,18.260000228881836,18.56999969482422,18.15999984741211,18.209999084472656,535810,0.0,0.0
2022-12-29 11:30:00-05:00,18.219999313354492,18.469999313354492,18.219999313354492,18.395000457763672,300534,0.0,0.0
2022-12-29 12:30:00-05:00,18.389999389648438,18.43000030517578,18.059999465942383,18.200000762939453,402886,0.0,0.0
2022-12-29 13:30:00-05:00,18.200000762939453,18.329999923706055,18.1299991607666,18.26180076599121,309523,0.0,0.0
2022-12-29 14:30:00-05:00,18.2539005279541,18.350000381469727,18.209999084472656,18.239999771118164,353093,0.0,0.0
2022-12-29 15:30:00-05:00,18.239999771118164,18.3700008392334,18.15999984741211,18.34000015258789,478503,0.0,0.0
2022-12-30 09:30:00-05:00,17.989999771118164,18.44499969482422,17.959999084472656,18.360000610351562,483383,0.0,0.0
2022-12-30 10:30:00-05:00,18.35810089111328,18.56999969482422,18.225000381469727,18.239999771118164,328075,0.0,0.0
2022-12-30 11:30:00-05:00,18.229999542236328,18.479999542236328,18.219999313354492,18.34000015258789,288751,0.0,0.0
2022-12-30 12:30:00-05:00,18.350000381469727,18.389999389648438,18.229999542236328,18.270000457763672,198335,0.0,0.0
2022-12-30 13:30:00-05:00,18.272499084472656,18.34000015258789,18.09000015258789,18.110200881958008,243071,0.0,0.0
2022-12-30 14:30:00-05:00,18.1200008392334,18.31999969482422,18.010000228881836,18.280000686645508,324828,0.0,0.0
2022-12-30 15:30:00-05:00,18.280000686645508,18.575000762939453,18.280000686645508,18.450000762939453,582337,0.0,0.0
2023-01-03 09:30:00-05:00,18.639999389648438,19.260000228881836,17.829999923706055,17.959999084472656,1037548,0.0,0.0
2023-01-03 10:30:00-05:00,17.979999542236328,18.030000686645508,17.579999923706055,17.610000610351562,574722,0.0,0.0
2023-01-03 11:30:00-05:00,17.6200008392334,17.628000259399414,17.389999389648438,17.399999618530273,729196,0.0,0.0
2023-01-03 12:30:00-05:00,17.40250015258789,17.479999542236328,17.18000030517578,17.28420066833496,793864,0.0,0.0
2023-01-03 13:30:00-05:00,17.280000686645508,17.34000015258789,17.090999603271484,17.299999237060547,525594,0.0,0.0
2023-01-03 14:30:00-05:00,17.299999237060547,17.6299991607666,17.219999313354492,17.424999237060547,807901,0.0,0.0
2023-01-03 15:30:00-05:00,17.434999465942383,17.520000457763672,17.200000762939453,17.200000762939453,531084,0.0,0.0
2023-01-04 09:30:00-05:00,17.25,17.5,16.899999618530273,17.020000457763672,737937,0.0,0.0
2023-01-04 10:30:00-05:00,17.040000915527344,17.739999771118164,16.90999984741211,17.639999389648438,680348,0.0,0.0
2023-01-04 11:30:00-05:00,17.663000106811523,17.93000030517578,17.510000228881836,17.579999923706055,518592,0.0,0.0
2023-01-04 12:30:00-05:00,17.59000015258789,17.770000457763672,17.459999084472656,17.719999313354492,272223,0.0,0.0
2023-01-04 13:30:00-05:00,17.729999542236328,17.805999755859375,17.270000457763672,17.299999237060547,395234,0.0,0.0
2023-01-04 14:30:00-05:00,17.28700065612793,17.449899673461914,17.219999313354492,17.219999313354492,440146,0.0,0.0
2023-01-04 15:30:00-05:00,17.219999313354492,17.34000015258789,17.059999465942383,17.33180046081543,711328,0.0,0.0
2023-01-05 09:30:00-05:00,17.059999465942383,17.260000228881836,16.40999984741211,16.43000030517578,1389026,0.0,0.0
2023-01-05 10:30:00-05:00,16.43000030517578,16.45989990234375,16.110000610351562,16.18000030517578,1140889,0.0,0.0
2023-01-05 11:30:00-05:00,16.190000534057617,16.540000915527344,16.13800048828125,16.31999969482422,576882,0.0,0.0
2023-01-05 12:30:00-05:00,16.31999969482422,16.424999237060547,16.170000076293945,16.280000686645508,390483,0.0,0.0
2023-01-05 13:30:00-05:00,16.280000686645508,16.31999969482422,16.09079933166504,16.1299991607666,586985,0.0,0.0
2023-01-05 14:30:00-05:00,16.1299991607666,16.18000030517578,15.890000343322754,15.90999984741211,772652,0.0,0.0
2023-01-05 15:30:00-05:00,15.90999984741211,16.270000457763672,15.90999984741211,16.239900588989258,960022,0.0,0.0
2023-01-06 09:30:00-05:00,16.0,16.200000762939453,15.520000457763672,15.531800270080566,1545091,0.0,0.0
2023-01-06 10:30:00-05:00,15.530099868774414,16.309999465942383,15.40999984741211,16.0,856281,0.0,0.0
2023-01-06 11:30:00-05:00,16.020000457763672,16.149999618530273,15.880000114440918,15.9399995803833,346004,0.0,0.0
2023-01-06 12:30:00-05:00,15.949999809265137,16.020000457763672,15.831299781799316,15.9399995803833,250320,0.0,0.0
2023-01-06 13:30:00-05:00,15.949999809265137,16.190000534057617,15.9399995803833,15.960000038146973,319624,0.0,0.0
2023-01-06 14:30:00-05:00,15.960000038146973,16.239999771118164,15.958499908447266,16.215200424194336,394192,0.0,0.0
2023-01-06 15:30:00-05:00,16.210100173950195,16.56999969482422,16.209999084472656,16.459999084472656,964802,0.0,0.0
2023-01-09 09:30:00-05:00,16.649999618530273,17.1299991607666,16.450000762939453,16.860000610351562,1017794,0.0,0.0
2023-01-09 10:30:00-05:00,16.860000610351562,16.989999771118164,16.6299991607666,16.8700008392334,458951,0.0,0.0
2023-01-09 11:30:00-05:00,16.864999771118164,16.925800323486328,16.690000534057617,16.920000076293945,332839,0.0,0.0
2023-01-09 12:30:00-05:00,16.920000076293945,16.93000030517578,16.58099937438965,16.809999465942383,359779,0.0,0.0
2023-01-09 13:30:00-05:00,16.81999969482422,16.81999969482422,16.565000534057617,16.774999618530273,324391,0.0,0.0
2023-01-09 14:30:00-05:00,16.770999908447266,16.780000686645508,16.3700008392334,16.489999771118164,444426,0.0,0.0
2023-01-09 15:30:00-05:00,16.489999771118164,16.514999389648438,16.360000610351562,16.3799991607666,426585,0.0,0.0
2023-01-10 09:30:00-05:00,16.299999237060547,16.75,16.280000686645508,16.350000381469727,610459,0.0,0.0
2023-01-10 10:30:00-05:00,16.350000381469727,16.700000762939453,16.25,16.459999084472656,322276,0.0,0.0
2023-01-10 11:30:00-05:00,16.469999313354492,16.56999969482422,16.360000610351562,16.520000457763672,215030,0.0,0.0
2023-01-10 12:30:00-05:00,16.520000457763672,16.635000228881836,16.469999313354492,16.560699462890625,205752,0.0,0.0
2023-01-10 13:30:00-05:00,16.559999465942383,16.809999465942383,16.549999237060547,16.809999465942383,278995,0.0,0.0
2023-01-10 14:30:00-05:00,16.80500030517578,17.5,16.770000457763672,17.5,1035822,0.0,0.0
2023-01-10 15:30:00-05:00,17.499900817871094,18.09000015258789,17.459999084472656,17.75,1589973,0.0,0.0
2023-01-11 09:30:00-05:00,18.190000534057617,20.049999237060547,17.860000610351562,19.25,4034427,0.0,0.0
2023-01-11 10:30:00-05:00,19.280000686645508,19.289899826049805,18.565500259399414,18.6200008392334,1325883,0.0,0.0
2023-01-11 11:30:00-05:00,18.610000610351562,18.799999237060547,18.520000457763672,18.62350082397461,417032,0.0,0.0
2023-01-11 12:30:00-05:00,18.6299991607666,18.850000381469727,18.460599899291992,18.670000076293945,488249,0.0,0.0
2023-01-11 13:30:00-05:00,18.68000030517578,19.270000457763672,18.68000030517578,19.059999465942383,833826,0.0,0.0
2023-01-11 14:30:00-05:00,19.040000915527344,19.139999389648438,18.75,18.75,413957,0.0,0.0
2023-01-11 15:30:00-05:00,18.75,19.030000686645508,18.640100479125977,19.020000457763672,627298,0.0,0.0
2023-01-12 09:30:00-05:00,19.040000915527344,19.579999923706055,18.34000015258789,18.969999313354492,1260357,0.0,0.0
2023-01-12 10:30:00-05:00,18.950000762939453,19.25,18.68000030517578,19.010000228881836,413062,0.0,0.0
2023-01-12 11:30:00-05:00,19.024999618530273,19.389999389648438,18.950000762939453,19.3799991607666,400625,0.0,0.0
2023-01-12 12:30:00-05:00,19.384599685668945,19.739999771118164,19.229999542236328,19.25,710245,0.0,0.0
2023-01-12 13:30:00-05:00,19.219999313354492,19.690000534057617,19.190000534057617,19.6200008392334,319083,0.0,0.0
2023-01-12 14:30:00-05:00,19.61210060119629,19.950000762939453,19.59000015258789,19.947500228881836,955988,0.0,0.0
2023-01-12 15:30:00-05:00,19.940000534057617,20.6299991607666,19.93000030517578,20.617300033569336,1517121,0.0,0.0
2023-01-13 09:30:00-05:00,19.8799991607666,20.799999237060547,19.799999237060547,20.59000015258789,1504344,0.0,0.0
2023-01-13 10:30:00-05:00,20.559999465942383,21.110000610351562,20.420000076293945,20.709999084472656,844371,0.0,0.0
2023-01-13 11:30:00-05:00,20.719999313354492,20.899999618530273,20.540000915527344,20.889999389648438,569734,0.0,0.0
2023-01-13 12:30:00-05:00,20.889999389648438,21.06999969482422,20.299999237060547,20.6200008392334,701162,0.0,0.0
2023-01-13 13:30:00-05:00,20.610000610351562,20.780000686645508,20.530000686645508,20.62150001525879,379180,0.0,0.0
2023-01-13 14:30:00-05:00,20.639999389648438,20.641599655151367,20.170000076293945,20.440000534057617,486233,0.0,0.0
2023-01-13 15:30:00-05:00,20.450000762939453,20.489999771118164,20.280000686645508,20.459999084472656,723930,0.0,0.0
2023-01-17 09:30:00-05:00,20.420000076293945,21.34000015258789,20.420000076293945,21.11009979248047,1100528,0.0,0.0
2023-01-17 10:30:00-05:00,21.139999389648438,21.260000228881836,20.729999542236328,20.90999984741211,536955,0.0,0.0
2023-01-17 11:30:00-05:00,20.920000076293945,21.549999237060547,20.8799991607666,21.385000228881836,603270,0.0,0.0
2023-01-17 12:30:00-05:00,21.40329933166504,21.700000762939453,21.020000457763672,21.700000762939453,444087,0.0,0.0
2023-01-17 13:30:00-05:00,21.71500015258789,21.889999389648438,21.40999984741211,21.670000076293945,985395,0.0,0.0
2023-01-17 14:30:00-05:00,21.65999984741211,21.940000534057617,21.549999237060547,21.558900833129883,377534,0.0,0.0
2023-01-17 15:30:00-05:00,21.550100326538086,21.81999969482422,21.530000686645508,21.809999465942383,574671,0.0,0.0
2023-01-18 09:30:00-05:00,22.010000228881836,22.149999618530273,21.299999237060547,21.93000030517578,1346501,0.0,0.0
2023-01-18 10:30:00-05:00,21.936199188232422,21.936199188232422,20.989999771118164,21.194900512695312,1247886,0.0,0.0
2023-01-18 11:30:00-05:00,21.204999923706055,21.309999465942383,20.68000030517578,20.860000610351562,1031186,0.0,0.0
2023-01-18 12:30:00-05:00,20.8700008392334,20.935800552368164,20.549999237060547,20.770000457763672,472416,0.0,0.0
2023-01-18 13:30:00-05:00,20.770000457763672,21.229999542236328,20.719999313354492,20.940000534057617,392177,0.0,0.0
2023-01-18 14:30:00-05:00,20.950000762939453,21.020000457763672,20.62380027770996,20.68000030517578,319321,0.0,0.0
2023-01-18 15:30:00-05:00,20.67729949951172,20.790000915527344,20.5,20.790000915527344,648765,0.0,0.0
2023-01-19 09:30:00-05:00,20.440000534057617,20.450000762939453,18.90999984741211,18.920000076293945,1501928,0.0,0.0
2023-01-19 10:30:00-05:00,18.918100357055664,19.299999237060547,18.81999969482422,19.020000457763672,949713,0.0,0.0
2023-01-19 11:30:00-05:00,19.014999389648438,19.170400619506836,18.850000381469727,19.100000381469727,467492,0.0,0.0
2023-01-19 12:30:00-05:00,19.09000015258789,19.190000534057617,18.997299194335938,19.10700035095215,227567,0.0,0.0
2023-01-19 13:30:00-05:00,19.110000610351562,19.459999084472656,19.110000610351562,19.40999984741211,462945,0.0,0.0
2023-01-19 14:30:00-05:00,19.40999984741211,19.420000076293945,19.229999542236328,19.229999542236328,357498,0.0,0.0
2023-01-19 15:30:00-05:00,19.239999771118164,19.239999771118164,18.979999542236328,19.040000915527344,417884,0.0,0.0
2023-01-20 09:30:00-05:00,19.049999237060547,19.432899475097656,18.899999618530273,19.329999923706055,562478,0.0,0.0
2023-01-20 10:30:00-05:00,19.323999404907227,19.549999237060547,19.209999084472656,19.40290069580078,376392,0.0,0.0
2023-01-20 11:30:00-05:00,19.40999984741211,19.459999084472656,19.25,19.34000015258789,265846,0.0,0.0
2023-01-20 12:30:00-05:00,19.34000015258789,19.440000534057617,19.280000686645508,19.339099884033203,209465,0.0,0.0
2023-01-20 13:30:00-05:00,19.34000015258789,19.908000946044922,19.34000015258789,19.895000457763672,400892,0.0,0.0
2023-01-20 14:30:00-05:00,19.899999618530273,20.069900512695312,19.790000915527344,19.989999771118164,754351,0.0,0.0
2023-01-20 15:30:00-05:00,20.0,20.030000686645508,19.538999557495117,19.639999389648438,844045,0.0,0.0
2023-01-23 09:30:00-05:00,19.5,20.579999923706055,19.3700008392334,20.50079917907715,810473,0.0,0.0
2023-01-23 10:30:00-05:00,20.520000457763672,21.450000762939453,20.450000762939453,21.450000762939453,1261892,0.0,0.0
2023-01-23 11:30:00-05:00,21.469999313354492,22.149999618530273,21.329999923706055,22.03059959411621,1355569,0.0,0.0
2023-01-23 12:30:00-05:00,22.040000915527344,22.489999771118164,21.829999923706055,21.98859977722168,1635774,0.0,0.0
2023-01-23 13:30:00-05:00,21.97450065612793,22.209999084472656,21.65999984741211,21.780000686645508,856481,0.0,0.0
2023-01-23 14:30:00-05:00,21.780000686645508,21.93000030517578,21.336299896240234,21.649999618530273,708174,0.0,0.0
2023-01-23 15:30:00-05:00,21.649999618530273,21.780000686645508,21.6299991607666,21.649999618530273,445564,0.0,0.0
2023-01-24 09:30:00-05:00,21.299999237060547,22.09000015258789,21.0,21.459999084472656,852808,0.0,0.0
2023-01-24 10:30:00-05:00,21.420000076293945,21.790000915527344,21.28030014038086,21.700000762939453,280165,0.0,0.0
2023-01-24 11:30:00-05:00,21.719999313354492,21.790000915527344,21.471500396728516,21.729999542236328,178997,0.0,0.0
2023-01-24 12:30:00-05:00,21.75,21.75,21.389999389648438,21.489999771118164,166265,0.0,0.0
2023-01-24 13:30:00-05:00,21.524599075317383,21.6200008392334,21.329999923706055,21.47209930419922,157571,0.0,0.0
2023-01-24 14:30:00-05:00,21.475000381469727,21.780000686645508,21.329999923706055,21.75,265938,0.0,0.0
2023-01-24 15:30:00-05:00,21.750200271606445,21.81999969482422,21.399999618530273,21.40999984741211,377445,0.0,0.0
2023-01-25 09:30:00-05:00,20.59000015258789,20.610000610351562,19.530000686645508,19.700000762939453,1184328,0.0,0.0
2023-01-25 10:30:00-05:00,19.717300415039062,20.300100326538086,19.704999923706055,20.160900115966797,535063,0.0,0.0
2023-01-25 11:30:00-05:00,20.15999984741211,20.239999771118164,20.020000457763672,20.1200008392334,227644,0.0,0.0
2023-01-25 12:30:00-05:00,20.1200008392334,20.440000534057617,20.049999237060547,20.399999618530273,215747,0.0,0.0
2023-01-25 13:30:00-05:00,20.413999557495117,20.579999923706055,20.350000381469727,20.360000610351562,243608,0.0,0.0
2023-01-25 14:30:00-05:00,20.3799991607666,20.84000015258789,20.330400466918945,20.635000228881836,366579,0.0,0.0
2023-01-25 15:30:00-05:00,20.639999389648438,20.65999984741211,20.219999313354492,20.239999771118164,600521,0.0,0.0
2023-01-26 09:30:00-05:00,20.610000610351562,21.168500900268555,20.010000228881836,20.334999084472656,751995,0.0,0.0
2023-01-26 10:30:00-05:00,20.33810043334961,20.5,20.040000915527344,20.229999542236328,286391,0.0,0.0
2023-01-26 11:30:00-05:00,20.229999542236328,20.420000076293945,20.1299991607666,20.38759994506836,179600,0.0,0.0
2023-01-26 12:30:00-05:00,20.3700008392334,20.450000762939453,20.1200008392334,20.169099807739258,194143,0.0,0.0
2023-01-26 13:30:00-05:00,20.15999984741211,20.209999084472656,19.93000030517578,20.110000610351562,307534,0.0,0.0
2023-01-26 14:30:00-05:00,20.11389923095703,20.198299407958984,19.3799991607666,19.889999389648438,1317103,0.0,0.0
2023-01-26 15:30:00-05:00,19.900999069213867,20.079999923706055,19.850000381469727,20.0,408552,0.0,0.0
2023-01-27 09:30:00-05:00,19.799999237060547,20.277999877929688,19.649999618530273,19.899999618530273,492223,0.0,0.0
2023-01-27 10:30:00-05:00,19.90999984741211,19.950000762939453,19.40999984741211,19.510000228881836,580687,0.0,0.0
2023-01-27 11:30:00-05:00,19.510000228881836,20.200000762939453,19.510000228881836,20.170000076293945,552620,0.0,0.0
2023-01-27 12:30:00-05:00,20.170000076293945,22.170000076293945,20.120100021362305,21.917299270629883,3135747,0.0,0.0
2023-01-27 13:30:00-05:00,21.925600051879883,23.260000228881836,21.922300338745117,22.815000534057617,3251223,0.0,0.0
2023-01-27 14:30:00-05:00,22.81999969482422,23.309999465942383,22.290000915527344,22.524999618530273,2235581,0.0,0.0
2023-01-27 15:30:00-05:00,22.520999908447266,22.920000076293945,22.40999984741211,22.81999969482422,1334254,0.0,0.0
2023-01-30 09:30:00-05:00,22.5,23.479999542236328,21.899999618530273,22.424999237060547,2144387,0.0,0.0
2023-01-30 10:30:00-05:00,22.413299560546875,22.549999237060547,22.010000228881836,22.1299991607666,558331,0.0,0.0
2023-01-30 11:30:00-05:00,22.1299991607666,22.260000228881836,21.740400314331055,21.979999542236328,548745,0.0,0.0
2023-01-30 12:30:00-05:00,21.969999313354492,22.100000381469727,21.829999923706055,21.958799362182617,280888,0.0,0.0
2023-01-30 13:30:00-05:00,21.950000762939453,21.950000762939453,21.3700008392334,21.399999618530273,611128,0.0,0.0
2023-01-30 14:30:00-05:00,21.3799991607666,21.489999771118164,21.299999237060547,21.405000686645508,265692,0.0,0.0
2023-01-30 15:30:00-05:00,21.405000686645508,21.405000686645508,21.1299991607666,21.270000457763672,454374,0.0,0.0
2023-01-31 09:30:00-05:00,21.40999984741211,21.940000534057617,21.299999237060547,21.8700008392334,575051,0.0,0.0
2023-01-31 10:30:00-05:00,21.893699645996094,22.049999237060547,21.6200008392334,21.809999465942383,474726,0.0,0.0
2023-01-31 11:30:00-05:00,21.802099227905273,21.8799991607666,21.610000610351562,21.819000244140625,190285,0.0,0.0
2023-01-31 12:30:00-05:00,21.81999969482422,21.84000015258789,21.450000762939453,21.52199935913086,338741,0.0,0.0
2023-01-31 13:30:00-05:00,21.530000686645508,21.65999984741211,21.43000030517578,21.56999969482422,265332,0.0,0.0
2023-01-31 14:30:00-05:00,21.600000381469727,21.65999984741211,21.40999984741211,21.420000076293945,226961,0.0,0.0
2023-01-31 15:30:00-05:00,21.43000030517578,21.860000610351562,21.43000030517578,21.860000610351562,516547,0.0,0.0
2023-02-01 09:30:00-05:00,21.489999771118164,21.81999969482422,21.09000015258789,21.459999084472656,808213,0.0,0.0
2023-02-01 10:30:00-05:00,21.479999542236328,21.524999618530273,20.610000610351562,20.77989959716797,677857,0.0,0.0
2023-02-01 11:30:00-05:00,20.760000228881836,20.860000610351562,20.575599670410156,20.614999771118164,364644,0.0,0.0
2023-02-01 12:30:00-05:00,20.614999771118164,20.93000030517578,20.56999969482422,20.790000915527344,282883,0.0,0.0
2023-02-01 13:30:00-05:00,20.799999237060547,21.079999923706055,20.6299991607666,20.77739906311035,378498,0.0,0.0
2023-02-01 14:30:00-05:00,20.799999237060547,21.950000762939453,20.549999237060547,21.80500030517578,1199725,0.0,0.0
2023-02-01 15:30:00-05:00,21.809999465942383,22.1200008392334,21.704999923706055,21.829999923706055,648483,0.0,0.0
2023-02-02 09:30:00-05:00,22.75,23.329999923706055,22.25,23.200000762939453,2148612,0.0,0.0
2023-02-02 10:30:00-05:00,23.202199935913086,24.399999618530273,23.06999969482422,23.56999969482422,2289894,0.0,0.0
2023-02-02 11:30:00-05:00,23.555099487304688,23.56999969482422,23.06999969482422,23.09000015258789,632209,0.0,0.0
2023-02-02 12:30:00-05:00,23.079999923706055,23.420000076293945,23.079999923706055,23.139999389648438,434430,0.0,0.0
2023-02-02 13:30:00-05:00,23.1299991607666,23.549999237060547,22.790000915527344,22.830400466918945,775446,0.0,0.0
2023-02-02 14:30:00-05:00,22.860000610351562,22.889999389648438,22.219999313354492,22.459999084472656,651531,0.0,0.0
2023-02-02 15:30:00-05:00,22.4689998626709,22.863500595092773,22.459999084472656,22.729999542236328,538515,0.0,0.0
2023-02-03 09:30:00-05:00,22.010000228881836,23.92609977722168,21.93000030517578,23.239999771118164,1868019,0.0,0.0
2023-02-03 10:30:00-05:00,23.239999771118164,23.420000076293945,22.719999313354492,22.90999984741211,531383,0.0,0.0
2023-02-03 11:30:00-05:00,22.920000076293945,22.979999542236328,22.424999237060547,22.514999389648438,526517,0.0,0.0
2023-02-03 12:30:00-05:00,22.5,22.559999465942383,22.040000915527344,22.200000762939453,457776,0.0,0.0
2023-02-03 13:30:00-05:00,22.200000762939453,22.420000076293945,21.969999313354492,22.299999237060547,408564,0.0,0.0
2023-02-03 14:30:00-05:00,22.290000915527344,22.290000915527344,21.799999237060547,22.209999084472656,535591,0.0,0.0
2023-02-03 15:30:00-05:00,22.205400466918945,22.280000686645508,22.049999237060547,22.260000228881836,452374,0.0,0.0
2023-02-06 09:30:00-05:00,22.149999618530273,22.649900436401367,22.059999465942383,22.125,603397,0.0,0.0
2023-02-06 10:30:00-05:00,22.079999923706055,23.010000228881836,21.899999618530273,22.82859992980957,840071,0.0,0.0
2023-02-06 11:30:00-05:00,22.84000015258789,23.229999542236328,22.829999923706055,23.1200008392334,807325,0.0,0.0
2023-02-06 12:30:00-05:00,23.1200008392334,23.25,22.8799991607666,22.979999542236328,629096,0.0,0.0
2023-02-06 13:30:00-05:00,22.959999084472656,23.579999923706055,22.959999084472656,23.31999969482422,876133,0.0,0.0
2023-02-06 14:30:00-05:00,23.329999923706055,24.700000762939453,23.239999771118164,24.690000534057617,1738909,0.0,0.0
2023-02-06 15:30:00-05:00,24.674999237060547,24.8799991607666,23.540000915527344,23.860000610351562,2902589,0.0,0.0
2023-02-07 09:30:00-05:00,23.0,23.049999237060547,21.020099639892578,21.06999969482422,3165508,0.0,0.0
2023-02-07 10:30:00-05:00,21.06999969482422,21.649999618530273,21.020000457763672,21.241199493408203,943425,0.0,0.0
2023-02-07 11:30:00-05:00,21.25,21.270000457763672,20.875,21.010000228881836,1201173,0.0,0.0
2023-02-07 12:30:00-05:00,21.010000228881836,21.637100219726562,20.8799991607666,21.0,915084,0.0,0.0
2023-02-07 13:30:00-05:00,21.0049991607666,21.010000228881836,20.600000381469727,20.6200008392334,951726,0.0,0.0
2023-02-07 14:30:00-05:00,20.6200008392334,21.139999389648438,20.5,21.1200008392334,1140925,0.0,0.0
2023-02-07 15:30:00-05:00,21.1200008392334,21.239999771118164,21.014999389648438,21.229999542236328,605416,0.0,0.0
2023-02-08 09:30:00-05:00,21.43000030517578,21.549999237060547,20.610000610351562,21.22010040283203,928541,0.0,0.0
2023-02-08 10:30:00-05:00,21.219999313354492,21.3799991607666,20.829999923706055,20.831499099731445,477439,0.0,0.0
2023-02-08 11:30:00-05:00,20.838499069213867,21.209999084472656,20.75659942626953,21.170000076293945,170280,0.0,0.0
2023-02-08 12:30:00-05:00,21.17099952697754,21.402700424194336,21.100000381469727,21.239999771118164,291026,0.0,0.0
2023-02-08 13:30:00-05:00,21.239999771118164,21.344999313354492,20.90999984741211,21.18000030517578,324291,0.0,0.0
2023-02-08 14:30:00-05:00,21.170499801635742,21.239999771118164,20.979999542236328,21.155000686645508,220371,0.0,0.0
2023-02-08 15:30:00-05:00,21.149999618530273,21.190000534057617,21.030000686645508,21.100000381469727,288655,0.0,0.0
2023-02-09 09:30:00-05:00,21.25,21.645000457763672,20.959999084472656,21.15999984741211,780553,0.0,0.0
2023-02-09 10:30:00-05:00,21.149700164794922,21.610000610351562,20.90999984741211,21.020000457763672,638401,0.0,0.0
2023-02-09 11:30:00-05:00,21.0,21.049999237060547,20.309999465942383,20.31999969482422,686992,0.0,0.0
2023-02-09 12:30:00-05:00,20.33989906311035,20.3700008392334,20.020000457763672,20.08880043029785,682919,0.0,0.0
2023-02-09 13:30:00-05:00,20.079999923706055,20.190000534057617,19.81999969482422,19.850000381469727,455504,0.0,0.0
2023-02-09 14:30:00-05:00,19.850000381469727,20.059999465942383,19.68000030517578,19.735000610351562,584080,0.0,0.0
2023-02-09 15:30:00-05:00,19.719999313354492,19.87649917602539,19.670000076293945,19.670000076293945,484907,0.0,0.0
2023-02-10 09:30:00-05:00,19.559999465942383,20.039899826049805,19.3700008392334,19.729999542236328,943567,0.0,0.0
2023-02-10 10:30:00-05:00,19.75,19.918399810791016,19.530000686645508,19.530000686645508,307966,0.0,0.0
2023-02-10 11:30:00-05:00,19.530000686645508,19.530000686645508,19.15999984741211,19.290000915527344,361543,0.0,0.0
2023-02-10 12:30:00-05:00,19.299999237060547,19.519899368286133,19.260000228881836,19.350000381469727,180183,0.0,0.0
2023-02-10 13:30:00-05:00,19.354999542236328,19.354999542236328,19.049999237060547,19.110000610351562,282843,0.0,0.0
2023-02-10 14:30:00-05:00,19.118000030517578,19.34000015258789,19.110000610351562,19.209999084472656,270010,0.0,0.0
2023-02-10 15:30:00-05:00,19.239999771118164,19.375,19.209999084472656,19.280000686645508,433680,0.0,0.0
2023-02-13 09:30:00-05:00,19.361499786376953,19.440000534057617,19.010000228881836,19.139999389648438,489985,0.0,0.0
2023-02-13 10:30:00-05:00,19.149999618530273,19.479999542236328,19.10099983215332,19.298099517822266,312115,0.0,0.0
2023-02-13 11:30:00-05:00,19.290000915527344,19.940000534057617,19.229999542236328,19.690000534057617,405789,0.0,0.0
2023-02-13 12:30:00-05:00,19.674999237060547,19.899999618530273,19.59000015258789,19.87849998474121,231963,0.0,0.0
2023-02-13 13:30:00-05:00,19.87809944152832,19.920000076293945,19.65999984741211,19.65999984741211,175336,0.0,0.0
2023-02-13 14:30:00-05:00,19.690000534057617,19.739999771118164,19.420000076293945,19.6299991607666,276573,0.0,0.0
2023-02-13 15:30:00-05:00,19.635000228881836,19.780000686645508,19.579999923706055,19.709999084472656,303914,0.0,0.0
2023-02-14 09:30:00-05:00,19.309999465942383,20.010000228881836,19.100000381469727,19.545000076293945,617351,0.0,0.0
2023-02-14 10:30:00-05:00,19.549999237060547,19.600000381469727,19.149999618530273,19.219999313354492,414661,0.0,0.0
2023-02-14 11:30:00-05:00,19.200000762939453,19.364999771118164,19.139999389648438,19.267200469970703,280634,0.0,0.0
2023-02-14 12:30:00-05:00,19.25,19.45669937133789,19.200000762939453,19.329999923706055,224453,0.0,0.0
2023-02-14 13:30:00-05:00,19.34000015258789,19.469999313354492,19.280000686645508,19.440000534057617,219844,0.0,0.0
2023-02-14 14:30:00-05:00,19.43000030517578,19.690000534057617,19.43000030517578,19.6200008392334,342379,0.0,0.0
2023-02-14 15:30:00-05:00,19.6200008392334,19.8799991607666,19.59600067138672,19.860000610351562,541639,0.0,0.0
2023-02-15 09:30:00-05:00,19.799999237060547,20.151399612426758,19.59000015258789,19.977500915527344,679222,0.0,0.0
2023-02-15 10:30:00-05:00,19.9950008392334,20.989999771118164,19.94499969482422,20.68000030517578,1879008,0.0,0.0
2023-02-15 11:30:00-05:00,20.700000762939453,21.200000762939453,20.610000610351562,21.149999618530273,1168590,0.0,0.0
2023-02-15 12:30:00-05:00,21.155000686645508,21.239999771118164,20.860000610351562,21.149999618530273,582066,0.0,0.0
2023-02-15 13:30:00-05:00,21.15850067138672,21.540000915527344,21.150100708007812,21.239999771118164,993039,0.0,0.0
2023-02-15 14:30:00-05:00,21.25,21.6200008392334,21.1200008392334,21.59000015258789,764911,0.0,0.0
2023-02-15 15:30:00-05:00,21.598100662231445,21.799999237060547,21.540000915527344,21.799999237060547,891438,0.0,0.0
2023-02-16 09:30:00-05:00,21.25,21.579999923706055,20.850000381469727,21.372699737548828,880363,0.0,0.0
2023-02-16 10:30:00-05:00,21.354400634765625,21.920000076293945,21.305099487304688,21.649999618530273,489082,0.0,0.0
2023-02-16 11:30:00-05:00,21.68000030517578,21.950000762939453,21.5,21.940000534057617,339911,0.0,0.0
2023-02-16 12:30:00-05:00,21.936100006103516,22.420000076293945,21.700000762939453,21.8523006439209,948228,0.0,0.0
2023-02-16 13:30:00-05:00,21.860000610351562,22.030000686645508,21.770000457763672,21.860000610351562,276013,0.0,0.0
2023-02-16 14:30:00-05:00,21.854999542236328,21.940000534057617,21.3700008392334,21.459999084472656,314966,0.0,0.0
2023-02-16 15:30:00-05:00,21.45840072631836,21.6299991607666,21.34000015258789,21.59000015258789,423363,0.0,0.0
2023-02-17 09:30:00-05:00,21.510000228881836,21.790000915527344,21.149999618530273,21.6200008392334,673129,0.0,0.0
2023-02-17 10:30:00-05:00,21.614999771118164,21.850000381469727,21.34000015258789,21.540000915527344,349244,0.0,0.0
2023-02-17 11:30:00-05:00,21.559999465942383,22.069900512695312,21.464000701904297,21.93000030517578,427570,0.0,0.0
2023-02-17 12:30:00-05:00,21.934999465942383,22.0585994720459,21.6299991607666,21.920000076293945,303948,0.0,0.0
2023-02-17 13:30:00-05:00,21.91010093688965,22.049999237060547,21.780000686645508,21.969999313354492,275932,0.0,0.0
2023-02-17 14:30:00-05:00,21.979999542236328,22.030000686645508,21.80590057373047,21.860000610351562,294856,0.0,0.0
2023-02-17 15:30:00-05:00,21.860000610351562,22.0,21.829999923706055,21.989999771118164,359885,0.0,0.0
2023-02-21 09:30:00-05:00,21.420000076293945,21.829999923706055,21.010000228881836,21.085399627685547,771925,0.0,0.0
2023-02-21 10:30:00-05:00,21.06999969482422,21.450000762939453,20.799999237060547,20.99799919128418,664949,0.0,0.0
2023-02-21 11:30:00-05:00,20.976299285888672,21.065000534057617,20.760000228881836,20.889999389648438,326206,0.0,0.0
2023-02-21 12:30:00-05:00,20.899999618530273,21.09000015258789,20.859899520874023,20.8700008392334,192243,0.0,0.0
2023-02-21 13:30:00-05:00,20.864999771118164,20.940000534057617,20.760000228881836,20.93000030517578,298851,0.0,0.0
2023-02-21 14:30:00-05:00,20.950000762939453,21.069900512695312,20.721900939941406,20.959999084472656,294637,0.0,0.0
2023-02-21 15:30:00-05:00,20.969999313354492,21.019899368286133,20.625,20.65999984741211,399044,0.0,0.0
2023-02-22 09:30:00-05:00,20.530000686645508,21.186399459838867,20.530000686645508,20.908100128173828,614308,0.0,0.0
2023-02-22 10:30:00-05:00,20.899999618530273,21.02869987487793,20.6299991607666,20.75,278117,0.0,0.0
2023-02-22 11:30:00-05:00,20.75,20.920000076293945,20.65999984741211,20.65999984741211,170085,0.0,0.0
2023-02-22 12:30:00-05:00,20.66830062866211,20.81999969482422,20.399999618530273,20.540000915527344,277042,0.0,0.0
2023-02-22 13:30:00-05:00,20.5393009185791,20.59000015258789,20.37190055847168,20.489999771118164,156337,0.0,0.0
2023-02-22 14:30:00-05:00,20.469999313354492,20.56999969482422,20.333099365234375,20.5,249658,0.0,0.0
2023-02-22 15:30:00-05:00,20.479999542236328,20.6200008392334,20.420000076293945,20.530000686645508,256860,0.0,0.0
2023-02-23 09:30:00-05:00,20.65999984741211,20.8700008392334,19.959999084472656,20.010000228881836,616386,0.0,0.0
2023-02-23 10:30:00-05:00,20.019899368286133,20.049999237060547,19.549999237060547,19.65999984741211,614856,0.0,0.0
2023-02-23 11:30:00-05:00,19.641599655151367,19.790000915527344,19.530000686645508,19.639999389648438,431470,0.0,0.0
2023-02-23 12:30:00-05:00,19.639999389648438,20.049999237060547,19.6200008392334,19.950000762939453,274857,0.0,0.0
2023-02-23 13:30:00-05:00,19.959999084472656,20.31999969482422,19.912900924682617,20.20989990234375,226792,0.0,0.0
2023-02-23 14:30:00-05:00,20.229999542236328,20.411399841308594,20.139999389648438,20.34000015258789,305010,0.0,0.0
2023-02-23 15:30:00-05:00,20.350000381469727,20.409900665283203,20.139999389648438,20.139999389648438,313142,0.0,0.0
2023-02-24 09:30:00-05:00,19.709999084472656,20.079999923706055,19.600000381469727,19.799999237060547,444237,0.0,0.0
2023-02-24 10:30:00-05:00,19.850000381469727,19.8799991607666,19.549999237060547,19.84000015258789,333519,0.0,0.0
2023-02-24 11:30:00-05:00,19.860000610351562,19.959999084472656,19.600000381469727,19.670000076293945,272465,0.0,0.0
2023-02-24 12:30:00-05:00,19.68000030517578,19.719999313354492,19.58289909362793,19.670000076293945,195070,0.0,0.0
2023-02-24 13:30:00-05:00,19.649999618530273,19.790000915527344,19.59000015258789,19.670000076293945,199700,0.0,0.0
2023-02-24 14:30:00-05:00,19.666799545288086,19.770000457763672,19.559999465942383,19.6200008392334,209809,0.0,0.0
2023-02-24 15:30:00-05:00,19.63129997253418,19.65999984741211,19.549999237060547,19.549999237060547,410624,0.0,0.0
2023-02-27 09:30:00-05:00,19.610000610351562,19.700000762939453,19.299999237060547,19.485000610351562,575749,0.0,0.0
2023-02-27 10:30:00-05:00,19.485000610351562,19.56999969482422,18.961599349975586,19.020000457763672,952619,0.0,0.0
2023-02-27 11:30:00-05:00,19.023000717163086,19.100000381469727,18.889999389648438,19.010000228881836,485007,0.0,0.0
2023-02-27 12:30:00-05:00,19.009899139404297,19.260000228881836,19.0049991607666,19.18000030517578,222988,0.0,0.0
2023-02-27 13:30:00-05:00,19.190000534057617,19.40999984741211,19.128799438476562,19.290000915527344,421429,0.0,0.0
2023-02-27 14:30:00-05:00,19.290000915527344,19.450000762939453,18.90999984741211,19.168800354003906,881256,0.0,0.0
2023-02-27 15:30:00-05:00,19.15999984741211,19.190000534057617,19.010000228881836,19.110000610351562,340066,0.0,0.0
2023-02-28 09:30:00-05:00,19.059999465942383,19.520000457763672,18.950000762939453,19.11050033569336,691791,0.0,0.0
2023-02-28 10:30:00-05:00,19.110000610351562,19.459999084472656,19.010000228881836,19.453500747680664,381759,0.0,0.0
2023-02-28 11:30:00-05:00,19.459999084472656,19.479999542236328,19.1299991607666,19.139999389648438,199419,0.0,0.0
2023-02-28 12:30:00-05:00,19.139999389648438,19.222700119018555,19.040000915527344,19.222700119018555,199234,0.0,0.0
2023-02-28 13:30:00-05:00,19.229999542236328,19.520000457763672,19.193300247192383,19.350000381469727,356267,0.0,0.0
2023-02-28 14:30:00-05:00,19.340099334716797,19.399999618530273,19.010000228881836,19.03890037536621,302018,0.0,0.0
2023-02-28 15:30:00-05:00,19.030000686645508,19.239999771118164,19.010000228881836,19.209999084472656,460436,0.0,0.0
2023-03-01 09:30:00-05:00,18.920000076293945,19.09000015258789,18.209999084472656,18.309999465942383,1159723,0.0,0.0
2023-03-01 10:30:00-05:00,18.280099868774414,18.8700008392334,18.280000686645508,18.600000381469727,714218,0.0,0.0
2023-03-01 11:30:00-05:00,18.579999923706055,18.809999465942383,18.510000228881836,18.700000762939453,280131,0.0,0.0
2023-03-01 12:30:00-05:00,18.709999084472656,18.719999313354492,18.469999313354492,18.479999542236328,241573,0.0,0.0
2023-03-01 13:30:00-05:00,18.485000610351562,18.68000030517578,18.399999618530273,18.559999465942383,358068,0.0,0.0
2023-03-01 14:30:00-05:00,18.549999237060547,18.625,18.34000015258789,18.34000015258789,317644,0.0,0.0
2023-03-01 15:30:00-05:00,18.34000015258789,18.354999542236328,18.139999389648438,18.15999984741211,827092,0.0,0.0
2023-03-02 09:30:00-05:00,18.149999618530273,18.200000762939453,17.6200008392334,17.940000534057617,940291,0.0,0.0
2023-03-02 10:30:00-05:00,17.950000762939453,18.1299991607666,17.860000610351562,17.969999313354492,369302,0.0,0.0
2023-03-02 11:30:00-05:00,17.979999542236328,18.270000457763672,17.8700008392334,18.229900360107422,211605,0.0,0.0
2023-03-02 12:30:00-05:00,18.219999313354492,18.37700080871582,18.09000015258789,18.110000610351562,219758,0.0,0.0
2023-03-02 13:30:00-05:00,18.09000015258789,18.399999618530273,18.082000732421875,18.229999542236328,199964,0.0,0.0
2023-03-02 14:30:00-05:00,18.229999542236328,18.289600372314453,18.06999969482422,18.100000381469727,184659,0.0,0.0
2023-03-02 15:30:00-05:00,18.100000381469727,18.209999084472656,18.020000457763672,18.200000762939453,368936,0.0,0.0
2023-03-03 09:30:00-05:00,18.190000534057617,18.649999618530273,18.100000381469727,18.539899826049805,550965,0.0,0.0
2023-03-03 10:30:00-05:00,18.540000915527344,18.649999618530273,18.3799991607666,18.559999465942383,295345,0.0,0.0
2023-03-03 11:30:00-05:00,18.550100326538086,18.81999969482422,18.510000228881836,18.739999771118164,247503,0.0,0.0
2023-03-03 12:30:00-05:00,18.739999771118164,18.969999313354492,18.68000030517578,18.95639991760254,304387,0.0,0.0
2023-03-03 13:30:00-05:00,18.959999084472656,19.100000381469727,18.899999618530273,19.010000228881836,299829,0.0,0.0
2023-03-03 14:30:00-05:00,18.979999542236328,18.995100021362305,18.790000915527344,18.809999465942383,389180,0.0,0.0
2023-03-03 15:30:00-05:00,18.81999969482422,18.84000015258789,18.665000915527344,18.729999542236328,313187,0.0,0.0
2023-03-06 09:30:00-05:00,18.520000457763672,19.3700008392334,18.520000457763672,18.979999542236328,785109,0.0,0.0
2023-03-06 10:30:00-05:00,18.969999313354492,19.5,18.940000534057617,19.317800521850586,506706,0.0,0.0
2023-03-06 11:30:00-05:00,19.31999969482422,19.389999389648438,19.101600646972656,19.139999389648438,336760,0.0,0.0
2023-03-06 12:30:00-05:00,19.150400161743164,19.165000915527344,18.670000076293945,18.7549991607666,351739,0.0,0.0
2023-03-06 13:30:00-05:00,18.760000228881836,18.860000610351562,18.700000762939453,18.7549991607666,159791,0.0,0.0
2023-03-06 14:30:00-05:00,18.760000228881836,18.920000076293945,18.700000762939453,18.709999084472656,173269,0.0,0.0
2023-03-06 15:30:00-05:00,18.690500259399414,18.819900512695312,18.584999084472656,18.649999618530273,390732,0.0,0.0
2023-03-07 09:30:00-05:00,18.600000381469727,18.834999084472656,18.149999618530273,18.25,659903,0.0,0.0
2023-03-07 10:30:00-05:00,18.239999771118164,18.510000228881836,18.229999542236328,18.372400283813477,288128,0.0,0.0
2023-03-07 11:30:00-05:00,18.3700008392334,18.489999771118164,18.280000686645508,18.457300186157227,191787,0.0,0.0
2023-03-07 12:30:00-05:00,18.469999313354492,18.670000076293945,18.299999237060547,18.36009979248047,150541,0.0,0.0
2023-03-07 13:30:00-05:00,18.360000610351562,18.3799991607666,18.149999618530273,18.165000915527344,251580,0.0,0.0
2023-03-07 14:30:00-05:00,18.15999984741211,18.25,18.149999618530273,18.165000915527344,260413,0.0,0.0
2023-03-07 15:30:00-05:00,18.15999984741211,18.219999313354492,18.059999465942383,18.059999465942383,388247,0.0,0.0
2023-03-08 09:30:00-05:00,18.049999237060547,18.209999084472656,17.63010025024414,17.959999084472656,710805,0.0,0.0
2023-03-08 10:30:00-05:00,17.975400924682617,18.110000610351562,17.889999389648438,18.014999389648438,486798,0.0,0.0
2023-03-08 11:30:00-05:00,18.0,18.200000762939453,17.8700008392334,17.969999313354492,521475,0.0,0.0
2023-03-08 12:30:00-05:00,17.979999542236328,18.049999237060547,17.875,17.979999542236328,466277,0.0,0.0
2023-03-08 13:30:00-05:00,17.9950008392334,18.360000610351562,17.950000762939453,18.338499069213867,469192,0.0,0.0
2023-03-08 14:30:00-05:00,18.325000762939453,18.3799991607666,18.079999923706055,18.1299991607666,190185,0.0,0.0
2023-03-08 15:30:00-05:00,18.1200008392334,18.350000381469727,18.1200008392334,18.18000030517578,305044,0.0,0.0
2023-03-09 09:30:00-05:00,18.065000534057617,18.3799991607666,17.911699295043945,18.009700775146484,355766,0.0,0.0
2023-03-09 10:30:00-05:00,18.0,18.1200008392334,17.90999984741211,17.93000030517578,268306,0.0,0.0
2023-03-09 11:30:00-05:00,17.93000030517578,18.0,17.79010009765625,17.940000534057617,290486,0.0,0.0
2023-03-09 12:30:00-05:00,17.950000762939453,18.059999465942383,17.780000686645508,17.81399917602539,192291,0.0,0.0
2023-03-09 13:30:00-05:00,17.799999237060547,17.84000015258789,17.639999389648438,17.780000686645508,320622,0.0,0.0
2023-03-09 14:30:00-05:00,17.780000686645508,17.90999984741211,17.65999984741211,17.68000030517578,389454,0.0,0.0
2023-03-09 15:30:00-05:00,17.657100677490234,17.799999237060547,17.475000381469727,17.524999618530273,688832,0.0,0.0
2023-03-10 09:30:00-05:00,17.530000686645508,17.566200256347656,16.850000381469727,17.309999465942383,713093,0.0,0.0
2023-03-10 10:30:00-05:00,17.329999923706055,17.729999542236328,17.219999313354492,17.708599090576172,237349,0.0,0.0
2023-03-10 11:30:00-05:00,17.700000762939453,17.76569938659668,17.229999542236328,17.309999465942383,262737,0.0,0.0
2023-03-10 12:30:00-05:00,17.34000015258789,17.350000381469727,17.020000457763672,17.030000686645508,231723,0.0,0.0
2023-03-10 13:30:00-05:00,17.030000686645508,17.139999389648438,16.969999313354492,16.969999313354492,328876,0.0,0.0
2023-03-10 14:30:00-05:00,16.989999771118164,17.3799991607666,16.954999923706055,17.229999542236328,471061,0.0,0.0
2023-03-10 15:30:00-05:00,17.219999313354492,17.299999237060547,17.050100326538086,17.239999771118164,445726,0.0,0.0
2023-03-13 09:30:00-04:00,16.770000457763672,17.289899826049805,16.520000457763672,16.940000534057617,846078,0.0,0.0
2023-03-13 10:30:00-04:00,16.940000534057617,17.350000381469727,16.899999618530273,17.329999923706055,427443,0.0,0.0
2023-03-13 11:30:00-04:00,17.299999237060547,17.353099822998047,16.90999984741211,16.94499969482422,283322,0.0,0.0
2023-03-13 12:30:00-04:00,16.93000030517578,16.969999313354492,16.75,16.790000915527344,330536,0.0,0.0
2023-03-13 13:30:00-04:00,16.790000915527344,17.019899368286133,16.70199966430664,16.940000534057617,377210,0.0,0.0
2023-03-13 14:30:00-04:00,16.950000762939453,17.040000915527344,16.829999923706055,16.850000381469727,240365,0.0,0.0
2023-03-13 15:30:00-04:00,16.860000610351562,17.030000686645508,16.75,16.75,315053,0.0,0.0
2023-03-14 09:30:00-04:00,17.3700008392334,17.409900665283203,16.670000076293945,16.975200653076172,531395,0.0,0.0
2023-03-14 10:30:00-04:00,16.978300094604492,17.100000381469727,16.81999969482422,16.969999313354492,241403,0.0,0.0
2023-03-14 11:30:00-04:00,16.979900360107422,17.100000381469727,16.68000030517578,16.690000534057617,433193,0.0,0.0
2023-03-14 12:30:00-04:00,16.68000030517578,16.860000610351562,16.440000534057617,16.510000228881836,548661,0.0,0.0
2023-03-14 13:30:00-04:00,16.510000228881836,16.618499755859375,16.402000427246094,16.579999923706055,314219,0.0,0.0
2023-03-14 14:30:00-04:00,16.579999923706055,16.829999923706055,16.53499984741211,16.790000915527344,359545,0.0,0.0
2023-03-14 15:30:00-04:00,16.799999237060547,16.975000381469727,16.768699645996094,16.915000915527344,372769,0.0,0.0
2023-03-15 09:30:00-04:00,16.5,16.690000534057617,15.930000305175781,15.960000038146973,1031619,0.0,0.0
2023-03-15 10:30:00-04:00,15.949999809265137,16.100000381469727,15.760000228881836,15.859999656677246,847017,0.0,0.0
2023-03-15 11:30:00-04:00,15.859999656677246,16.03499984741211,15.71500015258789,15.819999694824219,554636,0.0,0.0
2023-03-15 12:30:00-04:00,15.8100004196167,15.949999809265137,15.694999694824219,15.850000381469727,502204,0.0,0.0
2023-03-15 13:30:00-04:00,15.856900215148926,16.040000915527344,15.725199699401855,15.989999771118164,493274,0.0,0.0
2023-03-15 14:30:00-04:00,15.984999656677246,16.08930015563965,15.869999885559082,15.890000343322754,481592,0.0,0.0
2023-03-15 15:30:00-04:00,15.880000114440918,15.970000267028809,15.789999961853027,15.970000267028809,454016,0.0,0.0
2023-03-16 09:30:00-04:00,16.0,16.010000228881836,15.529999732971191,15.680000305175781,946970,0.0,0.0
2023-03-16 10:30:00-04:00,15.699999809265137,16.469999313354492,15.6899995803833,16.31999969482422,661932,0.0,0.0
2023-03-16 11:30:00-04:00,16.34000015258789,16.399999618530273,16.200000762939453,16.329999923706055,353185,0.0,0.0
2023-03-16 12:30:00-04:00,16.34000015258789,16.579999923706055,16.219999313354492,16.420000076293945,416989,0.0,0.0
2023-03-16 13:30:00-04:00,16.421300888061523,16.540000915527344,16.360000610351562,16.510000228881836,286210,0.0,0.0
2023-03-16 14:30:00-04:00,16.510000228881836,16.76889991760254,16.43000030517578,16.729000091552734,403634,0.0,0.0
2023-03-16 15:30:00-04:00,16.729999542236328,16.760000228881836,16.559999465942383,16.75,588828,0.0,0.0
2023-03-17 09:30:00-04:00,16.6200008392334,16.719999313354492,15.919300079345703,15.994999885559082,872627,0.0,0.0
2023-03-17 10:30:00-04:00,16.010000228881836,16.34000015258789,15.930000305175781,16.1200008392334,514122,0.0,0.0
2023-03-17 11:30:00-04:00,16.1200008392334,16.299999237060547,16.09000015258789,16.288000106811523,350212,0.0,0.0
2023-03-17 12:30:00-04:00,16.28499984741211,16.3799991607666,16.049999237060547,16.191999435424805,364024,0.0,0.0
2023-03-17 13:30:00-04:00,16.200000762939453,16.31999969482422,16.1299991607666,16.260000228881836,374522,0.0,0.0
2023-03-17 14:30:00-04:00,16.260000228881836,16.30500030517578,16.049999237060547,16.264999389648438,633093,0.0,0.0
2023-03-17 15:30:00-04:00,16.270000457763672,16.600000381469727,16.170000076293945,16.56999969482422,891144,0.0,0.0
2023-03-20 09:30:00-04:00,16.649999618530273,16.920000076293945,16.25,16.844999313354492,974027,0.0,0.0
2023-03-20 10:30:00-04:00,16.834999084472656,17.270000457763672,16.760000228881836,17.139999389648438,825508,0.0,0.0
2023-03-20 11:30:00-04:00,17.139999389648438,17.139999389648438,16.790000915527344,16.81999969482422,734970,0.0,0.0
2023-03-20 12:30:00-04:00,16.829999923706055,16.920000076293945,16.770000457763672,16.84000015258789,232832,0.0,0.0
2023-03-20 13:30:00-04:00,16.84000015258789,16.8700008392334,16.71500015258789,16.790000915527344,415803,0.0,0.0
2023-03-20 14:30:00-04:00,16.790000915527344,16.79990005493164,16.533100128173828,16.655000686645508,442720,0.0,0.0
2023-03-20 15:30:00-04:00,16.652000427246094,16.88159942626953,16.649999618530273,16.8799991607666,540914,0.0,0.0
2023-03-21 09:30:00-04:00,17.149999618530273,18.190000534057617,17.139999389648438,17.834999084472656,1448367,0.0,0.0
2023-03-21 10:30:00-04:00,17.84000015258789,17.950000762939453,17.59000015258789,17.93000030517578,552920,0.0,0.0
2023-03-21 11:30:00-04:00,17.93000030517578,18.0,17.719999313354492,17.93000030517578,352650,0.0,0.0
2023-03-21 12:30:00-04:00,17.940000534057617,18.350000381469727,17.90999984741211,18.299999237060547,564345,0.0,0.0
2023-03-21 13:30:00-04:00,18.299999237060547,18.350000381469727,17.75,17.874000549316406,544140,0.0,0.0
2023-03-21 14:30:00-04:00,17.8799991607666,17.93000030517578,17.705699920654297,17.741600036621094,373451,0.0,0.0
2023-03-21 15:30:00-04:00,17.739999771118164,17.75,17.5,17.649999618530273,875001,0.0,0.0
2023-03-22 09:30:00-04:00,26.1299991607666,26.190000534057617,23.049999237060547,24.729999542236328,32420441,0.0,0.0
2023-03-22 10:30:00-04:00,24.709999084472656,25.989999771118164,23.93000030517578,25.04199981689453,11690147,0.0,0.0
2023-03-22 11:30:00-04:00,25.04010009765625,25.350000381469727,23.5,24.152999877929688,5790956,0.0,0.0
2023-03-22 12:30:00-04:00,24.1200008392334,25.0,23.860599517822266,24.95549964904785,3814038,0.0,0.0
2023-03-22 13:30:00-04:00,24.9685001373291,25.195499420166016,24.06999969482422,24.5049991607666,4340226,0.0,0.0
2023-03-22 14:30:00-04:00,24.479999542236328,25.670000076293945,23.95009994506836,24.670000076293945,5267055,0.0,0.0
2023-03-22 15:30:00-04:00,24.65999984741211,24.65999984741211,23.739999771118164,23.860000610351562,2684846,0.0,0.0
2023-03-23 09:30:00-04:00,22.56999969482422,23.760000228881836,22.53030014038086,23.649999618530273,3153841,0.0,0.0
2023-03-23 10:30:00-04:00,23.657899856567383,24.59000015258789,23.510000228881836,23.720300674438477,2310494,0.0,0.0
2023-03-23 11:30:00-04:00,23.719999313354492,23.979999542236328,23.15999984741211,23.530399322509766,953376,0.0,0.0
2023-03-23 12:30:00-04:00,23.56999969482422,23.600000381469727,22.81999969482422,22.959999084472656,1096773,0.0,0.0
2023-03-23 13:30:00-04:00,22.954099655151367,23.06999969482422,22.399999618530273,22.43000030517578,1233718,0.0,0.0
2023-03-23 14:30:00-04:00,22.430099487304688,22.780000686645508,22.1299991607666,22.450000762939453,1444442,0.0,0.0
2023-03-23 15:30:00-04:00,22.420000076293945,22.777099609375,22.33009910583496,22.59000015258789,660929,0.0,0.0
2023-03-24 09:30:00-04:00,22.31999969482422,23.350000381469727,22.260000228881836,22.799999237060547,2285434,0.0,0.0
2023-03-24 10:30:00-04:00,22.809799194335938,22.809999465942383,22.100000381469727,22.5,976794,0.0,0.0
2023-03-24 11:30:00-04:00,22.489999771118164,23.376399993896484,22.41010093688965,22.988300323486328,1396014,0.0,0.0
2023-03-24 12:30:00-04:00,22.989999771118164,23.219999313354492,22.940000534057617,23.190000534057617,523396,0.0,0.0
2023-03-24 13:30:00-04:00,23.197900772094727,23.770000457763672,23.15999984741211,23.6200008392334,1108157,0.0,0.0
2023-03-24 14:30:00-04:00,23.600000381469727,23.969999313354492,23.5310001373291,23.939899444580078,1026463,0.0,0.0
2023-03-24 15:30:00-04:00,23.936599731445312,23.989999771118164,23.600000381469727,23.969999313354492,1112325,0.0,0.0
2023-03-27 09:30:00-04:00,23.989999771118164,24.010000228881836,22.700000762939453,22.786100387573242,1628009,0.0,0.0
2023-03-27 10:30:00-04:00,22.760000228881836,23.239999771118164,22.690000534057617,22.8799991607666,689017,0.0,0.0
2023-03-27 11:30:00-04:00,22.8799991607666,23.170000076293945,22.700000762939453,23.129899978637695,381650,0.0,0.0
2023-03-27 12:30:00-04:00,23.125,23.420000076293945,23.0,23.33989906311035,415739,0.0,0.0
2023-03-27 13:30:00-04:00,23.34000015258789,23.65999984741211,23.299999237060547,23.6299991607666,324725,0.0,0.0
2023-03-27 14:30:00-04:00,23.6299991607666,23.739999771118164,23.38010025024414,23.389999389648438,332867,0.0,0.0
2023-03-27 15:30:00-04:00,23.389999389648438,23.420000076293945,22.979999542236328,23.0,617144,0.0,0.0
2023-03-28 09:30:00-04:00,22.969999313354492,23.270000457763672,22.40999984741211,22.549999237060547,978075,0.0,0.0
2023-03-28 10:30:00-04:00,22.579999923706055,22.725000381469727,22.219999313354492,22.670000076293945,791981,0.0,0.0
2023-03-28 11:30:00-04:00,22.674999237060547,22.899999618530273,22.459999084472656,22.489999771118164,423132,0.0,0.0
2023-03-28 12:30:00-04:00,22.450000762939453,23.229999542236328,22.290000915527344,23.024999618530273,885959,0.0,0.0
2023-03-28 13:30:00-04:00,23.02199935913086,23.420000076293945,22.620100021362305,23.280000686645508,1324820,0.0,0.0
2023-03-28 14:30:00-04:00,23.290000915527344,23.540000915527344,22.889999389648438,22.920000076293945,698805,0.0,0.0
2023-03-28 15:30:00-04:00,22.905000686645508,23.149999618530273,22.81999969482422,23.139999389648438,429192,0.0,0.0
2023-03-29 09:30:00-04:00,23.079999923706055,23.696500778198242,22.899999618530273,23.450000762939453,1117845,0.0,0.0
2023-03-29 10:30:00-04:00,23.440000534057617,23.518299102783203,22.861000061035156,22.915000915527344,571938,0.0,0.0
2023-03-29 11:30:00-04:00,22.93000030517578,23.06999969482422,22.739999771118164,22.90999984741211,364663,0.0,0.0
2023-03-29 12:30:00-04:00,22.90999984741211,22.940000534057617,22.219999313354492,22.479999542236328,732318,0.0,0.0
2023-03-29 13:30:00-04:00,22.469999313354492,22.549999237060547,22.329999923706055,22.46179962158203,380429,0.0,0.0
2023-03-29 14:30:00-04:00,22.469999313354492,22.700000762939453,22.440000534057617,22.5049991607666,353991,0.0,0.0
2023-03-29 15:30:00-04:00,22.5,22.559999465942383,22.40999984741211,22.469999313354492,455791,0.0,0.0
2023-03-30 09:30:00-04:00,22.600000381469727,22.68000030517578,22.295000076293945,22.430200576782227,780182,0.0,0.0
2023-03-30 10:30:00-04:00,22.440000534057617,22.829999923706055,22.229999542236328,22.739999771118164,810622,0.0,0.0
2023-03-30 11:30:00-04:00,22.75,22.75,22.360000610351562,22.420000076293945,290096,0.0,0.0
2023-03-30 12:30:00-04:00,22.43000030517578,22.479999542236328,22.225000381469727,22.350000381469727,427129,0.0,0.0
2023-03-30 13:30:00-04:00,22.34000015258789,22.350000381469727,22.10759925842285,22.15999984741211,371951,0.0,0.0
2023-03-30 14:30:00-04:00,22.15999984741211,22.579999923706055,22.15999984741211,22.540000915527344,451426,0.0,0.0
2023-03-30 15:30:00-04:00,22.540000915527344,22.59000015258789,22.440000534057617,22.5,284675,0.0,0.0
2023-03-31 09:30:00-04:00,22.350000381469727,22.770000457763672,22.149999618530273,22.690000534057617,857567,0.0,0.0
2023-03-31 10:30:00-04:00,22.670000076293945,22.809999465942383,22.44499969482422,22.614999771118164,471708,0.0,0.0
2023-03-31 11:30:00-04:00,22.605100631713867,22.700000762939453,22.530000686645508,22.610000610351562,319872,0.0,0.0
2023-03-31 12:30:00-04:00,22.600000381469727,22.799999237060547,22.575000762939453,22.651899337768555,249510,0.0,0.0
2023-03-31 13:30:00-04:00,22.670000076293945,22.749900817871094,22.59000015258789,22.729999542236328,219840,0.0,0.0
2023-03-31 14:30:00-04:00,22.719999313354492,23.037799835205078,22.68000030517578,22.889999389648438,579189,0.0,0.0
2023-03-31 15:30:00-04:00,22.889999389648438,23.065000534057617,22.770000457763672,23.030000686645508,882656,0.0,0.0
2023-04-03 09:30:00-04:00,22.940000534057617,23.850000381469727,22.850000381469727,23.174800872802734,1853475,0.0,0.0
2023-04-03 10:30:00-04:00,23.190000534057617,23.31999969482422,22.65999984741211,22.709999084472656,589971,0.0,0.0
2023-04-03 11:30:00-04:00,22.704999923706055,23.149999618530273,22.704999923706055,23.049999237060547,369829,0.0,0.0
2023-04-03 12:30:00-04:00,23.049999237060547,23.058000564575195,22.772199630737305,22.80109977722168,284767,0.0,0.0
2023-04-03 13:30:00-04:00,22.809999465942383,23.049999237060547,22.790000915527344,23.045000076293945,259012,0.0,0.0
2023-04-03 14:30:00-04:00,23.040000915527344,23.125200271606445,22.8700008392334,23.110000610351562,336234,0.0,0.0
2023-04-03 15:30:00-04:00,23.104999542236328,23.219999313354492,23.075000762939453,23.190000534057617,404146,0.0,0.0
2023-04-04 09:30:00-04:00,22.75,23.139999389648438,22.250099182128906,22.344999313354492,1061338,0.0,0.0
2023-04-04 10:30:00-04:00,22.360000610351562,22.489999771118164,22.090099334716797,22.260000228881836,556638,0.0,0.0
2023-04-04 11:30:00-04:00,22.25,22.520000457763672,22.200000762939453,22.420000076293945,280441,0.0,0.0
2023-04-04 12:30:00-04:00,22.43000030517578,22.479999542236328,22.293800354003906,22.420000076293945,271628,0.0,0.0
2023-04-04 13:30:00-04:00,22.440000534057617,22.770099639892578,22.3799991607666,22.524999618530273,464611,0.0,0.0
2023-04-04 14:30:00-04:00,22.530000686645508,22.56999969482422,22.280099868774414,22.51099967956543,227446,0.0,0.0
2023-04-04 15:30:00-04:00,22.520000457763672,22.549999237060547,22.299999237060547,22.350000381469727,348023,0.0,0.0
2023-04-05 09:30:00-04:00,22.469999313354492,22.469999313354492,21.229999542236328,21.3700008392334,1458277,0.0,0.0
2023-04-05 10:30:00-04:00,21.36989974975586,21.600000381469727,21.31999969482422,21.510000228881836,556975,0.0,0.0
2023-04-05 11:30:00-04:00,21.520000457763672,21.790000915527344,21.520000457763672,21.645000457763672,430889,0.0,0.0
2023-04-05 12:30:00-04:00,21.644100189208984,21.920000076293945,21.600000381469727,21.770099639892578,238783,0.0,0.0
2023-04-05 13:30:00-04:00,21.770000457763672,21.829999923706055,21.690000534057617,21.770000457763672,176569,0.0,0.0
2023-04-05 14:30:00-04:00,21.764999389648438,21.979999542236328,21.75,21.979999542236328,237422,0.0,0.0
2023-04-05 15:30:00-04:00,21.978099822998047,22.15999984741211,21.959999084472656,22.09000015258789,366800,0.0,0.0
2023-04-06 09:30:00-04:00,22.0,22.479999542236328,21.770000457763672,22.350000381469727,601093,0.0,0.0
2023-04-06 10:30:00-04:00,22.34000015258789,22.670000076293945,22.280000686645508,22.579999923706055,490518,0.0,0.0
2023-04-06 11:30:00-04:00,22.581499099731445,22.649999618530273,22.469999313354492,22.56999969482422,271764,0.0,0.0
2023-04-06 12:30:00-04:00,22.600000381469727,22.670000076293945,22.424999237060547,22.559999465942383,243665,0.0,0.0
2023-04-06 13:30:00-04:00,22.55389976501465,22.575000762939453,22.450000762939453,22.489999771118164,172644,0.0,0.0
2023-04-06 14:30:00-04:00,22.510000228881836,22.520000457763672,22.31999969482422,22.389999389648438,235963,0.0,0.0
2023-04-06 15:30:00-04:00,22.389999389648438,22.489999771118164,22.299999237060547,22.389999389648438,425224,0.0,0.0
2023-04-10 09:30:00-04:00,21.850000381469727,22.229999542236328,21.81999969482422,22.090099334716797,718800,0.0,0.0
2023-04-10 10:30:00-04:00,22.1200008392334,22.429899215698242,22.020000457763672,22.325000762939453,343989,0.0,0.0
2023-04-10 11:30:00-04:00,22.329999923706055,22.360000610351562,22.03499984741211,22.079999923706055,210859,0.0,0.0
2023-04-10 12:30:00-04:00,22.08930015563965,22.270000457763672,22.010000228881836,22.247100830078125,240930,0.0,0.0
2023-04-10 13:30:00-04:00,22.2549991607666,22.290000915527344,22.15999984741211,22.229999542236328,121776,0.0,0.0
2023-04-10 14:30:00-04:00,22.25,22.299999237060547,22.190000534057617,22.25,206880,0.0,0.0
2023-04-10 15:30:00-04:00,22.2450008392334,22.389999389648438,22.219999313354492,22.3700008392334,210523,0.0,0.0
2023-04-11 09:30:00-04:00,22.56999969482422,23.165000915527344,22.420000076293945,22.799999237060547,809324,0.0,0.0
2023-04-11 10:30:00-04:00,22.799999237060547,23.049999237060547,22.73390007019043,22.899999618530273,292045,0.0,0.0
2023-04-11 11:30:00-04:00,22.899999618530273,22.989999771118164,22.610000610351562,22.84000015258789,425470,0.0,0.0
2023-04-11 12:30:00-04:00,22.8700008392334,22.8700008392334,22.6200008392334,22.700000762939453,205175,0.0,0.0
2023-04-11 13:30:00-04:00,22.700000762939453,22.8700008392334,22.662099838256836,22.81999969482422,185696,0.0,0.0
2023-04-11 14:30:00-04:00,22.819900512695312,22.889999389648438,22.73150062561035,22.8700008392334,211743,0.0,0.0
2023-04-11 15:30:00-04:00,22.8799991607666,22.8799991607666,22.670000076293945,22.700000762939453,278200,0.0,0.0
2023-04-12 09:30:00-04:00,22.899999618530273,23.280000686645508,22.534700393676758,22.719999313354492,724514,0.0,0.0
2023-04-12 10:30:00-04:00,22.739999771118164,22.899999618530273,22.350000381469727,22.524999618530273,354893,0.0,0.0
2023-04-12 11:30:00-04:00,22.524999618530273,22.84000015258789,22.480100631713867,22.84000015258789,209708,0.0,0.0
2023-04-12 12:30:00-04:00,22.840900421142578,22.850000381469727,22.739999771118164,22.7549991607666,102224,0.0,0.0
2023-04-12 13:30:00-04:00,22.770000457763672,22.770000457763672,22.490100860595703,22.49209976196289,109765,0.0,0.0
2023-04-12 14:30:00-04:00,22.5,22.549999237060547,22.329999923706055,22.3799991607666,193203,0.0,0.0
2023-04-12 15:30:00-04:00,22.3799991607666,22.479999542236328,22.260000228881836,22.260000228881836,296632,0.0,0.0
2023-04-13 09:30:00-04:00,22.5,22.719999313354492,22.329999923706055,22.579099655151367,330952,0.0,0.0
2023-04-13 10:30:00-04:00,22.59000015258789,22.690000534057617,22.40999984741211,22.40999984741211,259292,0.0,0.0
2023-04-13 11:30:00-04:00,22.43000030517578,22.739999771118164,22.40999984741211,22.65999984741211,255525,0.0,0.0
2023-04-13 12:30:00-04:00,22.649999618530273,22.690000534057617,22.54010009765625,22.639999389648438,157170,0.0,0.0
2023-04-13 13:30:00-04:00,22.670000076293945,22.850000381469727,22.6299991607666,22.68000030517578,287406,0.0,0.0
2023-04-13 14:30:00-04:00,22.67799949645996,22.700000762939453,22.56999969482422,22.59119987487793,148389,0.0,0.0
2023-04-13 15:30:00-04:00,22.594999313354492,22.65999984741211,22.550100326538086,22.56999969482422,229444,0.0,0.0
2023-04-14 09:30:00-04:00,22.739999771118164,23.25,22.649999618530273,22.670000076293945,816198,0.0,0.0
2023-04-14 10:30:00-04:00,22.68000030517578,22.86989974975586,22.459999084472656,22.5,297829,0.0,0.0
2023-04-14 11:30:00-04:00,22.509899139404297,22.540000915527344,22.3700008392334,22.5,246166,0.0,0.0
2023-04-14 12:30:00-04:00,22.489999771118164,22.6200008392334,22.459999084472656,22.520000457763672,151774,0.0,0.0
2023-04-14 13:30:00-04:00,22.52739906311035,22.52739906311035,22.31999969482422,22.489900588989258,290776,0.0,0.0
2023-04-14 14:30:00-04:00,22.479999542236328,22.53499984741211,22.399999618530273,22.5,159029,0.0,0.0
2023-04-14 15:30:00-04:00,22.489999771118164,22.549999237060547,22.450000762939453,22.459999084472656,270509,0.0,0.0
2023-04-17 09:30:00-04:00,22.270000457763672,22.68000030517578,22.139999389648438,22.53499984741211,508963,0.0,0.0
2023-04-17 10:30:00-04:00,22.540000915527344,22.640199661254883,22.274999618530273,22.350000381469727,301622,0.0,0.0
2023-04-17 11:30:00-04:00,22.379899978637695,22.379899978637695,22.209999084472656,22.280000686645508,274569,0.0,0.0
2023-04-17 12:30:00-04:00,22.27989959716797,22.3656005859375,22.18000030517578,22.190000534057617,234005,0.0,0.0
2023-04-17 13:30:00-04:00,22.200000762939453,22.34000015258789,22.149999618530273,22.190000534057617,182957,0.0,0.0
2023-04-17 14:30:00-04:00,22.200000762939453,22.3799991607666,22.190000534057617,22.31999969482422,173029,0.0,0.0
2023-04-17 15:30:00-04:00,22.34000015258789,22.350000381469727,22.270000457763672,22.290000915527344,242081,0.0,0.0
2023-04-18 09:30:00-04:00,22.139999389648438,22.31999969482422,21.93000030517578,21.97010040283203,616336,0.0,0.0
2023-04-18 10:30:00-04:00,21.97330093383789,22.219999313354492,21.930299758911133,22.170000076293945,248200,0.0,0.0
2023-04-18 11:30:00-04:00,22.15999984741211,22.219999313354492,21.950000762939453,22.059999465942383,228281,0.0,0.0
2023-04-18 12:30:00-04:00,22.069900512695312,22.069900512695312,21.8799991607666,21.899999618530273,246420,0.0,0.0
2023-04-18 13:30:00-04:00,21.889799118041992,21.93000030517578,21.780000686645508,21.844999313354492,278784,0.0,0.0
2023-04-18 14:30:00-04:00,21.850000381469727,21.8799991607666,21.530000686645508,21.590099334716797,630611,0.0,0.0
2023-04-18 15:30:00-04:00,21.600000381469727,21.68000030517578,21.5,21.600000381469727,375541,0.0,0.0
2023-04-19 09:30:00-04:00,21.280000686645508,21.8700008392334,21.030000686645508,21.43000030517578,747382,0.0,0.0
2023-04-19 10:30:00-04:00,21.440000534057617,21.690000534057617,21.3799991607666,21.3799991607666,353249,0.0,0.0
2023-04-19 11:30:00-04:00,21.3799991607666,21.389999389648438,21.079999923706055,21.229999542236328,407341,0.0,0.0
2023-04-19 12:30:00-04:00,21.219999313354492,21.219999313354492,21.030000686645508,21.09000015258789,253300,0.0,0.0
2023-04-19 13:30:00-04:00,21.094999313354492,21.31999969482422,20.9601993560791,21.280000686645508,283841,0.0,0.0
2023-04-19 14:30:00-04:00,21.256000518798828,21.325000762939453,21.15999984741211,21.290000915527344,172345,0.0,0.0
2023-04-19 15:30:00-04:00,21.290000915527344,21.349899291992188,21.209999084472656,21.309999465942383,193294,0.0,0.0
2023-04-20 09:30:00-04:00,20.8799991607666,21.36989974975586,20.809999465942383,21.270000457763672,292138,0.0,0.0
2023-04-20 10:30:00-04:00,21.290000915527344,21.549999237060547,21.114999771118164,21.15999984741211,400763,0.0,0.0
2023-04-20 11:30:00-04:00,21.15999984741211,21.19499969482422,20.93000030517578,21.09000015258789,210760,0.0,0.0
2023-04-20 12:30:00-04:00,21.09000015258789,21.139999389648438,20.940000534057617,20.969999313354492,136590,0.0,0.0
2023-04-20 13:30:00-04:00,20.97130012512207,20.989999771118164,20.5,20.520000457763672,495598,0.0,0.0
2023-04-20 14:30:00-04:00,20.5177001953125,20.579999923706055,20.1200008392334,20.149999618530273,583415,0.0,0.0
2023-04-20 15:30:00-04:00,20.18000030517578,20.299999237060547,20.059999465942383,20.219999313354492,734113,0.0,0.0
2023-04-21 09:30:00-04:00,20.200000762939453,20.559999465942383,20.100000381469727,20.450000762939453,554220,0.0,0.0
2023-04-21 10:30:00-04:00,20.479999542236328,20.6200008392334,20.29010009765625,20.459999084472656,349677,0.0,0.0
2023-04-21 11:30:00-04:00,20.469999313354492,20.559999465942383,20.354999542236328,20.3799991607666,201884,0.0,0.0
2023-04-21 12:30:00-04:00,20.3700008392334,20.469999313354492,20.280000686645508,20.329999923706055,117221,0.0,0.0
2023-04-21 13:30:00-04:00,20.348499298095703,20.5,20.34000015258789,20.461999893188477,138281,0.0,0.0
2023-04-21 14:30:00-04:00,20.469999313354492,20.530000686645508,20.389999389648438,20.469999313354492,216598,0.0,0.0
2023-04-21 15:30:00-04:00,20.459999084472656,20.559999465942383,20.450000762939453,20.489999771118164,360348,0.0,0.0
2023-04-24 09:30:00-04:00,20.149999618530273,20.40999984741211,20.139999389648438,20.219999313354492,459285,0.0,0.0
2023-04-24 10:30:00-04:00,20.21500015258789,20.225000381469727,19.84000015258789,19.969999313354492,731829,0.0,0.0
2023-04-24 11:30:00-04:00,19.969999313354492,20.0,19.809999465942383,19.979999542236328,314891,0.0,0.0
2023-04-24 12:30:00-04:00,19.971599578857422,20.049999237060547,19.81999969482422,19.84000015258789,258962,0.0,0.0
2023-04-24 13:30:00-04:00,19.849899291992188,20.040000915527344,19.849899291992188,19.940000534057617,265781,0.0,0.0
2023-04-24 14:30:00-04:00,19.950000762939453,20.010000228881836,19.844999313354492,19.90999984741211,275501,0.0,0.0
2023-04-24 15:30:00-04:00,19.90999984741211,19.969999313354492,19.8700008392334,19.940000534057617,333246,0.0,0.0
2023-04-25 09:30:00-04:00,19.739999771118164,20.020000457763672,19.309999465942383,19.3971004486084,480085,0.0,0.0
2023-04-25 10:30:00-04:00,19.37150001525879,19.459999084472656,19.280000686645508,19.350000381469727,216773,0.0,0.0
2023-04-25 11:30:00-04:00,19.34000015258789,19.360000610351562,19.1299991607666,19.299999237060547,430726,0.0,0.0
2023-04-25 12:30:00-04:00,19.280000686645508,19.31999969482422,18.90999984741211,19.014999389648438,331819,0.0,0.0
2023-04-25 13:30:00-04:00,19.010000228881836,19.170000076293945,18.920000076293945,19.1200008392334,419902,0.0,0.0
2023-04-25 14:30:00-04:00,19.13759994506836,19.25,19.05270004272461,19.1299991607666,225742,0.0,0.0
2023-04-25 15:30:00-04:00,19.1299991607666,19.200000762939453,18.989999771118164,19.0,330629,0.0,0.0
2023-04-26 09:30:00-04:00,18.979999542236328,19.190000534057617,18.854999542236328,18.969999313354492,432091,0.0,0.0
2023-04-26 10:30:00-04:00,18.959999084472656,19.200000762939453,18.860000610351562,19.04990005493164,304768,0.0,0.0
2023-04-26 11:30:00-04:00,19.049999237060547,19.229999542236328,19.020000457763672,19.149999618530273,177689,0.0,0.0
2023-04-26 12:30:00-04:00,19.15999984741211,19.170000076293945,19.010000228881836,19.079999923706055,179478,0.0,0.0
2023-04-26 13:30:00-04:00,19.0718994140625,19.09000015258789,18.889999389648438,18.950000762939453,202062,0.0,0.0
2023-04-26 14:30:00-04:00,18.950000762939453,18.950000762939453,18.75,18.770000457763672,354277,0.0,0.0
2023-04-26 15:30:00-04:00,18.780000686645508,18.790000915527344,18.649999618530273,18.649999618530273,474325,0.0,0.0
2023-04-27 09:30:00-04:00,18.75,19.09000015258789,18.719999313354492,18.889999389648438,553919,0.0,0.0
2023-04-27 10:30:00-04:00,18.885000228881836,19.299999237060547,18.8799991607666,19.149999618530273,378899,0.0,0.0
2023-04-27 11:30:00-04:00,19.149999618530273,19.337600708007812,19.049999237060547,19.18000030517578,227300,0.0,0.0
2023-04-27 12:30:00-04:00,19.170000076293945,19.290199279785156,19.079999923706055,19.25,188884,0.0,0.0
2023-04-27 13:30:00-04:00,19.260000228881836,19.270000457763672,19.110000610351562,19.18470001220703,203423,0.0,0.0
2023-04-27 14:30:00-04:00,19.170000076293945,19.190000534057617,18.975000381469727,19.040000915527344,241133,0.0,0.0
2023-04-27 15:30:00-04:00,19.030799865722656,19.05500030517578,18.90999984741211,18.93000030517578,349301,0.0,0.0
2023-04-28 09:30:00-04:00,18.920000076293945,19.450000762939453,18.8799991607666,19.450000762939453,416047,0.0,0.0
2023-04-28 10:30:00-04:00,19.440000534057617,19.690000534057617,19.170000076293945,19.610000610351562,575114,0.0,0.0
2023-04-28 11:30:00-04:00,19.610000610351562,19.670000076293945,19.459999084472656,19.579999923706055,219105,0.0,0.0
2023-04-28 12:30:00-04:00,19.559999465942383,19.57990074157715,19.43000030517578,19.479999542236328,180800,0.0,0.0
2023-04-28 13:30:00-04:00,19.479999542236328,19.489999771118164,19.350000381469727,19.350000381469727,142026,0.0,0.0
2023-04-28 14:30:00-04:00,19.34939956665039,19.719999313354492,19.329999923706055,19.459999084472656,342028,0.0,0.0
2023-04-28 15:30:00-04:00,19.457199096679688,19.469999313354492,19.290000915527344,19.299999237060547,453245,0.0,0.0
2023-05-01 09:30:00-04:00,19.15999984741211,19.25,18.780000686645508,19.077499389648438,462476,0.0,0.0
2023-05-01 10:30:00-04:00,19.06999969482422,19.25,18.700000762939453,18.7549991607666,333636,0.0,0.0
2023-05-01 11:30:00-04:00,18.735000610351562,18.8700008392334,18.65999984741211,18.860000610351562,264348,0.0,0.0
2023-05-01 12:30:00-04:00,18.862199783325195,18.989999771118164,18.719999313354492,18.725000381469727,204433,0.0,0.0
2023-05-01 13:30:00-04:00,18.729900360107422,18.765600204467773,18.68000030517578,18.739999771118164,173522,0.0,0.0
2023-05-01 14:30:00-04:00,18.72760009765625,18.829999923706055,18.674999237060547,18.7549991607666,203818,0.0,0.0
2023-05-01 15:30:00-04:00,18.75,18.820100784301758,18.459999084472656,18.559999465942383,576687,0.0,0.0
2023-05-02 09:30:00-04:00,18.450000762939453,18.514999389648438,18.08009910583496,18.23189926147461,451785,0.0,0.0
2023-05-02 10:30:00-04:00,18.239999771118164,18.479999542236328,18.139999389648438,18.290000915527344,254508,0.0,0.0
2023-05-02 11:30:00-04:00,18.290000915527344,18.309999465942383,18.059999465942383,18.149999618530273,245512,0.0,0.0
2023-05-02 12:30:00-04:00,18.155000686645508,18.399999618530273,18.139999389648438,18.3799991607666,181572,0.0,0.0
2023-05-02 13:30:00-04:00,18.389999389648438,18.5,18.329999923706055,18.395000457763672,177932,0.0,0.0
2023-05-02 14:30:00-04:00,18.399999618530273,18.420000076293945,18.31999969482422,18.389999389648438,145292,0.0,0.0
2023-05-02 15:30:00-04:00,18.389999389648438,18.579999923706055,18.329999923706055,18.579999923706055,271504,0.0,0.0
2023-05-03 09:30:00-04:00,18.559999465942383,18.889999389648438,18.530000686645508,18.75,510385,0.0,0.0
2023-05-03 10:30:00-04:00,18.75,19.200000762939453,18.739999771118164,18.90999984741211,677808,0.0,0.0
2023-05-03 11:30:00-04:00,18.92770004272461,18.950000762939453,18.770000457763672,18.84000015258789,347422,0.0,0.0
2023-05-03 12:30:00-04:00,18.832500457763672,18.881200790405273,18.719999313354492,18.860000610351562,183926,0.0,0.0
2023-05-03 13:30:00-04:00,18.860000610351562,19.040000915527344,18.75,18.900100708007812,265469,0.0,0.0
2023-05-03 14:30:00-04:00,18.90999984741211,19.100000381469727,18.719999313354492,18.81999969482422,518262,0.0,0.0
2023-05-03 15:30:00-04:00,18.809999465942383,18.920000076293945,18.75,18.899999618530273,405383,0.0,0.0
2023-05-04 09:30:00-04:00,19.25,19.290000915527344,18.940000534057617,18.959999084472656,426366,0.0,0.0
2023-05-04 10:30:00-04:00,18.940000534057617,19.479999542236328,18.91830062866211,19.30500030517578,502460,0.0,0.0
2023-05-04 11:30:00-04:00,19.31999969482422,19.329999923706055,19.09000015258789,19.299999237060547,185264,0.0,0.0
2023-05-04 12:30:00-04:00,19.299999237060547,19.329999923706055,19.200000762939453,19.31999969482422,115505,0.0,0.0
2023-05-04 13:30:00-04:00,19.31999969482422,19.459999084472656,19.290000915527344,19.290199279785156,202627,0.0,0.0
2023-05-04 14:30:00-04:00,19.290000915527344,19.34000015258789,19.209999084472656,19.235000610351562,128327,0.0,0.0
2023-05-04 15:30:00-04:00,19.229999542236328,19.3700008392334,19.170000076293945,19.360000610351562,323313,0.0,0.0
2023-05-05 09:30:00-04:00,19.6200008392334,20.87929916381836,19.510000228881836,20.290000915527344,1326033,0.0,0.0
2023-05-05 10:30:00-04:00,20.280000686645508,20.559999465942383,20.06999969482422,20.36989974975586,982036,0.0,0.0
2023-05-05 11:30:00-04:00,20.350000381469727,20.389999389648438,20.06999969482422,20.139999389648438,373033,0.0,0.0
2023-05-05 12:30:00-04:00,20.1200008392334,20.239599227905273,20.06999969482422,20.083200454711914,276467,0.0,0.0
2023-05-05 13:30:00-04:00,20.099899291992188,20.194299697875977,20.030000686645508,20.079999923706055,175858,0.0,0.0
2023-05-05 14:30:00-04:00,20.09239959716797,20.235000610351562,20.020000457763672,20.1200008392334,337117,0.0,0.0
2023-05-05 15:30:00-04:00,20.1200008392334,20.43000030517578,20.079999923706055,20.43000030517578,685644,0.0,0.0
2023-05-08 09:30:00-04:00,20.459999084472656,20.649999618530273,20.09040069580078,20.34000015258789,487711,0.0,0.0
2023-05-08 10:30:00-04:00,20.3700008392334,20.790000915527344,20.3700008392334,20.780000686645508,463812,0.0,0.0
2023-05-08 11:30:00-04:00,20.780000686645508,20.989999771118164,20.639999389648438,20.70989990234375,577053,0.0,0.0
2023-05-08 12:30:00-04:00,20.700000762939453,20.760000228881836,20.520299911499023,20.639999389648438,246822,0.0,0.0
2023-05-08 13:30:00-04:00,20.649999618530273,20.71150016784668,20.459999084472656,20.55430030822754,150276,0.0,0.0
2023-05-08 14:30:00-04:00,20.559999465942383,20.729999542236328,20.520000457763672,20.549999237060547,148112,0.0,0.0
2023-05-08 15:30:00-04:00,20.540000915527344,20.670000076293945,20.510000228881836,20.520000457763672,238118,0.0,0.0
2023-05-09 09:30:00-04:00,20.15999984741211,20.649999618530273,20.120399475097656,20.5,280422,0.0,0.0
2023-05-09 10:30:00-04:00,20.510000228881836,20.59000015258789,20.42009925842285,20.440000534057617,168599,0.0,0.0
2023-05-09 11:30:00-04:00,20.434999465942383,20.540000915527344,20.360000610351562,20.376100540161133,182058,0.0,0.0
2023-05-09 12:30:00-04:00,20.3799991607666,20.3799991607666,20.15999984741211,20.270000457763672,206759,0.0,0.0
2023-05-09 13:30:00-04:00,20.260000228881836,20.309999465942383,20.18000030517578,20.270000457763672,151934,0.0,0.0
2023-05-09 14:30:00-04:00,20.270000457763672,20.329999923706055,20.15999984741211,20.18000030517578,165061,0.0,0.0
2023-05-09 15:30:00-04:00,20.174999237060547,20.280000686645508,20.1299991607666,20.239999771118164,227507,0.0,0.0
2023-05-10 09:30:00-04:00,20.450000762939453,20.93709945678711,20.3799991607666,20.8700008392334,571422,0.0,0.0
2023-05-10 10:30:00-04:00,20.8799991607666,20.920000076293945,20.5,20.799999237060547,403549,0.0,0.0
2023-05-10 11:30:00-04:00,20.811500549316406,20.959999084472656,20.780000686645508,20.940000534057617,228132,0.0,0.0
2023-05-10 12:30:00-04:00,20.93560028076172,20.950000762939453,20.621000289916992,20.639999389648438,154240,0.0,0.0
2023-05-10 13:30:00-04:00,20.645000457763672,20.739999771118164,20.559999465942383,20.674999237060547,191565,0.0,0.0
2023-05-10 14:30:00-04:00,20.690000534057617,20.84000015258789,20.681900024414062,20.809999465942383,145791,0.0,0.0
2023-05-10 15:30:00-04:00,20.815000534057617,20.899999618530273,20.719999313354492,20.739999771118164,279074,0.0,0.0
2023-05-11 09:30:00-04:00,20.690000534057617,21.15999984741211,20.510000228881836,20.650100708007812,600935,0.0,0.0
2023-05-11 10:30:00-04:00,20.670000076293945,20.93000030517578,20.600000381469727,20.84000015258789,175462,0.0,0.0
2023-05-11 11:30:00-04:00,20.860000610351562,21.020000457763672,20.850000381469727,20.90999984741211,161428,0.0,0.0
2023-05-11 12:30:00-04:00,20.920000076293945,20.969999313354492,20.812999725341797,20.860000610351562,111758,0.0,0.0
2023-05-11 13:30:00-04:00,20.850000381469727,20.93000030517578,20.764999389648438,20.8799991607666,118501,0.0,0.0
2023-05-11 14:30:00-04:00,20.895000457763672,20.950000762939453,20.770000457763672,20.829999923706055,167324,0.0,0.0
2023-05-11 15:30:00-04:00,20.81999969482422,20.889999389648438,20.78499984741211,20.889999389648438,191957,0.0,0.0
2023-05-12 09:30:00-04:00,20.829999923706055,20.979999542236328,20.56999969482422,20.56999969482422,351408,0.0,0.0
2023-05-12 10:30:00-04:00,20.565000534057617,20.764999389648438,20.229999542236328,20.469999313354492,552843,0.0,0.0
2023-05-12 11:30:00-04:00,20.485000610351562,20.75,20.400100708007812,20.420000076293945,277151,0.0,0.0
2023-05-12 12:30:00-04:00,20.43000030517578,20.549999237060547,20.322999954223633,20.510000228881836,167672,0.0,0.0
2023-05-12 13:30:00-04:00,20.514999389648438,20.597999572753906,20.459999084472656,20.559999465942383,80670,0.0,0.0
2023-05-12 14:30:00-04:00,20.56999969482422,20.58099937438965,20.3700008392334,20.5,166800,0.0,0.0
2023-05-12 15:30:00-04:00,20.530000686645508,20.709999084472656,20.510000228881836,20.68000030517578,310913,0.0,0.0
2023-05-15 09:30:00-04:00,20.6200008392334,21.059999465942383,20.489999771118164,21.010000228881836,518846,0.0,0.0
2023-05-15 10:30:00-04:00,21.0,21.59000015258789,20.96150016784668,21.54010009765625,517285,0.0,0.0
2023-05-15 11:30:00-04:00,21.56999969482422,21.56999969482422,21.229999542236328,21.43000030517578,233327,0.0,0.0
2023-05-15 12:30:00-04:00,21.420000076293945,21.633100509643555,21.3700008392334,21.565000534057617,241938,0.0,0.0
2023-05-15 13:30:00-04:00,21.549999237060547,21.576799392700195,21.420000076293945,21.5,143219,0.0,0.0
2023-05-15 14:30:00-04:00,21.5,21.520000457763672,21.290000915527344,21.488000869750977,319766,0.0,0.0
2023-05-15 15:30:00-04:00,21.489999771118164,21.6200008392334,21.369300842285156,21.6200008392334,435972,0.0,0.0
2023-05-16 09:30:00-04:00,21.5,21.979999542236328,21.415000915527344,21.75,567252,0.0,0.0
2023-05-16 10:30:00-04:00,21.760000228881836,21.960599899291992,21.65999984741211,21.93000030517578,299103,0.0,0.0
2023-05-16 11:30:00-04:00,21.93000030517578,22.100000381469727,21.850799560546875,22.049999237060547,384374,0.0,0.0
2023-05-16 12:30:00-04:00,22.049999237060547,22.100000381469727,21.8799991607666,21.8799991607666,260874,0.0,0.0
2023-05-16 13:30:00-04:00,21.8799991607666,22.014999389648438,21.841999053955078,22.010000228881836,228827,0.0,0.0
2023-05-16 14:30:00-04:00,22.010000228881836,22.024999618530273,21.860000610351562,21.94499969482422,246807,0.0,0.0
2023-05-16 15:30:00-04:00,21.941499710083008,22.0,21.889999389648438,21.979999542236328,380190,0.0,0.0
2023-05-17 09:30:00-04:00,21.989999771118164,22.949899673461914,21.895000457763672,22.850000381469727,1033404,0.0,0.0
2023-05-17 10:30:00-04:00,22.860000610351562,23.25,22.709999084472656,23.049999237060547,1204563,0.0,0.0
2023-05-17 11:30:00-04:00,23.06999969482422,23.149999618530273,22.719999313354492,22.770000457763672,495583,0.0,0.0
2023-05-17 12:30:00-04:00,22.770000457763672,23.06999969482422,22.770000457763672,22.937700271606445,297233,0.0,0.0
2023-05-17 13:30:00-04:00,22.93000030517578,22.940000534057617,22.56999969482422,22.690000534057617,404919,0.0,0.0
2023-05-17 14:30:00-04:00,22.704999923706055,22.72800064086914,22.600000381469727,22.709999084472656,265912,0.0,0.0
2023-05-17 15:30:00-04:00,22.709999084472656,23.0,22.700000762939453,22.84000015258789,665062,0.0,0.0
2023-05-18 09:30:00-04:00,22.899999618530273,23.299999237060547,22.68000030517578,23.09000015258789,623741,0.0,0.0
2023-05-18 10:30:00-04:00,23.091800689697266,23.299999237060547,22.998600006103516,23.15999984741211,331045,0.0,0.0
2023-05-18 11:30:00-04:00,23.161300659179688,23.260000228881836,22.940000534057617,23.010000228881836,237434,0.0,0.0
2023-05-18 12:30:00-04:00,23.020000457763672,23.110000610351562,22.969999313354492,23.02039909362793,189818,0.0,0.0
2023-05-18 13:30:00-04:00,23.010000228881836,23.06410026550293,22.950000762939453,23.040000915527344,154859,0.0,0.0
2023-05-18 14:30:00-04:00,23.040000915527344,23.18000030517578,23.020000457763672,23.100000381469727,194891,0.0,0.0
2023-05-18 15:30:00-04:00,23.1299991607666,23.145000457763672,23.030000686645508,23.049999237060547,267406,0.0,0.0
2023-05-19 09:30:00-04:00,22.940000534057617,22.985000610351562,22.402000427246094,22.645000457763672,453731,0.0,0.0
2023-05-19 10:30:00-04:00,22.65999984741211,22.719999313354492,22.399999618530273,22.399999618530273,416048,0.0,0.0
2023-05-19 11:30:00-04:00,22.3882999420166,22.40999984741211,21.8799991607666,21.88010025024414,562722,0.0,0.0
2023-05-19 12:30:00-04:00,21.885000228881836,22.030000686645508,21.75,21.959999084472656,303317,0.0,0.0
2023-05-19 13:30:00-04:00,21.950000762939453,22.09000015258789,21.860000610351562,21.950000762939453,206440,0.0,0.0
2023-05-19 14:30:00-04:00,21.940000534057617,22.139999389648438,21.889999389648438,22.047700881958008,215874,0.0,0.0
2023-05-19 15:30:00-04:00,22.040000915527344,22.15999984741211,22.0,22.059999465942383,334347,0.0,0.0
2023-05-22 09:30:00-04:00,22.100000381469727,22.950000762939453,21.989999771118164,22.93000030517578,666832,0.0,0.0
2023-05-22 10:30:00-04:00,22.940000534057617,23.25,22.709999084472656,23.20009994506836,470674,0.0,0.0
2023-05-22 11:30:00-04:00,23.200000762939453,23.860000610351562,23.1299991607666,23.799999237060547,1153901,0.0,0.0
2023-05-22 12:30:00-04:00,23.79560089111328,24.100000381469727,23.459999084472656,23.670000076293945,1180339,0.0,0.0
2023-05-22 13:30:00-04:00,23.68000030517578,23.899999618530273,23.440000534057617,23.781299591064453,758400,0.0,0.0
2023-05-22 14:30:00-04:00,23.790000915527344,24.239999771118164,23.739999771118164,24.239999771118164,918530,0.0,0.0
2023-05-22 15:30:00-04:00,24.239999771118164,24.360000610351562,24.020000457763672,24.200000762939453,954982,0.0,0.0
2023-05-23 09:30:00-04:00,23.889999389648438,23.899999618530273,23.139999389648438,23.434999465942383,1089361,0.0,0.0
2023-05-23 10:30:00-04:00,23.450000762939453,23.600000381469727,23.39150047302246,23.549999237060547,397948,0.0,0.0
2023-05-23 11:30:00-04:00,23.540000915527344,23.56839942932129,23.25,23.280000686645508,236941,0.0,0.0
2023-05-23 12:30:00-04:00,23.27239990234375,23.350000381469727,22.80030059814453,23.299999237060547,544581,0.0,0.0
2023-05-23 13:30:00-04:00,23.290000915527344,23.440000534057617,23.09000015258789,23.09000015258789,214353,0.0,0.0
2023-05-23 14:30:00-04:00,23.09000015258789,23.149999618530273,22.815000534057617,22.920000076293945,558074,0.0,0.0
2023-05-23 15:30:00-04:00,22.920000076293945,23.18000030517578,22.920000076293945,23.15999984741211,535218,0.0,0.0
2023-05-24 09:30:00-04:00,23.1299991607666,23.520000457763672,22.733800888061523,22.86009979248047,487185,0.0,0.0
2023-05-24 10:30:00-04:00,22.875,23.09000015258789,22.81599998474121,23.046499252319336,200822,0.0,0.0
2023-05-24 11:30:00-04:00,23.06999969482422,23.219999313354492,22.989999771118164,23.149999618530273,161375,0.0,0.0
2023-05-24 12:30:00-04:00,23.15999984741211,23.389999389648438,23.120100021362305,23.25,257959,0.0,0.0
2023-05-24 13:30:00-04:00,23.260000228881836,23.295000076293945,23.079999923706055,23.09000015258789,138538,0.0,0.0
2023-05-24 14:30:00-04:00,23.09000015258789,23.219999313354492,22.924999237060547,23.200000762939453,158909,0.0,0.0
2023-05-24 15:30:00-04:00,23.200000762939453,23.349199295043945,23.200000762939453,23.299999237060547,351094,0.0,0.0
2023-05-25 09:30:00-04:00,23.5,23.685100555419922,22.709999084472656,22.93000030517578,616070,0.0,0.0
2023-05-25 10:30:00-04:00,22.934999465942383,23.117799758911133,22.719999313354492,22.770000457763672,347818,0.0,0.0
2023-05-25 11:30:00-04:00,22.760000228881836,23.030000686645508,22.729999542236328,22.940000534057617,272353,0.0,0.0
2023-05-25 12:30:00-04:00,22.940000534057617,23.299999237060547,22.93000030517578,23.25,224382,0.0,0.0
2023-05-25 13:30:00-04:00,23.260000228881836,23.450000762939453,23.219999313354492,23.3700008392334,217964,0.0,0.0
2023-05-25 14:30:00-04:00,23.3700008392334,23.489999771118164,23.190000534057617,23.485000610351562,227455,0.0,0.0
2023-05-25 15:30:00-04:00,23.489999771118164,23.575000762939453,23.329999923706055,23.360000610351562,435566,0.0,0.0
2023-05-26 09:30:00-04:00,23.469999313354492,23.520000457763672,23.059999465942383,23.510000228881836,415213,0.0,0.0
2023-05-26 10:30:00-04:00,23.514999389648438,23.709999084472656,23.200000762939453,23.215900421142578,430124,0.0,0.0
2023-05-26 11:30:00-04:00,23.190000534057617,23.600000381469727,23.190000534057617,23.5,291508,0.0,0.0
2023-05-26 12:30:00-04:00,23.489999771118164,23.639999389648438,23.3799991607666,23.420000076293945,241654,0.0,0.0
2023-05-26 13:30:00-04:00,23.43000030517578,23.520000457763672,23.28499984741211,23.450000762939453,218153,0.0,0.0
2023-05-26 14:30:00-04:00,23.440000534057617,23.489999771118164,23.30500030517578,23.360000610351562,285075,0.0,0.0
2023-05-26 15:30:00-04:00,23.3700008392334,23.38759994506836,23.204999923706055,23.270000457763672,276635,0.0,0.0
2023-05-30 09:30:00-04:00,23.440000534057617,23.98979949951172,23.309999465942383,23.690000534057617,1065850,0.0,0.0
2023-05-30 10:30:00-04:00,23.690000534057617,23.969999313354492,23.649999618530273,23.969999313354492,503117,0.0,0.0
2023-05-30 11:30:00-04:00,23.979999542236328,24.079999923706055,23.670000076293945,23.709999084472656,479756,0.0,0.0
2023-05-30 12:30:00-04:00,23.709999084472656,23.850000381469727,23.600000381469727,23.799999237060547,391537,0.0,0.0
2023-05-30 13:30:00-04:00,23.795000076293945,24.030000686645508,23.7450008392334,24.01919937133789,447469,0.0,0.0
2023-05-30 14:30:00-04:00,24.011899948120117,24.40999984741211,23.889999389648438,24.3700008392334,817423,0.0,0.0
2023-05-30 15:30:00-04:00,24.35070037841797,24.690000534057617,24.209999084472656,24.540000915527344,1162211,0.0,0.0
2023-05-31 09:30:00-04:00,24.510000228881836,24.799999237060547,24.209999084472656,24.348100662231445,998521,0.0,0.0
2023-05-31 10:30:00-04:00,24.344999313354492,24.670000076293945,24.1200008392334,24.1299991607666,524289,0.0,0.0
2023-05-31 11:30:00-04:00,24.1299991607666,24.170000076293945,23.8799991607666,24.059999465942383,396976,0.0,0.0
2023-05-31 12:30:00-04:00,24.05500030517578,24.247600555419922,23.96179962158203,24.238000869750977,267086,0.0,0.0
2023-05-31 13:30:00-04:00,24.229999542236328,24.399900436401367,24.15999984741211,24.309999465942383,215578,0.0,0.0
2023-05-31 14:30:00-04:00,24.318099975585938,24.450000762939453,24.260000228881836,24.309999465942383,241779,0.0,0.0
2023-05-31 15:30:00-04:00,24.310100555419922,24.3799991607666,24.0,24.049999237060547,678046,0.0,0.0
2023-06-01 09:30:00-04:00,24.040000915527344,24.270000457763672,23.780000686645508,24.059999465942383,804283,0.0,0.0
2023-06-01 10:30:00-04:00,24.059999465942383,24.313800811767578,23.979999542236328,24.100000381469727,366527,0.0,0.0
2023-06-01 11:30:00-04:00,24.110000610351562,24.524999618530273,24.0,24.427099227905273,752352,0.0,0.0
2023-06-01 12:30:00-04:00,24.424999237060547,24.6200008392334,24.270000457763672,24.3700008392334,592634,0.0,0.0
2023-06-01 13:30:00-04:00,24.389999389648438,24.65999984741211,24.332000732421875,24.600000381469727,332459,0.0,0.0
2023-06-01 14:30:00-04:00,24.59079933166504,24.610000610351562,24.149999618530273,24.190000534057617,416585,0.0,0.0
2023-06-01 15:30:00-04:00,24.190000534057617,24.229999542236328,24.059999465942383,24.079999923706055,402288,0.0,0.0
2023-06-02 09:30:00-04:00,24.290000915527344,24.93000030517578,24.280000686645508,24.71500015258789,929787,0.0,0.0
2023-06-02 10:30:00-04:00,24.719999313354492,24.8700008392334,24.510000228881836,24.610000610351562,434788,0.0,0.0
2023-06-02 11:30:00-04:00,24.6200008392334,24.739999771118164,24.450000762939453,24.510000228881836,274667,0.0,0.0
2023-06-02 12:30:00-04:00,24.5,24.68000030517578,24.350000381469727,24.549999237060547,390100,0.0,0.0
2023-06-02 13:30:00-04:00,24.559999465942383,24.799999237060547,24.540000915527344,24.75,355078,0.0,0.0
2023-06-02 14:30:00-04:00,24.739999771118164,24.770000457763672,24.559999465942383,24.6299991607666,233135,0.0,0.0
2023-06-02 15:30:00-04:00,24.639999389648438,24.670000076293945,24.517499923706055,24.65999984741211,477846,0.0,0.0
2023-06-05 09:30:00-04:00,24.530000686645508,25.579999923706055,24.450000762939453,25.165000915527344,1300352,0.0,0.0
2023-06-05 10:30:00-04:00,25.170000076293945,25.760000228881836,25.125200271606445,25.75279998779297,1015474,0.0,0.0
2023-06-05 11:30:00-04:00,25.739999771118164,25.84000015258789,25.174999237060547,25.229999542236328,568391,0.0,0.0
2023-06-05 12:30:00-04:00,25.239900588989258,25.239999771118164,24.617900848388672,24.639999389648438,531545,0.0,0.0
2023-06-05 13:30:00-04:00,24.649999618530273,24.719999313354492,24.489999771118164,24.600000381469727,313217,0.0,0.0
2023-06-05 14:30:00-04:00,24.610000610351562,24.610000610351562,24.200000762939453,24.201499938964844,577970,0.0,0.0
2023-06-05 15:30:00-04:00,24.201499938964844,24.450000762939453,24.15999984741211,24.309999465942383,443201,0.0,0.0
2023-06-06 09:30:00-04:00,24.010000228881836,24.836000442504883,24.0,24.709999084472656,803910,0.0,0.0
2023-06-06 10:30:00-04:00,24.75,25.247400283813477,24.729999542236328,24.872699737548828,886982,0.0,0.0
2023-06-06 11:30:00-04:00,24.899999618530273,25.1200008392334,24.670000076293945,24.730100631713867,389194,0.0,0.0
2023-06-06 12:30:00-04:00,24.760000228881836,24.790000915527344,24.549999237060547,24.719999313354492,276014,0.0,0.0
2023-06-06 13:30:00-04:00,24.735000610351562,24.780000686645508,24.530000686645508,24.68000030517578,260696,0.0,0.0
2023-06-06 14:30:00-04:00,24.690000534057617,24.989999771118164,24.639999389648438,24.78499984741211,487931,0.0,0.0
2023-06-06 15:30:00-04:00,24.781999588012695,24.93000030517578,24.690000534057617,24.700000762939453,619440,0.0,0.0
2023-06-07 09:30:00-04:00,26.200000762939453,26.549999237060547,25.420000076293945,26.210800170898438,3576433,0.0,0.0
2023-06-07 10:30:00-04:00,26.219999313354492,26.219999313354492,25.06999969482422,25.399999618530273,1329215,0.0,0.0
2023-06-07 11:30:00-04:00,25.399999618530273,25.790000915527344,25.34000015258789,25.739999771118164,933855,0.0,0.0
2023-06-07 12:30:00-04:00,25.73110008239746,26.239900588989258,25.440000534057617,25.440000534057617,1384176,0.0,0.0
2023-06-07 13:30:00-04:00,25.43000030517578,26.139999389648438,25.34000015258789,26.049999237060547,1256636,0.0,0.0
2023-06-07 14:30:00-04:00,26.059999465942383,26.34000015258789,25.90999984741211,26.030000686645508,1427342,0.0,0.0
2023-06-07 15:30:00-04:00,26.030000686645508,26.200000762939453,25.799999237060547,26.100000381469727,1670653,0.0,0.0
2023-06-08 09:30:00-04:00,20.299999237060547,22.0,20.100000381469727,20.810100555419922,9211742,0.0,0.0
2023-06-08 10:30:00-04:00,20.81879997253418,21.55900001525879,20.639999389648438,21.479400634765625,3337279,0.0,0.0
2023-06-08 11:30:00-04:00,21.489900588989258,21.700000762939453,21.145000457763672,21.533300399780273,2191996,0.0,0.0
2023-06-08 12:30:00-04:00,21.520000457763672,21.700000762939453,21.370100021362305,21.600000381469727,1214900,0.0,0.0
2023-06-08 13:30:00-04:00,21.60099983215332,21.780000686645508,21.229999542236328,21.545000076293945,1097640,0.0,0.0
2023-06-08 14:30:00-04:00,21.55430030822754,21.770000457763672,21.50200080871582,21.648500442504883,745904,0.0,0.0
2023-06-08 15:30:00-04:00,21.640100479125977,21.665000915527344,21.22010040283203,21.450000762939453,1104958,0.0,0.0
2023-06-09 09:30:00-04:00,21.780000686645508,23.42959976196289,21.5,22.8700008392334,4662161,0.0,0.0
2023-06-09 10:30:00-04:00,22.860000610351562,22.940000534057617,22.18000030517578,22.264999389648438,1768549,0.0,0.0
2023-06-09 11:30:00-04:00,22.260000228881836,22.40999984741211,21.820999145507812,21.889999389648438,1084629,0.0,0.0
2023-06-09 12:30:00-04:00,21.889999389648438,22.367900848388672,21.81999969482422,22.34000015258789,595539,0.0,0.0
2023-06-09 13:30:00-04:00,22.34000015258789,22.59000015258789,22.2810001373291,22.450000762939453,490976,0.0,0.0
2023-06-09 14:30:00-04:00,22.440000534057617,22.670000076293945,22.364999771118164,22.475000381469727,570424,0.0,0.0
2023-06-09 15:30:00-04:00,22.479999542236328,22.670000076293945,22.440000534057617,22.65999984741211,862144,0.0,0.0
2023-06-12 09:30:00-04:00,22.844999313354492,24.16230010986328,22.741500854492188,23.979999542236328,2716065,0.0,0.0
2023-06-12 10:30:00-04:00,23.969999313354492,24.1200008392334,23.610000610351562,23.639999389648438,1183803,0.0,0.0
2023-06-12 11:30:00-04:00,23.6299991607666,23.950000762939453,23.489999771118164,23.81999969482422,691055,0.0,0.0
2023-06-12 12:30:00-04:00,23.827999114990234,24.1200008392334,23.809999465942383,24.020000457763672,583268,0.0,0.0
2023-06-12 13:30:00-04:00,24.00149917602539,24.200000762939453,23.860000610351562,23.920000076293945,507978,0.0,0.0
2023-06-12 14:30:00-04:00,23.920000076293945,24.100000381469727,23.899999618530273,24.094999313354492,407614,0.0,0.0
2023-06-12 15:30:00-04:00,24.09000015258789,24.299999237060547,24.09000015258789,24.290000915527344,790805,0.0,0.0
2023-06-13 09:30:00-04:00,26.200000762939453,26.450000762939453,25.29599952697754,25.579999923706055,5886072,0.0,0.0
2023-06-13 10:30:00-04:00,25.50149917602539,26.200000762939453,25.030000686645508,26.127500534057617,1813619,0.0,0.0
2023-06-13 11:30:00-04:00,26.1299991607666,27.209999084472656,25.950000762939453,26.920499801635742,2900798,0.0,0.0
2023-06-13 12:30:00-04:00,26.920000076293945,27.649999618530273,26.860000610351562,27.394899368286133,2520816,0.0,0.0
2023-06-13 13:30:00-04:00,27.393699645996094,27.59000015258789,26.770000457763672,26.969999313354492,1423697,0.0,0.0
2023-06-13 14:30:00-04:00,26.959999084472656,27.469999313354492,26.75,27.260000228881836,1181982,0.0,0.0
2023-06-13 15:30:00-04:00,27.280000686645508,27.309999465942383,26.815000534057617,26.93000030517578,1002465,0.0,0.0
2023-06-14 09:30:00-04:00,26.719999313354492,27.079999923706055,25.790000915527344,26.510000228881836,2453646,0.0,0.0
2023-06-14 10:30:00-04:00,26.510000228881836,26.719999313354492,26.270000457763672,26.5,858449,0.0,0.0
2023-06-14 11:30:00-04:00,26.510000228881836,26.659900665283203,26.25,26.298999786376953,396663,0.0,0.0
2023-06-14 12:30:00-04:00,26.2810001373291,26.43079948425293,25.809999465942383,25.879899978637695,739184,0.0,0.0
2023-06-14 13:30:00-04:00,25.860000610351562,25.899999618530273,24.899999618530273,25.55769920349121,1387455,0.0,0.0
2023-06-14 14:30:00-04:00,25.552799224853516,26.040000915527344,25.3799991607666,25.75,654332,0.0,0.0
2023-06-14 15:30:00-04:00,25.738399505615234,25.770000457763672,25.6200008392334,25.709999084472656,517116,0.0,0.0
2023-06-15 09:30:00-04:00,25.40999984741211,26.110000610351562,25.229999542236328,26.100000381469727,734458,0.0,0.0
2023-06-15 10:30:00-04:00,26.118999481201172,26.169599533081055,24.90999984741211,24.920000076293945,1289299,0.0,0.0
2023-06-15 11:30:00-04:00,24.920000076293945,25.3799991607666,24.642000198364258,25.18000030517578,1006601,0.0,0.0
2023-06-15 12:30:00-04:00,25.184999465942383,25.190000534057617,24.7450008392334,24.94849967956543,927604,0.0,0.0
2023-06-15 13:30:00-04:00,24.950000762939453,25.149999618530273,24.859899520874023,24.899999618530273,350944,0.0,0.0
2023-06-15 14:30:00-04:00,24.90999984741211,24.9606990814209,24.790000915527344,24.800399780273438,372289,0.0,0.0
2023-06-15 15:30:00-04:00,24.802000045776367,24.899900436401367,24.71500015258789,24.84000015258789,511072,0.0,0.0
2023-06-16 09:30:00-04:00,25.020000457763672,25.110000610351562,24.690000534057617,24.920000076293945,1088758,0.0,0.0
2023-06-16 10:30:00-04:00,24.91710090637207,25.020000457763672,24.420000076293945,24.641700744628906,504163,0.0,0.0
2023-06-16 11:30:00-04:00,24.649999618530273,24.860000610351562,24.510000228881836,24.790000915527344,268850,0.0,0.0
2023-06-16 12:30:00-04:00,24.790000915527344,25.0049991607666,24.65999984741211,24.690000534057617,287818,0.0,0.0
2023-06-16 13:30:00-04:00,24.690000534057617,24.795000076293945,24.661500930786133,24.661500930786133,146179,0.0,0.0
2023-06-16 14:30:00-04:00,24.674999237060547,24.719999313354492,24.5,24.550800323486328,279217,0.0,0.0
2023-06-16 15:30:00-04:00,24.56999969482422,24.770000457763672,24.540000915527344,24.549999237060547,529676,0.0,0.0
2023-06-20 09:30:00-04:00,24.40999984741211,24.62929916381836,23.780000686645508,23.79290008544922,1025613,0.0,0.0
2023-06-20 10:30:00-04:00,23.78499984741211,24.030000686645508,23.780000686645508,23.829999923706055,484646,0.0,0.0
2023-06-20 11:30:00-04:00,23.84000015258789,24.209999084472656,23.719999313354492,24.190099716186523,381993,0.0,0.0
2023-06-20 12:30:00-04:00,24.19499969482422,24.610000610351562,24.170000076293945,24.290000915527344,399178,0.0,0.0
2023-06-20 13:30:00-04:00,24.280000686645508,24.399999618530273,24.25,24.34000015258789,143340,0.0,0.0
2023-06-20 14:30:00-04:00,24.33009910583496,24.599899291992188,24.25079917907715,24.599000930786133,242003,0.0,0.0
2023-06-20 15:30:00-04:00,24.594999313354492,24.649999618530273,24.520000457763672,24.59000015258789,312136,0.0,0.0
2023-06-21 09:30:00-04:00,24.84000015258789,25.100000381469727,24.264999389648438,24.350000381469727,795442,0.0,0.0
2023-06-21 10:30:00-04:00,24.360000610351562,24.399999618530273,24.100000381469727,24.3700008392334,357919,0.0,0.0
2023-06-21 11:30:00-04:00,24.364999771118164,24.809999465942383,24.31999969482422,24.760000228881836,259612,0.0,0.0
2023-06-21 12:30:00-04:00,24.760000228881836,24.799999237060547,24.5,24.520000457763672,255374,0.0,0.0
2023-06-21 13:30:00-04:00,24.520000457763672,24.700000762939453,24.469999313354492,24.689199447631836,142775,0.0,0.0
2023-06-21 14:30:00-04:00,24.68000030517578,24.729999542236328,24.579999923706055,24.59000015258789,149456,0.0,0.0
2023-06-21 15:30:00-04:00,24.59000015258789,24.599000930786133,24.420000076293945,24.421199798583984,234354,0.0,0.0
2023-06-22 09:30:00-04:00,24.125,24.18000030517578,23.760000228881836,23.940000534057617,493561,0.0,0.0
2023-06-22 10:30:00-04:00,23.940000534057617,24.139999389648438,23.760099411010742,24.020000457763672,318410,0.0,0.0
2023-06-22 11:30:00-04:00,24.030000686645508,24.24799919128418,24.010000228881836,24.151100158691406,192419,0.0,0.0
2023-06-22 12:30:00-04:00,24.15999984741211,24.229999542236328,24.020000457763672,24.094999313354492,115435,0.0,0.0
2023-06-22 13:30:00-04:00,24.094999313354492,24.209999084472656,24.059999465942383,24.090099334716797,166089,0.0,0.0
2023-06-22 14:30:00-04:00,24.11009979248047,24.19499969482422,24.024999618530273,24.024999618530273,111245,0.0,0.0
2023-06-22 15:30:00-04:00,24.020000457763672,24.329999923706055,24.0,24.329999923706055,274001,0.0,0.0
2023-06-23 09:30:00-04:00,23.780000686645508,24.020000457763672,23.68000030517578,23.836000442504883,387039,0.0,0.0
2023-06-23 10:30:00-04:00,23.860000610351562,24.149999618530273,23.850799560546875,23.989999771118164,169497,0.0,0.0
2023-06-23 11:30:00-04:00,23.99810028076172,24.0,23.870100021362305,24.0,118564,0.0,0.0
2023-06-23 12:30:00-04:00,24.0,24.101999282836914,23.829999923706055,23.86870002746582,265430,0.0,0.0
2023-06-23 13:30:00-04:00,23.875,23.940000534057617,23.834999084472656,23.93000030517578,210306,0.0,0.0
2023-06-23 14:30:00-04:00,23.899999618530273,24.0,23.8700008392334,23.90999984741211,184961,0.0,0.0
2023-06-23 15:30:00-04:00,23.920000076293945,23.93000030517578,23.700000762939453,23.709999084472656,313036,0.0,0.0
2023-06-26 09:30:00-04:00,23.3799991607666,24.030000686645508,23.25,23.760000228881836,671610,0.0,0.0
2023-06-26 10:30:00-04:00,23.770000457763672,23.770000457763672,23.459999084472656,23.6299991607666,252107,0.0,0.0
2023-06-26 11:30:00-04:00,23.6299991607666,23.838899612426758,23.149999618530273,23.209999084472656,487165,0.0,0.0
2023-06-26 12:30:00-04:00,23.200000762939453,23.341299057006836,23.049999237060547,23.13990020751953,279840,0.0,0.0
2023-06-26 13:30:00-04:00,23.1200008392334,23.138500213623047,22.90999984741211,22.989999771118164,282434,0.0,0.0
2023-06-26 14:30:00-04:00,22.989999771118164,23.200000762939453,22.989999771118164,23.139999389648438,170556,0.0,0.0
2023-06-26 15:30:00-04:00,23.1299991607666,23.15999984741211,23.020000457763672,23.030000686645508,285470,0.0,0.0
2023-06-27 09:30:00-04:00,23.290000915527344,23.381900787353516,23.049999237060547,23.309999465942383,332627,0.0,0.0
2023-06-27 10:30:00-04:00,23.280000686645508,23.3799991607666,23.229999542236328,23.350000381469727,149797,0.0,0.0
2023-06-27 11:30:00-04:00,23.350000381469727,23.350000381469727,23.0,23.149999618530273,289970,0.0,0.0
2023-06-27 12:30:00-04:00,23.15999984741211,23.200000762939453,23.0,23.06999969482422,189215,0.0,0.0
2023-06-27 13:30:00-04:00,23.060100555419922,23.600000381469727,23.060100555419922,23.459999084472656,546940,0.0,0.0
2023-06-27 14:30:00-04:00,23.459999084472656,23.540000915527344,23.290000915527344,23.530000686645508,210554,0.0,0.0
2023-06-27 15:30:00-04:00,23.540000915527344,23.579999923706055,23.43000030517578,23.579999923706055,256367,0.0,0.0
2023-06-28 09:30:00-04:00,23.440000534057617,23.95989990234375,23.399999618530273,23.68000030517578,649434,0.0,0.0
2023-06-28 10:30:00-04:00,23.688100814819336,24.149999618530273,23.670000076293945,24.059999465942383,469434,0.0,0.0
2023-06-28 11:30:00-04:00,24.049999237060547,24.37929916381836,24.040000915527344,24.15999984741211,340085,0.0,0.0
2023-06-28 12:30:00-04:00,24.174999237060547,24.274999618530273,23.969999313354492,24.1299991607666,246735,0.0,0.0
2023-06-28 13:30:00-04:00,24.149999618530273,24.40999984741211,24.09000015258789,24.3700008392334,221397,0.0,0.0
2023-06-28 14:30:00-04:00,24.364999771118164,24.649999618530273,24.341999053955078,24.600000381469727,348253,0.0,0.0
2023-06-28 15:30:00-04:00,24.600000381469727,25.100000381469727,24.559999465942383,25.01099967956543,865414,0.0,0.0
2023-06-29 09:30:00-04:00,24.959999084472656,25.209999084472656,24.6299991607666,24.849000930786133,834683,0.0,0.0
2023-06-29 10:30:00-04:00,24.84000015258789,25.25,24.6200008392334,25.010000228881836,500834,0.0,0.0
2023-06-29 11:30:00-04:00,25.020000457763672,25.469999313354492,25.00670051574707,25.27120018005371,558018,0.0,0.0
2023-06-29 12:30:00-04:00,25.28499984741211,25.350000381469727,24.90999984741211,25.079999923706055,306531,0.0,0.0
2023-06-29 13:30:00-04:00,25.079999923706055,25.18000030517578,24.93000030517578,24.959999084472656,141013,0.0,0.0
2023-06-29 14:30:00-04:00,24.969999313354492,24.989999771118164,24.829999923706055,24.950000762939453,205427,0.0,0.0
2023-06-29 15:30:00-04:00,24.940000534057617,24.989999771118164,24.895000457763672,24.899999618530273,339594,0.0,0.0
2023-06-30 09:30:00-04:00,24.969999313354492,25.1299991607666,24.750099182128906,24.850000381469727,429829,0.0,0.0
2023-06-30 10:30:00-04:00,24.860000610351562,24.899999618530273,24.530000686645508,24.567699432373047,318880,0.0,0.0
2023-06-30 11:30:00-04:00,24.59000015258789,24.89109992980957,24.56999969482422,24.89109992980957,147149,0.0,0.0
2023-06-30 12:30:00-04:00,24.899900436401367,25.069900512695312,24.856300354003906,24.93790054321289,203407,0.0,0.0
2023-06-30 13:30:00-04:00,24.939899444580078,24.959999084472656,24.809999465942383,24.915000915527344,153339,0.0,0.0
2023-06-30 14:30:00-04:00,24.93000030517578,24.954999923706055,24.530000686645508,24.6200008392334,320913,0.0,0.0
2023-06-30 15:30:00-04:00,24.6200008392334,24.6200008392334,24.260000228881836,24.260000228881836,875791,0.0,0.0
2023-07-03 09:30:00-04:00,24.290000915527344,24.93000030517578,24.209999084472656,24.779699325561523,500473,0.0,0.0
2023-07-03 10:30:00-04:00,24.780000686645508,24.899999618530273,24.700000762939453,24.780000686645508,214208,0.0,0.0
2023-07-03 11:30:00-04:00,24.790000915527344,24.84000015258789,24.360000610351562,24.489999771118164,275853,0.0,0.0
2023-07-05 09:30:00-04:00,24.639999389648438,24.850000381469727,24.3799991607666,24.459999084472656,418559,0.0,0.0
2023-07-05 10:30:00-04:00,24.479999542236328,24.489999771118164,24.030000686645508,24.06999969482422,366567,0.0,0.0
2023-07-05 11:30:00-04:00,24.06999969482422,24.139999389648438,23.90999984741211,23.959999084472656,298384,0.0,0.0
2023-07-05 12:30:00-04:00,23.959999084472656,23.969999313354492,23.790000915527344,23.928499221801758,277475,0.0,0.0
2023-07-05 13:30:00-04:00,23.920000076293945,24.219999313354492,23.8700008392334,24.020000457763672,231930,0.0,0.0
2023-07-05 14:30:00-04:00,24.03499984741211,24.19729995727539,24.010000228881836,24.079999923706055,158068,0.0,0.0
2023-07-05 15:30:00-04:00,24.079999923706055,24.149999618530273,23.899999618530273,23.90999984741211,354603,0.0,0.0
2023-07-06 09:30:00-04:00,23.520000457763672,23.56999969482422,22.928499221801758,23.079999923706055,717364,0.0,0.0
2023-07-06 10:30:00-04:00,23.06999969482422,23.190000534057617,22.954999923706055,23.010000228881836,270445,0.0,0.0
2023-07-06 11:30:00-04:00,23.020000457763672,23.149999618530273,23.010000228881836,23.118999481201172,182912,0.0,0.0
2023-07-06 12:30:00-04:00,23.110000610351562,23.149999618530273,22.985000610351562,22.999099731445312,195957,0.0,0.0
2023-07-06 13:30:00-04:00,22.9950008392334,23.110000610351562,22.959999084472656,23.010000228881836,174448,0.0,0.0
2023-07-06 14:30:00-04:00,23.020000457763672,23.149999618530273,23.017099380493164,23.100000381469727,154468,0.0,0.0
2023-07-06 15:30:00-04:00,23.094999313354492,23.110000610351562,22.81999969482422,22.829999923706055,493857,0.0,0.0
2023-07-07 09:30:00-04:00,22.969999313354492,23.29319953918457,22.850000381469727,22.954999923706055,498157,0.0,0.0
2023-07-07 10:30:00-04:00,22.940000534057617,23.209800720214844,22.75,23.149999618530273,330958,0.0,0.0
2023-07-07 11:30:00-04:00,23.155000686645508,23.190000534057617,23.0,23.06999969482422,163489,0.0,0.0
2023-07-07 12:30:00-04:00,23.06999969482422,23.530000686645508,23.06999969482422,23.14080047607422,353778,0.0,0.0
2023-07-07 13:30:00-04:00,23.149999618530273,23.15999984741211,23.00860023498535,23.049999237060547,141219,0.0,0.0
2023-07-07 14:30:00-04:00,23.051000595092773,23.065000534057617,22.90999984741211,22.91990089416504,249267,0.0,0.0
2023-07-07 15:30:00-04:00,22.91990089416504,23.010000228881836,22.670900344848633,22.709999084472656,527738,0.0,0.0
2023-07-10 09:30:00-04:00,22.610000610351562,22.700000762939453,22.0,22.440000534057617,1082520,0.0,0.0
2023-07-10 10:30:00-04:00,22.450000762939453,22.93000030517578,22.40999984741211,22.81999969482422,322494,0.0,0.0
2023-07-10 11:30:00-04:00,22.809999465942383,22.899999618530273,22.600000381469727,22.670000076293945,175712,0.0,0.0
2023-07-10 12:30:00-04:00,22.665000915527344,23.200000762939453,22.653200149536133,23.174999237060547,301249,0.0,0.0
2023-07-10 13:30:00-04:00,23.174999237060547,23.395000457763672,23.150999069213867,23.389999389648438,427510,0.0,0.0
2023-07-10 14:30:00-04:00,23.389999389648438,23.4950008392334,23.280000686645508,23.424999237060547,354725,0.0,0.0
2023-07-10 15:30:00-04:00,23.422500610351562,23.559999465942383,23.3700008392334,23.530000686645508,516942,0.0,0.0
2023-07-11 09:30:00-04:00,23.200000762939453,24.020000457763672,23.200000762939453,24.010000228881836,562149,0.0,0.0
2023-07-11 10:30:00-04:00,24.010000228881836,24.440000534057617,23.902000427246094,23.96540069580078,797805,0.0,0.0
2023-07-11 11:30:00-04:00,23.950000762939453,24.3799991607666,23.950000762939453,24.280000686645508,317124,0.0,0.0
2023-07-11 12:30:00-04:00,24.290000915527344,24.389999389648438,23.940000534057617,24.0,360623,0.0,0.0
2023-07-11 13:30:00-04:00,23.979999542236328,23.989999771118164,23.591999053955078,23.75,286922,0.0,0.0
2023-07-11 14:30:00-04:00,23.7450008392334,23.920000076293945,23.7450008392334,23.860000610351562,251108,0.0,0.0
2023-07-11 15:30:00-04:00,23.84000015258789,23.940000534057617,23.770000457763672,23.899999618530273,359665,0.0,0.0
2023-07-12 09:30:00-04:00,24.25,24.309999465942383,23.8700008392334,23.957799911499023,506050,0.0,0.0
2023-07-12 10:30:00-04:00,23.959999084472656,24.06999969482422,23.850000381469727,24.0,183637,0.0,0.0
2023-07-12 11:30:00-04:00,23.979999542236328,23.990100860595703,23.649999618530273,23.690000534057617,156598,0.0,0.0
2023-07-12 12:30:00-04:00,23.670000076293945,23.780000686645508,23.65999984741211,23.690000534057617,165951,0.0,0.0
2023-07-12 13:30:00-04:00,23.690000534057617,23.739999771118164,23.649999618530273,23.690000534057617,139035,0.0,0.0
2023-07-12 14:30:00-04:00,23.68000030517578,23.75,23.520000457763672,23.549999237060547,182935,0.0,0.0
2023-07-12 15:30:00-04:00,23.559999465942383,23.610000610351562,23.440000534057617,23.450000762939453,273001,0.0,0.0
2023-07-13 09:30:00-04:00,23.540000915527344,23.950000762939453,23.480100631713867,23.739999771118164,591339,0.0,0.0
2023-07-13 10:30:00-04:00,23.700000762939453,23.979999542236328,23.665000915527344,23.81999969482422,289231,0.0,0.0
2023-07-13 11:30:00-04:00,23.790000915527344,23.8700008392334,23.700199127197266,23.719999313354492,146619,0.0,0.0
2023-07-13 12:30:00-04:00,23.71299934387207,23.739999771118164,23.5,23.68000030517578,202752,0.0,0.0
2023-07-13 13:30:00-04:00,23.68000030517578,23.68000030517578,23.540000915527344,23.579999923706055,136218,0.0,0.0
2023-07-13 14:30:00-04:00,23.56999969482422,23.6299991607666,23.475000381469727,23.489999771118164,152199,0.0,0.0
2023-07-13 15:30:00-04:00,23.5,23.617399215698242,23.420000076293945,23.450000762939453,309794,0.0,0.0
2023-07-14 09:30:00-04:00,23.489999771118164,23.718399047851562,23.31999969482422,23.43000030517578,563266,0.0,0.0
2023-07-14 10:30:00-04:00,23.420000076293945,23.485599517822266,23.1200008392334,23.260099411010742,301939,0.0,0.0
2023-07-14 11:30:00-04:00,23.270000457763672,23.31999969482422,23.059999465942383,23.1200008392334,197016,0.0,0.0
2023-07-14 12:30:00-04:00,23.1200008392334,23.15999984741211,23.049999237060547,23.084999084472656,183911,0.0,0.0
2023-07-14 13:30:00-04:00,23.070100784301758,23.200000762939453,22.950000762939453,23.11009979248047,235301,0.0,0.0
2023-07-14 14:30:00-04:00,23.1200008392334,23.155000686645508,23.014999389648438,23.030000686645508,206180,0.0,0.0
2023-07-14 15:30:00-04:00,23.030000686645508,23.06999969482422,22.940000534057617,22.979999542236328,336870,0.0,0.0
2023-07-17 09:30:00-04:00,22.8799991607666,23.18000030517578,22.709999084472656,23.18000030517578,514383,0.0,0.0
2023-07-17 10:30:00-04:00,23.190000534057617,23.309999465942383,22.779600143432617,22.799999237060547,322554,0.0,0.0
2023-07-17 11:30:00-04:00,22.799999237060547,22.889999389648438,22.722299575805664,22.84000015258789,225605,0.0,0.0
2023-07-17 12:30:00-04:00,22.84000015258789,22.92020034790039,22.76219940185547,22.780000686645508,150882,0.0,0.0
2023-07-17 13:30:00-04:00,22.790000915527344,22.93000030517578,22.709999084472656,22.870100021362305,215086,0.0,0.0
2023-07-17 14:30:00-04:00,22.879100799560547,22.989999771118164,22.809999465942383,22.969999313354492,180688,0.0,0.0
2023-07-17 15:30:00-04:00,22.969999313354492,22.989999771118164,22.815000534057617,22.81999969482422,272746,0.0,0.0
2023-07-18 09:30:00-04:00,22.719999313354492,23.43000030517578,22.68000030517578,23.34000015258789,588799,0.0,0.0
2023-07-18 10:30:00-04:00,23.329999923706055,23.799999237060547,23.229999542236328,23.59000015258789,491664,0.0,0.0
2023-07-18 11:30:00-04:00,23.575000762939453,23.58989906311035,23.040000915527344,23.110000610351562,267675,0.0,0.0
2023-07-18 12:30:00-04:00,23.110000610351562,23.43000030517578,23.020000457763672,23.290000915527344,200063,0.0,0.0
2023-07-18 13:30:00-04:00,23.270000457763672,23.31999969482422,23.110000610351562,23.149999618530273,140856,0.0,0.0
2023-07-18 14:30:00-04:00,23.148500442504883,23.190000534057617,23.040000915527344,23.06999969482422,96750,0.0,0.0
2023-07-18 15:30:00-04:00,23.079999923706055,23.209999084472656,23.030000686645508,23.09000015258789,391378,0.0,0.0
2023-07-19 09:30:00-04:00,23.420000076293945,23.579999923706055,23.09000015258789,23.209999084472656,559924,0.0,0.0
2023-07-19 10:30:00-04:00,23.200000762939453,23.225000381469727,23.059999465942383,23.225000381469727,250783,0.0,0.0
2023-07-19 11:30:00-04:00,23.229999542236328,23.290000915527344,23.059999465942383,23.066999435424805,173545,0.0,0.0
2023-07-19 12:30:00-04:00,23.059999465942383,23.135000228881836,22.959999084472656,23.030000686645508,216156,0.0,0.0
2023-07-19 13:30:00-04:00,23.014999389648438,23.1299991607666,23.010000228881836,23.114999771118164,132462,0.0,0.0
2023-07-19 14:30:00-04:00,23.1200008392334,23.299999237060547,23.114999771118164,23.209999084472656,190966,0.0,0.0
2023-07-19 15:30:00-04:00,23.204999923706055,23.299999237060547,23.040000915527344,23.18000030517578,550154,0.0,0.0
2023-07-20 09:30:00-04:00,23.010000228881836,23.219999313354492,22.760000228881836,22.785200119018555,542857,0.0,0.0
2023-07-20 10:30:00-04:00,22.790000915527344,22.8799991607666,22.670000076293945,22.819900512695312,441728,0.0,0.0
2023-07-20 11:30:00-04:00,22.809999465942383,22.95680046081543,22.809900283813477,22.850000381469727,125632,0.0,0.0
2023-07-20 12:30:00-04:00,22.851999282836914,22.851999282836914,22.65999984741211,22.704999923706055,234054,0.0,0.0
2023-07-20 13:30:00-04:00,22.704999923706055,22.979999542236328,22.690000534057617,22.860000610351562,197566,0.0,0.0
2023-07-20 14:30:00-04:00,22.875,23.094999313354492,22.875,22.950000762939453,247379,0.0,0.0
2023-07-20 15:30:00-04:00,22.959999084472656,23.079999923706055,22.899999618530273,22.90999984741211,334157,0.0,0.0
2023-07-21 09:30:00-04:00,23.049999237060547,23.219999313354492,22.3700008392334,22.3700008392334,760644,0.0,0.0
2023-07-21 10:30:00-04:00,22.360000610351562,22.679899215698242,22.229999542236328,22.649999618530273,402312,0.0,0.0
2023-07-21 11:30:00-04:00,22.65999984741211,22.68000030517578,22.511199951171875,22.530000686645508,157660,0.0,0.0
2023-07-21 12:30:00-04:00,22.530000686645508,22.6299991607666,22.475000381469727,22.579999923706055,188872,0.0,0.0
2023-07-21 13:30:00-04:00,22.579999923706055,22.6299991607666,22.375,22.395000457763672,184564,0.0,0.0
2023-07-21 14:30:00-04:00,22.389999389648438,22.389999389648438,22.264999389648438,22.325000762939453,283695,0.0,0.0
2023-07-21 15:30:00-04:00,22.324199676513672,22.325000762939453,22.15999984741211,22.18000030517578,596597,0.0,0.0
2023-07-24 09:30:00-04:00,22.420000076293945,22.72879981994629,22.200000762939453,22.545000076293945,930667,0.0,0.0
2023-07-24 10:30:00-04:00,22.540000915527344,22.860000610351562,22.329999923706055,22.850000381469727,378582,0.0,0.0
2023-07-24 11:30:00-04:00,22.850000381469727,22.968000411987305,22.690000534057617,22.690000534057617,306578,0.0,0.0
2023-07-24 12:30:00-04:00,22.690000534057617,22.829999923706055,22.5,22.749900817871094,322404,0.0,0.0
2023-07-24 13:30:00-04:00,22.729999542236328,22.827699661254883,22.6299991607666,22.827699661254883,128772,0.0,0.0
2023-07-24 14:30:00-04:00,22.82990074157715,22.860000610351562,22.639999389648438,22.75,242687,0.0,0.0
2023-07-24 15:30:00-04:00,22.739999771118164,23.040000915527344,22.739999771118164,23.040000915527344,476854,0.0,0.0
2023-07-25 09:30:00-04:00,23.100000381469727,23.100000381469727,22.530000686645508,22.885000228881836,454151,0.0,0.0
2023-07-25 10:30:00-04:00,22.889999389648438,22.899999618530273,22.652299880981445,22.780000686645508,178653,0.0,0.0
2023-07-25 11:30:00-04:00,22.790000915527344,22.83799934387207,22.679899215698242,22.690000534057617,120943,0.0,0.0
2023-07-25 12:30:00-04:00,22.68000030517578,22.84000015258789,22.579999923706055,22.760000228881836,161592,0.0,0.0
2023-07-25 13:30:00-04:00,22.770000457763672,22.940000534057617,22.760000228881836,22.90999984741211,110430,0.0,0.0
2023-07-25 14:30:00-04:00,22.90999984741211,22.979999542236328,22.709999084472656,22.84000015258789,194059,0.0,0.0
2023-07-25 15:30:00-04:00,22.84000015258789,22.860000610351562,22.719999313354492,22.850000381469727,305900,0.0,0.0
2023-07-26 09:30:00-04:00,22.700000762939453,22.989999771118164,22.639999389648438,22.90999984741211,299577,0.0,0.0
2023-07-26 10:30:00-04:00,22.93000030517578,22.93000030517578,22.479999542236328,22.510000228881836,298940,0.0,0.0
2023-07-26 11:30:00-04:00,22.510000228881836,22.790000915527344,22.510000228881836,22.740299224853516,169102,0.0,0.0
2023-07-26 12:30:00-04:00,22.739999771118164,22.8700008392334,22.709999084472656,22.81999969482422,118148,0.0,0.0
2023-07-26 13:30:00-04:00,22.78499984741211,22.829999923706055,22.629899978637695,22.690000534057617,88021,0.0,0.0
2023-07-26 14:30:00-04:00,22.65999984741211,22.93000030517578,22.65999984741211,22.763500213623047,154484,0.0,0.0
2023-07-26 15:30:00-04:00,22.780000686645508,22.809999465942383,22.670000076293945,22.690000534057617,206172,0.0,0.0
2023-07-27 09:30:00-04:00,22.940000534057617,23.149900436401367,22.68000030517578,22.690000534057617,465739,0.0,0.0
2023-07-27 10:30:00-04:00,22.6825008392334,22.889999389648438,22.68000030517578,22.8799991607666,259692,0.0,0.0
2023-07-27 11:30:00-04:00,22.8799991607666,23.149999618530273,22.829999923706055,23.1299991607666,218338,0.0,0.0
2023-07-27 12:30:00-04:00,23.149999618530273,23.489999771118164,22.78499984741211,22.829999923706055,850463,0.0,0.0
2023-07-27 13:30:00-04:00,22.829999923706055,22.8799991607666,22.450000762939453,22.454999923706055,401426,0.0,0.0
2023-07-27 14:30:00-04:00,22.459999084472656,22.492300033569336,22.130199432373047,22.25,430726,0.0,0.0
2023-07-27 15:30:00-04:00,22.260000228881836,22.337299346923828,22.139999389648438,22.229999542236328,388316,0.0,0.0
2023-07-28 09:30:00-04:00,22.020000457763672,22.389999389648438,21.790000915527344,22.25,827760,0.0,0.0
2023-07-28 10:30:00-04:00,22.270000457763672,22.459999084472656,22.1299991607666,22.420000076293945,246614,0.0,0.0
2023-07-28 11:30:00-04:00,22.420000076293945,22.489999771118164,22.239999771118164,22.420000076293945,179368,0.0,0.0
2023-07-28 12:30:00-04:00,22.440000534057617,22.440000534057617,22.200000762939453,22.239999771118164,148927,0.0,0.0
2023-07-28 13:30:00-04:00,22.239999771118164,22.260000228881836,22.059999465942383,22.139999389648438,194253,0.0,0.0
2023-07-28 14:30:00-04:00,22.149999618530273,22.15999984741211,21.844999313354492,21.844999313354492,377430,0.0,0.0
2023-07-28 15:30:00-04:00,21.84000015258789,21.985000610351562,21.809999465942383,21.920000076293945,474769,0.0,0.0
2023-07-31 09:30:00-04:00,22.0,22.360000610351562,21.849300384521484,22.299999237060547,582628,0.0,0.0
2023-07-31 10:30:00-04:00,22.309999465942383,22.3799991607666,22.14259910583496,22.2549991607666,295717,0.0,0.0
2023-07-31 11:30:00-04:00,22.260000228881836,22.31999969482422,22.1299991607666,22.200000762939453,127919,0.0,0.0
2023-07-31 12:30:00-04:00,22.200000762939453,22.290000915527344,22.079999923706055,22.139999389648438,135846,0.0,0.0
2023-07-31 13:30:00-04:00,22.135000228881836,22.274999618530273,22.110000610351562,22.24049949645996,146860,0.0,0.0
2023-07-31 14:30:00-04:00,22.25,22.299999237060547,22.229999542236328,22.274999618530273,141264,0.0,0.0
2023-07-31 15:30:00-04:00,22.280000686645508,22.280000686645508,22.125,22.200000762939453,313042,0.0,0.0
2023-08-01 09:30:00-04:00,21.950000762939453,22.0,21.670000076293945,21.709999084472656,580227,0.0,0.0
2023-08-01 10:30:00-04:00,21.696399688720703,21.742000579833984,21.531200408935547,21.579999923706055,343523,0.0,0.0
2023-08-01 11:30:00-04:00,21.562000274658203,21.729999542236328,21.559999465942383,21.620100021362305,187931,0.0,0.0
2023-08-01 12:30:00-04:00,21.6299991607666,21.72450065612793,21.56999969482422,21.607900619506836,201879,0.0,0.0
2023-08-01 13:30:00-04:00,21.600000381469727,21.600000381469727,21.260000228881836,21.469999313354492,518596,0.0,0.0
2023-08-01 14:30:00-04:00,21.479999542236328,21.700000762939453,21.479999542236328,21.639999389648438,191409,0.0,0.0
2023-08-01 15:30:00-04:00,21.655000686645508,21.700000762939453,21.489999771118164,21.510000228881836,371570,0.0,0.0
2023-08-02 09:30:00-04:00,21.149999618530273,21.149999618530273,20.639999389648438,20.889999389648438,679361,0.0,0.0
2023-08-02 10:30:00-04:00,20.875,20.911500930786133,20.3700008392334,20.540000915527344,569247,0.0,0.0
2023-08-02 11:30:00-04:00,20.549999237060547,20.700000762939453,20.34000015258789,20.360000610351562,356641,0.0,0.0
2023-08-02 12:30:00-04:00,20.360000610351562,20.639999389648438,20.350000381469727,20.579999923706055,212842,0.0,0.0
2023-08-02 13:30:00-04:00,20.56999969482422,20.796899795532227,20.56999969482422,20.780000686645508,199659,0.0,0.0
2023-08-02 14:30:00-04:00,20.760000228881836,20.90999984741211,20.75,20.77899932861328,196240,0.0,0.0
2023-08-02 15:30:00-04:00,20.780000686645508,20.934999465942383,20.760000228881836,20.829999923706055,282544,0.0,0.0
2023-08-03 09:30:00-04:00,20.8799991607666,21.09000015258789,20.74720001220703,20.7549991607666,393683,0.0,0.0
2023-08-03 10:30:00-04:00,20.75,21.1299991607666,20.739999771118164,21.02079963684082,182258,0.0,0.0
2023-08-03 11:30:00-04:00,21.0,21.079500198364258,20.889999389648438,21.020000457763672,121434,0.0,0.0
2023-08-03 12:30:00-04:00,21.020000457763672,21.18000030517578,20.969999313354492,21.137100219726562,141111,0.0,0.0
2023-08-03 13:30:00-04:00,21.149999618530273,21.149999618530273,21.0,21.010000228881836,83335,0.0,0.0
2023-08-03 14:30:00-04:00,21.01689910888672,21.040000915527344,20.8700008392334,20.97100067138672,132195,0.0,0.0
2023-08-03 15:30:00-04:00,20.969999313354492,21.020000457763672,20.920000076293945,20.93000030517578,164714,0.0,0.0
2023-08-04 09:30:00-04:00,20.950000762939453,21.349899291992188,20.889999389648438,21.31999969482422,388791,0.0,0.0
2023-08-04 10:30:00-04:00,21.309999465942383,21.889999389648438,21.299999237060547,21.59000015258789,718105,0.0,0.0
2023-08-04 11:30:00-04:00,21.610000610351562,21.610000610351562,21.309999465942383,21.439800262451172,244451,0.0,0.0
2023-08-04 12:30:00-04:00,21.454999923706055,21.454999923706055,21.260000228881836,21.291099548339844,116567,0.0,0.0
2023-08-04 13:30:00-04:00,21.29010009765625,21.32859992980957,21.020000457763672,21.059999465942383,207305,0.0,0.0
2023-08-04 14:30:00-04:00,21.049999237060547,21.084999084472656,20.920000076293945,20.989999771118164,267410,0.0,0.0
2023-08-04 15:30:00-04:00,21.0,21.040000915527344,20.93000030517578,20.989999771118164,355446,0.0,0.0
2023-08-07 09:30:00-04:00,20.899999618530273,21.239999771118164,20.479999542236328,20.729999542236328,491283,0.0,0.0
2023-08-07 10:30:00-04:00,20.72010040283203,21.0,20.65999984741211,20.81999969482422,207206,0.0,0.0
2023-08-07 11:30:00-04:00,20.815000534057617,20.989999771118164,20.739999771118164,20.989999771118164,140111,0.0,0.0
2023-08-07 12:30:00-04:00,20.989999771118164,21.09000015258789,20.940000534057617,21.049999237060547,136018,0.0,0.0
2023-08-07 13:30:00-04:00,21.049999237060547,21.049999237060547,20.93000030517578,20.979999542236328,96981,0.0,0.0
2023-08-07 14:30:00-04:00,20.988100051879883,21.077199935913086,20.959999084472656,20.989999771118164,77831,0.0,0.0
2023-08-07 15:30:00-04:00,20.989999771118164,21.06999969482422,20.969999313354492,21.06999969482422,198120,0.0,0.0
2023-08-08 09:30:00-04:00,20.700000762939453,20.707700729370117,20.280000686645508,20.559999465942383,512292,0.0,0.0
2023-08-08 10:30:00-04:00,20.5580997467041,20.684999465942383,20.459999084472656,20.600000381469727,177603,0.0,0.0
2023-08-08 11:30:00-04:00,20.579999923706055,20.604999542236328,20.440000534057617,20.530000686645508,78158,0.0,0.0
2023-08-08 12:30:00-04:00,20.54010009765625,20.719999313354492,20.53849983215332,20.719999313354492,110841,0.0,0.0
2023-08-08 13:30:00-04:00,20.75,20.879899978637695,20.65999984741211,20.829999923706055,110976,0.0,0.0
2023-08-08 14:30:00-04:00,20.829999923706055,20.895000457763672,20.80500030517578,20.80500030517578,110216,0.0,0.0
2023-08-08 15:30:00-04:00,20.809999465942383,20.829999923706055,20.709999084472656,20.729999542236328,242677,0.0,0.0
2023-08-09 09:30:00-04:00,20.850000381469727,20.850000381469727,20.43000030517578,20.479999542236328,354343,0.0,0.0
2023-08-09 10:30:00-04:00,20.479999542236328,20.4950008392334,19.86949920654297,19.899499893188477,749480,0.0,0.0
2023-08-09 11:30:00-04:00,19.889999389648438,20.100000381469727,19.81999969482422,20.0,547642,0.0,0.0
2023-08-09 12:30:00-04:00,20.0,20.079999923706055,19.90999984741211,20.03499984741211,244399,0.0,0.0
2023-08-09 13:30:00-04:00,20.040000915527344,20.114999771118164,19.989999771118164,19.999900817871094,190290,0.0,0.0
2023-08-09 14:30:00-04:00,20.0,20.040000915527344,19.93000030517578,19.989999771118164,192268,0.0,0.0
2023-08-09 15:30:00-04:00,19.989999771118164,20.014999389648438,19.860000610351562,19.93000030517578,512917,0.0,0.0
2023-08-10 09:30:00-04:00,20.0,20.290000915527344,19.8700008392334,20.200000762939453,335357,0.0,0.0
2023-08-10 10:30:00-04:00,20.200000762939453,20.200000762939453,19.920000076293945,20.0,270854,0.0,0.0
2023-08-10 11:30:00-04:00,20.0,20.030000686645508,19.885000228881836,20.010000228881836,147507,0.0,0.0
2023-08-10 12:30:00-04:00,19.979999542236328,20.1299991607666,19.979999542236328,19.985000610351562,119269,0.0,0.0
2023-08-10 13:30:00-04:00,19.979999542236328,20.147499084472656,19.97010040283203,20.09000015258789,113366,0.0,0.0
2023-08-10 14:30:00-04:00,20.104999542236328,20.170000076293945,20.030000686645508,20.070999145507812,125455,0.0,0.0
2023-08-10 15:30:00-04:00,20.059999465942383,20.190000534057617,20.019500732421875,20.190000534057617,232821,0.0,0.0
2023-08-11 09:30:00-04:00,20.030000686645508,20.357999801635742,19.969999313354492,20.315000534057617,264898,0.0,0.0
2023-08-11 10:30:00-04:00,20.315000534057617,20.3799991607666,20.0,20.06999969482422,211869,0.0,0.0
2023-08-11 11:30:00-04:00,20.079999923706055,20.270000457763672,20.040000915527344,20.209999084472656,171319,0.0,0.0
2023-08-11 12:30:00-04:00,20.219999313354492,20.239999771118164,20.110000610351562,20.139999389648438,166308,0.0,0.0
2023-08-11 13:30:00-04:00,20.139999389648438,20.170000076293945,20.075000762939453,20.170000076293945,148295,0.0,0.0
2023-08-11 14:30:00-04:00,20.17009925842285,20.25,20.1299991607666,20.229999542236328,158480,0.0,0.0
2023-08-11 15:30:00-04:00,20.221200942993164,20.280000686645508,20.1299991607666,20.200000762939453,260208,0.0,0.0
2023-08-14 09:30:00-04:00,19.75,19.75,19.079999923706055,19.389999389648438,1085124,0.0,0.0
2023-08-14 10:30:00-04:00,19.399999618530273,19.790000915527344,19.389999389648438,19.665000915527344,355973,0.0,0.0
2023-08-14 11:30:00-04:00,19.660999298095703,19.8799991607666,19.604999542236328,19.739999771118164,287690,0.0,0.0
2023-08-14 12:30:00-04:00,19.75,19.979999542236328,19.7450008392334,19.950000762939453,223437,0.0,0.0
2023-08-14 13:30:00-04:00,19.954999923706055,20.010000228881836,19.899999618530273,20.010000228881836,172971,0.0,0.0
2023-08-14 14:30:00-04:00,20.0049991607666,20.0049991607666,19.704999923706055,19.774999618530273,355252,0.0,0.0
2023-08-14 15:30:00-04:00,19.774999618530273,19.959999084472656,19.760000228881836,19.959999084472656,626631,0.0,0.0
2023-08-15 09:30:00-04:00,19.770000457763672,19.780000686645508,19.110000610351562,19.1200008392334,533972,0.0,0.0
2023-08-15 10:30:00-04:00,19.12820053100586,19.489999771118164,19.09000015258789,19.3799991607666,486758,0.0,0.0
2023-08-15 11:30:00-04:00,19.3799991607666,19.459999084472656,19.219999313354492,19.278099060058594,205034,0.0,0.0
2023-08-15 12:30:00-04:00,19.290000915527344,19.434999465942383,19.264999389648438,19.389999389648438,251836,0.0,0.0
2023-08-15 13:30:00-04:00,19.396499633789062,19.420000076293945,19.30500030517578,19.30500030517578,204613,0.0,0.0
2023-08-15 14:30:00-04:00,19.299999237060547,19.350000381469727,19.1299991607666,19.1299991607666,160317,0.0,0.0
2023-08-15 15:30:00-04:00,19.135000228881836,19.34000015258789,19.1299991607666,19.329999923706055,347344,0.0,0.0
2023-08-16 09:30:00-04:00,19.18000030517578,19.34000015258789,19.010000228881836,19.010000228881836,424047,0.0,0.0
2023-08-16 10:30:00-04:00,19.014999389648438,19.100000381469727,18.80500030517578,18.860000610351562,589809,0.0,0.0
2023-08-16 11:30:00-04:00,18.860000610351562,18.860000610351562,18.549999237060547,18.682600021362305,575190,0.0,0.0
2023-08-16 12:30:00-04:00,18.68000030517578,18.790000915527344,18.604999542236328,18.665000915527344,305940,0.0,0.0
2023-08-16 13:30:00-04:00,18.665000915527344,18.886199951171875,18.649999618530273,18.735000610351562,257816,0.0,0.0
2023-08-16 14:30:00-04:00,18.741899490356445,18.84000015258789,18.645000457763672,18.649999618530273,203999,0.0,0.0
2023-08-16 15:30:00-04:00,18.649999618530273,18.71500015258789,18.56999969482422,18.600000381469727,357895,0.0,0.0
2023-08-17 09:30:00-04:00,18.790000915527344,18.809999465942383,18.469999313354492,18.514999389648438,361229,0.0,0.0
2023-08-17 10:30:00-04:00,18.520000457763672,18.542600631713867,18.299999237060547,18.395000457763672,410000,0.0,0.0
2023-08-17 11:30:00-04:00,18.389999389648438,18.539899826049805,18.31999969482422,18.539899826049805,304775,0.0,0.0
2023-08-17 12:30:00-04:00,18.540000915527344,18.549999237060547,18.3799991607666,18.43000030517578,162076,0.0,0.0
2023-08-17 13:30:00-04:00,18.434999465942383,18.559999465942383,18.3799991607666,18.51099967956543,172897,0.0,0.0
2023-08-17 14:30:00-04:00,18.510000228881836,18.510000228881836,18.36009979248047,18.469999313354492,165597,0.0,0.0
2023-08-17 15:30:00-04:00,18.459999084472656,18.520000457763672,18.34000015258789,18.3799991607666,351201,0.0,0.0
2023-08-18 09:30:00-04:00,18.18000030517578,18.65999984741211,18.139999389648438,18.354999542236328,572357,0.0,0.0
2023-08-18 10:30:00-04:00,18.350000381469727,18.649999618530273,18.350000381469727,18.450000762939453,248204,0.0,0.0
2023-08-18 11:30:00-04:00,18.450000762939453,18.600000381469727,18.441499710083008,18.479999542236328,218302,0.0,0.0
2023-08-18 12:30:00-04:00,18.4822998046875,18.584999084472656,18.350000381469727,18.420000076293945,153754,0.0,0.0
2023-08-18 13:30:00-04:00,18.424999237060547,18.540000915527344,18.395000457763672,18.510099411010742,132332,0.0,0.0
2023-08-18 14:30:00-04:00,18.514999389648438,18.530000686645508,18.420000076293945,18.459999084472656,159439,0.0,0.0
2023-08-18 15:30:00-04:00,18.459999084472656,18.510000228881836,18.34000015258789,18.360000610351562,347686,0.0,0.0
2023-08-21 09:30:00-04:00,18.299999237060547,18.822500228881836,18.280000686645508,18.309999465942383,639754,0.0,0.0
2023-08-21 10:30:00-04:00,18.31999969482422,18.469900131225586,18.200000762939453,18.395000457763672,663023,0.0,0.0
2023-08-21 11:30:00-04:00,18.395000457763672,18.48940086364746,18.290000915527344,18.469900131225586,379262,0.0,0.0
2023-08-21 12:30:00-04:00,18.459999084472656,18.559999465942383,18.399999618530273,18.475000381469727,220451,0.0,0.0
2023-08-21 13:30:00-04:00,18.469999313354492,18.56999969482422,18.43000030517578,18.5049991607666,180258,0.0,0.0
2023-08-21 14:30:00-04:00,18.5,18.600000381469727,18.43160057067871,18.575000762939453,307638,0.0,0.0
2023-08-21 15:30:00-04:00,18.56999969482422,18.575000762939453,18.43000030517578,18.479999542236328,312993,0.0,0.0
2023-08-22 09:30:00-04:00,18.6200008392334,18.6200008392334,17.68000030517578,17.729999542236328,1043335,0.0,0.0
2023-08-22 10:30:00-04:00,17.729999542236328,17.979999542236328,17.649999618530273,17.709999084472656,432802,0.0,0.0
2023-08-22 11:30:00-04:00,17.719999313354492,17.91080093383789,17.56999969482422,17.670000076293945,416393,0.0,0.0
2023-08-22 12:30:00-04:00,17.670000076293945,17.739999771118164,17.420000076293945,17.520000457763672,335003,0.0,0.0
2023-08-22 13:30:00-04:00,17.514999389648438,17.6299991607666,17.459999084472656,17.559999465942383,272085,0.0,0.0
2023-08-22 14:30:00-04:00,17.559999465942383,17.600000381469727,17.5,17.524999618530273,298579,0.0,0.0
2023-08-22 15:30:00-04:00,17.524999618530273,17.530000686645508,17.25,17.260000228881836,780605,0.0,0.0
2023-08-23 09:30:00-04:00,17.25,17.34000015258789,16.889999389648438,17.15999984741211,767360,0.0,0.0
2023-08-23 10:30:00-04:00,17.150100708007812,17.249900817871094,17.0,17.100000381469727,323787,0.0,0.0
2023-08-23 11:30:00-04:00,17.100000381469727,17.149999618530273,16.950000762939453,16.989999771118164,360934,0.0,0.0
2023-08-23 12:30:00-04:00,16.989999771118164,17.19499969482422,16.989999771118164,17.045000076293945,196729,0.0,0.0
2023-08-23 13:30:00-04:00,17.049999237060547,17.07710075378418,16.959999084472656,16.9950008392334,229836,0.0,0.0
2023-08-23 14:30:00-04:00,17.0,17.135000228881836,16.985000610351562,17.0049991607666,255379,0.0,0.0
2023-08-23 15:30:00-04:00,17.0049991607666,17.010000228881836,16.8799991607666,16.899999618530273,495744,0.0,0.0
2023-08-24 09:30:00-04:00,16.940000534057617,16.979999542236328,16.260000228881836,16.299999237060547,1010197,0.0,0.0
2023-08-24 10:30:00-04:00,16.290000915527344,16.45829963684082,16.18000030517578,16.34000015258789,571813,0.0,0.0
2023-08-24 11:30:00-04:00,16.31999969482422,16.660400390625,16.309999465942383,16.610000610351562,459074,0.0,0.0
2023-08-24 12:30:00-04:00,16.610000610351562,16.71500015258789,16.399999618530273,16.40999984741211,326734,0.0,0.0
2023-08-24 13:30:00-04:00,16.405000686645508,16.518999099731445,16.350000381469727,16.489999771118164,269583,0.0,0.0
2023-08-24 14:30:00-04:00,16.489999771118164,16.549999237060547,16.395000457763672,16.524999618530273,278180,0.0,0.0
2023-08-24 15:30:00-04:00,16.524999618530273,16.524999618530273,16.350000381469727,16.360000610351562,568973,0.0,0.0
2023-08-25 09:30:00-04:00,16.5,16.934999465942383,16.450000762939453,16.604999542236328,709829,0.0,0.0
2023-08-25 10:30:00-04:00,16.602500915527344,16.829999923706055,16.579999923706055,16.81999969482422,430963,0.0,0.0
2023-08-25 11:30:00-04:00,16.809999465942383,16.844999313354492,16.610000610351562,16.825000762939453,336656,0.0,0.0
2023-08-25 12:30:00-04:00,16.829999923706055,16.969999313354492,16.700000762939453,16.73419952392578,329103,0.0,0.0
2023-08-25 13:30:00-04:00,16.736400604248047,16.979999542236328,16.710100173950195,16.979999542236328,273274,0.0,0.0
2023-08-25 14:30:00-04:00,16.989999771118164,17.145000457763672,16.912500381469727,17.1299991607666,509341,0.0,0.0
2023-08-25 15:30:00-04:00,17.128299713134766,17.18000030517578,17.03499984741211,17.139999389648438,639476,0.0,0.0
2023-08-28 09:30:00-04:00,17.3700008392334,18.110000610351562,17.25,18.04330062866211,1165332,0.0,0.0
2023-08-28 10:30:00-04:00,18.049999237060547,18.079999923706055,17.799999237060547,17.81999969482422,487041,0.0,0.0
2023-08-28 11:30:00-04:00,17.81999969482422,17.8799991607666,17.610000610351562,17.65999984741211,222754,0.0,0.0
2023-08-28 12:30:00-04:00,17.670000076293945,17.719999313354492,17.604999542236328,17.709999084472656,210713,0.0,0.0
2023-08-28 13:30:00-04:00,17.708999633789062,17.709999084472656,17.399999618530273,17.45039939880371,289530,0.0,0.0
2023-08-28 14:30:00-04:00,17.459999084472656,17.520000457763672,17.40999984741211,17.454999923706055,211789,0.0,0.0
2023-08-28 15:30:00-04:00,17.45989990234375,17.610000610351562,17.440000534057617,17.559999465942383,302260,0.0,0.0
2023-08-29 09:30:00-04:00,17.600000381469727,18.489999771118164,17.600000381469727,18.34000015258789,886094,0.0,0.0
2023-08-29 10:30:00-04:00,18.31999969482422,18.549999237060547,18.309999465942383,18.399999618530273,409689,0.0,0.0
2023-08-29 11:30:00-04:00,18.398000717163086,18.489999771118164,18.329999923706055,18.389999389648438,242843,0.0,0.0
2023-08-29 12:30:00-04:00,18.389999389648438,18.395000457763672,18.2450008392334,18.364999771118164,209935,0.0,0.0
2023-08-29 13:30:00-04:00,18.3700008392334,18.3799991607666,18.149999618530273,18.17009925842285,219759,0.0,0.0
2023-08-29 14:30:00-04:00,18.18000030517578,18.239999771118164,18.104999542236328,18.18000030517578,219807,0.0,0.0
2023-08-29 15:30:00-04:00,18.184999465942383,18.309999465942383,18.15999984741211,18.258100509643555,226484,0.0,0.0
2023-08-30 09:30:00-04:00,18.200000762939453,18.289899826049805,17.90999984741211,17.940000534057617,429953,0.0,0.0
2023-08-30 10:30:00-04:00,17.940000534057617,18.270000457763672,17.940000534057617,18.211000442504883,271536,0.0,0.0
2023-08-30 11:30:00-04:00,18.218799591064453,18.43000030517578,18.18000030517578,18.368200302124023,199247,0.0,0.0
2023-08-30 12:30:00-04:00,18.364999771118164,18.489999771118164,18.301799774169922,18.454999923706055,184599,0.0,0.0
2023-08-30 13:30:00-04:00,18.459800720214844,18.510000228881836,18.28860092163086,18.360000610351562,201328,0.0,0.0
2023-08-30 14:30:00-04:00,18.360000610351562,18.524999618530273,18.354999542236328,18.405000686645508,223640,0.0,0.0
2023-08-30 15:30:00-04:00,18.405000686645508,18.434999465942383,18.364999771118164,18.3700008392334,252375,0.0,0.0
2023-08-31 09:30:00-04:00,18.40999984741211,18.6200008392334,18.149999618530273,18.600000381469727,628274,0.0,0.0
2023-08-31 10:30:00-04:00,18.59939956665039,19.420000076293945,18.56999969482422,19.059999465942383,1420783,0.0,0.0
2023-08-31 11:30:00-04:00,19.049999237060547,19.051000595092773,18.520000457763672,18.559999465942383,628186,0.0,0.0
2023-08-31 12:30:00-04:00,18.549999237060547,18.579999923706055,18.360000610351562,18.440000534057617,323025,0.0,0.0
2023-08-31 13:30:00-04:00,18.434999465942383,18.69499969482422,18.3799991607666,18.65999984741211,281254,0.0,0.0
2023-08-31 14:30:00-04:00,18.649999618530273,18.670000076293945,18.510000228881836,18.59000015258789,225962,0.0,0.0
2023-08-31 15:30:00-04:00,18.590099334716797,18.688600540161133,18.479999542236328,18.549999237060547,558688,0.0,0.0
2023-09-01 09:30:00-04:00,18.65999984741211,18.729999542236328,18.31999969482422,18.489999771118164,431923,0.0,0.0
2023-09-01 10:30:00-04:00,18.489999771118164,18.559999465942383,18.341100692749023,18.43000030517578,250189,0.0,0.0
2023-09-01 11:30:00-04:00,18.43000030517578,18.489999771118164,18.329999923706055,18.469999313354492,204752,0.0,0.0
2023-09-01 12:30:00-04:00,18.459999084472656,18.659900665283203,18.40999984741211,18.417699813842773,229905,0.0,0.0
2023-09-01 13:30:00-04:00,18.415000915527344,18.489999771118164,18.350000381469727,18.399999618530273,208245,0.0,0.0
2023-09-01 14:30:00-04:00,18.389999389648438,18.479999542236328,18.34000015258789,18.43000030517578,245489,0.0,0.0
2023-09-01 15:30:00-04:00,18.43000030517578,18.510000228881836,18.385000228881836,18.415000915527344,391199,0.0,0.0
2023-09-05 09:30:00-04:00,18.450000762939453,19.278499603271484,18.260000228881836,19.1299991607666,871148,0.0,0.0
2023-09-05 10:30:00-04:00,19.128700256347656,19.33989906311035,19.0,19.040199279785156,637405,0.0,0.0
2023-09-05 11:30:00-04:00,19.04800033569336,19.137399673461914,18.81999969482422,19.06999969482422,313157,0.0,0.0
2023-09-05 12:30:00-04:00,19.075000762939453,19.170000076293945,19.0,19.15999984741211,402210,0.0,0.0
2023-09-05 13:30:00-04:00,19.165000915527344,19.21500015258789,19.059999465942383,19.1299991607666,277985,0.0,0.0
2023-09-05 14:30:00-04:00,19.139999389648438,19.260000228881836,19.09000015258789,19.138999938964844,379996,0.0,0.0
2023-09-05 15:30:00-04:00,19.139999389648438,19.299999237060547,19.104999542236328,19.229999542236328,677219,0.0,0.0
2023-09-06 09:30:00-04:00,19.06999969482422,19.149999618530273,18.600000381469727,18.61280059814453,621832,0.0,0.0
2023-09-06 10:30:00-04:00,18.6299991607666,18.8799991607666,18.549999237060547,18.770000457763672,401229,0.0,0.0
2023-09-06 11:30:00-04:00,18.78499984741211,18.93000030517578,18.511999130249023,18.518699645996094,364184,0.0,0.0
2023-09-06 12:30:00-04:00,18.518299102783203,18.61989974975586,18.434999465942383,18.440000534057617,342537,0.0,0.0
2023-09-06 13:30:00-04:00,18.440000534057617,18.93000030517578,18.420000076293945,18.809999465942383,368592,0.0,0.0
2023-09-06 14:30:00-04:00,18.818899154663086,18.93000030517578,18.56999969482422,18.600000381469727,672867,0.0,0.0
2023-09-06 15:30:00-04:00,18.600000381469727,18.780000686645508,18.56999969482422,18.770000457763672,847087,0.0,0.0
2023-09-07 09:30:00-04:00,19.1299991607666,19.479999542236328,17.610000610351562,18.420000076293945,2063518,0.0,0.0
2023-09-07 10:30:00-04:00,18.440000534057617,18.639999389648438,18.101299285888672,18.49220085144043,609474,0.0,0.0
2023-09-07 11:30:00-04:00,18.469999313354492,18.84000015258789,18.469999313354492,18.5,489189,0.0,0.0
2023-09-07 12:30:00-04:00,18.489999771118164,18.690000534057617,18.43000030517578,18.539199829101562,301473,0.0,0.0
2023-09-07 13:30:00-04:00,18.530000686645508,18.68000030517578,18.44230079650879,18.60059928894043,231217,0.0,0.0
2023-09-07 14:30:00-04:00,18.600000381469727,18.709999084472656,18.56999969482422,18.66950035095215,293011,0.0,0.0
2023-09-07 15:30:00-04:00,18.665000915527344,18.90999984741211,18.665000915527344,18.88249969482422,774090,0.0,0.0
2023-09-08 09:30:00-04:00,18.149999618530273,18.5,17.350000381469727,17.93000030517578,1605587,0.0,0.0
2023-09-08 10:30:00-04:00,17.93000030517578,17.940000534057617,17.450000762939453,17.729999542236328,575924,0.0,0.0
2023-09-08 11:30:00-04:00,17.729999542236328,17.850000381469727,17.440000534057617,17.459999084472656,416167,0.0,0.0
2023-09-08 12:30:00-04:00,17.451200485229492,17.700000762939453,17.420000076293945,17.65999984741211,353121,0.0,0.0
2023-09-08 13:30:00-04:00,17.65999984741211,17.774999618530273,17.645000457763672,17.75,263226,0.0,0.0
2023-09-08 14:30:00-04:00,17.75,17.78499984741211,17.5310001373291,17.55500030517578,557140,0.0,0.0
2023-09-08 15:30:00-04:00,17.55500030517578,17.729999542236328,17.489999771118164,17.709999084472656,729746,0.0,0.0
2023-09-11 09:30:00-04:00,17.850000381469727,17.850000381469727,17.290000915527344,17.3799991607666,696665,0.0,0.0
2023-09-11 10:30:00-04:00,17.37689971923828,17.387300491333008,16.920000076293945,16.989999771118164,678157,0.0,0.0
2023-09-11 11:30:00-04:00,16.989999771118164,17.145000457763672,16.93000030517578,17.090900421142578,409721,0.0,0.0
2023-09-11 12:30:00-04:00,17.094999313354492,17.178300857543945,17.030000686645508,17.094999313354492,290027,0.0,0.0
2023-09-11 13:30:00-04:00,17.100000381469727,17.125,17.010000228881836,17.014999389648438,217830,0.0,0.0
2023-09-11 14:30:00-04:00,17.020000457763672,17.059999465942383,16.899999618530273,17.010000228881836,413640,0.0,0.0
2023-09-11 15:30:00-04:00,17.020000457763672,17.079999923706055,16.94499969482422,17.030000686645508,582934,0.0,0.0
2023-09-12 09:30:00-04:00,17.530000686645508,18.5,17.520000457763672,17.655000686645508,2084571,0.0,0.0
2023-09-12 10:30:00-04:00,17.655000686645508,17.690000534057617,17.299999237060547,17.395000457763672,676485,0.0,0.0
2023-09-12 11:30:00-04:00,17.40999984741211,17.600000381469727,17.34000015258789,17.43000030517578,529883,0.0,0.0
2023-09-12 12:30:00-04:00,17.43000030517578,17.520000457763672,17.309999465942383,17.43440055847168,441563,0.0,0.0
2023-09-12 13:30:00-04:00,17.434999465942383,17.479999542236328,17.260000228881836,17.264999389648438,355541,0.0,0.0
2023-09-12 14:30:00-04:00,17.260000228881836,17.360000610351562,17.230100631713867,17.280000686645508,345352,0.0,0.0
2023-09-12 15:30:00-04:00,17.280000686645508,17.334999084472656,17.190000534057617,17.229999542236328,543438,0.0,0.0
2023-09-13 09:30:00-04:00,17.309999465942383,17.530000686645508,17.270000457763672,17.461700439453125,619147,0.0,0.0
2023-09-13 10:30:00-04:00,17.475000381469727,17.729999542236328,17.469999313354492,17.55500030517578,422755,0.0,0.0
2023-09-13 11:30:00-04:00,17.549999237060547,17.75,17.5,17.735000610351562,264347,0.0,0.0
2023-09-13 12:30:00-04:00,17.737300872802734,17.93000030517578,17.72480010986328,17.829999923706055,314259,0.0,0.0
2023-09-13 13:30:00-04:00,17.842199325561523,17.93000030517578,17.6299991607666,17.770000457763672,386026,0.0,0.0
2023-09-13 14:30:00-04:00,17.770000457763672,17.854999542236328,17.709999084472656,17.81999969482422,280835,0.0,0.0
2023-09-13 15:30:00-04:00,17.81999969482422,17.920000076293945,17.774999618530273,17.81999969482422,477313,0.0,0.0
2023-09-14 09:30:00-04:00,17.799999237060547,18.200000762939453,17.600000381469727,18.178199768066406,736012,0.0,0.0
2023-09-14 10:30:00-04:00,18.18000030517578,18.520000457763672,18.130300521850586,18.184999465942383,757857,0.0,0.0
2023-09-14 11:30:00-04:00,18.18000030517578,18.34000015258789,18.139999389648438,18.249900817871094,312185,0.0,0.0
2023-09-14 12:30:00-04:00,18.239999771118164,18.3799991607666,18.235000610351562,18.280000686645508,196326,0.0,0.0
2023-09-14 13:30:00-04:00,18.280000686645508,18.350000381469727,18.239999771118164,18.315000534057617,194921,0.0,0.0
2023-09-14 14:30:00-04:00,18.315000534057617,18.46500015258789,18.309999465942383,18.3700008392334,247154,0.0,0.0
2023-09-14 15:30:00-04:00,18.3700008392334,18.440900802612305,18.299999237060547,18.34000015258789,414439,0.0,0.0
2023-09-15 09:30:00-04:00,18.360000610351562,18.479999542236328,18.149999618530273,18.46109962463379,732263,0.0,0.0
2023-09-15 10:30:00-04:00,18.459999084472656,18.610000610351562,18.309999465942383,18.420000076293945,584045,0.0,0.0
2023-09-15 11:30:00-04:00,18.420000076293945,18.545000076293945,18.350000381469727,18.514999389648438,410719,0.0,0.0
2023-09-15 12:30:00-04:00,18.510000228881836,18.559999465942383,18.364999771118164,18.3799991607666,333997,0.0,0.0
2023-09-15 13:30:00-04:00,18.3799991607666,18.4950008392334,18.329999923706055,18.364999771118164,348876,0.0,0.0
2023-09-15 14:30:00-04:00,18.364999771118164,18.454999923706055,18.344999313354492,18.364999771118164,455900,0.0,0.0
2023-09-15 15:30:00-04:00,18.364999771118164,18.43000030517578,18.149999618530273,18.209999084472656,1045785,0.0,0.0
2023-09-18 09:30:00-04:00,17.989999771118164,18.100000381469727,17.350000381469727,17.540000915527344,1083664,0.0,0.0
2023-09-18 10:30:00-04:00,17.530000686645508,17.81999969482422,17.389999389648438,17.743000030517578,575559,0.0,0.0
2023-09-18 11:30:00-04:00,17.739999771118164,17.829999923706055,17.59000015258789,17.674999237060547,381870,0.0,0.0
2023-09-18 12:30:00-04:00,17.674999237060547,17.780000686645508,17.6200008392334,17.68000030517578,281906,0.0,0.0
2023-09-18 13:30:00-04:00,17.68000030517578,17.844999313354492,17.68000030517578,17.809999465942383,323184,0.0,0.0
2023-09-18 14:30:00-04:00,17.809999465942383,17.885000228881836,17.690000534057617,17.780000686645508,414382,0.0,0.0
2023-09-18 15:30:00-04:00,17.780000686645508,17.780000686645508,17.540000915527344,17.549999237060547,475801,0.0,0.0
2023-09-19 09:30:00-04:00,17.59000015258789,17.6299991607666,17.149999618530273,17.260000228881836,616363,0.0,0.0
2023-09-19 10:30:00-04:00,17.25,17.3700008392334,17.1299991607666,17.3700008392334,425790,0.0,0.0
2023-09-19 11:30:00-04:00,17.3700008392334,17.489999771118164,17.364999771118164,17.389999389648438,251972,0.0,0.0
2023-09-19 12:30:00-04:00,17.395000457763672,17.479999542236328,17.325000762939453,17.424999237060547,239489,0.0,0.0
2023-09-19 13:30:00-04:00,17.43000030517578,17.52910041809082,17.424999237060547,17.454999923706055,219316,0.0,0.0
2023-09-19 14:30:00-04:00,17.46500015258789,17.635000228881836,17.459999084472656,17.56999969482422,271379,0.0,0.0
2023-09-19 15:30:00-04:00,17.565000534057617,17.6200008392334,17.5,17.520000457763672,352642,0.0,0.0
2023-09-20 09:30:00-04:00,17.6299991607666,17.889999389648438,17.450000762939453,17.59000015258789,380241,0.0,0.0
2023-09-20 10:30:00-04:00,17.579999923706055,17.850000381469727,17.479999542236328,17.65999984741211,233445,0.0,0.0
2023-09-20 11:30:00-04:00,17.649999618530273,17.799999237060547,17.649999618530273,17.799999237060547,128243,0.0,0.0
2023-09-20 12:30:00-04:00,17.790000915527344,17.850000381469727,17.625,17.709999084472656,145310,0.0,0.0
2023-09-20 13:30:00-04:00,17.702899932861328,17.844999313354492,17.670000076293945,17.799999237060547,150969,0.0,0.0
2023-09-20 14:30:00-04:00,17.790000915527344,17.93000030517578,17.604999542236328,17.645000457763672,303591,0.0,0.0
2023-09-20 15:30:00-04:00,17.639999389648438,17.639999389648438,17.450000762939453,17.530000686645508,544499,0.0,0.0
2023-09-21 09:30:00-04:00,17.280000686645508,17.315000534057617,16.649999618530273,16.90999984741211,1026111,0.0,0.0
2023-09-21 10:30:00-04:00,16.899999618530273,17.088499069213867,16.84000015258789,16.8700008392334,393144,0.0,0.0
2023-09-21 11:30:00-04:00,16.864999771118164,16.940000534057617,16.80500030517578,16.854999542236328,120379,0.0,0.0
2023-09-21 12:30:00-04:00,16.860000610351562,16.8799991607666,16.780000686645508,16.860000610351562,159743,0.0,0.0
2023-09-21 13:30:00-04:00,16.86389923095703,16.950000762939453,16.84000015258789,16.875,172490,0.0,0.0
2023-09-21 14:30:00-04:00,16.875,16.950000762939453,16.834999084472656,16.864999771118164,262829,0.0,0.0
2023-09-21 15:30:00-04:00,16.864999771118164,17.030000686645508,16.864999771118164,17.020000457763672,578713,0.0,0.0
2023-09-22 09:30:00-04:00,17.18000030517578,17.350000381469727,17.024999618530273,17.09000015258789,388335,0.0,0.0
2023-09-22 10:30:00-04:00,17.09000015258789,17.239999771118164,17.0,17.079999923706055,231613,0.0,0.0
2023-09-22 11:30:00-04:00,17.08289909362793,17.149999618530273,17.010000228881836,17.014999389648438,172209,0.0,0.0
2023-09-22 12:30:00-04:00,17.014999389648438,17.139999389648438,17.0049991607666,17.05500030517578,145017,0.0,0.0
2023-09-22 13:30:00-04:00,17.059999465942383,17.15999984741211,17.014999389648438,17.1299991607666,208328,0.0,0.0
2023-09-22 14:30:00-04:00,17.1299991607666,17.200000762939453,17.049999237060547,17.155000686645508,298445,0.0,0.0
2023-09-22 15:30:00-04:00,17.155000686645508,17.229999542236328,17.09000015258789,17.18000030517578,523274,0.0,0.0
2023-09-25 09:30:00-04:00,17.0,17.219999313354492,16.850000381469727,17.18000030517578,336517,0.0,0.0
2023-09-25 10:30:00-04:00,17.18000030517578,17.56999969482422,17.18000030517578,17.450000762939453,355132,0.0,0.0
2023-09-25 11:30:00-04:00,17.450000762939453,17.600000381469727,17.43000030517578,17.520000457763672,224151,0.0,0.0
2023-09-25 12:30:00-04:00,17.520000457763672,17.59000015258789,17.395000457763672,17.399999618530273,209221,0.0,0.0
2023-09-25 13:30:00-04:00,17.405000686645508,17.549999237060547,17.389999389648438,17.475000381469727,168789,0.0,0.0
2023-09-25 14:30:00-04:00,17.475000381469727,17.565000534057617,17.420000076293945,17.510000228881836,203202,0.0,0.0
2023-09-25 15:30:00-04:00,17.510000228881836,17.719999313354492,17.5,17.670000076293945,478351,0.0,0.0
2023-09-26 09:30:00-04:00,17.3799991607666,17.8174991607666,17.34000015258789,17.360000610351562,479305,0.0,0.0
2023-09-26 10:30:00-04:00,17.360000610351562,17.3700008392334,17.09000015258789,17.09000015258789,415177,0.0,0.0
2023-09-26 11:30:00-04:00,17.080299377441406,17.190000534057617,17.075000762939453,17.1299991607666,178211,0.0,0.0
2023-09-26 12:30:00-04:00,17.1299991607666,17.200000762939453,17.06999969482422,17.170000076293945,300827,0.0,0.0
2023-09-26 13:30:00-04:00,17.170000076293945,17.190000534057617,17.0,17.110000610351562,224836,0.0,0.0
2023-09-26 14:30:00-04:00,17.10770034790039,17.135000228881836,16.895000457763672,16.899999618530273,285675,0.0,0.0
2023-09-26 15:30:00-04:00,16.895000457763672,16.924999237060547,16.780000686645508,16.780000686645508,648795,0.0,0.0
2023-09-27 09:30:00-04:00,16.8700008392334,17.040000915527344,16.809999465942383,17.030000686645508,341926,0.0,0.0
2023-09-27 10:30:00-04:00,17.024999618530273,17.15999984741211,16.950000762939453,17.030000686645508,203563,0.0,0.0
2023-09-27 11:30:00-04:00,17.030000686645508,17.03499984741211,16.84000015258789,16.959999084472656,163373,0.0,0.0
2023-09-27 12:30:00-04:00,16.969999313354492,16.999900817871094,16.860000610351562,16.8799991607666,134627,0.0,0.0
2023-09-27 13:30:00-04:00,16.8700008392334,17.075000762939453,16.864999771118164,17.06999969482422,176185,0.0,0.0
2023-09-27 14:30:00-04:00,17.079999923706055,17.260000228881836,17.079999923706055,17.149999618530273,242265,0.0,0.0
2023-09-27 15:30:00-04:00,17.15169906616211,17.174999237060547,17.06999969482422,17.15999984741211,266391,0.0,0.0
2023-09-28 09:30:00-04:00,18.020000457763672,18.100000381469727,17.079999923706055,17.139999389648438,2928993,0.0,0.0
2023-09-28 10:30:00-04:00,17.157899856567383,17.157899856567383,16.440000534057617,16.924999237060547,1826313,0.0,0.0
2023-09-28 11:30:00-04:00,16.920000076293945,17.030000686645508,16.649999618530273,17.030000686645508,801052,0.0,0.0
2023-09-28 12:30:00-04:00,17.030000686645508,17.079999923706055,16.854999542236328,17.019899368286133,367868,0.0,0.0
2023-09-28 13:30:00-04:00,17.014999389648438,17.056400299072266,16.854999542236328,17.048599243164062,313204,0.0,0.0
2023-09-28 14:30:00-04:00,17.040000915527344,17.090099334716797,16.850000381469727,16.979999542236328,356827,0.0,0.0
2023-09-28 15:30:00-04:00,16.989999771118164,16.9950008392334,16.81999969482422,16.84000015258789,611465,0.0,0.0
2023-09-29 09:30:00-04:00,17.049999237060547,17.260000228881836,16.784000396728516,16.860000610351562,721637,0.0,0.0
2023-09-29 10:30:00-04:00,16.868000030517578,16.989999771118164,16.729999542236328,16.84000015258789,419027,0.0,0.0
2023-09-29 11:30:00-04:00,16.829999923706055,16.920000076293945,16.760000228881836,16.825000762939453,250638,0.0,0.0
2023-09-29 12:30:00-04:00,16.829999923706055,16.864999771118164,16.665000915527344,16.708499908447266,222536,0.0,0.0
2023-09-29 13:30:00-04:00,16.700000762939453,16.719999313354492,16.469999313354492,16.489999771118164,456504,0.0,0.0
2023-09-29 14:30:00-04:00,16.479999542236328,16.600000381469727,16.450000762939453,16.5049991607666,386731,0.0,0.0
2023-09-29 15:30:00-04:00,16.5,16.540000915527344,16.399999618530273,16.459999084472656,621777,0.0,0.0
2023-10-02 09:30:00-04:00,16.299999237060547,16.309999465942383,15.300000190734863,15.380000114440918,2312889,0.0,0.0
2023-10-02 10:30:00-04:00,15.380000114440918,15.520000457763672,15.255000114440918,15.496100425720215,874807,0.0,0.0
2023-10-02 11:30:00-04:00,15.479999542236328,15.489999771118164,15.300000190734863,15.319499969482422,508702,0.0,0.0
2023-10-02 12:30:00-04:00,15.3100004196167,15.5,15.265000343322754,15.34000015258789,488469,0.0,0.0
2023-10-02 13:30:00-04:00,15.331000328063965,15.460000038146973,15.300000190734863,15.350000381469727,325182,0.0,0.0
2023-10-02 14:30:00-04:00,15.359999656677246,15.4399995803833,15.331199645996094,15.338199615478516,481760,0.0,0.0
2023-10-02 15:30:00-04:00,15.335000038146973,15.420000076293945,15.3100004196167,15.390000343322754,727318,0.0,0.0
2023-10-03 09:30:00-04:00,15.289999961853027,15.289999961853027,14.568099975585938,14.720000267028809,1741753,0.0,0.0
2023-10-03 10:30:00-04:00,14.717000007629395,14.859999656677246,14.670000076293945,14.725000381469727,613606,0.0,0.0
2023-10-03 11:30:00-04:00,14.720000267028809,14.779899597167969,14.619999885559082,14.760000228881836,327950,0.0,0.0
2023-10-03 12:30:00-04:00,14.779999732971191,14.9399995803833,14.711999893188477,14.84000015258789,306619,0.0,0.0
2023-10-03 13:30:00-04:00,14.84000015258789,14.890000343322754,14.699999809265137,14.710000038146973,290887,0.0,0.0
2023-10-03 14:30:00-04:00,14.71150016784668,14.841099739074707,14.649999618530273,14.6850004196167,372685,0.0,0.0
2023-10-03 15:30:00-04:00,14.6850004196167,14.729999542236328,14.59000015258789,14.619999885559082,610714,0.0,0.0
2023-10-04 09:30:00-04:00,14.770000457763672,14.930000305175781,14.4399995803833,14.470000267028809,705151,0.0,0.0
2023-10-04 10:30:00-04:00,14.475000381469727,14.729999542236328,14.46500015258789,14.614999771118164,380235,0.0,0.0
2023-10-04 11:30:00-04:00,14.609999656677246,14.699999809265137,14.5600004196167,14.664999961853027,198024,0.0,0.0
2023-10-04 12:30:00-04:00,14.670000076293945,14.789999961853027,14.619999885559082,14.63010025024414,261895,0.0,0.0
2023-10-04 13:30:00-04:00,14.630000114440918,14.710000038146973,14.622300148010254,14.678500175476074,175228,0.0,0.0
2023-10-04 14:30:00-04:00,14.675000190734863,14.920000076293945,14.675000190734863,14.859999656677246,305606,0.0,0.0
2023-10-04 15:30:00-04:00,14.864999771118164,14.9399995803833,14.829999923706055,14.880000114440918,368412,0.0,0.0
2023-10-05 09:30:00-04:00,14.699999809265137,14.979999542236328,14.579999923706055,14.78030014038086,584066,0.0,0.0
2023-10-05 10:30:00-04:00,14.779999732971191,14.90999984741211,14.649999618530273,14.765000343322754,287970,0.0,0.0
2023-10-05 11:30:00-04:00,14.760000228881836,14.8100004196167,14.699999809265137,14.751500129699707,143773,0.0,0.0
2023-10-05 12:30:00-04:00,14.760000228881836,14.779999732971191,14.630000114440918,14.699999809265137,151875,0.0,0.0
2023-10-05 13:30:00-04:00,14.694999694824219,14.779999732971191,14.6850004196167,14.774999618530273,156510,0.0,0.0
2023-10-05 14:30:00-04:00,14.771300315856934,14.875,14.75,14.779999732971191,176410,0.0,0.0
2023-10-05 15:30:00-04:00,14.78499984741211,14.78499984741211,14.699999809265137,14.710000038146973,245307,0.0,0.0
2023-10-06 09:30:00-04:00,14.59000015258789,14.779999732971191,14.579999923706055,14.774999618530273,450954,0.0,0.0
2023-10-06 10:30:00-04:00,14.779999732971191,14.989999771118164,14.739999771118164,14.970000267028809,380245,0.0,0.0
2023-10-06 11:30:00-04:00,14.970000267028809,15.255000114440918,14.970000267028809,15.069999694824219,449033,0.0,0.0
2023-10-06 12:30:00-04:00,15.0649995803833,15.145000457763672,15.0,15.119999885559082,186798,0.0,0.0
2023-10-06 13:30:00-04:00,15.119999885559082,15.145000457763672,15.054800033569336,15.140000343322754,162014,0.0,0.0
2023-10-06 14:30:00-04:00,15.149999618530273,15.175000190734863,15.039999961853027,15.104999542236328,281149,0.0,0.0
2023-10-06 15:30:00-04:00,15.109999656677246,15.109999656677246,15.020000457763672,15.069999694824219,381173,0.0,0.0
2023-10-09 09:30:00-04:00,14.770000457763672,15.109999656677246,14.729999542236328,14.8100004196167,446469,0.0,0.0
2023-10-09 10:30:00-04:00,14.819999694824219,14.989999771118164,14.720000267028809,14.984999656677246,270315,0.0,0.0
2023-10-09 11:30:00-04:00,14.988699913024902,15.176199913024902,14.970000267028809,15.095000267028809,198657,0.0,0.0
2023-10-09 12:30:00-04:00,15.099800109863281,15.145000457763672,15.020000457763672,15.145000457763672,140478,0.0,0.0
2023-10-09 13:30:00-04:00,15.149999618530273,15.460000038146973,15.119999885559082,15.4399995803833,333595,0.0,0.0
2023-10-09 14:30:00-04:00,15.4399995803833,15.449999809265137,15.319999694824219,15.345000267028809,238662,0.0,0.0
2023-10-09 15:30:00-04:00,15.340100288391113,15.5,15.340100288391113,15.420000076293945,368378,0.0,0.0
2023-10-10 09:30:00-04:00,15.5,16.170000076293945,15.399999618530273,16.09000015258789,703272,0.0,0.0
2023-10-10 10:30:00-04:00,16.079999923706055,16.190000534057617,15.90999984741211,16.030000686645508,516026,0.0,0.0
2023-10-10 11:30:00-04:00,16.030000686645508,16.159299850463867,15.949999809265137,15.989999771118164,331475,0.0,0.0
2023-10-10 12:30:00-04:00,16.0,16.024999618530273,15.875,15.989999771118164,254083,0.0,0.0
2023-10-10 13:30:00-04:00,15.989999771118164,16.040000915527344,15.920000076293945,15.925000190734863,198164,0.0,0.0
2023-10-10 14:30:00-04:00,15.925000190734863,16.0,15.899999618530273,15.9399995803833,232235,0.0,0.0
2023-10-10 15:30:00-04:00,15.9350004196167,16.040000915527344,15.920000076293945,15.989999771118164,469485,0.0,0.0
2023-10-11 09:30:00-04:00,16.010000228881836,16.084999084472656,15.739999771118164,15.904999732971191,437997,0.0,0.0
2023-10-11 10:30:00-04:00,15.90999984741211,16.06999969482422,15.829999923706055,15.929900169372559,231302,0.0,0.0
2023-10-11 11:30:00-04:00,15.920000076293945,15.96500015258789,15.829999923706055,15.899999618530273,180745,0.0,0.0
2023-10-11 12:30:00-04:00,15.904999732971191,15.954999923706055,15.869999885559082,15.899999618530273,107038,0.0,0.0
2023-10-11 13:30:00-04:00,15.899999618530273,16.045000076293945,15.869999885559082,15.970000267028809,375743,0.0,0.0
2023-10-11 14:30:00-04:00,15.96500015258789,16.0049991607666,15.831600189208984,15.859999656677246,194667,0.0,0.0
2023-10-11 15:30:00-04:00,15.869999885559082,15.869999885559082,15.779999732971191,15.819999694824219,370076,0.0,0.0
2023-10-12 09:30:00-04:00,15.770000457763672,15.800000190734863,15.335000038146973,15.34000015258789,485596,0.0,0.0
2023-10-12 10:30:00-04:00,15.345000267028809,15.390000343322754,15.050000190734863,15.069999694824219,414149,0.0,0.0
2023-10-12 11:30:00-04:00,15.0649995803833,15.175000190734863,14.979999542236328,14.989999771118164,463271,0.0,0.0
2023-10-12 12:30:00-04:00,14.994999885559082,15.058699607849121,14.869999885559082,14.869999885559082,356872,0.0,0.0
2023-10-12 13:30:00-04:00,14.869999885559082,15.008600234985352,14.819999694824219,15.008600234985352,486418,0.0,0.0
2023-10-12 14:30:00-04:00,15.0,15.0,14.925000190734863,14.930000305175781,223112,0.0,0.0
2023-10-12 15:30:00-04:00,14.9399995803833,15.100000381469727,14.920000076293945,15.092000007629395,478213,0.0,0.0
2023-10-13 09:30:00-04:00,14.920000076293945,15.104999542236328,14.829999923706055,14.829999923706055,493285,0.0,0.0
2023-10-13 10:30:00-04:00,14.829999923706055,14.918499946594238,14.779999732971191,14.904999732971191,277047,0.0,0.0
2023-10-13 11:30:00-04:00,14.899999618530273,14.900400161743164,14.800000190734863,14.869500160217285,149242,0.0,0.0
2023-10-13 12:30:00-04:00,14.859999656677246,14.890000343322754,14.795000076293945,14.824999809265137,146069,0.0,0.0
2023-10-13 13:30:00-04:00,14.811300277709961,14.90999984741211,14.805000305175781,14.869999885559082,127091,0.0,0.0
2023-10-13 14:30:00-04:00,14.875,14.925000190734863,14.829999923706055,14.869999885559082,164511,0.0,0.0
2023-10-13 15:30:00-04:00,14.864999771118164,14.925000190734863,14.850000381469727,14.920000076293945,304023,0.0,0.0
2023-10-16 09:30:00-04:00,14.8100004196167,14.930000305175781,14.4399995803833,14.630000114440918,564623,0.0,0.0
2023-10-16 10:30:00-04:00,14.635000228881836,14.65999984741211,14.149999618530273,14.425000190734863,1137533,0.0,0.0
2023-10-16 11:30:00-04:00,14.425000190734863,14.604999542236328,14.359999656677246,14.579999923706055,413384,0.0,0.0
2023-10-16 12:30:00-04:00,14.58590030670166,14.664999961853027,14.419899940490723,14.529999732971191,291363,0.0,0.0
2023-10-16 13:30:00-04:00,14.524999618530273,14.630000114440918,14.46500015258789,14.46500015258789,214912,0.0,0.0
2023-10-16 14:30:00-04:00,14.460000038146973,14.520000457763672,14.404999732971191,14.449999809265137,251802,0.0,0.0
2023-10-16 15:30:00-04:00,14.449999809265137,14.5,14.399999618530273,14.420000076293945,416154,0.0,0.0
2023-10-17 09:30:00-04:00,14.25,14.82800006866455,14.220000267028809,14.70009994506836,730567,0.0,0.0
2023-10-17 10:30:00-04:00,14.70989990234375,14.760000228881836,14.579999923706055,14.744999885559082,319742,0.0,0.0
2023-10-17 11:30:00-04:00,14.744999885559082,14.744999885559082,14.5649995803833,14.608799934387207,280634,0.0,0.0
2023-10-17 12:30:00-04:00,14.604999542236328,14.609999656677246,14.460000038146973,14.510000228881836,297567,0.0,0.0
2023-10-17 13:30:00-04:00,14.515000343322754,14.515000343322754,14.300000190734863,14.354999542236328,368597,0.0,0.0
2023-10-17 14:30:00-04:00,14.354999542236328,14.40999984741211,14.100000381469727,14.169899940490723,531547,0.0,0.0
2023-10-17 15:30:00-04:00,14.15999984741211,14.260000228881836,14.109999656677246,14.119999885559082,688502,0.0,0.0
2023-10-18 09:30:00-04:00,14.0,14.139900207519531,13.820199966430664,13.979999542236328,618562,0.0,0.0
2023-10-18 10:30:00-04:00,13.970000267028809,14.25,13.810099601745605,14.178500175476074,592254,0.0,0.0
2023-10-18 11:30:00-04:00,14.170000076293945,14.1899995803833,13.944999694824219,13.960000038146973,493685,0.0,0.0
2023-10-18 12:30:00-04:00,13.96500015258789,14.25,13.880000114440918,14.0649995803833,405164,0.0,0.0
2023-10-18 13:30:00-04:00,14.069000244140625,14.130000114440918,13.970000267028809,14.0,330519,0.0,0.0
2023-10-18 14:30:00-04:00,14.0,14.050000190734863,13.869999885559082,13.880000114440918,449819,0.0,0.0
2023-10-18 15:30:00-04:00,13.885000228881836,13.90999984741211,13.819999694824219,13.84000015258789,824559,0.0,0.0
2023-10-19 09:30:00-04:00,13.800000190734863,13.850000381469727,13.40999984741211,13.430000305175781,1002695,0.0,0.0
2023-10-19 10:30:00-04:00,13.425000190734863,13.640000343322754,13.25,13.324999809265137,715569,0.0,0.0
2023-10-19 11:30:00-04:00,13.319999694824219,13.420000076293945,13.260000228881836,13.270000457763672,432130,0.0,0.0
2023-10-19 12:30:00-04:00,13.270000457763672,13.345999717712402,13.170000076293945,13.305000305175781,451527,0.0,0.0
2023-10-19 13:30:00-04:00,13.289999961853027,13.300000190734863,13.109999656677246,13.114899635314941,590460,0.0,0.0
2023-10-19 14:30:00-04:00,13.109999656677246,13.114999771118164,12.899999618530273,13.03499984741211,1177611,0.0,0.0
2023-10-19 15:30:00-04:00,13.039899826049805,13.1899995803833,13.03499984741211,13.154999732971191,923427,0.0,0.0
2023-10-20 09:30:00-04:00,13.180000305175781,13.434900283813477,13.119999885559082,13.34000015258789,634164,0.0,0.0
2023-10-20 10:30:00-04:00,13.34220027923584,13.585000038146973,13.300000190734863,13.369999885559082,498632,0.0,0.0
2023-10-20 11:30:00-04:00,13.359999656677246,13.430000305175781,13.279999732971191,13.404999732971191,339811,0.0,0.0
2023-10-20 12:30:00-04:00,13.399999618530273,13.539999961853027,13.390000343322754,13.519000053405762,352198,0.0,0.0
2023-10-20 13:30:00-04:00,13.520000457763672,13.800000190734863,13.494999885559082,13.625,678724,0.0,0.0
2023-10-20 14:30:00-04:00,13.619999885559082,13.65999984741211,13.444999694824219,13.46500015258789,304445,0.0,0.0
2023-10-20 15:30:00-04:00,13.460000038146973,13.479999542236328,13.390000343322754,13.4399995803833,504977,0.0,0.0
2023-10-23 09:30:00-04:00,13.300000190734863,13.430000305175781,13.039999961853027,13.359100341796875,572951,0.0,0.0
2023-10-23 10:30:00-04:00,13.354999542236328,13.5649995803833,13.234999656677246,13.508999824523926,425187,0.0,0.0
2023-10-23 11:30:00-04:00,13.510000228881836,13.585000038146973,13.454999923706055,13.520000457763672,232139,0.0,0.0
2023-10-23 12:30:00-04:00,13.515000343322754,13.59000015258789,13.470000267028809,13.489999771118164,241392,0.0,0.0
2023-10-23 13:30:00-04:00,13.479999542236328,13.5,13.4399995803833,13.484999656677246,199394,0.0,0.0
2023-10-23 14:30:00-04:00,13.484999656677246,13.550000190734863,13.449999809265137,13.484999656677246,277993,0.0,0.0
2023-10-23 15:30:00-04:00,13.484999656677246,13.494999885559082,13.420000076293945,13.4399995803833,556466,0.0,0.0
2023-10-24 09:30:00-04:00,13.59000015258789,14.069999694824219,13.552000045776367,13.850000381469727,767795,0.0,0.0
2023-10-24 10:30:00-04:00,13.850000381469727,14.100000381469727,13.829999923706055,13.994999885559082,600230,0.0,0.0
2023-10-24 11:30:00-04:00,13.989999771118164,14.1899995803833,13.949999809265137,14.0649995803833,589569,0.0,0.0
2023-10-24 12:30:00-04:00,14.069999694824219,14.300000190734863,14.029999732971191,14.109999656677246,512233,0.0,0.0
2023-10-24 13:30:00-04:00,14.109999656677246,14.145000457763672,14.020000457763672,14.085000038146973,217694,0.0,0.0
2023-10-24 14:30:00-04:00,14.09000015258789,14.15999984741211,14.0600004196167,14.069999694824219,254568,0.0,0.0
2023-10-24 15:30:00-04:00,14.0649995803833,14.100000381469727,14.0,14.050000190734863,518927,0.0,0.0
2023-10-25 09:30:00-04:00,14.010000228881836,14.010000228881836,13.630000114440918,13.77079963684082,419667,0.0,0.0
2023-10-25 10:30:00-04:00,13.779999732971191,13.880000114440918,13.680000305175781,13.754500389099121,280511,0.0,0.0
2023-10-25 11:30:00-04:00,13.750699996948242,13.819299697875977,13.699999809265137,13.800000190734863,152290,0.0,0.0
2023-10-25 12:30:00-04:00,13.800000190734863,13.829999923706055,13.609999656677246,13.625,211017,0.0,0.0
2023-10-25 13:30:00-04:00,13.619999885559082,13.789999961853027,13.604999542236328,13.725000381469727,256570,0.0,0.0
2023-10-25 14:30:00-04:00,13.729999542236328,13.789999961853027,13.720000267028809,13.720000267028809,179559,0.0,0.0
2023-10-25 15:30:00-04:00,13.729999542236328,13.739999771118164,13.670000076293945,13.720000267028809,286651,0.0,0.0
2023-10-26 09:30:00-04:00,13.729999542236328,13.800000190734863,13.420100212097168,13.510000228881836,415249,0.0,0.0
2023-10-26 10:30:00-04:00,13.510000228881836,13.710000038146973,13.46500015258789,13.470000267028809,277583,0.0,0.0
2023-10-26 11:30:00-04:00,13.470000267028809,13.524999618530273,13.430000305175781,13.510000228881836,198704,0.0,0.0
2023-10-26 12:30:00-04:00,13.510000228881836,13.529999732971191,13.444999694824219,13.459199905395508,223802,0.0,0.0
2023-10-26 13:30:00-04:00,13.460000038146973,13.5600004196167,13.40999984741211,13.520000457763672,165244,0.0,0.0
2023-10-26 14:30:00-04:00,13.528599739074707,13.729999542236328,13.505000114440918,13.604999542236328,234656,0.0,0.0
2023-10-26 15:30:00-04:00,13.600000381469727,13.609999656677246,13.5,13.5,368700,0.0,0.0
2023-10-27 09:30:00-04:00,13.510000228881836,13.614999771118164,13.220000267028809,13.289999961853027,515767,0.0,0.0
2023-10-27 10:30:00-04:00,13.289999961853027,13.380000114440918,13.260100364685059,13.359399795532227,224427,0.0,0.0
2023-10-27 11:30:00-04:00,13.354999542236328,13.359700202941895,13.191399574279785,13.194999694824219,226024,0.0,0.0
2023-10-27 12:30:00-04:00,13.194999694824219,13.259900093078613,13.189000129699707,13.234999656677246,160882,0.0,0.0
2023-10-27 13:30:00-04:00,13.229999542236328,13.229999542236328,13.020000457763672,13.039999961853027,307607,0.0,0.0
2023-10-27 14:30:00-04:00,13.03499984741211,13.09000015258789,13.020000457763672,13.074999809265137,354816,0.0,0.0
2023-10-27 15:30:00-04:00,13.079299926757812,13.1899995803833,13.055000305175781,13.130000114440918,445616,0.0,0.0
2023-10-30 09:30:00-04:00,13.149999618530273,13.270000457763672,12.720000267028809,12.729900360107422,808289,0.0,0.0
2023-10-30 10:30:00-04:00,12.720000267028809,12.774999618530273,12.59000015258789,12.765000343322754,510976,0.0,0.0
2023-10-30 11:30:00-04:00,12.770000457763672,12.854999542236328,12.710000038146973,12.829999923706055,389962,0.0,0.0
2023-10-30 12:30:00-04:00,12.835000038146973,12.84589958190918,12.680000305175781,12.8149995803833,400044,0.0,0.0
2023-10-30 13:30:00-04:00,12.819999694824219,13.015000343322754,12.812999725341797,12.839900016784668,375572,0.0,0.0
2023-10-30 14:30:00-04:00,12.835000038146973,13.005000114440918,12.829999923706055,12.98330020904541,270772,0.0,0.0
2023-10-30 15:30:00-04:00,12.979999542236328,12.979999542236328,12.800000190734863,12.8100004196167,460835,0.0,0.0
2023-10-31 09:30:00-04:00,12.850000381469727,13.15999984741211,12.819999694824219,13.074999809265137,580238,0.0,0.0
2023-10-31 10:30:00-04:00,13.069999694824219,13.274999618530273,13.010100364685059,13.114999771118164,558032,0.0,0.0
2023-10-31 11:30:00-04:00,13.114999771118164,13.335000038146973,13.109999656677246,13.329999923706055,370361,0.0,0.0
2023-10-31 12:30:00-04:00,13.329999923706055,13.59000015258789,13.329999923706055,13.520099639892578,667095,0.0,0.0
2023-10-31 13:30:00-04:00,13.524999618530273,13.795000076293945,13.46500015258789,13.614999771118164,725606,0.0,0.0
2023-10-31 14:30:00-04:00,13.614999771118164,13.899999618530273,13.59000015258789,13.819999694824219,546332,0.0,0.0
2023-10-31 15:30:00-04:00,13.8149995803833,13.84000015258789,13.710000038146973,13.760000228881836,848779,0.0,0.0
2023-11-01 09:30:00-04:00,13.779999732971191,13.800000190734863,13.329299926757812,13.515000343322754,564612,0.0,0.0
2023-11-01 10:30:00-04:00,13.515000343322754,13.529999732971191,13.329999923706055,13.335000038146973,354402,0.0,0.0
2023-11-01 11:30:00-04:00,13.329999923706055,13.364999771118164,13.229000091552734,13.274999618530273,378739,0.0,0.0
2023-11-01 12:30:00-04:00,13.274999618530273,13.300000190734863,13.069999694824219,13.130000114440918,358709,0.0,0.0
2023-11-01 13:30:00-04:00,13.125,13.149999618530273,13.029999732971191,13.0649995803833,449463,0.0,0.0
2023-11-01 14:30:00-04:00,13.069999694824219,13.208700180053711,13.012200355529785,13.149999618530273,436796,0.0,0.0
2023-11-01 15:30:00-04:00,13.154999732971191,13.180000305175781,13.010000228881836,13.010000228881836,599218,0.0,0.0
2023-11-02 09:30:00-04:00,13.369999885559082,13.65999984741211,13.274999618530273,13.354999542236328,1019816,0.0,0.0
2023-11-02 10:30:00-04:00,13.359999656677246,13.65999984741211,13.279999732971191,13.635000228881836,620971,0.0,0.0
2023-11-02 11:30:00-04:00,13.630000114440918,13.694999694824219,13.520000457763672,13.539999961853027,372904,0.0,0.0
2023-11-02 12:30:00-04:00,13.53499984741211,13.609999656677246,13.430100440979004,13.460000038146973,286338,0.0,0.0
2023-11-02 13:30:00-04:00,13.46500015258789,13.638199806213379,13.449999809265137,13.569999694824219,380805,0.0,0.0
2023-11-02 14:30:00-04:00,13.579999923706055,13.680000305175781,13.5649995803833,13.649999618530273,308425,0.0,0.0
2023-11-02 15:30:00-04:00,13.64009952545166,13.680000305175781,13.595000267028809,13.649999618530273,423042,0.0,0.0
2023-11-03 09:30:00-04:00,13.899999618530273,14.399999618530273,13.899999618530273,14.229999542236328,1013431,0.0,0.0
2023-11-03 10:30:00-04:00,14.210000038146973,14.300000190734863,14.020000457763672,14.024999618530273,442376,0.0,0.0
2023-11-03 11:30:00-04:00,14.024999618530273,14.130999565124512,14.005000114440918,14.010000228881836,259575,0.0,0.0
2023-11-03 12:30:00-04:00,14.010100364685059,14.074999809265137,13.895000457763672,13.930000305175781,288487,0.0,0.0
2023-11-03 13:30:00-04:00,13.930000305175781,14.020000457763672,13.84000015258789,14.015000343322754,231254,0.0,0.0
2023-11-03 14:30:00-04:00,14.01990032196045,14.069999694824219,13.861800193786621,13.875,241717,0.0,0.0
2023-11-03 15:30:00-04:00,13.869999885559082,13.90999984741211,13.831399917602539,13.864999771118164,355334,0.0,0.0
2023-11-06 09:30:00-05:00,13.989999771118164,14.045000076293945,13.725000381469727,13.84000015258789,550872,0.0,0.0
2023-11-06 10:30:00-05:00,13.84000015258789,13.979999542236328,13.675000190734863,13.6850004196167,327715,0.0,0.0
2023-11-06 11:30:00-05:00,13.680000305175781,13.779999732971191,13.651800155639648,13.677000045776367,175835,0.0,0.0
2023-11-06 12:30:00-05:00,13.67770004272461,13.710000038146973,13.529999732971191,13.55780029296875,185576,0.0,0.0
2023-11-06 13:30:00-05:00,13.550000190734863,13.579999923706055,13.484999656677246,13.555000305175781,161674,0.0,0.0
2023-11-06 14:30:00-05:00,13.555000305175781,13.630000114440918,13.53499984741211,13.595000267028809,186267,0.0,0.0
2023-11-06 15:30:00-05:00,13.595000267028809,13.609999656677246,13.510000228881836,13.529999732971191,361485,0.0,0.0
2023-11-07 09:30:00-05:00,13.470000267028809,13.690099716186523,13.229999542236328,13.65999984741211,686771,0.0,0.0
2023-11-07 10:30:00-05:00,13.649999618530273,13.739999771118164,13.529999732971191,13.614999771118164,367153,0.0,0.0
2023-11-07 11:30:00-05:00,13.6181001663208,13.729999542236328,13.501299858093262,13.529999732971191,187694,0.0,0.0
2023-11-07 12:30:00-05:00,13.529999732971191,13.550000190734863,13.449999809265137,13.460000038146973,156819,0.0,0.0
2023-11-07 13:30:00-05:00,13.449999809265137,13.640000343322754,13.449999809265137,13.635000228881836,244578,0.0,0.0
2023-11-07 14:30:00-05:00,13.640000343322754,13.779999732971191,13.609999656677246,13.774999618530273,298720,0.0,0.0
2023-11-07 15:30:00-05:00,13.779999732971191,13.789999961853027,13.630000114440918,13.640000343322754,304748,0.0,0.0
2023-11-08 09:30:00-05:00,13.510000228881836,13.760000228881836,13.460000038146973,13.470000267028809,423966,0.0,0.0
2023-11-08 10:30:00-05:00,13.477899551391602,13.574999809265137,13.425000190734863,13.505000114440918,209102,0.0,0.0
2023-11-08 11:30:00-05:00,13.5,13.569999694824219,13.46500015258789,13.470000267028809,119981,0.0,0.0
2023-11-08 12:30:00-05:00,13.460000038146973,13.484999656677246,13.335000038146973,13.420000076293945,183407,0.0,0.0
2023-11-08 13:30:00-05:00,13.40999984741211,13.489999771118164,13.390000343322754,13.4399995803833,111470,0.0,0.0
2023-11-08 14:30:00-05:00,13.430000305175781,13.444999694824219,13.335000038146973,13.350000381469727,123079,0.0,0.0
2023-11-08 15:30:00-05:00,13.350000381469727,13.380000114440918,13.279999732971191,13.28689956665039,334500,0.0,0.0
2023-11-09 09:30:00-05:00,13.25,13.32289981842041,13.079999923706055,13.085000038146973,461681,0.0,0.0
2023-11-09 10:30:00-05:00,13.089900016784668,13.15999984741211,13.010000228881836,13.020000457763672,274208,0.0,0.0
2023-11-09 11:30:00-05:00,13.020000457763672,13.089900016784668,12.960000038146973,12.978400230407715,256970,0.0,0.0
2023-11-09 12:30:00-05:00,12.975000381469727,13.0600004196167,12.859999656677246,12.880000114440918,352313,0.0,0.0
2023-11-09 13:30:00-05:00,12.869999885559082,12.890000343322754,12.770000457763672,12.829999923706055,348992,0.0,0.0
2023-11-09 14:30:00-05:00,12.819999694824219,12.84000015258789,12.718799591064453,12.739999771118164,230585,0.0,0.0
2023-11-09 15:30:00-05:00,12.739999771118164,12.770000457763672,12.699999809265137,12.710000038146973,516492,0.0,0.0
2023-11-10 09:30:00-05:00,12.8100004196167,12.970000267028809,12.350000381469727,12.555000305175781,1384292,0.0,0.0
2023-11-10 10:30:00-05:00,12.5600004196167,12.678400039672852,12.470000267028809,12.600000381469727,462897,0.0,0.0
2023-11-10 11:30:00-05:00,12.600000381469727,12.600000381469727,12.479999542236328,12.579999923706055,289421,0.0,0.0
2023-11-10 12:30:00-05:00,12.585000038146973,12.829999923706055,12.581299781799316,12.777600288391113,374622,0.0,0.0
2023-11-10 13:30:00-05:00,12.770000457763672,12.805000305175781,12.609999656677246,12.729999542236328,265180,0.0,0.0
2023-11-10 14:30:00-05:00,12.720000267028809,12.720000267028809,12.539999961853027,12.609999656677246,319780,0.0,0.0
2023-11-10 15:30:00-05:00,12.614999771118164,12.635000228881836,12.539999961853027,12.550000190734863,519780,0.0,0.0
2023-11-13 09:30:00-05:00,12.5,12.529999732971191,11.824999809265137,12.010000228881836,1436330,0.0,0.0
2023-11-13 10:30:00-05:00,12.010000228881836,12.09000015258789,11.960000038146973,12.030099868774414,490783,0.0,0.0
2023-11-13 11:30:00-05:00,12.024999618530273,12.15999984741211,12.015000343322754,12.10990047454834,381061,0.0,0.0
2023-11-13 12:30:00-05:00,12.104999542236328,12.11989974975586,11.960000038146973,12.004599571228027,298160,0.0,0.0
2023-11-13 13:30:00-05:00,12.0,12.069999694824219,11.970000267028809,12.020000457763672,257248,0.0,0.0
2023-11-13 14:30:00-05:00,12.024999618530273,12.104999542236328,11.979999542236328,12.104999542236328,367514,0.0,0.0
2023-11-13 15:30:00-05:00,12.100000381469727,12.270000457763672,12.100000381469727,12.149999618530273,815270,0.0,0.0
2023-11-14 09:30:00-05:00,12.75,13.390000343322754,12.6899995803833,13.062199592590332,1706381,0.0,0.0
2023-11-14 10:30:00-05:00,13.0649995803833,13.300000190734863,13.050000190734863,13.180000305175781,778339,0.0,0.0
2023-11-14 11:30:00-05:00,13.170000076293945,13.239999771118164,12.9399995803833,13.024999618530273,452187,0.0,0.0
2023-11-14 12:30:00-05:00,13.024999618530273,13.100000381469727,12.970000267028809,12.984999656677246,355341,0.0,0.0
2023-11-14 13:30:00-05:00,12.979999542236328,13.03499984741211,12.819999694824219,12.899999618530273,405382,0.0,0.0
2023-11-14 14:30:00-05:00,12.890000343322754,13.039999961853027,12.84000015258789,12.994999885559082,574096,0.0,0.0
2023-11-14 15:30:00-05:00,12.989999771118164,12.989999771118164,12.899999618530273,12.899999618530273,656114,0.0,0.0
2023-11-15 09:30:00-05:00,13.149999618530273,13.5,13.076299667358398,13.239999771118164,1253195,0.0,0.0
2023-11-15 10:30:00-05:00,13.234999656677246,13.449999809265137,13.229999542236328,13.395000457763672,673124,0.0,0.0
2023-11-15 11:30:00-05:00,13.395000457763672,13.395000457763672,13.100000381469727,13.239999771118164,572377,0.0,0.0
2023-11-15 12:30:00-05:00,13.239999771118164,13.3149995803833,13.029999732971191,13.170000076293945,353407,0.0,0.0
2023-11-15 13:30:00-05:00,13.170000076293945,13.239999771118164,13.130000114440918,13.234999656677246,253035,0.0,0.0
2023-11-15 14:30:00-05:00,13.239999771118164,13.300000190734863,13.190299987792969,13.260000228881836,257875,0.0,0.0
2023-11-15 15:30:00-05:00,13.25,13.279999732971191,13.210000038146973,13.265000343322754,463430,0.0,0.0
2023-11-16 09:30:00-05:00,13.140000343322754,13.1899995803833,12.569999694824219,12.609999656677246,861569,0.0,0.0
2023-11-16 10:30:00-05:00,12.609999656677246,12.727299690246582,12.579999923706055,12.670000076293945,443548,0.0,0.0
2023-11-16 11:30:00-05:00,12.675000190734863,12.694999694824219,12.569999694824219,12.589900016784668,220230,0.0,0.0
2023-11-16 12:30:00-05:00,12.585000038146973,12.710000038146973,12.5600004196167,12.609999656677246,366661,0.0,0.0
2023-11-16 13:30:00-05:00,12.614999771118164,12.619799613952637,12.520000457763672,12.529999732971191,218779,0.0,0.0
2023-11-16 14:30:00-05:00,12.520000457763672,12.609999656677246,12.520000457763672,12.59000015258789,537585,0.0,0.0
2023-11-16 15:30:00-05:00,12.585000038146973,12.59000015258789,12.529999732971191,12.539999961853027,513320,0.0,0.0
2023-11-17 09:30:00-05:00,12.520000457763672,12.824999809265137,12.520000457763672,12.725000381469727,857564,0.0,0.0
2023-11-17 10:30:00-05:00,12.725000381469727,12.984999656677246,12.6899995803833,12.725000381469727,431107,0.0,0.0
2023-11-17 11:30:00-05:00,12.725000381469727,12.885000228881836,12.664999961853027,12.885000228881836,305444,0.0,0.0
2023-11-17 12:30:00-05:00,12.885000228881836,13.0,12.875,12.949999809265137,352332,0.0,0.0
2023-11-17 13:30:00-05:00,12.9399995803833,12.989999771118164,12.920000076293945,12.989999771118164,205635,0.0,0.0
2023-11-17 14:30:00-05:00,12.989800453186035,13.050000190734863,12.970000267028809,13.03499984741211,280542,0.0,0.0
2023-11-17 15:30:00-05:00,13.039999961853027,13.055000305175781,12.930000305175781,13.039999961853027,602253,0.0,0.0
2023-11-20 09:30:00-05:00,13.0,13.15999984741211,12.8100004196167,13.020000457763672,537795,0.0,0.0
2023-11-20 10:30:00-05:00,13.010000228881836,13.199999809265137,12.989999771118164,13.109999656677246,322633,0.0,0.0
2023-11-20 11:30:00-05:00,13.109999656677246,13.130000114440918,13.038000106811523,13.0600004196167,226483,0.0,0.0
2023-11-20 12:30:00-05:00,13.0600004196167,13.09000015258789,12.975000381469727,12.99120044708252,244220,0.0,0.0
2023-11-20 13:30:00-05:00,12.991800308227539,13.010000228881836,12.920000076293945,12.925000190734863,223015,0.0,0.0
2023-11-20 14:30:00-05:00,12.920000076293945,12.944999694824219,12.869999885559082,12.885000228881836,189901,0.0,0.0
2023-11-20 15:30:00-05:00,12.885000228881836,12.890000343322754,12.800000190734863,12.800000190734863,361246,0.0,0.0
2023-11-21 09:30:00-05:00,12.649999618530273,12.720000267028809,12.255000114440918,12.295000076293945,894254,0.0,0.0
2023-11-21 10:30:00-05:00,12.295000076293945,12.479999542236328,12.260000228881836,12.34000015258789,555391,0.0,0.0
2023-11-21 11:30:00-05:00,12.34119987487793,12.385000228881836,12.260000228881836,12.274999618530273,450457,0.0,0.0
2023-11-21 12:30:00-05:00,12.277999877929688,12.40999984741211,12.270000457763672,12.390000343322754,508816,0.0,0.0
2023-11-21 13:30:00-05:00,12.389900207519531,12.569999694824219,12.389900207519531,12.569999694824219,260276,0.0,0.0
2023-11-21 14:30:00-05:00,12.569999694824219,12.585000038146973,12.489999771118164,12.520000457763672,269761,0.0,0.0
2023-11-21 15:30:00-05:00,12.520000457763672,12.600000381469727,12.505000114440918,12.5600004196167,479410,0.0,0.0
2023-11-22 09:30:00-05:00,12.5600004196167,12.680000305175781,12.414999961853027,12.64009952545166,414135,0.0,0.0
2023-11-22 10:30:00-05:00,12.640000343322754,12.710000038146973,12.5,12.5,221163,0.0,0.0
2023-11-22 11:30:00-05:00,12.5,12.5600004196167,12.454999923706055,12.479999542236328,216917,0.0,0.0
2023-11-22 12:30:00-05:00,12.489899635314941,12.524999618530273,12.420000076293945,12.454999923706055,173805,0.0,0.0
2023-11-22 13:30:00-05:00,12.460000038146973,12.489999771118164,12.260000228881836,12.265000343322754,311469,0.0,0.0
2023-11-22 14:30:00-05:00,12.270000457763672,12.295000076293945,12.190099716186523,12.289999961853027,545778,0.0,0.0
2023-11-22 15:30:00-05:00,12.288599967956543,12.3100004196167,12.265000343322754,12.279999732971191,329771,0.0,0.0
2023-11-24 09:30:00-05:00,12.220000267028809,12.345000267028809,12.175000190734863,12.300000190734863,335721,0.0,0.0
2023-11-24 10:30:00-05:00,12.295000076293945,12.40999984741211,12.28499984741211,12.350000381469727,332292,0.0,0.0
2023-11-24 11:30:00-05:00,12.350000381469727,12.364999771118164,12.255000114440918,12.260000228881836,238468,0.0,0.0
2023-11-27 09:30:00-05:00,12.114999771118164,12.329999923706055,11.890000343322754,12.135000228881836,900091,0.0,0.0
2023-11-27 10:30:00-05:00,12.135000228881836,12.25,12.005000114440918,12.01710033416748,498094,0.0,0.0
2023-11-27 11:30:00-05:00,12.018400192260742,12.069999694824219,11.979999542236328,12.020000457763672,362810,0.0,0.0
2023-11-27 12:30:00-05:00,12.015000343322754,12.0600004196167,11.970000267028809,12.03499984741211,373820,0.0,0.0
2023-11-27 13:30:00-05:00,12.039899826049805,12.045000076293945,11.979999542236328,12.010000228881836,332075,0.0,0.0
2023-11-27 14:30:00-05:00,12.010000228881836,12.074999809265137,11.984999656677246,12.03499984741211,395953,0.0,0.0
2023-11-27 15:30:00-05:00,12.03499984741211,12.045000076293945,11.899999618530273,11.90999984741211,549862,0.0,0.0
2023-11-28 09:30:00-05:00,11.899999618530273,12.449999809265137,11.890000343322754,12.444999694824219,1181793,0.0,0.0
2023-11-28 10:30:00-05:00,12.449999809265137,13.265000343322754,12.4399995803833,13.039999961853027,3931596,0.0,0.0
2023-11-28 11:30:00-05:00,13.039999961853027,13.5,13.029999732971191,13.274999618530273,2064343,0.0,0.0
2023-11-28 12:30:00-05:00,13.271300315856934,13.329999923706055,13.085000038146973,13.130000114440918,1151378,0.0,0.0
2023-11-28 13:30:00-05:00,13.125,13.148799896240234,12.864999771118164,12.979399681091309,713733,0.0,0.0
2023-11-28 14:30:00-05:00,12.979999542236328,13.239999771118164,12.931699752807617,13.229999542236328,1051154,0.0,0.0
2023-11-28 15:30:00-05:00,13.239999771118164,13.550000190734863,13.1850004196167,13.508000373840332,2029972,0.0,0.0
2023-11-29 09:30:00-05:00,15.489999771118164,16.40999984741211,14.699999809265137,14.880000114440918,15986406,0.0,0.0
2023-11-29 10:30:00-05:00,14.890000343322754,15.930000305175781,14.890000343322754,15.920000076293945,5104656,0.0,0.0
2023-11-29 11:30:00-05:00,15.9197998046875,17.100000381469727,15.781999588012695,16.55500030517578,10035731,0.0,0.0
2023-11-29 12:30:00-05:00,16.549999237060547,17.359800338745117,16.53499984741211,16.790000915527344,9059529,0.0,0.0
2023-11-29 13:30:00-05:00,16.78499984741211,17.559999465942383,16.760000228881836,17.280099868774414,6485967,0.0,0.0
2023-11-29 14:30:00-05:00,17.290000915527344,17.395000457763672,15.579999923706055,15.765000343322754,9601784,0.0,0.0
2023-11-29 15:30:00-05:00,15.76990032196045,16.299999237060547,15.680000305175781,16.25,3829957,0.0,0.0
2023-11-30 09:30:00-05:00,16.290000915527344,16.329999923706055,15.329999923706055,15.350000381469727,5447862,0.0,0.0
2023-11-30 10:30:00-05:00,15.359999656677246,15.359999656677246,14.460000038146973,14.479999542236328,3982993,0.0,0.0
2023-11-30 11:30:00-05:00,14.481300354003906,14.890000343322754,14.3149995803833,14.701000213623047,2331722,0.0,0.0
2023-11-30 12:30:00-05:00,14.701499938964844,14.949999809265137,14.5600004196167,14.885000228881836,1153965,0.0,0.0
2023-11-30 13:30:00-05:00,14.881500244140625,15.038000106811523,14.620200157165527,14.691800117492676,921940,0.0,0.0
2023-11-30 14:30:00-05:00,14.694999694824219,14.970000267028809,14.675000190734863,14.909899711608887,851393,0.0,0.0
2023-11-30 15:30:00-05:00,14.904999732971191,14.970000267028809,14.539999961853027,14.545000076293945,1270948,0.0,0.0
2023-12-01 09:30:00-05:00,14.520000457763672,15.989999771118164,14.5,15.199199676513672,5827295,0.0,0.0
2023-12-01 10:30:00-05:00,15.1850004196167,15.430000305175781,15.010000228881836,15.274999618530273,1793423,0.0,0.0
2023-12-01 11:30:00-05:00,15.270000457763672,15.705599784851074,15.220100402832031,15.385000228881836,1856554,0.0,0.0
2023-12-01 12:30:00-05:00,15.380000114440918,15.574999809265137,15.270000457763672,15.271200180053711,867010,0.0,0.0
2023-12-01 13:30:00-05:00,15.270999908447266,15.40999984741211,15.069999694824219,15.289999961853027,1000554,0.0,0.0
2023-12-01 14:30:00-05:00,15.289899826049805,15.289899826049805,15.125,15.130000114440918,601194,0.0,0.0
2023-12-01 15:30:00-05:00,15.125,15.300000190734863,15.055000305175781,15.300000190734863,1095547,0.0,0.0
2023-12-04 09:30:00-05:00,15.289999961853027,16.709999084472656,14.91189956665039,16.036399841308594,6298561,0.0,0.0
2023-12-04 10:30:00-05:00,16.040000915527344,16.575000762939453,15.8100004196167,16.434999465942383,2728636,0.0,0.0
2023-12-04 11:30:00-05:00,16.43000030517578,16.989999771118164,16.209999084472656,16.860700607299805,2677193,0.0,0.0
2023-12-04 12:30:00-05:00,16.864999771118164,17.149999618530273,16.6299991607666,16.790000915527344,1836387,0.0,0.0
2023-12-04 13:30:00-05:00,16.780000686645508,17.155000686645508,16.579999923706055,17.135000228881836,1609103,0.0,0.0
2023-12-04 14:30:00-05:00,17.135000228881836,17.40999984741211,17.020200729370117,17.310100555419922,2650795,0.0,0.0
2023-12-04 15:30:00-05:00,17.317899703979492,17.3700008392334,16.959999084472656,17.0,1850665,0.0,0.0
2023-12-05 09:30:00-05:00,16.469999313354492,16.719999313354492,15.760000228881836,15.960000038146973,3835130,0.0,0.0
2023-12-05 10:30:00-05:00,15.960000038146973,16.020000457763672,15.529999732971191,15.550000190734863,2830613,0.0,0.0
2023-12-05 11:30:00-05:00,15.550000190734863,15.614999771118164,15.319999694824219,15.324999809265137,1549288,0.0,0.0
2023-12-05 12:30:00-05:00,15.320699691772461,15.380000114440918,15.0,15.295000076293945,1918659,0.0,0.0
2023-12-05 13:30:00-05:00,15.295000076293945,15.4350004196167,15.069999694824219,15.1225004196167,972006,0.0,0.0
2023-12-05 14:30:00-05:00,15.125,15.170000076293945,15.0,15.020000457763672,1281148,0.0,0.0
2023-12-05 15:30:00-05:00,15.024999618530273,15.100000381469727,14.869999885559082,14.904999732971191,1485888,0.0,0.0
2023-12-06 09:30:00-05:00,15.359999656677246,15.699999809265137,14.925000190734863,14.930100440979004,3615766,0.0,0.0
2023-12-06 10:30:00-05:00,14.930100440979004,15.300000190734863,14.90999984741211,15.255000114440918,1476413,0.0,0.0
2023-12-06 11:30:00-05:00,15.25879955291748,15.279999732971191,15.039999961853027,15.069999694824219,935310,0.0,0.0
2023-12-06 12:30:00-05:00,15.069999694824219,15.119999885559082,14.911100387573242,14.970000267028809,812343,0.0,0.0
2023-12-06 13:30:00-05:00,14.970000267028809,15.020000457763672,14.779999732971191,14.779999732971191,1014890,0.0,0.0
2023-12-06 14:30:00-05:00,14.779999732971191,14.9399995803833,14.710000038146973,14.765000343322754,1232722,0.0,0.0
2023-12-06 15:30:00-05:00,14.765000343322754,14.84000015258789,14.640000343322754,14.829999923706055,1509288,0.0,0.0
2023-12-07 09:30:00-05:00,13.710000038146973,15.164999961853027,13.5600004196167,15.060999870300293,5743043,0.0,0.0
2023-12-07 10:30:00-05:00,15.069999694824219,15.550000190734863,14.78499984741211,15.069999694824219,3262650,0.0,0.0
2023-12-07 11:30:00-05:00,15.0649995803833,15.229999542236328,14.90999984741211,15.050000190734863,1068321,0.0,0.0
2023-12-07 12:30:00-05:00,15.050000190734863,15.369999885559082,15.03499984741211,15.3100004196167,1074214,0.0,0.0
2023-12-07 13:30:00-05:00,15.3100004196167,15.539999961853027,15.199999809265137,15.529800415039062,1214729,0.0,0.0
2023-12-07 14:30:00-05:00,15.528400421142578,16.079999923706055,15.5,15.970000267028809,3663830,0.0,0.0
2023-12-07 15:30:00-05:00,15.970000267028809,16.520000457763672,15.885000228881836,16.350000381469727,2955782,0.0,0.0
2023-12-08 09:30:00-05:00,15.829999923706055,16.479999542236328,15.630000114440918,15.95009994506836,3479816,0.0,0.0
2023-12-08 10:30:00-05:00,15.949999809265137,16.170000076293945,15.699999809265137,16.139999389648438,1701092,0.0,0.0
2023-12-08 11:30:00-05:00,16.149999618530273,16.31999969482422,15.859999656677246,15.878600120544434,927066,0.0,0.0
2023-12-08 12:30:00-05:00,15.880000114440918,16.1200008392334,15.850000381469727,15.989700317382812,804284,0.0,0.0
2023-12-08 13:30:00-05:00,15.98009967803955,16.049999237060547,15.829999923706055,15.869999885559082,593233,0.0,0.0
2023-12-08 14:30:00-05:00,15.880000114440918,15.949999809265137,15.600000381469727,15.765000343322754,1057218,0.0,0.0
2023-12-08 15:30:00-05:00,15.765000343322754,15.770000457763672,15.470000267028809,15.550100326538086,1443964,0.0,0.0
2023-12-11 09:30:00-05:00,15.449999809265137,15.6899995803833,15.15999984741211,15.15999984741211,1324736,0.0,0.0
2023-12-11 10:30:00-05:00,15.170000076293945,15.260000228881836,15.119999885559082,15.129199981689453,715878,0.0,0.0
2023-12-11 11:30:00-05:00,15.129899978637695,15.395000457763672,15.022899627685547,15.395000457763672,741658,0.0,0.0
2023-12-11 12:30:00-05:00,15.395000457763672,15.430000305175781,15.21500015258789,15.260000228881836,427126,0.0,0.0
2023-12-11 13:30:00-05:00,15.270000457763672,15.270000457763672,15.085000038146973,15.21500015258789,437411,0.0,0.0
2023-12-11 14:30:00-05:00,15.220000267028809,15.239999771118164,15.069999694824219,15.069999694824219,260985,0.0,0.0
2023-12-11 15:30:00-05:00,15.069999694824219,15.095000267028809,14.975000381469727,15.050000190734863,766886,0.0,0.0
2023-12-12 09:30:00-05:00,15.119999885559082,15.219799995422363,14.84000015258789,15.069999694824219,1139472,0.0,0.0
2023-12-12 10:30:00-05:00,15.069999694824219,15.359999656677246,15.0600004196167,15.238300323486328,697014,0.0,0.0
2023-12-12 11:30:00-05:00,15.239999771118164,15.260000228881836,15.039999961853027,15.135000228881836,372281,0.0,0.0
2023-12-12 12:30:00-05:00,15.140000343322754,15.279999732971191,15.130000114440918,15.192500114440918,336353,0.0,0.0
2023-12-12 13:30:00-05:00,15.194999694824219,15.329999923706055,15.140000343322754,15.289999961853027,335825,0.0,0.0
2023-12-12 14:30:00-05:00,15.289999961853027,15.31029987335205,15.204999923706055,15.225000381469727,383789,0.0,0.0
2023-12-12 15:30:00-05:00,15.220000267028809,15.25,15.1225004196167,15.229999542236328,701665,0.0,0.0
2023-12-13 09:30:00-05:00,15.220000267028809,15.600000381469727,15.1899995803833,15.420000076293945,1015205,0.0,0.0
2023-12-13 10:30:00-05:00,15.419400215148926,15.779999732971191,15.380000114440918,15.59000015258789,981333,0.0,0.0
2023-12-13 11:30:00-05:00,15.574999809265137,15.755000114440918,15.444999694824219,15.6899995803833,622277,0.0,0.0
2023-12-13 12:30:00-05:00,15.680000305175781,15.6850004196167,15.454999923706055,15.515000343322754,466715,0.0,0.0
2023-12-13 13:30:00-05:00,15.515000343322754,16.139999389648438,15.420000076293945,16.100000381469727,1023802,0.0,0.0
2023-12-13 14:30:00-05:00,16.100200653076172,16.799999237060547,15.979999542236328,16.459999084472656,2839572,0.0,0.0
2023-12-13 15:30:00-05:00,16.459999084472656,16.700000762939453,16.44499969482422,16.700000762939453,1612113,0.0,0.0
2023-12-14 09:30:00-05:00,17.139999389648438,17.670000076293945,16.799999237060547,17.3799991607666,3623273,0.0,0.0
2023-12-14 10:30:00-05:00,17.389999389648438,17.765600204467773,17.260000228881836,17.70199966430664,1622683,0.0,0.0
2023-12-14 11:30:00-05:00,17.709999084472656,17.790000915527344,17.539899826049805,17.739999771118164,1207393,0.0,0.0
2023-12-14 12:30:00-05:00,17.739999771118164,17.875,17.329999923706055,17.640199661254883,1227445,0.0,0.0
2023-12-14 13:30:00-05:00,17.6299991607666,17.690000534057617,17.34000015258789,17.530000686645508,900116,0.0,0.0
2023-12-14 14:30:00-05:00,17.530000686645508,17.704999923706055,17.5,17.579999923706055,705424,0.0,0.0
2023-12-14 15:30:00-05:00,17.579999923706055,17.65999984741211,17.420000076293945,17.43000030517578,1001657,0.0,0.0
2023-12-15 09:30:00-05:00,17.399999618530273,17.579999923706055,17.01020050048828,17.32990074157715,1649010,0.0,0.0
2023-12-15 10:30:00-05:00,17.329999923706055,17.4950008392334,17.25,17.370100021362305,670998,0.0,0.0
2023-12-15 11:30:00-05:00,17.3700008392334,17.405000686645508,17.190000534057617,17.270000457763672,364791,0.0,0.0
2023-12-15 12:30:00-05:00,17.271299362182617,17.290000915527344,17.06999969482422,17.260000228881836,475891,0.0,0.0
2023-12-15 13:30:00-05:00,17.25,17.350000381469727,17.149999618530273,17.315000534057617,430767,0.0,0.0
2023-12-15 14:30:00-05:00,17.315000534057617,17.375,17.18000030517578,17.25,499785,0.0,0.0
2023-12-15 15:30:00-05:00,17.25,17.309999465942383,17.075000762939453,17.25,1196729,0.0,0.0
2023-12-18 09:30:00-05:00,17.239999771118164,18.40999984741211,17.100000381469727,18.209999084472656,2598506,0.0,0.0
2023-12-18 10:30:00-05:00,18.219999313354492,18.450000762939453,17.829999923706055,18.149999618530273,1427808,0.0,0.0
2023-12-18 11:30:00-05:00,18.125,18.235000610351562,18.030000686645508,18.149999618530273,569833,0.0,0.0
2023-12-18 12:30:00-05:00,18.14940071105957,18.34000015258789,18.135000228881836,18.299999237060547,526240,0.0,0.0
2023-12-18 13:30:00-05:00,18.295000076293945,18.385000228881836,18.170000076293945,18.200000762939453,456249,0.0,0.0
2023-12-18 14:30:00-05:00,18.19499969482422,18.290000915527344,18.040000915527344,18.050199508666992,496696,0.0,0.0
2023-12-18 15:30:00-05:00,18.05120086669922,18.06999969482422,17.829999923706055,17.860000610351562,994541,0.0,0.0
2023-12-19 09:30:00-05:00,17.889999389648438,18.59000015258789,17.889999389648438,18.299999237060547,1335081,0.0,0.0
2023-12-19 10:30:00-05:00,18.299999237060547,18.329999923706055,18.020000457763672,18.020000457763672,580500,0.0,0.0
2023-12-19 11:30:00-05:00,18.020000457763672,18.079999923706055,17.229999542236328,17.59000015258789,1235315,0.0,0.0
2023-12-19 12:30:00-05:00,17.594999313354492,17.739999771118164,17.540000915527344,17.665000915527344,610924,0.0,0.0
2023-12-19 13:30:00-05:00,17.670000076293945,17.764999389648438,17.579999923706055,17.739999771118164,415047,0.0,0.0
2023-12-19 14:30:00-05:00,17.739999771118164,17.799999237060547,17.6299991607666,17.709999084472656,417198,0.0,0.0
2023-12-19 15:30:00-05:00,17.709999084472656,17.75,17.670000076293945,17.729999542236328,525243,0.0,0.0
2023-12-20 09:30:00-05:00,17.530000686645508,17.90999984741211,17.389999389648438,17.649999618530273,885370,0.0,0.0
2023-12-20 10:30:00-05:00,17.65999984741211,17.850000381469727,17.65999984741211,17.709999084472656,619935,0.0,0.0
2023-12-20 11:30:00-05:00,17.700000762939453,17.770000457763672,17.639999389648438,17.729999542236328,398375,0.0,0.0
2023-12-20 12:30:00-05:00,17.729999542236328,18.379899978637695,17.719999313354492,18.146099090576172,825159,0.0,0.0
2023-12-20 13:30:00-05:00,18.15999984741211,18.219999313354492,17.739999771118164,17.739999771118164,615804,0.0,0.0
2023-12-20 14:30:00-05:00,17.743000030517578,17.780000686645508,17.219999313354492,17.270099639892578,783953,0.0,0.0
2023-12-20 15:30:00-05:00,17.270000457763672,17.31999969482422,16.889999389648438,16.93000030517578,1028054,0.0,0.0
2023-12-21 09:30:00-05:00,17.190000534057617,17.3351993560791,16.860000610351562,17.014999389648438,1020146,0.0,0.0
2023-12-21 10:30:00-05:00,17.030000686645508,17.149900436401367,16.829999923706055,16.889999389648438,433288,0.0,0.0
2023-12-21 11:30:00-05:00,16.896900177001953,16.94969940185547,16.770000457763672,16.790000915527344,434712,0.0,0.0
2023-12-21 12:30:00-05:00,16.770000457763672,16.81999969482422,16.665000915527344,16.700000762939453,388370,0.0,0.0
2023-12-21 13:30:00-05:00,16.704999923706055,16.795000076293945,16.59119987487793,16.770000457763672,405310,0.0,0.0
2023-12-21 14:30:00-05:00,16.769899368286133,16.769899368286133,16.614999771118164,16.700000762939453,393490,0.0,0.0
2023-12-21 15:30:00-05:00,16.690000534057617,17.010000228881836,16.674999237060547,17.0,523798,0.0,0.0
2023-12-22 09:30:00-05:00,16.780000686645508,16.975000381469727,16.450000762939453,16.860000610351562,858857,0.0,0.0
2023-12-22 10:30:00-05:00,16.850000381469727,17.200000762939453,16.81999969482422,17.069400787353516,645236,0.0,0.0
2023-12-22 11:30:00-05:00,17.06999969482422,17.18000030517578,17.020000457763672,17.084999084472656,331237,0.0,0.0
2023-12-22 12:30:00-05:00,17.075000762939453,17.18000030517578,17.045000076293945,17.114999771118164,186856,0.0,0.0
2023-12-22 13:30:00-05:00,17.110000610351562,17.119699478149414,16.8799991607666,16.8799991607666,308740,0.0,0.0
2023-12-22 14:30:00-05:00,16.889999389648438,17.139999389648438,16.8799991607666,17.030000686645508,284225,0.0,0.0
2023-12-22 15:30:00-05:00,17.024999618530273,17.05500030517578,16.940000534057617,16.969999313354492,529931,0.0,0.0
2023-12-26 09:30:00-05:00,16.979999542236328,17.165000915527344,16.81999969482422,17.1200008392334,652432,0.0,0.0
2023-12-26 10:30:00-05:00,17.120100021362305,17.290000915527344,17.01020050048828,17.020000457763672,491415,0.0,0.0
2023-12-26 11:30:00-05:00,17.020000457763672,17.229999542236328,16.97260093688965,17.18000030517578,422392,0.0,0.0
2023-12-26 12:30:00-05:00,17.18000030517578,17.260000228881836,17.139999389648438,17.239999771118164,245622,0.0,0.0
2023-12-26 13:30:00-05:00,17.25,17.399999618530273,17.19499969482422,17.3799991607666,341753,0.0,0.0
2023-12-26 14:30:00-05:00,17.3799991607666,17.409900665283203,17.260000228881836,17.309999465942383,308355,0.0,0.0
2023-12-26 15:30:00-05:00,17.309999465942383,17.389999389648438,17.290000915527344,17.364999771118164,409620,0.0,0.0
2023-12-27 09:30:00-05:00,17.43000030517578,17.65999984741211,17.366899490356445,17.59000015258789,658060,0.0,0.0
2023-12-27 10:30:00-05:00,17.59000015258789,17.829999923706055,17.520000457763672,17.725000381469727,426792,0.0,0.0
2023-12-27 11:30:00-05:00,17.721200942993164,18.125,17.65999984741211,17.979999542236328,875814,0.0,0.0
2023-12-27 12:30:00-05:00,17.989900588989258,18.225000381469727,17.899999618530273,18.15999984741211,621395,0.0,0.0
2023-12-27 13:30:00-05:00,18.16010093688965,18.28499984741211,18.061899185180664,18.200000762939453,741376,0.0,0.0
2023-12-27 14:30:00-05:00,18.200000762939453,18.350000381469727,18.13800048828125,18.239999771118164,548179,0.0,0.0
2023-12-27 15:30:00-05:00,18.239999771118164,18.3700008392334,18.229999542236328,18.3700008392334,633780,0.0,0.0
2023-12-28 09:30:00-05:00,18.049999237060547,18.320100784301758,17.920000076293945,18.295000076293945,893886,0.0,0.0
2023-12-28 10:30:00-05:00,18.298500061035156,18.318599700927734,18.06999969482422,18.079999923706055,396533,0.0,0.0
2023-12-28 11:30:00-05:00,18.072599411010742,18.25,18.049999237060547,18.219999313354492,340001,0.0,0.0
2023-12-28 12:30:00-05:00,18.21500015258789,18.25,18.09000015258789,18.100000381469727,292215,0.0,0.0
2023-12-28 13:30:00-05:00,18.110000610351562,18.170000076293945,18.0,18.132999420166016,285049,0.0,0.0
2023-12-28 14:30:00-05:00,18.135000228881836,18.149999618530273,17.850000381469727,17.969999313354492,588227,0.0,0.0
2023-12-28 15:30:00-05:00,17.969999313354492,18.079999923706055,17.950000762939453,18.06999969482422,555345,0.0,0.0
2023-12-29 09:30:00-05:00,18.040000915527344,18.15999984741211,17.700000762939453,17.739999771118164,784789,0.0,0.0
2023-12-29 10:30:00-05:00,17.739999771118164,17.743600845336914,17.459999084472656,17.479999542236328,908539,0.0,0.0
2023-12-29 11:30:00-05:00,17.487199783325195,17.670000076293945,17.479999542236328,17.575000762939453,527836,0.0,0.0
2023-12-29 12:30:00-05:00,17.565000534057617,17.719999313354492,17.46500015258789,17.709999084472656,387561,0.0,0.0
2023-12-29 13:30:00-05:00,17.729900360107422,17.780000686645508,17.6200008392334,17.6299991607666,345521,0.0,0.0
2023-12-29 14:30:00-05:00,17.635000228881836,17.709999084472656,17.56999969482422,17.684999465942383,388414,0.0,0.0
2023-12-29 15:30:00-05:00,17.684999465942383,17.709999084472656,17.530000686645508,17.530000686645508,934843,0.0,0.0
2024-01-02 09:30:00-05:00,17.25,17.594999313354492,17.100000381469727,17.375,1140916,0.0,0.0
2024-01-02 10:30:00-05:00,17.350000381469727,17.360000610351562,17.06999969482422,17.139999389648438,561277,0.0,0.0
2024-01-02 11:30:00-05:00,17.149999618530273,17.290000915527344,17.110000610351562,17.145000457763672,359871,0.0,0.0
2024-01-02 12:30:00-05:00,17.139999389648438,17.139999389648438,16.809999465942383,16.834999084472656,613478,0.0,0.0
2024-01-02 13:30:00-05:00,16.834999084472656,16.940000534057617,16.75,16.790000915527344,483876,0.0,0.0
2024-01-02 14:30:00-05:00,16.790000915527344,16.809999465942383,16.579999923706055,16.594999313354492,512347,0.0,0.0
2024-01-02 15:30:00-05:00,16.59000015258789,16.709999084472656,16.579999923706055,16.665000915527344,490151,0.0,0.0
2024-01-03 09:30:00-05:00,16.31999969482422,16.405000686645508,15.900099754333496,16.190000534057617,1429315,0.0,0.0
2024-01-03 10:30:00-05:00,16.19070053100586,16.60650062561035,16.1200008392334,16.59000015258789,515480,0.0,0.0
2024-01-03 11:30:00-05:00,16.610000610351562,16.764999389648438,16.430099487304688,16.604999542236328,524225,0.0,0.0
2024-01-03 12:30:00-05:00,16.614999771118164,16.75589942932129,16.56999969482422,16.729999542236328,261684,0.0,0.0
2024-01-03 13:30:00-05:00,16.735000610351562,16.739999771118164,16.459999084472656,16.719999313354492,358929,0.0,0.0
2024-01-03 14:30:00-05:00,16.729999542236328,16.825000762939453,16.559999465942383,16.655000686645508,385834,0.0,0.0
2024-01-03 15:30:00-05:00,16.65959930419922,16.770000457763672,16.65959930419922,16.670000076293945,475155,0.0,0.0
2024-01-04 09:30:00-05:00,16.510000228881836,16.75,16.370399475097656,16.639999389648438,507477,0.0,0.0
2024-01-04 10:30:00-05:00,16.639999389648438,16.649999618530273,16.309999465942383,16.579999923706055,606672,0.0,0.0
2024-01-04 11:30:00-05:00,16.59000015258789,16.613300323486328,16.469999313354492,16.510000228881836,225291,0.0,0.0
2024-01-04 12:30:00-05:00,16.5,16.549999237060547,16.440000534057617,16.459999084472656,154279,0.0,0.0
2024-01-04 13:30:00-05:00,16.469999313354492,16.56999969482422,16.454999923706055,16.459999084472656,180133,0.0,0.0
2024-01-04 14:30:00-05:00,16.459999084472656,16.5,16.415000915527344,16.479999542236328,201381,0.0,0.0
2024-01-04 15:30:00-05:00,16.475000381469727,16.545000076293945,16.34000015258789,16.350000381469727,480140,0.0,0.0
2024-01-05 09:30:00-05:00,16.15999984741211,16.519899368286133,16.09000015258789,16.38990020751953,360927,0.0,0.0
2024-01-05 10:30:00-05:00,16.389999389648438,16.489999771118164,16.299999237060547,16.309999465942383,201734,0.0,0.0
2024-01-05 11:30:00-05:00,16.329999923706055,16.344999313354492,16.100000381469727,16.125,191242,0.0,0.0
2024-01-05 12:30:00-05:00,16.1200008392334,16.219999313354492,16.06999969482422,16.2185001373291,282113,0.0,0.0
2024-01-05 13:30:00-05:00,16.225000381469727,16.274999618530273,16.155099868774414,16.155099868774414,173500,0.0,0.0
2024-01-05 14:30:00-05:00,16.15999984741211,16.170000076293945,16.059999465942383,16.079999923706055,275651,0.0,0.0
2024-01-05 15:30:00-05:00,16.079999923706055,16.100000381469727,15.970000267028809,15.979999542236328,685717,0.0,0.0
2024-01-08 09:30:00-05:00,15.779999732971191,16.110000610351562,15.699999809265137,15.979999542236328,631090,0.0,0.0
2024-01-08 10:30:00-05:00,15.989999771118164,16.1200008392334,15.829999923706055,15.869999885559082,342916,0.0,0.0
2024-01-08 11:30:00-05:00,15.859999656677246,15.899999618530273,15.699999809265137,15.729999542236328,279210,0.0,0.0
2024-01-08 12:30:00-05:00,15.729999542236328,16.0,15.729999542236328,15.956399917602539,335465,0.0,0.0
2024-01-08 13:30:00-05:00,15.949999809265137,15.970000267028809,15.774999618530273,15.869999885559082,323362,0.0,0.0
2024-01-08 14:30:00-05:00,15.864999771118164,15.90999984741211,15.789999961853027,15.899999618530273,433198,0.0,0.0
2024-01-08 15:30:00-05:00,15.890000343322754,15.895000457763672,15.770000457763672,15.800000190734863,467185,0.0,0.0
2024-01-09 09:30:00-05:00,15.59000015258789,15.619999885559082,15.354999542236328,15.479999542236328,601906,0.0,0.0
2024-01-09 10:30:00-05:00,15.48900032043457,15.539999961853027,15.354999542236328,15.385000228881836,315138,0.0,0.0
2024-01-09 11:30:00-05:00,15.390000343322754,15.4399995803833,15.279999732971191,15.335000038146973,391641,0.0,0.0
2024-01-09 12:30:00-05:00,15.34000015258789,15.399999618530273,15.300000190734863,15.319999694824219,180069,0.0,0.0
2024-01-09 13:30:00-05:00,15.3149995803833,15.369999885559082,15.225000381469727,15.225000381469727,328190,0.0,0.0
2024-01-09 14:30:00-05:00,15.229999542236328,15.289999961853027,15.1899995803833,15.225000381469727,462678,0.0,0.0
2024-01-09 15:30:00-05:00,15.225000381469727,15.229999542236328,15.120100021362305,15.167099952697754,579523,0.0,0.0
2024-01-10 09:30:00-05:00,15.119999885559082,15.319999694824219,14.970000267028809,15.170000076293945,701020,0.0,0.0
2024-01-10 10:30:00-05:00,15.178799629211426,15.449899673461914,15.130999565124512,15.378999710083008,481208,0.0,0.0
2024-01-10 11:30:00-05:00,15.375,15.625,15.335000038146973,15.538700103759766,259528,0.0,0.0
2024-01-10 12:30:00-05:00,15.539999961853027,15.5600004196167,15.468000411987305,15.470000267028809,170059,0.0,0.0
2024-01-10 13:30:00-05:00,15.47350025177002,15.555000305175781,15.462499618530273,15.505000114440918,195472,0.0,0.0
2024-01-10 14:30:00-05:00,15.505000114440918,15.59000015258789,15.46500015258789,15.574999809265137,254637,0.0,0.0
2024-01-10 15:30:00-05:00,15.574999809265137,15.760000228881836,15.505000114440918,15.720000267028809,797070,0.0,0.0
2024-01-11 09:30:00-05:00,15.649999618530273,15.800000190734863,15.354999542236328,15.539899826049805,776214,0.0,0.0
2024-01-11 10:30:00-05:00,15.529999732971191,15.5600004196167,15.270000457763672,15.329999923706055,590477,0.0,0.0
2024-01-11 11:30:00-05:00,15.329999923706055,15.479999542236328,15.279999732971191,15.385000228881836,370092,0.0,0.0
2024-01-11 12:30:00-05:00,15.385000228881836,15.539999961853027,15.369999885559082,15.4399995803833,265479,0.0,0.0
2024-01-11 13:30:00-05:00,15.420000076293945,15.437700271606445,15.3100004196167,15.399999618530273,239459,0.0,0.0
2024-01-11 14:30:00-05:00,15.399999618530273,15.454999923706055,15.270000457763672,15.3100004196167,177100,0.0,0.0
2024-01-11 15:30:00-05:00,15.305000305175781,15.329999923706055,15.239999771118164,15.25,360906,0.0,0.0
2024-01-12 09:30:00-05:00,15.300000190734863,15.619999885559082,15.09000015258789,15.149999618530273,531864,0.0,0.0
2024-01-12 10:30:00-05:00,15.151700019836426,15.335000038146973,15.100000381469727,15.3100004196167,261695,0.0,0.0
2024-01-12 11:30:00-05:00,15.300000190734863,15.300000190734863,15.079999923706055,15.130000114440918,151393,0.0,0.0
2024-01-12 12:30:00-05:00,15.119999885559082,15.130000114440918,15.00879955291748,15.045000076293945,184636,0.0,0.0
2024-01-12 13:30:00-05:00,15.045000076293945,15.059900283813477,14.880000114440918,14.880000114440918,329115,0.0,0.0
2024-01-12 14:30:00-05:00,14.880000114440918,14.885000228881836,14.729999542236328,14.75,399693,0.0,0.0
2024-01-12 15:30:00-05:00,14.760000228881836,14.816300392150879,14.729999542236328,14.75,384646,0.0,0.0
2024-01-16 09:30:00-05:00,14.595000267028809,14.619999885559082,14.220000267028809,14.324999809265137,886794,0.0,0.0
2024-01-16 10:30:00-05:00,14.319999694824219,14.520000457763672,14.262100219726562,14.327799797058105,570377,0.0,0.0
2024-01-16 11:30:00-05:00,14.329999923706055,14.359999656677246,14.149999618530273,14.15999984741211,327376,0.0,0.0
2024-01-16 12:30:00-05:00,14.15999984741211,14.164999961853027,14.039999961853027,14.039999961853027,336152,0.0,0.0
2024-01-16 13:30:00-05:00,14.041199684143066,14.104999542236328,13.970000267028809,13.979999542236328,409142,0.0,0.0
2024-01-16 14:30:00-05:00,13.970000267028809,14.029999732971191,13.93179988861084,13.969799995422363,359417,0.0,0.0
2024-01-16 15:30:00-05:00,13.96500015258789,14.020000457763672,13.930000305175781,13.979999542236328,430820,0.0,0.0
2024-01-17 09:30:00-05:00,13.859999656677246,14.039999961853027,13.710000038146973,14.020000457763672,908820,0.0,0.0
2024-01-17 10:30:00-05:00,14.020000457763672,14.039999961853027,13.880000114440918,13.920000076293945,297414,0.0,0.0
2024-01-17 11:30:00-05:00,13.920000076293945,14.069999694824219,13.899999618530273,13.930000305175781,302011,0.0,0.0
2024-01-17 12:30:00-05:00,13.92020034790039,13.9399995803833,13.800000190734863,13.885000228881836,269305,0.0,0.0
2024-01-17 13:30:00-05:00,13.880000114440918,13.94789981842041,13.854999542236328,13.925600051879883,175014,0.0,0.0
2024-01-17 14:30:00-05:00,13.930000305175781,14.010000228881836,13.880000114440918,13.994999885559082,204850,0.0,0.0
2024-01-17 15:30:00-05:00,13.994999885559082,14.109999656677246,13.970000267028809,14.09000015258789,375361,0.0,0.0
2024-01-18 09:30:00-05:00,14.199999809265137,14.649900436401367,14.050000190734863,14.473099708557129,880510,0.0,0.0
2024-01-18 10:30:00-05:00,14.470000267028809,14.728400230407715,14.45199966430664,14.663800239562988,649214,0.0,0.0
2024-01-18 11:30:00-05:00,14.670000076293945,14.765000343322754,14.399999618530273,14.4399995803833,479210,0.0,0.0
2024-01-18 12:30:00-05:00,14.444999694824219,14.445599555969238,14.140000343322754,14.149999618530273,374486,0.0,0.0
2024-01-18 13:30:00-05:00,14.149999618530273,14.219900131225586,14.100000381469727,14.204999923706055,264542,0.0,0.0
2024-01-18 14:30:00-05:00,14.204999923706055,14.350000381469727,14.1899995803833,14.345000267028809,362682,0.0,0.0
2024-01-18 15:30:00-05:00,14.345000267028809,14.404999732971191,14.300000190734863,14.300000190734863,555513,0.0,0.0
2024-01-19 09:30:00-05:00,14.359999656677246,14.420000076293945,14.085000038146973,14.194999694824219,584666,0.0,0.0
2024-01-19 10:30:00-05:00,14.1899995803833,14.449999809265137,14.180000305175781,14.300000190734863,352793,0.0,0.0
2024-01-19 11:30:00-05:00,14.310099601745605,14.324999809265137,14.175000190734863,14.25,164415,0.0,0.0
2024-01-19 12:30:00-05:00,14.244999885559082,14.5,14.244999885559082,14.484999656677246,230233,0.0,0.0
2024-01-19 13:30:00-05:00,14.489999771118164,14.550000190734863,14.430000305175781,14.539999961853027,181721,0.0,0.0
2024-01-19 14:30:00-05:00,14.545000076293945,14.600000381469727,14.489999771118164,14.550000190734863,300887,0.0,0.0
2024-01-19 15:30:00-05:00,14.539999961853027,14.5600004196167,14.480299949645996,14.524999618530273,390076,0.0,0.0
2024-01-22 09:30:00-05:00,14.5,15.16189956665039,14.300000190734863,14.930000305175781,1560593,0.0,0.0
2024-01-22 10:30:00-05:00,14.90999984741211,14.920000076293945,14.65999984741211,14.760000228881836,447032,0.0,0.0
2024-01-22 11:30:00-05:00,14.760000228881836,14.760000228881836,14.579999923706055,14.760000228881836,213271,0.0,0.0
2024-01-22 12:30:00-05:00,14.765000343322754,14.8149995803833,14.699999809265137,14.699999809265137,200627,0.0,0.0
2024-01-22 13:30:00-05:00,14.699999809265137,14.75,14.604999542236328,14.66450023651123,192908,0.0,0.0
2024-01-22 14:30:00-05:00,14.661999702453613,14.920000076293945,14.649999618530273,14.920000076293945,270157,0.0,0.0
2024-01-22 15:30:00-05:00,14.930000305175781,15.0,14.87030029296875,14.899999618530273,479192,0.0,0.0
2024-01-23 09:30:00-05:00,15.0,15.024700164794922,14.449999809265137,14.520000457763672,772842,0.0,0.0
2024-01-23 10:30:00-05:00,14.520000457763672,14.520000457763672,14.050000190734863,14.16450023651123,608139,0.0,0.0
2024-01-23 11:30:00-05:00,14.15999984741211,14.229000091552734,14.0600004196167,14.188699722290039,377044,0.0,0.0
2024-01-23 12:30:00-05:00,14.180000305175781,14.188699722290039,14.0600004196167,14.109999656677246,291582,0.0,0.0
2024-01-23 13:30:00-05:00,14.114999771118164,14.25,14.069999694824219,14.154999732971191,343878,0.0,0.0
2024-01-23 14:30:00-05:00,14.140000343322754,14.234999656677246,14.09000015258789,14.175000190734863,409621,0.0,0.0
2024-01-23 15:30:00-05:00,14.175000190734863,14.204999923706055,14.119999885559082,14.1850004196167,483528,0.0,0.0
2024-01-24 09:30:00-05:00,14.279999732971191,14.380000114440918,13.819999694824219,14.004500389099121,670665,0.0,0.0
2024-01-24 10:30:00-05:00,14.0,14.225000381469727,13.960000038146973,14.130000114440918,351762,0.0,0.0
2024-01-24 11:30:00-05:00,14.131999969482422,14.140000343322754,14.029999732971191,14.09000015258789,176768,0.0,0.0
2024-01-24 12:30:00-05:00,14.079999923706055,14.09000015258789,13.925000190734863,13.949999809265137,328716,0.0,0.0
2024-01-24 13:30:00-05:00,13.954999923706055,13.960000038146973,13.845000267028809,13.904999732971191,188653,0.0,0.0
2024-01-24 14:30:00-05:00,13.904999732971191,13.989999771118164,13.84000015258789,13.84000015258789,287357,0.0,0.0
2024-01-24 15:30:00-05:00,13.84000015258789,13.97819995880127,13.829999923706055,13.949999809265137,312577,0.0,0.0
2024-01-25 09:30:00-05:00,13.970000267028809,14.414999961853027,13.920000076293945,14.404999732971191,803647,0.0,0.0
2024-01-25 10:30:00-05:00,14.40999984741211,14.529999732971191,14.244999885559082,14.498000144958496,660165,0.0,0.0
2024-01-25 11:30:00-05:00,14.489999771118164,14.489999771118164,14.210000038146973,14.319999694824219,495996,0.0,0.0
2024-01-25 12:30:00-05:00,14.324999809265137,14.379899978637695,14.270000457763672,14.279999732971191,229434,0.0,0.0
2024-01-25 13:30:00-05:00,14.270000457763672,14.539899826049805,14.265000343322754,14.470000267028809,385474,0.0,0.0
2024-01-25 14:30:00-05:00,14.479999542236328,14.520000457763672,14.429900169372559,14.441699981689453,229635,0.0,0.0
2024-01-25 15:30:00-05:00,14.4399995803833,14.529999732971191,14.414999961853027,14.524999618530273,551879,0.0,0.0
2024-01-26 09:30:00-05:00,14.4399995803833,14.720000267028809,14.40999984741211,14.538000106811523,435285,0.0,0.0
2024-01-26 10:30:00-05:00,14.530400276184082,14.649999618530273,14.444999694824219,14.5600004196167,463892,0.0,0.0
2024-01-26 11:30:00-05:00,14.555000305175781,14.604999542236328,14.494999885559082,14.5600004196167,169610,0.0,0.0
2024-01-26 12:30:00-05:00,14.550000190734863,14.555000305175781,14.46500015258789,14.539999961853027,192353,0.0,0.0
2024-01-26 13:30:00-05:00,14.545000076293945,14.579999923706055,14.425000190734863,14.444999694824219,244537,0.0,0.0
2024-01-26 14:30:00-05:00,14.449999809265137,14.529999732971191,14.449999809265137,14.479999542236328,247415,0.0,0.0
2024-01-26 15:30:00-05:00,14.479999542236328,14.550000190734863,14.420000076293945,14.489999771118164,347247,0.0,0.0
2024-01-29 09:30:00-05:00,14.5,14.73799991607666,14.3149995803833,14.574999809265137,418681,0.0,0.0
2024-01-29 10:30:00-05:00,14.572199821472168,14.75,14.569999694824219,14.595000267028809,389148,0.0,0.0
2024-01-29 11:30:00-05:00,14.595000267028809,14.6899995803833,14.524999618530273,14.6899995803833,207713,0.0,0.0
2024-01-29 12:30:00-05:00,14.6899995803833,14.720000267028809,14.564000129699707,14.608499526977539,155618,0.0,0.0
2024-01-29 13:30:00-05:00,14.60990047454834,14.630000114440918,14.5600004196167,14.621199607849121,194345,0.0,0.0
2024-01-29 14:30:00-05:00,14.625,14.760000228881836,14.5600004196167,14.755000114440918,319017,0.0,0.0
2024-01-29 15:30:00-05:00,14.760000228881836,14.805000305175781,14.720000267028809,14.774999618530273,328412,0.0,0.0
2024-01-30 09:30:00-05:00,14.539999961853027,14.819999694824219,14.510000228881836,14.720000267028809,390333,0.0,0.0
2024-01-30 10:30:00-05:00,14.710200309753418,14.710200309753418,14.550000190734863,14.640000343322754,202389,0.0,0.0
2024-01-30 11:30:00-05:00,14.640000343322754,14.729999542236328,14.609999656677246,14.668100357055664,175805,0.0,0.0
2024-01-30 12:30:00-05:00,14.65999984741211,14.670000076293945,14.569999694824219,14.670000076293945,142090,0.0,0.0
2024-01-30 13:30:00-05:00,14.675000190734863,14.710000038146973,14.635000228881836,14.664999961853027,139196,0.0,0.0
2024-01-30 14:30:00-05:00,14.65999984741211,14.670000076293945,14.524999618530273,14.609999656677246,162859,0.0,0.0
2024-01-30 15:30:00-05:00,14.609999656677246,14.649999618530273,14.550000190734863,14.550000190734863,271734,0.0,0.0
2024-01-31 09:30:00-05:00,14.399999618530273,14.630000114440918,14.319999694824219,14.600000381469727,369277,0.0,0.0
2024-01-31 10:30:00-05:00,14.614999771118164,14.630000114440918,14.514300346374512,14.555000305175781,226921,0.0,0.0
2024-01-31 11:30:00-05:00,14.5600004196167,14.75,14.484999656677246,14.734999656677246,217281,0.0,0.0
2024-01-31 12:30:00-05:00,14.734999656677246,14.829999923706055,14.699999809265137,14.75,214503,0.0,0.0
2024-01-31 13:30:00-05:00,14.744999885559082,14.800000190734863,14.454999923706055,14.470000267028809,255447,0.0,0.0
2024-01-31 14:30:00-05:00,14.46500015258789,14.829999923706055,14.369999885559082,14.444999694824219,625146,0.0,0.0
2024-01-31 15:30:00-05:00,14.4399995803833,14.4399995803833,14.220000267028809,14.220000267028809,440932,0.0,0.0
2024-02-01 09:30:00-05:00,14.34000015258789,14.420000076293945,14.130000114440918,14.251700401306152,364552,0.0,0.0
2024-02-01 10:30:00-05:00,14.270000457763672,14.319999694824219,14.020000457763672,14.050000190734863,353043,0.0,0.0
2024-02-01 11:30:00-05:00,14.050000190734863,14.260000228881836,14.050000190734863,14.141799926757812,205244,0.0,0.0
2024-02-01 12:30:00-05:00,14.145000457763672,14.369999885559082,14.145000457763672,14.220000267028809,235527,0.0,0.0
2024-02-01 13:30:00-05:00,14.225000381469727,14.336400032043457,14.199999809265137,14.25,170972,0.0,0.0
2024-02-01 14:30:00-05:00,14.25,14.359999656677246,14.239999771118164,14.25,199875,0.0,0.0
2024-02-01 15:30:00-05:00,14.25,14.420000076293945,14.25,14.40999984741211,375240,0.0,0.0
2024-02-02 09:30:00-05:00,14.149999618530273,14.300000190734863,14.079999923706055,14.260000228881836,456247,0.0,0.0
2024-02-02 10:30:00-05:00,14.270000457763672,14.369999885559082,14.210000038146973,14.361200332641602,217704,0.0,0.0
2024-02-02 11:30:00-05:00,14.380499839782715,14.447500228881836,14.279999732971191,14.359999656677246,186997,0.0,0.0
2024-02-02 12:30:00-05:00,14.371199607849121,14.489999771118164,14.305000305175781,14.460000038146973,199136,0.0,0.0
2024-02-02 13:30:00-05:00,14.46500015258789,14.920000076293945,14.43120002746582,14.869999885559082,599632,0.0,0.0
2024-02-02 14:30:00-05:00,14.869999885559082,14.90999984741211,14.670100212097168,14.84000015258789,537051,0.0,0.0
2024-02-02 15:30:00-05:00,14.830100059509277,14.845000267028809,14.720000267028809,14.720000267028809,513659,0.0,0.0
2024-02-05 09:30:00-05:00,14.5,14.609999656677246,13.880000114440918,14.0649995803833,1049749,0.0,0.0
2024-02-05 10:30:00-05:00,14.050999641418457,14.079899787902832,13.800000190734863,13.930000305175781,793398,0.0,0.0
2024-02-05 11:30:00-05:00,13.93970012664795,13.949999809265137,13.760000228881836,13.854999542236328,326091,0.0,0.0
2024-02-05 12:30:00-05:00,13.859999656677246,13.970000267028809,13.720000267028809,13.739999771118164,316570,0.0,0.0
2024-02-05 13:30:00-05:00,13.739899635314941,13.755000114440918,13.449999809265137,13.46500015258789,642298,0.0,0.0
2024-02-05 14:30:00-05:00,13.469900131225586,13.55620002746582,13.399999618530273,13.449899673461914,530466,0.0,0.0
2024-02-05 15:30:00-05:00,13.449999809265137,13.539999961853027,13.430000305175781,13.449999809265137,511103,0.0,0.0
2024-02-06 09:30:00-05:00,13.600000381469727,14.201399803161621,13.430000305175781,14.109999656677246,1008299,0.0,0.0
2024-02-06 10:30:00-05:00,14.119999885559082,14.300000190734863,14.050800323486328,14.279999732971191,580639,0.0,0.0
2024-02-06 11:30:00-05:00,14.279999732971191,14.295000076293945,13.992300033569336,14.085000038146973,353132,0.0,0.0
2024-02-06 12:30:00-05:00,14.081700325012207,14.09000015258789,13.925000190734863,13.960000038146973,185560,0.0,0.0
2024-02-06 13:30:00-05:00,13.960000038146973,13.989999771118164,13.890000343322754,13.961700439453125,167705,0.0,0.0
2024-02-06 14:30:00-05:00,13.96500015258789,14.119999885559082,13.9350004196167,14.100000381469727,213222,0.0,0.0
2024-02-06 15:30:00-05:00,14.100000381469727,14.149999618530273,14.055000305175781,14.079999923706055,368704,0.0,0.0
2024-02-07 09:30:00-05:00,14.119999885559082,14.289999961853027,13.780500411987305,14.0,344444,0.0,0.0
2024-02-07 10:30:00-05:00,14.020000457763672,14.020000457763672,13.840100288391113,13.890000343322754,179532,0.0,0.0
2024-02-07 11:30:00-05:00,13.890000343322754,13.979999542236328,13.885000228881836,13.972000122070312,152360,0.0,0.0
2024-02-07 12:30:00-05:00,13.970000267028809,14.220000267028809,13.930000305175781,14.212400436401367,204473,0.0,0.0
2024-02-07 13:30:00-05:00,14.220000267028809,14.300000190734863,14.100000381469727,14.119999885559082,271942,0.0,0.0
2024-02-07 14:30:00-05:00,14.119999885559082,14.180000305175781,14.055000305175781,14.119999885559082,228488,0.0,0.0
2024-02-07 15:30:00-05:00,14.119999885559082,14.180000305175781,14.0600004196167,14.0600004196167,366051,0.0,0.0
2024-02-08 09:30:00-05:00,14.010000228881836,14.40999984741211,13.890000343322754,14.360799789428711,569255,0.0,0.0
2024-02-08 10:30:00-05:00,14.364999771118164,14.4399995803833,14.270000457763672,14.295000076293945,295701,0.0,0.0
2024-02-08 11:30:00-05:00,14.289999961853027,14.329999923706055,14.23009967803955,14.284000396728516,135224,0.0,0.0
2024-02-08 12:30:00-05:00,14.28499984741211,14.3100004196167,14.234999656677246,14.270000457763672,113561,0.0,0.0
2024-02-08 13:30:00-05:00,14.271200180053711,14.414999961853027,14.265000343322754,14.395000457763672,171337,0.0,0.0
2024-02-08 14:30:00-05:00,14.395000457763672,14.4399995803833,14.329999923706055,14.354999542236328,178871,0.0,0.0
2024-02-08 15:30:00-05:00,14.354999542236328,14.369999885559082,14.300000190734863,14.350000381469727,270616,0.0,0.0
2024-02-09 09:30:00-05:00,14.369999885559082,14.850000381469727,14.300000190734863,14.779999732971191,960452,0.0,0.0
2024-02-09 10:30:00-05:00,14.789999961853027,15.09000015258789,14.761199951171875,14.960000038146973,857670,0.0,0.0
2024-02-09 11:30:00-05:00,14.970000267028809,15.229999542236328,14.903599739074707,15.039999961853027,482416,0.0,0.0
2024-02-09 12:30:00-05:00,15.039999961853027,15.119999885559082,14.960000038146973,15.101499557495117,215714,0.0,0.0
2024-02-09 13:30:00-05:00,15.119999885559082,15.119999885559082,14.885000228881836,14.885000228881836,208639,0.0,0.0
2024-02-09 14:30:00-05:00,14.890000343322754,14.90999984741211,14.779999732971191,14.780200004577637,233163,0.0,0.0
2024-02-09 15:30:00-05:00,14.789999961853027,14.789999961853027,14.65999984741211,14.65999984741211,403817,0.0,0.0
2024-02-12 09:30:00-05:00,14.579999923706055,15.220000267028809,14.529999732971191,15.079999923706055,788504,0.0,0.0
2024-02-12 10:30:00-05:00,15.079999923706055,15.130000114440918,14.920000076293945,15.0,417398,0.0,0.0
2024-02-12 11:30:00-05:00,15.0,15.089900016784668,14.920000076293945,14.984999656677246,251867,0.0,0.0
2024-02-12 12:30:00-05:00,14.984999656677246,15.149999618530273,14.982199668884277,15.09000015258789,163943,0.0,0.0
2024-02-12 13:30:00-05:00,15.079999923706055,15.079999923706055,14.819999694824219,14.875,235365,0.0,0.0
2024-02-12 14:30:00-05:00,14.859999656677246,14.90999984741211,14.770000457763672,14.770000457763672,261027,0.0,0.0
2024-02-12 15:30:00-05:00,14.774999618530273,14.869999885559082,14.720000267028809,14.720000267028809,468200,0.0,0.0
2024-02-13 09:30:00-05:00,14.199999809265137,14.359999656677246,13.765000343322754,14.0600004196167,1372876,0.0,0.0
2024-02-13 10:30:00-05:00,14.050000190734863,14.1899995803833,13.9399995803833,14.164999961853027,584886,0.0,0.0
2024-02-13 11:30:00-05:00,14.160099983215332,14.225000381469727,14.095000267028809,14.14009952545166,288430,0.0,0.0
2024-02-13 12:30:00-05:00,14.145000457763672,14.399700164794922,14.145000457763672,14.351900100708008,344532,0.0,0.0
2024-02-13 13:30:00-05:00,14.354999542236328,14.359999656677246,14.210000038146973,14.220000267028809,285274,0.0,0.0
2024-02-13 14:30:00-05:00,14.220000267028809,14.279999732971191,14.100000381469727,14.109999656677246,326463,0.0,0.0
2024-02-13 15:30:00-05:00,14.109999656677246,14.229900360107422,14.100000381469727,14.15999984741211,404289,0.0,0.0
2024-02-14 09:30:00-05:00,14.329999923706055,14.404899597167969,14.129799842834473,14.140000343322754,441414,0.0,0.0
2024-02-14 10:30:00-05:00,14.140000343322754,14.248499870300293,14.0600004196167,14.17650032043457,296960,0.0,0.0
2024-02-14 11:30:00-05:00,14.170000076293945,14.1899995803833,14.050000190734863,14.150300025939941,213491,0.0,0.0
2024-02-14 12:30:00-05:00,14.158300399780273,14.345000267028809,14.109999656677246,14.3100004196167,223009,0.0,0.0
2024-02-14 13:30:00-05:00,14.319999694824219,14.430000305175781,14.210000038146973,14.278900146484375,327068,0.0,0.0
2024-02-14 14:30:00-05:00,14.279999732971191,14.378000259399414,14.265000343322754,14.3100004196167,319943,0.0,0.0
2024-02-14 15:30:00-05:00,14.31149959564209,14.430000305175781,14.244999885559082,14.430000305175781,486002,0.0,0.0
2024-02-15 09:30:00-05:00,14.539999961853027,14.75,14.449999809265137,14.510299682617188,645320,0.0,0.0
2024-02-15 10:30:00-05:00,14.510000228881836,14.529999732971191,14.229999542236328,14.34000015258789,408904,0.0,0.0
2024-02-15 11:30:00-05:00,14.329999923706055,14.454999923706055,14.229999542236328,14.385000228881836,252631,0.0,0.0
2024-02-15 12:30:00-05:00,14.385000228881836,14.409899711608887,14.300000190734863,14.409899711608887,185089,0.0,0.0
2024-02-15 13:30:00-05:00,14.404999732971191,14.425000190734863,14.3149995803833,14.395000457763672,124868,0.0,0.0
2024-02-15 14:30:00-05:00,14.395000457763672,14.489999771118164,14.34000015258789,14.460000038146973,189264,0.0,0.0
2024-02-15 15:30:00-05:00,14.460000038146973,14.529999732971191,14.414999961853027,14.5,444850,0.0,0.0
2024-02-16 09:30:00-05:00,14.460000038146973,14.53339958190918,14.234999656677246,14.335000038146973,432165,0.0,0.0
2024-02-16 10:30:00-05:00,14.329999923706055,14.369999885559082,14.265000343322754,14.345000267028809,249801,0.0,0.0
2024-02-16 11:30:00-05:00,14.345000267028809,14.460000038146973,14.300000190734863,14.45989990234375,226540,0.0,0.0
2024-02-16 12:30:00-05:00,14.454999923706055,14.454999923706055,14.319999694824219,14.359999656677246,142662,0.0,0.0
2024-02-16 13:30:00-05:00,14.364999771118164,14.380000114440918,14.324999809265137,14.359999656677246,148646,0.0,0.0
2024-02-16 14:30:00-05:00,14.364999771118164,14.364999771118164,14.1899995803833,14.21500015258789,252364,0.0,0.0
2024-02-16 15:30:00-05:00,14.21500015258789,14.25,14.100000381469727,14.109999656677246,565797,0.0,0.0
2024-02-20 09:30:00-05:00,13.979999542236328,14.047699928283691,13.420000076293945,13.444999694824219,1036831,0.0,0.0
2024-02-20 10:30:00-05:00,13.444999694824219,13.625,13.42020034790039,13.53499984741211,374216,0.0,0.0
2024-02-20 11:30:00-05:00,13.529999732971191,13.53499984741211,13.1899995803833,13.218199729919434,613427,0.0,0.0
2024-02-20 12:30:00-05:00,13.210000038146973,13.505000114440918,13.15999984741211,13.430100440979004,414497,0.0,0.0
2024-02-20 13:30:00-05:00,13.4350004196167,13.499899864196777,13.310199737548828,13.364999771118164,271994,0.0,0.0
2024-02-20 14:30:00-05:00,13.369999885559082,13.414999961853027,13.305000305175781,13.34000015258789,419130,0.0,0.0
2024-02-20 15:30:00-05:00,13.345000267028809,13.489999771118164,13.34000015258789,13.489999771118164,401291,0.0,0.0
2024-02-21 09:30:00-05:00,13.460000038146973,13.670000076293945,13.40999984741211,13.420000076293945,453217,0.0,0.0
2024-02-21 10:30:00-05:00,13.425000190734863,13.59000015258789,13.425000190734863,13.4621000289917,216369,0.0,0.0
2024-02-21 11:30:00-05:00,13.461199760437012,13.461199760437012,13.350000381469727,13.369999885559082,140519,0.0,0.0
2024-02-21 12:30:00-05:00,13.369999885559082,13.4350004196167,13.369999885559082,13.4350004196167,95559,0.0,0.0
2024-02-21 13:30:00-05:00,13.4350004196167,13.449899673461914,13.305000305175781,13.329899787902832,151171,0.0,0.0
2024-02-21 14:30:00-05:00,13.324999809265137,13.380000114440918,13.23009967803955,13.3100004196167,263016,0.0,0.0
2024-02-21 15:30:00-05:00,13.300000190734863,13.430000305175781,13.295000076293945,13.399999618530273,254918,0.0,0.0
2024-02-22 09:30:00-05:00,13.5,13.649999618530273,13.350000381469727,13.458999633789062,439420,0.0,0.0
2024-02-22 10:30:00-05:00,13.460000038146973,13.5,13.380000114440918,13.470000267028809,297896,0.0,0.0
2024-02-22 11:30:00-05:00,13.46500015258789,13.520000457763672,13.40999984741211,13.470000267028809,201367,0.0,0.0
2024-02-22 12:30:00-05:00,13.484999656677246,13.515000343322754,13.40999984741211,13.40999984741211,133024,0.0,0.0
2024-02-22 13:30:00-05:00,13.41100025177002,13.470000267028809,13.40250015258789,13.430000305175781,97845,0.0,0.0
2024-02-22 14:30:00-05:00,13.4350004196167,13.449999809265137,13.345000267028809,13.399999618530273,221999,0.0,0.0
2024-02-22 15:30:00-05:00,13.399999618530273,13.4399995803833,13.335000038146973,13.354999542236328,293076,0.0,0.0
2024-02-23 09:30:00-05:00,13.300000190734863,13.399700164794922,13.119999885559082,13.24470043182373,470760,0.0,0.0
2024-02-23 10:30:00-05:00,13.25,13.529999732971191,13.25,13.5,401302,0.0,0.0
2024-02-23 11:30:00-05:00,13.5,13.789999961853027,13.481399536132812,13.539999961853027,543146,0.0,0.0
2024-02-23 12:30:00-05:00,13.539999961853027,13.59000015258789,13.494999885559082,13.571999549865723,151645,0.0,0.0
2024-02-23 13:30:00-05:00,13.578700065612793,13.578700065612793,13.489999771118164,13.502099990844727,129235,0.0,0.0
2024-02-23 14:30:00-05:00,13.5,13.545000076293945,13.454999923706055,13.470000267028809,206201,0.0,0.0
2024-02-23 15:30:00-05:00,13.469499588012695,13.550000190734863,13.460000038146973,13.510000228881836,263669,0.0,0.0
2024-02-26 09:30:00-05:00,13.3100004196167,13.699999809265137,13.199999809265137,13.490300178527832,649258,0.0,0.0
2024-02-26 10:30:00-05:00,13.489999771118164,13.579999923706055,13.460000038146973,13.518099784851074,220570,0.0,0.0
2024-02-26 11:30:00-05:00,13.511099815368652,13.591899871826172,13.5,13.568900108337402,208285,0.0,0.0
2024-02-26 12:30:00-05:00,13.560099601745605,13.649999618530273,13.550000190734863,13.630000114440918,199194,0.0,0.0
2024-02-26 13:30:00-05:00,13.630000114440918,13.744999885559082,13.625,13.675999641418457,296388,0.0,0.0
2024-02-26 14:30:00-05:00,13.670000076293945,13.694999694824219,13.625,13.640000343322754,215483,0.0,0.0
2024-02-26 15:30:00-05:00,13.645000457763672,13.680000305175781,13.619999885559082,13.680000305175781,328517,0.0,0.0
2024-02-27 09:30:00-05:00,13.8100004196167,14.118399620056152,13.770000457763672,13.98009967803955,740541,0.0,0.0
2024-02-27 10:30:00-05:00,13.979999542236328,14.25,13.960100173950195,14.210000038146973,394565,0.0,0.0
2024-02-27 11:30:00-05:00,14.211199760437012,14.29010009765625,14.0600004196167,14.060999870300293,384081,0.0,0.0
2024-02-27 12:30:00-05:00,14.0600004196167,14.079999923706055,13.899999618530273,13.9350004196167,253964,0.0,0.0
2024-02-27 13:30:00-05:00,13.930000305175781,14.039999961853027,13.930000305175781,14.035400390625,128032,0.0,0.0
2024-02-27 14:30:00-05:00,14.03499984741211,14.130000114440918,13.949999809265137,14.125,238025,0.0,0.0
2024-02-27 15:30:00-05:00,14.119999885559082,14.229999542236328,14.100000381469727,14.199999809265137,333320,0.0,0.0
2024-02-28 09:30:00-05:00,14.0,14.369999885559082,13.890000343322754,14.225000381469727,784649,0.0,0.0
2024-02-28 10:30:00-05:00,14.220000267028809,14.470000267028809,14.210000038146973,14.369999885559082,266963,0.0,0.0
2024-02-28 11:30:00-05:00,14.360099792480469,14.460000038146973,14.289999961853027,14.329999923706055,187305,0.0,0.0
2024-02-28 12:30:00-05:00,14.319999694824219,14.319999694824219,14.164999961853027,14.244999885559082,214313,0.0,0.0
2024-02-28 13:30:00-05:00,14.25,14.250100135803223,14.029999732971191,14.069999694824219,187615,0.0,0.0
2024-02-28 14:30:00-05:00,14.0600004196167,14.135000228881836,14.010000228881836,14.0649995803833,199104,0.0,0.0
2024-02-28 15:30:00-05:00,14.0600004196167,14.25,14.055000305175781,14.25,377942,0.0,0.0
2024-02-29 09:30:00-05:00,14.34000015258789,14.649999618530273,14.270000457763672,14.390000343322754,554547,0.0,0.0
2024-02-29 10:30:00-05:00,14.399999618530273,14.430000305175781,14.081999778747559,14.085000038146973,252088,0.0,0.0
2024-02-29 11:30:00-05:00,14.085000038146973,14.329999923706055,14.050000190734863,14.1899995803833,350251,0.0,0.0
2024-02-29 12:30:00-05:00,14.199899673461914,14.225000381469727,14.029999732971191,14.140000343322754,207178,0.0,0.0
2024-02-29 13:30:00-05:00,14.140000343322754,14.180000305175781,14.081199645996094,14.100000381469727,116066,0.0,0.0
2024-02-29 14:30:00-05:00,14.109999656677246,14.229999542236328,14.072500228881836,14.1899995803833,214667,0.0,0.0
2024-02-29 15:30:00-05:00,14.199999809265137,14.329999923706055,14.175000190734863,14.239999771118164,480970,0.0,0.0
2024-03-01 09:30:00-05:00,14.180000305175781,14.295000076293945,13.991000175476074,14.29419994354248,486110,0.0,0.0
2024-03-01 10:30:00-05:00,14.300000190734863,14.375,14.251700401306152,14.338000297546387,314519,0.0,0.0
2024-03-01 11:30:00-05:00,14.335000038146973,14.35200023651123,14.283699989318848,14.3149995803833,160256,0.0,0.0
2024-03-01 12:30:00-05:00,14.3149995803833,14.425000190734863,14.28499984741211,14.399999618530273,213808,0.0,0.0
2024-03-01 13:30:00-05:00,14.395000457763672,15.09000015258789,14.390000343322754,14.944999694824219,2239795,0.0,0.0
2024-03-01 14:30:00-05:00,14.949999809265137,14.954999923706055,14.740099906921387,14.795700073242188,536848,0.0,0.0
2024-03-01 15:30:00-05:00,14.800000190734863,14.949999809265137,14.720000267028809,14.949999809265137,582936,0.0,0.0
2024-03-04 09:30:00-05:00,14.930000305175781,15.588500022888184,14.829999923706055,15.048800468444824,1691299,0.0,0.0
2024-03-04 10:30:00-05:00,15.0423002243042,15.300000190734863,14.960000038146973,15.210000038146973,542972,0.0,0.0
2024-03-04 11:30:00-05:00,15.210000038146973,15.3100004196167,15.039999961853027,15.067099571228027,515036,0.0,0.0
2024-03-04 12:30:00-05:00,15.069999694824219,15.079999923706055,14.84000015258789,14.979999542236328,308976,0.0,0.0
2024-03-04 13:30:00-05:00,14.979999542236328,15.050000190734863,14.960000038146973,15.0,201848,0.0,0.0
2024-03-04 14:30:00-05:00,15.010000228881836,15.260000228881836,15.010000228881836,15.114999771118164,411461,0.0,0.0
2024-03-04 15:30:00-05:00,15.114999771118164,15.234999656677246,15.109999656677246,15.229999542236328,533404,0.0,0.0
2024-03-05 09:30:00-05:00,14.949999809265137,15.199999809265137,14.84000015258789,14.9350004196167,643068,0.0,0.0
2024-03-05 10:30:00-05:00,14.930000305175781,14.949999809265137,14.779999732971191,14.859999656677246,341719,0.0,0.0
2024-03-05 11:30:00-05:00,14.859999656677246,15.279999732971191,14.779999732971191,15.229900360107422,938617,0.0,0.0
2024-03-05 12:30:00-05:00,15.222100257873535,15.229999542236328,15.050000190734863,15.100000381469727,247601,0.0,0.0
2024-03-05 13:30:00-05:00,15.100000381469727,15.255000114440918,15.069999694824219,15.09000015258789,263987,0.0,0.0
2024-03-05 14:30:00-05:00,15.079999923706055,15.15999984741211,14.859999656677246,14.979999542236328,257339,0.0,0.0
2024-03-05 15:30:00-05:00,14.979999542236328,15.050000190734863,14.975000381469727,15.0,329500,0.0,0.0
2024-03-06 09:30:00-05:00,15.220000267028809,15.289899826049805,14.9399995803833,15.060700416564941,543797,0.0,0.0
2024-03-06 10:30:00-05:00,15.0600004196167,15.510000228881836,15.045000076293945,15.399999618530273,620167,0.0,0.0
2024-03-06 11:30:00-05:00,15.40999984741211,15.862000465393066,15.279999732971191,15.774999618530273,811650,0.0,0.0
2024-03-06 12:30:00-05:00,15.774999618530273,15.885000228881836,15.630000114440918,15.800000190734863,554752,0.0,0.0
2024-03-06 13:30:00-05:00,15.795000076293945,15.797499656677246,15.370100021362305,15.470000267028809,475246,0.0,0.0
2024-03-06 14:30:00-05:00,15.479999542236328,15.489999771118164,15.34000015258789,15.369999885559082,265697,0.0,0.0
2024-03-06 15:30:00-05:00,15.380000114440918,15.385000228881836,15.210000038146973,15.260000228881836,381796,0.0,0.0
2024-03-07 09:30:00-05:00,15.260000228881836,15.510000228881836,15.050000190734863,15.109999656677246,549988,0.0,0.0
2024-03-07 10:30:00-05:00,15.125,15.279999732971191,15.050000190734863,15.225000381469727,289420,0.0,0.0
2024-03-07 11:30:00-05:00,15.229999542236328,15.329999923706055,15.129799842834473,15.1899995803833,209219,0.0,0.0
2024-03-07 12:30:00-05:00,15.180000305175781,15.380000114440918,15.170100212097168,15.380000114440918,152910,0.0,0.0
2024-03-07 13:30:00-05:00,15.369999885559082,15.375,15.229999542236328,15.329999923706055,215814,0.0,0.0
2024-03-07 14:30:00-05:00,15.324999809265137,15.324999809265137,15.239999771118164,15.279999732971191,209016,0.0,0.0
2024-03-07 15:30:00-05:00,15.279999732971191,15.300000190734863,15.145000457763672,15.25,359300,0.0,0.0
2024-03-08 09:30:00-05:00,15.399999618530273,15.630000114440918,15.180000305175781,15.260000228881836,627026,0.0,0.0
2024-03-08 10:30:00-05:00,15.270000457763672,15.319999694824219,14.920000076293945,14.949999809265137,475669,0.0,0.0
2024-03-08 11:30:00-05:00,14.959799766540527,15.095000267028809,14.939000129699707,15.039999961853027,315024,0.0,0.0
2024-03-08 12:30:00-05:00,15.04170036315918,15.114999771118164,14.890000343322754,14.904999732971191,235509,0.0,0.0
2024-03-08 13:30:00-05:00,14.899999618530273,14.899999618530273,14.6899995803833,14.694999694824219,427181,0.0,0.0
2024-03-08 14:30:00-05:00,14.694999694824219,14.779899597167969,14.569999694824219,14.569999694824219,391694,0.0,0.0
2024-03-08 15:30:00-05:00,14.569999694824219,14.680000305175781,14.515000343322754,14.630000114440918,578237,0.0,0.0
2024-03-11 09:30:00-04:00,14.640000343322754,14.9399995803833,14.5600004196167,14.609999656677246,667475,0.0,0.0
2024-03-11 10:30:00-04:00,14.619999885559082,14.729999542236328,14.399999618530273,14.484999656677246,376554,0.0,0.0
2024-03-11 11:30:00-04:00,14.460000038146973,14.600000381469727,14.40999984741211,14.5600004196167,213570,0.0,0.0
2024-03-11 12:30:00-04:00,14.569999694824219,14.591899871826172,14.520000457763672,14.5649995803833,114459,0.0,0.0
2024-03-11 13:30:00-04:00,14.562800407409668,14.579700469970703,14.489999771118164,14.505000114440918,124969,0.0,0.0
2024-03-11 14:30:00-04:00,14.5,14.510000228881836,14.399999618530273,14.40999984741211,173699,0.0,0.0
2024-03-11 15:30:00-04:00,14.399999618530273,14.470000267028809,14.359999656677246,14.420000076293945,324751,0.0,0.0
2024-03-12 09:30:00-04:00,14.350000381469727,14.510000228881836,14.09000015258789,14.369999885559082,570989,0.0,0.0
2024-03-12 10:30:00-04:00,14.369999885559082,14.530099868774414,14.350000381469727,14.510000228881836,192322,0.0,0.0
2024-03-12 11:30:00-04:00,14.519800186157227,14.519800186157227,14.395000457763672,14.4399995803833,227991,0.0,0.0
2024-03-12 12:30:00-04:00,14.444999694824219,14.5600004196167,14.420000076293945,14.53499984741211,258722,0.0,0.0
2024-03-12 13:30:00-04:00,14.53499984741211,14.835000038146973,14.529999732971191,14.829999923706055,358311,0.0,0.0
2024-03-12 14:30:00-04:00,14.829999923706055,14.829999923706055,14.630999565124512,14.640000343322754,290690,0.0,0.0
2024-03-12 15:30:00-04:00,14.645000457763672,14.789999961853027,14.645000457763672,14.729999542236328,355601,0.0,0.0
2024-03-13 09:30:00-04:00,14.6899995803833,15.1850004196167,14.619999885559082,14.890000343322754,708820,0.0,0.0
2024-03-13 10:30:00-04:00,14.890000343322754,15.130000114440918,14.869999885559082,15.0600004196167,408540,0.0,0.0
2024-03-13 11:30:00-04:00,15.0600004196167,15.199999809265137,14.979999542236328,15.114999771118164,305184,0.0,0.0
2024-03-13 12:30:00-04:00,15.109999656677246,15.180000305175781,14.9399995803833,14.960000038146973,285310,0.0,0.0
2024-03-13 13:30:00-04:00,14.970000267028809,15.0600004196167,14.864999771118164,15.015000343322754,280513,0.0,0.0
2024-03-13 14:30:00-04:00,15.020000457763672,15.060099601745605,14.890000343322754,14.914999961853027,236448,0.0,0.0
2024-03-13 15:30:00-04:00,14.920000076293945,14.949999809265137,14.859999656677246,14.869999885559082,412072,0.0,0.0
2024-03-14 09:30:00-04:00,14.800000190734863,15.020000457763672,14.640000343322754,14.789999961853027,513764,0.0,0.0
2024-03-14 10:30:00-04:00,14.78499984741211,14.819999694824219,14.53499984741211,14.539999961853027,333109,0.0,0.0
2024-03-14 11:30:00-04:00,14.539999961853027,14.789999961853027,14.539999961853027,14.725000381469727,324649,0.0,0.0
2024-03-14 12:30:00-04:00,14.720000267028809,14.729999542236328,14.59000015258789,14.609999656677246,198040,0.0,0.0
2024-03-14 13:30:00-04:00,14.600000381469727,14.654999732971191,14.541199684143066,14.559900283813477,254571,0.0,0.0
2024-03-14 14:30:00-04:00,14.5600004196167,14.59000015258789,14.399999618530273,14.460000038146973,327157,0.0,0.0
2024-03-14 15:30:00-04:00,14.460000038146973,14.649999618530273,14.40999984741211,14.630000114440918,388199,0.0,0.0
2024-03-15 09:30:00-04:00,14.550000190734863,14.829999923706055,14.359999656677246,14.364999771118164,527500,0.0,0.0
2024-03-15 10:30:00-04:00,14.359999656677246,14.5600004196167,14.335000038146973,14.475000381469727,394200,0.0,0.0
2024-03-15 11:30:00-04:00,14.470100402832031,14.470100402832031,14.34000015258789,14.430000305175781,217256,0.0,0.0
2024-03-15 12:30:00-04:00,14.430000305175781,14.475000381469727,14.350000381469727,14.390000343322754,246999,0.0,0.0
2024-03-15 13:30:00-04:00,14.390000343322754,14.5,14.380000114440918,14.470000267028809,174265,0.0,0.0
2024-03-15 14:30:00-04:00,14.460000038146973,14.470000267028809,14.260000228881836,14.345000267028809,359668,0.0,0.0
2024-03-15 15:30:00-04:00,14.345000267028809,14.350000381469727,14.210000038146973,14.260000228881836,802103,0.0,0.0
2024-03-18 09:30:00-04:00,14.25,14.300000190734863,13.899999618530273,14.1899995803833,1069456,0.0,0.0
2024-03-18 10:30:00-04:00,14.180000305175781,14.210000038146973,14.058799743652344,14.0649995803833,354040,0.0,0.0
2024-03-18 11:30:00-04:00,14.0600004196167,14.069999694824219,13.961700439453125,14.039199829101562,298216,0.0,0.0
2024-03-18 12:30:00-04:00,14.03499984741211,14.09000015258789,13.970000267028809,14.005000114440918,252250,0.0,0.0
2024-03-18 13:30:00-04:00,14.00100040435791,14.020000457763672,13.925000190734863,13.970000267028809,341123,0.0,0.0
2024-03-18 14:30:00-04:00,13.970000267028809,14.100000381469727,13.949999809265137,13.989999771118164,241252,0.0,0.0
2024-03-18 15:30:00-04:00,13.979999542236328,13.989999771118164,13.899999618530273,13.899999618530273,568897,0.0,0.0
2024-03-19 09:30:00-04:00,13.760000228881836,13.894000053405762,13.5,13.510000228881836,786129,0.0,0.0
2024-03-19 10:30:00-04:00,13.510000228881836,13.720000267028809,13.5,13.680000305175781,441167,0.0,0.0
2024-03-19 11:30:00-04:00,13.682299613952637,13.739999771118164,13.53380012512207,13.604999542236328,381195,0.0,0.0
2024-03-19 12:30:00-04:00,13.609999656677246,13.71500015258789,13.59000015258789,13.689900398254395,296157,0.0,0.0
2024-03-19 13:30:00-04:00,13.6899995803833,13.704999923706055,13.529999732971191,13.53499984741211,235378,0.0,0.0
2024-03-19 14:30:00-04:00,13.539999961853027,13.539999961853027,13.300000190734863,13.390000343322754,535904,0.0,0.0
2024-03-19 15:30:00-04:00,13.385000228881836,13.5,13.369999885559082,13.399999618530273,790484,0.0,0.0
2024-03-20 09:30:00-04:00,13.470000267028809,13.559800148010254,13.3100004196167,13.399999618530273,500667,0.0,0.0
2024-03-20 10:30:00-04:00,13.399999618530273,13.529999732971191,13.390000343322754,13.4350004196167,369519,0.0,0.0
2024-03-20 11:30:00-04:00,13.431699752807617,13.470000267028809,13.321999549865723,13.335000038146973,216887,0.0,0.0
2024-03-20 12:30:00-04:00,13.319999694824219,13.329999923706055,13.239999771118164,13.260000228881836,284838,0.0,0.0
2024-03-20 13:30:00-04:00,13.258199691772461,13.5,13.210000038146973,13.300000190734863,414341,0.0,0.0
2024-03-20 14:30:00-04:00,13.3100004196167,13.78969955444336,13.229999542236328,13.489999771118164,697249,0.0,0.0
2024-03-20 15:30:00-04:00,13.494999885559082,13.569999694824219,13.449999809265137,13.510000228881836,544919,0.0,0.0
2024-03-21 09:30:00-04:00,13.5600004196167,13.760000228881836,13.479999542236328,13.736800193786621,601699,0.0,0.0
2024-03-21 10:30:00-04:00,13.746899604797363,14.020000457763672,13.6899995803833,13.85990047454834,852280,0.0,0.0
2024-03-21 11:30:00-04:00,13.859999656677246,14.010000228881836,13.824899673461914,13.949999809265137,416928,0.0,0.0
2024-03-21 12:30:00-04:00,13.949999809265137,13.994999885559082,13.779999732971191,13.84000015258789,353402,0.0,0.0
2024-03-21 13:30:00-04:00,13.8302001953125,13.859999656677246,13.645000457763672,13.684000015258789,247998,0.0,0.0
2024-03-21 14:30:00-04:00,13.680100440979004,13.704999923706055,13.539999961853027,13.640000343322754,335625,0.0,0.0
2024-03-21 15:30:00-04:00,13.630999565124512,13.6850004196167,13.569999694824219,13.640000343322754,348656,0.0,0.0
2024-03-22 09:30:00-04:00,13.760000228881836,13.949999809265137,13.45989990234375,13.489999771118164,592568,0.0,0.0
2024-03-22 10:30:00-04:00,13.489999771118164,13.5,13.359999656677246,13.4399995803833,362748,0.0,0.0
2024-03-22 11:30:00-04:00,13.4399995803833,13.4399995803833,13.319999694824219,13.40999984741211,487103,0.0,0.0
2024-03-22 12:30:00-04:00,13.399999618530273,13.40999984741211,13.3100004196167,13.399999618530273,446061,0.0,0.0
2024-03-22 13:30:00-04:00,13.395000457763672,13.399999618530273,13.210000038146973,13.239899635314941,617168,0.0,0.0
2024-03-22 14:30:00-04:00,13.229999542236328,13.25,13.039999961853027,13.085000038146973,650053,0.0,0.0
2024-03-22 15:30:00-04:00,13.079999923706055,13.1850004196167,13.010000228881836,13.100000381469727,859018,0.0,0.0
2024-03-25 09:30:00-04:00,13.420000076293945,14.579999923706055,13.312100410461426,13.819999694824219,2984860,0.0,0.0
2024-03-25 10:30:00-04:00,13.829999923706055,14.140000343322754,13.789999961853027,14.045000076293945,913927,0.0,0.0
2024-03-25 11:30:00-04:00,14.045000076293945,14.904999732971191,14.045000076293945,14.734999656677246,1590678,0.0,0.0
2024-03-25 12:30:00-04:00,14.739999771118164,14.845000267028809,14.579899787902832,14.73009967803955,1028977,0.0,0.0
2024-03-25 13:30:00-04:00,14.729999542236328,14.960000038146973,14.609999656677246,14.815999984741211,928064,0.0,0.0
2024-03-25 14:30:00-04:00,14.8100004196167,14.9350004196167,14.800000190734863,14.88010025024414,651938,0.0,0.0
2024-03-25 15:30:00-04:00,14.885000228881836,15.147899627685547,14.850000381469727,15.130000114440918,1451235,0.0,0.0
2024-03-26 09:30:00-04:00,15.149999618530273,15.600000381469727,14.860099792480469,15.274999618530273,3165536,0.0,0.0
2024-03-26 10:30:00-04:00,15.270000457763672,15.270000457763672,14.75,15.03499984741211,1619495,0.0,0.0
2024-03-26 11:30:00-04:00,15.039999961853027,15.109999656677246,14.84000015258789,14.920000076293945,924793,0.0,0.0
2024-03-26 12:30:00-04:00,14.920000076293945,15.15999984741211,14.920000076293945,15.139699935913086,1043368,0.0,0.0
2024-03-26 13:30:00-04:00,15.135000228881836,15.399999618530273,15.039999961853027,15.359999656677246,1005195,0.0,0.0
2024-03-26 14:30:00-04:00,15.350000381469727,15.399999618530273,15.050000190734863,15.069999694824219,1736338,0.0,0.0
2024-03-26 15:30:00-04:00,15.069999694824219,15.630000114440918,14.899999618530273,15.550000190734863,3296252,0.0,0.0
2024-03-27 09:30:00-04:00,13.050000190734863,13.720000267028809,12.800000190734863,13.229999542236328,7979475,0.0,0.0
2024-03-27 10:30:00-04:00,13.229999542236328,13.3100004196167,12.850000381469727,13.154999732971191,3266887,0.0,0.0
2024-03-27 11:30:00-04:00,13.154999732971191,13.470000267028809,13.109999656677246,13.300000190734863,1889631,0.0,0.0
2024-03-27 12:30:00-04:00,13.300000190734863,13.34000015258789,13.0600004196167,13.069999694824219,939555,0.0,0.0
2024-03-27 13:30:00-04:00,13.0649995803833,13.1899995803833,13.039999961853027,13.139900207519531,909764,0.0,0.0
2024-03-27 14:30:00-04:00,13.13010025024414,13.270000457763672,13.109999656677246,13.204999923706055,927102,0.0,0.0
2024-03-27 15:30:00-04:00,13.202300071716309,13.225000381469727,13.0600004196167,13.170000076293945,1503990,0.0,0.0
2024-03-28 09:30:00-04:00,13.1899995803833,13.1899995803833,12.75,12.789999961853027,1974215,0.0,0.0
2024-03-28 10:30:00-04:00,12.795000076293945,12.920000076293945,12.680000305175781,12.699999809265137,1339355,0.0,0.0
2024-03-28 11:30:00-04:00,12.704999923706055,12.749199867248535,12.510000228881836,12.510100364685059,1378087,0.0,0.0
2024-03-28 12:30:00-04:00,12.520000457763672,12.65999984741211,12.5,12.5447998046875,757804,0.0,0.0
2024-03-28 13:30:00-04:00,12.550000190734863,12.5600004196167,12.510000228881836,12.515000343322754,435071,0.0,0.0
2024-03-28 14:30:00-04:00,12.510499954223633,12.649999618530273,12.479999542236328,12.515000343322754,1115933,0.0,0.0
2024-03-28 15:30:00-04:00,12.510000228881836,12.569999694824219,12.470000267028809,12.515000343322754,1130730,0.0,0.0
2024-04-01 09:30:00-04:00,12.630000114440918,12.670000076293945,11.880000114440918,11.895000457763672,2416459,0.0,0.0
2024-04-01 10:30:00-04:00,11.899200439453125,11.904999732971191,11.71500015258789,11.845000267028809,1343270,0.0,0.0
2024-04-01 11:30:00-04:00,11.845000267028809,11.869999885559082,11.609999656677246,11.689900398254395,1065843,0.0,0.0
2024-04-01 12:30:00-04:00,11.6850004196167,11.8100004196167,11.545000076293945,11.760000228881836,1101585,0.0,0.0
2024-04-01 13:30:00-04:00,11.755000114440918,12.050000190734863,11.71500015258789,11.885000228881836,835392,0.0,0.0
2024-04-01 14:30:00-04:00,11.890000343322754,12.029999732971191,11.84000015258789,12.005000114440918,765421,0.0,0.0
2024-04-01 15:30:00-04:00,12.010000228881836,12.109999656677246,11.913999557495117,11.989999771118164,990954,0.0,0.0
2024-04-02 09:30:00-04:00,11.84000015258789,11.989999771118164,11.600000381469727,11.640000343322754,1301347,0.0,0.0
2024-04-02 10:30:00-04:00,11.6427001953125,11.678400039672852,11.539999961853027,11.625,806156,0.0,0.0
2024-04-02 11:30:00-04:00,11.619999885559082,11.630000114440918,11.449999809265137,11.460000038146973,780675,0.0,0.0
2024-04-02 12:30:00-04:00,11.461999893188477,11.5600004196167,11.460000038146973,11.494999885559082,522964,0.0,0.0
2024-04-02 13:30:00-04:00,11.489999771118164,11.5,11.430000305175781,11.4399995803833,522657,0.0,0.0
2024-04-02 14:30:00-04:00,11.444999694824219,11.454999923706055,11.350000381469727,11.359999656677246,634825,0.0,0.0
2024-04-02 15:30:00-04:00,11.350000381469727,11.369999885559082,11.260000228881836,11.260000228881836,1212368,0.0,0.0
2024-04-03 09:30:00-04:00,11.220000267028809,11.300000190734863,10.899999618530273,11.135000228881836,1576175,0.0,0.0
2024-04-03 10:30:00-04:00,11.135000228881836,11.234999656677246,11.069999694824219,11.164999961853027,450691,0.0,0.0
2024-04-03 11:30:00-04:00,11.170000076293945,11.279999732971191,11.149999618530273,11.154999732971191,364311,0.0,0.0
2024-04-03 12:30:00-04:00,11.154999732971191,11.385000228881836,11.079999923706055,11.364999771118164,393653,0.0,0.0
2024-04-03 13:30:00-04:00,11.364999771118164,11.420000076293945,11.34000015258789,11.345000267028809,321387,0.0,0.0
2024-04-03 14:30:00-04:00,11.350000381469727,11.380000114440918,11.3100004196167,11.364999771118164,316910,0.0,0.0
2024-04-03 15:30:00-04:00,11.364999771118164,11.5,11.364999771118164,11.380000114440918,665064,0.0,0.0
2024-04-04 09:30:00-04:00,11.5,11.760000228881836,11.379899978637695,11.755000114440918,888626,0.0,0.0
2024-04-04 10:30:00-04:00,11.755000114440918,11.789999961853027,11.630000114440918,11.720000267028809,547703,0.0,0.0
2024-04-04 11:30:00-04:00,11.725000381469727,11.774999618530273,11.699999809265137,11.725000381469727,337641,0.0,0.0
2024-04-04 12:30:00-04:00,11.725000381469727,11.819999694824219,11.699999809265137,11.819999694824219,313960,0.0,0.0
2024-04-04 13:30:00-04:00,11.819700241088867,11.824999809265137,11.675000190734863,11.704999923706055,562104,0.0,0.0
2024-04-04 14:30:00-04:00,11.704999923706055,11.729999542236328,11.609999656677246,11.694999694824219,751964,0.0,0.0
2024-04-04 15:30:00-04:00,11.694999694824219,11.71500015258789,11.5,11.515000343322754,688409,0.0,0.0
2024-04-05 09:30:00-04:00,11.300000190734863,11.359999656677246,10.970000267028809,11.069999694824219,1532414,0.0,0.0
2024-04-05 10:30:00-04:00,11.069999694824219,11.380000114440918,11.0600004196167,11.364999771118164,924124,0.0,0.0
2024-04-05 11:30:00-04:00,11.359999656677246,11.5,11.350000381469727,11.375,460293,0.0,0.0
2024-04-05 12:30:00-04:00,11.380000114440918,11.449999809265137,11.329999923706055,11.34000015258789,292613,0.0,0.0
2024-04-05 13:30:00-04:00,11.350000381469727,11.398799896240234,11.210000038146973,11.210000038146973,338694,0.0,0.0
2024-04-05 14:30:00-04:00,11.199999809265137,11.295000076293945,11.1899995803833,11.28499984741211,362676,0.0,0.0
2024-04-05 15:30:00-04:00,11.279999732971191,11.329999923706055,11.229999542236328,11.25,627897,0.0,0.0
2024-04-08 09:30:00-04:00,11.300000190734863,11.329999923706055,10.9399995803833,11.09000015258789,806291,0.0,0.0
2024-04-08 10:30:00-04:00,11.085000038146973,11.170000076293945,10.970000267028809,10.975000381469727,517145,0.0,0.0
2024-04-08 11:30:00-04:00,10.970000267028809,11.010000228881836,10.920000076293945,10.989999771118164,363166,0.0,0.0
2024-04-08 12:30:00-04:00,10.989999771118164,11.020000457763672,10.949999809265137,10.979999542236328,295715,0.0,0.0
2024-04-08 13:30:00-04:00,10.976699829101562,11.045000076293945,10.970000267028809,10.989999771118164,260127,0.0,0.0
2024-04-08 14:30:00-04:00,10.989999771118164,11.029999732971191,10.960000038146973,10.989999771118164,213134,0.0,0.0
2024-04-08 15:30:00-04:00,10.989999771118164,10.994999885559082,10.84000015258789,10.84000015258789,821765,0.0,0.0
2024-04-09 09:30:00-04:00,10.850000381469727,11.029999732971191,10.729999542236328,10.920000076293945,759972,0.0,0.0
2024-04-09 10:30:00-04:00,10.925000190734863,11.175000190734863,10.880000114440918,11.024999618530273,752761,0.0,0.0
2024-04-09 11:30:00-04:00,11.020299911499023,11.130000114440918,11.012900352478027,11.058500289916992,232136,0.0,0.0
2024-04-09 12:30:00-04:00,11.055000305175781,11.119999885559082,11.0,11.085000038146973,256214,0.0,0.0
2024-04-09 13:30:00-04:00,11.085000038146973,11.09000015258789,10.973999977111816,10.973999977111816,201014,0.0,0.0
2024-04-09 14:30:00-04:00,10.975000381469727,10.99269962310791,10.859999656677246,10.954999923706055,325967,0.0,0.0
2024-04-09 15:30:00-04:00,10.949999809265137,11.069999694824219,10.9399995803833,11.010000228881836,724367,0.0,0.0
2024-04-10 09:30:00-04:00,10.899999618530273,11.069999694824219,10.789999961853027,10.925000190734863,1069913,0.0,0.0
2024-04-10 10:30:00-04:00,10.925000190734863,10.989999771118164,10.829999923706055,10.895000457763672,343790,0.0,0.0
2024-04-10 11:30:00-04:00,10.890000343322754,10.914999961853027,10.8100004196167,10.839799880981445,311932,0.0,0.0
2024-04-10 12:30:00-04:00,10.835000038146973,10.949899673461914,10.800000190734863,10.819999694824219,307639,0.0,0.0
2024-04-10 13:30:00-04:00,10.819999694824219,10.975000381469727,10.750100135803223,10.845000267028809,542872,0.0,0.0
2024-04-10 14:30:00-04:00,10.84000015258789,10.925000190734863,10.800000190734863,10.895000457763672,295242,0.0,0.0
2024-04-10 15:30:00-04:00,10.89009952545166,10.9350004196167,10.84000015258789,10.850000381469727,469315,0.0,0.0
2024-04-11 09:30:00-04:00,10.90999984741211,11.0600004196167,10.850000381469727,10.880000114440918,581114,0.0,0.0
2024-04-11 10:30:00-04:00,10.885700225830078,10.970000267028809,10.800000190734863,10.829999923706055,345476,0.0,0.0
2024-04-11 11:30:00-04:00,10.82979965209961,11.0,10.819999694824219,10.914999961853027,344548,0.0,0.0
2024-04-11 12:30:00-04:00,10.90999984741211,11.3149995803833,10.895000457763672,11.232000350952148,806567,0.0,0.0
2024-04-11 13:30:00-04:00,11.229999542236328,11.319999694824219,11.210000038146973,11.279999732971191,472762,0.0,0.0
2024-04-11 14:30:00-04:00,11.270000457763672,11.319999694824219,11.239999771118164,11.319999694824219,411535,0.0,0.0
2024-04-11 15:30:00-04:00,11.319999694824219,11.390000343322754,11.279999732971191,11.289999961853027,623012,0.0,0.0
2024-04-12 09:30:00-04:00,11.210000038146973,11.229999542236328,10.969900131225586,11.119999885559082,524923,0.0,0.0
2024-04-12 10:30:00-04:00,11.109999656677246,11.170000076293945,11.010000228881836,11.146100044250488,400834,0.0,0.0
2024-04-12 11:30:00-04:00,11.146900177001953,11.1899995803833,11.079999923706055,11.12030029296875,275285,0.0,0.0
2024-04-12 12:30:00-04:00,11.119999885559082,11.130000114440918,10.979999542236328,10.999899864196777,422899,0.0,0.0
2024-04-12 13:30:00-04:00,10.989999771118164,11.045000076293945,10.960000038146973,10.967399597167969,235680,0.0,0.0
2024-04-12 14:30:00-04:00,10.960000038146973,10.96500015258789,10.850000381469727,10.859999656677246,394940,0.0,0.0
2024-04-12 15:30:00-04:00,10.859999656677246,10.890000343322754,10.760000228881836,10.770000457763672,675194,0.0,0.0
2024-04-15 09:30:00-04:00,10.8100004196167,10.84000015258789,10.34000015258789,10.350000381469727,1177818,0.0,0.0
2024-04-15 10:30:00-04:00,10.350000381469727,10.359999656677246,10.130000114440918,10.274999618530273,983528,0.0,0.0
2024-04-15 11:30:00-04:00,10.279899597167969,10.345000267028809,10.180000305175781,10.199899673461914,332587,0.0,0.0
2024-04-15 12:30:00-04:00,10.194999694824219,10.229999542236328,10.119999885559082,10.128199577331543,372369,0.0,0.0
2024-04-15 13:30:00-04:00,10.121800422668457,10.220000267028809,10.100000381469727,10.175000190734863,534840,0.0,0.0
2024-04-15 14:30:00-04:00,10.170000076293945,10.25,10.130000114440918,10.13010025024414,589625,0.0,0.0
2024-04-15 15:30:00-04:00,10.140000343322754,10.149700164794922,10.0600004196167,10.069999694824219,798675,0.0,0.0
2024-04-16 09:30:00-04:00,10.0,10.319999694824219,9.949999809265137,10.199999809265137,996697,0.0,0.0
2024-04-16 10:30:00-04:00,10.199999809265137,10.380000114440918,10.15999984741211,10.239999771118164,534644,0.0,0.0
2024-04-16 11:30:00-04:00,10.230899810791016,10.420000076293945,10.220000267028809,10.380000114440918,397711,0.0,0.0
2024-04-16 12:30:00-04:00,10.390000343322754,10.40999984741211,10.239999771118164,10.239999771118164,332676,0.0,0.0
2024-04-16 13:30:00-04:00,10.239999771118164,10.4399995803833,10.1850004196167,10.3100004196167,486594,0.0,0.0
2024-04-16 14:30:00-04:00,10.317299842834473,10.390000343322754,10.300000190734863,10.369999885559082,274454,0.0,0.0
2024-04-16 15:30:00-04:00,10.369999885559082,10.550000190734863,10.350000381469727,10.369999885559082,741616,0.0,0.0
2024-04-17 09:30:00-04:00,10.4399995803833,10.59000015258789,10.352100372314453,10.489999771118164,481420,0.0,0.0
2024-04-17 10:30:00-04:00,10.489999771118164,10.5,10.34000015258789,10.385000228881836,299254,0.0,0.0
2024-04-17 11:30:00-04:00,10.385000228881836,10.555000305175781,10.38010025024414,10.475000381469727,248519,0.0,0.0
2024-04-17 12:30:00-04:00,10.475000381469727,10.5,10.432100296020508,10.46500015258789,132616,0.0,0.0
2024-04-17 13:30:00-04:00,10.470000267028809,10.484999656677246,10.40999984741211,10.4350004196167,178810,0.0,0.0
2024-04-17 14:30:00-04:00,10.430000305175781,10.475000381469727,10.329999923706055,10.343700408935547,165529,0.0,0.0
2024-04-17 15:30:00-04:00,10.349900245666504,10.369999885559082,10.300000190734863,10.3100004196167,390939,0.0,0.0
2024-04-18 09:30:00-04:00,10.319999694824219,10.430000305175781,10.270000457763672,10.420000076293945,314664,0.0,0.0
2024-04-18 10:30:00-04:00,10.420000076293945,10.625,10.390000343322754,10.505000114440918,499707,0.0,0.0
2024-04-18 11:30:00-04:00,10.5,10.539999961853027,10.449999809265137,10.505000114440918,195755,0.0,0.0
2024-04-18 12:30:00-04:00,10.510000228881836,10.520000457763672,10.40999984741211,10.489999771118164,228275,0.0,0.0
2024-04-18 13:30:00-04:00,10.489999771118164,10.489999771118164,10.345000267028809,10.369999885559082,225041,0.0,0.0
2024-04-18 14:30:00-04:00,10.369999885559082,10.390000343322754,10.335000038146973,10.359999656677246,193510,0.0,0.0
2024-04-18 15:30:00-04:00,10.359999656677246,10.364999771118164,10.289999961853027,10.3100004196167,343901,0.0,0.0
2024-04-19 09:30:00-04:00,10.199999809265137,10.399999618530273,10.199999809265137,10.289999961853027,405693,0.0,0.0
2024-04-19 10:30:00-04:00,10.289999961853027,10.449999809265137,10.279999732971191,10.401399612426758,329496,0.0,0.0
2024-04-19 11:30:00-04:00,10.399999618530273,10.479999542236328,10.34000015258789,10.345000267028809,224729,0.0,0.0
2024-04-19 12:30:00-04:00,10.345999717712402,10.430000305175781,10.34000015258789,10.364999771118164,157974,0.0,0.0
2024-04-19 13:30:00-04:00,10.369999885559082,10.494999885559082,10.35990047454834,10.408499717712402,291901,0.0,0.0
2024-04-19 14:30:00-04:00,10.404999732971191,10.430000305175781,10.350099563598633,10.40999984741211,322614,0.0,0.0
2024-04-19 15:30:00-04:00,10.404999732971191,10.470000267028809,10.359999656677246,10.40999984741211,455826,0.0,0.0
2024-04-22 09:30:00-04:00,10.40999984741211,10.444999694824219,10.109999656677246,10.149900436401367,711555,0.0,0.0
2024-04-22 10:30:00-04:00,10.145000457763672,10.170000076293945,10.010000228881836,10.069999694824219,547154,0.0,0.0
2024-04-22 11:30:00-04:00,10.069999694824219,10.194999694824219,10.069999694824219,10.180000305175781,345501,0.0,0.0
2024-04-22 12:30:00-04:00,10.180000305175781,10.265000343322754,10.15999984741211,10.244999885559082,190862,0.0,0.0
2024-04-22 13:30:00-04:00,10.244999885559082,10.345000267028809,10.229999542236328,10.234999656677246,224890,0.0,0.0
2024-04-22 14:30:00-04:00,10.225099563598633,10.234999656677246,10.100000381469727,10.109999656677246,290765,0.0,0.0
2024-04-22 15:30:00-04:00,10.114999771118164,10.114999771118164,10.010000228881836,10.010000228881836,613664,0.0,0.0
2024-04-23 09:30:00-04:00,10.050000190734863,10.279999732971191,10.010000228881836,10.170000076293945,631288,0.0,0.0
2024-04-23 10:30:00-04:00,10.164999961853027,10.180000305175781,10.069999694824219,10.14009952545166,294215,0.0,0.0
2024-04-23 11:30:00-04:00,10.145000457763672,10.239999771118164,10.109999656677246,10.218799591064453,197292,0.0,0.0
2024-04-23 12:30:00-04:00,10.210000038146973,10.239999771118164,10.154999732971191,10.169899940490723,204485,0.0,0.0
2024-04-23 13:30:00-04:00,10.164999961853027,10.210000038146973,10.130000114440918,10.170000076293945,192466,0.0,0.0
2024-04-23 14:30:00-04:00,10.170000076293945,10.257499694824219,10.170000076293945,10.170000076293945,303337,0.0,0.0
2024-04-23 15:30:00-04:00,10.170000076293945,10.180000305175781,10.109999656677246,10.170000076293945,461502,0.0,0.0
2024-04-24 09:30:00-04:00,10.15999984741211,10.390000343322754,10.15999984741211,10.381799697875977,537247,0.0,0.0
2024-04-24 10:30:00-04:00,10.388799667358398,10.545000076293945,10.34000015258789,10.5,847947,0.0,0.0
2024-04-24 11:30:00-04:00,10.489999771118164,10.635000228881836,10.420100212097168,10.60990047454834,590114,0.0,0.0
2024-04-24 12:30:00-04:00,10.600000381469727,10.619999885559082,10.511199951171875,10.555000305175781,390633,0.0,0.0
2024-04-24 13:30:00-04:00,10.555000305175781,10.5649995803833,10.454999923706055,10.475000381469727,256342,0.0,0.0
2024-04-24 14:30:00-04:00,10.475000381469727,10.675000190734863,10.399999618530273,10.629899978637695,832090,0.0,0.0
2024-04-24 15:30:00-04:00,10.625,10.9399995803833,10.619999885559082,10.930000305175781,1085460,0.0,0.0
2024-04-25 09:30:00-04:00,10.699999809265137,10.78499984741211,10.475000381469727,10.54010009765625,702267,0.0,0.0
2024-04-25 10:30:00-04:00,10.550000190734863,10.925000190734863,10.510000228881836,10.804699897766113,859827,0.0,0.0
2024-04-25 11:30:00-04:00,10.802000045776367,11.069999694824219,10.78499984741211,10.835000038146973,673088,0.0,0.0
2024-04-25 12:30:00-04:00,10.829999923706055,10.979999542236328,10.807999610900879,10.86400032043457,497151,0.0,0.0
2024-04-25 13:30:00-04:00,10.864999771118164,11.050000190734863,10.859999656677246,11.0,527875,0.0,0.0
2024-04-25 14:30:00-04:00,11.010000228881836,11.164999961853027,10.989999771118164,11.131199836730957,520904,0.0,0.0
2024-04-25 15:30:00-04:00,11.135000228881836,11.210000038146973,11.09000015258789,11.210000038146973,843114,0.0,0.0
2024-04-26 09:30:00-04:00,11.180000305175781,11.470000267028809,11.0,11.449999809265137,757392,0.0,0.0
2024-04-26 10:30:00-04:00,11.449999809265137,11.779999732971191,11.430000305175781,11.765000343322754,837337,0.0,0.0
2024-04-26 11:30:00-04:00,11.761500358581543,12.168800354003906,11.569999694824219,12.128800392150879,1875695,0.0,0.0
2024-04-26 12:30:00-04:00,12.125,12.1899995803833,11.65999984741211,11.660099983215332,1184184,0.0,0.0
2024-04-26 13:30:00-04:00,11.65999984741211,11.729999542236328,11.460000038146973,11.477700233459473,688264,0.0,0.0
2024-04-26 14:30:00-04:00,11.470000267028809,11.795000076293945,11.470000267028809,11.779999732971191,660905,0.0,0.0
2024-04-26 15:30:00-04:00,11.770000457763672,11.90999984741211,11.720000267028809,11.90999984741211,1157739,0.0,0.0
2024-04-29 09:30:00-04:00,11.84000015258789,11.960000038146973,11.479999542236328,11.539999961853027,977895,0.0,0.0
2024-04-29 10:30:00-04:00,11.539999961853027,11.71500015258789,11.510000228881836,11.524999618530273,410907,0.0,0.0
2024-04-29 11:30:00-04:00,11.524999618530273,11.53499984741211,11.309599876403809,11.425000190734863,457077,0.0,0.0
2024-04-29 12:30:00-04:00,11.430000305175781,11.5,11.3100004196167,11.404999732971191,319429,0.0,0.0
2024-04-29 13:30:00-04:00,11.404999732971191,11.479999542236328,11.300000190734863,11.470000267028809,313591,0.0,0.0
2024-04-29 14:30:00-04:00,11.470000267028809,11.470000267028809,11.175000190734863,11.204999923706055,428301,0.0,0.0
2024-04-29 15:30:00-04:00,11.208399772644043,11.289999961853027,11.194999694824219,11.289999961853027,559602,0.0,0.0
2024-04-30 09:30:00-04:00,11.180000305175781,11.210000038146973,10.9350004196167,11.010000228881836,518844,0.0,0.0
2024-04-30 10:30:00-04:00,11.010000228881836,11.220000267028809,10.9399995803833,11.210100173950195,337875,0.0,0.0
2024-04-30 11:30:00-04:00,11.210000038146973,11.300000190734863,11.145000457763672,11.145000457763672,264632,0.0,0.0
2024-04-30 12:30:00-04:00,11.140899658203125,11.170000076293945,11.03499984741211,11.03499984741211,199533,0.0,0.0
2024-04-30 13:30:00-04:00,11.039999961853027,11.104999542236328,10.994999885559082,11.010000228881836,189866,0.0,0.0
2024-04-30 14:30:00-04:00,11.010000228881836,11.050000190734863,10.90999984741211,10.944999694824219,230188,0.0,0.0
2024-04-30 15:30:00-04:00,10.9399995803833,11.109999656677246,10.914999961853027,11.079999923706055,790864,0.0,0.0
2024-05-01 09:30:00-04:00,11.029999732971191,11.130000114440918,10.852100372314453,10.890000343322754,318112,0.0,0.0
2024-05-01 10:30:00-04:00,10.885000228881836,11.039999961853027,10.8100004196167,10.854999542236328,379595,0.0,0.0
2024-05-01 11:30:00-04:00,10.859999656677246,10.920000076293945,10.699999809265137,10.880000114440918,166761,0.0,0.0
2024-05-01 12:30:00-04:00,10.875,10.890000343322754,10.770000457763672,10.824999809265137,142241,0.0,0.0
2024-05-01 13:30:00-04:00,10.824999809265137,10.954999923706055,10.789999961853027,10.925000190734863,210545,0.0,0.0
2024-05-01 14:30:00-04:00,10.925000190734863,11.319999694824219,10.835000038146973,11.085000038146973,548332,0.0,0.0
2024-05-01 15:30:00-04:00,11.079999923706055,11.09000015258789,10.90999984741211,10.90999984741211,488695,0.0,0.0
2024-05-02 09:30:00-04:00,11.109999656677246,11.26990032196045,11.020000457763672,11.055000305175781,508302,0.0,0.0
2024-05-02 10:30:00-04:00,11.050000190734863,11.109999656677246,10.960000038146973,11.109999656677246,253300,0.0,0.0
2024-05-02 11:30:00-04:00,11.104999542236328,11.109999656677246,11.050000190734863,11.0649995803833,142184,0.0,0.0
2024-05-02 12:30:00-04:00,11.06980037689209,11.65999984741211,11.050000190734863,11.654999732971191,772009,0.0,0.0
2024-05-02 13:30:00-04:00,11.649999618530273,12.1850004196167,11.609999656677246,12.1850004196167,2152346,0.0,0.0
2024-05-02 14:30:00-04:00,12.180000305175781,12.255000114440918,11.9399995803833,12.189900398254395,2072393,0.0,0.0
2024-05-02 15:30:00-04:00,12.1850004196167,12.880000114440918,12.171299934387207,12.78499984741211,2225255,0.0,0.0
2024-05-03 09:30:00-04:00,12.5,13.6850004196167,12.430000305175781,13.625,4348605,0.0,0.0
2024-05-03 10:30:00-04:00,13.604999542236328,13.779999732971191,13.380000114440918,13.454999923706055,2025047,0.0,0.0
2024-05-03 11:30:00-04:00,13.45009994506836,13.585000038146973,13.3100004196167,13.479999542236328,1009982,0.0,0.0
2024-05-03 12:30:00-04:00,13.478099822998047,13.734999656677246,13.4399995803833,13.704999923706055,763473,0.0,0.0
2024-05-03 13:30:00-04:00,13.704999923706055,14.869999885559082,13.6899995803833,14.772000312805176,4183040,0.0,0.0
2024-05-03 14:30:00-04:00,14.774999618530273,16.149999618530273,14.369999885559082,15.930000305175781,10362440,0.0,0.0
2024-05-03 15:30:00-04:00,15.90999984741211,17.450000762939453,15.75,16.5,11624289,0.0,0.0
2024-05-06 09:30:00-04:00,14.989999771118164,17.399999618530273,14.979999542236328,15.210000038146973,12616915,0.0,0.0
2024-05-06 10:30:00-04:00,15.199999809265137,15.430000305175781,14.109999656677246,14.119999885559082,6046829,0.0,0.0
2024-05-06 11:30:00-04:00,14.114999771118164,14.119999885559082,13.620200157165527,13.94279956817627,2979669,0.0,0.0
2024-05-06 12:30:00-04:00,13.9399995803833,15.0,13.770000457763672,14.840800285339355,4698352,0.0,0.0
2024-05-06 13:30:00-04:00,14.845000267028809,16.610000610351562,14.8100004196167,16.139999389648438,10516288,0.0,0.0
2024-05-06 14:30:00-04:00,16.135000228881836,16.16990089416504,15.069999694824219,15.819999694824219,6503151,0.0,0.0
2024-05-06 15:30:00-04:00,15.829999923706055,16.459999084472656,15.529999732971191,16.299999237060547,4000887,0.0,0.0
2024-05-07 09:30:00-04:00,15.850000381469727,16.139999389648438,14.930000305175781,16.010099411010742,4758752,0.0,0.0
2024-05-07 10:30:00-04:00,16.038000106811523,16.038000106811523,15.225000381469727,15.480600357055664,2278835,0.0,0.0
2024-05-07 11:30:00-04:00,15.479999542236328,15.670000076293945,15.260000228881836,15.449999809265137,1220406,0.0,0.0
2024-05-07 12:30:00-04:00,15.454999923706055,15.779999732971191,15.25,15.744999885559082,1043230,0.0,0.0
2024-05-07 13:30:00-04:00,15.74779987335205,17.049999237060547,15.550000190734863,16.865999221801758,4072467,0.0,0.0
2024-05-07 14:30:00-04:00,16.86989974975586,17.290000915527344,16.40999984741211,16.864999771118164,7160251,0.0,0.0
2024-05-07 15:30:00-04:00,16.8700008392334,17.0,16.15999984741211,16.30500030517578,3086873,0.0,0.0
2024-05-08 09:30:00-04:00,16.049999237060547,16.399999618530273,15.330400466918945,15.968500137329102,3887853,0.0,0.0
2024-05-08 10:30:00-04:00,15.960000038146973,16.235000610351562,15.670000076293945,16.235000610351562,2036984,0.0,0.0
2024-05-08 11:30:00-04:00,16.235000610351562,17.239999771118164,15.949999809265137,16.405000686645508,6040152,0.0,0.0
2024-05-08 12:30:00-04:00,16.40999984741211,16.854999542236328,16.399999618530273,16.550100326538086,2863875,0.0,0.0
2024-05-08 13:30:00-04:00,16.549999237060547,17.135000228881836,16.219999313354492,16.91990089416504,2952744,0.0,0.0
2024-05-08 14:30:00-04:00,16.919300079345703,16.920000076293945,15.649999618530273,15.920000076293945,4915304,0.0,0.0
2024-05-08 15:30:00-04:00,15.925000190734863,16.129499435424805,15.789999961853027,15.899999618530273,1609949,0.0,0.0
2024-05-09 09:30:00-04:00,15.899999618530273,16.6299991607666,15.600000381469727,16.545000076293945,3670248,0.0,0.0
2024-05-09 10:30:00-04:00,16.540000915527344,16.610000610351562,15.630000114440918,15.8149995803833,3053893,0.0,0.0
2024-05-09 11:30:00-04:00,15.8149995803833,16.040000915527344,15.350000381469727,15.859999656677246,2078790,0.0,0.0
2024-05-09 12:30:00-04:00,15.875,16.09000015258789,15.600000381469727,16.040000915527344,1348819,0.0,0.0
2024-05-09 13:30:00-04:00,16.030000686645508,16.25,15.869999885559082,16.040000915527344,1104196,0.0,0.0
2024-05-09 14:30:00-04:00,16.030099868774414,17.049999237060547,16.010000228881836,16.93000030517578,4132539,0.0,0.0
2024-05-09 15:30:00-04:00,16.92060089111328,18.510000228881836,16.850000381469727,18.030000686645508,9277789,0.0,0.0
2024-05-10 09:30:00-04:00,17.93000030517578,20.200000762939453,17.290000915527344,18.325000762939453,15149077,0.0,0.0
2024-05-10 10:30:00-04:00,18.31450080871582,18.450000762939453,17.299999237060547,17.65999984741211,7253188,0.0,0.0
2024-05-10 11:30:00-04:00,17.670000076293945,17.780000686645508,17.06999969482422,17.549999237060547,2602729,0.0,0.0
2024-05-10 12:30:00-04:00,17.545000076293945,18.31999969482422,17.399999618530273,18.0,3670243,0.0,0.0
2024-05-10 13:30:00-04:00,18.009899139404297,18.139999389648438,17.709999084472656,17.899999618530273,2190681,0.0,0.0
2024-05-10 14:30:00-04:00,17.889999389648438,17.899999618530273,16.8799991607666,17.20989990234375,3102677,0.0,0.0
2024-05-10 15:30:00-04:00,17.200000762939453,17.559999465942383,16.93000030517578,17.450000762939453,2485026,0.0,0.0
2024-05-13 09:30:00-04:00,26.34000015258789,38.20000076293945,24.770000457763672,32.99169921875,58795371,0.0,0.0
2024-05-13 10:30:00-04:00,32.90010070800781,33.5,27.40999984741211,29.049999237060547,31233153,0.0,0.0
2024-05-13 11:30:00-04:00,28.530000686645508,31.399999618530273,27.34000015258789,29.43000030517578,23544798,0.0,0.0
2024-05-13 12:30:00-04:00,29.450000762939453,30.399999618530273,27.950000762939453,28.895000457763672,12935571,0.0,0.0
2024-05-13 13:30:00-04:00,28.899999618530273,31.799999237060547,28.809999465942383,30.440000534057617,19156069,0.0,0.0
2024-05-13 14:30:00-04:00,30.479999542236328,32.79990005493164,29.360000610351562,30.1200008392334,19942238,0.0,0.0
2024-05-13 15:30:00-04:00,30.15999984741211,30.549999237060547,28.469999313354492,30.444599151611328,10784366,0.0,0.0
2024-05-14 09:30:00-04:00,64.83000183105469,64.83000183105469,45.099998474121094,54.025001525878906,78582730,0.0,0.0
2024-05-14 10:30:00-04:00,54.03609848022461,54.9900016784668,46.9900016784668,52.66999816894531,26742751,0.0,0.0
2024-05-14 11:30:00-04:00,52.494998931884766,52.880001068115234,48.25,50.244998931884766,16357264,0.0,0.0
2024-05-14 12:30:00-04:00,50.20399856567383,50.650001525878906,36.0,43.09989929199219,22271024,0.0,0.0
2024-05-14 13:30:00-04:00,43.0,49.66999816894531,39.599998474121094,45.869998931884766,16883880,0.0,0.0
2024-05-14 14:30:00-04:00,45.850101470947266,47.79999923706055,42.029998779296875,45.2599983215332,16780324,0.0,0.0
2024-05-14 15:30:00-04:00,45.307098388671875,52.0099983215332,45.2958984375,49.44990158081055,17417670,0.0,0.0
2024-05-15 09:30:00-04:00,40.310001373291016,41.9900016784668,31.559999465942383,31.559999465942383,47140895,0.0,0.0
2024-05-15 10:30:00-04:00,31.5,35.279998779296875,31.0,33.959999084472656,16561497,0.0,0.0
2024-05-15 11:30:00-04:00,33.98680114746094,36.2400016784668,32.5,33.38999938964844,12607502,0.0,0.0
2024-05-15 12:30:00-04:00,33.436100006103516,35.20000076293945,32.29999923706055,34.77000045776367,7440531,0.0,0.0
2024-05-15 13:30:00-04:00,34.75,40.0,34.62009811401367,37.220001220703125,17742317,0.0,0.0
2024-05-15 14:30:00-04:00,37.245601654052734,42.349998474121094,36.31999969482422,39.3849983215332,16689237,0.0,0.0
2024-05-15 15:30:00-04:00,39.38570022583008,41.0099983215332,39.0,39.59000015258789,7708201,0.0,0.0
2024-05-16 09:30:00-04:00,33.97999954223633,35.2400016784668,31.780099868774414,33.95000076293945,22465136,0.0,0.0
2024-05-16 10:30:00-04:00,33.95719909667969,34.04999923706055,29.079999923706055,30.325000762939453,14640073,0.0,0.0
2024-05-16 11:30:00-04:00,30.32379913330078,30.780000686645508,28.610000610351562,30.0,9159697,0.0,0.0
2024-05-16 12:30:00-04:00,30.020000457763672,31.690000534057617,29.280000686645508,31.41990089416504,7597329,0.0,0.0
2024-05-16 13:30:00-04:00,31.40999984741211,31.549999237060547,30.0,30.139999389648438,4242020,0.0,0.0
2024-05-16 14:30:00-04:00,30.143299102783203,30.249900817871094,29.020000457763672,29.250099182128906,6324568,0.0,0.0
2024-05-16 15:30:00-04:00,29.280000686645508,29.549999237060547,27.59000015258789,27.66010093688965,6786641,0.0,0.0
2024-05-17 09:30:00-04:00,21.860000610351562,22.40999984741211,20.139999389648438,20.790000915527344,44787380,0.0,0.0
2024-05-17 10:30:00-04:00,20.799999237060547,21.0,19.700000762939453,20.639999389648438,13222074,0.0,0.0
2024-05-17 11:30:00-04:00,20.6299991607666,21.299999237060547,20.049999237060547,21.009899139404297,8159789,0.0,0.0
2024-05-17 12:30:00-04:00,21.0,21.469999313354492,20.06999969482422,20.584999084472656,6995846,0.0,0.0
2024-05-17 13:30:00-04:00,20.588899612426758,21.239900588989258,20.149999618530273,21.13990020751953,4818709,0.0,0.0
2024-05-17 14:30:00-04:00,21.13990020751953,21.899999618530273,20.920000076293945,21.449899673461914,7189457,0.0,0.0
2024-05-17 15:30:00-04:00,21.424999237060547,22.399999618530273,21.3700008392334,22.229999542236328,8046040,0.0,0.0
2024-05-20 09:30:00-04:00,21.5,22.81999969482422,20.8700008392334,21.25,15318704,0.0,0.0
2024-05-20 10:30:00-04:00,21.229999542236328,21.889999389648438,20.239999771118164,20.2637996673584,7126651,0.0,0.0
2024-05-20 11:30:00-04:00,20.260000228881836,20.420000076293945,18.940000534057617,19.579099655151367,10391037,0.0,0.0
2024-05-20 12:30:00-04:00,19.57990074157715,19.940000534057617,19.389999389648438,19.719999313354492,3463534,0.0,0.0
2024-05-20 13:30:00-04:00,19.70009994506836,20.5,19.649999618530273,20.190500259399414,3988303,0.0,0.0
2024-05-20 14:30:00-04:00,20.209999084472656,20.459999084472656,19.899999618530273,20.142000198364258,2788614,0.0,0.0
2024-05-20 15:30:00-04:00,20.139999389648438,23.399999618530273,20.01099967956543,23.18939971923828,8348891,0.0,0.0
2024-05-21 09:30:00-04:00,22.239999771118164,22.299999237060547,21.010000228881836,21.579999923706055,9337327,0.0,0.0
2024-05-21 10:30:00-04:00,21.550100326538086,22.219999313354492,21.309999465942383,21.43589973449707,3829874,0.0,0.0
2024-05-21 11:30:00-04:00,21.449899673461914,22.0,20.5,20.979999542236328,4624498,0.0,0.0
2024-05-21 12:30:00-04:00,20.979999542236328,21.02989959716797,20.04010009765625,20.780000686645508,7057837,0.0,0.0
2024-05-21 13:30:00-04:00,20.81800079345703,21.299999237060547,20.520000457763672,21.25,3522241,0.0,0.0
2024-05-21 14:30:00-04:00,21.270000457763672,22.850000381469727,21.100000381469727,22.010099411010742,10697982,0.0,0.0
2024-05-21 15:30:00-04:00,22.045000076293945,22.799999237060547,20.649999618530273,22.1200008392334,9043844,0.0,0.0
2024-05-22 09:30:00-04:00,21.559999465942383,21.790000915527344,21.149999618530273,21.520000457763672,5758388,0.0,0.0
2024-05-22 10:30:00-04:00,21.530000686645508,21.536500930786133,20.780000686645508,21.079999923706055,4492959,0.0,0.0
2024-05-22 11:30:00-04:00,21.09000015258789,21.190000534057617,20.760000228881836,20.93000030517578,3508359,0.0,0.0
2024-05-22 12:30:00-04:00,20.93239974975586,21.383800506591797,20.8799991607666,21.329999923706055,3943109,0.0,0.0
2024-05-22 13:30:00-04:00,21.31999969482422,21.959999084472656,21.010000228881836,21.55500030517578,4013242,0.0,0.0
2024-05-22 14:30:00-04:00,21.530000686645508,22.25,21.303300857543945,21.93000030517578,11298251,0.0,0.0
2024-05-22 15:30:00-04:00,21.93000030517578,22.1200008392334,21.110000610351562,21.110000610351562,9674937,0.0,0.0
2024-05-23 09:30:00-04:00,21.399999618530273,21.399999618530273,19.959999084472656,20.350000381469727,7734598,0.0,0.0
2024-05-23 10:30:00-04:00,20.3700008392334,20.388700485229492,19.840099334716797,20.2189998626709,3758276,0.0,0.0
2024-05-23 11:30:00-04:00,20.219900131225586,20.410900115966797,19.90999984741211,20.385000228881836,2776971,0.0,0.0
2024-05-23 12:30:00-04:00,20.385000228881836,20.449899673461914,20.139999389648438,20.24049949645996,1698156,0.0,0.0
2024-05-23 13:30:00-04:00,20.239999771118164,20.34000015258789,18.8799991607666,18.950050354003906,5603286,0.0,0.0
2024-05-23 14:30:00-04:00,18.959999084472656,19.158000946044922,18.510000228881836,18.62529945373535,4668185,0.0,0.0
2024-05-23 15:30:00-04:00,18.600000381469727,18.829999923706055,18.260000228881836,18.309999465942383,3367540,0.0,0.0
2024-05-24 09:30:00-04:00,18.420000076293945,18.64900016784668,17.700000762939453,18.170000076293945,7416522,0.0,0.0
2024-05-24 10:30:00-04:00,18.149999618530273,18.639999389648438,17.899999618530273,18.350000381469727,3876586,0.0,0.0
2024-05-24 11:30:00-04:00,18.351499557495117,18.450000762939453,17.81999969482422,18.019699096679688,2495960,0.0,0.0
2024-05-24 12:30:00-04:00,18.020000457763672,18.09000015258789,17.799999237060547,17.997600555419922,2223372,0.0,0.0
2024-05-24 13:30:00-04:00,17.979999542236328,18.799999237060547,17.84000015258789,18.440000534057617,5461941,0.0,0.0
2024-05-24 14:30:00-04:00,18.420000076293945,19.09000015258789,18.18000030517578,18.871000289916992,5302232,0.0,0.0
2024-05-24 15:30:00-04:00,18.8799991607666,19.68000030517578,18.815000534057617,19.0,4754788,0.0,0.0
2024-05-28 09:30:00-04:00,23.100000381469727,23.170000076293945,21.149999618530273,21.549999237060547,26400463,0.0,0.0
2024-05-28 10:30:00-04:00,21.530000686645508,23.829999923706055,21.520000457763672,23.35700035095215,11723115,0.0,0.0
2024-05-28 11:30:00-04:00,23.344499588012695,26.65999984741211,22.86009979248047,24.639999389648438,28201555,0.0,0.0
2024-05-28 12:30:00-04:00,24.638500213623047,25.46150016784668,22.6200008392334,22.700000762939453,13641980,0.0,0.0
2024-05-28 13:30:00-04:00,22.68000030517578,23.739999771118164,22.56999969482422,23.610000610351562,8244383,0.0,0.0
2024-05-28 14:30:00-04:00,23.639999389648438,23.749900817871094,22.100000381469727,22.649999618530273,8022135,0.0,0.0
2024-05-28 15:30:00-04:00,22.677799224853516,23.799999237060547,22.6200008392334,23.729999542236328,6661262,0.0,0.0
2024-05-29 09:30:00-04:00,22.0,22.979999542236328,21.799999237060547,22.290000915527344,9022932,0.0,0.0
2024-05-29 10:30:00-04:00,22.290000915527344,22.389999389648438,21.61009979248047,22.16900062561035,4172229,0.0,0.0
2024-05-29 11:30:00-04:00,22.18000030517578,22.199499130249023,21.260099411010742,21.469900131225586,3560516,0.0,0.0
2024-05-29 12:30:00-04:00,21.450000762939453,21.799999237060547,21.309999465942383,21.409000396728516,2283868,0.0,0.0
2024-05-29 13:30:00-04:00,21.399999618530273,21.6200008392334,21.209999084472656,21.475000381469727,1833586,0.0,0.0
2024-05-29 14:30:00-04:00,21.469999313354492,21.8799991607666,21.299999237060547,21.725000381469727,2118470,0.0,0.0
2024-05-29 15:30:00-04:00,21.709999084472656,21.920000076293945,21.050100326538086,21.240100860595703,2658172,0.0,0.0
2024-05-30 09:30:00-04:00,21.020000457763672,21.23900032043457,20.100000381469727,20.746400833129883,4735524,0.0,0.0
2024-05-30 10:30:00-04:00,20.739999771118164,21.190000534057617,20.559999465942383,20.93000030517578,2427702,0.0,0.0
2024-05-30 11:30:00-04:00,20.92180061340332,22.149999618530273,20.815000534057617,21.350099563598633,4914891,0.0,0.0
2024-05-30 12:30:00-04:00,21.3700008392334,21.969999313354492,21.110000610351562,21.860000610351562,2111370,0.0,0.0
2024-05-30 13:30:00-04:00,21.861000061035156,22.690000534057617,21.700000762939453,22.325000762939453,4064992,0.0,0.0
2024-05-30 14:30:00-04:00,22.31529998779297,22.600000381469727,21.90999984741211,22.260000228881836,2690488,0.0,0.0
2024-05-30 15:30:00-04:00,22.266399383544922,22.700000762939453,21.959999084472656,22.610000610351562,2754863,0.0,0.0
2024-05-31 09:30:00-04:00,22.579999923706055,23.719999313354492,21.680200576782227,21.760000228881836,7048955,0.0,0.0
2024-05-31 10:30:00-04:00,21.75,22.34000015258789,21.722400665283203,22.219999313354492,2062483,0.0,0.0
2024-05-31 11:30:00-04:00,22.219999313354492,22.5,21.926799774169922,21.979999542236328,1341683,0.0,0.0
2024-05-31 12:30:00-04:00,21.979999542236328,22.850000381469727,21.90999984741211,22.75,1603928,0.0,0.0
2024-05-31 13:30:00-04:00,22.73349952697754,23.139699935913086,22.459999084472656,23.07349967956543,2377231,0.0,0.0
2024-05-31 14:30:00-04:00,23.072099685668945,23.58989906311035,22.899999618530273,23.219999313354492,3749889,0.0,0.0
2024-05-31 15:30:00-04:00,23.229999542236328,23.389999389648438,22.799999237060547,23.100000381469727,2873957,0.0,0.0
2024-06-03 09:30:00-04:00,40.189998626708984,40.5,27.889999389648438,30.6427001953125,82908074,0.0,0.0
2024-06-03 10:30:00-04:00,30.631399154663086,31.819900512695312,27.75,29.43000030517578,17562199,0.0,0.0
2024-06-03 11:30:00-04:00,29.323699951171875,30.780000686645508,28.329999923706055,29.219999313354492,10630870,0.0,0.0
2024-06-03 12:30:00-04:00,29.21500015258789,31.25,28.520000457763672,30.860000610351562,10989628,0.0,0.0
2024-06-03 13:30:00-04:00,30.858200073242188,32.18000030517578,29.799999237060547,31.400100708007812,12685405,0.0,0.0
2024-06-03 14:30:00-04:00,31.399999618530273,31.659900665283203,29.530000686645508,29.887100219726562,9265117,0.0,0.0
2024-06-03 15:30:00-04:00,29.889400482177734,30.18000030517578,26.399999618530273,28.010000228881836,15854773,0.0,0.0
2024-06-04 09:30:00-04:00,26.260000228881836,27.290000915527344,25.200000762939453,26.780000686645508,21615019,0.0,0.0
2024-06-04 10:30:00-04:00,26.760099411010742,28.010000228881836,26.31999969482422,26.947099685668945,8169088,0.0,0.0
2024-06-04 11:30:00-04:00,26.889999389648438,27.190000534057617,25.729999542236328,26.91189956665039,6204445,0.0,0.0
2024-06-04 12:30:00-04:00,26.91010093688965,27.540000915527344,26.649999618530273,27.440000534057617,3823707,0.0,0.0
2024-06-04 13:30:00-04:00,27.43000030517578,28.010000228881836,26.90999984741211,27.573999404907227,4751519,0.0,0.0
2024-06-04 14:30:00-04:00,27.552799224853516,27.649999618530273,26.84000015258789,26.97010040283203,3056805,0.0,0.0
2024-06-04 15:30:00-04:00,26.98200035095215,27.13990020751953,26.459999084472656,26.4950008392334,2643471,0.0,0.0
2024-06-05 09:30:00-04:00,26.299999237060547,30.75,26.110000610351562,29.934999465942383,22134895,0.0,0.0
2024-06-05 10:30:00-04:00,29.97920036315918,30.489999771118164,29.100000381469727,29.809799194335938,10501571,0.0,0.0
2024-06-05 11:30:00-04:00,29.850000381469727,30.679899215698242,29.510000228881836,30.270000457763672,5759945,0.0,0.0
2024-06-05 12:30:00-04:00,30.278499603271484,30.969999313354492,29.579999923706055,29.799999237060547,7601856,0.0,0.0
2024-06-05 13:30:00-04:00,29.81999969482422,29.84000015258789,28.260000228881836,29.540000915527344,8776325,0.0,0.0
2024-06-05 14:30:00-04:00,29.524999618530273,30.65999984741211,29.299999237060547,30.399999618530273,5850198,0.0,0.0
2024-06-05 15:30:00-04:00,30.420000076293945,31.84000015258789,30.350099563598633,31.450000762939453,8192904,0.0,0.0
2024-06-06 09:30:00-04:00,31.56999969482422,34.29999923706055,31.280000686645508,33.095001220703125,23646033,0.0,0.0
2024-06-06 10:30:00-04:00,33.08000183105469,33.76599884033203,32.119998931884766,33.45009994506836,7638866,0.0,0.0
2024-06-06 11:30:00-04:00,33.439998626708984,34.27000045776367,33.060001373291016,33.900001525878906,6979376,0.0,0.0
2024-06-06 12:30:00-04:00,33.939300537109375,39.130001068115234,33.880001068115234,39.04050064086914,26766173,0.0,0.0
2024-06-06 13:30:00-04:00,39.06999969482422,44.40999984741211,36.75,39.82749938964844,44673786,0.0,0.0
2024-06-06 14:30:00-04:00,39.79499816894531,47.45989990234375,39.400001525878906,46.880001068115234,41472143,0.0,0.0
2024-06-06 15:30:00-04:00,46.83000183105469,47.5,43.20000076293945,46.54999923706055,25223964,0.0,0.0
2024-06-07 09:30:00-04:00,37.689998626708984,48.0,34.099998474121094,36.90999984741211,101910841,0.0,0.0
2024-06-07 10:30:00-04:00,37.5,37.70000076293945,32.029998779296875,36.41889953613281,38517977,0.0,0.0
2024-06-07 11:30:00-04:00,36.41999816894531,38.47999954223633,31.6299991607666,37.63999938964844,38390423,0.0,0.0
2024-06-07 12:30:00-04:00,37.649898529052734,38.599998474121094,26.549999237060547,29.219999313354492,39162378,0.0,0.0
2024-06-07 13:30:00-04:00,29.19499969482422,30.489999771118164,26.1200008392334,27.610000610351562,27044682,0.0,0.0
2024-06-07 14:30:00-04:00,27.559999465942383,29.200000762939453,27.310100555419922,28.1200008392334,16530722,0.0,0.0
2024-06-07 15:30:00-04:00,28.1299991607666,28.920000076293945,27.770000457763672,28.209999084472656,11438831,0.0,0.0
2024-06-10 09:30:00-04:00,28.969999313354492,29.34000015258789,26.5,27.270000457763672,33684437,0.0,0.0
2024-06-10 10:30:00-04:00,27.25,28.3700008392334,25.110000610351562,25.189899444580078,17826535,0.0,0.0
2024-06-10 11:30:00-04:00,25.184999465942383,25.309999465942383,23.709999084472656,23.940000534057617,26282606,0.0,0.0
2024-06-10 12:30:00-04:00,23.93000030517578,24.579999923706055,23.059999465942383,24.190099716186523,18732533,0.0,0.0
2024-06-10 13:30:00-04:00,24.203399658203125,24.440000534057617,23.709999084472656,24.040000915527344,8404447,0.0,0.0
2024-06-10 14:30:00-04:00,24.040000915527344,24.58989906311035,23.639999389648438,24.420000076293945,11397470,0.0,0.0
2024-06-10 15:30:00-04:00,24.420000076293945,25.149999618530273,24.149999618530273,24.820999145507812,11284038,0.0,0.0
2024-06-11 09:30:00-04:00,24.209999084472656,26.239999771118164,22.790000915527344,25.344999313354492,29470351,0.0,0.0
2024-06-11 10:30:00-04:00,25.379899978637695,25.399999618530273,24.309999465942383,24.746700286865234,13881725,0.0,0.0
2024-06-11 11:30:00-04:00,24.719999313354492,25.1299991607666,24.100000381469727,24.948999404907227,6580138,0.0,0.0
2024-06-11 12:30:00-04:00,24.940000534057617,25.879899978637695,24.75,25.310300827026367,9448185,0.0,0.0
2024-06-11 13:30:00-04:00,25.350000381469727,28.31999969482422,25.313899993896484,27.969999313354492,28201972,0.0,0.0
2024-06-11 14:30:00-04:00,27.950000762939453,29.15999984741211,27.299999237060547,28.030000686645508,22082518,0.0,0.0
2024-06-11 15:30:00-04:00,28.0,30.920000076293945,28.0,30.489999771118164,19428408,0.0,0.0
2024-06-12 09:30:00-04:00,28.708999633789062,31.81999969482422,28.350000381469727,29.814899444580078,37001364,0.0,0.0
2024-06-12 10:30:00-04:00,29.799999237060547,33.70000076293945,29.520000457763672,32.043800354003906,26232707,0.0,0.0
2024-06-12 11:30:00-04:00,32.01359939575195,33.0,30.06999969482422,31.0,16828147,0.0,0.0
2024-06-12 12:30:00-04:00,31.019899368286133,31.440000534057617,29.1200008392334,29.674999237060547,10692552,0.0,0.0
2024-06-12 13:30:00-04:00,29.686399459838867,30.34000015258789,28.43000030517578,28.739999771118164,10979461,0.0,0.0
2024-06-12 14:30:00-04:00,28.759899139404297,29.690000534057617,27.1200008392334,27.235000610351562,18051902,0.0,0.0
2024-06-12 15:30:00-04:00,27.270000457763672,27.799999237060547,24.829999923706055,25.454999923706055,22104716,0.0,0.0
2024-06-13 09:30:00-04:00,26.559999465942383,27.399999618530273,25.559999465942383,26.406600952148438,21444851,0.0,0.0
2024-06-13 10:30:00-04:00,26.400100708007812,28.18000030517578,26.399999618530273,27.599599838256836,15700223,0.0,0.0
2024-06-13 11:30:00-04:00,27.610000610351562,27.68000030517578,25.700000762939453,27.020000457763672,17706336,0.0,0.0
2024-06-13 12:30:00-04:00,27.0,27.979900360107422,26.924800872802734,27.3700008392334,8426868,0.0,0.0
2024-06-13 13:30:00-04:00,27.350000381469727,29.16990089416504,26.850000381469727,28.500099182128906,14115114,0.0,0.0
2024-06-13 14:30:00-04:00,28.5,29.549999237060547,28.200000762939453,28.755399703979492,12190793,0.0,0.0
2024-06-13 15:30:00-04:00,28.740100860595703,29.579999923706055,28.6200008392334,29.079999923706055,8122133,0.0,0.0
2024-06-14 09:30:00-04:00,29.229999542236328,30.65999984741211,27.809999465942383,27.980100631713867,28858696,0.0,0.0
2024-06-14 10:30:00-04:00,27.992000579833984,28.670000076293945,27.549999237060547,28.109899520874023,10111752,0.0,0.0
2024-06-14 11:30:00-04:00,28.094999313354492,28.31999969482422,27.40999984741211,27.980100631713867,7203865,0.0,0.0
2024-06-14 12:30:00-04:00,28.01930046081543,28.649999618530273,27.75,28.309999465942383,6464835,0.0,0.0
2024-06-14 13:30:00-04:00,28.299999237060547,29.170000076293945,28.270000457763672,28.905000686645508,9262916,0.0,0.0
2024-06-14 14:30:00-04:00,28.899999618530273,29.93000030517578,28.549999237060547,28.780000686645508,12994410,0.0,0.0
2024-06-14 15:30:00-04:00,28.760000228881836,29.079999923706055,28.579999923706055,28.75,5784677,0.0,0.0
2024-06-17 09:30:00-04:00,28.549999237060547,29.18000030517578,27.75,27.81999969482422,12301099,0.0,0.0
2024-06-17 10:30:00-04:00,27.84000015258789,28.749900817871094,27.200000762939453,28.190000534057617,10471214,0.0,0.0
2024-06-17 11:30:00-04:00,28.200000762939453,28.3700008392334,27.389999389648438,27.729999542236328,5455345,0.0,0.0
2024-06-17 12:30:00-04:00,27.700000762939453,27.717500686645508,23.790000915527344,24.385000228881836,36722170,0.0,0.0
2024-06-17 13:30:00-04:00,24.385000228881836,25.959999084472656,24.31999969482422,25.06999969482422,11976206,0.0,0.0
2024-06-17 14:30:00-04:00,25.06999969482422,25.93000030517578,24.850000381469727,25.890100479125977,6327090,0.0,0.0
2024-06-17 15:30:00-04:00,25.920000076293945,26.18000030517578,25.09000015258789,25.219999313354492,5522185,0.0,0.0
2024-06-18 09:30:00-04:00,24.579999923706055,25.448699951171875,23.610000610351562,25.003599166870117,14181162,0.0,0.0
2024-06-18 10:30:00-04:00,25.010000228881836,25.969999313354492,25.010000228881836,25.25160026550293,7614875,0.0,0.0
2024-06-18 11:30:00-04:00,25.250099182128906,25.3700008392334,24.530000686645508,25.050100326538086,4185562,0.0,0.0
2024-06-18 12:30:00-04:00,25.05500030517578,25.3799991607666,24.899999618530273,25.270000457763672,2789637,0.0,0.0
2024-06-18 13:30:00-04:00,25.260000228881836,25.33989906311035,24.760000228881836,24.95400047302246,2268402,0.0,0.0
2024-06-18 14:30:00-04:00,24.959999084472656,25.15999984741211,24.350000381469727,24.399900436401367,2577976,0.0,0.0
2024-06-18 15:30:00-04:00,24.3799991607666,24.770000457763672,24.06999969482422,24.690000534057617,2890009,0.0,0.0
2024-06-20 09:30:00-04:00,24.25,25.100000381469727,23.649999618530273,25.040000915527344,10519456,0.0,0.0
2024-06-20 10:30:00-04:00,25.025299072265625,25.690000534057617,24.360000610351562,24.440000534057617,6618367,0.0,0.0
2024-06-20 11:30:00-04:00,24.44529914855957,25.225000381469727,24.360000610351562,24.90999984741211,2831550,0.0,0.0
2024-06-20 12:30:00-04:00,24.899999618530273,24.979999542236328,24.229999542236328,24.65999984741211,2119281,0.0,0.0
2024-06-20 13:30:00-04:00,24.649999618530273,25.799999237060547,24.489999771118164,25.549999237060547,4536015,0.0,0.0
2024-06-20 14:30:00-04:00,25.547399520874023,25.93000030517578,25.1299991607666,25.6200008392334,4977972,0.0,0.0
2024-06-20 15:30:00-04:00,25.6200008392334,25.739999771118164,25.15999984741211,25.479999542236328,3011224,0.0,0.0
2024-06-21 09:30:00-04:00,25.239999771118164,25.809999465942383,24.730100631713867,24.992399215698242,5583527,0.0,0.0
2024-06-21 10:30:00-04:00,24.989999771118164,25.319900512695312,24.600000381469727,24.829999923706055,3315220,0.0,0.0
2024-06-21 11:30:00-04:00,24.809999465942383,24.91990089416504,24.6299991607666,24.780000686645508,1674562,0.0,0.0
2024-06-21 12:30:00-04:00,24.779800415039062,25.149999618530273,24.719999313354492,24.829999923706055,2153182,0.0,0.0
2024-06-21 13:30:00-04:00,24.827600479125977,25.020000457763672,24.6299991607666,24.679899215698242,1715984,0.0,0.0
2024-06-21 14:30:00-04:00,24.66230010986328,24.739999771118164,23.700000762939453,24.04759979248047,5688228,0.0,0.0
2024-06-21 15:30:00-04:00,24.047000885009766,24.059999465942383,23.510000228881836,23.959999084472656,4926593,0.0,0.0
2024-06-24 09:30:00-04:00,23.260000228881836,24.40999984741211,23.25,24.08839988708496,7481320,0.0,0.0
2024-06-24 10:30:00-04:00,24.100000381469727,24.829999923706055,23.90999984741211,24.549999237060547,4024958,0.0,0.0
2024-06-24 11:30:00-04:00,24.549999237060547,24.790000915527344,24.110000610351562,24.30500030517578,2008636,0.0,0.0
2024-06-24 12:30:00-04:00,24.30500030517578,24.549999237060547,23.930099487304688,23.9950008392334,1604485,0.0,0.0
2024-06-24 13:30:00-04:00,24.0,24.15999984741211,23.65999984741211,23.81999969482422,1643974,0.0,0.0
2024-06-24 14:30:00-04:00,23.81999969482422,23.979999542236328,23.43000030517578,23.6200008392334,1800358,0.0,0.0
2024-06-24 15:30:00-04:00,23.6200008392334,23.739999771118164,23.239999771118164,23.579999923706055,2226493,0.0,0.0
2024-06-25 09:30:00-04:00,23.600000381469727,24.07990074157715,22.90999984741211,23.38949966430664,6285950,0.0,0.0
2024-06-25 10:30:00-04:00,23.382400512695312,23.559999465942383,22.850000381469727,23.040000915527344,2788257,0.0,0.0
2024-06-25 11:30:00-04:00,23.040000915527344,23.079999923706055,22.549999237060547,22.760000228881836,3794548,0.0,0.0
2024-06-25 12:30:00-04:00,22.760000228881836,23.18000030517578,22.729999542236328,23.12420082092285,2099770,0.0,0.0
2024-06-25 13:30:00-04:00,23.125999450683594,23.56999969482422,23.030000686645508,23.54990005493164,2001222,0.0,0.0
2024-06-25 14:30:00-04:00,23.545000076293945,23.700000762939453,23.170000076293945,23.530000686645508,2116986,0.0,0.0
2024-06-25 15:30:00-04:00,23.530000686645508,24.969999313354492,23.489999771118164,24.93000030517578,6282700,0.0,0.0
2024-06-26 09:30:00-04:00,24.600000381469727,25.3799991607666,24.520000457763672,25.06999969482422,6561279,0.0,0.0
2024-06-26 10:30:00-04:00,25.065000534057617,25.100000381469727,24.1299991607666,24.299999237060547,2346284,0.0,0.0
2024-06-26 11:30:00-04:00,24.309999465942383,24.639999389648438,24.140100479125977,24.56999969482422,1339700,0.0,0.0
2024-06-26 12:30:00-04:00,24.57200050354004,24.670000076293945,24.27899932861328,24.667999267578125,1073463,0.0,0.0
2024-06-26 13:30:00-04:00,24.66900062561035,25.079999923706055,24.520000457763672,24.7450008392334,1984525,0.0,0.0
2024-06-26 14:30:00-04:00,24.749000549316406,25.079999923706055,24.420000076293945,24.45800018310547,1692430,0.0,0.0
2024-06-26 15:30:00-04:00,24.459999084472656,24.709999084472656,24.040000915527344,24.18000030517578,1968345,0.0,0.0
2024-06-27 09:30:00-04:00,24.100000381469727,24.920000076293945,24.059999465942383,24.839799880981445,4049559,0.0,0.0
2024-06-27 10:30:00-04:00,24.834999084472656,26.690000534057617,24.479999542236328,25.21500015258789,11841398,0.0,0.0
2024-06-27 11:30:00-04:00,25.219999313354492,25.920000076293945,25.1299991607666,25.910499572753906,3877625,0.0,0.0
2024-06-27 12:30:00-04:00,25.9060001373291,26.049999237060547,25.049999237060547,25.613300323486328,6388075,0.0,0.0
2024-06-27 13:30:00-04:00,25.639999389648438,25.770000457763672,24.850000381469727,25.110300064086914,3528929,0.0,0.0
2024-06-27 14:30:00-04:00,25.10070037841797,25.299999237060547,24.709999084472656,24.93000030517578,2651265,0.0,0.0
2024-06-27 15:30:00-04:00,24.93199920654297,25.219999313354492,24.780000686645508,25.100000381469727,1952728,0.0,0.0
2024-06-28 09:30:00-04:00,25.020000457763672,25.589599609375,24.8700008392334,25.209999084472656,4055265,0.0,0.0
2024-06-28 10:30:00-04:00,25.219999313354492,26.06999969482422,25.219999313354492,25.563400268554688,3240304,0.0,0.0
2024-06-28 11:30:00-04:00,25.561399459838867,26.170000076293945,25.450700759887695,25.489999771118164,3400999,0.0,0.0
2024-06-28 12:30:00-04:00,25.489999771118164,25.520000457763672,24.90999984741211,25.139999389648438,2967129,0.0,0.0
2024-06-28 13:30:00-04:00,25.1299991607666,25.17650032043457,24.729999542236328,24.915000915527344,1713376,0.0,0.0
2024-06-28 14:30:00-04:00,24.90999984741211,25.049999237060547,24.459999084472656,24.760000228881836,1800468,0.0,0.0
2024-06-28 15:30:00-04:00,24.760000228881836,24.788000106811523,24.309999465942383,24.6200008392334,1896982,0.0,0.0
2024-07-01 09:30:00-04:00,23.350000381469727,23.670000076293945,22.719999313354492,23.079999923706055,11393506,0.0,0.0
2024-07-01 10:30:00-04:00,23.079999923706055,23.11989974975586,22.309999465942383,22.7549991607666,6925455,0.0,0.0
2024-07-01 11:30:00-04:00,22.760000228881836,23.475400924682617,22.700599670410156,23.3799991607666,4018724,0.0,0.0
2024-07-01 12:30:00-04:00,23.371700286865234,23.450000762939453,23.059999465942383,23.219999313354492,1677691,0.0,0.0
2024-07-01 13:30:00-04:00,23.219999313354492,23.649900436401367,23.18000030517578,23.55500030517578,2226541,0.0,0.0
2024-07-01 14:30:00-04:00,23.549999237060547,23.760000228881836,23.378299713134766,23.690000534057617,2165976,0.0,0.0
2024-07-01 15:30:00-04:00,23.69499969482422,23.780000686645508,23.31999969482422,23.3700008392334,1730842,0.0,0.0
2024-07-02 09:30:00-04:00,23.239999771118164,23.700000762939453,23.100000381469727,23.489999771118164,3653999,0.0,0.0
2024-07-02 10:30:00-04:00,23.479999542236328,23.850000381469727,23.25,23.781400680541992,2228818,0.0,0.0
2024-07-02 11:30:00-04:00,23.799999237060547,24.170000076293945,23.579999923706055,24.069900512695312,1847326,0.0,0.0
2024-07-02 12:30:00-04:00,24.049999237060547,24.07979965209961,23.67009925842285,23.860000610351562,1232845,0.0,0.0
2024-07-02 13:30:00-04:00,23.860000610351562,24.299999237060547,23.670000076293945,24.1299991607666,1455898,0.0,0.0
2024-07-02 14:30:00-04:00,24.13990020751953,24.319900512695312,24.1200008392334,24.209999084472656,1186111,0.0,0.0
2024-07-02 15:30:00-04:00,24.203800201416016,24.257999420166016,23.899999618530273,23.979999542236328,1652019,0.0,0.0
2024-07-03 09:30:00-04:00,24.030000686645508,24.889999389648438,24.0,24.700000762939453,4139258,0.0,0.0
2024-07-03 10:30:00-04:00,24.702499389648438,24.749900817871094,23.940000534057617,24.19499969482422,2613427,0.0,0.0
2024-07-03 11:30:00-04:00,24.200000762939453,24.66990089416504,23.649999618530273,24.45009994506836,3282974,0.0,0.0
2024-07-05 09:30:00-04:00,24.18000030517578,25.07990074157715,23.850000381469727,24.43000030517578,4400052,0.0,0.0
2024-07-05 10:30:00-04:00,24.43000030517578,24.739999771118164,24.302000045776367,24.509899139404297,1254478,0.0,0.0
2024-07-05 11:30:00-04:00,24.469999313354492,24.850000381469727,24.469999313354492,24.741500854492188,1231326,0.0,0.0
2024-07-05 12:30:00-04:00,24.749900817871094,24.860000610351562,24.260000228881836,24.354999542236328,1195806,0.0,0.0
2024-07-05 13:30:00-04:00,24.359699249267578,24.6299991607666,24.100099563598633,24.239900588989258,1052451,0.0,0.0
2024-07-05 14:30:00-04:00,24.229999542236328,24.420000076293945,24.11009979248047,24.389999389648438,1147367,0.0,0.0
2024-07-05 15:30:00-04:00,24.389999389648438,24.469600677490234,24.100000381469727,24.139999389648438,1154493,0.0,0.0
2024-07-08 09:30:00-04:00,24.1299991607666,24.690000534057617,23.850000381469727,24.614999771118164,3801453,0.0,0.0
2024-07-08 10:30:00-04:00,24.610000610351562,25.139999389648438,24.38599967956543,24.850000381469727,3137646,0.0,0.0
2024-07-08 11:30:00-04:00,24.829999923706055,24.860000610351562,24.440000534057617,24.756399154663086,1389836,0.0,0.0
2024-07-08 12:30:00-04:00,24.75,24.769899368286133,24.540000915527344,24.755599975585938,566598,0.0,0.0
2024-07-08 13:30:00-04:00,24.75,24.909900665283203,24.649999618530273,24.670499801635742,839478,0.0,0.0
2024-07-08 14:30:00-04:00,24.670000076293945,24.690000534057617,24.479999542236328,24.571500778198242,782810,0.0,0.0
2024-07-08 15:30:00-04:00,24.572500228881836,24.739999771118164,24.479999542236328,24.479999542236328,922311,0.0,0.0
2024-07-09 09:30:00-04:00,24.600000381469727,25.179899215698242,24.209999084472656,24.270099639892578,3397716,0.0,0.0
2024-07-09 10:30:00-04:00,24.270000457763672,24.450000762939453,24.0,24.150100708007812,1765474,0.0,0.0
2024-07-09 11:30:00-04:00,24.149999618530273,24.31599998474121,24.120100021362305,24.309999465942383,682830,0.0,0.0
2024-07-09 12:30:00-04:00,24.29759979248047,24.591999053955078,24.18400001525879,24.559999465942383,801260,0.0,0.0
2024-07-09 13:30:00-04:00,24.559999465942383,24.690000534057617,24.40019989013672,24.469999313354492,718166,0.0,0.0
2024-07-09 14:30:00-04:00,24.489999771118164,24.52989959716797,24.360000610351562,24.395000457763672,549136,0.0,0.0
2024-07-09 15:30:00-04:00,24.3799991607666,24.68000030517578,24.260000228881836,24.583900451660156,1080280,0.0,0.0
2024-07-10 09:30:00-04:00,25.0,26.15999984741211,24.899999618530273,25.721599578857422,7952644,0.0,0.0
2024-07-10 10:30:00-04:00,25.729999542236328,26.450000762939453,25.420000076293945,26.08180046081543,4888872,0.0,0.0
2024-07-10 11:30:00-04:00,26.08099937438965,26.1200008392334,25.549999237060547,25.829999923706055,2493905,0.0,0.0
2024-07-10 12:30:00-04:00,25.829999923706055,26.059999465942383,25.15999984741211,25.299999237060547,2257947,0.0,0.0
2024-07-10 13:30:00-04:00,25.308000564575195,25.479900360107422,25.25,25.40239906311035,995586,0.0,0.0
2024-07-10 14:30:00-04:00,25.40999984741211,25.600000381469727,25.049999237060547,25.139999389648438,1589520,0.0,0.0
2024-07-10 15:30:00-04:00,25.149999618530273,25.185800552368164,24.927000045776367,24.969999313354492,1627757,0.0,0.0
2024-07-11 09:30:00-04:00,25.434999465942383,26.020000457763672,25.200000762939453,25.750200271606445,5005214,0.0,0.0
2024-07-11 10:30:00-04:00,25.730100631713867,25.93000030517578,25.450000762939453,25.511499404907227,1928242,0.0,0.0
2024-07-11 11:30:00-04:00,25.510000228881836,25.510000228881836,25.020000457763672,25.31999969482422,1752130,0.0,0.0
2024-07-11 12:30:00-04:00,25.329999923706055,25.539899826049805,25.290000915527344,25.450000762939453,864836,0.0,0.0
2024-07-11 13:30:00-04:00,25.440000534057617,25.575000762939453,25.1200008392334,25.329999923706055,1044077,0.0,0.0
2024-07-11 14:30:00-04:00,25.320100784301758,25.440000534057617,25.230199813842773,25.299999237060547,769327,0.0,0.0
2024-07-11 15:30:00-04:00,25.299999237060547,25.6299991607666,25.290000915527344,25.549999237060547,1295717,0.0,0.0
2024-07-12 09:30:00-04:00,25.760000228881836,26.1299991607666,25.420000076293945,25.756399154663086,3102620,0.0,0.0
2024-07-12 10:30:00-04:00,25.739999771118164,25.940000534057617,25.59000015258789,25.875,1466366,0.0,0.0
2024-07-12 11:30:00-04:00,25.8799991607666,26.889999389648438,25.860000610351562,26.364999771118164,5151510,0.0,0.0
2024-07-12 12:30:00-04:00,26.3700008392334,26.389999389648438,25.940000534057617,26.125,1709142,0.0,0.0
2024-07-12 13:30:00-04:00,26.129899978637695,26.299999237060547,25.940000534057617,26.211599349975586,1207658,0.0,0.0
2024-07-12 14:30:00-04:00,26.219999313354492,26.299999237060547,25.750099182128906,25.93000030517578,1712927,0.0,0.0
2024-07-12 15:30:00-04:00,25.93000030517578,26.100000381469727,25.829999923706055,26.084999084472656,1441559,0.0,0.0
2024-07-15 09:30:00-04:00,25.979999542236328,26.690000534057617,25.650999069213867,26.33009910583496,5037994,0.0,0.0
2024-07-15 10:30:00-04:00,26.350000381469727,26.56999969482422,26.1200008392334,26.399999618530273,1984271,0.0,0.0
2024-07-15 11:30:00-04:00,26.390100479125977,27.1200008392334,26.280099868774414,26.91200065612793,3392646,0.0,0.0
2024-07-15 12:30:00-04:00,26.921199798583984,27.200000762939453,26.520000457763672,26.709999084472656,1823833,0.0,0.0
2024-07-15 13:30:00-04:00,26.719999313354492,26.759899139404297,26.149999618530273,26.492599487304688,1560793,0.0,0.0
2024-07-15 14:30:00-04:00,26.480100631713867,27.049999237060547,26.479999542236328,26.81999969482422,1685197,0.0,0.0
2024-07-15 15:30:00-04:00,26.829999923706055,26.979999542236328,26.6299991607666,26.979999542236328,1166918,0.0,0.0
2024-07-16 09:30:00-04:00,27.75,28.65999984741211,27.370100021362305,27.780000686645508,9703000,0.0,0.0
2024-07-16 10:30:00-04:00,27.780000686645508,28.110000610351562,27.520099639892578,27.85449981689453,2222831,0.0,0.0
2024-07-16 11:30:00-04:00,27.84950065612793,27.849899291992188,27.43000030517578,27.770000457763672,1618355,0.0,0.0
2024-07-16 12:30:00-04:00,27.779300689697266,28.450000762939453,27.750099182128906,28.27910041809082,2425631,0.0,0.0
2024-07-16 13:30:00-04:00,28.260400772094727,28.469999313354492,27.889999389648438,28.13800048828125,1656883,0.0,0.0
2024-07-16 14:30:00-04:00,28.139999389648438,28.829999923706055,28.09000015258789,28.56999969482422,3005302,0.0,0.0
2024-07-16 15:30:00-04:00,28.559999465942383,28.59000015258789,28.200000762939453,28.559999465942383,2138539,0.0,0.0
2024-07-17 09:30:00-04:00,28.399999618530273,29.790000915527344,28.3799991607666,28.940000534057617,9641256,0.0,0.0
2024-07-17 10:30:00-04:00,28.940000534057617,29.0,28.34000015258789,28.941699981689453,2786933,0.0,0.0
2024-07-17 11:30:00-04:00,28.94499969482422,29.07990074157715,28.352399826049805,28.549999237060547,2033232,0.0,0.0
2024-07-17 12:30:00-04:00,28.549999237060547,29.170000076293945,28.549999237060547,29.010000228881836,1610916,0.0,0.0
2024-07-17 13:30:00-04:00,29.010000228881836,29.309999465942383,28.709999084472656,28.780000686645508,1476301,0.0,0.0
2024-07-17 14:30:00-04:00,28.760000228881836,28.899999618530273,28.530000686645508,28.6299991607666,1138842,0.0,0.0
2024-07-17 15:30:00-04:00,28.63279914855957,28.68000030517578,27.239999771118164,27.969999313354492,4267990,0.0,0.0
2024-07-18 09:30:00-04:00,27.979999542236328,28.381999969482422,27.229999542236328,27.915000915527344,4109541,0.0,0.0
2024-07-18 10:30:00-04:00,27.905000686645508,27.997699737548828,26.315900802612305,26.530899047851562,4058435,0.0,0.0
2024-07-18 11:30:00-04:00,26.527099609375,26.780000686645508,26.350000381469727,26.46030044555664,2002614,0.0,0.0
2024-07-18 12:30:00-04:00,26.459999084472656,26.790000915527344,26.350000381469727,26.528499603271484,1333305,0.0,0.0
2024-07-18 13:30:00-04:00,26.530000686645508,26.670000076293945,25.93000030517578,26.060100555419922,1843255,0.0,0.0
2024-07-18 14:30:00-04:00,26.06999969482422,26.240100860595703,25.610000610351562,25.764999389648438,1928606,0.0,0.0
2024-07-18 15:30:00-04:00,25.750099182128906,26.094999313354492,25.750099182128906,25.860000610351562,1360661,0.0,0.0
2024-07-19 09:30:00-04:00,25.549999237060547,26.069900512695312,25.229999542236328,25.809999465942383,2852425,0.0,0.0
2024-07-19 10:30:00-04:00,25.819599151611328,26.389999389648438,25.549999237060547,25.579999923706055,2259840,0.0,0.0
2024-07-19 11:30:00-04:00,25.56999969482422,25.690000534057617,25.280000686645508,25.669700622558594,1661533,0.0,0.0
2024-07-19 12:30:00-04:00,25.661300659179688,25.756999969482422,25.020000457763672,25.100000381469727,1299989,0.0,0.0
2024-07-19 13:30:00-04:00,25.104299545288086,25.290000915527344,24.920000076293945,25.040000915527344,1382574,0.0,0.0
2024-07-19 14:30:00-04:00,25.049999237060547,25.059999465942383,24.850000381469727,24.989999771118164,1238337,0.0,0.0
2024-07-19 15:30:00-04:00,25.0,25.097400665283203,24.920000076293945,24.940000534057617,1475607,0.0,0.0
2024-07-22 09:30:00-04:00,24.84000015258789,25.329999923706055,24.3799991607666,24.999900817871094,4178909,0.0,0.0
2024-07-22 10:30:00-04:00,24.99959945678711,25.389999389648438,24.78499984741211,24.8262996673584,1746996,0.0,0.0
2024-07-22 11:30:00-04:00,24.81999969482422,25.149999618530273,24.760099411010742,25.040000915527344,1153272,0.0,0.0
2024-07-22 12:30:00-04:00,25.045000076293945,25.239999771118164,24.93000030517578,25.06999969482422,873906,0.0,0.0
2024-07-22 13:30:00-04:00,25.06999969482422,25.729999542236328,24.950000762939453,25.70989990234375,2500247,0.0,0.0
2024-07-22 14:30:00-04:00,25.708799362182617,25.979999542236328,25.110000610351562,25.209999084472656,2236587,0.0,0.0
2024-07-22 15:30:00-04:00,25.209999084472656,25.450000762939453,25.15999984741211,25.299999237060547,1006070,0.0,0.0
2024-07-23 09:30:00-04:00,25.219999313354492,25.280000686645508,24.889999389648438,25.222900390625,2053775,0.0,0.0
2024-07-23 10:30:00-04:00,25.219999313354492,25.555599212646484,25.06999969482422,25.40999984741211,1298464,0.0,0.0
2024-07-23 11:30:00-04:00,25.40999984741211,25.6200008392334,25.309999465942383,25.399999618530273,933320,0.0,0.0
2024-07-23 12:30:00-04:00,25.389999389648438,25.540000915527344,25.260000228881836,25.531999588012695,924322,0.0,0.0
2024-07-23 13:30:00-04:00,25.520000457763672,25.670000076293945,25.389999389648438,25.440000534057617,864638,0.0,0.0
2024-07-23 14:30:00-04:00,25.450000762939453,25.639999389648438,25.440000534057617,25.6200008392334,738938,0.0,0.0
2024-07-23 15:30:00-04:00,25.6299991607666,25.68000030517578,25.479999542236328,25.5,836464,0.0,0.0
2024-07-24 09:30:00-04:00,25.149999618530273,25.450000762939453,24.56999969482422,24.764999389648438,2474303,0.0,0.0
2024-07-24 10:30:00-04:00,24.75,24.776500701904297,24.139999389648438,24.441499710083008,1975959,0.0,0.0
2024-07-24 11:30:00-04:00,24.440000534057617,24.65999984741211,24.280000686645508,24.420000076293945,974302,0.0,0.0
2024-07-24 12:30:00-04:00,24.40999984741211,24.469999313354492,24.210100173950195,24.31909942626953,594868,0.0,0.0
2024-07-24 13:30:00-04:00,24.309999465942383,24.449899673461914,24.139999389648438,24.15999984741211,645995,0.0,0.0
2024-07-24 14:30:00-04:00,24.15999984741211,24.270000457763672,23.950000762939453,24.0,1319194,0.0,0.0
2024-07-24 15:30:00-04:00,24.0,24.188400268554688,23.93000030517578,23.99720001220703,1175392,0.0,0.0
2024-07-25 09:30:00-04:00,23.59000015258789,24.3799991607666,23.360000610351562,24.350000381469727,3363582,0.0,0.0
2024-07-25 10:30:00-04:00,24.350000381469727,24.43000030517578,23.969999313354492,24.174999237060547,1206387,0.0,0.0
2024-07-25 11:30:00-04:00,24.170000076293945,24.530000686645508,24.109899520874023,24.510000228881836,881149,0.0,0.0
2024-07-25 12:30:00-04:00,24.520000457763672,24.58989906311035,24.25,24.2947998046875,860240,0.0,0.0
2024-07-25 13:30:00-04:00,24.274999618530273,24.459999084472656,24.1299991607666,24.389999389648438,538178,0.0,0.0
2024-07-25 14:30:00-04:00,24.3799991607666,24.479999542236328,24.120100021362305,24.260000228881836,559340,0.0,0.0
2024-07-25 15:30:00-04:00,24.260000228881836,24.270000457763672,23.93000030517578,23.940000534057617,829150,0.0,0.0
2024-07-26 09:30:00-04:00,24.280000686645508,24.749900817871094,24.280000686645508,24.440000534057617,1887686,0.0,0.0
2024-07-26 10:30:00-04:00,24.440000534057617,24.59000015258789,24.3700008392334,24.40290069580078,956291,0.0,0.0
2024-07-26 11:30:00-04:00,24.399999618530273,24.68720054626465,24.3799991607666,24.59000015258789,818182,0.0,0.0
2024-07-26 12:30:00-04:00,24.59000015258789,24.770000457763672,24.520000457763672,24.649999618530273,825096,0.0,0.0
2024-07-26 13:30:00-04:00,24.6299991607666,24.65999984741211,24.420000076293945,24.440000534057617,471204,0.0,0.0
2024-07-26 14:30:00-04:00,24.439699172973633,24.56999969482422,24.219999313354492,24.260000228881836,698853,0.0,0.0
2024-07-26 15:30:00-04:00,24.260000228881836,24.309999465942383,24.110000610351562,24.139999389648438,917179,0.0,0.0
2024-07-29 09:30:00-04:00,24.229999542236328,24.3799991607666,23.84000015258789,23.8799991607666,2079586,0.0,0.0
2024-07-29 10:30:00-04:00,23.8799991607666,23.899799346923828,23.6200008392334,23.790000915527344,1203079,0.0,0.0
2024-07-29 11:30:00-04:00,23.809900283813477,24.038000106811523,23.710100173950195,23.881999969482422,677842,0.0,0.0
2024-07-29 12:30:00-04:00,23.8700008392334,23.899999618530273,23.559999465942383,23.575000762939453,706740,0.0,0.0
2024-07-29 13:30:00-04:00,23.572900772094727,23.81999969482422,23.540000915527344,23.72089958190918,613061,0.0,0.0
2024-07-29 14:30:00-04:00,23.72209930419922,23.860000610351562,23.69499969482422,23.809999465942383,469345,0.0,0.0
2024-07-29 15:30:00-04:00,23.809999465942383,23.90999984741211,23.540000915527344,23.549999237060547,1233196,0.0,0.0
2024-07-30 09:30:00-04:00,23.600000381469727,23.889999389648438,23.3799991607666,23.388500213623047,1694458,0.0,0.0
2024-07-30 10:30:00-04:00,23.381799697875977,23.440000534057617,22.84000015258789,23.11989974975586,1958946,0.0,0.0
2024-07-30 11:30:00-04:00,23.110000610351562,23.1299991607666,22.719999313354492,22.909900665283203,1174807,0.0,0.0
2024-07-30 12:30:00-04:00,22.90999984741211,22.940000534057617,22.549999237060547,22.752099990844727,1242380,0.0,0.0
2024-07-30 13:30:00-04:00,22.75,23.020000457763672,22.739999771118164,22.860000610351562,680741,0.0,0.0
2024-07-30 14:30:00-04:00,22.854999542236328,22.869800567626953,22.690000534057617,22.749900817871094,374235,0.0,0.0
2024-07-30 15:30:00-04:00,22.739999771118164,22.739999771118164,22.34000015258789,22.40999984741211,1545057,0.0,0.0
2024-07-31 09:30:00-04:00,22.860000610351562,23.020000457763672,22.610000610351562,22.6299991607666,1653160,0.0,0.0
2024-07-31 10:30:00-04:00,22.635099411010742,23.15999984741211,22.6299991607666,22.940000534057617,1138462,0.0,0.0
2024-07-31 11:30:00-04:00,22.94499969482422,23.15999984741211,22.860000610351562,23.024200439453125,761591,0.0,0.0
2024-07-31 12:30:00-04:00,23.030000686645508,23.18000030517578,22.84000015258789,22.86400032043457,562174,0.0,0.0
2024-07-31 13:30:00-04:00,22.860000610351562,22.860000610351562,22.690000534057617,22.80500030517578,538537,0.0,0.0
2024-07-31 14:30:00-04:00,22.809900283813477,23.450000762939453,22.799999237060547,23.040000915527344,1495755,0.0,0.0
2024-07-31 15:30:00-04:00,23.040000915527344,23.174999237060547,22.622299194335938,22.729999542236328,1432454,0.0,0.0
2024-08-01 09:30:00-04:00,22.920000076293945,23.09000015258789,22.329999923706055,22.329999923706055,1688629,0.0,0.0
2024-08-01 10:30:00-04:00,22.3341007232666,22.377500534057617,21.889999389648438,21.970699310302734,1800067,0.0,0.0
2024-08-01 11:30:00-04:00,21.979999542236328,22.072200775146484,21.600000381469727,21.739999771118164,1856984,0.0,0.0
2024-08-01 12:30:00-04:00,21.731000900268555,21.84000015258789,21.56999969482422,21.81999969482422,1061635,0.0,0.0
2024-08-01 13:30:00-04:00,21.809999465942383,21.899999618530273,21.67009925842285,21.770200729370117,780428,0.0,0.0
2024-08-01 14:30:00-04:00,21.770000457763672,21.930099487304688,21.68000030517578,21.920000076293945,697875,0.0,0.0
2024-08-01 15:30:00-04:00,21.920000076293945,22.014999389648438,21.68000030517578,21.700000762939453,977953,0.0,0.0
2024-08-02 09:30:00-04:00,20.950000762939453,21.239900588989258,20.43000030517578,20.700000762939453,2988883,0.0,0.0
2024-08-02 10:30:00-04:00,20.68000030517578,20.80500030517578,20.469999313354492,20.716400146484375,1322514,0.0,0.0
2024-08-02 11:30:00-04:00,20.735000610351562,21.610000610351562,20.709199905395508,21.480499267578125,1485489,0.0,0.0
2024-08-02 12:30:00-04:00,21.489999771118164,21.549699783325195,20.8799991607666,20.92840003967285,910494,0.0,0.0
2024-08-02 13:30:00-04:00,20.93000030517578,21.030000686645508,20.760000228881836,21.020000457763672,561888,0.0,0.0
2024-08-02 14:30:00-04:00,21.014999389648438,21.100000381469727,20.889999389648438,21.06999969482422,513848,0.0,0.0
2024-08-02 15:30:00-04:00,21.065000534057617,21.110000610351562,20.899999618530273,21.06999969482422,901074,0.0,0.0
2024-08-05 09:30:00-04:00,18.829999923706055,20.329999923706055,18.729999542236328,19.469999313354492,6326213,0.0,0.0
2024-08-05 10:30:00-04:00,19.489999771118164,20.020000457763672,19.489999771118164,19.850000381469727,1396293,0.0,0.0
2024-08-05 11:30:00-04:00,19.844999313354492,20.270000457763672,19.84000015258789,20.149999618530273,949910,0.0,0.0
2024-08-05 12:30:00-04:00,20.149999618530273,20.3799991607666,20.100000381469727,20.277999877929688,793160,0.0,0.0
2024-08-05 13:30:00-04:00,20.270000457763672,20.4950008392334,20.15999984741211,20.19499969482422,595966,0.0,0.0
2024-08-05 14:30:00-04:00,20.190000534057617,20.569000244140625,20.100000381469727,20.569000244140625,941155,0.0,0.0
2024-08-05 15:30:00-04:00,20.56999969482422,20.799999237060547,20.520000457763672,20.661500930786133,909813,0.0,0.0
2024-08-06 09:30:00-04:00,21.020000457763672,21.057300567626953,20.260000228881836,20.540000915527344,1999699,0.0,0.0
2024-08-06 10:30:00-04:00,20.510000228881836,21.049999237060547,20.45009994506836,20.45009994506836,735868,0.0,0.0
2024-08-06 11:30:00-04:00,20.454999923706055,20.84000015258789,20.43000030517578,20.82990074157715,559763,0.0,0.0
2024-08-06 12:30:00-04:00,20.829999923706055,20.979999542236328,20.719999313354492,20.81999969482422,578772,0.0,0.0
2024-08-06 13:30:00-04:00,20.825000762939453,21.424999237060547,20.81999969482422,21.34000015258789,912499,0.0,0.0
2024-08-06 14:30:00-04:00,21.34000015258789,21.579999923706055,21.184999465942383,21.329999923706055,887986,0.0,0.0
2024-08-06 15:30:00-04:00,21.34000015258789,21.520000457763672,21.25,21.270000457763672,617696,0.0,0.0
2024-08-07 09:30:00-04:00,21.149999618530273,21.459999084472656,20.9689998626709,20.969999313354492,1573880,0.0,0.0
2024-08-07 10:30:00-04:00,20.98979949951172,21.34000015258789,20.950000762939453,21.31999969482422,693486,0.0,0.0
2024-08-07 11:30:00-04:00,21.309999465942383,21.3799991607666,21.040000915527344,21.125,567641,0.0,0.0
2024-08-07 12:30:00-04:00,21.1200008392334,21.149999618530273,20.65999984741211,20.809900283813477,724557,0.0,0.0
2024-08-07 13:30:00-04:00,20.799999237060547,20.969999313354492,20.459999084472656,20.6200008392334,669945,0.0,0.0
2024-08-07 14:30:00-04:00,20.600000381469727,20.722000122070312,20.3799991607666,20.560100555419922,634081,0.0,0.0
2024-08-07 15:30:00-04:00,20.579999923706055,21.040000915527344,20.539600372314453,20.84000015258789,941507,0.0,0.0
2024-08-08 09:30:00-04:00,21.010000228881836,21.34000015258789,20.809999465942383,21.34000015258789,1162318,0.0,0.0
2024-08-08 10:30:00-04:00,21.34000015258789,21.59000015258789,21.235000610351562,21.520000457763672,1114558,0.0,0.0
2024-08-08 11:30:00-04:00,21.530000686645508,21.68000030517578,21.3700008392334,21.610000610351562,644692,0.0,0.0
2024-08-08 12:30:00-04:00,21.610000610351562,21.6299991607666,21.334999084472656,21.62809944152832,486814,0.0,0.0
2024-08-08 13:30:00-04:00,21.6200008392334,21.875,21.545000076293945,21.840700149536133,732506,0.0,0.0
2024-08-08 14:30:00-04:00,21.844999313354492,21.8799991607666,21.63010025024414,21.770000457763672,523473,0.0,0.0
2024-08-08 15:30:00-04:00,21.779600143432617,21.84000015258789,21.729999542236328,21.739999771118164,539530,0.0,0.0
2024-08-09 09:30:00-04:00,21.510000228881836,22.0,21.459999084472656,21.84149932861328,933212,0.0,0.0
2024-08-09 10:30:00-04:00,21.844999313354492,22.08650016784668,21.700000762939453,21.920000076293945,656072,0.0,0.0
2024-08-09 11:30:00-04:00,21.938100814819336,21.959999084472656,21.520000457763672,21.643999099731445,498227,0.0,0.0
2024-08-09 12:30:00-04:00,21.649999618530273,21.959699630737305,21.6200008392334,21.930099487304688,393073,0.0,0.0
2024-08-09 13:30:00-04:00,21.940000534057617,22.170000076293945,21.68000030517578,21.899999618530273,912792,0.0,0.0
2024-08-09 14:30:00-04:00,21.90999984741211,22.1299991607666,21.8799991607666,21.975000381469727,491570,0.0,0.0
2024-08-09 15:30:00-04:00,21.96500015258789,22.030000686645508,21.80970001220703,21.935400009155273,685508,0.0,0.0
2024-08-12 09:30:00-04:00,21.979999542236328,22.270000457763672,21.739999771118164,22.040000915527344,1159997,0.0,0.0
2024-08-12 10:30:00-04:00,22.040000915527344,22.209999084472656,21.709999084472656,21.77989959716797,689578,0.0,0.0
2024-08-12 11:30:00-04:00,21.76099967956543,21.84000015258789,21.559999465942383,21.649900436401367,505377,0.0,0.0
2024-08-12 12:30:00-04:00,21.649999618530273,21.700000762939453,21.461000442504883,21.559999465942383,418242,0.0,0.0
2024-08-12 13:30:00-04:00,21.569900512695312,21.649999618530273,21.450000762939453,21.56999969482422,310633,0.0,0.0
2024-08-12 14:30:00-04:00,21.575000762939453,21.700000762939453,21.510000228881836,21.6299991607666,290247,0.0,0.0
2024-08-12 15:30:00-04:00,21.6299991607666,21.989999771118164,21.579999923706055,21.989999771118164,854952,0.0,0.0
2024-08-13 09:30:00-04:00,21.959999084472656,22.209999084472656,21.860000610351562,22.07990074157715,946866,0.0,0.0
2024-08-13 10:30:00-04:00,22.059999465942383,22.100000381469727,21.8700008392334,22.079999923706055,497618,0.0,0.0
2024-08-13 11:30:00-04:00,22.076000213623047,22.360000610351562,22.059999465942383,22.200000762939453,671534,0.0,0.0
2024-08-13 12:30:00-04:00,22.190000534057617,22.379899978637695,22.15999984741211,22.290000915527344,382402,0.0,0.0
2024-08-13 13:30:00-04:00,22.299999237060547,22.309999465942383,22.1299991607666,22.15999984741211,358748,0.0,0.0
2024-08-13 14:30:00-04:00,22.155000686645508,22.25,22.084999084472656,22.170000076293945,414398,0.0,0.0
2024-08-13 15:30:00-04:00,22.16119956970215,22.360000610351562,22.16119956970215,22.260000228881836,502488,0.0,0.0
2024-08-14 09:30:00-04:00,22.34000015258789,22.729999542236328,22.059999465942383,22.170000076293945,1246084,0.0,0.0
2024-08-14 10:30:00-04:00,22.15999984741211,22.170000076293945,21.89579963684082,21.974000930786133,486570,0.0,0.0
2024-08-14 11:30:00-04:00,21.97010040283203,22.15999984741211,21.790000915527344,21.849899291992188,425698,0.0,0.0
2024-08-14 12:30:00-04:00,21.84000015258789,22.049999237060547,21.809999465942383,21.990999221801758,287437,0.0,0.0
2024-08-14 13:30:00-04:00,22.0,22.06999969482422,21.90999984741211,22.049999237060547,263258,0.0,0.0
2024-08-14 14:30:00-04:00,22.049999237060547,22.1299991607666,21.969999313354492,22.03499984741211,271045,0.0,0.0
2024-08-14 15:30:00-04:00,22.020000457763672,22.059999465942383,21.90999984741211,21.979999542236328,373710,0.0,0.0
2024-08-15 09:30:00-04:00,22.25,22.520000457763672,21.969999313354492,22.420000076293945,1250780,0.0,0.0
2024-08-15 10:30:00-04:00,22.420000076293945,22.6299991607666,22.280000686645508,22.5,961359,0.0,0.0
2024-08-15 11:30:00-04:00,22.5,22.719999313354492,22.490999221801758,22.650100708007812,683496,0.0,0.0
2024-08-15 12:30:00-04:00,22.65999984741211,22.770000457763672,22.489999771118164,22.699800491333008,645095,0.0,0.0
2024-08-15 13:30:00-04:00,22.690000534057617,22.84000015258789,22.434999465942383,22.44860076904297,646404,0.0,0.0
2024-08-15 14:30:00-04:00,22.434999465942383,22.610000610351562,22.421499252319336,22.5216007232666,375695,0.0,0.0
2024-08-15 15:30:00-04:00,22.524999618530273,22.579999923706055,22.309999465942383,22.56999969482422,601922,0.0,0.0
2024-08-16 09:30:00-04:00,22.3700008392334,22.610200881958008,22.237600326538086,22.590299606323242,998672,0.0,0.0
2024-08-16 10:30:00-04:00,22.600000381469727,22.600000381469727,22.40999984741211,22.510000228881836,392645,0.0,0.0
2024-08-16 11:30:00-04:00,22.513999938964844,22.645000457763672,22.489999771118164,22.56999969482422,366584,0.0,0.0
2024-08-16 12:30:00-04:00,22.559999465942383,22.690000534057617,22.454999923706055,22.49209976196289,396215,0.0,0.0
2024-08-16 13:30:00-04:00,22.510000228881836,22.530000686645508,22.450000762939453,22.50909996032715,304404,0.0,0.0
2024-08-16 14:30:00-04:00,22.510000228881836,22.57990074157715,22.405000686645508,22.57990074157715,400837,0.0,0.0
2024-08-16 15:30:00-04:00,22.579999923706055,22.58989906311035,22.350000381469727,22.3799991607666,604698,0.0,0.0
2024-08-19 09:30:00-04:00,22.350000381469727,22.920000076293945,22.323999404907227,22.920000076293945,1250707,0.0,0.0
2024-08-19 10:30:00-04:00,22.940000534057617,23.100000381469727,22.770000457763672,22.90920066833496,773544,0.0,0.0
2024-08-19 11:30:00-04:00,22.920000076293945,22.969999313354492,22.6299991607666,22.650100708007812,618679,0.0,0.0
2024-08-19 12:30:00-04:00,22.649999618530273,22.80940055847168,22.6200008392334,22.75,349438,0.0,0.0
2024-08-19 13:30:00-04:00,22.756999969482422,22.770000457763672,22.610000610351562,22.700000762939453,397404,0.0,0.0
2024-08-19 14:30:00-04:00,22.704999923706055,22.790000915527344,22.650100708007812,22.760000228881836,320292,0.0,0.0
2024-08-19 15:30:00-04:00,22.761999130249023,22.770000457763672,22.559999465942383,22.639999389648438,560349,0.0,0.0
2024-08-20 09:30:00-04:00,22.5,22.520000457763672,22.15999984741211,22.200000762939453,1444373,0.0,0.0
2024-08-20 10:30:00-04:00,22.200000762939453,22.290000915527344,21.959999084472656,22.11989974975586,657578,0.0,0.0
2024-08-20 11:30:00-04:00,22.101999282836914,22.270000457763672,22.059999465942383,22.174999237060547,340768,0.0,0.0
2024-08-20 12:30:00-04:00,22.178199768066406,22.239999771118164,22.059999465942383,22.18000030517578,195380,0.0,0.0
2024-08-20 13:30:00-04:00,22.190000534057617,22.440000534057617,22.174999237060547,22.34000015258789,301954,0.0,0.0
2024-08-20 14:30:00-04:00,22.360000610351562,22.389999389648438,22.29010009765625,22.329999923706055,207328,0.0,0.0
2024-08-20 15:30:00-04:00,22.334999084472656,22.350000381469727,22.239900588989258,22.290000915527344,314157,0.0,0.0
2024-08-21 09:30:00-04:00,22.170000076293945,22.6299991607666,22.15999984741211,22.540000915527344,841650,0.0,0.0
2024-08-21 10:30:00-04:00,22.5408992767334,22.649999618530273,22.280000686645508,22.450000762939453,454110,0.0,0.0
2024-08-21 11:30:00-04:00,22.440000534057617,22.489999771118164,22.270000457763672,22.34000015258789,301587,0.0,0.0
2024-08-21 12:30:00-04:00,22.360000610351562,22.399999618530273,22.260000228881836,22.315000534057617,290210,0.0,0.0
2024-08-21 13:30:00-04:00,22.31879997253418,22.3700008392334,22.202199935913086,22.364999771118164,372355,0.0,0.0
2024-08-21 14:30:00-04:00,22.3700008392334,22.43000030517578,22.31999969482422,22.43000030517578,280756,0.0,0.0
2024-08-21 15:30:00-04:00,22.420000076293945,22.56999969482422,22.395000457763672,22.530000686645508,421576,0.0,0.0
2024-08-22 09:30:00-04:00,22.5,22.700000762939453,22.3799991607666,22.599899291992188,844149,0.0,0.0
2024-08-22 10:30:00-04:00,22.584999084472656,22.760000228881836,22.510000228881836,22.520000457763672,460559,0.0,0.0
2024-08-22 11:30:00-04:00,22.524999618530273,22.559999465942383,22.309999465942383,22.510000228881836,462732,0.0,0.0
2024-08-22 12:30:00-04:00,22.5049991607666,22.59000015258789,22.360000610351562,22.469999313354492,271292,0.0,0.0
2024-08-22 13:30:00-04:00,22.469999313354492,22.5,22.3700008392334,22.47599983215332,219421,0.0,0.0
2024-08-22 14:30:00-04:00,22.47010040283203,22.56999969482422,22.3700008392334,22.3700008392334,387416,0.0,0.0
2024-08-22 15:30:00-04:00,22.381999969482422,22.381999969482422,22.09000015258789,22.110000610351562,600074,0.0,0.0
2024-08-23 09:30:00-04:00,22.25,22.6200008392334,22.239999771118164,22.5,1073079,0.0,0.0
2024-08-23 10:30:00-04:00,22.520000457763672,22.540000915527344,22.229999542236328,22.420000076293945,686221,0.0,0.0
2024-08-23 11:30:00-04:00,22.412900924682617,22.452600479125977,22.260000228881836,22.314300537109375,351754,0.0,0.0
2024-08-23 12:30:00-04:00,22.309999465942383,22.549999237060547,22.299999237060547,22.5049991607666,554892,0.0,0.0
2024-08-23 13:30:00-04:00,22.5049991607666,22.540000915527344,22.389999389648438,22.420400619506836,443271,0.0,0.0
2024-08-23 14:30:00-04:00,22.423999786376953,22.424999237060547,22.260000228881836,22.309999465942383,330191,0.0,0.0
2024-08-23 15:30:00-04:00,22.299999237060547,22.309999465942383,22.18000030517578,22.18000030517578,434346,0.0,0.0
2024-08-26 09:30:00-04:00,22.25,22.389999389648438,22.059999465942383,22.060400009155273,1113197,0.0,0.0
2024-08-26 10:30:00-04:00,22.059999465942383,22.079099655151367,21.729999542236328,21.811100006103516,780421,0.0,0.0
2024-08-26 11:30:00-04:00,21.809999465942383,21.85540008544922,21.709999084472656,21.78499984741211,335792,0.0,0.0
2024-08-26 12:30:00-04:00,21.780000686645508,21.780000686645508,21.530000686645508,21.6299991607666,540675,0.0,0.0
2024-08-26 13:30:00-04:00,21.6299991607666,21.690000534057617,21.459999084472656,21.485000610351562,504613,0.0,0.0
2024-08-26 14:30:00-04:00,21.482200622558594,21.59000015258789,21.440000534057617,21.476600646972656,440885,0.0,0.0
2024-08-26 15:30:00-04:00,21.467599868774414,21.559999465942383,21.299999237060547,21.309999465942383,855998,0.0,0.0
2024-08-27 09:30:00-04:00,21.059999465942383,21.290000915527344,20.794599533081055,21.09000015258789,1252077,0.0,0.0
2024-08-27 10:30:00-04:00,21.096900939941406,21.10759925842285,20.8799991607666,20.8799991607666,407951,0.0,0.0
2024-08-27 11:30:00-04:00,20.884700775146484,20.950000762939453,20.729999542236328,20.734899520874023,616423,0.0,0.0
2024-08-27 12:30:00-04:00,20.739999771118164,20.780000686645508,20.65999984741211,20.760000228881836,404602,0.0,0.0
2024-08-27 13:30:00-04:00,20.770000457763672,21.020000457763672,20.760000228881836,20.950000762939453,348234,0.0,0.0
2024-08-27 14:30:00-04:00,20.940000534057617,20.989999771118164,20.844999313354492,20.8700008392334,288866,0.0,0.0
2024-08-27 15:30:00-04:00,20.8700008392334,20.899999618530273,20.700000762939453,20.709999084472656,590932,0.0,0.0
2024-08-28 09:30:00-04:00,20.709999084472656,21.06999969482422,20.709999084472656,20.854000091552734,921740,0.0,0.0
2024-08-28 10:30:00-04:00,20.860000610351562,20.899900436401367,20.34000015258789,20.389999389648438,925585,0.0,0.0
2024-08-28 11:30:00-04:00,20.38990020751953,20.459999084472656,20.170000076293945,20.270000457763672,760173,0.0,0.0
2024-08-28 12:30:00-04:00,20.27989959716797,20.420000076293945,20.27989959716797,20.329099655151367,282046,0.0,0.0
2024-08-28 13:30:00-04:00,20.32819938659668,20.3799991607666,20.260099411010742,20.280000686645508,262650,0.0,0.0
2024-08-28 14:30:00-04:00,20.28499984741211,20.31999969482422,19.959999084472656,20.170000076293945,912280,0.0,0.0
2024-08-28 15:30:00-04:00,20.17799949645996,20.200000762939453,19.8799991607666,19.90999984741211,801721,0.0,0.0
2024-08-29 09:30:00-04:00,20.5,21.3799991607666,20.469999313354492,21.310100555419922,1917499,0.0,0.0
2024-08-29 10:30:00-04:00,21.315000534057617,21.315000534057617,20.979999542236328,21.100000381469727,659898,0.0,0.0
2024-08-29 11:30:00-04:00,21.100000381469727,21.790000915527344,21.040000915527344,21.59600067138672,1344354,0.0,0.0
2024-08-29 12:30:00-04:00,21.59000015258789,22.399999618530273,21.440000534057617,22.389999389648438,1778891,0.0,0.0
2024-08-29 13:30:00-04:00,22.389999389648438,22.450000762939453,21.68000030517578,21.729999542236328,2127169,0.0,0.0
2024-08-29 14:30:00-04:00,21.730100631713867,22.1299991607666,21.700000762939453,21.996000289916992,1245753,0.0,0.0
2024-08-29 15:30:00-04:00,22.0,22.030000686645508,21.395000457763672,21.5,1021745,0.0,0.0
2024-08-30 09:30:00-04:00,21.81999969482422,22.440000534057617,21.729999542236328,21.860000610351562,2372806,0.0,0.0
2024-08-30 10:30:00-04:00,21.850000381469727,22.09000015258789,21.770000457763672,21.916000366210938,602521,0.0,0.0
2024-08-30 11:30:00-04:00,21.902099609375,22.219999313354492,21.860000610351562,22.110000610351562,799727,0.0,0.0
2024-08-30 12:30:00-04:00,22.110000610351562,22.440000534057617,22.020000457763672,22.399999618530273,816896,0.0,0.0
2024-08-30 13:30:00-04:00,22.399999618530273,23.479999542236328,22.340099334716797,22.8799991607666,3795242,0.0,0.0
2024-08-30 14:30:00-04:00,22.8799991607666,23.3700008392334,22.809999465942383,23.06999969482422,1934172,0.0,0.0
2024-08-30 15:30:00-04:00,23.076900482177734,23.479999542236328,22.889999389648438,23.43000030517578,2126033,0.0,0.0
2024-09-03 09:30:00-04:00,24.149999618530273,24.690000534057617,23.40999984741211,23.750699996948242,5162335,0.0,0.0
2024-09-03 10:30:00-04:00,23.75,24.199899673461914,23.489999771118164,23.950000762939453,1680405,0.0,0.0
2024-09-03 11:30:00-04:00,23.93000030517578,23.979999542236328,23.420000076293945,23.440000534057617,875103,0.0,0.0
2024-09-03 12:30:00-04:00,23.44179916381836,23.44179916381836,23.040000915527344,23.379899978637695,1009264,0.0,0.0
2024-09-03 13:30:00-04:00,23.375699996948242,23.3799991607666,22.820100784301758,22.90999984741211,818361,0.0,0.0
2024-09-03 14:30:00-04:00,22.90999984741211,23.25,22.81999969482422,23.149999618530273,735515,0.0,0.0
2024-09-03 15:30:00-04:00,23.15999984741211,23.199899673461914,22.93000030517578,23.139999389648438,707218,0.0,0.0
2024-09-04 09:30:00-04:00,22.850000381469727,23.709999084472656,22.81999969482422,23.3700008392334,1885321,0.0,0.0
2024-09-04 10:30:00-04:00,23.3799991607666,23.59000015258789,22.920000076293945,22.975000381469727,993861,0.0,0.0
2024-09-04 11:30:00-04:00,22.969999313354492,23.079999923706055,22.729999542236328,22.86370086669922,604697,0.0,0.0
2024-09-04 12:30:00-04:00,22.860000610351562,22.96619987487793,22.739999771118164,22.883699417114258,586291,0.0,0.0
2024-09-04 13:30:00-04:00,22.899999618530273,22.93000030517578,22.559999465942383,22.6299991607666,643708,0.0,0.0
2024-09-04 14:30:00-04:00,22.645000457763672,22.75,22.190000534057617,22.25,928364,0.0,0.0
2024-09-04 15:30:00-04:00,22.240100860595703,22.325000762939453,22.110000610351562,22.1200008392334,794453,0.0,0.0
2024-09-05 09:30:00-04:00,22.0,22.68000030517578,22.0,22.56999969482422,1274592,0.0,0.0
2024-09-05 10:30:00-04:00,22.57900047302246,22.649999618530273,21.670000076293945,21.739999771118164,1289140,0.0,0.0
2024-09-05 11:30:00-04:00,21.726900100708008,22.059999465942383,21.65679931640625,22.020000457763672,579031,0.0,0.0
2024-09-05 12:30:00-04:00,22.030000686645508,22.149999618530273,21.850000381469727,21.8799991607666,304074,0.0,0.0
2024-09-05 13:30:00-04:00,21.8700008392334,22.100000381469727,21.850000381469727,22.030000686645508,236447,0.0,0.0
2024-09-05 14:30:00-04:00,22.040000915527344,22.379199981689453,22.030000686645508,22.354999542236328,502858,0.0,0.0
2024-09-05 15:30:00-04:00,22.350000381469727,22.433500289916992,22.190000534057617,22.389999389648438,667358,0.0,0.0
2024-09-06 09:30:00-04:00,22.399999618530273,22.799999237060547,22.100000381469727,22.115999221801758,1162201,0.0,0.0
2024-09-06 10:30:00-04:00,22.1200008392334,22.199899673461914,21.809999465942383,22.099899291992188,827300,0.0,0.0
2024-09-06 11:30:00-04:00,22.110000610351562,24.479999542236328,22.040000915527344,23.531600952148438,8845147,0.0,0.0
2024-09-06 12:30:00-04:00,23.520000457763672,23.84000015258789,22.570100784301758,23.600000381469727,4757649,0.0,0.0
2024-09-06 13:30:00-04:00,23.600000381469727,23.729999542236328,22.799999237060547,23.26099967956543,2653795,0.0,0.0
2024-09-06 14:30:00-04:00,23.274999618530273,23.950000762939453,23.190000534057617,23.926599502563477,2294534,0.0,0.0
2024-09-06 15:30:00-04:00,23.924999237060547,24.170000076293945,23.700000762939453,23.895000457763672,2640654,0.0,0.0
2024-09-09 09:30:00-04:00,23.239999771118164,24.280000686645508,23.15999984741211,24.02790069580078,3593245,0.0,0.0
2024-09-09 10:30:00-04:00,24.049999237060547,24.199899673461914,23.459999084472656,24.170000076293945,1643166,0.0,0.0
2024-09-09 11:30:00-04:00,24.1742000579834,25.014999389648438,24.06999969482422,24.56999969482422,3275701,0.0,0.0
2024-09-09 12:30:00-04:00,24.57159996032715,24.75,24.40999984741211,24.738399505615234,1440154,0.0,0.0
2024-09-09 13:30:00-04:00,24.729999542236328,24.75,24.34000015258789,24.6200008392334,1179371,0.0,0.0
2024-09-09 14:30:00-04:00,24.62980079650879,24.649999618530273,24.149999618530273,24.235000610351562,1165888,0.0,0.0
2024-09-09 15:30:00-04:00,24.235000610351562,24.3799991607666,24.110000610351562,24.229999542236328,1349068,0.0,0.0
2024-09-10 09:30:00-04:00,24.770000457763672,24.799999237060547,23.860000610351562,24.34000015258789,3510936,0.0,0.0
2024-09-10 10:30:00-04:00,24.34000015258789,24.459999084472656,24.149999618530273,24.41010093688965,965609,0.0,0.0
2024-09-10 11:30:00-04:00,24.420000076293945,24.59000015258789,23.649999618530273,23.778400421142578,1722139,0.0,0.0
2024-09-10 12:30:00-04:00,23.770000457763672,24.350000381469727,23.639999389648438,23.981199264526367,1307303,0.0,0.0
2024-09-10 13:30:00-04:00,23.989999771118164,24.15999984741211,23.8700008392334,24.014999389648438,827184,0.0,0.0
2024-09-10 14:30:00-04:00,24.010099411010742,24.020000457763672,23.163000106811523,23.334999084472656,2788365,0.0,0.0
2024-09-10 15:30:00-04:00,23.329999923706055,23.520000457763672,23.131999969482422,23.459999084472656,2159426,0.0,0.0
2024-09-11 09:30:00-04:00,20.825000762939453,21.09000015258789,19.5,19.5049991607666,12625701,0.0,0.0
2024-09-11 10:30:00-04:00,19.5049991607666,20.06999969482422,19.309999465942383,19.939899444580078,4606561,0.0,0.0
2024-09-11 11:30:00-04:00,19.93000030517578,20.200000762939453,19.80500030517578,20.020000457763672,2242340,0.0,0.0
2024-09-11 12:30:00-04:00,20.014999389648438,20.329999923706055,19.75,20.06999969482422,2020743,0.0,0.0
2024-09-11 13:30:00-04:00,20.071199417114258,20.109800338745117,19.790000915527344,20.075000762939453,2046091,0.0,0.0
2024-09-11 14:30:00-04:00,20.075000762939453,20.100000381469727,19.799999237060547,19.985000610351562,2024247,0.0,0.0
2024-09-11 15:30:00-04:00,19.985000610351562,20.690000534057617,19.979999542236328,20.635000228881836,2766709,0.0,0.0
2024-09-12 09:30:00-04:00,20.510000228881836,20.6299991607666,19.990999221801758,20.28499984741211,2889443,0.0,0.0
2024-09-12 10:30:00-04:00,20.290000915527344,20.43000030517578,20.219999313354492,20.25,1126012,0.0,0.0
2024-09-12 11:30:00-04:00,20.2450008392334,20.295000076293945,20.110000610351562,20.174999237060547,1008180,0.0,0.0
2024-09-12 12:30:00-04:00,20.18000030517578,20.350000381469727,20.1200008392334,20.325000762939453,938885,0.0,0.0
2024-09-12 13:30:00-04:00,20.31999969482422,20.700000762939453,20.30030059814453,20.40999984741211,1224254,0.0,0.0
2024-09-12 14:30:00-04:00,20.40999984741211,20.510000228881836,20.260000228881836,20.381000518798828,1185030,0.0,0.0
2024-09-12 15:30:00-04:00,20.3799991607666,20.43000030517578,20.219999313354492,20.399999618530273,989451,0.0,0.0
2024-09-13 09:30:00-04:00,20.489999771118164,20.649999618530273,20.34000015258789,20.514999389648438,1630847,0.0,0.0
2024-09-13 10:30:00-04:00,20.510000228881836,20.889999389648438,20.44499969482422,20.805500030517578,1760301,0.0,0.0
2024-09-13 11:30:00-04:00,20.81999969482422,20.915000915527344,20.480100631713867,20.579999923706055,1176929,0.0,0.0
2024-09-13 12:30:00-04:00,20.56999969482422,20.670000076293945,20.55069923400879,20.588699340820312,457560,0.0,0.0
2024-09-13 13:30:00-04:00,20.59000015258789,20.90999984741211,20.55500030517578,20.780000686645508,782806,0.0,0.0
2024-09-13 14:30:00-04:00,20.770099639892578,20.860000610351562,20.540000915527344,20.575000762939453,865943,0.0,0.0
2024-09-13 15:30:00-04:00,20.56999969482422,20.65999984741211,20.511499404907227,20.649999618530273,1126576,0.0,0.0
2024-09-16 09:30:00-04:00,20.450000762939453,20.5,19.9158992767334,20.247600555419922,1830224,0.0,0.0
2024-09-16 10:30:00-04:00,20.239999771118164,20.479999542236328,20.11400032043457,20.44499969482422,853110,0.0,0.0
2024-09-16 11:30:00-04:00,20.440000534057617,20.488100051879883,20.25,20.350099563598633,477115,0.0,0.0
2024-09-16 12:30:00-04:00,20.354999542236328,20.44499969482422,20.309999465942383,20.443899154663086,439227,0.0,0.0
2024-09-16 13:30:00-04:00,20.440000534057617,20.520000457763672,20.329999923706055,20.3799991607666,441971,0.0,0.0
2024-09-16 14:30:00-04:00,20.385000228881836,20.40999984741211,20.139999389648438,20.18000030517578,786938,0.0,0.0
2024-09-16 15:30:00-04:00,20.174999237060547,20.239999771118164,20.06999969482422,20.110000610351562,913251,0.0,0.0
2024-09-17 09:30:00-04:00,20.239999771118164,20.559999465942383,20.15999984741211,20.399999618530273,1577920,0.0,0.0
2024-09-17 10:30:00-04:00,20.399999618530273,20.40999984741211,20.1200008392334,20.19499969482422,956998,0.0,0.0
2024-09-17 11:30:00-04:00,20.19499969482422,20.209999084472656,19.979999542236328,20.049999237060547,873569,0.0,0.0
2024-09-17 12:30:00-04:00,20.05590057373047,20.119300842285156,19.920000076293945,20.084999084472656,698445,0.0,0.0
2024-09-17 13:30:00-04:00,20.084999084472656,20.15999984741211,19.990100860595703,20.080900192260742,423109,0.0,0.0
2024-09-17 14:30:00-04:00,20.079999923706055,20.18000030517578,19.9950008392334,20.15999984741211,432516,0.0,0.0
2024-09-17 15:30:00-04:00,20.202299118041992,20.31599998474121,20.125,20.15999984741211,1137356,0.0,0.0
2024-09-18 09:30:00-04:00,20.049999237060547,20.18000030517578,19.829999923706055,20.00200080871582,1511699,0.0,0.0
2024-09-18 10:30:00-04:00,20.010000228881836,20.040000915527344,19.850000381469727,19.861299514770508,623772,0.0,0.0
2024-09-18 11:30:00-04:00,19.851600646972656,20.0049991607666,19.725000381469727,19.735000610351562,1047203,0.0,0.0
2024-09-18 12:30:00-04:00,19.729999542236328,19.729999542236328,19.479999542236328,19.6299991607666,1491936,0.0,0.0
2024-09-18 13:30:00-04:00,19.625,20.170000076293945,19.61090087890625,20.079999923706055,1521145,0.0,0.0
2024-09-18 14:30:00-04:00,20.079999923706055,20.260000228881836,19.420000076293945,19.760000228881836,2229565,0.0,0.0
2024-09-18 15:30:00-04:00,19.75,19.829999923706055,19.59000015258789,19.610000610351562,1015329,0.0,0.0
2024-09-19 09:30:00-04:00,19.889999389648438,20.029600143432617,19.54010009765625,19.689899444580078,1866344,0.0,0.0
2024-09-19 10:30:00-04:00,19.684999465942383,19.899900436401367,19.670000076293945,19.832199096679688,1153344,0.0,0.0
2024-09-19 11:30:00-04:00,19.844999313354492,19.899999618530273,19.75,19.825000762939453,492629,0.0,0.0
2024-09-19 12:30:00-04:00,19.825000762939453,19.940000534057617,19.65999984741211,19.8302001953125,823143,0.0,0.0
2024-09-19 13:30:00-04:00,19.84000015258789,19.899999618530273,19.59000015258789,19.614999771118164,775706,0.0,0.0
2024-09-19 14:30:00-04:00,19.614999771118164,19.6200008392334,19.469999313354492,19.52989959716797,1302875,0.0,0.0
2024-09-19 15:30:00-04:00,19.524999618530273,19.54990005493164,19.469999313354492,19.5,1089731,0.0,0.0
2024-09-20 09:30:00-04:00,19.6299991607666,20.270000457763672,19.48200035095215,20.08799934387207,7593434,0.0,0.0
2024-09-20 10:30:00-04:00,20.09000015258789,21.389999389648438,20.079999923706055,20.422300338745117,8004694,0.0,0.0
2024-09-20 11:30:00-04:00,20.43000030517578,21.450000762939453,20.329999923706055,21.059999465942383,4401307,0.0,0.0
2024-09-20 12:30:00-04:00,21.050100326538086,21.309900283813477,20.959999084472656,21.25,2517975,0.0,0.0
2024-09-20 13:30:00-04:00,21.25,21.559900283813477,20.969999313354492,21.43939971923828,3287017,0.0,0.0
2024-09-20 14:30:00-04:00,21.430099487304688,21.889999389648438,21.350000381469727,21.780099868774414,4457435,0.0,0.0
2024-09-20 15:30:00-04:00,21.780000686645508,22.030000686645508,21.68000030517578,21.90999984741211,3933155,0.0,0.0
2024-09-23 09:30:00-04:00,21.540000915527344,21.920000076293945,21.230100631713867,21.559999465942383,3410951,0.0,0.0
2024-09-23 10:30:00-04:00,21.56999969482422,22.239999771118164,21.559999465942383,22.219999313354492,1670016,0.0,0.0
2024-09-23 11:30:00-04:00,22.219900131225586,22.559999465942383,22.049999237060547,22.368000030517578,1989579,0.0,0.0
2024-09-23 12:30:00-04:00,22.350000381469727,22.520000457763672,22.09000015258789,22.100000381469727,1297732,0.0,0.0
2024-09-23 13:30:00-04:00,22.100000381469727,22.385000228881836,22.059999465942383,22.260000228881836,1003004,0.0,0.0
2024-09-23 14:30:00-04:00,22.260000228881836,22.399999618530273,22.170000076293945,22.375,687887,0.0,0.0
2024-09-23 15:30:00-04:00,22.3700008392334,22.5,22.059999465942383,22.280000686645508,1436520,0.0,0.0
2024-09-24 09:30:00-04:00,22.610000610351562,22.65999984741211,21.83009910583496,21.940000534057617,3133538,0.0,0.0
2024-09-24 10:30:00-04:00,21.938800811767578,22.08839988708496,21.6299991607666,21.770000457763672,1614933,0.0,0.0
2024-09-24 11:30:00-04:00,21.770099639892578,21.969999313354492,21.540000915527344,21.797100067138672,1225846,0.0,0.0
2024-09-24 12:30:00-04:00,21.790000915527344,22.549999237060547,21.739999771118164,22.530000686645508,1423461,0.0,0.0
2024-09-24 13:30:00-04:00,22.540000915527344,22.719999313354492,22.329999923706055,22.350000381469727,1595389,0.0,0.0
2024-09-24 14:30:00-04:00,22.350000381469727,22.540000915527344,22.299999237060547,22.499900817871094,714008,0.0,0.0
2024-09-24 15:30:00-04:00,22.489999771118164,22.635000228881836,22.440000534057617,22.6200008392334,1006552,0.0,0.0
2024-09-25 09:30:00-04:00,22.15999984741211,22.829999923706055,22.15999984741211,22.43199920654297,1836121,0.0,0.0
2024-09-25 10:30:00-04:00,22.420000076293945,22.530000686645508,22.260900497436523,22.469999313354492,683153,0.0,0.0
2024-09-25 11:30:00-04:00,22.459999084472656,22.549999237060547,22.290000915527344,22.3799991607666,441753,0.0,0.0
2024-09-25 12:30:00-04:00,22.3700008392334,22.395000457763672,22.170000076293945,22.34000015258789,876212,0.0,0.0
2024-09-25 13:30:00-04:00,22.329999923706055,22.43000030517578,22.309999465942383,22.399999618530273,509516,0.0,0.0
2024-09-25 14:30:00-04:00,22.399999618530273,22.399999618530273,22.270000457763672,22.309999465942383,420705,0.0,0.0
2024-09-25 15:30:00-04:00,22.30500030517578,22.30500030517578,22.065000534057617,22.165000915527344,1034376,0.0,0.0
2024-09-26 09:30:00-04:00,22.399999618530273,22.639999389648438,22.18000030517578,22.194299697875977,1758175,0.0,0.0
2024-09-26 10:30:00-04:00,22.200000762939453,22.379899978637695,21.8700008392334,22.235000610351562,1254663,0.0,0.0
2024-09-26 11:30:00-04:00,22.221500396728516,22.42930030822754,22.210100173950195,22.219999313354492,425888,0.0,0.0
2024-09-26 12:30:00-04:00,22.229999542236328,22.229999542236328,22.010000228881836,22.145000457763672,428349,0.0,0.0
2024-09-26 13:30:00-04:00,22.149999618530273,22.19070053100586,22.09000015258789,22.110000610351562,293048,0.0,0.0
2024-09-26 14:30:00-04:00,22.100000381469727,22.200000762939453,22.06999969482422,22.18000030517578,375106,0.0,0.0
2024-09-26 15:30:00-04:00,22.170000076293945,22.450000762939453,22.149999618530273,22.280000686645508,994029,0.0,0.0
2024-09-27 09:30:00-04:00,22.389999389648438,22.489999771118164,22.149999618530273,22.239999771118164,981642,0.0,0.0
2024-09-27 10:30:00-04:00,22.229999542236328,23.100000381469727,22.190000534057617,22.7012996673584,2012392,0.0,0.0
2024-09-27 11:30:00-04:00,22.71500015258789,22.799999237060547,22.44070053100586,22.549999237060547,919725,0.0,0.0
2024-09-27 12:30:00-04:00,22.549999237060547,22.639999389648438,22.34000015258789,22.41990089416504,528388,0.0,0.0
2024-09-27 13:30:00-04:00,22.420000076293945,22.43000030517578,22.1200008392334,22.1299991607666,520453,0.0,0.0
2024-09-27 14:30:00-04:00,22.122800827026367,22.385000228881836,21.969999313354492,22.290000915527344,955377,0.0,0.0
2024-09-27 15:30:00-04:00,22.290000915527344,22.575000762939453,22.190000534057617,22.479999542236328,1236864,0.0,0.0
2024-09-30 09:30:00-04:00,22.375999450683594,23.190000534057617,22.170000076293945,22.940000534057617,2539265,0.0,0.0
2024-09-30 10:30:00-04:00,22.950000762939453,23.059999465942383,22.6200008392334,22.780000686645508,1356032,0.0,0.0
2024-09-30 11:30:00-04:00,22.780099868774414,23.06999969482422,22.65999984741211,23.030000686645508,657913,0.0,0.0
2024-09-30 12:30:00-04:00,23.010099411010742,23.530000686645508,23.010000228881836,23.300100326538086,1985875,0.0,0.0
2024-09-30 13:30:00-04:00,23.299999237060547,23.639999389648438,22.690099716186523,22.8617000579834,1744925,0.0,0.0
2024-09-30 14:30:00-04:00,22.8700008392334,23.13800048828125,22.73150062561035,22.950000762939453,754958,0.0,0.0
2024-09-30 15:30:00-04:00,22.940000534057617,23.110000610351562,22.8799991607666,22.940000534057617,717710,0.0,0.0
2024-10-01 09:30:00-04:00,22.950000762939453,23.1200008392334,22.579999923706055,22.65399932861328,1717234,0.0,0.0
2024-10-01 10:30:00-04:00,22.667299270629883,22.667299270629883,22.1299991607666,22.434999465942383,1378834,0.0,0.0
2024-10-01 11:30:00-04:00,22.420000076293945,22.59000015258789,22.34000015258789,22.399900436401367,411115,0.0,0.0
2024-10-01 12:30:00-04:00,22.395999908447266,22.440000534057617,21.809999465942383,21.949899673461914,1226897,0.0,0.0
2024-10-01 13:30:00-04:00,21.940000534057617,22.270000457763672,21.900100708007812,22.26289939880371,627993,0.0,0.0
2024-10-01 14:30:00-04:00,22.265199661254883,22.265199661254883,22.040000915527344,22.239999771118164,525518,0.0,0.0
2024-10-01 15:30:00-04:00,22.235000610351562,22.235000610351562,21.940000534057617,21.969999313354492,947243,0.0,0.0
2024-10-02 09:30:00-04:00,21.860000610351562,22.299999237060547,21.799999237060547,22.06999969482422,1463260,0.0,0.0
2024-10-02 10:30:00-04:00,22.06999969482422,22.100000381469727,21.834999084472656,22.010000228881836,549980,0.0,0.0
2024-10-02 11:30:00-04:00,22.010000228881836,22.10890007019043,21.899999618530273,21.94700050354004,531959,0.0,0.0
2024-10-02 12:30:00-04:00,21.940000534057617,21.986499786376953,21.760000228881836,21.81999969482422,481083,0.0,0.0
2024-10-02 13:30:00-04:00,21.809999465942383,21.96969985961914,21.795000076293945,21.834999084472656,429508,0.0,0.0
2024-10-02 14:30:00-04:00,21.834999084472656,21.895000457763672,21.420000076293945,21.56909942626953,1077272,0.0,0.0
2024-10-02 15:30:00-04:00,21.559999465942383,21.57990074157715,21.40999984741211,21.479999542236328,872487,0.0,0.0
2024-10-03 09:30:00-04:00,21.360000610351562,21.790000915527344,21.25,21.450000762939453,1372396,0.0,0.0
2024-10-03 10:30:00-04:00,21.450000762939453,21.459999084472656,21.18600082397461,21.45400047302246,658087,0.0,0.0
2024-10-03 11:30:00-04:00,21.454999923706055,21.499900817871094,21.309999465942383,21.400100708007812,485969,0.0,0.0
2024-10-03 12:30:00-04:00,21.40999984741211,21.479999542236328,21.229999542236328,21.309999465942383,420976,0.0,0.0
2024-10-03 13:30:00-04:00,21.290000915527344,21.3971004486084,21.270000457763672,21.3700008392334,225256,0.0,0.0
2024-10-03 14:30:00-04:00,21.3700008392334,21.41990089416504,21.18000030517578,21.23200035095215,260923,0.0,0.0
2024-10-03 15:30:00-04:00,21.229999542236328,21.344999313354492,21.110000610351562,21.20479965209961,972633,0.0,0.0
2024-10-04 09:30:00-04:00,21.479999542236328,21.969999313354492,21.373600006103516,21.399999618530273,1577878,0.0,0.0
2024-10-04 10:30:00-04:00,21.329999923706055,21.6200008392334,21.28730010986328,21.479999542236328,574259,0.0,0.0
2024-10-04 11:30:00-04:00,21.46500015258789,21.6299991607666,21.3799991607666,21.599000930786133,410641,0.0,0.0
2024-10-04 12:30:00-04:00,21.600000381469727,21.79990005493164,21.530000686645508,21.559999465942383,511384,0.0,0.0
2024-10-04 13:30:00-04:00,21.559999465942383,21.649999618530273,21.53380012512207,21.579999923706055,277053,0.0,0.0
2024-10-04 14:30:00-04:00,21.579999923706055,21.600000381469727,21.40999984741211,21.44499969482422,486555,0.0,0.0
2024-10-04 15:30:00-04:00,21.440000534057617,21.5,21.350000381469727,21.3799991607666,1110098,0.0,0.0
