Datetime,Open,High,Low,Close,Volume,Dividends,Stock Splits
2022-10-06 09:30:00-04:00,2.2300000190734863,2.2300000190734863,2.1700000762939453,2.2200000286102295,0,0.0,0.0
2022-10-06 10:30:00-04:00,2.1700000762939453,2.25,2.1700000762939453,2.25,20928,0.0,0.0
2022-10-06 11:30:00-04:00,2.255000114440918,2.255000114440918,2.2200000286102295,2.2499001026153564,7584,0.0,0.0
2022-10-06 12:30:00-04:00,2.25,2.25,2.25,2.25,346,0.0,0.0
2022-10-06 14:30:00-04:00,2.240000009536743,2.25,2.2200000286102295,2.240000009536743,2257,0.0,0.0
2022-10-06 15:30:00-04:00,2.2200000286102295,2.2300000190734863,2.2100000381469727,2.2100000381469727,2067,0.0,0.0
2022-10-07 09:30:00-04:00,2.140000104904175,2.180000066757202,2.0899999141693115,2.1700000762939453,13855,0.0,0.0
2022-10-07 10:30:00-04:00,2.1500000953674316,2.1600000858306885,2.140000104904175,2.140000104904175,533,0.0,0.0
2022-10-07 11:30:00-04:00,2.1600000858306885,2.1700000762939453,2.1594998836517334,2.1700000762939453,1444,0.0,0.0
2022-10-07 12:30:00-04:00,2.1526999473571777,2.1600000858306885,2.140000104904175,2.140000104904175,8392,0.0,0.0
2022-10-07 13:30:00-04:00,2.1600000858306885,2.1600000858306885,2.1600000858306885,2.1600000858306885,1105,0.0,0.0
2022-10-07 14:30:00-04:00,2.1500000953674316,2.1500000953674316,2.1143999099731445,2.1143999099731445,225,0.0,0.0
2022-10-07 15:30:00-04:00,2.119999885559082,2.130000114440918,2.119999885559082,2.130000114440918,535,0.0,0.0
2022-10-10 09:30:00-04:00,2.1301000118255615,2.140000104904175,2.1301000118255615,2.140000104904175,0,0.0,0.0
2022-10-10 10:30:00-04:00,2.140000104904175,2.140000104904175,2.130000114440918,2.130000114440918,580,0.0,0.0
2022-10-10 11:30:00-04:00,2.140000104904175,2.140000104904175,2.109999895095825,2.119999885559082,2928,0.0,0.0
2022-10-10 12:30:00-04:00,2.109999895095825,2.119999885559082,2.109999895095825,2.119999885559082,1127,0.0,0.0
2022-10-10 13:30:00-04:00,2.119999885559082,2.119999885559082,2.119999885559082,2.119999885559082,418,0.0,0.0
2022-10-10 14:30:00-04:00,2.109999895095825,2.109999895095825,2.109999895095825,2.109999895095825,595,0.0,0.0
2022-10-10 15:30:00-04:00,2.109999895095825,2.1110000610351562,2.109999895095825,2.109999895095825,1000,0.0,0.0
2022-10-11 09:30:00-04:00,2.0999999046325684,2.0999999046325684,1.9900000095367432,2.0,27906,0.0,0.0
2022-10-11 10:30:00-04:00,2.0299999713897705,2.0399999618530273,2.0,2.0299999713897705,12535,0.0,0.0
2022-10-11 11:30:00-04:00,2.029900074005127,2.069999933242798,2.009999990463257,2.0399999618530273,28828,0.0,0.0
2022-10-11 12:30:00-04:00,2.0299999713897705,2.0299999713897705,2.0299999713897705,2.0299999713897705,804,0.0,0.0
2022-10-11 13:30:00-04:00,2.0350000858306885,2.0399999618530273,2.0350000858306885,2.0399999618530273,1649,0.0,0.0
2022-10-11 14:30:00-04:00,2.0399999618530273,2.0399999618530273,2.009999990463257,2.0399999618530273,3305,0.0,0.0
2022-10-11 15:30:00-04:00,2.0399999618530273,2.049999952316284,2.0299999713897705,2.0399999618530273,3660,0.0,0.0
2022-10-12 09:30:00-04:00,1.9800000190734863,2.009999990463257,1.9600000381469727,2.0,0,0.0,0.0
2022-10-12 10:30:00-04:00,2.0,2.0,1.9900000095367432,2.0,8986,0.0,0.0
2022-10-12 11:30:00-04:00,1.9950000047683716,2.0,1.9912999868392944,2.0,4561,0.0,0.0
2022-10-12 12:30:00-04:00,2.0,2.0,1.9950000047683716,2.0,800,0.0,0.0
2022-10-12 13:30:00-04:00,2.0,2.0,1.9912999868392944,2.0,2732,0.0,0.0
2022-10-12 14:30:00-04:00,2.0,2.0,1.9982000589370728,2.0,828,0.0,0.0
2022-10-12 15:30:00-04:00,2.0,2.0,1.9900000095367432,2.0,2273,0.0,0.0
2022-10-13 09:30:00-04:00,1.9600000381469727,2.0,1.9600000381469727,1.9900000095367432,2987,0.0,0.0
2022-10-13 10:30:00-04:00,2.0,2.009999990463257,2.0,2.009999990463257,331,0.0,0.0
2022-10-13 11:30:00-04:00,2.012700080871582,2.049999952316284,2.009999990463257,2.0399999618530273,6845,0.0,0.0
2022-10-13 12:30:00-04:00,2.0399999618530273,2.0399999618530273,2.0199999809265137,2.0199999809265137,533,0.0,0.0
2022-10-13 14:30:00-04:00,2.0399999618530273,2.059999942779541,2.0399999618530273,2.049999952316284,5829,0.0,0.0
2022-10-13 15:30:00-04:00,2.044600009918213,2.049999952316284,2.044600009918213,2.049999952316284,979,0.0,0.0
2022-10-14 09:30:00-04:00,2.0399999618530273,2.049999952316284,2.0,2.0104000568389893,0,0.0,0.0
2022-10-14 10:30:00-04:00,2.0199999809265137,2.0299999713897705,2.0199999809265137,2.0299999713897705,722,0.0,0.0
2022-10-14 11:30:00-04:00,2.0199999809265137,2.0199999809265137,2.0,2.0,737,0.0,0.0
2022-10-14 13:30:00-04:00,2.009999990463257,2.0199999809265137,2.009999990463257,2.0199999809265137,310,0.0,0.0
2022-10-14 14:30:00-04:00,2.0,2.009999990463257,2.0,2.0,2406,0.0,0.0
2022-10-14 15:30:00-04:00,1.9818999767303467,1.9818999767303467,1.9800000190734863,1.9800000190734863,405,0.0,0.0
2022-10-17 09:30:00-04:00,1.9900000095367432,2.0543999671936035,1.9900000095367432,2.0543999671936035,0,0.0,0.0
2022-10-17 10:30:00-04:00,2.0506999492645264,2.0506999492645264,2.0506999492645264,2.0506999492645264,937,0.0,0.0
2022-10-17 11:30:00-04:00,2.059999942779541,2.059999942779541,2.059999942779541,2.059999942779541,439,0.0,0.0
2022-10-17 13:30:00-04:00,2.049999952316284,2.069999933242798,2.049999952316284,2.059999942779541,910,0.0,0.0
2022-10-17 14:30:00-04:00,2.069999933242798,2.069999933242798,2.069999933242798,2.069999933242798,282,0.0,0.0
2022-10-17 15:30:00-04:00,2.0699000358581543,2.069999933242798,2.0699000358581543,2.069999933242798,312,0.0,0.0
2022-10-18 09:30:00-04:00,2.059999942779541,2.069999933242798,2.0299999713897705,2.069999933242798,4969,0.0,0.0
2022-10-18 10:30:00-04:00,2.059999942779541,2.059999942779541,2.049999952316284,2.049999952316284,885,0.0,0.0
2022-10-18 11:30:00-04:00,2.049999952316284,2.049999952316284,2.049999952316284,2.049999952316284,516,0.0,0.0
2022-10-18 12:30:00-04:00,2.0399999618530273,2.049999952316284,2.0399999618530273,2.049999952316284,627,0.0,0.0
2022-10-18 14:30:00-04:00,2.059999942779541,2.059999942779541,2.0399999618530273,2.049999952316284,1814,0.0,0.0
2022-10-18 15:30:00-04:00,2.0599000453948975,2.059999942779541,2.0299999713897705,2.059999942779541,2298,0.0,0.0
2022-10-19 09:30:00-04:00,2.0399999618530273,2.0399999618530273,1.9900000095367432,2.0299999713897705,0,0.0,0.0
2022-10-19 10:30:00-04:00,2.009999990463257,2.0299999713897705,1.9800000190734863,2.0299999713897705,4195,0.0,0.0
2022-10-19 11:30:00-04:00,2.0201001167297363,2.02020001411438,2.009999990463257,2.0199999809265137,3561,0.0,0.0
2022-10-19 12:30:00-04:00,2.0199999809265137,2.0199999809265137,2.0,2.009999990463257,631,0.0,0.0
2022-10-19 13:30:00-04:00,2.005000114440918,2.009999990463257,2.005000114440918,2.009999990463257,3143,0.0,0.0
2022-10-19 14:30:00-04:00,2.009999990463257,2.009999990463257,2.0035998821258545,2.0035998821258545,357,0.0,0.0
2022-10-19 15:30:00-04:00,2.0199999809265137,2.0199999809265137,2.009999990463257,2.0199999809265137,1447,0.0,0.0
2022-10-20 09:30:00-04:00,2.0199999809265137,2.0299999713897705,1.9700000286102295,2.0299999713897705,0,0.0,0.0
2022-10-20 10:30:00-04:00,2.0155999660491943,2.0299999713897705,2.0155999660491943,2.0299999713897705,415,0.0,0.0
2022-10-20 11:30:00-04:00,2.0299999713897705,2.0299999713897705,2.0299999713897705,2.0299999713897705,440,0.0,0.0
2022-10-20 12:30:00-04:00,2.009999990463257,2.0199999809265137,1.9900000095367432,2.0199999809265137,2864,0.0,0.0
2022-10-20 13:30:00-04:00,1.9901000261306763,1.9901000261306763,1.9901000261306763,1.9901000261306763,241,0.0,0.0
2022-10-20 15:30:00-04:00,2.009999990463257,2.009999990463257,2.009999990463257,2.009999990463257,493,0.0,0.0
2022-10-21 09:30:00-04:00,2.009999990463257,2.0299999713897705,2.009999990463257,2.009999990463257,0,0.0,0.0
2022-10-21 10:30:00-04:00,2.0299999713897705,2.049999952316284,2.0299999713897705,2.049999952316284,1186,0.0,0.0
2022-10-21 11:30:00-04:00,2.0399999618530273,2.0799999237060547,2.0399999618530273,2.0799999237060547,728,0.0,0.0
2022-10-21 12:30:00-04:00,2.059999942779541,2.0799999237060547,2.059999942779541,2.0799999237060547,2826,0.0,0.0
2022-10-21 14:30:00-04:00,2.063800096511841,2.069999933242798,2.059999942779541,2.069999933242798,2443,0.0,0.0
2022-10-21 15:30:00-04:00,2.059999942779541,2.069999933242798,2.059999942779541,2.069999933242798,1529,0.0,0.0
2022-10-24 09:30:00-04:00,2.049999952316284,2.049999952316284,2.0,2.005000114440918,8153,0.0,0.0
2022-10-24 10:30:00-04:00,1.9910000562667847,2.009999990463257,1.9700000286102295,1.9800000190734863,7802,0.0,0.0
2022-10-24 11:30:00-04:00,1.975000023841858,2.0,1.975000023841858,1.9952000379562378,712,0.0,0.0
2022-10-24 14:30:00-04:00,2.0199999809265137,2.0199999809265137,2.0199999809265137,2.0199999809265137,154,0.0,0.0
2022-10-25 09:30:00-04:00,2.009999990463257,2.0399999618530273,2.009999990463257,2.0399999618530273,0,0.0,0.0
2022-10-25 10:30:00-04:00,2.0199999809265137,2.0399999618530273,2.0199999809265137,2.0399999618530273,1646,0.0,0.0
2022-10-25 11:30:00-04:00,2.0299999713897705,2.0399999618530273,2.0299999713897705,2.0299999713897705,1380,0.0,0.0
2022-10-25 12:30:00-04:00,2.0299999713897705,2.0399999618530273,2.0299999713897705,2.0399999618530273,501,0.0,0.0
2022-10-25 13:30:00-04:00,2.0299999713897705,2.0399999618530273,2.0299999713897705,2.0299999713897705,833,0.0,0.0
2022-10-25 14:30:00-04:00,2.0299999713897705,2.0399999618530273,2.0199999809265137,2.0299999713897705,1014,0.0,0.0
2022-10-25 15:30:00-04:00,2.0299999713897705,2.0999999046325684,2.0299999713897705,2.055000066757202,21205,0.0,0.0
2022-10-26 09:30:00-04:00,2.0520999431610107,2.0999999046325684,2.049999952316284,2.0999999046325684,0,0.0,0.0
2022-10-26 10:30:00-04:00,2.0999999046325684,2.140000104904175,2.0999999046325684,2.109999895095825,15163,0.0,0.0
2022-10-26 11:30:00-04:00,2.115000009536743,2.130000114440918,2.0999999046325684,2.109999895095825,9756,0.0,0.0
2022-10-26 12:30:00-04:00,2.109999895095825,2.109999895095825,2.0999999046325684,2.1050000190734863,1471,0.0,0.0
2022-10-26 13:30:00-04:00,2.1050000190734863,2.109999895095825,2.0999999046325684,2.109999895095825,605,0.0,0.0
2022-10-26 14:30:00-04:00,2.1050000190734863,2.1050000190734863,2.100100040435791,2.100100040435791,655,0.0,0.0
2022-10-26 15:30:00-04:00,2.109999895095825,2.109999895095825,2.109999895095825,2.109999895095825,675,0.0,0.0
2022-10-27 09:30:00-04:00,2.0899999141693115,2.1600000858306885,2.0799999237060547,2.109999895095825,4367,0.0,0.0
2022-10-27 10:30:00-04:00,2.085200071334839,2.109999895095825,2.085200071334839,2.109999895095825,3057,0.0,0.0
2022-10-27 13:30:00-04:00,2.0801000595092773,2.0999999046325684,2.0799999237060547,2.0999999046325684,1663,0.0,0.0
2022-10-27 14:30:00-04:00,2.0799999237060547,2.0999999046325684,2.0799999237060547,2.0999999046325684,512,0.0,0.0
2022-10-27 15:30:00-04:00,2.0771000385284424,2.0799999237060547,2.065000057220459,2.0799999237060547,811,0.0,0.0
2022-10-28 09:30:00-04:00,2.0399999618530273,2.0899999141693115,2.0399999618530273,2.0836000442504883,0,0.0,0.0
2022-10-28 10:30:00-04:00,2.0999999046325684,2.0999999046325684,2.0899999141693115,2.0999999046325684,670,0.0,0.0
2022-10-28 11:30:00-04:00,2.099900007247925,2.0999999046325684,2.0899999141693115,2.0899999141693115,1386,0.0,0.0
2022-10-28 12:30:00-04:00,2.0899999141693115,2.0999999046325684,2.0899999141693115,2.0999999046325684,6936,0.0,0.0
2022-10-28 13:30:00-04:00,2.0999999046325684,2.0999999046325684,2.0999999046325684,2.0999999046325684,430,0.0,0.0
2022-10-28 14:30:00-04:00,2.109999895095825,2.119999885559082,2.109999895095825,2.109999895095825,4377,0.0,0.0
2022-10-28 15:30:00-04:00,2.109999895095825,2.130000114440918,2.109999895095825,2.130000114440918,2245,0.0,0.0
2022-10-31 09:30:00-04:00,2.119999885559082,2.1449999809265137,2.049999952316284,2.0799999237060547,23701,0.0,0.0
2022-10-31 10:30:00-04:00,2.0799999237060547,2.0899999141693115,2.0799999237060547,2.0899999141693115,1656,0.0,0.0
2022-10-31 11:30:00-04:00,2.0899999141693115,2.0899999141693115,2.0801000595092773,2.0899999141693115,3838,0.0,0.0
2022-10-31 12:30:00-04:00,2.0850000381469727,2.0999999046325684,2.0801000595092773,2.0950000286102295,5571,0.0,0.0
2022-10-31 13:30:00-04:00,2.0950000286102295,2.0999999046325684,2.0950000286102295,2.0999999046325684,2045,0.0,0.0
2022-10-31 14:30:00-04:00,2.0999999046325684,2.0999999046325684,2.0899999141693115,2.0899999141693115,5462,0.0,0.0
2022-10-31 15:30:00-04:00,2.0899999141693115,2.0899999141693115,2.069999933242798,2.075000047683716,4688,0.0,0.0
2022-11-01 09:30:00-04:00,2.069999933242798,2.130000114440918,2.069999933242798,2.0799999237060547,0,0.0,0.0
2022-11-01 10:30:00-04:00,2.0899999141693115,2.0999999046325684,2.0799999237060547,2.0899999141693115,14582,0.0,0.0
2022-11-01 11:30:00-04:00,2.0999999046325684,2.0999999046325684,2.0801000595092773,2.0999999046325684,2565,0.0,0.0
2022-11-01 12:30:00-04:00,2.0999999046325684,2.0999999046325684,2.0950000286102295,2.0999999046325684,1288,0.0,0.0
2022-11-01 13:30:00-04:00,2.0950000286102295,2.0999999046325684,2.0950000286102295,2.0950000286102295,1480,0.0,0.0
2022-11-01 14:30:00-04:00,2.0999999046325684,2.0999999046325684,2.0899999141693115,2.0999999046325684,2007,0.0,0.0
2022-11-01 15:30:00-04:00,2.0899999141693115,2.0899999141693115,2.0799999237060547,2.0899999141693115,4434,0.0,0.0
2022-11-02 10:30:00-04:00,2.0899999141693115,2.0999999046325684,2.0799999237060547,2.0999999046325684,1918,0.0,0.0
2022-11-02 11:30:00-04:00,2.0850000381469727,2.0850000381469727,2.0701000690460205,2.0701000690460205,7009,0.0,0.0
2022-11-02 12:30:00-04:00,2.0850000381469727,2.0938000679016113,2.059999942779541,2.0899999141693115,1434,0.0,0.0
2022-11-02 13:30:00-04:00,2.0799999237060547,2.0899999141693115,2.0799999237060547,2.0899999141693115,966,0.0,0.0
2022-11-02 14:30:00-04:00,2.0850000381469727,2.0899999141693115,2.069999933242798,2.069999933242798,672,0.0,0.0
2022-11-02 15:30:00-04:00,2.05679988861084,2.0799999237060547,2.05679988861084,2.069999933242798,10883,0.0,0.0
2022-11-03 09:30:00-04:00,2.0199999809265137,2.069999933242798,2.0199999809265137,2.0299999713897705,0,0.0,0.0
2022-11-03 10:30:00-04:00,2.0350000858306885,2.049999952316284,2.0299999713897705,2.049999952316284,1779,0.0,0.0
2022-11-03 11:30:00-04:00,2.0299999713897705,2.049999952316284,2.0199999809265137,2.0299999713897705,4743,0.0,0.0
2022-11-03 12:30:00-04:00,2.0299999713897705,2.0399999618530273,2.0299999713897705,2.0299999713897705,576,0.0,0.0
2022-11-03 13:30:00-04:00,2.0299999713897705,2.0399999618530273,2.0299999713897705,2.0399999618530273,1869,0.0,0.0
2022-11-03 14:30:00-04:00,2.0299999713897705,2.0399999618530273,2.0199999809265137,2.0299999713897705,1408,0.0,0.0
2022-11-03 15:30:00-04:00,2.0399999618530273,2.049999952316284,2.0199999809265137,2.0399999618530273,55697,0.0,0.0
2022-11-04 09:30:00-04:00,2.049999952316284,2.1700000762939453,2.049999952316284,2.1700000762939453,0,0.0,0.0
2022-11-04 10:30:00-04:00,2.1600000858306885,2.1600000858306885,2.1500000953674316,2.1500000953674316,1568,0.0,0.0
2022-11-04 11:30:00-04:00,2.1500000953674316,2.1500000953674316,2.130000114440918,2.140000104904175,3026,0.0,0.0
2022-11-04 12:30:00-04:00,2.140000104904175,2.1600000858306885,2.130000114440918,2.1500000953674316,9341,0.0,0.0
2022-11-04 13:30:00-04:00,2.140000104904175,2.1500000953674316,2.140000104904175,2.1500000953674316,416,0.0,0.0
2022-11-04 14:30:00-04:00,2.1449999809265137,2.1700000762939453,2.140000104904175,2.1600000858306885,3879,0.0,0.0
2022-11-04 15:30:00-04:00,2.1700000762939453,2.174999952316284,2.1600000858306885,2.174999952316284,1678,0.0,0.0
2022-11-07 09:30:00-05:00,2.190000057220459,2.190000057220459,2.140000104904175,2.1600000858306885,0,0.0,0.0
2022-11-07 10:30:00-05:00,2.1600000858306885,2.190000057220459,2.1500000953674316,2.180000066757202,1095,0.0,0.0
2022-11-07 13:30:00-05:00,2.190000057220459,2.190000057220459,2.180000066757202,2.180000066757202,472,0.0,0.0
2022-11-07 14:30:00-05:00,2.180000066757202,2.190000057220459,2.1700000762939453,2.1700000762939453,682,0.0,0.0
2022-11-07 15:30:00-05:00,2.1700000762939453,2.190000057220459,2.1700000762939453,2.180000066757202,3131,0.0,0.0
2022-11-08 09:30:00-05:00,2.180000066757202,2.2100000381469727,2.119999885559082,2.180000066757202,8988,0.0,0.0
2022-11-08 10:30:00-05:00,2.180000066757202,2.190000057220459,2.140000104904175,2.140000104904175,1341,0.0,0.0
2022-11-08 11:30:00-05:00,2.1500000953674316,2.200000047683716,2.140000104904175,2.140000104904175,2605,0.0,0.0
2022-11-08 12:30:00-05:00,2.140000104904175,2.1600000858306885,2.140000104904175,2.1600000858306885,1204,0.0,0.0
2022-11-08 13:30:00-05:00,2.140000104904175,2.140000104904175,2.119999885559082,2.140000104904175,913,0.0,0.0
2022-11-08 14:30:00-05:00,2.1600000858306885,2.1600000858306885,2.125,2.125,723,0.0,0.0
2022-11-08 15:30:00-05:00,2.130000114440918,2.1700000762939453,2.130000114440918,2.1700000762939453,2028,0.0,0.0
2022-11-09 09:30:00-05:00,2.1500000953674316,2.174999952316284,2.140000104904175,2.1700000762939453,0,0.0,0.0
2022-11-09 10:30:00-05:00,2.180000066757202,2.200000047683716,2.1500000953674316,2.1700000762939453,19331,0.0,0.0
2022-11-09 11:30:00-05:00,2.1700000762939453,2.180000066757202,2.1500000953674316,2.1600000858306885,4023,0.0,0.0
2022-11-09 12:30:00-05:00,2.1600000858306885,2.1600000858306885,2.1449999809265137,2.1449999809265137,1903,0.0,0.0
2022-11-09 13:30:00-05:00,2.1500000953674316,2.1500000953674316,2.140000104904175,2.1449999809265137,3489,0.0,0.0
2022-11-09 14:30:00-05:00,2.140000104904175,2.1500000953674316,2.119999885559082,2.140000104904175,6907,0.0,0.0
2022-11-09 15:30:00-05:00,2.130000114440918,2.140000104904175,2.1019999980926514,2.109999895095825,14521,0.0,0.0
2022-11-10 09:30:00-05:00,2.1500000953674316,2.2200000286102295,2.1500000953674316,2.2149999141693115,22615,0.0,0.0
2022-11-10 10:30:00-05:00,2.2100000381469727,2.2200000286102295,2.2100000381469727,2.2200000286102295,23948,0.0,0.0
2022-11-10 11:30:00-05:00,2.2200000286102295,2.2200000286102295,2.2100000381469727,2.2100000381469727,3315,0.0,0.0
2022-11-10 12:30:00-05:00,2.2174999713897705,2.2200000286102295,2.2149999141693115,2.2200000286102295,934,0.0,0.0
2022-11-10 13:30:00-05:00,2.2200000286102295,2.2200000286102295,2.2174999713897705,2.2200000286102295,963,0.0,0.0
2022-11-10 14:30:00-05:00,2.210099935531616,2.2200000286102295,2.210099935531616,2.2200000286102295,24895,0.0,0.0
2022-11-10 15:30:00-05:00,2.2200000286102295,2.2200000286102295,2.2100000381469727,2.2200000286102295,15483,0.0,0.0
2022-11-11 09:30:00-05:00,2.1700000762939453,2.2100000381469727,2.119999885559082,2.1600000858306885,0,0.0,0.0
2022-11-11 10:30:00-05:00,2.1700000762939453,2.2100000381469727,2.1700000762939453,2.2100000381469727,991,0.0,0.0
2022-11-11 11:30:00-05:00,2.190000057220459,2.2200000286102295,2.180000066757202,2.190000057220459,3007,0.0,0.0
2022-11-11 13:30:00-05:00,2.200200080871582,2.2200000286102295,2.190000057220459,2.200000047683716,2722,0.0,0.0
2022-11-11 14:30:00-05:00,2.2000999450683594,2.2200000286102295,2.200000047683716,2.200000047683716,1847,0.0,0.0
2022-11-11 15:30:00-05:00,2.190000057220459,2.200000047683716,2.180000066757202,2.200000047683716,2182,0.0,0.0
2022-11-14 09:30:00-05:00,2.200000047683716,2.200000047683716,2.1600000858306885,2.1700000762939453,2417,0.0,0.0
2022-11-14 10:30:00-05:00,2.1600000858306885,2.1700000762939453,2.1500000953674316,2.1500000953674316,2101,0.0,0.0
2022-11-14 11:30:00-05:00,2.1600000858306885,2.1700000762939453,2.1500000953674316,2.1500000953674316,2601,0.0,0.0
2022-11-14 12:30:00-05:00,2.1700000762939453,2.1700000762939453,2.1600000858306885,2.1700000762939453,34920,0.0,0.0
2022-11-14 13:30:00-05:00,2.1600000858306885,2.1700000762939453,2.1600000858306885,2.1600000858306885,5008,0.0,0.0
2022-11-14 14:30:00-05:00,2.1640000343322754,2.1700000762939453,2.1600000858306885,2.1600000858306885,4736,0.0,0.0
2022-11-14 15:30:00-05:00,2.1600000858306885,2.1700000762939453,2.1500000953674316,2.1549999713897705,22891,0.0,0.0
2022-11-15 09:30:00-05:00,2.1700000762939453,2.1700000762939453,2.1600000858306885,2.1649999618530273,3369,0.0,0.0
2022-11-15 10:30:00-05:00,2.1689000129699707,2.1700000762939453,2.1689000129699707,2.1700000762939453,1005,0.0,0.0
2022-11-15 11:30:00-05:00,2.1700000762939453,2.1700000762939453,2.1600000858306885,2.1700000762939453,5833,0.0,0.0
2022-11-15 12:30:00-05:00,2.1600000858306885,2.180000066757202,2.1600000858306885,2.180000066757202,3061,0.0,0.0
2022-11-15 13:30:00-05:00,2.1600000858306885,2.1700000762939453,2.1500000953674316,2.1500000953674316,2691,0.0,0.0
2022-11-15 14:30:00-05:00,2.140000104904175,2.1500000953674316,2.140000104904175,2.140000104904175,601,0.0,0.0
2022-11-15 15:30:00-05:00,2.140000104904175,2.1600000858306885,2.140000104904175,2.1500000953674316,1745,0.0,0.0
2022-11-16 09:30:00-05:00,2.119999885559082,2.180000066757202,2.119999885559082,2.180000066757202,6350,0.0,0.0
2022-11-16 10:30:00-05:00,2.1600000858306885,2.180000066757202,2.1500000953674316,2.1500000953674316,1682,0.0,0.0
2022-11-16 11:30:00-05:00,2.1600000858306885,2.1600000858306885,2.1500000953674316,2.1600000858306885,1727,0.0,0.0
2022-11-16 14:30:00-05:00,2.1500000953674316,2.1600000858306885,2.1500000953674316,2.1549999713897705,1386,0.0,0.0
2022-11-16 15:30:00-05:00,2.1600000858306885,2.1600000858306885,2.1549999713897705,2.1600000858306885,954,0.0,0.0
2022-11-17 09:30:00-05:00,2.1695001125335693,2.1700000762939453,2.1600000858306885,2.1600000858306885,439,0.0,0.0
2022-11-17 10:30:00-05:00,2.1696999073028564,2.1700000762939453,2.1500000953674316,2.1500000953674316,1596,0.0,0.0
2022-11-17 11:30:00-05:00,2.1549999713897705,2.1700000762939453,2.1549999713897705,2.1600000858306885,1912,0.0,0.0
2022-11-17 12:30:00-05:00,2.1600000858306885,2.180000066757202,2.1600000858306885,2.1649999618530273,1543,0.0,0.0
2022-11-17 13:30:00-05:00,2.1600000858306885,2.180000066757202,2.1600000858306885,2.180000066757202,1956,0.0,0.0
2022-11-17 14:30:00-05:00,2.1649999618530273,2.1700000762939453,2.1649999618530273,2.1649999618530273,755,0.0,0.0
2022-11-17 15:30:00-05:00,2.1649999618530273,2.180000066757202,2.1649999618530273,2.180000066757202,0,0.0,0.0
2022-11-18 09:30:00-05:00,2.1500000953674316,2.180000066757202,2.140000104904175,2.1700000762939453,144658,0.0,0.0
2022-11-18 10:30:00-05:00,2.1700000762939453,2.1700000762939453,2.1401000022888184,2.1600000858306885,37561,0.0,0.0
2022-11-18 11:30:00-05:00,2.1600000858306885,2.1600000858306885,2.140000104904175,2.1500000953674316,4613,0.0,0.0
2022-11-18 12:30:00-05:00,2.147599935531616,2.1500000953674316,2.140000104904175,2.1500000953674316,2000,0.0,0.0
2022-11-18 13:30:00-05:00,2.1324000358581543,2.1500000953674316,2.1324000358581543,2.140000104904175,2013,0.0,0.0
2022-11-18 14:30:00-05:00,2.1301000118255615,2.1500000953674316,2.119999885559082,2.1500000953674316,31983,0.0,0.0
2022-11-18 15:30:00-05:00,2.140000104904175,2.180000066757202,2.130000114440918,2.180000066757202,24934,0.0,0.0
2022-11-21 09:30:00-05:00,2.130000114440918,2.1500000953674316,2.130000114440918,2.1500000953674316,0,0.0,0.0
2022-11-21 10:30:00-05:00,2.1301000118255615,2.140000104904175,2.109999895095825,2.140000104904175,7757,0.0,0.0
2022-11-21 11:30:00-05:00,2.119999885559082,2.119999885559082,2.115000009536743,2.115000009536743,798,0.0,0.0
2022-11-21 12:30:00-05:00,2.1003000736236572,2.130000114440918,2.0999999046325684,2.119999885559082,6251,0.0,0.0
2022-11-21 14:30:00-05:00,2.114300012588501,2.1500000953674316,2.114300012588501,2.134999990463257,10259,0.0,0.0
2022-11-21 15:30:00-05:00,2.140000104904175,2.1600000858306885,2.130000114440918,2.1600000858306885,23373,0.0,0.0
2022-11-22 10:30:00-05:00,2.140000104904175,2.140000104904175,2.140000104904175,2.140000104904175,0,0.0,0.0
2022-11-22 12:30:00-05:00,2.1349000930786133,2.1500000953674316,2.130000114440918,2.1500000953674316,2375,0.0,0.0
2022-11-22 13:30:00-05:00,2.1500000953674316,2.1500000953674316,2.140000104904175,2.1500000953674316,1533,0.0,0.0
2022-11-22 14:30:00-05:00,2.1500000953674316,2.180000066757202,2.140000104904175,2.174999952316284,10070,0.0,0.0
2022-11-22 15:30:00-05:00,2.180000066757202,2.180000066757202,2.130000114440918,2.140000104904175,2862,0.0,0.0
2022-11-23 09:30:00-05:00,2.140000104904175,2.25,2.140000104904175,2.2300000190734863,30357,0.0,0.0
2022-11-23 10:30:00-05:00,2.200000047683716,2.2100000381469727,2.200000047683716,2.200000047683716,5100,0.0,0.0
2022-11-23 11:30:00-05:00,2.200000047683716,2.2100000381469727,2.180000066757202,2.190000057220459,1425,0.0,0.0
2022-11-23 12:30:00-05:00,2.190000057220459,2.2100000381469727,2.190000057220459,2.2100000381469727,1914,0.0,0.0
2022-11-23 13:30:00-05:00,2.190000057220459,2.2100000381469727,2.190000057220459,2.200000047683716,1390,0.0,0.0
2022-11-23 14:30:00-05:00,2.200000047683716,2.200000047683716,2.190000057220459,2.200000047683716,2351,0.0,0.0
2022-11-23 15:30:00-05:00,2.194999933242798,2.200000047683716,2.190000057220459,2.194999933242798,3568,0.0,0.0
2022-11-25 09:30:00-05:00,2.2100000381469727,2.369999885559082,2.2100000381469727,2.299999952316284,0,0.0,0.0
2022-11-25 10:30:00-05:00,2.299999952316284,2.319999933242798,2.259999990463257,2.2799999713897705,6169,0.0,0.0
2022-11-25 11:30:00-05:00,2.259999990463257,2.309999942779541,2.259999990463257,2.2899999618530273,5711,0.0,0.0
2022-11-28 09:30:00-05:00,2.450000047683716,2.680000066757202,2.450000047683716,2.609999895095825,59293,0.0,0.0
2022-11-28 10:30:00-05:00,2.609999895095825,2.609999895095825,2.5899999141693115,2.5950000286102295,10137,0.0,0.0
2022-11-28 11:30:00-05:00,2.5899999141693115,2.5999999046325684,2.5899999141693115,2.5999999046325684,7528,0.0,0.0
2022-11-28 12:30:00-05:00,2.5950000286102295,2.5999999046325684,2.5899999141693115,2.5950000286102295,6329,0.0,0.0
2022-11-28 13:30:00-05:00,2.5917000770568848,2.680000066757202,2.5799999237060547,2.634999990463257,43834,0.0,0.0
2022-11-28 14:30:00-05:00,2.634999990463257,2.6500000953674316,2.619999885559082,2.630000114440918,13016,0.0,0.0
2022-11-28 15:30:00-05:00,2.630000114440918,2.6500000953674316,2.5999999046325684,2.6500000953674316,29420,0.0,0.0
2022-11-29 09:30:00-05:00,2.6700000762939453,2.6700000762939453,2.559999942779541,2.567199945449829,13201,0.0,0.0
2022-11-29 10:30:00-05:00,2.549999952316284,2.549999952316284,2.5299999713897705,2.5299999713897705,5107,0.0,0.0
2022-11-29 11:30:00-05:00,2.5350000858306885,2.5350000858306885,2.509999990463257,2.509999990463257,7604,0.0,0.0
2022-11-29 12:30:00-05:00,2.5125999450683594,2.5199999809265137,2.509999990463257,2.5199999809265137,2226,0.0,0.0
2022-11-29 13:30:00-05:00,2.515000104904175,2.5199999809265137,2.509999990463257,2.509999990463257,2974,0.0,0.0
2022-11-29 14:30:00-05:00,2.5199999809265137,2.5199999809265137,2.509999990463257,2.509999990463257,4763,0.0,0.0
2022-11-29 15:30:00-05:00,2.509999990463257,2.5399999618530273,2.5,2.509999990463257,18464,0.0,0.0
2022-11-30 09:30:00-05:00,2.5199999809265137,2.6500000953674316,2.5199999809265137,2.609999895095825,0,0.0,0.0
2022-11-30 10:30:00-05:00,2.6050000190734863,2.6050000190734863,2.5799999237060547,2.5950000286102295,5226,0.0,0.0
2022-11-30 11:30:00-05:00,2.5950000286102295,2.5950000286102295,2.559999942779541,2.565000057220459,4898,0.0,0.0
2022-11-30 12:30:00-05:00,2.565000057220459,2.565000057220459,2.5399999618530273,2.5450000762939453,2433,0.0,0.0
2022-11-30 13:30:00-05:00,2.5450000762939453,2.5499000549316406,2.5450000762939453,2.5450000762939453,1528,0.0,0.0
2022-11-30 14:30:00-05:00,2.5450000762939453,2.5799999237060547,2.5425000190734863,2.553800106048584,8848,0.0,0.0
2022-11-30 15:30:00-05:00,2.559999942779541,2.619999885559082,2.549999952316284,2.6185998916625977,6139,0.0,0.0
2022-12-01 09:30:00-05:00,2.7249999046325684,2.7300000190734863,2.700000047683716,2.7200000286102295,13217,0.0,0.0
2022-12-01 10:30:00-05:00,2.7149999141693115,2.7149999141693115,2.6600000858306885,2.700000047683716,15367,0.0,0.0
2022-12-01 11:30:00-05:00,2.7049999237060547,2.7100000381469727,2.700000047683716,2.7100000381469727,1504,0.0,0.0
2022-12-01 12:30:00-05:00,2.700000047683716,2.700000047683716,2.630000114440918,2.674999952316284,10670,0.0,0.0
2022-12-01 13:30:00-05:00,2.6600000858306885,2.6700000762939453,2.6600000858306885,2.6649999618530273,2343,0.0,0.0
2022-12-01 14:30:00-05:00,2.6700000762939453,2.6700000762939453,2.640000104904175,2.6549999713897705,2993,0.0,0.0
2022-12-01 15:30:00-05:00,2.6500000953674316,2.6549999713897705,2.609999895095825,2.609999895095825,5841,0.0,0.0
2022-12-02 09:30:00-05:00,2.630000114440918,2.680000066757202,2.5999999046325684,2.6500000953674316,8766,0.0,0.0
2022-12-02 10:30:00-05:00,2.6500000953674316,2.6600000858306885,2.619999885559082,2.640000104904175,10172,0.0,0.0
2022-12-02 11:30:00-05:00,2.634999990463257,2.640000104904175,2.5999999046325684,2.5999999046325684,13891,0.0,0.0
2022-12-02 12:30:00-05:00,2.5999999046325684,2.6050000190734863,2.5899999141693115,2.5899999141693115,1354,0.0,0.0
2022-12-02 13:30:00-05:00,2.5950000286102295,2.5950000286102295,2.559999942779541,2.565000057220459,5567,0.0,0.0
2022-12-02 14:30:00-05:00,2.565000057220459,2.5999999046325684,2.559999942779541,2.5950000286102295,7611,0.0,0.0
2022-12-02 15:30:00-05:00,2.5950000286102295,2.5999999046325684,2.5799999237060547,2.5999999046325684,13329,0.0,0.0
2022-12-05 09:30:00-05:00,2.5899999141693115,2.5899999141693115,2.5399999618530273,2.565000057220459,0,0.0,0.0
2022-12-05 10:30:00-05:00,2.559999942779541,2.569999933242798,2.549999952316284,2.565000057220459,2955,0.0,0.0
2022-12-05 11:30:00-05:00,2.559999942779541,2.559999942779541,2.549999952316284,2.555000066757202,3557,0.0,0.0
2022-12-05 12:30:00-05:00,2.549999952316284,2.559999942779541,2.5399999618530273,2.5399999618530273,7081,0.0,0.0
2022-12-05 13:30:00-05:00,2.5399999618530273,2.5399999618530273,2.5299999713897705,2.5350000858306885,2577,0.0,0.0
2022-12-05 14:30:00-05:00,2.5299999713897705,2.5399999618530273,2.490000009536743,2.5,37187,0.0,0.0
2022-12-05 15:30:00-05:00,2.5,2.505000114440918,2.484999895095825,2.484999895095825,16340,0.0,0.0
2022-12-06 09:30:00-05:00,2.4800000190734863,2.5399999618530273,2.440000057220459,2.440000057220459,1430,0.0,0.0
2022-12-06 10:30:00-05:00,2.440000057220459,2.490000009536743,2.430000066757202,2.430000066757202,3619,0.0,0.0
2022-12-06 11:30:00-05:00,2.440000057220459,2.444999933242798,2.4200000762939453,2.4200000762939453,4145,0.0,0.0
2022-12-06 12:30:00-05:00,2.4100000858306885,2.424999952316284,2.4000000953674316,2.4100000858306885,5263,0.0,0.0
2022-12-06 13:30:00-05:00,2.4100000858306885,2.4200000762939453,2.4000000953674316,2.4100000858306885,4963,0.0,0.0
2022-12-06 14:30:00-05:00,2.4100000858306885,2.4200000762939453,2.4100000858306885,2.4149999618530273,3445,0.0,0.0
2022-12-06 15:30:00-05:00,2.4100000858306885,2.4200000762939453,2.390000104904175,2.4000000953674316,9227,0.0,0.0
2022-12-07 09:30:00-05:00,2.509999990463257,2.5299999713897705,2.440000057220459,2.440000057220459,16620,0.0,0.0
2022-12-07 10:30:00-05:00,2.440000057220459,2.444999933242798,2.4200000762939453,2.430000066757202,8580,0.0,0.0
2022-12-07 11:30:00-05:00,2.430000066757202,2.440000057220459,2.4200000762939453,2.430000066757202,3542,0.0,0.0
2022-12-07 12:30:00-05:00,2.430000066757202,2.444999933242798,2.430000066757202,2.440000057220459,5296,0.0,0.0
2022-12-07 13:30:00-05:00,2.444999933242798,2.450000047683716,2.3975000381469727,2.4149999618530273,15667,0.0,0.0
2022-12-07 14:30:00-05:00,2.4149999618530273,2.4200000762939453,2.4100000858306885,2.4149999618530273,4568,0.0,0.0
2022-12-07 15:30:00-05:00,2.4200000762939453,2.430000066757202,2.4200000762939453,2.424999952316284,8533,0.0,0.0
2022-12-08 09:30:00-05:00,2.4600000381469727,2.640000104904175,2.430000066757202,2.630000114440918,37754,0.0,0.0
2022-12-08 10:30:00-05:00,2.634999990463257,2.7100000381469727,2.634999990463257,2.640000104904175,18146,0.0,0.0
2022-12-08 11:30:00-05:00,2.640000104904175,2.6500000953674316,2.619999885559082,2.619999885559082,6046,0.0,0.0
2022-12-08 12:30:00-05:00,2.619999885559082,2.6500000953674316,2.609999895095825,2.609999895095825,18113,0.0,0.0
2022-12-08 13:30:00-05:00,2.630000114440918,2.6500000953674316,2.630000114440918,2.630000114440918,6178,0.0,0.0
2022-12-08 14:30:00-05:00,2.640000104904175,2.640000104904175,2.569999933242798,2.609999895095825,28618,0.0,0.0
2022-12-08 15:30:00-05:00,2.609999895095825,2.630000114440918,2.5999999046325684,2.625,12948,0.0,0.0
2022-12-09 09:30:00-05:00,2.5999999046325684,2.6549999713897705,2.5799999237060547,2.5799999237060547,7504,0.0,0.0
2022-12-09 10:30:00-05:00,2.609999895095825,2.609999895095825,2.5899999141693115,2.5999999046325684,3256,0.0,0.0
2022-12-09 11:30:00-05:00,2.5999999046325684,2.609999895095825,2.5899999141693115,2.5999999046325684,4814,0.0,0.0
2022-12-09 12:30:00-05:00,2.5899999141693115,2.609999895095825,2.569999933242798,2.569999933242798,16571,0.0,0.0
2022-12-09 13:30:00-05:00,2.569999933242798,2.5799999237060547,2.559999942779541,2.569999933242798,6492,0.0,0.0
2022-12-09 14:30:00-05:00,2.575000047683716,2.5799999237060547,2.569999933242798,2.575000047683716,2045,0.0,0.0
2022-12-09 15:30:00-05:00,2.575000047683716,2.575000047683716,2.559999942779541,2.569999933242798,7437,0.0,0.0
2022-12-12 09:30:00-05:00,2.5799999237060547,2.590100049972534,2.549999952316284,2.549999952316284,7429,0.0,0.0
2022-12-12 10:30:00-05:00,2.575000047683716,2.575000047683716,2.569999933242798,2.575000047683716,1126,0.0,0.0
2022-12-12 11:30:00-05:00,2.569999933242798,2.5741000175476074,2.549999952316284,2.559999942779541,2084,0.0,0.0
2022-12-12 12:30:00-05:00,2.559999942779541,2.565000057220459,2.549999952316284,2.549999952316284,6751,0.0,0.0
2022-12-12 13:30:00-05:00,2.559999942779541,2.569999933242798,2.549999952316284,2.565000057220459,2743,0.0,0.0
2022-12-12 14:30:00-05:00,2.569999933242798,2.569999933242798,2.559999942779541,2.565000057220459,4441,0.0,0.0
2022-12-12 15:30:00-05:00,2.565000057220459,2.5799999237060547,2.549999952316284,2.5799999237060547,11666,0.0,0.0
2022-12-13 09:30:00-05:00,2.549999952316284,2.6600000858306885,2.549999952316284,2.5799999237060547,23351,0.0,0.0
2022-12-13 10:30:00-05:00,2.569999933242798,2.5799999237060547,2.5299999713897705,2.5299999713897705,25935,0.0,0.0
2022-12-13 11:30:00-05:00,2.5299999713897705,2.5399999618530273,2.5199999809265137,2.5199999809265137,2501,0.0,0.0
2022-12-13 12:30:00-05:00,2.5299999713897705,2.5850000381469727,2.509999990463257,2.5450000762939453,37660,0.0,0.0
2022-12-13 13:30:00-05:00,2.5450000762939453,2.549999952316284,2.5399999618530273,2.549999952316284,4410,0.0,0.0
2022-12-13 14:30:00-05:00,2.5399999618530273,2.5450000762939453,2.5399999618530273,2.5399999618530273,1912,0.0,0.0
2022-12-13 15:30:00-05:00,2.549999952316284,2.559999942779541,2.5399999618530273,2.559999942779541,9421,0.0,0.0
2022-12-14 09:30:00-05:00,2.5399999618530273,2.559999942779541,2.5399999618530273,2.559999942779541,0,0.0,0.0
2022-12-14 10:30:00-05:00,2.549999952316284,2.555000066757202,2.549999952316284,2.555000066757202,1117,0.0,0.0
2022-12-14 11:30:00-05:00,2.565000057220459,2.565000057220459,2.559999942779541,2.559999942779541,413,0.0,0.0
2022-12-14 12:30:00-05:00,2.5422000885009766,2.559999942779541,2.5399999618530273,2.549999952316284,2303,0.0,0.0
2022-12-14 13:30:00-05:00,2.569999933242798,2.5799999237060547,2.5399999618530273,2.559999942779541,3045,0.0,0.0
2022-12-14 14:30:00-05:00,2.559999942779541,2.569999933242798,2.5399999618530273,2.565000057220459,4395,0.0,0.0
2022-12-14 15:30:00-05:00,2.565000057220459,2.569999933242798,2.490000009536743,2.5299999713897705,56679,0.0,0.0
2022-12-15 09:30:00-05:00,2.490000009536743,2.505000114440918,2.4100000858306885,2.4200000762939453,0,0.0,0.0
2022-12-15 10:30:00-05:00,2.424999952316284,2.430000066757202,2.4000000953674316,2.4100000858306885,8291,0.0,0.0
2022-12-15 11:30:00-05:00,2.4100000858306885,2.4100000858306885,2.3949999809265137,2.3949999809265137,7411,0.0,0.0
2022-12-15 12:30:00-05:00,2.390000104904175,2.4000000953674316,2.390000104904175,2.4000000953674316,10421,0.0,0.0
2022-12-15 13:30:00-05:00,2.3949999809265137,2.4000000953674316,2.390000104904175,2.390000104904175,4327,0.0,0.0
2022-12-15 14:30:00-05:00,2.390000104904175,2.4000000953674316,2.390000104904175,2.4000000953674316,8027,0.0,0.0
2022-12-15 15:30:00-05:00,2.4000000953674316,2.4100000858306885,2.309999942779541,2.369999885559082,83257,0.0,0.0
2022-12-16 09:30:00-05:00,2.319999933242798,2.369999885559082,2.319999933242798,2.3499999046325684,3578,0.0,0.0
2022-12-16 10:30:00-05:00,2.3399999141693115,2.359999895095825,2.3399999141693115,2.359999895095825,3386,0.0,0.0
2022-12-16 11:30:00-05:00,2.342099905014038,2.359999895095825,2.342099905014038,2.359999895095825,2559,0.0,0.0
2022-12-16 12:30:00-05:00,2.369999885559082,2.4000000953674316,2.359999895095825,2.390000104904175,13616,0.0,0.0
2022-12-16 13:30:00-05:00,2.3901000022888184,2.4100000858306885,2.390000104904175,2.4100000858306885,9407,0.0,0.0
2022-12-16 14:30:00-05:00,2.4000000953674316,2.4200000762939453,2.390000104904175,2.4200000762939453,5200,0.0,0.0
2022-12-16 15:30:00-05:00,2.4000000953674316,2.4100000858306885,2.299999952316284,2.315000057220459,57980,0.0,0.0
2022-12-19 09:30:00-05:00,2.3299999237060547,2.3550000190734863,2.3299999237060547,2.3550000190734863,2571,0.0,0.0
2022-12-19 10:30:00-05:00,2.380000114440918,2.380000114440918,2.3499999046325684,2.3506999015808105,1929,0.0,0.0
2022-12-19 11:30:00-05:00,2.3399999141693115,2.3399999141693115,2.319999933242798,2.3399999141693115,4754,0.0,0.0
2022-12-19 12:30:00-05:00,2.3399999141693115,2.3499999046325684,2.3399999141693115,2.3499999046325684,1545,0.0,0.0
2022-12-19 13:30:00-05:00,2.3499999046325684,2.3499999046325684,2.3499999046325684,2.3499999046325684,1692,0.0,0.0
2022-12-19 14:30:00-05:00,2.3499999046325684,2.3499999046325684,2.33270001411438,2.3399999141693115,3018,0.0,0.0
2022-12-19 15:30:00-05:00,2.3399999141693115,2.3399999141693115,2.240000009536743,2.2850000858306885,101254,0.0,0.0
2022-12-20 09:30:00-05:00,2.109999895095825,2.259999990463257,2.109999895095825,2.259999990463257,0,0.0,0.0
2022-12-20 10:30:00-05:00,2.2525999546051025,2.319999933242798,2.2525999546051025,2.2899999618530273,11291,0.0,0.0
2022-12-20 11:30:00-05:00,2.288100004196167,2.319999933242798,2.288100004196167,2.319999933242798,9369,0.0,0.0
2022-12-20 12:30:00-05:00,2.3299999237060547,2.349900007247925,2.3299999237060547,2.3450000286102295,6916,0.0,0.0
2022-12-20 13:30:00-05:00,2.3499999046325684,2.3550000190734863,2.3450000286102295,2.3499999046325684,3625,0.0,0.0
2022-12-20 14:30:00-05:00,2.3499999046325684,2.359999895095825,2.2200000286102295,2.2699999809265137,36935,0.0,0.0
2022-12-20 15:30:00-05:00,2.2899999618530273,2.299999952316284,2.1700000762939453,2.2300000190734863,83584,0.0,0.0
2022-12-21 09:30:00-05:00,2.25,2.309999942779541,2.25,2.299999952316284,4131,0.0,0.0
2022-12-21 10:30:00-05:00,2.299999952316284,2.319999933242798,2.299999952316284,2.319999933242798,4224,0.0,0.0
2022-12-21 11:30:00-05:00,2.309999942779541,2.309999942779541,2.2964000701904297,2.2964000701904297,1761,0.0,0.0
2022-12-21 12:30:00-05:00,2.299999952316284,2.309999942779541,2.2899999618530273,2.309999942779541,3749,0.0,0.0
2022-12-21 13:30:00-05:00,2.299999952316284,2.299999952316284,2.2899999618530273,2.299999952316284,2120,0.0,0.0
2022-12-21 14:30:00-05:00,2.309999942779541,2.309999942779541,2.2899999618530273,2.2950000762939453,2815,0.0,0.0
2022-12-21 15:30:00-05:00,2.2899999618530273,2.2899999618530273,2.2699999809265137,2.2699999809265137,14100,0.0,0.0
2022-12-22 09:30:00-05:00,2.200000047683716,2.240000009536743,2.180000066757202,2.180000066757202,9061,0.0,0.0
2022-12-22 10:30:00-05:00,2.184999942779541,2.25,2.180000066757202,2.190000057220459,33598,0.0,0.0
2022-12-22 11:30:00-05:00,2.180000066757202,2.190000057220459,2.180000066757202,2.1800999641418457,16283,0.0,0.0
2022-12-22 12:30:00-05:00,2.180000066757202,2.184999942779541,2.0799999237060547,2.0999999046325684,27620,0.0,0.0
2022-12-22 13:30:00-05:00,2.0999999046325684,2.109999895095825,2.0899999141693115,2.109999895095825,10354,0.0,0.0
2022-12-22 14:30:00-05:00,2.115000009536743,2.1198999881744385,2.0799999237060547,2.0799999237060547,24834,0.0,0.0
2022-12-22 15:30:00-05:00,2.0799999237060547,2.0799999237060547,2.049999952316284,2.055000066757202,17226,0.0,0.0
2022-12-23 09:30:00-05:00,2.059999942779541,2.119999885559082,2.049999952316284,2.059999942779541,15777,0.0,0.0
2022-12-23 10:30:00-05:00,2.065000057220459,2.065000057220459,2.013700008392334,2.0199999809265137,10931,0.0,0.0
2022-12-23 11:30:00-05:00,2.009999990463257,2.0299999713897705,2.0,2.002700090408325,30489,0.0,0.0
2022-12-23 12:30:00-05:00,2.0,2.0,2.0,2.0,7365,0.0,0.0
2022-12-23 13:30:00-05:00,2.0,2.009999990463257,1.9900000095367432,2.0,2991,0.0,0.0
2022-12-23 14:30:00-05:00,1.9900000095367432,2.0,1.9800000190734863,1.9900000095367432,13611,0.0,0.0
2022-12-23 15:30:00-05:00,1.9900000095367432,2.0199999809265137,1.9900000095367432,2.0199999809265137,29641,0.0,0.0
2022-12-27 09:30:00-05:00,2.0299999713897705,2.083400011062622,2.0199999809265137,2.0399999618530273,17501,0.0,0.0
2022-12-27 10:30:00-05:00,2.0399999618530273,2.049999952316284,2.0399999618530273,2.049999952316284,8107,0.0,0.0
2022-12-27 11:30:00-05:00,2.0399999618530273,2.049999952316284,2.0399999618530273,2.0399999618530273,4199,0.0,0.0
2022-12-27 12:30:00-05:00,2.049999952316284,2.049999952316284,2.0299999713897705,2.0399999618530273,14604,0.0,0.0
2022-12-27 13:30:00-05:00,2.0399999618530273,2.049999952316284,1.9900000095367432,1.9950000047683716,24528,0.0,0.0
2022-12-27 14:30:00-05:00,2.0,2.0,1.9900000095367432,2.0,19134,0.0,0.0
2022-12-27 15:30:00-05:00,2.0,2.0199999809265137,1.9900000095367432,2.0199999809265137,26886,0.0,0.0
2022-12-28 09:30:00-05:00,2.069999933242798,2.0899999141693115,1.9500000476837158,1.9800000190734863,38893,0.0,0.0
2022-12-28 10:30:00-05:00,1.9773000478744507,1.9900000095367432,1.9500000476837158,1.9700000286102295,25587,0.0,0.0
2022-12-28 11:30:00-05:00,1.9700000286102295,1.9700000286102295,1.965000033378601,1.9700000286102295,3820,0.0,0.0
2022-12-28 12:30:00-05:00,1.9700000286102295,1.9700000286102295,1.9600000381469727,1.9700000286102295,4061,0.0,0.0
2022-12-28 13:30:00-05:00,1.9700000286102295,1.9700000286102295,1.9600000381469727,1.9700000286102295,3520,0.0,0.0
2022-12-28 14:30:00-05:00,1.9700000286102295,1.9700000286102295,1.9600000381469727,1.9700000286102295,5788,0.0,0.0
2022-12-28 15:30:00-05:00,1.9700000286102295,1.9700000286102295,1.9600000381469727,1.9700000286102295,91324,0.0,0.0
2022-12-29 09:30:00-05:00,2.049999952316284,2.200000047683716,2.049999952316284,2.0899999141693115,52500,0.0,0.0
2022-12-29 10:30:00-05:00,2.0850000381469727,2.1500000953674316,2.0799999237060547,2.140000104904175,79173,0.0,0.0
2022-12-29 11:30:00-05:00,2.1500000953674316,2.200000047683716,2.1449999809265137,2.1900999546051025,9502,0.0,0.0
2022-12-29 12:30:00-05:00,2.1939001083374023,2.1939001083374023,2.1600000858306885,2.160099983215332,4847,0.0,0.0
2022-12-29 13:30:00-05:00,2.1649999618530273,2.1700000762939453,2.1600000858306885,2.1700000762939453,2073,0.0,0.0
2022-12-29 14:30:00-05:00,2.1649999618530273,2.1649999618530273,1.9900000095367432,2.0199999809265137,31781,0.0,0.0
2022-12-29 15:30:00-05:00,2.011899948120117,2.059999942779541,2.011899948120117,2.0299999713897705,40443,0.0,0.0
2022-12-30 09:30:00-05:00,2.1600000858306885,2.1649999618530273,2.075000047683716,2.0899999141693115,20530,0.0,0.0
2022-12-30 10:30:00-05:00,2.0899999141693115,2.0899999141693115,2.059999942779541,2.069999933242798,9416,0.0,0.0
2022-12-30 11:30:00-05:00,2.069999933242798,2.0799999237060547,2.0299999713897705,2.049999952316284,29852,0.0,0.0
2022-12-30 12:30:00-05:00,2.049999952316284,2.049999952316284,2.0199999809265137,2.0299999713897705,14513,0.0,0.0
2022-12-30 13:30:00-05:00,2.0350000858306885,2.0399999618530273,2.0299999713897705,2.0399999618530273,2221,0.0,0.0
2022-12-30 14:30:00-05:00,2.0399999618530273,2.0399999618530273,2.0250000953674316,2.0399999618530273,12355,0.0,0.0
2022-12-30 15:30:00-05:00,2.0399999618530273,2.0799999237060547,2.0350000858306885,2.049999952316284,11397,0.0,0.0
2023-01-03 09:30:00-05:00,2.109999895095825,2.140000104904175,2.109999895095825,2.115000009536743,12081,0.0,0.0
2023-01-03 10:30:00-05:00,2.115000009536743,2.140000104904175,2.110100030899048,2.130000114440918,13330,0.0,0.0
2023-01-03 11:30:00-05:00,2.130000114440918,2.140000104904175,2.119999885559082,2.119999885559082,10874,0.0,0.0
2023-01-03 12:30:00-05:00,2.119999885559082,2.130000114440918,2.119999885559082,2.130000114440918,6378,0.0,0.0
2023-01-03 13:30:00-05:00,2.130000114440918,2.1500000953674316,2.130000114440918,2.1449999809265137,10515,0.0,0.0
2023-01-03 14:30:00-05:00,2.1500000953674316,2.174999952316284,2.1500000953674316,2.1600000858306885,13214,0.0,0.0
2023-01-03 15:30:00-05:00,2.1649999618530273,2.1700000762939453,2.1600000858306885,2.1649999618530273,7071,0.0,0.0
2023-01-04 09:30:00-05:00,2.1700000762939453,2.3399999141693115,2.1684000492095947,2.2799999713897705,44845,0.0,0.0
2023-01-04 10:30:00-05:00,2.2850000858306885,2.2899999618530273,2.259999990463257,2.265000104904175,10454,0.0,0.0
2023-01-04 11:30:00-05:00,2.2699999809265137,2.2899999618530273,2.259999990463257,2.2899999618530273,24131,0.0,0.0
2023-01-04 12:30:00-05:00,2.2799999713897705,2.2799999713897705,2.265000104904175,2.2799999713897705,4640,0.0,0.0
2023-01-04 13:30:00-05:00,2.259999990463257,2.2667999267578125,2.25,2.259000062942505,2742,0.0,0.0
2023-01-04 14:30:00-05:00,2.259999990463257,2.299999952316284,2.259999990463257,2.299999952316284,7696,0.0,0.0
2023-01-04 15:30:00-05:00,2.299999952316284,2.309999942779541,2.240000009536743,2.259999990463257,104245,0.0,0.0
2023-01-05 09:30:00-05:00,2.240000009536743,2.2899999618530273,2.240000009536743,2.2899999618530273,0,0.0,0.0
2023-01-05 10:30:00-05:00,2.2899999618530273,2.2899999618530273,2.2899999618530273,2.2899999618530273,308,0.0,0.0
2023-01-05 11:30:00-05:00,2.2699999809265137,2.2899999618530273,2.265000104904175,2.2899999618530273,1149,0.0,0.0
2023-01-05 12:30:00-05:00,2.2799999713897705,2.2899999618530273,2.271199941635132,2.271199941635132,2772,0.0,0.0
2023-01-05 13:30:00-05:00,2.279900074005127,2.2799999713897705,2.2750000953674316,2.2750000953674316,1100,0.0,0.0
2023-01-05 14:30:00-05:00,2.2699999809265137,2.2699999809265137,2.2699999809265137,2.2699999809265137,197,0.0,0.0
2023-01-05 15:30:00-05:00,2.2699999809265137,2.2799999713897705,2.25,2.2699999809265137,3158,0.0,0.0
2023-01-06 09:30:00-05:00,2.3299999237060547,2.369999885559082,2.319999933242798,2.359999895095825,15764,0.0,0.0
2023-01-06 10:30:00-05:00,2.390000104904175,2.390000104904175,2.369999885559082,2.375,3219,0.0,0.0
2023-01-06 11:30:00-05:00,2.375,2.380000114440918,2.359999895095825,2.369999885559082,4154,0.0,0.0
2023-01-06 12:30:00-05:00,2.379199981689453,2.379199981689453,2.359999895095825,2.359999895095825,7082,0.0,0.0
2023-01-06 13:30:00-05:00,2.369999885559082,2.369999885559082,2.365000009536743,2.365000009536743,2449,0.0,0.0
2023-01-06 14:30:00-05:00,2.369999885559082,2.384999990463257,2.369999885559082,2.380000114440918,8843,0.0,0.0
2023-01-06 15:30:00-05:00,2.390000104904175,2.390000104904175,2.380000114440918,2.390000104904175,7946,0.0,0.0
2023-01-09 09:30:00-05:00,2.4000000953674316,2.4800000190734863,2.4000000953674316,2.450000047683716,0,0.0,0.0
2023-01-09 10:30:00-05:00,2.440000057220459,2.4600000381469727,2.4374001026153564,2.440000057220459,3754,0.0,0.0
2023-01-09 11:30:00-05:00,2.440000057220459,2.450000047683716,2.440000057220459,2.444999933242798,3355,0.0,0.0
2023-01-09 12:30:00-05:00,2.450000047683716,2.450000047683716,2.4200000762939453,2.4200000762939453,2637,0.0,0.0
2023-01-09 13:30:00-05:00,2.430000066757202,2.430000066757202,2.4000000953674316,2.4189999103546143,2553,0.0,0.0
2023-01-09 14:30:00-05:00,2.4000000953674316,2.430000066757202,2.4000000953674316,2.4200000762939453,3814,0.0,0.0
2023-01-09 15:30:00-05:00,2.4200000762939453,2.440000057220459,2.4100000858306885,2.430000066757202,7837,0.0,0.0
2023-01-10 09:30:00-05:00,2.450000047683716,2.5,2.434999942779541,2.4700000286102295,36838,0.0,0.0
2023-01-10 10:30:00-05:00,2.4600000381469727,2.4700000286102295,2.430000066757202,2.440000057220459,13395,0.0,0.0
2023-01-10 11:30:00-05:00,2.450000047683716,2.4800000190734863,2.430000066757202,2.440000057220459,15994,0.0,0.0
2023-01-10 12:30:00-05:00,2.430000066757202,2.440000057220459,2.4100000858306885,2.430000066757202,5384,0.0,0.0
2023-01-10 13:30:00-05:00,2.4200000762939453,2.4200000762939453,2.4200000762939453,2.4200000762939453,914,0.0,0.0
2023-01-10 14:30:00-05:00,2.4200000762939453,2.430000066757202,2.4100000858306885,2.424999952316284,1926,0.0,0.0
2023-01-10 15:30:00-05:00,2.430000066757202,2.440000057220459,2.4100000858306885,2.4200000762939453,2641,0.0,0.0
2023-01-11 09:30:00-05:00,2.569999933242798,2.5799999237060547,2.509999990463257,2.550800085067749,23431,0.0,0.0
2023-01-11 10:30:00-05:00,2.549999952316284,2.5799999237060547,2.5299999713897705,2.559999942779541,4195,0.0,0.0
2023-01-11 11:30:00-05:00,2.559999942779541,2.559999942779541,2.549999952316284,2.549999952316284,1791,0.0,0.0
2023-01-11 12:30:00-05:00,2.5399999618530273,2.5399999618530273,2.5299999713897705,2.5299999713897705,1031,0.0,0.0
2023-01-11 13:30:00-05:00,2.5299999713897705,2.549999952316284,2.5299999713897705,2.5299999713897705,1432,0.0,0.0
2023-01-11 14:30:00-05:00,2.5302000045776367,2.5302000045776367,2.5199999809265137,2.5199999809265137,1121,0.0,0.0
2023-01-11 15:30:00-05:00,2.5199999809265137,2.5399999618530273,2.5,2.5399999618530273,3082,0.0,0.0
2023-01-12 09:30:00-05:00,2.549999952316284,2.549999952316284,2.450000047683716,2.4800000190734863,22225,0.0,0.0
2023-01-12 10:30:00-05:00,2.4700000286102295,2.490000009536743,2.4600000381469727,2.490000009536743,7581,0.0,0.0
2023-01-12 11:30:00-05:00,2.490000009536743,2.490000009536743,2.450000047683716,2.4800000190734863,5655,0.0,0.0
2023-01-12 12:30:00-05:00,2.4800000190734863,2.4899001121520996,2.4711999893188477,2.4800000190734863,3130,0.0,0.0
2023-01-12 13:30:00-05:00,2.4800000190734863,2.4800000190734863,2.4649999141693115,2.4649999141693115,900,0.0,0.0
2023-01-12 14:30:00-05:00,2.4700000286102295,2.5,2.4649999141693115,2.490000009536743,15113,0.0,0.0
2023-01-12 15:30:00-05:00,2.490000009536743,2.5,2.4800000190734863,2.490000009536743,2747,0.0,0.0
2023-01-13 09:30:00-05:00,2.5,2.5,2.4200000762939453,2.4646999835968018,8778,0.0,0.0
2023-01-13 10:30:00-05:00,2.4798998832702637,2.4800000190734863,2.4749999046325684,2.4800000190734863,1789,0.0,0.0
2023-01-13 11:30:00-05:00,2.4800000190734863,2.490000009536743,2.4800000190734863,2.490000009536743,3945,0.0,0.0
2023-01-13 12:30:00-05:00,2.4700000286102295,2.490000009536743,2.4700000286102295,2.4700000286102295,1262,0.0,0.0
2023-01-13 13:30:00-05:00,2.4700000286102295,2.4702999591827393,2.450000047683716,2.450000047683716,1129,0.0,0.0
2023-01-13 14:30:00-05:00,2.440000057220459,2.4600000381469727,2.440000057220459,2.4600000381469727,1234,0.0,0.0
2023-01-13 15:30:00-05:00,2.450000047683716,2.4600000381469727,2.430000066757202,2.4600000381469727,11380,0.0,0.0
2023-01-17 09:30:00-05:00,2.450000047683716,2.450000047683716,2.4200000762939453,2.430000066757202,2798,0.0,0.0
2023-01-17 10:30:00-05:00,2.430000066757202,2.430000066757202,2.400099992752075,2.400099992752075,2142,0.0,0.0
2023-01-17 11:30:00-05:00,2.4000000953674316,2.4100000858306885,2.4000000953674316,2.4000000953674316,2855,0.0,0.0
2023-01-17 12:30:00-05:00,2.404599905014038,2.404599905014038,2.390000104904175,2.390000104904175,4460,0.0,0.0
2023-01-17 13:30:00-05:00,2.390000104904175,2.390000104904175,2.390000104904175,2.390000104904175,481,0.0,0.0
2023-01-17 14:30:00-05:00,2.390000104904175,2.3949999809265137,2.369999885559082,2.380000114440918,4379,0.0,0.0
2023-01-17 15:30:00-05:00,2.380000114440918,2.384999990463257,2.380000114440918,2.384999990463257,1764,0.0,0.0
2023-01-18 09:30:00-05:00,2.380000114440918,2.430000066757202,2.380000114440918,2.3884999752044678,7963,0.0,0.0
2023-01-18 11:30:00-05:00,2.380000114440918,2.380000114440918,2.380000114440918,2.380000114440918,265,0.0,0.0
2023-01-18 12:30:00-05:00,2.369999885559082,2.375,2.3499999046325684,2.359999895095825,4621,0.0,0.0
2023-01-18 13:30:00-05:00,2.3526999950408936,2.3526999950408936,2.3526999950408936,2.3526999950408936,305,0.0,0.0
2023-01-18 14:30:00-05:00,2.359999895095825,2.359999895095825,2.3499999046325684,2.3499999046325684,900,0.0,0.0
2023-01-18 15:30:00-05:00,2.3499999046325684,2.3691000938415527,2.3299999237060547,2.3299999237060547,20467,0.0,0.0
2023-01-19 09:30:00-05:00,2.319999933242798,2.4000000953674316,2.319999933242798,2.369999885559082,3651,0.0,0.0
2023-01-19 10:30:00-05:00,2.369999885559082,2.369999885559082,2.3499999046325684,2.3499999046325684,7629,0.0,0.0
2023-01-19 11:30:00-05:00,2.3399999141693115,2.3450000286102295,2.3299999237060547,2.3450000286102295,10044,0.0,0.0
2023-01-19 12:30:00-05:00,2.359999895095825,2.369999885559082,2.3589999675750732,2.369999885559082,2731,0.0,0.0
2023-01-19 13:30:00-05:00,2.369999885559082,2.369999885559082,2.369999885559082,2.369999885559082,114,0.0,0.0
2023-01-19 15:30:00-05:00,2.3499999046325684,2.380000114440918,2.3299999237060547,2.3499999046325684,6546,0.0,0.0
2023-01-20 09:30:00-05:00,2.3499999046325684,2.359999895095825,2.3299999237060547,2.359999895095825,3010,0.0,0.0
2023-01-20 11:30:00-05:00,2.3798999786376953,2.380000114440918,2.369999885559082,2.369999885559082,987,0.0,0.0
2023-01-20 15:30:00-05:00,2.380000114440918,2.4049999713897705,2.369999885559082,2.4049999713897705,1595,0.0,0.0
2023-01-23 09:30:00-05:00,2.369999885559082,2.4100000858306885,2.369999885559082,2.4100000858306885,308,0.0,0.0
2023-01-23 10:30:00-05:00,2.4100000858306885,2.4149999618530273,2.4100000858306885,2.4100000858306885,503,0.0,0.0
2023-01-23 11:30:00-05:00,2.4000000953674316,2.440000057220459,2.4000000953674316,2.430000066757202,20501,0.0,0.0
2023-01-23 12:30:00-05:00,2.430000066757202,2.430000066757202,2.421299934387207,2.430000066757202,1533,0.0,0.0
2023-01-23 13:30:00-05:00,2.430000066757202,2.430000066757202,2.430000066757202,2.430000066757202,919,0.0,0.0
2023-01-23 14:30:00-05:00,2.4200000762939453,2.4200000762939453,2.4100000858306885,2.4100000858306885,860,0.0,0.0
2023-01-23 15:30:00-05:00,2.4000000953674316,2.430000066757202,2.4000000953674316,2.430000066757202,2407,0.0,0.0
2023-01-24 09:30:00-05:00,2.4200000762939453,2.450000047683716,2.4200000762939453,2.430299997329712,1479,0.0,0.0
2023-01-24 10:30:00-05:00,2.4372000694274902,2.444999933242798,2.434999942779541,2.444999933242798,1883,0.0,0.0
2023-01-24 11:30:00-05:00,2.4549999237060547,2.4700000286102295,2.450700044631958,2.450700044631958,3875,0.0,0.0
2023-01-24 12:30:00-05:00,2.450000047683716,2.450000047683716,2.450000047683716,2.450000047683716,569,0.0,0.0
2023-01-24 13:30:00-05:00,2.4549999237060547,2.4595999717712402,2.4549999237060547,2.4595999717712402,227,0.0,0.0
2023-01-24 14:30:00-05:00,2.450000047683716,2.4600000381469727,2.450000047683716,2.4600000381469727,1045,0.0,0.0
2023-01-24 15:30:00-05:00,2.4600000381469727,2.4600000381469727,2.450000047683716,2.450000047683716,1371,0.0,0.0
2023-01-25 09:30:00-05:00,2.4600000381469727,2.5350000858306885,2.4600000381469727,2.5,8353,0.0,0.0
2023-01-25 10:30:00-05:00,2.509999990463257,2.5199999809265137,2.5,2.517199993133545,1611,0.0,0.0
2023-01-25 11:30:00-05:00,2.5197999477386475,2.5197999477386475,2.5197999477386475,2.5197999477386475,770,0.0,0.0
2023-01-25 12:30:00-05:00,2.5,2.5,2.5,2.5,207,0.0,0.0
2023-01-25 13:30:00-05:00,2.509999990463257,2.515000104904175,2.5,2.509999990463257,8157,0.0,0.0
2023-01-25 14:30:00-05:00,2.5,2.5,2.5,2.5,529,0.0,0.0
2023-01-25 15:30:00-05:00,2.5,2.509999990463257,2.490000009536743,2.509999990463257,1012,0.0,0.0
2023-01-26 09:30:00-05:00,2.5199999809265137,2.5199999809265137,2.5,2.5,5653,0.0,0.0
2023-01-26 10:30:00-05:00,2.4781999588012695,2.4781999588012695,2.4781999588012695,2.4781999588012695,191,0.0,0.0
2023-01-26 11:30:00-05:00,2.4600000381469727,2.4800000190734863,2.4600000381469727,2.4800000190734863,690,0.0,0.0
2023-01-26 12:30:00-05:00,2.4700000286102295,2.4800000190734863,2.4614999294281006,2.4614999294281006,1120,0.0,0.0
2023-01-26 13:30:00-05:00,2.4600000381469727,2.4800000190734863,2.4600000381469727,2.4800000190734863,1636,0.0,0.0
2023-01-26 14:30:00-05:00,2.4749999046325684,2.478800058364868,2.4749999046325684,2.4749999046325684,560,0.0,0.0
2023-01-26 15:30:00-05:00,2.4800000190734863,2.4800000190734863,2.4749999046325684,2.4800000190734863,734,0.0,0.0
2023-01-27 09:30:00-05:00,2.440000057220459,2.450000047683716,2.4100000858306885,2.450000047683716,25526,0.0,0.0
2023-01-27 10:30:00-05:00,2.469899892807007,2.469899892807007,2.469899892807007,2.469899892807007,141,0.0,0.0
2023-01-27 11:30:00-05:00,2.4700000286102295,2.490000009536743,2.460099935531616,2.490000009536743,2981,0.0,0.0
2023-01-27 12:30:00-05:00,2.4800000190734863,2.490000009536743,2.4800000190734863,2.490000009536743,390,0.0,0.0
2023-01-27 13:30:00-05:00,2.4899001121520996,2.4899001121520996,2.4800000190734863,2.4800000190734863,840,0.0,0.0
2023-01-27 14:30:00-05:00,2.4749999046325684,2.4749999046325684,2.4700000286102295,2.4700000286102295,416,0.0,0.0
2023-01-27 15:30:00-05:00,2.4800000190734863,2.4800000190734863,2.4600000381469727,2.4600000381469727,2067,0.0,0.0
2023-01-30 09:30:00-05:00,2.4800000190734863,2.4800000190734863,2.4056999683380127,2.4200000762939453,0,0.0,0.0
2023-01-30 10:30:00-05:00,2.4200000762939453,2.430000066757202,2.414799928665161,2.430000066757202,5954,0.0,0.0
2023-01-30 11:30:00-05:00,2.430000066757202,2.440000057220459,2.4200000762939453,2.430000066757202,4604,0.0,0.0
2023-01-30 12:30:00-05:00,2.430000066757202,2.430000066757202,2.4200000762939453,2.4200000762939453,1700,0.0,0.0
2023-01-30 13:30:00-05:00,2.430000066757202,2.430000066757202,2.4149999618530273,2.4149999618530273,703,0.0,0.0
2023-01-30 14:30:00-05:00,2.4100000858306885,2.4200000762939453,2.4049999713897705,2.4100000858306885,2506,0.0,0.0
2023-01-30 15:30:00-05:00,2.4100000858306885,2.4200000762939453,2.4100000858306885,2.4200000762939453,2392,0.0,0.0
2023-01-31 09:30:00-05:00,2.4000000953674316,2.4000000953674316,2.4000000953674316,2.4000000953674316,669,0.0,0.0
2023-01-31 10:30:00-05:00,2.390000104904175,2.390000104904175,2.390000104904175,2.390000104904175,100,0.0,0.0
2023-01-31 11:30:00-05:00,2.3901000022888184,2.4000000953674316,2.3901000022888184,2.4000000953674316,723,0.0,0.0
2023-01-31 12:30:00-05:00,2.3991000652313232,2.3991000652313232,2.390000104904175,2.390000104904175,511,0.0,0.0
2023-01-31 13:30:00-05:00,2.3949999809265137,2.4000000953674316,2.3949999809265137,2.4000000953674316,800,0.0,0.0
2023-01-31 14:30:00-05:00,2.4000000953674316,2.4000000953674316,2.390000104904175,2.390000104904175,2425,0.0,0.0
2023-01-31 15:30:00-05:00,2.390000104904175,2.4000000953674316,2.390000104904175,2.3949999809265137,1701,0.0,0.0
2023-02-01 09:30:00-05:00,2.4200000762939453,2.4200000762939453,2.41729998588562,2.4200000762939453,0,0.0,0.0
2023-02-01 10:30:00-05:00,2.4200000762939453,2.4200000762939453,2.4100000858306885,2.4100000858306885,215,0.0,0.0
2023-02-01 11:30:00-05:00,2.418100118637085,2.4198999404907227,2.4100000858306885,2.4100000858306885,514,0.0,0.0
2023-02-01 12:30:00-05:00,2.4119999408721924,2.4119999408721924,2.4119999408721924,2.4119999408721924,560,0.0,0.0
2023-02-01 13:30:00-05:00,2.4100000858306885,2.4100000858306885,2.4100000858306885,2.4100000858306885,101,0.0,0.0
2023-02-01 14:30:00-05:00,2.4100000858306885,2.418100118637085,2.4100000858306885,2.418100118637085,1009,0.0,0.0
2023-02-01 15:30:00-05:00,2.4100000858306885,2.4200000762939453,2.4000000953674316,2.4200000762939453,575,0.0,0.0
2023-02-02 09:30:00-05:00,2.4100000858306885,2.4800000190734863,2.4100000858306885,2.4600000381469727,6147,0.0,0.0
2023-02-02 10:30:00-05:00,2.450000047683716,2.4700000286102295,2.450000047683716,2.4700000286102295,2287,0.0,0.0
2023-02-02 11:30:00-05:00,2.4600000381469727,2.4600000381469727,2.4600000381469727,2.4600000381469727,649,0.0,0.0
2023-02-02 12:30:00-05:00,2.4600000381469727,2.4600000381469727,2.4600000381469727,2.4600000381469727,262,0.0,0.0
2023-02-02 13:30:00-05:00,2.450000047683716,2.469899892807007,2.450000047683716,2.469899892807007,1046,0.0,0.0
2023-02-02 14:30:00-05:00,2.450000047683716,2.4700000286102295,2.434999942779541,2.440000057220459,7573,0.0,0.0
2023-02-02 15:30:00-05:00,2.450000047683716,2.4600000381469727,2.450000047683716,2.4600000381469727,320,0.0,0.0
2023-02-03 09:30:00-05:00,2.4600000381469727,2.4600000381469727,2.434999942779541,2.4419000148773193,5793,0.0,0.0
2023-02-03 10:30:00-05:00,2.450000047683716,2.450000047683716,2.440000057220459,2.440000057220459,8374,0.0,0.0
2023-02-03 11:30:00-05:00,2.430000066757202,2.438800096511841,2.4102001190185547,2.4102001190185547,2840,0.0,0.0
2023-02-03 12:30:00-05:00,2.4298999309539795,2.4298999309539795,2.4100000858306885,2.4200000762939453,2198,0.0,0.0
2023-02-03 13:30:00-05:00,2.4100000858306885,2.4100000858306885,2.4000000953674316,2.4000000953674316,3321,0.0,0.0
2023-02-03 14:30:00-05:00,2.4000000953674316,2.4098000526428223,2.4000000953674316,2.4098000526428223,476,0.0,0.0
2023-02-03 15:30:00-05:00,2.4100000858306885,2.4100000858306885,2.4000000953674316,2.4000000953674316,2693,0.0,0.0
2023-02-06 09:30:00-05:00,2.390000104904175,2.440000057220459,2.390000104904175,2.430000066757202,1860,0.0,0.0
2023-02-06 10:30:00-05:00,2.430000066757202,2.430000066757202,2.4298999309539795,2.430000066757202,870,0.0,0.0
2023-02-06 11:30:00-05:00,2.4100000858306885,2.4200000762939453,2.4100000858306885,2.4200000762939453,1412,0.0,0.0
2023-02-06 12:30:00-05:00,2.4300999641418457,2.4300999641418457,2.430000066757202,2.430000066757202,282,0.0,0.0
2023-02-06 13:30:00-05:00,2.4209001064300537,2.4209001064300537,2.4200000762939453,2.4200000762939453,4000,0.0,0.0
2023-02-06 14:30:00-05:00,2.4200000762939453,2.4200000762939453,2.4100000858306885,2.4100000858306885,492,0.0,0.0
2023-02-06 15:30:00-05:00,2.427999973297119,2.430000066757202,2.4100000858306885,2.4100000858306885,2698,0.0,0.0
2023-02-07 09:30:00-05:00,2.390000104904175,2.390000104904175,2.359999895095825,2.380000114440918,1240,0.0,0.0
2023-02-07 10:30:00-05:00,2.380000114440918,2.3949999809265137,2.380000114440918,2.3949999809265137,504,0.0,0.0
2023-02-07 11:30:00-05:00,2.390000104904175,2.390000104904175,2.390000104904175,2.390000104904175,111,0.0,0.0
2023-02-07 12:30:00-05:00,2.390000104904175,2.390000104904175,2.390000104904175,2.390000104904175,290,0.0,0.0
2023-02-07 13:30:00-05:00,2.390000104904175,2.390000104904175,2.380000114440918,2.380000114440918,533,0.0,0.0
2023-02-07 15:30:00-05:00,2.4000000953674316,2.4100000858306885,2.4000000953674316,2.4100000858306885,0,0.0,0.0
2023-02-08 09:30:00-05:00,2.380000114440918,2.390000104904175,2.380000114440918,2.380000114440918,2492,0.0,0.0
2023-02-08 10:30:00-05:00,2.380000114440918,2.380000114440918,2.360100030899048,2.360100030899048,1244,0.0,0.0
2023-02-08 13:30:00-05:00,2.369999885559082,2.369999885559082,2.369999885559082,2.369999885559082,225,0.0,0.0
2023-02-08 14:30:00-05:00,2.369999885559082,2.390000104904175,2.369999885559082,2.390000104904175,2960,0.0,0.0
2023-02-08 15:30:00-05:00,2.390000104904175,2.390000104904175,2.3650999069213867,2.390000104904175,1374,0.0,0.0
2023-02-09 09:30:00-05:00,2.440000057220459,2.489000082015991,2.440000057220459,2.470099925994873,10160,0.0,0.0
2023-02-09 10:30:00-05:00,2.4600000381469727,2.470099925994873,2.450000047683716,2.450000047683716,3741,0.0,0.0
2023-02-09 11:30:00-05:00,2.4600000381469727,2.4600000381469727,2.450000047683716,2.450000047683716,546,0.0,0.0
2023-02-09 12:30:00-05:00,2.4581000804901123,2.4600000381469727,2.440000057220459,2.453900098800659,4715,0.0,0.0
2023-02-09 13:30:00-05:00,2.454400062561035,2.4549999237060547,2.430000066757202,2.430000066757202,3289,0.0,0.0
2023-02-09 14:30:00-05:00,2.430000066757202,2.440000057220459,2.4200000762939453,2.440000057220459,8453,0.0,0.0
2023-02-09 15:30:00-05:00,2.450000047683716,2.4600000381469727,2.450000047683716,2.4600000381469727,720,0.0,0.0
2023-02-10 09:30:00-05:00,2.4600000381469727,2.4600000381469727,2.390000104904175,2.390000104904175,3465,0.0,0.0
2023-02-10 10:30:00-05:00,2.380000114440918,2.390000104904175,2.369999885559082,2.380000114440918,783,0.0,0.0
2023-02-10 11:30:00-05:00,2.380000114440918,2.390000104904175,2.380000114440918,2.380000114440918,1165,0.0,0.0
2023-02-10 13:30:00-05:00,2.3698999881744385,2.369999885559082,2.359999895095825,2.365000009536743,2517,0.0,0.0
2023-02-10 14:30:00-05:00,2.3499999046325684,2.3499999046325684,2.3499999046325684,2.3499999046325684,412,0.0,0.0
2023-02-10 15:30:00-05:00,2.369999885559082,2.380000114440918,2.3499999046325684,2.3499999046325684,3979,0.0,0.0
2023-02-13 09:30:00-05:00,2.309999942779541,2.309999942779541,2.309999942779541,2.309999942779541,0,0.0,0.0
2023-02-13 10:30:00-05:00,2.3350000381469727,2.3350000381469727,2.3350000381469727,2.3350000381469727,277,0.0,0.0
2023-02-13 11:30:00-05:00,2.331700086593628,2.331700086593628,2.3299999237060547,2.3299999237060547,300,0.0,0.0
2023-02-13 12:30:00-05:00,2.3299999237060547,2.3299999237060547,2.3299999237060547,2.3299999237060547,374,0.0,0.0
2023-02-13 15:30:00-05:00,2.3299999237060547,2.3499999046325684,2.3299999237060547,2.3299999237060547,831,0.0,0.0
2023-02-14 09:30:00-05:00,2.3499999046325684,2.3499999046325684,2.3299999237060547,2.3399999141693115,8057,0.0,0.0
2023-02-14 10:30:00-05:00,2.3399999141693115,2.3499999046325684,2.3399999141693115,2.3499999046325684,6201,0.0,0.0
2023-02-14 11:30:00-05:00,2.359999895095825,2.369999885559082,2.359999895095825,2.369999885559082,2098,0.0,0.0
2023-02-14 13:30:00-05:00,2.365000009536743,2.365000009536743,2.365000009536743,2.365000009536743,131,0.0,0.0
2023-02-14 14:30:00-05:00,2.3499999046325684,2.359999895095825,2.3499999046325684,2.359999895095825,622,0.0,0.0
2023-02-14 15:30:00-05:00,2.3643999099731445,2.3643999099731445,2.3399999141693115,2.359999895095825,2145,0.0,0.0
2023-02-15 09:30:00-05:00,2.3299999237060547,2.3499999046325684,2.3299999237060547,2.3303000926971436,0,0.0,0.0
2023-02-15 10:30:00-05:00,2.3046998977661133,2.322999954223633,2.3046998977661133,2.322999954223633,511,0.0,0.0
2023-02-15 11:30:00-05:00,2.309999942779541,2.309999942779541,2.3062000274658203,2.309999942779541,1579,0.0,0.0
2023-02-15 12:30:00-05:00,2.3299999237060547,2.3399999141693115,2.3299999237060547,2.3399999141693115,1270,0.0,0.0
2023-02-15 13:30:00-05:00,2.344399929046631,2.344399929046631,2.3399999141693115,2.3399999141693115,250,0.0,0.0
2023-02-15 14:30:00-05:00,2.3299999237060547,2.3299999237060547,2.309999942779541,2.3299999237060547,3126,0.0,0.0
2023-02-15 15:30:00-05:00,2.3299999237060547,2.3299999237060547,2.309999942779541,2.309999942779541,1550,0.0,0.0
2023-02-16 09:30:00-05:00,2.319999933242798,2.319999933242798,2.255000114440918,2.259999990463257,8920,0.0,0.0
2023-02-16 10:30:00-05:00,2.25,2.2899999618530273,2.2300000190734863,2.2799999713897705,5840,0.0,0.0
2023-02-16 11:30:00-05:00,2.2899999618530273,2.299999952316284,2.2899999618530273,2.299999952316284,409,0.0,0.0
2023-02-16 12:30:00-05:00,2.309999942779541,2.309999942779541,2.309999942779541,2.309999942779541,121,0.0,0.0
2023-02-16 13:30:00-05:00,2.319999933242798,2.359999895095825,2.319999933242798,2.319999933242798,2739,0.0,0.0
2023-02-16 14:30:00-05:00,2.319999933242798,2.3299999237060547,2.319999933242798,2.3299999237060547,1939,0.0,0.0
2023-02-16 15:30:00-05:00,2.369999885559082,2.369999885559082,2.299999952316284,2.299999952316284,2287,0.0,0.0
2023-02-17 09:30:00-05:00,2.259999990463257,2.3589999675750732,2.259999990463257,2.3589999675750732,2437,0.0,0.0
2023-02-17 10:30:00-05:00,2.3399999141693115,2.3399999141693115,2.3399999141693115,2.3399999141693115,202,0.0,0.0
2023-02-17 11:30:00-05:00,2.309999942779541,2.309999942779541,2.309999942779541,2.309999942779541,492,0.0,0.0
2023-02-17 12:30:00-05:00,2.309999942779541,2.319999933242798,2.3008999824523926,2.319999933242798,2022,0.0,0.0
2023-02-17 13:30:00-05:00,2.3399999141693115,2.3399999141693115,2.319999933242798,2.319999933242798,1505,0.0,0.0
2023-02-17 14:30:00-05:00,2.3399999141693115,2.3399999141693115,2.319999933242798,2.319999933242798,346,0.0,0.0
2023-02-17 15:30:00-05:00,2.322000026702881,2.3299999237060547,2.322000026702881,2.3299999237060547,902,0.0,0.0
2023-02-21 09:30:00-05:00,2.3499999046325684,2.4000000953674316,2.3499999046325684,2.4000000953674316,1806,0.0,0.0
2023-02-21 10:30:00-05:00,2.3499999046325684,2.3499999046325684,2.3399999141693115,2.3399999141693115,5748,0.0,0.0
2023-02-21 11:30:00-05:00,2.340100049972534,2.3499999046325684,2.3399999141693115,2.3499999046325684,3473,0.0,0.0
2023-02-21 12:30:00-05:00,2.3399999141693115,2.3399999141693115,2.3399999141693115,2.3399999141693115,494,0.0,0.0
2023-02-21 13:30:00-05:00,2.311800003051758,2.311800003051758,2.311800003051758,2.311800003051758,1259,0.0,0.0
2023-02-21 14:30:00-05:00,2.309999942779541,2.319999933242798,2.300100088119507,2.300100088119507,1416,0.0,0.0
2023-02-22 09:30:00-05:00,2.3399999141693115,2.3399999141693115,2.329699993133545,2.339900016784668,3005,0.0,0.0
2023-02-22 10:30:00-05:00,2.319999933242798,2.319999933242798,2.319999933242798,2.319999933242798,1301,0.0,0.0
2023-02-22 11:30:00-05:00,2.328000068664551,2.328000068664551,2.319999933242798,2.319999933242798,895,0.0,0.0
2023-02-22 13:30:00-05:00,2.325000047683716,2.325000047683716,2.319999933242798,2.319999933242798,4152,0.0,0.0
2023-02-22 14:30:00-05:00,2.309999942779541,2.309999942779541,2.299999952316284,2.299999952316284,415,0.0,0.0
2023-02-22 15:30:00-05:00,2.305000066757202,2.309999942779541,2.305000066757202,2.309999942779541,533,0.0,0.0
2023-02-23 09:30:00-05:00,2.309999942779541,2.309999942779541,2.2899999618530273,2.2899999618530273,4037,0.0,0.0
2023-02-23 10:30:00-05:00,2.2899999618530273,2.2899999618530273,2.2899999618530273,2.2899999618530273,753,0.0,0.0
2023-02-23 11:30:00-05:00,2.2899999618530273,2.299999952316284,2.2899999618530273,2.299999952316284,946,0.0,0.0
2023-02-23 12:30:00-05:00,2.296799898147583,2.296799898147583,2.2899999618530273,2.2899999618530273,367,0.0,0.0
2023-02-23 14:30:00-05:00,2.299999952316284,2.299999952316284,2.2899999618530273,2.2899999618530273,676,0.0,0.0
2023-02-23 15:30:00-05:00,2.309999942779541,2.3399999141693115,2.309999942779541,2.3399999141693115,4773,0.0,0.0
2023-02-24 09:30:00-05:00,2.299999952316284,2.299999952316284,2.299999952316284,2.299999952316284,0,0.0,0.0
2023-02-24 10:30:00-05:00,2.2799999713897705,2.2899999618530273,2.2799999713897705,2.2899999618530273,1227,0.0,0.0
2023-02-24 11:30:00-05:00,2.25,2.25,2.25,2.25,251,0.0,0.0
2023-02-24 12:30:00-05:00,2.2681000232696533,2.2699999809265137,2.2681000232696533,2.2699999809265137,1509,0.0,0.0
2023-02-24 14:30:00-05:00,2.2699999809265137,2.2699999809265137,2.25,2.25,6585,0.0,0.0
2023-02-24 15:30:00-05:00,2.2149999141693115,2.2699999809265137,2.2100000381469727,2.2699999809265137,3693,0.0,0.0
2023-02-27 09:30:00-05:00,2.25,2.25,2.2200000286102295,2.2202999591827393,7556,0.0,0.0
2023-02-27 10:30:00-05:00,2.2200000286102295,2.2200000286102295,2.2100000381469727,2.2200000286102295,1364,0.0,0.0
2023-02-27 12:30:00-05:00,2.2200000286102295,2.240000009536743,2.2200000286102295,2.240000009536743,1401,0.0,0.0
2023-02-27 13:30:00-05:00,2.2200000286102295,2.2246999740600586,2.2100000381469727,2.213599920272827,10016,0.0,0.0
2023-02-27 14:30:00-05:00,2.2100000381469727,2.2100000381469727,2.180000066757202,2.194999933242798,3584,0.0,0.0
2023-02-27 15:30:00-05:00,2.180000066757202,2.2100000381469727,2.180000066757202,2.2100000381469727,3417,0.0,0.0
2023-02-28 09:30:00-05:00,2.200000047683716,2.240000009536743,2.200000047683716,2.2300000190734863,1069,0.0,0.0
2023-02-28 10:30:00-05:00,2.2200000286102295,2.2200000286102295,2.200000047683716,2.2100000381469727,3714,0.0,0.0
2023-02-28 12:30:00-05:00,2.2100000381469727,2.2100000381469727,2.2100000381469727,2.2100000381469727,153,0.0,0.0
2023-02-28 13:30:00-05:00,2.2100000381469727,2.2100000381469727,2.200000047683716,2.200000047683716,3978,0.0,0.0
2023-02-28 14:30:00-05:00,2.2300000190734863,2.2300000190734863,2.2100000381469727,2.2100000381469727,3136,0.0,0.0
2023-02-28 15:30:00-05:00,2.2200000286102295,2.240000009536743,2.2100000381469727,2.2300000190734863,3621,0.0,0.0
2023-03-01 09:30:00-05:00,2.200000047683716,2.2300000190734863,2.190000057220459,2.226300001144409,910,0.0,0.0
2023-03-01 10:30:00-05:00,2.2300000190734863,2.2300000190734863,2.2249999046325684,2.2249999046325684,717,0.0,0.0
2023-03-01 11:30:00-05:00,2.2149999141693115,2.2149999141693115,2.2149999141693115,2.2149999141693115,532,0.0,0.0
2023-03-01 12:30:00-05:00,2.2300000190734863,2.2300000190734863,2.2300000190734863,2.2300000190734863,353,0.0,0.0
2023-03-01 14:30:00-05:00,2.2200000286102295,2.2200000286102295,2.2100000381469727,2.2100000381469727,901,0.0,0.0
2023-03-01 15:30:00-05:00,2.200000047683716,2.2100000381469727,2.190000057220459,2.190000057220459,1610,0.0,0.0
2023-03-02 09:30:00-05:00,2.200000047683716,2.2200000286102295,2.1600000858306885,2.2100000381469727,11781,0.0,0.0
2023-03-02 10:30:00-05:00,2.170099973678589,2.180000066757202,2.170099973678589,2.180000066757202,628,0.0,0.0
2023-03-02 11:30:00-05:00,2.180000066757202,2.180000066757202,2.180000066757202,2.180000066757202,229,0.0,0.0
2023-03-02 12:30:00-05:00,2.180000066757202,2.200000047683716,2.1700000762939453,2.180000066757202,3928,0.0,0.0
2023-03-02 14:30:00-05:00,2.190000057220459,2.190000057220459,2.180000066757202,2.190000057220459,1251,0.0,0.0
2023-03-02 15:30:00-05:00,2.1800999641418457,2.1800999641418457,2.1800999641418457,2.1800999641418457,177,0.0,0.0
2023-03-03 09:30:00-05:00,2.180000066757202,2.180000066757202,2.180000066757202,2.180000066757202,115,0.0,0.0
2023-03-03 10:30:00-05:00,2.2100000381469727,2.2100000381469727,2.2100000381469727,2.2100000381469727,546,0.0,0.0
2023-03-03 11:30:00-05:00,2.2149999141693115,2.2149999141693115,2.2149999141693115,2.2149999141693115,1287,0.0,0.0
2023-03-03 12:30:00-05:00,2.2200000286102295,2.2200000286102295,2.2200000286102295,2.2200000286102295,733,0.0,0.0
2023-03-03 14:30:00-05:00,2.2100000381469727,2.2100000381469727,2.2100000381469727,2.2100000381469727,411,0.0,0.0
2023-03-03 15:30:00-05:00,2.2200000286102295,2.240000009536743,2.200000047683716,2.2300000190734863,4885,0.0,0.0
2023-03-06 09:30:00-05:00,2.200000047683716,2.2479000091552734,2.200000047683716,2.240000009536743,1611,0.0,0.0
2023-03-06 10:30:00-05:00,2.240000009536743,2.240000009536743,2.240000009536743,2.240000009536743,274,0.0,0.0
2023-03-06 13:30:00-05:00,2.2300000190734863,2.2300000190734863,2.2300000190734863,2.2300000190734863,156,0.0,0.0
2023-03-06 14:30:00-05:00,2.2300000190734863,2.2300000190734863,2.2300000190734863,2.2300000190734863,660,0.0,0.0
2023-03-06 15:30:00-05:00,2.2100000381469727,2.2100000381469727,2.2100000381469727,2.2100000381469727,995,0.0,0.0
2023-03-07 09:30:00-05:00,2.200000047683716,2.200000047683716,2.200000047683716,2.200000047683716,0,0.0,0.0
2023-03-07 10:30:00-05:00,2.2200000286102295,2.2200000286102295,2.2100000381469727,2.2100000381469727,594,0.0,0.0
2023-03-07 11:30:00-05:00,2.200000047683716,2.200000047683716,2.200000047683716,2.200000047683716,152,0.0,0.0
2023-03-07 12:30:00-05:00,2.200000047683716,2.200000047683716,2.200000047683716,2.200000047683716,100,0.0,0.0
2023-03-07 13:30:00-05:00,2.2086000442504883,2.23799991607666,2.2007999420166016,2.2363998889923096,3263,0.0,0.0
2023-03-07 14:30:00-05:00,2.2100000381469727,2.2200000286102295,2.200000047683716,2.200000047683716,2232,0.0,0.0
2023-03-07 15:30:00-05:00,2.200000047683716,2.200000047683716,2.200000047683716,2.200000047683716,396,0.0,0.0
2023-03-08 09:30:00-05:00,2.200000047683716,2.2149999141693115,2.200000047683716,2.2149999141693115,0,0.0,0.0
2023-03-08 11:30:00-05:00,2.2200000286102295,2.2200000286102295,2.2149999141693115,2.2149999141693115,2503,0.0,0.0
2023-03-08 12:30:00-05:00,2.2200000286102295,2.2200000286102295,2.2200000286102295,2.2200000286102295,119,0.0,0.0
2023-03-08 13:30:00-05:00,2.239799976348877,2.239799976348877,2.2300000190734863,2.2300000190734863,895,0.0,0.0
2023-03-08 14:30:00-05:00,2.2295000553131104,2.240000009536743,2.2227001190185547,2.240000009536743,876,0.0,0.0
2023-03-08 15:30:00-05:00,2.240000009536743,2.240000009536743,2.240000009536743,2.240000009536743,581,0.0,0.0
2023-03-09 09:30:00-05:00,2.2300000190734863,2.2799999713897705,2.2300000190734863,2.2799999713897705,1746,0.0,0.0
2023-03-09 10:30:00-05:00,2.2300000190734863,2.2300000190734863,2.2200000286102295,2.2200000286102295,1265,0.0,0.0
2023-03-09 11:30:00-05:00,2.2200000286102295,2.240000009536743,2.2200000286102295,2.240000009536743,418,0.0,0.0
2023-03-09 13:30:00-05:00,2.2100000381469727,2.2100000381469727,2.180000066757202,2.190000057220459,4239,0.0,0.0
2023-03-09 14:30:00-05:00,2.180000066757202,2.1800999641418457,2.180000066757202,2.180000066757202,796,0.0,0.0
2023-03-09 15:30:00-05:00,2.1816000938415527,2.190000057220459,2.1649999618530273,2.1649999618530273,6062,0.0,0.0
2023-03-10 09:30:00-05:00,2.1700000762939453,2.259999990463257,2.1700000762939453,2.257200002670288,5923,0.0,0.0
2023-03-10 10:30:00-05:00,2.240000009536743,2.240000009536743,2.240000009536743,2.240000009536743,269,0.0,0.0
2023-03-10 11:30:00-05:00,2.2300000190734863,2.2300000190734863,2.200000047683716,2.2100000381469727,3327,0.0,0.0
2023-03-10 12:30:00-05:00,2.2200000286102295,2.240000009536743,2.2200000286102295,2.2300000190734863,25792,0.0,0.0
2023-03-10 13:30:00-05:00,2.2100000381469727,2.240000009536743,2.2100000381469727,2.2100000381469727,1482,0.0,0.0
2023-03-10 14:30:00-05:00,2.240000009536743,2.240000009536743,2.240000009536743,2.240000009536743,883,0.0,0.0
2023-03-10 15:30:00-05:00,2.240000009536743,2.240000009536743,2.240000009536743,2.240000009536743,284,0.0,0.0
2023-03-13 09:30:00-04:00,2.2200000286102295,2.2200000286102295,2.1600000858306885,2.1600000858306885,0,0.0,0.0
2023-03-13 10:30:00-04:00,2.1600000858306885,2.1600000858306885,2.140000104904175,2.1500000953674316,6779,0.0,0.0
2023-03-13 11:30:00-04:00,2.1700000762939453,2.1700000762939453,2.1661999225616455,2.1661999225616455,357,0.0,0.0
2023-03-13 12:30:00-04:00,2.1700000762939453,2.190000057220459,2.1700000762939453,2.190000057220459,260,0.0,0.0
2023-03-13 15:30:00-04:00,2.1700000762939453,2.1700000762939453,2.1500000953674316,2.1700000762939453,1197,0.0,0.0
2023-03-14 09:30:00-04:00,2.1500000953674316,2.190000057220459,2.140000104904175,2.1600000858306885,4498,0.0,0.0
2023-03-14 10:30:00-04:00,2.180000066757202,2.190000057220459,2.1600000858306885,2.190000057220459,1796,0.0,0.0
2023-03-14 11:30:00-04:00,2.180000066757202,2.180000066757202,2.180000066757202,2.180000066757202,702,0.0,0.0
2023-03-14 12:30:00-04:00,2.180000066757202,2.180000066757202,2.174999952316284,2.180000066757202,1441,0.0,0.0
2023-03-14 13:30:00-04:00,2.180000066757202,2.180000066757202,2.1700000762939453,2.180000066757202,1997,0.0,0.0
2023-03-14 14:30:00-04:00,2.180000066757202,2.180000066757202,2.174999952316284,2.180000066757202,2829,0.0,0.0
2023-03-14 15:30:00-04:00,2.180000066757202,2.190000057220459,2.140000104904175,2.140000104904175,6994,0.0,0.0
2023-03-15 09:30:00-04:00,2.0999999046325684,2.130000114440918,2.0999999046325684,2.119999885559082,0,0.0,0.0
2023-03-15 10:30:00-04:00,2.100100040435791,2.119999885559082,2.100100040435791,2.119999885559082,1265,0.0,0.0
2023-03-15 11:30:00-04:00,2.0999999046325684,2.103300094604492,2.0999999046325684,2.103300094604492,1205,0.0,0.0
2023-03-15 12:30:00-04:00,2.0999999046325684,2.0999999046325684,2.0999999046325684,2.0999999046325684,271,0.0,0.0
2023-03-15 13:30:00-04:00,2.109999895095825,2.109999895095825,2.109999895095825,2.109999895095825,797,0.0,0.0
2023-03-15 14:30:00-04:00,2.109999895095825,2.119999885559082,2.109999895095825,2.11899995803833,875,0.0,0.0
2023-03-15 15:30:00-04:00,2.119999885559082,2.1496999263763428,2.119999885559082,2.119999885559082,7952,0.0,0.0
2023-03-16 09:30:00-04:00,2.0999999046325684,2.0999999046325684,2.0999999046325684,2.0999999046325684,667,0.0,0.0
2023-03-16 10:30:00-04:00,2.119999885559082,2.119999885559082,2.119999885559082,2.119999885559082,269,0.0,0.0
2023-03-16 11:30:00-04:00,2.1131999492645264,2.1131999492645264,2.1131999492645264,2.1131999492645264,315,0.0,0.0
2023-03-16 14:30:00-04:00,2.1185998916625977,2.1185998916625977,2.109999895095825,2.109999895095825,1550,0.0,0.0
2023-03-16 15:30:00-04:00,2.109999895095825,2.109999895095825,2.0999999046325684,2.0999999046325684,0,0.0,0.0
2023-03-17 09:30:00-04:00,2.069999933242798,2.200000047683716,2.059999942779541,2.200000047683716,6742,0.0,0.0
2023-03-17 10:30:00-04:00,2.1500000953674316,2.1500000953674316,2.1500000953674316,2.1500000953674316,126,0.0,0.0
2023-03-17 11:30:00-04:00,2.0899999141693115,2.0899999141693115,2.0899999141693115,2.0899999141693115,259,0.0,0.0
2023-03-17 12:30:00-04:00,2.0799999237060547,2.190000057220459,2.069999933242798,2.130000114440918,15557,0.0,0.0
2023-03-17 14:30:00-04:00,2.0799999237060547,2.0899999141693115,2.0799999237060547,2.0899999141693115,1132,0.0,0.0
2023-03-17 15:30:00-04:00,2.069999933242798,2.0799999237060547,1.8899999856948853,1.9900000095367432,55295,0.0,0.0
2023-03-20 09:30:00-04:00,1.9800000190734863,2.0999999046325684,1.9800000190734863,2.0964999198913574,3545,0.0,0.0
2023-03-20 10:30:00-04:00,2.0999999046325684,2.0999999046325684,2.0794999599456787,2.0999999046325684,5561,0.0,0.0
2023-03-20 11:30:00-04:00,2.0899999141693115,2.0899999141693115,2.0899999141693115,2.0899999141693115,534,0.0,0.0
2023-03-20 12:30:00-04:00,2.0850000381469727,2.0899999141693115,2.0850000381469727,2.0899999141693115,770,0.0,0.0
2023-03-20 13:30:00-04:00,2.0799999237060547,2.0799999237060547,2.0799999237060547,2.0799999237060547,272,0.0,0.0
2023-03-20 14:30:00-04:00,2.0799999237060547,2.0799999237060547,2.0299999713897705,2.0399999618530273,6660,0.0,0.0
2023-03-20 15:30:00-04:00,2.049999952316284,2.059999942779541,2.0495998859405518,2.049999952316284,2635,0.0,0.0
2023-03-21 09:30:00-04:00,2.119999885559082,2.130000114440918,2.0,2.050100088119507,3666,0.0,0.0
2023-03-21 10:30:00-04:00,2.130000114440918,2.130000114440918,2.130000114440918,2.130000114440918,554,0.0,0.0
2023-03-21 11:30:00-04:00,2.0899999141693115,2.0899999141693115,2.0399999618530273,2.069999933242798,941,0.0,0.0
2023-03-21 12:30:00-04:00,2.059999942779541,2.089600086212158,2.059999942779541,2.089600086212158,495,0.0,0.0
2023-03-21 13:30:00-04:00,2.0799999237060547,2.0799999237060547,2.049999952316284,2.049999952316284,743,0.0,0.0
2023-03-21 14:30:00-04:00,2.059999942779541,2.059999942779541,2.0399999618530273,2.0399999618530273,525,0.0,0.0
2023-03-21 15:30:00-04:00,2.059999942779541,2.059999942779541,2.049999952316284,2.05049991607666,1893,0.0,0.0
2023-03-22 09:30:00-04:00,2.119999885559082,2.1600000858306885,2.069999933242798,2.1196999549865723,0,0.0,0.0
2023-03-22 10:30:00-04:00,2.0999999046325684,2.100100040435791,2.0999999046325684,2.0999999046325684,2146,0.0,0.0
2023-03-22 11:30:00-04:00,2.0869998931884766,2.0869998931884766,2.0869998931884766,2.0869998931884766,873,0.0,0.0
2023-03-22 12:30:00-04:00,2.0868000984191895,2.140000104904175,2.069999933242798,2.109999895095825,23296,0.0,0.0
2023-03-22 13:30:00-04:00,2.0999999046325684,2.0999999046325684,2.0799999237060547,2.0999999046325684,1366,0.0,0.0
2023-03-22 14:30:00-04:00,2.0899999141693115,2.0999999046325684,2.0899999141693115,2.0999999046325684,984,0.0,0.0
2023-03-22 15:30:00-04:00,2.0899999141693115,2.0899999141693115,2.069999933242798,2.069999933242798,1663,0.0,0.0
2023-03-23 09:30:00-04:00,2.1500000953674316,2.1500000953674316,2.1500000953674316,2.1500000953674316,5033,0.0,0.0
2023-03-23 10:30:00-04:00,2.190000057220459,2.190000057220459,2.1700000762939453,2.1700000762939453,2094,0.0,0.0
2023-03-23 11:30:00-04:00,2.190000057220459,2.190000057220459,2.1700000762939453,2.1700000762939453,1336,0.0,0.0
2023-03-23 12:30:00-04:00,2.180000066757202,2.180000066757202,2.1700000762939453,2.1700000762939453,855,0.0,0.0
2023-03-23 13:30:00-04:00,2.1700000762939453,2.200000047683716,2.1600000858306885,2.170099973678589,14069,0.0,0.0
2023-03-23 15:30:00-04:00,2.1700000762939453,2.194999933242798,2.1700000762939453,2.194999933242798,2925,0.0,0.0
2023-03-24 09:30:00-04:00,2.1700000762939453,2.2499001026153564,2.1700000762939453,2.2499001026153564,2228,0.0,0.0
2023-03-24 10:30:00-04:00,2.190000057220459,2.190000057220459,2.190000057220459,2.190000057220459,950,0.0,0.0
2023-03-24 11:30:00-04:00,2.184999942779541,2.184999942779541,2.184999942779541,2.184999942779541,351,0.0,0.0
2023-03-24 13:30:00-04:00,2.190000057220459,2.2100000381469727,2.190000057220459,2.2100000381469727,534,0.0,0.0
2023-03-24 15:30:00-04:00,2.2100000381469727,2.2300000190734863,2.2100000381469727,2.2300000190734863,948,0.0,0.0
2023-03-27 09:30:00-04:00,2.2200000286102295,2.240000009536743,2.2200000286102295,2.240000009536743,659,0.0,0.0
2023-03-27 10:30:00-04:00,2.2300000190734863,2.2300000190734863,2.190000057220459,2.200000047683716,6448,0.0,0.0
2023-03-27 11:30:00-04:00,2.200000047683716,2.200000047683716,2.200000047683716,2.200000047683716,100,0.0,0.0
2023-03-27 12:30:00-04:00,2.200000047683716,2.2100000381469727,2.200000047683716,2.200000047683716,1146,0.0,0.0
2023-03-27 14:30:00-04:00,2.200000047683716,2.200000047683716,2.200000047683716,2.200000047683716,165,0.0,0.0
2023-03-27 15:30:00-04:00,2.2100000381469727,2.2200000286102295,2.200000047683716,2.200000047683716,1050,0.0,0.0
2023-03-28 10:30:00-04:00,2.172600030899048,2.172600030899048,2.172600030899048,2.172600030899048,1222,0.0,0.0
2023-03-28 14:30:00-04:00,2.1802000999450684,2.190000057220459,2.180000066757202,2.180000066757202,1163,0.0,0.0
2023-03-28 15:30:00-04:00,2.181299924850464,2.181299924850464,2.1700000762939453,2.1700000762939453,1225,0.0,0.0
2023-03-29 09:30:00-04:00,2.1600000858306885,2.1600000858306885,2.1600000858306885,2.1600000858306885,145,0.0,0.0
2023-03-29 10:30:00-04:00,2.184999942779541,2.200000047683716,2.184999942779541,2.200000047683716,394,0.0,0.0
2023-03-29 12:30:00-04:00,2.184999942779541,2.200000047683716,2.184999942779541,2.200000047683716,758,0.0,0.0
2023-03-29 13:30:00-04:00,2.184999942779541,2.184999942779541,2.180000066757202,2.180000066757202,353,0.0,0.0
2023-03-29 14:30:00-04:00,2.180000066757202,2.180000066757202,2.180000066757202,2.180000066757202,128,0.0,0.0
2023-03-30 09:30:00-04:00,2.180000066757202,2.200000047683716,2.180000066757202,2.200000047683716,679,0.0,0.0
2023-03-30 10:30:00-04:00,2.1700000762939453,2.1700000762939453,2.1600000858306885,2.1600000858306885,438,0.0,0.0
2023-03-30 11:30:00-04:00,2.1500000953674316,2.1500000953674316,2.1500000953674316,2.1500000953674316,112,0.0,0.0
2023-03-30 12:30:00-04:00,2.1514999866485596,2.1700000762939453,2.140000104904175,2.1500000953674316,4742,0.0,0.0
2023-03-30 13:30:00-04:00,2.140000104904175,2.1500000953674316,2.140000104904175,2.140000104904175,773,0.0,0.0
2023-03-30 14:30:00-04:00,2.140000104904175,2.1500000953674316,2.130000114440918,2.140000104904175,6166,0.0,0.0
2023-03-30 15:30:00-04:00,2.1600000858306885,2.1700000762939453,2.1500000953674316,2.1600000858306885,5576,0.0,0.0
2023-03-31 09:30:00-04:00,2.1500000953674316,2.1500000953674316,2.1500000953674316,2.1500000953674316,204,0.0,0.0
2023-03-31 10:30:00-04:00,2.190000057220459,2.190000057220459,2.190000057220459,2.190000057220459,1920,0.0,0.0
2023-03-31 12:30:00-04:00,2.169800043106079,2.169800043106079,2.169800043106079,2.169800043106079,200,0.0,0.0
2023-03-31 13:30:00-04:00,2.1549999713897705,2.1549999713897705,2.1500000953674316,2.1500000953674316,215,0.0,0.0
2023-03-31 15:30:00-04:00,2.1500000953674316,2.1500000953674316,2.1500000953674316,2.1500000953674316,345,0.0,0.0
2023-04-03 09:30:00-04:00,2.1500000953674316,2.1500000953674316,2.0999999046325684,2.0999999046325684,0,0.0,0.0
2023-04-03 10:30:00-04:00,2.11929988861084,2.11929988861084,2.11929988861084,2.11929988861084,631,0.0,0.0
2023-04-03 11:30:00-04:00,2.109999895095825,2.109999895095825,2.109999895095825,2.109999895095825,218,0.0,0.0
2023-04-03 12:30:00-04:00,2.130000114440918,2.130000114440918,2.130000114440918,2.130000114440918,321,0.0,0.0
2023-04-03 13:30:00-04:00,2.0999999046325684,2.0999999046325684,2.0999999046325684,2.0999999046325684,113,0.0,0.0
2023-04-03 14:30:00-04:00,2.1171998977661133,2.1171998977661133,2.0999999046325684,2.0999999046325684,441,0.0,0.0
2023-04-03 15:30:00-04:00,2.0999999046325684,2.109999895095825,2.0999999046325684,2.0999999046325684,1283,0.0,0.0
2023-04-04 09:30:00-04:00,2.0999999046325684,2.1284000873565674,2.0999999046325684,2.1284000873565674,0,0.0,0.0
2023-04-04 10:30:00-04:00,2.119999885559082,2.119999885559082,2.0999999046325684,2.1029000282287598,5979,0.0,0.0
2023-04-04 11:30:00-04:00,2.0999999046325684,2.119999885559082,2.0999999046325684,2.0999999046325684,7221,0.0,0.0
2023-04-04 12:30:00-04:00,2.119999885559082,2.130000114440918,2.0999999046325684,2.100100040435791,16456,0.0,0.0
2023-04-04 13:30:00-04:00,2.0999999046325684,2.109999895095825,2.0999999046325684,2.109999895095825,2246,0.0,0.0
2023-04-04 14:30:00-04:00,2.109999895095825,2.1198999881744385,2.0999999046325684,2.1198999881744385,1319,0.0,0.0
2023-04-04 15:30:00-04:00,2.109999895095825,2.109999895095825,2.0999999046325684,2.0999999046325684,812,0.0,0.0
2023-04-05 09:30:00-04:00,2.0999999046325684,2.200000047683716,2.0999999046325684,2.1700000762939453,34125,0.0,0.0
2023-04-05 10:30:00-04:00,2.1700000762939453,2.1700000762939453,2.1500000953674316,2.1600000858306885,3552,0.0,0.0
2023-04-05 11:30:00-04:00,2.1593000888824463,2.1600000858306885,2.1593000888824463,2.1600000858306885,1232,0.0,0.0
2023-04-05 12:30:00-04:00,2.1600000858306885,2.180000066757202,2.1500000953674316,2.1500000953674316,10584,0.0,0.0
2023-04-05 13:30:00-04:00,2.1500000953674316,2.150099992752075,2.1500000953674316,2.150099992752075,2070,0.0,0.0
2023-04-05 14:30:00-04:00,2.1500000953674316,2.1600000858306885,2.1500000953674316,2.1600000858306885,1170,0.0,0.0
2023-04-05 15:30:00-04:00,2.1500000953674316,2.1700000762939453,2.1500000953674316,2.1600000858306885,3693,0.0,0.0
2023-04-06 09:30:00-04:00,2.180000066757202,2.180000066757202,2.1798999309539795,2.180000066757202,0,0.0,0.0
2023-04-06 10:30:00-04:00,2.1700000762939453,2.180000066757202,2.1700000762939453,2.180000066757202,202,0.0,0.0
2023-04-06 11:30:00-04:00,2.190000057220459,2.190000057220459,2.180000066757202,2.190000057220459,2131,0.0,0.0
2023-04-06 12:30:00-04:00,2.200000047683716,2.200000047683716,2.190000057220459,2.200000047683716,911,0.0,0.0
2023-04-06 13:30:00-04:00,2.200000047683716,2.2100000381469727,2.200000047683716,2.200000047683716,5281,0.0,0.0
2023-04-06 14:30:00-04:00,2.200000047683716,2.202500104904175,2.200000047683716,2.200000047683716,1347,0.0,0.0
2023-04-06 15:30:00-04:00,2.200000047683716,2.2100000381469727,2.200000047683716,2.200000047683716,13176,0.0,0.0
2023-04-10 09:30:00-04:00,2.200000047683716,2.2300000190734863,2.200000047683716,2.2109999656677246,24898,0.0,0.0
2023-04-10 10:30:00-04:00,2.200000047683716,2.200000047683716,2.190000057220459,2.190000057220459,18533,0.0,0.0
2023-04-10 11:30:00-04:00,2.206199884414673,2.206199884414673,2.200000047683716,2.206199884414673,640,0.0,0.0
2023-04-10 12:30:00-04:00,2.200000047683716,2.240000009536743,2.190000057220459,2.200000047683716,16915,0.0,0.0
2023-04-10 13:30:00-04:00,2.2060000896453857,2.2100000381469727,2.200000047683716,2.2049999237060547,2477,0.0,0.0
2023-04-10 14:30:00-04:00,2.2049999237060547,2.2300000190734863,2.200000047683716,2.2100000381469727,6338,0.0,0.0
2023-04-10 15:30:00-04:00,2.200000047683716,2.240000009536743,2.200000047683716,2.240000009536743,47670,0.0,0.0
2023-04-11 09:30:00-04:00,2.25,2.3399999141693115,2.25,2.3399999141693115,0,0.0,0.0
2023-04-11 10:30:00-04:00,2.2899999618530273,2.299999952316284,2.2899999618530273,2.2899999618530273,1361,0.0,0.0
2023-04-11 11:30:00-04:00,2.299999952316284,2.309999942779541,2.2899999618530273,2.299999952316284,3364,0.0,0.0
2023-04-11 12:30:00-04:00,2.299999952316284,2.3399999141693115,2.2899999618530273,2.3299999237060547,25616,0.0,0.0
2023-04-11 13:30:00-04:00,2.3299999237060547,2.359999895095825,2.319999933242798,2.3499999046325684,21601,0.0,0.0
2023-04-11 14:30:00-04:00,2.359999895095825,2.359999895095825,2.305000066757202,2.319999933242798,14710,0.0,0.0
2023-04-11 15:30:00-04:00,2.309999942779541,2.3410000801086426,2.299999952316284,2.299999952316284,22470,0.0,0.0
2023-04-12 09:30:00-04:00,2.299999952316284,2.299999952316284,2.2699999809265137,2.2699999809265137,2150,0.0,0.0
2023-04-12 10:30:00-04:00,2.25,2.319999933242798,2.25,2.319999933242798,6832,0.0,0.0
2023-04-12 11:30:00-04:00,2.319999933242798,2.3399999141693115,2.315000057220459,2.3299999237060547,7458,0.0,0.0
2023-04-12 12:30:00-04:00,2.3299999237060547,2.3399999141693115,2.319999933242798,2.3399999141693115,3996,0.0,0.0
2023-04-12 13:30:00-04:00,2.319999933242798,2.3399999141693115,2.309999942779541,2.319999933242798,6835,0.0,0.0
2023-04-12 14:30:00-04:00,2.319999933242798,2.3399999141693115,2.309999942779541,2.319999933242798,5537,0.0,0.0
2023-04-12 15:30:00-04:00,2.309999942779541,2.319999933242798,2.2899999618530273,2.2899999618530273,2585,0.0,0.0
2023-04-13 09:30:00-04:00,2.319999933242798,2.319999933242798,2.319999933242798,2.319999933242798,0,0.0,0.0
2023-04-13 10:30:00-04:00,2.299999952316284,2.319999933242798,2.2899999618530273,2.2899999618530273,2083,0.0,0.0
2023-04-13 11:30:00-04:00,2.2699999809265137,2.3062000274658203,2.2699999809265137,2.3062000274658203,1133,0.0,0.0
2023-04-13 13:30:00-04:00,2.2950000762939453,2.2950000762939453,2.2950000762939453,2.2950000762939453,206,0.0,0.0
2023-04-13 14:30:00-04:00,2.3036999702453613,2.3036999702453613,2.280100107192993,2.280100107192993,1650,0.0,0.0
2023-04-14 09:30:00-04:00,2.3299999237060547,2.4000000953674316,2.3299999237060547,2.390000104904175,3178,0.0,0.0
2023-04-14 10:30:00-04:00,2.3399999141693115,2.3399999141693115,2.3399999141693115,2.3399999141693115,298,0.0,0.0
2023-04-14 11:30:00-04:00,2.3399999141693115,2.3399999141693115,2.2899999618530273,2.2899999618530273,2911,0.0,0.0
2023-04-14 12:30:00-04:00,2.2950000762939453,2.2950000762939453,2.2950000762939453,2.2950000762939453,365,0.0,0.0
2023-04-14 13:30:00-04:00,2.2899999618530273,2.3399999141693115,2.2899999618530273,2.3399999141693115,1058,0.0,0.0
2023-04-14 15:30:00-04:00,2.3117001056671143,2.3117001056671143,2.299999952316284,2.299999952316284,460,0.0,0.0
2023-04-17 09:30:00-04:00,2.2899999618530273,2.2899999618530273,2.2899999618530273,2.2899999618530273,0,0.0,0.0
2023-04-17 10:30:00-04:00,2.319999933242798,2.319999933242798,2.299999952316284,2.299999952316284,609,0.0,0.0
2023-04-17 11:30:00-04:00,2.2899999618530273,2.305000066757202,2.2899999618530273,2.305000066757202,908,0.0,0.0
2023-04-17 13:30:00-04:00,2.2899999618530273,2.2899999618530273,2.2799999713897705,2.2899999618530273,852,0.0,0.0
2023-04-17 14:30:00-04:00,2.280100107192993,2.280100107192993,2.280100107192993,2.280100107192993,949,0.0,0.0
2023-04-17 15:30:00-04:00,2.2799999713897705,2.2799999713897705,2.25,2.25,2276,0.0,0.0
2023-04-18 09:30:00-04:00,2.25,2.2899999618530273,2.240000009536743,2.2899999618530273,0,0.0,0.0
2023-04-18 10:30:00-04:00,2.2799999713897705,2.2899999618530273,2.2799999713897705,2.2899999618530273,1518,0.0,0.0
2023-04-18 11:30:00-04:00,2.2699999809265137,2.2699999809265137,2.2699999809265137,2.2699999809265137,1103,0.0,0.0
2023-04-18 12:30:00-04:00,2.2739999294281006,2.2739999294281006,2.2739999294281006,2.2739999294281006,340,0.0,0.0
2023-04-18 14:30:00-04:00,2.27839994430542,2.27839994430542,2.259999990463257,2.259999990463257,967,0.0,0.0
2023-04-18 15:30:00-04:00,2.259999990463257,2.259999990463257,2.259999990463257,2.259999990463257,1159,0.0,0.0
2023-04-19 11:30:00-04:00,2.2202000617980957,2.2362000942230225,2.2202000617980957,2.2300000190734863,1745,0.0,0.0
2023-04-19 13:30:00-04:00,2.2200000286102295,2.2200000286102295,2.2200000286102295,2.2200000286102295,312,0.0,0.0
2023-04-19 15:30:00-04:00,2.240000009536743,2.2400999069213867,2.2200000286102295,2.2200000286102295,2073,0.0,0.0
2023-04-20 09:30:00-04:00,2.200000047683716,2.2200000286102295,2.194000005722046,2.200000047683716,4913,0.0,0.0
2023-04-20 10:30:00-04:00,2.200000047683716,2.2100000381469727,2.180000066757202,2.180000066757202,3369,0.0,0.0
2023-04-20 11:30:00-04:00,2.180000066757202,2.180000066757202,2.180000066757202,2.180000066757202,132,0.0,0.0
2023-04-20 12:30:00-04:00,2.180000066757202,2.180000066757202,2.1600000858306885,2.1700000762939453,2607,0.0,0.0
2023-04-20 13:30:00-04:00,2.180000066757202,2.200000047683716,2.1700000762939453,2.200000047683716,616,0.0,0.0
2023-04-20 14:30:00-04:00,2.1700000762939453,2.190000057220459,2.1700000762939453,2.190000057220459,4458,0.0,0.0
2023-04-20 15:30:00-04:00,2.200000047683716,2.2300000190734863,2.190000057220459,2.200000047683716,3479,0.0,0.0
2023-04-21 09:30:00-04:00,2.180000066757202,2.2300000190734863,2.180000066757202,2.2300000190734863,2532,0.0,0.0
2023-04-21 11:30:00-04:00,2.2074999809265137,2.25,2.2074999809265137,2.25,0,0.0,0.0
2023-04-21 13:30:00-04:00,2.2200000286102295,2.2200000286102295,2.2100000381469727,2.2100000381469727,3708,0.0,0.0
2023-04-21 14:30:00-04:00,2.2200000286102295,2.2200000286102295,2.180000066757202,2.180000066757202,5065,0.0,0.0
2023-04-21 15:30:00-04:00,2.2049999237060547,2.2049999237060547,2.180000066757202,2.190000057220459,1523,0.0,0.0
2023-04-24 09:30:00-04:00,2.1689999103546143,2.240000009536743,2.1600000858306885,2.1826999187469482,8158,0.0,0.0
2023-04-24 10:30:00-04:00,2.174999952316284,2.174999952316284,2.1600000858306885,2.1600000858306885,859,0.0,0.0
2023-04-24 11:30:00-04:00,2.1600000858306885,2.180000066757202,2.1600000858306885,2.180000066757202,1478,0.0,0.0
2023-04-24 12:30:00-04:00,2.1700000762939453,2.1700000762939453,2.1600000858306885,2.1600000858306885,805,0.0,0.0
2023-04-24 13:30:00-04:00,2.1600000858306885,2.1600000858306885,2.1600000858306885,2.1600000858306885,489,0.0,0.0
2023-04-24 14:30:00-04:00,2.1600000858306885,2.190000057220459,2.1600000858306885,2.1700000762939453,2195,0.0,0.0
2023-04-24 15:30:00-04:00,2.1700000762939453,2.1700000762939453,2.1700000762939453,2.1700000762939453,0,0.0,0.0
2023-04-25 09:30:00-04:00,2.190000057220459,2.2300000190734863,2.180000066757202,2.202500104904175,1867,0.0,0.0
2023-04-25 10:30:00-04:00,2.200000047683716,2.200000047683716,2.200000047683716,2.200000047683716,336,0.0,0.0
2023-04-25 11:30:00-04:00,2.2200000286102295,2.2200000286102295,2.2000999450683594,2.2000999450683594,1161,0.0,0.0
2023-04-25 12:30:00-04:00,2.180000066757202,2.190000057220459,2.180000066757202,2.190000057220459,851,0.0,0.0
2023-04-25 14:30:00-04:00,2.190000057220459,2.190000057220459,2.190000057220459,2.190000057220459,488,0.0,0.0
2023-04-25 15:30:00-04:00,2.180000066757202,2.180000066757202,2.180000066757202,2.180000066757202,0,0.0,0.0
2023-04-26 09:30:00-04:00,2.1600000858306885,2.170799970626831,2.1600000858306885,2.160399913787842,0,0.0,0.0
2023-04-26 10:30:00-04:00,2.197999954223633,2.197999954223633,2.174999952316284,2.174999952316284,3643,0.0,0.0
2023-04-26 11:30:00-04:00,2.160099983215332,2.1684999465942383,2.160099983215332,2.1684999465942383,2667,0.0,0.0
2023-04-26 14:30:00-04:00,2.140000104904175,2.140000104904175,2.140000104904175,2.140000104904175,2123,0.0,0.0
2023-04-26 15:30:00-04:00,2.140000104904175,2.1500000953674316,2.140000104904175,2.140000104904175,3553,0.0,0.0
2023-04-27 09:30:00-04:00,2.1600000858306885,2.1600000858306885,2.150099992752075,2.150099992752075,1393,0.0,0.0
2023-04-27 11:30:00-04:00,2.1547999382019043,2.1547999382019043,2.1547999382019043,2.1547999382019043,283,0.0,0.0
2023-04-27 12:30:00-04:00,2.1401000022888184,2.1401000022888184,2.1401000022888184,2.1401000022888184,100,0.0,0.0
2023-04-27 14:30:00-04:00,2.130000114440918,2.1491000652313232,2.109999895095825,2.119999885559082,16696,0.0,0.0
2023-04-27 15:30:00-04:00,2.130000114440918,2.130000114440918,2.119999885559082,2.119999885559082,0,0.0,0.0
2023-04-28 09:30:00-04:00,2.109999895095825,2.1301000118255615,2.109999895095825,2.1301000118255615,1023,0.0,0.0
2023-04-28 10:30:00-04:00,2.140000104904175,2.140000104904175,2.130000114440918,2.130000114440918,852,0.0,0.0
2023-04-28 11:30:00-04:00,2.140000104904175,2.140000104904175,2.119999885559082,2.119999885559082,0,0.0,0.0
2023-04-28 12:30:00-04:00,2.140000104904175,2.140000104904175,2.119999885559082,2.119999885559082,0,0.0,0.0
2023-04-28 13:30:00-04:00,2.119999885559082,2.125,2.0999999046325684,2.125,6184,0.0,0.0
2023-04-28 14:30:00-04:00,2.130000114440918,2.130000114440918,2.130000114440918,2.130000114440918,1271,0.0,0.0
2023-04-28 15:30:00-04:00,2.109999895095825,2.109999895095825,2.0999999046325684,2.0999999046325684,1309,0.0,0.0
2023-05-01 09:30:00-04:00,2.140000104904175,2.200000047683716,2.134999990463257,2.134999990463257,1584,0.0,0.0
2023-05-01 10:30:00-04:00,2.130000114440918,2.1345999240875244,2.119999885559082,2.1345999240875244,982,0.0,0.0
2023-05-01 11:30:00-04:00,2.119999885559082,2.119999885559082,2.109999895095825,2.109999895095825,638,0.0,0.0
2023-05-01 12:30:00-04:00,2.119999885559082,2.130000114440918,2.119999885559082,2.130000114440918,861,0.0,0.0
2023-05-01 13:30:00-04:00,2.119999885559082,2.119999885559082,2.119999885559082,2.119999885559082,293,0.0,0.0
2023-05-01 14:30:00-04:00,2.109999895095825,2.109999895095825,2.0999999046325684,2.0999999046325684,1230,0.0,0.0
2023-05-01 15:30:00-04:00,2.0999999046325684,2.0999999046325684,2.0899999141693115,2.0899999141693115,794,0.0,0.0
2023-05-02 09:30:00-04:00,2.109999895095825,2.109999895095825,2.0999999046325684,2.0999999046325684,1096,0.0,0.0
2023-05-02 10:30:00-04:00,2.0999999046325684,2.0999999046325684,2.0999999046325684,2.0999999046325684,1004,0.0,0.0
2023-05-02 12:30:00-04:00,2.0999999046325684,2.0999999046325684,2.0999999046325684,2.0999999046325684,373,0.0,0.0
2023-05-02 13:30:00-04:00,2.0999999046325684,2.109999895095825,2.0999999046325684,2.0999999046325684,1322,0.0,0.0
2023-05-02 14:30:00-04:00,2.0999999046325684,2.119999885559082,2.0999999046325684,2.0999999046325684,1569,0.0,0.0
2023-05-02 15:30:00-04:00,2.109999895095825,2.109999895095825,2.0999999046325684,2.0999999046325684,0,0.0,0.0
2023-05-03 09:30:00-04:00,2.119999885559082,2.119999885559082,2.109999895095825,2.109999895095825,1400,0.0,0.0
2023-05-03 10:30:00-04:00,2.109999895095825,2.1154000759124756,2.0999999046325684,2.109999895095825,6194,0.0,0.0
2023-05-03 11:30:00-04:00,2.109999895095825,2.110100030899048,2.109999895095825,2.109999895095825,843,0.0,0.0
2023-05-03 12:30:00-04:00,2.109999895095825,2.119999885559082,2.109999895095825,2.119999885559082,800,0.0,0.0
2023-05-03 13:30:00-04:00,2.109999895095825,2.110100030899048,2.109999895095825,2.110100030899048,520,0.0,0.0
2023-05-03 14:30:00-04:00,2.109999895095825,2.119999885559082,2.109999895095825,2.109999895095825,1672,0.0,0.0
2023-05-03 15:30:00-04:00,2.109999895095825,2.119999885559082,2.0999999046325684,2.0999999046325684,6051,0.0,0.0
2023-05-04 09:30:00-04:00,2.0999999046325684,2.0999999046325684,2.0999999046325684,2.0999999046325684,0,0.0,0.0
2023-05-04 10:30:00-04:00,2.0999999046325684,2.1177000999450684,2.0999999046325684,2.109999895095825,2320,0.0,0.0
2023-05-04 11:30:00-04:00,2.109499931335449,2.109999895095825,2.0899999141693115,2.1050000190734863,2725,0.0,0.0
2023-05-04 12:30:00-04:00,2.109999895095825,2.130000114440918,2.109999895095825,2.119999885559082,3453,0.0,0.0
2023-05-04 13:30:00-04:00,2.130000114440918,2.130000114440918,2.109999895095825,2.109999895095825,947,0.0,0.0
2023-05-04 14:30:00-04:00,2.119999885559082,2.119999885559082,2.0999999046325684,2.0999999046325684,997,0.0,0.0
2023-05-04 15:30:00-04:00,2.119999885559082,2.140000104904175,2.119999885559082,2.140000104904175,4148,0.0,0.0
2023-05-05 09:30:00-04:00,2.119999885559082,2.240000009536743,2.119999885559082,2.2100000381469727,5041,0.0,0.0
2023-05-05 10:30:00-04:00,2.190000057220459,2.2799999713897705,2.180000066757202,2.199899911880493,18076,0.0,0.0
2023-05-05 11:30:00-04:00,2.180000066757202,2.180000066757202,2.1500000953674316,2.1584999561309814,2182,0.0,0.0
2023-05-05 13:30:00-04:00,2.1500000953674316,2.150099992752075,2.140000104904175,2.140000104904175,3477,0.0,0.0
2023-05-05 14:30:00-04:00,2.1545000076293945,2.1545000076293945,2.1545000076293945,2.1545000076293945,187,0.0,0.0
2023-05-05 15:30:00-04:00,2.1610000133514404,2.180000066757202,2.1500000953674316,2.1500000953674316,3743,0.0,0.0
2023-05-08 09:30:00-04:00,2.180000066757202,2.299999952316284,2.180000066757202,2.2149999141693115,0,0.0,0.0
2023-05-08 10:30:00-04:00,2.240000009536743,2.240000009536743,2.180000066757202,2.2100000381469727,0,0.0,0.0
2023-05-08 11:30:00-04:00,2.2100000381469727,2.240000009536743,2.2100000381469727,2.240000009536743,0,0.0,0.0
2023-05-08 12:30:00-04:00,2.190000057220459,2.2100000381469727,2.190000057220459,2.2100000381469727,8013,0.0,0.0
2023-05-08 13:30:00-04:00,2.2100000381469727,2.2100000381469727,2.2100000381469727,2.2100000381469727,1358,0.0,0.0
2023-05-08 15:30:00-04:00,2.190000057220459,2.210200071334839,2.190000057220459,2.190000057220459,1553,0.0,0.0
2023-05-09 09:30:00-04:00,2.247499942779541,2.2576000690460205,2.2200000286102295,2.220099925994873,8328,0.0,0.0
2023-05-09 10:30:00-04:00,2.222899913787842,2.222899913787842,2.200000047683716,2.200000047683716,2291,0.0,0.0
2023-05-09 11:30:00-04:00,2.1700000762939453,2.1700000762939453,2.1500000953674316,2.1500000953674316,738,0.0,0.0
2023-05-09 12:30:00-04:00,2.1500000953674316,2.1600000858306885,2.1500000953674316,2.1600000858306885,600,0.0,0.0
2023-05-09 13:30:00-04:00,2.1700000762939453,2.1700000762939453,2.1700000762939453,2.1700000762939453,0,0.0,0.0
2023-05-09 14:30:00-04:00,2.1500000953674316,2.1500000953674316,2.1500000953674316,2.1500000953674316,12795,0.0,0.0
2023-05-09 15:30:00-04:00,2.1700000762939453,2.190000057220459,2.1700000762939453,2.190000057220459,2611,0.0,0.0
2023-05-10 09:30:00-04:00,2.2300000190734863,2.2300000190734863,2.2300000190734863,2.2300000190734863,0,0.0,0.0
2023-05-10 10:30:00-04:00,2.1900999546051025,2.2300000190734863,2.1900999546051025,2.2100000381469727,0,0.0,0.0
2023-05-10 12:30:00-04:00,2.200000047683716,2.2200000286102295,2.200000047683716,2.2200000286102295,5978,0.0,0.0
2023-05-10 13:30:00-04:00,2.2100000381469727,2.2200000286102295,2.2100000381469727,2.2200000286102295,681,0.0,0.0
2023-05-10 14:30:00-04:00,2.240000009536743,2.240000009536743,2.240000009536743,2.240000009536743,309,0.0,0.0
2023-05-10 15:30:00-04:00,2.2100000381469727,2.220099925994873,2.2100000381469727,2.2200000286102295,1523,0.0,0.0
2023-05-11 09:30:00-04:00,2.25,2.25,2.25,2.25,0,0.0,0.0
2023-05-11 13:30:00-04:00,2.200000047683716,2.200000047683716,2.200000047683716,2.200000047683716,485,0.0,0.0
2023-05-11 14:30:00-04:00,2.190000057220459,2.2200000286102295,2.1700000762939453,2.1710000038146973,1663,0.0,0.0
2023-05-11 15:30:00-04:00,2.1600000858306885,2.1700000762939453,2.1600000858306885,2.1700000762939453,1456,0.0,0.0
2023-05-12 09:30:00-04:00,2.25,2.25,2.25,2.25,0,0.0,0.0
2023-05-12 10:30:00-04:00,2.2093000411987305,2.2093000411987305,2.1700000762939453,2.1700000762939453,604,0.0,0.0
2023-05-12 11:30:00-04:00,2.1703999042510986,2.1703999042510986,2.1600000858306885,2.1600000858306885,624,0.0,0.0
2023-05-12 12:30:00-04:00,2.1619999408721924,2.180000066757202,2.1619999408721924,2.180000066757202,896,0.0,0.0
2023-05-12 13:30:00-04:00,2.1600000858306885,2.160099983215332,2.1600000858306885,2.160099983215332,417,0.0,0.0
2023-05-12 15:30:00-04:00,2.1600000858306885,2.1600000858306885,2.1600000858306885,2.1600000858306885,559,0.0,0.0
2023-05-15 09:30:00-04:00,2.200000047683716,2.2293999195098877,2.200000047683716,2.2293999195098877,0,0.0,0.0
2023-05-15 10:30:00-04:00,2.25,2.25,2.190000057220459,2.190000057220459,3302,0.0,0.0
2023-05-15 11:30:00-04:00,2.200000047683716,2.2200000286102295,2.190000057220459,2.2200000286102295,1550,0.0,0.0
2023-05-15 13:30:00-04:00,2.190000057220459,2.190000057220459,2.190000057220459,2.190000057220459,274,0.0,0.0
2023-05-15 14:30:00-04:00,2.191499948501587,2.2026000022888184,2.190000057220459,2.190000057220459,1621,0.0,0.0
2023-05-15 15:30:00-04:00,2.190000057220459,2.190000057220459,2.190000057220459,2.190000057220459,484,0.0,0.0
2023-05-16 09:30:00-04:00,2.200000047683716,2.2200000286102295,2.200000047683716,2.2046000957489014,0,0.0,0.0
2023-05-16 10:30:00-04:00,2.200000047683716,2.200000047683716,2.180000066757202,2.180000066757202,2207,0.0,0.0
2023-05-16 11:30:00-04:00,2.190000057220459,2.190000057220459,2.190000057220459,2.190000057220459,475,0.0,0.0
2023-05-16 12:30:00-04:00,2.190000057220459,2.190000057220459,2.190000057220459,2.190000057220459,335,0.0,0.0
2023-05-16 13:30:00-04:00,2.190000057220459,2.200000047683716,2.190000057220459,2.200000047683716,670,0.0,0.0
2023-05-16 14:30:00-04:00,2.190000057220459,2.190000057220459,2.190000057220459,2.190000057220459,1124,0.0,0.0
2023-05-17 09:30:00-04:00,2.180000066757202,2.2200000286102295,2.180000066757202,2.2200000286102295,2053,0.0,0.0
2023-05-17 10:30:00-04:00,2.210099935531616,2.2200000286102295,2.200000047683716,2.2200000286102295,2314,0.0,0.0
2023-05-17 11:30:00-04:00,2.200000047683716,2.2200000286102295,2.200000047683716,2.216200113296509,629,0.0,0.0
2023-05-17 12:30:00-04:00,2.2100000381469727,2.2100000381469727,2.200000047683716,2.200000047683716,1675,0.0,0.0
2023-05-17 13:30:00-04:00,2.2012999057769775,2.2012999057769775,2.2012999057769775,2.2012999057769775,214,0.0,0.0
2023-05-17 14:30:00-04:00,2.200000047683716,2.200000047683716,2.200000047683716,2.200000047683716,417,0.0,0.0
2023-05-17 15:30:00-04:00,2.200000047683716,2.2100000381469727,2.200000047683716,2.2100000381469727,457,0.0,0.0
2023-05-18 09:30:00-04:00,2.180000066757202,2.180000066757202,2.119999885559082,2.1600000858306885,3537,0.0,0.0
2023-05-18 10:30:00-04:00,2.1617000102996826,2.1617000102996826,2.1600000858306885,2.1600000858306885,1686,0.0,0.0
2023-05-18 11:30:00-04:00,2.148400068283081,2.148400068283081,2.140000104904175,2.140000104904175,1399,0.0,0.0
2023-05-18 12:30:00-04:00,2.130000114440918,2.130000114440918,2.109999895095825,2.130000114440918,4418,0.0,0.0
2023-05-18 13:30:00-04:00,2.1484999656677246,2.1484999656677246,2.109999895095825,2.109999895095825,1649,0.0,0.0
2023-05-18 15:30:00-04:00,2.130000114440918,2.130000114440918,2.109999895095825,2.130000114440918,2485,0.0,0.0
2023-05-19 09:30:00-04:00,2.109999895095825,2.2200000286102295,2.109999895095825,2.208400011062622,6471,0.0,0.0
2023-05-19 10:30:00-04:00,2.208400011062622,2.208400011062622,2.208400011062622,2.208400011062622,970,0.0,0.0
2023-05-19 11:30:00-04:00,2.200000047683716,2.200000047683716,2.1600000858306885,2.1603000164031982,2047,0.0,0.0
2023-05-19 12:30:00-04:00,2.1600000858306885,2.190000057220459,2.1549999713897705,2.1775999069213867,12257,0.0,0.0
2023-05-19 13:30:00-04:00,2.1700000762939453,2.1700000762939453,2.1700000762939453,2.1700000762939453,638,0.0,0.0
2023-05-19 14:30:00-04:00,2.190000057220459,2.190000057220459,2.190000057220459,2.190000057220459,526,0.0,0.0
2023-05-19 15:30:00-04:00,2.1700000762939453,2.180000066757202,2.1700000762939453,2.180000066757202,637,0.0,0.0
2023-05-22 09:30:00-04:00,2.180000066757202,2.180000066757202,2.180000066757202,2.180000066757202,724,0.0,0.0
2023-05-22 10:30:00-04:00,2.1700000762939453,2.1700000762939453,2.1700000762939453,2.1700000762939453,2057,0.0,0.0
2023-05-22 11:30:00-04:00,2.1761999130249023,2.1775999069213867,2.1526999473571777,2.1600000858306885,5592,0.0,0.0
2023-05-22 12:30:00-04:00,2.1503000259399414,2.1503000259399414,2.1503000259399414,2.1503000259399414,199,0.0,0.0
2023-05-22 13:30:00-04:00,2.1600000858306885,2.160099983215332,2.1600000858306885,2.1600000858306885,0,0.0,0.0
2023-05-23 09:30:00-04:00,2.0999999046325684,2.140000104904175,2.0999999046325684,2.130000114440918,0,0.0,0.0
2023-05-23 10:30:00-04:00,2.140000104904175,2.1700000762939453,2.140000104904175,2.1700000762939453,2355,0.0,0.0
2023-05-23 11:30:00-04:00,2.180000066757202,2.19950008392334,2.180000066757202,2.19950008392334,1316,0.0,0.0
2023-05-23 13:30:00-04:00,2.180000066757202,2.180000066757202,2.180000066757202,2.180000066757202,166,0.0,0.0
2023-05-23 14:30:00-04:00,2.1700000762939453,2.1700000762939453,2.1500000953674316,2.1500000953674316,441,0.0,0.0
2023-05-23 15:30:00-04:00,2.1600000858306885,2.190000057220459,2.1500000953674316,2.1600000858306885,1168,0.0,0.0
2023-05-24 09:30:00-04:00,2.1500000953674316,2.1500000953674316,2.1500000953674316,2.1500000953674316,875,0.0,0.0
2023-05-24 12:30:00-04:00,2.130000114440918,2.140000104904175,2.1103999614715576,2.1103999614715576,2467,0.0,0.0
2023-05-24 13:30:00-04:00,2.140000104904175,2.140000104904175,2.140000104904175,2.140000104904175,441,0.0,0.0
2023-05-24 15:30:00-04:00,2.1500000953674316,2.1500000953674316,2.140000104904175,2.140000104904175,490,0.0,0.0
2023-05-25 10:30:00-04:00,2.119999885559082,2.119999885559082,2.110100030899048,2.110300064086914,1256,0.0,0.0
2023-05-25 11:30:00-04:00,2.109999895095825,2.140000104904175,2.0999999046325684,2.140000104904175,4759,0.0,0.0
2023-05-25 12:30:00-04:00,2.140000104904175,2.140000104904175,2.119999885559082,2.130000114440918,2263,0.0,0.0
2023-05-25 13:30:00-04:00,2.130000114440918,2.130000114440918,2.130000114440918,2.130000114440918,629,0.0,0.0
2023-05-25 14:30:00-04:00,2.130000114440918,2.130000114440918,2.130000114440918,2.130000114440918,207,0.0,0.0
2023-05-25 15:30:00-04:00,2.130000114440918,2.140000104904175,2.119999885559082,2.130000114440918,4390,0.0,0.0
2023-05-26 09:30:00-04:00,2.140000104904175,2.140000104904175,2.134999990463257,2.134999990463257,0,0.0,0.0
2023-05-26 10:30:00-04:00,2.13919997215271,2.13919997215271,2.119999885559082,2.119999885559082,853,0.0,0.0
2023-05-26 11:30:00-04:00,2.1500000953674316,2.1500000953674316,2.1401000022888184,2.1401000022888184,3874,0.0,0.0
2023-05-26 12:30:00-04:00,2.140000104904175,2.1401000022888184,2.140000104904175,2.1401000022888184,1530,0.0,0.0
2023-05-26 13:30:00-04:00,2.140000104904175,2.144700050354004,2.109999895095825,2.1398000717163086,1254,0.0,0.0
2023-05-26 14:30:00-04:00,2.130000114440918,2.1594998836517334,2.130000114440918,2.1500000953674316,3773,0.0,0.0
2023-05-26 15:30:00-04:00,2.140000104904175,2.140000104904175,2.140000104904175,2.140000104904175,821,0.0,0.0
2023-05-30 09:30:00-04:00,2.1500000953674316,2.1600000858306885,2.130000114440918,2.1500000953674316,12323,0.0,0.0
2023-05-30 10:30:00-04:00,2.1500000953674316,2.1500000953674316,2.142199993133545,2.142199993133545,765,0.0,0.0
2023-05-30 11:30:00-04:00,2.1500000953674316,2.1600000858306885,2.1500000953674316,2.158799886703491,473,0.0,0.0
2023-05-30 12:30:00-04:00,2.1500000953674316,2.150899887084961,2.1500000953674316,2.150899887084961,794,0.0,0.0
2023-05-30 13:30:00-04:00,2.1500000953674316,2.1500000953674316,2.1500000953674316,2.1500000953674316,414,0.0,0.0
2023-05-30 15:30:00-04:00,2.1500000953674316,2.1500000953674316,2.140000104904175,2.140000104904175,273,0.0,0.0
2023-05-31 09:30:00-04:00,2.1600000858306885,2.1600000858306885,2.1500000953674316,2.1600000858306885,2536,0.0,0.0
2023-05-31 10:30:00-04:00,2.1500000953674316,2.1500000953674316,2.1500000953674316,2.1500000953674316,594,0.0,0.0
2023-05-31 11:30:00-04:00,2.1600000858306885,2.1600000858306885,2.1500000953674316,2.1500000953674316,517,0.0,0.0
2023-05-31 12:30:00-04:00,2.1600000858306885,2.1600000858306885,2.1600000858306885,2.1600000858306885,100,0.0,0.0
2023-05-31 13:30:00-04:00,2.1565001010894775,2.1600000858306885,2.1500000953674316,2.1600000858306885,2293,0.0,0.0
2023-05-31 15:30:00-04:00,2.1600000858306885,2.1649999618530273,2.1600000858306885,2.1600000858306885,2467,0.0,0.0
2023-06-01 09:30:00-04:00,2.109999895095825,2.2200000286102295,2.109999895095825,2.190000057220459,5471,0.0,0.0
2023-06-01 11:30:00-04:00,2.190000057220459,2.190000057220459,2.190000057220459,2.190000057220459,648,0.0,0.0
2023-06-01 12:30:00-04:00,2.190000057220459,2.2100000381469727,2.18969988822937,2.2100000381469727,644,0.0,0.0
2023-06-01 13:30:00-04:00,2.219899892807007,2.219899892807007,2.2100000381469727,2.2100000381469727,774,0.0,0.0
2023-06-01 14:30:00-04:00,2.2100000381469727,2.2100000381469727,2.2100000381469727,2.2100000381469727,1951,0.0,0.0
2023-06-01 15:30:00-04:00,2.2100000381469727,2.2100000381469727,2.200000047683716,2.200000047683716,1036,0.0,0.0
2023-06-02 10:30:00-04:00,2.170099973678589,2.170099973678589,2.170099973678589,2.170099973678589,0,0.0,0.0
2023-06-02 11:30:00-04:00,2.180000066757202,2.180000066757202,2.180000066757202,2.180000066757202,672,0.0,0.0
2023-06-02 12:30:00-04:00,2.180000066757202,2.180000066757202,2.180000066757202,2.180000066757202,1451,0.0,0.0
2023-06-02 13:30:00-04:00,2.180000066757202,2.180000066757202,2.180000066757202,2.180000066757202,403,0.0,0.0
2023-06-02 14:30:00-04:00,2.180000066757202,2.180000066757202,2.180000066757202,2.180000066757202,100,0.0,0.0
2023-06-02 15:30:00-04:00,2.190000057220459,2.1972999572753906,2.180000066757202,2.180000066757202,3353,0.0,0.0
2023-06-05 09:30:00-04:00,2.190000057220459,2.190000057220459,2.1610000133514404,2.1610000133514404,3285,0.0,0.0
2023-06-05 10:30:00-04:00,2.200000047683716,2.200000047683716,2.200000047683716,2.200000047683716,1627,0.0,0.0
2023-06-05 11:30:00-04:00,2.2100000381469727,2.2100000381469727,2.2100000381469727,2.2100000381469727,517,0.0,0.0
2023-06-05 12:30:00-04:00,2.2300000190734863,2.2300000190734863,2.2300000190734863,2.2300000190734863,227,0.0,0.0
2023-06-05 14:30:00-04:00,2.2100000381469727,2.2100000381469727,2.1700000762939453,2.1700000762939453,6469,0.0,0.0
2023-06-05 15:30:00-04:00,2.1700000762939453,2.1700000762939453,2.1600000858306885,2.1700000762939453,0,0.0,0.0
2023-06-06 09:30:00-04:00,2.2100000381469727,2.2100000381469727,2.2100000381469727,2.2100000381469727,1308,0.0,0.0
2023-06-06 13:30:00-04:00,2.16729998588562,2.1700000762939453,2.16729998588562,2.1700000762939453,257,0.0,0.0
2023-06-06 14:30:00-04:00,2.1512999534606934,2.1512999534606934,2.1512999534606934,2.1512999534606934,114,0.0,0.0
2023-06-07 09:30:00-04:00,2.240000009536743,2.240000009536743,2.1500000953674316,2.1500000953674316,1277,0.0,0.0
2023-06-07 10:30:00-04:00,2.1761999130249023,2.180000066757202,2.1761999130249023,2.1775999069213867,504,0.0,0.0
2023-06-07 11:30:00-04:00,2.1600000858306885,2.1600000858306885,2.1600000858306885,2.1600000858306885,522,0.0,0.0
2023-06-07 14:30:00-04:00,2.1538000106811523,2.1538000106811523,2.1538000106811523,2.1538000106811523,144,0.0,0.0
2023-06-07 15:30:00-04:00,2.1600000858306885,2.1700000762939453,2.1500000953674316,2.1500000953674316,1441,0.0,0.0
2023-06-08 12:30:00-04:00,2.180000066757202,2.180000066757202,2.180000066757202,2.180000066757202,785,0.0,0.0
2023-06-08 13:30:00-04:00,2.170300006866455,2.170300006866455,2.170300006866455,2.170300006866455,632,0.0,0.0
2023-06-08 14:30:00-04:00,2.171600103378296,2.171600103378296,2.140000104904175,2.1500000953674316,2404,0.0,0.0
2023-06-08 15:30:00-04:00,2.1500000953674316,2.1600000858306885,2.140000104904175,2.1600000858306885,0,0.0,0.0
2023-06-09 09:30:00-04:00,2.150099992752075,2.150099992752075,2.1500000953674316,2.150099992752075,1504,0.0,0.0
2023-06-09 10:30:00-04:00,2.1438000202178955,2.1438000202178955,2.1438000202178955,2.1438000202178955,121,0.0,0.0
2023-06-09 11:30:00-04:00,2.1500000953674316,2.1500000953674316,2.1500000953674316,2.1500000953674316,606,0.0,0.0
2023-06-09 12:30:00-04:00,2.152600049972534,2.152600049972534,2.152600049972534,2.152600049972534,124,0.0,0.0
2023-06-09 13:30:00-04:00,2.140000104904175,2.1594998836517334,2.140000104904175,2.1594998836517334,2074,0.0,0.0
2023-06-09 14:30:00-04:00,2.142699956893921,2.1500000953674316,2.140000104904175,2.1500000953674316,1171,0.0,0.0
2023-06-09 15:30:00-04:00,2.1500000953674316,2.1500000953674316,2.1500000953674316,2.1500000953674316,106,0.0,0.0
2023-06-12 09:30:00-04:00,2.1700000762939453,2.240000009536743,2.1700000762939453,2.1812000274658203,4654,0.0,0.0
2023-06-12 10:30:00-04:00,2.2065000534057617,2.2065000534057617,2.1807000637054443,2.200000047683716,4603,0.0,0.0
2023-06-12 11:30:00-04:00,2.2049999237060547,2.2093000411987305,2.190000057220459,2.2093000411987305,8633,0.0,0.0
2023-06-12 13:30:00-04:00,2.200000047683716,2.2100000381469727,2.200000047683716,2.2000999450683594,6562,0.0,0.0
2023-06-12 14:30:00-04:00,2.2090001106262207,2.2100000381469727,2.208199977874756,2.2100000381469727,973,0.0,0.0
2023-06-12 15:30:00-04:00,2.200000047683716,2.2100000381469727,2.200000047683716,2.200000047683716,0,0.0,0.0
2023-06-13 09:30:00-04:00,2.200000047683716,2.299999952316284,2.200000047683716,2.2720999717712402,16735,0.0,0.0
2023-06-13 10:30:00-04:00,2.2699999809265137,2.279900074005127,2.2200000286102295,2.2200000286102295,15032,0.0,0.0
2023-06-13 11:30:00-04:00,2.2249999046325684,2.2300000190734863,2.2249999046325684,2.2286999225616455,700,0.0,0.0
2023-06-13 13:30:00-04:00,2.2200000286102295,2.22979998588562,2.2200000286102295,2.2200000286102295,2178,0.0,0.0
2023-06-13 14:30:00-04:00,2.2249999046325684,2.2300000190734863,2.2249999046325684,2.2300000190734863,1085,0.0,0.0
2023-06-13 15:30:00-04:00,2.2300000190734863,2.2699999809265137,2.2300000190734863,2.2300000190734863,5101,0.0,0.0
2023-06-14 09:30:00-04:00,2.259999990463257,2.2799999713897705,2.259999990463257,2.2799999713897705,0,0.0,0.0
2023-06-14 10:30:00-04:00,2.2799999713897705,2.2899999618530273,2.2799999713897705,2.2850000858306885,2904,0.0,0.0
2023-06-14 11:30:00-04:00,2.2850000858306885,2.2899999618530273,2.2799999713897705,2.2850000858306885,3592,0.0,0.0
2023-06-14 12:30:00-04:00,2.2850000858306885,2.2899999618530273,2.2850000858306885,2.2899999618530273,2431,0.0,0.0
2023-06-14 13:30:00-04:00,2.2799999713897705,2.2899999618530273,2.2799999713897705,2.2799999713897705,2585,0.0,0.0
2023-06-14 14:30:00-04:00,2.2873001098632812,2.299999952316284,2.2799999713897705,2.2890000343322754,15683,0.0,0.0
2023-06-14 15:30:00-04:00,2.280900001525879,2.280900001525879,2.1700000762939453,2.2100000381469727,0,0.0,0.0
2023-06-15 09:30:00-04:00,2.259999990463257,2.309999942779541,2.259999990463257,2.309000015258789,6439,0.0,0.0
2023-06-15 10:30:00-04:00,2.299999952316284,2.299999952316284,2.2799999713897705,2.2799999713897705,5612,0.0,0.0
2023-06-15 11:30:00-04:00,2.2899999618530273,2.2978999614715576,2.2899999618530273,2.2899999618530273,4584,0.0,0.0
2023-06-15 12:30:00-04:00,2.2799999713897705,2.299999952316284,2.2799999713897705,2.2899999618530273,3488,0.0,0.0
2023-06-15 13:30:00-04:00,2.2899999618530273,2.3087000846862793,2.2899999618530273,2.3087000846862793,2476,0.0,0.0
2023-06-15 14:30:00-04:00,2.300100088119507,2.305000066757202,2.299999952316284,2.3041999340057373,1846,0.0,0.0
2023-06-15 15:30:00-04:00,2.300100088119507,2.309999942779541,2.2899999618530273,2.2899999618530273,4124,0.0,0.0
2023-06-16 09:30:00-04:00,2.380000114440918,2.4200000762939453,2.3399999141693115,2.390000104904175,34878,0.0,0.0
2023-06-16 10:30:00-04:00,2.380000114440918,2.3905999660491943,2.380000114440918,2.380000114440918,5551,0.0,0.0
2023-06-16 11:30:00-04:00,2.3891000747680664,2.390000104904175,2.3810999393463135,2.390000104904175,2681,0.0,0.0
2023-06-16 12:30:00-04:00,2.380000114440918,2.390000104904175,2.380000114440918,2.380000114440918,1187,0.0,0.0
2023-06-16 13:30:00-04:00,2.384999990463257,2.384999990463257,2.380000114440918,2.3835999965667725,935,0.0,0.0
2023-06-16 14:30:00-04:00,2.384999990463257,2.384999990463257,2.359999895095825,2.3610000610351562,9541,0.0,0.0
2023-06-16 15:30:00-04:00,2.3499999046325684,2.359999895095825,2.3399999141693115,2.3399999141693115,8923,0.0,0.0
2023-06-20 09:30:00-04:00,2.3499999046325684,2.440000057220459,2.3499999046325684,2.424999952316284,0,0.0,0.0
2023-06-20 10:30:00-04:00,2.430000066757202,2.4600000381469727,2.410099983215332,2.420099973678589,4563,0.0,0.0
2023-06-20 11:30:00-04:00,2.4567999839782715,2.4700000286102295,2.449899911880493,2.4649999141693115,8157,0.0,0.0
2023-06-20 12:30:00-04:00,2.4700000286102295,2.4800000190734863,2.4600000381469727,2.477099895477295,7958,0.0,0.0
2023-06-20 13:30:00-04:00,2.471100091934204,2.471100091934204,2.4700000286102295,2.4700000286102295,505,0.0,0.0
2023-06-20 14:30:00-04:00,2.4700000286102295,2.4700000286102295,2.430000066757202,2.4398999214172363,2039,0.0,0.0
2023-06-20 15:30:00-04:00,2.430000066757202,2.430000066757202,2.4000000953674316,2.4000000953674316,5989,0.0,0.0
2023-06-21 09:30:00-04:00,2.440000057220459,2.450000047683716,2.4000000953674316,2.420099973678589,0,0.0,0.0
2023-06-21 10:30:00-04:00,2.440000057220459,2.450000047683716,2.4200000762939453,2.450000047683716,6955,0.0,0.0
2023-06-21 11:30:00-04:00,2.4231998920440674,2.4381000995635986,2.4231998920440674,2.4381000995635986,1092,0.0,0.0
2023-06-21 12:30:00-04:00,2.4200000762939453,2.440000057220459,2.4200000762939453,2.440000057220459,1011,0.0,0.0
2023-06-21 13:30:00-04:00,2.440000057220459,2.440000057220459,2.4210000038146973,2.4210000038146973,834,0.0,0.0
2023-06-21 14:30:00-04:00,2.4226999282836914,2.430000066757202,2.4200000762939453,2.424999952316284,3069,0.0,0.0
2023-06-21 15:30:00-04:00,2.4200000762939453,2.430000066757202,2.4200000762939453,2.4200000762939453,1723,0.0,0.0
2023-06-22 09:30:00-04:00,2.440000057220459,2.450000047683716,2.430000066757202,2.440000057220459,8317,0.0,0.0
2023-06-22 11:30:00-04:00,2.4354000091552734,2.440000057220459,2.4354000091552734,2.440000057220459,910,0.0,0.0
2023-06-22 12:30:00-04:00,2.4314000606536865,2.440000057220459,2.430000066757202,2.440000057220459,2608,0.0,0.0
2023-06-22 13:30:00-04:00,2.434999942779541,2.440000057220459,2.430000066757202,2.440000057220459,1533,0.0,0.0
2023-06-22 14:30:00-04:00,2.430000066757202,2.437700033187866,2.430000066757202,2.430000066757202,1983,0.0,0.0
2023-06-22 15:30:00-04:00,2.430799961090088,2.440000057220459,2.430000066757202,2.430000066757202,2763,0.0,0.0
2023-06-23 09:30:00-04:00,2.430000066757202,2.430000066757202,2.3399999141693115,2.3399999141693115,15244,0.0,0.0
2023-06-23 10:30:00-04:00,2.3399999141693115,2.353300094604492,2.3399999141693115,2.3399999141693115,4065,0.0,0.0
2023-06-23 11:30:00-04:00,2.3299999237060547,2.3399999141693115,2.3299999237060547,2.3399999141693115,5479,0.0,0.0
2023-06-23 12:30:00-04:00,2.3417999744415283,2.3417999744415283,2.3401999473571777,2.3403000831604004,2881,0.0,0.0
2023-06-23 13:30:00-04:00,2.3399999141693115,2.340100049972534,2.3299999237060547,2.3299999237060547,3294,0.0,0.0
2023-06-23 14:30:00-04:00,2.319999933242798,2.322000026702881,2.299999952316284,2.309999942779541,5514,0.0,0.0
2023-06-23 15:30:00-04:00,2.300100088119507,2.3499999046325684,2.300100088119507,2.309999942779541,5926,0.0,0.0
2023-06-26 09:30:00-04:00,2.3499999046325684,2.3499999046325684,2.2600998878479004,2.2699999809265137,7282,0.0,0.0
2023-06-26 10:30:00-04:00,2.25,2.25,2.232599973678589,2.232599973678589,1190,0.0,0.0
2023-06-26 12:30:00-04:00,2.240000009536743,2.291300058364868,2.2386999130249023,2.291300058364868,2268,0.0,0.0
2023-06-26 13:30:00-04:00,2.289299964904785,2.289299964904785,2.25,2.25,3411,0.0,0.0
2023-06-26 14:30:00-04:00,2.25,2.25,2.240000009536743,2.240000009536743,772,0.0,0.0
2023-06-26 15:30:00-04:00,2.244999885559082,2.244999885559082,2.240000009536743,2.240000009536743,527,0.0,0.0
2023-06-27 09:30:00-04:00,2.2799999713897705,2.2799999713897705,2.2200000286102295,2.2300000190734863,2502,0.0,0.0
2023-06-27 10:30:00-04:00,2.2200000286102295,2.2200000286102295,2.2100000381469727,2.2149999141693115,2124,0.0,0.0
2023-06-27 11:30:00-04:00,2.2300000190734863,2.2300000190734863,2.2200000286102295,2.225399971008301,1161,0.0,0.0
2023-06-27 13:30:00-04:00,2.2200000286102295,2.2200000286102295,2.2200000286102295,2.2200000286102295,122,0.0,0.0
2023-06-27 14:30:00-04:00,2.239000082015991,2.240000009536743,2.2200000286102295,2.2200000286102295,3294,0.0,0.0
2023-06-27 15:30:00-04:00,2.2100000381469727,2.240000009536743,2.2100000381469727,2.2200000286102295,581,0.0,0.0
2023-06-28 09:30:00-04:00,2.2799999713897705,2.319999933242798,2.25,2.2616000175476074,3937,0.0,0.0
2023-06-28 10:30:00-04:00,2.2699999809265137,2.2699999809265137,2.2699999809265137,2.2699999809265137,150,0.0,0.0
2023-06-28 11:30:00-04:00,2.2890000343322754,2.3048999309539795,2.2890000343322754,2.299999952316284,11196,0.0,0.0
2023-06-28 12:30:00-04:00,2.299999952316284,2.299999952316284,2.299999952316284,2.299999952316284,4164,0.0,0.0
2023-06-28 13:30:00-04:00,2.2576000690460205,2.2576000690460205,2.2576000690460205,2.2576000690460205,2178,0.0,0.0
2023-06-28 14:30:00-04:00,2.25,2.25,2.25,2.25,345,0.0,0.0
2023-06-28 15:30:00-04:00,2.259999990463257,2.2799999713897705,2.25,2.2799999713897705,1519,0.0,0.0
2023-06-29 09:30:00-04:00,2.2699999809265137,2.2950000762939453,2.2200000286102295,2.279900074005127,38064,0.0,0.0
2023-06-29 10:30:00-04:00,2.265000104904175,2.265899896621704,2.250699996948242,2.252700090408325,1013,0.0,0.0
2023-06-29 11:30:00-04:00,2.259999990463257,2.2711000442504883,2.259999990463257,2.262399911880493,2160,0.0,0.0
2023-06-29 12:30:00-04:00,2.2699999809265137,2.2799999713897705,2.2699999809265137,2.2799999713897705,1039,0.0,0.0
2023-06-29 15:30:00-04:00,2.2799999713897705,2.309999942779541,2.2799999713897705,2.309999942779541,3682,0.0,0.0
2023-06-30 09:30:00-04:00,2.299999952316284,2.3499999046325684,2.299999952316284,2.349900007247925,1423,0.0,0.0
2023-06-30 10:30:00-04:00,2.349299907684326,2.369999885559082,2.3485000133514404,2.359999895095825,11599,0.0,0.0
2023-06-30 11:30:00-04:00,2.365999937057495,2.365999937057495,2.319999933242798,2.3499999046325684,9906,0.0,0.0
2023-06-30 12:30:00-04:00,2.3499999046325684,2.3499999046325684,2.3350000381469727,2.3350000381469727,4707,0.0,0.0
2023-06-30 13:30:00-04:00,2.3299999237060547,2.3299999237060547,2.3299999237060547,2.3299999237060547,854,0.0,0.0
2023-06-30 15:30:00-04:00,2.299999952316284,2.299999952316284,2.299999952316284,2.299999952316284,362,0.0,0.0
2023-07-03 09:30:00-04:00,2.2799999713897705,2.369999885559082,2.2799999713897705,2.319999933242798,4970,0.0,0.0
2023-07-03 10:30:00-04:00,2.309999942779541,2.3213999271392822,2.309999942779541,2.3213999271392822,539,0.0,0.0
2023-07-03 11:30:00-04:00,2.299999952316284,2.309999942779541,2.2799999713897705,2.299999952316284,2550,0.0,0.0
2023-07-03 12:30:00-04:00,2.2950000762939453,2.2950000762939453,2.2899999618530273,2.2899999618530273,1137,0.0,0.0
2023-07-05 09:30:00-04:00,2.2899999618530273,2.4600000381469727,2.2899999618530273,2.4000000953674316,1787,0.0,0.0
2023-07-05 10:30:00-04:00,2.4000000953674316,2.4000000953674316,2.4000000953674316,2.4000000953674316,700,0.0,0.0
2023-07-05 11:30:00-04:00,2.4000000953674316,2.4100000858306885,2.4000000953674316,2.4000000953674316,3941,0.0,0.0
2023-07-05 12:30:00-04:00,2.380000114440918,2.4000000953674316,2.359999895095825,2.359999895095825,4851,0.0,0.0
2023-07-05 13:30:00-04:00,2.369999885559082,2.380000114440918,2.369999885559082,2.380000114440918,1263,0.0,0.0
2023-07-05 14:30:00-04:00,2.380000114440918,2.380000114440918,2.380000114440918,2.380000114440918,1131,0.0,0.0
2023-07-05 15:30:00-04:00,2.3929998874664307,2.3929998874664307,2.3499999046325684,2.3499999046325684,2568,0.0,0.0
2023-07-06 09:30:00-04:00,2.380000114440918,2.380000114440918,2.309999942779541,2.309999942779541,1315,0.0,0.0
2023-07-06 10:30:00-04:00,2.299999952316284,2.299999952316284,2.299999952316284,2.299999952316284,642,0.0,0.0
2023-07-06 11:30:00-04:00,2.299999952316284,2.3299999237060547,2.2899999618530273,2.3299999237060547,7874,0.0,0.0
2023-07-06 12:30:00-04:00,2.3115999698638916,2.3192999362945557,2.3115999698638916,2.3192999362945557,781,0.0,0.0
2023-07-06 14:30:00-04:00,2.359999895095825,2.359999895095825,2.359999895095825,2.359999895095825,826,0.0,0.0
2023-07-06 15:30:00-04:00,2.319999933242798,2.369999885559082,2.319999933242798,2.369999885559082,3397,0.0,0.0
2023-07-07 09:30:00-04:00,2.369999885559082,2.4100000858306885,2.359999895095825,2.3880999088287354,4423,0.0,0.0
2023-07-07 10:30:00-04:00,2.4198999404907227,2.429800033569336,2.390000104904175,2.4144999980926514,3276,0.0,0.0
2023-07-07 11:30:00-04:00,2.390000104904175,2.390000104904175,2.390000104904175,2.390000104904175,655,0.0,0.0
2023-07-07 13:30:00-04:00,2.4100000858306885,2.4198999404907227,2.4100000858306885,2.4198999404907227,505,0.0,0.0
2023-07-07 14:30:00-04:00,2.4049999713897705,2.4049999713897705,2.4049999713897705,2.4049999713897705,625,0.0,0.0
2023-07-07 15:30:00-04:00,2.4298999309539795,2.4298999309539795,2.4000000953674316,2.4000000953674316,2189,0.0,0.0
2023-07-10 09:30:00-04:00,2.4700000286102295,2.609999895095825,2.4700000286102295,2.609999895095825,9571,0.0,0.0
2023-07-10 10:30:00-04:00,2.5717999935150146,2.5799999237060547,2.569999933242798,2.569999933242798,2536,0.0,0.0
2023-07-10 11:30:00-04:00,2.569999933242798,2.5799999237060547,2.569999933242798,2.5799999237060547,639,0.0,0.0
2023-07-10 12:30:00-04:00,2.5799999237060547,2.5799999237060547,2.5799999237060547,2.5799999237060547,403,0.0,0.0
2023-07-10 13:30:00-04:00,2.569999933242798,2.569999933242798,2.549999952316284,2.550100088119507,994,0.0,0.0
2023-07-10 14:30:00-04:00,2.549999952316284,2.559999942779541,2.5399999618530273,2.549999952316284,1601,0.0,0.0
2023-07-10 15:30:00-04:00,2.5699000358581543,2.5699000358581543,2.549999952316284,2.559999942779541,3099,0.0,0.0
2023-07-11 09:30:00-04:00,2.5899999141693115,2.6600000858306885,2.5899999141693115,2.6500000953674316,7853,0.0,0.0
2023-07-11 10:30:00-04:00,2.659899950027466,2.6600000858306885,2.640000104904175,2.640000104904175,3218,0.0,0.0
2023-07-11 12:30:00-04:00,2.6259000301361084,2.6259000301361084,2.611599922180176,2.611599922180176,5279,0.0,0.0
2023-07-11 13:30:00-04:00,2.609999895095825,2.6177000999450684,2.5999999046325684,2.6177000999450684,6279,0.0,0.0
2023-07-11 14:30:00-04:00,2.6164000034332275,2.6164000034332275,2.6164000034332275,2.6164000034332275,112,0.0,0.0
2023-07-11 15:30:00-04:00,2.615000009536743,2.615000009536743,2.5999999046325684,2.5999999046325684,0,0.0,0.0
2023-07-12 09:30:00-04:00,2.5999999046325684,2.5999999046325684,2.549999952316284,2.559999942779541,2470,0.0,0.0
2023-07-12 10:30:00-04:00,2.559999942779541,2.559999942779541,2.5399999618530273,2.5399999618530273,11383,0.0,0.0
2023-07-12 12:30:00-04:00,2.568700075149536,2.568700075149536,2.549999952316284,2.549999952316284,4893,0.0,0.0
2023-07-12 13:30:00-04:00,2.549999952316284,2.550100088119507,2.5399999618530273,2.549999952316284,1924,0.0,0.0
2023-07-12 14:30:00-04:00,2.5399999618530273,2.549999952316284,2.5299999713897705,2.5299999713897705,2585,0.0,0.0
2023-07-12 15:30:00-04:00,2.5399999618530273,2.559999942779541,2.5399999618530273,2.559999942779541,1602,0.0,0.0
2023-07-13 09:30:00-04:00,2.5199999809265137,2.640000104904175,2.5199999809265137,2.640000104904175,5471,0.0,0.0
2023-07-13 12:30:00-04:00,2.639899969100952,2.639899969100952,2.619999885559082,2.630000114440918,1425,0.0,0.0
2023-07-13 13:30:00-04:00,2.630000114440918,2.6301000118255615,2.630000114440918,2.6301000118255615,271,0.0,0.0
2023-07-13 14:30:00-04:00,2.619999885559082,2.630000114440918,2.5799999237060547,2.5799999237060547,7295,0.0,0.0
2023-07-13 15:30:00-04:00,2.5799999237060547,2.5799999237060547,2.569999933242798,2.569999933242798,1901,0.0,0.0
2023-07-14 09:30:00-04:00,2.5999999046325684,2.5999999046325684,2.5899999141693115,2.5899999141693115,1881,0.0,0.0
2023-07-14 10:30:00-04:00,2.5999999046325684,2.5999999046325684,2.5799999237060547,2.599900007247925,10713,0.0,0.0
2023-07-14 11:30:00-04:00,2.59689998626709,2.5999999046325684,2.5738000869750977,2.5999999046325684,3513,0.0,0.0
2023-07-14 14:30:00-04:00,2.569999933242798,2.569999933242798,2.559999942779541,2.559999942779541,891,0.0,0.0
2023-07-14 15:30:00-04:00,2.559999942779541,2.559999942779541,2.5399999618530273,2.559999942779541,1337,0.0,0.0
2023-07-17 09:30:00-04:00,2.5799999237060547,2.5799999237060547,2.568000078201294,2.568000078201294,0,0.0,0.0
2023-07-17 10:30:00-04:00,2.555000066757202,2.555000066757202,2.555000066757202,2.555000066757202,0,0.0,0.0
2023-07-17 11:30:00-04:00,2.559999942779541,2.559999942779541,2.5199999809265137,2.5199999809265137,4950,0.0,0.0
2023-07-17 12:30:00-04:00,2.4670000076293945,2.5399999618530273,2.440000057220459,2.484299898147583,13049,0.0,0.0
2023-07-17 14:30:00-04:00,2.4700000286102295,2.494999885559082,2.4628000259399414,2.4700000286102295,953,0.0,0.0
2023-07-18 09:30:00-04:00,2.4700000286102295,2.5499000549316406,2.4700000286102295,2.484800100326538,0,0.0,0.0
2023-07-18 10:30:00-04:00,2.5,2.5,2.4800000190734863,2.490000009536743,6499,0.0,0.0
2023-07-18 11:30:00-04:00,2.4899001121520996,2.490000009536743,2.427500009536743,2.4700000286102295,11058,0.0,0.0
2023-07-18 12:30:00-04:00,2.450000047683716,2.4600000381469727,2.450000047683716,2.4600000381469727,792,0.0,0.0
2023-07-18 13:30:00-04:00,2.440000057220459,2.4600000381469727,2.430000066757202,2.430000066757202,3481,0.0,0.0
2023-07-18 14:30:00-04:00,2.430000066757202,2.440000057220459,2.4000000953674316,2.4200000762939453,3693,0.0,0.0
2023-07-18 15:30:00-04:00,2.4100000858306885,2.4100000858306885,2.4000000953674316,2.4049999713897705,2077,0.0,0.0
2023-07-19 09:30:00-04:00,2.4000000953674316,2.429500102996826,2.4000000953674316,2.429500102996826,0,0.0,0.0
2023-07-19 10:30:00-04:00,2.430000066757202,2.490000009536743,2.380000114440918,2.490000009536743,7884,0.0,0.0
2023-07-19 11:30:00-04:00,2.4618000984191895,2.4618000984191895,2.4618000984191895,2.4618000984191895,405,0.0,0.0
2023-07-19 12:30:00-04:00,2.4700000286102295,2.490000009536743,2.450000047683716,2.4749999046325684,3791,0.0,0.0
2023-07-19 13:30:00-04:00,2.4899001121520996,2.4899001121520996,2.450000047683716,2.4800000190734863,2892,0.0,0.0
2023-07-19 14:30:00-04:00,2.4600000381469727,2.5,2.4600000381469727,2.5,9881,0.0,0.0
2023-07-19 15:30:00-04:00,2.5,2.509999990463257,2.490000009536743,2.5,1984,0.0,0.0
2023-07-20 09:30:00-04:00,2.5399999618530273,2.5399999618530273,2.5399999618530273,2.5399999618530273,468,0.0,0.0
2023-07-20 10:30:00-04:00,2.5250000953674316,2.549999952316284,2.5199999809265137,2.549999952316284,1137,0.0,0.0
2023-07-20 11:30:00-04:00,2.5399999618530273,2.5399999618530273,2.5,2.5399999618530273,2165,0.0,0.0
2023-07-20 12:30:00-04:00,2.5399999618530273,2.5399999618530273,2.5199999809265137,2.5299999713897705,846,0.0,0.0
2023-07-20 13:30:00-04:00,2.5199999809265137,2.5199999809265137,2.490000009536743,2.509999990463257,1832,0.0,0.0
2023-07-20 14:30:00-04:00,2.4614999294281006,2.490000009536743,2.4600000381469727,2.490000009536743,2388,0.0,0.0
2023-07-21 09:30:00-04:00,2.490000009536743,2.490000009536743,2.4600000381469727,2.4600000381469727,1616,0.0,0.0
2023-07-21 10:30:00-04:00,2.450500011444092,2.4600000381469727,2.450000047683716,2.4600000381469727,1047,0.0,0.0
2023-07-21 11:30:00-04:00,2.450000047683716,2.450000047683716,2.430000066757202,2.430000066757202,930,0.0,0.0
2023-07-21 12:30:00-04:00,2.450000047683716,2.450000047683716,2.450000047683716,2.450000047683716,452,0.0,0.0
2023-07-21 13:30:00-04:00,2.440000057220459,2.440000057220459,2.4200000762939453,2.4200000762939453,1239,0.0,0.0
2023-07-21 14:30:00-04:00,2.440000057220459,2.440000057220459,2.440000057220459,2.440000057220459,451,0.0,0.0
2023-07-21 15:30:00-04:00,2.4200000762939453,2.430000066757202,2.380000114440918,2.4100000858306885,2262,0.0,0.0
2023-07-24 09:30:00-04:00,2.3499999046325684,2.4700000286102295,2.3499999046325684,2.4700000286102295,5118,0.0,0.0
2023-07-24 10:30:00-04:00,2.424999952316284,2.424999952316284,2.369999885559082,2.390000104904175,11090,0.0,0.0
2023-07-24 11:30:00-04:00,2.4100000858306885,2.4100000858306885,2.380000114440918,2.381200075149536,684,0.0,0.0
2023-07-24 12:30:00-04:00,2.4100000858306885,2.4100000858306885,2.4100000858306885,2.4100000858306885,605,0.0,0.0
2023-07-24 13:30:00-04:00,2.4100000858306885,2.4100000858306885,2.4100000858306885,2.4100000858306885,435,0.0,0.0
2023-07-24 14:30:00-04:00,2.4100000858306885,2.430000066757202,2.390000104904175,2.430000066757202,977,0.0,0.0
2023-07-24 15:30:00-04:00,2.4200000762939453,2.4200000762939453,2.4200000762939453,2.4200000762939453,1636,0.0,0.0
2023-07-25 09:30:00-04:00,2.4000000953674316,2.4000000953674316,2.4000000953674316,2.4000000953674316,490,0.0,0.0
2023-07-25 10:30:00-04:00,2.4200000762939453,2.4200000762939453,2.4100000858306885,2.4100000858306885,471,0.0,0.0
2023-07-25 11:30:00-04:00,2.4000000953674316,2.4000000953674316,2.4000000953674316,2.4000000953674316,592,0.0,0.0
2023-07-25 12:30:00-04:00,2.4000000953674316,2.4000000953674316,2.4000000953674316,2.4000000953674316,446,0.0,0.0
2023-07-25 14:30:00-04:00,2.3499999046325684,2.3499999046325684,2.3499999046325684,2.3499999046325684,567,0.0,0.0
2023-07-25 15:30:00-04:00,2.3499999046325684,2.359999895095825,2.3499999046325684,2.359999895095825,1752,0.0,0.0
2023-07-26 09:30:00-04:00,2.380000114440918,2.4200000762939453,2.380000114440918,2.4100000858306885,0,0.0,0.0
2023-07-26 10:30:00-04:00,2.3819000720977783,2.3819000720977783,2.3819000720977783,2.3819000720977783,500,0.0,0.0
2023-07-26 11:30:00-04:00,2.359999895095825,2.397599935531616,2.359999895095825,2.397599935531616,1453,0.0,0.0
2023-07-26 15:30:00-04:00,2.380000114440918,2.380000114440918,2.380000114440918,2.380000114440918,100,0.0,0.0
2023-07-27 09:30:00-04:00,2.380000114440918,2.4000000953674316,2.359999895095825,2.359999895095825,5035,0.0,0.0
2023-07-27 10:30:00-04:00,2.380000114440918,2.380000114440918,2.380000114440918,2.380000114440918,207,0.0,0.0
2023-07-27 11:30:00-04:00,2.380000114440918,2.390000104904175,2.380000114440918,2.380000114440918,569,0.0,0.0
2023-07-27 12:30:00-04:00,2.380000114440918,2.380000114440918,2.3499999046325684,2.3499999046325684,1675,0.0,0.0
2023-07-27 13:30:00-04:00,2.369999885559082,2.375,2.3499999046325684,2.375,2385,0.0,0.0
2023-07-27 14:30:00-04:00,2.359999895095825,2.359999895095825,2.3499999046325684,2.359999895095825,1207,0.0,0.0
2023-07-27 15:30:00-04:00,2.359999895095825,2.380000114440918,2.359999895095825,2.380000114440918,524,0.0,0.0
2023-07-28 09:30:00-04:00,2.380000114440918,2.380000114440918,2.3550000190734863,2.3550000190734863,0,0.0,0.0
2023-07-28 12:30:00-04:00,2.3510000705718994,2.3598999977111816,2.3499999046325684,2.3499999046325684,1093,0.0,0.0
2023-07-28 13:30:00-04:00,2.359999895095825,2.359999895095825,2.359999895095825,2.359999895095825,602,0.0,0.0
2023-07-28 14:30:00-04:00,2.3499999046325684,2.3499999046325684,2.3499999046325684,2.3499999046325684,5091,0.0,0.0
2023-07-28 15:30:00-04:00,2.3499999046325684,2.3598999977111816,2.3399999141693115,2.3540000915527344,1276,0.0,0.0
2023-07-31 09:30:00-04:00,2.3399999141693115,2.390000104904175,2.3399999141693115,2.380000114440918,0,0.0,0.0
2023-07-31 10:30:00-04:00,2.380000114440918,2.380000114440918,2.380000114440918,2.380000114440918,229,0.0,0.0
2023-07-31 11:30:00-04:00,2.390000104904175,2.3952999114990234,2.380000114440918,2.380000114440918,2219,0.0,0.0
2023-07-31 12:30:00-04:00,2.390000104904175,2.390000104904175,2.390000104904175,2.390000104904175,135,0.0,0.0
2023-07-31 13:30:00-04:00,2.390000104904175,2.390000104904175,2.390000104904175,2.390000104904175,139,0.0,0.0
2023-07-31 14:30:00-04:00,2.390000104904175,2.4000000953674316,2.390000104904175,2.4000000953674316,682,0.0,0.0
2023-07-31 15:30:00-04:00,2.4000000953674316,2.4000000953674316,2.380000114440918,2.388400077819824,1572,0.0,0.0
2023-08-01 09:30:00-04:00,2.299999952316284,2.369999885559082,2.299999952316284,2.330399990081787,5966,0.0,0.0
2023-08-01 10:30:00-04:00,2.3299999237060547,2.3550000190734863,2.2909998893737793,2.309999942779541,11946,0.0,0.0
2023-08-01 11:30:00-04:00,2.3399999141693115,2.3399999141693115,2.322499990463257,2.322499990463257,940,0.0,0.0
2023-08-01 12:30:00-04:00,2.3399999141693115,2.3399999141693115,2.3399999141693115,2.3399999141693115,994,0.0,0.0
2023-08-01 13:30:00-04:00,2.3350000381469727,2.3350000381469727,2.325000047683716,2.325000047683716,615,0.0,0.0
2023-08-01 14:30:00-04:00,2.3399999141693115,2.3399999141693115,2.3399999141693115,2.3399999141693115,0,0.0,0.0
2023-08-01 15:30:00-04:00,2.309999942779541,2.3499999046325684,2.309999942779541,2.3499999046325684,21298,0.0,0.0
2023-08-02 09:30:00-04:00,2.3399999141693115,2.3399999141693115,2.3399999141693115,2.3399999141693115,609,0.0,0.0
2023-08-02 10:30:00-04:00,2.3299999237060547,2.3299999237060547,2.3299999237060547,2.3299999237060547,162,0.0,0.0
2023-08-02 11:30:00-04:00,2.319999933242798,2.319999933242798,2.299999952316284,2.299999952316284,5705,0.0,0.0
2023-08-02 12:30:00-04:00,2.299099922180176,2.299099922180176,2.2799999713897705,2.2899999618530273,1296,0.0,0.0
2023-08-02 13:30:00-04:00,2.2988998889923096,2.2988998889923096,2.2988998889923096,2.2988998889923096,100,0.0,0.0
2023-08-02 14:30:00-04:00,2.2999000549316406,2.2999000549316406,2.2950000762939453,2.2950000762939453,570,0.0,0.0
2023-08-02 15:30:00-04:00,2.299999952316284,2.309999942779541,2.299999952316284,2.309999942779541,0,0.0,0.0
2023-08-03 09:30:00-04:00,2.309999942779541,2.390000104904175,2.309999942779541,2.380000114440918,4439,0.0,0.0
2023-08-03 10:30:00-04:00,2.380000114440918,2.429800033569336,2.380000114440918,2.3994998931884766,9513,0.0,0.0
2023-08-03 11:30:00-04:00,2.390000104904175,2.390000104904175,2.390000104904175,2.390000104904175,2308,0.0,0.0
2023-08-03 12:30:00-04:00,2.380000114440918,2.390000104904175,2.369999885559082,2.380000114440918,2546,0.0,0.0
2023-08-03 13:30:00-04:00,2.380000114440918,2.380000114440918,2.380000114440918,2.380000114440918,447,0.0,0.0
2023-08-03 15:30:00-04:00,2.380000114440918,2.380000114440918,2.380000114440918,2.380000114440918,556,0.0,0.0
2023-08-04 09:30:00-04:00,2.380000114440918,2.559999942779541,2.380000114440918,2.5292999744415283,13017,0.0,0.0
2023-08-04 10:30:00-04:00,2.5299999713897705,2.5480000972747803,2.5299999713897705,2.5373001098632812,1136,0.0,0.0
2023-08-04 11:30:00-04:00,2.5399999618530273,2.5399999618530273,2.5299999713897705,2.530100107192993,4124,0.0,0.0
2023-08-04 12:30:00-04:00,2.533099889755249,2.5399999618530273,2.5299999713897705,2.5299999713897705,2152,0.0,0.0
2023-08-04 13:30:00-04:00,2.549999952316284,2.549999952316284,2.530100107192993,2.5302000045776367,796,0.0,0.0
2023-08-04 14:30:00-04:00,2.5299999713897705,2.5299999713897705,2.4800000190734863,2.509999990463257,2486,0.0,0.0
2023-08-04 15:30:00-04:00,2.4800000190734863,2.4800000190734863,2.4800000190734863,2.4800000190734863,138,0.0,0.0
2023-08-07 09:30:00-04:00,2.4700000286102295,2.5199999809265137,2.4700000286102295,2.4800000190734863,1449,0.0,0.0
2023-08-07 10:30:00-04:00,2.450000047683716,2.4554998874664307,2.450000047683716,2.4554998874664307,322,0.0,0.0
2023-08-07 11:30:00-04:00,2.440000057220459,2.4549999237060547,2.440000057220459,2.440999984741211,1495,0.0,0.0
2023-08-07 12:30:00-04:00,2.440000057220459,2.4700000286102295,2.440000057220459,2.4700000286102295,1591,0.0,0.0
2023-08-07 13:30:00-04:00,2.440000057220459,2.440000057220459,2.440000057220459,2.440000057220459,150,0.0,0.0
2023-08-07 14:30:00-04:00,2.4600000381469727,2.4600000381469727,2.4600000381469727,2.4600000381469727,320,0.0,0.0
2023-08-07 15:30:00-04:00,2.4600000381469727,2.4600000381469727,2.450000047683716,2.450000047683716,346,0.0,0.0
2023-08-08 09:30:00-04:00,2.4700000286102295,2.4700000286102295,2.440000057220459,2.440000057220459,1069,0.0,0.0
2023-08-08 10:30:00-04:00,2.430000066757202,2.440000057220459,2.430000066757202,2.43969988822937,770,0.0,0.0
2023-08-08 11:30:00-04:00,2.430000066757202,2.4314000606536865,2.430000066757202,2.430000066757202,2576,0.0,0.0
2023-08-08 12:30:00-04:00,2.424999952316284,2.4265999794006348,2.4100000858306885,2.4100000858306885,3401,0.0,0.0
2023-08-08 13:30:00-04:00,2.4200000762939453,2.4200000762939453,2.4021999835968018,2.4021999835968018,536,0.0,0.0
2023-08-08 14:30:00-04:00,2.4100000858306885,2.4149999618530273,2.4100000858306885,2.4149999618530273,4523,0.0,0.0
2023-08-08 15:30:00-04:00,2.4149999618530273,2.4149999618530273,2.4100000858306885,2.4100000858306885,1142,0.0,0.0
2023-08-09 09:30:00-04:00,2.450000047683716,2.450000047683716,2.4200000762939453,2.430000066757202,651,0.0,0.0
2023-08-09 10:30:00-04:00,2.437700033187866,2.450000047683716,2.4100000858306885,2.4103000164031982,6703,0.0,0.0
2023-08-09 11:30:00-04:00,2.4100000858306885,2.430000066757202,2.4100000858306885,2.430000066757202,525,0.0,0.0
2023-08-09 12:30:00-04:00,2.430000066757202,2.430000066757202,2.430000066757202,2.430000066757202,638,0.0,0.0
2023-08-09 13:30:00-04:00,2.430000066757202,2.430000066757202,2.430000066757202,2.430000066757202,118,0.0,0.0
2023-08-09 14:30:00-04:00,2.430000066757202,2.430000066757202,2.4100000858306885,2.4100000858306885,4310,0.0,0.0
2023-08-09 15:30:00-04:00,2.4100000858306885,2.4100000858306885,2.369999885559082,2.369999885559082,3401,0.0,0.0
2023-08-10 09:30:00-04:00,2.380000114440918,2.4300999641418457,2.380000114440918,2.4300999641418457,0,0.0,0.0
2023-08-10 10:30:00-04:00,2.430000066757202,2.430000066757202,2.430000066757202,2.430000066757202,144,0.0,0.0
2023-08-10 12:30:00-04:00,2.4000000953674316,2.4000000953674316,2.369999885559082,2.380000114440918,12405,0.0,0.0
2023-08-10 14:30:00-04:00,2.380000114440918,2.380000114440918,2.380000114440918,2.380000114440918,317,0.0,0.0
2023-08-10 15:30:00-04:00,2.369999885559082,2.369999885559082,2.369999885559082,2.369999885559082,416,0.0,0.0
2023-08-11 09:30:00-04:00,2.4000000953674316,2.5,2.4000000953674316,2.424999952316284,0,0.0,0.0
2023-08-11 11:30:00-04:00,2.4000000953674316,2.4049999713897705,2.4000000953674316,2.4049999713897705,637,0.0,0.0
2023-08-11 13:30:00-04:00,2.3901000022888184,2.3901000022888184,2.3901000022888184,2.3901000022888184,203,0.0,0.0
2023-08-11 14:30:00-04:00,2.390000104904175,2.4100000858306885,2.390000104904175,2.4100000858306885,591,0.0,0.0
2023-08-11 15:30:00-04:00,2.4200000762939453,2.4200000762939453,2.4000000953674316,2.4049999713897705,2878,0.0,0.0
2023-08-14 09:30:00-04:00,2.390000104904175,2.413300037384033,2.359999895095825,2.359999895095825,5013,0.0,0.0
2023-08-14 10:30:00-04:00,2.365000009536743,2.365000009536743,2.365000009536743,2.365000009536743,1111,0.0,0.0
2023-08-14 11:30:00-04:00,2.365000009536743,2.3691000938415527,2.365000009536743,2.3691000938415527,469,0.0,0.0
2023-08-14 12:30:00-04:00,2.362499952316284,2.369999885559082,2.362499952316284,2.369999885559082,390,0.0,0.0
2023-08-14 13:30:00-04:00,2.3684000968933105,2.369999885559082,2.362499952316284,2.369999885559082,1912,0.0,0.0
2023-08-14 14:30:00-04:00,2.375,2.375,2.375,2.375,115,0.0,0.0
2023-08-14 15:30:00-04:00,2.380000114440918,2.380000114440918,2.380000114440918,2.380000114440918,541,0.0,0.0
2023-08-15 09:30:00-04:00,2.4000000953674316,2.4000000953674316,2.359999895095825,2.359999895095825,3130,0.0,0.0
2023-08-15 10:30:00-04:00,2.36080002784729,2.36080002784729,2.359999895095825,2.359999895095825,1052,0.0,0.0
2023-08-15 11:30:00-04:00,2.3299999237060547,2.3299999237060547,2.3299999237060547,2.3299999237060547,302,0.0,0.0
2023-08-15 12:30:00-04:00,2.3299999237060547,2.3299999237060547,2.3299999237060547,2.3299999237060547,312,0.0,0.0
2023-08-15 13:30:00-04:00,2.3301000595092773,2.3301000595092773,2.3299999237060547,2.3299999237060547,308,0.0,0.0
2023-08-15 14:30:00-04:00,2.3299999237060547,2.3299999237060547,2.3299999237060547,2.3299999237060547,210,0.0,0.0
2023-08-15 15:30:00-04:00,2.3299999237060547,2.331199884414673,2.299999952316284,2.309999942779541,10835,0.0,0.0
2023-08-16 09:30:00-04:00,2.4700000286102295,2.5399999618530273,2.4700000286102295,2.5299999713897705,58413,0.0,0.0
2023-08-16 10:30:00-04:00,2.5336999893188477,2.5399999618530273,2.5199999809265137,2.5399999618530273,3493,0.0,0.0
2023-08-16 11:30:00-04:00,2.5,2.5209999084472656,2.498199939727783,2.5,3235,0.0,0.0
2023-08-16 12:30:00-04:00,2.490299940109253,2.490299940109253,2.4700000286102295,2.4800000190734863,6885,0.0,0.0
2023-08-16 13:30:00-04:00,2.478300094604492,2.4798998832702637,2.4600000381469727,2.4600000381469727,1507,0.0,0.0
2023-08-16 14:30:00-04:00,2.4600000381469727,2.4600000381469727,2.4600000381469727,2.4600000381469727,371,0.0,0.0
2023-08-16 15:30:00-04:00,2.4700000286102295,2.4700000286102295,2.450000047683716,2.450000047683716,756,0.0,0.0
2023-08-17 09:30:00-04:00,2.4700000286102295,2.4700000286102295,2.3101000785827637,2.3550000190734863,9869,0.0,0.0
2023-08-17 10:30:00-04:00,2.365000009536743,2.365000009536743,2.346299886703491,2.346299886703491,1764,0.0,0.0
2023-08-17 11:30:00-04:00,2.3117001056671143,2.3117001056671143,2.309999942779541,2.309999942779541,685,0.0,0.0
2023-08-17 12:30:00-04:00,2.309999942779541,2.319999933242798,2.309999942779541,2.319999933242798,476,0.0,0.0
2023-08-17 13:30:00-04:00,2.309999942779541,2.309999942779541,2.309999942779541,2.309999942779541,519,0.0,0.0
2023-08-17 14:30:00-04:00,2.299999952316284,2.299999952316284,2.299999952316284,2.299999952316284,1472,0.0,0.0
2023-08-17 15:30:00-04:00,2.299999952316284,2.319999933242798,2.2990000247955322,2.306299924850464,0,0.0,0.0
2023-08-18 09:30:00-04:00,2.2799999713897705,2.359999895095825,2.25,2.311000108718872,4726,0.0,0.0
2023-08-18 10:30:00-04:00,2.309999942779541,2.3422000408172607,2.299999952316284,2.299999952316284,5218,0.0,0.0
2023-08-18 12:30:00-04:00,2.3169000148773193,2.3169000148773193,2.299999952316284,2.299999952316284,5188,0.0,0.0
2023-08-18 14:30:00-04:00,2.3399999141693115,2.349299907684326,2.3399999141693115,2.3399999141693115,1649,0.0,0.0
2023-08-18 15:30:00-04:00,2.3499999046325684,2.369999885559082,2.309999942779541,2.309999942779541,2080,0.0,0.0
2023-08-21 09:30:00-04:00,2.380000114440918,2.4100000858306885,2.344099998474121,2.359999895095825,10734,0.0,0.0
2023-08-21 10:30:00-04:00,2.384999990463257,2.384999990463257,2.3399999141693115,2.3499999046325684,2658,0.0,0.0
2023-08-21 11:30:00-04:00,2.365000009536743,2.365000009536743,2.365000009536743,2.365000009536743,2501,0.0,0.0
2023-08-21 12:30:00-04:00,2.380000114440918,2.380000114440918,2.359999895095825,2.359999895095825,678,0.0,0.0
2023-08-21 13:30:00-04:00,2.359999895095825,2.380000114440918,2.359999895095825,2.380000114440918,416,0.0,0.0
2023-08-21 14:30:00-04:00,2.3803000450134277,2.3984999656677246,2.3803000450134277,2.3984999656677246,843,0.0,0.0
2023-08-21 15:30:00-04:00,2.390000104904175,2.4200000762939453,2.369999885559082,2.369999885559082,10136,0.0,0.0
2023-08-22 09:30:00-04:00,2.359999895095825,2.359999895095825,2.3499999046325684,2.3499999046325684,1216,0.0,0.0
2023-08-22 10:30:00-04:00,2.319999933242798,2.3299999237060547,2.319999933242798,2.3299999237060547,419,0.0,0.0
2023-08-22 11:30:00-04:00,2.3399999141693115,2.3399999141693115,2.319999933242798,2.319999933242798,1198,0.0,0.0
2023-08-22 12:30:00-04:00,2.319999933242798,2.319999933242798,2.319999933242798,2.319999933242798,108,0.0,0.0
2023-08-22 13:30:00-04:00,2.328200101852417,2.341599941253662,2.3201000690460205,2.3203001022338867,2136,0.0,0.0
2023-08-22 14:30:00-04:00,2.319999933242798,2.3499999046325684,2.319999933242798,2.3499999046325684,1431,0.0,0.0
2023-08-22 15:30:00-04:00,2.319999933242798,2.369999885559082,2.319999933242798,2.359999895095825,0,0.0,0.0
2023-08-23 09:30:00-04:00,2.380000114440918,2.380000114440918,2.331199884414673,2.331199884414673,2652,0.0,0.0
2023-08-23 10:30:00-04:00,2.323699951171875,2.3499999046325684,2.319999933242798,2.3499999046325684,2992,0.0,0.0
2023-08-23 11:30:00-04:00,2.3350000381469727,2.3350000381469727,2.3350000381469727,2.3350000381469727,1300,0.0,0.0
2023-08-23 12:30:00-04:00,2.3236000537872314,2.3236000537872314,2.322000026702881,2.322000026702881,653,0.0,0.0
2023-08-23 13:30:00-04:00,2.3350000381469727,2.3350000381469727,2.3299999237060547,2.3299999237060547,390,0.0,0.0
2023-08-23 14:30:00-04:00,2.319999933242798,2.319999933242798,2.319999933242798,2.319999933242798,325,0.0,0.0
2023-08-23 15:30:00-04:00,2.319999933242798,2.3399999141693115,2.319999933242798,2.3399999141693115,354,0.0,0.0
2023-08-24 09:30:00-04:00,2.309999942779541,2.3101000785827637,2.2850000858306885,2.2899999618530273,3391,0.0,0.0
2023-08-24 10:30:00-04:00,2.2799999713897705,2.2799999713897705,2.2799999713897705,2.2799999713897705,695,0.0,0.0
2023-08-24 11:30:00-04:00,2.287400007247925,2.287400007247925,2.2839999198913574,2.2839999198913574,904,0.0,0.0
2023-08-24 12:30:00-04:00,2.259999990463257,2.260499954223633,2.259999990463257,2.259999990463257,956,0.0,0.0
2023-08-24 14:30:00-04:00,2.259999990463257,2.2699999809265137,2.259999990463257,2.259999990463257,1516,0.0,0.0
2023-08-24 15:30:00-04:00,2.259999990463257,2.2699999809265137,2.259999990463257,2.259999990463257,3290,0.0,0.0
2023-08-25 09:30:00-04:00,2.259999990463257,2.2920000553131104,2.2200000286102295,2.2400999069213867,8852,0.0,0.0
2023-08-25 10:30:00-04:00,2.25,2.25,2.2309999465942383,2.25,1747,0.0,0.0
2023-08-25 11:30:00-04:00,2.255000114440918,2.255000114440918,2.25,2.25,310,0.0,0.0
2023-08-25 12:30:00-04:00,2.25,2.2600998878479004,2.244999885559082,2.259999990463257,3471,0.0,0.0
2023-08-25 14:30:00-04:00,2.254199981689453,2.2799999713897705,2.25,2.2799999713897705,972,0.0,0.0
2023-08-25 15:30:00-04:00,2.273200035095215,2.273200035095215,2.2699999809265137,2.2699999809265137,368,0.0,0.0
2023-08-28 09:30:00-04:00,2.25,2.3399999141693115,2.2465999126434326,2.2465999126434326,5294,0.0,0.0
2023-08-28 10:30:00-04:00,2.25,2.259999990463257,2.240000009536743,2.259999990463257,1360,0.0,0.0
2023-08-28 11:30:00-04:00,2.2899999618530273,2.309999942779541,2.259999990463257,2.259999990463257,1269,0.0,0.0
2023-08-28 14:30:00-04:00,2.259999990463257,2.259999990463257,2.25,2.25,731,0.0,0.0
2023-08-28 15:30:00-04:00,2.25,2.259999990463257,2.25,2.25,584,0.0,0.0
2023-08-29 09:30:00-04:00,2.2300000190734863,2.2699999809265137,2.2300000190734863,2.240000009536743,0,0.0,0.0
2023-08-29 11:30:00-04:00,2.2909998893737793,2.2909998893737793,2.265000104904175,2.265000104904175,886,0.0,0.0
2023-08-29 12:30:00-04:00,2.2699999809265137,2.2781999111175537,2.2699999809265137,2.2781999111175537,2309,0.0,0.0
2023-08-29 13:30:00-04:00,2.2699999809265137,2.2699999809265137,2.265000104904175,2.265000104904175,3256,0.0,0.0
2023-08-29 14:30:00-04:00,2.2899999618530273,2.2899999618530273,2.2899999618530273,2.2899999618530273,0,0.0,0.0
2023-08-30 09:30:00-04:00,2.359999895095825,2.4600000381469727,2.3559999465942383,2.430000066757202,11453,0.0,0.0
2023-08-30 10:30:00-04:00,2.436300039291382,2.470900058746338,2.424999952316284,2.430000066757202,2020,0.0,0.0
2023-08-30 11:30:00-04:00,2.4000000953674316,2.4000000953674316,2.4000000953674316,2.4000000953674316,1095,0.0,0.0
2023-08-30 12:30:00-04:00,2.4000000953674316,2.4000000953674316,2.4000000953674316,2.4000000953674316,360,0.0,0.0
2023-08-30 13:30:00-04:00,2.430000066757202,2.430000066757202,2.4149999618530273,2.4149999618530273,436,0.0,0.0
2023-08-30 14:30:00-04:00,2.430000066757202,2.430000066757202,2.430000066757202,2.430000066757202,119,0.0,0.0
2023-08-30 15:30:00-04:00,2.4149999618530273,2.440000057220459,2.3910000324249268,2.3910000324249268,5656,0.0,0.0
2023-08-31 09:30:00-04:00,2.440000057220459,2.490000009536743,2.4000000953674316,2.407599925994873,0,0.0,0.0
2023-08-31 10:30:00-04:00,2.450000047683716,2.4700000286102295,2.450000047683716,2.4600000381469727,3116,0.0,0.0
2023-08-31 11:30:00-04:00,2.450000047683716,2.4700000286102295,2.390000104904175,2.4200000762939453,13197,0.0,0.0
2023-08-31 12:30:00-04:00,2.4200000762939453,2.430000066757202,2.4000000953674316,2.430000066757202,3220,0.0,0.0
2023-08-31 13:30:00-04:00,2.430000066757202,2.4700000286102295,2.430000066757202,2.4700000286102295,862,0.0,0.0
2023-08-31 14:30:00-04:00,2.4700000286102295,2.4700000286102295,2.4600000381469727,2.4649999141693115,4591,0.0,0.0
2023-08-31 15:30:00-04:00,2.4649999141693115,2.4649999141693115,2.447200059890747,2.450000047683716,1325,0.0,0.0
2023-09-01 09:30:00-04:00,2.4000000953674316,2.4200000762939453,2.390000104904175,2.4200000762939453,0,0.0,0.0
2023-09-01 10:30:00-04:00,2.4200000762939453,2.440000057220459,2.4200000762939453,2.440000057220459,763,0.0,0.0
2023-09-01 11:30:00-04:00,2.4189000129699707,2.430000066757202,2.4149999618530273,2.430000066757202,708,0.0,0.0
2023-09-01 12:30:00-04:00,2.430000066757202,2.450000047683716,2.430000066757202,2.450000047683716,803,0.0,0.0
2023-09-01 13:30:00-04:00,2.430000066757202,2.450000047683716,2.430000066757202,2.4498000144958496,2459,0.0,0.0
2023-09-01 15:30:00-04:00,2.450000047683716,2.450000047683716,2.4100000858306885,2.4200000762939453,5325,0.0,0.0
2023-09-05 09:30:00-04:00,2.309999942779541,2.3382999897003174,2.309999942779541,2.319999933242798,15425,0.0,0.0
2023-09-05 10:30:00-04:00,2.319999933242798,2.336699962615967,2.285599946975708,2.309999942779541,8716,0.0,0.0
2023-09-05 11:30:00-04:00,2.319999933242798,2.325000047683716,2.319999933242798,2.319999933242798,919,0.0,0.0
2023-09-05 14:30:00-04:00,2.322700023651123,2.322700023651123,2.322700023651123,2.322700023651123,102,0.0,0.0
2023-09-05 15:30:00-04:00,2.319999933242798,2.319999933242798,2.319999933242798,2.319999933242798,705,0.0,0.0
2023-09-06 09:30:00-04:00,2.2899999618530273,2.299999952316284,2.2899999618530273,2.299999952316284,1705,0.0,0.0
2023-09-06 10:30:00-04:00,2.2799999713897705,2.2888998985290527,2.2799999713897705,2.2888998985290527,2246,0.0,0.0
2023-09-06 11:30:00-04:00,2.2799999713897705,2.2850000858306885,2.2799999713897705,2.2850000858306885,670,0.0,0.0
2023-09-06 12:30:00-04:00,2.2850000858306885,2.2850000858306885,2.2850000858306885,2.2850000858306885,351,0.0,0.0
2023-09-06 13:30:00-04:00,2.2899999618530273,2.2899999618530273,2.2899999618530273,2.2899999618530273,619,0.0,0.0
2023-09-06 14:30:00-04:00,2.259999990463257,2.289900064468384,2.259999990463257,2.289900064468384,895,0.0,0.0
2023-09-06 15:30:00-04:00,2.259999990463257,2.2699999809265137,2.259999990463257,2.2699999809265137,1207,0.0,0.0
2023-09-07 09:30:00-04:00,2.240000009536743,2.2599000930786133,2.2200000286102295,2.2599000930786133,0,0.0,0.0
2023-09-07 10:30:00-04:00,2.240000009536743,2.25,2.240000009536743,2.25,1858,0.0,0.0
2023-09-07 11:30:00-04:00,2.25,2.255000114440918,2.240000009536743,2.240000009536743,2111,0.0,0.0
2023-09-07 12:30:00-04:00,2.2699999809265137,2.2699999809265137,2.2699999809265137,2.2699999809265137,124,0.0,0.0
2023-09-07 13:30:00-04:00,2.2899999618530273,2.2899999618530273,2.2799999713897705,2.2799999713897705,1279,0.0,0.0
2023-09-07 14:30:00-04:00,2.2899999618530273,2.2899999618530273,2.2632999420166016,2.2699999809265137,1278,0.0,0.0
2023-09-07 15:30:00-04:00,2.265000104904175,2.2699999809265137,2.265000104904175,2.265000104904175,0,0.0,0.0
2023-09-08 09:30:00-04:00,2.2799999713897705,2.2799999713897705,2.2699999809265137,2.27020001411438,1897,0.0,0.0
2023-09-08 10:30:00-04:00,2.2699999809265137,2.2799999713897705,2.265000104904175,2.2699999809265137,1042,0.0,0.0
2023-09-08 11:30:00-04:00,2.2799999713897705,2.2799999713897705,2.2602999210357666,2.2602999210357666,655,0.0,0.0
2023-09-08 12:30:00-04:00,2.2799999713897705,2.2799999713897705,2.259999990463257,2.259999990463257,971,0.0,0.0
2023-09-08 13:30:00-04:00,2.260200023651123,2.260200023651123,2.259999990463257,2.259999990463257,1051,0.0,0.0
2023-09-08 14:30:00-04:00,2.259999990463257,2.259999990463257,2.259999990463257,2.259999990463257,109,0.0,0.0
2023-09-08 15:30:00-04:00,2.25,2.25,2.25,2.25,309,0.0,0.0
2023-09-11 09:30:00-04:00,2.2799999713897705,2.380000114440918,2.2799999713897705,2.2816998958587646,1182,0.0,0.0
2023-09-11 10:30:00-04:00,2.294100046157837,2.294100046157837,2.259999990463257,2.259999990463257,6765,0.0,0.0
2023-09-11 11:30:00-04:00,2.2629001140594482,2.2750000953674316,2.259999990463257,2.259999990463257,879,0.0,0.0
2023-09-11 12:30:00-04:00,2.2899999618530273,2.2899999618530273,2.259999990463257,2.265000104904175,1430,0.0,0.0
2023-09-11 14:30:00-04:00,2.25,2.25,2.25,2.25,634,0.0,0.0
2023-09-11 15:30:00-04:00,2.25,2.259999990463257,2.25,2.259999990463257,772,0.0,0.0
2023-09-12 09:30:00-04:00,2.259999990463257,2.259999990463257,2.259999990463257,2.259999990463257,1595,0.0,0.0
2023-09-12 10:30:00-04:00,2.2300000190734863,2.2699999809265137,2.2300000190734863,2.240000009536743,1195,0.0,0.0
2023-09-12 11:30:00-04:00,2.240000009536743,2.240000009536743,2.2300000190734863,2.2300000190734863,499,0.0,0.0
2023-09-12 12:30:00-04:00,2.2200000286102295,2.2300000190734863,2.2100000381469727,2.2200000286102295,13932,0.0,0.0
2023-09-12 13:30:00-04:00,2.2465999126434326,2.2465999126434326,2.2465999126434326,2.2465999126434326,511,0.0,0.0
2023-09-12 14:30:00-04:00,2.23009991645813,2.2400999069213867,2.2300000190734863,2.2400999069213867,1876,0.0,0.0
2023-09-12 15:30:00-04:00,2.25,2.25,2.240000009536743,2.240000009536743,544,0.0,0.0
2023-09-13 09:30:00-04:00,2.2300000190734863,2.240600109100342,2.2300000190734863,2.240600109100342,0,0.0,0.0
2023-09-13 10:30:00-04:00,2.240000009536743,2.240000009536743,2.2200000286102295,2.2200000286102295,1622,0.0,0.0
2023-09-13 11:30:00-04:00,2.2200000286102295,2.2300000190734863,2.2100000381469727,2.2300000190734863,1470,0.0,0.0
2023-09-13 13:30:00-04:00,2.2200000286102295,2.2200000286102295,2.2200000286102295,2.2200000286102295,179,0.0,0.0
2023-09-13 14:30:00-04:00,2.2300000190734863,2.2344000339508057,2.2300000190734863,2.2300000190734863,2563,0.0,0.0
2023-09-13 15:30:00-04:00,2.2300000190734863,2.259999990463257,2.2300000190734863,2.259999990463257,772,0.0,0.0
2023-09-14 09:30:00-04:00,2.2100000381469727,2.25,2.2100000381469727,2.2242000102996826,2146,0.0,0.0
2023-09-14 10:30:00-04:00,2.2121999263763428,2.2200000286102295,2.2121999263763428,2.2200000286102295,362,0.0,0.0
2023-09-14 11:30:00-04:00,2.2200000286102295,2.220400094985962,2.2200000286102295,2.220400094985962,479,0.0,0.0
2023-09-14 14:30:00-04:00,2.2219998836517334,2.259999990463257,2.2200000286102295,2.25,945,0.0,0.0
2023-09-14 15:30:00-04:00,2.240000009536743,2.240000009536743,2.240000009536743,2.240000009536743,0,0.0,0.0
2023-09-15 10:30:00-04:00,2.252000093460083,2.252000093460083,2.25,2.25,3994,0.0,0.0
2023-09-15 11:30:00-04:00,2.190000057220459,2.2300000190734863,2.190000057220459,2.194999933242798,493,0.0,0.0
2023-09-15 12:30:00-04:00,2.2112998962402344,2.2112998962402344,2.1700000762939453,2.1700000762939453,655,0.0,0.0
2023-09-15 14:30:00-04:00,2.2065000534057617,2.2065000534057617,2.190000057220459,2.190000057220459,4273,0.0,0.0
2023-09-15 15:30:00-04:00,2.170099973678589,2.170099973678589,2.059999942779541,2.0999999046325684,19021,0.0,0.0
2023-09-18 09:30:00-04:00,2.049999952316284,2.130000114440918,2.049999952316284,2.106300115585327,2685,0.0,0.0
2023-09-18 10:30:00-04:00,2.2049999237060547,2.2049999237060547,2.109999895095825,2.109999895095825,1261,0.0,0.0
2023-09-18 11:30:00-04:00,2.130000114440918,2.130000114440918,2.130000114440918,2.130000114440918,625,0.0,0.0
2023-09-18 13:30:00-04:00,2.130000114440918,2.142699956893921,2.109999895095825,2.109999895095825,4101,0.0,0.0
2023-09-18 14:30:00-04:00,2.109999895095825,2.1500000953674316,2.1070001125335693,2.1500000953674316,0,0.0,0.0
2023-09-19 09:30:00-04:00,2.240000009536743,2.240000009536743,2.0999999046325684,2.1131999492645264,1045,0.0,0.0
2023-09-19 10:30:00-04:00,2.0999999046325684,2.119999885559082,2.0999999046325684,2.119999885559082,1792,0.0,0.0
2023-09-19 11:30:00-04:00,2.119999885559082,2.119999885559082,2.119999885559082,2.119999885559082,201,0.0,0.0
2023-09-19 12:30:00-04:00,2.119999885559082,2.119999885559082,2.100100040435791,2.100100040435791,3419,0.0,0.0
2023-09-19 13:30:00-04:00,2.119999885559082,2.119999885559082,2.119999885559082,2.119999885559082,334,0.0,0.0
2023-09-19 14:30:00-04:00,2.1500000953674316,2.1500000953674316,2.1500000953674316,2.1500000953674316,100,0.0,0.0
2023-09-19 15:30:00-04:00,2.0999999046325684,2.0999999046325684,2.0999999046325684,2.0999999046325684,284,0.0,0.0
2023-09-20 09:30:00-04:00,2.0799999237060547,2.119999885559082,2.0799999237060547,2.119999885559082,2557,0.0,0.0
2023-09-20 10:30:00-04:00,2.109999895095825,2.119999885559082,2.0799999237060547,2.0899999141693115,6065,0.0,0.0
2023-09-20 11:30:00-04:00,2.109999895095825,2.109999895095825,2.0799999237060547,2.0799999237060547,1836,0.0,0.0
2023-09-20 12:30:00-04:00,2.0799999237060547,2.0899999141693115,2.0799999237060547,2.0899999141693115,916,0.0,0.0
2023-09-20 13:30:00-04:00,2.0799999237060547,2.0801000595092773,2.0399999618530273,2.0399999618530273,886,0.0,0.0
2023-09-20 15:30:00-04:00,2.059999942779541,2.0899999141693115,2.059999942779541,2.0899999141693115,0,0.0,0.0
2023-09-21 09:30:00-04:00,2.109999895095825,2.109999895095825,2.0199999809265137,2.0845000743865967,3245,0.0,0.0
2023-09-21 10:30:00-04:00,2.0199999809265137,2.0199999809265137,2.0199999809265137,2.0199999809265137,112,0.0,0.0
2023-09-21 11:30:00-04:00,2.0199999809265137,2.049999952316284,2.0,2.049999952316284,19063,0.0,0.0
2023-09-21 12:30:00-04:00,2.055000066757202,2.059999942779541,2.0399999618530273,2.0399999618530273,748,0.0,0.0
2023-09-21 14:30:00-04:00,2.059999942779541,2.069999933242798,2.059999942779541,2.069999933242798,469,0.0,0.0
2023-09-21 15:30:00-04:00,2.065000057220459,2.069999933242798,2.0350000858306885,2.0350000858306885,2350,0.0,0.0
2023-09-22 09:30:00-04:00,2.0999999046325684,2.2699999809265137,2.0999999046325684,2.140000104904175,31559,0.0,0.0
2023-09-22 10:30:00-04:00,2.169800043106079,2.169800043106079,2.1500000953674316,2.1500000953674316,667,0.0,0.0
2023-09-22 11:30:00-04:00,2.1549999713897705,2.1575000286102295,2.1549999713897705,2.1549999713897705,724,0.0,0.0
2023-09-22 12:30:00-04:00,2.1600000858306885,2.1600000858306885,2.1549999713897705,2.1549999713897705,233,0.0,0.0
2023-09-22 13:30:00-04:00,2.1549999713897705,2.1549999713897705,2.1549999713897705,2.1549999713897705,103,0.0,0.0
2023-09-22 14:30:00-04:00,2.1549999713897705,2.1549999713897705,2.0899999141693115,2.0899999141693115,10435,0.0,0.0
2023-09-22 15:30:00-04:00,2.0799999237060547,2.0899999141693115,2.0799999237060547,2.0799999237060547,1371,0.0,0.0
2023-09-25 09:30:00-04:00,2.0999999046325684,2.349900007247925,2.0999999046325684,2.131999969482422,14401,0.0,0.0
2023-09-25 10:30:00-04:00,2.1500000953674316,2.1600000858306885,2.140000104904175,2.1449999809265137,4850,0.0,0.0
2023-09-25 12:30:00-04:00,2.1500000953674316,2.1598000526428223,2.140000104904175,2.140000104904175,3912,0.0,0.0
2023-09-25 13:30:00-04:00,2.130000114440918,2.130000114440918,2.130000114440918,2.130000114440918,100,0.0,0.0
2023-09-25 14:30:00-04:00,2.1498000621795654,2.1498000621795654,2.140000104904175,2.140000104904175,1888,0.0,0.0
2023-09-25 15:30:00-04:00,2.1500000953674316,2.1500000953674316,2.140000104904175,2.140000104904175,1333,0.0,0.0
2023-09-26 10:30:00-04:00,2.0999999046325684,2.0999999046325684,2.0899999141693115,2.0899999141693115,581,0.0,0.0
2023-09-26 11:30:00-04:00,2.0799999237060547,2.089900016784668,2.069999933242798,2.069999933242798,8377,0.0,0.0
2023-09-26 12:30:00-04:00,2.0799999237060547,2.0999999046325684,2.0799999237060547,2.0999999046325684,1988,0.0,0.0
2023-09-26 14:30:00-04:00,2.0799999237060547,2.0999999046325684,2.0799999237060547,2.0999999046325684,4182,0.0,0.0
2023-09-26 15:30:00-04:00,2.0950000286102295,2.0999999046325684,2.0899999141693115,2.0999999046325684,0,0.0,0.0
2023-09-27 09:30:00-04:00,2.0525999069213867,2.0703999996185303,2.049999952316284,2.049999952316284,3783,0.0,0.0
2023-09-27 10:30:00-04:00,2.1600000858306885,2.1600000858306885,2.1600000858306885,2.1600000858306885,426,0.0,0.0
2023-09-27 11:30:00-04:00,2.1019999980926514,2.1019999980926514,2.1019999980926514,2.1019999980926514,576,0.0,0.0
2023-09-27 12:30:00-04:00,2.0999999046325684,2.0999999046325684,2.0999999046325684,2.0999999046325684,262,0.0,0.0
2023-09-27 13:30:00-04:00,2.0999999046325684,2.130000114440918,2.0999999046325684,2.130000114440918,1351,0.0,0.0
2023-09-27 14:30:00-04:00,2.130000114440918,2.130000114440918,2.130000114440918,2.130000114440918,669,0.0,0.0
2023-09-27 15:30:00-04:00,2.0999999046325684,2.0999999046325684,2.0899999141693115,2.0899999141693115,356,0.0,0.0
2023-09-28 09:30:00-04:00,2.2200000286102295,2.380000114440918,1.9900000095367432,2.1050000190734863,54891,0.0,0.0
2023-09-28 10:30:00-04:00,2.130000114440918,2.2149999141693115,2.119999885559082,2.1500000953674316,10373,0.0,0.0
2023-09-28 11:30:00-04:00,2.1700000762939453,2.190000057220459,2.0850000381469727,2.149600028991699,28207,0.0,0.0
2023-09-28 12:30:00-04:00,2.1600000858306885,2.194999933242798,2.1273000240325928,2.194999933242798,3606,0.0,0.0
2023-09-28 13:30:00-04:00,2.1500000953674316,2.1700000762939453,2.130000114440918,2.1700000762939453,11226,0.0,0.0
2023-09-28 14:30:00-04:00,2.1449999809265137,2.2100000381469727,2.140000104904175,2.184999942779541,15283,0.0,0.0
2023-09-28 15:30:00-04:00,2.200000047683716,2.200000047683716,2.1600000858306885,2.1600000858306885,1252,0.0,0.0
2023-09-29 09:30:00-04:00,2.120699882507324,2.120699882507324,2.119999885559082,2.119999885559082,771,0.0,0.0
2023-09-29 10:30:00-04:00,2.0999999046325684,2.0999999046325684,2.049999952316284,2.0799999237060547,14611,0.0,0.0
2023-09-29 12:30:00-04:00,2.0701000690460205,2.0701000690460205,2.069999933242798,2.069999933242798,606,0.0,0.0
2023-09-29 13:30:00-04:00,2.049999952316284,2.049999952316284,2.049999952316284,2.049999952316284,200,0.0,0.0
2023-09-29 14:30:00-04:00,2.059999942779541,2.104099988937378,2.059999942779541,2.0799999237060547,1963,0.0,0.0
2023-09-29 15:30:00-04:00,2.059999942779541,2.059999942779541,2.059999942779541,2.059999942779541,113,0.0,0.0
2023-10-02 09:30:00-04:00,2.069999933242798,2.069999933242798,2.0299999713897705,2.0299999713897705,4471,0.0,0.0
2023-10-02 10:30:00-04:00,2.0360000133514404,2.059999942779541,2.0299999713897705,2.049999952316284,1814,0.0,0.0
2023-10-02 11:30:00-04:00,2.0299999713897705,2.0299999713897705,2.0299999713897705,2.0299999713897705,110,0.0,0.0
2023-10-02 12:30:00-04:00,2.0299999713897705,2.0299999713897705,2.0299999713897705,2.0299999713897705,880,0.0,0.0
2023-10-02 14:30:00-04:00,2.0299999713897705,2.0299999713897705,2.0199999809265137,2.0199999809265137,1732,0.0,0.0
2023-10-02 15:30:00-04:00,2.0,2.0299999713897705,2.0,2.0299999713897705,1834,0.0,0.0
2023-10-03 09:30:00-04:00,2.0199999809265137,2.0299999713897705,1.9800000190734863,2.0281999111175537,41997,0.0,0.0
2023-10-03 10:30:00-04:00,2.01990008354187,2.01990008354187,1.9900000095367432,1.9900000095367432,6351,0.0,0.0
2023-10-03 11:30:00-04:00,2.0,2.009999990463257,2.0,2.009999990463257,1500,0.0,0.0
2023-10-03 12:30:00-04:00,2.0,2.009999990463257,2.0,2.0,2633,0.0,0.0
2023-10-03 13:30:00-04:00,2.0,2.0,2.0,2.0,1201,0.0,0.0
2023-10-03 14:30:00-04:00,2.0,2.009999990463257,2.0,2.0,4574,0.0,0.0
2023-10-03 15:30:00-04:00,2.0,2.009999990463257,1.9901000261306763,2.009999990463257,0,0.0,0.0
2023-10-04 09:30:00-04:00,1.9700000286102295,2.0,1.9500000476837158,1.9900000095367432,12183,0.0,0.0
2023-10-04 10:30:00-04:00,1.9900000095367432,2.0,1.965000033378601,1.9900000095367432,11213,0.0,0.0
2023-10-04 11:30:00-04:00,1.9700000286102295,1.9800000190734863,1.9700000286102295,1.9700000286102295,1317,0.0,0.0
2023-10-04 12:30:00-04:00,1.9800000190734863,2.0292999744415283,1.975000023841858,2.0199999809265137,26244,0.0,0.0
2023-10-04 13:30:00-04:00,2.009999990463257,2.009999990463257,2.0,2.005000114440918,2014,0.0,0.0
2023-10-04 14:30:00-04:00,2.0,2.0,2.0,2.0,8541,0.0,0.0
2023-10-04 15:30:00-04:00,1.9950000047683716,2.0,1.9700000286102295,2.0,3724,0.0,0.0
2023-10-05 09:30:00-04:00,2.0,2.0199999809265137,2.0,2.009999990463257,3454,0.0,0.0
2023-10-05 10:30:00-04:00,2.009999990463257,2.0199999809265137,2.0,2.0199999809265137,3024,0.0,0.0
2023-10-05 11:30:00-04:00,2.0199999809265137,2.0299999713897705,2.0199999809265137,2.0299999713897705,767,0.0,0.0
2023-10-05 12:30:00-04:00,2.0299999713897705,2.0299999713897705,2.009999990463257,2.0299999713897705,1537,0.0,0.0
2023-10-05 13:30:00-04:00,2.0299999713897705,2.0399999618530273,2.0299999713897705,2.0399999618530273,549,0.0,0.0
2023-10-05 14:30:00-04:00,2.0399999618530273,2.0399999618530273,2.0299999713897705,2.0299999713897705,1388,0.0,0.0
2023-10-05 15:30:00-04:00,2.0299999713897705,2.0299999713897705,1.9900000095367432,2.0,9853,0.0,0.0
2023-10-06 09:30:00-04:00,2.069999933242798,2.0799999237060547,2.069999933242798,2.0799999237060547,478,0.0,0.0
2023-10-06 12:30:00-04:00,2.0399999618530273,2.0399999618530273,2.0399999618530273,2.0399999618530273,105,0.0,0.0
2023-10-06 14:30:00-04:00,2.0,2.0,1.9809999465942383,1.9809999465942383,590,0.0,0.0
2023-10-09 09:30:00-04:00,1.9941999912261963,2.0060999393463135,1.9941999912261963,2.0060999393463135,582,0.0,0.0
2023-10-09 10:30:00-04:00,2.0,2.0299999713897705,1.9299999475479126,2.0299999713897705,12112,0.0,0.0
2023-10-09 11:30:00-04:00,2.030100107192993,2.0320000648498535,2.030100107192993,2.0320000648498535,1393,0.0,0.0
2023-10-09 13:30:00-04:00,2.049999952316284,2.059999942779541,2.049999952316284,2.059999942779541,668,0.0,0.0
2023-10-09 14:30:00-04:00,2.0209999084472656,2.0209999084472656,2.0209999084472656,2.0209999084472656,185,0.0,0.0
2023-10-09 15:30:00-04:00,2.0199999809265137,2.0399999618530273,2.009999990463257,2.009999990463257,0,0.0,0.0
2023-10-10 09:30:00-04:00,1.9600000381469727,2.009999990463257,1.958400011062622,2.009999990463257,2431,0.0,0.0
2023-10-10 10:30:00-04:00,2.0,2.059999942779541,2.0,2.059999942779541,7751,0.0,0.0
2023-10-10 11:30:00-04:00,2.0299999713897705,2.0299999713897705,2.0299999713897705,2.0299999713897705,350,0.0,0.0
2023-10-10 13:30:00-04:00,2.0399999618530273,2.0399999618530273,2.0199999809265137,2.0350000858306885,1035,0.0,0.0
2023-10-10 14:30:00-04:00,2.0199999809265137,2.0201001167297363,2.0199999809265137,2.0201001167297363,2528,0.0,0.0
2023-10-10 15:30:00-04:00,2.0199999809265137,2.0299999713897705,2.0,2.0,2680,0.0,0.0
2023-10-11 09:30:00-04:00,2.0230000019073486,2.046299934387207,2.0230000019073486,2.0299999713897705,10000,0.0,0.0
2023-10-11 10:30:00-04:00,2.0,2.0299999713897705,2.0,2.003999948501587,1507,0.0,0.0
2023-10-11 11:30:00-04:00,2.0,2.0,2.0,2.0,345,0.0,0.0
2023-10-11 12:30:00-04:00,2.009999990463257,2.011399984359741,2.0,2.011399984359741,1297,0.0,0.0
2023-10-11 14:30:00-04:00,2.0199999809265137,2.0199999809265137,2.0199999809265137,2.0199999809265137,983,0.0,0.0
2023-10-11 15:30:00-04:00,2.0199999809265137,2.0199999809265137,2.0,2.0,4753,0.0,0.0
2023-10-12 09:30:00-04:00,2.0,2.0,1.9900000095367432,2.0,6242,0.0,0.0
2023-10-12 10:30:00-04:00,2.0,2.0,1.9773999452590942,1.9900000095367432,2835,0.0,0.0
2023-10-12 11:30:00-04:00,2.0,2.0,1.9800000190734863,2.0,1227,0.0,0.0
2023-10-12 12:30:00-04:00,1.997499942779541,2.0,1.997499942779541,2.0,796,0.0,0.0
2023-10-12 13:30:00-04:00,2.0,2.0,1.9900000095367432,2.0,3695,0.0,0.0
2023-10-12 14:30:00-04:00,2.0,2.0,1.9850000143051147,2.0,1962,0.0,0.0
2023-10-12 15:30:00-04:00,2.0,2.0,2.0,2.0,292,0.0,0.0
2023-10-13 09:30:00-04:00,1.9800000190734863,2.0,1.9800000190734863,2.0,7162,0.0,0.0
2023-10-13 10:30:00-04:00,1.9900000095367432,2.0,1.9900000095367432,1.9900000095367432,956,0.0,0.0
2023-10-13 11:30:00-04:00,1.9950000047683716,2.009999990463257,1.983199954032898,1.983199954032898,13595,0.0,0.0
2023-10-13 12:30:00-04:00,1.9900000095367432,1.9950000047683716,1.9800000190734863,1.9800000190734863,1741,0.0,0.0
2023-10-13 13:30:00-04:00,1.9900000095367432,2.0,1.9800000190734863,1.9900000095367432,1165,0.0,0.0
2023-10-13 14:30:00-04:00,1.9900000095367432,2.0,1.9800000190734863,1.9800000190734863,825,0.0,0.0
2023-10-13 15:30:00-04:00,2.0,2.0,1.9900000095367432,2.0,2472,0.0,0.0
2023-10-16 09:30:00-04:00,2.0199999809265137,2.069999933242798,2.0199999809265137,2.059999942779541,5127,0.0,0.0
2023-10-16 10:30:00-04:00,2.075000047683716,2.0799999237060547,2.049999952316284,2.049999952316284,3232,0.0,0.0
2023-10-16 11:30:00-04:00,2.055000066757202,2.0799999237060547,2.049999952316284,2.069999933242798,1341,0.0,0.0
2023-10-16 12:30:00-04:00,2.069999933242798,2.0799999237060547,2.0606000423431396,2.0606000423431396,4652,0.0,0.0
2023-10-16 13:30:00-04:00,2.0850000381469727,2.0850000381469727,2.0850000381469727,2.0850000381469727,100,0.0,0.0
2023-10-16 14:30:00-04:00,2.0850000381469727,2.0899999141693115,2.059999942779541,2.0799999237060547,4262,0.0,0.0
2023-10-16 15:30:00-04:00,2.0799999237060547,2.0799999237060547,2.0199999809265137,2.0299999713897705,5734,0.0,0.0
2023-10-17 09:30:00-04:00,2.0,2.0399999618530273,2.0,2.0299999713897705,4963,0.0,0.0
2023-10-17 10:30:00-04:00,2.049999952316284,2.059999942779541,2.049999952316284,2.059999942779541,3226,0.0,0.0
2023-10-17 11:30:00-04:00,2.069999933242798,2.069999933242798,2.069999933242798,2.069999933242798,1939,0.0,0.0
2023-10-17 12:30:00-04:00,2.0799999237060547,2.0899999141693115,2.0799999237060547,2.0899999141693115,3280,0.0,0.0
2023-10-17 14:30:00-04:00,2.0799999237060547,2.0799999237060547,2.059999942779541,2.059999942779541,3872,0.0,0.0
2023-10-17 15:30:00-04:00,2.049999952316284,2.049999952316284,2.0,2.009999990463257,13462,0.0,0.0
2023-10-18 09:30:00-04:00,2.0,2.0299999713897705,2.0,2.0199999809265137,0,0.0,0.0
2023-10-18 10:30:00-04:00,2.0,2.0,2.0,2.0,471,0.0,0.0
2023-10-18 11:30:00-04:00,2.006700038909912,2.006700038909912,2.006700038909912,2.006700038909912,508,0.0,0.0
2023-10-18 12:30:00-04:00,2.0,2.0299999713897705,2.0,2.0299999713897705,227,0.0,0.0
2023-10-18 13:30:00-04:00,2.0,2.0199999809265137,2.0,2.0199999809265137,840,0.0,0.0
2023-10-18 14:30:00-04:00,2.012399911880493,2.012399911880493,2.012399911880493,2.012399911880493,353,0.0,0.0
2023-10-18 15:30:00-04:00,2.0199999809265137,2.0199999809265137,2.0199999809265137,2.0199999809265137,405,0.0,0.0
2023-10-19 09:30:00-04:00,1.9917999505996704,2.0,1.979599952697754,1.979599952697754,585,0.0,0.0
2023-10-19 10:30:00-04:00,1.9900000095367432,2.0,1.9900000095367432,2.0,4535,0.0,0.0
2023-10-19 11:30:00-04:00,2.0,2.0,1.9800000190734863,1.9800000190734863,1462,0.0,0.0
2023-10-19 12:30:00-04:00,2.009999990463257,2.009999990463257,1.9900000095367432,1.9904999732971191,2824,0.0,0.0
2023-10-19 15:30:00-04:00,2.0076000690460205,2.009999990463257,2.0,2.009999990463257,965,0.0,0.0
2023-10-20 09:30:00-04:00,2.0,2.0,1.9818999767303467,1.9818999767303467,1041,0.0,0.0
2023-10-20 10:30:00-04:00,1.9900000095367432,2.0,1.9800000190734863,1.9900000095367432,7710,0.0,0.0
2023-10-20 11:30:00-04:00,2.0,2.009999990463257,2.0,2.009999990463257,974,0.0,0.0
2023-10-20 12:30:00-04:00,2.009999990463257,2.0199999809265137,2.0,2.0199999809265137,7789,0.0,0.0
2023-10-20 13:30:00-04:00,2.0025999546051025,2.009999990463257,2.0,2.009999990463257,433,0.0,0.0
2023-10-20 14:30:00-04:00,2.009999990463257,2.009999990463257,2.005000114440918,2.005000114440918,1836,0.0,0.0
2023-10-20 15:30:00-04:00,2.0199999809265137,2.0199999809265137,2.01990008354187,2.01990008354187,527,0.0,0.0
2023-10-23 09:30:00-04:00,2.0,2.0,1.9300999641418457,2.0,0,0.0,0.0
2023-10-23 10:30:00-04:00,1.9450000524520874,1.9900000095367432,1.9400999546051025,1.9800000190734863,1823,0.0,0.0
2023-10-23 11:30:00-04:00,1.9600000381469727,1.9800000190734863,1.9299999475479126,1.9299999475479126,6208,0.0,0.0
2023-10-23 13:30:00-04:00,1.9500000476837158,1.9500000476837158,1.9325000047683716,1.9325000047683716,490,0.0,0.0
2023-10-23 14:30:00-04:00,1.9600000381469727,1.9600000381469727,1.9600000381469727,1.9600000381469727,179,0.0,0.0
2023-10-23 15:30:00-04:00,1.9500000476837158,1.9500000476837158,1.9500000476837158,1.9500000476837158,326,0.0,0.0
2023-10-24 09:30:00-04:00,1.909999966621399,1.940000057220459,1.909999966621399,1.940000057220459,4561,0.0,0.0
2023-10-24 11:30:00-04:00,1.940000057220459,1.940000057220459,1.940000057220459,1.940000057220459,495,0.0,0.0
2023-10-24 12:30:00-04:00,1.9222999811172485,1.9500000476837158,1.9222999811172485,1.9500000476837158,1709,0.0,0.0
2023-10-24 13:30:00-04:00,1.9407999515533447,1.9500000476837158,1.9407999515533447,1.9500000476837158,1010,0.0,0.0
2023-10-24 14:30:00-04:00,1.9600000381469727,1.9600000381469727,1.9199999570846558,1.9199999570846558,375,0.0,0.0
2023-10-24 15:30:00-04:00,1.940000057220459,1.940000057220459,1.934999942779541,1.940000057220459,3392,0.0,0.0
2023-10-25 09:30:00-04:00,1.9299999475479126,1.9900000095367432,1.9299999475479126,1.9600000381469727,0,0.0,0.0
2023-10-25 10:30:00-04:00,1.9600000381469727,1.9800000190734863,1.9459999799728394,1.9459999799728394,2778,0.0,0.0
2023-10-25 11:30:00-04:00,1.9700000286102295,1.9700000286102295,1.9299999475479126,1.9600000381469727,1581,0.0,0.0
2023-10-25 12:30:00-04:00,1.9600000381469727,1.9800000190734863,1.9600000381469727,1.9700000286102295,471,0.0,0.0
2023-10-25 13:30:00-04:00,1.9700000286102295,1.9800000190734863,1.9700000286102295,1.9800000190734863,380,0.0,0.0
2023-10-25 14:30:00-04:00,1.9900000095367432,1.9900000095367432,1.9500000476837158,1.9900000095367432,529,0.0,0.0
2023-10-25 15:30:00-04:00,1.9550000429153442,1.9800000190734863,1.9550000429153442,1.9800000190734863,3316,0.0,0.0
2023-10-26 09:30:00-04:00,1.940000057220459,1.9800000190734863,1.909999966621399,1.9800000190734863,4945,0.0,0.0
2023-10-26 10:30:00-04:00,1.9800000190734863,1.9800000190734863,1.940000057220459,1.9500000476837158,3109,0.0,0.0
2023-10-26 11:30:00-04:00,1.9450000524520874,1.9450000524520874,1.9450000524520874,1.9450000524520874,148,0.0,0.0
2023-10-26 12:30:00-04:00,1.9474999904632568,1.9500000476837158,1.9199999570846558,1.9199999570846558,2752,0.0,0.0
2023-10-26 13:30:00-04:00,1.9220000505447388,1.9220000505447388,1.9220000505447388,1.9220000505447388,505,0.0,0.0
2023-10-26 14:30:00-04:00,1.9199999570846558,1.9199999570846558,1.9199999570846558,1.9199999570846558,144,0.0,0.0
2023-10-26 15:30:00-04:00,1.9299999475479126,1.940000057220459,1.9299999475479126,1.940000057220459,2379,0.0,0.0
2023-10-27 09:30:00-04:00,1.9500000476837158,1.9500000476837158,1.9199999570846558,1.9199999570846558,553,0.0,0.0
2023-10-27 10:30:00-04:00,1.9199999570846558,1.940000057220459,1.9199999570846558,1.940000057220459,480,0.0,0.0
2023-10-27 15:30:00-04:00,1.909999966621399,1.9299999475479126,1.909999966621399,1.9199999570846558,1006,0.0,0.0
2023-10-30 09:30:00-04:00,1.9500000476837158,1.9500000476837158,1.9120999574661255,1.9299999475479126,0,0.0,0.0
2023-10-30 10:30:00-04:00,1.9199999570846558,1.9199999570846558,1.909999966621399,1.9154000282287598,1173,0.0,0.0
2023-10-30 11:30:00-04:00,1.9299999475479126,1.9299999475479126,1.9299999475479126,1.9299999475479126,248,0.0,0.0
2023-10-30 12:30:00-04:00,1.9299999475479126,1.9299999475479126,1.9299999475479126,1.9299999475479126,775,0.0,0.0
2023-10-30 13:30:00-04:00,1.9199999570846558,1.9199999570846558,1.9199999570846558,1.9199999570846558,2790,0.0,0.0
2023-10-30 14:30:00-04:00,1.9600000381469727,1.9600000381469727,1.9199999570846558,1.9199999570846558,1358,0.0,0.0
2023-10-30 15:30:00-04:00,1.9550000429153442,1.9550000429153442,1.940000057220459,1.9550000429153442,1613,0.0,0.0
2023-10-31 09:30:00-04:00,2.0,2.0,1.9199999570846558,1.940000057220459,838,0.0,0.0
2023-10-31 11:30:00-04:00,1.9199999570846558,1.9199999570846558,1.909999966621399,1.909999966621399,1944,0.0,0.0
2023-10-31 12:30:00-04:00,1.9148000478744507,1.9148000478744507,1.909999966621399,1.909999966621399,729,0.0,0.0
2023-11-01 09:30:00-04:00,1.940000057220459,1.940000057220459,1.8700000047683716,1.8890000581741333,2568,0.0,0.0
2023-11-01 10:30:00-04:00,1.8799999952316284,1.899999976158142,1.8799999952316284,1.899999976158142,687,0.0,0.0
2023-11-01 11:30:00-04:00,1.899999976158142,1.899999976158142,1.8899999856948853,1.8899999856948853,1210,0.0,0.0
2023-11-01 12:30:00-04:00,1.871999979019165,1.8899999856948853,1.8700000047683716,1.8700000047683716,1074,0.0,0.0
2023-11-01 13:30:00-04:00,1.8899999856948853,1.8899999856948853,1.8700000047683716,1.8700000047683716,1496,0.0,0.0
2023-11-01 14:30:00-04:00,1.8700000047683716,1.8799999952316284,1.8700000047683716,1.8799999952316284,3600,0.0,0.0
2023-11-01 15:30:00-04:00,1.8899999856948853,1.8899999856948853,1.8799999952316284,1.8799999952316284,1444,0.0,0.0
2023-11-02 09:30:00-04:00,1.898900032043457,1.898900032043457,1.898900032043457,1.898900032043457,564,0.0,0.0
2023-11-02 14:30:00-04:00,1.8799999952316284,1.9199999570846558,1.8600000143051147,1.8700000047683716,8855,0.0,0.0
2023-11-02 15:30:00-04:00,1.8899999856948853,1.8899999856948853,1.8782999515533447,1.8899999856948853,3030,0.0,0.0
2023-11-03 09:30:00-04:00,1.9299999475479126,1.9299999475479126,1.9198999404907227,1.9198999404907227,0,0.0,0.0
2023-11-03 10:30:00-04:00,1.899999976158142,1.899999976158142,1.899999976158142,1.899999976158142,101,0.0,0.0
2023-11-03 11:30:00-04:00,1.9067000150680542,1.9067000150680542,1.899999976158142,1.899999976158142,1095,0.0,0.0
2023-11-03 15:30:00-04:00,1.9199999570846558,1.9199999570846558,1.9199999570846558,1.9199999570846558,100,0.0,0.0
2023-11-06 09:30:00-05:00,1.8799999952316284,1.899999976158142,1.8799999952316284,1.899999976158142,0,0.0,0.0
2023-11-06 10:30:00-05:00,1.8899999856948853,1.9199999570846558,1.8899999856948853,1.9199999570846558,425,0.0,0.0
2023-11-06 11:30:00-05:00,1.909999966621399,1.909999966621399,1.8899999856948853,1.8899999856948853,359,0.0,0.0
2023-11-06 12:30:00-05:00,1.899999976158142,1.899999976158142,1.899999976158142,1.899999976158142,2313,0.0,0.0
2023-11-06 13:30:00-05:00,1.9049999713897705,1.9049999713897705,1.9049999713897705,1.9049999713897705,252,0.0,0.0
2023-11-06 14:30:00-05:00,1.9117000102996826,1.9117000102996826,1.9117000102996826,1.9117000102996826,4234,0.0,0.0
2023-11-06 15:30:00-05:00,1.8700000047683716,1.8899999856948853,1.850000023841858,1.850000023841858,1162,0.0,0.0
2023-11-07 09:30:00-05:00,1.9299999475479126,1.9500000476837158,1.9299999475479126,1.9500000476837158,1259,0.0,0.0
2023-11-07 10:30:00-05:00,1.940000057220459,1.940000057220459,1.940000057220459,1.940000057220459,1751,0.0,0.0
2023-11-07 11:30:00-05:00,1.9500000476837158,1.9500000476837158,1.9500000476837158,1.9500000476837158,263,0.0,0.0
2023-11-07 12:30:00-05:00,1.9499000310897827,1.9499000310897827,1.9499000310897827,1.9499000310897827,253,0.0,0.0
2023-11-07 13:30:00-05:00,1.9199999570846558,1.9299999475479126,1.909999966621399,1.9299999475479126,2157,0.0,0.0
2023-11-07 14:30:00-05:00,1.899999976158142,1.899999976158142,1.899999976158142,1.899999976158142,380,0.0,0.0
2023-11-07 15:30:00-05:00,1.899999976158142,1.899999976158142,1.840000033378601,1.840000033378601,2218,0.0,0.0
2023-11-08 09:30:00-05:00,1.909999966621399,1.9199999570846558,1.8600000143051147,1.8899999856948853,0,0.0,0.0
2023-11-08 14:30:00-05:00,1.8799999952316284,1.8799999952316284,1.8799999952316284,1.8799999952316284,119,0.0,0.0
2023-11-08 15:30:00-05:00,1.850000023841858,1.850000023841858,1.850000023841858,1.850000023841858,419,0.0,0.0
2023-11-09 09:30:00-05:00,1.840000033378601,1.8899999856948853,1.809999942779541,1.8899999856948853,0,0.0,0.0
2023-11-09 10:30:00-05:00,1.8700000047683716,1.8700000047683716,1.8700000047683716,1.8700000047683716,404,0.0,0.0
2023-11-09 12:30:00-05:00,1.809999942779541,1.8100999593734741,1.809999942779541,1.8100999593734741,959,0.0,0.0
2023-11-09 14:30:00-05:00,1.7999999523162842,1.7999999523162842,1.7899999618530273,1.7999999523162842,7407,0.0,0.0
2023-11-09 15:30:00-05:00,1.7999999523162842,1.7999999523162842,1.75,1.75,2745,0.0,0.0
2023-11-10 10:30:00-05:00,1.8350000381469727,1.8350000381469727,1.8200000524520874,1.8200000524520874,619,0.0,0.0
2023-11-10 12:30:00-05:00,1.809999942779541,1.840000033378601,1.809999942779541,1.8200000524520874,804,0.0,0.0
2023-11-10 13:30:00-05:00,1.840000033378601,1.840000033378601,1.7999999523162842,1.7999999523162842,2099,0.0,0.0
2023-11-10 14:30:00-05:00,1.7899999618530273,1.809999942779541,1.7799999713897705,1.809999942779541,2791,0.0,0.0
2023-11-10 15:30:00-05:00,1.7899999618530273,1.7999999523162842,1.7899999618530273,1.7999999523162842,480,0.0,0.0
2023-11-13 09:30:00-05:00,1.75,1.75,1.75,1.75,0,0.0,0.0
2023-11-13 11:30:00-05:00,1.7899999618530273,1.809999942779541,1.7699999809265137,1.809999942779541,1510,0.0,0.0
2023-11-13 12:30:00-05:00,1.7908999919891357,1.7908999919891357,1.7899999618530273,1.7899999618530273,1008,0.0,0.0
2023-11-13 13:30:00-05:00,1.7899999618530273,1.7900999784469604,1.7599999904632568,1.7599999904632568,808,0.0,0.0
2023-11-13 14:30:00-05:00,1.784999966621399,1.7999999523162842,1.784999966621399,1.7999999523162842,2775,0.0,0.0
2023-11-13 15:30:00-05:00,1.7899999618530273,1.7899999618530273,1.7899999618530273,1.7899999618530273,1004,0.0,0.0
2023-11-14 09:30:00-05:00,1.840000033378601,1.840000033378601,1.7599999904632568,1.7799999713897705,2374,0.0,0.0
2023-11-14 10:30:00-05:00,1.7730000019073486,1.7918000221252441,1.7584999799728394,1.784999966621399,10090,0.0,0.0
2023-11-14 11:30:00-05:00,1.7699999809265137,1.7699999809265137,1.7699999809265137,1.7699999809265137,464,0.0,0.0
2023-11-14 12:30:00-05:00,1.7990000247955322,1.7999999523162842,1.7699999809265137,1.7899999618530273,2361,0.0,0.0
2023-11-14 13:30:00-05:00,1.7900999784469604,1.7908999919891357,1.7799999713897705,1.7799999713897705,1730,0.0,0.0
2023-11-14 15:30:00-05:00,1.788100004196167,1.7899999618530273,1.7699999809265137,1.7699999809265137,1902,0.0,0.0
2023-11-15 09:30:00-05:00,1.75,1.8200000524520874,1.75,1.7900999784469604,2015,0.0,0.0
2023-11-15 10:30:00-05:00,1.7826000452041626,1.809999942779541,1.7799999713897705,1.7999999523162842,2207,0.0,0.0
2023-11-15 11:30:00-05:00,1.8200000524520874,1.8200000524520874,1.7999999523162842,1.7999999523162842,1478,0.0,0.0
2023-11-15 12:30:00-05:00,1.7899999618530273,1.7899999618530273,1.7899999618530273,1.7899999618530273,160,0.0,0.0
2023-11-15 13:30:00-05:00,1.8200000524520874,1.8200000524520874,1.8200000524520874,1.8200000524520874,100,0.0,0.0
2023-11-15 14:30:00-05:00,1.7888000011444092,1.8200000524520874,1.7888000011444092,1.8200000524520874,1147,0.0,0.0
2023-11-15 15:30:00-05:00,1.7999999523162842,1.7999999523162842,1.7999999523162842,1.7999999523162842,658,0.0,0.0
2023-11-16 09:30:00-05:00,1.75,1.7799999713897705,1.75,1.75,1999,0.0,0.0
2023-11-16 10:30:00-05:00,1.7699999809265137,1.7699999809265137,1.7599999904632568,1.7599999904632568,700,0.0,0.0
2023-11-16 11:30:00-05:00,1.75,1.75,1.7200000286102295,1.7200000286102295,6571,0.0,0.0
2023-11-16 12:30:00-05:00,1.7200000286102295,1.7200000286102295,1.7200000286102295,1.7200000286102295,391,0.0,0.0
2023-11-16 13:30:00-05:00,1.7100000381469727,1.7100000381469727,1.7100000381469727,1.7100000381469727,100,0.0,0.0
2023-11-16 14:30:00-05:00,1.7211999893188477,1.7300000190734863,1.7211999893188477,1.7300000190734863,6888,0.0,0.0
2023-11-16 15:30:00-05:00,1.7300000190734863,1.7599999904632568,1.7300000190734863,1.7599999904632568,2125,0.0,0.0
2023-11-17 09:30:00-05:00,1.7599999904632568,1.789199948310852,1.7599999904632568,1.7799999713897705,1836,0.0,0.0
2023-11-17 11:30:00-05:00,1.81850004196167,1.81850004196167,1.7700999975204468,1.7700999975204468,312,0.0,0.0
2023-11-17 13:30:00-05:00,1.7699999809265137,1.7699999809265137,1.7699999809265137,1.7699999809265137,119,0.0,0.0
2023-11-17 14:30:00-05:00,1.8291000127792358,1.8291000127792358,1.781999945640564,1.781999945640564,383,0.0,0.0
2023-11-17 15:30:00-05:00,1.7999999523162842,1.7999999523162842,1.7599999904632568,1.7599999904632568,2470,0.0,0.0
2023-11-20 09:30:00-05:00,1.9900000095367432,2.1600000858306885,1.9299999475479126,2.049999952316284,3554759,0.0,0.0
2023-11-20 10:30:00-05:00,2.059999942779541,2.0799999237060547,2.009999990463257,2.0394999980926514,189362,0.0,0.0
2023-11-20 11:30:00-05:00,2.0199999809265137,2.059999942779541,1.9500000476837158,1.9925999641418457,197693,0.0,0.0
2023-11-20 12:30:00-05:00,2.0,2.0,1.9299999475479126,1.9299999475479126,100930,0.0,0.0
2023-11-20 13:30:00-05:00,1.9299999475479126,1.9900000095367432,1.9299999475479126,1.9500000476837158,57231,0.0,0.0
2023-11-20 14:30:00-05:00,1.9500000476837158,1.9600000381469727,1.850000023841858,1.8575999736785889,135275,0.0,0.0
2023-11-20 15:30:00-05:00,1.850000023841858,2.059999942779541,1.850000023841858,2.0490000247955322,185754,0.0,0.0
2023-11-21 09:30:00-05:00,1.9500000476837158,1.9500000476837158,1.850000023841858,1.8700000047683716,166734,0.0,0.0
2023-11-21 10:30:00-05:00,1.8700000047683716,1.8799999952316284,1.8600000143051147,1.8799999952316284,16910,0.0,0.0
2023-11-21 11:30:00-05:00,1.8799999952316284,1.899999976158142,1.8600000143051147,1.8600000143051147,5193,0.0,0.0
2023-11-21 12:30:00-05:00,1.8700000047683716,1.9199999570846558,1.8700000047683716,1.9199999570846558,23966,0.0,0.0
2023-11-21 13:30:00-05:00,1.919100046157837,1.9199999570846558,1.8600000143051147,1.8600000143051147,9151,0.0,0.0
2023-11-21 14:30:00-05:00,1.8799999952316284,1.8799999952316284,1.8600000143051147,1.8700000047683716,8027,0.0,0.0
2023-11-21 15:30:00-05:00,1.8650000095367432,1.899999976158142,1.8600000143051147,1.899999976158142,15895,0.0,0.0
2023-11-22 09:30:00-05:00,1.8200000524520874,1.8200000524520874,1.7699999809265137,1.7879999876022339,45613,0.0,0.0
2023-11-22 10:30:00-05:00,1.7899999618530273,1.7899999618530273,1.7599999904632568,1.7798999547958374,11691,0.0,0.0
2023-11-22 11:30:00-05:00,1.774999976158142,1.7899999618530273,1.7698999643325806,1.7899999618530273,6803,0.0,0.0
2023-11-22 12:30:00-05:00,1.7799999713897705,1.7999999523162842,1.7799999713897705,1.7901999950408936,6683,0.0,0.0
2023-11-22 13:30:00-05:00,1.7999999523162842,1.8799999952316284,1.7949999570846558,1.8799999952316284,18308,0.0,0.0
2023-11-22 14:30:00-05:00,1.8799999952316284,1.899999976158142,1.875,1.899999976158142,25389,0.0,0.0
2023-11-22 15:30:00-05:00,1.899999976158142,1.899999976158142,1.8899999856948853,1.8949999809265137,17207,0.0,0.0
2023-11-24 09:30:00-05:00,1.850000023841858,1.899999976158142,1.850000023841858,1.8600000143051147,15301,0.0,0.0
2023-11-24 10:30:00-05:00,1.850000023841858,1.8799999952316284,1.8451999425888062,1.8600000143051147,2766,0.0,0.0
2023-11-24 11:30:00-05:00,1.850000023841858,1.8700000047683716,1.850000023841858,1.8600000143051147,2172,0.0,0.0
2023-11-27 09:30:00-05:00,1.7599999904632568,1.8300000429153442,1.7599999904632568,1.8008999824523926,18348,0.0,0.0
2023-11-27 10:30:00-05:00,1.8097000122070312,1.8101999759674072,1.7999999523162842,1.8101999759674072,4312,0.0,0.0
2023-11-27 12:30:00-05:00,1.815000057220459,1.8200000524520874,1.815000057220459,1.8200000524520874,2260,0.0,0.0
2023-11-27 13:30:00-05:00,1.8200000524520874,1.8300000429153442,1.8200000524520874,1.8300000429153442,2219,0.0,0.0
2023-11-27 14:30:00-05:00,1.8200000524520874,1.840000033378601,1.8200000524520874,1.8300000429153442,4109,0.0,0.0
2023-11-27 15:30:00-05:00,1.850000023841858,1.850000023841858,1.7899999618530273,1.7999999523162842,8259,0.0,0.0
2023-11-28 09:30:00-05:00,1.809999942779541,1.840000033378601,1.7799999713897705,1.840000033378601,21594,0.0,0.0
2023-11-28 10:30:00-05:00,1.840000033378601,1.840000033378601,1.8300000429153442,1.8350000381469727,2813,0.0,0.0
2023-11-28 11:30:00-05:00,1.8300000429153442,1.840000033378601,1.7999999523162842,1.7999999523162842,3138,0.0,0.0
2023-11-28 12:30:00-05:00,1.830199956893921,1.840000033378601,1.8300000429153442,1.840000033378601,3183,0.0,0.0
2023-11-28 13:30:00-05:00,1.8300000429153442,1.840000033378601,1.7899999618530273,1.8300000429153442,3851,0.0,0.0
2023-11-28 14:30:00-05:00,1.840000033378601,1.850000023841858,1.8200000524520874,1.850000023841858,6125,0.0,0.0
2023-11-28 15:30:00-05:00,1.840000033378601,1.850000023841858,1.8300000429153442,1.840000033378601,3016,0.0,0.0
2023-11-29 09:30:00-05:00,1.850000023841858,1.850000023841858,1.7899999618530273,1.8021999597549438,12960,0.0,0.0
2023-11-29 10:30:00-05:00,1.8049999475479126,1.8049999475479126,1.7899999618530273,1.7899999618530273,1205,0.0,0.0
2023-11-29 11:30:00-05:00,1.7920000553131104,1.7999999523162842,1.7899999618530273,1.7999999523162842,849,0.0,0.0
2023-11-29 12:30:00-05:00,1.7999999523162842,1.809999942779541,1.7999999523162842,1.8000999689102173,1392,0.0,0.0
2023-11-29 13:30:00-05:00,1.8200000524520874,1.8200000524520874,1.7999999523162842,1.7999999523162842,646,0.0,0.0
2023-11-29 14:30:00-05:00,1.7999999523162842,1.809999942779541,1.7899999618530273,1.7899999618530273,1479,0.0,0.0
2023-11-29 15:30:00-05:00,1.8200000524520874,1.840000033378601,1.8200000524520874,1.8300000429153442,3371,0.0,0.0
2023-11-30 09:30:00-05:00,1.75,1.8200000524520874,1.75,1.7699999809265137,10381,0.0,0.0
2023-11-30 10:30:00-05:00,1.7899999618530273,1.8036999702453613,1.7699999809265137,1.7699999809265137,3628,0.0,0.0
2023-11-30 11:30:00-05:00,1.7782000303268433,1.7782000303268433,1.7699999809265137,1.7699999809265137,2323,0.0,0.0
2023-11-30 12:30:00-05:00,1.7797000408172607,1.8193000555038452,1.7599999904632568,1.7899999618530273,8346,0.0,0.0
2023-11-30 13:30:00-05:00,1.7799999713897705,1.8200000524520874,1.7699999809265137,1.8200000524520874,1974,0.0,0.0
2023-11-30 14:30:00-05:00,1.8181999921798706,1.8181999921798706,1.809999942779541,1.809999942779541,985,0.0,0.0
2023-11-30 15:30:00-05:00,1.8200000524520874,1.8200000524520874,1.7599999904632568,1.8200000524520874,4803,0.0,0.0
2023-12-01 09:30:00-05:00,1.75,1.7699999809265137,1.75,1.7604999542236328,5372,0.0,0.0
2023-12-01 10:30:00-05:00,1.7699999809265137,1.7799999713897705,1.7599999904632568,1.7618999481201172,1969,0.0,0.0
2023-12-01 11:30:00-05:00,1.7792999744415283,1.7799999713897705,1.7618000507354736,1.7799999713897705,721,0.0,0.0
2023-12-01 12:30:00-05:00,1.7599999904632568,1.7999999523162842,1.7599999904632568,1.7999999523162842,4095,0.0,0.0
2023-12-01 13:30:00-05:00,1.7899999618530273,1.809999942779541,1.7899999618530273,1.7999999523162842,1560,0.0,0.0
2023-12-01 14:30:00-05:00,1.7899999618530273,1.809999942779541,1.7799999713897705,1.809999942779541,2661,0.0,0.0
2023-12-01 15:30:00-05:00,1.809999942779541,1.809999942779541,1.7799999713897705,1.7999999523162842,2837,0.0,0.0
2023-12-04 09:30:00-05:00,1.7000000476837158,1.7899999618530273,1.7000000476837158,1.7699999809265137,47081,0.0,0.0
2023-12-04 10:30:00-05:00,1.760699987411499,1.7699999809265137,1.7599999904632568,1.7684999704360962,9048,0.0,0.0
2023-12-04 11:30:00-05:00,1.7649999856948853,1.7649999856948853,1.7599999904632568,1.7599999904632568,779,0.0,0.0
2023-12-04 12:30:00-05:00,1.7599999904632568,1.7649999856948853,1.7599999904632568,1.7599999904632568,1474,0.0,0.0
2023-12-04 13:30:00-05:00,1.7599999904632568,1.7599999904632568,1.7000000476837158,1.7300000190734863,13729,0.0,0.0
2023-12-04 14:30:00-05:00,1.7200000286102295,1.7400000095367432,1.7200000286102295,1.7400000095367432,2319,0.0,0.0
2023-12-04 15:30:00-05:00,1.7350000143051147,1.7400000095367432,1.7300000190734863,1.7400000095367432,2298,0.0,0.0
2023-12-05 09:30:00-05:00,1.7400000095367432,1.7400000095367432,1.7100000381469727,1.7300000190734863,12510,0.0,0.0
2023-12-05 10:30:00-05:00,1.7200000286102295,1.7400000095367432,1.7100000381469727,1.7100000381469727,9069,0.0,0.0
2023-12-05 11:30:00-05:00,1.7100000381469727,1.7400000095367432,1.7100000381469727,1.7400000095367432,877,0.0,0.0
2023-12-05 12:30:00-05:00,1.7200000286102295,1.7400000095367432,1.7200000286102295,1.7200000286102295,647,0.0,0.0
2023-12-05 13:30:00-05:00,1.7200000286102295,1.7300000190734863,1.7200000286102295,1.7300000190734863,458,0.0,0.0
2023-12-05 14:30:00-05:00,1.7300000190734863,1.75,1.7200000286102295,1.75,6289,0.0,0.0
2023-12-05 15:30:00-05:00,1.7400000095367432,1.7400000095367432,1.7100000381469727,1.7300000190734863,2175,0.0,0.0
2023-12-06 09:30:00-05:00,1.7300000190734863,1.732200026512146,1.7200000286102295,1.732200026512146,1492,0.0,0.0
2023-12-06 10:30:00-05:00,1.7300000190734863,1.7300000190734863,1.6998000144958496,1.7100000381469727,8846,0.0,0.0
2023-12-06 11:30:00-05:00,1.718999981880188,1.7200000286102295,1.7000000476837158,1.7200000286102295,991,0.0,0.0
2023-12-06 12:30:00-05:00,1.7200000286102295,1.7200000286102295,1.7200000286102295,1.7200000286102295,263,0.0,0.0
2023-12-06 13:30:00-05:00,1.7200000286102295,1.7200000286102295,1.690000057220459,1.6922999620437622,10493,0.0,0.0
2023-12-06 14:30:00-05:00,1.6919000148773193,1.7100000381469727,1.6799999475479126,1.7000000476837158,17120,0.0,0.0
2023-12-06 15:30:00-05:00,1.7100000381469727,1.7100000381469727,1.7000000476837158,1.7056000232696533,2416,0.0,0.0
2023-12-07 09:30:00-05:00,1.6799999475479126,1.75,1.6799999475479126,1.7400000095367432,24140,0.0,0.0
2023-12-07 10:30:00-05:00,1.7105000019073486,1.7200000286102295,1.7000000476837158,1.7100000381469727,3583,0.0,0.0
2023-12-07 11:30:00-05:00,1.7000000476837158,1.7300000190734863,1.7000000476837158,1.725000023841858,1897,0.0,0.0
2023-12-07 12:30:00-05:00,1.7300000190734863,1.7400000095367432,1.7236000299453735,1.7236000299453735,7883,0.0,0.0
2023-12-07 13:30:00-05:00,1.7400000095367432,1.7400000095367432,1.7100000381469727,1.7400000095367432,6318,0.0,0.0
2023-12-07 14:30:00-05:00,1.7200000286102295,1.7400000095367432,1.7143000364303589,1.7143000364303589,6338,0.0,0.0
2023-12-07 15:30:00-05:00,1.730299949645996,1.75,1.730299949645996,1.7400000095367432,4225,0.0,0.0
2023-12-08 09:30:00-05:00,1.7400000095367432,1.7400000095367432,1.7100000381469727,1.7200000286102295,1696,0.0,0.0
2023-12-08 10:30:00-05:00,1.7200000286102295,1.7201999425888062,1.7000000476837158,1.7200000286102295,1887,0.0,0.0
2023-12-08 11:30:00-05:00,1.7201000452041626,1.7699999809265137,1.7100000381469727,1.7699999809265137,7210,0.0,0.0
2023-12-08 12:30:00-05:00,1.7549999952316284,1.7549999952316284,1.7400000095367432,1.7400000095367432,1017,0.0,0.0
2023-12-08 13:30:00-05:00,1.7400000095367432,1.7599999904632568,1.7400000095367432,1.7400000095367432,2457,0.0,0.0
2023-12-08 14:30:00-05:00,1.75,1.75,1.7200000286102295,1.7300000190734863,1642,0.0,0.0
2023-12-08 15:30:00-05:00,1.7200000286102295,1.7300000190734863,1.7000000476837158,1.7200000286102295,5180,0.0,0.0
2023-12-11 09:30:00-05:00,1.659999966621399,1.7000000476837158,1.659999966621399,1.690000057220459,6960,0.0,0.0
2023-12-11 10:30:00-05:00,1.6871999502182007,1.6871999502182007,1.6699999570846558,1.6799999475479126,1780,0.0,0.0
2023-12-11 11:30:00-05:00,1.659999966621399,1.6799999475479126,1.659999966621399,1.6799999475479126,15883,0.0,0.0
2023-12-11 12:30:00-05:00,1.690000057220459,1.7100000381469727,1.690000057220459,1.7000000476837158,2337,0.0,0.0
2023-12-11 13:30:00-05:00,1.7000000476837158,1.7000000476837158,1.690000057220459,1.7000000476837158,1410,0.0,0.0
2023-12-11 14:30:00-05:00,1.7000000476837158,1.7000000476837158,1.7000000476837158,1.7000000476837158,155,0.0,0.0
2023-12-11 15:30:00-05:00,1.7000000476837158,1.7100000381469727,1.690000057220459,1.7100000381469727,10732,0.0,0.0
2023-12-12 09:30:00-05:00,1.7000000476837158,1.7100000381469727,1.6799999475479126,1.690000057220459,8050,0.0,0.0
2023-12-12 10:30:00-05:00,1.6799999475479126,1.6836999654769897,1.659999966621399,1.659999966621399,1672,0.0,0.0
2023-12-12 11:30:00-05:00,1.679900050163269,1.6799999475479126,1.659999966621399,1.6799999475479126,5337,0.0,0.0
2023-12-12 12:30:00-05:00,1.7100000381469727,1.7101000547409058,1.690000057220459,1.690000057220459,4041,0.0,0.0
2023-12-12 13:30:00-05:00,1.690000057220459,1.7100000381469727,1.690000057220459,1.7100000381469727,2423,0.0,0.0
2023-12-12 14:30:00-05:00,1.6902999877929688,1.6902999877929688,1.659999966621399,1.6699999570846558,12481,0.0,0.0
2023-12-12 15:30:00-05:00,1.6649999618530273,1.6699999570846558,1.649999976158142,1.659999966621399,3268,0.0,0.0
2023-12-13 09:30:00-05:00,1.6399999856948853,1.6399999856948853,1.565000057220459,1.5901999473571777,8519,0.0,0.0
2023-12-13 10:30:00-05:00,1.590000033378601,1.6150000095367432,1.590000033378601,1.600000023841858,10593,0.0,0.0
2023-12-13 11:30:00-05:00,1.6098999977111816,1.6098999977111816,1.590000033378601,1.5901000499725342,9947,0.0,0.0
2023-12-13 12:30:00-05:00,1.600000023841858,1.600000023841858,1.600000023841858,1.600000023841858,495,0.0,0.0
2023-12-13 13:30:00-05:00,1.6100000143051147,1.6100000143051147,1.6003999710083008,1.6003999710083008,956,0.0,0.0
2023-12-13 14:30:00-05:00,1.600000023841858,1.6100000143051147,1.590000033378601,1.6100000143051147,17119,0.0,0.0
2023-12-13 15:30:00-05:00,1.6050000190734863,1.6399999856948853,1.590000033378601,1.600000023841858,14168,0.0,0.0
2023-12-14 09:30:00-05:00,1.5499999523162842,1.5700000524520874,1.5499999523162842,1.559999942779541,12000,0.0,0.0
2023-12-14 10:30:00-05:00,1.5700000524520874,1.5700000524520874,1.5597000122070312,1.559999942779541,20170,0.0,0.0
2023-12-14 11:30:00-05:00,1.5600999593734741,1.565000057220459,1.5549999475479126,1.565000057220459,1555,0.0,0.0
2023-12-14 12:30:00-05:00,1.5700000524520874,1.5800000429153442,1.5700000524520874,1.5750000476837158,4652,0.0,0.0
2023-12-14 13:30:00-05:00,1.5750000476837158,1.5800000429153442,1.5700000524520874,1.5800000429153442,3079,0.0,0.0
2023-12-14 14:30:00-05:00,1.5750000476837158,1.5800000429153442,1.5700000524520874,1.5700000524520874,2347,0.0,0.0
2023-12-14 15:30:00-05:00,1.5700000524520874,1.5700000524520874,1.565000057220459,1.565000057220459,2943,0.0,0.0
2023-12-15 09:30:00-05:00,1.6100000143051147,1.6299999952316284,1.600000023841858,1.6299999952316284,6965,0.0,0.0
2023-12-15 10:30:00-05:00,1.6200000047683716,1.6200000047683716,1.6100000143051147,1.6116000413894653,1810,0.0,0.0
2023-12-15 11:30:00-05:00,1.6146999597549438,1.6187000274658203,1.6146999597549438,1.6187000274658203,561,0.0,0.0
2023-12-15 12:30:00-05:00,1.6299999952316284,1.6299999952316284,1.6299999952316284,1.6299999952316284,437,0.0,0.0
2023-12-15 13:30:00-05:00,1.6299999952316284,1.6302000284194946,1.6299999952316284,1.6299999952316284,2431,0.0,0.0
2023-12-15 14:30:00-05:00,1.625,1.6298999786376953,1.6200000047683716,1.6201000213623047,2758,0.0,0.0
2023-12-15 15:30:00-05:00,1.6200000047683716,1.6201000213623047,1.559999942779541,1.5700000524520874,12470,0.0,0.0
2023-12-18 09:30:00-05:00,1.5700000524520874,1.5800000429153442,1.559999942779541,1.559999942779541,3535,0.0,0.0
2023-12-18 10:30:00-05:00,1.5499999523162842,1.559999942779541,1.5499999523162842,1.559999942779541,598,0.0,0.0
2023-12-18 11:30:00-05:00,1.5508999824523926,1.5549999475479126,1.5499999523162842,1.5549999475479126,756,0.0,0.0
2023-12-18 12:30:00-05:00,1.5499999523162842,1.5499999523162842,1.5299999713897705,1.5397000312805176,3652,0.0,0.0
2023-12-18 13:30:00-05:00,1.5399999618530273,1.5399999618530273,1.5299999713897705,1.534999966621399,3126,0.0,0.0
2023-12-18 15:30:00-05:00,1.5210000276565552,1.5299999713897705,1.5199999809265137,1.5199999809265137,5506,0.0,0.0
2023-12-19 09:30:00-05:00,1.4900000095367432,1.5700000524520874,1.4900000095367432,1.5399999618530273,12656,0.0,0.0
2023-12-19 10:30:00-05:00,1.5299999713897705,1.5398000478744507,1.5199999809265137,1.534999966621399,5814,0.0,0.0
2023-12-19 11:30:00-05:00,1.531000018119812,1.5388000011444092,1.5299999713897705,1.5299999713897705,7243,0.0,0.0
2023-12-19 12:30:00-05:00,1.5299999713897705,1.5393999814987183,1.5199999809265137,1.524999976158142,5290,0.0,0.0
2023-12-19 13:30:00-05:00,1.5202000141143799,1.5202000141143799,1.5099999904632568,1.5149999856948853,3002,0.0,0.0
2023-12-19 14:30:00-05:00,1.5099999904632568,1.5299999713897705,1.5099999904632568,1.524999976158142,7159,0.0,0.0
2023-12-19 15:30:00-05:00,1.5299999713897705,1.5549999475479126,1.5299999713897705,1.5299999713897705,2548,0.0,0.0
2023-12-20 09:30:00-05:00,1.5399999618530273,1.5399999618530273,1.5299999713897705,1.5399999618530273,2262,0.0,0.0
2023-12-20 10:30:00-05:00,1.5399999618530273,1.5406999588012695,1.5399999618530273,1.5406999588012695,1071,0.0,0.0
2023-12-20 11:30:00-05:00,1.5499999523162842,1.5499999523162842,1.5399999618530273,1.5399999618530273,614,0.0,0.0
2023-12-20 12:30:00-05:00,1.5410000085830688,1.5410000085830688,1.5410000085830688,1.5410000085830688,200,0.0,0.0
2023-12-20 13:30:00-05:00,1.5499000549316406,1.5499999523162842,1.5499000549316406,1.5499999523162842,672,0.0,0.0
2023-12-20 14:30:00-05:00,1.5399999618530273,1.5399999618530273,1.5099999904632568,1.5199999809265137,6332,0.0,0.0
2023-12-20 15:30:00-05:00,1.5099999904632568,1.5099999904632568,1.5,1.5,4253,0.0,0.0
2023-12-21 09:30:00-05:00,1.5099999904632568,1.5399999618530273,1.5099999904632568,1.5149999856948853,4085,0.0,0.0
2023-12-21 10:30:00-05:00,1.5099999904632568,1.5099999904632568,1.4900000095367432,1.4900000095367432,10263,0.0,0.0
2023-12-21 11:30:00-05:00,1.4900000095367432,1.5,1.4800000190734863,1.4800000190734863,6880,0.0,0.0
2023-12-21 12:30:00-05:00,1.4901000261306763,1.4901000261306763,1.4800000190734863,1.4847999811172485,8498,0.0,0.0
2023-12-21 13:30:00-05:00,1.4800000190734863,1.4900000095367432,1.4800000190734863,1.4800000190734863,4232,0.0,0.0
2023-12-21 14:30:00-05:00,1.4900000095367432,1.5,1.4800000190734863,1.5,9392,0.0,0.0
2023-12-21 15:30:00-05:00,1.4900000095367432,1.5099999904632568,1.4800000190734863,1.4900000095367432,10040,0.0,0.0
2023-12-22 09:30:00-05:00,1.5,1.5,1.4199999570846558,1.440000057220459,23953,0.0,0.0
2023-12-22 10:30:00-05:00,1.4407999515533447,1.4500000476837158,1.440000057220459,1.4500000476837158,3901,0.0,0.0
2023-12-22 11:30:00-05:00,1.4500000476837158,1.4550000429153442,1.4450000524520874,1.4550000429153442,3719,0.0,0.0
2023-12-22 12:30:00-05:00,1.4500000476837158,1.4600000381469727,1.440000057220459,1.4550000429153442,4113,0.0,0.0
2023-12-22 13:30:00-05:00,1.4500000476837158,1.4550000429153442,1.4500000476837158,1.4500000476837158,2764,0.0,0.0
2023-12-22 14:30:00-05:00,1.4550000429153442,1.4599000215530396,1.4500000476837158,1.4500000476837158,2459,0.0,0.0
2023-12-22 15:30:00-05:00,1.4500000476837158,1.4600000381469727,1.4500000476837158,1.4500000476837158,5789,0.0,0.0
2023-12-26 09:30:00-05:00,1.4500000476837158,1.4500000476837158,1.399999976158142,1.399999976158142,37183,0.0,0.0
2023-12-26 10:30:00-05:00,1.399999976158142,1.409999966621399,1.399999976158142,1.399999976158142,18313,0.0,0.0
2023-12-26 11:30:00-05:00,1.4049999713897705,1.409999966621399,1.399999976158142,1.399999976158142,12062,0.0,0.0
2023-12-26 12:30:00-05:00,1.40910005569458,1.409999966621399,1.399999976158142,1.399999976158142,20805,0.0,0.0
2023-12-26 13:30:00-05:00,1.399999976158142,1.409999966621399,1.399999976158142,1.399999976158142,7084,0.0,0.0
2023-12-26 14:30:00-05:00,1.399999976158142,1.4049999713897705,1.3799999952316284,1.3899999856948853,22190,0.0,0.0
2023-12-26 15:30:00-05:00,1.3964999914169312,1.399999976158142,1.3799999952316284,1.3801000118255615,32553,0.0,0.0
2023-12-27 09:30:00-05:00,1.4199999570846558,1.4800000190734863,1.4199999570846558,1.475000023841858,40753,0.0,0.0
2023-12-27 10:30:00-05:00,1.4730000495910645,1.475000023841858,1.440000057220459,1.440000057220459,16516,0.0,0.0
2023-12-27 11:30:00-05:00,1.468500018119812,1.4700000286102295,1.440000057220459,1.440000057220459,5838,0.0,0.0
2023-12-27 12:30:00-05:00,1.4499000310897827,1.4499000310897827,1.440000057220459,1.440000057220459,491,0.0,0.0
2023-12-27 13:30:00-05:00,1.440000057220459,1.440000057220459,1.440000057220459,1.440000057220459,1559,0.0,0.0
2023-12-27 14:30:00-05:00,1.440000057220459,1.4500000476837158,1.4299999475479126,1.4500000476837158,4024,0.0,0.0
2023-12-27 15:30:00-05:00,1.4490000009536743,1.4500000476837158,1.4299999475479126,1.4485000371932983,4480,0.0,0.0
2023-12-28 09:30:00-05:00,1.4500000476837158,1.4500000476837158,1.399999976158142,1.4199999570846558,24946,0.0,0.0
2023-12-28 10:30:00-05:00,1.4199999570846558,1.4299999475479126,1.409999966621399,1.4299999475479126,8143,0.0,0.0
2023-12-28 11:30:00-05:00,1.4299999475479126,1.4500000476837158,1.4299999475479126,1.4299999475479126,1763,0.0,0.0
2023-12-28 12:30:00-05:00,1.4299999475479126,1.4299999475479126,1.4299999475479126,1.4299999475479126,832,0.0,0.0
2023-12-28 13:30:00-05:00,1.440000057220459,1.440000057220459,1.440000057220459,1.440000057220459,427,0.0,0.0
2023-12-28 14:30:00-05:00,1.440000057220459,1.440000057220459,1.4199999570846558,1.4199999570846558,14204,0.0,0.0
2023-12-28 15:30:00-05:00,1.4200999736785889,1.4299999475479126,1.399999976158142,1.409999966621399,52877,0.0,0.0
2023-12-29 09:30:00-05:00,1.399999976158142,1.4390000104904175,1.3899999856948853,1.409999966621399,62976,0.0,0.0
2023-12-29 10:30:00-05:00,1.440000057220459,1.4700000286102295,1.4299999475479126,1.4299999475479126,19605,0.0,0.0
2023-12-29 11:30:00-05:00,1.4469000101089478,1.4500000476837158,1.440000057220459,1.4499000310897827,2788,0.0,0.0
2023-12-29 12:30:00-05:00,1.4493999481201172,1.4500999450683594,1.4450000524520874,1.4500999450683594,11488,0.0,0.0
2023-12-29 13:30:00-05:00,1.4700000286102295,1.5,1.4700000286102295,1.4996000528335571,14024,0.0,0.0
2023-12-29 14:30:00-05:00,1.4966000318527222,1.5299999713897705,1.4900000095367432,1.4900000095367432,27672,0.0,0.0
2023-12-29 15:30:00-05:00,1.4982999563217163,1.5096999406814575,1.4900000095367432,1.5049999952316284,18764,0.0,0.0
2024-01-02 09:30:00-05:00,1.5199999809265137,1.5299999713897705,1.5099999904632568,1.5299999713897705,9561,0.0,0.0
2024-01-02 10:30:00-05:00,1.5299999713897705,1.5399999618530273,1.5199999809265137,1.5379999876022339,19562,0.0,0.0
2024-01-02 11:30:00-05:00,1.5299999713897705,1.5800000429153442,1.5299999713897705,1.5800000429153442,48628,0.0,0.0
2024-01-02 12:30:00-05:00,1.5800000429153442,1.6200000047683716,1.5700000524520874,1.6200000047683716,38208,0.0,0.0
2024-01-02 13:30:00-05:00,1.6299999952316284,1.7000000476837158,1.6200000047683716,1.659999966621399,48339,0.0,0.0
2024-01-02 14:30:00-05:00,1.6699999570846558,1.690000057220459,1.600000023841858,1.601699948310852,43491,0.0,0.0
2024-01-02 15:30:00-05:00,1.600000023841858,1.649999976158142,1.600000023841858,1.6200000047683716,36557,0.0,0.0
2024-01-03 09:30:00-05:00,1.6399999856948853,1.6399999856948853,1.5950000286102295,1.600000023841858,16649,0.0,0.0
2024-01-03 10:30:00-05:00,1.5901000499725342,1.600000023841858,1.590000033378601,1.5989999771118164,7065,0.0,0.0
2024-01-03 11:30:00-05:00,1.5901000499725342,1.6200000047683716,1.5901000499725342,1.6200000047683716,5561,0.0,0.0
2024-01-03 12:30:00-05:00,1.61489999294281,1.6150000095367432,1.5700000524520874,1.6021000146865845,14661,0.0,0.0
2024-01-03 13:30:00-05:00,1.6198999881744385,1.6198999881744385,1.6100000143051147,1.6100000143051147,2468,0.0,0.0
2024-01-03 14:30:00-05:00,1.6100000143051147,1.6102999448776245,1.600000023841858,1.600000023841858,14986,0.0,0.0
2024-01-03 15:30:00-05:00,1.5700000524520874,1.6200000047683716,1.5700000524520874,1.6200000047683716,8373,0.0,0.0
2024-01-04 09:30:00-05:00,1.6100000143051147,1.6200000047683716,1.559999942779541,1.600000023841858,33017,0.0,0.0
2024-01-04 10:30:00-05:00,1.598099946975708,1.598099946975708,1.5880000591278076,1.590000033378601,5471,0.0,0.0
2024-01-04 11:30:00-05:00,1.590000033378601,1.590000033378601,1.5800000429153442,1.5800000429153442,2477,0.0,0.0
2024-01-04 12:30:00-05:00,1.590000033378601,1.600000023841858,1.590000033378601,1.600000023841858,8799,0.0,0.0
2024-01-04 13:30:00-05:00,1.5901000499725342,1.600000023841858,1.590000033378601,1.600000023841858,7385,0.0,0.0
2024-01-04 14:30:00-05:00,1.590000033378601,1.6100000143051147,1.5499999523162842,1.5499999523162842,13304,0.0,0.0
2024-01-04 15:30:00-05:00,1.5549999475479126,1.5700000524520874,1.5499999523162842,1.559999942779541,2402,0.0,0.0
2024-01-05 09:30:00-05:00,1.5700000524520874,1.600000023841858,1.5700000524520874,1.600000023841858,5332,0.0,0.0
2024-01-05 10:30:00-05:00,1.600000023841858,1.600000023841858,1.5800000429153442,1.5922000408172607,8637,0.0,0.0
2024-01-05 11:30:00-05:00,1.600000023841858,1.600000023841858,1.5499999523162842,1.565000057220459,12070,0.0,0.0
2024-01-05 12:30:00-05:00,1.5499999523162842,1.5699000358581543,1.5499999523162842,1.559999942779541,1481,0.0,0.0
2024-01-05 13:30:00-05:00,1.559999942779541,1.559999942779541,1.5399999618530273,1.559999942779541,6820,0.0,0.0
2024-01-05 14:30:00-05:00,1.559999942779541,1.5800000429153442,1.5399999618530273,1.5800000429153442,7412,0.0,0.0
2024-01-05 15:30:00-05:00,1.5800000429153442,1.5800000429153442,1.5399999618530273,1.5399999618530273,23616,0.0,0.0
2024-01-08 09:30:00-05:00,1.5399999618530273,1.6024999618530273,1.5399999618530273,1.5800000429153442,2923,0.0,0.0
2024-01-08 10:30:00-05:00,1.5733000040054321,1.580399990081787,1.5733000040054321,1.580399990081787,2580,0.0,0.0
2024-01-08 12:30:00-05:00,1.5700000524520874,1.5700000524520874,1.5700000524520874,1.5700000524520874,467,0.0,0.0
2024-01-08 13:30:00-05:00,1.5729000568389893,1.5729000568389893,1.5700000524520874,1.5700000524520874,9096,0.0,0.0
2024-01-08 14:30:00-05:00,1.5700000524520874,1.5700000524520874,1.559999942779541,1.5700000524520874,2010,0.0,0.0
2024-01-08 15:30:00-05:00,1.5700000524520874,1.5700000524520874,1.559999942779541,1.559999942779541,1288,0.0,0.0
2024-01-09 09:30:00-05:00,1.5499999523162842,1.559999942779541,1.5399999618530273,1.5399999618530273,8281,0.0,0.0
2024-01-09 10:30:00-05:00,1.5499999523162842,1.5577000379562378,1.5399999618530273,1.5499999523162842,9620,0.0,0.0
2024-01-09 11:30:00-05:00,1.5499999523162842,1.559999942779541,1.5499999523162842,1.559999942779541,1638,0.0,0.0
2024-01-09 12:30:00-05:00,1.5698000192642212,1.5700000524520874,1.5511000156402588,1.559999942779541,6015,0.0,0.0
2024-01-09 13:30:00-05:00,1.559999942779541,1.559999942779541,1.5507999658584595,1.5507999658584595,3110,0.0,0.0
2024-01-09 14:30:00-05:00,1.5549999475479126,1.565000057220459,1.5399999618530273,1.5499999523162842,17637,0.0,0.0
2024-01-09 15:30:00-05:00,1.534999966621399,1.534999966621399,1.5199999809265137,1.527999997138977,2389,0.0,0.0
2024-01-10 09:30:00-05:00,1.5299999713897705,1.5399999618530273,1.4800000190734863,1.4800000190734863,32425,0.0,0.0
2024-01-10 10:30:00-05:00,1.4801000356674194,1.5199999809265137,1.4801000356674194,1.5199999809265137,8683,0.0,0.0
2024-01-10 11:30:00-05:00,1.5083999633789062,1.5099999904632568,1.4900000095367432,1.5,12005,0.0,0.0
2024-01-10 12:30:00-05:00,1.4800000190734863,1.4900000095367432,1.4700000286102295,1.4702999591827393,11621,0.0,0.0
2024-01-10 13:30:00-05:00,1.4726999998092651,1.4800000190734863,1.4500000476837158,1.476099967956543,17997,0.0,0.0
2024-01-10 14:30:00-05:00,1.4800000190734863,1.4801000356674194,1.4800000190734863,1.4800000190734863,4419,0.0,0.0
2024-01-10 15:30:00-05:00,1.4900000095367432,1.5,1.4900000095367432,1.5,6083,0.0,0.0
2024-01-11 09:30:00-05:00,1.4299999475479126,1.4799000024795532,1.4299999475479126,1.4799000024795532,20803,0.0,0.0
2024-01-11 10:30:00-05:00,1.4500000476837158,1.4500000476837158,1.4500000476837158,1.4500000476837158,13197,0.0,0.0
2024-01-11 11:30:00-05:00,1.440000057220459,1.4700000286102295,1.440000057220459,1.4700000286102295,3140,0.0,0.0
2024-01-11 12:30:00-05:00,1.4700000286102295,1.5099999904632568,1.4600000381469727,1.5,33200,0.0,0.0
2024-01-11 13:30:00-05:00,1.4900000095367432,1.5099999904632568,1.4900000095367432,1.4901000261306763,2468,0.0,0.0
2024-01-11 14:30:00-05:00,1.4900000095367432,1.4900000095367432,1.4900000095367432,1.4900000095367432,1422,0.0,0.0
2024-01-11 15:30:00-05:00,1.4700000286102295,1.4800000190734863,1.4600000381469727,1.4800000190734863,3893,0.0,0.0
2024-01-12 09:30:00-05:00,1.5,1.559999942779541,1.5,1.559999942779541,51173,0.0,0.0
2024-01-12 10:30:00-05:00,1.5300999879837036,1.5499999523162842,1.4900000095367432,1.5,26718,0.0,0.0
2024-01-12 11:30:00-05:00,1.5295000076293945,1.5295000076293945,1.500100016593933,1.500100016593933,2070,0.0,0.0
2024-01-12 12:30:00-05:00,1.5299999713897705,1.5299999713897705,1.5199999809265137,1.5199999809265137,679,0.0,0.0
2024-01-12 13:30:00-05:00,1.524999976158142,1.524999976158142,1.524999976158142,1.524999976158142,4641,0.0,0.0
2024-01-12 14:30:00-05:00,1.5299999713897705,1.5299999713897705,1.5,1.5,10789,0.0,0.0
2024-01-12 15:30:00-05:00,1.5099999904632568,1.5099999904632568,1.5,1.5,3124,0.0,0.0
2024-01-16 09:30:00-05:00,1.5,1.5499999523162842,1.5,1.5499999523162842,5779,0.0,0.0
2024-01-16 10:30:00-05:00,1.5449999570846558,1.559999942779541,1.5399999618530273,1.5399999618530273,5231,0.0,0.0
2024-01-16 11:30:00-05:00,1.5300999879837036,1.5499999523162842,1.5300999879837036,1.5499999523162842,4905,0.0,0.0
2024-01-16 12:30:00-05:00,1.5499999523162842,1.5499999523162842,1.5398999452590942,1.5398999452590942,4075,0.0,0.0
2024-01-16 13:30:00-05:00,1.5379999876022339,1.5379999876022339,1.5299999713897705,1.5299999713897705,1789,0.0,0.0
2024-01-16 14:30:00-05:00,1.527999997138977,1.5299999713897705,1.527999997138977,1.5299999713897705,363,0.0,0.0
2024-01-16 15:30:00-05:00,1.527999997138977,1.527999997138977,1.5199999809265137,1.5199999809265137,4699,0.0,0.0
2024-01-17 09:30:00-05:00,1.5199999809265137,1.5299999713897705,1.5199999809265137,1.5199999809265137,7615,0.0,0.0
2024-01-17 10:30:00-05:00,1.5270999670028687,1.5299999713897705,1.5270999670028687,1.5299999713897705,454,0.0,0.0
2024-01-17 11:30:00-05:00,1.520900011062622,1.520900011062622,1.5199999809265137,1.5199999809265137,3905,0.0,0.0
2024-01-17 12:30:00-05:00,1.5099999904632568,1.5099999904632568,1.5,1.5,680,0.0,0.0
2024-01-17 13:30:00-05:00,1.4996999502182007,1.5099999904632568,1.4996999502182007,1.5099999904632568,271,0.0,0.0
2024-01-17 14:30:00-05:00,1.499400019645691,1.5,1.4900000095367432,1.5,7090,0.0,0.0
2024-01-17 15:30:00-05:00,1.5049999952316284,1.5099999904632568,1.4900000095367432,1.5,0,0.0,0.0
2024-01-18 09:30:00-05:00,1.5299999713897705,1.5299999713897705,1.5152000188827515,1.5199999809265137,3263,0.0,0.0
2024-01-18 10:30:00-05:00,1.5199999809265137,1.5199999809265137,1.5194000005722046,1.5199999809265137,1831,0.0,0.0
2024-01-18 12:30:00-05:00,1.5199999809265137,1.5199999809265137,1.5103000402450562,1.5103000402450562,823,0.0,0.0
2024-01-18 13:30:00-05:00,1.5111000537872314,1.5149999856948853,1.5111000537872314,1.5149999856948853,2105,0.0,0.0
2024-01-18 14:30:00-05:00,1.5199999809265137,1.5391000509262085,1.5199999809265137,1.5391000509262085,5114,0.0,0.0
2024-01-18 15:30:00-05:00,1.5299999713897705,1.5299999713897705,1.5199999809265137,1.5199999809265137,0,0.0,0.0
2024-01-19 09:30:00-05:00,1.5099999904632568,1.5199999809265137,1.4800000190734863,1.5097999572753906,4928,0.0,0.0
2024-01-19 10:30:00-05:00,1.4874999523162842,1.4874999523162842,1.4874999523162842,1.4874999523162842,196,0.0,0.0
2024-01-19 11:30:00-05:00,1.4950000047683716,1.4950000047683716,1.4950000047683716,1.4950000047683716,892,0.0,0.0
2024-01-19 12:30:00-05:00,1.5,1.5,1.5,1.5,3370,0.0,0.0
2024-01-19 14:30:00-05:00,1.5099999904632568,1.5199999809265137,1.4900000095367432,1.5,811,0.0,0.0
2024-01-19 15:30:00-05:00,1.5199999809265137,1.5199999809265137,1.5,1.5,1388,0.0,0.0
2024-01-22 09:30:00-05:00,1.5,1.5111000537872314,1.4900000095367432,1.500100016593933,15075,0.0,0.0
2024-01-22 10:30:00-05:00,1.5,1.5,1.4700000286102295,1.4900000095367432,17707,0.0,0.0
2024-01-22 11:30:00-05:00,1.4803999662399292,1.4901000261306763,1.4800000190734863,1.4901000261306763,505,0.0,0.0
2024-01-22 12:30:00-05:00,1.4900000095367432,1.4900000095367432,1.4900000095367432,1.4900000095367432,208,0.0,0.0
2024-01-22 13:30:00-05:00,1.4900000095367432,1.5199999809265137,1.4900000095367432,1.5188000202178955,2464,0.0,0.0
2024-01-22 14:30:00-05:00,1.5199999809265137,1.5199999809265137,1.5099999904632568,1.51010000705719,5157,0.0,0.0
2024-01-22 15:30:00-05:00,1.5199999809265137,1.5199999809265137,1.502500057220459,1.502500057220459,673,0.0,0.0
2024-01-23 09:30:00-05:00,1.5,1.5099999904632568,1.5,1.5099999904632568,1017,0.0,0.0
2024-01-23 10:30:00-05:00,1.5044000148773193,1.5099999904632568,1.5044000148773193,1.5049999952316284,1348,0.0,0.0
2024-01-23 12:30:00-05:00,1.5099999904632568,1.5199999809265137,1.500499963760376,1.5099999904632568,0,0.0,0.0
2024-01-23 13:30:00-05:00,1.5,1.5099999904632568,1.5,1.5099999904632568,6279,0.0,0.0
2024-01-23 14:30:00-05:00,1.5099999904632568,1.5299999713897705,1.5099999904632568,1.5299999713897705,985,0.0,0.0
2024-01-23 15:30:00-05:00,1.5,1.5,1.4900000095367432,1.5,1726,0.0,0.0
2024-01-24 09:30:00-05:00,1.5,1.5019999742507935,1.5,1.5011999607086182,1194,0.0,0.0
2024-01-24 10:30:00-05:00,1.5211000442504883,1.5211000442504883,1.5099999904632568,1.5099999904632568,1202,0.0,0.0
2024-01-24 12:30:00-05:00,1.5099999904632568,1.5099999904632568,1.5099999904632568,1.5099999904632568,667,0.0,0.0
2024-01-24 14:30:00-05:00,1.5199999809265137,1.5199999809265137,1.5199999809265137,1.5199999809265137,161,0.0,0.0
2024-01-24 15:30:00-05:00,1.5099999904632568,1.5099999904632568,1.5099999904632568,1.5099999904632568,730,0.0,0.0
2024-01-25 09:30:00-05:00,1.5099999904632568,1.5099999904632568,1.5099999904632568,1.5099999904632568,1161,0.0,0.0
2024-01-25 10:30:00-05:00,1.51010000705719,1.5199999809265137,1.4900000095367432,1.4901000261306763,7210,0.0,0.0
2024-01-25 11:30:00-05:00,1.5,1.5,1.5,1.5,172,0.0,0.0
2024-01-25 12:30:00-05:00,1.5099999904632568,1.5099999904632568,1.5099999904632568,1.5099999904632568,132,0.0,0.0
2024-01-25 13:30:00-05:00,1.5,1.5,1.4901000261306763,1.4901000261306763,823,0.0,0.0
2024-01-25 14:30:00-05:00,1.5063999891281128,1.5099999904632568,1.5063999891281128,1.5099999904632568,1027,0.0,0.0
2024-01-26 09:30:00-05:00,1.4900000095367432,1.5099999904632568,1.4900000095367432,1.5002000331878662,8774,0.0,0.0
2024-01-26 10:30:00-05:00,1.5,1.5,1.4996000528335571,1.4996000528335571,746,0.0,0.0
2024-01-26 11:30:00-05:00,1.5,1.5049999952316284,1.5,1.5,2205,0.0,0.0
2024-01-26 12:30:00-05:00,1.4900000095367432,1.4950000047683716,1.2999999523162842,1.4900000095367432,75335,0.0,0.0
2024-01-26 13:30:00-05:00,1.4801000356674194,1.4801000356674194,1.465000033378601,1.465000033378601,6130,0.0,0.0
2024-01-26 14:30:00-05:00,1.4630000591278076,1.4700000286102295,1.4630000591278076,1.4700000286102295,1776,0.0,0.0
2024-01-26 15:30:00-05:00,1.4500000476837158,1.4800000190734863,1.4500000476837158,1.4700000286102295,2614,0.0,0.0
2024-01-29 09:30:00-05:00,1.4299999475479126,1.4500000476837158,1.4299999475479126,1.4300999641418457,4234,0.0,0.0
2024-01-29 10:30:00-05:00,1.4312000274658203,1.4600000381469727,1.4312000274658203,1.4600000381469727,946,0.0,0.0
2024-01-29 11:30:00-05:00,1.4348000288009644,1.4600000381469727,1.4348000288009644,1.4400999546051025,3195,0.0,0.0
2024-01-29 12:30:00-05:00,1.4600000381469727,1.4600000381469727,1.4600000381469727,1.4600000381469727,2655,0.0,0.0
2024-01-29 14:30:00-05:00,1.4503999948501587,1.4600000381469727,1.440500020980835,1.440500020980835,2410,0.0,0.0
2024-01-29 15:30:00-05:00,1.440000057220459,1.4420000314712524,1.440000057220459,1.440000057220459,1085,0.0,0.0
2024-01-30 09:30:00-05:00,1.448099970817566,1.448099970817566,1.4299999475479126,1.4299999475479126,623,0.0,0.0
2024-01-30 10:30:00-05:00,1.4299999475479126,1.4299999475479126,1.4144999980926514,1.4144999980926514,1295,0.0,0.0
2024-01-30 12:30:00-05:00,1.4199999570846558,1.440000057220459,1.4198999404907227,1.440000057220459,12176,0.0,0.0
2024-01-30 13:30:00-05:00,1.4299999475479126,1.4500000476837158,1.4199999570846558,1.4484000205993652,5563,0.0,0.0
2024-01-30 14:30:00-05:00,1.440000057220459,1.4498000144958496,1.440000057220459,1.4498000144958496,1018,0.0,0.0
2024-01-30 15:30:00-05:00,1.440000057220459,1.440000057220459,1.409999966621399,1.4299999475479126,645,0.0,0.0
2024-01-31 09:30:00-05:00,1.409999966621399,1.4500000476837158,1.409999966621399,1.4128999710083008,2919,0.0,0.0
2024-01-31 10:30:00-05:00,1.4270000457763672,1.440000057220459,1.4249000549316406,1.440000057220459,679,0.0,0.0
2024-01-31 11:30:00-05:00,1.440000057220459,1.440000057220459,1.440000057220459,1.440000057220459,526,0.0,0.0
2024-01-31 12:30:00-05:00,1.4220000505447388,1.4227999448776245,1.4199999570846558,1.4199999570846558,4534,0.0,0.0
2024-01-31 13:30:00-05:00,1.413100004196167,1.4200999736785889,1.409999966621399,1.4200999736785889,465,0.0,0.0
2024-01-31 14:30:00-05:00,1.409999966621399,1.409999966621399,1.409999966621399,1.409999966621399,636,0.0,0.0
2024-01-31 15:30:00-05:00,1.409999966621399,1.409999966621399,1.409500002861023,1.409500002861023,445,0.0,0.0
2024-02-01 09:30:00-05:00,1.3899999856948853,1.399999976158142,1.3899999856948853,1.399999976158142,13857,0.0,0.0
2024-02-01 10:30:00-05:00,1.4199999570846558,1.4199999570846558,1.4199999570846558,1.4199999570846558,100,0.0,0.0
2024-02-01 11:30:00-05:00,1.409999966621399,1.4299999475479126,1.409999966621399,1.4284000396728516,1488,0.0,0.0
2024-02-01 12:30:00-05:00,1.4299999475479126,1.440000057220459,1.429900050163269,1.440000057220459,6564,0.0,0.0
2024-02-01 14:30:00-05:00,1.440000057220459,1.440000057220459,1.440000057220459,1.440000057220459,202,0.0,0.0
2024-02-01 15:30:00-05:00,1.4199999570846558,1.440000057220459,1.4199999570846558,1.440000057220459,865,0.0,0.0
2024-02-02 09:30:00-05:00,1.5199999809265137,1.5199999809265137,1.3849999904632568,1.4299999475479126,14894,0.0,0.0
2024-02-02 10:30:00-05:00,1.409999966621399,1.409999966621399,1.409999966621399,1.409999966621399,208,0.0,0.0
2024-02-02 11:30:00-05:00,1.399999976158142,1.399999976158142,1.399999976158142,1.399999976158142,2827,0.0,0.0
2024-02-02 12:30:00-05:00,1.399999976158142,1.399999976158142,1.3863999843597412,1.3863999843597412,342,0.0,0.0
2024-02-02 13:30:00-05:00,1.3974000215530396,1.399999976158142,1.3799999952316284,1.3949999809265137,1480,0.0,0.0
2024-02-02 14:30:00-05:00,1.399899959564209,1.409999966621399,1.3949999809265137,1.399999976158142,3337,0.0,0.0
2024-02-02 15:30:00-05:00,1.399999976158142,1.399999976158142,1.399999976158142,1.399999976158142,522,0.0,0.0
2024-02-05 09:30:00-05:00,1.3600000143051147,1.399999976158142,1.3600000143051147,1.3700000047683716,2953,0.0,0.0
2024-02-05 11:30:00-05:00,1.3799999952316284,1.3799999952316284,1.3700000047683716,1.3700000047683716,670,0.0,0.0
2024-02-05 12:30:00-05:00,1.3701000213623047,1.3701000213623047,1.3701000213623047,1.3701000213623047,150,0.0,0.0
2024-02-05 13:30:00-05:00,1.399999976158142,1.399999976158142,1.399999976158142,1.399999976158142,575,0.0,0.0
2024-02-05 14:30:00-05:00,1.3899999856948853,1.399999976158142,1.3899999856948853,1.399999976158142,1332,0.0,0.0
2024-02-05 15:30:00-05:00,1.399999976158142,1.399999976158142,1.3799999952316284,1.3799999952316284,1050,0.0,0.0
2024-02-06 09:30:00-05:00,1.3600000143051147,1.4199999570846558,1.3600000143051147,1.409999966621399,9679,0.0,0.0
2024-02-06 10:30:00-05:00,1.3901000022888184,1.3901000022888184,1.3901000022888184,1.3901000022888184,357,0.0,0.0
2024-02-06 12:30:00-05:00,1.3970999717712402,1.409999966621399,1.3970999717712402,1.4009000062942505,14000,0.0,0.0
2024-02-06 13:30:00-05:00,1.4199999570846558,1.4299999475479126,1.4199999570846558,1.4299999475479126,1177,0.0,0.0
2024-02-06 14:30:00-05:00,1.4249999523162842,1.4299999475479126,1.4249999523162842,1.4299999475479126,956,0.0,0.0
2024-02-06 15:30:00-05:00,1.436900019645691,1.440000057220459,1.436900019645691,1.440000057220459,1130,0.0,0.0
2024-02-07 09:30:00-05:00,1.4199999570846558,1.4199999570846558,1.3700000047683716,1.3899999856948853,17704,0.0,0.0
2024-02-07 10:30:00-05:00,1.409999966621399,1.409999966621399,1.399999976158142,1.399999976158142,1977,0.0,0.0
2024-02-07 12:30:00-05:00,1.3899999856948853,1.409999966621399,1.3801000118255615,1.4049999713897705,2427,0.0,0.0
2024-02-07 13:30:00-05:00,1.3949999809265137,1.3949999809265137,1.3897000551223755,1.3949999809265137,3272,0.0,0.0
2024-02-07 14:30:00-05:00,1.3980000019073486,1.399999976158142,1.3980000019073486,1.399999976158142,785,0.0,0.0
2024-02-07 15:30:00-05:00,1.409999966621399,1.409999966621399,1.399999976158142,1.399999976158142,872,0.0,0.0
2024-02-08 09:30:00-05:00,1.3799999952316284,1.399999976158142,1.3700000047683716,1.3799999952316284,16064,0.0,0.0
2024-02-08 10:30:00-05:00,1.399999976158142,1.399999976158142,1.399999976158142,1.399999976158142,270,0.0,0.0
2024-02-08 11:30:00-05:00,1.3801000118255615,1.3899999856948853,1.3801000118255615,1.3811999559402466,1467,0.0,0.0
2024-02-08 12:30:00-05:00,1.38100004196167,1.38100004196167,1.3799999952316284,1.3799999952316284,2107,0.0,0.0
2024-02-08 15:30:00-05:00,1.399999976158142,1.399999976158142,1.3799999952316284,1.3799999952316284,2531,0.0,0.0
2024-02-09 09:30:00-05:00,1.4199999570846558,1.4199999570846558,1.3799999952316284,1.399999976158142,6270,0.0,0.0
2024-02-09 10:30:00-05:00,1.3801000118255615,1.399999976158142,1.3801000118255615,1.399999976158142,873,0.0,0.0
2024-02-09 11:30:00-05:00,1.4199999570846558,1.4199999570846558,1.4199999570846558,1.4199999570846558,559,0.0,0.0
2024-02-09 13:30:00-05:00,1.4193999767303467,1.4193999767303467,1.4193999767303467,1.4193999767303467,1517,0.0,0.0
2024-02-09 14:30:00-05:00,1.4199999570846558,1.4199999570846558,1.4149999618530273,1.4149999618530273,1185,0.0,0.0
2024-02-09 15:30:00-05:00,1.4149999618530273,1.4149999618530273,1.4149999618530273,1.4149999618530273,765,0.0,0.0
2024-02-12 09:30:00-05:00,1.3899999856948853,1.3899999856948853,1.3700000047683716,1.3700000047683716,8541,0.0,0.0
2024-02-12 10:30:00-05:00,1.3799999952316284,1.3799999952316284,1.3799999952316284,1.3799999952316284,421,0.0,0.0
2024-02-12 11:30:00-05:00,1.3799999952316284,1.3799999952316284,1.3701000213623047,1.3701000213623047,1067,0.0,0.0
2024-02-12 12:30:00-05:00,1.3899999856948853,1.3899999856948853,1.3453999757766724,1.350000023841858,17756,0.0,0.0
2024-02-12 13:30:00-05:00,1.3600000143051147,1.3600000143051147,1.350000023841858,1.3600000143051147,2527,0.0,0.0
2024-02-12 14:30:00-05:00,1.3799999952316284,1.3899999856948853,1.3753000497817993,1.3899999856948853,2697,0.0,0.0
2024-02-12 15:30:00-05:00,1.3899999856948853,1.3990000486373901,1.3700000047683716,1.3700000047683716,11430,0.0,0.0
2024-02-13 09:30:00-05:00,1.3700000047683716,1.3799999952316284,1.340000033378601,1.3700000047683716,11839,0.0,0.0
2024-02-13 10:30:00-05:00,1.3600000143051147,1.3799999952316284,1.350000023841858,1.350000023841858,1315,0.0,0.0
2024-02-13 11:30:00-05:00,1.3509999513626099,1.3600000143051147,1.3408000469207764,1.3408000469207764,4319,0.0,0.0
2024-02-13 12:30:00-05:00,1.3600000143051147,1.3600000143051147,1.350000023841858,1.3600000143051147,2214,0.0,0.0
2024-02-13 13:30:00-05:00,1.350000023841858,1.3598999977111816,1.350000023841858,1.3598999977111816,309,0.0,0.0
2024-02-13 14:30:00-05:00,1.350000023841858,1.350000023841858,1.340000033378601,1.3450000286102295,7886,0.0,0.0
2024-02-13 15:30:00-05:00,1.350000023841858,1.3600000143051147,1.3300000429153442,1.350000023841858,19914,0.0,0.0
2024-02-14 09:30:00-05:00,1.309999942779541,1.350000023841858,1.309999942779541,1.3497999906539917,24534,0.0,0.0
2024-02-14 10:30:00-05:00,1.350000023841858,1.3700000047683716,1.350000023841858,1.3600000143051147,18361,0.0,0.0
2024-02-14 12:30:00-05:00,1.3650000095367432,1.3650000095367432,1.3650000095367432,1.3650000095367432,132,0.0,0.0
2024-02-14 13:30:00-05:00,1.3687000274658203,1.3687000274658203,1.3600000143051147,1.3601000308990479,3519,0.0,0.0
2024-02-14 14:30:00-05:00,1.3799999952316284,1.399999976158142,1.3799999952316284,1.3799999952316284,5429,0.0,0.0
2024-02-14 15:30:00-05:00,1.3700000047683716,1.3700000047683716,1.3600000143051147,1.3600000143051147,1773,0.0,0.0
2024-02-15 09:30:00-05:00,1.3799999952316284,1.409999966621399,1.3799999952316284,1.399999976158142,3787,0.0,0.0
2024-02-15 10:30:00-05:00,1.4085999727249146,1.4085999727249146,1.3200000524520874,1.3300000429153442,21707,0.0,0.0
2024-02-15 11:30:00-05:00,1.340000033378601,1.340000033378601,1.3300000429153442,1.340000033378601,19823,0.0,0.0
2024-02-15 12:30:00-05:00,1.3300000429153442,1.340000033378601,1.3300000429153442,1.3300000429153442,4515,0.0,0.0
2024-02-15 13:30:00-05:00,1.350000023841858,1.3600000143051147,1.3450000286102295,1.3600000143051147,18890,0.0,0.0
2024-02-15 14:30:00-05:00,1.350000023841858,1.350000023841858,1.3350000381469727,1.340000033378601,20138,0.0,0.0
2024-02-15 15:30:00-05:00,1.340000033378601,1.350000023841858,1.3300000429153442,1.340000033378601,68991,0.0,0.0
2024-02-16 09:30:00-05:00,1.3600000143051147,1.3700000047683716,1.2949999570846558,1.2949999570846558,353557,0.0,0.0
2024-02-16 10:30:00-05:00,1.2999999523162842,1.3799999952316284,1.2900999784469604,1.3310999870300293,46942,0.0,0.0
2024-02-16 11:30:00-05:00,1.3316999673843384,1.3700000047683716,1.3300000429153442,1.3300000429153442,16722,0.0,0.0
2024-02-16 12:30:00-05:00,1.340999960899353,1.3799999952316284,1.3300000429153442,1.3650000095367432,7771,0.0,0.0
2024-02-16 13:30:00-05:00,1.3420000076293945,1.3799999952316284,1.3300000429153442,1.3600000143051147,9300,0.0,0.0
2024-02-16 14:30:00-05:00,1.350100040435791,1.399999976158142,1.3450000286102295,1.375,13253,0.0,0.0
2024-02-16 15:30:00-05:00,1.350000023841858,1.3940000534057617,1.350000023841858,1.3899999856948853,27823,0.0,0.0
2024-02-20 09:30:00-05:00,1.2899999618530273,1.3398000001907349,1.2899999618530273,1.3105000257492065,37511,0.0,0.0
2024-02-20 10:30:00-05:00,1.3200000524520874,1.3600000143051147,1.2999999523162842,1.340000033378601,21114,0.0,0.0
2024-02-20 11:30:00-05:00,1.3300000429153442,1.3350000381469727,1.3258999586105347,1.3258999586105347,15653,0.0,0.0
2024-02-20 12:30:00-05:00,1.340000033378601,1.340000033378601,1.3200000524520874,1.3300000429153442,2297,0.0,0.0
2024-02-20 13:30:00-05:00,1.340000033378601,1.350000023841858,1.3305000066757202,1.3305000066757202,1906,0.0,0.0
2024-02-20 14:30:00-05:00,1.3336999416351318,1.3600000143051147,1.3336999416351318,1.3600000143051147,2671,0.0,0.0
2024-02-20 15:30:00-05:00,1.3562999963760376,1.3799999952316284,1.3553999662399292,1.3799999952316284,4291,0.0,0.0
2024-02-21 09:30:00-05:00,1.3600000143051147,1.3600000143051147,1.3300000429153442,1.3350000381469727,7711,0.0,0.0
2024-02-21 10:30:00-05:00,1.3300000429153442,1.3312000036239624,1.3300000429153442,1.3300000429153442,6553,0.0,0.0
2024-02-21 11:30:00-05:00,1.3300000429153442,1.3300000429153442,1.3200000524520874,1.3250000476837158,1804,0.0,0.0
2024-02-21 12:30:00-05:00,1.3216999769210815,1.3229999542236328,1.3216999769210815,1.3229999542236328,721,0.0,0.0
2024-02-21 13:30:00-05:00,1.320199966430664,1.3300000429153442,1.3200000524520874,1.3200000524520874,860,0.0,0.0
2024-02-21 14:30:00-05:00,1.3300000429153442,1.3350000381469727,1.3289999961853027,1.3342000246047974,4713,0.0,0.0
2024-02-21 15:30:00-05:00,1.339900016784668,1.350000023841858,1.3300000429153442,1.340000033378601,38462,0.0,0.0
2024-02-22 09:30:00-05:00,1.3300000429153442,1.350000023841858,1.2999999523162842,1.3284000158309937,11997,0.0,0.0
2024-02-22 10:30:00-05:00,1.340000033378601,1.340000033378601,1.30239999294281,1.30239999294281,490,0.0,0.0
2024-02-22 11:30:00-05:00,1.309999942779541,1.3220000267028809,1.309999942779541,1.3220000267028809,471,0.0,0.0
2024-02-22 12:30:00-05:00,1.3206000328063965,1.350000023841858,1.3206000328063965,1.340000033378601,753,0.0,0.0
2024-02-22 13:30:00-05:00,1.3281999826431274,1.340000033378601,1.3281999826431274,1.340000033378601,1031,0.0,0.0
2024-02-22 14:30:00-05:00,1.3200000524520874,1.3222999572753906,1.3200000524520874,1.3222999572753906,202,0.0,0.0
2024-02-22 15:30:00-05:00,1.3389999866485596,1.340000033378601,1.330199956893921,1.330199956893921,1651,0.0,0.0
2024-02-23 09:30:00-05:00,1.2899999618530273,1.2999999523162842,1.2599999904632568,1.2699999809265137,26479,0.0,0.0
2024-02-23 10:30:00-05:00,1.2799999713897705,1.280500054359436,1.2699999809265137,1.2799999713897705,6664,0.0,0.0
2024-02-23 11:30:00-05:00,1.2699999809265137,1.2898999452590942,1.2599999904632568,1.2699999809265137,16944,0.0,0.0
2024-02-23 12:30:00-05:00,1.2899999618530273,1.309999942779541,1.2599999904632568,1.2970000505447388,25481,0.0,0.0
2024-02-23 13:30:00-05:00,1.2718000411987305,1.2999999523162842,1.2718000411987305,1.2799999713897705,6648,0.0,0.0
2024-02-23 14:30:00-05:00,1.2899999618530273,1.2999999523162842,1.2799999713897705,1.2799999713897705,13596,0.0,0.0
2024-02-23 15:30:00-05:00,1.2999999523162842,1.309999942779541,1.2812999486923218,1.2999999523162842,18324,0.0,0.0
2024-02-26 09:30:00-05:00,1.2699999809265137,1.2800999879837036,1.2699999809265137,1.2793999910354614,8132,0.0,0.0
2024-02-26 10:30:00-05:00,1.274999976158142,1.2799999713897705,1.2699999809265137,1.2699999809265137,4923,0.0,0.0
2024-02-26 11:30:00-05:00,1.2699999809265137,1.284999966621399,1.2699999809265137,1.284999966621399,5244,0.0,0.0
2024-02-26 12:30:00-05:00,1.2899999618530273,1.2899999618530273,1.2718000411987305,1.2718000411987305,1534,0.0,0.0
2024-02-26 13:30:00-05:00,1.2879999876022339,1.2999999523162842,1.2879999876022339,1.2999999523162842,1519,0.0,0.0
2024-02-26 14:30:00-05:00,1.2999999523162842,1.2999999523162842,1.2799999713897705,1.281000018119812,1714,0.0,0.0
2024-02-26 15:30:00-05:00,1.2999999523162842,1.2999999523162842,1.2599999904632568,1.2599999904632568,13990,0.0,0.0
2024-02-27 09:30:00-05:00,1.2899999618530273,1.2999999523162842,1.2599999904632568,1.2699999809265137,28998,0.0,0.0
2024-02-27 10:30:00-05:00,1.2999999523162842,1.2999999523162842,1.2699999809265137,1.2999999523162842,11926,0.0,0.0
2024-02-27 11:30:00-05:00,1.2799999713897705,1.2999999523162842,1.2799999713897705,1.2999999523162842,7248,0.0,0.0
2024-02-27 12:30:00-05:00,1.2928999662399292,1.309999942779541,1.2928999662399292,1.3049999475479126,8940,0.0,0.0
2024-02-27 13:30:00-05:00,1.309999942779541,1.309999942779541,1.3049999475479126,1.309999942779541,2937,0.0,0.0
2024-02-27 14:30:00-05:00,1.3020000457763672,1.3300000429153442,1.3020000457763672,1.3300000429153442,1042,0.0,0.0
2024-02-27 15:30:00-05:00,1.3300000429153442,1.3300000429153442,1.3107000589370728,1.3200000524520874,4382,0.0,0.0
2024-02-28 09:30:00-05:00,1.2899999618530273,1.3600000143051147,1.2899999618530273,1.350000023841858,17345,0.0,0.0
2024-02-28 10:30:00-05:00,1.3450000286102295,1.3600000143051147,1.3401000499725342,1.357200026512146,3066,0.0,0.0
2024-02-28 11:30:00-05:00,1.3600000143051147,1.3791999816894531,1.3600000143051147,1.3652000427246094,16140,0.0,0.0
2024-02-28 12:30:00-05:00,1.3600000143051147,1.3600000143051147,1.3600000143051147,1.3600000143051147,1087,0.0,0.0
2024-02-28 13:30:00-05:00,1.3700000047683716,1.3700000047683716,1.3600000143051147,1.3600000143051147,894,0.0,0.0
2024-02-28 14:30:00-05:00,1.3600000143051147,1.3600000143051147,1.350000023841858,1.350000023841858,1492,0.0,0.0
2024-02-28 15:30:00-05:00,1.350000023841858,1.3600000143051147,1.350000023841858,1.3550000190734863,4725,0.0,0.0
2024-02-29 09:30:00-05:00,1.3200000524520874,1.350000023841858,1.3100999593734741,1.3200000524520874,7459,0.0,0.0
2024-02-29 10:30:00-05:00,1.3200000524520874,1.3200000524520874,1.309999942779541,1.3200000524520874,1148,0.0,0.0
2024-02-29 11:30:00-05:00,1.3200000524520874,1.3600000143051147,1.309999942779541,1.3597999811172485,4817,0.0,0.0
2024-02-29 12:30:00-05:00,1.350000023841858,1.3700000047683716,1.350000023841858,1.3632999658584595,4074,0.0,0.0
2024-02-29 13:30:00-05:00,1.3600000143051147,1.3600000143051147,1.3502000570297241,1.3502000570297241,489,0.0,0.0
2024-02-29 14:30:00-05:00,1.3600000143051147,1.3600000143051147,1.3550000190734863,1.3550000190734863,1307,0.0,0.0
2024-02-29 15:30:00-05:00,1.3600000143051147,1.3600000143051147,1.3508000373840332,1.3508000373840332,928,0.0,0.0
2024-03-01 09:30:00-05:00,1.3600000143051147,1.3600000143051147,1.3300000429153442,1.3300000429153442,23661,0.0,0.0
2024-03-01 10:30:00-05:00,1.340000033378601,1.3600000143051147,1.340000033378601,1.3600000143051147,13643,0.0,0.0
2024-03-01 11:30:00-05:00,1.3650000095367432,1.3782999515533447,1.3600000143051147,1.3700000047683716,12682,0.0,0.0
2024-03-01 12:30:00-05:00,1.377500057220459,1.3799999952316284,1.3700000047683716,1.3700000047683716,16219,0.0,0.0
2024-03-01 13:30:00-05:00,1.378499984741211,1.3899999856948853,1.378499984741211,1.3875000476837158,839,0.0,0.0
2024-03-01 14:30:00-05:00,1.3875000476837158,1.3875000476837158,1.3700000047683716,1.3700000047683716,4227,0.0,0.0
2024-03-01 15:30:00-05:00,1.3600000143051147,1.3600000143051147,1.350000023841858,1.3600000143051147,8069,0.0,0.0
2024-03-04 09:30:00-05:00,1.3799999952316284,1.4199999570846558,1.3799999952316284,1.3799999952316284,3949,0.0,0.0
2024-03-04 10:30:00-05:00,1.3799999952316284,1.3949999809265137,1.3799999952316284,1.3901000022888184,1256,0.0,0.0
2024-03-04 11:30:00-05:00,1.3799999952316284,1.3899999856948853,1.3799999952316284,1.3899999856948853,1676,0.0,0.0
2024-03-04 12:30:00-05:00,1.399999976158142,1.399999976158142,1.3899999856948853,1.3899999856948853,513,0.0,0.0
2024-03-04 13:30:00-05:00,1.3949999809265137,1.3949999809265137,1.3949999809265137,1.3949999809265137,430,0.0,0.0
2024-03-04 14:30:00-05:00,1.399999976158142,1.399999976158142,1.399999976158142,1.399999976158142,435,0.0,0.0
2024-03-04 15:30:00-05:00,1.3901000022888184,1.3901000022888184,1.371999979019165,1.371999979019165,4560,0.0,0.0
2024-03-05 09:30:00-05:00,1.3799999952316284,1.4199999570846558,1.3799999952316284,1.409999966621399,17710,0.0,0.0
2024-03-05 10:30:00-05:00,1.4141000509262085,1.4199999570846558,1.399999976158142,1.399999976158142,0,0.0,0.0
2024-03-05 11:30:00-05:00,1.4199999570846558,1.4199999570846558,1.4049999713897705,1.4049999713897705,790,0.0,0.0
2024-03-05 12:30:00-05:00,1.409999966621399,1.4199999570846558,1.409999966621399,1.4199999570846558,1202,0.0,0.0
2024-03-05 13:30:00-05:00,1.409999966621399,1.4199999570846558,1.409999966621399,1.4199999570846558,286,0.0,0.0
2024-03-05 14:30:00-05:00,1.4199999570846558,1.4199999570846558,1.409999966621399,1.4199999570846558,971,0.0,0.0
2024-03-05 15:30:00-05:00,1.4049999713897705,1.409999966621399,1.399999976158142,1.409999966621399,9775,0.0,0.0
2024-03-06 09:30:00-05:00,1.3798999786376953,1.3880000114440918,1.3700000047683716,1.382599949836731,5284,0.0,0.0
2024-03-06 10:30:00-05:00,1.3899999856948853,1.3899999856948853,1.340000033378601,1.3700000047683716,7572,0.0,0.0
2024-03-06 11:30:00-05:00,1.3650000095367432,1.3650000095367432,1.3650000095367432,1.3650000095367432,402,0.0,0.0
2024-03-06 12:30:00-05:00,1.3899999856948853,1.3899999856948853,1.3899999856948853,1.3899999856948853,106,0.0,0.0
2024-03-06 13:30:00-05:00,1.3899999856948853,1.3899999856948853,1.3899999856948853,1.3899999856948853,448,0.0,0.0
2024-03-06 14:30:00-05:00,1.399999976158142,1.409999966621399,1.399999976158142,1.399999976158142,2627,0.0,0.0
2024-03-06 15:30:00-05:00,1.3899999856948853,1.3899999856948853,1.3799999952316284,1.3799999952316284,2655,0.0,0.0
2024-03-07 09:30:00-05:00,1.340000033378601,1.3595000505447388,1.340000033378601,1.3595000505447388,1138,0.0,0.0
2024-03-07 10:30:00-05:00,1.3700000047683716,1.3700000047683716,1.3600000143051147,1.3600000143051147,968,0.0,0.0
2024-03-07 11:30:00-05:00,1.3782999515533447,1.3782999515533447,1.3782999515533447,1.3782999515533447,451,0.0,0.0
2024-03-07 12:30:00-05:00,1.3799999952316284,1.3799999952316284,1.3600000143051147,1.3600000143051147,4155,0.0,0.0
2024-03-07 13:30:00-05:00,1.386299967765808,1.386299967765808,1.3799999952316284,1.3799999952316284,1368,0.0,0.0
2024-03-07 14:30:00-05:00,1.3700000047683716,1.3969999551773071,1.3600000143051147,1.3600000143051147,2539,0.0,0.0
2024-03-07 15:30:00-05:00,1.3849999904632568,1.3849999904632568,1.3300000429153442,1.3300000429153442,8012,0.0,0.0
2024-03-08 09:30:00-05:00,1.309999942779541,1.3650000095367432,1.309999942779541,1.3609999418258667,7184,0.0,0.0
2024-03-08 10:30:00-05:00,1.399999976158142,1.399999976158142,1.3799999952316284,1.3899999856948853,10611,0.0,0.0
2024-03-08 11:30:00-05:00,1.3801000118255615,1.4299999475479126,1.3799999952316284,1.4149999618530273,17064,0.0,0.0
2024-03-08 12:30:00-05:00,1.4199999570846558,1.4199999570846558,1.4199999570846558,1.4199999570846558,849,0.0,0.0
2024-03-08 13:30:00-05:00,1.4299999475479126,1.4299999475479126,1.4147000312805176,1.4147000312805176,1646,0.0,0.0
2024-03-08 14:30:00-05:00,1.4299999475479126,1.4299999475479126,1.399999976158142,1.399999976158142,4620,0.0,0.0
2024-03-08 15:30:00-05:00,1.409999966621399,1.409999966621399,1.399999976158142,1.4049999713897705,8715,0.0,0.0
2024-03-11 09:30:00-04:00,1.3899999856948853,1.399999976158142,1.3708000183105469,1.399999976158142,3423,0.0,0.0
2024-03-11 10:30:00-04:00,1.399999976158142,1.399999976158142,1.3899999856948853,1.399999976158142,6796,0.0,0.0
2024-03-11 11:30:00-04:00,1.4199999570846558,1.4199999570846558,1.409999966621399,1.4172999858856201,3432,0.0,0.0
2024-03-11 12:30:00-04:00,1.4198999404907227,1.4199999570846558,1.4198999404907227,1.4199999570846558,2315,0.0,0.0
2024-03-11 13:30:00-04:00,1.4199999570846558,1.4199999570846558,1.4199999570846558,1.4199999570846558,2226,0.0,0.0
2024-03-11 14:30:00-04:00,1.4299999475479126,1.4299999475479126,1.4119999408721924,1.4199999570846558,1721,0.0,0.0
2024-03-11 15:30:00-04:00,1.4199999570846558,1.4199999570846558,1.4199999570846558,1.4199999570846558,1550,0.0,0.0
2024-03-12 09:30:00-04:00,1.409999966621399,1.4299999475479126,1.409999966621399,1.4299999475479126,8269,0.0,0.0
2024-03-12 10:30:00-04:00,1.4313000440597534,1.4359999895095825,1.409999966621399,1.4359999895095825,4916,0.0,0.0
2024-03-12 11:30:00-04:00,1.4249999523162842,1.4249999523162842,1.409999966621399,1.409999966621399,1194,0.0,0.0
2024-03-12 12:30:00-04:00,1.4399000406265259,1.4399000406265259,1.410099983215332,1.410099983215332,2143,0.0,0.0
2024-03-12 13:30:00-04:00,1.4199999570846558,1.4280999898910522,1.4199999570846558,1.4199999570846558,2534,0.0,0.0
2024-03-12 14:30:00-04:00,1.4112999439239502,1.4199999570846558,1.409999966621399,1.4105000495910645,4484,0.0,0.0
2024-03-12 15:30:00-04:00,1.4199999570846558,1.4199999570846558,1.3899999856948853,1.3899999856948853,9145,0.0,0.0
2024-03-13 09:30:00-04:00,1.3899999856948853,1.440000057220459,1.3700000047683716,1.3799999952316284,8039,0.0,0.0
2024-03-13 10:30:00-04:00,1.3799999952316284,1.3885999917984009,1.375,1.3794000148773193,2885,0.0,0.0
2024-03-13 11:30:00-04:00,1.3708000183105469,1.3799999952316284,1.3708000183105469,1.375,2363,0.0,0.0
2024-03-13 12:30:00-04:00,1.375,1.3849999904632568,1.3700000047683716,1.3849999904632568,4877,0.0,0.0
2024-03-13 13:30:00-04:00,1.3896000385284424,1.3896000385284424,1.3799999952316284,1.386299967765808,2360,0.0,0.0
2024-03-13 14:30:00-04:00,1.3799999952316284,1.3875000476837158,1.3799999952316284,1.3875000476837158,4211,0.0,0.0
2024-03-13 15:30:00-04:00,1.3849999904632568,1.3849999904632568,1.3799999952316284,1.3799999952316284,5313,0.0,0.0
2024-03-14 09:30:00-04:00,1.3531999588012695,1.4199999570846558,1.3531999588012695,1.3899999856948853,11274,0.0,0.0
2024-03-14 10:30:00-04:00,1.3600000143051147,1.3724000453948975,1.3600000143051147,1.3661999702453613,445,0.0,0.0
2024-03-14 11:30:00-04:00,1.3609999418258667,1.3609999418258667,1.3600000143051147,1.3601000308990479,3918,0.0,0.0
2024-03-14 13:30:00-04:00,1.3619999885559082,1.3700000047683716,1.3619999885559082,1.3700000047683716,837,0.0,0.0
2024-03-14 14:30:00-04:00,1.3601000308990479,1.3601000308990479,1.3601000308990479,1.3601000308990479,278,0.0,0.0
2024-03-15 09:30:00-04:00,1.3550000190734863,1.3550000190734863,1.309999942779541,1.309999942779541,26575,0.0,0.0
2024-03-15 10:30:00-04:00,1.309999942779541,1.3200000524520874,1.309999942779541,1.3200000524520874,4820,0.0,0.0
2024-03-15 11:30:00-04:00,1.340000033378601,1.340000033378601,1.340000033378601,1.340000033378601,285,0.0,0.0
2024-03-15 14:30:00-04:00,1.350000023841858,1.3700000047683716,1.350000023841858,1.3700000047683716,750,0.0,0.0
2024-03-15 15:30:00-04:00,1.320099949836731,1.340000033378601,1.3200000524520874,1.340000033378601,7229,0.0,0.0
2024-03-18 09:30:00-04:00,1.3600000143051147,1.3899999856948853,1.3350000381469727,1.3650000095367432,0,0.0,0.0
2024-03-18 10:30:00-04:00,1.3984999656677246,1.3984999656677246,1.3799999952316284,1.3799999952316284,1649,0.0,0.0
2024-03-18 11:30:00-04:00,1.399999976158142,1.399999976158142,1.3899999856948853,1.3899999856948853,2735,0.0,0.0
2024-03-18 12:30:00-04:00,1.399999976158142,1.409999966621399,1.3899999856948853,1.409999966621399,4246,0.0,0.0
2024-03-18 13:30:00-04:00,1.409999966621399,1.409999966621399,1.3899999856948853,1.3899999856948853,1679,0.0,0.0
2024-03-18 14:30:00-04:00,1.409999966621399,1.4199999570846558,1.3949999809265137,1.4199999570846558,2065,0.0,0.0
2024-03-18 15:30:00-04:00,1.4199999570846558,1.4199999570846558,1.4199999570846558,1.4199999570846558,691,0.0,0.0
2024-03-19 09:30:00-04:00,1.4049999713897705,1.4049999713897705,1.3700000047683716,1.399999976158142,0,0.0,0.0
2024-03-19 10:30:00-04:00,1.3769999742507935,1.399999976158142,1.3769999742507935,1.3849999904632568,937,0.0,0.0
2024-03-19 11:30:00-04:00,1.3849999904632568,1.3849999904632568,1.3849999904632568,1.3849999904632568,562,0.0,0.0
2024-03-19 12:30:00-04:00,1.3849999904632568,1.3849999904632568,1.3849999904632568,1.3849999904632568,537,0.0,0.0
2024-03-19 13:30:00-04:00,1.3849999904632568,1.3849999904632568,1.3849999904632568,1.3849999904632568,829,0.0,0.0
2024-03-19 14:30:00-04:00,1.3849999904632568,1.3849999904632568,1.3849999904632568,1.3849999904632568,482,0.0,0.0
2024-03-19 15:30:00-04:00,1.3799999952316284,1.3799999952316284,1.3300000429153442,1.3300000429153442,1597,0.0,0.0
2024-03-20 09:30:00-04:00,1.3300000429153442,1.3650000095367432,1.3300000429153442,1.3650000095367432,3779,0.0,0.0
2024-03-20 11:30:00-04:00,1.36899995803833,1.3700000047683716,1.36899995803833,1.3698999881744385,26812,0.0,0.0
2024-03-20 12:30:00-04:00,1.3799999952316284,1.3799999952316284,1.3799999952316284,1.3799999952316284,329,0.0,0.0
2024-03-20 13:30:00-04:00,1.399899959564209,1.399999976158142,1.399899959564209,1.399999976158142,449,0.0,0.0
2024-03-20 14:30:00-04:00,1.3980000019073486,1.3980000019073486,1.3980000019073486,1.3980000019073486,1420,0.0,0.0
2024-03-20 15:30:00-04:00,1.3955999612808228,1.3955999612808228,1.3899999856948853,1.3899999856948853,1114,0.0,0.0
2024-03-21 09:30:00-04:00,1.417199969291687,1.4550000429153442,1.409999966621399,1.4220999479293823,53255,0.0,0.0
2024-03-21 10:30:00-04:00,1.434000015258789,1.434000015258789,1.4249999523162842,1.4249999523162842,2611,0.0,0.0
2024-03-21 11:30:00-04:00,1.4199999570846558,1.4199999570846558,1.4199999570846558,1.4199999570846558,1971,0.0,0.0
2024-03-21 12:30:00-04:00,1.431399941444397,1.4375,1.4199999570846558,1.4217000007629395,6575,0.0,0.0
2024-03-21 13:30:00-04:00,1.4220000505447388,1.4500000476837158,1.4199999570846558,1.4199999570846558,4130,0.0,0.0
2024-03-21 14:30:00-04:00,1.4299999475479126,1.4479000568389893,1.4249999523162842,1.4249999523162842,8877,0.0,0.0
2024-03-21 15:30:00-04:00,1.4199999570846558,1.4299999475479126,1.4199999570846558,1.4299999475479126,2748,0.0,0.0
2024-03-22 09:30:00-04:00,1.4500000476837158,1.4500000476837158,1.399999976158142,1.440000057220459,12829,0.0,0.0
2024-03-22 10:30:00-04:00,1.409999966621399,1.409999966621399,1.409999966621399,1.409999966621399,2868,0.0,0.0
2024-03-22 12:30:00-04:00,1.4199999570846558,1.4199999570846558,1.409999966621399,1.4199999570846558,3170,0.0,0.0
2024-03-22 13:30:00-04:00,1.3992999792099,1.3992999792099,1.3823000192642212,1.3823000192642212,1543,0.0,0.0
2024-03-22 14:30:00-04:00,1.3899999856948853,1.3990000486373901,1.3799999952316284,1.3799999952316284,3251,0.0,0.0
2024-03-22 15:30:00-04:00,1.3799999952316284,1.3899999856948853,1.3799999952316284,1.3799999952316284,4790,0.0,0.0
2024-03-25 09:30:00-04:00,1.440000057220459,1.440000057220459,1.3700000047683716,1.4172999858856201,7538,0.0,0.0
2024-03-25 10:30:00-04:00,1.399999976158142,1.399999976158142,1.399999976158142,1.399999976158142,331,0.0,0.0
2024-03-25 11:30:00-04:00,1.3913999795913696,1.3913999795913696,1.3899999856948853,1.3899999856948853,9765,0.0,0.0
2024-03-25 12:30:00-04:00,1.3996000289916992,1.3996000289916992,1.3996000289916992,1.3996000289916992,665,0.0,0.0
2024-03-25 14:30:00-04:00,1.3901000022888184,1.3945000171661377,1.3901000022888184,1.3901000022888184,4384,0.0,0.0
2024-03-25 15:30:00-04:00,1.3949999809265137,1.3949999809265137,1.3949999809265137,1.3949999809265137,248,0.0,0.0
2024-03-26 09:30:00-04:00,1.4299999475479126,1.4299999475479126,1.3899999856948853,1.4098999500274658,18500,0.0,0.0
2024-03-26 10:30:00-04:00,1.399999976158142,1.4299999475479126,1.399999976158142,1.4299999475479126,6146,0.0,0.0
2024-03-26 12:30:00-04:00,1.429900050163269,1.429900050163269,1.429900050163269,1.429900050163269,6923,0.0,0.0
2024-03-26 14:30:00-04:00,1.4249999523162842,1.4249999523162842,1.4249999523162842,1.4249999523162842,16847,0.0,0.0
2024-03-26 15:30:00-04:00,1.3930000066757202,1.4019999504089355,1.3600000143051147,1.3600000143051147,7723,0.0,0.0
2024-03-27 09:30:00-04:00,1.3899999856948853,1.4500000476837158,1.3899999856948853,1.3946000337600708,179972,0.0,0.0
2024-03-27 10:30:00-04:00,1.395799994468689,1.4199999570846558,1.3801000118255615,1.409999966621399,13695,0.0,0.0
2024-03-27 11:30:00-04:00,1.4149999618530273,1.4499000310897827,1.4149999618530273,1.4200999736785889,18085,0.0,0.0
2024-03-27 12:30:00-04:00,1.4500000476837158,1.4700000286102295,1.4500000476837158,1.465000033378601,22708,0.0,0.0
2024-03-27 13:30:00-04:00,1.4600000381469727,1.4700000286102295,1.4600000381469727,1.4700000286102295,929,0.0,0.0
2024-03-27 14:30:00-04:00,1.4700000286102295,1.4700000286102295,1.4600000381469727,1.4600000381469727,2701,0.0,0.0
2024-03-27 15:30:00-04:00,1.4600000381469727,1.4700000286102295,1.4500000476837158,1.4700000286102295,18667,0.0,0.0
2024-03-28 09:30:00-04:00,1.4500000476837158,1.469099998474121,1.4500000476837158,1.4500000476837158,11891,0.0,0.0
2024-03-28 10:30:00-04:00,1.4520000219345093,1.5,1.4500000476837158,1.4600000381469727,21170,0.0,0.0
2024-03-28 11:30:00-04:00,1.4601000547409058,1.4601000547409058,1.4502999782562256,1.4601000547409058,10090,0.0,0.0
2024-03-28 12:30:00-04:00,1.4500999450683594,1.4586000442504883,1.4500000476837158,1.4550000429153442,6017,0.0,0.0
2024-03-28 13:30:00-04:00,1.4600000381469727,1.4600000381469727,1.4600000381469727,1.4600000381469727,200,0.0,0.0
2024-03-28 14:30:00-04:00,1.4591000080108643,1.4591000080108643,1.4500000476837158,1.4574999809265137,1723,0.0,0.0
2024-03-28 15:30:00-04:00,1.4500000476837158,1.4574999809265137,1.4500000476837158,1.4500000476837158,3016,0.0,0.0
2024-04-01 09:30:00-04:00,1.4500000476837158,1.4610999822616577,1.4500000476837158,1.4600000381469727,5353,0.0,0.0
2024-04-01 10:30:00-04:00,1.475000023841858,1.5099999904632568,1.4500000476837158,1.4600000381469727,16524,0.0,0.0
2024-04-01 12:30:00-04:00,1.465000033378601,1.465000033378601,1.465000033378601,1.465000033378601,102,0.0,0.0
2024-04-01 13:30:00-04:00,1.465000033378601,1.5099999904632568,1.465000033378601,1.5,9850,0.0,0.0
2024-04-01 14:30:00-04:00,1.5099999904632568,1.5099999904632568,1.4950000047683716,1.5,13556,0.0,0.0
2024-04-01 15:30:00-04:00,1.4950000047683716,1.5,1.475000023841858,1.4800000190734863,6221,0.0,0.0
2024-04-02 09:30:00-04:00,1.4600000381469727,1.4600000381469727,1.4502999782562256,1.4502999782562256,2794,0.0,0.0
2024-04-02 10:30:00-04:00,1.4500000476837158,1.4500000476837158,1.4199999570846558,1.4500000476837158,7518,0.0,0.0
2024-04-02 11:30:00-04:00,1.440000057220459,1.4500999450683594,1.440000057220459,1.4500999450683594,6928,0.0,0.0
2024-04-02 12:30:00-04:00,1.440000057220459,1.4500000476837158,1.440000057220459,1.4500000476837158,1245,0.0,0.0
2024-04-02 13:30:00-04:00,1.4500000476837158,1.4594999551773071,1.4500000476837158,1.4594999551773071,706,0.0,0.0
2024-04-02 14:30:00-04:00,1.4500000476837158,1.4500000476837158,1.4500000476837158,1.4500000476837158,344,0.0,0.0
2024-04-02 15:30:00-04:00,1.4600000381469727,1.4900000095367432,1.440000057220459,1.4900000095367432,8793,0.0,0.0
2024-04-03 09:30:00-04:00,1.5399999618530273,1.590000033378601,1.5099999904632568,1.524999976158142,65072,0.0,0.0
2024-04-03 10:30:00-04:00,1.5299999713897705,1.5418000221252441,1.5228999853134155,1.5418000221252441,8760,0.0,0.0
2024-04-03 11:30:00-04:00,1.5398999452590942,1.5399999618530273,1.534999966621399,1.534999966621399,4938,0.0,0.0
2024-04-03 12:30:00-04:00,1.534999966621399,1.5499999523162842,1.534999966621399,1.5499999523162842,6917,0.0,0.0
2024-04-03 13:30:00-04:00,1.5399999618530273,1.5499999523162842,1.5299999713897705,1.5299999713897705,3123,0.0,0.0
2024-04-03 14:30:00-04:00,1.5399999618530273,1.5399999618530273,1.5299999713897705,1.5399999618530273,5641,0.0,0.0
2024-04-03 15:30:00-04:00,1.5299999713897705,1.5399999618530273,1.5199999809265137,1.5199999809265137,12191,0.0,0.0
2024-04-04 09:30:00-04:00,1.5199999809265137,1.5499999523162842,1.5199999809265137,1.5399999618530273,3687,0.0,0.0
2024-04-04 10:30:00-04:00,1.5202000141143799,1.520300030708313,1.4700000286102295,1.4797999858856201,23585,0.0,0.0
2024-04-04 11:30:00-04:00,1.5,1.5,1.4700000286102295,1.4700000286102295,3111,0.0,0.0
2024-04-04 12:30:00-04:00,1.472000002861023,1.4800000190734863,1.4700000286102295,1.4800000190734863,1541,0.0,0.0
2024-04-04 13:30:00-04:00,1.475000023841858,1.475000023841858,1.4701000452041626,1.4701000452041626,5522,0.0,0.0
2024-04-04 14:30:00-04:00,1.4701000452041626,1.475000023841858,1.460800051689148,1.460800051689148,16667,0.0,0.0
2024-04-04 15:30:00-04:00,1.4601000547409058,1.475000023841858,1.4600000381469727,1.4700000286102295,8232,0.0,0.0
2024-04-05 09:30:00-04:00,1.4700000286102295,1.4900000095367432,1.4700000286102295,1.4824999570846558,4712,0.0,0.0
2024-04-05 10:30:00-04:00,1.4789999723434448,1.5202000141143799,1.4789999723434448,1.5199999809265137,21851,0.0,0.0
2024-04-05 12:30:00-04:00,1.5,1.500100016593933,1.5,1.500100016593933,813,0.0,0.0
2024-04-05 13:30:00-04:00,1.5299999713897705,1.5299999713897705,1.5299999713897705,1.5299999713897705,207,0.0,0.0
2024-04-05 14:30:00-04:00,1.5119999647140503,1.517799973487854,1.4900000095367432,1.517799973487854,5482,0.0,0.0
2024-04-05 15:30:00-04:00,1.5149999856948853,1.5198999643325806,1.5099999904632568,1.5099999904632568,10186,0.0,0.0
2024-04-08 09:30:00-04:00,1.5199999809265137,1.5282000303268433,1.4900000095367432,1.4914000034332275,3053,0.0,0.0
2024-04-08 11:30:00-04:00,1.5149999856948853,1.5149999856948853,1.5,1.5,4270,0.0,0.0
2024-04-08 12:30:00-04:00,1.5019999742507935,1.5019999742507935,1.5,1.5,481,0.0,0.0
2024-04-08 13:30:00-04:00,1.5,1.5,1.5,1.5,402,0.0,0.0
2024-04-08 14:30:00-04:00,1.5,1.5199999809265137,1.5,1.5,17429,0.0,0.0
2024-04-08 15:30:00-04:00,1.5,1.5,1.5,1.5,410,0.0,0.0
2024-04-09 09:30:00-04:00,1.4900000095367432,1.5399999618530273,1.4900000095367432,1.5299999713897705,9102,0.0,0.0
2024-04-09 10:30:00-04:00,1.5049999952316284,1.5049999952316284,1.5049999952316284,1.5049999952316284,767,0.0,0.0
2024-04-09 11:30:00-04:00,1.5049999952316284,1.5049999952316284,1.5049999952316284,1.5049999952316284,164,0.0,0.0
2024-04-09 12:30:00-04:00,1.4925999641418457,1.4925999641418457,1.4901000261306763,1.492300033569336,3591,0.0,0.0
2024-04-09 13:30:00-04:00,1.5099999904632568,1.5099999904632568,1.5099999904632568,1.5099999904632568,0,0.0,0.0
2024-04-09 14:30:00-04:00,1.4914000034332275,1.4914000034332275,1.4900000095367432,1.4900000095367432,892,0.0,0.0
2024-04-09 15:30:00-04:00,1.5,1.5,1.4900000095367432,1.4901000261306763,2475,0.0,0.0
2024-04-10 09:30:00-04:00,1.5,1.5700000524520874,1.4900000095367432,1.5199999809265137,8088,0.0,0.0
2024-04-10 10:30:00-04:00,1.510599970817566,1.510599970817566,1.510599970817566,1.510599970817566,282,0.0,0.0
2024-04-10 12:30:00-04:00,1.51010000705719,1.5199999809265137,1.5099999904632568,1.5199999809265137,1922,0.0,0.0
2024-04-10 13:30:00-04:00,1.5099999904632568,1.5099999904632568,1.5099999904632568,1.5099999904632568,107,0.0,0.0
2024-04-10 14:30:00-04:00,1.5199999809265137,1.5199999809265137,1.4900000095367432,1.5199999809265137,124,0.0,0.0
2024-04-10 15:30:00-04:00,1.510200023651123,1.5199999809265137,1.5099999904632568,1.5199999809265137,9263,0.0,0.0
2024-04-11 09:30:00-04:00,1.559999942779541,1.590000033378601,1.5540000200271606,1.5598000288009644,12549,0.0,0.0
2024-04-11 12:30:00-04:00,1.547700047492981,1.5499999523162842,1.5436999797821045,1.5499999523162842,1474,0.0,0.0
2024-04-11 13:30:00-04:00,1.5498000383377075,1.5499999523162842,1.5399999618530273,1.5499999523162842,5675,0.0,0.0
2024-04-11 14:30:00-04:00,1.5599000453948975,1.5599000453948975,1.5599000453948975,1.5599000453948975,598,0.0,0.0
2024-04-11 15:30:00-04:00,1.5399999618530273,1.559999942779541,1.5299999713897705,1.5399999618530273,2939,0.0,0.0
2024-04-12 09:30:00-04:00,1.590000033378601,1.6398999691009521,1.5399999618530273,1.5399999618530273,39126,0.0,0.0
2024-04-12 10:30:00-04:00,1.5399999618530273,1.5399999618530273,1.5399999618530273,1.5399999618530273,1637,0.0,0.0
2024-04-12 11:30:00-04:00,1.5499999523162842,1.559999942779541,1.5499999523162842,1.559999942779541,725,0.0,0.0
2024-04-12 12:30:00-04:00,1.5499999523162842,1.559999942779541,1.5499999523162842,1.5549999475479126,6557,0.0,0.0
2024-04-12 13:30:00-04:00,1.5549999475479126,1.559999942779541,1.5499999523162842,1.5499999523162842,5314,0.0,0.0
2024-04-12 14:30:00-04:00,1.5549999475479126,1.559999942779541,1.5499999523162842,1.5499999523162842,2950,0.0,0.0
2024-04-12 15:30:00-04:00,1.5499999523162842,1.5800000429153442,1.5499999523162842,1.5499999523162842,1304,0.0,0.0
2024-04-15 09:30:00-04:00,1.590000033378601,1.590000033378601,1.5399999618530273,1.5399999618530273,4972,0.0,0.0
2024-04-15 10:30:00-04:00,1.5399999618530273,1.5399999618530273,1.5240000486373901,1.5399999618530273,1310,0.0,0.0
2024-04-15 11:30:00-04:00,1.5399999618530273,1.5799000263214111,1.5199999809265137,1.5199999809265137,881,0.0,0.0
2024-04-15 13:30:00-04:00,1.5199999809265137,1.5399999618530273,1.5199999809265137,1.5399999618530273,2975,0.0,0.0
2024-04-15 14:30:00-04:00,1.5199999809265137,1.5299999713897705,1.5199999809265137,1.5271999835968018,6515,0.0,0.0
2024-04-15 15:30:00-04:00,1.5399999618530273,1.5399999618530273,1.5399999618530273,1.5399999618530273,342,0.0,0.0
2024-04-16 09:30:00-04:00,1.5099999904632568,1.5199999809265137,1.480299949645996,1.5099999904632568,18222,0.0,0.0
2024-04-16 10:30:00-04:00,1.5095000267028809,1.5099999904632568,1.4900000095367432,1.5,1619,0.0,0.0
2024-04-16 11:30:00-04:00,1.4900000095367432,1.5099999904632568,1.4900000095367432,1.5099999904632568,455,0.0,0.0
2024-04-16 12:30:00-04:00,1.5199999809265137,1.5199999809265137,1.5199999809265137,1.5199999809265137,957,0.0,0.0
2024-04-16 13:30:00-04:00,1.5199999809265137,1.5199999809265137,1.5049999952316284,1.5199999809265137,528,0.0,0.0
2024-04-16 14:30:00-04:00,1.5199999809265137,1.5199999809265137,1.503000020980835,1.5199999809265137,1278,0.0,0.0
2024-04-16 15:30:00-04:00,1.5199999809265137,1.5199999809265137,1.5199999809265137,1.5199999809265137,1078,0.0,0.0
2024-04-17 09:30:00-04:00,1.4600000381469727,1.4600000381469727,1.4199999570846558,1.44760000705719,21895,0.0,0.0
2024-04-17 10:30:00-04:00,1.4700000286102295,1.4700000286102295,1.4700000286102295,1.4700000286102295,1182,0.0,0.0
2024-04-17 11:30:00-04:00,1.4401999711990356,1.4600000381469727,1.4400999546051025,1.4600000381469727,4418,0.0,0.0
2024-04-17 13:30:00-04:00,1.4800000190734863,1.4800000190734863,1.4601000547409058,1.4601000547409058,5270,0.0,0.0
2024-04-17 14:30:00-04:00,1.4500000476837158,1.4500000476837158,1.440000057220459,1.440999984741211,1614,0.0,0.0
2024-04-17 15:30:00-04:00,1.4453999996185303,1.4600000381469727,1.4299999475479126,1.4299999475479126,5903,0.0,0.0
2024-04-18 09:30:00-04:00,1.4199999570846558,1.5045000314712524,1.4199999570846558,1.4500000476837158,10751,0.0,0.0
2024-04-18 12:30:00-04:00,1.4500000476837158,1.4500000476837158,1.444100022315979,1.4500000476837158,2238,0.0,0.0
2024-04-18 13:30:00-04:00,1.4400999546051025,1.4400999546051025,1.4400999546051025,1.4400999546051025,2586,0.0,0.0
2024-04-18 14:30:00-04:00,1.4450000524520874,1.4450000524520874,1.4199999570846558,1.4199999570846558,5630,0.0,0.0
2024-04-19 09:30:00-04:00,1.399999976158142,1.4098999500274658,1.3899999856948853,1.399999976158142,6327,0.0,0.0
2024-04-19 10:30:00-04:00,1.399999976158142,1.399999976158142,1.399999976158142,1.399999976158142,71,0.0,0.0
2024-04-19 12:30:00-04:00,1.3901000022888184,1.3902000188827515,1.3901000022888184,1.3901000022888184,3058,0.0,0.0
2024-04-19 14:30:00-04:00,1.3899999856948853,1.399999976158142,1.3899999856948853,1.3949999809265137,5222,0.0,0.0
2024-04-19 15:30:00-04:00,1.3949999809265137,1.3949999809265137,1.3918999433517456,1.3949999809265137,1852,0.0,0.0
2024-04-22 09:30:00-04:00,1.409999966621399,1.409999966621399,1.309999942779541,1.3650000095367432,7106,0.0,0.0
2024-04-22 10:30:00-04:00,1.340000033378601,1.3650000095367432,1.340000033378601,1.340000033378601,2948,0.0,0.0
2024-04-22 12:30:00-04:00,1.3300000429153442,1.3300000429153442,1.3300000429153442,1.3300000429153442,390,0.0,0.0
2024-04-22 13:30:00-04:00,1.3355000019073486,1.3355000019073486,1.3200000524520874,1.3300000429153442,2268,0.0,0.0
2024-04-22 14:30:00-04:00,1.3300000429153442,1.3300000429153442,1.3300000429153442,1.3300000429153442,70,0.0,0.0
2024-04-22 15:30:00-04:00,1.340000033378601,1.350000023841858,1.3308000564575195,1.350000023841858,2224,0.0,0.0
2024-04-23 09:30:00-04:00,1.350000023841858,1.3700000047683716,1.350000023841858,1.3600000143051147,1886,0.0,0.0
2024-04-23 10:30:00-04:00,1.3600000143051147,1.3799999952316284,1.3600000143051147,1.3600000143051147,3969,0.0,0.0
2024-04-23 13:30:00-04:00,1.3600000143051147,1.3600000143051147,1.3377000093460083,1.340000033378601,2247,0.0,0.0
2024-04-23 14:30:00-04:00,1.340000033378601,1.3600000143051147,1.340000033378601,1.3600000143051147,995,0.0,0.0
2024-04-24 09:30:00-04:00,1.3300000429153442,1.3899999856948853,1.3300000429153442,1.350000023841858,2489,0.0,0.0
2024-04-24 10:30:00-04:00,1.340000033378601,1.340000033378601,1.3200000524520874,1.3200000524520874,669,0.0,0.0
2024-04-24 11:30:00-04:00,1.340000033378601,1.340000033378601,1.340000033378601,1.340000033378601,973,0.0,0.0
2024-04-24 12:30:00-04:00,1.3550000190734863,1.3550000190734863,1.3550000190734863,1.3550000190734863,242,0.0,0.0
2024-04-24 13:30:00-04:00,1.344599962234497,1.3600000143051147,1.344599962234497,1.3600000143051147,649,0.0,0.0
2024-04-24 15:30:00-04:00,1.350000023841858,1.350000023841858,1.340000033378601,1.340000033378601,3004,0.0,0.0
2024-04-25 09:30:00-04:00,1.3700000047683716,1.3700000047683716,1.3700000047683716,1.3700000047683716,396,0.0,0.0
2024-04-25 10:30:00-04:00,1.340000033378601,1.340000033378601,1.340000033378601,1.340000033378601,352,0.0,0.0
2024-04-25 11:30:00-04:00,1.3305000066757202,1.3305000066757202,1.3305000066757202,1.3305000066757202,1125,0.0,0.0
2024-04-25 13:30:00-04:00,1.3380999565124512,1.350000023841858,1.3346999883651733,1.3346999883651733,2087,0.0,0.0
2024-04-26 09:30:00-04:00,1.320099949836731,1.3220000267028809,1.320099949836731,1.3220000267028809,1544,0.0,0.0
2024-04-26 10:30:00-04:00,1.3255000114440918,1.3300000429153442,1.3255000114440918,1.3300000429153442,586,0.0,0.0
2024-04-26 11:30:00-04:00,1.315000057220459,1.315000057220459,1.2999999523162842,1.2999999523162842,2764,0.0,0.0
2024-04-26 12:30:00-04:00,1.309999942779541,1.309999942779541,1.309999942779541,1.309999942779541,1370,0.0,0.0
2024-04-29 09:30:00-04:00,1.2799999713897705,1.3200000524520874,1.2799999713897705,1.3066999912261963,9381,0.0,0.0
2024-04-29 10:30:00-04:00,1.2999999523162842,1.2999999523162842,1.2999999523162842,1.2999999523162842,447,0.0,0.0
2024-04-29 12:30:00-04:00,1.3200000524520874,1.3200000524520874,1.2999999523162842,1.2999999523162842,1302,0.0,0.0
2024-04-29 15:30:00-04:00,1.340000033378601,1.340000033378601,1.2999999523162842,1.309999942779541,3200,0.0,0.0
2024-04-30 09:30:00-04:00,1.309999942779541,1.309999942779541,1.2799999713897705,1.3083000183105469,12392,0.0,0.0
2024-04-30 10:30:00-04:00,1.2899999618530273,1.2949999570846558,1.2799999713897705,1.2949999570846558,5311,0.0,0.0
2024-04-30 12:30:00-04:00,1.2899999618530273,1.2899999618530273,1.2899999618530273,1.2899999618530273,611,0.0,0.0
2024-04-30 13:30:00-04:00,1.2899999618530273,1.2899999618530273,1.2799999713897705,1.2799999713897705,2545,0.0,0.0
2024-04-30 15:30:00-04:00,1.2799999713897705,1.2899999618530273,1.2799999713897705,1.2899999618530273,910,0.0,0.0
2024-05-01 09:30:00-04:00,1.3213000297546387,1.3213000297546387,1.3213000297546387,1.3213000297546387,455,0.0,0.0
2024-05-01 10:30:00-04:00,1.2999999523162842,1.2999999523162842,1.2999999523162842,1.2999999523162842,813,0.0,0.0
2024-05-01 14:30:00-04:00,1.3199000358581543,1.3199000358581543,1.3199000358581543,1.3199000358581543,3680,0.0,0.0
2024-05-02 09:30:00-04:00,1.340000033378601,1.350000023841858,1.340000033378601,1.350000023841858,6325,0.0,0.0
2024-05-02 10:30:00-04:00,1.3300000429153442,1.3300000429153442,1.3300000429153442,1.3300000429153442,2188,0.0,0.0
2024-05-02 11:30:00-04:00,1.3300000429153442,1.3300000429153442,1.309999942779541,1.3200000524520874,1777,0.0,0.0
2024-05-02 12:30:00-04:00,1.3174999952316284,1.350000023841858,1.3174999952316284,1.350000023841858,2643,0.0,0.0
2024-05-02 13:30:00-04:00,1.3200000524520874,1.350000023841858,1.3200000524520874,1.350000023841858,5787,0.0,0.0
2024-05-02 14:30:00-04:00,1.3799999952316284,1.3799999952316284,1.3799999952316284,1.3799999952316284,936,0.0,0.0
2024-05-03 09:30:00-04:00,1.3730000257492065,1.3730000257492065,1.3550000190734863,1.3550000190734863,996,0.0,0.0
2024-05-03 11:30:00-04:00,1.3600000143051147,1.3600000143051147,1.3600000143051147,1.3600000143051147,847,0.0,0.0
2024-05-03 13:30:00-04:00,1.3588000535964966,1.3588000535964966,1.3588000535964966,1.3588000535964966,879,0.0,0.0
2024-05-03 14:30:00-04:00,1.340000033378601,1.3700000047683716,1.2900999784469604,1.3700000047683716,13769,0.0,0.0
2024-05-03 15:30:00-04:00,1.340000033378601,1.340000033378601,1.340000033378601,1.340000033378601,2173,0.0,0.0
2024-05-06 09:30:00-04:00,1.309999942779541,1.3650000095367432,1.309999942779541,1.350000023841858,0,0.0,0.0
2024-05-06 10:30:00-04:00,1.3600000143051147,1.3700000047683716,1.309999942779541,1.3600000143051147,2388,0.0,0.0
2024-05-06 11:30:00-04:00,1.3300000429153442,1.3300000429153442,1.3300000429153442,1.3300000429153442,220,0.0,0.0
2024-05-06 12:30:00-04:00,1.3600000143051147,1.3600000143051147,1.3598999977111816,1.3600000143051147,1911,0.0,0.0
2024-05-06 13:30:00-04:00,1.3600000143051147,1.3700000047683716,1.3600000143051147,1.3700000047683716,930,0.0,0.0
2024-05-06 14:30:00-04:00,1.3700000047683716,1.3799999952316284,1.340000033378601,1.340000033378601,1044,0.0,0.0
2024-05-06 15:30:00-04:00,1.375,1.3799999952316284,1.3389999866485596,1.340000033378601,3407,0.0,0.0
2024-05-07 09:30:00-04:00,1.340000033378601,1.3899999856948853,1.340000033378601,1.3799999952316284,14712,0.0,0.0
2024-05-07 10:30:00-04:00,1.3899999856948853,1.3899999856948853,1.3899999856948853,1.3899999856948853,1408,0.0,0.0
2024-05-07 11:30:00-04:00,1.3899999856948853,1.399999976158142,1.3898999691009521,1.3899999856948853,10303,0.0,0.0
2024-05-07 12:30:00-04:00,1.399999976158142,1.399999976158142,1.388200044631958,1.388200044631958,1599,0.0,0.0
2024-05-07 13:30:00-04:00,1.399999976158142,1.399999976158142,1.399999976158142,1.399999976158142,440,0.0,0.0
2024-05-07 14:30:00-04:00,1.399999976158142,1.399999976158142,1.3738000392913818,1.399999976158142,1968,0.0,0.0
2024-05-07 15:30:00-04:00,1.399999976158142,1.399999976158142,1.350000023841858,1.350000023841858,5951,0.0,0.0
2024-05-08 09:30:00-04:00,1.350000023841858,1.4199999570846558,1.350000023841858,1.3799999952316284,4420,0.0,0.0
2024-05-08 10:30:00-04:00,1.409999966621399,1.409999966621399,1.409999966621399,1.409999966621399,2045,0.0,0.0
2024-05-08 11:30:00-04:00,1.409999966621399,1.409999966621399,1.409999966621399,1.409999966621399,914,0.0,0.0
2024-05-08 12:30:00-04:00,1.409999966621399,1.409999966621399,1.3941999673843384,1.3941999673843384,408,0.0,0.0
2024-05-08 13:30:00-04:00,1.409999966621399,1.409999966621399,1.409999966621399,1.409999966621399,224,0.0,0.0
2024-05-08 14:30:00-04:00,1.409999966621399,1.409999966621399,1.3949999809265137,1.409999966621399,1787,0.0,0.0
2024-05-08 15:30:00-04:00,1.409999966621399,1.409999966621399,1.409999966621399,1.409999966621399,497,0.0,0.0
2024-05-09 09:30:00-04:00,1.3799999952316284,1.4500000476837158,1.3799999952316284,1.4421000480651855,7515,0.0,0.0
2024-05-09 10:30:00-04:00,1.4467999935150146,1.4900000095367432,1.4199999570846558,1.4500000476837158,11500,0.0,0.0
2024-05-09 11:30:00-04:00,1.4600000381469727,1.4600000381469727,1.4600000381469727,1.4600000381469727,1366,0.0,0.0
2024-05-09 12:30:00-04:00,1.4600000381469727,1.4600000381469727,1.4428000450134277,1.4600000381469727,1966,0.0,0.0
2024-05-09 13:30:00-04:00,1.4600000381469727,1.4700000286102295,1.4600000381469727,1.4700000286102295,2949,0.0,0.0
2024-05-09 14:30:00-04:00,1.4600000381469727,1.4700000286102295,1.4600000381469727,1.4609999656677246,16893,0.0,0.0
2024-05-09 15:30:00-04:00,1.4600000381469727,1.4600000381469727,1.455199956893921,1.4600000381469727,5546,0.0,0.0
2024-05-10 09:30:00-04:00,1.4800000190734863,1.4900000095367432,1.4622000455856323,1.4900000095367432,5820,0.0,0.0
2024-05-10 10:30:00-04:00,1.5,1.5099999904632568,1.4800000190734863,1.4800000190734863,2918,0.0,0.0
2024-05-10 11:30:00-04:00,1.5,1.503999948501587,1.4850000143051147,1.4850000143051147,682,0.0,0.0
2024-05-10 12:30:00-04:00,1.4900000095367432,1.4900000095367432,1.4900000095367432,1.4900000095367432,2095,0.0,0.0
2024-05-10 13:30:00-04:00,1.49399995803833,1.5099999904632568,1.4919999837875366,1.5099999904632568,1213,0.0,0.0
2024-05-10 14:30:00-04:00,1.5099999904632568,1.5299999713897705,1.4947999715805054,1.5099999904632568,4956,0.0,0.0
2024-05-10 15:30:00-04:00,1.5299999713897705,1.5499999523162842,1.5199999809265137,1.5299999713897705,12456,0.0,0.0
2024-05-13 09:30:00-04:00,1.5299999713897705,1.5299999713897705,1.4801000356674194,1.4801000356674194,19525,0.0,0.0
2024-05-13 10:30:00-04:00,1.5198999643325806,1.5198999643325806,1.5,1.5,5789,0.0,0.0
2024-05-13 11:30:00-04:00,1.5,1.5199999809265137,1.4900000095367432,1.4900000095367432,3774,0.0,0.0
2024-05-13 12:30:00-04:00,1.5299999713897705,1.5299999713897705,1.5199999809265137,1.5199999809265137,2676,0.0,0.0
2024-05-13 13:30:00-04:00,1.5299999713897705,1.5299999713897705,1.5199999809265137,1.5199999809265137,1452,0.0,0.0
2024-05-13 14:30:00-04:00,1.5399999618530273,1.5399999618530273,1.5049999952316284,1.5049999952316284,1688,0.0,0.0
2024-05-13 15:30:00-04:00,1.5199999809265137,1.5199999809265137,1.5199999809265137,1.5199999809265137,788,0.0,0.0
2024-05-14 09:30:00-04:00,1.5299999713897705,1.5299999713897705,1.4600000381469727,1.4600000381469727,10635,0.0,0.0
2024-05-14 10:30:00-04:00,1.4850000143051147,1.4850000143051147,1.4600000381469727,1.4678000211715698,2330,0.0,0.0
2024-05-14 11:30:00-04:00,1.49590003490448,1.49590003490448,1.49590003490448,1.49590003490448,223,0.0,0.0
2024-05-14 12:30:00-04:00,1.4900000095367432,1.4900000095367432,1.4500000476837158,1.4819999933242798,11699,0.0,0.0
2024-05-14 14:30:00-04:00,1.4600000381469727,1.4889999628067017,1.4500000476837158,1.4889999628067017,16593,0.0,0.0
2024-05-15 11:30:00-04:00,1.4700000286102295,1.4700000286102295,1.4600000381469727,1.4600000381469727,352,0.0,0.0
2024-05-15 12:30:00-04:00,1.4601999521255493,1.4602999687194824,1.4601999521255493,1.4602999687194824,2179,0.0,0.0
2024-05-15 14:30:00-04:00,1.4900000095367432,1.4900000095367432,1.4900000095367432,1.4900000095367432,342,0.0,0.0
2024-05-15 15:30:00-04:00,1.4900000095367432,1.4900000095367432,1.4900000095367432,1.4900000095367432,136,0.0,0.0
2024-05-16 09:30:00-04:00,1.4500000476837158,1.4500000476837158,1.3867000341415405,1.4500000476837158,4125,0.0,0.0
2024-05-16 10:30:00-04:00,1.4500000476837158,1.4500000476837158,1.4500000476837158,1.4500000476837158,477,0.0,0.0
2024-05-16 11:30:00-04:00,1.4500000476837158,1.4500000476837158,1.416200041770935,1.4500000476837158,1250,0.0,0.0
2024-05-16 12:30:00-04:00,1.4500000476837158,1.4500000476837158,1.4500000476837158,1.4500000476837158,1425,0.0,0.0
2024-05-16 13:30:00-04:00,1.4500000476837158,1.4500000476837158,1.4500000476837158,1.4500000476837158,972,0.0,0.0
2024-05-16 14:30:00-04:00,1.4500000476837158,1.4500000476837158,1.4459999799728394,1.4500000476837158,2799,0.0,0.0
2024-05-16 15:30:00-04:00,1.4299999475479126,1.4500000476837158,1.4299999475479126,1.440000057220459,636,0.0,0.0
2024-05-17 09:30:00-04:00,1.399999976158142,1.413599967956543,1.3899999856948853,1.409999966621399,2632,0.0,0.0
2024-05-17 10:30:00-04:00,1.4049999713897705,1.4049999713897705,1.4049999713897705,1.4049999713897705,409,0.0,0.0
2024-05-17 11:30:00-04:00,1.399999976158142,1.399999976158142,1.399999976158142,1.399999976158142,142,0.0,0.0
2024-05-17 12:30:00-04:00,1.399999976158142,1.4299999475479126,1.399999976158142,1.4299999475479126,1480,0.0,0.0
2024-05-17 13:30:00-04:00,1.4249999523162842,1.4249999523162842,1.4249999523162842,1.4249999523162842,851,0.0,0.0
2024-05-17 14:30:00-04:00,1.4299999475479126,1.4299999475479126,1.4199999570846558,1.420799970626831,944,0.0,0.0
2024-05-17 15:30:00-04:00,1.4351999759674072,1.4500000476837158,1.4299999475479126,1.4299999475479126,807,0.0,0.0
2024-05-20 09:30:00-04:00,1.4199999570846558,1.4199999570846558,1.3799999952316284,1.3813999891281128,0,0.0,0.0
2024-05-20 10:30:00-04:00,1.3523000478744507,1.3547999858856201,1.350000023841858,1.350000023841858,4273,0.0,0.0
2024-05-20 12:30:00-04:00,1.4011000394821167,1.4011000394821167,1.4011000394821167,1.4011000394821167,246,0.0,0.0
2024-05-20 14:30:00-04:00,1.4081000089645386,1.4098999500274658,1.3940999507904053,1.4098999500274658,3741,0.0,0.0
2024-05-20 15:30:00-04:00,1.409999966621399,1.409999966621399,1.3799999952316284,1.3799999952316284,748,0.0,0.0
2024-05-21 10:30:00-04:00,1.440000057220459,1.440000057220459,1.3899999856948853,1.3899999856948853,2735,0.0,0.0
2024-05-21 11:30:00-04:00,1.445099949836731,1.445099949836731,1.445099949836731,1.445099949836731,1315,0.0,0.0
2024-05-21 12:30:00-04:00,1.3899999856948853,1.4500000476837158,1.3899999856948853,1.4420000314712524,2551,0.0,0.0
2024-05-21 13:30:00-04:00,1.440000057220459,1.4600000381469727,1.4229999780654907,1.4600000381469727,7012,0.0,0.0
2024-05-21 14:30:00-04:00,1.4199999570846558,1.4600000381469727,1.409999966621399,1.409999966621399,5453,0.0,0.0
2024-05-21 15:30:00-04:00,1.4199999570846558,1.4199999570846558,1.4199999570846558,1.4199999570846558,722,0.0,0.0
2024-05-22 09:30:00-04:00,1.3899999856948853,1.4149999618530273,1.375100016593933,1.4149999618530273,1608,0.0,0.0
2024-05-22 10:30:00-04:00,1.440000057220459,1.440000057220459,1.440000057220459,1.440000057220459,200,0.0,0.0
2024-05-22 11:30:00-04:00,1.3701000213623047,1.3701000213623047,1.3701000213623047,1.3701000213623047,243,0.0,0.0
2024-05-22 12:30:00-04:00,1.3717000484466553,1.3717000484466553,1.3717000484466553,1.3717000484466553,200,0.0,0.0
2024-05-22 13:30:00-04:00,1.4111000299453735,1.4111000299453735,1.4111000299453735,1.4111000299453735,177,0.0,0.0
2024-05-22 15:30:00-04:00,1.3700000047683716,1.3944000005722046,1.3700000047683716,1.3944000005722046,395,0.0,0.0
2024-05-23 09:30:00-04:00,1.3799999952316284,1.3799999952316284,1.3703999519348145,1.3798999786376953,1850,0.0,0.0
2024-05-23 11:30:00-04:00,1.3837000131607056,1.3837000131607056,1.3837000131607056,1.3837000131607056,274,0.0,0.0
2024-05-23 13:30:00-04:00,1.3899999856948853,1.3899999856948853,1.3899999856948853,1.3899999856948853,417,0.0,0.0
2024-05-23 14:30:00-04:00,1.3503999710083008,1.3503999710083008,1.3503999710083008,1.3503999710083008,1159,0.0,0.0
2024-05-23 15:30:00-04:00,1.350000023841858,1.350000023841858,1.350000023841858,1.350000023841858,274,0.0,0.0
2024-05-24 09:30:00-04:00,1.3401000499725342,1.3401000499725342,1.3200000524520874,1.3200000524520874,1706,0.0,0.0
2024-05-24 10:30:00-04:00,1.3483999967575073,1.3483999967575073,1.3483999967575073,1.3483999967575073,148,0.0,0.0
2024-05-24 12:30:00-04:00,1.350000023841858,1.3600000143051147,1.350000023841858,1.3600000143051147,897,0.0,0.0
2024-05-24 15:30:00-04:00,1.3300000429153442,1.3300000429153442,1.3200000524520874,1.3279999494552612,3065,0.0,0.0
2024-05-28 09:30:00-04:00,1.3200000524520874,1.3700000047683716,1.3200000524520874,1.3300000429153442,3947,0.0,0.0
2024-05-28 10:30:00-04:00,1.3799999952316284,1.3799999952316284,1.3200000524520874,1.3200000524520874,432,0.0,0.0
2024-05-28 11:30:00-04:00,1.340000033378601,1.340000033378601,1.340000033378601,1.340000033378601,205,0.0,0.0
2024-05-28 12:30:00-04:00,1.320099949836731,1.340000033378601,1.2999999523162842,1.2999999523162842,47294,0.0,0.0
2024-05-28 13:30:00-04:00,1.3200000524520874,1.3200000524520874,1.2999999523162842,1.2999999523162842,2196,0.0,0.0
2024-05-28 14:30:00-04:00,1.309999942779541,1.309999942779541,1.309999942779541,1.309999942779541,528,0.0,0.0
2024-05-28 15:30:00-04:00,1.3200000524520874,1.3480000495910645,1.319000005722046,1.3206000328063965,2311,0.0,0.0
2024-05-29 09:30:00-04:00,1.350000023841858,1.350000023841858,1.340000033378601,1.340000033378601,941,0.0,0.0
2024-05-29 10:30:00-04:00,1.340000033378601,1.3450000286102295,1.3300000429153442,1.3450000286102295,1416,0.0,0.0
2024-05-29 11:30:00-04:00,1.3600000143051147,1.3600000143051147,1.3600000143051147,1.3600000143051147,552,0.0,0.0
2024-05-29 12:30:00-04:00,1.3600000143051147,1.3600000143051147,1.340000033378601,1.3600000143051147,2148,0.0,0.0
2024-05-29 13:30:00-04:00,1.3600000143051147,1.3600000143051147,1.3600000143051147,1.3600000143051147,624,0.0,0.0
2024-05-29 14:30:00-04:00,1.340000033378601,1.340000033378601,1.309999942779541,1.3300000429153442,7058,0.0,0.0
2024-05-29 15:30:00-04:00,1.350000023841858,1.350000023841858,1.340000033378601,1.340000033378601,920,0.0,0.0
2024-05-30 09:30:00-04:00,1.3899999856948853,1.3899999856948853,1.379699945449829,1.3799999952316284,4538,0.0,0.0
2024-05-30 10:30:00-04:00,1.3799999952316284,1.3799999952316284,1.3799999952316284,1.3799999952316284,525,0.0,0.0
2024-05-30 12:30:00-04:00,1.3700000047683716,1.3700000047683716,1.3700000047683716,1.3700000047683716,342,0.0,0.0
2024-05-30 13:30:00-04:00,1.3700000047683716,1.3798999786376953,1.3700000047683716,1.3798999786376953,5342,0.0,0.0
2024-05-30 14:30:00-04:00,1.350000023841858,1.3799999952316284,1.350000023841858,1.3799999952316284,1471,0.0,0.0
2024-05-30 15:30:00-04:00,1.350000023841858,1.350000023841858,1.350000023841858,1.350000023841858,201,0.0,0.0
2024-05-31 09:30:00-04:00,1.3899999856948853,1.3899999856948853,1.3803999423980713,1.3803999423980713,6628,0.0,0.0
2024-05-31 10:30:00-04:00,1.3799999952316284,1.4098999500274658,1.3700000047683716,1.4098999500274658,18596,0.0,0.0
2024-05-31 11:30:00-04:00,1.3799999952316284,1.3918999433517456,1.3799999952316284,1.3918999433517456,1679,0.0,0.0
2024-05-31 13:30:00-04:00,1.4199999570846558,1.4199999570846558,1.3700000047683716,1.3700000047683716,3037,0.0,0.0
2024-05-31 15:30:00-04:00,1.4199999570846558,1.4199999570846558,1.399999976158142,1.399999976158142,2010,0.0,0.0
2024-06-03 09:30:00-04:00,1.4199999570846558,1.4579999446868896,1.4000999927520752,1.4000999927520752,5554,0.0,0.0
2024-06-03 10:30:00-04:00,1.4600000381469727,1.4600000381469727,1.4199999570846558,1.4200999736785889,5269,0.0,0.0
2024-06-03 11:30:00-04:00,1.440000057220459,1.440000057220459,1.3899999856948853,1.409999966621399,20633,0.0,0.0
2024-06-03 12:30:00-04:00,1.4199999570846558,1.4199999570846558,1.399999976158142,1.399999976158142,699,0.0,0.0
2024-06-03 13:30:00-04:00,1.4199999570846558,1.4299999475479126,1.4199999570846558,1.4199999570846558,4049,0.0,0.0
2024-06-03 14:30:00-04:00,1.4249999523162842,1.4299999475479126,1.4249999523162842,1.4299999475479126,674,0.0,0.0
2024-06-03 15:30:00-04:00,1.4299999475479126,1.4700000286102295,1.4299999475479126,1.4700000286102295,8372,0.0,0.0
2024-06-04 09:30:00-04:00,1.4500000476837158,1.4700000286102295,1.4199999570846558,1.4600000381469727,5765,0.0,0.0
2024-06-04 10:30:00-04:00,1.4299999475479126,1.4299999475479126,1.4249999523162842,1.4249999523162842,531,0.0,0.0
2024-06-04 11:30:00-04:00,1.4199999570846558,1.4249999523162842,1.3899999856948853,1.4199999570846558,12308,0.0,0.0
2024-06-04 13:30:00-04:00,1.4299999475479126,1.4299999475479126,1.4299999475479126,1.4299999475479126,200,0.0,0.0
2024-06-04 14:30:00-04:00,1.409999966621399,1.409999966621399,1.399999976158142,1.399999976158142,976,0.0,0.0
2024-06-05 10:30:00-04:00,1.4013999700546265,1.4013999700546265,1.4013999700546265,1.4013999700546265,1051,0.0,0.0
2024-06-05 11:30:00-04:00,1.3849999904632568,1.3899999856948853,1.3734999895095825,1.3899999856948853,4993,0.0,0.0
2024-06-05 12:30:00-04:00,1.3899999856948853,1.3899999856948853,1.3899999856948853,1.3899999856948853,1067,0.0,0.0
2024-06-05 14:30:00-04:00,1.3899999856948853,1.3899999856948853,1.3799999952316284,1.3899999856948853,742,0.0,0.0
2024-06-05 15:30:00-04:00,1.3896000385284424,1.3896000385284424,1.3799999952316284,1.3799999952316284,605,0.0,0.0
2024-06-06 09:30:00-04:00,1.399999976158142,1.399999976158142,1.399999976158142,1.399999976158142,1086,0.0,0.0
2024-06-06 11:30:00-04:00,1.3502999544143677,1.3502999544143677,1.3502999544143677,1.3502999544143677,2265,0.0,0.0
2024-06-06 14:30:00-04:00,1.375,1.4299999475479126,1.375,1.4299999475479126,11074,0.0,0.0
2024-06-06 15:30:00-04:00,1.3799999952316284,1.399999976158142,1.3799999952316284,1.399999976158142,0,0.0,0.0
2024-06-07 09:30:00-04:00,1.3799999952316284,1.3799999952316284,1.3799999952316284,1.3799999952316284,636,0.0,0.0
2024-06-07 12:30:00-04:00,1.3700000047683716,1.3700000047683716,1.3700000047683716,1.3700000047683716,247,0.0,0.0
2024-06-07 13:30:00-04:00,1.3700000047683716,1.3700000047683716,1.3600000143051147,1.3600000143051147,2642,0.0,0.0
2024-06-07 14:30:00-04:00,1.3600000143051147,1.3700000047683716,1.3600000143051147,1.3700000047683716,1668,0.0,0.0
2024-06-10 09:30:00-04:00,1.3700000047683716,1.3700000047683716,1.3401000499725342,1.350000023841858,2732,0.0,0.0
2024-06-10 11:30:00-04:00,1.340000033378601,1.3401000499725342,1.340000033378601,1.340000033378601,3844,0.0,0.0
2024-06-10 12:30:00-04:00,1.340000033378601,1.350000023841858,1.3300000429153442,1.3300000429153442,2510,0.0,0.0
2024-06-10 13:30:00-04:00,1.3300000429153442,1.340000033378601,1.3300000429153442,1.3350000381469727,1022,0.0,0.0
2024-06-10 14:30:00-04:00,1.3300000429153442,1.3346999883651733,1.3200000524520874,1.3300000429153442,6608,0.0,0.0
2024-06-10 15:30:00-04:00,1.340000033378601,1.350000023841858,1.3336000442504883,1.3336000442504883,1956,0.0,0.0
2024-06-11 09:30:00-04:00,1.340000033378601,1.340000033378601,1.3250000476837158,1.3300000429153442,1182,0.0,0.0
2024-06-11 10:30:00-04:00,1.3401000499725342,1.340499997138977,1.3200000524520874,1.320099949836731,9747,0.0,0.0
2024-06-11 11:30:00-04:00,1.3300000429153442,1.3300000429153442,1.3300000429153442,1.3300000429153442,1060,0.0,0.0
2024-06-11 12:30:00-04:00,1.3200000524520874,1.340000033378601,1.3200000524520874,1.3200000524520874,3942,0.0,0.0
2024-06-11 14:30:00-04:00,1.3300000429153442,1.340000033378601,1.309999942779541,1.340000033378601,6484,0.0,0.0
2024-06-11 15:30:00-04:00,1.340000033378601,1.340000033378601,1.340000033378601,1.340000033378601,1248,0.0,0.0
2024-06-12 09:30:00-04:00,1.3899999856948853,1.399999976158142,1.3700000047683716,1.3700000047683716,3232,0.0,0.0
2024-06-12 14:30:00-04:00,1.3717999458312988,1.3717999458312988,1.3717999458312988,1.3717999458312988,1952,0.0,0.0
2024-06-12 15:30:00-04:00,1.3650000095367432,1.3700000047683716,1.3650000095367432,1.3700000047683716,1351,0.0,0.0
2024-06-13 09:30:00-04:00,1.350000023841858,1.3849999904632568,1.340000033378601,1.3799999952316284,2664,0.0,0.0
2024-06-13 10:30:00-04:00,1.3799999952316284,1.3799999952316284,1.350000023841858,1.3700000047683716,1145,0.0,0.0
2024-06-13 11:30:00-04:00,1.399999976158142,1.399999976158142,1.399999976158142,1.399999976158142,1283,0.0,0.0
2024-06-13 12:30:00-04:00,1.3600000143051147,1.3600000143051147,1.3600000143051147,1.3600000143051147,302,0.0,0.0
2024-06-13 13:30:00-04:00,1.3600000143051147,1.3700000047683716,1.3600000143051147,1.3700000047683716,415,0.0,0.0
2024-06-13 14:30:00-04:00,1.3799999952316284,1.3899999856948853,1.3799999952316284,1.3899999856948853,462,0.0,0.0
2024-06-13 15:30:00-04:00,1.3899999856948853,1.3899999856948853,1.3700000047683716,1.3700000047683716,716,0.0,0.0
2024-06-14 12:30:00-04:00,1.350000023841858,1.3600000143051147,1.350000023841858,1.3600000143051147,699,0.0,0.0
2024-06-14 13:30:00-04:00,1.341599941253662,1.3450000286102295,1.3200000524520874,1.340000033378601,6148,0.0,0.0
2024-06-14 14:30:00-04:00,1.350000023841858,1.350000023841858,1.350000023841858,1.350000023841858,458,0.0,0.0
2024-06-14 15:30:00-04:00,1.3600000143051147,1.3600000143051147,1.350000023841858,1.3600000143051147,1129,0.0,0.0
2024-06-17 09:30:00-04:00,1.3200000524520874,1.350000023841858,1.3200000524520874,1.329300045967102,1824,0.0,0.0
2024-06-17 10:30:00-04:00,1.3600000143051147,1.3600000143051147,1.350000023841858,1.350000023841858,250,0.0,0.0
2024-06-17 11:30:00-04:00,1.3450000286102295,1.350000023841858,1.340000033378601,1.350000023841858,508,0.0,0.0
2024-06-17 12:30:00-04:00,1.340000033378601,1.340000033378601,1.340000033378601,1.340000033378601,499,0.0,0.0
2024-06-17 13:30:00-04:00,1.350000023841858,1.3700000047683716,1.350000023841858,1.3600000143051147,1200,0.0,0.0
2024-06-17 14:30:00-04:00,1.3700000047683716,1.3700000047683716,1.3200000524520874,1.3317999839782715,5407,0.0,0.0
2024-06-17 15:30:00-04:00,1.350000023841858,1.350000023841858,1.350000023841858,1.350000023841858,606,0.0,0.0
2024-06-18 09:30:00-04:00,1.3700000047683716,1.3799999952316284,1.3700000047683716,1.3700000047683716,816,0.0,0.0
2024-06-18 11:30:00-04:00,1.3600000143051147,1.3600000143051147,1.3600000143051147,1.3600000143051147,174,0.0,0.0
2024-06-18 12:30:00-04:00,1.340000033378601,1.340000033378601,1.309999942779541,1.340000033378601,9057,0.0,0.0
2024-06-18 13:30:00-04:00,1.3300000429153442,1.3300000429153442,1.3300000429153442,1.3300000429153442,316,0.0,0.0
2024-06-18 15:30:00-04:00,1.309999942779541,1.3300000429153442,1.309999942779541,1.309999942779541,5218,0.0,0.0
2024-06-20 09:30:00-04:00,1.350000023841858,1.3568999767303467,1.309999942779541,1.309999942779541,11498,0.0,0.0
2024-06-20 10:30:00-04:00,1.309999942779541,1.309999942779541,1.2930999994277954,1.3049999475479126,7993,0.0,0.0
2024-06-20 11:30:00-04:00,1.2999999523162842,1.2999999523162842,1.2799999713897705,1.2899999618530273,3257,0.0,0.0
2024-06-20 12:30:00-04:00,1.2899999618530273,1.2899999618530273,1.285599946975708,1.285599946975708,1253,0.0,0.0
2024-06-20 13:30:00-04:00,1.2999999523162842,1.2999999523162842,1.2899999618530273,1.2899999618530273,724,0.0,0.0
2024-06-20 14:30:00-04:00,1.2899999618530273,1.2949999570846558,1.2799999713897705,1.2949999570846558,4143,0.0,0.0
2024-06-20 15:30:00-04:00,1.2999999523162842,1.2999999523162842,1.2899999618530273,1.2999999523162842,2451,0.0,0.0
2024-06-21 09:30:00-04:00,1.302299976348877,1.3700000047683716,1.3000999689102173,1.3350000381469727,6589,0.0,0.0
2024-06-21 10:30:00-04:00,1.3300000429153442,1.3300000429153442,1.309999942779541,1.3200000524520874,1733,0.0,0.0
2024-06-21 11:30:00-04:00,1.309999942779541,1.309999942779541,1.3066999912261963,1.309999942779541,1883,0.0,0.0
2024-06-21 13:30:00-04:00,1.309999942779541,1.309999942779541,1.2999999523162842,1.2999999523162842,1179,0.0,0.0
2024-06-21 14:30:00-04:00,1.2949999570846558,1.2999999523162842,1.2818000316619873,1.2999999523162842,3336,0.0,0.0
2024-06-21 15:30:00-04:00,1.309999942779541,1.4010000228881836,1.309999942779541,1.3799999952316284,52650,0.0,0.0
2024-06-24 09:30:00-04:00,1.440000057220459,1.440000057220459,1.3703999519348145,1.3899999856948853,11788,0.0,0.0
2024-06-24 10:30:00-04:00,1.3701000213623047,1.3701000213623047,1.3701000213623047,1.3701000213623047,1349,0.0,0.0
2024-06-24 11:30:00-04:00,1.3839999437332153,1.3839999437332153,1.3839999437332153,1.3839999437332153,931,0.0,0.0
2024-06-24 12:30:00-04:00,1.3949999809265137,1.3949999809265137,1.3802000284194946,1.3802000284194946,263,0.0,0.0
2024-06-24 13:30:00-04:00,1.3799999952316284,1.409999966621399,1.3799999952316284,1.399999976158142,5619,0.0,0.0
2024-06-24 14:30:00-04:00,1.4299999475479126,1.440000057220459,1.4199999570846558,1.4199999570846558,8857,0.0,0.0
2024-06-24 15:30:00-04:00,1.4199999570846558,1.4500000476837158,1.3799999952316284,1.3899999856948853,14685,0.0,0.0
2024-06-25 09:30:00-04:00,1.409999966621399,1.4199999570846558,1.4049999713897705,1.4199999570846558,2635,0.0,0.0
2024-06-25 10:30:00-04:00,1.4150999784469604,1.4299999475479126,1.4110000133514404,1.4110000133514404,2086,0.0,0.0
2024-06-25 11:30:00-04:00,1.4158999919891357,1.4199999570846558,1.4151999950408936,1.4151999950408936,2417,0.0,0.0
2024-06-25 12:30:00-04:00,1.4213999509811401,1.4299999475479126,1.409999966621399,1.4299999475479126,3805,0.0,0.0
2024-06-25 13:30:00-04:00,1.440000057220459,1.440000057220459,1.3961999416351318,1.3961999416351318,4154,0.0,0.0
2024-06-25 14:30:00-04:00,1.4199999570846558,1.440000057220459,1.4199999570846558,1.440000057220459,8501,0.0,0.0
2024-06-25 15:30:00-04:00,1.440000057220459,1.440000057220459,1.4299999475479126,1.4299999475479126,12996,0.0,0.0
2024-06-26 09:30:00-04:00,1.440000057220459,1.440000057220459,1.3799999952316284,1.440000057220459,0,0.0,0.0
2024-06-26 10:30:00-04:00,1.399999976158142,1.4500000476837158,1.3899999856948853,1.4500000476837158,8061,0.0,0.0
2024-06-26 14:30:00-04:00,1.409999966621399,1.440000057220459,1.399999976158142,1.440000057220459,27281,0.0,0.0
2024-06-26 15:30:00-04:00,1.440000057220459,1.440000057220459,1.4299999475479126,1.440000057220459,47277,0.0,0.0
2024-06-27 09:30:00-04:00,1.409999966621399,1.409999966621399,1.409999966621399,1.409999966621399,2019,0.0,0.0
2024-06-27 10:30:00-04:00,1.409999966621399,1.4199999570846558,1.409999966621399,1.4199999570846558,801,0.0,0.0
2024-06-27 11:30:00-04:00,1.434999942779541,1.434999942779541,1.434999942779541,1.434999942779541,133,0.0,0.0
2024-06-27 12:30:00-04:00,1.4397000074386597,1.440000057220459,1.4299999475479126,1.440000057220459,2012,0.0,0.0
2024-06-27 13:30:00-04:00,1.4500000476837158,1.4500000476837158,1.4399000406265259,1.4399000406265259,2913,0.0,0.0
2024-06-27 14:30:00-04:00,1.4199999570846558,1.4199999570846558,1.4199999570846558,1.4199999570846558,981,0.0,0.0
2024-06-28 09:30:00-04:00,1.409999966621399,1.409999966621399,1.3899999856948853,1.3899999856948853,2243,0.0,0.0
2024-06-28 10:30:00-04:00,1.3801000118255615,1.3801000118255615,1.3801000118255615,1.3801000118255615,727,0.0,0.0
2024-06-28 13:30:00-04:00,1.4270000457763672,1.4270000457763672,1.4049999713897705,1.4049999713897705,1109,0.0,0.0
2024-06-28 14:30:00-04:00,1.4049999713897705,1.4049999713897705,1.4049999713897705,1.4049999713897705,349,0.0,0.0
2024-06-28 15:30:00-04:00,1.4299999475479126,1.440000057220459,1.4299999475479126,1.437999963760376,2053,0.0,0.0
2024-07-01 09:30:00-04:00,1.4600000381469727,1.4700000286102295,1.4600000381469727,1.4700000286102295,963,0.0,0.0
2024-07-01 10:30:00-04:00,1.434999942779541,1.434999942779541,1.434999942779541,1.434999942779541,686,0.0,0.0
2024-07-01 11:30:00-04:00,1.4098000526428223,1.440000057220459,1.4098000526428223,1.4278000593185425,1247,0.0,0.0
2024-07-01 13:30:00-04:00,1.42330002784729,1.42330002784729,1.42330002784729,1.42330002784729,602,0.0,0.0
2024-07-01 14:30:00-04:00,1.4141000509262085,1.4141000509262085,1.4141000509262085,1.4141000509262085,435,0.0,0.0
2024-07-02 09:30:00-04:00,1.409999966621399,1.410099983215332,1.409999966621399,1.410099983215332,2935,0.0,0.0
2024-07-02 10:30:00-04:00,1.4299999475479126,1.440000057220459,1.4199999570846558,1.440000057220459,2733,0.0,0.0
2024-07-02 13:30:00-04:00,1.399999976158142,1.4199999570846558,1.399999976158142,1.4199999570846558,1943,0.0,0.0
2024-07-02 14:30:00-04:00,1.4048000574111938,1.4048000574111938,1.4048000574111938,1.4048000574111938,697,0.0,0.0
2024-07-02 15:30:00-04:00,1.399999976158142,1.399999976158142,1.399999976158142,1.399999976158142,452,0.0,0.0
2024-07-03 09:30:00-04:00,1.440000057220459,1.440000057220459,1.436400055885315,1.436400055885315,530,0.0,0.0
2024-07-03 11:30:00-04:00,1.4018000364303589,1.4149999618530273,1.4018000364303589,1.4149999618530273,1467,0.0,0.0
2024-07-05 09:30:00-04:00,1.3899999856948853,1.440000057220459,1.3799999952316284,1.3799999952316284,10980,0.0,0.0
2024-07-05 11:30:00-04:00,1.3819999694824219,1.3899999856948853,1.3799999952316284,1.3819999694824219,4783,0.0,0.0
2024-07-05 12:30:00-04:00,1.4199999570846558,1.4299999475479126,1.4199999570846558,1.4299999475479126,222,0.0,0.0
2024-07-05 13:30:00-04:00,1.3899999856948853,1.3899999856948853,1.3899999856948853,1.3899999856948853,127,0.0,0.0
2024-07-05 14:30:00-04:00,1.399999976158142,1.409999966621399,1.3899999856948853,1.409999966621399,5945,0.0,0.0
2024-07-05 15:30:00-04:00,1.4299999475479126,1.4299999475479126,1.399999976158142,1.409999966621399,536,0.0,0.0
2024-07-08 09:30:00-04:00,1.3899999856948853,1.399999976158142,1.3899999856948853,1.399999976158142,358,0.0,0.0
2024-07-08 11:30:00-04:00,1.3899999856948853,1.399999976158142,1.3899999856948853,1.399999976158142,533,0.0,0.0
2024-07-08 13:30:00-04:00,1.3991999626159668,1.409999966621399,1.3899999856948853,1.3899999856948853,1045,0.0,0.0
2024-07-08 14:30:00-04:00,1.399999976158142,1.399999976158142,1.3899999856948853,1.3899999856948853,1208,0.0,0.0
2024-07-08 15:30:00-04:00,1.409999966621399,1.409999966621399,1.399999976158142,1.4049999713897705,700,0.0,0.0
2024-07-09 09:30:00-04:00,1.440000057220459,1.440000057220459,1.3559999465942383,1.3799999952316284,3169,0.0,0.0
2024-07-09 10:30:00-04:00,1.3799999952316284,1.3799999952316284,1.3799999952316284,1.3799999952316284,214,0.0,0.0
2024-07-09 11:30:00-04:00,1.3799999952316284,1.3799999952316284,1.3799999952316284,1.3799999952316284,778,0.0,0.0
2024-07-09 12:30:00-04:00,1.3997999429702759,1.3997999429702759,1.3799999952316284,1.3799999952316284,726,0.0,0.0
2024-07-09 13:30:00-04:00,1.3799999952316284,1.399999976158142,1.3799999952316284,1.399999976158142,1273,0.0,0.0
2024-07-09 14:30:00-04:00,1.3990000486373901,1.399899959564209,1.3990000486373901,1.399899959564209,1739,0.0,0.0
2024-07-10 09:30:00-04:00,1.4199999570846558,1.4199999570846558,1.4013999700546265,1.4013999700546265,12137,0.0,0.0
2024-07-10 10:30:00-04:00,1.409500002861023,1.4299999475479126,1.399999976158142,1.399999976158142,5843,0.0,0.0
2024-07-10 11:30:00-04:00,1.4199999570846558,1.4199999570846558,1.4172999858856201,1.4172999858856201,810,0.0,0.0
2024-07-10 13:30:00-04:00,1.409999966621399,1.409999966621399,1.3919999599456787,1.3919999599456787,315,0.0,0.0
2024-07-10 14:30:00-04:00,1.399999976158142,1.399999976158142,1.399999976158142,1.399999976158142,62,0.0,0.0
2024-07-10 15:30:00-04:00,1.399999976158142,1.399999976158142,1.3700000047683716,1.3700000047683716,2036,0.0,0.0
2024-07-11 09:30:00-04:00,1.350000023841858,1.3899999856948853,1.350000023841858,1.3898999691009521,0,0.0,0.0
2024-07-11 10:30:00-04:00,1.3898999691009521,1.3898999691009521,1.3898999691009521,1.3898999691009521,0,0.0,0.0
2024-07-11 11:30:00-04:00,1.3717999458312988,1.409999966621399,1.3700000047683716,1.409999966621399,5693,0.0,0.0
2024-07-11 13:30:00-04:00,1.3899999856948853,1.3899999856948853,1.3899999856948853,1.3899999856948853,461,0.0,0.0
2024-07-12 09:30:00-04:00,1.440000057220459,1.4600000381469727,1.4285000562667847,1.4285000562667847,1611,0.0,0.0
2024-07-12 10:30:00-04:00,1.3799999952316284,1.3799999952316284,1.3799999952316284,1.3799999952316284,453,0.0,0.0
2024-07-12 12:30:00-04:00,1.399999976158142,1.399999976158142,1.399999976158142,1.399999976158142,877,0.0,0.0
2024-07-12 13:30:00-04:00,1.409999966621399,1.4428999423980713,1.409999966621399,1.4428999423980713,3006,0.0,0.0
2024-07-12 14:30:00-04:00,1.4500000476837158,1.4500000476837158,1.4500000476837158,1.4500000476837158,244,0.0,0.0
2024-07-12 15:30:00-04:00,1.4114999771118164,1.4386999607086182,1.4114999771118164,1.4386999607086182,5001,0.0,0.0
2024-07-15 09:30:00-04:00,1.4700000286102295,1.4700000286102295,1.399999976158142,1.440000057220459,11432,0.0,0.0
2024-07-15 10:30:00-04:00,1.399999976158142,1.409999966621399,1.399999976158142,1.399999976158142,2539,0.0,0.0
2024-07-15 11:30:00-04:00,1.409999966621399,1.440000057220459,1.409999966621399,1.409999966621399,142,0.0,0.0
2024-07-15 12:30:00-04:00,1.4399000406265259,1.4399000406265259,1.4299999475479126,1.4299999475479126,1400,0.0,0.0
2024-07-15 13:30:00-04:00,1.409999966621399,1.4163000583648682,1.409999966621399,1.409999966621399,800,0.0,0.0
2024-07-15 14:30:00-04:00,1.4000999927520752,1.4199999570846558,1.4000999927520752,1.412600040435791,4844,0.0,0.0
2024-07-15 15:30:00-04:00,1.4199999570846558,1.4199999570846558,1.410099983215332,1.4199999570846558,640,0.0,0.0
2024-07-16 09:30:00-04:00,1.399999976158142,1.399999976158142,1.3899999856948853,1.3899999856948853,3402,0.0,0.0
2024-07-16 10:30:00-04:00,1.3903000354766846,1.3903000354766846,1.3903000354766846,1.3903000354766846,174,0.0,0.0
2024-07-16 12:30:00-04:00,1.399999976158142,1.399999976158142,1.3899999856948853,1.3899999856948853,286,0.0,0.0
2024-07-17 09:30:00-04:00,1.3899999856948853,1.3899999856948853,1.3899999856948853,1.3899999856948853,0,0.0,0.0
2024-07-17 10:30:00-04:00,1.3997999429702759,1.3997999429702759,1.3997999429702759,1.3997999429702759,1411,0.0,0.0
2024-07-17 11:30:00-04:00,1.3899999856948853,1.3899999856948853,1.3899999856948853,1.3899999856948853,1859,0.0,0.0
2024-07-17 13:30:00-04:00,1.3799999952316284,1.3799999952316284,1.3799999952316284,1.3799999952316284,565,0.0,0.0
2024-07-18 09:30:00-04:00,1.382099986076355,1.399999976158142,1.382099986076355,1.399999976158142,579,0.0,0.0
2024-07-18 11:30:00-04:00,1.3899999856948853,1.399999976158142,1.3801000118255615,1.3801000118255615,8394,0.0,0.0
2024-07-18 12:30:00-04:00,1.3803000450134277,1.3803000450134277,1.3803000450134277,1.3803000450134277,1183,0.0,0.0
2024-07-19 09:30:00-04:00,1.3799999952316284,1.3799999952316284,1.3300000429153442,1.3650000095367432,2457,0.0,0.0
2024-07-19 10:30:00-04:00,1.3650000095367432,1.3799999952316284,1.3650000095367432,1.3799999952316284,8100,0.0,0.0
2024-07-19 11:30:00-04:00,1.377500057220459,1.377500057220459,1.377500057220459,1.377500057220459,133,0.0,0.0
2024-07-19 12:30:00-04:00,1.3600000143051147,1.3600000143051147,1.3450000286102295,1.350000023841858,6479,0.0,0.0
2024-07-22 09:30:00-04:00,1.3350000381469727,1.350000023841858,1.3350000381469727,1.350000023841858,4761,0.0,0.0
2024-07-22 10:30:00-04:00,1.3401000499725342,1.3401000499725342,1.3401000499725342,1.3401000499725342,552,0.0,0.0
2024-07-22 12:30:00-04:00,1.3407000303268433,1.3407000303268433,1.3407000303268433,1.3407000303268433,4074,0.0,0.0
2024-07-23 09:30:00-04:00,1.3509000539779663,1.3600000143051147,1.3509000539779663,1.3600000143051147,4536,0.0,0.0
2024-07-23 10:30:00-04:00,1.3300000429153442,1.3300000429153442,1.3100999593734741,1.3100999593734741,6191,0.0,0.0
2024-07-23 11:30:00-04:00,1.315000057220459,1.3499000072479248,1.309999942779541,1.3499000072479248,6173,0.0,0.0
2024-07-23 13:30:00-04:00,1.3131999969482422,1.3131999969482422,1.3131999969482422,1.3131999969482422,250,0.0,0.0
2024-07-23 14:30:00-04:00,1.3200000524520874,1.3200000524520874,1.309999942779541,1.309999942779541,949,0.0,0.0
2024-07-23 15:30:00-04:00,1.3200000524520874,1.3200000524520874,1.315000057220459,1.315000057220459,3181,0.0,0.0
2024-07-24 09:30:00-04:00,1.3600000143051147,1.3700000047683716,1.309999942779541,1.309999942779541,2266,0.0,0.0
2024-07-24 12:30:00-04:00,1.3240000009536743,1.3240000009536743,1.309999942779541,1.309999942779541,1614,0.0,0.0
2024-07-24 13:30:00-04:00,1.3200000524520874,1.3250000476837158,1.3200000524520874,1.3250000476837158,691,0.0,0.0
2024-07-24 14:30:00-04:00,1.3200000524520874,1.3200000524520874,1.3200000524520874,1.3200000524520874,1307,0.0,0.0
2024-07-25 12:30:00-04:00,1.3114999532699585,1.3114999532699585,1.3109999895095825,1.3109999895095825,1239,0.0,0.0
2024-07-25 13:30:00-04:00,1.3200000524520874,1.3200000524520874,1.3200000524520874,1.3200000524520874,1316,0.0,0.0
2024-07-26 09:30:00-04:00,1.350000023841858,1.350000023841858,1.2899999618530273,1.2899999618530273,4821,0.0,0.0
2024-07-26 10:30:00-04:00,1.309999942779541,1.309999942779541,1.2900999784469604,1.2900999784469604,2130,0.0,0.0
2024-07-26 11:30:00-04:00,1.309999942779541,1.309999942779541,1.309999942779541,1.309999942779541,0,0.0,0.0
2024-07-26 12:30:00-04:00,1.309999942779541,1.3243999481201172,1.309999942779541,1.3243999481201172,311,0.0,0.0
2024-07-26 13:30:00-04:00,1.305999994277954,1.3300000429153442,1.305999994277954,1.3300000429153442,582,0.0,0.0
2024-07-29 09:30:00-04:00,1.3300000429153442,1.3300000429153442,1.3300000429153442,1.3300000429153442,0,0.0,0.0
2024-07-30 09:30:00-04:00,1.309999942779541,1.3108999729156494,1.309999942779541,1.3108999729156494,0,0.0,0.0
2024-07-30 10:30:00-04:00,1.309999942779541,1.309999942779541,1.309999942779541,1.309999942779541,1174,0.0,0.0
2024-07-30 12:30:00-04:00,1.315000057220459,1.315000057220459,1.315000057220459,1.315000057220459,320,0.0,0.0
2024-07-30 13:30:00-04:00,1.3113000392913818,1.3113000392913818,1.3113000392913818,1.3113000392913818,284,0.0,0.0
2024-07-30 14:30:00-04:00,1.309999942779541,1.309999942779541,1.309999942779541,1.309999942779541,7922,0.0,0.0
2024-07-30 15:30:00-04:00,1.309999942779541,1.3200000524520874,1.309999942779541,1.3200000524520874,2808,0.0,0.0
2024-07-31 09:30:00-04:00,1.3200000524520874,1.3200000524520874,1.3200000524520874,1.3200000524520874,267,0.0,0.0
2024-07-31 10:30:00-04:00,1.309999942779541,1.3200000524520874,1.309999942779541,1.3200000524520874,14174,0.0,0.0
2024-07-31 11:30:00-04:00,1.3200000524520874,1.3300000429153442,1.3200000524520874,1.3300000429153442,26134,0.0,0.0
2024-07-31 12:30:00-04:00,1.3300000429153442,1.3300000429153442,1.3300000429153442,1.3300000429153442,209,0.0,0.0
2024-07-31 13:30:00-04:00,1.340000033378601,1.340000033378601,1.340000033378601,1.340000033378601,1258,0.0,0.0
2024-07-31 14:30:00-04:00,1.3300000429153442,1.3300000429153442,1.3300000429153442,1.3300000429153442,385,0.0,0.0
2024-08-01 12:30:00-04:00,1.3207999467849731,1.3207999467849731,1.3207999467849731,1.3207999467849731,1827,0.0,0.0
2024-08-01 13:30:00-04:00,1.339900016784668,1.339900016784668,1.339900016784668,1.339900016784668,535,0.0,0.0
2024-08-01 15:30:00-04:00,1.320099949836731,1.320099949836731,1.320099949836731,1.320099949836731,382,0.0,0.0
2024-08-02 09:30:00-04:00,1.2999999523162842,1.3209999799728394,1.2999999523162842,1.2999999523162842,0,0.0,0.0
2024-08-02 10:30:00-04:00,1.2999999523162842,1.3040000200271606,1.2999999523162842,1.2999999523162842,0,0.0,0.0
2024-08-02 12:30:00-04:00,1.3049999475479126,1.3049999475479126,1.3000999689102173,1.3009999990463257,12210,0.0,0.0
2024-08-02 13:30:00-04:00,1.3200000524520874,1.3200000524520874,1.2999999523162842,1.3009999990463257,2173,0.0,0.0
2024-08-02 14:30:00-04:00,1.3086999654769897,1.3086999654769897,1.3086999654769897,1.3086999654769897,741,0.0,0.0
2024-08-02 15:30:00-04:00,1.2999999523162842,1.309999942779541,1.2899999618530273,1.2999999523162842,3925,0.0,0.0
2024-08-05 09:30:00-04:00,1.2599999904632568,1.2599999904632568,1.2297999858856201,1.2297999858856201,14294,0.0,0.0
2024-08-05 10:30:00-04:00,1.215000033378601,1.2200000286102295,1.2100000381469727,1.215000033378601,3422,0.0,0.0
2024-08-05 11:30:00-04:00,1.215000033378601,1.2200000286102295,1.215000033378601,1.2200000286102295,3308,0.0,0.0
2024-08-05 14:30:00-04:00,1.2300000190734863,1.2899999618530273,1.2300000190734863,1.2400000095367432,9417,0.0,0.0
2024-08-05 15:30:00-04:00,1.225000023841858,1.225000023841858,1.2105000019073486,1.2105000019073486,6592,0.0,0.0
2024-08-06 09:30:00-04:00,1.2400000095367432,1.2400000095367432,1.2000000476837158,1.2000000476837158,8244,0.0,0.0
2024-08-06 10:30:00-04:00,1.2100000381469727,1.2100000381469727,1.2100000381469727,1.2100000381469727,445,0.0,0.0
2024-08-06 11:30:00-04:00,1.2100000381469727,1.2100000381469727,1.2050000429153442,1.2100000381469727,3612,0.0,0.0
2024-08-06 12:30:00-04:00,1.2000000476837158,1.2100000381469727,1.1799999475479126,1.1950000524520874,2896,0.0,0.0
2024-08-06 13:30:00-04:00,1.190000057220459,1.2000000476837158,1.1799999475479126,1.190000057220459,5771,0.0,0.0
2024-08-06 14:30:00-04:00,1.190000057220459,1.190000057220459,1.1699999570846558,1.1699999570846558,5352,0.0,0.0
2024-08-07 09:30:00-04:00,1.2300000190734863,1.2300000190734863,1.190000057220459,1.190000057220459,0,0.0,0.0
2024-08-07 10:30:00-04:00,1.184999942779541,1.184999942779541,1.184999942779541,1.184999942779541,475,0.0,0.0
2024-08-07 11:30:00-04:00,1.180999994277954,1.190000057220459,1.1749999523162842,1.1749999523162842,2883,0.0,0.0
2024-08-07 12:30:00-04:00,1.1699999570846558,1.1699999570846558,1.1699999570846558,1.1699999570846558,306,0.0,0.0
2024-08-07 14:30:00-04:00,1.1700999736785889,1.170699954032898,1.1449999809265137,1.1497999429702759,12260,0.0,0.0
2024-08-07 15:30:00-04:00,1.1497000455856323,1.1497000455856323,1.1497000455856323,1.1497000455856323,456,0.0,0.0
2024-08-08 09:30:00-04:00,1.149999976158142,1.1699999570846558,1.149999976158142,1.1649999618530273,1871,0.0,0.0
2024-08-08 10:30:00-04:00,1.1699999570846558,1.1799999475479126,1.1649999618530273,1.1799999475479126,1637,0.0,0.0
2024-08-08 11:30:00-04:00,1.1619000434875488,1.1619000434875488,1.1619000434875488,1.1619000434875488,31,0.0,0.0
2024-08-08 12:30:00-04:00,1.1687999963760376,1.1799999475479126,1.1604000329971313,1.1799999475479126,3721,0.0,0.0
2024-08-08 13:30:00-04:00,1.1649999618530273,1.1649999618530273,1.1510000228881836,1.1510000228881836,434,0.0,0.0
2024-08-08 14:30:00-04:00,1.1649999618530273,1.1649999618530273,1.1649999618530273,1.1649999618530273,106,0.0,0.0
2024-08-08 15:30:00-04:00,1.1399999856948853,1.1598999500274658,1.1399999856948853,1.1598999500274658,1609,0.0,0.0
2024-08-09 09:30:00-04:00,1.1694999933242798,1.1740000247955322,1.1500999927520752,1.1510000228881836,6862,0.0,0.0
2024-08-09 10:30:00-04:00,1.1608999967575073,1.1608999967575073,1.159999966621399,1.159999966621399,686,0.0,0.0
2024-08-09 11:30:00-04:00,1.149999976158142,1.149999976158142,1.149999976158142,1.149999976158142,400,0.0,0.0
2024-08-09 12:30:00-04:00,1.163599967956543,1.163599967956543,1.162500023841858,1.162500023841858,624,0.0,0.0
2024-08-09 14:30:00-04:00,1.159999966621399,1.159999966621399,1.159999966621399,1.159999966621399,563,0.0,0.0
2024-08-12 09:30:00-04:00,1.159999966621399,1.159999966621399,1.159999966621399,1.159999966621399,177,0.0,0.0
2024-08-12 10:30:00-04:00,1.159999966621399,1.159999966621399,1.1299999952316284,1.1299999952316284,4910,0.0,0.0
2024-08-12 11:30:00-04:00,1.145900011062622,1.145900011062622,1.1399999856948853,1.1399999856948853,1323,0.0,0.0
2024-08-12 12:30:00-04:00,1.149999976158142,1.149999976158142,1.149999976158142,1.149999976158142,181,0.0,0.0
2024-08-12 14:30:00-04:00,1.149999976158142,1.149999976158142,1.1452000141143799,1.149999976158142,2646,0.0,0.0
2024-08-12 15:30:00-04:00,1.1299999952316284,1.1299999952316284,1.1299999952316284,1.1299999952316284,560,0.0,0.0
2024-08-13 09:30:00-04:00,1.159999966621399,1.159999966621399,1.1204999685287476,1.1304999589920044,4094,0.0,0.0
2024-08-13 10:30:00-04:00,1.1399999856948853,1.1399999856948853,1.1399999856948853,1.1399999856948853,1077,0.0,0.0
2024-08-13 13:30:00-04:00,1.1303000450134277,1.1303000450134277,1.1303000450134277,1.1303000450134277,981,0.0,0.0
2024-08-13 15:30:00-04:00,1.1299999952316284,1.1301000118255615,1.1299999952316284,1.1301000118255615,978,0.0,0.0
2024-08-15 09:30:00-04:00,1.149999976158142,1.1799999475479126,1.149999976158142,1.1500999927520752,952,0.0,0.0
2024-08-15 11:30:00-04:00,1.159999966621399,1.159999966621399,1.159999966621399,1.159999966621399,2287,0.0,0.0
2024-08-15 12:30:00-04:00,1.159999966621399,1.159999966621399,1.159999966621399,1.159999966621399,426,0.0,0.0
2024-08-15 13:30:00-04:00,1.1799999475479126,1.1799999475479126,1.1799999475479126,1.1799999475479126,416,0.0,0.0
2024-08-15 15:30:00-04:00,1.1699999570846558,1.1699999570846558,1.1699999570846558,1.1699999570846558,179,0.0,0.0
2024-08-16 10:30:00-04:00,1.169100046157837,1.1699999570846558,1.1299999952316284,1.1549999713897705,9994,0.0,0.0
2024-08-16 11:30:00-04:00,1.1446000337600708,1.1549999713897705,1.1446000337600708,1.1549999713897705,650,0.0,0.0
2024-08-16 12:30:00-04:00,1.1399999856948853,1.1549999713897705,1.1399999856948853,1.1549999713897705,547,0.0,0.0
2024-08-16 13:30:00-04:00,1.1399999856948853,1.149999976158142,1.1399999856948853,1.149999976158142,714,0.0,0.0
2024-08-16 15:30:00-04:00,1.1399999856948853,1.149999976158142,1.1399999856948853,1.149999976158142,754,0.0,0.0
2024-08-19 09:30:00-04:00,1.184999942779541,1.2000000476837158,1.184999942779541,1.190000057220459,3089,0.0,0.0
2024-08-19 10:30:00-04:00,1.170300006866455,1.170300006866455,1.170300006866455,1.170300006866455,1245,0.0,0.0
2024-08-19 12:30:00-04:00,1.190000057220459,1.190000057220459,1.190000057220459,1.190000057220459,159,0.0,0.0
2024-08-19 13:30:00-04:00,1.190000057220459,1.2000000476837158,1.190000057220459,1.2000000476837158,1143,0.0,0.0
2024-08-19 14:30:00-04:00,1.2100000381469727,1.2100000381469727,1.2100000381469727,1.2100000381469727,995,0.0,0.0
2024-08-19 15:30:00-04:00,1.1700999736785889,1.1700999736785889,1.1700999736785889,1.1700999736785889,2410,0.0,0.0
2024-08-20 09:30:00-04:00,1.1699999570846558,1.2350000143051147,1.1699999570846558,1.2350000143051147,0,0.0,0.0
2024-08-20 10:30:00-04:00,1.2101000547409058,1.2300000190734863,1.2101000547409058,1.2300000190734863,8184,0.0,0.0
2024-08-20 11:30:00-04:00,1.236299991607666,1.236299991607666,1.236299991607666,1.236299991607666,1912,0.0,0.0
2024-08-20 15:30:00-04:00,1.225000023841858,1.225000023841858,1.225000023841858,1.225000023841858,272,0.0,0.0
2024-08-21 09:30:00-04:00,1.1699999570846558,1.1699999570846558,1.149999976158142,1.159999966621399,6755,0.0,0.0
2024-08-21 10:30:00-04:00,1.2275999784469604,1.2275999784469604,1.2275999784469604,1.2275999784469604,2343,0.0,0.0
2024-08-21 13:30:00-04:00,1.2000000476837158,1.215000033378601,1.2000000476837158,1.215000033378601,541,0.0,0.0
2024-08-21 14:30:00-04:00,1.2100000381469727,1.2100000381469727,1.2100000381469727,1.2100000381469727,1796,0.0,0.0
2024-08-21 15:30:00-04:00,1.2101000547409058,1.2101000547409058,1.2101000547409058,1.2101000547409058,386,0.0,0.0
2024-08-22 09:30:00-04:00,1.309999942779541,1.309999942779541,1.2401000261306763,1.2401000261306763,1017,0.0,0.0
2024-08-22 10:30:00-04:00,1.2416000366210938,1.2416000366210938,1.2416000366210938,1.2416000366210938,814,0.0,0.0
2024-08-22 12:30:00-04:00,1.2200000286102295,1.2200000286102295,1.2200000286102295,1.2200000286102295,4411,0.0,0.0
2024-08-22 14:30:00-04:00,1.2201000452041626,1.2201000452041626,1.2200000286102295,1.2200000286102295,2135,0.0,0.0
2024-08-23 09:30:00-04:00,1.2000000476837158,1.2000000476837158,1.2000000476837158,1.2000000476837158,2972,0.0,0.0
2024-08-23 13:30:00-04:00,1.2020000219345093,1.2200000286102295,1.2000000476837158,1.215000033378601,2394,0.0,0.0
2024-08-23 15:30:00-04:00,1.2200000286102295,1.2200000286102295,1.2200000286102295,1.2200000286102295,202,0.0,0.0
2024-08-26 09:30:00-04:00,1.25,1.3200000524520874,1.25,1.3200000524520874,34521,0.0,0.0
2024-08-26 10:30:00-04:00,1.2999999523162842,1.3003000020980835,1.2599999904632568,1.2599999904632568,12032,0.0,0.0
2024-08-26 11:30:00-04:00,1.2599999904632568,1.2719000577926636,1.2599999904632568,1.26010000705719,10220,0.0,0.0
2024-08-26 12:30:00-04:00,1.2599999904632568,1.2799999713897705,1.25,1.2699999809265137,8292,0.0,0.0
2024-08-26 13:30:00-04:00,1.2599999904632568,1.2799999713897705,1.25,1.2699999809265137,3524,0.0,0.0
2024-08-26 15:30:00-04:00,1.2691999673843384,1.2799999713897705,1.25,1.2699999809265137,7632,0.0,0.0
2024-08-27 09:30:00-04:00,1.399999976158142,1.4700000286102295,1.399999976158142,1.440000057220459,84194,0.0,0.0
2024-08-27 10:30:00-04:00,1.440000057220459,1.4429999589920044,1.3835999965667725,1.3901000022888184,31706,0.0,0.0
2024-08-27 11:30:00-04:00,1.4199999570846558,1.4700000286102295,1.3899999856948853,1.4700000286102295,7350,0.0,0.0
2024-08-27 12:30:00-04:00,1.4550000429153442,1.4600000381469727,1.4199999570846558,1.4199999570846558,13049,0.0,0.0
2024-08-27 13:30:00-04:00,1.440000057220459,1.4496999979019165,1.440000057220459,1.440000057220459,17042,0.0,0.0
2024-08-27 14:30:00-04:00,1.4479999542236328,1.4493999481201172,1.4400999546051025,1.4450000524520874,6828,0.0,0.0
2024-08-27 15:30:00-04:00,1.4500000476837158,1.4601000547409058,1.440000057220459,1.4600000381469727,12536,0.0,0.0
2024-08-28 09:30:00-04:00,1.4700000286102295,1.4700000286102295,1.3509999513626099,1.3509999513626099,5947,0.0,0.0
2024-08-28 10:30:00-04:00,1.3700000047683716,1.392699956893921,1.3601000308990479,1.3601000308990479,1132,0.0,0.0
2024-08-28 13:30:00-04:00,1.3519999980926514,1.3650000095367432,1.340000033378601,1.3600000143051147,9045,0.0,0.0
2024-08-28 14:30:00-04:00,1.3700000047683716,1.3700000047683716,1.3700000047683716,1.3700000047683716,405,0.0,0.0
2024-08-29 09:30:00-04:00,1.3550000190734863,1.3550000190734863,1.350000023841858,1.350000023841858,38445,0.0,0.0
2024-08-29 12:30:00-04:00,1.3668999671936035,1.3668999671936035,1.3101999759674072,1.3101999759674072,2455,0.0,0.0
2024-08-29 14:30:00-04:00,1.3200000524520874,1.3300000429153442,1.309999942779541,1.309999942779541,2285,0.0,0.0
2024-08-29 15:30:00-04:00,1.31850004196167,1.31850004196167,1.309999942779541,1.309999942779541,844,0.0,0.0
2024-08-30 09:30:00-04:00,1.4199999570846558,1.440000057220459,1.4000999927520752,1.4000999927520752,43724,0.0,0.0
2024-08-30 10:30:00-04:00,1.409999966621399,1.440000057220459,1.409999966621399,1.440000057220459,9144,0.0,0.0
2024-08-30 11:30:00-04:00,1.409999966621399,1.4105000495910645,1.4049999713897705,1.4049999713897705,12954,0.0,0.0
2024-08-30 12:30:00-04:00,1.4098999500274658,1.4600000381469727,1.4005000591278076,1.4550000429153442,22409,0.0,0.0
2024-08-30 13:30:00-04:00,1.465000033378601,1.465000033378601,1.4400999546051025,1.440999984741211,8644,0.0,0.0
2024-08-30 14:30:00-04:00,1.4500000476837158,1.4600000381469727,1.4200999736785889,1.440000057220459,7364,0.0,0.0
2024-08-30 15:30:00-04:00,1.4589999914169312,1.5,1.4539999961853027,1.5,11692,0.0,0.0
2024-09-03 09:30:00-04:00,1.5199999809265137,1.7549999952316284,1.5199999809265137,1.7300000190734863,84895,0.0,0.0
2024-09-03 10:30:00-04:00,1.715000033378601,1.7300000190734863,1.6799999475479126,1.6948000192642212,17384,0.0,0.0
2024-09-03 11:30:00-04:00,1.673799991607666,1.6799999475479126,1.5908000469207764,1.6200000047683716,34252,0.0,0.0
2024-09-03 12:30:00-04:00,1.6100000143051147,1.6200000047683716,1.6100000143051147,1.6200000047683716,666,0.0,0.0
2024-09-03 13:30:00-04:00,1.6298999786376953,1.6298999786376953,1.600000023841858,1.621999979019165,3471,0.0,0.0
2024-09-03 14:30:00-04:00,1.6200000047683716,1.649999976158142,1.6200000047683716,1.6399999856948853,4601,0.0,0.0
2024-09-03 15:30:00-04:00,1.6399999856948853,1.6699999570846558,1.6299999952316284,1.649999976158142,17288,0.0,0.0
2024-09-04 09:30:00-04:00,1.7999999523162842,2.1500000953674316,1.690000057220459,1.7649999856948853,328918,0.0,0.0
2024-09-04 10:30:00-04:00,1.7649999856948853,1.809999942779541,1.6900999546051025,1.7200000286102295,27810,0.0,0.0
2024-09-04 11:30:00-04:00,1.7201000452041626,1.7699999809265137,1.7000000476837158,1.7649999856948853,19633,0.0,0.0
2024-09-04 12:30:00-04:00,1.7699999809265137,1.774999976158142,1.7400000095367432,1.7400000095367432,6577,0.0,0.0
2024-09-04 13:30:00-04:00,1.7400000095367432,1.7699999809265137,1.7400000095367432,1.75,2184,0.0,0.0
2024-09-04 14:30:00-04:00,1.7301000356674194,1.7799999713897705,1.7301000356674194,1.75,15543,0.0,0.0
2024-09-04 15:30:00-04:00,1.7400000095367432,1.7999999523162842,1.7300000190734863,1.7999999523162842,18946,0.0,0.0
2024-09-05 09:30:00-04:00,1.7999999523162842,1.9700000286102295,1.7899999618530273,1.8550000190734863,97766,0.0,0.0
2024-09-05 10:30:00-04:00,1.8600000143051147,1.899999976158142,1.8525999784469604,1.899999976158142,17075,0.0,0.0
2024-09-05 11:30:00-04:00,1.8899999856948853,1.899999976158142,1.8665000200271606,1.899899959564209,24297,0.0,0.0
2024-09-05 12:30:00-04:00,1.8801000118255615,1.8801000118255615,1.7699999809265137,1.7899999618530273,30242,0.0,0.0
2024-09-05 13:30:00-04:00,1.7714999914169312,1.7999999523162842,1.7714999914169312,1.7899999618530273,3285,0.0,0.0
2024-09-05 14:30:00-04:00,1.774999976158142,1.7999000549316406,1.774999976158142,1.7799999713897705,2759,0.0,0.0
2024-09-05 15:30:00-04:00,1.7799999713897705,1.8109999895095825,1.7699999809265137,1.809999942779541,4925,0.0,0.0
2024-09-06 09:30:00-04:00,1.850000023841858,1.9700000286102295,1.850000023841858,1.937000036239624,52475,0.0,0.0
2024-09-06 10:30:00-04:00,1.909999966621399,1.9467999935150146,1.909999966621399,1.940000057220459,20121,0.0,0.0
2024-09-06 11:30:00-04:00,1.940000057220459,1.9900000095367432,1.924399971961975,1.979699969291687,6526,0.0,0.0
2024-09-06 12:30:00-04:00,1.9515000581741333,1.9800000190734863,1.9210000038146973,1.9399000406265259,34169,0.0,0.0
2024-09-06 13:30:00-04:00,1.9299999475479126,1.9700000286102295,1.9199999570846558,1.9199999570846558,7112,0.0,0.0
2024-09-06 14:30:00-04:00,1.940000057220459,1.999899983406067,1.9399000406265259,1.9900000095367432,22238,0.0,0.0
2024-09-06 15:30:00-04:00,1.9900000095367432,2.109999895095825,1.9900000095367432,2.109999895095825,22688,0.0,0.0
2024-09-09 09:30:00-04:00,2.0399999618530273,2.0999999046325684,1.9599000215530396,2.0250000953674316,34445,0.0,0.0
2024-09-09 10:30:00-04:00,2.038800001144409,2.038800001144409,1.9600000381469727,1.9600000381469727,21021,0.0,0.0
2024-09-09 11:30:00-04:00,1.9501999616622925,1.9700000286102295,1.9501999616622925,1.9700000286102295,4751,0.0,0.0
2024-09-09 12:30:00-04:00,1.973099946975708,1.973099946975708,1.9110000133514404,1.9149999618530273,8849,0.0,0.0
2024-09-09 13:30:00-04:00,1.909999966621399,1.909999966621399,1.8681000471115112,1.8681000471115112,18540,0.0,0.0
2024-09-09 14:30:00-04:00,1.8799999952316284,1.8799999952316284,1.8200000524520874,1.8300000429153442,14558,0.0,0.0
2024-09-09 15:30:00-04:00,1.8250000476837158,1.9199999570846558,1.8200000524520874,1.9199999570846558,17303,0.0,0.0
2024-09-10 09:30:00-04:00,1.909999966621399,2.02810001373291,1.909999966621399,1.9622999429702759,13640,0.0,0.0
2024-09-10 10:30:00-04:00,1.9900000095367432,1.9900000095367432,1.9900000095367432,1.9900000095367432,616,0.0,0.0
2024-09-10 11:30:00-04:00,1.9514000415802002,1.9600000381469727,1.9500000476837158,1.9500999450683594,3105,0.0,0.0
2024-09-10 12:30:00-04:00,1.9600000381469727,1.9700000286102295,1.9600000381469727,1.9700000286102295,2509,0.0,0.0
2024-09-10 13:30:00-04:00,1.9700000286102295,1.9700000286102295,1.960800051689148,1.9700000286102295,1501,0.0,0.0
2024-09-10 14:30:00-04:00,1.9600000381469727,1.9700000286102295,1.9500000476837158,1.9700000286102295,1508,0.0,0.0
2024-09-10 15:30:00-04:00,1.9500999450683594,1.9600000381469727,1.9500000476837158,1.9600000381469727,13555,0.0,0.0
2024-09-11 09:30:00-04:00,1.9199999570846558,1.9299999475479126,1.909999966621399,1.9299999475479126,8802,0.0,0.0
2024-09-11 10:30:00-04:00,1.9299999475479126,1.9399000406265259,1.9299999475479126,1.9299999475479126,978,0.0,0.0
2024-09-11 11:30:00-04:00,1.9299999475479126,1.9299999475479126,1.909999966621399,1.9299999475479126,3695,0.0,0.0
2024-09-11 12:30:00-04:00,1.940000057220459,1.940000057220459,1.9257999658584595,1.940000057220459,8627,0.0,0.0
2024-09-11 13:30:00-04:00,1.9200999736785889,1.940000057220459,1.9200999736785889,1.940000057220459,6264,0.0,0.0
2024-09-11 14:30:00-04:00,1.9299999475479126,1.940000057220459,1.9200999736785889,1.934000015258789,6154,0.0,0.0
2024-09-11 15:30:00-04:00,1.9299999475479126,1.9600000381469727,1.9199999570846558,1.9600000381469727,13274,0.0,0.0
2024-09-12 09:30:00-04:00,2.0199999809265137,2.0199999809265137,1.9503999948501587,2.0099000930786133,1418,0.0,0.0
2024-09-12 10:30:00-04:00,1.9221999645233154,1.9221999645233154,1.9221999645233154,1.9221999645233154,355,0.0,0.0
2024-09-12 11:30:00-04:00,1.9600000381469727,1.9600000381469727,1.940000057220459,1.940000057220459,1412,0.0,0.0
2024-09-12 12:30:00-04:00,1.910099983215332,1.9299999475479126,1.910099983215332,1.9299999475479126,912,0.0,0.0
2024-09-12 13:30:00-04:00,1.9299999475479126,1.9299999475479126,1.9199999570846558,1.9199999570846558,704,0.0,0.0
2024-09-12 14:30:00-04:00,1.9299999475479126,1.940000057220459,1.9228999614715576,1.940000057220459,4288,0.0,0.0
2024-09-12 15:30:00-04:00,1.9500000476837158,1.965000033378601,1.9500000476837158,1.965000033378601,2798,0.0,0.0
2024-09-13 09:30:00-04:00,2.009999990463257,2.009999990463257,1.6799999475479126,1.8187999725341797,30564,0.0,0.0
2024-09-13 10:30:00-04:00,1.809999942779541,1.8151999711990356,1.809999942779541,1.809999942779541,2002,0.0,0.0
2024-09-13 11:30:00-04:00,1.8300000429153442,1.8300000429153442,1.809999942779541,1.809999942779541,3151,0.0,0.0
2024-09-13 12:30:00-04:00,1.7799999713897705,1.7999999523162842,1.7799999713897705,1.7999999523162842,0,0.0,0.0
2024-09-13 13:30:00-04:00,1.8087999820709229,1.815000057220459,1.8087999820709229,1.815000057220459,37550,0.0,0.0
2024-09-13 14:30:00-04:00,1.809999942779541,1.815000057220459,1.8000999689102173,1.8000999689102173,1614,0.0,0.0
2024-09-13 15:30:00-04:00,1.7999999523162842,1.8050999641418457,1.7999999523162842,1.8049999475479126,1677,0.0,0.0
2024-09-16 09:30:00-04:00,1.7899999618530273,1.8598999977111816,1.7899999618530273,1.8250000476837158,0,0.0,0.0
2024-09-16 10:30:00-04:00,1.8700000047683716,1.8700000047683716,1.8550000190734863,1.8550000190734863,785,0.0,0.0
2024-09-16 11:30:00-04:00,1.8402999639511108,1.8402999639511108,1.7899999618530273,1.7949999570846558,0,0.0,0.0
2024-09-16 12:30:00-04:00,1.809999942779541,1.809999942779541,1.8020000457763672,1.8020000457763672,6181,0.0,0.0
2024-09-16 13:30:00-04:00,1.7999999523162842,1.7999999523162842,1.7999999523162842,1.7999999523162842,214,0.0,0.0
2024-09-16 14:30:00-04:00,1.8300000429153442,1.8300000429153442,1.819000005722046,1.8200000524520874,1882,0.0,0.0
2024-09-16 15:30:00-04:00,1.8200000524520874,1.8200000524520874,1.7899999618530273,1.7899999618530273,618,0.0,0.0
2024-09-17 09:30:00-04:00,1.7599999904632568,1.7599999904632568,1.649999976158142,1.649999976158142,0,0.0,0.0
2024-09-17 10:30:00-04:00,1.659999966621399,1.6783000230789185,1.649999976158142,1.6612000465393066,15938,0.0,0.0
2024-09-17 11:30:00-04:00,1.684999942779541,1.684999942779541,1.684999942779541,1.684999942779541,625,0.0,0.0
2024-09-17 14:30:00-04:00,1.7065999507904053,1.7065999507904053,1.7065999507904053,1.7065999507904053,424,0.0,0.0
2024-09-17 15:30:00-04:00,1.690000057220459,1.6950000524520874,1.690000057220459,1.6950000524520874,1837,0.0,0.0
2024-09-18 09:30:00-04:00,1.649999976158142,1.679800033569336,1.649999976158142,1.6550999879837036,606,0.0,0.0
2024-09-18 10:30:00-04:00,1.6552000045776367,1.6799999475479126,1.6552000045776367,1.6799999475479126,1012,0.0,0.0
2024-09-18 11:30:00-04:00,1.6799999475479126,1.6799999475479126,1.649999976158142,1.6699999570846558,1484,0.0,0.0
2024-09-18 13:30:00-04:00,1.6699999570846558,1.6699999570846558,1.649999976158142,1.649999976158142,625,0.0,0.0
2024-09-18 14:30:00-04:00,1.649999976158142,1.6649999618530273,1.649999976158142,1.649999976158142,1259,0.0,0.0
2024-09-18 15:30:00-04:00,1.6399999856948853,1.6399999856948853,1.5800000429153442,1.5800000429153442,9551,0.0,0.0
2024-09-19 09:30:00-04:00,1.6399999856948853,1.6799999475479126,1.6399999856948853,1.6649999618530273,4272,0.0,0.0
2024-09-19 10:30:00-04:00,1.6799999475479126,1.6799999475479126,1.6500999927520752,1.6500999927520752,835,0.0,0.0
2024-09-19 11:30:00-04:00,1.6699999570846558,1.6749999523162842,1.6699999570846558,1.6749999523162842,3649,0.0,0.0
2024-09-19 13:30:00-04:00,1.6799999475479126,1.7000000476837158,1.6720000505447388,1.690000057220459,7338,0.0,0.0
2024-09-19 14:30:00-04:00,1.7000000476837158,1.7100000381469727,1.690000057220459,1.690000057220459,1737,0.0,0.0
2024-09-19 15:30:00-04:00,1.690000057220459,1.690000057220459,1.6801999807357788,1.6801999807357788,553,0.0,0.0
2024-09-20 09:30:00-04:00,1.7400000095367432,2.0,1.7400000095367432,1.8250000476837158,15683,0.0,0.0
2024-09-20 10:30:00-04:00,1.8300000429153442,1.8300000429153442,1.8200000524520874,1.8200000524520874,1800,0.0,0.0
2024-09-20 11:30:00-04:00,1.809999942779541,1.809999942779541,1.809999942779541,1.809999942779541,200,0.0,0.0
2024-09-20 12:30:00-04:00,1.8200000524520874,1.8200000524520874,1.8200000524520874,1.8200000524520874,366,0.0,0.0
2024-09-20 13:30:00-04:00,1.840000033378601,1.9199999570846558,1.840000033378601,1.9199999570846558,21337,0.0,0.0
2024-09-20 14:30:00-04:00,1.940000057220459,1.9500000476837158,1.8300000429153442,1.9199999570846558,6794,0.0,0.0
2024-09-20 15:30:00-04:00,1.9149999618530273,1.940000057220459,1.8899999856948853,1.899999976158142,2092,0.0,0.0
2024-09-23 09:30:00-04:00,1.9299999475479126,1.9600000381469727,1.9049999713897705,1.9049999713897705,16200,0.0,0.0
2024-09-23 10:30:00-04:00,1.9097000360488892,1.909999966621399,1.9097000360488892,1.909999966621399,1489,0.0,0.0
2024-09-23 11:30:00-04:00,1.8799999952316284,1.8799999952316284,1.8507000207901,1.8700000047683716,1315,0.0,0.0
2024-09-23 12:30:00-04:00,1.8746000528335571,1.8849999904632568,1.8746000528335571,1.8849999904632568,1863,0.0,0.0
2024-09-23 13:30:00-04:00,1.8899999856948853,1.899999976158142,1.8899999856948853,1.899999976158142,1200,0.0,0.0
2024-09-23 14:30:00-04:00,1.899999976158142,1.899999976158142,1.8899999856948853,1.8899999856948853,722,0.0,0.0
2024-09-23 15:30:00-04:00,1.8899999856948853,1.899899959564209,1.8700000047683716,1.8804999589920044,3316,0.0,0.0
2024-09-24 09:30:00-04:00,1.9299999475479126,2.0,1.9299999475479126,1.9706000089645386,0,0.0,0.0
2024-09-24 11:30:00-04:00,1.9800000190734863,1.9800000190734863,1.9800000190734863,1.9800000190734863,242,0.0,0.0
2024-09-24 12:30:00-04:00,1.9800000190734863,1.9900000095367432,1.9709999561309814,1.975000023841858,12595,0.0,0.0
2024-09-24 13:30:00-04:00,1.9900000095367432,2.0199999809265137,1.9900000095367432,2.0199999809265137,15941,0.0,0.0
2024-09-24 14:30:00-04:00,2.0039000511169434,2.049999952316284,2.0039000511169434,2.0450000762939453,4024,0.0,0.0
2024-09-24 15:30:00-04:00,2.049999952316284,2.065000057220459,2.049999952316284,2.0599000453948975,5360,0.0,0.0
2024-09-25 09:30:00-04:00,2.009999990463257,2.010699987411499,2.009999990463257,2.010699987411499,1759,0.0,0.0
2024-09-25 10:30:00-04:00,2.0250000953674316,2.0299999713897705,2.0199999809265137,2.0199999809265137,3162,0.0,0.0
2024-09-25 12:30:00-04:00,2.0199999809265137,2.0299999713897705,2.0199999809265137,2.0250000953674316,5280,0.0,0.0
2024-09-25 13:30:00-04:00,2.0299999713897705,2.0299999713897705,2.02239990234375,2.0299999713897705,1184,0.0,0.0
2024-09-25 14:30:00-04:00,2.0199999809265137,2.0250000953674316,2.0199999809265137,2.0250000953674316,1051,0.0,0.0
2024-09-25 15:30:00-04:00,2.0199999809265137,2.0250000953674316,2.0199999809265137,2.0250000953674316,1311,0.0,0.0
2024-09-26 09:30:00-04:00,2.0799999237060547,2.0799999237060547,1.9700000286102295,1.9950000047683716,3271,0.0,0.0
2024-09-26 10:30:00-04:00,1.9800000190734863,1.9900000095367432,1.9600000381469727,1.9746999740600586,3321,0.0,0.0
2024-09-26 11:30:00-04:00,1.9199999570846558,1.9199999570846558,1.8907999992370605,1.8907999992370605,1730,0.0,0.0
2024-09-26 12:30:00-04:00,1.8899999856948853,1.909999966621399,1.8899999856948853,1.909999966621399,780,0.0,0.0
2024-09-26 13:30:00-04:00,1.8949999809265137,1.934999942779541,1.8899999856948853,1.899999976158142,1260,0.0,0.0
2024-09-26 14:30:00-04:00,1.9299999475479126,1.9299999475479126,1.8849999904632568,1.899999976158142,3000,0.0,0.0
2024-09-26 15:30:00-04:00,1.8899999856948853,1.8949999809265137,1.8899999856948853,1.8949999809265137,1231,0.0,0.0
2024-09-27 09:30:00-04:00,1.909999966621399,1.909999966621399,1.7513999938964844,1.8020000457763672,1591,0.0,0.0
2024-09-27 10:30:00-04:00,1.98989999294281,1.98989999294281,1.835800051689148,1.98989999294281,2790,0.0,0.0
2024-09-27 14:30:00-04:00,1.8600000143051147,1.8701000213623047,1.8600000143051147,1.8701000213623047,0,0.0,0.0
2024-09-27 15:30:00-04:00,1.9491000175476074,1.9491000175476074,1.8899999856948853,1.8899999856948853,10199,0.0,0.0
2024-09-30 09:30:00-04:00,2.049999952316284,2.0799999237060547,2.000999927520752,2.0299999713897705,17082,0.0,0.0
2024-09-30 10:30:00-04:00,2.0299999713897705,2.0999999046325684,2.0299999713897705,2.0799999237060547,23135,0.0,0.0
2024-09-30 11:30:00-04:00,2.0599000453948975,2.059999942779541,2.0599000453948975,2.059999942779541,665,0.0,0.0
2024-09-30 12:30:00-04:00,2.049999952316284,2.049999952316284,2.049999952316284,2.049999952316284,255,0.0,0.0
2024-09-30 13:30:00-04:00,2.0241000652313232,2.069999933242798,2.0241000652313232,2.069999933242798,3393,0.0,0.0
2024-09-30 14:30:00-04:00,2.069999933242798,2.0799999237060547,2.061199903488159,2.0799999237060547,1321,0.0,0.0
2024-09-30 15:30:00-04:00,2.0880000591278076,2.0999999046325684,2.0850000381469727,2.0999999046325684,1745,0.0,0.0
2024-10-01 09:30:00-04:00,2.0999999046325684,2.0999999046325684,2.059999942779541,2.0601000785827637,9483,0.0,0.0
2024-10-01 10:30:00-04:00,2.052000045776367,2.052000045776367,1.9801000356674194,2.0350000858306885,2676,0.0,0.0
2024-10-01 11:30:00-04:00,2.0109000205993652,2.049999952316284,2.0109000205993652,2.049999952316284,1022,0.0,0.0
2024-10-01 12:30:00-04:00,2.0399999618530273,2.0399999618530273,2.0299999713897705,2.0299999713897705,900,0.0,0.0
2024-10-01 13:30:00-04:00,2.039799928665161,2.039799928665161,2.039799928665161,2.039799928665161,0,0.0,0.0
2024-10-02 09:30:00-04:00,2.009999990463257,2.0199999809265137,1.999899983406067,2.015000104904175,0,0.0,0.0
2024-10-02 10:30:00-04:00,2.0299999713897705,2.0299999713897705,2.0299999713897705,2.0299999713897705,390,0.0,0.0
2024-10-02 11:30:00-04:00,2.0699000358581543,2.0699000358581543,2.0299999713897705,2.0299999713897705,428,0.0,0.0
2024-10-02 12:30:00-04:00,2.0504000186920166,2.059999942779541,2.0299999713897705,2.0299999713897705,320,0.0,0.0
2024-10-02 13:30:00-04:00,2.030100107192993,2.0399999618530273,2.0299999713897705,2.0299999713897705,2202,0.0,0.0
2024-10-02 15:30:00-04:00,2.009999990463257,2.0199999809265137,2.009999990463257,2.009999990463257,1133,0.0,0.0
2024-10-03 11:30:00-04:00,1.9900000095367432,1.9900000095367432,1.9900000095367432,1.9900000095367432,362,0.0,0.0
2024-10-03 13:30:00-04:00,1.9729000329971313,1.9729000329971313,1.9729000329971313,1.9729000329971313,673,0.0,0.0
2024-10-04 09:30:00-04:00,2.070199966430664,2.070199966430664,1.9900000095367432,1.9901000261306763,1653,0.0,0.0
2024-10-04 10:30:00-04:00,2.0090999603271484,2.0090999603271484,2.0090999603271484,2.0090999603271484,251,0.0,0.0
2024-10-04 11:30:00-04:00,1.9809999465942383,2.0299999713897705,1.9800000190734863,2.0199999809265137,1021,0.0,0.0
2024-10-04 12:30:00-04:00,2.009999990463257,2.009999990463257,2.0,2.0,2024,0.0,0.0
2024-10-04 13:30:00-04:00,1.9800000190734863,1.9801000356674194,1.9800000190734863,1.9800000190734863,402,0.0,0.0
2024-10-04 14:30:00-04:00,2.029900074005127,2.029900074005127,1.9800000190734863,1.9800000190734863,610,0.0,0.0
2024-10-04 15:30:00-04:00,1.9702999591827393,1.9800000190734863,1.9702999591827393,1.9800000190734863,3019,0.0,0.0
